straat,huisnummer,huisletter,toevoeging,postcode,plaats
Blauwhuisterweg,1,"","",9231AA,Surhuisterveen
Blauwhuisterweg,11,"","",9231AA,Surhuisterveen
Blauwhuisterweg,13,"","",9231AA,Surhuisterveen
Blauwhuisterweg,13,A,"",9231AA,Surhuisterveen
Blauwhuisterweg,13,B,"",9231AA,Surhuisterveen
Blauwhuisterweg,15,"","",9231AA,Surhuisterveen
Blauwhuisterweg,15,A,"",9231AA,Surhuisterveen
Blauwhuisterweg,15,B,"",9231AA,Surhuisterveen
Blauwhuisterweg,17,"","",9231AA,Surhuisterveen
Blauwhuisterweg,19,"","",9231AA,Surhuisterveen
Blauwhuisterweg,19,"","",9231AA,Surhuisterveen
Blauwhuisterweg,19,"","",9231AA,Surhuisterveen
Blauwhuisterweg,21,"","",9231AA,Surhuisterveen
Blauwhuisterweg,23,"","",9231AA,Surhuisterveen
Blauwhuisterweg,3,"","",9231AA,Surhuisterveen
Blauwhuisterweg,5,"","",9231AA,Surhuisterveen
Blauwhuisterweg,5,"","",9231AA,Surhuisterveen
Blauwhuisterweg,5,"","",9231AA,Surhuisterveen
Blauwhuisterweg,5,A,"",9231AA,Surhuisterveen
Blauwhuisterweg,7,"","",9231AA,Surhuisterveen
Blauwhuisterweg,7,A,"",9231AA,Surhuisterveen
Blauwhuisterweg,9,"","",9231AA,Surhuisterveen
Blauwhuisterweg,9,A,"",9231AA,Surhuisterveen
Blauwhuisterweg,25,"","",9231AB,Surhuisterveen
Blauwhuisterweg,25,A,"",9231AB,Surhuisterveen
Blauwhuisterweg,27,"","",9231AB,Surhuisterveen
Blauwhuisterweg,29,"","",9231AB,Surhuisterveen
Blauwhuisterweg,31,"","",9231AB,Surhuisterveen
Blauwhuisterweg,33,"","",9231AB,Surhuisterveen
Blauwhuisterweg,35,"","",9231AB,Surhuisterveen
Blauwhuisterweg,37,"","",9231AB,Surhuisterveen
Blauwhuisterweg,39,"","",9231AB,Surhuisterveen
Blauwhuisterweg,41,"","",9231AB,Surhuisterveen
Blauwhuisterweg,43,"","",9231AB,Surhuisterveen
Blauwhuisterweg,45,"","",9231AB,Surhuisterveen
Blauwhuisterweg,47,"","",9231AB,Surhuisterveen
Blauwhuisterweg,49,"","",9231AB,Surhuisterveen
Blauwhuisterweg,51,"","",9231AB,Surhuisterveen
Blauwhuisterweg,10,"","",9231AC,Surhuisterveen
Blauwhuisterweg,12,"","",9231AC,Surhuisterveen
Blauwhuisterweg,14,"","",9231AC,Surhuisterveen
Blauwhuisterweg,16,"","",9231AC,Surhuisterveen
Blauwhuisterweg,16,"","",9231AC,Surhuisterveen
Blauwhuisterweg,18,"","",9231AC,Surhuisterveen
Blauwhuisterweg,2,"","",9231AC,Surhuisterveen
Blauwhuisterweg,2,A,"",9231AC,Surhuisterveen
Blauwhuisterweg,20,"","",9231AC,Surhuisterveen
Blauwhuisterweg,22,"","",9231AC,Surhuisterveen
Blauwhuisterweg,24,"","",9231AC,Surhuisterveen
Blauwhuisterweg,26,"","",9231AC,Surhuisterveen
Blauwhuisterweg,28,"","",9231AC,Surhuisterveen
Blauwhuisterweg,28,A,"",9231AC,Surhuisterveen
Blauwhuisterweg,30,"","",9231AC,Surhuisterveen
Blauwhuisterweg,32,"","",9231AC,Surhuisterveen
Blauwhuisterweg,4,"","",9231AC,Surhuisterveen
Blauwhuisterweg,6,"","",9231AC,Surhuisterveen
Blauwhuisterweg,8,"","",9231AC,Surhuisterveen
Blauwhuisterweg,8,A,"",9231AC,Surhuisterveen
Blauwhuisterweg,34,"","",9231AD,Surhuisterveen
Blauwhuisterweg,36,"","",9231AD,Surhuisterveen
Blauwhuisterweg,36,A,"",9231AD,Surhuisterveen
Blauwhuisterweg,36,A,"",9231AD,Surhuisterveen
Blauwhuisterweg,36,A,"",9231AD,Surhuisterveen
Blauwhuisterweg,36,A,"",9231AD,Surhuisterveen
Blauwhuisterweg,36,A,"",9231AD,Surhuisterveen
Blauwhuisterweg,38,"","",9231AD,Surhuisterveen
Blauwhuisterweg,38,"","",9231AD,Surhuisterveen
Blauwhuisterweg,38,"","",9231AD,Surhuisterveen
Blauwhuisterweg,40,"","",9231AD,Surhuisterveen
Blauwhuisterweg,42,"","",9231AD,Surhuisterveen
Blauwhuisterweg,44,"","",9231AD,Surhuisterveen
Blauwhuisterweg,44,A,"",9231AD,Surhuisterveen
Blauwhuisterweg,46,"","",9231AD,Surhuisterveen
Blauwhuisterweg,46,A,"",9231AD,Surhuisterveen
Blauwhuisterweg,48,"","",9231AD,Surhuisterveen
Blauwhuisterweg,50,"","",9231AD,Surhuisterveen
Blauwhuisterweg,50,A,"",9231AD,Surhuisterveen
Blauwhuisterweg,52,"","",9231AD,Surhuisterveen
Blauwhuisterweg,54,"","",9231AD,Surhuisterveen
Warreboslaan,1,"","",9231AG,Surhuisterveen
Warreboslaan,11,"","",9231AG,Surhuisterveen
Warreboslaan,13,"","",9231AG,Surhuisterveen
Warreboslaan,15,"","",9231AG,Surhuisterveen
Warreboslaan,15,A,"",9231AG,Surhuisterveen
Warreboslaan,15,B,"",9231AG,Surhuisterveen
Warreboslaan,17,"","",9231AG,Surhuisterveen
Warreboslaan,2,A,"",9231AG,Surhuisterveen
Warreboslaan,3,"","",9231AG,Surhuisterveen
Warreboslaan,3,A,"",9231AG,Surhuisterveen
Warreboslaan,4,B,"",9231AG,Surhuisterveen
Warreboslaan,4,C,"",9231AG,Surhuisterveen
Warreboslaan,4,D,"",9231AG,Surhuisterveen
Warreboslaan,5,"","",9231AG,Surhuisterveen
Warreboslaan,7,"","",9231AG,Surhuisterveen
Warreboslaan,9,"","",9231AG,Surhuisterveen
Warreboslaan,19,"","",9231AH,Surhuisterveen
Warreboslaan,19,A,"",9231AH,Surhuisterveen
Warreboslaan,19,B,"",9231AH,Surhuisterveen
Warreboslaan,19,C,"",9231AH,Surhuisterveen
Warreboslaan,21,"","",9231AH,Surhuisterveen
Warreboslaan,21,A,"",9231AH,Surhuisterveen
Warreboslaan,23,"","",9231AH,Surhuisterveen
Warreboslaan,25,"","",9231AH,Surhuisterveen
Warreboslaan,27,"","",9231AH,Surhuisterveen
Warreboslaan,27,A,"",9231AH,Surhuisterveen
Warreboslaan,29,"","",9231AH,Surhuisterveen
Warreboslaan,29,A,"",9231AH,Surhuisterveen
Warreboslaan,29,C,"",9231AH,Surhuisterveen
Warreboslaan,31,"","",9231AH,Surhuisterveen
Warreboslaan,33,"","",9231AH,Surhuisterveen
Warreboslaan,35,"","",9231AH,Surhuisterveen
Warreboslaan,35,A,"",9231AH,Surhuisterveen
Warreboslaan,39,"","",9231AH,Surhuisterveen
Warreboslaan,41,"","",9231AH,Surhuisterveen
Warreboslaan,43,"","",9231AH,Surhuisterveen
Warreboslaan,45,"","",9231AH,Surhuisterveen
Warreboslaan,47,"","",9231AH,Surhuisterveen
Warreboslaan,51,"","",9231AH,Surhuisterveen
Warreboslaan,10,"","",9231AJ,Surhuisterveen
Warreboslaan,10,A,"",9231AJ,Surhuisterveen
Warreboslaan,12,"","",9231AJ,Surhuisterveen
Warreboslaan,12,"","",9231AJ,Surhuisterveen
Warreboslaan,12,"","",9231AJ,Surhuisterveen
Warreboslaan,12,A,"",9231AJ,Surhuisterveen
Warreboslaan,16,"","",9231AJ,Surhuisterveen
Warreboslaan,18,"","",9231AJ,Surhuisterveen
Warreboslaan,20,"","",9231AJ,Surhuisterveen
Warreboslaan,28,A,"",9231AJ,Surhuisterveen
Warreboslaan,30,"","",9231AJ,Surhuisterveen
Warreboslaan,30,A,"",9231AJ,Surhuisterveen
Warreboslaan,30,B,"",9231AJ,Surhuisterveen
Warreboslaan,32,"","",9231AJ,Surhuisterveen
Warreboslaan,34,"","",9231AJ,Surhuisterveen
Warreboslaan,36,"","",9231AJ,Surhuisterveen
Warreboslaan,36,"","",9231AJ,Surhuisterveen
Warreboslaan,36,"","",9231AJ,Surhuisterveen
Warreboslaan,38,"","",9231AJ,Surhuisterveen
Warreboslaan,6,"","",9231AJ,Surhuisterveen
Warreboslaan,8,"","",9231AJ,Surhuisterveen
Warreboslaan,8,"","",9231AJ,Surhuisterveen
Warreboslaan,8,"","",9231AJ,Surhuisterveen
Warreboslaan,8,A,"",9231AJ,Surhuisterveen
De Ketting,1,"","",9231AK,Surhuisterveen
De Ketting,10,"","",9231AK,Surhuisterveen
De Ketting,11,"","",9231AK,Surhuisterveen
De Ketting,13,"","",9231AK,Surhuisterveen
De Ketting,2,"","",9231AK,Surhuisterveen
De Ketting,2,A,"",9231AK,Surhuisterveen
De Ketting,3,"","",9231AK,Surhuisterveen
De Ketting,4,"","",9231AK,Surhuisterveen
De Ketting,6,"","",9231AK,Surhuisterveen
De Ketting,7,"","",9231AK,Surhuisterveen
Havenstraat,1,"","",9231AP,Surhuisterveen
Havenstraat,10,"","",9231AP,Surhuisterveen
Havenstraat,10,"","",9231AP,Surhuisterveen
Havenstraat,11,"","",9231AP,Surhuisterveen
Havenstraat,11,"","",9231AP,Surhuisterveen
Havenstraat,11,"","",9231AP,Surhuisterveen
Havenstraat,12,"","",9231AP,Surhuisterveen
Havenstraat,2,"","",9231AP,Surhuisterveen
Havenstraat,2,A,"",9231AP,Surhuisterveen
Havenstraat,2,B,"",9231AP,Surhuisterveen
Havenstraat,3,"","",9231AP,Surhuisterveen
Havenstraat,4,"","",9231AP,Surhuisterveen
Havenstraat,4,A,"",9231AP,Surhuisterveen
Havenstraat,5,"","",9231AP,Surhuisterveen
Havenstraat,6,"","",9231AP,Surhuisterveen
Havenstraat,6,A,"",9231AP,Surhuisterveen
Havenstraat,6,A,"",9231AP,Surhuisterveen
Havenstraat,6,A,"",9231AP,Surhuisterveen
Havenstraat,6,C,"",9231AP,Surhuisterveen
Havenstraat,6,C,"",9231AP,Surhuisterveen
Havenstraat,7,"","",9231AP,Surhuisterveen
Havenstraat,8,"","",9231AP,Surhuisterveen
Havenstraat,9,"","",9231AP,Surhuisterveen
Vierhuisterweg,1,"","",9231AR,Surhuisterveen
Vierhuisterweg,1,A,"",9231AR,Surhuisterveen
Vierhuisterweg,10,"","",9231AR,Surhuisterveen
Vierhuisterweg,14,"","",9231AR,Surhuisterveen
Vierhuisterweg,15,"","",9231AR,Surhuisterveen
Vierhuisterweg,16,"","",9231AR,Surhuisterveen
Vierhuisterweg,18,"","",9231AR,Surhuisterveen
Vierhuisterweg,2,A,"",9231AR,Surhuisterveen
Vierhuisterweg,2,B,"",9231AR,Surhuisterveen
Vierhuisterweg,20,"","",9231AR,Surhuisterveen
Vierhuisterweg,22,"","",9231AR,Surhuisterveen
Vierhuisterweg,24,"","",9231AR,Surhuisterveen
Vierhuisterweg,26,"","",9231AR,Surhuisterveen
Vierhuisterweg,26,A,"",9231AR,Surhuisterveen
Vierhuisterweg,26,A,"",9231AR,Surhuisterveen
Vierhuisterweg,26,A,"",9231AR,Surhuisterveen
Vierhuisterweg,26,B,"",9231AR,Surhuisterveen
Vierhuisterweg,26,C,"",9231AR,Surhuisterveen
Vierhuisterweg,26,D,"",9231AR,Surhuisterveen
Vierhuisterweg,26,E,"",9231AR,Surhuisterveen
Vierhuisterweg,26,F,"",9231AR,Surhuisterveen
Vierhuisterweg,26,G,"",9231AR,Surhuisterveen
Vierhuisterweg,26,H,"",9231AR,Surhuisterveen
Vierhuisterweg,26,J,"",9231AR,Surhuisterveen
Vierhuisterweg,26,K,"",9231AR,Surhuisterveen
Vierhuisterweg,28,"","",9231AR,Surhuisterveen
Vierhuisterweg,3,"","",9231AR,Surhuisterveen
Vierhuisterweg,30,"","",9231AR,Surhuisterveen
Vierhuisterweg,32,"","",9231AR,Surhuisterveen
Vierhuisterweg,34,"","",9231AR,Surhuisterveen
Vierhuisterweg,36,"","",9231AR,Surhuisterveen
Vierhuisterweg,4,"","",9231AR,Surhuisterveen
Vierhuisterweg,5,"","",9231AR,Surhuisterveen
Vierhuisterweg,6,"","",9231AR,Surhuisterveen
Vierhuisterweg,7,"","",9231AR,Surhuisterveen
Vierhuisterweg,7,"","",9231AR,Surhuisterveen
Vierhuisterweg,7,"","",9231AR,Surhuisterveen
Vierhuisterweg,7,A,"",9231AR,Surhuisterveen
Vierhuisterweg,8,"","",9231AR,Surhuisterveen
Vierhuisterweg,9,"","",9231AR,Surhuisterveen
Vierhuisterweg,9,A,"",9231AR,Surhuisterveen
Vierhuisterweg,9,B,"",9231AR,Surhuisterveen
Vierhuisterweg,9,C,"",9231AR,Surhuisterveen
Vierhuisterweg,9,D,"",9231AR,Surhuisterveen
Gedempte Vaart,11,"","",9231AS,Surhuisterveen
Gedempte Vaart,11,"","",9231AS,Surhuisterveen
Gedempte Vaart,11,"","",9231AS,Surhuisterveen
Gedempte Vaart,11,"","",9231AS,Surhuisterveen
Gedempte Vaart,11,A,"",9231AS,Surhuisterveen
Gedempte Vaart,11,A,"",9231AS,Surhuisterveen
Gedempte Vaart,11,A,"",9231AS,Surhuisterveen
Gedempte Vaart,13,"","",9231AS,Surhuisterveen
Gedempte Vaart,13,A,"",9231AS,Surhuisterveen
Gedempte Vaart,13,B,"",9231AS,Surhuisterveen
Gedempte Vaart,15,"","",9231AS,Surhuisterveen
Gedempte Vaart,15,"","",9231AS,Surhuisterveen
Gedempte Vaart,15,"","",9231AS,Surhuisterveen
Gedempte Vaart,15,A,"",9231AS,Surhuisterveen
Gedempte Vaart,17,"","",9231AS,Surhuisterveen
Gedempte Vaart,19,"","",9231AS,Surhuisterveen
Gedempte Vaart,21,"","",9231AS,Surhuisterveen
Gedempte Vaart,23,"","",9231AS,Surhuisterveen
Gedempte Vaart,25,"","",9231AS,Surhuisterveen
Gedempte Vaart,27,"","",9231AS,Surhuisterveen
Gedempte Vaart,27,"","",9231AS,Surhuisterveen
Gedempte Vaart,27,"","",9231AS,Surhuisterveen
Gedempte Vaart,27,A,"",9231AS,Surhuisterveen
Gedempte Vaart,27,A,"",9231AS,Surhuisterveen
Gedempte Vaart,29,"","",9231AS,Surhuisterveen
Gedempte Vaart,29,"","",9231AS,Surhuisterveen
Gedempte Vaart,29,"","",9231AS,Surhuisterveen
Gedempte Vaart,29,"","",9231AS,Surhuisterveen
Gedempte Vaart,29,"","",9231AS,Surhuisterveen
Gedempte Vaart,29,A,"",9231AS,Surhuisterveen
Gedempte Vaart,29,A,"",9231AS,Surhuisterveen
Gedempte Vaart,29,A,"",9231AS,Surhuisterveen
Gedempte Vaart,29,A,"",9231AS,Surhuisterveen
Gedempte Vaart,29,B,"",9231AS,Surhuisterveen
Gedempte Vaart,29,B,"",9231AS,Surhuisterveen
Gedempte Vaart,31,"","",9231AS,Surhuisterveen
Gedempte Vaart,33,"","",9231AS,Surhuisterveen
Gedempte Vaart,9,"","",9231AS,Surhuisterveen
Gedempte Vaart,35,"","",9231AT,Surhuisterveen
Gedempte Vaart,35,A,"",9231AT,Surhuisterveen
Gedempte Vaart,35,B,"",9231AT,Surhuisterveen
Gedempte Vaart,35,C,"",9231AT,Surhuisterveen
Gedempte Vaart,39,"","",9231AT,Surhuisterveen
Gedempte Vaart,41,"","",9231AT,Surhuisterveen
Gedempte Vaart,43,"","",9231AT,Surhuisterveen
Gedempte Vaart,45,"","",9231AT,Surhuisterveen
Gedempte Vaart,47,A,"",9231AT,Surhuisterveen
Gedempte Vaart,49,"","",9231AT,Surhuisterveen
Gedempte Vaart,51,"","",9231AT,Surhuisterveen
Gedempte Vaart,55,"","",9231AT,Surhuisterveen
Gedempte Vaart,57,"","",9231AT,Surhuisterveen
Gedempte Vaart,10,"","",9231AV,Surhuisterveen
Gedempte Vaart,12,"","",9231AV,Surhuisterveen
Gedempte Vaart,12,"","",9231AV,Surhuisterveen
Gedempte Vaart,14,"","",9231AV,Surhuisterveen
Gedempte Vaart,2,"","",9231AV,Surhuisterveen
Gedempte Vaart,2,"","",9231AV,Surhuisterveen
Gedempte Vaart,2,A,"",9231AV,Surhuisterveen
Gedempte Vaart,2,A,"",9231AV,Surhuisterveen
Gedempte Vaart,22,"","",9231AV,Surhuisterveen
Gedempte Vaart,24,"","",9231AV,Surhuisterveen
Gedempte Vaart,24,A,"",9231AV,Surhuisterveen
Gedempte Vaart,26,"","",9231AV,Surhuisterveen
Gedempte Vaart,26,A,"",9231AV,Surhuisterveen
Gedempte Vaart,28,"","",9231AV,Surhuisterveen
Gedempte Vaart,30,"","",9231AV,Surhuisterveen
Gedempte Vaart,34,"","",9231AV,Surhuisterveen
Gedempte Vaart,36,"","",9231AV,Surhuisterveen
Gedempte Vaart,36,F,"",9231AV,Surhuisterveen
Gedempte Vaart,38,"","",9231AV,Surhuisterveen
Gedempte Vaart,4,"","",9231AV,Surhuisterveen
Gedempte Vaart,4,A,"",9231AV,Surhuisterveen
Gedempte Vaart,4,B,"",9231AV,Surhuisterveen
Gedempte Vaart,6,"","",9231AV,Surhuisterveen
Gedempte Vaart,6,"","",9231AV,Surhuisterveen
Gedempte Vaart,6,"","",9231AV,Surhuisterveen
Gedempte Vaart,6,A,"",9231AV,Surhuisterveen
Gedempte Vaart,6,A,"",9231AV,Surhuisterveen
Gedempte Vaart,6,A,"",9231AV,Surhuisterveen
Gedempte Vaart,6,A,"",9231AV,Surhuisterveen
Gedempte Vaart,6,B,"",9231AV,Surhuisterveen
Gedempte Vaart,6,B,"",9231AV,Surhuisterveen
Gedempte Vaart,6,B,"",9231AV,Surhuisterveen
Gedempte Vaart,6,B,"",9231AV,Surhuisterveen
Gedempte Vaart,8,"","",9231AV,Surhuisterveen
Gedempte Vaart,8,A,"",9231AV,Surhuisterveen
Gedempte Vaart,8,A,"",9231AV,Surhuisterveen
Gedempte Vaart,40,"","",9231AW,Surhuisterveen
Gedempte Vaart,40,A,"",9231AW,Surhuisterveen
Gedempte Vaart,40,B,"",9231AW,Surhuisterveen
Gedempte Vaart,42,"","",9231AW,Surhuisterveen
Gedempte Vaart,44,"","",9231AW,Surhuisterveen
Gedempte Vaart,44,A,"",9231AW,Surhuisterveen
Gedempte Vaart,46,"","",9231AW,Surhuisterveen
Gedempte Vaart,48,"","",9231AW,Surhuisterveen
Gedempte Vaart,50,"","",9231AW,Surhuisterveen
Gedempte Vaart,50,A,"",9231AW,Surhuisterveen
Gedempte Vaart,54,"","",9231AW,Surhuisterveen
Gedempte Vaart,54,A,"",9231AW,Surhuisterveen
Gedempte Vaart,56,"","",9231AW,Surhuisterveen
Gedempte Vaart,58,"","",9231AW,Surhuisterveen
Gedempte Vaart,60,"","",9231AW,Surhuisterveen
Gedempte Vaart,62,"","",9231AW,Surhuisterveen
Gedempte Vaart,64,"","",9231AW,Surhuisterveen
Gedempte Vaart,68,"","",9231AW,Surhuisterveen
Gedempte Vaart,70,"","",9231AW,Surhuisterveen
Gedempte Vaart,72,"","",9231AW,Surhuisterveen
Gedempte Vaart,76,"","",9231AW,Surhuisterveen
Gedempte Vaart,78,"","",9231AW,Surhuisterveen
Gedempte Vaart,80,"","",9231AX,Surhuisterveen
Gedempte Vaart,82,"","",9231AX,Surhuisterveen
Gedempte Vaart,84,"","",9231AX,Surhuisterveen
Gedempte Vaart,86,"","",9231AX,Surhuisterveen
Gedempte Vaart,88,"","",9231AX,Surhuisterveen
Gedempte Vaart,90,"","",9231AX,Surhuisterveen
Gedempte Vaart,92,"","",9231AX,Surhuisterveen
Gedempte Vaart,94,"","",9231AX,Surhuisterveen
Gedempte Vaart,96,"","",9231AX,Surhuisterveen
Badlaan,15,"","",9231AZ,Surhuisterveen
Badlaan,17,"","",9231AZ,Surhuisterveen
Badlaan,19,"","",9231AZ,Surhuisterveen
Badlaan,21,"","",9231AZ,Surhuisterveen
Badlaan,23,"","",9231AZ,Surhuisterveen
Badlaan,25,"","",9231AZ,Surhuisterveen
Badlaan,3,"","",9231AZ,Surhuisterveen
Badlaan,39,"","",9231AZ,Surhuisterveen
Badlaan,41,"","",9231AZ,Surhuisterveen
Badlaan,5,"","",9231AZ,Surhuisterveen
Badlaan,9,"","",9231AZ,Surhuisterveen
Badlaan,10,"","",9231BA,Surhuisterveen
Badlaan,12,"","",9231BA,Surhuisterveen
Badlaan,14,"","",9231BA,Surhuisterveen
Badlaan,16,"","",9231BA,Surhuisterveen
Badlaan,18,"","",9231BA,Surhuisterveen
Badlaan,2,"","",9231BA,Surhuisterveen
Badlaan,2,A,"",9231BA,Surhuisterveen
Badlaan,2,A,"",9231BA,Surhuisterveen
Badlaan,2,B,"",9231BA,Surhuisterveen
Badlaan,20,"","",9231BA,Surhuisterveen
Badlaan,22,"","",9231BA,Surhuisterveen
Badlaan,24,"","",9231BA,Surhuisterveen
Badlaan,26,"","",9231BA,Surhuisterveen
Badlaan,28,"","",9231BA,Surhuisterveen
Badlaan,30,"","",9231BA,Surhuisterveen
Badlaan,32,"","",9231BA,Surhuisterveen
Badlaan,34,"","",9231BA,Surhuisterveen
Badlaan,36,"","",9231BA,Surhuisterveen
Badlaan,38,"","",9231BA,Surhuisterveen
Badlaan,4,"","",9231BA,Surhuisterveen
Badlaan,6,"","",9231BA,Surhuisterveen
Badlaan,8,"","",9231BA,Surhuisterveen
Zonneweide,1,"","",9231BB,Surhuisterveen
Zonneweide,1,"","",9231BB,Surhuisterveen
Zonneweide,1,"","",9231BB,Surhuisterveen
Zonneweide,1,A,"",9231BB,Surhuisterveen
Zonneweide,1,K,001,9231BB,Surhuisterveen
Zonneweide,1,K,002,9231BB,Surhuisterveen
Zonneweide,1,K,003,9231BB,Surhuisterveen
Zonneweide,1,K,004,9231BB,Surhuisterveen
Zonneweide,1,K,005,9231BB,Surhuisterveen
Zonneweide,1,K,006,9231BB,Surhuisterveen
Zonneweide,1,K,007,9231BB,Surhuisterveen
Zonneweide,1,K,008,9231BB,Surhuisterveen
Zonneweide,1,K,009,9231BB,Surhuisterveen
Zonneweide,1,K,010,9231BB,Surhuisterveen
Zonneweide,1,K,011,9231BB,Surhuisterveen
Zonneweide,1,K,012,9231BB,Surhuisterveen
Zonneweide,1,K,013,9231BB,Surhuisterveen
Zonneweide,1,K,014,9231BB,Surhuisterveen
Zonneweide,1,K,015,9231BB,Surhuisterveen
Zonneweide,1,K,016,9231BB,Surhuisterveen
Zonneweide,1,K,017,9231BB,Surhuisterveen
Zonneweide,1,K,018,9231BB,Surhuisterveen
Zonneweide,1,K,019,9231BB,Surhuisterveen
Zonneweide,1,K,120,9231BB,Surhuisterveen
Zonneweide,1,K,121,9231BB,Surhuisterveen
Zonneweide,1,K,122,9231BB,Surhuisterveen
Zonneweide,1,K,123,9231BB,Surhuisterveen
Zonneweide,1,K,124,9231BB,Surhuisterveen
Zonneweide,1,K,125,9231BB,Surhuisterveen
Zonneweide,1,K,126,9231BB,Surhuisterveen
Zonneweide,1,K,127,9231BB,Surhuisterveen
Zonneweide,1,K,128,9231BB,Surhuisterveen
Zonneweide,1,K,129,9231BB,Surhuisterveen
Zonneweide,1,K,130,9231BB,Surhuisterveen
Zonneweide,1,K,131,9231BB,Surhuisterveen
Zonneweide,1,K,132,9231BB,Surhuisterveen
Zonneweide,1,K,133,9231BB,Surhuisterveen
Zonneweide,1,K,134,9231BB,Surhuisterveen
Zonneweide,1,K,135,9231BB,Surhuisterveen
Zonneweide,1,K,136,9231BB,Surhuisterveen
Zonneweide,1,K,137,9231BB,Surhuisterveen
Zonneweide,1,K,138,9231BB,Surhuisterveen
Zonneweide,1,K,139,9231BB,Surhuisterveen
Zonneweide,1,K,140,9231BB,Surhuisterveen
Zonneweide,1,K,141,9231BB,Surhuisterveen
Zonneweide,1,K,142,9231BB,Surhuisterveen
Zonneweide,1,K,143,9231BB,Surhuisterveen
Zonneweide,1,K,144,9231BB,Surhuisterveen
Zonneweide,1,K,245,9231BB,Surhuisterveen
Zonneweide,1,K,246,9231BB,Surhuisterveen
Zonneweide,1,K,247,9231BB,Surhuisterveen
Zonneweide,1,K,248,9231BB,Surhuisterveen
Zonneweide,1,K,249,9231BB,Surhuisterveen
Zonneweide,1,K,250,9231BB,Surhuisterveen
Zonneweide,1,K,251,9231BB,Surhuisterveen
Zonneweide,1,K,252,9231BB,Surhuisterveen
Zonneweide,1,K,253,9231BB,Surhuisterveen
Zonneweide,1,K,254,9231BB,Surhuisterveen
Zonneweide,1,K,255,9231BB,Surhuisterveen
Zonneweide,1,K,256,9231BB,Surhuisterveen
Zonneweide,1,K,257,9231BB,Surhuisterveen
Zonneweide,1,K,258,9231BB,Surhuisterveen
Zonneweide,1,K,259,9231BB,Surhuisterveen
Zonneweide,1,K,260,9231BB,Surhuisterveen
Zonneweide,1,K,261,9231BB,Surhuisterveen
Zonneweide,1,K,262,9231BB,Surhuisterveen
Zonneweide,1,K,263,9231BB,Surhuisterveen
Zonneweide,1,K,264,9231BB,Surhuisterveen
Zonneweide,1,K,265,9231BB,Surhuisterveen
Zonneweide,1,K,266,9231BB,Surhuisterveen
Zonneweide,1,K,267,9231BB,Surhuisterveen
Zonneweide,1,K,268,9231BB,Surhuisterveen
Zonneweide,1,K,269,9231BB,Surhuisterveen
Zonneweide,1,K,373,9231BB,Surhuisterveen
Zonneweide,1,K,373,9231BB,Surhuisterveen
Zonneweide,1,K,374,9231BB,Surhuisterveen
Zonneweide,1,K,375,9231BB,Surhuisterveen
Zonneweide,1,K,376,9231BB,Surhuisterveen
Zonneweide,1,K,377,9231BB,Surhuisterveen
Zonneweide,1,K,378,9231BB,Surhuisterveen
Zonneweide,1,K,379,9231BB,Surhuisterveen
Zonneweide,1,K,380,9231BB,Surhuisterveen
Zonneweide,1,K,381,9231BB,Surhuisterveen
Zonneweide,1,K,382,9231BB,Surhuisterveen
Zonneweide,1,K,383,9231BB,Surhuisterveen
Zonneweide,1,K,384,9231BB,Surhuisterveen
Zonneweide,1,K,385,9231BB,Surhuisterveen
Zonneweide,1,K,386,9231BB,Surhuisterveen
Zonneweide,1,K,387,9231BB,Surhuisterveen
Zonneweide,10,"","",9231BC,Surhuisterveen
Zonneweide,11,"","",9231BC,Surhuisterveen
Zonneweide,11,A,"",9231BC,Surhuisterveen
Zonneweide,11,B,"",9231BC,Surhuisterveen
Zonneweide,12,"","",9231BC,Surhuisterveen
Zonneweide,13,"","",9231BC,Surhuisterveen
Zonneweide,13,A,"",9231BC,Surhuisterveen
Zonneweide,13,B,"",9231BC,Surhuisterveen
Zonneweide,14,"","",9231BC,Surhuisterveen
Zonneweide,16,"","",9231BC,Surhuisterveen
Zonneweide,17,"","",9231BC,Surhuisterveen
Zonneweide,17,A,"",9231BC,Surhuisterveen
Zonneweide,17,B,"",9231BC,Surhuisterveen
Zonneweide,18,"","",9231BC,Surhuisterveen
Zonneweide,19,"","",9231BC,Surhuisterveen
Zonneweide,19,A,"",9231BC,Surhuisterveen
Zonneweide,19,B,"",9231BC,Surhuisterveen
Zonneweide,20,"","",9231BC,Surhuisterveen
Zonneweide,22,"","",9231BC,Surhuisterveen
Zonneweide,23,A,"",9231BC,Surhuisterveen
Zonneweide,23,A,"",9231BC,Surhuisterveen
Zonneweide,23,B,"",9231BC,Surhuisterveen
Zonneweide,23,B,"",9231BC,Surhuisterveen
Zonneweide,24,"","",9231BC,Surhuisterveen
Zonneweide,25,"",K1,9231BC,Surhuisterveen
Zonneweide,25,"",K2,9231BC,Surhuisterveen
Zonneweide,25,"",K3,9231BC,Surhuisterveen
Zonneweide,25,"",K4,9231BC,Surhuisterveen
Zonneweide,25,"",K5,9231BC,Surhuisterveen
Zonneweide,25,"",K6,9231BC,Surhuisterveen
Zonneweide,25,A,"",9231BC,Surhuisterveen
Zonneweide,25,A,"",9231BC,Surhuisterveen
Zonneweide,25,B,"",9231BC,Surhuisterveen
Zonneweide,25,B,"",9231BC,Surhuisterveen
Zonneweide,26,"","",9231BC,Surhuisterveen
Zonneweide,27,A,"",9231BC,Surhuisterveen
Zonneweide,27,A,"",9231BC,Surhuisterveen
Zonneweide,27,B,"",9231BC,Surhuisterveen
Zonneweide,27,B,"",9231BC,Surhuisterveen
Zonneweide,28,"","",9231BC,Surhuisterveen
Zonneweide,29,"",K1,9231BC,Surhuisterveen
Zonneweide,29,"",K2,9231BC,Surhuisterveen
Zonneweide,29,"",K3,9231BC,Surhuisterveen
Zonneweide,29,"",K4,9231BC,Surhuisterveen
Zonneweide,29,"",K5,9231BC,Surhuisterveen
Zonneweide,29,"",K6,9231BC,Surhuisterveen
Zonneweide,29,A,"",9231BC,Surhuisterveen
Zonneweide,29,A,"",9231BC,Surhuisterveen
Zonneweide,29,B,"",9231BC,Surhuisterveen
Zonneweide,29,B,"",9231BC,Surhuisterveen
Zonneweide,3,"","",9231BC,Surhuisterveen
Zonneweide,3,A,"",9231BC,Surhuisterveen
Zonneweide,3,B,"",9231BC,Surhuisterveen
Zonneweide,30,"","",9231BC,Surhuisterveen
Zonneweide,31,A,"",9231BC,Surhuisterveen
Zonneweide,31,A,"",9231BC,Surhuisterveen
Zonneweide,31,B,"",9231BC,Surhuisterveen
Zonneweide,31,B,"",9231BC,Surhuisterveen
Zonneweide,32,"","",9231BC,Surhuisterveen
Zonneweide,33,"",K1,9231BC,Surhuisterveen
Zonneweide,33,"",K2,9231BC,Surhuisterveen
Zonneweide,33,"",K3,9231BC,Surhuisterveen
Zonneweide,33,"",K4,9231BC,Surhuisterveen
Zonneweide,33,"",K5,9231BC,Surhuisterveen
Zonneweide,33,"",K6,9231BC,Surhuisterveen
Zonneweide,33,A,"",9231BC,Surhuisterveen
Zonneweide,33,A,"",9231BC,Surhuisterveen
Zonneweide,33,B,"",9231BC,Surhuisterveen
Zonneweide,33,B,"",9231BC,Surhuisterveen
Zonneweide,34,"","",9231BC,Surhuisterveen
Zonneweide,35,A,"",9231BC,Surhuisterveen
Zonneweide,35,A,"",9231BC,Surhuisterveen
Zonneweide,35,B,"",9231BC,Surhuisterveen
Zonneweide,35,B,"",9231BC,Surhuisterveen
Zonneweide,36,"","",9231BC,Surhuisterveen
Zonneweide,37,"",K1,9231BC,Surhuisterveen
Zonneweide,37,"",K2,9231BC,Surhuisterveen
Zonneweide,37,"",K3,9231BC,Surhuisterveen
Zonneweide,37,"",K4,9231BC,Surhuisterveen
Zonneweide,37,"",K5,9231BC,Surhuisterveen
Zonneweide,37,"",K6,9231BC,Surhuisterveen
Zonneweide,37,A,"",9231BC,Surhuisterveen
Zonneweide,37,A,"",9231BC,Surhuisterveen
Zonneweide,37,B,"",9231BC,Surhuisterveen
Zonneweide,37,B,"",9231BC,Surhuisterveen
Zonneweide,38,"","",9231BC,Surhuisterveen
Zonneweide,4,"","",9231BC,Surhuisterveen
Zonneweide,40,"","",9231BC,Surhuisterveen
Zonneweide,42,"","",9231BC,Surhuisterveen
Zonneweide,44,"","",9231BC,Surhuisterveen
Zonneweide,46,"","",9231BC,Surhuisterveen
Zonneweide,48,"","",9231BC,Surhuisterveen
Zonneweide,5,"","",9231BC,Surhuisterveen
Zonneweide,5,A,"",9231BC,Surhuisterveen
Zonneweide,5,B,"",9231BC,Surhuisterveen
Zonneweide,50,"","",9231BC,Surhuisterveen
Zonneweide,52,"","",9231BC,Surhuisterveen
Zonneweide,54,"","",9231BC,Surhuisterveen
Zonneweide,56,"","",9231BC,Surhuisterveen
Zonneweide,58,"","",9231BC,Surhuisterveen
Zonneweide,6,"","",9231BC,Surhuisterveen
Zonneweide,60,"","",9231BC,Surhuisterveen
Zonneweide,62,"","",9231BC,Surhuisterveen
Zonneweide,64,"","",9231BC,Surhuisterveen
Zonneweide,66,"","",9231BC,Surhuisterveen
Zonneweide,68,"","",9231BC,Surhuisterveen
Zonneweide,7,"","",9231BC,Surhuisterveen
Zonneweide,7,A,"",9231BC,Surhuisterveen
Zonneweide,7,B,"",9231BC,Surhuisterveen
Zonneweide,70,"","",9231BC,Surhuisterveen
Zonneweide,72,"","",9231BC,Surhuisterveen
Zonneweide,74,"","",9231BC,Surhuisterveen
Zonneweide,76,"","",9231BC,Surhuisterveen
Zonneweide,78,"","",9231BC,Surhuisterveen
Zonneweide,8,"","",9231BC,Surhuisterveen
Zonneweide,80,"","",9231BC,Surhuisterveen
Zonneweide,82,"","",9231BC,Surhuisterveen
Zonneweide,84,"","",9231BC,Surhuisterveen
Zonneweide,86,"","",9231BC,Surhuisterveen
Zonneweide,88,"","",9231BC,Surhuisterveen
Zonneweide,9,"","",9231BC,Surhuisterveen
Zonneweide,9,A,"",9231BC,Surhuisterveen
Zonneweide,9,B,"",9231BC,Surhuisterveen
Zonneweide,90,"","",9231BC,Surhuisterveen
De Wijk,1,"","",9231BD,Surhuisterveen
De Wijk,11,"","",9231BD,Surhuisterveen
De Wijk,13,"","",9231BD,Surhuisterveen
De Wijk,15,"","",9231BD,Surhuisterveen
De Wijk,17,"","",9231BD,Surhuisterveen
De Wijk,19,"","",9231BD,Surhuisterveen
De Wijk,3,"","",9231BD,Surhuisterveen
De Wijk,5,"","",9231BD,Surhuisterveen
De Wijk,7,"","",9231BD,Surhuisterveen
De Wijk,9,"","",9231BD,Surhuisterveen
De Wijk,9,A,"",9231BD,Surhuisterveen
De Wijk,9,B,"",9231BD,Surhuisterveen
Compagnie,10,"","",9231BE,Surhuisterveen
Compagnie,12,"","",9231BE,Surhuisterveen
Compagnie,14,"","",9231BE,Surhuisterveen
Compagnie,16,"","",9231BE,Surhuisterveen
Compagnie,18,"","",9231BE,Surhuisterveen
Compagnie,2,"","",9231BE,Surhuisterveen
Compagnie,20,"","",9231BE,Surhuisterveen
De Wijk,21,"","",9231BE,Surhuisterveen
Compagnie,22,"","",9231BE,Surhuisterveen
De Wijk,23,"","",9231BE,Surhuisterveen
Compagnie,24,"","",9231BE,Surhuisterveen
De Wijk,25,"","",9231BE,Surhuisterveen
Compagnie,26,"","",9231BE,Surhuisterveen
De Wijk,27,"","",9231BE,Surhuisterveen
Compagnie,28,"","",9231BE,Surhuisterveen
De Wijk,29,"","",9231BE,Surhuisterveen
Compagnie,30,"","",9231BE,Surhuisterveen
De Wijk,31,"","",9231BE,Surhuisterveen
Compagnie,32,"","",9231BE,Surhuisterveen
Compagnie,34,"","",9231BE,Surhuisterveen
Compagnie,36,"","",9231BE,Surhuisterveen
Compagnie,4,"","",9231BE,Surhuisterveen
Compagnie,6,"","",9231BE,Surhuisterveen
Compagnie,8,"","",9231BE,Surhuisterveen
De Wijk,10,"","",9231BG,Surhuisterveen
Compagnie,11,"","",9231BG,Surhuisterveen
De Wijk,12,"","",9231BG,Surhuisterveen
Compagnie,13,"","",9231BG,Surhuisterveen
De Wijk,14,"","",9231BG,Surhuisterveen
Compagnie,15,"","",9231BG,Surhuisterveen
De Wijk,16,"","",9231BG,Surhuisterveen
Compagnie,17,"","",9231BG,Surhuisterveen
De Wijk,18,"","",9231BG,Surhuisterveen
Compagnie,19,"","",9231BG,Surhuisterveen
De Wijk,20,"","",9231BG,Surhuisterveen
Compagnie,21,"","",9231BG,Surhuisterveen
De Wijk,22,"","",9231BG,Surhuisterveen
Compagnie,23,"","",9231BG,Surhuisterveen
De Wijk,24,"","",9231BG,Surhuisterveen
Compagnie,25,"","",9231BG,Surhuisterveen
De Wijk,26,"","",9231BG,Surhuisterveen
Compagnie,27,"","",9231BG,Surhuisterveen
Compagnie,29,"","",9231BG,Surhuisterveen
Compagnie,5,"","",9231BG,Surhuisterveen
Compagnie,7,"","",9231BG,Surhuisterveen
Compagnie,9,"","",9231BG,Surhuisterveen
Vermaning,1,"","",9231BH,Surhuisterveen
Vermaning,11,"","",9231BH,Surhuisterveen
Vermaning,13,"","",9231BH,Surhuisterveen
Vermaning,15,"","",9231BH,Surhuisterveen
Vermaning,17,"","",9231BH,Surhuisterveen
Vermaning,19,"","",9231BH,Surhuisterveen
Vermaning,2,"","",9231BH,Surhuisterveen
Vermaning,21,"","",9231BH,Surhuisterveen
Vermaning,23,"","",9231BH,Surhuisterveen
Vermaning,25,"","",9231BH,Surhuisterveen
Vermaning,27,"","",9231BH,Surhuisterveen
Vermaning,29,"","",9231BH,Surhuisterveen
Vermaning,3,"","",9231BH,Surhuisterveen
Vermaning,31,"","",9231BH,Surhuisterveen
Vermaning,33,"","",9231BH,Surhuisterveen
Vermaning,35,"","",9231BH,Surhuisterveen
Vermaning,37,"","",9231BH,Surhuisterveen
Vermaning,39,"","",9231BH,Surhuisterveen
Vermaning,4,"","",9231BH,Surhuisterveen
Vermaning,41,"","",9231BH,Surhuisterveen
Vermaning,43,"","",9231BH,Surhuisterveen
Vermaning,45,"","",9231BH,Surhuisterveen
Vermaning,47,"","",9231BH,Surhuisterveen
Vermaning,49,"","",9231BH,Surhuisterveen
Vermaning,5,"","",9231BH,Surhuisterveen
Vermaning,6,"","",9231BH,Surhuisterveen
Vermaning,7,"","",9231BH,Surhuisterveen
Vermaning,9,"","",9231BH,Surhuisterveen
Bloemkamp,1,"","",9231BJ,Surhuisterveen
Bloemkamp,11,"","",9231BJ,Surhuisterveen
Bloemkamp,13,"","",9231BJ,Surhuisterveen
Bloemkamp,15,"","",9231BJ,Surhuisterveen
Bloemkamp,17,"","",9231BJ,Surhuisterveen
Bloemkamp,19,"","",9231BJ,Surhuisterveen
Bloemkamp,3,"","",9231BJ,Surhuisterveen
Bloemkamp,5,"","",9231BJ,Surhuisterveen
Bloemkamp,7,"","",9231BJ,Surhuisterveen
Bloemkamp,9,"","",9231BJ,Surhuisterveen
Bloemkamp,10,"","",9231BK,Surhuisterveen
Bloemkamp,12,"","",9231BK,Surhuisterveen
Bloemkamp,14,"","",9231BK,Surhuisterveen
Bloemkamp,16,"","",9231BK,Surhuisterveen
Bloemkamp,18,"","",9231BK,Surhuisterveen
Bloemkamp,2,"","",9231BK,Surhuisterveen
Bloemkamp,20,"","",9231BK,Surhuisterveen
Bloemkamp,22,"","",9231BK,Surhuisterveen
Bloemkamp,24,"","",9231BK,Surhuisterveen
Bloemkamp,4,"","",9231BK,Surhuisterveen
Bloemkamp,6,"","",9231BK,Surhuisterveen
Bloemkamp,8,"","",9231BK,Surhuisterveen
De Omloop,1,"","",9231BL,Surhuisterveen
De Omloop,10,"","",9231BL,Surhuisterveen
De Omloop,11,"","",9231BL,Surhuisterveen
De Omloop,12,"","",9231BL,Surhuisterveen
De Omloop,14,"","",9231BL,Surhuisterveen
De Omloop,15,"","",9231BL,Surhuisterveen
De Omloop,16,"","",9231BL,Surhuisterveen
De Omloop,17,"","",9231BL,Surhuisterveen
De Omloop,18,"","",9231BL,Surhuisterveen
De Omloop,2,"",G001,9231BL,Surhuisterveen
De Omloop,2,"",G002,9231BL,Surhuisterveen
De Omloop,2,"",G003,9231BL,Surhuisterveen
De Omloop,2,"",G004,9231BL,Surhuisterveen
De Omloop,2,"",G005,9231BL,Surhuisterveen
De Omloop,2,"",G006,9231BL,Surhuisterveen
De Omloop,2,"",G007,9231BL,Surhuisterveen
De Omloop,2,"",G008,9231BL,Surhuisterveen
De Omloop,21,"","",9231BL,Surhuisterveen
De Omloop,23,"","",9231BL,Surhuisterveen
De Omloop,25,"","",9231BL,Surhuisterveen
De Omloop,27,"","",9231BL,Surhuisterveen
De Omloop,29,"","",9231BL,Surhuisterveen
De Omloop,31,"","",9231BL,Surhuisterveen
De Omloop,4,"","",9231BL,Surhuisterveen
De Omloop,6,"","",9231BL,Surhuisterveen
De Omloop,7,"","",9231BL,Surhuisterveen
De Omloop,8,"","",9231BL,Surhuisterveen
De Omloop,9,"","",9231BL,Surhuisterveen
De Kim,1,"","",9231BM,Surhuisterveen
De Kim,1,"","",9231BM,Surhuisterveen
De Kim,1,"","",9231BM,Surhuisterveen
De Kim,10,"","",9231BM,Surhuisterveen
De Kim,11,"","",9231BM,Surhuisterveen
De Kim,11,"","",9231BM,Surhuisterveen
De Kim,11,"","",9231BM,Surhuisterveen
De Kim,13,"","",9231BM,Surhuisterveen
De Kim,13,"","",9231BM,Surhuisterveen
De Kim,13,"","",9231BM,Surhuisterveen
De Kim,15,"","",9231BM,Surhuisterveen
De Kim,15,"","",9231BM,Surhuisterveen
De Kim,15,"","",9231BM,Surhuisterveen
De Kim,17,"","",9231BM,Surhuisterveen
De Kim,17,"","",9231BM,Surhuisterveen
De Kim,17,"","",9231BM,Surhuisterveen
De Kim,19,"","",9231BM,Surhuisterveen
De Kim,19,"","",9231BM,Surhuisterveen
De Kim,19,"","",9231BM,Surhuisterveen
De Kim,2,"","",9231BM,Surhuisterveen
De Kim,21,"","",9231BM,Surhuisterveen
De Kim,21,"","",9231BM,Surhuisterveen
De Kim,21,"","",9231BM,Surhuisterveen
De Kim,23,"","",9231BM,Surhuisterveen
De Kim,23,"","",9231BM,Surhuisterveen
De Kim,23,"","",9231BM,Surhuisterveen
De Kim,25,"","",9231BM,Surhuisterveen
De Kim,27,"","",9231BM,Surhuisterveen
De Kim,29,"","",9231BM,Surhuisterveen
De Kim,3,"","",9231BM,Surhuisterveen
De Kim,3,"","",9231BM,Surhuisterveen
De Kim,3,"","",9231BM,Surhuisterveen
De Kim,4,"","",9231BM,Surhuisterveen
De Kim,5,"","",9231BM,Surhuisterveen
De Kim,5,"","",9231BM,Surhuisterveen
De Kim,5,"","",9231BM,Surhuisterveen
De Kim,6,"","",9231BM,Surhuisterveen
De Kim,7,"","",9231BM,Surhuisterveen
De Kim,7,"","",9231BM,Surhuisterveen
De Kim,7,"","",9231BM,Surhuisterveen
De Kim,8,"","",9231BM,Surhuisterveen
De Kim,9,"","",9231BM,Surhuisterveen
De Kim,9,"","",9231BM,Surhuisterveen
De Kim,9,"","",9231BM,Surhuisterveen
Zetveld,11,"","",9231BN,Surhuisterveen
Zetveld,13,"","",9231BN,Surhuisterveen
Zetveld,15,"","",9231BN,Surhuisterveen
Zetveld,17,"","",9231BN,Surhuisterveen
Zetveld,19,"","",9231BN,Surhuisterveen
Zetveld,21,"","",9231BN,Surhuisterveen
Zetveld,23,"","",9231BN,Surhuisterveen
Zetveld,25,"","",9231BN,Surhuisterveen
Zetveld,25,"",G001,9231BN,Surhuisterveen
Zetveld,25,"",G002,9231BN,Surhuisterveen
Zetveld,25,"",G003,9231BN,Surhuisterveen
Zetveld,25,"",G004,9231BN,Surhuisterveen
Zetveld,25,"",G005,9231BN,Surhuisterveen
Zetveld,25,"",G006,9231BN,Surhuisterveen
Zetveld,25,"",G007,9231BN,Surhuisterveen
Zetveld,25,"",G008,9231BN,Surhuisterveen
Zetveld,25,"",G009,9231BN,Surhuisterveen
Zetveld,25,"",G010,9231BN,Surhuisterveen
Zetveld,25,"",G011,9231BN,Surhuisterveen
Zetveld,27,"","",9231BN,Surhuisterveen
Zetveld,29,"","",9231BN,Surhuisterveen
Zetveld,3,"","",9231BN,Surhuisterveen
Zetveld,31,"","",9231BN,Surhuisterveen
Zetveld,33,"","",9231BN,Surhuisterveen
Zetveld,35,"","",9231BN,Surhuisterveen
Zetveld,37,"","",9231BN,Surhuisterveen
Zetveld,5,"","",9231BN,Surhuisterveen
Zetveld,7,"","",9231BN,Surhuisterveen
Zetveld,9,"","",9231BN,Surhuisterveen
Zetveld,10,"","",9231BP,Surhuisterveen
Zetveld,10,A,"",9231BP,Surhuisterveen
Zetveld,10,B,"",9231BP,Surhuisterveen
Zetveld,12,"","",9231BP,Surhuisterveen
Zetveld,14,"","",9231BP,Surhuisterveen
Zetveld,16,"","",9231BP,Surhuisterveen
Zetveld,18,"","",9231BP,Surhuisterveen
Zetveld,2,"","",9231BP,Surhuisterveen
Zetveld,20,"","",9231BP,Surhuisterveen
Zetveld,22,"","",9231BP,Surhuisterveen
Zetveld,24,"","",9231BP,Surhuisterveen
Zetveld,26,"","",9231BP,Surhuisterveen
Zetveld,28,"","",9231BP,Surhuisterveen
Zetveld,30,"","",9231BP,Surhuisterveen
Zetveld,32,"","",9231BP,Surhuisterveen
Zetveld,34,"","",9231BP,Surhuisterveen
Zetveld,36,"","",9231BP,Surhuisterveen
Zetveld,4,"","",9231BP,Surhuisterveen
Zetveld,40,"","",9231BP,Surhuisterveen
Zetveld,6,"","",9231BP,Surhuisterveen
Zetveld,8,"","",9231BP,Surhuisterveen
De Kamp,1,"","",9231BR,Surhuisterveen
De Kamp,10,"","",9231BR,Surhuisterveen
De Kamp,11,"","",9231BR,Surhuisterveen
De Kamp,11,"","",9231BR,Surhuisterveen
De Kamp,11,"","",9231BR,Surhuisterveen
De Kamp,12,"","",9231BR,Surhuisterveen
De Kamp,13,"","",9231BR,Surhuisterveen
De Kamp,13,"","",9231BR,Surhuisterveen
De Kamp,13,"","",9231BR,Surhuisterveen
De Kamp,14,"","",9231BR,Surhuisterveen
De Kamp,15,"","",9231BR,Surhuisterveen
De Kamp,15,"","",9231BR,Surhuisterveen
De Kamp,15,"","",9231BR,Surhuisterveen
De Kamp,16,"","",9231BR,Surhuisterveen
De Kamp,17,"","",9231BR,Surhuisterveen
De Kamp,17,"","",9231BR,Surhuisterveen
De Kamp,17,"","",9231BR,Surhuisterveen
De Kamp,19,"","",9231BR,Surhuisterveen
De Kamp,19,"","",9231BR,Surhuisterveen
De Kamp,19,"","",9231BR,Surhuisterveen
De Kamp,2,"","",9231BR,Surhuisterveen
De Kamp,21,"","",9231BR,Surhuisterveen
De Kamp,21,"","",9231BR,Surhuisterveen
De Kamp,21,"","",9231BR,Surhuisterveen
De Kamp,23,"","",9231BR,Surhuisterveen
De Kamp,23,"","",9231BR,Surhuisterveen
De Kamp,23,"","",9231BR,Surhuisterveen
De Kamp,25,"","",9231BR,Surhuisterveen
De Kamp,25,"","",9231BR,Surhuisterveen
De Kamp,25,"","",9231BR,Surhuisterveen
De Kamp,27,"","",9231BR,Surhuisterveen
De Kamp,29,"","",9231BR,Surhuisterveen
De Kamp,3,"","",9231BR,Surhuisterveen
De Kamp,3,"","",9231BR,Surhuisterveen
De Kamp,3,"","",9231BR,Surhuisterveen
De Kamp,31,"","",9231BR,Surhuisterveen
De Kamp,4,"","",9231BR,Surhuisterveen
De Kamp,5,"","",9231BR,Surhuisterveen
De Kamp,5,"","",9231BR,Surhuisterveen
De Kamp,5,"","",9231BR,Surhuisterveen
De Kamp,6,"","",9231BR,Surhuisterveen
De Kamp,7,"","",9231BR,Surhuisterveen
De Kamp,7,"","",9231BR,Surhuisterveen
De Kamp,7,"","",9231BR,Surhuisterveen
De Kamp,8,"","",9231BR,Surhuisterveen
De Kamp,9,"","",9231BR,Surhuisterveen
De Kamp,9,"","",9231BR,Surhuisterveen
De Kamp,9,"","",9231BR,Surhuisterveen
Burmaniastraat,1,"","",9231BS,Surhuisterveen
Burmaniastraat,11,"","",9231BS,Surhuisterveen
Burmaniastraat,13,"","",9231BS,Surhuisterveen
Burmaniastraat,15,"","",9231BS,Surhuisterveen
Burmaniastraat,3,"","",9231BS,Surhuisterveen
Burmaniastraat,5,"","",9231BS,Surhuisterveen
Burmaniastraat,7,"","",9231BS,Surhuisterveen
Burmaniastraat,9,"","",9231BS,Surhuisterveen
Burmaniastraat,19,"","",9231BT,Surhuisterveen
Burmaniastraat,21,"","",9231BT,Surhuisterveen
Burmaniastraat,23,"","",9231BT,Surhuisterveen
Burmaniastraat,25,"","",9231BT,Surhuisterveen
Burmaniastraat,27,"","",9231BT,Surhuisterveen
Burmaniastraat,29,"","",9231BT,Surhuisterveen
Burmaniastraat,31,"","",9231BT,Surhuisterveen
Burmaniastraat,33,"","",9231BT,Surhuisterveen
Burmaniastraat,35,"","",9231BT,Surhuisterveen
Burmaniastraat,37,"","",9231BT,Surhuisterveen
Burmaniastraat,39,"","",9231BT,Surhuisterveen
Burmaniastraat,41,"","",9231BT,Surhuisterveen
Burmaniastraat,43,"","",9231BT,Surhuisterveen
Burmaniastraat,45,"","",9231BT,Surhuisterveen
Burmaniastraat,47,"","",9231BT,Surhuisterveen
Burmaniastraat,10,"","",9231BV,Surhuisterveen
Burmaniastraat,12,"","",9231BV,Surhuisterveen
Burmaniastraat,14,"","",9231BV,Surhuisterveen
Burmaniastraat,16,"","",9231BV,Surhuisterveen
Burmaniastraat,2,"","",9231BV,Surhuisterveen
Burmaniastraat,22,"","",9231BV,Surhuisterveen
Burmaniastraat,24,"","",9231BV,Surhuisterveen
Burmaniastraat,4,"","",9231BV,Surhuisterveen
Burmaniastraat,6,"","",9231BV,Surhuisterveen
Burmaniastraat,8,"","",9231BV,Surhuisterveen
Burmaniastraat,30,"","",9231BW,Surhuisterveen
Burmaniastraat,32,"","",9231BW,Surhuisterveen
Burmaniastraat,34,"","",9231BW,Surhuisterveen
Burmaniastraat,36,"","",9231BW,Surhuisterveen
Burmaniastraat,38,"","",9231BW,Surhuisterveen
Burmaniastraat,40,"","",9231BW,Surhuisterveen
Burmaniastraat,42,"","",9231BW,Surhuisterveen
Burmaniastraat,44,"","",9231BW,Surhuisterveen
Burmaniastraat,46,"","",9231BW,Surhuisterveen
Burmaniastraat,48,"","",9231BW,Surhuisterveen
Burmaniastraat,50,"","",9231BW,Surhuisterveen
Burmaniastraat,52,"","",9231BW,Surhuisterveen
Burmaniastraat,56,"","",9231BW,Surhuisterveen
Burmaniastraat,58,"","",9231BW,Surhuisterveen
Burmaniastraat,60,"","",9231BW,Surhuisterveen
Burmaniastraat,62,"","",9231BW,Surhuisterveen
Burmaniastraat,64,"","",9231BW,Surhuisterveen
Burmaniastraat,66,"","",9231BW,Surhuisterveen
Fossemastraat,1,"","",9231BX,Surhuisterveen
Fossemastraat,10,"","",9231BX,Surhuisterveen
Fossemastraat,11,"","",9231BX,Surhuisterveen
Fossemastraat,13,"","",9231BX,Surhuisterveen
Fossemastraat,15,"","",9231BX,Surhuisterveen
Fossemastraat,17,"","",9231BX,Surhuisterveen
Fossemastraat,19,"","",9231BX,Surhuisterveen
Fossemastraat,2,"","",9231BX,Surhuisterveen
Fossemastraat,21,"","",9231BX,Surhuisterveen
Fossemastraat,23,"","",9231BX,Surhuisterveen
Fossemastraat,25,"","",9231BX,Surhuisterveen
Fossemastraat,3,"","",9231BX,Surhuisterveen
Fossemastraat,4,"","",9231BX,Surhuisterveen
Fossemastraat,5,"","",9231BX,Surhuisterveen
Fossemastraat,6,"","",9231BX,Surhuisterveen
Fossemastraat,7,"","",9231BX,Surhuisterveen
Fossemastraat,8,"","",9231BX,Surhuisterveen
Fossemastraat,9,"","",9231BX,Surhuisterveen
Van Voortstraat,1,"","",9231BZ,Surhuisterveen
Van Voortstraat,10,"","",9231BZ,Surhuisterveen
Van Voortstraat,11,"","",9231BZ,Surhuisterveen
Van Voortstraat,12,"","",9231BZ,Surhuisterveen
Van Voortstraat,13,"","",9231BZ,Surhuisterveen
Van Voortstraat,14,"","",9231BZ,Surhuisterveen
Van Voortstraat,15,"","",9231BZ,Surhuisterveen
Van Voortstraat,15,A,"",9231BZ,Surhuisterveen
Van Voortstraat,15,B,"",9231BZ,Surhuisterveen
Van Voortstraat,17,"","",9231BZ,Surhuisterveen
Van Voortstraat,2,"","",9231BZ,Surhuisterveen
Van Voortstraat,3,"","",9231BZ,Surhuisterveen
Van Voortstraat,4,"","",9231BZ,Surhuisterveen
Van Voortstraat,5,"","",9231BZ,Surhuisterveen
Van Voortstraat,6,"","",9231BZ,Surhuisterveen
Van Voortstraat,7,"","",9231BZ,Surhuisterveen
Van Voortstraat,8,"","",9231BZ,Surhuisterveen
Van Voortstraat,9,"","",9231BZ,Surhuisterveen
Jan Binneslaan,11,"","",9231CA,Surhuisterveen
Jan Binneslaan,13,"","",9231CA,Surhuisterveen
Jan Binneslaan,15,"","",9231CA,Surhuisterveen
Jan Binneslaan,17,"","",9231CA,Surhuisterveen
Jan Binneslaan,47,"","",9231CA,Surhuisterveen
Jan Binneslaan,49,"","",9231CA,Surhuisterveen
Jan Binneslaan,9,"","",9231CA,Surhuisterveen
Jan Binneslaan,10,"","",9231CB,Surhuisterveen
Jan Binneslaan,12,"","",9231CB,Surhuisterveen
Jan Binneslaan,14,A,1,9231CB,Surhuisterveen
Jan Binneslaan,14,A,2,9231CB,Surhuisterveen
Jan Binneslaan,14,A,3,9231CB,Surhuisterveen
Jan Binneslaan,14,A,4,9231CB,Surhuisterveen
Jan Binneslaan,14,A,5,9231CB,Surhuisterveen
Jan Binneslaan,14,A,6,9231CB,Surhuisterveen
Jan Binneslaan,14,A,7,9231CB,Surhuisterveen
Jan Binneslaan,14,A,8,9231CB,Surhuisterveen
Jan Binneslaan,14,B,1,9231CB,Surhuisterveen
Jan Binneslaan,14,B,10,9231CB,Surhuisterveen
Jan Binneslaan,14,B,11,9231CB,Surhuisterveen
Jan Binneslaan,14,B,2,9231CB,Surhuisterveen
Jan Binneslaan,14,B,3,9231CB,Surhuisterveen
Jan Binneslaan,14,B,4,9231CB,Surhuisterveen
Jan Binneslaan,14,B,5,9231CB,Surhuisterveen
Jan Binneslaan,14,B,6,9231CB,Surhuisterveen
Jan Binneslaan,14,B,7,9231CB,Surhuisterveen
Jan Binneslaan,14,B,8,9231CB,Surhuisterveen
Jan Binneslaan,14,B,9,9231CB,Surhuisterveen
Jan Binneslaan,14,C,1,9231CB,Surhuisterveen
Jan Binneslaan,14,C,10,9231CB,Surhuisterveen
Jan Binneslaan,14,C,11,9231CB,Surhuisterveen
Jan Binneslaan,14,C,12,9231CB,Surhuisterveen
Jan Binneslaan,14,C,2,9231CB,Surhuisterveen
Jan Binneslaan,14,C,3,9231CB,Surhuisterveen
Jan Binneslaan,14,C,4,9231CB,Surhuisterveen
Jan Binneslaan,14,C,5,9231CB,Surhuisterveen
Jan Binneslaan,14,C,6,9231CB,Surhuisterveen
Jan Binneslaan,14,C,7,9231CB,Surhuisterveen
Jan Binneslaan,14,C,8,9231CB,Surhuisterveen
Jan Binneslaan,14,C,9,9231CB,Surhuisterveen
Jan Binneslaan,14,D,1,9231CB,Surhuisterveen
Jan Binneslaan,14,D,2,9231CB,Surhuisterveen
Jan Binneslaan,14,D,3,9231CB,Surhuisterveen
Jan Binneslaan,14,D,4,9231CB,Surhuisterveen
Jan Binneslaan,16,"","",9231CB,Surhuisterveen
Jan Binneslaan,18,"","",9231CB,Surhuisterveen
Jan Binneslaan,2,"","",9231CB,Surhuisterveen
Jan Binneslaan,2,A,"",9231CB,Surhuisterveen
Jan Binneslaan,2,A,"",9231CB,Surhuisterveen
Jan Binneslaan,2,A,"",9231CB,Surhuisterveen
Jan Binneslaan,2,A,"",9231CB,Surhuisterveen
Jan Binneslaan,2,A,"",9231CB,Surhuisterveen
Jan Binneslaan,2,A,1,9231CB,Surhuisterveen
Jan Binneslaan,2,B,"",9231CB,Surhuisterveen
Jan Binneslaan,2,C,"",9231CB,Surhuisterveen
Jan Binneslaan,20,"","",9231CB,Surhuisterveen
Jan Binneslaan,22,"","",9231CB,Surhuisterveen
Jan Binneslaan,24,"","",9231CB,Surhuisterveen
Jan Binneslaan,26,"","",9231CB,Surhuisterveen
Jan Binneslaan,28,"","",9231CB,Surhuisterveen
Jan Binneslaan,30,"","",9231CB,Surhuisterveen
Jan Binneslaan,32,"","",9231CB,Surhuisterveen
Jan Binneslaan,4,"","",9231CB,Surhuisterveen
Jan Binneslaan,6,"","",9231CB,Surhuisterveen
Jan Binneslaan,8,"","",9231CB,Surhuisterveen
Jan Binneslaan,8,"","",9231CB,Surhuisterveen
Jan Binneslaan,8,"","",9231CB,Surhuisterveen
Jan Binneslaan,8,"","",9231CB,Surhuisterveen
Jan Binneslaan,8,"","",9231CB,Surhuisterveen
Jan Binneslaan,8,"","",9231CB,Surhuisterveen
Jan Binneslaan,8,"","",9231CB,Surhuisterveen
Jan Binneslaan,34,"","",9231CC,Surhuisterveen
Jan Binneslaan,36,"","",9231CC,Surhuisterveen
Jan Binneslaan,38,"","",9231CC,Surhuisterveen
Jan Binneslaan,40,"","",9231CC,Surhuisterveen
Jan Binneslaan,42,"","",9231CC,Surhuisterveen
Jan Binneslaan,44,"","",9231CC,Surhuisterveen
Jan Binneslaan,46,"","",9231CC,Surhuisterveen
Jan Binneslaan,48,"","",9231CC,Surhuisterveen
Jan Binneslaan,50,"","",9231CC,Surhuisterveen
Jan Binneslaan,72,"","",9231CC,Surhuisterveen
Jan Binneslaan,74,"","",9231CC,Surhuisterveen
Jan Binneslaan,76,"","",9231CC,Surhuisterveen
Jan Binneslaan,78,"","",9231CC,Surhuisterveen
Jan Binneslaan,80,"","",9231CC,Surhuisterveen
Jan Binneslaan,82,"","",9231CC,Surhuisterveen
Jan Binneslaan,84,"","",9231CC,Surhuisterveen
Jan Binneslaan,88,"","",9231CC,Surhuisterveen
Koop Kuipersweg,10,"","",9231CD,Surhuisterveen
Koop Kuipersweg,12,"","",9231CD,Surhuisterveen
Koop Kuipersweg,14,"","",9231CD,Surhuisterveen
Koop Kuipersweg,2,"","",9231CD,Surhuisterveen
Koop Kuipersweg,3,"","",9231CD,Surhuisterveen
Koop Kuipersweg,4,"","",9231CD,Surhuisterveen
Koop Kuipersweg,5,"","",9231CD,Surhuisterveen
Koop Kuipersweg,6,"","",9231CD,Surhuisterveen
Koop Kuipersweg,7,"","",9231CD,Surhuisterveen
Koop Kuipersweg,8,"","",9231CD,Surhuisterveen
Koop Kuipersweg,8,"",G001,9231CD,Surhuisterveen
Koop Kuipersweg,8,"",G001,9231CD,Surhuisterveen
Koop Kuipersweg,8,"",G002,9231CD,Surhuisterveen
Koop Kuipersweg,8,"",G002,9231CD,Surhuisterveen
Koop Kuipersweg,8,"",G003,9231CD,Surhuisterveen
Koop Kuipersweg,8,"",G003,9231CD,Surhuisterveen
Koop Kuipersweg,8,"",G004,9231CD,Surhuisterveen
Koop Kuipersweg,8,"",G004,9231CD,Surhuisterveen
Koop Kuipersweg,8,"",G005,9231CD,Surhuisterveen
Koop Kuipersweg,8,"",G005,9231CD,Surhuisterveen
Koop Kuipersweg,8,"",G006,9231CD,Surhuisterveen
Koop Kuipersweg,8,"",G006,9231CD,Surhuisterveen
Koop Kuipersweg,8,"",G007,9231CD,Surhuisterveen
Koop Kuipersweg,8,"",G007,9231CD,Surhuisterveen
Koop Kuipersweg,8,"",G008,9231CD,Surhuisterveen
Koop Kuipersweg,8,"",G008,9231CD,Surhuisterveen
Koop Kuipersweg,8,"",G009,9231CD,Surhuisterveen
Koop Kuipersweg,8,"",G009,9231CD,Surhuisterveen
Bartholomëus Jacobus Schurerweg,1,A,"",9231CE,Surhuisterveen
Bartholomëus Jacobus Schurerweg,1,B,"",9231CE,Surhuisterveen
Bartholomëus Jacobus Schurerweg,1,C,"",9231CE,Surhuisterveen
Bartholomëus Jacobus Schurerweg,1,D,"",9231CE,Surhuisterveen
Bartholomëus Jacobus Schurerweg,1,E,"",9231CE,Surhuisterveen
Bartholomëus Jacobus Schurerweg,1,F,"",9231CE,Surhuisterveen
Bartholomëus Jacobus Schurerweg,1,G,"",9231CE,Surhuisterveen
Bartholomëus Jacobus Schurerweg,1,H,"",9231CE,Surhuisterveen
Bartholomëus Jacobus Schurerweg,1,J,"",9231CE,Surhuisterveen
Bartholomëus Jacobus Schurerweg,1,K,"",9231CE,Surhuisterveen
Bartholomëus Jacobus Schurerweg,1,L,"",9231CE,Surhuisterveen
Bartholomëus Jacobus Schurerweg,1,M,"",9231CE,Surhuisterveen
Bartholomëus Jacobus Schurerweg,1,N,"",9231CE,Surhuisterveen
Bartholomëus Jacobus Schurerweg,1,P,"",9231CE,Surhuisterveen
Bartholomëus Jacobus Schurerweg,1,Q,"",9231CE,Surhuisterveen
Bartholomëus Jacobus Schurerweg,1,R,"",9231CE,Surhuisterveen
Bartholomëus Jacobus Schurerweg,14,"","",9231CE,Surhuisterveen
Bartholomëus Jacobus Schurerweg,14,A,"",9231CE,Surhuisterveen
Bartholomëus Jacobus Schurerweg,2,"","",9231CE,Surhuisterveen
Bartholomëus Jacobus Schurerweg,3,"","",9231CE,Surhuisterveen
Bartholomëus Jacobus Schurerweg,5,"","",9231CE,Surhuisterveen
Torenplein,1,"","",9231CG,Surhuisterveen
Torenplein,1,A,"",9231CG,Surhuisterveen
Torenplein,101,"","",9231CG,Surhuisterveen
Torenplein,103,"","",9231CG,Surhuisterveen
Torenplein,105,"","",9231CG,Surhuisterveen
Torenplein,107,"","",9231CG,Surhuisterveen
Torenplein,109,"","",9231CG,Surhuisterveen
Torenplein,11,"","",9231CG,Surhuisterveen
Torenplein,13,"","",9231CG,Surhuisterveen
Torenplein,13,"","",9231CG,Surhuisterveen
Torenplein,15,"","",9231CG,Surhuisterveen
Torenplein,17,"","",9231CG,Surhuisterveen
Torenplein,19,"","",9231CG,Surhuisterveen
Torenplein,21,"","",9231CG,Surhuisterveen
Torenplein,23,"","",9231CG,Surhuisterveen
Torenplein,25,"","",9231CG,Surhuisterveen
Torenplein,27,"","",9231CG,Surhuisterveen
Torenplein,29,"","",9231CG,Surhuisterveen
Torenplein,3,"","",9231CG,Surhuisterveen
Torenplein,3,A,"",9231CG,Surhuisterveen
Torenplein,31,"","",9231CG,Surhuisterveen
Torenplein,33,"","",9231CG,Surhuisterveen
Torenplein,35,"","",9231CG,Surhuisterveen
Torenplein,37,"","",9231CG,Surhuisterveen
Torenplein,39,"","",9231CG,Surhuisterveen
Torenplein,41,"","",9231CG,Surhuisterveen
Torenplein,43,"","",9231CG,Surhuisterveen
Torenplein,45,"","",9231CG,Surhuisterveen
Torenplein,47,"","",9231CG,Surhuisterveen
Torenplein,49,"","",9231CG,Surhuisterveen
Torenplein,51,"","",9231CG,Surhuisterveen
Torenplein,53,"","",9231CG,Surhuisterveen
Torenplein,55,"","",9231CG,Surhuisterveen
Torenplein,57,"","",9231CG,Surhuisterveen
Torenplein,59,"","",9231CG,Surhuisterveen
Torenplein,61,"","",9231CG,Surhuisterveen
Torenplein,63,"","",9231CG,Surhuisterveen
Torenplein,65,"","",9231CG,Surhuisterveen
Torenplein,67,"","",9231CG,Surhuisterveen
Torenplein,69,"","",9231CG,Surhuisterveen
Torenplein,7,"","",9231CG,Surhuisterveen
Torenplein,7,"","",9231CG,Surhuisterveen
Torenplein,7,"",E,9231CG,Surhuisterveen
Torenplein,7,A,"",9231CG,Surhuisterveen
Torenplein,7,B,"",9231CG,Surhuisterveen
Torenplein,7,C,"",9231CG,Surhuisterveen
Torenplein,7,D,"",9231CG,Surhuisterveen
Torenplein,7,E,"",9231CG,Surhuisterveen
Torenplein,7,F,"",9231CG,Surhuisterveen
Torenplein,7,G,"",9231CG,Surhuisterveen
Torenplein,7,H,"",9231CG,Surhuisterveen
Torenplein,7,J,"",9231CG,Surhuisterveen
Torenplein,7,K,"",9231CG,Surhuisterveen
Torenplein,7,L,"",9231CG,Surhuisterveen
Torenplein,71,"","",9231CG,Surhuisterveen
Torenplein,73,"","",9231CG,Surhuisterveen
Torenplein,75,"","",9231CG,Surhuisterveen
Torenplein,77,"","",9231CG,Surhuisterveen
Torenplein,79,"","",9231CG,Surhuisterveen
Torenplein,81,"","",9231CG,Surhuisterveen
Torenplein,83,"","",9231CG,Surhuisterveen
Torenplein,85,"","",9231CG,Surhuisterveen
Torenplein,87,"","",9231CG,Surhuisterveen
Torenplein,89,"","",9231CG,Surhuisterveen
Torenplein,91,"","",9231CG,Surhuisterveen
Torenplein,93,"","",9231CG,Surhuisterveen
Torenplein,95,"","",9231CG,Surhuisterveen
Torenplein,97,"","",9231CG,Surhuisterveen
Torenplein,99,"","",9231CG,Surhuisterveen
Groningerstraat,1,"","",9231CH,Surhuisterveen
Groningerstraat,11,"","",9231CH,Surhuisterveen
Groningerstraat,11,B,"",9231CH,Surhuisterveen
Groningerstraat,11,C,"",9231CH,Surhuisterveen
Groningerstraat,13,"","",9231CH,Surhuisterveen
Groningerstraat,15,"","",9231CH,Surhuisterveen
Groningerstraat,15,"","",9231CH,Surhuisterveen
Groningerstraat,17,"","",9231CH,Surhuisterveen
Groningerstraat,17,A,"",9231CH,Surhuisterveen
Groningerstraat,17,B,"",9231CH,Surhuisterveen
Groningerstraat,17,C,"",9231CH,Surhuisterveen
Groningerstraat,3,"","",9231CH,Surhuisterveen
Groningerstraat,5,"","",9231CH,Surhuisterveen
Groningerstraat,5,"","",9231CH,Surhuisterveen
Groningerstraat,5,"","",9231CH,Surhuisterveen
Groningerstraat,5,"","",9231CH,Surhuisterveen
Groningerstraat,5,"","",9231CH,Surhuisterveen
Groningerstraat,5,A,"",9231CH,Surhuisterveen
Groningerstraat,5,A,"",9231CH,Surhuisterveen
Groningerstraat,5,B,"",9231CH,Surhuisterveen
Groningerstraat,5,B,"",9231CH,Surhuisterveen
Groningerstraat,7,"","",9231CH,Surhuisterveen
Groningerstraat,19,"","",9231CJ,Surhuisterveen
Groningerstraat,19,A,"",9231CJ,Surhuisterveen
Groningerstraat,21,"","",9231CJ,Surhuisterveen
Groningerstraat,23,"","",9231CJ,Surhuisterveen
Groningerstraat,25,"","",9231CJ,Surhuisterveen
Groningerstraat,31,"","",9231CJ,Surhuisterveen
Groningerstraat,33,"","",9231CJ,Surhuisterveen
Groningerstraat,35,"","",9231CJ,Surhuisterveen
Groningerstraat,37,"","",9231CJ,Surhuisterveen
Groningerstraat,37,A,"",9231CJ,Surhuisterveen
Groningerstraat,39,"","",9231CJ,Surhuisterveen
Groningerstraat,41,"","",9231CJ,Surhuisterveen
Groningerstraat,45,"","",9231CJ,Surhuisterveen
Groningerstraat,45,A,"",9231CJ,Surhuisterveen
Groningerstraat,47,"","",9231CJ,Surhuisterveen
Groningerstraat,49,"","",9231CJ,Surhuisterveen
Groningerstraat,51,"","",9231CJ,Surhuisterveen
Groningerstraat,53,"","",9231CJ,Surhuisterveen
Groningerstraat,55,"","",9231CJ,Surhuisterveen
Groningerstraat,57,"","",9231CJ,Surhuisterveen
Groningerstraat,59,"","",9231CJ,Surhuisterveen
Groningerstraat,63,"","",9231CK,Surhuisterveen
Groningerstraat,65,"","",9231CK,Surhuisterveen
Groningerstraat,67,"","",9231CK,Surhuisterveen
Groningerstraat,69,"","",9231CK,Surhuisterveen
Groningerstraat,71,"","",9231CK,Surhuisterveen
Groningerstraat,73,"","",9231CK,Surhuisterveen
Groningerstraat,75,"","",9231CK,Surhuisterveen
Groningerstraat,77,"","",9231CK,Surhuisterveen
Groningerstraat,79,"","",9231CK,Surhuisterveen
Groningerstraat,81,"","",9231CK,Surhuisterveen
Groningerstraat,83,"","",9231CK,Surhuisterveen
Groningerstraat,91,"","",9231CK,Surhuisterveen
Groningerstraat,10,"","",9231CL,Surhuisterveen
Groningerstraat,12,"","",9231CL,Surhuisterveen
Groningerstraat,14,"","",9231CL,Surhuisterveen
Groningerstraat,2,"","",9231CL,Surhuisterveen
Groningerstraat,2,A,"",9231CL,Surhuisterveen
Groningerstraat,2,A,"",9231CL,Surhuisterveen
Groningerstraat,2,A,"",9231CL,Surhuisterveen
Groningerstraat,2,A,1,9231CL,Surhuisterveen
Groningerstraat,2,A,1,9231CL,Surhuisterveen
Groningerstraat,2,B,"",9231CL,Surhuisterveen
Groningerstraat,2,C,"",9231CL,Surhuisterveen
Groningerstraat,2,C,1,9231CL,Surhuisterveen
Groningerstraat,2,C,2,9231CL,Surhuisterveen
Groningerstraat,2,C,2,9231CL,Surhuisterveen
Groningerstraat,2,D,"",9231CL,Surhuisterveen
Groningerstraat,2,E,"",9231CL,Surhuisterveen
Groningerstraat,4,"","",9231CL,Surhuisterveen
Groningerstraat,6,"","",9231CL,Surhuisterveen
Groningerstraat,6,"","",9231CL,Surhuisterveen
Groningerstraat,8,"","",9231CL,Surhuisterveen
Groningerstraat,16,"","",9231CM,Surhuisterveen
Groningerstraat,18,"","",9231CM,Surhuisterveen
Groningerstraat,20,"","",9231CM,Surhuisterveen
Groningerstraat,22,"","",9231CM,Surhuisterveen
Groningerstraat,24,"","",9231CM,Surhuisterveen
Groningerstraat,26,"","",9231CM,Surhuisterveen
Groningerstraat,28,"","",9231CM,Surhuisterveen
Groningerstraat,28,A,"",9231CM,Surhuisterveen
Groningerstraat,28,A,"",9231CM,Surhuisterveen
Groningerstraat,30,"","",9231CM,Surhuisterveen
Groningerstraat,32,"","",9231CM,Surhuisterveen
Groningerstraat,34,"","",9231CM,Surhuisterveen
Groningerstraat,36,"","",9231CM,Surhuisterveen
Groningerstraat,36,A,"",9231CM,Surhuisterveen
Groningerstraat,38,"","",9231CM,Surhuisterveen
Groningerstraat,40,"","",9231CM,Surhuisterveen
Groningerstraat,40,"","",9231CM,Surhuisterveen
Groningerstraat,44,"","",9231CN,Surhuisterveen
Groningerstraat,46,"","",9231CN,Surhuisterveen
Groningerstraat,48,"","",9231CN,Surhuisterveen
Groningerstraat,50,"","",9231CN,Surhuisterveen
Groningerstraat,52,"","",9231CN,Surhuisterveen
Groningerstraat,52,A,"",9231CN,Surhuisterveen
Groningerstraat,52,B,"",9231CN,Surhuisterveen
Groningerstraat,52,C,"",9231CN,Surhuisterveen
Groningerstraat,52,D,"",9231CN,Surhuisterveen
Groningerstraat,52,E,"",9231CN,Surhuisterveen
Groningerstraat,52,F,"",9231CN,Surhuisterveen
Groningerstraat,54,"","",9231CN,Surhuisterveen
Groningerstraat,56,"","",9231CN,Surhuisterveen
Groningerstraat,58,"","",9231CN,Surhuisterveen
Groningerstraat,60,"","",9231CN,Surhuisterveen
Groningerstraat,62,"","",9231CN,Surhuisterveen
Groningerstraat,64,"","",9231CN,Surhuisterveen
Groningerstraat,66,"","",9231CN,Surhuisterveen
Groningerstraat,68,"","",9231CN,Surhuisterveen
Groningerstraat,70,"","",9231CN,Surhuisterveen
Groningerstraat,74,"","",9231CP,Surhuisterveen
Groningerstraat,76,"","",9231CP,Surhuisterveen
Groningerstraat,78,"","",9231CP,Surhuisterveen
Groningerstraat,80,"","",9231CP,Surhuisterveen
Groningerstraat,82,"","",9231CP,Surhuisterveen
Groningerstraat,84,"","",9231CP,Surhuisterveen
Groningerstraat,86,"","",9231CP,Surhuisterveen
Groningerstraat,88,"","",9231CP,Surhuisterveen
Groningerstraat,90,"","",9231CP,Surhuisterveen
Groningerstraat,92,"","",9231CP,Surhuisterveen
Groningerstraat,94,"","",9231CP,Surhuisterveen
Groningerstraat,96,"","",9231CP,Surhuisterveen
Groningerstraat,98,"","",9231CP,Surhuisterveen
Groningerstraat,102,"","",9231CR,Surhuisterveen
Groningerstraat,102,"","",9231CR,Surhuisterveen
Groningerstraat,102,"","",9231CR,Surhuisterveen
Groningerstraat,102,"","",9231CR,Surhuisterveen
Groningerstraat,102,"","",9231CR,Surhuisterveen
Groningerstraat,102,"","",9231CR,Surhuisterveen
Groningerstraat,102,A,"",9231CR,Surhuisterveen
Groningerstraat,102,B,"",9231CR,Surhuisterveen
Groningerstraat,102,C,"",9231CR,Surhuisterveen
Groningerstraat,102,C,"",9231CR,Surhuisterveen
Groningerstraat,102,D,"",9231CR,Surhuisterveen
Groningerstraat,102,E,"",9231CR,Surhuisterveen
Groningerstraat,104,"","",9231CR,Surhuisterveen
Groningerstraat,106,"","",9231CR,Surhuisterveen
Groningerstraat,108,"","",9231CR,Surhuisterveen
Groningerstraat,110,"","",9231CR,Surhuisterveen
Groningerstraat,112,"","",9231CR,Surhuisterveen
Groningerstraat,114,"","",9231CR,Surhuisterveen
Groningerstraat,116,"","",9231CR,Surhuisterveen
Groningerstraat,118,"","",9231CR,Surhuisterveen
Groningerstraat,120,"","",9231CR,Surhuisterveen
Groningerstraat,122,"","",9231CR,Surhuisterveen
Groningerstraat,124,"","",9231CR,Surhuisterveen
Groningerstraat,126,"","",9231CR,Surhuisterveen
Groningerstraat,126,"","",9231CR,Surhuisterveen
Groningerstraat,126,"","",9231CR,Surhuisterveen
Groningerstraat,128,"","",9231CR,Surhuisterveen
Surventolaan,10,"","",9231CS,Surhuisterveen
Surventolaan,12,"","",9231CS,Surhuisterveen
Surventolaan,14,"","",9231CS,Surhuisterveen
Surventolaan,16,"","",9231CS,Surhuisterveen
Surventolaan,2,"","",9231CS,Surhuisterveen
Surventolaan,4,"","",9231CS,Surhuisterveen
Surventolaan,6,"","",9231CS,Surhuisterveen
Surventolaan,8,"","",9231CS,Surhuisterveen
De Kolk,1,"","",9231CT,Surhuisterveen
De Kolk,1,A,"",9231CT,Surhuisterveen
De Kolk,1,B,"",9231CT,Surhuisterveen
De Kolk,11,"","",9231CT,Surhuisterveen
De Kolk,11,A,"",9231CT,Surhuisterveen
De Kolk,13,"","",9231CT,Surhuisterveen
De Kolk,15,"","",9231CT,Surhuisterveen
De Kolk,15,"","",9231CT,Surhuisterveen
De Kolk,15,"","",9231CT,Surhuisterveen
De Kolk,15,"","",9231CT,Surhuisterveen
De Kolk,15,A,"",9231CT,Surhuisterveen
De Kolk,15,B,"",9231CT,Surhuisterveen
De Kolk,15,C,"",9231CT,Surhuisterveen
De Kolk,15,D,"",9231CT,Surhuisterveen
De Kolk,17,"","",9231CT,Surhuisterveen
De Kolk,19,"","",9231CT,Surhuisterveen
De Kolk,3,"","",9231CT,Surhuisterveen
De Kolk,3,A,"",9231CT,Surhuisterveen
De Kolk,5,"","",9231CT,Surhuisterveen
De Kolk,5,"","",9231CT,Surhuisterveen
De Kolk,5,"","",9231CT,Surhuisterveen
De Kolk,5,A,"",9231CT,Surhuisterveen
De Kolk,5,A,"",9231CT,Surhuisterveen
De Kolk,5,A,"",9231CT,Surhuisterveen
De Kolk,5,B,"",9231CT,Surhuisterveen
De Kolk,5,B,"",9231CT,Surhuisterveen
De Kolk,5,B,"",9231CT,Surhuisterveen
De Kolk,5,B,"",9231CT,Surhuisterveen
De Kolk,5,B,"",9231CT,Surhuisterveen
De Kolk,5,B,"",9231CT,Surhuisterveen
De Kolk,5,C,"",9231CT,Surhuisterveen
De Kolk,5,C,"",9231CT,Surhuisterveen
De Kolk,5,C,"",9231CT,Surhuisterveen
De Kolk,5,C,"",9231CT,Surhuisterveen
De Kolk,7,"","",9231CT,Surhuisterveen
De Kolk,7,"","",9231CT,Surhuisterveen
De Kolk,7,"","",9231CT,Surhuisterveen
De Kolk,7,A,"",9231CT,Surhuisterveen
De Kolk,9,"","",9231CT,Surhuisterveen
De Kolk,9,"","",9231CT,Surhuisterveen
De Kolk,9,A,"",9231CT,Surhuisterveen
De Kolk,9,A,"",9231CT,Surhuisterveen
De Kolk,9,A,"",9231CT,Surhuisterveen
De Kolk,9,A,"",9231CT,Surhuisterveen
De Kolk,9,A,"",9231CT,Surhuisterveen
De Kolk,9,A,"",9231CT,Surhuisterveen
De Kolk,9,B,"",9231CT,Surhuisterveen
De Kolk,9,C,"",9231CT,Surhuisterveen
De Kolk,21,"","",9231CV,Surhuisterveen
De Kolk,21,A,"",9231CV,Surhuisterveen
De Kolk,21,A,"",9231CV,Surhuisterveen
De Kolk,23,"","",9231CV,Surhuisterveen
De Kolk,27,"","",9231CV,Surhuisterveen
De Kolk,27,A,"",9231CV,Surhuisterveen
De Kolk,27,B,"",9231CV,Surhuisterveen
De Kolk,29,"","",9231CV,Surhuisterveen
De Kolk,31,"","",9231CV,Surhuisterveen
De Kolk,33,"","",9231CV,Surhuisterveen
De Kolk,33,B,"",9231CV,Surhuisterveen
De Kolk,33,C,"",9231CV,Surhuisterveen
De Kolk,35,"","",9231CV,Surhuisterveen
De Kolk,35,A,"",9231CV,Surhuisterveen
De Kolk,35,B,"",9231CV,Surhuisterveen
De Kolk,37,"","",9231CV,Surhuisterveen
De Kolk,37,"","",9231CV,Surhuisterveen
De Kolk,37,"","",9231CV,Surhuisterveen
De Kolk,39,"","",9231CV,Surhuisterveen
De Kolk,41,"","",9231CV,Surhuisterveen
De Kolk,43,"","",9231CV,Surhuisterveen
De Kolk,45,"","",9231CV,Surhuisterveen
De Kolk,47,"","",9231CV,Surhuisterveen
De Kolk,49,"","",9231CV,Surhuisterveen
De Kolk,51,"","",9231CV,Surhuisterveen
De Kolk,53,"","",9231CV,Surhuisterveen
De Kolk,55,"","",9231CV,Surhuisterveen
De Kolk,57,"","",9231CV,Surhuisterveen
De Kolk,59,"","",9231CV,Surhuisterveen
De Kolk,61,"","",9231CV,Surhuisterveen
De Kolk,63,"","",9231CV,Surhuisterveen
De Kolk,65,"","",9231CV,Surhuisterveen
De Kolk,67,"","",9231CV,Surhuisterveen
De Kolk,69,"","",9231CV,Surhuisterveen
De Kolk,71,"","",9231CV,Surhuisterveen
De Kolk,10,"","",9231CW,Surhuisterveen
De Kolk,12,"","",9231CW,Surhuisterveen
De Kolk,14,"","",9231CW,Surhuisterveen
De Kolk,16,"","",9231CW,Surhuisterveen
De Kolk,16,"","",9231CW,Surhuisterveen
De Kolk,16,A,"",9231CW,Surhuisterveen
De Kolk,16,A,"",9231CW,Surhuisterveen
De Kolk,2,"","",9231CW,Surhuisterveen
De Kolk,4,"","",9231CW,Surhuisterveen
De Kolk,4,A,"",9231CW,Surhuisterveen
De Kolk,6,"","",9231CW,Surhuisterveen
De Kolk,8,"","",9231CW,Surhuisterveen
De Kolk,20,"","",9231CX,Surhuisterveen
De Kolk,20,A,"",9231CX,Surhuisterveen
De Kolk,22,"","",9231CX,Surhuisterveen
De Kolk,24,"","",9231CX,Surhuisterveen
De Kolk,24,A,"",9231CX,Surhuisterveen
De Kolk,26,"","",9231CX,Surhuisterveen
De Kolk,28,"","",9231CX,Surhuisterveen
De Kolk,30,"","",9231CX,Surhuisterveen
De Kolk,32,"","",9231CX,Surhuisterveen
De Kolk,32,A,"",9231CX,Surhuisterveen
De Kolk,34,"","",9231CX,Surhuisterveen
De Kolk,34,A,"",9231CX,Surhuisterveen
De Kolk,34,B,"",9231CX,Surhuisterveen
De Kolk,36,"","",9231CX,Surhuisterveen
De Kolk,38,"","",9231CX,Surhuisterveen
De Kolk,38,A,"",9231CX,Surhuisterveen
De Kolk,38,B,"",9231CX,Surhuisterveen
De Kolk,38,C,"",9231CX,Surhuisterveen
De Kolk,40,"","",9231CX,Surhuisterveen
De Kolk,42,"","",9231CX,Surhuisterveen
De Kolk,44,"","",9231CX,Surhuisterveen
De Kolk,44,A,"",9231CX,Surhuisterveen
De Dellen,11,"","",9231CZ,Surhuisterveen
De Dellen,11,A,"",9231CZ,Surhuisterveen
De Dellen,13,"","",9231CZ,Surhuisterveen
De Dellen,15,"","",9231CZ,Surhuisterveen
De Dellen,15,A,"",9231CZ,Surhuisterveen
De Dellen,17,"","",9231CZ,Surhuisterveen
De Dellen,17,A,"",9231CZ,Surhuisterveen
De Dellen,19,"","",9231CZ,Surhuisterveen
De Dellen,27,"","",9231CZ,Surhuisterveen
De Dellen,27,A,"",9231CZ,Surhuisterveen
De Dellen,27,A,"",9231CZ,Surhuisterveen
De Dellen,27,A,"",9231CZ,Surhuisterveen
De Dellen,29,"","",9231CZ,Surhuisterveen
De Dellen,33,"","",9231CZ,Surhuisterveen
De Dellen,35,"","",9231CZ,Surhuisterveen
De Dellen,35,"","",9231CZ,Surhuisterveen
De Dellen,35,"","",9231CZ,Surhuisterveen
De Dellen,7,"","",9231CZ,Surhuisterveen
De Dellen,9,"","",9231CZ,Surhuisterveen
De Dellen,9,A,"",9231CZ,Surhuisterveen
Meander,1,"","",9231DB,Surhuisterveen
Meander,10,"","",9231DB,Surhuisterveen
Meander,10,"","",9231DB,Surhuisterveen
Meander,11,"","",9231DB,Surhuisterveen
Meander,12,"","",9231DB,Surhuisterveen
Meander,12,"","",9231DB,Surhuisterveen
Meander,13,"","",9231DB,Surhuisterveen
Meander,14,"","",9231DB,Surhuisterveen
Meander,14,"","",9231DB,Surhuisterveen
Meander,16,"","",9231DB,Surhuisterveen
Meander,16,"","",9231DB,Surhuisterveen
Meander,17,"","",9231DB,Surhuisterveen
Meander,18,"","",9231DB,Surhuisterveen
Meander,18,"","",9231DB,Surhuisterveen
Meander,19,"","",9231DB,Surhuisterveen
Meander,19,"","",9231DB,Surhuisterveen
Meander,19,A,"",9231DB,Surhuisterveen
Meander,19,A,"",9231DB,Surhuisterveen
Meander,2,"","",9231DB,Surhuisterveen
Meander,20,"","",9231DB,Surhuisterveen
Meander,20,"","",9231DB,Surhuisterveen
Meander,21,"","",9231DB,Surhuisterveen
Meander,22,"","",9231DB,Surhuisterveen
Meander,22,"","",9231DB,Surhuisterveen
Meander,24,"","",9231DB,Surhuisterveen
Meander,24,"","",9231DB,Surhuisterveen
Meander,26,"","",9231DB,Surhuisterveen
Meander,26,"","",9231DB,Surhuisterveen
Meander,28,"","",9231DB,Surhuisterveen
Meander,28,"","",9231DB,Surhuisterveen
Meander,3,"","",9231DB,Surhuisterveen
Meander,30,"","",9231DB,Surhuisterveen
Meander,32,"","",9231DB,Surhuisterveen
Meander,34,"","",9231DB,Surhuisterveen
Meander,36,"","",9231DB,Surhuisterveen
Meander,4,"","",9231DB,Surhuisterveen
Meander,4,"","",9231DB,Surhuisterveen
Meander,4,"","",9231DB,Surhuisterveen
Meander,4,A,"",9231DB,Surhuisterveen
Meander,5,"","",9231DB,Surhuisterveen
Meander,6,"","",9231DB,Surhuisterveen
Meander,6,"","",9231DB,Surhuisterveen
Meander,7,"","",9231DB,Surhuisterveen
Meander,8,"","",9231DB,Surhuisterveen
Meander,8,"","",9231DB,Surhuisterveen
Meander,9,"","",9231DB,Surhuisterveen
Meander,9,"","",9231DB,Surhuisterveen
Meander,9,"","",9231DB,Surhuisterveen
Meander,9,"","",9231DB,Surhuisterveen
Meander,9,"","",9231DB,Surhuisterveen
Meander,9,"","",9231DB,Surhuisterveen
Meander,9,A,"",9231DB,Surhuisterveen
Meander,9,A,"",9231DB,Surhuisterveen
Meander,9,B,"",9231DB,Surhuisterveen
Lauwerswelle,10,"","",9231DV,Surhuisterveen
Lauwerswelle,10,A,"",9231DV,Surhuisterveen
Lauwerswelle,10,A,"",9231DV,Surhuisterveen
Lauwerswelle,10,A,"",9231DV,Surhuisterveen
Lauwerswelle,10,B,"",9231DV,Surhuisterveen
Lauwerswelle,10,C,"",9231DV,Surhuisterveen
Lauwerswelle,10,D,"",9231DV,Surhuisterveen
Lauwerswelle,12,"","",9231DV,Surhuisterveen
Lauwerswelle,12,A,"",9231DV,Surhuisterveen
Lauwerswelle,16,"","",9231DV,Surhuisterveen
Lauwerswelle,16,A,"",9231DV,Surhuisterveen
Lauwerswelle,16,B,"",9231DV,Surhuisterveen
Lauwerswelle,16,C,"",9231DV,Surhuisterveen
Lauwerswelle,16,D,"",9231DV,Surhuisterveen
Lauwerswelle,16,E,"",9231DV,Surhuisterveen
Lauwerswelle,18,"","",9231DV,Surhuisterveen
Lauwerswelle,20,"","",9231DV,Surhuisterveen
Lauwerswelle,3,"","",9231DV,Surhuisterveen
Lauwerswelle,4,"","",9231DV,Surhuisterveen
Lauwerswelle,5,"","",9231DV,Surhuisterveen
Lauwerswelle,5,A,"",9231DV,Surhuisterveen
Lauwerswelle,5,B,"",9231DV,Surhuisterveen
Lauwerswelle,6,"","",9231DV,Surhuisterveen
Zwetsloot,1,"","",9231DW,Surhuisterveen
Zwetsloot,1,A,"",9231DW,Surhuisterveen
Zwetsloot,1,A,"",9231DW,Surhuisterveen
Zwetsloot,2,"","",9231DW,Surhuisterveen
Zwetsloot,3,"","",9231DW,Surhuisterveen
Zwetsloot,3,"","",9231DW,Surhuisterveen
Zwetsloot,3,A,"",9231DW,Surhuisterveen
Zwetsloot,5,A,"",9231DW,Surhuisterveen
Zwetsloot,5,B,"",9231DW,Surhuisterveen
Zwetsloot,5,C,"",9231DW,Surhuisterveen
Zwetsloot,5,E,"",9231DW,Surhuisterveen
Zwetsloot,7,"","",9231DW,Surhuisterveen
Zwetsloot,9,"","",9231DW,Surhuisterveen
Zoom,1,"","",9231DX,Surhuisterveen
Zoom,10,"","",9231DX,Surhuisterveen
Zoom,11,"","",9231DX,Surhuisterveen
Zoom,12,"","",9231DX,Surhuisterveen
Zoom,12,"","",9231DX,Surhuisterveen
Zoom,12,"","",9231DX,Surhuisterveen
Zoom,12,A,"",9231DX,Surhuisterveen
Zoom,13,"","",9231DX,Surhuisterveen
Zoom,14,"","",9231DX,Surhuisterveen
Zoom,15,"","",9231DX,Surhuisterveen
Zoom,15,A,"",9231DX,Surhuisterveen
Zoom,16,"","",9231DX,Surhuisterveen
Zoom,17,"","",9231DX,Surhuisterveen
Zoom,18,"","",9231DX,Surhuisterveen
Zoom,19,"","",9231DX,Surhuisterveen
Zoom,2,"","",9231DX,Surhuisterveen
Zoom,2,A,"",9231DX,Surhuisterveen
Zoom,2,A,"",9231DX,Surhuisterveen
Zoom,2,A,"",9231DX,Surhuisterveen
Zoom,2,B,"",9231DX,Surhuisterveen
Zoom,20,"","",9231DX,Surhuisterveen
Zoom,21,"","",9231DX,Surhuisterveen
Zoom,22,"","",9231DX,Surhuisterveen
Zoom,22,A,"",9231DX,Surhuisterveen
Zoom,22,B,"",9231DX,Surhuisterveen
Zoom,22,C,"",9231DX,Surhuisterveen
Zoom,22,D,"",9231DX,Surhuisterveen
Zoom,22,E,"",9231DX,Surhuisterveen
Zoom,22,F,"",9231DX,Surhuisterveen
Zoom,22,F,"",9231DX,Surhuisterveen
Zoom,22,F,"",9231DX,Surhuisterveen
Zoom,22,G,"",9231DX,Surhuisterveen
Zoom,23,"","",9231DX,Surhuisterveen
Zoom,23,"","",9231DX,Surhuisterveen
Zoom,23,"","",9231DX,Surhuisterveen
Zoom,23,"","",9231DX,Surhuisterveen
Zoom,23,"","",9231DX,Surhuisterveen
Zoom,23,A,"",9231DX,Surhuisterveen
Zoom,23,A,"",9231DX,Surhuisterveen
Zoom,24,"","",9231DX,Surhuisterveen
Zoom,24,A,"",9231DX,Surhuisterveen
Zoom,25,"","",9231DX,Surhuisterveen
Zoom,25,"","",9231DX,Surhuisterveen
Zoom,25,"","",9231DX,Surhuisterveen
Zoom,27,"","",9231DX,Surhuisterveen
Zoom,28,"","",9231DX,Surhuisterveen
Zoom,29,"","",9231DX,Surhuisterveen
Zoom,3,"","",9231DX,Surhuisterveen
Zoom,30,"","",9231DX,Surhuisterveen
Zoom,30,A,"",9231DX,Surhuisterveen
Zoom,31,"","",9231DX,Surhuisterveen
Zoom,32,"","",9231DX,Surhuisterveen
Zoom,32,"","",9231DX,Surhuisterveen
Zoom,32,"","",9231DX,Surhuisterveen
Zoom,33,"","",9231DX,Surhuisterveen
Zoom,33,"","",9231DX,Surhuisterveen
Zoom,33,"","",9231DX,Surhuisterveen
Zoom,33,A,"",9231DX,Surhuisterveen
Zoom,33,A,"",9231DX,Surhuisterveen
Zoom,34,"","",9231DX,Surhuisterveen
Zoom,35,"","",9231DX,Surhuisterveen
Zoom,36,"","",9231DX,Surhuisterveen
Zoom,37,"","",9231DX,Surhuisterveen
Zoom,5,"","",9231DX,Surhuisterveen
Zoom,6,"","",9231DX,Surhuisterveen
Zoom,6,A,"",9231DX,Surhuisterveen
Zoom,7,"","",9231DX,Surhuisterveen
Zoom,8,"","",9231DX,Surhuisterveen
Zoom,9,"","",9231DX,Surhuisterveen
Zoom,9,"","",9231DX,Surhuisterveen
Zoom,9,"","",9231DX,Surhuisterveen
Zoom,9,"","",9231DX,Surhuisterveen
Zoom,9,"","",9231DX,Surhuisterveen
Zoom,9,"","",9231DX,Surhuisterveen
Zoom,9,B,"",9231DX,Surhuisterveen
Zoom,9,B,"",9231DX,Surhuisterveen
Zoom,9,B,"",9231DX,Surhuisterveen
Rooilijn,1,"","",9231DZ,Surhuisterveen
Rooilijn,10,"","",9231DZ,Surhuisterveen
Rooilijn,11,"","",9231DZ,Surhuisterveen
Rooilijn,14,"","",9231DZ,Surhuisterveen
Rooilijn,16,"","",9231DZ,Surhuisterveen
Rooilijn,18,"","",9231DZ,Surhuisterveen
Rooilijn,2,"","",9231DZ,Surhuisterveen
Rooilijn,2,"","",9231DZ,Surhuisterveen
Rooilijn,2,"","",9231DZ,Surhuisterveen
Rooilijn,2,A,"",9231DZ,Surhuisterveen
Rooilijn,20,"","",9231DZ,Surhuisterveen
Rooilijn,22,"","",9231DZ,Surhuisterveen
Rooilijn,3,"","",9231DZ,Surhuisterveen
Rooilijn,3,A,"",9231DZ,Surhuisterveen
Rooilijn,3,C,"",9231DZ,Surhuisterveen
Rooilijn,4,"","",9231DZ,Surhuisterveen
Rooilijn,4,"","",9231DZ,Surhuisterveen
Rooilijn,4,"","",9231DZ,Surhuisterveen
Rooilijn,4,"","",9231DZ,Surhuisterveen
Rooilijn,4,"","",9231DZ,Surhuisterveen
Rooilijn,4,A,"",9231DZ,Surhuisterveen
Rooilijn,4,B,"",9231DZ,Surhuisterveen
Rooilijn,5,"","",9231DZ,Surhuisterveen
Rooilijn,5,"",G,9231DZ,Surhuisterveen
Rooilijn,5,"",Q,9231DZ,Surhuisterveen
Rooilijn,5,A,"",9231DZ,Surhuisterveen
Rooilijn,5,B,"",9231DZ,Surhuisterveen
Rooilijn,5,C,"",9231DZ,Surhuisterveen
Rooilijn,5,D,"",9231DZ,Surhuisterveen
Rooilijn,5,E,"",9231DZ,Surhuisterveen
Rooilijn,5,F,"",9231DZ,Surhuisterveen
Rooilijn,5,G,"",9231DZ,Surhuisterveen
Rooilijn,5,H,"",9231DZ,Surhuisterveen
Rooilijn,5,J,"",9231DZ,Surhuisterveen
Rooilijn,5,K,"",9231DZ,Surhuisterveen
Rooilijn,5,L,"",9231DZ,Surhuisterveen
Rooilijn,5,M,"",9231DZ,Surhuisterveen
Rooilijn,5,N,"",9231DZ,Surhuisterveen
Rooilijn,5,P,"",9231DZ,Surhuisterveen
Rooilijn,5,Q,"",9231DZ,Surhuisterveen
Rooilijn,5,Q,Q,9231DZ,Surhuisterveen
Rooilijn,5,R,"",9231DZ,Surhuisterveen
Rooilijn,5,S,"",9231DZ,Surhuisterveen
Rooilijn,5,T,"",9231DZ,Surhuisterveen
Rooilijn,5,U,"",9231DZ,Surhuisterveen
Rooilijn,5,V,"",9231DZ,Surhuisterveen
Rooilijn,5,W,"",9231DZ,Surhuisterveen
Rooilijn,6,"","",9231DZ,Surhuisterveen
Rooilijn,6,A,"",9231DZ,Surhuisterveen
Rooilijn,7,"","",9231DZ,Surhuisterveen
Rooilijn,8,"","",9231DZ,Surhuisterveen
Rooilijn,8,"","",9231DZ,Surhuisterveen
Rooilijn,8,"","",9231DZ,Surhuisterveen
Rooilijn,8,A,"",9231DZ,Surhuisterveen
Rooilijn,9,"","",9231DZ,Surhuisterveen
De Dellen,37,"","",9231EA,Surhuisterveen
De Dellen,39,A,"",9231EA,Surhuisterveen
De Dellen,39,B,"",9231EA,Surhuisterveen
De Dellen,41,"","",9231EA,Surhuisterveen
De Dellen,41,"","",9231EA,Surhuisterveen
De Dellen,41,A,"",9231EA,Surhuisterveen
De Dellen,41,B,"",9231EA,Surhuisterveen
De Dellen,43,"","",9231EA,Surhuisterveen
De Dellen,43,"","",9231EA,Surhuisterveen
De Dellen,43,A,"",9231EA,Surhuisterveen
De Dellen,43,B,"",9231EA,Surhuisterveen
De Dellen,45,"","",9231EA,Surhuisterveen
De Dellen,47,"","",9231EA,Surhuisterveen
De Dellen,49,"","",9231EA,Surhuisterveen
De Dellen,51,"","",9231EA,Surhuisterveen
De Dellen,53,"","",9231EA,Surhuisterveen
De Dellen,53,A,"",9231EA,Surhuisterveen
De Dellen,55,"","",9231EA,Surhuisterveen
De Dellen,61,"","",9231EA,Surhuisterveen
De Dellen,63,"","",9231EA,Surhuisterveen
De Dellen,65,"","",9231EA,Surhuisterveen
De Dellen,67,"","",9231EA,Surhuisterveen
De Dellen,71,"","",9231EA,Surhuisterveen
De Dellen,73,"","",9231EA,Surhuisterveen
De Dellen,75,"","",9231EA,Surhuisterveen
De Dellen,10,"","",9231EB,Surhuisterveen
De Dellen,12,"","",9231EB,Surhuisterveen
De Dellen,12,"","",9231EB,Surhuisterveen
De Dellen,12,"","",9231EB,Surhuisterveen
De Dellen,12,A,"",9231EB,Surhuisterveen
De Dellen,12,A,"",9231EB,Surhuisterveen
De Dellen,12,B,"",9231EB,Surhuisterveen
De Dellen,12,C,"",9231EB,Surhuisterveen
De Dellen,12,C,"",9231EB,Surhuisterveen
De Dellen,12,D,"",9231EB,Surhuisterveen
De Dellen,14,"","",9231EB,Surhuisterveen
De Dellen,16,A,"",9231EB,Surhuisterveen
De Dellen,16,D,"",9231EB,Surhuisterveen
De Dellen,16,E,"",9231EB,Surhuisterveen
De Dellen,16,F,"",9231EB,Surhuisterveen
De Dellen,16,G,"",9231EB,Surhuisterveen
De Dellen,16,H,"",9231EB,Surhuisterveen
De Dellen,16,I,"",9231EB,Surhuisterveen
De Dellen,16,I,A,9231EB,Surhuisterveen
De Dellen,16,I,B,9231EB,Surhuisterveen
De Dellen,16,J,"",9231EB,Surhuisterveen
De Dellen,16,K,"",9231EB,Surhuisterveen
De Dellen,16,K,1,9231EB,Surhuisterveen
De Dellen,2,A,"",9231EB,Surhuisterveen
De Dellen,2,B,"",9231EB,Surhuisterveen
De Dellen,2,F,"",9231EB,Surhuisterveen
De Dellen,2,G,"",9231EB,Surhuisterveen
De Dellen,4,A,"",9231EB,Surhuisterveen
De Dellen,4,B,"",9231EB,Surhuisterveen
De Dellen,4,C,"",9231EB,Surhuisterveen
De Dellen,4,D,"",9231EB,Surhuisterveen
De Dellen,4,E,"",9231EB,Surhuisterveen
De Dellen,4,F,"",9231EB,Surhuisterveen
De Dellen,4,G,"",9231EB,Surhuisterveen
De Dellen,6,A,"",9231EB,Surhuisterveen
De Dellen,6,B,"",9231EB,Surhuisterveen
De Dellen,6,C,"",9231EB,Surhuisterveen
De Dellen,6,D,"",9231EB,Surhuisterveen
De Dellen,6,E,"",9231EB,Surhuisterveen
De Dellen,6,F,"",9231EB,Surhuisterveen
De Dellen,6,G,"",9231EB,Surhuisterveen
De Dellen,8,"","",9231EB,Surhuisterveen
De Dellen,18,"","",9231EC,Surhuisterveen
De Dellen,20,"","",9231EC,Surhuisterveen
De Dellen,22,"","",9231EC,Surhuisterveen
De Dellen,24,"","",9231EC,Surhuisterveen
De Dellen,26,"","",9231EC,Surhuisterveen
De Dellen,26,"","",9231EC,Surhuisterveen
De Dellen,26,"","",9231EC,Surhuisterveen
De Dellen,26,"","",9231EC,Surhuisterveen
De Dellen,26,A,"",9231EC,Surhuisterveen
De Dellen,26,A,"",9231EC,Surhuisterveen
De Dellen,26,A,"",9231EC,Surhuisterveen
De Dellen,26,B,"",9231EC,Surhuisterveen
De Dellen,26,B,"",9231EC,Surhuisterveen
De Dellen,26,B,"",9231EC,Surhuisterveen
De Dellen,26,C,"",9231EC,Surhuisterveen
De Dellen,26,C,"",9231EC,Surhuisterveen
De Dellen,26,C,"",9231EC,Surhuisterveen
De Dellen,26,D,"",9231EC,Surhuisterveen
De Dellen,26,D,"",9231EC,Surhuisterveen
De Dellen,26,D,"",9231EC,Surhuisterveen
De Dellen,26,E,"",9231EC,Surhuisterveen
De Dellen,26,E,"",9231EC,Surhuisterveen
De Dellen,26,E,"",9231EC,Surhuisterveen
De Dellen,26,F,"",9231EC,Surhuisterveen
De Dellen,26,F,"",9231EC,Surhuisterveen
De Dellen,26,F,"",9231EC,Surhuisterveen
De Dellen,26,G,"",9231EC,Surhuisterveen
De Dellen,26,G,"",9231EC,Surhuisterveen
De Dellen,26,H,"",9231EC,Surhuisterveen
De Dellen,26,H,"",9231EC,Surhuisterveen
De Dellen,26,J,"",9231EC,Surhuisterveen
De Dellen,26,J,"",9231EC,Surhuisterveen
De Dellen,28,"","",9231EC,Surhuisterveen
De Dellen,28,"","",9231EC,Surhuisterveen
De Dellen,28,"","",9231EC,Surhuisterveen
De Dellen,28,"","",9231EC,Surhuisterveen
De Dellen,28,A,"",9231EC,Surhuisterveen
De Dellen,28,A,"",9231EC,Surhuisterveen
De Dellen,28,A,"",9231EC,Surhuisterveen
De Dellen,28,B,"",9231EC,Surhuisterveen
De Dellen,28,B,"",9231EC,Surhuisterveen
De Dellen,28,B,"",9231EC,Surhuisterveen
De Dellen,28,C,"",9231EC,Surhuisterveen
De Dellen,28,C,"",9231EC,Surhuisterveen
De Dellen,28,C,"",9231EC,Surhuisterveen
De Dellen,28,D,"",9231EC,Surhuisterveen
De Dellen,28,D,"",9231EC,Surhuisterveen
De Dellen,28,D,"",9231EC,Surhuisterveen
De Dellen,28,E,"",9231EC,Surhuisterveen
De Dellen,28,E,"",9231EC,Surhuisterveen
De Dellen,28,E,"",9231EC,Surhuisterveen
De Dellen,28,F,"",9231EC,Surhuisterveen
De Dellen,28,F,"",9231EC,Surhuisterveen
De Dellen,28,F,"",9231EC,Surhuisterveen
De Dellen,28,G,"",9231EC,Surhuisterveen
De Dellen,28,G,"",9231EC,Surhuisterveen
De Dellen,28,H,"",9231EC,Surhuisterveen
De Dellen,28,H,"",9231EC,Surhuisterveen
De Dellen,28,J,"",9231EC,Surhuisterveen
De Dellen,28,J,"",9231EC,Surhuisterveen
De Dellen,30,"","",9231EC,Surhuisterveen
De Dellen,30,"","",9231EC,Surhuisterveen
De Dellen,30,A,"",9231EC,Surhuisterveen
De Dellen,30,A,"",9231EC,Surhuisterveen
De Dellen,30,A,"",9231EC,Surhuisterveen
De Dellen,30,B,"",9231EC,Surhuisterveen
De Dellen,30,B,"",9231EC,Surhuisterveen
De Dellen,30,B,"",9231EC,Surhuisterveen
De Dellen,30,C,"",9231EC,Surhuisterveen
De Dellen,30,C,"",9231EC,Surhuisterveen
De Dellen,30,C,"",9231EC,Surhuisterveen
De Dellen,30,D,"",9231EC,Surhuisterveen
De Dellen,30,D,"",9231EC,Surhuisterveen
De Dellen,30,D,"",9231EC,Surhuisterveen
De Dellen,30,E,"",9231EC,Surhuisterveen
De Dellen,30,E,"",9231EC,Surhuisterveen
De Dellen,30,E,"",9231EC,Surhuisterveen
De Dellen,30,F,"",9231EC,Surhuisterveen
De Dellen,30,F,"",9231EC,Surhuisterveen
De Dellen,30,F,"",9231EC,Surhuisterveen
De Dellen,30,G,"",9231EC,Surhuisterveen
De Dellen,30,G,"",9231EC,Surhuisterveen
De Dellen,30,H,"",9231EC,Surhuisterveen
De Dellen,30,H,"",9231EC,Surhuisterveen
De Dellen,30,J,"",9231EC,Surhuisterveen
De Dellen,30,J,"",9231EC,Surhuisterveen
De Dellen,30,K,"",9231EC,Surhuisterveen
De Dellen,30,K,"",9231EC,Surhuisterveen
De Dellen,32,"","",9231EC,Surhuisterveen
De Dellen,32,"","",9231EC,Surhuisterveen
De Dellen,32,A,"",9231EC,Surhuisterveen
De Dellen,32,A,"",9231EC,Surhuisterveen
De Dellen,32,A,"",9231EC,Surhuisterveen
De Dellen,32,B,"",9231EC,Surhuisterveen
De Dellen,32,B,"",9231EC,Surhuisterveen
De Dellen,32,B,"",9231EC,Surhuisterveen
De Dellen,32,C,"",9231EC,Surhuisterveen
De Dellen,32,C,"",9231EC,Surhuisterveen
De Dellen,32,D,"",9231EC,Surhuisterveen
De Dellen,32,D,"",9231EC,Surhuisterveen
De Dellen,32,E,"",9231EC,Surhuisterveen
De Dellen,32,E,"",9231EC,Surhuisterveen
De Dellen,34,"","",9231EC,Surhuisterveen
De Dellen,36,"","",9231EC,Surhuisterveen
De Dellen,38,"","",9231EC,Surhuisterveen
De Dellen,40,"","",9231EC,Surhuisterveen
De Dellen,42,"","",9231EC,Surhuisterveen
De Dellen,44,A,"",9231EC,Surhuisterveen
De Dellen,46,"","",9231EC,Surhuisterveen
De Dellen,46,A,"",9231EC,Surhuisterveen
De Dellen,46,B,"",9231EC,Surhuisterveen
De Dellen,46,C,"",9231EC,Surhuisterveen
De Dellen,46,D,"",9231EC,Surhuisterveen
De Dellen,46,E,"",9231EC,Surhuisterveen
De Dellen,46,F,"",9231EC,Surhuisterveen
De Dellen,46,G,"",9231EC,Surhuisterveen
De Dellen,46,H,"",9231EC,Surhuisterveen
De Dellen,46,I,"",9231EC,Surhuisterveen
De Dellen,46,K,"",9231EC,Surhuisterveen
De Dellen,46,L,"",9231EC,Surhuisterveen
De Dellen,48,"","",9231EC,Surhuisterveen
De Dellen,48,A,"",9231EC,Surhuisterveen
De Dellen,48,B,"",9231EC,Surhuisterveen
De Dellen,50,"","",9231EC,Surhuisterveen
De Dellen,52,"","",9231EC,Surhuisterveen
De Dellen,54,"","",9231EC,Surhuisterveen
De Dellen,56,"","",9231EC,Surhuisterveen
De Dellen,58,"","",9231EC,Surhuisterveen
De Dellen,60,"","",9231EC,Surhuisterveen
De Dellen,62,"","",9231EC,Surhuisterveen
De Dellen,64,"","",9231EC,Surhuisterveen
De Dellen,66,"","",9231EC,Surhuisterveen
De Dellen,68,"","",9231EC,Surhuisterveen
Feike Wybrensstrjitte,10,"","",9231ED,Surhuisterveen
Feike Wybrensstrjitte,10,"","",9231ED,Surhuisterveen
Feike Wybrensstrjitte,11,"","",9231ED,Surhuisterveen
Feike Wybrensstrjitte,12,"","",9231ED,Surhuisterveen
Feike Wybrensstrjitte,12,"","",9231ED,Surhuisterveen
Feike Wybrensstrjitte,13,"","",9231ED,Surhuisterveen
Feike Wybrensstrjitte,14,"","",9231ED,Surhuisterveen
Feike Wybrensstrjitte,14,"","",9231ED,Surhuisterveen
Feike Wybrensstrjitte,3,"","",9231ED,Surhuisterveen
Feike Wybrensstrjitte,4,"","",9231ED,Surhuisterveen
Feike Wybrensstrjitte,4,"","",9231ED,Surhuisterveen
Feike Wybrensstrjitte,5,"","",9231ED,Surhuisterveen
Feike Wybrensstrjitte,6,"","",9231ED,Surhuisterveen
Feike Wybrensstrjitte,6,"","",9231ED,Surhuisterveen
Feike Wybrensstrjitte,7,"","",9231ED,Surhuisterveen
Feike Wybrensstrjitte,8,"","",9231ED,Surhuisterveen
Feike Wybrensstrjitte,8,"","",9231ED,Surhuisterveen
Feike Wybrensstrjitte,9,"","",9231ED,Surhuisterveen
Slotstraat,1,"","",9231EE,Surhuisterveen
Slotstraat,1,A,"",9231EE,Surhuisterveen
Slotstraat,10,"","",9231EE,Surhuisterveen
Slotstraat,14,"","",9231EE,Surhuisterveen
Slotstraat,14,"","",9231EE,Surhuisterveen
Slotstraat,2,"","",9231EE,Surhuisterveen
Slotstraat,3,"","",9231EE,Surhuisterveen
Slotstraat,3,"","",9231EE,Surhuisterveen
Slotstraat,3,"","",9231EE,Surhuisterveen
Slotstraat,3,A,"",9231EE,Surhuisterveen
Slotstraat,4,"","",9231EE,Surhuisterveen
Slotstraat,5,"","",9231EE,Surhuisterveen
Slotstraat,5,A,"",9231EE,Surhuisterveen
Slotstraat,6,"","",9231EE,Surhuisterveen
Slotstraat,7,"","",9231EE,Surhuisterveen
Slotstraat,8,"","",9231EE,Surhuisterveen
Slotstraat,9,"","",9231EE,Surhuisterveen
Dr.v.Kammenstraat,1,"","",9231EG,Surhuisterveen
Dr.v.Kammenstraat,1,A,"",9231EG,Surhuisterveen
Dr.v.Kammenstraat,1,B,"",9231EG,Surhuisterveen
Dr.v.Kammenstraat,11,"","",9231EG,Surhuisterveen
Dr.v.Kammenstraat,11,A,"",9231EG,Surhuisterveen
Dr.v.Kammenstraat,13,"","",9231EG,Surhuisterveen
Dr.v.Kammenstraat,15,"","",9231EG,Surhuisterveen
Dr.v.Kammenstraat,17,"","",9231EG,Surhuisterveen
Dr.v.Kammenstraat,19,"","",9231EG,Surhuisterveen
Dr.v.Kammenstraat,21,"","",9231EG,Surhuisterveen
Dr.v.Kammenstraat,23,"","",9231EG,Surhuisterveen
Dr.v.Kammenstraat,23,A,"",9231EG,Surhuisterveen
Dr.v.Kammenstraat,23,B,"",9231EG,Surhuisterveen
Dr.v.Kammenstraat,25,"","",9231EG,Surhuisterveen
Dr.v.Kammenstraat,3,"","",9231EG,Surhuisterveen
Dr.v.Kammenstraat,3,A,"",9231EG,Surhuisterveen
Dr.v.Kammenstraat,3,B,"",9231EG,Surhuisterveen
Dr.v.Kammenstraat,5,"","",9231EG,Surhuisterveen
Dr.v.Kammenstraat,5,A,"",9231EG,Surhuisterveen
Dr.v.Kammenstraat,5,B,"",9231EG,Surhuisterveen
Dr.v.Kammenstraat,7,"","",9231EG,Surhuisterveen
Dr.v.Kammenstraat,7,A,"",9231EG,Surhuisterveen
Dr.v.Kammenstraat,7,B,"",9231EG,Surhuisterveen
Dr.v.Kammenstraat,9,"","",9231EG,Surhuisterveen
Dr.v.Kammenstraat,9,A,"",9231EG,Surhuisterveen
Dr.v.Kammenstraat,10,"","",9231EH,Surhuisterveen
Dr.v.Kammenstraat,14,"","",9231EH,Surhuisterveen
Dr.v.Kammenstraat,16,"","",9231EH,Surhuisterveen
Dr.v.Kammenstraat,18,"","",9231EH,Surhuisterveen
Dr.v.Kammenstraat,2,"","",9231EH,Surhuisterveen
Dr.v.Kammenstraat,20,"","",9231EH,Surhuisterveen
Dr.v.Kammenstraat,22,"","",9231EH,Surhuisterveen
Dr.v.Kammenstraat,24,"","",9231EH,Surhuisterveen
Dr.v.Kammenstraat,26,"","",9231EH,Surhuisterveen
Dr.v.Kammenstraat,28,"","",9231EH,Surhuisterveen
Dr.v.Kammenstraat,30,"","",9231EH,Surhuisterveen
Dr.v.Kammenstraat,32,"","",9231EH,Surhuisterveen
Dr.v.Kammenstraat,34,"","",9231EH,Surhuisterveen
Dr.v.Kammenstraat,36,"","",9231EH,Surhuisterveen
Dr.v.Kammenstraat,38,"","",9231EH,Surhuisterveen
Dr.v.Kammenstraat,4,"","",9231EH,Surhuisterveen
Dr.v.Kammenstraat,40,"","",9231EH,Surhuisterveen
Dr.v.Kammenstraat,42,"","",9231EH,Surhuisterveen
Dr.v.Kammenstraat,44,"","",9231EH,Surhuisterveen
Dr.v.Kammenstraat,46,"","",9231EH,Surhuisterveen
Dr.v.Kammenstraat,48,"","",9231EH,Surhuisterveen
Dr.v.Kammenstraat,50,"","",9231EH,Surhuisterveen
Dr.v.Kammenstraat,52,"","",9231EH,Surhuisterveen
Dr.v.Kammenstraat,54,"","",9231EH,Surhuisterveen
Dr.v.Kammenstraat,56,"","",9231EH,Surhuisterveen
Dr.v.Kammenstraat,58,"","",9231EH,Surhuisterveen
Dr.v.Kammenstraat,6,"","",9231EH,Surhuisterveen
Dr.v.Kammenstraat,60,"","",9231EH,Surhuisterveen
Dr.v.Kammenstraat,62,"","",9231EH,Surhuisterveen
Dr.v.Kammenstraat,64,"","",9231EH,Surhuisterveen
Dr.v.Kammenstraat,8,"","",9231EH,Surhuisterveen
Ds. Boekholtstraat,1,"","",9231EJ,Surhuisterveen
Ds. Boekholtstraat,1,A,"",9231EJ,Surhuisterveen
Ds. Boekholtstraat,1,B,"",9231EJ,Surhuisterveen
Ds. Boekholtstraat,1,C,"",9231EJ,Surhuisterveen
Ds. Boekholtstraat,1,D,"",9231EJ,Surhuisterveen
Ds. Boekholtstraat,1,E,"",9231EJ,Surhuisterveen
Ds. Boekholtstraat,1,F,"",9231EJ,Surhuisterveen
Ds. Boekholtstraat,1,G,"",9231EJ,Surhuisterveen
Ds. Boekholtstraat,1,H,"",9231EJ,Surhuisterveen
Ds. Boekholtstraat,1,I,"",9231EJ,Surhuisterveen
Ds. Boekholtstraat,1,J,"",9231EJ,Surhuisterveen
Ds. Boekholtstraat,1,K,"",9231EJ,Surhuisterveen
Ds. Boekholtstraat,1,L,"",9231EJ,Surhuisterveen
Ds. Boekholtstraat,1,M,"",9231EJ,Surhuisterveen
Ds. Boekholtstraat,1,N,"",9231EJ,Surhuisterveen
Ds. Boekholtstraat,1,O,"",9231EJ,Surhuisterveen
Ds. Boekholtstraat,1,P,"",9231EJ,Surhuisterveen
Ds. Boekholtstraat,1,Q,"",9231EJ,Surhuisterveen
Ds. Boekholtstraat,10,"","",9231EJ,Surhuisterveen
Ds. Boekholtstraat,11,"","",9231EJ,Surhuisterveen
Ds. Boekholtstraat,12,"","",9231EJ,Surhuisterveen
Ds. Boekholtstraat,13,"","",9231EJ,Surhuisterveen
Ds. Boekholtstraat,14,"","",9231EJ,Surhuisterveen
Ds. Boekholtstraat,15,"","",9231EJ,Surhuisterveen
Ds. Boekholtstraat,16,"","",9231EJ,Surhuisterveen
Ds. Boekholtstraat,17,"","",9231EJ,Surhuisterveen
Ds. Boekholtstraat,18,"","",9231EJ,Surhuisterveen
Ds. Boekholtstraat,2,"","",9231EJ,Surhuisterveen
Ds. Boekholtstraat,20,"","",9231EJ,Surhuisterveen
Ds. Boekholtstraat,21,B,"",9231EJ,Surhuisterveen
Ds. Boekholtstraat,21,C,"",9231EJ,Surhuisterveen
Ds. Boekholtstraat,21,D,"",9231EJ,Surhuisterveen
Ds. Boekholtstraat,21,E,"",9231EJ,Surhuisterveen
Ds. Boekholtstraat,22,"","",9231EJ,Surhuisterveen
Ds. Boekholtstraat,23,B,"",9231EJ,Surhuisterveen
Ds. Boekholtstraat,23,B,"",9231EJ,Surhuisterveen
Ds. Boekholtstraat,23,C,"",9231EJ,Surhuisterveen
Ds. Boekholtstraat,23,C,"",9231EJ,Surhuisterveen
Ds. Boekholtstraat,23,D,"",9231EJ,Surhuisterveen
Ds. Boekholtstraat,23,D,"",9231EJ,Surhuisterveen
Ds. Boekholtstraat,23,E,"",9231EJ,Surhuisterveen
Ds. Boekholtstraat,23,E,"",9231EJ,Surhuisterveen
Ds. Boekholtstraat,24,"","",9231EJ,Surhuisterveen
Ds. Boekholtstraat,25,A,"",9231EJ,Surhuisterveen
Ds. Boekholtstraat,25,B,"",9231EJ,Surhuisterveen
Ds. Boekholtstraat,25,B,"",9231EJ,Surhuisterveen
Ds. Boekholtstraat,25,C,"",9231EJ,Surhuisterveen
Ds. Boekholtstraat,25,C,"",9231EJ,Surhuisterveen
Ds. Boekholtstraat,25,D,"",9231EJ,Surhuisterveen
Ds. Boekholtstraat,25,D,"",9231EJ,Surhuisterveen
Ds. Boekholtstraat,25,E,"",9231EJ,Surhuisterveen
Ds. Boekholtstraat,25,E,"",9231EJ,Surhuisterveen
Ds. Boekholtstraat,26,"","",9231EJ,Surhuisterveen
Ds. Boekholtstraat,27,A,"",9231EJ,Surhuisterveen
Ds. Boekholtstraat,27,A,"",9231EJ,Surhuisterveen
Ds. Boekholtstraat,27,B,"",9231EJ,Surhuisterveen
Ds. Boekholtstraat,27,B,"",9231EJ,Surhuisterveen
Ds. Boekholtstraat,27,C,"",9231EJ,Surhuisterveen
Ds. Boekholtstraat,27,C,"",9231EJ,Surhuisterveen
Ds. Boekholtstraat,27,D,"",9231EJ,Surhuisterveen
Ds. Boekholtstraat,27,D,"",9231EJ,Surhuisterveen
Ds. Boekholtstraat,27,E,"",9231EJ,Surhuisterveen
Ds. Boekholtstraat,27,E,"",9231EJ,Surhuisterveen
Ds. Boekholtstraat,28,"","",9231EJ,Surhuisterveen
Ds. Boekholtstraat,29,"","",9231EJ,Surhuisterveen
Ds. Boekholtstraat,29,A,"",9231EJ,Surhuisterveen
Ds. Boekholtstraat,29,A,"",9231EJ,Surhuisterveen
Ds. Boekholtstraat,29,B,"",9231EJ,Surhuisterveen
Ds. Boekholtstraat,29,C,"",9231EJ,Surhuisterveen
Ds. Boekholtstraat,29,D,"",9231EJ,Surhuisterveen
Ds. Boekholtstraat,29,E,"",9231EJ,Surhuisterveen
Ds. Boekholtstraat,3,"","",9231EJ,Surhuisterveen
Ds. Boekholtstraat,30,"","",9231EJ,Surhuisterveen
Ds. Boekholtstraat,31,"","",9231EJ,Surhuisterveen
Ds. Boekholtstraat,32,"","",9231EJ,Surhuisterveen
Ds. Boekholtstraat,33,"","",9231EJ,Surhuisterveen
Ds. Boekholtstraat,34,"","",9231EJ,Surhuisterveen
Ds. Boekholtstraat,35,"","",9231EJ,Surhuisterveen
Ds. Boekholtstraat,36,"","",9231EJ,Surhuisterveen
Ds. Boekholtstraat,37,"","",9231EJ,Surhuisterveen
Ds. Boekholtstraat,38,"","",9231EJ,Surhuisterveen
Ds. Boekholtstraat,4,"","",9231EJ,Surhuisterveen
Ds. Boekholtstraat,40,"","",9231EJ,Surhuisterveen
Ds. Boekholtstraat,42,"","",9231EJ,Surhuisterveen
Ds. Boekholtstraat,44,"","",9231EJ,Surhuisterveen
Ds. Boekholtstraat,46,"","",9231EJ,Surhuisterveen
Ds. Boekholtstraat,48,"","",9231EJ,Surhuisterveen
Ds. Boekholtstraat,5,"","",9231EJ,Surhuisterveen
Ds. Boekholtstraat,6,"","",9231EJ,Surhuisterveen
Ds. Boekholtstraat,7,"","",9231EJ,Surhuisterveen
Ds. Boekholtstraat,8,"","",9231EJ,Surhuisterveen
Ds. Boekholtstraat,9,"","",9231EJ,Surhuisterveen
Langelaan,11,"","",9231EK,Surhuisterveen
Langelaan,13,"","",9231EK,Surhuisterveen
Langelaan,15,"","",9231EK,Surhuisterveen
Langelaan,19,"","",9231EK,Surhuisterveen
Langelaan,21,"","",9231EK,Surhuisterveen
Langelaan,23,"","",9231EK,Surhuisterveen
Langelaan,25,"","",9231EK,Surhuisterveen
Langelaan,27,A,"",9231EK,Surhuisterveen
Langelaan,27,B,"",9231EK,Surhuisterveen
Langelaan,27,C,"",9231EK,Surhuisterveen
Langelaan,27,C,"",9231EK,Surhuisterveen
Langelaan,27,C,"",9231EK,Surhuisterveen
Langelaan,3,"","",9231EK,Surhuisterveen
Langelaan,5,"","",9231EK,Surhuisterveen
Langelaan,7,"","",9231EK,Surhuisterveen
Langelaan,9,"","",9231EK,Surhuisterveen
Langelaan,37,"","",9231EL,Surhuisterveen
Langelaan,39,"","",9231EL,Surhuisterveen
Langelaan,41,"","",9231EL,Surhuisterveen
Langelaan,43,"","",9231EL,Surhuisterveen
Langelaan,45,"","",9231EL,Surhuisterveen
Langelaan,47,"","",9231EL,Surhuisterveen
Langelaan,49,"","",9231EL,Surhuisterveen
Langelaan,51,"","",9231EL,Surhuisterveen
Langelaan,53,"","",9231EL,Surhuisterveen
Langelaan,55,"","",9231EL,Surhuisterveen
Langelaan,57,"","",9231EL,Surhuisterveen
Langelaan,59,"","",9231EL,Surhuisterveen
Langelaan,61,"","",9231EL,Surhuisterveen
Langelaan,63,"","",9231EL,Surhuisterveen
Langelaan,65,"","",9231EL,Surhuisterveen
Langelaan,67,"","",9231EL,Surhuisterveen
Langelaan,69,"","",9231EL,Surhuisterveen
Langelaan,71,"","",9231EL,Surhuisterveen
Langelaan,73,"","",9231EL,Surhuisterveen
Langelaan,75,"","",9231EL,Surhuisterveen
Langelaan,101,"","",9231EM,Surhuisterveen
Langelaan,101,"","",9231EM,Surhuisterveen
Langelaan,101,"","",9231EM,Surhuisterveen
Langelaan,103,"","",9231EM,Surhuisterveen
Langelaan,103,"","",9231EM,Surhuisterveen
Langelaan,103,"","",9231EM,Surhuisterveen
Langelaan,105,"","",9231EM,Surhuisterveen
Langelaan,105,"","",9231EM,Surhuisterveen
Langelaan,105,"","",9231EM,Surhuisterveen
Langelaan,105,"","",9231EM,Surhuisterveen
Langelaan,105,"","",9231EM,Surhuisterveen
Langelaan,54,"","",9231EM,Surhuisterveen
Langelaan,56,"","",9231EM,Surhuisterveen
Langelaan,58,"","",9231EM,Surhuisterveen
Langelaan,60,"","",9231EM,Surhuisterveen
Langelaan,62,"","",9231EM,Surhuisterveen
Langelaan,64,"","",9231EM,Surhuisterveen
Langelaan,66,"","",9231EM,Surhuisterveen
Langelaan,77,"","",9231EM,Surhuisterveen
Langelaan,79,"","",9231EM,Surhuisterveen
Langelaan,81,"","",9231EM,Surhuisterveen
Langelaan,83,"","",9231EM,Surhuisterveen
Langelaan,85,"","",9231EM,Surhuisterveen
Langelaan,87,"","",9231EM,Surhuisterveen
Langelaan,89,"","",9231EM,Surhuisterveen
Langelaan,91,"","",9231EM,Surhuisterveen
Langelaan,93,"","",9231EM,Surhuisterveen
Langelaan,93,"","",9231EM,Surhuisterveen
Langelaan,93,"","",9231EM,Surhuisterveen
Langelaan,95,"","",9231EM,Surhuisterveen
Langelaan,95,"","",9231EM,Surhuisterveen
Langelaan,95,"","",9231EM,Surhuisterveen
Langelaan,97,"","",9231EM,Surhuisterveen
Langelaan,97,"","",9231EM,Surhuisterveen
Langelaan,97,"","",9231EM,Surhuisterveen
Langelaan,99,"","",9231EM,Surhuisterveen
Langelaan,99,"","",9231EM,Surhuisterveen
Langelaan,99,"","",9231EM,Surhuisterveen
Langelaan,10,"","",9231EN,Surhuisterveen
Langelaan,12,"","",9231EN,Surhuisterveen
Langelaan,14,"","",9231EN,Surhuisterveen
Langelaan,18,"","",9231EN,Surhuisterveen
Langelaan,2,"","",9231EN,Surhuisterveen
Langelaan,2,A,"",9231EN,Surhuisterveen
Langelaan,2,B,"",9231EN,Surhuisterveen
Langelaan,2,C,"",9231EN,Surhuisterveen
Langelaan,2,D,"",9231EN,Surhuisterveen
Langelaan,2,E,"",9231EN,Surhuisterveen
Langelaan,2,F,"",9231EN,Surhuisterveen
Langelaan,2,G,"",9231EN,Surhuisterveen
Langelaan,2,H,"",9231EN,Surhuisterveen
Langelaan,2,J,"",9231EN,Surhuisterveen
Langelaan,2,K,"",9231EN,Surhuisterveen
Langelaan,2,L,"",9231EN,Surhuisterveen
Langelaan,2,M,"",9231EN,Surhuisterveen
Langelaan,2,N,"",9231EN,Surhuisterveen
Langelaan,2,O,"",9231EN,Surhuisterveen
Langelaan,2,P,"",9231EN,Surhuisterveen
Langelaan,2,Q,"",9231EN,Surhuisterveen
Langelaan,2,R,"",9231EN,Surhuisterveen
Langelaan,2,S,"",9231EN,Surhuisterveen
Langelaan,2,T,"",9231EN,Surhuisterveen
Langelaan,2,U,"",9231EN,Surhuisterveen
Langelaan,2,V,"",9231EN,Surhuisterveen
Langelaan,2,W,"",9231EN,Surhuisterveen
Langelaan,2,X,"",9231EN,Surhuisterveen
Langelaan,2,Y,"",9231EN,Surhuisterveen
Langelaan,2,Z,"",9231EN,Surhuisterveen
Langelaan,20,"","",9231EN,Surhuisterveen
Langelaan,24,"","",9231EN,Surhuisterveen
Langelaan,26,"","",9231EN,Surhuisterveen
Langelaan,28,"","",9231EN,Surhuisterveen
Langelaan,30,"","",9231EN,Surhuisterveen
Langelaan,32,"","",9231EN,Surhuisterveen
Langelaan,34,"","",9231EN,Surhuisterveen
Langelaan,34,A,"",9231EN,Surhuisterveen
Langelaan,36,"","",9231EN,Surhuisterveen
Langelaan,4,"","",9231EN,Surhuisterveen
Langelaan,4,"","",9231EN,Surhuisterveen
Langelaan,4,A,"",9231EN,Surhuisterveen
Langelaan,6,"","",9231EN,Surhuisterveen
Langelaan,8,"","",9231EN,Surhuisterveen
Langelaan,101,"","",9231EP,Surhuisterveen
Langelaan,103,"","",9231EP,Surhuisterveen
Langelaan,105,"","",9231EP,Surhuisterveen
Langelaan,38,"","",9231EP,Surhuisterveen
Langelaan,40,"","",9231EP,Surhuisterveen
Langelaan,42,"","",9231EP,Surhuisterveen
Langelaan,44,"","",9231EP,Surhuisterveen
Langelaan,46,"","",9231EP,Surhuisterveen
Langelaan,48,"","",9231EP,Surhuisterveen
Langelaan,50,"","",9231EP,Surhuisterveen
Langelaan,52,"","",9231EP,Surhuisterveen
Langelaan,54,"","",9231EP,Surhuisterveen
Langelaan,54,"","",9231EP,Surhuisterveen
Langelaan,54,"","",9231EP,Surhuisterveen
Langelaan,56,"","",9231EP,Surhuisterveen
Langelaan,56,"","",9231EP,Surhuisterveen
Langelaan,56,"","",9231EP,Surhuisterveen
Langelaan,58,"","",9231EP,Surhuisterveen
Langelaan,58,"","",9231EP,Surhuisterveen
Langelaan,58,"","",9231EP,Surhuisterveen
Langelaan,58,"","",9231EP,Surhuisterveen
Langelaan,58,"","",9231EP,Surhuisterveen
Langelaan,60,"","",9231EP,Surhuisterveen
Langelaan,60,"","",9231EP,Surhuisterveen
Langelaan,60,"","",9231EP,Surhuisterveen
Langelaan,60,"","",9231EP,Surhuisterveen
Langelaan,60,"","",9231EP,Surhuisterveen
Langelaan,62,"","",9231EP,Surhuisterveen
Langelaan,62,"","",9231EP,Surhuisterveen
Langelaan,62,"","",9231EP,Surhuisterveen
Langelaan,62,"","",9231EP,Surhuisterveen
Langelaan,62,"","",9231EP,Surhuisterveen
Langelaan,64,"","",9231EP,Surhuisterveen
Langelaan,64,"","",9231EP,Surhuisterveen
Langelaan,64,"","",9231EP,Surhuisterveen
Langelaan,64,"","",9231EP,Surhuisterveen
Langelaan,64,"","",9231EP,Surhuisterveen
Langelaan,66,"","",9231EP,Surhuisterveen
Langelaan,66,"","",9231EP,Surhuisterveen
Langelaan,66,"","",9231EP,Surhuisterveen
Langelaan,97,"","",9231EP,Surhuisterveen
Langelaan,99,"","",9231EP,Surhuisterveen
Grietmanstraat,1,"","",9231ER,Surhuisterveen
Grietmanstraat,11,"","",9231ER,Surhuisterveen
Grietmanstraat,13,"","",9231ER,Surhuisterveen
Grietmanstraat,15,"","",9231ER,Surhuisterveen
Grietmanstraat,17,"","",9231ER,Surhuisterveen
Grietmanstraat,19,"","",9231ER,Surhuisterveen
Grietmanstraat,21,"","",9231ER,Surhuisterveen
Grietmanstraat,23,"","",9231ER,Surhuisterveen
Grietmanstraat,3,"","",9231ER,Surhuisterveen
Grietmanstraat,5,"","",9231ER,Surhuisterveen
Grietmanstraat,7,"","",9231ER,Surhuisterveen
Grietmanstraat,9,"","",9231ER,Surhuisterveen
Grietmanstraat,43,"","",9231ES,Surhuisterveen
Grietmanstraat,45,"","",9231ES,Surhuisterveen
Grietmanstraat,47,"","",9231ES,Surhuisterveen
Grietmanstraat,49,"","",9231ES,Surhuisterveen
Grietmanstraat,51,"","",9231ES,Surhuisterveen
Grietmanstraat,53,"","",9231ES,Surhuisterveen
Grietmanstraat,55,"","",9231ES,Surhuisterveen
Grietmanstraat,57,"","",9231ES,Surhuisterveen
Grietmanstraat,59,"","",9231ES,Surhuisterveen
Grietmanstraat,61,"","",9231ES,Surhuisterveen
Grietmanstraat,63,"","",9231ES,Surhuisterveen
Grietmanstraat,65,"","",9231ES,Surhuisterveen
Grietmanstraat,67,"","",9231ES,Surhuisterveen
Grietmanstraat,69,"","",9231ES,Surhuisterveen
Grietmanstraat,10,"","",9231ET,Surhuisterveen
Grietmanstraat,12,"","",9231ET,Surhuisterveen
Grietmanstraat,14,"","",9231ET,Surhuisterveen
Grietmanstraat,16,"","",9231ET,Surhuisterveen
Grietmanstraat,18,"","",9231ET,Surhuisterveen
Grietmanstraat,2,"","",9231ET,Surhuisterveen
Grietmanstraat,20,"","",9231ET,Surhuisterveen
Grietmanstraat,22,"","",9231ET,Surhuisterveen
Grietmanstraat,24,"","",9231ET,Surhuisterveen
Grietmanstraat,26,"","",9231ET,Surhuisterveen
Grietmanstraat,28,"","",9231ET,Surhuisterveen
Grietmanstraat,30,"","",9231ET,Surhuisterveen
Grietmanstraat,32,"","",9231ET,Surhuisterveen
Grietmanstraat,34,"","",9231ET,Surhuisterveen
Grietmanstraat,36,"","",9231ET,Surhuisterveen
Grietmanstraat,38,"","",9231ET,Surhuisterveen
Grietmanstraat,4,"","",9231ET,Surhuisterveen
Grietmanstraat,40,"","",9231ET,Surhuisterveen
Grietmanstraat,42,"","",9231ET,Surhuisterveen
Grietmanstraat,44,"","",9231ET,Surhuisterveen
Grietmanstraat,46,"","",9231ET,Surhuisterveen
Grietmanstraat,48,"","",9231ET,Surhuisterveen
Grietmanstraat,50,"","",9231ET,Surhuisterveen
Grietmanstraat,52,"","",9231ET,Surhuisterveen
Grietmanstraat,54,"","",9231ET,Surhuisterveen
Grietmanstraat,56,"","",9231ET,Surhuisterveen
Grietmanstraat,58,"","",9231ET,Surhuisterveen
Grietmanstraat,6,"","",9231ET,Surhuisterveen
Grietmanstraat,60,"","",9231ET,Surhuisterveen
Grietmanstraat,62,"","",9231ET,Surhuisterveen
Grietmanstraat,64,"","",9231ET,Surhuisterveen
Grietmanstraat,8,"","",9231ET,Surhuisterveen
Kortelaan,1,"","",9231EV,Surhuisterveen
Kortelaan,2,"","",9231EV,Surhuisterveen
Kortelaan,3,"","",9231EV,Surhuisterveen
Kortelaan,3,A,"",9231EV,Surhuisterveen
Kortelaan,3,A,"",9231EV,Surhuisterveen
Kortelaan,3,A,"",9231EV,Surhuisterveen
Kortelaan,4,"","",9231EV,Surhuisterveen
Kortelaan,5,"","",9231EV,Surhuisterveen
Kortelaan,6,"","",9231EV,Surhuisterveen
Kortelaan,7,"","",9231EV,Surhuisterveen
Kortelaan,9,"","",9231EV,Surhuisterveen
Dokter Keijserstraat,1,"","",9231EW,Surhuisterveen
Vloeiveld,10,"","",9231EW,Surhuisterveen
Vloeiveld,12,"","",9231EW,Surhuisterveen
Vloeiveld,14,"","",9231EW,Surhuisterveen
Vloeiveld,2,"","",9231EW,Surhuisterveen
Dokter Keijserstraat,25,"","",9231EW,Surhuisterveen
Dokter Keijserstraat,27,"","",9231EW,Surhuisterveen
Dokter Keijserstraat,29,"","",9231EW,Surhuisterveen
Dokter Keijserstraat,3,"","",9231EW,Surhuisterveen
Dokter Keijserstraat,31,"","",9231EW,Surhuisterveen
Vloeiveld,4,"","",9231EW,Surhuisterveen
Dokter Keijserstraat,5,"","",9231EW,Surhuisterveen
Vloeiveld,6,"","",9231EW,Surhuisterveen
Dokter Keijserstraat,7,"","",9231EW,Surhuisterveen
Vloeiveld,8,"","",9231EW,Surhuisterveen
Dokter Keijserstraat,33,"","",9231EX,Surhuisterveen
Dokter Keijserstraat,35,"","",9231EX,Surhuisterveen
Dokter Keijserstraat,37,"","",9231EX,Surhuisterveen
Dokter Keijserstraat,39,"","",9231EX,Surhuisterveen
Dokter Keijserstraat,41,"","",9231EX,Surhuisterveen
Dokter Keijserstraat,43,"","",9231EX,Surhuisterveen
Dokter Keijserstraat,45,"","",9231EX,Surhuisterveen
Dokter Keijserstraat,47,"","",9231EX,Surhuisterveen
Dokter Keijserstraat,49,"","",9231EX,Surhuisterveen
Dokter Keijserstraat,51,"","",9231EX,Surhuisterveen
Dokter Keijserstraat,53,"","",9231EX,Surhuisterveen
Dokter Keijserstraat,55,"","",9231EX,Surhuisterveen
Dokter Keijserstraat,57,"","",9231EX,Surhuisterveen
Dokter Keijserstraat,59,"","",9231EX,Surhuisterveen
Dokter Keijserstraat,61,"","",9231EX,Surhuisterveen
Dokter Keijserstraat,63,"","",9231EX,Surhuisterveen
Dokter Keijserstraat,10,"","",9231EZ,Surhuisterveen
Dokter Keijserstraat,12,"","",9231EZ,Surhuisterveen
Dokter Keijserstraat,14,"","",9231EZ,Surhuisterveen
Dokter Keijserstraat,16,"","",9231EZ,Surhuisterveen
Dokter Keijserstraat,18,"","",9231EZ,Surhuisterveen
Dokter Keijserstraat,2,"","",9231EZ,Surhuisterveen
Dokter Keijserstraat,20,"","",9231EZ,Surhuisterveen
Dokter Keijserstraat,22,"","",9231EZ,Surhuisterveen
Dokter Keijserstraat,24,"","",9231EZ,Surhuisterveen
Dokter Keijserstraat,4,"","",9231EZ,Surhuisterveen
Dokter Keijserstraat,6,"","",9231EZ,Surhuisterveen
Dokter Keijserstraat,8,"","",9231EZ,Surhuisterveen
Dokter Keijserstraat,26,"","",9231GA,Surhuisterveen
Dokter Keijserstraat,26,"",G001,9231GA,Surhuisterveen
Dokter Keijserstraat,26,"",G002,9231GA,Surhuisterveen
Dokter Keijserstraat,26,"",G003,9231GA,Surhuisterveen
Dokter Keijserstraat,26,"",G004,9231GA,Surhuisterveen
Dokter Keijserstraat,26,"",G005,9231GA,Surhuisterveen
Dokter Keijserstraat,26,"",G006,9231GA,Surhuisterveen
Dokter Keijserstraat,26,"",G007,9231GA,Surhuisterveen
Dokter Keijserstraat,26,"",G008,9231GA,Surhuisterveen
Dokter Keijserstraat,26,"",G009,9231GA,Surhuisterveen
Dokter Keijserstraat,26,"",G010,9231GA,Surhuisterveen
Dokter Keijserstraat,26,"",G011,9231GA,Surhuisterveen
Dokter Keijserstraat,26,"",G012,9231GA,Surhuisterveen
Dokter Keijserstraat,26,"",G013,9231GA,Surhuisterveen
Dokter Keijserstraat,26,"",G014,9231GA,Surhuisterveen
Dokter Keijserstraat,26,"",G015,9231GA,Surhuisterveen
Dokter Keijserstraat,26,"",G016,9231GA,Surhuisterveen
Dokter Keijserstraat,26,"",G017,9231GA,Surhuisterveen
Dokter Keijserstraat,26,"",G018,9231GA,Surhuisterveen
Dokter Keijserstraat,26,"",G019,9231GA,Surhuisterveen
Dokter Keijserstraat,26,"",G020,9231GA,Surhuisterveen
Dokter Keijserstraat,26,"",G021,9231GA,Surhuisterveen
Dokter Keijserstraat,26,"",G022,9231GA,Surhuisterveen
Dokter Keijserstraat,26,"",G023,9231GA,Surhuisterveen
Dokter Keijserstraat,26,"",G024,9231GA,Surhuisterveen
Dokter Keijserstraat,28,"","",9231GA,Surhuisterveen
Dokter Keijserstraat,30,"","",9231GA,Surhuisterveen
Dokter Keijserstraat,32,"","",9231GA,Surhuisterveen
Dokter Keijserstraat,34,"","",9231GA,Surhuisterveen
Dokter Keijserstraat,36,"","",9231GA,Surhuisterveen
Dokter Keijserstraat,38,"","",9231GA,Surhuisterveen
Dokter Keijserstraat,40,"","",9231GA,Surhuisterveen
Dokter Keijserstraat,42,"","",9231GA,Surhuisterveen
Dokter Keijserstraat,44,"","",9231GA,Surhuisterveen
Dokter Keijserstraat,46,"","",9231GA,Surhuisterveen
Dokter Keijserstraat,48,"","",9231GA,Surhuisterveen
Dokter Keijserstraat,50,"","",9231GA,Surhuisterveen
Dokter Keijserstraat,52,"","",9231GA,Surhuisterveen
Dokter Keijserstraat,54,"","",9231GA,Surhuisterveen
Dokter Keijserstraat,56,"","",9231GA,Surhuisterveen
Dokter Keijserstraat,58,"","",9231GA,Surhuisterveen
Dokter Keijserstraat,60,"","",9231GA,Surhuisterveen
Dokter Keijserstraat,62,"","",9231GA,Surhuisterveen
Dokter Keijserstraat,64,"","",9231GA,Surhuisterveen
Johan ter Schoeleweg,1,"","",9231GB,Surhuisterveen
Johan ter Schoeleweg,11,"","",9231GB,Surhuisterveen
Johan ter Schoeleweg,13,"","",9231GB,Surhuisterveen
Johan ter Schoeleweg,15,"","",9231GB,Surhuisterveen
Johan ter Schoeleweg,17,"","",9231GB,Surhuisterveen
Johan ter Schoeleweg,19,"","",9231GB,Surhuisterveen
Johan ter Schoeleweg,21,"","",9231GB,Surhuisterveen
Johan ter Schoeleweg,23,"","",9231GB,Surhuisterveen
Johan ter Schoeleweg,25,"","",9231GB,Surhuisterveen
Johan ter Schoeleweg,27,"","",9231GB,Surhuisterveen
Johan ter Schoeleweg,29,"","",9231GB,Surhuisterveen
Johan ter Schoeleweg,3,"","",9231GB,Surhuisterveen
Johan ter Schoeleweg,31,"","",9231GB,Surhuisterveen
Johan ter Schoeleweg,33,"","",9231GB,Surhuisterveen
Johan ter Schoeleweg,35,"","",9231GB,Surhuisterveen
Johan ter Schoeleweg,37,"","",9231GB,Surhuisterveen
Johan ter Schoeleweg,39,"","",9231GB,Surhuisterveen
Johan ter Schoeleweg,5,"","",9231GB,Surhuisterveen
Johan ter Schoeleweg,7,"","",9231GB,Surhuisterveen
Johan ter Schoeleweg,9,"","",9231GB,Surhuisterveen
Johan ter Schoeleweg,41,"","",9231GC,Surhuisterveen
Johan ter Schoeleweg,43,"","",9231GC,Surhuisterveen
Johan ter Schoeleweg,45,"","",9231GC,Surhuisterveen
Johan ter Schoeleweg,47,"","",9231GC,Surhuisterveen
Johan ter Schoeleweg,49,"","",9231GC,Surhuisterveen
Johan ter Schoeleweg,51,"","",9231GC,Surhuisterveen
Johan ter Schoeleweg,53,"","",9231GC,Surhuisterveen
Johan ter Schoeleweg,55,"","",9231GC,Surhuisterveen
Johan ter Schoeleweg,57,"","",9231GC,Surhuisterveen
Johan ter Schoeleweg,59,"","",9231GC,Surhuisterveen
Johan ter Schoeleweg,61,"","",9231GC,Surhuisterveen
Johan ter Schoeleweg,63,"","",9231GC,Surhuisterveen
Johan ter Schoeleweg,65,"","",9231GC,Surhuisterveen
Johan ter Schoeleweg,67,"","",9231GC,Surhuisterveen
Johan ter Schoeleweg,69,"","",9231GC,Surhuisterveen
Johan ter Schoeleweg,71,"","",9231GC,Surhuisterveen
Johan ter Schoeleweg,10,"","",9231GD,Surhuisterveen
Johan ter Schoeleweg,12,"","",9231GD,Surhuisterveen
Johan ter Schoeleweg,14,"","",9231GD,Surhuisterveen
Johan ter Schoeleweg,16,"","",9231GD,Surhuisterveen
Johan ter Schoeleweg,18,"","",9231GD,Surhuisterveen
Johan ter Schoeleweg,20,"","",9231GD,Surhuisterveen
Johan ter Schoeleweg,22,"","",9231GD,Surhuisterveen
Johan ter Schoeleweg,24,"","",9231GD,Surhuisterveen
Johan ter Schoeleweg,26,"","",9231GD,Surhuisterveen
Johan ter Schoeleweg,28,"","",9231GD,Surhuisterveen
Johan ter Schoeleweg,6,"","",9231GD,Surhuisterveen
Johan ter Schoeleweg,8,"","",9231GD,Surhuisterveen
Johan ter Schoeleweg,30,"","",9231GE,Surhuisterveen
Johan ter Schoeleweg,32,"","",9231GE,Surhuisterveen
Johan ter Schoeleweg,34,"","",9231GE,Surhuisterveen
Johan ter Schoeleweg,36,"","",9231GE,Surhuisterveen
Johan ter Schoeleweg,38,"","",9231GE,Surhuisterveen
Johan ter Schoeleweg,40,"","",9231GE,Surhuisterveen
Johan ter Schoeleweg,42,"","",9231GE,Surhuisterveen
Johan ter Schoeleweg,44,"","",9231GE,Surhuisterveen
Johan ter Schoeleweg,46,"","",9231GE,Surhuisterveen
Johan ter Schoeleweg,48,"","",9231GE,Surhuisterveen
Johan ter Schoeleweg,50,"","",9231GE,Surhuisterveen
Johan ter Schoeleweg,52,"","",9231GE,Surhuisterveen
Johan ter Schoeleweg,54,"","",9231GE,Surhuisterveen
Johan ter Schoeleweg,56,"","",9231GE,Surhuisterveen
Johan ter Schoeleweg,58,"","",9231GE,Surhuisterveen
Johan ter Schoeleweg,60,"","",9231GE,Surhuisterveen
Van Duinenstraat,41,"","",9231GH,Surhuisterveen
Van Duinenstraat,43,"","",9231GH,Surhuisterveen
Van Duinenstraat,45,"","",9231GH,Surhuisterveen
Van Duinenstraat,47,"","",9231GH,Surhuisterveen
Van Duinenstraat,49,"","",9231GH,Surhuisterveen
Van Duinenstraat,51,"","",9231GH,Surhuisterveen
Van Duinenstraat,53,"","",9231GH,Surhuisterveen
Van Duinenstraat,55,"","",9231GH,Surhuisterveen
Van Duinenstraat,57,"","",9231GH,Surhuisterveen
Van Duinenstraat,59,"","",9231GH,Surhuisterveen
Van Duinenstraat,61,"","",9231GH,Surhuisterveen
Van Duinenstraat,63,"","",9231GH,Surhuisterveen
Van Duinenstraat,65,"","",9231GH,Surhuisterveen
Van Duinenstraat,67,"","",9231GH,Surhuisterveen
Van Duinenstraat,69,"","",9231GH,Surhuisterveen
Van Duinenstraat,71,"","",9231GH,Surhuisterveen
Van Duinenstraat,73,"","",9231GH,Surhuisterveen
Van Duinenstraat,30,"","",9231GK,Surhuisterveen
Van Duinenstraat,32,"","",9231GK,Surhuisterveen
Van Duinenstraat,34,"","",9231GK,Surhuisterveen
Van Duinenstraat,36,"","",9231GK,Surhuisterveen
Van Duinenstraat,38,"","",9231GK,Surhuisterveen
Van Duinenstraat,40,"","",9231GK,Surhuisterveen
Van Duinenstraat,42,"","",9231GK,Surhuisterveen
Van Duinenstraat,44,"","",9231GK,Surhuisterveen
Van Duinenstraat,46,"","",9231GK,Surhuisterveen
Van Duinenstraat,48,"","",9231GK,Surhuisterveen
Van Duinenstraat,50,"","",9231GK,Surhuisterveen
Van Duinenstraat,52,"","",9231GK,Surhuisterveen
Van Duinenstraat,54,"","",9231GK,Surhuisterveen
Van Duinenstraat,56,"","",9231GK,Surhuisterveen
Van Duinenstraat,56,"","",9231GK,Surhuisterveen
Van Duinenstraat,56,"","",9231GK,Surhuisterveen
Van Duinenstraat,58,"","",9231GK,Surhuisterveen
Van Duinenstraat,60,"","",9231GK,Surhuisterveen
Kloosterstraat,1,"","",9231GL,Surhuisterveen
Langhof,10,"","",9231GL,Surhuisterveen
Kloosterstraat,11,"","",9231GL,Surhuisterveen
Langhof,12,"","",9231GL,Surhuisterveen
Kloosterstraat,13,"","",9231GL,Surhuisterveen
Langhof,14,"","",9231GL,Surhuisterveen
Kloosterstraat,15,"","",9231GL,Surhuisterveen
Langhof,16,"","",9231GL,Surhuisterveen
Langhof,18,"","",9231GL,Surhuisterveen
Kloosterstraat,19,"","",9231GL,Surhuisterveen
Langhof,2,"","",9231GL,Surhuisterveen
Langhof,20,"","",9231GL,Surhuisterveen
Kloosterstraat,21,"","",9231GL,Surhuisterveen
Kloosterstraat,3,"","",9231GL,Surhuisterveen
Langhof,4,"","",9231GL,Surhuisterveen
Kloosterstraat,5,"","",9231GL,Surhuisterveen
Langhof,6,"","",9231GL,Surhuisterveen
Kloosterstraat,7,"","",9231GL,Surhuisterveen
Langhof,8,"","",9231GL,Surhuisterveen
Kloosterstraat,9,"","",9231GL,Surhuisterveen
Kloosterstraat,10,"",G001,9231GM,Surhuisterveen
Kloosterstraat,10,"",G002,9231GM,Surhuisterveen
Kloosterstraat,10,"",G003,9231GM,Surhuisterveen
Kloosterstraat,10,"",G004,9231GM,Surhuisterveen
Kloosterstraat,10,"",G005,9231GM,Surhuisterveen
Kloosterstraat,10,"",G006,9231GM,Surhuisterveen
Kloosterstraat,10,"",G007,9231GM,Surhuisterveen
Kloosterstraat,10,"",G008,9231GM,Surhuisterveen
Kloosterstraat,12,"","",9231GM,Surhuisterveen
Kloosterstraat,12,"","",9231GM,Surhuisterveen
Kloosterstraat,2,"","",9231GM,Surhuisterveen
Kloosterstraat,4,"","",9231GM,Surhuisterveen
Kloosterstraat,6,"","",9231GM,Surhuisterveen
Kloosterstraat,8,"","",9231GM,Surhuisterveen
Munnikestraat,1,"","",9231GN,Surhuisterveen
Munnikestraat,11,"","",9231GN,Surhuisterveen
Munnikestraat,13,"","",9231GN,Surhuisterveen
Munnikestraat,15,"","",9231GN,Surhuisterveen
Munnikestraat,17,"","",9231GN,Surhuisterveen
Munnikestraat,19,"","",9231GN,Surhuisterveen
Munnikestraat,21,"","",9231GN,Surhuisterveen
Munnikestraat,23,"","",9231GN,Surhuisterveen
Munnikestraat,25,"","",9231GN,Surhuisterveen
Munnikestraat,27,"","",9231GN,Surhuisterveen
Munnikestraat,29,"","",9231GN,Surhuisterveen
Munnikestraat,3,"","",9231GN,Surhuisterveen
Munnikestraat,31,"","",9231GN,Surhuisterveen
Munnikestraat,31,A,"",9231GN,Surhuisterveen
Munnikestraat,5,"","",9231GN,Surhuisterveen
Munnikestraat,7,"","",9231GN,Surhuisterveen
Munnikestraat,9,"","",9231GN,Surhuisterveen
Munnikestraat,10,"","",9231GP,Surhuisterveen
Munnikestraat,12,"","",9231GP,Surhuisterveen
Munnikestraat,14,"","",9231GP,Surhuisterveen
Munnikestraat,16,"","",9231GP,Surhuisterveen
Munnikestraat,18,"","",9231GP,Surhuisterveen
Munnikestraat,2,"","",9231GP,Surhuisterveen
Munnikestraat,4,"","",9231GP,Surhuisterveen
Munnikestraat,6,"","",9231GP,Surhuisterveen
Munnikestraat,8,"","",9231GP,Surhuisterveen
Lauwersweg,1,"","",9231GR,Surhuisterveen
Lauwersweg,1,A,"",9231GR,Surhuisterveen
Lauwersweg,10,"","",9231GR,Surhuisterveen
Lauwersweg,11,"","",9231GR,Surhuisterveen
Lauwersweg,11,"","",9231GR,Surhuisterveen
Lauwersweg,11,"","",9231GR,Surhuisterveen
Lauwersweg,13,"","",9231GR,Surhuisterveen
Lauwersweg,13,"","",9231GR,Surhuisterveen
Lauwersweg,14,"","",9231GR,Surhuisterveen
Lauwersweg,15,"","",9231GR,Surhuisterveen
Lauwersweg,15,"","",9231GR,Surhuisterveen
Lauwersweg,15,"","",9231GR,Surhuisterveen
Lauwersweg,16,"","",9231GR,Surhuisterveen
Lauwersweg,17,"","",9231GR,Surhuisterveen
Lauwersweg,18,"","",9231GR,Surhuisterveen
Lauwersweg,19,"","",9231GR,Surhuisterveen
Lauwersweg,19,"","",9231GR,Surhuisterveen
Lauwersweg,20,"","",9231GR,Surhuisterveen
Lauwersweg,3,"","",9231GR,Surhuisterveen
Lauwersweg,4,"","",9231GR,Surhuisterveen
Lauwersweg,4,"","",9231GR,Surhuisterveen
Lauwersweg,4,A,"",9231GR,Surhuisterveen
Lauwersweg,5,"","",9231GR,Surhuisterveen
Lauwersweg,6,A,"",9231GR,Surhuisterveen
Lauwersweg,7,"","",9231GR,Surhuisterveen
Lauwersweg,7,"","",9231GR,Surhuisterveen
Lauwersweg,7,"","",9231GR,Surhuisterveen
Lauwersweg,7,"","",9231GR,Surhuisterveen
Lauwersweg,7,A,"",9231GR,Surhuisterveen
Lauwersweg,8,"","",9231GR,Surhuisterveen
Lauwersweg,9,"","",9231GR,Surhuisterveen
Lauwersweg,9,"","",9231GR,Surhuisterveen
Lauwersweg,9,"","",9231GR,Surhuisterveen
Taeke Schuilengalaan,1,"","",9231GS,Surhuisterveen
Taeke Schuilengalaan,1,A,"",9231GS,Surhuisterveen
Taeke Schuilengalaan,11,"","",9231GS,Surhuisterveen
Taeke Schuilengalaan,13,"","",9231GS,Surhuisterveen
Taeke Schuilengalaan,15,"","",9231GS,Surhuisterveen
Taeke Schuilengalaan,17,"","",9231GS,Surhuisterveen
Taeke Schuilengalaan,19,"","",9231GS,Surhuisterveen
Taeke Schuilengalaan,21,"","",9231GS,Surhuisterveen
Taeke Schuilengalaan,23,"","",9231GS,Surhuisterveen
Taeke Schuilengalaan,25,"","",9231GS,Surhuisterveen
Taeke Schuilengalaan,27,"","",9231GS,Surhuisterveen
Taeke Schuilengalaan,29,"","",9231GS,Surhuisterveen
Taeke Schuilengalaan,3,"","",9231GS,Surhuisterveen
Taeke Schuilengalaan,31,"","",9231GS,Surhuisterveen
Taeke Schuilengalaan,33,"","",9231GS,Surhuisterveen
Taeke Schuilengalaan,35,"","",9231GS,Surhuisterveen
Taeke Schuilengalaan,37,"","",9231GS,Surhuisterveen
Taeke Schuilengalaan,5,"","",9231GS,Surhuisterveen
Taeke Schuilengalaan,7,"","",9231GS,Surhuisterveen
Taeke Schuilengalaan,9,"","",9231GS,Surhuisterveen
Taeke Schuilengalaan,39,"","",9231GT,Surhuisterveen
Taeke Schuilengalaan,41,"","",9231GT,Surhuisterveen
Taeke Schuilengalaan,43,"","",9231GT,Surhuisterveen
Taeke Schuilengalaan,45,"","",9231GT,Surhuisterveen
Taeke Schuilengalaan,47,"","",9231GT,Surhuisterveen
Taeke Schuilengalaan,49,"","",9231GT,Surhuisterveen
Taeke Schuilengalaan,51,"","",9231GT,Surhuisterveen
Taeke Schuilengalaan,59,"","",9231GT,Surhuisterveen
Taeke Schuilengalaan,61,"","",9231GT,Surhuisterveen
Taeke Schuilengalaan,63,"","",9231GT,Surhuisterveen
Taeke Schuilengalaan,65,"","",9231GT,Surhuisterveen
Taeke Schuilengalaan,67,"","",9231GT,Surhuisterveen
Taeke Schuilengalaan,69,"","",9231GT,Surhuisterveen
Taeke Schuilengalaan,71,"","",9231GT,Surhuisterveen
Taeke Schuilengalaan,73,"","",9231GT,Surhuisterveen
Taeke Schuilengalaan,75,"","",9231GT,Surhuisterveen
Taeke Schuilengalaan,77,"","",9231GT,Surhuisterveen
Taeke Schuilengalaan,79,"","",9231GT,Surhuisterveen
Taeke Schuilengalaan,10,"","",9231GV,Surhuisterveen
Taeke Schuilengalaan,12,"","",9231GV,Surhuisterveen
Taeke Schuilengalaan,12,A,"",9231GV,Surhuisterveen
Taeke Schuilengalaan,14,"","",9231GV,Surhuisterveen
Taeke Schuilengalaan,16,"","",9231GV,Surhuisterveen
Taeke Schuilengalaan,18,"","",9231GV,Surhuisterveen
Taeke Schuilengalaan,2,"","",9231GV,Surhuisterveen
Taeke Schuilengalaan,20,"","",9231GV,Surhuisterveen
Taeke Schuilengalaan,22,"","",9231GV,Surhuisterveen
Taeke Schuilengalaan,24,"","",9231GV,Surhuisterveen
Taeke Schuilengalaan,26,"","",9231GV,Surhuisterveen
Taeke Schuilengalaan,28,"","",9231GV,Surhuisterveen
Taeke Schuilengalaan,30,"","",9231GV,Surhuisterveen
Taeke Schuilengalaan,32,"","",9231GV,Surhuisterveen
Taeke Schuilengalaan,34,"","",9231GV,Surhuisterveen
Taeke Schuilengalaan,36,"","",9231GV,Surhuisterveen
Taeke Schuilengalaan,4,"","",9231GV,Surhuisterveen
Taeke Schuilengalaan,6,"","",9231GV,Surhuisterveen
Taeke Schuilengalaan,8,"","",9231GV,Surhuisterveen
Taeke Schuilengalaan,52,"","",9231GW,Surhuisterveen
Taeke Schuilengalaan,54,"","",9231GW,Surhuisterveen
Taeke Schuilengalaan,56,"","",9231GW,Surhuisterveen
Taeke Schuilengalaan,58,"","",9231GW,Surhuisterveen
Taeke Schuilengalaan,60,"","",9231GW,Surhuisterveen
Taeke Schuilengalaan,62,"","",9231GW,Surhuisterveen
Taeke Schuilengalaan,64,"","",9231GW,Surhuisterveen
Taeke Schuilengalaan,66,"","",9231GW,Surhuisterveen
Taeke Schuilengalaan,68,"","",9231GW,Surhuisterveen
Taeke Schuilengalaan,70,"","",9231GW,Surhuisterveen
Taeke Schuilengalaan,72,"","",9231GW,Surhuisterveen
Taeke Schuilengalaan,74,"","",9231GW,Surhuisterveen
Taeke Schuilengalaan,76,"","",9231GW,Surhuisterveen
Verkerckstraat,1,"","",9231GX,Surhuisterveen
Verkerckstraat,11,"","",9231GX,Surhuisterveen
Verkerckstraat,13,"","",9231GX,Surhuisterveen
Verkerckstraat,15,"","",9231GX,Surhuisterveen
Verkerckstraat,17,"","",9231GX,Surhuisterveen
Verkerckstraat,19,"","",9231GX,Surhuisterveen
Verkerckstraat,21,"","",9231GX,Surhuisterveen
Verkerckstraat,23,"","",9231GX,Surhuisterveen
Verkerckstraat,25,"","",9231GX,Surhuisterveen
Verkerckstraat,27,"","",9231GX,Surhuisterveen
Verkerckstraat,29,"","",9231GX,Surhuisterveen
Verkerckstraat,3,"","",9231GX,Surhuisterveen
Verkerckstraat,31,"","",9231GX,Surhuisterveen
Verkerckstraat,5,"","",9231GX,Surhuisterveen
Verkerckstraat,7,"","",9231GX,Surhuisterveen
Verkerckstraat,9,"","",9231GX,Surhuisterveen
Verkerckstraat,33,"","",9231GZ,Surhuisterveen
Verkerckstraat,35,"","",9231GZ,Surhuisterveen
Verkerckstraat,37,"","",9231GZ,Surhuisterveen
Verkerckstraat,39,"","",9231GZ,Surhuisterveen
Verkerckstraat,41,"","",9231GZ,Surhuisterveen
Verkerckstraat,43,"","",9231GZ,Surhuisterveen
Verkerckstraat,45,"","",9231GZ,Surhuisterveen
Verkerckstraat,47,"","",9231GZ,Surhuisterveen
Verkerckstraat,47,"",G001,9231GZ,Surhuisterveen
Verkerckstraat,47,"",G002,9231GZ,Surhuisterveen
Verkerckstraat,47,"",G003,9231GZ,Surhuisterveen
Verkerckstraat,47,"",G003,9231GZ,Surhuisterveen
Verkerckstraat,47,"",G004,9231GZ,Surhuisterveen
Verkerckstraat,47,"",G005,9231GZ,Surhuisterveen
Verkerckstraat,47,"",G006,9231GZ,Surhuisterveen
Verkerckstraat,47,"",G007,9231GZ,Surhuisterveen
Verkerckstraat,49,"","",9231GZ,Surhuisterveen
Verkerckstraat,51,"","",9231GZ,Surhuisterveen
Verkerckstraat,53,"","",9231GZ,Surhuisterveen
Verkerckstraat,55,"","",9231GZ,Surhuisterveen
Verkerckstraat,57,"","",9231GZ,Surhuisterveen
Verkerckstraat,59,"","",9231GZ,Surhuisterveen
Verkerckstraat,61,"","",9231GZ,Surhuisterveen
Verkerckstraat,63,"","",9231GZ,Surhuisterveen
Verkerckstraat,65,"","",9231GZ,Surhuisterveen
Verkerckstraat,67,"","",9231GZ,Surhuisterveen
Verkerckstraat,69,"","",9231GZ,Surhuisterveen
Verkerckstraat,71,"","",9231GZ,Surhuisterveen
Verkerckstraat,10,"","",9231HA,Surhuisterveen
Verkerckstraat,12,"","",9231HA,Surhuisterveen
Verkerckstraat,14,"","",9231HA,Surhuisterveen
Verkerckstraat,16,"","",9231HA,Surhuisterveen
Verkerckstraat,18,"","",9231HA,Surhuisterveen
Verkerckstraat,2,"","",9231HA,Surhuisterveen
Verkerckstraat,20,"","",9231HA,Surhuisterveen
Verkerckstraat,22,"","",9231HA,Surhuisterveen
Verkerckstraat,24,"","",9231HA,Surhuisterveen
Verkerckstraat,24,A,"",9231HA,Surhuisterveen
Verkerckstraat,26,"","",9231HA,Surhuisterveen
Verkerckstraat,4,"","",9231HA,Surhuisterveen
Verkerckstraat,6,"","",9231HA,Surhuisterveen
Verkerckstraat,8,"","",9231HA,Surhuisterveen
Verkerckstraat,28,"","",9231HB,Surhuisterveen
Verkerckstraat,30,"","",9231HB,Surhuisterveen
Verkerckstraat,32,"","",9231HB,Surhuisterveen
Verkerckstraat,34,"","",9231HB,Surhuisterveen
Verkerckstraat,36,"","",9231HB,Surhuisterveen
Verkerckstraat,38,"","",9231HB,Surhuisterveen
Verkerckstraat,40,"","",9231HB,Surhuisterveen
Verkerckstraat,42,"","",9231HB,Surhuisterveen
Verkerckstraat,44,"","",9231HB,Surhuisterveen
Verkerckstraat,46,"","",9231HB,Surhuisterveen
Verkerckstraat,48,"","",9231HB,Surhuisterveen
Verkerckstraat,50,"","",9231HB,Surhuisterveen
Verkerckstraat,52,"","",9231HB,Surhuisterveen
De Leijen,11,"","",9231HC,Surhuisterveen
De Leijen,13,"","",9231HC,Surhuisterveen
De Leijen,15,"","",9231HC,Surhuisterveen
De Leijen,17,"","",9231HC,Surhuisterveen
De Leijen,19,"","",9231HC,Surhuisterveen
De Leijen,21,"","",9231HC,Surhuisterveen
De Leijen,23,"","",9231HC,Surhuisterveen
De Leijen,25,"","",9231HC,Surhuisterveen
De Leijen,3,"","",9231HC,Surhuisterveen
De Leijen,35,"","",9231HC,Surhuisterveen
De Leijen,37,"","",9231HC,Surhuisterveen
De Leijen,39,"","",9231HC,Surhuisterveen
De Leijen,41,"","",9231HC,Surhuisterveen
De Leijen,43,"","",9231HC,Surhuisterveen
De Leijen,45,"","",9231HC,Surhuisterveen
De Leijen,47,"","",9231HC,Surhuisterveen
De Leijen,49,"","",9231HC,Surhuisterveen
De Leijen,5,"","",9231HC,Surhuisterveen
De Leijen,7,"","",9231HC,Surhuisterveen
De Leijen,9,"","",9231HC,Surhuisterveen
De Leijen,10,"","",9231HD,Surhuisterveen
De Leijen,12,"","",9231HD,Surhuisterveen
De Leijen,14,"","",9231HD,Surhuisterveen
De Leijen,16,"","",9231HD,Surhuisterveen
De Leijen,18,"","",9231HD,Surhuisterveen
De Leijen,20,"","",9231HD,Surhuisterveen
De Leijen,22,"","",9231HD,Surhuisterveen
De Leijen,24,"","",9231HD,Surhuisterveen
De Leijen,26,"","",9231HD,Surhuisterveen
De Leijen,28,"","",9231HD,Surhuisterveen
De Leijen,30,"","",9231HD,Surhuisterveen
Munnikestraat,31,A,"",9231HD,Surhuisterveen
De Leijen,32,"","",9231HD,Surhuisterveen
De Leijen,34,"","",9231HD,Surhuisterveen
De Leijen,4,"","",9231HD,Surhuisterveen
De Leijen,46,"","",9231HD,Surhuisterveen
De Leijen,48,"","",9231HD,Surhuisterveen
De Leijen,50,"","",9231HD,Surhuisterveen
De Leijen,6,"","",9231HD,Surhuisterveen
De Leijen,8,"","",9231HD,Surhuisterveen
Wamelbos,1,"","",9231HE,Surhuisterveen
Wamelbos,11,"","",9231HE,Surhuisterveen
Wamelbos,13,"","",9231HE,Surhuisterveen
Wamelbos,15,"","",9231HE,Surhuisterveen
Wamelbos,15,A,"",9231HE,Surhuisterveen
Wamelbos,15,B,"",9231HE,Surhuisterveen
Wamelbos,17,"","",9231HE,Surhuisterveen
Wamelbos,19,"","",9231HE,Surhuisterveen
Wamelbos,21,"","",9231HE,Surhuisterveen
Wamelbos,23,"","",9231HE,Surhuisterveen
Wamelbos,25,"","",9231HE,Surhuisterveen
Wamelbos,27,"","",9231HE,Surhuisterveen
Wamelbos,29,"","",9231HE,Surhuisterveen
Wamelbos,3,"","",9231HE,Surhuisterveen
Wamelbos,31,"","",9231HE,Surhuisterveen
Wamelbos,5,"","",9231HE,Surhuisterveen
Wamelbos,7,"","",9231HE,Surhuisterveen
Wamelbos,9,"","",9231HE,Surhuisterveen
Vossepol,11,"","",9231HG,Surhuisterveen
Vossepol,13,"","",9231HG,Surhuisterveen
Vossepol,15,"","",9231HG,Surhuisterveen
Vossepol,17,"","",9231HG,Surhuisterveen
Vossepol,19,"","",9231HG,Surhuisterveen
Vossepol,19,A,"",9231HG,Surhuisterveen
Vossepol,19,B,"",9231HG,Surhuisterveen
Vossepol,19,C,"",9231HG,Surhuisterveen
Vossepol,19,D,"",9231HG,Surhuisterveen
Vossepol,19,E,"",9231HG,Surhuisterveen
Vossepol,19,F,"",9231HG,Surhuisterveen
Vossepol,19,G,"",9231HG,Surhuisterveen
Vossepol,19,H,"",9231HG,Surhuisterveen
Vossepol,21,"","",9231HG,Surhuisterveen
Vossepol,21,"",G001,9231HG,Surhuisterveen
Vossepol,21,"",G002,9231HG,Surhuisterveen
Vossepol,21,"",G003,9231HG,Surhuisterveen
Vossepol,21,"",G004,9231HG,Surhuisterveen
Vossepol,21,"",G005,9231HG,Surhuisterveen
Vossepol,21,"",G006,9231HG,Surhuisterveen
Vossepol,23,"","",9231HG,Surhuisterveen
Vossepol,25,"","",9231HG,Surhuisterveen
Vossepol,27,"","",9231HG,Surhuisterveen
Vossepol,29,"","",9231HG,Surhuisterveen
Vossepol,3,"","",9231HG,Surhuisterveen
Vossepol,31,"","",9231HG,Surhuisterveen
Vossepol,33,"","",9231HG,Surhuisterveen
Vossepol,35,"","",9231HG,Surhuisterveen
Vossepol,37,"","",9231HG,Surhuisterveen
Vossepol,39,"","",9231HG,Surhuisterveen
Vossepol,41,"","",9231HG,Surhuisterveen
Vossepol,5,"","",9231HG,Surhuisterveen
Vossepol,7,"","",9231HG,Surhuisterveen
Vossepol,9,"","",9231HG,Surhuisterveen
Vossepol,10,"","",9231HH,Surhuisterveen
Vossepol,12,"","",9231HH,Surhuisterveen
Vossepol,14,"","",9231HH,Surhuisterveen
Vossepol,16,"","",9231HH,Surhuisterveen
Vossepol,18,"","",9231HH,Surhuisterveen
Vossepol,2,"","",9231HH,Surhuisterveen
Vossepol,20,"","",9231HH,Surhuisterveen
Vossepol,22,"","",9231HH,Surhuisterveen
Vossepol,24,"","",9231HH,Surhuisterveen
Vossepol,26,"","",9231HH,Surhuisterveen
Vossepol,28,"","",9231HH,Surhuisterveen
Vossepol,30,"","",9231HH,Surhuisterveen
Vossepol,32,"","",9231HH,Surhuisterveen
Vossepol,34,"","",9231HH,Surhuisterveen
Vossepol,36,"","",9231HH,Surhuisterveen
Vossepol,4,"","",9231HH,Surhuisterveen
Vossepol,6,"","",9231HH,Surhuisterveen
Vossepol,8,"","",9231HH,Surhuisterveen
Zwitserlaan,1,"","",9231HJ,Surhuisterveen
Zwitserlaan,11,"","",9231HJ,Surhuisterveen
Zwitserlaan,13,"","",9231HJ,Surhuisterveen
Zwitserlaan,15,"","",9231HJ,Surhuisterveen
Zwitserlaan,17,"","",9231HJ,Surhuisterveen
Zwitserlaan,19,"","",9231HJ,Surhuisterveen
Zwitserlaan,21,"","",9231HJ,Surhuisterveen
Zwitserlaan,3,"","",9231HJ,Surhuisterveen
Zwitserlaan,31,"","",9231HJ,Surhuisterveen
Zwitserlaan,33,"","",9231HJ,Surhuisterveen
Zwitserlaan,35,"","",9231HJ,Surhuisterveen
Zwitserlaan,37,"","",9231HJ,Surhuisterveen
Zwitserlaan,39,"","",9231HJ,Surhuisterveen
Zwitserlaan,41,"","",9231HJ,Surhuisterveen
Zwitserlaan,43,"","",9231HJ,Surhuisterveen
Zwitserlaan,45,"","",9231HJ,Surhuisterveen
Zwitserlaan,47,"","",9231HJ,Surhuisterveen
Zwitserlaan,49,"","",9231HJ,Surhuisterveen
Zwitserlaan,5,"","",9231HJ,Surhuisterveen
Zwitserlaan,7,"","",9231HJ,Surhuisterveen
Zwitserlaan,9,"","",9231HJ,Surhuisterveen
Zwitserlaan,10,"","",9231HK,Surhuisterveen
Zwitserlaan,12,"","",9231HK,Surhuisterveen
Zwitserlaan,14,"","",9231HK,Surhuisterveen
Zwitserlaan,16,"","",9231HK,Surhuisterveen
Zwitserlaan,18,"","",9231HK,Surhuisterveen
Zwitserlaan,2,"","",9231HK,Surhuisterveen
Zwitserlaan,20,"","",9231HK,Surhuisterveen
Zwitserlaan,22,"","",9231HK,Surhuisterveen
Zwitserlaan,24,"","",9231HK,Surhuisterveen
Zwitserlaan,26,"","",9231HK,Surhuisterveen
Zwitserlaan,28,"","",9231HK,Surhuisterveen
Zwitserlaan,30,"","",9231HK,Surhuisterveen
Zwitserlaan,32,"","",9231HK,Surhuisterveen
Zwitserlaan,4,"","",9231HK,Surhuisterveen
Zwitserlaan,6,"","",9231HK,Surhuisterveen
Zwitserlaan,8,"","",9231HK,Surhuisterveen
Meester Klokmanstraat,1,"","",9231HL,Surhuisterveen
Meester Klokmanstraat,11,"","",9231HL,Surhuisterveen
Meester Klokmanstraat,13,"","",9231HL,Surhuisterveen
Meester Klokmanstraat,15,"","",9231HL,Surhuisterveen
Meester Klokmanstraat,17,"","",9231HL,Surhuisterveen
Meester Klokmanstraat,19,"","",9231HL,Surhuisterveen
Meester Klokmanstraat,21,"","",9231HL,Surhuisterveen
Meester Klokmanstraat,23,"","",9231HL,Surhuisterveen
Meester Klokmanstraat,25,"","",9231HL,Surhuisterveen
Meester Klokmanstraat,27,"","",9231HL,Surhuisterveen
Meester Klokmanstraat,3,"","",9231HL,Surhuisterveen
Meester Klokmanstraat,5,"","",9231HL,Surhuisterveen
Meester Klokmanstraat,7,"","",9231HL,Surhuisterveen
Meester Klokmanstraat,9,"","",9231HL,Surhuisterveen
Meester Klokmanstraat,10,"","",9231HM,Surhuisterveen
Meester Klokmanstraat,12,"","",9231HM,Surhuisterveen
Meester Klokmanstraat,14,"","",9231HM,Surhuisterveen
Meester Klokmanstraat,16,"","",9231HM,Surhuisterveen
Meester Klokmanstraat,18,"","",9231HM,Surhuisterveen
Meester Klokmanstraat,2,"","",9231HM,Surhuisterveen
Meester Klokmanstraat,20,"","",9231HM,Surhuisterveen
Meester Klokmanstraat,22,"","",9231HM,Surhuisterveen
Meester Klokmanstraat,24,"","",9231HM,Surhuisterveen
Meester Klokmanstraat,26,"","",9231HM,Surhuisterveen
Meester Klokmanstraat,28,"","",9231HM,Surhuisterveen
Meester Klokmanstraat,4,"","",9231HM,Surhuisterveen
Meester Klokmanstraat,6,"","",9231HM,Surhuisterveen
Meester Klokmanstraat,8,"","",9231HM,Surhuisterveen
Molenweg,1,"","",9231HN,Surhuisterveen
Molenweg,11,"","",9231HN,Surhuisterveen
Molenweg,11,"","",9231HN,Surhuisterveen
Molenweg,11,"","",9231HN,Surhuisterveen
Molenweg,11,"","",9231HN,Surhuisterveen
Molenweg,11,"","",9231HN,Surhuisterveen
Molenweg,13,"","",9231HN,Surhuisterveen
Molenweg,13,"","",9231HN,Surhuisterveen
Molenweg,13,"","",9231HN,Surhuisterveen
Molenweg,13,"","",9231HN,Surhuisterveen
Molenweg,13,"","",9231HN,Surhuisterveen
Molenweg,15,"","",9231HN,Surhuisterveen
Molenweg,15,"","",9231HN,Surhuisterveen
Molenweg,15,"","",9231HN,Surhuisterveen
Molenweg,15,"","",9231HN,Surhuisterveen
Molenweg,15,"","",9231HN,Surhuisterveen
Molenweg,17,"","",9231HN,Surhuisterveen
Molenweg,19,"","",9231HN,Surhuisterveen
Molenweg,21,"","",9231HN,Surhuisterveen
Molenweg,23,"","",9231HN,Surhuisterveen
Molenweg,27,"","",9231HN,Surhuisterveen
Molenweg,29,"","",9231HN,Surhuisterveen
Molenweg,3,"","",9231HN,Surhuisterveen
Molenweg,7,"","",9231HN,Surhuisterveen
Molenweg,9,"","",9231HN,Surhuisterveen
Molenweg,9,"","",9231HN,Surhuisterveen
Molenweg,9,"","",9231HN,Surhuisterveen
Molenweg,31,"","",9231HP,Surhuisterveen
Molenweg,33,"","",9231HP,Surhuisterveen
Molenweg,35,"","",9231HP,Surhuisterveen
Molenweg,37,"","",9231HP,Surhuisterveen
Molenweg,39,"","",9231HP,Surhuisterveen
Molenweg,41,"","",9231HP,Surhuisterveen
Molenweg,43,"","",9231HP,Surhuisterveen
Molenweg,45,"","",9231HP,Surhuisterveen
Molenweg,47,"","",9231HP,Surhuisterveen
Molenweg,49,"","",9231HP,Surhuisterveen
Molenweg,51,"","",9231HP,Surhuisterveen
Molenweg,53,"","",9231HP,Surhuisterveen
Molenweg,55,"","",9231HP,Surhuisterveen
Molenweg,57,"","",9231HP,Surhuisterveen
Molenweg,59,"","",9231HR,Surhuisterveen
Molenweg,59,"","",9231HR,Surhuisterveen
Molenweg,61,"","",9231HR,Surhuisterveen
Molenweg,61,"","",9231HR,Surhuisterveen
Molenweg,61,"","",9231HR,Surhuisterveen
Molenweg,63,"","",9231HR,Surhuisterveen
Molenweg,63,"","",9231HR,Surhuisterveen
Molenweg,63,"","",9231HR,Surhuisterveen
Molenweg,65,"","",9231HR,Surhuisterveen
Molenweg,67,"","",9231HR,Surhuisterveen
Molenweg,69,"","",9231HR,Surhuisterveen
Molenweg,71,"","",9231HR,Surhuisterveen
Molenweg,73,"","",9231HR,Surhuisterveen
Molenweg,75,"","",9231HR,Surhuisterveen
Molenweg,77,"","",9231HR,Surhuisterveen
Molenweg,77,"","",9231HR,Surhuisterveen
Molenweg,77,"","",9231HR,Surhuisterveen
Molenweg,79,"","",9231HR,Surhuisterveen
Molenweg,79,"","",9231HR,Surhuisterveen
Molenweg,81,"","",9231HR,Surhuisterveen
Molenweg,10,"","",9231HS,Surhuisterveen
Molenweg,10,"","",9231HS,Surhuisterveen
Molenweg,10,A,"",9231HS,Surhuisterveen
Molenweg,10,A,"",9231HS,Surhuisterveen
Molenweg,10,A,"",9231HS,Surhuisterveen
Molenweg,10,B,"",9231HS,Surhuisterveen
Molenweg,12,"","",9231HS,Surhuisterveen
Molenweg,2,"","",9231HS,Surhuisterveen
Molenweg,4,"","",9231HS,Surhuisterveen
Molenweg,4,A,"",9231HS,Surhuisterveen
Molenweg,6,"","",9231HS,Surhuisterveen
Molenweg,6,A,"",9231HS,Surhuisterveen
Molenweg,6,A,1,9231HS,Surhuisterveen
Molenweg,6,B,"",9231HS,Surhuisterveen
Molenweg,8,"","",9231HS,Surhuisterveen
Grensweg,1,"","",9231HT,Surhuisterveen
Grensweg,19,"","",9231HT,Surhuisterveen
Grensweg,19,A,"",9231HT,Surhuisterveen
Grensweg,21,"","",9231HT,Surhuisterveen
Grensweg,23,"","",9231HT,Surhuisterveen
Grensweg,3,"","",9231HT,Surhuisterveen
Grensweg,3,A,"",9231HT,Surhuisterveen
Grensweg,5,"","",9231HT,Surhuisterveen
Grensweg,7,"","",9231HT,Surhuisterveen
Grensweg,9,"","",9231HT,Surhuisterveen
Grensweg,10,"","",9231HV,Surhuisterveen
Grensweg,12,"","",9231HV,Surhuisterveen
Grensweg,14,"","",9231HV,Surhuisterveen
Grensweg,4,"","",9231HV,Surhuisterveen
Grensweg,6,"","",9231HV,Surhuisterveen
Dalweg,1,"","",9231HW,Surhuisterveen
Dalweg,1,A,"",9231HW,Surhuisterveen
Dalweg,1,A,"",9231HW,Surhuisterveen
Dalweg,1,A,"",9231HW,Surhuisterveen
Dalweg,1,B,"",9231HW,Surhuisterveen
Dalweg,11,"","",9231HW,Surhuisterveen
Dalweg,15,"","",9231HW,Surhuisterveen
Dalweg,17,"","",9231HW,Surhuisterveen
Dalweg,19,"","",9231HW,Surhuisterveen
Dalweg,21,"","",9231HW,Surhuisterveen
Dalweg,3,"","",9231HW,Surhuisterveen
Dalweg,3,"","",9231HW,Surhuisterveen
Dalweg,3,"","",9231HW,Surhuisterveen
Dalweg,5,"","",9231HW,Surhuisterveen
Dalweg,7,"","",9231HW,Surhuisterveen
Dalweg,7,A,"",9231HW,Surhuisterveen
Dalweg,7,B,"",9231HW,Surhuisterveen
Dalweg,7,C,"",9231HW,Surhuisterveen
Dalweg,9,"","",9231HW,Surhuisterveen
Dalweg,14,"","",9231HX,Surhuisterveen
Dalweg,2,"","",9231HX,Surhuisterveen
Dalweg,2,C,"",9231HX,Surhuisterveen
Dalweg,4,"","",9231HX,Surhuisterveen
Dalweg,8,"","",9231HX,Surhuisterveen
Dalweg,8,"","",9231HX,Surhuisterveen
Dalweg,8,"","",9231HX,Surhuisterveen
Dalweg,8,A,"",9231HX,Surhuisterveen
De Groenling,1,"","",9231JA,Surhuisterveen
De Groenling,11,"","",9231JA,Surhuisterveen
De Groenling,13,"","",9231JA,Surhuisterveen
De Groenling,15,"","",9231JA,Surhuisterveen
De Groenling,15,A,"",9231JA,Surhuisterveen
De Groenling,17,"","",9231JA,Surhuisterveen
De Groenling,19,"","",9231JA,Surhuisterveen
De Groenling,21,"","",9231JA,Surhuisterveen
De Groenling,23,"","",9231JA,Surhuisterveen
De Groenling,25,"","",9231JA,Surhuisterveen
De Groenling,27,"","",9231JA,Surhuisterveen
De Groenling,29,"","",9231JA,Surhuisterveen
De Groenling,3,"","",9231JA,Surhuisterveen
De Groenling,31,"","",9231JA,Surhuisterveen
De Groenling,33,"","",9231JA,Surhuisterveen
De Groenling,5,"","",9231JA,Surhuisterveen
De Groenling,55,"","",9231JA,Surhuisterveen
De Groenling,57,"","",9231JA,Surhuisterveen
De Groenling,7,"","",9231JA,Surhuisterveen
De Groenling,9,"","",9231JA,Surhuisterveen
De Groenling,10,"","",9231JB,Surhuisterveen
De Groenling,12,"","",9231JB,Surhuisterveen
De Groenling,14,"","",9231JB,Surhuisterveen
De Groenling,16,"","",9231JB,Surhuisterveen
De Groenling,18,"","",9231JB,Surhuisterveen
De Groenling,2,"","",9231JB,Surhuisterveen
De Groenling,20,"","",9231JB,Surhuisterveen
De Groenling,22,"","",9231JB,Surhuisterveen
De Groenling,24,"","",9231JB,Surhuisterveen
De Groenling,26,"","",9231JB,Surhuisterveen
De Groenling,28,"","",9231JB,Surhuisterveen
De Groenling,30,"","",9231JB,Surhuisterveen
De Groenling,32,"","",9231JB,Surhuisterveen
De Groenling,34,"","",9231JB,Surhuisterveen
De Groenling,36,"","",9231JB,Surhuisterveen
De Groenling,38,"","",9231JB,Surhuisterveen
De Groenling,4,"","",9231JB,Surhuisterveen
De Groenling,40,"","",9231JB,Surhuisterveen
De Groenling,42,"","",9231JB,Surhuisterveen
De Groenling,44,"","",9231JB,Surhuisterveen
De Groenling,46,"","",9231JB,Surhuisterveen
De Groenling,6,"","",9231JB,Surhuisterveen
De Groenling,8,"","",9231JB,Surhuisterveen
De Specht,10,"","",9231JC,Surhuisterveen
De Specht,12,"","",9231JC,Surhuisterveen
De Specht,14,"","",9231JC,Surhuisterveen
De Specht,16,"","",9231JC,Surhuisterveen
De Specht,18,"","",9231JC,Surhuisterveen
De Specht,2,"","",9231JC,Surhuisterveen
De Specht,20,"","",9231JC,Surhuisterveen
De Specht,22,"","",9231JC,Surhuisterveen
De Specht,24,"","",9231JC,Surhuisterveen
De Specht,26,"","",9231JC,Surhuisterveen
De Specht,28,"","",9231JC,Surhuisterveen
De Specht,30,"","",9231JC,Surhuisterveen
De Specht,32,"","",9231JC,Surhuisterveen
De Specht,34,"","",9231JC,Surhuisterveen
De Specht,36,"","",9231JC,Surhuisterveen
De Specht,38,"","",9231JC,Surhuisterveen
De Specht,4,"","",9231JC,Surhuisterveen
De Specht,40,"","",9231JC,Surhuisterveen
De Specht,42,"","",9231JC,Surhuisterveen
De Specht,44,"","",9231JC,Surhuisterveen
De Specht,46,"","",9231JC,Surhuisterveen
De Specht,48,"","",9231JC,Surhuisterveen
De Specht,6,"","",9231JC,Surhuisterveen
De Specht,8,"","",9231JC,Surhuisterveen
De Specht,1,"","",9231JD,Surhuisterveen
De Specht,11,"","",9231JD,Surhuisterveen
De Specht,13,"","",9231JD,Surhuisterveen
De Specht,15,"","",9231JD,Surhuisterveen
De Specht,3,"","",9231JD,Surhuisterveen
De Specht,5,"","",9231JD,Surhuisterveen
De Specht,7,"","",9231JD,Surhuisterveen
De Specht,9,"","",9231JD,Surhuisterveen
De Specht,50,"","",9231JE,Surhuisterveen
De Specht,52,"","",9231JE,Surhuisterveen
De Specht,54,"","",9231JE,Surhuisterveen
De Specht,56,"","",9231JE,Surhuisterveen
De Specht,58,"","",9231JE,Surhuisterveen
De Specht,60,"","",9231JE,Surhuisterveen
De Specht,62,"","",9231JE,Surhuisterveen
De Specht,64,"","",9231JE,Surhuisterveen
De Specht,66,"","",9231JE,Surhuisterveen
De Specht,68,"","",9231JE,Surhuisterveen
De Specht,70,"","",9231JE,Surhuisterveen
De Specht,72,"","",9231JE,Surhuisterveen
De Specht,74,"","",9231JE,Surhuisterveen
De IJsvogel,10,"","",9231JG,Surhuisterveen
De IJsvogel,10,"","",9231JG,Surhuisterveen
De IJsvogel,11,"","",9231JG,Surhuisterveen
De IJsvogel,12,"","",9231JG,Surhuisterveen
De IJsvogel,13,"","",9231JG,Surhuisterveen
De IJsvogel,15,"","",9231JG,Surhuisterveen
De IJsvogel,17,"","",9231JG,Surhuisterveen
De IJsvogel,2,"","",9231JG,Surhuisterveen
De IJsvogel,3,"","",9231JG,Surhuisterveen
De IJsvogel,4,"","",9231JG,Surhuisterveen
De IJsvogel,4,"","",9231JG,Surhuisterveen
De IJsvogel,5,"","",9231JG,Surhuisterveen
De IJsvogel,6,"","",9231JG,Surhuisterveen
De IJsvogel,6,"","",9231JG,Surhuisterveen
De IJsvogel,7,"","",9231JG,Surhuisterveen
De IJsvogel,7,"","",9231JG,Surhuisterveen
De IJsvogel,7,"","",9231JG,Surhuisterveen
De IJsvogel,8,"","",9231JG,Surhuisterveen
De IJsvogel,8,"","",9231JG,Surhuisterveen
De IJsvogel,9,"","",9231JG,Surhuisterveen
De Merel,1,"","",9231JJ,Surhuisterveen
De Merel,10,"","",9231JJ,Surhuisterveen
De Merel,11,"","",9231JJ,Surhuisterveen
De Merel,12,"","",9231JJ,Surhuisterveen
De Merel,13,"","",9231JJ,Surhuisterveen
De Merel,15,"","",9231JJ,Surhuisterveen
De Merel,17,"","",9231JJ,Surhuisterveen
De Merel,19,"","",9231JJ,Surhuisterveen
De Merel,2,"","",9231JJ,Surhuisterveen
De Merel,21,"","",9231JJ,Surhuisterveen
De Merel,23,"","",9231JJ,Surhuisterveen
De Merel,25,"","",9231JJ,Surhuisterveen
De Merel,27,"","",9231JJ,Surhuisterveen
De Merel,29,"","",9231JJ,Surhuisterveen
De Merel,3,"","",9231JJ,Surhuisterveen
De Merel,31,"","",9231JJ,Surhuisterveen
De Merel,33,"","",9231JJ,Surhuisterveen
De Merel,4,"","",9231JJ,Surhuisterveen
De Merel,5,"","",9231JJ,Surhuisterveen
De Merel,6,"","",9231JJ,Surhuisterveen
De Merel,7,"","",9231JJ,Surhuisterveen
De Merel,8,"","",9231JJ,Surhuisterveen
De Merel,9,"","",9231JJ,Surhuisterveen
De Merel,35,"","",9231JK,Surhuisterveen
De Merel,37,"","",9231JK,Surhuisterveen
De Merel,39,"","",9231JK,Surhuisterveen
De Merel,41,"","",9231JK,Surhuisterveen
De Merel,43,"","",9231JK,Surhuisterveen
De Merel,45,"","",9231JK,Surhuisterveen
De Merel,47,"","",9231JK,Surhuisterveen
De Merel,47,A,"",9231JK,Surhuisterveen
De Merel,49,"","",9231JK,Surhuisterveen
De Merel,51,"","",9231JK,Surhuisterveen
De Merel,53,"","",9231JK,Surhuisterveen
De Merel,55,"","",9231JK,Surhuisterveen
De Wielewaal,10,"","",9231JL,Surhuisterveen
De Wielewaal,11,"","",9231JL,Surhuisterveen
De Wielewaal,12,"","",9231JL,Surhuisterveen
De Wielewaal,13,"","",9231JL,Surhuisterveen
De Wielewaal,14,"","",9231JL,Surhuisterveen
De Wielewaal,15,"","",9231JL,Surhuisterveen
De Wielewaal,16,"","",9231JL,Surhuisterveen
De Wielewaal,17,"","",9231JL,Surhuisterveen
De Wielewaal,18,"","",9231JL,Surhuisterveen
De Wielewaal,2,"","",9231JL,Surhuisterveen
De Wielewaal,2,A,"",9231JL,Surhuisterveen
De Wielewaal,2,A,"",9231JL,Surhuisterveen
De Wielewaal,2,A,"",9231JL,Surhuisterveen
De Wielewaal,2,B,"",9231JL,Surhuisterveen
De Wielewaal,2,B,"",9231JL,Surhuisterveen
De Wielewaal,2,B,"",9231JL,Surhuisterveen
De Wielewaal,2,C,"",9231JL,Surhuisterveen
De Wielewaal,2,D,"",9231JL,Surhuisterveen
De Wielewaal,4,"","",9231JL,Surhuisterveen
De Wielewaal,6,"","",9231JL,Surhuisterveen
De Wielewaal,8,"","",9231JL,Surhuisterveen
De Wielewaal,9,"","",9231JL,Surhuisterveen
De Vink,2,"","",9231JM,Surhuisterveen
De Vink,2,"","",9231JM,Surhuisterveen
De Vink,2,"","",9231JM,Surhuisterveen
De Nachtegaal,10,"","",9231JN,Surhuisterveen
De Nachtegaal,12,"","",9231JN,Surhuisterveen
De Nachtegaal,14,"","",9231JN,Surhuisterveen
De Nachtegaal,16,"","",9231JN,Surhuisterveen
De Nachtegaal,18,"","",9231JN,Surhuisterveen
De Nachtegaal,2,"","",9231JN,Surhuisterveen
De Nachtegaal,20,"","",9231JN,Surhuisterveen
De Nachtegaal,22,A,"",9231JN,Surhuisterveen
De Nachtegaal,22,A,"",9231JN,Surhuisterveen
De Nachtegaal,22,B,"",9231JN,Surhuisterveen
De Nachtegaal,22,B,"",9231JN,Surhuisterveen
De Nachtegaal,22,C,"",9231JN,Surhuisterveen
De Nachtegaal,22,D,"",9231JN,Surhuisterveen
De Nachtegaal,22,E,"",9231JN,Surhuisterveen
De Nachtegaal,22,F,"",9231JN,Surhuisterveen
De Nachtegaal,22,G,"",9231JN,Surhuisterveen
De Nachtegaal,24,"","",9231JN,Surhuisterveen
De Nachtegaal,24,"","",9231JN,Surhuisterveen
De Nachtegaal,24,"","",9231JN,Surhuisterveen
De Nachtegaal,24,"","",9231JN,Surhuisterveen
De Nachtegaal,28,"","",9231JN,Surhuisterveen
De Nachtegaal,30,"","",9231JN,Surhuisterveen
De Nachtegaal,32,"","",9231JN,Surhuisterveen
De Nachtegaal,32,A,"",9231JN,Surhuisterveen
De Nachtegaal,34,"","",9231JN,Surhuisterveen
De Nachtegaal,34,A,"",9231JN,Surhuisterveen
De Nachtegaal,36,"","",9231JN,Surhuisterveen
De Nachtegaal,38,"","",9231JN,Surhuisterveen
De Nachtegaal,4,"","",9231JN,Surhuisterveen
De Nachtegaal,4,"","",9231JN,Surhuisterveen
De Nachtegaal,4,"","",9231JN,Surhuisterveen
De Nachtegaal,4,A,"",9231JN,Surhuisterveen
De Nachtegaal,40,"","",9231JN,Surhuisterveen
De Nachtegaal,42,"","",9231JN,Surhuisterveen
De Nachtegaal,44,"","",9231JN,Surhuisterveen
De Nachtegaal,46,"","",9231JN,Surhuisterveen
De Nachtegaal,48,"","",9231JN,Surhuisterveen
De Nachtegaal,50,"","",9231JN,Surhuisterveen
De Nachtegaal,52,"","",9231JN,Surhuisterveen
De Nachtegaal,54,"","",9231JN,Surhuisterveen
De Nachtegaal,56,"","",9231JN,Surhuisterveen
De Nachtegaal,58,"","",9231JN,Surhuisterveen
De Nachtegaal,6,"","",9231JN,Surhuisterveen
De Nachtegaal,60,"","",9231JN,Surhuisterveen
De Nachtegaal,62,"","",9231JN,Surhuisterveen
De Nachtegaal,64,"","",9231JN,Surhuisterveen
De Nachtegaal,66,"","",9231JN,Surhuisterveen
De Nachtegaal,68,"","",9231JN,Surhuisterveen
De Nachtegaal,70,"","",9231JN,Surhuisterveen
De Nachtegaal,72,"","",9231JN,Surhuisterveen
De Nachtegaal,74,"","",9231JN,Surhuisterveen
De Nachtegaal,76,"","",9231JN,Surhuisterveen
De Nachtegaal,78,"","",9231JN,Surhuisterveen
De Nachtegaal,8,"","",9231JN,Surhuisterveen
De Nachtegaal,80,"","",9231JN,Surhuisterveen
De Nachtegaal,82,"","",9231JN,Surhuisterveen
De Nachtegaal,1,"","",9231JP,Surhuisterveen
De Nachtegaal,11,"","",9231JP,Surhuisterveen
De Nachtegaal,13,"","",9231JP,Surhuisterveen
De Nachtegaal,15,"","",9231JP,Surhuisterveen
De Nachtegaal,17,"","",9231JP,Surhuisterveen
De Nachtegaal,17,A,"",9231JP,Surhuisterveen
De Nachtegaal,19,"","",9231JP,Surhuisterveen
De Nachtegaal,21,"","",9231JP,Surhuisterveen
De Nachtegaal,23,"","",9231JP,Surhuisterveen
De Nachtegaal,25,"","",9231JP,Surhuisterveen
De Nachtegaal,27,"","",9231JP,Surhuisterveen
De Nachtegaal,29,"","",9231JP,Surhuisterveen
De Nachtegaal,3,"","",9231JP,Surhuisterveen
De Nachtegaal,3,A,"",9231JP,Surhuisterveen
De Nachtegaal,31,"","",9231JP,Surhuisterveen
De Nachtegaal,35,"","",9231JP,Surhuisterveen
De Nachtegaal,37,"","",9231JP,Surhuisterveen
De Nachtegaal,39,"","",9231JP,Surhuisterveen
De Nachtegaal,41,"","",9231JP,Surhuisterveen
De Nachtegaal,5,"","",9231JP,Surhuisterveen
De Nachtegaal,7,"","",9231JP,Surhuisterveen
De Nachtegaal,9,"","",9231JP,Surhuisterveen
De Koolmees,1,"","",9231JR,Surhuisterveen
De Koolmees,11,"","",9231JR,Surhuisterveen
De Koolmees,13,"","",9231JR,Surhuisterveen
De Koolmees,15,"","",9231JR,Surhuisterveen
De Koolmees,3,"","",9231JR,Surhuisterveen
De Koolmees,5,"","",9231JR,Surhuisterveen
De Koolmees,7,"","",9231JR,Surhuisterveen
De Koolmees,9,"","",9231JR,Surhuisterveen
De Koolmees,10,"","",9231JS,Surhuisterveen
De Koolmees,12,"","",9231JS,Surhuisterveen
De Koolmees,14,"","",9231JS,Surhuisterveen
De Koolmees,16,"","",9231JS,Surhuisterveen
De Koolmees,18,"","",9231JS,Surhuisterveen
De Koolmees,2,"","",9231JS,Surhuisterveen
De Koolmees,20,"","",9231JS,Surhuisterveen
De Koolmees,22,"","",9231JS,Surhuisterveen
De Koolmees,24,"","",9231JS,Surhuisterveen
De Koolmees,26,"","",9231JS,Surhuisterveen
De Koolmees,28,"","",9231JS,Surhuisterveen
De Koolmees,30,"","",9231JS,Surhuisterveen
De Koolmees,30,"","",9231JS,Surhuisterveen
De Koolmees,30,"","",9231JS,Surhuisterveen
De Koolmees,30,"","",9231JS,Surhuisterveen
De Koolmees,30,A,"",9231JS,Surhuisterveen
De Koolmees,30,A,"",9231JS,Surhuisterveen
De Koolmees,30,A,"",9231JS,Surhuisterveen
De Koolmees,32,"","",9231JS,Surhuisterveen
De Koolmees,4,"","",9231JS,Surhuisterveen
De Koolmees,6,"","",9231JS,Surhuisterveen
De Koolmees,8,"","",9231JS,Surhuisterveen
De Ekster,1,"","",9231JT,Surhuisterveen
De Ekster,10,"","",9231JT,Surhuisterveen
De Ekster,11,"","",9231JT,Surhuisterveen
De Ekster,12,"","",9231JT,Surhuisterveen
De Ekster,13,"","",9231JT,Surhuisterveen
De Ekster,14,"","",9231JT,Surhuisterveen
De Ekster,15,"","",9231JT,Surhuisterveen
De Ekster,16,"","",9231JT,Surhuisterveen
De Ekster,2,"","",9231JT,Surhuisterveen
De Ekster,3,"","",9231JT,Surhuisterveen
De Ekster,3,"","",9231JT,Surhuisterveen
De Ekster,3,"","",9231JT,Surhuisterveen
De Ekster,4,"","",9231JT,Surhuisterveen
De Ekster,5,"","",9231JT,Surhuisterveen
De Ekster,6,"","",9231JT,Surhuisterveen
De Ekster,7,"","",9231JT,Surhuisterveen
De Ekster,8,"","",9231JT,Surhuisterveen
De Ekster,9,"","",9231JT,Surhuisterveen
De Gaai,1,"","",9231JV,Surhuisterveen
De Gaai,10,"","",9231JV,Surhuisterveen
De Gaai,11,"","",9231JV,Surhuisterveen
De Gaai,11,A,"",9231JV,Surhuisterveen
De Gaai,12,"","",9231JV,Surhuisterveen
De Gaai,13,"","",9231JV,Surhuisterveen
De Gaai,14,"","",9231JV,Surhuisterveen
De Gaai,15,"","",9231JV,Surhuisterveen
De Gaai,17,"","",9231JV,Surhuisterveen
De Gaai,19,"","",9231JV,Surhuisterveen
De Gaai,2,"","",9231JV,Surhuisterveen
De Gaai,21,"","",9231JV,Surhuisterveen
De Gaai,23,"","",9231JV,Surhuisterveen
De Gaai,25,"","",9231JV,Surhuisterveen
De Gaai,3,"","",9231JV,Surhuisterveen
De Gaai,4,"","",9231JV,Surhuisterveen
De Gaai,5,"","",9231JV,Surhuisterveen
De Gaai,6,"","",9231JV,Surhuisterveen
De Gaai,7,"","",9231JV,Surhuisterveen
De Gaai,8,"","",9231JV,Surhuisterveen
De Gaai,9,"","",9231JV,Surhuisterveen
De Spreeuw,1,"","",9231JW,Surhuisterveen
De Spreeuw,11,"","",9231JW,Surhuisterveen
De Spreeuw,2,"","",9231JW,Surhuisterveen
De Spreeuw,3,"","",9231JW,Surhuisterveen
De Spreeuw,4,"","",9231JW,Surhuisterveen
De Spreeuw,5,"","",9231JW,Surhuisterveen
De Spreeuw,6,"","",9231JW,Surhuisterveen
De Spreeuw,7,"","",9231JW,Surhuisterveen
De Spreeuw,8,"","",9231JW,Surhuisterveen
De Spreeuw,9,"","",9231JW,Surhuisterveen
De Fazant,11,"","",9231JX,Surhuisterveen
De Fazant,13,"","",9231JX,Surhuisterveen
De Fazant,15,"","",9231JX,Surhuisterveen
De Fazant,17,"","",9231JX,Surhuisterveen
De Fazant,19,"","",9231JX,Surhuisterveen
De Fazant,16,"","",9231JZ,Surhuisterveen
De Fazant,18,"","",9231JZ,Surhuisterveen
De Fazant,18,"","",9231JZ,Surhuisterveen
De Fazant,18,"","",9231JZ,Surhuisterveen
De Fazant,20,"","",9231JZ,Surhuisterveen
De Fazant,22,"","",9231JZ,Surhuisterveen
De Fazant,24,"","",9231JZ,Surhuisterveen
De Fazant,26,"","",9231JZ,Surhuisterveen
De Fazant,28,"","",9231JZ,Surhuisterveen
De Fazant,30,"","",9231JZ,Surhuisterveen
De Fazant,30,"","",9231JZ,Surhuisterveen
De Fazant,30,"","",9231JZ,Surhuisterveen
De Fazant,30,"","",9231JZ,Surhuisterveen
De Fazant,30,A,"",9231JZ,Surhuisterveen
De Fazant,30,A,"",9231JZ,Surhuisterveen
De Fazant,30,B,"",9231JZ,Surhuisterveen
De Fazant,30,B,"",9231JZ,Surhuisterveen
De Fazant,30,C,"",9231JZ,Surhuisterveen
De Fazant,30,C,"",9231JZ,Surhuisterveen
De Fazant,30,D,"",9231JZ,Surhuisterveen
De Fazant,30,D,"",9231JZ,Surhuisterveen
De Fazant,30,E,"",9231JZ,Surhuisterveen
De Fazant,30,E,"",9231JZ,Surhuisterveen
De Fazant,30,F,"",9231JZ,Surhuisterveen
De Fazant,30,F,"",9231JZ,Surhuisterveen
De Fazant,30,G,"",9231JZ,Surhuisterveen
De Fazant,30,G,"",9231JZ,Surhuisterveen
De Fazant,30,G,"",9231JZ,Surhuisterveen
De Fazant,30,H,"",9231JZ,Surhuisterveen
De Fazant,30,H,"",9231JZ,Surhuisterveen
De Fazant,30,H,"",9231JZ,Surhuisterveen
De Fazant,30,J,"",9231JZ,Surhuisterveen
De Fazant,30,J,"",9231JZ,Surhuisterveen
De Fazant,30,J,"",9231JZ,Surhuisterveen
De Fazant,30,K,"",9231JZ,Surhuisterveen
De Fazant,30,K,"",9231JZ,Surhuisterveen
De Fazant,30,K,"",9231JZ,Surhuisterveen
De Fazant,30,L,"",9231JZ,Surhuisterveen
De Fazant,30,L,"",9231JZ,Surhuisterveen
De Fazant,30,M,"",9231JZ,Surhuisterveen
De Fazant,30,M,"",9231JZ,Surhuisterveen
De Fazant,34,"","",9231JZ,Surhuisterveen
De Fazant,36,"","",9231JZ,Surhuisterveen
De Houtduif,10,"","",9231KA,Surhuisterveen
De Houtduif,12,"","",9231KA,Surhuisterveen
De Houtduif,14,"","",9231KA,Surhuisterveen
De Houtduif,16,"","",9231KA,Surhuisterveen
De Houtduif,18,"","",9231KA,Surhuisterveen
De Houtduif,2,"","",9231KA,Surhuisterveen
De Houtduif,20,"","",9231KA,Surhuisterveen
De Houtduif,22,"","",9231KA,Surhuisterveen
De Houtduif,24,"","",9231KA,Surhuisterveen
De Houtduif,28,"","",9231KA,Surhuisterveen
De Houtduif,30,"","",9231KA,Surhuisterveen
De Houtduif,32,"","",9231KA,Surhuisterveen
De Houtduif,34,"","",9231KA,Surhuisterveen
De Houtduif,36,"","",9231KA,Surhuisterveen
De Houtduif,38,"","",9231KA,Surhuisterveen
De Houtduif,4,"","",9231KA,Surhuisterveen
De Houtduif,40,"","",9231KA,Surhuisterveen
De Houtduif,42,"","",9231KA,Surhuisterveen
De Houtduif,44,"","",9231KA,Surhuisterveen
De Houtduif,46,"","",9231KA,Surhuisterveen
De Houtduif,48,"","",9231KA,Surhuisterveen
De Houtduif,50,"","",9231KA,Surhuisterveen
De Houtduif,52,"","",9231KA,Surhuisterveen
De Houtduif,54,"","",9231KA,Surhuisterveen
De Houtduif,56,"","",9231KA,Surhuisterveen
De Houtduif,58,"","",9231KA,Surhuisterveen
De Houtduif,6,"","",9231KA,Surhuisterveen
De Houtduif,60,"","",9231KA,Surhuisterveen
De Houtduif,8,"","",9231KA,Surhuisterveen
De Houtduif,15,"","",9231KB,Surhuisterveen
De Houtduif,17,"","",9231KB,Surhuisterveen
De Houtduif,19,"","",9231KB,Surhuisterveen
De Houtduif,21,"","",9231KB,Surhuisterveen
De Houtduif,23,"","",9231KB,Surhuisterveen
De Houtduif,25,"","",9231KB,Surhuisterveen
De Houtduif,27,"","",9231KC,Surhuisterveen
De Houtduif,29,"","",9231KC,Surhuisterveen
De Houtduif,31,"","",9231KC,Surhuisterveen
De Houtduif,33,"","",9231KC,Surhuisterveen
De Houtduif,35,"","",9231KC,Surhuisterveen
De Houtduif,37,"","",9231KC,Surhuisterveen
De Houtduif,39,"","",9231KC,Surhuisterveen
De Houtduif,41,"","",9231KC,Surhuisterveen
De Houtduif,43,"","",9231KC,Surhuisterveen
De Houtduif,45,"","",9231KC,Surhuisterveen
De Houtduif,47,"","",9231KC,Surhuisterveen
De Houtduif,49,"","",9231KC,Surhuisterveen
De Houtduif,51,"","",9231KC,Surhuisterveen
De Houtduif,53,"","",9231KC,Surhuisterveen
De Houtduif,55,"","",9231KC,Surhuisterveen
De Houtduif,57,"","",9231KC,Surhuisterveen
De Houtduif,59,"","",9231KC,Surhuisterveen
De Houtduif,61,"","",9231KC,Surhuisterveen
De Houtduif,61,A,"",9231KC,Surhuisterveen
De Houtduif,63,"","",9231KC,Surhuisterveen
De Houtduif,65,"","",9231KC,Surhuisterveen
De Houtduif,67,"","",9231KC,Surhuisterveen
De Houtduif,69,"","",9231KC,Surhuisterveen
De Houtduif,71,"","",9231KC,Surhuisterveen
De Houtduif,73,"","",9231KC,Surhuisterveen
De Houtduif,75,"","",9231KC,Surhuisterveen
De Houtduif,77,"","",9231KC,Surhuisterveen
De Houtduif,79,"","",9231KC,Surhuisterveen
De Houtduif,81,"","",9231KC,Surhuisterveen
De Houtduif,83,"","",9231KC,Surhuisterveen
De Houtduif,85,"","",9231KC,Surhuisterveen
De Houtduif,87,A,"",9231KC,Surhuisterveen
De Houtduif,89,"","",9231KC,Surhuisterveen
De Houtduif,91,"","",9231KC,Surhuisterveen
De Houtduif,93,"","",9231KC,Surhuisterveen
De Houtduif,95,"","",9231KC,Surhuisterveen
De Leeuwerik,1,"","",9231KD,Surhuisterveen
De Leeuwerik,10,"","",9231KD,Surhuisterveen
De Leeuwerik,12,"","",9231KD,Surhuisterveen
De Leeuwerik,14,"","",9231KD,Surhuisterveen
De Leeuwerik,2,"","",9231KD,Surhuisterveen
De Leeuwerik,3,"","",9231KD,Surhuisterveen
De Leeuwerik,4,"","",9231KD,Surhuisterveen
De Leeuwerik,6,"","",9231KD,Surhuisterveen
De Leeuwerik,8,"","",9231KD,Surhuisterveen
De Roodborst,1,"","",9231KE,Surhuisterveen
De Roodborst,10,"","",9231KE,Surhuisterveen
De Roodborst,12,"","",9231KE,Surhuisterveen
De Roodborst,14,"","",9231KE,Surhuisterveen
De Roodborst,16,"","",9231KE,Surhuisterveen
De Roodborst,18,"","",9231KE,Surhuisterveen
De Roodborst,2,"","",9231KE,Surhuisterveen
De Roodborst,20,"","",9231KE,Surhuisterveen
De Roodborst,22,"","",9231KE,Surhuisterveen
De Roodborst,24,"","",9231KE,Surhuisterveen
De Roodborst,26,"","",9231KE,Surhuisterveen
De Roodborst,28,"","",9231KE,Surhuisterveen
De Roodborst,3,"","",9231KE,Surhuisterveen
De Roodborst,4,"","",9231KE,Surhuisterveen
De Roodborst,5,"","",9231KE,Surhuisterveen
De Roodborst,6,"","",9231KE,Surhuisterveen
De Roodborst,7,"","",9231KE,Surhuisterveen
De Roodborst,8,"","",9231KE,Surhuisterveen
De Roodborst,9,"","",9231KE,Surhuisterveen
De Zwaluw,1,"","",9231KG,Surhuisterveen
De Zwaluw,10,"","",9231KG,Surhuisterveen
De Zwaluw,12,"","",9231KG,Surhuisterveen
De Zwaluw,14,"","",9231KG,Surhuisterveen
De Zwaluw,16,"","",9231KG,Surhuisterveen
De Zwaluw,18,"","",9231KG,Surhuisterveen
De Zwaluw,2,"","",9231KG,Surhuisterveen
De Zwaluw,20,"","",9231KG,Surhuisterveen
De Zwaluw,3,"","",9231KG,Surhuisterveen
De Zwaluw,4,"","",9231KG,Surhuisterveen
De Zwaluw,5,"","",9231KG,Surhuisterveen
De Zwaluw,6,"","",9231KG,Surhuisterveen
De Zwaluw,7,"","",9231KG,Surhuisterveen
De Zwaluw,8,"","",9231KG,Surhuisterveen
De Zwaluw,9,"","",9231KG,Surhuisterveen
De Havik,1,"","",9231KH,Surhuisterveen
De Havik,11,"","",9231KH,Surhuisterveen
De Havik,13,"","",9231KH,Surhuisterveen
De Havik,15,"","",9231KH,Surhuisterveen
De Havik,17,"","",9231KH,Surhuisterveen
De Havik,19,"","",9231KH,Surhuisterveen
De Havik,21,"","",9231KH,Surhuisterveen
De Havik,23,"","",9231KH,Surhuisterveen
De Havik,25,"","",9231KH,Surhuisterveen
De Havik,25,"","",9231KH,Surhuisterveen
De Havik,25,"","",9231KH,Surhuisterveen
De Havik,27,"","",9231KH,Surhuisterveen
De Havik,29,"","",9231KH,Surhuisterveen
De Havik,3,"","",9231KH,Surhuisterveen
De Havik,31,"","",9231KH,Surhuisterveen
De Havik,33,"","",9231KH,Surhuisterveen
De Havik,35,"","",9231KH,Surhuisterveen
De Havik,37,"","",9231KH,Surhuisterveen
De Havik,37,"","",9231KH,Surhuisterveen
De Havik,37,"","",9231KH,Surhuisterveen
De Havik,39,"","",9231KH,Surhuisterveen
De Havik,41,"","",9231KH,Surhuisterveen
De Havik,41,"","",9231KH,Surhuisterveen
De Havik,41,"","",9231KH,Surhuisterveen
De Havik,43,"","",9231KH,Surhuisterveen
De Havik,43,"","",9231KH,Surhuisterveen
De Havik,43,"","",9231KH,Surhuisterveen
De Havik,45,"","",9231KH,Surhuisterveen
De Havik,47,"","",9231KH,Surhuisterveen
De Havik,49,"","",9231KH,Surhuisterveen
De Havik,5,"","",9231KH,Surhuisterveen
De Havik,51,"","",9231KH,Surhuisterveen
De Havik,53,"","",9231KH,Surhuisterveen
De Havik,55,"","",9231KH,Surhuisterveen
De Havik,57,"","",9231KH,Surhuisterveen
De Havik,7,"","",9231KH,Surhuisterveen
De Havik,9,"","",9231KH,Surhuisterveen
De Havik,10,"","",9231KJ,Surhuisterveen
De Havik,12,"","",9231KJ,Surhuisterveen
De Havik,14,"","",9231KJ,Surhuisterveen
De Havik,16,"","",9231KJ,Surhuisterveen
De Havik,18,"","",9231KJ,Surhuisterveen
De Havik,2,"","",9231KJ,Surhuisterveen
De Havik,20,"","",9231KJ,Surhuisterveen
De Havik,4,"","",9231KJ,Surhuisterveen
De Havik,6,"","",9231KJ,Surhuisterveen
De Havik,8,"","",9231KJ,Surhuisterveen
De Havik,59,"","",9231KK,Surhuisterveen
De Havik,61,"","",9231KK,Surhuisterveen
De Havik,63,"","",9231KK,Surhuisterveen
De Havik,65,"","",9231KK,Surhuisterveen
De Havik,67,"","",9231KK,Surhuisterveen
De Havik,69,"","",9231KK,Surhuisterveen
De Havik,71,"","",9231KK,Surhuisterveen
De Havik,73,"","",9231KK,Surhuisterveen
De Havik,75,"","",9231KK,Surhuisterveen
De Sperwer,1,"","",9231KL,Surhuisterveen
De Sperwer,11,"","",9231KL,Surhuisterveen
De Sperwer,13,"","",9231KL,Surhuisterveen
De Sperwer,15,"","",9231KL,Surhuisterveen
De Sperwer,3,"","",9231KL,Surhuisterveen
De Sperwer,5,"","",9231KL,Surhuisterveen
De Sperwer,7,"","",9231KL,Surhuisterveen
De Sperwer,9,"","",9231KL,Surhuisterveen
De Sperwer,10,"","",9231KM,Surhuisterveen
De Sperwer,12,"","",9231KM,Surhuisterveen
De Sperwer,14,"","",9231KM,Surhuisterveen
De Sperwer,16,"","",9231KM,Surhuisterveen
De Sperwer,18,"","",9231KM,Surhuisterveen
De Sperwer,2,"","",9231KM,Surhuisterveen
De Sperwer,20,"","",9231KM,Surhuisterveen
De Sperwer,22,"","",9231KM,Surhuisterveen
De Sperwer,4,"","",9231KM,Surhuisterveen
De Sperwer,6,"","",9231KM,Surhuisterveen
De Sperwer,8,"","",9231KM,Surhuisterveen
Torenvalk,1,"","",9231KN,Surhuisterveen
Torenvalk,11,"","",9231KN,Surhuisterveen
Torenvalk,13,"","",9231KN,Surhuisterveen
Torenvalk,15,"","",9231KN,Surhuisterveen
Torenvalk,17,"","",9231KN,Surhuisterveen
Torenvalk,19,"","",9231KN,Surhuisterveen
Torenvalk,21,"","",9231KN,Surhuisterveen
Torenvalk,23,"","",9231KN,Surhuisterveen
Torenvalk,25,"","",9231KN,Surhuisterveen
Torenvalk,27,"","",9231KN,Surhuisterveen
Torenvalk,29,"","",9231KN,Surhuisterveen
Torenvalk,3,"","",9231KN,Surhuisterveen
Torenvalk,31,"","",9231KN,Surhuisterveen
Torenvalk,33,"","",9231KN,Surhuisterveen
Torenvalk,35,"","",9231KN,Surhuisterveen
Torenvalk,37,"","",9231KN,Surhuisterveen
Torenvalk,39,"","",9231KN,Surhuisterveen
Torenvalk,41,"","",9231KN,Surhuisterveen
Torenvalk,43,"","",9231KN,Surhuisterveen
Torenvalk,5,"","",9231KN,Surhuisterveen
Torenvalk,7,"","",9231KN,Surhuisterveen
Torenvalk,9,"","",9231KN,Surhuisterveen
Torenvalk,10,"","",9231KP,Surhuisterveen
Torenvalk,12,"","",9231KP,Surhuisterveen
Torenvalk,14,"","",9231KP,Surhuisterveen
Torenvalk,16,"","",9231KP,Surhuisterveen
Torenvalk,18,"","",9231KP,Surhuisterveen
Torenvalk,2,"","",9231KP,Surhuisterveen
Torenvalk,20,"","",9231KP,Surhuisterveen
Torenvalk,22,"","",9231KP,Surhuisterveen
Torenvalk,24,"","",9231KP,Surhuisterveen
Torenvalk,26,"","",9231KP,Surhuisterveen
Torenvalk,28,"","",9231KP,Surhuisterveen
Torenvalk,30,"","",9231KP,Surhuisterveen
Torenvalk,4,"","",9231KP,Surhuisterveen
Torenvalk,6,"","",9231KP,Surhuisterveen
Torenvalk,8,"","",9231KP,Surhuisterveen
Torenvalk,32,"","",9231KR,Surhuisterveen
Torenvalk,34,"","",9231KR,Surhuisterveen
Torenvalk,36,"","",9231KR,Surhuisterveen
Torenvalk,38,"","",9231KR,Surhuisterveen
Torenvalk,40,"","",9231KR,Surhuisterveen
Torenvalk,42,"","",9231KR,Surhuisterveen
Torenvalk,44,"","",9231KR,Surhuisterveen
Torenvalk,46,"","",9231KR,Surhuisterveen
Torenvalk,48,"","",9231KR,Surhuisterveen
Torenvalk,50,"","",9231KR,Surhuisterveen
Torenvalk,52,"","",9231KR,Surhuisterveen
Torenvalk,54,"","",9231KR,Surhuisterveen
Torenvalk,56,"","",9231KR,Surhuisterveen
Torenvalk,58,"","",9231KR,Surhuisterveen
Torenvalk,58,A,"",9231KR,Surhuisterveen
Torenvalk,58,A,"",9231KR,Surhuisterveen
Torenvalk,58,A,"",9231KR,Surhuisterveen
Torenvalk,60,"","",9231KR,Surhuisterveen
Torenvalk,62,"","",9231KS,Surhuisterveen
Torenvalk,64,"","",9231KS,Surhuisterveen
Torenvalk,66,"","",9231KS,Surhuisterveen
Torenvalk,68,"","",9231KS,Surhuisterveen
Torenvalk,70,"","",9231KS,Surhuisterveen
Torenvalk,72,"","",9231KS,Surhuisterveen
Torenvalk,74,"","",9231KS,Surhuisterveen
Torenvalk,76,"","",9231KS,Surhuisterveen
Torenvalk,78,"","",9231KS,Surhuisterveen
Torenvalk,80,"","",9231KS,Surhuisterveen
Torenvalk,82,"","",9231KS,Surhuisterveen
Torenvalk,84,"","",9231KS,Surhuisterveen
Nije Jirden,1,"","",9231KT,Surhuisterveen
Nije Jirden,1,"","",9231KT,Surhuisterveen
Nije Jirden,1,"","",9231KT,Surhuisterveen
Nije Jirden,1,A,"",9231KT,Surhuisterveen
Nije Jirden,10,A,"",9231KT,Surhuisterveen
Nije Jirden,10,B,"",9231KT,Surhuisterveen
Nije Jirden,10,C,"",9231KT,Surhuisterveen
Nije Jirden,11,"","",9231KT,Surhuisterveen
Nije Jirden,12,A,"",9231KT,Surhuisterveen
Nije Jirden,12,B,"",9231KT,Surhuisterveen
Nije Jirden,12,C,"",9231KT,Surhuisterveen
Nije Jirden,12,D,"",9231KT,Surhuisterveen
Nije Jirden,14,"","",9231KT,Surhuisterveen
Nije Jirden,2,"","",9231KT,Surhuisterveen
Nije Jirden,3,"","",9231KT,Surhuisterveen
Nije Jirden,4,"","",9231KT,Surhuisterveen
Nije Jirden,6,"","",9231KT,Surhuisterveen
Nije Jirden,8,A,"",9231KT,Surhuisterveen
De Buizerd,1,"","",9231KV,Surhuisterveen
De Buizerd,10,"","",9231KV,Surhuisterveen
De Buizerd,11,"","",9231KV,Surhuisterveen
De Buizerd,12,"","",9231KV,Surhuisterveen
De Buizerd,13,"","",9231KV,Surhuisterveen
De Buizerd,14,"","",9231KV,Surhuisterveen
De Buizerd,15,"","",9231KV,Surhuisterveen
De Buizerd,16,"","",9231KV,Surhuisterveen
De Buizerd,17,"","",9231KV,Surhuisterveen
De Buizerd,18,"","",9231KV,Surhuisterveen
De Buizerd,19,"","",9231KV,Surhuisterveen
De Buizerd,2,"","",9231KV,Surhuisterveen
De Buizerd,20,"","",9231KV,Surhuisterveen
De Buizerd,21,"","",9231KV,Surhuisterveen
De Buizerd,22,"","",9231KV,Surhuisterveen
De Buizerd,23,"","",9231KV,Surhuisterveen
De Buizerd,24,"","",9231KV,Surhuisterveen
De Buizerd,26,"","",9231KV,Surhuisterveen
De Buizerd,28,"","",9231KV,Surhuisterveen
De Buizerd,3,"","",9231KV,Surhuisterveen
De Buizerd,30,"","",9231KV,Surhuisterveen
De Buizerd,32,"","",9231KV,Surhuisterveen
De Buizerd,34,"","",9231KV,Surhuisterveen
De Buizerd,36,"","",9231KV,Surhuisterveen
De Buizerd,4,"","",9231KV,Surhuisterveen
De Buizerd,5,"","",9231KV,Surhuisterveen
De Buizerd,6,"","",9231KV,Surhuisterveen
De Buizerd,7,"","",9231KV,Surhuisterveen
De Buizerd,8,"","",9231KV,Surhuisterveen
De Buizerd,9,"","",9231KV,Surhuisterveen
Boomvalk,1,"","",9231KW,Surhuisterveen
Boomvalk,10,"","",9231KW,Surhuisterveen
Boomvalk,11,"","",9231KW,Surhuisterveen
Boomvalk,11,"","",9231KW,Surhuisterveen
Boomvalk,12,"","",9231KW,Surhuisterveen
Boomvalk,14,"","",9231KW,Surhuisterveen
Boomvalk,16,"","",9231KW,Surhuisterveen
Boomvalk,18,"","",9231KW,Surhuisterveen
Boomvalk,2,"","",9231KW,Surhuisterveen
Boomvalk,20,"","",9231KW,Surhuisterveen
Boomvalk,22,"","",9231KW,Surhuisterveen
Boomvalk,24,"","",9231KW,Surhuisterveen
Boomvalk,26,"","",9231KW,Surhuisterveen
Boomvalk,3,"","",9231KW,Surhuisterveen
Boomvalk,4,"","",9231KW,Surhuisterveen
Boomvalk,5,"","",9231KW,Surhuisterveen
Boomvalk,6,"","",9231KW,Surhuisterveen
Boomvalk,8,"","",9231KW,Surhuisterveen
Boomvalk,9,"","",9231KW,Surhuisterveen
Boomvalk,9,"","",9231KW,Surhuisterveen
Boomvalk,9,"","",9231KW,Surhuisterveen
Hurdrider,1,"","",9231LB,Surhuisterveen
Hurdrider,10,"","",9231LB,Surhuisterveen
Hurdrider,11,"","",9231LB,Surhuisterveen
Hurdrider,12,"","",9231LB,Surhuisterveen
Hurdrider,13,"","",9231LB,Surhuisterveen
Hurdrider,14,"","",9231LB,Surhuisterveen
Hurdrider,15,"","",9231LB,Surhuisterveen
Hurdrider,16,"","",9231LB,Surhuisterveen
Hurdrider,17,"","",9231LB,Surhuisterveen
Hurdrider,19,"","",9231LB,Surhuisterveen
Hurdrider,2,"","",9231LB,Surhuisterveen
Hurdrider,3,"","",9231LB,Surhuisterveen
Hurdrider,4,"","",9231LB,Surhuisterveen
Hurdrider,5,"","",9231LB,Surhuisterveen
Hurdrider,6,"","",9231LB,Surhuisterveen
Hurdrider,7,"","",9231LB,Surhuisterveen
Hurdrider,8,"","",9231LB,Surhuisterveen
Hurdrider,9,"","",9231LB,Surhuisterveen
Lange Streek,1,"","",9231LC,Surhuisterveen
Lange Streek,11,"","",9231LC,Surhuisterveen
Lange Streek,2,"","",9231LC,Surhuisterveen
Lange Streek,3,"","",9231LC,Surhuisterveen
Lange Streek,4,"","",9231LC,Surhuisterveen
Lange Streek,5,"","",9231LC,Surhuisterveen
Lange Streek,6,"","",9231LC,Surhuisterveen
Lange Streek,7,"","",9231LC,Surhuisterveen
Lange Streek,8,"","",9231LC,Surhuisterveen
Lange Streek,9,"","",9231LC,Surhuisterveen
Baansein,11,"","",9231LD,Surhuisterveen
Baansein,11,"","",9231LD,Surhuisterveen
Baansein,11,"","",9231LD,Surhuisterveen
Baansein,13,"","",9231LD,Surhuisterveen
Baansein,13,"","",9231LD,Surhuisterveen
Baansein,13,"","",9231LD,Surhuisterveen
Baansein,15,"","",9231LD,Surhuisterveen
Baansein,15,"","",9231LD,Surhuisterveen
Baansein,15,"","",9231LD,Surhuisterveen
Baansein,17,"","",9231LD,Surhuisterveen
Baansein,17,"","",9231LD,Surhuisterveen
Baansein,17,"","",9231LD,Surhuisterveen
Baansein,19,"","",9231LD,Surhuisterveen
Baansein,19,"","",9231LD,Surhuisterveen
Baansein,19,"","",9231LD,Surhuisterveen
Baansein,2,"","",9231LD,Surhuisterveen
Baansein,21,"","",9231LD,Surhuisterveen
Baansein,21,"","",9231LD,Surhuisterveen
Baansein,21,"","",9231LD,Surhuisterveen
Baansein,23,"","",9231LD,Surhuisterveen
Baansein,23,"","",9231LD,Surhuisterveen
Baansein,23,"","",9231LD,Surhuisterveen
Baansein,25,"","",9231LD,Surhuisterveen
Baansein,25,"","",9231LD,Surhuisterveen
Baansein,25,"","",9231LD,Surhuisterveen
Baansein,27,"","",9231LD,Surhuisterveen
Baansein,27,"","",9231LD,Surhuisterveen
Baansein,27,"","",9231LD,Surhuisterveen
Baansein,29,"","",9231LD,Surhuisterveen
Baansein,29,"","",9231LD,Surhuisterveen
Baansein,29,"","",9231LD,Surhuisterveen
Baansein,3,"","",9231LD,Surhuisterveen
Baansein,3,"","",9231LD,Surhuisterveen
Baansein,3,"","",9231LD,Surhuisterveen
Baansein,31,"","",9231LD,Surhuisterveen
Baansein,31,"","",9231LD,Surhuisterveen
Baansein,31,"","",9231LD,Surhuisterveen
Baansein,33,"","",9231LD,Surhuisterveen
Baansein,33,"","",9231LD,Surhuisterveen
Baansein,33,"","",9231LD,Surhuisterveen
Baansein,35,"","",9231LD,Surhuisterveen
Baansein,35,"","",9231LD,Surhuisterveen
Baansein,35,"","",9231LD,Surhuisterveen
Baansein,37,"","",9231LD,Surhuisterveen
Baansein,37,"","",9231LD,Surhuisterveen
Baansein,37,"","",9231LD,Surhuisterveen
Baansein,39,"","",9231LD,Surhuisterveen
Baansein,39,"","",9231LD,Surhuisterveen
Baansein,39,"","",9231LD,Surhuisterveen
Baansein,41,"","",9231LD,Surhuisterveen
Baansein,41,"","",9231LD,Surhuisterveen
Baansein,41,"","",9231LD,Surhuisterveen
Baansein,43,"","",9231LD,Surhuisterveen
Baansein,43,"","",9231LD,Surhuisterveen
Baansein,43,"","",9231LD,Surhuisterveen
Baansein,45,"","",9231LD,Surhuisterveen
Baansein,45,"","",9231LD,Surhuisterveen
Baansein,45,"","",9231LD,Surhuisterveen
Baansein,47,"","",9231LD,Surhuisterveen
Baansein,47,"","",9231LD,Surhuisterveen
Baansein,47,"","",9231LD,Surhuisterveen
Baansein,49,"","",9231LD,Surhuisterveen
Baansein,49,"","",9231LD,Surhuisterveen
Baansein,49,"","",9231LD,Surhuisterveen
Baansein,5,"","",9231LD,Surhuisterveen
Baansein,5,"","",9231LD,Surhuisterveen
Baansein,5,"","",9231LD,Surhuisterveen
Baansein,51,"","",9231LD,Surhuisterveen
Baansein,51,"","",9231LD,Surhuisterveen
Baansein,51,"","",9231LD,Surhuisterveen
Baansein,53,"","",9231LD,Surhuisterveen
Baansein,53,"","",9231LD,Surhuisterveen
Baansein,53,"","",9231LD,Surhuisterveen
Baansein,7,"","",9231LD,Surhuisterveen
Baansein,7,"","",9231LD,Surhuisterveen
Baansein,7,"","",9231LD,Surhuisterveen
Baansein,9,"","",9231LD,Surhuisterveen
Baansein,9,"","",9231LD,Surhuisterveen
Baansein,9,"","",9231LD,Surhuisterveen
Dûbelspul,10,"","",9231LE,Surhuisterveen
Dûbelspul,11,"","",9231LE,Surhuisterveen
Dûbelspul,12,"","",9231LE,Surhuisterveen
Dûbelspul,13,"","",9231LE,Surhuisterveen
Dûbelspul,14,"","",9231LE,Surhuisterveen
Dûbelspul,16,"","",9231LE,Surhuisterveen
Dûbelspul,18,"","",9231LE,Surhuisterveen
Dûbelspul,20,"","",9231LE,Surhuisterveen
Dûbelspul,3,"","",9231LE,Surhuisterveen
Dûbelspul,4,"","",9231LE,Surhuisterveen
Dûbelspul,5,"","",9231LE,Surhuisterveen
Dûbelspul,6,"","",9231LE,Surhuisterveen
Dûbelspul,7,"","",9231LE,Surhuisterveen
Dûbelspul,8,"","",9231LE,Surhuisterveen
Dûbelspul,9,"","",9231LE,Surhuisterveen
Baggelkamp,1,"","",9231MA,Surhuisterveen
Baggelkamp,3,"","",9231MA,Surhuisterveen
Baggelkamp,5,"","",9231MA,Surhuisterveen
Baggelkamp,10,"","",9231MB,Surhuisterveen
Baggelkamp,12,"","",9231MB,Surhuisterveen
Baggelkamp,14,"","",9231MB,Surhuisterveen
Baggelkamp,16,"","",9231MB,Surhuisterveen
Baggelkamp,2,"","",9231MB,Surhuisterveen
Baggelkamp,4,"","",9231MB,Surhuisterveen
Baggelkamp,6,"","",9231MB,Surhuisterveen
Baggelkamp,8,"","",9231MB,Surhuisterveen
Eisingarak,21,"","",9231MC,Surhuisterveen
Eisingarak,23,"","",9231MC,Surhuisterveen
Eisingarak,25,"","",9231MC,Surhuisterveen
Eisingarak,27,"","",9231MC,Surhuisterveen
Eisingarak,31,"","",9231MC,Surhuisterveen
Eisingarak,33,"","",9231MC,Surhuisterveen
Eisingarak,35,"","",9231MC,Surhuisterveen
Eisingarak,39,"","",9231MC,Surhuisterveen
Eisingarak,10,"","",9231MD,Surhuisterveen
Eisingarak,12,"","",9231MD,Surhuisterveen
Eisingarak,12,A,"",9231MD,Surhuisterveen
Eisingarak,14,"","",9231MD,Surhuisterveen
Eisingarak,16,"","",9231MD,Surhuisterveen
Eisingarak,18,"","",9231MD,Surhuisterveen
Eisingarak,20,"","",9231MD,Surhuisterveen
Eisingarak,22,"","",9231MD,Surhuisterveen
Eisingarak,24,"","",9231MD,Surhuisterveen
Eisingarak,26,"","",9231MD,Surhuisterveen
Eisingarak,28,"","",9231MD,Surhuisterveen
Eisingarak,30,"","",9231MD,Surhuisterveen
Eisingarak,32,"","",9231MD,Surhuisterveen
Verlaatsdam,1,"","",9231ME,Surhuisterveen
Verlaatsdam,11,"","",9231ME,Surhuisterveen
Verlaatsdam,13,"","",9231ME,Surhuisterveen
Verlaatsdam,15,"","",9231ME,Surhuisterveen
Verlaatsdam,17,"","",9231ME,Surhuisterveen
Verlaatsdam,19,"","",9231ME,Surhuisterveen
Verlaatsdam,21,"","",9231ME,Surhuisterveen
Verlaatsdam,23,"","",9231ME,Surhuisterveen
Verlaatsdam,25,"","",9231ME,Surhuisterveen
Verlaatsdam,27,"","",9231ME,Surhuisterveen
Verlaatsdam,29,"","",9231ME,Surhuisterveen
Verlaatsdam,3,"","",9231ME,Surhuisterveen
Verlaatsdam,31,"","",9231ME,Surhuisterveen
Verlaatsdam,33,"","",9231ME,Surhuisterveen
Verlaatsdam,35,"","",9231ME,Surhuisterveen
Verlaatsdam,5,"","",9231ME,Surhuisterveen
Verlaatsdam,7,"","",9231ME,Surhuisterveen
Verlaatsdam,9,"","",9231ME,Surhuisterveen
Verlaatsdam,10,"","",9231MG,Surhuisterveen
Verlaatsdam,12,"","",9231MG,Surhuisterveen
Verlaatsdam,14,"","",9231MG,Surhuisterveen
Verlaatsdam,16,"","",9231MG,Surhuisterveen
Verlaatsdam,18,"","",9231MG,Surhuisterveen
Verlaatsdam,2,"","",9231MG,Surhuisterveen
Verlaatsdam,20,"","",9231MG,Surhuisterveen
Verlaatsdam,22,"","",9231MG,Surhuisterveen
Verlaatsdam,24,"","",9231MG,Surhuisterveen
Verlaatsdam,26,"","",9231MG,Surhuisterveen
Verlaatsdam,4,"","",9231MG,Surhuisterveen
Verlaatsdam,6,"","",9231MG,Surhuisterveen
Verlaatsdam,8,"","",9231MG,Surhuisterveen
Brandland,1,"","",9231MH,Surhuisterveen
Brandland,10,"","",9231MH,Surhuisterveen
Brandland,12,"","",9231MH,Surhuisterveen
Brandland,14,"","",9231MH,Surhuisterveen
Brandland,16,"","",9231MH,Surhuisterveen
Brandland,18,"","",9231MH,Surhuisterveen
Brandland,2,"","",9231MH,Surhuisterveen
Brandland,20,"","",9231MH,Surhuisterveen
Brandland,3,"","",9231MH,Surhuisterveen
Brandland,4,"","",9231MH,Surhuisterveen
Brandland,5,"","",9231MH,Surhuisterveen
Brandland,6,"","",9231MH,Surhuisterveen
Brandland,7,"","",9231MH,Surhuisterveen
Brandland,8,"","",9231MH,Surhuisterveen
Brandland,9,"","",9231MH,Surhuisterveen
Kloosterveen,1,"","",9231MJ,Surhuisterveen
Kloosterveen,11,"","",9231MJ,Surhuisterveen
Kloosterveen,13,"","",9231MJ,Surhuisterveen
Kloosterveen,15,"","",9231MJ,Surhuisterveen
Kloosterveen,17,"","",9231MJ,Surhuisterveen
Kloosterveen,19,"","",9231MJ,Surhuisterveen
Kloosterveen,21,"","",9231MJ,Surhuisterveen
Kloosterveen,3,"","",9231MJ,Surhuisterveen
Kloosterveen,5,"","",9231MJ,Surhuisterveen
Kloosterveen,7,"","",9231MJ,Surhuisterveen
Kloosterveen,9,"","",9231MJ,Surhuisterveen
Dalgrond,1,"","",9231MK,Surhuisterveen
Dalgrond,10,"","",9231MK,Surhuisterveen
Dalgrond,11,"","",9231MK,Surhuisterveen
Dalgrond,13,"","",9231MK,Surhuisterveen
Dalgrond,15,"","",9231MK,Surhuisterveen
Dalgrond,2,"","",9231MK,Surhuisterveen
Dalgrond,3,"","",9231MK,Surhuisterveen
Dalgrond,4,"","",9231MK,Surhuisterveen
Dalgrond,5,"","",9231MK,Surhuisterveen
Dalgrond,6,"","",9231MK,Surhuisterveen
Dalgrond,7,"","",9231MK,Surhuisterveen
Dalgrond,8,"","",9231MK,Surhuisterveen
Dalgrond,9,"","",9231MK,Surhuisterveen
Veenderij,1,"","",9231ML,Surhuisterveen
Veenderij,10,"","",9231ML,Surhuisterveen
Veenderij,11,"","",9231ML,Surhuisterveen
Veenderij,12,"","",9231ML,Surhuisterveen
Veenderij,14,"","",9231ML,Surhuisterveen
Veenderij,16,"","",9231ML,Surhuisterveen
Veenderij,18,"","",9231ML,Surhuisterveen
Veenderij,2,"","",9231ML,Surhuisterveen
Veenderij,20,"","",9231ML,Surhuisterveen
Veenderij,22,"","",9231ML,Surhuisterveen
Veenderij,24,"","",9231ML,Surhuisterveen
Veenderij,26,"","",9231ML,Surhuisterveen
Veenderij,28,"","",9231ML,Surhuisterveen
Veenderij,3,"","",9231ML,Surhuisterveen
Veenderij,30,"","",9231ML,Surhuisterveen
Veenderij,32,"","",9231ML,Surhuisterveen
Veenderij,4,"","",9231ML,Surhuisterveen
Veenderij,5,"","",9231ML,Surhuisterveen
Veenderij,6,"","",9231ML,Surhuisterveen
Veenderij,7,"","",9231ML,Surhuisterveen
Veenderij,8,"","",9231ML,Surhuisterveen
Veenderij,9,"","",9231ML,Surhuisterveen
Lange Turf,1,"","",9231MN,Surhuisterveen
Lange Turf,11,"","",9231MN,Surhuisterveen
Lange Turf,2,"","",9231MN,Surhuisterveen
Lange Turf,3,"","",9231MN,Surhuisterveen
Lange Turf,4,"","",9231MN,Surhuisterveen
Lange Turf,5,"","",9231MN,Surhuisterveen
Lange Turf,6,"","",9231MN,Surhuisterveen
Lange Turf,7,"","",9231MN,Surhuisterveen
Lange Turf,8,"","",9231MN,Surhuisterveen
Lange Turf,9,"","",9231MN,Surhuisterveen
Feanbei,10,"","",9231NB,Surhuisterveen
Feanbei,12,"","",9231NB,Surhuisterveen
Feanbei,14,"","",9231NB,Surhuisterveen
Feanbei,16,"","",9231NB,Surhuisterveen
Feanbei,18,"","",9231NB,Surhuisterveen
Feanbei,2,"","",9231NB,Surhuisterveen
Feanbei,2,"","",9231NB,Surhuisterveen
Feanbei,2,"","",9231NB,Surhuisterveen
Feanbei,20,"","",9231NB,Surhuisterveen
Feanbei,20,"","",9231NB,Surhuisterveen
Feanbei,20,"","",9231NB,Surhuisterveen
Feanbei,22,"","",9231NB,Surhuisterveen
Feanbei,24,"","",9231NB,Surhuisterveen
Feanbei,26,"","",9231NB,Surhuisterveen
Feanbei,28,"","",9231NB,Surhuisterveen
Feanbei,30,"","",9231NB,Surhuisterveen
Feanbei,32,"","",9231NB,Surhuisterveen
Feanbei,34,"","",9231NB,Surhuisterveen
Feanbei,36,"","",9231NB,Surhuisterveen
Feanbei,36,"","",9231NB,Surhuisterveen
Feanbei,36,"","",9231NB,Surhuisterveen
Feanbei,4,"","",9231NB,Surhuisterveen
Feanbei,6,"","",9231NB,Surhuisterveen
Feanbei,8,"","",9231NB,Surhuisterveen
Koarstmoas,1,"","",9231NC,Surhuisterveen
Koarstmoas,1,"","",9231NC,Surhuisterveen
Koarstmoas,1,"","",9231NC,Surhuisterveen
Koarstmoas,11,"","",9231NC,Surhuisterveen
Koarstmoas,13,"","",9231NC,Surhuisterveen
Koarstmoas,15,"","",9231NC,Surhuisterveen
Koarstmoas,17,"","",9231NC,Surhuisterveen
Koarstmoas,19,"","",9231NC,Surhuisterveen
Koarstmoas,21,"","",9231NC,Surhuisterveen
Koarstmoas,23,"","",9231NC,Surhuisterveen
Koarstmoas,3,"","",9231NC,Surhuisterveen
Koarstmoas,3,"","",9231NC,Surhuisterveen
Koarstmoas,3,"","",9231NC,Surhuisterveen
Koarstmoas,3,A,"",9231NC,Surhuisterveen
Koarstmoas,3,A,"",9231NC,Surhuisterveen
Koarstmoas,3,A,"",9231NC,Surhuisterveen
Koarstmoas,5,"","",9231NC,Surhuisterveen
Koarstmoas,5,"","",9231NC,Surhuisterveen
Koarstmoas,5,"","",9231NC,Surhuisterveen
Koarstmoas,5,A,"",9231NC,Surhuisterveen
Koarstmoas,5,A,"",9231NC,Surhuisterveen
Koarstmoas,5,A,"",9231NC,Surhuisterveen
Koarstmoas,7,"","",9231NC,Surhuisterveen
Koarstmoas,7,"","",9231NC,Surhuisterveen
Koarstmoas,7,"","",9231NC,Surhuisterveen
Koarstmoas,7,A,"",9231NC,Surhuisterveen
Koarstmoas,7,A,"",9231NC,Surhuisterveen
Koarstmoas,9,"","",9231NC,Surhuisterveen
Koarstmoas,9,"","",9231NC,Surhuisterveen
Koarstmoas,9,"","",9231NC,Surhuisterveen
Koarstmoas,9,A,"",9231NC,Surhuisterveen
Koarstmoas,9,A,"",9231NC,Surhuisterveen
Koarstmoas,9,A,"",9231NC,Surhuisterveen
Koarstmoas,10,"","",9231ND,Surhuisterveen
Koarstmoas,12,"","",9231ND,Surhuisterveen
Koarstmoas,14,"","",9231ND,Surhuisterveen
Koarstmoas,16,"","",9231ND,Surhuisterveen
Koarstmoas,18,"","",9231ND,Surhuisterveen
Koarstmoas,2,"","",9231ND,Surhuisterveen
Koarstmoas,2,"","",9231ND,Surhuisterveen
Koarstmoas,2,"","",9231ND,Surhuisterveen
Koarstmoas,20,"","",9231ND,Surhuisterveen
Koarstmoas,20,"","",9231ND,Surhuisterveen
Koarstmoas,20,"","",9231ND,Surhuisterveen
Koarstmoas,4,"","",9231ND,Surhuisterveen
Koarstmoas,6,"","",9231ND,Surhuisterveen
Koarstmoas,8,"","",9231ND,Surhuisterveen
