"postcode","huisnummer","huisletter","toevoeging"
"7811AB",101,"A","111"
"7811AB",101,"A","112"
"7811AB",101,"E","504"
"7811AB",101,"E","502"
"7811AB",101,"D","413"
"7811AB",101,"D","415"
"7811AB",101,"A","113"
"7811AB",101,"A","109"
"7811AB",101,"E","504"
"7811AB",101,"A","111"
"7811AB",101,"B","205"
"7811AB",101,"G","717"
"7811AB",101,"E","503"
"7811AB",101,"E","513"
"7811AB",101,"A","110"
"7811AB",101,"A","112"
"7811AB",101,"E","208"
"7811AB",101,"E","503"
"7811AB",101,"D","414"
"7811AB",101,"D","416"
"7811AB",101,"E","504"
"7811AB",101,"D","415"
"7811AB",101,"F","608"
"7811AB",101,"F","605"
"7811AB",101,"F","606"
"7811AB",101,"B","207"
"7811AB",101,"A","102"
"7811AB",101,"E","502"
"7811AB",101,"E","211"
"7811AB",101,"E","212"
"7811AB",101,"D","414"
"7811AB",101,"A","110"
"7811AB",101,"D","417"
"7811AB",101,"A","107"
"7811AB",101,"A","109"
"7811AB",101,"E","513"
"7811AB",101,"F","607"
"7811AB",101,"G","708"
"7811AB",101,"A","107"
"7811AB",101,"G","716"
"7811AB",101,"A","102"
"7811AB",101,"E","501"
"7811AB",101,"D","417"
"7811AB",101,"D","416"
"7811AB",101,"E","207"
"7811AB",101,"A","108"
"7811AB",101,"D","418"
"7811AB",101,"D","419"
"7811AB",101,"G","715"
"7811AB",101,"E","511"
"7811AB",101,"B","208"
"7811AB",101,"E","505"
"7811AB",101,"C","310"
"7811AB",101,"A","103"
"7811AB",101,"G","713"
"7811AB",101,"G","712"
"7811AB",101,"E","209"
"7811AB",95,"",""
"7811AB",101,"D","419"
"7811AB",101,"D","418"
"7811AB",101,"G","711"
"7811AB",101,"G","710"
"7811AB",101,"E","512"
"7811AB",101,"C","306"
"7811AB",101,"C","306"
"7811AB",101,"E","512"
"7811AB",101,"B","204"
"7811AB",101,"A","103"
"7811AB",101,"A","104"
"7811AB",95,"",""
"7811AB",101,"F","604"
"7811AB",101,"G","709"
"7811AB",101,"G","716"
"7811AB",101,"E","519"
"7811AB",101,"B","205"
"7811AB",101,"E","505"
"7811AB",101,"C","308"
"7811AB",101,"F","609"
"7811AB",101,"A","113"
"7811AB",101,"G","718"
"7811AB",101,"B","206"
"7811AB",101,"D","419"
"7811AB",101,"E","511"
"7811AB",101,"F","608"
"7811AB",101,"G","714"
"7811AB",101,"B","203"
"7811AB",101,"F","603"
"7811AB",101,"C","307"
"7811AB",101,"C","307"
"7811AB",101,"C","310"
"7811AB",101,"C","304"
"7811AB",101,"C","302"
"7811AB",101,"B","208"
"7811AB",101,"F","605"
"7811AB",101,"B","212"
"7811AB",101,"G","714"
"7811AB",101,"A","105"
"7811AB",101,"G","715"
"7811AB",101,"E","510"
"7811AB",101,"F","604"
"7811AB",101,"G","716"
"7811AB",101,"B","206"
"7811AB",101,"G","706"
"7811AB",101,"C","304"
"7811AB",101,"F","603"
"7811AB",101,"E","519"
"7811AB",101,"B","214"
"7811AB",101,"F","606"
"7811AB",84,"","B9"
"7811AB",101,"G","718"
"7811AB",101,"A","105"
"7811AB",101,"C","308"
"7811AB",101,"G","713"
"7811AB",95,"",""
"7811AB",101,"D","413"
"7811AB",101,"D","403"
"7811AB",101,"C","309"
"7811AB",101,"C","303"
"7811AB",101,"C","303"
"7811AB",101,"E","515"
"7811AB",101,"B","209"
"7811AB",101,"B","207"
"7811AB",101,"E","514"
"7811AB",101,"B","211"
"7811AB",101,"C","305"
"7811AB",101,"F","609"
"7811AB",101,"G","708"
"7811AB",101,"A","106"
"7811AB",101,"D","407"
"7811AB",101,"D","405"
"7811AB",101,"D","401"
"7811AB",101,"C","301"
"7811AB",101,"C","305"
"7811AB",101,"E","515"
"7811AB",101,"C","312"
"7811AB",95,"",""
"7811AB",101,"B","203"
"7811AB",101,"B","204"
"7811AB",101,"G","717"
"7811AB",101,"G","707"
"7811AB",101,"G","717"
"7811AB",101,"E","507"
"7811AB",101,"D","404"
"7811AB",101,"F","602"
"7811AB",101,"B","219"
"7811AB",101,"E","519"
"7811AB",101,"F","602"
"7811AB",101,"F","601"
"7811AB",101,"B","202"
"7811AB",101,"A","106"
"7811AB",101,"",""
"7811AB",101,"A","101"
"7811AB",101,"D","411"
"7811AB",101,"G","706"
"7811AB",101,"D","403"
"7811AB",101,"D","406"
"7811AB",101,"C","302"
"7811AB",101,"A","116"
"7811AB",101,"G","719"
"7811AB",101,"G","719"
"7811AB",101,"B","201"
"7811AB",101,"E","506"
"7811AB",101,"D","412"
"7811AB",101,"D","411"
"7811AB",101,"A","104"
"7811AB",101,"A","114"
"7811AB",101,"D","404"
"7811AB",101,"E","518"
"7811AB",101,"B","211"
"7811AB",101,"A","115"
"7811AB",101,"G","705"
"7811AB",101,"E","509"
"7811AB",101,"E","508"
"7811AB",101,"B","214"
"7811AB",101,"G","719"
"7811AB",101,"D","410"
"7811AB",101,"D","410"
"7811AB",101,"D","409"
"7811AB",101,"D","407"
"7811AB",101,"A","116"
"7811AB",101,"G","703"
"7811AB",101,"G","705"
"7811AB",101,"D","402"
"7811AB",101,"B","210"
"7811AB",101,"C","313"
"7811AB",101,"G","704"
"7811AB",101,"A","114"
"7811AB",101,"B","209"
"7811AB",101,"B","213"
"7811AB",101,"E","507"
"7811AB",101,"D","408"
"7811AB",101,"D","409"
"7811AB",101,"D","405"
"7811AB",101,"G","703"
"7811AB",101,"B","219"
"7811AB",101,"C","312"
"7811AB",101,"D","402"
"7811AB",101,"E","517"
"7811AB",101,"F","616"
"7811AB",101,"F","614"
"7811AB",101,"F","612"
"7811AB",101,"B","202"
"7811AB",101,"D","412"
"7811AB",101,"B","213"
"7811AB",101,"C","319"
"7811AB",101,"C","311"
"7811AB",101,"G","704"
"7811AB",101,"C","318"
"7811AB",101,"E","518"
"7811AB",101,"F","607"
"7811AB",101,"C","317"
"7811AB",101,"B","215"
"7811AB",101,"F","617"
"7811AB",101,"G","719"
"7811AB",101,"G","718"
"7811AB",101,"F","610"
"7811AB",101,"D","406"
"7811AB",101,"G","701"
"7811AB",101,"C","319"
"7811AB",101,"F","619"
"7811AB",101,"B","218"
"7811AB",101,"F","611"
"7811AB",101,"E","517"
"7811AB",101,"F","616"
"7811AB",101,"F","615"
"7811AB",101,"A","115"
"7811AB",101,"B","216"
"7811AB",101,"C","316"
"7811AB",101,"G","719"
"7811AB",101,"G","702"
"7811AB",101,"B","216"
"7811AB",101,"B","219"
"7811AB",101,"F","619"
"7811AB",101,"E","516"
"7811AB",101,"C","315"
"7811AB",101,"B","217"
"7811AB",101,"C","317"
"7811AB",101,"F","613"
"7811AB",101,"F","619"
"7811AB",101,"F","613"
"7811AB",101,"C","318"
"7811AB",101,"C","315"
"7811AB",101,"F","612"
"7811AB",101,"B","217"
"7811AB",101,"B","218"
"7811AB",101,"A","116"
"7811AB",101,"C","314"
"7811AB",101,"B","212"
"7811AB",101,"F","615"
"7811AB",101,"F","618"
"7811AB",101,"C","314"
"7811AB",101,"B","215"
"7811AB",101,"F","617"
"7811AB",101,"E","516"
"7811AB",101,"F","618"
"7811AB",101,"F","611"
"7811AB",101,"F","614"
"7811AB",101,"C","313"
"7811AB",101,"F","610"
"7811AB",101,"C","316"
"7811AC",103,"C",""
"7811AC",103,"B",""
"7811AC",141,"",""
"7811AC",109,"B",""
"7811AC",131,"",""
"7811AC",113,"C",""
"7811AC",103,"D",""
"7811AC",133,"",""
"7811AC",127,"",""
"7811AC",113,"C",""
"7811AC",109,"A",""
"7811AC",109,"",""
"7811AC",115,"B",""
"7811AC",115,"E",""
"7811AC",137,"",""
"7811AC",109,"E",""
"7811AC",103,"",""
"7811AC",117,"",""
"7811AC",115,"C",""
"7811AC",109,"D",""
"7811AC",119,"",""
"7811AC",105,"",""
"7811AC",105,"E",""
"7811AC",141,"",""
"7811AC",109,"E",""
"7811AC",139,"",""
"7811AC",115,"D",""
"7811AC",113,"D",""
"7811AC",115,"A",""
"7811AC",115,"C",""
"7811AC",113,"D",""
"7811AC",111,"D",""
"7811AC",109,"",""
"7811AC",109,"C",""
"7811AC",109,"B",""
"7811AC",103,"A",""
"7811AC",113,"C",""
"7811AC",115,"D",""
"7811AC",115,"A",""
"7811AC",109,"D",""
"7811AC",125,"",""
"7811AC",115,"B",""
"7811AC",117,"",""
"7811AC",105,"D",""
"7811AC",111,"E",""
"7811AC",105,"C",""
"7811AC",121,"",""
"7811AC",113,"E",""
"7811AC",103,"C",""
"7811AC",123,"",""
"7811AC",115,"A",""
"7811AC",103,"A",""
"7811AC",139,"",""
"7811AC",109,"C",""
"7811AC",135,"",""
"7811AC",111,"E",""
"7811AC",107,"A",""
"7811AC",113,"A",""
"7811AC",103,"D",""
"7811AC",105,"D",""
"7811AC",105,"D",""
"7811AC",109,"A",""
"7811AC",109,"D",""
"7811AC",105,"",""
"7811AC",115,"E",""
"7811AC",115,"",""
"7811AC",103,"",""
"7811AC",113,"D",""
"7811AC",113,"B",""
"7811AC",107,"B",""
"7811AC",113,"B",""
"7811AC",105,"C",""
"7811AC",107,"A",""
"7811AC",107,"",""
"7811AC",105,"E",""
"7811AC",111,"",""
"7811AC",111,"",""
"7811AC",115,"",""
"7811AC",113,"E",""
"7811AC",109,"C",""
"7811AC",103,"",""
"7811AC",107,"C",""
"7811AC",107,"D",""
"7811AC",107,"E",""
"7811AC",107,"B",""
"7811AC",105,"B",""
"7811AC",111,"E",""
"7811AC",107,"",""
"7811AC",109,"A",""
"7811AC",113,"",""
"7811AC",105,"A",""
"7811AC",113,"E",""
"7811AC",129,"",""
"7811AC",107,"D",""
"7811AC",103,"",""
"7811AC",113,"B",""
"7811AC",111,"C",""
"7811AC",105,"A",""
"7811AC",107,"C",""
"7811AC",107,"E",""
"7811AC",111,"C",""
"7811AC",105,"B",""
"7811AC",113,"",""
"7811AC",111,"D",""
"7811AC",103,"",""
"7811AC",111,"D",""
"7811AC",111,"A",""
"7811AC",113,"A",""
"7811AC",111,"B",""
"7811AC",103,"B",""
"7811AC",111,"A",""
"7811AC",111,"A",""
"7811AC",111,"B",""
"7811AD",271,"",""
"7811AD",145,"",""
"7811AD",267,"",""
"7811AD",271,"",""
"7811AD",143,"",""
"7811AD",269,"",""
"7811AD",267,"",""
"7811AD",147,"",""
"7811AD",319,"",""
"7811AD",297,"",""
"7811AD",159,"",""
"7811AD",165,"",""
"7811AD",285,"",""
"7811AD",275,"",""
"7811AD",143,"",""
"7811AD",295,"",""
"7811AD",145,"",""
"7811AD",273,"",""
"7811AD",269,"",""
"7811AD",151,"",""
"7811AD",305,"",""
"7811AD",305,"",""
"7811AD",293,"",""
"7811AD",295,"",""
"7811AD",291,"",""
"7811AD",147,"",""
"7811AD",287,"",""
"7811AD",283,"",""
"7811AD",281,"",""
"7811AD",261,"",""
"7811AD",153,"",""
"7811AD",313,"",""
"7811AD",309,"",""
"7811AD",311,"",""
"7811AD",301,"",""
"7811AD",293,"",""
"7811AD",307,"",""
"7811AD",287,"",""
"7811AD",291,"",""
"7811AD",273,"",""
"7811AD",319,"",""
"7811AD",261,"",""
"7811AD",277,"",""
"7811AD",259,"",""
"7811AD",157,"",""
"7811AD",301,"",""
"7811AD",315,"",""
"7811AD",307,"",""
"7811AD",303,"",""
"7811AD",299,"",""
"7811AD",315,"",""
"7811AD",309,"",""
"7811AD",289,"",""
"7811AD",283,"",""
"7811AD",311,"",""
"7811AD",149,"",""
"7811AD",303,"",""
"7811AD",297,"",""
"7811AD",313,"",""
"7811AD",281,"",""
"7811AD",163,"",""
"7811AD",299,"",""
"7811AD",279,"",""
"7811AD",161,"",""
"7811AD",263,"",""
"7811AD",317,"",""
"7811AD",275,"",""
"7811AD",265,"",""
"7811AD",289,"",""
"7811AD",285,"",""
"7811AD",277,"",""
"7811AD",317,"",""
"7811AD",259,"",""
"7811AD",155,"",""
"7811AD",151,"",""
"7811AD",279,"",""
"7811AD",149,"",""
"7811AD",263,"",""
"7811AD",153,"",""
"7811AD",265,"",""
"7811AH",85,"",""
"7811AH",31,"",""
"7811AH",27,"",""
"7811AH",26,"",""
"7811AH",23,"",""
"7811AH",39,"",""
"7811AH",25,"",""
"7811AH",13,"","GB31"
"7811AH",24,"",""
"7811AH",13,"","GB31"
"7811AH",13,"","GB23"
"7811AH",13,"","GB25"
"7811AH",140,"",""
"7811AH",13,"","GB34"
"7811AH",13,"","GB29"
"7811AH",13,"","GB33"
"7811AH",13,"","GB28"
"7811AH",13,"","GB24"
"7811AH",29,"",""
"7811AH",13,"","GB14"
"7811AH",13,"","GB15"
"7811AH",13,"","GB20"
"7811AH",13,"","GB20"
"7811AH",13,"","GB30"
"7811AH",40,"",""
"7811AH",13,"","GB11"
"7811AH",13,"","GB11"
"7811AH",88,"","GB12"
"7811AH",37,"",""
"7811AH",84,"",""
"7811AH",13,"","GB27"
"7811AH",13,"","GB19"
"7811AH",13,"","GB17"
"7811AH",13,"","GB14"
"7811AH",83,"",""
"7811AH",13,"","GB26"
"7811AH",43,"",""
"7811AH",22,"",""
"7811AH",140,"","GB01"
"7811AH",88,"","GB12"
"7811AH",88,"","GB06"
"7811AH",19,"",""
"7811AH",13,"","GB21"
"7811AH",13,"","GB32"
"7811AH",13,"","GB32"
"7811AH",13,"","GB19"
"7811AH",13,"","GB18"
"7811AH",13,"","GB16"
"7811AH",13,"","GB15"
"7811AH",13,"","GB30"
"7811AH",88,"","GB13"
"7811AH",13,"","GB13"
"7811AH",13,"","GB05"
"7811AH",13,"","GB04"
"7811AH",88,"","GB09"
"7811AH",88,"","GB07"
"7811AH",13,"","GB33"
"7811AH",82,"",""
"7811AH",13,"","GB27"
"7811AH",13,"","GB18"
"7811AH",13,"","GB17"
"7811AH",13,"","GB13"
"7811AH",13,"","GB29"
"7811AH",38,"",""
"7811AH",88,"","GB10"
"7811AH",88,"","GB08"
"7811AH",88,"","GB07"
"7811AH",13,"","GB22"
"7811AH",15,"",""
"7811AH",14,"",""
"7811AH",13,"","GB35"
"7811AH",8,"",""
"7811AH",13,"","GB24"
"7811AH",13,"","GB16"
"7811AH",28,"",""
"7811AH",30,"",""
"7811AH",13,"","GB34"
"7811AH",13,"","GB02"
"7811AH",88,"","GB08"
"7811AH",13,"","GB22"
"7811AH",88,"","GB05"
"7811AH",88,"","GB05"
"7811AH",17,"",""
"7811AH",9,"",""
"7811AH",88,"","GB01"
"7811AH",13,"","GB28"
"7811AH",13,"","GB12"
"7811AH",88,"","TR"
"7811AH",13,"","GB25"
"7811AH",13,"","GB12"
"7811AH",20,"",""
"7811AH",13,"","GB07"
"7811AH",18,"",""
"7811AH",4,"",""
"7811AH",13,"","GB04"
"7811AH",41,"",""
"7811AH",16,"",""
"7811AH",13,"","GB21"
"7811AH",5,"",""
"7811AH",13,"","GB22"
"7811AH",88,"","GB13"
"7811AH",36,"",""
"7811AH",13,"","GB26"
"7811AH",88,"","GB02"
"7811AH",13,"","GB09"
"7811AH",21,"",""
"7811AH",13,"","GB03"
"7811AH",13,"","TR"
"7811AH",88,"","GB10"
"7811AH",13,"","GB08"
"7811AH",13,"","GB09"
"7811AH",88,"","GB09"
"7811AH",13,"","GB08"
"7811AH",13,"",""
"7811AH",13,"","GB03"
"7811AH",13,"","GB02"
"7811AH",86,"",""
"7811AH",3,"",""
"7811AH",13,"","GB10"
"7811AH",13,"","GB06"
"7811AH",13,"","GB07"
"7811AH",88,"","GB06"
"7811AH",13,"","GB01"
"7811AH",88,"","GB03"
"7811AH",88,"","GB04"
"7811AH",87,"",""
"7811AH",88,"","GB04"
"7811AH",6,"",""
"7811AH",13,"","GB06"
"7811AH",13,"","GB05"
"7811AH",13,"","GB10"
"7811AH",88,"","GB03"
"7811AH",12,"",""
"7811AH",11,"",""
"7811AH",13,"","TR"
"7811AH",10,"",""
"7811AH",88,"","GB01"
"7811AH",7,"",""
"7811AH",13,"","GB23"
"7811AH",13,"","GB04"
"7811AH",88,"",""
"7811AH",13,"","GB01"
"7811AH",13,"","GB35"
"7811AH",88,"","GB02"
"7811AJ",240,"",""
"7811AJ",210,"",""
"7811AJ",33,"",""
"7811AJ",212,"",""
"7811AJ",13,"",""
"7811AJ",12,"",""
"7811AJ",18,"",""
"7811AJ",166,"",""
"7811AJ",236,"",""
"7811AJ",160,"A",""
"7811AJ",158,"",""
"7811AJ",226,"",""
"7811AJ",230,"",""
"7811AJ",216,"",""
"7811AJ",232,"",""
"7811AJ",190,"",""
"7811AJ",33,"",""
"7811AJ",14,"",""
"7811AJ",214,"",""
"7811AJ",164,"",""
"7811AJ",192,"",""
"7811AJ",222,"",""
"7811AJ",168,"",""
"7811AJ",228,"",""
"7811AJ",242,"",""
"7811AJ",33,"",""
"7811AJ",29,"",""
"7811AJ",152,"",""
"7811AJ",31,"",""
"7811AJ",176,"",""
"7811AJ",186,"",""
"7811AJ",29,"",""
"7811AJ",10,"",""
"7811AJ",50,"A",""
"7811AJ",160,"",""
"7811AJ",198,"",""
"7811AJ",200,"",""
"7811AJ",31,"",""
"7811AJ",32,"",""
"7811AJ",234,"",""
"7811AJ",13,"","TR"
"7811AJ",6,"",""
"7811AJ",204,"",""
"7811AJ",188,"",""
"7811AJ",206,"",""
"7811AJ",194,"",""
"7811AJ",174,"",""
"7811AJ",36,"",""
"7811AJ",38,"",""
"7811AJ",27,"",""
"7811AJ",13,"",""
"7811AJ",30,"",""
"7811AJ",220,"",""
"7811AJ",224,"",""
"7811AJ",9,"",""
"7811AJ",250,"",""
"7811AJ",208,"",""
"7811AJ",248,"",""
"7811AJ",35,"",""
"7811AJ",182,"",""
"7811AJ",28,"",""
"7811AJ",246,"",""
"7811AJ",25,"",""
"7811AJ",26,"",""
"7811AJ",252,"",""
"7811AJ",218,"",""
"7811AJ",20,"",""
"7811AJ",22,"",""
"7811AJ",35,"",""
"7811AJ",184,"",""
"7811AJ",180,"",""
"7811AJ",50,"",""
"7811AJ",202,"",""
"7811AJ",15,"",""
"7811AJ",2,"",""
"7811AJ",8,"",""
"7811AJ",24,"",""
"7811AJ",254,"",""
"7811AJ",170,"",""
"7811AJ",16,"",""
"7811AJ",25,"",""
"7811AJ",42,"",""
"7811AJ",34,"",""
"7811AJ",238,"",""
"7811AJ",244,"",""
"7811AJ",156,"",""
"7811AJ",162,"",""
"7811AJ",7901,"",""
"7811AJ",172,"",""
"7811AJ",196,"",""
"7811AJ",154,"",""
"7811AJ",35,"",""
"7811AJ",178,"",""
"7811AK",19,"C",""
"7811AK",19,"F",""
"7811AK",19,"D",""
"7811AK",31,"A",""
"7811AK",9,"",""
"7811AK",19,"A",""
"7811AK",21,"",""
"7811AK",15,"A",""
"7811AK",3,"",""
"7811AK",27,"",""
"7811AK",13,"",""
"7811AK",21,"A",""
"7811AK",17,"B",""
"7811AK",27,"",""
"7811AK",23,"",""
"7811AK",29,"",""
"7811AK",17,"A",""
"7811AK",15,"",""
"7811AK",17,"C",""
"7811AK",31,"",""
"7811AK",11,"",""
"7811AK",1,"",""
"7811AK",27,"I",""
"7811AK",25,"",""
"7811AK",19,"B",""
"7811AK",7,"",""
"7811AK",25,"B",""
"7811AK",25,"A",""
"7811AK",31,"",""
"7811AK",17,"F",""
"7811AK",31,"A",""
"7811AK",19,"",""
"7811AK",27,"I",""
"7811AK",29,"",""
"7811AK",5,"",""
"7811AK",31,"",""
"7811AK",19,"E",""
"7811AK",17,"E",""
"7811AK",31,"A",""
"7811AK",31,"A",""
"7811AK",17,"D",""
"7811AK",17,"H",""
"7811AK",31,"",""
"7811AL",48,"B",""
"7811AL",16,"",""
"7811AL",34,"",""
"7811AL",4,"A",""
"7811AL",48,"C",""
"7811AL",22,"",""
"7811AL",46,"A",""
"7811AL",30,"",""
"7811AL",4,"",""
"7811AL",10,"",""
"7811AL",48,"B",""
"7811AL",48,"A",""
"7811AL",18,"",""
"7811AL",26,"",""
"7811AL",32,"A",""
"7811AL",42,"B",""
"7811AL",40,"",""
"7811AL",34,"",""
"7811AL",44,"",""
"7811AL",48,"",""
"7811AL",12,"",""
"7811AL",46,"",""
"7811AL",42,"",""
"7811AL",44,"A",""
"7811AL",50,"",""
"7811AL",42,"B",""
"7811AL",20,"",""
"7811AL",7928,"","0"
"7811AL",24,"",""
"7811AL",6,"",""
"7811AL",14,"",""
"7811AL",48,"A",""
"7811AL",8,"",""
"7811AL",32,"",""
"7811AL",16,"",""
"7811AL",2,"",""
"7811AL",34,"",""
"7811AL",2,"A",""
"7811AL",28,"",""
"7811AL",28,"A",""
"7811AL",48,"C",""
"7811AL",38,"",""
"7811AL",46,"A",""
"7811AL",34,"A",""
"7811AL",52,"",""
"7811AL",36,"",""
"7811AM",13,"",""
"7811AM",1,"",""
"7811AM",7,"",""
"7811AM",3,"",""
"7811AM",9,"",""
"7811AM",15,"",""
"7811AM",4,"",""
"7811AM",13,"",""
"7811AM",1,"",""
"7811AN",51,"",""
"7811AN",21,"",""
"7811AN",27,"",""
"7811AN",51,"","53"
"7811AN",13,"",""
"7811AN",19,"",""
"7811AN",37,"",""
"7811AN",53,"",""
"7811AN",11,"",""
"7811AN",5,"",""
"7811AN",41,"",""
"7811AN",43,"",""
"7811AN",51,"","53"
"7811AN",45,"",""
"7811AN",7,"",""
"7811AN",39,"",""
"7811AN",43,"",""
"7811AN",25,"",""
"7811AN",29,"",""
"7811AN",43,"",""
"7811AN",43,"",""
"7811AN",15,"",""
"7811AN",33,"",""
"7811AN",31,"",""
"7811AN",49,"",""
"7811AN",23,"",""
"7811AN",3,"",""
"7811AN",45,"",""
"7811AN",47,"",""
"7811AN",35,"",""
"7811AN",9,"",""
"7811AN",55,"",""
"7811AN",53,"",""
"7811AN",61,"",""
"7811AN",1,"",""
"7811AN",17,"",""
"7811AP",28,"L","4"
"7811AP",28,"B","9"
"7811AP",28,"L","3"
"7811AP",28,"L","3"
"7811AP",28,"B","7"
"7811AP",28,"C","1"
"7811AP",28,"L","2"
"7811AP",28,"L","2"
"7811AP",28,"C","9"
"7811AP",28,"G","2"
"7811AP",28,"J","6"
"7811AP",28,"J","5"
"7811AP",28,"D","2"
"7811AP",28,"K","1"
"7811AP",28,"D","5"
"7811AP",28,"D","4"
"7811AP",28,"J","5"
"7811AP",28,"L","1"
"7811AP",28,"B","8"
"7811AP",28,"L","4"
"7811AP",28,"M","6"
"7811AP",28,"C","3"
"7811AP",28,"C","9"
"7811AP",28,"F","6"
"7811AP",28,"J","6"
"7811AP",28,"J","4"
"7811AP",28,"J","7"
"7811AP",28,"K","2"
"7811AP",28,"F","7"
"7811AP",28,"L","1"
"7811AP",28,"G","1"
"7811AP",28,"K","3"
"7811AP",28,"C","2"
"7811AP",28,"G","1"
"7811AP",28,"B","6"
"7811AP",28,"K","1"
"7811AP",28,"K","6"
"7811AP",28,"D","4"
"7811AP",28,"F","7"
"7811AP",28,"L","3"
"7811AP",28,"D","2"
"7811AP",28,"C","1"
"7811AP",28,"B","6"
"7811AP",28,"L","5"
"7811AP",28,"K","6"
"7811AP",28,"L","5"
"7811AP",28,"J","7"
"7811AP",28,"C","4"
"7811AP",28,"D","6"
"7811AP",28,"F","3"
"7811AP",28,"G","3"
"7811AP",28,"G","3"
"7811AP",28,"C","4"
"7811AP",28,"B","7"
"7811AP",28,"C","3"
"7811AP",28,"C","5"
"7811AP",28,"M","7"
"7811AP",28,"D","7"
"7811AP",28,"B","4"
"7811AP",28,"K","2"
"7811AP",28,"D","1"
"7811AP",28,"B","4"
"7811AP",28,"L","6"
"7811AP",28,"D","6"
"7811AP",28,"C","6"
"7811AP",28,"D","5"
"7811AP",28,"B","9"
"7811AP",28,"B","8"
"7811AP",28,"K","3"
"7811AP",28,"K","7"
"7811AP",28,"D","3"
"7811AP",28,"M","6"
"7811AP",28,"D","7"
"7811AP",45,"B",""
"7811AP",100,"",""
"7811AP",28,"G","2"
"7811AP",28,"J","4"
"7811AP",28,"F","6"
"7811AP",28,"D","1"
"7811AP",28,"C","2"
"7811AP",28,"B","5"
"7811AP",28,"B","5"
"7811AP",28,"K","5"
"7811AP",28,"K","7"
"7811AP",28,"K","5"
"7811AP",28,"F","3"
"7811AP",28,"F","4"
"7811AP",72,"",""
"7811AP",45,"A",""
"7811AP",28,"F","2"
"7811AP",100,"",""
"7811AP",45,"C",""
"7811AP",28,"M","7"
"7811AP",28,"M","5"
"7811AP",28,"K","4"
"7811AP",28,"K","4"
"7811AP",28,"D","3"
"7811AP",28,"M","4"
"7811AP",28,"F","5"
"7811AP",28,"F","4"
"7811AP",28,"A","1"
"7811AP",28,"F","2"
"7811AP",70,"",""
"7811AP",28,"M","1"
"7811AP",100,"",""
"7811AP",33,"",""
"7811AP",28,"B","3"
"7811AP",28,"B","2"
"7811AP",28,"B","3"
"7811AP",28,"J","2"
"7811AP",28,"C","8"
"7811AP",28,"F","5"
"7811AP",15,"",""
"7811AP",28,"J","1"
"7811AP",28,"F","1"
"7811AP",28,"M","2"
"7811AP",28,"C","7"
"7811AP",28,"C","8"
"7811AP",28,"M","3"
"7811AP",28,"L","7"
"7811AP",16,"",""
"7811AP",28,"B","1"
"7811AP",28,"J","3"
"7811AP",28,"M","5"
"7811AP",19,"",""
"7811AP",28,"E","7"
"7811AP",11,"",""
"7811AP",80,"",""
"7811AP",28,"H","4"
"7811AP",28,"H","6"
"7811AP",28,"M","1"
"7811AP",28,"M","2"
"7811AP",28,"E","3"
"7811AP",28,"C","7"
"7811AP",17,"",""
"7811AP",28,"C","6"
"7811AP",28,"J","2"
"7811AP",28,"J","3"
"7811AP",28,"J","1"
"7811AP",45,"D",""
"7811AP",13,"",""
"7811AP",28,"F","1"
"7811AP",82,"",""
"7811AP",28,"E","1"
"7811AP",28,"L","7"
"7811AP",28,"G","6"
"7811AP",28,"M","4"
"7811AP",28,"E","2"
"7811AP",14,"",""
"7811AP",28,"B","2"
"7811AP",28,"B","1"
"7811AP",18,"",""
"7811AP",28,"E","6"
"7811AP",28,"H","7"
"7811AP",99,"",""
"7811AP",28,"E","4"
"7811AP",99,"",""
"7811AP",28,"G","4"
"7811AP",82,"",""
"7811AP",1,"",""
"7811AP",28,"A","1"
"7811AP",28,"E","1"
"7811AP",28,"C","5"
"7811AP",28,"",""
"7811AP",28,"L","6"
"7811AP",99,"",""
"7811AP",28,"H","4"
"7811AP",72,"",""
"7811AP",4,"",""
"7811AP",82,"",""
"7811AP",80,"",""
"7811AP",80,"",""
"7811AP",72,"",""
"7811AP",28,"M","3"
"7811AP",28,"A","2"
"7811AP",28,"A","2"
"7811AP",28,"D","7"
"7811AP",12,"",""
"7811AP",28,"H","1"
"7811AP",28,"E","6"
"7811AP",28,"H","1"
"7811AP",10,"",""
"7811AP",82,"",""
"7811AP",28,"E","5"
"7811AP",70,"",""
"7811AP",28,"H","7"
"7811AP",61,"",""
"7811AP",28,"H","3"
"7811AP",28,"",""
"7811AP",28,"H","2"
"7811AP",45,"F",""
"7811AP",45,"E",""
"7811AP",28,"G","7"
"7811AP",28,"B","10"
"7811AP",28,"H","6"
"7811AP",70,"",""
"7811AP",28,"E","4"
"7811AP",28,"G","7"
"7811AP",5,"",""
"7811AP",28,"G","5"
"7811AP",28,"H","3"
"7811AP",3,"",""
"7811AP",45,"H",""
"7811AP",28,"E","7"
"7811AP",45,"G",""
"7811AP",1,"",""
"7811AP",28,"H","2"
"7811AP",28,"H","5"
"7811AP",28,"H","5"
"7811AP",28,"E","5"
"7811AP",28,"G","6"
"7811AP",28,"E","3"
"7811AP",28,"B","10"
"7811AP",28,"E","2"
"7811AP",1,"",""
"7811AP",28,"G","4"
"7811AP",28,"G","5"
"7811AR",3,"",""
"7811AR",8,"A",""
"7811AR",8,"B",""
"7811AR",8,"A",""
"7811AR",7,"",""
"7811AR",6,"",""
"7811AR",12,"",""
"7811AR",7,"",""
"7811AR",7,"",""
"7811AR",2,"",""
"7811AR",8,"B",""
"7811AR",10,"",""
"7811AR",1,"",""
"7811AR",5,"",""
"7811AR",2,"",""
"7811AR",11,"",""
"7811AR",10,"",""
"7811AR",9,"",""
"7811AR",19,"",""
"7811AR",13,"",""
"7811AR",18,"",""
"7811AR",8,"C",""
"7811AR",8,"C",""
"7811AR",15,"",""
"7811AR",16,"",""
"7811AR",2,"A",""
"7811AR",12,"",""
"7811AR",2,"A",""
"7811AR",14,"",""
"7811AR",17,"",""
"7811AR",8,"",""
"7811AR",9,"",""
"7811AR",3,"",""
"7811AS",6,"",""
"7811AS",4,"",""
"7811AS",5,"",""
"7811AS",2,"",""
"7811AS",1,"A",""
"7811AS",1,"",""
"7811AS",3,"",""
"7811AT",183,"",""
"7811AT",225,"",""
"7811AT",225,"",""
"7811AT",231,"",""
"7811AT",189,"",""
"7811AT",205,"",""
"7811AT",209,"",""
"7811AT",233,"",""
"7811AT",187,"",""
"7811AT",223,"",""
"7811AT",201,"",""
"7811AT",213,"",""
"7811AT",181,"",""
"7811AT",193,"",""
"7811AT",215,"",""
"7811AT",219,"",""
"7811AT",229,"",""
"7811AT",235,"",""
"7811AT",185,"",""
"7811AT",217,"",""
"7811AT",173,"",""
"7811AT",185,"",""
"7811AT",181,"",""
"7811AT",197,"",""
"7811AT",199,"",""
"7811AT",253,"",""
"7811AT",195,"",""
"7811AT",217,"",""
"7811AT",221,"",""
"7811AT",237,"",""
"7811AT",191,"",""
"7811AT",203,"",""
"7811AT",207,"",""
"7811AT",177,"",""
"7811AT",245,"",""
"7811AT",247,"",""
"7811AT",257,"",""
"7811AT",213,"",""
"7811AT",239,"",""
"7811AT",211,"",""
"7811AT",241,"",""
"7811AT",255,"",""
"7811AT",251,"",""
"7811AT",179,"",""
"7811AT",171,"",""
"7811AT",167,"",""
"7811AT",227,"",""
"7811AT",175,"",""
"7811AT",249,"",""
"7811AT",243,"",""
"7811AT",169,"",""
"7811AT",189,"",""
"7811AT",177,"",""
"7811AT",221,"",""
"7811AV",62,"",""
"7811AV",65,"",""
"7811AV",70,"",""
"7811AV",69,"",""
"7811AV",44,"",""
"7811AV",63,"",""
"7811AV",64,"",""
"7811AV",61,"",""
"7811AV",68,"",""
"7811AV",60,"",""
"7811AV",66,"",""
"7811AW",2,"",""
"7811AW",1,"",""
"7811AW",13,"",""
"7811AW",2,"B",""
"7811AW",8,"",""
"7811AW",4,"",""
"7811AW",12,"",""
"7811AW",2,"",""
"7811AW",2,"B",""
"7811AW",7,"",""
"7811AW",10,"",""
"7811AW",2,"",""
"7811AW",2,"",""
"7811AW",3,"",""
"7811AW",2,"",""
"7811AW",2,"A",""
"7811AW",2,"A",""
"7811AW",9,"",""
"7811AW",3,"B",""
"7811AW",3,"A",""
"7811AW",2,"",""
"7811AW",6,"",""
"7811AW",10,"",""
"7811AW",11,"",""
"7811AX",133,"",""
"7811AX",129,"",""
"7811AX",136,"",""
"7811AX",146,"",""
"7811AX",125,"",""
"7811AX",131,"",""
"7811AX",126,"",""
"7811AX",144,"",""
"7811AX",128,"",""
"7811AX",134,"",""
"7811AX",126,"",""
"7811AX",176,"",""
"7811AX",137,"",""
"7811AX",169,"",""
"7811AX",138,"",""
"7811AX",130,"",""
"7811AX",140,"",""
"7811AX",135,"",""
"7811AX",125,"",""
"7811AX",127,"",""
"7811AX",148,"",""
"7811AX",174,"",""
"7811AX",178,"",""
"7811AX",177,"",""
"7811AX",139,"",""
"7811AX",175,"",""
"7811AX",147,"",""
"7811AX",143,"",""
"7811AX",171,"",""
"7811AX",142,"",""
"7811AX",174,"",""
"7811AX",170,"",""
"7811AX",173,"",""
"7811AX",141,"",""
"7811AX",145,"",""
"7811AX",172,"",""
"7811AX",170,"",""
"7811AX",175,"",""
"7811AZ",5,"",""
"7811AZ",6,"",""
"7811AZ",22,"",""
"7811AZ",24,"",""
"7811AZ",14,"",""
"7811AZ",15,"",""
"7811AZ",2,"",""
"7811AZ",2,"",""
"7811AZ",2,"",""
"7811AZ",15,"",""
"7811AZ",2,"",""
"7811AZ",5,"",""
"7811AZ",28,"",""
"7811AZ",20,"",""
"7811AZ",15,"",""
"7811AZ",7914,"","8"
"7811AZ",26,"",""
"7811AZ",18,"",""
"7811AZ",15,"",""
"7811AZ",24,"",""
"7811AZ",6,"","TR"
"7811AZ",15,"",""
"7811AZ",18,"",""
"7811AZ",12,"",""
"7811AZ",26,"",""
"7811AZ",8,"",""
"7811AZ",10,"",""
"7811AZ",6,"","TR"
"7811AZ",15,"",""
"7811AZ",16,"",""
"7811BA",126,"",""
"7811BA",130,"",""
"7811BA",136,"",""
"7811BA",150,"C",""
"7811BA",128,"",""
"7811BA",94,"",""
"7811BA",70,"",""
"7811BA",72,"",""
"7811BA",90,"",""
"7811BA",62,"",""
"7811BA",150,"A",""
"7811BA",150,"B",""
"7811BA",150,"A",""
"7811BA",96,"",""
"7811BA",150,"A",""
"7811BA",122,"",""
"7811BA",66,"",""
"7811BA",76,"",""
"7811BA",110,"",""
"7811BA",124,"",""
"7811BA",92,"",""
"7811BA",68,"",""
"7811BA",150,"B",""
"7811BA",150,"C",""
"7811BA",106,"",""
"7811BA",74,"",""
"7811BA",82,"",""
"7811BA",78,"",""
"7811BA",140,"",""
"7811BA",138,"",""
"7811BA",152,"",""
"7811BA",108,"",""
"7811BA",84,"",""
"7811BA",150,"C",""
"7811BA",132,"",""
"7811BA",98,"",""
"7811BA",104,"",""
"7811BA",150,"",""
"7811BA",152,"",""
"7811BA",150,"B",""
"7811BA",100,"",""
"7811BA",134,"",""
"7811BA",152,"",""
"7811BA",150,"A",""
"7811BA",118,"",""
"7811BA",150,"",""
"7811BA",102,"",""
"7811BA",114,"",""
"7811BA",150,"C",""
"7811BA",150,"",""
"7811BA",80,"",""
"7811BA",120,"",""
"7811CA",213,"",""
"7811CA",210,"A",""
"7811CA",209,"B",""
"7811CA",210,"B",""
"7811CA",211,"",""
"7811CA",215,"",""
"7811CA",208,"A",""
"7811CA",208,"B",""
"7811CA",214,"",""
"7811CA",216,"",""
"7811CA",209,"A",""
"7811CA",212,"",""
"7811CA",208,"C",""
"7811CA",214,"A",""
"7811CB",217,"I",""
"7811CB",220,"",""
"7811CB",218,"",""
"7811CB",219,"",""
"7811CB",217,"",""
"7811CC",223,"",""
"7811CC",224,"",""
"7811CC",223,"",""
"7811CC",221,"",""
"7811CC",223,"A",""
"7811CC",223,"A",""
"7811CC",223,"",""
"7811CC",224,"A",""
"7811CC",222,"",""
"7811CC",223,"",""
"7811CC",223,"A",""
"7811CD",349,"",""
"7811CD",331,"",""
"7811CD",323,"",""
"7811CD",359,"",""
"7811CD",325,"",""
"7811CD",358,"",""
"7811CD",324,"",""
"7811CD",326,"",""
"7811CD",332,"",""
"7811CD",356,"",""
"7811CD",357,"",""
"7811CD",338,"",""
"7811CD",330,"",""
"7811CD",353,"",""
"7811CD",343,"",""
"7811CD",344,"",""
"7811CD",352,"",""
"7811CD",350,"",""
"7811CD",363,"",""
"7811CD",365,"",""
"7811CD",327,"",""
"7811CD",347,"",""
"7811CD",339,"",""
"7811CD",346,"",""
"7811CD",364,"",""
"7811CD",355,"",""
"7811CD",317,"",""
"7811CD",340,"",""
"7811CD",360,"",""
"7811CD",361,"",""
"7811CD",351,"",""
"7811CD",318,"",""
"7811CD",334,"",""
"7811CD",354,"",""
"7811CD",316,"",""
"7811CD",342,"",""
"7811CD",341,"",""
"7811CD",325,"",""
"7811CD",335,"",""
"7811CD",315,"",""
"7811CD",363,"",""
"7811CD",328,"",""
"7811CD",325,"",""
"7811CD",345,"",""
"7811CD",320,"",""
"7811CD",337,"",""
"7811CD",348,"",""
"7811CD",319,"",""
"7811CD",336,"",""
"7811CD",321,"",""
"7811CD",362,"",""
"7811CD",329,"",""
"7811CD",322,"",""
"7811CD",333,"",""
"7811CD",352,"",""
"7811CE",232,"H",""
"7811CE",232,"K",""
"7811CE",232,"K",""
"7811CE",232,"E",""
"7811CE",232,"H",""
"7811CE",232,"A",""
"7811CE",232,"J",""
"7811CE",232,"B",""
"7811CE",232,"C",""
"7811CE",232,"L",""
"7811CE",232,"L",""
"7811CE",232,"A",""
"7811CE",232,"C",""
"7811CE",232,"D",""
"7811CE",232,"",""
"7811CE",232,"E",""
"7811CE",232,"J",""
"7811CE",232,"A",""
"7811CE",232,"",""
"7811CE",232,"C",""
"7811CE",232,"G",""
"7811CE",232,"F",""
"7811CE",232,"A",""
"7811CE",232,"A",""
"7811CE",232,"G",""
"7811CE",232,"F",""
"7811CG",233,"",""
"7811CG",238,"G",""
"7811CG",237,"",""
"7811CG",238,"L",""
"7811CG",238,"F",""
"7811CG",238,"E",""
"7811CG",238,"",""
"7811CG",238,"H",""
"7811CG",238,"C",""
"7811CG",238,"K",""
"7811CG",233,"A",""
"7811CG",238,"B",""
"7811CG",238,"D",""
"7811CG",238,"A",""
"7811CG",233,"A",""
"7811CG",237,"A",""
"7811CH",242,"",""
"7811CH",242,"",""
"7811CH",242,"",""
"7811CH",241,"",""
"7811CH",241,"","TR"
"7811CJ",246,"",""
"7811CJ",247,"B",""
"7811CJ",247,"A",""
"7811CJ",246,"A",""
"7811CJ",245,"I",""
"7811CJ",245,"",""
"7811CJ",245,"A",""
"7811CJ",247,"",""
"7811CK",248,"","GB03"
"7811CK",248,"D",""
"7811CK",248,"C",""
"7811CK",248,"",""
"7811CK",248,"D",""
"7811CK",248,"","GB01"
"7811CK",248,"D",""
"7811CK",248,"A",""
"7811CK",248,"","GB02"
"7811CK",248,"C",""
"7811CK",248,"C",""
"7811CK",248,"D",""
"7811CK",248,"D",""
"7811CK",248,"B",""
"7811CK",248,"","GB04"
"7811CK",248,"C",""
"7811CK",248,"C",""
"7811CK",248,"D",""
"7811CK",248,"C",""
"7811CL",251,"I",""
"7811CL",251,"",""
"7811CL",250,"",""
"7811CL",249,"","GB01"
"7811CL",252,"A",""
"7811CL",249,"","GB01"
"7811CL",249,"","GB02"
"7811CL",249,"","GB06"
"7811CL",251,"A",""
"7811CL",251,"I",""
"7811CL",251,"B",""
"7811CL",252,"D",""
"7811CL",249,"","GB04"
"7811CL",249,"","GB05"
"7811CL",249,"","GB06"
"7811CL",249,"",""
"7811CL",249,"","GB02"
"7811CL",249,"","GB07"
"7811CL",251,"B",""
"7811CL",249,"E",""
"7811CL",249,"","GB04"
"7811CL",249,"","GB01"
"7811CL",249,"","GB03"
"7811CL",249,"","GB05"
"7811CL",249,"","GB08"
"7811CL",249,"G",""
"7811CL",252,"B",""
"7811CL",249,"B",""
"7811CL",251,"B",""
"7811CL",249,"A",""
"7811CL",249,"F",""
"7811CL",249,"D",""
"7811CL",249,"C",""
"7811CL",249,"H",""
"7811CL",252,"",""
"7811CL",249,"K",""
"7811CL",252,"C",""
"7811CM",255,"A",""
"7811CM",253,"",""
"7811CM",255,"B",""
"7811CM",254,"",""
"7811CM",255,"",""
"7811CM",254,"",""
"7811CM",256,"",""
"7811CM",253,"A",""
"7811CN",13,"",""
"7811CN",5,"",""
"7811CN",11,"",""
"7811CN",5,"",""
"7811CN",9,"",""
"7811CN",9,"",""
"7811CN",11,"",""
"7811CN",7,"",""
"7811CN",5,"",""
"7811CN",9,"",""
"7811CN",1,"",""
"7811CN",1,"",""
"7811CN",11,"",""
"7811CN",13,"",""
"7811CN",1,"",""
"7811CN",13,"",""
"7811CN",35,"",""
"7811CP",49,"",""
"7811CP",59,"",""
"7811CP",45,"",""
"7811CP",37,"",""
"7811CP",55,"",""
"7811CP",53,"",""
"7811CP",41,"",""
"7811CP",57,"",""
"7811CR",73,"",""
"7811CR",75,"",""
"7811CR",63,"",""
"7811CR",65,"",""
"7811CR",71,"",""
"7811CR",61,"",""
"7811CR",69,"",""
"7811CR",67,"",""
"7811CS",79,"",""
"7811CS",89,"",""
"7811CS",95,"",""
"7811CS",93,"",""
"7811CS",83,"",""
"7811CS",85,"",""
"7811CS",87,"",""
"7811CS",91,"",""
"7811CS",77,"",""
"7811CS",99,"",""
"7811CS",97,"",""
"7811CS",101,"",""
"7811CS",81,"",""
"7811CT",14,"B",""
"7811CT",14,"B",""
"7811CT",14,"A",""
"7811CT",4,"",""
"7811CT",10,"",""
"7811CT",14,"C",""
"7811CT",20,"A",""
"7811CT",14,"","I"
"7811CT",20,"A",""
"7811CT",14,"A",""
"7811CT",22,"",""
"7811CT",14,"","I"
"7811CT",32,"",""
"7811CT",24,"D",""
"7811CT",14,"C",""
"7811CT",24,"C",""
"7811CT",18,"",""
"7811CT",16,"",""
"7811CT",14,"B",""
"7811CT",14,"C",""
"7811CT",14,"C",""
"7811CT",20,"",""
"7811CT",14,"","I"
"7811CT",6,"",""
"7811CT",8,"",""
"7811CT",14,"C",""
"7811CT",24,"B",""
"7811CT",2,"",""
"7811CT",12,"",""
"7811CT",14,"B",""
"7811CT",14,"","B"
"7811CT",14,"B",""
"7811CT",14,"B",""
"7811CT",24,"A",""
"7811CT",14,"","II"
"7811CT",14,"","II"
"7811CT",14,"B",""
"7811CT",14,"",""
"7811CT",14,"C",""
"7811CT",14,"","II"
"7811CT",30,"",""
"7811CV",302,"",""
"7811CV",300,"",""
"7811CV",299,"",""
"7811CV",299,"",""
"7811CV",293,"",""
"7811CV",303,"",""
"7811CV",285,"",""
"7811CV",294,"",""
"7811CV",301,"",""
"7811CV",292,"",""
"7811CV",304,"",""
"7811CV",285,"",""
"7811CV",310,"",""
"7811CV",296,"",""
"7811CV",288,"",""
"7811CV",294,"",""
"7811CV",285,"",""
"7811CV",308,"",""
"7811CV",280,"",""
"7811CV",288,"",""
"7811CV",312,"",""
"7811CV",286,"",""
"7811CV",304,"",""
"7811CV",281,"",""
"7811CV",291,"",""
"7811CV",311,"",""
"7811CV",7941,"",""
"7811CV",302,"",""
"7811CV",286,"",""
"7811CV",297,"",""
"7811CV",312,"",""
"7811CV",289,"",""
"7811CV",309,"",""
"7811CV",282,"",""
"7811CV",313,"",""
"7811CV",284,"",""
"7811CV",310,"",""
"7811CV",300,"",""
"7811CV",295,"",""
"7811CV",311,"",""
"7811CV",287,"",""
"7811CV",298,"",""
"7811CV",7953,"",""
"7811CV",297,"",""
"7811CV",280,"",""
"7811CV",309,"",""
"7811CV",301,"",""
"7811CV",291,"",""
"7811CV",287,"",""
"7811CV",290,"",""
"7811CV",285,"",""
"7811CV",283,"",""
"7811CV",7914,"","4"
"7811CV",290,"",""
"7811CV",297,"",""
"7811CV",315,"",""
"7811CV",306,"",""
"7811CV",313,"",""
"7811CV",289,"",""
"7811CV",283,"",""
"7811CV",298,"",""
"7811CV",295,"",""
"7811CV",281,"",""
"7811CV",305,"",""
"7811CV",303,"",""
"7811CV",284,"",""
"7811CV",160,"","TR"
"7811CV",306,"",""
"7811CV",305,"",""
"7811CV",307,"",""
"7811CV",296,"",""
"7811CV",282,"",""
"7811CV",293,"",""
"7811CV",292,"",""
"7811CV",307,"",""
"7811CV",308,"",""
"7811CW",25,"",""
"7811DA",5,"",""
"7811DA",13,"",""
"7811DA",9,"",""
"7811DA",57,"",""
"7811DA",53,"",""
"7811DA",55,"",""
"7811DA",55,"",""
"7811DA",43,"",""
"7811DA",11,"",""
"7811DA",5,"",""
"7811DA",57,"",""
"7811DA",17,"",""
"7811DA",29,"",""
"7811DA",25,"",""
"7811DA",9,"",""
"7811DA",45,"",""
"7811DA",57,"",""
"7811DA",59,"",""
"7811DA",53,"",""
"7811DA",41,"",""
"7811DA",9,"",""
"7811DA",59,"",""
"7811DA",59,"",""
"7811DA",55,"",""
"7811DA",5,"",""
"7811DA",59,"",""
"7811DA",55,"",""
"7811DA",11,"",""
"7811DA",55,"",""
"7811DA",47,"",""
"7811DA",25,"",""
"7811DB",12,"",""
"7811DB",12,"",""
"7811DB",34,"",""
"7811DB",30,"",""
"7811DB",10,"",""
"7811DB",24,"",""
"7811DB",8,"",""
"7811DB",36,"",""
"7811DB",24,"",""
"7811DB",6,"",""
"7811DB",40,"",""
"7811DB",58,"",""
"7811DB",34,"",""
"7811DB",54,"",""
"7811DB",2,"",""
"7811DB",44,"",""
"7811DB",30,"",""
"7811DB",8,"",""
"7811DB",46,"",""
"7811DB",10,"",""
"7811DB",48,"",""
"7811DB",60,"",""
"7811DB",56,"",""
"7811DB",2,"",""
"7811DB",6,"",""
"7811DC",45,"",""
"7811DC",45,"",""
"7811DC",45,"G",""
"7811DC",45,"C",""
"7811DC",33,"",""
"7811DC",7,"",""
"7811DC",45,"F",""
"7811DC",45,"D",""
"7811DC",45,"E",""
"7811DC",19,"",""
"7811DC",45,"G",""
"7811DC",45,"F",""
"7811DC",45,"E",""
"7811DC",61,"",""
"7811DC",65,"",""
"7811DC",45,"B",""
"7811DC",45,"D",""
"7811DC",45,"A",""
"7811DC",45,"B",""
"7811DC",45,"A",""
"7811DC",67,"",""
"7811DC",45,"H",""
"7811DC",45,"C",""
"7811DC",45,"H",""
"7811DC",28,"",""
"7811DC",19,"",""
"7811DC",45,"C",""
"7811DD",5,"K",""
"7811DD",168,"",""
"7811DD",144,"",""
"7811DD",146,"",""
"7811DD",60,"",""
"7811DD",136,"",""
"7811DD",168,"",""
"7811DD",142,"",""
"7811DD",170,"",""
"7811DD",138,"",""
"7811DD",56,"",""
"7811DD",138,"",""
"7811DD",142,"",""
"7811DD",156,"",""
"7811DD",154,"",""
"7811DD",58,"",""
"7811DD",54,"",""
"7811DD",146,"",""
"7811DD",148,"",""
"7811DD",116,"",""
"7811DD",150,"",""
"7811DD",112,"",""
"7811DD",50,"",""
"7811DD",28,"",""
"7811DD",30,"",""
"7811DD",118,"",""
"7811DD",122,"",""
"7811DD",140,"",""
"7811DD",58,"",""
"7811DD",132,"",""
"7811DD",110,"",""
"7811DD",108,"",""
"7811DD",54,"",""
"7811DD",154,"",""
"7811DD",118,"",""
"7811DD",120,"",""
"7811DD",140,"",""
"7811DD",100,"",""
"7811DD",124,"",""
"7811DD",130,"",""
"7811DD",112,"",""
"7811DD",30,"",""
"7811DD",162,"",""
"7811DD",152,"",""
"7811DD",150,"",""
"7811DD",148,"",""
"7811DD",122,"",""
"7811DD",128,"",""
"7811DD",52,"",""
"7811DD",110,"",""
"7811DD",82,"",""
"7811DD",92,"",""
"7811DD",170,"",""
"7811DD",52,"",""
"7811DD",28,"",""
"7811DD",144,"",""
"7811DD",132,"",""
"7811DD",130,"",""
"7811DD",120,"",""
"7811DD",124,"",""
"7811DD",108,"",""
"7811DD",78,"",""
"7811DD",160,"",""
"7811DD",90,"",""
"7811DD",30,"A",""
"7811DD",28,"",""
"7811DD",152,"",""
"7811DD",126,"",""
"7811DD",28,"",""
"7811DD",134,"",""
"7811DD",134,"",""
"7811DD",76,"",""
"7811DD",114,"",""
"7811DD",38,"",""
"7811DD",86,"",""
"7811DD",32,"",""
"7811DD",164,"",""
"7811DD",126,"",""
"7811DD",158,"",""
"7811DD",60,"",""
"7811DD",166,"",""
"7811DD",56,"",""
"7811DD",166,"",""
"7811DD",104,"",""
"7811DD",92,"",""
"7811DD",30,"",""
"7811DD",80,"",""
"7811DD",34,"",""
"7811DD",66,"",""
"7811DD",114,"",""
"7811DD",128,"",""
"7811DD",90,"",""
"7811DD",100,"",""
"7811DD",84,"",""
"7811DD",46,"",""
"7811DD",104,"",""
"7811DD",44,"",""
"7811DD",66,"",""
"7811DD",160,"",""
"7811DD",42,"",""
"7811DD",94,"",""
"7811DD",106,"",""
"7811DD",44,"",""
"7811DD",136,"",""
"7811DD",102,"",""
"7811DD",86,"",""
"7811DD",98,"",""
"7811DD",46,"",""
"7811DD",84,"",""
"7811DD",106,"",""
"7811DD",158,"",""
"7811DD",30,"A",""
"7811DD",116,"",""
"7811DD",48,"",""
"7811DD",48,"",""
"7811DD",98,"",""
"7811DD",38,"",""
"7811DD",78,"",""
"7811DD",88,"",""
"7811DD",42,"",""
"7811DD",50,"",""
"7811DD",102,"",""
"7811DD",162,"",""
"7811DD",32,"",""
"7811DD",164,"",""
"7811DD",50,"",""
"7811DD",82,"",""
"7811DD",76,"",""
"7811DD",96,"",""
"7811DD",156,"",""
"7811DD",88,"",""
"7811DD",94,"",""
"7811DD",30,"",""
"7811DD",96,"",""
"7811DD",80,"",""
"7811DE",6,"",""
"7811DE",6,"",""
"7811DE",2,"",""
"7811DE",2,"",""
"7811DE",2,"",""
"7811DE",2,"",""
"7811DG",18,"",""
"7811DG",16,"",""
"7811DG",10,"",""
"7811DG",18,"",""
"7811DG",15,"",""
"7811DG",6,"",""
"7811DG",20,"",""
"7811DG",20,"",""
"7811DG",6,"",""
"7811DG",11,"",""
"7811DG",24,"",""
"7811DG",10,"",""
"7811DG",24,"",""
"7811DG",5,"",""
"7811DG",14,"",""
"7811DG",12,"",""
"7811DG",2,"",""
"7811DG",1,"",""
"7811DG",12,"",""
"7811DG",8,"",""
"7811DG",16,"",""
"7811DG",8,"",""
"7811DG",14,"",""
"7811DG",2,"",""
"7811DG",6,"",""
"7811DH",36,"",""
"7811DH",9,"",""
"7811DH",40,"",""
"7811DH",5,"",""
"7811DH",16,"",""
"7811DH",34,"",""
"7811DH",30,"",""
"7811DH",34,"",""
"7811DH",14,"",""
"7811DH",28,"",""
"7811DH",36,"",""
"7811DH",4,"",""
"7811DH",3,"",""
"7811DH",18,"",""
"7811DH",20,"",""
"7811DH",7,"",""
"7811DH",18,"",""
"7811DH",21,"",""
"7811DH",3,"",""
"7811DH",1,"",""
"7811DH",7,"",""
"7811DH",5,"",""
"7811DH",28,"",""
"7811DH",30,"",""
"7811DH",34,"",""
"7811DH",14,"",""
"7811DH",40,"",""
"7811DH",40,"",""
"7811DH",15,"",""
"7811DH",1,"",""
"7811DH",9,"",""
"7811DH",3,"",""
"7811DH",16,"",""
"7811DH",20,"",""
"7811DH",6,"",""
"7811DH",10,"",""
"7811DH",16,"",""
"7811DH",16,"",""
"7811DH",16,"",""
"7811DH",15,"",""
"7811DH",18,"",""
"7811DJ",10,"",""
"7811DJ",14,"",""
"7811DJ",8,"",""
"7811DJ",9,"",""
"7811DJ",5,"",""
"7811DJ",5,"",""
"7811DJ",6,"",""
"7811DJ",11,"",""
"7811DL",3,"A",""
"7811DL",19,"",""
"7811DL",55,"",""
"7811DL",47,"",""
"7811DL",7,"",""
"7811DL",3,"",""
"7811DL",43,"",""
"7811DL",55,"",""
"7811DL",33,"",""
"7811DL",47,"",""
"7811DL",23,"",""
"7811DL",3,"A",""
"7811DL",27,"",""
"7811DL",17,"",""
"7811DL",57,"",""
"7811DL",39,"",""
"7811DL",13,"",""
"7811DL",57,"",""
"7811DL",25,"",""
"7811DL",49,"",""
"7811DL",3,"A",""
"7811DL",21,"",""
"7811DM",18,"",""
"7811DM",30,"",""
"7811DM",48,"",""
"7811DM",14,"",""
"7811DM",44,"",""
"7811DM",50,"",""
"7811DM",32,"",""
"7811DM",38,"",""
"7811DM",34,"",""
"7811DM",36,"",""
"7811DM",12,"",""
"7811DM",20,"",""
"7811DM",24,"",""
"7811DM",48,"",""
"7811DM",22,"",""
"7811DM",2,"",""
"7811DM",28,"",""
"7811DM",46,"",""
"7811DM",40,"",""
"7811DM",40,"",""
"7811DM",52,"",""
"7811DM",26,"",""
"7811DM",42,"",""
"7811DM",54,"",""
"7811DM",16,"",""
"7811DN",17,"",""
"7811DN",47,"",""
"7811DN",35,"",""
"7811DN",15,"",""
"7811DN",41,"",""
"7811DN",31,"",""
"7811DN",51,"",""
"7811DN",9,"",""
"7811DN",5,"",""
"7811DN",21,"",""
"7811DN",13,"",""
"7811DN",19,"",""
"7811DN",29,"",""
"7811DN",25,"",""
"7811DN",45,"",""
"7811DN",27,"",""
"7811DN",7,"",""
"7811DP",18,"",""
"7811DP",82,"",""
"7811DP",18,"",""
"7811DP",22,"",""
"7811DP",78,"",""
"7811DP",60,"",""
"7811DP",20,"",""
"7811DP",8,"",""
"7811DP",32,"",""
"7811DP",22,"",""
"7811DP",74,"",""
"7811DP",58,"",""
"7811DP",42,"",""
"7811DP",62,"",""
"7811DP",30,"",""
"7811DP",68,"",""
"7811DP",30,"",""
"7811DP",28,"",""
"7811DP",8,"",""
"7811DP",26,"",""
"7811DP",10,"",""
"7811DP",14,"",""
"7811DP",10,"",""
"7811DP",6,"",""
"7811DP",66,"",""
"7811DP",32,"",""
"7811DP",44,"",""
"7811DP",14,"",""
"7811DP",20,"",""
"7811DP",16,"",""
"7811DP",28,"",""
"7811DP",16,"",""
"7811DP",6,"",""
"7811DP",70,"",""
"7811DP",80,"",""
"7811DP",26,"",""
"7811DS",72,"",""
"7811DS",82,"","TR"
"7811DS",82,"","TR"
"7811DS",56,"",""
"7811DS",74,"",""
"7811DS",78,"",""
"7811DS",68,"",""
"7811DS",82,"",""
"7811DS",7920,"","6"
"7811DS",64,"",""
"7811DS",70,"",""
"7811DS",80,"",""
"7811DS",76,"",""
"7811DS",62,"",""
"7811DS",26,"","TR"
"7811DS",60,"",""
"7811DS",66,"",""
"7811DT",48,"",""
"7811DT",38,"",""
"7811DT",66,"",""
"7811DT",30,"",""
"7811DT",68,"",""
"7811DT",12,"",""
"7811DT",8,"",""
"7811DT",14,"",""
"7811DT",40,"",""
"7811DT",34,"",""
"7811DT",10,"A",""
"7811DT",52,"",""
"7811DT",10,"",""
"7811DT",26,"",""
"7811DT",60,"",""
"7811DT",42,"",""
"7811DT",36,"",""
"7811DT",54,"",""
"7811DT",26,"",""
"7811DT",30,"",""
"7811DT",62,"",""
"7811DT",44,"",""
"7811DT",46,"",""
"7811DT",14,"",""
"7811DT",16,"",""
"7811DT",16,"",""
"7811DT",22,"",""
"7811DT",6,"",""
"7811DT",10,"A",""
"7811DT",50,"",""
"7811DT",64,"",""
"7811DT",12,"",""
"7811DT",58,"",""
"7811DT",10,"",""
"7811DT",6,"",""
"7811DT",8,"",""
"7811DT",56,"",""
"7811DV",98,"",""
"7811DV",100,"",""
"7811DV",112,"",""
"7811DV",92,"",""
"7811DV",64,"",""
"7811DV",104,"",""
"7811DV",76,"",""
"7811DV",106,"",""
"7811DV",56,"",""
"7811DV",58,"",""
"7811DV",102,"",""
"7811DV",90,"",""
"7811DV",84,"",""
"7811DV",104,"",""
"7811DV",96,"",""
"7811DV",82,"",""
"7811DV",94,"",""
"7811DV",90,"",""
"7811DV",80,"",""
"7811DV",62,"",""
"7811DV",68,"",""
"7811DV",94,"",""
"7811DV",70,"",""
"7811DV",74,"",""
"7811DV",70,"",""
"7811DV",110,"",""
"7811DV",60,"",""
"7811DV",88,"",""
"7811DV",72,"",""
"7811DV",66,"",""
"7811DV",108,"",""
"7811DV",78,"",""
"7811DV",86,"",""
"7811DV",114,"",""
"7811DV",64,"",""
"7811DV",108,"",""
"7811DV",76,"",""
"7811DV",70,"",""
"7811DV",60,"",""
"7811DV",74,"",""
"7811DW",5,"",""
"7811DW",5,"",""
"7811DX",180,"",""
"7811DX",132,"",""
"7811DX",128,"",""
"7811DX",130,"",""
"7811DX",160,"",""
"7811DX",176,"",""
"7811DX",178,"",""
"7811DX",136,"",""
"7811DX",182,"",""
"7811DX",140,"",""
"7811DX",158,"",""
"7811DX",132,"",""
"7811DX",144,"",""
"7811DX",120,"",""
"7811DX",162,"",""
"7811DX",182,"",""
"7811DX",180,"",""
"7811DX",160,"",""
"7811DX",134,"",""
"7811DX",116,"",""
"7811DX",148,"",""
"7811DX",184,"",""
"7811DX",176,"",""
"7811DX",148,"",""
"7811DX",164,"",""
"7811DX",146,"",""
"7811DX",158,"",""
"7811DX",142,"",""
"7811DX",118,"",""
"7811DX",124,"",""
"7811DX",126,"",""
"7811DX",152,"",""
"7811DX",184,"",""
"7811DX",122,"",""
"7811DX",136,"",""
"7811DX",150,"",""
"7811DX",184,"",""
"7811DX",120,"",""
"7811DX",138,"",""
"7811DZ",74,"",""
"7811DZ",84,"",""
"7811DZ",86,"",""
"7811DZ",80,"",""
"7811DZ",88,"",""
"7811DZ",78,"",""
"7811DZ",98,"",""
"7811DZ",72,"",""
"7811DZ",96,"",""
"7811DZ",100,"",""
"7811DZ",82,"",""
"7811DZ",70,"",""
"7811DZ",76,"",""
"7811DZ",94,"",""
"7811DZ",92,"",""
"7811EA",3,"",""
"7811EA",15,"",""
"7811EA",5,"A",""
"7811EA",115,"D",""
"7811EA",7,"",""
"7811EA",5,"",""
"7811EA",1,"",""
"7811EA",5,"A",""
"7811EA",9,"",""
"7811EA",115,"C",""
"7811EA",7,"A",""
"7811EA",17,"",""
"7811EA",115,"A",""
"7811EA",13,"",""
"7811EA",16,"",""
"7811EA",16,"",""
"7811EA",115,"B",""
"7811EA",7,"A",""
"7811EA",7,"",""
"7811EA",16,"A",""
"7811EA",19,"",""
"7811EA",5,"",""
"7811EA",11,"",""
"7811EA",16,"",""
"7811EB",43,"G",""
"7811EB",33,"A",""
"7811EB",35,"B",""
"7811EB",31,"",""
"7811EB",43,"E",""
"7811EB",41,"C",""
"7811EB",35,"",""
"7811EB",45,"B",""
"7811EB",45,"G",""
"7811EB",23,"",""
"7811EB",43,"B",""
"7811EB",29,"",""
"7811EB",43,"H",""
"7811EB",21,"",""
"7811EB",43,"K",""
"7811EB",41,"",""
"7811EB",37,"A",""
"7811EB",33,"B",""
"7811EB",41,"",""
"7811EB",43,"D",""
"7811EB",45,"K",""
"7811EB",43,"J",""
"7811EB",33,"A",""
"7811EB",45,"F",""
"7811EB",33,"",""
"7811EB",41,"E",""
"7811EB",45,"A",""
"7811EB",31,"A",""
"7811EB",41,"",""
"7811EB",45,"E",""
"7811EB",43,"A",""
"7811EB",43,"",""
"7811EB",43,"",""
"7811EB",41,"H",""
"7811EB",45,"D",""
"7811EB",45,"C",""
"7811EB",43,"C",""
"7811EB",41,"B",""
"7811EB",41,"A",""
"7811EB",45,"H",""
"7811EB",43,"F",""
"7811EB",37,"",""
"7811EB",25,"",""
"7811EB",35,"A",""
"7811EB",43,"",""
"7811EB",27,"",""
"7811EB",39,"B",""
"7811EB",39,"",""
"7811EB",41,"G",""
"7811EB",41,"F",""
"7811EB",39,"A",""
"7811EB",41,"J",""
"7811EB",45,"J",""
"7811EB",41,"D",""
"7811EC",49,"A",""
"7811EC",49,"",""
"7811EC",47,"",""
"7811EC",49,"B",""
"7811EC",49,"",""
"7811EC",49,"",""
"7811EC",49,"A",""
"7811EC",45,"",""
"7811EC",45,"",""
"7811EC",49,"",""
"7811ED",61,"A",""
"7811ED",57,"A",""
"7811ED",61,"E",""
"7811ED",53,"",""
"7811ED",57,"",""
"7811ED",61,"C",""
"7811ED",57,"C",""
"7811ED",55,"",""
"7811ED",51,"",""
"7811ED",57,"B",""
"7811ED",61,"F",""
"7811ED",61,"B",""
"7811ED",55,"A",""
"7811ED",61,"D",""
"7811ED",61,"",""
"7811EE",65,"D",""
"7811EE",65,"E",""
"7811EE",63,"B",""
"7811EE",63,"A",""
"7811EE",63,"F",""
"7811EE",65,"",""
"7811EE",65,"C",""
"7811EE",65,"A",""
"7811EE",63,"E",""
"7811EE",65,"F",""
"7811EE",65,"B",""
"7811EE",63,"D",""
"7811EE",63,"C",""
"7811EE",63,"",""
"7811EG",67,"C",""
"7811EG",67,"E",""
"7811EG",67,"B",""
"7811EG",67,"A",""
"7811EG",67,"F",""
"7811EG",67,"",""
"7811EG",67,"D",""
"7811EH",83,"",""
"7811EH",75,"A",""
"7811EH",85,"",""
"7811EH",87,"A",""
"7811EH",81,"A",""
"7811EH",81,"A",""
"7811EH",87,"",""
"7811EH",77,"B",""
"7811EH",83,"A",""
"7811EH",85,"",""
"7811EH",81,"",""
"7811EH",87,"",""
"7811EH",83,"",""
"7811EH",77,"",""
"7811EH",75,"A",""
"7811EH",81,"",""
"7811EH",83,"",""
"7811EH",87,"A",""
"7811EH",75,"A",""
"7811EH",69,"",""
"7811EH",81,"",""
"7811EH",85,"",""
"7811EH",73,"",""
"7811EH",79,"",""
"7811EH",81,"",""
"7811EH",71,"",""
"7811EH",87,"",""
"7811EH",85,"",""
"7811EH",87,"",""
"7811EH",77,"A",""
"7811EH",87,"",""
"7811EH",85,"",""
"7811EH",75,"",""
"7811EH",77,"B",""
"7811EJ",93,"B",""
"7811EJ",89,"",""
"7811EJ",101,"",""
"7811EJ",93,"",""
"7811EJ",91,"",""
"7811EJ",91,"",""
"7811EJ",89,"",""
"7811EJ",91,"",""
"7811EJ",91,"A",""
"7811EJ",95,"",""
"7811EJ",93,"A",""
"7811EK",117,"",""
"7811EK",115,"C",""
"7811EK",117,"A",""
"7811EK",113,"",""
"7811EK",123,"",""
"7811EK",103,"",""
"7811EK",113,"C",""
"7811EK",115,"A",""
"7811EK",115,"",""
"7811EK",115,"A",""
"7811EK",115,"B",""
"7811EK",113,"A",""
"7811EK",113,"A",""
"7811EK",115,"D",""
"7811EK",113,"B",""
"7811EL",139,"A",""
"7811EL",141,"A",""
"7811EL",131,"",""
"7811EL",129,"",""
"7811EL",141,"A",""
"7811EL",137,"A",""
"7811EL",141,"",""
"7811EL",133,"",""
"7811EL",137,"",""
"7811EL",133,"A",""
"7811EL",131,"",""
"7811EL",133,"A",""
"7811EL",143,"B",""
"7811EL",133,"",""
"7811EL",133,"A",""
"7811EL",131,"",""
"7811EL",127,"",""
"7811EL",133,"",""
"7811EL",133,"",""
"7811EL",143,"",""
"7811EL",141,"B",""
"7811EL",139,"",""
"7811EM",157,"",""
"7811EM",153,"C",""
"7811EM",159,"",""
"7811EM",155,"",""
"7811EM",7971,"",""
"7811EM",153,"B",""
"7811EM",173,"",""
"7811EM",169,"",""
"7811EM",153,"","KELD"
"7811EM",153,"",""
"7811EM",153,"B",""
"7811EM",159,"A",""
"7811EM",167,"",""
"7811EM",159,"",""
"7811EM",165,"",""
"7811EM",171,"",""
"7811EM",153,"A",""
"7811EM",159,"",""
"7811EM",153,"A",""
"7811EM",155,"B",""
"7811EM",159,"A",""
"7811EM",151,"A",""
"7811EM",159,"",""
"7811EM",159,"A",""
"7811EM",151,"A",""
"7811EM",151,"",""
"7811EM",145,"",""
"7811EM",155,"",""
"7811EM",159,"",""
"7811EM",157,"",""
"7811EM",159,"B",""
"7811EM",159,"B",""
"7811EM",159,"B",""
"7811EM",153,"A",""
"7811EM",149,"",""
"7811EM",155,"",""
"7811EM",149,"A",""
"7811EM",153,"D",""
"7811EM",155,"A",""
"7811EM",159,"A",""
"7811EM",153,"","KELD"
"7811EM",155,"",""
"7811EM",153,"A",""
"7811EM",147,"",""
"7811EM",159,"B",""
"7811EM",151,"B",""
"7811EM",153,"",""
"7811EM",153,"",""
"7811EN",12,"D",""
"7811EN",14,"G",""
"7811EN",12,"F",""
"7811EN",8,"",""
"7811EN",6,"",""
"7811EN",14,"C",""
"7811EN",12,"H",""
"7811EN",10,"",""
"7811EN",12,"G",""
"7811EN",14,"A",""
"7811EN",12,"A",""
"7811EN",14,"B",""
"7811EN",12,"E",""
"7811EN",14,"F",""
"7811EN",14,"D",""
"7811EN",12,"",""
"7811EN",14,"E",""
"7811EN",14,"H",""
"7811EN",12,"B",""
"7811EN",12,"C",""
"7811EP",20,"",""
"7811EP",34,"","TR"
"7811EP",18,"",""
"7811EP",26,"",""
"7811EP",16,"A",""
"7811EP",16,"A",""
"7811EP",20,"",""
"7811EP",34,"","TR"
"7811EP",22,"",""
"7811EP",22,"",""
"7811EP",34,"","TR"
"7811EP",16,"",""
"7811EP",24,"",""
"7811EP",22,"",""
"7811EP",34,"",""
"7811ER",50,"",""
"7811ER",46,"A",""
"7811ER",48,"C",""
"7811ER",54,"B",""
"7811ER",48,"B",""
"7811ER",54,"B",""
"7811ER",48,"A",""
"7811ER",40,"",""
"7811ER",48,"",""
"7811ER",48,"",""
"7811ER",48,"B",""
"7811ER",48,"A",""
"7811ER",54,"",""
"7811ER",40,"A",""
"7811ER",48,"",""
"7811ER",6,"A",""
"7811ER",44,"A",""
"7811ER",58,"",""
"7811ER",56,"",""
"7811ER",54,"",""
"7811ER",54,"",""
"7811ER",44,"",""
"7811ER",48,"",""
"7811ER",40,"",""
"7811ER",46,"",""
"7811ER",54,"",""
"7811ER",40,"A",""
"7811ER",52,"",""
"7811ER",6,"B",""
"7811ER",68,"",""
"7811ER",44,"",""
"7811ER",54,"",""
"7811ES",88,"A",""
"7811ES",84,"","GB06"
"7811ES",84,"","GB02"
"7811ES",84,"","GB05"
"7811ES",98,"B",""
"7811ES",74,"",""
"7811ES",84,"",""
"7811ES",84,"","GB04"
"7811ES",84,"B",""
"7811ES",84,"","GB02"
"7811ES",84,"","GB10"
"7811ES",84,"","GB03"
"7811ES",78,"B",""
"7811ES",84,"","GB04"
"7811ES",84,"","GB01"
"7811ES",84,"","GB07"
"7811ES",84,"","GB04"
"7811ES",84,"","GB11"
"7811ES",84,"","GB03"
"7811ES",84,"","GB05"
"7811ES",88,"",""
"7811ES",84,"","GB06"
"7811ES",86,"",""
"7811ES",84,"","GB05"
"7811ES",76,"",""
"7811ES",84,"","GB11"
"7811ES",78,"A",""
"7811ES",84,"","GB07"
"7811ES",84,"","GB07"
"7811ES",84,"","GB12"
"7811ES",84,"A",""
"7811ES",96,"C",""
"7811ES",86,"A",""
"7811ES",96,"B",""
"7811ES",84,"","GB08"
"7811ES",98,"A",""
"7811ES",84,"","GB12"
"7811ES",100,"",""
"7811ES",84,"","GB09"
"7811ES",96,"A",""
"7811ES",84,"","GB11"
"7811ES",84,"","GB09"
"7811ES",78,"",""
"7811ES",84,"","GB01"
"7811ES",98,"",""
"7811ES",96,"",""
"7811ET",106,"",""
"7811ET",116,"",""
"7811ET",104,"A",""
"7811ET",106,"A",""
"7811ET",104,"",""
"7811ET",102,"",""
"7811ET",106,"D",""
"7811ET",106,"B",""
"7811ET",102,"A",""
"7811ET",120,"",""
"7811ET",112,"",""
"7811ET",114,"",""
"7811ET",118,"",""
"7811ET",122,"",""
"7811ET",108,"",""
"7811ET",112,"A",""
"7811ET",110,"",""
"7811ET",106,"C",""
"7811ET",106,"A",""
"7811ET",124,"",""
"7811EV",140,"",""
"7811EV",144,"",""
"7811EV",138,"",""
"7811EV",130,"",""
"7811EV",142,"",""
"7811EV",126,"",""
"7811EV",128,"",""
"7811EV",136,"",""
"7811EV",148,"",""
"7811EV",132,"",""
"7811EV",146,"",""
"7811EW",184,"",""
"7811EW",150,"",""
"7811EW",160,"",""
"7811EW",164,"",""
"7811EW",178,"",""
"7811EW",160,"",""
"7811EW",180,"",""
"7811EW",162,"",""
"7811EW",182,"",""
"7811EW",166,"",""
"7811EW",174,"",""
"7811EW",186,"",""
"7811EW",152,"",""
"7811EW",154,"",""
"7811EW",188,"",""
"7811EW",192,"",""
"7811EW",176,"",""
"7811EW",178,"",""
"7811EW",168,"",""
"7811EW",174,"",""
"7811EW",158,"",""
"7811EW",184,"",""
"7811EW",170,"",""
"7811EW",190,"",""
"7811EW",170,"",""
"7811EW",190,"",""
"7811EW",156,"",""
"7811EW",170,"",""
"7811EW",158,"",""
"7811EW",176,"",""
"7811EW",168,"",""
"7811EW",172,"",""
"7811EW",192,"",""
"7811EW",164,"",""
"7811EW",194,"",""
"7811EW",186,"",""
"7811EW",166,"",""
"7811EW",172,"",""
"7811EW",150,"",""
"7811EW",168,"",""
"7811EW",158,"",""
"7811EW",182,"",""
"7811EW",156,"",""
"7811EW",158,"",""
"7811EW",180,"",""
"7811EW",194,"",""
"7811EW",168,"",""
"7811EW",152,"",""
"7811EW",162,"",""
"7811EW",170,"",""
"7811EW",188,"",""
"7811EW",154,"",""
"7811EW",150,"",""
"7811GA",2,"",""
"7811GA",15,"A",""
"7811GA",7,"",""
"7811GA",8,"",""
"7811GA",17,"",""
"7811GA",11,"",""
"7811GA",7,"",""
"7811GA",19,"",""
"7811GA",1,"",""
"7811GA",15,"A",""
"7811GA",21,"",""
"7811GA",7,"A",""
"7811GA",2,"",""
"7811GA",15,"A",""
"7811GA",7,"",""
"7811GA",1,"",""
"7811GA",5,"",""
"7811GA",2,"",""
"7811GA",10,"",""
"7811GA",25,"",""
"7811GA",7,"",""
"7811GA",12,"",""
"7811GA",5,"",""
"7811GA",11,"",""
"7811GA",3,"",""
"7811GA",15,"",""
"7811GA",13,"",""
"7811GA",3,"",""
"7811GA",12,"A",""
"7811GA",11,"","TR"
"7811GA",11,"A",""
"7811GA",11,"",""
"7811GA",23,"",""
"7811GB",35,"",""
"7811GB",41,"",""
"7811GB",19,"",""
"7811GB",5,"",""
"7811GB",33,"",""
"7811GB",45,"",""
"7811GB",65,"",""
"7811GB",33,"",""
"7811GB",57,"",""
"7811GB",19,"",""
"7811GB",15,"",""
"7811GB",7,"",""
"7811GB",37,"",""
"7811GB",21,"",""
"7811GB",35,"",""
"7811GB",57,"",""
"7811GB",35,"",""
"7811GB",29,"",""
"7811GB",49,"",""
"7811GB",45,"",""
"7811GB",27,"",""
"7811GB",25,"",""
"7811GB",19,"",""
"7811GB",3,"",""
"7811GB",15,"",""
"7811GB",3,"",""
"7811GB",5,"",""
"7811GB",31,"",""
"7811GB",27,"",""
"7811GB",23,"",""
"7811GB",53,"",""
"7811GB",21,"",""
"7811GB",61,"",""
"7811GB",59,"",""
"7811GB",41,"",""
"7811GB",77,"",""
"7811GB",15,"",""
"7811GB",55,"",""
"7811GB",7,"",""
"7811GB",57,"",""
"7811GB",29,"",""
"7811GB",39,"",""
"7811GB",73,"",""
"7811GB",77,"",""
"7811GB",67,"",""
"7811GB",63,"",""
"7811GB",47,"",""
"7811GB",51,"",""
"7811GB",33,"",""
"7811GB",31,"",""
"7811GB",53,"",""
"7811GB",73,"",""
"7811GB",55,"",""
"7811GB",53,"",""
"7811GB",73,"",""
"7811GB",47,"",""
"7811GB",69,"",""
"7811GB",25,"",""
"7811GB",39,"",""
"7811GB",75,"",""
"7811GB",29,"",""
"7811GB",59,"",""
"7811GB",55,"",""
"7811GB",65,"",""
"7811GB",67,"",""
"7811GB",51,"",""
"7811GB",47,"",""
"7811GB",37,"",""
"7811GB",61,"",""
"7811GB",25,"",""
"7811GB",31,"",""
"7811GB",37,"",""
"7811GB",39,"",""
"7811GB",51,"",""
"7811GB",69,"",""
"7811GB",49,"",""
"7811GB",67,"",""
"7811GB",45,"",""
"7811GB",75,"",""
"7811GB",23,"",""
"7811GB",49,"",""
"7811GB",63,"",""
"7811GB",71,"",""
"7811GB",27,"",""
"7811GB",63,"",""
"7811GB",43,"",""
"7811GB",43,"",""
"7811GB",43,"",""
"7811GB",71,"",""
"7811GB",71,"",""
"7811GB",21,"",""
"7811GB",23,"",""
"7811GB",65,"",""
"7811GB",41,"",""
"7811GB",61,"",""
"7811GD",9,"A",""
"7811GD",13,"",""
"7811GD",77,"",""
"7811GD",63,"",""
"7811GD",51,"",""
"7811GD",41,"",""
"7811GD",65,"",""
"7811GD",71,"",""
"7811GD",59,"",""
"7811GD",67,"",""
"7811GD",69,"",""
"7811GD",37,"A",""
"7811GD",61,"",""
"7811GD",35,"",""
"7811GD",43,"",""
"7811GD",5,"A",""
"7811GD",47,"",""
"7811GD",7,"A",""
"7811GD",53,"",""
"7811GD",49,"",""
"7811GD",3,"",""
"7811GD",37,"",""
"7811GD",45,"",""
"7811GD",9,"",""
"7811GD",55,"",""
"7811GD",11,"",""
"7811GD",5,"",""
"7811GD",1,"",""
"7811GD",39,"",""
"7811GD",75,"",""
"7811GD",3,"A",""
"7811GD",57,"",""
"7811GD",73,"",""
"7811GD",7,"",""
"7811GE",2,"B",""
"7811GE",36,"",""
"7811GE",6,"",""
"7811GE",30,"",""
"7811GE",38,"",""
"7811GE",42,"",""
"7811GE",2,"A",""
"7811GE",12,"",""
"7811GE",16,"",""
"7811GE",8,"",""
"7811GE",2,"C",""
"7811GE",32,"",""
"7811GE",40,"",""
"7811GE",18,"",""
"7811GE",20,"",""
"7811GE",28,"",""
"7811GE",26,"",""
"7811GE",34,"",""
"7811GE",24,"",""
"7811GE",2,"B",""
"7811GE",2,"",""
"7811GE",2,"C",""
"7811GE",26,"",""
"7811GE",4,"",""
"7811GE",10,"",""
"7811GE",22,"",""
"7811GE",14,"",""
"7811GG",31,"",""
"7811GG",37,"",""
"7811GG",7,"",""
"7811GG",35,"",""
"7811GG",51,"","TR"
"7811GG",33,"",""
"7811GG",15,"",""
"7811GG",45,"",""
"7811GG",51,"",""
"7811GG",9,"",""
"7811GG",11,"",""
"7811GG",51,"","TR"
"7811GG",29,"",""
"7811GG",49,"",""
"7811GG",23,"",""
"7811GG",39,"",""
"7811GG",5,"",""
"7811GG",41,"",""
"7811GG",1,"",""
"7811GG",3,"",""
"7811GG",21,"",""
"7811GG",53,"",""
"7811GG",17,"",""
"7811GG",19,"",""
"7811GG",27,"",""
"7811GG",25,"",""
"7811GG",13,"",""
"7811GH",4,"",""
"7811GH",8,"",""
"7811GH",20,"",""
"7811GH",12,"",""
"7811GH",2,"",""
"7811GH",16,"",""
"7811GH",6,"",""
"7811GH",14,"",""
"7811GH",10,"",""
"7811GJ",6,"",""
"7811GJ",8,"",""
"7811GJ",4,"",""
"7811GJ",2,"",""
"7811GJ",3,"",""
"7811GJ",3,"",""
"7811GJ",5,"",""
"7811GJ",10,"",""
"7811GJ",7,"",""
"7811GJ",12,"",""
"7811GJ",1,"",""
"7811GJ",11,"",""
"7811GJ",9,"",""
"7811GK",6,"",""
"7811GK",22,"",""
"7811GK",21,"",""
"7811GK",23,"",""
"7811GK",15,"",""
"7811GK",27,"",""
"7811GK",24,"",""
"7811GK",14,"",""
"7811GK",29,"",""
"7811GK",28,"",""
"7811GK",3,"",""
"7811GK",19,"",""
"7811GK",17,"",""
"7811GK",1,"","TR"
"7811GK",2,"",""
"7811GK",20,"",""
"7811GK",16,"",""
"7811GK",3,"A",""
"7811GK",3,"A",""
"7811GK",1,"","TR"
"7811GK",7910,"","2"
"7811GK",1,"","TR"
"7811GK",4,"A",""
"7811GK",10,"",""
"7811GK",18,"",""
"7811GK",4,"",""
"7811GK",3,"",""
"7811GK",4,"C",""
"7811GK",3,"",""
"7811GK",1,"",""
"7811GK",25,"",""
"7811GK",9,"",""
"7811GK",13,"",""
"7811GK",7,"",""
"7811GK",8,"",""
"7811GK",4,"B",""
"7811GK",4,"E",""
"7811GK",5,"",""
"7811GK",12,"",""
"7811GK",4,"H",""
"7811GK",4,"F",""
"7811GK",4,"D",""
"7811GK",26,"",""
"7811GK",4,"G",""
"7811GK",11,"",""
"7811GL",6,"",""
"7811GL",2,"",""
"7811GL",6,"",""
"7811GL",1,"",""
"7811GM",23,"",""
"7811GM",18,"",""
"7811GM",10,"",""
"7811GM",22,"",""
"7811GM",8,"",""
"7811GM",16,"",""
"7811GM",15,"",""
"7811GM",12,"",""
"7811GM",6,"",""
"7811GM",5,"",""
"7811GM",3,"",""
"7811GM",9,"",""
"7811GM",7,"",""
"7811GM",19,"",""
"7811GM",21,"",""
"7811GM",20,"",""
"7811GM",4,"",""
"7811GM",11,"",""
"7811GM",17,"",""
"7811GM",1,"",""
"7811GN",3,"",""
"7811GN",1,"B",""
"7811GN",1,"C",""
"7811GN",1,"C",""
"7811GN",1,"A",""
"7811GN",1,"B",""
"7811GN",11,"",""
"7811GN",7,"",""
"7811GN",9,"",""
"7811GN",5,"B",""
"7811GN",41,"",""
"7811GN",1,"C",""
"7811GN",1,"D",""
"7811GN",5,"A",""
"7811GN",1,"B",""
"7811GN",1,"D",""
"7811GN",1,"A",""
"7811GN",29,"",""
"7811GN",7,"",""
"7811GN",1,"D",""
"7811GN",1,"A",""
"7811GN",33,"",""
"7811GN",13,"",""
"7811GN",1,"",""
"7811GN",27,"",""
"7811GN",1,"",""
"7811GN",17,"",""
"7811GN",1,"B",""
"7811GN",1,"A",""
"7811GN",2,"",""
"7811GN",1,"C",""
"7811GN",15,"",""
"7811GN",31,"",""
"7811GN",39,"",""
"7811GN",5,"",""
"7811GN",27,"",""
"7811GN",1,"A",""
"7811GN",1,"D",""
"7811GP",12,"M",""
"7811GP",12,"T",""
"7811GP",6,"B",""
"7811GP",12,"R",""
"7811GP",16,"",""
"7811GP",12,"E",""
"7811GP",20,"",""
"7811GP",12,"S",""
"7811GP",8,"",""
"7811GP",16,"A",""
"7811GP",12,"G",""
"7811GP",10,"",""
"7811GP",12,"K",""
"7811GP",12,"P",""
"7811GP",2,"",""
"7811GP",30,"",""
"7811GP",18,"",""
"7811GP",12,"J",""
"7811GP",16,"A",""
"7811GP",12,"F",""
"7811GP",12,"N",""
"7811GP",16,"",""
"7811GP",16,"A",""
"7811GP",26,"",""
"7811GP",22,"",""
"7811GP",14,"",""
"7811GP",12,"L",""
"7811GP",12,"U",""
"7811GP",12,"C",""
"7811GP",12,"D",""
"7811GP",12,"B",""
"7811GP",10,"A",""
"7811GP",24,"",""
"7811GP",8,"A",""
"7811GP",6,"A",""
"7811GP",12,"",""
"7811GP",12,"H",""
"7811GP",12,"A",""
"7811GP",12,"",""
"7811GP",4,"",""
"7811GR",58,"",""
"7811GR",60,"",""
"7811GR",58,"",""
"7811GR",62,"",""
"7811GR",42,"",""
"7811GR",52,"",""
"7811GR",44,"",""
"7811GR",62,"",""
"7811GR",34,"",""
"7811GR",32,"",""
"7811GR",50,"",""
"7811GR",64,"",""
"7811GR",38,"",""
"7811GR",40,"",""
"7811GR",48,"",""
"7811GR",36,"",""
"7811GR",58,"",""
"7811GR",46,"",""
"7811GR",56,"",""
"7811GR",54,"",""
"7811GS",79,"",""
"7811GS",20,"",""
"7811GS",55,"",""
"7811GS",75,"A",""
"7811GS",71,"",""
"7811GS",67,"",""
"7811GS",79308,"",""
"7811GS",75,"A",""
"7811GS",69,"",""
"7811GS",75,"",""
"7811GS",63,"",""
"7811GS",65,"",""
"7811GS",51,"","TR"
"7811GS",73,"",""
"7811GT",11,"",""
"7811GT",3,"",""
"7811GT",5,"",""
"7811GT",11,"D",""
"7811GT",1,"",""
"7811GT",7,"",""
"7811GT",1,"",""
"7811GT",9,"",""
"7811GV",70,"",""
"7811GV",32,"",""
"7811GV",28,"",""
"7811GV",84,"",""
"7811GV",36,"",""
"7811GV",56,"",""
"7811GV",20,"",""
"7811GV",78,"",""
"7811GV",48,"",""
"7811GV",30,"",""
"7811GV",66,"",""
"7811GV",86,"",""
"7811GV",74,"",""
"7811GV",80,"",""
"7811GV",54,"",""
"7811GV",64,"",""
"7811GV",60,"",""
"7811GV",58,"",""
"7811GV",52,"",""
"7811GV",50,"",""
"7811GV",62,"",""
"7811GV",26,"",""
"7811GV",82,"",""
"7811GV",68,"",""
"7811GV",44,"",""
"7811GV",40,"",""
"7811GV",22,"",""
"7811GV",46,"",""
"7811GV",76,"",""
"7811GV",72,"",""
"7811GV",38,"",""
"7811GV",34,"",""
"7811GV",42,"",""
"7811GV",24,"",""
"7811GW",47,"",""
"7811GW",71,"",""
"7811GW",73,"",""
"7811GW",73,"",""
"7811GW",73,"",""
"7811GW",29,"",""
"7811GW",25,"",""
"7811GW",29,"",""
"7811GW",47,"",""
"7811GW",45,"",""
"7811GW",47,"",""
"7811GW",43,"",""
"7811GW",31,"",""
"7811GW",15,"",""
"7811GW",61,"",""
"7811GW",21,"",""
"7811GW",31,"",""
"7811GW",49,"",""
"7811GW",61,"",""
"7811GW",45,"",""
"7811GW",73,"",""
"7811GW",73,"",""
"7811GW",23,"",""
"7811GW",49,"",""
"7811GW",59,"",""
"7811GW",15,"",""
"7811GW",17,"",""
"7811GW",75,"",""
"7811GW",17,"",""
"7811GW",1,"",""
"7811GW",19,"",""
"7811GW",75,"",""
"7811GW",33,"",""
"7811GW",75,"",""
"7811GW",61,"",""
"7811GW",43,"",""
"7811GW",65,"",""
"7811GW",21,"",""
"7811GW",15,"",""
"7811GW",17,"",""
"7811GW",45,"",""
"7811GW",31,"",""
"7811GW",31,"",""
"7811GW",19,"",""
"7811GW",65,"",""
"7811GW",43,"",""
"7811GW",71,"",""
"7811GW",63,"",""
"7811GW",19,"",""
"7811GW",63,"",""
"7811GW",19,"",""
"7811GW",17,"",""
"7811GW",73,"",""
"7811GW",17,"",""
"7811GW",61,"",""
"7811GW",47,"",""
"7811GW",63,"",""
"7811GW",63,"",""
"7811GW",73,"",""
"7811GW",21,"",""
"7811GW",69,"",""
"7811GW",59,"",""
"7811GW",67,"",""
"7811GW",19,"",""
"7811GW",15,"",""
"7811GW",23,"",""
"7811GW",17,"",""
"7811GW",47,"",""
"7811GW",21,"",""
"7811GW",61,"",""
"7811GW",63,"",""
"7811GW",71,"",""
"7811GW",65,"",""
"7811GW",69,"",""
"7811GW",77,"",""
"7811GW",67,"",""
"7811GW",57,"",""
"7811GW",45,"",""
"7811GW",15,"",""
"7811GW",17,"",""
"7811GW",75,"",""
"7811GW",21,"",""
"7811GW",33,"",""
"7811GW",67,"",""
"7811GW",59,"",""
"7811GW",69,"",""
"7811GW",57,"",""
"7811GW",7,"",""
"7811GW",27,"",""
"7811GW",29,"",""
"7811GW",77,"",""
"7811GW",15,"",""
"7811GW",43,"",""
"7811GW",31,"",""
"7811GW",23,"",""
"7811GW",65,"",""
"7811GW",65,"",""
"7811GW",59,"",""
"7811GW",8,"",""
"7811GW",13,"",""
"7811GW",37,"",""
"7811GW",14,"",""
"7811GW",27,"",""
"7811GW",77,"",""
"7811GW",25,"",""
"7811GW",45,"",""
"7811GW",43,"",""
"7811GW",21,"",""
"7811GW",31,"",""
"7811GW",71,"",""
"7811GW",67,"",""
"7811GW",14,"","LOK"
"7811GW",13,"",""
"7811GW",1,"",""
"7811GW",53,"",""
"7811GW",37,"",""
"7811GW",35,"",""
"7811GW",3,"",""
"7811GW",25,"",""
"7811GW",29,"",""
"7811GW",69,"",""
"7811GW",71,"",""
"7811GW",29,"",""
"7811GW",25,"",""
"7811GW",14,"","LOK"
"7811GW",57,"",""
"7811GW",6,"B",""
"7811GW",7,"",""
"7811GW",77,"",""
"7811GW",35,"",""
"7811GW",51,"",""
"7811GW",49,"",""
"7811GW",29,"",""
"7811GW",27,"",""
"7811GW",67,"",""
"7811GW",29,"",""
"7811GW",7,"",""
"7811GW",23,"",""
"7811GW",7,"",""
"7811GW",41,"",""
"7811GW",57,"",""
"7811GW",41,"",""
"7811GW",6,"B",""
"7811GW",37,"",""
"7811GW",37,"",""
"7811GW",27,"",""
"7811GW",25,"",""
"7811GW",69,"",""
"7811GW",23,"",""
"7811GW",7,"",""
"7811GW",7,"",""
"7811GW",41,"",""
"7811GW",39,"",""
"7811GW",37,"",""
"7811GW",39,"",""
"7811GW",35,"",""
"7811GW",55,"",""
"7811GW",6,"",""
"7811GW",53,"",""
"7811GW",55,"",""
"7811GW",27,"",""
"7811GW",53,"",""
"7811GW",53,"",""
"7811GW",39,"",""
"7811GW",41,"",""
"7811GW",39,"",""
"7811GW",53,"",""
"7811GW",41,"",""
"7811GW",55,"",""
"7811GW",57,"",""
"7811GW",5,"",""
"7811GW",49,"",""
"7811GW",39,"",""
"7811GW",35,"",""
"7811GW",51,"",""
"7811GW",55,"",""
"7811GW",55,"",""
"7811GW",7,"",""
"7811GW",57,"",""
"7811GW",51,"",""
"7811GW",33,"",""
"7811GW",51,"",""
"7811GW",5,"",""
"7811GW",3,"",""
"7811GW",3,"",""
"7811GW",35,"",""
"7811GW",33,"",""
"7811GW",3,"",""
"7811GW",5,"",""
"7811GW",51,"",""
"7811GW",33,"",""
"7811GW",5,"",""
"7811GW",49,"",""
"7811GW",5,"",""
"7811HA",5,"","TR"
"7811HA",1,"D",""
"7811HA",1,"H",""
"7811HA",1,"B",""
"7811HA",9,"",""
"7811HA",17,"",""
"7811HA",41,"",""
"7811HA",1,"C",""
"7811HA",1,"J",""
"7811HA",43,"",""
"7811HA",1,"K",""
"7811HA",31,"",""
"7811HA",1,"I",""
"7811HA",15,"",""
"7811HA",1,"E",""
"7811HA",5,"","TR"
"7811HA",1,"F",""
"7811HA",27,"",""
"7811HA",19,"",""
"7811HA",1,"C",""
"7811HA",23,"",""
"7811HA",1,"F",""
"7811HA",1,"E",""
"7811HA",1,"C",""
"7811HA",1,"G",""
"7811HA",39,"",""
"7811HA",29,"",""
"7811HA",41,"",""
"7811HA",39,"",""
"7811HA",35,"",""
"7811HA",25,"",""
"7811HA",37,"",""
"7811HA",5,"",""
"7811HA",1,"",""
"7811HA",1,"A",""
"7811HA",33,"",""
"7811HA",1,"B",""
"7811HA",1,"E",""
"7811HA",1,"F",""
"7811HA",21,"",""
"7811HA",1,"D",""
"7811HA",7,"",""
"7811HA",1,"D",""
"7811HA",11,"",""
"7811HA",7913,"","0"
"7811HA",1,"G",""
"7811HA",1,"G",""
"7811HA",1,"A",""
"7811HA",1,"F",""
"7811HA",1,"L",""
"7811HA",1,"I",""
"7811HA",1,"H",""
"7811HA",1,"A",""
"7811HA",1,"B",""
"7811HA",1,"",""
"7811HA",1,"H",""
"7811HB",6,"",""
"7811HB",32,"",""
"7811HB",24,"",""
"7811HB",6,"",""
"7811HB",6,"A",""
"7811HB",20,"",""
"7811HB",6,"A",""
"7811HB",12,"",""
"7811HB",22,"",""
"7811HB",14,"",""
"7811HB",6,"",""
"7811HB",6,"A",""
"7811HB",18,"",""
"7811HB",8,"",""
"7811HB",10,"",""
"7811HB",6,"A",""
"7811HB",4,"",""
"7811HB",6,"",""
"7811HB",26,"",""
"7811HC",22,"",""
"7811HC",54,"",""
"7811HC",44,"",""
"7811HC",7,"",""
"7811HC",2,"",""
"7811HC",28,"",""
"7811HC",23,"",""
"7811HC",39,"",""
"7811HC",65,"E",""
"7811HC",21,"",""
"7811HC",51,"",""
"7811HC",24,"",""
"7811HC",51,"",""
"7811HC",27,"",""
"7811HC",4,"",""
"7811HC",43,"",""
"7811HC",11,"",""
"7811HC",9,"",""
"7811HC",35,"",""
"7811HC",68,"",""
"7811HC",63,"",""
"7811HC",27,"",""
"7811HC",53,"",""
"7811HC",12,"",""
"7811HC",18,"",""
"7811HC",47,"",""
"7811HC",64,"",""
"7811HC",30,"",""
"7811HC",5,"",""
"7811HC",17,"",""
"7811HC",38,"",""
"7811HC",53,"",""
"7811HC",65,"A",""
"7811HC",65,"",""
"7811HC",29,"",""
"7811HC",62,"",""
"7811HC",65,"",""
"7811HC",34,"",""
"7811HC",16,"",""
"7811HC",31,"",""
"7811HC",70,"",""
"7811HC",55,"",""
"7811HC",14,"",""
"7811HC",36,"",""
"7811HC",66,"",""
"7811HC",45,"",""
"7811HC",15,"",""
"7811HC",3,"",""
"7811HC",20,"",""
"7811HC",32,"",""
"7811HC",37,"",""
"7811HC",33,"",""
"7811HC",127,"",""
"7811HC",52,"",""
"7811HC",56,"",""
"7811HC",15,"",""
"7811HC",49,"",""
"7811HC",127,"",""
"7811HC",48,"",""
"7811HC",31,"",""
"7811HC",27,"",""
"7811HC",58,"",""
"7811HC",65,"G",""
"7811HC",33,"",""
"7811HC",60,"",""
"7811HC",13,"",""
"7811HC",35,"",""
"7811HC",65,"F",""
"7811HC",50,"",""
"7811HC",65,"B",""
"7811HC",40,"",""
"7811HC",49,"",""
"7811HC",49,"",""
"7811HC",4,"",""
"7811HC",19,"",""
"7811HC",26,"",""
"7811HC",41,"",""
"7811HC",17,"",""
"7811HC",42,"",""
"7811HC",46,"",""
"7811HC",65,"D",""
"7811HC",57,"",""
"7811HC",25,"",""
"7811HC",65,"C",""
"7811HC",59,"",""
"7811HC",19,"",""
"7811HD",1,"",""
"7811HD",3,"",""
"7811HD",2,"",""
"7811HE",2,"",""
"7811HE",3,"C",""
"7811HE",3,"",""
"7811HE",8,"A",""
"7811HE",3,"A",""
"7811HE",14,"",""
"7811HE",6,"",""
"7811HE",8,"A",""
"7811HE",1,"",""
"7811HE",9,"",""
"7811HE",3,"B",""
"7811HE",5,"",""
"7811HE",8,"",""
"7811HE",7,"",""
"7811HE",9,"",""
"7811HE",14,"",""
"7811HE",3,"C",""
"7811HG",9999,"",""
"7811HG",21,"",""
"7811HG",18,"",""
"7811HG",26,"",""
"7811HG",25,"",""
"7811HG",20,"",""
"7811HG",17,"",""
"7811HG",22,"",""
"7811HG",23,"",""
"7811HG",16,"",""
"7811HG",19,"",""
"7811HH",69,"A",""
"7811HH",57,"",""
"7811HH",53,"",""
"7811HH",73,"",""
"7811HH",73,"",""
"7811HH",87,"",""
"7811HH",71,"",""
"7811HH",61,"F",""
"7811HH",59,"",""
"7811HH",61,"J",""
"7811HH",75,"",""
"7811HH",75,"",""
"7811HH",61,"E",""
"7811HH",89,"",""
"7811HH",41,"",""
"7811HH",55,"",""
"7811HH",89,"",""
"7811HH",69,"",""
"7811HH",73,"",""
"7811HH",91,"",""
"7811HH",5,"",""
"7811HH",73,"",""
"7811HH",91,"",""
"7811HH",75,"",""
"7811HH",69,"A",""
"7811HH",13,"",""
"7811HH",9,"",""
"7811HH",61,"G",""
"7811HH",13,"",""
"7811HH",85,"",""
"7811HH",71,"",""
"7811HH",7,"",""
"7811HH",61,"I",""
"7811HH",71,"",""
"7811HH",73,"A",""
"7811HH",61,"J",""
"7811HH",73,"A",""
"7811HH",15,"",""
"7811HH",13,"",""
"7811HH",71,"",""
"7811HH",91,"",""
"7811HH",87,"",""
"7811HH",65,"",""
"7811HH",61,"B",""
"7811HH",87,"",""
"7811HH",91,"",""
"7811HH",89,"",""
"7811HH",69,"A",""
"7811HH",39,"",""
"7811HH",15,"",""
"7811HH",47,"",""
"7811HH",45,"",""
"7811HH",9,"",""
"7811HH",85,"",""
"7811HH",7,"",""
"7811HH",81,"",""
"7811HH",65,"",""
"7811HH",81,"D",""
"7811HH",93,"",""
"7811HH",93,"",""
"7811HH",89,"",""
"7811HH",13,"",""
"7811HH",49,"",""
"7811HH",5,"",""
"7811HH",85,"",""
"7811HH",93,"",""
"7811HH",81,"",""
"7811HH",83,"",""
"7811HH",67,"",""
"7811HH",83,"",""
"7811HH",63,"",""
"7811HH",51,"",""
"7811HH",59,"",""
"7811HH",91,"",""
"7811HH",91,"",""
"7811HH",87,"",""
"7811HH",61,"A",""
"7811HH",3,"",""
"7811HH",63,"",""
"7811HH",81,"",""
"7811HH",81,"D",""
"7811HH",67,"",""
"7811HH",69,"",""
"7811HH",77,"",""
"7811HH",61,"",""
"7811HH",93,"",""
"7811HH",43,"",""
"7811HH",91,"",""
"7811HH",61,"C",""
"7811HH",5,"",""
"7811HH",75,"",""
"7811HH",67,"",""
"7811HH",67,"",""
"7811HH",65,"",""
"7811HH",3,"",""
"7811HH",67,"",""
"7811HH",69,"",""
"7811HH",77,"",""
"7811HH",61,"N",""
"7811HH",61,"M",""
"7811HH",61,"D",""
"7811HH",61,"",""
"7811HH",75,"",""
"7811HH",85,"",""
"7811HH",5,"",""
"7811HH",67,"",""
"7811HH",83,"",""
"7811HH",77,"",""
"7811HH",77,"",""
"7811HH",81,"",""
"7811HH",81,"D",""
"7811HH",61,"",""
"7811HH",93,"",""
"7811HH",61,"",""
"7811HH",61,"A",""
"7811HH",61,"O",""
"7811HH",61,"H",""
"7811HH",1,"",""
"7811HH",79,"",""
"7811HH",1,"",""
"7811HH",61,"P",""
"7811HH",63,"",""
"7811HH",61,"Q",""
"7811HH",63,"",""
"7811HH",63,"",""
"7811HH",83,"",""
"7811HH",61,"R",""
"7811HH",75,"",""
"7811HH",61,"K",""
"7811HH",65,"",""
"7811HH",79,"",""
"7811HH",61,"L",""
"7811HH",69,"",""
"7811HH",79,"",""
"7811HH",79,"",""
"7811HJ",14,"",""
"7811HJ",10,"",""
"7811HJ",14,"",""
"7811HJ",10,"",""
"7811HJ",4,"",""
"7811HJ",10,"",""
"7811HJ",20,"",""
"7811HJ",8,"",""
"7811HJ",4,"",""
"7811HJ",24,"",""
"7811HJ",14,"",""
"7811HJ",8,"",""
"7811HJ",8,"",""
"7811HJ",8,"",""
"7811HJ",4,"",""
"7811HJ",10,"",""
"7811HJ",16,"",""
"7811HJ",32,"",""
"7811HJ",14,"",""
"7811HJ",8,"",""
"7811HJ",2,"",""
"7811HJ",24,"",""
"7811HJ",4,"",""
"7811HJ",28,"",""
"7811HJ",8,"",""
"7811HJ",4,"",""
"7811HJ",34,"",""
"7811HJ",16,"",""
"7811HJ",30,"",""
"7811HJ",30,"",""
"7811HJ",28,"",""
"7811HL",7,"",""
"7811HL",127,"K",""
"7811HL",7,"",""
"7811HL",33,"",""
"7811HL",127,"C",""
"7811HL",33,"",""
"7811HL",127,"B",""
"7811HL",15,"",""
"7811HL",127,"H",""
"7811HL",17,"",""
"7811HL",9,"",""
"7811HL",9,"",""
"7811HL",23,"",""
"7811HL",5,"",""
"7811HL",35,"",""
"7811HL",127,"F",""
"7811HL",127,"",""
"7811HL",31,"",""
"7811HL",27,"",""
"7811HL",5,"",""
"7811HL",127,"D",""
"7811HL",17,"",""
"7811HL",13,"",""
"7811HL",25,"",""
"7811HL",4,"",""
"7811HL",19,"",""
"7811HL",15,"",""
"7811HL",35,"",""
"7811HL",29,"",""
"7811HL",29,"",""
"7811HL",21,"",""
"7811HL",31,"",""
"7811HL",127,"E",""
"7811HL",25,"",""
"7811HL",3,"",""
"7811HL",27,"",""
"7811HL",127,"J",""
"7811HL",3,"",""
"7811HL",127,"A",""
"7811HL",21,"",""
"7811HL",4,"",""
"7811HL",11,"",""
"7811HL",2,"",""
"7811HL",127,"G",""
"7811HL",2,"",""
"7811HL",11,"",""
"7811HL",1,"",""
"7811HL",13,"",""
"7811HL",19,"",""
"7811HL",127,"L",""
"7811HL",1,"",""
"7811HL",23,"",""
"7811HM",47,"",""
"7811HM",43,"",""
"7811HM",51,"",""
"7811HM",49,"",""
"7811HM",45,"",""
"7811HM",59,"",""
"7811HM",63,"",""
"7811HM",61,"",""
"7811HM",63,"",""
"7811HM",55,"",""
"7811HM",57,"",""
"7811HM",43,"",""
"7811HM",57,"",""
"7811HM",55,"",""
"7811HM",41,"",""
"7811HM",37,"",""
"7811HM",59,"",""
"7811HM",51,"",""
"7811HM",39,"",""
"7811HM",53,"",""
"7811HM",53,"",""
"7811HM",49,"",""
"7811HM",39,"",""
"7811HM",41,"",""
"7811HM",61,"",""
"7811HM",45,"",""
"7811HM",37,"",""
"7811HM",47,"",""
"7811HP",151,"",""
"7811HP",149,"","TR"
"7811HP",155,"",""
"7811HP",149,"",""
"7811HP",153,"",""
"7811HP",159,"",""
"7811HP",157,"",""
"7811HR",251,"","GB03"
"7811HR",257,"","TR"
"7811HR",251,"","GB03"
"7811HR",251,"",""
"7811HR",251,"",""
"7811HR",251,"",""
"7811HR",251,"",""
"7811HR",251,"","GB01"
"7811HR",251,"","GB02"
"7811HR",251,"","GB02"
"7811HS",26,"",""
"7811HS",36,"",""
"7811HS",14,"",""
"7811HS",34,"",""
"7811HS",10,"",""
"7811HS",46,"",""
"7811HS",38,"",""
"7811HS",30,"",""
"7811HS",22,"",""
"7811HS",18,"",""
"7811HS",62,"",""
"7811HS",48,"",""
"7811HS",12,"",""
"7811HS",58,"",""
"7811HS",20,"",""
"7811HS",16,"",""
"7811HS",60,"",""
"7811HS",50,"",""
"7811HS",42,"",""
"7811HS",28,"",""
"7811HS",44,"",""
"7811HS",32,"",""
"7811HS",64,"",""
"7811HS",56,"",""
"7811HS",52,"",""
"7811HS",24,"",""
"7811HS",54,"",""
"7811HS",40,"",""
"7811HT",157,"",""
"7811HT",105,"",""
"7811HT",115,"",""
"7811HT",109,"",""
"7811HT",147,"",""
"7811HT",141,"",""
"7811HT",135,"",""
"7811HT",111,"",""
"7811HT",101,"",""
"7811HT",143,"",""
"7811HT",107,"",""
"7811HT",139,"",""
"7811HT",121,"",""
"7811HT",117,"",""
"7811HT",145,"",""
"7811HT",153,"",""
"7811HT",151,"",""
"7811HT",133,"",""
"7811HT",113,"",""
"7811HT",131,"",""
"7811HT",161,"",""
"7811HT",159,"A",""
"7811HT",119,"",""
"7811HT",127,"",""
"7811HT",137,"",""
"7811HT",159,"A",""
"7811HT",129,"",""
"7811HT",7922,"",""
"7811HT",125,"",""
"7811HT",167,"",""
"7811HT",159,"",""
"7811HT",165,"",""
"7811HT",123,"",""
"7811HT",155,"",""
"7811HT",149,"",""
"7811HV",265,"",""
"7811HV",263,"A",""
"7811HV",265,"",""
"7811HV",285,"",""
"7811HV",275,"",""
"7811HV",295,"",""
"7811HV",267,"",""
"7811HV",263,"A",""
"7811HV",297,"",""
"7811HV",257,"",""
"7811HV",269,"",""
"7811HV",265,"",""
"7811HV",263,"",""
"7811HV",257,"","TR"
"7811HV",273,"",""
"7811HV",265,"",""
"7811HV",271,"",""
"7811HV",263,"",""
"7811HV",281,"",""
"7811HV",283,"",""
"7811HV",299,"",""
"7811HV",261,"",""
"7811HV",293,"",""
"7811HV",259,"A",""
"7811HV",259,"C",""
"7811HV",257,"",""
"7811HV",259,"C",""
"7811HV",289,"",""
"7811HV",263,"",""
"7811HV",277,"",""
"7811HV",259,"B",""
"7811HV",259,"",""
"7811HV",257,"","TR"
"7811HV",291,"",""
"7811HV",279,"",""
"7811HV",259,"",""
"7811HV",257,"",""
"7811HV",287,"",""
"7811HW",301,"",""
"7811HW",313,"",""
"7811HW",317,"",""
"7811HW",321,"",""
"7811HW",323,"",""
"7811HW",325,"",""
"7811HW",303,"",""
"7811HW",315,"",""
"7811HW",311,"",""
"7811HW",327,"",""
"7811HW",307,"",""
"7811HW",309,"",""
"7811HW",319,"",""
"7811HW",305,"",""
"7811HX",333,"",""
"7811HX",337,"",""
"7811HX",351,"",""
"7811HX",335,"",""
"7811HX",339,"",""
"7811HX",353,"",""
"7811HX",329,"",""
"7811HX",341,"",""
"7811HX",345,"",""
"7811HX",347,"",""
"7811HX",349,"",""
"7811HX",343,"",""
"7811HX",355,"",""
"7811HX",331,"",""
"7811HZ",377,"",""
"7811HZ",361,"",""
"7811HZ",375,"",""
"7811HZ",365,"",""
"7811HZ",367,"",""
"7811HZ",373,"",""
"7811HZ",369,"",""
"7811HZ",7928,"","6"
"7811HZ",363,"",""
"7811HZ",357,"",""
"7811HZ",359,"",""
"7811HZ",371,"",""
"7811JA",8,"B","209"
"7811JA",8,"D","410"
"7811JA",13,"K",""
"7811JA",8,"A","120"
"7811JA",8,"D","414"
"7811JA",8,"D","415"
"7811JA",10,"",""
"7811JA",8,"B","208"
"7811JA",8,"B","205"
"7811JA",13,"G",""
"7811JA",8,"D","419"
"7811JA",8,"D","408"
"7811JA",8,"B","206"
"7811JA",13,"E",""
"7811JA",8,"B","200"
"7811JA",8,"A","117"
"7811JA",8,"A","124"
"7811JA",13,"H",""
"7811JA",6,"",""
"7811JA",8,"C","312"
"7811JA",8,"A","123"
"7811JA",8,"D","416"
"7811JA",14,"",""
"7811JA",13,"J",""
"7811JA",7,"A",""
"7811JA",8,"D","418"
"7811JA",13,"F",""
"7811JA",8,"A","118"
"7811JA",8,"C","331"
"7811JA",8,"B","202"
"7811JA",8,"D","413"
"7811JA",8,"D","404"
"7811JA",6,"",""
"7811JA",8,"C","313"
"7811JA",8,"D","409"
"7811JA",8,"A","121"
"7811JA",8,"C","321"
"7811JA",8,"A","119"
"7811JA",8,"B","203"
"7811JA",8,"C","315"
"7811JA",8,"A","122"
"7811JA",8,"D","405"
"7811JA",8,"D","412"
"7811JA",8,"B","204"
"7811JA",8,"C","325"
"7811JA",8,"D","403"
"7811JA",8,"C","327"
"7811JA",8,"C","306"
"7811JA",8,"C","308"
"7811JA",8,"C","311"
"7811JA",8,"C","309"
"7811JA",8,"D","417"
"7811JA",12,"",""
"7811JA",8,"D","406"
"7811JA",8,"C","319"
"7811JA",8,"D","407"
"7811JA",13,"D",""
"7811JA",8,"C","330"
"7811JA",8,"C","324"
"7811JA",8,"C","323"
"7811JA",8,"C","328"
"7811JA",8,"C","322"
"7811JA",12,"C",""
"7811JA",18,"B",""
"7811JA",18,"",""
"7811JA",13,"L",""
"7811JA",8,"D","411"
"7811JA",8,"C","318"
"7811JA",8,"B","201"
"7811JA",8,"C","314"
"7811JA",8,"C","307"
"7811JA",8,"C","303"
"7811JA",8,"C","304"
"7811JA",8,"C","305"
"7811JA",8,"A","106"
"7811JA",18,"A",""
"7811JA",8,"B","207"
"7811JA",8,"B","226"
"7811JA",8,"",""
"7811JA",8,"C","317"
"7811JA",12,"",""
"7811JA",8,"C","320"
"7811JA",12,"A",""
"7811JA",8,"D","402"
"7811JA",13,"B",""
"7811JA",8,"C","310"
"7811JA",8,"C","302"
"7811JA",8,"A","109"
"7811JA",8,"B","215"
"7811JA",8,"A","100"
"7811JA",8,"C","316"
"7811JA",6,"A",""
"7811JA",7,"",""
"7811JA",13,"N",""
"7811JA",12,"B",""
"7811JA",8,"B","210"
"7811JA",8,"A","114"
"7811JA",8,"A","116"
"7811JA",8,"C","326"
"7811JA",8,"A","107"
"7811JA",8,"A","110"
"7811JA",8,"B","214"
"7811JA",6,"",""
"7811JA",13,"M",""
"7811JA",8,"C","329"
"7811JA",6,"A",""
"7811JA",8,"A","102"
"7811JA",8,"A","108"
"7811JA",8,"B","216"
"7811JA",7,"B",""
"7811JA",8,"B","212"
"7811JA",16,"",""
"7811JA",8,"B","207"
"7811JA",8,"B","223"
"7811JA",8,"A","111"
"7811JA",8,"A","115"
"7811JA",8,"A","112"
"7811JA",8,"D","400"
"7811JA",8,"A","101"
"7811JA",8,"B","220"
"7811JA",13,"",""
"7811JA",8,"B","219"
"7811JA",13,"C",""
"7811JA",8,"B","227"
"7811JA",8,"A","113"
"7811JA",8,"D","401"
"7811JA",8,"A","104"
"7811JA",8,"B","218"
"7811JA",8,"C","301"
"7811JA",8,"B","217"
"7811JA",13,"A",""
"7811JA",8,"B","300"
"7811JA",8,"B","225"
"7811JA",8,"B","211"
"7811JA",8,"A","105"
"7811JA",12,"D",""
"7811JA",8,"B","221"
"7811JA",8,"B","222"
"7811JA",19,"",""
"7811JA",8,"B","224"
"7811JA",8,"A","103"
"7811JA",6,"",""
"7811JA",8,"B","228"
"7811JA",13,"",""
"7811JA",8,"C","300"
"7811JA",8,"B","213"
"7811JB",25,"A",""
"7811JB",24,"",""
"7811JB",27,"",""
"7811JB",26,"",""
"7811JB",24,"A",""
"7811JB",25,"",""
"7811JC",30,"B","208"
"7811JC",38,"A",""
"7811JC",150,"A",""
"7811JC",38,"B",""
"7811JC",34,"C",""
"7811JC",30,"A","113"
"7811JC",53,"C",""
"7811JC",30,"B","206"
"7811JC",38,"",""
"7811JC",42,"",""
"7811JC",53,"E",""
"7811JC",30,"A","104"
"7811JC",150,"A",""
"7811JC",30,"A","102"
"7811JC",42,"","TR"
"7811JC",30,"B","203"
"7811JC",30,"A","105"
"7811JC",35,"",""
"7811JC",39,"A",""
"7811JC",32,"",""
"7811JC",30,"A","108"
"7811JC",28,"","GED"
"7811JC",40,"",""
"7811JC",30,"C","312"
"7811JC",38,"A",""
"7811JC",38,"",""
"7811JC",37,"A",""
"7811JC",35,"A",""
"7811JC",30,"A","109"
"7811JC",32,"",""
"7811JC",30,"C","313"
"7811JC",30,"D","401"
"7811JC",30,"D","402"
"7811JC",34,"",""
"7811JC",31,"",""
"7811JC",30,"A","112"
"7811JC",34,"B",""
"7811JC",30,"A","101"
"7811JC",37,"",""
"7811JC",38,"",""
"7811JC",33,"",""
"7811JC",30,"A","109"
"7811JC",30,"D","411"
"7811JC",30,"C","310"
"7811JC",30,"C","303"
"7811JC",30,"B","209"
"7811JC",30,"B","212"
"7811JC",40,"A",""
"7811JC",150,"A",""
"7811JC",30,"A","111"
"7811JC",41,"",""
"7811JC",34,"E",""
"7811JC",38,"",""
"7811JC",30,"A","308"
"7811JC",28,"","GED"
"7811JC",30,"D","407"
"7811JC",30,"B","210"
"7811JC",30,"B","213"
"7811JC",30,"A","408"
"7811JC",30,"A","110"
"7811JC",40,"",""
"7811JC",30,"A","114"
"7811JC",30,"B","109"
"7811JC",30,"B","202"
"7811JC",28,"",""
"7811JC",28,"",""
"7811JC",30,"B","201"
"7811JC",30,"D","413"
"7811JC",30,"B","205"
"7811JC",30,"A","208"
"7811JC",30,"C","306"
"7811JC",30,"A","103"
"7811JC",30,"A","107"
"7811JC",39,"",""
"7811JC",30,"B","204"
"7811JC",30,"A","106"
"7811JC",30,"B","211"
"7811JC",38,"B",""
"7811JC",30,"D","406"
"7811JC",30,"C","304"
"7811JC",40,"",""
"7811JC",34,"A",""
"7811JC",31,"",""
"7811JC",30,"B","207"
"7811JC",33,"",""
"7811JC",40,"A",""
"7811JC",30,"D","405"
"7811JC",30,"D","403"
"7811JC",30,"C","301"
"7811JC",34,"D",""
"7811JC",30,"D","408"
"7811JC",30,"C","309"
"7811JC",30,"D","410"
"7811JC",30,"C","302"
"7811JC",30,"D","414"
"7811JC",30,"C","314"
"7811JC",30,"D","404"
"7811JC",30,"C","308"
"7811JC",30,"C","305"
"7811JC",30,"D","412"
"7811JC",30,"C","311"
"7811JC",39,"",""
"7811JC",40,"",""
"7811JC",30,"B","214"
"7811JC",39,"A",""
"7811JC",39,"",""
"7811JC",30,"C","307"
"7811JC",39,"",""
"7811JD",45,"K",""
"7811JD",45,"P",""
"7811JD",45,"",""
"7811JD",45,"F",""
"7811JD",43,"",""
"7811JD",44,"A",""
"7811JD",44,"",""
"7811JD",44,"B",""
"7811JD",45,"",""
"7811JD",45,"C",""
"7811JD",45,"M",""
"7811JD",45,"A",""
"7811JD",45,"D",""
"7811JD",44,"",""
"7811JD",45,"B",""
"7811JD",44,"A",""
"7811JD",44,"A",""
"7811JD",45,"J",""
"7811JD",45,"H",""
"7811JD",45,"L",""
"7811JD",44,"",""
"7811JD",45,"N",""
"7811JD",45,"E",""
"7811JD",45,"G",""
"7811JD",45,"R",""
"7811JD",47,"",""
"7811JE",49,"",""
"7811JE",51,"H",""
"7811JE",49,"G",""
"7811JE",55,"D",""
"7811JE",49,"H",""
"7811JE",49,"K",""
"7811JE",51,"S",""
"7811JE",55,"E",""
"7811JE",55,"C",""
"7811JE",49,"F",""
"7811JE",55,"B",""
"7811JE",53,"C",""
"7811JE",53,"D",""
"7811JE",49,"M",""
"7811JE",51,"L",""
"7811JE",51,"K",""
"7811JE",51,"E",""
"7811JE",51,"F",""
"7811JE",49,"J",""
"7811JE",51,"P",""
"7811JE",51,"R",""
"7811JE",49,"L",""
"7811JE",49,"",""
"7811JE",51,"K",""
"7811JE",55,"H",""
"7811JE",51,"",""
"7811JE",51,"E",""
"7811JE",54,"C",""
"7811JE",51,"P",""
"7811JE",51,"C",""
"7811JE",53,"E",""
"7811JE",51,"J",""
"7811JE",51,"D",""
"7811JE",54,"B",""
"7811JE",55,"S",""
"7811JE",51,"D",""
"7811JE",51,"J",""
"7811JE",51,"M",""
"7811JE",51,"S",""
"7811JE",53,"A",""
"7811JE",49,"P",""
"7811JE",51,"G",""
"7811JE",54,"A",""
"7811JE",55,"N",""
"7811JE",54,"B",""
"7811JE",54,"G","1"
"7811JE",51,"N",""
"7811JE",55,"P",""
"7811JE",51,"G",""
"7811JE",51,"H",""
"7811JE",53,"A",""
"7811JE",50,"A",""
"7811JE",55,"R",""
"7811JE",49,"N",""
"7811JE",55,"M",""
"7811JE",51,"C",""
"7811JE",49,"S",""
"7811JE",55,"P",""
"7811JE",51,"L",""
"7811JE",54,"K",""
"7811JE",50,"",""
"7811JE",53,"B",""
"7811JE",53,"A",""
"7811JE",53,"A",""
"7811JE",49,"Y",""
"7811JE",54,"D",""
"7811JE",55,"U",""
"7811JE",51,"F",""
"7811JE",55,"K",""
"7811JE",54,"G",""
"7811JE",55,"F",""
"7811JE",49,"W",""
"7811JE",51,"B",""
"7811JE",55,"A",""
"7811JE",55,"",""
"7811JE",51,"N",""
"7811JE",51,"R",""
"7811JE",51,"M",""
"7811JE",51,"",""
"7811JE",51,"",""
"7811JE",55,"G",""
"7811JE",51,"M",""
"7811JE",54,"",""
"7811JE",51,"A",""
"7811JE",49,"U",""
"7811JE",49,"R",""
"7811JE",54,"E",""
"7811JE",51,"B",""
"7811JE",55,"L",""
"7811JE",49,"X",""
"7811JE",54,"F",""
"7811JE",54,"G","1"
"7811JE",51,"A",""
"7811JE",49,"V",""
"7811JE",55,"T",""
"7811JE",49,"T",""
"7811JE",54,"H",""
"7811JG",56,"P",""
"7811JG",56,"E",""
"7811JG",56,"F",""
"7811JG",56,"C",""
"7811JG",56,"",""
"7811JG",56,"D",""
"7811JG",56,"M",""
"7811JG",56,"K",""
"7811JG",58,"",""
"7811JG",59,"",""
"7811JG",56,"A",""
"7811JG",56,"H",""
"7811JG",56,"B",""
"7811JG",56,"G",""
"7811JG",56,"N",""
"7811JG",57,"",""
"7811JG",56,"L",""
"7811JH",76,"K",""
"7811JH",76,"",""
"7811JH",76,"A",""
"7811JH",76,"D",""
"7811JH",76,"A",""
"7811JH",70,"A",""
"7811JH",72,"A",""
"7811JH",76,"B",""
"7811JH",71,"",""
"7811JH",76,"H",""
"7811JH",71,"A",""
"7811JH",71,"B",""
"7811JH",76,"I",""
"7811JH",76,"J",""
"7811JH",76,"",""
"7811JH",70,"",""
"7811JH",75,"F",""
"7811JH",75,"G",""
"7811JH",76,"E",""
"7811JH",75,"",""
"7811JH",75,"",""
"7811JH",76,"I",""
"7811JH",76,"E",""
"7811JH",76,"F",""
"7811JH",76,"J",""
"7811JH",75,"L",""
"7811JH",75,"M",""
"7811JH",75,"P",""
"7811JH",75,"A",""
"7811JH",76,"B",""
"7811JH",76,"F",""
"7811JH",76,"G",""
"7811JH",75,"H",""
"7811JH",75,"J",""
"7811JH",76,"C",""
"7811JH",76,"G",""
"7811JH",75,"P",""
"7811JH",75,"I",""
"7811JH",75,"H",""
"7811JH",76,"C",""
"7811JH",73,"A",""
"7811JH",75,"D",""
"7811JH",75,"K",""
"7811JH",75,"N",""
"7811JH",76,"K",""
"7811JH",75,"M",""
"7811JH",71,"C",""
"7811JH",73,"",""
"7811JH",75,"L",""
"7811JH",75,"E",""
"7811JH",75,"I",""
"7811JH",75,"E",""
"7811JH",76,"D",""
"7811JH",75,"A",""
"7811JH",75,"B",""
"7811JH",74,"",""
"7811JH",72,"",""
"7811JH",75,"F",""
"7811JH",75,"G",""
"7811JH",75,"K",""
"7811JH",75,"J",""
"7811JH",76,"H",""
"7811JH",75,"D",""
"7811JH",75,"C",""
"7811JH",75,"B",""
"7811JH",75,"N",""
"7811JH",75,"C",""
"7811JJ",82,"",""
"7811JJ",80,"",""
"7811JJ",81,"E",""
"7811JJ",81,"F",""
"7811JJ",80,"A",""
"7811JJ",81,"G",""
"7811JJ",77,"A",""
"7811JJ",2,"",""
"7811JJ",2,"",""
"7811JJ",66,"C",""
"7811JJ",77,"H",""
"7811JJ",81,"C",""
"7811JJ",3,"",""
"7811JJ",81,"H",""
"7811JJ",77,"G",""
"7811JJ",81,"G",""
"7811JJ",79,"",""
"7811JJ",77,"A",""
"7811JJ",81,"I",""
"7811JJ",77,"E",""
"7811JJ",77,"C",""
"7811JJ",2,"",""
"7811JJ",81,"",""
"7811JJ",82,"",""
"7811JJ",81,"C",""
"7811JJ",82,"A",""
"7811JJ",66,"B",""
"7811JJ",83,"",""
"7811JJ",80,"A",""
"7811JJ",80,"G",""
"7811JJ",77,"F",""
"7811JJ",77,"D",""
"7811JJ",77,"B",""
"7811JJ",77,"B",""
"7811JJ",80,"C",""
"7811JJ",80,"C",""
"7811JJ",77,"E",""
"7811JJ",80,"",""
"7811JJ",81,"",""
"7811JJ",82,"A",""
"7811JJ",81,"A",""
"7811JJ",81,"",""
"7811JJ",81,"E",""
"7811JJ",78,"",""
"7811JJ",80,"F",""
"7811JJ",77,"C",""
"7811JJ",77,"D",""
"7811JJ",80,"D",""
"7811JJ",80,"B",""
"7811JJ",80,"B",""
"7811JJ",77,"K",""
"7811JJ",81,"",""
"7811JJ",83,"",""
"7811JJ",81,"",""
"7811JJ",84,"",""
"7811JJ",83,"",""
"7811JJ",82,"B",""
"7811JJ",77,"G",""
"7811JJ",77,"F",""
"7811JJ",81,"J",""
"7811JJ",80,"D",""
"7811JJ",82,"",""
"7811JJ",79,"",""
"7811JJ",84,"A",""
"7811JJ",81,"D",""
"7811JJ",81,"A",""
"7811JJ",77,"L",""
"7811JJ",84,"",""
"7811JJ",81,"H",""
"7811JJ",81,"I",""
"7811JJ",81,"J",""
"7811JJ",80,"E",""
"7811JJ",77,"H",""
"7811JJ",85,"",""
"7811JJ",81,"D",""
"7811JJ",81,"B",""
"7811JJ",77,"L",""
"7811JJ",80,"E",""
"7811JJ",81,"F",""
"7811JJ",81,"",""
"7811JJ",3,"",""
"7811JJ",77,"K",""
"7811JJ",80,"F",""
"7811JJ",77,"",""
"7811JJ",77,"",""
"7811JJ",83,"",""
"7811JJ",84,"",""
"7811JJ",85,"A",""
"7811JJ",80,"G",""
"7811JJ",81,"B",""
"7811JJ",82,"B",""
"7811JJ",82,"",""
"7811JJ",82,"A",""
"7811JJ",78,"",""
"7811JK",89,"B",""
"7811JK",90,"A",""
"7811JK",92,"A",""
"7811JK",90,"",""
"7811JK",91,"",""
"7811JK",89,"C",""
"7811JK",90,"A",""
"7811JK",90,"B",""
"7811JK",92,"",""
"7811JK",89,"",""
"7811JK",89,"C",""
"7811JK",91,"A",""
"7811JK",89,"B",""
"7811JK",90,"",""
"7811JK",89,"",""
"7811JK",92,"A",""
"7811JK",86,"",""
"7811JK",89,"A",""
"7811JK",90,"B",""
"7811JK",89,"",""
"7811JK",91,"A",""
"7811JK",91,"A",""
"7811JK",89,"A",""
"7811JK",92,"",""
"7811JK",91,"",""
"7811JL",170,"",""
"7811JL",168,"",""
"7811JL",234,"",""
"7811JL",236,"",""
"7811JL",194,"",""
"7811JL",196,"",""
"7811JL",138,"",""
"7811JL",166,"",""
"7811JL",232,"",""
"7811JL",116,"",""
"7811JL",224,"",""
"7811JL",98,"",""
"7811JL",228,"",""
"7811JL",214,"",""
"7811JL",198,"",""
"7811JL",164,"",""
"7811JL",108,"",""
"7811JL",184,"",""
"7811JL",134,"",""
"7811JL",208,"",""
"7811JL",114,"",""
"7811JL",132,"",""
"7811JL",204,"",""
"7811JL",226,"",""
"7811JL",216,"",""
"7811JL",112,"",""
"7811JL",120,"",""
"7811JL",206,"",""
"7811JL",104,"",""
"7811JL",150,"",""
"7811JL",212,"",""
"7811JL",126,"",""
"7811JL",230,"",""
"7811JL",130,"",""
"7811JL",154,"",""
"7811JL",100,"",""
"7811JL",122,"",""
"7811JL",110,"",""
"7811JL",182,"",""
"7811JL",128,"",""
"7811JL",146,"",""
"7811JL",240,"",""
"7811JL",124,"",""
"7811JL",222,"",""
"7811JL",220,"",""
"7811JL",140,"",""
"7811JL",188,"",""
"7811JL",180,"",""
"7811JL",172,"",""
"7811JL",118,"",""
"7811JL",218,"",""
"7811JL",210,"",""
"7811JL",200,"",""
"7811JL",192,"",""
"7811JL",176,"",""
"7811JL",160,"",""
"7811JL",156,"",""
"7811JL",102,"",""
"7811JL",248,"",""
"7811JL",148,"",""
"7811JL",158,"",""
"7811JL",144,"",""
"7811JL",152,"",""
"7811JL",106,"",""
"7811JL",178,"",""
"7811JL",136,"",""
"7811JL",162,"",""
"7811JL",96,"",""
"7811JL",142,"",""
"7811JL",202,"",""
"7811JL",174,"",""
"7811JL",242,"",""
"7811JL",238,"",""
"7811JL",186,"",""
"7811JL",246,"",""
"7811JL",190,"",""
"7811JL",244,"",""
"7811JM",302,"",""
"7811JM",344,"",""
"7811JM",306,"",""
"7811JM",322,"",""
"7811JM",316,"",""
"7811JM",310,"",""
"7811JM",298,"",""
"7811JM",320,"",""
"7811JM",324,"",""
"7811JM",304,"",""
"7811JM",318,"",""
"7811JM",79307,"",""
"7811JM",340,"",""
"7811JM",348,"","TR"
"7811JM",346,"",""
"7811JM",308,"",""
"7811JM",314,"",""
"7811JM",256,"",""
"7811JM",296,"",""
"7811JM",288,"",""
"7811JM",336,"",""
"7811JM",342,"",""
"7811JM",348,"",""
"7811JM",312,"",""
"7811JM",250,"",""
"7811JM",332,"",""
"7811JM",284,"",""
"7811JM",266,"",""
"7811JM",334,"",""
"7811JM",330,"",""
"7811JM",300,"",""
"7811JM",328,"",""
"7811JM",260,"",""
"7811JM",338,"",""
"7811JM",290,"",""
"7811JM",286,"",""
"7811JM",326,"",""
"7811JM",278,"",""
"7811JM",268,"",""
"7811JM",262,"",""
"7811JM",254,"",""
"7811JM",274,"",""
"7811JM",272,"",""
"7811JM",276,"",""
"7811JM",294,"",""
"7811JM",252,"",""
"7811JM",292,"",""
"7811JM",280,"",""
"7811JM",264,"",""
"7811JM",258,"",""
"7811JM",348,"","TR"
"7811JM",282,"",""
"7811JM",270,"",""
"7811JN",103,"B",""
"7811JN",95,"E",""
"7811JN",101,"E",""
"7811JN",101,"J",""
"7811JN",101,"C",""
"7811JN",96,"G",""
"7811JN",94,"D",""
"7811JN",95,"E",""
"7811JN",103,"A",""
"7811JN",94,"F",""
"7811JN",96,"M",""
"7811JN",97,"B",""
"7811JN",95,"G",""
"7811JN",95,"F",""
"7811JN",94,"C",""
"7811JN",96,"R",""
"7811JN",97,"G",""
"7811JN",95,"D",""
"7811JN",94,"H",""
"7811JN",95,"E",""
"7811JN",103,"M",""
"7811JN",103,"L",""
"7811JN",95,"F",""
"7811JN",95,"E",""
"7811JN",96,"P",""
"7811JN",97,"E",""
"7811JN",96,"J",""
"7811JN",101,"B",""
"7811JN",93,"",""
"7811JN",95,"F",""
"7811JN",101,"D",""
"7811JN",95,"C",""
"7811JN",101,"J",""
"7811JN",101,"",""
"7811JN",95,"F",""
"7811JN",97,"F",""
"7811JN",94,"E",""
"7811JN",95,"D",""
"7811JN",101,"",""
"7811JN",97,"A",""
"7811JN",101,"H",""
"7811JN",101,"E",""
"7811JN",101,"G",""
"7811JN",96,"F",""
"7811JN",96,"G",""
"7811JN",97,"D",""
"7811JN",94,"M",""
"7811JN",94,"L",""
"7811JN",101,"A",""
"7811JN",96,"E",""
"7811JN",96,"D",""
"7811JN",94,"A",""
"7811JN",94,"G",""
"7811JN",96,"G",""
"7811JN",94,"F",""
"7811JN",101,"D",""
"7811JN",96,"H",""
"7811JN",101,"J",""
"7811JN",96,"N",""
"7811JN",96,"B",""
"7811JN",103,"C",""
"7811JN",94,"D",""
"7811JN",103,"D",""
"7811JN",95,"D",""
"7811JN",95,"B",""
"7811JN",103,"",""
"7811JN",96,"K",""
"7811JN",101,"F",""
"7811JN",96,"G",""
"7811JN",96,"K",""
"7811JN",97,"A",""
"7811JN",101,"",""
"7811JN",94,"M",""
"7811JN",94,"R",""
"7811JN",103,"H",""
"7811JN",94,"K",""
"7811JN",103,"G",""
"7811JN",103,"C",""
"7811JN",95,"C",""
"7811JN",95,"G",""
"7811JN",94,"E",""
"7811JN",96,"J",""
"7811JN",94,"G",""
"7811JN",95,"R",""
"7811JN",96,"A",""
"7811JN",95,"L",""
"7811JN",95,"A",""
"7811JN",95,"K",""
"7811JN",94,"N",""
"7811JN",95,"H",""
"7811JN",96,"L",""
"7811JN",94,"C",""
"7811JN",93,"A",""
"7811JN",96,"F",""
"7811JN",95,"L",""
"7811JN",96,"B",""
"7811JN",95,"P",""
"7811JN",95,"K",""
"7811JN",95,"H",""
"7811JN",94,"P",""
"7811JN",94,"P",""
"7811JN",94,"K",""
"7811JN",97,"C",""
"7811JN",101,"K",""
"7811JN",94,"J",""
"7811JN",103,"J",""
"7811JN",94,"R",""
"7811JN",94,"N",""
"7811JN",103,"E",""
"7811JN",94,"H",""
"7811JN",95,"J",""
"7811JN",95,"J",""
"7811JN",95,"J",""
"7811JN",94,"L",""
"7811JN",103,"F",""
"7811JN",95,"G",""
"7811JN",96,"C",""
"7811JN",96,"D",""
"7811JN",95,"A",""
"7811JN",95,"B",""
"7811JN",95,"M",""
"7811JN",95,"B",""
"7811JN",95,"L",""
"7811JN",95,"A",""
"7811JN",94,"B",""
"7811JN",103,"",""
"7811JN",95,"G",""
"7811JN",95,"H",""
"7811JN",95,"K",""
"7811JN",95,"L",""
"7811JN",95,"J",""
"7811JN",95,"N",""
"7811JN",95,"B",""
"7811JN",103,"K",""
"7811JN",94,"B",""
"7811JN",94,"C",""
"7811JN",95,"A",""
"7811JN",94,"J",""
"7811JN",94,"A",""
"7811JP",110,"",""
"7811JP",110,"",""
"7811JP",108,"",""
"7811JP",109,"",""
"7811JP",104,"",""
"7811JP",104,"","TR"
"7811JP",109,"B",""
"7811JP",109,"C",""
"7811JP",110,"",""
"7811JP",101,"",""
"7811JP",109,"B",""
"7811JP",105,"",""
"7811JP",103,"",""
"7811JP",110,"",""
"7811JP",106,"",""
"7811JP",109,"A",""
"7811JP",109,"A",""
"7811JP",109,"C",""
"7811JP",7923,"","0"
"7811JP",109,"A",""
"7811JP",104,"","TR"
"7811JP",107,"",""
"7811JP",109,"",""
"7811JR",113,"",""
"7811JR",79,"",""
"7811JR",115,"",""
"7811JR",51,"",""
"7811JR",45,"",""
"7811JR",3,"",""
"7811JR",71,"",""
"7811JR",9,"",""
"7811JR",1,"",""
"7811JR",105,"",""
"7811JR",41,"",""
"7811JR",69,"",""
"7811JR",65,"",""
"7811JR",15,"",""
"7811JR",59,"",""
"7811JR",19,"",""
"7811JR",10,"",""
"7811JR",31,"",""
"7811JR",27,"",""
"7811JR",5,"",""
"7811JR",43,"",""
"7811JR",67,"",""
"7811JR",61,"",""
"7811JR",8,"",""
"7811JR",8,"",""
"7811JR",11,"",""
"7811JR",13,"",""
"7811JR",121,"",""
"7811JR",7,"",""
"7811JR",37,"",""
"7811JR",123,"",""
"7811JR",17,"",""
"7811JR",18,"",""
"7811JR",10,"",""
"7811JR",63,"",""
"7811JR",125,"",""
"7811JR",109,"",""
"7811JR",20,"",""
"7811JR",55,"",""
"7811JR",127,"",""
"7811JR",39,"",""
"7811JR",117,"",""
"7811JR",29,"",""
"7811JR",25,"",""
"7811JR",111,"",""
"7811JR",21,"",""
"7811JR",49,"",""
"7811JR",103,"",""
"7811JR",119,"",""
"7811JR",107,"",""
"7811JR",35,"",""
"7811JR",23,"",""
"7811JR",81,"",""
"7811JR",57,"",""
"7811JR",77,"",""
"7811JR",73,"",""
"7811JR",47,"",""
"7811JR",53,"",""
"7811JR",33,"",""
"7811JR",75,"",""
"7811JR",101,"",""
"7811JR",83,"",""
"7811JS",1,"G",""
"7811JS",1,"H",""
"7811JS",1,"W",""
"7811JS",9,"A",""
"7811JS",1,"W",""
"7811JS",1,"G",""
"7811JS",1,"X",""
"7811JS",1,"V",""
"7811JS",1,"W",""
"7811JS",2,"E",""
"7811JS",1,"K",""
"7811JS",1,"V",""
"7811JS",2,"F",""
"7811JS",7,"A",""
"7811JS",7,"C",""
"7811JS",7,"D",""
"7811JS",1,"S",""
"7811JS",1,"X",""
"7811JS",1,"T",""
"7811JS",2,"C",""
"7811JS",2,"A",""
"7811JS",13,"B",""
"7811JS",1,"V",""
"7811JS",1,"J",""
"7811JS",7,"B",""
"7811JS",1,"F",""
"7811JS",1,"M",""
"7811JS",5,"F",""
"7811JS",3,"A",""
"7811JS",5,"E",""
"7811JS",13,"C",""
"7811JS",1,"T",""
"7811JS",1,"M",""
"7811JS",2,"L",""
"7811JS",1,"U",""
"7811JS",2,"G",""
"7811JS",2,"D",""
"7811JS",7,"B",""
"7811JS",5,"C",""
"7811JS",1,"S",""
"7811JS",5,"C",""
"7811JS",11,"B",""
"7811JS",9,"C",""
"7811JS",2,"M",""
"7811JS",2,"J",""
"7811JS",1,"J",""
"7811JS",1,"N",""
"7811JS",1,"K",""
"7811JS",1,"H",""
"7811JS",7,"A",""
"7811JS",5,"D",""
"7811JS",5,"D",""
"7811JS",13,"B",""
"7811JS",11,"A",""
"7811JS",1,"P",""
"7811JS",7,"D",""
"7811JS",1,"E",""
"7811JS",2,"B",""
"7811JS",1,"L",""
"7811JS",5,"E",""
"7811JS",1,"U",""
"7811JS",1,"E",""
"7811JS",1,"R",""
"7811JS",9,"A",""
"7811JS",1,"F",""
"7811JS",10,"",""
"7811JS",5,"B",""
"7811JS",2,"H",""
"7811JS",5,"F",""
"7811JS",7,"D",""
"7811JS",1,"R",""
"7811JS",1,"C",""
"7811JS",3,"B",""
"7811JS",14,"",""
"7811JS",1,"D",""
"7811JS",9,"A",""
"7811JS",3,"D",""
"7811JS",1,"L",""
"7811JS",9,"E",""
"7811JS",7,"C",""
"7811JS",1,"B",""
"7811JS",1,"C",""
"7811JS",1,"D",""
"7811JS",5,"A",""
"7811JS",9,"F",""
"7811JS",13,"D",""
"7811JS",1,"",""
"7811JS",1,"N",""
"7811JS",1,"A",""
"7811JS",1,"B",""
"7811JS",1,"U",""
"7811JS",13,"A",""
"7811JS",9,"F",""
"7811JS",9,"C",""
"7811JS",13,"D",""
"7811JS",13,"C",""
"7811JS",2,"K",""
"7811JS",9,"B",""
"7811JS",1,"A",""
"7811JS",5,"B",""
"7811JS",5,"C",""
"7811JS",5,"A",""
"7811JS",1,"X",""
"7811JS",3,"C",""
"7811JS",12,"",""
"7811JS",13,"A",""
"7811JS",1,"P",""
"7811JS",9,"B",""
"7811JS",1,"",""
"7811JS",9,"D",""
"7811JS",5,"C",""
"7811JT",25,"",""
"7811JT",19,"",""
"7811JT",21,"",""
"7811JT",23,"",""
"7811JT",27,"",""
"7811JT",29,"",""
"7811JX",4,"C",""
"7811JX",18,"",""
"7811JX",4,"C",""
"7811JX",8,"",""
"7811JX",4,"C",""
"7811JX",4,"A",""
"7811JX",4,"",""
"7811JX",4,"A",""
"7811JX",4,"",""
"7811JX",4,"B",""
"7811JX",8,"",""
"7811JX",8,"",""
"7811JX",4,"B",""
"7811JZ",20,"",""
"7811JZ",66,"",""
"7811JZ",47,"",""
"7811JZ",29,"",""
"7811JZ",67,"",""
"7811JZ",42,"",""
"7811JZ",41,"",""
"7811JZ",37,"",""
"7811JZ",65,"",""
"7811JZ",45,"",""
"7811JZ",38,"",""
"7811JZ",35,"",""
"7811JZ",40,"",""
"7811JZ",28,"E",""
"7811JZ",57,"",""
"7811JZ",62,"",""
"7811JZ",55,"",""
"7811JZ",24,"",""
"7811JZ",34,"",""
"7811JZ",60,"B",""
"7811JZ",30,"",""
"7811JZ",49,"",""
"7811JZ",22,"",""
"7811JZ",50,"",""
"7811JZ",51,"",""
"7811JZ",54,"",""
"7811JZ",27,"",""
"7811JZ",63,"",""
"7811JZ",61,"",""
"7811JZ",60,"A",""
"7811JZ",31,"",""
"7811JZ",26,"",""
"7811JZ",23,"",""
"7811JZ",50,"",""
"7811JZ",36,"",""
"7811JZ",43,"",""
"7811JZ",28,"B",""
"7811JZ",64,"",""
"7811JZ",39,"",""
"7811JZ",28,"A",""
"7811JZ",28,"D",""
"7811JZ",48,"",""
"7811JZ",60,"C",""
"7811JZ",60,"E",""
"7811JZ",56,"",""
"7811JZ",53,"",""
"7811JZ",46,"",""
"7811JZ",28,"C",""
"7811JZ",25,"",""
"7811JZ",60,"D",""
"7811JZ",44,"",""
"7811JZ",33,"",""
"7811JZ",59,"",""
"7811JZ",32,"",""
"7811JZ",52,"",""
"7811KB",8,"",""
"7811KB",7,"A",""
"7811KB",5,"",""
"7811KB",8,"A",""
"7811KB",9,"A",""
"7811KB",5,"A",""
"7811KB",11,"",""
"7811KB",6,"A",""
"7811KB",7,"",""
"7811KB",5,"A",""
"7811KB",11,"",""
"7811KB",5,"",""
"7811KB",6,"",""
"7811KB",9,"",""
"7811KC",17,"",""
"7811KC",21,"",""
"7811KC",13,"",""
"7811KC",15,"",""
"7811KC",19,"",""
"7811KC",25,"",""
"7811KC",11,"",""
"7811KC",27,"",""
"7811KD",2,"A",""
"7811KD",12,"",""
"7811KD",10,"",""
"7811KD",4,"",""
"7811KD",2,"",""
"7811KH",11,"",""
"7811KH",9,"",""
"7811KH",7,"",""
"7811KH",13,"",""
"7811KH",17,"",""
"7811KH",11,"",""
"7811KH",11,"",""
"7811KH",17,"",""
"7811KH",15,"",""
"7811KH",11,"",""
"7811KH",11,"",""
"7811KJ",38,"",""
"7811KJ",6,"",""
"7811KJ",34,"",""
"7811KJ",28,"",""
"7811KJ",30,"",""
"7811KJ",40,"",""
"7811KJ",8,"",""
"7811KJ",6,"",""
"7811KJ",24,"",""
"7811KJ",36,"",""
"7811KJ",22,"",""
"7811KJ",32,"",""
"7811KJ",8,"",""
"7811KJ",26,"",""
"7811KK",50,"",""
"7811KK",52,"",""
"7811KK",50,"",""
"7811KK",52,"",""
"7811KK",48,"",""
"7811KK",61,"",""
"7811KK",64,"",""
"7811KK",62,"",""
"7811KK",60,"",""
"7811KK",60,"",""
"7811KK",48,"",""
"7811KK",46,"",""
"7811KK",60,"",""
"7811KK",62,"",""
"7811KK",46,"",""
"7811KK",54,"",""
"7811KK",66,"",""
"7811KK",58,"",""
"7811KK",54,"",""
"7811KK",63,"",""
"7811KK",62,"",""
"7811KK",66,"",""
"7811KK",55,"",""
"7811KK",64,"",""
"7811KK",65,"",""
"7811KK",65,"",""
"7811KK",56,"",""
"7811KK",60,"",""
"7811KK",66,"",""
"7811KK",68,"",""
"7811KK",44,"",""
"7811KK",57,"",""
"7811KK",42,"",""
"7811KK",42,"",""
"7811KK",58,"",""
"7811KK",62,"",""
"7811KK",60,"",""
"7811KK",59,"",""
"7811KK",56,"",""
"7811KK",44,"",""
"7811KM",56,"",""
"7811KM",46,"",""
"7811KM",48,"",""
"7811KM",40,"",""
"7811KM",36,"",""
"7811KM",42,"",""
"7811KM",50,"",""
"7811KM",24,"",""
"7811KM",34,"",""
"7811KM",32,"",""
"7811KM",52,"",""
"7811KM",26,"",""
"7811KM",64,"",""
"7811KM",54,"",""
"7811KM",62,"",""
"7811KM",24,"",""
"7811KM",28,"",""
"7811KM",38,"",""
"7811KM",44,"",""
"7811KM",58,"",""
"7811KM",40,"",""
"7811KM",42,"",""
"7811KM",14,"",""
"7811KM",12,"",""
"7811KM",4,"",""
"7811KM",60,"",""
"7811KM",4,"",""
"7811KM",8,"",""
"7811KM",2,"",""
"7811KM",18,"",""
"7811KM",24,"",""
"7811KM",2,"",""
"7811KM",4,"",""
"7811KM",6,"",""
"7811KM",30,"",""
"7811KM",16,"",""
"7811KM",22,"",""
"7811KM",4,"",""
"7811KM",20,"",""
"7811KM",2,"",""
"7811KM",2,"",""
"7811KM",10,"",""
"7811KN",1,"",""
"7811KP",434,"",""
"7811KP",402,"",""
"7811KP",400,"",""
"7811KP",430,"",""
"7811KP",432,"",""
"7811KP",414,"",""
"7811KP",428,"",""
"7811KP",436,"",""
"7811KP",416,"",""
"7811KP",424,"",""
"7811KP",408,"",""
"7811KP",420,"",""
"7811KP",406,"",""
"7811KP",422,"",""
"7811KP",404,"",""
"7811KP",438,"",""
"7811KP",412,"",""
"7811KP",418,"",""
"7811KP",426,"",""
"7811KP",410,"",""
"7811KR",442,"",""
"7811KR",452,"",""
"7811KR",458,"",""
"7811KR",456,"",""
"7811KR",468,"",""
"7811KR",474,"",""
"7811KR",476,"",""
"7811KR",478,"",""
"7811KR",450,"",""
"7811KR",454,"",""
"7811KR",448,"",""
"7811KR",440,"",""
"7811KR",444,"",""
"7811KR",472,"",""
"7811KR",460,"",""
"7811KR",462,"",""
"7811KR",466,"",""
"7811KR",470,"",""
"7811KR",464,"",""
"7811KR",446,"",""
"7811KS",205,"",""
"7811KS",181,"",""
"7811KS",197,"",""
"7811KS",185,"",""
"7811KS",209,"",""
"7811KS",203,"",""
"7811KS",245,"",""
"7811KS",183,"",""
"7811KS",213,"",""
"7811KS",187,"",""
"7811KS",177,"",""
"7811KS",249,"",""
"7811KS",229,"",""
"7811KS",207,"",""
"7811KS",247,"",""
"7811KS",175,"",""
"7811KS",231,"",""
"7811KS",217,"",""
"7811KS",193,"",""
"7811KS",189,"",""
"7811KS",241,"",""
"7811KS",243,"",""
"7811KS",219,"",""
"7811KS",221,"",""
"7811KS",243,"",""
"7811KS",245,"",""
"7811KS",211,"",""
"7811KS",179,"",""
"7811KS",215,"",""
"7811KS",247,"",""
"7811KS",233,"",""
"7811KS",237,"",""
"7811KS",199,"",""
"7811KS",239,"",""
"7811KS",237,"",""
"7811KS",191,"",""
"7811KS",195,"",""
"7811KS",241,"",""
"7811KS",201,"",""
"7811KS",233,"",""
"7811KS",235,"",""
"7811KS",231,"",""
"7811KS",241,"",""
"7811KS",237,"",""
"7811KS",249,"",""
"7811KS",231,"",""
"7811KS",239,"",""
"7811KS",235,"",""
"7811KS",231,"",""
"7811KS",229,"",""
"7811KS",237,"",""
"7811KT",113,"",""
"7811KT",119,"",""
"7811KT",139,"",""
"7811KT",127,"",""
"7811KT",123,"",""
"7811KT",111,"",""
"7811KT",145,"",""
"7811KT",135,"",""
"7811KT",125,"",""
"7811KT",129,"",""
"7811KT",163,"",""
"7811KT",131,"",""
"7811KT",143,"",""
"7811KT",121,"",""
"7811KT",115,"",""
"7811KT",157,"",""
"7811KT",171,"",""
"7811KT",151,"",""
"7811KT",155,"",""
"7811KT",149,"",""
"7811KT",147,"",""
"7811KT",137,"",""
"7811KT",109,"",""
"7811KT",107,"",""
"7811KT",105,"",""
"7811KT",141,"",""
"7811KT",169,"",""
"7811KT",165,"",""
"7811KT",167,"",""
"7811KT",133,"",""
"7811KT",153,"",""
"7811KT",161,"",""
"7811KT",117,"",""
"7811KT",159,"",""
"7811KW",284,"",""
"7811KW",306,"",""
"7811KW",252,"",""
"7811KW",248,"",""
"7811KW",310,"",""
"7811KW",312,"",""
"7811KW",294,"",""
"7811KW",254,"",""
"7811KW",260,"",""
"7811KW",250,"",""
"7811KW",286,"",""
"7811KW",308,"",""
"7811KW",278,"",""
"7811KW",266,"",""
"7811KW",280,"",""
"7811KW",314,"",""
"7811KW",256,"",""
"7811KW",276,"",""
"7811KW",288,"",""
"7811KW",282,"",""
"7811KW",268,"",""
"7811KW",258,"",""
"7811KW",304,"",""
"7811KW",290,"",""
"7811KW",274,"",""
"7811KW",296,"",""
"7811KW",268,"",""
"7811KW",298,"",""
"7811KW",266,"",""
"7811KW",302,"",""
"7811KW",270,"",""
"7811KW",246,"",""
"7811KW",292,"",""
"7811KW",264,"",""
"7811KW",262,"",""
"7811KW",300,"",""
"7811KW",272,"",""
"7811KX",336,"",""
"7811KX",360,"",""
"7811KX",334,"",""
"7811KX",340,"",""
"7811KX",320,"",""
"7811KX",394,"",""
"7811KX",358,"",""
"7811KX",364,"",""
"7811KX",372,"",""
"7811KX",354,"",""
"7811KX",366,"",""
"7811KX",378,"",""
"7811KX",356,"",""
"7811KX",368,"",""
"7811KX",316,"",""
"7811KX",330,"",""
"7811KX",362,"",""
"7811KX",382,"",""
"7811KX",384,"",""
"7811KX",376,"",""
"7811KX",338,"",""
"7811KX",370,"",""
"7811KX",332,"",""
"7811KX",374,"",""
"7811KX",344,"",""
"7811KX",328,"",""
"7811KX",324,"",""
"7811KX",350,"",""
"7811KX",396,"",""
"7811KX",326,"",""
"7811KX",390,"",""
"7811KX",348,"",""
"7811KX",380,"",""
"7811KX",388,"",""
"7811KX",346,"",""
"7811KX",318,"",""
"7811KX",342,"",""
"7811KX",386,"",""
"7811KX",322,"",""
"7811KX",392,"",""
"7811KX",352,"",""
"7811KX",398,"",""
"7811LA",33,"",""
"7811LA",33,"",""
"7811LA",15,"",""
"7811LA",11,"",""
"7811LA",7,"",""
"7811LA",25,"",""
"7811LA",33,"",""
"7811LA",5,"",""
"7811LA",9,"",""
"7811LA",33,"",""
"7811LA",29,"",""
"7811LA",33,"",""
"7811LA",17,"",""
"7811LA",13,"",""
"7811LA",27,"",""
"7811MA",1,"",""
"7811MA",6,"",""
"7811MA",5,"",""
"7811MA",3,"",""
"7811MA",6,"",""
"7811MA",4,"",""
"7811MA",4,"",""
"7811MA",7,"",""
"7811MA",2,"",""
"7811MA",7,"",""
"7811MA",4,"",""
"7811MA",8,"",""
"7811MA",8,"",""
"7811MA",5,"",""
"7811MB",32,"",""
"7811MB",19,"",""
"7811MB",15,"",""
"7811MB",9,"",""
"7811MB",26,"",""
"7811MB",23,"",""
"7811MB",30,"",""
"7811MB",14,"",""
"7811MB",13,"",""
"7811MB",22,"",""
"7811MB",29,"",""
"7811MB",28,"",""
"7811MB",31,"",""
"7811MB",10,"",""
"7811MB",11,"",""
"7811MB",16,"",""
"7811MB",18,"",""
"7811MB",12,"",""
"7811MB",27,"",""
"7811MB",20,"",""
"7811MB",24,"",""
"7811MB",25,"",""
"7811MB",17,"",""
"7811MB",21,"",""
"7811ME",54,"B",""
"7811ME",52,"A",""
"7811ME",54,"A",""
"7811ME",52,"A",""
"7811ME",50,"",""
"7811ME",70,"",""
"7811ME",52,"",""
"7811ME",54,"C",""
"7811ME",54,"",""
"7811ME",70,"",""
"7811ME",68,"",""
"7811ME",54,"C",""
"7811ME",52,"A",""
"7811ME",52,"",""
"7811ME",54,"",""
"7811ME",68,"",""
"7811ME",54,"",""
"7811ME",60,"",""
"7811ME",54,"",""
"7811ME",60,"",""
"7811ME",54,"C",""
"7811ME",54,"",""
"7811ME",54,"A",""
"7811ME",50,"",""
"7811ME",54,"",""
"7811ME",54,"A",""
"7811ME",54,"",""
"7811ME",54,"B",""
"7811ME",68,"",""
"7811ME",54,"B",""
"7811MG",105,"",""
"7811MG",103,"",""
"7811MG",126,"",""
"7811MG",124,"",""
"7811MG",101,"B",""
"7811MG",106,"",""
"7811MG",121,"",""
"7811MG",106,"","TR"
"7811MG",111,"",""
"7811MG",125,"",""
"7811MG",92,"",""
"7811MG",114,"",""
"7811MG",101,"B",""
"7811MG",104,"",""
"7811MG",103,"",""
"7811MG",116,"",""
"7811MG",123,"",""
"7811MG",127,"",""
"7811MG",117,"",""
"7811MG",112,"",""
"7811MG",129,"",""
"7811MG",115,"",""
"7811MG",108,"",""
"7811MG",109,"",""
"7811MG",105,"",""
"7811MG",113,"",""
"7811MG",102,"",""
"7811MG",122,"",""
"7811MG",128,"",""
"7811MG",118,"",""
"7811MG",107,"",""
"7811MG",120,"",""
"7811MG",90,"",""
"7811MG",101,"A",""
"7811MG",110,"",""
"7811MG",119,"",""
"7811MG",90,"",""
"7811MG",101,"A",""
"7811MG",130,"",""
"7811MG",101,"",""
"7811MH",7935,"","8"
"7811MH",135,"",""
"7811MH",131,"",""
"7811MH",133,"",""
"7811MH",136,"",""
"7811MH",132,"",""
"7811MH",134,"",""
"7811MV",130,"",""
"7811MV",135,"",""
"7811MV",112,"",""
"7811MV",156,"",""
"7811MV",179,"",""
"7811MV",158,"",""
"7811MV",128,"",""
"7811MV",131,"",""
"7811MV",127,"",""
"7811MV",178,"",""
"7811MV",117,"",""
"7811MV",167,"",""
"7811MV",133,"",""
"7811MV",154,"",""
"7811MV",163,"",""
"7811MV",110,"",""
"7811MV",171,"",""
"7811MV",183,"",""
"7811MV",175,"",""
"7811MV",161,"",""
"7811MV",205,"",""
"7811MV",129,"",""
"7811MV",109,"",""
"7811MV",212,"",""
"7811MV",123,"",""
"7811MV",148,"",""
"7811MV",115,"",""
"7811MV",174,"",""
"7811MV",121,"",""
"7811MV",148,"",""
"7811MV",150,"",""
"7811MV",152,"",""
"7811MV",176,"",""
"7811MV",180,"",""
"7811MV",169,"",""
"7811MV",160,"",""
"7811MV",124,"",""
"7811MV",122,"",""
"7811MV",136,"",""
"7811MV",221,"",""
"7811MV",211,"",""
"7811MV",210,"",""
"7811MV",125,"",""
"7811MV",162,"",""
"7811MV",120,"",""
"7811MV",108,"",""
"7811MV",137,"",""
"7811MV",126,"",""
"7811MV",166,"",""
"7811MV",170,"",""
"7811MV",119,"",""
"7811MV",164,"",""
"7811MV",118,"",""
"7811MV",212,"",""
"7811MV",173,"",""
"7811MV",202,"",""
"7811MV",168,"",""
"7811MV",116,"",""
"7811MV",204,"",""
"7811MV",140,"",""
"7811MV",111,"",""
"7811MV",177,"",""
"7811MV",165,"",""
"7811MV",181,"",""
"7811MV",182,"",""
"7811MV",203,"",""
"7811MV",132,"",""
"7811MV",134,"",""
"7811MV",220,"",""
"7811MV",172,"",""
"7811MV",201,"",""
"7811MV",113,"",""
"7811MV",114,"",""
"7811MV",138,"",""
"7811MV",139,"",""
"7811MZ",220,"",""
"7811MZ",220,"C",""
"7811MZ",248,"",""
"7811MZ",212,"",""
"7811MZ",250,"",""
"7811MZ",203,"",""
"7811MZ",220,"",""
"7811MZ",221,"",""
"7811MZ",220,"A",""
"7811MZ",212,"",""
"7811MZ",205,"",""
"7811MZ",248,"",""
"7811MZ",220,"",""
"7811MZ",214,"",""
"7811MZ",206,"",""
"7811MZ",210,"",""
"7811MZ",222,"",""
"7811MZ",212,"",""
"7811MZ",208,"",""
"7811MZ",220,"B",""
"7811MZ",206,"",""
"7811MZ",222,"",""
"7811MZ",208,"",""
"7811MZ",208,"",""
"7811MZ",211,"",""
"7811MZ",214,"",""
"7811MZ",220,"D",""
"7811MZ",201,"",""
"7811MZ",202,"",""
"7811MZ",208,"",""
"7811MZ",202,"",""
"7811MZ",204,"",""
"7811MZ",250,"",""
"7811MZ",205,"",""
"7811MZ",212,"",""
"7811MZ",204,"",""
"7811MZ",210,"",""
"7811MZ",202,"",""
"7811MZ",204,"",""
"7811NA",111,"",""
"7811NA",93,"",""
"7811NA",121,"",""
"7811NA",91,"",""
"7811NA",85,"",""
"7811NA",101,"",""
"7811NA",115,"",""
"7811NA",127,"",""
"7811NA",139,"",""
"7811NA",133,"",""
"7811NA",109,"",""
"7811NA",101,"",""
"7811NA",137,"",""
"7811NA",113,"",""
"7811NA",89,"",""
"7811NA",75,"",""
"7811NA",83,"",""
"7811NA",87,"",""
"7811NA",99,"",""
"7811NA",97,"",""
"7811NA",81,"",""
"7811NA",141,"",""
"7811NA",107,"",""
"7811NA",167,"",""
"7811NA",153,"",""
"7811NA",103,"",""
"7811NA",135,"",""
"7811NA",125,"",""
"7811NA",117,"",""
"7811NA",147,"",""
"7811NA",123,"",""
"7811NA",143,"",""
"7811NA",169,"",""
"7811NA",131,"",""
"7811NA",149,"",""
"7811NA",79,"",""
"7811NA",129,"",""
"7811NA",105,"",""
"7811NA",171,"",""
"7811NA",165,"",""
"7811NA",155,"",""
"7811NA",77,"",""
"7811NA",119,"",""
"7811NA",151,"",""
"7811NA",95,"",""
"7811NA",101,"",""
"7811NA",163,"",""
"7811NA",143,"",""
"7811NA",159,"",""
"7811NA",145,"",""
"7811NA",161,"",""
"7811NA",157,"",""
"7811RA",12,"",""
"7811RA",4,"",""
"7811RA",8,"",""
"7811RA",6,"",""
"7811RA",2,"",""
"7811RA",10,"",""
"7811RB",34,"",""
"7811RB",52,"",""
"7811RB",30,"",""
"7811RB",38,"",""
"7811RB",26,"",""
"7811RB",54,"",""
"7811RB",18,"",""
"7811RB",22,"",""
"7811RB",44,"",""
"7811RB",46,"",""
"7811RB",24,"",""
"7811RB",40,"",""
"7811RB",20,"",""
"7811RB",58,"",""
"7811RB",32,"",""
"7811RB",48,"",""
"7811RB",36,"",""
"7811RB",56,"",""
"7811RB",60,"",""
"7811RB",42,"",""
"7811RB",28,"",""
"7811RB",50,"",""
"7811RC",76,"",""
"7811RC",112,"",""
"7811RC",82,"",""
"7811RC",78,"",""
"7811RC",110,"",""
"7811RC",100,"",""
"7811RC",86,"",""
"7811RC",66,"",""
"7811RC",84,"",""
"7811RC",92,"",""
"7811RC",114,"",""
"7811RC",94,"",""
"7811RC",74,"",""
"7811RC",64,"",""
"7811RC",106,"",""
"7811RC",62,"",""
"7811RC",88,"",""
"7811RC",90,"",""
"7811RC",108,"",""
"7811RC",96,"",""
"7811RC",80,"",""
"7811RC",70,"",""
"7811RC",68,"",""
"7811RC",102,"",""
"7811RC",98,"",""
"7811RC",72,"",""
"7811RC",104,"",""
"7811RD",162,"",""
"7811RD",152,"",""
"7811RD",118,"",""
"7811RD",132,"",""
"7811RD",128,"",""
"7811RD",144,"",""
"7811RD",154,"",""
"7811RD",150,"",""
"7811RD",148,"",""
"7811RD",136,"",""
"7811RD",158,"",""
"7811RD",126,"",""
"7811RD",142,"",""
"7811RD",134,"",""
"7811RD",146,"",""
"7811RD",138,"",""
"7811RD",116,"","TR"
"7811RD",156,"",""
"7811RD",130,"",""
"7811RD",160,"",""
"7811RD",116,"",""
"7811RD",122,"",""
"7811RD",124,"",""
"7811RD",120,"",""
"7811RD",140,"",""
"7811RE",178,"",""
"7811RE",190,"",""
"7811RE",170,"",""
"7811RE",166,"",""
"7811RE",180,"",""
"7811RE",182,"",""
"7811RE",196,"",""
"7811RE",176,"",""
"7811RE",186,"",""
"7811RE",198,"",""
"7811RE",204,"",""
"7811RE",212,"",""
"7811RE",164,"",""
"7811RE",188,"",""
"7811RE",194,"",""
"7811RE",172,"",""
"7811RE",200,"",""
"7811RE",184,"",""
"7811RE",174,"",""
"7811RE",206,"",""
"7811RE",210,"",""
"7811RE",208,"",""
"7811RE",214,"",""
"7811RE",202,"",""
"7811RE",192,"",""
"7811RE",168,"",""
"7811RG",21,"",""
"7811RG",11,"",""
"7811RG",13,"",""
"7811RG",49,"",""
"7811RG",27,"",""
"7811RG",23,"",""
"7811RG",17,"",""
"7811RG",33,"",""
"7811RG",43,"",""
"7811RG",31,"",""
"7811RG",19,"",""
"7811RG",51,"",""
"7811RG",15,"",""
"7811RG",37,"",""
"7811RG",47,"",""
"7811RG",39,"",""
"7811RG",45,"",""
"7811RG",53,"",""
"7811RG",29,"",""
"7811RG",5,"",""
"7811RG",41,"",""
"7811RG",25,"",""
"7811RG",35,"",""
"7811RG",1,"",""
"7811RG",3,"",""
"7811RG",7,"",""
"7811RG",9,"",""
"7811RH",89,"",""
"7811RH",57,"",""
"7811RH",81,"",""
"7811RH",85,"",""
"7811RH",65,"",""
"7811RH",87,"",""
"7811RH",79,"",""
"7811RH",63,"",""
"7811RH",83,"",""
"7811RH",61,"",""
"7811RH",55,"",""
"7811RH",77,"",""
"7811RH",97,"",""
"7811RH",73,"",""
"7811RH",91,"",""
"7811RH",95,"",""
"7811RH",75,"",""
"7811RH",93,"",""
"7811RH",69,"",""
"7811RH",71,"",""
"7811RH",59,"",""
"7811RH",67,"",""
"7811RH",99,"",""
"7811RH",101,"",""
"7811RJ",147,"",""
"7811RJ",137,"",""
"7811RJ",143,"",""
"7811RJ",147,"",""
"7811RJ",121,"",""
"7811RJ",129,"",""
"7811RJ",145,"",""
"7811RJ",141,"",""
"7811RJ",113,"",""
"7811RJ",131,"",""
"7811RJ",105,"",""
"7811RJ",103,"",""
"7811RJ",115,"",""
"7811RJ",123,"",""
"7811RJ",111,"",""
"7811RJ",125,"",""
"7811RJ",107,"",""
"7811RJ",119,"",""
"7811RJ",135,"",""
"7811RJ",139,"",""
"7811RJ",127,"",""
"7811RJ",149,"",""
"7811RJ",109,"",""
"7811RJ",117,"",""
"7811RJ",133,"",""
"7811XL",31,"",""
"7811XL",83,"",""
"7811XL",77,"",""
"7811XL",67,"",""
"7811XL",33,"",""
"7811XL",11,"",""
"7811XL",63,"",""
"7811XL",73,"",""
"7811XL",81,"",""
"7811XL",1,"",""
"7811XL",79,"",""
"7811XL",65,"",""
"7811XL",29,"",""
"7811XL",37,"",""
"7811XL",69,"",""
"7811XL",75,"",""
"7811XL",35,"",""
"7811XL",39,"",""
"7811XL",53,"",""
"7811XL",5,"",""
"7811XL",71,"",""
"7811XL",61,"",""
"7811XL",23,"",""
"7811XL",3,"",""
"7811XL",25,"",""
"7811XL",49,"",""
"7811XL",19,"",""
"7811XL",85,"",""
"7811XL",9,"",""
"7811XL",45,"",""
"7811XL",47,"",""
"7811XL",21,"",""
"7811XL",17,"",""
"7811XL",41,"",""
"7811XL",7,"",""
"7811XL",43,"",""
"7811XL",15,"",""
"7811XL",13,"",""
"7811XL",57,"",""
"7811XL",87,"",""
"7811XL",59,"",""
"7811XL",27,"",""
"7811XL",51,"",""
"7811XL",55,"",""
"7811XM",141,"",""
"7811XM",89,"",""
"7811XM",133,"",""
"7811XM",125,"",""
"7811XM",121,"",""
"7811XM",129,"",""
"7811XM",127,"",""
"7811XM",147,"",""
"7811XM",155,"",""
"7811XM",131,"",""
"7811XM",123,"",""
"7811XM",119,"",""
"7811XM",91,"",""
"7811XM",157,"",""
"7811XM",137,"",""
"7811XM",95,"",""
"7811XM",97,"",""
"7811XM",153,"",""
"7811XM",139,"",""
"7811XM",105,"",""
"7811XM",93,"",""
"7811XM",145,"",""
"7811XM",113,"",""
"7811XM",151,"",""
"7811XM",117,"",""
"7811XM",99,"",""
"7811XM",149,"",""
"7811XM",143,"",""
"7811XM",111,"",""
"7811XM",107,"",""
"7811XM",135,"",""
"7811XM",109,"",""
"7811XM",103,"",""
"7811XM",101,"",""
"7811XM",115,"",""
"7811XT",118,"",""
"7811XT",134,"",""
"7811XT",106,"",""
"7811XT",130,"",""
"7811XT",112,"",""
"7811XT",74,"",""
"7811XT",122,"",""
"7811XT",82,"",""
"7811XT",78,"",""
"7811XT",114,"",""
"7811XT",116,"",""
"7811XT",126,"",""
"7811XT",96,"",""
"7811XT",76,"",""
"7811XT",102,"",""
"7811XT",84,"",""
"7811XT",86,"",""
"7811XT",94,"",""
"7811XT",98,"",""
"7811XT",90,"",""
"7811XT",92,"",""
"7811XT",108,"",""
"7811XT",124,"",""
"7811XT",100,"",""
"7811XT",88,"",""
"7811XT",132,"",""
"7811XT",110,"",""
"7811XT",104,"",""
"7811XT",80,"",""
"7811XT",128,"",""
"7811XT",120,"",""
"7811XV",164,"",""
"7811XV",146,"",""
"7811XV",136,"",""
"7811XV",150,"",""
"7811XV",170,"",""
"7811XV",168,"",""
"7811XV",160,"",""
"7811XV",156,"",""
"7811XV",140,"",""
"7811XV",154,"",""
"7811XV",148,"",""
"7811XV",180,"",""
"7811XV",138,"",""
"7811XV",144,"",""
"7811XV",178,"",""
"7811XV",182,"",""
"7811XV",174,"",""
"7811XV",148,"",""
"7811XV",188,"A",""
"7811XV",188,"B",""
"7811XV",184,"",""
"7811XV",176,"",""
"7811XV",152,"",""
"7811XV",188,"A",""
"7811XV",188,"",""
"7811XV",158,"",""
"7811XV",162,"",""
"7811XV",188,"C",""
"7811XV",186,"",""
"7811XV",172,"",""
"7811XV",166,"",""
"7811XV",142,"",""
"7811XW",196,"",""
"7811XW",194,"",""
"7811XW",192,"",""
"7811XW",190,"",""
"7811XW",200,"",""
"7811XW",198,"",""
"7811XX",5,"",""
"7811XZ",125,"E",""
"7811XZ",89,"",""
"7811XZ",95,"",""
"7811XZ",81,"",""
"7811XZ",121,"C",""
"7811XZ",123,"F",""
"7811XZ",125,"E",""
"7811XZ",125,"A",""
"7811XZ",123,"A",""
"7811XZ",123,"B",""
"7811XZ",125,"F",""
"7811XZ",121,"G",""
"7811XZ",107,"",""
"7811XZ",97,"",""
"7811XZ",79,"",""
"7811XZ",93,"",""
"7811XZ",121,"D",""
"7811XZ",125,"B",""
"7811XZ",121,"B",""
"7811XZ",127,"H",""
"7811XZ",87,"",""
"7811XZ",123,"G",""
"7811XZ",121,"F",""
"7811XZ",83,"",""
"7811XZ",125,"C",""
"7811XZ",123,"D",""
"7811XZ",121,"H",""
"7811XZ",125,"H",""
"7811XZ",127,"",""
"7811XZ",123,"C",""
"7811XZ",123,"E",""
"7811XZ",127,"K",""
"7811XZ",127,"L",""
"7811XZ",127,"A",""
"7811XZ",99,"",""
"7811XZ",103,"",""
"7811XZ",105,"",""
"7811XZ",127,"D",""
"7811XZ",85,"",""
"7811XZ",117,"",""
"7811XZ",125,"D",""
"7811XZ",121,"E",""
"7811XZ",75,"",""
"7811XZ",101,"",""
"7811XZ",125,"G",""
"7811XZ",77,"",""
"7811XZ",111,"",""
"7811XZ",125,"J",""
"7811XZ",125,"B",""
"7811XZ",127,"F",""
"7811XZ",127,"J",""
"7811XZ",91,"",""
"7811XZ",125,"D",""
"7811XZ",125,"K",""
"7811XZ",71,"",""
"7811XZ",113,"",""
"7811XZ",73,"",""
"7811XZ",121,"",""
"7811XZ",115,"",""
"7811XZ",125,"J",""
"7811XZ",127,"G",""
"7811XZ",109,"",""
"7811XZ",127,"B",""
"7811XZ",127,"C",""
"7811XZ",127,"E",""
"7811XZ",121,"A",""
"7812BG",30,"","WMD"
"7812BG",88,"A",""
"7812BG",86,"",""
"7812BG",88,"C","1"
"7812BG",28,"",""
"7812BG",80,"",""
"7812BG",74,"",""
"7812BG",88,"B",""
"7812BG",68,"",""
"7812BG",76,"",""
"7812BG",88,"C",""
"7812BG",30,"","QPAR"
"7812BG",88,"D",""
"7812BG",88,"H",""
"7812BG",84,"",""
"7812BG",88,"G",""
"7812BG",90,"",""
"7812BG",30,"",""
"7812BG",82,"",""
"7812BG",88,"",""
"7812BG",30,"","QPAR"
"7812BG",90,"",""
"7815SM",14,"",""
"7815SM",3,"",""
"7815SM",13,"",""
"7815SM",13,"",""
"7815SM",1,"",""
"7815SM",11,"",""
"7815SM",3,"A",""
"7815SM",12,"",""
"7815SM",13,"",""
"7815SM",11,"",""
"7815SM",12,"",""
"7815SM",14,"",""
"7815SM",5,"",""
"7815SM",3,"A",""
"7815SM",5,"",""
"7815SM",5,"",""
"7815SM",3,"A",""
"7815SM",3,"",""
"7815SM",7,"",""
"7815SM",10,"",""
"7815SM",3,"",""
"7815SM",1,"",""
"7815SM",2,"",""
"7815SM",2,"",""
"7815SM",3,"",""
"7815SM",3,"",""
"7815SM",10,"",""
"7815SM",7,"",""
