straat,huisnummer,huisletter,toevoeging,postcode,plaats
Schoolstraat,1,"","",6581BG,Malden
Schoolstraat,10,"","",6581BG,Malden
Schoolstraat,11,"","",6581BG,Malden
Schoolstraat,112,"","",6581BG,Malden
Schoolstraat,114,"","",6581BG,Malden
Schoolstraat,116,"","",6581BG,Malden
Schoolstraat,118,"","",6581BG,Malden
Schoolstraat,120,"","",6581BG,Malden
Schoolstraat,122,"","",6581BG,Malden
Schoolstraat,124,"","",6581BG,Malden
Schoolstraat,126,"","",6581BG,Malden
Schoolstraat,128,"","",6581BG,Malden
Schoolstraat,13,"","",6581BG,Malden
Schoolstraat,130,"","",6581BG,Malden
Schoolstraat,132,"","",6581BG,Malden
Schoolstraat,134,"","",6581BG,Malden
Schoolstraat,136,"","",6581BG,Malden
Schoolstraat,138,"","",6581BG,Malden
Schoolstraat,140,"","",6581BG,Malden
Schoolstraat,142,"","",6581BG,Malden
Schoolstraat,144,"","",6581BG,Malden
Schoolstraat,146,"","",6581BG,Malden
Schoolstraat,148,"","",6581BG,Malden
Schoolstraat,15,"","",6581BG,Malden
Schoolstraat,150,"","",6581BG,Malden
Schoolstraat,152,"","",6581BG,Malden
Schoolstraat,154,"","",6581BG,Malden
Schoolstraat,158,"","",6581BG,Malden
Schoolstraat,160,"","",6581BG,Malden
Schoolstraat,17,"","",6581BG,Malden
Schoolstraat,19,"","",6581BG,Malden
Schoolstraat,2,A,"",6581BG,Malden
Schoolstraat,2,B,"",6581BG,Malden
Schoolstraat,2,C,"",6581BG,Malden
Schoolstraat,2,D,"",6581BG,Malden
Schoolstraat,2,E,"",6581BG,Malden
Schoolstraat,2,F,"",6581BG,Malden
Schoolstraat,2,G,"",6581BG,Malden
Schoolstraat,2,H,"",6581BG,Malden
Schoolstraat,2,J,"",6581BG,Malden
Schoolstraat,2,K,"",6581BG,Malden
Schoolstraat,2,L,"",6581BG,Malden
Schoolstraat,2,M,"",6581BG,Malden
Schoolstraat,2,N,"",6581BG,Malden
Schoolstraat,2,P,"",6581BG,Malden
Schoolstraat,21,"","",6581BG,Malden
Schoolstraat,23,"","",6581BG,Malden
Schoolstraat,23,A,"",6581BG,Malden
Schoolstraat,25,"","",6581BG,Malden
Schoolstraat,27,"","",6581BG,Malden
Schoolstraat,29,"","",6581BG,Malden
Schoolstraat,3,"","",6581BG,Malden
Schoolstraat,31,"","",6581BG,Malden
Schoolstraat,33,"","",6581BG,Malden
Schoolstraat,35,"","",6581BG,Malden
Schoolstraat,37,"","",6581BG,Malden
Schoolstraat,4,A,"",6581BG,Malden
Schoolstraat,4,B,"",6581BG,Malden
Schoolstraat,4,C,"",6581BG,Malden
Schoolstraat,4,D,"",6581BG,Malden
Schoolstraat,4,E,"",6581BG,Malden
Schoolstraat,4,F,"",6581BG,Malden
Schoolstraat,4,G,"",6581BG,Malden
Schoolstraat,4,H,"",6581BG,Malden
Schoolstraat,4,J,"",6581BG,Malden
Schoolstraat,4,K,"",6581BG,Malden
Schoolstraat,4,L,"",6581BG,Malden
Schoolstraat,4,M,"",6581BG,Malden
Schoolstraat,4,N,"",6581BG,Malden
Schoolstraat,4,P,"",6581BG,Malden
Schoolstraat,4,Q,"",6581BG,Malden
Schoolstraat,4,R,"",6581BG,Malden
Schoolstraat,4,S,"",6581BG,Malden
Schoolstraat,4,T,"",6581BG,Malden
Schoolstraat,5,"","",6581BG,Malden
Schoolstraat,6,"","",6581BG,Malden
Schoolstraat,6,A,"",6581BG,Malden
Schoolstraat,7,"","",6581BG,Malden
Schoolstraat,8,"","",6581BG,Malden
Schoolstraat,9,"","",6581BG,Malden
Groesbeekseweg,1,"","",6581BH,Malden
Groesbeekseweg,11,"","",6581BH,Malden
Groesbeekseweg,13,"","",6581BH,Malden
Groesbeekseweg,15,"","",6581BH,Malden
Groesbeekseweg,17,"","",6581BH,Malden
Groesbeekseweg,19,"","",6581BH,Malden
Groesbeekseweg,2,"","",6581BH,Malden
Groesbeekseweg,21,"","",6581BH,Malden
Groesbeekseweg,23,"","",6581BH,Malden
Groesbeekseweg,3,"","",6581BH,Malden
Groesbeekseweg,4,"","",6581BH,Malden
Groesbeekseweg,5,"","",6581BH,Malden
Groesbeekseweg,7,"","",6581BH,Malden
Groesbeekseweg,9,"","",6581BH,Malden
Groesbeekseweg,25,"","",6581BJ,Malden
Groesbeekseweg,27,"","",6581BJ,Malden
Groesbeekseweg,29,"","",6581BJ,Malden
Groesbeekseweg,31,"","",6581BJ,Malden
Groesbeekseweg,33,"","",6581BJ,Malden
Groesbeekseweg,35,"","",6581BJ,Malden
Groesbeekseweg,37,"","",6581BJ,Malden
Groesbeekseweg,39,"","",6581BJ,Malden
Groesbeekseweg,41,"","",6581BJ,Malden
Groesbeekseweg,43,"","",6581BJ,Malden
Groesbeekseweg,45,"","",6581BJ,Malden
Groesbeekseweg,47,"","",6581BJ,Malden
Groesbeekseweg,49,"","",6581BJ,Malden
Groesbeekseweg,51,"","",6581BJ,Malden
Groesbeekseweg,53,"","",6581BJ,Malden
Groesbeekseweg,55,"","",6581BJ,Malden
Groesbeekseweg,55,A,"",6581BJ,Malden
Groesbeekseweg,55,B,"",6581BJ,Malden
Kroonsingel,1,"","",6581BK,Malden
Kroonsingel,11,"","",6581BK,Malden
Kroonsingel,11,A,"",6581BK,Malden
Kroonsingel,13,"","",6581BK,Malden
Kroonsingel,15,"","",6581BK,Malden
Kroonsingel,17,"","",6581BK,Malden
Kroonsingel,19,"","",6581BK,Malden
Kroonsingel,21,"","",6581BK,Malden
Kroonsingel,23,"","",6581BK,Malden
Kroonsingel,25,"","",6581BK,Malden
Kroonsingel,27,"","",6581BK,Malden
Kroonsingel,29,"","",6581BK,Malden
Kroonsingel,3,"","",6581BK,Malden
Kroonsingel,31,"","",6581BK,Malden
Kroonsingel,33,"","",6581BK,Malden
Kroonsingel,35,"","",6581BK,Malden
Kroonsingel,5,"","",6581BK,Malden
Kroonsingel,7,"","",6581BK,Malden
Kroonsingel,9,"","",6581BK,Malden
Kroonsingel,37,"","",6581BL,Malden
Kroonsingel,39,"","",6581BL,Malden
Kroonsingel,41,"","",6581BL,Malden
Kroonsingel,43,"","",6581BL,Malden
Kroonsingel,45,"","",6581BL,Malden
Kroonsingel,47,"","",6581BL,Malden
Kroonsingel,49,"","",6581BL,Malden
Kroonsingel,51,"","",6581BL,Malden
Kroonsingel,53,"","",6581BL,Malden
Kroonsingel,55,"","",6581BL,Malden
Kroonsingel,57,"","",6581BL,Malden
Kroonsingel,57,"","",6581BL,Malden
Kroonsingel,59,"","",6581BL,Malden
Kroonsingel,61,"","",6581BL,Malden
Kroonsingel,63,"","",6581BL,Malden
Kroonsingel,65,"","",6581BL,Malden
Kroonsingel,67,"","",6581BL,Malden
Kroonsingel,69,"","",6581BL,Malden
Kroonsingel,71,"","",6581BL,Malden
Kroonsingel,73,"","",6581BL,Malden
Kroonsingel,2,"","",6581BM,Malden
Kroonsingel,32,"","",6581BM,Malden
Kroonsingel,34,"","",6581BM,Malden
Kroonsingel,36,"","",6581BM,Malden
Kroonsingel,38,"","",6581BM,Malden
Kroonsingel,4,"","",6581BM,Malden
Kroonsingel,40,"","",6581BM,Malden
Kroonsingel,42,"","",6581BM,Malden
Kroonsingel,42,"",T001,6581BM,Malden
Kroonsingel,6,"","",6581BM,Malden
Kroonsingel,8,"","",6581BM,Malden
Kroonsingel,66,"","",6581BN,Malden
Kroonsingel,68,"","",6581BN,Malden
Kroonsingel,70,"","",6581BN,Malden
Kroonsingel,72,"","",6581BN,Malden
Kroonsingel,74,"","",6581BN,Malden
Kroonsingel,76,"","",6581BN,Malden
Kroonsingel,78,"","",6581BN,Malden
Kroonsingel,80,"","",6581BN,Malden
Kroonsingel,82,"","",6581BN,Malden
Kroonsingel,84,"","",6581BN,Malden
Kroonsingel,86,"","",6581BN,Malden
Kroonsingel,88,"","",6581BN,Malden
Kroonsingel,90,"","",6581BN,Malden
Kroonsingel,92,"","",6581BN,Malden
Kroonsingel,94,"","",6581BN,Malden
Kroonsingel,108,"","",6581BP,Malden
Kroonsingel,110,"","",6581BP,Malden
Kroonsingel,112,"","",6581BP,Malden
Kroonsingel,114,"","",6581BP,Malden
Kroonsingel,116,"","",6581BP,Malden
Kroonsingel,118,"","",6581BP,Malden
Kroonsingel,120,"","",6581BP,Malden
Kroonsingel,122,"","",6581BP,Malden
Kroonsingel,124,"","",6581BP,Malden
Kroonsingel,126,"","",6581BP,Malden
Kroonsingel,128,"","",6581BP,Malden
Kroonsingel,130,"","",6581BP,Malden
Kroonsingel,132,"","",6581BP,Malden
Kroonsingel,168,"","",6581BR,Malden
Kroonsingel,168,"",G001,6581BR,Malden
Kroonsingel,168,"",G002,6581BR,Malden
Kroonsingel,170,"","",6581BR,Malden
Kroonsingel,172,"","",6581BR,Malden
Kroonsingel,174,"","",6581BR,Malden
Kroonsingel,176,"","",6581BR,Malden
Kroonsingel,178,"","",6581BR,Malden
Kroonsingel,180,"","",6581BR,Malden
Kroonsingel,182,"","",6581BR,Malden
Kroonsingel,184,"","",6581BR,Malden
Kroonsingel,186,"","",6581BR,Malden
Kroonsingel,188,"","",6581BR,Malden
Kroonsingel,190,"","",6581BR,Malden
Kroonsingel,192,"","",6581BR,Malden
Kroonsingel,194,"","",6581BR,Malden
Kroonsingel,196,"","",6581BR,Malden
Kroonsingel,198,"","",6581BR,Malden
Kroonsingel,200,"","",6581BR,Malden
Kroonsingel,202,"","",6581BR,Malden
Kroonsingel,204,"","",6581BR,Malden
Kroonsingel,206,"","",6581BR,Malden
Kroonsingel,208,"","",6581BS,Malden
Kroonsingel,210,"","",6581BS,Malden
Kroonsingel,212,"","",6581BS,Malden
Kroonsingel,214,"","",6581BS,Malden
Kroonsingel,216,"","",6581BS,Malden
Kroonsingel,218,"","",6581BS,Malden
Kroonsingel,220,"","",6581BS,Malden
Kroonsingel,222,"","",6581BS,Malden
Kroonsingel,224,"","",6581BS,Malden
Kroonsingel,226,"","",6581BS,Malden
Kroonsingel,228,"","",6581BS,Malden
Kroonsingel,230,"","",6581BS,Malden
Kroonsingel,232,"","",6581BS,Malden
Kroonsingel,234,"","",6581BS,Malden
Kroonsingel,236,"","",6581BS,Malden
Kroonsingel,236,"",T001,6581BS,Malden
Kloosterhof,1,"","",6581BT,Malden
Kloosterhof,11,"","",6581BT,Malden
Kloosterhof,13,"","",6581BT,Malden
Kloosterhof,15,"","",6581BT,Malden
Kloosterhof,17,"","",6581BT,Malden
Kloosterhof,19,"","",6581BT,Malden
Kloosterhof,21,"","",6581BT,Malden
Kloosterhof,23,"","",6581BT,Malden
Kloosterhof,25,"","",6581BT,Malden
Kroonsingel,260,"","",6581BT,Malden
Kroonsingel,262,"","",6581BT,Malden
Kroonsingel,264,"","",6581BT,Malden
Kroonsingel,266,"","",6581BT,Malden
Kroonsingel,268,"","",6581BT,Malden
Kloosterhof,27,"","",6581BT,Malden
Kroonsingel,270,"","",6581BT,Malden
Kloosterhof,29,"","",6581BT,Malden
Kroonsingel,296,"","",6581BT,Malden
Kroonsingel,298,"","",6581BT,Malden
Kroonsingel,300,"","",6581BT,Malden
Kroonsingel,302,"","",6581BT,Malden
Kloosterhof,31,"","",6581BT,Malden
Kloosterhof,33,"","",6581BT,Malden
Kloosterhof,35,"","",6581BT,Malden
Kloosterhof,37,"","",6581BT,Malden
Kloosterhof,39,"","",6581BT,Malden
Kloosterhof,41,"","",6581BT,Malden
Kloosterhof,43,"","",6581BT,Malden
Kloosterhof,45,"","",6581BT,Malden
Kloosterhof,47,"","",6581BT,Malden
Kloosterhof,49,"","",6581BT,Malden
Kloosterhof,5,"","",6581BT,Malden
Kloosterhof,5,"","",6581BT,Malden
Kloosterhof,51,"","",6581BT,Malden
Kloosterhof,53,"","",6581BT,Malden
Kloosterhof,55,"","",6581BT,Malden
Kloosterhof,57,"","",6581BT,Malden
Kloosterhof,59,"","",6581BT,Malden
Kloosterhof,7,"","",6581BT,Malden
Kloosterhof,9,"","",6581BT,Malden
Promenade,10,"","",6581BV,Malden
Winkelcentrum,11,"","",6581BV,Malden
Promenade,12,"","",6581BV,Malden
Promenade,14,"","",6581BV,Malden
Winkelcentrum,15,"","",6581BV,Malden
Winkelcentrum,17,"","",6581BV,Malden
Winkelcentrum,17,A,"",6581BV,Malden
Winkelcentrum,17,B,"",6581BV,Malden
Winkelcentrum,17,C,"",6581BV,Malden
Winkelcentrum,17,D,"",6581BV,Malden
Winkelcentrum,17,E,"",6581BV,Malden
Winkelcentrum,19,"","",6581BV,Malden
Promenade,2,"","",6581BV,Malden
Promenade,2,"","",6581BV,Malden
Winkelcentrum,21,"","",6581BV,Malden
Winkelcentrum,3,"","",6581BV,Malden
Promenade,4,"","",6581BV,Malden
Promenade,4,A,"",6581BV,Malden
Promenade,4,B,"",6581BV,Malden
Promenade,4,C,"",6581BV,Malden
Promenade,4,D,"",6581BV,Malden
Promenade,4,E,"",6581BV,Malden
Promenade,4,F,"",6581BV,Malden
Promenade,4,G,"",6581BV,Malden
Winkelcentrum,5,"","",6581BV,Malden
Promenade,6,"","",6581BV,Malden
Promenade,6,A,"",6581BV,Malden
Promenade,6,B,"",6581BV,Malden
Promenade,6,C,"",6581BV,Malden
Promenade,6,D,"",6581BV,Malden
Winkelcentrum,7,"","",6581BV,Malden
Promenade,8,"","",6581BV,Malden
Promenade,8,A,"",6581BV,Malden
Promenade,8,B,"",6581BV,Malden
Promenade,8,C,"",6581BV,Malden
Promenade,8,D,"",6581BV,Malden
Winkelcentrum,9,"","",6581BV,Malden
Promenade,1,"","",6581BW,Malden
Winkelcentrum,10,"","",6581BW,Malden
Promenade,11,"","",6581BW,Malden
Winkelcentrum,12,"","",6581BW,Malden
Promenade,13,"","",6581BW,Malden
Promenade,15,"","",6581BW,Malden
Winkelcentrum,16,"","",6581BW,Malden
Promenade,17,"","",6581BW,Malden
Winkelcentrum,18,"","",6581BW,Malden
Promenade,19,"","",6581BW,Malden
Winkelcentrum,20,"","",6581BW,Malden
Winkelcentrum,20,"","",6581BW,Malden
Winkelcentrum,20,A,"",6581BW,Malden
Winkelcentrum,20,A,"",6581BW,Malden
Promenade,21,"","",6581BW,Malden
Promenade,23,"","",6581BW,Malden
Winkelcentrum,24,"","",6581BW,Malden
Promenade,25,"","",6581BW,Malden
Winkelcentrum,26,"","",6581BW,Malden
Promenade,27,"","",6581BW,Malden
Winkelcentrum,28,"","",6581BW,Malden
Promenade,29,"","",6581BW,Malden
Promenade,3,"","",6581BW,Malden
Winkelcentrum,30,A,"",6581BW,Malden
Winkelcentrum,30,B,"",6581BW,Malden
Promenade,31,"","",6581BW,Malden
Winkelcentrum,32,"","",6581BW,Malden
Promenade,33,"","",6581BW,Malden
Promenade,33,A,"",6581BW,Malden
Winkelcentrum,34,"","",6581BW,Malden
Winkelcentrum,34,A,"",6581BW,Malden
Promenade,35,"","",6581BW,Malden
Promenade,35,A,"",6581BW,Malden
Winkelcentrum,36,"","",6581BW,Malden
Winkelcentrum,38,"","",6581BW,Malden
Winkelcentrum,38,A,"",6581BW,Malden
Promenade,39,"","",6581BW,Malden
Winkelcentrum,40,"","",6581BW,Malden
Promenade,41,"","",6581BW,Malden
Winkelcentrum,42,"","",6581BW,Malden
Winkelcentrum,44,"","",6581BW,Malden
Promenade,45,"","",6581BW,Malden
Winkelcentrum,46,"","",6581BW,Malden
Winkelcentrum,46,A,"",6581BW,Malden
Promenade,47,"","",6581BW,Malden
Promenade,49,"","",6581BW,Malden
Promenade,5,"","",6581BW,Malden
Promenade,51,"","",6581BW,Malden
Promenade,7,"","",6581BW,Malden
Promenade,9,"","",6581BW,Malden
Ericastraat,1,"","",6581BX,Malden
Ericastraat,1,"","",6581BX,Malden
Ericastraat,10,"","",6581BX,Malden
Ericastraat,11,"","",6581BX,Malden
Ericastraat,12,"","",6581BX,Malden
Ericastraat,13,"","",6581BX,Malden
Ericastraat,14,"","",6581BX,Malden
Ericastraat,16,"","",6581BX,Malden
Ericastraat,18,"","",6581BX,Malden
Ericastraat,2,"","",6581BX,Malden
Ericastraat,20,"","",6581BX,Malden
Ericastraat,22,"","",6581BX,Malden
Ericastraat,24,"","",6581BX,Malden
Ericastraat,26,"","",6581BX,Malden
Ericastraat,28,"","",6581BX,Malden
Ericastraat,3,"","",6581BX,Malden
Ericastraat,3,"","",6581BX,Malden
Ericastraat,3,"",T001,6581BX,Malden
Ericastraat,30,"","",6581BX,Malden
Ericastraat,32,"","",6581BX,Malden
Ericastraat,34,"","",6581BX,Malden
Ericastraat,36,"","",6581BX,Malden
Ericastraat,38,"","",6581BX,Malden
Ericastraat,4,"","",6581BX,Malden
Ericastraat,40,"","",6581BX,Malden
Ericastraat,42,"","",6581BX,Malden
Ericastraat,44,"","",6581BX,Malden
Ericastraat,46,"","",6581BX,Malden
Ericastraat,48,"","",6581BX,Malden
Ericastraat,5,"","",6581BX,Malden
Ericastraat,50,"","",6581BX,Malden
Ericastraat,52,"","",6581BX,Malden
Ericastraat,54,"","",6581BX,Malden
Ericastraat,56,"","",6581BX,Malden
Ericastraat,58,"","",6581BX,Malden
Ericastraat,6,"","",6581BX,Malden
Ericastraat,60,"","",6581BX,Malden
Ericastraat,62,"","",6581BX,Malden
Ericastraat,64,"","",6581BX,Malden
Ericastraat,66,"","",6581BX,Malden
Ericastraat,68,"","",6581BX,Malden
Ericastraat,7,"","",6581BX,Malden
Ericastraat,8,"","",6581BX,Malden
Ericastraat,9,"","",6581BX,Malden
Ericastraat,100,"","",6581BZ,Malden
Promenade,101,"","",6581BZ,Malden
Ericastraat,102,"","",6581BZ,Malden
Promenade,103,"","",6581BZ,Malden
Ericastraat,104,"","",6581BZ,Malden
Promenade,105,"","",6581BZ,Malden
Ericastraat,106,"","",6581BZ,Malden
Promenade,107,"","",6581BZ,Malden
Ericastraat,108,"","",6581BZ,Malden
Promenade,109,"","",6581BZ,Malden
Ericastraat,110,"","",6581BZ,Malden
Promenade,111,"","",6581BZ,Malden
Ericastraat,112,"","",6581BZ,Malden
Promenade,113,"","",6581BZ,Malden
Ericastraat,114,"","",6581BZ,Malden
Promenade,115,"","",6581BZ,Malden
Ericastraat,116,"","",6581BZ,Malden
Promenade,117,"","",6581BZ,Malden
Promenade,119,"","",6581BZ,Malden
Promenade,121,"","",6581BZ,Malden
Promenade,123,"","",6581BZ,Malden
Promenade,125,"","",6581BZ,Malden
Promenade,127,"","",6581BZ,Malden
Promenade,129,"","",6581BZ,Malden
Promenade,131,"","",6581BZ,Malden
Promenade,133,"","",6581BZ,Malden
Promenade,135,"","",6581BZ,Malden
Promenade,137,"","",6581BZ,Malden
Promenade,139,"","",6581BZ,Malden
Promenade,141,"","",6581BZ,Malden
Promenade,143,"","",6581BZ,Malden
Promenade,145,"","",6581BZ,Malden
Promenade,147,"","",6581BZ,Malden
Promenade,149,"","",6581BZ,Malden
Promenade,151,"","",6581BZ,Malden
Promenade,153,"","",6581BZ,Malden
Promenade,155,"","",6581BZ,Malden
Promenade,157,"","",6581BZ,Malden
Promenade,159,"","",6581BZ,Malden
Ericastraat,70,"","",6581BZ,Malden
Ericastraat,72,"","",6581BZ,Malden
Ericastraat,74,"","",6581BZ,Malden
Ericastraat,76,"","",6581BZ,Malden
Ericastraat,78,"","",6581BZ,Malden
Ericastraat,80,"","",6581BZ,Malden
Ericastraat,82,"","",6581BZ,Malden
Ericastraat,84,"","",6581BZ,Malden
Ericastraat,86,"","",6581BZ,Malden
Ericastraat,88,"","",6581BZ,Malden
Ericastraat,90,"","",6581BZ,Malden
Ericastraat,92,"","",6581BZ,Malden
Ericastraat,94,"","",6581BZ,Malden
Ericastraat,96,"","",6581BZ,Malden
Ericastraat,98,"","",6581BZ,Malden
Randwijksingel,1,"","",6581CA,Malden
Randwijksingel,11,"","",6581CA,Malden
Randwijksingel,13,"","",6581CA,Malden
Randwijksingel,15,"","",6581CA,Malden
Randwijksingel,17,"","",6581CA,Malden
Randwijksingel,19,"","",6581CA,Malden
Randwijksingel,21,"","",6581CA,Malden
Randwijksingel,23,"","",6581CA,Malden
Randwijksingel,25,"","",6581CA,Malden
Randwijksingel,27,"","",6581CA,Malden
Randwijksingel,29,"","",6581CA,Malden
Randwijksingel,3,"","",6581CA,Malden
Randwijksingel,31,"","",6581CA,Malden
Randwijksingel,33,"","",6581CA,Malden
Randwijksingel,35,"","",6581CA,Malden
Randwijksingel,37,"","",6581CA,Malden
Randwijksingel,39,"","",6581CA,Malden
Randwijksingel,41,"","",6581CA,Malden
Randwijksingel,43,"","",6581CA,Malden
Randwijksingel,45,"","",6581CA,Malden
Randwijksingel,47,"","",6581CA,Malden
Randwijksingel,5,"","",6581CA,Malden
Randwijksingel,7,"","",6581CA,Malden
Randwijksingel,9,"","",6581CA,Malden
Randwijksingel,49,"","",6581CB,Malden
Randwijksingel,51,"","",6581CB,Malden
Randwijksingel,53,"","",6581CB,Malden
Randwijksingel,55,"","",6581CB,Malden
Randwijksingel,57,"","",6581CB,Malden
Randwijksingel,59,"","",6581CB,Malden
Randwijksingel,61,"","",6581CB,Malden
Randwijksingel,63,"","",6581CB,Malden
Randwijksingel,65,"","",6581CB,Malden
Randwijksingel,67,"","",6581CB,Malden
Randwijksingel,69,"","",6581CB,Malden
Randwijksingel,71,"","",6581CB,Malden
Randwijksingel,73,"","",6581CB,Malden
Randwijksingel,75,"","",6581CB,Malden
Randwijksingel,101,"","",6581CC,Malden
Randwijksingel,103,"","",6581CC,Malden
Randwijksingel,103,"",G001,6581CC,Malden
Randwijksingel,103,"",G002,6581CC,Malden
Randwijksingel,103,"",G003,6581CC,Malden
Randwijksingel,103,"",G004,6581CC,Malden
Randwijksingel,103,"",G005,6581CC,Malden
Randwijksingel,103,"",G006,6581CC,Malden
Randwijksingel,103,"",G007,6581CC,Malden
Randwijksingel,103,"",G008,6581CC,Malden
Randwijksingel,103,"",G009,6581CC,Malden
Randwijksingel,103,"",G010,6581CC,Malden
Randwijksingel,103,"",T001,6581CC,Malden
Randwijksingel,77,"","",6581CC,Malden
Randwijksingel,79,"","",6581CC,Malden
Randwijksingel,81,"","",6581CC,Malden
Randwijksingel,83,"","",6581CC,Malden
Randwijksingel,85,"","",6581CC,Malden
Randwijksingel,87,"","",6581CC,Malden
Randwijksingel,89,"","",6581CC,Malden
Randwijksingel,91,"","",6581CC,Malden
Randwijksingel,93,"","",6581CC,Malden
Randwijksingel,95,"","",6581CC,Malden
Randwijksingel,97,"","",6581CC,Malden
Randwijksingel,99,"","",6581CC,Malden
Randwijksingel,109,"","",6581CD,Malden
Randwijksingel,111,"","",6581CD,Malden
Randwijksingel,113,"","",6581CD,Malden
Randwijksingel,115,"","",6581CD,Malden
Randwijksingel,117,"","",6581CD,Malden
Randwijksingel,119,"","",6581CD,Malden
Randwijksingel,121,"","",6581CD,Malden
Randwijksingel,123,"","",6581CD,Malden
Randwijksingel,125,"","",6581CD,Malden
Randwijksingel,127,"","",6581CD,Malden
Randwijksingel,129,"","",6581CD,Malden
Randwijksingel,131,"","",6581CD,Malden
Randwijksingel,133,"","",6581CD,Malden
Randwijksingel,135,"","",6581CD,Malden
Randwijksingel,137,"","",6581CD,Malden
Randwijksingel,139,"","",6581CD,Malden
Randwijksingel,141,"","",6581CD,Malden
Randwijksingel,143,"","",6581CD,Malden
Randwijksingel,145,"","",6581CD,Malden
Randwijksingel,10,"","",6581CE,Malden
Randwijksingel,12,"","",6581CE,Malden
Randwijksingel,16,"","",6581CE,Malden
Randwijksingel,18,"","",6581CE,Malden
Randwijksingel,2,"","",6581CE,Malden
Randwijksingel,20,"","",6581CE,Malden
Randwijksingel,22,"","",6581CE,Malden
Randwijksingel,24,"","",6581CE,Malden
Randwijksingel,26,"","",6581CE,Malden
Randwijksingel,28,"","",6581CE,Malden
Randwijksingel,30,"","",6581CE,Malden
Randwijksingel,32,"","",6581CE,Malden
Randwijksingel,34,"","",6581CE,Malden
Randwijksingel,4,"","",6581CE,Malden
Randwijksingel,6,"","",6581CE,Malden
Randwijksingel,8,"","",6581CE,Malden
Randwijksingel,36,"","",6581CG,Malden
Randwijksingel,38,"","",6581CG,Malden
Randwijksingel,40,"","",6581CG,Malden
Randwijksingel,42,"","",6581CG,Malden
Randwijksingel,44,"","",6581CG,Malden
Randwijksingel,46,"","",6581CG,Malden
Randwijksingel,48,"","",6581CG,Malden
Randwijksingel,50,"","",6581CG,Malden
Randwijksingel,52,"","",6581CG,Malden
Merellaan,10,"","",6581CH,Malden
Merellaan,11,"","",6581CH,Malden
Merellaan,12,"","",6581CH,Malden
Merellaan,13,"","",6581CH,Malden
Merellaan,14,"","",6581CH,Malden
Merellaan,15,"","",6581CH,Malden
Merellaan,16,"","",6581CH,Malden
Merellaan,18,"","",6581CH,Malden
Merellaan,2,"","",6581CH,Malden
Merellaan,20,"","",6581CH,Malden
Merellaan,22,"","",6581CH,Malden
Merellaan,24,"","",6581CH,Malden
Merellaan,26,"","",6581CH,Malden
Merellaan,28,"","",6581CH,Malden
Merellaan,3,"","",6581CH,Malden
Merellaan,4,"","",6581CH,Malden
Merellaan,5,"","",6581CH,Malden
Merellaan,6,"","",6581CH,Malden
Merellaan,7,"","",6581CH,Malden
Merellaan,8,"","",6581CH,Malden
Merellaan,9,"","",6581CH,Malden
Vinkenlaan,1,"","",6581CJ,Malden
Vinkenlaan,11,"","",6581CJ,Malden
Vinkenlaan,11,A,"",6581CJ,Malden
Vinkenlaan,13,"","",6581CJ,Malden
Vinkenlaan,15,"","",6581CJ,Malden
Vinkenlaan,17,"","",6581CJ,Malden
Vinkenlaan,17,A,"",6581CJ,Malden
Vinkenlaan,19,"","",6581CJ,Malden
Vinkenlaan,21,"","",6581CJ,Malden
Vinkenlaan,23,"","",6581CJ,Malden
Vinkenlaan,25,"","",6581CJ,Malden
Vinkenlaan,27,"","",6581CJ,Malden
Vinkenlaan,29,"","",6581CJ,Malden
Vinkenlaan,3,"","",6581CJ,Malden
Vinkenlaan,31,"","",6581CJ,Malden
Vinkenlaan,33,"","",6581CJ,Malden
Vinkenlaan,5,"","",6581CJ,Malden
Vinkenlaan,7,"","",6581CJ,Malden
Vinkenlaan,9,"","",6581CJ,Malden
Vinkenlaan,10,"","",6581CK,Malden
Vinkenlaan,12,"","",6581CK,Malden
Vinkenlaan,14,"","",6581CK,Malden
Vinkenlaan,16,"","",6581CK,Malden
Vinkenlaan,18,"","",6581CK,Malden
Vinkenlaan,2,"","",6581CK,Malden
Vinkenlaan,20,"","",6581CK,Malden
Vinkenlaan,22,"","",6581CK,Malden
Vinkenlaan,24,"","",6581CK,Malden
Vinkenlaan,4,"","",6581CK,Malden
Vinkenlaan,6,"","",6581CK,Malden
Vinkenlaan,8,"","",6581CK,Malden
Vinkenlaan,26,"","",6581CL,Malden
Vinkenlaan,28,"","",6581CL,Malden
Vinkenlaan,30,"","",6581CL,Malden
Vinkenlaan,32,"","",6581CL,Malden
Vinkenlaan,34,"","",6581CL,Malden
Vinkenlaan,36,"","",6581CL,Malden
Vinkenlaan,38,"","",6581CL,Malden
Vinkenlaan,40,"","",6581CL,Malden
Vinkenlaan,42,"","",6581CL,Malden
Vinkenlaan,42,A,"",6581CL,Malden
Vinkenlaan,42,A,"",6581CL,Malden
Vinkenlaan,42,B,"",6581CL,Malden
Vinkenlaan,44,"","",6581CL,Malden
Vinkenlaan,46,"","",6581CL,Malden
Vinkenlaan,48,"","",6581CL,Malden
Vinkenlaan,50,"","",6581CL,Malden
Mezenlaan,10,"","",6581CM,Malden
Mezenlaan,12,"","",6581CM,Malden
Mezenlaan,2,"","",6581CM,Malden
Mezenlaan,3,"","",6581CM,Malden
Mezenlaan,4,"","",6581CM,Malden
Mezenlaan,6,"","",6581CM,Malden
Mezenlaan,8,"","",6581CM,Malden
Mezenlaan,8,"","",6581CM,Malden
Puttershoek,1,"","",6581CN,Malden
Puttershoek,10,"","",6581CN,Malden
Puttershoek,12,"","",6581CN,Malden
Puttershoek,14,"","",6581CN,Malden
Puttershoek,2,"","",6581CN,Malden
Puttershoek,3,"","",6581CN,Malden
Puttershoek,4,"","",6581CN,Malden
Puttershoek,5,"","",6581CN,Malden
Puttershoek,6,"","",6581CN,Malden
Puttershoek,7,"","",6581CN,Malden
Puttershoek,8,"","",6581CN,Malden
Vogelenzang,11,"","",6581CP,Malden
Vogelenzang,13,"","",6581CP,Malden
Vogelenzang,15,"","",6581CP,Malden
Vogelenzang,3,"","",6581CP,Malden
Vogelenzang,5,"","",6581CP,Malden
Vogelenzang,7,"","",6581CP,Malden
Vogelenzang,9,"","",6581CP,Malden
Vogelenzang,10,"","",6581CR,Malden
Vogelenzang,12,"","",6581CR,Malden
Vogelenzang,14,"","",6581CR,Malden
Vogelenzang,16,"","",6581CR,Malden
Vogelenzang,16,A,"",6581CR,Malden
Vogelenzang,2,"","",6581CR,Malden
Vogelenzang,4,"","",6581CR,Malden
Vogelenzang,6,"","",6581CR,Malden
Vogelenzang,8,"","",6581CR,Malden
Vogelenzang,8,"","",6581CR,Malden
Vogelenzang,8,A,"",6581CR,Malden
De Kruigang,1,"","",6581CS,Malden
De Kruigang,11,"","",6581CS,Malden
De Kruigang,13,"","",6581CS,Malden
De Kruigang,15,"","",6581CS,Malden
De Kruigang,17,"","",6581CS,Malden
De Kruigang,19,"","",6581CS,Malden
De Kruigang,3,"","",6581CS,Malden
De Kruigang,5,"","",6581CS,Malden
De Kruigang,7,"","",6581CS,Malden
De Kruigang,9,"","",6581CS,Malden
De Kruigang,21,"","",6581CT,Malden
De Kruigang,21,"",G001,6581CT,Malden
De Kruigang,21,"",G002,6581CT,Malden
De Kruigang,21,"",G003,6581CT,Malden
De Kruigang,21,"",G004,6581CT,Malden
De Kruigang,21,"",G005,6581CT,Malden
De Kruigang,21,"",G006,6581CT,Malden
De Kruigang,21,"",G007,6581CT,Malden
De Kruigang,21,"",G008,6581CT,Malden
De Kruigang,21,"",G009,6581CT,Malden
De Kruigang,21,"",G010,6581CT,Malden
De Kruigang,21,"",G011,6581CT,Malden
De Kruigang,21,"",G012,6581CT,Malden
De Kruigang,21,"",G013,6581CT,Malden
De Kruigang,21,"",G014,6581CT,Malden
De Kruigang,21,"",G015,6581CT,Malden
De Kruigang,21,"",G016,6581CT,Malden
De Kruigang,21,"",G017,6581CT,Malden
De Kruigang,21,"",G018,6581CT,Malden
De Kruigang,21,"",G019,6581CT,Malden
De Kruigang,21,"",G020,6581CT,Malden
De Kruigang,23,"","",6581CT,Malden
De Kruigang,25,"","",6581CT,Malden
De Kruigang,27,"","",6581CT,Malden
De Kruigang,29,"","",6581CT,Malden
De Kruigang,31,"","",6581CT,Malden
De Kruigang,33,"","",6581CT,Malden
De Kruigang,35,"","",6581CT,Malden
De Kruigang,37,"","",6581CT,Malden
De Kruigang,39,"","",6581CT,Malden
De Kruigang,41,"","",6581CT,Malden
De Kruigang,43,"","",6581CT,Malden
De Kruigang,45,"","",6581CT,Malden
De Kruigang,45,"",G001,6581CT,Malden
De Kruigang,45,"",G002,6581CT,Malden
De Kruigang,45,"",G003,6581CT,Malden
De Kruigang,45,"",G004,6581CT,Malden
De Kruigang,45,"",G005,6581CT,Malden
De Kruigang,45,"",G006,6581CT,Malden
De Kruigang,45,"",G007,6581CT,Malden
De Kruigang,45,"",G008,6581CT,Malden
De Kruigang,45,"",G009,6581CT,Malden
De Kruigang,45,"",G010,6581CT,Malden
De Kruigang,45,"",G011,6581CT,Malden
De Kruigang,45,"",G012,6581CT,Malden
De Kruigang,45,"",G013,6581CT,Malden
De Kruigang,45,"",G014,6581CT,Malden
De Kruigang,45,"",G015,6581CT,Malden
De Kruigang,45,"",G016,6581CT,Malden
De Kruigang,45,"",G017,6581CT,Malden
De Kruigang,45,"",G018,6581CT,Malden
De Kruigang,45,"",G019,6581CT,Malden
De Kruigang,45,"",G020,6581CT,Malden
De Kruigang,45,"",G021,6581CT,Malden
De Kruigang,45,"",G022,6581CT,Malden
De Kruigang,45,"",G023,6581CT,Malden
De Kruigang,45,"",G024,6581CT,Malden
De Kruigang,45,"",G025,6581CT,Malden
De Kruigang,45,"",G026,6581CT,Malden
De Kruigang,45,"",G027,6581CT,Malden
De Kruigang,45,"",G028,6581CT,Malden
De Kruigang,45,"",G029,6581CT,Malden
De Kruigang,45,"",G030,6581CT,Malden
De Kruigang,47,"","",6581CT,Malden
De Kruigang,49,"","",6581CT,Malden
De Kruigang,51,"","",6581CT,Malden
De Kruigang,53,"","",6581CT,Malden
De Kruigang,55,"","",6581CT,Malden
De Kruigang,57,"","",6581CT,Malden
De Kruigang,59,"","",6581CT,Malden
De Kruigang,61,"","",6581CT,Malden
De Kruigang,63,"","",6581CT,Malden
De Kruigang,65,"","",6581CT,Malden
De Kruigang,65,"",G001,6581CT,Malden
De Kruigang,65,"",G002,6581CT,Malden
De Kruigang,65,"",G003,6581CT,Malden
De Kruigang,65,"",G004,6581CT,Malden
De Kruigang,65,"",G005,6581CT,Malden
De Kruigang,65,"",G006,6581CT,Malden
De Kruigang,65,"",G007,6581CT,Malden
De Kruigang,65,"",G008,6581CT,Malden
De Kruigang,65,"",G009,6581CT,Malden
De Kruigang,65,"",G010,6581CT,Malden
De Kruigang,65,"",G011,6581CT,Malden
De Kruigang,65,"",G012,6581CT,Malden
De Kruigang,65,"",G013,6581CT,Malden
De Kruigang,65,"",G014,6581CT,Malden
De Kruigang,65,"",G015,6581CT,Malden
De Kruigang,65,"",G016,6581CT,Malden
De Kruigang,65,"",G017,6581CT,Malden
De Kruigang,65,"",G018,6581CT,Malden
De Kruigang,65,"",G019,6581CT,Malden
De Kruigang,65,"",G020,6581CT,Malden
De Kruigang,10,"","",6581CV,Malden
De Kruigang,12,"","",6581CV,Malden
De Kruigang,14,"","",6581CV,Malden
De Kruigang,16,"","",6581CV,Malden
De Kruigang,18,"","",6581CV,Malden
De Kruigang,2,"","",6581CV,Malden
De Kruigang,20,"","",6581CV,Malden
De Kruigang,4,"","",6581CV,Malden
De Kruigang,6,"","",6581CV,Malden
De Kruigang,8,"","",6581CV,Malden
De Kruigang,22,"","",6581CW,Malden
De Kruigang,24,"","",6581CW,Malden
De Kruigang,26,"","",6581CW,Malden
De Kruigang,28,"","",6581CW,Malden
De Kruigang,30,"","",6581CW,Malden
De Kruigang,32,"","",6581CW,Malden
De Kruigang,34,"","",6581CW,Malden
De Kruigang,36,"","",6581CW,Malden
De Kruigang,38,"","",6581CW,Malden
De Kruigang,40,"","",6581CW,Malden
De Kruigang,42,"","",6581CW,Malden
De Kruigang,44,"","",6581CW,Malden
De Kruigang,46,"","",6581CX,Malden
De Kruigang,48,"","",6581CX,Malden
De Kruigang,50,"","",6581CX,Malden
De Kruigang,52,"","",6581CX,Malden
De Kruigang,54,"","",6581CX,Malden
De Kruigang,56,"","",6581CX,Malden
De Wieken,11,"","",6581DA,Malden
De Wieken,13,"","",6581DA,Malden
De Wieken,15,"","",6581DA,Malden
De Wieken,17,"","",6581DA,Malden
De Wieken,19,"","",6581DA,Malden
De Wieken,21,"","",6581DA,Malden
De Wieken,23,"","",6581DA,Malden
De Wieken,25,"","",6581DA,Malden
De Wieken,27,"","",6581DA,Malden
De Wieken,29,"","",6581DA,Malden
De Wieken,31,"","",6581DA,Malden
De Wieken,33,"","",6581DA,Malden
De Wieken,35,"","",6581DA,Malden
De Wieken,37,"","",6581DA,Malden
De Wieken,39,"","",6581DA,Malden
De Wieken,41,"","",6581DA,Malden
De Wieken,43,"","",6581DA,Malden
De Wieken,45,"","",6581DA,Malden
De Wieken,49,"","",6581DB,Malden
De Wieken,51,"","",6581DB,Malden
De Wieken,53,"","",6581DB,Malden
De Wieken,55,"","",6581DB,Malden
De Wieken,57,"","",6581DB,Malden
De Wieken,59,"","",6581DB,Malden
De Wieken,61,"","",6581DB,Malden
De Wieken,63,"","",6581DB,Malden
De Wieken,65,"","",6581DB,Malden
De Wieken,67,"","",6581DC,Malden
De Wieken,69,"","",6581DC,Malden
De Wieken,71,"","",6581DC,Malden
De Wieken,73,"","",6581DC,Malden
De Wieken,75,"","",6581DC,Malden
De Wieken,77,"","",6581DC,Malden
De Wieken,79,"","",6581DC,Malden
De Wieken,81,"","",6581DC,Malden
De Wieken,83,"","",6581DC,Malden
De Wieken,83,"",T001,6581DC,Malden
De Wieken,85,"","",6581DC,Malden
De Wieken,87,"","",6581DC,Malden
De Wieken,10,"","",6581DD,Malden
De Wieken,12,"","",6581DD,Malden
De Wieken,14,"","",6581DD,Malden
De Wieken,14,"","",6581DD,Malden
De Wieken,16,"","",6581DD,Malden
De Wieken,16,"","",6581DD,Malden
De Wieken,18,"","",6581DD,Malden
De Wieken,2,"","",6581DD,Malden
De Wieken,20,"","",6581DD,Malden
De Wieken,4,"","",6581DD,Malden
De Wieken,6,"","",6581DD,Malden
De Wieken,8,"","",6581DD,Malden
De Wieken,22,"","",6581DE,Malden
De Wieken,24,"","",6581DE,Malden
De Wieken,26,"","",6581DE,Malden
De Wieken,28,"","",6581DE,Malden
De Wieken,30,"","",6581DE,Malden
De Wieken,32,"","",6581DE,Malden
De Wieken,34,"","",6581DE,Malden
De Wieken,36,"","",6581DE,Malden
De Wieken,38,"","",6581DE,Malden
De Wieken,40,"","",6581DE,Malden
De Wieken,42,"","",6581DG,Malden
De Wieken,44,"","",6581DG,Malden
De Wieken,46,"","",6581DG,Malden
De Wieken,48,"","",6581DG,Malden
De Wieken,50,"","",6581DG,Malden
De Wieken,52,"","",6581DG,Malden
De Wieken,54,"","",6581DG,Malden
De Wieken,56,"","",6581DG,Malden
De Wieken,58,"","",6581DG,Malden
De Wieken,60,"","",6581DG,Malden
De Wieken,62,"","",6581DG,Malden
De Wieken,64,"","",6581DG,Malden
De Wieken,66,"","",6581DH,Malden
De Wieken,68,"","",6581DH,Malden
De Wieken,70,"","",6581DH,Malden
De Wieken,72,"","",6581DH,Malden
De Wieken,74,"","",6581DH,Malden
De Wieken,76,"","",6581DH,Malden
De Wieken,78,"","",6581DH,Malden
De Wieken,80,"","",6581DH,Malden
De Wieken,82,"","",6581DH,Malden
De Wieken,84,"","",6581DH,Malden
De Wieken,86,"","",6581DH,Malden
De Wieken,88,"","",6581DH,Malden
De Wieken,90,"","",6581DH,Malden
De Wieken,100,"","",6581DJ,Malden
De Wieken,102,"","",6581DJ,Malden
De Wieken,104,"","",6581DJ,Malden
De Wieken,106,"","",6581DJ,Malden
De Wieken,108,"","",6581DJ,Malden
De Wieken,110,"","",6581DJ,Malden
De Wieken,112,"","",6581DJ,Malden
De Wieken,92,"","",6581DJ,Malden
De Wieken,94,"","",6581DJ,Malden
De Wieken,96,"","",6581DJ,Malden
De Wieken,98,"","",6581DJ,Malden
De Schoren,1,"","",6581DK,Malden
De Schoren,11,"","",6581DK,Malden
De Schoren,13,"","",6581DK,Malden
De Schoren,15,"","",6581DK,Malden
De Schoren,17,"","",6581DK,Malden
De Schoren,19,"","",6581DK,Malden
De Schoren,21,"","",6581DK,Malden
De Schoren,23,"","",6581DK,Malden
De Schoren,25,"","",6581DK,Malden
De Schoren,27,"","",6581DK,Malden
De Schoren,3,"","",6581DK,Malden
De Schoren,5,"","",6581DK,Malden
De Schoren,7,"","",6581DK,Malden
De Schoren,9,"","",6581DK,Malden
De Schoren,29,"","",6581DL,Malden
De Schoren,31,"","",6581DL,Malden
De Schoren,33,"","",6581DL,Malden
De Schoren,35,"","",6581DL,Malden
De Schoren,37,"","",6581DL,Malden
De Schoren,39,"","",6581DL,Malden
De Schoren,41,"","",6581DL,Malden
De Schoren,43,"","",6581DL,Malden
De Schoren,45,"","",6581DL,Malden
De Schoren,47,"","",6581DL,Malden
De Schoren,49,"","",6581DL,Malden
De Schoren,51,"","",6581DL,Malden
De Schoren,53,"","",6581DL,Malden
De Schoren,55,"","",6581DL,Malden
De Schoren,57,"","",6581DL,Malden
De Schoren,59,"","",6581DL,Malden
De Schoren,61,"","",6581DL,Malden
De Schoren,63,"","",6581DL,Malden
De Schoren,10,"","",6581DM,Malden
De Schoren,12,"","",6581DM,Malden
De Schoren,14,"","",6581DM,Malden
De Schoren,16,"","",6581DM,Malden
De Schoren,18,"","",6581DM,Malden
De Schoren,2,"","",6581DM,Malden
De Schoren,20,"","",6581DM,Malden
De Schoren,22,"","",6581DM,Malden
De Schoren,24,"","",6581DM,Malden
De Schoren,26,"","",6581DM,Malden
De Schoren,26,"",T001,6581DM,Malden
De Schoren,28,"","",6581DM,Malden
De Schoren,30,"","",6581DM,Malden
De Schoren,4,"","",6581DM,Malden
De Schoren,6,"","",6581DM,Malden
De Schoren,8,"","",6581DM,Malden
De Vang,1,"","",6581DN,Malden
De Vang,11,"","",6581DN,Malden
De Vang,13,"","",6581DN,Malden
De Vang,15,"","",6581DN,Malden
De Vang,17,"","",6581DN,Malden
De Vang,19,"","",6581DN,Malden
De Vang,21,"","",6581DN,Malden
De Vang,23,"","",6581DN,Malden
De Vang,25,"","",6581DN,Malden
De Vang,27,"","",6581DN,Malden
De Vang,5,"","",6581DN,Malden
De Vang,7,"","",6581DN,Malden
De Vang,9,"","",6581DN,Malden
De Vang,29,"","",6581DP,Malden
De Vang,31,"","",6581DP,Malden
De Vang,33,"","",6581DP,Malden
De Vang,35,"","",6581DP,Malden
De Vang,37,"","",6581DP,Malden
De Vang,39,"","",6581DP,Malden
De Vang,41,"","",6581DP,Malden
De Vang,43,"","",6581DP,Malden
De Vang,45,"","",6581DP,Malden
De Vang,47,"","",6581DP,Malden
De Vang,49,"","",6581DP,Malden
De Vang,51,"","",6581DP,Malden
De Vang,55,"","",6581DP,Malden
De Vang,10,"","",6581DR,Malden
De Vang,12,"","",6581DR,Malden
De Vang,14,"","",6581DR,Malden
De Vang,16,"","",6581DR,Malden
De Vang,18,"","",6581DR,Malden
De Vang,2,"","",6581DR,Malden
De Vang,20,"","",6581DR,Malden
De Vang,22,"","",6581DR,Malden
De Vang,24,"","",6581DR,Malden
De Vang,26,"","",6581DR,Malden
De Vang,4,"","",6581DR,Malden
De Vang,6,"","",6581DR,Malden
De Vang,8,"","",6581DR,Malden
De Vang,28,"","",6581DS,Malden
De Vang,30,"","",6581DS,Malden
De Vang,32,"","",6581DS,Malden
De Vang,34,"","",6581DS,Malden
De Vang,36,"","",6581DS,Malden
De Vang,38,"","",6581DS,Malden
De Vang,40,"","",6581DS,Malden
De Vang,42,"","",6581DS,Malden
De Vang,44,"","",6581DS,Malden
De Vang,46,"","",6581DS,Malden
De Vang,48,"","",6581DS,Malden
De Vang,50,"","",6581DS,Malden
De Vang,52,"","",6581DS,Malden
De Vang,54,"","",6581DS,Malden
De Vang,56,"","",6581DS,Malden
De Vang,58,"","",6581DS,Malden
De Vang,60,"","",6581DS,Malden
De Vang,62,"","",6581DS,Malden
Windvleugel,1,"","",6581DT,Malden
Windvleugel,11,"","",6581DT,Malden
Windvleugel,13,"","",6581DT,Malden
Windvleugel,15,"","",6581DT,Malden
Windvleugel,17,"","",6581DT,Malden
Windvleugel,19,"","",6581DT,Malden
Windvleugel,19,A,"",6581DT,Malden
Windvleugel,3,"","",6581DT,Malden
Windvleugel,5,"","",6581DT,Malden
Windvleugel,7,"","",6581DT,Malden
Windvleugel,7,A,"",6581DT,Malden
Windvleugel,7,B,"",6581DT,Malden
Windvleugel,9,"","",6581DT,Malden
Windvleugel,9,A,"",6581DT,Malden
Windvleugel,9,B,"",6581DT,Malden
Windvleugel,21,"","",6581DV,Malden
Windvleugel,23,"","",6581DV,Malden
Windvleugel,25,"","",6581DV,Malden
Windvleugel,27,"","",6581DV,Malden
Windvleugel,29,"","",6581DV,Malden
Windvleugel,31,"","",6581DV,Malden
Windvleugel,33,"","",6581DV,Malden
Windvleugel,35,"","",6581DV,Malden
Windvleugel,37,"","",6581DV,Malden
Windvleugel,39,"","",6581DV,Malden
Windvleugel,41,"","",6581DV,Malden
Windvleugel,43,"","",6581DV,Malden
Windvleugel,10,"","",6581DW,Malden
Windvleugel,12,"","",6581DW,Malden
Windvleugel,14,"","",6581DW,Malden
Windvleugel,16,"","",6581DW,Malden
Windvleugel,18,"","",6581DW,Malden
Windvleugel,2,"","",6581DW,Malden
Windvleugel,20,"","",6581DW,Malden
Windvleugel,22,"","",6581DW,Malden
Windvleugel,24,"","",6581DW,Malden
Windvleugel,26,"","",6581DW,Malden
Windvleugel,28,"","",6581DW,Malden
Windvleugel,30,"","",6581DW,Malden
Windvleugel,32,"","",6581DW,Malden
Windvleugel,4,"","",6581DW,Malden
Windvleugel,6,"","",6581DW,Malden
Windvleugel,8,"","",6581DW,Malden
Windvleugel,34,"","",6581DX,Malden
Windvleugel,36,"","",6581DX,Malden
Windvleugel,38,"","",6581DX,Malden
Windvleugel,40,"","",6581DX,Malden
Windvleugel,42,"","",6581DX,Malden
Windvleugel,44,"","",6581DX,Malden
Windvleugel,46,"","",6581DX,Malden
Windvleugel,48,"","",6581DX,Malden
Windvleugel,50,"","",6581DX,Malden
Windvleugel,52,"","",6581DX,Malden
De Zoom,1,"","",6581DZ,Malden
De Zoom,10,"","",6581DZ,Malden
De Zoom,2,"","",6581DZ,Malden
De Zoom,3,"","",6581DZ,Malden
De Zoom,4,"","",6581DZ,Malden
De Zoom,5,"","",6581DZ,Malden
De Zoom,6,"","",6581DZ,Malden
De Zoom,7,"","",6581DZ,Malden
De Zoom,8,"","",6581DZ,Malden
De Zoom,9,"","",6581DZ,Malden
Heiweg,10,"","",6581EB,Malden
Heiweg,10,"",T001,6581EB,Malden
Heiweg,10,A,"",6581EB,Malden
Heiweg,12,"","",6581EB,Malden
Heiweg,14,"","",6581EB,Malden
Heiweg,16,"","",6581EB,Malden
Heiweg,18,"","",6581EB,Malden
Heiweg,2,"","",6581EB,Malden
Heiweg,2,A,"",6581EB,Malden
Heiweg,20,"","",6581EB,Malden
Heiweg,22,"","",6581EB,Malden
Heiweg,22,A,"",6581EB,Malden
Heiweg,24,"","",6581EB,Malden
Heiweg,26,"","",6581EB,Malden
Heiweg,28,"","",6581EB,Malden
Heiweg,30,"","",6581EB,Malden
Heiweg,4,"","",6581EB,Malden
Heiweg,6,"","",6581EB,Malden
Heiweg,8,"","",6581EB,Malden
Rijksweg,69,"","",6581EG,Malden
Rijksweg,71,"","",6581EG,Malden
Rijksweg,73,"","",6581EG,Malden
Rijksweg,75,"","",6581EG,Malden
Rijksweg,77,"","",6581EG,Malden
Rijksweg,79,"","",6581EG,Malden
Rijksweg,81,"","",6581EG,Malden
Rijksweg,83,"","",6581EG,Malden
Rijksweg,83,A,"",6581EG,Malden
Rijksweg,85,"","",6581EG,Malden
Rijksweg,87,"","",6581EG,Malden
Rijksweg,89,"","",6581EG,Malden
Rijksweg,89,A,"",6581EG,Malden
Rijksweg,89,B,"",6581EG,Malden
Rijksweg,103,"","",6581EH,Malden
Rijksweg,105,"","",6581EH,Malden
Rijksweg,107,"","",6581EH,Malden
Rijksweg,109,"","",6581EH,Malden
Rijksweg,109,A,"",6581EH,Malden
Rijksweg,109,B,"",6581EH,Malden
Rijksweg,109,C,"",6581EH,Malden
Rijksweg,109,D,"",6581EH,Malden
Rijksweg,109,E,"",6581EH,Malden
Rijksweg,111,"","",6581EH,Malden
Rijksweg,113,"","",6581EH,Malden
Rijksweg,115,"","",6581EH,Malden
Rijksweg,117,"","",6581EH,Malden
Rijksweg,117,A,"",6581EH,Malden
Rijksweg,119,"","",6581EH,Malden
Rijksweg,121,"","",6581EH,Malden
Rijksweg,123,"","",6581EH,Malden
Rijksweg,125,"","",6581EH,Malden
Rijksweg,127,"","",6581EH,Malden
Rijksweg,129,"","",6581EH,Malden
Rijksweg,131,"","",6581EH,Malden
Rijksweg,131,A,"",6581EH,Malden
Rijksweg,133,"","",6581EH,Malden
Rijksweg,141,"","",6581EJ,Malden
Rijksweg,143,"","",6581EJ,Malden
Rijksweg,145,"","",6581EJ,Malden
Rijksweg,147,"","",6581EJ,Malden
Rijksweg,177,"","",6581EK,Malden
Rijksweg,179,"","",6581EK,Malden
Rijksweg,179,A,"",6581EK,Malden
Rijksweg,181,"","",6581EK,Malden
Rijksweg,183,"","",6581EK,Malden
Rijksweg,185,"","",6581EK,Malden
Rijksweg,187,"","",6581EK,Malden
Rijksweg,189,"","",6581EK,Malden
Rijksweg,189,A,"",6581EK,Malden
Rijksweg,189,B,"",6581EK,Malden
Rijksweg,189,C,"",6581EK,Malden
Rijksweg,191,"","",6581EK,Malden
Rijksweg,193,"","",6581EK,Malden
Rijksweg,195,"","",6581EK,Malden
Rijksweg,197,"","",6581EK,Malden
Rijksweg,201,"","",6581EK,Malden
Rijksweg,205,"","",6581EK,Malden
Rijksweg,207,"","",6581EK,Malden
Rijksweg,209,"","",6581EK,Malden
Rijksweg,209,"",T001,6581EK,Malden
Rijksweg,209,A,"",6581EK,Malden
Rijksweg,211,"","",6581EK,Malden
Rijksweg,213,"","",6581EK,Malden
Rijksweg,213,A,"",6581EK,Malden
Rijksweg,215,"","",6581EK,Malden
Bosweg,1,"","",6581KR,Malden
Bosweg,12,A,"",6581KR,Malden
Bosweg,14,"","",6581KR,Malden
Bosweg,14,"",T001,6581KR,Malden
Bosweg,2,"","",6581KR,Malden
Bosweg,3,"","",6581KR,Malden
Bosweg,4,"","",6581KR,Malden
Bosweg,5,"","",6581KR,Malden
Bosweg,8,"","",6581KR,Malden
Bosweg,8,A,"",6581KR,Malden
Lierseweg,1,"","",6581KT,Malden
Lierseweg,1,A,"",6581KT,Malden
Lierseweg,1,A,"",6581KT,Malden
Lierseweg,2,"","",6581KT,Malden
Lierseweg,3,"","",6581KT,Malden
Lierseweg,4,"","",6581KT,Malden
Sparrenhof,1,"","",6581NA,Malden
Sparrenhof,11,"","",6581NA,Malden
Sparrenhof,13,"","",6581NA,Malden
Sparrenhof,15,"","",6581NA,Malden
Sparrenhof,17,"","",6581NA,Malden
Sparrenhof,19,"","",6581NA,Malden
Sparrenhof,21,"","",6581NA,Malden
Sparrenhof,23,"","",6581NA,Malden
Sparrenhof,25,"","",6581NA,Malden
Sparrenhof,27,"","",6581NA,Malden
Sparrenhof,29,"","",6581NA,Malden
Sparrenhof,3,"","",6581NA,Malden
Sparrenhof,31,"","",6581NA,Malden
Sparrenhof,5,"","",6581NA,Malden
Sparrenhof,7,"","",6581NA,Malden
Sparrenhof,9,"","",6581NA,Malden
Sparrenhof,10,"","",6581NB,Malden
Sparrenhof,12,"","",6581NB,Malden
Sparrenhof,14,"","",6581NB,Malden
Sparrenhof,16,"","",6581NB,Malden
Sparrenhof,18,"","",6581NB,Malden
Sparrenhof,2,"","",6581NB,Malden
Sparrenhof,20,"","",6581NB,Malden
Sparrenhof,4,"","",6581NB,Malden
Sparrenhof,6,"","",6581NB,Malden
Sparrenhof,8,"","",6581NB,Malden
Iepenhof,1,"","",6581NC,Malden
Iepenhof,11,"","",6581NC,Malden
Iepenhof,13,"","",6581NC,Malden
Iepenhof,15,"","",6581NC,Malden
Iepenhof,17,"","",6581NC,Malden
Iepenhof,19,"","",6581NC,Malden
Iepenhof,21,"","",6581NC,Malden
Iepenhof,23,"","",6581NC,Malden
Iepenhof,25,"","",6581NC,Malden
Iepenhof,27,"","",6581NC,Malden
Iepenhof,29,"","",6581NC,Malden
Iepenhof,3,"","",6581NC,Malden
Iepenhof,31,"","",6581NC,Malden
Iepenhof,5,"","",6581NC,Malden
Iepenhof,7,"","",6581NC,Malden
Iepenhof,9,"","",6581NC,Malden
Iepenhof,10,"","",6581ND,Malden
Iepenhof,12,"","",6581ND,Malden
Iepenhof,14,"","",6581ND,Malden
Iepenhof,16,"","",6581ND,Malden
Iepenhof,18,"","",6581ND,Malden
Iepenhof,2,"","",6581ND,Malden
Iepenhof,20,"","",6581ND,Malden
Iepenhof,22,"","",6581ND,Malden
Iepenhof,4,"","",6581ND,Malden
Iepenhof,6,"","",6581ND,Malden
Iepenhof,8,"","",6581ND,Malden
Larikshof,1,"","",6581NE,Malden
Larikshof,11,"","",6581NE,Malden
Larikshof,13,"","",6581NE,Malden
Larikshof,15,"","",6581NE,Malden
Larikshof,17,"","",6581NE,Malden
Larikshof,3,"","",6581NE,Malden
Larikshof,5,"","",6581NE,Malden
Larikshof,7,"","",6581NE,Malden
Larikshof,9,"","",6581NE,Malden
Larikshof,10,"","",6581NG,Malden
Larikshof,12,"","",6581NG,Malden
Larikshof,14,"","",6581NG,Malden
Larikshof,16,"","",6581NG,Malden
Larikshof,2,"","",6581NG,Malden
Larikshof,4,"","",6581NG,Malden
Larikshof,6,"","",6581NG,Malden
Larikshof,8,"","",6581NG,Malden
Dennenhof,10,"","",6581NJ,Malden
Dennenhof,12,"","",6581NJ,Malden
Dennenhof,14,"","",6581NJ,Malden
Dennenhof,16,"","",6581NJ,Malden
Dennenhof,18,"","",6581NJ,Malden
Dennenhof,2,"","",6581NJ,Malden
Dennenhof,20,"","",6581NJ,Malden
Dennenhof,22,"","",6581NJ,Malden
Dennenhof,24,"","",6581NJ,Malden
Dennenhof,4,"","",6581NJ,Malden
Dennenhof,6,"","",6581NJ,Malden
Dennenhof,8,"","",6581NJ,Malden
Esdoornhof,1,"","",6581NK,Malden
Esdoornhof,11,"","",6581NK,Malden
Esdoornhof,13,"","",6581NK,Malden
Esdoornhof,15,"","",6581NK,Malden
Esdoornhof,17,"","",6581NK,Malden
Esdoornhof,19,"","",6581NK,Malden
Esdoornhof,3,"","",6581NK,Malden
Esdoornhof,5,"","",6581NK,Malden
Esdoornhof,7,"","",6581NK,Malden
Esdoornhof,9,"","",6581NK,Malden
Esdoornhof,10,"","",6581NL,Malden
Esdoornhof,12,"","",6581NL,Malden
Esdoornhof,14,"","",6581NL,Malden
Esdoornhof,16,"","",6581NL,Malden
Esdoornhof,2,"","",6581NL,Malden
Esdoornhof,4,"","",6581NL,Malden
Esdoornhof,6,"","",6581NL,Malden
Esdoornhof,8,"","",6581NL,Malden
Douglashof,10,"","",6581PA,Malden
Douglashof,12,"","",6581PA,Malden
Douglashof,14,"","",6581PA,Malden
Douglashof,16,"","",6581PA,Malden
Douglashof,2,"","",6581PA,Malden
Douglashof,4,"","",6581PA,Malden
Douglashof,6,"","",6581PA,Malden
Douglashof,8,"","",6581PA,Malden
Eikendreef,1,"","",6581PB,Malden
Eikendreef,1,"",T001,6581PB,Malden
Eikendreef,11,"","",6581PB,Malden
Eikendreef,13,"","",6581PB,Malden
Eikendreef,15,"","",6581PB,Malden
Eikendreef,17,"","",6581PB,Malden
Eikendreef,19,"","",6581PB,Malden
Eikendreef,21,"","",6581PB,Malden
Eikendreef,27,"","",6581PB,Malden
Eikendreef,29,"","",6581PB,Malden
Eikendreef,3,"","",6581PB,Malden
Eikendreef,31,"","",6581PB,Malden
Eikendreef,33,"","",6581PB,Malden
Eikendreef,35,"","",6581PB,Malden
Eikendreef,39,"","",6581PB,Malden
Eikendreef,41,"","",6581PB,Malden
Eikendreef,43,"","",6581PB,Malden
Eikendreef,45,"","",6581PB,Malden
Eikendreef,47,"","",6581PB,Malden
Eikendreef,49,"","",6581PB,Malden
Eikendreef,5,"","",6581PB,Malden
Eikendreef,51,"","",6581PB,Malden
Eikendreef,53,"","",6581PB,Malden
Eikendreef,7,"","",6581PB,Malden
Eikendreef,9,"","",6581PB,Malden
Eikendreef,55,"","",6581PC,Malden
Eikendreef,57,"","",6581PC,Malden
Eikendreef,59,"","",6581PC,Malden
Eikendreef,61,"","",6581PC,Malden
Eikendreef,63,"","",6581PC,Malden
Eikendreef,65,"","",6581PC,Malden
Eikendreef,67,"","",6581PC,Malden
Eikendreef,69,"","",6581PC,Malden
Eikendreef,71,"","",6581PC,Malden
Eikendreef,73,"","",6581PC,Malden
Eikendreef,75,"","",6581PC,Malden
Eikendreef,77,"","",6581PC,Malden
Eikendreef,79,"","",6581PC,Malden
Eikendreef,81,"","",6581PC,Malden
Eikendreef,83,"","",6581PC,Malden
Eikendreef,85,"","",6581PC,Malden
Eikendreef,87,"","",6581PC,Malden
Eikendreef,89,"","",6581PC,Malden
Eikendreef,10,"","",6581PE,Malden
Eikendreef,12,"","",6581PE,Malden
Eikendreef,14,"","",6581PE,Malden
Eikendreef,16,"","",6581PE,Malden
Eikendreef,18,"","",6581PE,Malden
Eikendreef,2,"","",6581PE,Malden
Eikendreef,20,"","",6581PE,Malden
Eikendreef,22,"","",6581PE,Malden
Eikendreef,24,"","",6581PE,Malden
Eikendreef,26,"","",6581PE,Malden
Eikendreef,28,"","",6581PE,Malden
Eikendreef,30,"","",6581PE,Malden
Eikendreef,32,"","",6581PE,Malden
Eikendreef,34,"","",6581PE,Malden
Eikendreef,36,"","",6581PE,Malden
Eikendreef,38,"","",6581PE,Malden
Eikendreef,4,"","",6581PE,Malden
Eikendreef,40,"","",6581PE,Malden
Eikendreef,42,"","",6581PE,Malden
Eikendreef,44,"","",6581PE,Malden
Eikendreef,46,"","",6581PE,Malden
Eikendreef,48,"","",6581PE,Malden
Eikendreef,50,"","",6581PE,Malden
Eikendreef,52,"","",6581PE,Malden
Eikendreef,6,"","",6581PE,Malden
Eikendreef,8,"","",6581PE,Malden
Eikendreef,100,"","",6581PG,Malden
Eikendreef,54,"","",6581PG,Malden
Eikendreef,56,"","",6581PG,Malden
Eikendreef,58,"","",6581PG,Malden
Eikendreef,60,"","",6581PG,Malden
Eikendreef,62,"","",6581PG,Malden
Eikendreef,64,"","",6581PG,Malden
Eikendreef,66,"","",6581PG,Malden
Eikendreef,68,"","",6581PG,Malden
Eikendreef,70,"","",6581PG,Malden
Eikendreef,72,"","",6581PG,Malden
Eikendreef,74,"","",6581PG,Malden
Eikendreef,76,"","",6581PG,Malden
Eikendreef,78,"","",6581PG,Malden
Eikendreef,80,"","",6581PG,Malden
Eikendreef,82,"","",6581PG,Malden
Eikendreef,84,"","",6581PG,Malden
Eikendreef,86,"","",6581PG,Malden
Eikendreef,88,"","",6581PG,Malden
Eikendreef,90,"","",6581PG,Malden
Eikendreef,92,"","",6581PG,Malden
Eikendreef,94,"","",6581PG,Malden
Eikendreef,96,"","",6581PG,Malden
Eikendreef,98,"","",6581PG,Malden
Beukenhof,1,"","",6581PJ,Malden
Beukenhof,11,"","",6581PJ,Malden
Beukenhof,13,"","",6581PJ,Malden
Beukenhof,15,"","",6581PJ,Malden
Beukenhof,17,"","",6581PJ,Malden
Beukenhof,19,"","",6581PJ,Malden
Beukenhof,21,"","",6581PJ,Malden
Beukenhof,23,"","",6581PJ,Malden
Beukenhof,25,"","",6581PJ,Malden
Beukenhof,27,"","",6581PJ,Malden
Beukenhof,29,"","",6581PJ,Malden
Beukenhof,3,"","",6581PJ,Malden
Beukenlaan,3,"",T001,6581PJ,Malden
Beukenlaan,3,"",T002,6581PJ,Malden
Beukenhof,31,"","",6581PJ,Malden
Beukenhof,5,"","",6581PJ,Malden
Beukenhof,7,"","",6581PJ,Malden
Beukenhof,9,"","",6581PJ,Malden
Berkenlaan,1,"","",6581PL,Malden
Berkenlaan,11,"","",6581PL,Malden
Berkenlaan,13,"","",6581PL,Malden
Berkenlaan,15,"","",6581PL,Malden
Berkenlaan,17,"","",6581PL,Malden
Berkenlaan,19,"","",6581PL,Malden
Berkenlaan,21,"","",6581PL,Malden
Berkenlaan,3,"","",6581PL,Malden
Berkenlaan,5,"","",6581PL,Malden
Berkenlaan,7,"","",6581PL,Malden
Berkenlaan,9,"","",6581PL,Malden
Berkenlaan,25,"","",6581PM,Malden
Berkenlaan,27,"","",6581PM,Malden
Berkenlaan,29,"","",6581PM,Malden
Berkenlaan,31,"","",6581PM,Malden
Berkenlaan,33,"","",6581PM,Malden
Berkenlaan,35,"","",6581PM,Malden
Berkenlaan,37,"","",6581PM,Malden
Berkenlaan,39,"","",6581PM,Malden
Berkenlaan,41,"","",6581PM,Malden
Berkenlaan,43,"","",6581PM,Malden
Berkenlaan,45,"","",6581PM,Malden
Berkenlaan,47,"","",6581PM,Malden
Berkenlaan,49,"","",6581PM,Malden
Berkenlaan,51,"","",6581PM,Malden
Berkenlaan,53,"","",6581PM,Malden
Berkenlaan,55,"","",6581PM,Malden
Berkenlaan,57,"","",6581PM,Malden
Berkenlaan,59,"","",6581PM,Malden
Berkenlaan,61,"","",6581PM,Malden
Berkenlaan,63,"","",6581PM,Malden
Berkenlaan,65,"","",6581PM,Malden
Berkenlaan,67,"","",6581PM,Malden
Berkenlaan,69,"","",6581PM,Malden
Berkenlaan,71,"","",6581PM,Malden
Berkenlaan,73,"","",6581PM,Malden
Berkenlaan,10,"","",6581PN,Malden
Berkenlaan,12,"","",6581PN,Malden
Berkenlaan,14,"","",6581PN,Malden
Berkenlaan,16,"","",6581PN,Malden
Berkenlaan,18,"","",6581PN,Malden
Berkenlaan,2,"","",6581PN,Malden
Berkenlaan,20,"","",6581PN,Malden
Berkenlaan,22,"","",6581PN,Malden
Berkenlaan,24,"","",6581PN,Malden
Berkenlaan,26,"","",6581PN,Malden
Berkenlaan,4,"","",6581PN,Malden
Berkenlaan,6,"","",6581PN,Malden
Berkenlaan,8,"","",6581PN,Malden
Berkenlaan,28,"","",6581PP,Malden
Berkenlaan,30,"","",6581PP,Malden
Berkenlaan,32,"","",6581PP,Malden
Berkenlaan,34,"","",6581PP,Malden
Berkenlaan,36,"","",6581PP,Malden
Berkenlaan,38,"","",6581PP,Malden
Berkenlaan,40,"","",6581PP,Malden
Berkenlaan,42,"","",6581PP,Malden
Berkenlaan,44,"","",6581PP,Malden
Berkenlaan,46,"","",6581PP,Malden
Berkenlaan,48,"","",6581PP,Malden
Berkenlaan,50,"","",6581PP,Malden
Berkenlaan,52,"","",6581PP,Malden
Berkenlaan,54,"","",6581PP,Malden
Berkenlaan,56,"","",6581PP,Malden
Lindenhof,10,"","",6581PS,Malden
Lindenhof,12,"","",6581PS,Malden
Lindenhof,14,"","",6581PS,Malden
Lindenhof,16,"","",6581PS,Malden
Lindenhof,18,"","",6581PS,Malden
Lindenhof,2,"","",6581PS,Malden
Lindenhof,20,"","",6581PS,Malden
Lindenhof,22,"","",6581PS,Malden
Lindenhof,24,"","",6581PS,Malden
Lindenhof,26,"","",6581PS,Malden
Lindenhof,28,"","",6581PS,Malden
Lindenhof,30,"","",6581PS,Malden
Lindenhof,32,"","",6581PS,Malden
Lindenhof,34,"","",6581PS,Malden
Lindenhof,36,"","",6581PS,Malden
Lindenhof,38,"","",6581PS,Malden
Lindenhof,4,"","",6581PS,Malden
Lindenhof,40,"","",6581PS,Malden
Lindenhof,40,"",T001,6581PS,Malden
Lindenhof,6,"","",6581PS,Malden
Lindenhof,8,"","",6581PS,Malden
Lijsterbeshof,1,"","",6581PT,Malden
Lijsterbeshof,11,"","",6581PT,Malden
Lijsterbeshof,3,"","",6581PT,Malden
Lijsterbeshof,5,"","",6581PT,Malden
Lijsterbeshof,7,"","",6581PT,Malden
Lijsterbeshof,9,"","",6581PT,Malden
Lijsterbeshof,10,"","",6581PV,Malden
Lijsterbeshof,12,"","",6581PV,Malden
Lijsterbeshof,2,"","",6581PV,Malden
Lijsterbeshof,4,"","",6581PV,Malden
Lijsterbeshof,6,"","",6581PV,Malden
Lijsterbeshof,8,"","",6581PV,Malden
Kastanjelaan,1,"","",6581PW,Malden
Kastanjelaan,11,"","",6581PW,Malden
Kastanjelaan,13,"","",6581PW,Malden
Kastanjelaan,15,"","",6581PW,Malden
Kastanjelaan,17,"","",6581PW,Malden
Kastanjelaan,19,"","",6581PW,Malden
Kastanjelaan,21,"","",6581PW,Malden
Kastanjelaan,23,"","",6581PW,Malden
Kastanjelaan,3,"","",6581PW,Malden
Kastanjelaan,5,"","",6581PW,Malden
Kastanjelaan,7,"","",6581PW,Malden
Kastanjelaan,9,"","",6581PW,Malden
Kastanjelaan,10,"","",6581PX,Malden
Kastanjelaan,12,"","",6581PX,Malden
Kastanjelaan,14,"","",6581PX,Malden
Kastanjelaan,16,"","",6581PX,Malden
Kastanjelaan,18,"","",6581PX,Malden
Kastanjelaan,2,"","",6581PX,Malden
Kastanjelaan,20,"","",6581PX,Malden
Kastanjelaan,22,"","",6581PX,Malden
Kastanjelaan,24,"","",6581PX,Malden
Kastanjelaan,26,"","",6581PX,Malden
Kastanjelaan,28,"","",6581PX,Malden
Kastanjelaan,30,"","",6581PX,Malden
Kastanjelaan,32,"","",6581PX,Malden
Kastanjelaan,34,"","",6581PX,Malden
Kastanjelaan,36,"","",6581PX,Malden
Kastanjelaan,38,"","",6581PX,Malden
Kastanjelaan,4,"","",6581PX,Malden
Kastanjelaan,40,"","",6581PX,Malden
Kastanjelaan,42,"","",6581PX,Malden
Kastanjelaan,44,"","",6581PX,Malden
Kastanjelaan,6,"","",6581PX,Malden
Kastanjelaan,8,"","",6581PX,Malden
Het Vlas,1,"","",6581RA,Malden
Het Vlas,10,"","",6581RA,Malden
Het Vlas,11,"","",6581RA,Malden
Het Vlas,11,"",G001,6581RA,Malden
Het Vlas,11,"",G002,6581RA,Malden
Het Vlas,11,"",G003,6581RA,Malden
Het Vlas,11,"",G004,6581RA,Malden
Het Vlas,11,"",G005,6581RA,Malden
Het Vlas,12,"","",6581RA,Malden
Het Vlas,13,"","",6581RA,Malden
Het Vlas,2,"","",6581RA,Malden
Het Vlas,3,"","",6581RA,Malden
Het Vlas,4,"","",6581RA,Malden
Het Vlas,5,"","",6581RA,Malden
Het Vlas,6,"","",6581RA,Malden
Het Vlas,7,"","",6581RA,Malden
Het Vlas,8,"","",6581RA,Malden
Het Vlas,9,"","",6581RA,Malden
Haver,1,"","",6581RB,Malden
Haver,11,"","",6581RB,Malden
Haver,13,"","",6581RB,Malden
Haver,15,"","",6581RB,Malden
Haver,17,"","",6581RB,Malden
Haver,21,"","",6581RB,Malden
Haver,23,"","",6581RB,Malden
Haver,25,"","",6581RB,Malden
Haver,27,"","",6581RB,Malden
Haver,29,"","",6581RB,Malden
Haver,3,"","",6581RB,Malden
Haver,31,"","",6581RB,Malden
Haver,33,"","",6581RB,Malden
Haver,35,"","",6581RB,Malden
Haver,37,"","",6581RB,Malden
Haver,39,"","",6581RB,Malden
Haver,41,"","",6581RB,Malden
Haver,43,"","",6581RB,Malden
Haver,45,"","",6581RB,Malden
Haver,47,"","",6581RB,Malden
Haver,49,"","",6581RB,Malden
Haver,5,"","",6581RB,Malden
Haver,51,"","",6581RB,Malden
Haver,53,"","",6581RB,Malden
Haver,55,"","",6581RB,Malden
Haver,57,"","",6581RB,Malden
Haver,59,"","",6581RB,Malden
Haver,61,"","",6581RB,Malden
Haver,63,"","",6581RB,Malden
Haver,65,"","",6581RB,Malden
Haver,67,"","",6581RB,Malden
Haver,7,"","",6581RB,Malden
Haver,9,"","",6581RB,Malden
Haver,12,"","",6581RC,Malden
Haver,14,"","",6581RC,Malden
Haver,16,"","",6581RC,Malden
Haver,18,"","",6581RC,Malden
Haver,2,"","",6581RC,Malden
Haver,20,"","",6581RC,Malden
Haver,22,"","",6581RC,Malden
Haver,24,"","",6581RC,Malden
Haver,26,"","",6581RC,Malden
Haver,28,"","",6581RC,Malden
Haver,30,"","",6581RC,Malden
Haver,32,"","",6581RC,Malden
Haver,34,"","",6581RC,Malden
Haver,36,"","",6581RC,Malden
Haver,38,"","",6581RC,Malden
Haver,4,"","",6581RC,Malden
Haver,40,"","",6581RC,Malden
Haver,42,"","",6581RC,Malden
Haver,44,"","",6581RC,Malden
Haver,46,"","",6581RC,Malden
Haver,48,"","",6581RC,Malden
Haver,52,"","",6581RC,Malden
Haver,54,"","",6581RC,Malden
Haver,6,"","",6581RC,Malden
Gerst,10,"","",6581RD,Malden
Gerst,12,"","",6581RD,Malden
Gerst,14,"","",6581RD,Malden
Gerst,16,"","",6581RD,Malden
Gerst,18,"","",6581RD,Malden
Gerst,2,"","",6581RD,Malden
Gerst,20,"","",6581RD,Malden
Gerst,22,"","",6581RD,Malden
Gerst,24,"","",6581RD,Malden
Gerst,26,"","",6581RD,Malden
Gerst,28,"","",6581RD,Malden
Gerst,3,"","",6581RD,Malden
Gerst,30,"","",6581RD,Malden
Gerst,32,"","",6581RD,Malden
Gerst,4,"","",6581RD,Malden
Gerst,6,"","",6581RD,Malden
Gerst,8,"","",6581RD,Malden
Dravik,1,"","",6581RE,Malden
Dravik,11,"","",6581RE,Malden
Dravik,13,"","",6581RE,Malden
Dravik,15,"","",6581RE,Malden
Dravik,17,"","",6581RE,Malden
Dravik,19,"","",6581RE,Malden
Dravik,21,"","",6581RE,Malden
Dravik,23,"","",6581RE,Malden
Dravik,25,"","",6581RE,Malden
Dravik,27,"","",6581RE,Malden
Dravik,3,"","",6581RE,Malden
Dravik,5,"","",6581RE,Malden
Dravik,7,"","",6581RE,Malden
Dravik,9,"","",6581RE,Malden
Dravik,10,"","",6581RG,Malden
Dravik,12,"","",6581RG,Malden
Dravik,14,"","",6581RG,Malden
Dravik,16,"","",6581RG,Malden
Dravik,18,"","",6581RG,Malden
Dravik,2,"","",6581RG,Malden
Dravik,20,"","",6581RG,Malden
Dravik,22,"","",6581RG,Malden
Dravik,24,"","",6581RG,Malden
Dravik,26,"","",6581RG,Malden
Dravik,28,"","",6581RG,Malden
Dravik,30,"","",6581RG,Malden
Dravik,32,"","",6581RG,Malden
Dravik,34,"","",6581RG,Malden
Dravik,36,"","",6581RG,Malden
Dravik,38,"","",6581RG,Malden
Dravik,4,"","",6581RG,Malden
Dravik,40,"","",6581RG,Malden
Dravik,42,"","",6581RG,Malden
Dravik,44,"","",6581RG,Malden
Dravik,46,"","",6581RG,Malden
Dravik,48,"","",6581RG,Malden
Dravik,50,"","",6581RG,Malden
Dravik,6,"","",6581RG,Malden
Dravik,8,"","",6581RG,Malden
De Bies,1,"","",6581RH,Malden
De Bies,11,"","",6581RH,Malden
De Bies,13,"","",6581RH,Malden
De Bies,15,"","",6581RH,Malden
De Bies,17,"","",6581RH,Malden
De Bies,19,"","",6581RH,Malden
De Bies,21,"","",6581RH,Malden
De Bies,23,"","",6581RH,Malden
De Bies,25,"","",6581RH,Malden
De Bies,27,"","",6581RH,Malden
De Bies,29,"","",6581RH,Malden
De Bies,3,"","",6581RH,Malden
De Bies,31,"","",6581RH,Malden
De Bies,33,"","",6581RH,Malden
De Bies,5,"","",6581RH,Malden
De Bies,7,"","",6581RH,Malden
De Bies,9,"","",6581RH,Malden
De Bies,10,"","",6581RJ,Malden
De Bies,12,"","",6581RJ,Malden
De Bies,14,"","",6581RJ,Malden
De Bies,16,"","",6581RJ,Malden
De Bies,18,"","",6581RJ,Malden
De Bies,2,"","",6581RJ,Malden
De Bies,20,"","",6581RJ,Malden
De Bies,22,"","",6581RJ,Malden
De Bies,24,"","",6581RJ,Malden
De Bies,26,"","",6581RJ,Malden
De Bies,28,"","",6581RJ,Malden
De Bies,30,"","",6581RJ,Malden
De Bies,32,"","",6581RJ,Malden
De Bies,34,"","",6581RJ,Malden
De Bies,4,"","",6581RJ,Malden
De Bies,6,"","",6581RJ,Malden
De Bies,8,"","",6581RJ,Malden
Zwenkgras,1,"","",6581RK,Malden
Zwenkgras,11,"","",6581RK,Malden
Zwenkgras,13,"","",6581RK,Malden
Zwenkgras,15,"","",6581RK,Malden
Zwenkgras,17,"","",6581RK,Malden
Zwenkgras,19,"","",6581RK,Malden
Zwenkgras,21,"","",6581RK,Malden
Zwenkgras,23,"","",6581RK,Malden
Zwenkgras,25,"","",6581RK,Malden
Zwenkgras,27,"","",6581RK,Malden
Zwenkgras,29,"","",6581RK,Malden
Zwenkgras,3,"","",6581RK,Malden
Zwenkgras,31,"","",6581RK,Malden
Zwenkgras,33,"","",6581RK,Malden
Zwenkgras,35,"","",6581RK,Malden
Zwenkgras,37,"","",6581RK,Malden
Zwenkgras,39,"","",6581RK,Malden
Zwenkgras,5,"","",6581RK,Malden
Zwenkgras,7,"","",6581RK,Malden
Zwenkgras,9,"","",6581RK,Malden
Zwenkgras,10,"","",6581RL,Malden
Zwenkgras,12,"","",6581RL,Malden
Zwenkgras,14,"","",6581RL,Malden
Zwenkgras,16,"","",6581RL,Malden
Zwenkgras,18,"","",6581RL,Malden
Zwenkgras,2,"","",6581RL,Malden
Zwenkgras,20,"","",6581RL,Malden
Zwenkgras,22,"","",6581RL,Malden
Zwenkgras,24,"","",6581RL,Malden
Zwenkgras,26,"","",6581RL,Malden
Zwenkgras,28,"","",6581RL,Malden
Zwenkgras,30,"","",6581RL,Malden
Zwenkgras,32,"","",6581RL,Malden
Zwenkgras,34,"","",6581RL,Malden
Zwenkgras,4,"","",6581RL,Malden
Zwenkgras,6,"","",6581RL,Malden
Zwenkgras,8,"","",6581RL,Malden
Pitrus,1,"","",6581RM,Malden
Pitrus,11,"","",6581RM,Malden
Pitrus,13,"","",6581RM,Malden
Pitrus,15,"","",6581RM,Malden
Pitrus,17,"","",6581RM,Malden
Pitrus,19,"","",6581RM,Malden
Pitrus,21,"","",6581RM,Malden
Pitrus,23,"","",6581RM,Malden
Pitrus,25,"","",6581RM,Malden
Pitrus,27,"","",6581RM,Malden
Pitrus,29,"","",6581RM,Malden
Pitrus,3,"","",6581RM,Malden
Pitrus,31,"","",6581RM,Malden
Pitrus,33,"","",6581RM,Malden
Pitrus,35,"","",6581RM,Malden
Pitrus,37,"","",6581RM,Malden
Pitrus,5,"","",6581RM,Malden
Pitrus,7,"","",6581RM,Malden
Pitrus,9,"","",6581RM,Malden
Pitrus,61,"","",6581RP,Malden
Pitrus,63,"","",6581RP,Malden
Pitrus,65,"","",6581RP,Malden
Pitrus,67,"","",6581RP,Malden
Pitrus,69,"","",6581RP,Malden
Pitrus,71,"","",6581RP,Malden
Pitrus,73,"","",6581RP,Malden
Pitrus,75,"","",6581RP,Malden
Pitrus,10,"","",6581RR,Malden
Pitrus,12,"","",6581RR,Malden
Pitrus,14,"","",6581RR,Malden
Pitrus,16,"","",6581RR,Malden
Pitrus,18,"","",6581RR,Malden
Pitrus,2,"","",6581RR,Malden
Pitrus,20,"","",6581RR,Malden
Pitrus,22,"","",6581RR,Malden
Pitrus,24,"","",6581RR,Malden
Pitrus,26,"","",6581RR,Malden
Pitrus,28,"","",6581RR,Malden
Pitrus,30,"","",6581RR,Malden
Pitrus,32,"","",6581RR,Malden
Pitrus,4,"","",6581RR,Malden
Pitrus,6,"","",6581RR,Malden
Pitrus,8,"","",6581RR,Malden
Dorsing,1,"","",6581RT,Malden
Dorsing,10,"","",6581RV,Malden
Dorsing,12,"","",6581RV,Malden
Dorsing,14,"","",6581RV,Malden
Dorsing,16,"","",6581RV,Malden
Dorsing,18,"","",6581RV,Malden
Dorsing,2,"","",6581RV,Malden
Dorsing,20,"","",6581RV,Malden
Dorsing,22,"","",6581RV,Malden
Dorsing,24,"","",6581RV,Malden
Dorsing,26,"","",6581RV,Malden
Dorsing,28,"","",6581RV,Malden
Dorsing,30,"","",6581RV,Malden
Dorsing,4,"","",6581RV,Malden
Dorsing,6,"","",6581RV,Malden
Dorsing,8,"","",6581RV,Malden
Tarwe,1,"","",6581RX,Malden
Tarwe,10,"","",6581RX,Malden
Tarwe,11,"","",6581RX,Malden
Tarwe,12,"","",6581RX,Malden
Tarwe,13,"","",6581RX,Malden
Tarwe,15,"","",6581RX,Malden
Tarwe,17,"","",6581RX,Malden
Tarwe,19,"","",6581RX,Malden
Tarwe,2,"","",6581RX,Malden
Tarwe,21,"","",6581RX,Malden
Tarwe,23,"","",6581RX,Malden
Tarwe,25,"","",6581RX,Malden
Tarwe,27,"","",6581RX,Malden
Tarwe,29,"","",6581RX,Malden
Tarwe,3,"","",6581RX,Malden
Tarwe,31,"","",6581RX,Malden
Tarwe,4,"","",6581RX,Malden
Tarwe,5,"","",6581RX,Malden
Tarwe,6,"","",6581RX,Malden
Tarwe,7,"","",6581RX,Malden
Tarwe,8,"","",6581RX,Malden
Tarwe,9,"","",6581RX,Malden
Rogge,1,"","",6581RZ,Malden
Rogge,10,"","",6581RZ,Malden
Rogge,14,"","",6581RZ,Malden
Rogge,16,"","",6581RZ,Malden
Rogge,18,"","",6581RZ,Malden
Rogge,2,"","",6581RZ,Malden
Rogge,20,"","",6581RZ,Malden
Rogge,22,"","",6581RZ,Malden
Rogge,24,"","",6581RZ,Malden
Rogge,26,"","",6581RZ,Malden
Rogge,28,"","",6581RZ,Malden
Rogge,3,"","",6581RZ,Malden
Rogge,30,"","",6581RZ,Malden
Rogge,32,"","",6581RZ,Malden
Rogge,34,"","",6581RZ,Malden
Rogge,36,"","",6581RZ,Malden
Rogge,38,"","",6581RZ,Malden
Rogge,4,"","",6581RZ,Malden
Rogge,40,"","",6581RZ,Malden
Rogge,5,"","",6581RZ,Malden
Rogge,6,"","",6581RZ,Malden
Rogge,7,"","",6581RZ,Malden
Rogge,8,"","",6581RZ,Malden
Rogge,9,"","",6581RZ,Malden
Rogge,9,"",T001,6581RZ,Malden
Strowis,10,"","",6581SB,Malden
Strowis,12,"","",6581SB,Malden
Strowis,2,"","",6581SB,Malden
Strowis,4,"","",6581SB,Malden
Strowis,6,"","",6581SB,Malden
Strowis,8,"","",6581SB,Malden
Eef Hoedtstraat,9,"","",6581SB,Huissen
Schoof,1,"","",6581SC,Malden
Schoof,11,"","",6581SC,Malden
Schoof,13,"","",6581SC,Malden
Schoof,15,"","",6581SC,Malden
Schoof,17,"","",6581SC,Malden
Schoof,19,"","",6581SC,Malden
Schoof,21,"","",6581SC,Malden
Schoof,23,"","",6581SC,Malden
Schoof,25,"","",6581SC,Malden
Schoof,3,"","",6581SC,Malden
Schoof,5,"","",6581SC,Malden
Schoof,7,"","",6581SC,Malden
Schoof,9,"","",6581SC,Malden
Schoof,27,"","",6581SE,Malden
Schoof,29,"","",6581SE,Malden
Schoof,31,"","",6581SE,Malden
Schoof,33,"","",6581SE,Malden
Schoof,35,"","",6581SE,Malden
Schoof,37,"","",6581SE,Malden
Schoof,39,"","",6581SE,Malden
Schoof,41,"","",6581SE,Malden
Schoof,43,"","",6581SE,Malden
Schoof,45,"","",6581SE,Malden
Schoof,47,"","",6581SE,Malden
Schoof,49,"","",6581SE,Malden
Schoof,51,"","",6581SE,Malden
Schoof,53,"","",6581SE,Malden
Schoof,55,"","",6581SE,Malden
Schoof,57,"","",6581SE,Malden
Schoof,10,"","",6581SG,Malden
Schoof,12,"","",6581SG,Malden
Schoof,14,"","",6581SG,Malden
Schoof,16,"","",6581SG,Malden
Schoof,18,"","",6581SG,Malden
Schoof,2,"","",6581SG,Malden
Schoof,20,"","",6581SG,Malden
Schoof,22,"","",6581SG,Malden
Schoof,24,"","",6581SG,Malden
Schoof,26,"","",6581SG,Malden
Schoof,28,"","",6581SG,Malden
Schoof,30,"","",6581SG,Malden
Schoof,32,"","",6581SG,Malden
Schoof,34,"","",6581SG,Malden
Schoof,36,"","",6581SG,Malden
Schoof,38,"","",6581SG,Malden
Schoof,4,"","",6581SG,Malden
Schoof,40,"","",6581SG,Malden
Schoof,6,"","",6581SG,Malden
Schoof,8,"","",6581SG,Malden
Schoof,42,"","",6581SH,Malden
Schoof,44,"","",6581SH,Malden
Schoof,46,"","",6581SH,Malden
Schoof,48,"","",6581SH,Malden
Schoof,50,"","",6581SH,Malden
Schoof,52,"","",6581SH,Malden
Schoof,54,"","",6581SH,Malden
Schoof,56,"","",6581SH,Malden
Schoof,58,"","",6581SH,Malden
Schoof,60,"","",6581SH,Malden
Schoof,62,"","",6581SH,Malden
Schoof,64,"","",6581SH,Malden
Schoof,66,"","",6581SH,Malden
Schoof,68,"","",6581SH,Malden
Schoof,70,"","",6581SH,Malden
De Garf,1,"","",6581SJ,Malden
De Garf,11,"","",6581SJ,Malden
De Garf,13,"","",6581SJ,Malden
De Garf,15,"","",6581SJ,Malden
De Garf,17,"","",6581SJ,Malden
De Garf,19,"","",6581SJ,Malden
De Garf,21,"","",6581SJ,Malden
De Garf,23,"","",6581SJ,Malden
De Garf,25,"","",6581SJ,Malden
De Garf,3,"","",6581SJ,Malden
De Garf,5,"","",6581SJ,Malden
De Garf,7,"","",6581SJ,Malden
De Garf,9,"","",6581SJ,Malden
De Garf,10,"","",6581SK,Malden
De Garf,12,"","",6581SK,Malden
De Garf,14,"","",6581SK,Malden
De Garf,16,"","",6581SK,Malden
De Garf,18,"","",6581SK,Malden
De Garf,2,"","",6581SK,Malden
De Garf,20,"","",6581SK,Malden
De Garf,22,"","",6581SK,Malden
De Garf,24,"","",6581SK,Malden
De Garf,26,"","",6581SK,Malden
De Garf,28,"","",6581SK,Malden
De Garf,30,"","",6581SK,Malden
De Garf,32,"","",6581SK,Malden
De Garf,34,"","",6581SK,Malden
De Garf,36,"","",6581SK,Malden
De Garf,38,"","",6581SK,Malden
De Garf,4,"","",6581SK,Malden
De Garf,40,"","",6581SK,Malden
De Garf,42,"","",6581SK,Malden
De Garf,44,"","",6581SK,Malden
De Garf,6,"","",6581SK,Malden
De Garf,8,"","",6581SK,Malden
Hooischelf,1,"","",6581SL,Malden
Hooischelf,11,"","",6581SL,Malden
Hooischelf,11,"",T001,6581SL,Malden
Hooischelf,13,"","",6581SL,Malden
Hooischelf,15,"","",6581SL,Malden
Hooischelf,17,"","",6581SL,Malden
Hooischelf,19,"","",6581SL,Malden
Hooischelf,21,"","",6581SL,Malden
Hooischelf,23,"","",6581SL,Malden
Hooischelf,25,"","",6581SL,Malden
Hooischelf,27,"","",6581SL,Malden
Hooischelf,29,"","",6581SL,Malden
Hooischelf,3,"","",6581SL,Malden
Hooischelf,31,"","",6581SL,Malden
Hooischelf,5,"","",6581SL,Malden
Hooischelf,7,"","",6581SL,Malden
Hooischelf,9,"","",6581SL,Malden
Hooischelf,10,"","",6581SM,Malden
Hooischelf,12,"","",6581SM,Malden
Hooischelf,14,"","",6581SM,Malden
Hooischelf,16,"","",6581SM,Malden
Hooischelf,2,"","",6581SM,Malden
Hooischelf,4,"","",6581SM,Malden
Hooischelf,6,"","",6581SM,Malden
Hooischelf,8,"","",6581SM,Malden
Huikeling,1,"","",6581SN,Malden
Huikeling,10,"","",6581SN,Malden
Huikeling,11,"","",6581SN,Malden
Huikeling,12,"","",6581SN,Malden
Huikeling,13,"","",6581SN,Malden
Huikeling,15,"","",6581SN,Malden
Huikeling,17,"","",6581SN,Malden
Huikeling,19,"","",6581SN,Malden
Huikeling,2,"","",6581SN,Malden
Huikeling,21,"","",6581SN,Malden
Huikeling,23,"","",6581SN,Malden
Huikeling,25,"","",6581SN,Malden
Huikeling,27,"","",6581SN,Malden
Huikeling,29,"","",6581SN,Malden
Huikeling,3,"","",6581SN,Malden
Huikeling,31,"","",6581SN,Malden
Huikeling,33,"","",6581SN,Malden
Huikeling,35,"","",6581SN,Malden
Huikeling,37,"","",6581SN,Malden
Huikeling,39,"","",6581SN,Malden
Huikeling,4,"","",6581SN,Malden
Huikeling,41,"","",6581SN,Malden
Huikeling,43,"","",6581SN,Malden
Huikeling,45,"","",6581SN,Malden
Huikeling,5,"","",6581SN,Malden
Huikeling,6,"","",6581SN,Malden
Huikeling,7,"","",6581SN,Malden
Huikeling,8,"","",6581SN,Malden
Huikeling,9,"","",6581SN,Malden
Veldkamille,10,"","",6581SP,Malden
Veldkamille,12,"","",6581SP,Malden
Veldkamille,14,"","",6581SP,Malden
Veldkamille,16,"","",6581SP,Malden
Veldkamille,18,"","",6581SP,Malden
Veldkamille,2,"","",6581SP,Malden
Veldkamille,20,"","",6581SP,Malden
Veldkamille,22,"","",6581SP,Malden
Veldkamille,24,"","",6581SP,Malden
Veldkamille,26,"","",6581SP,Malden
Veldkamille,28,"","",6581SP,Malden
Veldkamille,4,"","",6581SP,Malden
Veldkamille,6,"","",6581SP,Malden
Veldkamille,8,"","",6581SP,Malden
Triangel,1,"","",6581TA,Malden
Triangel,10,"","",6581TA,Malden
Triangel,11,"","",6581TA,Malden
Triangel,2,"","",6581TA,Malden
Triangel,3,"","",6581TA,Malden
Triangel,4,"","",6581TA,Malden
Triangel,5,"","",6581TA,Malden
Triangel,6,"","",6581TA,Malden
Triangel,7,"","",6581TA,Malden
Triangel,8,"","",6581TA,Malden
Triangel,9,"","",6581TA,Malden
Veldsingel,192,"","",6581TB,Malden
Veldsingel,194,"","",6581TB,Malden
Veldsingel,196,"","",6581TB,Malden
Veldsingel,198,"","",6581TB,Malden
Veldsingel,200,"","",6581TB,Malden
Veldsingel,202,"","",6581TB,Malden
Veldsingel,204,"","",6581TB,Malden
Veldsingel,206,"","",6581TB,Malden
Veldsingel,208,"","",6581TB,Malden
Veldsingel,210,"","",6581TB,Malden
Veldsingel,212,"","",6581TB,Malden
Veldsingel,214,"","",6581TB,Malden
Veldsingel,216,"","",6581TB,Malden
Veldsingel,218,"","",6581TB,Malden
Veldsingel,220,"","",6581TB,Malden
Veldsingel,222,"","",6581TB,Malden
Veldsingel,224,"","",6581TB,Malden
Veldsingel,226,"","",6581TB,Malden
Veldsingel,228,"","",6581TB,Malden
Veldsingel,1,"","",6581TC,Malden
Veldsingel,10,"","",6581TC,Malden
Veldsingel,11,"","",6581TC,Malden
Veldsingel,12,"","",6581TC,Malden
Veldsingel,13,"","",6581TC,Malden
Veldsingel,14,"","",6581TC,Malden
Veldsingel,15,"","",6581TC,Malden
Veldsingel,16,"","",6581TC,Malden
Veldsingel,17,"","",6581TC,Malden
Veldsingel,18,"","",6581TC,Malden
Veldsingel,19,"","",6581TC,Malden
Veldsingel,2,"","",6581TC,Malden
Veldsingel,20,"","",6581TC,Malden
Veldsingel,21,"","",6581TC,Malden
Veldsingel,23,"","",6581TC,Malden
Veldsingel,25,"","",6581TC,Malden
Veldsingel,27,"","",6581TC,Malden
Veldsingel,29,"","",6581TC,Malden
Veldsingel,29,"","",6581TC,Malden
Veldsingel,29,A,"",6581TC,Malden
Veldsingel,29,A,"",6581TC,Malden
Veldsingel,29,B,"",6581TC,Malden
Veldsingel,29,B,"",6581TC,Malden
Veldsingel,29,C,"",6581TC,Malden
Veldsingel,29,D,"",6581TC,Malden
Veldsingel,29,E,"",6581TC,Malden
Veldsingel,29,F,"",6581TC,Malden
Veldsingel,29,G,"",6581TC,Malden
Veldsingel,29,H,"",6581TC,Malden
Veldsingel,3,"","",6581TC,Malden
Veldsingel,4,"","",6581TC,Malden
Veldsingel,5,"","",6581TC,Malden
Veldsingel,6,"","",6581TC,Malden
Veldsingel,7,"","",6581TC,Malden
Veldsingel,8,"","",6581TC,Malden
Veldsingel,9,"","",6581TC,Malden
Veldsingel,100,"","",6581TD,Malden
Veldsingel,101,"","",6581TD,Malden
Veldsingel,102,"","",6581TD,Malden
Veldsingel,104,"","",6581TD,Malden
Veldsingel,106,"","",6581TD,Malden
Veldsingel,108,"","",6581TD,Malden
Veldsingel,110,"","",6581TD,Malden
Veldsingel,112,"","",6581TD,Malden
Veldsingel,114,"","",6581TD,Malden
Veldsingel,116,"","",6581TD,Malden
Veldsingel,118,"","",6581TD,Malden
Veldsingel,120,"","",6581TD,Malden
Veldsingel,122,"","",6581TD,Malden
Veldsingel,124,"","",6581TD,Malden
Veldsingel,126,"","",6581TD,Malden
Veldsingel,128,"","",6581TD,Malden
Veldsingel,128,"",T001,6581TD,Malden
Veldsingel,130,"","",6581TD,Malden
Veldsingel,132,"","",6581TD,Malden
Veldsingel,134,"","",6581TD,Malden
Veldsingel,136,"","",6581TD,Malden
Veldsingel,138,"","",6581TD,Malden
Veldsingel,140,"","",6581TD,Malden
Veldsingel,142,"","",6581TD,Malden
Veldsingel,144,"","",6581TD,Malden
Veldsingel,146,"","",6581TD,Malden
Veldsingel,148,"","",6581TD,Malden
Veldsingel,150,"","",6581TD,Malden
Veldsingel,152,"","",6581TD,Malden
Veldsingel,154,"","",6581TD,Malden
Veldsingel,156,"","",6581TD,Malden
Veldsingel,158,"","",6581TD,Malden
Veldsingel,160,"","",6581TD,Malden
Veldsingel,162,"","",6581TD,Malden
Veldsingel,164,"","",6581TD,Malden
Veldsingel,31,"","",6581TD,Malden
Veldsingel,33,"","",6581TD,Malden
Veldsingel,35,"","",6581TD,Malden
Veldsingel,37,"","",6581TD,Malden
Veldsingel,39,"","",6581TD,Malden
Veldsingel,41,"","",6581TD,Malden
Veldsingel,43,"","",6581TD,Malden
Veldsingel,45,"","",6581TD,Malden
Veldsingel,47,"","",6581TD,Malden
Veldsingel,49,"","",6581TD,Malden
Veldsingel,51,"","",6581TD,Malden
Veldsingel,53,"","",6581TD,Malden
Veldsingel,55,"","",6581TD,Malden
Veldsingel,57,"","",6581TD,Malden
Veldsingel,59,"","",6581TD,Malden
Veldsingel,61,"","",6581TD,Malden
Veldsingel,63,"","",6581TD,Malden
Veldsingel,65,"","",6581TD,Malden
Veldsingel,67,"","",6581TD,Malden
Veldsingel,69,"","",6581TD,Malden
Veldsingel,71,"","",6581TD,Malden
Veldsingel,73,"","",6581TD,Malden
Veldsingel,75,"","",6581TD,Malden
Veldsingel,77,"","",6581TD,Malden
Veldsingel,79,"","",6581TD,Malden
Veldsingel,81,"","",6581TD,Malden
Veldsingel,83,"","",6581TD,Malden
Veldsingel,85,"","",6581TD,Malden
Veldsingel,87,"","",6581TD,Malden
Veldsingel,89,"","",6581TD,Malden
Veldsingel,91,"","",6581TD,Malden
Veldsingel,93,"","",6581TD,Malden
Veldsingel,95,"","",6581TD,Malden
Veldsingel,97,"","",6581TD,Malden
Veldsingel,99,"","",6581TD,Malden
De Horst,1,"","",6581TE,Malden
De Horst,10,"","",6581TE,Malden
De Horst,11,"","",6581TE,Malden
De Horst,12,"","",6581TE,Malden
De Horst,12,"","",6581TE,Malden
De Horst,12,A,"",6581TE,Malden
De Horst,12,B,"",6581TE,Malden
De Horst,12,C,"",6581TE,Malden
De Horst,12,D,"",6581TE,Malden
De Horst,12,E,"",6581TE,Malden
De Horst,12,F,"",6581TE,Malden
De Horst,12,G,"",6581TE,Malden
De Horst,12,H,"",6581TE,Malden
De Horst,12,J,"",6581TE,Malden
De Horst,13,"","",6581TE,Malden
De Horst,14,"","",6581TE,Malden
De Horst,14,"","",6581TE,Malden
De Horst,14,A,"",6581TE,Malden
De Horst,14,B,"",6581TE,Malden
De Horst,14,C,"",6581TE,Malden
De Horst,14,D,"",6581TE,Malden
De Horst,15,"","",6581TE,Malden
De Horst,16,"","",6581TE,Malden
De Horst,17,"","",6581TE,Malden
De Horst,19,"","",6581TE,Malden
De Horst,2,"","",6581TE,Malden
De Horst,2,A,"",6581TE,Malden
De Horst,2,B,"",6581TE,Malden
De Horst,2,C,"",6581TE,Malden
De Horst,2,D,"",6581TE,Malden
De Horst,2,E,"",6581TE,Malden
De Horst,2,F,"",6581TE,Malden
De Horst,21,"","",6581TE,Malden
De Horst,23,"","",6581TE,Malden
De Horst,25,"","",6581TE,Malden
De Horst,27,"","",6581TE,Malden
De Horst,28,"","",6581TE,Malden
De Horst,29,"","",6581TE,Malden
De Horst,3,"","",6581TE,Malden
De Horst,30,"","",6581TE,Malden
De Horst,31,"","",6581TE,Malden
De Horst,32,"","",6581TE,Malden
De Horst,33,"","",6581TE,Malden
De Horst,34,"","",6581TE,Malden
De Horst,35,"","",6581TE,Malden
De Horst,36,"","",6581TE,Malden
De Horst,37,"","",6581TE,Malden
De Horst,39,"","",6581TE,Malden
De Horst,4,"","",6581TE,Malden
De Horst,41,"","",6581TE,Malden
De Horst,5,"","",6581TE,Malden
De Horst,6,"","",6581TE,Malden
De Horst,7,"","",6581TE,Malden
De Horst,9,"","",6581TE,Malden
Bongerd,10,"","",6581TG,Malden
Bongerd,12,"","",6581TG,Malden
Bongerd,14,"","",6581TG,Malden
Bongerd,16,"","",6581TG,Malden
Bongerd,18,"","",6581TG,Malden
Bongerd,2,"","",6581TG,Malden
Bongerd,20,"","",6581TG,Malden
Bongerd,22,"","",6581TG,Malden
Bongerd,24,"","",6581TG,Malden
Bongerd,26,"","",6581TG,Malden
Bongerd,28,"","",6581TG,Malden
Bongerd,30,"","",6581TG,Malden
Bongerd,32,"","",6581TG,Malden
Bongerd,34,"","",6581TG,Malden
Bongerd,36,"","",6581TG,Malden
Bongerd,38,"","",6581TG,Malden
Bongerd,4,"","",6581TG,Malden
Bongerd,40,"","",6581TG,Malden
Bongerd,42,"","",6581TG,Malden
Bongerd,44,"","",6581TG,Malden
Bongerd,46,"","",6581TG,Malden
Bongerd,48,"","",6581TG,Malden
Bongerd,50,"","",6581TG,Malden
Bongerd,6,"","",6581TG,Malden
Bongerd,8,"","",6581TG,Malden
Bongerd,52,"","",6581TH,Malden
Bongerd,54,"","",6581TH,Malden
Bongerd,56,"","",6581TH,Malden
Bongerd,58,"","",6581TH,Malden
Bongerd,60,"","",6581TH,Malden
Bongerd,62,"","",6581TH,Malden
Bongerd,64,"","",6581TH,Malden
Bongerd,66,"","",6581TH,Malden
Bongerd,68,"","",6581TH,Malden
Bongerd,70,"","",6581TH,Malden
Bongerd,72,"","",6581TH,Malden
Bongerd,74,"","",6581TH,Malden
Bongerd,76,"","",6581TH,Malden
Bongerd,1,"","",6581TJ,Malden
Bongerd,11,"","",6581TJ,Malden
Bongerd,13,"","",6581TJ,Malden
Bongerd,15,"","",6581TJ,Malden
Bongerd,17,"","",6581TJ,Malden
Bongerd,19,"","",6581TJ,Malden
Bongerd,21,"","",6581TJ,Malden
Bongerd,21,"",T001,6581TJ,Malden
Bongerd,23,"","",6581TJ,Malden
Bongerd,25,"","",6581TJ,Malden
Bongerd,27,"","",6581TJ,Malden
Bongerd,29,"","",6581TJ,Malden
Bongerd,3,"","",6581TJ,Malden
Bongerd,31,"","",6581TJ,Malden
Bongerd,33,"","",6581TJ,Malden
Bongerd,35,"","",6581TJ,Malden
Bongerd,37,"","",6581TJ,Malden
Bongerd,39,"","",6581TJ,Malden
Bongerd,41,"","",6581TJ,Malden
Bongerd,43,"","",6581TJ,Malden
Bongerd,45,"","",6581TJ,Malden
Bongerd,47,"","",6581TJ,Malden
Bongerd,49,"","",6581TJ,Malden
Bongerd,5,"","",6581TJ,Malden
Bongerd,7,"","",6581TJ,Malden
Bongerd,9,"","",6581TJ,Malden
Bongerd,51,"","",6581TK,Malden
Bongerd,53,"","",6581TK,Malden
Bongerd,55,"","",6581TK,Malden
Bongerd,57,"","",6581TK,Malden
Bongerd,59,"","",6581TK,Malden
Bongerd,61,"","",6581TK,Malden
Bongerd,63,"","",6581TK,Malden
Bongerd,65,"","",6581TK,Malden
Bongerd,67,"","",6581TK,Malden
Groeze,10,"","",6581TL,Malden
Groeze,12,"","",6581TL,Malden
Groeze,14,"","",6581TL,Malden
Groeze,16,"","",6581TL,Malden
Groeze,18,"","",6581TL,Malden
Groeze,2,"","",6581TL,Malden
Groeze,20,"","",6581TL,Malden
Groeze,22,"","",6581TL,Malden
Groeze,24,"","",6581TL,Malden
Groeze,26,"","",6581TL,Malden
Groeze,28,"","",6581TL,Malden
Groeze,4,"","",6581TL,Malden
Groeze,6,"","",6581TL,Malden
Groeze,8,"","",6581TL,Malden
Groeze,1,"","",6581TM,Malden
Groeze,11,"","",6581TM,Malden
Groeze,13,"","",6581TM,Malden
Groeze,15,"","",6581TM,Malden
Groeze,17,"","",6581TM,Malden
Groeze,19,"","",6581TM,Malden
Groeze,21,"","",6581TM,Malden
Groeze,23,"","",6581TM,Malden
Groeze,25,"","",6581TM,Malden
Groeze,27,"","",6581TM,Malden
Groeze,3,"","",6581TM,Malden
Groeze,5,"","",6581TM,Malden
Groeze,7,"","",6581TM,Malden
Groeze,9,"","",6581TM,Malden
De Enk,10,"","",6581TN,Malden
De Enk,12,"","",6581TN,Malden
De Enk,14,"","",6581TN,Malden
De Enk,16,"","",6581TN,Malden
De Enk,18,"","",6581TN,Malden
De Enk,2,"","",6581TN,Malden
De Enk,20,"","",6581TN,Malden
De Enk,22,"","",6581TN,Malden
De Enk,24,"","",6581TN,Malden
De Enk,26,"","",6581TN,Malden
De Enk,28,"","",6581TN,Malden
De Enk,30,"","",6581TN,Malden
De Enk,32,"","",6581TN,Malden
De Enk,34,"","",6581TN,Malden
De Enk,36,"","",6581TN,Malden
De Enk,38,"","",6581TN,Malden
De Enk,4,"","",6581TN,Malden
De Enk,40,"","",6581TN,Malden
De Enk,42,"","",6581TN,Malden
De Enk,44,"","",6581TN,Malden
De Enk,46,"","",6581TN,Malden
De Enk,48,"","",6581TN,Malden
De Enk,50,"","",6581TN,Malden
De Enk,52,"","",6581TN,Malden
De Enk,54,"","",6581TN,Malden
De Enk,56,"","",6581TN,Malden
De Enk,6,"","",6581TN,Malden
De Enk,8,"","",6581TN,Malden
De Enk,1,"","",6581TP,Malden
De Enk,11,"","",6581TP,Malden
De Enk,13,"","",6581TP,Malden
De Enk,15,"","",6581TP,Malden
De Enk,17,"","",6581TP,Malden
De Enk,19,"","",6581TP,Malden
De Enk,21,"","",6581TP,Malden
De Enk,23,"","",6581TP,Malden
De Enk,25,"","",6581TP,Malden
De Enk,27,"","",6581TP,Malden
De Enk,29,"","",6581TP,Malden
De Enk,3,"","",6581TP,Malden
De Enk,31,"","",6581TP,Malden
De Enk,33,"","",6581TP,Malden
De Enk,35,"","",6581TP,Malden
De Enk,37,"","",6581TP,Malden
De Enk,39,"","",6581TP,Malden
De Enk,41,"","",6581TP,Malden
De Enk,43,"","",6581TP,Malden
De Enk,45,"","",6581TP,Malden
De Enk,47,"","",6581TP,Malden
De Enk,49,"","",6581TP,Malden
De Enk,5,"","",6581TP,Malden
De Enk,51,"","",6581TP,Malden
De Enk,53,"","",6581TP,Malden
De Enk,55,"","",6581TP,Malden
De Enk,57,"","",6581TP,Malden
De Enk,59,"","",6581TP,Malden
De Enk,61,"","",6581TP,Malden
De Enk,7,"","",6581TP,Malden
De Enk,9,"","",6581TP,Malden
De Rijf,1,"","",6581VA,Malden
De Rijf,11,"","",6581VA,Malden
De Rijf,13,"","",6581VA,Malden
De Rijf,15,"","",6581VA,Malden
De Rijf,17,"","",6581VA,Malden
De Rijf,19,"","",6581VA,Malden
De Rijf,21,"","",6581VA,Malden
De Rijf,23,"","",6581VA,Malden
De Rijf,3,"","",6581VA,Malden
De Rijf,5,"","",6581VA,Malden
De Rijf,7,"","",6581VA,Malden
De Rijf,9,"","",6581VA,Malden
Heidezoom,1,"","",6581VB,Malden
Heidezoom,10,"","",6581VB,Malden
Heidezoom,12,"","",6581VB,Malden
Heidezoom,14,"","",6581VB,Malden
Heidezoom,16,"","",6581VB,Malden
Heidezoom,18,"","",6581VB,Malden
Heidezoom,2,"","",6581VB,Malden
Heidezoom,2,A,"",6581VB,Malden
Heidezoom,2,B,"",6581VB,Malden
Heidezoom,2,C,"",6581VB,Malden
Heidezoom,20,"","",6581VB,Malden
Heidezoom,22,"","",6581VB,Malden
Heidezoom,24,"","",6581VB,Malden
Heidezoom,26,"","",6581VB,Malden
Heidezoom,28,"","",6581VB,Malden
Heidezoom,3,"","",6581VB,Malden
Heidezoom,4,"","",6581VB,Malden
Heidezoom,5,"","",6581VB,Malden
Heidezoom,6,"","",6581VB,Malden
Heidezoom,7,"","",6581VB,Malden
Heidezoom,8,"","",6581VB,Malden
Heidezoom,9,"","",6581VB,Malden
Gaffel,1,"","",6581VC,Malden
Gaffel,1,"",T001,6581VC,Malden
Gaffel,11,"","",6581VC,Malden
Gaffel,13,"","",6581VC,Malden
Gaffel,15,"","",6581VC,Malden
Gaffel,17,"","",6581VC,Malden
Gaffel,19,"","",6581VC,Malden
Gaffel,21,"","",6581VC,Malden
Gaffel,23,"","",6581VC,Malden
Gaffel,25,"","",6581VC,Malden
Gaffel,27,"","",6581VC,Malden
Gaffel,29,"","",6581VC,Malden
Gaffel,3,"","",6581VC,Malden
Gaffel,31,"","",6581VC,Malden
Gaffel,33,"","",6581VC,Malden
Gaffel,35,"","",6581VC,Malden
Gaffel,37,"","",6581VC,Malden
Gaffel,39,"","",6581VC,Malden
Gaffel,5,"","",6581VC,Malden
Gaffel,7,"","",6581VC,Malden
Gaffel,9,"","",6581VC,Malden
De Bats,10,"","",6581VE,Malden
De Bats,12,"","",6581VE,Malden
De Bats,2,"","",6581VE,Malden
De Bats,4,"","",6581VE,Malden
De Bats,6,"","",6581VE,Malden
De Bats,8,"","",6581VE,Malden
Schoffel,1,"","",6581VG,Malden
Schoffel,11,"","",6581VG,Malden
Schoffel,13,"","",6581VG,Malden
Schoffel,15,"","",6581VG,Malden
Schoffel,3,"","",6581VG,Malden
Schoffel,5,"","",6581VG,Malden
Schoffel,7,"","",6581VG,Malden
Schoffel,9,"","",6581VG,Malden
Dille,10,"","",6581VH,Malden
Dille,12,"","",6581VH,Malden
Dille,14,"","",6581VH,Malden
Dille,16,"","",6581VH,Malden
Dille,2,"","",6581VH,Malden
Dille,4,"","",6581VH,Malden
Dille,6,"","",6581VH,Malden
Dille,8,"","",6581VH,Malden
De Ploeg,1,"","",6581VJ,Malden
Mathaak,1,"","",6581VK,Malden
Mathaak,11,"","",6581VK,Malden
Mathaak,13,"","",6581VK,Malden
Mathaak,3,"","",6581VK,Malden
Mathaak,5,"","",6581VK,Malden
Mathaak,7,"","",6581VK,Malden
Mathaak,9,"","",6581VK,Malden
Egge,11,"","",6581VL,Malden
Egge,13,"","",6581VL,Malden
Egge,15,"","",6581VL,Malden
Egge,17,"","",6581VL,Malden
Egge,19,"","",6581VL,Malden
Egge,21,"","",6581VL,Malden
Egge,23,"","",6581VL,Malden
Egge,3,"","",6581VL,Malden
Egge,5,"","",6581VL,Malden
Egge,7,"","",6581VL,Malden
Egge,9,"","",6581VL,Malden
Akkersleep,10,"","",6581VM,Malden
Akkersleep,12,"","",6581VM,Malden
Akkersleep,14,"","",6581VM,Malden
Akkersleep,16,"","",6581VM,Malden
Akkersleep,18,"","",6581VM,Malden
Akkersleep,2,"","",6581VM,Malden
Akkersleep,2,"",T001,6581VM,Malden
Akkersleep,20,"","",6581VM,Malden
Akkersleep,22,"","",6581VM,Malden
Akkersleep,24,"","",6581VM,Malden
Akkersleep,26,"","",6581VM,Malden
Akkersleep,28,"","",6581VM,Malden
Akkersleep,30,"","",6581VM,Malden
Akkersleep,32,"","",6581VM,Malden
Akkersleep,4,"","",6581VM,Malden
Akkersleep,6,"","",6581VM,Malden
Akkersleep,8,"","",6581VM,Malden
Het Alm,10,"","",6581VN,Malden
Het Alm,12,"","",6581VN,Malden
Het Alm,14,"","",6581VN,Malden
Het Alm,16,"","",6581VN,Malden
Het Alm,18,"","",6581VN,Malden
Het Alm,2,"","",6581VN,Malden
Het Alm,20,"","",6581VN,Malden
Het Alm,22,"","",6581VN,Malden
Het Alm,24,"","",6581VN,Malden
Het Alm,26,"","",6581VN,Malden
Het Alm,28,"","",6581VN,Malden
Het Alm,30,"","",6581VN,Malden
Het Alm,32,"","",6581VN,Malden
Het Alm,34,"","",6581VN,Malden
Het Alm,36,"","",6581VN,Malden
Het Alm,38,"","",6581VN,Malden
Het Alm,4,"","",6581VN,Malden
Het Alm,40,"","",6581VN,Malden
Het Alm,6,"","",6581VN,Malden
Het Alm,8,"","",6581VN,Malden
De Hulst,1,"","",6581VR,Malden
De Hulst,10,"","",6581VR,Malden
De Hulst,11,"","",6581VR,Malden
De Hulst,12,"","",6581VR,Malden
De Hulst,13,"","",6581VR,Malden
De Hulst,14,"","",6581VR,Malden
De Hulst,15,"","",6581VR,Malden
De Hulst,16,"","",6581VR,Malden
De Hulst,17,"","",6581VR,Malden
De Hulst,18,"","",6581VR,Malden
De Hulst,19,"","",6581VR,Malden
De Hulst,2,"","",6581VR,Malden
De Hulst,20,"","",6581VR,Malden
De Hulst,21,"","",6581VR,Malden
De Hulst,22,"","",6581VR,Malden
De Hulst,23,"","",6581VR,Malden
De Hulst,24,"","",6581VR,Malden
De Hulst,25,"","",6581VR,Malden
De Hulst,26,"","",6581VR,Malden
De Hulst,27,"","",6581VR,Malden
De Hulst,28,"","",6581VR,Malden
De Hulst,29,"","",6581VR,Malden
De Hulst,3,"","",6581VR,Malden
De Hulst,4,"","",6581VR,Malden
De Hulst,5,"","",6581VR,Malden
De Hulst,6,"","",6581VR,Malden
De Hulst,7,"","",6581VR,Malden
De Hulst,8,"","",6581VR,Malden
De Hulst,9,"","",6581VR,Malden
De Brem,1,"","",6581VS,Malden
De Brem,10,"","",6581VS,Malden
De Brem,11,"","",6581VS,Malden
De Brem,12,"","",6581VS,Malden
De Brem,13,"","",6581VS,Malden
De Brem,14,"","",6581VS,Malden
De Brem,15,"","",6581VS,Malden
De Brem,16,"","",6581VS,Malden
De Brem,17,"","",6581VS,Malden
De Brem,18,"","",6581VS,Malden
De Brem,19,"","",6581VS,Malden
De Brem,2,"","",6581VS,Malden
De Brem,20,"","",6581VS,Malden
De Brem,3,"","",6581VS,Malden
De Brem,4,"","",6581VS,Malden
De Brem,5,"","",6581VS,Malden
De Brem,6,"","",6581VS,Malden
De Brem,7,"","",6581VS,Malden
De Brem,8,"","",6581VS,Malden
De Brem,9,"","",6581VS,Malden
Sleedoorn,1,"","",6581VX,Malden
Sleedoorn,10,"","",6581VX,Malden
Sleedoorn,11,"","",6581VX,Malden
Sleedoorn,12,"","",6581VX,Malden
Sleedoorn,13,"","",6581VX,Malden
Sleedoorn,14,"","",6581VX,Malden
Sleedoorn,15,"","",6581VX,Malden
Sleedoorn,16,"","",6581VX,Malden
Sleedoorn,18,"","",6581VX,Malden
Sleedoorn,2,"","",6581VX,Malden
Sleedoorn,3,"","",6581VX,Malden
Sleedoorn,4,"","",6581VX,Malden
Sleedoorn,5,"","",6581VX,Malden
Sleedoorn,6,"","",6581VX,Malden
Sleedoorn,7,"","",6581VX,Malden
Sleedoorn,8,"","",6581VX,Malden
Sleedoorn,9,"","",6581VX,Malden
Sleedoorn,17,"","",6581VZ,Malden
Sleedoorn,19,"","",6581VZ,Malden
Sleedoorn,20,"","",6581VZ,Malden
Sleedoorn,21,"","",6581VZ,Malden
Sleedoorn,22,"","",6581VZ,Malden
Sleedoorn,23,"","",6581VZ,Malden
Sleedoorn,24,"","",6581VZ,Malden
Sleedoorn,25,"","",6581VZ,Malden
Sleedoorn,26,"","",6581VZ,Malden
Sleedoorn,27,"","",6581VZ,Malden
Sleedoorn,28,"","",6581VZ,Malden
Sleedoorn,30,"","",6581VZ,Malden
Dopheide,10,"","",6581WB,Malden
Dopheide,12,"","",6581WB,Malden
Dopheide,14,"","",6581WB,Malden
Dopheide,16,"","",6581WB,Malden
Dopheide,18,"","",6581WB,Malden
Dopheide,2,"","",6581WB,Malden
Dopheide,20,"","",6581WB,Malden
Dopheide,4,"","",6581WB,Malden
Dopheide,6,"","",6581WB,Malden
Dopheide,8,"","",6581WB,Malden
Dopheide,1,"","",6581WC,Malden
Dopheide,11,"","",6581WC,Malden
Dopheide,13,"","",6581WC,Malden
Dopheide,15,"","",6581WC,Malden
Dopheide,17,"","",6581WC,Malden
Dopheide,19,"","",6581WC,Malden
Dopheide,3,"","",6581WC,Malden
Dopheide,5,"","",6581WC,Malden
Dopheide,7,"","",6581WC,Malden
Dopheide,9,"","",6581WC,Malden
De Vlier,1,"","",6581WD,Malden
De Vlier,11,"","",6581WD,Malden
De Vlier,13,"","",6581WD,Malden
De Vlier,15,"","",6581WD,Malden
De Vlier,17,"","",6581WD,Malden
De Vlier,19,"","",6581WD,Malden
De Vlier,21,"","",6581WD,Malden
De Vlier,23,"","",6581WD,Malden
De Vlier,25,"","",6581WD,Malden
De Vlier,3,"","",6581WD,Malden
De Vlier,5,"","",6581WD,Malden
De Vlier,7,"","",6581WD,Malden
De Vlier,9,"","",6581WD,Malden
De Vlier,10,"","",6581WE,Malden
De Vlier,12,"","",6581WE,Malden
De Vlier,14,"","",6581WE,Malden
De Vlier,16,"","",6581WE,Malden
De Vlier,18,"","",6581WE,Malden
De Vlier,2,"","",6581WE,Malden
De Vlier,20,"","",6581WE,Malden
De Vlier,22,"","",6581WE,Malden
De Vlier,24,"","",6581WE,Malden
De Vlier,26,"","",6581WE,Malden
De Vlier,4,"","",6581WE,Malden
De Vlier,6,"","",6581WE,Malden
De Vlier,8,"","",6581WE,Malden
Sikkel,10,"","",6581WG,Malden
Sikkel,12,"","",6581WG,Malden
Sikkel,14,"","",6581WG,Malden
Sikkel,16,"","",6581WG,Malden
Sikkel,2,"","",6581WG,Malden
Sikkel,4,"","",6581WG,Malden
Sikkel,6,"","",6581WG,Malden
Sikkel,8,"","",6581WG,Malden
De Schup,1,"","",6581WH,Malden
De Schup,11,"","",6581WH,Malden
De Schup,13,"","",6581WH,Malden
De Schup,15,"","",6581WH,Malden
De Schup,3,"","",6581WH,Malden
De Schup,5,"","",6581WH,Malden
De Schup,7,"","",6581WH,Malden
De Schup,9,"","",6581WH,Malden
De Karn,10,"","",6581WJ,Malden
De Karn,12,"","",6581WJ,Malden
De Karn,14,"","",6581WJ,Malden
De Karn,16,"","",6581WJ,Malden
De Karn,18,"","",6581WJ,Malden
De Karn,2,"","",6581WJ,Malden
De Karn,20,"","",6581WJ,Malden
De Karn,22,"","",6581WJ,Malden
De Karn,24,"","",6581WJ,Malden
De Karn,26,"","",6581WJ,Malden
De Karn,28,"","",6581WJ,Malden
De Karn,30,"","",6581WJ,Malden
De Karn,32,"","",6581WJ,Malden
De Karn,34,"","",6581WJ,Malden
De Karn,36,"","",6581WJ,Malden
De Karn,38,"","",6581WJ,Malden
De Karn,4,"","",6581WJ,Malden
De Karn,40,"","",6581WJ,Malden
De Karn,42,"","",6581WJ,Malden
De Karn,44,"","",6581WJ,Malden
De Karn,6,"","",6581WJ,Malden
De Karn,8,"","",6581WJ,Malden
Passage,1,"","",6581WK,Malden
Passage,11,"","",6581WK,Malden
Passage,13,"","",6581WK,Malden
Passage,15,"","",6581WK,Malden
Passage,17,"","",6581WK,Malden
Passage,19,"","",6581WK,Malden
Passage,2,"","",6581WK,Malden
Passage,3,"","",6581WK,Malden
Passage,4,"","",6581WK,Malden
Passage,5,"","",6581WK,Malden
Passage,6,"","",6581WK,Malden
Passage,7,"","",6581WK,Malden
Passage,9,"","",6581WK,Malden
Noordplein,10,"","",6581WL,Malden
Noordplein,11,"","",6581WL,Malden
Noordplein,12,"","",6581WL,Malden
Noordplein,13,"","",6581WL,Malden
Noordplein,14,"","",6581WL,Malden
Noordplein,15,"","",6581WL,Malden
Noordplein,16,"","",6581WL,Malden
Noordplein,17,"","",6581WL,Malden
Noordplein,18,"","",6581WL,Malden
Noordplein,19,"","",6581WL,Malden
Noordplein,21,"","",6581WL,Malden
Noordplein,23,"","",6581WL,Malden
Noordplein,25,"","",6581WL,Malden
Noordplein,27,"","",6581WL,Malden
Noordplein,29,"","",6581WL,Malden
Noordplein,3,"","",6581WL,Malden
Noordplein,3,"","",6581WL,Malden
Noordplein,31,"","",6581WL,Malden
Noordplein,33,"","",6581WL,Malden
Noordplein,35,"","",6581WL,Malden
Noordplein,37,"","",6581WL,Malden
Noordplein,39,"","",6581WL,Malden
Noordplein,4,"","",6581WL,Malden
Noordplein,41,"","",6581WL,Malden
Noordplein,43,"","",6581WL,Malden
Noordplein,45,T,"",6581WL,Malden
Noordplein,5,"","",6581WL,Malden
Noordplein,5,"","",6581WL,Malden
Noordplein,6,"","",6581WL,Malden
Noordplein,7,"","",6581WL,Malden
Noordplein,8,"","",6581WL,Malden
Noordplein,9,"","",6581WL,Malden
Wanmand,1,"","",6581WN,Malden
Wanmand,11,"","",6581WN,Malden
Wanmand,13,"","",6581WN,Malden
Wanmand,15,"","",6581WN,Malden
Wanmand,3,"","",6581WN,Malden
Wanmand,5,"","",6581WN,Malden
Wanmand,7,"","",6581WN,Malden
Wanmand,9,"","",6581WN,Malden
Chrysanthstraat,1,"","",6581WP,Malden
Zaaikorf,10,"","",6581WP,Malden
Chrysanthstraat,11,"","",6581WP,Malden
Zaaikorf,12,"","",6581WP,Malden
Chrysanthstraat,13,"","",6581WP,Malden
Zaaikorf,14,"","",6581WP,Malden
Chrysanthstraat,15,"","",6581WP,Malden
Chrysanthstraat,17,"","",6581WP,Malden
Chrysanthstraat,19,"","",6581WP,Malden
Zaaikorf,2,"","",6581WP,Malden
Chrysanthstraat,21,"","",6581WP,Malden
Chrysanthstraat,23,"","",6581WP,Malden
Chrysanthstraat,3,"","",6581WP,Malden
Zaaikorf,4,"","",6581WP,Malden
Chrysanthstraat,5,"","",6581WP,Malden
Zaaikorf,6,"","",6581WP,Malden
Chrysanthstraat,7,"","",6581WP,Malden
Zaaikorf,8,"","",6581WP,Malden
Chrysanthstraat,9,"","",6581WP,Malden
Chrysanthstraat,10,"","",6581WR,Malden
Chrysanthstraat,12,"","",6581WR,Malden
Chrysanthstraat,14,"","",6581WR,Malden
Chrysanthstraat,16,"","",6581WR,Malden
Chrysanthstraat,18,"","",6581WR,Malden
Chrysanthstraat,2,"","",6581WR,Malden
Chrysanthstraat,2,"",G001,6581WR,Malden
Chrysanthstraat,20,"","",6581WR,Malden
Chrysanthstraat,22,"","",6581WR,Malden
Chrysanthstraat,24,"","",6581WR,Malden
Chrysanthstraat,26,"","",6581WR,Malden
Chrysanthstraat,28,"","",6581WR,Malden
Chrysanthstraat,30,"","",6581WR,Malden
Chrysanthstraat,32,"","",6581WR,Malden
Chrysanthstraat,34,"","",6581WR,Malden
Chrysanthstraat,36,"","",6581WR,Malden
Chrysanthstraat,38,"","",6581WR,Malden
Chrysanthstraat,4,"","",6581WR,Malden
Chrysanthstraat,40,"","",6581WR,Malden
Chrysanthstraat,42,"","",6581WR,Malden
Chrysanthstraat,44,"","",6581WR,Malden
Chrysanthstraat,46,"","",6581WR,Malden
Chrysanthstraat,48,"","",6581WR,Malden
Chrysanthstraat,50,"","",6581WR,Malden
Chrysanthstraat,52,"","",6581WR,Malden
Chrysanthstraat,54,"","",6581WR,Malden
Chrysanthstraat,56,"","",6581WR,Malden
Chrysanthstraat,58,"","",6581WR,Malden
Chrysanthstraat,6,"","",6581WR,Malden
Chrysanthstraat,60,"","",6581WR,Malden
Chrysanthstraat,62,"","",6581WR,Malden
Chrysanthstraat,64,"","",6581WR,Malden
Chrysanthstraat,66,"","",6581WR,Malden
Chrysanthstraat,68,"","",6581WR,Malden
Chrysanthstraat,70,"","",6581WR,Malden
Chrysanthstraat,8,"","",6581WR,Malden
Anjerstraat,1,"","",6581WS,Malden
Anjerstraat,11,"","",6581WS,Malden
Anjerstraat,13,"","",6581WS,Malden
Anjerstraat,15,"","",6581WS,Malden
Anjerstraat,17,"","",6581WS,Malden
Anjerstraat,19,"","",6581WS,Malden
Anjerstraat,21,"","",6581WS,Malden
Anjerstraat,23,"","",6581WS,Malden
Anjerstraat,3,"","",6581WS,Malden
Anjerstraat,5,"","",6581WS,Malden
Anjerstraat,7,"","",6581WS,Malden
Anjerstraat,7,"",G001,6581WS,Malden
Anjerstraat,7,"",G002,6581WS,Malden
Anjerstraat,7,"",G003,6581WS,Malden
Anjerstraat,7,"",G004,6581WS,Malden
Anjerstraat,7,"",G005,6581WS,Malden
Anjerstraat,9,"","",6581WS,Malden
Anjerstraat,10,"","",6581WT,Malden
Anjerstraat,12,"","",6581WT,Malden
Anjerstraat,14,"","",6581WT,Malden
Anjerstraat,16,"","",6581WT,Malden
Anjerstraat,18,"","",6581WT,Malden
Anjerstraat,2,"","",6581WT,Malden
Anjerstraat,20,"","",6581WT,Malden
Anjerstraat,22,"","",6581WT,Malden
Anjerstraat,24,"","",6581WT,Malden
Anjerstraat,4,"","",6581WT,Malden
Anjerstraat,6,"","",6581WT,Malden
Anjerstraat,8,"","",6581WT,Malden
De Haspel,1,"","",6581WV,Malden
De Haspel,11,"","",6581WV,Malden
De Haspel,13,"","",6581WV,Malden
De Haspel,15,"","",6581WV,Malden
De Haspel,17,"","",6581WV,Malden
De Haspel,19,"","",6581WV,Malden
De Haspel,21,"","",6581WV,Malden
De Haspel,23,"","",6581WV,Malden
De Haspel,3,"","",6581WV,Malden
De Haspel,5,"","",6581WV,Malden
De Haspel,7,"","",6581WV,Malden
De Haspel,9,"","",6581WV,Malden
De Haspel,10,"","",6581WX,Malden
De Haspel,12,"","",6581WX,Malden
De Haspel,14,"","",6581WX,Malden
De Haspel,16,"","",6581WX,Malden
De Haspel,18,"","",6581WX,Malden
De Haspel,2,"","",6581WX,Malden
De Haspel,20,"","",6581WX,Malden
De Haspel,22,"","",6581WX,Malden
De Haspel,24,"","",6581WX,Malden
De Haspel,26,"","",6581WX,Malden
De Haspel,28,"","",6581WX,Malden
De Haspel,30,"","",6581WX,Malden
De Haspel,4,"","",6581WX,Malden
De Haspel,6,"","",6581WX,Malden
De Haspel,8,"","",6581WX,Malden
De Bonkelaar,1,"","",6581WZ,Malden
De Bonkelaar,10,"","",6581WZ,Malden
De Bonkelaar,11,"","",6581WZ,Malden
De Bonkelaar,12,"","",6581WZ,Malden
De Bonkelaar,14,"","",6581WZ,Malden
De Bonkelaar,16,"","",6581WZ,Malden
De Bonkelaar,18,"","",6581WZ,Malden
De Bonkelaar,2,"","",6581WZ,Malden
De Bonkelaar,20,"","",6581WZ,Malden
De Bonkelaar,22,"","",6581WZ,Malden
De Bonkelaar,24,"","",6581WZ,Malden
De Bonkelaar,26,"","",6581WZ,Malden
De Bonkelaar,28,"","",6581WZ,Malden
De Bonkelaar,3,"","",6581WZ,Malden
De Bonkelaar,4,"","",6581WZ,Malden
De Bonkelaar,5,"","",6581WZ,Malden
De Bonkelaar,6,"","",6581WZ,Malden
De Bonkelaar,7,"","",6581WZ,Malden
De Bonkelaar,8,"","",6581WZ,Malden
De Bonkelaar,9,"","",6581WZ,Malden
Gladiolenstraat,1,"","",6581XA,Malden
Gladiolenstraat,11,"","",6581XA,Malden
Gladiolenstraat,13,"","",6581XA,Malden
Gladiolenstraat,15,"","",6581XA,Malden
Gladiolenstraat,17,"","",6581XA,Malden
Gladiolenstraat,19,"","",6581XA,Malden
Gladiolenstraat,21,"","",6581XA,Malden
Gladiolenstraat,23,"","",6581XA,Malden
Gladiolenstraat,25,"","",6581XA,Malden
Gladiolenstraat,27,"","",6581XA,Malden
Gladiolenstraat,29,"","",6581XA,Malden
Gladiolenstraat,3,"","",6581XA,Malden
Gladiolenstraat,5,"","",6581XA,Malden
Gladiolenstraat,7,"","",6581XA,Malden
Gladiolenstraat,9,"","",6581XA,Malden
Gladiolenstraat,31,"","",6581XB,Malden
Gladiolenstraat,33,"","",6581XB,Malden
Gladiolenstraat,35,"","",6581XB,Malden
Gladiolenstraat,37,"","",6581XB,Malden
Gladiolenstraat,39,"","",6581XB,Malden
Gladiolenstraat,41,"","",6581XB,Malden
Gladiolenstraat,43,"","",6581XB,Malden
Gladiolenstraat,45,"","",6581XB,Malden
Gladiolenstraat,47,"","",6581XB,Malden
Gladiolenstraat,49,"","",6581XB,Malden
Gladiolenstraat,51,"","",6581XB,Malden
Gladiolenstraat,53,"","",6581XB,Malden
Gladiolenstraat,10,"","",6581XC,Malden
Gladiolenstraat,12,"","",6581XC,Malden
Gladiolenstraat,14,"","",6581XC,Malden
Gladiolenstraat,16,"","",6581XC,Malden
Gladiolenstraat,18,"","",6581XC,Malden
Gladiolenstraat,2,"","",6581XC,Malden
Gladiolenstraat,2,A,"",6581XC,Malden
Gladiolenstraat,20,"","",6581XC,Malden
Gladiolenstraat,22,"","",6581XC,Malden
Gladiolenstraat,24,"","",6581XC,Malden
Gladiolenstraat,26,"","",6581XC,Malden
Gladiolenstraat,28,"","",6581XC,Malden
Gladiolenstraat,30,"","",6581XC,Malden
Gladiolenstraat,32,"","",6581XC,Malden
Gladiolenstraat,34,"","",6581XC,Malden
Gladiolenstraat,36,"","",6581XC,Malden
Gladiolenstraat,38,"","",6581XC,Malden
Gladiolenstraat,4,"","",6581XC,Malden
Gladiolenstraat,40,"","",6581XC,Malden
Gladiolenstraat,42,"","",6581XC,Malden
Gladiolenstraat,44,"","",6581XC,Malden
Gladiolenstraat,46,"","",6581XC,Malden
Gladiolenstraat,48,"","",6581XC,Malden
Gladiolenstraat,50,"","",6581XC,Malden
Gladiolenstraat,52,"","",6581XC,Malden
Gladiolenstraat,54,"","",6581XC,Malden
Gladiolenstraat,56,"","",6581XC,Malden
Gladiolenstraat,56,"",G001,6581XC,Malden
Gladiolenstraat,56,"",G002,6581XC,Malden
Gladiolenstraat,56,"",G005,6581XC,Malden
Gladiolenstraat,56,"",G006,6581XC,Malden
Gladiolenstraat,56,"",G007,6581XC,Malden
Gladiolenstraat,56,"",G009,6581XC,Malden
Gladiolenstraat,56,"",G010,6581XC,Malden
Gladiolenstraat,56,"",G011,6581XC,Malden
Gladiolenstraat,6,"","",6581XC,Malden
Gladiolenstraat,8,"","",6581XC,Malden
Gladiolenstraat,100,"","",6581XD,Malden
Gladiolenstraat,102,"","",6581XD,Malden
Gladiolenstraat,56,"",G001,6581XD,Malden
Gladiolenstraat,56,"",G002,6581XD,Malden
Gladiolenstraat,56,"",G003,6581XD,Malden
Gladiolenstraat,56,"",G004,6581XD,Malden
Gladiolenstraat,56,"",G008,6581XD,Malden
Gladiolenstraat,58,"","",6581XD,Malden
Gladiolenstraat,60,"","",6581XD,Malden
Gladiolenstraat,62,"","",6581XD,Malden
Gladiolenstraat,64,"","",6581XD,Malden
Gladiolenstraat,66,"","",6581XD,Malden
Gladiolenstraat,68,"","",6581XD,Malden
Gladiolenstraat,70,"","",6581XD,Malden
Gladiolenstraat,72,"","",6581XD,Malden
Gladiolenstraat,74,"","",6581XD,Malden
Gladiolenstraat,76,"","",6581XD,Malden
Gladiolenstraat,78,"","",6581XD,Malden
Gladiolenstraat,80,"","",6581XD,Malden
Gladiolenstraat,82,"","",6581XD,Malden
Gladiolenstraat,84,"","",6581XD,Malden
Gladiolenstraat,86,"","",6581XD,Malden
Gladiolenstraat,88,"","",6581XD,Malden
Gladiolenstraat,90,"","",6581XD,Malden
Gladiolenstraat,92,"","",6581XD,Malden
Gladiolenstraat,94,"","",6581XD,Malden
Gladiolenstraat,96,"","",6581XD,Malden
Gladiolenstraat,98,"","",6581XD,Malden
Irisstraat,1,"","",6581XE,Malden
Irisstraat,11,"","",6581XE,Malden
Irisstraat,13,"","",6581XE,Malden
Irisstraat,15,"","",6581XE,Malden
Irisstraat,17,"","",6581XE,Malden
Irisstraat,18,"",G001,6581XE,Malden
Irisstraat,18,"",G003,6581XE,Malden
Irisstraat,18,"",G005,6581XE,Malden
Irisstraat,18,"",G007,6581XE,Malden
Irisstraat,18,"",G008,6581XE,Malden
Irisstraat,19,"","",6581XE,Malden
Irisstraat,21,"","",6581XE,Malden
Irisstraat,3,"","",6581XE,Malden
Irisstraat,5,"","",6581XE,Malden
Irisstraat,7,"","",6581XE,Malden
Irisstraat,9,"","",6581XE,Malden
Irisstraat,10,"","",6581XG,Malden
Irisstraat,12,"","",6581XG,Malden
Irisstraat,14,"","",6581XG,Malden
Irisstraat,16,"","",6581XG,Malden
Irisstraat,18,"","",6581XG,Malden
Irisstraat,18,"",G001,6581XG,Malden
Irisstraat,18,"",G002,6581XG,Malden
Irisstraat,18,"",G003,6581XG,Malden
Irisstraat,18,"",G004,6581XG,Malden
Irisstraat,18,"",G005,6581XG,Malden
Irisstraat,18,"",G006,6581XG,Malden
Irisstraat,18,"",G007,6581XG,Malden
Irisstraat,18,"",G008,6581XG,Malden
Irisstraat,2,"","",6581XG,Malden
Irisstraat,20,"","",6581XG,Malden
Irisstraat,22,"","",6581XG,Malden
Irisstraat,24,"","",6581XG,Malden
Irisstraat,26,"","",6581XG,Malden
Irisstraat,28,"","",6581XG,Malden
Irisstraat,30,"","",6581XG,Malden
Irisstraat,32,"","",6581XG,Malden
Irisstraat,34,"","",6581XG,Malden
Irisstraat,36,"","",6581XG,Malden
Irisstraat,38,"","",6581XG,Malden
Irisstraat,4,"","",6581XG,Malden
Irisstraat,40,"","",6581XG,Malden
Irisstraat,42,"","",6581XG,Malden
Irisstraat,44,"","",6581XG,Malden
Irisstraat,46,"","",6581XG,Malden
Irisstraat,6,"","",6581XG,Malden
Irisstraat,8,"","",6581XG,Malden
Dahliastraat,1,"","",6581XH,Malden
Dahliastraat,1,"",G001,6581XH,Malden
Dahliastraat,1,"",G002,6581XH,Malden
Dahliastraat,1,"",G003,6581XH,Malden
Dahliastraat,1,"",G004,6581XH,Malden
Dahliastraat,1,"",G005,6581XH,Malden
Dahliastraat,1,"",G006,6581XH,Malden
Dahliastraat,1,"",G007,6581XH,Malden
Dahliastraat,1,"",G008,6581XH,Malden
Dahliastraat,1,"",G009,6581XH,Malden
Dahliastraat,11,"","",6581XH,Malden
Dahliastraat,13,"","",6581XH,Malden
Dahliastraat,15,"","",6581XH,Malden
Dahliastraat,17,"","",6581XH,Malden
Dahliastraat,19,"","",6581XH,Malden
Dahliastraat,21,"","",6581XH,Malden
Dahliastraat,21,"",G001,6581XH,Malden
Dahliastraat,21,"",G002,6581XH,Malden
Dahliastraat,21,"",G003,6581XH,Malden
Dahliastraat,21,"",G004,6581XH,Malden
Dahliastraat,21,"",G005,6581XH,Malden
Dahliastraat,21,"",G006,6581XH,Malden
Dahliastraat,21,"",G007,6581XH,Malden
Dahliastraat,21,"",G008,6581XH,Malden
Dahliastraat,21,"",G009,6581XH,Malden
Dahliastraat,21,"",G010,6581XH,Malden
Dahliastraat,21,"",G011,6581XH,Malden
Dahliastraat,3,"","",6581XH,Malden
Dahliastraat,5,"","",6581XH,Malden
Dahliastraat,7,"","",6581XH,Malden
Dahliastraat,9,"","",6581XH,Malden
Dahliastraat,23,"","",6581XJ,Malden
Dahliastraat,25,"","",6581XJ,Malden
Dahliastraat,27,"","",6581XJ,Malden
Dahliastraat,29,"","",6581XJ,Malden
Dahliastraat,31,"","",6581XJ,Malden
Dahliastraat,33,"","",6581XJ,Malden
Dahliastraat,35,"","",6581XJ,Malden
Dahliastraat,37,"","",6581XJ,Malden
Dahliastraat,39,"","",6581XJ,Malden
Dahliastraat,41,"","",6581XJ,Malden
Dahliastraat,43,"","",6581XJ,Malden
Dahliastraat,45,"","",6581XJ,Malden
Dahliastraat,47,"","",6581XJ,Malden
Dahliastraat,49,"","",6581XJ,Malden
Dahliastraat,51,"","",6581XJ,Malden
Dahliastraat,53,"","",6581XK,Malden
Dahliastraat,55,"","",6581XK,Malden
Dahliastraat,57,"","",6581XK,Malden
Dahliastraat,59,"","",6581XK,Malden
Dahliastraat,61,"","",6581XK,Malden
Dahliastraat,63,"","",6581XK,Malden
Dahliastraat,65,"","",6581XK,Malden
Dahliastraat,67,"","",6581XK,Malden
Dahliastraat,69,"","",6581XK,Malden
Dahliastraat,71,"","",6581XK,Malden
Dahliastraat,73,"","",6581XK,Malden
Dahliastraat,75,"","",6581XK,Malden
Dahliastraat,77,"","",6581XK,Malden
Dahliastraat,79,"","",6581XK,Malden
Dahliastraat,81,"","",6581XK,Malden
Dahliastraat,83,"","",6581XK,Malden
Dahliastraat,85,"","",6581XK,Malden
Dahliastraat,87,"","",6581XK,Malden
Dahliastraat,89,"","",6581XK,Malden
Dahliastraat,91,"","",6581XK,Malden
Dahliastraat,93,"","",6581XK,Malden
Dahliastraat,10,"","",6581XL,Malden
Dahliastraat,12,"","",6581XL,Malden
Dahliastraat,14,"","",6581XL,Malden
Dahliastraat,16,"","",6581XL,Malden
Dahliastraat,18,"","",6581XL,Malden
Dahliastraat,2,"","",6581XL,Malden
Dahliastraat,20,"","",6581XL,Malden
Dahliastraat,22,"","",6581XL,Malden
Dahliastraat,24,"","",6581XL,Malden
Dahliastraat,26,"","",6581XL,Malden
Dahliastraat,28,"","",6581XL,Malden
Dahliastraat,30,"","",6581XL,Malden
Dahliastraat,32,"","",6581XL,Malden
Dahliastraat,34,"","",6581XL,Malden
Dahliastraat,36,"","",6581XL,Malden
Dahliastraat,38,"","",6581XL,Malden
Dahliastraat,4,"","",6581XL,Malden
Dahliastraat,40,"","",6581XL,Malden
Dahliastraat,42,"","",6581XL,Malden
Dahliastraat,6,"","",6581XL,Malden
Dahliastraat,8,"","",6581XL,Malden
Dahliastraat,44,"","",6581XM,Malden
Dahliastraat,46,"","",6581XM,Malden
Dahliastraat,48,"","",6581XM,Malden
Dahliastraat,50,"","",6581XM,Malden
Dahliastraat,52,"","",6581XM,Malden
Dahliastraat,54,"","",6581XM,Malden
Dahliastraat,56,"","",6581XM,Malden
Dahliastraat,58,"","",6581XM,Malden
Dahliastraat,60,"","",6581XM,Malden
Dahliastraat,62,"","",6581XM,Malden
Dahliastraat,64,"","",6581XM,Malden
Dahliastraat,66,"","",6581XM,Malden
Dahliastraat,68,"","",6581XM,Malden
Dahliastraat,70,"","",6581XM,Malden
Dahliastraat,72,"","",6581XM,Malden
Dahliastraat,100,"","",6581XN,Malden
Dahliastraat,102,"","",6581XN,Malden
Dahliastraat,104,"","",6581XN,Malden
Dahliastraat,74,"","",6581XN,Malden
Dahliastraat,76,"","",6581XN,Malden
Dahliastraat,78,"","",6581XN,Malden
Dahliastraat,80,"","",6581XN,Malden
Dahliastraat,82,"","",6581XN,Malden
Dahliastraat,84,"","",6581XN,Malden
Dahliastraat,86,"","",6581XN,Malden
Dahliastraat,88,"","",6581XN,Malden
Dahliastraat,90,"","",6581XN,Malden
Dahliastraat,90,"",G001,6581XN,Malden
Dahliastraat,90,"",G002,6581XN,Malden
Dahliastraat,90,"",G003,6581XN,Malden
Dahliastraat,90,"",G004,6581XN,Malden
Dahliastraat,90,"",G005,6581XN,Malden
Dahliastraat,90,"",G006,6581XN,Malden
Dahliastraat,90,"",G007,6581XN,Malden
Dahliastraat,90,"",G008,6581XN,Malden
Dahliastraat,90,"",G009,6581XN,Malden
Dahliastraat,90,"",G010,6581XN,Malden
Dahliastraat,90,"",G011,6581XN,Malden
Dahliastraat,90,"",G012,6581XN,Malden
Dahliastraat,92,"","",6581XN,Malden
Dahliastraat,94,"","",6581XN,Malden
Dahliastraat,96,"","",6581XN,Malden
Dahliastraat,98,"","",6581XN,Malden
Rozenstraat,1,"","",6581XP,Malden
Rozenstraat,11,"","",6581XP,Malden
Rozenstraat,13,"","",6581XP,Malden
Rozenstraat,15,"","",6581XP,Malden
Rozenstraat,17,"","",6581XP,Malden
Rozenstraat,19,"","",6581XP,Malden
Rozenstraat,21,"","",6581XP,Malden
Rozenstraat,23,"","",6581XP,Malden
Rozenstraat,3,"","",6581XP,Malden
Rozenstraat,5,"","",6581XP,Malden
Rozenstraat,7,"","",6581XP,Malden
Rozenstraat,9,"","",6581XP,Malden
Rozenstraat,10,"","",6581XR,Malden
Rozenstraat,12,"","",6581XR,Malden
Rozenstraat,14,"","",6581XR,Malden
Rozenstraat,16,"","",6581XR,Malden
Rozenstraat,18,"","",6581XR,Malden
Rozenstraat,2,"","",6581XR,Malden
Rozenstraat,20,"","",6581XR,Malden
Rozenstraat,22,"","",6581XR,Malden
Rozenstraat,24,"","",6581XR,Malden
Rozenstraat,26,"","",6581XR,Malden
Rozenstraat,28,"","",6581XR,Malden
Rozenstraat,30,"","",6581XR,Malden
Rozenstraat,32,"","",6581XR,Malden
Rozenstraat,34,"","",6581XR,Malden
Rozenstraat,36,"","",6581XR,Malden
Rozenstraat,4,"","",6581XR,Malden
Rozenstraat,6,"","",6581XR,Malden
Rozenstraat,8,"","",6581XR,Malden
Molensingel,10,"","",6581XS,Malden
Molensingel,12,"","",6581XS,Malden
Molensingel,14,"","",6581XS,Malden
Molensingel,16,"","",6581XS,Malden
Molensingel,18,"","",6581XS,Malden
Molensingel,2,"","",6581XS,Malden
Molensingel,4,"","",6581XS,Malden
Molensingel,6,"","",6581XS,Malden
Molensingel,8,"","",6581XS,Malden
Tulpstraat,1,"","",6581XT,Malden
Tulpstraat,1,A,M01,6581XT,Malden
Tulpstraat,11,"","",6581XT,Malden
Tulpstraat,13,"","",6581XT,Malden
Tulpstraat,15,"","",6581XT,Malden
Tulpstraat,17,"","",6581XT,Malden
Tulpstraat,19,"","",6581XT,Malden
Tulpstraat,3,"","",6581XT,Malden
Tulpstraat,33,"","",6581XT,Malden
Tulpstraat,35,"","",6581XT,Malden
Tulpstraat,37,"","",6581XT,Malden
Tulpstraat,39,"","",6581XT,Malden
Tulpstraat,41,"","",6581XT,Malden
Tulpstraat,43,"","",6581XT,Malden
Tulpstraat,45,"","",6581XT,Malden
Tulpstraat,47,"","",6581XT,Malden
Tulpstraat,49,"","",6581XT,Malden
Tulpstraat,5,"","",6581XT,Malden
Tulpstraat,51,"","",6581XT,Malden
Tulpstraat,53,"","",6581XT,Malden
Tulpstraat,55,"","",6581XT,Malden
Tulpstraat,57,"","",6581XT,Malden
Tulpstraat,7,"","",6581XT,Malden
Tulpstraat,9,"","",6581XT,Malden
Tulpstraat,10,"","",6581XV,Malden
Tulpstraat,12,"","",6581XV,Malden
Tulpstraat,14,"","",6581XV,Malden
Tulpstraat,16,"","",6581XV,Malden
Tulpstraat,18,"","",6581XV,Malden
Tulpstraat,2,"","",6581XV,Malden
Tulpstraat,20,"",T001,6581XV,Malden
Tulpstraat,4,"","",6581XV,Malden
Tulpstraat,6,"","",6581XV,Malden
Tulpstraat,8,"","",6581XV,Malden
Kloosterstraat,1,"","",6581XW,Malden
Kloosterstraat,1,A,"",6581XW,Malden
Kloosterstraat,1,B,"",6581XW,Malden
Kloosterstraat,11,"","",6581XW,Malden
Kloosterstraat,13,"","",6581XW,Malden
Kloosterstraat,15,"","",6581XW,Malden
Kloosterstraat,17,"","",6581XW,Malden
Kloosterstraat,19,"","",6581XW,Malden
Kloosterstraat,21,"","",6581XW,Malden
Kloosterstraat,3,"","",6581XW,Malden
Kloosterstraat,5,"","",6581XW,Malden
Kloosterstraat,7,"","",6581XW,Malden
Kloosterstraat,9,"","",6581XW,Malden
Kloosterstraat,9,A,"",6581XW,Malden
Kloosterstraat,10,"","",6581XX,Malden
Kloosterstraat,12,"","",6581XX,Malden
Kloosterstraat,14,"","",6581XX,Malden
Kloosterstraat,16,"","",6581XX,Malden
Kloosterstraat,18,"","",6581XX,Malden
Kloosterstraat,2,"","",6581XX,Malden
Kloosterstraat,2,"",T001,6581XX,Malden
Kloosterstraat,2,A,"",6581XX,Malden
Kloosterstraat,2,B,"",6581XX,Malden
Kloosterstraat,20,"","",6581XX,Malden
Kloosterstraat,22,"","",6581XX,Malden
Kloosterstraat,4,"","",6581XX,Malden
Kloosterstraat,6,"","",6581XX,Malden
Kloosterstraat,8,"","",6581XX,Malden
Kloosterstraat,24,"","",6581XZ,Malden
Kloosterstraat,26,"","",6581XZ,Malden
Kloosterstraat,28,"","",6581XZ,Malden
Kloosterstraat,30,"","",6581XZ,Malden
Kloosterstraat,32,"","",6581XZ,Malden
Kloosterstraat,34,"","",6581XZ,Malden
Kloosterstraat,36,"","",6581XZ,Malden
Kloosterstraat,38,"","",6581XZ,Malden
Kloosterstraat,40,"","",6581XZ,Malden
Kloosterstraat,42,"","",6581XZ,Malden
Kloosterstraat,44,"","",6581XZ,Malden
Kloosterstraat,46,"","",6581XZ,Malden
Kloosterstraat,48,"","",6581XZ,Malden
Kloosterstraat,50,"","",6581XZ,Malden
