straat,huisnummer,huisletter,toevoeging,postcode,plaats
IJsseldijk,10,"","",6931AB,Westervoort
IJsseldijk,12,"","",6931AB,Westervoort
IJsseldijk,14,"","",6931AB,Westervoort
IJsseldijk,18,"","",6931AB,Westervoort
IJsseldijk,2,"","",6931AB,Westervoort
IJsseldijk,20,"","",6931AB,Westervoort
IJsseldijk,26,"","",6931AB,Westervoort
IJsseldijk,30,"","",6931AB,Westervoort
IJsseldijk,32,"","",6931AB,Westervoort
IJsseldijk,32,A,"",6931AB,Westervoort
IJsseldijk,34,"","",6931AB,Westervoort
IJsseldijk,36,"","",6931AB,Westervoort
IJsseldijk,38,"","",6931AB,Westervoort
IJsseldijk,4,"","",6931AB,Westervoort
IJsseldijk,6,"","",6931AB,Westervoort
IJsseldijk,8,"","",6931AB,Westervoort
Brouwerslaan,1,"","",6931AC,Westervoort
Brouwerslaan,1,A,"",6931AC,Westervoort
Brouwerslaan,10,"","",6931AC,Westervoort
Brouwerslaan,11,"","",6931AC,Westervoort
Brouwerslaan,13,"","",6931AC,Westervoort
Brouwerslaan,15,"","",6931AC,Westervoort
Brouwerslaan,17,"","",6931AC,Westervoort
Brouwerslaan,2,T,"",6931AC,Westervoort
Brouwerslaan,21,"","",6931AC,Westervoort
Brouwerslaan,3,"","",6931AC,Westervoort
Brouwerslaan,4,"","",6931AC,Westervoort
Brouwerslaan,4,"","",6931AC,Westervoort
Brouwerslaan,4,A,"",6931AC,Westervoort
Hamersestraat,47,C,"",6931AC,Westervoort
Brouwerslaan,5,"","",6931AC,Westervoort
Brouwerslaan,6,"","",6931AC,Westervoort
Brouwerslaan,7,"","",6931AC,Westervoort
Brouwerslaan,7,"","",6931AC,Westervoort
Brouwerslaan,7,A,"",6931AC,Westervoort
Brouwerslaan,8,"","",6931AC,Westervoort
IJsseldijk,80,"","",6931AC,Westervoort
IJsseldijk,80,A,"",6931AC,Westervoort
IJsseldijk,82,"","",6931AC,Westervoort
IJsseldijk,84,"","",6931AC,Westervoort
Brouwerslaan,9,"","",6931AC,Westervoort
Brouwerslaan,9,A,"",6931AC,Westervoort
Brouwerslaan,9,B,"",6931AC,Westervoort
IJsseldijk,66,"","",6931AD,Westervoort
IJsseldijk,68,"","",6931AD,Westervoort
IJsseldijk,70,"","",6931AD,Westervoort
IJsseldijk,72,"","",6931AD,Westervoort
IJsseldijk,76,"","",6931AD,Westervoort
IJsseldijk,100,"","",6931AE,Westervoort
IJsseldijk,104,"","",6931AE,Westervoort
IJsseldijk,104,"","",6931AE,Westervoort
IJsseldijk,104,"","",6931AE,Westervoort
IJsseldijk,84,"","",6931AE,Westervoort
IJsseldijk,86,T,"",6931AE,Westervoort
IJsseldijk,88,"","",6931AE,Westervoort
IJsseldijk,90,"","",6931AE,Westervoort
IJsseldijk,92,"","",6931AE,Westervoort
IJsseldijk,92,A,"",6931AE,Westervoort
IJsseldijk,94,"","",6931AE,Westervoort
IJsseldijk,96,"","",6931AE,Westervoort
IJsseldijk,96,A,"",6931AE,Westervoort
IJsseldijk,98,"","",6931AE,Westervoort
Mosterdhof,11,"","",6931AG,Westervoort
Mosterdhof,13,"","",6931AG,Westervoort
Mosterdhof,15,"","",6931AG,Westervoort
Mosterdhof,17,"","",6931AG,Westervoort
Mosterdhof,19,"","",6931AG,Westervoort
Mosterdhof,19,A,"",6931AG,Westervoort
Mosterdhof,19,B,"",6931AG,Westervoort
Mosterdhof,19,C,"",6931AG,Westervoort
Mosterdhof,19,D,"",6931AG,Westervoort
Mosterdhof,19,E,"",6931AG,Westervoort
Mosterdhof,19,F,"",6931AG,Westervoort
Mosterdhof,19,G,"",6931AG,Westervoort
Mosterdhof,19,H,"",6931AG,Westervoort
Mosterdhof,19,J,"",6931AG,Westervoort
Mosterdhof,19,K,"",6931AG,Westervoort
Mosterdhof,19,M,"",6931AG,Westervoort
Mosterdhof,19,N,"",6931AG,Westervoort
Mosterdhof,19,P,"",6931AG,Westervoort
Mosterdhof,19,Q,"",6931AG,Westervoort
Mosterdhof,19,R,"",6931AG,Westervoort
Mosterdhof,19,S,"",6931AG,Westervoort
Mosterdhof,21,"","",6931AG,Westervoort
Mosterdhof,21,A,"",6931AG,Westervoort
Mosterdhof,21,B,"",6931AG,Westervoort
Mosterdhof,21,C,"",6931AG,Westervoort
Mosterdhof,21,D,"",6931AG,Westervoort
Mosterdhof,23,"","",6931AG,Westervoort
Mosterdhof,23,A,"",6931AG,Westervoort
Mosterdhof,23,B,"",6931AG,Westervoort
Mosterdhof,25,"","",6931AG,Westervoort
Mosterdhof,25,A,"",6931AG,Westervoort
Mosterdhof,25,B,"",6931AG,Westervoort
Mosterdhof,27,T,"",6931AG,Westervoort
Mosterdhof,3,"","",6931AG,Westervoort
Mosterdhof,5,"","",6931AG,Westervoort
Mosterdhof,7,"","",6931AG,Westervoort
Mosterdhof,9,"","",6931AG,Westervoort
Mosterdhof,29,"","",6931AH,Westervoort
Mosterdhof,31,"","",6931AH,Westervoort
Mosterdhof,33,"","",6931AH,Westervoort
Mosterdhof,35,"","",6931AH,Westervoort
Mosterdhof,37,"","",6931AH,Westervoort
Mosterdhof,39,"","",6931AH,Westervoort
Mosterdhof,41,"","",6931AH,Westervoort
Mosterdhof,43,"","",6931AH,Westervoort
Mosterdhof,45,"","",6931AH,Westervoort
Mosterdhof,47,"","",6931AH,Westervoort
Mosterdhof,49,"","",6931AH,Westervoort
Mosterdhof,51,"","",6931AH,Westervoort
Mosterdhof,53,"","",6931AH,Westervoort
Mosterdhof,55,"","",6931AH,Westervoort
Mosterdhof,57,"","",6931AH,Westervoort
Mosterdhof,59,"","",6931AH,Westervoort
Mosterdhof,61,"","",6931AH,Westervoort
Mosterdhof,65,"","",6931AH,Westervoort
Mosterdhof,67,"","",6931AH,Westervoort
Mosterdhof,69,"","",6931AH,Westervoort
Mosterdhof,71,"","",6931AH,Westervoort
Mosterdhof,73,"","",6931AH,Westervoort
Mosterdhof,75,"","",6931AH,Westervoort
Mosterdhof,77,"","",6931AH,Westervoort
Mosterdhof,79,"","",6931AH,Westervoort
Mosterdhof,81,"","",6931AH,Westervoort
Mosterdhof,83,"","",6931AH,Westervoort
Mosterdhof,83,G,1,6931AH,Westervoort
Mosterdhof,83,G,2,6931AH,Westervoort
Mosterdhof,83,G,3,6931AH,Westervoort
Mosterdhof,83,G,4,6931AH,Westervoort
Mosterdhof,101,"","",6931AJ,Westervoort
Mosterdhof,103,"","",6931AJ,Westervoort
Mosterdhof,105,"","",6931AJ,Westervoort
Mosterdhof,107,"","",6931AJ,Westervoort
Mosterdhof,109,"","",6931AJ,Westervoort
Mosterdhof,111,"","",6931AJ,Westervoort
Mosterdhof,113,"","",6931AJ,Westervoort
Mosterdhof,115,"","",6931AJ,Westervoort
Mosterdhof,85,"","",6931AJ,Westervoort
Mosterdhof,87,"","",6931AJ,Westervoort
Mosterdhof,89,"","",6931AJ,Westervoort
Mosterdhof,91,"","",6931AJ,Westervoort
Mosterdhof,93,"","",6931AJ,Westervoort
Mosterdhof,95,"","",6931AJ,Westervoort
Mosterdhof,97,"","",6931AJ,Westervoort
Mosterdhof,99,"","",6931AJ,Westervoort
Mosterdhof,117,"","",6931AK,Westervoort
Mosterdhof,119,"","",6931AK,Westervoort
Mosterdhof,121,"","",6931AK,Westervoort
Mosterdhof,123,"","",6931AK,Westervoort
Mosterdhof,125,"","",6931AK,Westervoort
Mosterdhof,127,"","",6931AK,Westervoort
Mosterdhof,129,"","",6931AK,Westervoort
Mosterdhof,131,"","",6931AK,Westervoort
Mosterdhof,133,"","",6931AK,Westervoort
Mosterdhof,135,"","",6931AK,Westervoort
Mosterdhof,137,"","",6931AK,Westervoort
Mosterdhof,139,"","",6931AK,Westervoort
Mosterdhof,141,"","",6931AK,Westervoort
Mosterdhof,143,"","",6931AK,Westervoort
Mosterdhof,145,"","",6931AK,Westervoort
Mosterdhof,147,"","",6931AK,Westervoort
Mosterdhof,149,T,"",6931AK,Westervoort
Mosterdhof,151,"","",6931AL,Westervoort
Mosterdhof,153,"","",6931AL,Westervoort
Mosterdhof,155,"","",6931AL,Westervoort
Mosterdhof,157,"","",6931AL,Westervoort
Mosterdhof,159,"","",6931AL,Westervoort
Mosterdhof,161,"","",6931AL,Westervoort
Mosterdhof,163,"","",6931AL,Westervoort
Mosterdhof,165,"","",6931AL,Westervoort
Mosterdhof,167,"","",6931AL,Westervoort
Mosterdhof,169,"","",6931AL,Westervoort
Mosterdhof,171,"","",6931AL,Westervoort
Mosterdhof,173,"","",6931AL,Westervoort
Mosterdhof,173,A,"",6931AL,Westervoort
Mosterdhof,175,"","",6931AL,Westervoort
Mosterdhof,177,"","",6931AL,Westervoort
Mosterdhof,179,"","",6931AL,Westervoort
Mosterdhof,181,"","",6931AL,Westervoort
Mosterdhof,183,"","",6931AL,Westervoort
Mosterdhof,185,"","",6931AL,Westervoort
Mosterdhof,187,"","",6931AL,Westervoort
Mosterdhof,189,"","",6931AL,Westervoort
Mosterdhof,191,"","",6931AL,Westervoort
Mosterdhof,193,"","",6931AL,Westervoort
Mosterdhof,195,"","",6931AL,Westervoort
Mosterdhof,197,"","",6931AL,Westervoort
Mosterdhof,199,"","",6931AL,Westervoort
Mosterdhof,10,"","",6931AM,Westervoort
Mosterdhof,12,"","",6931AM,Westervoort
Mosterdhof,14,"","",6931AM,Westervoort
Mosterdhof,16,"","",6931AM,Westervoort
Mosterdhof,18,"","",6931AM,Westervoort
Mosterdhof,20,"","",6931AM,Westervoort
Mosterdhof,22,"","",6931AM,Westervoort
Mosterdhof,24,"","",6931AM,Westervoort
Mosterdhof,26,"","",6931AM,Westervoort
Mosterdhof,28,"","",6931AM,Westervoort
Mosterdhof,30,"","",6931AM,Westervoort
Mosterdhof,32,"","",6931AM,Westervoort
Mosterdhof,34,"","",6931AM,Westervoort
Mosterdhof,36,"","",6931AM,Westervoort
Mosterdhof,36,A,"",6931AM,Westervoort
Mosterdhof,4,"","",6931AM,Westervoort
Mosterdhof,6,"","",6931AM,Westervoort
Mosterdhof,8,"","",6931AM,Westervoort
Mosterdhof,38,"","",6931AN,Westervoort
Mosterdhof,40,"","",6931AN,Westervoort
Mosterdhof,42,"","",6931AN,Westervoort
Mosterdhof,44,"","",6931AN,Westervoort
Mosterdhof,46,"","",6931AN,Westervoort
Mosterdhof,48,"","",6931AN,Westervoort
Mosterdhof,50,"","",6931AN,Westervoort
Mosterdhof,52,"","",6931AN,Westervoort
Mosterdhof,54,"","",6931AN,Westervoort
Mosterdhof,56,"","",6931AN,Westervoort
Mosterdhof,58,"","",6931AN,Westervoort
Mosterdhof,60,"","",6931AN,Westervoort
Mosterdhof,60,G,1,6931AN,Westervoort
Mosterdhof,60,G,2,6931AN,Westervoort
Mosterdhof,60,G,3,6931AN,Westervoort
Mosterdhof,60,G,4,6931AN,Westervoort
Mosterdhof,60,G,5,6931AN,Westervoort
Mosterdhof,60,G,6,6931AN,Westervoort
Mosterdhof,60,G,7,6931AN,Westervoort
Mosterdhof,60,G,8,6931AN,Westervoort
Mosterdhof,100,"","",6931AP,Westervoort
Mosterdhof,62,"","",6931AP,Westervoort
Mosterdhof,64,"","",6931AP,Westervoort
Mosterdhof,66,"","",6931AP,Westervoort
Mosterdhof,68,"","",6931AP,Westervoort
Mosterdhof,70,"","",6931AP,Westervoort
Mosterdhof,72,"","",6931AP,Westervoort
Mosterdhof,74,"","",6931AP,Westervoort
Mosterdhof,76,"","",6931AP,Westervoort
Mosterdhof,78,"","",6931AP,Westervoort
Mosterdhof,80,"","",6931AP,Westervoort
Mosterdhof,82,"","",6931AP,Westervoort
Mosterdhof,83,G,1,6931AP,Westervoort
Mosterdhof,83,G,2,6931AP,Westervoort
Mosterdhof,83,G,3,6931AP,Westervoort
Mosterdhof,83,G,4,6931AP,Westervoort
Mosterdhof,84,"","",6931AP,Westervoort
Mosterdhof,86,"","",6931AP,Westervoort
Mosterdhof,88,"","",6931AP,Westervoort
Mosterdhof,90,"","",6931AP,Westervoort
Mosterdhof,92,"","",6931AP,Westervoort
Mosterdhof,94,"","",6931AP,Westervoort
Mosterdhof,96,"","",6931AP,Westervoort
Mosterdhof,98,"","",6931AP,Westervoort
Mosterdhof,102,"","",6931AR,Westervoort
Mosterdhof,104,"","",6931AR,Westervoort
Mosterdhof,106,"","",6931AR,Westervoort
Mosterdhof,108,"","",6931AR,Westervoort
Mosterdhof,110,"","",6931AR,Westervoort
Mosterdhof,112,"","",6931AR,Westervoort
Mosterdhof,114,"","",6931AR,Westervoort
Mosterdhof,116,"","",6931AR,Westervoort
Mosterdhof,118,"","",6931AR,Westervoort
Mosterdhof,120,"","",6931AR,Westervoort
Mosterdhof,122,"","",6931AR,Westervoort
Mosterdhof,124,"","",6931AR,Westervoort
Mosterdhof,126,"","",6931AR,Westervoort
Mosterdhof,128,"","",6931AR,Westervoort
Mosterdhof,130,"","",6931AR,Westervoort
Mosterdhof,132,"","",6931AR,Westervoort
Mosterdhof,134,"","",6931AR,Westervoort
Mosterdhof,136,"","",6931AR,Westervoort
Mosterdhof,138,"","",6931AR,Westervoort
Mosterdhof,140,"","",6931AR,Westervoort
Mosterdhof,142,"","",6931AR,Westervoort
Thuvine Park,174,"","",6931AR,Duiven
Thuvine Park,175,"","",6931AR,Duiven
Thuvine Park,176,"","",6931AR,Duiven
Thuvine Park,177,"","",6931AR,Duiven
Thuvine Park,178,"","",6931AR,Duiven
Thuvine Park,179,"","",6931AR,Duiven
Thuvine Park,180,"","",6931AR,Duiven
Thuvine Park,181,"","",6931AR,Duiven
Thuvine Park,182,"","",6931AR,Duiven
Thuvine Park,183,"","",6931AR,Duiven
Thuvine Park,184,"","",6931AR,Duiven
Thuvine Park,185,"","",6931AR,Duiven
Thuvine Park,186,"","",6931AR,Duiven
Thuvine Park,187,"","",6931AR,Duiven
Thuvine Park,188,"","",6931AR,Duiven
Thuvine Park,189,"","",6931AR,Duiven
Thuvine Park,190,"","",6931AR,Duiven
Mosterdhof,144,"","",6931AS,Westervoort
Mosterdhof,146,"","",6931AS,Westervoort
Mosterdhof,148,"","",6931AS,Westervoort
Mosterdhof,150,"","",6931AS,Westervoort
Mosterdhof,152,"","",6931AS,Westervoort
Mosterdhof,154,"","",6931AS,Westervoort
Mosterdhof,156,"","",6931AS,Westervoort
Mosterdhof,158,"","",6931AS,Westervoort
Mosterdhof,160,"","",6931AS,Westervoort
Mosterdhof,162,"","",6931AS,Westervoort
Mosterdhof,164,"","",6931AS,Westervoort
Mosterdhof,166,"","",6931AS,Westervoort
Mosterdhof,168,"","",6931AS,Westervoort
Mosterdhof,170,"","",6931AS,Westervoort
Mosterdhof,172,"","",6931AS,Westervoort
Mosterdhof,174,"","",6931AS,Westervoort
Mosterdhof,176,"","",6931AS,Westervoort
Mosterdhof,178,"","",6931AS,Westervoort
Mosterdhof,180,"","",6931AS,Westervoort
Mosterdhof,182,"","",6931AS,Westervoort
Mosterdhof,184,"","",6931AS,Westervoort
Mosterdhof,186,T,"",6931AT,Westervoort
Mosterdhof,188,"","",6931AT,Westervoort
Mosterdhof,188,G,1,6931AT,Westervoort
Mosterdhof,188,G,2,6931AT,Westervoort
Mosterdhof,188,G,3,6931AT,Westervoort
Mosterdhof,188,G,4,6931AT,Westervoort
Mosterdhof,188,G,5,6931AT,Westervoort
Mosterdhof,188,G,6,6931AT,Westervoort
Mosterdhof,188,G,7,6931AT,Westervoort
Mosterdhof,188,G,8,6931AT,Westervoort
Mosterdhof,190,"","",6931AT,Westervoort
Mosterdhof,192,"","",6931AT,Westervoort
Mosterdhof,194,"","",6931AT,Westervoort
Mosterdhof,196,"","",6931AT,Westervoort
Mosterdhof,198,"","",6931AT,Westervoort
Mosterdhof,200,"","",6931AT,Westervoort
Mosterdhof,202,"","",6931AT,Westervoort
Mosterdhof,204,"","",6931AT,Westervoort
Mosterdhof,206,"","",6931AT,Westervoort
Mosterdhof,208,"","",6931AT,Westervoort
Mosterdhof,210,"","",6931AT,Westervoort
Mosterdhof,212,"","",6931AT,Westervoort
Mosterdhof,214,"","",6931AT,Westervoort
Mosterdhof,216,"","",6931AT,Westervoort
Mosterdhof,218,"","",6931AT,Westervoort
Mosterdhof,220,"","",6931AV,Westervoort
Mosterdhof,222,"","",6931AV,Westervoort
Mosterdhof,224,"","",6931AV,Westervoort
Mosterdhof,226,"","",6931AV,Westervoort
Mosterdhof,228,"","",6931AV,Westervoort
Mosterdhof,230,"","",6931AV,Westervoort
Mosterdhof,232,"","",6931AV,Westervoort
Mosterdhof,234,"","",6931AV,Westervoort
Mosterdhof,236,"","",6931AV,Westervoort
Mosterdhof,238,"","",6931AV,Westervoort
Mosterdhof,240,"","",6931AV,Westervoort
Mosterdhof,242,"","",6931AV,Westervoort
Mosterdhof,244,T,"",6931AV,Westervoort
Mosterdhof,246,"","",6931AV,Westervoort
Mosterdhof,248,"","",6931AV,Westervoort
Mosterdhof,250,"","",6931AV,Westervoort
Mosterdhof,252,"","",6931AV,Westervoort
Mosterdhof,254,"","",6931AW,Westervoort
Mosterdhof,256,"","",6931AW,Westervoort
Mosterdhof,258,"","",6931AW,Westervoort
Mosterdhof,260,"","",6931AW,Westervoort
Mosterdhof,262,"","",6931AW,Westervoort
Mosterdhof,264,"","",6931AW,Westervoort
Mosterdhof,266,"","",6931AW,Westervoort
Mosterdhof,268,"","",6931AW,Westervoort
Mosterdhof,270,"","",6931AW,Westervoort
Mosterdhof,272,"","",6931AW,Westervoort
Mosterdhof,274,"","",6931AW,Westervoort
Mosterdhof,276,"","",6931AW,Westervoort
Mosterdhof,276,G,1,6931AW,Westervoort
Mosterdhof,276,G,2,6931AW,Westervoort
Mosterdhof,276,G,3,6931AW,Westervoort
Mosterdhof,276,G,4,6931AW,Westervoort
Mosterdhof,276,G,5,6931AW,Westervoort
Mosterdhof,276,G,6,6931AW,Westervoort
Mosterdhof,276,G,7,6931AW,Westervoort
Mosterdhof,276,G,8,6931AW,Westervoort
Mosterdhof,278,"","",6931AW,Westervoort
Mosterdhof,280,"","",6931AW,Westervoort
Mosterdhof,282,"","",6931AW,Westervoort
Mosterdhof,284,"","",6931AW,Westervoort
Mosterdhof,286,"","",6931AX,Westervoort
Mosterdhof,288,"","",6931AX,Westervoort
Mosterdhof,290,"","",6931AX,Westervoort
Mosterdhof,292,"","",6931AX,Westervoort
Mosterdhof,294,"","",6931AX,Westervoort
Mosterdhof,296,"","",6931AX,Westervoort
Mosterdhof,298,"","",6931AX,Westervoort
Mosterdhof,300,"","",6931AX,Westervoort
Mosterdhof,302,"","",6931AX,Westervoort
Mosterdhof,304,"","",6931AX,Westervoort
Mosterdhof,306,"","",6931AX,Westervoort
Mosterdhof,308,"","",6931AX,Westervoort
Mosterdhof,310,"","",6931AZ,Westervoort
Mosterdhof,312,"","",6931AZ,Westervoort
Mosterdhof,314,"","",6931AZ,Westervoort
Mosterdhof,316,"","",6931AZ,Westervoort
Mosterdhof,318,"","",6931AZ,Westervoort
Mosterdhof,320,"","",6931AZ,Westervoort
Mosterdhof,322,"","",6931AZ,Westervoort
Mosterdhof,324,"","",6931AZ,Westervoort
Mosterdhof,326,"","",6931AZ,Westervoort
Mosterdhof,328,"","",6931AZ,Westervoort
Mosterdhof,330,"","",6931AZ,Westervoort
Mosterdhof,332,"","",6931AZ,Westervoort
Mosterdhof,334,"","",6931AZ,Westervoort
Mosterdhof,334,G,1,6931AZ,Westervoort
Mosterdhof,334,G,2,6931AZ,Westervoort
Mosterdhof,334,G,3,6931AZ,Westervoort
Mosterdhof,334,G,4,6931AZ,Westervoort
Dorpstraat,1,"","",6931BA,Westervoort
Dorpstraat,1,A,"",6931BA,Westervoort
Dorpstraat,1,B,"",6931BA,Westervoort
Dorpstraat,11,"","",6931BA,Westervoort
Dorpstraat,3,"","",6931BA,Westervoort
Dorpstraat,7,"","",6931BA,Westervoort
Dorpstraat,25,"","",6931BB,Westervoort
Dorpstraat,25,"","",6931BB,Westervoort
Dorpstraat,27,"","",6931BB,Westervoort
Dorpstraat,29,"","",6931BB,Westervoort
Dorpstraat,31,"","",6931BB,Westervoort
Dorpstraat,33,"","",6931BB,Westervoort
Dorpstraat,35,"","",6931BB,Westervoort
Dorpstraat,37,"","",6931BB,Westervoort
Dorpstraat,39,"","",6931BC,Westervoort
Dorpstraat,41,"","",6931BC,Westervoort
Dorpstraat,43,"","",6931BC,Westervoort
Dorpstraat,47,"","",6931BC,Westervoort
Dorpstraat,51,"","",6931BC,Westervoort
Dorpstraat,53,"","",6931BC,Westervoort
Dorpstraat,55,"","",6931BD,Westervoort
Dorpstraat,55,A,"",6931BD,Westervoort
Dorpstraat,57,"","",6931BD,Westervoort
Dorpstraat,59,"","",6931BD,Westervoort
Dorpstraat,61,"","",6931BD,Westervoort
Dorpstraat,61,A,"",6931BD,Westervoort
Dorpstraat,63,"","",6931BD,Westervoort
Dorpstraat,65,"","",6931BD,Westervoort
Dorpstraat,65,A,"",6931BD,Westervoort
Dorpstraat,69,"","",6931BD,Westervoort
Schans,7,"","",6931BE,Westervoort
Schans,7,A,"",6931BE,Westervoort
Dorpstraat,71,"","",6931BE,Westervoort
Dorpstraat,71,A,"",6931BE,Westervoort
Dorpstraat,71,B,"",6931BE,Westervoort
Dorpstraat,71,B,"",6931BE,Westervoort
Dorpstraat,73,"","",6931BE,Westervoort
Dorpstraat,73,A,"",6931BE,Westervoort
Dorpstraat,75,"","",6931BE,Westervoort
Dorpstraat,77,"","",6931BE,Westervoort
Dorpstraat,79,"","",6931BE,Westervoort
Dorpstraat,79,A,"",6931BE,Westervoort
Dorpstraat,81,"","",6931BE,Westervoort
Dorpstraat,83,"","",6931BE,Westervoort
Dorpstraat,85,T,1,6931BE,Westervoort
Dorpstraat,85,T,2,6931BE,Westervoort
Dorpstraat,101,"","",6931BG,Westervoort
Dorpstraat,105,"","",6931BG,Westervoort
Dorpstraat,107,"","",6931BG,Westervoort
Dorpstraat,107,"","",6931BG,Westervoort
Dorpstraat,107,A,"",6931BG,Westervoort
Dorpstraat,107,B,"",6931BG,Westervoort
Dorpstraat,107,C,"",6931BG,Westervoort
Dorpstraat,107,D,"",6931BG,Westervoort
Dorpstraat,107,E,"",6931BG,Westervoort
Dorpstraat,107,F,"",6931BG,Westervoort
Dorpstraat,109,"","",6931BG,Westervoort
Dorpstraat,109,A,"",6931BG,Westervoort
Dorpstraat,109,B,"",6931BG,Westervoort
Dorpstraat,109,C,"",6931BG,Westervoort
Dorpstraat,109,D,"",6931BG,Westervoort
Dorpstraat,109,E,"",6931BG,Westervoort
Dorpstraat,109,F,"",6931BG,Westervoort
Dorpstraat,109,G,"",6931BG,Westervoort
Dorpstraat,109,H,"",6931BG,Westervoort
Dorpstraat,109,J,"",6931BG,Westervoort
Dorpstraat,109,K,"",6931BG,Westervoort
Dorpstraat,109,M,"",6931BG,Westervoort
Dorpstraat,109,N,"",6931BG,Westervoort
Dorpstraat,109,P,"",6931BG,Westervoort
Dorpstraat,109,R,"",6931BG,Westervoort
Dorpstraat,109,S,"",6931BG,Westervoort
Dorpstraat,111,"","",6931BG,Westervoort
Dorpstraat,113,"","",6931BG,Westervoort
Dorpstraat,113,A,"",6931BG,Westervoort
Dorpstraat,115,"","",6931BG,Westervoort
Dorpstraat,117,"","",6931BG,Westervoort
Dorpstraat,119,"","",6931BG,Westervoort
Dorpstraat,121,"","",6931BG,Westervoort
Dorpstraat,123,"","",6931BG,Westervoort
Dorpstraat,125,"","",6931BG,Westervoort
Dorpstraat,127,"","",6931BG,Westervoort
Dorpstraat,129,"","",6931BG,Westervoort
Dorpstraat,131,"","",6931BG,Westervoort
Dorpstraat,133,"","",6931BG,Westervoort
Dorpstraat,135,"","",6931BG,Westervoort
Dorpstraat,137,"","",6931BG,Westervoort
Dorpstraat,139,"","",6931BG,Westervoort
Dorpstraat,141,"","",6931BG,Westervoort
Dorpstraat,143,"","",6931BG,Westervoort
Dorpstraat,145,"","",6931BG,Westervoort
Dorpstraat,147,"","",6931BG,Westervoort
Dorpstraat,149,"","",6931BG,Westervoort
Dorpstraat,151,"","",6931BG,Westervoort
Dorpstraat,153,"","",6931BG,Westervoort
Dorpstraat,155,"","",6931BG,Westervoort
Dorpstraat,157,"","",6931BG,Westervoort
Dorpstraat,159,"","",6931BG,Westervoort
Dorpstraat,161,"","",6931BG,Westervoort
Dorpstraat,163,"","",6931BG,Westervoort
Dorpstraat,165,"","",6931BG,Westervoort
Dorpstraat,167,"","",6931BG,Westervoort
Dorpstraat,169,"","",6931BG,Westervoort
Dorpstraat,171,"","",6931BG,Westervoort
Dorpstraat,173,"","",6931BG,Westervoort
Dorpstraat,93,"","",6931BG,Westervoort
Dorpstraat,97,"","",6931BG,Westervoort
Dorpstraat,99,"","",6931BG,Westervoort
Dorpstraat,99,A,"",6931BG,Westervoort
Dorpstraat,99,B,"",6931BG,Westervoort
Dorpstraat,10,"","",6931BH,Westervoort
Dorpstraat,12,"","",6931BH,Westervoort
Dorpstraat,14,"","",6931BH,Westervoort
Dorpstraat,16,"","",6931BH,Westervoort
Dorpstraat,18,"","",6931BH,Westervoort
Dorpstraat,18,A,"",6931BH,Westervoort
Dorpstraat,18,B,"",6931BH,Westervoort
Dorpstraat,18,C,"",6931BH,Westervoort
Dorpstraat,18,D,"",6931BH,Westervoort
Dorpstraat,18,E,"",6931BH,Westervoort
Dorpstraat,2,"","",6931BH,Westervoort
Dorpstraat,22,"","",6931BH,Westervoort
Dorpstraat,24,"","",6931BH,Westervoort
Dorpstraat,26,"","",6931BH,Westervoort
Dorpstraat,28,"","",6931BH,Westervoort
Dorpstraat,6,"","",6931BH,Westervoort
Dorpstraat,30,"","",6931BJ,Westervoort
Dorpstraat,32,"","",6931BJ,Westervoort
Dorpstraat,34,"","",6931BJ,Westervoort
Dorpstraat,36,"","",6931BJ,Westervoort
Dorpstraat,36,"","",6931BJ,Westervoort
Dorpstraat,36,"","",6931BJ,Westervoort
Dorpstraat,36,A,"",6931BJ,Westervoort
Dorpstraat,36,A,"",6931BJ,Westervoort
Dorpstraat,38,"","",6931BJ,Westervoort
Dorpstraat,40,"","",6931BJ,Westervoort
Dorpstraat,42,"","",6931BJ,Westervoort
Dorpstraat,42,A,"",6931BJ,Westervoort
Dorpstraat,42,B,"",6931BJ,Westervoort
Dorpstraat,42,C,"",6931BJ,Westervoort
Dorpstraat,42,D,"",6931BJ,Westervoort
Dorpstraat,46,"","",6931BK,Westervoort
Dorpstraat,48,"","",6931BK,Westervoort
Dorpstraat,50,"","",6931BK,Westervoort
Dorpstraat,52,"","",6931BK,Westervoort
Dorpstraat,54,"","",6931BK,Westervoort
Dorpstraat,56,"","",6931BK,Westervoort
Dorpstraat,60,"","",6931BK,Westervoort
Dorpstraat,62,"","",6931BK,Westervoort
Dorpstraat,64,"","",6931BK,Westervoort
Dorpstraat,64,A,"",6931BK,Westervoort
Dorpstraat,66,"","",6931BL,Westervoort
Dorpstraat,66,"","",6931BL,Westervoort
Dorpstraat,66,A,"",6931BL,Westervoort
Dorpstraat,68,"","",6931BL,Westervoort
Dorpstraat,74,"","",6931BL,Westervoort
Dorpstraat,74,A,"",6931BL,Westervoort
Dorpstraat,76,"","",6931BL,Westervoort
Dorpstraat,78,"","",6931BL,Westervoort
Dorpstraat,80,"","",6931BL,Westervoort
Dorpstraat,80,A,"",6931BL,Westervoort
Dorpstraat,82,"","",6931BL,Westervoort
Dorpstraat,84,"","",6931BL,Westervoort
Dorpstraat,100,"","",6931BM,Westervoort
Dorpstraat,102,"","",6931BM,Westervoort
Dorpstraat,104,"","",6931BM,Westervoort
Dorpstraat,104,A,"",6931BM,Westervoort
Dorpstraat,106,"","",6931BM,Westervoort
Dorpstraat,106,A,"",6931BM,Westervoort
Dorpstraat,108,"","",6931BM,Westervoort
Dorpstraat,108,A,"",6931BM,Westervoort
Dorpstraat,108,B,"",6931BM,Westervoort
Dorpstraat,112,"","",6931BM,Westervoort
Dorpstraat,114,"","",6931BM,Westervoort
Dorpstraat,116,"","",6931BM,Westervoort
Dorpstraat,88,"","",6931BM,Westervoort
Dorpstraat,88,A,"",6931BM,Westervoort
Dorpstraat,90,"","",6931BM,Westervoort
Dorpstraat,92,"","",6931BM,Westervoort
Dorpstraat,92,"","",6931BM,Westervoort
Dorpstraat,92,A,"",6931BM,Westervoort
Dorpstraat,92,B,"",6931BM,Westervoort
Dorpstraat,94,"","",6931BM,Westervoort
Dorpstraat,96,"","",6931BM,Westervoort
Dorpstraat,98,"","",6931BM,Westervoort
Dorpstraat,98,A,"",6931BM,Westervoort
Molenlaan,1,"","",6931BN,Westervoort
Molenlaan,11,"","",6931BN,Westervoort
Molenlaan,13,"","",6931BN,Westervoort
Molenlaan,15,"","",6931BN,Westervoort
Molenlaan,17,"","",6931BN,Westervoort
Molenlaan,19,"","",6931BN,Westervoort
Molenlaan,19,G,1,6931BN,Westervoort
Molenlaan,19,G,2,6931BN,Westervoort
Molenlaan,19,G,3,6931BN,Westervoort
Molenlaan,19,G,4,6931BN,Westervoort
Molenlaan,21,"","",6931BN,Westervoort
Molenlaan,23,"","",6931BN,Westervoort
Molenlaan,25,"","",6931BN,Westervoort
Molenlaan,27,"","",6931BN,Westervoort
Molenlaan,29,"","",6931BN,Westervoort
Molenlaan,3,"","",6931BN,Westervoort
Molenlaan,5,"","",6931BN,Westervoort
Molenlaan,7,"","",6931BN,Westervoort
Molenlaan,9,"","",6931BN,Westervoort
Molenlaan,10,"","",6931BP,Westervoort
Molenlaan,12,"","",6931BP,Westervoort
Molenlaan,14,"","",6931BP,Westervoort
Molenlaan,16,"","",6931BP,Westervoort
Molenlaan,18,"","",6931BP,Westervoort
Molenlaan,2,"","",6931BP,Westervoort
Molenlaan,20,"","",6931BP,Westervoort
Molenlaan,22,"","",6931BP,Westervoort
Molenlaan,24,"","",6931BP,Westervoort
Molenlaan,26,"","",6931BP,Westervoort
Molenlaan,28,"","",6931BP,Westervoort
Molenlaan,28,G,1,6931BP,Westervoort
Molenlaan,4,"","",6931BP,Westervoort
Molenlaan,6,"","",6931BP,Westervoort
Molenlaan,8,"","",6931BP,Westervoort
Kloosterdreef,1,G,1,6931BR,Westervoort
Kloosterdreef,10,"","",6931BR,Westervoort
Kloosterdreef,11,"","",6931BR,Westervoort
Kloosterdreef,12,"","",6931BR,Westervoort
Kloosterdreef,14,"","",6931BR,Westervoort
Kloosterdreef,16,"","",6931BR,Westervoort
Kloosterdreef,2,"","",6931BR,Westervoort
Kloosterdreef,20,"","",6931BR,Westervoort
Kloosterdreef,22,"","",6931BR,Westervoort
Kloosterdreef,24,"","",6931BR,Westervoort
Kloosterdreef,26,"","",6931BR,Westervoort
Kloosterdreef,28,"","",6931BR,Westervoort
Kloosterdreef,3,"","",6931BR,Westervoort
Kloosterdreef,4,"","",6931BR,Westervoort
Kloosterdreef,5,"","",6931BR,Westervoort
Kloosterdreef,6,"","",6931BR,Westervoort
Kloosterdreef,7,"","",6931BR,Westervoort
Kloosterdreef,8,"","",6931BR,Westervoort
Kloosterdreef,9,"","",6931BR,Westervoort
Schoonoord,1,"","",6931BS,Westervoort
Schoonoord,11,"","",6931BS,Westervoort
Schoonoord,13,"","",6931BS,Westervoort
Schoonoord,15,"","",6931BS,Westervoort
Schoonoord,17,"","",6931BS,Westervoort
Schoonoord,19,"","",6931BS,Westervoort
Schoonoord,21,"","",6931BS,Westervoort
Schoonoord,23,"","",6931BS,Westervoort
Schoonoord,25,"","",6931BS,Westervoort
Schoonoord,27,"","",6931BS,Westervoort
Schoonoord,29,"","",6931BS,Westervoort
Schoonoord,3,"","",6931BS,Westervoort
Schoonoord,31,"","",6931BS,Westervoort
Schoonoord,33,"","",6931BS,Westervoort
Schoonoord,35,"","",6931BS,Westervoort
Schoonoord,37,"","",6931BS,Westervoort
Schoonoord,39,"","",6931BS,Westervoort
Schoonoord,41,"","",6931BS,Westervoort
Schoonoord,43,"","",6931BS,Westervoort
Schoonoord,45,"","",6931BS,Westervoort
Schoonoord,5,"","",6931BS,Westervoort
Schoonoord,7,"","",6931BS,Westervoort
Schoonoord,9,"","",6931BS,Westervoort
Schoonoord,10,"","",6931BT,Westervoort
Schoonoord,12,"","",6931BT,Westervoort
Schoonoord,14,"","",6931BT,Westervoort
Schoonoord,16,"","",6931BT,Westervoort
Schoonoord,18,"","",6931BT,Westervoort
Schoonoord,2,"","",6931BT,Westervoort
Schoonoord,20,"","",6931BT,Westervoort
Schoonoord,22,"","",6931BT,Westervoort
Schoonoord,30,"","",6931BT,Westervoort
Schoonoord,30,A,"",6931BT,Westervoort
Schoonoord,4,"","",6931BT,Westervoort
Schoonoord,6,"","",6931BT,Westervoort
Schoonoord,8,"","",6931BT,Westervoort
In den Bongerd,2,"","",6931BV,Westervoort
In den Bongerd,4,"","",6931BV,Westervoort
In den Bongerd,6,"","",6931BV,Westervoort
In den Bongerd,8,"","",6931BV,Westervoort
Cloecklaan,1,"","",6931BW,Westervoort
Cloecklaan,11,"","",6931BW,Westervoort
Cloecklaan,13,"","",6931BW,Westervoort
Cloecklaan,15,"","",6931BW,Westervoort
Cloecklaan,17,"","",6931BW,Westervoort
Cloecklaan,19,"","",6931BW,Westervoort
Cloecklaan,21,"","",6931BW,Westervoort
Cloecklaan,23,"","",6931BW,Westervoort
Cloecklaan,25,"","",6931BW,Westervoort
Cloecklaan,27,"","",6931BW,Westervoort
Cloecklaan,29,"","",6931BW,Westervoort
Cloecklaan,3,"","",6931BW,Westervoort
Cloecklaan,31,"","",6931BW,Westervoort
Cloecklaan,33,"","",6931BW,Westervoort
Cloecklaan,35,"","",6931BW,Westervoort
Cloecklaan,37,"","",6931BW,Westervoort
Cloecklaan,5,"","",6931BW,Westervoort
Cloecklaan,7,"","",6931BW,Westervoort
Cloecklaan,9,"","",6931BW,Westervoort
Cloecklaan,10,"","",6931BX,Westervoort
Cloecklaan,12,"","",6931BX,Westervoort
Cloecklaan,14,"","",6931BX,Westervoort
Cloecklaan,16,"","",6931BX,Westervoort
Cloecklaan,18,"","",6931BX,Westervoort
Cloecklaan,2,"","",6931BX,Westervoort
Cloecklaan,20,"","",6931BX,Westervoort
Cloecklaan,22,"","",6931BX,Westervoort
Cloecklaan,24,"","",6931BX,Westervoort
Cloecklaan,26,"","",6931BX,Westervoort
Cloecklaan,26,T,"",6931BX,Westervoort
Cloecklaan,28,"","",6931BX,Westervoort
Cloecklaan,30,"","",6931BX,Westervoort
Cloecklaan,32,"","",6931BX,Westervoort
Cloecklaan,34,"","",6931BX,Westervoort
Cloecklaan,36,"","",6931BX,Westervoort
Cloecklaan,38,"","",6931BX,Westervoort
Cloecklaan,4,"","",6931BX,Westervoort
Cloecklaan,6,"","",6931BX,Westervoort
Cloecklaan,8,"","",6931BX,Westervoort
Kraayenhof,1,"","",6931BZ,Westervoort
Kraayenhof,11,"","",6931BZ,Westervoort
Kraayenhof,13,"","",6931BZ,Westervoort
Kraayenhof,15,"","",6931BZ,Westervoort
Kraayenhof,17,"","",6931BZ,Westervoort
Kraayenhof,19,"","",6931BZ,Westervoort
Kraayenhof,2,"","",6931BZ,Westervoort
Kraayenhof,2,G,1,6931BZ,Westervoort
Kraayenhof,2,G,2,6931BZ,Westervoort
Kraayenhof,2,G,3,6931BZ,Westervoort
Kraayenhof,2,G,4,6931BZ,Westervoort
Kraayenhof,21,"","",6931BZ,Westervoort
Kraayenhof,23,"","",6931BZ,Westervoort
Kraayenhof,25,"","",6931BZ,Westervoort
Kraayenhof,27,"","",6931BZ,Westervoort
Kraayenhof,29,"","",6931BZ,Westervoort
Kraayenhof,3,"","",6931BZ,Westervoort
Kraayenhof,31,"","",6931BZ,Westervoort
Kraayenhof,33,"","",6931BZ,Westervoort
Kraayenhof,4,"","",6931BZ,Westervoort
Kraayenhof,5,"","",6931BZ,Westervoort
Kraayenhof,6,"","",6931BZ,Westervoort
Kraayenhof,7,"","",6931BZ,Westervoort
Kraayenhof,8,"","",6931BZ,Westervoort
Kraayenhof,9,"","",6931BZ,Westervoort
Klapstraat,1,"","",6931CA,Westervoort
Klapstraat,11,"","",6931CA,Westervoort
Klapstraat,13,"","",6931CA,Westervoort
Klapstraat,17,"","",6931CA,Westervoort
Klapstraat,19,"","",6931CA,Westervoort
Klapstraat,23,"","",6931CA,Westervoort
Klapstraat,25,"","",6931CA,Westervoort
Klapstraat,27,"","",6931CA,Westervoort
Klapstraat,29,"","",6931CA,Westervoort
Klapstraat,3,"","",6931CA,Westervoort
Klapstraat,31,"","",6931CA,Westervoort
Klapstraat,31,"","",6931CA,Westervoort
Klapstraat,33,"","",6931CA,Westervoort
Klapstraat,35,"","",6931CA,Westervoort
Klapstraat,37,"","",6931CA,Westervoort
Klapstraat,39,"","",6931CA,Westervoort
Klapstraat,5,"","",6931CA,Westervoort
Klapstraat,7,"","",6931CA,Westervoort
Klapstraat,9,"","",6931CA,Westervoort
Klapstraat,9,A,"",6931CA,Westervoort
Klapstraat,9,B,"",6931CA,Westervoort
Klapstraat,9,C,"",6931CA,Westervoort
Klapstraat,9,D,"",6931CA,Westervoort
Klapstraat,9,E,"",6931CA,Westervoort
Klapstraat,9,F,"",6931CA,Westervoort
Klapstraat,9,H,"",6931CA,Westervoort
Klapstraat,47,"","",6931CC,Westervoort
Klapstraat,49,"","",6931CC,Westervoort
Klapstraat,53,"","",6931CC,Westervoort
Klapstraat,55,"","",6931CC,Westervoort
Klapstraat,57,"","",6931CD,Westervoort
Klapstraat,59,"","",6931CD,Westervoort
Klapstraat,61,"","",6931CE,Westervoort
Klapstraat,63,"","",6931CE,Westervoort
Klapstraat,65,"","",6931CE,Westervoort
Klapstraat,67,"","",6931CE,Westervoort
Klapstraat,69,"","",6931CE,Westervoort
Klapstraat,71,"","",6931CE,Westervoort
Klapstraat,73,"","",6931CE,Westervoort
Klapstraat,75,"","",6931CE,Westervoort
Klapstraat,77,"","",6931CE,Westervoort
Klapstraat,79,"","",6931CG,Westervoort
Klapstraat,83,"","",6931CG,Westervoort
Klapstraat,85,"","",6931CG,Westervoort
Klapstraat,87,"","",6931CG,Westervoort
Klapstraat,89,"","",6931CG,Westervoort
Klapstraat,91,"","",6931CG,Westervoort
Klapstraat,93,"","",6931CG,Westervoort
Klapstraat,101,"","",6931CH,Westervoort
Klapstraat,103,"","",6931CH,Westervoort
Klapstraat,105,"","",6931CH,Westervoort
Klapstraat,107,"","",6931CH,Westervoort
Klapstraat,109,"","",6931CH,Westervoort
Klapstraat,111,"","",6931CH,Westervoort
Klapstraat,113,"","",6931CH,Westervoort
Klapstraat,115,"","",6931CH,Westervoort
Klapstraat,117,"","",6931CH,Westervoort
Klapstraat,117,A,"",6931CH,Westervoort
Klapstraat,119,"","",6931CH,Westervoort
Klapstraat,121,"","",6931CH,Westervoort
Klapstraat,123,"","",6931CH,Westervoort
Klapstraat,123,A,"",6931CH,Westervoort
Klapstraat,125,"","",6931CH,Westervoort
Klapstraat,127,"","",6931CH,Westervoort
Klapstraat,129,"","",6931CH,Westervoort
Klapstraat,131,"","",6931CH,Westervoort
Klapstraat,133,"","",6931CH,Westervoort
Klapstraat,135,"","",6931CH,Westervoort
Klapstraat,137,"","",6931CH,Westervoort
Klapstraat,139,"","",6931CH,Westervoort
Klapstraat,141,"","",6931CH,Westervoort
Klapstraat,143,"","",6931CH,Westervoort
Klapstraat,145,"","",6931CH,Westervoort
Klapstraat,147,"","",6931CH,Westervoort
Klapstraat,149,"","",6931CH,Westervoort
Klapstraat,149,A,"",6931CH,Westervoort
Klapstraat,151,"","",6931CH,Westervoort
Klapstraat,153,"","",6931CH,Westervoort
Klapstraat,155,"","",6931CH,Westervoort
Klapstraat,157,"","",6931CH,Westervoort
Klapstraat,159,"","",6931CH,Westervoort
Klapstraat,161,"","",6931CH,Westervoort
Klapstraat,163,"","",6931CH,Westervoort
Klapstraat,169,"","",6931CH,Westervoort
Klapstraat,171,"","",6931CH,Westervoort
Klapstraat,175,"","",6931CH,Westervoort
Klapstraat,179,"","",6931CH,Westervoort
Klapstraat,185,"","",6931CH,Westervoort
Klapstraat,185,A,"",6931CH,Westervoort
Klapstraat,187,"","",6931CH,Westervoort
Klapstraat,189,"","",6931CH,Westervoort
Klapstraat,191,"","",6931CH,Westervoort
Klapstraat,191,T,"",6931CH,Westervoort
Klapstraat,193,"","",6931CH,Westervoort
Klapstraat,195,"","",6931CH,Westervoort
Klapstraat,197,"","",6931CH,Westervoort
Klapstraat,199,"","",6931CH,Westervoort
Klapstraat,201,"","",6931CH,Westervoort
Klapstraat,203,A,"",6931CH,Westervoort
Klapstraat,203,B,"",6931CH,Westervoort
Klapstraat,203,C,"",6931CH,Westervoort
Klapstraat,203,D,"",6931CH,Westervoort
Klapstraat,203,E,"",6931CH,Westervoort
Klapstraat,203,F,"",6931CH,Westervoort
Klapstraat,203,G,"",6931CH,Westervoort
Klapstraat,203,H,"",6931CH,Westervoort
Klapstraat,203,J,"",6931CH,Westervoort
Klapstraat,203,K,"",6931CH,Westervoort
Klapstraat,203,L,"",6931CH,Westervoort
Klapstraat,203,M,"",6931CH,Westervoort
Klapstraat,203,N,"",6931CH,Westervoort
Klapstraat,203,P,"",6931CH,Westervoort
Klapstraat,203,Q,"",6931CH,Westervoort
Klapstraat,203,R,"",6931CH,Westervoort
Klapstraat,205,"","",6931CH,Westervoort
Klapstraat,207,"","",6931CH,Westervoort
Klapstraat,209,"","",6931CH,Westervoort
Klapstraat,209,"","",6931CH,Westervoort
Klapstraat,209,A,"",6931CH,Westervoort
Klapstraat,209,A,"",6931CH,Westervoort
Klapstraat,209,B,"",6931CH,Westervoort
Klapstraat,209,B,"",6931CH,Westervoort
Klapstraat,209,C,"",6931CH,Westervoort
Klapstraat,211,"","",6931CH,Westervoort
Klapstraat,211,"","",6931CH,Westervoort
Klapstraat,213,"","",6931CH,Westervoort
Klapstraat,215,"","",6931CH,Westervoort
Klapstraat,215,A,"",6931CH,Westervoort
Klapstraat,217,"","",6931CH,Westervoort
Klapstraat,219,"","",6931CH,Westervoort
Klapstraat,221,"","",6931CH,Westervoort
Klapstraat,223,"","",6931CH,Westervoort
Klapstraat,225,"","",6931CH,Westervoort
Klapstraat,227,"","",6931CH,Westervoort
Klapstraat,227,A,"",6931CH,Westervoort
Klapstraat,229,"","",6931CH,Westervoort
Klapstraat,231,"","",6931CH,Westervoort
Klapstraat,233,"","",6931CH,Westervoort
Klapstraat,235,"","",6931CH,Westervoort
Klapstraat,97,"","",6931CH,Westervoort
Klapstraat,99,"","",6931CH,Westervoort
Klapstraat,10,"","",6931CJ,Westervoort
Klapstraat,12,"","",6931CJ,Westervoort
Klapstraat,14,"","",6931CJ,Westervoort
Klapstraat,16,"","",6931CJ,Westervoort
Klapstraat,18,"","",6931CJ,Westervoort
Klapstraat,2,"","",6931CJ,Westervoort
Klapstraat,20,"","",6931CJ,Westervoort
Klapstraat,22,"","",6931CJ,Westervoort
Klapstraat,24,"","",6931CJ,Westervoort
Klapstraat,26,"","",6931CJ,Westervoort
Klapstraat,26,"","",6931CJ,Westervoort
Klapstraat,28,"","",6931CJ,Westervoort
Klapstraat,30,"","",6931CJ,Westervoort
Klapstraat,32,"","",6931CJ,Westervoort
Klapstraat,34,"","",6931CJ,Westervoort
Klapstraat,36,"","",6931CJ,Westervoort
Klapstraat,38,"","",6931CJ,Westervoort
Klapstraat,4,"","",6931CJ,Westervoort
Klapstraat,40,"","",6931CJ,Westervoort
Klapstraat,42,"","",6931CJ,Westervoort
Klapstraat,8,T,"",6931CJ,Westervoort
Klapstraat,44,"","",6931CK,Westervoort
Klapstraat,46,"","",6931CK,Westervoort
Klapstraat,48,"","",6931CK,Westervoort
Klapstraat,50,"","",6931CK,Westervoort
Klapstraat,52,"","",6931CK,Westervoort
Klapstraat,54,"","",6931CK,Westervoort
Klapstraat,60,"","",6931CK,Westervoort
Klapstraat,62,"","",6931CK,Westervoort
Klapstraat,68,"","",6931CK,Westervoort
Klapstraat,70,"","",6931CK,Westervoort
Klapstraat,72,"","",6931CK,Westervoort
Klapstraat,74,"","",6931CK,Westervoort
Klapstraat,78,"","",6931CK,Westervoort
Klapstraat,100,"","",6931CL,Westervoort
Klapstraat,80,"","",6931CL,Westervoort
Klapstraat,82,"","",6931CL,Westervoort
Klapstraat,86,"","",6931CL,Westervoort
Klapstraat,88,"","",6931CL,Westervoort
Klapstraat,90,"","",6931CL,Westervoort
Klapstraat,92,"","",6931CL,Westervoort
Klapstraat,94,"","",6931CL,Westervoort
Klapstraat,96,"","",6931CL,Westervoort
Klapstraat,102,"","",6931CM,Westervoort
Klapstraat,104,"","",6931CM,Westervoort
Klapstraat,106,"","",6931CM,Westervoort
Klapstraat,108,"","",6931CM,Westervoort
Klapstraat,110,"","",6931CM,Westervoort
Klapstraat,112,"","",6931CM,Westervoort
Klapstraat,114,"","",6931CM,Westervoort
Klapstraat,116,"","",6931CN,Westervoort
Klapstraat,118,"","",6931CN,Westervoort
Klapstraat,120,"","",6931CN,Westervoort
Klapstraat,122,"","",6931CN,Westervoort
Klapstraat,124,"","",6931CN,Westervoort
Klapstraat,126,T,"",6931CN,Westervoort
Klapstraat,130,"","",6931CN,Westervoort
Klapstraat,140,"","",6931CN,Westervoort
Klapstraat,142,"","",6931CN,Westervoort
Klapstraat,144,"","",6931CN,Westervoort
Klapstraat,146,"","",6931CN,Westervoort
Klapstraat,148,"","",6931CN,Westervoort
Klapstraat,150,"","",6931CN,Westervoort
Klapstraat,152,"","",6931CN,Westervoort
Klapstraat,154,"","",6931CN,Westervoort
Klapstraat,156,"","",6931CN,Westervoort
Klapstraat,158,"","",6931CN,Westervoort
Klapstraat,160,"","",6931CN,Westervoort
Klapstraat,162,"","",6931CN,Westervoort
Klapstraat,162,"","",6931CN,Westervoort
Klapstraat,164,"","",6931CN,Westervoort
Klapstraat,168,"","",6931CN,Westervoort
Klapstraat,168,A,"",6931CN,Westervoort
Klapstraat,170,"","",6931CN,Westervoort
Klapstraat,170,A,"",6931CN,Westervoort
Klapstraat,172,"","",6931CN,Westervoort
Klapstraat,172,A,"",6931CN,Westervoort
Klapstraat,172,B,"",6931CN,Westervoort
Klapstraat,172,C,"",6931CN,Westervoort
Klapstraat,172,D,"",6931CN,Westervoort
Klapstraat,172,E,"",6931CN,Westervoort
Klapstraat,172,F,"",6931CN,Westervoort
Klapstraat,172,G,"",6931CN,Westervoort
Klapstraat,172,H,"",6931CN,Westervoort
Klapstraat,172,J,"",6931CN,Westervoort
Klapstraat,172,K,"",6931CN,Westervoort
Klapstraat,174,"","",6931CN,Westervoort
Klapstraat,176,"","",6931CN,Westervoort
Klapstraat,178,"","",6931CN,Westervoort
Klapstraat,180,"","",6931CN,Westervoort
Klapstraat,184,"","",6931CN,Westervoort
Klapstraat,186,"","",6931CN,Westervoort
Klapstraat,190,"","",6931CN,Westervoort
Klapstraat,192,"","",6931CN,Westervoort
Klapstraat,194,"","",6931CN,Westervoort
Klapstraat,196,"","",6931CN,Westervoort
Klapstraat,198,"","",6931CN,Westervoort
Klapstraat,200,"","",6931CN,Westervoort
Klapstraat,202,"","",6931CN,Westervoort
Paepestraat,1,"","",6931CP,Westervoort
Paepestraat,10,"","",6931CP,Westervoort
Paepestraat,11,"","",6931CP,Westervoort
Paepestraat,12,"","",6931CP,Westervoort
Paepestraat,13,"","",6931CP,Westervoort
Paepestraat,14,"","",6931CP,Westervoort
Paepestraat,15,"","",6931CP,Westervoort
Paepestraat,17,"","",6931CP,Westervoort
Paepestraat,18,T,"",6931CP,Westervoort
Paepestraat,19,"","",6931CP,Westervoort
Paepestraat,2,"","",6931CP,Westervoort
Paepestraat,21,"","",6931CP,Westervoort
Paepestraat,22,T,"",6931CP,Westervoort
Paepestraat,23,"","",6931CP,Westervoort
Paepestraat,24,"","",6931CP,Westervoort
Paepestraat,26,"","",6931CP,Westervoort
Paepestraat,27,"","",6931CP,Westervoort
Paepestraat,28,"","",6931CP,Westervoort
Paepestraat,3,"","",6931CP,Westervoort
Paepestraat,30,"","",6931CP,Westervoort
Paepestraat,32,"","",6931CP,Westervoort
Paepestraat,34,"","",6931CP,Westervoort
Paepestraat,36,"","",6931CP,Westervoort
Paepestraat,38,"","",6931CP,Westervoort
Paepestraat,4,"","",6931CP,Westervoort
Paepestraat,40,"","",6931CP,Westervoort
Paepestraat,42,"","",6931CP,Westervoort
Paepestraat,44,"","",6931CP,Westervoort
Paepestraat,46,"","",6931CP,Westervoort
Paepestraat,48,"","",6931CP,Westervoort
Paepestraat,5,"","",6931CP,Westervoort
Paepestraat,50,"","",6931CP,Westervoort
Paepestraat,52,"","",6931CP,Westervoort
Paepestraat,54,"","",6931CP,Westervoort
Paepestraat,56,"","",6931CP,Westervoort
Paepestraat,58,"","",6931CP,Westervoort
Paepestraat,6,"","",6931CP,Westervoort
Paepestraat,60,"","",6931CP,Westervoort
Paepestraat,62,"","",6931CP,Westervoort
Paepestraat,64,"","",6931CP,Westervoort
Paepestraat,66,"","",6931CP,Westervoort
Paepestraat,68,"","",6931CP,Westervoort
Paepestraat,7,"","",6931CP,Westervoort
Paepestraat,70,"","",6931CP,Westervoort
Paepestraat,72,"","",6931CP,Westervoort
Paepestraat,74,"","",6931CP,Westervoort
Paepestraat,8,"","",6931CP,Westervoort
Paepestraat,9,"","",6931CP,Westervoort
De Twee Roeden,1,"","",6931CR,Westervoort
De Twee Roeden,11,"","",6931CR,Westervoort
De Twee Roeden,13,"","",6931CR,Westervoort
De Twee Roeden,15,"","",6931CR,Westervoort
De Twee Roeden,17,"","",6931CR,Westervoort
De Twee Roeden,19,"","",6931CR,Westervoort
De Twee Roeden,21,"","",6931CR,Westervoort
De Twee Roeden,3,"","",6931CR,Westervoort
De Twee Roeden,5,"","",6931CR,Westervoort
De Twee Roeden,7,"","",6931CR,Westervoort
De Twee Roeden,9,"","",6931CR,Westervoort
De Twee Roeden,10,"","",6931CS,Westervoort
De Twee Roeden,12,"","",6931CS,Westervoort
De Twee Roeden,14,"","",6931CS,Westervoort
De Twee Roeden,16,"","",6931CS,Westervoort
De Twee Roeden,18,"","",6931CS,Westervoort
De Twee Roeden,2,"","",6931CS,Westervoort
De Twee Roeden,20,"","",6931CS,Westervoort
De Twee Roeden,4,"","",6931CS,Westervoort
De Twee Roeden,6,"","",6931CS,Westervoort
De Twee Roeden,8,"","",6931CS,Westervoort
Wolter Visscherstraat,1,"","",6931CT,Westervoort
Wolter Visscherstraat,11,"","",6931CT,Westervoort
Wolter Visscherstraat,13,"","",6931CT,Westervoort
Wolter Visscherstraat,15,"","",6931CT,Westervoort
Wolter Visscherstraat,17,"","",6931CT,Westervoort
Wolter Visscherstraat,19,"","",6931CT,Westervoort
Wolter Visscherstraat,21,"","",6931CT,Westervoort
Wolter Visscherstraat,23,"","",6931CT,Westervoort
Wolter Visscherstraat,3,"","",6931CT,Westervoort
Wolter Visscherstraat,5,"","",6931CT,Westervoort
Wolter Visscherstraat,7,"","",6931CT,Westervoort
Wolter Visscherstraat,9,"","",6931CT,Westervoort
Wolter Visscherstraat,10,"","",6931CV,Westervoort
Wolter Visscherstraat,12,"","",6931CV,Westervoort
Wolter Visscherstraat,14,"","",6931CV,Westervoort
Wolter Visscherstraat,16,"","",6931CV,Westervoort
Wolter Visscherstraat,18,"","",6931CV,Westervoort
Wolter Visscherstraat,2,"","",6931CV,Westervoort
Wolter Visscherstraat,2,G,1,6931CV,Westervoort
Wolter Visscherstraat,2,G,2,6931CV,Westervoort
Wolter Visscherstraat,2,G,3,6931CV,Westervoort
Wolter Visscherstraat,2,G,4,6931CV,Westervoort
Wolter Visscherstraat,2,G,5,6931CV,Westervoort
Wolter Visscherstraat,2,G,6,6931CV,Westervoort
Wolter Visscherstraat,2,G,7,6931CV,Westervoort
Wolter Visscherstraat,2,G,8,6931CV,Westervoort
Wolter Visscherstraat,2,G,9,6931CV,Westervoort
Wolter Visscherstraat,20,"","",6931CV,Westervoort
Wolter Visscherstraat,22,"","",6931CV,Westervoort
Wolter Visscherstraat,24,"","",6931CV,Westervoort
Wolter Visscherstraat,26,"","",6931CV,Westervoort
Wolter Visscherstraat,28,"","",6931CV,Westervoort
Wolter Visscherstraat,30,"","",6931CV,Westervoort
Wolter Visscherstraat,32,"","",6931CV,Westervoort
Wolter Visscherstraat,34,"","",6931CV,Westervoort
Wolter Visscherstraat,36,"","",6931CV,Westervoort
Wolter Visscherstraat,38,"","",6931CV,Westervoort
Wolter Visscherstraat,4,"","",6931CV,Westervoort
Wolter Visscherstraat,40,"","",6931CV,Westervoort
Wolter Visscherstraat,6,"","",6931CV,Westervoort
Wolter Visscherstraat,8,"","",6931CV,Westervoort
Wolter Visscherstraat,42,"","",6931CW,Westervoort
Wolter Visscherstraat,44,"","",6931CW,Westervoort
Wolter Visscherstraat,46,"","",6931CW,Westervoort
Wolter Visscherstraat,48,"","",6931CW,Westervoort
Wolter Visscherstraat,50,"","",6931CW,Westervoort
Wolter Visscherstraat,52,"","",6931CW,Westervoort
Wolter Visscherstraat,54,"","",6931CW,Westervoort
Wolter Visscherstraat,56,"","",6931CW,Westervoort
Wolter Visscherstraat,58,"","",6931CW,Westervoort
Wolter Visscherstraat,60,"","",6931CW,Westervoort
Wolter Visscherstraat,62,"","",6931CW,Westervoort
Wolter Visscherstraat,64,"","",6931CW,Westervoort
Wolter Visscherstraat,66,"","",6931CW,Westervoort
Wolter Visscherstraat,68,"","",6931CW,Westervoort
Wolter Visscherstraat,70,"","",6931CW,Westervoort
Wolter Visscherstraat,72,"","",6931CW,Westervoort
Wolter Visscherstraat,74,"","",6931CW,Westervoort
Wolter Visscherstraat,76,"","",6931CW,Westervoort
Wolter Visscherstraat,78,"","",6931CW,Westervoort
Wolter Visscherstraat,80,"","",6931CW,Westervoort
De Weem,10,"","",6931CX,Westervoort
De Weem,12,"","",6931CX,Westervoort
De Weem,14,"","",6931CX,Westervoort
De Weem,16,"","",6931CX,Westervoort
De Weem,18,"","",6931CX,Westervoort
De Weem,2,"","",6931CX,Westervoort
De Weem,20,"","",6931CX,Westervoort
De Weem,4,"","",6931CX,Westervoort
De Weem,6,"","",6931CX,Westervoort
De Weem,8,"","",6931CX,Westervoort
Dorpsplein,1,"","",6931CZ,Westervoort
Dorpsplein,1,A,"",6931CZ,Westervoort
Dorpsplein,10,"","",6931CZ,Westervoort
Dorpsplein,100,"","",6931CZ,Westervoort
Dorpsplein,101,"","",6931CZ,Westervoort
Dorpsplein,102,"","",6931CZ,Westervoort
Dorpsplein,103,"","",6931CZ,Westervoort
Dorpsplein,104,"","",6931CZ,Westervoort
Dorpsplein,105,"","",6931CZ,Westervoort
Dorpsplein,106,"","",6931CZ,Westervoort
Dorpsplein,107,"","",6931CZ,Westervoort
Dorpsplein,108,"","",6931CZ,Westervoort
Dorpsplein,109,"","",6931CZ,Westervoort
Dorpsplein,109,"","",6931CZ,Westervoort
Dorpsplein,11,"","",6931CZ,Westervoort
Dorpsplein,110,"","",6931CZ,Westervoort
Dorpsplein,113,"","",6931CZ,Westervoort
Dorpsplein,114,"","",6931CZ,Westervoort
Dorpsplein,115,"","",6931CZ,Westervoort
Dorpsplein,115,A,"",6931CZ,Westervoort
Dorpsplein,118,"","",6931CZ,Westervoort
Dorpsplein,12,"","",6931CZ,Westervoort
Dorpsplein,120,"","",6931CZ,Westervoort
Dorpsplein,122,"","",6931CZ,Westervoort
Dorpsplein,124,"","",6931CZ,Westervoort
Dorpsplein,126,"","",6931CZ,Westervoort
Dorpsplein,128,"","",6931CZ,Westervoort
Dorpsplein,13,"","",6931CZ,Westervoort
Dorpsplein,130,"","",6931CZ,Westervoort
Dorpsplein,132,"","",6931CZ,Westervoort
Dorpsplein,134,"","",6931CZ,Westervoort
Dorpsplein,134,"","",6931CZ,Westervoort
Dorpsplein,136,"","",6931CZ,Westervoort
Dorpsplein,138,"","",6931CZ,Westervoort
Dorpsplein,14,"","",6931CZ,Westervoort
Dorpsplein,14,"","",6931CZ,Westervoort
Dorpsplein,14,"","",6931CZ,Westervoort
Dorpsplein,14,A,"",6931CZ,Westervoort
Dorpsplein,14,B,"",6931CZ,Westervoort
Dorpsplein,14,C,"",6931CZ,Westervoort
Dorpsplein,14,D,"",6931CZ,Westervoort
Dorpsplein,14,E,"",6931CZ,Westervoort
Dorpsplein,14,F,"",6931CZ,Westervoort
Dorpsplein,14,G,"",6931CZ,Westervoort
Dorpsplein,14,H,"",6931CZ,Westervoort
Dorpsplein,14,I,"",6931CZ,Westervoort
Dorpsplein,14,J,"",6931CZ,Westervoort
Dorpsplein,14,K,"",6931CZ,Westervoort
Dorpsplein,140,"","",6931CZ,Westervoort
Dorpsplein,142,"","",6931CZ,Westervoort
Dorpsplein,144,"","",6931CZ,Westervoort
Dorpsplein,146,"","",6931CZ,Westervoort
Dorpsplein,146,"","",6931CZ,Westervoort
Dorpsplein,148,"","",6931CZ,Westervoort
Dorpsplein,148,"","",6931CZ,Westervoort
Dorpsplein,15,"","",6931CZ,Westervoort
Dorpsplein,15,"","",6931CZ,Westervoort
Dorpsplein,150,"","",6931CZ,Westervoort
Dorpsplein,152,"","",6931CZ,Westervoort
Dorpsplein,16,"","",6931CZ,Westervoort
Dorpsplein,19,"","",6931CZ,Westervoort
Dorpsplein,20,"","",6931CZ,Westervoort
Dorpsplein,21,"","",6931CZ,Westervoort
Dorpsplein,22,"","",6931CZ,Westervoort
Dorpsplein,23,"","",6931CZ,Westervoort
Dorpsplein,24,"","",6931CZ,Westervoort
Dorpsplein,25,"","",6931CZ,Westervoort
Dorpsplein,25,"","",6931CZ,Westervoort
Dorpsplein,25,A,"",6931CZ,Westervoort
Dorpsplein,26,"","",6931CZ,Westervoort
Dorpsplein,28,"","",6931CZ,Westervoort
Dorpsplein,29,"","",6931CZ,Westervoort
Dorpsplein,30,"","",6931CZ,Westervoort
Dorpsplein,31,"","",6931CZ,Westervoort
Dorpsplein,32,"","",6931CZ,Westervoort
Dorpsplein,33,"","",6931CZ,Westervoort
Dorpsplein,35,"","",6931CZ,Westervoort
Dorpsplein,36,"","",6931CZ,Westervoort
Dorpsplein,37,"","",6931CZ,Westervoort
Dorpsplein,39,"","",6931CZ,Westervoort
Dorpsplein,4,"","",6931CZ,Westervoort
Dorpsplein,41,"","",6931CZ,Westervoort
Dorpsplein,42,"","",6931CZ,Westervoort
Dorpsplein,43,"","",6931CZ,Westervoort
Dorpsplein,44,"","",6931CZ,Westervoort
Dorpsplein,45,"","",6931CZ,Westervoort
Dorpsplein,46,"","",6931CZ,Westervoort
Dorpsplein,47,"","",6931CZ,Westervoort
Dorpsplein,48,"","",6931CZ,Westervoort
Dorpsplein,49,"","",6931CZ,Westervoort
Dorpsplein,5,"","",6931CZ,Westervoort
Dorpsplein,50,"","",6931CZ,Westervoort
Dorpsplein,51,"","",6931CZ,Westervoort
Dorpsplein,52,"","",6931CZ,Westervoort
Dorpsplein,53,"","",6931CZ,Westervoort
Dorpsplein,54,"","",6931CZ,Westervoort
Dorpsplein,55,"","",6931CZ,Westervoort
Dorpsplein,56,"","",6931CZ,Westervoort
Dorpsplein,57,"","",6931CZ,Westervoort
Dorpsplein,58,"","",6931CZ,Westervoort
Dorpsplein,59,"","",6931CZ,Westervoort
Dorpsplein,6,"","",6931CZ,Westervoort
Dorpsplein,6,A,"",6931CZ,Westervoort
Dorpsplein,60,"","",6931CZ,Westervoort
Dorpsplein,61,"","",6931CZ,Westervoort
Dorpsplein,62,"","",6931CZ,Westervoort
Dorpsplein,63,"","",6931CZ,Westervoort
Dorpsplein,64,"","",6931CZ,Westervoort
Dorpsplein,65,"","",6931CZ,Westervoort
Dorpsplein,66,"","",6931CZ,Westervoort
Dorpsplein,67,"","",6931CZ,Westervoort
Dorpsplein,69,"","",6931CZ,Westervoort
Dorpsplein,7,"","",6931CZ,Westervoort
Dorpsplein,70,"","",6931CZ,Westervoort
Dorpsplein,70,"","",6931CZ,Westervoort
Dorpsplein,72,"","",6931CZ,Westervoort
Dorpsplein,77,"","",6931CZ,Westervoort
Dorpsplein,78,"","",6931CZ,Westervoort
Dorpsplein,79,"","",6931CZ,Westervoort
Dorpsplein,8,"","",6931CZ,Westervoort
Dorpsplein,80,"","",6931CZ,Westervoort
Dorpsplein,81,"","",6931CZ,Westervoort
Dorpsplein,82,"","",6931CZ,Westervoort
Dorpsplein,83,"","",6931CZ,Westervoort
Dorpsplein,84,"","",6931CZ,Westervoort
Dorpsplein,85,"","",6931CZ,Westervoort
Dorpsplein,86,"","",6931CZ,Westervoort
Dorpsplein,87,"","",6931CZ,Westervoort
Dorpsplein,88,"","",6931CZ,Westervoort
Dorpsplein,89,"","",6931CZ,Westervoort
Dorpsplein,9,"","",6931CZ,Westervoort
Dorpsplein,90,"","",6931CZ,Westervoort
Dorpsplein,91,"","",6931CZ,Westervoort
Dorpsplein,92,"","",6931CZ,Westervoort
Dorpsplein,93,"","",6931CZ,Westervoort
Dorpsplein,94,"","",6931CZ,Westervoort
Dorpsplein,94,"","",6931CZ,Westervoort
Dorpsplein,96,"","",6931CZ,Westervoort
Dorpsplein,98,"","",6931CZ,Westervoort
Dorpsplein,99,"","",6931CZ,Westervoort
Van der Hoevensstraat,1,"","",6931DA,Westervoort
Van der Hoevensstraat,1,"","",6931DA,Westervoort
Van der Hoevensstraat,11,"","",6931DA,Westervoort
Van der Hoevensstraat,11,"","",6931DA,Westervoort
Van der Hoevensstraat,13,"","",6931DA,Westervoort
Van der Hoevensstraat,13,"","",6931DA,Westervoort
Van der Hoevensstraat,15,"","",6931DA,Westervoort
Van der Hoevensstraat,15,"","",6931DA,Westervoort
Van der Hoevensstraat,17,"","",6931DA,Westervoort
Van der Hoevensstraat,17,"","",6931DA,Westervoort
Van der Hoevensstraat,19,"","",6931DA,Westervoort
Van der Hoevensstraat,19,"","",6931DA,Westervoort
Van der Hoevensstraat,21,"","",6931DA,Westervoort
Van der Hoevensstraat,21,"","",6931DA,Westervoort
Van der Hoevensstraat,23,"","",6931DA,Westervoort
Van der Hoevensstraat,23,"","",6931DA,Westervoort
Van der Hoevensstraat,25,"","",6931DA,Westervoort
Van der Hoevensstraat,25,"","",6931DA,Westervoort
Van der Hoevensstraat,27,"","",6931DA,Westervoort
Van der Hoevensstraat,27,"","",6931DA,Westervoort
Van der Hoevensstraat,29,"","",6931DA,Westervoort
Van der Hoevensstraat,29,"","",6931DA,Westervoort
Van der Hoevensstraat,3,"","",6931DA,Westervoort
Van der Hoevensstraat,3,"","",6931DA,Westervoort
Van der Hoevensstraat,31,"","",6931DA,Westervoort
Van der Hoevensstraat,31,"","",6931DA,Westervoort
Van der Hoevensstraat,33,"","",6931DA,Westervoort
Van der Hoevensstraat,33,"","",6931DA,Westervoort
Van der Hoevensstraat,35,T,"",6931DA,Westervoort
Van der Hoevensstraat,35,T,"",6931DA,Westervoort
Van der Hoevensstraat,37,"","",6931DA,Westervoort
Van der Hoevensstraat,37,"","",6931DA,Westervoort
Van der Hoevensstraat,39,"","",6931DA,Westervoort
Van der Hoevensstraat,39,"","",6931DA,Westervoort
Van der Hoevensstraat,41,"","",6931DA,Westervoort
Van der Hoevensstraat,41,"","",6931DA,Westervoort
Van der Hoevensstraat,5,"","",6931DA,Westervoort
Van der Hoevensstraat,5,"","",6931DA,Westervoort
Van der Hoevensstraat,7,"","",6931DA,Westervoort
Van der Hoevensstraat,7,"","",6931DA,Westervoort
Van der Hoevensstraat,9,"","",6931DA,Westervoort
Van der Hoevensstraat,9,"","",6931DA,Westervoort
Van der Hoevensstraat,43,"","",6931DB,Westervoort
Van der Hoevensstraat,43,"","",6931DB,Westervoort
Van der Hoevensstraat,45,"","",6931DB,Westervoort
Van der Hoevensstraat,45,"","",6931DB,Westervoort
Van der Hoevensstraat,47,"","",6931DB,Westervoort
Van der Hoevensstraat,47,"","",6931DB,Westervoort
Van der Hoevensstraat,49,"","",6931DB,Westervoort
Van der Hoevensstraat,49,"","",6931DB,Westervoort
Van der Hoevensstraat,51,"","",6931DB,Westervoort
Van der Hoevensstraat,51,"","",6931DB,Westervoort
Van der Hoevensstraat,53,"","",6931DB,Westervoort
Van der Hoevensstraat,53,"","",6931DB,Westervoort
Van der Hoevensstraat,55,"","",6931DB,Westervoort
Van der Hoevensstraat,55,"","",6931DB,Westervoort
Van der Hoevensstraat,57,"","",6931DB,Westervoort
Van der Hoevensstraat,57,"","",6931DB,Westervoort
Van der Hoevensstraat,59,"","",6931DB,Westervoort
Van der Hoevensstraat,59,"","",6931DB,Westervoort
Van der Hoevensstraat,61,"","",6931DB,Westervoort
Van der Hoevensstraat,61,"","",6931DB,Westervoort
Van der Hoevensstraat,63,"","",6931DB,Westervoort
Van der Hoevensstraat,63,"","",6931DB,Westervoort
Van der Hoevensstraat,65,"","",6931DB,Westervoort
Van der Hoevensstraat,65,"","",6931DB,Westervoort
Van der Hoevensstraat,67,"","",6931DB,Westervoort
Van der Hoevensstraat,67,"","",6931DB,Westervoort
Van der Hoevensstraat,69,"","",6931DB,Westervoort
Van der Hoevensstraat,69,"","",6931DB,Westervoort
Van der Hoevensstraat,71,"","",6931DB,Westervoort
Van der Hoevensstraat,71,"","",6931DB,Westervoort
Van der Hoevensstraat,73,"","",6931DB,Westervoort
Van der Hoevensstraat,73,"","",6931DB,Westervoort
Van der Hoevensstraat,75,"","",6931DB,Westervoort
Van der Hoevensstraat,75,"","",6931DB,Westervoort
Van der Hoevensstraat,77,"","",6931DB,Westervoort
Van der Hoevensstraat,77,"","",6931DB,Westervoort
Van der Hoevensstraat,79,"","",6931DB,Westervoort
Van der Hoevensstraat,79,"","",6931DB,Westervoort
Van der Hoevensstraat,81,"","",6931DB,Westervoort
Van der Hoevensstraat,81,"","",6931DB,Westervoort
Van der Hoevensstraat,83,"","",6931DB,Westervoort
Van der Hoevensstraat,83,"","",6931DB,Westervoort
Van der Hoevensstraat,83,G,1,6931DB,Westervoort
Van der Hoevensstraat,83,G,1,6931DB,Westervoort
Van der Hoevensstraat,83,G,2,6931DB,Westervoort
Van der Hoevensstraat,83,G,2,6931DB,Westervoort
Van der Hoevensstraat,83,G,3,6931DB,Westervoort
Van der Hoevensstraat,83,G,3,6931DB,Westervoort
Van der Hoevensstraat,83,G,4,6931DB,Westervoort
Van der Hoevensstraat,83,G,4,6931DB,Westervoort
Van der Hoevensstraat,83,G,5,6931DB,Westervoort
Van der Hoevensstraat,83,G,5,6931DB,Westervoort
Van der Hoevensstraat,83,G,6,6931DB,Westervoort
Van der Hoevensstraat,83,G,6,6931DB,Westervoort
Van der Hoevensstraat,83,G,7,6931DB,Westervoort
Van der Hoevensstraat,83,G,7,6931DB,Westervoort
Van der Hoevensstraat,83,G,8,6931DB,Westervoort
Van der Hoevensstraat,83,G,8,6931DB,Westervoort
Van der Hoevensstraat,83,G,9,6931DB,Westervoort
Van der Hoevensstraat,83,G,9,6931DB,Westervoort
Van der Hoevensstraat,87,"","",6931DB,Westervoort
Van der Hoevensstraat,87,"","",6931DB,Westervoort
Van der Hoevensstraat,89,"","",6931DB,Westervoort
Van der Hoevensstraat,89,"","",6931DB,Westervoort
Van der Hoevensstraat,91,"","",6931DB,Westervoort
Van der Hoevensstraat,91,"","",6931DB,Westervoort
Van der Hoevensstraat,93,"","",6931DB,Westervoort
Van der Hoevensstraat,93,"","",6931DB,Westervoort
Van der Hoevensstraat,95,"","",6931DB,Westervoort
Van der Hoevensstraat,95,"","",6931DB,Westervoort
Van der Hoevensstraat,97,"","",6931DB,Westervoort
Van der Hoevensstraat,97,"","",6931DB,Westervoort
Van der Hoevensstraat,10,"","",6931DC,Westervoort
Van der Hoevensstraat,10,"","",6931DC,Westervoort
Van der Hoevensstraat,12,"","",6931DC,Westervoort
Van der Hoevensstraat,12,"","",6931DC,Westervoort
Van der Hoevensstraat,14,"","",6931DC,Westervoort
Van der Hoevensstraat,14,"","",6931DC,Westervoort
Van der Hoevensstraat,16,"","",6931DC,Westervoort
Van der Hoevensstraat,16,"","",6931DC,Westervoort
Van der Hoevensstraat,18,"","",6931DC,Westervoort
Van der Hoevensstraat,18,"","",6931DC,Westervoort
Van der Hoevensstraat,2,"","",6931DC,Westervoort
Van der Hoevensstraat,2,"","",6931DC,Westervoort
Van der Hoevensstraat,20,"","",6931DC,Westervoort
Van der Hoevensstraat,20,"","",6931DC,Westervoort
Van der Hoevensstraat,22,"","",6931DC,Westervoort
Van der Hoevensstraat,22,"","",6931DC,Westervoort
Van der Hoevensstraat,24,"","",6931DC,Westervoort
Van der Hoevensstraat,24,"","",6931DC,Westervoort
Van der Hoevensstraat,26,"","",6931DC,Westervoort
Van der Hoevensstraat,26,"","",6931DC,Westervoort
Van der Hoevensstraat,28,"","",6931DC,Westervoort
Van der Hoevensstraat,28,"","",6931DC,Westervoort
Van der Hoevensstraat,30,"","",6931DC,Westervoort
Van der Hoevensstraat,30,"","",6931DC,Westervoort
Van der Hoevensstraat,32,"","",6931DC,Westervoort
Van der Hoevensstraat,32,"","",6931DC,Westervoort
Van der Hoevensstraat,34,"","",6931DC,Westervoort
Van der Hoevensstraat,34,"","",6931DC,Westervoort
Van der Hoevensstraat,4,"","",6931DC,Westervoort
Van der Hoevensstraat,4,"","",6931DC,Westervoort
Van der Hoevensstraat,6,"","",6931DC,Westervoort
Van der Hoevensstraat,6,"","",6931DC,Westervoort
Van der Hoevensstraat,8,"","",6931DC,Westervoort
Van der Hoevensstraat,8,"","",6931DC,Westervoort
Van der Hoevensstraat,36,"","",6931DD,Westervoort
Van der Hoevensstraat,36,"","",6931DD,Westervoort
Van der Hoevensstraat,38,"","",6931DD,Westervoort
Van der Hoevensstraat,38,"","",6931DD,Westervoort
Van der Hoevensstraat,40,"","",6931DD,Westervoort
Van der Hoevensstraat,40,"","",6931DD,Westervoort
Van der Hoevensstraat,42,"","",6931DD,Westervoort
Van der Hoevensstraat,42,"","",6931DD,Westervoort
Van der Hoevensstraat,44,"","",6931DD,Westervoort
Van der Hoevensstraat,44,"","",6931DD,Westervoort
Van der Hoevensstraat,46,"","",6931DD,Westervoort
Van der Hoevensstraat,46,"","",6931DD,Westervoort
Van der Hoevensstraat,48,"","",6931DD,Westervoort
Van der Hoevensstraat,48,"","",6931DD,Westervoort
Van der Hoevensstraat,50,"","",6931DD,Westervoort
Van der Hoevensstraat,50,"","",6931DD,Westervoort
Van der Hoevensstraat,52,"","",6931DD,Westervoort
Van der Hoevensstraat,52,"","",6931DD,Westervoort
Van der Hoevensstraat,54,"","",6931DD,Westervoort
Van der Hoevensstraat,54,"","",6931DD,Westervoort
Van der Hoevensstraat,56,"","",6931DD,Westervoort
Van der Hoevensstraat,56,"","",6931DD,Westervoort
Van der Hoevensstraat,58,"","",6931DD,Westervoort
Van der Hoevensstraat,58,"","",6931DD,Westervoort
Van der Hoevensstraat,60,"","",6931DD,Westervoort
Van der Hoevensstraat,60,"","",6931DD,Westervoort
Van der Hoevensstraat,62,"","",6931DD,Westervoort
Van der Hoevensstraat,62,"","",6931DD,Westervoort
Van der Hoevensstraat,64,"","",6931DD,Westervoort
Van der Hoevensstraat,64,"","",6931DD,Westervoort
Van der Hoevensstraat,66,"","",6931DD,Westervoort
Van der Hoevensstraat,66,"","",6931DD,Westervoort
Van der Hoevensstraat,68,"","",6931DD,Westervoort
Van der Hoevensstraat,68,"","",6931DD,Westervoort
Van der Hoevensstraat,70,"","",6931DD,Westervoort
Van der Hoevensstraat,70,"","",6931DD,Westervoort
Van der Hoevensstraat,72,"","",6931DD,Westervoort
Van der Hoevensstraat,72,"","",6931DD,Westervoort
Van der Hoevensstraat,74,"","",6931DD,Westervoort
Van der Hoevensstraat,74,"","",6931DD,Westervoort
Van der Hoevensstraat,76,"","",6931DD,Westervoort
Van der Hoevensstraat,76,"","",6931DD,Westervoort
Van der Hoevensstraat,100,"","",6931DE,Westervoort
Van der Hoevensstraat,100,"","",6931DE,Westervoort
Van der Hoevensstraat,102,"","",6931DE,Westervoort
Van der Hoevensstraat,102,"","",6931DE,Westervoort
Van der Hoevensstraat,104,"","",6931DE,Westervoort
Van der Hoevensstraat,104,"","",6931DE,Westervoort
Van der Hoevensstraat,106,"","",6931DE,Westervoort
Van der Hoevensstraat,106,"","",6931DE,Westervoort
Van der Hoevensstraat,108,"","",6931DE,Westervoort
Van der Hoevensstraat,108,"","",6931DE,Westervoort
Van der Hoevensstraat,110,"","",6931DE,Westervoort
Van der Hoevensstraat,110,"","",6931DE,Westervoort
Van der Hoevensstraat,112,"","",6931DE,Westervoort
Van der Hoevensstraat,112,"","",6931DE,Westervoort
Van der Hoevensstraat,114,"","",6931DE,Westervoort
Van der Hoevensstraat,114,"","",6931DE,Westervoort
Van der Hoevensstraat,116,"","",6931DE,Westervoort
Van der Hoevensstraat,116,"","",6931DE,Westervoort
Van der Hoevensstraat,118,"","",6931DE,Westervoort
Van der Hoevensstraat,118,"","",6931DE,Westervoort
Van der Hoevensstraat,78,"","",6931DE,Westervoort
Van der Hoevensstraat,78,"","",6931DE,Westervoort
Van der Hoevensstraat,80,"","",6931DE,Westervoort
Van der Hoevensstraat,80,"","",6931DE,Westervoort
Van der Hoevensstraat,82,"","",6931DE,Westervoort
Van der Hoevensstraat,82,"","",6931DE,Westervoort
Van der Hoevensstraat,84,"","",6931DE,Westervoort
Van der Hoevensstraat,84,"","",6931DE,Westervoort
Van der Hoevensstraat,86,"","",6931DE,Westervoort
Van der Hoevensstraat,86,"","",6931DE,Westervoort
Van der Hoevensstraat,88,"","",6931DE,Westervoort
Van der Hoevensstraat,88,"","",6931DE,Westervoort
Van der Hoevensstraat,90,"","",6931DE,Westervoort
Van der Hoevensstraat,90,"","",6931DE,Westervoort
Van der Hoevensstraat,92,"","",6931DE,Westervoort
Van der Hoevensstraat,92,"","",6931DE,Westervoort
Van der Hoevensstraat,94,"","",6931DE,Westervoort
Van der Hoevensstraat,94,"","",6931DE,Westervoort
Van der Hoevensstraat,96,"","",6931DE,Westervoort
Van der Hoevensstraat,96,"","",6931DE,Westervoort
Van der Hoevensstraat,98,"","",6931DE,Westervoort
Van der Hoevensstraat,98,"","",6931DE,Westervoort
Van der Hoevensstraat,120,"","",6931DG,Westervoort
Van der Hoevensstraat,120,"","",6931DG,Westervoort
Van der Hoevensstraat,122,"","",6931DG,Westervoort
Van der Hoevensstraat,122,"","",6931DG,Westervoort
Van der Hoevensstraat,124,"","",6931DG,Westervoort
Van der Hoevensstraat,124,"","",6931DG,Westervoort
Van der Hoevensstraat,126,"","",6931DG,Westervoort
Van der Hoevensstraat,126,"","",6931DG,Westervoort
Van der Hoevensstraat,128,"","",6931DG,Westervoort
Van der Hoevensstraat,128,"","",6931DG,Westervoort
Van der Hoevensstraat,130,"","",6931DG,Westervoort
Van der Hoevensstraat,130,"","",6931DG,Westervoort
Van der Hoevensstraat,132,"","",6931DG,Westervoort
Van der Hoevensstraat,132,"","",6931DG,Westervoort
Van der Hoevensstraat,134,"","",6931DG,Westervoort
Van der Hoevensstraat,134,"","",6931DG,Westervoort
Van der Hoevensstraat,136,"","",6931DG,Westervoort
Van der Hoevensstraat,136,"","",6931DG,Westervoort
Van der Hoevensstraat,138,"","",6931DG,Westervoort
Van der Hoevensstraat,138,"","",6931DG,Westervoort
Van der Hoevensstraat,140,"","",6931DG,Westervoort
Van der Hoevensstraat,140,"","",6931DG,Westervoort
Van der Hoevensstraat,142,"","",6931DG,Westervoort
Van der Hoevensstraat,142,"","",6931DG,Westervoort
Van der Hoevensstraat,144,"","",6931DG,Westervoort
Van der Hoevensstraat,144,"","",6931DG,Westervoort
Van der Hoevensstraat,146,"","",6931DG,Westervoort
Van der Hoevensstraat,146,"","",6931DG,Westervoort
Van der Hoevensstraat,148,"","",6931DG,Westervoort
Van der Hoevensstraat,148,"","",6931DG,Westervoort
Van der Hoevensstraat,150,"","",6931DG,Westervoort
Van der Hoevensstraat,150,"","",6931DG,Westervoort
Van der Hoevensstraat,152,"","",6931DG,Westervoort
Van der Hoevensstraat,152,"","",6931DG,Westervoort
Van der Hoevensstraat,154,"","",6931DG,Westervoort
Van der Hoevensstraat,154,"","",6931DG,Westervoort
Van der Hoevensstraat,156,"","",6931DG,Westervoort
Van der Hoevensstraat,156,"","",6931DG,Westervoort
Van der Hoevensstraat,158,"","",6931DG,Westervoort
Van der Hoevensstraat,158,"","",6931DG,Westervoort
Van der Hoevensstraat,160,"","",6931DH,Westervoort
Van der Hoevensstraat,160,"","",6931DH,Westervoort
Van der Hoevensstraat,162,"","",6931DH,Westervoort
Van der Hoevensstraat,162,"","",6931DH,Westervoort
Van der Hoevensstraat,164,"","",6931DH,Westervoort
Van der Hoevensstraat,164,"","",6931DH,Westervoort
Van der Hoevensstraat,166,"","",6931DH,Westervoort
Van der Hoevensstraat,166,"","",6931DH,Westervoort
Van der Hoevensstraat,168,"","",6931DH,Westervoort
Van der Hoevensstraat,168,"","",6931DH,Westervoort
Van der Hoevensstraat,170,"","",6931DH,Westervoort
Van der Hoevensstraat,170,"","",6931DH,Westervoort
Van der Hoevensstraat,172,"","",6931DH,Westervoort
Van der Hoevensstraat,172,"","",6931DH,Westervoort
Van der Hoevensstraat,174,"","",6931DH,Westervoort
Van der Hoevensstraat,174,"","",6931DH,Westervoort
Van der Hoevensstraat,176,"","",6931DH,Westervoort
Van der Hoevensstraat,176,"","",6931DH,Westervoort
Van der Hoevensstraat,178,"","",6931DH,Westervoort
Van der Hoevensstraat,178,"","",6931DH,Westervoort
Van der Hoevensstraat,180,"","",6931DH,Westervoort
Van der Hoevensstraat,180,"","",6931DH,Westervoort
Van der Hoevensstraat,182,"","",6931DH,Westervoort
Van der Hoevensstraat,182,"","",6931DH,Westervoort
Van der Hoevensstraat,184,"","",6931DH,Westervoort
Van der Hoevensstraat,184,"","",6931DH,Westervoort
Van der Hoevensstraat,186,"","",6931DH,Westervoort
Van der Hoevensstraat,186,"","",6931DH,Westervoort
Pals,1,"","",6931DJ,Westervoort
Pals,11,"","",6931DJ,Westervoort
Pals,13,"","",6931DJ,Westervoort
Pals,15,"","",6931DJ,Westervoort
Pals,17,"","",6931DJ,Westervoort
Pals,19,"","",6931DJ,Westervoort
Pals,21,"","",6931DJ,Westervoort
Pals,23,"","",6931DJ,Westervoort
Pals,25,"","",6931DJ,Westervoort
Pals,27,"","",6931DJ,Westervoort
Pals,29,"","",6931DJ,Westervoort
Pals,3,"","",6931DJ,Westervoort
Pals,31,"","",6931DJ,Westervoort
Pals,33,"","",6931DJ,Westervoort
Pals,5,"","",6931DJ,Westervoort
Pals,7,"","",6931DJ,Westervoort
Pals,7,A,"",6931DJ,Westervoort
Pals,9,"","",6931DJ,Westervoort
Pals,12,"","",6931DK,Westervoort
Pals,14,"","",6931DK,Westervoort
Pals,16,"","",6931DK,Westervoort
Pals,18,"","",6931DK,Westervoort
Pals,2,"","",6931DK,Westervoort
Pals,20,"","",6931DK,Westervoort
Pals,22,"","",6931DK,Westervoort
Pals,24,"","",6931DK,Westervoort
Pals,26,"","",6931DK,Westervoort
Pals,30,"","",6931DK,Westervoort
Pals,32,"","",6931DK,Westervoort
Pals,34,"","",6931DK,Westervoort
Pals,36,"","",6931DK,Westervoort
Pals,4,"","",6931DK,Westervoort
Pals,40,"","",6931DK,Westervoort
Pals,40,A,"",6931DK,Westervoort
Pals,42,"","",6931DK,Westervoort
Pals,44,"","",6931DK,Westervoort
Pals,46,"","",6931DK,Westervoort
Pals,48,"","",6931DK,Westervoort
Pals,50,"","",6931DK,Westervoort
Pals,52,"","",6931DK,Westervoort
Pals,54,"","",6931DK,Westervoort
Pals,56,"","",6931DK,Westervoort
Pals,58,"","",6931DK,Westervoort
Pals,6,"","",6931DK,Westervoort
Pals,8,"","",6931DK,Westervoort
Dr. Schaepmanstraat,1,"","",6931DM,Westervoort
Dr. Schaepmanstraat,11,"","",6931DM,Westervoort
Dr. Schaepmanstraat,13,"","",6931DM,Westervoort
Dr. Schaepmanstraat,15,"","",6931DM,Westervoort
Dr. Schaepmanstraat,17,"","",6931DM,Westervoort
Dr. Schaepmanstraat,19,"","",6931DM,Westervoort
Dr. Schaepmanstraat,21,"","",6931DM,Westervoort
Dr. Schaepmanstraat,23,"","",6931DM,Westervoort
Dr. Schaepmanstraat,25,"","",6931DM,Westervoort
Dr. Schaepmanstraat,27,"","",6931DM,Westervoort
Dr. Schaepmanstraat,29,"","",6931DM,Westervoort
Dr. Schaepmanstraat,31,"","",6931DM,Westervoort
Dr. Schaepmanstraat,33,"","",6931DM,Westervoort
Dr. Schaepmanstraat,35,"","",6931DM,Westervoort
Dr. Schaepmanstraat,37,"","",6931DM,Westervoort
Dr. Schaepmanstraat,39,"","",6931DM,Westervoort
Dr. Schaepmanstraat,41,"","",6931DM,Westervoort
Dr. Schaepmanstraat,5,"","",6931DM,Westervoort
Dr. Schaepmanstraat,7,"","",6931DM,Westervoort
Dr. Schaepmanstraat,9,"","",6931DM,Westervoort
Dr. Schaepmanstraat,10,"","",6931DN,Westervoort
Dr. Schaepmanstraat,12,"","",6931DN,Westervoort
Dr. Schaepmanstraat,14,"","",6931DN,Westervoort
Dr. Schaepmanstraat,16,"","",6931DN,Westervoort
Dr. Schaepmanstraat,18,"","",6931DN,Westervoort
Dr. Schaepmanstraat,2,"","",6931DN,Westervoort
Dr. Schaepmanstraat,20,"","",6931DN,Westervoort
Dr. Schaepmanstraat,22,"","",6931DN,Westervoort
Dr. Schaepmanstraat,24,"","",6931DN,Westervoort
Dr. Schaepmanstraat,26,"","",6931DN,Westervoort
Dr. Schaepmanstraat,28,"","",6931DN,Westervoort
Dr. Schaepmanstraat,30,"","",6931DN,Westervoort
Dr. Schaepmanstraat,32,"","",6931DN,Westervoort
Dr. Schaepmanstraat,34,"","",6931DN,Westervoort
Dr. Schaepmanstraat,36,"","",6931DN,Westervoort
Dr. Schaepmanstraat,38,"","",6931DN,Westervoort
Dr. Schaepmanstraat,4,"","",6931DN,Westervoort
Dr. Schaepmanstraat,40,"","",6931DN,Westervoort
Dr. Schaepmanstraat,42,"","",6931DN,Westervoort
Dr. Schaepmanstraat,6,"","",6931DN,Westervoort
Dr. Schaepmanstraat,8,"","",6931DN,Westervoort
Maria van Nassaustraat,1,"","",6931DP,Westervoort
Maria van Nassaustraat,2,"","",6931DP,Westervoort
Maria van Nassaustraat,2,G,1,6931DP,Westervoort
Maria van Nassaustraat,3,"","",6931DP,Westervoort
Maria van Nassaustraat,4,"","",6931DP,Westervoort
Maria van Nassaustraat,5,"","",6931DP,Westervoort
Maria van Nassaustraat,6,"","",6931DP,Westervoort
Maria van Nassaustraat,7,"","",6931DP,Westervoort
Kerkstraat,1,"","",6931DR,Westervoort
Kerkstraat,1,"","",6931DR,Westervoort
Kerkstraat,1,A,"",6931DR,Westervoort
Kerkstraat,11,"","",6931DR,Westervoort
Kerkstraat,13,"","",6931DR,Westervoort
Kerkstraat,15,"","",6931DR,Westervoort
Kerkstraat,17,"","",6931DR,Westervoort
Kerkstraat,19,"","",6931DR,Westervoort
Kerkstraat,23,"","",6931DR,Westervoort
Kerkstraat,25,"","",6931DR,Westervoort
Kerkstraat,25,A,"",6931DR,Westervoort
Kerkstraat,25,B,"",6931DR,Westervoort
Kerkstraat,25,C,"",6931DR,Westervoort
Kerkstraat,27,T,"",6931DR,Westervoort
Kerkstraat,3,"","",6931DR,Westervoort
Kerkstraat,5,"","",6931DR,Westervoort
Kerkstraat,7,"","",6931DR,Westervoort
Kerkstraat,9,"","",6931DR,Westervoort
Kerkstraat,18,"","",6931DS,Westervoort
Kerkstraat,18,A,"",6931DS,Westervoort
Kerkstraat,20,"","",6931DS,Westervoort
Kerkstraat,22,"","",6931DS,Westervoort
Kerkstraat,24,"","",6931DS,Westervoort
Kerkstraat,26,"","",6931DS,Westervoort
Kerkstraat,28,"","",6931DT,Westervoort
Kerkstraat,28,"","",6931DT,Westervoort
Kerkstraat,28,A,"",6931DT,Westervoort
Kerkstraat,28,A,"",6931DT,Westervoort
Kerkstraat,28,B,"",6931DT,Westervoort
Kerkstraat,28,C,"",6931DT,Westervoort
Kerkstraat,28,D,"",6931DT,Westervoort
Kerkstraat,28,E,"",6931DT,Westervoort
Kerkstraat,28,F,"",6931DT,Westervoort
Kerkstraat,30,"","",6931DT,Westervoort
Kerkstraat,32,"","",6931DT,Westervoort
Kerkstraat,36,"","",6931DT,Westervoort
Kerkstraat,38,"","",6931DT,Westervoort
Kerkstraat,40,"","",6931DT,Westervoort
Kerkstraat,42,"","",6931DT,Westervoort
Kerkstraat,44,"","",6931DT,Westervoort
Kerkstraat,46,"","",6931DT,Westervoort
Kerkstraat,48,"","",6931DT,Westervoort
Kerkstraat,50,"","",6931DT,Westervoort
Kerkstraat,52,"","",6931DT,Westervoort
Kerkstraat,54,"","",6931DT,Westervoort
Kerkstraat,58,"","",6931DT,Westervoort
Schoolstraat,1,"","",6931DV,Westervoort
Schoolstraat,1,A,"",6931DV,Westervoort
Schoolstraat,10,"","",6931DV,Westervoort
Schoolstraat,12,"","",6931DV,Westervoort
Schoolstraat,12,A,"",6931DV,Westervoort
Schoolstraat,12,B,"",6931DV,Westervoort
Schoolstraat,14,"","",6931DV,Westervoort
Schoolstraat,2,"","",6931DV,Westervoort
Schoolstraat,3,"","",6931DV,Westervoort
Schoolstraat,3,A,"",6931DV,Westervoort
Schoolstraat,3,T,"",6931DV,Westervoort
Schoolstraat,4,"","",6931DV,Westervoort
Schoolstraat,5,"","",6931DV,Westervoort
Schoolstraat,6,"","",6931DV,Westervoort
Schoolstraat,7,"","",6931DV,Westervoort
Schoolstraat,8,"","",6931DV,Westervoort
Schoolstraat,9,"","",6931DV,Westervoort
Ariënsstraat,11,"","",6931DW,Westervoort
Ariënsstraat,13,"","",6931DW,Westervoort
Ariënsstraat,15,"","",6931DW,Westervoort
Ariënsstraat,17,"","",6931DW,Westervoort
Ariënsstraat,19,"","",6931DW,Westervoort
Ariënsstraat,21,"","",6931DW,Westervoort
Ariënsstraat,23,"","",6931DW,Westervoort
Ariënsstraat,25,"","",6931DW,Westervoort
Ariënsstraat,27,"","",6931DW,Westervoort
Ariënsstraat,29,"","",6931DW,Westervoort
Ariënsstraat,31,"","",6931DW,Westervoort
Ariënsstraat,33,"","",6931DW,Westervoort
Ariënsstraat,35,"","",6931DW,Westervoort
Ariënsstraat,37,"","",6931DW,Westervoort
Ariënsstraat,39,"","",6931DW,Westervoort
Ariënsstraat,7,"","",6931DW,Westervoort
Ariënsstraat,9,"","",6931DW,Westervoort
Poelsstraat,1,"","",6931DX,Westervoort
Poelsstraat,10,"","",6931DX,Westervoort
Poelsstraat,11,"","",6931DX,Westervoort
Poelsstraat,12,"","",6931DX,Westervoort
Poelsstraat,13,"","",6931DX,Westervoort
Poelsstraat,14,"","",6931DX,Westervoort
Poelsstraat,15,"","",6931DX,Westervoort
Poelsstraat,17,"","",6931DX,Westervoort
Poelsstraat,2,"","",6931DX,Westervoort
Poelsstraat,3,"","",6931DX,Westervoort
Poelsstraat,4,"","",6931DX,Westervoort
Poelsstraat,5,"","",6931DX,Westervoort
Poelsstraat,6,"","",6931DX,Westervoort
Poelsstraat,7,"","",6931DX,Westervoort
Poelsstraat,8,"","",6931DX,Westervoort
Poelsstraat,9,"","",6931DX,Westervoort
Oranjestraat,10,"","",6931DZ,Westervoort
Oranjestraat,11,"","",6931DZ,Westervoort
Oranjestraat,12,"","",6931DZ,Westervoort
Oranjestraat,13,"","",6931DZ,Westervoort
Oranjestraat,2,"","",6931DZ,Westervoort
Oranjestraat,3,"","",6931DZ,Westervoort
Oranjestraat,4,"","",6931DZ,Westervoort
Oranjestraat,5,"","",6931DZ,Westervoort
Oranjestraat,6,"","",6931DZ,Westervoort
Oranjestraat,7,"","",6931DZ,Westervoort
Oranjestraat,8,"","",6931DZ,Westervoort
Oranjestraat,9,"","",6931DZ,Westervoort
Vredenburgstraat,1,"","",6931EA,Westervoort
Vredenburgstraat,1,A,"",6931EA,Westervoort
Vredenburgstraat,11,"","",6931EA,Westervoort
Vredenburgstraat,13,"","",6931EA,Westervoort
Vredenburgstraat,15,"","",6931EA,Westervoort
Vredenburgstraat,15,A,"",6931EA,Westervoort
Vredenburgstraat,17,"","",6931EA,Westervoort
Vredenburgstraat,19,"","",6931EA,Westervoort
Vredenburgstraat,21,"","",6931EA,Westervoort
Vredenburgstraat,23,"","",6931EA,Westervoort
Vredenburgstraat,25,"","",6931EA,Westervoort
Vredenburgstraat,27,"","",6931EA,Westervoort
Vredenburgstraat,3,"","",6931EA,Westervoort
Vredenburgstraat,5,"","",6931EA,Westervoort
Vredenburgstraat,7,"","",6931EA,Westervoort
Vredenburgstraat,9,"","",6931EA,Westervoort
Vredenburgstraat,9,A,"",6931EA,Westervoort
Vredenburgstraat,9,A,"",6931EA,Westervoort
Vredenburgstraat,9,A,"",6931EA,Westervoort
Vredenburgstraat,9,B,"",6931EA,Westervoort
Vredenburgstraat,9,B,"",6931EA,Westervoort
Vredenburgstraat,31,"","",6931EB,Westervoort
Vredenburgstraat,33,"","",6931EB,Westervoort
Vredenburgstraat,33,A,"",6931EB,Westervoort
Vredenburgstraat,33,B,"",6931EB,Westervoort
Vredenburgstraat,35,"","",6931EB,Westervoort
Vredenburgstraat,37,"","",6931EB,Westervoort
Vredenburgstraat,39,"","",6931EB,Westervoort
Vredenburgstraat,39,A,"",6931EB,Westervoort
Vredenburgstraat,41,"","",6931EB,Westervoort
Vredenburgstraat,41,A,"",6931EB,Westervoort
Vredenburgstraat,41,B,"",6931EB,Westervoort
Vredenburgstraat,41,C,"",6931EB,Westervoort
Vredenburgstraat,43,"","",6931EC,Westervoort
Vredenburgstraat,43,"","",6931EC,Westervoort
Vredenburgstraat,45,"","",6931EC,Westervoort
Vredenburgstraat,45,"","",6931EC,Westervoort
Vredenburgstraat,47,"","",6931EC,Westervoort
Vredenburgstraat,47,"","",6931EC,Westervoort
Vredenburgstraat,49,"","",6931EC,Westervoort
Vredenburgstraat,49,"","",6931EC,Westervoort
Vredenburgstraat,51,"","",6931EC,Westervoort
Vredenburgstraat,51,"","",6931EC,Westervoort
Vredenburgstraat,53,"","",6931EC,Westervoort
Vredenburgstraat,53,"","",6931EC,Westervoort
Vredenburgstraat,55,"","",6931EC,Westervoort
Vredenburgstraat,55,A,"",6931EC,Westervoort
Vredenburgstraat,57,"","",6931EC,Westervoort
Vredenburgstraat,59,"","",6931EC,Westervoort
Vredenburgstraat,61,"","",6931EC,Westervoort
Vredenburgstraat,61,A,"",6931EC,Westervoort
Vredenburgstraat,63,"","",6931EC,Westervoort
Vredenburgstraat,65,"","",6931EC,Westervoort
Vredenburgstraat,67,"","",6931EC,Westervoort
Vredenburgstraat,69,"","",6931EC,Westervoort
Vredenburgstraat,69,A,"",6931EC,Westervoort
Vredenburgstraat,71,"","",6931EC,Westervoort
Vredenburgstraat,73,"","",6931EC,Westervoort
Vredenburgstraat,73,A,"",6931EC,Westervoort
Vredenburgstraat,75,"","",6931EC,Westervoort
Vredenburgstraat,10,"","",6931ED,Westervoort
Vredenburgstraat,12,"","",6931ED,Westervoort
Vredenburgstraat,14,"","",6931ED,Westervoort
Vredenburgstraat,16,"","",6931ED,Westervoort
Vredenburgstraat,18,"","",6931ED,Westervoort
Vredenburgstraat,2,"","",6931ED,Westervoort
Vredenburgstraat,20,"","",6931ED,Westervoort
Vredenburgstraat,22,"","",6931ED,Westervoort
Vredenburgstraat,22,A,"",6931ED,Westervoort
Vredenburgstraat,22,B,"",6931ED,Westervoort
Vredenburgstraat,22,B,"",6931ED,Westervoort
Vredenburgstraat,22,B,"",6931ED,Westervoort
Vredenburgstraat,24,"","",6931ED,Westervoort
Vredenburgstraat,26,"","",6931ED,Westervoort
Vredenburgstraat,28,"","",6931ED,Westervoort
Vredenburgstraat,30,"","",6931ED,Westervoort
Vredenburgstraat,30,A,"",6931ED,Westervoort
Vredenburgstraat,32,"","",6931ED,Westervoort
Vredenburgstraat,32,A,"",6931ED,Westervoort
Vredenburgstraat,34,"","",6931ED,Westervoort
Vredenburgstraat,34,A,"",6931ED,Westervoort
Vredenburgstraat,36,"","",6931ED,Westervoort
Vredenburgstraat,38,"","",6931ED,Westervoort
Vredenburgstraat,38,A,"",6931ED,Westervoort
Vredenburgstraat,38,B,"",6931ED,Westervoort
Vredenburgstraat,38,C,"",6931ED,Westervoort
Vredenburgstraat,38,D,"",6931ED,Westervoort
Vredenburgstraat,38,E,"",6931ED,Westervoort
Vredenburgstraat,38,F,"",6931ED,Westervoort
Vredenburgstraat,4,"","",6931ED,Westervoort
Vredenburgstraat,40,"","",6931ED,Westervoort
Vredenburgstraat,40,A,"",6931ED,Westervoort
Vredenburgstraat,6,"","",6931ED,Westervoort
Vredenburgstraat,8,"","",6931ED,Westervoort
Vredenburgstraat,42,"","",6931EE,Westervoort
Vredenburgstraat,42,A,"",6931EE,Westervoort
Vredenburgstraat,44,"","",6931EE,Westervoort
Vredenburgstraat,44,A,"",6931EE,Westervoort
Vredenburgstraat,46,"","",6931EE,Westervoort
Vredenburgstraat,46,A,"",6931EE,Westervoort
Vredenburgstraat,46,B,"",6931EE,Westervoort
Vredenburgstraat,48,"","",6931EE,Westervoort
Vredenburgstraat,50,"","",6931EE,Westervoort
Vredenburgstraat,52,"","",6931EE,Westervoort
Vredenburgstraat,52,A,"",6931EE,Westervoort
Vredenburgstraat,54,"","",6931EE,Westervoort
Vredenburgstraat,54,A,"",6931EE,Westervoort
Vredenburgstraat,56,"","",6931EE,Westervoort
Vredenburgstraat,58,"","",6931EE,Westervoort
Vredenburgstraat,60,"","",6931EE,Westervoort
Vredenburgstraat,60,A,"",6931EE,Westervoort
Vredenburgstraat,60,B,"",6931EE,Westervoort
Vredenburgstraat,62,"","",6931EE,Westervoort
Vredenburgstraat,64,"","",6931EE,Westervoort
Vredenburgstraat,66,"","",6931EE,Westervoort
Vredenburgstraat,68,"","",6931EE,Westervoort
't Slag,1,"","",6931EG,Westervoort
't Slag,1,A,"",6931EG,Westervoort
't Slag,11,"","",6931EG,Westervoort
't Slag,13,"","",6931EG,Westervoort
't Slag,15,"","",6931EG,Westervoort
't Slag,17,"","",6931EG,Westervoort
't Slag,19,"","",6931EG,Westervoort
't Slag,21,"","",6931EG,Westervoort
't Slag,23,"","",6931EG,Westervoort
't Slag,23,A,"",6931EG,Westervoort
't Slag,25,"","",6931EG,Westervoort
't Slag,27,"","",6931EG,Westervoort
't Slag,29,"","",6931EG,Westervoort
't Slag,3,"","",6931EG,Westervoort
't Slag,31,"","",6931EG,Westervoort
't Slag,33,"","",6931EG,Westervoort
't Slag,35,"","",6931EG,Westervoort
't Slag,37,"","",6931EG,Westervoort
't Slag,41,"","",6931EG,Westervoort
't Slag,43,"","",6931EG,Westervoort
't Slag,5,"","",6931EG,Westervoort
't Slag,7,"","",6931EG,Westervoort
't Slag,9,"","",6931EG,Westervoort
't Slag,10,"","",6931EH,Westervoort
't Slag,12,"","",6931EH,Westervoort
't Slag,14,"","",6931EH,Westervoort
't Slag,16,"","",6931EH,Westervoort
't Slag,18,"","",6931EH,Westervoort
't Slag,18,A,"",6931EH,Westervoort
't Slag,2,"","",6931EH,Westervoort
't Slag,20,"","",6931EH,Westervoort
't Slag,22,"","",6931EH,Westervoort
't Slag,24,"","",6931EH,Westervoort
't Slag,26,"","",6931EH,Westervoort
't Slag,28,"","",6931EH,Westervoort
't Slag,30,"","",6931EH,Westervoort
't Slag,32,"","",6931EH,Westervoort
't Slag,34,"","",6931EH,Westervoort
't Slag,34,A,"",6931EH,Westervoort
't Slag,36,"","",6931EH,Westervoort
't Slag,38,"","",6931EH,Westervoort
't Slag,4,"","",6931EH,Westervoort
't Slag,40,"","",6931EH,Westervoort
't Slag,42,"","",6931EH,Westervoort
't Slag,44,"","",6931EH,Westervoort
't Slag,46,"","",6931EH,Westervoort
't Slag,48,"","",6931EH,Westervoort
't Slag,50,"","",6931EH,Westervoort
't Slag,52,"","",6931EH,Westervoort
't Slag,6,"","",6931EH,Westervoort
't Slag,8,"","",6931EH,Westervoort
't Slag,8,A,"",6931EH,Westervoort
't Slag,8,B,"",6931EH,Westervoort
't Slag,8,B,"",6931EH,Westervoort
Vaalmanstraat,1,"","",6931EJ,Westervoort
Vaalmanstraat,11,"","",6931EJ,Westervoort
Vaalmanstraat,13,"","",6931EJ,Westervoort
Vaalmanstraat,15,"","",6931EJ,Westervoort
Vaalmanstraat,17,"","",6931EJ,Westervoort
Vaalmanstraat,19,"","",6931EJ,Westervoort
Vaalmanstraat,19,A,"",6931EJ,Westervoort
Vaalmanstraat,3,"","",6931EJ,Westervoort
Vaalmanstraat,5,"","",6931EJ,Westervoort
Vaalmanstraat,7,"","",6931EJ,Westervoort
Vaalmanstraat,9,"","",6931EJ,Westervoort
Vaalmanstraat,21,"","",6931EK,Westervoort
Vaalmanstraat,23,"","",6931EK,Westervoort
Vaalmanstraat,25,"","",6931EK,Westervoort
Vaalmanstraat,27,"","",6931EK,Westervoort
Vaalmanstraat,29,"","",6931EK,Westervoort
Vaalmanstraat,31,"","",6931EK,Westervoort
Vaalmanstraat,33,"","",6931EK,Westervoort
Vaalmanstraat,35,"","",6931EK,Westervoort
Vaalmanstraat,37,"","",6931EK,Westervoort
Vaalmanstraat,39,"","",6931EK,Westervoort
Vaalmanstraat,41,"","",6931EK,Westervoort
Vaalmanstraat,43,"","",6931EK,Westervoort
Vaalmanstraat,45,"","",6931EK,Westervoort
Vaalmanstraat,47,"","",6931EK,Westervoort
Vaalmanstraat,10,"","",6931EL,Westervoort
Vaalmanstraat,12,"","",6931EL,Westervoort
Vaalmanstraat,14,"","",6931EL,Westervoort
Vaalmanstraat,16,"","",6931EL,Westervoort
Vaalmanstraat,18,"","",6931EL,Westervoort
Vaalmanstraat,2,"","",6931EL,Westervoort
Vaalmanstraat,20,"","",6931EL,Westervoort
Vaalmanstraat,22,"","",6931EL,Westervoort
Vaalmanstraat,24,"","",6931EL,Westervoort
Vaalmanstraat,26,"","",6931EL,Westervoort
Vaalmanstraat,28,"","",6931EL,Westervoort
Vaalmanstraat,30,"","",6931EL,Westervoort
Vaalmanstraat,32,"","",6931EL,Westervoort
Vaalmanstraat,34,"","",6931EL,Westervoort
Vaalmanstraat,36,"","",6931EL,Westervoort
Vaalmanstraat,4,"","",6931EL,Westervoort
Vaalmanstraat,6,"","",6931EL,Westervoort
Vaalmanstraat,8,"","",6931EL,Westervoort
Vaalmanstraat,38,"","",6931EM,Westervoort
Vaalmanstraat,40,"","",6931EM,Westervoort
Vaalmanstraat,42,"","",6931EM,Westervoort
Vaalmanstraat,44,"","",6931EM,Westervoort
Vaalmanstraat,46,"","",6931EM,Westervoort
Vaalmanstraat,48,"","",6931EM,Westervoort
Vaalmanstraat,50,"","",6931EM,Westervoort
Vaalmanstraat,52,"","",6931EM,Westervoort
Vaalmanstraat,54,"","",6931EM,Westervoort
Vaalmanstraat,56,"","",6931EM,Westervoort
Vaalmanstraat,58,"","",6931EM,Westervoort
Vaalmanstraat,60,"","",6931EM,Westervoort
Vaalmanstraat,62,"","",6931EM,Westervoort
Vaalmanstraat,64,"","",6931EM,Westervoort
Vaalmanstraat,66,"","",6931EM,Westervoort
Vaalmanstraat,68,"","",6931EM,Westervoort
Vaalmanstraat,70,"","",6931EM,Westervoort
Zuidelijke Parallelweg,1,"","",6931EN,Westervoort
Zuidelijke Parallelweg,1,"","",6931EN,Westervoort
Zuidelijke Parallelweg,10,"","",6931EN,Westervoort
Zuidelijke Parallelweg,10,A,"",6931EN,Westervoort
Zuidelijke Parallelweg,10,B,"",6931EN,Westervoort
Zuidelijke Parallelweg,12,"","",6931EN,Westervoort
Zuidelijke Parallelweg,14,"","",6931EN,Westervoort
Zuidelijke Parallelweg,16,"","",6931EN,Westervoort
Zuidelijke Parallelweg,18,"","",6931EN,Westervoort
Zuidelijke Parallelweg,2,T,"",6931EN,Westervoort
Zuidelijke Parallelweg,20,"","",6931EN,Westervoort
Zuidelijke Parallelweg,20,A,"",6931EN,Westervoort
Zuidelijke Parallelweg,22,"","",6931EN,Westervoort
Zuidelijke Parallelweg,24,"","",6931EN,Westervoort
Zuidelijke Parallelweg,26,"","",6931EN,Westervoort
Zuidelijke Parallelweg,28,"","",6931EN,Westervoort
Zuidelijke Parallelweg,3,"","",6931EN,Westervoort
Zuidelijke Parallelweg,3,"","",6931EN,Westervoort
Zuidelijke Parallelweg,30,"","",6931EN,Westervoort
Zuidelijke Parallelweg,32,"","",6931EN,Westervoort
Zuidelijke Parallelweg,34,"","",6931EN,Westervoort
Zuidelijke Parallelweg,36,"","",6931EN,Westervoort
Zuidelijke Parallelweg,5,"","",6931EN,Westervoort
Zuidelijke Parallelweg,6,"","",6931EN,Westervoort
Zuidelijke Parallelweg,7,"","",6931EN,Westervoort
Zuidelijke Parallelweg,8,"","",6931EN,Westervoort
Zuidelijke Parallelweg,38,"","",6931EP,Westervoort
Zuidelijke Parallelweg,40,"","",6931EP,Westervoort
Zuidelijke Parallelweg,40,T,"",6931EP,Westervoort
Zuidelijke Parallelweg,42,"","",6931EP,Westervoort
Zuidelijke Parallelweg,44,"","",6931EP,Westervoort
Zuidelijke Parallelweg,48,"","",6931EP,Westervoort
Zuidelijke Parallelweg,50,"","",6931EP,Westervoort
Zuidelijke Parallelweg,52,"","",6931EP,Westervoort
Zuidelijke Parallelweg,54,"","",6931EP,Westervoort
Zuidelijke Parallelweg,56,"","",6931EP,Westervoort
Zuidelijke Parallelweg,58,"","",6931EP,Westervoort
Zuidelijke Parallelweg,60,"","",6931EP,Westervoort
Zuidelijke Parallelweg,62,"","",6931EP,Westervoort
Zuidelijke Parallelweg,66,"","",6931EP,Westervoort
Noordelijke Parallelweg,1,"","",6931ER,Westervoort
Noordelijke Parallelweg,1,A,"",6931ER,Westervoort
Noordelijke Parallelweg,1,B,"",6931ER,Westervoort
Noordelijke Parallelweg,1,C,"",6931ER,Westervoort
Noordelijke Parallelweg,11,"","",6931ER,Westervoort
Noordelijke Parallelweg,13,"","",6931ER,Westervoort
Noordelijke Parallelweg,15,"","",6931ER,Westervoort
Noordelijke Parallelweg,17,"","",6931ER,Westervoort
Noordelijke Parallelweg,19,"","",6931ER,Westervoort
Noordelijke Parallelweg,2,T,"",6931ER,Westervoort
Noordelijke Parallelweg,21,"","",6931ER,Westervoort
Noordelijke Parallelweg,23,"","",6931ER,Westervoort
Noordelijke Parallelweg,25,"","",6931ER,Westervoort
Noordelijke Parallelweg,27,"","",6931ER,Westervoort
Noordelijke Parallelweg,29,"","",6931ER,Westervoort
Noordelijke Parallelweg,3,"","",6931ER,Westervoort
Noordelijke Parallelweg,3,A,"",6931ER,Westervoort
Noordelijke Parallelweg,31,"","",6931ER,Westervoort
Noordelijke Parallelweg,33,"","",6931ER,Westervoort
Noordelijke Parallelweg,33,A,"",6931ER,Westervoort
Noordelijke Parallelweg,33,B,"",6931ER,Westervoort
Noordelijke Parallelweg,35,"","",6931ER,Westervoort
Noordelijke Parallelweg,5,"","",6931ER,Westervoort
Noordelijke Parallelweg,5,A,"",6931ER,Westervoort
Noordelijke Parallelweg,7,"","",6931ER,Westervoort
Noordelijke Parallelweg,9,"","",6931ER,Westervoort
St. Willebrorduslaan,1,"","",6931ES,Westervoort
St. Willebrorduslaan,1,"","",6931ES,Westervoort
St. Willebrorduslaan,10,"","",6931ES,Westervoort
St. Willebrorduslaan,10,"","",6931ES,Westervoort
St. Willebrorduslaan,11,"","",6931ES,Westervoort
St. Willebrorduslaan,11,"","",6931ES,Westervoort
St. Willebrorduslaan,13,"","",6931ES,Westervoort
St. Willebrorduslaan,13,"","",6931ES,Westervoort
St. Willebrorduslaan,2,"","",6931ES,Westervoort
St. Willebrorduslaan,2,"","",6931ES,Westervoort
St. Willebrorduslaan,2,A,"",6931ES,Westervoort
St. Willebrorduslaan,2,A,"",6931ES,Westervoort
St. Willebrorduslaan,3,"","",6931ES,Westervoort
St. Willebrorduslaan,3,"","",6931ES,Westervoort
St. Willebrorduslaan,4,"","",6931ES,Westervoort
St. Willebrorduslaan,4,"","",6931ES,Westervoort
St. Willebrorduslaan,5,"","",6931ES,Westervoort
St. Willebrorduslaan,5,"","",6931ES,Westervoort
St. Willebrorduslaan,6,"","",6931ES,Westervoort
St. Willebrorduslaan,6,"","",6931ES,Westervoort
St. Willebrorduslaan,7,"","",6931ES,Westervoort
St. Willebrorduslaan,7,"","",6931ES,Westervoort
St. Willebrorduslaan,8,"","",6931ES,Westervoort
St. Willebrorduslaan,8,"","",6931ES,Westervoort
St. Willebrorduslaan,9,"","",6931ES,Westervoort
St. Willebrorduslaan,9,"","",6931ES,Westervoort
St. Werenfriduslaan,1,"","",6931ET,Westervoort
St. Werenfriduslaan,1,"","",6931ET,Westervoort
St. Werenfriduslaan,10,"","",6931ET,Westervoort
St. Werenfriduslaan,10,"","",6931ET,Westervoort
St. Werenfriduslaan,12,"","",6931ET,Westervoort
St. Werenfriduslaan,12,"","",6931ET,Westervoort
St. Werenfriduslaan,2,"","",6931ET,Westervoort
St. Werenfriduslaan,2,"","",6931ET,Westervoort
St. Werenfriduslaan,3,"","",6931ET,Westervoort
St. Werenfriduslaan,3,"","",6931ET,Westervoort
St. Werenfriduslaan,4,"","",6931ET,Westervoort
St. Werenfriduslaan,4,"","",6931ET,Westervoort
St. Werenfriduslaan,5,"","",6931ET,Westervoort
St. Werenfriduslaan,5,"","",6931ET,Westervoort
St. Werenfriduslaan,6,"","",6931ET,Westervoort
St. Werenfriduslaan,6,"","",6931ET,Westervoort
St. Werenfriduslaan,7,"","",6931ET,Westervoort
St. Werenfriduslaan,7,"","",6931ET,Westervoort
St. Werenfriduslaan,8,"","",6931ET,Westervoort
St. Werenfriduslaan,8,"","",6931ET,Westervoort
St. Werenfriduslaan,9,"","",6931ET,Westervoort
St. Werenfriduslaan,9,"","",6931ET,Westervoort
St. Werenfriduslaan,9,"","",6931ET,Westervoort
Hamersestraat,1,"","",6931EV,Westervoort
Hamersestraat,11,"","",6931EV,Westervoort
Hamersestraat,19,"","",6931EV,Westervoort
Hamersestraat,19,A,"",6931EV,Westervoort
Hamersestraat,21,"","",6931EV,Westervoort
Hamersestraat,21,A,"",6931EV,Westervoort
Hamersestraat,23,"","",6931EV,Westervoort
Hamersestraat,23,A,"",6931EV,Westervoort
Hamersestraat,25,"","",6931EV,Westervoort
Hamersestraat,27,"","",6931EV,Westervoort
Hamersestraat,27,A,"",6931EV,Westervoort
Hamersestraat,27,B,"",6931EV,Westervoort
Hamersestraat,27,C,"",6931EV,Westervoort
Hamersestraat,27,D,"",6931EV,Westervoort
Hamersestraat,27,E,"",6931EV,Westervoort
Hamersestraat,27,F,"",6931EV,Westervoort
Hamersestraat,27,G,"",6931EV,Westervoort
Hamersestraat,27,H,"",6931EV,Westervoort
Hamersestraat,27,J,"",6931EV,Westervoort
Hamersestraat,27,K,"",6931EV,Westervoort
Hamersestraat,27,L,"",6931EV,Westervoort
Hamersestraat,27,M,"",6931EV,Westervoort
Hamersestraat,27,N,"",6931EV,Westervoort
Hamersestraat,27,P,"",6931EV,Westervoort
Hamersestraat,27,Q,"",6931EV,Westervoort
Hamersestraat,27,R,"",6931EV,Westervoort
Hamersestraat,29,"","",6931EV,Westervoort
Hamersestraat,29,"","",6931EV,Westervoort
Hamersestraat,29,A,"",6931EV,Westervoort
Hamersestraat,29,D,"",6931EV,Westervoort
Hamersestraat,29,E,"",6931EV,Westervoort
Hamersestraat,29,F,1,6931EV,Westervoort
Hamersestraat,29,F,2,6931EV,Westervoort
Hamersestraat,29,F,3,6931EV,Westervoort
Hamersestraat,29,F,4,6931EV,Westervoort
Hamersestraat,29,G,"",6931EV,Westervoort
Hamersestraat,29,H,"",6931EV,Westervoort
Hamersestraat,29,J,"",6931EV,Westervoort
Hamersestraat,29,K,"",6931EV,Westervoort
Hamersestraat,29,K,1,6931EV,Westervoort
Hamersestraat,29,K,2,6931EV,Westervoort
Hamersestraat,29,K,3,6931EV,Westervoort
Hamersestraat,29,K,4,6931EV,Westervoort
Hamersestraat,29,K,5,6931EV,Westervoort
Hamersestraat,29,K,6,6931EV,Westervoort
Hamersestraat,29,K,7,6931EV,Westervoort
Hamersestraat,29,K,8,6931EV,Westervoort
Hamersestraat,29,L,"",6931EV,Westervoort
Hamersestraat,29,L,1,6931EV,Westervoort
Hamersestraat,29,L,2,6931EV,Westervoort
Hamersestraat,29,L,3,6931EV,Westervoort
Hamersestraat,29,L,4,6931EV,Westervoort
Hamersestraat,29,L,5,6931EV,Westervoort
Hamersestraat,29,L,6,6931EV,Westervoort
Hamersestraat,29,L,7,6931EV,Westervoort
Hamersestraat,29,L,8,6931EV,Westervoort
Hamersestraat,29,L,9,6931EV,Westervoort
Hamersestraat,29,M,"",6931EV,Westervoort
Hamersestraat,29,M,1,6931EV,Westervoort
Hamersestraat,29,M,2,6931EV,Westervoort
Hamersestraat,29,M,3,6931EV,Westervoort
Hamersestraat,29,M,4,6931EV,Westervoort
Hamersestraat,29,M,5,6931EV,Westervoort
Hamersestraat,29,M,6,6931EV,Westervoort
Hamersestraat,29,M,7,6931EV,Westervoort
Hamersestraat,29,M,8,6931EV,Westervoort
Hamersestraat,29,M,9,6931EV,Westervoort
Hamersestraat,29,N,"",6931EV,Westervoort
Hamersestraat,29,P,"",6931EV,Westervoort
Hamersestraat,29,Q,"",6931EV,Westervoort
Hamersestraat,29,R,"",6931EV,Westervoort
Hamersestraat,29,S,"",6931EV,Westervoort
Hamersestraat,29,T,"",6931EV,Westervoort
Hamersestraat,3,"","",6931EV,Westervoort
Hamersestraat,31,"","",6931EV,Westervoort
Hamersestraat,31,"","",6931EV,Westervoort
Hamersestraat,33,"","",6931EV,Westervoort
Hamersestraat,33,A,"",6931EV,Westervoort
Hamersestraat,33,A,1,6931EV,Westervoort
Hamersestraat,33,A,2,6931EV,Westervoort
Hamersestraat,33,A,3,6931EV,Westervoort
Hamersestraat,33,A,4,6931EV,Westervoort
Hamersestraat,33,A,5,6931EV,Westervoort
Hamersestraat,33,A,6,6931EV,Westervoort
Hamersestraat,33,A,7,6931EV,Westervoort
Hamersestraat,33,A,8,6931EV,Westervoort
Hamersestraat,33,B,1,6931EV,Westervoort
Hamersestraat,33,B,10,6931EV,Westervoort
Hamersestraat,33,B,11,6931EV,Westervoort
Hamersestraat,33,B,2,6931EV,Westervoort
Hamersestraat,33,B,3,6931EV,Westervoort
Hamersestraat,33,B,4,6931EV,Westervoort
Hamersestraat,33,B,5,6931EV,Westervoort
Hamersestraat,33,B,6,6931EV,Westervoort
Hamersestraat,33,B,7,6931EV,Westervoort
Hamersestraat,33,B,8,6931EV,Westervoort
Hamersestraat,33,B,9,6931EV,Westervoort
Hamersestraat,33,C,1,6931EV,Westervoort
Hamersestraat,33,C,10,6931EV,Westervoort
Hamersestraat,33,C,11,6931EV,Westervoort
Hamersestraat,33,C,2,6931EV,Westervoort
Hamersestraat,33,C,3,6931EV,Westervoort
Hamersestraat,33,C,4,6931EV,Westervoort
Hamersestraat,33,C,5,6931EV,Westervoort
Hamersestraat,33,C,6,6931EV,Westervoort
Hamersestraat,33,C,7,6931EV,Westervoort
Hamersestraat,33,C,8,6931EV,Westervoort
Hamersestraat,33,C,9,6931EV,Westervoort
Hamersestraat,35,"","",6931EV,Westervoort
Hamersestraat,35,A,"",6931EV,Westervoort
Hamersestraat,5,"","",6931EV,Westervoort
Hamersestraat,9,"","",6931EV,Westervoort
Hamersestraat,43,"","",6931EW,Westervoort
Hamersestraat,45,"","",6931EW,Westervoort
Hamersestraat,45,A,"",6931EW,Westervoort
Hamersestraat,45,B,"",6931EW,Westervoort
Hamersestraat,47,"","",6931EW,Westervoort
Hamersestraat,47,A,"",6931EW,Westervoort
Hamersestraat,47,C,"",6931EW,Westervoort
Hamersestraat,47,C,"",6931EW,Westervoort
Hamersestraat,47,C,"",6931EW,Westervoort
Hamersestraat,47,T,"",6931EW,Westervoort
Hamersestraat,49,"","",6931EW,Westervoort
Hamersestraat,51,"","",6931EW,Westervoort
Hamersestraat,53,"","",6931EW,Westervoort
Hamersestraat,53,"","",6931EW,Westervoort
Hamersestraat,53,A,"",6931EW,Westervoort
Hamersestraat,53,B,"",6931EW,Westervoort
Hamersestraat,55,"","",6931EW,Westervoort
Hamersestraat,55,A,"",6931EW,Westervoort
Hamersestraat,10,"","",6931EX,Westervoort
Hamersestraat,14,"","",6931EX,Westervoort
Hamersestraat,14,A,"",6931EX,Westervoort
Hamersestraat,14,B,"",6931EX,Westervoort
Hamersestraat,14,B,1,6931EX,Westervoort
Hamersestraat,14,B,2,6931EX,Westervoort
Hamersestraat,14,C,"",6931EX,Westervoort
Hamersestraat,16,"","",6931EX,Westervoort
Hamersestraat,16,A,"",6931EX,Westervoort
Hamersestraat,16,A,1,6931EX,Westervoort
Hamersestraat,16,B,"",6931EX,Westervoort
Hamersestraat,18,"","",6931EX,Westervoort
Hamersestraat,2,"","",6931EX,Westervoort
Hamersestraat,22,"","",6931EX,Westervoort
Hamersestraat,4,"","",6931EX,Westervoort
Hamersestraat,6,"","",6931EX,Westervoort
Hamersestraat,8,"","",6931EX,Westervoort
Het Ambacht,1,"","",6931EZ,Westervoort
Het Ambacht,10,"","",6931EZ,Westervoort
Het Ambacht,10,A,"",6931EZ,Westervoort
Het Ambacht,10,B,"",6931EZ,Westervoort
Het Ambacht,10,C,"",6931EZ,Westervoort
Het Ambacht,11,"","",6931EZ,Westervoort
Het Ambacht,12,"","",6931EZ,Westervoort
Het Ambacht,13,"","",6931EZ,Westervoort
Het Ambacht,14,"","",6931EZ,Westervoort
Het Ambacht,14,A,"",6931EZ,Westervoort
Het Ambacht,14,B,"",6931EZ,Westervoort
Het Ambacht,14,C,"",6931EZ,Westervoort
Het Ambacht,14,D,"",6931EZ,Westervoort
Het Ambacht,15,"","",6931EZ,Westervoort
Het Ambacht,16,"","",6931EZ,Westervoort
Het Ambacht,17,"","",6931EZ,Westervoort
Het Ambacht,18,"","",6931EZ,Westervoort
Het Ambacht,19,"","",6931EZ,Westervoort
Het Ambacht,19,A,"",6931EZ,Westervoort
Het Ambacht,2,"","",6931EZ,Westervoort
Het Ambacht,26,"","",6931EZ,Westervoort
Het Ambacht,26,"","",6931EZ,Westervoort
Het Ambacht,28,"","",6931EZ,Westervoort
Het Ambacht,30,"","",6931EZ,Westervoort
Het Ambacht,34,"","",6931EZ,Westervoort
Het Ambacht,35,"","",6931EZ,Westervoort
Het Ambacht,35,A,"",6931EZ,Westervoort
Het Ambacht,36,"","",6931EZ,Westervoort
Het Ambacht,4,"","",6931EZ,Westervoort
Het Ambacht,40,T,"",6931EZ,Westervoort
Het Ambacht,42,"","",6931EZ,Westervoort
Het Ambacht,44,"","",6931EZ,Westervoort
Het Ambacht,44,A,"",6931EZ,Westervoort
Het Ambacht,46,"","",6931EZ,Westervoort
Het Ambacht,46,A,"",6931EZ,Westervoort
Het Ambacht,46,B,"",6931EZ,Westervoort
Het Ambacht,46,C,"",6931EZ,Westervoort
Het Ambacht,48,"","",6931EZ,Westervoort
Het Ambacht,5,"","",6931EZ,Westervoort
Het Ambacht,52,"","",6931EZ,Westervoort
Het Ambacht,54,"","",6931EZ,Westervoort
Het Ambacht,56,"","",6931EZ,Westervoort
Het Ambacht,58,"","",6931EZ,Westervoort
Het Ambacht,6,"","",6931EZ,Westervoort
Het Ambacht,60,"","",6931EZ,Westervoort
Het Ambacht,62,"","",6931EZ,Westervoort
Het Ambacht,62,"","",6931EZ,Westervoort
Het Ambacht,62,A,"",6931EZ,Westervoort
Het Ambacht,64,"","",6931EZ,Westervoort
Het Ambacht,66,"","",6931EZ,Westervoort
Het Ambacht,68,T,"",6931EZ,Westervoort
Het Ambacht,72,"","",6931EZ,Westervoort
Het Ambacht,72,A,"",6931EZ,Westervoort
Het Ambacht,74,"","",6931EZ,Westervoort
Het Ambacht,8,"","",6931EZ,Westervoort
Het Ambacht,9,"","",6931EZ,Westervoort
St. Ludgeruslaan,1,"","",6931GA,Westervoort
St. Ludgeruslaan,1,"","",6931GA,Westervoort
St. Ludgeruslaan,11,"","",6931GA,Westervoort
St. Ludgeruslaan,11,"","",6931GA,Westervoort
St. Ludgeruslaan,13,"","",6931GA,Westervoort
St. Ludgeruslaan,13,"","",6931GA,Westervoort
St. Ludgeruslaan,15,"","",6931GA,Westervoort
St. Ludgeruslaan,15,"","",6931GA,Westervoort
St. Ludgeruslaan,3,"","",6931GA,Westervoort
St. Ludgeruslaan,3,"","",6931GA,Westervoort
St. Ludgeruslaan,5,"","",6931GA,Westervoort
St. Ludgeruslaan,5,"","",6931GA,Westervoort
St. Ludgeruslaan,7,"","",6931GA,Westervoort
St. Ludgeruslaan,7,"","",6931GA,Westervoort
St. Ludgeruslaan,9,"","",6931GA,Westervoort
St. Ludgeruslaan,9,"","",6931GA,Westervoort
St. Ludgeruslaan,10,"","",6931GB,Westervoort
St. Ludgeruslaan,10,"","",6931GB,Westervoort
St. Ludgeruslaan,12,"","",6931GB,Westervoort
St. Ludgeruslaan,12,"","",6931GB,Westervoort
St. Ludgeruslaan,14,"","",6931GB,Westervoort
St. Ludgeruslaan,14,"","",6931GB,Westervoort
St. Ludgeruslaan,16,"","",6931GB,Westervoort
St. Ludgeruslaan,16,"","",6931GB,Westervoort
St. Ludgeruslaan,18,"","",6931GB,Westervoort
St. Ludgeruslaan,18,"","",6931GB,Westervoort
St. Ludgeruslaan,2,"","",6931GB,Westervoort
St. Ludgeruslaan,2,"","",6931GB,Westervoort
St. Ludgeruslaan,20,"","",6931GB,Westervoort
St. Ludgeruslaan,20,"","",6931GB,Westervoort
St. Ludgeruslaan,22,"","",6931GB,Westervoort
St. Ludgeruslaan,22,"","",6931GB,Westervoort
St. Ludgeruslaan,4,"","",6931GB,Westervoort
St. Ludgeruslaan,4,"","",6931GB,Westervoort
St. Ludgeruslaan,6,"","",6931GB,Westervoort
St. Ludgeruslaan,6,"","",6931GB,Westervoort
St. Ludgeruslaan,8,"","",6931GB,Westervoort
St. Ludgeruslaan,8,"","",6931GB,Westervoort
St. Anfriedlaan,1,"","",6931GC,Westervoort
St. Anfriedlaan,1,"","",6931GC,Westervoort
St. Anfriedlaan,3,"","",6931GC,Westervoort
St. Anfriedlaan,3,"","",6931GC,Westervoort
St. Anfriedlaan,5,"","",6931GC,Westervoort
St. Anfriedlaan,5,"","",6931GC,Westervoort
St. Anfriedlaan,5,A,"",6931GC,Westervoort
St. Anfriedlaan,7,"","",6931GC,Westervoort
St. Anfriedlaan,7,"","",6931GC,Westervoort
St. Anfriedlaan,10,"","",6931GD,Westervoort
St. Anfriedlaan,10,"","",6931GD,Westervoort
St. Anfriedlaan,12,"","",6931GD,Westervoort
St. Anfriedlaan,12,"","",6931GD,Westervoort
St. Anfriedlaan,2,"","",6931GD,Westervoort
St. Anfriedlaan,2,"","",6931GD,Westervoort
St. Anfriedlaan,4,"","",6931GD,Westervoort
St. Anfriedlaan,4,"","",6931GD,Westervoort
St. Anfriedlaan,6,"","",6931GD,Westervoort
St. Anfriedlaan,6,"","",6931GD,Westervoort
St. Dominicuslaan,1,"","",6931GE,Westervoort
St. Dominicuslaan,1,"","",6931GE,Westervoort
St. Dominicuslaan,11,"","",6931GE,Westervoort
St. Dominicuslaan,11,"","",6931GE,Westervoort
St. Dominicuslaan,13,"","",6931GE,Westervoort
St. Dominicuslaan,13,"","",6931GE,Westervoort
St. Dominicuslaan,15,"","",6931GE,Westervoort
St. Dominicuslaan,15,"","",6931GE,Westervoort
St. Dominicuslaan,17,"","",6931GE,Westervoort
St. Dominicuslaan,17,"","",6931GE,Westervoort
St. Dominicuslaan,19,"","",6931GE,Westervoort
St. Dominicuslaan,19,"","",6931GE,Westervoort
St. Dominicuslaan,21,"","",6931GE,Westervoort
St. Dominicuslaan,21,"","",6931GE,Westervoort
St. Dominicuslaan,23,"","",6931GE,Westervoort
St. Dominicuslaan,23,"","",6931GE,Westervoort
St. Dominicuslaan,25,"","",6931GE,Westervoort
St. Dominicuslaan,25,"","",6931GE,Westervoort
St. Dominicuslaan,27,"","",6931GE,Westervoort
St. Dominicuslaan,27,"","",6931GE,Westervoort
St. Dominicuslaan,3,"","",6931GE,Westervoort
St. Dominicuslaan,3,"","",6931GE,Westervoort
St. Dominicuslaan,5,"","",6931GE,Westervoort
St. Dominicuslaan,5,"","",6931GE,Westervoort
St. Dominicuslaan,7,"","",6931GE,Westervoort
St. Dominicuslaan,7,"","",6931GE,Westervoort
St. Dominicuslaan,9,"","",6931GE,Westervoort
St. Dominicuslaan,9,"","",6931GE,Westervoort
St. Dominicuslaan,10,"","",6931GG,Westervoort
St. Dominicuslaan,10,"","",6931GG,Westervoort
St. Dominicuslaan,14,"","",6931GG,Westervoort
St. Dominicuslaan,14,"","",6931GG,Westervoort
St. Dominicuslaan,16,"","",6931GG,Westervoort
St. Dominicuslaan,16,"","",6931GG,Westervoort
St. Dominicuslaan,18,"","",6931GG,Westervoort
St. Dominicuslaan,18,"","",6931GG,Westervoort
St. Dominicuslaan,20,"","",6931GG,Westervoort
St. Dominicuslaan,20,"","",6931GG,Westervoort
St. Dominicuslaan,22,"","",6931GG,Westervoort
St. Dominicuslaan,22,"","",6931GG,Westervoort
St. Dominicuslaan,24,"","",6931GG,Westervoort
St. Dominicuslaan,24,"","",6931GG,Westervoort
St. Dominicuslaan,4,"","",6931GG,Westervoort
St. Dominicuslaan,4,"","",6931GG,Westervoort
St. Dominicuslaan,6,"","",6931GG,Westervoort
St. Dominicuslaan,6,"","",6931GG,Westervoort
St. Dominicuslaan,8,"","",6931GG,Westervoort
St. Dominicuslaan,8,"","",6931GG,Westervoort
Emmerik,12,"","",6931HA,Westervoort
Emmerik,14,"","",6931HA,Westervoort
Emmerik,16,"","",6931HA,Westervoort
Emmerik,18,"","",6931HA,Westervoort
Emmerik,2,"","",6931HA,Westervoort
Emmerik,20,"","",6931HA,Westervoort
Emmerik,22,"","",6931HA,Westervoort
Emmerik,24,"","",6931HA,Westervoort
Emmerik,26,"","",6931HA,Westervoort
Emmerik,28,"","",6931HA,Westervoort
Emmerik,30,"","",6931HA,Westervoort
Emmerik,32,"","",6931HA,Westervoort
Emmerik,34,"","",6931HA,Westervoort
Emmerik,36,"","",6931HA,Westervoort
Emmerik,38,"","",6931HA,Westervoort
Emmerik,4,"","",6931HA,Westervoort
Emmerik,40,"","",6931HA,Westervoort
Emmerik,42,"","",6931HA,Westervoort
Emmerik,44,"","",6931HA,Westervoort
Emmerik,46,"","",6931HA,Westervoort
Emmerik,48,"","",6931HA,Westervoort
Emmerik,50,"","",6931HA,Westervoort
Emmerik,6,"","",6931HA,Westervoort
Emmerik,8,"","",6931HA,Westervoort
Emmerik,52,"","",6931HB,Westervoort
Emmerik,54,"","",6931HB,Westervoort
Emmerik,56,"","",6931HB,Westervoort
Emmerik,58,"","",6931HB,Westervoort
Emmerik,60,"","",6931HB,Westervoort
Emmerik,62,"","",6931HB,Westervoort
Emmerik,64,"","",6931HB,Westervoort
Emmerik,66,"","",6931HB,Westervoort
Emmerik,68,"","",6931HB,Westervoort
Emmerik,70,"","",6931HB,Westervoort
Emmerik,72,"","",6931HB,Westervoort
Emmerik,74,"","",6931HB,Westervoort
Emmerik,76,"","",6931HB,Westervoort
Emmerik,78,"","",6931HB,Westervoort
Emmerik,80,"","",6931HB,Westervoort
Emmerik,82,"","",6931HB,Westervoort
Emmerik,1,T,"",6931HC,Westervoort
Emmerik,5,"","",6931HC,Westervoort
Goltackers,10,"","",6931HD,Westervoort
Goltackers,12,"","",6931HD,Westervoort
Goltackers,14,"","",6931HD,Westervoort
Goltackers,16,"","",6931HD,Westervoort
Goltackers,18,"","",6931HD,Westervoort
Goltackers,20,"","",6931HD,Westervoort
Goltackers,22,"","",6931HD,Westervoort
Goltackers,24,"","",6931HD,Westervoort
Goltackers,26,"","",6931HD,Westervoort
Goltackers,28,"","",6931HD,Westervoort
Goltackers,30,"","",6931HD,Westervoort
Goltackers,32,"","",6931HD,Westervoort
Goltackers,34,"","",6931HD,Westervoort
Goltackers,36,"","",6931HD,Westervoort
Goltackers,38,"","",6931HD,Westervoort
Goltackers,40,"","",6931HD,Westervoort
Goltackers,42,"","",6931HD,Westervoort
Goltackers,44,"","",6931HD,Westervoort
Goltackers,46,"","",6931HD,Westervoort
Goltackers,48,"","",6931HD,Westervoort
Goltackers,50,"","",6931HD,Westervoort
Goltackers,100,"","",6931HE,Westervoort
Goltackers,102,"","",6931HE,Westervoort
Goltackers,104,"","",6931HE,Westervoort
Goltackers,106,"","",6931HE,Westervoort
Goltackers,52,"","",6931HE,Westervoort
Goltackers,54,"","",6931HE,Westervoort
Goltackers,56,"","",6931HE,Westervoort
Goltackers,58,"","",6931HE,Westervoort
Goltackers,60,"","",6931HE,Westervoort
Goltackers,62,"","",6931HE,Westervoort
Goltackers,64,"","",6931HE,Westervoort
Goltackers,66,"","",6931HE,Westervoort
Goltackers,68,"","",6931HE,Westervoort
Goltackers,70,"","",6931HE,Westervoort
Goltackers,72,"","",6931HE,Westervoort
Goltackers,74,"","",6931HE,Westervoort
Goltackers,76,"","",6931HE,Westervoort
Goltackers,78,"","",6931HE,Westervoort
Goltackers,82,"","",6931HE,Westervoort
Goltackers,84,"","",6931HE,Westervoort
Goltackers,86,"","",6931HE,Westervoort
Goltackers,88,"","",6931HE,Westervoort
Goltackers,90,"","",6931HE,Westervoort
Goltackers,92,"","",6931HE,Westervoort
Goltackers,94,"","",6931HE,Westervoort
Goltackers,96,"","",6931HE,Westervoort
Goltackers,98,"","",6931HE,Westervoort
Goltackers,1,"","",6931HG,Westervoort
Goltackers,11,"","",6931HG,Westervoort
Goltackers,13,"","",6931HG,Westervoort
Goltackers,15,"","",6931HG,Westervoort
Goltackers,17,"","",6931HG,Westervoort
Goltackers,19,"","",6931HG,Westervoort
Goltackers,21,"","",6931HG,Westervoort
Goltackers,23,"","",6931HG,Westervoort
Goltackers,25,"","",6931HG,Westervoort
Goltackers,27,"","",6931HG,Westervoort
Goltackers,29,"","",6931HG,Westervoort
Goltackers,3,"","",6931HG,Westervoort
Goltackers,31,"","",6931HG,Westervoort
Goltackers,33,"","",6931HG,Westervoort
Goltackers,35,"","",6931HG,Westervoort
Goltackers,37,"","",6931HG,Westervoort
Goltackers,39,"","",6931HG,Westervoort
Goltackers,41,"","",6931HG,Westervoort
Goltackers,43,"","",6931HG,Westervoort
Goltackers,45,"","",6931HG,Westervoort
Goltackers,47,"","",6931HG,Westervoort
Goltackers,5,"","",6931HG,Westervoort
Goltackers,7,"","",6931HG,Westervoort
Goltackers,9,"","",6931HG,Westervoort
Goltackers,49,"","",6931HH,Westervoort
Goltackers,51,"","",6931HH,Westervoort
Goltackers,53,"","",6931HH,Westervoort
Goltackers,55,"","",6931HH,Westervoort
Goltackers,57,"","",6931HH,Westervoort
Goltackers,59,"","",6931HH,Westervoort
Goltackers,61,"","",6931HH,Westervoort
Goltackers,63,"","",6931HH,Westervoort
Goltackers,65,"","",6931HH,Westervoort
Goltackers,67,"","",6931HH,Westervoort
Goltackers,69,"","",6931HH,Westervoort
Goltackers,71,"","",6931HH,Westervoort
Goltackers,73,T,"",6931HH,Westervoort
Goltackers,75,"","",6931HH,Westervoort
Goltackers,77,"","",6931HH,Westervoort
Goltackers,79,"","",6931HH,Westervoort
Goltackers,81,"","",6931HH,Westervoort
Goltackers,83,"","",6931HH,Westervoort
Goltackers,85,"","",6931HH,Westervoort
Goltackers,87,"","",6931HH,Westervoort
Goltackers,89,"","",6931HH,Westervoort
Goltackers,91,"","",6931HH,Westervoort
Goltackers,93,"","",6931HH,Westervoort
Goltackers,95,"","",6931HH,Westervoort
Hessepas,10,"","",6931HJ,Westervoort
Hessepas,12,"","",6931HJ,Westervoort
Hessepas,14,"","",6931HJ,Westervoort
Hessepas,16,"","",6931HJ,Westervoort
Hessepas,18,"","",6931HJ,Westervoort
Hessepas,2,"","",6931HJ,Westervoort
Hessepas,20,"","",6931HJ,Westervoort
Hessepas,22,"","",6931HJ,Westervoort
Hessepas,24,"","",6931HJ,Westervoort
Hessepas,26,"","",6931HJ,Westervoort
Hessepas,28,"","",6931HJ,Westervoort
Hessepas,30,"","",6931HJ,Westervoort
Hessepas,32,"","",6931HJ,Westervoort
Hessepas,34,"","",6931HJ,Westervoort
Hessepas,36,"","",6931HJ,Westervoort
Hessepas,4,"","",6931HJ,Westervoort
Hessepas,40,T,"",6931HJ,Westervoort
Hessepas,6,"","",6931HJ,Westervoort
Hessepas,8,"","",6931HJ,Westervoort
Hessepas,1,"","",6931HK,Westervoort
Hessepas,11,"","",6931HK,Westervoort
Hessepas,13,"","",6931HK,Westervoort
Hessepas,15,"","",6931HK,Westervoort
Hessepas,17,"","",6931HK,Westervoort
Hessepas,19,"","",6931HK,Westervoort
Hessepas,21,"","",6931HK,Westervoort
Hessepas,23,"","",6931HK,Westervoort
Hessepas,25,"","",6931HK,Westervoort
Hessepas,27,"","",6931HK,Westervoort
Hessepas,29,"","",6931HK,Westervoort
Hessepas,3,"","",6931HK,Westervoort
Hessepas,31,"","",6931HK,Westervoort
Hessepas,33,"","",6931HK,Westervoort
Hessepas,35,"","",6931HK,Westervoort
Hessepas,37,"","",6931HK,Westervoort
Hessepas,39,"","",6931HK,Westervoort
Hessepas,41,"","",6931HK,Westervoort
Hessepas,43,"","",6931HK,Westervoort
Hessepas,45,"","",6931HK,Westervoort
Hessepas,5,"","",6931HK,Westervoort
Hessepas,7,"","",6931HK,Westervoort
Hessepas,9,"","",6931HK,Westervoort
Waemelslant,10,"","",6931HM,Westervoort
Waemelslant,12,"","",6931HM,Westervoort
Waemelslant,14,"","",6931HM,Westervoort
Waemelslant,16,"","",6931HM,Westervoort
Waemelslant,18,"","",6931HM,Westervoort
Waemelslant,2,"","",6931HM,Westervoort
Waemelslant,20,"","",6931HM,Westervoort
Waemelslant,22,"","",6931HM,Westervoort
Waemelslant,24,"","",6931HM,Westervoort
Waemelslant,26,"","",6931HM,Westervoort
Waemelslant,28,"","",6931HM,Westervoort
Waemelslant,30,"","",6931HM,Westervoort
Waemelslant,32,"","",6931HM,Westervoort
Waemelslant,34,"","",6931HM,Westervoort
Waemelslant,36,"","",6931HM,Westervoort
Waemelslant,38,"","",6931HM,Westervoort
Waemelslant,4,"","",6931HM,Westervoort
Waemelslant,40,"","",6931HM,Westervoort
Waemelslant,42,"","",6931HM,Westervoort
Waemelslant,6,"","",6931HM,Westervoort
Waemelslant,8,"","",6931HM,Westervoort
Waemelslant,46,"","",6931HN,Westervoort
Waemelslant,48,"","",6931HN,Westervoort
Waemelslant,50,"","",6931HN,Westervoort
Waemelslant,52,"","",6931HN,Westervoort
Waemelslant,54,"","",6931HN,Westervoort
Waemelslant,56,"","",6931HN,Westervoort
Waemelslant,58,"","",6931HN,Westervoort
Waemelslant,60,"","",6931HN,Westervoort
Waemelslant,62,"","",6931HN,Westervoort
Waemelslant,64,"","",6931HN,Westervoort
Waemelslant,66,"","",6931HN,Westervoort
Waemelslant,68,"","",6931HN,Westervoort
Waemelslant,70,"","",6931HN,Westervoort
Waemelslant,72,"","",6931HN,Westervoort
Waemelslant,74,"","",6931HN,Westervoort
Waemelslant,76,"","",6931HN,Westervoort
Waemelslant,78,"","",6931HN,Westervoort
Waemelslant,80,"","",6931HN,Westervoort
Waemelslant,82,"","",6931HN,Westervoort
Waemelslant,84,"","",6931HN,Westervoort
Waemelslant,86,"","",6931HN,Westervoort
Waemelslant,88,"","",6931HN,Westervoort
Waemelslant,90,"","",6931HN,Westervoort
Waemelslant,92,"","",6931HN,Westervoort
Waemelslant,94,"","",6931HN,Westervoort
Waemelslant,100,"","",6931HP,Westervoort
Waemelslant,102,"","",6931HP,Westervoort
Waemelslant,104,"","",6931HP,Westervoort
Waemelslant,106,"","",6931HP,Westervoort
Waemelslant,108,"","",6931HP,Westervoort
Waemelslant,110,"","",6931HP,Westervoort
Waemelslant,112,"","",6931HP,Westervoort
Waemelslant,114,"","",6931HP,Westervoort
Waemelslant,116,"","",6931HP,Westervoort
Waemelslant,118,"","",6931HP,Westervoort
Waemelslant,120,"","",6931HP,Westervoort
Waemelslant,122,"","",6931HP,Westervoort
Waemelslant,124,"","",6931HP,Westervoort
Waemelslant,126,"","",6931HP,Westervoort
Waemelslant,128,"","",6931HP,Westervoort
Waemelslant,130,"","",6931HP,Westervoort
Waemelslant,132,"","",6931HP,Westervoort
Waemelslant,134,"","",6931HP,Westervoort
Waemelslant,136,"","",6931HP,Westervoort
Waemelslant,138,"","",6931HP,Westervoort
Waemelslant,140,"","",6931HP,Westervoort
Waemelslant,142,"","",6931HP,Westervoort
Waemelslant,144,"","",6931HP,Westervoort
Waemelslant,146,"","",6931HP,Westervoort
Waemelslant,148,"","",6931HP,Westervoort
Waemelslant,150,"","",6931HP,Westervoort
Waemelslant,152,"","",6931HP,Westervoort
Waemelslant,154,"","",6931HR,Westervoort
Waemelslant,156,"","",6931HR,Westervoort
Waemelslant,158,"","",6931HR,Westervoort
Waemelslant,160,"","",6931HR,Westervoort
Waemelslant,162,T,"",6931HR,Westervoort
Waemelslant,164,"","",6931HR,Westervoort
Waemelslant,166,"","",6931HR,Westervoort
Waemelslant,168,"","",6931HR,Westervoort
Waemelslant,170,"","",6931HR,Westervoort
Waemelslant,172,"","",6931HR,Westervoort
Waemelslant,174,"","",6931HR,Westervoort
Waemelslant,176,"","",6931HR,Westervoort
Waemelslant,11,"","",6931HS,Westervoort
Waemelslant,13,"","",6931HS,Westervoort
Waemelslant,15,"","",6931HS,Westervoort
Waemelslant,17,"","",6931HS,Westervoort
Waemelslant,19,"","",6931HS,Westervoort
Waemelslant,21,"","",6931HS,Westervoort
Waemelslant,23,"","",6931HS,Westervoort
Waemelslant,25,"","",6931HS,Westervoort
Waemelslant,27,"","",6931HS,Westervoort
Waemelslant,29,"","",6931HS,Westervoort
Waemelslant,3,"","",6931HS,Westervoort
Waemelslant,31,"","",6931HS,Westervoort
Waemelslant,33,"","",6931HS,Westervoort
Waemelslant,35,"","",6931HS,Westervoort
Waemelslant,37,"","",6931HS,Westervoort
Waemelslant,39,"","",6931HS,Westervoort
Waemelslant,41,"","",6931HS,Westervoort
Waemelslant,43,"","",6931HS,Westervoort
Waemelslant,45,"","",6931HS,Westervoort
Waemelslant,5,"","",6931HS,Westervoort
Waemelslant,7,"","",6931HS,Westervoort
Waemelslant,9,"","",6931HS,Westervoort
Waemelslant,101,"","",6931HT,Westervoort
Waemelslant,103,"","",6931HT,Westervoort
Waemelslant,105,"","",6931HT,Westervoort
Waemelslant,107,"","",6931HT,Westervoort
Waemelslant,47,"","",6931HT,Westervoort
Waemelslant,49,"","",6931HT,Westervoort
Waemelslant,51,"","",6931HT,Westervoort
Waemelslant,53,"","",6931HT,Westervoort
Waemelslant,55,"","",6931HT,Westervoort
Waemelslant,57,"","",6931HT,Westervoort
Waemelslant,59,"","",6931HT,Westervoort
Waemelslant,61,"","",6931HT,Westervoort
Waemelslant,63,"","",6931HT,Westervoort
Waemelslant,65,"","",6931HT,Westervoort
Waemelslant,67,"","",6931HT,Westervoort
Waemelslant,67,A,"",6931HT,Westervoort
Waemelslant,69,"","",6931HT,Westervoort
Waemelslant,69,A,"",6931HT,Westervoort
Waemelslant,71,"","",6931HT,Westervoort
Waemelslant,71,A,"",6931HT,Westervoort
Waemelslant,73,"","",6931HT,Westervoort
Waemelslant,73,A,"",6931HT,Westervoort
Waemelslant,75,"","",6931HT,Westervoort
Waemelslant,77,"","",6931HT,Westervoort
Waemelslant,79,"","",6931HT,Westervoort
Waemelslant,81,"","",6931HT,Westervoort
Waemelslant,83,"","",6931HT,Westervoort
Waemelslant,85,"","",6931HT,Westervoort
Waemelslant,87,"","",6931HT,Westervoort
Waemelslant,89,"","",6931HT,Westervoort
Waemelslant,91,"","",6931HT,Westervoort
Waemelslant,93,"","",6931HT,Westervoort
Waemelslant,95,"","",6931HT,Westervoort
Waemelslant,97,"","",6931HT,Westervoort
Waemelslant,99,"","",6931HT,Westervoort
Waemelslant,109,"","",6931HV,Westervoort
Waemelslant,109,G,1,6931HV,Westervoort
Waemelslant,109,G,2,6931HV,Westervoort
Waemelslant,109,G,3,6931HV,Westervoort
Waemelslant,111,"","",6931HV,Westervoort
Waemelslant,123,"","",6931HV,Westervoort
Waemelslant,125,"","",6931HV,Westervoort
Waemelslant,127,"","",6931HV,Westervoort
Waemelslant,129,"","",6931HV,Westervoort
Waemelslant,131,"","",6931HV,Westervoort
Waemelslant,133,"","",6931HV,Westervoort
Waemelslant,135,"","",6931HV,Westervoort
Waemelslant,137,"","",6931HV,Westervoort
Waemelslant,139,"","",6931HV,Westervoort
Waemelslant,141,"","",6931HV,Westervoort
Waemelslant,143,"","",6931HV,Westervoort
Waemelslant,145,"","",6931HV,Westervoort
Waemelslant,147,"","",6931HV,Westervoort
Waemelslant,149,"","",6931HW,Westervoort
Waemelslant,151,"","",6931HW,Westervoort
Waemelslant,153,"","",6931HW,Westervoort
Waemelslant,155,"","",6931HW,Westervoort
Waemelslant,157,"","",6931HW,Westervoort
Waemelslant,159,"","",6931HW,Westervoort
Waemelslant,161,"","",6931HW,Westervoort
Waemelslant,162,T,"",6931HW,Westervoort
Waemelslant,163,"","",6931HW,Westervoort
Waemelslant,165,"","",6931HW,Westervoort
Waemelslant,167,"","",6931HW,Westervoort
Waemelslant,169,"","",6931HW,Westervoort
Waemelslant,171,"","",6931HW,Westervoort
Waemelslant,173,"","",6931HW,Westervoort
Waemelslant,175,"","",6931HW,Westervoort
Waemelslant,177,"","",6931HW,Westervoort
Waemelslant,179,"","",6931HW,Westervoort
Waemelslant,181,"","",6931HW,Westervoort
Waemelslant,183,"","",6931HW,Westervoort
Waemelslant,185,"","",6931HW,Westervoort
Waemelslant,187,"","",6931HW,Westervoort
Waemelslant,189,"","",6931HW,Westervoort
Waemelslant,191,"","",6931HW,Westervoort
Waemelslant,193,"","",6931HW,Westervoort
Waemelslant,195,"","",6931HW,Westervoort
Waemelslant,197,"","",6931HW,Westervoort
Waemelslant,199,"","",6931HW,Westervoort
Waemelslant,201,"","",6931HW,Westervoort
Waemelslant,203,"","",6931HW,Westervoort
Waemelslant,205,"","",6931HW,Westervoort
Waemelslant,207,"","",6931HW,Westervoort
Waemelslant,209,"","",6931HW,Westervoort
Waemelslant,211,"","",6931HX,Westervoort
Waemelslant,213,"","",6931HX,Westervoort
Waemelslant,215,"","",6931HX,Westervoort
Waemelslant,217,"","",6931HX,Westervoort
Waemelslant,219,"","",6931HX,Westervoort
De Gemeint,1,"","",6931HZ,Westervoort
De Gemeint,1,"","",6931HZ,Westervoort
De Gemeint,10,"","",6931HZ,Westervoort
De Gemeint,10,"","",6931HZ,Westervoort
De Gemeint,11,"","",6931HZ,Westervoort
De Gemeint,11,"","",6931HZ,Westervoort
De Gemeint,12,"","",6931HZ,Westervoort
De Gemeint,12,"","",6931HZ,Westervoort
De Gemeint,13,"","",6931HZ,Westervoort
De Gemeint,13,"","",6931HZ,Westervoort
De Gemeint,14,"","",6931HZ,Westervoort
De Gemeint,14,"","",6931HZ,Westervoort
De Gemeint,15,"","",6931HZ,Westervoort
De Gemeint,15,"","",6931HZ,Westervoort
De Gemeint,16,"","",6931HZ,Westervoort
De Gemeint,16,"","",6931HZ,Westervoort
De Gemeint,17,"","",6931HZ,Westervoort
De Gemeint,17,"","",6931HZ,Westervoort
De Gemeint,18,"","",6931HZ,Westervoort
De Gemeint,18,"","",6931HZ,Westervoort
De Gemeint,19,"","",6931HZ,Westervoort
De Gemeint,19,"","",6931HZ,Westervoort
De Gemeint,2,"","",6931HZ,Westervoort
De Gemeint,2,"","",6931HZ,Westervoort
De Gemeint,20,"","",6931HZ,Westervoort
De Gemeint,20,"","",6931HZ,Westervoort
De Gemeint,21,"","",6931HZ,Westervoort
De Gemeint,21,"","",6931HZ,Westervoort
De Gemeint,22,"","",6931HZ,Westervoort
De Gemeint,22,"","",6931HZ,Westervoort
De Gemeint,23,"","",6931HZ,Westervoort
De Gemeint,23,"","",6931HZ,Westervoort
De Gemeint,24,"","",6931HZ,Westervoort
De Gemeint,24,"","",6931HZ,Westervoort
De Gemeint,25,"","",6931HZ,Westervoort
De Gemeint,25,"","",6931HZ,Westervoort
De Gemeint,26,"","",6931HZ,Westervoort
De Gemeint,26,"","",6931HZ,Westervoort
De Gemeint,27,"","",6931HZ,Westervoort
De Gemeint,27,"","",6931HZ,Westervoort
De Gemeint,29,"","",6931HZ,Westervoort
De Gemeint,29,"","",6931HZ,Westervoort
De Gemeint,3,"","",6931HZ,Westervoort
De Gemeint,3,"","",6931HZ,Westervoort
De Gemeint,31,"","",6931HZ,Westervoort
De Gemeint,31,"","",6931HZ,Westervoort
De Gemeint,33,"","",6931HZ,Westervoort
De Gemeint,33,"","",6931HZ,Westervoort
De Gemeint,35,"","",6931HZ,Westervoort
De Gemeint,35,"","",6931HZ,Westervoort
De Gemeint,37,"","",6931HZ,Westervoort
De Gemeint,37,"","",6931HZ,Westervoort
De Gemeint,39,"","",6931HZ,Westervoort
De Gemeint,39,"","",6931HZ,Westervoort
De Gemeint,4,"","",6931HZ,Westervoort
De Gemeint,4,"","",6931HZ,Westervoort
De Gemeint,41,"","",6931HZ,Westervoort
De Gemeint,41,"","",6931HZ,Westervoort
De Gemeint,43,"","",6931HZ,Westervoort
De Gemeint,43,"","",6931HZ,Westervoort
De Gemeint,5,"","",6931HZ,Westervoort
De Gemeint,5,"","",6931HZ,Westervoort
De Gemeint,6,"","",6931HZ,Westervoort
De Gemeint,6,"","",6931HZ,Westervoort
De Gemeint,7,"","",6931HZ,Westervoort
De Gemeint,7,"","",6931HZ,Westervoort
De Gemeint,8,"","",6931HZ,Westervoort
De Gemeint,8,"","",6931HZ,Westervoort
De Gemeint,9,"","",6931HZ,Westervoort
De Gemeint,9,"","",6931HZ,Westervoort
Sonnedach,1,"","",6931JA,Westervoort
Sonnedach,10,"","",6931JB,Westervoort
Sonnedach,12,"","",6931JB,Westervoort
Sonnedach,14,"","",6931JB,Westervoort
Sonnedach,16,"","",6931JB,Westervoort
Sonnedach,18,"","",6931JB,Westervoort
Sonnedach,2,"","",6931JB,Westervoort
Sonnedach,20,"","",6931JB,Westervoort
Sonnedach,22,"","",6931JB,Westervoort
Sonnedach,24,"","",6931JB,Westervoort
Sonnedach,26,"","",6931JB,Westervoort
Sonnedach,28,"","",6931JB,Westervoort
Sonnedach,30,"","",6931JB,Westervoort
Sonnedach,32,"","",6931JB,Westervoort
Sonnedach,36,"","",6931JB,Westervoort
Sonnedach,38,"","",6931JB,Westervoort
Sonnedach,4,"","",6931JB,Westervoort
Sonnedach,40,"","",6931JB,Westervoort
Sonnedach,42,"","",6931JB,Westervoort
Sonnedach,44,"","",6931JB,Westervoort
Sonnedach,6,"","",6931JB,Westervoort
Sonnedach,8,"","",6931JB,Westervoort
Sonnedach,52,"","",6931JC,Westervoort
Sonnedach,54,"","",6931JC,Westervoort
Sonnedach,56,"","",6931JC,Westervoort
Sonnedach,58,"","",6931JC,Westervoort
Sonnedach,60,"","",6931JC,Westervoort
Sonnedach,62,"","",6931JC,Westervoort
Sonnedach,64,"","",6931JC,Westervoort
Sonnedach,66,"","",6931JC,Westervoort
Sonnedach,68,"","",6931JC,Westervoort
Sonnedach,70,"","",6931JC,Westervoort
Sonnedach,72,"","",6931JC,Westervoort
Sonnedach,74,"","",6931JC,Westervoort
Sonnedach,76,"","",6931JC,Westervoort
Sonnedach,78,"","",6931JC,Westervoort
Sonnedach,80,"","",6931JC,Westervoort
Sonnedach,82,"","",6931JC,Westervoort
Sonnedach,86,"","",6931JC,Westervoort
Sonnedach,88,"","",6931JC,Westervoort
Sonnedach,90,"","",6931JC,Westervoort
Sonnedach,92,"","",6931JC,Westervoort
Sonnedach,94,"","",6931JC,Westervoort
De Waaij,1,"","",6931JP,Westervoort
De Waaij,1,"","",6931JP,Westervoort
De Waaij,11,"","",6931JP,Westervoort
De Waaij,11,"","",6931JP,Westervoort
De Waaij,13,"","",6931JP,Westervoort
De Waaij,13,"","",6931JP,Westervoort
De Waaij,15,"","",6931JP,Westervoort
De Waaij,15,"","",6931JP,Westervoort
De Waaij,17,"","",6931JP,Westervoort
De Waaij,17,"","",6931JP,Westervoort
De Waaij,19,"","",6931JP,Westervoort
De Waaij,19,"","",6931JP,Westervoort
De Waaij,21,"","",6931JP,Westervoort
De Waaij,21,"","",6931JP,Westervoort
De Waaij,23,"","",6931JP,Westervoort
De Waaij,23,"","",6931JP,Westervoort
De Waaij,27,"","",6931JP,Westervoort
De Waaij,27,"","",6931JP,Westervoort
De Waaij,29,"","",6931JP,Westervoort
De Waaij,29,"","",6931JP,Westervoort
De Waaij,3,"","",6931JP,Westervoort
De Waaij,3,"","",6931JP,Westervoort
De Waaij,31,"","",6931JP,Westervoort
De Waaij,31,"","",6931JP,Westervoort
De Waaij,33,"","",6931JP,Westervoort
De Waaij,33,"","",6931JP,Westervoort
De Waaij,39,"","",6931JP,Westervoort
De Waaij,39,"","",6931JP,Westervoort
De Waaij,41,"","",6931JP,Westervoort
De Waaij,41,"","",6931JP,Westervoort
De Waaij,43,"","",6931JP,Westervoort
De Waaij,43,"","",6931JP,Westervoort
De Waaij,45,"","",6931JP,Westervoort
De Waaij,45,"","",6931JP,Westervoort
De Waaij,47,"","",6931JP,Westervoort
De Waaij,47,"","",6931JP,Westervoort
De Waaij,49,"","",6931JP,Westervoort
De Waaij,49,"","",6931JP,Westervoort
De Waaij,5,"","",6931JP,Westervoort
De Waaij,5,"","",6931JP,Westervoort
De Waaij,51,"","",6931JP,Westervoort
De Waaij,51,"","",6931JP,Westervoort
De Waaij,53,"","",6931JP,Westervoort
De Waaij,53,"","",6931JP,Westervoort
De Waaij,7,"","",6931JP,Westervoort
De Waaij,7,"","",6931JP,Westervoort
De Waaij,9,"","",6931JP,Westervoort
De Waaij,9,"","",6931JP,Westervoort
De Waaij,10,"","",6931JR,Westervoort
De Waaij,10,"","",6931JR,Westervoort
De Waaij,12,"","",6931JR,Westervoort
De Waaij,12,"","",6931JR,Westervoort
De Waaij,14,"","",6931JR,Westervoort
De Waaij,14,"","",6931JR,Westervoort
De Waaij,16,"","",6931JR,Westervoort
De Waaij,16,"","",6931JR,Westervoort
De Waaij,18,"","",6931JR,Westervoort
De Waaij,18,"","",6931JR,Westervoort
De Waaij,2,"","",6931JR,Westervoort
De Waaij,2,"","",6931JR,Westervoort
De Waaij,20,"","",6931JR,Westervoort
De Waaij,20,"","",6931JR,Westervoort
De Waaij,22,"","",6931JR,Westervoort
De Waaij,22,"","",6931JR,Westervoort
De Waaij,24,"","",6931JR,Westervoort
De Waaij,24,"","",6931JR,Westervoort
De Waaij,26,"","",6931JR,Westervoort
De Waaij,26,"","",6931JR,Westervoort
De Waaij,28,"","",6931JR,Westervoort
De Waaij,28,"","",6931JR,Westervoort
De Waaij,30,"","",6931JR,Westervoort
De Waaij,30,"","",6931JR,Westervoort
De Waaij,32,"","",6931JR,Westervoort
De Waaij,32,"","",6931JR,Westervoort
De Waaij,34,"","",6931JR,Westervoort
De Waaij,34,"","",6931JR,Westervoort
De Waaij,36,"","",6931JR,Westervoort
De Waaij,36,"","",6931JR,Westervoort
De Waaij,38,"","",6931JR,Westervoort
De Waaij,38,"","",6931JR,Westervoort
De Waaij,4,"","",6931JR,Westervoort
De Waaij,4,"","",6931JR,Westervoort
De Waaij,40,"","",6931JR,Westervoort
De Waaij,40,"","",6931JR,Westervoort
De Waaij,42,"","",6931JR,Westervoort
De Waaij,42,"","",6931JR,Westervoort
De Waaij,44,"","",6931JR,Westervoort
De Waaij,44,"","",6931JR,Westervoort
De Waaij,46,"","",6931JR,Westervoort
De Waaij,46,"","",6931JR,Westervoort
De Waaij,48,"","",6931JR,Westervoort
De Waaij,48,"","",6931JR,Westervoort
De Waaij,50,"","",6931JR,Westervoort
De Waaij,50,"","",6931JR,Westervoort
De Waaij,52,"","",6931JR,Westervoort
De Waaij,52,"","",6931JR,Westervoort
De Waaij,54,"","",6931JR,Westervoort
De Waaij,54,"","",6931JR,Westervoort
De Waaij,6,"","",6931JR,Westervoort
De Waaij,6,"","",6931JR,Westervoort
De Waaij,8,"","",6931JR,Westervoort
De Waaij,8,"","",6931JR,Westervoort
Het Vergun,1,"","",6931KC,Westervoort
Het Vergun,1,"","",6931KC,Westervoort
Het Vergun,13,"","",6931KC,Westervoort
Het Vergun,15,"","",6931KC,Westervoort
Het Vergun,17,"","",6931KC,Westervoort
Het Vergun,3,"","",6931KC,Westervoort
Het Vergun,5,"","",6931KC,Westervoort
Het Vergun,7,"","",6931KC,Westervoort
Het Vergun,12,"","",6931KD,Westervoort
Het Vergun,14,"","",6931KD,Westervoort
Het Vergun,16,"","",6931KD,Westervoort
Het Vergun,18,"","",6931KD,Westervoort
Het Vergun,20,"","",6931KD,Westervoort
Het Vergun,22,"","",6931KD,Westervoort
Het Vergun,24,"","",6931KD,Westervoort
Het Vergun,24,A,"",6931KD,Westervoort
Het Vergun,24,B,"",6931KD,Westervoort
Het Vergun,26,A,"",6931KD,Westervoort
Het Vergun,26,B,"",6931KD,Westervoort
Het Vergun,26,C,"",6931KD,Westervoort
Het Vergun,26,D,"",6931KD,Westervoort
Het Vergun,3,"","",6931KD,Westervoort
Het Vergun,30,"","",6931KD,Westervoort
Het Vergun,32,"","",6931KD,Westervoort
Het Vergun,38,T,"",6931KD,Westervoort
Het Vergun,4,"","",6931KD,Westervoort
Het Vergun,40,"","",6931KD,Westervoort
Het Vergun,42,"","",6931KD,Westervoort
Het Vergun,6,"","",6931KD,Westervoort
Het Vergun,7,"","",6931KD,Westervoort
Het Vergun,8,"","",6931KD,Westervoort
Het Vergun,8,A,"",6931KD,Westervoort
Het Vergun,8,B,"",6931KD,Westervoort
Het Vergun,8,C,"",6931KD,Westervoort
Mollevite,1,"","",6931KE,Westervoort
Mollevite,1,A,"",6931KE,Westervoort
Mollevite,11,"","",6931KE,Westervoort
Mollevite,11,A,"",6931KE,Westervoort
Mollevite,11,B,"",6931KE,Westervoort
Mollevite,15,"","",6931KE,Westervoort
Mollevite,15,A,"",6931KE,Westervoort
Mollevite,17,"","",6931KE,Westervoort
Mollevite,19,"","",6931KE,Westervoort
Mollevite,5,A,"",6931KE,Westervoort
Mollevite,5,B,"",6931KE,Westervoort
Mollevite,5,E,"",6931KE,Westervoort
Mollevite,7,"","",6931KE,Westervoort
Mollevite,7,A,"",6931KE,Westervoort
Mollevite,7,A,"",6931KE,Westervoort
Mollevite,9,"","",6931KE,Westervoort
Mollevite,9,A,"",6931KE,Westervoort
Mollevite,1,"","",6931KG,Westervoort
Mollevite,10,"","",6931KG,Westervoort
Mollevite,12,"","",6931KG,Westervoort
Mollevite,14,"","",6931KG,Westervoort
Mollevite,15,A,"",6931KG,Westervoort
Mollevite,16,"","",6931KG,Westervoort
Mollevite,18,"","",6931KG,Westervoort
Mollevite,2,"","",6931KG,Westervoort
Mollevite,20,"","",6931KG,Westervoort
Mollevite,22,"","",6931KG,Westervoort
Mollevite,24,"","",6931KG,Westervoort
Mollevite,26,"","",6931KG,Westervoort
Mollevite,26,"","",6931KG,Westervoort
Mollevite,26,A,"",6931KG,Westervoort
Mollevite,26,B,"",6931KG,Westervoort
Mollevite,28,"","",6931KG,Westervoort
Mollevite,4,"","",6931KG,Westervoort
Mollevite,6,"","",6931KG,Westervoort
Mollevite,8,"","",6931KG,Westervoort
Liemersallee,1,"","",6931KH,Westervoort
Liemersallee,11,"","",6931KH,Westervoort
Liemersallee,13,"","",6931KH,Westervoort
Liemersallee,15,"","",6931KH,Westervoort
Liemersallee,17,"","",6931KH,Westervoort
Liemersallee,19,"","",6931KH,Westervoort
Liemersallee,21,"","",6931KH,Westervoort
Liemersallee,23,"","",6931KH,Westervoort
Liemersallee,25,"","",6931KH,Westervoort
Liemersallee,27,"","",6931KH,Westervoort
Liemersallee,5,"","",6931KH,Westervoort
Liemersallee,7,"","",6931KH,Westervoort
Liemersallee,9,"","",6931KH,Westervoort
Beekenoord,1,"","",6931LA,Westervoort
Beekenoord,1,A,"",6931LA,Westervoort
Beekenoord,11,"","",6931LA,Westervoort
Beekenoord,13,"","",6931LA,Westervoort
Beekenoord,15,"","",6931LA,Westervoort
Beekenoord,17,"","",6931LA,Westervoort
Beekenoord,19,"","",6931LA,Westervoort
Beekenoord,21,"","",6931LA,Westervoort
Beekenoord,23,"","",6931LA,Westervoort
Beekenoord,25,"","",6931LA,Westervoort
Beekenoord,27,"","",6931LA,Westervoort
Beekenoord,29,"","",6931LA,Westervoort
Beekenoord,3,"","",6931LA,Westervoort
Beekenoord,31,"","",6931LA,Westervoort
Beekenoord,33,"","",6931LA,Westervoort
Beekenoord,35,"","",6931LA,Westervoort
Beekenoord,37,"","",6931LA,Westervoort
Beekenoord,39,"","",6931LA,Westervoort
Beekenoord,41,"","",6931LA,Westervoort
Beekenoord,43,"","",6931LA,Westervoort
Beekenoord,45,"","",6931LA,Westervoort
Beekenoord,47,"","",6931LA,Westervoort
Beekenoord,47,A,"",6931LA,Westervoort
Beekenoord,47,B,"",6931LA,Westervoort
Beekenoord,47,C,"",6931LA,Westervoort
Beekenoord,47,D,"",6931LA,Westervoort
Beekenoord,47,E,"",6931LA,Westervoort
Beekenoord,47,F,"",6931LA,Westervoort
Beekenoord,47,G,"",6931LA,Westervoort
Beekenoord,47,H,"",6931LA,Westervoort
Beekenoord,47,J,"",6931LA,Westervoort
Beekenoord,47,K,"",6931LA,Westervoort
Beekenoord,47,L,"",6931LA,Westervoort
Beekenoord,47,M,"",6931LA,Westervoort
Beekenoord,47,N,"",6931LA,Westervoort
Beekenoord,47,P,"",6931LA,Westervoort
Beekenoord,47,Q,"",6931LA,Westervoort
Beekenoord,47,R,"",6931LA,Westervoort
Beekenoord,47,S,"",6931LA,Westervoort
Beekenoord,47,T,"",6931LA,Westervoort
Beekenoord,5,"","",6931LA,Westervoort
Beekenoord,7,"","",6931LA,Westervoort
Beekenoord,9,"","",6931LA,Westervoort
Beekenoord,49,"","",6931LB,Westervoort
Beekenoord,51,"","",6931LB,Westervoort
Beekenoord,53,"","",6931LB,Westervoort
Beekenoord,55,"","",6931LB,Westervoort
Beekenoord,57,"","",6931LB,Westervoort
Beekenoord,59,"","",6931LB,Westervoort
Beekenoord,61,"","",6931LB,Westervoort
Beekenoord,63,"","",6931LB,Westervoort
Beekenoord,65,"","",6931LB,Westervoort
Beekenoord,67,"","",6931LB,Westervoort
Beekenoord,69,"","",6931LB,Westervoort
Beekenoord,71,"","",6931LB,Westervoort
Beekenoord,73,"","",6931LB,Westervoort
Beekenoord,75,"","",6931LB,Westervoort
Beekenoord,77,"","",6931LB,Westervoort
Beekenoord,79,"","",6931LB,Westervoort
Beekenoord,81,"","",6931LB,Westervoort
Beekenoord,83,"","",6931LB,Westervoort
Beekenoord,10,"","",6931LC,Westervoort
Beekenoord,10,A,"",6931LC,Westervoort
Beekenoord,12,"","",6931LC,Westervoort
Beekenoord,12,A,"",6931LC,Westervoort
Beekenoord,14,"","",6931LC,Westervoort
Beekenoord,14,A,"",6931LC,Westervoort
Beekenoord,16,"","",6931LC,Westervoort
Beekenoord,16,A,"",6931LC,Westervoort
Beekenoord,18,"","",6931LC,Westervoort
Beekenoord,18,A,"",6931LC,Westervoort
Beekenoord,2,"","",6931LC,Westervoort
Beekenoord,2,A,"",6931LC,Westervoort
Beekenoord,2,B,"",6931LC,Westervoort
Beekenoord,20,"","",6931LC,Westervoort
Beekenoord,22,"","",6931LC,Westervoort
Beekenoord,24,"","",6931LC,Westervoort
Beekenoord,26,"","",6931LC,Westervoort
Beekenoord,28,"","",6931LC,Westervoort
Beekenoord,30,"","",6931LC,Westervoort
Beekenoord,32,"","",6931LC,Westervoort
Beekenoord,34,"","",6931LC,Westervoort
Beekenoord,36,"","",6931LC,Westervoort
Beekenoord,38,"","",6931LC,Westervoort
Beekenoord,4,"","",6931LC,Westervoort
Beekenoord,4,A,"",6931LC,Westervoort
Beekenoord,4,B,"",6931LC,Westervoort
Beekenoord,40,"","",6931LC,Westervoort
Beekenoord,42,"","",6931LC,Westervoort
Beekenoord,44,"","",6931LC,Westervoort
Beekenoord,46,"","",6931LC,Westervoort
Beekenoord,48,"","",6931LC,Westervoort
Beekenoord,50,"","",6931LC,Westervoort
Beekenoord,52,"","",6931LC,Westervoort
Beekenoord,54,"","",6931LC,Westervoort
Beekenoord,56,"","",6931LC,Westervoort
Beekenoord,56,"","",6931LC,Westervoort
Beekenoord,58,"","",6931LC,Westervoort
Beekenoord,58,"","",6931LC,Westervoort
Beekenoord,6,"","",6931LC,Westervoort
Beekenoord,6,A,"",6931LC,Westervoort
Beekenoord,60,"","",6931LC,Westervoort
Beekenoord,60,"","",6931LC,Westervoort
Beekenoord,62,"","",6931LC,Westervoort
Beekenoord,62,"","",6931LC,Westervoort
Beekenoord,64,"","",6931LC,Westervoort
Beekenoord,64,"","",6931LC,Westervoort
Beekenoord,66,"","",6931LC,Westervoort
Beekenoord,66,"","",6931LC,Westervoort
Beekenoord,68,"","",6931LC,Westervoort
Beekenoord,68,"","",6931LC,Westervoort
Beekenoord,70,"","",6931LC,Westervoort
Beekenoord,70,"","",6931LC,Westervoort
Beekenoord,72,"","",6931LC,Westervoort
Beekenoord,72,"","",6931LC,Westervoort
Beekenoord,74,"","",6931LC,Westervoort
Beekenoord,74,"","",6931LC,Westervoort
Beekenoord,76,"","",6931LC,Westervoort
Beekenoord,76,"","",6931LC,Westervoort
Beekenoord,78,"","",6931LC,Westervoort
Beekenoord,78,"","",6931LC,Westervoort
Beekenoord,8,"","",6931LC,Westervoort
Beekenoord,8,A,"",6931LC,Westervoort
Beekenoord,80,"","",6931LC,Westervoort
Beekenoord,80,"","",6931LC,Westervoort
Beekenoord,82,"","",6931LC,Westervoort
Beekenoord,82,"","",6931LC,Westervoort
Beekenoord,84,"","",6931LC,Westervoort
Beekenoord,84,"","",6931LC,Westervoort
Beekenoord,86,"","",6931LC,Westervoort
Beekenoord,86,"","",6931LC,Westervoort
Beekenoord,88,"","",6931LC,Westervoort
Beekenoord,88,"","",6931LC,Westervoort
Beekenoord,90,"","",6931LC,Westervoort
Beekenoord,90,"","",6931LC,Westervoort
Beekenoord,92,"","",6931LC,Westervoort
Beekenoord,94,"","",6931LC,Westervoort
Beekenoord,96,"","",6931LC,Westervoort
Beekenoord,98,"","",6931LC,Westervoort
Beekenoord,100,"","",6931LD,Westervoort
Beekenoord,102,"","",6931LD,Westervoort
Beekenoord,104,"","",6931LD,Westervoort
Beekenoord,106,"","",6931LD,Westervoort
Beekenoord,108,"","",6931LD,Westervoort
Beekenoord,110,"","",6931LD,Westervoort
Beekenoord,112,"","",6931LD,Westervoort
Beekenoord,114,"","",6931LD,Westervoort
Beekenoord,116,"","",6931LD,Westervoort
Beekenoord,118,"","",6931LD,Westervoort
Beekenoord,120,"","",6931LD,Westervoort
Beekenoord,122,"","",6931LD,Westervoort
Beekenoord,124,"","",6931LD,Westervoort
Beekenoord,126,"","",6931LD,Westervoort
Beekenoord,128,"","",6931LD,Westervoort
Beekenoord,130,"","",6931LD,Westervoort
Beekenoord,132,"","",6931LD,Westervoort
Beekenoord,134,"","",6931LD,Westervoort
Beekenoord,136,"","",6931LD,Westervoort
Beekenoord,138,"","",6931LD,Westervoort
Beekenoord,140,"","",6931LD,Westervoort
Beekenoord,142,"","",6931LD,Westervoort
Beekenoord,144,"","",6931LD,Westervoort
Beekenoord,146,"","",6931LD,Westervoort
Beekenoord,148,"","",6931LD,Westervoort
Beekenoord,150,"","",6931LD,Westervoort
Beekenoord,152,"","",6931LD,Westervoort
Beekenoord,154,"","",6931LD,Westervoort
Beekenoord,156,"","",6931LD,Westervoort
Beekenoord,158,"","",6931LD,Westervoort
Beekenoord,160,"","",6931LD,Westervoort
Beekenoord,162,"","",6931LD,Westervoort
Beekenoord,92,"","",6931LD,Westervoort
Beekenoord,94,"","",6931LD,Westervoort
Beekenoord,96,"","",6931LD,Westervoort
Beekenoord,98,"","",6931LD,Westervoort
Hageland,1,"","",6931LE,Westervoort
Hageland,11,"","",6931LE,Westervoort
Hageland,13,"","",6931LE,Westervoort
Hageland,15,"","",6931LE,Westervoort
Hageland,17,"","",6931LE,Westervoort
Hageland,19,"","",6931LE,Westervoort
Hageland,21,"","",6931LE,Westervoort
Hageland,23,"","",6931LE,Westervoort
Hageland,25,"","",6931LE,Westervoort
Hageland,27,"","",6931LE,Westervoort
Hageland,29,"","",6931LE,Westervoort
Hageland,3,"","",6931LE,Westervoort
Hageland,31,"","",6931LE,Westervoort
Hageland,33,"","",6931LE,Westervoort
Hageland,35,"","",6931LE,Westervoort
Hageland,37,"","",6931LE,Westervoort
Hageland,5,"","",6931LE,Westervoort
Hageland,7,"","",6931LE,Westervoort
Hageland,9,"","",6931LE,Westervoort
Hageland,10,"","",6931LG,Westervoort
Hageland,12,"","",6931LG,Westervoort
Hageland,14,"","",6931LG,Westervoort
Hageland,16,"","",6931LG,Westervoort
Hageland,18,"","",6931LG,Westervoort
Hageland,2,"","",6931LG,Westervoort
Hageland,20,"","",6931LG,Westervoort
Hageland,22,"","",6931LG,Westervoort
Hageland,24,"","",6931LG,Westervoort
Hageland,26,"","",6931LG,Westervoort
Hageland,28,"","",6931LG,Westervoort
Hageland,30,"","",6931LG,Westervoort
Hageland,32,"","",6931LG,Westervoort
Hageland,34,"","",6931LG,Westervoort
Hageland,36,"","",6931LG,Westervoort
Hageland,4,"","",6931LG,Westervoort
Hageland,6,"","",6931LG,Westervoort
Hageland,8,"","",6931LG,Westervoort
Wannersgaard,1,"","",6931LH,Westervoort
Wannersgaard,3,"","",6931LH,Westervoort
Wannersgaard,10,"","",6931LJ,Westervoort
Wannersgaard,12,"","",6931LJ,Westervoort
Wannersgaard,14,"","",6931LJ,Westervoort
Wannersgaard,16,"","",6931LJ,Westervoort
Wannersgaard,18,"","",6931LJ,Westervoort
Wannersgaard,2,"","",6931LJ,Westervoort
Wannersgaard,20,"","",6931LJ,Westervoort
Wannersgaard,22,"","",6931LJ,Westervoort
Wannersgaard,24,"","",6931LJ,Westervoort
Wannersgaard,26,"","",6931LJ,Westervoort
Wannersgaard,28,"","",6931LJ,Westervoort
Wannersgaard,30,"","",6931LJ,Westervoort
Wannersgaard,32,"","",6931LJ,Westervoort
Wannersgaard,34,"","",6931LJ,Westervoort
Wannersgaard,36,"","",6931LJ,Westervoort
Wannersgaard,38,"","",6931LJ,Westervoort
Wannersgaard,4,"","",6931LJ,Westervoort
Wannersgaard,40,"","",6931LJ,Westervoort
Wannersgaard,42,"","",6931LJ,Westervoort
Wannersgaard,44,"","",6931LJ,Westervoort
Wannersgaard,6,"","",6931LJ,Westervoort
Wannersgaard,8,"","",6931LJ,Westervoort
Warveld,1,"","",6931LK,Westervoort
Warveld,11,"","",6931LK,Westervoort
Warveld,13,"","",6931LK,Westervoort
Warveld,15,"","",6931LK,Westervoort
Warveld,3,"","",6931LK,Westervoort
Warveld,5,"","",6931LK,Westervoort
Warveld,7,"","",6931LK,Westervoort
Warveld,9,"","",6931LK,Westervoort
Warveld,10,"","",6931LL,Westervoort
Warveld,12,"","",6931LL,Westervoort
Warveld,14,"","",6931LL,Westervoort
Warveld,16,"","",6931LL,Westervoort
Warveld,18,"","",6931LL,Westervoort
Warveld,2,"","",6931LL,Westervoort
Warveld,20,"","",6931LL,Westervoort
Warveld,4,"","",6931LL,Westervoort
Warveld,6,"","",6931LL,Westervoort
Warveld,8,"","",6931LL,Westervoort
Westeneynde,1,"","",6931MA,Westervoort
Westeneynde,11,"","",6931MA,Westervoort
Westeneynde,13,"","",6931MA,Westervoort
Westeneynde,3,"","",6931MA,Westervoort
Westeneynde,5,"","",6931MA,Westervoort
Westeneynde,7,"","",6931MA,Westervoort
Westeneynde,9,"","",6931MA,Westervoort
Rijndijk,10,"","",6931SC,Westervoort
Rijndijk,11,"","",6931SC,Westervoort
Rijndijk,12,"","",6931SC,Westervoort
Rijndijk,13,"","",6931SC,Westervoort
Rijndijk,15,"","",6931SC,Westervoort
Rijndijk,17,"","",6931SC,Westervoort
Rijndijk,17,A,"",6931SC,Westervoort
Rijndijk,2,"","",6931SC,Westervoort
Rijndijk,2,A,"",6931SC,Westervoort
Rijndijk,21,A,"",6931SC,Westervoort
Rijndijk,21,B,"",6931SC,Westervoort
Rijndijk,21,C,"",6931SC,Westervoort
Rijndijk,21,D,"",6931SC,Westervoort
Rijndijk,21,E,"",6931SC,Westervoort
Rijndijk,21,F,"",6931SC,Westervoort
Rijndijk,21,G,"",6931SC,Westervoort
Rijndijk,21,H,"",6931SC,Westervoort
Rijndijk,23,"","",6931SC,Westervoort
Rijndijk,23,B,"",6931SC,Westervoort
Rijndijk,23,C,"",6931SC,Westervoort
Rijndijk,23,D,"",6931SC,Westervoort
Rijndijk,25,"","",6931SC,Westervoort
Rijndijk,27,"","",6931SC,Westervoort
Rijndijk,29,"","",6931SC,Westervoort
Rijndijk,31,"","",6931SC,Westervoort
Rijndijk,35,"","",6931SC,Westervoort
Rijndijk,37,"","",6931SC,Westervoort
Rijndijk,4,"","",6931SC,Westervoort
Rijndijk,45,"","",6931SC,Westervoort
Rijndijk,5,"","",6931SC,Westervoort
Rijndijk,6,"","",6931SC,Westervoort
Rijndijk,7,"","",6931SC,Westervoort
Rijndijk,9,"","",6931SC,Westervoort
Kreytierstraat,1,"","",6931TA,Westervoort
Kreytierstraat,1,A,"",6931TA,Westervoort
Kreytierstraat,1,B,"",6931TA,Westervoort
Kreytierstraat,11,"","",6931TA,Westervoort
Kreytierstraat,13,"","",6931TA,Westervoort
Kreytierstraat,15,"","",6931TA,Westervoort
Kreytierstraat,3,"","",6931TA,Westervoort
Kreytierstraat,5,"","",6931TA,Westervoort
Kreytierstraat,7,"","",6931TA,Westervoort
Kreytierstraat,9,"","",6931TA,Westervoort
Kreytierstraat,17,"","",6931TB,Westervoort
Kreytierstraat,19,"","",6931TB,Westervoort
Kreytierstraat,21,"","",6931TB,Westervoort
Kreytierstraat,23,"","",6931TB,Westervoort
Kreytierstraat,25,"","",6931TB,Westervoort
Kreytierstraat,27,"","",6931TB,Westervoort
Kreytierstraat,29,"","",6931TB,Westervoort
Kreytierstraat,31,"","",6931TB,Westervoort
Kreytierstraat,33,"","",6931TB,Westervoort
Kreytierstraat,35,"","",6931TB,Westervoort
Kreytierstraat,37,"","",6931TB,Westervoort
Kreytierstraat,39,"","",6931TC,Westervoort
Kreytierstraat,41,"","",6931TC,Westervoort
Kreytierstraat,43,"","",6931TC,Westervoort
Kreytierstraat,45,"","",6931TC,Westervoort
Kreytierstraat,47,"","",6931TC,Westervoort
Kreytierstraat,49,"","",6931TC,Westervoort
Kreytierstraat,51,"","",6931TC,Westervoort
Kreytierstraat,53,"","",6931TC,Westervoort
Kreytierstraat,55,"","",6931TC,Westervoort
Kreytierstraat,57,"","",6931TD,Westervoort
Kreytierstraat,59,"","",6931TD,Westervoort
Kreytierstraat,61,"","",6931TD,Westervoort
Kreytierstraat,63,"","",6931TD,Westervoort
Kreytierstraat,65,"","",6931TD,Westervoort
Kreytierstraat,67,"","",6931TD,Westervoort
Kreytierstraat,10,"","",6931TE,Westervoort
Kreytierstraat,12,"","",6931TE,Westervoort
Kreytierstraat,14,"","",6931TE,Westervoort
Kreytierstraat,16,"","",6931TE,Westervoort
Kreytierstraat,18,"","",6931TE,Westervoort
Kreytierstraat,2,"","",6931TE,Westervoort
Kreytierstraat,20,"","",6931TE,Westervoort
Kreytierstraat,22,"","",6931TE,Westervoort
Kreytierstraat,24,"","",6931TE,Westervoort
Kreytierstraat,26,"","",6931TE,Westervoort
Kreytierstraat,28,"","",6931TE,Westervoort
Kreytierstraat,30,"","",6931TE,Westervoort
Kreytierstraat,32,"","",6931TE,Westervoort
Kreytierstraat,34,"","",6931TE,Westervoort
Kreytierstraat,36,"","",6931TE,Westervoort
Kreytierstraat,4,"","",6931TE,Westervoort
Kreytierstraat,38,"","",6931TG,Westervoort
Kreytierstraat,40,"","",6931TG,Westervoort
Kreytierstraat,42,"","",6931TG,Westervoort
Kreytierstraat,44,"","",6931TG,Westervoort
Kreytierstraat,46,"","",6931TG,Westervoort
Kreytierstraat,48,"","",6931TG,Westervoort
Kreytierstraat,50,"","",6931TG,Westervoort
Kreytierstraat,52,"","",6931TG,Westervoort
Kreytierstraat,54,"","",6931TG,Westervoort
Kreytierstraat,56,"","",6931TG,Westervoort
Kreytierstraat,58,"","",6931TG,Westervoort
Kreytierstraat,60,"","",6931TG,Westervoort
Kreytierstraat,62,"","",6931TG,Westervoort
Willem-Alexanderstraat,1,"","",6931TH,Westervoort
Willem-Alexanderstraat,11,"","",6931TH,Westervoort
Willem-Alexanderstraat,13,"","",6931TH,Westervoort
Willem-Alexanderstraat,15,"","",6931TH,Westervoort
Willem-Alexanderstraat,17,"","",6931TH,Westervoort
Willem-Alexanderstraat,19,"","",6931TH,Westervoort
Willem-Alexanderstraat,21,"","",6931TH,Westervoort
Willem-Alexanderstraat,23,"","",6931TH,Westervoort
Willem-Alexanderstraat,25,"","",6931TH,Westervoort
Willem-Alexanderstraat,27,"","",6931TH,Westervoort
Willem-Alexanderstraat,3,"","",6931TH,Westervoort
Willem-Alexanderstraat,5,"","",6931TH,Westervoort
Willem-Alexanderstraat,7,"","",6931TH,Westervoort
Willem-Alexanderstraat,9,"","",6931TH,Westervoort
Willem-Alexanderstraat,10,"","",6931TJ,Westervoort
Willem-Alexanderstraat,12,"","",6931TJ,Westervoort
Willem-Alexanderstraat,2,"","",6931TJ,Westervoort
Willem-Alexanderstraat,4,"","",6931TJ,Westervoort
Willem-Alexanderstraat,6,"","",6931TJ,Westervoort
Willem-Alexanderstraat,8,"","",6931TJ,Westervoort
Spoorstraat,1,"","",6931TK,Westervoort
Spoorstraat,11,"","",6931TK,Westervoort
Spoorstraat,3,"","",6931TK,Westervoort
Spoorstraat,5,"","",6931TK,Westervoort
Spoorstraat,7,"","",6931TK,Westervoort
Spoorstraat,9,"","",6931TK,Westervoort
Nicolaistraat,1,"","",6931TL,Westervoort
Nicolaistraat,10,"","",6931TL,Westervoort
Nicolaistraat,11,"","",6931TL,Westervoort
Nicolaistraat,12,"","",6931TL,Westervoort
Nicolaistraat,2,"","",6931TL,Westervoort
Nicolaistraat,2,A,"",6931TL,Westervoort
Nicolaistraat,3,"","",6931TL,Westervoort
Nicolaistraat,4,"","",6931TL,Westervoort
Nicolaistraat,5,"","",6931TL,Westervoort
Nicolaistraat,6,"","",6931TL,Westervoort
Nicolaistraat,7,"","",6931TL,Westervoort
Nicolaistraat,8,"","",6931TL,Westervoort
Nicolaistraat,9,"","",6931TL,Westervoort
Liemersallee,10,"","",6931TM,Westervoort
Liemersallee,12,"","",6931TM,Westervoort
Liemersallee,14,"","",6931TM,Westervoort
Liemersallee,16,"","",6931TM,Westervoort
Liemersallee,18,"","",6931TM,Westervoort
Liemersallee,2,"","",6931TM,Westervoort
Liemersallee,20,"","",6931TM,Westervoort
Liemersallee,22,"","",6931TM,Westervoort
Liemersallee,24,"","",6931TM,Westervoort
Liemersallee,26,"","",6931TM,Westervoort
Liemersallee,28,"","",6931TM,Westervoort
Liemersallee,30,"","",6931TM,Westervoort
Liemersallee,4,"","",6931TM,Westervoort
Liemersallee,6,"","",6931TM,Westervoort
Liemersallee,8,"","",6931TM,Westervoort
Liemersallee,32,"","",6931TN,Westervoort
Liemersallee,34,"","",6931TN,Westervoort
Liemersallee,36,"","",6931TN,Westervoort
Liemersallee,38,"","",6931TN,Westervoort
Liemersallee,40,"","",6931TN,Westervoort
Liemersallee,44,"","",6931TN,Westervoort
Liemersallee,46,"","",6931TN,Westervoort
Liemersallee,48,"","",6931TN,Westervoort
Liemersallee,50,"","",6931TN,Westervoort
Liemersallee,52,"","",6931TN,Westervoort
Liemersallee,54,"","",6931TN,Westervoort
Costverloren,1,"","",6931TP,Westervoort
Costverloren,11,"","",6931TP,Westervoort
Costverloren,13,"","",6931TP,Westervoort
Costverloren,15,"","",6931TP,Westervoort
Costverloren,17,"","",6931TP,Westervoort
Costverloren,19,"","",6931TP,Westervoort
Costverloren,21,"","",6931TP,Westervoort
Costverloren,23,"","",6931TP,Westervoort
Costverloren,25,"","",6931TP,Westervoort
Costverloren,3,"","",6931TP,Westervoort
Costverloren,5,"","",6931TP,Westervoort
Costverloren,7,"","",6931TP,Westervoort
Costverloren,9,"","",6931TP,Westervoort
Costverloren,10,"","",6931TR,Westervoort
Costverloren,12,"","",6931TR,Westervoort
Costverloren,14,"","",6931TR,Westervoort
Costverloren,16,"","",6931TR,Westervoort
Costverloren,18,"","",6931TR,Westervoort
Costverloren,2,"","",6931TR,Westervoort
Costverloren,20,"","",6931TR,Westervoort
Costverloren,22,"","",6931TR,Westervoort
Costverloren,24,"","",6931TR,Westervoort
Costverloren,26,"","",6931TR,Westervoort
Costverloren,4,"","",6931TR,Westervoort
Costverloren,6,"","",6931TR,Westervoort
Costverloren,8,"","",6931TR,Westervoort
Eigen Heim,1,"","",6931TS,Westervoort
Eigen Heim,11,"","",6931TS,Westervoort
Eigen Heim,13,"","",6931TS,Westervoort
Eigen Heim,15,"","",6931TS,Westervoort
Eigen Heim,17,"","",6931TS,Westervoort
Eigen Heim,19,"","",6931TS,Westervoort
Eigen Heim,21,"","",6931TS,Westervoort
Eigen Heim,23,"","",6931TS,Westervoort
Eigen Heim,25,"","",6931TS,Westervoort
Eigen Heim,3,"","",6931TS,Westervoort
Eigen Heim,5,"","",6931TS,Westervoort
Eigen Heim,7,"","",6931TS,Westervoort
Eigen Heim,9,"","",6931TS,Westervoort
Eigen Heim,10,"","",6931TT,Westervoort
Eigen Heim,12,"","",6931TT,Westervoort
Eigen Heim,14,"","",6931TT,Westervoort
Eigen Heim,16,"","",6931TT,Westervoort
Eigen Heim,18,"","",6931TT,Westervoort
Eigen Heim,2,"","",6931TT,Westervoort
Eigen Heim,20,"","",6931TT,Westervoort
Eigen Heim,4,"","",6931TT,Westervoort
Eigen Heim,6,"","",6931TT,Westervoort
Eigen Heim,8,"","",6931TT,Westervoort
Vos de Waelstraat,1,"","",6931TV,Westervoort
Vos de Waelstraat,11,"","",6931TV,Westervoort
Vos de Waelstraat,13,"","",6931TV,Westervoort
Vos de Waelstraat,15,"","",6931TV,Westervoort
Vos de Waelstraat,17,"","",6931TV,Westervoort
Vos de Waelstraat,19,"","",6931TV,Westervoort
Vos de Waelstraat,21,"","",6931TV,Westervoort
Vos de Waelstraat,23,"","",6931TV,Westervoort
Vos de Waelstraat,25,"","",6931TV,Westervoort
Vos de Waelstraat,27,"","",6931TV,Westervoort
Vos de Waelstraat,29,"","",6931TV,Westervoort
Vos de Waelstraat,3,"","",6931TV,Westervoort
Vos de Waelstraat,31,"","",6931TV,Westervoort
Vos de Waelstraat,33,"","",6931TV,Westervoort
Vos de Waelstraat,35,"","",6931TV,Westervoort
Vos de Waelstraat,5,"","",6931TV,Westervoort
Vos de Waelstraat,7,"","",6931TV,Westervoort
Vos de Waelstraat,9,"","",6931TV,Westervoort
Vos de Waelstraat,10,"","",6931TW,Westervoort
Vos de Waelstraat,12,"","",6931TW,Westervoort
Vos de Waelstraat,14,"","",6931TW,Westervoort
Vos de Waelstraat,16,"","",6931TW,Westervoort
Vos de Waelstraat,18,"","",6931TW,Westervoort
Vos de Waelstraat,2,"","",6931TW,Westervoort
Vos de Waelstraat,20,"","",6931TW,Westervoort
Vos de Waelstraat,22,"","",6931TW,Westervoort
Vos de Waelstraat,24,"","",6931TW,Westervoort
Vos de Waelstraat,26,"","",6931TW,Westervoort
Vos de Waelstraat,28,"","",6931TW,Westervoort
Vos de Waelstraat,30,"","",6931TW,Westervoort
Vos de Waelstraat,32,"","",6931TW,Westervoort
Vos de Waelstraat,34,"","",6931TW,Westervoort
Vos de Waelstraat,36,"","",6931TW,Westervoort
Vos de Waelstraat,38,"","",6931TW,Westervoort
Vos de Waelstraat,4,"","",6931TW,Westervoort
Vos de Waelstraat,40,"","",6931TW,Westervoort
Vos de Waelstraat,42,"","",6931TW,Westervoort
Vos de Waelstraat,44,"","",6931TW,Westervoort
Vos de Waelstraat,46,"","",6931TW,Westervoort
Vos de Waelstraat,48,"","",6931TW,Westervoort
Vos de Waelstraat,6,"","",6931TW,Westervoort
Vos de Waelstraat,8,"","",6931TW,Westervoort
Bouwweide,1,"","",6931TX,Westervoort
Bouwweide,2,"","",6931TX,Westervoort
Bouwweide,4,"","",6931TX,Westervoort
