postcode,straat,huisnummer,huisletter,toevoeging
3904AK,Talmastraat,19,,
3904AK,Talmastraat,25,,
3904AK,Talmastraat,21,,
3904AK,Talmastraat,27,,
3904AK,Talmastraat,28,,
3904AK,Talmastraat,13,,
3904AK,Talmastraat,8,,
3904AK,Talmastraat,6,,
3904AK,Talmastraat,12,,
3904AK,Talmastraat,18,,
3904AK,Talmastraat,17,,
3904AK,Talmastraat,16,,
3904EJ,Bart Poesiatstraat,2,,
3904BC,Da Costaplein,3,,
3904BC,Da Costaplein,1,,
3904BC,Da Costaplein,12,,
3904BC,Da Costaplein,8,,
3904BC,Da Costaplein,5,,
3904AZ,Da Costastraat,4,,
3904AZ,Da Costastraat,17,,
3904AZ,Da Costastraat,15,,
3904AZ,Da Costastraat,10,,
3904AZ,Da Costastraat,9,,
3904AZ,Da Costastraat,5,,
3904AZ,Da Costastraat,3,,
3904AZ,Da Costastraat,6,,
3904ZA,David Tenierslaan,8,,
3904ZA,David Tenierslaan,2,,
3904ZA,David Tenierslaan,4,D,
3904ZA,David Tenierslaan,6,A,
3904AM,De Savornin Lohmanstraat,15,,
3904AM,De Savornin Lohmanstraat,5,,
3904AM,De Savornin Lohmanstraat,9,,
3904AM,De Savornin Lohmanstraat,39,,
3904AM,De Savornin Lohmanstraat,37,,
3904AM,De Savornin Lohmanstraat,35,,
3904AM,De Savornin Lohmanstraat,33,,
3904AM,De Savornin Lohmanstraat,29,,
3904AN,De Savornin Lohmanstraat,77,,
3904AN,De Savornin Lohmanstraat,73,,
3904AN,De Savornin Lohmanstraat,69,,
3904AN,De Savornin Lohmanstraat,79,,
3904AN,De Savornin Lohmanstraat,45,,
3904AN,De Savornin Lohmanstraat,43,,
3904AN,De Savornin Lohmanstraat,51,,
3904AN,De Savornin Lohmanstraat,59,,
3904AN,De Savornin Lohmanstraat,53,,
3904AN,De Savornin Lohmanstraat,61,,
3904AP,De Savornin Lohmanstraat,81,,
3904AP,De Savornin Lohmanstraat,89,,
3904AP,De Savornin Lohmanstraat,125,,
3904AP,De Savornin Lohmanstraat,117,,
3904AR,De Savornin Lohmanstraat,169,,
3904AR,De Savornin Lohmanstraat,165,,GA02
3904AR,De Savornin Lohmanstraat,165,,GA01
3904AR,De Savornin Lohmanstraat,139,,
3904AR,De Savornin Lohmanstraat,137,,
3904AR,De Savornin Lohmanstraat,133,,
3904AR,De Savornin Lohmanstraat,131,,
3904AR,De Savornin Lohmanstraat,129,,
3904AR,De Savornin Lohmanstraat,151,,
3904AR,De Savornin Lohmanstraat,161,,
3904AR,De Savornin Lohmanstraat,157,,
3904AR,De Savornin Lohmanstraat,155,,
3904AR,De Savornin Lohmanstraat,165,,GA05
3904AR,De Savornin Lohmanstraat,165,,GA04
3904AR,De Savornin Lohmanstraat,165,,GA03
3904AS,De Savornin Lohmanstraat,4,,
3904AS,De Savornin Lohmanstraat,16,,
3904AS,De Savornin Lohmanstraat,44,,
3904AS,De Savornin Lohmanstraat,50,,
3904AS,De Savornin Lohmanstraat,48,,
3904AS,De Savornin Lohmanstraat,36,,
3904AS,De Savornin Lohmanstraat,34,,
3904AS,De Savornin Lohmanstraat,32,,
3904AS,De Savornin Lohmanstraat,28,,
3904AS,De Savornin Lohmanstraat,2,C,
3904AS,De Savornin Lohmanstraat,2,D,
3904AT,De Savornin Lohmanstraat,80,,
3904AT,De Savornin Lohmanstraat,78,,
3904AT,De Savornin Lohmanstraat,74,,
3904AT,De Savornin Lohmanstraat,60,,
3904AT,De Savornin Lohmanstraat,58,,
3904AT,De Savornin Lohmanstraat,56,,
3904AT,De Savornin Lohmanstraat,54,,
3904AT,De Savornin Lohmanstraat,52,,
3904AV,De Savornin Lohmanstraat,124,,
3904AV,De Savornin Lohmanstraat,120,,
3904AW,De Savornin Lohmanstraat,138,,
3904AW,De Savornin Lohmanstraat,128,,
3904AW,De Savornin Lohmanstraat,160,,
3904AW,De Savornin Lohmanstraat,158,,
3904AW,De Savornin Lohmanstraat,156,,
3904AW,De Savornin Lohmanstraat,140,,
3904EL,Dr. Colijnstraat,1,,
3904EP,Dr. Colijnstraat,73,,
3904EP,Dr. Colijnstraat,71,,
3904EP,Dr. Colijnstraat,77,,
3904EP,Dr. Colijnstraat,63,,
3904EP,Dr. Colijnstraat,59,,
3904EP,Dr. Colijnstraat,69,,
3904EP,Dr. Colijnstraat,67,,
3904ER,Dr. Colijnstraat,115,,
3904ER,Dr. Colijnstraat,113,,
3904ER,Dr. Colijnstraat,117,,
3904ER,Dr. Colijnstraat,111,,
3904ER,Dr. Colijnstraat,107,,
3904ER,Dr. Colijnstraat,81,,
3904ER,Dr. Colijnstraat,105,,
3904ER,Dr. Colijnstraat,103,,
3904ER,Dr. Colijnstraat,101,,
3904ER,Dr. Colijnstraat,95,,
3904ER,Dr. Colijnstraat,83,,
3904ES,Dr. Colijnstraat,30,,
3904ES,Dr. Colijnstraat,28,,
3904ES,Dr. Colijnstraat,24,,
3904ES,Dr. Colijnstraat,18,,
3904ES,Dr. Colijnstraat,14,,
3904ES,Dr. Colijnstraat,12,,
3904ES,Dr. Colijnstraat,10,,
3904ET,Dr. Colijnstraat,70,,
3904ET,Dr. Colijnstraat,60,,
3904ET,Dr. Colijnstraat,58,,
3904ET,Dr. Colijnstraat,64,,
3904GE,Dr. de Visserstraat,55,,
3904GE,Dr. de Visserstraat,53,,
3904GE,Dr. de Visserstraat,49,,
3904GE,Dr. de Visserstraat,47,,
3904GE,Dr. de Visserstraat,45,,
3904CA,Dr. Slotemaker de Bruïnestraat,41,,
3904CA,Dr. Slotemaker de Bruïnestraat,37,,
3904CA,Dr. Slotemaker de Bruïnestraat,37,,
3904CA,Dr. Slotemaker de Bruïnestraat,1,A,
3904CB,Dr. Slotemaker de Bruïnestraat,12,,
3904CB,Dr. Slotemaker de Bruïnestraat,8,,02
3904CB,Dr. Slotemaker de Bruïnestraat,8,,01
3904CB,Dr. Slotemaker de Bruïnestraat,6,,
3904CB,Dr. Slotemaker de Bruïnestraat,12,,02
3904CD,Dr. Slotemaker de Bruïnestraat,42,,
3904CD,Dr. Slotemaker de Bruïnestraat,40,,
3904CD,Dr. Slotemaker de Bruïnestraat,38,,
3904DZ,Hovystraat,11,,
3904DZ,Hovystraat,13,B,
3904XK,Jan Steenlaan,3,,
3904XK,Jan Steenlaan,27,,
3904XL,Jan Steenlaan,37,,
3904XL,Jan Steenlaan,31,,
3904XL,Jan Steenlaan,29,,
3904XL,Jan Steenlaan,39,,
3904XM,Jan Steenlaan,45,,02
3904XM,Jan Steenlaan,49,,02
3904XM,Jan Steenlaan,51,,02
3904XN,Jan Steenlaan,57,,02
3904XN,Jan Steenlaan,59,,02
3904XN,Jan Steenlaan,63,,02
3904XN,Jan Steenlaan,61,,02
3904XN,Jan Steenlaan,53,,02
3904XP,Jan Steenlaan,4,,
3904XP,Jan Steenlaan,10,,
3904XP,Jan Steenlaan,12,,02
3904XP,Jan Steenlaan,8,,02
3904XR,Jan Steenlaan,16,,02
3904XS,Jan Steenlaan,32,,
3904XS,Jan Steenlaan,30,,
3904XS,Jan Steenlaan,28,,
3904JE,Kerkewijk,66,,
3904JE,Kerkewijk,70,C,
3904JE,Kerkewijk,70,B,
3904JE,Kerkewijk,70,A,
3904JE,Kerkewijk,66,E,
3904JE,Kerkewijk,66,C,
3904JE,Kerkewijk,66,A,
3904JE,Kerkewijk,64,A,
3904JE,Kerkewijk,62,G,
3904JE,Kerkewijk,62,A,
3904JE,Kerkewijk,74,B,
3904JE,Kerkewijk,72,,
3904JE,Kerkewijk,70,F,
3904JE,Kerkewijk,70,E,
3904JE,Kerkewijk,64,,
3904JE,Kerkewijk,74,H,
3904JE,Kerkewijk,74,F,
3904JE,Kerkewijk,74,E,
3904JE,Kerkewijk,74,C,
3904JG,Kerkewijk,100,D,
3904JG,Kerkewijk,100,C,
3904JG,Kerkewijk,100,B,
3904JG,Kerkewijk,110,,
3904JH,Kerkewijk,126,,
3904JH,Kerkewijk,134,,
3904JH,Kerkewijk,130,C,
3904JH,Kerkewijk,128,C,
3904JH,Kerkewijk,134,C,
3904JJ,Kerkewijk,156,,
3904JJ,Kerkewijk,154,,
3904JJ,Kerkewijk,150,,
3904JJ,Kerkewijk,146,,
3904EA,Klaas Katerstraat,3,,
3904EA,Klaas Katerstraat,1,,
3904EB,Klaas Katerstraat,51,,
3904EB,Klaas Katerstraat,53,,
3904EB,Klaas Katerstraat,59,,
3904EB,Klaas Katerstraat,61,,
3904EB,Klaas Katerstraat,77,,
3904EB,Klaas Katerstraat,75,,
3904EB,Klaas Katerstraat,73,,
3904EB,Klaas Katerstraat,71,,
3904EB,Klaas Katerstraat,69,,
3904EB,Klaas Katerstraat,67,,
3904EE,Klaas Katerstraat,4,,
3904EE,Klaas Katerstraat,10,,
3904EG,Klaas Katerstraat,54,,
3904EG,Klaas Katerstraat,58,,
3904EG,Klaas Katerstraat,60,,
3904EG,Klaas Katerstraat,68,,
3904EG,Klaas Katerstraat,78,,
3904EG,Klaas Katerstraat,74,,
3904EG,Klaas Katerstraat,66,,
3904EG,Klaas Katerstraat,64,,
3904EG,Klaas Katerstraat,62,,
3904TB,Aart de Gelderstraat,5,,
3904TB,Aart de Gelderstraat,15,,
3904TB,Aart de Gelderstraat,11,,
3904TB,Aart de Gelderstraat,19,,
3904TB,Aart de Gelderstraat,23,,
3904TB,Aart de Gelderstraat,1,,
3904TC,Aart de Gelderstraat,20,,
3904TC,Aart de Gelderstraat,18,,
3904TC,Aart de Gelderstraat,14,,
3904TC,Aart de Gelderstraat,10,,
3904TC,Aart de Gelderstraat,8,,
3904TC,Aart de Gelderstraat,32,,
3904TC,Aart de Gelderstraat,28,,
3904TC,Aart de Gelderstraat,24,,
3904TC,Aart de Gelderstraat,4,,
3904TC,Aart de Gelderstraat,2,,
3904TD,Aart de Gelderstraat,38,,
3904TD,Aart de Gelderstraat,46,,
3904TD,Aart de Gelderstraat,40,,
3904TD,Aart de Gelderstraat,34,,
3904TJ,Adriaen van Ostadelaan,43,,
3904TJ,Adriaen van Ostadelaan,37,,
3904TJ,Adriaen van Ostadelaan,35,,
3904TJ,Adriaen van Ostadelaan,33,,
3904TJ,Adriaen van Ostadelaan,25,,
3904TJ,Adriaen van Ostadelaan,21,,
3904TJ,Adriaen van Ostadelaan,31,,
3904TJ,Adriaen van Ostadelaan,9,,
3904TJ,Adriaen van Ostadelaan,7,,
3904TJ,Adriaen van Ostadelaan,3,,
3904TJ,Adriaen van Ostadelaan,31,A,
3904TK,Adriaen van Ostadelaan,28,,
3904TK,Adriaen van Ostadelaan,32,,
3904TK,Adriaen van Ostadelaan,30,,
3904TK,Adriaen van Ostadelaan,24,,
3904TK,Adriaen van Ostadelaan,10,,
3904TK,Adriaen van Ostadelaan,6,,
3904TK,Adriaen van Ostadelaan,4,,
3904TK,Adriaen van Ostadelaan,2,,
3904TK,Adriaen van Ostadelaan,16,,
3904TK,Adriaen van Ostadelaan,14,,
3904TK,Adriaen van Ostadelaan,20,,
3904TL,Adriaen van Ostadelaan,54,,
3904TL,Adriaen van Ostadelaan,52,,
3904TL,Adriaen van Ostadelaan,46,,
3904TL,Adriaen van Ostadelaan,74,,
3904TL,Adriaen van Ostadelaan,76,,
3904TL,Adriaen van Ostadelaan,72,,
3904TL,Adriaen van Ostadelaan,68,,
3904TL,Adriaen van Ostadelaan,66,,
3904TL,Adriaen van Ostadelaan,42,,
3904HN,Bergweg,18,,
3904HN,Bergweg,26,,
3904HN,Bergweg,6,,
3904HN,Bergweg,14,,
3904HN,Bergweg,24,,
3904HN,Bergweg,30,,
3904HP,Bergweg,40,,
3904HP,Bergweg,70,,
3904HP,Bergweg,68,,
3904HP,Bergweg,60,,
3904HP,Bergweg,58,,
3904HP,Bergweg,54,,
3904HP,Bergweg,66,,
3904HP,Bergweg,50,,
3904HP,Bergweg,48,,
3904HP,Bergweg,44,,
3904HP,Bergweg,36,,
3904HR,Bergweg,96,,
3904HR,Bergweg,88,,
3904HR,Bergweg,92,,
3904HR,Bergweg,90,,
3904HR,Bergweg,72,,
3904HR,Bergweg,82,,
3904HR,Bergweg,80,,
3904HK,Bilderdijkstraat,5,,
3904HK,Bilderdijkstraat,29,,
3904HK,Bilderdijkstraat,13,,
3904HK,Bilderdijkstraat,12,,
3904HK,Bilderdijkstraat,9,,
3904HK,Bilderdijkstraat,7,,
3904HK,Bilderdijkstraat,10,,
3904HK,Bilderdijkstraat,25,,
3904HK,Bilderdijkstraat,23,,
3904HK,Bilderdijkstraat,20,,
3904HK,Bilderdijkstraat,19,,
3904HK,Bilderdijkstraat,18,,
3904HK,Bilderdijkstraat,15,,
3904EK,Binnenronde,7,,
3904WB,Rembrandtpark,2,,
3904WB,Rembrandtpark,8,,
3904WD,Rembrandtpark,16,,
3904WD,Rembrandtpark,12,,
3904WD,Rembrandtpark,10,,
3904WE,Rembrandtpark,22,,
3904WG,Rembrandtpark,28,,
3904WH,Rembrandtpark,38,,03
3904WH,Rembrandtpark,40,,03
3904WJ,Rembrandtpark,44,,
3904WJ,Rembrandtpark,48,,
3904WK,Rembrandtpark,56,,
3904WK,Rembrandtpark,56,,03
3904WK,Rembrandtpark,52,,03
3904WL,Rembrandtpark,60,,
3904WL,Rembrandtpark,62,,
3904WL,Rembrandtpark,64,,
3904WL,Rembrandtpark,60,,03
3904WL,Rembrandtpark,64,,03
3904WL,Rembrandtpark,58,,03
3904WN,Rembrandtpark,66,,
3904WN,Rembrandtpark,72,,
3904WP,Rembrandtpark,76,,
3904WP,Rembrandtpark,80,,
3904WP,Rembrandtpark,74,,03
3904WP,Rembrandtpark,76,,03
3904WR,Rembrandtpark,82,,
3904WR,Rembrandtpark,84,,01
3904WR,Rembrandtpark,86,,
3904WR,Rembrandtpark,84,,
3904HA,Schimmelpenninckstraat,16,,
3904HA,Schimmelpenninckstraat,14,,
3904HA,Schimmelpenninckstraat,13,,
3904HA,Schimmelpenninckstraat,15,,
3904HA,Schimmelpenninckstraat,12,,
3904HA,Schimmelpenninckstraat,11,,
3904HA,Schimmelpenninckstraat,9,,
3904HA,Schimmelpenninckstraat,8,,
3904HA,Schimmelpenninckstraat,7,,
3904HA,Schimmelpenninckstraat,5,,
3904HA,Schimmelpenninckstraat,4,,
3904HA,Schimmelpenninckstraat,3,,
3904CP,Thorbeckesingel,1,B,
3904CP,Thorbeckesingel,1,A,
3904CP,Thorbeckesingel,1,,
3904CP,Thorbeckesingel,4,,
3904CP,Thorbeckesingel,2,,
3904CP,Thorbeckesingel,5,,
3904CP,Thorbeckesingel,7,,
3904CR,Thorbeckesingel,36,,
3904CR,Thorbeckesingel,26,,
3904CR,Thorbeckesingel,37,,
3904CR,Thorbeckesingel,34,,
3904CR,Thorbeckesingel,33,,
3904CR,Thorbeckesingel,32,,
3904CR,Thorbeckesingel,38,,
3904CS,Thorbeckesingel,56,,
3904CS,Thorbeckesingel,54,,
3904CS,Thorbeckesingel,60,,
3904CS,Thorbeckesingel,59,,
3904CS,Thorbeckesingel,57,,
3904CS,Thorbeckesingel,46,,
3904CS,Thorbeckesingel,47,,
3904CT,Thorbeckesingel,83,,
3904CT,Thorbeckesingel,76,,
3904CT,Thorbeckesingel,78,,
3904CT,Thorbeckesingel,65,,
3904CT,Thorbeckesingel,74,,
3904CT,Thorbeckesingel,72,,
3904CT,Thorbeckesingel,70,,
3904CT,Thorbeckesingel,67,,
3904CT,Thorbeckesingel,66,,
3904CT,Thorbeckesingel,77,,
3904CT,Thorbeckesingel,61,,
3904CT,Thorbeckesingel,81,,
3904CV,Thorbeckesingel,103,,
3904CV,Thorbeckesingel,90,,
3904CV,Thorbeckesingel,89,,
3904CV,Thorbeckesingel,86,,
3904CV,Thorbeckesingel,94,,
3904CV,Thorbeckesingel,99,,
3904CV,Thorbeckesingel,96,,
3904CV,Thorbeckesingel,95,,
3904CV,Thorbeckesingel,102,,
3904CV,Thorbeckesingel,85,,
3904CV,Thorbeckesingel,108,,
3904CV,Thorbeckesingel,104,,
3904CW,Thorbeckesingel,113,,
3904HD,Van Hogendorpstraat,13,,
3904HD,Van Hogendorpstraat,29,,
3904HD,Van Hogendorpstraat,27,,
3904HD,Van Hogendorpstraat,19,,
3904HD,Van Hogendorpstraat,15,,
3904HD,Van Hogendorpstraat,23,,
3904HD,Van Hogendorpstraat,11,,
3904HD,Van Hogendorpstraat,5,,
3904HE,Van Hogendorpstraat,24,,
3904HE,Van Hogendorpstraat,18,,
3904HE,Van Hogendorpstraat,16,,
3904HE,Van Hogendorpstraat,10,,
3904HC,Van Limburg Stirumstraat,8,,
3904HC,Van Limburg Stirumstraat,6,,
3904HC,Van Limburg Stirumstraat,5,,
3904HC,Van Limburg Stirumstraat,4,,
3904HC,Van Limburg Stirumstraat,2,,
3904HC,Van Limburg Stirumstraat,22,,
3904HC,Van Limburg Stirumstraat,19,,
3904HC,Van Limburg Stirumstraat,18,,
3904HC,Van Limburg Stirumstraat,23,,
3904HC,Van Limburg Stirumstraat,24,,
3904EV,W.C. Beeremansstraat,43,,
3904EV,W.C. Beeremansstraat,41,,
3904EV,W.C. Beeremansstraat,37,,
3904EV,W.C. Beeremansstraat,33,,
3904EV,W.C. Beeremansstraat,31,,
3904EV,W.C. Beeremansstraat,25,,
3904EV,W.C. Beeremansstraat,23,,
3904EV,W.C. Beeremansstraat,17,,
3904EV,W.C. Beeremansstraat,15,,
3904EV,W.C. Beeremansstraat,13,,
3904EV,W.C. Beeremansstraat,5,,
3904EV,W.C. Beeremansstraat,3,,
3904EW,W.C. Beeremansstraat,10,,
3904EW,W.C. Beeremansstraat,8,,
3904EW,W.C. Beeremansstraat,6,,
3904EX,W.C. Beeremansstraat,40,,
3904EX,W.C. Beeremansstraat,38,,
3904CH,Westersingel,5,,
3904CH,Westersingel,7,,
3904CJ,Westersingel,25,,
3904CJ,Westersingel,31,,
3904CJ,Westersingel,23,,
3904CJ,Westersingel,19,,
3904CJ,Westersingel,29,,
3904CK,Westersingel,45,,
3904CK,Westersingel,43,,
3904CK,Westersingel,39,,
3904CK,Westersingel,37,,GA12
3904CK,Westersingel,37,,GA11
3904CK,Westersingel,37,,GA10
3904CK,Westersingel,37,,GA09
3904CK,Westersingel,37,,GA08
3904CK,Westersingel,37,,GA06
3904CK,Westersingel,37,,GA05
3904CK,Westersingel,37,,GA03
3904CK,Westersingel,37,,GA02
3904CK,Westersingel,37,,GA01
3904CL,Westersingel,49,,GA10
3904CL,Westersingel,49,,GA09
3904CL,Westersingel,49,,GA12
3904CL,Westersingel,53,,
3904CL,Westersingel,49,,
3904CL,Westersingel,57,,
3904CL,Westersingel,49,,GA08
3904CL,Westersingel,49,,GA06
3904CL,Westersingel,49,,GA04
3904CL,Westersingel,49,,GA03
3904CL,Westersingel,49,,GA01
3904CM,Westersingel,73,,
3904CM,Westersingel,71,,
3904CM,Westersingel,61,,
3904CM,Westersingel,61,,GA03
3904CM,Westersingel,61,,GA02
3904CM,Westersingel,61,,GA01
3904CM,Westersingel,61,,GA08
3904CM,Westersingel,61,,GA07
3904CM,Westersingel,61,,GA05
3904CM,Westersingel,61,,GA04
3904CN,Westersingel,87,,
3904CN,Westersingel,85,,
3904CN,Westersingel,89,,
3904CN,Westersingel,91,,
3904CN,Westersingel,77,,GA07
3904CN,Westersingel,77,,GA06
3904CN,Westersingel,77,,GA05
3904CN,Westersingel,77,,GA01
3904CN,Westersingel,77,,
3904CN,Westersingel,81,,01
3904XH,Frans Halslaan,9,,
3904XH,Frans Halslaan,1,,
3904XH,Frans Halslaan,3,,
3904XH,Frans Halslaan,19,,
3904XH,Frans Halslaan,17,,
3904XH,Frans Halslaan,15,,
3904XJ,Frans Halslaan,20,,
3904XJ,Frans Halslaan,22,,
3904XJ,Frans Halslaan,10,,
3904XJ,Frans Halslaan,8,,
3904XJ,Frans Halslaan,26,,
3904XJ,Frans Halslaan,16,,
3904XJ,Frans Halslaan,22,A,
3904TE,Gerard Terborchstraat,36,,
3904TE,Gerard Terborchstraat,4,,
3904TE,Gerard Terborchstraat,1,,
3904TE,Gerard Terborchstraat,12,,
3904TE,Gerard Terborchstraat,9,,
3904TE,Gerard Terborchstraat,7,,
3904TE,Gerard Terborchstraat,5,,
3904TE,Gerard Terborchstraat,10,,
3904TE,Gerard Terborchstraat,32,,
3904TE,Gerard Terborchstraat,28,,
3904XD,Meindert Hobbemastraat,21,,
3904XD,Meindert Hobbemastraat,13,,
3904XG,Meindert Hobbemastraat,26,,
3904XG,Meindert Hobbemastraat,24,,
3904XG,Meindert Hobbemastraat,20,,
3904XG,Meindert Hobbemastraat,14,,
3904EZ,Mr. Dr. Schokkingstraat,31,,GA09
3904EZ,Mr. Dr. Schokkingstraat,31,,GA08
3904EZ,Mr. Dr. Schokkingstraat,31,,GA07
3904EZ,Mr. Dr. Schokkingstraat,31,,GA05
3904EZ,Mr. Dr. Schokkingstraat,31,,GA12
3904EZ,Mr. Dr. Schokkingstraat,31,,GA11
3904EZ,Mr. Dr. Schokkingstraat,27,,GA07
3904EZ,Mr. Dr. Schokkingstraat,27,,GA05
3904EZ,Mr. Dr. Schokkingstraat,27,,GA03
3904EZ,Mr. Dr. Schokkingstraat,27,,GA02
3904EZ,Mr. Dr. Schokkingstraat,27,,GA01
3904EZ,Mr. Dr. Schokkingstraat,27,,GA11
3904EZ,Mr. Dr. Schokkingstraat,27,,GA10
3904EZ,Mr. Dr. Schokkingstraat,27,,GA09
3904EZ,Mr. Dr. Schokkingstraat,27,,GA08
3904EZ,Mr. Dr. Schokkingstraat,31,,GA02
3904EZ,Mr. Dr. Schokkingstraat,31,,GA01
3904EZ,Mr. Dr. Schokkingstraat,29,,
3904EZ,Mr. Dr. Schokkingstraat,29,,GA01
3904EZ,Mr. Dr. Schokkingstraat,27,,GA16
3904EZ,Mr. Dr. Schokkingstraat,27,,GA15
3904EZ,Mr. Dr. Schokkingstraat,27,,GA14
3904EZ,Mr. Dr. Schokkingstraat,25,,
3904EZ,Mr. Dr. Schokkingstraat,25,,
3904EZ,Mr. Dr. Schokkingstraat,21,,
3904EZ,Mr. Dr. Schokkingstraat,17,,
3904EZ,Mr. Dr. Schokkingstraat,11,,
3904EZ,Mr. Dr. Schokkingstraat,9,,
3904EZ,Mr. Dr. Schokkingstraat,3,,
3904EZ,Mr. Dr. Schokkingstraat,1,,
3904EZ,Mr. Dr. Schokkingstraat,65,,
3904GA,Mr. Heemskerkstraat,19,,
3904GA,Mr. Heemskerkstraat,5,,
3904GA,Mr. Heemskerkstraat,15,,
3904GA,Mr. Heemskerkstraat,13,,
3904GA,Mr. Heemskerkstraat,7,,
3904GB,Mr. Heemskerkstraat,41,,
3904GB,Mr. Heemskerkstraat,51,,
3904GB,Mr. Heemskerkstraat,55,,
3904GB,Mr. Heemskerkstraat,39,,
3904GB,Mr. Heemskerkstraat,49,,
3904GB,Mr. Heemskerkstraat,43,,
3904GB,Mr. Heemskerkstraat,53,,
3904GB,Mr. Heemskerkstraat,71,,
3904GB,Mr. Heemskerkstraat,65,,
3904GB,Mr. Heemskerkstraat,63,,
3904GB,Mr. Heemskerkstraat,61,,
3904GB,Mr. Heemskerkstraat,111,,
3904GB,Mr. Heemskerkstraat,107,,
3904GB,Mr. Heemskerkstraat,99,,
3904GC,Mr. Heemskerkstraat,26,,
3904GC,Mr. Heemskerkstraat,22,,
3904GC,Mr. Heemskerkstraat,20,,
3904GC,Mr. Heemskerkstraat,28,,
3904GC,Mr. Heemskerkstraat,14,,
3904GC,Mr. Heemskerkstraat,10,,
3904GC,Mr. Heemskerkstraat,18,,
3904GC,Mr. Heemskerkstraat,4,,
3904GC,Mr. Heemskerkstraat,2,,
3904GD,Mr. Heemskerkstraat,54,,
3904GD,Mr. Heemskerkstraat,50,,
3904AJ,Nicolaas Beetsstraat,7,,
3904AJ,Nicolaas Beetsstraat,6,,
3904AJ,Nicolaas Beetsstraat,3,,
3904AA,Patrimoniumlaan,23,,
3904AA,Patrimoniumlaan,5,,
3904AA,Patrimoniumlaan,1,,
3904AA,Patrimoniumlaan,15,,
3904AA,Patrimoniumlaan,19,,
3904AB,Patrimoniumlaan,25,,
3904AC,Patrimoniumlaan,81,,
3904AD,Patrimoniumlaan,28,,
3904AD,Patrimoniumlaan,26,,
3904AD,Patrimoniumlaan,24,,
3904AD,Patrimoniumlaan,24,B,
3904AD,Patrimoniumlaan,16,,
3904AD,Patrimoniumlaan,20,,
3904AE,Patrimoniumlaan,48,,Bis
3904AE,Patrimoniumlaan,48,,
3904AG,Patrimoniumlaan,80,,
3904ZC,Paulus Potterstraat,8,,
3904ZC,Paulus Potterstraat,7,,
3904ZC,Paulus Potterstraat,6,,
3904ZC,Paulus Potterstraat,31,,
3904ZC,Paulus Potterstraat,16,,
3904ZC,Paulus Potterstraat,28,,
3904ZC,Paulus Potterstraat,11,,
3904VK,Ferdinand Bolstraat,25,,
3904VK,Ferdinand Bolstraat,23,,
3904VK,Ferdinand Bolstraat,21,,
3904VK,Ferdinand Bolstraat,19,,
3904VK,Ferdinand Bolstraat,17,,
3904VK,Ferdinand Bolstraat,29,,
3904VL,Ferdinand Bolstraat,28,,
3904VL,Ferdinand Bolstraat,26,,
3904VL,Ferdinand Bolstraat,16,,
3904VL,Ferdinand Bolstraat,22,,
3904VM,Ferdinand Bolstraat,40,,
3904VM,Ferdinand Bolstraat,38,,
3904VM,Ferdinand Bolstraat,34,,
3904ZG,Gabriël Metsulaan,28,,
3904ZG,Gabriël Metsulaan,26,,
3904ZG,Gabriël Metsulaan,22,,
3904ZG,Gabriël Metsulaan,20,,
3904ZG,Gabriël Metsulaan,16,,
3904ZG,Gabriël Metsulaan,14,,
3904ZG,Gabriël Metsulaan,7,,
3904ZG,Gabriël Metsulaan,30,,
3904ZG,Gabriël Metsulaan,5,,
3904ZG,Gabriël Metsulaan,4,,
3904ZG,Gabriël Metsulaan,2,,
3904ZG,Gabriël Metsulaan,1,,
3904VE,Govert Flinckstraat,25,,
3904VE,Govert Flinckstraat,19,,
3904VE,Govert Flinckstraat,21,,
3904VG,Govert Flinckstraat,37,,
3904VG,Govert Flinckstraat,33,,
3904VG,Govert Flinckstraat,39,,
3904VG,Govert Flinckstraat,41,,
3904VG,Govert Flinckstraat,47,,
3904VG,Govert Flinckstraat,45,,
3904VG,Govert Flinckstraat,51,,
3904VG,Govert Flinckstraat,53,,
3904VH,Govert Flinckstraat,26,,
3904VJ,Govert Flinckstraat,34,,
3904VJ,Govert Flinckstraat,32,,
3904VJ,Govert Flinckstraat,28,,
3904VJ,Govert Flinckstraat,40,,
3904VJ,Govert Flinckstraat,44,,
3904VJ,Govert Flinckstraat,52,,
3904VJ,Govert Flinckstraat,50,,
3904VA,Jan van Goyenstraat,17,,
3904TG,Karel Fabritiusstraat,3,,
3904TA,Gerard de Lairessestraat,4,,
3904TA,Gerard de Lairessestraat,13,,
3904TA,Gerard de Lairessestraat,11,,
3904TA,Gerard de Lairessestraat,10,,
3904TA,Gerard de Lairessestraat,1,,
3904TA,Gerard de Lairessestraat,14,,
3904TA,Gerard de Lairessestraat,9,,
3904TA,Gerard de Lairessestraat,7,,
3904ZD,Gerard Doustraat,21,,
3904ZD,Gerard Doustraat,19,,
3904ZD,Gerard Doustraat,33,,
3904ZD,Gerard Doustraat,25,,
3904ZD,Gerard Doustraat,29,,
3904ZD,Gerard Doustraat,13,,
3904ZD,Gerard Doustraat,11,,
3904ZD,Gerard Doustraat,9,,
3904ZD,Gerard Doustraat,17,,
3904ZE,Gerard Doustraat,20,,
3904ZE,Gerard Doustraat,32,,
3904ZE,Gerard Doustraat,28,,
3904ZE,Gerard Doustraat,16,,
3904ZE,Gerard Doustraat,4,,
3904ZE,Gerard Doustraat,6,,
3904ZE,Gerard Doustraat,14,,
3904ZE,Gerard Doustraat,8,,
3904ZE,Gerard Doustraat,10,,
3904ZE,Gerard Doustraat,24,,
3904ZE,Gerard Doustraat,26,,
3904ZE,Gerard Doustraat,22,,
3904HG,P.H. van Rijnstraat,37,,
3904HG,P.H. van Rijnstraat,13,A,
3904HG,P.H. van Rijnstraat,29,,
3904HG,P.H. van Rijnstraat,25,,
3904HG,P.H. van Rijnstraat,23,,
3904HG,P.H. van Rijnstraat,21,,
3904HG,P.H. van Rijnstraat,19,,
3904HG,P.H. van Rijnstraat,15,,
3904HG,P.H. van Rijnstraat,13,,
3904HJ,P.H. van Rijnstraat,48,,
3904ZB,Jan Vermeerstraat,19,,
3904ZB,Jan Vermeerstraat,17,,
3904ZB,Jan Vermeerstraat,15,,
3904ZB,Jan Vermeerstraat,12,,
3904BD,Keucheniusstraat,43,,
3904BD,Keucheniusstraat,41,,
3904BE,Keucheniusstraat,44,,
3904BE,Keucheniusstraat,40,,
3904AL,Talmaplein,13,,
3904AL,Talmaplein,11,,
3904AL,Talmaplein,9,,
3904AL,Talmaplein,8,,
3904AL,Talmaplein,7,,
3904AL,Talmaplein,2,,
3904AL,Talmaplein,5,,
3904AL,Talmaplein,21,,
3904AL,Talmaplein,22,,
3904AL,Talmaplein,19,,
3904AL,Talmaplein,17,,
3904AL,Talmaplein,14,,
3904HS,De Clercqstraat,31,,
3904HS,De Clercqstraat,26,,
3904HS,De Clercqstraat,24,,
3904HS,De Clercqstraat,20,,
3904HS,De Clercqstraat,17,,
3904HS,De Clercqstraat,13,,
3904HS,De Clercqstraat,12,,
3904HS,De Clercqstraat,23,,
3904HS,De Clercqstraat,19,,
3904HS,De Clercqstraat,7,,
3904HS,De Clercqstraat,6,,
3904HS,De Clercqstraat,5,,
3904HS,De Clercqstraat,2,,
3904AX,Dr. Kuyperstraat,23,,
3904AX,Dr. Kuyperstraat,2,,
3904AX,Dr. Kuyperstraat,1,,
3904AX,Dr. Kuyperstraat,13,,
3904AX,Dr. Kuyperstraat,22,,
3904AX,Dr. Kuyperstraat,20,,
3904AX,Dr. Kuyperstraat,18,,
3904AX,Dr. Kuyperstraat,16,,
3904AX,Dr. Kuyperstraat,14,,
3904AX,Dr. Kuyperstraat,12,,
3904AX,Dr. Kuyperstraat,9,,
3904AX,Dr. Kuyperstraat,7,,
3904AX,Dr. Kuyperstraat,5,,
3904AX,Dr. Kuyperstraat,15,,
3904ZH,Rembrandtlaan,5,,
3904ZH,Rembrandtlaan,3,,
3904ZH,Rembrandtlaan,1,,
3904ZJ,Rembrandtlaan,15,B,
3904ZK,Rembrandtlaan,49,,
3904ZK,Rembrandtlaan,47,,
3904ZK,Rembrandtlaan,19,,
3904ZK,Rembrandtlaan,21,,
3904ZK,Rembrandtlaan,17,,
3904ZK,Rembrandtlaan,39,,
3904ZK,Rembrandtlaan,37,,
3904ZK,Rembrandtlaan,35,,
3904ZK,Rembrandtlaan,31,,
3904ZK,Rembrandtlaan,29,,
3904ZK,Rembrandtlaan,25,,
3904ZK,Rembrandtlaan,23,,
3904ZK,Rembrandtlaan,45,,
3904ZL,Rembrandtlaan,79,,
3904ZL,Rembrandtlaan,59,,
3904ZL,Rembrandtlaan,75,,
3904ZL,Rembrandtlaan,73,,
3904ZL,Rembrandtlaan,63,,
3904ZL,Rembrandtlaan,61,,
3904EV,Joop den Uylhof,16,,
3904EV,Joop den Uylhof,12,,
3904AK,Talmastraat,5,,
3904AK,Talmastraat,20,,
3904AK,Talmastraat,14,,
3904AK,Talmastraat,7,,
3904EJ,Bart Poesiatstraat,1,,
3904BC,Da Costaplein,7,,
3904AZ,Da Costastraat,11,A,
3904AZ,Da Costastraat,29,,
3904AZ,Da Costastraat,7,,
3904ZA,David Tenierslaan,28,,
3904ZA,David Tenierslaan,26,,
3904ZA,David Tenierslaan,24,,
3904ZA,David Tenierslaan,18,,
3904ZA,David Tenierslaan,16,,
3904ZA,David Tenierslaan,14,,
3904ZA,David Tenierslaan,144,,
3904ZA,David Tenierslaan,142,,
3904ZA,David Tenierslaan,136,,
3904ZA,David Tenierslaan,134,,
3904ZA,David Tenierslaan,132,,
3904ZA,David Tenierslaan,126,,
3904ZA,David Tenierslaan,120,,
3904ZA,David Tenierslaan,4,A,
3904ZA,David Tenierslaan,4,B,
3904ZA,David Tenierslaan,12,A,
3904ZA,David Tenierslaan,124,,
3904ZA,David Tenierslaan,106,,
3904ZA,David Tenierslaan,154,,
3904ZA,David Tenierslaan,152,,
3904ZA,David Tenierslaan,112,,
3904ZA,David Tenierslaan,104,,
3904ZA,David Tenierslaan,100,,
3904ZA,David Tenierslaan,96,,
3904ZA,David Tenierslaan,94,,
3904ZA,David Tenierslaan,92,,
3904ZA,David Tenierslaan,86,,
3904ZA,David Tenierslaan,84,,
3904ZA,David Tenierslaan,82,,
3904ZA,David Tenierslaan,78,,
3904ZA,David Tenierslaan,76,,
3904ZA,David Tenierslaan,74,,
3904ZA,David Tenierslaan,70,,
3904ZA,David Tenierslaan,68,,
3904ZA,David Tenierslaan,66,,
3904ZA,David Tenierslaan,62,,
3904ZA,David Tenierslaan,60,,
3904ZA,David Tenierslaan,58,,
3904ZA,David Tenierslaan,54,,
3904ZA,David Tenierslaan,52,,
3904ZA,David Tenierslaan,48,,
3904ZA,David Tenierslaan,46,,
3904ZA,David Tenierslaan,44,,
3904ZA,David Tenierslaan,40,,
3904ZA,David Tenierslaan,38,,
3904ZA,David Tenierslaan,36,,
3904ZA,David Tenierslaan,156,,
3904ZA,David Tenierslaan,110,,
3904AM,De Savornin Lohmanstraat,21,,
3904AM,De Savornin Lohmanstraat,19,,
3904AM,De Savornin Lohmanstraat,23,,
3904AM,De Savornin Lohmanstraat,17,,
3904AM,De Savornin Lohmanstraat,11,,
3904AM,De Savornin Lohmanstraat,41,,
3904AN,De Savornin Lohmanstraat,67,,
3904AN,De Savornin Lohmanstraat,55,,
3904AP,De Savornin Lohmanstraat,91,,
3904AP,De Savornin Lohmanstraat,105,,
3904AP,De Savornin Lohmanstraat,109,,
3904AP,De Savornin Lohmanstraat,107,,
3904AP,De Savornin Lohmanstraat,111,,
3904AP,De Savornin Lohmanstraat,99,,
3904AP,De Savornin Lohmanstraat,95,,
3904AP,De Savornin Lohmanstraat,93,,
3904AP,De Savornin Lohmanstraat,97,,
3904AR,De Savornin Lohmanstraat,145,,
3904AR,De Savornin Lohmanstraat,165,,
3904AR,De Savornin Lohmanstraat,143,,
3904AS,De Savornin Lohmanstraat,2,F,
3904AS,De Savornin Lohmanstraat,40,,
3904AS,De Savornin Lohmanstraat,2,G,
3904AS,De Savornin Lohmanstraat,2,H,
3904AS,De Savornin Lohmanstraat,2,I,
3904AS,De Savornin Lohmanstraat,24,,
3904AS,De Savornin Lohmanstraat,20,,
3904AS,De Savornin Lohmanstraat,18,,
3904AT,De Savornin Lohmanstraat,72,,
3904AT,De Savornin Lohmanstraat,64,,
3904AT,De Savornin Lohmanstraat,70,,
3904AT,De Savornin Lohmanstraat,68,,
3904AT,De Savornin Lohmanstraat,66,,
3904AT,De Savornin Lohmanstraat,96,,
3904AT,De Savornin Lohmanstraat,100,,
3904AT,De Savornin Lohmanstraat,88,,
3904AT,De Savornin Lohmanstraat,90,,
3904AV,De Savornin Lohmanstraat,106,,
3904AV,De Savornin Lohmanstraat,104,,
3904AV,De Savornin Lohmanstraat,112,,
3904AV,De Savornin Lohmanstraat,110,,
3904AV,De Savornin Lohmanstraat,114,,
3904AV,De Savornin Lohmanstraat,118,,
3904AV,De Savornin Lohmanstraat,108,,
3904AV,De Savornin Lohmanstraat,102,,
3904AW,De Savornin Lohmanstraat,136,,
3904AW,De Savornin Lohmanstraat,152,,
3904AW,De Savornin Lohmanstraat,150,,
3904AW,De Savornin Lohmanstraat,148,,
3904AW,De Savornin Lohmanstraat,146,,
3904EL,Dr. Colijnstraat,13,,
3904EL,Dr. Colijnstraat,11,,02
3904EL,Dr. Colijnstraat,11,,01
3904EL,Dr. Colijnstraat,9,,01
3904EL,Dr. Colijnstraat,9,,
3904EL,Dr. Colijnstraat,7,,02
3904EL,Dr. Colijnstraat,7,,01
3904EL,Dr. Colijnstraat,9,,02
3904EL,Dr. Colijnstraat,3,,
3904EP,Dr. Colijnstraat,39,,Bis
3904EP,Dr. Colijnstraat,39,,
3904EP,Dr. Colijnstraat,61,,
3904EP,Dr. Colijnstraat,43,,
3904EP,Dr. Colijnstraat,45,,
3904EP,Dr. Colijnstraat,53,,
3904EP,Dr. Colijnstraat,51,,
3904EP,Dr. Colijnstraat,41,,
3904EP,Dr. Colijnstraat,47,,
3904EP,Dr. Colijnstraat,57,,
3904EP,Dr. Colijnstraat,75,,
3904ER,Dr. Colijnstraat,89,,
3904ER,Dr. Colijnstraat,97,,
3904ES,Dr. Colijnstraat,22,,
3904ES,Dr. Colijnstraat,2,,
3904ES,Dr. Colijnstraat,26,,
3904ES,Dr. Colijnstraat,8,,
3904ET,Dr. Colijnstraat,56,,
3904ET,Dr. Colijnstraat,52,,
3904ET,Dr. Colijnstraat,46,,
3904ET,Dr. Colijnstraat,44,,
3904ET,Dr. Colijnstraat,42,,
3904ET,Dr. Colijnstraat,34,,
3904ET,Dr. Colijnstraat,50,,
3904GE,Dr. de Visserstraat,41,,
3904GE,Dr. de Visserstraat,39,,
3904GE,Dr. de Visserstraat,37,,
3904GE,Dr. de Visserstraat,31,,
3904GE,Dr. de Visserstraat,29,,
3904GE,Dr. de Visserstraat,27,,
3904GE,Dr. de Visserstraat,19,,
3904GE,Dr. de Visserstraat,15,,
3904GE,Dr. de Visserstraat,11,,
3904GE,Dr. de Visserstraat,9,,
3904GE,Dr. de Visserstraat,7,,
3904GE,Dr. de Visserstraat,1,,
3904GG,Dr. de Visserstraat,34,,
3904GG,Dr. de Visserstraat,30,,
3904GG,Dr. de Visserstraat,28,,
3904GG,Dr. de Visserstraat,26,,
3904GG,Dr. de Visserstraat,22,,
3904GG,Dr. de Visserstraat,16,,
3904GG,Dr. de Visserstraat,12,,
3904GG,Dr. de Visserstraat,6,,
3904GG,Dr. de Visserstraat,48,,
3904GG,Dr. de Visserstraat,46,,
3904GG,Dr. de Visserstraat,44,,
3904GG,Dr. de Visserstraat,42,,
3904GG,Dr. de Visserstraat,14,,
3904GG,Dr. de Visserstraat,10,,
3904GG,Dr. de Visserstraat,36,,
3904CA,Dr. Slotemaker de Bruïnestraat,3,B,
3904CA,Dr. Slotemaker de Bruïnestraat,3,A,
3904CA,Dr. Slotemaker de Bruïnestraat,1,,
3904CA,Dr. Slotemaker de Bruïnestraat,7,,
3904CA,Dr. Slotemaker de Bruïnestraat,5,,
3904CA,Dr. Slotemaker de Bruïnestraat,43,G,
3904CA,Dr. Slotemaker de Bruïnestraat,33,,
3904CA,Dr. Slotemaker de Bruïnestraat,31,,
3904CA,Dr. Slotemaker de Bruïnestraat,29,,
3904CA,Dr. Slotemaker de Bruïnestraat,27,,
3904CA,Dr. Slotemaker de Bruïnestraat,21,,
3904CA,Dr. Slotemaker de Bruïnestraat,13,,
3904CA,Dr. Slotemaker de Bruïnestraat,15,,
3904CB,Dr. Slotemaker de Bruïnestraat,6,,02
3904CB,Dr. Slotemaker de Bruïnestraat,10,,02
3904CD,Dr. Slotemaker de Bruïnestraat,26,,
3904CD,Dr. Slotemaker de Bruïnestraat,34,,
3904CD,Dr. Slotemaker de Bruïnestraat,30,,
3904CD,Dr. Slotemaker de Bruïnestraat,36,,
3904CD,Dr. Slotemaker de Bruïnestraat,32,,
3904CD,Dr. Slotemaker de Bruïnestraat,28,,
3904CD,Dr. Slotemaker de Bruïnestraat,24,,
3904DZ,Hovystraat,13,A,
3904DZ,Hovystraat,25,,
3904DZ,Hovystraat,21,,
3904DZ,Hovystraat,17,,
3904DZ,Hovystraat,23,,
3904DZ,Hovystraat,19,,
3904DZ,Hovystraat,13,C,
3904DZ,Hovystraat,27,,
3904XK,Jan Steenlaan,21,,
3904XK,Jan Steenlaan,15,,
3904XK,Jan Steenlaan,13,,
3904XK,Jan Steenlaan,19,,
3904XK,Jan Steenlaan,17,,
3904XK,Jan Steenlaan,25,,
3904XL,Jan Steenlaan,29,,01
3904XL,Jan Steenlaan,29,,02
3904XL,Jan Steenlaan,41,,01
3904XL,Jan Steenlaan,43,,01
3904XL,Jan Steenlaan,43,,02
3904XM,Jan Steenlaan,47,,01
3904XM,Jan Steenlaan,51,,01
3904XM,Jan Steenlaan,51,,
3904XM,Jan Steenlaan,49,,
3904XM,Jan Steenlaan,47,,
3904XN,Jan Steenlaan,55,,
3904XN,Jan Steenlaan,71,,
3904XN,Jan Steenlaan,69,,
3904XN,Jan Steenlaan,69,A,
3904XN,Jan Steenlaan,65,A,
3904XN,Jan Steenlaan,75,A,
3904XN,Jan Steenlaan,63,,
3904XN,Jan Steenlaan,55,,01
3904XN,Jan Steenlaan,53,,01
3904XN,Jan Steenlaan,59,,01
3904XN,Jan Steenlaan,67,,
3904XN,Jan Steenlaan,61,,
3904XN,Jan Steenlaan,59,,
3904XN,Jan Steenlaan,75,,
3904XP,Jan Steenlaan,14,,
3904XP,Jan Steenlaan,12,,
3904XP,Jan Steenlaan,14,,01
3904XP,Jan Steenlaan,6,,01
3904XP,Jan Steenlaan,10,,01
3904XP,Jan Steenlaan,8,,
3904XP,Jan Steenlaan,6,,
3904XR,Jan Steenlaan,16,,
3904XR,Jan Steenlaan,24,,
3904XR,Jan Steenlaan,20,,01
3904XR,Jan Steenlaan,18,,01
3904XR,Jan Steenlaan,24,,01
3904XR,Jan Steenlaan,20,,02
3904XR,Jan Steenlaan,24,,02
3904XR,Jan Steenlaan,18,,02
3904XR,Jan Steenlaan,22,,02
3904XR,Jan Steenlaan,16,,01
3904XS,Jan Steenlaan,28,,01
3904XS,Jan Steenlaan,32,,01
3904XS,Jan Steenlaan,30,,01
3904XS,Jan Steenlaan,34,,01
3904XS,Jan Steenlaan,26,,01
3904XS,Jan Steenlaan,34,,02
3904XS,Jan Steenlaan,28,,02
3904JE,Kerkewijk,74,,
3904JE,Kerkewijk,70,,
3904JE,Kerkewijk,66,F,
3904JE,Kerkewijk,62,E,
3904JE,Kerkewijk,62,C,
3904JG,Kerkewijk,108,A,
3904JG,Kerkewijk,82,,
3904JG,Kerkewijk,114,,
3904JG,Kerkewijk,112,,
3904JG,Kerkewijk,80,,
3904JG,Kerkewijk,88,,
3904JG,Kerkewijk,92,,
3904JG,Kerkewijk,108,,
3904JG,Kerkewijk,106,,
3904JG,Kerkewijk,104,,
3904JG,Kerkewijk,100,,
3904JG,Kerkewijk,94,,
3904JG,Kerkewijk,86,,
3904JH,Kerkewijk,138,,
3904JH,Kerkewijk,136,,
3904JH,Kerkewijk,144,,
3904JH,Kerkewijk,142,,
3904JH,Kerkewijk,132,A,
3904JH,Kerkewijk,130,A,
3904JH,Kerkewijk,130,B,
3904JH,Kerkewijk,126,A,
3904JH,Kerkewijk,128,A,
3904JH,Kerkewijk,142,A,
3904JH,Kerkewijk,142,,
3904JH,Kerkewijk,136,A,
3904JH,Kerkewijk,120,,
3904JH,Kerkewijk,132,B,
3904JH,Kerkewijk,128,B,
3904JH,Kerkewijk,128,,
3904JH,Kerkewijk,124,,
3904JH,Kerkewijk,118,,
3904JH,Kerkewijk,116,,
3904JH,Kerkewijk,130,,
3904JH,Kerkewijk,122,,
3904JH,Kerkewijk,132,,
3904JJ,Kerkewijk,162,,
3904JJ,Kerkewijk,158,,
3904JJ,Kerkewijk,164,,
3904JJ,Kerkewijk,174,,
3904JJ,Kerkewijk,170,,
3904JJ,Kerkewijk,168,,
3904JJ,Kerkewijk,166,,
3904EA,Klaas Katerstraat,17,,
3904EA,Klaas Katerstraat,13,,
3904EA,Klaas Katerstraat,11,,
3904EA,Klaas Katerstraat,33,,
3904EA,Klaas Katerstraat,15,,
3904EA,Klaas Katerstraat,23,,
3904EA,Klaas Katerstraat,19,,
3904EA,Klaas Katerstraat,25,,
3904EB,Klaas Katerstraat,49,,
3904EB,Klaas Katerstraat,45,,
3904EB,Klaas Katerstraat,39,,
3904EB,Klaas Katerstraat,83,,
3904EB,Klaas Katerstraat,55,,
3904EB,Klaas Katerstraat,41,,
3904EB,Klaas Katerstraat,85,,
3904EB,Klaas Katerstraat,57,,
3904EC,Klaas Katerstraat,111,,
3904EC,Klaas Katerstraat,93,,
3904EC,Klaas Katerstraat,107,,
3904EC,Klaas Katerstraat,105,,
3904EC,Klaas Katerstraat,97,,
3904EC,Klaas Katerstraat,91,,
3904EC,Klaas Katerstraat,89,,
3904EC,Klaas Katerstraat,113,,
3904ED,Klaas Katerstraat,137,,
3904ED,Klaas Katerstraat,135,,
3904ED,Klaas Katerstraat,127,,
3904ED,Klaas Katerstraat,125,,
3904ED,Klaas Katerstraat,121,,
3904ED,Klaas Katerstraat,119,,
3904ED,Klaas Katerstraat,117,,
3904ED,Klaas Katerstraat,123,,
3904EE,Klaas Katerstraat,14,,
3904EE,Klaas Katerstraat,12,,
3904EE,Klaas Katerstraat,8,,
3904EE,Klaas Katerstraat,34,,
3904EE,Klaas Katerstraat,32,,
3904EE,Klaas Katerstraat,30,,
3904EE,Klaas Katerstraat,6,,
3904EE,Klaas Katerstraat,36,,
3904EE,Klaas Katerstraat,20,,
3904EG,Klaas Katerstraat,44,,
3904EG,Klaas Katerstraat,48,,
3904EG,Klaas Katerstraat,46,,
3904EG,Klaas Katerstraat,40,,
3904EG,Klaas Katerstraat,38,,
3904EG,Klaas Katerstraat,80,,
3904EG,Klaas Katerstraat,56,,
3904EH,Klaas Katerstraat,96,,
3904EH,Klaas Katerstraat,90,,
3904EH,Klaas Katerstraat,86,,
3904EH,Klaas Katerstraat,84,,
3904EH,Klaas Katerstraat,94,,
3904ZC,Kruiser,60,,
3904TB,Aart de Gelderstraat,33,,
3904TB,Aart de Gelderstraat,35,,
3904TB,Aart de Gelderstraat,25,,
3904TB,Aart de Gelderstraat,27,,
3904TB,Aart de Gelderstraat,31,,
3904TB,Aart de Gelderstraat,7,,
3904TC,Aart de Gelderstraat,30,,
3904TD,Aart de Gelderstraat,44,,
3904TD,Aart de Gelderstraat,54,,
3904TD,Aart de Gelderstraat,64,,
3904TD,Aart de Gelderstraat,42,,
3904TD,Aart de Gelderstraat,70,,
3904TJ,Adriaen van Ostadelaan,39,,
3904TJ,Adriaen van Ostadelaan,35,,Bis
3904TJ,Adriaen van Ostadelaan,33,,Bis
3904TJ,Adriaen van Ostadelaan,1,,
3904TJ,Adriaen van Ostadelaan,17,,
3904TL,Adriaen van Ostadelaan,52,A,
3904TL,Adriaen van Ostadelaan,36,,
3904XT,Bartholomeus van der Helststraat,31,,
3904XT,Bartholomeus van der Helststraat,27,,
3904XT,Bartholomeus van der Helststraat,28,,
3904XT,Bartholomeus van der Helststraat,23,,
3904XT,Bartholomeus van der Helststraat,21,,
3904XT,Bartholomeus van der Helststraat,19,,
3904HN,Bergweg,22,,
3904HN,Bergweg,2,,
3904HN,Bergweg,20,,
3904HP,Bergweg,64,,Bis
3904HP,Bergweg,62,,Bis
3904HP,Bergweg,60,,Bis
3904HP,Bergweg,46,,
3904HK,Bilderdijkstraat,11,,
3904EK,Binnenronde,3,A,
3904EK,Binnenronde,9,,
3904WB,Rembrandtpark,8,,02
3904WB,Rembrandtpark,4,,02
3904WB,Rembrandtpark,6,,02
3904WB,Rembrandtpark,8,,01
3904WB,Rembrandtpark,6,,03
3904WB,Rembrandtpark,6,,
3904WB,Rembrandtpark,4,,
3904WB,Rembrandtpark,8,,03
3904WD,Rembrandtpark,10,,01
3904WD,Rembrandtpark,12,,02
3904WD,Rembrandtpark,16,,02
3904WD,Rembrandtpark,14,,02
3904WD,Rembrandtpark,10,,02
3904WD,Rembrandtpark,14,,03
3904WD,Rembrandtpark,10,,03
3904WD,Rembrandtpark,12,,01
3904WE,Rembrandtpark,22,,01
3904WG,Rembrandtpark,26,,01
3904WG,Rembrandtpark,28,,01
3904WG,Rembrandtpark,28,,02
3904WG,Rembrandtpark,26,,02
3904WG,Rembrandtpark,30,,02
3904WG,Rembrandtpark,32,,02
3904WG,Rembrandtpark,30,,01
3904WG,Rembrandtpark,32,,03
3904WG,Rembrandtpark,28,,03
3904WG,Rembrandtpark,26,,03
3904WG,Rembrandtpark,30,,03
3904WH,Rembrandtpark,38,,02
3904WH,Rembrandtpark,40,,02
3904WH,Rembrandtpark,36,,02
3904WH,Rembrandtpark,34,,02
3904WH,Rembrandtpark,36,,01
3904WH,Rembrandtpark,40,,
3904WH,Rembrandtpark,36,,03
3904WJ,Rembrandtpark,46,,01
3904WJ,Rembrandtpark,44,,01
3904WK,Rembrandtpark,52,,01
3904WK,Rembrandtpark,56,,01
3904WK,Rembrandtpark,50,,01
3904WK,Rembrandtpark,56,,02
3904WK,Rembrandtpark,52,,02
3904WK,Rembrandtpark,54,,02
3904WK,Rembrandtpark,54,,
3904WL,Rembrandtpark,62,,02
3904WL,Rembrandtpark,64,,02
3904WL,Rembrandtpark,64,,01
3904WL,Rembrandtpark,62,,01
3904WN,Rembrandtpark,72,,01
3904WN,Rembrandtpark,66,,01
3904WP,Rembrandtpark,76,,01
3904WP,Rembrandtpark,78,,01
3904WP,Rembrandtpark,76,,02
3904WP,Rembrandtpark,80,,02
3904WP,Rembrandtpark,74,,01
3904WR,Rembrandtpark,88,,
3904WR,Rembrandtpark,88,,02
3904WR,Rembrandtpark,84,,02
3904WR,Rembrandtpark,86,,01
3904WR,Rembrandtpark,88,,01
3904WR,Rembrandtpark,82,,01
3904WR,Rembrandtpark,84,,03
3904HA,Schimmelpenninckstraat,1,,
3904CP,Thorbeckesingel,19,,
3904CP,Thorbeckesingel,17,,
3904CP,Thorbeckesingel,14,,
3904CP,Thorbeckesingel,13,,
3904CP,Thorbeckesingel,12,,
3904CP,Thorbeckesingel,10,,
3904CP,Thorbeckesingel,9,,
3904CP,Thorbeckesingel,8,,
3904CR,Thorbeckesingel,40,,
3904CR,Thorbeckesingel,23,,
3904CR,Thorbeckesingel,22,,
3904CR,Thorbeckesingel,27,,
3904CR,Thorbeckesingel,28,,
3904CS,Thorbeckesingel,50,,
3904CS,Thorbeckesingel,48,,
3904CS,Thorbeckesingel,52,,
3904CS,Thorbeckesingel,43,,
3904CS,Thorbeckesingel,45,,
3904CS,Thorbeckesingel,44,,
3904CS,Thorbeckesingel,42,,
3904CS,Thorbeckesingel,53,,
3904CT,Thorbeckesingel,68,,
3904CV,Thorbeckesingel,88,,
3904CV,Thorbeckesingel,100,,
3904CW,Thorbeckesingel,115,,
3904CW,Thorbeckesingel,112,,
3904CW,Thorbeckesingel,117,,
3904CW,Thorbeckesingel,116,,
3904CW,Thorbeckesingel,114,,
3904HB,Van der Duyn van Maasdamstraat,14,,
3904HB,Van der Duyn van Maasdamstraat,12,,
3904HB,Van der Duyn van Maasdamstraat,10,,
3904HB,Van der Duyn van Maasdamstraat,8,,
3904HB,Van der Duyn van Maasdamstraat,4,,
3904HB,Van der Duyn van Maasdamstraat,1,,
3904HB,Van der Duyn van Maasdamstraat,3,,
3904HB,Van der Duyn van Maasdamstraat,7,,
3904HB,Van der Duyn van Maasdamstraat,13,,
3904HB,Van der Duyn van Maasdamstraat,15,,
3904HB,Van der Duyn van Maasdamstraat,17,,
3904HB,Van der Duyn van Maasdamstraat,2,,
3904HD,Van Hogendorpstraat,7,,Bis
3904HD,Van Hogendorpstraat,5,,Bis
3904HD,Van Hogendorpstraat,9,,
3904HE,Van Hogendorpstraat,14,,
3904HC,Van Limburg Stirumstraat,10,,
3904HC,Van Limburg Stirumstraat,13,,
3904HC,Van Limburg Stirumstraat,17,,
3904HC,Van Limburg Stirumstraat,16,,
3904EV,W.C. Beeremansstraat,7,,
3904EV,W.C. Beeremansstraat,29,,
3904EV,W.C. Beeremansstraat,1,A,
3904EW,W.C. Beeremansstraat,26,,
3904EW,W.C. Beeremansstraat,24,,
3904EW,W.C. Beeremansstraat,20,,
3904EW,W.C. Beeremansstraat,18,,
3904EW,W.C. Beeremansstraat,14,,
3904EW,W.C. Beeremansstraat,4,,
3904EW,W.C. Beeremansstraat,16,,
3904EX,W.C. Beeremansstraat,44,,
3904EX,W.C. Beeremansstraat,28,,
3904EX,W.C. Beeremansstraat,36,,
3904EX,W.C. Beeremansstraat,46,,
3904EX,W.C. Beeremansstraat,50,,
3904EX,W.C. Beeremansstraat,48,,
3904CH,Westersingel,3,,02
3904CH,Westersingel,11,,01
3904CH,Westersingel,9,,01
3904CH,Westersingel,7,,01
3904CH,Westersingel,1,,01
3904CH,Westersingel,1,,02
3904CH,Westersingel,15,,02
3904CH,Westersingel,11,,02
3904CH,Westersingel,9,,02
3904CH,Westersingel,11,,
3904CH,Westersingel,9,,
3904CJ,Westersingel,19,,01
3904CJ,Westersingel,25,,02
3904CJ,Westersingel,27,,02
3904CJ,Westersingel,17,,02
3904CJ,Westersingel,31,,02
3904CJ,Westersingel,17,,01
3904CJ,Westersingel,19,,02
3904CJ,Westersingel,27,,01
3904CJ,Westersingel,21,,01
3904CJ,Westersingel,25,,01
3904CK,Westersingel,37,,GA04
3904CK,Westersingel,33,,02
3904CK,Westersingel,35,,02
3904CK,Westersingel,37,,02
3904CK,Westersingel,41,,01
3904CK,Westersingel,39,,01
3904CK,Westersingel,35,,01
3904CK,Westersingel,37,,01
3904CK,Westersingel,43,,02
3904CK,Westersingel,39,,02
3904CK,Westersingel,33,,
3904CL,Westersingel,51,,02
3904CL,Westersingel,53,,02
3904CL,Westersingel,55,,02
3904CL,Westersingel,59,,
3904CL,Westersingel,49,,01
3904CL,Westersingel,55,,01
3904CL,Westersingel,57,,01
3904CL,Westersingel,49,,02
3904CL,Westersingel,49,,GA07
3904CM,Westersingel,65,,02
3904CM,Westersingel,67,,02
3904CM,Westersingel,63,,02
3904CM,Westersingel,61,,GA06
3904CM,Westersingel,73,,02
3904CM,Westersingel,63,,01
3904CM,Westersingel,67,,01
3904CM,Westersingel,61,,01
3904CM,Westersingel,61,,02
3904CM,Westersingel,73,,01
3904CM,Westersingel,71,,01
3904CM,Westersingel,69,,01
3904CM,Westersingel,67,,
3904CM,Westersingel,65,,
3904CM,Westersingel,63,,
3904CN,Westersingel,91,,02
3904CN,Westersingel,87,,02
3904CN,Westersingel,85,,02
3904CN,Westersingel,81,,02
3904CN,Westersingel,79,,01
3904CN,Westersingel,89,,01
3904CN,Westersingel,87,,01
3904CN,Westersingel,83,,01
3904CN,Westersingel,79,,02
3904CN,Westersingel,77,,02
3904CN,Westersingel,93,,
3904XH,Frans Halslaan,11,,
3904XH,Frans Halslaan,7,,
3904XJ,Frans Halslaan,4,,01
3904XJ,Frans Halslaan,24,A,
3904XJ,Frans Halslaan,4,,02
3904XJ,Frans Halslaan,10,,01
3904XJ,Frans Halslaan,8,,01
3904XJ,Frans Halslaan,6,,01
3904XJ,Frans Halslaan,8,,02
3904XJ,Frans Halslaan,10,,02
3904XJ,Frans Halslaan,12,,02
3904XJ,Frans Halslaan,12,,
3904XJ,Frans Halslaan,18,,
3904TE,Gerard Terborchstraat,17,B,
3904TE,Gerard Terborchstraat,16,,
3904TE,Gerard Terborchstraat,19,A,
3904TE,Gerard Terborchstraat,34,,
3904TE,Gerard Terborchstraat,20,,
3904TE,Gerard Terborchstraat,18,,
3904TE,Gerard Terborchstraat,17,,
3904TE,Gerard Terborchstraat,14,,
3904TE,Gerard Terborchstraat,24,,
3904BA,Groen van Prinstererstraat,16,,
3904BA,Groen van Prinstererstraat,15,,
3904BA,Groen van Prinstererstraat,13,,
3904BA,Groen van Prinstererstraat,11,,
3904BA,Groen van Prinstererstraat,3,,
3904BA,Groen van Prinstererstraat,1,A,
3904BA,Groen van Prinstererstraat,1,,
3904BA,Groen van Prinstererstraat,8,,
3904BA,Groen van Prinstererstraat,6,,
3904BB,Groen van Prinstererstraat,34,,
3904BB,Groen van Prinstererstraat,33,,
3904BB,Groen van Prinstererstraat,32,,
3904BB,Groen van Prinstererstraat,30,,
3904BB,Groen van Prinstererstraat,29,,
3904BB,Groen van Prinstererstraat,28,,
3904BB,Groen van Prinstererstraat,25,,
3904BB,Groen van Prinstererstraat,24,,
3904BB,Groen van Prinstererstraat,23,,
3904BB,Groen van Prinstererstraat,21,,
3904BB,Groen van Prinstererstraat,39,,
3904BB,Groen van Prinstererstraat,38,,
3904BB,Groen van Prinstererstraat,35,,
3904XD,Meindert Hobbemastraat,3,,
3904XD,Meindert Hobbemastraat,11,,
3904XD,Meindert Hobbemastraat,9,,
3904XE,Meindert Hobbemastraat,12,,01
3904XE,Meindert Hobbemastraat,10,,02
3904XE,Meindert Hobbemastraat,12,,02
3904XE,Meindert Hobbemastraat,4,,02
3904XE,Meindert Hobbemastraat,8,,01
3904XE,Meindert Hobbemastraat,6,,01
3904XE,Meindert Hobbemastraat,10,,01
3904XE,Meindert Hobbemastraat,2,,01
3904XE,Meindert Hobbemastraat,4,,01
3904XE,Meindert Hobbemastraat,12,,
3904XE,Meindert Hobbemastraat,10,,
3904XE,Meindert Hobbemastraat,8,,
3904XG,Meindert Hobbemastraat,16,,
3904EZ,Mr. Dr. Schokkingstraat,89,,
3904EZ,Mr. Dr. Schokkingstraat,99,,
3904EZ,Mr. Dr. Schokkingstraat,113,,
3904EZ,Mr. Dr. Schokkingstraat,103,,
3904EZ,Mr. Dr. Schokkingstraat,129,,
3904EZ,Mr. Dr. Schokkingstraat,125,,
3904EZ,Mr. Dr. Schokkingstraat,115,,
3904EZ,Mr. Dr. Schokkingstraat,111,,
3904EZ,Mr. Dr. Schokkingstraat,123,,
3904EZ,Mr. Dr. Schokkingstraat,101,,
3904EZ,Mr. Dr. Schokkingstraat,27,,GA04
3904EZ,Mr. Dr. Schokkingstraat,97,,
3904EZ,Mr. Dr. Schokkingstraat,95,,
3904EZ,Mr. Dr. Schokkingstraat,87,,
3904EZ,Mr. Dr. Schokkingstraat,85,,
3904EZ,Mr. Dr. Schokkingstraat,75,,
3904EZ,Mr. Dr. Schokkingstraat,73,,
3904EZ,Mr. Dr. Schokkingstraat,47,,
3904EZ,Mr. Dr. Schokkingstraat,63,,
3904EZ,Mr. Dr. Schokkingstraat,59,,
3904EZ,Mr. Dr. Schokkingstraat,55,,
3904EZ,Mr. Dr. Schokkingstraat,49,,
3904EZ,Mr. Dr. Schokkingstraat,45,,
3904EZ,Mr. Dr. Schokkingstraat,41,,
3904EZ,Mr. Dr. Schokkingstraat,39,,
3904EZ,Mr. Dr. Schokkingstraat,51,,
3904EZ,Mr. Dr. Schokkingstraat,67,,
3904EZ,Mr. Dr. Schokkingstraat,35,,
3904EZ,Mr. Dr. Schokkingstraat,121,,
3904EZ,Mr. Dr. Schokkingstraat,43,,
3904EZ,Mr. Dr. Schokkingstraat,100,,
3904GA,Mr. Heemskerkstraat,27,,
3904GA,Mr. Heemskerkstraat,25,,
3904GA,Mr. Heemskerkstraat,21,,
3904GA,Mr. Heemskerkstraat,29,,
3904GB,Mr. Heemskerkstraat,103,,
3904GB,Mr. Heemskerkstraat,95,,
3904GB,Mr. Heemskerkstraat,91,,
3904GB,Mr. Heemskerkstraat,85,,
3904GB,Mr. Heemskerkstraat,81,,
3904GB,Mr. Heemskerkstraat,73,,
3904GB,Mr. Heemskerkstraat,33,,
3904GB,Mr. Heemskerkstraat,37,,
3904GD,Mr. Heemskerkstraat,30,,
3904GD,Mr. Heemskerkstraat,62,,
3904GD,Mr. Heemskerkstraat,58,,
3904GD,Mr. Heemskerkstraat,56,,
3904GD,Mr. Heemskerkstraat,38,,
3904GD,Mr. Heemskerkstraat,36,,
3904GD,Mr. Heemskerkstraat,34,,
3904GD,Mr. Heemskerkstraat,32,,
3904GD,Mr. Heemskerkstraat,48,,
3904GD,Mr. Heemskerkstraat,44,,
3904AJ,Nicolaas Beetsstraat,5,,
3904AA,Patrimoniumlaan,23,A,
3904AA,Patrimoniumlaan,9,,
3904AB,Patrimoniumlaan,67,,
3904AB,Patrimoniumlaan,51,,
3904AB,Patrimoniumlaan,47,,
3904AB,Patrimoniumlaan,43,,
3904AB,Patrimoniumlaan,53,,
3904AB,Patrimoniumlaan,37,,
3904AB,Patrimoniumlaan,35,,
3904AB,Patrimoniumlaan,41,,
3904AB,Patrimoniumlaan,61,,
3904AB,Patrimoniumlaan,59,,
3904AB,Patrimoniumlaan,55,,
3904AB,Patrimoniumlaan,65,,
3904AB,Patrimoniumlaan,71,A,
3904AB,Patrimoniumlaan,65,A,
3904AB,Patrimoniumlaan,31,,
3904AB,Patrimoniumlaan,41,A,
3904AB,Patrimoniumlaan,45,,
3904AC,Patrimoniumlaan,75,,
3904AC,Patrimoniumlaan,91,,
3904AC,Patrimoniumlaan,101,,
3904AC,Patrimoniumlaan,99,,
3904AC,Patrimoniumlaan,97,,
3904AC,Patrimoniumlaan,95,,
3904AC,Patrimoniumlaan,85,,
3904AC,Patrimoniumlaan,93,,
3904AC,Patrimoniumlaan,103,,
3904AC,Patrimoniumlaan,111,,
3904AC,Patrimoniumlaan,109,,
3904AC,Patrimoniumlaan,79,,
3904AC,Patrimoniumlaan,107,,
3904AC,Patrimoniumlaan,105,,
3904AC,Patrimoniumlaan,87,,
3904AC,Patrimoniumlaan,73,,
3904AD,Patrimoniumlaan,32,,
3904AD,Patrimoniumlaan,10,,
3904AD,Patrimoniumlaan,6,A,
3904AD,Patrimoniumlaan,24,A,
3904AD,Patrimoniumlaan,34,A,
3904AD,Patrimoniumlaan,20,A,
3904AD,Patrimoniumlaan,16,A,
3904AD,Patrimoniumlaan,28,A,
3904AD,Patrimoniumlaan,6,,
3904AD,Patrimoniumlaan,18,A,
3904AE,Patrimoniumlaan,68,,
3904AE,Patrimoniumlaan,42,,
3904AE,Patrimoniumlaan,38,,
3904AE,Patrimoniumlaan,52,,
3904AE,Patrimoniumlaan,62,,
3904AE,Patrimoniumlaan,58,,
3904AE,Patrimoniumlaan,56,,
3904AE,Patrimoniumlaan,46,,
3904AE,Patrimoniumlaan,50,A,
3904AE,Patrimoniumlaan,64,A,
3904AE,Patrimoniumlaan,44,A,
3904AE,Patrimoniumlaan,70,,
3904AE,Patrimoniumlaan,72,,
3904AG,Patrimoniumlaan,78,,
3904AG,Patrimoniumlaan,76,,
3904AG,Patrimoniumlaan,100,,
3904AG,Patrimoniumlaan,96,,
3904AG,Patrimoniumlaan,86,,
3904AG,Patrimoniumlaan,84,,
3904AH,Patrimoniumlaan,104,,
3904AH,Patrimoniumlaan,108,,
3904AH,Patrimoniumlaan,114,,
3904AH,Patrimoniumlaan,126,,
3904AH,Patrimoniumlaan,122,,
3904AH,Patrimoniumlaan,120,,
3904AH,Patrimoniumlaan,112,,
3904AH,Patrimoniumlaan,118,,
3904AH,Patrimoniumlaan,128,,
3904ZC,Paulus Potterstraat,13,,
3904ZC,Paulus Potterstraat,5,,
3904ZC,Paulus Potterstraat,1,,
3904ZC,Paulus Potterstraat,25,,
3904ZC,Paulus Potterstraat,21,,
3904ZC,Paulus Potterstraat,20,,
3904ZC,Paulus Potterstraat,19,,
3904ZC,Paulus Potterstraat,18,,
3904ZC,Paulus Potterstraat,12,,
3904VK,Ferdinand Bolstraat,9,,
3904VK,Ferdinand Bolstraat,3,,
3904VK,Ferdinand Bolstraat,11,,
3904VK,Ferdinand Bolstraat,7,,
3904VK,Ferdinand Bolstraat,1,,
3904VK,Ferdinand Bolstraat,27,,
3904VL,Ferdinand Bolstraat,4,,
3904VL,Ferdinand Bolstraat,24,,
3904VL,Ferdinand Bolstraat,30,,
3904VL,Ferdinand Bolstraat,12,,
3904VL,Ferdinand Bolstraat,10,,
3904VL,Ferdinand Bolstraat,6,,
3904VL,Ferdinand Bolstraat,2,,
3904VL,Ferdinand Bolstraat,18,,
3904VM,Ferdinand Bolstraat,36,,02
3904VM,Ferdinand Bolstraat,38,,02
3904VM,Ferdinand Bolstraat,40,,02
3904VM,Ferdinand Bolstraat,40,,01
3904VM,Ferdinand Bolstraat,36,,01
3904VM,Ferdinand Bolstraat,42,,
3904ZG,Gabriël Metsulaan,2,A,
3904VE,Govert Flinckstraat,5,,
3904VE,Govert Flinckstraat,3,,
3904VE,Govert Flinckstraat,1,,
3904VE,Govert Flinckstraat,11,,
3904VE,Govert Flinckstraat,15,,
3904VH,Govert Flinckstraat,10,,
3904VH,Govert Flinckstraat,8,,
3904VH,Govert Flinckstraat,6,,
3904VH,Govert Flinckstraat,20,,
3904VH,Govert Flinckstraat,22,,
3904VH,Govert Flinckstraat,2,,
3904VH,Govert Flinckstraat,14,,
3904VJ,Govert Flinckstraat,36,,
3904VJ,Govert Flinckstraat,38,,
3904VA,Jan van Goyenstraat,21,,
3904VA,Jan van Goyenstraat,25,,
3904VA,Jan van Goyenstraat,23,,
3904VA,Jan van Goyenstraat,9,,
3904VA,Jan van Goyenstraat,13,,
3904VA,Jan van Goyenstraat,3,,
3904VA,Jan van Goyenstraat,1,,
3904VA,Jan van Goyenstraat,11,,
3904VB,Jan van Goyenstraat,31,,
3904VB,Jan van Goyenstraat,39,,
3904VB,Jan van Goyenstraat,55,,
3904VB,Jan van Goyenstraat,53,,
3904VB,Jan van Goyenstraat,51,,
3904VB,Jan van Goyenstraat,47,,
3904VB,Jan van Goyenstraat,43,,
3904VB,Jan van Goyenstraat,37,,
3904VB,Jan van Goyenstraat,35,,
3904VC,Jan van Goyenstraat,18,,
3904VC,Jan van Goyenstraat,28,,
3904VC,Jan van Goyenstraat,26,,
3904VC,Jan van Goyenstraat,22,,
3904VC,Jan van Goyenstraat,16,,
3904VC,Jan van Goyenstraat,8,,
3904VC,Jan van Goyenstraat,6,,
3904VC,Jan van Goyenstraat,4,,
3904VD,Jan van Goyenstraat,38,,
3904VD,Jan van Goyenstraat,58,,
3904VD,Jan van Goyenstraat,56,,
3904VD,Jan van Goyenstraat,54,,
3904VD,Jan van Goyenstraat,52,,
3904VD,Jan van Goyenstraat,46,,
3904VD,Jan van Goyenstraat,44,,
3904VD,Jan van Goyenstraat,42,,
3904VD,Jan van Goyenstraat,40,,
3904VD,Jan van Goyenstraat,36,,
3904VD,Jan van Goyenstraat,34,,
3904VD,Jan van Goyenstraat,32,,
3904VD,Jan van Goyenstraat,50,,
3904CA,Dr. Slotemaker de Bruïneplein,3,A,
3904CX,Dr. Slotemaker de Bruïneplein,13,A,
3904CX,Dr. Slotemaker de Bruïneplein,27,,
3904CX,Dr. Slotemaker de Bruïneplein,23,,
3904CX,Dr. Slotemaker de Bruïneplein,15,,
3904CX,Dr. Slotemaker de Bruïneplein,25,,
3904CX,Dr. Slotemaker de Bruïneplein,25,A,
3904CX,Dr. Slotemaker de Bruïneplein,27,A,
3904CX,Dr. Slotemaker de Bruïneplein,31,,
3904CX,Dr. Slotemaker de Bruïneplein,29,A,
3904CX,Dr. Slotemaker de Bruïneplein,3,A,
3904TA,Gerard de Lairessestraat,8,,
3904TA,Gerard de Lairessestraat,5,,
3904ZD,Gerard Doustraat,3,B,
3904ZD,Gerard Doustraat,1,,
3904ZD,Gerard Doustraat,23,,
3904ZD,Gerard Doustraat,5,,
3904ZE,Gerard Doustraat,4,A,
3904HG,P.H. van Rijnstraat,39,,
3904HG,P.H. van Rijnstraat,7,,
3904HG,P.H. van Rijnstraat,35,,
3904HG,P.H. van Rijnstraat,3,,
3904HH,P.H. van Rijnstraat,6,,
3904HH,P.H. van Rijnstraat,6,,
3904HH,P.H. van Rijnstraat,4,,
3904HH,P.H. van Rijnstraat,4,,
3904HH,P.H. van Rijnstraat,2,,
3904HH,P.H. van Rijnstraat,2,,
3904HH,P.H. van Rijnstraat,36,,
3904HH,P.H. van Rijnstraat,18,,
3904HH,P.H. van Rijnstraat,28,,
3904HH,P.H. van Rijnstraat,24,,
3904HH,P.H. van Rijnstraat,20,,
3904HH,P.H. van Rijnstraat,38,,
3904HH,P.H. van Rijnstraat,26,G,
3904HH,P.H. van Rijnstraat,26,F,
3904HH,P.H. van Rijnstraat,26,E,
3904HH,P.H. van Rijnstraat,26,C,
3904HH,P.H. van Rijnstraat,26,B,
3904HJ,P.H. van Rijnstraat,58,,
3904HJ,P.H. van Rijnstraat,68,,
3904HJ,P.H. van Rijnstraat,62,,
3904HJ,P.H. van Rijnstraat,52,,
3904HJ,P.H. van Rijnstraat,42,,
3904HJ,P.H. van Rijnstraat,40,,
3904HJ,P.H. van Rijnstraat,60,,
3904HJ,P.H. van Rijnstraat,66,,
3904HJ,P.H. van Rijnstraat,50,,
3904TH,Petrus Paulus Rubensstraat,12,,
3904TH,Petrus Paulus Rubensstraat,10,,
3904TH,Petrus Paulus Rubensstraat,8,,
3904TH,Petrus Paulus Rubensstraat,4,,
3904TH,Petrus Paulus Rubensstraat,2,,
3904TH,Petrus Paulus Rubensstraat,6,,
3904ZB,Jan Vermeerstraat,2,,
3904ZB,Jan Vermeerstraat,11,,
3904ZB,Jan Vermeerstraat,8,,
3904ZB,Jan Vermeerstraat,6,,
3904ZB,Jan Vermeerstraat,5,,
3904ZB,Jan Vermeerstraat,3,,
3904BD,Keucheniusstraat,7,,
3904BD,Keucheniusstraat,5,,
3904BD,Keucheniusstraat,3,,
3904BD,Keucheniusstraat,1,,
3904BD,Keucheniusstraat,35,,
3904BD,Keucheniusstraat,11,,
3904BD,Keucheniusstraat,37,,
3904BD,Keucheniusstraat,33,,
3904BD,Keucheniusstraat,15,,
3904BD,Keucheniusstraat,29,,
3904BD,Keucheniusstraat,25,,
3904BD,Keucheniusstraat,19,,
3904BD,Keucheniusstraat,17,,
3904BD,Keucheniusstraat,21,,
3904BE,Keucheniusstraat,34,,
3904BE,Keucheniusstraat,38,,
3904BE,Keucheniusstraat,20,,
3904BE,Keucheniusstraat,32,,
3904BE,Keucheniusstraat,30,,
3904BE,Keucheniusstraat,28,,
3904BE,Keucheniusstraat,26,,
3904BE,Keucheniusstraat,24,,
3904BE,Keucheniusstraat,16,,
3904BE,Keucheniusstraat,12,,
3904BE,Keucheniusstraat,22,,
3904BE,Keucheniusstraat,14,,
3904BE,Keucheniusstraat,42,,
3904AL,Talmaplein,1,,
3904AL,Talmaplein,16,,
3904HS,De Clercqstraat,11,,
3904HS,De Clercqstraat,21,,
3904HS,De Clercqstraat,8,,
3904AX,Dr. Kuyperstraat,6,,
3904AX,Dr. Kuyperstraat,10,,
3904AX,Dr. Kuyperstraat,24,,
3904AX,Dr. Kuyperstraat,4,,
3904ZH,Rembrandtlaan,7,,02
3904ZH,Rembrandtlaan,5,,02
3904ZH,Rembrandtlaan,3,,02
3904ZH,Rembrandtlaan,1,A,
3904ZJ,Rembrandtlaan,15,,
3904ZJ,Rembrandtlaan,13,,
3904ZJ,Rembrandtlaan,11,,
3904ZJ,Rembrandtlaan,9,,
3904ZJ,Rembrandtlaan,9,,02
3904ZJ,Rembrandtlaan,15,A,
3904ZJ,Rembrandtlaan,11,,02
3904ZJ,Rembrandtlaan,13,,02
3904ZJ,Rembrandtlaan,15,,02
3904ZJ,Rembrandtlaan,15,,01
3904ZJ,Rembrandtlaan,11,,01
3904ZJ,Rembrandtlaan,9,,01
3904ZK,Rembrandtlaan,4,,
3904ZK,Rembrandtlaan,2,,
3904EV,Joop den Uylhof,2,,
3904EV,Joop den Uylhof,8,,
3904EW,Joop den Uylhof,17,,
3904EW,Joop den Uylhof,11,,
3904EW,Joop den Uylhof,9,,
3904EW,Joop den Uylhof,5,,
3904EW,Joop den Uylhof,1,,
3904AK,Talmastraat,11,,
3904AK,Talmastraat,15,,
3904AK,Talmastraat,9,,
3904AK,Talmastraat,26,,
3904AK,Talmastraat,24,,
3904AK,Talmastraat,22,,
3904AK,Talmastraat,23,,
3904AK,Talmastraat,10,,
3904EJ,Bart Poesiatstraat,4,,
3904EJ,Bart Poesiatstraat,3,,
3904BC,Da Costaplein,4,,
3904BC,Da Costaplein,10,,
3904BC,Da Costaplein,6,,
3904AZ,Da Costastraat,13,,
3904AZ,Da Costastraat,1,,
3904AZ,Da Costastraat,19,,
3904AZ,Da Costastraat,11,,
3904AZ,Da Costastraat,2,,
3904AZ,Da Costastraat,31,,
3904ZA,David Tenierslaan,32,,
3904ZA,David Tenierslaan,22,,
3904ZA,David Tenierslaan,138,,
3904ZA,David Tenierslaan,158,,
3904ZA,David Tenierslaan,146,,
3904ZA,David Tenierslaan,140,,
3904ZA,David Tenierslaan,122,,
3904ZA,David Tenierslaan,118,,
3904ZA,David Tenierslaan,98,,
3904ZA,David Tenierslaan,90,,
3904ZA,David Tenierslaan,80,,
3904ZA,David Tenierslaan,72,,
3904ZA,David Tenierslaan,64,,
3904ZA,David Tenierslaan,56,,
3904ZA,David Tenierslaan,50,,
3904ZA,David Tenierslaan,42,,
3904ZA,David Tenierslaan,34,,
3904ZA,David Tenierslaan,30,,
3904ZA,David Tenierslaan,20,,
3904ZA,David Tenierslaan,12,,
3904ZA,David Tenierslaan,4,,
3904ZA,David Tenierslaan,4,C,
3904ZA,David Tenierslaan,6,,
3904ZA,David Tenierslaan,4,E,
3904ZA,David Tenierslaan,148,,
3904ZA,David Tenierslaan,116,,
3904ZA,David Tenierslaan,114,,
3904ZA,David Tenierslaan,102,,
3904ZA,David Tenierslaan,150,,
3904ZA,David Tenierslaan,88,,
3904AM,De Savornin Lohmanstraat,25,,
3904AM,De Savornin Lohmanstraat,13,,
3904AM,De Savornin Lohmanstraat,27,,
3904AM,De Savornin Lohmanstraat,7,,
3904AM,De Savornin Lohmanstraat,31,,
3904AN,De Savornin Lohmanstraat,71,,
3904AN,De Savornin Lohmanstraat,75,,
3904AN,De Savornin Lohmanstraat,57,,
3904AN,De Savornin Lohmanstraat,47,,
3904AN,De Savornin Lohmanstraat,65,,
3904AN,De Savornin Lohmanstraat,63,,
3904AP,De Savornin Lohmanstraat,123,,
3904AP,De Savornin Lohmanstraat,87,,
3904AP,De Savornin Lohmanstraat,83,,
3904AP,De Savornin Lohmanstraat,119,,
3904AP,De Savornin Lohmanstraat,103,,
3904AP,De Savornin Lohmanstraat,115,,
3904AP,De Savornin Lohmanstraat,113,,
3904AP,De Savornin Lohmanstraat,101,,
3904AP,De Savornin Lohmanstraat,85,,
3904AR,De Savornin Lohmanstraat,163,,
3904AR,De Savornin Lohmanstraat,167,,
3904AR,De Savornin Lohmanstraat,127,,
3904AR,De Savornin Lohmanstraat,135,,
3904AR,De Savornin Lohmanstraat,153,,
3904AR,De Savornin Lohmanstraat,141,,
3904AR,De Savornin Lohmanstraat,147,,
3904AR,De Savornin Lohmanstraat,149,,
3904AS,De Savornin Lohmanstraat,8,,
3904AS,De Savornin Lohmanstraat,14,,
3904AS,De Savornin Lohmanstraat,10,,
3904AS,De Savornin Lohmanstraat,2,E,
3904AS,De Savornin Lohmanstraat,30,,
3904AS,De Savornin Lohmanstraat,38,,
3904AS,De Savornin Lohmanstraat,26,,
3904AS,De Savornin Lohmanstraat,46,,
3904AS,De Savornin Lohmanstraat,6,,
3904AS,De Savornin Lohmanstraat,42,,
3904AS,De Savornin Lohmanstraat,2,A,
3904AS,De Savornin Lohmanstraat,12,,
3904AT,De Savornin Lohmanstraat,94,,
3904AT,De Savornin Lohmanstraat,92,,
3904AT,De Savornin Lohmanstraat,76,,
3904AT,De Savornin Lohmanstraat,86,,
3904AT,De Savornin Lohmanstraat,98,,
3904AV,De Savornin Lohmanstraat,116,,
3904AV,De Savornin Lohmanstraat,126,,
3904AV,De Savornin Lohmanstraat,122,,
3904AW,De Savornin Lohmanstraat,154,,
3904AW,De Savornin Lohmanstraat,134,,
3904AW,De Savornin Lohmanstraat,130,,
3904AW,De Savornin Lohmanstraat,142,,
3904AW,De Savornin Lohmanstraat,144,,
3904AW,De Savornin Lohmanstraat,132,,
3904EL,Dr. Colijnstraat,13,,01
3904EL,Dr. Colijnstraat,11,,
3904EL,Dr. Colijnstraat,7,,
3904EL,Dr. Colijnstraat,13,,02
3904EP,Dr. Colijnstraat,65,,
3904EP,Dr. Colijnstraat,79,,
3904EP,Dr. Colijnstraat,49,,
3904ER,Dr. Colijnstraat,99,,
3904ER,Dr. Colijnstraat,91,,
3904ER,Dr. Colijnstraat,93,,
3904ER,Dr. Colijnstraat,87,,
3904ER,Dr. Colijnstraat,85,,
3904ER,Dr. Colijnstraat,109,,
3904ES,Dr. Colijnstraat,20,,
3904ES,Dr. Colijnstraat,16,,
3904ES,Dr. Colijnstraat,4,,
3904ET,Dr. Colijnstraat,62,,
3904ET,Dr. Colijnstraat,66,,
3904ET,Dr. Colijnstraat,68,,
3904ET,Dr. Colijnstraat,54,,
3904ET,Dr. Colijnstraat,40,,
3904ET,Dr. Colijnstraat,32,,
3904ET,Dr. Colijnstraat,48,,
3904ET,Dr. Colijnstraat,38,,
3904ET,Dr. Colijnstraat,36,,
3904GE,Dr. de Visserstraat,35,,
3904GE,Dr. de Visserstraat,21,,
3904GE,Dr. de Visserstraat,17,,
3904GE,Dr. de Visserstraat,13,,
3904GE,Dr. de Visserstraat,5,,
3904GE,Dr. de Visserstraat,57,,
3904GE,Dr. de Visserstraat,51,,
3904GE,Dr. de Visserstraat,43,,
3904GE,Dr. de Visserstraat,33,,
3904GG,Dr. de Visserstraat,20,,
3904GG,Dr. de Visserstraat,32,,
3904GG,Dr. de Visserstraat,24,,
3904GG,Dr. de Visserstraat,8,,
3904GG,Dr. de Visserstraat,38,,
3904GG,Dr. de Visserstraat,2,,
3904GG,Dr. de Visserstraat,40,,
3904GG,Dr. de Visserstraat,4,,
3904CA,Dr. Slotemaker de Bruïnestraat,23,,
3904CA,Dr. Slotemaker de Bruïnestraat,43,,
3904CA,Dr. Slotemaker de Bruïnestraat,3,,
3904CA,Dr. Slotemaker de Bruïnestraat,9,,
3904CA,Dr. Slotemaker de Bruïnestraat,35,,
3904CA,Dr. Slotemaker de Bruïnestraat,19,,
3904CA,Dr. Slotemaker de Bruïnestraat,39,,
3904CA,Dr. Slotemaker de Bruïnestraat,39,,
3904CA,Dr. Slotemaker de Bruïnestraat,25,,
3904CA,Dr. Slotemaker de Bruïnestraat,3,C,
3904CB,Dr. Slotemaker de Bruïnestraat,10,,01
3904CB,Dr. Slotemaker de Bruïnestraat,6,,01
3904CB,Dr. Slotemaker de Bruïnestraat,12,,01
3904CB,Dr. Slotemaker de Bruïnestraat,10,,
3904EL,Willem Dreeshof,2,,
3904ES,Willem Dreeshof,1,,
3904ES,Willem Dreeshof,3,,
3904DZ,Hovystraat,7,,
3904XA,Jacob van Ruysdaelstraat,19,,
3904XA,Jacob van Ruysdaelstraat,9,,
3904XA,Jacob van Ruysdaelstraat,3,,
3904XA,Jacob van Ruysdaelstraat,15,,
3904XA,Jacob van Ruysdaelstraat,21,,
3904XA,Jacob van Ruysdaelstraat,1,,
3904XA,Jacob van Ruysdaelstraat,17,,
3904XA,Jacob van Ruysdaelstraat,13,,
3904XB,Jacob van Ruysdaelstraat,4,,
3904XB,Jacob van Ruysdaelstraat,4,,02
3904XB,Jacob van Ruysdaelstraat,6,,02
3904XB,Jacob van Ruysdaelstraat,12,,02
3904XB,Jacob van Ruysdaelstraat,8,,
3904XB,Jacob van Ruysdaelstraat,6,,01
3904XB,Jacob van Ruysdaelstraat,4,,01
3904XB,Jacob van Ruysdaelstraat,2,,01
3904XB,Jacob van Ruysdaelstraat,10,,
3904XB,Jacob van Ruysdaelstraat,8,,01
3904XB,Jacob van Ruysdaelstraat,6,,
3904XB,Jacob van Ruysdaelstraat,2,,02
3904XB,Jacob van Ruysdaelstraat,12,,
3904XC,Jacob van Ruysdaelstraat,14,,
3904XC,Jacob van Ruysdaelstraat,16,,
3904XC,Jacob van Ruysdaelstraat,18,,
3904XC,Jacob van Ruysdaelstraat,26,,
3904XC,Jacob van Ruysdaelstraat,22,,
3904XC,Jacob van Ruysdaelstraat,28,,
3904XC,Jacob van Ruysdaelstraat,30,,
3904XC,Jacob van Ruysdaelstraat,20,,
3904XC,Jacob van Ruysdaelstraat,24,,
3904XK,Jan Steenlaan,1,,
3904XK,Jan Steenlaan,23,,
3904XK,Jan Steenlaan,9,,
3904XK,Jan Steenlaan,11,,
3904XK,Jan Steenlaan,7,,
3904XK,Jan Steenlaan,5,,
3904XL,Jan Steenlaan,43,,
3904XL,Jan Steenlaan,41,,
3904XL,Jan Steenlaan,33,,
3904XL,Jan Steenlaan,41,,02
3904XM,Jan Steenlaan,49,,01
3904XM,Jan Steenlaan,45,,
3904XM,Jan Steenlaan,47,,02
3904XM,Jan Steenlaan,45,,01
3904XN,Jan Steenlaan,67,A,
3904XN,Jan Steenlaan,63,,01
3904XN,Jan Steenlaan,57,,01
3904XN,Jan Steenlaan,61,,01
3904XN,Jan Steenlaan,57,,
3904XN,Jan Steenlaan,53,,
3904XN,Jan Steenlaan,73,,
3904XN,Jan Steenlaan,71,C,
3904XN,Jan Steenlaan,71,A,
3904XN,Jan Steenlaan,65,,
3904XN,Jan Steenlaan,71,B,
3904XP,Jan Steenlaan,12,,01
3904XP,Jan Steenlaan,14,,02
3904XP,Jan Steenlaan,6,,02
3904XP,Jan Steenlaan,8,,01
3904XR,Jan Steenlaan,18,,
3904XR,Jan Steenlaan,20,,
3904XR,Jan Steenlaan,22,,01
3904XS,Jan Steenlaan,34,,
3904XS,Jan Steenlaan,32,,02
3904XS,Jan Steenlaan,26,,
3904XS,Jan Steenlaan,26,,02
3904XS,Jan Steenlaan,36,,
3904XS,Jan Steenlaan,30,,02
3904JE,Kerkewijk,68,A,
3904JE,Kerkewijk,66,B,
3904JE,Kerkewijk,72,A,
3904JE,Kerkewijk,76,,
3904JE,Kerkewijk,68,,
3904JE,Kerkewijk,74,G,
3904JE,Kerkewijk,74,D,
3904JE,Kerkewijk,74,A,
3904JE,Kerkewijk,70,G,
3904JE,Kerkewijk,66,G,
3904JE,Kerkewijk,62,F,
3904JE,Kerkewijk,62,D,
3904JE,Kerkewijk,62,B,
3904JE,Kerkewijk,66,D,
3904JG,Kerkewijk,96,,
3904JG,Kerkewijk,102,,
3904JG,Kerkewijk,84,,
3904JG,Kerkewijk,90,,
3904JG,Kerkewijk,100,A,
3904JH,Kerkewijk,126,B,
3904JH,Kerkewijk,134,A,
3904JH,Kerkewijk,132,C,
3904JH,Kerkewijk,140,,
3904JH,Kerkewijk,134,B,
3904JJ,Kerkewijk,162,A,
3904JJ,Kerkewijk,152,,
3904JJ,Kerkewijk,148,,
3904JJ,Kerkewijk,176,,
3904EA,Klaas Katerstraat,35,,
3904EA,Klaas Katerstraat,31,,
3904EA,Klaas Katerstraat,27,,
3904EA,Klaas Katerstraat,21,,
3904EA,Klaas Katerstraat,9,,
3904EA,Klaas Katerstraat,7,,
3904EA,Klaas Katerstraat,5,,
3904EA,Klaas Katerstraat,3,A,
3904EA,Klaas Katerstraat,29,,
3904EB,Klaas Katerstraat,65,,
3904EB,Klaas Katerstraat,47,,
3904EB,Klaas Katerstraat,63,,
3904EB,Klaas Katerstraat,43,,
3904EB,Klaas Katerstraat,37,,
3904EB,Klaas Katerstraat,79,,
3904EC,Klaas Katerstraat,109,,
3904EC,Klaas Katerstraat,101,,
3904EC,Klaas Katerstraat,99,,
3904EC,Klaas Katerstraat,115,,
3904EC,Klaas Katerstraat,95,,
3904EC,Klaas Katerstraat,103,,
3904ED,Klaas Katerstraat,139,,
3904ED,Klaas Katerstraat,129,,
3904ED,Klaas Katerstraat,131,,
3904ED,Klaas Katerstraat,133,,
3904EE,Klaas Katerstraat,24,,
3904EE,Klaas Katerstraat,18,,
3904EE,Klaas Katerstraat,26,,
3904EE,Klaas Katerstraat,28,,
3904EG,Klaas Katerstraat,76,,
3904EG,Klaas Katerstraat,72,,
3904EG,Klaas Katerstraat,70,,
3904EG,Klaas Katerstraat,52,,
3904EG,Klaas Katerstraat,50,,
3904EG,Klaas Katerstraat,42,,
3904EH,Klaas Katerstraat,92,,
3904EH,Klaas Katerstraat,88,,
3904EH,Klaas Katerstraat,82,,
3904TB,Aart de Gelderstraat,3,,
3904TB,Aart de Gelderstraat,17,,
3904TB,Aart de Gelderstraat,21,,
3904TB,Aart de Gelderstraat,13,,
3904TB,Aart de Gelderstraat,9,,
3904TB,Aart de Gelderstraat,29,,
3904TC,Aart de Gelderstraat,6,,
3904TC,Aart de Gelderstraat,16,,
3904TC,Aart de Gelderstraat,26,,
3904TC,Aart de Gelderstraat,12,,
3904TD,Aart de Gelderstraat,36,,
3904TD,Aart de Gelderstraat,50,,
3904TD,Aart de Gelderstraat,68,,
3904TD,Aart de Gelderstraat,66,,
3904TD,Aart de Gelderstraat,62,,
3904TD,Aart de Gelderstraat,52,,
3904TD,Aart de Gelderstraat,48,,
3904TD,Aart de Gelderstraat,58,,
3904TJ,Adriaen van Ostadelaan,23,,
3904TJ,Adriaen van Ostadelaan,13,,
3904TJ,Adriaen van Ostadelaan,15,,
3904TJ,Adriaen van Ostadelaan,41,,
3904TJ,Adriaen van Ostadelaan,11,,
3904TJ,Adriaen van Ostadelaan,5,,
3904TK,Adriaen van Ostadelaan,26,,
3904TK,Adriaen van Ostadelaan,22,,
3904TK,Adriaen van Ostadelaan,8,,
3904TL,Adriaen van Ostadelaan,50,B,
3904TL,Adriaen van Ostadelaan,56,,
3904TL,Adriaen van Ostadelaan,70,,
3904TL,Adriaen van Ostadelaan,62,,
3904TL,Adriaen van Ostadelaan,78,,
3904TL,Adriaen van Ostadelaan,38,,
3904TL,Adriaen van Ostadelaan,34,,
3904TL,Adriaen van Ostadelaan,50,A,
3904TL,Adriaen van Ostadelaan,60,,
3904TL,Adriaen van Ostadelaan,48,,
3904TL,Adriaen van Ostadelaan,50,,
3904TL,Adriaen van Ostadelaan,44,,
3904TL,Adriaen van Ostadelaan,40,,
3904TL,Adriaen van Ostadelaan,64,,
3904XT,Bartholomeus van der Helststraat,29,,
3904XT,Bartholomeus van der Helststraat,25,,
3904XT,Bartholomeus van der Helststraat,17,,
3904HN,Bergweg,16,,
3904HN,Bergweg,12,,
3904HN,Bergweg,14,A,
3904HN,Bergweg,28,,
3904HN,Bergweg,10,,
3904HN,Bergweg,8,,
3904HP,Bergweg,38,,
3904HP,Bergweg,42,,
3904HP,Bergweg,62,,
3904HP,Bergweg,52,,
3904HP,Bergweg,56,,
3904HR,Bergweg,94,,
3904HR,Bergweg,86,,
3904HR,Bergweg,76,,
3904HR,Bergweg,78,,
3904HK,Bilderdijkstraat,33,,
3904HK,Bilderdijkstraat,27,,
3904HK,Bilderdijkstraat,3,,
3904HK,Bilderdijkstraat,1,,
3904HK,Bilderdijkstraat,31,,
3904HK,Bilderdijkstraat,17,,
3904HK,Bilderdijkstraat,14,,
3904HK,Bilderdijkstraat,8,,
3904HK,Bilderdijkstraat,16,,
3904HK,Bilderdijkstraat,22,,
3904EK,Binnenronde,5,,
3904WB,Rembrandtpark,4,,03
3904WB,Rembrandtpark,4,,01
3904WB,Rembrandtpark,2,,01
3904WB,Rembrandtpark,2,,03
3904WB,Rembrandtpark,2,,02
3904WD,Rembrandtpark,14,,01
3904WD,Rembrandtpark,16,,01
3904WD,Rembrandtpark,12,,03
3904WD,Rembrandtpark,14,,
3904WD,Rembrandtpark,16,,03
3904WE,Rembrandtpark,24,,01
3904WE,Rembrandtpark,20,,
3904WE,Rembrandtpark,18,,
3904WE,Rembrandtpark,24,,
3904WE,Rembrandtpark,18,,01
3904WE,Rembrandtpark,20,,01
3904WG,Rembrandtpark,32,,
3904WG,Rembrandtpark,26,,
3904WG,Rembrandtpark,30,,
3904WG,Rembrandtpark,32,,01
3904WH,Rembrandtpark,34,,01
3904WH,Rembrandtpark,38,,
3904WH,Rembrandtpark,40,,01
3904WH,Rembrandtpark,36,,
3904WH,Rembrandtpark,34,,
3904WH,Rembrandtpark,34,,03
3904WJ,Rembrandtpark,42,,01
3904WJ,Rembrandtpark,48,,01
3904WK,Rembrandtpark,54,,01
3904WK,Rembrandtpark,50,,
3904WK,Rembrandtpark,54,,03
3904WK,Rembrandtpark,50,,03
3904WK,Rembrandtpark,50,,02
3904WK,Rembrandtpark,1,,
3904WK,Rembrandtpark,52,,
3904WL,Rembrandtpark,58,,
3904WL,Rembrandtpark,60,,02
3904WL,Rembrandtpark,58,,01
3904WL,Rembrandtpark,58,,02
3904WL,Rembrandtpark,60,,01
3904WN,Rembrandtpark,68,,01
3904WN,Rembrandtpark,70,,01
3904WP,Rembrandtpark,78,,02
3904WP,Rembrandtpark,78,,03
3904WP,Rembrandtpark,80,,01
3904WP,Rembrandtpark,74,,
3904WP,Rembrandtpark,78,,
3904WR,Rembrandtpark,88,,03
3904WR,Rembrandtpark,86,,02
3904WR,Rembrandtpark,86,,03
3904WR,Rembrandtpark,82,,03
3904HA,Schimmelpenninckstraat,18,,
3904HA,Schimmelpenninckstraat,6,,
3904HA,Schimmelpenninckstraat,2,,
3904HA,Schimmelpenninckstraat,17,,
3904CP,Thorbeckesingel,6,,
3904CP,Thorbeckesingel,3,,
3904CP,Thorbeckesingel,16,,
3904CP,Thorbeckesingel,20,,
3904CP,Thorbeckesingel,15,,
3904CP,Thorbeckesingel,11,,
3904CP,Thorbeckesingel,18,,
3904CR,Thorbeckesingel,24,,
3904CR,Thorbeckesingel,35,,
3904CR,Thorbeckesingel,29,,
3904CR,Thorbeckesingel,25,,
3904CR,Thorbeckesingel,31,,
3904CR,Thorbeckesingel,30,,
3904CR,Thorbeckesingel,21,,
3904CS,Thorbeckesingel,41,,
3904CS,Thorbeckesingel,51,,
3904CS,Thorbeckesingel,55,,
3904CS,Thorbeckesingel,58,,
3904CS,Thorbeckesingel,49,,
3904CT,Thorbeckesingel,80,,
3904CT,Thorbeckesingel,75,,
3904CT,Thorbeckesingel,69,,
3904CT,Thorbeckesingel,73,,
3904CT,Thorbeckesingel,84,,
3904CT,Thorbeckesingel,71,,
3904CT,Thorbeckesingel,64,,
3904CT,Thorbeckesingel,82,,
3904CT,Thorbeckesingel,79,,
3904CV,Thorbeckesingel,107,,
3904CV,Thorbeckesingel,92,,
3904CV,Thorbeckesingel,93,,
3904CV,Thorbeckesingel,91,,
3904CV,Thorbeckesingel,87,,
3904CV,Thorbeckesingel,101,,
3904CV,Thorbeckesingel,106,,
3904CV,Thorbeckesingel,105,,
3904CW,Thorbeckesingel,110,,
3904HB,Van der Duyn van Maasdamstraat,11,,
3904HB,Van der Duyn van Maasdamstraat,6,,
3904HB,Van der Duyn van Maasdamstraat,16,,
3904HB,Van der Duyn van Maasdamstraat,5,,
3904HB,Van der Duyn van Maasdamstraat,19,,
3904HB,Van der Duyn van Maasdamstraat,20,,
3904HD,Van Hogendorpstraat,21,,
3904HD,Van Hogendorpstraat,31,,
3904HD,Van Hogendorpstraat,25,,
3904HD,Van Hogendorpstraat,17,,
3904HD,Van Hogendorpstraat,7,,
3904HD,Van Hogendorpstraat,33,,
3904HE,Van Hogendorpstraat,26,,
3904HE,Van Hogendorpstraat,20,,
3904HE,Van Hogendorpstraat,6,,
3904HE,Van Hogendorpstraat,12,,
3904HE,Van Hogendorpstraat,4,,
3904HE,Van Hogendorpstraat,2,,
3904HE,Van Hogendorpstraat,22,,
3904HC,Van Limburg Stirumstraat,12,,
3904HC,Van Limburg Stirumstraat,20,,
3904HC,Van Limburg Stirumstraat,11,,
3904HC,Van Limburg Stirumstraat,14,,
3904HC,Van Limburg Stirumstraat,1,,
3904HC,Van Limburg Stirumstraat,7,,
3904HC,Van Limburg Stirumstraat,21,,
3904EV,W.C. Beeremansstraat,35,,
3904EV,W.C. Beeremansstraat,27,,
3904EV,W.C. Beeremansstraat,19,,
3904EV,W.C. Beeremansstraat,11,,
3904EV,W.C. Beeremansstraat,1,,
3904EV,W.C. Beeremansstraat,39,,
3904EW,W.C. Beeremansstraat,22,,
3904EW,W.C. Beeremansstraat,2,,
3904EW,W.C. Beeremansstraat,12,,
3904EX,W.C. Beeremansstraat,30,,
3904EX,W.C. Beeremansstraat,42,,
3904EX,W.C. Beeremansstraat,34,,
3904EX,W.C. Beeremansstraat,52,,
3904CH,Westersingel,5,,02
3904CH,Westersingel,7,,02
3904CH,Westersingel,13,,01
3904CH,Westersingel,1,,
3904CH,Westersingel,3,,
3904CH,Westersingel,13,,
3904CH,Westersingel,15,,
3904CH,Westersingel,5,,01
3904CH,Westersingel,3,,01
3904CH,Westersingel,15,,01
3904CH,Westersingel,13,,02
3904CJ,Westersingel,21,,02
3904CJ,Westersingel,29,,02
3904CJ,Westersingel,27,,
3904CJ,Westersingel,17,,
3904CJ,Westersingel,23,,01
3904CJ,Westersingel,29,,01
3904CJ,Westersingel,31,,01
3904CK,Westersingel,41,,
3904CK,Westersingel,43,,01
3904CK,Westersingel,47,,02
3904CK,Westersingel,45,,02
3904CK,Westersingel,47,,
3904CK,Westersingel,45,,01
3904CK,Westersingel,47,,01
3904CK,Westersingel,41,,02
3904CK,Westersingel,35,,
3904CK,Westersingel,37,,
3904CK,Westersingel,37,,GA07
3904CK,Westersingel,33,,01
3904CL,Westersingel,51,,01
3904CL,Westersingel,59,,01
3904CL,Westersingel,59,,02
3904CL,Westersingel,55,,
3904CL,Westersingel,51,,
3904CL,Westersingel,49,,GA05
3904CL,Westersingel,49,,GA02
3904CL,Westersingel,49,,GA11
3904CL,Westersingel,57,,02
3904CL,Westersingel,53,,01
3904CM,Westersingel,69,,02
3904CM,Westersingel,75,,02
3904CM,Westersingel,75,,
3904CM,Westersingel,65,,01
3904CM,Westersingel,75,,01
3904CM,Westersingel,69,,
3904CN,Westersingel,89,,02
3904CN,Westersingel,81,,
3904CN,Westersingel,83,,02
3904CN,Westersingel,91,,01
3904CN,Westersingel,77,,01
3904CN,Westersingel,77,,GA08
3904CN,Westersingel,77,,GA04
3904CN,Westersingel,77,,GA03
3904CN,Westersingel,77,,GA02
3904CN,Westersingel,79,,
3904CN,Westersingel,85,,01
3904XH,Frans Halslaan,5,,
3904XJ,Frans Halslaan,24,,
3904XJ,Frans Halslaan,6,,02
3904XJ,Frans Halslaan,12,,01
3904XJ,Frans Halslaan,2,,01
3904XJ,Frans Halslaan,14,,
3904XJ,Frans Halslaan,6,,
3904XJ,Frans Halslaan,2,,
3904TE,Gerard Terborchstraat,6,,
3904TE,Gerard Terborchstraat,17,A,
3904TE,Gerard Terborchstraat,8,,
3904TE,Gerard Terborchstraat,3,,
3904TE,Gerard Terborchstraat,2,,
3904TE,Gerard Terborchstraat,30,,
3904TE,Gerard Terborchstraat,21,,
3904TE,Gerard Terborchstraat,15,,
3904TE,Gerard Terborchstraat,22,,
3904TE,Gerard Terborchstraat,13,,
3904TE,Gerard Terborchstraat,26,,
3904BA,Groen van Prinstererstraat,12,,
3904BA,Groen van Prinstererstraat,18,,
3904BA,Groen van Prinstererstraat,14,,
3904BA,Groen van Prinstererstraat,10,,
3904BA,Groen van Prinstererstraat,2,,
3904BA,Groen van Prinstererstraat,7,,
3904BA,Groen van Prinstererstraat,5,,
3904BA,Groen van Prinstererstraat,17,,
3904BA,Groen van Prinstererstraat,4,,
3904BA,Groen van Prinstererstraat,9,,
3904BB,Groen van Prinstererstraat,20,,
3904BB,Groen van Prinstererstraat,36,,
3904BB,Groen van Prinstererstraat,31,,
3904BB,Groen van Prinstererstraat,27,,
3904BB,Groen van Prinstererstraat,26,,
3904BB,Groen van Prinstererstraat,22,,
3904BB,Groen van Prinstererstraat,26,A,
3904BB,Groen van Prinstererstraat,19,,
3904XD,Meindert Hobbemastraat,17,,
3904XD,Meindert Hobbemastraat,7,,
3904XD,Meindert Hobbemastraat,19,,
3904XD,Meindert Hobbemastraat,1,,
3904XD,Meindert Hobbemastraat,5,,
3904XE,Meindert Hobbemastraat,2,,02
3904XE,Meindert Hobbemastraat,6,,02
3904XE,Meindert Hobbemastraat,2,,
3904XE,Meindert Hobbemastraat,4,,
3904XE,Meindert Hobbemastraat,6,,
3904XE,Meindert Hobbemastraat,8,,02
3904XG,Meindert Hobbemastraat,18,,
3904XG,Meindert Hobbemastraat,28,,
3904XG,Meindert Hobbemastraat,22,,
3904EZ,Mr. Dr. Schokkingstraat,61,,
3904EZ,Mr. Dr. Schokkingstraat,69,,
3904EZ,Mr. Dr. Schokkingstraat,31,,GA10
3904EZ,Mr. Dr. Schokkingstraat,27,,GA13
3904EZ,Mr. Dr. Schokkingstraat,27,,GA12
3904EZ,Mr. Dr. Schokkingstraat,27,,GA06
3904EZ,Mr. Dr. Schokkingstraat,31,,GA06
3904EZ,Mr. Dr. Schokkingstraat,31,,GA03
3904EZ,Mr. Dr. Schokkingstraat,77,,
3904EZ,Mr. Dr. Schokkingstraat,79,,
3904EZ,Mr. Dr. Schokkingstraat,71,,
3904EZ,Mr. Dr. Schokkingstraat,127,,
3904EZ,Mr. Dr. Schokkingstraat,117,,
3904EZ,Mr. Dr. Schokkingstraat,107,,
3904EZ,Mr. Dr. Schokkingstraat,105,,
3904EZ,Mr. Dr. Schokkingstraat,119,,
3904EZ,Mr. Dr. Schokkingstraat,23,,
3904EZ,Mr. Dr. Schokkingstraat,13,,
3904EZ,Mr. Dr. Schokkingstraat,5,,
3904EZ,Mr. Dr. Schokkingstraat,19,,
3904EZ,Mr. Dr. Schokkingstraat,57,,
3904EZ,Mr. Dr. Schokkingstraat,53,,
3904EZ,Mr. Dr. Schokkingstraat,37,,
3904EZ,Mr. Dr. Schokkingstraat,27,,GA17
3904EZ,Mr. Dr. Schokkingstraat,83,,
3904EZ,Mr. Dr. Schokkingstraat,81,,
3904EZ,Mr. Dr. Schokkingstraat,109,,
3904EZ,Mr. Dr. Schokkingstraat,93,,
3904GA,Mr. Heemskerkstraat,23,,
3904GA,Mr. Heemskerkstraat,3,,
3904GA,Mr. Heemskerkstraat,1,,
3904GA,Mr. Heemskerkstraat,11,,
3904GB,Mr. Heemskerkstraat,79,,
3904GB,Mr. Heemskerkstraat,109,,
3904GB,Mr. Heemskerkstraat,93,,
3904GB,Mr. Heemskerkstraat,77,,
3904GB,Mr. Heemskerkstraat,105,,
3904GB,Mr. Heemskerkstraat,101,,
3904GB,Mr. Heemskerkstraat,97,,
3904GB,Mr. Heemskerkstraat,89,,
3904GB,Mr. Heemskerkstraat,87,,
3904GB,Mr. Heemskerkstraat,75,,
3904GB,Mr. Heemskerkstraat,69,,
3904GB,Mr. Heemskerkstraat,67,,
3904GB,Mr. Heemskerkstraat,59,,
3904GB,Mr. Heemskerkstraat,35,,
3904GB,Mr. Heemskerkstraat,31,,
3904GB,Mr. Heemskerkstraat,83,,
3904GC,Mr. Heemskerkstraat,12,,
3904GC,Mr. Heemskerkstraat,8,,
3904GC,Mr. Heemskerkstraat,6,,
3904GD,Mr. Heemskerkstraat,40,,
3904GD,Mr. Heemskerkstraat,46,,
3904GD,Mr. Heemskerkstraat,60,,
3904AJ,Nicolaas Beetsstraat,4,,
3904AJ,Nicolaas Beetsstraat,1,,
3904AA,Patrimoniumlaan,21,,
3904AA,Patrimoniumlaan,3,,
3904AA,Patrimoniumlaan,13,,
3904AA,Patrimoniumlaan,17,,
3904AA,Patrimoniumlaan,7,,
3904AA,Patrimoniumlaan,11,,
3904AB,Patrimoniumlaan,27,,
3904AB,Patrimoniumlaan,39,,
3904AB,Patrimoniumlaan,49,,
3904AB,Patrimoniumlaan,57,,
3904AB,Patrimoniumlaan,71,,
3904AB,Patrimoniumlaan,63,,
3904AB,Patrimoniumlaan,29,,
3904AC,Patrimoniumlaan,89,,
3904AC,Patrimoniumlaan,83,,
3904AC,Patrimoniumlaan,77,,
3904AD,Patrimoniumlaan,22,,
3904AD,Patrimoniumlaan,34,,
3904AD,Patrimoniumlaan,32,A,
3904AD,Patrimoniumlaan,22,A,
3904AD,Patrimoniumlaan,6,C,
3904AD,Patrimoniumlaan,6,B,
3904AD,Patrimoniumlaan,8,,
3904AD,Patrimoniumlaan,14,,
3904AD,Patrimoniumlaan,18,,
3904AD,Patrimoniumlaan,4,,
3904AE,Patrimoniumlaan,64,,
3904AE,Patrimoniumlaan,50,,
3904AE,Patrimoniumlaan,50,B,
3904AE,Patrimoniumlaan,40,,
3904AE,Patrimoniumlaan,38,A,
3904AE,Patrimoniumlaan,40,,
3904AE,Patrimoniumlaan,44,,
3904AE,Patrimoniumlaan,54,,
3904AE,Patrimoniumlaan,36,,
3904AE,Patrimoniumlaan,60,,
3904AE,Patrimoniumlaan,54,A,
3904AE,Patrimoniumlaan,74,,
3904AE,Patrimoniumlaan,52,B,
3904AG,Patrimoniumlaan,88,,
3904AG,Patrimoniumlaan,82,,
3904AG,Patrimoniumlaan,98,,
3904AG,Patrimoniumlaan,94,,
3904AG,Patrimoniumlaan,90,,
3904AG,Patrimoniumlaan,92,,
3904AH,Patrimoniumlaan,102,,
3904AH,Patrimoniumlaan,106,,
3904AH,Patrimoniumlaan,124,,
3904AH,Patrimoniumlaan,116,,
3904ZC,Paulus Potterstraat,15,,
3904ZC,Paulus Potterstraat,3,,
3904ZC,Paulus Potterstraat,27,,
3904ZC,Paulus Potterstraat,17,,
3904ZC,Paulus Potterstraat,14,,
3904ZC,Paulus Potterstraat,9,,
3904ZC,Paulus Potterstraat,26,,
3904ZC,Paulus Potterstraat,2,,
3904ZC,Paulus Potterstraat,4,,
3904ZC,Paulus Potterstraat,10,,
3904ZC,Paulus Potterstraat,29,,
3904ZC,Paulus Potterstraat,23,,
3904VK,Ferdinand Bolstraat,15,,
3904VK,Ferdinand Bolstraat,5,,
3904VK,Ferdinand Bolstraat,31,,
3904VL,Ferdinand Bolstraat,32,,
3904VL,Ferdinand Bolstraat,20,,
3904VL,Ferdinand Bolstraat,8,,
3904VL,Ferdinand Bolstraat,14,,
3904VM,Ferdinand Bolstraat,42,,02
3904VM,Ferdinand Bolstraat,38,,01
3904VM,Ferdinand Bolstraat,42,,01
3904VM,Ferdinand Bolstraat,34,,02
3904VM,Ferdinand Bolstraat,34,,01
3904VM,Ferdinand Bolstraat,36,,
3904ZG,Gabriël Metsulaan,24,,
3904ZG,Gabriël Metsulaan,18,,
3904ZG,Gabriël Metsulaan,6,,
3904ZG,Gabriël Metsulaan,3,,
3904ZG,Gabriël Metsulaan,12,,
3904ZG,Gabriël Metsulaan,10,,
3904VE,Govert Flinckstraat,9,,
3904VE,Govert Flinckstraat,7,,
3904VE,Govert Flinckstraat,17,,
3904VE,Govert Flinckstraat,27,,
3904VE,Govert Flinckstraat,23,,
3904VE,Govert Flinckstraat,13,,
3904VG,Govert Flinckstraat,43,,
3904VG,Govert Flinckstraat,35,,
3904VG,Govert Flinckstraat,31,,
3904VG,Govert Flinckstraat,29,,
3904VG,Govert Flinckstraat,49,,
3904VH,Govert Flinckstraat,4,,
3904VH,Govert Flinckstraat,16,,
3904VH,Govert Flinckstraat,24,,
3904VJ,Govert Flinckstraat,42,,
3904VJ,Govert Flinckstraat,46,,
3904VJ,Govert Flinckstraat,48,,
3904VA,Jan van Goyenstraat,19,,
3904VA,Jan van Goyenstraat,7,,
3904VA,Jan van Goyenstraat,5,,
3904VB,Jan van Goyenstraat,57,,
3904VB,Jan van Goyenstraat,49,,
3904VB,Jan van Goyenstraat,45,,
3904VB,Jan van Goyenstraat,41,,
3904VC,Jan van Goyenstraat,24,,
3904VC,Jan van Goyenstraat,20,,
3904VC,Jan van Goyenstraat,14,,
3904VC,Jan van Goyenstraat,10,,
3904VC,Jan van Goyenstraat,2,,
3904VC,Jan van Goyenstraat,12,,
3904VD,Jan van Goyenstraat,30,,
3904VD,Jan van Goyenstraat,48,,
3904VD,Jan van Goyenstraat,60,,
3904AX,Dr. Slotemaker de Bruïneplein,21,A,
3904CA,Dr. Slotemaker de Bruïneplein,5,A,
3904CA,Dr. Slotemaker de Bruïneplein,5,,
3904CA,Dr. Slotemaker de Bruïneplein,7,,
3904CA,Dr. Slotemaker de Bruïneplein,1,,
3904CA,Dr. Slotemaker de Bruïneplein,1,,Bis
3904CA,Dr. Slotemaker de Bruïneplein,3,,
3904CX,Dr. Slotemaker de Bruïneplein,29,,
3904CX,Dr. Slotemaker de Bruïneplein,21,A,
3904CX,Dr. Slotemaker de Bruïneplein,11,A,
3904CX,Dr. Slotemaker de Bruïneplein,5,A,
3904CX,Dr. Slotemaker de Bruïneplein,5,A,
3904CX,Dr. Slotemaker de Bruïneplein,13,,
3904CX,Dr. Slotemaker de Bruïneplein,11,,
3904CX,Dr. Slotemaker de Bruïneplein,23,A,
3904CX,Dr. Slotemaker de Bruïneplein,5,,
3904CX,Dr. Slotemaker de Bruïneplein,5,,
3904CX,Dr. Slotemaker de Bruïneplein,7,,
3904CX,Dr. Slotemaker de Bruïneplein,7,,
3904CX,Dr. Slotemaker de Bruïneplein,1,,
3904CX,Dr. Slotemaker de Bruïneplein,1,,Bis
3904CX,Dr. Slotemaker de Bruïneplein,1,,Bis
3904CX,Dr. Slotemaker de Bruïneplein,3,,
3904CX,Dr. Slotemaker de Bruïneplein,3,,
3904TA,Gerard de Lairessestraat,2,,
3904TA,Gerard de Lairessestraat,6,,
3904TA,Gerard de Lairessestraat,12,,
3904TA,Gerard de Lairessestraat,3,,
3904ZD,Gerard Doustraat,27,,
3904ZD,Gerard Doustraat,15,,
3904ZD,Gerard Doustraat,7,,
3904ZD,Gerard Doustraat,33,A,
3904ZD,Gerard Doustraat,31,,
3904ZD,Gerard Doustraat,3,,
3904ZE,Gerard Doustraat,30,,
3904ZE,Gerard Doustraat,18,,
3904ZE,Gerard Doustraat,12,,
3904ZE,Gerard Doustraat,2,A,
3904HG,P.H. van Rijnstraat,27,,
3904HG,P.H. van Rijnstraat,1,,
3904HG,P.H. van Rijnstraat,9,,
3904HG,P.H. van Rijnstraat,5,,
3904HG,P.H. van Rijnstraat,31,,
3904HG,P.H. van Rijnstraat,11,,
3904HH,P.H. van Rijnstraat,8,,
3904HH,P.H. van Rijnstraat,8,,
3904HH,P.H. van Rijnstraat,26,,
3904HH,P.H. van Rijnstraat,22,,
3904HH,P.H. van Rijnstraat,12,,
3904HH,P.H. van Rijnstraat,12,,
3904HH,P.H. van Rijnstraat,10,,
3904HH,P.H. van Rijnstraat,10,,
3904HH,P.H. van Rijnstraat,26,H,
3904HH,P.H. van Rijnstraat,26,D,
3904HH,P.H. van Rijnstraat,34,,
3904HH,P.H. van Rijnstraat,30,,
3904HH,P.H. van Rijnstraat,26,A,
3904HH,P.H. van Rijnstraat,32,,
3904HJ,P.H. van Rijnstraat,64,,
3904HJ,P.H. van Rijnstraat,44,,
3904HJ,P.H. van Rijnstraat,46,,
3904TH,Petrus Paulus Rubensstraat,14,,
3904ZB,Jan Vermeerstraat,7,,
3904ZB,Jan Vermeerstraat,13,,
3904ZB,Jan Vermeerstraat,1,,
3904ZB,Jan Vermeerstraat,10,,
3904ZB,Jan Vermeerstraat,9,,
3904ZB,Jan Vermeerstraat,4,,
3904BD,Keucheniusstraat,31,,
3904BD,Keucheniusstraat,27,,
3904BD,Keucheniusstraat,13,,
3904BD,Keucheniusstraat,39,,
3904BD,Keucheniusstraat,23,,
3904BD,Keucheniusstraat,9,,
3904BE,Keucheniusstraat,6,,
3904BE,Keucheniusstraat,36,,
3904BE,Keucheniusstraat,18,,
3904BE,Keucheniusstraat,4,,
3904AL,Talmaplein,20,,
3904AL,Talmaplein,10,,
3904AL,Talmaplein,6,,
3904AL,Talmaplein,12,,
3904AL,Talmaplein,4,,
3904AL,Talmaplein,18,,
3904AL,Talmaplein,3,,
3904AL,Talmaplein,15,,
3904HS,De Clercqstraat,32,,
3904HS,De Clercqstraat,27,,
3904HS,De Clercqstraat,9,,
3904HS,De Clercqstraat,14,,
3904HS,De Clercqstraat,30,,
3904HS,De Clercqstraat,3,,
3904HS,De Clercqstraat,28,,
3904HS,De Clercqstraat,15,,
3904HS,De Clercqstraat,4,,
3904HS,De Clercqstraat,1,,
3904HS,De Clercqstraat,33,,
3904HS,De Clercqstraat,10,,
3904HS,De Clercqstraat,25,,
3904HS,De Clercqstraat,29,,
3904AX,Dr. Kuyperstraat,3,,
3904AX,Dr. Kuyperstraat,21,,
3904AX,Dr. Kuyperstraat,19,,
3904AX,Dr. Kuyperstraat,11,,
3904AX,Dr. Kuyperstraat,17,,
3904ZH,Rembrandtlaan,1,,02
3904ZH,Rembrandtlaan,5,,01
3904ZH,Rembrandtlaan,7,,01
3904ZH,Rembrandtlaan,1,,01
3904ZH,Rembrandtlaan,7,,
3904ZH,Rembrandtlaan,3,,01
3904ZJ,Rembrandtlaan,13,,01
3904ZK,Rembrandtlaan,41,,
3904ZK,Rembrandtlaan,43,,
3904ZK,Rembrandtlaan,33,,
3904ZK,Rembrandtlaan,27,,
3904ZL,Rembrandtlaan,57,,
3904ZL,Rembrandtlaan,71,,
3904ZL,Rembrandtlaan,65,,
3904ZL,Rembrandtlaan,69,,
3904ZL,Rembrandtlaan,67,,
3904EV,Joop den Uylhof,14,,
3904EV,Joop den Uylhof,6,,
3904EV,Joop den Uylhof,10,,
3904EW,Joop den Uylhof,13,,
3904EW,Joop den Uylhof,3,,
3904EW,Joop den Uylhof,15,,
3904EW,Joop den Uylhof,7,,
3904AK,Talmastraat,4,,
3904AK,Talmastraat,2,,
3904AK,Talmastraat,4,,
3904BC,Da Costaplein,2,,
3904AZ,Da Costastraat,8,,
3904ZA,David Tenierslaan,108,,
3904ZA,David Tenierslaan,130,,
3904ZA,David Tenierslaan,128,,
3904ZA,David Tenierslaan,4,,02
3904ZA,David Tenierslaan,4,,03
3904ZA,David Tenierslaan,4,,04
3904ZA,David Tenierslaan,4,,05
3904ZA,David Tenierslaan,4,,06
3904ZA,David Tenierslaan,4,,07
3904ZA,David Tenierslaan,4,,08
3904ZA,David Tenierslaan,4,A,1
3904ZA,David Tenierslaan,4,A,2
3904ZA,David Tenierslaan,4,A,3
3904ZA,David Tenierslaan,4,A,4
3904ZA,David Tenierslaan,4,A,5
3904ZA,David Tenierslaan,4,A,6
3904ZA,David Tenierslaan,4,A,7
3904ZA,David Tenierslaan,4,A,8
3904ZA,David Tenierslaan,4,,
3904ZA,David Tenierslaan,4,B,3
3904ZA,David Tenierslaan,4,B,4
3904ZA,David Tenierslaan,4,C,1
3904ZA,David Tenierslaan,4,C,3
3904ZA,David Tenierslaan,4,C,4
3904ZA,David Tenierslaan,4,D,3
3904ZA,David Tenierslaan,4,D,4
3904ZA,David Tenierslaan,4,D,5
3904ZA,David Tenierslaan,4,D,6
3904ZA,David Tenierslaan,4,D,7
3904ZA,David Tenierslaan,4,D,8
3904ZA,David Tenierslaan,4,D,9
3904ZA,David Tenierslaan,4,C,2
3904ZA,David Tenierslaan,4,E,1
3904ZA,David Tenierslaan,4,E,2
3904ZA,David Tenierslaan,4,E,3
3904ZA,David Tenierslaan,4,E,4
3904ZA,David Tenierslaan,4,E,5
3904ZA,David Tenierslaan,4,E,6
3904ZA,David Tenierslaan,4,E,7
3904ZA,David Tenierslaan,4,E,8
3904AN,De Savornin Lohmanstraat,49,,
3904AP,De Savornin Lohmanstraat,121,,
3904AR,De Savornin Lohmanstraat,159,,
3904AS,De Savornin Lohmanstraat,22,,
3904AS,De Savornin Lohmanstraat,2,,
3904AT,De Savornin Lohmanstraat,84,,
3904AT,De Savornin Lohmanstraat,82,,
3904AT,De Savornin Lohmanstraat,62,,
3904EL,Dr. Colijnstraat,7,B,
3904EL,Dr. Colijnstraat,7,B,
3904EL,Dr. Colijnstraat,7,A,
3904EL,Dr. Colijnstraat,7,A,
3904EL,Dr. Colijnstraat,7,C,
3904EL,Dr. Colijnstraat,7,C,
3904EL,Dr. Colijnstraat,5,C,
3904EL,Dr. Colijnstraat,5,C,
3904EL,Dr. Colijnstraat,5,A,
3904EL,Dr. Colijnstraat,5,A,
3904EL,Dr. Colijnstraat,5,,
3904EL,Dr. Colijnstraat,5,,
3904EL,Dr. Colijnstraat,5,B,
3904EL,Dr. Colijnstraat,5,B,
3904EL,Dr. Colijnstraat,15,A,
3904EL,Dr. Colijnstraat,15,A,
3904EL,Dr. Colijnstraat,11,C,
3904EL,Dr. Colijnstraat,11,C,
3904EL,Dr. Colijnstraat,13,B,
3904EL,Dr. Colijnstraat,13,B,
3904EL,Dr. Colijnstraat,13,A,
3904EL,Dr. Colijnstraat,13,A,
3904EL,Dr. Colijnstraat,11,A,
3904EL,Dr. Colijnstraat,11,A,
3904EL,Dr. Colijnstraat,9,C,
3904EL,Dr. Colijnstraat,9,C,
3904EL,Dr. Colijnstraat,11,B,
3904EL,Dr. Colijnstraat,11,B,
3904EL,Dr. Colijnstraat,13,C,
3904EL,Dr. Colijnstraat,13,C,
3904EL,Dr. Colijnstraat,9,A,
3904EL,Dr. Colijnstraat,9,A,
3904EL,Dr. Colijnstraat,9,B,
3904EL,Dr. Colijnstraat,9,B,
3904EL,Dr. Colijnstraat,15,C,
3904EL,Dr. Colijnstraat,15,C,
3904EL,Dr. Colijnstraat,15,B,
3904EL,Dr. Colijnstraat,15,B,
3904EL,Dr. Colijnstraat,21,A,
3904EL,Dr. Colijnstraat,21,A,
3904EL,Dr. Colijnstraat,29,C,
3904EL,Dr. Colijnstraat,29,C,
3904EL,Dr. Colijnstraat,17,C,
3904EL,Dr. Colijnstraat,17,C,
3904EL,Dr. Colijnstraat,29,A,
3904EL,Dr. Colijnstraat,29,A,
3904EL,Dr. Colijnstraat,25,B,
3904EL,Dr. Colijnstraat,25,B,
3904EL,Dr. Colijnstraat,23,A,
3904EL,Dr. Colijnstraat,23,A,
3904EL,Dr. Colijnstraat,25,A,
3904EL,Dr. Colijnstraat,25,A,
3904EL,Dr. Colijnstraat,21,C,
3904EL,Dr. Colijnstraat,21,C,
3904EL,Dr. Colijnstraat,21,B,
3904EL,Dr. Colijnstraat,21,B,
3904EL,Dr. Colijnstraat,27,A,
3904EL,Dr. Colijnstraat,27,A,
3904EL,Dr. Colijnstraat,21,D,
3904EL,Dr. Colijnstraat,21,D,
3904EL,Dr. Colijnstraat,19,C,
3904EL,Dr. Colijnstraat,19,C,
3904EL,Dr. Colijnstraat,17,B,
3904EL,Dr. Colijnstraat,17,B,
3904EL,Dr. Colijnstraat,23,B,
3904EL,Dr. Colijnstraat,23,B,
3904EL,Dr. Colijnstraat,27,C,
3904EL,Dr. Colijnstraat,27,C,
3904EL,Dr. Colijnstraat,29,B,
3904EL,Dr. Colijnstraat,29,B,
3904EL,Dr. Colijnstraat,19,D,
3904EL,Dr. Colijnstraat,19,D,
3904EL,Dr. Colijnstraat,19,B,
3904EL,Dr. Colijnstraat,19,B,
3904EL,Dr. Colijnstraat,25,C,
3904EL,Dr. Colijnstraat,25,C,
3904EL,Dr. Colijnstraat,23,D,
3904EL,Dr. Colijnstraat,23,D,
3904EL,Dr. Colijnstraat,23,C,
3904EL,Dr. Colijnstraat,23,C,
3904EL,Dr. Colijnstraat,17,A,
3904EL,Dr. Colijnstraat,17,A,
3904EL,Dr. Colijnstraat,27,B,
3904EL,Dr. Colijnstraat,27,B,
3904EL,Dr. Colijnstraat,27,D,
3904EL,Dr. Colijnstraat,27,D,
3904EL,Dr. Colijnstraat,19,A,
3904EL,Dr. Colijnstraat,19,A,
3904EL,Dr. Colijnstraat,33,G,
3904EL,Dr. Colijnstraat,33,G,
3904EL,Dr. Colijnstraat,35,B,
3904EL,Dr. Colijnstraat,35,B,
3904EL,Dr. Colijnstraat,35,C,
3904EL,Dr. Colijnstraat,35,C,
3904EL,Dr. Colijnstraat,35,D,
3904EL,Dr. Colijnstraat,35,D,
3904EL,Dr. Colijnstraat,29,D,
3904EL,Dr. Colijnstraat,29,D,
3904EL,Dr. Colijnstraat,33,C,
3904EL,Dr. Colijnstraat,33,C,
3904EL,Dr. Colijnstraat,37,C,
3904EL,Dr. Colijnstraat,37,C,
3904EL,Dr. Colijnstraat,33,F,
3904EL,Dr. Colijnstraat,33,F,
3904EL,Dr. Colijnstraat,33,E,
3904EL,Dr. Colijnstraat,33,E,
3904EL,Dr. Colijnstraat,31,A,
3904EL,Dr. Colijnstraat,31,A,
3904EL,Dr. Colijnstraat,37,A,
3904EL,Dr. Colijnstraat,37,A,
3904EL,Dr. Colijnstraat,37,D,
3904EL,Dr. Colijnstraat,37,D,
3904EL,Dr. Colijnstraat,33,B,
3904EL,Dr. Colijnstraat,33,B,
3904EL,Dr. Colijnstraat,31,D,
3904EL,Dr. Colijnstraat,31,D,
3904EL,Dr. Colijnstraat,33,H,
3904EL,Dr. Colijnstraat,33,H,
3904EL,Dr. Colijnstraat,31,B,
3904EL,Dr. Colijnstraat,31,B,
3904EL,Dr. Colijnstraat,33,D,
3904EL,Dr. Colijnstraat,33,D,
3904EL,Dr. Colijnstraat,37,B,
3904EL,Dr. Colijnstraat,37,B,
3904EL,Dr. Colijnstraat,31,C,
3904EL,Dr. Colijnstraat,31,C,
3904EL,Dr. Colijnstraat,29,,
3904EL,Dr. Colijnstraat,29,,
3904EL,Dr. Colijnstraat,33,,
3904EL,Dr. Colijnstraat,33,,
3904EL,Dr. Colijnstraat,7,,
3904EL,Dr. Colijnstraat,7,,
3904EL,Dr. Colijnstraat,11,,
3904EL,Dr. Colijnstraat,11,,
3904EL,Dr. Colijnstraat,17,,
3904EL,Dr. Colijnstraat,17,,
3904EL,Dr. Colijnstraat,13,,
3904EL,Dr. Colijnstraat,13,,
3904EL,Dr. Colijnstraat,15,,
3904EL,Dr. Colijnstraat,15,,
3904EL,Dr. Colijnstraat,9,,
3904EL,Dr. Colijnstraat,9,,
3904EL,Dr. Colijnstraat,23,,
3904EL,Dr. Colijnstraat,23,,
3904EL,Dr. Colijnstraat,25,,
3904EL,Dr. Colijnstraat,25,,
3904EL,Dr. Colijnstraat,35,,
3904EL,Dr. Colijnstraat,35,,
3904EL,Dr. Colijnstraat,31,,
3904EL,Dr. Colijnstraat,31,,
3904EL,Dr. Colijnstraat,19,,
3904EL,Dr. Colijnstraat,19,,
3904EL,Dr. Colijnstraat,37,,
3904EL,Dr. Colijnstraat,37,,
3904EL,Dr. Colijnstraat,27,,
3904EL,Dr. Colijnstraat,27,,
3904EL,Dr. Colijnstraat,33,A,
3904EL,Dr. Colijnstraat,33,A,
3904EL,Dr. Colijnstraat,33,A,
3904EL,Dr. Colijnstraat,21,,
3904EL,Dr. Colijnstraat,35,A,
3904ER,Dr. Colijnstraat,119,,
3904ET,Dr. Colijnstraat,68,,
3904ET,Dr. Colijnstraat,68,A,
3904ET,Dr. Colijnstraat,68,B,
3904ET,Dr. Colijnstraat,68,C,
3904ET,Dr. Colijnstraat,68,D,
3904ET,Dr. Colijnstraat,68,E,
3904ET,Dr. Colijnstraat,68,,
3904ET,Dr. Colijnstraat,68,A,
3904ET,Dr. Colijnstraat,68,B,
3904ET,Dr. Colijnstraat,68,C,
3904ET,Dr. Colijnstraat,68,D,
3904ET,Dr. Colijnstraat,68,E,
3904ET,Dr. Colijnstraat,68,G,
3904ET,Dr. Colijnstraat,68,H,
3904ET,Dr. Colijnstraat,68,K,
3904ET,Dr. Colijnstraat,68,L,
3904ET,Dr. Colijnstraat,68,M,
3904ET,Dr. Colijnstraat,68,N,
3904ET,Dr. Colijnstraat,68,P,
3904ET,Dr. Colijnstraat,68,R,
3904ET,Dr. Colijnstraat,68,T,
3904GE,Dr. de Visserstraat,3,,
3904GG,Dr. de Visserstraat,18,,
3904GG,Dr. de Visserstraat,36,A,
3904CA,Dr. Slotemaker de Bruïnestraat,17,,
3904CB,Dr. Slotemaker de Bruïnestraat,8,,
3904CB,Dr. Slotemaker de Bruïnestraat,6,A,
3904CB,Dr. Slotemaker de Bruïnestraat,6,A,
3904CB,Dr. Slotemaker de Bruïnestraat,6,C,
3904CB,Dr. Slotemaker de Bruïnestraat,6,C,
3904CB,Dr. Slotemaker de Bruïnestraat,4,A,
3904CB,Dr. Slotemaker de Bruïnestraat,4,A,
3904CB,Dr. Slotemaker de Bruïnestraat,8,A,
3904CB,Dr. Slotemaker de Bruïnestraat,8,A,
3904CB,Dr. Slotemaker de Bruïnestraat,6,B,
3904CB,Dr. Slotemaker de Bruïnestraat,6,B,
3904CB,Dr. Slotemaker de Bruïnestraat,4,C,
3904CB,Dr. Slotemaker de Bruïnestraat,4,C,
3904CB,Dr. Slotemaker de Bruïnestraat,10,B,
3904CB,Dr. Slotemaker de Bruïnestraat,10,B,
3904CB,Dr. Slotemaker de Bruïnestraat,2,,
3904CB,Dr. Slotemaker de Bruïnestraat,2,,
3904CB,Dr. Slotemaker de Bruïnestraat,10,D,
3904CB,Dr. Slotemaker de Bruïnestraat,10,D,
3904CB,Dr. Slotemaker de Bruïnestraat,10,C,
3904CB,Dr. Slotemaker de Bruïnestraat,10,C,
3904CB,Dr. Slotemaker de Bruïnestraat,10,A,
3904CB,Dr. Slotemaker de Bruïnestraat,10,A,
3904CB,Dr. Slotemaker de Bruïnestraat,4,E,
3904CB,Dr. Slotemaker de Bruïnestraat,4,E,
3904CB,Dr. Slotemaker de Bruïnestraat,4,D,
3904CB,Dr. Slotemaker de Bruïnestraat,4,D,
3904CB,Dr. Slotemaker de Bruïnestraat,4,,
3904CB,Dr. Slotemaker de Bruïnestraat,4,,
3904CB,Dr. Slotemaker de Bruïnestraat,4,B,
3904CB,Dr. Slotemaker de Bruïnestraat,4,B,
3904CB,Dr. Slotemaker de Bruïnestraat,8,B,
3904CB,Dr. Slotemaker de Bruïnestraat,8,B,
3904CB,Dr. Slotemaker de Bruïnestraat,18,C,
3904CB,Dr. Slotemaker de Bruïnestraat,18,C,
3904CB,Dr. Slotemaker de Bruïnestraat,18,D,
3904CB,Dr. Slotemaker de Bruïnestraat,18,D,
3904CB,Dr. Slotemaker de Bruïnestraat,12,C,
3904CB,Dr. Slotemaker de Bruïnestraat,12,C,
3904CB,Dr. Slotemaker de Bruïnestraat,18,A,
3904CB,Dr. Slotemaker de Bruïnestraat,18,A,
3904CB,Dr. Slotemaker de Bruïnestraat,14,A,
3904CB,Dr. Slotemaker de Bruïnestraat,14,A,
3904CB,Dr. Slotemaker de Bruïnestraat,14,B,
3904CB,Dr. Slotemaker de Bruïnestraat,14,B,
3904CB,Dr. Slotemaker de Bruïnestraat,16,B,
3904CB,Dr. Slotemaker de Bruïnestraat,16,B,
3904CB,Dr. Slotemaker de Bruïnestraat,10,E,
3904CB,Dr. Slotemaker de Bruïnestraat,10,E,
3904CB,Dr. Slotemaker de Bruïnestraat,18,B,
3904CB,Dr. Slotemaker de Bruïnestraat,18,B,
3904CB,Dr. Slotemaker de Bruïnestraat,14,C,
3904CB,Dr. Slotemaker de Bruïnestraat,14,C,
3904CB,Dr. Slotemaker de Bruïnestraat,16,A,
3904CB,Dr. Slotemaker de Bruïnestraat,16,A,
3904CB,Dr. Slotemaker de Bruïnestraat,12,B,
3904CB,Dr. Slotemaker de Bruïnestraat,12,B,
3904CB,Dr. Slotemaker de Bruïnestraat,12,A,
3904CB,Dr. Slotemaker de Bruïnestraat,12,A,
3904CB,Dr. Slotemaker de Bruïnestraat,8,,
3904CB,Dr. Slotemaker de Bruïnestraat,8,,
3904CB,Dr. Slotemaker de Bruïnestraat,6,,
3904CB,Dr. Slotemaker de Bruïnestraat,6,,
3904CB,Dr. Slotemaker de Bruïnestraat,14,,
3904CB,Dr. Slotemaker de Bruïnestraat,14,,
3904CB,Dr. Slotemaker de Bruïnestraat,16,,
3904CB,Dr. Slotemaker de Bruïnestraat,16,,
3904CB,Dr. Slotemaker de Bruïnestraat,18,,
3904CB,Dr. Slotemaker de Bruïnestraat,18,,
3904CB,Dr. Slotemaker de Bruïnestraat,12,,
3904CB,Dr. Slotemaker de Bruïnestraat,12,,
3904CB,Dr. Slotemaker de Bruïnestraat,20,,
3904CB,Dr. Slotemaker de Bruïnestraat,20,,
3904CB,Dr. Slotemaker de Bruïnestraat,10,,
3904CB,Dr. Slotemaker de Bruïnestraat,10,,
3904CB,Dr. Slotemaker de Bruïnestraat,20,A,
3904CD,Dr. Slotemaker de Bruïnestraat,24,,
3904ES,Willem Dreeshof,3,,
3904ES,Willem Dreeshof,1,,
3904DZ,Hovystraat,39,,
3904DZ,Hovystraat,37,,
3904DZ,Hovystraat,9,,
3904XA,Jacob van Ruysdaelstraat,5,,
3904XA,Jacob van Ruysdaelstraat,23,,
3904XA,Jacob van Ruysdaelstraat,11,,
3904XA,Jacob van Ruysdaelstraat,7,,
3904XA,Jacob van Ruysdaelstraat,9,A,
3904XB,Jacob van Ruysdaelstraat,8,,02
3904XB,Jacob van Ruysdaelstraat,2,,
3904XB,Jacob van Ruysdaelstraat,12,,01
3904XB,Jacob van Ruysdaelstraat,10,,01
3904XB,Jacob van Ruysdaelstraat,10,,02
3904XC,Jacob van Ruysdaelstraat,32,,
3904XL,Jan Steenlaan,35,,
3904XL,Jan Steenlaan,29,A,
3904XL,Jan Steenlaan,29,B,
3904XN,Jan Steenlaan,55,,02
3904XN,Jan Steenlaan,73,A,
3904XN,Jan Steenlaan,63,,
3904XN,Jan Steenlaan,63,A,
3904XP,Jan Steenlaan,10,,02
3904XR,Jan Steenlaan,22,,
3904AA,Kanaalweg,34,,
3904JE,Kerkewijk,70,D,
3904JE,Kerkewijk,62,,
3904JE,Kerkewijk,76,,
3904JG,Kerkewijk,98,,
3904JG,Kerkewijk,100,E,
3904JG,Kerkewijk,104,A,
3904JG,Kerkewijk,92,,
3904JG,Kerkewijk,92,A,
3904JG,Kerkewijk,100,,
3904JJ,Kerkewijk,160,,
3904JJ,Kerkewijk,172,,
3904EB,Klaas Katerstraat,81,,
3904EC,Klaas Katerstraat,87,,
3904EE,Klaas Katerstraat,22,,
3904EE,Klaas Katerstraat,16,,
3904EE,Klaas Katerstraat,2,,
3904TC,Aart de Gelderstraat,22,,
3904TD,Aart de Gelderstraat,56,,
3904TD,Aart de Gelderstraat,72,,
3904TJ,Adriaen van Ostadelaan,19,,
3904TJ,Adriaen van Ostadelaan,27,,
3904TK,Adriaen van Ostadelaan,12,,
3904TK,Adriaen van Ostadelaan,18,,
3904TK,Adriaen van Ostadelaan,32,,
3904TK,Adriaen van Ostadelaan,32,A,
3904TK,Adriaen van Ostadelaan,32,B,
3904TK,Adriaen van Ostadelaan,32,C,
3904TK,Adriaen van Ostadelaan,32,D,
3904TK,Adriaen van Ostadelaan,32,E,
3904TK,Adriaen van Ostadelaan,32,F,
3904XT,Bartholomeus van der Helststraat,15,,
3904XT,Bartholomeus van der Helststraat,13,,
3904XT,Bartholomeus van der Helststraat,15,,
3904HN,Bergweg,2,A,
3904HN,Bergweg,4,,
3904HP,Bergweg,64,,
3904HR,Bergweg,74,,
3904HR,Bergweg,84,,
3904HK,Bilderdijkstraat,21,,
3904EK,Binnenronde,2,,
3904WB,Rembrandtpark,6,,01
3904WH,Rembrandtpark,38,,01
3904WJ,Rembrandtpark,46,,
3904WJ,Rembrandtpark,42,,
3904WL,Rembrandtpark,62,,03
3904WN,Rembrandtpark,70,,
3904WN,Rembrandtpark,68,,
3904WP,Rembrandtpark,74,,02
3904WP,Rembrandtpark,80,,03
3904WR,Rembrandtpark,82,,02
3904HA,Schimmelpenninckstraat,10,,
3904CP,Thorbeckesingel,1,C,
3904CR,Thorbeckesingel,39,,
3904CT,Thorbeckesingel,63,,
3904CT,Thorbeckesingel,62,,
3904CV,Thorbeckesingel,97,,
3904CV,Thorbeckesingel,98,,
3904CW,Thorbeckesingel,111,,
3904HB,Van der Duyn van Maasdamstraat,9,,
3904HD,Van Hogendorpstraat,21,A,
3904HE,Van Hogendorpstraat,8,,
3904HC,Van Limburg Stirumstraat,3,,
3904HC,Van Limburg Stirumstraat,15,,
3904HC,Van Limburg Stirumstraat,9,,
3904EV,W.C. Beeremansstraat,9,,
3904EV,W.C. Beeremansstraat,21,,
3904EV,W.C. Beeremansstraat,1,B,
3904EX,W.C. Beeremansstraat,32,,
3904CJ,Westersingel,21,,
3904CJ,Westersingel,23,,02
3904CM,Westersingel,71,,02
3904CN,Westersingel,83,,
3904XH,Frans Halslaan,21,,
3904XJ,Frans Halslaan,4,,
3904XJ,Frans Halslaan,2,,02
3904TE,Gerard Terborchstraat,11,,
3904TE,Gerard Terborchstraat,19,,
3904BB,Groen van Prinstererstraat,37,,
3904BB,Groen van Prinstererstraat,40,,
3904BB,Groen van Prinstererstraat,42,,
3904BB,Groen van Prinstererstraat,41,,
3904BB,Groen van Prinstererstraat,41,A,
3904XD,Meindert Hobbemastraat,15,,
3904ET,Mr. Dr. Schokkingstraat,29,A,
3904EZ,Mr. Dr. Schokkingstraat,31,,GA04
3904EZ,Mr. Dr. Schokkingstraat,91,,
3904EZ,Mr. Dr. Schokkingstraat,15,,
3904EZ,Mr. Dr. Schokkingstraat,7,,
3904EZ,Mr. Dr. Schokkingstraat,25,,
3904EZ,Mr. Dr. Schokkingstraat,25,,GA01
3904EZ,Mr. Dr. Schokkingstraat,25,,GA02
3904EZ,Mr. Dr. Schokkingstraat,25,,GA03
3904EZ,Mr. Dr. Schokkingstraat,25,,GA04
3904EZ,Mr. Dr. Schokkingstraat,25,,GA05
3904EZ,Mr. Dr. Schokkingstraat,25,,GA06
3904EZ,Mr. Dr. Schokkingstraat,27,,
3904EZ,Mr. Dr. Schokkingstraat,27,A,
3904EZ,Mr. Dr. Schokkingstraat,27,B,
3904EZ,Mr. Dr. Schokkingstraat,27,C,
3904EZ,Mr. Dr. Schokkingstraat,29,,
3904EZ,Mr. Dr. Schokkingstraat,29,A,
3904EZ,Mr. Dr. Schokkingstraat,29,B,
3904EZ,Mr. Dr. Schokkingstraat,29,C,
3904EZ,Mr. Dr. Schokkingstraat,29,D,
3904EZ,Mr. Dr. Schokkingstraat,29,E,
3904EZ,Mr. Dr. Schokkingstraat,29,G,
3904EZ,Mr. Dr. Schokkingstraat,29,H,
3904EZ,Mr. Dr. Schokkingstraat,31,,
3904EZ,Mr. Dr. Schokkingstraat,31,A,
3904EZ,Mr. Dr. Schokkingstraat,31,B,
3904EZ,Mr. Dr. Schokkingstraat,31,C,
3904EZ,Mr. Dr. Schokkingstraat,31,D,
3904EZ,Mr. Dr. Schokkingstraat,31,E,
3904EZ,Mr. Dr. Schokkingstraat,31,G,
3904EZ,Mr. Dr. Schokkingstraat,31,H,
3904GA,Mr. Heemskerkstraat,9,,
3904GA,Mr. Heemskerkstraat,17,,
3904GB,Mr. Heemskerkstraat,45,,
3904GB,Mr. Heemskerkstraat,47,,
3904GB,Mr. Heemskerkstraat,57,,
3904GC,Mr. Heemskerkstraat,16,,
3904GD,Mr. Heemskerkstraat,64,,
3904GD,Mr. Heemskerkstraat,52,,
3904GD,Mr. Heemskerkstraat,42,,
3904AJ,Nicolaas Beetsstraat,2,,
3904AA,Patrimoniumlaan,7,A,
3904AA,Patrimoniumlaan,7,A,
3904AA,Patrimoniumlaan,9,A,
3904AA,Patrimoniumlaan,9,B,
3904AA,Patrimoniumlaan,9,C,
3904AA,Patrimoniumlaan,23,,
3904AA,Patrimoniumlaan,23,B,
3904AB,Patrimoniumlaan,33,,
3904AB,Patrimoniumlaan,55,,
3904AB,Patrimoniumlaan,49,,
3904AB,Patrimoniumlaan,49,A,
3904AB,Patrimoniumlaan,65,B,
3904AD,Patrimoniumlaan,2,,
3904AD,Patrimoniumlaan,24,C,
3904AD,Patrimoniumlaan,8,,Bis
3904AD,Patrimoniumlaan,8,A,
3904AD,Patrimoniumlaan,8,B,
3904AD,Patrimoniumlaan,8,C,
3904AD,Patrimoniumlaan,8,D,
3904AE,Patrimoniumlaan,66,,
3904AE,Patrimoniumlaan,38,A,
3904AH,Patrimoniumlaan,110,,
3904ZC,Paulus Potterstraat,24,,
3904ZC,Paulus Potterstraat,22,,
3904ZC,Paulus Potterstraat,22,,
3904VK,Ferdinand Bolstraat,13,,
3904VK,Ferdinand Bolstraat,33,,
3904VK,Ferdinand Bolstraat,35,,
3904VK,Ferdinand Bolstraat,37,,
3904VK,Ferdinand Bolstraat,39,,
3904VK,Ferdinand Bolstraat,41,,
3904VK,Ferdinand Bolstraat,43,,
3904VK,Ferdinand Bolstraat,45,,
3904ZG,Gabriël Metsulaan,32,,
3904VH,Govert Flinckstraat,12,,
3904VH,Govert Flinckstraat,18,,
3904VJ,Govert Flinckstraat,30,,
3904VA,Jan van Goyenstraat,27,,
3904VA,Jan van Goyenstraat,15,,
3904VA,Jan van Goyenstraat,29,,
3904VB,Jan van Goyenstraat,33,,
3904BC,Dr. Slotemaker de Bruïneplein,2,,
3904CA,Dr. Slotemaker de Bruïneplein,9,,
3904CB,Dr. Slotemaker de Bruïneplein,2,,
3904CX,Dr. Slotemaker de Bruïneplein,9,,
3904CX,Dr. Slotemaker de Bruïneplein,9,,
3904CX,Dr. Slotemaker de Bruïneplein,9,A,
3904CX,Dr. Slotemaker de Bruïneplein,31,A,
3904CX,Dr. Slotemaker de Bruïneplein,3,B,
3904CX,Dr. Slotemaker de Bruïneplein,15,,
3904CX,Dr. Slotemaker de Bruïneplein,2,,
3904ZE,Gerard Doustraat,2,,
3904ZE,Gerard Doustraat,4,B,
3904ZE,Gerard Doustraat,4,A,
3904ZE,Gerard Doustraat,4,C,
3904ZE,Gerard Doustraat,4,A,
3904ZE,Gerard Doustraat,4,B,
3904ZE,Gerard Doustraat,4,C,
3904HG,P.H. van Rijnstraat,33,,
3904HH,P.H. van Rijnstraat,26,K,
3904HJ,P.H. van Rijnstraat,56,,
3904HJ,P.H. van Rijnstraat,54,,
3904TH,Petrus Paulus Rubensstraat,1,,
3904BE,Keucheniusstraat,8,,
3904BE,Keucheniusstraat,2,,
3904BE,Keucheniusstraat,10,,
3904HS,De Clercqstraat,18,,
3904HS,De Clercqstraat,16,,
3904HS,De Clercqstraat,22,,
3904AX,Dr. Kuyperstraat,8,,
3904ZK,Rembrandtlaan,51,,
3904ZK,Rembrandtlaan,23,,
3904ZK,Rembrandtlaan,23,A,
3904ZL,Rembrandtlaan,77,,
3904EV,Joop den Uylhof,4,,
3904ET,Dr. Colijnstraat,32,,
3904ET,Dr. Colijnstraat,34,,
3904ET,Dr. Colijnstraat,36,,
3904ET,Dr. Colijnstraat,38,,
3904ET,Dr. Colijnstraat,40,,
3904ET,Dr. Colijnstraat,42,,
3904ET,Dr. Colijnstraat,44,,
3904ET,Dr. Colijnstraat,46,,
3904ET,Dr. Colijnstraat,48,,
3904ET,Dr. Colijnstraat,50,,
3904ET,Dr. Colijnstraat,52,,
3904ET,Dr. Colijnstraat,54,,
3904ET,Dr. Colijnstraat,56,,
3904TJ,Adriaen van Ostadelaan,45,,
3904TJ,Adriaen van Ostadelaan,47,,
3904TJ,Adriaen van Ostadelaan,49,,
3904TJ,Adriaen van Ostadelaan,51,,
3904XH,Frans Halslaan,13,,
3904XH,Frans Halslaan,13,,01
3904XH,Frans Halslaan,13,,02
3904XH,Frans Halslaan,13,,03
3904XH,Frans Halslaan,13,,04
3904XH,Frans Halslaan,13,,05
3904XH,Frans Halslaan,13,,06
3904XH,Frans Halslaan,13,,07
3904XH,Frans Halslaan,13,,08
3904XH,Frans Halslaan,13,,09
3904XH,Frans Halslaan,13,,10
3904XH,Frans Halslaan,13,,11
3904XH,Frans Halslaan,13,,12
3904XH,Frans Halslaan,13,,13
3904XH,Frans Halslaan,13,,14
3904XH,Frans Halslaan,13,,15
3904XH,Frans Halslaan,13,,16
3904XH,Frans Halslaan,13,,17
3904XH,Frans Halslaan,13,,18
3904XH,Frans Halslaan,13,,19
3904XH,Frans Halslaan,13,,20
3904XH,Frans Halslaan,13,,21
3904XH,Frans Halslaan,13,,22
3904EZ,Mr. Dr. Schokkingstraat,48,,
3904EZ,Mr. Dr. Schokkingstraat,50,,
3904EZ,Mr. Dr. Schokkingstraat,52,,
3904EZ,Mr. Dr. Schokkingstraat,54,,
3904EZ,Mr. Dr. Schokkingstraat,56,,
3904EZ,Mr. Dr. Schokkingstraat,58,,
3904EZ,Mr. Dr. Schokkingstraat,60,,
3904EZ,Mr. Dr. Schokkingstraat,62,,
3904EZ,Mr. Dr. Schokkingstraat,64,,
3904EZ,Mr. Dr. Schokkingstraat,66,,
3904EZ,Mr. Dr. Schokkingstraat,68,,
3904EZ,Mr. Dr. Schokkingstraat,70,,
3904GH,Mr. Dr. Schokkingstraat,48,,
3904GH,Mr. Dr. Schokkingstraat,50,,
3904GH,Mr. Dr. Schokkingstraat,52,,
3904GH,Mr. Dr. Schokkingstraat,54,,
3904GH,Mr. Dr. Schokkingstraat,56,,
3904GH,Mr. Dr. Schokkingstraat,58,,
3904GH,Mr. Dr. Schokkingstraat,60,,
3904GH,Mr. Dr. Schokkingstraat,62,,
3904GH,Mr. Dr. Schokkingstraat,64,,
3904GH,Mr. Dr. Schokkingstraat,66,,
3904GH,Mr. Dr. Schokkingstraat,68,,
3904GH,Mr. Dr. Schokkingstraat,70,,
3904GA,Mr. Heemskerkstraat,27,,
3904GA,Mr. Heemskerkstraat,29,,
3904GB,Mr. Heemskerkstraat,31,,
3904GB,Mr. Heemskerkstraat,33,,
3904GB,Mr. Heemskerkstraat,35,,
3904GB,Mr. Heemskerkstraat,37,,
3904GB,Mr. Heemskerkstraat,39,,
3904GB,Mr. Heemskerkstraat,41,,
3904GB,Mr. Heemskerkstraat,43,,
3904GB,Mr. Heemskerkstraat,45,,
3904GB,Mr. Heemskerkstraat,47,,
3904GB,Mr. Heemskerkstraat,49,,
3904GC,Mr. Heemskerkstraat,26,,
3904GC,Mr. Heemskerkstraat,28,,
3904GD,Mr. Heemskerkstraat,30,,
3904GD,Mr. Heemskerkstraat,32,,
3904GD,Mr. Heemskerkstraat,34,,
3904GD,Mr. Heemskerkstraat,36,,
3904GD,Mr. Heemskerkstraat,38,,
3904GD,Mr. Heemskerkstraat,40,,
3904GD,Mr. Heemskerkstraat,42,,
3904GD,Mr. Heemskerkstraat,44,,
3904GD,Mr. Heemskerkstraat,46,,
3904GD,Mr. Heemskerkstraat,48,,
3904GD,Mr. Heemskerkstraat,50,,
3904GD,Mr. Heemskerkstraat,52,,
3904GD,Mr. Heemskerkstraat,54,,
3904GD,Mr. Heemskerkstraat,56,,
3904GD,Mr. Heemskerkstraat,58,,
3904GD,Mr. Heemskerkstraat,60,,
3904GD,Mr. Heemskerkstraat,62,,
3904GD,Mr. Heemskerkstraat,64,,
3904AD,Patrimoniumlaan,28,,
3904AD,Patrimoniumlaan,28,A,
3904AD,Patrimoniumlaan,28,B,
3904AD,Patrimoniumlaan,28,C,
3904AD,Patrimoniumlaan,28,D,
3904AD,Patrimoniumlaan,28,E,
3904AH,Patrimoniumlaan,128,,
3904AH,Patrimoniumlaan,130,,
3904AH,Patrimoniumlaan,132,,
3904AH,Patrimoniumlaan,134,,
3904AH,Patrimoniumlaan,136,,
3904AH,Patrimoniumlaan,138,,
3904AH,Patrimoniumlaan,140,,
3904AH,Patrimoniumlaan,142,,
3904TG,Karel Fabritiusstraat,1,,
3904EZ,Freule Berkhoutstraat,55,,
3904EZ,Freule Berkhoutstraat,57,,
3904EZ,Freule Berkhoutstraat,59,,
3904EZ,Freule Berkhoutstraat,61,,
3904EZ,Freule Berkhoutstraat,63,,
3904EZ,Freule Berkhoutstraat,65,,
3904EZ,Freule Berkhoutstraat,67,,
3904EZ,Freule Berkhoutstraat,69,,
3904EZ,Freule Berkhoutstraat,71,,
3904EZ,Freule Berkhoutstraat,73,,
3904EZ,Freule Berkhoutstraat,75,,
3904EZ,Freule Berkhoutstraat,77,,
3904EZ,Freule Berkhoutstraat,79,,
3904EZ,Freule Berkhoutstraat,81,,
3904EZ,Freule Berkhoutstraat,83,,
3904EZ,Freule Berkhoutstraat,85,,
3904EZ,Freule Berkhoutstraat,87,,
3904EZ,Freule Berkhoutstraat,89,,
3904EZ,Freule Berkhoutstraat,91,,
3904EZ,Freule Berkhoutstraat,93,,
3904EZ,Freule Berkhoutstraat,95,,
3904EZ,Freule Berkhoutstraat,97,,
3904EZ,Freule Berkhoutstraat,99,,
3904EZ,Freule Berkhoutstraat,101,,
3904EZ,Freule Berkhoutstraat,103,,
3904EZ,Freule Berkhoutstraat,105,,
3904EZ,Freule Berkhoutstraat,107,,
3904EZ,Freule Berkhoutstraat,109,,
3904EZ,Freule Berkhoutstraat,111,,
3904EZ,Freule Berkhoutstraat,113,,
3904EZ,Freule Berkhoutstraat,115,,
3904EZ,Freule Berkhoutstraat,117,,
3904EZ,Freule Berkhoutstraat,119,,
3904EZ,Freule Berkhoutstraat,121,,
3904EZ,Freule Berkhoutstraat,123,,
3904GH,Freule Berkhoutstraat,55,,
3904GH,Freule Berkhoutstraat,57,,
3904GH,Freule Berkhoutstraat,59,,
3904GH,Freule Berkhoutstraat,61,,
3904GH,Freule Berkhoutstraat,63,,
3904GH,Freule Berkhoutstraat,65,,
3904GH,Freule Berkhoutstraat,67,,
3904GH,Freule Berkhoutstraat,69,,
3904GH,Freule Berkhoutstraat,71,,
3904GH,Freule Berkhoutstraat,73,,
3904GH,Freule Berkhoutstraat,75,,
3904GH,Freule Berkhoutstraat,77,,
3904GH,Freule Berkhoutstraat,79,,
3904GH,Freule Berkhoutstraat,81,,
3904GH,Freule Berkhoutstraat,83,,
3904GH,Freule Berkhoutstraat,85,,
3904GH,Freule Berkhoutstraat,87,,
3904GH,Freule Berkhoutstraat,89,,
3904GH,Freule Berkhoutstraat,91,,
3904GH,Freule Berkhoutstraat,93,,
3904GH,Freule Berkhoutstraat,95,,
3904GH,Freule Berkhoutstraat,97,,
3904GH,Freule Berkhoutstraat,99,,
3904GH,Freule Berkhoutstraat,101,,
3904GH,Freule Berkhoutstraat,103,,
3904GH,Freule Berkhoutstraat,105,,
3904GH,Freule Berkhoutstraat,107,,
3904GH,Freule Berkhoutstraat,109,,
3904GH,Freule Berkhoutstraat,111,,
3904GH,Freule Berkhoutstraat,113,,
3904GH,Freule Berkhoutstraat,115,,
3904GH,Freule Berkhoutstraat,117,,
3904GH,Freule Berkhoutstraat,119,,
3904GH,Freule Berkhoutstraat,121,,
3904GH,Freule Berkhoutstraat,123,,
3904GH,Freule Berkhoutstraat,200,,
3904GH,Freule Berkhoutstraat,202,,
3904GH,Freule Berkhoutstraat,204,,
3904GH,Freule Berkhoutstraat,206,,
3904GH,Freule Berkhoutstraat,208,,
3904GH,Freule Berkhoutstraat,210,,
3904GH,Freule Berkhoutstraat,212,,
3904GH,Freule Berkhoutstraat,214,,
3904GH,Freule Berkhoutstraat,216,,
3904GH,Freule Berkhoutstraat,218,,
