straat,huisnummer,huisletter,toevoeging,postcode,plaats
Ruysdaelkade,187,"",2,1072AV,Amsterdam
Ruysdaelkade,187,"",3,1072AV,Amsterdam
Ruysdaelkade,187,A,"",1072AV,Amsterdam
Ruysdaelkade,187,B,"",1072AV,Amsterdam
Ruysdaelkade,187,C,"",1072AV,Amsterdam
Ruysdaelkade,187,D,"",1072AV,Amsterdam
Ruysdaelkade,189,"",1,1072AV,Amsterdam
Ruysdaelkade,189,"",2,1072AV,Amsterdam
Ruysdaelkade,189,"",3,1072AV,Amsterdam
Ruysdaelkade,189,"",H,1072AV,Amsterdam
Ruysdaelkade,189,"",H,1072AV,Amsterdam
Ruysdaelkade,189,"",H,1072AV,Amsterdam
Ruysdaelkade,189,"",O,1072AV,Amsterdam
Ruysdaelkade,191,"",1,1072AV,Amsterdam
Ruysdaelkade,191,"",2,1072AV,Amsterdam
Ruysdaelkade,191,"",3,1072AV,Amsterdam
Ruysdaelkade,191,"",H,1072AV,Amsterdam
Ruysdaelkade,191,"",H,1072AV,Amsterdam
Ruysdaelkade,191,"",H,1072AV,Amsterdam
Ruysdaelkade,191,"",O,1072AV,Amsterdam
Ruysdaelkade,191,A,"",1072AV,Amsterdam
Ruysdaelkade,191,B,"",1072AV,Amsterdam
Ruysdaelkade,191,C,"",1072AV,Amsterdam
Ruysdaelkade,191,D,"",1072AV,Amsterdam
Ruysdaelkade,191,E,"",1072AV,Amsterdam
Ruysdaelkade,191,F,"",1072AV,Amsterdam
Ruysdaelkade,193,"",1,1072AV,Amsterdam
Ruysdaelkade,193,"",1,1072AV,Amsterdam
Ruysdaelkade,193,"",2,1072AV,Amsterdam
Ruysdaelkade,193,"",2,1072AV,Amsterdam
Ruysdaelkade,193,"",3,1072AV,Amsterdam
Ruysdaelkade,193,"",4,1072AV,Amsterdam
Ruysdaelkade,193,"",H,1072AV,Amsterdam
Ruysdaelkade,195,"",1,1072AV,Amsterdam
Ruysdaelkade,195,"",2,1072AV,Amsterdam
Ruysdaelkade,195,"",3,1072AV,Amsterdam
Ruysdaelkade,195,"",4,1072AV,Amsterdam
Ruysdaelkade,195,"",H,1072AV,Amsterdam
Ruysdaelkade,197,"",1,1072AV,Amsterdam
Ruysdaelkade,197,"",2,1072AV,Amsterdam
Ruysdaelkade,197,"",3,1072AV,Amsterdam
Ruysdaelkade,197,"",H,1072AV,Amsterdam
Ruysdaelkade,199,"",1,1072AV,Amsterdam
Ruysdaelkade,199,"",1,1072AV,Amsterdam
Ruysdaelkade,199,"",2,1072AV,Amsterdam
Ruysdaelkade,199,"",3,1072AV,Amsterdam
Ruysdaelkade,199,"",H,1072AV,Amsterdam
Ruysdaelkade,199,Z,99,1072AV,Amsterdam
Ruysdaelkade,201,"",1,1072AV,Amsterdam
Ruysdaelkade,201,"",2,1072AV,Amsterdam
Ruysdaelkade,201,"",3,1072AV,Amsterdam
Ruysdaelkade,201,"",H,1072AV,Amsterdam
Ruysdaelkade,203,"",1,1072AV,Amsterdam
Ruysdaelkade,203,"",2,1072AV,Amsterdam
Ruysdaelkade,203,"",3,1072AV,Amsterdam
Ruysdaelkade,203,"",4,1072AV,Amsterdam
Ruysdaelkade,204,"","",1072AV,Amsterdam
Ruysdaelkade,206,"","",1072AW,Amsterdam
Ruysdaelkade,207,"",1,1072AW,Amsterdam
Ruysdaelkade,207,"",2,1072AW,Amsterdam
Ruysdaelkade,207,"",3,1072AW,Amsterdam
Ruysdaelkade,207,"",H,1072AW,Amsterdam
Ruysdaelkade,209,"",1,1072AW,Amsterdam
Ruysdaelkade,209,"",2,1072AW,Amsterdam
Ruysdaelkade,209,"",3,1072AW,Amsterdam
Ruysdaelkade,209,"",H,1072AW,Amsterdam
Ruysdaelkade,211,"",1,1072AW,Amsterdam
Ruysdaelkade,211,"",1,1072AW,Amsterdam
Ruysdaelkade,211,"",1,1072AW,Amsterdam
Ruysdaelkade,211,"",2,1072AW,Amsterdam
Ruysdaelkade,211,"",3,1072AW,Amsterdam
Ruysdaelkade,211,"",H,1072AW,Amsterdam
Ruysdaelkade,211,Z,99,1072AW,Amsterdam
Ruysdaelkade,213,"",1,1072AW,Amsterdam
Ruysdaelkade,213,"",2,1072AW,Amsterdam
Ruysdaelkade,213,"",3,1072AW,Amsterdam
Ruysdaelkade,213,"",H,1072AW,Amsterdam
Ruysdaelkade,214,"","",1072AW,Amsterdam
Ruysdaelkade,215,"","",1072AW,Amsterdam
Ruysdaelkade,216,"","",1072AW,Amsterdam
Ruysdaelkade,219,"","",1072AW,Amsterdam
Ruysdaelkade,221,"",1,1072AW,Amsterdam
Ruysdaelkade,221,"",2,1072AW,Amsterdam
Ruysdaelkade,221,"",3,1072AW,Amsterdam
Ruysdaelkade,223,"",1,1072AW,Amsterdam
Ruysdaelkade,223,"",2,1072AW,Amsterdam
Ruysdaelkade,223,"",3,1072AW,Amsterdam
Ruysdaelkade,223,"",H,1072AW,Amsterdam
Ruysdaelkade,224,"","",1072AW,Amsterdam
Ruysdaelkade,225,"","",1072AW,Amsterdam
Ruysdaelkade,226,"","",1072AW,Amsterdam
Ruysdaelkade,235,"","",1072AX,Amsterdam
Ruysdaelkade,237,"","",1072AX,Amsterdam
Ruysdaelkade,239,"",1,1072AX,Amsterdam
Ruysdaelkade,239,"",2,1072AX,Amsterdam
Ruysdaelkade,239,"",3,1072AX,Amsterdam
Ruysdaelkade,239,"",H,1072AX,Amsterdam
Ruysdaelkade,239,"",H,1072AX,Amsterdam
Ruysdaelkade,241,"",1,1072AX,Amsterdam
Ruysdaelkade,241,"",2,1072AX,Amsterdam
Ruysdaelkade,241,"",H,1072AX,Amsterdam
Ruysdaelkade,241,"",H,1072AX,Amsterdam
Ruysdaelkade,241,"",H,1072AX,Amsterdam
Ruysdaelkade,243,"",1,1072AX,Amsterdam
Ruysdaelkade,243,"",3,1072AX,Amsterdam
Ruysdaelkade,243,"",H,1072AX,Amsterdam
Ruysdaelkade,245,"",1,1072AX,Amsterdam
Ruysdaelkade,245,"",3,1072AX,Amsterdam
Ruysdaelkade,245,"",H,1072AX,Amsterdam
Ruysdaelkade,245,"",H,1072AX,Amsterdam
Ruysdaelkade,245,A,"",1072AX,Amsterdam
Ruysdaelkade,247,"",1,1072AX,Amsterdam
Ruysdaelkade,247,"",3,1072AX,Amsterdam
Ruysdaelkade,249,"","",1072AX,Amsterdam
Ruysdaelkade,249,"","",1072AX,Amsterdam
Ruysdaelkade,251,"","",1072AX,Amsterdam
Ruysdaelkade,251,"","",1072AX,Amsterdam
Ruysdaelkade,255,A,"",1072AZ,Amsterdam
Ruysdaelkade,255,B,"",1072AZ,Amsterdam
Ruysdaelkade,255,C,"",1072AZ,Amsterdam
Ruysdaelkade,257,A,"",1072AZ,Amsterdam
Ruysdaelkade,257,B,"",1072AZ,Amsterdam
Ruysdaelkade,257,C,"",1072AZ,Amsterdam
Ruysdaelkade,257,D,"",1072AZ,Amsterdam
Ruysdaelkade,259,A,"",1072AZ,Amsterdam
Ruysdaelkade,259,B,"",1072AZ,Amsterdam
Ruysdaelkade,259,C,"",1072AZ,Amsterdam
Ruysdaelkade,259,D,"",1072AZ,Amsterdam
Ruysdaelkade,261,A,"",1072AZ,Amsterdam
Ruysdaelkade,261,B,"",1072AZ,Amsterdam
Ruysdaelkade,261,C,"",1072AZ,Amsterdam
Ruysdaelkade,263,A,"",1072AZ,Amsterdam
Ruysdaelkade,263,B,"",1072AZ,Amsterdam
Ruysdaelkade,263,C,"",1072AZ,Amsterdam
Ruysdaelkade,263,D,"",1072AZ,Amsterdam
Ruysdaelkade,265,A,"",1072AZ,Amsterdam
Ruysdaelkade,265,B,"",1072AZ,Amsterdam
Ruysdaelkade,265,C,"",1072AZ,Amsterdam
Ruysdaelkade,265,D,"",1072AZ,Amsterdam
Ruysdaelkade,267,A,"",1072AZ,Amsterdam
Ruysdaelkade,267,B,"",1072AZ,Amsterdam
Ruysdaelkade,267,C,"",1072AZ,Amsterdam
Ruysdaelkade,269,A,"",1072AZ,Amsterdam
Ruysdaelkade,269,B,"",1072AZ,Amsterdam
Ruysdaelkade,269,C,"",1072AZ,Amsterdam
Ruysdaelkade,271,A,"",1072AZ,Amsterdam
Ruysdaelkade,271,B,"",1072AZ,Amsterdam
Ruysdaelkade,271,C,"",1072AZ,Amsterdam
Ruysdaelkade,271,D,"",1072AZ,Amsterdam
Vincent van Goghstraat,158,"","",1072DA,Amsterdam
Vincent van Goghstraat,160,"","",1072DA,Amsterdam
Vincent van Goghstraat,162,"","",1072DA,Amsterdam
Vincent van Goghstraat,164,"","",1072DA,Amsterdam
Vincent van Goghstraat,166,"","",1072DA,Amsterdam
Vincent van Goghstraat,168,"","",1072DA,Amsterdam
Vincent van Goghstraat,170,"","",1072DA,Amsterdam
Vincent van Goghstraat,172,"","",1072DA,Amsterdam
Vincent van Goghstraat,174,"","",1072DA,Amsterdam
Vincent van Goghstraat,176,"","",1072DA,Amsterdam
Vincent van Goghstraat,178,"","",1072DA,Amsterdam
Vincent van Goghstraat,178,"","",1072DA,Amsterdam
Vincent van Goghstraat,180,"","",1072DA,Amsterdam
Vincent van Goghstraat,182,"","",1072DA,Amsterdam
Vincent van Goghstraat,184,"","",1072DA,Amsterdam
Vincent van Goghstraat,186,"","",1072DA,Amsterdam
Vincent van Goghstraat,188,"","",1072DA,Amsterdam
Vincent van Goghstraat,190,"","",1072DA,Amsterdam
Vincent van Goghstraat,192,"","",1072DA,Amsterdam
Vincent van Goghstraat,194,"","",1072DA,Amsterdam
Vincent van Goghstraat,196,"","",1072DA,Amsterdam
Vincent van Goghstraat,198,"","",1072DA,Amsterdam
Vincent van Goghstraat,200,"","",1072DA,Amsterdam
Ceintuurbaan,186,"",1,1072GC,Amsterdam
Ceintuurbaan,186,"",2,1072GC,Amsterdam
Ceintuurbaan,186,"",H,1072GC,Amsterdam
Ceintuurbaan,187,A,"",1072GC,Amsterdam
Ceintuurbaan,187,B,"",1072GC,Amsterdam
Ceintuurbaan,187,C,"",1072GC,Amsterdam
Ceintuurbaan,187,D,"",1072GC,Amsterdam
Ceintuurbaan,188,"",1,1072GC,Amsterdam
Ceintuurbaan,188,"",2,1072GC,Amsterdam
Ceintuurbaan,188,"",3,1072GC,Amsterdam
Ceintuurbaan,188,"",H,1072GC,Amsterdam
Ceintuurbaan,190,"",1,1072GC,Amsterdam
Ceintuurbaan,190,"",2,1072GC,Amsterdam
Ceintuurbaan,190,"",3,1072GC,Amsterdam
Ceintuurbaan,190,"",H,1072GC,Amsterdam
Ceintuurbaan,192,"",1,1072GC,Amsterdam
Ceintuurbaan,192,"",2,1072GC,Amsterdam
Ceintuurbaan,192,"",3,1072GC,Amsterdam
Ceintuurbaan,192,"",4,1072GC,Amsterdam
Ceintuurbaan,194,"",1,1072GC,Amsterdam
Ceintuurbaan,194,"",2,1072GC,Amsterdam
Ceintuurbaan,194,"",3,1072GC,Amsterdam
Ceintuurbaan,194,"",4,1072GC,Amsterdam
Ceintuurbaan,194,"",H,1072GC,Amsterdam
Ceintuurbaan,196,"",1,1072GC,Amsterdam
Ceintuurbaan,196,"",2,1072GC,Amsterdam
Ceintuurbaan,196,"",3,1072GC,Amsterdam
Ceintuurbaan,196,"",4,1072GC,Amsterdam
Ceintuurbaan,196,"",H,1072GC,Amsterdam
Ceintuurbaan,198,"",1,1072GC,Amsterdam
Ceintuurbaan,198,"",2,1072GC,Amsterdam
Ceintuurbaan,198,"",3,1072GC,Amsterdam
Ceintuurbaan,198,"",4,1072GC,Amsterdam
Ceintuurbaan,198,"",H,1072GC,Amsterdam
Ceintuurbaan,200,"",1,1072GC,Amsterdam
Ceintuurbaan,200,"",2,1072GC,Amsterdam
Ceintuurbaan,200,"",3,1072GC,Amsterdam
Ceintuurbaan,200,"",4,1072GC,Amsterdam
Ceintuurbaan,200,"",H,1072GC,Amsterdam
Ceintuurbaan,202,"",2,1072GC,Amsterdam
Ceintuurbaan,202,"",3,1072GC,Amsterdam
Ceintuurbaan,202,"",4,1072GC,Amsterdam
Ceintuurbaan,202,"",H,1072GC,Amsterdam
Ceintuurbaan,204,"",2,1072GC,Amsterdam
Ceintuurbaan,204,"",3,1072GC,Amsterdam
Ceintuurbaan,204,"",3A,1072GC,Amsterdam
Ceintuurbaan,204,"",3B,1072GC,Amsterdam
Ceintuurbaan,204,"",4,1072GC,Amsterdam
Ceintuurbaan,204,"",H,1072GC,Amsterdam
Ceintuurbaan,206,"",1,1072GC,Amsterdam
Ceintuurbaan,206,"",2,1072GC,Amsterdam
Ceintuurbaan,206,"",3,1072GC,Amsterdam
Ceintuurbaan,206,"",4,1072GC,Amsterdam
Ceintuurbaan,206,"",H,1072GC,Amsterdam
Ceintuurbaan,208,"",1,1072GD,Amsterdam
Ceintuurbaan,208,"",2,1072GD,Amsterdam
Ceintuurbaan,208,"",3,1072GD,Amsterdam
Ceintuurbaan,208,"",H,1072GD,Amsterdam
Ceintuurbaan,210,"",1,1072GD,Amsterdam
Ceintuurbaan,210,"",2,1072GD,Amsterdam
Ceintuurbaan,210,"",3,1072GD,Amsterdam
Ceintuurbaan,210,"",H,1072GD,Amsterdam
Ceintuurbaan,212,"",1,1072GD,Amsterdam
Ceintuurbaan,212,"",2,1072GD,Amsterdam
Ceintuurbaan,212,"",3,1072GD,Amsterdam
Ceintuurbaan,212,"",H,1072GD,Amsterdam
Ceintuurbaan,214,"",1,1072GD,Amsterdam
Ceintuurbaan,214,"",2,1072GD,Amsterdam
Ceintuurbaan,214,"",3,1072GD,Amsterdam
Ceintuurbaan,214,"",H,1072GD,Amsterdam
Ceintuurbaan,216,"",1,1072GD,Amsterdam
Ceintuurbaan,216,"",2,1072GD,Amsterdam
Ceintuurbaan,216,"",3,1072GD,Amsterdam
Ceintuurbaan,216,"",4,1072GD,Amsterdam
Ceintuurbaan,216,"",H,1072GD,Amsterdam
Ceintuurbaan,218,"",1,1072GD,Amsterdam
Ceintuurbaan,218,"",2,1072GD,Amsterdam
Ceintuurbaan,218,"",3,1072GD,Amsterdam
Ceintuurbaan,218,"",H,1072GD,Amsterdam
Ceintuurbaan,220,"",1,1072GD,Amsterdam
Ceintuurbaan,220,"",2,1072GD,Amsterdam
Ceintuurbaan,220,"",3,1072GD,Amsterdam
Ceintuurbaan,222,"",1,1072GD,Amsterdam
Ceintuurbaan,222,"",2,1072GD,Amsterdam
Ceintuurbaan,222,"",3,1072GD,Amsterdam
Ceintuurbaan,222,"",H,1072GD,Amsterdam
Ceintuurbaan,224,"",1,1072GE,Amsterdam
Ceintuurbaan,224,"",2,1072GE,Amsterdam
Ceintuurbaan,224,"",3,1072GE,Amsterdam
Ceintuurbaan,224,"",H,1072GE,Amsterdam
Ceintuurbaan,226,"",1,1072GE,Amsterdam
Ceintuurbaan,226,"",2,1072GE,Amsterdam
Ceintuurbaan,226,"",3,1072GE,Amsterdam
Ceintuurbaan,226,"",4,1072GE,Amsterdam
Ceintuurbaan,226,"",H,1072GE,Amsterdam
Ceintuurbaan,228,"",1,1072GE,Amsterdam
Ceintuurbaan,228,"",2,1072GE,Amsterdam
Ceintuurbaan,228,"",3,1072GE,Amsterdam
Ceintuurbaan,228,"",4A,1072GE,Amsterdam
Ceintuurbaan,228,"",4B,1072GE,Amsterdam
Ceintuurbaan,228,"",H,1072GE,Amsterdam
Ceintuurbaan,230,"",1,1072GE,Amsterdam
Ceintuurbaan,230,"",2,1072GE,Amsterdam
Ceintuurbaan,230,"",3,1072GE,Amsterdam
Ceintuurbaan,230,"",4,1072GE,Amsterdam
Ceintuurbaan,230,"",H,1072GE,Amsterdam
Ceintuurbaan,232,"",1,1072GE,Amsterdam
Ceintuurbaan,232,"",2,1072GE,Amsterdam
Ceintuurbaan,232,"",3,1072GE,Amsterdam
Ceintuurbaan,232,"",4,1072GE,Amsterdam
Ceintuurbaan,232,"",H,1072GE,Amsterdam
Ceintuurbaan,234,"",1,1072GE,Amsterdam
Ceintuurbaan,234,"",2,1072GE,Amsterdam
Ceintuurbaan,234,"",3,1072GE,Amsterdam
Ceintuurbaan,234,"",4,1072GE,Amsterdam
Ceintuurbaan,234,"",H,1072GE,Amsterdam
Ceintuurbaan,236,"",1,1072GE,Amsterdam
Ceintuurbaan,236,"",2,1072GE,Amsterdam
Ceintuurbaan,236,"",H,1072GE,Amsterdam
Ceintuurbaan,238,"","",1072GE,Amsterdam
Ceintuurbaan,240,"","",1072GG,Amsterdam
Ceintuurbaan,244,"","",1072GG,Amsterdam
Ceintuurbaan,246,"",1,1072GG,Amsterdam
Ceintuurbaan,246,"",2,1072GG,Amsterdam
Ceintuurbaan,246,"",3,1072GG,Amsterdam
Ceintuurbaan,246,"",H,1072GG,Amsterdam
Ceintuurbaan,248,"",1,1072GG,Amsterdam
Ceintuurbaan,248,"",2,1072GG,Amsterdam
Ceintuurbaan,248,"",3,1072GG,Amsterdam
Ceintuurbaan,248,"",4,1072GG,Amsterdam
Ceintuurbaan,248,"",H,1072GG,Amsterdam
Ceintuurbaan,250,"",1,1072GH,Amsterdam
Ceintuurbaan,250,"",2,1072GH,Amsterdam
Ceintuurbaan,250,"",2,1072GH,Amsterdam
Ceintuurbaan,250,"",3,1072GH,Amsterdam
Ceintuurbaan,250,"",4,1072GH,Amsterdam
Ceintuurbaan,250,"",H,1072GH,Amsterdam
Ceintuurbaan,250,"",H,1072GH,Amsterdam
Ceintuurbaan,252,"",1,1072GH,Amsterdam
Ceintuurbaan,252,"",2,1072GH,Amsterdam
Ceintuurbaan,252,"",3,1072GH,Amsterdam
Ceintuurbaan,252,"",H,1072GH,Amsterdam
Ceintuurbaan,254,"",1,1072GH,Amsterdam
Ceintuurbaan,254,"",1,1072GH,Amsterdam
Ceintuurbaan,254,"",2,1072GH,Amsterdam
Ceintuurbaan,254,"",3,1072GH,Amsterdam
Ceintuurbaan,254,"",H,1072GH,Amsterdam
Ceintuurbaan,256,"",1,1072GH,Amsterdam
Ceintuurbaan,256,"",2,1072GH,Amsterdam
Ceintuurbaan,256,"",3,1072GH,Amsterdam
Ceintuurbaan,256,"",H,1072GH,Amsterdam
Ceintuurbaan,256,"",H,1072GH,Amsterdam
Ceintuurbaan,258,"",1,1072GH,Amsterdam
Ceintuurbaan,258,"",2,1072GH,Amsterdam
Ceintuurbaan,258,"",3,1072GH,Amsterdam
Ceintuurbaan,260,"",1,1072GH,Amsterdam
Ceintuurbaan,260,"",2,1072GH,Amsterdam
Ceintuurbaan,260,"",3,1072GH,Amsterdam
Ceintuurbaan,260,"",H,1072GH,Amsterdam
Ceintuurbaan,262,"",1,1072GH,Amsterdam
Ceintuurbaan,262,"",2,1072GH,Amsterdam
Ceintuurbaan,262,"",3,1072GH,Amsterdam
Ceintuurbaan,262,"",H,1072GH,Amsterdam
Ceintuurbaan,264,A,"",1072GJ,Amsterdam
Ceintuurbaan,264,B,"",1072GJ,Amsterdam
Ceintuurbaan,264,C,"",1072GJ,Amsterdam
Ceintuurbaan,264,D,"",1072GJ,Amsterdam
Ceintuurbaan,264,E,"",1072GJ,Amsterdam
Ceintuurbaan,264,F,"",1072GJ,Amsterdam
Ceintuurbaan,266,"",1,1072GJ,Amsterdam
Ceintuurbaan,266,"",2,1072GJ,Amsterdam
Ceintuurbaan,266,"",3,1072GJ,Amsterdam
Ceintuurbaan,266,"",H,1072GJ,Amsterdam
Ceintuurbaan,268,"",1,1072GJ,Amsterdam
Ceintuurbaan,268,"",2,1072GJ,Amsterdam
Ceintuurbaan,268,"",3,1072GJ,Amsterdam
Ceintuurbaan,268,"",H,1072GJ,Amsterdam
Ceintuurbaan,268,"",H,1072GJ,Amsterdam
Ceintuurbaan,270,"",1,1072GJ,Amsterdam
Ceintuurbaan,270,"",2,1072GJ,Amsterdam
Ceintuurbaan,270,"",3,1072GJ,Amsterdam
Ceintuurbaan,270,"",H,1072GJ,Amsterdam
Ceintuurbaan,272,"",1,1072GJ,Amsterdam
Ceintuurbaan,272,"",2,1072GJ,Amsterdam
Ceintuurbaan,272,"",3,1072GJ,Amsterdam
Ceintuurbaan,272,"",4,1072GJ,Amsterdam
Ceintuurbaan,272,"",H,1072GJ,Amsterdam
Ceintuurbaan,274,"",1,1072GJ,Amsterdam
Ceintuurbaan,274,"",2,1072GJ,Amsterdam
Ceintuurbaan,274,"",3,1072GJ,Amsterdam
Ceintuurbaan,274,"",H,1072GJ,Amsterdam
Ceintuurbaan,276,"",1,1072GJ,Amsterdam
Ceintuurbaan,276,"",2,1072GJ,Amsterdam
Ceintuurbaan,276,"",3,1072GJ,Amsterdam
Ceintuurbaan,276,"",H,1072GJ,Amsterdam
Ceintuurbaan,278,"",1,1072GJ,Amsterdam
Ceintuurbaan,278,"",2,1072GJ,Amsterdam
Ceintuurbaan,278,"",3,1072GJ,Amsterdam
Ceintuurbaan,278,"",H,1072GJ,Amsterdam
Rustenburgerstraat,391,"",2,1072GW,Amsterdam
Rustenburgerstraat,391,"",3,1072GW,Amsterdam
Rustenburgerstraat,391,"",4,1072GW,Amsterdam
Rustenburgerstraat,391,"",H,1072GW,Amsterdam
Rustenburgerstraat,393,"",1,1072GW,Amsterdam
Rustenburgerstraat,393,"",2,1072GW,Amsterdam
Rustenburgerstraat,393,"",3,1072GW,Amsterdam
Rustenburgerstraat,393,"",H,1072GW,Amsterdam
Rustenburgerstraat,395,"",1,1072GW,Amsterdam
Rustenburgerstraat,395,"",2,1072GW,Amsterdam
Rustenburgerstraat,395,"",3,1072GW,Amsterdam
Rustenburgerstraat,395,"",H,1072GW,Amsterdam
Rustenburgerstraat,397,"",1,1072GW,Amsterdam
Rustenburgerstraat,397,"",2,1072GW,Amsterdam
Rustenburgerstraat,397,"",3,1072GW,Amsterdam
Rustenburgerstraat,397,"",4,1072GW,Amsterdam
Rustenburgerstraat,397,"",H,1072GW,Amsterdam
Rustenburgerstraat,399,"",1,1072GW,Amsterdam
Rustenburgerstraat,399,"",2,1072GW,Amsterdam
Rustenburgerstraat,399,"",3,1072GW,Amsterdam
Rustenburgerstraat,399,"",H,1072GW,Amsterdam
Rustenburgerstraat,401,"",1,1072GW,Amsterdam
Rustenburgerstraat,401,"",2,1072GW,Amsterdam
Rustenburgerstraat,401,"",3,1072GW,Amsterdam
Rustenburgerstraat,401,"",H,1072GW,Amsterdam
Rustenburgerstraat,403,"",1,1072GW,Amsterdam
Rustenburgerstraat,403,"",2,1072GW,Amsterdam
Rustenburgerstraat,403,"",3,1072GW,Amsterdam
Rustenburgerstraat,403,"",4,1072GW,Amsterdam
Rustenburgerstraat,403,"",4A,1072GW,Amsterdam
Rustenburgerstraat,403,"",4B,1072GW,Amsterdam
Rustenburgerstraat,403,"",H,1072GW,Amsterdam
Rustenburgerstraat,405,"",1,1072GW,Amsterdam
Rustenburgerstraat,405,"",2,1072GW,Amsterdam
Rustenburgerstraat,405,"",3,1072GW,Amsterdam
Rustenburgerstraat,405,"",4A,1072GW,Amsterdam
Rustenburgerstraat,405,"",4V,1072GW,Amsterdam
Rustenburgerstraat,405,"",H,1072GW,Amsterdam
Rustenburgerstraat,407,"",1,1072GW,Amsterdam
Rustenburgerstraat,407,"",2,1072GW,Amsterdam
Rustenburgerstraat,407,"",3,1072GW,Amsterdam
Rustenburgerstraat,407,"",4A,1072GW,Amsterdam
Rustenburgerstraat,407,"",4V,1072GW,Amsterdam
Rustenburgerstraat,407,"",H,1072GW,Amsterdam
Rustenburgerstraat,409,"",1,1072GX,Amsterdam
Rustenburgerstraat,409,"",2,1072GX,Amsterdam
Rustenburgerstraat,409,"",3,1072GX,Amsterdam
Rustenburgerstraat,409,"",4,1072GX,Amsterdam
Rustenburgerstraat,409,"",H,1072GX,Amsterdam
Rustenburgerstraat,411,"",1,1072GX,Amsterdam
Rustenburgerstraat,411,"",2,1072GX,Amsterdam
Rustenburgerstraat,411,"",3,1072GX,Amsterdam
Rustenburgerstraat,411,"",H,1072GX,Amsterdam
Rustenburgerstraat,413,"",1,1072GX,Amsterdam
Rustenburgerstraat,413,"",2,1072GX,Amsterdam
Rustenburgerstraat,413,"",3,1072GX,Amsterdam
Rustenburgerstraat,413,"",H,1072GX,Amsterdam
Rustenburgerstraat,415,"",1,1072GX,Amsterdam
Rustenburgerstraat,415,"",2,1072GX,Amsterdam
Rustenburgerstraat,415,"",3,1072GX,Amsterdam
Rustenburgerstraat,415,"",H,1072GX,Amsterdam
Rustenburgerstraat,417,"",1,1072GX,Amsterdam
Rustenburgerstraat,417,"",2,1072GX,Amsterdam
Rustenburgerstraat,417,"",3,1072GX,Amsterdam
Rustenburgerstraat,417,"",H,1072GX,Amsterdam
Rustenburgerstraat,419,"",1,1072GX,Amsterdam
Rustenburgerstraat,419,"",2,1072GX,Amsterdam
Rustenburgerstraat,419,"",3,1072GX,Amsterdam
Rustenburgerstraat,419,"",H,1072GX,Amsterdam
Rustenburgerstraat,421,"",1,1072GX,Amsterdam
Rustenburgerstraat,421,"",2,1072GX,Amsterdam
Rustenburgerstraat,421,"",3,1072GX,Amsterdam
Rustenburgerstraat,421,"",4,1072GX,Amsterdam
Rustenburgerstraat,421,"",H,1072GX,Amsterdam
Rustenburgerstraat,423,"",1,1072GX,Amsterdam
Rustenburgerstraat,423,"",2,1072GX,Amsterdam
Rustenburgerstraat,423,"",3,1072GX,Amsterdam
Rustenburgerstraat,423,"",H,1072GX,Amsterdam
Rustenburgerstraat,425,"",1,1072GX,Amsterdam
Rustenburgerstraat,425,"",2,1072GX,Amsterdam
Rustenburgerstraat,425,"",3,1072GX,Amsterdam
Rustenburgerstraat,427,"","",1072GZ,Amsterdam
Rustenburgerstraat,429,"",1,1072GZ,Amsterdam
Rustenburgerstraat,429,"",2,1072GZ,Amsterdam
Rustenburgerstraat,429,"",3,1072GZ,Amsterdam
Rustenburgerstraat,429,"",4,1072GZ,Amsterdam
Rustenburgerstraat,429,"",H,1072GZ,Amsterdam
Rustenburgerstraat,431,"",1,1072GZ,Amsterdam
Rustenburgerstraat,431,"",2,1072GZ,Amsterdam
Rustenburgerstraat,431,"",3,1072GZ,Amsterdam
Rustenburgerstraat,431,"",4,1072GZ,Amsterdam
Rustenburgerstraat,431,"",H,1072GZ,Amsterdam
Rustenburgerstraat,433,"",1,1072GZ,Amsterdam
Rustenburgerstraat,433,"",2,1072GZ,Amsterdam
Rustenburgerstraat,433,"",3,1072GZ,Amsterdam
Rustenburgerstraat,433,"",H,1072GZ,Amsterdam
Rustenburgerstraat,435,"",1,1072GZ,Amsterdam
Rustenburgerstraat,435,"",2,1072GZ,Amsterdam
Rustenburgerstraat,435,"",3,1072GZ,Amsterdam
Rustenburgerstraat,435,"",4,1072GZ,Amsterdam
Rustenburgerstraat,435,"",H,1072GZ,Amsterdam
Rustenburgerstraat,437,"",1,1072GZ,Amsterdam
Rustenburgerstraat,437,"",2,1072GZ,Amsterdam
Rustenburgerstraat,437,"",3,1072GZ,Amsterdam
Rustenburgerstraat,437,"",H,1072GZ,Amsterdam
Rustenburgerstraat,439,"",1,1072GZ,Amsterdam
Rustenburgerstraat,439,"",2,1072GZ,Amsterdam
Rustenburgerstraat,439,"",3,1072GZ,Amsterdam
Rustenburgerstraat,439,"",H,1072GZ,Amsterdam
Rustenburgerstraat,441,"",1,1072GZ,Amsterdam
Rustenburgerstraat,441,"",2,1072GZ,Amsterdam
Rustenburgerstraat,441,"",3,1072GZ,Amsterdam
Rustenburgerstraat,441,"",H,1072GZ,Amsterdam
Rustenburgerstraat,443,"",1,1072GZ,Amsterdam
Rustenburgerstraat,443,"",2,1072GZ,Amsterdam
Rustenburgerstraat,443,"",3,1072GZ,Amsterdam
Rustenburgerstraat,443,"",4,1072GZ,Amsterdam
Rustenburgerstraat,443,"",H,1072GZ,Amsterdam
Rustenburgerstraat,445,"",1,1072HA,Amsterdam
Rustenburgerstraat,445,"",2,1072HA,Amsterdam
Rustenburgerstraat,445,"",3,1072HA,Amsterdam
Rustenburgerstraat,445,"",H,1072HA,Amsterdam
Rustenburgerstraat,447,"",1,1072HA,Amsterdam
Rustenburgerstraat,447,"",2,1072HA,Amsterdam
Rustenburgerstraat,447,"",3,1072HA,Amsterdam
Rustenburgerstraat,447,"",H,1072HA,Amsterdam
Rustenburgerstraat,449,"",1,1072HA,Amsterdam
Rustenburgerstraat,449,"",2,1072HA,Amsterdam
Rustenburgerstraat,449,"",3,1072HA,Amsterdam
Rustenburgerstraat,449,"",H,1072HA,Amsterdam
Rustenburgerstraat,451,"",1,1072HA,Amsterdam
Rustenburgerstraat,451,"",2,1072HA,Amsterdam
Rustenburgerstraat,451,"",3,1072HA,Amsterdam
Rustenburgerstraat,451,"",4,1072HA,Amsterdam
Rustenburgerstraat,451,"",H,1072HA,Amsterdam
Rustenburgerstraat,453,"",1,1072HA,Amsterdam
Rustenburgerstraat,453,"",2,1072HA,Amsterdam
Rustenburgerstraat,453,"",3,1072HA,Amsterdam
Rustenburgerstraat,453,"",4,1072HA,Amsterdam
Rustenburgerstraat,453,"",H,1072HA,Amsterdam
Rustenburgerstraat,455,"",1,1072HA,Amsterdam
Rustenburgerstraat,455,"",2,1072HA,Amsterdam
Rustenburgerstraat,455,"",3,1072HA,Amsterdam
Rustenburgerstraat,455,"",4,1072HA,Amsterdam
Rustenburgerstraat,455,"",H,1072HA,Amsterdam
Rustenburgerstraat,541,"",4,1072HA,Amsterdam
Rustenburgerstraat,457,"",1,1072HB,Amsterdam
Rustenburgerstraat,457,"",2,1072HB,Amsterdam
Rustenburgerstraat,457,"",3,1072HB,Amsterdam
Rustenburgerstraat,457,"",4,1072HB,Amsterdam
Rustenburgerstraat,457,"",H,1072HB,Amsterdam
Rustenburgerstraat,459,"",1,1072HB,Amsterdam
Rustenburgerstraat,459,"",2,1072HB,Amsterdam
Rustenburgerstraat,459,"",3,1072HB,Amsterdam
Rustenburgerstraat,459,"",H,1072HB,Amsterdam
Rustenburgerstraat,461,"",1,1072HB,Amsterdam
Rustenburgerstraat,461,"",2,1072HB,Amsterdam
Rustenburgerstraat,461,"",3,1072HB,Amsterdam
Rustenburgerstraat,461,"",H,1072HB,Amsterdam
Rustenburgerstraat,463,"",1,1072HB,Amsterdam
Rustenburgerstraat,463,"",2,1072HB,Amsterdam
Rustenburgerstraat,463,"",3,1072HB,Amsterdam
Rustenburgerstraat,463,"",H,1072HB,Amsterdam
Rustenburgerstraat,465,"",1,1072HB,Amsterdam
Rustenburgerstraat,465,"",2,1072HB,Amsterdam
Rustenburgerstraat,465,"",3,1072HB,Amsterdam
Rustenburgerstraat,465,"",H,1072HB,Amsterdam
Rustenburgerstraat,467,"",1,1072HB,Amsterdam
Rustenburgerstraat,467,"",2,1072HB,Amsterdam
Rustenburgerstraat,467,"",3,1072HB,Amsterdam
Rustenburgerstraat,467,"",H,1072HB,Amsterdam
Rustenburgerstraat,469,"",1,1072HB,Amsterdam
Rustenburgerstraat,469,"",2,1072HB,Amsterdam
Rustenburgerstraat,469,"",3,1072HB,Amsterdam
Rustenburgerstraat,469,"",H,1072HB,Amsterdam
Rustenburgerstraat,390,"",1,1072HH,Amsterdam
Rustenburgerstraat,390,"",2,1072HH,Amsterdam
Rustenburgerstraat,390,"",3,1072HH,Amsterdam
Rustenburgerstraat,392,"",1,1072HH,Amsterdam
Rustenburgerstraat,392,"",2,1072HH,Amsterdam
Rustenburgerstraat,392,"",3,1072HH,Amsterdam
Rustenburgerstraat,392,"",H,1072HH,Amsterdam
Rustenburgerstraat,394,"",1,1072HH,Amsterdam
Rustenburgerstraat,394,"",2,1072HH,Amsterdam
Rustenburgerstraat,394,"",3,1072HH,Amsterdam
Rustenburgerstraat,394,"",4,1072HH,Amsterdam
Rustenburgerstraat,394,"",H,1072HH,Amsterdam
Rustenburgerstraat,396,"",1,1072HH,Amsterdam
Rustenburgerstraat,396,"",2,1072HH,Amsterdam
Rustenburgerstraat,396,"",3,1072HH,Amsterdam
Rustenburgerstraat,396,"",H,1072HH,Amsterdam
Rustenburgerstraat,398,"",1,1072HH,Amsterdam
Rustenburgerstraat,398,"",2,1072HH,Amsterdam
Rustenburgerstraat,398,"",3,1072HH,Amsterdam
Rustenburgerstraat,398,"",H,1072HH,Amsterdam
Rustenburgerstraat,400,"",1,1072HH,Amsterdam
Rustenburgerstraat,400,"",2,1072HH,Amsterdam
Rustenburgerstraat,400,"",3,1072HH,Amsterdam
Rustenburgerstraat,400,"",H,1072HH,Amsterdam
Rustenburgerstraat,402,"",1,1072HH,Amsterdam
Rustenburgerstraat,402,"",2,1072HH,Amsterdam
Rustenburgerstraat,402,"",3,1072HH,Amsterdam
Rustenburgerstraat,402,"",H,1072HH,Amsterdam
Rustenburgerstraat,404,"",1,1072HH,Amsterdam
Rustenburgerstraat,404,"",2,1072HH,Amsterdam
Rustenburgerstraat,404,"",3,1072HH,Amsterdam
Rustenburgerstraat,404,"",4,1072HH,Amsterdam
Rustenburgerstraat,404,"",H,1072HH,Amsterdam
Rustenburgerstraat,406,"",1,1072HH,Amsterdam
Rustenburgerstraat,406,"",2,1072HH,Amsterdam
Rustenburgerstraat,406,"",3,1072HH,Amsterdam
Rustenburgerstraat,406,"",4,1072HH,Amsterdam
Rustenburgerstraat,406,"",H,1072HH,Amsterdam
Rustenburgerstraat,406,"",H,1072HH,Amsterdam
Rustenburgerstraat,406,Z,99,1072HH,Amsterdam
Rustenburgerstraat,408,"",3,1072HH,Amsterdam
Rustenburgerstraat,408,"",4,1072HH,Amsterdam
Rustenburgerstraat,408,"",H,1072HH,Amsterdam
Rustenburgerstraat,410,A,"",1072HJ,Amsterdam
Rustenburgerstraat,410,B,"",1072HJ,Amsterdam
Rustenburgerstraat,410,C,"",1072HJ,Amsterdam
Rustenburgerstraat,412,"",1,1072HJ,Amsterdam
Rustenburgerstraat,412,"",2,1072HJ,Amsterdam
Rustenburgerstraat,412,"",3,1072HJ,Amsterdam
Rustenburgerstraat,412,"",H,1072HJ,Amsterdam
Rustenburgerstraat,414,A,"",1072HJ,Amsterdam
Rustenburgerstraat,414,B,"",1072HJ,Amsterdam
Rustenburgerstraat,416,"",1,1072HJ,Amsterdam
Rustenburgerstraat,416,"",2,1072HJ,Amsterdam
Rustenburgerstraat,416,"",3,1072HJ,Amsterdam
Rustenburgerstraat,416,"",H,1072HJ,Amsterdam
Rustenburgerstraat,418,"",1,1072HJ,Amsterdam
Rustenburgerstraat,418,"",2,1072HJ,Amsterdam
Rustenburgerstraat,418,"",3,1072HJ,Amsterdam
Rustenburgerstraat,418,"",H,1072HJ,Amsterdam
Rustenburgerstraat,420,"",1,1072HJ,Amsterdam
Rustenburgerstraat,420,"",2,1072HJ,Amsterdam
Rustenburgerstraat,420,"",2,1072HJ,Amsterdam
Rustenburgerstraat,420,"",3,1072HJ,Amsterdam
Rustenburgerstraat,420,"",H,1072HJ,Amsterdam
Rustenburgerstraat,422,"",1,1072HJ,Amsterdam
Rustenburgerstraat,422,"",2,1072HJ,Amsterdam
Rustenburgerstraat,422,"",3,1072HJ,Amsterdam
Rustenburgerstraat,422,"",H,1072HJ,Amsterdam
Rustenburgerstraat,424,"",1,1072HJ,Amsterdam
Rustenburgerstraat,424,"",2,1072HJ,Amsterdam
Rustenburgerstraat,424,"",3,1072HJ,Amsterdam
Rustenburgerstraat,424,"",H,1072HJ,Amsterdam
Rustenburgerstraat,426,"",1,1072HJ,Amsterdam
Rustenburgerstraat,426,"",2,1072HJ,Amsterdam
Rustenburgerstraat,426,"",3,1072HJ,Amsterdam
Rustenburgerstraat,428,"",1,1072HK,Amsterdam
Rustenburgerstraat,428,"",2,1072HK,Amsterdam
Rustenburgerstraat,428,"",3,1072HK,Amsterdam
Rustenburgerstraat,428,"",H,1072HK,Amsterdam
Rustenburgerstraat,430,"",1,1072HK,Amsterdam
Rustenburgerstraat,430,"",2,1072HK,Amsterdam
Rustenburgerstraat,430,"",3,1072HK,Amsterdam
Rustenburgerstraat,430,"",4,1072HK,Amsterdam
Rustenburgerstraat,430,"",H,1072HK,Amsterdam
Rustenburgerstraat,432,"",1A,1072HK,Amsterdam
Rustenburgerstraat,432,"",1V,1072HK,Amsterdam
Rustenburgerstraat,432,"",2,1072HK,Amsterdam
Rustenburgerstraat,432,"",3A,1072HK,Amsterdam
Rustenburgerstraat,432,"",3V,1072HK,Amsterdam
Rustenburgerstraat,432,"",4A,1072HK,Amsterdam
Rustenburgerstraat,432,"",4V,1072HK,Amsterdam
Rustenburgerstraat,432,"",HA,1072HK,Amsterdam
Rustenburgerstraat,432,"",HV,1072HK,Amsterdam
Rustenburgerstraat,434,"",1,1072HK,Amsterdam
Rustenburgerstraat,434,"",2,1072HK,Amsterdam
Rustenburgerstraat,434,"",3,1072HK,Amsterdam
Rustenburgerstraat,434,"",4,1072HK,Amsterdam
Rustenburgerstraat,434,"",H,1072HK,Amsterdam
Rustenburgerstraat,436,"","",1072HK,Amsterdam
Rustenburgerstraat,438,"","",1072HK,Amsterdam
Dusartstraat,13,A,"",1072HM,Amsterdam
Dusartstraat,13,B,"",1072HM,Amsterdam
Dusartstraat,13,C,"",1072HM,Amsterdam
Dusartstraat,13,D,"",1072HM,Amsterdam
Dusartstraat,13,E,"",1072HM,Amsterdam
Dusartstraat,13,F,"",1072HM,Amsterdam
Dusartstraat,15,A,"",1072HM,Amsterdam
Dusartstraat,15,B,"",1072HM,Amsterdam
Dusartstraat,15,C,"",1072HM,Amsterdam
Dusartstraat,15,D,"",1072HM,Amsterdam
Dusartstraat,15,E,"",1072HM,Amsterdam
Dusartstraat,15,F,"",1072HM,Amsterdam
Dusartstraat,17,A,"",1072HM,Amsterdam
Dusartstraat,17,B,"",1072HM,Amsterdam
Dusartstraat,17,C,"",1072HM,Amsterdam
Dusartstraat,17,D,"",1072HM,Amsterdam
Dusartstraat,17,E,"",1072HM,Amsterdam
Dusartstraat,17,F,"",1072HM,Amsterdam
Dusartstraat,17,G,"",1072HM,Amsterdam
Dusartstraat,17,H,"",1072HM,Amsterdam
Dusartstraat,17,K,"",1072HM,Amsterdam
Dusartstraat,17,L,"",1072HM,Amsterdam
Dusartstraat,17,M,"",1072HM,Amsterdam
Dusartstraat,17,N,"",1072HM,Amsterdam
Dusartstraat,17,P,"",1072HM,Amsterdam
Dusartstraat,17,R,"",1072HM,Amsterdam
Dusartstraat,17,S,"",1072HM,Amsterdam
Dusartstraat,17,T,"",1072HM,Amsterdam
Dusartstraat,21,"",1,1072HM,Amsterdam
Dusartstraat,21,"",2,1072HM,Amsterdam
Dusartstraat,21,"",3,1072HM,Amsterdam
Dusartstraat,21,"",H,1072HM,Amsterdam
Dusartstraat,23,"",1,1072HM,Amsterdam
Dusartstraat,23,"",2,1072HM,Amsterdam
Dusartstraat,23,"",3,1072HM,Amsterdam
Dusartstraat,23,"",3,1072HM,Amsterdam
Dusartstraat,23,"",4,1072HM,Amsterdam
Dusartstraat,23,"",H,1072HM,Amsterdam
Dusartstraat,25,"",1,1072HM,Amsterdam
Dusartstraat,25,"",2,1072HM,Amsterdam
Dusartstraat,25,"",3,1072HM,Amsterdam
Dusartstraat,25,"",H,1072HM,Amsterdam
Dusartstraat,27,"",1,1072HM,Amsterdam
Dusartstraat,27,"",2,1072HM,Amsterdam
Dusartstraat,27,"",3,1072HM,Amsterdam
Dusartstraat,27,"",H,1072HM,Amsterdam
Dusartstraat,29,"",1,1072HM,Amsterdam
Dusartstraat,29,"",2,1072HM,Amsterdam
Dusartstraat,29,"",3,1072HM,Amsterdam
Dusartstraat,31,"",1,1072HN,Amsterdam
Dusartstraat,31,"",2,1072HN,Amsterdam
Dusartstraat,31,"",3,1072HN,Amsterdam
Dusartstraat,33,"",1,1072HN,Amsterdam
Dusartstraat,33,"",2,1072HN,Amsterdam
Dusartstraat,33,"",3,1072HN,Amsterdam
Dusartstraat,33,"",H,1072HN,Amsterdam
Dusartstraat,35,"",1,1072HN,Amsterdam
Dusartstraat,35,"",2,1072HN,Amsterdam
Dusartstraat,35,"",3,1072HN,Amsterdam
Dusartstraat,35,"",H,1072HN,Amsterdam
Dusartstraat,37,"",1,1072HN,Amsterdam
Dusartstraat,37,"",2,1072HN,Amsterdam
Dusartstraat,37,"",3,1072HN,Amsterdam
Dusartstraat,37,"",4,1072HN,Amsterdam
Dusartstraat,37,"",H,1072HN,Amsterdam
Dusartstraat,39,"",1,1072HN,Amsterdam
Dusartstraat,39,"",2,1072HN,Amsterdam
Dusartstraat,39,"",4,1072HN,Amsterdam
Dusartstraat,39,"",H,1072HN,Amsterdam
Dusartstraat,41,"",1,1072HN,Amsterdam
Dusartstraat,41,"",2,1072HN,Amsterdam
Dusartstraat,41,"",3,1072HN,Amsterdam
Dusartstraat,41,"",H,1072HN,Amsterdam
Dusartstraat,43,"",1,1072HN,Amsterdam
Dusartstraat,43,"",3,1072HN,Amsterdam
Dusartstraat,43,"",H,1072HN,Amsterdam
Dusartstraat,43,H,"",1072HN,Amsterdam
Dusartstraat,45,"",1,1072HN,Amsterdam
Dusartstraat,45,"",2,1072HN,Amsterdam
Dusartstraat,45,"",2,1072HN,Amsterdam
Dusartstraat,45,"",3,1072HN,Amsterdam
Dusartstraat,45,"",4,1072HN,Amsterdam
Dusartstraat,45,"",H,1072HN,Amsterdam
Dusartstraat,45,"",H,1072HN,Amsterdam
Dusartstraat,45,Z,99,1072HN,Amsterdam
Dusartstraat,47,"",1,1072HN,Amsterdam
Dusartstraat,47,"",2,1072HN,Amsterdam
Dusartstraat,47,"",3,1072HN,Amsterdam
Dusartstraat,47,"",4,1072HN,Amsterdam
Dusartstraat,47,"",H,1072HN,Amsterdam
Dusartstraat,49,"",1,1072HN,Amsterdam
Dusartstraat,49,"",2,1072HN,Amsterdam
Dusartstraat,49,"",3,1072HN,Amsterdam
Dusartstraat,49,"",4,1072HN,Amsterdam
Dusartstraat,49,"",H,1072HN,Amsterdam
Dusartstraat,51,"",1,1072HN,Amsterdam
Dusartstraat,51,"",2,1072HN,Amsterdam
Dusartstraat,51,"",3,1072HN,Amsterdam
Dusartstraat,51,"",H,1072HN,Amsterdam
Dusartstraat,53,"",1,1072HP,Amsterdam
Dusartstraat,53,"",2,1072HP,Amsterdam
Dusartstraat,53,"",3,1072HP,Amsterdam
Dusartstraat,53,"",H,1072HP,Amsterdam
Dusartstraat,53,"",H,1072HP,Amsterdam
Dusartstraat,55,"",1,1072HP,Amsterdam
Dusartstraat,55,"",2,1072HP,Amsterdam
Dusartstraat,55,"",3,1072HP,Amsterdam
Dusartstraat,55,"",H,1072HP,Amsterdam
Dusartstraat,55,"",H,1072HP,Amsterdam
Dusartstraat,57,"",1,1072HP,Amsterdam
Dusartstraat,57,"",2,1072HP,Amsterdam
Dusartstraat,57,"",3,1072HP,Amsterdam
Dusartstraat,57,"",H,1072HP,Amsterdam
Dusartstraat,59,"",1,1072HP,Amsterdam
Dusartstraat,59,"",2,1072HP,Amsterdam
Dusartstraat,59,"",3,1072HP,Amsterdam
Dusartstraat,59,"",H,1072HP,Amsterdam
Dusartstraat,61,"",1,1072HP,Amsterdam
Dusartstraat,61,"",2,1072HP,Amsterdam
Dusartstraat,61,"",3,1072HP,Amsterdam
Dusartstraat,61,"",H,1072HP,Amsterdam
Dusartstraat,63,"",1,1072HP,Amsterdam
Dusartstraat,63,"",2,1072HP,Amsterdam
Dusartstraat,63,"",3,1072HP,Amsterdam
Dusartstraat,63,"",4,1072HP,Amsterdam
Dusartstraat,63,"",H,1072HP,Amsterdam
Dusartstraat,65,"",1,1072HP,Amsterdam
Dusartstraat,65,"",2,1072HP,Amsterdam
Dusartstraat,65,"",3,1072HP,Amsterdam
Dusartstraat,65,"",H,1072HP,Amsterdam
Dusartstraat,18,A,"",1072HS,Amsterdam
Dusartstraat,18,B,"",1072HS,Amsterdam
Dusartstraat,18,C,"",1072HS,Amsterdam
Dusartstraat,18,D,"",1072HS,Amsterdam
Dusartstraat,20,"",1,1072HS,Amsterdam
Dusartstraat,20,"",2,1072HS,Amsterdam
Dusartstraat,20,"",3,1072HS,Amsterdam
Dusartstraat,20,"",H,1072HS,Amsterdam
Dusartstraat,22,"",1,1072HS,Amsterdam
Dusartstraat,22,"",2,1072HS,Amsterdam
Dusartstraat,22,"",3,1072HS,Amsterdam
Dusartstraat,22,"",H,1072HS,Amsterdam
Dusartstraat,24,"",1,1072HS,Amsterdam
Dusartstraat,24,"",2,1072HS,Amsterdam
Dusartstraat,24,"",3,1072HS,Amsterdam
Dusartstraat,24,"",H,1072HS,Amsterdam
Dusartstraat,26,"",1,1072HS,Amsterdam
Dusartstraat,26,"",2,1072HS,Amsterdam
Dusartstraat,26,"",3,1072HS,Amsterdam
Dusartstraat,26,"",H,1072HS,Amsterdam
Dusartstraat,28,"",1,1072HS,Amsterdam
Dusartstraat,28,"",2,1072HS,Amsterdam
Dusartstraat,28,"",3,1072HS,Amsterdam
Dusartstraat,28,"",H,1072HS,Amsterdam
Dusartstraat,30,"",1,1072HS,Amsterdam
Dusartstraat,30,"",2,1072HS,Amsterdam
Dusartstraat,30,"",H,1072HS,Amsterdam
Dusartstraat,32,"",1,1072HS,Amsterdam
Dusartstraat,32,"",3,1072HS,Amsterdam
Dusartstraat,32,"",H,1072HS,Amsterdam
Dusartstraat,34,"",1,1072HS,Amsterdam
Dusartstraat,34,"",2,1072HS,Amsterdam
Dusartstraat,34,"",3,1072HS,Amsterdam
Dusartstraat,34,"",4,1072HS,Amsterdam
Dusartstraat,34,"",4,1072HS,Amsterdam
Dusartstraat,34,"",H,1072HS,Amsterdam
Dusartstraat,36,"",1,1072HT,Amsterdam
Dusartstraat,36,"",2,1072HT,Amsterdam
Dusartstraat,36,"",3,1072HT,Amsterdam
Dusartstraat,36,"",4,1072HT,Amsterdam
Dusartstraat,36,"",H,1072HT,Amsterdam
Dusartstraat,38,"",1,1072HT,Amsterdam
Dusartstraat,38,"",2,1072HT,Amsterdam
Dusartstraat,38,"",3,1072HT,Amsterdam
Dusartstraat,38,"",H,1072HT,Amsterdam
Dusartstraat,40,"",1,1072HT,Amsterdam
Dusartstraat,40,"",2,1072HT,Amsterdam
Dusartstraat,40,"",3,1072HT,Amsterdam
Dusartstraat,40,"",H,1072HT,Amsterdam
Dusartstraat,42,"",2,1072HT,Amsterdam
Dusartstraat,42,"",3,1072HT,Amsterdam
Dusartstraat,42,"",H,1072HT,Amsterdam
Dusartstraat,44,"",1,1072HT,Amsterdam
Dusartstraat,44,"",2,1072HT,Amsterdam
Dusartstraat,44,"",3,1072HT,Amsterdam
Dusartstraat,44,"",H,1072HT,Amsterdam
Dusartstraat,44,"",O,1072HT,Amsterdam
Dusartstraat,46,"",2,1072HT,Amsterdam
Dusartstraat,46,"",3,1072HT,Amsterdam
Dusartstraat,46,"",4,1072HT,Amsterdam
Dusartstraat,46,"",H,1072HT,Amsterdam
Dusartstraat,48,"",1,1072HT,Amsterdam
Dusartstraat,48,"",2,1072HT,Amsterdam
Dusartstraat,48,"",3,1072HT,Amsterdam
Dusartstraat,48,"",H,1072HT,Amsterdam
Dusartstraat,50,"",1,1072HT,Amsterdam
Dusartstraat,50,"",2,1072HT,Amsterdam
Dusartstraat,50,"",3,1072HT,Amsterdam
Dusartstraat,52,"",1,1072HT,Amsterdam
Dusartstraat,52,"",2,1072HT,Amsterdam
Dusartstraat,52,"",3,1072HT,Amsterdam
Dusartstraat,52,"",H,1072HT,Amsterdam
Dusartstraat,54,"",1,1072HV,Amsterdam
Dusartstraat,54,"",2,1072HV,Amsterdam
Dusartstraat,54,"",3,1072HV,Amsterdam
Dusartstraat,56,"",1,1072HV,Amsterdam
Dusartstraat,56,"",2,1072HV,Amsterdam
Dusartstraat,56,"",3,1072HV,Amsterdam
Dusartstraat,56,"",4,1072HV,Amsterdam
Dusartstraat,56,"",H,1072HV,Amsterdam
Dusartstraat,58,"",1,1072HV,Amsterdam
Dusartstraat,58,"",2,1072HV,Amsterdam
Dusartstraat,58,"",3,1072HV,Amsterdam
Dusartstraat,58,"",H,1072HV,Amsterdam
Dusartstraat,60,"",1,1072HV,Amsterdam
Dusartstraat,60,"",2,1072HV,Amsterdam
Dusartstraat,60,"",3,1072HV,Amsterdam
Dusartstraat,60,"",H,1072HV,Amsterdam
Dusartstraat,62,"",1,1072HV,Amsterdam
Dusartstraat,62,"",2,1072HV,Amsterdam
Dusartstraat,62,"",3,1072HV,Amsterdam
Dusartstraat,62,"",4,1072HV,Amsterdam
Dusartstraat,62,"",H,1072HV,Amsterdam
Dusartstraat,64,"",1,1072HV,Amsterdam
Dusartstraat,64,"",2,1072HV,Amsterdam
Dusartstraat,64,"",3,1072HV,Amsterdam
Dusartstraat,64,"",H,1072HV,Amsterdam
Dusartstraat,66,"",1,1072HV,Amsterdam
Dusartstraat,66,"",2,1072HV,Amsterdam
Dusartstraat,66,"",3,1072HV,Amsterdam
Dusartstraat,66,"",H,1072HV,Amsterdam
Dusartstraat,66,H,"",1072HV,Amsterdam
Cornelis Trooststraat,15,"",1,1072JA,Amsterdam
Cornelis Trooststraat,15,"",2,1072JA,Amsterdam
Cornelis Trooststraat,15,"",3,1072JA,Amsterdam
Cornelis Trooststraat,15,"",H,1072JA,Amsterdam
Cornelis Trooststraat,17,"",1,1072JA,Amsterdam
Cornelis Trooststraat,17,"",2,1072JA,Amsterdam
Cornelis Trooststraat,17,"",3,1072JA,Amsterdam
Cornelis Trooststraat,17,"",H,1072JA,Amsterdam
Cornelis Trooststraat,19,"",1,1072JA,Amsterdam
Cornelis Trooststraat,19,"",2,1072JA,Amsterdam
Cornelis Trooststraat,19,"",3,1072JA,Amsterdam
Cornelis Trooststraat,19,"",H,1072JA,Amsterdam
Cornelis Trooststraat,21,"",1,1072JA,Amsterdam
Cornelis Trooststraat,21,"",2,1072JA,Amsterdam
Cornelis Trooststraat,21,"",3,1072JA,Amsterdam
Cornelis Trooststraat,21,"",H,1072JA,Amsterdam
Cornelis Trooststraat,23,"",1,1072JA,Amsterdam
Cornelis Trooststraat,23,"",2,1072JA,Amsterdam
Cornelis Trooststraat,23,"",3,1072JA,Amsterdam
Cornelis Trooststraat,25,"",1,1072JA,Amsterdam
Cornelis Trooststraat,25,"",2,1072JA,Amsterdam
Cornelis Trooststraat,25,"",3,1072JA,Amsterdam
Cornelis Trooststraat,25,"",H,1072JA,Amsterdam
Cornelis Trooststraat,27,"",1,1072JA,Amsterdam
Cornelis Trooststraat,27,"",2,1072JA,Amsterdam
Cornelis Trooststraat,27,"",3,1072JA,Amsterdam
Cornelis Trooststraat,27,"",H,1072JA,Amsterdam
Cornelis Trooststraat,29,"",1,1072JA,Amsterdam
Cornelis Trooststraat,29,"",2,1072JA,Amsterdam
Cornelis Trooststraat,29,"",3,1072JA,Amsterdam
Cornelis Trooststraat,29,"",4,1072JA,Amsterdam
Cornelis Trooststraat,29,"",H,1072JA,Amsterdam
Cornelis Trooststraat,31,"",1,1072JA,Amsterdam
Cornelis Trooststraat,31,"",2,1072JA,Amsterdam
Cornelis Trooststraat,31,"",3,1072JA,Amsterdam
Cornelis Trooststraat,31,"",3,1072JA,Amsterdam
Cornelis Trooststraat,31,"",4,1072JA,Amsterdam
Cornelis Trooststraat,31,"",H,1072JA,Amsterdam
Cornelis Trooststraat,33,"",1,1072JB,Amsterdam
Cornelis Trooststraat,33,"",2,1072JB,Amsterdam
Cornelis Trooststraat,33,"",3,1072JB,Amsterdam
Cornelis Trooststraat,33,"",H,1072JB,Amsterdam
Cornelis Trooststraat,35,"",1,1072JB,Amsterdam
Cornelis Trooststraat,35,"",2,1072JB,Amsterdam
Cornelis Trooststraat,35,"",3,1072JB,Amsterdam
Cornelis Trooststraat,35,"",H,1072JB,Amsterdam
Cornelis Trooststraat,37,"",1,1072JB,Amsterdam
Cornelis Trooststraat,37,"",2,1072JB,Amsterdam
Cornelis Trooststraat,37,"",3,1072JB,Amsterdam
Cornelis Trooststraat,37,"",H,1072JB,Amsterdam
Cornelis Trooststraat,39,"",1,1072JB,Amsterdam
Cornelis Trooststraat,39,"",2,1072JB,Amsterdam
Cornelis Trooststraat,39,"",3,1072JB,Amsterdam
Cornelis Trooststraat,39,"",H,1072JB,Amsterdam
Cornelis Trooststraat,41,"",1,1072JB,Amsterdam
Cornelis Trooststraat,41,"",2,1072JB,Amsterdam
Cornelis Trooststraat,41,"",3,1072JB,Amsterdam
Cornelis Trooststraat,41,"",H,1072JB,Amsterdam
Cornelis Trooststraat,43,"",1,1072JB,Amsterdam
Cornelis Trooststraat,43,"",2,1072JB,Amsterdam
Cornelis Trooststraat,43,"",3,1072JB,Amsterdam
Cornelis Trooststraat,43,"",H,1072JB,Amsterdam
Cornelis Trooststraat,45,"",1,1072JB,Amsterdam
Cornelis Trooststraat,45,"",2,1072JB,Amsterdam
Cornelis Trooststraat,45,"",3,1072JB,Amsterdam
Cornelis Trooststraat,47,"","",1072JB,Amsterdam
Cornelis Trooststraat,49,"",1,1072JC,Amsterdam
Cornelis Trooststraat,49,"",2,1072JC,Amsterdam
Cornelis Trooststraat,49,"",3,1072JC,Amsterdam
Cornelis Trooststraat,49,"",4,1072JC,Amsterdam
Cornelis Trooststraat,49,"",H,1072JC,Amsterdam
Cornelis Trooststraat,51,"",1,1072JC,Amsterdam
Cornelis Trooststraat,51,"",2,1072JC,Amsterdam
Cornelis Trooststraat,51,"",3,1072JC,Amsterdam
Cornelis Trooststraat,51,"",3,1072JC,Amsterdam
Cornelis Trooststraat,51,"",H,1072JC,Amsterdam
Cornelis Trooststraat,53,"",1,1072JC,Amsterdam
Cornelis Trooststraat,53,"",2,1072JC,Amsterdam
Cornelis Trooststraat,53,"",3,1072JC,Amsterdam
Cornelis Trooststraat,53,"",H,1072JC,Amsterdam
Cornelis Trooststraat,55,"",1,1072JC,Amsterdam
Cornelis Trooststraat,55,"",2,1072JC,Amsterdam
Cornelis Trooststraat,55,"",3,1072JC,Amsterdam
Cornelis Trooststraat,55,"",H,1072JC,Amsterdam
Cornelis Trooststraat,57,"",1,1072JC,Amsterdam
Cornelis Trooststraat,57,"",2,1072JC,Amsterdam
Cornelis Trooststraat,57,"",3,1072JC,Amsterdam
Cornelis Trooststraat,57,"",H,1072JC,Amsterdam
Cornelis Trooststraat,59,"",1,1072JC,Amsterdam
Cornelis Trooststraat,59,"",2,1072JC,Amsterdam
Cornelis Trooststraat,59,"",3,1072JC,Amsterdam
Cornelis Trooststraat,59,"",H,1072JC,Amsterdam
Cornelis Trooststraat,61,"",1,1072JC,Amsterdam
Cornelis Trooststraat,61,"",2,1072JC,Amsterdam
Cornelis Trooststraat,61,"",H,1072JC,Amsterdam
Cornelis Trooststraat,63,"",1,1072JC,Amsterdam
Cornelis Trooststraat,63,"",2,1072JC,Amsterdam
Cornelis Trooststraat,63,"",3,1072JC,Amsterdam
Cornelis Trooststraat,63,"",H,1072JC,Amsterdam
Cornelis Trooststraat,65,"",1,1072JC,Amsterdam
Cornelis Trooststraat,65,"",2,1072JC,Amsterdam
Cornelis Trooststraat,65,"",3,1072JC,Amsterdam
Cornelis Trooststraat,65,"",H,1072JC,Amsterdam
Cornelis Trooststraat,67,"",1,1072JC,Amsterdam
Cornelis Trooststraat,67,"",2,1072JC,Amsterdam
Cornelis Trooststraat,67,"",3,1072JC,Amsterdam
Cornelis Trooststraat,67,"",H,1072JC,Amsterdam
Cornelis Trooststraat,69,"",1,1072JD,Amsterdam
Cornelis Trooststraat,69,"",2,1072JD,Amsterdam
Cornelis Trooststraat,69,"",3,1072JD,Amsterdam
Cornelis Trooststraat,69,"",H,1072JD,Amsterdam
Cornelis Trooststraat,71,"",1,1072JD,Amsterdam
Cornelis Trooststraat,71,"",2,1072JD,Amsterdam
Cornelis Trooststraat,71,"",3,1072JD,Amsterdam
Cornelis Trooststraat,71,"",H,1072JD,Amsterdam
Cornelis Trooststraat,73,"",1,1072JD,Amsterdam
Cornelis Trooststraat,73,"",2,1072JD,Amsterdam
Cornelis Trooststraat,73,"",3,1072JD,Amsterdam
Cornelis Trooststraat,73,"",H,1072JD,Amsterdam
Cornelis Trooststraat,75,"",1,1072JD,Amsterdam
Cornelis Trooststraat,75,"",2,1072JD,Amsterdam
Cornelis Trooststraat,75,"",3,1072JD,Amsterdam
Cornelis Trooststraat,75,"",H,1072JD,Amsterdam
Cornelis Trooststraat,77,"",1,1072JD,Amsterdam
Cornelis Trooststraat,77,"",2,1072JD,Amsterdam
Cornelis Trooststraat,77,"",3,1072JD,Amsterdam
Cornelis Trooststraat,77,"",H,1072JD,Amsterdam
Cornelis Trooststraat,79,"",1,1072JD,Amsterdam
Cornelis Trooststraat,79,"",2,1072JD,Amsterdam
Cornelis Trooststraat,79,"",3,1072JD,Amsterdam
Cornelis Trooststraat,79,"",H,1072JD,Amsterdam
Cornelis Trooststraat,81,"",1,1072JD,Amsterdam
Cornelis Trooststraat,81,"",2,1072JD,Amsterdam
Cornelis Trooststraat,81,"",3,1072JD,Amsterdam
Cornelis Trooststraat,81,"",H,1072JD,Amsterdam
Cornelis Trooststraat,83,"",2,1072JD,Amsterdam
Cornelis Trooststraat,83,"",3,1072JD,Amsterdam
Cornelis Trooststraat,83,"",4,1072JD,Amsterdam
Cornelis Trooststraat,83,"",H,1072JD,Amsterdam
Cornelis Trooststraat,85,"",1,1072JD,Amsterdam
Cornelis Trooststraat,85,"",2,1072JD,Amsterdam
Cornelis Trooststraat,85,"",3,1072JD,Amsterdam
Cornelis Trooststraat,87,"",1,1072JD,Amsterdam
Cornelis Trooststraat,87,"",2,1072JD,Amsterdam
Cornelis Trooststraat,87,"",3,1072JD,Amsterdam
Cornelis Trooststraat,10,"",1,1072JE,Amsterdam
Cornelis Trooststraat,10,"",2,1072JE,Amsterdam
Cornelis Trooststraat,10,"",3,1072JE,Amsterdam
Cornelis Trooststraat,10,"",3,1072JE,Amsterdam
Cornelis Trooststraat,10,"",4,1072JE,Amsterdam
Cornelis Trooststraat,10,"",H,1072JE,Amsterdam
Cornelis Trooststraat,10,"",H,1072JE,Amsterdam
Cornelis Trooststraat,12,"",1,1072JE,Amsterdam
Cornelis Trooststraat,12,"",2,1072JE,Amsterdam
Cornelis Trooststraat,12,"",3,1072JE,Amsterdam
Cornelis Trooststraat,14,"",1,1072JE,Amsterdam
Cornelis Trooststraat,14,"",2,1072JE,Amsterdam
Cornelis Trooststraat,14,"",3,1072JE,Amsterdam
Cornelis Trooststraat,14,"",H,1072JE,Amsterdam
Cornelis Trooststraat,16,"","",1072JE,Amsterdam
Cornelis Trooststraat,18,"",1,1072JE,Amsterdam
Cornelis Trooststraat,18,"",2,1072JE,Amsterdam
Cornelis Trooststraat,18,"",3,1072JE,Amsterdam
Cornelis Trooststraat,2,"",2,1072JE,Amsterdam
Cornelis Trooststraat,2,"",3,1072JE,Amsterdam
Cornelis Trooststraat,2,"",4,1072JE,Amsterdam
Cornelis Trooststraat,20,"",1,1072JE,Amsterdam
Cornelis Trooststraat,20,"",2,1072JE,Amsterdam
Cornelis Trooststraat,20,"",3,1072JE,Amsterdam
Cornelis Trooststraat,20,"",H,1072JE,Amsterdam
Cornelis Trooststraat,22,"",1,1072JE,Amsterdam
Cornelis Trooststraat,22,"",2,1072JE,Amsterdam
Cornelis Trooststraat,22,"",3,1072JE,Amsterdam
Cornelis Trooststraat,22,"",H,1072JE,Amsterdam
Cornelis Trooststraat,22,"",H,1072JE,Amsterdam
Cornelis Trooststraat,22,"",H,1072JE,Amsterdam
Cornelis Trooststraat,24,"",1,1072JE,Amsterdam
Cornelis Trooststraat,24,"",2,1072JE,Amsterdam
Cornelis Trooststraat,24,"",3,1072JE,Amsterdam
Cornelis Trooststraat,24,"",H,1072JE,Amsterdam
Cornelis Trooststraat,4,"",1,1072JE,Amsterdam
Cornelis Trooststraat,4,"",2,1072JE,Amsterdam
Cornelis Trooststraat,4,"",3,1072JE,Amsterdam
Cornelis Trooststraat,4,"",4,1072JE,Amsterdam
Cornelis Trooststraat,4,"",H,1072JE,Amsterdam
Cornelis Trooststraat,4,"",H,1072JE,Amsterdam
Cornelis Trooststraat,6,"",1,1072JE,Amsterdam
Cornelis Trooststraat,6,"",2,1072JE,Amsterdam
Cornelis Trooststraat,6,"",3,1072JE,Amsterdam
Cornelis Trooststraat,6,"",H,1072JE,Amsterdam
Cornelis Trooststraat,8,"",1,1072JE,Amsterdam
Cornelis Trooststraat,8,"",2,1072JE,Amsterdam
Cornelis Trooststraat,8,"",3,1072JE,Amsterdam
Cornelis Trooststraat,8,"",H,1072JE,Amsterdam
Cornelis Trooststraat,26,"",1,1072JG,Amsterdam
Cornelis Trooststraat,26,"",2,1072JG,Amsterdam
Cornelis Trooststraat,26,"",3,1072JG,Amsterdam
Cornelis Trooststraat,28,"",1,1072JG,Amsterdam
Cornelis Trooststraat,28,"",2,1072JG,Amsterdam
Cornelis Trooststraat,28,"",3,1072JG,Amsterdam
Cornelis Trooststraat,28,"",H,1072JG,Amsterdam
Cornelis Trooststraat,30,"",1,1072JG,Amsterdam
Cornelis Trooststraat,30,"",2,1072JG,Amsterdam
Cornelis Trooststraat,30,"",3,1072JG,Amsterdam
Cornelis Trooststraat,30,"",4,1072JG,Amsterdam
Cornelis Trooststraat,30,"",H,1072JG,Amsterdam
Cornelis Trooststraat,30,"",Z,1072JG,Amsterdam
Cornelis Trooststraat,32,"",1,1072JG,Amsterdam
Cornelis Trooststraat,32,"",2,1072JG,Amsterdam
Cornelis Trooststraat,32,"",3,1072JG,Amsterdam
Cornelis Trooststraat,32,"",H,1072JG,Amsterdam
Cornelis Trooststraat,34,"",1,1072JG,Amsterdam
Cornelis Trooststraat,34,"",2,1072JG,Amsterdam
Cornelis Trooststraat,34,"",3,1072JG,Amsterdam
Cornelis Trooststraat,34,"",H,1072JG,Amsterdam
Cornelis Trooststraat,36,"",1,1072JG,Amsterdam
Cornelis Trooststraat,36,"",2,1072JG,Amsterdam
Cornelis Trooststraat,36,"",3,1072JG,Amsterdam
Cornelis Trooststraat,36,"",H,1072JG,Amsterdam
Cornelis Trooststraat,36,"",O,1072JG,Amsterdam
Cornelis Trooststraat,38,"","",1072JG,Amsterdam
Cornelis Trooststraat,38,"","",1072JG,Amsterdam
Cornelis Trooststraat,40,"",1,1072JG,Amsterdam
Cornelis Trooststraat,40,"",2,1072JG,Amsterdam
Cornelis Trooststraat,40,"",3,1072JG,Amsterdam
Cornelis Trooststraat,40,"",4,1072JG,Amsterdam
Cornelis Trooststraat,42,"",1,1072JG,Amsterdam
Cornelis Trooststraat,42,"",2,1072JG,Amsterdam
Cornelis Trooststraat,42,"",3,1072JG,Amsterdam
Cornelis Trooststraat,42,"",4,1072JG,Amsterdam
Cornelis Trooststraat,42,"",H,1072JG,Amsterdam
Cornelis Trooststraat,44,"",1,1072JG,Amsterdam
Cornelis Trooststraat,44,"",2,1072JG,Amsterdam
Cornelis Trooststraat,44,"",3,1072JG,Amsterdam
Cornelis Trooststraat,44,"",H,1072JG,Amsterdam
Cornelis Trooststraat,46,"",1,1072JG,Amsterdam
Cornelis Trooststraat,46,"",2,1072JG,Amsterdam
Cornelis Trooststraat,46,"",3,1072JG,Amsterdam
Cornelis Trooststraat,46,"",H,1072JG,Amsterdam
Cornelis Trooststraat,48,"",1,1072JG,Amsterdam
Cornelis Trooststraat,48,"",2,1072JG,Amsterdam
Cornelis Trooststraat,48,"",3,1072JG,Amsterdam
Cornelis Trooststraat,48,"",H,1072JG,Amsterdam
Cornelis Trooststraat,50,"",1,1072JH,Amsterdam
Cornelis Trooststraat,50,"",2,1072JH,Amsterdam
Cornelis Trooststraat,50,"",3,1072JH,Amsterdam
Cornelis Trooststraat,50,"",H,1072JH,Amsterdam
Cornelis Trooststraat,52,"",1,1072JH,Amsterdam
Cornelis Trooststraat,52,"",2,1072JH,Amsterdam
Cornelis Trooststraat,52,"",3,1072JH,Amsterdam
Cornelis Trooststraat,52,"",H,1072JH,Amsterdam
Cornelis Trooststraat,54,"",1,1072JH,Amsterdam
Cornelis Trooststraat,54,"",2,1072JH,Amsterdam
Cornelis Trooststraat,54,"",3,1072JH,Amsterdam
Cornelis Trooststraat,54,"",H,1072JH,Amsterdam
Cornelis Trooststraat,56,"",1,1072JH,Amsterdam
Cornelis Trooststraat,56,"",2,1072JH,Amsterdam
Cornelis Trooststraat,56,"",3,1072JH,Amsterdam
Cornelis Trooststraat,56,"",H,1072JH,Amsterdam
Cornelis Trooststraat,58,"",1,1072JH,Amsterdam
Cornelis Trooststraat,58,"",2,1072JH,Amsterdam
Cornelis Trooststraat,58,"",3,1072JH,Amsterdam
Cornelis Trooststraat,58,"",H,1072JH,Amsterdam
Cornelis Trooststraat,60,"",1,1072JH,Amsterdam
Cornelis Trooststraat,60,"",3,1072JH,Amsterdam
Cornelis Trooststraat,60,"",H,1072JH,Amsterdam
Cornelis Trooststraat,62,"",1,1072JH,Amsterdam
Cornelis Trooststraat,62,"",2,1072JH,Amsterdam
Cornelis Trooststraat,62,"",3,1072JH,Amsterdam
Cornelis Trooststraat,62,"",H,1072JH,Amsterdam
Cornelis Trooststraat,64,"",1,1072JH,Amsterdam
Cornelis Trooststraat,64,"",2,1072JH,Amsterdam
Cornelis Trooststraat,64,"",3,1072JH,Amsterdam
Cornelis Trooststraat,64,"",4,1072JH,Amsterdam
Cornelis Trooststraat,64,"",H,1072JH,Amsterdam
Cornelis Trooststraat,66,"",2,1072JH,Amsterdam
Cornelis Trooststraat,66,"",3,1072JH,Amsterdam
Cornelis Trooststraat,68,"","",1072JH,Amsterdam
Cornelis Troostplein,11,"","",1072JJ,Amsterdam
Cornelis Troostplein,11,"",1,1072JJ,Amsterdam
Cornelis Troostplein,11,"",1,1072JJ,Amsterdam
Cornelis Troostplein,11,"",2,1072JJ,Amsterdam
Cornelis Troostplein,11,"",3,1072JJ,Amsterdam
Cornelis Troostplein,11,"",3,1072JJ,Amsterdam
Cornelis Troostplein,11,"",4,1072JJ,Amsterdam
Cornelis Troostplein,13,"",1,1072JJ,Amsterdam
Cornelis Troostplein,13,"",2,1072JJ,Amsterdam
Cornelis Troostplein,13,"",3,1072JJ,Amsterdam
Cornelis Troostplein,13,"",4,1072JJ,Amsterdam
Cornelis Troostplein,15,"",1,1072JJ,Amsterdam
Cornelis Troostplein,15,"",2,1072JJ,Amsterdam
Cornelis Troostplein,15,"",3,1072JJ,Amsterdam
Cornelis Troostplein,15,"",H,1072JJ,Amsterdam
Cornelis Troostplein,17,"",1,1072JJ,Amsterdam
Cornelis Troostplein,17,"",2,1072JJ,Amsterdam
Cornelis Troostplein,17,"",3,1072JJ,Amsterdam
Cornelis Troostplein,17,"",H,1072JJ,Amsterdam
Cornelis Troostplein,19,"",1,1072JJ,Amsterdam
Cornelis Troostplein,19,"",2,1072JJ,Amsterdam
Cornelis Troostplein,19,"",3,1072JJ,Amsterdam
Cornelis Troostplein,19,"",H,1072JJ,Amsterdam
Cornelis Troostplein,21,"","",1072JJ,Amsterdam
Cornelis Troostplein,23,"","",1072JJ,Amsterdam
Cornelis Troostplein,23,"","",1072JJ,Amsterdam
Cornelis Troostplein,23,"","",1072JJ,Amsterdam
Cornelis Troostplein,25,"","",1072JJ,Amsterdam
Cornelis Troostplein,25,"","",1072JJ,Amsterdam
Cornelis Troostplein,25,"","",1072JJ,Amsterdam
Cornelis Troostplein,3,A,"",1072JJ,Amsterdam
Cornelis Troostplein,3,B,"",1072JJ,Amsterdam
Cornelis Troostplein,3,C,"",1072JJ,Amsterdam
Cornelis Troostplein,3,D,"",1072JJ,Amsterdam
Cornelis Troostplein,3,E,"",1072JJ,Amsterdam
Cornelis Troostplein,5,"",1,1072JJ,Amsterdam
Cornelis Troostplein,5,"",2,1072JJ,Amsterdam
Cornelis Troostplein,5,"",3,1072JJ,Amsterdam
Cornelis Troostplein,5,"",H,1072JJ,Amsterdam
Cornelis Troostplein,7,"",1,1072JJ,Amsterdam
Cornelis Troostplein,7,"",2,1072JJ,Amsterdam
Cornelis Troostplein,7,"",3,1072JJ,Amsterdam
Cornelis Troostplein,7,"",H,1072JJ,Amsterdam
Cornelis Troostplein,9,"",1,1072JJ,Amsterdam
Cornelis Troostplein,9,"",2,1072JJ,Amsterdam
Cornelis Troostplein,9,"",3,1072JJ,Amsterdam
Cornelis Troostplein,9,"",H,1072JJ,Amsterdam
Cornelis Troostplein,10,"",1,1072JK,Amsterdam
Cornelis Troostplein,10,"",2,1072JK,Amsterdam
Cornelis Troostplein,10,"",3,1072JK,Amsterdam
Cornelis Troostplein,10,"",H,1072JK,Amsterdam
Cornelis Troostplein,12,"",1,1072JK,Amsterdam
Cornelis Troostplein,12,"",2,1072JK,Amsterdam
Cornelis Troostplein,12,"",3,1072JK,Amsterdam
Cornelis Troostplein,12,"",H,1072JK,Amsterdam
Cornelis Troostplein,14,"",1,1072JK,Amsterdam
Cornelis Troostplein,14,"",2,1072JK,Amsterdam
Cornelis Troostplein,14,"",3,1072JK,Amsterdam
Cornelis Troostplein,14,"",H,1072JK,Amsterdam
Cornelis Troostplein,16,"",1,1072JK,Amsterdam
Cornelis Troostplein,16,"",2,1072JK,Amsterdam
Cornelis Troostplein,16,"",3,1072JK,Amsterdam
Cornelis Troostplein,16,"",4,1072JK,Amsterdam
Cornelis Troostplein,16,"",H,1072JK,Amsterdam
Cornelis Troostplein,2,"",1,1072JK,Amsterdam
Cornelis Troostplein,2,"",2,1072JK,Amsterdam
Cornelis Troostplein,2,"",3,1072JK,Amsterdam
Cornelis Troostplein,4,"",1,1072JK,Amsterdam
Cornelis Troostplein,4,"",2,1072JK,Amsterdam
Cornelis Troostplein,4,"",3,1072JK,Amsterdam
Cornelis Troostplein,4,"",H,1072JK,Amsterdam
Cornelis Troostplein,4,H,"",1072JK,Amsterdam
Cornelis Troostplein,6,"",1,1072JK,Amsterdam
Cornelis Troostplein,6,"",2,1072JK,Amsterdam
Cornelis Troostplein,6,"",3,1072JK,Amsterdam
Cornelis Troostplein,6,"",H,1072JK,Amsterdam
Cornelis Troostplein,8,"",1,1072JK,Amsterdam
Cornelis Troostplein,8,"",2,1072JK,Amsterdam
Cornelis Troostplein,8,"",3,1072JK,Amsterdam
Cornelis Troostplein,8,"",H,1072JK,Amsterdam
Pijnackerstraat,11,"","",1072JS,Amsterdam
Pijnackerstraat,5,"","",1072JS,Amsterdam
Pijnackerstraat,5,"","",1072JS,Amsterdam
Pijnackerstraat,7,"","",1072JS,Amsterdam
Pijnackerstraat,7,"","",1072JS,Amsterdam
Pijnackerstraat,7,"","",1072JS,Amsterdam
Pijnackerstraat,7,"","",1072JS,Amsterdam
Pijnackerstraat,9,"","",1072JS,Amsterdam
Vredeskerkplein,1,"","",1072JT,Amsterdam
Vredeskerkplein,1,"","",1072JT,Amsterdam
Vredeskerkplein,1,"","",1072JT,Amsterdam
Pijnackerstraat,10,"",1,1072JT,Amsterdam
Pijnackerstraat,10,"",2,1072JT,Amsterdam
Pijnackerstraat,10,"",3,1072JT,Amsterdam
Pijnackerstraat,10,"",H,1072JT,Amsterdam
Pijnackerstraat,12,"",1,1072JT,Amsterdam
Pijnackerstraat,12,"",2,1072JT,Amsterdam
Pijnackerstraat,12,"",3,1072JT,Amsterdam
Pijnackerstraat,12,"",H,1072JT,Amsterdam
Pijnackerstraat,14,"",1,1072JT,Amsterdam
Pijnackerstraat,14,"",2,1072JT,Amsterdam
Pijnackerstraat,14,"",3,1072JT,Amsterdam
Pijnackerstraat,14,"",H,1072JT,Amsterdam
Pijnackerstraat,16,"",1,1072JT,Amsterdam
Pijnackerstraat,16,"",2,1072JT,Amsterdam
Pijnackerstraat,16,"",3,1072JT,Amsterdam
Pijnackerstraat,16,"",4,1072JT,Amsterdam
Pijnackerstraat,16,"",H,1072JT,Amsterdam
Pijnackerstraat,18,"",1,1072JT,Amsterdam
Pijnackerstraat,18,"",2,1072JT,Amsterdam
Pijnackerstraat,18,"",3,1072JT,Amsterdam
Pijnackerstraat,18,"",4,1072JT,Amsterdam
Pijnackerstraat,18,"",H,1072JT,Amsterdam
Pijnackerstraat,2,"","",1072JT,Amsterdam
Pijnackerstraat,20,"",1,1072JT,Amsterdam
Pijnackerstraat,20,"",2,1072JT,Amsterdam
Pijnackerstraat,20,"",3,1072JT,Amsterdam
Pijnackerstraat,20,"",4,1072JT,Amsterdam
Pijnackerstraat,20,"",H,1072JT,Amsterdam
Pijnackerstraat,22,"",1,1072JT,Amsterdam
Pijnackerstraat,22,"",2,1072JT,Amsterdam
Pijnackerstraat,22,"",3,1072JT,Amsterdam
Pijnackerstraat,22,"",H,1072JT,Amsterdam
Pijnackerstraat,4,"",1,1072JT,Amsterdam
Pijnackerstraat,4,"",2,1072JT,Amsterdam
Pijnackerstraat,4,"",3,1072JT,Amsterdam
Pijnackerstraat,4,"",4,1072JT,Amsterdam
Pijnackerstraat,6,"",1,1072JT,Amsterdam
Pijnackerstraat,6,"",2,1072JT,Amsterdam
Pijnackerstraat,6,"",3,1072JT,Amsterdam
Pijnackerstraat,6,"",4,1072JT,Amsterdam
Pijnackerstraat,6,"",H,1072JT,Amsterdam
Pijnackerstraat,8,"",1,1072JT,Amsterdam
Pijnackerstraat,8,"",2,1072JT,Amsterdam
Pijnackerstraat,8,"",3,1072JT,Amsterdam
Pijnackerstraat,8,"",H,1072JT,Amsterdam
Pijnackerstraat,24,"",1,1072JV,Amsterdam
Pijnackerstraat,24,"",2,1072JV,Amsterdam
Pijnackerstraat,24,"",3,1072JV,Amsterdam
Pijnackerstraat,24,"",H,1072JV,Amsterdam
Pijnackerstraat,26,"",1,1072JV,Amsterdam
Pijnackerstraat,26,"",2,1072JV,Amsterdam
Pijnackerstraat,26,"",3,1072JV,Amsterdam
Pijnackerstraat,26,"",4,1072JV,Amsterdam
Pijnackerstraat,26,"",H,1072JV,Amsterdam
Pijnackerstraat,28,"","",1072JV,Amsterdam
Pijnackerstraat,30,"",1,1072JV,Amsterdam
Pijnackerstraat,30,"",2,1072JV,Amsterdam
Pijnackerstraat,30,"",3,1072JV,Amsterdam
Pijnackerstraat,30,"",4,1072JV,Amsterdam
Pijnackerstraat,32,"",1,1072JV,Amsterdam
Pijnackerstraat,32,"",2,1072JV,Amsterdam
Pijnackerstraat,32,"",3,1072JV,Amsterdam
Pijnackerstraat,32,"",4,1072JV,Amsterdam
Pijnackerstraat,34,"","",1072JV,Amsterdam
Pijnackerstraat,34,"","",1072JV,Amsterdam
Pijnackerstraat,36,"","",1072JV,Amsterdam
Pijnackerstraat,36,"","",1072JV,Amsterdam
Pijnackerstraat,36,"",1,1072JV,Amsterdam
Pijnackerstraat,36,"",2,1072JV,Amsterdam
Pijnackerstraat,36,"",3,1072JV,Amsterdam
Pijnackerstraat,38,"",1,1072JV,Amsterdam
Pijnackerstraat,38,"",2,1072JV,Amsterdam
Pijnackerstraat,38,"",3,1072JV,Amsterdam
Pijnackerstraat,38,"",4,1072JV,Amsterdam
Pijnackerstraat,38,"",H,1072JV,Amsterdam
Pijnackerstraat,40,"",1,1072JV,Amsterdam
Pijnackerstraat,40,"",2,1072JV,Amsterdam
Pijnackerstraat,40,"",3,1072JV,Amsterdam
Pijnackerstraat,40,"",H,1072JV,Amsterdam
Pijnackerstraat,42,"",1,1072JV,Amsterdam
Pijnackerstraat,42,"",2,1072JV,Amsterdam
Pijnackerstraat,42,"",3,1072JV,Amsterdam
Pijnackerstraat,44,"",1,1072JV,Amsterdam
Pijnackerstraat,44,"",2,1072JV,Amsterdam
Pijnackerstraat,44,"",3,1072JV,Amsterdam
Pijnackerstraat,46,"","",1072JV,Amsterdam
Van Hilligaertstraat,1,"","",1072JW,Amsterdam
Van Hilligaertstraat,1,"",2,1072JW,Amsterdam
Van Hilligaertstraat,1,"",3,1072JW,Amsterdam
Van Hilligaertstraat,11,"",1,1072JW,Amsterdam
Van Hilligaertstraat,11,"",2,1072JW,Amsterdam
Van Hilligaertstraat,11,"",3,1072JW,Amsterdam
Van Hilligaertstraat,11,"",H,1072JW,Amsterdam
Van Hilligaertstraat,11,A,"",1072JW,Amsterdam
Van Hilligaertstraat,11,B,"",1072JW,Amsterdam
Van Hilligaertstraat,11,C,"",1072JW,Amsterdam
Van Hilligaertstraat,11,D,"",1072JW,Amsterdam
Van Hilligaertstraat,11,E,"",1072JW,Amsterdam
Van Hilligaertstraat,11,F,"",1072JW,Amsterdam
Van Hilligaertstraat,13,"",1,1072JW,Amsterdam
Van Hilligaertstraat,13,"",2,1072JW,Amsterdam
Van Hilligaertstraat,13,"",3,1072JW,Amsterdam
Van Hilligaertstraat,13,"",H,1072JW,Amsterdam
Van Hilligaertstraat,13,"",H,1072JW,Amsterdam
Van Hilligaertstraat,15,"",1,1072JW,Amsterdam
Van Hilligaertstraat,15,"",2,1072JW,Amsterdam
Van Hilligaertstraat,15,"",3,1072JW,Amsterdam
Van Hilligaertstraat,15,"",H,1072JW,Amsterdam
Van Hilligaertstraat,3,"",1,1072JW,Amsterdam
Van Hilligaertstraat,3,"",1,1072JW,Amsterdam
Van Hilligaertstraat,3,"",2,1072JW,Amsterdam
Van Hilligaertstraat,3,"",3,1072JW,Amsterdam
Van Hilligaertstraat,3,"",H,1072JW,Amsterdam
Van Hilligaertstraat,5,"",2,1072JW,Amsterdam
Van Hilligaertstraat,5,"",3,1072JW,Amsterdam
Van Hilligaertstraat,5,"",H,1072JW,Amsterdam
Van Hilligaertstraat,5,A,"",1072JW,Amsterdam
Van Hilligaertstraat,5,B,"",1072JW,Amsterdam
Van Hilligaertstraat,5,C,"",1072JW,Amsterdam
Van Hilligaertstraat,5,D,"",1072JW,Amsterdam
Van Hilligaertstraat,7,"",1,1072JW,Amsterdam
Van Hilligaertstraat,7,"",2,1072JW,Amsterdam
Van Hilligaertstraat,7,"",3,1072JW,Amsterdam
Van Hilligaertstraat,7,"",H,1072JW,Amsterdam
Van Hilligaertstraat,9,"",1,1072JW,Amsterdam
Van Hilligaertstraat,9,"",2,1072JW,Amsterdam
Van Hilligaertstraat,9,"",3,1072JW,Amsterdam
Van Hilligaertstraat,9,"",H,1072JW,Amsterdam
Van Hilligaertstraat,17,"",1,1072JX,Amsterdam
Van Hilligaertstraat,17,"",2,1072JX,Amsterdam
Van Hilligaertstraat,17,"",3,1072JX,Amsterdam
Van Hilligaertstraat,17,"",H,1072JX,Amsterdam
Van Hilligaertstraat,17,A,"",1072JX,Amsterdam
Van Hilligaertstraat,17,A,"",1072JX,Amsterdam
Van Hilligaertstraat,17,B,"",1072JX,Amsterdam
Van Hilligaertstraat,17,B,"",1072JX,Amsterdam
Van Hilligaertstraat,19,"",1,1072JX,Amsterdam
Van Hilligaertstraat,19,"",2,1072JX,Amsterdam
Van Hilligaertstraat,19,"",3,1072JX,Amsterdam
Van Hilligaertstraat,19,"",4,1072JX,Amsterdam
Van Hilligaertstraat,19,"",H,1072JX,Amsterdam
Van Hilligaertstraat,21,"","",1072JX,Amsterdam
Van Hilligaertstraat,23,"",1,1072JX,Amsterdam
Van Hilligaertstraat,23,"",2,1072JX,Amsterdam
Van Hilligaertstraat,23,"",3,1072JX,Amsterdam
Van Hilligaertstraat,23,"",H,1072JX,Amsterdam
Van Hilligaertstraat,25,"",1,1072JX,Amsterdam
Van Hilligaertstraat,25,"",2,1072JX,Amsterdam
Van Hilligaertstraat,25,"",3,1072JX,Amsterdam
Van Hilligaertstraat,27,"",1,1072JX,Amsterdam
Van Hilligaertstraat,27,"",2,1072JX,Amsterdam
Van Hilligaertstraat,27,"",3,1072JX,Amsterdam
Van Hilligaertstraat,27,"",H,1072JX,Amsterdam
Van Hilligaertstraat,29,"",1,1072JX,Amsterdam
Van Hilligaertstraat,29,"",2,1072JX,Amsterdam
Van Hilligaertstraat,29,"",3,1072JX,Amsterdam
Van Hilligaertstraat,31,"","",1072JX,Amsterdam
Van Hilligaertstraat,31,"","",1072JX,Amsterdam
Van Hilligaertstraat,31,"","",1072JX,Amsterdam
Van Hilligaertstraat,31,"","",1072JX,Amsterdam
Van Hilligaertstraat,33,"","",1072JX,Amsterdam
Van Hilligaertstraat,35,"","",1072JX,Amsterdam
Van Hilligaertstraat,37,"","",1072JX,Amsterdam
Van Hilligaertstraat,39,"","",1072JX,Amsterdam
Van Hilligaertstraat,41,"","",1072JX,Amsterdam
Van Hilligaertstraat,43,"","",1072JX,Amsterdam
Van Hilligaertstraat,45,"","",1072JX,Amsterdam
Van Hilligaertstraat,47,"","",1072JX,Amsterdam
Van Hilligaertstraat,10,A,"",1072JZ,Amsterdam
Van Hilligaertstraat,10,B,"",1072JZ,Amsterdam
Van Hilligaertstraat,10,C,"",1072JZ,Amsterdam
Van Hilligaertstraat,10,D,"",1072JZ,Amsterdam
Van Hilligaertstraat,12,A,"",1072JZ,Amsterdam
Van Hilligaertstraat,12,B,"",1072JZ,Amsterdam
Van Hilligaertstraat,12,C,"",1072JZ,Amsterdam
Van Hilligaertstraat,12,D,"",1072JZ,Amsterdam
Van Hilligaertstraat,14,A,"",1072JZ,Amsterdam
Van Hilligaertstraat,14,B,"",1072JZ,Amsterdam
Van Hilligaertstraat,14,C,"",1072JZ,Amsterdam
Van Hilligaertstraat,16,A,"",1072JZ,Amsterdam
Van Hilligaertstraat,16,B,"",1072JZ,Amsterdam
Van Hilligaertstraat,16,C,"",1072JZ,Amsterdam
Van Hilligaertstraat,16,D,"",1072JZ,Amsterdam
Van Hilligaertstraat,18,A,"",1072JZ,Amsterdam
Van Hilligaertstraat,18,B,"",1072JZ,Amsterdam
Van Hilligaertstraat,18,C,"",1072JZ,Amsterdam
Van Hilligaertstraat,18,D,"",1072JZ,Amsterdam
Van Hilligaertstraat,20,A,"",1072JZ,Amsterdam
Van Hilligaertstraat,20,B,"",1072JZ,Amsterdam
Van Hilligaertstraat,20,C,"",1072JZ,Amsterdam
Van Hilligaertstraat,22,A,"",1072JZ,Amsterdam
Van Hilligaertstraat,22,B,"",1072JZ,Amsterdam
Van Hilligaertstraat,22,C,"",1072JZ,Amsterdam
Van Hilligaertstraat,22,D,"",1072JZ,Amsterdam
Van Hilligaertstraat,24,A,"",1072JZ,Amsterdam
Van Hilligaertstraat,24,B,"",1072JZ,Amsterdam
Van Hilligaertstraat,24,C,"",1072JZ,Amsterdam
Van Hilligaertstraat,24,D,"",1072JZ,Amsterdam
Van Hilligaertstraat,4,A,"",1072JZ,Amsterdam
Van Hilligaertstraat,4,B,"",1072JZ,Amsterdam
Van Hilligaertstraat,4,C,"",1072JZ,Amsterdam
Van Hilligaertstraat,4,D,"",1072JZ,Amsterdam
Van Hilligaertstraat,6,A,"",1072JZ,Amsterdam
Van Hilligaertstraat,6,B,"",1072JZ,Amsterdam
Van Hilligaertstraat,6,C,"",1072JZ,Amsterdam
Van Hilligaertstraat,6,D,"",1072JZ,Amsterdam
Van Hilligaertstraat,8,A,"",1072JZ,Amsterdam
Van Hilligaertstraat,8,B,"",1072JZ,Amsterdam
Van Hilligaertstraat,8,C,"",1072JZ,Amsterdam
Van Hilligaertstraat,26,A,"",1072KA,Amsterdam
Van Hilligaertstraat,26,B,"",1072KA,Amsterdam
Van Hilligaertstraat,26,C,"",1072KA,Amsterdam
Van Hilligaertstraat,26,D,"",1072KA,Amsterdam
Van Hilligaertstraat,28,A,"",1072KA,Amsterdam
Van Hilligaertstraat,28,B,"",1072KA,Amsterdam
Van Hilligaertstraat,28,C,"",1072KA,Amsterdam
Van Hilligaertstraat,28,D,"",1072KA,Amsterdam
Van Hilligaertstraat,30,A,"",1072KA,Amsterdam
Van Hilligaertstraat,30,B,"",1072KA,Amsterdam
Van Hilligaertstraat,30,C,"",1072KA,Amsterdam
Van Hilligaertstraat,30,D,"",1072KA,Amsterdam
Van Hilligaertstraat,32,A,"",1072KA,Amsterdam
Van Hilligaertstraat,32,B,"",1072KA,Amsterdam
Van Hilligaertstraat,32,C,"",1072KA,Amsterdam
Van Hilligaertstraat,32,D,"",1072KA,Amsterdam
Van Hilligaertstraat,34,A,"",1072KA,Amsterdam
Van Hilligaertstraat,34,B,"",1072KA,Amsterdam
Van Hilligaertstraat,34,C,"",1072KA,Amsterdam
Van Hilligaertstraat,34,D,"",1072KA,Amsterdam
Van Hilligaertstraat,36,A,"",1072KA,Amsterdam
Van Hilligaertstraat,36,B,"",1072KA,Amsterdam
Van Hilligaertstraat,36,C,"",1072KA,Amsterdam
Van Hilligaertstraat,36,D,"",1072KA,Amsterdam
Van Hilligaertstraat,38,A,"",1072KA,Amsterdam
Van Hilligaertstraat,38,B,"",1072KA,Amsterdam
Van Hilligaertstraat,38,C,"",1072KA,Amsterdam
Van Hilligaertstraat,42,"","",1072KA,Amsterdam
Pienemanstraat,1,"","",1072KD,Amsterdam
Pienemanstraat,3,"","",1072KD,Amsterdam
Pienemanstraat,5,"","",1072KD,Amsterdam
Pienemanstraat,7,"","",1072KD,Amsterdam
Pienemanstraat,11,"","",1072KE,Amsterdam
Pienemanstraat,13,"","",1072KE,Amsterdam
Pienemanstraat,15,"","",1072KE,Amsterdam
Pienemanstraat,17,"","",1072KE,Amsterdam
Pienemanstraat,19,"","",1072KE,Amsterdam
Pienemanstraat,21,"","",1072KE,Amsterdam
Pienemanstraat,23,"","",1072KE,Amsterdam
Pienemanstraat,25,"","",1072KE,Amsterdam
Pienemanstraat,27,"","",1072KE,Amsterdam
Pienemanstraat,29,"","",1072KE,Amsterdam
Pienemanstraat,31,"","",1072KE,Amsterdam
Pienemanstraat,33,"","",1072KE,Amsterdam
Pienemanstraat,35,"","",1072KE,Amsterdam
Pienemanstraat,37,"","",1072KE,Amsterdam
Pienemanstraat,39,"","",1072KE,Amsterdam
Pienemanstraat,41,"","",1072KE,Amsterdam
Pienemanstraat,43,"","",1072KE,Amsterdam
Pienemanstraat,45,"","",1072KE,Amsterdam
Pienemanstraat,47,"","",1072KE,Amsterdam
Pienemanstraat,49,"","",1072KE,Amsterdam
Pienemanstraat,51,"","",1072KE,Amsterdam
Pienemanstraat,53,"","",1072KE,Amsterdam
Pienemanstraat,55,"","",1072KE,Amsterdam
Pienemanstraat,57,"","",1072KE,Amsterdam
Pienemanstraat,59,"","",1072KE,Amsterdam
Pienemanstraat,61,"","",1072KE,Amsterdam
Pienemanstraat,63,"","",1072KE,Amsterdam
Pienemanstraat,9,"","",1072KE,Amsterdam
Pienemanstraat,10,"","",1072KG,Amsterdam
Pienemanstraat,12,"","",1072KG,Amsterdam
Pienemanstraat,2,"","",1072KG,Amsterdam
Pienemanstraat,4,"","",1072KG,Amsterdam
Pienemanstraat,6,"","",1072KG,Amsterdam
Pienemanstraat,8,"","",1072KG,Amsterdam
Pienemanstraat,14,"","",1072KH,Amsterdam
Pienemanstraat,16,"","",1072KH,Amsterdam
Pienemanstraat,18,"","",1072KH,Amsterdam
Pienemanstraat,20,"","",1072KH,Amsterdam
Pienemanstraat,22,"","",1072KH,Amsterdam
Pienemanstraat,24,"","",1072KH,Amsterdam
Pienemanstraat,26,"","",1072KH,Amsterdam
Pienemanstraat,28,"","",1072KH,Amsterdam
Pienemanstraat,30,"","",1072KH,Amsterdam
Pienemanstraat,32,"","",1072KH,Amsterdam
Pienemanstraat,34,"","",1072KH,Amsterdam
Pienemanstraat,36,"","",1072KH,Amsterdam
Pienemanstraat,38,"","",1072KH,Amsterdam
Pienemanstraat,40,"","",1072KH,Amsterdam
Pienemanstraat,42,"","",1072KH,Amsterdam
Pienemanstraat,44,"","",1072KH,Amsterdam
Vincent van Goghstraat,1,"","",1072KJ,Amsterdam
Vincent van Goghstraat,11,A,"",1072KJ,Amsterdam
Vincent van Goghstraat,11,B,"",1072KJ,Amsterdam
Vincent van Goghstraat,11,C,"",1072KJ,Amsterdam
Vincent van Goghstraat,11,D,"",1072KJ,Amsterdam
Vincent van Goghstraat,15,A,"",1072KJ,Amsterdam
Vincent van Goghstraat,15,B,"",1072KJ,Amsterdam
Vincent van Goghstraat,15,C,"",1072KJ,Amsterdam
Vincent van Goghstraat,17,A,"",1072KJ,Amsterdam
Vincent van Goghstraat,17,B,"",1072KJ,Amsterdam
Vincent van Goghstraat,17,C,"",1072KJ,Amsterdam
Vincent van Goghstraat,19,"","",1072KJ,Amsterdam
Vincent van Goghstraat,3,A,"",1072KJ,Amsterdam
Vincent van Goghstraat,3,B,"",1072KJ,Amsterdam
Vincent van Goghstraat,3,C,"",1072KJ,Amsterdam
Vincent van Goghstraat,3,D,"",1072KJ,Amsterdam
Vincent van Goghstraat,5,A,"",1072KJ,Amsterdam
Vincent van Goghstraat,5,B,"",1072KJ,Amsterdam
Vincent van Goghstraat,5,C,"",1072KJ,Amsterdam
Vincent van Goghstraat,7,A,"",1072KJ,Amsterdam
Vincent van Goghstraat,7,B,"",1072KJ,Amsterdam
Vincent van Goghstraat,7,C,"",1072KJ,Amsterdam
Vincent van Goghstraat,9,A,"",1072KJ,Amsterdam
Vincent van Goghstraat,9,B,"",1072KJ,Amsterdam
Vincent van Goghstraat,9,C,"",1072KJ,Amsterdam
Vincent van Goghstraat,21,A,"",1072KK,Amsterdam
Vincent van Goghstraat,21,B,"",1072KK,Amsterdam
Vincent van Goghstraat,21,C,"",1072KK,Amsterdam
Vincent van Goghstraat,23,A,"",1072KK,Amsterdam
Vincent van Goghstraat,23,B,"",1072KK,Amsterdam
Vincent van Goghstraat,23,C,"",1072KK,Amsterdam
Vincent van Goghstraat,25,A,"",1072KK,Amsterdam
Vincent van Goghstraat,25,B,"",1072KK,Amsterdam
Vincent van Goghstraat,27,A,"",1072KK,Amsterdam
Vincent van Goghstraat,27,B,"",1072KK,Amsterdam
Vincent van Goghstraat,27,C,"",1072KK,Amsterdam
Vincent van Goghstraat,27,D,"",1072KK,Amsterdam
Vincent van Goghstraat,10,A,"",1072KN,Amsterdam
Vincent van Goghstraat,10,B,"",1072KN,Amsterdam
Vincent van Goghstraat,10,C,"",1072KN,Amsterdam
Vincent van Goghstraat,12,A,"",1072KN,Amsterdam
Vincent van Goghstraat,12,B,"",1072KN,Amsterdam
Vincent van Goghstraat,12,C,"",1072KN,Amsterdam
Vincent van Goghstraat,14,A,"",1072KN,Amsterdam
Vincent van Goghstraat,14,B,"",1072KN,Amsterdam
Vincent van Goghstraat,14,C,"",1072KN,Amsterdam
Vincent van Goghstraat,16,A,"",1072KN,Amsterdam
Vincent van Goghstraat,16,B,"",1072KN,Amsterdam
Vincent van Goghstraat,16,C,"",1072KN,Amsterdam
Vincent van Goghstraat,18,A,"",1072KN,Amsterdam
Vincent van Goghstraat,18,B,"",1072KN,Amsterdam
Vincent van Goghstraat,18,C,"",1072KN,Amsterdam
Vincent van Goghstraat,2,A,"",1072KN,Amsterdam
Vincent van Goghstraat,2,B,"",1072KN,Amsterdam
Vincent van Goghstraat,4,A,"",1072KN,Amsterdam
Vincent van Goghstraat,4,B,"",1072KN,Amsterdam
Vincent van Goghstraat,4,C,"",1072KN,Amsterdam
Vincent van Goghstraat,6,A,"",1072KN,Amsterdam
Vincent van Goghstraat,6,B,"",1072KN,Amsterdam
Vincent van Goghstraat,6,C,"",1072KN,Amsterdam
Vincent van Goghstraat,8,A,"",1072KN,Amsterdam
Vincent van Goghstraat,8,B,"",1072KN,Amsterdam
Vincent van Goghstraat,8,C,"",1072KN,Amsterdam
Vincent van Goghstraat,20,A,"",1072KP,Amsterdam
Vincent van Goghstraat,20,B,"",1072KP,Amsterdam
Vincent van Goghstraat,20,C,"",1072KP,Amsterdam
Vincent van Goghstraat,20,D,"",1072KP,Amsterdam
Vincent van Goghstraat,24,A,"",1072KP,Amsterdam
Vincent van Goghstraat,24,B,"",1072KP,Amsterdam
Vincent van Goghstraat,24,C,"",1072KP,Amsterdam
Vincent van Goghstraat,26,A,"",1072KP,Amsterdam
Vincent van Goghstraat,26,B,"",1072KP,Amsterdam
Vincent van Goghstraat,26,C,"",1072KP,Amsterdam
Vincent van Goghstraat,28,"","",1072KP,Amsterdam
Vincent van Goghstraat,30,A,"",1072KP,Amsterdam
Vincent van Goghstraat,30,B,"",1072KP,Amsterdam
Vincent van Goghstraat,30,C,"",1072KP,Amsterdam
Vincent van Goghstraat,32,A,"",1072KP,Amsterdam
Vincent van Goghstraat,32,B,"",1072KP,Amsterdam
Vincent van Goghstraat,32,C,"",1072KP,Amsterdam
Vincent van Goghstraat,34,A,"",1072KP,Amsterdam
Vincent van Goghstraat,34,B,"",1072KP,Amsterdam
Vincent van Goghstraat,36,A,"",1072KP,Amsterdam
Vincent van Goghstraat,36,B,"",1072KP,Amsterdam
Vincent van Goghstraat,36,C,"",1072KP,Amsterdam
Vincent van Goghstraat,36,D,"",1072KP,Amsterdam
Pienemanstraat,46,"","",1072KV,Amsterdam
Pienemanstraat,48,"","",1072KV,Amsterdam
Pienemanstraat,50,"","",1072KV,Amsterdam
Pienemanstraat,52,"","",1072KV,Amsterdam
Pienemanstraat,54,"","",1072KV,Amsterdam
Pienemanstraat,56,"","",1072KV,Amsterdam
Pienemanstraat,58,"","",1072KV,Amsterdam
Pienemanstraat,60,"","",1072KV,Amsterdam
Pienemanstraat,62,"","",1072KV,Amsterdam
Pienemanstraat,64,"","",1072KV,Amsterdam
Pienemanstraat,66,"","",1072KV,Amsterdam
Pienemanstraat,68,"","",1072KV,Amsterdam
Pienemanstraat,70,"","",1072KV,Amsterdam
Pienemanstraat,72,"","",1072KV,Amsterdam
Pienemanstraat,74,"","",1072KV,Amsterdam
Pienemanstraat,76,"","",1072KV,Amsterdam
Pienemanstraat,78,"","",1072KV,Amsterdam
Pienemanstraat,80,"","",1072KV,Amsterdam
Pienemanstraat,82,"","",1072KV,Amsterdam
Pienemanstraat,84,"","",1072KV,Amsterdam
Pienemanstraat,86,"","",1072KV,Amsterdam
Vincent van Goghstraat,100,"","",1072KW,Amsterdam
Vincent van Goghstraat,102,"","",1072KW,Amsterdam
Vincent van Goghstraat,104,"","",1072KW,Amsterdam
Vincent van Goghstraat,106,"","",1072KW,Amsterdam
Vincent van Goghstraat,108,"","",1072KW,Amsterdam
Vincent van Goghstraat,110,"","",1072KW,Amsterdam
Vincent van Goghstraat,112,"","",1072KW,Amsterdam
Vincent van Goghstraat,114,"","",1072KW,Amsterdam
Vincent van Goghstraat,116,"","",1072KW,Amsterdam
Vincent van Goghstraat,118,"","",1072KW,Amsterdam
Vincent van Goghstraat,120,"","",1072KW,Amsterdam
Vincent van Goghstraat,122,"","",1072KW,Amsterdam
Vincent van Goghstraat,124,"","",1072KW,Amsterdam
Vincent van Goghstraat,126,"","",1072KW,Amsterdam
Vincent van Goghstraat,128,"","",1072KW,Amsterdam
Vincent van Goghstraat,130,"","",1072KW,Amsterdam
Vincent van Goghstraat,130,"","",1072KW,Amsterdam
Vincent van Goghstraat,132,"","",1072KW,Amsterdam
Vincent van Goghstraat,134,"","",1072KW,Amsterdam
Vincent van Goghstraat,136,"","",1072KW,Amsterdam
Vincent van Goghstraat,138,"","",1072KW,Amsterdam
Vincent van Goghstraat,140,"","",1072KW,Amsterdam
Vincent van Goghstraat,142,"","",1072KW,Amsterdam
Vincent van Goghstraat,144,"","",1072KW,Amsterdam
Vincent van Goghstraat,146,"","",1072KW,Amsterdam
Vincent van Goghstraat,148,"","",1072KW,Amsterdam
Vincent van Goghstraat,150,"","",1072KW,Amsterdam
Vincent van Goghstraat,152,"","",1072KW,Amsterdam
Vincent van Goghstraat,154,"","",1072KW,Amsterdam
Vincent van Goghstraat,156,"","",1072KW,Amsterdam
Vincent van Goghstraat,101,"","",1072KX,Amsterdam
Vincent van Goghstraat,103,"","",1072KX,Amsterdam
Vincent van Goghstraat,105,"","",1072KX,Amsterdam
Vincent van Goghstraat,107,"","",1072KX,Amsterdam
Vincent van Goghstraat,109,"","",1072KX,Amsterdam
Vincent van Goghstraat,111,"","",1072KX,Amsterdam
Vincent van Goghstraat,113,"","",1072KX,Amsterdam
Vincent van Goghstraat,115,"","",1072KX,Amsterdam
Vincent van Goghstraat,117,"","",1072KX,Amsterdam
Vincent van Goghstraat,119,"","",1072KX,Amsterdam
Vincent van Goghstraat,121,"","",1072KX,Amsterdam
Vincent van Goghstraat,123,"","",1072KX,Amsterdam
Vincent van Goghstraat,125,"","",1072KX,Amsterdam
Vincent van Goghstraat,127,"","",1072KX,Amsterdam
Vincent van Goghstraat,129,"","",1072KX,Amsterdam
Vincent van Goghstraat,131,"","",1072KX,Amsterdam
Vincent van Goghstraat,133,"","",1072KX,Amsterdam
Vincent van Goghstraat,135,"","",1072KX,Amsterdam
Vincent van Goghstraat,137,"","",1072KX,Amsterdam
Vincent van Goghstraat,139,"","",1072KX,Amsterdam
Vincent van Goghstraat,141,"","",1072KX,Amsterdam
Vincent van Goghstraat,143,"","",1072KX,Amsterdam
Vincent van Goghstraat,145,"","",1072KX,Amsterdam
Vincent van Goghstraat,147,"","",1072KX,Amsterdam
Vincent van Goghstraat,149,"","",1072KX,Amsterdam
Vincent van Goghstraat,151,"","",1072KX,Amsterdam
Vincent van Goghstraat,153,"","",1072KX,Amsterdam
Vincent van Goghstraat,155,"","",1072KX,Amsterdam
Vincent van Goghstraat,157,"","",1072KX,Amsterdam
Vincent van Goghstraat,159,"","",1072KZ,Amsterdam
Vincent van Goghstraat,159,"","",1072KZ,Amsterdam
Vincent van Goghstraat,159,"","",1072KZ,Amsterdam
Vincent van Goghstraat,161,"","",1072KZ,Amsterdam
Vincent van Goghstraat,163,"","",1072KZ,Amsterdam
Vincent van Goghstraat,165,"","",1072KZ,Amsterdam
Vincent van Goghstraat,167,"","",1072KZ,Amsterdam
Vincent van Goghstraat,169,"","",1072KZ,Amsterdam
Vincent van Goghstraat,171,"","",1072KZ,Amsterdam
Vincent van Goghstraat,173,"","",1072KZ,Amsterdam
Vincent van Goghstraat,175,"","",1072KZ,Amsterdam
Vincent van Goghstraat,177,"","",1072KZ,Amsterdam
Vincent van Goghstraat,179,"","",1072KZ,Amsterdam
Vincent van Goghstraat,181,"","",1072KZ,Amsterdam
Vincent van Goghstraat,183,"","",1072KZ,Amsterdam
Vincent van Goghstraat,185,"","",1072KZ,Amsterdam
Vincent van Goghstraat,187,"","",1072KZ,Amsterdam
Vincent van Goghstraat,189,"","",1072KZ,Amsterdam
Vincent van Goghstraat,191,"","",1072KZ,Amsterdam
Vincent van Goghstraat,193,"","",1072KZ,Amsterdam
Vincent van Goghstraat,195,"","",1072KZ,Amsterdam
Vincent van Goghstraat,197,"","",1072KZ,Amsterdam
Vincent van Goghstraat,199,"","",1072KZ,Amsterdam
Vincent van Goghstraat,201,"","",1072KZ,Amsterdam
Ferdinand Bolstraat,140,"",2,1072LS,Amsterdam
Ferdinand Bolstraat,140,"",3,1072LS,Amsterdam
Ferdinand Bolstraat,142,"",2,1072LS,Amsterdam
Ferdinand Bolstraat,142,"",3,1072LS,Amsterdam
Ferdinand Bolstraat,142,"",H,1072LS,Amsterdam
Ferdinand Bolstraat,146,"","",1072LS,Amsterdam
Ferdinand Bolstraat,148,A,"",1072LS,Amsterdam
Ferdinand Bolstraat,148,B,"",1072LS,Amsterdam
Ferdinand Bolstraat,148,C,"",1072LS,Amsterdam
Ferdinand Bolstraat,148,D,"",1072LS,Amsterdam
Ferdinand Bolstraat,148,E,"",1072LS,Amsterdam
Ferdinand Bolstraat,150,A,"",1072LS,Amsterdam
Ferdinand Bolstraat,150,B,"",1072LS,Amsterdam
Ferdinand Bolstraat,150,C,"",1072LS,Amsterdam
Ferdinand Bolstraat,150,D,"",1072LS,Amsterdam
Ferdinand Bolstraat,150,D,"",1072LS,Amsterdam
Ferdinand Bolstraat,150,E,"",1072LS,Amsterdam
Ferdinand Bolstraat,152,"","",1072LS,Amsterdam
Ferdinand Bolstraat,154,"","",1072LS,Amsterdam
Ferdinand Bolstraat,156,"","",1072LS,Amsterdam
Ferdinand Bolstraat,158,A,"",1072LT,Amsterdam
Ferdinand Bolstraat,158,B,"",1072LT,Amsterdam
Ferdinand Bolstraat,158,C,"",1072LT,Amsterdam
Ferdinand Bolstraat,158,D,"",1072LT,Amsterdam
Ferdinand Bolstraat,158,E,"",1072LT,Amsterdam
Ferdinand Bolstraat,158,F,"",1072LT,Amsterdam
Ferdinand Bolstraat,158,G,"",1072LT,Amsterdam
Ferdinand Bolstraat,158,H,"",1072LT,Amsterdam
Ferdinand Bolstraat,158,K,"",1072LT,Amsterdam
Ferdinand Bolstraat,160,"","",1072LT,Amsterdam
Ferdinand Bolstraat,160,"","",1072LT,Amsterdam
Ferdinand Bolstraat,162,"",2,1072LT,Amsterdam
Ferdinand Bolstraat,162,"",3,1072LT,Amsterdam
Ferdinand Bolstraat,162,"",H,1072LT,Amsterdam
Ferdinand Bolstraat,164,"",1,1072LT,Amsterdam
Ferdinand Bolstraat,164,"",2,1072LT,Amsterdam
Ferdinand Bolstraat,164,"",3,1072LT,Amsterdam
Ferdinand Bolstraat,166,"",1,1072LT,Amsterdam
Ferdinand Bolstraat,166,"",2,1072LT,Amsterdam
Ferdinand Bolstraat,166,"",3,1072LT,Amsterdam
Ferdinand Bolstraat,168,"",1,1072LT,Amsterdam
Ferdinand Bolstraat,168,"",2,1072LT,Amsterdam
Ferdinand Bolstraat,168,"",3,1072LT,Amsterdam
Ferdinand Bolstraat,168,"",4,1072LT,Amsterdam
Ferdinand Bolstraat,168,"",H,1072LT,Amsterdam
Ferdinand Bolstraat,170,"",1,1072LT,Amsterdam
Ferdinand Bolstraat,170,"",2,1072LT,Amsterdam
Ferdinand Bolstraat,170,"",3,1072LT,Amsterdam
Ferdinand Bolstraat,170,"",H,1072LT,Amsterdam
Ferdinand Bolstraat,172,"",1,1072LT,Amsterdam
Ferdinand Bolstraat,172,"",2,1072LT,Amsterdam
Ferdinand Bolstraat,172,"",3,1072LT,Amsterdam
Ferdinand Bolstraat,172,"",H,1072LT,Amsterdam
Ferdinand Bolstraat,174,"",1,1072LT,Amsterdam
Ferdinand Bolstraat,174,"",2,1072LT,Amsterdam
Ferdinand Bolstraat,174,"",3,1072LT,Amsterdam
Ferdinand Bolstraat,174,"",H,1072LT,Amsterdam
Ferdinand Bolstraat,176,"",1,1072LT,Amsterdam
Ferdinand Bolstraat,176,"",2,1072LT,Amsterdam
Ferdinand Bolstraat,176,"",3,1072LT,Amsterdam
Ferdinand Bolstraat,178,"",1,1072LT,Amsterdam
Ferdinand Bolstraat,178,"",2,1072LT,Amsterdam
Ferdinand Bolstraat,178,"",3,1072LT,Amsterdam
Ferdinand Bolstraat,178,"",H,1072LT,Amsterdam
Ferdinand Bolstraat,180,"",1,1072LV,Amsterdam
Ferdinand Bolstraat,180,"",2,1072LV,Amsterdam
Ferdinand Bolstraat,180,"",3,1072LV,Amsterdam
Ferdinand Bolstraat,180,"",4,1072LV,Amsterdam
Ferdinand Bolstraat,180,"",H,1072LV,Amsterdam
Ferdinand Bolstraat,182,"",1,1072LV,Amsterdam
Ferdinand Bolstraat,182,"",2,1072LV,Amsterdam
Ferdinand Bolstraat,182,"",3,1072LV,Amsterdam
Ferdinand Bolstraat,182,"",H,1072LV,Amsterdam
Ferdinand Bolstraat,184,"",1,1072LV,Amsterdam
Ferdinand Bolstraat,184,"",2,1072LV,Amsterdam
Ferdinand Bolstraat,184,"",3,1072LV,Amsterdam
Ferdinand Bolstraat,184,"",H,1072LV,Amsterdam
Ferdinand Bolstraat,186,"",1,1072LV,Amsterdam
Ferdinand Bolstraat,186,"",2,1072LV,Amsterdam
Ferdinand Bolstraat,186,"",3,1072LV,Amsterdam
Ferdinand Bolstraat,186,"",4A,1072LV,Amsterdam
Ferdinand Bolstraat,186,"",4B,1072LV,Amsterdam
Ferdinand Bolstraat,186,"",H,1072LV,Amsterdam
Ferdinand Bolstraat,188,"","",1072LV,Amsterdam
Ferdinand Bolstraat,188,A,"",1072LV,Amsterdam
Pijnackerstraat,188,A,"",1072LW,Amsterdam
Pijnackerstraat,188,A,"",1072LW,Amsterdam
Ferdinand Bolstraat,190,"","",1072LW,Amsterdam
Ferdinand Bolstraat,190,A,"",1072LW,Amsterdam
Ferdinand Bolstraat,190,A,1,1072LW,Amsterdam
Ferdinand Bolstraat,190,A,2,1072LW,Amsterdam
Ferdinand Bolstraat,190,A,3,1072LW,Amsterdam
Ferdinand Bolstraat,190,A,4,1072LW,Amsterdam
Ferdinand Bolstraat,190,B,"",1072LW,Amsterdam
Ferdinand Bolstraat,190,B,1,1072LW,Amsterdam
Ferdinand Bolstraat,190,B,10,1072LW,Amsterdam
Ferdinand Bolstraat,190,B,2,1072LW,Amsterdam
Ferdinand Bolstraat,190,B,3,1072LW,Amsterdam
Ferdinand Bolstraat,190,B,4,1072LW,Amsterdam
Ferdinand Bolstraat,190,B,5,1072LW,Amsterdam
Ferdinand Bolstraat,190,B,6,1072LW,Amsterdam
Ferdinand Bolstraat,190,B,7,1072LW,Amsterdam
Ferdinand Bolstraat,190,B,8,1072LW,Amsterdam
Ferdinand Bolstraat,190,B,9,1072LW,Amsterdam
Ferdinand Bolstraat,190,C,"",1072LW,Amsterdam
Ferdinand Bolstraat,190,C,1,1072LW,Amsterdam
Ferdinand Bolstraat,190,C,10,1072LW,Amsterdam
Ferdinand Bolstraat,190,C,2,1072LW,Amsterdam
Ferdinand Bolstraat,190,C,3,1072LW,Amsterdam
Ferdinand Bolstraat,190,C,4,1072LW,Amsterdam
Ferdinand Bolstraat,190,C,5,1072LW,Amsterdam
Ferdinand Bolstraat,190,C,6,1072LW,Amsterdam
Ferdinand Bolstraat,190,C,7,1072LW,Amsterdam
Ferdinand Bolstraat,190,C,8,1072LW,Amsterdam
Ferdinand Bolstraat,190,C,9,1072LW,Amsterdam
Ferdinand Bolstraat,190,D,"",1072LW,Amsterdam
Ferdinand Bolstraat,190,D,1,1072LW,Amsterdam
Ferdinand Bolstraat,190,D,2,1072LW,Amsterdam
Ferdinand Bolstraat,190,D,3,1072LW,Amsterdam
Ferdinand Bolstraat,190,D,4,1072LW,Amsterdam
Ferdinand Bolstraat,190,D,5,1072LW,Amsterdam
Ferdinand Bolstraat,190,D,6,1072LW,Amsterdam
Ferdinand Bolstraat,190,D,7,1072LW,Amsterdam
Ferdinand Bolstraat,190,D,8,1072LW,Amsterdam
Ferdinand Bolstraat,190,E,"",1072LW,Amsterdam
Ferdinand Bolstraat,190,F,"",1072LW,Amsterdam
Ferdinand Bolstraat,190,G,"",1072LW,Amsterdam
Ferdinand Bolstraat,190,H,"",1072LW,Amsterdam
Ferdinand Bolstraat,190,K,"",1072LW,Amsterdam
Ferdinand Bolstraat,190,L,"",1072LW,Amsterdam
Ferdinand Bolstraat,190,M,"",1072LW,Amsterdam
Ferdinand Bolstraat,190,N,"",1072LW,Amsterdam
Ferdinand Bolstraat,190,P,"",1072LW,Amsterdam
Ferdinand Bolstraat,190,S,"",1072LW,Amsterdam
Ferdinand Bolstraat,190,T,"",1072LW,Amsterdam
Ferdinand Bolstraat,190,U,"",1072LW,Amsterdam
Ferdinand Bolstraat,192,"","",1072LW,Amsterdam
Ferdinand Bolstraat,192,"","",1072LW,Amsterdam
Ferdinand Bolstraat,192,A,"",1072LW,Amsterdam
Ferdinand Bolstraat,192,B,"",1072LW,Amsterdam
Ferdinand Bolstraat,192,C,"",1072LW,Amsterdam
Ferdinand Bolstraat,192,D,"",1072LW,Amsterdam
Ferdinand Bolstraat,192,E,"",1072LW,Amsterdam
Ferdinand Bolstraat,192,F,"",1072LW,Amsterdam
Ferdinand Bolstraat,192,H,"",1072LW,Amsterdam
Ferdinand Bolstraat,192,K,"",1072LW,Amsterdam
Ferdinand Bolstraat,192,L,"",1072LW,Amsterdam
Ferdinand Bolstraat,192,M,"",1072LW,Amsterdam
Ferdinand Bolstraat,192,N,"",1072LW,Amsterdam
Ferdinand Bolstraat,192,P,"",1072LW,Amsterdam
Ferdinand Bolstraat,192,R,"",1072LW,Amsterdam
Ferdinand Bolstraat,192,S,"",1072LW,Amsterdam
Ferdinand Bolstraat,192,T,"",1072LW,Amsterdam
Ferdinand Bolstraat,194,"","",1072LW,Amsterdam
Ferdinand Bolstraat,402,"","",1072ME,Amsterdam
Ferdinand Bolstraat,404,"","",1072ME,Amsterdam
Ferdinand Bolstraat,406,"","",1072ME,Amsterdam
Ferdinand Bolstraat,408,"","",1072ME,Amsterdam
Ferdinand Bolstraat,410,"","",1072ME,Amsterdam
Ferdinand Bolstraat,412,"","",1072ME,Amsterdam
Ferdinand Bolstraat,414,"","",1072ME,Amsterdam
Ferdinand Bolstraat,416,"","",1072ME,Amsterdam
Ferdinand Bolstraat,418,"","",1072ME,Amsterdam
Ferdinand Bolstraat,420,"","",1072ME,Amsterdam
Ferdinand Bolstraat,422,"","",1072ME,Amsterdam
Ferdinand Bolstraat,424,"","",1072ME,Amsterdam
Ferdinand Bolstraat,426,"","",1072ME,Amsterdam
Ferdinand Bolstraat,428,"","",1072ME,Amsterdam
Ferdinand Bolstraat,430,"","",1072ME,Amsterdam
Ferdinand Bolstraat,432,"","",1072ME,Amsterdam
Ferdinand Bolstraat,434,"","",1072ME,Amsterdam
Ferdinand Bolstraat,436,"","",1072MG,Amsterdam
Ferdinand Bolstraat,438,"","",1072MG,Amsterdam
Ferdinand Bolstraat,440,"","",1072MG,Amsterdam
Ferdinand Bolstraat,442,"","",1072MG,Amsterdam
Ferdinand Bolstraat,444,"","",1072MG,Amsterdam
Ferdinand Bolstraat,446,"","",1072MG,Amsterdam
Ferdinand Bolstraat,448,"","",1072MG,Amsterdam
Ferdinand Bolstraat,450,"","",1072MG,Amsterdam
Ferdinand Bolstraat,452,"","",1072MG,Amsterdam
Ferdinand Bolstraat,454,"","",1072MG,Amsterdam
Ferdinand Bolstraat,456,"","",1072MG,Amsterdam
Ferdinand Bolstraat,458,"","",1072MG,Amsterdam
Ferdinand Bolstraat,460,"","",1072MG,Amsterdam
Van Hilligaertstraat,144,"","",1072PL,Amsterdam
Van Hilligaertstraat,146,"","",1072PL,Amsterdam
Van Hilligaertstraat,148,"","",1072PL,Amsterdam
Van Hilligaertstraat,150,"","",1072PL,Amsterdam
Van Hilligaertstraat,152,"","",1072PL,Amsterdam
Van Hilligaertstraat,154,"","",1072PL,Amsterdam
Van Hilligaertstraat,156,"","",1072PL,Amsterdam
Van Hilligaertstraat,158,"","",1072PL,Amsterdam
Van Hilligaertstraat,160,"","",1072PL,Amsterdam
Van Hilligaertstraat,162,"","",1072PL,Amsterdam
Van Hilligaertstraat,164,"","",1072PL,Amsterdam
Van Hilligaertstraat,166,"","",1072PL,Amsterdam
Van Hilligaertstraat,168,"","",1072PL,Amsterdam
Van Hilligaertstraat,170,"","",1072PL,Amsterdam
Van Hilligaertstraat,172,"","",1072PL,Amsterdam
Van Hilligaertstraat,174,"","",1072PL,Amsterdam
Van Hilligaertstraat,176,"","",1072PL,Amsterdam
Van Hilligaertstraat,178,"","",1072PL,Amsterdam
Van Hilligaertstraat,180,"","",1072PL,Amsterdam
Van Hilligaertstraat,182,"","",1072PL,Amsterdam
Van Hilligaertstraat,184,"","",1072PL,Amsterdam
Van Hilligaertstraat,186,"","",1072PL,Amsterdam
Van Hilligaertstraat,188,"","",1072PL,Amsterdam
Van Hilligaertstraat,190,"","",1072PL,Amsterdam
Van Hilligaertstraat,192,"","",1072PL,Amsterdam
Van Hilligaertstraat,194,"","",1072PL,Amsterdam
Van Hilligaertstraat,196,"","",1072PL,Amsterdam
Van Hilligaertstraat,198,"","",1072PL,Amsterdam
Van Hilligaertstraat,200,"","",1072PM,Amsterdam
Van Hilligaertstraat,202,"","",1072PM,Amsterdam
Van Hilligaertstraat,204,"","",1072PM,Amsterdam
Van Hilligaertstraat,206,"","",1072PM,Amsterdam
Van Hilligaertstraat,208,"","",1072PM,Amsterdam
Van Hilligaertstraat,210,"","",1072PM,Amsterdam
Van Hilligaertstraat,212,"","",1072PM,Amsterdam
Van Hilligaertstraat,214,"","",1072PM,Amsterdam
Van Hilligaertstraat,216,"","",1072PM,Amsterdam
Van Hilligaertstraat,218,"","",1072PM,Amsterdam
Van Hilligaertstraat,220,"","",1072PM,Amsterdam
Van Hilligaertstraat,222,"","",1072PM,Amsterdam
Van Hilligaertstraat,224,"","",1072PM,Amsterdam
Van Hilligaertstraat,226,"","",1072PM,Amsterdam
Van Hilligaertstraat,228,"","",1072PM,Amsterdam
Van Hilligaertstraat,230,"","",1072PM,Amsterdam
Van Hilligaertstraat,232,"","",1072PM,Amsterdam
Van Hilligaertstraat,234,"","",1072PM,Amsterdam
Van Hilligaertstraat,236,"","",1072PM,Amsterdam
Van Hilligaertstraat,238,"","",1072PM,Amsterdam
Van Hilligaertstraat,240,"","",1072PM,Amsterdam
Van Hilligaertstraat,242,"","",1072PM,Amsterdam
Van Hilligaertstraat,244,"","",1072PM,Amsterdam
Van Hilligaertstraat,246,"","",1072PM,Amsterdam
Van Hilligaertstraat,248,"","",1072PM,Amsterdam
Van Hilligaertstraat,250,"","",1072PM,Amsterdam
Van Hilligaertstraat,252,"","",1072PM,Amsterdam
Van Hilligaertstraat,254,"","",1072PM,Amsterdam
Van Hilligaertstraat,256,"","",1072PN,Amsterdam
Van Hilligaertstraat,258,"","",1072PN,Amsterdam
Van Hilligaertstraat,260,"","",1072PN,Amsterdam
Van Hilligaertstraat,262,"","",1072PN,Amsterdam
Van Hilligaertstraat,264,"","",1072PN,Amsterdam
Van Hilligaertstraat,266,"","",1072PN,Amsterdam
Van Hilligaertstraat,268,"","",1072PN,Amsterdam
Van Hilligaertstraat,270,"","",1072PN,Amsterdam
Van Hilligaertstraat,272,"","",1072PN,Amsterdam
Van Hilligaertstraat,274,"","",1072PN,Amsterdam
Van Hilligaertstraat,276,"","",1072PN,Amsterdam
Van Hilligaertstraat,278,"","",1072PN,Amsterdam
Van Hilligaertstraat,280,"","",1072PN,Amsterdam
Van Hilligaertstraat,282,"","",1072PN,Amsterdam
Van Hilligaertstraat,284,"","",1072PN,Amsterdam
Van Hilligaertstraat,286,"","",1072PN,Amsterdam
Van Hilligaertstraat,288,"","",1072PN,Amsterdam
Van Hilligaertstraat,290,"","",1072PN,Amsterdam
Van Hilligaertstraat,292,"","",1072PN,Amsterdam
Van Hilligaertstraat,294,"","",1072PN,Amsterdam
Jozef Israëlskade,1,A,"",1072RS,Amsterdam
Jozef Israëlskade,1,B,"",1072RS,Amsterdam
Jozef Israëlskade,1,C,"",1072RS,Amsterdam
Jozef Israëlskade,2,A,"",1072RS,Amsterdam
Jozef Israëlskade,2,B,"",1072RS,Amsterdam
Jozef Israëlskade,2,C,"",1072RS,Amsterdam
Jozef Israëlskade,2,D,"",1072RS,Amsterdam
Jozef Israëlskade,3,A,"",1072RS,Amsterdam
Jozef Israëlskade,3,B,"",1072RS,Amsterdam
Jozef Israëlskade,3,C,"",1072RS,Amsterdam
Jozef Israëlskade,3,D,"",1072RS,Amsterdam
Jozef Israëlskade,4,A,"",1072RS,Amsterdam
Jozef Israëlskade,4,B,"",1072RS,Amsterdam
Jozef Israëlskade,4,C,"",1072RS,Amsterdam
Jozef Israëlskade,5,A,"",1072RS,Amsterdam
Jozef Israëlskade,5,B,"",1072RS,Amsterdam
Jozef Israëlskade,5,C,"",1072RS,Amsterdam
Jozef Israëlskade,5,D,"",1072RS,Amsterdam
Jozef Israëlskade,6,A,"",1072RS,Amsterdam
Jozef Israëlskade,6,B,"",1072RS,Amsterdam
Jozef Israëlskade,6,C,"",1072RS,Amsterdam
Jozef Israëlskade,7,A,"",1072RS,Amsterdam
Jozef Israëlskade,7,B,"",1072RS,Amsterdam
Jozef Israëlskade,7,C,"",1072RS,Amsterdam
Jozef Israëlskade,7,D,"",1072RS,Amsterdam
Jozef Israëlskade,8,A,"",1072RS,Amsterdam
Jozef Israëlskade,8,B,"",1072RS,Amsterdam
Jozef Israëlskade,8,C,"",1072RS,Amsterdam
Jozef Israëlskade,8,D,"",1072RS,Amsterdam
Jozef Israëlskade,9,A,"",1072RS,Amsterdam
Jozef Israëlskade,9,B,"",1072RS,Amsterdam
Jozef Israëlskade,9,C,"",1072RS,Amsterdam
Jozef Israëlskade,10,A,"",1072RT,Amsterdam
Jozef Israëlskade,10,B,"",1072RT,Amsterdam
Jozef Israëlskade,10,C,"",1072RT,Amsterdam
Jozef Israëlskade,10,D,"",1072RT,Amsterdam
Jozef Israëlskade,11,A,"",1072RT,Amsterdam
Jozef Israëlskade,11,B,"",1072RT,Amsterdam
Jozef Israëlskade,11,C,"",1072RT,Amsterdam
Jozef Israëlskade,11,D,"",1072RT,Amsterdam
Jozef Israëlskade,12,A,"",1072RT,Amsterdam
Jozef Israëlskade,12,B,"",1072RT,Amsterdam
Jozef Israëlskade,12,C,"",1072RT,Amsterdam
Jozef Israëlskade,12,D,"",1072RT,Amsterdam
Jozef Israëlskade,13,A,"",1072RT,Amsterdam
Jozef Israëlskade,13,B,"",1072RT,Amsterdam
Jozef Israëlskade,13,C,"",1072RT,Amsterdam
Jozef Israëlskade,13,D,"",1072RT,Amsterdam
Jozef Israëlskade,14,A,"",1072RT,Amsterdam
Jozef Israëlskade,14,B,"",1072RT,Amsterdam
Jozef Israëlskade,14,C,"",1072RT,Amsterdam
Jozef Israëlskade,14,D,"",1072RT,Amsterdam
Jozef Israëlskade,15,A,"",1072RT,Amsterdam
Jozef Israëlskade,15,B,"",1072RT,Amsterdam
Jozef Israëlskade,15,C,"",1072RT,Amsterdam
Jozef Israëlskade,15,D,"",1072RT,Amsterdam
Jozef Israëlskade,16,A,"",1072RV,Amsterdam
Jozef Israëlskade,16,B,"",1072RV,Amsterdam
Jozef Israëlskade,16,C,"",1072RV,Amsterdam
Jozef Israëlskade,16,D,"",1072RV,Amsterdam
Jozef Israëlskade,17,A,"",1072RV,Amsterdam
Jozef Israëlskade,17,B,"",1072RV,Amsterdam
Jozef Israëlskade,17,C,"",1072RV,Amsterdam
Jozef Israëlskade,17,D,"",1072RV,Amsterdam
Jozef Israëlskade,18,A,"",1072RV,Amsterdam
Jozef Israëlskade,18,B,"",1072RV,Amsterdam
Jozef Israëlskade,18,C,"",1072RV,Amsterdam
Jozef Israëlskade,20,"","",1072RV,Amsterdam
Jozef Israëlskade,20,K,"",1072RV,Amsterdam
Jozef Israëlskade,21,A,"",1072RV,Amsterdam
Jozef Israëlskade,21,B,"",1072RV,Amsterdam
Jozef Israëlskade,21,C,"",1072RV,Amsterdam
Jozef Israëlskade,21,D,"",1072RV,Amsterdam
Jozef Israëlskade,22,A,"",1072RV,Amsterdam
Jozef Israëlskade,22,B,"",1072RV,Amsterdam
Jozef Israëlskade,22,C,"",1072RV,Amsterdam
Jozef Israëlskade,22,D,"",1072RV,Amsterdam
Jozef Israëlskade,22,K,"",1072RV,Amsterdam
Jozef Israëlskade,23,A,"",1072RW,Amsterdam
Jozef Israëlskade,23,B,"",1072RW,Amsterdam
Jozef Israëlskade,23,C,"",1072RW,Amsterdam
Jozef Israëlskade,23,D,"",1072RW,Amsterdam
Jozef Israëlskade,24,A,"",1072RW,Amsterdam
Jozef Israëlskade,24,B,"",1072RW,Amsterdam
Jozef Israëlskade,24,C,"",1072RW,Amsterdam
Jozef Israëlskade,24,D,"",1072RW,Amsterdam
Jozef Israëlskade,25,A,"",1072RW,Amsterdam
Jozef Israëlskade,25,B,"",1072RW,Amsterdam
Jozef Israëlskade,25,C,"",1072RW,Amsterdam
Jozef Israëlskade,25,D,"",1072RW,Amsterdam
Jozef Israëlskade,26,A,"",1072RW,Amsterdam
Jozef Israëlskade,26,B,"",1072RW,Amsterdam
Jozef Israëlskade,26,C,"",1072RW,Amsterdam
Jozef Israëlskade,26,D,"",1072RW,Amsterdam
Jozef Israëlskade,27,A,"",1072RW,Amsterdam
Jozef Israëlskade,27,A,"",1072RW,Amsterdam
Jozef Israëlskade,27,B,"",1072RW,Amsterdam
Jozef Israëlskade,27,C,"",1072RW,Amsterdam
Jozef Israëlskade,27,D,"",1072RW,Amsterdam
Jozef Israëlskade,28,A,"",1072RW,Amsterdam
Jozef Israëlskade,28,B,"",1072RW,Amsterdam
Jozef Israëlskade,28,C,"",1072RW,Amsterdam
Jozef Israëlskade,28,D,"",1072RW,Amsterdam
Jozef Israëlskade,29,"","",1072RW,Amsterdam
Jozef Israëlskade,30,A,"",1072RW,Amsterdam
Jozef Israëlskade,30,B,"",1072RW,Amsterdam
Jozef Israëlskade,30,C,"",1072RW,Amsterdam
Jozef Israëlskade,31,A,"",1072RW,Amsterdam
Jozef Israëlskade,31,B,"",1072RW,Amsterdam
Jozef Israëlskade,31,C,"",1072RW,Amsterdam
Jozef Israëlskade,31,C,"",1072RW,Amsterdam
Jozef Israëlskade,31,C,1,1072RW,Amsterdam
Jozef Israëlskade,31,C,2,1072RW,Amsterdam
Jozef Israëlskade,31,D,"",1072RW,Amsterdam
Jozef Israëlskade,31,E,"",1072RW,Amsterdam
Jozef Israëlskade,32,A,"",1072RW,Amsterdam
Jozef Israëlskade,32,B,"",1072RW,Amsterdam
Jozef Israëlskade,32,C,"",1072RW,Amsterdam
Jozef Israëlskade,32,D,"",1072RW,Amsterdam
Jozef Israëlskade,33,A,"",1072RW,Amsterdam
Jozef Israëlskade,33,B,"",1072RW,Amsterdam
Jozef Israëlskade,33,C,"",1072RW,Amsterdam
Jozef Israëlskade,34,"","",1072RX,Amsterdam
Jozef Israëlskade,35,A,"",1072RX,Amsterdam
Jozef Israëlskade,35,B,"",1072RX,Amsterdam
Jozef Israëlskade,35,C,"",1072RX,Amsterdam
Jozef Israëlskade,35,D,"",1072RX,Amsterdam
Jozef Israëlskade,36,A,"",1072RX,Amsterdam
Jozef Israëlskade,36,B,"",1072RX,Amsterdam
Jozef Israëlskade,36,C,"",1072RX,Amsterdam
Jozef Israëlskade,36,D,"",1072RX,Amsterdam
Jozef Israëlskade,37,A,"",1072RX,Amsterdam
Jozef Israëlskade,37,B,"",1072RX,Amsterdam
Jozef Israëlskade,37,C,"",1072RX,Amsterdam
Jozef Israëlskade,37,D,"",1072RX,Amsterdam
Jozef Israëlskade,38,A,"",1072RX,Amsterdam
Jozef Israëlskade,38,B,"",1072RX,Amsterdam
Jozef Israëlskade,38,C,"",1072RX,Amsterdam
Jozef Israëlskade,38,D,"",1072RX,Amsterdam
Jozef Israëlskade,39,A,"",1072RX,Amsterdam
Jozef Israëlskade,39,B,"",1072RX,Amsterdam
Jozef Israëlskade,39,C,"",1072RX,Amsterdam
Jozef Israëlskade,39,D,"",1072RX,Amsterdam
Jozef Israëlskade,40,A,"",1072RX,Amsterdam
Jozef Israëlskade,40,B,"",1072RX,Amsterdam
Jozef Israëlskade,40,C,"",1072RX,Amsterdam
Jozef Israëlskade,40,D,"",1072RX,Amsterdam
Jozef Israëlskade,41,A,"",1072RX,Amsterdam
Jozef Israëlskade,41,B,"",1072RX,Amsterdam
Jozef Israëlskade,41,C,"",1072RX,Amsterdam
Jozef Israëlskade,41,D,"",1072RX,Amsterdam
Jozef Israëlskade,42,A,"",1072RX,Amsterdam
Jozef Israëlskade,42,B,"",1072RX,Amsterdam
Jozef Israëlskade,42,C,"",1072RX,Amsterdam
Jozef Israëlskade,42,D,"",1072RX,Amsterdam
Jozef Israëlskade,43,"","",1072RX,Amsterdam
Jozef Israëlskade,44,"","",1072RX,Amsterdam
Van Ostadestraat,1,"","",1072SL,Amsterdam
Van Ostadestraat,11,A,"",1072SL,Amsterdam
Van Ostadestraat,11,B,"",1072SL,Amsterdam
Van Ostadestraat,11,C,"",1072SL,Amsterdam
Van Ostadestraat,11,D,"",1072SL,Amsterdam
Van Ostadestraat,11,E,"",1072SL,Amsterdam
Van Ostadestraat,11,F,"",1072SL,Amsterdam
Van Ostadestraat,13,"",1A,1072SL,Amsterdam
Van Ostadestraat,13,"",1V,1072SL,Amsterdam
Van Ostadestraat,13,"",2A,1072SL,Amsterdam
Van Ostadestraat,13,"",2V,1072SL,Amsterdam
Van Ostadestraat,13,"",3A,1072SL,Amsterdam
Van Ostadestraat,13,"",3V,1072SL,Amsterdam
Van Ostadestraat,13,"",4V,1072SL,Amsterdam
Van Ostadestraat,13,"",H,1072SL,Amsterdam
Van Ostadestraat,13,"",O,1072SL,Amsterdam
Van Ostadestraat,15,"",1A,1072SL,Amsterdam
Van Ostadestraat,15,"",1V,1072SL,Amsterdam
Van Ostadestraat,15,"",2A,1072SL,Amsterdam
Van Ostadestraat,15,"",2V,1072SL,Amsterdam
Van Ostadestraat,15,"",3A,1072SL,Amsterdam
Van Ostadestraat,15,"",3V,1072SL,Amsterdam
Van Ostadestraat,15,"",H,1072SL,Amsterdam
Van Ostadestraat,15,"",O,1072SL,Amsterdam
Van Ostadestraat,3,"",1,1072SL,Amsterdam
Van Ostadestraat,3,"",2,1072SL,Amsterdam
Van Ostadestraat,3,"",3,1072SL,Amsterdam
Van Ostadestraat,3,"",4,1072SL,Amsterdam
Van Ostadestraat,3,"",H,1072SL,Amsterdam
Van Ostadestraat,5,"",1,1072SL,Amsterdam
Van Ostadestraat,5,"",2,1072SL,Amsterdam
Van Ostadestraat,5,"",3,1072SL,Amsterdam
Van Ostadestraat,5,"",4,1072SL,Amsterdam
Van Ostadestraat,7,"",1,1072SL,Amsterdam
Van Ostadestraat,7,"",2,1072SL,Amsterdam
Van Ostadestraat,7,"",3,1072SL,Amsterdam
Van Ostadestraat,7,"",4,1072SL,Amsterdam
Van Ostadestraat,7,"",H,1072SL,Amsterdam
Van Ostadestraat,9,"",1,1072SL,Amsterdam
Van Ostadestraat,9,"",2,1072SL,Amsterdam
Van Ostadestraat,9,"",3,1072SL,Amsterdam
Van Ostadestraat,9,"",4,1072SL,Amsterdam
Van Ostadestraat,9,"",H,1072SL,Amsterdam
Van Ostadestraat,17,"",1A,1072SM,Amsterdam
Van Ostadestraat,17,"",1V,1072SM,Amsterdam
Van Ostadestraat,17,"",2A,1072SM,Amsterdam
Van Ostadestraat,17,"",2V,1072SM,Amsterdam
Van Ostadestraat,17,"",3A,1072SM,Amsterdam
Van Ostadestraat,17,"",3V,1072SM,Amsterdam
Van Ostadestraat,17,"",4,1072SM,Amsterdam
Van Ostadestraat,17,"",4A,1072SM,Amsterdam
Van Ostadestraat,17,"",4B,1072SM,Amsterdam
Van Ostadestraat,17,"",H,1072SM,Amsterdam
Van Ostadestraat,17,"",O,1072SM,Amsterdam
Van Ostadestraat,19,"",1,1072SM,Amsterdam
Van Ostadestraat,19,"",2,1072SM,Amsterdam
Van Ostadestraat,19,"",3,1072SM,Amsterdam
Van Ostadestraat,19,"",4,1072SM,Amsterdam
Van Ostadestraat,19,"",H,1072SM,Amsterdam
Van Ostadestraat,19,"",O,1072SM,Amsterdam
Van Ostadestraat,21,"",1A,1072SM,Amsterdam
Van Ostadestraat,21,"",1V,1072SM,Amsterdam
Van Ostadestraat,21,"",2A,1072SM,Amsterdam
Van Ostadestraat,21,"",2V,1072SM,Amsterdam
Van Ostadestraat,21,"",3A,1072SM,Amsterdam
Van Ostadestraat,21,"",3V,1072SM,Amsterdam
Van Ostadestraat,21,"",4,1072SM,Amsterdam
Van Ostadestraat,21,"",H,1072SM,Amsterdam
Van Ostadestraat,21,"",O,1072SM,Amsterdam
Van Ostadestraat,23,"",1,1072SM,Amsterdam
Van Ostadestraat,23,"",2,1072SM,Amsterdam
Van Ostadestraat,23,"",3,1072SM,Amsterdam
Van Ostadestraat,23,"",4,1072SM,Amsterdam
Van Ostadestraat,23,"",4,1072SM,Amsterdam
Van Ostadestraat,23,"",4,1072SM,Amsterdam
Van Ostadestraat,23,"",H,1072SM,Amsterdam
Van Ostadestraat,25,"",1,1072SM,Amsterdam
Van Ostadestraat,25,"",2,1072SM,Amsterdam
Van Ostadestraat,25,"",3,1072SM,Amsterdam
Van Ostadestraat,25,"",H,1072SM,Amsterdam
Van Ostadestraat,27,"",1,1072SM,Amsterdam
Van Ostadestraat,27,"",2,1072SM,Amsterdam
Van Ostadestraat,27,"",3,1072SM,Amsterdam
Van Ostadestraat,27,"",H,1072SM,Amsterdam
Van Ostadestraat,29,"",1,1072SM,Amsterdam
Van Ostadestraat,29,"",2,1072SM,Amsterdam
Van Ostadestraat,29,"",3,1072SM,Amsterdam
Van Ostadestraat,29,"",H,1072SM,Amsterdam
Van Ostadestraat,31,"",2,1072SN,Amsterdam
Van Ostadestraat,31,"",3,1072SN,Amsterdam
Van Ostadestraat,31,"",H,1072SN,Amsterdam
Van Ostadestraat,33,"","",1072SN,Amsterdam
Van Ostadestraat,33,"",1,1072SN,Amsterdam
Van Ostadestraat,33,"",2,1072SN,Amsterdam
Van Ostadestraat,33,"",3,1072SN,Amsterdam
Van Ostadestraat,33,"",H,1072SN,Amsterdam
Van Ostadestraat,35,"",1,1072SN,Amsterdam
Van Ostadestraat,35,"",2,1072SN,Amsterdam
Van Ostadestraat,35,"",3,1072SN,Amsterdam
Van Ostadestraat,35,"",H,1072SN,Amsterdam
Van Ostadestraat,35,A,"",1072SN,Amsterdam
Van Ostadestraat,35,B,"",1072SN,Amsterdam
Van Ostadestraat,35,C,"",1072SN,Amsterdam
Van Ostadestraat,35,D,"",1072SN,Amsterdam
Van Ostadestraat,35,E,"",1072SN,Amsterdam
Van Ostadestraat,35,F,"",1072SN,Amsterdam
Van Ostadestraat,35,G,"",1072SN,Amsterdam
Van Ostadestraat,35,H,"",1072SN,Amsterdam
Van Ostadestraat,37,"","",1072SN,Amsterdam
Van Ostadestraat,43,A,"",1072SN,Amsterdam
Van Ostadestraat,43,B,"",1072SN,Amsterdam
Van Ostadestraat,45,A,"",1072SN,Amsterdam
Van Ostadestraat,45,B,"",1072SN,Amsterdam
Van Ostadestraat,45,C,"",1072SN,Amsterdam
Van Ostadestraat,45,D,"",1072SN,Amsterdam
Van Ostadestraat,45,E,"",1072SN,Amsterdam
Van Ostadestraat,45,F,"",1072SN,Amsterdam
Van Ostadestraat,45,G,"",1072SN,Amsterdam
Van Ostadestraat,45,H,"",1072SN,Amsterdam
Van Ostadestraat,47,A,"",1072SN,Amsterdam
Van Ostadestraat,47,B,"",1072SN,Amsterdam
Van Ostadestraat,47,C,"",1072SN,Amsterdam
Van Ostadestraat,47,D,"",1072SN,Amsterdam
Van Ostadestraat,47,E,"",1072SN,Amsterdam
Van Ostadestraat,47,F,"",1072SN,Amsterdam
Van Ostadestraat,47,G,"",1072SN,Amsterdam
Van Ostadestraat,47,H,"",1072SN,Amsterdam
Van Ostadestraat,47,K,"",1072SN,Amsterdam
Van Ostadestraat,49,A,"",1072SN,Amsterdam
Van Ostadestraat,49,B,"",1072SN,Amsterdam
Van Ostadestraat,49,C,"",1072SN,Amsterdam
Van Ostadestraat,49,D,"",1072SN,Amsterdam
Van Ostadestraat,49,E,"",1072SN,Amsterdam
Van Ostadestraat,49,F,"",1072SN,Amsterdam
Van Ostadestraat,51,"",1,1072SN,Amsterdam
Van Ostadestraat,51,"",2,1072SN,Amsterdam
Van Ostadestraat,51,"",3,1072SN,Amsterdam
Van Ostadestraat,51,"",H,1072SN,Amsterdam
Van Ostadestraat,53,"",1,1072SN,Amsterdam
Van Ostadestraat,53,"",2,1072SN,Amsterdam
Van Ostadestraat,53,"",3,1072SN,Amsterdam
Van Ostadestraat,55,"",1,1072SN,Amsterdam
Van Ostadestraat,55,"",2,1072SN,Amsterdam
Van Ostadestraat,55,"",3,1072SN,Amsterdam
Van Ostadestraat,55,"",H,1072SN,Amsterdam
Van Ostadestraat,57,"",1,1072SN,Amsterdam
Van Ostadestraat,57,"",3,1072SN,Amsterdam
Van Ostadestraat,57,"",H,1072SN,Amsterdam
Van Ostadestraat,59,"",1,1072SN,Amsterdam
Van Ostadestraat,59,"",2,1072SN,Amsterdam
Van Ostadestraat,59,"",3,1072SN,Amsterdam
Van Ostadestraat,59,"",H,1072SN,Amsterdam
Van Ostadestraat,61,"","",1072SN,Amsterdam
Van Ostadestraat,63,"","",1072SN,Amsterdam
Van Ostadestraat,65,"","",1072SN,Amsterdam
Van Ostadestraat,67,"","",1072SP,Amsterdam
Van Ostadestraat,69,A,"",1072SP,Amsterdam
Van Ostadestraat,69,B,"",1072SP,Amsterdam
Van Ostadestraat,69,C,"",1072SP,Amsterdam
Van Ostadestraat,69,D,"",1072SP,Amsterdam
Van Ostadestraat,69,E,"",1072SP,Amsterdam
Van Ostadestraat,71,A,"",1072SP,Amsterdam
Van Ostadestraat,71,B,"",1072SP,Amsterdam
Van Ostadestraat,71,C,"",1072SP,Amsterdam
Van Ostadestraat,71,D,"",1072SP,Amsterdam
Van Ostadestraat,71,E,"",1072SP,Amsterdam
Van Ostadestraat,73,A,"",1072SP,Amsterdam
Van Ostadestraat,73,B,"",1072SP,Amsterdam
Van Ostadestraat,73,C,"",1072SP,Amsterdam
Van Ostadestraat,73,D,"",1072SP,Amsterdam
Van Ostadestraat,73,E,"",1072SP,Amsterdam
Van Ostadestraat,75,A,"",1072SP,Amsterdam
Van Ostadestraat,75,B,"",1072SP,Amsterdam
Van Ostadestraat,75,C,"",1072SP,Amsterdam
Van Ostadestraat,75,D,"",1072SP,Amsterdam
Van Ostadestraat,75,E,"",1072SP,Amsterdam
Van Ostadestraat,77,"","",1072SP,Amsterdam
Van Ostadestraat,81,"",1,1072SP,Amsterdam
Van Ostadestraat,81,"",2,1072SP,Amsterdam
Van Ostadestraat,81,"",3,1072SP,Amsterdam
Van Ostadestraat,81,"",H,1072SP,Amsterdam
Van Ostadestraat,81,"",H,1072SP,Amsterdam
Van Ostadestraat,83,"",1,1072SR,Amsterdam
Van Ostadestraat,83,"",2,1072SR,Amsterdam
Van Ostadestraat,83,"",3,1072SR,Amsterdam
Van Ostadestraat,83,"",H,1072SR,Amsterdam
Van Ostadestraat,85,A,"",1072SR,Amsterdam
Van Ostadestraat,85,B,"",1072SR,Amsterdam
Van Ostadestraat,85,C,"",1072SR,Amsterdam
Van Ostadestraat,85,D,"",1072SR,Amsterdam
Van Ostadestraat,87,A,"",1072SR,Amsterdam
Van Ostadestraat,87,B,"",1072SR,Amsterdam
Van Ostadestraat,89,"","",1072SR,Amsterdam
Van Ostadestraat,89,A,"",1072SR,Amsterdam
Van Ostadestraat,89,A,"",1072SR,Amsterdam
Van Ostadestraat,89,B,"",1072SR,Amsterdam
Van Ostadestraat,89,B,"",1072SR,Amsterdam
Van Ostadestraat,89,C,"",1072SR,Amsterdam
Van Ostadestraat,89,C,"",1072SR,Amsterdam
Van Ostadestraat,89,D,"",1072SR,Amsterdam
Van Ostadestraat,89,E,"",1072SR,Amsterdam
Van Ostadestraat,89,F,"",1072SR,Amsterdam
Van Ostadestraat,89,G,"",1072SR,Amsterdam
Van Ostadestraat,93,A,"",1072SR,Amsterdam
Van Ostadestraat,93,B,"",1072SR,Amsterdam
Van Ostadestraat,93,C,"",1072SR,Amsterdam
Van Ostadestraat,93,D,"",1072SR,Amsterdam
Van Ostadestraat,93,E,"",1072SR,Amsterdam
Van Ostadestraat,93,F,"",1072SR,Amsterdam
Van Ostadestraat,93,G,"",1072SR,Amsterdam
Van Ostadestraat,93,H,"",1072SR,Amsterdam
Van Ostadestraat,93,J,"",1072SR,Amsterdam
Van Ostadestraat,93,K,"",1072SR,Amsterdam
Van Ostadestraat,93,L,"",1072SR,Amsterdam
Van Ostadestraat,93,M,"",1072SR,Amsterdam
Van Ostadestraat,95,A,"",1072SR,Amsterdam
Van Ostadestraat,95,A,"",1072SR,Amsterdam
Van Ostadestraat,95,B,"",1072SR,Amsterdam
Van Ostadestraat,95,C,"",1072SR,Amsterdam
Van Ostadestraat,95,E,"",1072SR,Amsterdam
Van Ostadestraat,95,G,"",1072SR,Amsterdam
Van Ostadestraat,10,"",1,1072SX,Amsterdam
Van Ostadestraat,10,"",2,1072SX,Amsterdam
Van Ostadestraat,10,"",3,1072SX,Amsterdam
Van Ostadestraat,10,"",4,1072SX,Amsterdam
Van Ostadestraat,10,"",H,1072SX,Amsterdam
Van Ostadestraat,10,"",O,1072SX,Amsterdam
Van Ostadestraat,12,"",1,1072SX,Amsterdam
Van Ostadestraat,12,"",2,1072SX,Amsterdam
Van Ostadestraat,12,"",3,1072SX,Amsterdam
Van Ostadestraat,12,"",H,1072SX,Amsterdam
Van Ostadestraat,14,"",2,1072SX,Amsterdam
Van Ostadestraat,14,"",3,1072SX,Amsterdam
Van Ostadestraat,14,"",H,1072SX,Amsterdam
Van Ostadestraat,16,"",1,1072SX,Amsterdam
Van Ostadestraat,16,"",2,1072SX,Amsterdam
Van Ostadestraat,16,"",3,1072SX,Amsterdam
Van Ostadestraat,16,"",H,1072SX,Amsterdam
Van Ostadestraat,18,"",1,1072SX,Amsterdam
Van Ostadestraat,18,"",2,1072SX,Amsterdam
Van Ostadestraat,18,"",3,1072SX,Amsterdam
Van Ostadestraat,18,"",H,1072SX,Amsterdam
Van Ostadestraat,2,"",1,1072SX,Amsterdam
Van Ostadestraat,2,"",2,1072SX,Amsterdam
Van Ostadestraat,2,"",3,1072SX,Amsterdam
Van Ostadestraat,20,"",1,1072SX,Amsterdam
Van Ostadestraat,20,"",2,1072SX,Amsterdam
Van Ostadestraat,20,"",3,1072SX,Amsterdam
Van Ostadestraat,20,"",4,1072SX,Amsterdam
Van Ostadestraat,20,"",H,1072SX,Amsterdam
Van Ostadestraat,22,"",1,1072SX,Amsterdam
Van Ostadestraat,22,"",3,1072SX,Amsterdam
Van Ostadestraat,22,"",H,1072SX,Amsterdam
Van Ostadestraat,24,"",1,1072SX,Amsterdam
Van Ostadestraat,24,"",2,1072SX,Amsterdam
Van Ostadestraat,24,"",3,1072SX,Amsterdam
Van Ostadestraat,24,"",H,1072SX,Amsterdam
Van Ostadestraat,4,"",1,1072SX,Amsterdam
Van Ostadestraat,4,"",2,1072SX,Amsterdam
Van Ostadestraat,4,"",3,1072SX,Amsterdam
Van Ostadestraat,4,"",4,1072SX,Amsterdam
Van Ostadestraat,4,"",H,1072SX,Amsterdam
Van Ostadestraat,6,"",1,1072SX,Amsterdam
Van Ostadestraat,6,"",2,1072SX,Amsterdam
Van Ostadestraat,6,"",3,1072SX,Amsterdam
Van Ostadestraat,6,"",H,1072SX,Amsterdam
Van Ostadestraat,8,"",1,1072SX,Amsterdam
Van Ostadestraat,8,"",2,1072SX,Amsterdam
Van Ostadestraat,8,"",3,1072SX,Amsterdam
Van Ostadestraat,8,"",H,1072SX,Amsterdam
Van Ostadestraat,8,"",O,1072SX,Amsterdam
Van Ostadestraat,8,A,"",1072SX,Amsterdam
Van Ostadestraat,26,"",1,1072SZ,Amsterdam
Van Ostadestraat,26,"",2,1072SZ,Amsterdam
Van Ostadestraat,26,"",3,1072SZ,Amsterdam
Van Ostadestraat,26,"",H,1072SZ,Amsterdam
Van Ostadestraat,28,"",1,1072SZ,Amsterdam
Van Ostadestraat,28,"",2,1072SZ,Amsterdam
Van Ostadestraat,28,"",3,1072SZ,Amsterdam
Van Ostadestraat,28,"",H,1072SZ,Amsterdam
Van Ostadestraat,30,"",1,1072SZ,Amsterdam
Van Ostadestraat,30,"",2,1072SZ,Amsterdam
Van Ostadestraat,30,"",3,1072SZ,Amsterdam
Van Ostadestraat,30,"",H,1072SZ,Amsterdam
Van Ostadestraat,32,"",1,1072SZ,Amsterdam
Van Ostadestraat,32,"",2,1072SZ,Amsterdam
Van Ostadestraat,32,"",3,1072SZ,Amsterdam
Van Ostadestraat,32,"",3,1072SZ,Amsterdam
Van Ostadestraat,32,"",4,1072SZ,Amsterdam
Van Ostadestraat,32,"",H,1072SZ,Amsterdam
Van Ostadestraat,34,"",1,1072SZ,Amsterdam
Van Ostadestraat,34,"",2,1072SZ,Amsterdam
Van Ostadestraat,34,"",3,1072SZ,Amsterdam
Van Ostadestraat,34,"",4,1072SZ,Amsterdam
Van Ostadestraat,34,"",H,1072SZ,Amsterdam
Van Ostadestraat,40,"","",1072SZ,Amsterdam
Van Ostadestraat,40,A,"",1072SZ,Amsterdam
Van Ostadestraat,40,B,"",1072SZ,Amsterdam
Van Ostadestraat,40,C,"",1072SZ,Amsterdam
Van Ostadestraat,40,D,"",1072SZ,Amsterdam
Van Ostadestraat,40,E,"",1072SZ,Amsterdam
Van Ostadestraat,42,"",1,1072SZ,Amsterdam
Van Ostadestraat,42,"",2,1072SZ,Amsterdam
Van Ostadestraat,42,"",H,1072SZ,Amsterdam
Van Ostadestraat,44,"","",1072SZ,Amsterdam
Van Ostadestraat,44,A,"",1072SZ,Amsterdam
Van Ostadestraat,44,B,"",1072SZ,Amsterdam
Van Ostadestraat,46,"",1,1072SZ,Amsterdam
Van Ostadestraat,46,"",2,1072SZ,Amsterdam
Van Ostadestraat,46,"",H,1072SZ,Amsterdam
Van Ostadestraat,46,"",H,1072SZ,Amsterdam
Van Ostadestraat,46,Z,99,1072SZ,Amsterdam
Van Ostadestraat,48,"",1,1072SZ,Amsterdam
Van Ostadestraat,48,"",2,1072SZ,Amsterdam
Van Ostadestraat,48,"",3,1072SZ,Amsterdam
Van Ostadestraat,48,"",4,1072SZ,Amsterdam
Van Ostadestraat,48,"",H,1072SZ,Amsterdam
Van Ostadestraat,50,"",2,1072TA,Amsterdam
Van Ostadestraat,50,"",3,1072TA,Amsterdam
Van Ostadestraat,50,"",H,1072TA,Amsterdam
Van Ostadestraat,52,"",1,1072TA,Amsterdam
Van Ostadestraat,52,"",2,1072TA,Amsterdam
Van Ostadestraat,52,"",3,1072TA,Amsterdam
Van Ostadestraat,52,"",H,1072TA,Amsterdam
Van Ostadestraat,54,"",1,1072TA,Amsterdam
Van Ostadestraat,54,"",2,1072TA,Amsterdam
Van Ostadestraat,54,"",3,1072TA,Amsterdam
Van Ostadestraat,54,"",4,1072TA,Amsterdam
Van Ostadestraat,54,"",H,1072TA,Amsterdam
Van Ostadestraat,56,"",1,1072TA,Amsterdam
Van Ostadestraat,56,"",2,1072TA,Amsterdam
Van Ostadestraat,56,"",3,1072TA,Amsterdam
Van Ostadestraat,56,"",4,1072TA,Amsterdam
Van Ostadestraat,56,"",H,1072TA,Amsterdam
Van Ostadestraat,58,"",1,1072TA,Amsterdam
Van Ostadestraat,58,"",2,1072TA,Amsterdam
Van Ostadestraat,58,"",3,1072TA,Amsterdam
Van Ostadestraat,58,"",H,1072TA,Amsterdam
Van Ostadestraat,60,"",1,1072TA,Amsterdam
Van Ostadestraat,60,"",2,1072TA,Amsterdam
Van Ostadestraat,60,"",3,1072TA,Amsterdam
Van Ostadestraat,60,"",H,1072TA,Amsterdam
Van Ostadestraat,62,"",1,1072TA,Amsterdam
Van Ostadestraat,62,"",2,1072TA,Amsterdam
Van Ostadestraat,62,"",3,1072TA,Amsterdam
Van Ostadestraat,62,"",H,1072TA,Amsterdam
Van Ostadestraat,64,"",1,1072TA,Amsterdam
Van Ostadestraat,64,"",2,1072TA,Amsterdam
Van Ostadestraat,64,"",3,1072TA,Amsterdam
Van Ostadestraat,64,"",H,1072TA,Amsterdam
Van Ostadestraat,66,"",1,1072TA,Amsterdam
Van Ostadestraat,66,"",2,1072TA,Amsterdam
Van Ostadestraat,66,"",3,1072TA,Amsterdam
Van Ostadestraat,66,"",H,1072TA,Amsterdam
Van Ostadestraat,68,"",1,1072TA,Amsterdam
Van Ostadestraat,68,"",2,1072TA,Amsterdam
Van Ostadestraat,68,"",3,1072TA,Amsterdam
Van Ostadestraat,68,"",4,1072TA,Amsterdam
Van Ostadestraat,68,"",H,1072TA,Amsterdam
Van Ostadestraat,70,"",1,1072TA,Amsterdam
Van Ostadestraat,70,"",2,1072TA,Amsterdam
Van Ostadestraat,70,"",3,1072TA,Amsterdam
Van Ostadestraat,70,"",4,1072TA,Amsterdam
Van Ostadestraat,72,"","",1072TB,Amsterdam
Van Ostadestraat,74,"",1,1072TB,Amsterdam
Van Ostadestraat,74,"",2,1072TB,Amsterdam
Van Ostadestraat,74,"",3,1072TB,Amsterdam
Van Ostadestraat,74,"",H,1072TB,Amsterdam
Van Ostadestraat,76,"",1,1072TB,Amsterdam
Van Ostadestraat,76,"",2,1072TB,Amsterdam
Van Ostadestraat,76,"",3,1072TB,Amsterdam
Van Ostadestraat,76,"",H,1072TB,Amsterdam
Van Ostadestraat,78,"",1,1072TB,Amsterdam
Van Ostadestraat,78,"",2,1072TB,Amsterdam
Van Ostadestraat,78,"",3,1072TB,Amsterdam
Van Ostadestraat,78,"",4,1072TB,Amsterdam
Van Ostadestraat,78,"",H,1072TB,Amsterdam
Van Ostadestraat,80,"",1,1072TB,Amsterdam
Van Ostadestraat,80,"",2,1072TB,Amsterdam
Van Ostadestraat,80,"",3,1072TB,Amsterdam
Van Ostadestraat,80,"",4,1072TB,Amsterdam
Van Ostadestraat,80,"",H,1072TB,Amsterdam
Van Ostadestraat,82,"",1,1072TB,Amsterdam
Van Ostadestraat,82,"",2,1072TB,Amsterdam
Van Ostadestraat,82,"",3,1072TB,Amsterdam
Van Ostadestraat,82,"",H,1072TB,Amsterdam
Van Ostadestraat,84,"","",1072TB,Amsterdam
Van Ostadestraat,86,"",1,1072TB,Amsterdam
Van Ostadestraat,86,"",2,1072TB,Amsterdam
Van Ostadestraat,86,"",3,1072TB,Amsterdam
Van Ostadestraat,86,"",H,1072TB,Amsterdam
Van Ostadestraat,88,"",1,1072TB,Amsterdam
Van Ostadestraat,88,"",2,1072TB,Amsterdam
Van Ostadestraat,88,"",3,1072TB,Amsterdam
Van Ostadestraat,88,"",4,1072TB,Amsterdam
Van Ostadestraat,88,"",H,1072TB,Amsterdam
Van Ostadestraat,90,"",1,1072TB,Amsterdam
Van Ostadestraat,90,"",2,1072TB,Amsterdam
Van Ostadestraat,90,"",3,1072TB,Amsterdam
Van Ostadestraat,90,"",H,1072TB,Amsterdam
Van Ostadestraat,92,"",1,1072TB,Amsterdam
Van Ostadestraat,92,"",2,1072TB,Amsterdam
Van Ostadestraat,92,"",3,1072TB,Amsterdam
Van Ostadestraat,92,"",H,1072TB,Amsterdam
Van Ostadestraat,94,"",1,1072TB,Amsterdam
Van Ostadestraat,94,"",2,1072TB,Amsterdam
Van Ostadestraat,94,"",3,1072TB,Amsterdam
Van Ostadestraat,94,"",H,1072TB,Amsterdam
Van Ostadestraat,100,"",1,1072TC,Amsterdam
Van Ostadestraat,100,"",2,1072TC,Amsterdam
Van Ostadestraat,100,"",3,1072TC,Amsterdam
Van Ostadestraat,100,"",H,1072TC,Amsterdam
Van Ostadestraat,102,"",1,1072TC,Amsterdam
Van Ostadestraat,102,"",2,1072TC,Amsterdam
Van Ostadestraat,102,"",3,1072TC,Amsterdam
Van Ostadestraat,102,"",H,1072TC,Amsterdam
Van Ostadestraat,104,"",1,1072TC,Amsterdam
Van Ostadestraat,104,"",2,1072TC,Amsterdam
Van Ostadestraat,104,"",3,1072TC,Amsterdam
Van Ostadestraat,104,"",H,1072TC,Amsterdam
Van Ostadestraat,106,"",1,1072TC,Amsterdam
Van Ostadestraat,106,"",2,1072TC,Amsterdam
Van Ostadestraat,106,"",3,1072TC,Amsterdam
Van Ostadestraat,106,"",H,1072TC,Amsterdam
Van Ostadestraat,108,A,"",1072TC,Amsterdam
Van Ostadestraat,108,B,"",1072TC,Amsterdam
Van Ostadestraat,108,C,"",1072TC,Amsterdam
Van Ostadestraat,108,D,"",1072TC,Amsterdam
Van Ostadestraat,108,E,"",1072TC,Amsterdam
Van Ostadestraat,110,A,"",1072TC,Amsterdam
Van Ostadestraat,110,B,"",1072TC,Amsterdam
Van Ostadestraat,110,C,"",1072TC,Amsterdam
Van Ostadestraat,110,D,"",1072TC,Amsterdam
Van Ostadestraat,110,E,"",1072TC,Amsterdam
Van Ostadestraat,112,A,"",1072TC,Amsterdam
Van Ostadestraat,112,B,"",1072TC,Amsterdam
Van Ostadestraat,112,C,"",1072TC,Amsterdam
Van Ostadestraat,112,D,"",1072TC,Amsterdam
Van Ostadestraat,112,E,"",1072TC,Amsterdam
Van Ostadestraat,114,A,"",1072TC,Amsterdam
Van Ostadestraat,114,B,"",1072TC,Amsterdam
Van Ostadestraat,114,C,"",1072TC,Amsterdam
Van Ostadestraat,114,D,"",1072TC,Amsterdam
Van Ostadestraat,96,"",1,1072TC,Amsterdam
Van Ostadestraat,96,"",2,1072TC,Amsterdam
Van Ostadestraat,96,"",3,1072TC,Amsterdam
Van Ostadestraat,96,"",H,1072TC,Amsterdam
Van Ostadestraat,98,"",1,1072TC,Amsterdam
Van Ostadestraat,98,"",2,1072TC,Amsterdam
Van Ostadestraat,98,"",3,1072TC,Amsterdam
Van Ostadestraat,98,"",H,1072TC,Amsterdam
