straat,huisnummer,huisletter,toevoeging,postcode,plaats
Zandpad,1,A,"",3552TJ,Utrecht
Zandpad,102,"","",3552TJ,Utrecht
Zandpad,104,"","",3552TJ,Utrecht
Zandpad,106,"","",3552TJ,Utrecht
Zandpad,108,"","",3552TJ,Utrecht
Zandpad,110,"","",3552TJ,Utrecht
Zandpad,112,"","",3552TJ,Utrecht
Zandpad,114,"","",3552TJ,Utrecht
Zandpad,116,"","",3552TJ,Utrecht
Zandpad,118,"","",3552TJ,Utrecht
Zandpad,120,"","",3552TJ,Utrecht
Zandpad,122,"","",3552TJ,Utrecht
Zandpad,124,"","",3552TJ,Utrecht
Zandpad,126,"","",3552TJ,Utrecht
Zandpad,128,"","",3552TJ,Utrecht
Zandpad,130,"","",3552TJ,Utrecht
Zandpad,132,"","",3552TJ,Utrecht
Zandpad,133,"","",3552TJ,Utrecht
Zandpad,133,"","",3552TJ,Utrecht
Zandpad,134,"","",3552TJ,Utrecht
Zandpad,135,"","",3552TJ,Utrecht
Zandpad,136,"","",3552TJ,Utrecht
Zandpad,138,"","",3552TJ,Utrecht
Zandpad,140,"","",3552TJ,Utrecht
Zandpad,142,"","",3552TJ,Utrecht
Zandpad,144,"","",3552TJ,Utrecht
Zandpad,146,"","",3552TJ,Utrecht
Zandpad,148,"","",3552TJ,Utrecht
Zandpad,150,"","",3552TJ,Utrecht
Zandpad,152,"","",3552TJ,Utrecht
Zandpad,154,"","",3552TJ,Utrecht
Zandpad,156,"","",3552TJ,Utrecht
Zandpad,158,"","",3552TJ,Utrecht
Zandpad,160,"","",3552TJ,Utrecht
Zandpad,162,"","",3552TJ,Utrecht
Zandpad,164,"","",3552TJ,Utrecht
Zandpad,166,"","",3552TJ,Utrecht
Zandpad,168,"","",3552TJ,Utrecht
Zandpad,2,"","",3552TJ,Utrecht
Zandpad,3,"","",3552TJ,Utrecht
Jagerskade,10,"","",3552TL,Utrecht
Jagerskade,10,"",1,3552TL,Utrecht
Jagerskade,10,"",10,3552TL,Utrecht
Jagerskade,10,"",11,3552TL,Utrecht
Jagerskade,10,"",12,3552TL,Utrecht
Jagerskade,10,"",13,3552TL,Utrecht
Jagerskade,10,"",14,3552TL,Utrecht
Jagerskade,10,"",15,3552TL,Utrecht
Jagerskade,10,"",16,3552TL,Utrecht
Jagerskade,10,"",17,3552TL,Utrecht
Jagerskade,10,"",18,3552TL,Utrecht
Jagerskade,10,"",19,3552TL,Utrecht
Jagerskade,10,"",2,3552TL,Utrecht
Jagerskade,10,"",20,3552TL,Utrecht
Jagerskade,10,"",21,3552TL,Utrecht
Jagerskade,10,"",22,3552TL,Utrecht
Jagerskade,10,"",23,3552TL,Utrecht
Jagerskade,10,"",3,3552TL,Utrecht
Jagerskade,10,"",4,3552TL,Utrecht
Jagerskade,10,"",5,3552TL,Utrecht
Jagerskade,10,"",6,3552TL,Utrecht
Jagerskade,10,"",7,3552TL,Utrecht
Jagerskade,10,"",8,3552TL,Utrecht
Jagerskade,10,"",9,3552TL,Utrecht
Jagerskade,12,"","",3552TL,Utrecht
Jagerskade,12,"",1,3552TL,Utrecht
Jagerskade,12,"",10,3552TL,Utrecht
Jagerskade,12,"",11,3552TL,Utrecht
Jagerskade,12,"",12,3552TL,Utrecht
Jagerskade,12,"",13,3552TL,Utrecht
Jagerskade,12,"",14,3552TL,Utrecht
Jagerskade,12,"",15,3552TL,Utrecht
Jagerskade,12,"",16,3552TL,Utrecht
Jagerskade,12,"",17,3552TL,Utrecht
Jagerskade,12,"",18,3552TL,Utrecht
Jagerskade,12,"",19,3552TL,Utrecht
Jagerskade,12,"",2,3552TL,Utrecht
Jagerskade,12,"",20,3552TL,Utrecht
Jagerskade,12,"",21,3552TL,Utrecht
Jagerskade,12,"",22,3552TL,Utrecht
Jagerskade,12,"",3,3552TL,Utrecht
Jagerskade,12,"",4,3552TL,Utrecht
Jagerskade,12,"",5,3552TL,Utrecht
Jagerskade,12,"",6,3552TL,Utrecht
Jagerskade,12,"",7,3552TL,Utrecht
Jagerskade,12,"",8,3552TL,Utrecht
Jagerskade,12,"",9,3552TL,Utrecht
Jagerskade,13,"","",3552TL,Utrecht
Jagerskade,15,"","",3552TL,Utrecht
Jagerskade,15,"","",3552TL,Utrecht
Jagerskade,15,"","",3552TL,Utrecht
Jagerskade,17,"","",3552TL,Utrecht
Jagerskade,17,A,"",3552TL,Utrecht
Jagerskade,17,B,"",3552TL,Utrecht
Jagerskade,17,C,"",3552TL,Utrecht
Jagerskade,17,C,"",3552TL,Utrecht
Jagerskade,4,"","",3552TL,Utrecht
Jagerskade,6,"","",3552TL,Utrecht
Jagerskade,8,"","",3552TL,Utrecht
Jagerskade,8,"",1,3552TL,Utrecht
Jagerskade,8,"",10,3552TL,Utrecht
Jagerskade,8,"",11,3552TL,Utrecht
Jagerskade,8,"",12,3552TL,Utrecht
Jagerskade,8,"",13,3552TL,Utrecht
Jagerskade,8,"",14,3552TL,Utrecht
Jagerskade,8,"",15,3552TL,Utrecht
Jagerskade,8,"",16,3552TL,Utrecht
Jagerskade,8,"",17,3552TL,Utrecht
Jagerskade,8,"",18,3552TL,Utrecht
Jagerskade,8,"",19,3552TL,Utrecht
Jagerskade,8,"",2,3552TL,Utrecht
Jagerskade,8,"",3,3552TL,Utrecht
Jagerskade,8,"",4,3552TL,Utrecht
Jagerskade,8,"",5,3552TL,Utrecht
Jagerskade,8,"",6,3552TL,Utrecht
Jagerskade,8,"",7,3552TL,Utrecht
Jagerskade,8,"",8,3552TL,Utrecht
Jagerskade,8,"",9,3552TL,Utrecht
Anthoniedijk,10,"","",3552XD,Utrecht
Anthoniedijk,12,"","",3552XD,Utrecht
Oude Loevenhoutsedijk,132,"","",3552XD,Utrecht
Anthoniedijk,14,"","",3552XD,Utrecht
Anthoniedijk,16,"","",3552XD,Utrecht
Anthoniedijk,18,"","",3552XD,Utrecht
Anthoniedijk,2,"","",3552XD,Utrecht
Anthoniedijk,2,"",BS,3552XD,Utrecht
Anthoniedijk,20,"","",3552XD,Utrecht
Anthoniedijk,20,A,"",3552XD,Utrecht
Anthoniedijk,22,"","",3552XD,Utrecht
Anthoniedijk,24,"","",3552XD,Utrecht
Anthoniedijk,26,"","",3552XD,Utrecht
Anthoniedijk,28,"","",3552XD,Utrecht
Anthoniedijk,30,"","",3552XD,Utrecht
Anthoniedijk,30,"","",3552XD,Utrecht
Anthoniedijk,32,"","",3552XD,Utrecht
Anthoniedijk,34,"","",3552XD,Utrecht
Anthoniedijk,36,"","",3552XD,Utrecht
Anthoniedijk,38,"","",3552XD,Utrecht
Anthoniedijk,4,"","",3552XD,Utrecht
Anthoniedijk,4,"",BS,3552XD,Utrecht
Anthoniedijk,40,"","",3552XD,Utrecht
Anthoniedijk,42,"","",3552XD,Utrecht
Anthoniedijk,44,"","",3552XD,Utrecht
Anthoniedijk,46,"","",3552XD,Utrecht
Anthoniedijk,48,"","",3552XD,Utrecht
Anthoniedijk,50,"","",3552XD,Utrecht
Anthoniedijk,52,"","",3552XD,Utrecht
Anthoniedijk,54,"","",3552XD,Utrecht
Anthoniedijk,56,"","",3552XD,Utrecht
Anthoniedijk,58,"","",3552XD,Utrecht
Anthoniedijk,6,"","",3552XD,Utrecht
Anthoniedijk,60,"","",3552XD,Utrecht
Anthoniedijk,62,"","",3552XD,Utrecht
Anthoniedijk,64,"","",3552XD,Utrecht
Anthoniedijk,66,"","",3552XD,Utrecht
Anthoniedijk,68,"","",3552XD,Utrecht
Anthoniedijk,70,"","",3552XD,Utrecht
Anthoniedijk,72,"","",3552XD,Utrecht
Anthoniedijk,74,"","",3552XD,Utrecht
Anthoniedijk,76,"","",3552XD,Utrecht
Anthoniedijk,78,"","",3552XD,Utrecht
Anthoniedijk,8,"","",3552XD,Utrecht
Anthoniedijk,80,"","",3552XD,Utrecht
Anthoniedijk,80,"","",3552XD,Utrecht
Anthoniedijk,80,A,"",3552XD,Utrecht
Anthoniedijk,80,B,"",3552XD,Utrecht
Anthoniedijk,80,C,"",3552XD,Utrecht
Loevenhoutsedijk,1,"","",3552XE,Utrecht
Loevenhoutsedijk,14,"","",3552XE,Utrecht
Loevenhoutsedijk,16,"","",3552XE,Utrecht
Loevenhoutsedijk,18,"","",3552XE,Utrecht
Loevenhoutsedijk,2,"","",3552XE,Utrecht
Loevenhoutsedijk,2,A,"",3552XE,Utrecht
Loevenhoutsedijk,2,B,"",3552XE,Utrecht
Loevenhoutsedijk,20,"","",3552XE,Utrecht
Loevenhoutsedijk,22,"","",3552XE,Utrecht
Loevenhoutsedijk,24,"","",3552XE,Utrecht
Loevenhoutsedijk,26,"","",3552XE,Utrecht
Loevenhoutsedijk,28,"","",3552XE,Utrecht
Loevenhoutsedijk,301,"","",3552XE,Utrecht
Loevenhoutsedijk,303,"","",3552XE,Utrecht
Loevenhoutsedijk,305,"","",3552XE,Utrecht
Loevenhoutsedijk,307,"","",3552XE,Utrecht
Loevenhoutsedijk,309,"","",3552XE,Utrecht
Loevenhoutsedijk,311,"","",3552XE,Utrecht
Loevenhoutsedijk,313,"","",3552XE,Utrecht
Loevenhoutsedijk,315,"","",3552XE,Utrecht
Loevenhoutsedijk,317,"","",3552XE,Utrecht
Loevenhoutsedijk,319,"","",3552XE,Utrecht
Loevenhoutsedijk,321,"","",3552XE,Utrecht
Loevenhoutsedijk,323,"","",3552XE,Utrecht
Loevenhoutsedijk,325,"","",3552XE,Utrecht
Loevenhoutsedijk,327,"","",3552XE,Utrecht
Loevenhoutsedijk,329,"","",3552XE,Utrecht
Loevenhoutsedijk,331,"","",3552XE,Utrecht
Loevenhoutsedijk,333,"","",3552XE,Utrecht
Loevenhoutsedijk,335,"","",3552XE,Utrecht
Loevenhoutsedijk,337,"","",3552XE,Utrecht
Loevenhoutsedijk,339,"","",3552XE,Utrecht
Loevenhoutsedijk,341,"","",3552XE,Utrecht
Loevenhoutsedijk,343,"","",3552XE,Utrecht
Loevenhoutsedijk,345,"","",3552XE,Utrecht
Loevenhoutsedijk,347,"","",3552XE,Utrecht
Loevenhoutsedijk,349,"","",3552XE,Utrecht
Loevenhoutsedijk,351,"","",3552XE,Utrecht
Loevenhoutsedijk,353,"","",3552XE,Utrecht
Loevenhoutsedijk,355,"","",3552XE,Utrecht
Loevenhoutsedijk,357,"","",3552XE,Utrecht
Loevenhoutsedijk,359,"","",3552XE,Utrecht
Loevenhoutsedijk,361,"","",3552XE,Utrecht
Loevenhoutsedijk,363,"","",3552XE,Utrecht
Loevenhoutsedijk,365,"","",3552XE,Utrecht
Loevenhoutsedijk,367,"","",3552XE,Utrecht
Loevenhoutsedijk,369,"","",3552XE,Utrecht
Loevenhoutsedijk,371,"","",3552XE,Utrecht
Loevenhoutsedijk,373,"","",3552XE,Utrecht
Loevenhoutsedijk,375,"","",3552XE,Utrecht
Loevenhoutsedijk,377,"","",3552XE,Utrecht
Loevenhoutsedijk,379,"","",3552XE,Utrecht
Loevenhoutsedijk,381,"","",3552XE,Utrecht
Loevenhoutsedijk,383,"","",3552XE,Utrecht
Loevenhoutsedijk,385,"","",3552XE,Utrecht
Loevenhoutsedijk,387,"","",3552XE,Utrecht
Loevenhoutsedijk,389,"","",3552XE,Utrecht
Loevenhoutsedijk,391,"","",3552XE,Utrecht
Loevenhoutsedijk,393,"","",3552XE,Utrecht
Loevenhoutsedijk,4,"","",3552XE,Utrecht
Loevenhoutsedijk,48,"","",3552XE,Utrecht
Loevenhoutsedijk,50,"","",3552XE,Utrecht
Loevenhoutsedijk,52,"","",3552XE,Utrecht
Loevenhoutsedijk,54,"","",3552XE,Utrecht
Loevenhoutsedijk,56,"","",3552XE,Utrecht
Loevenhoutsedijk,58,"","",3552XE,Utrecht
Loevenhoutsedijk,6,"","",3552XE,Utrecht
Loevenhoutsedijk,60,"","",3552XE,Utrecht
Loevenhoutsedijk,62,"","",3552XE,Utrecht
Loevenhoutsedijk,64,"","",3552XE,Utrecht
Loevenhoutsedijk,66,"","",3552XE,Utrecht
Loevenhoutsedijk,68,"","",3552XE,Utrecht
Loevenhoutsedijk,70,"","",3552XE,Utrecht
Loevenhoutsedijk,72,"","",3552XE,Utrecht
Loevenhoutsedijk,74,"","",3552XE,Utrecht
Loevenhoutsedijk,76,"","",3552XE,Utrecht
Loevenhoutsedijk,78,"","",3552XE,Utrecht
Loevenhoutsedijk,82,"","",3552XE,Utrecht
Loevenhoutsedijk,84,"","",3552XE,Utrecht
Loevenhoutsedijk,88,"","",3552XE,Utrecht
Loevenhoutsedijk,90,"","",3552XE,Utrecht
Loevenhoutsedijk,92,"","",3552XE,Utrecht
Theemsdreef,101,"","",3562EB,Utrecht
Theemsdreef,103,"","",3562EB,Utrecht
Theemsdreef,105,"","",3562EB,Utrecht
Theemsdreef,107,"","",3562EB,Utrecht
Theemsdreef,109,"","",3562EB,Utrecht
Theemsdreef,111,"","",3562EB,Utrecht
Theemsdreef,113,"","",3562EB,Utrecht
Theemsdreef,115,"","",3562EB,Utrecht
Theemsdreef,117,"","",3562EB,Utrecht
Theemsdreef,71,"","",3562EB,Utrecht
Theemsdreef,73,"","",3562EB,Utrecht
Theemsdreef,75,"","",3562EB,Utrecht
Theemsdreef,77,"","",3562EB,Utrecht
Theemsdreef,79,"","",3562EB,Utrecht
Theemsdreef,81,"","",3562EB,Utrecht
Theemsdreef,83,"","",3562EB,Utrecht
Theemsdreef,85,"","",3562EB,Utrecht
Theemsdreef,87,"","",3562EB,Utrecht
Theemsdreef,89,"","",3562EB,Utrecht
Theemsdreef,91,"","",3562EB,Utrecht
Theemsdreef,93,"","",3562EB,Utrecht
Theemsdreef,95,"","",3562EB,Utrecht
Theemsdreef,97,"","",3562EB,Utrecht
Theemsdreef,99,"","",3562EB,Utrecht
Theemsdreef,119,"","",3562EC,Utrecht
Theemsdreef,121,"","",3562EC,Utrecht
Theemsdreef,123,"","",3562EC,Utrecht
Theemsdreef,125,"","",3562EC,Utrecht
Theemsdreef,127,"","",3562EC,Utrecht
Theemsdreef,129,"","",3562EC,Utrecht
Theemsdreef,131,"","",3562EC,Utrecht
Theemsdreef,133,"","",3562EC,Utrecht
Theemsdreef,135,"","",3562EC,Utrecht
Theemsdreef,137,"","",3562EC,Utrecht
Theemsdreef,139,"","",3562EC,Utrecht
Theemsdreef,141,"","",3562EC,Utrecht
Theemsdreef,143,"","",3562EC,Utrecht
Theemsdreef,145,"","",3562EC,Utrecht
Theemsdreef,147,"","",3562EC,Utrecht
Theemsdreef,149,"","",3562EC,Utrecht
Theemsdreef,151,"","",3562EC,Utrecht
Theemsdreef,153,"","",3562EC,Utrecht
Theemsdreef,155,"","",3562EC,Utrecht
Theemsdreef,157,"","",3562EC,Utrecht
Theemsdreef,159,"","",3562EC,Utrecht
Theemsdreef,161,"","",3562EC,Utrecht
Theemsdreef,163,"","",3562EC,Utrecht
Theemsdreef,165,"","",3562EC,Utrecht
Theemsdreef,167,"","",3562EC,Utrecht
Theemsdreef,169,"","",3562EC,Utrecht
Theemsdreef,171,"","",3562EC,Utrecht
Theemsdreef,173,"","",3562EC,Utrecht
Theemsdreef,175,"","",3562EC,Utrecht
Theemsdreef,177,"","",3562EC,Utrecht
Theemsdreef,179,"","",3562EC,Utrecht
Theemsdreef,181,"","",3562EC,Utrecht
Theemsdreef,183,"","",3562EC,Utrecht
Theemsdreef,185,"","",3562EC,Utrecht
Theemsdreef,187,"","",3562ED,Utrecht
Theemsdreef,189,"","",3562ED,Utrecht
Theemsdreef,191,"","",3562ED,Utrecht
Theemsdreef,193,"","",3562ED,Utrecht
Theemsdreef,195,"","",3562ED,Utrecht
Theemsdreef,197,"","",3562ED,Utrecht
Theemsdreef,199,"","",3562ED,Utrecht
Theemsdreef,201,"","",3562ED,Utrecht
Theemsdreef,203,"","",3562ED,Utrecht
Theemsdreef,205,"","",3562ED,Utrecht
Theemsdreef,207,"","",3562ED,Utrecht
Theemsdreef,209,"","",3562ED,Utrecht
Theemsdreef,211,"","",3562ED,Utrecht
Theemsdreef,213,"","",3562ED,Utrecht
Theemsdreef,215,"","",3562ED,Utrecht
Theemsdreef,217,"","",3562ED,Utrecht
Theemsdreef,219,"","",3562ED,Utrecht
Theemsdreef,221,"","",3562ED,Utrecht
Theemsdreef,223,"","",3562ED,Utrecht
Theemsdreef,225,"","",3562ED,Utrecht
Theemsdreef,227,"","",3562ED,Utrecht
Theemsdreef,229,"","",3562ED,Utrecht
Theemsdreef,231,"","",3562ED,Utrecht
Theemsdreef,233,"","",3562ED,Utrecht
Theemsdreef,235,"","",3562ED,Utrecht
Theemsdreef,235,"","",3562ED,Utrecht
Theemsdreef,237,"","",3562ED,Utrecht
Theemsdreef,190,"","",3562EK,Utrecht
Theemsdreef,192,"","",3562EK,Utrecht
Theemsdreef,194,"","",3562EK,Utrecht
Theemsdreef,196,"","",3562EK,Utrecht
Theemsdreef,198,"","",3562EK,Utrecht
Theemsdreef,200,"","",3562EK,Utrecht
Theemsdreef,202,"","",3562EK,Utrecht
Theemsdreef,204,"","",3562EK,Utrecht
Theemsdreef,206,"","",3562EK,Utrecht
Theemsdreef,208,"","",3562EK,Utrecht
Theemsdreef,210,"","",3562EK,Utrecht
Theemsdreef,212,"","",3562EK,Utrecht
Theemsdreef,214,"","",3562EK,Utrecht
Theemsdreef,216,"","",3562EK,Utrecht
Theemsdreef,218,"","",3562EK,Utrecht
Theemsdreef,220,"","",3562EK,Utrecht
Theemsdreef,222,"","",3562EK,Utrecht
Theemsdreef,224,"","",3562EK,Utrecht
Theemsdreef,226,"","",3562EK,Utrecht
Theemsdreef,228,"","",3562EK,Utrecht
Theemsdreef,230,"","",3562EK,Utrecht
Theemsdreef,232,"","",3562EK,Utrecht
Theemsdreef,234,"","",3562EL,Utrecht
Theemsdreef,236,"","",3562EL,Utrecht
Theemsdreef,238,"","",3562EL,Utrecht
Theemsdreef,240,"","",3562EL,Utrecht
Theemsdreef,242,"","",3562EL,Utrecht
Theemsdreef,244,"","",3562EL,Utrecht
Theemsdreef,246,"","",3562EL,Utrecht
Theemsdreef,248,"","",3562EL,Utrecht
Theemsdreef,250,"","",3562EL,Utrecht
Theemsdreef,252,"","",3562EL,Utrecht
Theemsdreef,254,"","",3562EL,Utrecht
Theemsdreef,256,"","",3562EL,Utrecht
Theemsdreef,258,"","",3562EL,Utrecht
Theemsdreef,260,"","",3562EL,Utrecht
Theemsdreef,262,"","",3562EM,Utrecht
Theemsdreef,264,"","",3562EM,Utrecht
Theemsdreef,266,"","",3562EM,Utrecht
Theemsdreef,268,"","",3562EM,Utrecht
Theemsdreef,270,"","",3562EM,Utrecht
Theemsdreef,272,"","",3562EM,Utrecht
Theemsdreef,274,"","",3562EM,Utrecht
Theemsdreef,276,"","",3562EM,Utrecht
Theemsdreef,278,"","",3562EM,Utrecht
Theemsdreef,280,"","",3562EM,Utrecht
Theemsdreef,282,"","",3562EM,Utrecht
Theemsdreef,284,"","",3562EM,Utrecht
Theemsdreef,286,"","",3562EM,Utrecht
Theemsdreef,288,"","",3562EM,Utrecht
Theemsdreef,290,"","",3562EM,Utrecht
Theemsdreef,292,"","",3562EM,Utrecht
Theemsdreef,294,"","",3562EM,Utrecht
Theemsdreef,296,"","",3562EM,Utrecht
Theemsdreef,298,"","",3562EM,Utrecht
Theemsdreef,300,"","",3562EM,Utrecht
Theemsdreef,302,"","",3562EM,Utrecht
Theemsdreef,304,"","",3562EM,Utrecht
Theemsdreef,306,"","",3562EM,Utrecht
Theemsdreef,308,"","",3562EM,Utrecht
Theemsdreef,310,"","",3562EM,Utrecht
Theemsdreef,312,"","",3562EM,Utrecht
Theemsdreef,314,"","",3562EM,Utrecht
Theemsdreef,316,"","",3562EM,Utrecht
Theemsdreef,318,"","",3562EM,Utrecht
Theemsdreef,320,"","",3562EM,Utrecht
Theemsdreef,322,"","",3562EM,Utrecht
Theemsdreef,324,"","",3562EM,Utrecht
Theemsdreef,326,"","",3562EN,Utrecht
Theemsdreef,328,"","",3562EN,Utrecht
Theemsdreef,330,"","",3562EN,Utrecht
Theemsdreef,332,"","",3562EN,Utrecht
Theemsdreef,334,"","",3562EN,Utrecht
Theemsdreef,336,"","",3562EN,Utrecht
Theemsdreef,338,"","",3562EN,Utrecht
Theemsdreef,340,"","",3562EN,Utrecht
Theemsdreef,342,"","",3562EN,Utrecht
Theemsdreef,344,"","",3562EN,Utrecht
Theemsdreef,346,"","",3562EN,Utrecht
Theemsdreef,348,"","",3562EN,Utrecht
Theemsdreef,350,"","",3562EN,Utrecht
Theemsdreef,352,"","",3562EN,Utrecht
Theemsdreef,354,"","",3562EN,Utrecht
Theemsdreef,356,"","",3562EN,Utrecht
Theemsdreef,358,"","",3562EP,Utrecht
Theemsdreef,360,"","",3562EP,Utrecht
Theemsdreef,362,"","",3562EP,Utrecht
Theemsdreef,364,"","",3562EP,Utrecht
Theemsdreef,366,"","",3562EP,Utrecht
Theemsdreef,368,"","",3562EP,Utrecht
Theemsdreef,370,"","",3562EP,Utrecht
Theemsdreef,372,"","",3562EP,Utrecht
Theemsdreef,374,"","",3562EP,Utrecht
Theemsdreef,376,"","",3562EP,Utrecht
Theemsdreef,378,"","",3562EP,Utrecht
Theemsdreef,380,"","",3562EP,Utrecht
Theemsdreef,382,"","",3562EP,Utrecht
Theemsdreef,384,"","",3562EP,Utrecht
Theemsdreef,386,"","",3562EP,Utrecht
Theemsdreef,388,"","",3562EP,Utrecht
Theemsdreef,390,"","",3562ER,Utrecht
Theemsdreef,392,"","",3562ER,Utrecht
Theemsdreef,394,"","",3562ER,Utrecht
Theemsdreef,396,"","",3562ER,Utrecht
Theemsdreef,398,"","",3562ER,Utrecht
Theemsdreef,400,"","",3562ER,Utrecht
Theemsdreef,402,"","",3562ER,Utrecht
Theemsdreef,404,"","",3562ER,Utrecht
Theemsdreef,406,"","",3562ER,Utrecht
Theemsdreef,408,"","",3562ER,Utrecht
Theemsdreef,410,"","",3562ER,Utrecht
Theemsdreef,412,"","",3562ER,Utrecht
Theemsdreef,414,"","",3562ER,Utrecht
Theemsdreef,416,"","",3562ER,Utrecht
Theemsdreef,418,"","",3562ER,Utrecht
Theemsdreef,420,"","",3562ER,Utrecht
Theemsdreef,422,"","",3562ES,Utrecht
Theemsdreef,424,"","",3562ES,Utrecht
Theemsdreef,426,"","",3562ES,Utrecht
Theemsdreef,428,"","",3562ES,Utrecht
Theemsdreef,430,"","",3562ES,Utrecht
Theemsdreef,432,"","",3562ES,Utrecht
Theemsdreef,434,"","",3562ES,Utrecht
Theemsdreef,436,"","",3562ES,Utrecht
Theemsdreef,438,"","",3562ES,Utrecht
Theemsdreef,440,"","",3562ES,Utrecht
Theemsdreef,442,"","",3562ES,Utrecht
Theemsdreef,444,"","",3562ES,Utrecht
Theemsdreef,446,"","",3562ES,Utrecht
Theemsdreef,448,"","",3562ES,Utrecht
Theemsdreef,450,"","",3562ES,Utrecht
Theemsdreef,452,"","",3562ES,Utrecht
Humberdreef,1,"","",3562HG,Utrecht
Humberdreef,10,"","",3562HG,Utrecht
Humberdreef,11,"","",3562HG,Utrecht
Humberdreef,12,"","",3562HG,Utrecht
Humberdreef,13,"","",3562HG,Utrecht
Humberdreef,14,"","",3562HG,Utrecht
Humberdreef,15,"","",3562HG,Utrecht
Humberdreef,16,"","",3562HG,Utrecht
Humberdreef,17,"","",3562HG,Utrecht
Humberdreef,18,"","",3562HG,Utrecht
Humberdreef,19,"","",3562HG,Utrecht
Humberdreef,2,"","",3562HG,Utrecht
Humberdreef,2,"","",3562HG,Utrecht
Humberdreef,20,"","",3562HG,Utrecht
Humberdreef,22,"","",3562HG,Utrecht
Humberdreef,24,"","",3562HG,Utrecht
Humberdreef,26,"","",3562HG,Utrecht
Humberdreef,28,"","",3562HG,Utrecht
Humberdreef,3,"","",3562HG,Utrecht
Humberdreef,30,"","",3562HG,Utrecht
Humberdreef,32,"","",3562HG,Utrecht
Humberdreef,34,"","",3562HG,Utrecht
Humberdreef,36,"","",3562HG,Utrecht
Humberdreef,38,"","",3562HG,Utrecht
Humberdreef,40,"","",3562HG,Utrecht
Humberdreef,42,"","",3562HG,Utrecht
Humberdreef,44,"","",3562HG,Utrecht
Humberdreef,46,"","",3562HG,Utrecht
Humberdreef,48,"","",3562HG,Utrecht
Humberdreef,5,"","",3562HG,Utrecht
Humberdreef,50,"","",3562HG,Utrecht
Humberdreef,52,"","",3562HG,Utrecht
Humberdreef,54,"","",3562HG,Utrecht
Humberdreef,56,"","",3562HG,Utrecht
Humberdreef,58,"","",3562HG,Utrecht
Humberdreef,60,"","",3562HG,Utrecht
Humberdreef,62,"","",3562HG,Utrecht
Humberdreef,64,"","",3562HG,Utrecht
Humberdreef,66,"","",3562HG,Utrecht
Humberdreef,68,"","",3562HG,Utrecht
Humberdreef,7,"","",3562HG,Utrecht
Humberdreef,70,"","",3562HG,Utrecht
Humberdreef,72,"","",3562HG,Utrecht
Humberdreef,9,"","",3562HG,Utrecht
Naxosdreef,1,"","",3562JA,Utrecht
Naxosdreef,11,"","",3562JA,Utrecht
Naxosdreef,13,"","",3562JA,Utrecht
Naxosdreef,15,"","",3562JA,Utrecht
Naxosdreef,17,"","",3562JA,Utrecht
Naxosdreef,19,"","",3562JA,Utrecht
Naxosdreef,21,"","",3562JA,Utrecht
Naxosdreef,23,"","",3562JA,Utrecht
Naxosdreef,25,"","",3562JA,Utrecht
Naxosdreef,27,"","",3562JA,Utrecht
Naxosdreef,29,"","",3562JA,Utrecht
Naxosdreef,3,"","",3562JA,Utrecht
Naxosdreef,31,"","",3562JA,Utrecht
Naxosdreef,5,"","",3562JA,Utrecht
Naxosdreef,7,"","",3562JA,Utrecht
Naxosdreef,9,"","",3562JA,Utrecht
Naxosdreef,33,"","",3562JB,Utrecht
Naxosdreef,35,"","",3562JB,Utrecht
Naxosdreef,37,"","",3562JB,Utrecht
Naxosdreef,39,"","",3562JB,Utrecht
Naxosdreef,41,"","",3562JB,Utrecht
Naxosdreef,43,"","",3562JB,Utrecht
Naxosdreef,45,"","",3562JB,Utrecht
Naxosdreef,47,"","",3562JB,Utrecht
Naxosdreef,49,"","",3562JB,Utrecht
Naxosdreef,51,"","",3562JB,Utrecht
Naxosdreef,53,"","",3562JB,Utrecht
Naxosdreef,55,"","",3562JB,Utrecht
Naxosdreef,57,"","",3562JB,Utrecht
Naxosdreef,59,"","",3562JB,Utrecht
Naxosdreef,61,"","",3562JB,Utrecht
Naxosdreef,63,"","",3562JB,Utrecht
Naxosdreef,65,"","",3562JC,Utrecht
Naxosdreef,67,"","",3562JC,Utrecht
Naxosdreef,69,"","",3562JC,Utrecht
Naxosdreef,71,"","",3562JC,Utrecht
Naxosdreef,73,"","",3562JC,Utrecht
Naxosdreef,75,"","",3562JC,Utrecht
Naxosdreef,77,"","",3562JC,Utrecht
Naxosdreef,79,"","",3562JC,Utrecht
Naxosdreef,81,"","",3562JC,Utrecht
Naxosdreef,83,"","",3562JC,Utrecht
Naxosdreef,85,"","",3562JC,Utrecht
Naxosdreef,87,"","",3562JC,Utrecht
Naxosdreef,89,"","",3562JC,Utrecht
Naxosdreef,91,"","",3562JC,Utrecht
Naxosdreef,93,"","",3562JC,Utrecht
Naxosdreef,95,"","",3562JC,Utrecht
Naxosdreef,101,"","",3562JD,Utrecht
Naxosdreef,103,"","",3562JD,Utrecht
Naxosdreef,105,"","",3562JD,Utrecht
Naxosdreef,107,"","",3562JD,Utrecht
Naxosdreef,109,"","",3562JD,Utrecht
Naxosdreef,111,"","",3562JD,Utrecht
Naxosdreef,113,"","",3562JD,Utrecht
Naxosdreef,115,"","",3562JD,Utrecht
Naxosdreef,117,"","",3562JD,Utrecht
Naxosdreef,119,"","",3562JD,Utrecht
Naxosdreef,121,"","",3562JD,Utrecht
Naxosdreef,123,"","",3562JD,Utrecht
Naxosdreef,125,"","",3562JD,Utrecht
Naxosdreef,127,"","",3562JD,Utrecht
Naxosdreef,97,"","",3562JD,Utrecht
Naxosdreef,99,"","",3562JD,Utrecht
Naxosdreef,129,"","",3562JE,Utrecht
Naxosdreef,131,"","",3562JE,Utrecht
Naxosdreef,133,"","",3562JE,Utrecht
Naxosdreef,135,"","",3562JE,Utrecht
Naxosdreef,137,"","",3562JE,Utrecht
Naxosdreef,139,"","",3562JE,Utrecht
Naxosdreef,141,"","",3562JE,Utrecht
Naxosdreef,143,"","",3562JE,Utrecht
Naxosdreef,145,"","",3562JE,Utrecht
Naxosdreef,147,"","",3562JE,Utrecht
Naxosdreef,149,"","",3562JE,Utrecht
Naxosdreef,151,"","",3562JE,Utrecht
Naxosdreef,153,"","",3562JE,Utrecht
Naxosdreef,155,"","",3562JE,Utrecht
Naxosdreef,157,"","",3562JE,Utrecht
Naxosdreef,159,"","",3562JE,Utrecht
Naxosdreef,161,"","",3562JG,Utrecht
Naxosdreef,163,"","",3562JG,Utrecht
Naxosdreef,165,"","",3562JG,Utrecht
Naxosdreef,167,"","",3562JG,Utrecht
Naxosdreef,169,"","",3562JG,Utrecht
Naxosdreef,171,"","",3562JG,Utrecht
Naxosdreef,173,"","",3562JG,Utrecht
Naxosdreef,175,"","",3562JG,Utrecht
Naxosdreef,177,"","",3562JG,Utrecht
Naxosdreef,179,"","",3562JG,Utrecht
Naxosdreef,181,"","",3562JG,Utrecht
Naxosdreef,183,"","",3562JG,Utrecht
Naxosdreef,185,"","",3562JG,Utrecht
Naxosdreef,187,"","",3562JG,Utrecht
Naxosdreef,189,"","",3562JG,Utrecht
Naxosdreef,191,"","",3562JG,Utrecht
Naxosdreef,10,"","",3562JH,Utrecht
Naxosdreef,12,"","",3562JH,Utrecht
Naxosdreef,14,"","",3562JH,Utrecht
Naxosdreef,16,"","",3562JH,Utrecht
Naxosdreef,18,"","",3562JH,Utrecht
Naxosdreef,2,"","",3562JH,Utrecht
Naxosdreef,20,"","",3562JH,Utrecht
Naxosdreef,22,"","",3562JH,Utrecht
Naxosdreef,24,"","",3562JH,Utrecht
Naxosdreef,26,"","",3562JH,Utrecht
Naxosdreef,28,"","",3562JH,Utrecht
Naxosdreef,30,"","",3562JH,Utrecht
Naxosdreef,32,"","",3562JH,Utrecht
Naxosdreef,34,"","",3562JH,Utrecht
Naxosdreef,36,"","",3562JH,Utrecht
Naxosdreef,38,"","",3562JH,Utrecht
Naxosdreef,4,"","",3562JH,Utrecht
Naxosdreef,40,"","",3562JH,Utrecht
Naxosdreef,42,"","",3562JH,Utrecht
Naxosdreef,44,"","",3562JH,Utrecht
Naxosdreef,46,"","",3562JH,Utrecht
Naxosdreef,48,"","",3562JH,Utrecht
Naxosdreef,6,"","",3562JH,Utrecht
Naxosdreef,8,"","",3562JH,Utrecht
Naxosdreef,50,"","",3562JJ,Utrecht
Naxosdreef,52,"","",3562JJ,Utrecht
Naxosdreef,54,"","",3562JJ,Utrecht
Naxosdreef,56,"","",3562JJ,Utrecht
Naxosdreef,58,"","",3562JJ,Utrecht
Naxosdreef,60,"","",3562JJ,Utrecht
Naxosdreef,62,"","",3562JJ,Utrecht
Naxosdreef,64,"","",3562JJ,Utrecht
Naxosdreef,66,"","",3562JJ,Utrecht
Naxosdreef,68,"","",3562JJ,Utrecht
Naxosdreef,70,"","",3562JJ,Utrecht
Naxosdreef,72,"","",3562JJ,Utrecht
Naxosdreef,74,"","",3562JJ,Utrecht
Naxosdreef,76,"","",3562JJ,Utrecht
Naxosdreef,78,"","",3562JJ,Utrecht
Naxosdreef,80,"","",3562JJ,Utrecht
Naxosdreef,82,"","",3562JJ,Utrecht
Naxosdreef,84,"","",3562JJ,Utrecht
Naxosdreef,86,"","",3562JJ,Utrecht
Naxosdreef,88,"","",3562JJ,Utrecht
Naxosdreef,90,"","",3562JJ,Utrecht
Naxosdreef,92,"","",3562JJ,Utrecht
Naxosdreef,94,"","",3562JJ,Utrecht
Naxosdreef,96,"","",3562JJ,Utrecht
Lemnosdreef,1,"","",3562JK,Utrecht
Lemnosdreef,10,"","",3562JK,Utrecht
Lemnosdreef,2,"","",3562JK,Utrecht
Lemnosdreef,3,"","",3562JK,Utrecht
Lemnosdreef,4,"","",3562JK,Utrecht
Lemnosdreef,5,"","",3562JK,Utrecht
Lemnosdreef,6,"","",3562JK,Utrecht
Lemnosdreef,7,"","",3562JK,Utrecht
Lemnosdreef,8,"","",3562JK,Utrecht
Lemnosdreef,9,"","",3562JK,Utrecht
Patmosdreef,10,"","",3562JL,Utrecht
Patmosdreef,12,"","",3562JL,Utrecht
Patmosdreef,14,"","",3562JL,Utrecht
Patmosdreef,16,"","",3562JL,Utrecht
Patmosdreef,18,"","",3562JL,Utrecht
Patmosdreef,2,"","",3562JL,Utrecht
Patmosdreef,20,"","",3562JL,Utrecht
Patmosdreef,22,"","",3562JL,Utrecht
Patmosdreef,24,"","",3562JL,Utrecht
Patmosdreef,26,"","",3562JL,Utrecht
Patmosdreef,28,"","",3562JL,Utrecht
Patmosdreef,30,"","",3562JL,Utrecht
Patmosdreef,32,"","",3562JL,Utrecht
Patmosdreef,4,"","",3562JL,Utrecht
Patmosdreef,6,"","",3562JL,Utrecht
Patmosdreef,8,"","",3562JL,Utrecht
Patmosdreef,34,"","",3562JM,Utrecht
Patmosdreef,36,"","",3562JM,Utrecht
Patmosdreef,38,"","",3562JM,Utrecht
Patmosdreef,40,"","",3562JM,Utrecht
Patmosdreef,42,"","",3562JM,Utrecht
Patmosdreef,44,"","",3562JM,Utrecht
Patmosdreef,46,"","",3562JM,Utrecht
Patmosdreef,48,"","",3562JM,Utrecht
Patmosdreef,50,"","",3562JM,Utrecht
Patmosdreef,52,"","",3562JM,Utrecht
Patmosdreef,54,"","",3562JM,Utrecht
Patmosdreef,56,"","",3562JM,Utrecht
Patmosdreef,58,"","",3562JM,Utrecht
Patmosdreef,60,"","",3562JM,Utrecht
Patmosdreef,62,"","",3562JM,Utrecht
Patmosdreef,64,"","",3562JM,Utrecht
Patmosdreef,66,"","",3562JN,Utrecht
Patmosdreef,68,"","",3562JN,Utrecht
Patmosdreef,70,"","",3562JN,Utrecht
Patmosdreef,72,"","",3562JN,Utrecht
Patmosdreef,74,"","",3562JN,Utrecht
Patmosdreef,76,"","",3562JN,Utrecht
Patmosdreef,78,"","",3562JN,Utrecht
Patmosdreef,80,"","",3562JN,Utrecht
Patmosdreef,82,"","",3562JN,Utrecht
Patmosdreef,84,"","",3562JN,Utrecht
Patmosdreef,86,"","",3562JN,Utrecht
Patmosdreef,88,"","",3562JN,Utrecht
Patmosdreef,90,"","",3562JN,Utrecht
Patmosdreef,92,"","",3562JN,Utrecht
Patmosdreef,94,"","",3562JN,Utrecht
Patmosdreef,96,"","",3562JN,Utrecht
Patmosdreef,100,"","",3562JP,Utrecht
Patmosdreef,102,"","",3562JP,Utrecht
Patmosdreef,104,"","",3562JP,Utrecht
Patmosdreef,106,"","",3562JP,Utrecht
Patmosdreef,108,"","",3562JP,Utrecht
Patmosdreef,110,"","",3562JP,Utrecht
Patmosdreef,112,"","",3562JP,Utrecht
Patmosdreef,114,"","",3562JP,Utrecht
Patmosdreef,116,"","",3562JP,Utrecht
Patmosdreef,118,"","",3562JP,Utrecht
Patmosdreef,120,"","",3562JP,Utrecht
Patmosdreef,122,"","",3562JP,Utrecht
Patmosdreef,124,"","",3562JP,Utrecht
Patmosdreef,126,"","",3562JP,Utrecht
Patmosdreef,128,"","",3562JP,Utrecht
Patmosdreef,98,"","",3562JP,Utrecht
Patmosdreef,130,"","",3562JR,Utrecht
Patmosdreef,132,"","",3562JR,Utrecht
Patmosdreef,134,"","",3562JR,Utrecht
Patmosdreef,136,"","",3562JR,Utrecht
Patmosdreef,138,"","",3562JR,Utrecht
Patmosdreef,140,"","",3562JR,Utrecht
Patmosdreef,142,"","",3562JR,Utrecht
Patmosdreef,144,"","",3562JR,Utrecht
Patmosdreef,146,"","",3562JR,Utrecht
Patmosdreef,148,"","",3562JR,Utrecht
Patmosdreef,150,"","",3562JR,Utrecht
Patmosdreef,152,"","",3562JR,Utrecht
Patmosdreef,154,"","",3562JR,Utrecht
Patmosdreef,156,"","",3562JR,Utrecht
Patmosdreef,158,"","",3562JR,Utrecht
Patmosdreef,160,"","",3562JR,Utrecht
Patmosdreef,162,"","",3562JS,Utrecht
Patmosdreef,164,"","",3562JS,Utrecht
Patmosdreef,166,"","",3562JS,Utrecht
Patmosdreef,168,"","",3562JS,Utrecht
Patmosdreef,170,"","",3562JS,Utrecht
Patmosdreef,172,"","",3562JS,Utrecht
Patmosdreef,174,"","",3562JS,Utrecht
Patmosdreef,176,"","",3562JS,Utrecht
Patmosdreef,178,"","",3562JS,Utrecht
Patmosdreef,180,"","",3562JS,Utrecht
Patmosdreef,182,"","",3562JS,Utrecht
Patmosdreef,184,"","",3562JS,Utrecht
Patmosdreef,186,"","",3562JS,Utrecht
Patmosdreef,188,"","",3562JS,Utrecht
Patmosdreef,190,"","",3562JS,Utrecht
Patmosdreef,192,"","",3562JS,Utrecht
Zamenhofdreef,1,"","",3562JT,Utrecht
Zamenhofdreef,17,"","",3562JT,Utrecht
Zamenhofdreef,19,"","",3562JT,Utrecht
Zamenhofdreef,19,"","",3562JT,Utrecht
Zamenhofdreef,19,A,"",3562JT,Utrecht
Zamenhofdreef,19,B,"",3562JT,Utrecht
Zamenhofdreef,21,"","",3562JT,Utrecht
Zamenhofdreef,23,"","",3562JT,Utrecht
Zamenhofdreef,23,"","",3562JT,Utrecht
Zamenhofdreef,25,"","",3562JT,Utrecht
Zamenhofdreef,27,"","",3562JT,Utrecht
Zamenhofdreef,27,A,"",3562JT,Utrecht
Zamenhofdreef,29,"","",3562JT,Utrecht
Zamenhofdreef,31,"","",3562JT,Utrecht
Zamenhofdreef,33,"","",3562JT,Utrecht
Zamenhofdreef,37,"","",3562JT,Utrecht
Zamenhofdreef,39,"","",3562JT,Utrecht
Zamenhofdreef,41,"","",3562JT,Utrecht
Zamenhofdreef,43,"","",3562JT,Utrecht
Zamenhofdreef,5,"","",3562JT,Utrecht
Zamenhofdreef,7,"","",3562JT,Utrecht
Zamenhofdreef,9,"","",3562JT,Utrecht
Zamenhofdreef,101,"","",3562JV,Utrecht
Zamenhofdreef,103,"","",3562JV,Utrecht
Zamenhofdreef,103,"","",3562JV,Utrecht
Zamenhofdreef,103,"","",3562JV,Utrecht
Zamenhofdreef,115,"","",3562JV,Utrecht
Zamenhofdreef,117,"","",3562JV,Utrecht
Zamenhofdreef,121,"","",3562JV,Utrecht
Zamenhofdreef,121,"","",3562JV,Utrecht
Zamenhofdreef,351,"","",3562JV,Utrecht
Zamenhofdreef,45,"","",3562JV,Utrecht
Zamenhofdreef,49,"","",3562JV,Utrecht
Zamenhofdreef,65,"","",3562JV,Utrecht
Zamenhofdreef,67,"","",3562JV,Utrecht
Zamenhofdreef,69,"","",3562JV,Utrecht
Zamenhofdreef,73,"","",3562JV,Utrecht
Zamenhofdreef,75,"","",3562JV,Utrecht
Zamenhofdreef,77,"","",3562JV,Utrecht
Zamenhofdreef,77,A,"",3562JV,Utrecht
Zamenhofdreef,77,B,"",3562JV,Utrecht
Zamenhofdreef,77,C,"",3562JV,Utrecht
Zamenhofdreef,77,D,"",3562JV,Utrecht
Zamenhofdreef,77,E,"",3562JV,Utrecht
Zamenhofdreef,77,G,"",3562JV,Utrecht
Zamenhofdreef,77,H,"",3562JV,Utrecht
Zamenhofdreef,77,J,"",3562JV,Utrecht
Zamenhofdreef,77,K,"",3562JV,Utrecht
Zamenhofdreef,77,L,"",3562JV,Utrecht
Zamenhofdreef,77,M,"",3562JV,Utrecht
Zamenhofdreef,77,N,"",3562JV,Utrecht
Zamenhofdreef,77,P,"",3562JV,Utrecht
Zamenhofdreef,77,R,"",3562JV,Utrecht
Zamenhofdreef,77,S,"",3562JV,Utrecht
Zamenhofdreef,77,T,"",3562JV,Utrecht
Zamenhofdreef,77,V,"",3562JV,Utrecht
Zamenhofdreef,89,"","",3562JV,Utrecht
Zamenhofdreef,91,"","",3562JV,Utrecht
Zamenhofdreef,93,"","",3562JV,Utrecht
Zamenhofdreef,95,"","",3562JV,Utrecht
Zamenhofdreef,97,"","",3562JV,Utrecht
Zamenhofdreef,99,"","",3562JV,Utrecht
Zamenhofdreef,10,"","",3562JW,Utrecht
Zamenhofdreef,10,A,"",3562JW,Utrecht
Zamenhofdreef,10,B,"",3562JW,Utrecht
Zamenhofdreef,12,"","",3562JW,Utrecht
Zamenhofdreef,14,"","",3562JW,Utrecht
Zamenhofdreef,16,"","",3562JW,Utrecht
Zamenhofdreef,16,"","",3562JW,Utrecht
Zamenhofdreef,16,"","",3562JW,Utrecht
Zamenhofdreef,18,"","",3562JW,Utrecht
Zamenhofdreef,2,"","",3562JW,Utrecht
Zamenhofdreef,20,"","",3562JW,Utrecht
Zamenhofdreef,4,"","",3562JW,Utrecht
Zamenhofdreef,6,"","",3562JW,Utrecht
Zamenhofdreef,8,"","",3562JW,Utrecht
Zamenhofdreef,22,"","",3562JX,Utrecht
Zamenhofdreef,24,"","",3562JX,Utrecht
Zamenhofdreef,26,"","",3562JX,Utrecht
Zamenhofdreef,28,"","",3562JX,Utrecht
Zamenhofdreef,30,"","",3562JX,Utrecht
Zamenhofdreef,32,"","",3562JX,Utrecht
Zamenhofdreef,34,"","",3562JX,Utrecht
Zamenhofdreef,36,"","",3562JX,Utrecht
Zamenhofdreef,38,"","",3562JX,Utrecht
Zamenhofdreef,40,"","",3562JX,Utrecht
Zamenhofdreef,42,"","",3562JZ,Utrecht
Zamenhofdreef,44,"","",3562JZ,Utrecht
Zamenhofdreef,46,"","",3562JZ,Utrecht
Zamenhofdreef,48,"","",3562JZ,Utrecht
Zamenhofdreef,50,"","",3562JZ,Utrecht
Zamenhofdreef,52,"","",3562JZ,Utrecht
Zamenhofdreef,54,"","",3562JZ,Utrecht
Zamenhofdreef,56,"","",3562JZ,Utrecht
Zamenhofdreef,58,"","",3562JZ,Utrecht
Zamenhofdreef,60,"","",3562JZ,Utrecht
Roelantdreef,1,"","",3562KA,Utrecht
Roelantdreef,1,"","",3562KA,Utrecht
Roelantdreef,10,"","",3562KA,Utrecht
Roelantdreef,10,"","",3562KA,Utrecht
Roelantdreef,11,"","",3562KA,Utrecht
Roelantdreef,12,"","",3562KA,Utrecht
Roelantdreef,13,"","",3562KA,Utrecht
Roelantdreef,14,"","",3562KA,Utrecht
Roelantdreef,15,"","",3562KA,Utrecht
Roelantdreef,16,"","",3562KA,Utrecht
Roelantdreef,17,"","",3562KA,Utrecht
Roelantdreef,18,"","",3562KA,Utrecht
Roelantdreef,19,"","",3562KA,Utrecht
Roelantdreef,2,"","",3562KA,Utrecht
Roelantdreef,3,"","",3562KA,Utrecht
Roelantdreef,4,"","",3562KA,Utrecht
Roelantdreef,5,"","",3562KA,Utrecht
Roelantdreef,6,"","",3562KA,Utrecht
Roelantdreef,7,"","",3562KA,Utrecht
Roelantdreef,8,"","",3562KA,Utrecht
Roelantdreef,9,"","",3562KA,Utrecht
Roelantdreef,20,"","",3562KB,Utrecht
Roelantdreef,21,"","",3562KB,Utrecht
Roelantdreef,22,"","",3562KB,Utrecht
Roelantdreef,24,"","",3562KB,Utrecht
Roelantdreef,25,"","",3562KB,Utrecht
Roelantdreef,26,"","",3562KB,Utrecht
Roelantdreef,26,"","",3562KB,Utrecht
Roelantdreef,27,"","",3562KB,Utrecht
Roelantdreef,28,"","",3562KB,Utrecht
Roelantdreef,29,"","",3562KB,Utrecht
Roelantdreef,31,"","",3562KB,Utrecht
Roelantdreef,33,"","",3562KB,Utrecht
Roelantdreef,34,"","",3562KB,Utrecht
Roelantdreef,35,"","",3562KB,Utrecht
Roelantdreef,36,"","",3562KB,Utrecht
Roelantdreef,37,"","",3562KB,Utrecht
Roelantdreef,39,"","",3562KB,Utrecht
Roelantdreef,40,"","",3562KC,Utrecht
Roelantdreef,41,"","",3562KC,Utrecht
Roelantdreef,41,"","",3562KC,Utrecht
Roelantdreef,42,"","",3562KC,Utrecht
Roelantdreef,115,"","",3562KG,Utrecht
Roelantdreef,115,"","",3562KG,Utrecht
Roelantdreef,116,"","",3562KG,Utrecht
Roelantdreef,117,"","",3562KG,Utrecht
Roelantdreef,117,"","",3562KG,Utrecht
Roelantdreef,118,"","",3562KG,Utrecht
Roelantdreef,119,"","",3562KG,Utrecht
Roelantdreef,120,"","",3562KG,Utrecht
Roelantdreef,121,"","",3562KG,Utrecht
Roelantdreef,121,"","",3562KG,Utrecht
Roelantdreef,122,"","",3562KG,Utrecht
Roelantdreef,123,"","",3562KG,Utrecht
Roelantdreef,123,"","",3562KG,Utrecht
Roelantdreef,124,"","",3562KG,Utrecht
Roelantdreef,125,"","",3562KG,Utrecht
Roelantdreef,125,"","",3562KG,Utrecht
Roelantdreef,126,"","",3562KG,Utrecht
Roelantdreef,127,"","",3562KG,Utrecht
Roelantdreef,127,"","",3562KG,Utrecht
Roelantdreef,128,"","",3562KG,Utrecht
Roelantdreef,129,"","",3562KG,Utrecht
Roelantdreef,130,"","",3562KG,Utrecht
Roelantdreef,131,"","",3562KG,Utrecht
Roelantdreef,131,"","",3562KG,Utrecht
Roelantdreef,132,"","",3562KG,Utrecht
Roelantdreef,133,"","",3562KG,Utrecht
Roelantdreef,133,"","",3562KG,Utrecht
Roelantdreef,134,"","",3562KG,Utrecht
Roelantdreef,135,"","",3562KG,Utrecht
Roelantdreef,136,"","",3562KG,Utrecht
Roelantdreef,137,"","",3562KG,Utrecht
Roelantdreef,138,"","",3562KG,Utrecht
Roelantdreef,139,"","",3562KG,Utrecht
Roelantdreef,140,"","",3562KG,Utrecht
Roelantdreef,140,"","",3562KG,Utrecht
Roelantdreef,141,"","",3562KG,Utrecht
Roelantdreef,142,"","",3562KG,Utrecht
Roelantdreef,142,"","",3562KG,Utrecht
Roelantdreef,143,"","",3562KG,Utrecht
Roelantdreef,144,"","",3562KG,Utrecht
Roelantdreef,145,"","",3562KG,Utrecht
Roelantdreef,146,"","",3562KG,Utrecht
Roelantdreef,146,"","",3562KG,Utrecht
Roelantdreef,147,"","",3562KG,Utrecht
Roelantdreef,148,"","",3562KG,Utrecht
Roelantdreef,148,"","",3562KG,Utrecht
Roelantdreef,149,"","",3562KG,Utrecht
Roelantdreef,150,"","",3562KG,Utrecht
Roelantdreef,151,"","",3562KG,Utrecht
Roelantdreef,152,"","",3562KG,Utrecht
Roelantdreef,153,"","",3562KG,Utrecht
Roelantdreef,154,"","",3562KG,Utrecht
Roelantdreef,154,"","",3562KG,Utrecht
Roelantdreef,155,"","",3562KG,Utrecht
Roelantdreef,156,"","",3562KG,Utrecht
Roelantdreef,156,"","",3562KG,Utrecht
Roelantdreef,157,"","",3562KG,Utrecht
Roelantdreef,158,"","",3562KG,Utrecht
Roelantdreef,159,"","",3562KG,Utrecht
Roelantdreef,160,"","",3562KG,Utrecht
Roelantdreef,160,"","",3562KG,Utrecht
Roelantdreef,161,"","",3562KG,Utrecht
Roelantdreef,162,"","",3562KG,Utrecht
Roelantdreef,162,"","",3562KG,Utrecht
Roelantdreef,163,"","",3562KG,Utrecht
Roelantdreef,164,"","",3562KG,Utrecht
Roelantdreef,165,"","",3562KG,Utrecht
Roelantdreef,166,"","",3562KG,Utrecht
Roelantdreef,167,"","",3562KG,Utrecht
Roelantdreef,168,"","",3562KG,Utrecht
Roelantdreef,169,"","",3562KG,Utrecht
Roelantdreef,169,"","",3562KG,Utrecht
Roelantdreef,170,"","",3562KG,Utrecht
Roelantdreef,171,"","",3562KG,Utrecht
Roelantdreef,171,"","",3562KG,Utrecht
Roelantdreef,172,"","",3562KG,Utrecht
Roelantdreef,173,"","",3562KG,Utrecht
Roelantdreef,174,"","",3562KG,Utrecht
Roelantdreef,175,"","",3562KG,Utrecht
Roelantdreef,175,"","",3562KG,Utrecht
Roelantdreef,176,"","",3562KG,Utrecht
Roelantdreef,177,"","",3562KG,Utrecht
Roelantdreef,177,"","",3562KG,Utrecht
Roelantdreef,178,"","",3562KG,Utrecht
Roelantdreef,179,"","",3562KG,Utrecht
Roelantdreef,180,"","",3562KG,Utrecht
Roelantdreef,181,"","",3562KG,Utrecht
Roelantdreef,182,"","",3562KG,Utrecht
Roelantdreef,183,"","",3562KG,Utrecht
Roelantdreef,184,"","",3562KG,Utrecht
Roelantdreef,185,"","",3562KG,Utrecht
Roelantdreef,186,"","",3562KG,Utrecht
Roelantdreef,187,"","",3562KG,Utrecht
Roelantdreef,188,"","",3562KG,Utrecht
Roelantdreef,189,"","",3562KG,Utrecht
Roelantdreef,190,"","",3562KG,Utrecht
Roelantdreef,191,"","",3562KG,Utrecht
Roelantdreef,192,"","",3562KG,Utrecht
Roelantdreef,193,"","",3562KG,Utrecht
Roelantdreef,194,"","",3562KG,Utrecht
Roelantdreef,195,"","",3562KG,Utrecht
Roelantdreef,196,"","",3562KG,Utrecht
Roelantdreef,197,"","",3562KG,Utrecht
Roelantdreef,198,"","",3562KG,Utrecht
Roelantdreef,199,"","",3562KG,Utrecht
Roelantdreef,200,"","",3562KG,Utrecht
Roelantdreef,201,"","",3562KG,Utrecht
Roelantdreef,202,"","",3562KG,Utrecht
Roelantdreef,203,"","",3562KG,Utrecht
Roelantdreef,232,"","",3562KH,Utrecht
Roelantdreef,235,"","",3562KH,Utrecht
Roelantdreef,235,A,"",3562KH,Utrecht
Roelantdreef,236,"","",3562KH,Utrecht
Roelantdreef,237,"","",3562KH,Utrecht
Roelantdreef,238,"","",3562KH,Utrecht
Roelantdreef,239,"","",3562KH,Utrecht
Roelantdreef,240,"","",3562KH,Utrecht
Roelantdreef,241,"","",3562KH,Utrecht
Roelantdreef,242,"","",3562KH,Utrecht
Roelantdreef,243,"","",3562KH,Utrecht
Roelantdreef,244,"","",3562KH,Utrecht
Roelantdreef,245,"","",3562KH,Utrecht
Roelantdreef,245,"","",3562KH,Utrecht
Roelantdreef,245,A,"",3562KH,Utrecht
Roelantdreef,246,"","",3562KH,Utrecht
Roelantdreef,247,"","",3562KH,Utrecht
Roelantdreef,248,"","",3562KH,Utrecht
Roelantdreef,249,"","",3562KJ,Utrecht
Roelantdreef,251,"","",3562KJ,Utrecht
Roelantdreef,253,"","",3562KJ,Utrecht
Roelantdreef,254,"","",3562KJ,Utrecht
Roelantdreef,255,"","",3562KJ,Utrecht
Roelantdreef,256,"","",3562KJ,Utrecht
Roelantdreef,257,"","",3562KJ,Utrecht
Roelantdreef,258,"","",3562KJ,Utrecht
Roelantdreef,259,"","",3562KK,Utrecht
Roelantdreef,260,"","",3562KK,Utrecht
Roelantdreef,261,"","",3562KK,Utrecht
Roelantdreef,262,"","",3562KK,Utrecht
Roelantdreef,263,"","",3562KK,Utrecht
Roelantdreef,264,"","",3562KK,Utrecht
Roelantdreef,265,"","",3562KK,Utrecht
Seinedreef,1,"","",3562KM,Utrecht
Seinedreef,141,"","",3562KM,Utrecht
Seinedreef,141,"","",3562KM,Utrecht
Seinedreef,25,"","",3562KM,Utrecht
Seinedreef,3,"","",3562KM,Utrecht
Seinedreef,2,"","",3562KN,Utrecht
Seinedreef,4,"","",3562KN,Utrecht
Seinedreef,6,"","",3562KN,Utrecht
Seinedreef,8,"","",3562KN,Utrecht
Seinedreef,40,"","",3562KR,Utrecht
Seinedreef,44,"","",3562KR,Utrecht
Seinedreef,44,A,"",3562KR,Utrecht
Seinedreef,52,"","",3562KR,Utrecht
Seinedreef,54,"","",3562KR,Utrecht
Seinedreef,56,"","",3562KS,Utrecht
Seinedreef,58,"","",3562KS,Utrecht
Seinedreef,60,"","",3562KS,Utrecht
Seinedreef,62,"","",3562KS,Utrecht
Seinedreef,64,"","",3562KS,Utrecht
Seinedreef,66,"","",3562KS,Utrecht
Seinedreef,68,"","",3562KS,Utrecht
Seinedreef,70,"","",3562KS,Utrecht
Seinedreef,72,"","",3562KS,Utrecht
Seinedreef,74,"","",3562KS,Utrecht
Seinedreef,76,"","",3562KS,Utrecht
Seinedreef,78,"","",3562KS,Utrecht
Seinedreef,80,"","",3562KS,Utrecht
Seinedreef,82,"","",3562KS,Utrecht
Seinedreef,84,"","",3562KS,Utrecht
Seinedreef,86,"","",3562KS,Utrecht
Seinedreef,88,"","",3562KS,Utrecht
Seinedreef,90,"","",3562KS,Utrecht
Seinedreef,92,"","",3562KS,Utrecht
Seinedreef,94,"","",3562KS,Utrecht
Seinedreef,96,"","",3562KS,Utrecht
Seinedreef,100,"","",3562KT,Utrecht
Seinedreef,102,"","",3562KT,Utrecht
Seinedreef,104,"","",3562KT,Utrecht
Seinedreef,106,"","",3562KT,Utrecht
Seinedreef,110,"","",3562KT,Utrecht
Seinedreef,116,"","",3562KT,Utrecht
Seinedreef,118,"","",3562KT,Utrecht
Seinedreef,120,"","",3562KT,Utrecht
Seinedreef,98,"","",3562KT,Utrecht
Seinedreef,122,"","",3562KV,Utrecht
Gloriantdreef,1,"","",3562KW,Utrecht
Gloriantdreef,101,"","",3562KW,Utrecht
Gloriantdreef,103,"","",3562KW,Utrecht
Gloriantdreef,105,"","",3562KW,Utrecht
Gloriantdreef,107,"","",3562KW,Utrecht
Gloriantdreef,109,"","",3562KW,Utrecht
Gloriantdreef,111,"","",3562KW,Utrecht
Gloriantdreef,113,"","",3562KW,Utrecht
Gloriantdreef,115,"","",3562KW,Utrecht
Gloriantdreef,117,"","",3562KW,Utrecht
Gloriantdreef,201,"","",3562KW,Utrecht
Gloriantdreef,201,"","",3562KW,Utrecht
Gloriantdreef,201,"","",3562KW,Utrecht
Gloriantdreef,203,"","",3562KW,Utrecht
Gloriantdreef,205,"","",3562KW,Utrecht
Gloriantdreef,207,"","",3562KW,Utrecht
Gloriantdreef,209,"","",3562KW,Utrecht
Gloriantdreef,211,"","",3562KW,Utrecht
Gloriantdreef,213,"","",3562KW,Utrecht
Gloriantdreef,213,"","",3562KW,Utrecht
Gloriantdreef,213,"","",3562KW,Utrecht
Gloriantdreef,215,"","",3562KW,Utrecht
Gloriantdreef,217,"","",3562KW,Utrecht
Gloriantdreef,217,"","",3562KW,Utrecht
Gloriantdreef,217,"","",3562KW,Utrecht
Gloriantdreef,219,"","",3562KW,Utrecht
Gloriantdreef,221,"","",3562KW,Utrecht
Gloriantdreef,221,"","",3562KW,Utrecht
Gloriantdreef,221,"","",3562KW,Utrecht
Gloriantdreef,223,"","",3562KW,Utrecht
Gloriantdreef,225,"","",3562KW,Utrecht
Gloriantdreef,225,"","",3562KW,Utrecht
Gloriantdreef,225,"","",3562KW,Utrecht
Gloriantdreef,227,"","",3562KW,Utrecht
Gloriantdreef,229,"","",3562KW,Utrecht
Gloriantdreef,231,"","",3562KW,Utrecht
Gloriantdreef,233,"","",3562KW,Utrecht
Gloriantdreef,233,"","",3562KW,Utrecht
Gloriantdreef,233,"","",3562KW,Utrecht
Gloriantdreef,235,"","",3562KW,Utrecht
Gloriantdreef,237,"","",3562KW,Utrecht
Gloriantdreef,237,"","",3562KW,Utrecht
Gloriantdreef,237,"","",3562KW,Utrecht
Gloriantdreef,239,"","",3562KW,Utrecht
Gloriantdreef,241,"","",3562KW,Utrecht
Gloriantdreef,243,"","",3562KW,Utrecht
Gloriantdreef,245,"","",3562KW,Utrecht
Gloriantdreef,247,"","",3562KW,Utrecht
Gloriantdreef,249,"","",3562KW,Utrecht
Gloriantdreef,25,"","",3562KW,Utrecht
Gloriantdreef,251,"","",3562KW,Utrecht
Gloriantdreef,251,"","",3562KW,Utrecht
Gloriantdreef,251,"","",3562KW,Utrecht
Gloriantdreef,253,"","",3562KW,Utrecht
Gloriantdreef,255,"","",3562KW,Utrecht
Gloriantdreef,255,"","",3562KW,Utrecht
Gloriantdreef,255,"","",3562KW,Utrecht
Gloriantdreef,257,"","",3562KW,Utrecht
Gloriantdreef,259,"","",3562KW,Utrecht
Gloriantdreef,261,"","",3562KW,Utrecht
Gloriantdreef,263,"","",3562KW,Utrecht
Gloriantdreef,263,"","",3562KW,Utrecht
Gloriantdreef,263,"","",3562KW,Utrecht
Gloriantdreef,265,"","",3562KW,Utrecht
Gloriantdreef,267,"","",3562KW,Utrecht
Gloriantdreef,269,"","",3562KW,Utrecht
Gloriantdreef,271,"","",3562KW,Utrecht
Gloriantdreef,273,"","",3562KW,Utrecht
Gloriantdreef,275,"","",3562KW,Utrecht
Gloriantdreef,277,"","",3562KW,Utrecht
Gloriantdreef,279,"","",3562KW,Utrecht
Gloriantdreef,279,"","",3562KW,Utrecht
Gloriantdreef,279,"","",3562KW,Utrecht
Gloriantdreef,281,"","",3562KW,Utrecht
Gloriantdreef,283,"","",3562KW,Utrecht
Gloriantdreef,283,"","",3562KW,Utrecht
Gloriantdreef,283,"","",3562KW,Utrecht
Gloriantdreef,285,"","",3562KW,Utrecht
Gloriantdreef,287,"","",3562KW,Utrecht
Gloriantdreef,289,"","",3562KW,Utrecht
Gloriantdreef,291,"","",3562KW,Utrecht
Gloriantdreef,291,"","",3562KW,Utrecht
Gloriantdreef,291,"","",3562KW,Utrecht
Gloriantdreef,293,"","",3562KW,Utrecht
Gloriantdreef,295,"","",3562KW,Utrecht
Gloriantdreef,295,"","",3562KW,Utrecht
Gloriantdreef,295,"","",3562KW,Utrecht
Gloriantdreef,297,"","",3562KW,Utrecht
Gloriantdreef,299,"","",3562KW,Utrecht
Gloriantdreef,301,"","",3562KW,Utrecht
Gloriantdreef,303,"","",3562KW,Utrecht
Gloriantdreef,305,"","",3562KW,Utrecht
Gloriantdreef,307,"","",3562KW,Utrecht
Gloriantdreef,309,"","",3562KW,Utrecht
Gloriantdreef,309,"","",3562KW,Utrecht
Gloriantdreef,309,"","",3562KW,Utrecht
Gloriantdreef,31,"","",3562KW,Utrecht
Gloriantdreef,311,"","",3562KW,Utrecht
Gloriantdreef,313,"","",3562KW,Utrecht
Gloriantdreef,313,"","",3562KW,Utrecht
Gloriantdreef,313,"","",3562KW,Utrecht
Gloriantdreef,315,"","",3562KW,Utrecht
Gloriantdreef,317,"","",3562KW,Utrecht
Gloriantdreef,319,"","",3562KW,Utrecht
Gloriantdreef,321,"","",3562KW,Utrecht
Gloriantdreef,321,"","",3562KW,Utrecht
Gloriantdreef,321,"","",3562KW,Utrecht
Gloriantdreef,323,"","",3562KW,Utrecht
Gloriantdreef,325,"","",3562KW,Utrecht
Gloriantdreef,327,"","",3562KW,Utrecht
Gloriantdreef,329,"","",3562KW,Utrecht
Gloriantdreef,33,"","",3562KW,Utrecht
Gloriantdreef,331,"","",3562KW,Utrecht
Gloriantdreef,333,"","",3562KW,Utrecht
Gloriantdreef,335,"","",3562KW,Utrecht
Gloriantdreef,337,"","",3562KW,Utrecht
Gloriantdreef,339,"","",3562KW,Utrecht
Gloriantdreef,341,"","",3562KW,Utrecht
Gloriantdreef,343,"","",3562KW,Utrecht
Gloriantdreef,345,"","",3562KW,Utrecht
Gloriantdreef,347,"","",3562KW,Utrecht
Gloriantdreef,349,"","",3562KW,Utrecht
Gloriantdreef,35,"","",3562KW,Utrecht
Gloriantdreef,351,"","",3562KW,Utrecht
Gloriantdreef,353,"","",3562KW,Utrecht
Gloriantdreef,355,"","",3562KW,Utrecht
Gloriantdreef,357,"","",3562KW,Utrecht
Gloriantdreef,359,"","",3562KW,Utrecht
Gloriantdreef,361,"","",3562KW,Utrecht
Gloriantdreef,363,"","",3562KW,Utrecht
Gloriantdreef,365,"","",3562KW,Utrecht
Gloriantdreef,367,"","",3562KW,Utrecht
Gloriantdreef,369,"","",3562KW,Utrecht
Gloriantdreef,37,"","",3562KW,Utrecht
Gloriantdreef,371,"","",3562KW,Utrecht
Gloriantdreef,373,"","",3562KW,Utrecht
Gloriantdreef,375,"","",3562KW,Utrecht
Gloriantdreef,377,"","",3562KW,Utrecht
Gloriantdreef,39,"","",3562KW,Utrecht
Gloriantdreef,401,"","",3562KW,Utrecht
Gloriantdreef,403,"","",3562KW,Utrecht
Gloriantdreef,41,"","",3562KW,Utrecht
Gloriantdreef,43,"","",3562KW,Utrecht
Gloriantdreef,45,"","",3562KW,Utrecht
Gloriantdreef,47,"","",3562KW,Utrecht
Gloriantdreef,49,"","",3562KW,Utrecht
Gloriantdreef,51,"","",3562KW,Utrecht
Gloriantdreef,53,"","",3562KW,Utrecht
Gloriantdreef,55,"","",3562KW,Utrecht
Gloriantdreef,57,"","",3562KW,Utrecht
Gloriantdreef,59,"","",3562KW,Utrecht
Gloriantdreef,61,"","",3562KW,Utrecht
Gloriantdreef,63,"","",3562KW,Utrecht
Gloriantdreef,65,"","",3562KW,Utrecht
Gloriantdreef,67,"","",3562KW,Utrecht
Gloriantdreef,69,"","",3562KW,Utrecht
Gloriantdreef,71,"","",3562KW,Utrecht
Gloriantdreef,73,"","",3562KW,Utrecht
Gloriantdreef,75,"","",3562KW,Utrecht
Gloriantdreef,77,"","",3562KW,Utrecht
Gloriantdreef,79,"","",3562KW,Utrecht
Gloriantdreef,81,"","",3562KW,Utrecht
Gloriantdreef,83,"","",3562KW,Utrecht
Gloriantdreef,85,"","",3562KW,Utrecht
Gloriantdreef,87,"","",3562KW,Utrecht
Gloriantdreef,89,"","",3562KW,Utrecht
Gloriantdreef,91,"","",3562KW,Utrecht
Gloriantdreef,93,"","",3562KW,Utrecht
Gloriantdreef,95,"","",3562KW,Utrecht
Gloriantdreef,97,"","",3562KW,Utrecht
Gloriantdreef,99,"","",3562KW,Utrecht
Gloriantdreef,2,"","",3562KX,Utrecht
Gloriantdreef,4,"","",3562KX,Utrecht
Gloriantdreef,4,A,"",3562KX,Utrecht
Gloriantdreef,48,"","",3562KZ,Utrecht
Gloriantdreef,50,"","",3562KZ,Utrecht
Brailledreef,1000,T,"",3562LA,Utrecht
Brailledreef,1002,T,"",3562LA,Utrecht
Brailledreef,2,"","",3562LA,Utrecht
Brailledreef,2,A,"",3562LA,Utrecht
Brailledreef,2,B,"",3562LA,Utrecht
Brailledreef,2,C,"",3562LA,Utrecht
Brailledreef,7,"","",3562LA,Utrecht
Brailledreef,9,"","",3562LA,Utrecht
Esmoreitdreef,1,"","",3562LB,Utrecht
Esmoreitdreef,1,A,"",3562LB,Utrecht
Esmoreitdreef,2,"","",3562LB,Utrecht
Esmoreitdreef,3,"","",3562LB,Utrecht
Montalbaendreef,19,"","",3562LC,Utrecht
Montalbaendreef,19,"","",3562LC,Utrecht
Montalbaendreef,2,"","",3562LC,Utrecht
Vier Heemskinderendreef,10,"","",3562LD,Utrecht
Vier Heemskinderendreef,12,"","",3562LD,Utrecht
Vier Heemskinderendreef,14,"","",3562LD,Utrecht
Vier Heemskinderendreef,16,"","",3562LD,Utrecht
Vier Heemskinderendreef,18,"","",3562LD,Utrecht
Vier Heemskinderendreef,2,"","",3562LD,Utrecht
Vier Heemskinderendreef,20,"","",3562LD,Utrecht
Vier Heemskinderendreef,22,"","",3562LD,Utrecht
Vier Heemskinderendreef,24,"","",3562LD,Utrecht
Vier Heemskinderendreef,26,"","",3562LD,Utrecht
Vier Heemskinderendreef,28,"","",3562LD,Utrecht
Vier Heemskinderendreef,30,"","",3562LD,Utrecht
Vier Heemskinderendreef,32,"","",3562LD,Utrecht
Vier Heemskinderendreef,4,"","",3562LD,Utrecht
Vier Heemskinderendreef,6,"","",3562LD,Utrecht
Vier Heemskinderendreef,8,"","",3562LD,Utrecht
Beyaertdreef,3,"","",3562LG,Utrecht
Beyaertdreef,5,"","",3562LG,Utrecht
Beyaertdreef,5,"","",3562LG,Utrecht
Bisschop Tulpijndreef,1,"","",3562LH,Utrecht
Bisschop Tulpijndreef,10,"","",3562LH,Utrecht
Bisschop Tulpijndreef,1002,T,"",3562LH,Utrecht
Bisschop Tulpijndreef,1004,T,"",3562LH,Utrecht
Bisschop Tulpijndreef,1006,S,"",3562LH,Utrecht
Bisschop Tulpijndreef,1008,S,"",3562LH,Utrecht
Bisschop Tulpijndreef,101,"","",3562LH,Utrecht
Bisschop Tulpijndreef,103,"","",3562LH,Utrecht
Bisschop Tulpijndreef,105,"","",3562LH,Utrecht
Bisschop Tulpijndreef,107,"","",3562LH,Utrecht
Bisschop Tulpijndreef,109,"","",3562LH,Utrecht
Bisschop Tulpijndreef,11,"","",3562LH,Utrecht
Bisschop Tulpijndreef,111,"","",3562LH,Utrecht
Bisschop Tulpijndreef,113,"","",3562LH,Utrecht
Bisschop Tulpijndreef,115,"","",3562LH,Utrecht
Bisschop Tulpijndreef,117,"","",3562LH,Utrecht
Bisschop Tulpijndreef,119,"","",3562LH,Utrecht
Bisschop Tulpijndreef,12,"","",3562LH,Utrecht
Bisschop Tulpijndreef,121,"","",3562LH,Utrecht
Bisschop Tulpijndreef,123,"","",3562LH,Utrecht
Bisschop Tulpijndreef,125,"","",3562LH,Utrecht
Bisschop Tulpijndreef,127,"","",3562LH,Utrecht
Bisschop Tulpijndreef,129,"","",3562LH,Utrecht
Bisschop Tulpijndreef,13,"","",3562LH,Utrecht
Bisschop Tulpijndreef,131,"","",3562LH,Utrecht
Bisschop Tulpijndreef,133,"","",3562LH,Utrecht
Bisschop Tulpijndreef,135,"","",3562LH,Utrecht
Bisschop Tulpijndreef,137,"","",3562LH,Utrecht
Bisschop Tulpijndreef,139,"","",3562LH,Utrecht
Bisschop Tulpijndreef,14,"","",3562LH,Utrecht
Bisschop Tulpijndreef,141,"","",3562LH,Utrecht
Bisschop Tulpijndreef,143,"","",3562LH,Utrecht
Bisschop Tulpijndreef,145,"","",3562LH,Utrecht
Bisschop Tulpijndreef,147,"","",3562LH,Utrecht
Bisschop Tulpijndreef,149,"","",3562LH,Utrecht
Bisschop Tulpijndreef,15,"","",3562LH,Utrecht
Bisschop Tulpijndreef,151,"","",3562LH,Utrecht
Bisschop Tulpijndreef,153,"","",3562LH,Utrecht
Bisschop Tulpijndreef,155,"","",3562LH,Utrecht
Bisschop Tulpijndreef,157,"","",3562LH,Utrecht
Bisschop Tulpijndreef,159,"","",3562LH,Utrecht
Bisschop Tulpijndreef,161,"","",3562LH,Utrecht
Bisschop Tulpijndreef,163,"","",3562LH,Utrecht
Bisschop Tulpijndreef,165,"","",3562LH,Utrecht
Bisschop Tulpijndreef,167,"","",3562LH,Utrecht
Bisschop Tulpijndreef,169,"","",3562LH,Utrecht
Bisschop Tulpijndreef,17,"","",3562LH,Utrecht
Bisschop Tulpijndreef,171,"","",3562LH,Utrecht
Bisschop Tulpijndreef,173,"","",3562LH,Utrecht
Bisschop Tulpijndreef,175,"","",3562LH,Utrecht
Bisschop Tulpijndreef,177,"","",3562LH,Utrecht
Bisschop Tulpijndreef,179,"","",3562LH,Utrecht
Bisschop Tulpijndreef,181,"","",3562LH,Utrecht
Bisschop Tulpijndreef,183,"","",3562LH,Utrecht
Bisschop Tulpijndreef,185,"","",3562LH,Utrecht
Bisschop Tulpijndreef,187,"","",3562LH,Utrecht
Bisschop Tulpijndreef,189,"","",3562LH,Utrecht
Bisschop Tulpijndreef,19,"","",3562LH,Utrecht
Bisschop Tulpijndreef,191,"","",3562LH,Utrecht
Bisschop Tulpijndreef,193,"","",3562LH,Utrecht
Bisschop Tulpijndreef,195,"","",3562LH,Utrecht
Bisschop Tulpijndreef,197,"","",3562LH,Utrecht
Bisschop Tulpijndreef,199,"","",3562LH,Utrecht
Bisschop Tulpijndreef,2,"","",3562LH,Utrecht
Bisschop Tulpijndreef,201,"","",3562LH,Utrecht
Bisschop Tulpijndreef,21,"","",3562LH,Utrecht
Bisschop Tulpijndreef,23,"","",3562LH,Utrecht
Bisschop Tulpijndreef,25,"","",3562LH,Utrecht
Bisschop Tulpijndreef,27,"","",3562LH,Utrecht
Bisschop Tulpijndreef,29,"","",3562LH,Utrecht
Bisschop Tulpijndreef,3,"","",3562LH,Utrecht
Bisschop Tulpijndreef,31,"","",3562LH,Utrecht
Bisschop Tulpijndreef,33,"","",3562LH,Utrecht
Bisschop Tulpijndreef,35,"","",3562LH,Utrecht
Bisschop Tulpijndreef,37,"","",3562LH,Utrecht
Bisschop Tulpijndreef,39,"","",3562LH,Utrecht
Bisschop Tulpijndreef,4,"","",3562LH,Utrecht
Bisschop Tulpijndreef,41,"","",3562LH,Utrecht
Bisschop Tulpijndreef,43,"","",3562LH,Utrecht
Bisschop Tulpijndreef,45,"","",3562LH,Utrecht
Bisschop Tulpijndreef,47,"","",3562LH,Utrecht
Bisschop Tulpijndreef,49,"","",3562LH,Utrecht
Bisschop Tulpijndreef,5,"","",3562LH,Utrecht
Bisschop Tulpijndreef,51,"","",3562LH,Utrecht
Bisschop Tulpijndreef,53,"","",3562LH,Utrecht
Bisschop Tulpijndreef,55,"","",3562LH,Utrecht
Bisschop Tulpijndreef,57,"","",3562LH,Utrecht
Bisschop Tulpijndreef,59,"","",3562LH,Utrecht
Bisschop Tulpijndreef,6,"","",3562LH,Utrecht
Bisschop Tulpijndreef,61,"","",3562LH,Utrecht
Bisschop Tulpijndreef,63,"","",3562LH,Utrecht
Bisschop Tulpijndreef,65,"","",3562LH,Utrecht
Bisschop Tulpijndreef,67,"","",3562LH,Utrecht
Bisschop Tulpijndreef,69,"","",3562LH,Utrecht
Bisschop Tulpijndreef,7,"","",3562LH,Utrecht
Bisschop Tulpijndreef,71,"","",3562LH,Utrecht
Bisschop Tulpijndreef,73,"","",3562LH,Utrecht
Bisschop Tulpijndreef,75,"","",3562LH,Utrecht
Bisschop Tulpijndreef,77,"","",3562LH,Utrecht
Bisschop Tulpijndreef,79,"","",3562LH,Utrecht
Bisschop Tulpijndreef,8,"","",3562LH,Utrecht
Bisschop Tulpijndreef,81,"","",3562LH,Utrecht
Bisschop Tulpijndreef,83,"","",3562LH,Utrecht
Bisschop Tulpijndreef,85,"","",3562LH,Utrecht
Bisschop Tulpijndreef,87,"","",3562LH,Utrecht
Bisschop Tulpijndreef,89,"","",3562LH,Utrecht
Bisschop Tulpijndreef,9,"","",3562LH,Utrecht
Bisschop Tulpijndreef,91,"","",3562LH,Utrecht
Bisschop Tulpijndreef,93,"","",3562LH,Utrecht
Bisschop Tulpijndreef,95,"","",3562LH,Utrecht
Bisschop Tulpijndreef,97,"","",3562LH,Utrecht
Bisschop Tulpijndreef,99,"","",3562LH,Utrecht
Olivierdreef,1,"","",3562LJ,Utrecht
Olivierdreef,10,"","",3562LJ,Utrecht
Olivierdreef,1001,T,"",3562LJ,Utrecht
Olivierdreef,1003,T,"",3562LJ,Utrecht
Olivierdreef,1005,T,"",3562LJ,Utrecht
Olivierdreef,1007,N,"",3562LJ,Utrecht
Olivierdreef,101,"","",3562LJ,Utrecht
Olivierdreef,103,"","",3562LJ,Utrecht
Olivierdreef,105,"","",3562LJ,Utrecht
Olivierdreef,107,"","",3562LJ,Utrecht
Olivierdreef,109,"","",3562LJ,Utrecht
Olivierdreef,11,"","",3562LJ,Utrecht
Olivierdreef,111,"","",3562LJ,Utrecht
Olivierdreef,113,"","",3562LJ,Utrecht
Olivierdreef,115,"","",3562LJ,Utrecht
Olivierdreef,117,"","",3562LJ,Utrecht
Olivierdreef,119,"","",3562LJ,Utrecht
Olivierdreef,13,"","",3562LJ,Utrecht
Olivierdreef,15,"","",3562LJ,Utrecht
Olivierdreef,17,"","",3562LJ,Utrecht
Olivierdreef,19,"","",3562LJ,Utrecht
Olivierdreef,2,"","",3562LJ,Utrecht
Olivierdreef,21,"","",3562LJ,Utrecht
Olivierdreef,23,"","",3562LJ,Utrecht
Olivierdreef,25,"","",3562LJ,Utrecht
Olivierdreef,27,"","",3562LJ,Utrecht
Olivierdreef,29,"","",3562LJ,Utrecht
Olivierdreef,3,"","",3562LJ,Utrecht
Olivierdreef,31,"","",3562LJ,Utrecht
Olivierdreef,33,"","",3562LJ,Utrecht
Olivierdreef,35,"","",3562LJ,Utrecht
Olivierdreef,37,"","",3562LJ,Utrecht
Olivierdreef,39,"","",3562LJ,Utrecht
Olivierdreef,4,"","",3562LJ,Utrecht
Olivierdreef,41,"","",3562LJ,Utrecht
Olivierdreef,43,"","",3562LJ,Utrecht
Olivierdreef,45,"","",3562LJ,Utrecht
Olivierdreef,47,"","",3562LJ,Utrecht
Olivierdreef,49,"","",3562LJ,Utrecht
Olivierdreef,5,"","",3562LJ,Utrecht
Olivierdreef,51,"","",3562LJ,Utrecht
Olivierdreef,53,"","",3562LJ,Utrecht
Olivierdreef,55,"","",3562LJ,Utrecht
Olivierdreef,57,"","",3562LJ,Utrecht
Olivierdreef,59,"","",3562LJ,Utrecht
Olivierdreef,6,"","",3562LJ,Utrecht
Olivierdreef,61,"","",3562LJ,Utrecht
Olivierdreef,63,"","",3562LJ,Utrecht
Olivierdreef,65,"","",3562LJ,Utrecht
Olivierdreef,67,"","",3562LJ,Utrecht
Olivierdreef,69,"","",3562LJ,Utrecht
Olivierdreef,7,"","",3562LJ,Utrecht
Olivierdreef,71,"","",3562LJ,Utrecht
Olivierdreef,73,"","",3562LJ,Utrecht
Olivierdreef,75,"","",3562LJ,Utrecht
Olivierdreef,77,"","",3562LJ,Utrecht
Olivierdreef,79,"","",3562LJ,Utrecht
Olivierdreef,8,"","",3562LJ,Utrecht
Olivierdreef,81,"","",3562LJ,Utrecht
Olivierdreef,83,"","",3562LJ,Utrecht
Olivierdreef,85,"","",3562LJ,Utrecht
Olivierdreef,87,"","",3562LJ,Utrecht
Olivierdreef,89,"","",3562LJ,Utrecht
Olivierdreef,9,"","",3562LJ,Utrecht
Olivierdreef,91,"","",3562LJ,Utrecht
Olivierdreef,93,"","",3562LJ,Utrecht
Olivierdreef,95,"","",3562LJ,Utrecht
Olivierdreef,95,"","",3562LJ,Utrecht
Olivierdreef,97,"","",3562LJ,Utrecht
Olivierdreef,99,"","",3562LJ,Utrecht
Reinoutdreef,1,"","",3562LK,Utrecht
Reinoutdreef,101,"","",3562LK,Utrecht
Reinoutdreef,103,"","",3562LK,Utrecht
Reinoutdreef,105,"","",3562LK,Utrecht
Reinoutdreef,107,"","",3562LK,Utrecht
Reinoutdreef,109,"","",3562LK,Utrecht
Reinoutdreef,11,"","",3562LK,Utrecht
Reinoutdreef,111,"","",3562LK,Utrecht
Reinoutdreef,113,"","",3562LK,Utrecht
Reinoutdreef,115,"","",3562LK,Utrecht
Reinoutdreef,117,"","",3562LK,Utrecht
Reinoutdreef,119,"","",3562LK,Utrecht
Reinoutdreef,121,"","",3562LK,Utrecht
Reinoutdreef,123,"","",3562LK,Utrecht
Reinoutdreef,125,"","",3562LK,Utrecht
Reinoutdreef,127,"","",3562LK,Utrecht
Reinoutdreef,129,"","",3562LK,Utrecht
Reinoutdreef,13,"","",3562LK,Utrecht
Reinoutdreef,131,"","",3562LK,Utrecht
Reinoutdreef,133,"","",3562LK,Utrecht
Reinoutdreef,135,"","",3562LK,Utrecht
Reinoutdreef,137,"","",3562LK,Utrecht
Reinoutdreef,139,"","",3562LK,Utrecht
Reinoutdreef,141,"","",3562LK,Utrecht
Reinoutdreef,143,"","",3562LK,Utrecht
Reinoutdreef,145,"","",3562LK,Utrecht
Reinoutdreef,147,"","",3562LK,Utrecht
Reinoutdreef,149,"","",3562LK,Utrecht
Reinoutdreef,15,"","",3562LK,Utrecht
Reinoutdreef,151,"","",3562LK,Utrecht
Reinoutdreef,153,"","",3562LK,Utrecht
Reinoutdreef,155,"","",3562LK,Utrecht
Reinoutdreef,157,"","",3562LK,Utrecht
Reinoutdreef,159,"","",3562LK,Utrecht
Reinoutdreef,161,"","",3562LK,Utrecht
Reinoutdreef,163,"","",3562LK,Utrecht
Reinoutdreef,165,"","",3562LK,Utrecht
Reinoutdreef,167,"","",3562LK,Utrecht
Reinoutdreef,169,"","",3562LK,Utrecht
Reinoutdreef,17,"","",3562LK,Utrecht
Reinoutdreef,171,"","",3562LK,Utrecht
Reinoutdreef,173,"","",3562LK,Utrecht
Reinoutdreef,175,"","",3562LK,Utrecht
Reinoutdreef,177,"","",3562LK,Utrecht
Reinoutdreef,179,"","",3562LK,Utrecht
Reinoutdreef,181,"","",3562LK,Utrecht
Reinoutdreef,183,"","",3562LK,Utrecht
Reinoutdreef,185,"","",3562LK,Utrecht
Reinoutdreef,187,"","",3562LK,Utrecht
Reinoutdreef,189,"","",3562LK,Utrecht
Reinoutdreef,19,"","",3562LK,Utrecht
Reinoutdreef,191,"","",3562LK,Utrecht
Reinoutdreef,193,"","",3562LK,Utrecht
Reinoutdreef,195,"","",3562LK,Utrecht
Reinoutdreef,197,"","",3562LK,Utrecht
Reinoutdreef,199,"","",3562LK,Utrecht
Reinoutdreef,201,"","",3562LK,Utrecht
Reinoutdreef,203,"","",3562LK,Utrecht
Reinoutdreef,21,"","",3562LK,Utrecht
Reinoutdreef,23,"","",3562LK,Utrecht
Reinoutdreef,25,"","",3562LK,Utrecht
Reinoutdreef,27,"","",3562LK,Utrecht
Reinoutdreef,29,"","",3562LK,Utrecht
Reinoutdreef,3,"","",3562LK,Utrecht
Reinoutdreef,31,"","",3562LK,Utrecht
Reinoutdreef,33,"","",3562LK,Utrecht
Reinoutdreef,35,"","",3562LK,Utrecht
Reinoutdreef,37,"","",3562LK,Utrecht
Reinoutdreef,39,"","",3562LK,Utrecht
Reinoutdreef,41,"","",3562LK,Utrecht
Reinoutdreef,43,"","",3562LK,Utrecht
Reinoutdreef,45,"","",3562LK,Utrecht
Reinoutdreef,47,"","",3562LK,Utrecht
Reinoutdreef,49,"","",3562LK,Utrecht
Reinoutdreef,5,"","",3562LK,Utrecht
Reinoutdreef,51,"","",3562LK,Utrecht
Reinoutdreef,53,"","",3562LK,Utrecht
Reinoutdreef,55,"","",3562LK,Utrecht
Reinoutdreef,57,"","",3562LK,Utrecht
Reinoutdreef,59,"","",3562LK,Utrecht
Reinoutdreef,61,"","",3562LK,Utrecht
Reinoutdreef,63,"","",3562LK,Utrecht
Reinoutdreef,65,"","",3562LK,Utrecht
Reinoutdreef,67,"","",3562LK,Utrecht
Reinoutdreef,69,"","",3562LK,Utrecht
Reinoutdreef,7,"","",3562LK,Utrecht
Reinoutdreef,71,"","",3562LK,Utrecht
Reinoutdreef,73,"","",3562LK,Utrecht
Reinoutdreef,75,"","",3562LK,Utrecht
Reinoutdreef,77,"","",3562LK,Utrecht
Reinoutdreef,79,"","",3562LK,Utrecht
Reinoutdreef,81,"","",3562LK,Utrecht
Reinoutdreef,83,"","",3562LK,Utrecht
Reinoutdreef,85,"","",3562LK,Utrecht
Reinoutdreef,87,"","",3562LK,Utrecht
Reinoutdreef,89,"","",3562LK,Utrecht
Reinoutdreef,9,"","",3562LK,Utrecht
Reinoutdreef,91,"","",3562LK,Utrecht
Reinoutdreef,93,"","",3562LK,Utrecht
Reinoutdreef,95,"","",3562LK,Utrecht
Reinoutdreef,97,"","",3562LK,Utrecht
Reinoutdreef,99,"","",3562LK,Utrecht
Reinoutdreef,10,"","",3562LL,Utrecht
Reinoutdreef,100,"","",3562LL,Utrecht
Reinoutdreef,100,"","",3562LL,Utrecht
Reinoutdreef,102,"","",3562LL,Utrecht
Reinoutdreef,102,"","",3562LL,Utrecht
Reinoutdreef,104,"","",3562LL,Utrecht
Reinoutdreef,104,"","",3562LL,Utrecht
Reinoutdreef,106,"","",3562LL,Utrecht
Reinoutdreef,106,"","",3562LL,Utrecht
Reinoutdreef,108,"","",3562LL,Utrecht
Reinoutdreef,108,"","",3562LL,Utrecht
Reinoutdreef,110,"","",3562LL,Utrecht
Reinoutdreef,110,"","",3562LL,Utrecht
Reinoutdreef,112,"","",3562LL,Utrecht
Reinoutdreef,112,"","",3562LL,Utrecht
Reinoutdreef,114,"","",3562LL,Utrecht
Reinoutdreef,114,"","",3562LL,Utrecht
Reinoutdreef,116,"","",3562LL,Utrecht
Reinoutdreef,116,"","",3562LL,Utrecht
Reinoutdreef,118,"","",3562LL,Utrecht
Reinoutdreef,118,"","",3562LL,Utrecht
Reinoutdreef,12,"","",3562LL,Utrecht
Reinoutdreef,120,"","",3562LL,Utrecht
Reinoutdreef,120,"","",3562LL,Utrecht
Reinoutdreef,122,"","",3562LL,Utrecht
Reinoutdreef,124,"","",3562LL,Utrecht
Reinoutdreef,126,"","",3562LL,Utrecht
Reinoutdreef,128,"","",3562LL,Utrecht
Reinoutdreef,130,"","",3562LL,Utrecht
Reinoutdreef,132,"","",3562LL,Utrecht
Reinoutdreef,134,"","",3562LL,Utrecht
Reinoutdreef,136,"","",3562LL,Utrecht
Reinoutdreef,138,"","",3562LL,Utrecht
Reinoutdreef,14,"","",3562LL,Utrecht
Reinoutdreef,140,"","",3562LL,Utrecht
Reinoutdreef,142,"","",3562LL,Utrecht
Reinoutdreef,144,"","",3562LL,Utrecht
Reinoutdreef,146,"","",3562LL,Utrecht
Reinoutdreef,16,"","",3562LL,Utrecht
Reinoutdreef,18,"","",3562LL,Utrecht
Reinoutdreef,2,"","",3562LL,Utrecht
Reinoutdreef,20,"","",3562LL,Utrecht
Reinoutdreef,22,"","",3562LL,Utrecht
Reinoutdreef,24,"","",3562LL,Utrecht
Reinoutdreef,26,"","",3562LL,Utrecht
Reinoutdreef,28,"","",3562LL,Utrecht
Reinoutdreef,30,"","",3562LL,Utrecht
Reinoutdreef,32,"","",3562LL,Utrecht
Reinoutdreef,34,"","",3562LL,Utrecht
Reinoutdreef,36,"","",3562LL,Utrecht
Reinoutdreef,38,"","",3562LL,Utrecht
Reinoutdreef,4,"","",3562LL,Utrecht
Reinoutdreef,40,"","",3562LL,Utrecht
Reinoutdreef,42,"","",3562LL,Utrecht
Reinoutdreef,44,"","",3562LL,Utrecht
Reinoutdreef,46,"","",3562LL,Utrecht
Reinoutdreef,48,"","",3562LL,Utrecht
Reinoutdreef,50,"","",3562LL,Utrecht
Reinoutdreef,52,"","",3562LL,Utrecht
Reinoutdreef,54,"","",3562LL,Utrecht
Reinoutdreef,56,"","",3562LL,Utrecht
Reinoutdreef,58,"","",3562LL,Utrecht
Reinoutdreef,6,"","",3562LL,Utrecht
Reinoutdreef,60,"","",3562LL,Utrecht
Reinoutdreef,62,"","",3562LL,Utrecht
Reinoutdreef,64,"","",3562LL,Utrecht
Reinoutdreef,66,"","",3562LL,Utrecht
Reinoutdreef,68,"","",3562LL,Utrecht
Reinoutdreef,70,"","",3562LL,Utrecht
Reinoutdreef,72,"","",3562LL,Utrecht
Reinoutdreef,74,"","",3562LL,Utrecht
Reinoutdreef,76,"","",3562LL,Utrecht
Reinoutdreef,78,"","",3562LL,Utrecht
Reinoutdreef,8,"","",3562LL,Utrecht
Reinoutdreef,80,"","",3562LL,Utrecht
Reinoutdreef,82,"","",3562LL,Utrecht
Reinoutdreef,84,"","",3562LL,Utrecht
Reinoutdreef,86,"","",3562LL,Utrecht
Reinoutdreef,88,"","",3562LL,Utrecht
Reinoutdreef,90,"","",3562LL,Utrecht
Reinoutdreef,92,"","",3562LL,Utrecht
Reinoutdreef,94,"","",3562LL,Utrecht
Reinoutdreef,96,"","",3562LL,Utrecht
Reinoutdreef,96,"","",3562LL,Utrecht
Reinoutdreef,98,"","",3562LL,Utrecht
Reinoutdreef,98,"","",3562LL,Utrecht
Prins Lanseloetdreef,10,"","",3562LM,Utrecht
Prins Lanseloetdreef,2,"","",3562LM,Utrecht
Prins Lanseloetdreef,4,"","",3562LM,Utrecht
Prins Lanseloetdreef,6,"","",3562LM,Utrecht
Prins Lanseloetdreef,8,"","",3562LM,Utrecht
Jonkvrouw Sanderijndreef,27,"","",3562LN,Utrecht
Jonkvrouw Sanderijndreef,29,"","",3562LN,Utrecht
Jonkvrouw Sanderijndreef,31,"","",3562LN,Utrecht
Jonkvrouw Sanderijndreef,33,"","",3562LN,Utrecht
Jonkvrouw Sanderijndreef,35,"","",3562LN,Utrecht
Jonkvrouw Sanderijndreef,35,"","",3562LN,Utrecht
Jonkvrouw Sanderijndreef,37,"","",3562LN,Utrecht
Jonkvrouw Sanderijndreef,39,"","",3562LN,Utrecht
Jonkvrouw Sanderijndreef,41,"","",3562LN,Utrecht
Jonkvrouw Sanderijndreef,43,"","",3562LN,Utrecht
Jonkvrouw Sanderijndreef,1001,"","",3562LP,Utrecht
Jonkvrouw Sanderijndreef,1003,"","",3562LP,Utrecht
Jonkvrouw Sanderijndreef,1005,A,"",3562LP,Utrecht
Jonkvrouw Sanderijndreef,1005,B,"",3562LP,Utrecht
Jonkvrouw Sanderijndreef,1005,C,"",3562LP,Utrecht
Jonkvrouw Sanderijndreef,1005,D,"",3562LP,Utrecht
Jonkvrouw Sanderijndreef,1005,E,"",3562LP,Utrecht
Jonkvrouw Sanderijndreef,1007,"","",3562LP,Utrecht
Jonkvrouw Sanderijndreef,1009,"","",3562LP,Utrecht
Jonkvrouw Sanderijndreef,101,"","",3562LP,Utrecht
Jonkvrouw Sanderijndreef,1011,"","",3562LP,Utrecht
Jonkvrouw Sanderijndreef,1013,"","",3562LP,Utrecht
Jonkvrouw Sanderijndreef,1015,"","",3562LP,Utrecht
Jonkvrouw Sanderijndreef,1017,"","",3562LP,Utrecht
Jonkvrouw Sanderijndreef,1019,"","",3562LP,Utrecht
Jonkvrouw Sanderijndreef,1021,"","",3562LP,Utrecht
Jonkvrouw Sanderijndreef,1023,"","",3562LP,Utrecht
Jonkvrouw Sanderijndreef,1025,"","",3562LP,Utrecht
Jonkvrouw Sanderijndreef,1027,"","",3562LP,Utrecht
Jonkvrouw Sanderijndreef,1029,"","",3562LP,Utrecht
Jonkvrouw Sanderijndreef,103,"","",3562LP,Utrecht
Jonkvrouw Sanderijndreef,1031,"","",3562LP,Utrecht
Jonkvrouw Sanderijndreef,1033,"","",3562LP,Utrecht
Jonkvrouw Sanderijndreef,1035,"","",3562LP,Utrecht
Jonkvrouw Sanderijndreef,1037,"","",3562LP,Utrecht
Jonkvrouw Sanderijndreef,1039,A,"",3562LP,Utrecht
Jonkvrouw Sanderijndreef,1039,B,"",3562LP,Utrecht
Jonkvrouw Sanderijndreef,1039,C,"",3562LP,Utrecht
Jonkvrouw Sanderijndreef,1039,D,"",3562LP,Utrecht
Jonkvrouw Sanderijndreef,1039,E,"",3562LP,Utrecht
Jonkvrouw Sanderijndreef,1041,"","",3562LP,Utrecht
Jonkvrouw Sanderijndreef,1043,"","",3562LP,Utrecht
Jonkvrouw Sanderijndreef,1045,"","",3562LP,Utrecht
Jonkvrouw Sanderijndreef,1047,"","",3562LP,Utrecht
Jonkvrouw Sanderijndreef,1049,"","",3562LP,Utrecht
Jonkvrouw Sanderijndreef,105,"","",3562LP,Utrecht
Jonkvrouw Sanderijndreef,1051,"","",3562LP,Utrecht
Jonkvrouw Sanderijndreef,1053,"","",3562LP,Utrecht
Jonkvrouw Sanderijndreef,1055,"","",3562LP,Utrecht
Jonkvrouw Sanderijndreef,1057,"","",3562LP,Utrecht
Jonkvrouw Sanderijndreef,1059,"","",3562LP,Utrecht
Jonkvrouw Sanderijndreef,1061,"","",3562LP,Utrecht
Jonkvrouw Sanderijndreef,1063,"","",3562LP,Utrecht
Jonkvrouw Sanderijndreef,1065,"","",3562LP,Utrecht
Jonkvrouw Sanderijndreef,1067,"","",3562LP,Utrecht
Jonkvrouw Sanderijndreef,1069,A,"",3562LP,Utrecht
Jonkvrouw Sanderijndreef,1069,B,"",3562LP,Utrecht
Jonkvrouw Sanderijndreef,1069,C,"",3562LP,Utrecht
Jonkvrouw Sanderijndreef,1069,D,"",3562LP,Utrecht
Jonkvrouw Sanderijndreef,1069,E,"",3562LP,Utrecht
Jonkvrouw Sanderijndreef,107,"","",3562LP,Utrecht
Jonkvrouw Sanderijndreef,1071,"","",3562LP,Utrecht
Jonkvrouw Sanderijndreef,1073,"","",3562LP,Utrecht
Jonkvrouw Sanderijndreef,1075,"","",3562LP,Utrecht
Jonkvrouw Sanderijndreef,1077,"","",3562LP,Utrecht
Jonkvrouw Sanderijndreef,1079,"","",3562LP,Utrecht
Jonkvrouw Sanderijndreef,1081,"","",3562LP,Utrecht
Jonkvrouw Sanderijndreef,1083,"","",3562LP,Utrecht
Jonkvrouw Sanderijndreef,1085,"","",3562LP,Utrecht
Jonkvrouw Sanderijndreef,1087,"","",3562LP,Utrecht
Jonkvrouw Sanderijndreef,1089,"","",3562LP,Utrecht
Jonkvrouw Sanderijndreef,109,"","",3562LP,Utrecht
Jonkvrouw Sanderijndreef,1091,"","",3562LP,Utrecht
Jonkvrouw Sanderijndreef,1093,"","",3562LP,Utrecht
Jonkvrouw Sanderijndreef,1095,A,"",3562LP,Utrecht
Jonkvrouw Sanderijndreef,1095,B,"",3562LP,Utrecht
Jonkvrouw Sanderijndreef,1095,C,"",3562LP,Utrecht
Jonkvrouw Sanderijndreef,1095,D,"",3562LP,Utrecht
Jonkvrouw Sanderijndreef,1095,E,"",3562LP,Utrecht
Jonkvrouw Sanderijndreef,1097,"","",3562LP,Utrecht
Jonkvrouw Sanderijndreef,1099,"","",3562LP,Utrecht
Jonkvrouw Sanderijndreef,1101,"","",3562LP,Utrecht
Jonkvrouw Sanderijndreef,1103,"","",3562LP,Utrecht
Jonkvrouw Sanderijndreef,1105,"","",3562LP,Utrecht
Jonkvrouw Sanderijndreef,1107,"","",3562LP,Utrecht
Jonkvrouw Sanderijndreef,1109,"","",3562LP,Utrecht
Jonkvrouw Sanderijndreef,111,"","",3562LP,Utrecht
Jonkvrouw Sanderijndreef,1111,"","",3562LP,Utrecht
Jonkvrouw Sanderijndreef,1113,"","",3562LP,Utrecht
Jonkvrouw Sanderijndreef,1115,"","",3562LP,Utrecht
Jonkvrouw Sanderijndreef,1117,A,"",3562LP,Utrecht
Jonkvrouw Sanderijndreef,1117,B,"",3562LP,Utrecht
Jonkvrouw Sanderijndreef,1117,C,"",3562LP,Utrecht
Jonkvrouw Sanderijndreef,1117,D,"",3562LP,Utrecht
Jonkvrouw Sanderijndreef,1117,E,"",3562LP,Utrecht
Jonkvrouw Sanderijndreef,1119,"","",3562LP,Utrecht
Jonkvrouw Sanderijndreef,1121,"","",3562LP,Utrecht
Jonkvrouw Sanderijndreef,1123,"","",3562LP,Utrecht
Jonkvrouw Sanderijndreef,1125,"","",3562LP,Utrecht
Jonkvrouw Sanderijndreef,1127,"","",3562LP,Utrecht
Jonkvrouw Sanderijndreef,1129,"","",3562LP,Utrecht
Jonkvrouw Sanderijndreef,113,"","",3562LP,Utrecht
Jonkvrouw Sanderijndreef,1131,"","",3562LP,Utrecht
Jonkvrouw Sanderijndreef,1133,"","",3562LP,Utrecht
Jonkvrouw Sanderijndreef,1135,A,"",3562LP,Utrecht
Jonkvrouw Sanderijndreef,1135,B,"",3562LP,Utrecht
Jonkvrouw Sanderijndreef,1135,C,"",3562LP,Utrecht
Jonkvrouw Sanderijndreef,1135,D,"",3562LP,Utrecht
Jonkvrouw Sanderijndreef,1135,E,"",3562LP,Utrecht
Jonkvrouw Sanderijndreef,1137,"","",3562LP,Utrecht
Jonkvrouw Sanderijndreef,1139,"","",3562LP,Utrecht
Jonkvrouw Sanderijndreef,1141,"","",3562LP,Utrecht
Jonkvrouw Sanderijndreef,1143,"","",3562LP,Utrecht
Jonkvrouw Sanderijndreef,1145,"","",3562LP,Utrecht
Jonkvrouw Sanderijndreef,1147,"","",3562LP,Utrecht
Jonkvrouw Sanderijndreef,1149,A,"",3562LP,Utrecht
Jonkvrouw Sanderijndreef,1149,B,"",3562LP,Utrecht
Jonkvrouw Sanderijndreef,1149,C,"",3562LP,Utrecht
Jonkvrouw Sanderijndreef,1149,D,"",3562LP,Utrecht
Jonkvrouw Sanderijndreef,1149,E,"",3562LP,Utrecht
Jonkvrouw Sanderijndreef,115,"","",3562LP,Utrecht
Jonkvrouw Sanderijndreef,1151,"","",3562LP,Utrecht
Jonkvrouw Sanderijndreef,1153,"","",3562LP,Utrecht
Jonkvrouw Sanderijndreef,1155,"","",3562LP,Utrecht
Jonkvrouw Sanderijndreef,1157,"","",3562LP,Utrecht
Jonkvrouw Sanderijndreef,1159,A,"",3562LP,Utrecht
Jonkvrouw Sanderijndreef,1159,B,"",3562LP,Utrecht
Jonkvrouw Sanderijndreef,1159,C,"",3562LP,Utrecht
Jonkvrouw Sanderijndreef,1159,D,"",3562LP,Utrecht
Jonkvrouw Sanderijndreef,1159,E,"",3562LP,Utrecht
Jonkvrouw Sanderijndreef,117,"","",3562LP,Utrecht
Jonkvrouw Sanderijndreef,119,"","",3562LP,Utrecht
Jonkvrouw Sanderijndreef,121,"","",3562LP,Utrecht
Jonkvrouw Sanderijndreef,123,"","",3562LP,Utrecht
Jonkvrouw Sanderijndreef,125,"","",3562LP,Utrecht
Jonkvrouw Sanderijndreef,127,"","",3562LP,Utrecht
Jonkvrouw Sanderijndreef,129,"","",3562LP,Utrecht
Jonkvrouw Sanderijndreef,131,"","",3562LP,Utrecht
Jonkvrouw Sanderijndreef,133,"","",3562LP,Utrecht
Jonkvrouw Sanderijndreef,135,"","",3562LP,Utrecht
Jonkvrouw Sanderijndreef,137,"","",3562LP,Utrecht
Jonkvrouw Sanderijndreef,139,"","",3562LP,Utrecht
Jonkvrouw Sanderijndreef,141,"","",3562LP,Utrecht
Jonkvrouw Sanderijndreef,143,"","",3562LP,Utrecht
Jonkvrouw Sanderijndreef,145,"","",3562LP,Utrecht
Jonkvrouw Sanderijndreef,147,"","",3562LP,Utrecht
Jonkvrouw Sanderijndreef,149,"","",3562LP,Utrecht
Jonkvrouw Sanderijndreef,151,"","",3562LP,Utrecht
Jonkvrouw Sanderijndreef,153,"","",3562LP,Utrecht
Jonkvrouw Sanderijndreef,155,"","",3562LP,Utrecht
Jonkvrouw Sanderijndreef,157,"","",3562LP,Utrecht
Jonkvrouw Sanderijndreef,159,"","",3562LP,Utrecht
Jonkvrouw Sanderijndreef,161,"","",3562LP,Utrecht
Jonkvrouw Sanderijndreef,163,"","",3562LP,Utrecht
Jonkvrouw Sanderijndreef,165,"","",3562LP,Utrecht
Jonkvrouw Sanderijndreef,167,"","",3562LP,Utrecht
Jonkvrouw Sanderijndreef,169,"","",3562LP,Utrecht
Jonkvrouw Sanderijndreef,171,"","",3562LP,Utrecht
Jonkvrouw Sanderijndreef,173,"","",3562LP,Utrecht
Jonkvrouw Sanderijndreef,175,"","",3562LP,Utrecht
Jonkvrouw Sanderijndreef,177,"","",3562LP,Utrecht
Jonkvrouw Sanderijndreef,179,"","",3562LP,Utrecht
Jonkvrouw Sanderijndreef,181,"","",3562LP,Utrecht
Jonkvrouw Sanderijndreef,183,"","",3562LP,Utrecht
Jonkvrouw Sanderijndreef,185,"","",3562LP,Utrecht
Jonkvrouw Sanderijndreef,187,"","",3562LP,Utrecht
Jonkvrouw Sanderijndreef,189,"","",3562LP,Utrecht
Jonkvrouw Sanderijndreef,191,"","",3562LP,Utrecht
Jonkvrouw Sanderijndreef,193,"","",3562LP,Utrecht
Jonkvrouw Sanderijndreef,195,"","",3562LP,Utrecht
Jonkvrouw Sanderijndreef,197,"","",3562LP,Utrecht
Jonkvrouw Sanderijndreef,199,"","",3562LP,Utrecht
Jonkvrouw Sanderijndreef,201,"","",3562LP,Utrecht
Jonkvrouw Sanderijndreef,203,"","",3562LP,Utrecht
Jonkvrouw Sanderijndreef,205,"","",3562LP,Utrecht
Jonkvrouw Sanderijndreef,207,"","",3562LP,Utrecht
Jonkvrouw Sanderijndreef,209,"","",3562LP,Utrecht
Jonkvrouw Sanderijndreef,211,"","",3562LP,Utrecht
Jonkvrouw Sanderijndreef,213,"","",3562LP,Utrecht
Jonkvrouw Sanderijndreef,215,"","",3562LP,Utrecht
Jonkvrouw Sanderijndreef,217,"","",3562LP,Utrecht
Jonkvrouw Sanderijndreef,219,"","",3562LP,Utrecht
Jonkvrouw Sanderijndreef,221,"","",3562LP,Utrecht
Jonkvrouw Sanderijndreef,223,"","",3562LP,Utrecht
Jonkvrouw Sanderijndreef,225,"","",3562LP,Utrecht
Jonkvrouw Sanderijndreef,227,"","",3562LP,Utrecht
Jonkvrouw Sanderijndreef,229,"","",3562LP,Utrecht
Jonkvrouw Sanderijndreef,231,"","",3562LP,Utrecht
Jonkvrouw Sanderijndreef,233,"","",3562LP,Utrecht
Jonkvrouw Sanderijndreef,235,"","",3562LP,Utrecht
Jonkvrouw Sanderijndreef,237,"","",3562LP,Utrecht
Jonkvrouw Sanderijndreef,239,"","",3562LP,Utrecht
Jonkvrouw Sanderijndreef,241,"","",3562LP,Utrecht
Jonkvrouw Sanderijndreef,243,"","",3562LP,Utrecht
Jonkvrouw Sanderijndreef,245,"","",3562LP,Utrecht
Jonkvrouw Sanderijndreef,247,"","",3562LP,Utrecht
Jonkvrouw Sanderijndreef,249,"","",3562LP,Utrecht
Jonkvrouw Sanderijndreef,251,"","",3562LP,Utrecht
Jonkvrouw Sanderijndreef,253,"","",3562LP,Utrecht
Jonkvrouw Sanderijndreef,255,"","",3562LP,Utrecht
Jonkvrouw Sanderijndreef,257,"","",3562LP,Utrecht
Jonkvrouw Sanderijndreef,259,"","",3562LP,Utrecht
Jonkvrouw Sanderijndreef,261,"","",3562LP,Utrecht
Jonkvrouw Sanderijndreef,263,"","",3562LP,Utrecht
Jonkvrouw Sanderijndreef,265,"","",3562LP,Utrecht
Jonkvrouw Sanderijndreef,267,"","",3562LP,Utrecht
Jonkvrouw Sanderijndreef,269,"","",3562LP,Utrecht
Jonkvrouw Sanderijndreef,271,"","",3562LP,Utrecht
Jonkvrouw Sanderijndreef,273,"","",3562LP,Utrecht
Jonkvrouw Sanderijndreef,275,"","",3562LP,Utrecht
Jonkvrouw Sanderijndreef,277,"","",3562LP,Utrecht
Jonkvrouw Sanderijndreef,279,"","",3562LP,Utrecht
Jonkvrouw Sanderijndreef,281,"","",3562LP,Utrecht
Jonkvrouw Sanderijndreef,283,"","",3562LP,Utrecht
Jonkvrouw Sanderijndreef,285,"","",3562LP,Utrecht
Jonkvrouw Sanderijndreef,287,"","",3562LP,Utrecht
Jonkvrouw Sanderijndreef,289,"","",3562LP,Utrecht
Jonkvrouw Sanderijndreef,291,"","",3562LP,Utrecht
Jonkvrouw Sanderijndreef,293,"","",3562LP,Utrecht
Jonkvrouw Sanderijndreef,295,"","",3562LP,Utrecht
Jonkvrouw Sanderijndreef,297,"","",3562LP,Utrecht
Jonkvrouw Sanderijndreef,299,"","",3562LP,Utrecht
Jonkvrouw Sanderijndreef,301,"","",3562LP,Utrecht
Jonkvrouw Sanderijndreef,303,"","",3562LP,Utrecht
Jonkvrouw Sanderijndreef,305,"","",3562LP,Utrecht
Jonkvrouw Sanderijndreef,307,"","",3562LP,Utrecht
Jonkvrouw Sanderijndreef,309,"","",3562LP,Utrecht
Jonkvrouw Sanderijndreef,311,"","",3562LP,Utrecht
Jonkvrouw Sanderijndreef,313,"","",3562LP,Utrecht
Jonkvrouw Sanderijndreef,315,"","",3562LP,Utrecht
Jonkvrouw Sanderijndreef,317,"","",3562LP,Utrecht
Jonkvrouw Sanderijndreef,319,"","",3562LP,Utrecht
Jonkvrouw Sanderijndreef,321,"","",3562LP,Utrecht
Jonkvrouw Sanderijndreef,323,"","",3562LP,Utrecht
Jonkvrouw Sanderijndreef,325,"","",3562LP,Utrecht
Jonkvrouw Sanderijndreef,327,"","",3562LP,Utrecht
Jonkvrouw Sanderijndreef,329,"","",3562LP,Utrecht
Jonkvrouw Sanderijndreef,331,"","",3562LP,Utrecht
Jonkvrouw Sanderijndreef,333,"","",3562LP,Utrecht
Jonkvrouw Sanderijndreef,335,"","",3562LP,Utrecht
Jonkvrouw Sanderijndreef,337,"","",3562LP,Utrecht
Jonkvrouw Sanderijndreef,339,"","",3562LP,Utrecht
Jonkvrouw Sanderijndreef,341,"","",3562LP,Utrecht
Jonkvrouw Sanderijndreef,343,"","",3562LP,Utrecht
Jonkvrouw Sanderijndreef,345,"","",3562LP,Utrecht
Jonkvrouw Sanderijndreef,347,"","",3562LP,Utrecht
Jonkvrouw Sanderijndreef,349,"","",3562LP,Utrecht
Jonkvrouw Sanderijndreef,351,"","",3562LP,Utrecht
Jonkvrouw Sanderijndreef,353,"","",3562LP,Utrecht
Jonkvrouw Sanderijndreef,355,"","",3562LP,Utrecht
Jonkvrouw Sanderijndreef,357,"","",3562LP,Utrecht
Jonkvrouw Sanderijndreef,359,"","",3562LP,Utrecht
Jonkvrouw Sanderijndreef,361,"","",3562LP,Utrecht
Jonkvrouw Sanderijndreef,363,"","",3562LP,Utrecht
Jonkvrouw Sanderijndreef,365,"","",3562LP,Utrecht
Jonkvrouw Sanderijndreef,367,"","",3562LP,Utrecht
Jonkvrouw Sanderijndreef,369,"","",3562LP,Utrecht
Jonkvrouw Sanderijndreef,371,"","",3562LP,Utrecht
Jonkvrouw Sanderijndreef,373,"","",3562LP,Utrecht
Jonkvrouw Sanderijndreef,375,"","",3562LP,Utrecht
Jonkvrouw Sanderijndreef,377,"","",3562LP,Utrecht
Jonkvrouw Sanderijndreef,379,"","",3562LP,Utrecht
Jonkvrouw Sanderijndreef,381,"","",3562LP,Utrecht
Jonkvrouw Sanderijndreef,383,"","",3562LP,Utrecht
Jonkvrouw Sanderijndreef,385,"","",3562LP,Utrecht
Jonkvrouw Sanderijndreef,387,"","",3562LP,Utrecht
Jonkvrouw Sanderijndreef,389,"","",3562LP,Utrecht
Jonkvrouw Sanderijndreef,391,"","",3562LP,Utrecht
Jonkvrouw Sanderijndreef,393,"","",3562LP,Utrecht
Jonkvrouw Sanderijndreef,395,"","",3562LP,Utrecht
Jonkvrouw Sanderijndreef,397,"","",3562LP,Utrecht
Jonkvrouw Sanderijndreef,399,"","",3562LP,Utrecht
Jonkvrouw Sanderijndreef,401,"","",3562LP,Utrecht
Jonkvrouw Sanderijndreef,403,"","",3562LP,Utrecht
Jonkvrouw Sanderijndreef,405,"","",3562LP,Utrecht
Jonkvrouw Sanderijndreef,407,"","",3562LP,Utrecht
Jonkvrouw Sanderijndreef,409,A,"",3562LP,Utrecht
Jonkvrouw Sanderijndreef,409,B,"",3562LP,Utrecht
Jonkvrouw Sanderijndreef,409,C,"",3562LP,Utrecht
Jonkvrouw Sanderijndreef,409,D,"",3562LP,Utrecht
Jonkvrouw Sanderijndreef,409,E,"",3562LP,Utrecht
Jonkvrouw Sanderijndreef,411,"","",3562LP,Utrecht
Jonkvrouw Sanderijndreef,413,"","",3562LP,Utrecht
Jonkvrouw Sanderijndreef,415,"","",3562LP,Utrecht
Jonkvrouw Sanderijndreef,417,"","",3562LP,Utrecht
Jonkvrouw Sanderijndreef,419,"","",3562LP,Utrecht
Jonkvrouw Sanderijndreef,421,"","",3562LP,Utrecht
Jonkvrouw Sanderijndreef,423,"","",3562LP,Utrecht
Jonkvrouw Sanderijndreef,425,"","",3562LP,Utrecht
Jonkvrouw Sanderijndreef,427,"","",3562LP,Utrecht
Jonkvrouw Sanderijndreef,429,"","",3562LP,Utrecht
Jonkvrouw Sanderijndreef,431,"","",3562LP,Utrecht
Jonkvrouw Sanderijndreef,433,"","",3562LP,Utrecht
Jonkvrouw Sanderijndreef,435,"","",3562LP,Utrecht
Jonkvrouw Sanderijndreef,437,"","",3562LP,Utrecht
Jonkvrouw Sanderijndreef,439,"","",3562LP,Utrecht
Jonkvrouw Sanderijndreef,441,"","",3562LP,Utrecht
Jonkvrouw Sanderijndreef,443,"","",3562LP,Utrecht
Jonkvrouw Sanderijndreef,445,"","",3562LP,Utrecht
Jonkvrouw Sanderijndreef,447,A,"",3562LP,Utrecht
Jonkvrouw Sanderijndreef,447,B,"",3562LP,Utrecht
Jonkvrouw Sanderijndreef,447,C,"",3562LP,Utrecht
Jonkvrouw Sanderijndreef,447,D,"",3562LP,Utrecht
Jonkvrouw Sanderijndreef,447,E,"",3562LP,Utrecht
Jonkvrouw Sanderijndreef,449,"","",3562LP,Utrecht
Jonkvrouw Sanderijndreef,45,"","",3562LP,Utrecht
Jonkvrouw Sanderijndreef,451,"","",3562LP,Utrecht
Jonkvrouw Sanderijndreef,453,"","",3562LP,Utrecht
Jonkvrouw Sanderijndreef,455,"","",3562LP,Utrecht
Jonkvrouw Sanderijndreef,457,"","",3562LP,Utrecht
Jonkvrouw Sanderijndreef,459,"","",3562LP,Utrecht
Jonkvrouw Sanderijndreef,461,"","",3562LP,Utrecht
Jonkvrouw Sanderijndreef,463,"","",3562LP,Utrecht
Jonkvrouw Sanderijndreef,465,"","",3562LP,Utrecht
Jonkvrouw Sanderijndreef,467,"","",3562LP,Utrecht
Jonkvrouw Sanderijndreef,469,"","",3562LP,Utrecht
Jonkvrouw Sanderijndreef,47,"","",3562LP,Utrecht
Jonkvrouw Sanderijndreef,471,"","",3562LP,Utrecht
Jonkvrouw Sanderijndreef,473,"","",3562LP,Utrecht
Jonkvrouw Sanderijndreef,475,"","",3562LP,Utrecht
Jonkvrouw Sanderijndreef,477,"","",3562LP,Utrecht
Jonkvrouw Sanderijndreef,479,"","",3562LP,Utrecht
Jonkvrouw Sanderijndreef,481,A,"",3562LP,Utrecht
Jonkvrouw Sanderijndreef,481,B,"",3562LP,Utrecht
Jonkvrouw Sanderijndreef,481,C,"",3562LP,Utrecht
Jonkvrouw Sanderijndreef,481,D,"",3562LP,Utrecht
Jonkvrouw Sanderijndreef,481,E,"",3562LP,Utrecht
Jonkvrouw Sanderijndreef,483,"","",3562LP,Utrecht
Jonkvrouw Sanderijndreef,485,"","",3562LP,Utrecht
Jonkvrouw Sanderijndreef,487,"","",3562LP,Utrecht
Jonkvrouw Sanderijndreef,489,"","",3562LP,Utrecht
Jonkvrouw Sanderijndreef,49,"","",3562LP,Utrecht
Jonkvrouw Sanderijndreef,491,"","",3562LP,Utrecht
Jonkvrouw Sanderijndreef,493,"","",3562LP,Utrecht
Jonkvrouw Sanderijndreef,495,"","",3562LP,Utrecht
Jonkvrouw Sanderijndreef,497,"","",3562LP,Utrecht
Jonkvrouw Sanderijndreef,499,"","",3562LP,Utrecht
Jonkvrouw Sanderijndreef,501,"","",3562LP,Utrecht
Jonkvrouw Sanderijndreef,503,"","",3562LP,Utrecht
Jonkvrouw Sanderijndreef,505,"","",3562LP,Utrecht
Jonkvrouw Sanderijndreef,507,"","",3562LP,Utrecht
Jonkvrouw Sanderijndreef,509,"","",3562LP,Utrecht
Jonkvrouw Sanderijndreef,51,"","",3562LP,Utrecht
Jonkvrouw Sanderijndreef,511,A,"",3562LP,Utrecht
Jonkvrouw Sanderijndreef,511,B,"",3562LP,Utrecht
Jonkvrouw Sanderijndreef,511,C,"",3562LP,Utrecht
Jonkvrouw Sanderijndreef,511,D,"",3562LP,Utrecht
Jonkvrouw Sanderijndreef,511,E,"",3562LP,Utrecht
Jonkvrouw Sanderijndreef,513,"","",3562LP,Utrecht
Jonkvrouw Sanderijndreef,515,"","",3562LP,Utrecht
Jonkvrouw Sanderijndreef,517,"","",3562LP,Utrecht
Jonkvrouw Sanderijndreef,519,"","",3562LP,Utrecht
Jonkvrouw Sanderijndreef,521,"","",3562LP,Utrecht
Jonkvrouw Sanderijndreef,523,"","",3562LP,Utrecht
Jonkvrouw Sanderijndreef,525,"","",3562LP,Utrecht
Jonkvrouw Sanderijndreef,527,"","",3562LP,Utrecht
Jonkvrouw Sanderijndreef,529,"","",3562LP,Utrecht
Jonkvrouw Sanderijndreef,53,"","",3562LP,Utrecht
Jonkvrouw Sanderijndreef,531,"","",3562LP,Utrecht
Jonkvrouw Sanderijndreef,533,"","",3562LP,Utrecht
Jonkvrouw Sanderijndreef,535,"","",3562LP,Utrecht
Jonkvrouw Sanderijndreef,537,A,"",3562LP,Utrecht
Jonkvrouw Sanderijndreef,537,B,"",3562LP,Utrecht
Jonkvrouw Sanderijndreef,537,C,"",3562LP,Utrecht
Jonkvrouw Sanderijndreef,537,D,"",3562LP,Utrecht
Jonkvrouw Sanderijndreef,537,E,"",3562LP,Utrecht
Jonkvrouw Sanderijndreef,539,"","",3562LP,Utrecht
Jonkvrouw Sanderijndreef,541,"","",3562LP,Utrecht
Jonkvrouw Sanderijndreef,543,"","",3562LP,Utrecht
Jonkvrouw Sanderijndreef,545,"","",3562LP,Utrecht
Jonkvrouw Sanderijndreef,547,"","",3562LP,Utrecht
Jonkvrouw Sanderijndreef,549,"","",3562LP,Utrecht
Jonkvrouw Sanderijndreef,55,"","",3562LP,Utrecht
Jonkvrouw Sanderijndreef,551,"","",3562LP,Utrecht
Jonkvrouw Sanderijndreef,553,"","",3562LP,Utrecht
Jonkvrouw Sanderijndreef,555,"","",3562LP,Utrecht
Jonkvrouw Sanderijndreef,557,"","",3562LP,Utrecht
Jonkvrouw Sanderijndreef,559,A,"",3562LP,Utrecht
Jonkvrouw Sanderijndreef,559,B,"",3562LP,Utrecht
Jonkvrouw Sanderijndreef,559,C,"",3562LP,Utrecht
Jonkvrouw Sanderijndreef,559,D,"",3562LP,Utrecht
Jonkvrouw Sanderijndreef,559,E,"",3562LP,Utrecht
Jonkvrouw Sanderijndreef,561,"","",3562LP,Utrecht
Jonkvrouw Sanderijndreef,563,"","",3562LP,Utrecht
Jonkvrouw Sanderijndreef,565,"","",3562LP,Utrecht
Jonkvrouw Sanderijndreef,567,"","",3562LP,Utrecht
Jonkvrouw Sanderijndreef,569,"","",3562LP,Utrecht
Jonkvrouw Sanderijndreef,57,"","",3562LP,Utrecht
Jonkvrouw Sanderijndreef,571,"","",3562LP,Utrecht
Jonkvrouw Sanderijndreef,573,"","",3562LP,Utrecht
Jonkvrouw Sanderijndreef,575,"","",3562LP,Utrecht
Jonkvrouw Sanderijndreef,577,A,"",3562LP,Utrecht
Jonkvrouw Sanderijndreef,577,B,"",3562LP,Utrecht
Jonkvrouw Sanderijndreef,577,C,"",3562LP,Utrecht
Jonkvrouw Sanderijndreef,577,D,"",3562LP,Utrecht
Jonkvrouw Sanderijndreef,577,E,"",3562LP,Utrecht
Jonkvrouw Sanderijndreef,579,"","",3562LP,Utrecht
Jonkvrouw Sanderijndreef,581,"","",3562LP,Utrecht
Jonkvrouw Sanderijndreef,583,"","",3562LP,Utrecht
Jonkvrouw Sanderijndreef,585,"","",3562LP,Utrecht
Jonkvrouw Sanderijndreef,587,"","",3562LP,Utrecht
Jonkvrouw Sanderijndreef,589,"","",3562LP,Utrecht
Jonkvrouw Sanderijndreef,59,"","",3562LP,Utrecht
Jonkvrouw Sanderijndreef,591,A,"",3562LP,Utrecht
Jonkvrouw Sanderijndreef,591,B,"",3562LP,Utrecht
Jonkvrouw Sanderijndreef,591,C,"",3562LP,Utrecht
Jonkvrouw Sanderijndreef,591,D,"",3562LP,Utrecht
Jonkvrouw Sanderijndreef,591,E,"",3562LP,Utrecht
Jonkvrouw Sanderijndreef,593,"","",3562LP,Utrecht
Jonkvrouw Sanderijndreef,595,"","",3562LP,Utrecht
Jonkvrouw Sanderijndreef,597,"","",3562LP,Utrecht
Jonkvrouw Sanderijndreef,599,"","",3562LP,Utrecht
Jonkvrouw Sanderijndreef,601,A,"",3562LP,Utrecht
Jonkvrouw Sanderijndreef,601,B,"",3562LP,Utrecht
Jonkvrouw Sanderijndreef,601,C,"",3562LP,Utrecht
Jonkvrouw Sanderijndreef,601,D,"",3562LP,Utrecht
Jonkvrouw Sanderijndreef,601,E,"",3562LP,Utrecht
Jonkvrouw Sanderijndreef,603,"","",3562LP,Utrecht
Jonkvrouw Sanderijndreef,605,"","",3562LP,Utrecht
Jonkvrouw Sanderijndreef,607,"","",3562LP,Utrecht
Jonkvrouw Sanderijndreef,609,"","",3562LP,Utrecht
Jonkvrouw Sanderijndreef,61,"","",3562LP,Utrecht
Jonkvrouw Sanderijndreef,611,"","",3562LP,Utrecht
Jonkvrouw Sanderijndreef,613,"","",3562LP,Utrecht
Jonkvrouw Sanderijndreef,615,"","",3562LP,Utrecht
Jonkvrouw Sanderijndreef,617,"","",3562LP,Utrecht
Jonkvrouw Sanderijndreef,619,"","",3562LP,Utrecht
Jonkvrouw Sanderijndreef,621,"","",3562LP,Utrecht
Jonkvrouw Sanderijndreef,623,"","",3562LP,Utrecht
Jonkvrouw Sanderijndreef,625,"","",3562LP,Utrecht
Jonkvrouw Sanderijndreef,627,"","",3562LP,Utrecht
Jonkvrouw Sanderijndreef,629,"","",3562LP,Utrecht
Jonkvrouw Sanderijndreef,63,"","",3562LP,Utrecht
Jonkvrouw Sanderijndreef,631,"","",3562LP,Utrecht
Jonkvrouw Sanderijndreef,633,"","",3562LP,Utrecht
Jonkvrouw Sanderijndreef,635,"","",3562LP,Utrecht
Jonkvrouw Sanderijndreef,637,"","",3562LP,Utrecht
Jonkvrouw Sanderijndreef,639,"","",3562LP,Utrecht
Jonkvrouw Sanderijndreef,641,"","",3562LP,Utrecht
Jonkvrouw Sanderijndreef,643,"","",3562LP,Utrecht
Jonkvrouw Sanderijndreef,645,"","",3562LP,Utrecht
Jonkvrouw Sanderijndreef,647,"","",3562LP,Utrecht
Jonkvrouw Sanderijndreef,649,"","",3562LP,Utrecht
Jonkvrouw Sanderijndreef,65,"","",3562LP,Utrecht
Jonkvrouw Sanderijndreef,651,"","",3562LP,Utrecht
Jonkvrouw Sanderijndreef,653,"","",3562LP,Utrecht
Jonkvrouw Sanderijndreef,655,"","",3562LP,Utrecht
Jonkvrouw Sanderijndreef,657,"","",3562LP,Utrecht
Jonkvrouw Sanderijndreef,659,"","",3562LP,Utrecht
Jonkvrouw Sanderijndreef,661,"","",3562LP,Utrecht
Jonkvrouw Sanderijndreef,663,"","",3562LP,Utrecht
Jonkvrouw Sanderijndreef,665,"","",3562LP,Utrecht
Jonkvrouw Sanderijndreef,667,"","",3562LP,Utrecht
Jonkvrouw Sanderijndreef,669,"","",3562LP,Utrecht
Jonkvrouw Sanderijndreef,67,"","",3562LP,Utrecht
Jonkvrouw Sanderijndreef,671,"","",3562LP,Utrecht
Jonkvrouw Sanderijndreef,673,"","",3562LP,Utrecht
Jonkvrouw Sanderijndreef,675,"","",3562LP,Utrecht
Jonkvrouw Sanderijndreef,677,"","",3562LP,Utrecht
Jonkvrouw Sanderijndreef,679,"","",3562LP,Utrecht
Jonkvrouw Sanderijndreef,681,"","",3562LP,Utrecht
Jonkvrouw Sanderijndreef,683,"","",3562LP,Utrecht
Jonkvrouw Sanderijndreef,685,"","",3562LP,Utrecht
Jonkvrouw Sanderijndreef,687,"","",3562LP,Utrecht
Jonkvrouw Sanderijndreef,689,"","",3562LP,Utrecht
Jonkvrouw Sanderijndreef,69,"","",3562LP,Utrecht
Jonkvrouw Sanderijndreef,691,"","",3562LP,Utrecht
Jonkvrouw Sanderijndreef,693,"","",3562LP,Utrecht
Jonkvrouw Sanderijndreef,695,"","",3562LP,Utrecht
Jonkvrouw Sanderijndreef,697,"","",3562LP,Utrecht
Jonkvrouw Sanderijndreef,699,"","",3562LP,Utrecht
Jonkvrouw Sanderijndreef,701,"","",3562LP,Utrecht
Jonkvrouw Sanderijndreef,703,"","",3562LP,Utrecht
Jonkvrouw Sanderijndreef,705,"","",3562LP,Utrecht
Jonkvrouw Sanderijndreef,707,"","",3562LP,Utrecht
Jonkvrouw Sanderijndreef,709,"","",3562LP,Utrecht
Jonkvrouw Sanderijndreef,71,"","",3562LP,Utrecht
Jonkvrouw Sanderijndreef,711,"","",3562LP,Utrecht
Jonkvrouw Sanderijndreef,713,"","",3562LP,Utrecht
Jonkvrouw Sanderijndreef,715,"","",3562LP,Utrecht
Jonkvrouw Sanderijndreef,717,"","",3562LP,Utrecht
Jonkvrouw Sanderijndreef,719,"","",3562LP,Utrecht
Jonkvrouw Sanderijndreef,721,"","",3562LP,Utrecht
Jonkvrouw Sanderijndreef,723,"","",3562LP,Utrecht
Jonkvrouw Sanderijndreef,725,"","",3562LP,Utrecht
Jonkvrouw Sanderijndreef,727,"","",3562LP,Utrecht
Jonkvrouw Sanderijndreef,729,"","",3562LP,Utrecht
Jonkvrouw Sanderijndreef,73,"","",3562LP,Utrecht
Jonkvrouw Sanderijndreef,731,"","",3562LP,Utrecht
Jonkvrouw Sanderijndreef,733,"","",3562LP,Utrecht
Jonkvrouw Sanderijndreef,735,"","",3562LP,Utrecht
Jonkvrouw Sanderijndreef,737,"","",3562LP,Utrecht
Jonkvrouw Sanderijndreef,739,"","",3562LP,Utrecht
Jonkvrouw Sanderijndreef,741,"","",3562LP,Utrecht
Jonkvrouw Sanderijndreef,743,"","",3562LP,Utrecht
Jonkvrouw Sanderijndreef,745,"","",3562LP,Utrecht
Jonkvrouw Sanderijndreef,747,"","",3562LP,Utrecht
Jonkvrouw Sanderijndreef,749,"","",3562LP,Utrecht
Jonkvrouw Sanderijndreef,75,"","",3562LP,Utrecht
Jonkvrouw Sanderijndreef,751,"","",3562LP,Utrecht
Jonkvrouw Sanderijndreef,753,"","",3562LP,Utrecht
Jonkvrouw Sanderijndreef,755,"","",3562LP,Utrecht
Jonkvrouw Sanderijndreef,757,"","",3562LP,Utrecht
Jonkvrouw Sanderijndreef,759,"","",3562LP,Utrecht
Jonkvrouw Sanderijndreef,761,"","",3562LP,Utrecht
Jonkvrouw Sanderijndreef,763,"","",3562LP,Utrecht
Jonkvrouw Sanderijndreef,765,"","",3562LP,Utrecht
Jonkvrouw Sanderijndreef,767,"","",3562LP,Utrecht
Jonkvrouw Sanderijndreef,769,"","",3562LP,Utrecht
Jonkvrouw Sanderijndreef,77,"","",3562LP,Utrecht
Jonkvrouw Sanderijndreef,771,"","",3562LP,Utrecht
Jonkvrouw Sanderijndreef,773,"","",3562LP,Utrecht
Jonkvrouw Sanderijndreef,775,"","",3562LP,Utrecht
Jonkvrouw Sanderijndreef,777,"","",3562LP,Utrecht
Jonkvrouw Sanderijndreef,779,"","",3562LP,Utrecht
Jonkvrouw Sanderijndreef,781,"","",3562LP,Utrecht
Jonkvrouw Sanderijndreef,783,"","",3562LP,Utrecht
Jonkvrouw Sanderijndreef,785,"","",3562LP,Utrecht
Jonkvrouw Sanderijndreef,787,"","",3562LP,Utrecht
Jonkvrouw Sanderijndreef,789,"","",3562LP,Utrecht
Jonkvrouw Sanderijndreef,79,"","",3562LP,Utrecht
Jonkvrouw Sanderijndreef,791,"","",3562LP,Utrecht
Jonkvrouw Sanderijndreef,793,"","",3562LP,Utrecht
Jonkvrouw Sanderijndreef,795,"","",3562LP,Utrecht
Jonkvrouw Sanderijndreef,797,"","",3562LP,Utrecht
Jonkvrouw Sanderijndreef,799,"","",3562LP,Utrecht
Jonkvrouw Sanderijndreef,801,"","",3562LP,Utrecht
Jonkvrouw Sanderijndreef,803,"","",3562LP,Utrecht
Jonkvrouw Sanderijndreef,805,"","",3562LP,Utrecht
Jonkvrouw Sanderijndreef,807,"","",3562LP,Utrecht
Jonkvrouw Sanderijndreef,809,"","",3562LP,Utrecht
Jonkvrouw Sanderijndreef,81,"","",3562LP,Utrecht
Jonkvrouw Sanderijndreef,811,"","",3562LP,Utrecht
Jonkvrouw Sanderijndreef,813,"","",3562LP,Utrecht
Jonkvrouw Sanderijndreef,815,"","",3562LP,Utrecht
Jonkvrouw Sanderijndreef,817,"","",3562LP,Utrecht
Jonkvrouw Sanderijndreef,819,"","",3562LP,Utrecht
Jonkvrouw Sanderijndreef,821,"","",3562LP,Utrecht
Jonkvrouw Sanderijndreef,823,"","",3562LP,Utrecht
Jonkvrouw Sanderijndreef,825,"","",3562LP,Utrecht
Jonkvrouw Sanderijndreef,827,"","",3562LP,Utrecht
Jonkvrouw Sanderijndreef,829,"","",3562LP,Utrecht
Jonkvrouw Sanderijndreef,83,"","",3562LP,Utrecht
Jonkvrouw Sanderijndreef,831,"","",3562LP,Utrecht
Jonkvrouw Sanderijndreef,833,"","",3562LP,Utrecht
Jonkvrouw Sanderijndreef,835,"","",3562LP,Utrecht
Jonkvrouw Sanderijndreef,837,"","",3562LP,Utrecht
Jonkvrouw Sanderijndreef,839,"","",3562LP,Utrecht
Jonkvrouw Sanderijndreef,841,"","",3562LP,Utrecht
Jonkvrouw Sanderijndreef,843,"","",3562LP,Utrecht
Jonkvrouw Sanderijndreef,845,"","",3562LP,Utrecht
Jonkvrouw Sanderijndreef,847,"","",3562LP,Utrecht
Jonkvrouw Sanderijndreef,849,"","",3562LP,Utrecht
Jonkvrouw Sanderijndreef,85,"","",3562LP,Utrecht
Jonkvrouw Sanderijndreef,851,"","",3562LP,Utrecht
Jonkvrouw Sanderijndreef,853,"","",3562LP,Utrecht
Jonkvrouw Sanderijndreef,855,"","",3562LP,Utrecht
Jonkvrouw Sanderijndreef,857,"","",3562LP,Utrecht
Jonkvrouw Sanderijndreef,859,"","",3562LP,Utrecht
Jonkvrouw Sanderijndreef,861,"","",3562LP,Utrecht
Jonkvrouw Sanderijndreef,863,"","",3562LP,Utrecht
Jonkvrouw Sanderijndreef,865,"","",3562LP,Utrecht
Jonkvrouw Sanderijndreef,867,"","",3562LP,Utrecht
Jonkvrouw Sanderijndreef,869,"","",3562LP,Utrecht
Jonkvrouw Sanderijndreef,87,"","",3562LP,Utrecht
Jonkvrouw Sanderijndreef,871,"","",3562LP,Utrecht
Jonkvrouw Sanderijndreef,873,"","",3562LP,Utrecht
Jonkvrouw Sanderijndreef,875,"","",3562LP,Utrecht
Jonkvrouw Sanderijndreef,877,"","",3562LP,Utrecht
Jonkvrouw Sanderijndreef,879,"","",3562LP,Utrecht
Jonkvrouw Sanderijndreef,881,"","",3562LP,Utrecht
Jonkvrouw Sanderijndreef,883,"","",3562LP,Utrecht
Jonkvrouw Sanderijndreef,885,"","",3562LP,Utrecht
Jonkvrouw Sanderijndreef,887,"","",3562LP,Utrecht
Jonkvrouw Sanderijndreef,889,"","",3562LP,Utrecht
Jonkvrouw Sanderijndreef,89,"","",3562LP,Utrecht
Jonkvrouw Sanderijndreef,891,"","",3562LP,Utrecht
Jonkvrouw Sanderijndreef,893,"","",3562LP,Utrecht
Jonkvrouw Sanderijndreef,895,"","",3562LP,Utrecht
Jonkvrouw Sanderijndreef,897,"","",3562LP,Utrecht
Jonkvrouw Sanderijndreef,899,"","",3562LP,Utrecht
Jonkvrouw Sanderijndreef,901,"","",3562LP,Utrecht
Jonkvrouw Sanderijndreef,903,"","",3562LP,Utrecht
Jonkvrouw Sanderijndreef,905,"","",3562LP,Utrecht
Jonkvrouw Sanderijndreef,907,"","",3562LP,Utrecht
Jonkvrouw Sanderijndreef,909,"","",3562LP,Utrecht
Jonkvrouw Sanderijndreef,91,"","",3562LP,Utrecht
Jonkvrouw Sanderijndreef,911,"","",3562LP,Utrecht
Jonkvrouw Sanderijndreef,913,"","",3562LP,Utrecht
Jonkvrouw Sanderijndreef,915,"","",3562LP,Utrecht
Jonkvrouw Sanderijndreef,917,"","",3562LP,Utrecht
Jonkvrouw Sanderijndreef,919,"","",3562LP,Utrecht
Jonkvrouw Sanderijndreef,921,"","",3562LP,Utrecht
Jonkvrouw Sanderijndreef,923,"","",3562LP,Utrecht
Jonkvrouw Sanderijndreef,925,"","",3562LP,Utrecht
Jonkvrouw Sanderijndreef,927,"","",3562LP,Utrecht
Jonkvrouw Sanderijndreef,929,"","",3562LP,Utrecht
Jonkvrouw Sanderijndreef,93,"","",3562LP,Utrecht
Jonkvrouw Sanderijndreef,931,"","",3562LP,Utrecht
Jonkvrouw Sanderijndreef,933,"","",3562LP,Utrecht
Jonkvrouw Sanderijndreef,935,"","",3562LP,Utrecht
Jonkvrouw Sanderijndreef,937,"","",3562LP,Utrecht
Jonkvrouw Sanderijndreef,939,"","",3562LP,Utrecht
Jonkvrouw Sanderijndreef,941,"","",3562LP,Utrecht
Jonkvrouw Sanderijndreef,943,"","",3562LP,Utrecht
Jonkvrouw Sanderijndreef,945,"","",3562LP,Utrecht
Jonkvrouw Sanderijndreef,947,"","",3562LP,Utrecht
Jonkvrouw Sanderijndreef,949,"","",3562LP,Utrecht
Jonkvrouw Sanderijndreef,95,"","",3562LP,Utrecht
Jonkvrouw Sanderijndreef,951,"","",3562LP,Utrecht
Jonkvrouw Sanderijndreef,953,"","",3562LP,Utrecht
Jonkvrouw Sanderijndreef,955,"","",3562LP,Utrecht
Jonkvrouw Sanderijndreef,957,"","",3562LP,Utrecht
Jonkvrouw Sanderijndreef,959,"","",3562LP,Utrecht
Jonkvrouw Sanderijndreef,961,"","",3562LP,Utrecht
Jonkvrouw Sanderijndreef,963,"","",3562LP,Utrecht
Jonkvrouw Sanderijndreef,965,"","",3562LP,Utrecht
Jonkvrouw Sanderijndreef,967,A,"",3562LP,Utrecht
Jonkvrouw Sanderijndreef,967,B,"",3562LP,Utrecht
Jonkvrouw Sanderijndreef,967,C,"",3562LP,Utrecht
Jonkvrouw Sanderijndreef,967,D,"",3562LP,Utrecht
Jonkvrouw Sanderijndreef,967,E,"",3562LP,Utrecht
Jonkvrouw Sanderijndreef,969,"","",3562LP,Utrecht
Jonkvrouw Sanderijndreef,97,"","",3562LP,Utrecht
Jonkvrouw Sanderijndreef,971,"","",3562LP,Utrecht
Jonkvrouw Sanderijndreef,973,"","",3562LP,Utrecht
Jonkvrouw Sanderijndreef,975,"","",3562LP,Utrecht
Jonkvrouw Sanderijndreef,977,"","",3562LP,Utrecht
Jonkvrouw Sanderijndreef,979,"","",3562LP,Utrecht
Jonkvrouw Sanderijndreef,981,"","",3562LP,Utrecht
Jonkvrouw Sanderijndreef,983,"","",3562LP,Utrecht
Jonkvrouw Sanderijndreef,985,"","",3562LP,Utrecht
Jonkvrouw Sanderijndreef,987,"","",3562LP,Utrecht
Jonkvrouw Sanderijndreef,989,"","",3562LP,Utrecht
Jonkvrouw Sanderijndreef,99,"","",3562LP,Utrecht
Jonkvrouw Sanderijndreef,991,"","",3562LP,Utrecht
Jonkvrouw Sanderijndreef,993,"","",3562LP,Utrecht
Jonkvrouw Sanderijndreef,995,"","",3562LP,Utrecht
Jonkvrouw Sanderijndreef,997,"","",3562LP,Utrecht
Jonkvrouw Sanderijndreef,999,"","",3562LP,Utrecht
Korfoedreef,1,"","",3562SB,Utrecht
Korfoedreef,11,"","",3562SB,Utrecht
Korfoedreef,13,"","",3562SB,Utrecht
Korfoedreef,15,"","",3562SB,Utrecht
Korfoedreef,17,"","",3562SB,Utrecht
Korfoedreef,19,"","",3562SB,Utrecht
Korfoedreef,21,"","",3562SB,Utrecht
Korfoedreef,23,"","",3562SB,Utrecht
Korfoedreef,25,"","",3562SB,Utrecht
Korfoedreef,27,"","",3562SB,Utrecht
Korfoedreef,3,"","",3562SB,Utrecht
Korfoedreef,5,"","",3562SB,Utrecht
Korfoedreef,7,"","",3562SB,Utrecht
Korfoedreef,9,"","",3562SB,Utrecht
Korfoedreef,29,"","",3562SC,Utrecht
Korfoedreef,31,"","",3562SC,Utrecht
Korfoedreef,33,"","",3562SC,Utrecht
Korfoedreef,35,"","",3562SC,Utrecht
Korfoedreef,37,"","",3562SC,Utrecht
Korfoedreef,39,"","",3562SC,Utrecht
Korfoedreef,41,"","",3562SC,Utrecht
Korfoedreef,43,"","",3562SC,Utrecht
Korfoedreef,45,"","",3562SC,Utrecht
Korfoedreef,47,"","",3562SC,Utrecht
Korfoedreef,49,"","",3562SC,Utrecht
Korfoedreef,51,"","",3562SC,Utrecht
Korfoedreef,53,"","",3562SC,Utrecht
Korfoedreef,55,"","",3562SC,Utrecht
Korfoedreef,57,"","",3562SE,Utrecht
Korfoedreef,59,"","",3562SE,Utrecht
Korfoedreef,61,"","",3562SE,Utrecht
Korfoedreef,63,"","",3562SE,Utrecht
Korfoedreef,65,"","",3562SE,Utrecht
Korfoedreef,67,"","",3562SE,Utrecht
Korfoedreef,69,"","",3562SE,Utrecht
Korfoedreef,71,"","",3562SE,Utrecht
Korfoedreef,73,"","",3562SE,Utrecht
Korfoedreef,75,"","",3562SE,Utrecht
Korfoedreef,77,"","",3562SE,Utrecht
Korfoedreef,79,"","",3562SE,Utrecht
Korfoedreef,81,"","",3562SE,Utrecht
Korfoedreef,83,"","",3562SE,Utrecht
Korfoedreef,101,"","",3562SG,Utrecht
Korfoedreef,103,"","",3562SG,Utrecht
Korfoedreef,105,"","",3562SG,Utrecht
Korfoedreef,107,"","",3562SG,Utrecht
Korfoedreef,109,"","",3562SG,Utrecht
Korfoedreef,111,"","",3562SG,Utrecht
Korfoedreef,85,"","",3562SG,Utrecht
Korfoedreef,87,"","",3562SG,Utrecht
Korfoedreef,89,"","",3562SG,Utrecht
Korfoedreef,91,"","",3562SG,Utrecht
Korfoedreef,93,"","",3562SG,Utrecht
Korfoedreef,95,"","",3562SG,Utrecht
Korfoedreef,97,"","",3562SG,Utrecht
Korfoedreef,99,"","",3562SG,Utrecht
Korfoedreef,113,"","",3562SH,Utrecht
Korfoedreef,115,"","",3562SH,Utrecht
Korfoedreef,117,"","",3562SH,Utrecht
Korfoedreef,119,"","",3562SH,Utrecht
Korfoedreef,121,"","",3562SH,Utrecht
Korfoedreef,123,"","",3562SH,Utrecht
Korfoedreef,125,"","",3562SH,Utrecht
Korfoedreef,127,"","",3562SH,Utrecht
Korfoedreef,129,"","",3562SH,Utrecht
Korfoedreef,131,"","",3562SH,Utrecht
Korfoedreef,133,"","",3562SH,Utrecht
Korfoedreef,135,"","",3562SH,Utrecht
Korfoedreef,137,"","",3562SH,Utrecht
Korfoedreef,139,"","",3562SH,Utrecht
Korfoedreef,141,"","",3562SJ,Utrecht
Korfoedreef,143,"","",3562SJ,Utrecht
Korfoedreef,145,"","",3562SJ,Utrecht
Korfoedreef,147,"","",3562SJ,Utrecht
Korfoedreef,149,"","",3562SJ,Utrecht
Korfoedreef,151,"","",3562SJ,Utrecht
Korfoedreef,153,"","",3562SJ,Utrecht
Korfoedreef,155,"","",3562SJ,Utrecht
Korfoedreef,157,"","",3562SJ,Utrecht
Korfoedreef,159,"","",3562SJ,Utrecht
Korfoedreef,161,"","",3562SJ,Utrecht
Korfoedreef,163,"","",3562SJ,Utrecht
Korfoedreef,165,"","",3562SJ,Utrecht
Korfoedreef,167,"","",3562SJ,Utrecht
Korfoedreef,169,"","",3562SK,Utrecht
Korfoedreef,171,"","",3562SK,Utrecht
Korfoedreef,173,"","",3562SK,Utrecht
Korfoedreef,175,"","",3562SK,Utrecht
Korfoedreef,177,"","",3562SK,Utrecht
Korfoedreef,179,"","",3562SK,Utrecht
Korfoedreef,181,"","",3562SK,Utrecht
Korfoedreef,183,"","",3562SK,Utrecht
Korfoedreef,185,"","",3562SK,Utrecht
Korfoedreef,187,"","",3562SK,Utrecht
Korfoedreef,189,"","",3562SK,Utrecht
Korfoedreef,191,"","",3562SK,Utrecht
Korfoedreef,193,"","",3562SK,Utrecht
Korfoedreef,195,"","",3562SK,Utrecht
Korfoedreef,197,"","",3562SL,Utrecht
Korfoedreef,199,"","",3562SL,Utrecht
Korfoedreef,201,"","",3562SL,Utrecht
Korfoedreef,203,"","",3562SL,Utrecht
Korfoedreef,205,"","",3562SL,Utrecht
Korfoedreef,207,"","",3562SL,Utrecht
Korfoedreef,209,"","",3562SL,Utrecht
Korfoedreef,211,"","",3562SL,Utrecht
Korfoedreef,213,"","",3562SL,Utrecht
Korfoedreef,215,"","",3562SL,Utrecht
Korfoedreef,217,"","",3562SL,Utrecht
Korfoedreef,219,"","",3562SL,Utrecht
Korfoedreef,221,"","",3562SL,Utrecht
Korfoedreef,223,"","",3562SL,Utrecht
Korfoedreef,10,"","",3562SM,Utrecht
Korfoedreef,12,"","",3562SM,Utrecht
Korfoedreef,14,"","",3562SM,Utrecht
Korfoedreef,16,"","",3562SM,Utrecht
Korfoedreef,18,"","",3562SM,Utrecht
Korfoedreef,2,"","",3562SM,Utrecht
Korfoedreef,20,"","",3562SM,Utrecht
Korfoedreef,22,"","",3562SM,Utrecht
Korfoedreef,225,"","",3562SM,Utrecht
Korfoedreef,227,"","",3562SM,Utrecht
Korfoedreef,229,"","",3562SM,Utrecht
Korfoedreef,231,"","",3562SM,Utrecht
Korfoedreef,233,"","",3562SM,Utrecht
Korfoedreef,235,"","",3562SM,Utrecht
Korfoedreef,237,"","",3562SM,Utrecht
Korfoedreef,239,"","",3562SM,Utrecht
Korfoedreef,24,"","",3562SM,Utrecht
Korfoedreef,241,"","",3562SM,Utrecht
Korfoedreef,243,"","",3562SM,Utrecht
Korfoedreef,245,"","",3562SM,Utrecht
Korfoedreef,247,"","",3562SM,Utrecht
Korfoedreef,249,"","",3562SM,Utrecht
Korfoedreef,26,"","",3562SM,Utrecht
Korfoedreef,28,"","",3562SM,Utrecht
Korfoedreef,30,"","",3562SM,Utrecht
Korfoedreef,32,"","",3562SM,Utrecht
Korfoedreef,34,"","",3562SM,Utrecht
Korfoedreef,36,"","",3562SM,Utrecht
Korfoedreef,38,"","",3562SM,Utrecht
Korfoedreef,4,"","",3562SM,Utrecht
Korfoedreef,40,"","",3562SM,Utrecht
Korfoedreef,42,"","",3562SM,Utrecht
Korfoedreef,44,"","",3562SM,Utrecht
Korfoedreef,46,"","",3562SM,Utrecht
Korfoedreef,48,"","",3562SM,Utrecht
Korfoedreef,50,"","",3562SM,Utrecht
Korfoedreef,52,"","",3562SM,Utrecht
Korfoedreef,54,"","",3562SM,Utrecht
Korfoedreef,56,"","",3562SM,Utrecht
Korfoedreef,58,"","",3562SM,Utrecht
Korfoedreef,6,"","",3562SM,Utrecht
Korfoedreef,8,"","",3562SM,Utrecht
Moezeldreef,1,"","",3562SN,Utrecht
Moezeldreef,11,"","",3562SN,Utrecht
Moezeldreef,13,"","",3562SN,Utrecht
Moezeldreef,15,"","",3562SN,Utrecht
Moezeldreef,17,"","",3562SN,Utrecht
Moezeldreef,19,"","",3562SN,Utrecht
Moezeldreef,21,"","",3562SN,Utrecht
Moezeldreef,23,"","",3562SN,Utrecht
Moezeldreef,25,"","",3562SN,Utrecht
Moezeldreef,27,"","",3562SN,Utrecht
Moezeldreef,29,"","",3562SN,Utrecht
Moezeldreef,3,"","",3562SN,Utrecht
Moezeldreef,31,"","",3562SN,Utrecht
Moezeldreef,33,"","",3562SN,Utrecht
Moezeldreef,35,"","",3562SN,Utrecht
Moezeldreef,37,"","",3562SN,Utrecht
Moezeldreef,39,"","",3562SN,Utrecht
Moezeldreef,41,"","",3562SN,Utrecht
Moezeldreef,43,"","",3562SN,Utrecht
Moezeldreef,45,"","",3562SN,Utrecht
Moezeldreef,47,"","",3562SN,Utrecht
Moezeldreef,5,"","",3562SN,Utrecht
Moezeldreef,7,"","",3562SN,Utrecht
Moezeldreef,9,"","",3562SN,Utrecht
Moezeldreef,49,"","",3562SP,Utrecht
Moezeldreef,51,"","",3562SP,Utrecht
Moezeldreef,53,"","",3562SP,Utrecht
Moezeldreef,55,"","",3562SP,Utrecht
Moezeldreef,57,"","",3562SP,Utrecht
Moezeldreef,59,"","",3562SP,Utrecht
Moezeldreef,61,"","",3562SP,Utrecht
Moezeldreef,63,"","",3562SP,Utrecht
Moezeldreef,65,"","",3562SP,Utrecht
Moezeldreef,67,"","",3562SP,Utrecht
Moezeldreef,69,"","",3562SP,Utrecht
Moezeldreef,71,"","",3562SP,Utrecht
Moezeldreef,73,"","",3562SP,Utrecht
Moezeldreef,75,"","",3562SP,Utrecht
Moezeldreef,77,"","",3562SP,Utrecht
Moezeldreef,79,"","",3562SP,Utrecht
Moezeldreef,81,"","",3562SP,Utrecht
Moezeldreef,83,"","",3562SP,Utrecht
Moezeldreef,85,"","",3562SP,Utrecht
Moezeldreef,87,"","",3562SP,Utrecht
Moezeldreef,89,"","",3562SP,Utrecht
Moezeldreef,91,"","",3562SP,Utrecht
Moezeldreef,93,"","",3562SP,Utrecht
Moezeldreef,95,"","",3562SP,Utrecht
Moezeldreef,101,"","",3562SR,Utrecht
Moezeldreef,103,"","",3562SR,Utrecht
Moezeldreef,105,"","",3562SR,Utrecht
Moezeldreef,107,"","",3562SR,Utrecht
Moezeldreef,109,"","",3562SR,Utrecht
Moezeldreef,111,"","",3562SR,Utrecht
Moezeldreef,113,"","",3562SR,Utrecht
Moezeldreef,115,"","",3562SR,Utrecht
Moezeldreef,117,"","",3562SR,Utrecht
Moezeldreef,119,"","",3562SR,Utrecht
Moezeldreef,97,"","",3562SR,Utrecht
Moezeldreef,99,"","",3562SR,Utrecht
Mykonosdreef,1,"","",3562ST,Utrecht
Mykonosdreef,11,"","",3562ST,Utrecht
Mykonosdreef,13,"","",3562ST,Utrecht
Mykonosdreef,15,"","",3562ST,Utrecht
Mykonosdreef,3,"","",3562ST,Utrecht
Mykonosdreef,5,"","",3562ST,Utrecht
Mykonosdreef,7,"","",3562ST,Utrecht
Mykonosdreef,9,"","",3562ST,Utrecht
Rhodosdreef,1,"","",3562TA,Utrecht
Rhodosdreef,11,"","",3562TA,Utrecht
Rhodosdreef,13,"","",3562TA,Utrecht
Rhodosdreef,15,"","",3562TA,Utrecht
Rhodosdreef,17,"","",3562TA,Utrecht
Rhodosdreef,19,"","",3562TA,Utrecht
Rhodosdreef,3,"","",3562TA,Utrecht
Rhodosdreef,5,"","",3562TA,Utrecht
Rhodosdreef,7,"","",3562TA,Utrecht
Rhodosdreef,9,"","",3562TA,Utrecht
Rhodosdreef,21,"","",3562TB,Utrecht
Rhodosdreef,23,"","",3562TB,Utrecht
Rhodosdreef,25,"","",3562TB,Utrecht
Rhodosdreef,27,"","",3562TB,Utrecht
Rhodosdreef,29,"","",3562TB,Utrecht
Rhodosdreef,31,"","",3562TB,Utrecht
Rhodosdreef,33,"","",3562TB,Utrecht
Rhodosdreef,35,"","",3562TB,Utrecht
Rhodosdreef,37,"","",3562TB,Utrecht
Rhodosdreef,39,"","",3562TB,Utrecht
Rhodosdreef,41,"","",3562TB,Utrecht
Rhodosdreef,43,"","",3562TB,Utrecht
Rhodosdreef,45,"","",3562TB,Utrecht
Rhodosdreef,47,"","",3562TB,Utrecht
Rhodosdreef,49,"","",3562TC,Utrecht
Rhodosdreef,51,"","",3562TC,Utrecht
Rhodosdreef,53,"","",3562TC,Utrecht
Rhodosdreef,55,"","",3562TC,Utrecht
Rhodosdreef,57,"","",3562TC,Utrecht
Rhodosdreef,59,"","",3562TC,Utrecht
Rhodosdreef,61,"","",3562TC,Utrecht
Rhodosdreef,63,"","",3562TC,Utrecht
Rhodosdreef,65,"","",3562TC,Utrecht
Rhodosdreef,67,"","",3562TC,Utrecht
Rhodosdreef,69,"","",3562TD,Utrecht
Rhodosdreef,71,"","",3562TD,Utrecht
Rhodosdreef,73,"","",3562TD,Utrecht
Rhodosdreef,75,"","",3562TD,Utrecht
Rhodosdreef,77,"","",3562TD,Utrecht
Rhodosdreef,79,"","",3562TD,Utrecht
Rhodosdreef,81,"","",3562TD,Utrecht
Rhodosdreef,83,"","",3562TD,Utrecht
Rhodosdreef,85,"","",3562TD,Utrecht
Rhodosdreef,87,"","",3562TD,Utrecht
Rhodosdreef,89,"","",3562TD,Utrecht
Rhodosdreef,91,"","",3562TD,Utrecht
Rhodosdreef,93,"","",3562TD,Utrecht
Rhodosdreef,95,"","",3562TD,Utrecht
Rhodosdreef,10,"","",3562TE,Utrecht
Rhodosdreef,12,"","",3562TE,Utrecht
Rhodosdreef,14,"","",3562TE,Utrecht
Rhodosdreef,16,"","",3562TE,Utrecht
Rhodosdreef,18,"","",3562TE,Utrecht
Rhodosdreef,2,"","",3562TE,Utrecht
Rhodosdreef,20,"","",3562TE,Utrecht
Rhodosdreef,22,"","",3562TE,Utrecht
Rhodosdreef,24,"","",3562TE,Utrecht
Rhodosdreef,26,"","",3562TE,Utrecht
Rhodosdreef,28,"","",3562TE,Utrecht
Rhodosdreef,30,"","",3562TE,Utrecht
Rhodosdreef,32,"","",3562TE,Utrecht
Rhodosdreef,34,"","",3562TE,Utrecht
Rhodosdreef,36,"","",3562TE,Utrecht
Rhodosdreef,38,"","",3562TE,Utrecht
Rhodosdreef,4,"","",3562TE,Utrecht
Rhodosdreef,40,"","",3562TE,Utrecht
Rhodosdreef,42,"","",3562TE,Utrecht
Rhodosdreef,44,"","",3562TE,Utrecht
Rhodosdreef,46,"","",3562TE,Utrecht
Rhodosdreef,48,"","",3562TE,Utrecht
Rhodosdreef,50,"","",3562TE,Utrecht
Rhodosdreef,52,"","",3562TE,Utrecht
Rhodosdreef,54,"","",3562TE,Utrecht
Rhodosdreef,6,"","",3562TE,Utrecht
Rhodosdreef,8,"","",3562TE,Utrecht
Rhodosdreef,56,"","",3562TG,Utrecht
Rhodosdreef,58,"","",3562TG,Utrecht
Rhodosdreef,60,"","",3562TG,Utrecht
Rhodosdreef,62,"","",3562TG,Utrecht
Rhodosdreef,64,"","",3562TG,Utrecht
Rhodosdreef,66,"","",3562TG,Utrecht
Rhodosdreef,68,"","",3562TG,Utrecht
Rhodosdreef,70,"","",3562TG,Utrecht
Rhodosdreef,72,"","",3562TG,Utrecht
Rhodosdreef,74,"","",3562TG,Utrecht
Rhodosdreef,76,"","",3562TG,Utrecht
Rhodosdreef,78,"","",3562TG,Utrecht
Rhodosdreef,80,"","",3562TG,Utrecht
Rhodosdreef,82,"","",3562TG,Utrecht
Rhodosdreef,100,"","",3562TH,Utrecht
Rhodosdreef,102,"","",3562TH,Utrecht
Rhodosdreef,104,"","",3562TH,Utrecht
Rhodosdreef,106,"","",3562TH,Utrecht
Rhodosdreef,108,"","",3562TH,Utrecht
Rhodosdreef,110,"","",3562TH,Utrecht
Rhodosdreef,84,"","",3562TH,Utrecht
Rhodosdreef,86,"","",3562TH,Utrecht
Rhodosdreef,88,"","",3562TH,Utrecht
Rhodosdreef,90,"","",3562TH,Utrecht
Rhodosdreef,92,"","",3562TH,Utrecht
Rhodosdreef,94,"","",3562TH,Utrecht
Rhodosdreef,96,"","",3562TH,Utrecht
Rhodosdreef,98,"","",3562TH,Utrecht
Rhodosdreef,112,"","",3562TJ,Utrecht
Rhodosdreef,114,"","",3562TJ,Utrecht
Rhodosdreef,116,"","",3562TJ,Utrecht
Rhodosdreef,118,"","",3562TJ,Utrecht
Rhodosdreef,120,"","",3562TJ,Utrecht
Rhodosdreef,122,"","",3562TJ,Utrecht
Rhodosdreef,124,"","",3562TJ,Utrecht
Rhodosdreef,126,"","",3562TJ,Utrecht
Rhodosdreef,128,"","",3562TJ,Utrecht
Rhodosdreef,130,"","",3562TJ,Utrecht
Rhodosdreef,132,"","",3562TJ,Utrecht
Rhodosdreef,134,"","",3562TJ,Utrecht
Rhodosdreef,136,"","",3562TJ,Utrecht
Rhodosdreef,138,"","",3562TJ,Utrecht
Rhodosdreef,140,"","",3562TK,Utrecht
Rhodosdreef,142,"","",3562TK,Utrecht
Rhodosdreef,144,"","",3562TK,Utrecht
Rhodosdreef,146,"","",3562TK,Utrecht
Rhodosdreef,148,"","",3562TK,Utrecht
Rhodosdreef,150,"","",3562TK,Utrecht
Rhodosdreef,152,"","",3562TK,Utrecht
Rhodosdreef,154,"","",3562TK,Utrecht
Rhodosdreef,156,"","",3562TK,Utrecht
Rhodosdreef,158,"","",3562TK,Utrecht
Rhodosdreef,160,"","",3562TK,Utrecht
Rhodosdreef,162,"","",3562TK,Utrecht
Rhodosdreef,164,"","",3562TK,Utrecht
Rhodosdreef,166,"","",3562TK,Utrecht
Rhodosdreef,168,"","",3562TL,Utrecht
Rhodosdreef,170,"","",3562TL,Utrecht
Rhodosdreef,172,"","",3562TL,Utrecht
Rhodosdreef,174,"","",3562TL,Utrecht
Rhodosdreef,176,"","",3562TL,Utrecht
Rhodosdreef,178,"","",3562TL,Utrecht
Rhodosdreef,180,"","",3562TL,Utrecht
Rhodosdreef,182,"","",3562TL,Utrecht
Rhodosdreef,184,"","",3562TL,Utrecht
Rhodosdreef,186,"","",3562TL,Utrecht
Rhodosdreef,188,"","",3562TL,Utrecht
Rhodosdreef,190,"","",3562TL,Utrecht
Rhodosdreef,192,"","",3562TL,Utrecht
Rhodosdreef,194,"","",3562TL,Utrecht
Rhodosdreef,196,"","",3562TM,Utrecht
Rhodosdreef,198,"","",3562TM,Utrecht
Rhodosdreef,200,"","",3562TM,Utrecht
Rhodosdreef,202,"","",3562TM,Utrecht
Rhodosdreef,204,"","",3562TM,Utrecht
Rhodosdreef,206,"","",3562TM,Utrecht
Rhodosdreef,208,"","",3562TM,Utrecht
Rhodosdreef,210,"","",3562TM,Utrecht
Rhodosdreef,212,"","",3562TM,Utrecht
Rhodosdreef,214,"","",3562TM,Utrecht
Rhodosdreef,216,"","",3562TM,Utrecht
Rhodosdreef,218,"","",3562TM,Utrecht
Rhodosdreef,220,"","",3562TM,Utrecht
Rhodosdreef,222,"","",3562TM,Utrecht
Rhodosdreef,224,"","",3562TN,Utrecht
Rhodosdreef,226,"","",3562TN,Utrecht
Rhodosdreef,228,"","",3562TN,Utrecht
Rhodosdreef,230,"","",3562TN,Utrecht
Rhodosdreef,232,"","",3562TN,Utrecht
Rhodosdreef,234,"","",3562TN,Utrecht
Rhodosdreef,236,"","",3562TN,Utrecht
Rhodosdreef,238,"","",3562TN,Utrecht
Rhodosdreef,240,"","",3562TN,Utrecht
Rhodosdreef,242,"","",3562TN,Utrecht
Rhodosdreef,244,"","",3562TN,Utrecht
Rhodosdreef,246,"","",3562TN,Utrecht
Rhodosdreef,248,"","",3562TN,Utrecht
Rhodosdreef,250,"","",3562TN,Utrecht
Kretadreef,10,"","",3562VA,Utrecht
Kretadreef,12,"","",3562VA,Utrecht
Kretadreef,14,"","",3562VA,Utrecht
Kretadreef,16,"","",3562VA,Utrecht
Kretadreef,18,"","",3562VA,Utrecht
Kretadreef,2,"","",3562VA,Utrecht
Kretadreef,20,"","",3562VA,Utrecht
Kretadreef,22,"","",3562VA,Utrecht
Kretadreef,24,"","",3562VA,Utrecht
Kretadreef,26,"","",3562VA,Utrecht
Kretadreef,28,"","",3562VA,Utrecht
Kretadreef,30,"","",3562VA,Utrecht
Kretadreef,32,"","",3562VA,Utrecht
Kretadreef,34,"","",3562VA,Utrecht
Kretadreef,36,"","",3562VA,Utrecht
Kretadreef,38,"","",3562VA,Utrecht
Kretadreef,4,"","",3562VA,Utrecht
Kretadreef,40,"","",3562VA,Utrecht
Kretadreef,42,"","",3562VA,Utrecht
Kretadreef,44,"","",3562VA,Utrecht
Kretadreef,6,"","",3562VA,Utrecht
Kretadreef,61,"","",3562VA,Utrecht
Kretadreef,8,"","",3562VA,Utrecht
Kretadreef,46,"","",3562VB,Utrecht
Kretadreef,48,"","",3562VB,Utrecht
Kretadreef,50,"","",3562VB,Utrecht
Kretadreef,52,"","",3562VB,Utrecht
Kretadreef,54,"","",3562VB,Utrecht
Kretadreef,56,"","",3562VB,Utrecht
Kretadreef,58,"","",3562VB,Utrecht
Kretadreef,60,"","",3562VB,Utrecht
Kretadreef,62,"","",3562VB,Utrecht
Kretadreef,64,"","",3562VB,Utrecht
Kretadreef,66,"","",3562VB,Utrecht
Kretadreef,68,"","",3562VB,Utrecht
Kretadreef,70,"","",3562VB,Utrecht
Kretadreef,72,"","",3562VB,Utrecht
Kretadreef,74,"","",3562VB,Utrecht
Kretadreef,76,"","",3562VB,Utrecht
Kretadreef,78,"","",3562VB,Utrecht
Kretadreef,80,"","",3562VB,Utrecht
Kretadreef,82,"","",3562VB,Utrecht
Kretadreef,84,"","",3562VB,Utrecht
Kretadreef,86,"","",3562VB,Utrecht
Kretadreef,88,"","",3562VB,Utrecht
Kretadreef,90,"","",3562VB,Utrecht
Kretadreef,92,"","",3562VB,Utrecht
Kretadreef,100,"","",3562VC,Utrecht
Kretadreef,102,"","",3562VC,Utrecht
Kretadreef,104,"","",3562VC,Utrecht
Kretadreef,106,"","",3562VC,Utrecht
Kretadreef,108,"","",3562VC,Utrecht
Kretadreef,110,"","",3562VC,Utrecht
Kretadreef,112,"","",3562VC,Utrecht
Kretadreef,114,"","",3562VC,Utrecht
Kretadreef,116,"","",3562VC,Utrecht
Kretadreef,118,"","",3562VC,Utrecht
Kretadreef,120,"","",3562VC,Utrecht
Kretadreef,122,"","",3562VC,Utrecht
Kretadreef,124,"","",3562VC,Utrecht
Kretadreef,126,"","",3562VC,Utrecht
Kretadreef,128,"","",3562VC,Utrecht
Kretadreef,130,"","",3562VC,Utrecht
Kretadreef,132,"","",3562VC,Utrecht
Kretadreef,134,"","",3562VC,Utrecht
Kretadreef,136,"","",3562VC,Utrecht
Kretadreef,138,"","",3562VC,Utrecht
Kretadreef,140,"","",3562VC,Utrecht
Kretadreef,94,"","",3562VC,Utrecht
Kretadreef,96,"","",3562VC,Utrecht
Kretadreef,98,"","",3562VC,Utrecht
Kretadreef,142,"","",3562VD,Utrecht
Kretadreef,144,"","",3562VD,Utrecht
Kretadreef,146,"","",3562VD,Utrecht
Kretadreef,148,"","",3562VD,Utrecht
Kretadreef,150,"","",3562VD,Utrecht
Kretadreef,152,"","",3562VD,Utrecht
Kretadreef,154,"","",3562VD,Utrecht
Kretadreef,156,"","",3562VD,Utrecht
Kretadreef,158,"","",3562VD,Utrecht
Kretadreef,160,"","",3562VD,Utrecht
Kretadreef,162,"","",3562VD,Utrecht
Kretadreef,164,"","",3562VD,Utrecht
Kretadreef,166,"","",3562VD,Utrecht
Kretadreef,168,"","",3562VD,Utrecht
Milosdreef,1,"","",3562VE,Utrecht
Milosdreef,11,"","",3562VE,Utrecht
Milosdreef,13,"","",3562VE,Utrecht
Milosdreef,15,"","",3562VE,Utrecht
Milosdreef,17,"","",3562VE,Utrecht
Milosdreef,19,"","",3562VE,Utrecht
Milosdreef,21,"","",3562VE,Utrecht
Milosdreef,23,"","",3562VE,Utrecht
Milosdreef,25,"","",3562VE,Utrecht
Milosdreef,27,"","",3562VE,Utrecht
Milosdreef,29,"","",3562VE,Utrecht
Milosdreef,3,"","",3562VE,Utrecht
Milosdreef,31,"","",3562VE,Utrecht
Milosdreef,5,"","",3562VE,Utrecht
Milosdreef,7,"","",3562VE,Utrecht
Milosdreef,9,"","",3562VE,Utrecht
Milosdreef,33,"","",3562VG,Utrecht
Milosdreef,35,"","",3562VG,Utrecht
Milosdreef,37,"","",3562VG,Utrecht
Milosdreef,39,"","",3562VG,Utrecht
Milosdreef,41,"","",3562VG,Utrecht
Milosdreef,43,"","",3562VG,Utrecht
Milosdreef,45,"","",3562VG,Utrecht
Milosdreef,47,"","",3562VG,Utrecht
Milosdreef,49,"","",3562VG,Utrecht
Milosdreef,51,"","",3562VG,Utrecht
Milosdreef,53,"","",3562VG,Utrecht
Milosdreef,55,"","",3562VG,Utrecht
Milosdreef,57,"","",3562VG,Utrecht
Milosdreef,59,"","",3562VG,Utrecht
Milosdreef,61,"","",3562VG,Utrecht
Milosdreef,63,"","",3562VG,Utrecht
Milosdreef,65,"","",3562VH,Utrecht
Milosdreef,67,"","",3562VH,Utrecht
Milosdreef,69,"","",3562VH,Utrecht
Milosdreef,71,"","",3562VH,Utrecht
Milosdreef,73,"","",3562VH,Utrecht
Milosdreef,75,"","",3562VH,Utrecht
Milosdreef,77,"","",3562VH,Utrecht
Milosdreef,79,"","",3562VH,Utrecht
Milosdreef,81,"","",3562VH,Utrecht
Milosdreef,83,"","",3562VH,Utrecht
Milosdreef,85,"","",3562VH,Utrecht
Milosdreef,87,"","",3562VH,Utrecht
Milosdreef,89,"","",3562VH,Utrecht
Milosdreef,91,"","",3562VH,Utrecht
Milosdreef,93,"","",3562VH,Utrecht
Milosdreef,95,"","",3562VH,Utrecht
Androsdreef,10,"","",3562XA,Utrecht
Androsdreef,12,"","",3562XA,Utrecht
Androsdreef,14,"","",3562XA,Utrecht
Androsdreef,16,"","",3562XA,Utrecht
Androsdreef,18,"","",3562XA,Utrecht
Androsdreef,2,"","",3562XA,Utrecht
Androsdreef,20,"","",3562XA,Utrecht
Androsdreef,22,"","",3562XA,Utrecht
Androsdreef,24,"","",3562XA,Utrecht
Androsdreef,26,"","",3562XA,Utrecht
Androsdreef,28,"","",3562XA,Utrecht
Androsdreef,30,"","",3562XA,Utrecht
Androsdreef,32,"","",3562XA,Utrecht
Androsdreef,4,"","",3562XA,Utrecht
Androsdreef,6,"","",3562XA,Utrecht
Androsdreef,8,"","",3562XA,Utrecht
Androsdreef,34,"","",3562XB,Utrecht
Androsdreef,36,"","",3562XB,Utrecht
Androsdreef,38,"","",3562XB,Utrecht
Androsdreef,40,"","",3562XB,Utrecht
Androsdreef,42,"","",3562XB,Utrecht
Androsdreef,44,"","",3562XB,Utrecht
Androsdreef,46,"","",3562XB,Utrecht
Androsdreef,48,"","",3562XB,Utrecht
Androsdreef,50,"","",3562XB,Utrecht
Androsdreef,52,"","",3562XB,Utrecht
Androsdreef,54,"","",3562XB,Utrecht
Androsdreef,56,"","",3562XB,Utrecht
Androsdreef,58,"","",3562XB,Utrecht
Androsdreef,60,"","",3562XB,Utrecht
Androsdreef,62,"","",3562XB,Utrecht
Androsdreef,64,"","",3562XB,Utrecht
Androsdreef,66,"","",3562XC,Utrecht
Androsdreef,68,"","",3562XC,Utrecht
Androsdreef,70,"","",3562XC,Utrecht
Androsdreef,72,"","",3562XC,Utrecht
Androsdreef,74,"","",3562XC,Utrecht
Androsdreef,76,"","",3562XC,Utrecht
Androsdreef,78,"","",3562XC,Utrecht
Androsdreef,80,"","",3562XC,Utrecht
Androsdreef,82,"","",3562XC,Utrecht
Androsdreef,84,"","",3562XC,Utrecht
Androsdreef,86,"","",3562XC,Utrecht
Androsdreef,88,"","",3562XC,Utrecht
Androsdreef,90,"","",3562XC,Utrecht
Androsdreef,92,"","",3562XC,Utrecht
Androsdreef,94,"","",3562XC,Utrecht
Androsdreef,96,"","",3562XC,Utrecht
Androsdreef,100,"","",3562XD,Utrecht
Androsdreef,102,"","",3562XD,Utrecht
Androsdreef,104,"","",3562XD,Utrecht
Androsdreef,106,"","",3562XD,Utrecht
Androsdreef,108,"","",3562XD,Utrecht
Androsdreef,110,"","",3562XD,Utrecht
Androsdreef,112,"","",3562XD,Utrecht
Androsdreef,114,"","",3562XD,Utrecht
Androsdreef,116,"","",3562XD,Utrecht
Androsdreef,118,"","",3562XD,Utrecht
Androsdreef,120,"","",3562XD,Utrecht
Androsdreef,122,"","",3562XD,Utrecht
Androsdreef,124,"","",3562XD,Utrecht
Androsdreef,126,"","",3562XD,Utrecht
Androsdreef,128,"","",3562XD,Utrecht
Androsdreef,98,"","",3562XD,Utrecht
Androsdreef,1,"","",3562XE,Utrecht
Androsdreef,130,"","",3562XE,Utrecht
Androsdreef,132,"","",3562XE,Utrecht
Androsdreef,134,"","",3562XE,Utrecht
Androsdreef,136,"","",3562XE,Utrecht
Androsdreef,138,"","",3562XE,Utrecht
Androsdreef,140,"","",3562XE,Utrecht
Androsdreef,142,"","",3562XE,Utrecht
Androsdreef,144,"","",3562XE,Utrecht
Androsdreef,146,"","",3562XE,Utrecht
Androsdreef,148,"","",3562XE,Utrecht
Androsdreef,150,"","",3562XE,Utrecht
Androsdreef,152,"","",3562XE,Utrecht
Androsdreef,154,"","",3562XE,Utrecht
Androsdreef,156,"","",3562XE,Utrecht
Androsdreef,158,"","",3562XE,Utrecht
Androsdreef,160,"","",3562XE,Utrecht
Androsdreef,162,"","",3562XG,Utrecht
Androsdreef,164,"","",3562XG,Utrecht
Androsdreef,166,"","",3562XG,Utrecht
Androsdreef,168,"","",3562XG,Utrecht
Androsdreef,170,"","",3562XG,Utrecht
Androsdreef,172,"","",3562XG,Utrecht
Androsdreef,174,"","",3562XG,Utrecht
Androsdreef,176,"","",3562XG,Utrecht
Androsdreef,178,"","",3562XG,Utrecht
Androsdreef,180,"","",3562XG,Utrecht
Androsdreef,182,"","",3562XG,Utrecht
Androsdreef,184,"","",3562XG,Utrecht
Androsdreef,186,"","",3562XG,Utrecht
Androsdreef,188,"","",3562XG,Utrecht
Androsdreef,190,"","",3562XG,Utrecht
Androsdreef,192,"","",3562XG,Utrecht
Kalymnosdreef,100,"","",3562XM,Utrecht
Kalymnosdreef,102,"","",3562XM,Utrecht
Kalymnosdreef,104,"","",3562XM,Utrecht
Kalymnosdreef,106,"","",3562XM,Utrecht
Kalymnosdreef,108,"","",3562XM,Utrecht
Kalymnosdreef,110,"","",3562XM,Utrecht
Kalymnosdreef,112,"","",3562XM,Utrecht
Kalymnosdreef,114,"","",3562XM,Utrecht
Kalymnosdreef,116,"","",3562XM,Utrecht
Kalymnosdreef,118,"","",3562XM,Utrecht
Kalymnosdreef,120,"","",3562XM,Utrecht
Kalymnosdreef,122,"","",3562XM,Utrecht
Kalymnosdreef,124,"","",3562XM,Utrecht
Kalymnosdreef,126,"","",3562XM,Utrecht
Kalymnosdreef,128,"","",3562XM,Utrecht
Kalymnosdreef,130,"","",3562XM,Utrecht
Kalymnosdreef,132,"","",3562XM,Utrecht
Kalymnosdreef,134,"","",3562XM,Utrecht
Kalymnosdreef,136,"","",3562XM,Utrecht
Kalymnosdreef,138,"","",3562XM,Utrecht
Kalymnosdreef,140,"","",3562XM,Utrecht
Kalymnosdreef,142,"","",3562XM,Utrecht
Kalymnosdreef,144,"","",3562XN,Utrecht
Kalymnosdreef,146,"","",3562XN,Utrecht
Kalymnosdreef,148,"","",3562XN,Utrecht
Kalymnosdreef,150,"","",3562XN,Utrecht
Kalymnosdreef,150,"","",3562XN,Utrecht
Kalymnosdreef,152,"","",3562XN,Utrecht
Kalymnosdreef,154,"","",3562XN,Utrecht
Kalymnosdreef,156,"","",3562XN,Utrecht
Kalymnosdreef,158,"","",3562XN,Utrecht
Kalymnosdreef,160,"","",3562XN,Utrecht
Kalymnosdreef,160,"","",3562XN,Utrecht
Kalymnosdreef,162,"","",3562XN,Utrecht
Kalymnosdreef,164,"","",3562XN,Utrecht
Kalymnosdreef,166,"","",3562XN,Utrecht
Kalymnosdreef,168,"","",3562XN,Utrecht
Kalymnosdreef,168,"","",3562XN,Utrecht
Kalymnosdreef,170,"","",3562XN,Utrecht
Kalymnosdreef,172,"","",3562XN,Utrecht
Kalymnosdreef,174,"","",3562XN,Utrecht
Kalymnosdreef,176,"","",3562XN,Utrecht
Kalymnosdreef,178,"","",3562XN,Utrecht
Kalymnosdreef,178,"","",3562XN,Utrecht
Kalymnosdreef,180,"","",3562XN,Utrecht
Kalymnosdreef,182,"","",3562XN,Utrecht
Kalymnosdreef,184,"","",3562XN,Utrecht
Kalymnosdreef,186,"","",3562XN,Utrecht
Kalymnosdreef,188,"","",3562XN,Utrecht
Kalymnosdreef,1,"","",3562XP,Utrecht
Kalymnosdreef,190,"","",3562XP,Utrecht
Kalymnosdreef,192,"","",3562XP,Utrecht
Kalymnosdreef,194,"","",3562XP,Utrecht
Kalymnosdreef,196,"","",3562XP,Utrecht
Kalymnosdreef,198,"","",3562XP,Utrecht
Kalymnosdreef,200,"","",3562XP,Utrecht
Kalymnosdreef,202,"","",3562XP,Utrecht
Kalymnosdreef,204,"","",3562XP,Utrecht
Kalymnosdreef,206,"","",3562XP,Utrecht
Kalymnosdreef,208,"","",3562XP,Utrecht
Kalymnosdreef,210,"","",3562XP,Utrecht
Kalymnosdreef,212,"","",3562XP,Utrecht
Kalymnosdreef,214,"","",3562XP,Utrecht
Kalymnosdreef,216,"","",3562XP,Utrecht
Kalymnosdreef,218,"","",3562XP,Utrecht
Kalymnosdreef,220,"","",3562XP,Utrecht
Kalymnosdreef,222,"","",3562XP,Utrecht
Kalymnosdreef,224,"","",3562XP,Utrecht
Kalymnosdreef,226,"","",3562XP,Utrecht
Kalymnosdreef,228,"","",3562XP,Utrecht
Einsteindreef,21,"","",3562XR,Utrecht
Einsteindreef,21,A,"",3562XR,Utrecht
Einsteindreef,21,B,"",3562XR,Utrecht
Einsteindreef,23,"","",3562XR,Utrecht
Einsteindreef,23,A,"",3562XR,Utrecht
Einsteindreef,23,B,"",3562XR,Utrecht
Einsteindreef,23,C,"",3562XR,Utrecht
Einsteindreef,25,"","",3562XR,Utrecht
Einsteindreef,25,A,"",3562XR,Utrecht
Einsteindreef,25,B,"",3562XR,Utrecht
Einsteindreef,25,C,"",3562XR,Utrecht
Einsteindreef,27,"","",3562XR,Utrecht
Einsteindreef,27,A,"",3562XR,Utrecht
Einsteindreef,27,B,"",3562XR,Utrecht
Einsteindreef,27,C,"",3562XR,Utrecht
Einsteindreef,29,"","",3562XR,Utrecht
Einsteindreef,29,A,"",3562XR,Utrecht
Einsteindreef,31,"","",3562XR,Utrecht
Einsteindreef,31,A,"",3562XR,Utrecht
Einsteindreef,33,"","",3562XR,Utrecht
Einsteindreef,33,A,"",3562XR,Utrecht
Einsteindreef,35,"","",3562XR,Utrecht
Einsteindreef,35,A,"",3562XR,Utrecht
Einsteindreef,37,"","",3562XR,Utrecht
Einsteindreef,37,A,"",3562XR,Utrecht
Einsteindreef,39,"","",3562XR,Utrecht
Einsteindreef,39,A,"",3562XR,Utrecht
Einsteindreef,41,"","",3562XR,Utrecht
Einsteindreef,41,A,"",3562XR,Utrecht
Einsteindreef,43,"","",3562XS,Utrecht
Einsteindreef,43,A,"",3562XS,Utrecht
Einsteindreef,43,B,"",3562XS,Utrecht
Einsteindreef,43,C,"",3562XS,Utrecht
Einsteindreef,45,"","",3562XS,Utrecht
Einsteindreef,45,A,"",3562XS,Utrecht
Einsteindreef,45,B,"",3562XS,Utrecht
Einsteindreef,45,C,"",3562XS,Utrecht
Einsteindreef,47,"","",3562XS,Utrecht
Einsteindreef,47,A,"",3562XS,Utrecht
Einsteindreef,47,B,"",3562XS,Utrecht
Einsteindreef,47,C,"",3562XS,Utrecht
Einsteindreef,49,"","",3562XS,Utrecht
Einsteindreef,49,A,"",3562XS,Utrecht
Einsteindreef,49,B,"",3562XS,Utrecht
Einsteindreef,49,C,"",3562XS,Utrecht
Einsteindreef,51,"","",3562XS,Utrecht
Einsteindreef,51,A,"",3562XS,Utrecht
Einsteindreef,53,"","",3562XS,Utrecht
Einsteindreef,53,A,"",3562XS,Utrecht
Einsteindreef,55,"","",3562XS,Utrecht
Einsteindreef,55,A,"",3562XS,Utrecht
Einsteindreef,57,"","",3562XS,Utrecht
Einsteindreef,57,A,"",3562XS,Utrecht
Einsteindreef,59,"","",3562XS,Utrecht
Einsteindreef,59,A,"",3562XS,Utrecht
Einsteindreef,61,"","",3562XS,Utrecht
Einsteindreef,61,A,"",3562XS,Utrecht
Einsteindreef,63,"","",3562XS,Utrecht
Einsteindreef,63,A,"",3562XS,Utrecht
Einsteindreef,65,"","",3562XT,Utrecht
Einsteindreef,65,A,"",3562XT,Utrecht
Einsteindreef,65,B,"",3562XT,Utrecht
Einsteindreef,65,C,"",3562XT,Utrecht
Einsteindreef,67,"","",3562XT,Utrecht
Einsteindreef,67,A,"",3562XT,Utrecht
Einsteindreef,67,B,"",3562XT,Utrecht
Einsteindreef,67,C,"",3562XT,Utrecht
Einsteindreef,69,"","",3562XT,Utrecht
Einsteindreef,69,A,"",3562XT,Utrecht
Einsteindreef,69,B,"",3562XT,Utrecht
Einsteindreef,69,C,"",3562XT,Utrecht
Einsteindreef,71,"","",3562XT,Utrecht
Einsteindreef,71,A,"",3562XT,Utrecht
Einsteindreef,71,B,"",3562XT,Utrecht
Einsteindreef,71,C,"",3562XT,Utrecht
Einsteindreef,73,"","",3562XT,Utrecht
Einsteindreef,73,A,"",3562XT,Utrecht
Einsteindreef,75,"","",3562XT,Utrecht
Einsteindreef,75,A,"",3562XT,Utrecht
Einsteindreef,77,"","",3562XT,Utrecht
Einsteindreef,77,A,"",3562XT,Utrecht
Einsteindreef,79,"","",3562XT,Utrecht
Einsteindreef,79,A,"",3562XT,Utrecht
Einsteindreef,81,"","",3562XT,Utrecht
Einsteindreef,81,A,"",3562XT,Utrecht
Einsteindreef,83,"","",3562XT,Utrecht
Einsteindreef,83,A,"",3562XT,Utrecht
Einsteindreef,85,"","",3562XT,Utrecht
Einsteindreef,85,A,"",3562XT,Utrecht
Paranádreef,10,"","",3563AX,Utrecht
Einsteindreef,11,"","",3563AX,Utrecht
Paranádreef,12,"","",3563AX,Utrecht
Paranádreef,14,"","",3563AX,Utrecht
Paranádreef,16,"","",3563AX,Utrecht
Paranádreef,18,"","",3563AX,Utrecht
Paranádreef,20,"","",3563AX,Utrecht
Einsteindreef,9,"","",3563AX,Utrecht
