postcode,straat,huisnummer,huisletter,toevoeging
3511EP,Eleonorastraat,10,,
3511CX,Clarenburg,43,,
3511GB,Catharijnesingel,25,A,
3511GC,Catharijnesingel,39,,
3511GC,Catharijnesingel,39,A,
3511GC,Catharijnesingel,41,,
3511GC,Catharijnesingel,42,,
3511GC,Catharijnesingel,44,,
3511GC,Catharijnesingel,46,,
3511GE,Catharijnesingel,57,,
3511JJ,Achter Clarenburg,14,,
3511JJ,Achter Clarenburg,32,,
3511JJ,Achter Clarenburg,44,,
3511CX,Clarenburg,5,,
3511CX,Clarenburg,9,,
3511CX,Clarenburg,13,,
3511CX,Clarenburg,17,,
3511CX,Clarenburg,25,,
3511CX,Clarenburg,31,,
3511CX,Clarenburg,37,,
3511CX,Clarenburg,45,,
3511CX,Clarenburg,49,,
3511CX,Clarenburg,53,,
3511CX,Clarenburg,55,,
3511CZ,Clarenburg,6,,
3511CZ,Clarenburg,12,,
3521BL,Croeselaan,139,C,
3521BL,Croeselaan,141,,
3521BL,Croeselaan,141,C,
3521BL,Croeselaan,143,,
3521BL,Croeselaan,143,C,
3521BL,Croeselaan,145,,
3521BL,Croeselaan,145,C,
3521BL,Croeselaan,131,,
3521BL,Croeselaan,131,A,
3521BL,Croeselaan,131,B,
3521BL,Croeselaan,131,C,
3521BL,Croeselaan,133,,
3521BL,Croeselaan,133,A,
3521BL,Croeselaan,133,B,
3521BL,Croeselaan,133,C,
3521BL,Croeselaan,135,,
3521BL,Croeselaan,135,B,
3521BL,Croeselaan,135,C,
3521BL,Croeselaan,137,,
3521BL,Croeselaan,137,B,
3521BL,Croeselaan,137,C,
3521BL,Croeselaan,139,,
3521BL,Croeselaan,139,B,
3521CA,Croeselaan,4,,
3521CA,Croeselaan,4,,
3521CA,Croeselaan,8,,
3521CA,Croeselaan,8,,
3521CA,Croeselaan,14,,
3521CB,Croeselaan,18,,
3521CB,Croeselaan,28,,
3511SV,Daalsesingel,1,,
3511SW,Daalsesingel,51,,
3511GB,Catharijnesingel,26,,
3511GB,Catharijnesingel,27,,
3511GB,Catharijnesingel,30,,
3511GC,Catharijnesingel,35,,
3511GC,Catharijnesingel,37,,
3511GC,Catharijnesingel,49,,
3511GC,Catharijnesingel,50,,
3511GC,Catharijnesingel,53,,
3511GD,Catharijnesingel,55,,
3511GE,Catharijnesingel,56,,
3511BD,Vredenburg,35,,BS
3511BD,Vredenburg,39,,BS
3521TE,Reviuskade,104,,
3521TE,Reviuskade,106,,
3521TE,Reviuskade,112,,
3521TE,Reviuskade,114,,
3513AG,Daalsetunnel,101,,
3511EP,Moreelsepark,2,,
3511EP,Moreelsepark,3,,
3521AA,Fentener van Vlissingenkade,105,,
3521AA,Fentener van Vlissingenkade,107,,
3521AA,Fentener van Vlissingenkade,115,,
3521AA,Fentener van Vlissingenkade,119,,
3521AA,Fentener van Vlissingenkade,123,,
3521AA,Fentener van Vlissingenkade,129,,
3521AA,Fentener van Vlissingenkade,131,,
3521AA,Fentener van Vlissingenkade,135,,
3511SX,Daalseplein,1,,
3511SX,Daalseplein,100,,
3511SX,Daalseplein,101,,
3511RT,Catharijnekade,1,,
3511RT,Catharijnekade,1,A,
3511RT,Catharijnekade,1,C,
3511RT,Catharijnekade,3,,
3511RT,Catharijnekade,3,B,
3511RT,Catharijnekade,3,C,
3511RT,Catharijnekade,5,,
3511RT,Catharijnekade,5,A,
3511RT,Catharijnekade,5,D,
3511RT,Catharijnekade,7,A,
3511RT,Catharijnekade,7,D,
3511RT,Catharijnekade,7,E,
3531BL,Blekerstraat,4,,
3511ER,Laan van Puntenburg,100,,
3511SB,Leidseveer,10,,
3511SB,Leidseveer,35,,
3511SB,Leidseveer,50,,
3511CR,Boven Clarenburg,1,,
3511CR,Boven Clarenburg,7,,
3511CR,Boven Clarenburg,11,,
3511CR,Boven Clarenburg,19,,
3511CR,Boven Clarenburg,23,,
3511CR,Boven Clarenburg,31,,
3511CR,Boven Clarenburg,47,,
3511CS,Boven Clarenburg,51,,
3511CS,Boven Clarenburg,57,,
3511CS,Boven Clarenburg,71,,
3511CS,Boven Clarenburg,73,,
3511CS,Boven Clarenburg,85,,
3511CS,Boven Clarenburg,87,,
3511CS,Boven Clarenburg,93,,
3511CT,Boven Clarenburg,103,,
3511CT,Boven Clarenburg,105,,
3511CT,Boven Clarenburg,109,,
3511CT,Boven Clarenburg,119,,
3511CT,Boven Clarenburg,125,,
3511CT,Boven Clarenburg,131,,
3511CT,Boven Clarenburg,135,,
3511CT,Boven Clarenburg,143,,
3511CV,Boven Clarenburg,4,,
3511CV,Boven Clarenburg,12,,
3511EP,Moreelsepark,42,,
3511DG,Gildenkwartier,163,,
3511DG,Gildenkwartier,167,,
3511DG,Gildenkwartier,173,,
3511DG,Gildenkwartier,179,,
3511DG,Gildenkwartier,183,,
3511DH,Gildenkwartier,201,,
3511DH,Gildenkwartier,205,,
3511DH,Gildenkwartier,209,,
3521AL,Jaarbeursplein,2,,
3521AL,Jaarbeursplein,3,,
3521AL,Jaarbeursplein,4,,
3521AL,Jaarbeursplein,6,,
3521AL,Jaarbeursplein,7,,
3521AL,Jaarbeursplein,9,,
3521AL,Jaarbeursplein,10,,
3521AL,Jaarbeursplein,11,,
3521AL,Jaarbeursplein,13,,
3521AL,Jaarbeursplein,14,,
3521AL,Jaarbeursplein,14,,
3521AP,Jaarbeursplein,22,,
3521AP,Jaarbeursplein,22,,
3521AR,Jaarbeursplein,24,,
3521AR,Jaarbeursplein,24,,
3521AR,Jaarbeursplein,27,,
3521AR,Jaarbeursplein,27,,
3521AR,Jaarbeursplein,31,,
3511DN,Godebaldkwartier,9,,
3511DN,Godebaldkwartier,53,,
3511DN,Godebaldkwartier,61,,
3511DN,Godebaldkwartier,69,,
3511DN,Godebaldkwartier,79,,
3511DP,Godebaldkwartier,149,,
3511DR,Godebaldkwartier,255,,
3511DR,Godebaldkwartier,275,,
3511DR,Godebaldkwartier,283,,
3511DS,Godebaldkwartier,323,,
3511DS,Godebaldkwartier,327,,
3511DS,Godebaldkwartier,333,,
3511DT,Godebaldkwartier,413,,
3511DT,Godebaldkwartier,417,,
3511DT,Godebaldkwartier,419,,
3511DT,Godebaldkwartier,423,,
3511DT,Godebaldkwartier,425,,
3511DT,Godebaldkwartier,429,,
3511DT,Godebaldkwartier,431,,
3511DT,Godebaldkwartier,435,,
3511DT,Godebaldkwartier,437,,
3511DT,Godebaldkwartier,441,,
3511DT,Godebaldkwartier,347,,
3511DT,Godebaldkwartier,353,,
3511DT,Godebaldkwartier,355,,
3511DT,Godebaldkwartier,359,,
3511DT,Godebaldkwartier,365,,
3511DT,Godebaldkwartier,367,,
3511DT,Godebaldkwartier,373,,
3511DT,Godebaldkwartier,375,,
3511DT,Godebaldkwartier,377,,
3511DT,Godebaldkwartier,381,,
3511DT,Godebaldkwartier,383,,
3511DT,Godebaldkwartier,387,,
3511DT,Godebaldkwartier,389,,
3511DT,Godebaldkwartier,391,,
3511DT,Godebaldkwartier,397,,
3511DT,Godebaldkwartier,401,,
3511DT,Godebaldkwartier,407,,
3511DT,Godebaldkwartier,411,,
3511DV,Godebaldkwartier,445,,
3511DW,Godebaldkwartier,523,,
3511DW,Godebaldkwartier,525,,
3511DW,Godebaldkwartier,529,,
3511DW,Godebaldkwartier,539,,
3511DX,Godebaldkwartier,4,,
3511DX,Godebaldkwartier,10,,
3511DX,Godebaldkwartier,54,,
3511DZ,Godebaldkwartier,74,,
3511DZ,Godebaldkwartier,84,,
3511DZ,Godebaldkwartier,90,,
3511DZ,Godebaldkwartier,94,,
3511EN,Spoorstraat,22,,
3511EN,Spoorstraat,28,,
3511EN,Spoorstraat,38,,
3511EN,Spoorstraat,44,,
3511EN,Spoorstraat,48,,
3511EL,Stationsdwarsstraat,9,,
3511EL,Stationsdwarsstraat,13,,
3511EL,Stationsdwarsstraat,17,,
3511EL,Stationsdwarsstraat,22,,
3511EL,Stationsdwarsstraat,23,,
3511EL,Stationsdwarsstraat,28,,
3511EL,Stationsdwarsstraat,30,,
3511EL,Stationsdwarsstraat,31,,
3511EL,Stationsdwarsstraat,48,,
3511EL,Stationsdwarsstraat,49,,
3511EL,Stationsdwarsstraat,51,,
3511EL,Stationsdwarsstraat,60,,
3511ED,Stationsplein,7,,
3511ED,Stationsplein,57,,
3511ED,Stationsplein,65,,
3511ED,Stationsplein,69,,
3511ED,Stationsplein,83,,
3511ED,Stationsplein,85,,
3511ED,Stationsplein,89,,
3511ED,Stationsplein,91,,
3521AG,Mineurslaan,500,,
3511EP,Moreelsepark,11,,
3511EP,Moreelsepark,18,,
3511EP,Moreelsepark,20,,
3511EP,Moreelsepark,22,,
3511EP,Moreelsepark,24,,
3511EP,Moreelsepark,28,,
3511EP,Moreelsepark,29,,
3511EP,Moreelsepark,31,,
3511EP,Moreelsepark,34,,
3511EP,Moreelsepark,35,,
3511EP,Moreelsepark,38,,
3511EP,Moreelsepark,39,,
3511EA,Smakkelaarsveld,23,,
3511EA,Smakkelaarsveld,25,,
3511EA,Smakkelaarsveld,27,,
3511EA,Smakkelaarsveld,31,,
3511EA,Smakkelaarsveld,33,,
3511EA,Smakkelaarsveld,35,,
3511EA,Smakkelaarsveld,43,,
3511EA,Smakkelaarsveld,45,,
3511EA,Smakkelaarsveld,53,,
3511EA,Smakkelaarsveld,57,,
3511EA,Smakkelaarsveld,59,,
3511EA,Smakkelaarsveld,65,,
3511EB,Smakkelaarsveld,69,,
3511EB,Smakkelaarsveld,75,,
3511EB,Smakkelaarsveld,77,,
3511EB,Smakkelaarsveld,83,,
3511EB,Smakkelaarsveld,89,,
3511EB,Smakkelaarsveld,93,,
3511EB,Smakkelaarsveld,95,,
3511EB,Smakkelaarsveld,101,,
3511EB,Smakkelaarsveld,105,,
3511EB,Smakkelaarsveld,109,,
3511GC,Catharijnesingel,33,E,
3511GC,Catharijnesingel,33,G,
3511GC,Catharijnesingel,33,H,
3511BG,Vredenburg,152,,
3511BG,Vredenburg,155,,
3511BG,Vredenburg,156,,
3521TE,Reviuskade,100,,
3521TE,Reviuskade,108,,
3531BL,Westplein,100,,
3531BL,Westplein,102,,
3531BL,Westplein,104,,
3531BL,Westplein,105,,
3531BL,Westplein,106,,
3531BL,Westplein,107,,
3511ED,Stationsplein,93,,
3511ED,Stationsplein,95,,
3511ED,Stationsplein,97,,
3511ED,Stationsplein,99,,
3511ED,Stationsplein,101,,
3511ED,Stationsplein,103,,
3511ED,Stationsplein,105,,
3511ED,Stationsplein,107,,
3511ED,Stationsplein,109,,
3511ED,Stationsplein,115,,
3511ED,Stationsplein,131,,
3511ED,Stationsplein,145,,
3511ED,Stationsplein,149,,
3511ED,Stationsplein,153,,
3511ED,Stationsplein,157,,
3511ED,Stationsplein,161,,
3511ED,Stationsplein,197,,
3511ED,Stationsplein,199,,
3511ED,Stationsplein,201,,
3511ED,Stationsplein,231,,
3511ED,Stationsplein,291,,
3511EE,Stationsstraat,2,,
3511EE,Stationsstraat,4,,
3511EE,Stationsstraat,8,,
3511EE,Stationsstraat,10,,
3511EE,Stationsstraat,14,,
3511EE,Stationsstraat,16,,
3511EE,Stationsstraat,18,,
3511EE,Stationsstraat,20,,
3511EE,Stationsstraat,22,,
3511EE,Stationsstraat,24,,
3511EE,Stationsstraat,26,,
3511EE,Stationsstraat,28,,
3511EE,Stationsstraat,30,,
3511EE,Stationsstraat,32,,
3511EE,Stationsstraat,34,,
3511EE,Stationsstraat,36,,
3511EG,Stationsstraat,42,,
3511EG,Stationsstraat,46,,
3511EG,Stationsstraat,48,,
3511EG,Stationsstraat,54,,
3511EG,Stationsstraat,56,,
3511EG,Stationsstraat,60,,
3511EG,Stationsstraat,66,,
3511EG,Stationsstraat,68,,
3511EG,Stationsstraat,72,,
3511EH,Stationsstraat,78,,
3511EH,Stationsstraat,80,,
3511EH,Stationsstraat,86,,
3511EH,Stationsstraat,88,,
3511EH,Stationsstraat,92,,
3511EH,Stationsstraat,96,,
3511EH,Stationsstraat,98,,
3511EH,Stationsstraat,100,,
3511EH,Stationsstraat,104,,
3511EH,Stationsstraat,106,,
3511EH,Stationsstraat,108,,
3511EJ,Stationsstraat,112,,
3511EJ,Stationsstraat,114,,
3511EJ,Stationsstraat,116,,
3511EJ,Stationsstraat,120,,
3511EJ,Stationsstraat,122,,
3511EJ,Stationsstraat,126,,
3511EJ,Stationsstraat,130,,
3511EJ,Stationsstraat,132,,
3511EJ,Stationsstraat,136,,
3511EJ,Stationsstraat,138,,
3511EJ,Stationsstraat,142,,
3511EJ,Stationsstraat,144,,
3511EK,Stationsstraat,25,,
3511EK,Stationsstraat,27,,
3511EK,Stationsstraat,29,,
3511EK,Stationsstraat,146,,
3511EK,Stationsstraat,152,,
3511EK,Stationsstraat,154,,
3511EM,Westerstraat,1,,
3511EM,Westerstraat,5,,
3511EM,Westerstraat,7,,
3511CB,Stationstraverse,2,,
3511CB,Stationstraverse,2,,
3511CB,Stationstraverse,8,,
3511CB,Stationstraverse,8,,
3511CB,Stationstraverse,12,,
3511CB,Stationstraverse,12,,
3521AH,Van Sijpesteijnkade,15,,
3521AH,Van Sijpesteijnkade,13,,
3521AH,Van Sijpesteijnkade,7,,
3521AH,Van Sijpesteijnkade,1,,
3521AH,Van Sijpesteijnkade,29,,
3521AH,Van Sijpesteijnkade,27,,
3521AH,Van Sijpesteijnkade,25,,
3521AH,Van Sijpesteijnkade,23,,
3521AH,Van Sijpesteijnkade,21,,
3521AH,Van Sijpesteijnkade,17,,
3521AH,Van Sijpesteijnkade,19,,
3521AJ,Van Sijpesteijnkade,33,,
3511LC,Rijnkade,1,,
3511LC,Rijnkade,3,,
3511LC,Rijnkade,4,,
3511LC,Rijnkade,15,,
3511LC,Rijnkade,16,,
3511LC,Rijnkade,18,,
3531BL,Blekerstraat,8,,
3531BL,Blekerstraat,12,,
3511SB,Leidseveer,2,,
3511SB,Leidseveer,30,,
3511CX,Clarenburg,51,,
3521BL,Croeselaan,135,A,
3521BL,Croeselaan,137,A,
3521BL,Croeselaan,139,A,
3521BL,Croeselaan,141,A,
3521BL,Croeselaan,143,A,
3521BL,Croeselaan,145,A,
3511SW,Daalsesingel,71,,
3511CR,Boven Clarenburg,41,,
3511CR,Boven Clarenburg,9,,
3511CR,Boven Clarenburg,13,,
3511CR,Boven Clarenburg,15,,
3511CR,Boven Clarenburg,43,,
3511CS,Boven Clarenburg,55,,
3511CS,Boven Clarenburg,75,,
3511CS,Boven Clarenburg,81,,
3511CS,Boven Clarenburg,89,,
3511GC,Catharijnesingel,45,,
3511GC,Catharijnesingel,54,A,
3511GC,Catharijnesingel,33,,
3511GC,Catharijnesingel,51,,
3511GC,Catharijnesingel,54,,
3513AG,Amsterdamsestraatweg,50,,
3521BG,Veemarktstraat,1,,
3521BG,Veemarktstraat,3,,
3521BG,Veemarktstraat,7,,
3521BG,Veemarktstraat,9,,
3511BG,Vredenburg,135,,
3511BG,Vredenburg,137,,
3511BG,Vredenburg,142,,
3511BG,Vredenburg,149,,
3511BG,Vredenburg,154,,
3511BG,Vredenburg,157,,
3511EP,Moreelsepark,13,,
3511EP,Moreelsepark,19,,
3511EP,Moreelsepark,23,,
3511EP,Moreelsepark,26,,
3511EP,Moreelsepark,30,,
3511EP,Moreelsepark,33,,
3511EP,Moreelsepark,36,,
3511EA,Smakkelaarsveld,55,,
3511EB,Smakkelaarsveld,67,,
3511EB,Smakkelaarsveld,73,,
3511EB,Smakkelaarsveld,85,,
3511EB,Smakkelaarsveld,91,,
3511EB,Smakkelaarsveld,97,,
3511EM,Westerstraat,12,,
3511EM,Westerstraat,13,,
3511EM,Westerstraat,15,,
3511EM,Westerstraat,32,,
3521AA,Fentener van Vlissingenkade,103,,
3521AA,Fentener van Vlissingenkade,117,,
3521AA,Fentener van Vlissingenkade,125,,
3521AA,Fentener van Vlissingenkade,133,,
3521AB,Van Zijstweg,9,,
3521AB,Van Zijstweg,3,,
3521AB,Van Zijstweg,11,,
3521AB,Van Zijstweg,13,,
3521AB,Van Zijstweg,17,,
3521AB,Van Zijstweg,1,,
3511RT,Catharijnekade,5,B,
3511RT,Catharijnekade,7,,
3511RT,Catharijnekade,7,C,
3511RT,Catharijnekade,7,G,
3511LC,Rijnkade,10,,
3531BL,Blekerstraat,6,,
3531BL,Blekerstraat,1,,
3531BL,Blekerstraat,3,,
3531BL,Blekerstraat,10,,
3511JJ,Achter Clarenburg,12,,
3511JJ,Achter Clarenburg,36,,
3511JJ,Achter Clarenburg,48,,
3511JJ,Achter Clarenburg,48,,
3511JJ,Achter Clarenburg,52,,
3511JJ,Achter Clarenburg,2,,
3511JJ,Achter Clarenburg,2,A,
3511JJ,Achter Clarenburg,4,,
3511JJ,Achter Clarenburg,6,,
3511DG,Gildenkwartier,177,,
3511DH,Gildenkwartier,195,,
3511DH,Gildenkwartier,207,,
3511DN,Godebaldkwartier,75,,
3511DR,Godebaldkwartier,257,,
3511DS,Godebaldkwartier,321,,
3511DS,Godebaldkwartier,325,,
3511DT,Godebaldkwartier,351,,
3511DT,Godebaldkwartier,357,,
3511DT,Godebaldkwartier,363,,
3511DT,Godebaldkwartier,393,,
3511DT,Godebaldkwartier,399,,
3511DT,Godebaldkwartier,409,,
3511DT,Godebaldkwartier,415,,
3511DT,Godebaldkwartier,421,,
3511DT,Godebaldkwartier,433,,
3511DT,Godebaldkwartier,439,,
3511DW,Godebaldkwartier,545,,
3511DX,Godebaldkwartier,36,,
3511DX,Godebaldkwartier,42,,
3511DZ,Godebaldkwartier,540,,
3511DZ,Godebaldkwartier,80,,
3521BK,Croeselaan,87,,BS
3521BK,Croeselaan,87,,BSA
3521BK,Croeselaan,89,,BS
3521BK,Croeselaan,89,,BSA
3521BL,Croeselaan,91,,
3521BL,Croeselaan,91,,BS
3521BL,Croeselaan,93,,
3521BL,Croeselaan,93,,BS
3521BL,Croeselaan,95,,
3521BL,Croeselaan,95,,BS
3521BL,Croeselaan,97,,
3521BL,Croeselaan,97,,BS
3521BL,Croeselaan,99,,
3521BL,Croeselaan,99,,BS
3521BL,Croeselaan,101,,
3521BL,Croeselaan,101,,BS
3521BL,Croeselaan,103,,
3521BL,Croeselaan,103,,BS
3521BL,Croeselaan,105,,
3521BL,Croeselaan,105,,BS
3521BL,Croeselaan,107,,
3521BL,Croeselaan,107,,BS
3521BL,Croeselaan,109,,BS
3521BL,Croeselaan,111,,
3521BL,Croeselaan,111,,BS
3513AG,Amsterdamsestraatweg,24,,
3513AG,Amsterdamsestraatweg,30,,
3513AG,Amsterdamsestraatweg,32,,
3513AG,Amsterdamsestraatweg,34,,
3513AG,Amsterdamsestraatweg,34,,BS
3513AG,Amsterdamsestraatweg,40,,
3513AG,Amsterdamsestraatweg,42,,
3513AG,Amsterdamsestraatweg,44,,BS
3513AG,Amsterdamsestraatweg,48,,
3513AG,Amsterdamsestraatweg,52,,BS
3513AG,Amsterdamsestraatweg,54,,
3521BG,Veemarktstraat,5,,
3511BG,Vredenburg,150,,
3511BG,Vredenburg,136,,
3511BG,Vredenburg,140,,
3511EN,Spoorstraat,17,,
3511EL,Stationsdwarsstraat,18,,
3511EL,Stationsdwarsstraat,24,,
3511EL,Stationsdwarsstraat,29,,
3511EL,Stationsdwarsstraat,32,,
3511EL,Stationsdwarsstraat,46,,
3511EL,Stationsdwarsstraat,50,,
3511EL,Stationsdwarsstraat,56,,
3511ED,Stationsplein,9,,
3511ED,Stationsplein,67,,
3511ED,Stationsplein,81,,
3511ED,Stationsplein,147,,
3511ED,Stationsplein,155,,
3511ED,Stationsplein,193,,
3511ED,Stationsplein,203,,
3511ED,Stationsplein,305,,
3511EE,Stationsstraat,6,,
3511EE,Stationsstraat,12,,
3511EG,Stationsstraat,38,,
3511EG,Stationsstraat,44,,
3511EG,Stationsstraat,50,,
3511EG,Stationsstraat,58,,
3511EG,Stationsstraat,64,,
3511EG,Stationsstraat,70,,
3511EH,Stationsstraat,76,,
3511EH,Stationsstraat,82,,
3511EH,Stationsstraat,90,,
3511EJ,Stationsstraat,128,,
3511EJ,Stationsstraat,134,,
3511EJ,Stationsstraat,140,,
3511EK,Stationsstraat,148,,
3511EK,Stationsstraat,156,,
3511EM,Westerstraat,3,,
3511EM,Westerstraat,11,,
3511EM,Westerstraat,14,,
3511CB,Stationstraverse,14,,
3511CB,Stationstraverse,14,,
3521AH,Van Sijpesteijnkade,5,,
3521AJ,Van Sijpesteijnkade,35,,
3521AJ,Van Sijpesteijnkade,31,,
3521AB,Van Zijstweg,7,,
3521AB,Van Zijstweg,5,,
3521AB,Van Zijstweg,15,,
3511LC,Rijnkade,6,,
3511LC,Rijnkade,19,,
3521AR,Jaarbeursplein,25,,
3521BK,Croeselaan,75,,
3521BK,Croeselaan,75,,BS
3521BK,Croeselaan,75,,BSA
3521BK,Croeselaan,77,,
3521BK,Croeselaan,77,,BS
3521BK,Croeselaan,77,,BSA
3521BK,Croeselaan,79,,
3521BK,Croeselaan,79,,BS
3521BK,Croeselaan,79,,BSA
3521BK,Croeselaan,81,,
3521BK,Croeselaan,81,,BSA
3521BK,Croeselaan,83,,
3521BK,Croeselaan,83,,BSA
3521BK,Croeselaan,85,,
3521BK,Croeselaan,85,,BSA
3511CR,Boven Clarenburg,49,,
3511GC,Catharijnesingel,48,,
3511RT,Catharijnekade,9,,
3511ER,Laan van Puntenburg,2,,
3521BD,Veemarktplein,42,,
3521BD,Veemarktplein,42,,BSA
3521BD,Veemarktplein,43,,
3521BD,Veemarktplein,43,,BS
3521BD,Veemarktplein,44,,
3521BD,Veemarktplein,44,,BS
3511ER,Laan van Puntenburg,2,A,
3521BJ,Croeselaan,1,,
3511BD,Vredenburg,34,,
3511BD,Vredenburg,35,,
3511BD,Vredenburg,36,,
3511BD,Vredenburg,37,,
3511BD,Vredenburg,38,,
3511BD,Vredenburg,39,,
3521AG,Mineurslaan,4,A,
3531AH,Graadt van Roggenweg,100,,
3531AH,Graadt van Roggenweg,200,,
3531AH,Graadt van Roggenweg,300,,
3521AA,Fentener van Vlissingenkade,121,,
3521AH,Van Sijpesteijnkade,3,,
3511DN,Godebaldkwartier,71,,
3521BJ,Croeselaan,3,,
3521BJ,Croeselaan,15,,
3511SV,Daalsesingel,9,,
3511CV,Boven Clarenburg,10,,
3511BD,Vredenburg,34,A,
3511BG,Vredenburg,134,A,
3511ED,Stationsplein,29,,
3511EP,Moreelsepark,48,,
3511EP,Moreelsepark,54,,
3511EP,Moreelsepark,65,,
3531AH,Graadt van Roggenweg,102,,
3531AH,Graadt van Roggenweg,104,,
3531AH,Graadt van Roggenweg,128,,
3531AH,Graadt van Roggenweg,132,,
3531AH,Graadt van Roggenweg,136,,
3531AH,Graadt van Roggenweg,138,,
3531AH,Graadt van Roggenweg,142,,
3531AH,Graadt van Roggenweg,124,,
3531AH,Graadt van Roggenweg,120,,
3531AH,Graadt van Roggenweg,118,,
3531AH,Graadt van Roggenweg,116,,
3531AH,Graadt van Roggenweg,112,,
3531AH,Graadt van Roggenweg,110,,
3531AH,Graadt van Roggenweg,106,,
3531AH,Graadt van Roggenweg,126,,
3531AH,Graadt van Roggenweg,146,,
3531AH,Graadt van Roggenweg,148,,
3531AH,Graadt van Roggenweg,202,,
3531AH,Graadt van Roggenweg,204,,
3531AH,Graadt van Roggenweg,208,,
3531AH,Graadt van Roggenweg,210,,
3531AH,Graadt van Roggenweg,214,,
3531AH,Graadt van Roggenweg,216,,
3531AH,Graadt van Roggenweg,220,,
3531AH,Graadt van Roggenweg,222,,
3531AH,Graadt van Roggenweg,224,,
3531AH,Graadt van Roggenweg,226,,
3531AH,Graadt van Roggenweg,228,,
3531AH,Graadt van Roggenweg,230,,
3531AH,Graadt van Roggenweg,232,,
3531AH,Graadt van Roggenweg,234,,
3531AH,Graadt van Roggenweg,236,,
3531AH,Graadt van Roggenweg,238,,
3531AH,Graadt van Roggenweg,240,,
3531AH,Graadt van Roggenweg,242,,
3531AH,Graadt van Roggenweg,244,,
3531AH,Graadt van Roggenweg,246,,
3531AH,Graadt van Roggenweg,248,,
3531AH,Graadt van Roggenweg,250,,
3531AH,Graadt van Roggenweg,302,,
3531AH,Graadt van Roggenweg,304,,
3531AH,Graadt van Roggenweg,306,,
3531AH,Graadt van Roggenweg,308,,
3531AH,Graadt van Roggenweg,310,,
3531AH,Graadt van Roggenweg,312,,
3531AH,Graadt van Roggenweg,314,,
3531AH,Graadt van Roggenweg,316,,
3531AH,Graadt van Roggenweg,318,,
3531AH,Graadt van Roggenweg,320,,
3531AH,Graadt van Roggenweg,322,,
3531AH,Graadt van Roggenweg,324,,
3531AH,Graadt van Roggenweg,326,,
3531AH,Graadt van Roggenweg,328,,
3531AH,Graadt van Roggenweg,330,,
3531AH,Graadt van Roggenweg,332,,
3531AH,Graadt van Roggenweg,334,,
3531AH,Graadt van Roggenweg,336,,
3531AH,Graadt van Roggenweg,338,,
3531AH,Graadt van Roggenweg,340,,
3531AH,Graadt van Roggenweg,342,,
3531AH,Graadt van Roggenweg,344,,
3531AH,Graadt van Roggenweg,348,,
3531AH,Graadt van Roggenweg,350,,
3511CE,Stationshal,1,A,
3511CE,Stationshal,1,B,
3511CE,Stationshal,1,C,
3511CE,Stationshal,2,A,
3511CE,Stationshal,2,B,
3511CE,Stationshal,3,,
3511CE,Stationshal,4,,
3511CE,Stationshal,5,A,
3511CE,Stationshal,5,B,
3511CE,Stationshal,5,C,
3511CE,Stationshal,6,,
3511CE,Stationshal,7,A,
3511CE,Stationshal,7,B,
3511CE,Stationshal,7,C,
3511CE,Stationshal,9,A,
3511CE,Stationshal,9,B,
3511CE,Stationshal,9,C,
3511CE,Stationshal,10,,
3511CE,Stationshal,11,,
3511CE,Stationshal,12,,
3511CE,Stationshal,13,A,
3511CE,Stationshal,13,B,
3511CE,Stationshal,14,,
3511CE,Stationshal,14,,
3511CE,Stationshal,15,,
3511CE,Stationshal,15,,
3511CE,Stationshal,16,,
3511CE,Stationshal,16,,
3511CE,Stationshal,17,,
3511CE,Stationshal,17,,
3511CE,Stationshal,18,,
3511CE,Stationshal,19,,
3511CE,Stationshal,20,,
3511CE,Stationshal,21,,
3511CE,Stationshal,7,D,
3511CE,Stationshal,8,,
3521AA,Fentener van Vlissingenkade,139,,
3521AA,Fentener van Vlissingenkade,101,,
3521AA,Fentener van Vlissingenkade,137,,
3511RT,Catharijnekade,11,,
3511DG,Gildenkwartier,169,,
3521AP,Jaarbeursplein,19,,
3511DN,Godebaldkwartier,87,,
3511DZ,Godebaldkwartier,64,,
3511BD,Vredenburg,37,A,
3511BD,Vredenburg,37,B,
3531AH,Graadt van Roggenweg,400,,
3521AA,Fentener van Vlissingenkade,1,,
3521AA,Fentener van Vlissingenkade,3,,
3521CB,Croeselaan,24,,
3521AG,Mineurslaan,9,,
3521AJ,Van Sijpesteijnkade,42,,
3511LC,Rijnkade,11,,
3521BL,Croeselaan,163,A,
3521BL,Croeselaan,163,B,
3521CB,Croeselaan,80,,
3511GC,Catharijnesingel,51,A,
3511GC,Catharijnesingel,52,A,
3511GD,Catharijnesingel,55,A,
3511GD,Catharijnesingel,55,B,
3511GD,Catharijnesingel,55,C,
3511GD,Catharijnesingel,55,D,
3511GD,Catharijnesingel,55,E,
3511GD,Catharijnesingel,55,G,
3511GD,Catharijnesingel,55,H,
3511CE,Stationshal,1,D,
3511CE,Stationshal,9,G,
3511CX,Clarenburg,7,,
3511CX,Clarenburg,15,,
3511CX,Clarenburg,35,,
3511CX,Clarenburg,47,,
3511CZ,Clarenburg,4,,
3521BL,Croeselaan,141,B,
3521BL,Croeselaan,143,B,
3521BL,Croeselaan,145,B,
3521CA,Croeselaan,6,,
3521CA,Croeselaan,6,,
3511CR,Boven Clarenburg,35,,
3511CS,Boven Clarenburg,61,,
3511CS,Boven Clarenburg,79,,
3511CS,Boven Clarenburg,97,,
3511CT,Boven Clarenburg,111,,
3511CT,Boven Clarenburg,127,,
3511CV,Boven Clarenburg,8,,
3511CV,Boven Clarenburg,14,,
3511GB,Catharijnesingel,20,,
3511GC,Catharijnesingel,34,,
3511GC,Catharijnesingel,47,,
3511GC,Catharijnesingel,52,,
3511GC,Catharijnesingel,38,A,
3511GC,Catharijnesingel,40,,
3511GC,Catharijnesingel,43,,
3511GC,Catharijnesingel,49,A,
3511BG,Vredenburg,132,,
3521TE,Reviuskade,102,,
3521TE,Reviuskade,110,,
3511EN,Spoorstraat,29,,
3511EL,Stationsdwarsstraat,5,,
3511EL,Stationsdwarsstraat,16,,
3511EL,Stationsdwarsstraat,25,,
3511EL,Stationsdwarsstraat,38,,
3511EL,Stationsdwarsstraat,52,,
3511ED,Stationsplein,17,,
3511ED,Stationsplein,79,,
3511ED,Stationsplein,87,,
3521AG,Mineurslaan,20,,
3511EP,Moreelsepark,67,,
3511EP,Moreelsepark,17,,
3511EP,Moreelsepark,21,,
3511EP,Moreelsepark,27,,
3511EP,Moreelsepark,32,,
3511EP,Moreelsepark,37,,
3511EP,Moreelsepark,40,,
3511EA,Smakkelaarsveld,21,,
3511EA,Smakkelaarsveld,29,,
3511EA,Smakkelaarsveld,37,,
3511EA,Smakkelaarsveld,51,,
3511EA,Smakkelaarsveld,63,,
3511EB,Smakkelaarsveld,71,,
3511EB,Smakkelaarsveld,87,,
3511EB,Smakkelaarsveld,99,,
3511EB,Smakkelaarsveld,107,,
3511EG,Stationsstraat,40,,
3511EG,Stationsstraat,52,,
3511EG,Stationsstraat,62,,
3511EH,Stationsstraat,74,,
3511EH,Stationsstraat,84,,
3511EH,Stationsstraat,94,,
3511EH,Stationsstraat,102,,
3511EJ,Stationsstraat,110,,
3511EJ,Stationsstraat,118,,
3511EJ,Stationsstraat,124,,
3521AH,Van Sijpesteijnkade,11,,
3511SG,Nieuwe Daalstraat,2,A,
3511RT,Catharijnekade,1,B,
3511RT,Catharijnekade,3,A,
3511RT,Catharijnekade,3,D,
3511RT,Catharijnekade,5,C,
3511RT,Catharijnekade,7,B,
3511JJ,Achter Clarenburg,22,,
3511JJ,Achter Clarenburg,38,,
3521AL,Jaarbeursplein,1,,
3521AL,Jaarbeursplein,5,,
3521AL,Jaarbeursplein,8,,
3521AL,Jaarbeursplein,12,,
3521AR,Jaarbeursplein,26,,
3521AR,Jaarbeursplein,26,,
3511DN,Godebaldkwartier,57,,
3511DT,Godebaldkwartier,349,,
3511DT,Godebaldkwartier,361,,
3511DT,Godebaldkwartier,371,,
3511DT,Godebaldkwartier,379,,
3511DT,Godebaldkwartier,385,,
3511DT,Godebaldkwartier,395,,
3511DT,Godebaldkwartier,403,,
3511DX,Godebaldkwartier,8,,
3511DX,Godebaldkwartier,18,,
3511DZ,Godebaldkwartier,76,,
3511DZ,Godebaldkwartier,88,,
3521TX,Jan van Foreeststraat,2,,
3521BK,Croeselaan,81,,BS
3521BK,Croeselaan,83,,BS
3521BK,Croeselaan,85,,BS
3521BK,Croeselaan,87,,
3521BK,Croeselaan,89,,
3521BL,Croeselaan,109,,
3521BL,Croeselaan,163,,
3511CR,Boven Clarenburg,25,,
3511CS,Boven Clarenburg,67,,
3511CS,Boven Clarenburg,99,,
3513AG,Amsterdamsestraatweg,26,,
3513AG,Amsterdamsestraatweg,32,,BS
3513AG,Amsterdamsestraatweg,38,,
3513AG,Amsterdamsestraatweg,44,,
3513AG,Amsterdamsestraatweg,52,,
3513AG,Amsterdamsestraatweg,54,,BS
3511BG,Vredenburg,151,,
3511BG,Vredenburg,153,,
3511BG,Vredenburg,138,,
3511BG,Vredenburg,134,,
3511BG,Vredenburg,146,,
3511BG,Vredenburg,130,,
3521TE,Reviuskade,116,,
3531BL,Westplein,101,,
3531BL,Westplein,103,,
3531BL,Westplein,108,,
3531BL,Westplein,50,,
3531BL,Westplein,1,,
3511EA,Smakkelaarsveld,61,,
3511EB,Smakkelaarsveld,79,,
3511EB,Smakkelaarsveld,103,,
3511EM,Westerstraat,9,,
3511EM,Westerstraat,19,,
3521AH,Van Sijpesteijnkade,9,,
3521AB,Van Zijstweg,51,,
3511LC,Rijnkade,5,,
3511LC,Rijnkade,20,,
3531BL,Blekerstraat,14,,
3531BL,Blekerstraat,2,,
3511JJ,Achter Clarenburg,20,,
3521AR,Jaarbeursplein,28,,
3521AR,Jaarbeursplein,28,,
3511DN,Godebaldkwartier,65,,
3511DN,Godebaldkwartier,89,,
3511DS,Godebaldkwartier,335,,
3511DT,Godebaldkwartier,369,,
3511DT,Godebaldkwartier,405,,
3511DT,Godebaldkwartier,427,,
3511DW,Godebaldkwartier,527,,
3511DX,Godebaldkwartier,24,,
3511DX,Godebaldkwartier,48,,
3511CX,Clarenburg,21,,
3511BD,Vredenburg,40,,
3511EP,Moreelsepark,1,,
3531AH,Graadt van Roggenweg,346,,
3531AH,Graadt van Roggenweg,130,,
3531AH,Graadt van Roggenweg,134,,
3531AH,Graadt van Roggenweg,140,,
3531AH,Graadt van Roggenweg,122,,
3531AH,Graadt van Roggenweg,114,,
3531AH,Graadt van Roggenweg,108,,
3531AH,Graadt van Roggenweg,144,,
3531AH,Graadt van Roggenweg,150,,
3531AH,Graadt van Roggenweg,206,,
3531AH,Graadt van Roggenweg,212,,
3531AH,Graadt van Roggenweg,218,,
3531AH,Graadt van Roggenweg,500,,
3521AJ,Van Sijpesteijnkade,40,,
3521BD,Veemarktplein,42,,BS
3521BD,Veemarktplein,43,,BSA
3521BD,Veemarktplein,44,,BSA
3511DH,Gildenkwartier,199,,
3511DX,Godebaldkwartier,20,,
3511GB,Catharijnesingel,11,,
3511ED,Stationsplein,200,,
3521AA,Fentener van Vlissingenkade,109,,
3521AB,Van Zijstweg,1,A,
3511LC,Rijnkade,3,A,
3511JJ,Achter Clarenburg,14,,
3511JJ,Achter Clarenburg,38,,
3511JJ,Achter Clarenburg,44,,
3521AL,Jaarbeursplein,6,A,
3511ER,Laan van Puntenburg,2,A,
3511CX,Clarenburg,37,,
3511CX,Clarenburg,31,,
3511CX,Clarenburg,45,,
3511CX,Clarenburg,55,,
3511CX,Clarenburg,55,,
3511CZ,Clarenburg,12,,
3511CZ,Clarenburg,12,,
3511CZ,Clarenburg,6,,
3511CZ,Clarenburg,4,,
3521CA,Croeselaan,14,,
3511SV,Daalsesingel,9,,
3511SW,Daalsesingel,71,,
3511CR,Boven Clarenburg,15,,
3511CS,Boven Clarenburg,89,,
3511CS,Boven Clarenburg,87,,
3511CT,Boven Clarenburg,119,,
3511CT,Boven Clarenburg,103,,
3511CT,Boven Clarenburg,131,,
3511CT,Boven Clarenburg,111,,
3511CT,Boven Clarenburg,105,,
3511CV,Boven Clarenburg,8,,
3511GB,Catharijnesingel,20,,
3511GB,Catharijnesingel,27,,
3511GC,Catharijnesingel,43,,
3511GC,Catharijnesingel,35,,
3513AG,Amsterdamsestraatweg,54,,
3513AG,Amsterdamsestraatweg,34,B,
3513AG,Amsterdamsestraatweg,34,A,
3513AG,Amsterdamsestraatweg,34,,
3511BG,Vredenburg,136,,
3511BG,Vredenburg,136,,
3511BG,Vredenburg,134,A,
3511BG,Vredenburg,134,A,
3511BG,Vredenburg,137,,
3511BG,Vredenburg,137,,
3511BG,Vredenburg,153,,
3521AR,Westplein,1,,
3531BL,Westplein,1,,
3511EL,Stationsdwarsstraat,24,,
3511EL,Stationsdwarsstraat,9,,
3511EL,Stationsdwarsstraat,16,,
3511EL,Stationsdwarsstraat,18,,
3511EL,Stationsdwarsstraat,13,,
3511EL,Stationsdwarsstraat,25,,
3511EL,Stationsdwarsstraat,48,,
3511EL,Stationsdwarsstraat,22,,
3511EL,Stationsdwarsstraat,49,,
3511EL,Stationsdwarsstraat,46,,
3511EL,Stationsdwarsstraat,31,,
3511EL,Stationsdwarsstraat,56,,
3511EL,Stationsdwarsstraat,17,,
3511EL,Stationsdwarsstraat,52,,
3511EL,Stationsdwarsstraat,29,,
3511ED,Stationsplein,103,,
3511ED,Stationsplein,161,,
3511ED,Stationsplein,67,,
3511ED,Stationsplein,153,,
3511ED,Stationsplein,291,,
3511ED,Stationsplein,99,,
3511ED,Stationsplein,145,,
3511ED,Stationsplein,87,,
3511ED,Stationsplein,9,,
3511ED,Stationsplein,305,,
3511ED,Stationsplein,149,,
3511ED,Stationsplein,197,,
3511ED,Stationsplein,231,,
3511ED,Stationsplein,95,,
3511ED,Stationsplein,101,,
3511ED,Stationsplein,147,,
3511ED,Stationsplein,81,,
3511ED,Stationsplein,65,,
3511ED,Stationsplein,85,,
3511ED,Stationsplein,83,,
3511ED,Stationsplein,131,,
3511ED,Stationsplein,199,,
3511ED,Stationsplein,155,,
3511ED,Stationsplein,115,,
3511ED,Stationsplein,201,,
3511ED,Stationsplein,203,,
3511ED,Stationsplein,105,,
3511ED,Stationsplein,157,,
3511ED,Stationsplein,193,,
3511ED,Stationsplein,79,,
3511ED,Stationsplein,97,,
3521AG,Mineurslaan,9,,
3511EP,Moreelsepark,13,,
3511EP,Moreelsepark,67,,
3531AH,Graadt van Roggenweg,210,,
3531AH,Graadt van Roggenweg,230,,
3531AH,Graadt van Roggenweg,120,,
3531AH,Graadt van Roggenweg,216,,
3531AH,Graadt van Roggenweg,232,,
3531AH,Graadt van Roggenweg,234,,
3531AH,Graadt van Roggenweg,240,,
3531AH,Graadt van Roggenweg,242,,
3531AH,Graadt van Roggenweg,248,,
3531AH,Graadt van Roggenweg,224,,
3531AH,Graadt van Roggenweg,236,,
3531AH,Graadt van Roggenweg,244,,
3531AH,Graadt van Roggenweg,150,,
3531AH,Graadt van Roggenweg,208,,
3531AH,Graadt van Roggenweg,212,,
3531AH,Graadt van Roggenweg,218,,
3531AH,Graadt van Roggenweg,202,,
3531AH,Graadt van Roggenweg,112,,
3531AH,Graadt van Roggenweg,138,,
3531AH,Graadt van Roggenweg,142,,
3531AH,Graadt van Roggenweg,122,,
3531AH,Graadt van Roggenweg,118,,
3531AH,Graadt van Roggenweg,114,,
3531AH,Graadt van Roggenweg,128,,
3531AH,Graadt van Roggenweg,250,,
3531AH,Graadt van Roggenweg,134,,
3531AH,Graadt van Roggenweg,140,,
3531AH,Graadt van Roggenweg,146,,
3531AH,Graadt van Roggenweg,238,,
3531AH,Graadt van Roggenweg,130,,
3531AH,Graadt van Roggenweg,132,,
3531AH,Graadt van Roggenweg,220,,
3531AH,Graadt van Roggenweg,226,,
3531AH,Graadt van Roggenweg,136,,
3531AH,Graadt van Roggenweg,102,,
3531AH,Graadt van Roggenweg,124,,
3531AH,Graadt van Roggenweg,110,,
3531AH,Graadt van Roggenweg,108,,
3531AH,Graadt van Roggenweg,126,,
3531AH,Graadt van Roggenweg,144,,
3531AH,Graadt van Roggenweg,116,,
3531AH,Graadt van Roggenweg,246,,
3531AH,Graadt van Roggenweg,228,,
3531AH,Graadt van Roggenweg,106,,
3531AH,Graadt van Roggenweg,148,,
3531AH,Graadt van Roggenweg,206,,
3531AH,Graadt van Roggenweg,214,,
3531AH,Graadt van Roggenweg,222,,
3511EJ,Stationsstraat,144,,
3511EK,Stationsstraat,156,,
3511EK,Stationsstraat,146,,
3511CE,Stationshal,13,A,
3511CE,Stationshal,13,B,
3511CE,Stationshal,1,B,
3511CE,Stationshal,30,,
3511CE,Stationshal,305,,
3521AA,Fentener van Vlissingenkade,3,,
3521AH,Van Sijpesteijnkade,17,,
3511SX,Daalseplein,1,,
3511SX,Daalseplein,100,,
3511LC,Rijnkade,4,,
3511LC,Rijnkade,6,,
3511JJ,Achter Clarenburg,48,,
3511JJ,Achter Clarenburg,36,,
3511DG,Gildenkwartier,173,,
3511DG,Gildenkwartier,163,,
3511DH,Gildenkwartier,209,,
3521AL,Jaarbeursplein,6,A,
3521AL,Jaarbeursplein,2,,
3521AL,Jaarbeursplein,2,,
3521AL,Jaarbeursplein,3,,
3521AL,Jaarbeursplein,3,,
3521AL,Jaarbeursplein,1,,
3521AL,Jaarbeursplein,1,,
3521AL,Jaarbeursplein,6,,
3521AL,Jaarbeursplein,6,,
3521AR,Jaarbeursplein,25,,
3521AR,Jaarbeursplein,25,,
3511DS,Godebaldkwartier,323,,
3511DS,Godebaldkwartier,321,,
3511DT,Godebaldkwartier,377,,
3511DT,Godebaldkwartier,441,,
3511DT,Godebaldkwartier,371,,
3511DT,Godebaldkwartier,395,,
3511DT,Godebaldkwartier,411,,
3511DT,Godebaldkwartier,383,,
3511DT,Godebaldkwartier,405,,
3511DT,Godebaldkwartier,347,,
3511DT,Godebaldkwartier,407,,
3511DW,Godebaldkwartier,523,,
3511DX,Godebaldkwartier,42,,
3511DX,Godebaldkwartier,8,,
3511CZ,Clarenburg,1000,,
3511CR,Boven Clarenburg,46,,
3511CT,Boven Clarenburg,1001,,
3511CT,Boven Clarenburg,1002,,
3511CV,Boven Clarenburg,46,,
3511CV,Boven Clarenburg,46,,
3511GB,Catharijnesingel,27,,
3511GB,Catharijnesingel,28,,
3511GB,Catharijnesingel,29,A,
3511GB,Catharijnesingel,29,B,
3511GB,Catharijnesingel,29,,
3511GB,Catharijnesingel,30,,
3511GB,Catharijnesingel,30,A,
3511GB,Catharijnesingel,30,B,
3511GB,Catharijnesingel,30,C,
3511GB,Catharijnesingel,30,D,
3511GB,Catharijnesingel,30,E,
3511GB,Catharijnesingel,30,G,
3511GB,Catharijnesingel,30,J,
3511GB,Catharijnesingel,30,L,
3511GB,Catharijnesingel,30,K,
3511BD,Vredenburg,47,,
3511BD,Vredenburg,74,,
3511BD,Vredenburg,73,,
3511BD,Vredenburg,76,,
3511BD,Vredenburg,75,,
3511BD,Vredenburg,72,,
3511BD,Vredenburg,69,,
3511BD,Vredenburg,68,,
3511BD,Vredenburg,71,,
3511BD,Vredenburg,70,,
3511BD,Vredenburg,77,,
3511BD,Vredenburg,84,,
3511BD,Vredenburg,83,,
3511BD,Vredenburg,86,,
3511BD,Vredenburg,85,,
3511BD,Vredenburg,82,,
3511BD,Vredenburg,79,,
3511BD,Vredenburg,78,,
3511BD,Vredenburg,81,,
3511BD,Vredenburg,80,,
3511BD,Vredenburg,67,,
3511BD,Vredenburg,54,,
3511BD,Vredenburg,53,,
3511BD,Vredenburg,51,,
3511BD,Vredenburg,61,,
3511BD,Vredenburg,62,,
3511BD,Vredenburg,59,,
3511BD,Vredenburg,60,,
3511BD,Vredenburg,65,,
3511BD,Vredenburg,66,,
3511BD,Vredenburg,63,,
3511BD,Vredenburg,64,,
3511BD,Vredenburg,50,,
3511BD,Vredenburg,52,,
3511BD,Vredenburg,48,,
3511BD,Vredenburg,49,,
3511BD,Vredenburg,57,,
3511BD,Vredenburg,58,,
3511BD,Vredenburg,55,,
3511BD,Vredenburg,56,,
3511BD,Vredenburg,87,,
3511BD,Vredenburg,46,,
3511BD,Vredenburg,34,,
3511BD,Vredenburg,35,C,
3511BD,Vredenburg,35,D,
3511BD,Vredenburg,35,H,
3511BD,Vredenburg,35,G,
3511BD,Vredenburg,35,J,
3511BD,Vredenburg,35,,
3511BD,Vredenburg,35,A,
3511BD,Vredenburg,35,B,
3511BD,Vredenburg,35,E,
3511ED,Vredenburg,87,,
3511ED,Stationsplein,400,,
3511ED,Stationsplein,6,,
3511ED,Stationsplein,6,,
3511ED,Stationsplein,2,,
3511ED,Stationsplein,4,,
3521AG,Mineurslaan,4,B,
3521AG,Mineurslaan,4,B,
3521AG,Mineurslaan,4,B,
3521AG,Mineurslaan,4,B,
3521AG,Mineurslaan,1001,C,
3521AG,Mineurslaan,1001,B,
3521AG,Mineurslaan,1001,A,
3521AG,Mineurslaan,1001,,
3511EA,Smakkelaarsveld,2,,
3511EK,Stationsstraat,25,,
3511EK,Stationsstraat,25,A,
3511EK,Stationsstraat,25,B,
3511EK,Stationsstraat,25,D,
3511CE,Stationshal,307,,
3511CE,Stationshal,304,,
3511CE,Stationshal,406,,
3511CE,Stationshal,405,,
3511CE,Stationshal,10,A,
3511CE,Stationshal,13,E,
3511CE,Stationshal,13,E,
3511CE,Stationshal,13,C,
3511CE,Stationshal,13,C,
3511CE,Stationshal,13,D,
3511CE,Stationshal,13,D,
3511CE,Stationshal,11,A,
3511CE,Stationshal,11,B,
3511CE,Stationshal,13,,
3511CE,Stationshal,401,,
3521AJ,Van Sijpesteijnkade,42,T,
3521AJ,Van Sijpesteijnkade,48,T,
3521AJ,Van Sijpesteijnkade,44,,
3521AJ,Van Sijpesteijnkade,46,,
3521BD,Veemarktplein,40,,
3521BD,Veemarktplein,40,,
3521BD,Veemarktplein,50,,
3521AL,Jaarbeursplein,13,T,
3521AL,Jaarbeursplein,13,,
3511WB,Vlaamse Toren,1,,
3511WB,Vlaamse Toren,7,,
3511WB,Vlaamse Toren,9,,
3511BN,Hollandse Toren,9,,
3511BN,Hollandse Toren,89,,
3511BN,Hollandse Toren,93,,
3511BN,Hollandse Toren,95,,
3511BN,Hollandse Toren,97,,
3511BN,Hollandse Toren,33,,
3511BN,Hollandse Toren,35,,
3511BN,Hollandse Toren,29,,
3511BN,Hollandse Toren,31,,
3511BN,Hollandse Toren,37,,
3511BN,Hollandse Toren,43,,
3511BN,Hollandse Toren,45,,
3511BN,Hollandse Toren,39,,
3511BN,Hollandse Toren,41,,
3511BN,Hollandse Toren,15,,
3511BN,Hollandse Toren,17,,
3511BN,Hollandse Toren,11,,
3511BN,Hollandse Toren,13,,
3511BN,Hollandse Toren,19,,
3511BN,Hollandse Toren,25,,
3511BN,Hollandse Toren,27,,
3511BN,Hollandse Toren,21,,
3511BN,Hollandse Toren,23,,
3511BN,Hollandse Toren,69,,
3511BN,Hollandse Toren,71,,
3511BN,Hollandse Toren,65,,
3511BN,Hollandse Toren,67,,
3511BN,Hollandse Toren,73,,
3511BN,Hollandse Toren,79,,
3511BN,Hollandse Toren,81,,
3511BN,Hollandse Toren,75,,
3511BN,Hollandse Toren,77,,
3511BN,Hollandse Toren,51,,
3511BN,Hollandse Toren,53,,
3511BN,Hollandse Toren,47,,
3511BN,Hollandse Toren,49,,
3511BN,Hollandse Toren,61,,
3511BN,Hollandse Toren,59,,
3511BN,Hollandse Toren,63,,
3511BN,Hollandse Toren,55,,
3511BN,Hollandse Toren,57,,
3511BN,Hollandse Toren,89,,
3511BN,Hollandse Toren,3,,
3511BN,Hollandse Toren,3,,
3511BN,Hollandse Toren,95,,
3511BN,Hollandse Toren,95,,
3521AZ,Stadsplateau,1,,
3521AZ,Stadsplateau,1,T,
3521TZ,Dichtersbaan,11,,
3511WC,Vredenburgkade,7,,
3511WC,Vredenburgkade,11,,
3511WC,Vredenburgkade,13,,
3511WR,Boven Vredenburgpassage,100,,
3511WR,Boven Vredenburgpassage,101,,
3511WR,Boven Vredenburgpassage,102,,
3511WR,Boven Vredenburgpassage,103,,
3511WR,Boven Vredenburgpassage,104,,
3511WR,Boven Vredenburgpassage,105,,
3511WR,Boven Vredenburgpassage,107,,
3511WR,Boven Vredenburgpassage,106,,
3511WR,Boven Vredenburgpassage,107,,
3511WR,Boven Vredenburgpassage,108,,
3511WR,Boven Vredenburgpassage,110,,
3511WR,Boven Vredenburgpassage,111,,
3511WR,Boven Vredenburgpassage,112,,
3511WR,Boven Vredenburgpassage,113,,
3511WR,Boven Vredenburgpassage,114,,
3511WR,Boven Vredenburgpassage,115,,
3511WR,Boven Vredenburgpassage,115,,
3511EC,Smakkelaarshoek,2,,
3511EC,Smakkelaarshoek,4,,
3511CR,Boven Clarenburg,17,,
3511CR,Boven Clarenburg,21,,
3511CR,Boven Clarenburg,37,,
3511CV,Boven Clarenburg,2,,
3511CE,Stationshal,1,,
3511CE,Stationshal,2,,
3511CE,Stationshal,2,A,
3511CE,Stationshal,3,,
3511CE,Stationshal,3,A,
3511CE,Stationshal,3,B,
3511CE,Stationshal,4,,
3511CE,Stationshal,5,,
3511CE,Stationshal,5,A,
3511CE,Stationshal,6,,
3511CE,Stationshal,6,A,
3511CE,Stationshal,6,B,
3511CE,Stationshal,6,C,
3511CE,Stationshal,7,,
3511CE,Stationshal,8,,
3511CE,Stationshal,8,A,
3511CE,Stationshal,8,B,
3511CE,Stationshal,8,B,
3511CE,Stationshal,9,,
3511CE,Stationshal,9,A,
3511CE,Stationshal,9,B,
3511CE,Stationshal,9,C,
3511CE,Stationshal,9,D,
3511CE,Stationshal,9,E,
3511CE,Stationshal,10,,
3511CE,Stationshal,11,,
3511CE,Stationshal,11,A,
3511CE,Stationshal,11,B,
3511CE,Stationshal,11,C,
3511CE,Stationshal,11,D,
3511CE,Stationshal,12,,
3511CE,Stationshal,12,A,
3511CE,Stationshal,12,B,
3511CE,Stationshal,12,C,
3511CE,Stationshal,13,,
3511CE,Stationshal,18,,
3511CE,Stationshal,19,,
3511CE,Stationshal,4,A,
3511CE,Stationshal,4,A,
3511CE,Stationshal,4,B,
3511CE,Stationshal,4,B,
3511CE,Stationshal,4,C,
3511CE,Stationshal,4,C,
3511CE,Stationshal,4,D,
3511CE,Stationshal,4,D,
3511CE,Stationshal,7,A,
3511CE,Stationshal,7,A,
3511CE,Stationshal,7,B,
3511CE,Stationshal,7,B,
3511CE,Stationshal,7,C,
3511CE,Stationshal,7,C,
3511CE,Stationshal,302,A,
3511CE,Stationshal,302,A,
3511LC,Rijnkade,3,B,
3511LC,Rijnkade,3,C,
3511LC,Rijnkade,3,D,
3511JJ,Achter Clarenburg,16,,
3511JJ,Achter Clarenburg,16,,
3511JJ,Achter Clarenburg,24,,
3511JJ,Achter Clarenburg,28,,
3511JJ,Achter Clarenburg,30,,
3511JJ,Achter Clarenburg,18,,
3511DG,Gildenkwartier,181,,
3511DG,Gildenkwartier,181,,
3511BN,Hollandse Toren,2,,
3511BN,Hollandse Toren,4,,
3511BN,Hollandse Toren,6,,
3511BN,Hollandse Toren,8,,
3511BN,Hollandse Toren,10,,
3511BN,Hollandse Toren,12,,
3511BN,Hollandse Toren,14,,
3511BN,Hollandse Toren,16,,
3511BN,Hollandse Toren,18,,
3511BN,Hollandse Toren,20,,
3511BN,Hollandse Toren,22,,
3511BN,Hollandse Toren,24,,
3511BN,Hollandse Toren,26,,
3511BN,Hollandse Toren,28,,
3511BN,Hollandse Toren,30,,
3511BN,Hollandse Toren,32,,
3511BN,Hollandse Toren,34,,
3511BN,Hollandse Toren,36,,
3511BN,Hollandse Toren,38,,
3511BN,Hollandse Toren,40,,
3511BN,Hollandse Toren,42,,
3511BN,Hollandse Toren,44,,
3511BN,Hollandse Toren,46,,
3511BN,Hollandse Toren,48,,
3511BN,Hollandse Toren,50,,
3511BN,Hollandse Toren,52,,
3511BN,Hollandse Toren,54,,
3511BN,Hollandse Toren,56,,
3511BN,Hollandse Toren,58,,
3511BN,Hollandse Toren,60,,
3511BN,Hollandse Toren,62,,
3511BN,Hollandse Toren,64,,
3511BN,Hollandse Toren,66,,
3521AZ,Stadsplateau,1,,BD
3511WH,Vredenburgplein,2,,
3511WH,Vredenburgplein,4,,
3511WH,Vredenburgplein,3,,
3511WH,Vredenburgplein,5,,
3511WH,Vredenburgplein,6,,
3511WH,Vredenburgplein,7,,
3511WH,Vredenburgplein,8,,
3511WH,Vredenburgplein,9,,
3511WH,Vredenburgplein,10,,
3511WH,Vredenburgplein,11,,
3511WH,Vredenburgplein,12,,
3511WH,Vredenburgplein,13,,
3511WH,Vredenburgplein,14,,
3511WH,Vredenburgplein,15,,
3511WH,Vredenburgplein,16,,
3511WH,Vredenburgplein,17,,
3511WH,Vredenburgplein,18,,
3511WH,Vredenburgplein,19,,
3511WH,Vredenburgplein,20,,
3511WH,Vredenburgplein,21,,
3511WH,Vredenburgplein,22,,
3511WH,Vredenburgplein,23,,
3511WH,Vredenburgplein,24,,
3511WH,Vredenburgplein,25,,
3511WH,Vredenburgplein,26,,
3511WH,Vredenburgplein,27,,
3511WH,Vredenburgplein,28,,
3511WH,Vredenburgplein,29,,
3511WH,Vredenburgplein,30,,
3511WH,Vredenburgplein,31,,
3511WH,Vredenburgplein,32,,
3511WH,Vredenburgplein,33,,
3511WH,Vredenburgplein,34,,
3511WH,Vredenburgplein,35,,
3511WH,Vredenburgplein,36,,
3511WH,Vredenburgplein,37,,
3511WH,Vredenburgplein,38,,
3511WH,Vredenburgplein,39,,
3511WH,Vredenburgplein,40,,
3511WH,Vredenburgplein,41,,
3511WH,Vredenburgplein,42,,
3511WH,Vredenburgplein,43,,
3511WH,Vredenburgplein,44,,
3511WH,Vredenburgplein,45,,
3511WE,Clarenburgplein,1,,
3511WE,Clarenburgplein,2,,
3511WE,Clarenburgplein,3,,
3511WE,Clarenburgplein,4,,
3511WE,Clarenburgplein,5,,
3511WE,Clarenburgplein,6,,
3511WE,Clarenburgplein,7,,
3511WE,Clarenburgplein,8,,
3511WE,Clarenburgplein,9,,
3511WE,Clarenburgplein,10,,
3511WE,Clarenburgplein,11,,
3511WE,Clarenburgplein,12,,
3511WE,Clarenburgplein,12,A,
3511WE,Clarenburgplein,13,,
3511WE,Clarenburgplein,14,,
3511WJ,Clarenburgplateau,1,,
3511WJ,Clarenburgplateau,2,,
3511WJ,Clarenburgplateau,3,,
3511WJ,Clarenburgplateau,4,,
3511WJ,Clarenburgplateau,5,,
3511WJ,Clarenburgplateau,6,,
3511WJ,Clarenburgplateau,7,,
3511WJ,Clarenburgplateau,8,,
3511WJ,Clarenburgplateau,9,,
3511WJ,Clarenburgplateau,10,,
3511WJ,Clarenburgplateau,11,,
3511WJ,Clarenburgplateau,12,,
3511WJ,Clarenburgplateau,13,,
3511WJ,Clarenburgplateau,14,,
3511WG,Catharijnepassage,1,,
3511WG,Catharijnepassage,3,,
3511WG,Catharijnepassage,5,,
3511WG,Catharijnepassage,7,,
3511WG,Catharijnepassage,9,,
3511WG,Catharijnepassage,10,,
3511WG,Catharijnepassage,12,,
3511WJ,Catharijneplateau,1,,
3511WJ,Catharijneplateau,1,,
3511WJ,Catharijneplateau,2,,
3511WJ,Catharijneplateau,2,,
3511WJ,Catharijneplateau,3,,
3511WJ,Catharijneplateau,3,,
3511WJ,Catharijneplateau,4,,
3511WJ,Catharijneplateau,4,,
3511WJ,Catharijneplateau,5,,
3511WJ,Catharijneplateau,5,,
3511WJ,Catharijneplateau,6,,
3511WJ,Catharijneplateau,6,,
3511WJ,Catharijneplateau,7,,
3511WJ,Catharijneplateau,7,,
3511WJ,Catharijneplateau,8,,
3511WJ,Catharijneplateau,8,,
3511WJ,Catharijneplateau,9,,
3511WJ,Catharijneplateau,9,,
3511WJ,Catharijneplateau,10,,
3511WJ,Catharijneplateau,10,,
3511WJ,Catharijneplateau,11,,
3511WJ,Catharijneplateau,11,,
3511WJ,Catharijneplateau,12,,
3511WJ,Catharijneplateau,12,,
3511WJ,Catharijneplateau,13,,
3511WJ,Catharijneplateau,13,,
3511WJ,Catharijneplateau,14,,
3511WJ,Catharijneplateau,14,,
3511WP,Hoog Catharijnepassage,1,,
3511WP,Hoog Catharijnepassage,2,,
3511WP,Hoog Catharijnepassage,3,,
3511WP,Hoog Catharijnepassage,4,,
3511WP,Hoog Catharijnepassage,5,,
3511WP,Hoog Catharijnepassage,7,,
3511WP,Hoog Catharijnepassage,9,,
3511WP,Hoog Catharijnepassage,14,,
3511WP,Hoog Catharijnepassage,16,,
3511WP,Hoog Catharijnepassage,18,,
3511WP,Hoog Catharijnepassage,15,,
3511WP,Hoog Catharijnepassage,17,,
3511WP,Hoog Catharijnepassage,19,,
3511WP,Hoog Catharijnepassage,21,,
3511WP,Hoog Catharijnepassage,21,A,
3511WP,Hoog Catharijnepassage,23,,
3511WR,Boven Vredenburgpassage,1,,
3511WR,Boven Vredenburgpassage,2,,
3511WR,Boven Vredenburgpassage,3,,
3511WR,Boven Vredenburgpassage,4,,
3511WR,Boven Vredenburgpassage,5,,
3511WR,Boven Vredenburgpassage,6,,
3511WR,Boven Vredenburgpassage,7,,
3511WR,Boven Vredenburgpassage,9,,
3511WR,Boven Vredenburgpassage,11,,
3511WR,Boven Vredenburgpassage,13,,
3511WR,Boven Vredenburgpassage,15,,
3511WR,Boven Vredenburgpassage,8,,
3511WR,Boven Vredenburgpassage,10,,
3511WR,Boven Vredenburgpassage,17,,
3511WR,Boven Vredenburgpassage,19,,
3511WR,Boven Vredenburgpassage,21,,
3511WR,Boven Vredenburgpassage,18,,
3511WR,Boven Vredenburgpassage,20,,
3511WR,Boven Vredenburgpassage,26,,
3511WR,Boven Vredenburgpassage,28,,
3511WR,Boven Vredenburgpassage,22,,
3511WR,Boven Vredenburgpassage,24,,
3511WD,Vredenburgpassage,1,,
3511WD,Vredenburgpassage,2,,
3511WD,Vredenburgpassage,3,,
3511WD,Vredenburgpassage,4,,
3511WD,Vredenburgpassage,5,,
3511WD,Vredenburgpassage,6,,
3511WD,Vredenburgpassage,7,,
3511WD,Vredenburgpassage,8,,
3511WD,Vredenburgpassage,9,,
3511WD,Vredenburgpassage,10,,
3511WD,Vredenburgpassage,11,,
3511WD,Vredenburgpassage,12,,
3511WD,Vredenburgpassage,13,,
3511WD,Vredenburgpassage,15,,
3511CB,Stationspassage,1,,
3511CB,Stationspassage,2,,
3511CB,Stationspassage,3,,
3511CB,Stationspassage,4,,
3511CB,Stationspassage,5,,
3511CB,Stationspassage,6,,
3511CB,Stationspassage,7,,
3511CB,Stationspassage,8,,
3511CB,Stationspassage,9,,
3511CB,Stationspassage,10,,
3511WK,Catharijne Esplanade,2,,
3511WK,Catharijne Esplanade,4,,
3511WK,Catharijne Esplanade,6,,
3511WK,Catharijne Esplanade,8,,
3511WK,Catharijne Esplanade,10,,
3511WK,Catharijne Esplanade,12,,
3511WK,Catharijne Esplanade,14,,
3511WK,Catharijne Esplanade,1,,
3511WK,Catharijne Esplanade,3,,
3511WK,Catharijne Esplanade,5,,
3511WK,Catharijne Esplanade,7,,
3511WK,Catharijne Esplanade,9,,
3511WK,Catharijne Esplanade,11,,
3511WK,Catharijne Esplanade,13,,
3511WK,Catharijne Esplanade,43,,
3511WK,Catharijne Esplanade,45,,
3511WK,Catharijne Esplanade,47,,
3511WK,Catharijne Esplanade,49,,
3511WK,Catharijne Esplanade,51,,
3511WK,Catharijne Esplanade,53,,
3511WK,Catharijne Esplanade,55,,
3511WN,Boven Catharijnepoort,1,,
3511WN,Boven Catharijnepoort,2,,
3511WN,Boven Catharijnepoort,3,,
3511WN,Boven Catharijnepoort,4,,
3511WN,Boven Catharijnepoort,5,,
3511WN,Boven Catharijnepoort,6,,
3511WM,Catharijnepoort,1,,
3511WM,Catharijnepoort,2,,
3511WM,Catharijnepoort,3,,
3511WM,Catharijnepoort,4,,
3511WM,Catharijnepoort,5,,
3511WM,Catharijnepoort,6,,
3511WM,Catharijnepoort,7,,
3511WM,Catharijnepoort,8,,
3511WM,Catharijnepoort,9,,
3521CA,Croeselaan,14,,
3511GC,Catharijnesingel,38,,
3513AG,Amsterdamsestraatweg,50,A,
3511BG,Vredenburg,151,,
3521AG,Mineurslaan,11,,
3511CE,Stationshal,401,A,
3511CE,Stationshal,308,,
3511CE,Stationshal,18,A,
3511CE,Stationshal,18,A,
3511CE,Stationshal,12,,
3511CE,Stationshal,11,E,
3521AH,Van Sijpesteijnkade,561,,
3521AH,Van Sijpesteijnkade,563,,
3521AH,Van Sijpesteijnkade,565,,
3521AH,Van Sijpesteijnkade,567,,
3521AH,Van Sijpesteijnkade,569,,
3521AH,Van Sijpesteijnkade,27,,
3521AH,Van Sijpesteijnkade,29,,
3521AH,Van Sijpesteijnkade,31,,
3521AH,Van Sijpesteijnkade,33,,
3521AH,Van Sijpesteijnkade,35,,
3521AH,Van Sijpesteijnkade,37,,
3521AH,Van Sijpesteijnkade,39,,
3521AH,Van Sijpesteijnkade,41,,
3521AH,Van Sijpesteijnkade,43,,
3521AH,Van Sijpesteijnkade,45,,
3521AH,Van Sijpesteijnkade,47,,
3521AH,Van Sijpesteijnkade,49,,
3521AH,Van Sijpesteijnkade,51,,
3521AH,Van Sijpesteijnkade,53,,
3521AH,Van Sijpesteijnkade,55,,
3521AH,Van Sijpesteijnkade,57,,
3521AH,Van Sijpesteijnkade,59,,
3521AH,Van Sijpesteijnkade,61,,
3521AH,Van Sijpesteijnkade,63,,
3521AH,Van Sijpesteijnkade,65,,
3521AH,Van Sijpesteijnkade,67,,
3521AH,Van Sijpesteijnkade,69,,
3521AH,Van Sijpesteijnkade,71,,
3521AH,Van Sijpesteijnkade,73,,
3521AH,Van Sijpesteijnkade,75,,
3521AH,Van Sijpesteijnkade,77,,
3521AH,Van Sijpesteijnkade,79,,
3521AH,Van Sijpesteijnkade,81,,
3521AH,Van Sijpesteijnkade,83,,
3521AH,Van Sijpesteijnkade,85,,
3521AH,Van Sijpesteijnkade,87,,
3521AH,Van Sijpesteijnkade,89,,
3521AH,Van Sijpesteijnkade,91,,
3521AH,Van Sijpesteijnkade,93,,
3521AH,Van Sijpesteijnkade,95,,
3521AH,Van Sijpesteijnkade,97,,
3521AH,Van Sijpesteijnkade,99,,
3521AH,Van Sijpesteijnkade,101,,
3521AH,Van Sijpesteijnkade,103,,
3521AH,Van Sijpesteijnkade,105,,
3521AH,Van Sijpesteijnkade,107,,
3521AH,Van Sijpesteijnkade,109,,
3521AH,Van Sijpesteijnkade,111,,
3521AH,Van Sijpesteijnkade,113,,
3521AH,Van Sijpesteijnkade,115,,
3521AH,Van Sijpesteijnkade,117,,
3521AH,Van Sijpesteijnkade,119,,
3521AH,Van Sijpesteijnkade,121,,
3521AH,Van Sijpesteijnkade,123,,
3521AH,Van Sijpesteijnkade,125,,
3521AH,Van Sijpesteijnkade,127,,
3521AH,Van Sijpesteijnkade,129,,
3521AH,Van Sijpesteijnkade,131,,
3521AH,Van Sijpesteijnkade,133,,
3521AH,Van Sijpesteijnkade,135,,
3521AH,Van Sijpesteijnkade,137,,
3521AH,Van Sijpesteijnkade,139,,
3521AH,Van Sijpesteijnkade,141,,
3521AH,Van Sijpesteijnkade,143,,
3521AH,Van Sijpesteijnkade,145,,
3521AH,Van Sijpesteijnkade,147,,
3521AH,Van Sijpesteijnkade,149,,
3521AH,Van Sijpesteijnkade,151,,
3521AH,Van Sijpesteijnkade,153,,
3521AH,Van Sijpesteijnkade,155,,
3521AH,Van Sijpesteijnkade,157,,
3521AH,Van Sijpesteijnkade,159,,
3521AH,Van Sijpesteijnkade,161,,
3521AH,Van Sijpesteijnkade,163,,
3521AH,Van Sijpesteijnkade,165,,
3521AH,Van Sijpesteijnkade,167,,
3521AH,Van Sijpesteijnkade,169,,
3521AH,Van Sijpesteijnkade,171,,
3521AH,Van Sijpesteijnkade,173,,
3521AH,Van Sijpesteijnkade,175,,
3521AH,Van Sijpesteijnkade,177,,
3521AH,Van Sijpesteijnkade,179,,
3521AH,Van Sijpesteijnkade,181,,
3521AH,Van Sijpesteijnkade,183,,
3521AH,Van Sijpesteijnkade,185,,
3521AH,Van Sijpesteijnkade,187,,
3521AH,Van Sijpesteijnkade,189,,
3521AH,Van Sijpesteijnkade,191,,
3521AH,Van Sijpesteijnkade,193,,
3521AH,Van Sijpesteijnkade,195,,
3521AH,Van Sijpesteijnkade,197,,
3521AH,Van Sijpesteijnkade,199,,
3521AH,Van Sijpesteijnkade,201,,
3521AH,Van Sijpesteijnkade,203,,
3521AH,Van Sijpesteijnkade,205,,
3521AH,Van Sijpesteijnkade,207,,
3521AH,Van Sijpesteijnkade,209,,
3521AH,Van Sijpesteijnkade,211,,
3521AH,Van Sijpesteijnkade,213,,
3521AH,Van Sijpesteijnkade,215,,
3521AH,Van Sijpesteijnkade,217,,
3521AH,Van Sijpesteijnkade,219,,
3521AH,Van Sijpesteijnkade,221,,
3521AH,Van Sijpesteijnkade,223,,
3521AH,Van Sijpesteijnkade,225,,
3521AH,Van Sijpesteijnkade,227,,
3521AH,Van Sijpesteijnkade,229,,
3521AH,Van Sijpesteijnkade,231,,
3521AH,Van Sijpesteijnkade,233,,
3521AH,Van Sijpesteijnkade,235,,
3521AH,Van Sijpesteijnkade,237,,
3521AH,Van Sijpesteijnkade,239,,
3521AH,Van Sijpesteijnkade,241,,
3521AH,Van Sijpesteijnkade,243,,
3521AH,Van Sijpesteijnkade,245,,
3521AH,Van Sijpesteijnkade,247,,
3521AH,Van Sijpesteijnkade,249,,
3521AH,Van Sijpesteijnkade,251,,
3521AH,Van Sijpesteijnkade,253,,
3521AH,Van Sijpesteijnkade,255,,
3521AH,Van Sijpesteijnkade,257,,
3521AH,Van Sijpesteijnkade,259,,
3521AH,Van Sijpesteijnkade,261,,
3521AH,Van Sijpesteijnkade,263,,
3521AH,Van Sijpesteijnkade,265,,
3521AH,Van Sijpesteijnkade,267,,
3521AH,Van Sijpesteijnkade,269,,
3521AH,Van Sijpesteijnkade,271,,
3521AH,Van Sijpesteijnkade,273,,
3521AH,Van Sijpesteijnkade,275,,
3521AH,Van Sijpesteijnkade,277,,
3521AH,Van Sijpesteijnkade,279,,
3521AH,Van Sijpesteijnkade,281,,
3521AH,Van Sijpesteijnkade,283,,
3521AH,Van Sijpesteijnkade,285,,
3521AH,Van Sijpesteijnkade,287,,
3521AH,Van Sijpesteijnkade,289,,
3521AH,Van Sijpesteijnkade,291,,
3521AH,Van Sijpesteijnkade,293,,
3521AH,Van Sijpesteijnkade,295,,
3521AH,Van Sijpesteijnkade,297,,
3521AH,Van Sijpesteijnkade,299,,
3521AH,Van Sijpesteijnkade,301,,
3521AH,Van Sijpesteijnkade,303,,
3521AH,Van Sijpesteijnkade,305,,
3521AH,Van Sijpesteijnkade,307,,
3521AH,Van Sijpesteijnkade,309,,
3521AH,Van Sijpesteijnkade,311,,
3521AH,Van Sijpesteijnkade,313,,
3521AH,Van Sijpesteijnkade,315,,
3521AH,Van Sijpesteijnkade,317,,
3521AH,Van Sijpesteijnkade,319,,
3521AH,Van Sijpesteijnkade,321,,
3521AH,Van Sijpesteijnkade,323,,
3521AH,Van Sijpesteijnkade,325,,
3521AH,Van Sijpesteijnkade,327,,
3521AH,Van Sijpesteijnkade,329,,
3521AH,Van Sijpesteijnkade,331,,
3521AH,Van Sijpesteijnkade,333,,
3521AH,Van Sijpesteijnkade,335,,
3521AH,Van Sijpesteijnkade,337,,
3521AH,Van Sijpesteijnkade,339,,
3521AH,Van Sijpesteijnkade,341,,
3521AH,Van Sijpesteijnkade,343,,
3521AH,Van Sijpesteijnkade,345,,
3521AH,Van Sijpesteijnkade,347,,
3521AH,Van Sijpesteijnkade,349,,
3521AH,Van Sijpesteijnkade,351,,
3521AH,Van Sijpesteijnkade,353,,
3521AH,Van Sijpesteijnkade,355,,
3521AH,Van Sijpesteijnkade,357,,
3521AH,Van Sijpesteijnkade,359,,
3521AH,Van Sijpesteijnkade,361,,
3521AH,Van Sijpesteijnkade,363,,
3521AH,Van Sijpesteijnkade,365,,
3521AH,Van Sijpesteijnkade,367,,
3521AH,Van Sijpesteijnkade,369,,
3521AH,Van Sijpesteijnkade,371,,
3521AH,Van Sijpesteijnkade,373,,
3521AH,Van Sijpesteijnkade,375,,
3521AH,Van Sijpesteijnkade,377,,
3521AH,Van Sijpesteijnkade,379,,
3521AH,Van Sijpesteijnkade,381,,
3521AH,Van Sijpesteijnkade,383,,
3521AH,Van Sijpesteijnkade,385,,
3521AH,Van Sijpesteijnkade,387,,
3521AH,Van Sijpesteijnkade,389,,
3521AH,Van Sijpesteijnkade,391,,
3521AH,Van Sijpesteijnkade,393,,
3521AH,Van Sijpesteijnkade,395,,
3521AH,Van Sijpesteijnkade,397,,
3521AH,Van Sijpesteijnkade,399,,
3521AH,Van Sijpesteijnkade,401,,
3521AH,Van Sijpesteijnkade,403,,
3521AH,Van Sijpesteijnkade,405,,
3521AH,Van Sijpesteijnkade,407,,
3521AH,Van Sijpesteijnkade,409,,
3521AH,Van Sijpesteijnkade,411,,
3521AH,Van Sijpesteijnkade,413,,
3521AH,Van Sijpesteijnkade,415,,
3521AH,Van Sijpesteijnkade,417,,
3521AH,Van Sijpesteijnkade,419,,
3521AH,Van Sijpesteijnkade,421,,
3521AH,Van Sijpesteijnkade,423,,
3521AH,Van Sijpesteijnkade,425,,
3521AH,Van Sijpesteijnkade,427,,
3521AH,Van Sijpesteijnkade,429,,
3521AH,Van Sijpesteijnkade,431,,
3521AH,Van Sijpesteijnkade,433,,
3521AH,Van Sijpesteijnkade,435,,
3521AH,Van Sijpesteijnkade,437,,
3521AH,Van Sijpesteijnkade,439,,
3521AH,Van Sijpesteijnkade,441,,
3521AH,Van Sijpesteijnkade,443,,
3521AH,Van Sijpesteijnkade,445,,
3521AH,Van Sijpesteijnkade,447,,
3521AH,Van Sijpesteijnkade,449,,
3521AH,Van Sijpesteijnkade,451,,
3521AH,Van Sijpesteijnkade,453,,
3521AH,Van Sijpesteijnkade,455,,
3521AH,Van Sijpesteijnkade,457,,
3521AH,Van Sijpesteijnkade,459,,
3521AH,Van Sijpesteijnkade,461,,
3521AH,Van Sijpesteijnkade,463,,
3521AH,Van Sijpesteijnkade,465,,
3521AH,Van Sijpesteijnkade,467,,
3521AH,Van Sijpesteijnkade,469,,
3521AH,Van Sijpesteijnkade,471,,
3521AH,Van Sijpesteijnkade,473,,
3521AH,Van Sijpesteijnkade,475,,
3521AH,Van Sijpesteijnkade,477,,
3521AH,Van Sijpesteijnkade,479,,
3521AH,Van Sijpesteijnkade,481,,
3521AH,Van Sijpesteijnkade,483,,
3521AH,Van Sijpesteijnkade,485,,
3521AH,Van Sijpesteijnkade,487,,
3521AH,Van Sijpesteijnkade,489,,
3521AH,Van Sijpesteijnkade,491,,
3521AH,Van Sijpesteijnkade,493,,
3521AH,Van Sijpesteijnkade,495,,
3521AH,Van Sijpesteijnkade,497,,
3521AH,Van Sijpesteijnkade,499,,
3521AH,Van Sijpesteijnkade,501,,
3521AH,Van Sijpesteijnkade,503,,
3521AH,Van Sijpesteijnkade,505,,
3521AH,Van Sijpesteijnkade,507,,
3521AH,Van Sijpesteijnkade,509,,
3521AH,Van Sijpesteijnkade,511,,
3521AH,Van Sijpesteijnkade,513,,
3521AH,Van Sijpesteijnkade,515,,
3521AH,Van Sijpesteijnkade,517,,
3521AH,Van Sijpesteijnkade,519,,
3521AH,Van Sijpesteijnkade,521,,
3521AH,Van Sijpesteijnkade,523,,
3521AH,Van Sijpesteijnkade,525,,
3521AH,Van Sijpesteijnkade,527,,
3521AH,Van Sijpesteijnkade,529,,
3521AH,Van Sijpesteijnkade,531,,
3521AH,Van Sijpesteijnkade,533,,
3521AH,Van Sijpesteijnkade,535,,
3521AH,Van Sijpesteijnkade,537,,
3521AH,Van Sijpesteijnkade,539,,
3521AH,Van Sijpesteijnkade,541,,
3521AH,Van Sijpesteijnkade,543,,
3521AH,Van Sijpesteijnkade,545,,
3521AH,Van Sijpesteijnkade,547,,
3521AH,Van Sijpesteijnkade,549,,
3521AH,Van Sijpesteijnkade,551,,
3521AH,Van Sijpesteijnkade,553,,
3521AH,Van Sijpesteijnkade,555,,
3521AH,Van Sijpesteijnkade,557,,
3521AH,Van Sijpesteijnkade,559,,
3511CS,Achter Clarenburg,63,,
3511CS,Achter Clarenburg,65,,
3511CS,Achter Clarenburg,67,,
3521AL,Jaarbeursplein,15,,
3521AZ,Stadsplateau,2,,
3521TX,Jan van Foreeststraat,2,,
3521TX,Jan van Foreeststraat,4,,
3521TX,Jan van Foreeststraat,6,,
3521TX,Jan van Foreeststraat,8,,
3521TX,Jan van Foreeststraat,10,,
3521TX,Jan van Foreeststraat,12,,
3521TX,Jan van Foreeststraat,14,,
3521TX,Jan van Foreeststraat,16,,
3521TX,Jan van Foreeststraat,18,,
3521TX,Jan van Foreeststraat,20,,
3521TX,Jan van Foreeststraat,22,,
3521TX,Jan van Foreeststraat,24,,
3521TX,Jan van Foreeststraat,26,,
3521TX,Jan van Foreeststraat,28,,
3521TX,Jan van Foreeststraat,30,,
3521TX,Jan van Foreeststraat,32,,
3521TX,Jan van Foreeststraat,34,,
3521TX,Jan van Foreeststraat,36,,
3521TX,Jan van Foreeststraat,38,,
3521TX,Jan van Foreeststraat,40,,
3521TX,Jan van Foreeststraat,42,,
3521TX,Jan van Foreeststraat,44,,
3521TX,Jan van Foreeststraat,46,,
3521TX,Jan van Foreeststraat,48,,
3521TX,Jan van Foreeststraat,50,,
3521TX,Jan van Foreeststraat,52,,
3521TX,Jan van Foreeststraat,54,,
3521TX,Jan van Foreeststraat,56,,
3521TX,Jan van Foreeststraat,60,,
3521TX,Jan van Foreeststraat,62,,
3521TX,Jan van Foreeststraat,64,,
3521TX,Jan van Foreeststraat,66,,
3521TX,Jan van Foreeststraat,68,,
3521TX,Jan van Foreeststraat,70,,
3521TX,Jan van Foreeststraat,72,,
3521TX,Jan van Foreeststraat,74,,
3521TX,Jan van Foreeststraat,76,,
3521TX,Jan van Foreeststraat,78,,
3521TX,Jan van Foreeststraat,80,,
3521TX,Jan van Foreeststraat,82,,
3521TX,Jan van Foreeststraat,84,,
3521TX,Jan van Foreeststraat,86,,
3521TX,Jan van Foreeststraat,88,,
3521TX,Jan van Foreeststraat,90,,
3521TX,Jan van Foreeststraat,92,,
3521TX,Jan van Foreeststraat,94,,
3521TX,Jan van Foreeststraat,96,,
3521TX,Jan van Foreeststraat,98,,
3521TX,Jan van Foreeststraat,100,,
3521TX,Jan van Foreeststraat,102,,
3521TX,Jan van Foreeststraat,104,,
3521TX,Jan van Foreeststraat,106,,
3521TX,Jan van Foreeststraat,108,,
3521TX,Jan van Foreeststraat,110,,
3521TX,Jan van Foreeststraat,112,,
3521TX,Jan van Foreeststraat,114,,
3521TX,Jan van Foreeststraat,116,,
3521TX,Jan van Foreeststraat,118,,
3521TX,Jan van Foreeststraat,120,,
3521TX,Jan van Foreeststraat,122,,
3521TX,Jan van Foreeststraat,124,,
3521TX,Jan van Foreeststraat,126,,
3521TX,Jan van Foreeststraat,128,,
3521TX,Jan van Foreeststraat,130,,
3521TX,Jan van Foreeststraat,132,,
3521TX,Jan van Foreeststraat,134,,
3521TX,Jan van Foreeststraat,136,,
3521TX,Jan van Foreeststraat,138,,
3521TX,Jan van Foreeststraat,140,,
3521TX,Jan van Foreeststraat,142,,
3521TX,Jan van Foreeststraat,144,,
3521TX,Jan van Foreeststraat,146,,
3521TX,Jan van Foreeststraat,148,,
3521TX,Jan van Foreeststraat,150,,
3521TX,Jan van Foreeststraat,152,,
3521TX,Jan van Foreeststraat,154,,
3521TX,Jan van Foreeststraat,156,,
3521TX,Jan van Foreeststraat,158,,
3521TX,Jan van Foreeststraat,160,,
3521TX,Jan van Foreeststraat,162,,
3521TX,Jan van Foreeststraat,164,,
3521TX,Jan van Foreeststraat,166,,
3521TX,Jan van Foreeststraat,168,,
3521TX,Jan van Foreeststraat,170,,
3521TX,Jan van Foreeststraat,172,,
3521TX,Jan van Foreeststraat,174,,
3521TX,Jan van Foreeststraat,176,,
3521TX,Jan van Foreeststraat,178,,
3521TX,Jan van Foreeststraat,180,,
3521TX,Jan van Foreeststraat,182,,
3521TX,Jan van Foreeststraat,184,,
3521TX,Jan van Foreeststraat,186,,
3521TX,Jan van Foreeststraat,188,,
3521TX,Jan van Foreeststraat,190,,
3521TX,Jan van Foreeststraat,192,,
3521TX,Jan van Foreeststraat,194,,
3521TX,Jan van Foreeststraat,196,,
3521TX,Jan van Foreeststraat,198,,
3521TX,Jan van Foreeststraat,200,,
3521TX,Jan van Foreeststraat,202,,
3521TX,Jan van Foreeststraat,204,,
3521TX,Jan van Foreeststraat,206,,
3521TX,Jan van Foreeststraat,208,,
3521TX,Jan van Foreeststraat,210,,
3521TX,Jan van Foreeststraat,212,,
3521TX,Jan van Foreeststraat,214,,
3521TX,Jan van Foreeststraat,216,,
3521TX,Jan van Foreeststraat,218,,
3521TX,Jan van Foreeststraat,220,,
3521TX,Jan van Foreeststraat,222,,
3521TX,Jan van Foreeststraat,224,,
3521TX,Jan van Foreeststraat,226,,
3521TX,Jan van Foreeststraat,228,,
3521TX,Jan van Foreeststraat,230,,
3521TX,Jan van Foreeststraat,232,,
3521TX,Jan van Foreeststraat,234,,
3521TX,Jan van Foreeststraat,236,,
3521TX,Jan van Foreeststraat,238,,
3521TX,Jan van Foreeststraat,240,,
3521TX,Jan van Foreeststraat,242,,
3521TX,Jan van Foreeststraat,244,,
3521TX,Jan van Foreeststraat,246,,
3521TX,Jan van Foreeststraat,248,,
3521TX,Jan van Foreeststraat,250,,
3521TX,Jan van Foreeststraat,252,,
3521TX,Jan van Foreeststraat,254,,
3521TX,Jan van Foreeststraat,256,,
3521TX,Jan van Foreeststraat,258,,
3521TX,Jan van Foreeststraat,260,,
3521TX,Jan van Foreeststraat,262,,
3521TX,Jan van Foreeststraat,264,,
3521TX,Jan van Foreeststraat,58,,
3521TX,Jan van Foreeststraat,266,,
3521TX,Jan van Foreeststraat,268,,
3521TX,Jan van Foreeststraat,270,,
3521TX,Jan van Foreeststraat,272,,
3521TX,Jan van Foreeststraat,274,,
3521TX,Jan van Foreeststraat,276,,
3521TX,Jan van Foreeststraat,278,,
3521TX,Jan van Foreeststraat,280,,
3521TX,Jan van Foreeststraat,282,,
3521TX,Jan van Foreeststraat,284,,
3521TX,Jan van Foreeststraat,286,,
3521TX,Jan van Foreeststraat,288,,
3521TX,Jan van Foreeststraat,290,,
3521TX,Jan van Foreeststraat,292,,
3521TX,Jan van Foreeststraat,294,,
3521TX,Jan van Foreeststraat,296,,
3521TX,Jan van Foreeststraat,298,,
3521TX,Jan van Foreeststraat,300,,
3521TX,Jan van Foreeststraat,302,,
3521TX,Jan van Foreeststraat,304,,
3521TX,Jan van Foreeststraat,306,,
3521TX,Jan van Foreeststraat,308,,
3521TX,Jan van Foreeststraat,310,,
3521TX,Jan van Foreeststraat,312,,
3521TX,Jan van Foreeststraat,314,,
3521TX,Jan van Foreeststraat,316,,
3521TX,Jan van Foreeststraat,318,,
3521TX,Jan van Foreeststraat,320,,
3521TX,Jan van Foreeststraat,322,,
3521TX,Jan van Foreeststraat,324,,
3521TX,Jan van Foreeststraat,326,,
3521TX,Jan van Foreeststraat,328,,
3521TX,Jan van Foreeststraat,330,,
3521TX,Jan van Foreeststraat,332,,
3521TX,Jan van Foreeststraat,334,,
3521TX,Jan van Foreeststraat,336,,
3521TX,Jan van Foreeststraat,338,,
3521TX,Jan van Foreeststraat,340,,
3521TX,Jan van Foreeststraat,342,,
3521TX,Jan van Foreeststraat,344,,
3521TX,Jan van Foreeststraat,346,,
3521TX,Jan van Foreeststraat,348,,
3521TX,Jan van Foreeststraat,350,,
3521TX,Jan van Foreeststraat,352,,
3521TX,Jan van Foreeststraat,354,,
3521TX,Jan van Foreeststraat,356,,
3521TX,Jan van Foreeststraat,358,,
3521TX,Jan van Foreeststraat,360,,
3521TX,Jan van Foreeststraat,362,,
3521TX,Jan van Foreeststraat,364,,
3521TX,Jan van Foreeststraat,366,,
3521TX,Jan van Foreeststraat,368,,
3521TX,Jan van Foreeststraat,370,,
3521TX,Jan van Foreeststraat,372,,
3521TX,Jan van Foreeststraat,374,,
3521TX,Jan van Foreeststraat,376,,
3521TX,Jan van Foreeststraat,378,,
3521TX,Jan van Foreeststraat,380,,
3521TX,Jan van Foreeststraat,382,,
3521TX,Jan van Foreeststraat,384,,
3521TX,Jan van Foreeststraat,386,,
3521TX,Jan van Foreeststraat,388,,
3521TX,Jan van Foreeststraat,390,,
3521TX,Jan van Foreeststraat,392,,
3521TX,Jan van Foreeststraat,394,,
3521TX,Jan van Foreeststraat,396,,
3521TX,Jan van Foreeststraat,398,,
3521TX,Jan van Foreeststraat,400,,
3521TX,Jan van Foreeststraat,402,,
3521TX,Jan van Foreeststraat,404,,
3521TX,Jan van Foreeststraat,406,,
3521TX,Jan van Foreeststraat,408,,
3521TX,Jan van Foreeststraat,410,,
3521TX,Jan van Foreeststraat,412,,
3521TX,Jan van Foreeststraat,414,,
3521TX,Jan van Foreeststraat,416,,
3521TX,Jan van Foreeststraat,418,,
3521TX,Jan van Foreeststraat,420,,
3521TX,Jan van Foreeststraat,422,,
3521TX,Jan van Foreeststraat,424,,
3521TX,Jan van Foreeststraat,426,,
3521TX,Jan van Foreeststraat,428,,
3521TX,Jan van Foreeststraat,430,,
3521TX,Jan van Foreeststraat,432,,
3521TX,Jan van Foreeststraat,434,,
3521TX,Jan van Foreeststraat,436,,
3521TX,Jan van Foreeststraat,438,,
3521TX,Jan van Foreeststraat,440,,
3521TX,Jan van Foreeststraat,442,,
3511WJ,Clarenburgplateau,1,,
3511WJ,Clarenburgplateau,2,,
3511WJ,Clarenburgplateau,3,,
3511WJ,Clarenburgplateau,4,,
3511WJ,Clarenburgplateau,5,,
3511WJ,Clarenburgplateau,6,,
3511WJ,Clarenburgplateau,7,,
3511WJ,Clarenburgplateau,8,,
3511WJ,Clarenburgplateau,9,,
3511WJ,Clarenburgplateau,10,,
3511WJ,Clarenburgplateau,11,,
3511WJ,Clarenburgplateau,12,,
3511WJ,Clarenburgplateau,13,,
3511WJ,Clarenburgplateau,14,,
3521AW,Knooppassage,10,,
3511EZ,Moreelsehoek,2,,
3511EZ,Moreelsehoek,8,,
3511EZ,Moreelsehoek,10,,
3511EZ,Moreelsehoek,12,,
3511EZ,Moreelsehoek,14,,
3511EZ,Moreelsehoek,16,,
3511EZ,Moreelsehoek,18,,
3511EZ,Moreelsehoek,20,,
3511EZ,Moreelsehoek,22,,
3511EZ,Moreelsehoek,24,,
3511EZ,Moreelsehoek,26,,
3511EZ,Moreelsehoek,28,,
3511EZ,Moreelsehoek,30,,
3511EZ,Moreelsehoek,32,,
3511EZ,Moreelsehoek,34,,
3511EZ,Moreelsehoek,36,,
3511EZ,Moreelsehoek,38,,
3511EZ,Moreelsehoek,40,,
3511EZ,Moreelsehoek,42,,
3511EZ,Moreelsehoek,44,,
3511EZ,Moreelsehoek,46,,
3511EZ,Moreelsehoek,48,,
3511EZ,Moreelsehoek,50,,
3511EZ,Moreelsehoek,52,,
3511EZ,Moreelsehoek,54,,
3511EZ,Moreelsehoek,56,,
3511EZ,Moreelsehoek,58,,
3511EZ,Moreelsehoek,60,,
3511EZ,Moreelsehoek,62,,
3511EZ,Moreelsehoek,64,,
3511EZ,Moreelsehoek,66,,
3511EZ,Moreelsehoek,68,,
3511EZ,Moreelsehoek,70,,
3511EZ,Moreelsehoek,72,,
3511EZ,Moreelsehoek,74,,
3511EZ,Moreelsehoek,76,,
3511EZ,Moreelsehoek,78,,
3511EZ,Moreelsehoek,80,,
3511EZ,Moreelsehoek,82,,
3511EZ,Moreelsehoek,84,,
3511EZ,Moreelsehoek,86,,
3511EZ,Moreelsehoek,88,,
3511EZ,Moreelsehoek,90,,
3511EZ,Moreelsehoek,92,,
3511EZ,Moreelsehoek,94,,
3511EZ,Moreelsehoek,96,,
3511EZ,Moreelsehoek,98,,
3511EZ,Moreelsehoek,100,,
3511EZ,Moreelsehoek,102,,
3511EZ,Moreelsehoek,104,,
3511EZ,Moreelsehoek,106,,
3511EZ,Moreelsehoek,108,,
3511EZ,Moreelsehoek,110,,
3511EZ,Moreelsehoek,112,,
3511EZ,Moreelsehoek,114,,
3511EZ,Moreelsehoek,116,,
3511EZ,Moreelsehoek,118,,
3511EZ,Moreelsehoek,120,,
3511EZ,Moreelsehoek,122,,
3511EZ,Moreelsehoek,124,,
3511EZ,Moreelsehoek,126,,
3511EZ,Moreelsehoek,128,,
3511EZ,Moreelsehoek,130,,
3511EZ,Moreelsehoek,132,,
3511EZ,Moreelsehoek,134,,
3511EZ,Moreelsehoek,136,,
3511EZ,Moreelsehoek,138,,
3511EZ,Moreelsehoek,140,,
3511EZ,Moreelsehoek,142,,
3511EZ,Moreelsehoek,144,,
3511EZ,Moreelsehoek,146,,
3511EZ,Moreelsehoek,148,,
3511EZ,Moreelsehoek,150,,
3511EZ,Moreelsehoek,152,,
3511EZ,Moreelsehoek,172,,
3511EZ,Moreelsehoek,174,,
3511EZ,Moreelsehoek,176,,
3511EZ,Moreelsehoek,178,,
3511EZ,Moreelsehoek,180,,
3511EZ,Moreelsehoek,182,,
3511EZ,Moreelsehoek,154,,
3511EZ,Moreelsehoek,156,,
3511EZ,Moreelsehoek,158,,
3511EZ,Moreelsehoek,160,,
3511EZ,Moreelsehoek,162,,
3511EZ,Moreelsehoek,164,,
3511EZ,Moreelsehoek,166,,
3511EZ,Moreelsehoek,168,,
3511EZ,Moreelsehoek,184,,
3511EZ,Moreelsehoek,186,,
3511EZ,Moreelsehoek,188,,
3511EZ,Moreelsehoek,190,,
3511EZ,Moreelsehoek,192,,
3511EZ,Moreelsehoek,194,,
3511EZ,Moreelsehoek,196,,
3511EZ,Moreelsehoek,198,,
3511EZ,Moreelsehoek,200,,
3511EZ,Moreelsehoek,202,,
3511EZ,Moreelsehoek,204,,
3511EZ,Moreelsehoek,206,,
3511EZ,Moreelsehoek,208,,
3511EZ,Moreelsehoek,210,,
3511EZ,Moreelsehoek,212,,
3511EZ,Moreelsehoek,214,,
3511EZ,Moreelsehoek,216,,
3511EZ,Moreelsehoek,218,,
3511EZ,Moreelsehoek,220,,
3511EZ,Moreelsehoek,222,,
3511EZ,Moreelsehoek,224,,
3511EZ,Moreelsehoek,226,,
3511EZ,Moreelsehoek,228,,
3511EZ,Moreelsehoek,230,,
3511EZ,Moreelsehoek,232,,
3511EZ,Moreelsehoek,234,,
3511EZ,Moreelsehoek,236,,
3511EZ,Moreelsehoek,238,,
3511EZ,Moreelsehoek,240,,
3511EZ,Moreelsehoek,242,,
3511EZ,Moreelsehoek,244,,
3511EZ,Moreelsehoek,246,,
3511EZ,Moreelsehoek,248,,
3511EZ,Moreelsehoek,250,,
3511EZ,Moreelsehoek,252,,
3511EZ,Moreelsehoek,254,,
3511EZ,Moreelsehoek,256,,
3511EZ,Moreelsehoek,258,,
3511EZ,Moreelsehoek,260,,
3511EZ,Moreelsehoek,262,,
3511EZ,Moreelsehoek,264,,
3511EZ,Moreelsehoek,266,,
3511EZ,Moreelsehoek,268,,
3511EZ,Moreelsehoek,270,,
3511EZ,Moreelsehoek,272,,
3511EZ,Moreelsehoek,274,,
3511EZ,Moreelsehoek,276,,
3511EZ,Moreelsehoek,278,,
3511EZ,Moreelsehoek,280,,
3511EZ,Moreelsehoek,282,,
3511EZ,Moreelsehoek,284,,
3511EZ,Moreelsehoek,286,,
3511EZ,Moreelsehoek,288,,
3511EZ,Moreelsehoek,290,,
3511EZ,Moreelsehoek,292,,
3511EZ,Moreelsehoek,294,,
3511EZ,Moreelsehoek,296,,
3511EZ,Moreelsehoek,298,,
3511EZ,Moreelsehoek,300,,
3511EZ,Moreelsehoek,302,,
3511EZ,Moreelsehoek,304,,
3511EZ,Moreelsehoek,306,,
3511EZ,Moreelsehoek,308,,
3511EZ,Moreelsehoek,310,,
3511EZ,Moreelsehoek,312,,
3511EZ,Moreelsehoek,314,,
3511EZ,Moreelsehoek,316,,
3511EZ,Moreelsehoek,318,,
3511EZ,Moreelsehoek,320,,
3511EZ,Moreelsehoek,322,,
3511EZ,Moreelsehoek,324,,
3511EZ,Moreelsehoek,326,,
3511EZ,Moreelsehoek,328,,
3511EZ,Moreelsehoek,330,,
3511EZ,Moreelsehoek,344,,
3511EZ,Moreelsehoek,346,,
3511EZ,Moreelsehoek,354,,
3511EZ,Moreelsehoek,356,,
3511EZ,Moreelsehoek,360,,
3511EZ,Moreelsehoek,362,,
3511EZ,Moreelsehoek,364,,
3511EZ,Moreelsehoek,366,,
3511EZ,Moreelsehoek,368,,
3511EZ,Moreelsehoek,370,,
3511EZ,Moreelsehoek,372,,
3511EZ,Moreelsehoek,374,,
3511EZ,Moreelsehoek,376,,
3511EZ,Moreelsehoek,378,,
3511EZ,Moreelsehoek,380,,
3511EZ,Moreelsehoek,382,,
3511EZ,Moreelsehoek,384,,
3511EZ,Moreelsehoek,386,,
3511EZ,Moreelsehoek,388,,
3511EZ,Moreelsehoek,390,,
3511EZ,Moreelsehoek,392,,
3511EZ,Moreelsehoek,394,,
3511EZ,Moreelsehoek,396,,
3511EZ,Moreelsehoek,398,,
3511EZ,Moreelsehoek,400,,
3511EZ,Moreelsehoek,402,,
3511EZ,Moreelsehoek,404,,
3511EZ,Moreelsehoek,406,,
3511EZ,Moreelsehoek,408,,
3511EZ,Moreelsehoek,410,,
3511EZ,Moreelsehoek,412,,
3511EZ,Moreelsehoek,414,,
3511EZ,Moreelsehoek,416,,
3511EZ,Moreelsehoek,418,,
3511EZ,Moreelsehoek,420,,
3511EZ,Moreelsehoek,422,,
3511EZ,Moreelsehoek,424,,
3511EZ,Moreelsehoek,426,,
3511EZ,Moreelsehoek,428,,
3511EZ,Moreelsehoek,430,,
3511EZ,Moreelsehoek,432,,
3511EZ,Moreelsehoek,434,,
3511EZ,Moreelsehoek,436,,
3511EZ,Moreelsehoek,440,,
3511EZ,Moreelsehoek,442,,
3511ED,Stationsplein,2,,
3511ED,Stationsplein,4,,
3511ED,Stationsplein,6,,
3511ED,Stationsplein,6,,
3511ED,Stationsplein,6,,
3511ED,Stationsplein,8,,
3511ED,Stationsplein,10,,
3511ED,Stationsplein,12,,
3511ED,Stationsplein,14,,
3511ED,Stationsplein,18,,
3511ED,Stationsplein,20,,
3511ED,Stationsplein,22,,
3521BC,Jaarbeursboulevard,300,,
3521BC,Jaarbeursboulevard,302,,
3511ER,Laan van Puntenburg,100,,
3511ER,Laan van Puntenburg,102,,
3511ER,Laan van Puntenburg,104,,
3511ER,Laan van Puntenburg,106,,
3511ER,Laan van Puntenburg,108,,
3511ER,Laan van Puntenburg,110,,
3511ER,Laan van Puntenburg,112,,
3511ER,Laan van Puntenburg,114,,
3511ER,Laan van Puntenburg,116,,
3511ER,Laan van Puntenburg,118,,
3511ER,Laan van Puntenburg,120,,
3511ER,Laan van Puntenburg,122,,
3511ER,Laan van Puntenburg,124,,
3511ER,Laan van Puntenburg,126,,
3511ER,Laan van Puntenburg,128,,
3511ER,Laan van Puntenburg,130,,
3511ER,Laan van Puntenburg,132,,
3511ER,Laan van Puntenburg,134,,
3511ER,Laan van Puntenburg,136,,
3521CA,Croeselaan,16,,
3511CV,Boven Clarenburg,10,,
3511CV,Boven Clarenburg,10,,
3511CV,Boven Clarenburg,10,,
3511CV,Boven Clarenburg,12,,
3511CV,Boven Clarenburg,12,,
3511CV,Boven Clarenburg,12,,
3511GC,Catharijnesingel,33,A,
3511GC,Catharijnesingel,33,B,
3511GC,Catharijnesingel,33,C,
3511GC,Catharijnesingel,33,D,
3511GC,Catharijnesingel,33,J,
3513AG,Amsterdamsestraatweg,54,,
3521BA,Graadt van Roggenweg,1000,N,
3521BA,Graadt van Roggenweg,1002,N,
3521BA,Graadt van Roggenweg,1004,N,
3521BA,Graadt van Roggenweg,1006,N,
3521BA,Graadt van Roggenweg,1008,N,
3521BA,Graadt van Roggenweg,1000,H,
3521BA,Graadt van Roggenweg,1000,S,
3521BA,Graadt van Roggenweg,362,P,
3531AH,Graadt van Roggenweg,360,,
3511EK,Stationsstraat,154,B,
3511EK,Stationsstraat,154,C,
3511EK,Stationsstraat,154,D,
3511EK,Stationsstraat,154,E,
3511RT,Catharijnekade,9,,
3511RT,Catharijnekade,9,,
3521BD,Veemarktplein,41,,
3511LC,Rijnkade,5,,
3511LC,Rijnkade,5,,
3511LC,Rijnkade,6,,
3511LC,Rijnkade,6,,
3511LC,Rijnkade,6,,
3511LC,Rijnkade,1003,T,
3511LC,Rijnkade,1003,T,
3511LC,Rijnkade,1004,T,
3511LC,Rijnkade,1004,T,
3511LC,Rijnkade,1005,T,
3511LC,Rijnkade,1005,T,
3511LC,Rijnkade,1001,N,
3511LC,Rijnkade,1001,N,
3511LC,Rijnkade,1002,N,
3511LC,Rijnkade,1002,N,
3511LC,Rijnkade,1003,N,
3511LC,Rijnkade,1003,N,
3511LC,Rijnkade,5,A,
3511LC,Rijnkade,5,A,
3511LC,Rijnkade,5,B,
3511LC,Rijnkade,5,B,
3511LC,Rijnkade,5,B,
3511DG,Gildenkwartier,165,,
3511DG,Gildenkwartier,167,,
3511DG,Gildenkwartier,169,,
3511DG,Gildenkwartier,171,,
3511DG,Gildenkwartier,173,,
3511DH,Gildenkwartier,197,,
3511DH,Gildenkwartier,199,A,
3521AL,Jaarbeursplein,15,A,
3511DZ,Godebaldkwartier,70,,
3511DZ,Godebaldkwartier,72,,
3511DZ,Godebaldkwartier,68,,
3521AZ,Stadsplateau,2,,
3521AZ,Stadsplateau,3,,
3521AZ,Stadsplateau,4,,
3521AZ,Stadsplateau,5,,
3521AZ,Stadsplateau,6,,
3521AZ,Stadsplateau,7,,
3521AZ,Stadsplateau,8,,
3521AZ,Stadsplateau,9,,
3521AZ,Stadsplateau,10,,
3521AZ,Stadsplateau,11,,
3521AZ,Stadsplateau,12,,
3521AZ,Stadsplateau,13,,
3521AZ,Stadsplateau,14,,
3521AZ,Stadsplateau,15,,
3521AZ,Stadsplateau,16,,
3521AZ,Stadsplateau,17,,
3521AZ,Stadsplateau,18,,
3521AZ,Stadsplateau,1,,PBZ
3521AZ,Stadsplateau,19,,
3511WP,Hoog Catharijnepassage,25,,
3511WP,Hoog Catharijnepassage,27,,
3511WP,Hoog Catharijnepassage,34,,
3511WP,Hoog Catharijnepassage,28,,
3511WP,Hoog Catharijnepassage,32,,
3511WP,Hoog Catharijnepassage,11,,
3511WP,Hoog Catharijnepassage,13,,
3511WP,Hoog Catharijnepassage,20,,
3511WP,Hoog Catharijnepassage,22,,
3511WP,Hoog Catharijnepassage,24,,
3511WP,Hoog Catharijnepassage,26,,
3511WP,Hoog Catharijnepassage,18,A,
3511WP,Hoog Catharijnepassage,21,A,
3511WP,Hoog Catharijnepassage,21,,
3511WP,Hoog Catharijnepassage,30,,
3511WP,Hoog Catharijnepassage,32,A,
3511WR,Boven Vredenburgpassage,118,,
3511WR,Boven Vredenburgpassage,119,,
3511WR,Boven Vredenburgpassage,120,,
3511WR,Boven Vredenburgpassage,122,,
3511WR,Boven Vredenburgpassage,123,,
3511WR,Boven Vredenburgpassage,124,,
3511WR,Boven Vredenburgpassage,126,,
3511WR,Boven Vredenburgpassage,117,,
3511WR,Boven Vredenburgpassage,116,,
3511WR,Boven Vredenburgpassage,128,,
3511WR,Boven Vredenburgpassage,128,,
3511WR,Boven Vredenburgpassage,128,A,
3511WR,Boven Vredenburgpassage,130,,
3511WR,Boven Vredenburgpassage,130,A,
3511WR,Boven Vredenburgpassage,132,,
3511WR,Boven Vredenburgpassage,132,A,
3511EC,Smakkelaarshoek,10,,
3511EC,Smakkelaarshoek,12,,
3511EC,Smakkelaarshoek,14,,
3511EC,Smakkelaarshoek,16,,
3511EC,Smakkelaarshoek,18,,
3511EC,Smakkelaarshoek,24,,
3511EC,Smakkelaarshoek,8,,
3511ED,Stationsplein,24,,
3511ED,Stationsplein,28,,
3511ED,Stationsplein,32,,
3511ED,Stationsplein,50,,
3511ED,Stationsplein,52,,
3511ED,Stationsplein,54,,
3511ED,Stationsplein,56,,
3511ED,Stationsplein,58,,
3511ED,Stationsplein,60,,
3511ED,Stationsplein,62,,
3511ED,Stationsplein,64,,
3511ED,Stationsplein,66,,
3511ED,Stationsplein,68,,
3511ED,Stationsplein,70,,
3511ED,Stationsplein,72,,
3511ED,Stationsplein,74,,
3511ED,Stationsplein,76,,
3511ED,Stationsplein,81,,
3511ED,Stationsplein,80,,
3521BA,Jaarbeursboulevard,1,,
3521BA,Jaarbeursboulevard,5,,
3521BA,Jaarbeursboulevard,3,,
3521BA,Jaarbeursboulevard,7,,
3521BA,Jaarbeursboulevard,5,,
3521BA,Jaarbeursboulevard,9,,
3521BA,Jaarbeursboulevard,7,,
3521BA,Jaarbeursboulevard,11,,
3521BA,Jaarbeursboulevard,9,,
3521BA,Jaarbeursboulevard,13,,
3521BA,Jaarbeursboulevard,11,,
3521BA,Jaarbeursboulevard,15,,
3521BA,Jaarbeursboulevard,13,,
3521BA,Jaarbeursboulevard,17,,
3521BA,Jaarbeursboulevard,15,,
3521BA,Jaarbeursboulevard,19,,
3521BA,Jaarbeursboulevard,17,,
3521BA,Jaarbeursboulevard,21,,
3521BA,Jaarbeursboulevard,19,,
3521BA,Jaarbeursboulevard,23,,
3521BA,Jaarbeursboulevard,21,,
3521BA,Jaarbeursboulevard,25,,
3521BA,Jaarbeursboulevard,23,,
3521BA,Jaarbeursboulevard,27,,
3521BA,Jaarbeursboulevard,27,,
3521BA,Jaarbeursboulevard,25,,
3521BA,Jaarbeursboulevard,29,,
3521BA,Jaarbeursboulevard,27,,
3521BA,Jaarbeursboulevard,31,,
3521BA,Jaarbeursboulevard,29,,
3521BA,Jaarbeursboulevard,33,,
3521BA,Jaarbeursboulevard,31,,
3521BA,Jaarbeursboulevard,35,,
3521BA,Jaarbeursboulevard,33,,
3521BA,Jaarbeursboulevard,37,,
3521BA,Jaarbeursboulevard,35,,
3521BA,Jaarbeursboulevard,39,,
3521BA,Jaarbeursboulevard,37,,
3521BA,Jaarbeursboulevard,41,,
3521BA,Jaarbeursboulevard,39,,
3521BA,Jaarbeursboulevard,43,,
3521BA,Jaarbeursboulevard,41,,
3521BA,Jaarbeursboulevard,45,,
3521BA,Jaarbeursboulevard,43,,
3521BA,Jaarbeursboulevard,47,,
3521BA,Jaarbeursboulevard,45,,
3521BA,Jaarbeursboulevard,49,,
3521BA,Jaarbeursboulevard,47,,
3521BA,Jaarbeursboulevard,51,,
3521BA,Jaarbeursboulevard,49,,
3521BA,Jaarbeursboulevard,53,,
3521BA,Jaarbeursboulevard,51,,
3521BA,Jaarbeursboulevard,55,,
3521BA,Jaarbeursboulevard,53,,
3521BA,Jaarbeursboulevard,57,,
3521BA,Jaarbeursboulevard,55,,
3521BA,Jaarbeursboulevard,59,,
3521BA,Jaarbeursboulevard,57,,
3521BA,Jaarbeursboulevard,61,,
3521BA,Jaarbeursboulevard,59,,
3521BA,Jaarbeursboulevard,63,,
3521BA,Jaarbeursboulevard,61,,
3521BA,Jaarbeursboulevard,65,,
3521BA,Jaarbeursboulevard,63,,
3521BA,Jaarbeursboulevard,67,,
3521BA,Jaarbeursboulevard,65,,
3521BA,Jaarbeursboulevard,69,,
3521BA,Jaarbeursboulevard,67,,
3521BA,Jaarbeursboulevard,71,,
3521BA,Jaarbeursboulevard,69,,
3521BA,Jaarbeursboulevard,73,,
3521BA,Jaarbeursboulevard,71,,
3521BA,Jaarbeursboulevard,75,,
3521BA,Jaarbeursboulevard,73,,
3521BA,Jaarbeursboulevard,77,,
3521BA,Jaarbeursboulevard,75,,
3521BA,Jaarbeursboulevard,79,,
3521BA,Jaarbeursboulevard,77,,
3521BA,Jaarbeursboulevard,81,,
3521BA,Jaarbeursboulevard,79,,
3521BA,Jaarbeursboulevard,83,,
3521BA,Jaarbeursboulevard,81,,
3521BA,Jaarbeursboulevard,85,,
3521BA,Jaarbeursboulevard,83,,
3521BA,Jaarbeursboulevard,87,,
3521BA,Jaarbeursboulevard,85,,
3521BA,Jaarbeursboulevard,89,,
3521BA,Jaarbeursboulevard,87,,
3521BA,Jaarbeursboulevard,91,,
3521BA,Jaarbeursboulevard,89,,
3521BA,Jaarbeursboulevard,93,,
3521BA,Jaarbeursboulevard,91,,
3521BA,Jaarbeursboulevard,95,,
3521BA,Jaarbeursboulevard,93,,
3521BA,Jaarbeursboulevard,97,,
3521BA,Jaarbeursboulevard,95,,
3521BA,Jaarbeursboulevard,99,,
3521BA,Jaarbeursboulevard,97,,
3521BA,Jaarbeursboulevard,101,,
3521BA,Jaarbeursboulevard,99,,
3521BA,Jaarbeursboulevard,103,,
3521BA,Jaarbeursboulevard,101,,
3521BA,Jaarbeursboulevard,105,,
3521BA,Jaarbeursboulevard,103,,
3521BA,Jaarbeursboulevard,107,,
3521BA,Jaarbeursboulevard,105,,
3521BA,Jaarbeursboulevard,109,,
3521BA,Jaarbeursboulevard,107,,
3521BA,Jaarbeursboulevard,111,,
3521BA,Jaarbeursboulevard,109,,
3521BA,Jaarbeursboulevard,113,,
3521BA,Jaarbeursboulevard,111,,
3521BA,Jaarbeursboulevard,115,,
3521BA,Jaarbeursboulevard,113,,
3521BA,Jaarbeursboulevard,117,,
3521BA,Jaarbeursboulevard,115,,
3521BA,Jaarbeursboulevard,119,,
3521BA,Jaarbeursboulevard,117,,
3521BA,Jaarbeursboulevard,121,,
3521BA,Jaarbeursboulevard,119,,
3521BA,Jaarbeursboulevard,123,,
3521BA,Jaarbeursboulevard,121,,
3521BA,Jaarbeursboulevard,125,,
3521BA,Jaarbeursboulevard,123,,
3521BA,Jaarbeursboulevard,127,,
3521BA,Jaarbeursboulevard,125,,
3521BA,Jaarbeursboulevard,129,,
3521BA,Jaarbeursboulevard,127,,
3521BA,Jaarbeursboulevard,131,,
3521BA,Jaarbeursboulevard,129,,
3521BA,Jaarbeursboulevard,133,,
3521BA,Jaarbeursboulevard,131,,
3521BA,Jaarbeursboulevard,135,,
3521BA,Jaarbeursboulevard,133,,
3521BA,Jaarbeursboulevard,137,,
3521BA,Jaarbeursboulevard,135,,
3521BA,Jaarbeursboulevard,139,,
3521BA,Jaarbeursboulevard,137,,
3521BA,Jaarbeursboulevard,141,,
3521BA,Jaarbeursboulevard,139,,
3521BA,Jaarbeursboulevard,143,,
3521BA,Jaarbeursboulevard,141,,
3521BA,Jaarbeursboulevard,145,,
3521BA,Jaarbeursboulevard,143,,
3521BA,Jaarbeursboulevard,147,,
3521BA,Jaarbeursboulevard,145,,
3521BA,Jaarbeursboulevard,149,,
3521BA,Jaarbeursboulevard,147,,
3521BA,Jaarbeursboulevard,151,,
3521BA,Jaarbeursboulevard,149,,
3521BA,Jaarbeursboulevard,153,,
3521BA,Jaarbeursboulevard,151,,
3521BA,Jaarbeursboulevard,155,,
3521BA,Jaarbeursboulevard,153,,
3521BA,Jaarbeursboulevard,157,,
3521BA,Jaarbeursboulevard,155,,
3521BA,Jaarbeursboulevard,159,,
3521BA,Jaarbeursboulevard,157,,
3521BA,Jaarbeursboulevard,161,,
3521BA,Jaarbeursboulevard,159,,
3521BA,Jaarbeursboulevard,163,,
3521BA,Jaarbeursboulevard,161,,
3521BA,Jaarbeursboulevard,165,,
3521BA,Jaarbeursboulevard,163,,
3521BA,Jaarbeursboulevard,167,,
3521BA,Jaarbeursboulevard,165,,
3521BA,Jaarbeursboulevard,169,,
3521BA,Jaarbeursboulevard,167,,
3521BA,Jaarbeursboulevard,171,,
3521BA,Jaarbeursboulevard,169,,
3521BA,Jaarbeursboulevard,173,,
3521BA,Jaarbeursboulevard,171,,
3521BA,Jaarbeursboulevard,175,,
3521BA,Jaarbeursboulevard,173,,
3521BA,Jaarbeursboulevard,177,,
3521BA,Jaarbeursboulevard,175,,
3521BA,Jaarbeursboulevard,179,,
3521BA,Jaarbeursboulevard,177,,
3521BA,Jaarbeursboulevard,181,,
3521BA,Jaarbeursboulevard,179,,
3521BA,Jaarbeursboulevard,183,,
3521BA,Jaarbeursboulevard,181,,
3521BA,Jaarbeursboulevard,185,,
3521BA,Jaarbeursboulevard,183,,
3521BA,Jaarbeursboulevard,187,,
3521BA,Jaarbeursboulevard,185,,
3521BA,Jaarbeursboulevard,189,,
3521BA,Jaarbeursboulevard,187,,
3521BA,Jaarbeursboulevard,191,,
3521BA,Jaarbeursboulevard,189,,
3521BA,Jaarbeursboulevard,193,,
3521BA,Jaarbeursboulevard,191,,
3521BA,Jaarbeursboulevard,195,,
3521BA,Jaarbeursboulevard,193,,
3521BA,Jaarbeursboulevard,197,,
3521BA,Jaarbeursboulevard,195,,
3521BA,Jaarbeursboulevard,199,,
3521BA,Jaarbeursboulevard,197,,
3521BA,Jaarbeursboulevard,201,,
3521BA,Jaarbeursboulevard,199,,
3521BA,Jaarbeursboulevard,203,,
3521BA,Jaarbeursboulevard,201,,
3521BA,Jaarbeursboulevard,205,,
3521BA,Jaarbeursboulevard,203,,
3521BA,Jaarbeursboulevard,207,,
3521BA,Jaarbeursboulevard,205,,
3521BA,Jaarbeursboulevard,209,,
3521BA,Jaarbeursboulevard,207,,
3521BA,Jaarbeursboulevard,211,,
3521BA,Jaarbeursboulevard,209,,
3521BA,Jaarbeursboulevard,213,,
3521BA,Jaarbeursboulevard,211,,
3521BA,Jaarbeursboulevard,215,,
3521BA,Jaarbeursboulevard,213,,
3521BA,Jaarbeursboulevard,217,,
3521BA,Jaarbeursboulevard,215,,
3521BA,Jaarbeursboulevard,219,,
3521BA,Jaarbeursboulevard,217,,
3521BA,Jaarbeursboulevard,221,,
3521BA,Jaarbeursboulevard,219,,
3521BA,Jaarbeursboulevard,223,,
3521BA,Jaarbeursboulevard,221,,
3521BA,Jaarbeursboulevard,225,,
3521BA,Jaarbeursboulevard,223,,
3521BA,Jaarbeursboulevard,227,,
3521BA,Jaarbeursboulevard,225,,
3521BA,Jaarbeursboulevard,229,,
3521BA,Jaarbeursboulevard,227,,
3521BA,Jaarbeursboulevard,231,,
3521BA,Jaarbeursboulevard,229,,
3521BA,Jaarbeursboulevard,233,,
3521BA,Jaarbeursboulevard,231,,
3521BA,Jaarbeursboulevard,235,,
3521BA,Jaarbeursboulevard,233,,
3521BA,Jaarbeursboulevard,237,,
3521BA,Jaarbeursboulevard,235,,
3521BA,Jaarbeursboulevard,239,,
3521BA,Jaarbeursboulevard,237,,
3521BA,Jaarbeursboulevard,241,,
3521BA,Jaarbeursboulevard,239,,
3521BA,Jaarbeursboulevard,243,,
3521BA,Jaarbeursboulevard,241,,
3521BA,Jaarbeursboulevard,245,,
3521BA,Jaarbeursboulevard,243,,
3521BA,Jaarbeursboulevard,247,,
3521BA,Jaarbeursboulevard,245,,
3521BA,Jaarbeursboulevard,249,,
3521BA,Jaarbeursboulevard,247,,
3521BA,Jaarbeursboulevard,251,,
3521BA,Jaarbeursboulevard,249,,
3521BA,Jaarbeursboulevard,253,,
3521BA,Jaarbeursboulevard,251,,
3521BA,Jaarbeursboulevard,255,,
3521BA,Jaarbeursboulevard,253,,
3521BA,Jaarbeursboulevard,257,,
3521BA,Jaarbeursboulevard,255,,
3521BA,Jaarbeursboulevard,259,,
3521BA,Jaarbeursboulevard,257,,
3521BA,Jaarbeursboulevard,261,,
3521BA,Jaarbeursboulevard,259,,
3521BA,Jaarbeursboulevard,263,,
3521BA,Jaarbeursboulevard,261,,
3521BA,Jaarbeursboulevard,265,,
3521BA,Jaarbeursboulevard,263,,
3521BA,Jaarbeursboulevard,267,,
3521BA,Jaarbeursboulevard,265,,
3521BA,Jaarbeursboulevard,269,,
3521BA,Jaarbeursboulevard,267,,
3521BA,Jaarbeursboulevard,271,,
3521BA,Jaarbeursboulevard,269,,
3521BA,Jaarbeursboulevard,273,,
3521BA,Jaarbeursboulevard,271,,
3521BA,Jaarbeursboulevard,275,,
3521BA,Jaarbeursboulevard,273,,
3521BA,Jaarbeursboulevard,277,,
3521BA,Jaarbeursboulevard,275,,
3521BA,Jaarbeursboulevard,279,,
3521BA,Jaarbeursboulevard,277,,
3521BA,Jaarbeursboulevard,281,,
3521BA,Jaarbeursboulevard,279,,
3521BA,Jaarbeursboulevard,283,,
3521BA,Jaarbeursboulevard,281,,
3521BA,Jaarbeursboulevard,285,,
3521BA,Jaarbeursboulevard,283,,
3521BA,Jaarbeursboulevard,287,,
3521BA,Jaarbeursboulevard,285,,
3521BA,Jaarbeursboulevard,289,,
3521BA,Jaarbeursboulevard,287,,
3521BA,Jaarbeursboulevard,291,,
3521BA,Jaarbeursboulevard,289,,
3521BA,Jaarbeursboulevard,293,,
3521BA,Jaarbeursboulevard,291,,
3521BA,Jaarbeursboulevard,295,,
3521BA,Jaarbeursboulevard,293,,
3521BA,Jaarbeursboulevard,297,,
3521BA,Jaarbeursboulevard,295,,
3521BA,Jaarbeursboulevard,299,,
3521BA,Jaarbeursboulevard,297,,
3521BA,Jaarbeursboulevard,301,,
3521BA,Jaarbeursboulevard,299,,
3521BA,Jaarbeursboulevard,303,,
3521BA,Jaarbeursboulevard,301,,
3521BA,Jaarbeursboulevard,305,,
3521BA,Jaarbeursboulevard,303,,
3521BA,Jaarbeursboulevard,307,,
3521BA,Jaarbeursboulevard,305,,
3521BA,Jaarbeursboulevard,309,,
3521BA,Jaarbeursboulevard,307,,
3521BA,Jaarbeursboulevard,311,,
3521BA,Jaarbeursboulevard,309,,
3521BA,Jaarbeursboulevard,313,,
3521BA,Jaarbeursboulevard,311,,
3521BA,Jaarbeursboulevard,315,,
3521BA,Jaarbeursboulevard,313,,
3521BA,Jaarbeursboulevard,317,,
3521BA,Jaarbeursboulevard,315,,
3521BA,Jaarbeursboulevard,319,,
3521BA,Jaarbeursboulevard,317,,
3521BA,Jaarbeursboulevard,321,,
3521BA,Jaarbeursboulevard,319,,
3521BA,Jaarbeursboulevard,323,,
3521BA,Jaarbeursboulevard,321,,
3521BA,Jaarbeursboulevard,325,,
3521BA,Jaarbeursboulevard,323,,
3521BA,Jaarbeursboulevard,327,,
3521BA,Jaarbeursboulevard,325,,
3521BA,Jaarbeursboulevard,329,,
3521BA,Jaarbeursboulevard,327,,
3521BA,Jaarbeursboulevard,331,,
3521BA,Jaarbeursboulevard,329,,
3521BA,Jaarbeursboulevard,333,,
3521BA,Jaarbeursboulevard,331,,
3521BA,Jaarbeursboulevard,335,,
3521BA,Jaarbeursboulevard,333,,
3521BA,Jaarbeursboulevard,337,,
3521BA,Jaarbeursboulevard,335,,
3521BA,Jaarbeursboulevard,339,,
3521BA,Jaarbeursboulevard,337,,
3521BA,Jaarbeursboulevard,341,,
3521BA,Jaarbeursboulevard,339,,
3521BA,Jaarbeursboulevard,343,,
3521BA,Jaarbeursboulevard,341,,
3521BA,Jaarbeursboulevard,345,,
3521BA,Jaarbeursboulevard,343,,
3521BA,Jaarbeursboulevard,347,,
3521BA,Jaarbeursboulevard,345,,
3521BA,Jaarbeursboulevard,349,,
3521BA,Jaarbeursboulevard,347,,
3521BA,Jaarbeursboulevard,351,,
3521BA,Jaarbeursboulevard,349,,
3521BA,Jaarbeursboulevard,353,,
3521BA,Jaarbeursboulevard,351,,
3521BA,Jaarbeursboulevard,355,,
3521BA,Jaarbeursboulevard,353,,
3521BA,Jaarbeursboulevard,357,,
3521BA,Jaarbeursboulevard,355,,
3521BA,Jaarbeursboulevard,359,,
3521BA,Jaarbeursboulevard,357,,
3521BA,Jaarbeursboulevard,361,,
3521BA,Jaarbeursboulevard,359,,
3521BA,Jaarbeursboulevard,363,,
3521BA,Jaarbeursboulevard,361,,
3521BA,Jaarbeursboulevard,365,,
3521BA,Jaarbeursboulevard,363,,
3521BA,Jaarbeursboulevard,367,,
3521BA,Jaarbeursboulevard,365,,
3521BA,Jaarbeursboulevard,369,,
3521BA,Jaarbeursboulevard,367,,
3521BA,Jaarbeursboulevard,371,,
3521BA,Jaarbeursboulevard,369,,
3521BA,Jaarbeursboulevard,373,,
3521BA,Jaarbeursboulevard,371,,
3521BA,Jaarbeursboulevard,375,,
3521BA,Jaarbeursboulevard,373,,
3521BA,Jaarbeursboulevard,377,,
3521BA,Jaarbeursboulevard,375,,
3521BA,Jaarbeursboulevard,379,,
3521BA,Jaarbeursboulevard,377,,
3521BA,Jaarbeursboulevard,381,,
3521BA,Jaarbeursboulevard,379,,
3521BA,Jaarbeursboulevard,383,,
3521BA,Jaarbeursboulevard,381,,
3521BA,Jaarbeursboulevard,385,,
3521BA,Jaarbeursboulevard,383,,
3521BA,Jaarbeursboulevard,387,,
3521BA,Jaarbeursboulevard,385,,
3521BA,Jaarbeursboulevard,389,,
3521BA,Jaarbeursboulevard,387,,
3521BA,Jaarbeursboulevard,391,,
3521BA,Jaarbeursboulevard,389,,
3521BA,Jaarbeursboulevard,393,,
3521BA,Jaarbeursboulevard,391,,
3521BA,Jaarbeursboulevard,395,,
3521BA,Jaarbeursboulevard,393,,
3521BA,Jaarbeursboulevard,397,,
3521BA,Jaarbeursboulevard,395,,
3521BA,Jaarbeursboulevard,399,,
3521BA,Jaarbeursboulevard,397,,
3521BA,Jaarbeursboulevard,401,,
3521BA,Jaarbeursboulevard,399,,
3521BA,Jaarbeursboulevard,403,,
3521BA,Jaarbeursboulevard,401,,
3521BA,Jaarbeursboulevard,405,,
3521BA,Jaarbeursboulevard,403,,
3521BA,Jaarbeursboulevard,407,,
3521BA,Jaarbeursboulevard,405,,
3521BA,Jaarbeursboulevard,409,,
3521BA,Jaarbeursboulevard,407,,
3521BA,Jaarbeursboulevard,411,,
3521BA,Jaarbeursboulevard,409,,
3521BA,Jaarbeursboulevard,413,,
3521BA,Jaarbeursboulevard,411,,
3521BA,Jaarbeursboulevard,415,,
3521BA,Jaarbeursboulevard,413,,
3521BA,Jaarbeursboulevard,417,,
3521BA,Jaarbeursboulevard,415,,
3521BA,Jaarbeursboulevard,419,,
3521BA,Jaarbeursboulevard,417,,
3521BA,Jaarbeursboulevard,421,,
3521BA,Jaarbeursboulevard,419,,
3521BA,Jaarbeursboulevard,423,,
3521BA,Jaarbeursboulevard,421,,
3521BA,Jaarbeursboulevard,425,,
3521BA,Jaarbeursboulevard,423,,
3521BA,Jaarbeursboulevard,427,,
3521BA,Jaarbeursboulevard,425,,
3521BA,Jaarbeursboulevard,429,,
3521BA,Jaarbeursboulevard,427,,
3521BA,Jaarbeursboulevard,431,,
3521BA,Jaarbeursboulevard,429,,
3521BA,Jaarbeursboulevard,433,,
3521BA,Jaarbeursboulevard,431,,
3521BA,Jaarbeursboulevard,435,,
3521BA,Jaarbeursboulevard,433,,
3521BA,Jaarbeursboulevard,437,,
3521BA,Jaarbeursboulevard,435,,
3521BA,Jaarbeursboulevard,439,,
3521BA,Jaarbeursboulevard,437,,
3521BA,Jaarbeursboulevard,441,,
3521BA,Jaarbeursboulevard,439,,
3521BA,Jaarbeursboulevard,443,,
3521BA,Jaarbeursboulevard,441,,
3521BA,Jaarbeursboulevard,445,,
3521BA,Jaarbeursboulevard,443,,
3521BA,Jaarbeursboulevard,447,,
3521BA,Jaarbeursboulevard,445,,
3521BA,Jaarbeursboulevard,449,,
3521BA,Jaarbeursboulevard,447,,
3521BA,Jaarbeursboulevard,451,,
3521BA,Jaarbeursboulevard,449,,
3521BA,Jaarbeursboulevard,453,,
3521BA,Jaarbeursboulevard,451,,
3521BA,Jaarbeursboulevard,455,,
3521BA,Jaarbeursboulevard,453,,
3521BA,Jaarbeursboulevard,457,,
3521BA,Jaarbeursboulevard,455,,
3521BA,Jaarbeursboulevard,459,,
3521BA,Jaarbeursboulevard,457,,
3521BA,Jaarbeursboulevard,461,,
3521BA,Jaarbeursboulevard,459,,
3521BA,Jaarbeursboulevard,463,,
3521BA,Jaarbeursboulevard,461,,
3521BA,Jaarbeursboulevard,465,,
3521BA,Jaarbeursboulevard,463,,
3521BA,Jaarbeursboulevard,467,,
3521BA,Jaarbeursboulevard,465,,
3521BA,Jaarbeursboulevard,469,,
3521BA,Jaarbeursboulevard,467,,
3521BA,Jaarbeursboulevard,471,,
3521BA,Jaarbeursboulevard,469,,
3521BA,Jaarbeursboulevard,473,,
3521BA,Jaarbeursboulevard,471,,
3521BA,Jaarbeursboulevard,475,,
3521BA,Jaarbeursboulevard,473,,
3521BA,Jaarbeursboulevard,477,,
3521BA,Jaarbeursboulevard,475,,
3521BA,Jaarbeursboulevard,479,,
3521BA,Jaarbeursboulevard,477,,
3521BA,Jaarbeursboulevard,481,,
3521BA,Jaarbeursboulevard,479,,
3521BA,Jaarbeursboulevard,483,,
3521BA,Jaarbeursboulevard,481,,
3521BA,Jaarbeursboulevard,485,,
3521BA,Jaarbeursboulevard,483,,
3521BA,Jaarbeursboulevard,483,,
3521BA,Jaarbeursboulevard,487,,
3521BA,Jaarbeursboulevard,485,,
3521BA,Jaarbeursboulevard,489,,
3521BA,Jaarbeursboulevard,487,,
3521BA,Jaarbeursboulevard,491,,
3521BA,Jaarbeursboulevard,489,,
3521BA,Jaarbeursboulevard,493,,
3521BA,Jaarbeursboulevard,491,,
3521BA,Jaarbeursboulevard,495,,
3521BA,Jaarbeursboulevard,493,,
3521BA,Jaarbeursboulevard,497,,
3521BA,Jaarbeursboulevard,495,,
3521BA,Jaarbeursboulevard,499,,
3521BA,Jaarbeursboulevard,497,,
3521BA,Jaarbeursboulevard,501,,
3521BA,Jaarbeursboulevard,499,,
3521BA,Jaarbeursboulevard,503,,
3521BA,Jaarbeursboulevard,501,,
3521BA,Jaarbeursboulevard,505,,
3521BA,Jaarbeursboulevard,503,,
3521BA,Jaarbeursboulevard,507,,
3521BA,Jaarbeursboulevard,505,,
3521BA,Jaarbeursboulevard,509,,
3521BA,Jaarbeursboulevard,507,,
3521BA,Jaarbeursboulevard,511,,
3521BA,Jaarbeursboulevard,509,,
3521BA,Jaarbeursboulevard,513,,
3521BA,Jaarbeursboulevard,511,,
3521BA,Jaarbeursboulevard,515,,
3521BA,Jaarbeursboulevard,513,,
3521BA,Jaarbeursboulevard,517,,
3521BA,Jaarbeursboulevard,515,,
3521BA,Jaarbeursboulevard,519,,
3521BA,Jaarbeursboulevard,517,,
3521BA,Jaarbeursboulevard,521,,
3521BA,Jaarbeursboulevard,519,,
3521BA,Jaarbeursboulevard,523,,
3521BA,Jaarbeursboulevard,521,,
3521BA,Jaarbeursboulevard,525,,
3521BA,Jaarbeursboulevard,523,,
3521BA,Jaarbeursboulevard,527,,
3521BA,Jaarbeursboulevard,525,,
3521BA,Jaarbeursboulevard,529,,
3521BA,Jaarbeursboulevard,527,,
3521BA,Jaarbeursboulevard,531,,
3521BA,Jaarbeursboulevard,529,,
3521BA,Jaarbeursboulevard,533,,
3521BA,Jaarbeursboulevard,531,,
3521BA,Jaarbeursboulevard,535,,
3521BA,Jaarbeursboulevard,533,,
3521BA,Jaarbeursboulevard,537,,
3521BA,Jaarbeursboulevard,535,,
3521BA,Jaarbeursboulevard,539,,
3521BA,Jaarbeursboulevard,537,,
3521BA,Jaarbeursboulevard,541,,
3521BA,Jaarbeursboulevard,539,,
3521BA,Jaarbeursboulevard,543,,
3521BA,Jaarbeursboulevard,541,,
3521BA,Jaarbeursboulevard,545,,
3521BA,Jaarbeursboulevard,543,,
3521BA,Jaarbeursboulevard,547,,
3521BA,Jaarbeursboulevard,545,,
3521BA,Jaarbeursboulevard,549,,
3521BA,Jaarbeursboulevard,547,,
3521BA,Jaarbeursboulevard,551,,
3521BA,Jaarbeursboulevard,549,,
3521BA,Jaarbeursboulevard,553,,
3521BA,Jaarbeursboulevard,551,,
3521BA,Jaarbeursboulevard,555,,
3521BA,Jaarbeursboulevard,553,,
3521BA,Jaarbeursboulevard,557,,
3521BA,Jaarbeursboulevard,555,,
3521BA,Jaarbeursboulevard,559,,
3521BA,Jaarbeursboulevard,557,,
3521BA,Jaarbeursboulevard,561,,
3521BA,Jaarbeursboulevard,559,,
3521BA,Jaarbeursboulevard,563,,
3521BA,Jaarbeursboulevard,561,,
3521BA,Jaarbeursboulevard,565,,
3521BA,Jaarbeursboulevard,563,,
3521BA,Jaarbeursboulevard,567,,
3521BA,Jaarbeursboulevard,565,,
3521BA,Jaarbeursboulevard,569,,
3521BA,Jaarbeursboulevard,567,,
3521BA,Jaarbeursboulevard,571,,
3521BA,Jaarbeursboulevard,569,,
3521BA,Jaarbeursboulevard,573,,
3521BA,Jaarbeursboulevard,571,,
3521BA,Jaarbeursboulevard,575,,
3521BA,Jaarbeursboulevard,573,,
3521BA,Jaarbeursboulevard,577,,
3521BA,Jaarbeursboulevard,575,,
3521BA,Jaarbeursboulevard,579,,
3521BA,Jaarbeursboulevard,577,,
3521BA,Jaarbeursboulevard,581,,
3521BA,Jaarbeursboulevard,579,,
3521BA,Jaarbeursboulevard,583,,
3521BA,Jaarbeursboulevard,581,,
3521BA,Jaarbeursboulevard,585,,
3521BA,Jaarbeursboulevard,583,,
3521BA,Jaarbeursboulevard,587,,
3521BA,Jaarbeursboulevard,585,,
3521BA,Jaarbeursboulevard,589,,
3521BA,Jaarbeursboulevard,587,,
3521BA,Jaarbeursboulevard,591,,
3521BA,Jaarbeursboulevard,589,,
3521BA,Jaarbeursboulevard,593,,
3521BA,Jaarbeursboulevard,591,,
3521BA,Jaarbeursboulevard,595,,
3521BA,Jaarbeursboulevard,593,,
3521BA,Jaarbeursboulevard,597,,
3521BA,Jaarbeursboulevard,595,,
3521BA,Jaarbeursboulevard,599,,
3521BA,Jaarbeursboulevard,597,,
3521BA,Jaarbeursboulevard,601,,
3521BA,Jaarbeursboulevard,599,,
3521BA,Jaarbeursboulevard,603,,
3521BA,Jaarbeursboulevard,601,,
3521BA,Jaarbeursboulevard,605,,
3521BA,Jaarbeursboulevard,603,,
3521BA,Jaarbeursboulevard,607,,
3521BA,Jaarbeursboulevard,605,,
3521BA,Jaarbeursboulevard,609,,
3521BA,Jaarbeursboulevard,607,,
3521BA,Jaarbeursboulevard,611,,
3521BA,Jaarbeursboulevard,609,,
3521BA,Jaarbeursboulevard,613,,
3521BA,Jaarbeursboulevard,611,,
3521BA,Jaarbeursboulevard,615,,
3521BA,Jaarbeursboulevard,613,,
3521BA,Jaarbeursboulevard,617,,
3521BA,Jaarbeursboulevard,615,,
3521BA,Jaarbeursboulevard,619,,
3521BA,Jaarbeursboulevard,617,,
3521BA,Jaarbeursboulevard,621,,
3521BA,Jaarbeursboulevard,619,,
3521BA,Jaarbeursboulevard,623,,
3521BA,Jaarbeursboulevard,621,,
3521BA,Jaarbeursboulevard,625,,
3521BA,Jaarbeursboulevard,623,,
3521BA,Jaarbeursboulevard,627,,
3521BA,Jaarbeursboulevard,625,,
3521BA,Jaarbeursboulevard,629,,
3521BA,Jaarbeursboulevard,627,,
3521BA,Jaarbeursboulevard,631,,
3521BA,Jaarbeursboulevard,629,,
3521BA,Jaarbeursboulevard,633,,
3521BA,Jaarbeursboulevard,631,,
3521BA,Jaarbeursboulevard,635,,
3521BA,Jaarbeursboulevard,633,,
3521BA,Jaarbeursboulevard,637,,
3521BA,Jaarbeursboulevard,635,,
3521BA,Jaarbeursboulevard,1,,
3521BA,Jaarbeursboulevard,637,,
3521BA,Jaarbeursboulevard,3,,
3521BA,Jaarbeursboulevard,1001,T,
3521BA,Jaarbeursboulevard,1003,T,
3521BA,Jaarbeursboulevard,1001,N,
3511GB,Catharijnesingel,27,A,
3511GB,Catharijnesingel,1000,,
3511GB,Catharijnesingel,18,,
3513AG,Amsterdamsestraatweg,42,,
3513AG,Amsterdamsestraatweg,42,A,
3513AG,Amsterdamsestraatweg,42,B,
3513AG,Amsterdamsestraatweg,42,C,
3511EA,Smakkelaarsveld,17,,
3511EA,Smakkelaarsveld,15,,
3511EA,Smakkelaarsveld,19,,
3511EB,Smakkelaarsveld,111,,
3511CE,Stationshal,403,,
3511CE,Stationshal,18,B,
3521AH,Van Sijpesteijnkade,1,,
3521AH,Van Sijpesteijnkade,3,,
3521AH,Van Sijpesteijnkade,3,A,
3521AH,Van Sijpesteijnkade,3,B,
3521AH,Van Sijpesteijnkade,3,C,
3521AH,Van Sijpesteijnkade,3,D,
3521AH,Van Sijpesteijnkade,3,E,
3521AH,Van Sijpesteijnkade,3,G,
3521AH,Van Sijpesteijnkade,3,H,
3521AH,Van Sijpesteijnkade,3,J,
3521AH,Van Sijpesteijnkade,3,K,
3521AH,Van Sijpesteijnkade,3,L,
3521AH,Van Sijpesteijnkade,3,M,
3521AH,Van Sijpesteijnkade,3,N,
3521AH,Van Sijpesteijnkade,3,P,
3521AH,Van Sijpesteijnkade,3,R,
3521AH,Van Sijpesteijnkade,3,S,
3521AH,Van Sijpesteijnkade,3,T,
3521AH,Van Sijpesteijnkade,3,V,
3521AH,Van Sijpesteijnkade,5,,
3521AH,Van Sijpesteijnkade,5,A,
3521AH,Van Sijpesteijnkade,5,B,
3521AH,Van Sijpesteijnkade,5,C,
3521AH,Van Sijpesteijnkade,5,D,
3521AH,Van Sijpesteijnkade,5,E,
3521AH,Van Sijpesteijnkade,5,G,
3521AH,Van Sijpesteijnkade,5,H,
3521AH,Van Sijpesteijnkade,5,J,
3521AH,Van Sijpesteijnkade,5,K,
3521AH,Van Sijpesteijnkade,5,L,
3521AH,Van Sijpesteijnkade,5,M,
3521AH,Van Sijpesteijnkade,5,N,
3521AH,Van Sijpesteijnkade,5,P,
3521AH,Van Sijpesteijnkade,5,R,
3521AH,Van Sijpesteijnkade,5,S,
3521AH,Van Sijpesteijnkade,7,,
3521AH,Van Sijpesteijnkade,7,A,
3521AH,Van Sijpesteijnkade,7,B,
3521AH,Van Sijpesteijnkade,7,C,
3521AH,Van Sijpesteijnkade,7,D,
3521AH,Van Sijpesteijnkade,7,E,
3521AH,Van Sijpesteijnkade,7,G,
3521AH,Van Sijpesteijnkade,7,H,
3521AH,Van Sijpesteijnkade,7,J,
3521AH,Van Sijpesteijnkade,7,K,
3521AH,Van Sijpesteijnkade,7,L,
3521AH,Van Sijpesteijnkade,7,M,
3521AH,Van Sijpesteijnkade,7,N,
3521AH,Van Sijpesteijnkade,7,P,
3521AH,Van Sijpesteijnkade,7,R,
3521AH,Van Sijpesteijnkade,7,S,
3521AH,Van Sijpesteijnkade,9,,
3521AH,Van Sijpesteijnkade,9,A,
3521AH,Van Sijpesteijnkade,9,B,
3521AH,Van Sijpesteijnkade,9,C,
3521AH,Van Sijpesteijnkade,9,D,
3521AH,Van Sijpesteijnkade,9,E,
3521AH,Van Sijpesteijnkade,9,G,
3521AH,Van Sijpesteijnkade,9,H,
3521AH,Van Sijpesteijnkade,9,J,
3521AH,Van Sijpesteijnkade,9,K,
3521AH,Van Sijpesteijnkade,9,L,
3521AH,Van Sijpesteijnkade,9,M,
3521AH,Van Sijpesteijnkade,9,N,
3521AH,Van Sijpesteijnkade,9,P,
3521AH,Van Sijpesteijnkade,9,R,
3521AH,Van Sijpesteijnkade,9,S,
3521AH,Van Sijpesteijnkade,11,,
3521AH,Van Sijpesteijnkade,11,A,
3521AH,Van Sijpesteijnkade,11,B,
3521AH,Van Sijpesteijnkade,11,C,
3521AH,Van Sijpesteijnkade,11,D,
3521AH,Van Sijpesteijnkade,11,E,
3521AH,Van Sijpesteijnkade,11,G,
3521AH,Van Sijpesteijnkade,11,H,
3521AH,Van Sijpesteijnkade,11,J,
3521AH,Van Sijpesteijnkade,11,K,
3521AH,Van Sijpesteijnkade,11,L,
3521AH,Van Sijpesteijnkade,11,M,
3521AH,Van Sijpesteijnkade,11,N,
3521AH,Van Sijpesteijnkade,11,P,
3521AH,Van Sijpesteijnkade,11,R,
3521AH,Van Sijpesteijnkade,11,S,
3521AH,Van Sijpesteijnkade,13,,
3521AH,Van Sijpesteijnkade,13,A,
3521AH,Van Sijpesteijnkade,13,B,
3521AH,Van Sijpesteijnkade,13,C,
3521AH,Van Sijpesteijnkade,13,D,
3521AH,Van Sijpesteijnkade,13,E,
3521AH,Van Sijpesteijnkade,13,G,
3521AH,Van Sijpesteijnkade,13,H,
3521AH,Van Sijpesteijnkade,13,J,
3521AH,Van Sijpesteijnkade,13,K,
3521AH,Van Sijpesteijnkade,13,L,
3521AH,Van Sijpesteijnkade,13,M,
3521AH,Van Sijpesteijnkade,13,N,
3521AH,Van Sijpesteijnkade,13,P,
3521AH,Van Sijpesteijnkade,13,R,
3521AH,Van Sijpesteijnkade,13,S,
3521AH,Van Sijpesteijnkade,15,,
3521AH,Van Sijpesteijnkade,17,,
3521AH,Van Sijpesteijnkade,17,A,
3521AH,Van Sijpesteijnkade,17,B,
3521AH,Van Sijpesteijnkade,17,C,
3521AH,Van Sijpesteijnkade,17,D,
3521AH,Van Sijpesteijnkade,17,E,
3521AH,Van Sijpesteijnkade,17,G,
3521AH,Van Sijpesteijnkade,17,H,
3521AH,Van Sijpesteijnkade,17,J,
3521AH,Van Sijpesteijnkade,17,K,
3521AH,Van Sijpesteijnkade,19,,
3521AH,Van Sijpesteijnkade,19,A,
3521AH,Van Sijpesteijnkade,19,B,
3521AH,Van Sijpesteijnkade,19,C,
3521AH,Van Sijpesteijnkade,19,D,
3521AH,Van Sijpesteijnkade,19,E,
3521AH,Van Sijpesteijnkade,19,G,
3521AH,Van Sijpesteijnkade,19,H,
3521AH,Van Sijpesteijnkade,19,J,
3521AH,Van Sijpesteijnkade,19,K,
3521AH,Van Sijpesteijnkade,19,L,
3521AH,Van Sijpesteijnkade,19,M,
3521AH,Van Sijpesteijnkade,21,,
3511LC,Rijnkade,5,B,
3511DG,Gildenkwartier,173,,
3511DG,Gildenkwartier,175,,
3511DG,Gildenkwartier,175,A,
3511DG,Gildenkwartier,175,B,
3511DG,Gildenkwartier,177,,
3511DG,Gildenkwartier,179,,
3511DG,Gildenkwartier,179,A,
3511DG,Gildenkwartier,195,,
3511DG,Gildenkwartier,199,,
3511DH,Gildenkwartier,195,,
3511DH,Gildenkwartier,199,,
3511DH,Gildenkwartier,199,,
3511DN,Godebaldkwartier,47,,
3511DN,Godebaldkwartier,49,,
3511DN,Godebaldkwartier,51,,
3511DN,Godebaldkwartier,53,,
3511DN,Godebaldkwartier,55,,
3511DN,Godebaldkwartier,57,,
3511DN,Godebaldkwartier,59,,
3511DN,Godebaldkwartier,61,,
3511DN,Godebaldkwartier,63,,
3511DN,Godebaldkwartier,65,,
3511DN,Godebaldkwartier,67,,
3511DN,Godebaldkwartier,69,,
3511DN,Godebaldkwartier,71,,
3511DN,Godebaldkwartier,73,,
3511DN,Godebaldkwartier,75,,
3521AZ,Stadsplateau,20,,
3521AZ,Stadsplateau,21,,
3521AZ,Stadsplateau,22,,
3521AZ,Stadsplateau,23,,
3521AZ,Stadsplateau,24,,
3521AZ,Stadsplateau,25,,
3521AZ,Stadsplateau,26,,
3521AZ,Stadsplateau,27,,
3521AZ,Stadsplateau,28,,
3521AZ,Stadsplateau,29,,
3521AZ,Stadsplateau,30,,
3521AZ,Stadsplateau,31,,
3521AZ,Stadsplateau,32,,
3521AZ,Stadsplateau,33,,
3521AZ,Stadsplateau,34,,
3521AZ,Stadsplateau,35,,
3521AZ,Stadsplateau,36,,
3521AZ,Stadsplateau,37,,
3521AZ,Stadsplateau,38,,
3521AZ,Stadsplateau,39,,
3521AZ,Stadsplateau,40,,
3511EZ,Moreelsehoek,1,,
3511EZ,Moreelsehoek,3,,
3511EZ,Moreelsehoek,5,,
3511EZ,Moreelsehoek,5,,
3511EZ,Moreelsehoek,7,,
3511EZ,Moreelsehoek,9,,
3511EZ,Moreelsehoek,170,,
3511EC,Smakkelaarshoek,1,,
3511EC,Smakkelaarshoek,3,,
3511EC,Smakkelaarshoek,5,,
3511EC,Smakkelaarshoek,9,,
3511EC,Smakkelaarshoek,11,,
3511EC,Smakkelaarshoek,18,,
3511EC,Smakkelaarshoek,20,,
3511ED,Stationsplein,82,,
3511ED,Stationsplein,83,,
3511ED,Stationsplein,84,,
3511ED,Stationsplein,85,,
3511ED,Stationsplein,86,,
3511ED,Stationsplein,87,,
3511ED,Stationsplein,88,,
3511ED,Stationsplein,89,,
3511ED,Stationsplein,90,,
3511ED,Stationsplein,91,,
3511ED,Stationsplein,97,,
3511ED,Stationsplein,109,,
3511SB,Leidseveer,4,,
3511SB,Leidseveer,6,,
3511SB,Leidseveer,8,,
3511SB,Leidseveer,12,,
3521BJ,Croeselaan,19,,
3521BJ,Croeselaan,19,,
3521BJ,Croeselaan,23,,
3521BJ,Croeselaan,23,,
3521BJ,Croeselaan,25,,
3521BJ,Croeselaan,25,,
3521BJ,Croeselaan,27,,
3521BJ,Croeselaan,27,,
3521BJ,Croeselaan,29,,
3521BJ,Croeselaan,29,,
3511SW,Daalsesingel,51,,
3511SW,Daalsesingel,51,A,
3511SW,Daalsesingel,51,B,
3511SW,Daalsesingel,51,C,
3511SW,Daalsesingel,71,,
3511CV,Boven Clarenburg,8,,
3511CV,Boven Clarenburg,2,,
3511GC,Catharijnesingel,47,,
3511GC,Catharijnesingel,47,,
3511EP,Moreelsepark,11,,
3511EP,Moreelsepark,13,,
3511EP,Moreelsepark,67,,
3511EP,Moreelsepark,69,,
3511EB,Smakkelaarsveld,113,,
3521AH,Van Sijpesteijnkade,601,,
3511LC,Rijnkade,5,,
3511DN,Godebaldkwartier,89,,
3511DN,Godebaldkwartier,91,,
3511DR,Godebaldkwartier,275,,
3511DR,Godebaldkwartier,277,,
3521AZ,Stadsplateau,1,,TAO
3511WG,Catharijnepassage,6,,
3511EZ,Moreelsehoek,3,,
3511EZ,Moreelsehoek,3,A,
3511EZ,Moreelsehoek,1,,
3511EZ,Moreelsehoek,1,A,
3511EC,Smakkelaarshoek,11,,
3511ED,Stationsplein,8,,
3521BC,Jaarbeursboulevard,292,,
3521BC,Jaarbeursboulevard,272,,
3521BC,Jaarbeursboulevard,272,,
3521BC,Jaarbeursboulevard,294,,
3521BC,Jaarbeursboulevard,274,,
3521BC,Jaarbeursboulevard,274,,
3521BC,Jaarbeursboulevard,298,,
3521BC,Jaarbeursboulevard,278,,
3521BC,Jaarbeursboulevard,278,,
3521BC,Jaarbeursboulevard,278,,
3521BC,Jaarbeursboulevard,256,,
3521BC,Jaarbeursboulevard,256,,
3521BC,Jaarbeursboulevard,280,,
3521BC,Jaarbeursboulevard,258,,
3521BC,Jaarbeursboulevard,258,,
3521BC,Jaarbeursboulevard,284,,
3521BC,Jaarbeursboulevard,264,,
3521BC,Jaarbeursboulevard,264,,
3521BC,Jaarbeursboulevard,286,,
3521BC,Jaarbeursboulevard,266,,
3521BC,Jaarbeursboulevard,266,,
3521BC,Jaarbeursboulevard,288,,
3521BC,Jaarbeursboulevard,268,,
3521BC,Jaarbeursboulevard,268,,
3521BC,Jaarbeursboulevard,276,,
3521BC,Jaarbeursboulevard,254,,
3521BC,Jaarbeursboulevard,254,,
3521BC,Jaarbeursboulevard,262,,
3521BC,Jaarbeursboulevard,262,,
3521BC,Jaarbeursboulevard,282,,
3521BC,Jaarbeursboulevard,260,,
3521BC,Jaarbeursboulevard,260,,
3521BC,Jaarbeursboulevard,290,,
3521BC,Jaarbeursboulevard,270,,
3521BC,Jaarbeursboulevard,270,,
3521BC,Jaarbeursboulevard,296,,
3521BC,Jaarbeursboulevard,276,,
3521BC,Jaarbeursboulevard,276,,
3521BC,Jaarbeursboulevard,280,,
3521BC,Jaarbeursboulevard,280,,
3521BC,Jaarbeursboulevard,282,,
3521BC,Jaarbeursboulevard,282,,
3521BC,Jaarbeursboulevard,284,,
3521BC,Jaarbeursboulevard,284,,
3521BC,Jaarbeursboulevard,286,,
3521BC,Jaarbeursboulevard,286,,
3521BC,Jaarbeursboulevard,288,,
3521BC,Jaarbeursboulevard,288,,
3521BC,Jaarbeursboulevard,290,,
3521BC,Jaarbeursboulevard,290,,
3521BC,Jaarbeursboulevard,292,,
3521BC,Jaarbeursboulevard,292,,
3521BC,Jaarbeursboulevard,294,,
3521BC,Jaarbeursboulevard,294,,
3521BC,Jaarbeursboulevard,296,,
3521BC,Jaarbeursboulevard,296,,
3521BC,Jaarbeursboulevard,298,,
3521BC,Jaarbeursboulevard,298,,
3521HC,Poensgen en Wesselstraat,8,,
3521HC,Poensgen en Wesselstraat,8,,
3521HC,Poensgen en Wesselstraat,2,,
3521HC,Poensgen en Wesselstraat,2,,
3521HA,Coöperatiestraat,3,,
3521HA,Hoola van Nootenstraat,3,,
3521HA,Coöperatiestraat,3,,
3521HA,Hoola van Nootenstraat,3,,
3521HA,Coöperatiestraat,4,,
3521HA,Hoola van Nootenstraat,4,,
3521HA,Coöperatiestraat,4,,
3521HA,Hoola van Nootenstraat,4,,
3521HA,Coöperatiestraat,5,,
3521HA,Hoola van Nootenstraat,5,,
3521HA,Coöperatiestraat,5,,
3521HA,Hoola van Nootenstraat,5,,
3521HA,Coöperatiestraat,6,,
3521HA,Hoola van Nootenstraat,6,,
3521HA,Coöperatiestraat,6,,
3521HA,Hoola van Nootenstraat,6,,
3521HA,Coöperatiestraat,7,,
3521HA,Hoola van Nootenstraat,7,,
3521HA,Coöperatiestraat,7,,
3521HA,Hoola van Nootenstraat,7,,
3521HA,Coöperatiestraat,8,,
3521HA,Hoola van Nootenstraat,8,,
3521HA,Coöperatiestraat,8,,
3521HA,Hoola van Nootenstraat,8,,
3521HA,Coöperatiestraat,9,,
3521HA,Hoola van Nootenstraat,9,,
3521HA,Coöperatiestraat,9,,
3521HA,Hoola van Nootenstraat,9,,
3521HA,Coöperatiestraat,10,,
3521HA,Hoola van Nootenstraat,10,,
3521HA,Coöperatiestraat,10,,
3521HA,Hoola van Nootenstraat,10,,
3521HA,Coöperatiestraat,11,,
3521HA,Hoola van Nootenstraat,11,,
3521HA,Coöperatiestraat,11,,
3521HA,Hoola van Nootenstraat,11,,
3521HA,Coöperatiestraat,12,,
3521HA,Hoola van Nootenstraat,12,,
3521HA,Coöperatiestraat,12,,
3521HA,Hoola van Nootenstraat,12,,
3521HA,Coöperatiestraat,13,,
3521HA,Hoola van Nootenstraat,13,,
3521HA,Coöperatiestraat,13,,
3521HA,Hoola van Nootenstraat,13,,
3521HA,Coöperatiestraat,14,,
3521HA,Hoola van Nootenstraat,14,,
3521HA,Coöperatiestraat,14,,
3521HA,Hoola van Nootenstraat,14,,
3521HA,Coöperatiestraat,15,,
3521HA,Hoola van Nootenstraat,15,,
3521HA,Coöperatiestraat,15,,
3521HA,Hoola van Nootenstraat,15,,
3521HA,Coöperatiestraat,16,,
3521HA,Hoola van Nootenstraat,16,,
3521HA,Coöperatiestraat,16,,
3521HA,Hoola van Nootenstraat,16,,
3521HA,Coöperatiestraat,17,,
3521HA,Hoola van Nootenstraat,17,,
3521HA,Coöperatiestraat,17,,
3521HA,Hoola van Nootenstraat,17,,
3521HA,Coöperatiestraat,18,,
3521HA,Hoola van Nootenstraat,18,,
3521HA,Coöperatiestraat,18,,
3521HA,Hoola van Nootenstraat,18,,
3521HA,Coöperatiestraat,19,,
3521HA,Hoola van Nootenstraat,19,,
3521HA,Coöperatiestraat,19,,
3521HA,Hoola van Nootenstraat,19,,
3521HA,Coöperatiestraat,20,,
3521HA,Hoola van Nootenstraat,20,,
3521HA,Coöperatiestraat,20,,
3521HA,Hoola van Nootenstraat,20,,
3521HA,Coöperatiestraat,21,,
3521HA,Hoola van Nootenstraat,21,,
3521HA,Coöperatiestraat,21,,
3521HA,Hoola van Nootenstraat,21,,
3521HA,Coöperatiestraat,22,,
3521HA,Hoola van Nootenstraat,22,,
3521HA,Coöperatiestraat,22,,
3521HA,Hoola van Nootenstraat,22,,
3521HA,Coöperatiestraat,23,,
3521HA,Hoola van Nootenstraat,23,,
3521HA,Coöperatiestraat,23,,
3521HA,Hoola van Nootenstraat,23,,
3521HA,Coöperatiestraat,24,,
3521HA,Hoola van Nootenstraat,24,,
3521HA,Coöperatiestraat,24,,
3521HA,Hoola van Nootenstraat,24,,
3521HA,Coöperatiestraat,25,,
3521HA,Hoola van Nootenstraat,25,,
3521HA,Coöperatiestraat,25,,
3521HA,Hoola van Nootenstraat,25,,
3521HA,Coöperatiestraat,26,,
3521HA,Hoola van Nootenstraat,26,,
3521HA,Coöperatiestraat,26,,
3521HA,Hoola van Nootenstraat,26,,
3521HA,Coöperatiestraat,27,,
3521HA,Hoola van Nootenstraat,27,,
3521HA,Coöperatiestraat,27,,
3521HA,Hoola van Nootenstraat,27,,
3521HA,Coöperatiestraat,28,,
3521HA,Hoola van Nootenstraat,28,,
3521HA,Coöperatiestraat,28,,
3521HA,Hoola van Nootenstraat,28,,
3521HA,Coöperatiestraat,29,,
3521HA,Hoola van Nootenstraat,29,,
3521HA,Coöperatiestraat,29,,
3521HA,Hoola van Nootenstraat,29,,
3521HA,Coöperatiestraat,30,,
3521HA,Hoola van Nootenstraat,30,,
3521HA,Coöperatiestraat,30,,
3521HA,Hoola van Nootenstraat,30,,
3521HA,Coöperatiestraat,31,,
3521HA,Hoola van Nootenstraat,31,,
3521HA,Coöperatiestraat,31,,
3521HA,Hoola van Nootenstraat,31,,
3521HA,Coöperatiestraat,32,,
3521HA,Hoola van Nootenstraat,32,,
3521HA,Coöperatiestraat,32,,
3521HA,Hoola van Nootenstraat,32,,
3521HA,Coöperatiestraat,33,,
3521HA,Hoola van Nootenstraat,33,,
3521HA,Coöperatiestraat,33,,
3521HA,Hoola van Nootenstraat,33,,
3521HA,Coöperatiestraat,34,,
3521HA,Hoola van Nootenstraat,34,,
3521HA,Coöperatiestraat,34,,
3521HA,Hoola van Nootenstraat,34,,
3521HA,Coöperatiestraat,35,,
3521HA,Hoola van Nootenstraat,35,,
3521HA,Coöperatiestraat,35,,
3521HA,Hoola van Nootenstraat,35,,
3521HA,Coöperatiestraat,36,,
3521HA,Hoola van Nootenstraat,36,,
3521HA,Coöperatiestraat,36,,
3521HA,Hoola van Nootenstraat,36,,
3521HA,Coöperatiestraat,37,,
3521HA,Hoola van Nootenstraat,37,,
3521HA,Coöperatiestraat,37,,
3521HA,Hoola van Nootenstraat,37,,
3521HA,Coöperatiestraat,38,,
3521HA,Hoola van Nootenstraat,38,,
3521HA,Coöperatiestraat,38,,
3521HA,Hoola van Nootenstraat,38,,
3521HA,Coöperatiestraat,39,,
3521HA,Hoola van Nootenstraat,39,,
3521HA,Coöperatiestraat,39,,
3521HA,Hoola van Nootenstraat,39,,
3521HA,Coöperatiestraat,40,,
3521HA,Hoola van Nootenstraat,40,,
3521HA,Coöperatiestraat,40,,
3521HA,Hoola van Nootenstraat,40,,
3521HA,Coöperatiestraat,41,,
3521HA,Hoola van Nootenstraat,41,,
3521HA,Coöperatiestraat,41,,
3521HA,Hoola van Nootenstraat,41,,
3521HA,Coöperatiestraat,42,,
3521HA,Hoola van Nootenstraat,42,,
3521HA,Coöperatiestraat,42,,
3521HA,Hoola van Nootenstraat,42,,
3521HA,Coöperatiestraat,43,,
3521HA,Hoola van Nootenstraat,43,,
3521HA,Coöperatiestraat,43,,
3521HA,Hoola van Nootenstraat,43,,
3521HA,Coöperatiestraat,44,,
3521HA,Hoola van Nootenstraat,44,,
3521HA,Coöperatiestraat,44,,
3521HA,Hoola van Nootenstraat,44,,
3521HA,Coöperatiestraat,45,,
3521HA,Hoola van Nootenstraat,45,,
3521HA,Coöperatiestraat,45,,
3521HA,Hoola van Nootenstraat,45,,
3521HA,Coöperatiestraat,46,,
3521HA,Hoola van Nootenstraat,46,,
3521HA,Coöperatiestraat,46,,
3521HA,Hoola van Nootenstraat,46,,
3521HA,Coöperatiestraat,47,,
3521HA,Hoola van Nootenstraat,47,,
3521HA,Coöperatiestraat,47,,
3521HA,Hoola van Nootenstraat,47,,
3521HA,Coöperatiestraat,48,,
3521HA,Hoola van Nootenstraat,48,,
3521HA,Coöperatiestraat,48,,
3521HA,Hoola van Nootenstraat,48,,
3521HA,Coöperatiestraat,49,,
3521HA,Hoola van Nootenstraat,49,,
3521HA,Coöperatiestraat,49,,
3521HA,Hoola van Nootenstraat,49,,
3521HA,Coöperatiestraat,50,,
3521HA,Hoola van Nootenstraat,50,,
3521HA,Coöperatiestraat,50,,
3521HA,Hoola van Nootenstraat,50,,
3521HA,Coöperatiestraat,51,,
3521HA,Hoola van Nootenstraat,51,,
3521HA,Coöperatiestraat,51,,
3521HA,Hoola van Nootenstraat,51,,
3521HA,Coöperatiestraat,52,,
3521HA,Hoola van Nootenstraat,52,,
3521HA,Coöperatiestraat,52,,
3521HA,Hoola van Nootenstraat,52,,
3521HA,Coöperatiestraat,53,,
3521HA,Hoola van Nootenstraat,53,,
3521HA,Coöperatiestraat,53,,
3521HA,Hoola van Nootenstraat,53,,
3521HA,Coöperatiestraat,54,,
3521HA,Hoola van Nootenstraat,54,,
3521HA,Coöperatiestraat,54,,
3521HA,Hoola van Nootenstraat,54,,
3521HA,Coöperatiestraat,55,,
3521HA,Hoola van Nootenstraat,55,,
3521HA,Coöperatiestraat,55,,
3521HA,Hoola van Nootenstraat,55,,
3521HA,Coöperatiestraat,56,,
3521HA,Hoola van Nootenstraat,56,,
3521HA,Coöperatiestraat,56,,
3521HA,Hoola van Nootenstraat,56,,
3521HA,Coöperatiestraat,57,,
3521HA,Hoola van Nootenstraat,57,,
3521HA,Coöperatiestraat,57,,
3521HA,Hoola van Nootenstraat,57,,
3521HA,Coöperatiestraat,58,,
3521HA,Hoola van Nootenstraat,58,,
3521HA,Coöperatiestraat,58,,
3521HA,Hoola van Nootenstraat,58,,
3521HA,Coöperatiestraat,59,,
3521HA,Hoola van Nootenstraat,59,,
3521HA,Coöperatiestraat,59,,
3521HA,Hoola van Nootenstraat,59,,
3521HA,Coöperatiestraat,60,,
3521HA,Hoola van Nootenstraat,60,,
3521HA,Coöperatiestraat,60,,
3521HA,Hoola van Nootenstraat,60,,
3521HA,Coöperatiestraat,61,,
3521HA,Hoola van Nootenstraat,61,,
3521HA,Coöperatiestraat,61,,
3521HA,Hoola van Nootenstraat,61,,
3521HA,Coöperatiestraat,62,,
3521HA,Hoola van Nootenstraat,62,,
3521HA,Coöperatiestraat,62,,
3521HA,Hoola van Nootenstraat,62,,
3521HA,Coöperatiestraat,63,,
3521HA,Hoola van Nootenstraat,63,,
3521HA,Coöperatiestraat,63,,
3521HA,Hoola van Nootenstraat,63,,
3521HA,Coöperatiestraat,64,,
3521HA,Hoola van Nootenstraat,64,,
3521HA,Coöperatiestraat,64,,
3521HA,Hoola van Nootenstraat,64,,
3521HA,Coöperatiestraat,65,,
3521HA,Hoola van Nootenstraat,65,,
3521HA,Coöperatiestraat,65,,
3521HA,Hoola van Nootenstraat,65,,
3521HA,Coöperatiestraat,66,,
3521HA,Hoola van Nootenstraat,66,,
3521HA,Coöperatiestraat,66,,
3521HA,Hoola van Nootenstraat,66,,
3521HA,Coöperatiestraat,67,,
3521HA,Hoola van Nootenstraat,67,,
3521HA,Coöperatiestraat,67,,
3521HA,Hoola van Nootenstraat,67,,
3521HA,Coöperatiestraat,68,,
3521HA,Hoola van Nootenstraat,68,,
3521HA,Coöperatiestraat,68,,
3521HA,Hoola van Nootenstraat,68,,
3521HA,Coöperatiestraat,69,,
3521HA,Hoola van Nootenstraat,69,,
3521HA,Coöperatiestraat,69,,
3521HA,Hoola van Nootenstraat,69,,
3521HA,Coöperatiestraat,70,,
3521HA,Hoola van Nootenstraat,70,,
3521HA,Coöperatiestraat,70,,
3521HA,Hoola van Nootenstraat,70,,
3521HA,Coöperatiestraat,71,,
3521HA,Hoola van Nootenstraat,71,,
3521HA,Coöperatiestraat,71,,
3521HA,Hoola van Nootenstraat,71,,
3521HA,Coöperatiestraat,72,,
3521HA,Hoola van Nootenstraat,72,,
3521HA,Coöperatiestraat,72,,
3521HA,Hoola van Nootenstraat,72,,
3521HA,Coöperatiestraat,73,,
3521HA,Hoola van Nootenstraat,73,,
3521HA,Coöperatiestraat,73,,
3521HA,Hoola van Nootenstraat,73,,
3521HA,Coöperatiestraat,74,,
3521HA,Hoola van Nootenstraat,74,,
3521HA,Coöperatiestraat,74,,
3521HA,Hoola van Nootenstraat,74,,
3521HA,Coöperatiestraat,75,,
3521HA,Hoola van Nootenstraat,75,,
3521HA,Coöperatiestraat,75,,
3521HA,Hoola van Nootenstraat,75,,
3521HA,Coöperatiestraat,76,,
3521HA,Hoola van Nootenstraat,76,,
3521HA,Coöperatiestraat,76,,
3521HA,Hoola van Nootenstraat,76,,
3521HA,Coöperatiestraat,77,,
3521HA,Hoola van Nootenstraat,77,,
3521HA,Coöperatiestraat,77,,
3521HA,Hoola van Nootenstraat,77,,
3521HA,Coöperatiestraat,78,,
3521HA,Hoola van Nootenstraat,78,,
3521HA,Coöperatiestraat,78,,
3521HA,Hoola van Nootenstraat,78,,
3521HA,Coöperatiestraat,79,,
3521HA,Hoola van Nootenstraat,79,,
3521HA,Coöperatiestraat,79,,
3521HA,Hoola van Nootenstraat,79,,
3521HA,Coöperatiestraat,80,,
3521HA,Hoola van Nootenstraat,80,,
3521HA,Coöperatiestraat,80,,
3521HA,Hoola van Nootenstraat,80,,
3521HA,Coöperatiestraat,81,,
3521HA,Hoola van Nootenstraat,81,,
3521HA,Coöperatiestraat,81,,
3521HA,Hoola van Nootenstraat,81,,
3521HA,Coöperatiestraat,82,,
3521HA,Hoola van Nootenstraat,82,,
3521HA,Coöperatiestraat,82,,
3521HA,Hoola van Nootenstraat,82,,
3521HA,Coöperatiestraat,83,,
3521HA,Hoola van Nootenstraat,83,,
3521HA,Coöperatiestraat,83,,
3521HA,Hoola van Nootenstraat,83,,
3521HA,Coöperatiestraat,84,,
3521HA,Hoola van Nootenstraat,84,,
3521HA,Coöperatiestraat,84,,
3521HA,Hoola van Nootenstraat,84,,
3521HA,Coöperatiestraat,85,,
3521HA,Hoola van Nootenstraat,85,,
3521HA,Coöperatiestraat,85,,
3521HA,Hoola van Nootenstraat,85,,
3521HA,Coöperatiestraat,86,,
3521HA,Hoola van Nootenstraat,86,,
3521HA,Coöperatiestraat,86,,
3521HA,Hoola van Nootenstraat,86,,
3521HA,Coöperatiestraat,87,,
3521HA,Hoola van Nootenstraat,87,,
3521HA,Coöperatiestraat,87,,
3521HA,Hoola van Nootenstraat,87,,
3521HA,Coöperatiestraat,88,,
3521HA,Hoola van Nootenstraat,88,,
3521HA,Coöperatiestraat,88,,
3521HA,Hoola van Nootenstraat,88,,
3521HA,Coöperatiestraat,89,,
3521HA,Hoola van Nootenstraat,89,,
3521HA,Coöperatiestraat,89,,
3521HA,Hoola van Nootenstraat,89,,
3521HA,Coöperatiestraat,90,,
3521HA,Hoola van Nootenstraat,90,,
3521HA,Coöperatiestraat,90,,
3521HA,Hoola van Nootenstraat,90,,
3521HA,Coöperatiestraat,91,,
3521HA,Hoola van Nootenstraat,91,,
3521HA,Coöperatiestraat,91,,
3521HA,Hoola van Nootenstraat,91,,
3521HA,Coöperatiestraat,92,,
3521HA,Hoola van Nootenstraat,92,,
3521HA,Coöperatiestraat,92,,
3521HA,Hoola van Nootenstraat,92,,
3521HA,Coöperatiestraat,93,,
3521HA,Hoola van Nootenstraat,93,,
3521HA,Coöperatiestraat,93,,
3521HA,Hoola van Nootenstraat,93,,
3521HA,Coöperatiestraat,94,,
3521HA,Hoola van Nootenstraat,94,,
3521HA,Coöperatiestraat,94,,
3521HA,Hoola van Nootenstraat,94,,
3521HA,Coöperatiestraat,95,,
3521HA,Hoola van Nootenstraat,95,,
3521HA,Coöperatiestraat,95,,
3521HA,Hoola van Nootenstraat,95,,
3521HA,Coöperatiestraat,96,,
3521HA,Hoola van Nootenstraat,96,,
3521HA,Coöperatiestraat,96,,
3521HA,Hoola van Nootenstraat,96,,
3521HA,Coöperatiestraat,97,,
3521HA,Hoola van Nootenstraat,97,,
3521HA,Coöperatiestraat,97,,
3521HA,Hoola van Nootenstraat,97,,
3521HA,Coöperatiestraat,98,,
3521HA,Hoola van Nootenstraat,98,,
3521HA,Coöperatiestraat,98,,
3521HA,Hoola van Nootenstraat,98,,
3521HA,Coöperatiestraat,99,,
3521HA,Hoola van Nootenstraat,99,,
3521HA,Coöperatiestraat,99,,
3521HA,Hoola van Nootenstraat,99,,
3521HA,Coöperatiestraat,100,,
3521HA,Hoola van Nootenstraat,100,,
3521HA,Coöperatiestraat,100,,
3521HA,Hoola van Nootenstraat,100,,
3521HA,Coöperatiestraat,101,,
3521HA,Hoola van Nootenstraat,101,,
3521HA,Coöperatiestraat,101,,
3521HA,Hoola van Nootenstraat,101,,
3521HA,Coöperatiestraat,102,,
3521HA,Hoola van Nootenstraat,102,,
3521HA,Coöperatiestraat,102,,
3521HA,Hoola van Nootenstraat,102,,
3521HA,Coöperatiestraat,103,,
3521HA,Hoola van Nootenstraat,103,,
3521HA,Coöperatiestraat,103,,
3521HA,Hoola van Nootenstraat,103,,
3521HA,Coöperatiestraat,104,,
3521HA,Hoola van Nootenstraat,104,,
3521HA,Coöperatiestraat,104,,
3521HA,Hoola van Nootenstraat,104,,
3521HA,Coöperatiestraat,105,,
3521HA,Hoola van Nootenstraat,105,,
3521HA,Coöperatiestraat,105,,
3521HA,Hoola van Nootenstraat,105,,
3521HA,Coöperatiestraat,106,,
3521HA,Hoola van Nootenstraat,106,,
3521HA,Coöperatiestraat,106,,
3521HA,Hoola van Nootenstraat,106,,
3521HA,Coöperatiestraat,107,,
3521HA,Hoola van Nootenstraat,107,,
3521HA,Coöperatiestraat,107,,
3521HA,Hoola van Nootenstraat,107,,
3521HA,Coöperatiestraat,2,,
3521HA,Hoola van Nootenstraat,2,,
3521HA,Coöperatiestraat,2,,
3521HA,Hoola van Nootenstraat,2,,
3521HB,Coöperatiestraat,112,,
3521HB,Hoola van Nootenstraat,112,,
3521HB,Coöperatiestraat,112,,
3521HB,Hoola van Nootenstraat,112,,
3521HB,Coöperatiestraat,113,,
3521HB,Hoola van Nootenstraat,113,,
3521HB,Coöperatiestraat,113,,
3521HB,Hoola van Nootenstraat,113,,
3521HB,Coöperatiestraat,114,,
3521HB,Hoola van Nootenstraat,114,,
3521HB,Coöperatiestraat,114,,
3521HB,Hoola van Nootenstraat,114,,
3521HB,Coöperatiestraat,115,,
3521HB,Hoola van Nootenstraat,115,,
3521HB,Coöperatiestraat,115,,
3521HB,Hoola van Nootenstraat,115,,
3521HB,Coöperatiestraat,116,,
3521HB,Hoola van Nootenstraat,116,,
3521HB,Coöperatiestraat,117,,
3521HB,Hoola van Nootenstraat,117,,
3521HB,Coöperatiestraat,117,,
3521HB,Hoola van Nootenstraat,117,,
3521HB,Coöperatiestraat,117,,
3521HB,Hoola van Nootenstraat,117,,
3521HB,Coöperatiestraat,118,,
3521HB,Hoola van Nootenstraat,118,,
3521HB,Coöperatiestraat,118,,
3521HB,Hoola van Nootenstraat,118,,
3521HB,Coöperatiestraat,118,,
3521HB,Hoola van Nootenstraat,118,,
3521HB,Coöperatiestraat,119,,
3521HB,Hoola van Nootenstraat,119,,
3521HB,Coöperatiestraat,119,,
3521HB,Hoola van Nootenstraat,119,,
3521HB,Coöperatiestraat,119,,
3521HB,Hoola van Nootenstraat,119,,
3521HB,Coöperatiestraat,120,,
3521HB,Hoola van Nootenstraat,120,,
3521HB,Coöperatiestraat,120,,
3521HB,Hoola van Nootenstraat,120,,
3521HB,Coöperatiestraat,120,,
3521HB,Hoola van Nootenstraat,120,,
3521HB,Coöperatiestraat,121,,
3521HB,Hoola van Nootenstraat,121,,
3521HB,Coöperatiestraat,121,,
3521HB,Hoola van Nootenstraat,121,,
3521HB,Coöperatiestraat,121,,
3521HB,Hoola van Nootenstraat,121,,
3521HB,Coöperatiestraat,122,,
3521HB,Hoola van Nootenstraat,122,,
3521HB,Coöperatiestraat,122,,
3521HB,Hoola van Nootenstraat,122,,
3521HB,Coöperatiestraat,122,,
3521HB,Hoola van Nootenstraat,122,,
3521HB,Coöperatiestraat,123,,
3521HB,Hoola van Nootenstraat,123,,
3521HB,Coöperatiestraat,123,,
3521HB,Hoola van Nootenstraat,123,,
3521HB,Coöperatiestraat,123,,
3521HB,Hoola van Nootenstraat,123,,
3521HB,Coöperatiestraat,124,,
3521HB,Hoola van Nootenstraat,124,,
3521HB,Coöperatiestraat,124,,
3521HB,Hoola van Nootenstraat,124,,
3521HB,Coöperatiestraat,125,,
3521HB,Hoola van Nootenstraat,125,,
3521HB,Coöperatiestraat,124,,
3521HB,Hoola van Nootenstraat,124,,
3521HB,Coöperatiestraat,124,,
3521HB,Hoola van Nootenstraat,124,,
3521HB,Coöperatiestraat,125,,
3521HB,Hoola van Nootenstraat,125,,
3521HB,Coöperatiestraat,126,,
3521HB,Hoola van Nootenstraat,126,,
3521HB,Coöperatiestraat,126,,
3521HB,Hoola van Nootenstraat,126,,
3521HB,Coöperatiestraat,126,,
3521HB,Hoola van Nootenstraat,126,,
3521HB,Coöperatiestraat,127,,
3521HB,Hoola van Nootenstraat,127,,
3521HB,Coöperatiestraat,127,,
3521HB,Hoola van Nootenstraat,127,,
3521HB,Coöperatiestraat,127,,
3521HB,Hoola van Nootenstraat,127,,
3521HB,Coöperatiestraat,128,,
3521HB,Hoola van Nootenstraat,128,,
3521HB,Coöperatiestraat,128,,
3521HB,Hoola van Nootenstraat,128,,
3521HB,Coöperatiestraat,218,,
3521HB,Hoola van Nootenstraat,218,,
3521HB,Coöperatiestraat,128,,
3521HB,Hoola van Nootenstraat,128,,
3521HB,Coöperatiestraat,129,,
3521HB,Hoola van Nootenstraat,129,,
3521HB,Coöperatiestraat,129,,
3521HB,Hoola van Nootenstraat,129,,
3521HB,Coöperatiestraat,129,,
3521HB,Hoola van Nootenstraat,129,,
3521HB,Coöperatiestraat,130,,
3521HB,Hoola van Nootenstraat,130,,
3521HB,Coöperatiestraat,130,,
3521HB,Hoola van Nootenstraat,130,,
3521HB,Coöperatiestraat,130,,
3521HB,Hoola van Nootenstraat,130,,
3521HB,Coöperatiestraat,131,,
3521HB,Hoola van Nootenstraat,131,,
3521HB,Coöperatiestraat,131,,
3521HB,Hoola van Nootenstraat,131,,
3521HB,Coöperatiestraat,131,,
3521HB,Hoola van Nootenstraat,131,,
3521HB,Coöperatiestraat,132,,
3521HB,Hoola van Nootenstraat,132,,
3521HB,Coöperatiestraat,132,,
3521HB,Hoola van Nootenstraat,132,,
3521HB,Coöperatiestraat,132,,
3521HB,Hoola van Nootenstraat,132,,
3521HB,Coöperatiestraat,133,,
3521HB,Hoola van Nootenstraat,133,,
3521HB,Coöperatiestraat,133,,
3521HB,Hoola van Nootenstraat,133,,
3521HB,Coöperatiestraat,134,,
3521HB,Hoola van Nootenstraat,134,,
3521HB,Coöperatiestraat,133,,
3521HB,Hoola van Nootenstraat,133,,
3521HB,Coöperatiestraat,133,,
3521HB,Hoola van Nootenstraat,133,,
3521HB,Coöperatiestraat,134,,
3521HB,Hoola van Nootenstraat,134,,
3521HB,Coöperatiestraat,135,,
3521HB,Hoola van Nootenstraat,135,,
3521HB,Coöperatiestraat,135,,
3521HB,Hoola van Nootenstraat,135,,
3521HB,Coöperatiestraat,135,,
3521HB,Hoola van Nootenstraat,135,,
3521HB,Coöperatiestraat,136,,
3521HB,Hoola van Nootenstraat,136,,
3521HB,Coöperatiestraat,136,,
3521HB,Hoola van Nootenstraat,136,,
3521HB,Coöperatiestraat,136,,
3521HB,Hoola van Nootenstraat,136,,
3521HB,Coöperatiestraat,136,,
3521HB,Hoola van Nootenstraat,136,,
3521HB,Coöperatiestraat,137,,
3521HB,Hoola van Nootenstraat,137,,
3521HB,Coöperatiestraat,137,,
3521HB,Hoola van Nootenstraat,137,,
3521HB,Coöperatiestraat,138,,
3521HB,Hoola van Nootenstraat,138,,
3521HB,Coöperatiestraat,138,,
3521HB,Hoola van Nootenstraat,138,,
3521HB,Coöperatiestraat,138,,
3521HB,Hoola van Nootenstraat,138,,
3521HB,Coöperatiestraat,140,,
3521HB,Hoola van Nootenstraat,140,,
3521HB,Coöperatiestraat,140,,
3521HB,Hoola van Nootenstraat,140,,
3521HB,Coöperatiestraat,139,,
3521HB,Hoola van Nootenstraat,139,,
3521HB,Coöperatiestraat,141,,
3521HB,Hoola van Nootenstraat,141,,
3521HB,Coöperatiestraat,141,,
3521HB,Hoola van Nootenstraat,141,,
3521HB,Coöperatiestraat,140,,
3521HB,Hoola van Nootenstraat,140,,
3521HB,Coöperatiestraat,142,,
3521HB,Hoola van Nootenstraat,142,,
3521HB,Coöperatiestraat,142,,
3521HB,Hoola van Nootenstraat,142,,
3521HB,Coöperatiestraat,141,,
3521HB,Hoola van Nootenstraat,141,,
3521HB,Coöperatiestraat,143,,
3521HB,Hoola van Nootenstraat,143,,
3521HB,Coöperatiestraat,143,,
3521HB,Hoola van Nootenstraat,143,,
3521HB,Coöperatiestraat,142,,
3521HB,Hoola van Nootenstraat,142,,
3521HB,Coöperatiestraat,144,,
3521HB,Hoola van Nootenstraat,144,,
3521HB,Coöperatiestraat,144,,
3521HB,Hoola van Nootenstraat,144,,
3521HB,Coöperatiestraat,143,,
3521HB,Hoola van Nootenstraat,143,,
3521HB,Coöperatiestraat,145,,
3521HB,Hoola van Nootenstraat,145,,
3521HB,Coöperatiestraat,145,,
3521HB,Hoola van Nootenstraat,145,,
3521HB,Coöperatiestraat,144,,
3521HB,Hoola van Nootenstraat,144,,
3521HB,Coöperatiestraat,146,,
3521HB,Hoola van Nootenstraat,146,,
3521HB,Coöperatiestraat,146,,
3521HB,Hoola van Nootenstraat,146,,
3521HB,Coöperatiestraat,145,,
3521HB,Hoola van Nootenstraat,145,,
3521HB,Coöperatiestraat,147,,
3521HB,Hoola van Nootenstraat,147,,
3521HB,Coöperatiestraat,147,,
3521HB,Hoola van Nootenstraat,147,,
3521HB,Coöperatiestraat,146,,
3521HB,Hoola van Nootenstraat,146,,
3521HB,Coöperatiestraat,148,,
3521HB,Hoola van Nootenstraat,148,,
3521HB,Coöperatiestraat,148,,
3521HB,Hoola van Nootenstraat,148,,
3521HB,Coöperatiestraat,147,,
3521HB,Hoola van Nootenstraat,147,,
3521HB,Coöperatiestraat,149,,
3521HB,Hoola van Nootenstraat,149,,
3521HB,Coöperatiestraat,149,,
3521HB,Hoola van Nootenstraat,149,,
3521HB,Coöperatiestraat,148,,
3521HB,Hoola van Nootenstraat,148,,
3521HB,Coöperatiestraat,150,,
3521HB,Hoola van Nootenstraat,150,,
3521HB,Coöperatiestraat,150,,
3521HB,Hoola van Nootenstraat,150,,
3521HB,Coöperatiestraat,149,,
3521HB,Hoola van Nootenstraat,149,,
3521HB,Coöperatiestraat,151,,
3521HB,Hoola van Nootenstraat,151,,
3521HB,Coöperatiestraat,151,,
3521HB,Hoola van Nootenstraat,151,,
3521HB,Coöperatiestraat,150,,
3521HB,Hoola van Nootenstraat,150,,
3521HB,Coöperatiestraat,152,,
3521HB,Hoola van Nootenstraat,152,,
3521HB,Coöperatiestraat,152,,
3521HB,Hoola van Nootenstraat,152,,
3521HB,Coöperatiestraat,151,,
3521HB,Hoola van Nootenstraat,151,,
3521HB,Coöperatiestraat,153,,
3521HB,Hoola van Nootenstraat,153,,
3521HB,Coöperatiestraat,153,,
3521HB,Hoola van Nootenstraat,153,,
3521HB,Coöperatiestraat,152,,
3521HB,Hoola van Nootenstraat,152,,
3521HB,Coöperatiestraat,154,,
3521HB,Hoola van Nootenstraat,154,,
3521HB,Coöperatiestraat,154,,
3521HB,Hoola van Nootenstraat,154,,
3521HB,Coöperatiestraat,153,,
3521HB,Hoola van Nootenstraat,153,,
3521HB,Coöperatiestraat,155,,
3521HB,Hoola van Nootenstraat,155,,
3521HB,Coöperatiestraat,155,,
3521HB,Hoola van Nootenstraat,155,,
3521HB,Coöperatiestraat,154,,
3521HB,Hoola van Nootenstraat,154,,
3521HB,Coöperatiestraat,156,,
3521HB,Hoola van Nootenstraat,156,,
3521HB,Coöperatiestraat,156,,
3521HB,Hoola van Nootenstraat,156,,
3521HB,Coöperatiestraat,155,,
3521HB,Hoola van Nootenstraat,155,,
3521HB,Coöperatiestraat,157,,
3521HB,Hoola van Nootenstraat,157,,
3521HB,Coöperatiestraat,157,,
3521HB,Hoola van Nootenstraat,157,,
3521HB,Coöperatiestraat,156,,
3521HB,Hoola van Nootenstraat,156,,
3521HB,Coöperatiestraat,158,,
3521HB,Hoola van Nootenstraat,158,,
3521HB,Coöperatiestraat,158,,
3521HB,Hoola van Nootenstraat,158,,
3521HB,Coöperatiestraat,157,,
3521HB,Hoola van Nootenstraat,157,,
3521HB,Coöperatiestraat,159,,
3521HB,Hoola van Nootenstraat,159,,
3521HB,Coöperatiestraat,159,,
3521HB,Hoola van Nootenstraat,159,,
3521HB,Coöperatiestraat,158,,
3521HB,Hoola van Nootenstraat,158,,
3521HB,Coöperatiestraat,160,,
3521HB,Hoola van Nootenstraat,160,,
3521HB,Coöperatiestraat,160,,
3521HB,Hoola van Nootenstraat,160,,
3521HB,Coöperatiestraat,159,,
3521HB,Hoola van Nootenstraat,159,,
3521HB,Coöperatiestraat,161,,
3521HB,Hoola van Nootenstraat,161,,
3521HB,Coöperatiestraat,161,,
3521HB,Hoola van Nootenstraat,161,,
3521HB,Coöperatiestraat,160,,
3521HB,Hoola van Nootenstraat,160,,
3521HB,Coöperatiestraat,163,,
3521HB,Hoola van Nootenstraat,163,,
3521HB,Coöperatiestraat,163,,
3521HB,Hoola van Nootenstraat,163,,
3521HB,Coöperatiestraat,161,,
3521HB,Hoola van Nootenstraat,161,,
3521HB,Coöperatiestraat,164,,
3521HB,Hoola van Nootenstraat,164,,
3521HB,Coöperatiestraat,164,,
3521HB,Hoola van Nootenstraat,164,,
3521HB,Coöperatiestraat,162,,
3521HB,Hoola van Nootenstraat,162,,
3521HB,Coöperatiestraat,165,,
3521HB,Hoola van Nootenstraat,165,,
3521HB,Coöperatiestraat,165,,
3521HB,Hoola van Nootenstraat,165,,
3521HB,Coöperatiestraat,163,,
3521HB,Hoola van Nootenstraat,163,,
3521HB,Coöperatiestraat,166,,
3521HB,Hoola van Nootenstraat,166,,
3521HB,Coöperatiestraat,166,,
3521HB,Hoola van Nootenstraat,166,,
3521HB,Coöperatiestraat,164,,
3521HB,Hoola van Nootenstraat,164,,
3521HB,Coöperatiestraat,167,,
3521HB,Hoola van Nootenstraat,167,,
3521HB,Coöperatiestraat,167,,
3521HB,Hoola van Nootenstraat,167,,
3521HB,Coöperatiestraat,165,,
3521HB,Hoola van Nootenstraat,165,,
3521HB,Coöperatiestraat,168,,
3521HB,Hoola van Nootenstraat,168,,
3521HB,Coöperatiestraat,168,,
3521HB,Hoola van Nootenstraat,168,,
3521HB,Coöperatiestraat,166,,
3521HB,Hoola van Nootenstraat,166,,
3521HB,Coöperatiestraat,169,,
3521HB,Hoola van Nootenstraat,169,,
3521HB,Coöperatiestraat,169,,
3521HB,Hoola van Nootenstraat,169,,
3521HB,Coöperatiestraat,167,,
3521HB,Hoola van Nootenstraat,167,,
3521HB,Coöperatiestraat,170,,
3521HB,Hoola van Nootenstraat,170,,
3521HB,Coöperatiestraat,170,,
3521HB,Hoola van Nootenstraat,170,,
3521HB,Coöperatiestraat,168,,
3521HB,Hoola van Nootenstraat,168,,
3521HB,Coöperatiestraat,171,,
3521HB,Hoola van Nootenstraat,171,,
3521HB,Coöperatiestraat,171,,
3521HB,Hoola van Nootenstraat,171,,
3521HB,Coöperatiestraat,169,,
3521HB,Hoola van Nootenstraat,169,,
3521HB,Coöperatiestraat,172,,
3521HB,Hoola van Nootenstraat,172,,
3521HB,Coöperatiestraat,172,,
3521HB,Hoola van Nootenstraat,172,,
3521HB,Coöperatiestraat,170,,
3521HB,Hoola van Nootenstraat,170,,
3521HB,Coöperatiestraat,173,,
3521HB,Hoola van Nootenstraat,173,,
3521HB,Coöperatiestraat,173,,
3521HB,Hoola van Nootenstraat,173,,
3521HB,Coöperatiestraat,171,,
3521HB,Hoola van Nootenstraat,171,,
3521HB,Coöperatiestraat,174,,
3521HB,Hoola van Nootenstraat,174,,
3521HB,Coöperatiestraat,174,,
3521HB,Hoola van Nootenstraat,174,,
3521HB,Coöperatiestraat,172,,
3521HB,Hoola van Nootenstraat,172,,
3521HB,Coöperatiestraat,175,,
3521HB,Hoola van Nootenstraat,175,,
3521HB,Coöperatiestraat,175,,
3521HB,Hoola van Nootenstraat,175,,
3521HB,Coöperatiestraat,173,,
3521HB,Hoola van Nootenstraat,173,,
3521HB,Coöperatiestraat,176,,
3521HB,Hoola van Nootenstraat,176,,
3521HB,Coöperatiestraat,176,,
3521HB,Hoola van Nootenstraat,176,,
3521HB,Coöperatiestraat,174,,
3521HB,Hoola van Nootenstraat,174,,
3521HB,Coöperatiestraat,177,,
3521HB,Hoola van Nootenstraat,177,,
3521HB,Coöperatiestraat,177,,
3521HB,Hoola van Nootenstraat,177,,
3521HB,Coöperatiestraat,175,,
3521HB,Hoola van Nootenstraat,175,,
3521HB,Coöperatiestraat,178,,
3521HB,Hoola van Nootenstraat,178,,
3521HB,Coöperatiestraat,178,,
3521HB,Hoola van Nootenstraat,178,,
3521HB,Coöperatiestraat,176,,
3521HB,Hoola van Nootenstraat,176,,
3521HB,Coöperatiestraat,179,,
3521HB,Hoola van Nootenstraat,179,,
3521HB,Coöperatiestraat,179,,
3521HB,Hoola van Nootenstraat,179,,
3521HB,Coöperatiestraat,177,,
3521HB,Hoola van Nootenstraat,177,,
3521HB,Coöperatiestraat,180,,
3521HB,Hoola van Nootenstraat,180,,
3521HB,Coöperatiestraat,180,,
3521HB,Hoola van Nootenstraat,180,,
3521HB,Coöperatiestraat,178,,
3521HB,Hoola van Nootenstraat,178,,
3521HB,Coöperatiestraat,181,,
3521HB,Hoola van Nootenstraat,181,,
3521HB,Coöperatiestraat,181,,
3521HB,Hoola van Nootenstraat,181,,
3521HB,Coöperatiestraat,179,,
3521HB,Hoola van Nootenstraat,179,,
3521HB,Coöperatiestraat,182,,
3521HB,Hoola van Nootenstraat,182,,
3521HB,Coöperatiestraat,182,,
3521HB,Hoola van Nootenstraat,182,,
3521HB,Coöperatiestraat,180,,
3521HB,Hoola van Nootenstraat,180,,
3521HB,Coöperatiestraat,183,,
3521HB,Hoola van Nootenstraat,183,,
3521HB,Coöperatiestraat,183,,
3521HB,Hoola van Nootenstraat,183,,
3521HB,Coöperatiestraat,181,,
3521HB,Hoola van Nootenstraat,181,,
3521HB,Coöperatiestraat,184,,
3521HB,Hoola van Nootenstraat,184,,
3521HB,Coöperatiestraat,184,,
3521HB,Hoola van Nootenstraat,184,,
3521HB,Coöperatiestraat,182,,
3521HB,Hoola van Nootenstraat,182,,
3521HB,Coöperatiestraat,186,,
3521HB,Hoola van Nootenstraat,186,,
3521HB,Coöperatiestraat,186,,
3521HB,Hoola van Nootenstraat,186,,
3521HB,Coöperatiestraat,183,,
3521HB,Hoola van Nootenstraat,183,,
3521HB,Coöperatiestraat,187,,
3521HB,Hoola van Nootenstraat,187,,
3521HB,Coöperatiestraat,187,,
3521HB,Hoola van Nootenstraat,187,,
3521HB,Coöperatiestraat,184,,
3521HB,Hoola van Nootenstraat,184,,
3521HB,Coöperatiestraat,188,,
3521HB,Hoola van Nootenstraat,188,,
3521HB,Coöperatiestraat,188,,
3521HB,Hoola van Nootenstraat,188,,
3521HB,Coöperatiestraat,185,,
3521HB,Hoola van Nootenstraat,185,,
3521HB,Coöperatiestraat,189,,
3521HB,Hoola van Nootenstraat,189,,
3521HB,Coöperatiestraat,189,,
3521HB,Hoola van Nootenstraat,189,,
3521HB,Coöperatiestraat,186,,
3521HB,Hoola van Nootenstraat,186,,
3521HB,Coöperatiestraat,190,,
3521HB,Hoola van Nootenstraat,190,,
3521HB,Coöperatiestraat,190,,
3521HB,Hoola van Nootenstraat,190,,
3521HB,Coöperatiestraat,187,,
3521HB,Hoola van Nootenstraat,187,,
3521HB,Coöperatiestraat,191,,
3521HB,Hoola van Nootenstraat,191,,
3521HB,Coöperatiestraat,191,,
3521HB,Hoola van Nootenstraat,191,,
3521HB,Coöperatiestraat,188,,
3521HB,Hoola van Nootenstraat,188,,
3521HB,Coöperatiestraat,192,,
3521HB,Hoola van Nootenstraat,192,,
3521HB,Coöperatiestraat,192,,
3521HB,Hoola van Nootenstraat,192,,
3521HB,Coöperatiestraat,189,,
3521HB,Hoola van Nootenstraat,189,,
3521HB,Coöperatiestraat,193,,
3521HB,Hoola van Nootenstraat,193,,
3521HB,Coöperatiestraat,193,,
3521HB,Hoola van Nootenstraat,193,,
3521HB,Coöperatiestraat,190,,
3521HB,Hoola van Nootenstraat,190,,
3521HB,Coöperatiestraat,194,,
3521HB,Hoola van Nootenstraat,194,,
3521HB,Coöperatiestraat,194,,
3521HB,Hoola van Nootenstraat,194,,
3521HB,Coöperatiestraat,191,,
3521HB,Hoola van Nootenstraat,191,,
3521HB,Coöperatiestraat,195,,
3521HB,Hoola van Nootenstraat,195,,
3521HB,Coöperatiestraat,195,,
3521HB,Hoola van Nootenstraat,195,,
3521HB,Coöperatiestraat,192,,
3521HB,Hoola van Nootenstraat,192,,
3521HB,Coöperatiestraat,196,,
3521HB,Hoola van Nootenstraat,196,,
3521HB,Coöperatiestraat,196,,
3521HB,Hoola van Nootenstraat,196,,
3521HB,Coöperatiestraat,193,,
3521HB,Hoola van Nootenstraat,193,,
3521HB,Coöperatiestraat,197,,
3521HB,Hoola van Nootenstraat,197,,
3521HB,Coöperatiestraat,197,,
3521HB,Hoola van Nootenstraat,197,,
3521HB,Coöperatiestraat,194,,
3521HB,Hoola van Nootenstraat,194,,
3521HB,Coöperatiestraat,198,,
3521HB,Hoola van Nootenstraat,198,,
3521HB,Coöperatiestraat,198,,
3521HB,Hoola van Nootenstraat,198,,
3521HB,Coöperatiestraat,195,,
3521HB,Hoola van Nootenstraat,195,,
3521HB,Coöperatiestraat,199,,
3521HB,Hoola van Nootenstraat,199,,
3521HB,Coöperatiestraat,199,,
3521HB,Hoola van Nootenstraat,199,,
3521HB,Coöperatiestraat,196,,
3521HB,Hoola van Nootenstraat,196,,
3521HB,Coöperatiestraat,200,,
3521HB,Hoola van Nootenstraat,200,,
3521HB,Coöperatiestraat,200,,
3521HB,Hoola van Nootenstraat,200,,
3521HB,Coöperatiestraat,197,,
3521HB,Hoola van Nootenstraat,197,,
3521HB,Coöperatiestraat,201,,
3521HB,Hoola van Nootenstraat,201,,
3521HB,Coöperatiestraat,201,,
3521HB,Hoola van Nootenstraat,201,,
3521HB,Coöperatiestraat,198,,
3521HB,Hoola van Nootenstraat,198,,
3521HB,Coöperatiestraat,202,,
3521HB,Hoola van Nootenstraat,202,,
3521HB,Coöperatiestraat,202,,
3521HB,Hoola van Nootenstraat,202,,
3521HB,Coöperatiestraat,199,,
3521HB,Hoola van Nootenstraat,199,,
3521HB,Coöperatiestraat,203,,
3521HB,Hoola van Nootenstraat,203,,
3521HB,Coöperatiestraat,203,,
3521HB,Hoola van Nootenstraat,203,,
3521HB,Coöperatiestraat,200,,
3521HB,Hoola van Nootenstraat,200,,
3521HB,Coöperatiestraat,204,,
3521HB,Hoola van Nootenstraat,204,,
3521HB,Coöperatiestraat,204,,
3521HB,Hoola van Nootenstraat,204,,
3521HB,Coöperatiestraat,201,,
3521HB,Hoola van Nootenstraat,201,,
3521HB,Coöperatiestraat,205,,
3521HB,Hoola van Nootenstraat,205,,
3521HB,Coöperatiestraat,205,,
3521HB,Hoola van Nootenstraat,205,,
3521HB,Coöperatiestraat,202,,
3521HB,Hoola van Nootenstraat,202,,
3521HB,Coöperatiestraat,206,,
3521HB,Hoola van Nootenstraat,206,,
3521HB,Coöperatiestraat,206,,
3521HB,Hoola van Nootenstraat,206,,
3521HB,Coöperatiestraat,203,,
3521HB,Hoola van Nootenstraat,203,,
3521HB,Coöperatiestraat,207,,
3521HB,Hoola van Nootenstraat,207,,
3521HB,Coöperatiestraat,207,,
3521HB,Hoola van Nootenstraat,207,,
3521HB,Coöperatiestraat,204,,
3521HB,Hoola van Nootenstraat,204,,
3521HB,Coöperatiestraat,208,,
3521HB,Hoola van Nootenstraat,208,,
3521HB,Coöperatiestraat,208,,
3521HB,Hoola van Nootenstraat,208,,
3521HB,Coöperatiestraat,205,,
3521HB,Hoola van Nootenstraat,205,,
3521HB,Coöperatiestraat,209,,
3521HB,Hoola van Nootenstraat,209,,
3521HB,Coöperatiestraat,209,,
3521HB,Hoola van Nootenstraat,209,,
3521HB,Coöperatiestraat,206,,
3521HB,Hoola van Nootenstraat,206,,
3521HB,Coöperatiestraat,210,,
3521HB,Hoola van Nootenstraat,210,,
3521HB,Coöperatiestraat,210,,
3521HB,Hoola van Nootenstraat,210,,
3521HB,Coöperatiestraat,207,,
3521HB,Hoola van Nootenstraat,207,,
3521HB,Coöperatiestraat,211,,
3521HB,Hoola van Nootenstraat,211,,
3521HB,Coöperatiestraat,211,,
3521HB,Hoola van Nootenstraat,211,,
3521HB,Coöperatiestraat,208,,
3521HB,Hoola van Nootenstraat,208,,
3521HB,Coöperatiestraat,212,,
3521HB,Hoola van Nootenstraat,212,,
3521HB,Coöperatiestraat,212,,
3521HB,Hoola van Nootenstraat,212,,
3521HB,Coöperatiestraat,209,,
3521HB,Hoola van Nootenstraat,209,,
3521HB,Coöperatiestraat,213,,
3521HB,Hoola van Nootenstraat,213,,
3521HB,Coöperatiestraat,213,,
3521HB,Hoola van Nootenstraat,213,,
3521HB,Coöperatiestraat,210,,
3521HB,Hoola van Nootenstraat,210,,
3521HB,Coöperatiestraat,214,,
3521HB,Hoola van Nootenstraat,214,,
3521HB,Coöperatiestraat,214,,
3521HB,Hoola van Nootenstraat,214,,
3521HB,Coöperatiestraat,211,,
3521HB,Hoola van Nootenstraat,211,,
3521HB,Coöperatiestraat,215,,
3521HB,Hoola van Nootenstraat,215,,
3521HB,Coöperatiestraat,215,,
3521HB,Hoola van Nootenstraat,215,,
3521HB,Coöperatiestraat,212,,
3521HB,Hoola van Nootenstraat,212,,
3521HB,Coöperatiestraat,216,,
3521HB,Hoola van Nootenstraat,216,,
3521HB,Coöperatiestraat,216,,
3521HB,Hoola van Nootenstraat,216,,
3521HB,Coöperatiestraat,213,,
3521HB,Hoola van Nootenstraat,213,,
3521HB,Coöperatiestraat,217,,
3521HB,Hoola van Nootenstraat,217,,
3521HB,Coöperatiestraat,217,,
3521HB,Hoola van Nootenstraat,217,,
3521HB,Coöperatiestraat,214,,
3521HB,Hoola van Nootenstraat,214,,
3521HB,Coöperatiestraat,218,,
3521HB,Hoola van Nootenstraat,218,,
3521HB,Coöperatiestraat,218,,
3521HB,Hoola van Nootenstraat,218,,
3521HB,Coöperatiestraat,215,,
3521HB,Hoola van Nootenstraat,215,,
3521HB,Coöperatiestraat,219,,
3521HB,Hoola van Nootenstraat,219,,
3521HB,Coöperatiestraat,219,,
3521HB,Hoola van Nootenstraat,219,,
3521HB,Coöperatiestraat,216,,
3521HB,Hoola van Nootenstraat,216,,
3521HB,Coöperatiestraat,220,,
3521HB,Hoola van Nootenstraat,220,,
3521HB,Coöperatiestraat,220,,
3521HB,Hoola van Nootenstraat,220,,
3521HB,Coöperatiestraat,217,,
3521HB,Hoola van Nootenstraat,217,,
3521HB,Coöperatiestraat,221,,
3521HB,Hoola van Nootenstraat,221,,
3521HB,Coöperatiestraat,221,,
3521HB,Hoola van Nootenstraat,221,,
3521HB,Coöperatiestraat,218,,
3521HB,Hoola van Nootenstraat,218,,
3521HB,Coöperatiestraat,222,,
3521HB,Hoola van Nootenstraat,222,,
3521HB,Coöperatiestraat,222,,
3521HB,Hoola van Nootenstraat,222,,
3521HB,Coöperatiestraat,219,,
3521HB,Hoola van Nootenstraat,219,,
3521HB,Coöperatiestraat,223,,
3521HB,Hoola van Nootenstraat,223,,
3521HB,Coöperatiestraat,223,,
3521HB,Hoola van Nootenstraat,223,,
3521HB,Coöperatiestraat,220,,
3521HB,Hoola van Nootenstraat,220,,
3521HB,Coöperatiestraat,224,,
3521HB,Hoola van Nootenstraat,224,,
3521HB,Coöperatiestraat,224,,
3521HB,Hoola van Nootenstraat,224,,
3521HB,Coöperatiestraat,221,,
3521HB,Hoola van Nootenstraat,221,,
3521HB,Coöperatiestraat,222,,
3521HB,Hoola van Nootenstraat,222,,
3521HB,Coöperatiestraat,226,,
3521HB,Hoola van Nootenstraat,226,,
3521HB,Coöperatiestraat,226,,
3521HB,Hoola van Nootenstraat,226,,
3521HB,Coöperatiestraat,223,,
3521HB,Hoola van Nootenstraat,223,,
3521HB,Coöperatiestraat,227,,
3521HB,Hoola van Nootenstraat,227,,
3521HB,Coöperatiestraat,227,,
3521HB,Hoola van Nootenstraat,227,,
3521HB,Coöperatiestraat,224,,
3521HB,Hoola van Nootenstraat,224,,
3521HB,Coöperatiestraat,228,,
3521HB,Hoola van Nootenstraat,228,,
3521HB,Coöperatiestraat,228,,
3521HB,Hoola van Nootenstraat,228,,
3521HB,Coöperatiestraat,225,,
3521HB,Hoola van Nootenstraat,225,,
3521HB,Coöperatiestraat,229,,
3521HB,Hoola van Nootenstraat,229,,
3521HB,Coöperatiestraat,229,,
3521HB,Hoola van Nootenstraat,229,,
3521HB,Coöperatiestraat,226,,
3521HB,Hoola van Nootenstraat,226,,
3521HB,Coöperatiestraat,230,,
3521HB,Hoola van Nootenstraat,230,,
3521HB,Coöperatiestraat,230,,
3521HB,Hoola van Nootenstraat,230,,
3521HB,Coöperatiestraat,227,,
3521HB,Hoola van Nootenstraat,227,,
3521HB,Coöperatiestraat,231,,
3521HB,Hoola van Nootenstraat,231,,
3521HB,Coöperatiestraat,231,,
3521HB,Hoola van Nootenstraat,231,,
3521HB,Coöperatiestraat,228,,
3521HB,Hoola van Nootenstraat,228,,
3521HB,Coöperatiestraat,232,,
3521HB,Hoola van Nootenstraat,232,,
3521HB,Coöperatiestraat,232,,
3521HB,Hoola van Nootenstraat,232,,
3521HB,Coöperatiestraat,229,,
3521HB,Hoola van Nootenstraat,229,,
3521HB,Coöperatiestraat,233,,
3521HB,Hoola van Nootenstraat,233,,
3521HB,Coöperatiestraat,233,,
3521HB,Hoola van Nootenstraat,233,,
3521HB,Coöperatiestraat,230,,
3521HB,Hoola van Nootenstraat,230,,
3521HB,Coöperatiestraat,234,,
3521HB,Hoola van Nootenstraat,234,,
3521HB,Coöperatiestraat,234,,
3521HB,Hoola van Nootenstraat,234,,
3521HB,Coöperatiestraat,231,,
3521HB,Hoola van Nootenstraat,231,,
3521HB,Coöperatiestraat,236,,
3521HB,Hoola van Nootenstraat,236,,
3521HB,Coöperatiestraat,236,,
3521HB,Hoola van Nootenstraat,236,,
3521HB,Coöperatiestraat,232,,
3521HB,Hoola van Nootenstraat,232,,
3521HB,Coöperatiestraat,237,,
3521HB,Hoola van Nootenstraat,237,,
3521HB,Coöperatiestraat,237,,
3521HB,Hoola van Nootenstraat,237,,
3521HB,Coöperatiestraat,233,,
3521HB,Hoola van Nootenstraat,233,,
3521HB,Coöperatiestraat,238,,
3521HB,Hoola van Nootenstraat,238,,
3521HB,Coöperatiestraat,238,,
3521HB,Hoola van Nootenstraat,238,,
3521HB,Coöperatiestraat,234,,
3521HB,Hoola van Nootenstraat,234,,
3521HB,Coöperatiestraat,239,,
3521HB,Hoola van Nootenstraat,239,,
3521HB,Coöperatiestraat,239,,
3521HB,Hoola van Nootenstraat,239,,
3521HB,Coöperatiestraat,235,,
3521HB,Hoola van Nootenstraat,235,,
3521HB,Coöperatiestraat,240,,
3521HB,Hoola van Nootenstraat,240,,
3521HB,Coöperatiestraat,240,,
3521HB,Hoola van Nootenstraat,240,,
3521HB,Coöperatiestraat,236,,
3521HB,Hoola van Nootenstraat,236,,
3521HB,Coöperatiestraat,241,,
3521HB,Hoola van Nootenstraat,241,,
3521HB,Coöperatiestraat,241,,
3521HB,Hoola van Nootenstraat,241,,
3521HB,Coöperatiestraat,237,,
3521HB,Hoola van Nootenstraat,237,,
3521HB,Coöperatiestraat,242,,
3521HB,Hoola van Nootenstraat,242,,
3521HB,Coöperatiestraat,242,,
3521HB,Hoola van Nootenstraat,242,,
3521HB,Coöperatiestraat,238,,
3521HB,Hoola van Nootenstraat,238,,
3521HB,Coöperatiestraat,243,,
3521HB,Hoola van Nootenstraat,243,,
3521HB,Coöperatiestraat,243,,
3521HB,Hoola van Nootenstraat,243,,
3521HB,Coöperatiestraat,239,,
3521HB,Hoola van Nootenstraat,239,,
3521HB,Coöperatiestraat,244,,
3521HB,Hoola van Nootenstraat,244,,
3521HB,Coöperatiestraat,244,,
3521HB,Hoola van Nootenstraat,244,,
3521HB,Coöperatiestraat,240,,
3521HB,Hoola van Nootenstraat,240,,
3521HB,Coöperatiestraat,245,,
3521HB,Hoola van Nootenstraat,245,,
3521HB,Coöperatiestraat,245,,
3521HB,Hoola van Nootenstraat,245,,
3521HB,Coöperatiestraat,241,,
3521HB,Hoola van Nootenstraat,241,,
3521HB,Coöperatiestraat,246,,
3521HB,Hoola van Nootenstraat,246,,
3521HB,Coöperatiestraat,246,,
3521HB,Hoola van Nootenstraat,246,,
3521HB,Coöperatiestraat,242,,
3521HB,Hoola van Nootenstraat,242,,
3521HB,Coöperatiestraat,247,,
3521HB,Hoola van Nootenstraat,247,,
3521HB,Coöperatiestraat,247,,
3521HB,Hoola van Nootenstraat,247,,
3521HB,Coöperatiestraat,243,,
3521HB,Hoola van Nootenstraat,243,,
3521HB,Coöperatiestraat,249,,
3521HB,Hoola van Nootenstraat,249,,
3521HB,Coöperatiestraat,249,,
3521HB,Hoola van Nootenstraat,249,,
3521HB,Coöperatiestraat,244,,
3521HB,Hoola van Nootenstraat,244,,
3521HB,Coöperatiestraat,250,,
3521HB,Hoola van Nootenstraat,250,,
3521HB,Coöperatiestraat,250,,
3521HB,Hoola van Nootenstraat,250,,
3521HB,Coöperatiestraat,245,,
3521HB,Hoola van Nootenstraat,245,,
3521HB,Coöperatiestraat,251,,
3521HB,Hoola van Nootenstraat,251,,
3521HB,Coöperatiestraat,251,,
3521HB,Hoola van Nootenstraat,251,,
3521HB,Coöperatiestraat,246,,
3521HB,Hoola van Nootenstraat,246,,
3521HB,Coöperatiestraat,252,,
3521HB,Hoola van Nootenstraat,252,,
3521HB,Coöperatiestraat,252,,
3521HB,Hoola van Nootenstraat,252,,
3521HB,Coöperatiestraat,247,,
3521HB,Hoola van Nootenstraat,247,,
3521HB,Coöperatiestraat,253,,
3521HB,Hoola van Nootenstraat,253,,
3521HB,Coöperatiestraat,253,,
3521HB,Hoola van Nootenstraat,253,,
3521HB,Coöperatiestraat,248,,
3521HB,Hoola van Nootenstraat,248,,
3521HB,Coöperatiestraat,254,,
3521HB,Hoola van Nootenstraat,254,,
3521HB,Coöperatiestraat,254,,
3521HB,Hoola van Nootenstraat,254,,
3521HB,Coöperatiestraat,249,,
3521HB,Hoola van Nootenstraat,249,,
3521HB,Coöperatiestraat,255,,
3521HB,Hoola van Nootenstraat,255,,
3521HB,Coöperatiestraat,255,,
3521HB,Hoola van Nootenstraat,255,,
3521HB,Coöperatiestraat,250,,
3521HB,Hoola van Nootenstraat,250,,
3521HB,Coöperatiestraat,256,,
3521HB,Hoola van Nootenstraat,256,,
3521HB,Coöperatiestraat,256,,
3521HB,Hoola van Nootenstraat,256,,
3521HB,Coöperatiestraat,251,,
3521HB,Hoola van Nootenstraat,251,,
3521HB,Coöperatiestraat,257,,
3521HB,Hoola van Nootenstraat,257,,
3521HB,Coöperatiestraat,257,,
3521HB,Hoola van Nootenstraat,257,,
3521HB,Coöperatiestraat,252,,
3521HB,Hoola van Nootenstraat,252,,
3521HB,Coöperatiestraat,258,,
3521HB,Hoola van Nootenstraat,258,,
3521HB,Coöperatiestraat,258,,
3521HB,Hoola van Nootenstraat,258,,
3521HB,Coöperatiestraat,253,,
3521HB,Hoola van Nootenstraat,253,,
3521HB,Coöperatiestraat,259,,
3521HB,Hoola van Nootenstraat,259,,
3521HB,Coöperatiestraat,259,,
3521HB,Hoola van Nootenstraat,259,,
3521HB,Coöperatiestraat,254,,
3521HB,Hoola van Nootenstraat,254,,
3521HB,Coöperatiestraat,260,,
3521HB,Hoola van Nootenstraat,260,,
3521HB,Coöperatiestraat,260,,
3521HB,Hoola van Nootenstraat,260,,
3521HB,Coöperatiestraat,255,,
3521HB,Hoola van Nootenstraat,255,,
3521HB,Coöperatiestraat,262,,
3521HB,Hoola van Nootenstraat,262,,
3521HB,Coöperatiestraat,262,,
3521HB,Hoola van Nootenstraat,262,,
3521HB,Coöperatiestraat,256,,
3521HB,Hoola van Nootenstraat,256,,
3521HB,Coöperatiestraat,263,,
3521HB,Hoola van Nootenstraat,263,,
3521HB,Coöperatiestraat,263,,
3521HB,Hoola van Nootenstraat,263,,
3521HB,Coöperatiestraat,257,,
3521HB,Hoola van Nootenstraat,257,,
3521HB,Coöperatiestraat,264,,
3521HB,Hoola van Nootenstraat,264,,
3521HB,Coöperatiestraat,264,,
3521HB,Hoola van Nootenstraat,264,,
3521HB,Coöperatiestraat,258,,
3521HB,Hoola van Nootenstraat,258,,
3521HB,Coöperatiestraat,265,,
3521HB,Hoola van Nootenstraat,265,,
3521HB,Coöperatiestraat,265,,
3521HB,Hoola van Nootenstraat,265,,
3521HB,Coöperatiestraat,259,,
3521HB,Hoola van Nootenstraat,259,,
3521HB,Coöperatiestraat,266,,
3521HB,Hoola van Nootenstraat,266,,
3521HB,Coöperatiestraat,266,,
3521HB,Hoola van Nootenstraat,266,,
3521HB,Coöperatiestraat,260,,
3521HB,Hoola van Nootenstraat,260,,
3521HB,Coöperatiestraat,267,,
3521HB,Hoola van Nootenstraat,267,,
3521HB,Coöperatiestraat,267,,
3521HB,Hoola van Nootenstraat,267,,
3521HB,Coöperatiestraat,261,,
3521HB,Hoola van Nootenstraat,261,,
3521HB,Coöperatiestraat,268,,
3521HB,Hoola van Nootenstraat,268,,
3521HB,Coöperatiestraat,268,,
3521HB,Hoola van Nootenstraat,268,,
3521HB,Coöperatiestraat,262,,
3521HB,Hoola van Nootenstraat,262,,
3521HB,Coöperatiestraat,269,,
3521HB,Hoola van Nootenstraat,269,,
3521HB,Coöperatiestraat,269,,
3521HB,Hoola van Nootenstraat,269,,
3521HB,Coöperatiestraat,263,,
3521HB,Hoola van Nootenstraat,263,,
3521HB,Coöperatiestraat,270,,
3521HB,Hoola van Nootenstraat,270,,
3521HB,Coöperatiestraat,270,,
3521HB,Hoola van Nootenstraat,270,,
3521HB,Coöperatiestraat,264,,
3521HB,Hoola van Nootenstraat,264,,
3521HB,Coöperatiestraat,271,,
3521HB,Hoola van Nootenstraat,271,,
3521HB,Coöperatiestraat,271,,
3521HB,Hoola van Nootenstraat,271,,
3521HB,Coöperatiestraat,265,,
3521HB,Hoola van Nootenstraat,265,,
3521HB,Coöperatiestraat,272,,
3521HB,Hoola van Nootenstraat,272,,
3521HB,Coöperatiestraat,272,,
3521HB,Hoola van Nootenstraat,272,,
3521HB,Coöperatiestraat,266,,
3521HB,Hoola van Nootenstraat,266,,
3521HB,Coöperatiestraat,273,,
3521HB,Hoola van Nootenstraat,273,,
3521HB,Coöperatiestraat,273,,
3521HB,Hoola van Nootenstraat,273,,
3521HB,Coöperatiestraat,267,,
3521HB,Hoola van Nootenstraat,267,,
3521HB,Coöperatiestraat,275,,
3521HB,Hoola van Nootenstraat,275,,
3521HB,Coöperatiestraat,275,,
3521HB,Hoola van Nootenstraat,275,,
3521HB,Coöperatiestraat,268,,
3521HB,Hoola van Nootenstraat,268,,
3521HB,Coöperatiestraat,276,,
3521HB,Hoola van Nootenstraat,276,,
3521HB,Coöperatiestraat,276,,
3521HB,Hoola van Nootenstraat,276,,
3521HB,Coöperatiestraat,269,,
3521HB,Hoola van Nootenstraat,269,,
3521HB,Coöperatiestraat,277,,
3521HB,Hoola van Nootenstraat,277,,
3521HB,Coöperatiestraat,277,,
3521HB,Hoola van Nootenstraat,277,,
3521HB,Coöperatiestraat,270,,
3521HB,Hoola van Nootenstraat,270,,
3521HB,Coöperatiestraat,278,,
3521HB,Hoola van Nootenstraat,278,,
3521HB,Coöperatiestraat,278,,
3521HB,Hoola van Nootenstraat,278,,
3521HB,Coöperatiestraat,271,,
3521HB,Hoola van Nootenstraat,271,,
3521HB,Coöperatiestraat,279,,
3521HB,Hoola van Nootenstraat,279,,
3521HB,Coöperatiestraat,279,,
3521HB,Hoola van Nootenstraat,279,,
3521HB,Coöperatiestraat,272,,
3521HB,Hoola van Nootenstraat,272,,
3521HB,Coöperatiestraat,280,,
3521HB,Hoola van Nootenstraat,280,,
3521HB,Coöperatiestraat,280,,
3521HB,Hoola van Nootenstraat,280,,
3521HB,Coöperatiestraat,273,,
3521HB,Hoola van Nootenstraat,273,,
3521HB,Coöperatiestraat,281,,
3521HB,Hoola van Nootenstraat,281,,
3521HB,Coöperatiestraat,281,,
3521HB,Hoola van Nootenstraat,281,,
3521HB,Coöperatiestraat,274,,
3521HB,Hoola van Nootenstraat,274,,
3521HB,Coöperatiestraat,282,,
3521HB,Hoola van Nootenstraat,282,,
3521HB,Coöperatiestraat,282,,
3521HB,Hoola van Nootenstraat,282,,
3521HB,Coöperatiestraat,275,,
3521HB,Hoola van Nootenstraat,275,,
3521HB,Coöperatiestraat,284,,
3521HB,Hoola van Nootenstraat,284,,
3521HB,Coöperatiestraat,284,,
3521HB,Hoola van Nootenstraat,284,,
3521HB,Coöperatiestraat,276,,
3521HB,Hoola van Nootenstraat,276,,
3521HB,Coöperatiestraat,285,,
3521HB,Hoola van Nootenstraat,285,,
3521HB,Coöperatiestraat,285,,
3521HB,Hoola van Nootenstraat,285,,
3521HB,Coöperatiestraat,277,,
3521HB,Hoola van Nootenstraat,277,,
3521HB,Coöperatiestraat,286,,
3521HB,Hoola van Nootenstraat,286,,
3521HB,Coöperatiestraat,286,,
3521HB,Hoola van Nootenstraat,286,,
3521HB,Coöperatiestraat,278,,
3521HB,Hoola van Nootenstraat,278,,
3521HB,Coöperatiestraat,287,,
3521HB,Hoola van Nootenstraat,287,,
3521HB,Coöperatiestraat,287,,
3521HB,Hoola van Nootenstraat,287,,
3521HB,Coöperatiestraat,279,,
3521HB,Hoola van Nootenstraat,279,,
3521HB,Coöperatiestraat,288,,
3521HB,Hoola van Nootenstraat,288,,
3521HB,Coöperatiestraat,288,,
3521HB,Hoola van Nootenstraat,288,,
3521HB,Coöperatiestraat,280,,
3521HB,Hoola van Nootenstraat,280,,
3521HB,Coöperatiestraat,289,,
3521HB,Hoola van Nootenstraat,289,,
3521HB,Coöperatiestraat,289,,
3521HB,Hoola van Nootenstraat,289,,
3521HB,Coöperatiestraat,281,,
3521HB,Hoola van Nootenstraat,281,,
3521HB,Coöperatiestraat,290,,
3521HB,Hoola van Nootenstraat,290,,
3521HB,Coöperatiestraat,290,,
3521HB,Hoola van Nootenstraat,290,,
3521HB,Coöperatiestraat,282,,
3521HB,Hoola van Nootenstraat,282,,
3521HB,Coöperatiestraat,291,,
3521HB,Hoola van Nootenstraat,291,,
3521HB,Coöperatiestraat,291,,
3521HB,Hoola van Nootenstraat,291,,
3521HB,Coöperatiestraat,283,,
3521HB,Hoola van Nootenstraat,283,,
3521HB,Coöperatiestraat,292,,
3521HB,Hoola van Nootenstraat,292,,
3521HB,Coöperatiestraat,292,,
3521HB,Hoola van Nootenstraat,292,,
3521HB,Coöperatiestraat,284,,
3521HB,Hoola van Nootenstraat,284,,
3521HB,Coöperatiestraat,293,,
3521HB,Hoola van Nootenstraat,293,,
3521HB,Coöperatiestraat,293,,
3521HB,Hoola van Nootenstraat,293,,
3521HB,Coöperatiestraat,285,,
3521HB,Hoola van Nootenstraat,285,,
3521HB,Coöperatiestraat,294,,
3521HB,Hoola van Nootenstraat,294,,
3521HB,Coöperatiestraat,294,,
3521HB,Hoola van Nootenstraat,294,,
3521HB,Coöperatiestraat,286,,
3521HB,Hoola van Nootenstraat,286,,
3521HB,Coöperatiestraat,295,,
3521HB,Hoola van Nootenstraat,295,,
3521HB,Coöperatiestraat,295,,
3521HB,Hoola van Nootenstraat,295,,
3521HB,Coöperatiestraat,287,,
3521HB,Hoola van Nootenstraat,287,,
3521HB,Coöperatiestraat,296,,
3521HB,Hoola van Nootenstraat,296,,
3521HB,Coöperatiestraat,296,,
3521HB,Hoola van Nootenstraat,296,,
3521HB,Coöperatiestraat,288,,
3521HB,Hoola van Nootenstraat,288,,
3521HB,Coöperatiestraat,297,,
3521HB,Hoola van Nootenstraat,297,,
3521HB,Coöperatiestraat,297,,
3521HB,Hoola van Nootenstraat,297,,
3521HB,Coöperatiestraat,289,,
3521HB,Hoola van Nootenstraat,289,,
3521HB,Coöperatiestraat,298,,
3521HB,Hoola van Nootenstraat,298,,
3521HB,Coöperatiestraat,298,,
3521HB,Hoola van Nootenstraat,298,,
3521HB,Coöperatiestraat,290,,
3521HB,Hoola van Nootenstraat,290,,
3521HB,Coöperatiestraat,299,,
3521HB,Hoola van Nootenstraat,299,,
3521HB,Coöperatiestraat,299,,
3521HB,Hoola van Nootenstraat,299,,
3521HB,Coöperatiestraat,291,,
3521HB,Hoola van Nootenstraat,291,,
3521HB,Coöperatiestraat,300,,
3521HB,Hoola van Nootenstraat,300,,
3521HB,Coöperatiestraat,300,,
3521HB,Hoola van Nootenstraat,300,,
3521HB,Coöperatiestraat,292,,
3521HB,Hoola van Nootenstraat,292,,
3521HB,Coöperatiestraat,301,,
3521HB,Hoola van Nootenstraat,301,,
3521HB,Coöperatiestraat,301,,
3521HB,Hoola van Nootenstraat,301,,
3521HB,Coöperatiestraat,293,,
3521HB,Hoola van Nootenstraat,293,,
3521HB,Coöperatiestraat,302,,
3521HB,Hoola van Nootenstraat,302,,
3521HB,Coöperatiestraat,302,,
3521HB,Hoola van Nootenstraat,302,,
3521HB,Coöperatiestraat,294,,
3521HB,Hoola van Nootenstraat,294,,
3521HB,Coöperatiestraat,303,,
3521HB,Hoola van Nootenstraat,303,,
3521HB,Coöperatiestraat,303,,
3521HB,Hoola van Nootenstraat,303,,
3521HB,Coöperatiestraat,295,,
3521HB,Hoola van Nootenstraat,295,,
3521HB,Coöperatiestraat,304,,
3521HB,Hoola van Nootenstraat,304,,
3521HB,Coöperatiestraat,304,,
3521HB,Hoola van Nootenstraat,304,,
3521HB,Coöperatiestraat,296,,
3521HB,Hoola van Nootenstraat,296,,
3521HB,Coöperatiestraat,305,,
3521HB,Hoola van Nootenstraat,305,,
3521HB,Coöperatiestraat,305,,
3521HB,Hoola van Nootenstraat,305,,
3521HB,Coöperatiestraat,297,,
3521HB,Hoola van Nootenstraat,297,,
3521HB,Coöperatiestraat,306,,
3521HB,Hoola van Nootenstraat,306,,
3521HB,Coöperatiestraat,306,,
3521HB,Hoola van Nootenstraat,306,,
3521HB,Coöperatiestraat,298,,
3521HB,Hoola van Nootenstraat,298,,
3521HB,Coöperatiestraat,307,,
3521HB,Hoola van Nootenstraat,307,,
3521HB,Coöperatiestraat,307,,
3521HB,Hoola van Nootenstraat,307,,
3521HB,Coöperatiestraat,299,,
3521HB,Hoola van Nootenstraat,299,,
3521HB,Coöperatiestraat,308,,
3521HB,Hoola van Nootenstraat,308,,
3521HB,Coöperatiestraat,308,,
3521HB,Hoola van Nootenstraat,308,,
3521HB,Coöperatiestraat,300,,
3521HB,Hoola van Nootenstraat,300,,
3521HB,Coöperatiestraat,309,,
3521HB,Hoola van Nootenstraat,309,,
3521HB,Coöperatiestraat,309,,
3521HB,Hoola van Nootenstraat,309,,
3521HB,Coöperatiestraat,301,,
3521HB,Hoola van Nootenstraat,301,,
3521HB,Coöperatiestraat,310,,
3521HB,Hoola van Nootenstraat,310,,
3521HB,Coöperatiestraat,310,,
3521HB,Hoola van Nootenstraat,310,,
3521HB,Coöperatiestraat,302,,
3521HB,Hoola van Nootenstraat,302,,
3521HB,Coöperatiestraat,311,,
3521HB,Hoola van Nootenstraat,311,,
3521HB,Coöperatiestraat,311,,
3521HB,Hoola van Nootenstraat,311,,
3521HB,Coöperatiestraat,303,,
3521HB,Hoola van Nootenstraat,303,,
3521HB,Coöperatiestraat,312,,
3521HB,Hoola van Nootenstraat,312,,
3521HB,Coöperatiestraat,312,,
3521HB,Hoola van Nootenstraat,312,,
3521HB,Coöperatiestraat,304,,
3521HB,Hoola van Nootenstraat,304,,
3521HB,Coöperatiestraat,313,,
3521HB,Hoola van Nootenstraat,313,,
3521HB,Coöperatiestraat,313,,
3521HB,Hoola van Nootenstraat,313,,
3521HB,Coöperatiestraat,305,,
3521HB,Hoola van Nootenstraat,305,,
3521HB,Coöperatiestraat,314,,
3521HB,Hoola van Nootenstraat,314,,
3521HB,Coöperatiestraat,314,,
3521HB,Hoola van Nootenstraat,314,,
3521HB,Coöperatiestraat,306,,
3521HB,Hoola van Nootenstraat,306,,
3521HB,Coöperatiestraat,315,,
3521HB,Hoola van Nootenstraat,315,,
3521HB,Coöperatiestraat,315,,
3521HB,Hoola van Nootenstraat,315,,
3521HB,Coöperatiestraat,307,,
3521HB,Hoola van Nootenstraat,307,,
3521HB,Coöperatiestraat,316,,
3521HB,Hoola van Nootenstraat,316,,
3521HB,Coöperatiestraat,316,,
3521HB,Hoola van Nootenstraat,316,,
3521HB,Coöperatiestraat,308,,
3521HB,Hoola van Nootenstraat,308,,
3521HB,Coöperatiestraat,317,,
3521HB,Hoola van Nootenstraat,317,,
3521HB,Coöperatiestraat,317,,
3521HB,Hoola van Nootenstraat,317,,
3521HB,Coöperatiestraat,309,,
3521HB,Hoola van Nootenstraat,309,,
3521HB,Coöperatiestraat,318,,
3521HB,Hoola van Nootenstraat,318,,
3521HB,Coöperatiestraat,318,,
3521HB,Hoola van Nootenstraat,318,,
3521HB,Coöperatiestraat,310,,
3521HB,Hoola van Nootenstraat,310,,
3521HB,Coöperatiestraat,319,,
3521HB,Hoola van Nootenstraat,319,,
3521HB,Coöperatiestraat,319,,
3521HB,Hoola van Nootenstraat,319,,
3521HB,Coöperatiestraat,311,,
3521HB,Hoola van Nootenstraat,311,,
3521HB,Coöperatiestraat,320,,
3521HB,Hoola van Nootenstraat,320,,
3521HB,Coöperatiestraat,320,,
3521HB,Hoola van Nootenstraat,320,,
3521HB,Coöperatiestraat,312,,
3521HB,Hoola van Nootenstraat,312,,
3521HB,Coöperatiestraat,3,,
3521HB,Hoola van Nootenstraat,3,,
3521HB,Coöperatiestraat,321,,
3521HB,Hoola van Nootenstraat,321,,
3521HB,Coöperatiestraat,321,,
3521HB,Hoola van Nootenstraat,321,,
3521HB,Coöperatiestraat,313,,
3521HB,Hoola van Nootenstraat,313,,
3521HB,Coöperatiestraat,322,,
3521HB,Hoola van Nootenstraat,322,,
3521HB,Coöperatiestraat,322,,
3521HB,Hoola van Nootenstraat,322,,
3521HB,Coöperatiestraat,314,,
3521HB,Hoola van Nootenstraat,314,,
3521HB,Coöperatiestraat,323,,
3521HB,Hoola van Nootenstraat,323,,
3521HB,Coöperatiestraat,323,,
3521HB,Hoola van Nootenstraat,323,,
3521HB,Coöperatiestraat,315,,
3521HB,Hoola van Nootenstraat,315,,
3521HB,Coöperatiestraat,324,,
3521HB,Hoola van Nootenstraat,324,,
3521HB,Coöperatiestraat,324,,
3521HB,Hoola van Nootenstraat,324,,
3521HB,Coöperatiestraat,316,,
3521HB,Hoola van Nootenstraat,316,,
3521HB,Coöperatiestraat,325,,
3521HB,Hoola van Nootenstraat,325,,
3521HB,Coöperatiestraat,325,,
3521HB,Hoola van Nootenstraat,325,,
3521HB,Coöperatiestraat,317,,
3521HB,Hoola van Nootenstraat,317,,
3521HB,Coöperatiestraat,326,,
3521HB,Hoola van Nootenstraat,326,,
3521HB,Coöperatiestraat,326,,
3521HB,Hoola van Nootenstraat,326,,
3521HB,Coöperatiestraat,318,,
3521HB,Hoola van Nootenstraat,318,,
3521HB,Coöperatiestraat,327,,
3521HB,Hoola van Nootenstraat,327,,
3521HB,Coöperatiestraat,327,,
3521HB,Hoola van Nootenstraat,327,,
3521HB,Coöperatiestraat,319,,
3521HB,Hoola van Nootenstraat,319,,
3521HB,Coöperatiestraat,328,,
3521HB,Hoola van Nootenstraat,328,,
3521HB,Coöperatiestraat,328,,
3521HB,Hoola van Nootenstraat,328,,
3521HB,Coöperatiestraat,320,,
3521HB,Hoola van Nootenstraat,320,,
3521HB,Coöperatiestraat,329,,
3521HB,Hoola van Nootenstraat,329,,
3521HB,Coöperatiestraat,329,,
3521HB,Hoola van Nootenstraat,329,,
3521HB,Coöperatiestraat,321,,
3521HB,Hoola van Nootenstraat,321,,
3521HB,Coöperatiestraat,330,,
3521HB,Hoola van Nootenstraat,330,,
3521HB,Coöperatiestraat,330,,
3521HB,Hoola van Nootenstraat,330,,
3521HB,Coöperatiestraat,322,,
3521HB,Hoola van Nootenstraat,322,,
3521HB,Coöperatiestraat,331,,
3521HB,Hoola van Nootenstraat,331,,
3521HB,Coöperatiestraat,331,,
3521HB,Hoola van Nootenstraat,331,,
3521HB,Coöperatiestraat,323,,
3521HB,Hoola van Nootenstraat,323,,
3521HB,Coöperatiestraat,332,,
3521HB,Hoola van Nootenstraat,332,,
3521HB,Coöperatiestraat,332,,
3521HB,Hoola van Nootenstraat,332,,
3521HB,Coöperatiestraat,324,,
3521HB,Hoola van Nootenstraat,324,,
3521HB,Coöperatiestraat,333,,
3521HB,Hoola van Nootenstraat,333,,
3521HB,Coöperatiestraat,333,,
3521HB,Hoola van Nootenstraat,333,,
3521HB,Coöperatiestraat,325,,
3521HB,Hoola van Nootenstraat,325,,
3521HB,Coöperatiestraat,334,,
3521HB,Hoola van Nootenstraat,334,,
3521HB,Coöperatiestraat,334,,
3521HB,Hoola van Nootenstraat,334,,
3521HB,Coöperatiestraat,326,,
3521HB,Hoola van Nootenstraat,326,,
3521HB,Coöperatiestraat,335,,
3521HB,Hoola van Nootenstraat,335,,
3521HB,Coöperatiestraat,335,,
3521HB,Hoola van Nootenstraat,335,,
3521HB,Coöperatiestraat,327,,
3521HB,Hoola van Nootenstraat,327,,
3521HB,Coöperatiestraat,336,,
3521HB,Hoola van Nootenstraat,336,,
3521HB,Coöperatiestraat,336,,
3521HB,Hoola van Nootenstraat,336,,
3521HB,Coöperatiestraat,328,,
3521HB,Hoola van Nootenstraat,328,,
3521HB,Coöperatiestraat,337,,
3521HB,Hoola van Nootenstraat,337,,
3521HB,Coöperatiestraat,337,,
3521HB,Hoola van Nootenstraat,337,,
3521HB,Coöperatiestraat,329,,
3521HB,Hoola van Nootenstraat,329,,
3521HB,Coöperatiestraat,338,,
3521HB,Hoola van Nootenstraat,338,,
3521HB,Coöperatiestraat,338,,
3521HB,Hoola van Nootenstraat,338,,
3521HB,Coöperatiestraat,330,,
3521HB,Hoola van Nootenstraat,330,,
3521HB,Coöperatiestraat,339,,
3521HB,Hoola van Nootenstraat,339,,
3521HB,Coöperatiestraat,339,,
3521HB,Hoola van Nootenstraat,339,,
3521HB,Coöperatiestraat,331,,
3521HB,Hoola van Nootenstraat,331,,
3521HB,Coöperatiestraat,340,,
3521HB,Hoola van Nootenstraat,340,,
3521HB,Coöperatiestraat,340,,
3521HB,Hoola van Nootenstraat,340,,
3521HB,Coöperatiestraat,332,,
3521HB,Hoola van Nootenstraat,332,,
3521HB,Coöperatiestraat,341,,
3521HB,Hoola van Nootenstraat,341,,
3521HB,Coöperatiestraat,341,,
3521HB,Hoola van Nootenstraat,341,,
3521HB,Coöperatiestraat,333,,
3521HB,Hoola van Nootenstraat,333,,
3521HB,Coöperatiestraat,342,,
3521HB,Hoola van Nootenstraat,342,,
3521HB,Coöperatiestraat,342,,
3521HB,Hoola van Nootenstraat,342,,
3521HB,Coöperatiestraat,334,,
3521HB,Hoola van Nootenstraat,334,,
3521HB,Coöperatiestraat,343,,
3521HB,Hoola van Nootenstraat,343,,
3521HB,Coöperatiestraat,343,,
3521HB,Hoola van Nootenstraat,343,,
3521HB,Coöperatiestraat,335,,
3521HB,Hoola van Nootenstraat,335,,
3521HB,Coöperatiestraat,344,,
3521HB,Hoola van Nootenstraat,344,,
3521HB,Coöperatiestraat,344,,
3521HB,Hoola van Nootenstraat,344,,
3521HB,Coöperatiestraat,336,,
3521HB,Hoola van Nootenstraat,336,,
3521HB,Coöperatiestraat,345,,
3521HB,Hoola van Nootenstraat,345,,
3521HB,Coöperatiestraat,345,,
3521HB,Hoola van Nootenstraat,345,,
3521HB,Coöperatiestraat,337,,
3521HB,Hoola van Nootenstraat,337,,
3521HB,Coöperatiestraat,346,,
3521HB,Hoola van Nootenstraat,346,,
3521HB,Coöperatiestraat,346,,
3521HB,Hoola van Nootenstraat,346,,
3521HB,Coöperatiestraat,338,,
3521HB,Hoola van Nootenstraat,338,,
3521HB,Coöperatiestraat,347,,
3521HB,Hoola van Nootenstraat,347,,
3521HB,Coöperatiestraat,347,,
3521HB,Hoola van Nootenstraat,347,,
3521HB,Coöperatiestraat,339,,
3521HB,Hoola van Nootenstraat,339,,
3521HB,Coöperatiestraat,348,,
3521HB,Hoola van Nootenstraat,348,,
3521HB,Coöperatiestraat,348,,
3521HB,Hoola van Nootenstraat,348,,
3521HB,Coöperatiestraat,340,,
3521HB,Hoola van Nootenstraat,340,,
3521HB,Coöperatiestraat,349,,
3521HB,Hoola van Nootenstraat,349,,
3521HB,Coöperatiestraat,349,,
3521HB,Hoola van Nootenstraat,349,,
3521HB,Coöperatiestraat,341,,
3521HB,Hoola van Nootenstraat,341,,
3521HB,Coöperatiestraat,350,,
3521HB,Hoola van Nootenstraat,350,,
3521HB,Coöperatiestraat,350,,
3521HB,Hoola van Nootenstraat,350,,
3521HB,Coöperatiestraat,342,,
3521HB,Hoola van Nootenstraat,342,,
3521HB,Coöperatiestraat,351,,
3521HB,Hoola van Nootenstraat,351,,
3521HB,Coöperatiestraat,351,,
3521HB,Hoola van Nootenstraat,351,,
3521HB,Coöperatiestraat,343,,
3521HB,Hoola van Nootenstraat,343,,
3521HB,Coöperatiestraat,352,,
3521HB,Hoola van Nootenstraat,352,,
3521HB,Coöperatiestraat,352,,
3521HB,Hoola van Nootenstraat,352,,
3521HB,Coöperatiestraat,344,,
3521HB,Hoola van Nootenstraat,344,,
3521HB,Coöperatiestraat,353,,
3521HB,Hoola van Nootenstraat,353,,
3521HB,Coöperatiestraat,353,,
3521HB,Hoola van Nootenstraat,353,,
3521HB,Coöperatiestraat,345,,
3521HB,Hoola van Nootenstraat,345,,
3521HB,Coöperatiestraat,354,,
3521HB,Hoola van Nootenstraat,354,,
3521HB,Coöperatiestraat,354,,
3521HB,Hoola van Nootenstraat,354,,
3521HB,Coöperatiestraat,346,,
3521HB,Hoola van Nootenstraat,346,,
3521HB,Coöperatiestraat,355,,
3521HB,Hoola van Nootenstraat,355,,
3521HB,Coöperatiestraat,355,,
3521HB,Hoola van Nootenstraat,355,,
3521HB,Coöperatiestraat,347,,
3521HB,Hoola van Nootenstraat,347,,
3521HB,Coöperatiestraat,356,,
3521HB,Hoola van Nootenstraat,356,,
3521HB,Coöperatiestraat,356,,
3521HB,Hoola van Nootenstraat,356,,
3521HB,Coöperatiestraat,348,,
3521HB,Hoola van Nootenstraat,348,,
3521HB,Coöperatiestraat,357,,
3521HB,Hoola van Nootenstraat,357,,
3521HB,Coöperatiestraat,357,,
3521HB,Hoola van Nootenstraat,357,,
3521HB,Coöperatiestraat,349,,
3521HB,Hoola van Nootenstraat,349,,
3521HB,Coöperatiestraat,358,,
3521HB,Hoola van Nootenstraat,358,,
3521HB,Coöperatiestraat,358,,
3521HB,Hoola van Nootenstraat,358,,
3521HB,Coöperatiestraat,350,,
3521HB,Hoola van Nootenstraat,350,,
3521HB,Coöperatiestraat,359,,
3521HB,Hoola van Nootenstraat,359,,
3521HB,Coöperatiestraat,359,,
3521HB,Hoola van Nootenstraat,359,,
3521HB,Coöperatiestraat,351,,
3521HB,Hoola van Nootenstraat,351,,
3521HB,Coöperatiestraat,360,,
3521HB,Hoola van Nootenstraat,360,,
3521HB,Coöperatiestraat,360,,
3521HB,Hoola van Nootenstraat,360,,
3521HB,Coöperatiestraat,352,,
3521HB,Hoola van Nootenstraat,352,,
3521HB,Coöperatiestraat,361,,
3521HB,Hoola van Nootenstraat,361,,
3521HB,Coöperatiestraat,361,,
3521HB,Hoola van Nootenstraat,361,,
3521HB,Coöperatiestraat,353,,
3521HB,Hoola van Nootenstraat,353,,
3521HB,Coöperatiestraat,362,,
3521HB,Hoola van Nootenstraat,362,,
3521HB,Coöperatiestraat,362,,
3521HB,Hoola van Nootenstraat,362,,
3521HB,Coöperatiestraat,354,,
3521HB,Hoola van Nootenstraat,354,,
3521HB,Coöperatiestraat,363,,
3521HB,Hoola van Nootenstraat,363,,
3521HB,Coöperatiestraat,363,,
3521HB,Hoola van Nootenstraat,363,,
3521HB,Coöperatiestraat,355,,
3521HB,Hoola van Nootenstraat,355,,
3521HB,Coöperatiestraat,364,,
3521HB,Hoola van Nootenstraat,364,,
3521HB,Coöperatiestraat,364,,
3521HB,Hoola van Nootenstraat,364,,
3521HB,Coöperatiestraat,356,,
3521HB,Hoola van Nootenstraat,356,,
3521HB,Coöperatiestraat,365,,
3521HB,Hoola van Nootenstraat,365,,
3521HB,Coöperatiestraat,365,,
3521HB,Hoola van Nootenstraat,365,,
3521HB,Coöperatiestraat,357,,
3521HB,Hoola van Nootenstraat,357,,
3521HB,Coöperatiestraat,366,,
3521HB,Hoola van Nootenstraat,366,,
3521HB,Coöperatiestraat,366,,
3521HB,Hoola van Nootenstraat,366,,
3521HB,Coöperatiestraat,358,,
3521HB,Hoola van Nootenstraat,358,,
3521HB,Coöperatiestraat,367,,
3521HB,Hoola van Nootenstraat,367,,
3521HB,Coöperatiestraat,367,,
3521HB,Hoola van Nootenstraat,367,,
3521HB,Coöperatiestraat,359,,
3521HB,Hoola van Nootenstraat,359,,
3521HB,Coöperatiestraat,368,,
3521HB,Hoola van Nootenstraat,368,,
3521HB,Coöperatiestraat,368,,
3521HB,Hoola van Nootenstraat,368,,
3521HB,Coöperatiestraat,360,,
3521HB,Hoola van Nootenstraat,360,,
3521HB,Coöperatiestraat,369,,
3521HB,Hoola van Nootenstraat,369,,
3521HB,Coöperatiestraat,369,,
3521HB,Hoola van Nootenstraat,369,,
3521HB,Coöperatiestraat,361,,
3521HB,Hoola van Nootenstraat,361,,
3521HB,Coöperatiestraat,370,,
3521HB,Hoola van Nootenstraat,370,,
3521HB,Coöperatiestraat,370,,
3521HB,Hoola van Nootenstraat,370,,
3521HB,Coöperatiestraat,362,,
3521HB,Hoola van Nootenstraat,362,,
3521HB,Coöperatiestraat,371,,
3521HB,Hoola van Nootenstraat,371,,
3521HB,Coöperatiestraat,371,,
3521HB,Hoola van Nootenstraat,371,,
3521HB,Coöperatiestraat,363,,
3521HB,Hoola van Nootenstraat,363,,
3521HB,Coöperatiestraat,372,,
3521HB,Hoola van Nootenstraat,372,,
3521HB,Coöperatiestraat,372,,
3521HB,Hoola van Nootenstraat,372,,
3521HB,Coöperatiestraat,364,,
3521HB,Hoola van Nootenstraat,364,,
3521HB,Coöperatiestraat,373,,
3521HB,Hoola van Nootenstraat,373,,
3521HB,Coöperatiestraat,373,,
3521HB,Hoola van Nootenstraat,373,,
3521HB,Coöperatiestraat,365,,
3521HB,Hoola van Nootenstraat,365,,
3521HB,Coöperatiestraat,374,,
3521HB,Hoola van Nootenstraat,374,,
3521HB,Coöperatiestraat,374,,
3521HB,Hoola van Nootenstraat,374,,
3521HB,Coöperatiestraat,366,,
3521HB,Hoola van Nootenstraat,366,,
3521HB,Coöperatiestraat,373,,
3521HB,Hoola van Nootenstraat,373,,
3521HB,Coöperatiestraat,375,,
3521HB,Hoola van Nootenstraat,375,,
3521HB,Coöperatiestraat,375,,
3521HB,Hoola van Nootenstraat,375,,
3521HB,Coöperatiestraat,367,,
3521HB,Hoola van Nootenstraat,367,,
3521HB,Coöperatiestraat,376,,
3521HB,Hoola van Nootenstraat,376,,
3521HB,Coöperatiestraat,376,,
3521HB,Hoola van Nootenstraat,376,,
3521HB,Coöperatiestraat,368,,
3521HB,Hoola van Nootenstraat,368,,
3521HB,Coöperatiestraat,377,,
3521HB,Hoola van Nootenstraat,377,,
3521HB,Coöperatiestraat,377,,
3521HB,Hoola van Nootenstraat,377,,
3521HB,Coöperatiestraat,369,,
3521HB,Hoola van Nootenstraat,369,,
3521HB,Coöperatiestraat,378,,
3521HB,Hoola van Nootenstraat,378,,
3521HB,Coöperatiestraat,378,,
3521HB,Hoola van Nootenstraat,378,,
3521HB,Coöperatiestraat,370,,
3521HB,Hoola van Nootenstraat,370,,
3521HB,Coöperatiestraat,379,,
3521HB,Hoola van Nootenstraat,379,,
3521HB,Coöperatiestraat,379,,
3521HB,Hoola van Nootenstraat,379,,
3521HB,Coöperatiestraat,371,,
3521HB,Hoola van Nootenstraat,371,,
3521HB,Coöperatiestraat,380,,
3521HB,Hoola van Nootenstraat,380,,
3521HB,Coöperatiestraat,380,,
3521HB,Hoola van Nootenstraat,380,,
3521HB,Coöperatiestraat,372,,
3521HB,Hoola van Nootenstraat,372,,
3521HB,Coöperatiestraat,381,,
3521HB,Hoola van Nootenstraat,381,,
3521HB,Coöperatiestraat,381,,
3521HB,Hoola van Nootenstraat,381,,
3521HB,Coöperatiestraat,373,,
3521HB,Hoola van Nootenstraat,373,,
3521HB,Coöperatiestraat,382,,
3521HB,Hoola van Nootenstraat,382,,
3521HB,Coöperatiestraat,382,,
3521HB,Hoola van Nootenstraat,382,,
3521HB,Coöperatiestraat,374,,
3521HB,Hoola van Nootenstraat,374,,
3521HB,Coöperatiestraat,383,,
3521HB,Hoola van Nootenstraat,383,,
3521HB,Coöperatiestraat,383,,
3521HB,Hoola van Nootenstraat,383,,
3521HB,Coöperatiestraat,375,,
3521HB,Hoola van Nootenstraat,375,,
3521HB,Coöperatiestraat,384,,
3521HB,Hoola van Nootenstraat,384,,
3521HB,Coöperatiestraat,384,,
3521HB,Hoola van Nootenstraat,384,,
3521HB,Coöperatiestraat,376,,
3521HB,Hoola van Nootenstraat,376,,
3521HB,Coöperatiestraat,385,,
3521HB,Hoola van Nootenstraat,385,,
3521HB,Coöperatiestraat,385,,
3521HB,Hoola van Nootenstraat,385,,
3521HB,Coöperatiestraat,377,,
3521HB,Hoola van Nootenstraat,377,,
3521HB,Coöperatiestraat,386,,
3521HB,Hoola van Nootenstraat,386,,
3521HB,Coöperatiestraat,386,,
3521HB,Hoola van Nootenstraat,386,,
3521HB,Coöperatiestraat,378,,
3521HB,Hoola van Nootenstraat,378,,
3521HB,Coöperatiestraat,387,,
3521HB,Hoola van Nootenstraat,387,,
3521HB,Coöperatiestraat,387,,
3521HB,Hoola van Nootenstraat,387,,
3521HB,Coöperatiestraat,379,,
3521HB,Hoola van Nootenstraat,379,,
3521HB,Coöperatiestraat,388,,
3521HB,Hoola van Nootenstraat,388,,
3521HB,Coöperatiestraat,388,,
3521HB,Hoola van Nootenstraat,388,,
3521HB,Coöperatiestraat,380,,
3521HB,Hoola van Nootenstraat,380,,
3521HB,Coöperatiestraat,389,,
3521HB,Hoola van Nootenstraat,389,,
3521HB,Coöperatiestraat,389,,
3521HB,Hoola van Nootenstraat,389,,
3521HB,Coöperatiestraat,381,,
3521HB,Hoola van Nootenstraat,381,,
3521HB,Coöperatiestraat,390,,
3521HB,Hoola van Nootenstraat,390,,
3521HB,Coöperatiestraat,390,,
3521HB,Hoola van Nootenstraat,390,,
3521HB,Coöperatiestraat,382,,
3521HB,Hoola van Nootenstraat,382,,
3521HB,Coöperatiestraat,391,,
3521HB,Hoola van Nootenstraat,391,,
3521HB,Coöperatiestraat,391,,
3521HB,Hoola van Nootenstraat,391,,
3521HB,Coöperatiestraat,383,,
3521HB,Hoola van Nootenstraat,383,,
3521HB,Coöperatiestraat,392,,
3521HB,Hoola van Nootenstraat,392,,
3521HB,Coöperatiestraat,392,,
3521HB,Hoola van Nootenstraat,392,,
3521HB,Coöperatiestraat,384,,
3521HB,Hoola van Nootenstraat,384,,
3521HB,Coöperatiestraat,393,,
3521HB,Hoola van Nootenstraat,393,,
3521HB,Coöperatiestraat,393,,
3521HB,Hoola van Nootenstraat,393,,
3521HB,Coöperatiestraat,385,,
3521HB,Hoola van Nootenstraat,385,,
3521HB,Coöperatiestraat,394,,
3521HB,Hoola van Nootenstraat,394,,
3521HB,Coöperatiestraat,394,,
3521HB,Hoola van Nootenstraat,394,,
3521HB,Coöperatiestraat,386,,
3521HB,Hoola van Nootenstraat,386,,
3521HB,Coöperatiestraat,395,,
3521HB,Hoola van Nootenstraat,395,,
3521HB,Coöperatiestraat,395,,
3521HB,Hoola van Nootenstraat,395,,
3521HB,Coöperatiestraat,387,,
3521HB,Hoola van Nootenstraat,387,,
3521HB,Coöperatiestraat,396,,
3521HB,Hoola van Nootenstraat,396,,
3521HB,Coöperatiestraat,396,,
3521HB,Hoola van Nootenstraat,396,,
3521HB,Coöperatiestraat,388,,
3521HB,Hoola van Nootenstraat,388,,
3521HB,Coöperatiestraat,397,,
3521HB,Hoola van Nootenstraat,397,,
3521HB,Coöperatiestraat,397,,
3521HB,Hoola van Nootenstraat,397,,
3521HB,Coöperatiestraat,389,,
3521HB,Hoola van Nootenstraat,389,,
3521HB,Coöperatiestraat,398,,
3521HB,Hoola van Nootenstraat,398,,
3521HB,Coöperatiestraat,398,,
3521HB,Hoola van Nootenstraat,398,,
3521HB,Coöperatiestraat,390,,
3521HB,Hoola van Nootenstraat,390,,
3521HB,Coöperatiestraat,399,,
3521HB,Hoola van Nootenstraat,399,,
3521HB,Coöperatiestraat,399,,
3521HB,Hoola van Nootenstraat,399,,
3521HB,Coöperatiestraat,391,,
3521HB,Hoola van Nootenstraat,391,,
3521HB,Coöperatiestraat,400,,
3521HB,Hoola van Nootenstraat,400,,
3521HB,Coöperatiestraat,400,,
3521HB,Hoola van Nootenstraat,400,,
3521HB,Coöperatiestraat,392,,
3521HB,Hoola van Nootenstraat,392,,
3521HB,Coöperatiestraat,401,,
3521HB,Hoola van Nootenstraat,401,,
3521HB,Coöperatiestraat,401,,
3521HB,Hoola van Nootenstraat,401,,
3521HB,Coöperatiestraat,393,,
3521HB,Hoola van Nootenstraat,393,,
3521HB,Coöperatiestraat,402,,
3521HB,Hoola van Nootenstraat,402,,
3521HB,Coöperatiestraat,402,,
3521HB,Hoola van Nootenstraat,402,,
3521HB,Coöperatiestraat,394,,
3521HB,Hoola van Nootenstraat,394,,
3521HB,Coöperatiestraat,403,,
3521HB,Hoola van Nootenstraat,403,,
3521HB,Coöperatiestraat,403,,
3521HB,Hoola van Nootenstraat,403,,
3521HB,Coöperatiestraat,395,,
3521HB,Hoola van Nootenstraat,395,,
3521HB,Coöperatiestraat,404,,
3521HB,Hoola van Nootenstraat,404,,
3521HB,Coöperatiestraat,404,,
3521HB,Hoola van Nootenstraat,404,,
3521HB,Coöperatiestraat,396,,
3521HB,Hoola van Nootenstraat,396,,
3521HB,Coöperatiestraat,405,,
3521HB,Hoola van Nootenstraat,405,,
3521HB,Coöperatiestraat,405,,
3521HB,Hoola van Nootenstraat,405,,
3521HB,Coöperatiestraat,397,,
3521HB,Hoola van Nootenstraat,397,,
3521HB,Coöperatiestraat,406,,
3521HB,Hoola van Nootenstraat,406,,
3521HB,Coöperatiestraat,406,,
3521HB,Hoola van Nootenstraat,406,,
3521HB,Coöperatiestraat,398,,
3521HB,Hoola van Nootenstraat,398,,
3521HB,Coöperatiestraat,407,,
3521HB,Hoola van Nootenstraat,407,,
3521HB,Coöperatiestraat,407,,
3521HB,Hoola van Nootenstraat,407,,
3521HB,Coöperatiestraat,399,,
3521HB,Hoola van Nootenstraat,399,,
3521HB,Coöperatiestraat,408,,
3521HB,Hoola van Nootenstraat,408,,
3521HB,Coöperatiestraat,408,,
3521HB,Hoola van Nootenstraat,408,,
3521HB,Coöperatiestraat,400,,
3521HB,Hoola van Nootenstraat,400,,
3521HB,Coöperatiestraat,409,,
3521HB,Hoola van Nootenstraat,409,,
3521HB,Coöperatiestraat,409,,
3521HB,Hoola van Nootenstraat,409,,
3521HB,Coöperatiestraat,401,,
3521HB,Hoola van Nootenstraat,401,,
3521HB,Coöperatiestraat,410,,
3521HB,Hoola van Nootenstraat,410,,
3521HB,Coöperatiestraat,410,,
3521HB,Hoola van Nootenstraat,410,,
3521HB,Coöperatiestraat,402,,
3521HB,Hoola van Nootenstraat,402,,
3521HB,Coöperatiestraat,411,,
3521HB,Hoola van Nootenstraat,411,,
3521HB,Coöperatiestraat,411,,
3521HB,Hoola van Nootenstraat,411,,
3521HB,Coöperatiestraat,403,,
3521HB,Hoola van Nootenstraat,403,,
3521HB,Coöperatiestraat,412,,
3521HB,Hoola van Nootenstraat,412,,
3521HB,Coöperatiestraat,412,,
3521HB,Hoola van Nootenstraat,412,,
3521HB,Coöperatiestraat,404,,
3521HB,Hoola van Nootenstraat,404,,
3521HB,Coöperatiestraat,413,,
3521HB,Hoola van Nootenstraat,413,,
3521HB,Coöperatiestraat,413,,
3521HB,Hoola van Nootenstraat,413,,
3521HB,Coöperatiestraat,110,,
3521HB,Hoola van Nootenstraat,110,,
3521HB,Coöperatiestraat,110,,
3521HB,Hoola van Nootenstraat,110,,
3521HB,Coöperatiestraat,109,,
3521HB,Hoola van Nootenstraat,109,,
3521HB,Coöperatiestraat,109,,
3521HB,Hoola van Nootenstraat,109,,
3521HB,Coöperatiestraat,108,,
3521HB,Hoola van Nootenstraat,108,,
3521HB,Coöperatiestraat,108,,
3521HB,Hoola van Nootenstraat,108,,
3521HB,Coöperatiestraat,111,,
3521HB,Hoola van Nootenstraat,111,,
3521HB,Coöperatiestraat,111,,
3521HB,Hoola van Nootenstraat,111,,
3521HB,Coöperatiestraat,116,,
3521HB,Hoola van Nootenstraat,116,,
3521HB,Coöperatiestraat,116,,
3521HB,Hoola van Nootenstraat,116,,
3521HB,Coöperatiestraat,139,,
3521HB,Hoola van Nootenstraat,139,,
3521HB,Coöperatiestraat,139,,
3521HB,Hoola van Nootenstraat,139,,
3521HB,Coöperatiestraat,162,,
3521HB,Hoola van Nootenstraat,162,,
3521HB,Coöperatiestraat,162,,
3521HB,Hoola van Nootenstraat,162,,
3521HB,Coöperatiestraat,185,,
3521HB,Hoola van Nootenstraat,185,,
3521HB,Coöperatiestraat,185,,
3521HB,Hoola van Nootenstraat,185,,
3521HB,Coöperatiestraat,235,,
3521HB,Hoola van Nootenstraat,235,,
3521HB,Coöperatiestraat,235,,
3521HB,Hoola van Nootenstraat,235,,
3521HB,Coöperatiestraat,248,,
3521HB,Hoola van Nootenstraat,248,,
3521HB,Coöperatiestraat,248,,
3521HB,Hoola van Nootenstraat,248,,
3521HB,Coöperatiestraat,261,,
3521HB,Hoola van Nootenstraat,261,,
3521HB,Coöperatiestraat,261,,
3521HB,Hoola van Nootenstraat,261,,
3521HB,Coöperatiestraat,274,,
3521HB,Hoola van Nootenstraat,274,,
3521HB,Coöperatiestraat,274,,
3521HB,Hoola van Nootenstraat,274,,
3521HB,Coöperatiestraat,283,,
3521HB,Hoola van Nootenstraat,283,,
3521HB,Coöperatiestraat,283,,
3521HB,Hoola van Nootenstraat,283,,
3521HD,Handelskamerstraat,13,,
3521HD,Handelskamerstraat,13,,
3521HD,Handelskamerstraat,15,,
3521HD,Handelskamerstraat,15,,
3521HD,Handelskamerstraat,17,,
3521HD,Handelskamerstraat,17,,
3521HD,Handelskamerstraat,19,,
3521HD,Handelskamerstraat,19,,
3521HD,Handelskamerstraat,21,,
3521HD,Handelskamerstraat,21,,
3521HD,Handelskamerstraat,3,,
3521HD,Handelskamerstraat,3,,
3521HD,Handelskamerstraat,5,,
3521HD,Handelskamerstraat,5,,
3521HD,Handelskamerstraat,1,,
3521HD,Handelskamerstraat,1,,
3521HD,Handelskamerstraat,11,,
3521HD,Handelskamerstraat,11,,
3521BJ,Croeselaan,13,,
3521BJ,Croeselaan,17,,
3521BJ,Croeselaan,15,,
3511BD,Vredenburg,37,C,
3511EB,Smakkelaarsveld,115,,
3511EB,Smakkelaarsveld,117,,
3511EB,Smakkelaarsveld,119,,
3511EB,Smakkelaarsveld,121,,
3511EB,Smakkelaarsveld,123,,
3511EB,Smakkelaarsveld,125,,
3511EB,Smakkelaarsveld,127,,
3511EB,Smakkelaarsveld,129,,
3511EB,Smakkelaarsveld,131,,
3511EB,Smakkelaarsveld,133,,
3511EB,Smakkelaarsveld,135,,
3511EB,Smakkelaarsveld,137,,
3511EB,Smakkelaarsveld,139,,
3511EB,Smakkelaarsveld,141,,
3511EB,Smakkelaarsveld,143,,
3511EB,Smakkelaarsveld,145,,
3511EB,Smakkelaarsveld,147,,
3511EB,Smakkelaarsveld,149,,
3511EB,Smakkelaarsveld,151,,
3511EB,Smakkelaarsveld,153,,
3511EB,Smakkelaarsveld,155,,
3511EB,Smakkelaarsveld,157,,
3511EB,Smakkelaarsveld,159,,
3511EB,Smakkelaarsveld,161,,
3511EB,Smakkelaarsveld,163,,
3511EB,Smakkelaarsveld,165,,
3511EB,Smakkelaarsveld,167,,
3511EB,Smakkelaarsveld,169,,
3511EB,Smakkelaarsveld,171,,
3511EB,Smakkelaarsveld,173,,
3511EB,Smakkelaarsveld,175,,
3511EB,Smakkelaarsveld,177,,
3511EB,Smakkelaarsveld,179,,
3511EB,Smakkelaarsveld,181,,
3511EB,Smakkelaarsveld,183,,
3511EB,Smakkelaarsveld,185,,
3511EB,Smakkelaarsveld,187,,
3511EB,Smakkelaarsveld,189,,
3511EB,Smakkelaarsveld,191,,
3511EB,Smakkelaarsveld,193,,
3511EB,Smakkelaarsveld,195,,
3511EB,Smakkelaarsveld,197,,
3511EB,Smakkelaarsveld,199,,
3511EB,Smakkelaarsveld,201,,
3511EB,Smakkelaarsveld,203,,
3511EB,Smakkelaarsveld,205,,
3511EB,Smakkelaarsveld,207,,
3511EB,Smakkelaarsveld,209,,
3511EB,Smakkelaarsveld,211,,
3511EB,Smakkelaarsveld,213,,
3511EB,Smakkelaarsveld,215,,
3511EB,Smakkelaarsveld,217,,
3511EB,Smakkelaarsveld,219,,
3511EB,Smakkelaarsveld,221,,
3511EB,Smakkelaarsveld,223,,
3511EB,Smakkelaarsveld,225,,
3511EB,Smakkelaarsveld,227,,
3511EB,Smakkelaarsveld,229,,
3511EB,Smakkelaarsveld,231,,
3511EB,Smakkelaarsveld,233,,
3511EB,Smakkelaarsveld,235,,
3511EB,Smakkelaarsveld,237,,
3511EB,Smakkelaarsveld,239,,
3511EB,Smakkelaarsveld,241,,
3511EB,Smakkelaarsveld,243,,
3511EB,Smakkelaarsveld,245,,
3511EB,Smakkelaarsveld,247,,
3511EB,Smakkelaarsveld,249,,
3511EB,Smakkelaarsveld,251,,
3511EB,Smakkelaarsveld,253,,
3511EB,Smakkelaarsveld,255,,
3511EB,Smakkelaarsveld,257,,
3511EB,Smakkelaarsveld,259,,
3511EB,Smakkelaarsveld,261,,
3511EB,Smakkelaarsveld,263,,
3511EB,Smakkelaarsveld,265,,
3511EB,Smakkelaarsveld,267,,
3511EB,Smakkelaarsveld,269,,
3511EB,Smakkelaarsveld,271,,
3511EB,Smakkelaarsveld,273,,
3511EB,Smakkelaarsveld,275,,
3511EB,Smakkelaarsveld,277,,
3511EB,Smakkelaarsveld,279,,
3511EB,Smakkelaarsveld,281,,
3511EB,Smakkelaarsveld,283,,
3511EB,Smakkelaarsveld,285,,
3511EB,Smakkelaarsveld,287,,
3511EB,Smakkelaarsveld,289,,
3511EB,Smakkelaarsveld,291,,
3511EB,Smakkelaarsveld,293,,
3511EB,Smakkelaarsveld,295,,
3511EB,Smakkelaarsveld,297,,
3511EB,Smakkelaarsveld,299,,
3511EB,Smakkelaarsveld,301,,
3511EB,Smakkelaarsveld,303,,
3511EB,Smakkelaarsveld,305,,
3511EB,Smakkelaarsveld,307,,
3511EB,Smakkelaarsveld,309,,
3511EB,Smakkelaarsveld,311,,
3511EB,Smakkelaarsveld,313,,
3511EB,Smakkelaarsveld,315,,
3511EB,Smakkelaarsveld,317,,
3511EB,Smakkelaarsveld,319,,
3511EB,Smakkelaarsveld,321,,
3511EB,Smakkelaarsveld,323,,
3511EB,Smakkelaarsveld,325,,
3511EB,Smakkelaarsveld,327,,
3511EB,Smakkelaarsveld,329,,
3511EB,Smakkelaarsveld,331,,
3511EB,Smakkelaarsveld,333,,
3511EB,Smakkelaarsveld,335,,
3511EB,Smakkelaarsveld,337,,
3511EB,Smakkelaarsveld,339,,
3511EB,Smakkelaarsveld,341,,
3511EB,Smakkelaarsveld,343,,
3511EB,Smakkelaarsveld,345,,
3511EB,Smakkelaarsveld,347,,
3511EB,Smakkelaarsveld,349,,
3511EB,Smakkelaarsveld,351,,
3511EB,Smakkelaarsveld,353,,
3511EB,Smakkelaarsveld,355,,
3511EB,Smakkelaarsveld,357,,
3511EB,Smakkelaarsveld,359,,
3511EB,Smakkelaarsveld,361,,
3511EB,Smakkelaarsveld,363,,
3511EB,Smakkelaarsveld,365,,
3511EB,Smakkelaarsveld,367,,
3511EB,Smakkelaarsveld,369,,
3511EB,Smakkelaarsveld,371,,
3511EB,Smakkelaarsveld,373,,
3511EB,Smakkelaarsveld,375,,
3511EB,Smakkelaarsveld,377,,
3511EB,Smakkelaarsveld,379,,
3511EB,Smakkelaarsveld,381,,
3511EB,Smakkelaarsveld,383,,
3511EB,Smakkelaarsveld,385,,
3511EB,Smakkelaarsveld,387,,
3511EB,Smakkelaarsveld,389,,
3511EB,Smakkelaarsveld,391,,
3511EB,Smakkelaarsveld,393,,
3511EB,Smakkelaarsveld,395,,
3511EB,Smakkelaarsveld,397,,
3511EB,Smakkelaarsveld,399,,
3511EB,Smakkelaarsveld,401,,
3511EB,Smakkelaarsveld,403,,
3511EB,Smakkelaarsveld,405,,
3511EB,Smakkelaarsveld,407,,
3511EB,Smakkelaarsveld,409,,
3511EB,Smakkelaarsveld,411,,
3511EB,Smakkelaarsveld,413,,
3511EB,Smakkelaarsveld,415,,
3511EB,Smakkelaarsveld,417,,
3511EB,Smakkelaarsveld,419,,
3511EB,Smakkelaarsveld,421,,
3511EB,Smakkelaarsveld,423,,
3511EB,Smakkelaarsveld,425,,
3511EB,Smakkelaarsveld,427,,
3511EB,Smakkelaarsveld,429,,
3511EB,Smakkelaarsveld,431,,
3511EB,Smakkelaarsveld,433,,
3511EB,Smakkelaarsveld,435,,
3511EB,Smakkelaarsveld,437,,
3511EB,Smakkelaarsveld,439,,
3511EB,Smakkelaarsveld,441,,
3511EB,Smakkelaarsveld,443,,
3511EB,Smakkelaarsveld,445,,
3511EB,Smakkelaarsveld,447,,
3511EB,Smakkelaarsveld,449,,
3511EB,Smakkelaarsveld,451,,
3511EB,Smakkelaarsveld,453,,
3511EB,Smakkelaarsveld,455,,
3511EB,Smakkelaarsveld,457,,
3511EB,Smakkelaarsveld,459,,
3511EB,Smakkelaarsveld,461,,
3511EB,Smakkelaarsveld,463,,
3511EB,Smakkelaarsveld,465,,
3511EB,Smakkelaarsveld,467,,
3511EB,Smakkelaarsveld,469,,
3511EB,Smakkelaarsveld,471,,
3511EB,Smakkelaarsveld,473,,
3511EB,Smakkelaarsveld,475,,
3511EB,Smakkelaarsveld,477,,
3511EB,Smakkelaarsveld,479,,
3511EB,Smakkelaarsveld,481,,
3511EB,Smakkelaarsveld,483,,
3511EB,Smakkelaarsveld,485,,
3511RT,Catharijnekade,2,,
3511JJ,Achter Clarenburg,2,,
3511JJ,Achter Clarenburg,2,B,
3521AZ,Stadsplateau,23,A,
3521AZ,Stadsplateau,23,B,
3521AZ,Stadsplateau,24,A,
3521AZ,Stadsplateau,24,B,
3521AZ,Stadsplateau,26,A,
3521AZ,Stadsplateau,26,B,
3521AZ,Stadsplateau,39,,
3511WR,Boven Vredenburgpassage,105,,
3511ED,Stationsplein,86,,
3521HD,Handelskamerstraat,2,,
3521HD,Handelskamerstraat,4,,
3521HD,Handelskamerstraat,6,,
3521HD,Handelskamerstraat,10,,
3521HD,Handelskamerstraat,12,,
3521HD,Handelskamerstraat,14,,
3521HD,Handelskamerstraat,16,,
3521HD,Handelskamerstraat,18,,
3521WD,Eleonora Carboniershof,10,,
3521WD,Eleonora Carboniershof,2,,
3521WE,Meynarda Verboomhof,1,,
3521WE,Meynarda Verboomhof,3,,
3521WE,Meynarda Verboomhof,5,,
3521WE,Meynarda Verboomhof,7,,
3521WE,Meynarda Verboomhof,9,,
3521WE,Meynarda Verboomhof,2,,
3521WE,Meynarda Verboomhof,4,,
3521WE,Meynarda Verboomhof,6,,
3521WE,Meynarda Verboomhof,8,,
3521WE,Meynarda Verboomhof,10,,
3521WE,Meynarda Verboomhof,12,,
3521WE,Meynarda Verboomhof,14,,
3521WE,Meynarda Verboomhof,16,,
3521WE,Meynarda Verboomhof,18,,
3521WE,Meynarda Verboomhof,20,,
3521WE,Meynarda Verboomhof,11,,
3521WE,Meynarda Verboomhof,13,,
3521WE,Meynarda Verboomhof,22,,
3521WE,Meynarda Verboomhof,24,,
3521WE,Meynarda Verboomhof,26,,
3521WE,Meynarda Verboomhof,28,,
3521WE,Meynarda Verboomhof,30,,
3521WE,Meynarda Verboomhof,32,,
3521WE,Meynarda Verboomhof,34,,
3521WE,Meynarda Verboomhof,36,,
3521WE,Meynarda Verboomhof,38,,
3521WH,Elisabeth Posthof,1,,
3521WH,Elisabeth Posthof,2,,
3521WH,Elisabeth Posthof,4,,
3521WH,Elisabeth Posthof,6,,
3521WH,Elisabeth Posthof,8,,
3521WH,Elisabeth Posthof,10,,
3521WH,Elisabeth Posthof,12,,
3521WH,Elisabeth Posthof,14,,
3521WH,Elisabeth Posthof,16,,
3521WH,Elisabeth Posthof,18,,
3521WH,Elisabeth Posthof,20,,
3521WH,Elisabeth Posthof,3,,
3521WH,Elisabeth Posthof,22,,
3521WH,Elisabeth Posthof,24,,
3521WH,Elisabeth Posthof,26,,
3521WH,Elisabeth Posthof,28,,
3521WH,Elisabeth Posthof,30,,
3521WH,Elisabeth Posthof,32,,
3521WH,Elisabeth Posthof,34,,
3521WH,Elisabeth Posthof,36,,
3521WH,Elisabeth Posthof,38,,
3521WH,Elisabeth Posthof,40,,
3521WH,Elisabeth Posthof,42,,
3521WJ,Lucretia van Merkenhof,2,,
3521WJ,Lucretia van Merkenhof,4,,
3521WJ,Lucretia van Merkenhof,6,,
3521WJ,Lucretia van Merkenhof,8,,
3521WJ,Lucretia van Merkenhof,10,,
3521WJ,Lucretia van Merkenhof,12,,
3521WJ,Lucretia van Merkenhof,14,,
3521WJ,Lucretia van Merkenhof,16,,
3521WJ,Lucretia van Merkenhof,18,,
3521WJ,Lucretia van Merkenhof,20,,
3521WJ,Lucretia van Merkenhof,20,,
3521WJ,Lucretia van Merkenhof,22,,
3521WJ,Lucretia van Merkenhof,22,,
3521WJ,Lucretia van Merkenhof,24,,
3521WJ,Lucretia van Merkenhof,24,,
3521WJ,Lucretia van Merkenhof,26,,
3521WJ,Lucretia van Merkenhof,26,,
3521WJ,Lucretia van Merkenhof,28,,
3521WJ,Lucretia van Merkenhof,28,,
3521WJ,Lucretia van Merkenhof,30,,
3521WJ,Lucretia van Merkenhof,30,,
3521WJ,Lucretia van Merkenhof,32,,
3521WJ,Lucretia van Merkenhof,32,,
3521WJ,Lucretia van Merkenhof,34,,
3521WJ,Lucretia van Merkenhof,34,,
3521WJ,Lucretia van Merkenhof,1,,
3521WJ,Lucretia van Merkenhof,3,,
3521WJ,Lucretia van Merkenhof,5,,
3521WJ,Lucretia van Merkenhof,7,,
3521WJ,Lucretia van Merkenhof,9,,
3521WJ,Lucretia van Merkenhof,11,,
3521WJ,Lucretia van Merkenhof,11,,
3521WC,Titia Brongersmalaan,295,,
3521WC,Titia Brongersmalaan,296,,
3521WC,Titia Brongersmalaan,297,,
3521WC,Titia Brongersmalaan,298,,
3521WC,Titia Brongersmalaan,299,,
3521WC,Titia Brongersmalaan,300,,
3521WC,Titia Brongersmalaan,301,,
3521WC,Titia Brongersmalaan,302,,
3521WC,Titia Brongersmalaan,303,,
3521WC,Titia Brongersmalaan,304,,
3521WC,Titia Brongersmalaan,305,,
3521WC,Titia Brongersmalaan,306,,
3521WC,Titia Brongersmalaan,307,,
3521WC,Titia Brongersmalaan,308,,
3521WC,Titia Brongersmalaan,309,,
3521WC,Titia Brongersmalaan,310,,
3521WC,Titia Brongersmalaan,311,,
3521WC,Titia Brongersmalaan,312,,
3521WC,Titia Brongersmalaan,313,,
3521WC,Titia Brongersmalaan,314,,
3521WC,Titia Brongersmalaan,315,,
3521WC,Titia Brongersmalaan,316,,
3521WC,Titia Brongersmalaan,317,,
3521WC,Titia Brongersmalaan,318,,
3521WC,Titia Brongersmalaan,319,,
3521WC,Titia Brongersmalaan,320,,
3521WC,Titia Brongersmalaan,321,,
3521WC,Titia Brongersmalaan,322,,
3521WC,Titia Brongersmalaan,323,,
3521WC,Titia Brongersmalaan,324,,
3521WC,Titia Brongersmalaan,325,,
3521WC,Titia Brongersmalaan,326,,
3521WC,Titia Brongersmalaan,327,,
3521WC,Titia Brongersmalaan,328,,
3521WC,Titia Brongersmalaan,329,,
3521WC,Titia Brongersmalaan,330,,
3521WC,Titia Brongersmalaan,331,,
3521WC,Titia Brongersmalaan,332,,
3521WC,Titia Brongersmalaan,333,,
3521WC,Titia Brongersmalaan,334,,
3521WC,Titia Brongersmalaan,335,,
3521WC,Titia Brongersmalaan,336,,
3521WC,Titia Brongersmalaan,337,,
3521WC,Titia Brongersmalaan,338,,
3521WC,Titia Brongersmalaan,339,,
3521WC,Titia Brongersmalaan,340,,
3521WC,Titia Brongersmalaan,341,,
3521WC,Titia Brongersmalaan,342,,
3521WC,Titia Brongersmalaan,343,,
3521WC,Titia Brongersmalaan,344,,
3521WC,Titia Brongersmalaan,345,,
3521WC,Titia Brongersmalaan,346,,
3521WC,Titia Brongersmalaan,347,,
3521WC,Titia Brongersmalaan,348,,
3521WC,Titia Brongersmalaan,349,,
3521WC,Titia Brongersmalaan,350,,
3521WC,Titia Brongersmalaan,351,,
3521WC,Titia Brongersmalaan,352,,
3521WC,Titia Brongersmalaan,353,,
3521WC,Titia Brongersmalaan,354,,
3521WC,Titia Brongersmalaan,355,,
3521WC,Titia Brongersmalaan,356,,
3521WC,Titia Brongersmalaan,357,,
3521WC,Titia Brongersmalaan,358,,
3521WC,Titia Brongersmalaan,359,,
3521WC,Titia Brongersmalaan,360,,
3521WC,Titia Brongersmalaan,361,,
3521WC,Titia Brongersmalaan,362,,
3521WC,Titia Brongersmalaan,363,,
3521WC,Titia Brongersmalaan,364,,
3521WC,Titia Brongersmalaan,365,,
3521WC,Titia Brongersmalaan,366,,
3521WC,Titia Brongersmalaan,367,,
3521WC,Titia Brongersmalaan,368,,
3521WC,Titia Brongersmalaan,369,,
3521WC,Titia Brongersmalaan,370,,
3521WC,Titia Brongersmalaan,371,,
3521WC,Titia Brongersmalaan,372,,
3521WC,Titia Brongersmalaan,373,,
3521WC,Titia Brongersmalaan,374,,
3521WC,Titia Brongersmalaan,375,,
3521WC,Titia Brongersmalaan,376,,
3521WC,Titia Brongersmalaan,377,,
3521WC,Titia Brongersmalaan,378,,
3521WC,Titia Brongersmalaan,379,,
3521WC,Titia Brongersmalaan,380,,
3521WC,Titia Brongersmalaan,381,,
3521WC,Titia Brongersmalaan,382,,
3521WC,Titia Brongersmalaan,383,,
3521WC,Titia Brongersmalaan,384,,
3521WC,Titia Brongersmalaan,385,,
3521WC,Titia Brongersmalaan,386,,
3521WC,Titia Brongersmalaan,387,,
3521WC,Titia Brongersmalaan,388,,
3521WC,Titia Brongersmalaan,389,,
3521WC,Titia Brongersmalaan,390,,
3521WC,Titia Brongersmalaan,391,,
3521WC,Titia Brongersmalaan,392,,
3521WC,Titia Brongersmalaan,393,,
3521WC,Titia Brongersmalaan,394,,
3521WC,Titia Brongersmalaan,395,,
3521WC,Titia Brongersmalaan,396,,
3521WC,Titia Brongersmalaan,397,,
3521WC,Titia Brongersmalaan,398,,
3521WC,Titia Brongersmalaan,399,,
3521WC,Titia Brongersmalaan,400,,
3521WC,Titia Brongersmalaan,401,,
3521WC,Titia Brongersmalaan,402,,
3521WC,Titia Brongersmalaan,403,,
3521WC,Titia Brongersmalaan,404,,
3521WC,Titia Brongersmalaan,405,,
3521WC,Titia Brongersmalaan,406,,
3521WC,Titia Brongersmalaan,407,,
3521WC,Titia Brongersmalaan,408,,
3521WC,Titia Brongersmalaan,409,,
3521WC,Titia Brongersmalaan,410,,
3521WC,Titia Brongersmalaan,411,,
3521WC,Titia Brongersmalaan,412,,
3521WC,Titia Brongersmalaan,413,,
3521WC,Titia Brongersmalaan,414,,
3521WC,Titia Brongersmalaan,415,,
3521WC,Titia Brongersmalaan,416,,
3521WC,Titia Brongersmalaan,417,,
3521WC,Titia Brongersmalaan,418,,
3521WC,Titia Brongersmalaan,419,,
3521WC,Titia Brongersmalaan,420,,
3521WC,Titia Brongersmalaan,421,,
3521WC,Titia Brongersmalaan,422,,
3521WC,Titia Brongersmalaan,423,,
3521WC,Titia Brongersmalaan,424,,
3521WC,Titia Brongersmalaan,425,,
3521WC,Titia Brongersmalaan,426,,
3521WC,Titia Brongersmalaan,427,,
3521WC,Titia Brongersmalaan,428,,
3521WC,Titia Brongersmalaan,429,,
3521WC,Titia Brongersmalaan,430,,
3521WC,Titia Brongersmalaan,431,,
3521WC,Titia Brongersmalaan,432,,
3521WC,Titia Brongersmalaan,433,,
3521WC,Titia Brongersmalaan,434,,
3521WC,Titia Brongersmalaan,435,,
3521WC,Titia Brongersmalaan,436,,
3521WC,Titia Brongersmalaan,437,,
3521WC,Titia Brongersmalaan,438,,
3521WC,Titia Brongersmalaan,439,,
3521WC,Titia Brongersmalaan,440,,
3521WC,Titia Brongersmalaan,441,,
3521WC,Titia Brongersmalaan,442,,
3521WC,Titia Brongersmalaan,443,,
3521WC,Titia Brongersmalaan,444,,
3521WC,Titia Brongersmalaan,445,,
3521WC,Titia Brongersmalaan,446,,
3521WC,Titia Brongersmalaan,447,,
3521WC,Titia Brongersmalaan,448,,
3521WC,Titia Brongersmalaan,449,,
3521WC,Titia Brongersmalaan,450,,
3521WC,Titia Brongersmalaan,451,,
3521WC,Titia Brongersmalaan,452,,
3521WC,Titia Brongersmalaan,453,,
3521WC,Titia Brongersmalaan,454,,
3521WC,Titia Brongersmalaan,455,,
3521WC,Titia Brongersmalaan,456,,
3521WC,Titia Brongersmalaan,457,,
3521WC,Titia Brongersmalaan,458,,
3521WC,Titia Brongersmalaan,459,,
3521WC,Titia Brongersmalaan,460,,
3521WC,Titia Brongersmalaan,461,,
3521WC,Titia Brongersmalaan,462,,
3521WC,Titia Brongersmalaan,463,,
3521WC,Titia Brongersmalaan,464,,
3521WC,Titia Brongersmalaan,465,,
3521WC,Titia Brongersmalaan,466,,
3521WC,Titia Brongersmalaan,467,,
3521WC,Titia Brongersmalaan,468,,
3521WC,Titia Brongersmalaan,469,,
3521WC,Titia Brongersmalaan,470,,
3521WC,Titia Brongersmalaan,471,,
3521WC,Titia Brongersmalaan,472,,
3521WC,Titia Brongersmalaan,473,,
3521WC,Titia Brongersmalaan,474,,
3521WC,Titia Brongersmalaan,475,,
3521WC,Titia Brongersmalaan,476,,
3521WC,Titia Brongersmalaan,477,,
3521WC,Titia Brongersmalaan,478,,
3521WC,Titia Brongersmalaan,479,,
3521WC,Titia Brongersmalaan,480,,
3521WC,Titia Brongersmalaan,481,,
3521WC,Titia Brongersmalaan,482,,
3521WC,Titia Brongersmalaan,483,,
3521WC,Titia Brongersmalaan,484,,
3521WC,Titia Brongersmalaan,485,,
3521WC,Titia Brongersmalaan,486,,
3521WC,Titia Brongersmalaan,487,,
3521WC,Titia Brongersmalaan,488,,
3521WC,Titia Brongersmalaan,489,,
3521WC,Titia Brongersmalaan,490,,
3521WC,Titia Brongersmalaan,491,,
3521WC,Titia Brongersmalaan,492,,
3521WC,Titia Brongersmalaan,493,,
3521WC,Titia Brongersmalaan,494,,
3521WC,Titia Brongersmalaan,495,,
3521WC,Titia Brongersmalaan,496,,
3521WC,Titia Brongersmalaan,497,,
3521WC,Titia Brongersmalaan,498,,
3521WC,Titia Brongersmalaan,499,,
3521WC,Titia Brongersmalaan,500,,
3521WC,Titia Brongersmalaan,501,,
3521WC,Titia Brongersmalaan,502,,
3521WC,Titia Brongersmalaan,503,,
3521WC,Titia Brongersmalaan,504,,
3521WC,Titia Brongersmalaan,505,,
3521WC,Titia Brongersmalaan,506,,
3521WC,Titia Brongersmalaan,507,,
3521WC,Titia Brongersmalaan,508,,
3521WC,Titia Brongersmalaan,509,,
3521WC,Titia Brongersmalaan,510,,
3521WC,Titia Brongersmalaan,511,,
3521WC,Titia Brongersmalaan,512,,
3521WC,Titia Brongersmalaan,513,,
3521WC,Titia Brongersmalaan,514,,
3521WC,Titia Brongersmalaan,515,,
3521WC,Titia Brongersmalaan,516,,
3521WC,Titia Brongersmalaan,517,,
3521WC,Titia Brongersmalaan,518,,
3521WC,Titia Brongersmalaan,519,,
3521WC,Titia Brongersmalaan,520,,
3521WC,Titia Brongersmalaan,521,,
3521WC,Titia Brongersmalaan,522,,
3521WC,Titia Brongersmalaan,523,,
3521WC,Titia Brongersmalaan,524,,
3521WC,Titia Brongersmalaan,525,,
3521WC,Titia Brongersmalaan,526,,
3521WC,Titia Brongersmalaan,527,,
3521WC,Titia Brongersmalaan,528,,
3521WC,Titia Brongersmalaan,529,,
3521WC,Titia Brongersmalaan,530,,
3521WC,Titia Brongersmalaan,531,,
3521WC,Titia Brongersmalaan,532,,
3521WC,Titia Brongersmalaan,533,,
3521WC,Titia Brongersmalaan,534,,
3521WC,Titia Brongersmalaan,535,,
3521WC,Titia Brongersmalaan,536,,
3521WC,Titia Brongersmalaan,537,,
3521WC,Titia Brongersmalaan,538,,
3521WC,Titia Brongersmalaan,539,,
3521WC,Titia Brongersmalaan,540,,
3521WC,Titia Brongersmalaan,541,,
3521WC,Titia Brongersmalaan,542,,
3521WC,Titia Brongersmalaan,543,,
3521WC,Titia Brongersmalaan,544,,
3521WC,Titia Brongersmalaan,545,,
3521WC,Titia Brongersmalaan,546,,
3521WC,Titia Brongersmalaan,547,,
3521WC,Titia Brongersmalaan,548,,
3521WC,Titia Brongersmalaan,549,,
3521WC,Titia Brongersmalaan,549,,
3521WC,Titia Brongersmalaan,550,,
3521WC,Titia Brongersmalaan,550,,
3521WC,Titia Brongersmalaan,551,,
3521WC,Titia Brongersmalaan,551,,
3521WC,Titia Brongersmalaan,552,,
3521WC,Titia Brongersmalaan,552,,
3521WC,Titia Brongersmalaan,553,,
3521WC,Titia Brongersmalaan,553,,
3521WC,Titia Brongersmalaan,554,,
3521WC,Titia Brongersmalaan,554,,
3521WC,Titia Brongersmalaan,555,,
3521WC,Titia Brongersmalaan,555,,
3521WC,Titia Brongersmalaan,556,,
3521WC,Titia Brongersmalaan,556,,
3521WC,Titia Brongersmalaan,557,,
3521WC,Titia Brongersmalaan,557,,
3521WC,Titia Brongersmalaan,558,,
3521WC,Titia Brongersmalaan,558,,
3521WC,Titia Brongersmalaan,559,,
3521WC,Titia Brongersmalaan,559,,
3521WC,Titia Brongersmalaan,560,,
3521WC,Titia Brongersmalaan,560,,
3521WC,Titia Brongersmalaan,561,,
3521WC,Titia Brongersmalaan,561,,
3521WC,Titia Brongersmalaan,562,,
3521WC,Titia Brongersmalaan,562,,
3521WC,Titia Brongersmalaan,563,,
3521WC,Titia Brongersmalaan,563,,
3521WC,Titia Brongersmalaan,564,,
3521WC,Titia Brongersmalaan,564,,
3521WC,Titia Brongersmalaan,565,,
3521WC,Titia Brongersmalaan,565,,
3521WC,Titia Brongersmalaan,566,,
3521WC,Titia Brongersmalaan,566,,
3521WC,Titia Brongersmalaan,567,,
3521WC,Titia Brongersmalaan,567,,
3521WC,Titia Brongersmalaan,568,,
3521WC,Titia Brongersmalaan,568,,
3521WC,Titia Brongersmalaan,569,,
3521WC,Titia Brongersmalaan,569,,
3521WC,Titia Brongersmalaan,570,,
3521WC,Titia Brongersmalaan,570,,
3521WC,Titia Brongersmalaan,571,,
3521WC,Titia Brongersmalaan,571,,
3521WC,Titia Brongersmalaan,572,,
3521WC,Titia Brongersmalaan,572,,
3521WC,Titia Brongersmalaan,573,,
3521WC,Titia Brongersmalaan,573,,
3521WC,Titia Brongersmalaan,574,,
3521WC,Titia Brongersmalaan,574,,
3521WC,Titia Brongersmalaan,575,,
3521WC,Titia Brongersmalaan,575,,
3521WC,Titia Brongersmalaan,576,,
3521WC,Titia Brongersmalaan,576,,
3521WC,Titia Brongersmalaan,577,,
3521WC,Titia Brongersmalaan,577,,
3521WC,Titia Brongersmalaan,578,,
3521WC,Titia Brongersmalaan,578,,
3521WC,Titia Brongersmalaan,579,,
3521WC,Titia Brongersmalaan,579,,
3521WC,Titia Brongersmalaan,580,,
3521WC,Titia Brongersmalaan,580,,
3521WC,Titia Brongersmalaan,581,,
3521WC,Titia Brongersmalaan,581,,
3521WC,Titia Brongersmalaan,582,,
3521WC,Titia Brongersmalaan,582,,
3521WC,Titia Brongersmalaan,583,,
3521WC,Titia Brongersmalaan,583,,
3521WC,Titia Brongersmalaan,584,,
3521WC,Titia Brongersmalaan,584,,
3521WC,Titia Brongersmalaan,585,,
3521WC,Titia Brongersmalaan,585,,
3521WC,Titia Brongersmalaan,586,,
3521WC,Titia Brongersmalaan,586,,
3521WC,Titia Brongersmalaan,587,,
3521WC,Titia Brongersmalaan,587,,
3521WC,Titia Brongersmalaan,588,,
3521WC,Titia Brongersmalaan,588,,
3521WC,Titia Brongersmalaan,589,,
3521WC,Titia Brongersmalaan,589,,
3521WC,Titia Brongersmalaan,590,,
3521WC,Titia Brongersmalaan,590,,
3521WC,Titia Brongersmalaan,591,,
3521WC,Titia Brongersmalaan,591,,
3521WC,Titia Brongersmalaan,592,,
3521WC,Titia Brongersmalaan,592,,
3521WC,Titia Brongersmalaan,593,,
3521WC,Titia Brongersmalaan,593,,
3521WC,Titia Brongersmalaan,594,,
3521WC,Titia Brongersmalaan,594,,
3521WC,Titia Brongersmalaan,595,,
3521WC,Titia Brongersmalaan,595,,
3521WC,Titia Brongersmalaan,596,,
3521WC,Titia Brongersmalaan,596,,
3521WC,Titia Brongersmalaan,597,,
3521WC,Titia Brongersmalaan,597,,
3521WC,Titia Brongersmalaan,598,,
3521WC,Titia Brongersmalaan,598,,
3521WC,Titia Brongersmalaan,599,,
3521WC,Titia Brongersmalaan,599,,
3521WC,Titia Brongersmalaan,600,,
3521WC,Titia Brongersmalaan,600,,
3521WC,Titia Brongersmalaan,601,,
3521WC,Titia Brongersmalaan,601,,
3521WC,Titia Brongersmalaan,602,,
3521WC,Titia Brongersmalaan,602,,
3521WC,Titia Brongersmalaan,603,,
3521WC,Titia Brongersmalaan,603,,
3521WC,Titia Brongersmalaan,604,,
3521WC,Titia Brongersmalaan,604,,
3521WC,Titia Brongersmalaan,605,,
3521WC,Titia Brongersmalaan,605,,
3521WC,Titia Brongersmalaan,606,,
3521WC,Titia Brongersmalaan,606,,
3521WC,Titia Brongersmalaan,607,,
3521WC,Titia Brongersmalaan,607,,
3521WC,Titia Brongersmalaan,608,,
3521WC,Titia Brongersmalaan,608,,
3521WC,Titia Brongersmalaan,609,,
3521WC,Titia Brongersmalaan,609,,
3521WC,Titia Brongersmalaan,610,,
3521WC,Titia Brongersmalaan,610,,
3521WC,Titia Brongersmalaan,611,,
3521WC,Titia Brongersmalaan,611,,
3521WC,Titia Brongersmalaan,612,,
3521WC,Titia Brongersmalaan,612,,
3521WC,Titia Brongersmalaan,613,,
3521WC,Titia Brongersmalaan,613,,
3521WC,Titia Brongersmalaan,614,,
3521WC,Titia Brongersmalaan,614,,
3521WC,Titia Brongersmalaan,615,,
3521WC,Titia Brongersmalaan,615,,
3521WC,Titia Brongersmalaan,616,,
3521WC,Titia Brongersmalaan,616,,
3521WC,Titia Brongersmalaan,617,,
3521WC,Titia Brongersmalaan,617,,
3521WC,Titia Brongersmalaan,618,,
3521WC,Titia Brongersmalaan,618,,
3521WC,Titia Brongersmalaan,619,,
3521WC,Titia Brongersmalaan,619,,
3521WC,Titia Brongersmalaan,620,,
3521WC,Titia Brongersmalaan,620,,
3521WC,Titia Brongersmalaan,621,,
3521WC,Titia Brongersmalaan,621,,
3521WC,Titia Brongersmalaan,622,,
3521WC,Titia Brongersmalaan,622,,
3521WC,Titia Brongersmalaan,623,,
3521WC,Titia Brongersmalaan,623,,
3521WC,Titia Brongersmalaan,624,,
3521WC,Titia Brongersmalaan,624,,
3521WC,Titia Brongersmalaan,625,,
3521WC,Titia Brongersmalaan,625,,
3521WC,Titia Brongersmalaan,626,,
3521WC,Titia Brongersmalaan,626,,
3521WC,Titia Brongersmalaan,627,,
3521WC,Titia Brongersmalaan,627,,
3521WC,Titia Brongersmalaan,628,,
3521WC,Titia Brongersmalaan,628,,
3521WC,Titia Brongersmalaan,629,,
3521WC,Titia Brongersmalaan,629,,
3521WC,Titia Brongersmalaan,630,,
3521WC,Titia Brongersmalaan,630,,
3521WC,Titia Brongersmalaan,631,,
3521WC,Titia Brongersmalaan,631,,
3521WC,Titia Brongersmalaan,632,,
3521WC,Titia Brongersmalaan,632,,
3521WC,Titia Brongersmalaan,633,,
3521WC,Titia Brongersmalaan,633,,
3521WC,Titia Brongersmalaan,634,,
3521WC,Titia Brongersmalaan,634,,
3521WC,Titia Brongersmalaan,635,,
3521WC,Titia Brongersmalaan,635,,
3521WC,Titia Brongersmalaan,636,,
3521WC,Titia Brongersmalaan,636,,
3521WC,Titia Brongersmalaan,637,,
3521WC,Titia Brongersmalaan,637,,
3521WC,Titia Brongersmalaan,638,,
3521WC,Titia Brongersmalaan,638,,
3521WC,Titia Brongersmalaan,1,,
3521WC,Titia Brongersmalaan,2,,
3521WC,Titia Brongersmalaan,3,,
3521WC,Titia Brongersmalaan,4,,
3521WC,Titia Brongersmalaan,5,,
3521WC,Titia Brongersmalaan,6,,
3521WC,Titia Brongersmalaan,7,,
3521WC,Titia Brongersmalaan,8,,
3521WC,Titia Brongersmalaan,9,,
3521WC,Titia Brongersmalaan,10,,
3521WC,Titia Brongersmalaan,11,,
3521WC,Titia Brongersmalaan,12,,
3521WC,Titia Brongersmalaan,13,,
3521WC,Titia Brongersmalaan,14,,
3521WC,Titia Brongersmalaan,15,,
3521WC,Titia Brongersmalaan,16,,
3521WC,Titia Brongersmalaan,17,,
3521WC,Titia Brongersmalaan,18,,
3521WC,Titia Brongersmalaan,19,,
3521WC,Titia Brongersmalaan,20,,
3521WC,Titia Brongersmalaan,21,,
3521WC,Titia Brongersmalaan,22,,
3521WC,Titia Brongersmalaan,23,,
3521WC,Titia Brongersmalaan,24,,
3521WC,Titia Brongersmalaan,25,,
3521WC,Titia Brongersmalaan,26,,
3521WC,Titia Brongersmalaan,27,,
3521WC,Titia Brongersmalaan,28,,
3521WC,Titia Brongersmalaan,29,,
3521WC,Titia Brongersmalaan,30,,
3521WC,Titia Brongersmalaan,31,,
3521WC,Titia Brongersmalaan,32,,
3521WC,Titia Brongersmalaan,33,,
3521WC,Titia Brongersmalaan,34,,
3521WC,Titia Brongersmalaan,35,,
3521WC,Titia Brongersmalaan,36,,
3521WC,Titia Brongersmalaan,37,,
3521WC,Titia Brongersmalaan,38,,
3521WC,Titia Brongersmalaan,39,,
3521WC,Titia Brongersmalaan,40,,
3521WC,Titia Brongersmalaan,41,,
3521WC,Titia Brongersmalaan,42,,
3521WC,Titia Brongersmalaan,43,,
3521WC,Titia Brongersmalaan,44,,
3521WC,Titia Brongersmalaan,45,,
3521WC,Titia Brongersmalaan,46,,
3521WC,Titia Brongersmalaan,47,,
3521WC,Titia Brongersmalaan,48,,
3521WC,Titia Brongersmalaan,49,,
3521WC,Titia Brongersmalaan,50,,
3521WC,Titia Brongersmalaan,51,,
3521WC,Titia Brongersmalaan,52,,
3521WC,Titia Brongersmalaan,53,,
3521WC,Titia Brongersmalaan,54,,
3521WC,Titia Brongersmalaan,55,,
3521WC,Titia Brongersmalaan,56,,
3521WC,Titia Brongersmalaan,57,,
3521WC,Titia Brongersmalaan,58,,
3521WC,Titia Brongersmalaan,59,,
3521WC,Titia Brongersmalaan,60,,
3521WC,Titia Brongersmalaan,61,,
3521WC,Titia Brongersmalaan,62,,
3521WC,Titia Brongersmalaan,63,,
3521WC,Titia Brongersmalaan,64,,
3521WC,Titia Brongersmalaan,65,,
3521WC,Titia Brongersmalaan,66,,
3521WC,Titia Brongersmalaan,67,,
3521WC,Titia Brongersmalaan,68,,
3521WC,Titia Brongersmalaan,69,,
3521WC,Titia Brongersmalaan,70,,
3521WC,Titia Brongersmalaan,71,,
3521WC,Titia Brongersmalaan,72,,
3521WC,Titia Brongersmalaan,73,,
3521WC,Titia Brongersmalaan,74,,
3521WC,Titia Brongersmalaan,75,,
3521WC,Titia Brongersmalaan,76,,
3521WC,Titia Brongersmalaan,77,,
3521WC,Titia Brongersmalaan,78,,
3521WC,Titia Brongersmalaan,79,,
3521WC,Titia Brongersmalaan,80,,
3521WC,Titia Brongersmalaan,81,,
3521WC,Titia Brongersmalaan,82,,
3521WC,Titia Brongersmalaan,83,,
3521WC,Titia Brongersmalaan,84,,
3521WC,Titia Brongersmalaan,85,,
3521WC,Titia Brongersmalaan,86,,
3521WC,Titia Brongersmalaan,87,,
3521WC,Titia Brongersmalaan,88,,
3521WC,Titia Brongersmalaan,89,,
3521WC,Titia Brongersmalaan,90,,
3521WC,Titia Brongersmalaan,91,,
3521WC,Titia Brongersmalaan,92,,
3521WC,Titia Brongersmalaan,93,,
3521WC,Titia Brongersmalaan,94,,
3521WC,Titia Brongersmalaan,95,,
3521WC,Titia Brongersmalaan,96,,
3521WC,Titia Brongersmalaan,97,,
3521WC,Titia Brongersmalaan,98,,
3521WC,Titia Brongersmalaan,99,,
3521WC,Titia Brongersmalaan,100,,
3521WC,Titia Brongersmalaan,101,,
3521WC,Titia Brongersmalaan,102,,
3521WC,Titia Brongersmalaan,103,,
3521WC,Titia Brongersmalaan,104,,
3521WC,Titia Brongersmalaan,105,,
3521WC,Titia Brongersmalaan,106,,
3521WC,Titia Brongersmalaan,107,,
3521WC,Titia Brongersmalaan,108,,
3521WC,Titia Brongersmalaan,109,,
3521WC,Titia Brongersmalaan,110,,
3521WC,Titia Brongersmalaan,111,,
3521WC,Titia Brongersmalaan,112,,
3521WC,Titia Brongersmalaan,113,,
3521WC,Titia Brongersmalaan,114,,
3521WC,Titia Brongersmalaan,115,,
3521WC,Titia Brongersmalaan,116,,
3521WC,Titia Brongersmalaan,117,,
3521WC,Titia Brongersmalaan,118,,
3521WC,Titia Brongersmalaan,119,,
3521WC,Titia Brongersmalaan,120,,
3521WC,Titia Brongersmalaan,121,,
3521WC,Titia Brongersmalaan,122,,
3521WC,Titia Brongersmalaan,123,,
3521WC,Titia Brongersmalaan,124,,
3521WC,Titia Brongersmalaan,125,,
3521WC,Titia Brongersmalaan,126,,
3521WC,Titia Brongersmalaan,127,,
3521WC,Titia Brongersmalaan,128,,
3521WC,Titia Brongersmalaan,129,,
3521WC,Titia Brongersmalaan,130,,
3521WC,Titia Brongersmalaan,131,,
3521WC,Titia Brongersmalaan,132,,
3521WC,Titia Brongersmalaan,133,,
3521WC,Titia Brongersmalaan,134,,
3521WC,Titia Brongersmalaan,135,,
3521WC,Titia Brongersmalaan,136,,
3521WC,Titia Brongersmalaan,137,,
3521WC,Titia Brongersmalaan,138,,
3521WC,Titia Brongersmalaan,139,,
3521WC,Titia Brongersmalaan,140,,
3521WC,Titia Brongersmalaan,141,,
3521WC,Titia Brongersmalaan,142,,
3521WC,Titia Brongersmalaan,143,,
3521WC,Titia Brongersmalaan,144,,
3521WC,Titia Brongersmalaan,145,,
3521WC,Titia Brongersmalaan,146,,
3521WC,Titia Brongersmalaan,147,,
3521WC,Titia Brongersmalaan,148,,
3521WC,Titia Brongersmalaan,149,,
3521WC,Titia Brongersmalaan,150,,
3521WC,Titia Brongersmalaan,151,,
3521WC,Titia Brongersmalaan,152,,
3521BJ,Croeselaan,15,A,
3511BD,Vredenburg,36,,
3521AZ,Stadsplateau,1,,IVO
3521AZ,Stadsplateau,39,,
3521AZ,Stadsplateau,40,,
3521AZ,Stadsplateau,1,,TAOB
3511EZ,Moreelsehoek,2,,
3511EZ,Moreelsehoek,6,,
