straat,huisnummer,huisletter,toevoeging,postcode,plaats
Frisia,2,"","",3901EC,Veenendaal
Kerkewijk,53,"","",3901EC,Veenendaal
Kerkewijk,55,"","",3901EC,Veenendaal
Kerkewijk,55,A,"",3901EC,Veenendaal
Kerkewijk,57,"","",3901EC,Veenendaal
Kerkewijk,57,A,"",3901EC,Veenendaal
Kerkewijk,59,"","",3901EC,Veenendaal
Kerkewijk,61,"","",3901EC,Veenendaal
Kerkewijk,61,"","",3901EC,Veenendaal
Kerkewijk,61,"",BIS,3901EC,Veenendaal
Kerkewijk,61,C,"",3901EC,Veenendaal
Kerkewijk,63,"","",3901EC,Veenendaal
Kerkewijk,63,A,"",3901EC,Veenendaal
Kerkewijk,65,"","",3901EC,Veenendaal
Kerkewijk,65,"","",3901EC,Veenendaal
Kerkewijk,65,A,"",3901EC,Veenendaal
Kerkewijk,65,A,"",3901EC,Veenendaal
Kerkewijk,65,B,"",3901EC,Veenendaal
Kerkewijk,65,C,"",3901EC,Veenendaal
Kerkewijk,65,C,"",3901EC,Veenendaal
Kerkewijk,65,D,"",3901EC,Veenendaal
Kerkewijk,65,E,"",3901EC,Veenendaal
Kerkewijk,65,E,"",3901EC,Veenendaal
Kerkewijk,67,"","",3901EC,Veenendaal
Kerkewijk,67,A,"",3901EC,Veenendaal
Kerkewijk,67,B,"",3901EC,Veenendaal
Kerkewijk,67,C,"",3901EC,Veenendaal
Kerkewijk,69,"","",3901EC,Veenendaal
Kerkewijk,69,A,"",3901EC,Veenendaal
Kerkewijk,71,"","",3901EC,Veenendaal
Kerkewijk,73,"","",3901EC,Veenendaal
Kerkewijk,73,"",BIS,3901EC,Veenendaal
Kerkewijk,75,"","",3901EC,Veenendaal
Kerkewijk,75,A,"",3901EC,Veenendaal
Kerkewijk,75,B,"",3901EC,Veenendaal
Kerkewijk,75,C,"",3901EC,Veenendaal
Kerkewijk,75,D,"",3901EC,Veenendaal
Kerkewijk,75,E,"",3901EC,Veenendaal
Kerkewijk,75,F,"",3901EC,Veenendaal
Kerkewijk,75,G,"",3901EC,Veenendaal
Kerkewijk,75,H,"",3901EC,Veenendaal
Kerkewijk,75,I,"",3901EC,Veenendaal
Kerkewijk,75,J,"",3901EC,Veenendaal
Kerkewijk,75,K,"",3901EC,Veenendaal
Kerkewijk,75,L,"",3901EC,Veenendaal
Kerkewijk,77,"","",3901ED,Veenendaal
Kerkewijk,77,"","",3901ED,Veenendaal
Kerkewijk,77,"","",3901ED,Veenendaal
Kerkewijk,77,K,102,3901ED,Veenendaal
Kerkewijk,77,K,103,3901ED,Veenendaal
Kerkewijk,77,K,11,3901ED,Veenendaal
Kerkewijk,77,K,110,3901ED,Veenendaal
Kerkewijk,77,K,111,3901ED,Veenendaal
Kerkewijk,77,K,112,3901ED,Veenendaal
Kerkewijk,77,K,114,3901ED,Veenendaal
Kerkewijk,77,K,115,3901ED,Veenendaal
Kerkewijk,77,K,119,3901ED,Veenendaal
Kerkewijk,77,K,12,3901ED,Veenendaal
Kerkewijk,77,K,120,3901ED,Veenendaal
Kerkewijk,77,K,121,3901ED,Veenendaal
Kerkewijk,77,K,122,3901ED,Veenendaal
Kerkewijk,77,K,123,3901ED,Veenendaal
Kerkewijk,77,K,124,3901ED,Veenendaal
Kerkewijk,77,K,125,3901ED,Veenendaal
Kerkewijk,77,K,127,3901ED,Veenendaal
Kerkewijk,77,K,128,3901ED,Veenendaal
Kerkewijk,77,K,129,3901ED,Veenendaal
Kerkewijk,77,K,13,3901ED,Veenendaal
Kerkewijk,77,K,130,3901ED,Veenendaal
Kerkewijk,77,K,132,3901ED,Veenendaal
Kerkewijk,77,K,133,3901ED,Veenendaal
Kerkewijk,77,K,134,3901ED,Veenendaal
Kerkewijk,77,K,135,3901ED,Veenendaal
Kerkewijk,77,K,136,3901ED,Veenendaal
Kerkewijk,77,K,137,3901ED,Veenendaal
Kerkewijk,77,K,138,3901ED,Veenendaal
Kerkewijk,77,K,139,3901ED,Veenendaal
Kerkewijk,77,K,14,3901ED,Veenendaal
Kerkewijk,77,K,142,3901ED,Veenendaal
Kerkewijk,77,K,143,3901ED,Veenendaal
Kerkewijk,77,K,144,3901ED,Veenendaal
Kerkewijk,77,K,145,3901ED,Veenendaal
Kerkewijk,77,K,147,3901ED,Veenendaal
Kerkewijk,77,K,148,3901ED,Veenendaal
Kerkewijk,77,K,149,3901ED,Veenendaal
Kerkewijk,77,K,15,3901ED,Veenendaal
Kerkewijk,77,K,150,3901ED,Veenendaal
Kerkewijk,77,K,151,3901ED,Veenendaal
Kerkewijk,77,K,152,3901ED,Veenendaal
Kerkewijk,77,K,2,3901ED,Veenendaal
Kerkewijk,77,K,208,3901ED,Veenendaal
Kerkewijk,77,K,209,3901ED,Veenendaal
Kerkewijk,77,K,210,3901ED,Veenendaal
Kerkewijk,77,K,211,3901ED,Veenendaal
Kerkewijk,77,K,212,3901ED,Veenendaal
Kerkewijk,77,K,213,3901ED,Veenendaal
Kerkewijk,77,K,214,3901ED,Veenendaal
Kerkewijk,77,K,215,3901ED,Veenendaal
Kerkewijk,77,K,216,3901ED,Veenendaal
Kerkewijk,77,K,219,3901ED,Veenendaal
Kerkewijk,77,K,220,3901ED,Veenendaal
Kerkewijk,77,K,221,3901ED,Veenendaal
Kerkewijk,77,K,222,3901ED,Veenendaal
Kerkewijk,77,K,223,3901ED,Veenendaal
Kerkewijk,77,K,224,3901ED,Veenendaal
Kerkewijk,77,K,225,3901ED,Veenendaal
Kerkewijk,77,K,227,3901ED,Veenendaal
Kerkewijk,77,K,228,3901ED,Veenendaal
Kerkewijk,77,K,229,3901ED,Veenendaal
Kerkewijk,77,K,230,3901ED,Veenendaal
Kerkewijk,77,K,232,3901ED,Veenendaal
Kerkewijk,77,K,233,3901ED,Veenendaal
Kerkewijk,77,K,234,3901ED,Veenendaal
Kerkewijk,77,K,235,3901ED,Veenendaal
Kerkewijk,77,K,236,3901ED,Veenendaal
Kerkewijk,77,K,237,3901ED,Veenendaal
Kerkewijk,77,K,238,3901ED,Veenendaal
Kerkewijk,77,K,239,3901ED,Veenendaal
Kerkewijk,77,K,242,3901ED,Veenendaal
Kerkewijk,77,K,243,3901ED,Veenendaal
Kerkewijk,77,K,244,3901ED,Veenendaal
Kerkewijk,77,K,245,3901ED,Veenendaal
Kerkewijk,77,K,247,3901ED,Veenendaal
Kerkewijk,77,K,248,3901ED,Veenendaal
Kerkewijk,77,K,249,3901ED,Veenendaal
Kerkewijk,77,K,250,3901ED,Veenendaal
Kerkewijk,77,K,251,3901ED,Veenendaal
Kerkewijk,77,K,252,3901ED,Veenendaal
Kerkewijk,77,K,3,3901ED,Veenendaal
Kerkewijk,77,K,308,3901ED,Veenendaal
Kerkewijk,77,K,309,3901ED,Veenendaal
Kerkewijk,77,K,310,3901ED,Veenendaal
Kerkewijk,77,K,311,3901ED,Veenendaal
Kerkewijk,77,K,312,3901ED,Veenendaal
Kerkewijk,77,K,313,3901ED,Veenendaal
Kerkewijk,77,K,314,3901ED,Veenendaal
Kerkewijk,77,K,315,3901ED,Veenendaal
Kerkewijk,77,K,316,3901ED,Veenendaal
Kerkewijk,77,K,319,3901ED,Veenendaal
Kerkewijk,77,K,320,3901ED,Veenendaal
Kerkewijk,77,K,321,3901ED,Veenendaal
Kerkewijk,77,K,322,3901ED,Veenendaal
Kerkewijk,77,K,323,3901ED,Veenendaal
Kerkewijk,77,K,324,3901ED,Veenendaal
Kerkewijk,77,K,325,3901ED,Veenendaal
Kerkewijk,77,K,327,3901ED,Veenendaal
Kerkewijk,77,K,328,3901ED,Veenendaal
Kerkewijk,77,K,329,3901ED,Veenendaal
Kerkewijk,77,K,330,3901ED,Veenendaal
Kerkewijk,77,K,332,3901ED,Veenendaal
Kerkewijk,77,K,333,3901ED,Veenendaal
Kerkewijk,77,K,334,3901ED,Veenendaal
Kerkewijk,77,K,335,3901ED,Veenendaal
Kerkewijk,77,K,336,3901ED,Veenendaal
Kerkewijk,77,K,337,3901ED,Veenendaal
Kerkewijk,77,K,338,3901ED,Veenendaal
Kerkewijk,77,K,339,3901ED,Veenendaal
Kerkewijk,77,K,342,3901ED,Veenendaal
Kerkewijk,77,K,343,3901ED,Veenendaal
Kerkewijk,77,K,344,3901ED,Veenendaal
Kerkewijk,77,K,345,3901ED,Veenendaal
Kerkewijk,77,K,347,3901ED,Veenendaal
Kerkewijk,77,K,348,3901ED,Veenendaal
Kerkewijk,77,K,349,3901ED,Veenendaal
Kerkewijk,77,K,350,3901ED,Veenendaal
Kerkewijk,77,K,351,3901ED,Veenendaal
Kerkewijk,77,K,352,3901ED,Veenendaal
Kerkewijk,77,K,4,3901ED,Veenendaal
Kerkewijk,77,K,404,3901ED,Veenendaal
Kerkewijk,77,K,405,3901ED,Veenendaal
Kerkewijk,77,K,406,3901ED,Veenendaal
Kerkewijk,77,K,407,3901ED,Veenendaal
Kerkewijk,77,K,408,3901ED,Veenendaal
Kerkewijk,77,K,409,3901ED,Veenendaal
Kerkewijk,77,K,410,3901ED,Veenendaal
Kerkewijk,77,K,412,3901ED,Veenendaal
Kerkewijk,77,K,413,3901ED,Veenendaal
Kerkewijk,77,K,414,3901ED,Veenendaal
Kerkewijk,77,K,434,3901ED,Veenendaal
Kerkewijk,77,K,435,3901ED,Veenendaal
Kerkewijk,77,K,436,3901ED,Veenendaal
Kerkewijk,77,K,437,3901ED,Veenendaal
Kerkewijk,77,K,438,3901ED,Veenendaal
Kerkewijk,77,K,439,3901ED,Veenendaal
Kerkewijk,77,K,442,3901ED,Veenendaal
Kerkewijk,77,K,443,3901ED,Veenendaal
Kerkewijk,77,K,444,3901ED,Veenendaal
Kerkewijk,77,K,445,3901ED,Veenendaal
Kerkewijk,79,"",01,3901EE,Veenendaal
Kerkewijk,79,"",02,3901EE,Veenendaal
Kerkewijk,79,"",03,3901EE,Veenendaal
Kerkewijk,79,"",04,3901EE,Veenendaal
Kerkewijk,79,"",05,3901EE,Veenendaal
Kerkewijk,79,"",06,3901EE,Veenendaal
Kerkewijk,79,"",07,3901EE,Veenendaal
Kerkewijk,79,"",08,3901EE,Veenendaal
Kerkewijk,79,"",09,3901EE,Veenendaal
Kerkewijk,79,"",10,3901EE,Veenendaal
Kerkewijk,79,"",11,3901EE,Veenendaal
Kerkewijk,79,"",12,3901EE,Veenendaal
Kerkewijk,79,"",13,3901EE,Veenendaal
Kerkewijk,79,"",14,3901EE,Veenendaal
Kerkewijk,79,"",15,3901EE,Veenendaal
Kerkewijk,79,"",16,3901EE,Veenendaal
Kerkewijk,79,"",17,3901EE,Veenendaal
Kerkewijk,79,"",18,3901EE,Veenendaal
Kerkewijk,79,"",19,3901EE,Veenendaal
Kerkewijk,79,"",20,3901EE,Veenendaal
Kerkewijk,79,"",21,3901EE,Veenendaal
Kerkewijk,79,"",22,3901EE,Veenendaal
Kerkewijk,79,"",23,3901EE,Veenendaal
Kerkewijk,79,"",24,3901EE,Veenendaal
Kerkewijk,79,"",25,3901EE,Veenendaal
Kerkewijk,79,"",26,3901EE,Veenendaal
Kerkewijk,79,"",27,3901EE,Veenendaal
Kerkewijk,79,"",28,3901EE,Veenendaal
Kerkewijk,79,"",29,3901EE,Veenendaal
Kerkewijk,79,"",30,3901EE,Veenendaal
Kerkewijk,79,"",31,3901EE,Veenendaal
Kerkewijk,79,"",32,3901EE,Veenendaal
Kerkewijk,79,"",32A,3901EE,Veenendaal
Kerkewijk,79,"",33,3901EE,Veenendaal
Kerkewijk,79,"",34,3901EE,Veenendaal
Kerkewijk,79,"",35,3901EE,Veenendaal
Kerkewijk,79,"",36,3901EE,Veenendaal
Kerkewijk,79,"",37,3901EE,Veenendaal
Kerkewijk,79,"",38,3901EE,Veenendaal
Kerkewijk,79,"",39,3901EE,Veenendaal
Kerkewijk,79,"",40,3901EE,Veenendaal
Kerkewijk,79,"",41,3901EE,Veenendaal
Kerkewijk,79,"",42,3901EE,Veenendaal
Kerkewijk,79,"",43,3901EE,Veenendaal
Kerkewijk,79,"",44,3901EE,Veenendaal
Kerkewijk,79,"",45,3901EE,Veenendaal
Kerkewijk,79,"",46,3901EE,Veenendaal
Kerkewijk,79,"",47,3901EE,Veenendaal
Kerkewijk,79,"",48,3901EE,Veenendaal
Kerkewijk,79,"",49,3901EE,Veenendaal
Kerkewijk,79,"",50,3901EE,Veenendaal
Kerkewijk,79,"",51,3901EE,Veenendaal
Kerkewijk,79,"",52,3901EE,Veenendaal
Kerkewijk,79,"",53,3901EE,Veenendaal
Kerkewijk,79,"",54,3901EE,Veenendaal
Kerkewijk,79,"",55,3901EE,Veenendaal
Kerkewijk,79,"",56,3901EE,Veenendaal
Kerkewijk,79,"",57,3901EE,Veenendaal
Kerkewijk,79,"",58,3901EE,Veenendaal
Kerkewijk,79,"",59,3901EE,Veenendaal
Kerkewijk,79,"",60,3901EE,Veenendaal
Kerkewijk,79,"",61,3901EE,Veenendaal
Kerkewijk,79,"",62,3901EE,Veenendaal
Kerkewijk,79,"",63,3901EE,Veenendaal
Kerkewijk,79,"",64,3901EE,Veenendaal
Kerkewijk,79,"",65,3901EE,Veenendaal
Kerkewijk,79,"",66,3901EE,Veenendaal
Kerkewijk,79,"",67,3901EE,Veenendaal
Kerkewijk,79,"",68,3901EE,Veenendaal
Kerkewijk,79,"",69,3901EE,Veenendaal
Kerkewijk,79,"",70,3901EE,Veenendaal
Kerkewijk,79,"",71,3901EE,Veenendaal
Kerkewijk,79,"",72,3901EE,Veenendaal
Kerkewijk,79,"",73,3901EE,Veenendaal
Kerkewijk,81,"","",3901EE,Veenendaal
Kerkewijk,81,A,"",3901EE,Veenendaal
Kerkewijk,81,B,"",3901EE,Veenendaal
Kerkewijk,81,C,"",3901EE,Veenendaal
Kerkewijk,81,D,"",3901EE,Veenendaal
Kerkewijk,81,D,"",3901EE,Veenendaal
Kerkewijk,81,D,1,3901EE,Veenendaal
Kerkewijk,81,E,"",3901EE,Veenendaal
Kerkewijk,83,"","",3901EE,Veenendaal
Kerkewijk,83,A,"",3901EE,Veenendaal
Kerkewijk,83,B,"",3901EE,Veenendaal
Kerkewijk,83,C,"",3901EE,Veenendaal
Kerkewijk,83,D,"",3901EE,Veenendaal
Kerkewijk,83,E,"",3901EE,Veenendaal
Kerkewijk,83,F,"",3901EE,Veenendaal
Kerkewijk,83,G,"",3901EE,Veenendaal
Kerkewijk,83,H,"",3901EE,Veenendaal
Kerkewijk,83,I,"",3901EE,Veenendaal
Kerkewijk,85,"","",3901EE,Veenendaal
Kerkewijk,85,A,"",3901EE,Veenendaal
Kerkewijk,85,B,"",3901EE,Veenendaal
Kerkewijk,85,C,"",3901EE,Veenendaal
Kerkewijk,85,D,"",3901EE,Veenendaal
Kerkewijk,85,E,"",3901EE,Veenendaal
Kerkewijk,85,F,"",3901EE,Veenendaal
Kerkewijk,85,G,"",3901EE,Veenendaal
Kerkewijk,85,H,"",3901EE,Veenendaal
Kerkewijk,85,I,"",3901EE,Veenendaal
Kerkewijk,87,"","",3901EE,Veenendaal
Kerkewijk,87,A,"",3901EE,Veenendaal
Kerkewijk,87,B,"",3901EE,Veenendaal
Kerkewijk,87,C,"",3901EE,Veenendaal
Kerkewijk,87,D,"",3901EE,Veenendaal
Kerkewijk,87,E,"",3901EE,Veenendaal
Kerkewijk,87,F,"",3901EE,Veenendaal
Kerkewijk,87,G,"",3901EE,Veenendaal
Kerkewijk,87,H,"",3901EE,Veenendaal
Kerkewijk,87,I,"",3901EE,Veenendaal
Kerkewijk,89,"","",3901EE,Veenendaal
Kerkewijk,89,A,"",3901EE,Veenendaal
Kerkewijk,89,B,"",3901EE,Veenendaal
Kerkewijk,89,C,"",3901EE,Veenendaal
Kerkewijk,89,D,"",3901EE,Veenendaal
Kerkewijk,89,E,"",3901EE,Veenendaal
De Sterke Arm,1,"","",3901EK,Veenendaal
De Sterke Arm,1,A,"",3901EK,Veenendaal
De Sterke Arm,11,"","",3901EK,Veenendaal
De Sterke Arm,13,"","",3901EK,Veenendaal
De Sterke Arm,15,"","",3901EK,Veenendaal
De Sterke Arm,17,"","",3901EK,Veenendaal
De Sterke Arm,19,"","",3901EK,Veenendaal
De Sterke Arm,21,"","",3901EK,Veenendaal
De Sterke Arm,23,"","",3901EK,Veenendaal
De Sterke Arm,25,"","",3901EK,Veenendaal
De Sterke Arm,27,"","",3901EK,Veenendaal
De Sterke Arm,29,"","",3901EK,Veenendaal
De Sterke Arm,3,"","",3901EK,Veenendaal
De Sterke Arm,3,A,"",3901EK,Veenendaal
De Sterke Arm,3,A,"",3901EK,Veenendaal
De Sterke Arm,3,A,"",3901EK,Veenendaal
De Sterke Arm,31,"","",3901EK,Veenendaal
De Sterke Arm,33,"","",3901EK,Veenendaal
De Sterke Arm,35,"","",3901EK,Veenendaal
De Sterke Arm,37,"","",3901EK,Veenendaal
De Sterke Arm,39,"","",3901EK,Veenendaal
De Sterke Arm,5,"","",3901EK,Veenendaal
De Sterke Arm,7,"","",3901EK,Veenendaal
De Sterke Arm,9,"","",3901EK,Veenendaal
De Sterke Arm,41,"","",3901EL,Veenendaal
De Sterke Arm,43,"","",3901EL,Veenendaal
De Sterke Arm,45,"","",3901EL,Veenendaal
De Sterke Arm,47,"","",3901EL,Veenendaal
De Sterke Arm,49,"","",3901EL,Veenendaal
De Sterke Arm,51,"","",3901EL,Veenendaal
De Sterke Arm,53,"","",3901EL,Veenendaal
De Sterke Arm,55,"","",3901EL,Veenendaal
De Sterke Arm,57,"","",3901EL,Veenendaal
De Sterke Arm,59,"","",3901EL,Veenendaal
De Sterke Arm,61,"","",3901EL,Veenendaal
De Sterke Arm,63,"","",3901EL,Veenendaal
De Sterke Arm,65,"","",3901EL,Veenendaal
De Sterke Arm,67,"","",3901EL,Veenendaal
De Sterke Arm,69,"","",3901EL,Veenendaal
De Sterke Arm,71,"","",3901EL,Veenendaal
De Sterke Arm,73,"","",3901EL,Veenendaal
De Sterke Arm,75,"","",3901EL,Veenendaal
De Sterke Arm,101,"","",3901EM,Veenendaal
De Sterke Arm,103,"","",3901EM,Veenendaal
De Sterke Arm,105,"","",3901EM,Veenendaal
De Sterke Arm,107,"","",3901EM,Veenendaal
De Sterke Arm,109,"","",3901EM,Veenendaal
De Sterke Arm,111,"","",3901EM,Veenendaal
De Sterke Arm,77,"","",3901EM,Veenendaal
De Sterke Arm,79,"","",3901EM,Veenendaal
De Sterke Arm,81,"","",3901EM,Veenendaal
De Sterke Arm,83,"","",3901EM,Veenendaal
De Sterke Arm,85,"","",3901EM,Veenendaal
De Sterke Arm,87,"","",3901EM,Veenendaal
De Sterke Arm,89,"","",3901EM,Veenendaal
De Sterke Arm,91,"","",3901EM,Veenendaal
De Sterke Arm,93,"","",3901EM,Veenendaal
De Sterke Arm,95,"","",3901EM,Veenendaal
De Sterke Arm,97,"","",3901EM,Veenendaal
De Sterke Arm,99,"","",3901EM,Veenendaal
De Sterke Arm,113,"","",3901EN,Veenendaal
De Sterke Arm,115,"","",3901EN,Veenendaal
De Sterke Arm,117,"","",3901EN,Veenendaal
De Sterke Arm,119,"","",3901EN,Veenendaal
De Sterke Arm,121,"","",3901EN,Veenendaal
De Sterke Arm,123,"","",3901EN,Veenendaal
De Sterke Arm,125,"","",3901EN,Veenendaal
De Sterke Arm,127,"","",3901EN,Veenendaal
De Sterke Arm,129,"","",3901EN,Veenendaal
De Sterke Arm,131,"","",3901EN,Veenendaal
De Sterke Arm,133,"","",3901EN,Veenendaal
De Sterke Arm,135,"","",3901EN,Veenendaal
De Sterke Arm,137,"","",3901EN,Veenendaal
De Sterke Arm,139,"","",3901EN,Veenendaal
De Sterke Arm,141,"","",3901EN,Veenendaal
De Sterke Arm,143,"","",3901EN,Veenendaal
De Sterke Arm,145,"","",3901EN,Veenendaal
De Sterke Arm,147,"","",3901EN,Veenendaal
De Sterke Arm,149,"","",3901EP,Veenendaal
De Sterke Arm,151,"","",3901EP,Veenendaal
De Sterke Arm,153,"","",3901EP,Veenendaal
De Sterke Arm,155,"","",3901EP,Veenendaal
De Sterke Arm,157,"","",3901EP,Veenendaal
De Sterke Arm,159,"","",3901EP,Veenendaal
De Sterke Arm,161,"","",3901EP,Veenendaal
De Sterke Arm,163,"","",3901EP,Veenendaal
De Sterke Arm,165,"","",3901EP,Veenendaal
De Sterke Arm,10,"","",3901ER,Veenendaal
De Sterke Arm,2,"","",3901ER,Veenendaal
De Sterke Arm,2,"",01,3901ER,Veenendaal
De Sterke Arm,2,A,"",3901ER,Veenendaal
De Sterke Arm,4,"","",3901ER,Veenendaal
Frisia,1,"","",3901GD,Veenendaal
Frisia,11,"","",3901GD,Veenendaal
Frisia,13,"","",3901GD,Veenendaal
Frisia,15,"","",3901GD,Veenendaal
Frisia,17,"","",3901GD,Veenendaal
Frisia,19,"","",3901GD,Veenendaal
Frisia,21,"","",3901GD,Veenendaal
Frisia,23,"","",3901GD,Veenendaal
Frisia,25,"","",3901GD,Veenendaal
Frisia,27,"","",3901GD,Veenendaal
Frisia,29,"","",3901GD,Veenendaal
Frisia,3,"","",3901GD,Veenendaal
Frisia,31,"","",3901GD,Veenendaal
Frisia,33,"","",3901GD,Veenendaal
Frisia,35,"","",3901GD,Veenendaal
Frisia,37,"","",3901GD,Veenendaal
Frisia,39,"","",3901GD,Veenendaal
Frisia,41,"","",3901GD,Veenendaal
Frisia,43,"","",3901GD,Veenendaal
Frisia,5,"","",3901GD,Veenendaal
Frisia,7,"","",3901GD,Veenendaal
Frisia,9,"","",3901GD,Veenendaal
Frisia,20,"","",3901GE,Veenendaal
Frisia,22,"","",3901GE,Veenendaal
Frisia,24,"","",3901GE,Veenendaal
Frisia,26,"","",3901GE,Veenendaal
Frisia,28,"","",3901GE,Veenendaal
Frisia,30,"","",3901GE,Veenendaal
Frisia,32,"","",3901GE,Veenendaal
Frisia,34,"","",3901GE,Veenendaal
Frisia,36,"","",3901GE,Veenendaal
Frisia,38,"","",3901GE,Veenendaal
Frisia,40,"","",3901GE,Veenendaal
Frisia,42,"","",3901GE,Veenendaal
Frisia,44,"","",3901GE,Veenendaal
Frisia,46,"","",3901GE,Veenendaal
Frisia,48,"","",3901GE,Veenendaal
Frisia,50,"","",3901GE,Veenendaal
Hollandia,1,"","",3901GG,Veenendaal
Hollandia,11,"","",3901GG,Veenendaal
Hollandia,13,"","",3901GG,Veenendaal
Hollandia,15,"","",3901GG,Veenendaal
Hollandia,17,"","",3901GG,Veenendaal
Hollandia,19,"","",3901GG,Veenendaal
Hollandia,21,"","",3901GG,Veenendaal
Hollandia,23,"","",3901GG,Veenendaal
Hollandia,25,"","",3901GG,Veenendaal
Hollandia,27,"","",3901GG,Veenendaal
Hollandia,29,"","",3901GG,Veenendaal
Hollandia,3,"","",3901GG,Veenendaal
Hollandia,31,"","",3901GG,Veenendaal
Hollandia,5,"","",3901GG,Veenendaal
Hollandia,7,"","",3901GG,Veenendaal
Hollandia,9,"","",3901GG,Veenendaal
Hollandia,33,"","",3901GH,Veenendaal
Hollandia,35,"","",3901GH,Veenendaal
Hollandia,37,"","",3901GH,Veenendaal
Hollandia,39,"","",3901GH,Veenendaal
Hollandia,41,"","",3901GH,Veenendaal
Hollandia,43,"","",3901GH,Veenendaal
Hollandia,45,"","",3901GH,Veenendaal
Hollandia,47,"","",3901GH,Veenendaal
Hollandia,49,"","",3901GH,Veenendaal
Hollandia,51,"","",3901GH,Veenendaal
Hollandia,53,"","",3901GH,Veenendaal
Hollandia,55,"","",3901GH,Veenendaal
Hollandia,57,"","",3901GH,Veenendaal
Hollandia,59,"","",3901GH,Veenendaal
Hollandia,61,"","",3901GH,Veenendaal
Hollandia,63,"","",3901GH,Veenendaal
Hollandia,65,"","",3901GH,Veenendaal
Hollandia,67,"","",3901GH,Veenendaal
Hollandia,69,"","",3901GH,Veenendaal
Hollandia,101,"","",3901GJ,Veenendaal
Hollandia,103,"","",3901GJ,Veenendaal
Hollandia,105,"","",3901GJ,Veenendaal
Hollandia,107,"","",3901GJ,Veenendaal
Hollandia,71,"","",3901GJ,Veenendaal
Hollandia,73,"","",3901GJ,Veenendaal
Hollandia,75,"","",3901GJ,Veenendaal
Hollandia,77,"","",3901GJ,Veenendaal
Hollandia,79,"","",3901GJ,Veenendaal
Hollandia,81,"","",3901GJ,Veenendaal
Hollandia,83,"","",3901GJ,Veenendaal
Hollandia,85,"","",3901GJ,Veenendaal
Hollandia,87,"","",3901GJ,Veenendaal
Hollandia,89,"","",3901GJ,Veenendaal
Hollandia,91,"","",3901GJ,Veenendaal
Hollandia,93,"","",3901GJ,Veenendaal
Hollandia,95,"","",3901GJ,Veenendaal
Hollandia,97,"","",3901GJ,Veenendaal
Hollandia,99,"","",3901GJ,Veenendaal
Hollandia,109,"","",3901GK,Veenendaal
Hollandia,111,"","",3901GK,Veenendaal
Hollandia,113,"","",3901GK,Veenendaal
Hollandia,115,"","",3901GK,Veenendaal
Hollandia,117,"","",3901GK,Veenendaal
Hollandia,119,"","",3901GK,Veenendaal
Hollandia,121,"","",3901GK,Veenendaal
Hollandia,123,"","",3901GK,Veenendaal
Hollandia,125,"","",3901GK,Veenendaal
Hollandia,127,"","",3901GK,Veenendaal
Hollandia,129,"","",3901GK,Veenendaal
Hollandia,131,"","",3901GK,Veenendaal
Hollandia,133,"","",3901GK,Veenendaal
Hollandia,135,"","",3901GK,Veenendaal
Hollandia,137,"","",3901GK,Veenendaal
Hollandia,139,"","",3901GK,Veenendaal
Hollandia,141,"","",3901GK,Veenendaal
Hollandia,143,"","",3901GK,Veenendaal
Hollandia,145,"","",3901GK,Veenendaal
Hollandia,147,"","",3901GL,Veenendaal
Hollandia,149,"","",3901GL,Veenendaal
Hollandia,151,"","",3901GL,Veenendaal
Hollandia,153,"","",3901GL,Veenendaal
Hollandia,155,"","",3901GL,Veenendaal
Hollandia,157,"","",3901GL,Veenendaal
Hollandia,159,"","",3901GL,Veenendaal
Hollandia,161,"","",3901GL,Veenendaal
Hollandia,163,"","",3901GL,Veenendaal
Hollandia,165,"","",3901GL,Veenendaal
Hollandia,167,"","",3901GL,Veenendaal
Hollandia,167,A,"",3901GL,Veenendaal
Hollandia,169,"","",3901GL,Veenendaal
Hollandia,171,"","",3901GL,Veenendaal
Hollandia,173,"","",3901GL,Veenendaal
Hollandia,10,"","",3901GM,Veenendaal
Hollandia,12,"","",3901GM,Veenendaal
Hollandia,14,"","",3901GM,Veenendaal
Hollandia,16,"","",3901GM,Veenendaal
Hollandia,18,"","",3901GM,Veenendaal
Hollandia,2,"","",3901GM,Veenendaal
Hollandia,20,"","",3901GM,Veenendaal
Hollandia,22,"","",3901GM,Veenendaal
Hollandia,24,"","",3901GM,Veenendaal
Hollandia,26,"","",3901GM,Veenendaal
Hollandia,28,"","",3901GM,Veenendaal
Hollandia,30,"","",3901GM,Veenendaal
Hollandia,32,"","",3901GM,Veenendaal
Hollandia,34,"","",3901GM,Veenendaal
Hollandia,4,"","",3901GM,Veenendaal
Hollandia,6,"","",3901GM,Veenendaal
Hollandia,8,"","",3901GM,Veenendaal
Hollandia,36,"","",3901GN,Veenendaal
Hollandia,38,"","",3901GN,Veenendaal
Hollandia,40,"","",3901GN,Veenendaal
Hollandia,42,"","",3901GN,Veenendaal
Hollandia,44,"","",3901GN,Veenendaal
Hollandia,46,"","",3901GN,Veenendaal
Hollandia,48,"","",3901GN,Veenendaal
Hollandia,50,"","",3901GN,Veenendaal
Hollandia,52,"","",3901GN,Veenendaal
Hollandia,54,"","",3901GN,Veenendaal
Hollandia,56,"","",3901GN,Veenendaal
Hollandia,58,"","",3901GN,Veenendaal
Hollandia,60,"","",3901GN,Veenendaal
Hollandia,62,"","",3901GN,Veenendaal
Hollandia,64,"","",3901GN,Veenendaal
Hollandia,66,"","",3901GN,Veenendaal
Hollandia,68,"","",3901GN,Veenendaal
Hollandia,70,"","",3901GN,Veenendaal
Hollandia,72,"","",3901GN,Veenendaal
Hollandia,100,"","",3901GP,Veenendaal
Hollandia,102,"","",3901GP,Veenendaal
Hollandia,104,"","",3901GP,Veenendaal
Hollandia,106,"","",3901GP,Veenendaal
Hollandia,108,"","",3901GP,Veenendaal
Hollandia,110,"","",3901GP,Veenendaal
Hollandia,112,"","",3901GP,Veenendaal
Hollandia,74,"","",3901GP,Veenendaal
Hollandia,76,"","",3901GP,Veenendaal
Hollandia,78,"","",3901GP,Veenendaal
Hollandia,80,"","",3901GP,Veenendaal
Hollandia,82,"","",3901GP,Veenendaal
Hollandia,84,"","",3901GP,Veenendaal
Hollandia,86,"","",3901GP,Veenendaal
Hollandia,88,"","",3901GP,Veenendaal
Hollandia,90,"","",3901GP,Veenendaal
Hollandia,92,"","",3901GP,Veenendaal
Hollandia,94,"","",3901GP,Veenendaal
Hollandia,96,"","",3901GP,Veenendaal
Hollandia,98,"","",3901GP,Veenendaal
Hollandia,114,"","",3901GR,Veenendaal
Hollandia,116,"","",3901GR,Veenendaal
Hollandia,118,"","",3901GR,Veenendaal
Hollandia,120,"","",3901GR,Veenendaal
Hollandia,122,"","",3901GR,Veenendaal
Hollandia,124,"","",3901GR,Veenendaal
Hollandia,126,"","",3901GR,Veenendaal
Hollandia,128,"","",3901GR,Veenendaal
Hollandia,130,"","",3901GR,Veenendaal
Hollandia,132,"","",3901GR,Veenendaal
Hollandia,134,"","",3901GR,Veenendaal
Hollandia,136,"","",3901GR,Veenendaal
Hollandia,138,"","",3901GR,Veenendaal
Hollandia,140,"","",3901GR,Veenendaal
Hollandia,142,"","",3901GR,Veenendaal
Hollandia,144,"","",3901GR,Veenendaal
Hollandia,146,"","",3901GR,Veenendaal
Hollandia,148,"","",3901GR,Veenendaal
Hollandia,150,"","",3901GR,Veenendaal
Hollandia,152,"","",3901GR,Veenendaal
Hollandia,175,"","",3901GS,Veenendaal
Hollandia,177,"","",3901GS,Veenendaal
Hollandia,179,"","",3901GS,Veenendaal
Hollandia,181,"","",3901GS,Veenendaal
Hollandia,183,"","",3901GS,Veenendaal
Hollandia,185,"","",3901GS,Veenendaal
Hollandia,187,"","",3901GS,Veenendaal
Hollandia,189,"","",3901GS,Veenendaal
Hollandia,191,"","",3901GS,Veenendaal
Hollandia,193,"","",3901GS,Veenendaal
Hollandia,195,"","",3901GS,Veenendaal
Hollandia,197,"","",3901GS,Veenendaal
Hollandia,199,"","",3901GS,Veenendaal
Hollandia,201,"","",3901GS,Veenendaal
Hollandia,203,"","",3901GS,Veenendaal
Hollandia,205,"","",3901GS,Veenendaal
Hollandia,207,"","",3901GS,Veenendaal
Hollandia,209,"","",3901GS,Veenendaal
Hollandia,211,"","",3901GS,Veenendaal
Hollandia,213,"","",3901GT,Veenendaal
Hollandia,215,"","",3901GT,Veenendaal
Hollandia,217,"","",3901GT,Veenendaal
Hollandia,219,"","",3901GT,Veenendaal
Hollandia,221,"","",3901GT,Veenendaal
Hollandia,223,"","",3901GT,Veenendaal
Hollandia,225,"","",3901GT,Veenendaal
Hollandia,227,"","",3901GT,Veenendaal
Hollandia,229,"","",3901GT,Veenendaal
Hollandia,231,"","",3901GT,Veenendaal
Hollandia,233,"","",3901GT,Veenendaal
Hollandia,235,"","",3901GT,Veenendaal
Hollandia,237,"","",3901GT,Veenendaal
Hollandia,239,"","",3901GT,Veenendaal
Hollandia,241,"","",3901GT,Veenendaal
Hollandia,243,"","",3901GT,Veenendaal
Hollandia,245,"","",3901GT,Veenendaal
Hollandia,247,"","",3901GT,Veenendaal
Hollandia,249,"","",3901GT,Veenendaal
Hollandia,251,"","",3901GT,Veenendaal
Hollandia,257,"","",3901GT,Veenendaal
Hollandia,259,"","",3901GT,Veenendaal
Hollandia,261,"","",3901GT,Veenendaal
Hollandia,263,"","",3901GT,Veenendaal
Hollandia,263,"","",3901GT,Veenendaal
Hollandia,265,"","",3901GT,Veenendaal
Hollandia,267,"","",3901GT,Veenendaal
Hollandia,269,"","",3901GT,Veenendaal
Hollandia,271,"","",3901GT,Veenendaal
Hollandia,273,"","",3901GT,Veenendaal
Hollandia,275,"","",3901GT,Veenendaal
Hollandia,277,"","",3901GT,Veenendaal
Hollandia,279,"","",3901GT,Veenendaal
Hollandia,281,"","",3901GT,Veenendaal
Hollandia,283,"","",3901GT,Veenendaal
Hollandia,285,"","",3901GT,Veenendaal
Hollandia,287,"","",3901GT,Veenendaal
Hollandia,289,"","",3901GT,Veenendaal
Hollandia,291,"","",3901GT,Veenendaal
Hollandia,293,"","",3901GT,Veenendaal
Hollandia,295,"","",3901GT,Veenendaal
Hollandia,297,"","",3901GT,Veenendaal
Hollandia,299,"","",3901GT,Veenendaal
Hollandia,301,"","",3901GT,Veenendaal
Hollandia,303,"","",3901GT,Veenendaal
Hollandia,305,"","",3901GT,Veenendaal
Hollandia,307,"","",3901GT,Veenendaal
Hollandia,309,"","",3901GT,Veenendaal
Hollandia,311,"","",3901GT,Veenendaal
Hollandia,315,"","",3901GT,Veenendaal
Hollandia,317,"","",3901GT,Veenendaal
Hollandia,319,"","",3901GT,Veenendaal
Hollandia,321,"","",3901GT,Veenendaal
Hollandia,323,"","",3901GT,Veenendaal
Hollandia,323,"","",3901GT,Veenendaal
Hollandia,325,"","",3901GT,Veenendaal
Hollandia,325,"","",3901GT,Veenendaal
Hollandia,327,"","",3901GT,Veenendaal
Hollandia,329,"","",3901GT,Veenendaal
Hollandia,331,"","",3901GT,Veenendaal
Hollandia,333,"","",3901GT,Veenendaal
Hollandia,335,"","",3901GT,Veenendaal
Hollandia,337,"","",3901GT,Veenendaal
Tubantia,1,"","",3901GV,Veenendaal
Tubantia,11,"","",3901GV,Veenendaal
Tubantia,13,"","",3901GV,Veenendaal
Tubantia,3,"","",3901GV,Veenendaal
Tubantia,5,"","",3901GV,Veenendaal
Tubantia,7,"","",3901GV,Veenendaal
Tubantia,9,"","",3901GV,Veenendaal
Fluvia,1,"","",3901GW,Veenendaal
Fluvia,10,"","",3901GW,Veenendaal
Fluvia,12,"","",3901GW,Veenendaal
Fluvia,14,"","",3901GW,Veenendaal
Fluvia,2,"","",3901GW,Veenendaal
Fluvia,3,"","",3901GW,Veenendaal
Fluvia,4,"","",3901GW,Veenendaal
Fluvia,5,"","",3901GW,Veenendaal
Fluvia,6,"","",3901GW,Veenendaal
Fluvia,7,"","",3901GW,Veenendaal
Fluvia,8,"","",3901GW,Veenendaal
Fluvia,9,"","",3901GW,Veenendaal
Limburgia,1,"","",3901GX,Veenendaal
Limburgia,10,"","",3901GX,Veenendaal
Limburgia,2,"","",3901GX,Veenendaal
Limburgia,3,"","",3901GX,Veenendaal
Limburgia,4,"","",3901GX,Veenendaal
Limburgia,5,"","",3901GX,Veenendaal
Limburgia,6,"","",3901GX,Veenendaal
Limburgia,7,"","",3901GX,Veenendaal
Limburgia,8,"","",3901GX,Veenendaal
Limburgia,9,"","",3901GX,Veenendaal
Zeelandia,1,"","",3901GZ,Veenendaal
Zeelandia,10,"","",3901GZ,Veenendaal
Zeelandia,11,"","",3901GZ,Veenendaal
Zeelandia,13,"","",3901GZ,Veenendaal
Zeelandia,15,"","",3901GZ,Veenendaal
Zeelandia,17,"","",3901GZ,Veenendaal
Zeelandia,19,"","",3901GZ,Veenendaal
Zeelandia,2,"","",3901GZ,Veenendaal
Zeelandia,21,"","",3901GZ,Veenendaal
Zeelandia,3,"","",3901GZ,Veenendaal
Zeelandia,4,"","",3901GZ,Veenendaal
Zeelandia,5,"","",3901GZ,Veenendaal
Zeelandia,6,"","",3901GZ,Veenendaal
Zeelandia,7,"","",3901GZ,Veenendaal
Zeelandia,8,"","",3901GZ,Veenendaal
Zeelandia,9,"","",3901GZ,Veenendaal
Vijftien Morgen,1,"","",3901HA,Veenendaal
Vijftien Morgen,1,"","",3901HA,Veenendaal
Vijftien Morgen,1,"","",3901HA,Veenendaal
Vijftien Morgen,1,"","",3901HA,Veenendaal
Vijftien Morgen,10,"","",3901HA,Veenendaal
Vijftien Morgen,11,"","",3901HA,Veenendaal
Vijftien Morgen,11,A,"",3901HA,Veenendaal
Vijftien Morgen,11,B,"",3901HA,Veenendaal
Vijftien Morgen,11,C,"",3901HA,Veenendaal
Vijftien Morgen,11,D,"",3901HA,Veenendaal
Vijftien Morgen,11,E,"",3901HA,Veenendaal
Vijftien Morgen,11,F,"",3901HA,Veenendaal
Vijftien Morgen,11,G,"",3901HA,Veenendaal
Vijftien Morgen,11,H,"",3901HA,Veenendaal
Vijftien Morgen,11,K,"",3901HA,Veenendaal
Vijftien Morgen,11,L,"",3901HA,Veenendaal
Vijftien Morgen,11,M,"",3901HA,Veenendaal
Vijftien Morgen,11,N,"",3901HA,Veenendaal
Vijftien Morgen,11,P,"",3901HA,Veenendaal
Vijftien Morgen,11,R,"",3901HA,Veenendaal
Vijftien Morgen,11,S,"",3901HA,Veenendaal
Vijftien Morgen,11,T,"",3901HA,Veenendaal
Vijftien Morgen,11,V,"",3901HA,Veenendaal
Vijftien Morgen,11,W,"",3901HA,Veenendaal
Vijftien Morgen,11,X,"",3901HA,Veenendaal
Vijftien Morgen,12,"","",3901HA,Veenendaal
Vijftien Morgen,13,"","",3901HA,Veenendaal
Vijftien Morgen,13,A,"",3901HA,Veenendaal
Vijftien Morgen,13,B,"",3901HA,Veenendaal
Vijftien Morgen,13,C,"",3901HA,Veenendaal
Vijftien Morgen,13,D,"",3901HA,Veenendaal
Vijftien Morgen,13,E,"",3901HA,Veenendaal
Vijftien Morgen,13,F,"",3901HA,Veenendaal
Vijftien Morgen,13,G,"",3901HA,Veenendaal
Vijftien Morgen,13,H,"",3901HA,Veenendaal
Vijftien Morgen,13,K,"",3901HA,Veenendaal
Vijftien Morgen,13,L,"",3901HA,Veenendaal
Vijftien Morgen,13,M,"",3901HA,Veenendaal
Vijftien Morgen,13,N,"",3901HA,Veenendaal
Vijftien Morgen,13,P,"",3901HA,Veenendaal
Vijftien Morgen,13,R,"",3901HA,Veenendaal
Vijftien Morgen,13,S,"",3901HA,Veenendaal
Vijftien Morgen,13,T,"",3901HA,Veenendaal
Vijftien Morgen,13,V,"",3901HA,Veenendaal
Vijftien Morgen,13,W,"",3901HA,Veenendaal
Vijftien Morgen,13,X,"",3901HA,Veenendaal
Vijftien Morgen,13,Y,"",3901HA,Veenendaal
Vijftien Morgen,13,Z,"",3901HA,Veenendaal
Vijftien Morgen,14,"","",3901HA,Veenendaal
Vijftien Morgen,15,"","",3901HA,Veenendaal
Vijftien Morgen,15,"","",3901HA,Veenendaal
Vijftien Morgen,15,"","",3901HA,Veenendaal
Vijftien Morgen,15,A,"",3901HA,Veenendaal
Vijftien Morgen,15,B,"",3901HA,Veenendaal
Vijftien Morgen,15,C,"",3901HA,Veenendaal
Vijftien Morgen,15,D,"",3901HA,Veenendaal
Vijftien Morgen,15,E,"",3901HA,Veenendaal
Vijftien Morgen,15,F,"",3901HA,Veenendaal
Vijftien Morgen,15,G,"",3901HA,Veenendaal
Vijftien Morgen,15,H,"",3901HA,Veenendaal
Vijftien Morgen,15,K,"",3901HA,Veenendaal
Vijftien Morgen,15,L,"",3901HA,Veenendaal
Vijftien Morgen,15,M,"",3901HA,Veenendaal
Vijftien Morgen,15,N,"",3901HA,Veenendaal
Vijftien Morgen,15,P,"",3901HA,Veenendaal
Vijftien Morgen,15,R,"",3901HA,Veenendaal
Vijftien Morgen,15,S,"",3901HA,Veenendaal
Vijftien Morgen,15,T,"",3901HA,Veenendaal
Vijftien Morgen,15,V,"",3901HA,Veenendaal
Vijftien Morgen,15,W,"",3901HA,Veenendaal
Vijftien Morgen,15,X,"",3901HA,Veenendaal
Vijftien Morgen,15,Y,"",3901HA,Veenendaal
Vijftien Morgen,15,Z,"",3901HA,Veenendaal
Vijftien Morgen,17,"","",3901HA,Veenendaal
Vijftien Morgen,17,"","",3901HA,Veenendaal
Vijftien Morgen,17,"","",3901HA,Veenendaal
Vijftien Morgen,17,A,"",3901HA,Veenendaal
Vijftien Morgen,17,A,"",3901HA,Veenendaal
Vijftien Morgen,17,B,"",3901HA,Veenendaal
Vijftien Morgen,17,B,"",3901HA,Veenendaal
Vijftien Morgen,17,C,"",3901HA,Veenendaal
Vijftien Morgen,17,C,"",3901HA,Veenendaal
Vijftien Morgen,17,D,"",3901HA,Veenendaal
Vijftien Morgen,17,D,"",3901HA,Veenendaal
Vijftien Morgen,17,E,"",3901HA,Veenendaal
Vijftien Morgen,17,E,"",3901HA,Veenendaal
Vijftien Morgen,17,F,"",3901HA,Veenendaal
Vijftien Morgen,17,F,"",3901HA,Veenendaal
Vijftien Morgen,17,G,"",3901HA,Veenendaal
Vijftien Morgen,17,G,"",3901HA,Veenendaal
Vijftien Morgen,17,H,"",3901HA,Veenendaal
Vijftien Morgen,19,"","",3901HA,Veenendaal
Vijftien Morgen,19,"","",3901HA,Veenendaal
Vijftien Morgen,19,"","",3901HA,Veenendaal
Vijftien Morgen,19,A,"",3901HA,Veenendaal
Vijftien Morgen,19,A,"",3901HA,Veenendaal
Vijftien Morgen,19,B,"",3901HA,Veenendaal
Vijftien Morgen,19,B,"",3901HA,Veenendaal
Vijftien Morgen,19,C,"",3901HA,Veenendaal
Vijftien Morgen,19,C,"",3901HA,Veenendaal
Vijftien Morgen,19,D,"",3901HA,Veenendaal
Vijftien Morgen,19,D,"",3901HA,Veenendaal
Vijftien Morgen,19,E,"",3901HA,Veenendaal
Vijftien Morgen,19,E,"",3901HA,Veenendaal
Vijftien Morgen,19,F,"",3901HA,Veenendaal
Vijftien Morgen,19,F,"",3901HA,Veenendaal
Vijftien Morgen,19,G,"",3901HA,Veenendaal
Vijftien Morgen,19,G,"",3901HA,Veenendaal
Vijftien Morgen,19,H,"",3901HA,Veenendaal
Vijftien Morgen,2,"","",3901HA,Veenendaal
Vijftien Morgen,21,"","",3901HA,Veenendaal
Vijftien Morgen,21,"","",3901HA,Veenendaal
Vijftien Morgen,21,A,"",3901HA,Veenendaal
Vijftien Morgen,21,B,"",3901HA,Veenendaal
Vijftien Morgen,21,C,"",3901HA,Veenendaal
Vijftien Morgen,21,D,"",3901HA,Veenendaal
Vijftien Morgen,21,E,"",3901HA,Veenendaal
Vijftien Morgen,21,F,"",3901HA,Veenendaal
Vijftien Morgen,21,G,"",3901HA,Veenendaal
Vijftien Morgen,21,H,"",3901HA,Veenendaal
Vijftien Morgen,23,"","",3901HA,Veenendaal
Vijftien Morgen,23,A,"",3901HA,Veenendaal
Vijftien Morgen,23,A,"",3901HA,Veenendaal
Vijftien Morgen,23,B,"",3901HA,Veenendaal
Vijftien Morgen,23,C,"",3901HA,Veenendaal
Vijftien Morgen,25,"","",3901HA,Veenendaal
Vijftien Morgen,25,"","",3901HA,Veenendaal
Vijftien Morgen,25,"","",3901HA,Veenendaal
Vijftien Morgen,25,A,"",3901HA,Veenendaal
Vijftien Morgen,25,B,"",3901HA,Veenendaal
Vijftien Morgen,25,C,"",3901HA,Veenendaal
Vijftien Morgen,27,"","",3901HA,Veenendaal
Vijftien Morgen,27,"","",3901HA,Veenendaal
Vijftien Morgen,27,A,"",3901HA,Veenendaal
Vijftien Morgen,27,B,"",3901HA,Veenendaal
Vijftien Morgen,3,"","",3901HA,Veenendaal
Vijftien Morgen,3,"","",3901HA,Veenendaal
Vijftien Morgen,3,A,"",3901HA,Veenendaal
Vijftien Morgen,31,"","",3901HA,Veenendaal
Vijftien Morgen,4,"","",3901HA,Veenendaal
Vijftien Morgen,5,"","",3901HA,Veenendaal
Vijftien Morgen,5,"","",3901HA,Veenendaal
Vijftien Morgen,51,"","",3901HA,Veenendaal
Vijftien Morgen,7,"","",3901HA,Veenendaal
Vijftien Morgen,9,"","",3901HA,Veenendaal
Vijftien Morgen,9,"","",3901HA,Veenendaal
't Holle Goed,1,"","",3901HB,Veenendaal
't Holle Goed,1,"","",3901HB,Veenendaal
't Holle Goed,1,A,"",3901HB,Veenendaal
't Holle Goed,101,"","",3901HB,Veenendaal
't Holle Goed,103,"","",3901HB,Veenendaal
't Holle Goed,105,"","",3901HB,Veenendaal
't Holle Goed,107,"","",3901HB,Veenendaal
't Holle Goed,109,"","",3901HB,Veenendaal
't Holle Goed,11,"","",3901HB,Veenendaal
't Holle Goed,111,"","",3901HB,Veenendaal
't Holle Goed,113,"","",3901HB,Veenendaal
't Holle Goed,115,"","",3901HB,Veenendaal
't Holle Goed,117,"","",3901HB,Veenendaal
't Holle Goed,119,"","",3901HB,Veenendaal
't Holle Goed,121,"","",3901HB,Veenendaal
't Holle Goed,123,"","",3901HB,Veenendaal
't Holle Goed,125,"","",3901HB,Veenendaal
't Holle Goed,127,"","",3901HB,Veenendaal
't Holle Goed,129,"","",3901HB,Veenendaal
't Holle Goed,13,"","",3901HB,Veenendaal
't Holle Goed,131,"","",3901HB,Veenendaal
't Holle Goed,133,"","",3901HB,Veenendaal
't Holle Goed,135,"","",3901HB,Veenendaal
't Holle Goed,137,"","",3901HB,Veenendaal
't Holle Goed,139,"","",3901HB,Veenendaal
't Holle Goed,141,"","",3901HB,Veenendaal
't Holle Goed,143,"","",3901HB,Veenendaal
't Holle Goed,145,"","",3901HB,Veenendaal
't Holle Goed,147,"","",3901HB,Veenendaal
't Holle Goed,149,"","",3901HB,Veenendaal
't Holle Goed,15,"","",3901HB,Veenendaal
't Holle Goed,151,"","",3901HB,Veenendaal
't Holle Goed,153,"","",3901HB,Veenendaal
't Holle Goed,155,"","",3901HB,Veenendaal
't Holle Goed,157,"","",3901HB,Veenendaal
't Holle Goed,159,"","",3901HB,Veenendaal
't Holle Goed,161,"","",3901HB,Veenendaal
't Holle Goed,163,"","",3901HB,Veenendaal
't Holle Goed,165,"","",3901HB,Veenendaal
't Holle Goed,17,"","",3901HB,Veenendaal
't Holle Goed,19,"","",3901HB,Veenendaal
't Holle Goed,2,"","",3901HB,Veenendaal
't Holle Goed,21,"","",3901HB,Veenendaal
't Holle Goed,23,"","",3901HB,Veenendaal
't Holle Goed,25,"","",3901HB,Veenendaal
't Holle Goed,27,"","",3901HB,Veenendaal
't Holle Goed,29,"","",3901HB,Veenendaal
't Holle Goed,3,"","",3901HB,Veenendaal
't Holle Goed,3,"","",3901HB,Veenendaal
't Holle Goed,3,A,"",3901HB,Veenendaal
't Holle Goed,31,"","",3901HB,Veenendaal
't Holle Goed,33,"","",3901HB,Veenendaal
't Holle Goed,35,"","",3901HB,Veenendaal
't Holle Goed,37,"","",3901HB,Veenendaal
't Holle Goed,39,"","",3901HB,Veenendaal
't Holle Goed,41,"","",3901HB,Veenendaal
't Holle Goed,43,"","",3901HB,Veenendaal
't Holle Goed,45,"","",3901HB,Veenendaal
't Holle Goed,47,"","",3901HB,Veenendaal
't Holle Goed,49,"","",3901HB,Veenendaal
't Holle Goed,5,"","",3901HB,Veenendaal
't Holle Goed,51,"","",3901HB,Veenendaal
't Holle Goed,53,"","",3901HB,Veenendaal
't Holle Goed,55,"","",3901HB,Veenendaal
't Holle Goed,57,"","",3901HB,Veenendaal
't Holle Goed,59,"","",3901HB,Veenendaal
't Holle Goed,61,"","",3901HB,Veenendaal
't Holle Goed,63,"","",3901HB,Veenendaal
't Holle Goed,65,"","",3901HB,Veenendaal
't Holle Goed,67,"","",3901HB,Veenendaal
't Holle Goed,69,"","",3901HB,Veenendaal
't Holle Goed,7,"","",3901HB,Veenendaal
't Holle Goed,7,"","",3901HB,Veenendaal
't Holle Goed,71,"","",3901HB,Veenendaal
't Holle Goed,73,"","",3901HB,Veenendaal
't Holle Goed,75,"","",3901HB,Veenendaal
't Holle Goed,77,"","",3901HB,Veenendaal
't Holle Goed,79,"","",3901HB,Veenendaal
't Holle Goed,81,"","",3901HB,Veenendaal
't Holle Goed,83,"","",3901HB,Veenendaal
't Holle Goed,85,"","",3901HB,Veenendaal
't Holle Goed,87,"","",3901HB,Veenendaal
't Holle Goed,89,"","",3901HB,Veenendaal
't Holle Goed,9,"","",3901HB,Veenendaal
't Holle Goed,91,"","",3901HB,Veenendaal
't Holle Goed,93,"","",3901HB,Veenendaal
't Holle Goed,95,"","",3901HB,Veenendaal
't Holle Goed,97,"","",3901HB,Veenendaal
't Holle Goed,99,"","",3901HB,Veenendaal
Spanjaardsgoed,1,"","",3901HC,Veenendaal
Spanjaardsgoed,10,"","",3901HC,Veenendaal
Spanjaardsgoed,100,"","",3901HC,Veenendaal
Spanjaardsgoed,102,"","",3901HC,Veenendaal
Spanjaardsgoed,104,"","",3901HC,Veenendaal
Spanjaardsgoed,106,"","",3901HC,Veenendaal
Spanjaardsgoed,108,"","",3901HC,Veenendaal
Spanjaardsgoed,110,"","",3901HC,Veenendaal
Spanjaardsgoed,112,"","",3901HC,Veenendaal
Spanjaardsgoed,114,"","",3901HC,Veenendaal
Spanjaardsgoed,116,"","",3901HC,Veenendaal
Spanjaardsgoed,118,"","",3901HC,Veenendaal
Spanjaardsgoed,12,"","",3901HC,Veenendaal
Spanjaardsgoed,120,"","",3901HC,Veenendaal
Spanjaardsgoed,122,"","",3901HC,Veenendaal
Spanjaardsgoed,124,"","",3901HC,Veenendaal
Spanjaardsgoed,126,"","",3901HC,Veenendaal
Spanjaardsgoed,128,"","",3901HC,Veenendaal
Spanjaardsgoed,130,"","",3901HC,Veenendaal
Spanjaardsgoed,132,"","",3901HC,Veenendaal
Spanjaardsgoed,134,"","",3901HC,Veenendaal
Spanjaardsgoed,136,"","",3901HC,Veenendaal
Spanjaardsgoed,138,"","",3901HC,Veenendaal
Spanjaardsgoed,14,"","",3901HC,Veenendaal
Spanjaardsgoed,14,"","",3901HC,Veenendaal
Spanjaardsgoed,140,"","",3901HC,Veenendaal
Spanjaardsgoed,142,"","",3901HC,Veenendaal
Spanjaardsgoed,144,"","",3901HC,Veenendaal
Spanjaardsgoed,146,"","",3901HC,Veenendaal
Spanjaardsgoed,148,"","",3901HC,Veenendaal
Spanjaardsgoed,150,"","",3901HC,Veenendaal
Spanjaardsgoed,152,"","",3901HC,Veenendaal
Spanjaardsgoed,154,"","",3901HC,Veenendaal
Spanjaardsgoed,156,"","",3901HC,Veenendaal
Spanjaardsgoed,158,"","",3901HC,Veenendaal
Spanjaardsgoed,16,"","",3901HC,Veenendaal
Spanjaardsgoed,160,"","",3901HC,Veenendaal
Spanjaardsgoed,162,"","",3901HC,Veenendaal
Spanjaardsgoed,164,"","",3901HC,Veenendaal
Spanjaardsgoed,166,"","",3901HC,Veenendaal
Spanjaardsgoed,168,"","",3901HC,Veenendaal
Spanjaardsgoed,18,"","",3901HC,Veenendaal
Spanjaardsgoed,2,"","",3901HC,Veenendaal
Spanjaardsgoed,20,"","",3901HC,Veenendaal
Spanjaardsgoed,22,"","",3901HC,Veenendaal
Spanjaardsgoed,24,"","",3901HC,Veenendaal
Spanjaardsgoed,26,"","",3901HC,Veenendaal
Spanjaardsgoed,28,"","",3901HC,Veenendaal
Spanjaardsgoed,3,"","",3901HC,Veenendaal
Spanjaardsgoed,30,"","",3901HC,Veenendaal
Spanjaardsgoed,32,"","",3901HC,Veenendaal
Spanjaardsgoed,34,"","",3901HC,Veenendaal
Spanjaardsgoed,36,"","",3901HC,Veenendaal
Spanjaardsgoed,38,"","",3901HC,Veenendaal
Spanjaardsgoed,4,"","",3901HC,Veenendaal
Spanjaardsgoed,40,"","",3901HC,Veenendaal
Spanjaardsgoed,42,"","",3901HC,Veenendaal
Spanjaardsgoed,44,"","",3901HC,Veenendaal
Spanjaardsgoed,46,"","",3901HC,Veenendaal
Spanjaardsgoed,48,"","",3901HC,Veenendaal
Spanjaardsgoed,5,"","",3901HC,Veenendaal
Spanjaardsgoed,5,A,"",3901HC,Veenendaal
Spanjaardsgoed,50,"","",3901HC,Veenendaal
Spanjaardsgoed,52,"","",3901HC,Veenendaal
Spanjaardsgoed,54,"","",3901HC,Veenendaal
Spanjaardsgoed,56,"","",3901HC,Veenendaal
Spanjaardsgoed,58,"","",3901HC,Veenendaal
Spanjaardsgoed,6,"","",3901HC,Veenendaal
Spanjaardsgoed,60,"","",3901HC,Veenendaal
Spanjaardsgoed,62,"","",3901HC,Veenendaal
Spanjaardsgoed,64,"","",3901HC,Veenendaal
Spanjaardsgoed,66,"","",3901HC,Veenendaal
Spanjaardsgoed,68,"","",3901HC,Veenendaal
Spanjaardsgoed,7,"","",3901HC,Veenendaal
Spanjaardsgoed,70,"","",3901HC,Veenendaal
Spanjaardsgoed,72,"","",3901HC,Veenendaal
Spanjaardsgoed,74,"","",3901HC,Veenendaal
Spanjaardsgoed,76,"","",3901HC,Veenendaal
Spanjaardsgoed,78,"","",3901HC,Veenendaal
Spanjaardsgoed,8,"","",3901HC,Veenendaal
Spanjaardsgoed,80,"","",3901HC,Veenendaal
Spanjaardsgoed,82,"","",3901HC,Veenendaal
Spanjaardsgoed,84,"","",3901HC,Veenendaal
Spanjaardsgoed,86,"","",3901HC,Veenendaal
Spanjaardsgoed,88,"","",3901HC,Veenendaal
Spanjaardsgoed,90,"","",3901HC,Veenendaal
Spanjaardsgoed,92,"","",3901HC,Veenendaal
Spanjaardsgoed,94,"","",3901HC,Veenendaal
Spanjaardsgoed,96,"","",3901HC,Veenendaal
Spanjaardsgoed,98,"","",3901HC,Veenendaal
De Kleine Pekken,1,"","",3901JA,Veenendaal
De Kleine Pekken,11,"","",3901JA,Veenendaal
De Kleine Pekken,13,"","",3901JA,Veenendaal
De Kleine Pekken,15,"","",3901JA,Veenendaal
De Kleine Pekken,17,"","",3901JA,Veenendaal
De Kleine Pekken,19,"","",3901JA,Veenendaal
De Kleine Pekken,3,"","",3901JA,Veenendaal
De Kleine Pekken,5,"","",3901JA,Veenendaal
De Kleine Pekken,7,"","",3901JA,Veenendaal
De Kleine Pekken,9,"","",3901JA,Veenendaal
De Grote Pekken,11,"","",3901JB,Veenendaal
De Grote Pekken,11,"","",3901JB,Veenendaal
De Grote Pekken,11,A,"",3901JB,Veenendaal
De Grote Pekken,3,"","",3901JB,Veenendaal
De Grote Pekken,10,"","",3901JC,Veenendaal
De Grote Pekken,12,"","",3901JC,Veenendaal
De Grote Pekken,14,"","",3901JC,Veenendaal
De Grote Pekken,16,"","",3901JC,Veenendaal
De Grote Pekken,18,"","",3901JC,Veenendaal
De Grote Pekken,2,"","",3901JC,Veenendaal
De Grote Pekken,2,"",GA01,3901JC,Veenendaal
De Grote Pekken,2,"",GA02,3901JC,Veenendaal
De Grote Pekken,2,"",GA03,3901JC,Veenendaal
De Grote Pekken,2,"",GA04,3901JC,Veenendaal
De Grote Pekken,2,"",GA05,3901JC,Veenendaal
De Grote Pekken,2,"",GA06,3901JC,Veenendaal
De Grote Pekken,2,"",GA07,3901JC,Veenendaal
De Grote Pekken,2,"",GA08,3901JC,Veenendaal
De Grote Pekken,2,"",GA09,3901JC,Veenendaal
De Grote Pekken,2,"",GA10,3901JC,Veenendaal
De Grote Pekken,2,"",GA11,3901JC,Veenendaal
De Grote Pekken,20,"","",3901JC,Veenendaal
De Grote Pekken,22,"","",3901JC,Veenendaal
De Grote Pekken,24,"","",3901JC,Veenendaal
De Grote Pekken,26,"","",3901JC,Veenendaal
De Grote Pekken,28,"","",3901JC,Veenendaal
De Grote Pekken,30,"","",3901JC,Veenendaal
De Grote Pekken,32,"","",3901JC,Veenendaal
De Grote Pekken,34,"","",3901JC,Veenendaal
De Grote Pekken,36,"","",3901JC,Veenendaal
De Grote Pekken,38,"","",3901JC,Veenendaal
De Grote Pekken,4,"","",3901JC,Veenendaal
De Grote Pekken,40,"","",3901JC,Veenendaal
De Grote Pekken,6,"","",3901JC,Veenendaal
De Grote Pekken,8,"","",3901JC,Veenendaal
De Grote Pekken,42,"","",3901JD,Veenendaal
De Grote Pekken,44,"","",3901JD,Veenendaal
De Grote Pekken,46,"","",3901JD,Veenendaal
De Grote Pekken,48,"","",3901JD,Veenendaal
De Grote Pekken,50,"","",3901JD,Veenendaal
De Grote Pekken,52,"","",3901JD,Veenendaal
De Grote Pekken,54,"","",3901JD,Veenendaal
De Grote Pekken,56,"","",3901JD,Veenendaal
De Grote Pekken,58,"","",3901JD,Veenendaal
De Grote Pekken,60,"","",3901JD,Veenendaal
De Grote Pekken,62,"","",3901JD,Veenendaal
De Grote Pekken,64,"","",3901JD,Veenendaal
De Grote Pekken,66,"","",3901JD,Veenendaal
De Grote Pekken,68,"","",3901JD,Veenendaal
De Grote Pekken,70,"","",3901JD,Veenendaal
De Grote Pekken,72,"","",3901JD,Veenendaal
De Grote Pekken,74,"","",3901JD,Veenendaal
De Grote Pekken,76,"","",3901JD,Veenendaal
De Grote Pekken,78,"","",3901JD,Veenendaal
De Grote Pekken,80,"","",3901JD,Veenendaal
De Grote Pekken,100,"","",3901JE,Veenendaal
De Grote Pekken,102,"","",3901JE,Veenendaal
De Grote Pekken,104,"","",3901JE,Veenendaal
De Grote Pekken,106,"","",3901JE,Veenendaal
De Grote Pekken,108,"","",3901JE,Veenendaal
De Grote Pekken,110,"","",3901JE,Veenendaal
De Grote Pekken,112,"","",3901JE,Veenendaal
De Grote Pekken,114,"","",3901JE,Veenendaal
De Grote Pekken,116,"","",3901JE,Veenendaal
De Grote Pekken,118,"","",3901JE,Veenendaal
De Grote Pekken,120,"","",3901JE,Veenendaal
De Grote Pekken,82,"","",3901JE,Veenendaal
De Grote Pekken,84,"","",3901JE,Veenendaal
De Grote Pekken,86,"","",3901JE,Veenendaal
De Grote Pekken,88,"","",3901JE,Veenendaal
De Grote Pekken,90,"","",3901JE,Veenendaal
De Grote Pekken,92,"","",3901JE,Veenendaal
De Grote Pekken,94,"","",3901JE,Veenendaal
De Grote Pekken,96,"","",3901JE,Veenendaal
De Grote Pekken,98,"","",3901JE,Veenendaal
De Grote Pekken,122,"","",3901JG,Veenendaal
De Grote Pekken,124,"","",3901JG,Veenendaal
De Grote Pekken,126,"","",3901JG,Veenendaal
De Grote Pekken,128,"","",3901JG,Veenendaal
De Grote Pekken,130,"","",3901JG,Veenendaal
De Grote Pekken,132,"","",3901JG,Veenendaal
De Grote Pekken,134,"","",3901JG,Veenendaal
De Grote Pekken,136,"","",3901JG,Veenendaal
De Grote Pekken,138,"","",3901JG,Veenendaal
De Grote Pekken,140,"","",3901JG,Veenendaal
De Grote Pekken,142,"","",3901JG,Veenendaal
De Grote Pekken,144,"","",3901JG,Veenendaal
De Grote Pekken,146,"","",3901JG,Veenendaal
De Grote Pekken,148,"","",3901JG,Veenendaal
De Grote Pekken,150,"","",3901JG,Veenendaal
De Grote Pekken,152,"","",3901JG,Veenendaal
De Grote Pekken,154,"","",3901JG,Veenendaal
De Grote Pekken,156,"","",3901JG,Veenendaal
De Grote Pekken,158,"","",3901JG,Veenendaal
De Grote Pekken,160,"","",3901JG,Veenendaal
De Grote Pekken,160,A,"",3901JG,Veenendaal
De Grote Pekken,162,"","",3901JH,Veenendaal
De Grote Pekken,162,"",GA01,3901JH,Veenendaal
De Grote Pekken,162,"",GA02,3901JH,Veenendaal
De Grote Pekken,162,"",GA03,3901JH,Veenendaal
De Grote Pekken,162,"",GA04,3901JH,Veenendaal
De Grote Pekken,162,"",GA05,3901JH,Veenendaal
De Grote Pekken,162,"",GA06,3901JH,Veenendaal
De Grote Pekken,162,"",GA07,3901JH,Veenendaal
De Grote Pekken,162,"",GA08,3901JH,Veenendaal
De Grote Pekken,162,"",GA09,3901JH,Veenendaal
De Grote Pekken,162,"",GA10,3901JH,Veenendaal
De Grote Pekken,162,"",GA11,3901JH,Veenendaal
De Grote Pekken,162,A,"",3901JH,Veenendaal
De Grote Pekken,162,B,"",3901JH,Veenendaal
De Grote Pekken,164,"","",3901JH,Veenendaal
De Grote Pekken,166,"","",3901JH,Veenendaal
De Grote Pekken,168,"","",3901JH,Veenendaal
De Grote Pekken,170,"","",3901JH,Veenendaal
De Grote Pekken,172,"","",3901JH,Veenendaal
De Grote Pekken,172,A,"",3901JH,Veenendaal
De Grote Pekken,172,B,"",3901JH,Veenendaal
De Grote Pekken,174,"","",3901JH,Veenendaal
De Grote Pekken,176,"","",3901JH,Veenendaal
De Grote Pekken,178,"","",3901JH,Veenendaal
De Grote Pekken,180,"","",3901JH,Veenendaal
De Grote Pekken,182,"","",3901JH,Veenendaal
De Grote Pekken,182,A,"",3901JH,Veenendaal
De Grote Pekken,182,B,"",3901JH,Veenendaal
De Grote Pekken,184,"","",3901JH,Veenendaal
De Grote Pekken,186,"","",3901JH,Veenendaal
De Grote Pekken,188,"","",3901JH,Veenendaal
De Grote Pekken,190,"","",3901JH,Veenendaal
De Grote Pekken,192,"","",3901JH,Veenendaal
De Grote Pekken,192,A,"",3901JH,Veenendaal
De Grote Pekken,192,B,"",3901JH,Veenendaal
De Grote Pekken,194,"","",3901JH,Veenendaal
De Grote Pekken,196,"","",3901JH,Veenendaal
De Grote Pekken,198,"","",3901JH,Veenendaal
De Grote Pekken,200,"","",3901JH,Veenendaal
De Grote Pekken,202,"","",3901JJ,Veenendaal
De Grote Pekken,202,A,"",3901JJ,Veenendaal
De Grote Pekken,202,B,"",3901JJ,Veenendaal
De Grote Pekken,204,"","",3901JJ,Veenendaal
De Grote Pekken,206,"","",3901JJ,Veenendaal
De Grote Pekken,208,"","",3901JJ,Veenendaal
De Grote Pekken,210,"","",3901JJ,Veenendaal
De Grote Pekken,212,"","",3901JJ,Veenendaal
De Grote Pekken,212,A,"",3901JJ,Veenendaal
De Grote Pekken,212,B,"",3901JJ,Veenendaal
De Grote Pekken,214,"","",3901JJ,Veenendaal
De Grote Pekken,216,"","",3901JJ,Veenendaal
De Grote Pekken,218,"","",3901JJ,Veenendaal
De Grote Pekken,220,"","",3901JJ,Veenendaal
De Grote Pekken,222,"","",3901JJ,Veenendaal
De Grote Pekken,222,A,"",3901JJ,Veenendaal
De Grote Pekken,222,B,"",3901JJ,Veenendaal
De Grote Pekken,224,"","",3901JJ,Veenendaal
De Grote Pekken,226,"","",3901JJ,Veenendaal
De Grote Pekken,228,"","",3901JJ,Veenendaal
De Grote Pekken,230,"","",3901JJ,Veenendaal
De Grote Pekken,232,"","",3901JJ,Veenendaal
De Grote Pekken,232,A,"",3901JJ,Veenendaal
De Grote Pekken,234,"","",3901JJ,Veenendaal
De Grote Pekken,236,"","",3901JJ,Veenendaal
De Grote Pekken,238,"","",3901JJ,Veenendaal
De Grote Pekken,240,"","",3901JJ,Veenendaal
De Grote Pekken,242,"","",3901JK,Veenendaal
De Grote Pekken,244,"","",3901JK,Veenendaal
De Grote Pekken,246,"","",3901JK,Veenendaal
De Grote Pekken,248,"","",3901JK,Veenendaal
De Grote Pekken,250,"","",3901JK,Veenendaal
De Grote Pekken,252,"","",3901JK,Veenendaal
De Grote Pekken,254,"","",3901JK,Veenendaal
De Grote Pekken,256,"","",3901JK,Veenendaal
De Grote Pekken,258,"","",3901JK,Veenendaal
De Grote Pekken,260,"","",3901JK,Veenendaal
De Grote Pekken,262,"","",3901JK,Veenendaal
De Grote Pekken,264,"","",3901JK,Veenendaal
De Grote Pekken,266,"","",3901JK,Veenendaal
De Grote Pekken,268,"","",3901JK,Veenendaal
De Grote Pekken,270,"","",3901JK,Veenendaal
De Grote Pekken,272,"","",3901JK,Veenendaal
De Grote Pekken,274,"","",3901JK,Veenendaal
De Grote Pekken,276,"","",3901JK,Veenendaal
De Grote Pekken,278,"","",3901JK,Veenendaal
De Grote Pekken,280,"","",3901JK,Veenendaal
De Grote Pekken,282,"","",3901JL,Veenendaal
De Grote Pekken,284,"","",3901JL,Veenendaal
De Grote Pekken,286,"","",3901JL,Veenendaal
De Grote Pekken,288,"","",3901JL,Veenendaal
De Grote Pekken,290,"","",3901JL,Veenendaal
De Grote Pekken,292,"","",3901JL,Veenendaal
De Grote Pekken,294,"","",3901JL,Veenendaal
De Grote Pekken,296,"","",3901JL,Veenendaal
De Grote Pekken,298,"","",3901JL,Veenendaal
De Grote Pekken,300,"","",3901JL,Veenendaal
De Grote Pekken,302,"","",3901JL,Veenendaal
De Grote Pekken,304,"","",3901JL,Veenendaal
De Grote Pekken,306,"","",3901JL,Veenendaal
De Grote Pekken,308,"","",3901JL,Veenendaal
De Grote Pekken,310,"","",3901JL,Veenendaal
De Grote Pekken,312,"","",3901JL,Veenendaal
De Grote Pekken,314,"","",3901JL,Veenendaal
De Grote Pekken,316,"","",3901JL,Veenendaal
De Grote Pekken,318,"","",3901JL,Veenendaal
De Grote Pekken,320,"","",3901JL,Veenendaal
De Grote Pekken,324,"","",3901JM,Veenendaal
De Grote Pekken,324,"",GA01,3901JM,Veenendaal
De Grote Pekken,324,"",GA02,3901JM,Veenendaal
De Grote Pekken,324,"",GA03,3901JM,Veenendaal
De Grote Pekken,324,"",GA04,3901JM,Veenendaal
De Grote Pekken,324,"",GA05,3901JM,Veenendaal
De Grote Pekken,324,"",GA06,3901JM,Veenendaal
De Grote Pekken,324,"",GA07,3901JM,Veenendaal
De Grote Pekken,324,"",GA08,3901JM,Veenendaal
De Grote Pekken,324,"",GA09,3901JM,Veenendaal
De Grote Pekken,324,"",GA10,3901JM,Veenendaal
De Grote Pekken,324,"",GA11,3901JM,Veenendaal
De Grote Pekken,324,A,"",3901JM,Veenendaal
De Grote Pekken,324,B,"",3901JM,Veenendaal
De Grote Pekken,326,"","",3901JM,Veenendaal
De Grote Pekken,328,"","",3901JM,Veenendaal
De Grote Pekken,330,"","",3901JM,Veenendaal
De Grote Pekken,332,"","",3901JM,Veenendaal
De Grote Pekken,334,"","",3901JM,Veenendaal
De Grote Pekken,334,A,"",3901JM,Veenendaal
De Grote Pekken,334,B,"",3901JM,Veenendaal
De Grote Pekken,336,"","",3901JM,Veenendaal
De Grote Pekken,338,"","",3901JM,Veenendaal
De Grote Pekken,340,"","",3901JM,Veenendaal
De Grote Pekken,342,"","",3901JM,Veenendaal
De Grote Pekken,344,"","",3901JM,Veenendaal
De Grote Pekken,344,A,"",3901JM,Veenendaal
De Grote Pekken,344,B,"",3901JM,Veenendaal
De Grote Pekken,346,"","",3901JM,Veenendaal
De Grote Pekken,348,"","",3901JM,Veenendaal
De Grote Pekken,350,"","",3901JM,Veenendaal
De Grote Pekken,352,"","",3901JM,Veenendaal
De Grote Pekken,354,"","",3901JM,Veenendaal
De Grote Pekken,354,A,"",3901JM,Veenendaal
De Grote Pekken,354,B,"",3901JM,Veenendaal
De Grote Pekken,356,"","",3901JM,Veenendaal
De Grote Pekken,358,"","",3901JM,Veenendaal
De Grote Pekken,360,"","",3901JM,Veenendaal
De Grote Pekken,362,"","",3901JM,Veenendaal
De Grote Pekken,364,"","",3901JN,Veenendaal
De Grote Pekken,364,A,"",3901JN,Veenendaal
De Grote Pekken,364,B,"",3901JN,Veenendaal
De Grote Pekken,366,"","",3901JN,Veenendaal
De Grote Pekken,368,"","",3901JN,Veenendaal
De Grote Pekken,370,"","",3901JN,Veenendaal
De Grote Pekken,372,"","",3901JN,Veenendaal
De Grote Pekken,374,"","",3901JN,Veenendaal
De Grote Pekken,374,A,"",3901JN,Veenendaal
De Grote Pekken,374,B,"",3901JN,Veenendaal
De Grote Pekken,376,"","",3901JN,Veenendaal
De Grote Pekken,378,"","",3901JN,Veenendaal
De Grote Pekken,380,"","",3901JN,Veenendaal
De Grote Pekken,382,"","",3901JN,Veenendaal
De Grote Pekken,384,"","",3901JN,Veenendaal
De Grote Pekken,384,A,"",3901JN,Veenendaal
De Grote Pekken,384,B,"",3901JN,Veenendaal
De Grote Pekken,386,"","",3901JN,Veenendaal
De Grote Pekken,388,"","",3901JN,Veenendaal
De Grote Pekken,390,"","",3901JN,Veenendaal
De Grote Pekken,392,"","",3901JN,Veenendaal
De Grote Pekken,394,"","",3901JN,Veenendaal
De Grote Pekken,394,A,"",3901JN,Veenendaal
De Grote Pekken,396,"","",3901JN,Veenendaal
De Grote Pekken,398,"","",3901JN,Veenendaal
De Grote Pekken,400,"","",3901JN,Veenendaal
De Grote Pekken,402,"","",3901JN,Veenendaal
De Grote Pekken,404,"","",3901JP,Veenendaal
De Grote Pekken,406,"","",3901JP,Veenendaal
De Grote Pekken,408,"","",3901JP,Veenendaal
De Grote Pekken,410,"","",3901JP,Veenendaal
De Grote Pekken,412,"","",3901JP,Veenendaal
De Grote Pekken,414,"","",3901JP,Veenendaal
De Grote Pekken,416,"","",3901JP,Veenendaal
De Grote Pekken,418,"","",3901JP,Veenendaal
De Grote Pekken,420,"","",3901JP,Veenendaal
De Grote Pekken,422,"","",3901JP,Veenendaal
De Grote Pekken,424,"","",3901JP,Veenendaal
De Grote Pekken,426,"","",3901JP,Veenendaal
De Grote Pekken,428,"","",3901JP,Veenendaal
De Grote Pekken,430,"","",3901JP,Veenendaal
De Grote Pekken,432,"","",3901JP,Veenendaal
De Grote Pekken,434,"","",3901JP,Veenendaal
De Grote Pekken,436,"","",3901JP,Veenendaal
De Grote Pekken,438,"","",3901JP,Veenendaal
De Grote Pekken,440,"","",3901JP,Veenendaal
De Grote Pekken,442,"","",3901JP,Veenendaal
De Grote Pekken,444,"","",3901JR,Veenendaal
De Grote Pekken,446,"","",3901JR,Veenendaal
De Grote Pekken,448,"","",3901JR,Veenendaal
De Grote Pekken,450,"","",3901JR,Veenendaal
De Grote Pekken,452,"","",3901JR,Veenendaal
De Grote Pekken,454,"","",3901JR,Veenendaal
De Grote Pekken,456,"","",3901JR,Veenendaal
De Grote Pekken,458,"","",3901JR,Veenendaal
De Grote Pekken,460,"","",3901JR,Veenendaal
De Grote Pekken,462,"","",3901JR,Veenendaal
De Grote Pekken,464,"","",3901JR,Veenendaal
De Grote Pekken,466,"","",3901JR,Veenendaal
De Grote Pekken,468,"","",3901JR,Veenendaal
De Grote Pekken,470,"","",3901JR,Veenendaal
De Grote Pekken,472,"","",3901JR,Veenendaal
De Grote Pekken,474,"","",3901JR,Veenendaal
De Grote Pekken,476,"","",3901JR,Veenendaal
De Grote Pekken,478,"","",3901JR,Veenendaal
De Grote Pekken,480,"","",3901JR,Veenendaal
De Grote Pekken,482,"","",3901JR,Veenendaal
De Grote Pekken,482,A,"",3901JR,Veenendaal
De Grote Pekken,484,"","",3901JS,Veenendaal
De Grote Pekken,484,"",GA01,3901JS,Veenendaal
De Grote Pekken,484,"",GA02,3901JS,Veenendaal
De Grote Pekken,484,"",GA03,3901JS,Veenendaal
De Grote Pekken,484,"",GA04,3901JS,Veenendaal
De Grote Pekken,484,"",GA05,3901JS,Veenendaal
De Grote Pekken,484,"",GA06,3901JS,Veenendaal
De Grote Pekken,484,"",GA07,3901JS,Veenendaal
De Grote Pekken,484,"",GA08,3901JS,Veenendaal
De Grote Pekken,484,"",GA09,3901JS,Veenendaal
De Grote Pekken,484,"",GA10,3901JS,Veenendaal
De Grote Pekken,484,"",GA11,3901JS,Veenendaal
De Grote Pekken,484,A,"",3901JS,Veenendaal
De Grote Pekken,484,B,"",3901JS,Veenendaal
De Grote Pekken,486,"","",3901JS,Veenendaal
De Grote Pekken,488,"","",3901JS,Veenendaal
De Grote Pekken,490,"","",3901JS,Veenendaal
De Grote Pekken,492,"","",3901JS,Veenendaal
De Grote Pekken,494,"","",3901JS,Veenendaal
De Grote Pekken,494,A,"",3901JS,Veenendaal
De Grote Pekken,494,B,"",3901JS,Veenendaal
De Grote Pekken,496,"","",3901JS,Veenendaal
De Grote Pekken,498,"","",3901JS,Veenendaal
De Grote Pekken,500,"","",3901JS,Veenendaal
De Grote Pekken,502,"","",3901JS,Veenendaal
De Grote Pekken,504,"","",3901JS,Veenendaal
De Grote Pekken,504,A,"",3901JS,Veenendaal
De Grote Pekken,504,B,"",3901JS,Veenendaal
De Grote Pekken,506,"","",3901JS,Veenendaal
De Grote Pekken,508,"","",3901JS,Veenendaal
De Grote Pekken,510,"","",3901JS,Veenendaal
De Grote Pekken,512,"","",3901JS,Veenendaal
De Grote Pekken,514,"","",3901JS,Veenendaal
De Grote Pekken,514,A,"",3901JS,Veenendaal
De Grote Pekken,514,B,"",3901JS,Veenendaal
De Grote Pekken,516,"","",3901JS,Veenendaal
De Grote Pekken,518,"","",3901JS,Veenendaal
De Grote Pekken,520,"","",3901JS,Veenendaal
De Grote Pekken,522,"","",3901JS,Veenendaal
De Grote Pekken,524,"","",3901JT,Veenendaal
De Grote Pekken,524,A,"",3901JT,Veenendaal
De Grote Pekken,524,B,"",3901JT,Veenendaal
De Grote Pekken,526,"","",3901JT,Veenendaal
De Grote Pekken,528,"","",3901JT,Veenendaal
De Grote Pekken,530,"","",3901JT,Veenendaal
De Grote Pekken,532,"","",3901JT,Veenendaal
De Grote Pekken,534,"","",3901JT,Veenendaal
De Grote Pekken,534,A,"",3901JT,Veenendaal
De Grote Pekken,534,B,"",3901JT,Veenendaal
De Grote Pekken,536,"","",3901JT,Veenendaal
De Grote Pekken,538,"","",3901JT,Veenendaal
De Grote Pekken,540,"","",3901JT,Veenendaal
De Grote Pekken,542,"","",3901JT,Veenendaal
De Grote Pekken,544,"","",3901JT,Veenendaal
De Grote Pekken,544,A,"",3901JT,Veenendaal
De Grote Pekken,544,B,"",3901JT,Veenendaal
De Grote Pekken,546,"","",3901JT,Veenendaal
De Grote Pekken,548,"","",3901JT,Veenendaal
De Grote Pekken,550,"","",3901JT,Veenendaal
De Grote Pekken,552,"","",3901JT,Veenendaal
De Grote Pekken,554,"","",3901JT,Veenendaal
De Grote Pekken,554,A,"",3901JT,Veenendaal
De Grote Pekken,556,"","",3901JT,Veenendaal
De Grote Pekken,558,"","",3901JT,Veenendaal
De Grote Pekken,560,"","",3901JT,Veenendaal
De Grote Pekken,562,"","",3901JT,Veenendaal
De Grote Pekken,564,"","",3901JV,Veenendaal
De Grote Pekken,566,"","",3901JV,Veenendaal
De Grote Pekken,568,"","",3901JV,Veenendaal
De Grote Pekken,570,"","",3901JV,Veenendaal
De Grote Pekken,572,"","",3901JV,Veenendaal
De Grote Pekken,574,"","",3901JV,Veenendaal
De Grote Pekken,576,"","",3901JV,Veenendaal
De Grote Pekken,578,"","",3901JV,Veenendaal
De Grote Pekken,580,"","",3901JV,Veenendaal
De Grote Pekken,582,"","",3901JV,Veenendaal
De Grote Pekken,584,"","",3901JV,Veenendaal
De Grote Pekken,586,"","",3901JV,Veenendaal
De Grote Pekken,588,"","",3901JV,Veenendaal
De Grote Pekken,590,"","",3901JV,Veenendaal
De Grote Pekken,592,"","",3901JV,Veenendaal
De Grote Pekken,594,"","",3901JV,Veenendaal
De Grote Pekken,596,"","",3901JV,Veenendaal
De Grote Pekken,598,"","",3901JV,Veenendaal
De Grote Pekken,600,"","",3901JV,Veenendaal
De Grote Pekken,602,"","",3901JV,Veenendaal
De Grote Pekken,604,"","",3901JW,Veenendaal
De Grote Pekken,606,"","",3901JW,Veenendaal
De Grote Pekken,608,"","",3901JW,Veenendaal
De Grote Pekken,610,"","",3901JW,Veenendaal
De Grote Pekken,612,"","",3901JW,Veenendaal
De Grote Pekken,614,"","",3901JW,Veenendaal
De Grote Pekken,616,"","",3901JW,Veenendaal
De Grote Pekken,618,"","",3901JW,Veenendaal
De Grote Pekken,620,"","",3901JW,Veenendaal
De Grote Pekken,622,"","",3901JW,Veenendaal
De Grote Pekken,624,"","",3901JW,Veenendaal
De Grote Pekken,626,"","",3901JW,Veenendaal
De Grote Pekken,628,"","",3901JW,Veenendaal
De Grote Pekken,630,"","",3901JW,Veenendaal
De Grote Pekken,632,"","",3901JW,Veenendaal
De Grote Pekken,634,"","",3901JW,Veenendaal
De Grote Pekken,636,"","",3901JW,Veenendaal
De Grote Pekken,638,"","",3901JW,Veenendaal
De Grote Pekken,640,"","",3901JW,Veenendaal
De Grote Pekken,642,"","",3901JW,Veenendaal
Duizend Roeden,1,"","",3901KA,Veenendaal
Duizend Roeden,11,"","",3901KA,Veenendaal
Duizend Roeden,13,"","",3901KA,Veenendaal
Duizend Roeden,15,"","",3901KA,Veenendaal
Duizend Roeden,17,"","",3901KA,Veenendaal
Duizend Roeden,19,"","",3901KA,Veenendaal
Duizend Roeden,2,"","",3901KA,Veenendaal
Duizend Roeden,21,"","",3901KA,Veenendaal
Duizend Roeden,23,"","",3901KA,Veenendaal
Duizend Roeden,25,"","",3901KA,Veenendaal
Duizend Roeden,27,"","",3901KA,Veenendaal
Duizend Roeden,3,"","",3901KA,Veenendaal
Duizend Roeden,4,"","",3901KA,Veenendaal
Duizend Roeden,5,"","",3901KA,Veenendaal
Duizend Roeden,7,"","",3901KA,Veenendaal
Duizend Roeden,9,"","",3901KA,Veenendaal
Dillewijnen,10,"","",3901KB,Veenendaal
Dillewijnen,12,"","",3901KB,Veenendaal
Dillewijnen,14,"","",3901KB,Veenendaal
Dillewijnen,2,"","",3901KB,Veenendaal
Dillewijnen,4,"","",3901KB,Veenendaal
Dillewijnen,6,"","",3901KB,Veenendaal
Dillewijnen,8,"","",3901KB,Veenendaal
De Bongerd,10,"","",3901KC,Veenendaal
De Bongerd,12,"","",3901KC,Veenendaal
De Bongerd,14,"","",3901KC,Veenendaal
De Bongerd,16,"","",3901KC,Veenendaal
De Bongerd,18,"","",3901KC,Veenendaal
De Bongerd,2,"","",3901KC,Veenendaal
De Bongerd,20,"","",3901KC,Veenendaal
De Bongerd,3,"","",3901KC,Veenendaal
De Bongerd,4,"","",3901KC,Veenendaal
De Bongerd,6,"","",3901KC,Veenendaal
De Bongerd,8,"","",3901KC,Veenendaal
De Fuikenweide,1,"","",3901KD,Veenendaal
De Fuikenweide,10,"","",3901KD,Veenendaal
De Fuikenweide,12,"","",3901KD,Veenendaal
De Fuikenweide,14,"","",3901KD,Veenendaal
De Fuikenweide,16,"","",3901KD,Veenendaal
De Fuikenweide,18,"","",3901KD,Veenendaal
De Fuikenweide,2,"","",3901KD,Veenendaal
De Fuikenweide,20,"","",3901KD,Veenendaal
De Fuikenweide,22,"","",3901KD,Veenendaal
De Fuikenweide,24,"","",3901KD,Veenendaal
De Fuikenweide,4,"","",3901KD,Veenendaal
De Fuikenweide,6,"","",3901KD,Veenendaal
De Fuikenweide,8,"","",3901KD,Veenendaal
De Tinneweide,131,"","",3901KJ,Veenendaal
De Tinneweide,131,"","",3901KJ,Veenendaal
De Tinneweide,133,"","",3901KJ,Veenendaal
De Tinneweide,135,"","",3901KJ,Veenendaal
De Tinneweide,137,"","",3901KJ,Veenendaal
De Tinneweide,139,"","",3901KJ,Veenendaal
De Tinneweide,141,"","",3901KJ,Veenendaal
De Tinneweide,143,"","",3901KJ,Veenendaal
De Tinneweide,145,"","",3901KJ,Veenendaal
De Tinneweide,147,"","",3901KJ,Veenendaal
De Tinneweide,149,"","",3901KJ,Veenendaal
De Tinneweide,151,"","",3901KJ,Veenendaal
De Tinneweide,151,A,"",3901KJ,Veenendaal
De Tinneweide,153,"","",3901KJ,Veenendaal
De Tinneweide,155,"","",3901KJ,Veenendaal
De Tinneweide,157,"","",3901KJ,Veenendaal
De Tinneweide,159,"","",3901KJ,Veenendaal
De Tinneweide,161,"","",3901KJ,Veenendaal
De Tinneweide,163,"","",3901KJ,Veenendaal
De Tinneweide,165,"","",3901KJ,Veenendaal
De Tinneweide,167,"","",3901KJ,Veenendaal
De Tinneweide,169,"","",3901KJ,Veenendaal
De Tinneweide,10,"","",3901KK,Veenendaal
De Tinneweide,12,"","",3901KK,Veenendaal
De Tinneweide,14,"","",3901KK,Veenendaal
De Tinneweide,16,"","",3901KK,Veenendaal
De Tinneweide,18,"","",3901KK,Veenendaal
De Tinneweide,2,"","",3901KK,Veenendaal
De Tinneweide,20,"","",3901KK,Veenendaal
De Tinneweide,22,"","",3901KK,Veenendaal
De Tinneweide,22,A,"",3901KK,Veenendaal
De Tinneweide,24,"","",3901KK,Veenendaal
De Tinneweide,26,"","",3901KK,Veenendaal
De Tinneweide,28,"","",3901KK,Veenendaal
De Tinneweide,30,"","",3901KK,Veenendaal
De Tinneweide,32,"","",3901KK,Veenendaal
De Tinneweide,34,"","",3901KK,Veenendaal
De Tinneweide,36,"","",3901KK,Veenendaal
De Tinneweide,38,"","",3901KK,Veenendaal
De Tinneweide,4,"","",3901KK,Veenendaal
De Tinneweide,40,"","",3901KK,Veenendaal
De Tinneweide,42,"","",3901KK,Veenendaal
De Tinneweide,44,"","",3901KK,Veenendaal
De Tinneweide,46,"","",3901KK,Veenendaal
De Tinneweide,48,"","",3901KK,Veenendaal
De Tinneweide,6,"","",3901KK,Veenendaal
De Tinneweide,8,"","",3901KK,Veenendaal
De Tinneweide,50,"","",3901KL,Veenendaal
De Tinneweide,52,"","",3901KL,Veenendaal
De Tinneweide,54,"","",3901KL,Veenendaal
De Tinneweide,56,"","",3901KL,Veenendaal
De Tinneweide,58,"","",3901KL,Veenendaal
De Tinneweide,58,A,"",3901KL,Veenendaal
De Tinneweide,60,"","",3901KL,Veenendaal
De Tinneweide,62,"","",3901KL,Veenendaal
De Tinneweide,64,"","",3901KL,Veenendaal
De Tinneweide,66,"","",3901KL,Veenendaal
De Tinneweide,68,"","",3901KL,Veenendaal
De Tinneweide,70,"","",3901KL,Veenendaal
De Tinneweide,72,"","",3901KL,Veenendaal
De Tinneweide,74,"","",3901KL,Veenendaal
De Tinneweide,76,"","",3901KL,Veenendaal
De Tinneweide,78,"","",3901KL,Veenendaal
De Tinneweide,80,"","",3901KL,Veenendaal
De Tinneweide,82,"","",3901KL,Veenendaal
De Tinneweide,84,"","",3901KL,Veenendaal
De Tinneweide,86,"","",3901KL,Veenendaal
De Tinneweide,88,"","",3901KL,Veenendaal
De Tinneweide,90,"","",3901KL,Veenendaal
De Tinneweide,92,"","",3901KL,Veenendaal
De Tinneweide,94,"","",3901KL,Veenendaal
De Tinneweide,96,"","",3901KL,Veenendaal
De Tinneweide,100,"","",3901KM,Veenendaal
De Tinneweide,102,"","",3901KM,Veenendaal
De Tinneweide,104,"","",3901KM,Veenendaal
De Tinneweide,106,"","",3901KM,Veenendaal
De Tinneweide,108,"","",3901KM,Veenendaal
De Tinneweide,110,"","",3901KM,Veenendaal
De Tinneweide,112,"","",3901KM,Veenendaal
De Tinneweide,114,"","",3901KM,Veenendaal
De Tinneweide,116,"","",3901KM,Veenendaal
De Tinneweide,118,"","",3901KM,Veenendaal
De Tinneweide,120,"","",3901KM,Veenendaal
De Tinneweide,122,"","",3901KM,Veenendaal
De Tinneweide,124,"","",3901KM,Veenendaal
De Tinneweide,126,"","",3901KM,Veenendaal
De Tinneweide,128,"","",3901KM,Veenendaal
De Tinneweide,130,"","",3901KM,Veenendaal
De Tinneweide,130,A,"",3901KM,Veenendaal
De Tinneweide,132,"","",3901KM,Veenendaal
De Tinneweide,134,"","",3901KM,Veenendaal
De Tinneweide,136,"","",3901KM,Veenendaal
De Tinneweide,138,"","",3901KM,Veenendaal
De Tinneweide,140,"","",3901KM,Veenendaal
De Tinneweide,142,"","",3901KM,Veenendaal
De Tinneweide,144,"","",3901KM,Veenendaal
De Tinneweide,144,A,"",3901KM,Veenendaal
De Tinneweide,144,A,"",3901KM,Veenendaal
De Tinneweide,98,"","",3901KM,Veenendaal
De Tinneweide,146,"","",3901KN,Veenendaal
De Tinneweide,148,"","",3901KN,Veenendaal
De Tinneweide,150,"","",3901KN,Veenendaal
De Tinneweide,150,A,"",3901KN,Veenendaal
De Tinneweide,152,"","",3901KN,Veenendaal
De Tinneweide,154,"","",3901KN,Veenendaal
De Tinneweide,156,"","",3901KN,Veenendaal
De Tinneweide,158,"","",3901KN,Veenendaal
De Tinneweide,160,"","",3901KN,Veenendaal
De Tinneweide,162,"","",3901KN,Veenendaal
De Tinneweide,162,A,"",3901KN,Veenendaal
De Tinneweide,164,"","",3901KN,Veenendaal
De Tinneweide,166,"","",3901KN,Veenendaal
De Tinneweide,168,"","",3901KN,Veenendaal
De Tinneweide,170,"","",3901KN,Veenendaal
De Tinneweide,172,"","",3901KN,Veenendaal
De Tinneweide,174,"","",3901KN,Veenendaal
De Tinneweide,174,A,"",3901KN,Veenendaal
De Tinneweide,176,"","",3901KN,Veenendaal
De Tinneweide,178,"","",3901KN,Veenendaal
De Tinneweide,180,"","",3901KN,Veenendaal
De Tinneweide,182,"","",3901KP,Veenendaal
De Tinneweide,184,"","",3901KP,Veenendaal
De Tinneweide,186,"","",3901KP,Veenendaal
De Tinneweide,188,"","",3901KP,Veenendaal
De Tinneweide,190,"","",3901KP,Veenendaal
De Tinneweide,192,"","",3901KP,Veenendaal
De Tinneweide,194,"","",3901KP,Veenendaal
De Tinneweide,196,"","",3901KP,Veenendaal
De Tinneweide,198,"","",3901KP,Veenendaal
De Tinneweide,200,"","",3901KP,Veenendaal
De Tinneweide,200,A,"",3901KP,Veenendaal
De Tinneweide,202,"","",3901KP,Veenendaal
De Tinneweide,204,"","",3901KP,Veenendaal
De Tinneweide,206,"","",3901KP,Veenendaal
De Tinneweide,208,"","",3901KP,Veenendaal
De Tinneweide,210,"","",3901KP,Veenendaal
De Tinneweide,212,"","",3901KP,Veenendaal
De Tinneweide,214,"","",3901KP,Veenendaal
De Tinneweide,216,"","",3901KP,Veenendaal
De Tinneweide,216,A,"",3901KP,Veenendaal
De Splitting,10,"","",3901KR,Veenendaal
De Splitting,12,"","",3901KR,Veenendaal
De Splitting,14,"","",3901KR,Veenendaal
De Splitting,16,"","",3901KR,Veenendaal
De Splitting,18,"","",3901KR,Veenendaal
De Splitting,2,"","",3901KR,Veenendaal
De Splitting,20,"","",3901KR,Veenendaal
De Splitting,22,"","",3901KR,Veenendaal
De Splitting,24,"","",3901KR,Veenendaal
De Splitting,4,"","",3901KR,Veenendaal
De Splitting,6,"","",3901KR,Veenendaal
De Splitting,8,"","",3901KR,Veenendaal
De Riethoek,10,"","",3901KS,Veenendaal
De Riethoek,12,"","",3901KS,Veenendaal
De Riethoek,14,"","",3901KS,Veenendaal
De Riethoek,16,"","",3901KS,Veenendaal
De Riethoek,18,"","",3901KS,Veenendaal
De Riethoek,2,"","",3901KS,Veenendaal
De Riethoek,20,"","",3901KS,Veenendaal
De Riethoek,22,"","",3901KS,Veenendaal
De Riethoek,24,"","",3901KS,Veenendaal
De Riethoek,26,"","",3901KS,Veenendaal
De Riethoek,28,"","",3901KS,Veenendaal
De Riethoek,30,"","",3901KS,Veenendaal
De Riethoek,32,"","",3901KS,Veenendaal
De Riethoek,34,"","",3901KS,Veenendaal
De Riethoek,36,"","",3901KS,Veenendaal
De Riethoek,38,"","",3901KS,Veenendaal
De Riethoek,4,"","",3901KS,Veenendaal
De Riethoek,4,"","",3901KS,Veenendaal
De Riethoek,4,"","",3901KS,Veenendaal
De Riethoek,40,"","",3901KS,Veenendaal
De Riethoek,42,"","",3901KS,Veenendaal
De Riethoek,44,"","",3901KS,Veenendaal
De Riethoek,44,A,"",3901KS,Veenendaal
De Riethoek,46,"","",3901KS,Veenendaal
De Riethoek,48,"","",3901KS,Veenendaal
De Riethoek,50,"","",3901KS,Veenendaal
De Riethoek,6,"","",3901KS,Veenendaal
De Riethoek,8,"","",3901KS,Veenendaal
De Riethoek,100,"","",3901KT,Veenendaal
De Riethoek,52,"","",3901KT,Veenendaal
De Riethoek,54,"","",3901KT,Veenendaal
De Riethoek,56,"","",3901KT,Veenendaal
De Riethoek,58,"","",3901KT,Veenendaal
De Riethoek,60,"","",3901KT,Veenendaal
De Riethoek,62,"","",3901KT,Veenendaal
De Riethoek,64,"","",3901KT,Veenendaal
De Riethoek,66,"","",3901KT,Veenendaal
De Riethoek,68,"","",3901KT,Veenendaal
De Riethoek,70,"","",3901KT,Veenendaal
De Riethoek,72,"","",3901KT,Veenendaal
De Riethoek,74,"","",3901KT,Veenendaal
De Riethoek,76,"","",3901KT,Veenendaal
De Riethoek,78,"","",3901KT,Veenendaal
De Riethoek,80,"","",3901KT,Veenendaal
De Riethoek,82,"","",3901KT,Veenendaal
De Riethoek,84,"","",3901KT,Veenendaal
De Riethoek,86,"","",3901KT,Veenendaal
De Riethoek,88,"","",3901KT,Veenendaal
De Riethoek,90,"","",3901KT,Veenendaal
De Riethoek,92,"","",3901KT,Veenendaal
De Riethoek,94,"","",3901KT,Veenendaal
De Riethoek,96,"","",3901KT,Veenendaal
De Riethoek,98,"","",3901KT,Veenendaal
De Brinken,1,"","",3901KV,Veenendaal
De Brinken,11,"","",3901KV,Veenendaal
De Brinken,13,"","",3901KV,Veenendaal
De Brinken,15,"","",3901KV,Veenendaal
De Brinken,17,"","",3901KV,Veenendaal
De Brinken,19,"","",3901KV,Veenendaal
De Brinken,21,"","",3901KV,Veenendaal
De Brinken,23,"","",3901KV,Veenendaal
De Brinken,25,"","",3901KV,Veenendaal
De Brinken,27,"","",3901KV,Veenendaal
De Brinken,29,"","",3901KV,Veenendaal
De Brinken,3,"","",3901KV,Veenendaal
De Brinken,31,"","",3901KV,Veenendaal
De Brinken,33,"","",3901KV,Veenendaal
De Brinken,35,"","",3901KV,Veenendaal
De Brinken,37,"","",3901KV,Veenendaal
De Brinken,39,"","",3901KV,Veenendaal
De Brinken,41,"","",3901KV,Veenendaal
De Brinken,43,"","",3901KV,Veenendaal
De Brinken,45,"","",3901KV,Veenendaal
De Brinken,47,"","",3901KV,Veenendaal
De Brinken,49,"","",3901KV,Veenendaal
De Brinken,5,"","",3901KV,Veenendaal
De Brinken,7,"","",3901KV,Veenendaal
De Brinken,9,"","",3901KV,Veenendaal
De Brinken,10,"","",3901KW,Veenendaal
De Brinken,12,"","",3901KW,Veenendaal
De Brinken,14,"","",3901KW,Veenendaal
De Brinken,16,"","",3901KW,Veenendaal
De Brinken,18,"","",3901KW,Veenendaal
De Brinken,2,"","",3901KW,Veenendaal
De Brinken,20,"","",3901KW,Veenendaal
De Brinken,22,"","",3901KW,Veenendaal
De Brinken,24,"","",3901KW,Veenendaal
De Brinken,26,"","",3901KW,Veenendaal
De Brinken,28,"","",3901KW,Veenendaal
De Brinken,30,"","",3901KW,Veenendaal
De Brinken,32,"","",3901KW,Veenendaal
De Brinken,34,"","",3901KW,Veenendaal
De Brinken,36,"","",3901KW,Veenendaal
De Brinken,38,"","",3901KW,Veenendaal
De Brinken,4,"","",3901KW,Veenendaal
De Brinken,40,"","",3901KW,Veenendaal
De Brinken,42,"","",3901KW,Veenendaal
De Brinken,44,"","",3901KW,Veenendaal
De Brinken,6,"","",3901KW,Veenendaal
De Brinken,8,"","",3901KW,Veenendaal
De Brinken,48,"","",3901KX,Veenendaal
De Brinken,50,"","",3901KX,Veenendaal
De Brinken,52,"","",3901KX,Veenendaal
De Brinken,54,"","",3901KX,Veenendaal
De Brinken,56,"","",3901KX,Veenendaal
De Brinken,58,"","",3901KX,Veenendaal
De Brinken,60,"","",3901KX,Veenendaal
De Brinken,62,"","",3901KX,Veenendaal
De Brinken,64,"","",3901KX,Veenendaal
De Brinken,66,"","",3901KX,Veenendaal
De Brinken,68,"","",3901KX,Veenendaal
De Brinken,70,"","",3901KX,Veenendaal
De Brinken,72,"","",3901KX,Veenendaal
De Brinken,74,"","",3901KX,Veenendaal
De Brinken,76,"","",3901KX,Veenendaal
De Brinken,78,"","",3901KX,Veenendaal
De Brinken,80,"","",3901KX,Veenendaal
Poortjesgoed,1,"","",3901LA,Veenendaal
Poortjesgoed,1,A,"",3901LA,Veenendaal
Poortjesgoed,1,B,"",3901LA,Veenendaal
Poortjesgoed,1,C,"",3901LA,Veenendaal
Poortjesgoed,1,D,"",3901LA,Veenendaal
Poortjesgoed,1,E,"",3901LA,Veenendaal
Poortjesgoed,1,F,"",3901LA,Veenendaal
Poortjesgoed,1,G,"",3901LA,Veenendaal
Poortjesgoed,1,H,"",3901LA,Veenendaal
Poortjesgoed,11,"","",3901LA,Veenendaal
Poortjesgoed,13,"","",3901LA,Veenendaal
Poortjesgoed,15,"","",3901LA,Veenendaal
Poortjesgoed,17,"","",3901LA,Veenendaal
Poortjesgoed,19,"","",3901LA,Veenendaal
Poortjesgoed,21,"","",3901LA,Veenendaal
Poortjesgoed,23,"","",3901LA,Veenendaal
Poortjesgoed,25,"","",3901LA,Veenendaal
Poortjesgoed,27,"","",3901LA,Veenendaal
Poortjesgoed,29,"","",3901LA,Veenendaal
Poortjesgoed,3,"","",3901LA,Veenendaal
Poortjesgoed,3,A,"",3901LA,Veenendaal
Poortjesgoed,3,B,"",3901LA,Veenendaal
Poortjesgoed,3,C,"",3901LA,Veenendaal
Poortjesgoed,3,D,"",3901LA,Veenendaal
Poortjesgoed,3,E,"",3901LA,Veenendaal
Poortjesgoed,3,F,"",3901LA,Veenendaal
Poortjesgoed,3,G,"",3901LA,Veenendaal
Poortjesgoed,3,H,"",3901LA,Veenendaal
Poortjesgoed,3,K,"",3901LA,Veenendaal
Poortjesgoed,31,"","",3901LA,Veenendaal
Poortjesgoed,33,"","",3901LA,Veenendaal
Poortjesgoed,35,"","",3901LA,Veenendaal
Poortjesgoed,5,"","",3901LA,Veenendaal
Poortjesgoed,7,"","",3901LA,Veenendaal
Poortjesgoed,9,"","",3901LA,Veenendaal
Poortjesgoed,37,"","",3901LB,Veenendaal
Poortjesgoed,39,"","",3901LB,Veenendaal
Poortjesgoed,41,"","",3901LB,Veenendaal
Poortjesgoed,43,"","",3901LB,Veenendaal
Poortjesgoed,45,"","",3901LB,Veenendaal
Poortjesgoed,47,"","",3901LB,Veenendaal
Poortjesgoed,49,"","",3901LB,Veenendaal
Poortjesgoed,51,"","",3901LB,Veenendaal
Poortjesgoed,53,"","",3901LB,Veenendaal
Poortjesgoed,55,"","",3901LB,Veenendaal
Poortjesgoed,59,"","",3901LB,Veenendaal
Poortjesgoed,61,"","",3901LB,Veenendaal
Poortjesgoed,63,"","",3901LB,Veenendaal
Poortjesgoed,10,"","",3901LC,Veenendaal
Poortjesgoed,12,"","",3901LC,Veenendaal
Poortjesgoed,14,"","",3901LC,Veenendaal
Poortjesgoed,16,"","",3901LC,Veenendaal
Poortjesgoed,18,"","",3901LC,Veenendaal
Poortjesgoed,20,"","",3901LC,Veenendaal
Poortjesgoed,22,"","",3901LC,Veenendaal
Poortjesgoed,24,"","",3901LC,Veenendaal
Poortjesgoed,26,"","",3901LC,Veenendaal
Poortjesgoed,28,"","",3901LC,Veenendaal
Poortjesgoed,30,"","",3901LC,Veenendaal
Poortjesgoed,4,"","",3901LC,Veenendaal
Poortjesgoed,6,"","",3901LC,Veenendaal
Poortjesgoed,8,"","",3901LC,Veenendaal
Poortjesgoed,32,"","",3901LD,Veenendaal
Poortjesgoed,34,"","",3901LD,Veenendaal
Poortjesgoed,36,"","",3901LD,Veenendaal
Poortjesgoed,38,"","",3901LD,Veenendaal
Poortjesgoed,40,"","",3901LD,Veenendaal
Poortjesgoed,42,"","",3901LD,Veenendaal
Poortjesgoed,44,"","",3901LD,Veenendaal
Poortjesgoed,46,"","",3901LD,Veenendaal
Poortjesgoed,48,"","",3901LD,Veenendaal
Poortjesgoed,50,"","",3901LD,Veenendaal
Poortjesgoed,52,"","",3901LD,Veenendaal
Poortjesgoed,54,"","",3901LD,Veenendaal
Poortjesgoed,56,"","",3901LD,Veenendaal
Poortjesgoed,58,"","",3901LD,Veenendaal
Poortjesgoed,60,"","",3901LD,Veenendaal
Poortjesgoed,62,"","",3901LD,Veenendaal
Poortjesgoed,64,"","",3901LD,Veenendaal
Poortjesgoed,66,"","",3901LD,Veenendaal
Poortjesgoed,68,"","",3901LD,Veenendaal
Poortjesgoed,70,"","",3901LD,Veenendaal
Poortjesgoed,72,"","",3901LD,Veenendaal
Poortjesgoed,74,"","",3901LD,Veenendaal
Poortjesgoed,76,"","",3901LD,Veenendaal
Poortjesgoed,78,"","",3901LD,Veenendaal
Poortjesgoed,80,"","",3901LD,Veenendaal
Boompjesgoed,1,"","",3901MA,Veenendaal
Boompjesgoed,11,"","",3901MA,Veenendaal
Boompjesgoed,13,"","",3901MA,Veenendaal
Boompjesgoed,15,"","",3901MA,Veenendaal
Boompjesgoed,15,"","",3901MA,Veenendaal
Boompjesgoed,15,A,"",3901MA,Veenendaal
Boompjesgoed,17,"","",3901MA,Veenendaal
Boompjesgoed,19,"","",3901MA,Veenendaal
Boompjesgoed,19,"","",3901MA,Veenendaal
Boompjesgoed,19,A,"",3901MA,Veenendaal
Boompjesgoed,21,"","",3901MA,Veenendaal
Boompjesgoed,23,"","",3901MA,Veenendaal
Boompjesgoed,25,"","",3901MA,Veenendaal
Boompjesgoed,27,"","",3901MA,Veenendaal
Boompjesgoed,29,"","",3901MA,Veenendaal
Boompjesgoed,3,"","",3901MA,Veenendaal
Boompjesgoed,31,"","",3901MA,Veenendaal
Boompjesgoed,33,"","",3901MA,Veenendaal
Boompjesgoed,35,"","",3901MA,Veenendaal
Boompjesgoed,37,"","",3901MA,Veenendaal
Boompjesgoed,39,"","",3901MA,Veenendaal
Boompjesgoed,41,"","",3901MA,Veenendaal
Boompjesgoed,43,"","",3901MA,Veenendaal
Boompjesgoed,45,"","",3901MA,Veenendaal
Boompjesgoed,47,"","",3901MA,Veenendaal
Boompjesgoed,5,"","",3901MA,Veenendaal
Boompjesgoed,7,"","",3901MA,Veenendaal
Boompjesgoed,9,"","",3901MA,Veenendaal
Boompjesgoed,49,"","",3901MB,Veenendaal
Boompjesgoed,51,"","",3901MB,Veenendaal
Boompjesgoed,53,"","",3901MB,Veenendaal
Boompjesgoed,55,"","",3901MB,Veenendaal
Boompjesgoed,57,"","",3901MB,Veenendaal
Boompjesgoed,59,"","",3901MB,Veenendaal
Boompjesgoed,61,"","",3901MB,Veenendaal
Boompjesgoed,63,"","",3901MB,Veenendaal
Boompjesgoed,65,"","",3901MB,Veenendaal
Boompjesgoed,67,"","",3901MB,Veenendaal
Boompjesgoed,69,"","",3901MB,Veenendaal
Boompjesgoed,71,"","",3901MB,Veenendaal
Boompjesgoed,73,"","",3901MB,Veenendaal
Boompjesgoed,75,"","",3901MB,Veenendaal
Boompjesgoed,77,"","",3901MB,Veenendaal
Boompjesgoed,79,"","",3901MB,Veenendaal
Boompjesgoed,81,"","",3901MB,Veenendaal
Boompjesgoed,83,"","",3901MB,Veenendaal
Boompjesgoed,85,"","",3901MB,Veenendaal
Boompjesgoed,87,"","",3901MB,Veenendaal
Boompjesgoed,89,"","",3901MB,Veenendaal
Boompjesgoed,91,"","",3901MB,Veenendaal
Boompjesgoed,93,"","",3901MB,Veenendaal
Boompjesgoed,95,"","",3901MB,Veenendaal
Boompjesgoed,101,"","",3901MC,Veenendaal
Boompjesgoed,103,"","",3901MC,Veenendaal
Boompjesgoed,105,"","",3901MC,Veenendaal
Boompjesgoed,107,"","",3901MC,Veenendaal
Boompjesgoed,109,"","",3901MC,Veenendaal
Boompjesgoed,111,"","",3901MC,Veenendaal
Boompjesgoed,113,"","",3901MC,Veenendaal
Boompjesgoed,115,"","",3901MC,Veenendaal
Boompjesgoed,117,"","",3901MC,Veenendaal
Boompjesgoed,119,"","",3901MC,Veenendaal
Boompjesgoed,121,"","",3901MC,Veenendaal
Boompjesgoed,123,"","",3901MC,Veenendaal
Boompjesgoed,125,"","",3901MC,Veenendaal
Boompjesgoed,127,"","",3901MC,Veenendaal
Boompjesgoed,129,"","",3901MC,Veenendaal
Boompjesgoed,131,"","",3901MC,Veenendaal
Boompjesgoed,133,"","",3901MC,Veenendaal
Boompjesgoed,135,"","",3901MC,Veenendaal
Boompjesgoed,137,"","",3901MC,Veenendaal
Boompjesgoed,139,"","",3901MC,Veenendaal
Boompjesgoed,141,"","",3901MC,Veenendaal
Boompjesgoed,143,"","",3901MC,Veenendaal
Boompjesgoed,143,A,"",3901MC,Veenendaal
Boompjesgoed,97,"","",3901MC,Veenendaal
Boompjesgoed,99,"","",3901MC,Veenendaal
Boompjesgoed,145,"","",3901MD,Veenendaal
Boompjesgoed,147,"","",3901MD,Veenendaal
Boompjesgoed,149,"","",3901MD,Veenendaal
Boompjesgoed,151,"","",3901MD,Veenendaal
Boompjesgoed,153,"","",3901MD,Veenendaal
Boompjesgoed,155,"","",3901MD,Veenendaal
Boompjesgoed,157,"","",3901MD,Veenendaal
Boompjesgoed,159,"","",3901MD,Veenendaal
Boompjesgoed,161,"","",3901MD,Veenendaal
Boompjesgoed,163,"","",3901MD,Veenendaal
Boompjesgoed,165,"","",3901MD,Veenendaal
Boompjesgoed,167,"","",3901MD,Veenendaal
Boompjesgoed,169,"","",3901MD,Veenendaal
Boompjesgoed,171,"","",3901MD,Veenendaal
Boompjesgoed,173,"","",3901MD,Veenendaal
Boompjesgoed,175,"","",3901MD,Veenendaal
Boompjesgoed,177,"","",3901MD,Veenendaal
Boompjesgoed,179,"","",3901MD,Veenendaal
Boompjesgoed,181,"","",3901MD,Veenendaal
Boompjesgoed,183,"","",3901MD,Veenendaal
Boompjesgoed,185,"","",3901MD,Veenendaal
Boompjesgoed,187,"","",3901MD,Veenendaal
Boompjesgoed,189,"","",3901MD,Veenendaal
Boompjesgoed,191,"","",3901MD,Veenendaal
Boompjesgoed,193,"","",3901ME,Veenendaal
Boompjesgoed,195,"","",3901ME,Veenendaal
Boompjesgoed,197,"","",3901ME,Veenendaal
Boompjesgoed,199,"","",3901ME,Veenendaal
Boompjesgoed,201,"","",3901ME,Veenendaal
Boompjesgoed,203,"","",3901ME,Veenendaal
Boompjesgoed,205,"","",3901ME,Veenendaal
Boompjesgoed,207,"","",3901ME,Veenendaal
Boompjesgoed,209,"","",3901ME,Veenendaal
Boompjesgoed,211,"","",3901ME,Veenendaal
Boompjesgoed,213,"","",3901ME,Veenendaal
Boompjesgoed,215,"","",3901ME,Veenendaal
Boompjesgoed,217,"","",3901ME,Veenendaal
Boompjesgoed,217,"","",3901ME,Veenendaal
Boompjesgoed,217,"",02,3901ME,Veenendaal
Boompjesgoed,217,"",03,3901ME,Veenendaal
Boompjesgoed,217,"",04,3901ME,Veenendaal
Boompjesgoed,217,"",05,3901ME,Veenendaal
Boompjesgoed,217,"",06,3901ME,Veenendaal
Boompjesgoed,217,"",07,3901ME,Veenendaal
Boompjesgoed,217,"",08,3901ME,Veenendaal
Boompjesgoed,217,"",09,3901ME,Veenendaal
Boompjesgoed,217,"",10,3901ME,Veenendaal
Boompjesgoed,217,"",11,3901ME,Veenendaal
Boompjesgoed,217,"",12,3901ME,Veenendaal
Boompjesgoed,217,"",13,3901ME,Veenendaal
Boompjesgoed,217,"",14,3901ME,Veenendaal
Boompjesgoed,217,"",15,3901ME,Veenendaal
Boompjesgoed,217,"",16,3901ME,Veenendaal
Boompjesgoed,217,"",17,3901ME,Veenendaal
Boompjesgoed,217,"",18,3901ME,Veenendaal
Boompjesgoed,217,"",19,3901ME,Veenendaal
Boompjesgoed,217,"",20,3901ME,Veenendaal
Boompjesgoed,217,"",21,3901ME,Veenendaal
Boompjesgoed,217,"",22,3901ME,Veenendaal
Boompjesgoed,217,"",23,3901ME,Veenendaal
Boompjesgoed,217,"",24,3901ME,Veenendaal
Boompjesgoed,217,"",25,3901ME,Veenendaal
Boompjesgoed,217,"",26,3901ME,Veenendaal
Boompjesgoed,217,"",27,3901ME,Veenendaal
Boompjesgoed,217,"",28,3901ME,Veenendaal
Boompjesgoed,217,"",29,3901ME,Veenendaal
Boompjesgoed,217,"",30,3901ME,Veenendaal
Boompjesgoed,217,"",31,3901ME,Veenendaal
Boompjesgoed,217,"",32,3901ME,Veenendaal
Boompjesgoed,217,"",33,3901ME,Veenendaal
Boompjesgoed,217,"",34,3901ME,Veenendaal
Boompjesgoed,217,"",35,3901ME,Veenendaal
Boompjesgoed,217,"",36,3901ME,Veenendaal
Boompjesgoed,217,"",37,3901ME,Veenendaal
Boompjesgoed,217,"",38,3901ME,Veenendaal
Boompjesgoed,217,"",39,3901ME,Veenendaal
Boompjesgoed,217,"",40,3901ME,Veenendaal
Boompjesgoed,217,"",41,3901ME,Veenendaal
Boompjesgoed,217,"",42,3901ME,Veenendaal
Boompjesgoed,217,"",43,3901ME,Veenendaal
Boompjesgoed,217,"",44,3901ME,Veenendaal
Boompjesgoed,217,"",45,3901ME,Veenendaal
Boompjesgoed,217,"",46,3901ME,Veenendaal
Boompjesgoed,217,"",47,3901ME,Veenendaal
Boompjesgoed,217,"",48,3901ME,Veenendaal
Boompjesgoed,217,"",49,3901ME,Veenendaal
Boompjesgoed,217,"",50,3901ME,Veenendaal
Boompjesgoed,217,"",51,3901ME,Veenendaal
Boompjesgoed,217,"",52,3901ME,Veenendaal
Boompjesgoed,217,"",53,3901ME,Veenendaal
Boompjesgoed,217,"",54,3901ME,Veenendaal
Boompjesgoed,217,"",55,3901ME,Veenendaal
Boompjesgoed,217,"",56,3901ME,Veenendaal
Boompjesgoed,217,"",57,3901ME,Veenendaal
Boompjesgoed,217,"",58,3901ME,Veenendaal
Boompjesgoed,217,"",59,3901ME,Veenendaal
Boompjesgoed,217,"",60,3901ME,Veenendaal
Boompjesgoed,217,"",61,3901ME,Veenendaal
Boompjesgoed,217,"",62,3901ME,Veenendaal
Boompjesgoed,217,"",63,3901ME,Veenendaal
Boompjesgoed,217,"",64,3901ME,Veenendaal
Boompjesgoed,217,"",65,3901ME,Veenendaal
Boompjesgoed,217,"",66,3901ME,Veenendaal
Boompjesgoed,217,"",67,3901ME,Veenendaal
Boompjesgoed,217,"",68,3901ME,Veenendaal
Boompjesgoed,217,"",69,3901ME,Veenendaal
Boompjesgoed,217,"",70,3901ME,Veenendaal
Boompjesgoed,217,"",71,3901ME,Veenendaal
Boompjesgoed,217,"",72,3901ME,Veenendaal
Boompjesgoed,217,"",73,3901ME,Veenendaal
Boompjesgoed,217,"",74,3901ME,Veenendaal
Boompjesgoed,221,"","",3901MG,Veenendaal
Boompjesgoed,221,"","",3901MG,Veenendaal
Boompjesgoed,221,"","",3901MG,Veenendaal
Boompjesgoed,221,"",01,3901MG,Veenendaal
Boompjesgoed,221,A,"",3901MG,Veenendaal
Boompjesgoed,221,B,"",3901MG,Veenendaal
Boompjesgoed,221,C,"",3901MG,Veenendaal
Boompjesgoed,221,D,"",3901MG,Veenendaal
Boompjesgoed,221,E,"",3901MG,Veenendaal
Boompjesgoed,221,F,"",3901MG,Veenendaal
Boompjesgoed,221,G,"",3901MG,Veenendaal
Boompjesgoed,221,H,"",3901MG,Veenendaal
Boompjesgoed,221,K,"",3901MG,Veenendaal
Boompjesgoed,223,"","",3901MG,Veenendaal
Boompjesgoed,225,"","",3901MG,Veenendaal
Boompjesgoed,227,"","",3901MG,Veenendaal
Boompjesgoed,229,"","",3901MG,Veenendaal
Boompjesgoed,231,"","",3901MG,Veenendaal
Boompjesgoed,233,"","",3901MH,Veenendaal
Boompjesgoed,235,"","",3901MH,Veenendaal
Boompjesgoed,237,"","",3901MH,Veenendaal
Boompjesgoed,239,"","",3901MH,Veenendaal
Boompjesgoed,241,"","",3901MH,Veenendaal
Boompjesgoed,243,"","",3901MH,Veenendaal
Boompjesgoed,245,"","",3901MH,Veenendaal
Boompjesgoed,247,"","",3901MH,Veenendaal
Boompjesgoed,249,"","",3901MH,Veenendaal
Boompjesgoed,251,"","",3901MH,Veenendaal
Boompjesgoed,253,"","",3901MH,Veenendaal
Boompjesgoed,255,"","",3901MH,Veenendaal
Boompjesgoed,257,"","",3901MH,Veenendaal
Boompjesgoed,259,"","",3901MH,Veenendaal
Boompjesgoed,261,"","",3901MH,Veenendaal
Boompjesgoed,263,"","",3901MH,Veenendaal
Boompjesgoed,265,"","",3901MH,Veenendaal
Boompjesgoed,267,"","",3901MH,Veenendaal
Boompjesgoed,269,"","",3901MH,Veenendaal
Boompjesgoed,271,"","",3901MH,Veenendaal
Boompjesgoed,273,"","",3901MH,Veenendaal
Boompjesgoed,275,"","",3901MH,Veenendaal
Boompjesgoed,277,"","",3901MH,Veenendaal
Boompjesgoed,10,"","",3901MJ,Veenendaal
Boompjesgoed,10,A,"",3901MJ,Veenendaal
Boompjesgoed,10,B,"",3901MJ,Veenendaal
Boompjesgoed,10,C,"",3901MJ,Veenendaal
Boompjesgoed,10,D,"",3901MJ,Veenendaal
Boompjesgoed,10,E,"",3901MJ,Veenendaal
Boompjesgoed,10,F,"",3901MJ,Veenendaal
Boompjesgoed,12,"","",3901MJ,Veenendaal
Boompjesgoed,14,"","",3901MJ,Veenendaal
Boompjesgoed,14,"","",3901MJ,Veenendaal
Boompjesgoed,14,A,"",3901MJ,Veenendaal
Boompjesgoed,14,B,"",3901MJ,Veenendaal
Boompjesgoed,14,C,"",3901MJ,Veenendaal
Boompjesgoed,14,D,"",3901MJ,Veenendaal
Boompjesgoed,14,E,"",3901MJ,Veenendaal
Boompjesgoed,14,F,"",3901MJ,Veenendaal
Boompjesgoed,14,G,"",3901MJ,Veenendaal
Boompjesgoed,16,"","",3901MJ,Veenendaal
Boompjesgoed,16,"",A,3901MJ,Veenendaal
Boompjesgoed,16,A,"",3901MJ,Veenendaal
Boompjesgoed,2,"","",3901MJ,Veenendaal
Boompjesgoed,2,A,"",3901MJ,Veenendaal
Boompjesgoed,20,"","",3901MJ,Veenendaal
Boompjesgoed,4,"","",3901MJ,Veenendaal
Boompjesgoed,4,A,"",3901MJ,Veenendaal
Boompjesgoed,4,B,"",3901MJ,Veenendaal
Boompjesgoed,4,C,"",3901MJ,Veenendaal
Boompjesgoed,4,D,"",3901MJ,Veenendaal
Boompjesgoed,4,E,"",3901MJ,Veenendaal
Boompjesgoed,4,F,"",3901MJ,Veenendaal
Boompjesgoed,4,G,"",3901MJ,Veenendaal
Boompjesgoed,6,"","",3901MJ,Veenendaal
Boompjesgoed,6,A,"",3901MJ,Veenendaal
Boompjesgoed,6,B,"",3901MJ,Veenendaal
Boompjesgoed,6,C,"",3901MJ,Veenendaal
Boompjesgoed,6,D,"",3901MJ,Veenendaal
Boompjesgoed,6,E,"",3901MJ,Veenendaal
Boompjesgoed,6,F,"",3901MJ,Veenendaal
Boompjesgoed,6,G,"",3901MJ,Veenendaal
Boompjesgoed,8,"","",3901MJ,Veenendaal
Boompjesgoed,8,A,"",3901MJ,Veenendaal
Boompjesgoed,8,B,"",3901MJ,Veenendaal
Boompjesgoed,8,C,"",3901MJ,Veenendaal
Boompjesgoed,8,D,"",3901MJ,Veenendaal
Boompjesgoed,8,E,"",3901MJ,Veenendaal
Boompjesgoed,8,F,"",3901MJ,Veenendaal
Boompjesgoed,8,G,"",3901MJ,Veenendaal
De Palmen Grift,1,"","",3901NA,Veenendaal
De Palmen Grift,1,A,"",3901NA,Veenendaal
De Palmen Grift,11,"","",3901NA,Veenendaal
De Palmen Grift,13,"","",3901NA,Veenendaal
De Palmen Grift,15,"","",3901NA,Veenendaal
De Palmen Grift,15,A,"",3901NA,Veenendaal
De Palmen Grift,17,"","",3901NA,Veenendaal
De Palmen Grift,19,"","",3901NA,Veenendaal
De Palmen Grift,21,"","",3901NA,Veenendaal
De Palmen Grift,23,"","",3901NA,Veenendaal
De Palmen Grift,25,"","",3901NA,Veenendaal
De Palmen Grift,27,"","",3901NA,Veenendaal
De Palmen Grift,29,"","",3901NA,Veenendaal
De Palmen Grift,3,"","",3901NA,Veenendaal
De Palmen Grift,3,A,"",3901NA,Veenendaal
De Palmen Grift,31,"","",3901NA,Veenendaal
De Palmen Grift,31,A,"",3901NA,Veenendaal
De Palmen Grift,33,"","",3901NA,Veenendaal
De Palmen Grift,35,"","",3901NA,Veenendaal
De Palmen Grift,37,"","",3901NA,Veenendaal
De Palmen Grift,39,"","",3901NA,Veenendaal
De Palmen Grift,41,"","",3901NA,Veenendaal
De Palmen Grift,43,"","",3901NA,Veenendaal
De Palmen Grift,45,"","",3901NA,Veenendaal
De Palmen Grift,47,"","",3901NA,Veenendaal
De Palmen Grift,5,"","",3901NA,Veenendaal
De Palmen Grift,507,A,"",3901NA,Veenendaal
De Palmen Grift,7,"","",3901NA,Veenendaal
De Palmen Grift,9,"","",3901NA,Veenendaal
De Palmen Grift,49,"","",3901NB,Veenendaal
De Palmen Grift,51,"","",3901NB,Veenendaal
De Palmen Grift,53,"","",3901NB,Veenendaal
De Palmen Grift,55,"","",3901NB,Veenendaal
De Palmen Grift,55,A,"",3901NB,Veenendaal
De Palmen Grift,57,"","",3901NB,Veenendaal
De Palmen Grift,59,"","",3901NB,Veenendaal
De Palmen Grift,61,"","",3901NB,Veenendaal
De Palmen Grift,63,"","",3901NB,Veenendaal
De Palmen Grift,65,"","",3901NB,Veenendaal
De Palmen Grift,67,"","",3901NB,Veenendaal
De Palmen Grift,69,"","",3901NB,Veenendaal
De Palmen Grift,71,"","",3901NB,Veenendaal
De Palmen Grift,73,"","",3901NB,Veenendaal
De Palmen Grift,75,"","",3901NB,Veenendaal
De Palmen Grift,77,"","",3901NB,Veenendaal
De Palmen Grift,79,"","",3901NB,Veenendaal
De Palmen Grift,81,"","",3901NB,Veenendaal
De Palmen Grift,83,"","",3901NB,Veenendaal
De Palmen Grift,85,"","",3901NB,Veenendaal
De Palmen Grift,87,"","",3901NB,Veenendaal
De Palmen Grift,89,"","",3901NB,Veenendaal
De Palmen Grift,91,"","",3901NB,Veenendaal
De Palmen Grift,93,"","",3901NB,Veenendaal
De Palmen Grift,95,"","",3901NB,Veenendaal
De Palmen Grift,101,"","",3901NC,Veenendaal
De Palmen Grift,103,"","",3901NC,Veenendaal
De Palmen Grift,105,"","",3901NC,Veenendaal
De Palmen Grift,107,"","",3901NC,Veenendaal
De Palmen Grift,109,"","",3901NC,Veenendaal
De Palmen Grift,111,"","",3901NC,Veenendaal
De Palmen Grift,113,"","",3901NC,Veenendaal
De Palmen Grift,115,"","",3901NC,Veenendaal
De Palmen Grift,117,"","",3901NC,Veenendaal
De Palmen Grift,119,"","",3901NC,Veenendaal
De Palmen Grift,121,"","",3901NC,Veenendaal
De Palmen Grift,123,"","",3901NC,Veenendaal
De Palmen Grift,125,"","",3901NC,Veenendaal
De Palmen Grift,127,"","",3901NC,Veenendaal
De Palmen Grift,129,"","",3901NC,Veenendaal
De Palmen Grift,131,"","",3901NC,Veenendaal
De Palmen Grift,133,"","",3901NC,Veenendaal
De Palmen Grift,135,"","",3901NC,Veenendaal
De Palmen Grift,137,"","",3901NC,Veenendaal
De Palmen Grift,139,"","",3901NC,Veenendaal
De Palmen Grift,141,"","",3901NC,Veenendaal
De Palmen Grift,143,"","",3901NC,Veenendaal
De Palmen Grift,97,"","",3901NC,Veenendaal
De Palmen Grift,99,"","",3901NC,Veenendaal
De Palmen Grift,145,"","",3901ND,Veenendaal
De Palmen Grift,145,A,"",3901ND,Veenendaal
De Palmen Grift,145,B,"",3901ND,Veenendaal
De Palmen Grift,145,C,"",3901ND,Veenendaal
De Palmen Grift,145,D,"",3901ND,Veenendaal
De Palmen Grift,145,E,"",3901ND,Veenendaal
De Palmen Grift,145,F,"",3901ND,Veenendaal
De Palmen Grift,145,G,"",3901ND,Veenendaal
De Palmen Grift,145,H,"",3901ND,Veenendaal
De Palmen Grift,145,I,"",3901ND,Veenendaal
De Palmen Grift,147,"","",3901ND,Veenendaal
De Palmen Grift,149,"","",3901ND,Veenendaal
De Palmen Grift,151,"","",3901ND,Veenendaal
De Palmen Grift,151,A,"",3901ND,Veenendaal
De Palmen Grift,153,"","",3901ND,Veenendaal
De Palmen Grift,155,"","",3901ND,Veenendaal
De Palmen Grift,157,"","",3901ND,Veenendaal
De Palmen Grift,159,"","",3901ND,Veenendaal
De Palmen Grift,159,A,"",3901ND,Veenendaal
De Palmen Grift,161,"","",3901ND,Veenendaal
De Palmen Grift,163,"","",3901ND,Veenendaal
De Palmen Grift,165,"","",3901ND,Veenendaal
De Palmen Grift,165,A,"",3901ND,Veenendaal
De Palmen Grift,167,"","",3901ND,Veenendaal
De Palmen Grift,169,"","",3901ND,Veenendaal
De Palmen Grift,171,"","",3901ND,Veenendaal
De Palmen Grift,173,"","",3901ND,Veenendaal
De Palmen Grift,175,"","",3901ND,Veenendaal
De Palmen Grift,177,"","",3901ND,Veenendaal
De Palmen Grift,177,A,"",3901ND,Veenendaal
De Palmen Grift,179,"","",3901ND,Veenendaal
De Palmen Grift,181,"","",3901ND,Veenendaal
De Palmen Grift,183,"","",3901ND,Veenendaal
De Palmen Grift,183,A,"",3901ND,Veenendaal
De Palmen Grift,185,"","",3901ND,Veenendaal
De Palmen Grift,185,A,"",3901ND,Veenendaal
De Palmen Grift,187,"","",3901ND,Veenendaal
De Palmen Grift,189,"","",3901ND,Veenendaal
De Palmen Grift,191,"","",3901ND,Veenendaal
De Palmen Grift,193,"","",3901ND,Veenendaal
De Palmen Grift,195,"","",3901NE,Veenendaal
De Palmen Grift,197,"","",3901NE,Veenendaal
De Palmen Grift,199,"","",3901NE,Veenendaal
De Palmen Grift,201,"","",3901NE,Veenendaal
De Palmen Grift,203,"","",3901NE,Veenendaal
De Palmen Grift,205,"","",3901NE,Veenendaal
De Palmen Grift,207,"","",3901NE,Veenendaal
De Palmen Grift,207,A,"",3901NE,Veenendaal
De Palmen Grift,209,"","",3901NE,Veenendaal
De Palmen Grift,211,"","",3901NE,Veenendaal
De Palmen Grift,213,"","",3901NE,Veenendaal
De Palmen Grift,215,"","",3901NE,Veenendaal
De Palmen Grift,217,"","",3901NE,Veenendaal
De Palmen Grift,219,"","",3901NE,Veenendaal
De Palmen Grift,221,"","",3901NE,Veenendaal
De Palmen Grift,223,"","",3901NE,Veenendaal
De Palmen Grift,225,"","",3901NE,Veenendaal
De Palmen Grift,227,"","",3901NE,Veenendaal
De Palmen Grift,229,"","",3901NE,Veenendaal
De Palmen Grift,231,"","",3901NE,Veenendaal
De Palmen Grift,233,"","",3901NE,Veenendaal
De Palmen Grift,233,A,"",3901NE,Veenendaal
De Palmen Grift,235,"","",3901NE,Veenendaal
De Palmen Grift,237,"","",3901NE,Veenendaal
De Palmen Grift,239,"","",3901NE,Veenendaal
De Palmen Grift,241,"","",3901NE,Veenendaal
De Palmen Grift,243,"","",3901NG,Veenendaal
De Palmen Grift,245,"","",3901NG,Veenendaal
De Palmen Grift,247,"","",3901NG,Veenendaal
De Palmen Grift,249,"","",3901NG,Veenendaal
De Palmen Grift,251,"","",3901NG,Veenendaal
De Palmen Grift,253,"","",3901NG,Veenendaal
De Palmen Grift,255,"","",3901NG,Veenendaal
De Palmen Grift,255,A,"",3901NG,Veenendaal
De Palmen Grift,257,"","",3901NG,Veenendaal
De Palmen Grift,259,"","",3901NG,Veenendaal
De Palmen Grift,261,"","",3901NG,Veenendaal
De Palmen Grift,261,A,"",3901NG,Veenendaal
De Palmen Grift,263,"","",3901NG,Veenendaal
De Palmen Grift,265,"","",3901NG,Veenendaal
De Palmen Grift,267,"","",3901NG,Veenendaal
De Palmen Grift,269,"","",3901NG,Veenendaal
De Palmen Grift,271,"","",3901NG,Veenendaal
De Palmen Grift,273,"","",3901NG,Veenendaal
De Palmen Grift,275,"","",3901NG,Veenendaal
De Palmen Grift,277,"","",3901NG,Veenendaal
De Palmen Grift,279,"","",3901NG,Veenendaal
De Palmen Grift,281,"","",3901NG,Veenendaal
De Palmen Grift,283,"","",3901NG,Veenendaal
De Palmen Grift,285,"","",3901NG,Veenendaal
De Palmen Grift,287,"","",3901NG,Veenendaal
De Palmen Grift,289,"","",3901NG,Veenendaal
De Palmen Grift,291,"","",3901NH,Veenendaal
De Palmen Grift,293,"","",3901NH,Veenendaal
De Palmen Grift,295,"","",3901NH,Veenendaal
De Palmen Grift,297,"","",3901NH,Veenendaal
De Palmen Grift,299,"","",3901NH,Veenendaal
De Palmen Grift,301,"","",3901NH,Veenendaal
De Palmen Grift,303,"","",3901NH,Veenendaal
De Palmen Grift,305,"","",3901NH,Veenendaal
De Palmen Grift,307,"","",3901NH,Veenendaal
De Palmen Grift,309,"","",3901NH,Veenendaal
De Palmen Grift,311,"","",3901NH,Veenendaal
De Palmen Grift,313,"","",3901NH,Veenendaal
De Palmen Grift,315,"","",3901NH,Veenendaal
De Palmen Grift,317,"","",3901NH,Veenendaal
De Palmen Grift,319,"","",3901NH,Veenendaal
De Palmen Grift,321,"","",3901NH,Veenendaal
De Palmen Grift,323,"","",3901NH,Veenendaal
De Palmen Grift,325,"","",3901NH,Veenendaal
De Palmen Grift,327,"","",3901NH,Veenendaal
De Palmen Grift,329,"","",3901NJ,Veenendaal
De Palmen Grift,331,"","",3901NJ,Veenendaal
De Palmen Grift,333,"","",3901NJ,Veenendaal
De Palmen Grift,335,"","",3901NJ,Veenendaal
De Palmen Grift,337,"","",3901NJ,Veenendaal
De Palmen Grift,339,"","",3901NJ,Veenendaal
De Palmen Grift,341,"","",3901NJ,Veenendaal
De Palmen Grift,343,"","",3901NJ,Veenendaal
De Palmen Grift,345,"","",3901NJ,Veenendaal
De Palmen Grift,347,"","",3901NJ,Veenendaal
De Palmen Grift,349,"","",3901NJ,Veenendaal
De Palmen Grift,351,"","",3901NJ,Veenendaal
De Palmen Grift,353,"","",3901NJ,Veenendaal
De Palmen Grift,355,"","",3901NJ,Veenendaal
De Palmen Grift,357,"","",3901NJ,Veenendaal
De Palmen Grift,359,"","",3901NJ,Veenendaal
De Palmen Grift,361,"","",3901NJ,Veenendaal
De Palmen Grift,363,"","",3901NJ,Veenendaal
De Palmen Grift,363,A,"",3901NJ,Veenendaal
De Palmen Grift,365,"","",3901NK,Veenendaal
De Palmen Grift,367,"","",3901NK,Veenendaal
De Palmen Grift,369,"","",3901NK,Veenendaal
De Palmen Grift,371,"","",3901NK,Veenendaal
De Palmen Grift,373,"","",3901NK,Veenendaal
De Palmen Grift,373,A,"",3901NK,Veenendaal
De Palmen Grift,375,"","",3901NK,Veenendaal
De Palmen Grift,375,A,"",3901NK,Veenendaal
De Palmen Grift,377,"","",3901NK,Veenendaal
De Palmen Grift,379,"","",3901NK,Veenendaal
De Palmen Grift,381,"","",3901NK,Veenendaal
De Palmen Grift,383,"","",3901NK,Veenendaal
De Palmen Grift,383,A,"",3901NK,Veenendaal
De Palmen Grift,385,"","",3901NK,Veenendaal
De Palmen Grift,387,"","",3901NK,Veenendaal
De Palmen Grift,389,"","",3901NK,Veenendaal
De Palmen Grift,391,"","",3901NK,Veenendaal
De Palmen Grift,393,"","",3901NK,Veenendaal
De Palmen Grift,395,"","",3901NK,Veenendaal
De Palmen Grift,395,A,"",3901NK,Veenendaal
De Palmen Grift,397,"","",3901NK,Veenendaal
De Palmen Grift,399,"","",3901NK,Veenendaal
De Palmen Grift,399,A,"",3901NK,Veenendaal
De Palmen Grift,401,"","",3901NK,Veenendaal
De Palmen Grift,401,A,"",3901NK,Veenendaal
De Palmen Grift,403,"","",3901NK,Veenendaal
De Palmen Grift,405,"","",3901NK,Veenendaal
De Palmen Grift,407,"","",3901NK,Veenendaal
De Palmen Grift,409,"","",3901NK,Veenendaal
De Palmen Grift,411,"","",3901NK,Veenendaal
De Palmen Grift,413,"","",3901NL,Veenendaal
De Palmen Grift,415,"","",3901NL,Veenendaal
De Palmen Grift,417,"","",3901NL,Veenendaal
De Palmen Grift,419,"","",3901NL,Veenendaal
De Palmen Grift,419,A,"",3901NL,Veenendaal
De Palmen Grift,421,"","",3901NL,Veenendaal
De Palmen Grift,423,"","",3901NL,Veenendaal
De Palmen Grift,423,A,"",3901NL,Veenendaal
De Palmen Grift,425,"","",3901NL,Veenendaal
De Palmen Grift,427,"","",3901NL,Veenendaal
De Palmen Grift,429,"","",3901NL,Veenendaal
De Palmen Grift,431,"","",3901NL,Veenendaal
De Palmen Grift,433,"","",3901NL,Veenendaal
De Palmen Grift,435,"","",3901NL,Veenendaal
De Palmen Grift,435,A,"",3901NL,Veenendaal
De Palmen Grift,437,"","",3901NL,Veenendaal
De Palmen Grift,439,"","",3901NL,Veenendaal
De Palmen Grift,441,"","",3901NL,Veenendaal
De Palmen Grift,443,"","",3901NL,Veenendaal
De Palmen Grift,445,"","",3901NL,Veenendaal
De Palmen Grift,447,"","",3901NL,Veenendaal
De Palmen Grift,449,"","",3901NL,Veenendaal
De Palmen Grift,451,"","",3901NL,Veenendaal
De Palmen Grift,453,"","",3901NL,Veenendaal
De Palmen Grift,455,"","",3901NL,Veenendaal
De Palmen Grift,457,"","",3901NL,Veenendaal
De Palmen Grift,459,"","",3901NL,Veenendaal
De Schutterij,12,"","",3901NM,Veenendaal
De Schutterij,13,"","",3901NM,Veenendaal
De Palmen Grift,461,"","",3901NM,Veenendaal
De Palmen Grift,463,"","",3901NM,Veenendaal
De Palmen Grift,465,"","",3901NM,Veenendaal
De Palmen Grift,467,"","",3901NM,Veenendaal
De Palmen Grift,469,"","",3901NM,Veenendaal
De Palmen Grift,471,"","",3901NM,Veenendaal
De Palmen Grift,473,"","",3901NM,Veenendaal
De Palmen Grift,475,"","",3901NM,Veenendaal
De Palmen Grift,477,"","",3901NM,Veenendaal
De Palmen Grift,479,"","",3901NM,Veenendaal
De Palmen Grift,481,"","",3901NM,Veenendaal
De Palmen Grift,483,"","",3901NM,Veenendaal
De Palmen Grift,485,"","",3901NM,Veenendaal
De Palmen Grift,487,"","",3901NM,Veenendaal
De Palmen Grift,489,"","",3901NM,Veenendaal
De Palmen Grift,491,"","",3901NM,Veenendaal
De Palmen Grift,493,"","",3901NM,Veenendaal
De Palmen Grift,495,"","",3901NM,Veenendaal
De Palmen Grift,497,"","",3901NM,Veenendaal
De Palmen Grift,499,"","",3901NM,Veenendaal
De Palmen Grift,501,"","",3901NM,Veenendaal
De Palmen Grift,503,"","",3901NM,Veenendaal
De Palmen Grift,505,"","",3901NM,Veenendaal
De Palmen Grift,507,"","",3901NM,Veenendaal
De Palmen Grift,507,A,"",3901NM,Veenendaal
De Palmen Grift,509,"","",3901NN,Veenendaal
De Palmen Grift,511,"","",3901NN,Veenendaal
De Palmen Grift,513,"","",3901NN,Veenendaal
De Palmen Grift,515,"","",3901NN,Veenendaal
De Palmen Grift,517,"","",3901NN,Veenendaal
De Palmen Grift,519,"","",3901NN,Veenendaal
De Palmen Grift,521,"","",3901NN,Veenendaal
De Palmen Grift,521,A,"",3901NN,Veenendaal
De Palmen Grift,523,"","",3901NN,Veenendaal
De Palmen Grift,525,"","",3901NN,Veenendaal
De Palmen Grift,527,"","",3901NN,Veenendaal
De Palmen Grift,529,"","",3901NN,Veenendaal
De Palmen Grift,531,"","",3901NN,Veenendaal
De Palmen Grift,533,"","",3901NN,Veenendaal
De Palmen Grift,535,"","",3901NN,Veenendaal
De Palmen Grift,537,"","",3901NN,Veenendaal
De Palmen Grift,539,"","",3901NN,Veenendaal
De Palmen Grift,541,"","",3901NN,Veenendaal
De Palmen Grift,543,"","",3901NN,Veenendaal
De Palmen Grift,545,"","",3901NN,Veenendaal
De Palmen Grift,545,A,"",3901NN,Veenendaal
De Palmen Grift,547,"","",3901NN,Veenendaal
De Palmen Grift,549,"","",3901NN,Veenendaal
De Palmen Grift,551,"","",3901NN,Veenendaal
De Palmen Grift,553,"","",3901NN,Veenendaal
De Palmen Grift,555,"","",3901NN,Veenendaal
De Palmen Grift,557,"","",3901NP,Veenendaal
De Palmen Grift,559,"","",3901NP,Veenendaal
De Palmen Grift,561,"","",3901NP,Veenendaal
De Palmen Grift,563,"","",3901NP,Veenendaal
De Palmen Grift,565,"","",3901NP,Veenendaal
De Palmen Grift,567,"","",3901NP,Veenendaal
De Palmen Grift,569,"","",3901NP,Veenendaal
De Palmen Grift,571,"","",3901NP,Veenendaal
De Palmen Grift,573,"","",3901NP,Veenendaal
De Palmen Grift,575,"","",3901NP,Veenendaal
De Palmen Grift,577,"","",3901NP,Veenendaal
De Palmen Grift,579,"","",3901NP,Veenendaal
De Palmen Grift,581,"","",3901NP,Veenendaal
De Palmen Grift,583,"","",3901NP,Veenendaal
De Palmen Grift,585,"","",3901NP,Veenendaal
De Palmen Grift,587,"","",3901NP,Veenendaal
De Palmen Grift,589,"","",3901NP,Veenendaal
De Palmen Grift,591,"","",3901NP,Veenendaal
De Palmen Grift,593,"","",3901NP,Veenendaal
De Palmen Grift,595,"","",3901NP,Veenendaal
De Palmen Grift,597,"","",3901NP,Veenendaal
De Palmen Grift,599,"","",3901NP,Veenendaal
De Palmen Grift,601,"","",3901NP,Veenendaal
De Palmen Grift,603,"","",3901NP,Veenendaal
De Palmen Grift,605,"","",3901NR,Veenendaal
De Palmen Grift,607,"","",3901NR,Veenendaal
De Palmen Grift,609,"","",3901NR,Veenendaal
De Palmen Grift,611,"","",3901NR,Veenendaal
De Palmen Grift,613,"","",3901NR,Veenendaal
De Palmen Grift,615,"","",3901NR,Veenendaal
De Palmen Grift,617,"","",3901NR,Veenendaal
De Palmen Grift,619,"","",3901NR,Veenendaal
De Palmen Grift,621,"","",3901NR,Veenendaal
De Palmen Grift,623,"","",3901NR,Veenendaal
De Palmen Grift,625,"","",3901NR,Veenendaal
De Palmen Grift,627,"","",3901NR,Veenendaal
De Palmen Grift,629,"","",3901NR,Veenendaal
De Palmen Grift,631,"","",3901NR,Veenendaal
De Palmen Grift,633,"","",3901NR,Veenendaal
De Palmen Grift,635,"","",3901NR,Veenendaal
De Palmen Grift,637,"","",3901NR,Veenendaal
De Palmen Grift,639,"","",3901NR,Veenendaal
De Palmen Grift,641,"","",3901NR,Veenendaal
De Palmen Grift,643,"","",3901NR,Veenendaal
De Palmen Grift,645,"","",3901NR,Veenendaal
De Palmen Grift,647,"","",3901NR,Veenendaal
De Palmen Grift,649,"","",3901NR,Veenendaal
De Palmen Grift,651,"","",3901NR,Veenendaal
De Palmen Grift,653,"","",3901NS,Veenendaal
De Palmen Grift,657,"","",3901NS,Veenendaal
De Palmen Grift,659,"","",3901NS,Veenendaal
De Palmen Grift,661,"","",3901NS,Veenendaal
De Palmen Grift,663,"","",3901NS,Veenendaal
De Palmen Grift,665,"","",3901NS,Veenendaal
De Palmen Grift,667,"","",3901NS,Veenendaal
De Palmen Grift,669,"","",3901NS,Veenendaal
De Palmen Grift,671,"","",3901NS,Veenendaal
De Palmen Grift,673,"","",3901NS,Veenendaal
De Palmen Grift,675,"","",3901NS,Veenendaal
De Palmen Grift,677,"","",3901NS,Veenendaal
De Palmen Grift,679,"","",3901NS,Veenendaal
De Palmen Grift,681,"","",3901NS,Veenendaal
De Palmen Grift,683,"","",3901NS,Veenendaal
De Palmen Grift,685,"","",3901NS,Veenendaal
De Palmen Grift,687,"","",3901NS,Veenendaal
De Palmen Grift,689,"","",3901NS,Veenendaal
De Palmen Grift,691,"","",3901NS,Veenendaal
De Palmen Grift,693,"","",3901NS,Veenendaal
De Palmen Grift,695,"","",3901NS,Veenendaal
De Palmen Grift,697,"","",3901NS,Veenendaal
De Palmen Grift,699,"","",3901NS,Veenendaal
De Palmen Grift,701,"","",3901NS,Veenendaal
De Palmen Grift,703,"","",3901NS,Veenendaal
De Palmen Grift,705,"","",3901NS,Veenendaal
De Palmen Grift,707,"","",3901NS,Veenendaal
De Palmen Grift,709,"","",3901NS,Veenendaal
De Palmen Grift,711,"","",3901NS,Veenendaal
De Palmen Grift,713,"","",3901NS,Veenendaal
Gilbert van Schoonbekestraat,10,"","",3901PZ,Veenendaal
Gilbert van Schoonbekestraat,10,"","",3901PZ,Veenendaal
Gilbert van Schoonbekestraat,12,"","",3901PZ,Veenendaal
Gilbert van Schoonbekestraat,12,"","",3901PZ,Veenendaal
Gilbert van Schoonbekestraat,14,"","",3901PZ,Veenendaal
Gilbert van Schoonbekestraat,14,"","",3901PZ,Veenendaal
Gilbert van Schoonbekestraat,16,"","",3901PZ,Veenendaal
Gilbert van Schoonbekestraat,16,"","",3901PZ,Veenendaal
Gilbert van Schoonbekestraat,18,"","",3901PZ,Veenendaal
Gilbert van Schoonbekestraat,18,"","",3901PZ,Veenendaal
Gilbert van Schoonbekestraat,2,"","",3901PZ,Veenendaal
Gilbert van Schoonbekestraat,2,"","",3901PZ,Veenendaal
Gilbert van Schoonbekestraat,20,"","",3901PZ,Veenendaal
Gilbert van Schoonbekestraat,20,"","",3901PZ,Veenendaal
Gilbert van Schoonbekestraat,22,"","",3901PZ,Veenendaal
Gilbert van Schoonbekestraat,22,"","",3901PZ,Veenendaal
Gilbert van Schoonbekestraat,24,"","",3901PZ,Veenendaal
Gilbert van Schoonbekestraat,24,"","",3901PZ,Veenendaal
Gilbert van Schoonbekestraat,26,"","",3901PZ,Veenendaal
Gilbert van Schoonbekestraat,26,"","",3901PZ,Veenendaal
Gilbert van Schoonbekestraat,28,"","",3901PZ,Veenendaal
Gilbert van Schoonbekestraat,28,"","",3901PZ,Veenendaal
Gilbert van Schoonbekestraat,30,"","",3901PZ,Veenendaal
Gilbert van Schoonbekestraat,30,"","",3901PZ,Veenendaal
Gilbert van Schoonbekestraat,32,"","",3901PZ,Veenendaal
Gilbert van Schoonbekestraat,32,"","",3901PZ,Veenendaal
Gilbert van Schoonbekestraat,34,"","",3901PZ,Veenendaal
Gilbert van Schoonbekestraat,34,"","",3901PZ,Veenendaal
Gilbert van Schoonbekestraat,36,"","",3901PZ,Veenendaal
Gilbert van Schoonbekestraat,36,"","",3901PZ,Veenendaal
Gilbert van Schoonbekestraat,4,"","",3901PZ,Veenendaal
Gilbert van Schoonbekestraat,4,"","",3901PZ,Veenendaal
Gilbert van Schoonbekestraat,41,"","",3901PZ,Veenendaal
Gilbert van Schoonbekestraat,43,"","",3901PZ,Veenendaal
Gilbert van Schoonbekestraat,45,"","",3901PZ,Veenendaal
Gilbert van Schoonbekestraat,47,"","",3901PZ,Veenendaal
Gilbert van Schoonbekestraat,49,"","",3901PZ,Veenendaal
Gilbert van Schoonbekestraat,51,"","",3901PZ,Veenendaal
Gilbert van Schoonbekestraat,53,"","",3901PZ,Veenendaal
Gilbert van Schoonbekestraat,55,"","",3901PZ,Veenendaal
Gilbert van Schoonbekestraat,57,"","",3901PZ,Veenendaal
Gilbert van Schoonbekestraat,59,"","",3901PZ,Veenendaal
Gilbert van Schoonbekestraat,6,"","",3901PZ,Veenendaal
Gilbert van Schoonbekestraat,6,"","",3901PZ,Veenendaal
Gilbert van Schoonbekestraat,61,"","",3901PZ,Veenendaal
Gilbert van Schoonbekestraat,63,"","",3901PZ,Veenendaal
Gilbert van Schoonbekestraat,65,"","",3901PZ,Veenendaal
Gilbert van Schoonbekestraat,67,"","",3901PZ,Veenendaal
Gilbert van Schoonbekestraat,69,"","",3901PZ,Veenendaal
Gilbert van Schoonbekestraat,71,"","",3901PZ,Veenendaal
Gilbert van Schoonbekestraat,73,"","",3901PZ,Veenendaal
Gilbert van Schoonbekestraat,75,"","",3901PZ,Veenendaal
Gilbert van Schoonbekestraat,77,"","",3901PZ,Veenendaal
Gilbert van Schoonbekestraat,79,"","",3901PZ,Veenendaal
Gilbert van Schoonbekestraat,8,"","",3901PZ,Veenendaal
Gilbert van Schoonbekestraat,8,"","",3901PZ,Veenendaal
