postcode,straat,huisnummer,huisletter,toevoeging
3522BP,Rijnlaan,56,,BS
3522BR,Rijnlaan,72,A,
3522BR,Rijnlaan,74,A,
3522HZ,Jutfasepad,3,,
3522HZ,Jutfasepad,5,,
3522AS,Amaliastraat,1,,
3522HB,Jutfaseweg,8,,
3522HB,Jutfaseweg,9,,
3522HK,Jutfaseweg,129,,
3522HP,Jutfaseweg,194,,
3522HS,Jutfaseweg,231,,
3522HS,Jutfaseweg,241,,
3522HS,Jutfaseweg,245,,
3522HS,Jutfaseweg,247,,
3522HS,Jutfaseweg,251,,
3522HS,Jutfaseweg,253,,
3522SC,Waalstraat,75,,
3522SE,Waalstraat,93,,
3522SG,Waalstraat,179,,
3521GA,Vondellaan,1,B,
3522GX,Diezestraat,23,,
3522VG,Dommelstraat,4,,
3522VG,Dommelstraat,6,,
3522VG,Dommelstraat,10,,
3522VG,Dommelstraat,13,,
3522VG,Dommelstraat,14,,
3522VG,Dommelstraat,15,,
3522VG,Dommelstraat,17,,
3522VG,Dommelstraat,19,,
3522VG,Dommelstraat,23,,
3522VG,Dommelstraat,25,,
3522VG,Dommelstraat,29,,
3522VG,Dommelstraat,31,,
3522VG,Dommelstraat,33,,
3522VG,Dommelstraat,47,,
3522VG,Dommelstraat,49,,
3522VG,Dommelstraat,53,,
3522VG,Dommelstraat,55,,
3522VG,Dommelstraat,57,,
3522VG,Dommelstraat,61,,
3522VG,Dommelstraat,63,,
3522VG,Dommelstraat,65,,
3522VG,Dommelstraat,67,,
3522VG,Dommelstraat,69,,
3522VG,Dommelstraat,71,,
3522VG,Dommelstraat,73,,
3522VG,Dommelstraat,75,,
3522SN,Eemstraat,3,,
3522SN,Eemstraat,5,,
3522SN,Eemstraat,7,,
3522SN,Eemstraat,11,,
3522SN,Eemstraat,13,,
3522SN,Eemstraat,17,,
3522SN,Eemstraat,27,,
3522SN,Eemstraat,31,,
3522SN,Eemstraat,33,,
3522SN,Eemstraat,37,,
3522SN,Eemstraat,41,,
3522SP,Eemstraat,20,,
3522SP,Eemstraat,14,,
3522SP,Eemstraat,18,,
3522SP,Eemstraat,26,,
3522SP,Eemstraat,28,,
3522SP,Eemstraat,32,,
3522SP,Eemstraat,36,,
3522SR,Eemstraat,40,,
3522SR,Eemstraat,44,,
3522SR,Eemstraat,52,,
3522SR,Eemstraat,54,,
3522SR,Eemstraat,56,,
3522SR,Eemstraat,60,,
3522SR,Eemstraat,62,,
3522SR,Eemstraat,66,,
3522SR,Eemstraat,68,,
3522SR,Eemstraat,70,,
3522SR,Eemstraat,82,,
3522SR,Eemstraat,84,,
3522SR,Eemstraat,86,,
3522TR,Amerhof,1,,
3522TR,Amerhof,3,,
3522TR,Amerhof,5,,
3522TR,Amerhof,7,,
3522TR,Amerhof,36,,
3522TR,Amerhof,38,,
3522TR,Amerhof,39,,
3522TR,Amerhof,43,,
3522TR,Amerhof,44,,
3522TR,Amerhof,46,,
3522TR,Amerhof,47,,
3522TR,Amerhof,49,,
3522TR,Amerhof,51,,
3522TR,Amerhof,52,,
3522TR,Amerhof,55,,
3522TR,Amerhof,57,,
3522TR,Amerhof,58,,
3522TR,Amerhof,60,,
3522TR,Amerhof,61,,
3522TR,Amerhof,62,,
3522TR,Amerhof,63,,
3522TR,Amerhof,66,,
3522TR,Amerhof,100,,
3522TR,Amerhof,101,,
3522TR,Amerhof,102,,
3522TR,Amerhof,103,,
3522TR,Amerhof,105,,
3522TR,Amerhof,106,,
3522TR,Amerhof,107,,
3522TR,Amerhof,108,,
3522TR,Amerhof,110,,
3522TR,Amerhof,111,,
3522XA,Beerzestraat,3,,
3522ER,Berkelstraat,42,,
3522ER,Berkelstraat,42,,
3522ER,Berkelstraat,42,,
3522BH,Rijnlaan,127,A,
3522KA,Deltastraat,1,,
3522KA,Deltastraat,3,,
3522KA,Deltastraat,7,,
3522KA,Deltastraat,9,,
3522KA,Deltastraat,11,,
3522KA,Deltastraat,15,,
3522GT,Roerstraat,111,,
3522GT,Roerstraat,113,,
3522GT,Roerstraat,117,,
3522GT,Roerstraat,119,,
3522GW,Roerstraat,124,,
3522GW,Roerstraat,126,,
3522HT,Mijdrechtstraat,3,,
3522JS,Merwedeplantsoen,17,,
3522JS,Merwedeplantsoen,19,,
3522JS,Merwedeplantsoen,25,,
3522JS,Merwedeplantsoen,29,,
3522JS,Merwedeplantsoen,35,,
3522JS,Merwedeplantsoen,37,,
3522JS,Merwedeplantsoen,41,,
3522JS,Merwedeplantsoen,47,,
3522JZ,Merwedeplantsoen,51,,
3522JZ,Merwedeplantsoen,55,,
3522JZ,Merwedeplantsoen,57,,
3522JZ,Merwedeplantsoen,61,,
3522JZ,Merwedeplantsoen,63,,
3522JZ,Merwedeplantsoen,67,,
3522JZ,Merwedeplantsoen,69,,
3522JZ,Merwedeplantsoen,73,,
3522JZ,Merwedeplantsoen,75,,
3522JZ,Merwedeplantsoen,79,,
3522JZ,Merwedeplantsoen,83,,
3522JZ,Merwedeplantsoen,89,,
3522JZ,Merwedeplantsoen,93,,
3522SE,Waalstraat,123,,
3522TN,Dinkelstraat,5,,
3522TN,Dinkelstraat,7,,
3522TN,Dinkelstraat,9,,
3522TN,Dinkelstraat,11,,
3522TN,Dinkelstraat,15,,
3522TN,Dinkelstraat,19,,
3522TN,Dinkelstraat,23,,
3522TN,Dinkelstraat,25,,
3522TN,Dinkelstraat,33,,
3522TN,Dinkelstraat,35,,
3522TN,Dinkelstraat,39,,
3522TN,Dinkelstraat,41,,
3522TN,Dinkelstraat,45,,
3522TN,Dinkelstraat,47,,
3522TN,Dinkelstraat,51,,
3522TN,Dinkelstraat,57,,
3522TP,Dinkelstraat,14,,
3522TP,Dinkelstraat,16,,
3522TP,Dinkelstraat,20,,
3522TP,Dinkelstraat,22,,
3522TP,Dinkelstraat,26,,
3522TE,Maasstraat,5,,
3522TE,Maasstraat,7,,
3522TE,Maasstraat,11,,
3522TE,Maasstraat,15,,
3522TE,Maasstraat,17,,
3522TE,Maasstraat,21,,
3522TG,Maasstraat,31,,
3522TH,Maasstraat,6,,
3522TH,Maasstraat,10,,
3522TH,Maasstraat,14,,
3522TH,Maasstraat,20,,
3522TH,Maasstraat,22,,
3522TJ,Maasstraat,32,,
3522TJ,Maasstraat,34,,
3522EB,Hunzestraat,6,,
3522EB,Hunzestraat,8,,
3522EB,Hunzestraat,10,,
3522EB,Hunzestraat,20,,
3522EB,Hunzestraat,22,,
3522EB,Hunzestraat,28,,
3522EB,Hunzestraat,30,,
3522EB,Hunzestraat,36,,
3522EB,Hunzestraat,40,,
3522EB,Hunzestraat,44,,
3522EB,Hunzestraat,48,,
3522EB,Hunzestraat,52,,
3522EB,Hunzestraat,56,,
3522EB,Hunzestraat,66,,
3522EB,Hunzestraat,68,,
3522EV,Geinplantsoen,4,,
3522EV,Geinplantsoen,6,,
3522EV,Geinplantsoen,12,,
3522EV,Geinplantsoen,14,,
3522EV,Geinplantsoen,20,,
3522KB,Giessenplein,1,,
3522KB,Giessenplein,3,,
3522KB,Giessenplein,4,,
3522KB,Giessenplein,7,,
3522KB,Giessenplein,9,,
3522KB,Giessenplein,12,,
3522KB,Giessenplein,13,,
3522KB,Giessenplein,16,,
3522KB,Giessenplein,17,,
3522KB,Giessenplein,20,,
3522KC,Giessenplein,21,,
3522KC,Giessenplein,24,,
3522KC,Giessenplein,26,,
3522KC,Giessenplein,27,,
3522KC,Giessenplein,30,,
3522KC,Giessenplein,31,,
3522KC,Giessenplein,34,,
3522KC,Giessenplein,35,,
3522KC,Giessenplein,37,,
3522KC,Giessenplein,38,,
3522KD,Giessenplein,41,,
3522KD,Giessenplein,42,,
3522KD,Giessenplein,43,,
3522KD,Giessenplein,45,,
3522KD,Giessenplein,46,,
3522KD,Giessenplein,48,,
3522KD,Giessenplein,49,,
3522KD,Giessenplein,52,,
3522KD,Giessenplein,54,,
3522KD,Giessenplein,56,,
3522KD,Giessenplein,58,,
3522KG,Giessenplein,69,,
3522KG,Giessenplein,70,,
3522KG,Giessenplein,73,,
3522KG,Giessenplein,75,,
3522KG,Giessenplein,78,,
3522KG,Giessenplein,79,,
3522KG,Giessenplein,80,,
3522KG,Giessenplein,82,,
3522KG,Giessenplein,83,,
3522BV,Maasplein,1,,
3522HJ,Jutfaseweg,103,,
3522HJ,Jutfaseweg,104,,
3522HJ,Jutfaseweg,105,,
3522HJ,Jutfaseweg,106,,
3522HJ,Jutfaseweg,107,,
3522HJ,Jutfaseweg,108,,
3522HJ,Jutfaseweg,109,,
3522HJ,Jutfaseweg,110,,
3522HJ,Jutfaseweg,111,,
3522HJ,Jutfaseweg,112,,
3522HJ,Jutfaseweg,113,,
3522HJ,Jutfaseweg,114,,
3522HM,Jutfaseweg,156,,
3522HR,Jutfaseweg,205,,
3522HS,Jutfaseweg,207,,
3522HS,Jutfaseweg,207,A,
3522HS,Jutfaseweg,208,,
3522HS,Jutfaseweg,208,A,
3522HS,Jutfaseweg,208,B,
3522HS,Jutfaseweg,208,D,
3522HS,Jutfaseweg,208,E,
3522HS,Jutfaseweg,209,,
3522HS,Jutfaseweg,209,A,
3522HS,Jutfaseweg,209,C,
3522HS,Jutfaseweg,212,,
3522HS,Jutfaseweg,226,,
3522HS,Jutfaseweg,227,,
3522GT,Roerstraat,23,,
3522GT,Roerstraat,25,,
3522GT,Roerstraat,29,,
3522GT,Roerstraat,85,,
3522GT,Roerstraat,87,,
3522GT,Roerstraat,89,,
3522GT,Roerstraat,91,,
3522GT,Roerstraat,95,,
3522GT,Roerstraat,99,,
3522GT,Roerstraat,103,,
3522GW,Roerstraat,20,,
3522GW,Roerstraat,22,,
3522GW,Roerstraat,26,,
3522GW,Roerstraat,30,,
3522GW,Roerstraat,32,,
3522GW,Roerstraat,34,,
3522GW,Roerstraat,36,,
3522GW,Roerstraat,38,,
3522GW,Roerstraat,40,,
3522GW,Roerstraat,44,,
3522GW,Roerstraat,46,,
3522GW,Roerstraat,48,,
3522GW,Roerstraat,52,,
3522GW,Roerstraat,54,,
3522GW,Roerstraat,56,,
3522GW,Roerstraat,58,,
3522GW,Roerstraat,60,,
3522GW,Roerstraat,62,,
3522GW,Roerstraat,64,,
3522GW,Roerstraat,66,,
3522GW,Roerstraat,70,,
3522GW,Roerstraat,72,,
3522GW,Roerstraat,74,,
3522GW,Roerstraat,76,,
3522GW,Roerstraat,78,,
3522GW,Roerstraat,80,,
3522GW,Roerstraat,82,,
3522GW,Roerstraat,84,,
3522GW,Roerstraat,86,,
3522GW,Roerstraat,88,,
3522GW,Roerstraat,90,,
3522GW,Roerstraat,92,,
3522GW,Roerstraat,94,,
3522GW,Roerstraat,96,,
3522GW,Roerstraat,98,,
3522GW,Roerstraat,102,,
3522GW,Roerstraat,106,,
3522GW,Roerstraat,108,,
3522GW,Roerstraat,110,,
3522GW,Roerstraat,116,,
3522GW,Roerstraat,118,,
3522CD,Scheldestraat,12,,
3522CE,Scheldestraat,40,,
3522CE,Scheldestraat,42,,
3522CE,Scheldestraat,46,,
3522CE,Scheldestraat,48,,
3522CE,Scheldestraat,52,,
3522CE,Scheldestraat,54,,
3522CE,Scheldestraat,58,,
3522CE,Scheldestraat,60,,
3522CE,Scheldestraat,62,,
3522CG,Scheldestraat,102,,
3522CG,Scheldestraat,104,,
3522CG,Scheldestraat,108,,
3522CG,Scheldestraat,110,,
3522CG,Scheldestraat,70,,
3522CG,Scheldestraat,72,,
3522CG,Scheldestraat,78,,
3522CG,Scheldestraat,82,,
3522CG,Scheldestraat,86,,
3522CG,Scheldestraat,90,,
3522CG,Scheldestraat,96,,
3522CG,Scheldestraat,98,,
3522HT,Mijdrechtstraat,47,,
3522HV,Mijdrechtstraat,53,,
3522HV,Mijdrechtstraat,57,,
3522HV,Mijdrechtstraat,59,,
3522HV,Mijdrechtstraat,65,,
3522HV,Mijdrechtstraat,67,,
3522HV,Mijdrechtstraat,71,,
3522HV,Mijdrechtstraat,77,,
3522HV,Mijdrechtstraat,79,,
3522HV,Mijdrechtstraat,81,,
3522HV,Mijdrechtstraat,83,,
3522HV,Mijdrechtstraat,85,,
3522HV,Mijdrechtstraat,87,,
3522HV,Mijdrechtstraat,89,,
3522HV,Mijdrechtstraat,91,,
3522HV,Mijdrechtstraat,93,,
3522HV,Mijdrechtstraat,95,,
3522HV,Mijdrechtstraat,99,,
3522HV,Mijdrechtstraat,101,,
3522XA,Beerzestraat,17,,
3522XA,Beerzestraat,21,,
3522XA,Beerzestraat,23,,
3522XA,Beerzestraat,25,,
3522XA,Beerzestraat,29,,
3522XA,Beerzestraat,31,,
3522XA,Beerzestraat,33,,
3522XA,Beerzestraat,9,,
3522XA,Beerzestraat,15,,
3522RC,Volkerakstraat,4,,
3511HC,Westerkade,34,B,
3511HC,Westerkade,34,C,
3522KA,Deltastraat,5,,
3522KA,Deltastraat,13,,
3522GS,Roerstraat,1,,
3522GS,Roerstraat,3,,
3522GS,Roerstraat,7,,
3522GS,Roerstraat,11,,
3522GS,Roerstraat,13,,
3522GS,Roerstraat,17,,
3522GT,Roerstraat,19,,
3522GV,Roerstraat,4,,
3522GV,Roerstraat,6,,
3522GV,Roerstraat,8,,
3522GV,Roerstraat,10,,
3522GV,Roerstraat,14,,
3522GV,Roerstraat,16,,
3522CD,Scheldestraat,10,,
3522VJ,Schipbeekstraat,15,,
3522VL,Schipbeekstraat,12,,
3522VL,Schipbeekstraat,14,,
3522VL,Schipbeekstraat,18,,
3522VL,Schipbeekstraat,20,,
3522VL,Schipbeekstraat,22,,
3522VL,Schipbeekstraat,28,,
3522EG,Socrateslaan,2,,
3522EB,Hunzestraat,72,,
3522RS,Vlisthof,11,,
3522RS,Vlisthof,12,,
3522RS,Vlisthof,13,,
3522RS,Vlisthof,15,,
3522RS,Vlisthof,16,,
3522RS,Vlisthof,17,,
3522RS,Vlisthof,20,,
3522RS,Vlisthof,21,,
3522RS,Vlisthof,23,,
3522RS,Vlisthof,24,,
3522RS,Vlisthof,25,,
3522RS,Vlisthof,26,,
3522RS,Vlisthof,28,,
3522RS,Vlisthof,29,,
3522RS,Vlisthof,31,,
3522RT,Vlisthof,35,,
3522RT,Vlisthof,36,,
3522RT,Vlisthof,38,,
3522RT,Vlisthof,39,,
3522RT,Vlisthof,41,,
3522RT,Vlisthof,42,,
3522RT,Vlisthof,44,,
3522RT,Vlisthof,45,,
3522RT,Vlisthof,47,,
3522RT,Vlisthof,48,,
3522RT,Vlisthof,50,,
3522RT,Vlisthof,51,,
3522RT,Vlisthof,53,,
3522RV,Vlisthof,55,,
3522RV,Vlisthof,56,,
3522RV,Vlisthof,58,,
3522RV,Vlisthof,60,,
3522RV,Vlisthof,62,,
3522RV,Vlisthof,63,,
3522RV,Vlisthof,66,,
3522RV,Vlisthof,67,,
3522RV,Vlisthof,69,,
3522RV,Vlisthof,70,,
3522RV,Vlisthof,72,,
3522RV,Vlisthof,73,,
3522AS,Amaliastraat,1,C,
3522AV,Amaliastraat,2,B,
3522HE,Jutfaseweg,67,,
3522HH,Jutfaseweg,93,,
3522HH,Jutfaseweg,94,,
3522HS,Jutfaseweg,224,,
3522HS,Jutfaseweg,228,,
3522HS,Jutfaseweg,230,,
3522HS,Jutfaseweg,229,,
3522EC,Zijldiepstraat,7,,
3522SB,Waalstraat,1,,
3522SC,Waalstraat,57,,
3522SC,Waalstraat,59,,
3522SC,Waalstraat,61,,
3522SC,Waalstraat,63,,
3522SC,Waalstraat,65,,
3522SC,Waalstraat,67,,
3522SC,Waalstraat,69,,
3522SC,Waalstraat,71,,
3522SC,Waalstraat,79,,
3522SE,Waalstraat,91,,
3522SE,Waalstraat,95,,
3522SE,Waalstraat,97,,
3522SE,Waalstraat,99,,
3522SE,Waalstraat,101,,
3522SE,Waalstraat,103,,
3522SE,Waalstraat,105,,
3522SE,Waalstraat,107,,
3522SE,Waalstraat,111,,
3522SE,Waalstraat,115,,
3522SE,Waalstraat,119,,
3522SG,Waalstraat,187,,
3522SG,Waalstraat,157,,
3522SG,Waalstraat,175,,
3522SH,Waalstraat,233,,
3522SH,Waalstraat,237,,
3522SH,Waalstraat,241,,
3522SH,Waalstraat,195,,
3522SH,Waalstraat,199,,
3522SH,Waalstraat,201,,
3522SH,Waalstraat,203,,
3522SH,Waalstraat,205,,
3522SH,Waalstraat,207,,
3522SH,Waalstraat,209,,
3522SH,Waalstraat,213,,
3522SJ,Waalstraat,8,,
3522SJ,Waalstraat,10,,
3522SJ,Waalstraat,12,,
3522SJ,Waalstraat,16,,
3522SJ,Waalstraat,18,,
3522SJ,Waalstraat,22,,
3522SJ,Waalstraat,24,,
3522SJ,Waalstraat,26,,
3522SK,Waalstraat,30,,
3522SK,Waalstraat,36,,
3522SK,Waalstraat,38,,
3522SK,Waalstraat,44,,
3522SK,Waalstraat,46,,
3522SK,Waalstraat,48,,
3522SL,Waalstraat,62,,
3522SL,Waalstraat,64,,
3522SL,Waalstraat,66,,
3522SL,Waalstraat,70,,
3522SL,Waalstraat,72,,
3522SL,Waalstraat,74,,
3522SM,Waalstraat,78,,
3522SM,Waalstraat,80,,
3522SM,Waalstraat,92,,
3522SM,Waalstraat,96,,
3522SM,Waalstraat,98,,
3522SM,Waalstraat,100,,
3522ST,Waalstraat,104,,
3522ST,Waalstraat,106,,
3522ST,Waalstraat,108,,
3522ST,Waalstraat,110,,
3522ST,Waalstraat,122,,
3522ST,Waalstraat,124,,
3522ST,Waalstraat,126,,
3522ST,Waalstraat,128,,
3522SW,Waalstraat,198,,
3522SW,Waalstraat,200,,
3522SW,Waalstraat,202,,
3522SW,Waalstraat,206,,
3522SW,Waalstraat,208,,
3522SW,Waalstraat,170,,
3522SW,Waalstraat,172,,
3522SW,Waalstraat,174,,
3522SW,Waalstraat,176,,
3522SW,Waalstraat,178,,
3522SW,Waalstraat,180,,
3522SW,Waalstraat,182,,
3522SW,Waalstraat,184,,
3522SW,Waalstraat,186,,
3522SW,Waalstraat,188,,
3522SW,Waalstraat,190,,
3522SW,Waalstraat,192,,
3522SW,Waalstraat,194,,
3522SW,Waalstraat,196,,
3522SX,Waalstraat,220,,
3522SX,Waalstraat,224,,
3522SX,Waalstraat,226,,
3522SX,Waalstraat,228,,
3522SX,Waalstraat,232,,
3522SX,Waalstraat,236,,
3522SX,Waalstraat,238,,
3522SX,Waalstraat,242,,
3522SX,Waalstraat,244,,
3522SX,Waalstraat,248,,
3522SX,Waalstraat,250,,
3522SX,Waalstraat,252,,
3522SX,Waalstraat,256,,
3522SX,Waalstraat,258,,
3522SX,Waalstraat,260,,
3522SX,Waalstraat,264,,
3522SX,Waalstraat,266,,
3522GR,Roerplein,1,,
3522GR,Roerplein,2,,
3522GR,Roerplein,4,,
3522GR,Roerplein,6,,
3522GR,Roerplein,8,,
3522XG,Spuistraat,2,,
3522XG,Spuistraat,4,,
3522XJ,Spuistraat,24,,
3522XJ,Spuistraat,26,,
3522XJ,Spuistraat,28,,
3522XJ,Spuistraat,32,,
3522XJ,Spuistraat,34,,
3522XJ,Spuistraat,48,,
3522XJ,Spuistraat,50,,
3522XJ,Spuistraat,52,,
3522XJ,Spuistraat,66,,
3522XJ,Spuistraat,68,,
3522XJ,Spuistraat,72,,
3521GD,Vondellaan,2,A,
3522GZ,Diezestraat,28,,
3522VG,Dommelstraat,8,,
3522VG,Dommelstraat,12,,
3522VG,Dommelstraat,16,,
3522VG,Dommelstraat,21,,
3522VG,Dommelstraat,27,,
3522VG,Dommelstraat,45,,
3522VG,Dommelstraat,51,,
3522VG,Dommelstraat,59,,
3522SN,Eemstraat,25,,
3522SP,Eemstraat,30,,
3522SP,Eemstraat,34,,
3522SR,Eemstraat,42,,
3522AR,Amaliadwarsstraat,2,,BS
3522TR,Amerhof,1,A,
3522TR,Amerhof,104,,
3522TR,Amerhof,109,,
3521GS,Balijelaan,26,,
3522XA,Beerzestraat,7,,
3522XA,Beerzestraat,13,,
3522TD,Westravenstraat,78,,
3522TD,Westravenstraat,82,,
3522GT,Roerstraat,31,,
3522GT,Roerstraat,35,,
3522GT,Roerstraat,93,,
3522GT,Roerstraat,97,,
3522GT,Roerstraat,101,,
3522GT,Roerstraat,105,,
3522GW,Roerstraat,42,,
3522GW,Roerstraat,50,,
3522GW,Roerstraat,112,,
3522CA,Scheldestraat,1,A,
3522EG,Socrateslaan,6,,
3522EG,Socrateslaan,8,,
3522EG,Socrateslaan,12,,
3522EG,Socrateslaan,16,,
3522EG,Socrateslaan,20,,
3522EG,Socrateslaan,24,,
3522EG,Socrateslaan,26,,
3522EG,Socrateslaan,28,,
3522EG,Socrateslaan,34,,
3522EG,Socrateslaan,32,,
3522EG,Socrateslaan,38,,
3522EH,Socrateslaan,42,,
3522EH,Socrateslaan,44,,
3522EH,Socrateslaan,48,,
3522EH,Socrateslaan,54,,
3522EH,Socrateslaan,50,,
3522EH,Socrateslaan,58,,
3522TE,Maasstraat,19,,
3522TH,Maasstraat,4,,
3522TH,Maasstraat,8,,
3522TH,Maasstraat,12,,
3522TH,Maasstraat,16,,
3522TH,Maasstraat,24,,
3522AB,Croesestraat,41,A,
3522AB,Croesestraat,41,B,
3522EB,Hunzestraat,18,,
3522EB,Hunzestraat,24,,
3522EB,Hunzestraat,38,,
3522EB,Hunzestraat,46,,
3522EB,Hunzestraat,64,,
3522TM,Lingestraat,2,B,
3522EV,Geinplantsoen,8,,
3522EV,Geinplantsoen,16,,
3522KB,Giessenplein,5,,
3522KB,Giessenplein,8,,
3522KB,Giessenplein,15,,
3522KB,Giessenplein,18,,
3522KC,Giessenplein,32,,
3522KC,Giessenplein,25,,
3522KC,Giessenplein,28,,
3522KD,Giessenplein,50,,
3522KD,Giessenplein,53,,
3522KD,Giessenplein,57,,
3522KG,Giessenplein,67,,
3522KG,Giessenplein,71,,
3522KG,Giessenplein,74,,
3522KG,Giessenplein,77,,
3522KG,Giessenplein,81,,
3522HA,Jutfaseweg,5,,
3522HA,Jutfaseweg,7,,
3522HB,Jutfaseweg,23,,
3522HB,Jutfaseweg,25,,
3522HB,Jutfaseweg,24,,
3522HB,Jutfaseweg,26,,
3522HC,Jutfaseweg,28,,
3522HC,Jutfaseweg,29,,
3522HC,Jutfaseweg,31,,
3522HC,Jutfaseweg,32,,
3522HC,Jutfaseweg,33,,
3522HC,Jutfaseweg,35,,
3522HD,Jutfaseweg,41,,
3522HD,Jutfaseweg,45,,
3522HD,Jutfaseweg,47,,
3522HD,Jutfaseweg,49,,
3522HD,Jutfaseweg,44,,
3522HE,Jutfaseweg,51,,
3522HE,Jutfaseweg,54,,
3522HE,Jutfaseweg,53,,
3522HE,Jutfaseweg,55,,
3522HE,Jutfaseweg,58,,
3522HE,Jutfaseweg,57,,
3522HE,Jutfaseweg,59,,
3522HE,Jutfaseweg,62,,
3522HE,Jutfaseweg,63,,
3522HG,Jutfaseweg,68,,
3522HG,Jutfaseweg,69,,
3522HG,Jutfaseweg,70,,
3522HG,Jutfaseweg,73,,
3522HG,Jutfaseweg,72,,
3522HG,Jutfaseweg,74,,
3522HG,Jutfaseweg,75,,
3522HG,Jutfaseweg,76,,
3522HG,Jutfaseweg,77,,
3522HG,Jutfaseweg,78,,
3522HG,Jutfaseweg,80,,
3522HG,Jutfaseweg,82,,
3522HG,Jutfaseweg,86,,
3522HG,Jutfaseweg,88,,
3522HG,Jutfaseweg,90,,
3522HG,Jutfaseweg,92,,
3522HH,Jutfaseweg,95,,
3522HH,Jutfaseweg,96,,
3522HH,Jutfaseweg,97,,
3522HJ,Jutfaseweg,117,,
3522HJ,Jutfaseweg,118,,
3522HJ,Jutfaseweg,119,,
3522HK,Jutfaseweg,121,,
3522HK,Jutfaseweg,124,,
3522HK,Jutfaseweg,123,,
3522HK,Jutfaseweg,125,,
3522HK,Jutfaseweg,128,,
3522HM,Jutfaseweg,159,,
3522HM,Jutfaseweg,160,,
3522HM,Jutfaseweg,162,,
3522HM,Jutfaseweg,161,,
3522HN,Jutfaseweg,163,,
3522HN,Jutfaseweg,164,,
3522HN,Jutfaseweg,166,,
3522HN,Jutfaseweg,165,,
3522HN,Jutfaseweg,175,,
3522HN,Jutfaseweg,173,,
3522HN,Jutfaseweg,172,,
3522HN,Jutfaseweg,170,,
3522HP,Jutfaseweg,184,,
3522HP,Jutfaseweg,185,,
3522HP,Jutfaseweg,187,,
3522HP,Jutfaseweg,188,,
3522HP,Jutfaseweg,189,,
3522HP,Jutfaseweg,191,,
3522HP,Jutfaseweg,193,,
3522HR,Jutfaseweg,195,,
3522HR,Jutfaseweg,197,,
3522HR,Jutfaseweg,198,,
3522HR,Jutfaseweg,200,,
3522HS,Jutfaseweg,210,,
3522HS,Jutfaseweg,211,,
3522HS,Jutfaseweg,217,,
3522HS,Jutfaseweg,218,,
3522HS,Jutfaseweg,216,,
3522HS,Jutfaseweg,222,,
3522HS,Jutfaseweg,222,,
3522HS,Jutfaseweg,223,,
3522HS,Jutfaseweg,215,,
3522EC,Zijldiepstraat,3,,
3522EC,Zijldiepstraat,9,,
3522HT,Mijdrechtstraat,7,,
3522HT,Mijdrechtstraat,9,,
3522HT,Mijdrechtstraat,11,,
3522HT,Mijdrechtstraat,17,,
3522HT,Mijdrechtstraat,19,,
3522HT,Mijdrechtstraat,23,,
3522HT,Mijdrechtstraat,27,,
3522HT,Mijdrechtstraat,49,,
3522HV,Mijdrechtstraat,55,,
3522HV,Mijdrechtstraat,97,,
3522JS,Merwedeplantsoen,21,,
3522JS,Merwedeplantsoen,27,,
3522JS,Merwedeplantsoen,33,,
3522JS,Merwedeplantsoen,39,,
3522JS,Merwedeplantsoen,43,,
3522JS,Merwedeplantsoen,49,,
3522JZ,Merwedeplantsoen,81,,
3522JZ,Merwedeplantsoen,87,,
3522JZ,Merwedeplantsoen,91,,
3522JZ,Merwedeplantsoen,97,,
3522SB,Waalstraat,17,,
3522SB,Waalstraat,3,,
3522SB,Waalstraat,5,,
3522SB,Waalstraat,21,,
3522SB,Waalstraat,9,,
3522SB,Waalstraat,25,,
3522SB,Waalstraat,11,,
3522SB,Waalstraat,29,,
3522SB,Waalstraat,13,,
3522SB,Waalstraat,31,,
3522SB,Waalstraat,33,,
3522SB,Waalstraat,35,,
3522SB,Waalstraat,37,,
3522SB,Waalstraat,39,,
3522SB,Waalstraat,41,,
3522SB,Waalstraat,43,,
3522SB,Waalstraat,45,,
3522SB,Waalstraat,47,,
3522SB,Waalstraat,49,,
3522SB,Waalstraat,15,,
3522SB,Waalstraat,7,,
3522SC,Waalstraat,53,,
3522SC,Waalstraat,73,,
3522SC,Waalstraat,55,,
3522SC,Waalstraat,77,,
3522SE,Waalstraat,113,,
3522SE,Waalstraat,121,,
3522SH,Waalstraat,215,,
3522SH,Waalstraat,219,,
3522SH,Waalstraat,221,,
3522SH,Waalstraat,225,,
3522SH,Waalstraat,227,,
3522SH,Waalstraat,229,,
3522SH,Waalstraat,251,,
3522SH,Waalstraat,235,,
3522SH,Waalstraat,211,,
3522SJ,Waalstraat,4,,
3522SK,Waalstraat,42,,
3522SK,Waalstraat,50,,
3522SL,Waalstraat,68,,
3522SM,Waalstraat,76,,
3522SM,Waalstraat,94,,
3522ST,Waalstraat,102,,
3522SV,Waalstraat,138,,
3522SW,Waalstraat,204,,
3522SX,Waalstraat,222,,
3522SX,Waalstraat,230,,
3522SX,Waalstraat,240,,
3522TN,Dinkelstraat,13,,
3522TN,Dinkelstraat,17,,
3522TN,Dinkelstraat,53,,
3522TP,Dinkelstraat,6,,
3522TP,Dinkelstraat,10,,
3522GR,Roerplein,5,,
3522GR,Roerplein,15,,
3522XG,Spuistraat,10,,
3522RP,Alblasstraat,1,,
3522RP,Alblasstraat,5,,
3522RP,Alblasstraat,7,,
3522RP,Alblasstraat,9,,
3522RP,Alblasstraat,11,,
3522RP,Alblasstraat,19,,
3522RP,Alblasstraat,21,,
3522RP,Alblasstraat,23,,
3522RP,Alblasstraat,27,,
3522RP,Alblasstraat,29,,
3522RR,Alblasstraat,2,,
3522RR,Alblasstraat,2,,BS
3522RR,Alblasstraat,2,,BSA
3522RR,Alblasstraat,4,,
3522RR,Alblasstraat,4,,BS
3522RR,Alblasstraat,6,,
3522RR,Alblasstraat,8,,
3522RR,Alblasstraat,10,,
3522RR,Alblasstraat,10,,BSA
3522RR,Alblasstraat,12,,BS
3522RR,Alblasstraat,12,,BSA
3522RR,Alblasstraat,14,,
3522RR,Alblasstraat,14,,BS
3522RR,Alblasstraat,16,,
3522RR,Alblasstraat,16,,BS
3522RR,Alblasstraat,18,,
3522RR,Alblasstraat,18,,BS
3522RR,Alblasstraat,20,,
3522AN,Amaliadwarsstraat,1,,
3522AN,Amaliadwarsstraat,1,,BS
3522AN,Amaliadwarsstraat,3,,
3522AN,Amaliadwarsstraat,5,,
3522AN,Amaliadwarsstraat,7,,
3522AN,Amaliadwarsstraat,9,,
3522AN,Amaliadwarsstraat,11,,
3522AN,Amaliadwarsstraat,15,,
3522AN,Amaliadwarsstraat,15,,BS
3522AR,Amaliadwarsstraat,2,,
3522AR,Amaliadwarsstraat,2,A,
3522AR,Amaliadwarsstraat,2,B,
3522AR,Amaliadwarsstraat,2,D,
3522CN,Amstelstraat,73,,
3522CN,Amstelstraat,75,,
3522CN,Amstelstraat,77,,
3522CN,Amstelstraat,79,,
3522CN,Amstelstraat,81,,
3522CP,Amstelstraat,83,,
3522CP,Amstelstraat,85,,
3522CP,Amstelstraat,87,,
3522CP,Amstelstraat,89,,
3522CP,Amstelstraat,91,,
3522CP,Amstelstraat,95,,
3522CP,Amstelstraat,97,,
3522CP,Amstelstraat,101,,
3522CV,Amstelstraat,68,,
3522CW,Amstelstraat,70,,
3522CW,Amstelstraat,72,,
3522CW,Amstelstraat,74,,
3522CW,Amstelstraat,76,,
3522CW,Amstelstraat,78,,
3522CX,Amstelstraat,80,,
3522CX,Amstelstraat,82,,
3522CX,Amstelstraat,84,,
3522CX,Amstelstraat,86,,
3522CX,Amstelstraat,88,,
3521GR,Balijelaan,4,,
3521GR,Balijelaan,6,,
3521GR,Balijelaan,6,,BS
3521GR,Balijelaan,6,,BS
3521GR,Balijelaan,8,,BS
3521GR,Balijelaan,10,,
3521GR,Balijelaan,10,,BS
3521GR,Balijelaan,12,,
3521GR,Balijelaan,12,,BS
3521GR,Balijelaan,12,,BSA
3521GR,Balijelaan,16,,
3521GR,Balijelaan,16,,BS
3521GR,Balijelaan,2,,BS
3521GR,Balijelaan,2,,BSB
3521GR,Balijelaan,2,,BSC
3521GR,Balijelaan,2,,
3521GS,Balijelaan,18,,
3521GS,Balijelaan,18,,BS
3521GS,Balijelaan,18,,BSA
3521GS,Balijelaan,20,,
3521GS,Balijelaan,20,,BSA
3521GS,Balijelaan,22,,
3521GS,Balijelaan,24,,
3521GT,Balijelaan,30,,BS
3521GT,Balijelaan,30,,BSA
3521GT,Balijelaan,32,,BS
3521GT,Balijelaan,34,,
3521GT,Balijelaan,36,,
3521GT,Balijelaan,36,,BS
3521GT,Balijelaan,38,,
3521GT,Balijelaan,38,,BS
3521GT,Balijelaan,40,,
3521GT,Balijelaan,42,,BS
3521GT,Balijelaan,44,,
3521GT,Balijelaan,44,,BS
3521GV,Balijelaan,46,,
3521GV,Balijelaan,48,,
3521GV,Balijelaan,50,,
3521GV,Balijelaan,52,,
3521GV,Balijelaan,52,,BS
3521GV,Balijelaan,52,A,
3521GV,Balijelaan,52,A,BS
3521GV,Balijelaan,52,,BSA
3521GV,Balijelaan,54,,
3521GV,Balijelaan,54,,BS
3521GV,Balijelaan,54,A,
3521GV,Balijelaan,54,A,BS
3521GV,Balijelaan,56,,
3521GV,Balijelaan,56,,BS
3521GV,Balijelaan,56,,BSA
3521GW,Balijelaan,58,,
3521GW,Balijelaan,58,,BS
3521GW,Balijelaan,58,,BSA
3521GW,Balijelaan,60,,
3521GW,Balijelaan,60,,BS
3521GW,Balijelaan,60,,BSA
3522EJ,Berkelstraat,1,,
3522EJ,Berkelstraat,1,A,
3522EJ,Berkelstraat,3,,
3522EJ,Berkelstraat,5,,
3522EJ,Berkelstraat,7,,
3522EJ,Berkelstraat,9,,
3522EJ,Berkelstraat,11,,
3522EJ,Berkelstraat,13,,
3522EJ,Berkelstraat,15,,
3522EJ,Berkelstraat,17,,
3522EJ,Berkelstraat,19,,
3522EJ,Berkelstraat,21,,
3522EJ,Berkelstraat,23,,
3522EK,Berkelstraat,25,,
3522EK,Berkelstraat,27,,
3522EK,Berkelstraat,29,,
3522EK,Berkelstraat,33,,
3522EK,Berkelstraat,35,,
3522EK,Berkelstraat,37,,
3522EK,Berkelstraat,41,,
3522EK,Berkelstraat,43,,
3522EK,Berkelstraat,45,,
3522EK,Berkelstraat,49,,
3522EK,Berkelstraat,51,,
3522EK,Berkelstraat,55,,
3522EK,Berkelstraat,59,,
3522EK,Berkelstraat,61,,
3522EK,Berkelstraat,63,A,
3522EL,Berkelstraat,105,,
3522EL,Berkelstraat,65,A,
3522EL,Berkelstraat,67,A,
3522EL,Berkelstraat,71,,
3522EL,Berkelstraat,73,,
3522EL,Berkelstraat,77,,
3522EL,Berkelstraat,79,,
3522EL,Berkelstraat,81,,
3522EL,Berkelstraat,85,,
3522EL,Berkelstraat,87,,
3522EL,Berkelstraat,91,,
3522EL,Berkelstraat,93,,
3522EL,Berkelstraat,97,,
3522EL,Berkelstraat,99,,
3522EM,Berkelstraat,131,,
3522EM,Berkelstraat,133,,
3522EM,Berkelstraat,135,,
3522EM,Berkelstraat,107,,
3522EM,Berkelstraat,109,,
3522EM,Berkelstraat,113,,
3522EM,Berkelstraat,115,,
3522EM,Berkelstraat,119,,
3522EM,Berkelstraat,121,,
3522EM,Berkelstraat,123,,
3522EM,Berkelstraat,127,,
3522EM,Berkelstraat,129,,
3522EP,Berkelstraat,2,,
3522EP,Berkelstraat,4,,
3522EP,Berkelstraat,6,,
3522EP,Berkelstraat,8,,
3522EP,Berkelstraat,10,,
3522EP,Berkelstraat,12,,
3522EP,Berkelstraat,14,,
3522EP,Berkelstraat,16,,
3522EP,Berkelstraat,18,,
3522EP,Berkelstraat,20,,
3522EP,Berkelstraat,22,,
3522EP,Berkelstraat,24,,
3522EP,Berkelstraat,26,,
3522EP,Berkelstraat,28,,
3522EP,Berkelstraat,30,,
3522EP,Berkelstraat,32,,
3522ER,Berkelstraat,46,,
3522ER,Berkelstraat,48,,
3522ER,Berkelstraat,52,,
3522ER,Berkelstraat,54,,
3522ER,Berkelstraat,58,,
3522ER,Berkelstraat,62,,
3522ER,Berkelstraat,64,,
3522ER,Berkelstraat,66,,
3522ER,Berkelstraat,68,,
3522ER,Berkelstraat,70,,
3522ER,Berkelstraat,74,,
3522ER,Berkelstraat,76,,
3522ER,Berkelstraat,80,,
3522ER,Berkelstraat,82,,
3522ER,Berkelstraat,84,,
3522ES,Berkelstraat,102,,
3522ES,Berkelstraat,104,,
3522ES,Berkelstraat,106,,
3522ES,Berkelstraat,110,,
3522ES,Berkelstraat,88,,
3522ES,Berkelstraat,90,,
3522ES,Berkelstraat,94,,
3522ES,Berkelstraat,96,,
3522ES,Berkelstraat,100,,
3522ET,Berkelstraat,134,,
3522ET,Berkelstraat,136,,
3522ET,Berkelstraat,112,,
3522ET,Berkelstraat,116,,
3522ET,Berkelstraat,118,,
3522TD,Westravenstraat,80,,
3522RJ,Runstraat,46,,
3522CE,Scheldestraat,50,,
3522CE,Scheldestraat,56,,
3522CG,Scheldestraat,74,,
3522CG,Scheldestraat,80,,
3522CG,Scheldestraat,94,,
3522VJ,Schipbeekstraat,19,,
3522VL,Schipbeekstraat,8,,
3522VL,Schipbeekstraat,16,,
3522VL,Schipbeekstraat,24,,
3522EG,Socrateslaan,14,,
3522EG,Socrateslaan,18,,
3522EG,Socrateslaan,30,,
3522EH,Socrateslaan,52,,
3522EH,Socrateslaan,56,,
3522XR,Geleenstraat,1,,
3522AA,Croesestraat,1,,BS
3522AA,Croesestraat,3,,BS
3522AA,Croesestraat,5,,BS
3522AA,Croesestraat,7,,BS
3522AA,Croesestraat,9,,BS
3522AA,Croesestraat,11,,BS
3522AA,Croesestraat,13,,BS
3522AA,Croesestraat,15,,BS
3522AA,Croesestraat,17,,BS
3522AA,Croesestraat,19,,BS
3522AB,Croesestraat,25,,
3522AB,Croesestraat,27,,
3522AB,Croesestraat,29,,
3522AB,Croesestraat,31,,
3522AB,Croesestraat,33,,
3522AB,Croesestraat,35,,
3522AB,Croesestraat,37,,
3522AB,Croesestraat,39,,
3522AB,Croesestraat,41,,
3522AB,Croesestraat,43,,
3522AB,Croesestraat,43,,BS
3522AB,Croesestraat,45,,
3522AB,Croesestraat,45,,BS
3522AB,Croesestraat,47,,
3522AB,Croesestraat,49,,
3522AC,Croesestraat,51,,
3522AC,Croesestraat,53,,
3522AC,Croesestraat,55,,
3522AC,Croesestraat,61,,
3522AC,Croesestraat,63,,
3522AC,Croesestraat,67,,
3522AC,Croesestraat,69,,
3522AE,Croesestraat,2,,
3522AE,Croesestraat,4,,
3522AE,Croesestraat,6,,
3522AE,Croesestraat,8,,
3522AE,Croesestraat,10,,
3522AE,Croesestraat,12,,
3522AE,Croesestraat,14,,
3522AE,Croesestraat,16,,
3522AE,Croesestraat,18,,
3522AE,Croesestraat,20,,
3522AE,Croesestraat,22,,
3522AE,Croesestraat,22,,BS
3522AE,Croesestraat,24,,
3522AE,Croesestraat,24,,BS
3522AE,Croesestraat,26,,
3522AE,Croesestraat,26,,BS
3522AE,Croesestraat,32,,
3522AE,Croesestraat,34,,
3522AE,Croesestraat,36,,
3522AE,Croesestraat,38,,
3522AG,Croesestraat,40,,
3522AG,Croesestraat,42,,
3522AG,Croesestraat,44,,
3522AG,Croesestraat,46,,
3522AG,Croesestraat,48,,
3522AG,Croesestraat,50,,
3522AG,Croesestraat,52,,
3522AG,Croesestraat,54,,
3522AG,Croesestraat,56,,
3522AG,Croesestraat,58,,
3522AG,Croesestraat,58,,BS
3522AG,Croesestraat,60,,
3522AG,Croesestraat,64,,
3522AG,Croesestraat,66,,
3522AH,Croesestraat,70,,
3522EA,Hunzestraat,3,,
3522EA,Hunzestraat,5,,
3522EB,Hunzestraat,9,,
3522EB,Hunzestraat,11,,
3522EB,Hunzestraat,15,,
3522EB,Hunzestraat,17,,
3522EB,Hunzestraat,21,,
3522EB,Hunzestraat,23,,
3522RS,Vlisthof,14,,
3522RT,Vlisthof,54,,
3522RV,Vlisthof,59,,
3522AS,Amaliastraat,5,,
3522AS,Amaliastraat,7,,
3522AS,Amaliastraat,9,,BS
3522AS,Amaliastraat,13,,
3522AS,Amaliastraat,17,,
3522AS,Amaliastraat,19,,
3522AS,Amaliastraat,23,,
3522AS,Amaliastraat,25,,
3522AS,Amaliastraat,29,,
3522AS,Amaliastraat,31,,
3522AS,Amaliastraat,33,,
3522AS,Amaliastraat,35,,
3522AS,Amaliastraat,37,,
3522AS,Amaliastraat,39,,
3522AS,Amaliastraat,41,,
3522AS,Amaliastraat,43,,
3522AS,Amaliastraat,45,,
3522AT,Amaliastraat,47,,
3522AT,Amaliastraat,49,,
3522AT,Amaliastraat,51,,
3522AT,Amaliastraat,53,,
3522AT,Amaliastraat,55,,
3522AT,Amaliastraat,57,,
3522AT,Amaliastraat,59,,
3522AT,Amaliastraat,63,,
3522AT,Amaliastraat,65,,
3522AT,Amaliastraat,69,,
3522AT,Amaliastraat,71,,
3522AT,Amaliastraat,75,,
3522AT,Amaliastraat,77,,
3522AT,Amaliastraat,81,,
3522AT,Amaliastraat,83,,
3522AT,Amaliastraat,85,,BS
3522AT,Amaliastraat,89,,
3522AT,Amaliastraat,91,,
3522AT,Amaliastraat,91,,BS
3522AV,Amaliastraat,4,,
3522AV,Amaliastraat,8,,
3522AV,Amaliastraat,10,,
3522AV,Amaliastraat,14,,
3522AV,Amaliastraat,16,,
3522AV,Amaliastraat,20,,
3522AV,Amaliastraat,22,,
3522AV,Amaliastraat,26,,
3522AV,Amaliastraat,28,,
3522AV,Amaliastraat,32,,
3522AV,Amaliastraat,34,,
3522AV,Amaliastraat,36,,
3522AV,Amaliastraat,38,,
3522AV,Amaliastraat,40,,
3522AV,Amaliastraat,42,,
3522AV,Amaliastraat,44,,
3522AV,Amaliastraat,46,,
3522AV,Amaliastraat,48,,
3522AW,Amaliastraat,50,,
3522AW,Amaliastraat,52,,
3522AW,Amaliastraat,54,,
3522AW,Amaliastraat,56,,
3522AW,Amaliastraat,58,,
3522AW,Amaliastraat,60,,
3522AW,Amaliastraat,62,,
3522AW,Amaliastraat,66,,
3522AW,Amaliastraat,68,,
3522AW,Amaliastraat,72,,
3522AW,Amaliastraat,74,,
3522AW,Amaliastraat,78,,
3522AW,Amaliastraat,80,,
3522AW,Amaliastraat,84,,
3522AW,Amaliastraat,86,,
3522AW,Amaliastraat,88,,
3522AW,Amaliastraat,94,,
3522AW,Amaliastraat,96,,
3522HD,Jutfaseweg,39,,
3522HD,Jutfaseweg,42,,
3522HD,Jutfaseweg,43,,
3522HD,Jutfaseweg,48,,
3522HE,Jutfaseweg,61,,
3522HE,Jutfaseweg,64,,
3522HE,Jutfaseweg,65,,
3522HG,Jutfaseweg,81,,
3522HG,Jutfaseweg,83,,
3522HG,Jutfaseweg,85,,
3522HG,Jutfaseweg,87,,
3522HH,Jutfaseweg,98,,
3522HH,Jutfaseweg,101,,
3522HK,Jutfaseweg,122,,
3522HK,Jutfaseweg,126,,
3522HK,Jutfaseweg,127,,
3522HL,Jutfaseweg,137,,
3522HM,Jutfaseweg,157,,
3522HN,Jutfaseweg,171,,
3522HN,Jutfaseweg,169,,
3522HN,Jutfaseweg,167,,
3522HP,Jutfaseweg,181,,
3522HR,Jutfaseweg,201,,
3522HS,Jutfaseweg,207,B,
3522HS,Jutfaseweg,209,B,
3522HS,Jutfaseweg,206,,
3522HT,Mijdrechtstraat,5,,
3522HT,Mijdrechtstraat,15,,
3522HT,Mijdrechtstraat,25,,
3522XG,Spuistraat,8,,
3522XJ,Spuistraat,70,,
3522XJ,Spuistraat,74,,
3522GX,Diezestraat,9,,
3522GX,Diezestraat,13,,
3522GX,Diezestraat,15,,
3522GX,Diezestraat,19,,
3522GX,Diezestraat,21,,
3522GX,Diezestraat,1,,
3522GX,Diezestraat,5,,
3522GX,Diezestraat,7,,
3522GZ,Diezestraat,10,,
3522GZ,Diezestraat,12,,
3522GZ,Diezestraat,16,,
3522GZ,Diezestraat,18,,
3522GZ,Diezestraat,22,,
3522GZ,Diezestraat,26,,
3522GZ,Diezestraat,2,,
3522GZ,Diezestraat,4,,
3522GZ,Diezestraat,8,,
3522CV,Amstelstraat,60,,
3522CV,Amstelstraat,62,,
3522CV,Amstelstraat,64,,
3522CV,Amstelstraat,66,,
3522XB,Beerzestraat,2,,BS
3522XB,Beerzestraat,4,,
3522XB,Beerzestraat,4,,BSA
3522XB,Beerzestraat,10,,
3522XB,Beerzestraat,12,,
3522XB,Beerzestraat,12,,BS
3522XB,Beerzestraat,14,,
3522XB,Beerzestraat,16,,
3522XB,Beerzestraat,16,,BS
3522XB,Beerzestraat,18,,BS
3522XB,Beerzestraat,20,,
3522XB,Beerzestraat,22,,
3522XB,Beerzestraat,24,,
3522EM,Berkelstraat,137,,
3522EN,Berkelstraat,141,,
3522EN,Berkelstraat,145,,
3522EN,Berkelstraat,147,,
3522EN,Berkelstraat,151,,
3522EN,Berkelstraat,153,,
3522EN,Berkelstraat,155,,
3522EN,Berkelstraat,159,,
3522EN,Berkelstraat,161,,
3522EN,Berkelstraat,165,,
3522EN,Berkelstraat,167,,
3522ET,Berkelstraat,138,,
3522ET,Berkelstraat,140,,
3522ET,Berkelstraat,144,,
3522ET,Berkelstraat,148,,
3522ET,Berkelstraat,150,,
3522ET,Berkelstraat,150,,1
3522TK,Maasstraat,60,,
3522TK,Maasstraat,62,,BS
3522TK,Maasstraat,64,,
3522TK,Maasstraat,66,,
3522TK,Maasstraat,66,,BS
3522TK,Maasstraat,68,,BS
3522TK,Maasstraat,70,,
3522TK,Maasstraat,72,,
3522TK,Maasstraat,72,,BS
3522TK,Maasstraat,74,,BS
3522TK,Maasstraat,76,,
3522TK,Maasstraat,78,,
3522TK,Maasstraat,80,,
3522XR,Geleenstraat,3,,
3522XR,Geleenstraat,5,,
3522XR,Geleenstraat,7,,
3522XR,Geleenstraat,9,,
3522XR,Geleenstraat,11,,
3522XR,Geleenstraat,13,,
3522XR,Geleenstraat,15,,
3522XR,Geleenstraat,17,,
3522XR,Geleenstraat,19,,
3522XR,Geleenstraat,21,,
3522XR,Geleenstraat,23,,
3522XR,Geleenstraat,25,,
3522XR,Geleenstraat,27,,
3522XS,Geleenstraat,4,,
3522XS,Geleenstraat,6,,
3522XS,Geleenstraat,8,,
3522XS,Geleenstraat,10,,
3522XS,Geleenstraat,12,,
3522XS,Geleenstraat,14,,
3522XS,Geleenstraat,16,,
3522XS,Geleenstraat,18,,
3522XS,Geleenstraat,20,,
3522XS,Geleenstraat,22,,
3522XS,Geleenstraat,24,,
3522XS,Geleenstraat,26,,
3522XS,Geleenstraat,28,,
3522XS,Geleenstraat,30,,
3522XS,Geleenstraat,32,,
3522CH,Gouwestraat,1,,
3522CH,Gouwestraat,3,,
3522CH,Gouwestraat,5,,
3522CH,Gouwestraat,7,,
3522CH,Gouwestraat,9,,
3522CH,Gouwestraat,11,,
3522CH,Gouwestraat,15,,
3522CH,Gouwestraat,17,,
3522CH,Gouwestraat,21,,
3522CH,Gouwestraat,23,,
3522CH,Gouwestraat,27,,
3522CH,Gouwestraat,29,,
3522CH,Gouwestraat,33,,
3522CJ,Gouwestraat,2,,
3522CJ,Gouwestraat,4,,
3522CJ,Gouwestraat,6,,
3522CJ,Gouwestraat,8,,
3522CJ,Gouwestraat,10,,
3522CJ,Gouwestraat,12,,
3522CJ,Gouwestraat,14,,
3522CJ,Gouwestraat,18,,
3522CJ,Gouwestraat,20,,
3522CJ,Gouwestraat,24,,
3522CJ,Gouwestraat,26,,
3522CJ,Gouwestraat,30,,
3522CJ,Gouwestraat,32,,
3522CJ,Gouwestraat,36,,
3522CJ,Gouwestraat,38,,
3522CK,Gouwestraat,42,,
3522CK,Gouwestraat,44,,
3522CK,Gouwestraat,48,,
3522CK,Gouwestraat,50,,
3522AC,Croesestraat,73,,
3522AC,Croesestraat,73,,BS
3522AC,Croesestraat,75,,BS
3522AD,Croesestraat,77,,
3522AD,Croesestraat,77,,BS
3522AH,Croesestraat,72,,
3522AH,Croesestraat,74,,
3522AH,Croesestraat,76,,
3522AH,Croesestraat,78,,BS
3522AH,Croesestraat,80,,
3522AH,Croesestraat,82,,
3522AH,Croesestraat,82,,BS
3522AH,Croesestraat,84,,BS
3522AH,Croesestraat,86,,
3522AH,Croesestraat,88,,
3522AH,Croesestraat,88,,BS
3522AJ,Croesestraat,92,,
3522AJ,Croesestraat,94,,
3522AJ,Croesestraat,98,,
3522AJ,Croesestraat,100,,
3522AJ,Croesestraat,104,,
3522AJ,Croesestraat,106,,
3522AJ,Croesestraat,110,,
3522AJ,Croesestraat,112,,
3522AJ,Croesestraat,116,,
3522AJ,Croesestraat,118,,
3522AJ,Croesestraat,122,,
3522AJ,Croesestraat,124,,
3522AJ,Croesestraat,128,,
3522AJ,Croesestraat,130,,
3522PP,Grevelingenstraat,3,,
3522PP,Grevelingenstraat,5,,
3522PR,Grevelingenstraat,2,,
3522PR,Grevelingenstraat,4,,BS
3522PR,Grevelingenstraat,6,,BS
3522HA,Jutfaseweg,1,,
3522HA,Jutfaseweg,3,,
3522GA,Hoendiepstraat,1,,
3522GA,Hoendiepstraat,3,,
3522GA,Hoendiepstraat,5,,
3522GA,Hoendiepstraat,7,,
3522GA,Hoendiepstraat,9,,
3522GA,Hoendiepstraat,13,,
3522GA,Hoendiepstraat,15,,
3522GA,Hoendiepstraat,17,,
3522GA,Hoendiepstraat,19,,
3522GA,Hoendiepstraat,21,,
3522GA,Hoendiepstraat,23,,
3522GA,Hoendiepstraat,25,,
3522GA,Hoendiepstraat,27,,
3522GA,Hoendiepstraat,29,,
3522GA,Hoendiepstraat,31,,
3522GA,Hoendiepstraat,33,,
3522GA,Hoendiepstraat,35,,
3522GA,Hoendiepstraat,37,,
3522GA,Hoendiepstraat,39,,
3522GA,Hoendiepstraat,41,,
3522GB,Hoendiepstraat,43,,
3522GB,Hoendiepstraat,45,,
3522GB,Hoendiepstraat,49,,
3522GB,Hoendiepstraat,51,,
3522GC,Hoendiepstraat,10,,BS
3522GC,Hoendiepstraat,12,,
3522GC,Hoendiepstraat,2,,
3522GC,Hoendiepstraat,4,,
3522GC,Hoendiepstraat,6,,
3522GC,Hoendiepstraat,8,,
3522GC,Hoendiepstraat,10,,
3522GC,Hoendiepstraat,12,,BS
3522GC,Hoendiepstraat,14,,BS
3522GC,Hoendiepstraat,16,,
3522GC,Hoendiepstraat,16,,BS
3522GC,Hoendiepstraat,18,,
3522GD,Hoendiepstraat,20,,
3522GD,Hoendiepstraat,22,,
3522GD,Hoendiepstraat,24,,
3522GD,Hoendiepstraat,26,,
3522GD,Hoendiepstraat,28,,
3522GD,Hoendiepstraat,30,,
3522GD,Hoendiepstraat,32,,
3522GD,Hoendiepstraat,34,,
3522GD,Hoendiepstraat,36,,
3522GD,Hoendiepstraat,38,,
3522GD,Hoendiepstraat,38,,BS
3522GE,Hoendiepstraat,40,,
3522GE,Hoendiepstraat,40,,BS
3522GE,Hoendiepstraat,42,,
3522GE,Hoendiepstraat,44,,
3522GE,Hoendiepstraat,46,,
3522GE,Hoendiepstraat,48,,
3522XT,Geulstraat,1,,
3522XT,Geulstraat,3,,
3522XT,Geulstraat,5,,
3522XT,Geulstraat,7,,
3522XT,Geulstraat,9,,
3522XT,Geulstraat,13,,
3522XT,Geulstraat,15,,
3522XT,Geulstraat,19,,
3522XT,Geulstraat,21,,
3522XT,Geulstraat,25,,
3522XT,Geulstraat,27,,
3522XT,Geulstraat,31,,
3522XV,Geulstraat,2,,
3522XV,Geulstraat,4,,
3522XV,Geulstraat,6,,
3522XV,Geulstraat,8,,
3522XV,Geulstraat,10,,
3522XV,Geulstraat,12,,
3522XV,Geulstraat,16,,
3522XV,Geulstraat,18,,
3522XV,Geulstraat,22,,
3522XV,Geulstraat,24,,
3522XV,Geulstraat,28,,
3522GM,Reggestraat,41,,
3522GM,Reggestraat,43,,
3522GM,Reggestraat,3,,
3522GM,Reggestraat,5,,
3522GM,Reggestraat,7,,
3522GM,Reggestraat,9,,
3522GM,Reggestraat,11,,
3522GM,Reggestraat,13,,
3522GM,Reggestraat,15,,
3522GM,Reggestraat,17,,
3522GM,Reggestraat,19,,
3522GM,Reggestraat,23,,
3522GM,Reggestraat,25,,
3522GM,Reggestraat,29,,
3522GM,Reggestraat,31,,
3522GM,Reggestraat,35,,
3522GM,Reggestraat,39,,
3522GN,Reggestraat,2,,
3522GN,Reggestraat,4,,
3522GN,Reggestraat,6,,
3522GN,Reggestraat,8,,
3522GN,Reggestraat,10,,
3522GN,Reggestraat,12,,
3522GN,Reggestraat,14,,
3522GN,Reggestraat,16,,
3522GN,Reggestraat,20,,
3522GN,Reggestraat,22,,
3522GN,Reggestraat,26,,
3522GN,Reggestraat,28,,
3522GP,Reggestraat,44,,
3522GP,Reggestraat,48,,
3522GP,Reggestraat,50,,
3522GP,Reggestraat,52,,
3522GP,Reggestraat,32,,
3522GP,Reggestraat,34,,
3522GP,Reggestraat,36,,
3522GP,Reggestraat,38,,
3522GJ,Reitdiepstraat,34,,1A
3522GJ,Reitdiepstraat,34,A,
3522GJ,Reitdiepstraat,34,B,
3522GJ,Reitdiepstraat,34,C,
3522GJ,Reitdiepstraat,34,D,
3522GJ,Reitdiepstraat,34,E,
3522GK,Reitdiepstraat,36,,
3522GK,Reitdiepstraat,36,,1
3522GK,Reitdiepstraat,36,,1A
3522GK,Reitdiepstraat,36,A,
3522GK,Reitdiepstraat,38,,
3522GK,Reitdiepstraat,38,,1
3522GK,Reitdiepstraat,40,,
3522GK,Reitdiepstraat,40,,1
3522GK,Reitdiepstraat,42,,
3522GK,Reitdiepstraat,42,,1
3522GK,Reitdiepstraat,44,,
3522GK,Reitdiepstraat,44,,1
3522GK,Reitdiepstraat,46,,
3522GK,Reitdiepstraat,46,,1
3522GK,Reitdiepstraat,48,,
3522GK,Reitdiepstraat,48,,1
3522GK,Reitdiepstraat,48,,1A
3522GK,Reitdiepstraat,48,A,
3522GL,Reitdiepstraat,50,,
3522GL,Reitdiepstraat,50,,1
3522GL,Reitdiepstraat,50,,1A
3522GL,Reitdiepstraat,50,A,
3522GL,Reitdiepstraat,52,,
3522GL,Reitdiepstraat,52,,1
3522GL,Reitdiepstraat,54,,1
3522GL,Reitdiepstraat,56,,
3522GL,Reitdiepstraat,56,,1
3522GL,Reitdiepstraat,58,,1
3522GL,Reitdiepstraat,60,,
3522GL,Reitdiepstraat,62,,
3522GL,Reitdiepstraat,62,,1
3522GL,Reitdiepstraat,62,A,
3522BA,Rijnlaan,1,,
3522BA,Rijnlaan,1,,BSA
3522BA,Rijnlaan,3,,
3522BA,Rijnlaan,3,,BS
3522BA,Rijnlaan,5,,
3522BA,Rijnlaan,5,,BS
3522BA,Rijnlaan,7,,
3522BA,Rijnlaan,9,,
3522BN,Rijnlaan,6,,BS
3522BN,Rijnlaan,8,,
3522BN,Rijnlaan,10,,
3522BN,Rijnlaan,10,,BS
3511HC,Nauwe Blindesteeg,4,,
3522PH,Noordzeestraat,1,,
3522PH,Noordzeestraat,1,,BS
3522PH,Noordzeestraat,3,,
3522PH,Noordzeestraat,3,,BS
3522PH,Noordzeestraat,5,,
3522PH,Noordzeestraat,7,,
3522PH,Noordzeestraat,9,,
3522PH,Noordzeestraat,11,,
3522PH,Noordzeestraat,13,,
3522PH,Noordzeestraat,15,,
3522PH,Noordzeestraat,17,,
3522PH,Noordzeestraat,19,,
3522PH,Noordzeestraat,21,,
3522PH,Noordzeestraat,23,,
3522PH,Noordzeestraat,25,,
3522PH,Noordzeestraat,27,,
3522PH,Noordzeestraat,29,,
3522PH,Noordzeestraat,31,,
3522PH,Noordzeestraat,33,,
3522PK,Noordzeestraat,20,,
3522XK,Merwedestraat,13,,
3522XK,Merwedestraat,17,,
3522XK,Merwedestraat,19,,
3522XK,Merwedestraat,23,,
3522XK,Merwedestraat,25,,
3522XK,Merwedestraat,29,,
3522XK,Merwedestraat,31,,
3522XK,Merwedestraat,33,,
3522XK,Merwedestraat,35,,
3522XK,Merwedestraat,39,,
3522XK,Merwedestraat,1,,
3522XK,Merwedestraat,1,,BS
3522XK,Merwedestraat,1,,BSA
3522XK,Merwedestraat,3,,
3522XK,Merwedestraat,3,,BS
3522XK,Merwedestraat,3,,BSA
3522XK,Merwedestraat,5,,
3522XK,Merwedestraat,5,,BS
3522XL,Merwedestraat,41,,
3522XL,Merwedestraat,45,,
3522XL,Merwedestraat,47,,
3522XL,Merwedestraat,51,,
3522XL,Merwedestraat,53,,
3522XL,Merwedestraat,57,,
3522XL,Merwedestraat,59,,
3522XL,Merwedestraat,63,,
3522XL,Merwedestraat,65,,
3522XL,Merwedestraat,67,,
3522XL,Merwedestraat,71,,
3522XL,Merwedestraat,73,,
3522XL,Merwedestraat,75,,
3522XL,Merwedestraat,79,,
3522XM,Merwedestraat,8,A,
3522XM,Merwedestraat,8,A,BS
3522XM,Merwedestraat,10,,
3522XM,Merwedestraat,10,,BS
3522XM,Merwedestraat,10,A,
3522XM,Merwedestraat,10,A,BS
3522XM,Merwedestraat,12,,BS
3522XM,Merwedestraat,12,A,
3522XM,Merwedestraat,2,,
3522XM,Merwedestraat,2,,BS
3522XM,Merwedestraat,4,,
3522XM,Merwedestraat,4,,BS
3522XM,Merwedestraat,4,,BSA
3522XM,Merwedestraat,6,,
3522XM,Merwedestraat,6,,BS
3522XM,Merwedestraat,8,,
3522XM,Merwedestraat,8,,BS
3522XN,Merwedestraat,14,,
3522XN,Merwedestraat,16,,
3522XN,Merwedestraat,20,,
3522XN,Merwedestraat,22,,
3522XN,Merwedestraat,26,,
3522XN,Merwedestraat,28,,
3522XN,Merwedestraat,32,,
3522XN,Merwedestraat,36,,
3522XN,Merwedestraat,38,,
3522XN,Merwedestraat,42,,
3522XN,Merwedestraat,44,,
3522XP,Merwedestraat,48,,
3522XP,Merwedestraat,50,,
3522XP,Merwedestraat,54,,
3522XP,Merwedestraat,56,,
3522XP,Merwedestraat,60,,
3522XP,Merwedestraat,62,,
3522TM,Lingestraat,10,,
3522TM,Lingestraat,12,,
3522TM,Lingestraat,16,,
3522TM,Lingestraat,18,,
3522TM,Lingestraat,22,,
3522TM,Lingestraat,24,,
3522TM,Lingestraat,28,,
3522TM,Lingestraat,6,,
3522JA,Merwedekade,131,,
3522JA,Merwedekade,131,,BSA
3522JA,Merwedekade,132,,
3522JA,Merwedekade,132,,BSA
3522JA,Merwedekade,133,,
3522JA,Merwedekade,134,,
3522JA,Merwedekade,134,,BS
3522JA,Merwedekade,135,,BS
3522JA,Merwedekade,136,,
3522JA,Merwedekade,136,,BS
3522JA,Merwedekade,137,,BS
3522JA,Merwedekade,138,,
3522JB,Merwedekade,143,,BS
3522JB,Merwedekade,144,,
3522JB,Merwedekade,145,,
3522JB,Merwedekade,146,,
3522JB,Merwedekade,147,,
3522JB,Merwedekade,148,,
3522JB,Merwedekade,149,,
3522JB,Merwedekade,150,,
3522JB,Merwedekade,151,,
3522JB,Merwedekade,152,,
3522JB,Merwedekade,153,,
3522JB,Merwedekade,154,,
3522JB,Merwedekade,155,,
3522JB,Merwedekade,156,,
3522JB,Merwedekade,140,,
3522JB,Merwedekade,140,,BS
3522JB,Merwedekade,141,,BS
3522JB,Merwedekade,142,,
3522JB,Merwedekade,143,,
3522JC,Merwedekade,157,,
3522JC,Merwedekade,157,,BS
3522JC,Merwedekade,158,,
3522JC,Merwedekade,158,,BS
3522JC,Merwedekade,159,,
3522JC,Merwedekade,159,,BS
3522JC,Merwedekade,160,,
3522JC,Merwedekade,160,,BS
3522JC,Merwedekade,161,,
3522JC,Merwedekade,162,,
3522JC,Merwedekade,162,,BS
3522JD,Merwedekade,163,,BS
3522JD,Merwedekade,164,,
3522JD,Merwedekade,165,,
3522JD,Merwedekade,165,,BS
3522JD,Merwedekade,166,,BS
3522JD,Merwedekade,167,,
3522JD,Merwedekade,168,,
3522JD,Merwedekade,168,,BS
3522JD,Merwedekade,169,,
3522JE,Merwedekade,170,,
3522JE,Merwedekade,170,,BS
3522JE,Merwedekade,171,,BS
3522JE,Merwedekade,172,,
3522JE,Merwedekade,173,,
3522JE,Merwedekade,173,,BS
3522JE,Merwedekade,174,,BS
3522JE,Merwedekade,175,,
3522JE,Merwedekade,176,,
3522JE,Merwedekade,176,,BS
3522JE,Merwedekade,177,,
3522JE,Merwedekade,178,,
3522JE,Merwedekade,178,,BS
3522JE,Merwedekade,179,,BS
3522JG,Merwedekade,185,,
3522JG,Merwedekade,185,,BS
3522JG,Merwedekade,186,,BS
3522JG,Merwedekade,187,,
3522JG,Merwedekade,180,,
3522JG,Merwedekade,181,,
3522JG,Merwedekade,181,,BS
3522JG,Merwedekade,182,,BS
3522JG,Merwedekade,183,,
3522JG,Merwedekade,184,,
3522JG,Merwedekade,184,,BS
3522JH,Merwedekade,188,,
3522JH,Merwedekade,188,,BS
3522JH,Merwedekade,189,,
3522JH,Merwedekade,190,,
3522JH,Merwedekade,190,,BS
3522JH,Merwedekade,191,,BS
3522JH,Merwedekade,192,,
3522JH,Merwedekade,193,,
3522JH,Merwedekade,193,,BS
3522JH,Merwedekade,194,,BS
3522JH,Merwedekade,195,,
3522JH,Merwedekade,196,,
3522JH,Merwedekade,196,,BS
3522JJ,Merwedekade,197,,
3522JJ,Merwedekade,197,,BS
3522JJ,Merwedekade,198,,
3522JJ,Merwedekade,198,,BS
3522JJ,Merwedekade,199,,
3522JJ,Merwedekade,199,,BS
3522JJ,Merwedekade,200,,
3522JJ,Merwedekade,200,,BS
3522JJ,Merwedekade,201,,
3522JJ,Merwedekade,201,,BS
3522JJ,Merwedekade,202,,
3522JJ,Merwedekade,202,,BS
3522JJ,Merwedekade,203,,
3522JJ,Merwedekade,203,,BS
3522JJ,Merwedekade,204,,
3522JJ,Merwedekade,205,,
3522JK,Merwedekade,206,,
3522JK,Merwedekade,207,,
3522JK,Merwedekade,208,,
3522JK,Merwedekade,208,,BS
3522JK,Merwedekade,209,,
3522JK,Merwedekade,209,,BS
3522JK,Merwedekade,210,,
3522JK,Merwedekade,210,,BS
3522JK,Merwedekade,211,,
3522JK,Merwedekade,211,,BS
3522JK,Merwedekade,212,,
3522JK,Merwedekade,212,,BS
3522JK,Merwedekade,213,,
3522JK,Merwedekade,213,,BS
3522JK,Merwedekade,214,,
3522JK,Merwedekade,214,,BS
3522JK,Merwedekade,215,,
3522JK,Merwedekade,216,,
3522JL,Merwedekade,217,,
3522JL,Merwedekade,219,,
3522JL,Merwedekade,220,,
3522JM,Merwedekade,226,,BS
3522JM,Merwedekade,227,,
3522JM,Merwedekade,227,,BS
3522JM,Merwedekade,228,,
3522JM,Merwedekade,228,,BS
3522JM,Merwedekade,228,,BSA
3522JM,Merwedekade,229,,BS
3522JM,Merwedekade,229,,BSA
3522JM,Merwedekade,222,,
3522JM,Merwedekade,222,,BS1
3522JM,Merwedekade,223,,
3522JM,Merwedekade,223,,BS
3522JM,Merwedekade,223,,BSA
3522JM,Merwedekade,224,,BS
3522JM,Merwedekade,224,,BSA
3522JM,Merwedekade,225,,BS
3522JM,Merwedekade,225,,BSA
3522JN,Merwedekade,230,,BS
3522JN,Merwedekade,230,,BSA
3522JN,Merwedekade,231,,BS
3522JN,Merwedekade,231,,BSA
3522JN,Merwedekade,232,,BS
3522JN,Merwedekade,232,,BSA
3522JN,Merwedekade,234,,
3522JN,Merwedekade,235,,
3522JN,Merwedekade,237,,
3522JN,Merwedekade,238,,
3522JP,Merwedekade,240,,
3522JP,Merwedekade,241,,
3522JP,Merwedekade,243,,
3522JP,Merwedekade,244,,
3522JP,Merwedekade,245,,
3522JP,Merwedekade,247,,
3522JP,Merwedekade,251,,
3522JP,Merwedekade,253,,
3522JP,Merwedekade,254,,
3522JP,Merwedekade,256,,
3522JP,Merwedekade,257,,
3522JP,Merwedekade,259,,
3522JR,Merwedekade,260,,
3522JR,Merwedekade,262,,
3522JR,Merwedekade,263,,
3522JR,Merwedekade,265,,
3522JR,Merwedekade,266,,
3522JR,Merwedekade,267,,
3522JR,Merwedekade,268,,
3522RK,Nieuwravenstraat,1,,
3522RK,Nieuwravenstraat,1,,BS
3522RK,Nieuwravenstraat,3,,
3522RK,Nieuwravenstraat,3,,BS
3522RK,Nieuwravenstraat,3,,BSA
3522RK,Nieuwravenstraat,5,,
3522RK,Nieuwravenstraat,5,,BS
3522RK,Nieuwravenstraat,5,,BSA
3522RK,Nieuwravenstraat,7,,BS
3522RK,Nieuwravenstraat,7,,BSA
3522RK,Nieuwravenstraat,9,,BS
3522RK,Nieuwravenstraat,9,,BSA
3522RK,Nieuwravenstraat,11,,BS
3522RK,Nieuwravenstraat,11,,BSA
3522RK,Nieuwravenstraat,13,,BS
3522RK,Nieuwravenstraat,13,,BSA
3522RL,Nieuwravenstraat,15,,BS
3522RL,Nieuwravenstraat,15,,BSA
3522RL,Nieuwravenstraat,17,,BS
3522RL,Nieuwravenstraat,17,,BSA
3522RL,Nieuwravenstraat,19,,
3522RL,Nieuwravenstraat,19,,BSA
3522RL,Nieuwravenstraat,21,,
3522RL,Nieuwravenstraat,21,,BSA
3522RL,Nieuwravenstraat,23,,
3522RL,Nieuwravenstraat,23,,BSA
3522RL,Nieuwravenstraat,25,,
3522RL,Nieuwravenstraat,25,,BS
3522RM,Nieuwravenstraat,4,,
3522RM,Nieuwravenstraat,4,,BS
3522RM,Nieuwravenstraat,4,,BSA
3522RM,Nieuwravenstraat,6,,
3522RM,Nieuwravenstraat,6,,BS
3522RM,Nieuwravenstraat,6,,BSA
3522RM,Nieuwravenstraat,8,,BS
3522RM,Nieuwravenstraat,8,,BSA
3522RM,Nieuwravenstraat,10,,BS
3522RM,Nieuwravenstraat,10,,BSA
3522RM,Nieuwravenstraat,12,,BS
3522RM,Nieuwravenstraat,12,,BSA
3522RM,Nieuwravenstraat,14,,BS
3522RM,Nieuwravenstraat,14,,BSA
3522RN,Nieuwravenstraat,16,,BS
3522RN,Nieuwravenstraat,16,,BSA
3522RN,Nieuwravenstraat,18,,
3522RN,Nieuwravenstraat,18,,BSA
3522RN,Nieuwravenstraat,20,,
3522RN,Nieuwravenstraat,20,,BSA
3522RN,Nieuwravenstraat,22,,
3522RN,Nieuwravenstraat,22,,BSA
3522RN,Nieuwravenstraat,24,,
3522RN,Nieuwravenstraat,24,,BS
3522RN,Nieuwravenstraat,24,,BSA
3522RN,Nieuwravenstraat,26,,
3522RN,Nieuwravenstraat,26,,BS
3522RN,Nieuwravenstraat,26,,BSA
3522SP,Eemstraat,22,,
3522RA,Volkerakstraat,3,,
3522RA,Volkerakstraat,3,A,
3522RA,Volkerakstraat,5,A,
3522RA,Volkerakstraat,7,,
3522RA,Volkerakstraat,7,,BSA
3522RA,Volkerakstraat,11,,
3522RA,Volkerakstraat,13,,
3522RA,Volkerakstraat,17,,
3522RA,Volkerakstraat,17,,BS
3522RB,Volkerakstraat,19,,
3522RB,Volkerakstraat,19,,BSA
3522RB,Volkerakstraat,23,,
3522RB,Volkerakstraat,25,,
3522RB,Volkerakstraat,27,,
3522RB,Volkerakstraat,29,,
3522RB,Volkerakstraat,31,,
3522RC,Volkerakstraat,8,,
3522RC,Volkerakstraat,10,,
3522RC,Volkerakstraat,14,,
3522RC,Volkerakstraat,16,,
3522RC,Volkerakstraat,18,,
3522RC,Volkerakstraat,20,,
3522RC,Volkerakstraat,22,,
3522RC,Volkerakstraat,26,,
3522RC,Volkerakstraat,28,,
3522RC,Volkerakstraat,30,,
3522RC,Volkerakstraat,30,,BS
3522RD,Volkerakstraat,32,,
3522RD,Volkerakstraat,34,,
3522RD,Volkerakstraat,36,,
3522RD,Volkerakstraat,38,,
3522RD,Volkerakstraat,40,,
3522RD,Volkerakstraat,42,,
3522RD,Volkerakstraat,44,,
3522RD,Volkerakstraat,46,,
3522RD,Volkerakstraat,50,,
3522RD,Volkerakstraat,52,,
3522RD,Volkerakstraat,56,,
3522RD,Volkerakstraat,58,,
3522RD,Volkerakstraat,62,,
3522RD,Volkerakstraat,64,,
3522GH,Reitdiepstraat,2,,
3522GH,Reitdiepstraat,2,,1A
3522GH,Reitdiepstraat,4,,
3522GH,Reitdiepstraat,6,,
3522GH,Reitdiepstraat,6,,1
3522GH,Reitdiepstraat,8,,1
3522GH,Reitdiepstraat,10,,
3522GH,Reitdiepstraat,12,,
3522GH,Reitdiepstraat,12,,1
3522GH,Reitdiepstraat,14,,
3522GH,Reitdiepstraat,16,,
3522GH,Reitdiepstraat,16,,1
3522GH,Reitdiepstraat,18,,1
3522GH,Reitdiepstraat,20,,
3522GH,Reitdiepstraat,20,,1A
3522GJ,Reitdiepstraat,22,,
3522GJ,Reitdiepstraat,22,,1A
3522GJ,Reitdiepstraat,22,A,
3522GJ,Reitdiepstraat,24,,1
3522GJ,Reitdiepstraat,26,,
3522GJ,Reitdiepstraat,28,,
3522GJ,Reitdiepstraat,28,,1
3522GJ,Reitdiepstraat,30,,1
3522GJ,Reitdiepstraat,32,,
3522GJ,Reitdiepstraat,34,,
3522GJ,Reitdiepstraat,34,,1
3522BA,Rijnlaan,13,,
3522BA,Rijnlaan,13,,BS
3522BB,Rijnlaan,25,,
3522BB,Rijnlaan,27,,
3522BB,Rijnlaan,27,,BS
3522BB,Rijnlaan,29,,BS
3522BB,Rijnlaan,31,,
3522BB,Rijnlaan,31,,BS
3522BB,Rijnlaan,33,,
3522BB,Rijnlaan,33,,BS
3522BB,Rijnlaan,35,,
3522BB,Rijnlaan,35,,BS
3522BB,Rijnlaan,35,A,
3522BB,Rijnlaan,35,A,BS
3522BB,Rijnlaan,37,,
3522BB,Rijnlaan,37,,BS
3522BB,Rijnlaan,37,A,
3522BB,Rijnlaan,37,A,BS
3522BB,Rijnlaan,39,,
3522BB,Rijnlaan,39,,BS
3522BB,Rijnlaan,39,A,
3522BB,Rijnlaan,39,A,BS
3522BC,Rijnlaan,41,,
3522BC,Rijnlaan,41,,BS
3522BC,Rijnlaan,41,A,
3522BC,Rijnlaan,41,A,BS
3522BC,Rijnlaan,43,,
3522BC,Rijnlaan,43,,BS
3522BC,Rijnlaan,43,A,
3522BC,Rijnlaan,43,A,BS
3522BC,Rijnlaan,45,,
3522BC,Rijnlaan,45,,BS
3522BC,Rijnlaan,45,A,BS
3522BC,Rijnlaan,47,,BS
3522BC,Rijnlaan,47,A,
3522BC,Rijnlaan,49,,
3522BC,Rijnlaan,49,,BS
3522BC,Rijnlaan,49,A,BS
3522BC,Rijnlaan,51,,BS
3522BC,Rijnlaan,51,A,
3522BC,Rijnlaan,53,,
3522BC,Rijnlaan,55,,BS
3522BC,Rijnlaan,57,,
3522BH,Rijnlaan,129,,BS
3522BH,Rijnlaan,131,,
3522BH,Rijnlaan,131,,BS
3522BH,Rijnlaan,133,,BS
3522BH,Rijnlaan,135,,
3522BH,Rijnlaan,137,,
3522BH,Rijnlaan,139,,
3522BH,Rijnlaan,129,,
3522BJ,Rijnlaan,141,,
3522BJ,Rijnlaan,143,,
3522BJ,Rijnlaan,149,,BS
3522BJ,Rijnlaan,151,,
3522BJ,Rijnlaan,151,,BS
3522BJ,Rijnlaan,153,,
3522BJ,Rijnlaan,153,,BS
3522BJ,Rijnlaan,155,,
3522BJ,Rijnlaan,157,,BS
3522BJ,Rijnlaan,159,,
3522BJ,Rijnlaan,159,,BS
3522BJ,Rijnlaan,161,,
3522BJ,Rijnlaan,161,,BS
3522BJ,Rijnlaan,163,,
3522BJ,Rijnlaan,163,,BS
3522BJ,Rijnlaan,165,,
3522BJ,Rijnlaan,167,,
3522BJ,Rijnlaan,167,,BS
3522BK,Rijnlaan,171,,
3522BK,Rijnlaan,171,,BS
3522BK,Rijnlaan,171,,BSA
3522BK,Rijnlaan,171,,BSB
3522BK,Rijnlaan,173,,
3522BK,Rijnlaan,173,,BS
3522BK,Rijnlaan,175,,
3522BK,Rijnlaan,175,,BS
3522BK,Rijnlaan,177,,
3522BK,Rijnlaan,177,,BS
3522BK,Rijnlaan,179,,
3522BK,Rijnlaan,183,,
3522BK,Rijnlaan,185,,
3522BK,Rijnlaan,187,,
3522BK,Rijnlaan,189,,
3522BL,Rijnlaan,193,,
3522BL,Rijnlaan,195,,
3522BL,Rijnlaan,199,,
3522BL,Rijnlaan,201,,
3522BL,Rijnlaan,205,,
3522BL,Rijnlaan,207,,
3522BL,Rijnlaan,211,,
3522BL,Rijnlaan,215,,
3522BL,Rijnlaan,217,,
3522BL,Rijnlaan,221,,
3522BL,Rijnlaan,223,,
3522BL,Rijnlaan,227,,
3522BL,Rijnlaan,229,,
3522BM,Rijnlaan,251,,
3522BM,Rijnlaan,253,,
3522BM,Rijnlaan,255,,
3522BM,Rijnlaan,257,,
3522BM,Rijnlaan,259,,
3522BM,Rijnlaan,261,,
3522BM,Rijnlaan,263,,
3522BM,Rijnlaan,265,,
3522BM,Rijnlaan,267,,
3522BM,Rijnlaan,269,,
3522BM,Rijnlaan,273,,
3522BM,Rijnlaan,275,,
3522BM,Rijnlaan,233,,
3522BM,Rijnlaan,235,,
3522BM,Rijnlaan,237,,
3522BM,Rijnlaan,239,,
3522BM,Rijnlaan,243,,
3522BM,Rijnlaan,245,,
3522BM,Rijnlaan,249,,
3522BN,Rijnlaan,12,,
3522BN,Rijnlaan,16,,
3522BN,Rijnlaan,18,,
3522BN,Rijnlaan,22,,
3522BN,Rijnlaan,28,A,
3522BN,Rijnlaan,28,A,BS
3522BN,Rijnlaan,30,,
3522BN,Rijnlaan,32,,
3522BN,Rijnlaan,32,,BS
3522BN,Rijnlaan,34,,
3522BN,Rijnlaan,36,,
3522BN,Rijnlaan,38,,
3522BN,Rijnlaan,40,,
3522BN,Rijnlaan,42,,
3522BN,Rijnlaan,42,,BS
3522BP,Rijnlaan,58,,
3522BP,Rijnlaan,60,,
3522BP,Rijnlaan,64,,
3522BP,Rijnlaan,66,,
3522BP,Rijnlaan,44,,
3522BP,Rijnlaan,46,,
3522BP,Rijnlaan,48,,
3522BP,Rijnlaan,50,,
3522BP,Rijnlaan,52,,
3522BP,Rijnlaan,54,,
3522BP,Rijnlaan,54,,BS
3522BP,Rijnlaan,56,,
3522BR,Rijnlaan,70,,
3522BR,Rijnlaan,72,,
3522BR,Rijnlaan,78,,BS
3522BR,Rijnlaan,82,,
3522BR,Rijnlaan,84,,
3522BR,Rijnlaan,88,,
3522BR,Rijnlaan,90,,
3522BR,Rijnlaan,92,,
3522BW,Rijnlaan,140,,
3522BW,Rijnlaan,142,,
3522BW,Rijnlaan,144,,
3522BW,Rijnlaan,146,,
3522BW,Rijnlaan,146,,BS
3522BW,Rijnlaan,148,,
3522BW,Rijnlaan,148,,BS
3522BW,Rijnlaan,150,,
3522BW,Rijnlaan,152,,
3522BW,Rijnlaan,154,,BS
3522BW,Rijnlaan,156,,
3522BW,Rijnlaan,156,,BS
3522BW,Rijnlaan,158,,
3522BW,Rijnlaan,158,,BS
3522BW,Rijnlaan,160,,
3522BW,Rijnlaan,160,,BS
3522BW,Rijnlaan,162,,
3522BW,Rijnlaan,164,,
3522BW,Rijnlaan,164,,BS
3522BX,Rijnlaan,166,,
3522BX,Rijnlaan,166,,BS
3522BX,Rijnlaan,168,,
3522BX,Rijnlaan,170,,
3522BX,Rijnlaan,172,,
3522BX,Rijnlaan,174,,
3522BX,Rijnlaan,176,,
3522BX,Rijnlaan,178,,
3522BX,Rijnlaan,180,,
3522BX,Rijnlaan,182,,
3522BX,Rijnlaan,186,,
3522BX,Rijnlaan,190,,
3522BX,Rijnlaan,192,,
3522BX,Rijnlaan,196,,
3522BX,Rijnlaan,198,,
3522BX,Rijnlaan,202,,
3522BX,Rijnlaan,204,,
3522BX,Rijnlaan,208,,
3522BX,Rijnlaan,210,,
3522BX,Rijnlaan,212,,
3522BX,Rijnlaan,214,,
3522BZ,Rijnlaan,252,,
3522BZ,Rijnlaan,254,,
3522BZ,Rijnlaan,256,,
3522BZ,Rijnlaan,258,,
3522BZ,Rijnlaan,260,,
3522BZ,Rijnlaan,262,,
3522BZ,Rijnlaan,264,,
3522BZ,Rijnlaan,266,,
3522BZ,Rijnlaan,268,,
3522BZ,Rijnlaan,270,,
3522BZ,Rijnlaan,218,,
3522BZ,Rijnlaan,220,,
3522BZ,Rijnlaan,224,,
3522BZ,Rijnlaan,226,,
3522BZ,Rijnlaan,230,,
3522BZ,Rijnlaan,232,,
3522BZ,Rijnlaan,236,,
3522BZ,Rijnlaan,240,,
3522BZ,Rijnlaan,242,,
3522BZ,Rijnlaan,246,,
3522BZ,Rijnlaan,248,,
3522TB,Westravenstraat,45,,
3522TB,Westravenstraat,47,,
3522TB,Westravenstraat,51,,
3522TB,Westravenstraat,53,,
3522TB,Westravenstraat,57,,
3522TB,Westravenstraat,59,,
3522TB,Westravenstraat,63,,
3522TB,Westravenstraat,65,,
3522TB,Westravenstraat,69,,
3522VA,Zaanstraat,1,,
3522VA,Zaanstraat,3,,
3522VA,Zaanstraat,4,,
3522VA,Zaanstraat,6,,
3522VA,Zaanstraat,7,,
3522VA,Zaanstraat,9,,
3522VA,Zaanstraat,10,,
3522VA,Zaanstraat,14,,
3522VA,Zaanstraat,16,,
3522RE,Runstraat,33,,
3522RE,Runstraat,1,,
3522RE,Runstraat,1,A,
3522RE,Runstraat,3,,
3522RE,Runstraat,3,A,
3522RE,Runstraat,5,,
3522RE,Runstraat,7,,
3522RE,Runstraat,11,,
3522RE,Runstraat,15,,
3522RE,Runstraat,17,,
3522RE,Runstraat,21,,
3522RE,Runstraat,23,,
3522RE,Runstraat,27,,
3522RE,Runstraat,29,,
3522RG,Runstraat,35,,
3522RG,Runstraat,39,,
3522RG,Runstraat,41,,
3522RG,Runstraat,43,,
3522RG,Runstraat,45,,
3522RG,Runstraat,47,,
3522RG,Runstraat,49,,
3522RG,Runstraat,51,,
3522RG,Runstraat,53,,
3522RH,Runstraat,2,,
3522RH,Runstraat,2,A,
3522RH,Runstraat,4,A,
3522RH,Runstraat,8,,
3522RH,Runstraat,10,,
3522RH,Runstraat,12,,
3522RH,Runstraat,14,,
3522RH,Runstraat,18,,
3522RH,Runstraat,20,,
3522RH,Runstraat,24,,
3522RH,Runstraat,26,,
3522RH,Runstraat,30,,
3522RJ,Runstraat,36,,
3522RJ,Runstraat,38,,
3522RJ,Runstraat,42,,
3522RJ,Runstraat,44,,
3522RJ,Runstraat,32,,
3522CA,Scheldestraat,9,,
3522CA,Scheldestraat,9,,BS
3522CA,Scheldestraat,11,,
3522CA,Scheldestraat,11,,BS
3522CA,Scheldestraat,13,,
3522CA,Scheldestraat,13,,BS
3522CA,Scheldestraat,15,,
3522CA,Scheldestraat,15,,BS
3522CA,Scheldestraat,17,,
3522CA,Scheldestraat,17,,BS
3522CA,Scheldestraat,19,,
3522CA,Scheldestraat,19,,BS
3522CA,Scheldestraat,21,,
3522CA,Scheldestraat,21,,BS
3522CA,Scheldestraat,1,,
3522CA,Scheldestraat,1,,BS
3522CA,Scheldestraat,3,,
3522CB,Scheldestraat,23,,
3522CB,Scheldestraat,25,,
3522CB,Scheldestraat,27,,
3522CB,Scheldestraat,29,,
3522CB,Scheldestraat,31,,
3522CB,Scheldestraat,33,,
3522CB,Scheldestraat,35,,
3522CB,Scheldestraat,37,,
3522CB,Scheldestraat,39,,
3522CB,Scheldestraat,41,,
3522CB,Scheldestraat,43,,
3522CB,Scheldestraat,45,,
3522CB,Scheldestraat,47,,
3522CB,Scheldestraat,49,,
3522CB,Scheldestraat,51,,
3522CB,Scheldestraat,53,,
3522CC,Scheldestraat,55,,
3522CC,Scheldestraat,59,,
3522CC,Scheldestraat,61,,
3522CC,Scheldestraat,63,,
3522CD,Scheldestraat,4,,
3522CD,Scheldestraat,6,,
3522CD,Scheldestraat,8,,
3522CD,Scheldestraat,2,,
3522VJ,Schipbeekstraat,35,,
3522VJ,Schipbeekstraat,37,,
3522VJ,Schipbeekstraat,23,,
3522VJ,Schipbeekstraat,25,,
3522VJ,Schipbeekstraat,29,,
3522VJ,Schipbeekstraat,33,,
3522VK,Schipbeekstraat,41,,
3522VK,Schipbeekstraat,45,,
3522VK,Schipbeekstraat,47,,
3522VK,Schipbeekstraat,51,,
3522VK,Schipbeekstraat,53,,
3522VL,Schipbeekstraat,34,,
3522VL,Schipbeekstraat,38,,
3522VL,Schipbeekstraat,40,,
3522VL,Schipbeekstraat,30,,
3522VL,Schipbeekstraat,32,,
3522VM,Schipbeekstraat,42,,
3522VM,Schipbeekstraat,44,,
3522VM,Schipbeekstraat,48,,
3522VM,Schipbeekstraat,50,,
3522VM,Schipbeekstraat,54,,
3522VM,Schipbeekstraat,56,,
3522VM,Schipbeekstraat,58,,
3522VM,Schipbeekstraat,62,,
3522VM,Schipbeekstraat,64,,
3522ED,Socrateslaan,3,,
3522ED,Socrateslaan,5,,
3522ED,Socrateslaan,9,,
3522ED,Socrateslaan,11,,
3522ED,Socrateslaan,15,,
3522ED,Socrateslaan,17,,
3522ED,Socrateslaan,21,,
3522ED,Socrateslaan,23,,
3522ED,Socrateslaan,27,,
3522ED,Socrateslaan,29,,
3522ED,Socrateslaan,33,,
3522EE,Socrateslaan,35,,
3522EE,Socrateslaan,39,,
3522EE,Socrateslaan,41,,
3522VB,Spaarnestraat,23,,
3522VB,Spaarnestraat,25,,
3522VB,Spaarnestraat,27,,
3522VB,Spaarnestraat,29,,
3522VB,Spaarnestraat,31,,
3522VB,Spaarnestraat,33,,
3522VB,Spaarnestraat,35,,
3522VB,Spaarnestraat,37,,
3522VB,Spaarnestraat,39,,
3522VB,Spaarnestraat,11,A,
3522VB,Spaarnestraat,11,B,
3522VB,Spaarnestraat,15,,
3522VB,Spaarnestraat,17,,
3522VB,Spaarnestraat,21,,
3522VC,Spaarnestraat,41,,
3522VC,Spaarnestraat,43,,
3522VC,Spaarnestraat,45,,
3522VC,Spaarnestraat,47,,
3522VC,Spaarnestraat,49,,
3522VC,Spaarnestraat,51,,
3522VC,Spaarnestraat,53,,
3522VC,Spaarnestraat,55,,
3522VC,Spaarnestraat,57,,
3522VC,Spaarnestraat,59,,
3522VC,Spaarnestraat,63,,
3522VC,Spaarnestraat,65,,
3522VD,Spaarnestraat,24,,
3522VD,Spaarnestraat,26,,
3522VD,Spaarnestraat,28,,
3522VD,Spaarnestraat,30,,
3522VD,Spaarnestraat,32,,
3522VD,Spaarnestraat,34,,
3522VD,Spaarnestraat,36,,
3522VD,Spaarnestraat,38,,
3522VD,Spaarnestraat,14,,
3522VD,Spaarnestraat,18,,
3522VD,Spaarnestraat,20,,
3522VE,Spaarnestraat,40,,
3522VE,Spaarnestraat,42,,
3522VE,Spaarnestraat,44,,
3522VE,Spaarnestraat,46,,
3522VE,Spaarnestraat,48,,
3522VE,Spaarnestraat,50,,
3522VE,Spaarnestraat,52,,
3522VE,Spaarnestraat,54,,
3522VE,Spaarnestraat,56,,
3522PM,Grebbestraat,5,,
3522PM,Grebbestraat,7,,
3522PM,Grebbestraat,9,,
3522PM,Grebbestraat,11,,
3522PM,Grebbestraat,13,,
3522PM,Grebbestraat,15,,
3522PN,Grebbestraat,2,,
3522PN,Grebbestraat,4,,
3522PN,Grebbestraat,6,,
3522PN,Grebbestraat,8,,
3522PN,Grebbestraat,10,,
3522PN,Grebbestraat,12,,
3522PN,Grebbestraat,14,,
3522HL,Jutfaseweg,141,,
3522HL,Jutfaseweg,142,,
3522HL,Jutfaseweg,143,,
3522HL,Jutfaseweg,144,,
3522HL,Jutfaseweg,145,,
3522HL,Jutfaseweg,146,,
3522HL,Jutfaseweg,147,,
3522HL,Jutfaseweg,148,,
3522HL,Jutfaseweg,149,,
3522HL,Jutfaseweg,150,,
3522HW,Mijdrechtstraat,2,,
3522HW,Mijdrechtstraat,2,,BS
3522HW,Mijdrechtstraat,2,,BSA
3522HW,Mijdrechtstraat,4,,
3522HW,Mijdrechtstraat,4,,BS
3522HW,Mijdrechtstraat,4,,BSA
3522HW,Mijdrechtstraat,6,,
3522HW,Mijdrechtstraat,6,,BS
3522HW,Mijdrechtstraat,6,,BSA
3522HW,Mijdrechtstraat,8,,
3522HW,Mijdrechtstraat,8,,BS
3522HW,Mijdrechtstraat,8,,BSA
3522HW,Mijdrechtstraat,10,,
3522HW,Mijdrechtstraat,10,,BS
3522HW,Mijdrechtstraat,10,,BSA
3522HW,Mijdrechtstraat,14,,
3522HW,Mijdrechtstraat,16,,
3522HW,Mijdrechtstraat,18,,
3522HW,Mijdrechtstraat,20,,
3522HW,Mijdrechtstraat,22,,
3522HX,Mijdrechtstraat,24,,
3522HX,Mijdrechtstraat,26,,
3522HX,Mijdrechtstraat,28,,
3522HX,Mijdrechtstraat,30,,
3522HX,Mijdrechtstraat,32,,
3522HX,Mijdrechtstraat,34,,
3522HX,Mijdrechtstraat,36,,
3522HX,Mijdrechtstraat,38,,
3522HX,Mijdrechtstraat,40,,
3522HX,Mijdrechtstraat,42,,
3522HX,Mijdrechtstraat,46,,
3522HX,Mijdrechtstraat,48,,
3522HX,Mijdrechtstraat,52,,
3522HX,Mijdrechtstraat,54,,
3522HX,Mijdrechtstraat,58,,
3522HX,Mijdrechtstraat,60,,
3522HX,Mijdrechtstraat,64,,
3522HX,Mijdrechtstraat,66,,
3522XD,Spuistraat,11,,
3522XD,Spuistraat,13,,
3522XD,Spuistraat,17,,
3522XD,Spuistraat,19,,
3522XD,Spuistraat,23,,
3522XD,Spuistraat,25,,
3522XE,Spuistraat,29,,
3522XE,Spuistraat,31,,
3522XE,Spuistraat,35,,
3522XE,Spuistraat,37,,
3522XE,Spuistraat,39,,
3522XE,Spuistraat,43,,
3522XE,Spuistraat,45,,
3521GA,Vondellaan,1,,
3521GA,Vondellaan,1,,BS
3521GA,Vondellaan,3,,
3521GA,Vondellaan,3,,BS
3521GA,Vondellaan,5,,
3521GA,Vondellaan,5,,BSA
3521GA,Vondellaan,7,,
3521GA,Vondellaan,7,,BSA
3521GA,Vondellaan,9,,
3521GA,Vondellaan,9,,BSA
3521GA,Vondellaan,11,,
3521GA,Vondellaan,11,,BSA
3521GA,Vondellaan,13,,
3521GA,Vondellaan,13,,BSA
3521GD,Vondellaan,4,,
3521GD,Vondellaan,6,,
3522SP,Eemstraat,22,A,
3522SP,Eemstraat,24,,
3522SP,Eemstraat,24,A,
3522AP,Amaliadwarsstraat,25,,
3522AP,Amaliadwarsstraat,29,,
3522AP,Amaliadwarsstraat,31,,
3522AP,Amaliadwarsstraat,35,,
3522AP,Amaliadwarsstraat,37,,
3522AP,Amaliadwarsstraat,41,,
3522AP,Amaliadwarsstraat,43,,
3522AP,Amaliadwarsstraat,47,,
3522AP,Amaliadwarsstraat,49,,
3522AP,Amaliadwarsstraat,53,,
3522AP,Amaliadwarsstraat,55,,
3522AP,Amaliadwarsstraat,59,,
3522AP,Amaliadwarsstraat,61,,
3522AP,Amaliadwarsstraat,65,,
3522AP,Amaliadwarsstraat,67,,
3522AP,Amaliadwarsstraat,71,,
3522AP,Amaliadwarsstraat,73,,
3522TR,Amerhof,53,,
3522CS,Amstelstraat,26,A,
3522CS,Amstelstraat,28,,
3522CS,Amstelstraat,30,,
3522CS,Amstelstraat,32,A,
3522CS,Amstelstraat,32,,
3522CS,Amstelstraat,34,A,
3522CS,Amstelstraat,36,A,
3522CS,Amstelstraat,38,,
3522CS,Amstelstraat,38,A,
3522CS,Amstelstraat,40,,
3522CS,Amstelstraat,42,,
3522CS,Amstelstraat,44,A,
3522CS,Amstelstraat,44,,
3522CT,Amstelstraat,46,A,
3522CT,Amstelstraat,48,A,
3522CT,Amstelstraat,50,,
3522CT,Amstelstraat,50,A,
3522CT,Amstelstraat,52,,
3522CT,Amstelstraat,54,,
3522CT,Amstelstraat,56,A,
3522CT,Amstelstraat,56,,
3522CT,Amstelstraat,54,B,
3522CT,Amstelstraat,54,C,
3522CT,Amstelstraat,56,B,
3522ER,Berkelstraat,56,,
3522BA,Rijnlaan,15,,
3522BA,Rijnlaan,19,,
3522BA,Rijnlaan,19,A,
3522BB,Rijnlaan,21,A,
3522BB,Rijnlaan,23,,
3522BP,Rijnlaan,62,A,
3522BV,Rijnlaan,134,,
3522BV,Rijnlaan,136,,
3511HC,Westerkade,26,,
3511HC,Westerkade,26,,BS
3511HC,Westerkade,27,,BS
3511HC,Westerkade,28,,
3511HC,Westerkade,30,,
3511HC,Westerkade,30,,BS
3511HC,Westerkade,32,,BS
3511HC,Westerkade,33,,
3511HC,Westerkade,35,,BS
3511HC,Westerkade,36,,
3511HC,Westerkade,36,,BSA
3511HC,Westerkade,37,,
3511HC,Westerkade,37,,BS
3511HC,Westerkade,38,,BS
3511HC,Westerkade,38,,BSA
3522TA,Westravenstraat,1,,
3522TA,Westravenstraat,3,,
3522TA,Westravenstraat,5,,
3522TA,Westravenstraat,7,,
3522TA,Westravenstraat,9,,
3522TA,Westravenstraat,11,,
3522TA,Westravenstraat,13,,
3522TA,Westravenstraat,15,,
3522TA,Westravenstraat,17,,
3522TA,Westravenstraat,21,,
3522TA,Westravenstraat,23,,
3522TA,Westravenstraat,27,,
3522TA,Westravenstraat,29,,
3522TB,Westravenstraat,35,,
3522TB,Westravenstraat,37,,
3522TB,Westravenstraat,41,,
3522TC,Westravenstraat,2,,
3522TC,Westravenstraat,4,,
3522TC,Westravenstraat,6,,
3522TC,Westravenstraat,8,,
3522TC,Westravenstraat,10,,
3522TC,Westravenstraat,12,,
3522TC,Westravenstraat,14,,
3522TC,Westravenstraat,16,,
3522TC,Westravenstraat,18,,
3522TC,Westravenstraat,20,,
3522TC,Westravenstraat,24,,
3522TC,Westravenstraat,26,,
3522TD,Westravenstraat,34,,
3522TD,Westravenstraat,36,,
3522TD,Westravenstraat,40,,
3522TD,Westravenstraat,42,,
3522TD,Westravenstraat,46,,
3522TD,Westravenstraat,48,,
3522TD,Westravenstraat,52,,
3522TD,Westravenstraat,54,,
3522TD,Westravenstraat,58,,
3522TD,Westravenstraat,60,,
3522TD,Westravenstraat,30,,
3522TD,Westravenstraat,32,,
3522CD,Scheldestraat,16,,
3522CD,Scheldestraat,18,,
3522CD,Scheldestraat,22,,
3522CD,Scheldestraat,24,,
3522TG,Maasstraat,53,,
3522PK,Noordzeestraat,2,,
3522PK,Noordzeestraat,4,,
3522PK,Noordzeestraat,8,,
3522PK,Noordzeestraat,10,,
3522PK,Noordzeestraat,14,,
3522PK,Noordzeestraat,16,,
3522JW,IJsselstraat,1,,
3522JW,IJsselstraat,3,,
3522JW,IJsselstraat,7,,
3522JW,IJsselstraat,9,,
3522JW,IJsselstraat,11,,
3522JW,IJsselstraat,15,,
3522JW,IJsselstraat,17,,
3522JW,IJsselstraat,21,,
3522JW,IJsselstraat,25,,
3522JW,IJsselstraat,27,,
3522JW,IJsselstraat,31,,
3522JW,IJsselstraat,33,,
3522JW,IJsselstraat,37,,
3522JW,IJsselstraat,39,,
3522JW,IJsselstraat,43,,
3522JX,IJsselstraat,2,,
3522JX,IJsselstraat,4,,
3522JX,IJsselstraat,6,,
3522JX,IJsselstraat,8,,
3522JX,IJsselstraat,10,,
3522JX,IJsselstraat,12,,
3522JX,IJsselstraat,14,,
3522JX,IJsselstraat,18,,
3522JX,IJsselstraat,20,,
3522JX,IJsselstraat,22,,
3522JX,IJsselstraat,24,,
3522JX,IJsselstraat,28,,
3522JX,IJsselstraat,30,,
3522JX,IJsselstraat,34,,
3522JX,IJsselstraat,36,,
3522JX,IJsselstraat,40,,
3522JX,IJsselstraat,42,,
3522AH,Croesestraat,88,,BSA
3522AK,Dollardstraat,7,,
3522AK,Dollardstraat,9,,
3522AK,Dollardstraat,13,,
3522AK,Dollardstraat,15,,
3522AK,Dollardstraat,19,,
3522AK,Dollardstraat,21,,
3522AK,Dollardstraat,25,,
3522AK,Dollardstraat,27,,
3522AK,Dollardstraat,31,,
3522AK,Dollardstraat,33,,
3522AK,Dollardstraat,37,,
3522AK,Dollardstraat,41,,
3522AK,Dollardstraat,43,,
3522AK,Dollardstraat,47,,
3522AK,Dollardstraat,49,,
3522AL,Dollardstraat,2,,
3522AL,Dollardstraat,6,,
3522AL,Dollardstraat,8,,
3522AL,Dollardstraat,12,,
3522AL,Dollardstraat,14,,
3522AL,Dollardstraat,18,,
3522AL,Dollardstraat,20,,
3522AM,Dollardstraat,24,,
3522AM,Dollardstraat,26,,
3522AM,Dollardstraat,30,,
3522AM,Dollardstraat,32,,
3522AM,Dollardstraat,36,,
3522AM,Dollardstraat,38,,
3522AM,Dollardstraat,42,,
3522AM,Dollardstraat,44,,
3522AM,Dollardstraat,48,,
3522AM,Dollardstraat,52,,
3522AM,Dollardstraat,54,,
3522AM,Dollardstraat,58,,
3522AM,Dollardstraat,60,,
3522AM,Dollardstraat,64,,
3522AM,Dollardstraat,66,,
3522AM,Dollardstraat,70,,
3522AM,Dollardstraat,72,,
3522AM,Dollardstraat,76,,
3522AM,Dollardstraat,78,,
3522AM,Dollardstraat,82,,
3522AM,Dollardstraat,84,,
3522PM,Grebbestraat,1,,
3522PM,Grebbestraat,3,,
3522PN,Grebbestraat,18,,
3522PN,Grebbestraat,20,,
3522PN,Grebbestraat,24,,
3522PN,Grebbestraat,26,,
3522PN,Grebbestraat,30,,
3522PN,Grebbestraat,32,,
3522PN,Grebbestraat,36,,
3522PN,Grebbestraat,38,,
3522PN,Grebbestraat,42,,
3522PN,Grebbestraat,44,,
3522PN,Grebbestraat,52,,
3522PN,Grebbestraat,54,,
3522PR,Grevelingenstraat,10,,
3522PC,Wielingenplein,1,,
3522PC,Wielingenplein,3,,
3522PC,Wielingenplein,4,,
3522PC,Wielingenplein,5,,BS
3522PC,Wielingenplein,6,,
3522PC,Wielingenplein,8,,
3522PC,Wielingenplein,9,,
3522PC,Wielingenplein,11,,
3522PC,Wielingenplein,12,,
3522PC,Wielingenplein,14,,
3522PC,Wielingenplein,15,,
3522PC,Wielingenplein,17,,
3522PC,Wielingenplein,18,,
3522PD,Wielingenplein,27,,
3522PD,Wielingenplein,28,,
3522PD,Wielingenplein,29,,
3522PD,Wielingenplein,30,,
3522PD,Wielingenplein,31,,
3522PD,Wielingenplein,32,,
3522PD,Wielingenplein,33,,
3522PD,Wielingenplein,34,,
3522PD,Wielingenplein,35,,
3522PD,Wielingenplein,36,,
3522PD,Wielingenplein,37,,
3522PD,Wielingenplein,38,,
3522PD,Wielingenplein,39,,
3522PD,Wielingenplein,20,,
3522PD,Wielingenplein,21,,
3522PD,Wielingenplein,23,,
3522PD,Wielingenplein,24,,
3522PD,Wielingenplein,26,,
3522PE,Wielingenplein,40,,
3522PE,Wielingenplein,41,,
3522PE,Wielingenplein,43,,
3522PE,Wielingenplein,45,,
3522PE,Wielingenplein,46,,
3522PE,Wielingenplein,48,,
3522PE,Wielingenplein,49,,
3522PA,Zijpestraat,25,,
3522PA,Zijpestraat,27,,
3522PA,Zijpestraat,29,,
3522PA,Zijpestraat,31,,
3522PA,Zijpestraat,3,,
3522PA,Zijpestraat,5,,
3522PA,Zijpestraat,9,,
3522PA,Zijpestraat,11,,
3522PA,Zijpestraat,13,,
3522PA,Zijpestraat,17,,
3522PA,Zijpestraat,19,,
3522PA,Zijpestraat,23,,
3522DA,Pieter Bernagiestraat,17,,
3522DA,Pieter Bernagiestraat,19,,
3522DA,Pieter Bernagiestraat,23,,
3522DA,Pieter Bernagiestraat,25,,
3522DA,Pieter Bernagiestraat,29,,
3522DB,Pieter Bernagiestraat,31,,
3522DB,Pieter Bernagiestraat,35,,
3522DB,Pieter Bernagiestraat,37,,
3522DB,Pieter Bernagiestraat,41,,
3522DB,Pieter Bernagiestraat,43,,
3522DB,Pieter Bernagiestraat,47,,
3522DB,Pieter Bernagiestraat,49,,
3522DB,Pieter Bernagiestraat,53,,
3522DB,Pieter Bernagiestraat,55,,
3522DB,Pieter Bernagiestraat,57,,
3522DC,Pieter Bernagiestraat,61,,
3522DC,Pieter Bernagiestraat,63,,
3522DC,Pieter Bernagiestraat,67,,
3522DC,Pieter Bernagiestraat,69,,
3522DC,Pieter Bernagiestraat,73,,
3522DC,Pieter Bernagiestraat,75,,
3522DC,Pieter Bernagiestraat,79,,
3522DC,Pieter Bernagiestraat,81,,
3522DC,Pieter Bernagiestraat,85,,
3522EC,Zijldiepstraat,2,,
3522EC,Zijldiepstraat,2,,BS
3522EC,Zijldiepstraat,4,,BS
3522EC,Zijldiepstraat,6,,
3522EC,Zijldiepstraat,8,,BS
3522EC,Zijldiepstraat,8,,BSA
3522EC,Zijldiepstraat,10,,BS1
3522EC,Zijldiepstraat,10,,BS2
3522JT,Zuiderzeestraat,1,,
3522JT,Zuiderzeestraat,5,,
3522JT,Zuiderzeestraat,7,,
3522JT,Zuiderzeestraat,11,,
3522JT,Zuiderzeestraat,13,,
3522JT,Zuiderzeestraat,15,,
3522JT,Zuiderzeestraat,17,,
3522JT,Zuiderzeestraat,19,,
3522JT,Zuiderzeestraat,21,,
3522JT,Zuiderzeestraat,23,,
3522JT,Zuiderzeestraat,25,,
3522JT,Zuiderzeestraat,27,,
3522JT,Zuiderzeestraat,15,A,
3522JV,Zuiderzeestraat,2,,
3522JV,Zuiderzeestraat,4,,
3522JV,Zuiderzeestraat,8,,
3522JV,Zuiderzeestraat,10,,
3522JV,Zuiderzeestraat,12,,
3522JV,Zuiderzeestraat,14,,
3522JV,Zuiderzeestraat,16,,
3522JV,Zuiderzeestraat,18,,
3522JV,Zuiderzeestraat,20,,
3522JV,Zuiderzeestraat,22,,
3522JV,Zuiderzeestraat,24,,
3522JV,Zuiderzeestraat,26,,
3522JV,Zuiderzeestraat,28,,
3522PG,Wielingenstraat,1,,
3522PG,Wielingenstraat,3,,
3522XC,Spuistraat,1,,
3522XC,Spuistraat,3,,
3522XC,Spuistraat,5,,
3522XC,Spuistraat,7,,
3522CL,Amstelstraat,1,,
3522CL,Amstelstraat,3,,
3522CL,Amstelstraat,7,,
3522CL,Amstelstraat,9,,
3522CL,Amstelstraat,13,,
3522CL,Amstelstraat,15,,
3522CL,Amstelstraat,19,,
3522CL,Amstelstraat,21,,
3522CL,Amstelstraat,25,,
3522CL,Amstelstraat,27,,
3522CL,Amstelstraat,31,,
3522CL,Amstelstraat,33,,
3522CL,Amstelstraat,37,,
3522CL,Amstelstraat,39,,
3522CL,Amstelstraat,43,,
3522CL,Amstelstraat,45,,
3522CL,Amstelstraat,49,,
3522CL,Amstelstraat,51,,
3522CM,Amstelstraat,55,,
3522CM,Amstelstraat,57,,
3522CM,Amstelstraat,59,A,
3522CM,Amstelstraat,61,A,
3522CM,Amstelstraat,63,,
3522CM,Amstelstraat,65,,
3522CM,Amstelstraat,69,,
3522CM,Amstelstraat,71,,
3522CM,Amstelstraat,65,A,
3522CM,Amstelstraat,67,A,
3522CM,Amstelstraat,71,A,
3522CR,Amstelstraat,10,A,
3522CR,Amstelstraat,14,A,
3522CR,Amstelstraat,2,,
3522CR,Amstelstraat,6,,
3522CR,Amstelstraat,8,,
3522CR,Amstelstraat,12,,
3522CR,Amstelstraat,14,,
3522CR,Amstelstraat,4,A,
3522CR,Amstelstraat,6,A,
3522CS,Amstelstraat,16,A,
3522CS,Amstelstraat,20,A,
3522CS,Amstelstraat,22,A,
3522CS,Amstelstraat,16,,
3522CS,Amstelstraat,18,,
3522CS,Amstelstraat,20,,
3522CS,Amstelstraat,22,,
3522CS,Amstelstraat,24,,
3522CS,Amstelstraat,26,,
3522CT,Amstelstraat,58,A,
3522BE,Rijnlaan,89,,
3522BE,Rijnlaan,91,,
3522BE,Rijnlaan,93,,
3522BE,Rijnlaan,95,,
3522BE,Rijnlaan,97,,
3522BE,Rijnlaan,99,,
3522BE,Rijnlaan,99,A,
3522BE,Rijnlaan,91,A,
3522BE,Rijnlaan,93,A,
3522BE,Rijnlaan,95,A,
3522BG,Rijnlaan,103,A,
3522BG,Rijnlaan,105,A,
3522BG,Rijnlaan,107,A,
3522BG,Rijnlaan,109,A,
3522BG,Rijnlaan,111,A,
3522BG,Rijnlaan,113,A,
3522BG,Rijnlaan,115,A,
3522BG,Rijnlaan,117,A,
3522BG,Rijnlaan,119,A,
3522BG,Rijnlaan,103,,
3522BG,Rijnlaan,105,,
3522BG,Rijnlaan,107,,
3522BG,Rijnlaan,109,,
3522BG,Rijnlaan,111,,
3522BG,Rijnlaan,113,,
3522BG,Rijnlaan,115,,
3522BG,Rijnlaan,117,,
3522BG,Rijnlaan,119,,
3522BH,Rijnlaan,121,,
3522BH,Rijnlaan,123,,
3522BH,Rijnlaan,125,,
3522BH,Rijnlaan,127,,
3522BH,Rijnlaan,123,A,
3522BH,Rijnlaan,125,A,
3522BS,Rijnlaan,94,,
3522BS,Rijnlaan,96,,
3522BS,Rijnlaan,98,,
3522BS,Rijnlaan,100,,
3522BS,Rijnlaan,104,,
3522BS,Rijnlaan,106,A,
3522BS,Rijnlaan,106,B,
3522BS,Rijnlaan,106,C,
3522BS,Rijnlaan,106,D,
3522BS,Rijnlaan,106,E,
3522BS,Rijnlaan,108,B,
3522BS,Rijnlaan,108,C,
3522BS,Rijnlaan,108,E,
3522BS,Rijnlaan,102,,
3522BT,Rijnlaan,122,,
3522BT,Rijnlaan,124,,
3522BT,Rijnlaan,126,,
3522BT,Rijnlaan,128,,
3522BT,Rijnlaan,110,,
3522BT,Rijnlaan,110,B,
3522BT,Rijnlaan,112,,
3522BT,Rijnlaan,112,B,
3522BT,Rijnlaan,114,A,
3522BT,Rijnlaan,114,,
3522BT,Rijnlaan,116,,
3522BT,Rijnlaan,116,A,
3522BT,Rijnlaan,118,,
3522BT,Rijnlaan,118,A,
3522BT,Rijnlaan,120,A,
3522BT,Rijnlaan,120,B,
3522BV,Rijnlaan,130,,
3522BV,Rijnlaan,132,,
3522TG,Maasstraat,39,,
3522TG,Maasstraat,41,,
3522TG,Maasstraat,43,,
3522TG,Maasstraat,47,,
3522TG,Maasstraat,49,,
3522TJ,Maasstraat,36,,
3522TJ,Maasstraat,40,,
3522TJ,Maasstraat,42,,
3522TJ,Maasstraat,46,,
3522TJ,Maasstraat,48,,
3522TJ,Maasstraat,52,,
3522TJ,Maasstraat,54,,
3522TJ,Maasstraat,58,,
3522TJ,Maasstraat,36,A,
3522TJ,Maasstraat,40,A,
3522TJ,Maasstraat,42,A,
3522AD,Croesestraat,81,,
3522AD,Croesestraat,83,,
3522AD,Croesestraat,85,,
3522AD,Croesestraat,87,,
3522AD,Croesestraat,91,,
3522AD,Croesestraat,93,,
3522AD,Croesestraat,97,,
3522AD,Croesestraat,99,,
3522AD,Croesestraat,103,,
3522AD,Croesestraat,105,,
3522AD,Croesestraat,109,,
3522AD,Croesestraat,111,,
3522AD,Croesestraat,115,,
3522AD,Croesestraat,117,,
3522AD,Croesestraat,119,,
3522AD,Croesestraat,123,,
3522AD,Croesestraat,125,,
3522AD,Croesestraat,129,,
3522AD,Croesestraat,131,,
3522AD,Croesestraat,135,,
3522AD,Croesestraat,161,,
3522AD,Croesestraat,163,,
3522AD,Croesestraat,137,,
3522AD,Croesestraat,139,,
3522AD,Croesestraat,141,,
3522AD,Croesestraat,143,,
3522AD,Croesestraat,145,,
3522AD,Croesestraat,147,,
3522AD,Croesestraat,149,,
3522AD,Croesestraat,151,,
3522AD,Croesestraat,153,,
3522AD,Croesestraat,155,,
3522AD,Croesestraat,157,,
3522AD,Croesestraat,159,,
3522TL,Lingestraat,1,,
3522TL,Lingestraat,5,,
3522TL,Lingestraat,7,,
3522TL,Lingestraat,11,,
3522TL,Lingestraat,13,,
3522TL,Lingestraat,17,,
3522TL,Lingestraat,19,,
3522TL,Lingestraat,27,,
3522TL,Lingestraat,29,,
3522TL,Lingestraat,31,,
3522TL,Lingestraat,35,,
3522TL,Lingestraat,37,,
3522TL,Lingestraat,41,,
3522TL,Lingestraat,43,,
3522TL,Lingestraat,47,,
3522TL,Lingestraat,49,,
3522TL,Lingestraat,53,,
3522TL,Lingestraat,55,,
3522TL,Lingestraat,59,,
3522PR,Grevelingenstraat,2,A,
3522DG,Reyer Anslostraat,37,,
3522DG,Reyer Anslostraat,39,,
3522DG,Reyer Anslostraat,41,,
3522DG,Reyer Anslostraat,43,,
3522DG,Reyer Anslostraat,45,,
3522DG,Reyer Anslostraat,47,,
3522DG,Reyer Anslostraat,49,,
3522DG,Reyer Anslostraat,51,,
3522DG,Reyer Anslostraat,53,,
3522DG,Reyer Anslostraat,55,,
3522DG,Reyer Anslostraat,57,,
3522DG,Reyer Anslostraat,59,,
3522DG,Reyer Anslostraat,61,,
3522DG,Reyer Anslostraat,63,,
3522DG,Reyer Anslostraat,65,,
3522DG,Reyer Anslostraat,67,,
3522DG,Reyer Anslostraat,69,,
3522DG,Reyer Anslostraat,71,,
3522DG,Reyer Anslostraat,73,,
3522DH,Reyer Anslostraat,75,,
3522DH,Reyer Anslostraat,79,,
3522DH,Reyer Anslostraat,81,,
3522DH,Reyer Anslostraat,85,,
3522DH,Reyer Anslostraat,87,,
3522DH,Reyer Anslostraat,91,,
3522DH,Reyer Anslostraat,93,,
3522DH,Reyer Anslostraat,97,,
3522DH,Reyer Anslostraat,99,,
3522DH,Reyer Anslostraat,101,,
3522DH,Reyer Anslostraat,103,,
3522DH,Reyer Anslostraat,107,,
3522DH,Reyer Anslostraat,109,,
3522DJ,Reyer Anslostraat,2,,
3522DJ,Reyer Anslostraat,6,,
3522DJ,Reyer Anslostraat,8,,
3522DJ,Reyer Anslostraat,12,,
3522DJ,Reyer Anslostraat,14,,
3522DJ,Reyer Anslostraat,18,,
3522DJ,Reyer Anslostraat,20,,
3522DJ,Reyer Anslostraat,24,,
3522DJ,Reyer Anslostraat,26,,
3522DJ,Reyer Anslostraat,30,,
3522DJ,Reyer Anslostraat,32,,
3522DJ,Reyer Anslostraat,36,,
3522DJ,Reyer Anslostraat,38,,
3522DJ,Reyer Anslostraat,42,,
3522DJ,Reyer Anslostraat,44,,
3522DJ,Reyer Anslostraat,48,,
3522DJ,Reyer Anslostraat,50,,
3522DJ,Reyer Anslostraat,54,,
3522DJ,Reyer Anslostraat,56,,
3522DK,Reyer Anslostraat,66,,
3522DK,Reyer Anslostraat,68,,
3522DK,Reyer Anslostraat,70,,
3522DK,Reyer Anslostraat,72,,
3522DK,Reyer Anslostraat,74,,
3522DK,Reyer Anslostraat,76,,
3522DK,Reyer Anslostraat,78,,
3522DK,Reyer Anslostraat,82,,
3522DK,Reyer Anslostraat,84,,
3522DK,Reyer Anslostraat,88,,
3522DK,Reyer Anslostraat,90,,
3522DK,Reyer Anslostraat,94,,
3522DK,Reyer Anslostraat,96,,
3522DK,Reyer Anslostraat,100,,
3522DK,Reyer Anslostraat,102,,
3522DK,Reyer Anslostraat,60,,
3522DK,Reyer Anslostraat,62,,
3522DD,Pieter Bernagiestraat,2,,
3522DD,Pieter Bernagiestraat,4,,
3522AW,Amaliastraat,56,B,
3522HA,Jutfaseweg,6,,
3522HA,Jutfaseweg,6,A,
3522HA,Jutfaseweg,5,A,
3522HA,Jutfaseweg,5,B,
3522HA,Jutfaseweg,2,A,
3522HA,Jutfaseweg,2,B,
3522HA,Jutfaseweg,2,D,
3522HA,Jutfaseweg,2,E,
3522HA,Jutfaseweg,2,H,
3522HA,Jutfaseweg,3,A,
3522HA,Jutfaseweg,3,C,
3522HA,Jutfaseweg,3,D,
3522HA,Jutfaseweg,3,E,
3522HA,Jutfaseweg,2,,
3522HB,Jutfaseweg,10,,
3522HB,Jutfaseweg,10,A,
3522HB,Jutfaseweg,10,C,
3522HB,Jutfaseweg,10,D,
3522HD,Jutfaseweg,37,,
3522HD,Jutfaseweg,38,,
3522HK,Jutfaseweg,130,A,
3522HK,Jutfaseweg,131,,
3522HK,Jutfaseweg,133,,
3522HL,Jutfaseweg,134,,
3522HL,Jutfaseweg,136,,
3522HP,Jutfaseweg,178,,
3522HS,Jutfaseweg,223,B,
3522DL,Jacob Westerbaenstraat,2,,
3522DL,Jacob Westerbaenstraat,4,,
3522DL,Jacob Westerbaenstraat,6,,
3522DL,Jacob Westerbaenstraat,8,,
3522DL,Jacob Westerbaenstraat,10,,
3522DL,Jacob Westerbaenstraat,12,,
3522DL,Jacob Westerbaenstraat,14,,
3522DL,Jacob Westerbaenstraat,16,,
3522DL,Jacob Westerbaenstraat,18,,
3522DL,Jacob Westerbaenstraat,20,,
3522DL,Jacob Westerbaenstraat,22,,
3522DL,Jacob Westerbaenstraat,24,,
3522DL,Jacob Westerbaenstraat,26,,
3522DL,Jacob Westerbaenstraat,28,,
3522DL,Jacob Westerbaenstraat,30,,
3522DL,Jacob Westerbaenstraat,32,,
3522DL,Jacob Westerbaenstraat,34,,
3522DL,Jacob Westerbaenstraat,36,,
3522DL,Jacob Westerbaenstraat,38,,
3522DL,Jacob Westerbaenstraat,40,,
3522DL,Jacob Westerbaenstraat,42,,
3522DL,Jacob Westerbaenstraat,44,,
3522DL,Jacob Westerbaenstraat,48,,
3522DL,Jacob Westerbaenstraat,50,,
3522DL,Jacob Westerbaenstraat,54,,
3522DL,Jacob Westerbaenstraat,56,,
3522DL,Jacob Westerbaenstraat,58,,
3522DL,Jacob Westerbaenstraat,62,,
3522DM,Jacob Westerbaenstraat,9,,
3522HV,Mijdrechtstraat,73,B,
3522HV,Mijdrechtstraat,75,,
3522SV,Waalstraat,142,,
3522SV,Waalstraat,144,,
3522SV,Waalstraat,146,,
3522SV,Waalstraat,150,,
3522SV,Waalstraat,152,,
3522SV,Waalstraat,156,A,
3522SV,Waalstraat,156,B,
3522SV,Waalstraat,156,D,
3522SV,Waalstraat,156,E,
3522SV,Waalstraat,158,,
3521GD,Vondellaan,10,,
3521GD,Vondellaan,12,,
3521GD,Vondellaan,16,,
3521GD,Vondellaan,18,,
3521GD,Vondellaan,22,,
3521GD,Vondellaan,24,,
3521GH,Vondellaan,28,,
3521GH,Vondellaan,32,,
3521GH,Vondellaan,36,,
3521GH,Vondellaan,38,,
3521GH,Vondellaan,40,,
3521GH,Vondellaan,44,,
3521GH,Vondellaan,46,,
3521GH,Vondellaan,50,,
3521GH,Vondellaan,52,,
3521GH,Vondellaan,56,,
3521GH,Vondellaan,58,,
3521GH,Vondellaan,62,,
3521GH,Vondellaan,64,,
3521GH,Vondellaan,68,,
3521GH,Vondellaan,70,,
3521GH,Vondellaan,74,,
3521GH,Vondellaan,76,,
3521GH,Vondellaan,78,,
3521GH,Vondellaan,82,,
3521GH,Vondellaan,84,,
3521GH,Vondellaan,88,,
3521GH,Vondellaan,90,,
3521GH,Vondellaan,94,,
3521GH,Vondellaan,96,,
3521GH,Vondellaan,100,,
3521GH,Vondellaan,102,,
3521GH,Vondellaan,106,,
3521GH,Vondellaan,108,,
3521GH,Vondellaan,110,,
3521GH,Vondellaan,112,,
3521GH,Vondellaan,114,,
3521GH,Vondellaan,116,,
3521GH,Vondellaan,118,,
3521GH,Vondellaan,120,,
3521GH,Vondellaan,122,,
3521GH,Vondellaan,124,,
3521GH,Vondellaan,126,,
3521GH,Vondellaan,128,,
3521GH,Vondellaan,130,,
3521GH,Vondellaan,132,,
3521GH,Vondellaan,134,,
3521GH,Vondellaan,136,,
3521GH,Vondellaan,138,,
3521GH,Vondellaan,140,,
3521GH,Vondellaan,142,,
3521GH,Vondellaan,144,,
3521GH,Vondellaan,146,,
3521GH,Vondellaan,148,,
3521GH,Vondellaan,150,,
3521GH,Vondellaan,152,,
3521GH,Vondellaan,154,,
3521GH,Vondellaan,156,,
3521GH,Vondellaan,158,,
3521GH,Vondellaan,160,,
3521GH,Vondellaan,162,,
3521GH,Vondellaan,164,,
3521GH,Vondellaan,166,,
3521GH,Vondellaan,168,,
3521GH,Vondellaan,170,,
3521GH,Vondellaan,172,,
3521GH,Vondellaan,174,,
3521GH,Vondellaan,176,,
3521GZ,Vondellaan,200,,
3521GZ,Vondellaan,210,,
3521GZ,Vondellaan,212,,
3521GZ,Vondellaan,216,,
3521GZ,Vondellaan,218,,
3521GZ,Vondellaan,222,,
3521GZ,Vondellaan,224,,
3522ER,Berkelstraat,38,A,
3522ER,Berkelstraat,38,B,
3522ER,Berkelstraat,38,C,
3522ER,Berkelstraat,38,D,
3522ER,Berkelstraat,38,E,
3522ER,Berkelstraat,38,G,
3522ER,Berkelstraat,38,H,
3522ER,Berkelstraat,38,J,
3522ER,Berkelstraat,38,K,
3522ER,Berkelstraat,38,,
3522GG,Reitdiepstraat,171,,
3522GG,Reitdiepstraat,157,,
3522GG,Reitdiepstraat,159,,
3522GG,Reitdiepstraat,173,,
3522GG,Reitdiepstraat,163,,
3522GG,Reitdiepstraat,175,,
3522GG,Reitdiepstraat,167,,
3522GG,Reitdiepstraat,177,,
3522GG,Reitdiepstraat,179,,
3522GG,Reitdiepstraat,181,,
3522GG,Reitdiepstraat,57,,
3522GG,Reitdiepstraat,59,,
3522GG,Reitdiepstraat,63,,
3522GG,Reitdiepstraat,65,,
3522GG,Reitdiepstraat,69,,
3522GG,Reitdiepstraat,71,,
3522GG,Reitdiepstraat,75,,
3522GG,Reitdiepstraat,77,,
3522GG,Reitdiepstraat,79,,
3522GG,Reitdiepstraat,81,,
3522GG,Reitdiepstraat,83,,
3522GG,Reitdiepstraat,85,,
3522GG,Reitdiepstraat,87,,
3522GG,Reitdiepstraat,89,,
3522GG,Reitdiepstraat,91,,
3522GG,Reitdiepstraat,93,,
3522GG,Reitdiepstraat,99,,
3522GG,Reitdiepstraat,7,,
3522GG,Reitdiepstraat,1,,
3522GG,Reitdiepstraat,3,,
3522GG,Reitdiepstraat,9,,
3522GG,Reitdiepstraat,11,,
3522GG,Reitdiepstraat,15,,
3522GG,Reitdiepstraat,17,,
3522GG,Reitdiepstraat,21,,
3522GG,Reitdiepstraat,23,,
3522GG,Reitdiepstraat,27,,
3522GG,Reitdiepstraat,29,,
3522GG,Reitdiepstraat,31,,
3522GG,Reitdiepstraat,33,,
3522GG,Reitdiepstraat,35,,
3522GG,Reitdiepstraat,37,,
3522GG,Reitdiepstraat,39,,
3522GG,Reitdiepstraat,41,,
3522GG,Reitdiepstraat,43,,
3522GG,Reitdiepstraat,45,,
3522GG,Reitdiepstraat,47,,
3522GG,Reitdiepstraat,49,,
3522GG,Reitdiepstraat,51,,
3522GG,Reitdiepstraat,53,,
3522GG,Reitdiepstraat,55,,
3522GG,Reitdiepstraat,121,,
3522GG,Reitdiepstraat,123,,
3522BD,Rijnlaan,61,,
3522BD,Rijnlaan,65,,
3522BD,Rijnlaan,67,A,
3522BD,Rijnlaan,69,,
3522BD,Rijnlaan,71,,
3522BD,Rijnlaan,71,A,
3522BD,Rijnlaan,73,A,
3522BD,Rijnlaan,73,C,
3522BD,Rijnlaan,73,D,
3522BD,Rijnlaan,75,A,
3522BD,Rijnlaan,75,B,
3522BD,Rijnlaan,75,D,
3522BD,Rijnlaan,75,E,
3522BD,Rijnlaan,77,B,
3522BD,Rijnlaan,77,C,
3522BD,Rijnlaan,77,E,
3522BD,Rijnlaan,79,,
3522BD,Rijnlaan,79,A,
3522BE,Rijnlaan,81,A,
3522BE,Rijnlaan,83,,
3522BE,Rijnlaan,83,A,
3522BE,Rijnlaan,85,,
3522BE,Rijnlaan,85,A,
3522BE,Rijnlaan,87,,
3522BE,Rijnlaan,87,A,
3522BN,Rijnlaan,24,,
3511HC,Westerkade,33,A,
3511HC,Singelsteeg,11,,
3511HC,Singelsteeg,7,,
3511HC,Singelsteeg,9,,
3522AB,Croesestraat,47,A,
3522AB,Croesestraat,47,B,
3522AG,Croesestraat,60,A,
3522AG,Croesestraat,60,B,
3522AG,Croesestraat,54,A,
3522DE,Reyer Anslostraat,1,,
3522DE,Reyer Anslostraat,3,,
3522DE,Reyer Anslostraat,7,,
3522DE,Reyer Anslostraat,9,,
3522DE,Reyer Anslostraat,13,,
3522DE,Reyer Anslostraat,15,,
3522DE,Reyer Anslostraat,17,,
3522DE,Reyer Anslostraat,21,,
3522DE,Reyer Anslostraat,23,,
3522DE,Reyer Anslostraat,27,,
3522DE,Reyer Anslostraat,29,,
3522DE,Reyer Anslostraat,33,,
3522DE,Reyer Anslostraat,35,,
3522DA,Pieter Bernagiestraat,3,,
3522DA,Pieter Bernagiestraat,5,,
3522DA,Pieter Bernagiestraat,9,,
3522DA,Pieter Bernagiestraat,11,,
3522DA,Pieter Bernagiestraat,13,,
3522AT,Amaliastraat,63,A,
3522HB,Jutfaseweg,11,,
3522HB,Jutfaseweg,11,A,
3522HB,Jutfaseweg,11,C,
3522HB,Jutfaseweg,12,C,
3522HB,Jutfaseweg,12,A,
3522HB,Jutfaseweg,12,,
3522HB,Jutfaseweg,13,A,
3522HB,Jutfaseweg,13,B,
3522HB,Jutfaseweg,13,C,
3522HB,Jutfaseweg,14,A,
3522HB,Jutfaseweg,14,B,
3522HB,Jutfaseweg,15,,
3522HB,Jutfaseweg,15,A,
3522HB,Jutfaseweg,15,C,
3522HD,Jutfaseweg,36,,
3522HD,Jutfaseweg,36,B,
3522HD,Jutfaseweg,37,A,
3522HD,Jutfaseweg,37,C,
3522HD,Jutfaseweg,37,D,
3522HD,Jutfaseweg,37,G,
3522HD,Jutfaseweg,37,H,
3522HD,Jutfaseweg,37,J,
3522HP,Jutfaseweg,178,A,
3522HP,Jutfaseweg,178,B,
3522HP,Jutfaseweg,178,D,
3522HP,Jutfaseweg,178,E,
3522HP,Jutfaseweg,178,H,
3522HP,Jutfaseweg,178,J,
3522HP,Jutfaseweg,179,,
3522HP,Jutfaseweg,178,N,
3522HP,Jutfaseweg,178,M,
3522GL,Lekplantsoen,1,,
3522GL,Lekplantsoen,3,,
3522GL,Lekplantsoen,5,,
3522GL,Lekplantsoen,9,,
3522GL,Lekplantsoen,11,,
3522GL,Lekplantsoen,15,,
3522GL,Lekplantsoen,17,,
3522GL,Lekplantsoen,21,,
3522GL,Lekplantsoen,23,,
3522GL,Lekplantsoen,27,,
3522GL,Lekplantsoen,29,,
3522GL,Lekplantsoen,33,,
3522GL,Lekplantsoen,35,,
3522GL,Lekplantsoen,37,,
3522GL,Lekplantsoen,39,,
3522GL,Lekplantsoen,41,,
3522SW,Waalstraat,160,A,
3522SW,Waalstraat,162,A,
3522SW,Waalstraat,162,B,
3522SW,Waalstraat,162,D,
3522SW,Waalstraat,164,A,
3522SW,Waalstraat,166,A,
3522SW,Waalstraat,166,C,
3522SW,Waalstraat,166,D,
3522GR,Roerplein,10,,
3521GH,Vondellaan,178,,
3521GZ,Vondellaan,226,,
3521GZ,Vondellaan,230,,
3521GZ,Vondellaan,232,,
3521GZ,Vondellaan,234,,
3521GZ,Vondellaan,238,,
3521GZ,Vondellaan,240,,
3521GZ,Vondellaan,244,,
3521GZ,Vondellaan,246,,
3521GZ,Vondellaan,250,,
3521GZ,Vondellaan,202,,
3521GZ,Vondellaan,206,,
3522ER,Berkelstraat,40,A,
3522ER,Berkelstraat,40,B,
3522ER,Berkelstraat,40,C,
3522ER,Berkelstraat,40,D,
3522ER,Berkelstraat,40,E,
3522ER,Berkelstraat,40,G,
3522ER,Berkelstraat,40,H,
3522ER,Berkelstraat,40,J,
3522ER,Berkelstraat,40,K,
3522ER,Berkelstraat,40,L,
3522ER,Berkelstraat,40,,
3522ER,Berkelstraat,42,A,
3522ER,Berkelstraat,42,B,
3522ER,Berkelstraat,42,C,
3522ER,Berkelstraat,42,D,
3522ER,Berkelstraat,42,E,
3522ER,Berkelstraat,42,G,
3522ER,Berkelstraat,42,H,
3522BR,Rijnlaan,86,A,
3522BR,Rijnlaan,92,A,
3522BX,Rijnlaan,170,A,
3522BX,Rijnlaan,172,A,
3522TA,Westravenstraat,5,A,
3522TC,Westravenstraat,2,A,
3522TC,Westravenstraat,2,B,
3522VL,Schipbeekstraat,6,,
3522AG,Croesestraat,56,A,
3522AG,Croesestraat,56,B,
3522AG,Croesestraat,52,A,
3522EV,Geinplantsoen,22,,
3522EV,Geinplantsoen,24,,
3522EV,Geinplantsoen,26,,
3522EV,Geinplantsoen,28,,
3522EV,Geinplantsoen,30,,
3522EV,Geinplantsoen,34,,
3522EV,Geinplantsoen,36,,
3522EV,Geinplantsoen,40,,
3522EV,Geinplantsoen,42,,
3522EV,Geinplantsoen,46,,
3522EV,Geinplantsoen,48,,
3522EV,Geinplantsoen,52,,
3522EV,Geinplantsoen,54,,
3522EV,Geinplantsoen,58,,
3522EV,Geinplantsoen,60,,
3522EV,Geinplantsoen,62,,
3522KE,Giessenplein,59,A,
3522KE,Giessenplein,59,B,
3522KE,Giessenplein,59,D,
3522KE,Giessenplein,59,E,
3522KE,Giessenplein,59,H,
3522KE,Giessenplein,59,K,
3522HG,Jutfaseweg,85,A,
3522HK,Jutfaseweg,121,B,
3522HK,Jutfaseweg,121,C,
3522GA,Hoendiepstraat,7,A,
3522GA,Hoendiepstraat,7,B,
3522EC,Zijldiepstraat,6,A,
3522EC,Zijldiepstraat,6,B,
3522XG,Spuistraat,6,,
3522VG,Dommelstraat,2,,
3522VG,Dommelstraat,11,,
3522SN,Eemstraat,9,,
3522SN,Eemstraat,15,,
3522SN,Eemstraat,19,,
3522SN,Eemstraat,29,,
3522SN,Eemstraat,35,,
3522SN,Eemstraat,39,,
3522SR,Eemstraat,50,,
3522SR,Eemstraat,58,,
3522SR,Eemstraat,64,,
3522SR,Eemstraat,72,,
3522SR,Eemstraat,88,,
3522TR,Amerhof,1,B,
3522TR,Amerhof,9,,
3522TR,Amerhof,41,,
3522TR,Amerhof,45,,
3522TR,Amerhof,50,,
3522TR,Amerhof,56,,
3522XA,Beerzestraat,11,A,
3522XA,Beerzestraat,1,,
3522BN,Rijnlaan,40,A,
3511HC,Westerkade,34,A,
3511HC,Westerkade,34,E,
3522GT,Roerstraat,115,,
3522GT,Roerstraat,21,,
3522GT,Roerstraat,33,,
3522GW,Roerstraat,122,,
3522GW,Roerstraat,128,,
3522GW,Roerstraat,24,,
3522GW,Roerstraat,28,,
3522GW,Roerstraat,100,,
3522GW,Roerstraat,104,,
3522GW,Roerstraat,114,,
3522CA,Scheldestraat,15,A,
3522CG,Scheldestraat,100,,
3522CG,Scheldestraat,106,,
3522CG,Scheldestraat,76,,
3522CG,Scheldestraat,84,,
3522CG,Scheldestraat,92,,
3522VJ,Schipbeekstraat,17,,
3522VL,Schipbeekstraat,10,,
3522VL,Schipbeekstraat,26,,
3522TE,Maasstraat,3,,
3522TE,Maasstraat,9,,
3522TE,Maasstraat,13,,
3522TG,Maasstraat,33,,
3522TH,Maasstraat,18,,
3522TH,Maasstraat,26,,
3522PJ,Noordzeestraat,37,,
3522PJ,Noordzeestraat,39,,
3522PJ,Noordzeestraat,41,,
3522PJ,Noordzeestraat,43,,
3522PJ,Noordzeestraat,45,,
3522PJ,Noordzeestraat,47,,
3522PJ,Noordzeestraat,51,,
3522PJ,Noordzeestraat,53,,
3522PJ,Noordzeestraat,57,,
3522PJ,Noordzeestraat,59,,
3522PJ,Noordzeestraat,63,,
3522PJ,Noordzeestraat,65,,
3522PJ,Noordzeestraat,69,,
3522PJ,Noordzeestraat,71,,
3522PJ,Noordzeestraat,75,,
3522PJ,Noordzeestraat,77,,
3522PJ,Noordzeestraat,79,,
3522PL,Noordzeestraat,92,,
3522PL,Noordzeestraat,108,,
3522PL,Noordzeestraat,144,,
3522PL,Noordzeestraat,60,,
3522PL,Noordzeestraat,64,,
3522PL,Noordzeestraat,66,,
3522PL,Noordzeestraat,70,,
3522PL,Noordzeestraat,72,,
3522PL,Noordzeestraat,76,,
3522PL,Noordzeestraat,78,,
3522PL,Noordzeestraat,82,,
3522PL,Noordzeestraat,84,,
3522PL,Noordzeestraat,88,,
3522PL,Noordzeestraat,90,,
3522PL,Noordzeestraat,96,,
3522PL,Noordzeestraat,98,,
3522PL,Noordzeestraat,102,,
3522PL,Noordzeestraat,104,,
3522PL,Noordzeestraat,110,,
3522PL,Noordzeestraat,112,,
3522PL,Noordzeestraat,116,,
3522PL,Noordzeestraat,118,,
3522PL,Noordzeestraat,120,,
3522PL,Noordzeestraat,124,,
3522PL,Noordzeestraat,128,,
3522PL,Noordzeestraat,132,,
3522PL,Noordzeestraat,134,,
3522PL,Noordzeestraat,138,,
3522PL,Noordzeestraat,140,,
3522PL,Noordzeestraat,146,,
3522PL,Noordzeestraat,148,,
3522PL,Noordzeestraat,152,,
3522HZ,Jutfasepad,1,,
3522HZ,Jutfasepad,7,,
3522AH,Croesestraat,88,A,
3522EB,Hunzestraat,2,,
3522EB,Hunzestraat,16,,
3522EB,Hunzestraat,26,,
3522EB,Hunzestraat,34,,
3522EB,Hunzestraat,42,,
3522EB,Hunzestraat,50,,
3522EB,Hunzestraat,62,,
3522EV,Geinplantsoen,10,,
3522EV,Geinplantsoen,18,,
3522KB,Giessenplein,2,,
3522KB,Giessenplein,6,,
3522KB,Giessenplein,10,,
3522KB,Giessenplein,14,,
3522KB,Giessenplein,19,,
3522KC,Giessenplein,23,,
3522KC,Giessenplein,29,,
3522KC,Giessenplein,33,,
3522KC,Giessenplein,36,,
3522KC,Giessenplein,39,,
3522KC,Giessenplein,40,,
3522KD,Giessenplein,44,,
3522KD,Giessenplein,47,,
3522KD,Giessenplein,51,,
3522KD,Giessenplein,55,,
3522KG,Giessenplein,68,,
3522KG,Giessenplein,72,,
3522KG,Giessenplein,76,,
3522PP,Grevelingenstraat,7,,
3522PP,Grevelingenstraat,9,,
3522PP,Grevelingenstraat,11,,
3522PP,Grevelingenstraat,13,,
3522PP,Grevelingenstraat,15,,
3522PP,Grevelingenstraat,17,,
3522PP,Grevelingenstraat,19,,
3522PP,Grevelingenstraat,21,,
3522PP,Grevelingenstraat,23,,
3522PP,Grevelingenstraat,25,,
3522HK,Jutfaseweg,130,,
3522HS,Jutfaseweg,243,,
3522HS,Jutfaseweg,249,,
3522HV,Mijdrechtstraat,51,,
3522HV,Mijdrechtstraat,63,,
3522HV,Mijdrechtstraat,69,,
3522HX,Mijdrechtstraat,26,,BS
3522JS,Merwedeplantsoen,23,,
3522JS,Merwedeplantsoen,31,,
3522JS,Merwedeplantsoen,45,,
3522JZ,Merwedeplantsoen,53,,
3522JZ,Merwedeplantsoen,59,,
3522JZ,Merwedeplantsoen,65,,
3522JZ,Merwedeplantsoen,71,,
3522JZ,Merwedeplantsoen,77,,
3522JZ,Merwedeplantsoen,85,,
3522JZ,Merwedeplantsoen,95,,
3522SG,Waalstraat,151,,
3522SG,Waalstraat,153,,
3522SG,Waalstraat,155,,
3522SH,Waalstraat,239,,
3522SJ,Waalstraat,20,,
3522SJ,Waalstraat,6,,
3522SJ,Waalstraat,14,,
3522SK,Waalstraat,28,,
3522SK,Waalstraat,40,,
3522SX,Waalstraat,234,,
3522SX,Waalstraat,246,,
3522SX,Waalstraat,254,,
3522SX,Waalstraat,262,,
3522SX,Waalstraat,268,,
3522TN,Dinkelstraat,21,,
3522TN,Dinkelstraat,27,,
3522TN,Dinkelstraat,37,,
3522TN,Dinkelstraat,43,,
3522TN,Dinkelstraat,55,,
3522TP,Dinkelstraat,4,,
3522TP,Dinkelstraat,8,,
3522TP,Dinkelstraat,12,,
3522TP,Dinkelstraat,18,,
3522TP,Dinkelstraat,24,,
3521GA,Vondellaan,1,C,
3522GX,Diezestraat,11,,
3522GX,Diezestraat,17,,
3522GZ,Diezestraat,14,,
3522GZ,Diezestraat,20,,
3522GZ,Diezestraat,24,,
3522SP,Eemstraat,16,,
3522SP,Eemstraat,38,,
3522RP,Alblasstraat,3,,
3522RP,Alblasstraat,13,,
3522RP,Alblasstraat,15,,
3522RP,Alblasstraat,17,,
3522RP,Alblasstraat,25,,
3522RR,Alblasstraat,4,,BSA
3522RR,Alblasstraat,6,,BS
3522RR,Alblasstraat,8,,BS
3522RR,Alblasstraat,10,,BS
3522RR,Alblasstraat,12,,
3522RR,Alblasstraat,18,,BSA
3522RR,Alblasstraat,20,,BS
3522AN,Amaliadwarsstraat,13,,
3522CP,Amstelstraat,93,,
3522CP,Amstelstraat,99,,
3521GR,Balijelaan,2,,BSA
3521GR,Balijelaan,2,A,
3521GS,Balijelaan,20,,BS
3521GS,Balijelaan,28,,
3521GT,Balijelaan,32,,
3521GT,Balijelaan,34,,BS
3521GT,Balijelaan,40,,BS
3521GT,Balijelaan,42,,
3521GV,Balijelaan,48,,BS
3521GV,Balijelaan,50,,BS
3522XA,Beerzestraat,11,,
3522XA,Beerzestraat,19,,
3522XA,Beerzestraat,27,,
3522XB,Beerzestraat,2,,
3522XB,Beerzestraat,4,,BS
3522XB,Beerzestraat,10,,BS
3522XB,Beerzestraat,14,,BS
3522XB,Beerzestraat,18,,
3522XB,Beerzestraat,20,,BS
3522EK,Berkelstraat,31,,
3522EK,Berkelstraat,39,,
3522EK,Berkelstraat,47,,
3522EK,Berkelstraat,53,,
3522EK,Berkelstraat,57,,
3522EK,Berkelstraat,63,,
3522EL,Berkelstraat,103,,
3522EL,Berkelstraat,105,A,
3522EL,Berkelstraat,65,,
3522EL,Berkelstraat,67,,
3522EL,Berkelstraat,69,,
3522EL,Berkelstraat,75,,
3522EL,Berkelstraat,83,,
3522EL,Berkelstraat,89,,
3522EL,Berkelstraat,95,,
3522EL,Berkelstraat,101,,
3522EM,Berkelstraat,139,,
3522EM,Berkelstraat,111,,
3522EM,Berkelstraat,117,,
3522EM,Berkelstraat,125,,
3522EN,Berkelstraat,149,,
3522EN,Berkelstraat,157,,
3522EN,Berkelstraat,163,,
3522EP,Berkelstraat,34,,
3522ER,Berkelstraat,44,,
3522ER,Berkelstraat,50,,
3522ER,Berkelstraat,60,,
3522ER,Berkelstraat,72,,
3522ER,Berkelstraat,78,,
3522ER,Berkelstraat,80,,BS
3522ES,Berkelstraat,108,,
3522ES,Berkelstraat,86,,
3522ES,Berkelstraat,92,,
3522ES,Berkelstraat,98,,
3522ET,Berkelstraat,142,,
3522ET,Berkelstraat,146,,
3522ET,Berkelstraat,152,,
3522ET,Berkelstraat,114,,
3522ET,Berkelstraat,120,,
3522GM,Reggestraat,1,B,
3522BA,Rijnlaan,9,,BS
3522BA,Rijnlaan,11,,
3511HC,Westerkade,34,D,
3522TD,Westravenstraat,84,,
3522GS,Roerstraat,5,,
3522GS,Roerstraat,9,,
3522GS,Roerstraat,15,,
3522GT,Roerstraat,27,,
3522GV,Roerstraat,2,,
3522GV,Roerstraat,12,,
3522GV,Roerstraat,18,,
3522CE,Scheldestraat,44,,
3522CG,Scheldestraat,68,,
3522CG,Scheldestraat,88,,
3522VJ,Schipbeekstraat,13,,
3522EG,Socrateslaan,10,,
3522EG,Socrateslaan,22,,
3522EG,Socrateslaan,36,,
3522EH,Socrateslaan,40,,
3522EH,Socrateslaan,46,,
3522EH,Socrateslaan,60,,
3522TK,Maasstraat,62,,
3522TK,Maasstraat,64,,BS
3522TK,Maasstraat,68,,
3522TK,Maasstraat,70,,BS
3522TK,Maasstraat,74,,
3522TK,Maasstraat,76,,BS
3522XS,Geleenstraat,2,,
3522XK,Merwedestraat,15,,
3522XK,Merwedestraat,21,,
3522XK,Merwedestraat,27,,
3522XK,Merwedestraat,37,,
3522XL,Merwedestraat,43,,
3522XL,Merwedestraat,49,,
3522XL,Merwedestraat,55,,
3522XL,Merwedestraat,61,,
3522XL,Merwedestraat,69,,
3522XL,Merwedestraat,77,,
3522XM,Merwedestraat,12,,
3522XM,Merwedestraat,12,A,BS
3522XN,Merwedestraat,18,,
3522XN,Merwedestraat,24,,
3522XN,Merwedestraat,30,,
3522XN,Merwedestraat,34,,
3522XN,Merwedestraat,40,,
3522XP,Merwedestraat,46,,
3522XP,Merwedestraat,52,,
3522XP,Merwedestraat,58,,
3522XP,Merwedestraat,64,,
3522AA,Croesestraat,1,,
3522AA,Croesestraat,3,,
3522AA,Croesestraat,5,,
3522AA,Croesestraat,7,,
3522AA,Croesestraat,9,,
3522AA,Croesestraat,11,,
3522AA,Croesestraat,13,,
3522AA,Croesestraat,15,,
3522AA,Croesestraat,17,,
3522AA,Croesestraat,19,,
3522AB,Croesestraat,21,,
3522AB,Croesestraat,23,,
3522AC,Croesestraat,75,,
3522AC,Croesestraat,57,,
3522AC,Croesestraat,59,,
3522AC,Croesestraat,65,,
3522AC,Croesestraat,71,,
3522AG,Croesestraat,62,,
3522AG,Croesestraat,68,,
3522AH,Croesestraat,76,,BS
3522AH,Croesestraat,78,,
3522AH,Croesestraat,80,,BS
3522AH,Croesestraat,84,,
3522AH,Croesestraat,86,,BS
3522AJ,Croesestraat,90,,
3522AJ,Croesestraat,96,,
3522AJ,Croesestraat,102,,
3522AJ,Croesestraat,108,,
3522AJ,Croesestraat,114,,
3522AJ,Croesestraat,120,,
3522AJ,Croesestraat,126,,
3522AJ,Croesestraat,132,,
3522EA,Hunzestraat,1,,
3522EB,Hunzestraat,32,,
3522EB,Hunzestraat,54,,
3522EB,Hunzestraat,7,,
3522EB,Hunzestraat,13,,
3522EB,Hunzestraat,19,,
3522TM,Lingestraat,2,A,
3522RS,Vlisthof,18,,
3522RS,Vlisthof,22,,
3522RS,Vlisthof,27,,
3522RS,Vlisthof,30,,
3522RS,Vlisthof,19,,
3522RT,Vlisthof,37,,
3522RT,Vlisthof,40,,
3522RT,Vlisthof,43,,
3522RT,Vlisthof,46,,
3522RT,Vlisthof,49,,
3522RT,Vlisthof,52,,
3522RV,Vlisthof,57,,
3522RV,Vlisthof,61,,
3522RV,Vlisthof,65,,
3522RV,Vlisthof,68,,
3522RV,Vlisthof,71,,
3522RV,Vlisthof,64,,
3522EV,Geinplantsoen,2,,
3522AK,Dollardstraat,3,,
3522KB,Giessenplein,11,,
3522KC,Giessenplein,22,,
3522PR,Grevelingenstraat,4,,
3522PR,Grevelingenstraat,6,,
3522AS,Amaliastraat,1,B,
3522AS,Amaliastraat,3,,
3522AS,Amaliastraat,9,,
3522AS,Amaliastraat,15,,
3522AS,Amaliastraat,21,,
3522AS,Amaliastraat,27,,
3522AT,Amaliastraat,87,,
3522AT,Amaliastraat,61,,
3522AT,Amaliastraat,67,,
3522AT,Amaliastraat,73,,
3522AT,Amaliastraat,79,,
3522AT,Amaliastraat,85,,
3522AV,Amaliastraat,6,,
3522AV,Amaliastraat,12,,
3522AV,Amaliastraat,18,,
3522AV,Amaliastraat,24,,
3522AV,Amaliastraat,30,,
3522AW,Amaliastraat,90,,
3522AW,Amaliastraat,92,,
3522AW,Amaliastraat,64,,
3522AW,Amaliastraat,70,,
3522AW,Amaliastraat,76,,
3522AW,Amaliastraat,82,,
3522HB,Jutfaseweg,22,,
3522HB,Jutfaseweg,27,,
3522HC,Jutfaseweg,30,,
3522HC,Jutfaseweg,34,,
3522HD,Jutfaseweg,40,,
3522HE,Jutfaseweg,50,,
3522HE,Jutfaseweg,52,,
3522HE,Jutfaseweg,56,,
3522HE,Jutfaseweg,60,,
3522HE,Jutfaseweg,66,,
3522HG,Jutfaseweg,79,,
3522HG,Jutfaseweg,84,,
3522HG,Jutfaseweg,89,,
3522HG,Jutfaseweg,91,,
3522HG,Jutfaseweg,71,,
3522HH,Jutfaseweg,99,,
3522HN,Jutfaseweg,174,,
3522HN,Jutfaseweg,168,,
3522HN,Jutfaseweg,176,,
3522HP,Jutfaseweg,186,,
3522HP,Jutfaseweg,190,,
3522HR,Jutfaseweg,196,,
3522HR,Jutfaseweg,199,,
3522HS,Jutfaseweg,208,C,
3522HS,Jutfaseweg,214,,
3522HS,Jutfaseweg,219,,
3522GA,Hoendiepstraat,11,,
3522GC,Hoendiepstraat,2,,BS
3522GC,Hoendiepstraat,4,,BS
3522GC,Hoendiepstraat,6,,BS
3522GC,Hoendiepstraat,8,,BS
3522GC,Hoendiepstraat,14,,
3522EC,Zijldiepstraat,5,,
3522EC,Zijldiepstraat,15,,
3522HT,Mijdrechtstraat,1,,
3522HT,Mijdrechtstraat,13,,
3522HT,Mijdrechtstraat,21,,
3522HV,Mijdrechtstraat,61,,
3522XT,Geulstraat,11,,
3522XT,Geulstraat,17,,
3522XT,Geulstraat,23,,
3522XT,Geulstraat,29,,
3522XV,Geulstraat,14,,
3522XV,Geulstraat,20,,
3522XV,Geulstraat,26,,
3522SB,Waalstraat,19,,
3522SB,Waalstraat,23,,
3522SB,Waalstraat,27,,
3522SB,Waalstraat,51,,
3522SE,Waalstraat,117,,
3522SE,Waalstraat,109,,
3522SH,Waalstraat,197,,
3522SH,Waalstraat,223,,
3522GR,Roerplein,3,,
3522GR,Roerplein,7,,
3522XG,Spuistraat,12,,
3522XJ,Spuistraat,30,,
3522XJ,Spuistraat,46,,
3522XJ,Spuistraat,64,,
3522GX,Diezestraat,3,,
3522GZ,Diezestraat,6,,
3522AP,Amaliadwarsstraat,27,,
3522AP,Amaliadwarsstraat,33,,
3522AP,Amaliadwarsstraat,39,,
3522AP,Amaliadwarsstraat,45,,
3522AP,Amaliadwarsstraat,51,,
3522AP,Amaliadwarsstraat,57,,
3522AP,Amaliadwarsstraat,63,,
3522AP,Amaliadwarsstraat,69,,
3522CL,Amstelstraat,5,,
3522CL,Amstelstraat,11,,
3522CL,Amstelstraat,17,,
3522CL,Amstelstraat,23,,
3522CL,Amstelstraat,29,,
3522CL,Amstelstraat,35,,
3522CL,Amstelstraat,41,,
3522CL,Amstelstraat,47,,
3522CL,Amstelstraat,53,,
3522CM,Amstelstraat,59,,
3522CM,Amstelstraat,61,,
3522CM,Amstelstraat,67,,
3522CM,Amstelstraat,63,A,
3522CM,Amstelstraat,69,A,
3522CR,Amstelstraat,4,,
3522CR,Amstelstraat,10,,
3522CR,Amstelstraat,12,A,
3522CR,Amstelstraat,2,A,
3522CR,Amstelstraat,8,A,
3522CS,Amstelstraat,28,A,
3522CS,Amstelstraat,30,A,
3522CS,Amstelstraat,34,,
3522CS,Amstelstraat,36,,
3522CS,Amstelstraat,40,A,
3522CS,Amstelstraat,42,A,
3522CS,Amstelstraat,18,A,
3522CS,Amstelstraat,24,A,
3522CT,Amstelstraat,46,,
3522CT,Amstelstraat,48,,
3522CT,Amstelstraat,52,A,
3522CT,Amstelstraat,54,A,
3522CT,Amstelstraat,58,,
3522CT,Amstelstraat,56,C,
3522RA,Volkerakstraat,1,,
3522RA,Volkerakstraat,5,,
3522RA,Volkerakstraat,7,,BS
3522RA,Volkerakstraat,9,,
3522RA,Volkerakstraat,15,,
3522RA,Volkerakstraat,17,,BSA
3522RB,Volkerakstraat,19,,BS
3522RB,Volkerakstraat,21,,
3522RC,Volkerakstraat,12,,
3522RC,Volkerakstraat,24,,
3522RD,Volkerakstraat,48,,
3522RD,Volkerakstraat,54,,
3522RD,Volkerakstraat,60,,
3522GM,Reggestraat,21,,
3522GM,Reggestraat,27,,
3522GM,Reggestraat,33,,
3522GM,Reggestraat,37,,
3522GN,Reggestraat,18,,
3522GN,Reggestraat,24,,
3522GP,Reggestraat,42,,
3522GP,Reggestraat,46,,
3522GP,Reggestraat,30,,
3522GP,Reggestraat,40,,
3522GH,Reitdiepstraat,2,,1
3522GH,Reitdiepstraat,4,,1
3522GH,Reitdiepstraat,8,,
3522GH,Reitdiepstraat,10,,1
3522GH,Reitdiepstraat,14,,1
3522GH,Reitdiepstraat,18,,
3522GH,Reitdiepstraat,20,,1
3522GJ,Reitdiepstraat,22,,1
3522GJ,Reitdiepstraat,24,,
3522GJ,Reitdiepstraat,26,,1
3522GJ,Reitdiepstraat,30,,
3522GJ,Reitdiepstraat,32,,1
3522GL,Reitdiepstraat,54,,
3522GL,Reitdiepstraat,58,,
3522GL,Reitdiepstraat,60,,1
3522GL,Reitdiepstraat,62,,1A
3522BA,Rijnlaan,1,,BS
3522BA,Rijnlaan,3,,BSA
3522BA,Rijnlaan,7,,BS
3522BA,Rijnlaan,17,,
3522BA,Rijnlaan,11,,BS
3522BB,Rijnlaan,21,,
3522BB,Rijnlaan,23,A,
3522BB,Rijnlaan,29,,
3522BC,Rijnlaan,45,A,
3522BC,Rijnlaan,47,,
3522BC,Rijnlaan,47,A,BS
3522BC,Rijnlaan,49,A,
3522BC,Rijnlaan,51,,
3522BC,Rijnlaan,51,A,BS
3522BC,Rijnlaan,53,,BS
3522BC,Rijnlaan,55,,
3522BC,Rijnlaan,57,,BS
3522BE,Rijnlaan,89,A,
3522BH,Rijnlaan,133,,
3522BH,Rijnlaan,135,,BS
3522BH,Rijnlaan,139,,BS
3522BJ,Rijnlaan,141,,BS
3522BJ,Rijnlaan,145,,
3522BJ,Rijnlaan,147,,
3522BJ,Rijnlaan,149,,
3522BJ,Rijnlaan,155,,BS
3522BJ,Rijnlaan,157,,
3522BK,Rijnlaan,181,,
3522BL,Rijnlaan,191,,
3522BL,Rijnlaan,197,,
3522BL,Rijnlaan,203,,
3522BL,Rijnlaan,209,,
3522BL,Rijnlaan,213,,
3522BL,Rijnlaan,219,,
3522BL,Rijnlaan,225,,
3522BL,Rijnlaan,231,,
3522BM,Rijnlaan,241,,
3522BM,Rijnlaan,247,,
3522BM,Rijnlaan,271,,
3522BN,Rijnlaan,6,,
3522BN,Rijnlaan,14,,
3522BN,Rijnlaan,20,,
3522BN,Rijnlaan,26,,
3522BN,Rijnlaan,28,,
3522BN,Rijnlaan,30,,BS
3522BP,Rijnlaan,62,,
3522BP,Rijnlaan,68,,
3522BR,Rijnlaan,80,,BS
3522BR,Rijnlaan,86,,
3522BS,Rijnlaan,108,A,
3522BS,Rijnlaan,108,D,
3522BT,Rijnlaan,110,A,
3522BT,Rijnlaan,112,A,
3522BT,Rijnlaan,114,B,
3522BT,Rijnlaan,116,B,
3522BT,Rijnlaan,118,B,
3522BW,Rijnlaan,150,,BS
3522BW,Rijnlaan,152,,BS
3522BW,Rijnlaan,154,,
3522BX,Rijnlaan,184,,
3522BX,Rijnlaan,188,,
3522BX,Rijnlaan,194,,
3522BX,Rijnlaan,200,,
3522BX,Rijnlaan,206,,
3522BZ,Rijnlaan,216,,
3522BZ,Rijnlaan,222,,
3522BZ,Rijnlaan,228,,
3522BZ,Rijnlaan,234,,
3522BZ,Rijnlaan,238,,
3522BZ,Rijnlaan,244,,
3522BZ,Rijnlaan,250,,
3511HC,Westerkade,37,,BSA
3511HC,Westerkade,27,,
3511HC,Westerkade,29,,
3511HC,Westerkade,32,,
3511HC,Westerkade,35,,
3511HC,Westerkade,36,,BS
3522TA,Westravenstraat,19,,
3522TA,Westravenstraat,25,,
3522TB,Westravenstraat,43,,
3522TB,Westravenstraat,49,,
3522TB,Westravenstraat,55,,
3522TB,Westravenstraat,61,,
3522TB,Westravenstraat,67,,
3522TB,Westravenstraat,31,,
3522TB,Westravenstraat,33,,
3522TB,Westravenstraat,39,,
3522TC,Westravenstraat,22,,
3522TC,Westravenstraat,28,,
3522TD,Westravenstraat,38,,
3522TD,Westravenstraat,44,,
3522TD,Westravenstraat,50,,
3522TD,Westravenstraat,56,,
3522VA,Zaanstraat,2,,
3522VA,Zaanstraat,5,,
3522VA,Zaanstraat,8,,
3522VA,Zaanstraat,12,,
3522RE,Runstraat,9,,
3522RE,Runstraat,13,,
3522RE,Runstraat,19,,
3522RE,Runstraat,25,,
3522RE,Runstraat,31,,
3522RG,Runstraat,37,,
3522RH,Runstraat,4,,
3522RH,Runstraat,6,,
3522RH,Runstraat,16,,
3522RH,Runstraat,22,,
3522RH,Runstraat,28,,
3522RJ,Runstraat,34,,
3522RJ,Runstraat,40,,
3522CA,Scheldestraat,1,,BSA
3522CA,Scheldestraat,3,,BS
3522CC,Scheldestraat,57,,
3522CC,Scheldestraat,65,,
3522CD,Scheldestraat,14,,
3522CD,Scheldestraat,20,,
3522VJ,Schipbeekstraat,21,,
3522VJ,Schipbeekstraat,27,,
3522VJ,Schipbeekstraat,31,,
3522VK,Schipbeekstraat,39,,
3522VK,Schipbeekstraat,43,,
3522VK,Schipbeekstraat,49,,
3522VK,Schipbeekstraat,55,,
3522VL,Schipbeekstraat,36,,
3522VM,Schipbeekstraat,46,,
3522VM,Schipbeekstraat,52,,
3522VM,Schipbeekstraat,60,,
3522VM,Schipbeekstraat,66,,
3522ED,Socrateslaan,1,,
3522ED,Socrateslaan,7,,
3522ED,Socrateslaan,13,,
3522ED,Socrateslaan,19,,
3522ED,Socrateslaan,25,,
3522ED,Socrateslaan,31,,
3522EE,Socrateslaan,37,,
3522TG,Maasstraat,55,,
3522TG,Maasstraat,37,,
3522TJ,Maasstraat,38,,
3522TJ,Maasstraat,44,,
3522TJ,Maasstraat,50,,
3522TJ,Maasstraat,56,,
3522TJ,Maasstraat,38,A,
3522TJ,Maasstraat,46,A,
3522TJ,Maasstraat,56,A,
3522PK,Noordzeestraat,6,,
3522PK,Noordzeestraat,12,,
3522CH,Gouwestraat,13,,
3522CH,Gouwestraat,19,,
3522CH,Gouwestraat,25,,
3522CH,Gouwestraat,31,,
3522CJ,Gouwestraat,16,,
3522CJ,Gouwestraat,22,,
3522CJ,Gouwestraat,28,,
3522CJ,Gouwestraat,34,,
3522CJ,Gouwestraat,40,,
3522CK,Gouwestraat,46,,
3522CK,Gouwestraat,52,,
3522JW,IJsselstraat,13,,
3522JW,IJsselstraat,19,,
3522JW,IJsselstraat,23,,
3522JW,IJsselstraat,29,,
3522JW,IJsselstraat,35,,
3522JW,IJsselstraat,41,,
3522JX,IJsselstraat,16,,
3522JX,IJsselstraat,26,,
3522JX,IJsselstraat,32,,
3522JX,IJsselstraat,38,,
3522JX,IJsselstraat,44,,
3522TL,Lingestraat,3,,
3522TL,Lingestraat,9,,
3522TL,Lingestraat,15,,
3522TL,Lingestraat,23,,
3522TL,Lingestraat,33,,
3522TL,Lingestraat,39,,
3522TL,Lingestraat,45,,
3522TL,Lingestraat,51,,
3522TL,Lingestraat,57,,
3522TM,Lingestraat,8,,
3522TM,Lingestraat,14,,
3522TM,Lingestraat,20,,
3522TM,Lingestraat,26,,
3522VB,Spaarnestraat,13,,
3522VB,Spaarnestraat,19,,
3522VC,Spaarnestraat,61,,
3522VD,Spaarnestraat,16,,
3522VD,Spaarnestraat,22,,
3522AK,Dollardstraat,5,,
3522AK,Dollardstraat,11,,
3522AK,Dollardstraat,17,,
3522AK,Dollardstraat,23,,
3522AK,Dollardstraat,29,,
3522AK,Dollardstraat,35,,
3522AK,Dollardstraat,39,,
3522AK,Dollardstraat,45,,
3522AK,Dollardstraat,51,,
3522AL,Dollardstraat,4,,
3522AL,Dollardstraat,10,,
3522AL,Dollardstraat,16,,
3522AM,Dollardstraat,22,,
3522AM,Dollardstraat,28,,
3522AM,Dollardstraat,34,,
3522AM,Dollardstraat,40,,
3522AM,Dollardstraat,46,,
3522AM,Dollardstraat,50,,
3522AM,Dollardstraat,56,,
3522AM,Dollardstraat,62,,
3522AM,Dollardstraat,68,,
3522AM,Dollardstraat,74,,
3522AM,Dollardstraat,80,,
3522PN,Grebbestraat,16,,
3522PN,Grebbestraat,22,,
3522PN,Grebbestraat,28,,
3522PN,Grebbestraat,34,,
3522PN,Grebbestraat,40,,
3522PN,Grebbestraat,46,,
3522PN,Grebbestraat,56,,
3522PC,Wielingenplein,2,,
3522PC,Wielingenplein,5,,
3522PC,Wielingenplein,7,,
3522PC,Wielingenplein,10,,
3522PC,Wielingenplein,13,,
3522PC,Wielingenplein,16,,
3522PC,Wielingenplein,19,,
3522PD,Wielingenplein,22,,
3522PD,Wielingenplein,25,,
3522PE,Wielingenplein,44,,
3522PE,Wielingenplein,47,,
3522PE,Wielingenplein,50,,
3522PE,Wielingenplein,42,,
3522PA,Zijpestraat,1,,
3522PA,Zijpestraat,7,,
3522PA,Zijpestraat,15,,
3522PA,Zijpestraat,21,,
3522DK,Reyer Anslostraat,80,,
3522DA,Pieter Bernagiestraat,15,,
3522DA,Pieter Bernagiestraat,21,,
3522DA,Pieter Bernagiestraat,27,,
3522DB,Pieter Bernagiestraat,33,,
3522DB,Pieter Bernagiestraat,39,,
3522DB,Pieter Bernagiestraat,45,,
3522DB,Pieter Bernagiestraat,51,,
3522DB,Pieter Bernagiestraat,59,,
3522DC,Pieter Bernagiestraat,65,,
3522DC,Pieter Bernagiestraat,71,,
3522DC,Pieter Bernagiestraat,77,,
3522DC,Pieter Bernagiestraat,83,,
3522HA,Jutfaseweg,4,,
3522HA,Jutfaseweg,7,A,
3522HA,Jutfaseweg,5,C,
3522HA,Jutfaseweg,2,C,
3522HA,Jutfaseweg,2,G,
3522HA,Jutfaseweg,3,B,
3522HA,Jutfaseweg,3,G,
3522HB,Jutfaseweg,10,B,
3522HK,Jutfaseweg,132,,
3522HL,Jutfaseweg,135,,
3522HS,Jutfaseweg,223,A,
3522GB,Hoendiepstraat,47,,
3522GE,Hoendiepstraat,50,,
3522EC,Zijldiepstraat,4,,
3522EC,Zijldiepstraat,8,,
3522EC,Zijldiepstraat,10,,
3522JT,Zuiderzeestraat,3,,
3522JT,Zuiderzeestraat,9,,
3522JV,Zuiderzeestraat,6,,
3522DM,Jacob Westerbaenstraat,5,,
3522JA,Merwedekade,131,,BS
3522JA,Merwedekade,132,,BS
3522JA,Merwedekade,133,,BS
3522JA,Merwedekade,135,,
3522JA,Merwedekade,137,,
3522JA,Merwedekade,139,,
3522JB,Merwedekade,141,,
3522JB,Merwedekade,142,,BS
3522JC,Merwedekade,161,,BS
3522JD,Merwedekade,163,,
3522JD,Merwedekade,164,,BS
3522JD,Merwedekade,166,,
3522JD,Merwedekade,167,,BS
3522JD,Merwedekade,169,,BS
3522JE,Merwedekade,171,,
3522JE,Merwedekade,172,,BS
3522JE,Merwedekade,174,,
3522JE,Merwedekade,175,,BS
3522JE,Merwedekade,177,,BS
3522JE,Merwedekade,179,,
3522JG,Merwedekade,186,,
3522JG,Merwedekade,187,,BS
3522JG,Merwedekade,180,,BS
3522JG,Merwedekade,182,,
3522JG,Merwedekade,183,,BS
3522JH,Merwedekade,189,,BS
3522JH,Merwedekade,191,,
3522JH,Merwedekade,192,,BS
3522JH,Merwedekade,194,,
3522JH,Merwedekade,195,,BS
3522JK,Merwedekade,215,,BS
3522JL,Merwedekade,218,,
3522JL,Merwedekade,221,,
3522JM,Merwedekade,226,,BSA
3522JM,Merwedekade,227,,BSA
3522JM,Merwedekade,229,,
3522JM,Merwedekade,222,,BS2
3522JM,Merwedekade,224,,
3522JM,Merwedekade,225,,
3522JM,Merwedekade,226,,
3522JN,Merwedekade,230,,
3522JN,Merwedekade,231,,
3522JN,Merwedekade,232,,
3522JN,Merwedekade,233,,
3522JN,Merwedekade,236,,
3522JN,Merwedekade,239,,
3522JP,Merwedekade,242,,
3522JP,Merwedekade,246,,
3522JP,Merwedekade,252,,
3522JP,Merwedekade,255,,
3522JP,Merwedekade,258,,
3522JR,Merwedekade,261,,
3522JR,Merwedekade,264,,
3522HV,Mijdrechtstraat,73,A,
3522HX,Mijdrechtstraat,44,,
3522HX,Mijdrechtstraat,50,,
3522HX,Mijdrechtstraat,56,,
3522HX,Mijdrechtstraat,62,,
3522HX,Mijdrechtstraat,68,,
3522SV,Waalstraat,140,,
3522SV,Waalstraat,148,,
3522SV,Waalstraat,154,,
3522SV,Waalstraat,156,C,
3522SV,Waalstraat,156,G,
3522XC,Spuistraat,1,A,
3522XC,Spuistraat,5,A,
3522XD,Spuistraat,9,,
3522XD,Spuistraat,15,,
3522XD,Spuistraat,21,,
3522XD,Spuistraat,27,,
3522XE,Spuistraat,33,,
3522XE,Spuistraat,41,,
3522XE,Spuistraat,47,,
3521GA,Vondellaan,1,,BSA
3521GA,Vondellaan,3,,BSA
3521GA,Vondellaan,5,,BS
3521GA,Vondellaan,7,,BS
3521GA,Vondellaan,9,,BS
3521GA,Vondellaan,11,,BS
3521GA,Vondellaan,13,,BS
3522RK,Nieuwravenstraat,7,,
3522RK,Nieuwravenstraat,9,,
3522RK,Nieuwravenstraat,11,,
3522RK,Nieuwravenstraat,13,,
3522RL,Nieuwravenstraat,15,,
3522RL,Nieuwravenstraat,17,,
3522RL,Nieuwravenstraat,19,,BS
3522RL,Nieuwravenstraat,21,,BS
3522RL,Nieuwravenstraat,23,,BS
3522RM,Nieuwravenstraat,8,,
3522RM,Nieuwravenstraat,10,,
3522RM,Nieuwravenstraat,12,,
3522RM,Nieuwravenstraat,14,,
3522RN,Nieuwravenstraat,16,,
3522RN,Nieuwravenstraat,18,,BS
3522RN,Nieuwravenstraat,20,,BS
3522RN,Nieuwravenstraat,22,,BS
3522GG,Reitdiepstraat,5,,
3522GG,Reitdiepstraat,13,,
3522GG,Reitdiepstraat,19,,
3522GG,Reitdiepstraat,25,,
3522GG,Reitdiepstraat,161,,
3522GG,Reitdiepstraat,165,,
3522GG,Reitdiepstraat,169,,
3522GG,Reitdiepstraat,61,,
3522GG,Reitdiepstraat,67,,
3522GG,Reitdiepstraat,73,,
3522BD,Rijnlaan,67,,
3522BD,Rijnlaan,69,A,
3522BD,Rijnlaan,73,B,
3522BD,Rijnlaan,73,E,
3522BD,Rijnlaan,75,C,
3522BD,Rijnlaan,77,A,
3522BD,Rijnlaan,77,D,
3522BE,Rijnlaan,81,,
3522BK,Rijnlaan,175,B,
3522BK,Rijnlaan,175,A,
3522BN,Rijnlaan,26,A,
3522BN,Rijnlaan,40,B,
3522BR,Rijnlaan,76,,
3511HC,Westerkade,33,B,
3522TA,Westravenstraat,5,B,
3522PJ,Noordzeestraat,49,,
3522PJ,Noordzeestraat,55,,
3522PJ,Noordzeestraat,61,,
3522PJ,Noordzeestraat,67,,
3522PJ,Noordzeestraat,73,,
3522PJ,Noordzeestraat,81,,
3522PL,Noordzeestraat,126,,
3522PL,Noordzeestraat,62,,
3522PL,Noordzeestraat,68,,
3522PL,Noordzeestraat,74,,
3522PL,Noordzeestraat,80,,
3522PL,Noordzeestraat,86,,
3522PL,Noordzeestraat,94,,
3522PL,Noordzeestraat,100,,
3522PL,Noordzeestraat,106,,
3522PL,Noordzeestraat,114,,
3522PL,Noordzeestraat,122,,
3522PL,Noordzeestraat,130,,
3522PL,Noordzeestraat,136,,
3522PL,Noordzeestraat,142,,
3522PL,Noordzeestraat,150,,
3522CH,Gouwestraat,33,B,
3522CH,Gouwestraat,33,A,
3522CH,Gouwestraat,33,,
3522AA,Croesestraat,1,A,
3522AB,Croesestraat,47,C,
3522AB,Croesestraat,47,,
3522AD,Croesestraat,89,,
3522AD,Croesestraat,95,,
3522AD,Croesestraat,101,,
3522AD,Croesestraat,107,,
3522AD,Croesestraat,113,,
3522AD,Croesestraat,121,,
3522AD,Croesestraat,127,,
3522AD,Croesestraat,133,,
3522AG,Croesestraat,54,B,
3522AG,Croesestraat,52,B,
3522EV,Geinplantsoen,32,,
3522EV,Geinplantsoen,38,,
3522EV,Geinplantsoen,44,,
3522EV,Geinplantsoen,50,,
3522EV,Geinplantsoen,50,,
3522EV,Geinplantsoen,56,,
3522EV,Geinplantsoen,64,,
3522KE,Giessenplein,59,C,
3522KE,Giessenplein,59,G,
3522DE,Reyer Anslostraat,5,,
3522DE,Reyer Anslostraat,11,,
3522DE,Reyer Anslostraat,19,,
3522DE,Reyer Anslostraat,25,,
3522DE,Reyer Anslostraat,31,,
3522DH,Reyer Anslostraat,77,,
3522DH,Reyer Anslostraat,83,,
3522DH,Reyer Anslostraat,89,,
3522DH,Reyer Anslostraat,95,,
3522DH,Reyer Anslostraat,105,,
3522DH,Reyer Anslostraat,111,,
3522DJ,Reyer Anslostraat,4,,
3522DJ,Reyer Anslostraat,10,,
3522DJ,Reyer Anslostraat,16,,
3522DJ,Reyer Anslostraat,22,,
3522DJ,Reyer Anslostraat,28,,
3522DJ,Reyer Anslostraat,34,,
3522DJ,Reyer Anslostraat,40,,
3522DJ,Reyer Anslostraat,46,,
3522DJ,Reyer Anslostraat,52,,
3522DJ,Reyer Anslostraat,58,,
3522DK,Reyer Anslostraat,86,,
3522DK,Reyer Anslostraat,92,,
3522DK,Reyer Anslostraat,98,,
3522DK,Reyer Anslostraat,64,,
3522DA,Pieter Bernagiestraat,1,,
3522DA,Pieter Bernagiestraat,7,,
3522AT,Amaliastraat,63,B,
3522AT,Amaliastraat,53,A,
3522AT,Amaliastraat,53,,
3522AW,Amaliastraat,56,A,
3522HB,Jutfaseweg,11,B,
3522HB,Jutfaseweg,12,B,
3522HB,Jutfaseweg,13,,
3522HB,Jutfaseweg,14,,
3522HB,Jutfaseweg,14,C,
3522HB,Jutfaseweg,15,B,
3522HD,Jutfaseweg,36,A,
3522HD,Jutfaseweg,37,B,
3522HD,Jutfaseweg,37,E,
3522HG,Jutfaseweg,85,B,
3522HK,Jutfaseweg,121,A,
3522HP,Jutfaseweg,178,P,
3522HP,Jutfaseweg,178,C,
3522HP,Jutfaseweg,178,G,
3522HP,Jutfaseweg,178,K,
3522HS,Jutfaseweg,231,,
3522GL,Lekplantsoen,7,,
3522GL,Lekplantsoen,13,,
3522GL,Lekplantsoen,19,,
3522GL,Lekplantsoen,25,,
3522GL,Lekplantsoen,31,,
3522DL,Jacob Westerbaenstraat,46,,
3522DL,Jacob Westerbaenstraat,52,,
3522DL,Jacob Westerbaenstraat,60,,
3522SC,Waalstraat,75,,
3522SW,Waalstraat,160,B,
3522SW,Waalstraat,162,C,
3522SW,Waalstraat,166,B,
3522SW,Waalstraat,164,B,
3521GD,Vondellaan,8,,
3521GD,Vondellaan,14,,
3521GD,Vondellaan,20,,
3521GH,Vondellaan,26,,
3521GH,Vondellaan,34,,
3521GH,Vondellaan,42,,
3521GH,Vondellaan,48,,
3521GH,Vondellaan,54,,
3521GH,Vondellaan,60,,
3521GH,Vondellaan,66,,
3521GH,Vondellaan,72,,
3521GH,Vondellaan,80,,
3521GH,Vondellaan,86,,
3521GH,Vondellaan,92,,
3521GH,Vondellaan,98,,
3521GH,Vondellaan,104,,
3521GZ,Vondellaan,208,,
3521GZ,Vondellaan,214,,
3521GZ,Vondellaan,220,,
3521GZ,Vondellaan,228,,
3521GZ,Vondellaan,236,,
3521GZ,Vondellaan,242,,
3521GZ,Vondellaan,248,,
3521GZ,Vondellaan,204,,
3521GR,Balijelaan,2,B,
3521GR,Balijelaan,2,H,
3521GR,Balijelaan,2,E,
3521GR,Balijelaan,2,G,
3521GR,Balijelaan,2,C,
3521GR,Balijelaan,2,J,
3521GR,Balijelaan,2,D,
3522BN,Rijnlaan,38,B,
3522BN,Rijnlaan,38,A,
3522BN,Rijnlaan,38,,
3522EC,Ondiep,83,,
3522EC,Ondiep,81,,
3522EC,Ondiep,79,,
3522EC,Ondiep,87,,
3522EC,Ondiep,85,,
3522XM,Merwedestraat,12,,2
3522XM,Merwedestraat,12,,1
3522AJ,Croesestraat,134,,
3522AJ,Croesestraat,134,A,
3522AJ,Croesestraat,136,A,
3522AJ,Croesestraat,136,B,
3522AJ,Croesestraat,136,D,
3522AJ,Croesestraat,136,C,
3522AJ,Croesestraat,134,B,
3522AJ,Croesestraat,134,C,
3522AJ,Croesestraat,136,,
3522KE,Giessenplein,59,B,
3522KE,Giessenplein,59,D,
3522KE,Giessenplein,59,G,
3522KE,Giessenplein,59,H,
3522DZ,Willem Sluyterstraat,3,,
3522DZ,Willem Sluyterstraat,1,,
3522AT,Amaliastraat,53,B,
3522AW,Amaliastraat,74,B,
3522AW,Amaliastraat,74,A,
3522AW,Amaliastraat,74,,
3522HD,Jutfaseweg,42,J,
3522HD,Jutfaseweg,42,H,
3522HD,Jutfaseweg,42,G,
3522HD,Jutfaseweg,42,M,
3522HD,Jutfaseweg,42,L,
3522HD,Jutfaseweg,42,K,
3522HD,Jutfaseweg,42,B,
3522HD,Jutfaseweg,42,A,
3522HD,Jutfaseweg,42,,
3522HD,Jutfaseweg,42,E,
3522HD,Jutfaseweg,42,D,
3522HD,Jutfaseweg,42,C,
3522HD,Jutfaseweg,46,,
3522HE,Jutfaseweg,63,,
3522HG,Jutfaseweg,91,A,
3522HG,Jutfaseweg,91,,
3522DM,Jacob Westerbaenstraat,5,,
3522SC,Waalstraat,73,,
3522SE,Waalstraat,93,,
3522SG,Waalstraat,179,,
3521GD,Vondellaan,2,A,
3521GH,Vondellaan,122,,
3521GH,Vondellaan,34,,
3521GH,Vondellaan,176,,
3521GH,Vondellaan,92,,
3521GH,Vondellaan,94,,
3521GH,Vondellaan,118,,
3521GH,Vondellaan,32,,
3521GH,Vondellaan,116,,
3521GR,Balijelaan,8,B,
3521GR,Balijelaan,8,C,
3521GR,Balijelaan,8,C,
3521GR,Balijelaan,8,D,
3521GR,Balijelaan,8,,
3521GR,Balijelaan,8,A,
3521GR,Balijelaan,8,A,
3521GR,Balijelaan,8,B,
3521GR,Balijelaan,2,,
3521GV,Balijelaan,52,E,
3521GV,Balijelaan,52,D,
3521GV,Balijelaan,52,C,
3521GV,Balijelaan,52,B,
3522EL,Berkelstraat,73,,
3522EL,Berkelstraat,73,A,
3522EL,Berkelstraat,73,B,
3522RA,Volkerakstraat,1,A,
3522BC,Rijnlaan,49,,2
3522BC,Rijnlaan,49,,1
3522BC,Rijnlaan,59,K,
3522BN,Rijnlaan,28,,
3522BN,Rijnlaan,28,,1
3522BP,Rijnlaan,46,A,
3522BP,Rijnlaan,46,,
3511HC,Westerkade,40,,
3511HC,Westerkade,46,,
3522AE,Croesestraat,16,B,
3522AE,Croesestraat,16,A,
3522AE,Croesestraat,16,,
3522AJ,Croesestraat,132,D,
3522AJ,Croesestraat,132,E,
3522AJ,Croesestraat,132,G,
3522AJ,Croesestraat,132,H,
3522AJ,Croesestraat,132,A,
3522AJ,Croesestraat,132,B,
3522AJ,Croesestraat,132,C,
3522AJ,Croesestraat,138,,
3522AJ,Croesestraat,138,A,
3522AJ,Croesestraat,138,B,
3522AJ,Croesestraat,138,C,
3522AJ,Croesestraat,138,D,
3522AJ,Croesestraat,138,E,
3522AJ,Croesestraat,138,G,
3522AK,Dollardstraat,3,G,
3522AK,Dollardstraat,3,E,
3522AT,Amaliastraat,51,B,
3522AT,Amaliastraat,51,A,
3522AT,Amaliastraat,51,,
3522AT,Amaliastraat,61,B,
3522AT,Amaliastraat,61,A,
3522AT,Amaliastraat,61,,
3522AW,Amaliastraat,62,B,
3522AW,Amaliastraat,62,A,
3522AW,Amaliastraat,62,,
3522HA,Jutfaseweg,2,A,
3522HE,Jutfaseweg,61,B,
3522HE,Jutfaseweg,61,A,
3522HG,Jutfaseweg,92,,
3522HH,Jutfaseweg,99,A,
3522HH,Jutfaseweg,99,B,
3522HH,Jutfaseweg,99,C,
3522HH,Jutfaseweg,99,D,
3522HS,Jutfaseweg,224,A,
3522HS,Jutfaseweg,212,,
3522HS,Jutfaseweg,226,A,
3522HS,Jutfaseweg,226,B,
3522GA,Hoendiepstraat,13,B,
3522GA,Hoendiepstraat,13,A,
3522GA,Hoendiepstraat,13,,
3522GD,Hoendiepstraat,28,,
3522GD,Hoendiepstraat,28,A,
3522GD,Hoendiepstraat,28,B,
3522HT,Mijdrechtstraat,1,A,
3522HT,Mijdrechtstraat,1,,
3522SG,Waalstraat,157,,
3522SG,Waalstraat,157,A,
3521GH,Vondellaan,30,,
3521GR,Balijelaan,10,,
3521GR,Balijelaan,10,A,
3521GR,Balijelaan,10,B,
3521GV,Balijelaan,54,B,
3521GV,Balijelaan,54,C,
3522BB,Rijnlaan,27,,
3522BB,Rijnlaan,27,A,
3522BB,Rijnlaan,27,B,
3522BK,Rijnlaan,171,A,
3522BK,Rijnlaan,171,B,
3522BN,Rijnlaan,8,,
3522AG,Croesestraat,60,C,
3522AL,Dollardstraat,2,A,
3522HR,Jutfaseweg,202,,
3522HR,Jutfaseweg,202,A,
3522HR,Jutfaseweg,202,B,
3522HR,Jutfaseweg,202,C,
3522HR,Jutfaseweg,202,D,
3522HR,Jutfaseweg,202,E,
3522HR,Jutfaseweg,202,G,
3522HR,Jutfaseweg,202,H,
3522HR,Jutfaseweg,203,,
3522HR,Jutfaseweg,203,A,
3522HR,Jutfaseweg,203,B,
3522HR,Jutfaseweg,203,C,
3522HR,Jutfaseweg,203,D,
3522HR,Jutfaseweg,203,E,
3522HR,Jutfaseweg,203,G,
3522HR,Jutfaseweg,204,,
3522HR,Jutfaseweg,204,A,
3522HR,Jutfaseweg,204,B,
3522HR,Jutfaseweg,204,C,
3522HR,Jutfaseweg,204,D,
3522HR,Jutfaseweg,204,E,
3522HR,Jutfaseweg,204,G,
3522HR,Jutfaseweg,204,H,
3522HR,Jutfaseweg,204,J,
3522HR,Jutfaseweg,205,,
3522HR,Jutfaseweg,205,A,
3522HR,Jutfaseweg,205,B,
3522HR,Jutfaseweg,205,C,
3522HR,Jutfaseweg,205,D,
3522HR,Jutfaseweg,205,E,
3522HR,Jutfaseweg,205,G,
3522HS,Jutfaseweg,223,,
3522HS,Jutfaseweg,223,,1
3522HS,Jutfaseweg,223,,2
3522HS,Jutfaseweg,223,,3
3522HS,Jutfaseweg,223,,4
3522HS,Jutfaseweg,223,,5
3522HS,Jutfaseweg,223,,6
3522HS,Jutfaseweg,223,,7
3522HS,Jutfaseweg,223,,8
3522HS,Jutfaseweg,223,,9
3522HS,Jutfaseweg,223,,10
3522HS,Jutfaseweg,223,,11
3522HS,Jutfaseweg,223,,12
3522HS,Jutfaseweg,223,,13
3522HS,Jutfaseweg,223,,14
3522HS,Jutfaseweg,223,,15
3522HS,Jutfaseweg,223,,16
3522HS,Jutfaseweg,223,,17
3522HS,Jutfaseweg,223,,18
3522HS,Jutfaseweg,223,,19
3522HS,Jutfaseweg,223,,20
3522HS,Jutfaseweg,223,,21
3522HS,Jutfaseweg,223,,22
3522HS,Jutfaseweg,223,,23
3522HS,Jutfaseweg,223,,24
3522HS,Jutfaseweg,223,,25
3522HS,Jutfaseweg,223,,26
3522HS,Jutfaseweg,223,,27
3522HS,Jutfaseweg,223,,28
3522HS,Jutfaseweg,223,,29
3522HS,Jutfaseweg,223,,30
3522HS,Jutfaseweg,223,,31
3522HS,Jutfaseweg,223,,32
3522HS,Jutfaseweg,223,,33
3522HS,Jutfaseweg,223,,34
3522HS,Jutfaseweg,223,,35
3522HS,Jutfaseweg,223,,36
3522HS,Jutfaseweg,223,,37
3522HS,Jutfaseweg,223,,38
3522HS,Jutfaseweg,223,,39
3522HS,Jutfaseweg,223,,40
3522HS,Jutfaseweg,223,,41
3522HS,Jutfaseweg,223,,42
3522HS,Jutfaseweg,223,,43
3522HS,Jutfaseweg,223,,44
3522HS,Jutfaseweg,223,,45
3522HS,Jutfaseweg,223,,46
3522HS,Jutfaseweg,223,,47
3522HS,Jutfaseweg,222,,
3522HS,Jutfaseweg,222,A,
3522HS,Jutfaseweg,222,B,
3522HS,Jutfaseweg,222,C,
3522HS,Jutfaseweg,222,D,
3522HS,Jutfaseweg,222,E,
3522HS,Jutfaseweg,222,G,
3522SE,Waalstraat,121,,
3522SE,Waalstraat,121,A,
3522SE,Waalstraat,121,B,
3522SE,Waalstraat,121,C,
3522SE,Waalstraat,121,D,
3522SE,Waalstraat,121,E,
3522SE,Waalstraat,121,G,
3522SE,Waalstraat,122,H,
3522SE,Waalstraat,121,H,
3521GH,Vondellaan,18,A,
3521GH,Vondellaan,84,A,
3521GH,Vondellaan,18,B,
3521GH,Vondellaan,84,B,
3521GH,Vondellaan,84,C,
3521GH,Vondellaan,84,D,
3521GH,Vondellaan,42,A,
3521GH,Vondellaan,42,B,
3521GH,Vondellaan,44,A,
3521GH,Vondellaan,44,B,
3521GH,Vondellaan,60,A,
3522TR,Amerhof,37,,
3522TR,Amerhof,40,,
3522TR,Amerhof,48,,
3522BB,Rijnlaan,27,,
3522BB,Rijnlaan,27,,
3522BB,Rijnlaan,27,A,
3522BB,Rijnlaan,27,A,
3511HC,Westerkade,30,,
3511HC,Westerkade,38,,
3522HJ,Jutfaseweg,119,,
3522HJ,Jutfaseweg,119,A,
3521GT,Balijelaan,44,,
3521GT,Balijelaan,44,A,
3522RS,Vlisthof,9,,
3522HS,Jutfaseweg,219,,
3522HS,Jutfaseweg,219,A,
3522HS,Jutfaseweg,219,B,
3522HS,Jutfaseweg,219,C,
3522HS,Jutfaseweg,219,D,
3522HS,Jutfaseweg,219,E,
3522HS,Jutfaseweg,219,G,
3522HS,Jutfaseweg,219,H,
3522HS,Jutfaseweg,219,J,
3522HS,Jutfaseweg,219,K,
3521GR,Balijelaan,6,A,
3521GR,Balijelaan,6,B,
3522ES,Berkelstraat,96,A,
3522BN,Rijnlaan,6,,
3522BN,Rijnlaan,6,A,
3522BN,Rijnlaan,12,,
3522BN,Rijnlaan,12,A,
3522AE,Croesestraat,2,A,
3522HE,Jutfaseweg,58,,
3522EC,Zijldiepstraat,2,A,
3522EC,Zijldiepstraat,2,B,
3522JB,Merwedekade,141,,
3522AR,Amaliadwarsstraat,2,,1
3522AR,Amaliadwarsstraat,2,,2
3522AR,Amaliadwarsstraat,2,,3
3522AR,Amaliadwarsstraat,2,,4
3522AR,Amaliadwarsstraat,2,,5
3522AR,Amaliadwarsstraat,2,,6
3522AR,Amaliadwarsstraat,2,,7
3522AR,Amaliadwarsstraat,2,,8
3522AR,Amaliadwarsstraat,2,,9
3521GR,Balijelaan,6,A,
3521GR,Balijelaan,6,C,
3521GR,Balijelaan,6,B,
3522RD,Volkerakstraat,64,,
3522BA,Rijnlaan,1,,
3522BB,Rijnlaan,35,B,
3522BB,Rijnlaan,35,C,
3522EH,Socrateslaan,62,,
3522EH,Socrateslaan,64,,
3522PC,Wielingenplein,5,,
3522PC,Wielingenplein,5,A,
3522PC,Wielingenplein,5,B,
3522PC,Wielingenplein,5,C,
3522PC,Wielingenplein,5,D,
3522PC,Wielingenplein,5,E,
3522PC,Wielingenplein,5,F,
3522PC,Wielingenplein,5,G,
3522PC,Wielingenplein,5,H,
3522EZ,Jutfaseweg,183,,
3522HP,Jutfaseweg,182,,
3522HP,Jutfaseweg,183,,
3522HP,Jutfaseweg,183,,
3522EZ,Peizerdiep,1,,
3522EZ,Peizerdiep,3,,
3522EZ,Peizerdiep,5,,
3522EZ,Peizerdiep,7,,
3522EZ,Peizerdiep,9,,
3522EZ,Peizerdiep,11,,
3522EZ,Peizerdiep,13,,
3522EZ,Peizerdiep,15,,
3522EZ,Peizerdiep,17,,
3522EZ,Peizerdiep,19,,
3522EZ,Peizerdiep,21,,
3522EZ,Peizerdiep,23,,
3522EZ,Peizerdiep,25,,
3522EZ,Peizerdiep,27,,
3522EZ,Peizerdiep,32,,
3522EZ,Peizerdiep,34,,
3522EZ,Peizerdiep,36,,
3522EZ,Peizerdiep,38,,
3522EZ,Peizerdiep,2,,
3522EZ,Peizerdiep,4,,
3522EZ,Peizerdiep,6,,
3522EZ,Peizerdiep,8,,
3522EZ,Peizerdiep,10,,
3522EZ,Peizerdiep,12,,
3522EZ,Peizerdiep,14,,
3522EZ,Peizerdiep,16,,
3522EZ,Peizerdiep,18,,
3522EZ,Peizerdiep,20,,
3522EZ,Peizerdiep,22,,
3522EZ,Peizerdiep,24,,
3522EZ,Peizerdiep,26,,
3522EZ,Peizerdiep,28,,
3522EZ,Peizerdiep,30,,
3522GG,Reitdiepstraat,125,,
3522GG,Reitdiepstraat,125,,
3522GG,Reitdiepstraat,127,,
3522GG,Reitdiepstraat,127,,
3522GG,Reitdiepstraat,129,,
3522GG,Reitdiepstraat,129,,
3522GG,Reitdiepstraat,131,,
3522GG,Reitdiepstraat,131,,
3522GG,Reitdiepstraat,133,,
3522GG,Reitdiepstraat,133,,
3522GG,Reitdiepstraat,135,,
3522GG,Reitdiepstraat,135,,
3522GG,Reitdiepstraat,137,,
3522GG,Reitdiepstraat,137,,
3522GH,Reitdiepstraat,6,,
3522GH,Reitdiepstraat,6,,
3522GH,Reitdiepstraat,8,,
3522GH,Reitdiepstraat,8,,
3522GH,Reitdiepstraat,10,,
3522GH,Reitdiepstraat,10,,
3522GH,Reitdiepstraat,12,,
3522GH,Reitdiepstraat,12,,
3522GH,Reitdiepstraat,14,,
3522GH,Reitdiepstraat,14,,
3522GH,Reitdiepstraat,16,,
3522GH,Reitdiepstraat,16,,
3522GH,Reitdiepstraat,18,,
3522GH,Reitdiepstraat,18,,
3522GH,Reitdiepstraat,20,,
3522GH,Reitdiepstraat,20,,
3522GH,Reitdiepstraat,22,,
3522GH,Reitdiepstraat,22,,
3522GH,Reitdiepstraat,24,,
3522GH,Reitdiepstraat,24,,
3522GH,Reitdiepstraat,26,,
3522GH,Reitdiepstraat,26,,
3522GH,Reitdiepstraat,28,,
3522GH,Reitdiepstraat,28,,
3522GH,Reitdiepstraat,30,,
3522GH,Reitdiepstraat,30,,
3522GH,Reitdiepstraat,32,,
3522GH,Reitdiepstraat,32,,
3522GH,Reitdiepstraat,34,,
3522GH,Reitdiepstraat,34,,
3522GH,Reitdiepstraat,36,,
3522GH,Reitdiepstraat,36,,
3522GH,Reitdiepstraat,38,,
3522GH,Reitdiepstraat,38,,
3522GH,Reitdiepstraat,40,,
3522GH,Reitdiepstraat,40,,
3522GH,Reitdiepstraat,42,,
3522GH,Reitdiepstraat,42,,
3522GH,Reitdiepstraat,44,,
3522GH,Reitdiepstraat,44,,
3522GH,Reitdiepstraat,46,,
3522GH,Reitdiepstraat,46,,
3522GH,Reitdiepstraat,48,,
3522GH,Reitdiepstraat,48,,
3522GH,Reitdiepstraat,50,,
3522GH,Reitdiepstraat,50,,
3522GH,Reitdiepstraat,52,,
3522GH,Reitdiepstraat,52,,
3522GH,Reitdiepstraat,54,,
3522GH,Reitdiepstraat,54,,
3522GH,Reitdiepstraat,56,,
3522GH,Reitdiepstraat,56,,
3522GH,Reitdiepstraat,58,,
3522GH,Reitdiepstraat,58,,
3522GH,Reitdiepstraat,60,,
3522GH,Reitdiepstraat,60,,
3522GH,Reitdiepstraat,62,,
3522GH,Reitdiepstraat,62,,
3522BP,Rijnlaan,56,A,
3522BP,Rijnlaan,56,B,
3522BP,Rijnlaan,58,,
3522BP,Rijnlaan,58,A,
3511HC,Westerkade,28,A,
3522EG,Socrateslaan,30,A,
3522EG,Socrateslaan,30,B,
3522EG,Socrateslaan,30,C,
3522EG,Socrateslaan,30,D,
3522HG,Jutfaseweg,90,,
3522HG,Jutfaseweg,90,A,
3522HG,Jutfaseweg,90,B,
3522HG,Jutfaseweg,90,C,
3522HG,Jutfaseweg,90,D,
3522HM,Jutfaseweg,152,,
3522HM,Jutfaseweg,152,,
3522HM,Jutfaseweg,152,A,
3522HM,Jutfaseweg,152,A,
3522HM,Jutfaseweg,152,B,
3522HM,Jutfaseweg,152,B,
3522HM,Jutfaseweg,152,C,
3522HM,Jutfaseweg,152,C,
3522HM,Jutfaseweg,152,D,
3522HM,Jutfaseweg,152,D,
3522HM,Jutfaseweg,152,E,
3522HM,Jutfaseweg,152,E,
3522HM,Jutfaseweg,153,,
3522HM,Jutfaseweg,153,A,
3522HM,Jutfaseweg,153,,
3522HM,Jutfaseweg,153,B,
3522HM,Jutfaseweg,153,A,
3522HM,Jutfaseweg,153,C,
3522HM,Jutfaseweg,153,B,
3522HM,Jutfaseweg,153,D,
3522HM,Jutfaseweg,153,C,
3522HM,Jutfaseweg,153,E,
3522HM,Jutfaseweg,153,D,
3522HM,Jutfaseweg,153,F,
3522HM,Jutfaseweg,153,E,
3522HM,Jutfaseweg,153,G,
3522HM,Jutfaseweg,153,F,
3522HM,Jutfaseweg,154,,
3522HM,Jutfaseweg,154,A,
3522HM,Jutfaseweg,154,,
3522HM,Jutfaseweg,154,B,
3522HM,Jutfaseweg,154,A,
3522HM,Jutfaseweg,154,C,
3522HM,Jutfaseweg,154,B,
3522HM,Jutfaseweg,154,D,
3522HM,Jutfaseweg,154,C,
3522HM,Jutfaseweg,154,E,
3522HM,Jutfaseweg,154,D,
3522HM,Jutfaseweg,154,F,
3522HM,Jutfaseweg,154,E,
3522HM,Jutfaseweg,154,G,
3522HM,Jutfaseweg,154,F,
3522HM,Jutfaseweg,155,,
3522HM,Jutfaseweg,155,A,
3522HM,Jutfaseweg,155,,
3522HM,Jutfaseweg,155,B,
3522HM,Jutfaseweg,155,A,
3522HM,Jutfaseweg,155,C,
3522HM,Jutfaseweg,155,B,
3522HM,Jutfaseweg,155,D,
3522HM,Jutfaseweg,155,C,
3522HM,Jutfaseweg,155,E,
3522HM,Jutfaseweg,155,D,
3522HM,Jutfaseweg,155,F,
3522HM,Jutfaseweg,155,E,
3522HM,Jutfaseweg,155,G,
3522HM,Jutfaseweg,155,F,
3522HM,Jutfaseweg,156,,
3522HM,Jutfaseweg,156,,
3522HM,Jutfaseweg,156,A,
3522HM,Jutfaseweg,156,A,
3522HM,Jutfaseweg,156,B,
3522HM,Jutfaseweg,156,B,
3522HM,Jutfaseweg,156,C,
3522HM,Jutfaseweg,156,C,
3522HM,Jutfaseweg,156,D,
3522HM,Jutfaseweg,156,D,
3522HM,Jutfaseweg,156,E,
3522HM,Jutfaseweg,156,E,
3522HM,Jutfaseweg,156,F,
3522HM,Jutfaseweg,156,F,
3522HM,Jutfaseweg,156,G,
3522HM,Jutfaseweg,156,G,
3522HM,Jutfaseweg,157,,
3522HM,Jutfaseweg,157,,
3522HM,Jutfaseweg,157,A,
3522HM,Jutfaseweg,157,A,
3522HM,Jutfaseweg,158,,
3522HM,Jutfaseweg,158,,
3522HM,Jutfaseweg,158,A,
3522HM,Jutfaseweg,158,A,
3522HS,Jutfaseweg,212,C,
3522GL,Lekplantsoen,2,,
3522GL,Lekplantsoen,4,,
3522GL,Lekplantsoen,4,,
3522GL,Lekplantsoen,6,,
3522GL,Lekplantsoen,6,,
3522GL,Lekplantsoen,8,,
3522GL,Lekplantsoen,8,,
3522GL,Lekplantsoen,10,,
3522GL,Lekplantsoen,10,,
3522GL,Lekplantsoen,12,,
3522GL,Lekplantsoen,12,,
3522GL,Lekplantsoen,14,,
3522GL,Lekplantsoen,14,,
3522GL,Lekplantsoen,16,,
3522GL,Lekplantsoen,16,,
3522GL,Lekplantsoen,18,,
3522GL,Lekplantsoen,18,,
3522GL,Lekplantsoen,20,,
3522GL,Lekplantsoen,20,,
3522GL,Lekplantsoen,22,,
3522GL,Lekplantsoen,22,,
3522GL,Lekplantsoen,24,,
3522GL,Lekplantsoen,24,,
3522GL,Lekplantsoen,26,,
3522GL,Lekplantsoen,26,,
3522GL,Lekplantsoen,30,,
3522GL,Lekplantsoen,28,,
3522GL,Lekplantsoen,28,,
3522GL,Lekplantsoen,32,,
3522GL,Lekplantsoen,30,,
3522GL,Lekplantsoen,34,,
3522GL,Lekplantsoen,32,,
3522GL,Lekplantsoen,36,,
3522GL,Lekplantsoen,34,,
3522GL,Lekplantsoen,38,,
3522GL,Lekplantsoen,36,,
3522GL,Lekplantsoen,40,,
3522GL,Lekplantsoen,38,,
3522GL,Lekplantsoen,42,,
3522GL,Lekplantsoen,40,,
3522GL,Lekplantsoen,44,,
3522GL,Lekplantsoen,42,,
3522GL,Lekplantsoen,46,,
3522GL,Lekplantsoen,44,,
3522GL,Lekplantsoen,48,,
3522GL,Lekplantsoen,46,,
3522GL,Lekplantsoen,50,,
3522GL,Lekplantsoen,48,,
3522GL,Lekplantsoen,54,,
3522GL,Lekplantsoen,52,,
3522GL,Lekplantsoen,50,,
3522GL,Lekplantsoen,56,,
3522GL,Lekplantsoen,54,,
3522GL,Lekplantsoen,52,,
3522GL,Lekplantsoen,58,,
3522GL,Lekplantsoen,56,,
3522GL,Lekplantsoen,54,,
3522GL,Lekplantsoen,60,,
3522GL,Lekplantsoen,56,,
3522GL,Lekplantsoen,62,,
3522GL,Lekplantsoen,58,,
3522GL,Lekplantsoen,64,,
3522GL,Lekplantsoen,60,,
3522GL,Lekplantsoen,66,,
3522GL,Lekplantsoen,62,,
3522GL,Lekplantsoen,68,,
3522GL,Lekplantsoen,64,,
3522GL,Lekplantsoen,70,,
3522GL,Lekplantsoen,66,,
3522GL,Lekplantsoen,72,,
3522GL,Lekplantsoen,68,,
3522GL,Lekplantsoen,74,,
3522GL,Lekplantsoen,70,,
3522GL,Lekplantsoen,76,,
3522GL,Lekplantsoen,72,,
3522GL,Lekplantsoen,78,,
3522GL,Lekplantsoen,74,,
3522GL,Lekplantsoen,80,,
3522GL,Lekplantsoen,76,,
3522GL,Lekplantsoen,82,,
3522GL,Lekplantsoen,78,,
3522GL,Lekplantsoen,84,,
3522GL,Lekplantsoen,80,,
3522GL,Lekplantsoen,86,,
3522GL,Lekplantsoen,82,,
3522GL,Lekplantsoen,88,,
3522GL,Lekplantsoen,84,,
3522GL,Lekplantsoen,90,,
3522GL,Lekplantsoen,86,,
3522GL,Lekplantsoen,92,,
3522GL,Lekplantsoen,88,,
3522GL,Lekplantsoen,94,,
3522GL,Lekplantsoen,90,,
3522GL,Lekplantsoen,96,,
3522GL,Lekplantsoen,92,,
3522GL,Lekplantsoen,98,,
3522GL,Lekplantsoen,94,,
3522GL,Lekplantsoen,100,,
3522GL,Lekplantsoen,96,,
3522GL,Lekplantsoen,102,,
3522GL,Lekplantsoen,98,,
3522GL,Lekplantsoen,104,,
3522GL,Lekplantsoen,100,,
3522GL,Lekplantsoen,106,,
3522GL,Lekplantsoen,102,,
3522GL,Lekplantsoen,108,,
3522GL,Lekplantsoen,104,,
3522GL,Lekplantsoen,110,,
3522GL,Lekplantsoen,2,,
3522GL,Lekplantsoen,30,,
3522GL,Lekplantsoen,58,,
3522GL,Lekplantsoen,106,,
3522GL,Lekplantsoen,112,,
3522GL,Lekplantsoen,108,,
3522GL,Lekplantsoen,114,,
3522GL,Lekplantsoen,110,,
3522GL,Lekplantsoen,116,,
3522GL,Lekplantsoen,112,,
3522GL,Lekplantsoen,118,,
3522GL,Lekplantsoen,114,,
3522GL,Lekplantsoen,120,,
3522GL,Lekplantsoen,116,,
3522GL,Lekplantsoen,122,,
3522GL,Lekplantsoen,118,,
3522GL,Lekplantsoen,124,,
3522GL,Lekplantsoen,120,,
3522GL,Lekplantsoen,126,,
3522GL,Lekplantsoen,122,,
3522GL,Lekplantsoen,128,,
3522GL,Lekplantsoen,124,,
3522GL,Lekplantsoen,130,,
3522GL,Lekplantsoen,126,,
3522GL,Lekplantsoen,132,,
3522GL,Lekplantsoen,128,,
3522GL,Lekplantsoen,134,,
3522GL,Lekplantsoen,130,,
3522GL,Lekplantsoen,136,,
3522GL,Lekplantsoen,132,,
3522GL,Lekplantsoen,138,,
3522GL,Lekplantsoen,134,,
3522GL,Lekplantsoen,140,,
3522GL,Lekplantsoen,136,,
3522GL,Lekplantsoen,142,,
3522GL,Lekplantsoen,138,,
3522GL,Lekplantsoen,144,,
3522GL,Lekplantsoen,140,,
3522GL,Lekplantsoen,146,,
3522GL,Lekplantsoen,142,,
3522GL,Lekplantsoen,148,,
3522GL,Lekplantsoen,144,,
3522GL,Lekplantsoen,150,,
3522GL,Lekplantsoen,146,,
3522GL,Lekplantsoen,152,,
3522GL,Lekplantsoen,148,,
3522GL,Lekplantsoen,154,,
3522GL,Lekplantsoen,150,,
3522GL,Lekplantsoen,156,,
3522GL,Lekplantsoen,152,,
3522GL,Lekplantsoen,158,,
3522CD,Scheldestraat,12,,
3522CD,Scheldestraat,12,A,
3522CD,Scheldestraat,12,B,
3522CD,Scheldestraat,12,C,
3522CD,Scheldestraat,12,D,
