straat,huisnummer,huisletter,toevoeging,postcode,plaats
Perenweg,21,"","",2321DA,Leiden
Perenweg,25,"","",2321DA,Leiden
Perenweg,29,"","",2321DA,Leiden
Morellenweg,1,"","",2321DB,Leiden
Morellenweg,11,"","",2321DB,Leiden
Morellenweg,13,"","",2321DB,Leiden
Morellenweg,15,"","",2321DB,Leiden
Morellenweg,17,"","",2321DB,Leiden
Morellenweg,19,"","",2321DB,Leiden
Morellenweg,21,"","",2321DB,Leiden
Morellenweg,23,"","",2321DB,Leiden
Morellenweg,25,"","",2321DB,Leiden
Morellenweg,27,"","",2321DB,Leiden
Morellenweg,29,"","",2321DB,Leiden
Morellenweg,3,"","",2321DB,Leiden
Morellenweg,31,"","",2321DB,Leiden
Morellenweg,33,"","",2321DB,Leiden
Morellenweg,35,"","",2321DB,Leiden
Morellenweg,37,"","",2321DB,Leiden
Morellenweg,39,"","",2321DB,Leiden
Morellenweg,41,"","",2321DB,Leiden
Morellenweg,43,"","",2321DB,Leiden
Morellenweg,45,"","",2321DB,Leiden
Morellenweg,47,"","",2321DB,Leiden
Morellenweg,49,"","",2321DB,Leiden
Morellenweg,5,"","",2321DB,Leiden
Morellenweg,51,"","",2321DB,Leiden
Morellenweg,7,"","",2321DB,Leiden
Morellenweg,9,"","",2321DB,Leiden
Ananasweg,10,"","",2321DC,Leiden
Ananasweg,10,"","",2321DC,Leiden
Ananasweg,100,"","",2321DC,Leiden
Ananasweg,102,"","",2321DC,Leiden
Ananasweg,104,"","",2321DC,Leiden
Ananasweg,106,"","",2321DC,Leiden
Ananasweg,108,"","",2321DC,Leiden
Ananasweg,110,"","",2321DC,Leiden
Ananasweg,112,"","",2321DC,Leiden
Ananasweg,114,"","",2321DC,Leiden
Ananasweg,116,"","",2321DC,Leiden
Ananasweg,118,"","",2321DC,Leiden
Ananasweg,12,"","",2321DC,Leiden
Ananasweg,12,"","",2321DC,Leiden
Ananasweg,120,"","",2321DC,Leiden
Ananasweg,122,"","",2321DC,Leiden
Ananasweg,124,"","",2321DC,Leiden
Ananasweg,126,"","",2321DC,Leiden
Ananasweg,128,"","",2321DC,Leiden
Ananasweg,130,"","",2321DC,Leiden
Ananasweg,132,"","",2321DC,Leiden
Ananasweg,134,"","",2321DC,Leiden
Ananasweg,136,"","",2321DC,Leiden
Ananasweg,138,"","",2321DC,Leiden
Ananasweg,14,"","",2321DC,Leiden
Ananasweg,14,"","",2321DC,Leiden
Ananasweg,140,"","",2321DC,Leiden
Ananasweg,142,"","",2321DC,Leiden
Ananasweg,144,"","",2321DC,Leiden
Ananasweg,146,"","",2321DC,Leiden
Ananasweg,148,"","",2321DC,Leiden
Ananasweg,150,"","",2321DC,Leiden
Ananasweg,152,"","",2321DC,Leiden
Ananasweg,154,"","",2321DC,Leiden
Ananasweg,156,"","",2321DC,Leiden
Ananasweg,158,"","",2321DC,Leiden
Ananasweg,16,"","",2321DC,Leiden
Ananasweg,160,"","",2321DC,Leiden
Ananasweg,162,"","",2321DC,Leiden
Ananasweg,164,"","",2321DC,Leiden
Ananasweg,166,"","",2321DC,Leiden
Ananasweg,168,"","",2321DC,Leiden
Ananasweg,170,"","",2321DC,Leiden
Ananasweg,172,"","",2321DC,Leiden
Ananasweg,174,"","",2321DC,Leiden
Ananasweg,176,"","",2321DC,Leiden
Ananasweg,178,"","",2321DC,Leiden
Ananasweg,18,"","",2321DC,Leiden
Ananasweg,2,"","",2321DC,Leiden
Ananasweg,2,"","",2321DC,Leiden
Ananasweg,20,"","",2321DC,Leiden
Ananasweg,20,"","",2321DC,Leiden
Ananasweg,20,"","",2321DC,Leiden
Ananasweg,22,"","",2321DC,Leiden
Ananasweg,22,"","",2321DC,Leiden
Ananasweg,22,"","",2321DC,Leiden
Ananasweg,24,"","",2321DC,Leiden
Ananasweg,24,"","",2321DC,Leiden
Ananasweg,26,"","",2321DC,Leiden
Ananasweg,26,"","",2321DC,Leiden
Ananasweg,28,"","",2321DC,Leiden
Ananasweg,28,"","",2321DC,Leiden
Ananasweg,30,"","",2321DC,Leiden
Ananasweg,30,"","",2321DC,Leiden
Ananasweg,32,"","",2321DC,Leiden
Ananasweg,32,"","",2321DC,Leiden
Ananasweg,34,"","",2321DC,Leiden
Ananasweg,36,"","",2321DC,Leiden
Ananasweg,38,"","",2321DC,Leiden
Ananasweg,4,"","",2321DC,Leiden
Ananasweg,40,"","",2321DC,Leiden
Ananasweg,42,"","",2321DC,Leiden
Ananasweg,44,"","",2321DC,Leiden
Ananasweg,46,"","",2321DC,Leiden
Ananasweg,48,"","",2321DC,Leiden
Ananasweg,50,"","",2321DC,Leiden
Ananasweg,52,"","",2321DC,Leiden
Ananasweg,54,"","",2321DC,Leiden
Ananasweg,56,"","",2321DC,Leiden
Ananasweg,58,"","",2321DC,Leiden
Ananasweg,6,"","",2321DC,Leiden
Ananasweg,60,"","",2321DC,Leiden
Ananasweg,62,"","",2321DC,Leiden
Ananasweg,64,"","",2321DC,Leiden
Ananasweg,66,"","",2321DC,Leiden
Ananasweg,68,"","",2321DC,Leiden
Ananasweg,70,"","",2321DC,Leiden
Ananasweg,72,"","",2321DC,Leiden
Ananasweg,74,"","",2321DC,Leiden
Ananasweg,76,"","",2321DC,Leiden
Ananasweg,78,"","",2321DC,Leiden
Ananasweg,8,"","",2321DC,Leiden
Ananasweg,8,"","",2321DC,Leiden
Ananasweg,8,"","",2321DC,Leiden
Ananasweg,80,"","",2321DC,Leiden
Ananasweg,82,"","",2321DC,Leiden
Ananasweg,84,"","",2321DC,Leiden
Ananasweg,86,"","",2321DC,Leiden
Ananasweg,88,"","",2321DC,Leiden
Ananasweg,90,"","",2321DC,Leiden
Ananasweg,92,"","",2321DC,Leiden
Ananasweg,94,"","",2321DC,Leiden
Ananasweg,96,"","",2321DC,Leiden
Ananasweg,98,"","",2321DC,Leiden
Ananasweg,1,"","",2321DD,Leiden
Ananasweg,3,"","",2321DD,Leiden
Ananasweg,43,"","",2321DD,Leiden
Ananasweg,49,"","",2321DD,Leiden
Abrikozenweg,1,"","",2321DE,Leiden
Abrikozenweg,11,"","",2321DE,Leiden
Abrikozenweg,13,"","",2321DE,Leiden
Abrikozenweg,15,"","",2321DE,Leiden
Abrikozenweg,15,"","",2321DE,Leiden
Abrikozenweg,19,"","",2321DE,Leiden
Abrikozenweg,21,"","",2321DE,Leiden
Abrikozenweg,5,"","",2321DE,Leiden
Abrikozenweg,5,"","",2321DE,Leiden
Abrikozenweg,5,"","",2321DE,Leiden
Abrikozenweg,7,"","",2321DE,Leiden
Abrikozenweg,9,"","",2321DE,Leiden
Perzikweg,1,A,"",2321DG,Leiden
Perzikweg,1,B,"",2321DG,Leiden
Perzikweg,1,C,"",2321DG,Leiden
Perzikweg,1,D,"",2321DG,Leiden
Perzikweg,10,"","",2321DG,Leiden
Perzikweg,100,"","",2321DG,Leiden
Perzikweg,102,"","",2321DG,Leiden
Perzikweg,104,"","",2321DG,Leiden
Perzikweg,106,"","",2321DG,Leiden
Perzikweg,108,"","",2321DG,Leiden
Perzikweg,11,A,"",2321DG,Leiden
Perzikweg,11,B,"",2321DG,Leiden
Perzikweg,11,C,"",2321DG,Leiden
Perzikweg,11,D,"",2321DG,Leiden
Perzikweg,110,"","",2321DG,Leiden
Perzikweg,112,"","",2321DG,Leiden
Perzikweg,114,"","",2321DG,Leiden
Perzikweg,116,"","",2321DG,Leiden
Perzikweg,118,"","",2321DG,Leiden
Perzikweg,12,"","",2321DG,Leiden
Perzikweg,120,"","",2321DG,Leiden
Perzikweg,122,"","",2321DG,Leiden
Perzikweg,124,"","",2321DG,Leiden
Perzikweg,126,"","",2321DG,Leiden
Perzikweg,128,"","",2321DG,Leiden
Perzikweg,13,A,"",2321DG,Leiden
Perzikweg,13,B,"",2321DG,Leiden
Perzikweg,13,C,"",2321DG,Leiden
Perzikweg,13,D,"",2321DG,Leiden
Perzikweg,130,"","",2321DG,Leiden
Perzikweg,132,"","",2321DG,Leiden
Perzikweg,134,"","",2321DG,Leiden
Perzikweg,136,"","",2321DG,Leiden
Perzikweg,138,"","",2321DG,Leiden
Perzikweg,14,"","",2321DG,Leiden
Perzikweg,140,"","",2321DG,Leiden
Perzikweg,142,"","",2321DG,Leiden
Perzikweg,144,"","",2321DG,Leiden
Perzikweg,146,"","",2321DG,Leiden
Perzikweg,148,"","",2321DG,Leiden
Perzikweg,15,A,"",2321DG,Leiden
Perzikweg,15,B,"",2321DG,Leiden
Perzikweg,15,C,"",2321DG,Leiden
Perzikweg,15,D,"",2321DG,Leiden
Perzikweg,150,"","",2321DG,Leiden
Perzikweg,150,G,"",2321DG,Leiden
Perzikweg,150,R,"",2321DG,Leiden
Perzikweg,150,S,"",2321DG,Leiden
Perzikweg,150,T,"",2321DG,Leiden
Perzikweg,152,"","",2321DG,Leiden
Perzikweg,154,"","",2321DG,Leiden
Perzikweg,156,"","",2321DG,Leiden
Perzikweg,158,"","",2321DG,Leiden
Perzikweg,16,"","",2321DG,Leiden
Perzikweg,160,"","",2321DG,Leiden
Perzikweg,162,"","",2321DG,Leiden
Perzikweg,164,"","",2321DG,Leiden
Perzikweg,166,"","",2321DG,Leiden
Perzikweg,168,"","",2321DG,Leiden
Perzikweg,170,"","",2321DG,Leiden
Perzikweg,18,"","",2321DG,Leiden
Perzikweg,2,"","",2321DG,Leiden
Perzikweg,2,"","",2321DG,Leiden
Perzikweg,20,"","",2321DG,Leiden
Perzikweg,22,"","",2321DG,Leiden
Perzikweg,24,"","",2321DG,Leiden
Perzikweg,26,"","",2321DG,Leiden
Perzikweg,28,"","",2321DG,Leiden
Perzikweg,3,A,"",2321DG,Leiden
Perzikweg,3,B,"",2321DG,Leiden
Perzikweg,3,C,"",2321DG,Leiden
Perzikweg,3,D,"",2321DG,Leiden
Perzikweg,30,"","",2321DG,Leiden
Perzikweg,32,"","",2321DG,Leiden
Perzikweg,34,"","",2321DG,Leiden
Perzikweg,36,"","",2321DG,Leiden
Perzikweg,38,"","",2321DG,Leiden
Perzikweg,4,"","",2321DG,Leiden
Perzikweg,4,A,"",2321DG,Leiden
Perzikweg,40,"","",2321DG,Leiden
Perzikweg,42,"","",2321DG,Leiden
Perzikweg,44,"","",2321DG,Leiden
Perzikweg,46,"","",2321DG,Leiden
Perzikweg,48,"","",2321DG,Leiden
Perzikweg,5,A,"",2321DG,Leiden
Perzikweg,5,B,"",2321DG,Leiden
Perzikweg,5,C,"",2321DG,Leiden
Perzikweg,5,D,"",2321DG,Leiden
Perzikweg,50,"","",2321DG,Leiden
Perzikweg,52,"","",2321DG,Leiden
Perzikweg,54,"","",2321DG,Leiden
Perzikweg,56,"","",2321DG,Leiden
Perzikweg,58,"","",2321DG,Leiden
Perzikweg,6,"","",2321DG,Leiden
Perzikweg,6,"","",2321DG,Leiden
Perzikweg,60,"","",2321DG,Leiden
Perzikweg,62,"","",2321DG,Leiden
Perzikweg,64,"","",2321DG,Leiden
Perzikweg,66,"","",2321DG,Leiden
Perzikweg,68,"","",2321DG,Leiden
Perzikweg,7,A,"",2321DG,Leiden
Perzikweg,7,B,"",2321DG,Leiden
Perzikweg,7,C,"",2321DG,Leiden
Perzikweg,7,D,"",2321DG,Leiden
Perzikweg,70,"","",2321DG,Leiden
Perzikweg,72,"","",2321DG,Leiden
Perzikweg,74,"","",2321DG,Leiden
Perzikweg,76,"","",2321DG,Leiden
Perzikweg,78,"","",2321DG,Leiden
Perzikweg,8,"","",2321DG,Leiden
Perzikweg,80,"","",2321DG,Leiden
Perzikweg,82,"","",2321DG,Leiden
Perzikweg,84,"","",2321DG,Leiden
Perzikweg,86,"","",2321DG,Leiden
Perzikweg,88,"","",2321DG,Leiden
Perzikweg,9,A,"",2321DG,Leiden
Perzikweg,9,B,"",2321DG,Leiden
Perzikweg,9,C,"",2321DG,Leiden
Perzikweg,9,D,"",2321DG,Leiden
Perzikweg,90,"","",2321DG,Leiden
Perzikweg,92,"","",2321DG,Leiden
Perzikweg,94,"","",2321DG,Leiden
Perzikweg,96,"","",2321DG,Leiden
Perzikweg,98,"","",2321DG,Leiden
Fruitweg,32,"","",2321DH,Leiden
Fruitweg,34,"","",2321DH,Leiden
Fruitweg,36,"","",2321DH,Leiden
Fruitweg,38,"","",2321DH,Leiden
Fruitweg,40,"","",2321DH,Leiden
Fruitweg,42,"","",2321DH,Leiden
Fruitweg,44,"","",2321DH,Leiden
Fruitweg,46,"","",2321DH,Leiden
Fruitweg,48,"","",2321DH,Leiden
Fruitweg,50,"","",2321DH,Leiden
Fruitweg,52,"","",2321DH,Leiden
Fruitweg,54,"","",2321DH,Leiden
Fruitweg,56,"","",2321DH,Leiden
Fruitweg,58,"","",2321DH,Leiden
Fruitweg,60,"","",2321DH,Leiden
Fruitweg,60,A,"",2321DH,Leiden
Moerbeistraat,1,"","",2321DJ,Leiden
Moerbeistraat,11,"","",2321DJ,Leiden
Moerbeistraat,13,"","",2321DJ,Leiden
Moerbeistraat,15,"","",2321DJ,Leiden
Moerbeistraat,17,"","",2321DJ,Leiden
Moerbeistraat,19,"","",2321DJ,Leiden
Moerbeistraat,2,"","",2321DJ,Leiden
Moerbeistraat,21,"","",2321DJ,Leiden
Moerbeistraat,23,"","",2321DJ,Leiden
Moerbeistraat,25,"","",2321DJ,Leiden
Moerbeistraat,27,"","",2321DJ,Leiden
Moerbeistraat,29,"","",2321DJ,Leiden
Moerbeistraat,3,"","",2321DJ,Leiden
Moerbeistraat,31,"","",2321DJ,Leiden
Moerbeistraat,33,"","",2321DJ,Leiden
Moerbeistraat,35,"","",2321DJ,Leiden
Moerbeistraat,37,"","",2321DJ,Leiden
Moerbeistraat,39,"","",2321DJ,Leiden
Moerbeistraat,4,"","",2321DJ,Leiden
Moerbeistraat,41,"","",2321DJ,Leiden
Moerbeistraat,43,"","",2321DJ,Leiden
Moerbeistraat,45,"","",2321DJ,Leiden
Moerbeistraat,5,"","",2321DJ,Leiden
Moerbeistraat,7,"","",2321DJ,Leiden
Moerbeistraat,9,"","",2321DJ,Leiden
Pompoenweg,15,"","",2321DK,Leiden
Pompoenweg,15,"","",2321DK,Leiden
Pompoenweg,17,"","",2321DK,Leiden
Pompoenweg,19,"","",2321DK,Leiden
Pompoenweg,3,"","",2321DK,Leiden
Pompoenweg,9,"","",2321DK,Leiden
Vrijheidslaan,100,"","",2321DL,Leiden
Vrijheidslaan,102,"","",2321DL,Leiden
Vrijheidslaan,104,"","",2321DL,Leiden
Vrijheidslaan,106,"","",2321DL,Leiden
Vrijheidslaan,108,"","",2321DL,Leiden
Vrijheidslaan,110,"","",2321DL,Leiden
Vrijheidslaan,112,"","",2321DL,Leiden
Vrijheidslaan,114,"","",2321DL,Leiden
Vrijheidslaan,116,"","",2321DL,Leiden
Vrijheidslaan,118,"","",2321DL,Leiden
Vrijheidslaan,120,"","",2321DL,Leiden
Vrijheidslaan,122,"","",2321DL,Leiden
Vrijheidslaan,28,"","",2321DL,Leiden
Vrijheidslaan,30,"","",2321DL,Leiden
Vrijheidslaan,32,"","",2321DL,Leiden
Vrijheidslaan,34,"","",2321DL,Leiden
Vrijheidslaan,36,"","",2321DL,Leiden
Vrijheidslaan,38,"","",2321DL,Leiden
Vrijheidslaan,40,"","",2321DL,Leiden
Vrijheidslaan,42,"","",2321DL,Leiden
Vrijheidslaan,44,"","",2321DL,Leiden
Vrijheidslaan,46,"","",2321DL,Leiden
Vrijheidslaan,48,"","",2321DL,Leiden
Vrijheidslaan,50,"","",2321DL,Leiden
Vrijheidslaan,52,"","",2321DL,Leiden
Vrijheidslaan,54,"","",2321DL,Leiden
Vrijheidslaan,56,"","",2321DL,Leiden
Vrijheidslaan,58,"","",2321DL,Leiden
Vrijheidslaan,60,"","",2321DL,Leiden
Vrijheidslaan,62,"","",2321DL,Leiden
Vrijheidslaan,64,"","",2321DL,Leiden
Vrijheidslaan,66,"","",2321DL,Leiden
Vrijheidslaan,68,"","",2321DL,Leiden
Vrijheidslaan,70,"","",2321DL,Leiden
Vrijheidslaan,72,"","",2321DL,Leiden
Vrijheidslaan,74,"","",2321DL,Leiden
Vrijheidslaan,76,"","",2321DL,Leiden
Vrijheidslaan,78,"","",2321DL,Leiden
Vrijheidslaan,80,"","",2321DL,Leiden
Vrijheidslaan,82,"","",2321DL,Leiden
Vrijheidslaan,84,"","",2321DL,Leiden
Vrijheidslaan,86,"","",2321DL,Leiden
Vrijheidslaan,88,"","",2321DL,Leiden
Vrijheidslaan,90,"","",2321DL,Leiden
Vrijheidslaan,92,"","",2321DL,Leiden
Vrijheidslaan,94,"","",2321DL,Leiden
Vrijheidslaan,96,"","",2321DL,Leiden
Vrijheidslaan,98,"","",2321DL,Leiden
Vrijheidslaan,10,"","",2321DM,Leiden
Vrijheidslaan,12,"","",2321DM,Leiden
Vrijheidslaan,14,"","",2321DM,Leiden
Vrijheidslaan,16,"","",2321DM,Leiden
Vrijheidslaan,18,"","",2321DM,Leiden
Vrijheidslaan,20,"","",2321DM,Leiden
Vrijheidslaan,22,"","",2321DM,Leiden
Vrijheidslaan,24,"","",2321DM,Leiden
Vrijheidslaan,26,"","",2321DM,Leiden
Aardbeipad,1,"","",2321DN,Leiden
Kiwipad,10,"","",2321DN,Leiden
Fruitweg,16,"","",2321GK,Leiden
Fruitweg,18,"","",2321GK,Leiden
Fruitweg,2,"","",2321GK,Leiden
Fruitweg,20,"","",2321GK,Leiden
Fruitweg,21,P,"",2321GK,Leiden
Fruitweg,22,"","",2321GK,Leiden
Fruitweg,22,A,"",2321GK,Leiden
Fruitweg,22,B,"",2321GK,Leiden
Fruitweg,22,C,"",2321GK,Leiden
Fruitweg,22,D,"",2321GK,Leiden
Fruitweg,24,"","",2321GK,Leiden
Fruitweg,26,"","",2321GK,Leiden
Fruitweg,28,"","",2321GK,Leiden
Fruitweg,30,"","",2321GK,Leiden
Zoeterwoudseweg,1,"","",2321GL,Leiden
Zoeterwoudseweg,11,"","",2321GL,Leiden
Zoeterwoudseweg,11,"","",2321GL,Leiden
Zoeterwoudseweg,11,A,"",2321GL,Leiden
Zoeterwoudseweg,11,B,"",2321GL,Leiden
Zoeterwoudseweg,11,B,"",2321GL,Leiden
Zoeterwoudseweg,11,C,"",2321GL,Leiden
Zoeterwoudseweg,11,D,"",2321GL,Leiden
Zoeterwoudseweg,11,E,"",2321GL,Leiden
Zoeterwoudseweg,11,F,"",2321GL,Leiden
Zoeterwoudseweg,3,"","",2321GL,Leiden
Zoeterwoudseweg,3,A,"",2321GL,Leiden
Zoeterwoudseweg,5,"","",2321GL,Leiden
Zoeterwoudseweg,5,A,"",2321GL,Leiden
Zoeterwoudseweg,7,"","",2321GL,Leiden
Zoeterwoudseweg,7,A,"",2321GL,Leiden
Zoeterwoudseweg,7,A,"",2321GL,Leiden
Zoeterwoudseweg,9,"","",2321GL,Leiden
Zoeterwoudseweg,9,A,"",2321GL,Leiden
Zoeterwoudseweg,9,B,"",2321GL,Leiden
Zoeterwoudseweg,9,C,"",2321GL,Leiden
Zoeterwoudseweg,13,"","",2321GM,Leiden
Zoeterwoudseweg,13,A,"",2321GM,Leiden
Zoeterwoudseweg,13,B,"",2321GM,Leiden
Zoeterwoudseweg,13,C,"",2321GM,Leiden
Zoeterwoudseweg,13,D,"",2321GM,Leiden
Zoeterwoudseweg,15,"","",2321GM,Leiden
Zoeterwoudseweg,17,"","",2321GM,Leiden
Zoeterwoudseweg,19,"","",2321GM,Leiden
Zoeterwoudseweg,21,A,"",2321GM,Leiden
Zoeterwoudseweg,21,A,1,2321GM,Leiden
Zoeterwoudseweg,21,A,2,2321GM,Leiden
Zoeterwoudseweg,21,B,"",2321GM,Leiden
Zoeterwoudseweg,21,C,"",2321GM,Leiden
Zoeterwoudseweg,21,D,"",2321GM,Leiden
Zoeterwoudseweg,21,E,"",2321GM,Leiden
Zoeterwoudseweg,21,F,"",2321GM,Leiden
Zoeterwoudseweg,21,G,"",2321GM,Leiden
Zoeterwoudseweg,21,H,"",2321GM,Leiden
Zoeterwoudseweg,21,K,"",2321GM,Leiden
Zoeterwoudseweg,23,"","",2321GM,Leiden
Zoeterwoudseweg,23,E,"",2321GM,Leiden
Zoeterwoudseweg,23,G,"",2321GM,Leiden
Zoeterwoudseweg,23,H,"",2321GM,Leiden
Zoeterwoudseweg,23,J,"",2321GM,Leiden
Zoeterwoudseweg,23,L,"",2321GM,Leiden
Zoeterwoudseweg,23,N,"",2321GM,Leiden
Zoeterwoudseweg,23,P,"",2321GM,Leiden
Zoeterwoudseweg,23,R,"",2321GM,Leiden
Zoeterwoudseweg,23,S,"",2321GM,Leiden
Zoeterwoudseweg,25,"","",2321GM,Leiden
Zoeterwoudseweg,25,A,"",2321GM,Leiden
Zoeterwoudseweg,25,B,"",2321GM,Leiden
Zoeterwoudseweg,25,C,"",2321GM,Leiden
Zoeterwoudseweg,25,D,"",2321GM,Leiden
Zoeterwoudseweg,25,E,"",2321GM,Leiden
Zoeterwoudseweg,27,"","",2321GM,Leiden
Zoeterwoudseweg,29,"","",2321GM,Leiden
Zoeterwoudseweg,10,"","",2321GP,Leiden
Zoeterwoudseweg,12,"","",2321GP,Leiden
Zoeterwoudseweg,14,"","",2321GP,Leiden
Zoeterwoudseweg,16,"","",2321GP,Leiden
Zoeterwoudseweg,18,"","",2321GP,Leiden
Zoeterwoudseweg,20,"","",2321GP,Leiden
Zoeterwoudseweg,22,"","",2321GP,Leiden
Zoeterwoudseweg,24,"","",2321GP,Leiden
Zoeterwoudseweg,26,"","",2321GP,Leiden
Zoeterwoudseweg,28,"","",2321GP,Leiden
Zoeterwoudseweg,30,"","",2321GP,Leiden
Zoeterwoudseweg,32,"","",2321GP,Leiden
Zoeterwoudseweg,34,"","",2321GP,Leiden
Zoeterwoudseweg,36,"","",2321GP,Leiden
Zoeterwoudseweg,38,"","",2321GP,Leiden
Zoeterwoudseweg,40,"","",2321GP,Leiden
Zoeterwoudseweg,42,"","",2321GP,Leiden
Zoeterwoudseweg,44,"","",2321GP,Leiden
Zoeterwoudseweg,46,"","",2321GP,Leiden
Zoeterwoudseweg,48,"","",2321GP,Leiden
Zoeterwoudseweg,50,"","",2321GP,Leiden
Zoeterwoudseweg,54,"","",2321GP,Leiden
Zoeterwoudseweg,56,"","",2321GP,Leiden
Zoeterwoudseweg,58,"","",2321GP,Leiden
Zoeterwoudseweg,60,"","",2321GP,Leiden
Zoeterwoudseweg,62,"","",2321GP,Leiden
Zoeterwoudseweg,64,"","",2321GP,Leiden
Zoeterwoudseweg,66,"","",2321GP,Leiden
Zoeterwoudseweg,68,"","",2321GP,Leiden
Zoeterwoudseweg,70,"","",2321GP,Leiden
Zoeterwoudseweg,72,"","",2321GP,Leiden
Zoeterwoudseweg,74,"","",2321GP,Leiden
Zoeterwoudseweg,76,"","",2321GP,Leiden
Zoeterwoudseweg,78,"","",2321GP,Leiden
Zoeterwoudseweg,80,"","",2321GP,Leiden
Zoeterwoudseweg,82,"","",2321GP,Leiden
Zoeterwoudseweg,84,"","",2321GP,Leiden
Zoeterwoudseweg,86,"","",2321GP,Leiden
Zoeterwoudseweg,88,"","",2321GP,Leiden
Zoeterwoudseweg,90,"","",2321GP,Leiden
Zoeterwoudseweg,92,"","",2321GP,Leiden
Zoeterwoudseweg,94,"","",2321GP,Leiden
Zoeterwoudseweg,96,"","",2321GP,Leiden
Zoeterwoudseweg,98,"","",2321GP,Leiden
Zoeterwoudseweg,100,"","",2321GR,Leiden
Zoeterwoudseweg,102,"","",2321GR,Leiden
Zoeterwoudseweg,104,"","",2321GR,Leiden
Zoeterwoudseweg,106,"","",2321GR,Leiden
Zoeterwoudseweg,108,"","",2321GR,Leiden
Zoeterwoudseweg,110,"","",2321GR,Leiden
Zoeterwoudseweg,112,"","",2321GR,Leiden
Zoeterwoudseweg,114,"","",2321GR,Leiden
Zoeterwoudseweg,116,"","",2321GR,Leiden
Zoeterwoudseweg,118,"","",2321GR,Leiden
Zoeterwoudseweg,120,"","",2321GR,Leiden
Zoeterwoudseweg,122,"","",2321GR,Leiden
Zoeterwoudseweg,124,"","",2321GR,Leiden
Zoeterwoudseweg,126,"","",2321GR,Leiden
Zoeterwoudseweg,128,"","",2321GR,Leiden
Zoeterwoudseweg,130,"","",2321GR,Leiden
Zoeterwoudseweg,132,"","",2321GR,Leiden
Zoeterwoudseweg,134,"","",2321GS,Leiden
Zoeterwoudseweg,136,"","",2321GS,Leiden
Zoeterwoudseweg,138,"","",2321GS,Leiden
Zoeterwoudseweg,140,"","",2321GS,Leiden
Zoeterwoudseweg,142,"","",2321GS,Leiden
Zoeterwoudseweg,144,"","",2321GS,Leiden
Zoeterwoudseweg,146,"","",2321GS,Leiden
Zoeterwoudseweg,148,"","",2321GS,Leiden
Zoeterwoudseweg,150,"","",2321GS,Leiden
Zoeterwoudseweg,152,"","",2321GS,Leiden
Zoeterwoudseweg,154,"","",2321GS,Leiden
Zoeterwoudseweg,156,"","",2321GS,Leiden
Zoeterwoudseweg,158,"","",2321GS,Leiden
Zoeterwoudseweg,160,"","",2321GS,Leiden
Zoeterwoudseweg,162,"","",2321GS,Leiden
Zoeterwoudseweg,164,"","",2321GS,Leiden
Zoeterwoudseweg,166,"","",2321GS,Leiden
Veilingkade,1,"","",2321GT,Leiden
Veilingkade,10,"","",2321GT,Leiden
Veilingkade,11,"","",2321GT,Leiden
Veilingkade,12,"","",2321GT,Leiden
Veilingkade,13,"","",2321GT,Leiden
Veilingkade,14,"","",2321GT,Leiden
Veilingkade,15,"","",2321GT,Leiden
Veilingkade,16,"","",2321GT,Leiden
Veilingkade,17,"","",2321GT,Leiden
Veilingkade,18,"","",2321GT,Leiden
Veilingkade,2,"","",2321GT,Leiden
Veilingkade,3,"","",2321GT,Leiden
Veilingkade,4,"","",2321GT,Leiden
Veilingkade,5,"","",2321GT,Leiden
Veilingkade,6,"","",2321GT,Leiden
Veilingkade,7,"","",2321GT,Leiden
Veilingkade,8,"","",2321GT,Leiden
Veilingkade,9,"","",2321GT,Leiden
Veilingkade,19,"","",2321GV,Leiden
Veilingkade,20,"","",2321GV,Leiden
Veilingkade,21,"","",2321GV,Leiden
Veilingkade,22,"","",2321GV,Leiden
Veilingkade,23,"","",2321GV,Leiden
Veilingkade,24,"","",2321GV,Leiden
Veilingkade,25,"","",2321GV,Leiden
Veilingkade,26,"","",2321GV,Leiden
Veilingkade,27,"","",2321GV,Leiden
Veilingkade,28,"","",2321GV,Leiden
Veilingkade,29,"","",2321GV,Leiden
Veilingkade,30,"","",2321GV,Leiden
Veilingkade,31,"","",2321GV,Leiden
Veilingkade,32,"","",2321GV,Leiden
Veilingkade,33,"","",2321GV,Leiden
Veilingkade,34,"","",2321GV,Leiden
Veilingkade,35,"","",2321GV,Leiden
Veilingkade,36,"","",2321GV,Leiden
Veilingkade,37,"","",2321GW,Leiden
Veilingkade,38,"","",2321GW,Leiden
Veilingkade,39,"","",2321GW,Leiden
Veilingkade,40,"","",2321GW,Leiden
Veilingkade,41,"","",2321GW,Leiden
Veilingkade,42,"","",2321GW,Leiden
Veilingkade,43,"","",2321GW,Leiden
Veilingkade,44,"","",2321GW,Leiden
Veilingkade,45,"","",2321GW,Leiden
Veilingkade,46,"","",2321GW,Leiden
Veilingkade,47,"","",2321GW,Leiden
Veilingkade,48,"","",2321GW,Leiden
Veilingkade,49,"","",2321GW,Leiden
Veilingkade,50,"","",2321GW,Leiden
Veilingkade,51,"","",2321GW,Leiden
Veilingkade,52,"","",2321GW,Leiden
Veilingkade,53,"","",2321GW,Leiden
Veilingkade,54,"","",2321GW,Leiden
Meloenstraat,1,"","",2321GX,Leiden
Meloenstraat,11,"","",2321GX,Leiden
Meloenstraat,13,"","",2321GX,Leiden
Meloenstraat,15,"","",2321GX,Leiden
Meloenstraat,17,"","",2321GX,Leiden
Meloenstraat,19,"","",2321GX,Leiden
Meloenstraat,21,"","",2321GX,Leiden
Meloenstraat,23,"","",2321GX,Leiden
Meloenstraat,25,"","",2321GX,Leiden
Meloenstraat,27,"","",2321GX,Leiden
Meloenstraat,29,"","",2321GX,Leiden
Meloenstraat,3,"","",2321GX,Leiden
Meloenstraat,31,"","",2321GX,Leiden
Meloenstraat,33,"","",2321GX,Leiden
Meloenstraat,35,"","",2321GX,Leiden
Meloenstraat,39,"","",2321GX,Leiden
Meloenstraat,41,"","",2321GX,Leiden
Meloenstraat,43,"","",2321GX,Leiden
Meloenstraat,45,"","",2321GX,Leiden
Meloenstraat,47,"","",2321GX,Leiden
Meloenstraat,5,"","",2321GX,Leiden
Meloenstraat,7,"","",2321GX,Leiden
Meloenstraat,9,"","",2321GX,Leiden
Meloenstraat,10,"","",2321GZ,Leiden
Meloenstraat,12,"","",2321GZ,Leiden
Meloenstraat,14,"","",2321GZ,Leiden
Meloenstraat,16,"","",2321GZ,Leiden
Meloenstraat,18,"","",2321GZ,Leiden
Meloenstraat,2,"","",2321GZ,Leiden
Meloenstraat,20,"","",2321GZ,Leiden
Meloenstraat,22,"","",2321GZ,Leiden
Meloenstraat,24,"","",2321GZ,Leiden
Meloenstraat,26,"","",2321GZ,Leiden
Meloenstraat,28,"","",2321GZ,Leiden
Meloenstraat,30,"","",2321GZ,Leiden
Meloenstraat,32,"","",2321GZ,Leiden
Meloenstraat,34,"","",2321GZ,Leiden
Meloenstraat,36,"","",2321GZ,Leiden
Meloenstraat,4,"","",2321GZ,Leiden
Meloenstraat,6,"","",2321GZ,Leiden
Meloenstraat,8,"","",2321GZ,Leiden
Appelstraat,1,"","",2321HA,Leiden
Appelstraat,11,"","",2321HA,Leiden
Appelstraat,13,"","",2321HA,Leiden
Appelstraat,15,"","",2321HA,Leiden
Appelstraat,17,"","",2321HA,Leiden
Appelstraat,19,"","",2321HA,Leiden
Appelstraat,21,"","",2321HA,Leiden
Appelstraat,23,"","",2321HA,Leiden
Appelstraat,25,"","",2321HA,Leiden
Appelstraat,27,"","",2321HA,Leiden
Appelstraat,29,"","",2321HA,Leiden
Appelstraat,3,"","",2321HA,Leiden
Appelstraat,31,"","",2321HA,Leiden
Appelstraat,5,"","",2321HA,Leiden
Appelstraat,7,"","",2321HA,Leiden
Appelstraat,9,"","",2321HA,Leiden
Appelstraat,10,"","",2321HB,Leiden
Appelstraat,12,"","",2321HB,Leiden
Appelstraat,14,"","",2321HB,Leiden
Appelstraat,16,"","",2321HB,Leiden
Appelstraat,18,"","",2321HB,Leiden
Appelstraat,2,"","",2321HB,Leiden
Appelstraat,20,"","",2321HB,Leiden
Appelstraat,22,"","",2321HB,Leiden
Appelstraat,24,"","",2321HB,Leiden
Appelstraat,4,"","",2321HB,Leiden
Appelstraat,6,"","",2321HB,Leiden
Appelstraat,8,"","",2321HB,Leiden
Tomatenstraat,1,"","",2321HC,Leiden
Tomatenstraat,11,"","",2321HC,Leiden
Tomatenstraat,13,"","",2321HC,Leiden
Tomatenstraat,15,"","",2321HC,Leiden
Tomatenstraat,3,"","",2321HC,Leiden
Tomatenstraat,5,"","",2321HC,Leiden
Tomatenstraat,7,"","",2321HC,Leiden
Tomatenstraat,9,"","",2321HC,Leiden
Tomatenstraat,17,"","",2321HD,Leiden
Tomatenstraat,19,"","",2321HD,Leiden
Tomatenstraat,21,"","",2321HD,Leiden
Tomatenstraat,23,"","",2321HD,Leiden
Tomatenstraat,25,"","",2321HD,Leiden
Tomatenstraat,27,"","",2321HD,Leiden
Tomatenstraat,29,"","",2321HD,Leiden
Tomatenstraat,31,"","",2321HE,Leiden
Tomatenstraat,33,"","",2321HE,Leiden
Tomatenstraat,35,"","",2321HE,Leiden
Tomatenstraat,37,"","",2321HE,Leiden
Tomatenstraat,39,"","",2321HE,Leiden
Tomatenstraat,41,"","",2321HE,Leiden
Tomatenstraat,43,"","",2321HE,Leiden
Tomatenstraat,45,"","",2321HE,Leiden
Tomatenstraat,47,"","",2321HE,Leiden
Tomatenstraat,49,"","",2321HE,Leiden
Tomatenstraat,51,"","",2321HE,Leiden
Tomatenstraat,53,"","",2321HE,Leiden
Tomatenstraat,55,"","",2321HE,Leiden
Tomatenstraat,57,"","",2321HE,Leiden
Tomatenstraat,59,"","",2321HE,Leiden
Tomatenstraat,61,"","",2321HE,Leiden
Tomatenstraat,10,"","",2321HG,Leiden
Tomatenstraat,2,"","",2321HG,Leiden
Tomatenstraat,4,"","",2321HG,Leiden
Tomatenstraat,6,"","",2321HG,Leiden
Tomatenstraat,8,"","",2321HG,Leiden
Tomatenstraat,12,"","",2321HH,Leiden
Tomatenstraat,12,A,"",2321HH,Leiden
Tomatenstraat,14,"","",2321HH,Leiden
Tomatenstraat,14,A,"",2321HH,Leiden
Tomatenstraat,16,"","",2321HH,Leiden
Tomatenstraat,16,A,"",2321HH,Leiden
Tomatenstraat,18,"","",2321HH,Leiden
Tomatenstraat,18,A,"",2321HH,Leiden
Tomatenstraat,20,"","",2321HH,Leiden
Tomatenstraat,20,"","",2321HH,Leiden
Tomatenstraat,20,"","",2321HH,Leiden
Tomatenstraat,20,A,"",2321HH,Leiden
Tomatenstraat,20,A,"",2321HH,Leiden
Tomatenstraat,20,B,"",2321HH,Leiden
Tomatenstraat,20,B,"",2321HH,Leiden
Tomatenstraat,20,C,"",2321HH,Leiden
Tomatenstraat,22,"","",2321HH,Leiden
Tomatenstraat,22,A,"",2321HH,Leiden
Tomatenstraat,24,"","",2321HH,Leiden
Tomatenstraat,26,"","",2321HH,Leiden
Tomatenstraat,28,"","",2321HH,Leiden
Tomatenstraat,30,"","",2321HH,Leiden
Tomatenstraat,32,"","",2321HJ,Leiden
Tomatenstraat,34,"","",2321HJ,Leiden
Tomatenstraat,36,"","",2321HJ,Leiden
Tomatenstraat,38,"","",2321HJ,Leiden
Tomatenstraat,40,"","",2321HJ,Leiden
Tomatenstraat,42,"","",2321HJ,Leiden
Tomatenstraat,44,"","",2321HJ,Leiden
Tomatenstraat,46,"","",2321HJ,Leiden
Tomatenstraat,48,"","",2321HJ,Leiden
Tomatenstraat,50,"","",2321HJ,Leiden
Tomatenstraat,52,"","",2321HJ,Leiden
Tomatenstraat,54,"","",2321HJ,Leiden
Tomatenstraat,56,"","",2321HJ,Leiden
Tomatenstraat,58,"","",2321HJ,Leiden
Tomatenstraat,60,"","",2321HJ,Leiden
Tomatenstraat,62,"","",2321HJ,Leiden
Tomatenstraat,64,"","",2321HK,Leiden
Tomatenstraat,66,"","",2321HK,Leiden
Tomatenstraat,68,"","",2321HK,Leiden
Tomatenstraat,70,"","",2321HK,Leiden
Tomatenstraat,72,"","",2321HK,Leiden
Tomatenstraat,74,"","",2321HK,Leiden
Tomatenstraat,76,"","",2321HK,Leiden
Tomatenstraat,78,"","",2321HK,Leiden
Tomatenstraat,80,"","",2321HK,Leiden
Tomatenstraat,82,"","",2321HK,Leiden
Tomatenstraat,84,"","",2321HK,Leiden
Tomatenstraat,86,"","",2321HK,Leiden
Tomatenstraat,88,"","",2321HK,Leiden
Tomatenstraat,90,"","",2321HK,Leiden
Tomatenstraat,92,"","",2321HK,Leiden
Tomatenstraat,94,"","",2321HK,Leiden
Druivenstraat,1,"","",2321HL,Leiden
Druivenstraat,1,A,"",2321HL,Leiden
Druivenstraat,11,"","",2321HL,Leiden
Druivenstraat,13,"","",2321HL,Leiden
Druivenstraat,15,"","",2321HL,Leiden
Druivenstraat,17,"","",2321HL,Leiden
Druivenstraat,19,"","",2321HL,Leiden
Druivenstraat,21,"","",2321HL,Leiden
Druivenstraat,23,"","",2321HL,Leiden
Druivenstraat,25,"","",2321HL,Leiden
Druivenstraat,3,"","",2321HL,Leiden
Druivenstraat,5,"","",2321HL,Leiden
Druivenstraat,7,"","",2321HL,Leiden
Druivenstraat,9,"","",2321HL,Leiden
Druivenstraat,27,"","",2321HM,Leiden
Druivenstraat,29,"","",2321HM,Leiden
Druivenstraat,31,"","",2321HM,Leiden
Druivenstraat,33,"","",2321HM,Leiden
Druivenstraat,35,"","",2321HM,Leiden
Druivenstraat,37,"","",2321HM,Leiden
Druivenstraat,39,"","",2321HM,Leiden
Druivenstraat,41,"","",2321HM,Leiden
Druivenstraat,43,"","",2321HM,Leiden
Druivenstraat,45,"","",2321HM,Leiden
Druivenstraat,47,"","",2321HM,Leiden
Druivenstraat,49,"","",2321HM,Leiden
Druivenstraat,51,"","",2321HM,Leiden
Druivenstraat,53,"","",2321HM,Leiden
Druivenstraat,10,"","",2321HN,Leiden
Druivenstraat,12,"","",2321HN,Leiden
Druivenstraat,14,"","",2321HN,Leiden
Druivenstraat,16,"","",2321HN,Leiden
Druivenstraat,18,"","",2321HN,Leiden
Druivenstraat,2,"","",2321HN,Leiden
Druivenstraat,20,"","",2321HN,Leiden
Druivenstraat,22,"","",2321HN,Leiden
Druivenstraat,24,"","",2321HN,Leiden
Druivenstraat,26,"","",2321HN,Leiden
Druivenstraat,28,"","",2321HN,Leiden
Druivenstraat,30,"","",2321HN,Leiden
Druivenstraat,32,"","",2321HN,Leiden
Druivenstraat,34,"","",2321HN,Leiden
Druivenstraat,36,"","",2321HN,Leiden
Druivenstraat,38,"","",2321HN,Leiden
Druivenstraat,4,"","",2321HN,Leiden
Druivenstraat,40,"","",2321HN,Leiden
Druivenstraat,42,"","",2321HN,Leiden
Druivenstraat,44,"","",2321HN,Leiden
Druivenstraat,46,"","",2321HN,Leiden
Druivenstraat,6,"","",2321HN,Leiden
Druivenstraat,8,"","",2321HN,Leiden
Kersenstraat,1,"","",2321HP,Leiden
Kersenstraat,11,"","",2321HP,Leiden
Kersenstraat,13,"","",2321HP,Leiden
Kersenstraat,15,"","",2321HP,Leiden
Kersenstraat,17,"","",2321HP,Leiden
Kersenstraat,19,"","",2321HP,Leiden
Kersenstraat,21,"","",2321HP,Leiden
Kersenstraat,23,"","",2321HP,Leiden
Kersenstraat,25,"","",2321HP,Leiden
Kersenstraat,27,"","",2321HP,Leiden
Kersenstraat,29,"","",2321HP,Leiden
Kersenstraat,3,"","",2321HP,Leiden
Kersenstraat,31,"","",2321HP,Leiden
Kersenstraat,33,"","",2321HP,Leiden
Kersenstraat,35,"","",2321HP,Leiden
Kersenstraat,37,"","",2321HP,Leiden
Kersenstraat,5,"","",2321HP,Leiden
Kersenstraat,7,"","",2321HP,Leiden
Kersenstraat,9,"","",2321HP,Leiden
Kersenstraat,10,"","",2321HR,Leiden
Kersenstraat,12,"","",2321HR,Leiden
Kersenstraat,14,"","",2321HR,Leiden
Kersenstraat,16,"","",2321HR,Leiden
Kersenstraat,18,"","",2321HR,Leiden
Kersenstraat,2,"","",2321HR,Leiden
Kersenstraat,20,"","",2321HR,Leiden
Kersenstraat,22,"","",2321HR,Leiden
Kersenstraat,24,"","",2321HR,Leiden
Kersenstraat,26,"","",2321HR,Leiden
Kersenstraat,28,"","",2321HR,Leiden
Kersenstraat,30,"","",2321HR,Leiden
Kersenstraat,32,"","",2321HR,Leiden
Kersenstraat,34,"","",2321HR,Leiden
Kersenstraat,4,"","",2321HR,Leiden
Kersenstraat,6,"","",2321HR,Leiden
Kersenstraat,8,"","",2321HR,Leiden
Lammenschansweg,141,A,"",2321HS,Leiden
Lammenschansweg,141,B,"",2321HS,Leiden
Lammenschansweg,141,C,"",2321HS,Leiden
Lammenschansweg,141,D,"",2321HS,Leiden
Lammenschansweg,141,E,"",2321HS,Leiden
Lammenschansweg,141,F,"",2321HS,Leiden
Lammenschansweg,141,T,"",2321HS,Leiden
Lammenschansweg,141,Z,"",2321HS,Leiden
Lammenschansweg,143,"","",2321HS,Leiden
Lammenschansweg,149,"","",2321HS,Leiden
Lammenschansweg,151,"","",2321HS,Leiden
Lammenschansweg,153,"","",2321HS,Leiden
Lammenschansweg,155,"","",2321HS,Leiden
Lammenschansweg,157,"","",2321HS,Leiden
Lammenschansweg,159,"","",2321HS,Leiden
Lammenschansweg,161,"","",2321HS,Leiden
Lammenschansweg,163,"","",2321HS,Leiden
Lammenschansweg,165,"","",2321HS,Leiden
Lammenschansweg,167,"","",2321HS,Leiden
Lammenschansweg,169,"","",2321HS,Leiden
Lammenschansweg,171,"","",2321HS,Leiden
Lammenschansweg,173,"","",2321HS,Leiden
Lammenschansweg,175,"","",2321HS,Leiden
Lammenschansweg,177,"","",2321HS,Leiden
Lammenschansweg,179,"","",2321HS,Leiden
Lammenschansweg,181,"","",2321HS,Leiden
Lammenschansweg,183,"","",2321HS,Leiden
Lammenschansweg,185,"","",2321HS,Leiden
Lammenschansweg,187,"","",2321HS,Leiden
Lammenschansweg,189,"","",2321HS,Leiden
Lammenschansweg,191,"","",2321HS,Leiden
Lammenschansweg,193,"","",2321HS,Leiden
Lammenschansweg,195,"","",2321HS,Leiden
Lammenschansweg,197,"","",2321HT,Leiden
Lammenschansweg,199,"","",2321HT,Leiden
Lammenschansweg,201,"","",2321HT,Leiden
Lammenschansweg,203,"","",2321HT,Leiden
Lammenschansweg,205,"","",2321HT,Leiden
Lammenschansweg,207,"","",2321HT,Leiden
Lammenschansweg,209,"","",2321HT,Leiden
Lammenschansweg,211,"","",2321HT,Leiden
Lammenschansweg,213,"","",2321HT,Leiden
Lammenschansweg,215,"","",2321HT,Leiden
Lammenschansweg,217,"","",2321HT,Leiden
Lammenschansweg,219,"","",2321HT,Leiden
Lammenschansweg,221,"","",2321HT,Leiden
Lammenschansweg,223,"","",2321HT,Leiden
Lammenschansweg,225,"","",2321HT,Leiden
Lammenschansweg,227,"","",2321HT,Leiden
Lammenschansweg,229,"","",2321HT,Leiden
Lammenschansweg,231,"","",2321HT,Leiden
Lammenschansweg,233,"","",2321HT,Leiden
Lammenschansweg,235,"","",2321HT,Leiden
Lammenschansweg,237,"","",2321HT,Leiden
Lammenschansweg,239,"","",2321HT,Leiden
Lammenschansweg,241,"","",2321HT,Leiden
Lammenschansweg,243,"","",2321HT,Leiden
Lammenschansweg,245,"","",2321HV,Leiden
Lammenschansweg,247,"","",2321HV,Leiden
Lammenschansweg,249,"","",2321HV,Leiden
Lammenschansweg,251,"","",2321HV,Leiden
Lammenschansweg,253,"","",2321HV,Leiden
Lammenschansweg,255,"","",2321HV,Leiden
Lammenschansweg,257,"","",2321HV,Leiden
Lammenschansweg,259,"","",2321HV,Leiden
Lammenschansweg,261,"","",2321HV,Leiden
Lammenschansweg,263,"","",2321HV,Leiden
Lammenschansweg,265,"","",2321HV,Leiden
Lammenschansweg,267,"","",2321HV,Leiden
Lammenschansweg,269,"","",2321HV,Leiden
Lammenschansweg,271,"","",2321HV,Leiden
Lammenschansweg,273,"","",2321HV,Leiden
Lammenschansweg,275,"","",2321HV,Leiden
Lammenschansweg,277,"","",2321HV,Leiden
Lammenschansweg,279,"","",2321HV,Leiden
Lammenschansweg,281,"","",2321HV,Leiden
Lammenschansweg,283,"","",2321HV,Leiden
Lammenschansweg,285,"","",2321HV,Leiden
Lammenschansweg,287,"","",2321HV,Leiden
Lammenschansweg,289,"","",2321HV,Leiden
Lammenschansweg,291,"","",2321HV,Leiden
Lammenschansweg,293,"","",2321HV,Leiden
Lammenschansweg,295,"","",2321HW,Leiden
Lammenschansweg,297,"","",2321HW,Leiden
Lammenschansweg,299,"","",2321HW,Leiden
Lammenschansweg,301,"","",2321HW,Leiden
Lammenschansweg,303,"","",2321HW,Leiden
Lammenschansweg,305,"","",2321HW,Leiden
Lammenschansweg,307,"","",2321HW,Leiden
Lammenschansweg,309,"","",2321HW,Leiden
Lammenschansweg,311,"","",2321HW,Leiden
Lammenschansweg,313,"","",2321HW,Leiden
Lammenschansweg,315,"","",2321HW,Leiden
Lammenschansweg,317,"","",2321HW,Leiden
Lammenschansweg,319,"","",2321HW,Leiden
Lammenschansweg,321,"","",2321HW,Leiden
Lammenschansweg,323,"","",2321HW,Leiden
Lammenschansweg,325,"","",2321HW,Leiden
Lammenschansweg,327,"","",2321HW,Leiden
Lammenschansweg,329,"","",2321HW,Leiden
Lammenschansweg,331,"","",2321HW,Leiden
Lammenschansweg,333,"","",2321HW,Leiden
Lammenschansweg,335,"","",2321HW,Leiden
Lammenschansweg,337,"","",2321HW,Leiden
Lammenschansweg,339,"","",2321HW,Leiden
Lammenschansweg,341,"","",2321HW,Leiden
Lammenschansweg,128,"","",2321HX,Leiden
Lammenschansweg,132,"","",2321HX,Leiden
Lammenschansweg,343,"","",2321HX,Leiden
Lammenschansweg,345,"","",2321HX,Leiden
Lammenschansweg,347,"","",2321HX,Leiden
Lammenschansweg,349,"","",2321HX,Leiden
Lammenschansweg,351,"","",2321HX,Leiden
Lammenschansweg,353,"","",2321HX,Leiden
Lammenschansweg,355,"","",2321HX,Leiden
Lammenschansweg,357,"","",2321HX,Leiden
Lammenschansweg,359,"","",2321HX,Leiden
Lammenschansweg,361,"","",2321HX,Leiden
Lammenschansweg,363,"","",2321HX,Leiden
Lammenschansweg,365,"","",2321HX,Leiden
Lammenschansweg,367,"","",2321HX,Leiden
Lammenschansweg,369,"","",2321HX,Leiden
Lammenschansweg,371,"","",2321HX,Leiden
Lammenschansweg,373,"","",2321HX,Leiden
Mangoweg,1,"","",2321HZ,Leiden
Mangoweg,101,"","",2321HZ,Leiden
Mangoweg,103,"","",2321HZ,Leiden
Mangoweg,105,"","",2321HZ,Leiden
Mangoweg,107,"","",2321HZ,Leiden
Mangoweg,109,"","",2321HZ,Leiden
Mangoweg,11,"","",2321HZ,Leiden
Mangoweg,111,"","",2321HZ,Leiden
Mangoweg,113,"","",2321HZ,Leiden
Mangoweg,115,"","",2321HZ,Leiden
Mangoweg,117,"","",2321HZ,Leiden
Mangoweg,119,"","",2321HZ,Leiden
Mangoweg,121,"","",2321HZ,Leiden
Mangoweg,123,"","",2321HZ,Leiden
Mangoweg,125,"","",2321HZ,Leiden
Mangoweg,127,"","",2321HZ,Leiden
Mangoweg,129,"","",2321HZ,Leiden
Mangoweg,13,"","",2321HZ,Leiden
Mangoweg,131,"","",2321HZ,Leiden
Mangoweg,133,"","",2321HZ,Leiden
Mangoweg,135,"","",2321HZ,Leiden
Mangoweg,137,"","",2321HZ,Leiden
Mangoweg,139,"","",2321HZ,Leiden
Mangoweg,141,"","",2321HZ,Leiden
Mangoweg,143,"","",2321HZ,Leiden
Mangoweg,145,"","",2321HZ,Leiden
Mangoweg,147,"","",2321HZ,Leiden
Mangoweg,147,A,"",2321HZ,Leiden
Mangoweg,149,"","",2321HZ,Leiden
Mangoweg,15,"","",2321HZ,Leiden
Mangoweg,151,"","",2321HZ,Leiden
Mangoweg,153,"","",2321HZ,Leiden
Mangoweg,155,"","",2321HZ,Leiden
Mangoweg,157,"","",2321HZ,Leiden
Mangoweg,159,"","",2321HZ,Leiden
Mangoweg,161,"","",2321HZ,Leiden
Mangoweg,163,"","",2321HZ,Leiden
Mangoweg,165,"","",2321HZ,Leiden
Mangoweg,167,"","",2321HZ,Leiden
Mangoweg,169,"","",2321HZ,Leiden
Mangoweg,17,"","",2321HZ,Leiden
Mangoweg,171,"","",2321HZ,Leiden
Mangoweg,173,"","",2321HZ,Leiden
Mangoweg,175,"","",2321HZ,Leiden
Mangoweg,177,"","",2321HZ,Leiden
Mangoweg,179,"","",2321HZ,Leiden
Mangoweg,181,"","",2321HZ,Leiden
Mangoweg,183,"","",2321HZ,Leiden
Mangoweg,185,"","",2321HZ,Leiden
Mangoweg,187,"","",2321HZ,Leiden
Mangoweg,189,"","",2321HZ,Leiden
Mangoweg,19,"","",2321HZ,Leiden
Mangoweg,191,"","",2321HZ,Leiden
Mangoweg,193,"","",2321HZ,Leiden
Mangoweg,195,"","",2321HZ,Leiden
Mangoweg,197,"","",2321HZ,Leiden
Mangoweg,199,"","",2321HZ,Leiden
Mangoweg,201,"","",2321HZ,Leiden
Mangoweg,203,"","",2321HZ,Leiden
Mangoweg,205,"","",2321HZ,Leiden
Mangoweg,207,"","",2321HZ,Leiden
Mangoweg,209,"","",2321HZ,Leiden
Mangoweg,21,"","",2321HZ,Leiden
Mangoweg,211,"","",2321HZ,Leiden
Mangoweg,213,"","",2321HZ,Leiden
Mangoweg,215,"","",2321HZ,Leiden
Mangoweg,217,"","",2321HZ,Leiden
Mangoweg,219,"","",2321HZ,Leiden
Mangoweg,221,"","",2321HZ,Leiden
Mangoweg,223,"","",2321HZ,Leiden
Mangoweg,225,"","",2321HZ,Leiden
Mangoweg,227,"","",2321HZ,Leiden
Mangoweg,229,"","",2321HZ,Leiden
Mangoweg,23,"","",2321HZ,Leiden
Mangoweg,231,"","",2321HZ,Leiden
Mangoweg,233,"","",2321HZ,Leiden
Mangoweg,235,"","",2321HZ,Leiden
Mangoweg,237,"","",2321HZ,Leiden
Mangoweg,239,"","",2321HZ,Leiden
Mangoweg,241,"","",2321HZ,Leiden
Mangoweg,243,"","",2321HZ,Leiden
Mangoweg,245,"","",2321HZ,Leiden
Mangoweg,247,"","",2321HZ,Leiden
Mangoweg,249,"","",2321HZ,Leiden
Mangoweg,25,"","",2321HZ,Leiden
Mangoweg,251,"","",2321HZ,Leiden
Mangoweg,253,"","",2321HZ,Leiden
Mangoweg,255,"","",2321HZ,Leiden
Mangoweg,257,"","",2321HZ,Leiden
Mangoweg,259,"","",2321HZ,Leiden
Mangoweg,261,"","",2321HZ,Leiden
Mangoweg,263,"","",2321HZ,Leiden
Mangoweg,265,"","",2321HZ,Leiden
Mangoweg,267,"","",2321HZ,Leiden
Mangoweg,269,"","",2321HZ,Leiden
Mangoweg,27,"","",2321HZ,Leiden
Mangoweg,271,"","",2321HZ,Leiden
Mangoweg,273,"","",2321HZ,Leiden
Mangoweg,275,"","",2321HZ,Leiden
Mangoweg,277,"","",2321HZ,Leiden
Mangoweg,279,"","",2321HZ,Leiden
Mangoweg,281,"","",2321HZ,Leiden
Mangoweg,283,"","",2321HZ,Leiden
Mangoweg,285,"","",2321HZ,Leiden
Mangoweg,287,"","",2321HZ,Leiden
Mangoweg,289,"","",2321HZ,Leiden
Mangoweg,29,"","",2321HZ,Leiden
Mangoweg,291,"","",2321HZ,Leiden
Mangoweg,293,"","",2321HZ,Leiden
Mangoweg,295,"","",2321HZ,Leiden
Mangoweg,297,"","",2321HZ,Leiden
Mangoweg,299,"","",2321HZ,Leiden
Mangoweg,3,"","",2321HZ,Leiden
Mangoweg,301,"","",2321HZ,Leiden
Mangoweg,303,"","",2321HZ,Leiden
Mangoweg,305,"","",2321HZ,Leiden
Mangoweg,307,"","",2321HZ,Leiden
Mangoweg,309,"","",2321HZ,Leiden
Mangoweg,31,"","",2321HZ,Leiden
Mangoweg,311,"","",2321HZ,Leiden
Mangoweg,313,"","",2321HZ,Leiden
Mangoweg,315,"","",2321HZ,Leiden
Mangoweg,317,"","",2321HZ,Leiden
Mangoweg,319,"","",2321HZ,Leiden
Mangoweg,321,"","",2321HZ,Leiden
Mangoweg,323,"","",2321HZ,Leiden
Mangoweg,325,"","",2321HZ,Leiden
Mangoweg,327,"","",2321HZ,Leiden
Mangoweg,329,"","",2321HZ,Leiden
Mangoweg,33,"","",2321HZ,Leiden
Mangoweg,331,"","",2321HZ,Leiden
Mangoweg,333,"","",2321HZ,Leiden
Mangoweg,335,"","",2321HZ,Leiden
Mangoweg,337,"","",2321HZ,Leiden
Mangoweg,339,"","",2321HZ,Leiden
Mangoweg,341,"","",2321HZ,Leiden
Mangoweg,343,"","",2321HZ,Leiden
Mangoweg,345,"","",2321HZ,Leiden
Mangoweg,347,"","",2321HZ,Leiden
Mangoweg,349,"","",2321HZ,Leiden
Mangoweg,35,"","",2321HZ,Leiden
Mangoweg,351,"","",2321HZ,Leiden
Mangoweg,353,"","",2321HZ,Leiden
Mangoweg,355,"","",2321HZ,Leiden
Mangoweg,357,"","",2321HZ,Leiden
Mangoweg,359,"","",2321HZ,Leiden
Mangoweg,361,"","",2321HZ,Leiden
Mangoweg,363,"","",2321HZ,Leiden
Mangoweg,365,"","",2321HZ,Leiden
Mangoweg,367,"","",2321HZ,Leiden
Mangoweg,369,"","",2321HZ,Leiden
Mangoweg,37,"","",2321HZ,Leiden
Mangoweg,371,"","",2321HZ,Leiden
Mangoweg,373,"","",2321HZ,Leiden
Mangoweg,375,"","",2321HZ,Leiden
Mangoweg,377,"","",2321HZ,Leiden
Mangoweg,379,"","",2321HZ,Leiden
Mangoweg,381,"","",2321HZ,Leiden
Mangoweg,383,"","",2321HZ,Leiden
Mangoweg,385,"","",2321HZ,Leiden
Mangoweg,387,"","",2321HZ,Leiden
Mangoweg,389,"","",2321HZ,Leiden
Mangoweg,39,"","",2321HZ,Leiden
Mangoweg,391,"","",2321HZ,Leiden
Mangoweg,393,"","",2321HZ,Leiden
Mangoweg,395,"","",2321HZ,Leiden
Mangoweg,397,"","",2321HZ,Leiden
Mangoweg,399,"","",2321HZ,Leiden
Mangoweg,401,"","",2321HZ,Leiden
Mangoweg,403,"","",2321HZ,Leiden
Mangoweg,405,"","",2321HZ,Leiden
Mangoweg,407,"","",2321HZ,Leiden
Mangoweg,409,"","",2321HZ,Leiden
Mangoweg,41,"","",2321HZ,Leiden
Mangoweg,411,"","",2321HZ,Leiden
Mangoweg,413,"","",2321HZ,Leiden
Mangoweg,415,"","",2321HZ,Leiden
Mangoweg,417,"","",2321HZ,Leiden
Mangoweg,419,"","",2321HZ,Leiden
Mangoweg,421,"","",2321HZ,Leiden
Mangoweg,423,"","",2321HZ,Leiden
Mangoweg,425,"","",2321HZ,Leiden
Mangoweg,427,"","",2321HZ,Leiden
Mangoweg,429,"","",2321HZ,Leiden
Mangoweg,43,"","",2321HZ,Leiden
Mangoweg,431,"","",2321HZ,Leiden
Mangoweg,433,"","",2321HZ,Leiden
Mangoweg,433,"","",2321HZ,Leiden
Mangoweg,45,"","",2321HZ,Leiden
Mangoweg,47,"","",2321HZ,Leiden
Mangoweg,49,"","",2321HZ,Leiden
Mangoweg,5,"","",2321HZ,Leiden
Mangoweg,51,"","",2321HZ,Leiden
Mangoweg,53,"","",2321HZ,Leiden
Mangoweg,55,"","",2321HZ,Leiden
Mangoweg,57,"","",2321HZ,Leiden
Mangoweg,59,"","",2321HZ,Leiden
Mangoweg,61,"","",2321HZ,Leiden
Mangoweg,63,"","",2321HZ,Leiden
Mangoweg,65,"","",2321HZ,Leiden
Mangoweg,67,"","",2321HZ,Leiden
Mangoweg,69,"","",2321HZ,Leiden
Mangoweg,7,"","",2321HZ,Leiden
Mangoweg,71,"","",2321HZ,Leiden
Mangoweg,73,"","",2321HZ,Leiden
Mangoweg,75,"","",2321HZ,Leiden
Mangoweg,77,"","",2321HZ,Leiden
Mangoweg,79,"","",2321HZ,Leiden
Mangoweg,81,"","",2321HZ,Leiden
Mangoweg,83,"","",2321HZ,Leiden
Mangoweg,85,"","",2321HZ,Leiden
Mangoweg,87,"","",2321HZ,Leiden
Mangoweg,89,"","",2321HZ,Leiden
Mangoweg,9,"","",2321HZ,Leiden
Mangoweg,91,"","",2321HZ,Leiden
Mangoweg,93,"","",2321HZ,Leiden
Mangoweg,95,"","",2321HZ,Leiden
Mangoweg,97,"","",2321HZ,Leiden
Mangoweg,99,"","",2321HZ,Leiden
Lammenschansplein,1,"","",2321JA,Leiden
Lammenschansplein,1,A,"",2321JA,Leiden
Lammenschansplein,1,B,"",2321JA,Leiden
Lammenschansplein,2,"","",2321JA,Leiden
Lammenschansplein,3,"","",2321JA,Leiden
Lammenschansplein,4,"","",2321JA,Leiden
Lammenschansplein,10,"","",2321JB,Leiden
Lammenschansplein,11,"","",2321JB,Leiden
Lammenschansplein,12,"","",2321JB,Leiden
Lammenschansplein,13,"","",2321JB,Leiden
Lammenschansplein,14,"","",2321JB,Leiden
Lammenschansplein,15,"","",2321JB,Leiden
Lammenschansplein,16,"","",2321JB,Leiden
Lammenschansplein,17,"","",2321JB,Leiden
Lammenschansplein,18,"","",2321JB,Leiden
Lammenschansplein,19,"","",2321JB,Leiden
Lammenschansplein,20,"","",2321JB,Leiden
Lammenschansplein,21,"","",2321JB,Leiden
Lammenschansplein,22,"","",2321JB,Leiden
Lammenschansplein,23,"","",2321JB,Leiden
Lammenschansplein,24,"","",2321JB,Leiden
Lammenschansplein,25,"","",2321JB,Leiden
Lammenschansplein,26,"","",2321JB,Leiden
Lammenschansplein,27,"","",2321JB,Leiden
Lammenschansplein,28,"","",2321JB,Leiden
Lammenschansplein,6,"","",2321JB,Leiden
Lammenschansplein,6,A,"",2321JB,Leiden
Lammenschansplein,6,B,"",2321JB,Leiden
Lammenschansplein,6,C,"",2321JB,Leiden
Lammenschansplein,7,"","",2321JB,Leiden
Lammenschansplein,8,"","",2321JB,Leiden
Lammenschansplein,9,"","",2321JB,Leiden
Plantijnstraat,1,"","",2321JC,Leiden
Plantijnstraat,10,"","",2321JC,Leiden
Plantijnstraat,10,A,"",2321JC,Leiden
Plantijnstraat,10,B,"",2321JC,Leiden
Plantijnstraat,10,T,"",2321JC,Leiden
Plantijnstraat,12,"","",2321JC,Leiden
Plantijnstraat,13,"","",2321JC,Leiden
Plantijnstraat,14,"","",2321JC,Leiden
Plantijnstraat,15,"","",2321JC,Leiden
Plantijnstraat,16,"","",2321JC,Leiden
Plantijnstraat,17,"","",2321JC,Leiden
Plantijnstraat,18,"","",2321JC,Leiden
Plantijnstraat,19,"","",2321JC,Leiden
Plantijnstraat,2,"","",2321JC,Leiden
Plantijnstraat,2,P,"",2321JC,Leiden
Plantijnstraat,2,Z,"",2321JC,Leiden
Plantijnstraat,20,"","",2321JC,Leiden
Plantijnstraat,21,"","",2321JC,Leiden
Plantijnstraat,21,"","",2321JC,Leiden
Plantijnstraat,22,"","",2321JC,Leiden
Plantijnstraat,23,"","",2321JC,Leiden
Plantijnstraat,24,"","",2321JC,Leiden
Plantijnstraat,25,"","",2321JC,Leiden
Plantijnstraat,26,"","",2321JC,Leiden
Plantijnstraat,27,"","",2321JC,Leiden
Plantijnstraat,28,"","",2321JC,Leiden
Plantijnstraat,29,"","",2321JC,Leiden
Plantijnstraat,3,"","",2321JC,Leiden
Plantijnstraat,3,A,"",2321JC,Leiden
Plantijnstraat,3,B,"",2321JC,Leiden
Plantijnstraat,30,"","",2321JC,Leiden
Plantijnstraat,4,"","",2321JC,Leiden
Plantijnstraat,4,A,"",2321JC,Leiden
Plantijnstraat,4,B,"",2321JC,Leiden
Plantijnstraat,5,"","",2321JC,Leiden
Plantijnstraat,5,A,"",2321JC,Leiden
Plantijnstraat,5,B,"",2321JC,Leiden
Plantijnstraat,6,"","",2321JC,Leiden
Plantijnstraat,6,A,"",2321JC,Leiden
Plantijnstraat,6,B,"",2321JC,Leiden
Plantijnstraat,7,"","",2321JC,Leiden
Plantijnstraat,7,A,"",2321JC,Leiden
Plantijnstraat,8,"","",2321JC,Leiden
Plantijnstraat,8,A,"",2321JC,Leiden
Plantijnstraat,8,B,"",2321JC,Leiden
Plantijnstraat,9,"","",2321JC,Leiden
Plantijnstraat,9,A,"",2321JC,Leiden
Plantijnstraat,9,B,"",2321JC,Leiden
Plantijnstraat,31,"","",2321JD,Leiden
Plantijnstraat,32,"","",2321JD,Leiden
Plantijnstraat,33,"","",2321JD,Leiden
Plantijnstraat,34,"","",2321JD,Leiden
Plantijnstraat,35,"","",2321JD,Leiden
Plantijnstraat,36,"","",2321JD,Leiden
Plantijnstraat,37,"","",2321JD,Leiden
Plantijnstraat,38,"","",2321JD,Leiden
Plantijnstraat,39,"","",2321JD,Leiden
Plantijnstraat,40,"","",2321JD,Leiden
Plantijnstraat,41,"","",2321JD,Leiden
Plantijnstraat,42,"","",2321JD,Leiden
Plantijnstraat,43,"","",2321JD,Leiden
Plantijnstraat,44,"","",2321JD,Leiden
Plantijnstraat,45,"","",2321JD,Leiden
Plantijnstraat,46,"","",2321JD,Leiden
Plantijnstraat,47,"","",2321JD,Leiden
Plantijnstraat,48,"","",2321JD,Leiden
Plantijnstraat,49,"","",2321JD,Leiden
Plantijnstraat,50,"","",2321JD,Leiden
Plantijnstraat,51,"","",2321JE,Leiden
Plantijnstraat,52,"","",2321JE,Leiden
Plantijnstraat,53,"","",2321JE,Leiden
Plantijnstraat,54,"","",2321JE,Leiden
Plantijnstraat,55,"","",2321JE,Leiden
Plantijnstraat,56,"","",2321JE,Leiden
Plantijnstraat,57,"","",2321JE,Leiden
Plantijnstraat,58,"","",2321JE,Leiden
Plantijnstraat,59,"","",2321JE,Leiden
Plantijnstraat,60,"","",2321JE,Leiden
Plantijnstraat,61,"","",2321JE,Leiden
Plantijnstraat,61,"","",2321JE,Leiden
Plantijnstraat,61,"","",2321JE,Leiden
Plantijnstraat,62,"","",2321JE,Leiden
Plantijnstraat,63,"","",2321JE,Leiden
Plantijnstraat,64,"","",2321JE,Leiden
Plantijnstraat,65,"","",2321JE,Leiden
Plantijnstraat,66,"","",2321JE,Leiden
Plantijnstraat,67,"","",2321JE,Leiden
Plantijnstraat,68,"","",2321JE,Leiden
Plantijnstraat,69,"","",2321JE,Leiden
Plantijnstraat,70,"","",2321JE,Leiden
Plantijnstraat,71,"","",2321JG,Leiden
Plantijnstraat,71,A,"",2321JG,Leiden
Plantijnstraat,72,"","",2321JG,Leiden
Plantijnstraat,73,"","",2321JG,Leiden
Plantijnstraat,74,"","",2321JG,Leiden
Plantijnstraat,75,"","",2321JG,Leiden
Plantijnstraat,76,"","",2321JG,Leiden
Plantijnstraat,77,"","",2321JG,Leiden
Plantijnstraat,78,"","",2321JG,Leiden
Plantijnstraat,79,"","",2321JG,Leiden
Plantijnstraat,80,"","",2321JG,Leiden
Plantijnstraat,81,"","",2321JG,Leiden
Plantijnstraat,81,A,"",2321JG,Leiden
Plantijnstraat,82,"","",2321JG,Leiden
Plantijnstraat,83,"","",2321JG,Leiden
Plantijnstraat,84,"","",2321JG,Leiden
Plantijnstraat,85,"","",2321JG,Leiden
Plantijnstraat,86,"","",2321JG,Leiden
Plantijnstraat,87,"","",2321JG,Leiden
Plantijnstraat,88,"","",2321JG,Leiden
Plantijnstraat,89,"","",2321JG,Leiden
Plantijnstraat,90,"","",2321JG,Leiden
Plantijnstraat,100,"","",2321JH,Leiden
Plantijnstraat,101,"","",2321JH,Leiden
Plantijnstraat,102,"","",2321JH,Leiden
Plantijnstraat,103,"","",2321JH,Leiden
Plantijnstraat,104,"","",2321JH,Leiden
Plantijnstraat,105,"","",2321JH,Leiden
Plantijnstraat,106,"","",2321JH,Leiden
Plantijnstraat,107,"","",2321JH,Leiden
Plantijnstraat,108,"","",2321JH,Leiden
Plantijnstraat,109,"","",2321JH,Leiden
Plantijnstraat,110,"","",2321JH,Leiden
Plantijnstraat,91,"","",2321JH,Leiden
Plantijnstraat,91,"","",2321JH,Leiden
Plantijnstraat,91,"","",2321JH,Leiden
Plantijnstraat,92,"","",2321JH,Leiden
Plantijnstraat,93,"","",2321JH,Leiden
Plantijnstraat,94,"","",2321JH,Leiden
Plantijnstraat,95,"","",2321JH,Leiden
Plantijnstraat,96,"","",2321JH,Leiden
Plantijnstraat,97,"","",2321JH,Leiden
Plantijnstraat,98,"","",2321JH,Leiden
Plantijnstraat,99,"","",2321JH,Leiden
Plantijnstraat,111,"","",2321JJ,Leiden
Plantijnstraat,112,"","",2321JJ,Leiden
Plantijnstraat,113,"","",2321JJ,Leiden
Plantijnstraat,114,"","",2321JJ,Leiden
Plantijnstraat,115,"","",2321JJ,Leiden
Plantijnstraat,116,"","",2321JJ,Leiden
Plantijnstraat,117,"","",2321JJ,Leiden
Plantijnstraat,118,"","",2321JJ,Leiden
Plantijnstraat,119,"","",2321JJ,Leiden
Plantijnstraat,120,"","",2321JJ,Leiden
Plantijnstraat,121,"","",2321JJ,Leiden
Plantijnstraat,122,"","",2321JJ,Leiden
Plantijnstraat,123,"","",2321JJ,Leiden
Plantijnstraat,124,"","",2321JJ,Leiden
Plantijnstraat,125,"","",2321JJ,Leiden
Plantijnstraat,126,"","",2321JJ,Leiden
Plantijnstraat,127,"","",2321JJ,Leiden
Plantijnstraat,128,"","",2321JJ,Leiden
Lammenschanspark,1,"","",2321JK,Leiden
Lammenschanspark,1,"","",2321JK,Leiden
Lammenschanspark,1,"","",2321JK,Leiden
Lammenschanspark,1,T,"",2321JK,Leiden
Orionstraat,10,"","",2321JK,Leiden
Orionstraat,100,"","",2321JK,Leiden
Orionstraat,102,"","",2321JK,Leiden
Orionstraat,104,"","",2321JK,Leiden
Orionstraat,106,"","",2321JK,Leiden
Orionstraat,108,"","",2321JK,Leiden
Orionstraat,110,"","",2321JK,Leiden
Orionstraat,112,"","",2321JK,Leiden
Orionstraat,114,"","",2321JK,Leiden
Orionstraat,116,"","",2321JK,Leiden
Orionstraat,118,"","",2321JK,Leiden
Orionstraat,12,"","",2321JK,Leiden
Orionstraat,120,"","",2321JK,Leiden
Orionstraat,122,"","",2321JK,Leiden
Orionstraat,124,"","",2321JK,Leiden
Orionstraat,126,"","",2321JK,Leiden
Orionstraat,128,"","",2321JK,Leiden
Orionstraat,130,"","",2321JK,Leiden
Orionstraat,132,"","",2321JK,Leiden
Orionstraat,134,"","",2321JK,Leiden
Orionstraat,136,"","",2321JK,Leiden
Orionstraat,138,"","",2321JK,Leiden
Orionstraat,14,"","",2321JK,Leiden
Orionstraat,140,"","",2321JK,Leiden
Orionstraat,142,"","",2321JK,Leiden
Orionstraat,144,"","",2321JK,Leiden
Orionstraat,146,"","",2321JK,Leiden
Orionstraat,148,"","",2321JK,Leiden
Orionstraat,150,"","",2321JK,Leiden
Orionstraat,152,"","",2321JK,Leiden
Orionstraat,154,"","",2321JK,Leiden
Orionstraat,156,"","",2321JK,Leiden
Orionstraat,158,"","",2321JK,Leiden
Orionstraat,16,"","",2321JK,Leiden
Orionstraat,160,"","",2321JK,Leiden
Orionstraat,162,"","",2321JK,Leiden
Orionstraat,164,"","",2321JK,Leiden
Orionstraat,166,"","",2321JK,Leiden
Orionstraat,168,"","",2321JK,Leiden
Orionstraat,170,"","",2321JK,Leiden
Orionstraat,172,"","",2321JK,Leiden
Orionstraat,174,"","",2321JK,Leiden
Orionstraat,18,"","",2321JK,Leiden
Lammenschanspark,2,"","",2321JK,Leiden
Lammenschanspark,2,"","",2321JK,Leiden
Orionstraat,20,"","",2321JK,Leiden
Orionstraat,22,"","",2321JK,Leiden
Orionstraat,24,"","",2321JK,Leiden
Orionstraat,26,"","",2321JK,Leiden
Orionstraat,28,"","",2321JK,Leiden
Lammenschanspark,3,"","",2321JK,Leiden
Lammenschanspark,3,"","",2321JK,Leiden
Lammenschanspark,3,"","",2321JK,Leiden
Lammenschanspark,3,"","",2321JK,Leiden
Orionstraat,30,"","",2321JK,Leiden
Orionstraat,32,"","",2321JK,Leiden
Orionstraat,34,"","",2321JK,Leiden
Orionstraat,36,"","",2321JK,Leiden
Orionstraat,38,"","",2321JK,Leiden
Lammenschanspark,4,"","",2321JK,Leiden
Lammenschanspark,4,"","",2321JK,Leiden
Orionstraat,40,"","",2321JK,Leiden
Orionstraat,42,"","",2321JK,Leiden
Orionstraat,44,"","",2321JK,Leiden
Orionstraat,46,"","",2321JK,Leiden
Orionstraat,48,"","",2321JK,Leiden
Lammenschanspark,5,"","",2321JK,Leiden
Orionstraat,50,"","",2321JK,Leiden
Orionstraat,52,"","",2321JK,Leiden
Orionstraat,54,"","",2321JK,Leiden
Orionstraat,56,"","",2321JK,Leiden
Orionstraat,58,"","",2321JK,Leiden
Orionstraat,6,"","",2321JK,Leiden
Orionstraat,60,"","",2321JK,Leiden
Orionstraat,62,"","",2321JK,Leiden
Orionstraat,64,"","",2321JK,Leiden
Orionstraat,66,"","",2321JK,Leiden
Orionstraat,68,"","",2321JK,Leiden
Orionstraat,70,"","",2321JK,Leiden
Orionstraat,72,"","",2321JK,Leiden
Orionstraat,74,"","",2321JK,Leiden
Orionstraat,76,"","",2321JK,Leiden
Orionstraat,78,"","",2321JK,Leiden
Orionstraat,8,"","",2321JK,Leiden
Orionstraat,80,"","",2321JK,Leiden
Orionstraat,82,"","",2321JK,Leiden
Orionstraat,84,"","",2321JK,Leiden
Orionstraat,86,"","",2321JK,Leiden
Orionstraat,88,"","",2321JK,Leiden
Orionstraat,90,"","",2321JK,Leiden
Orionstraat,92,"","",2321JK,Leiden
Orionstraat,94,"","",2321JK,Leiden
Orionstraat,96,"","",2321JK,Leiden
Orionstraat,98,"","",2321JK,Leiden
Harmen Doumastraat,10,"","",2321JL,Leiden
Harmen Doumastraat,12,"","",2321JL,Leiden
Harmen Doumastraat,14,"","",2321JL,Leiden
Harmen Doumastraat,16,"","",2321JL,Leiden
Harmen Doumastraat,18,"","",2321JL,Leiden
Harmen Doumastraat,2,"","",2321JL,Leiden
Harmen Doumastraat,20,"","",2321JL,Leiden
Harmen Doumastraat,22,"","",2321JL,Leiden
Harmen Doumastraat,24,"","",2321JL,Leiden
Harmen Doumastraat,26,"","",2321JL,Leiden
Harmen Doumastraat,28,"","",2321JL,Leiden
Harmen Doumastraat,30,"","",2321JL,Leiden
Harmen Doumastraat,32,"","",2321JL,Leiden
Harmen Doumastraat,34,"","",2321JL,Leiden
Harmen Doumastraat,36,"","",2321JL,Leiden
Harmen Doumastraat,4,"","",2321JL,Leiden
Harmen Doumastraat,6,"","",2321JL,Leiden
Harmen Doumastraat,8,"","",2321JL,Leiden
Hans Flustraat,10,"","",2321JM,Leiden
Hans Flustraat,12,"","",2321JM,Leiden
Hans Flustraat,14,"","",2321JM,Leiden
Hans Flustraat,16,"","",2321JM,Leiden
Hans Flustraat,18,"","",2321JM,Leiden
Hans Flustraat,2,"","",2321JM,Leiden
Hans Flustraat,2,"","",2321JM,Leiden
Hans Flustraat,2,"","",2321JM,Leiden
Hans Flustraat,2,A,"",2321JM,Leiden
Hans Flustraat,2,A,"",2321JM,Leiden
Hans Flustraat,2,B,"",2321JM,Leiden
Hans Flustraat,2,B,"",2321JM,Leiden
Hans Flustraat,20,"","",2321JM,Leiden
Hans Flustraat,22,"","",2321JM,Leiden
Hans Flustraat,4,"","",2321JM,Leiden
Hans Flustraat,6,"","",2321JM,Leiden
Hans Flustraat,8,"","",2321JM,Leiden
Chris de Jongstraat,10,"","",2321JN,Leiden
Chris de Jongstraat,12,"","",2321JN,Leiden
Chris de Jongstraat,14,"","",2321JN,Leiden
Chris de Jongstraat,16,"","",2321JN,Leiden
Chris de Jongstraat,18,"","",2321JN,Leiden
Chris de Jongstraat,2,"","",2321JN,Leiden
Chris de Jongstraat,20,"","",2321JN,Leiden
Chris de Jongstraat,22,"","",2321JN,Leiden
Chris de Jongstraat,4,"","",2321JN,Leiden
Chris de Jongstraat,6,"","",2321JN,Leiden
Chris de Jongstraat,8,"","",2321JN,Leiden
Vrijheidslaan,1,"","",2321JP,Leiden
Vrijheidslaan,11,"","",2321JP,Leiden
Vrijheidslaan,13,"","",2321JP,Leiden
Vrijheidslaan,15,"","",2321JP,Leiden
Vrijheidslaan,17,"","",2321JP,Leiden
Vrijheidslaan,19,"","",2321JP,Leiden
Vrijheidslaan,21,"","",2321JP,Leiden
Vrijheidslaan,23,"","",2321JP,Leiden
Vrijheidslaan,25,"","",2321JP,Leiden
Vrijheidslaan,27,"","",2321JP,Leiden
Vrijheidslaan,29,"","",2321JP,Leiden
Vrijheidslaan,3,"","",2321JP,Leiden
Vrijheidslaan,31,"","",2321JP,Leiden
Vrijheidslaan,33,"","",2321JP,Leiden
Vrijheidslaan,5,"","",2321JP,Leiden
Vrijheidslaan,7,"","",2321JP,Leiden
Vrijheidslaan,9,"","",2321JP,Leiden
Corbuloweg,1,"","",2321JS,Leiden
Corbuloweg,10,"","",2321JS,Leiden
Corbuloweg,10,"","",2321JS,Leiden
Corbuloweg,11,"","",2321JS,Leiden
Corbuloweg,12,"","",2321JS,Leiden
Corbuloweg,12,"","",2321JS,Leiden
Corbuloweg,13,"","",2321JS,Leiden
Corbuloweg,14,"","",2321JS,Leiden
Corbuloweg,14,"","",2321JS,Leiden
Corbuloweg,14,"","",2321JS,Leiden
Corbuloweg,15,"","",2321JS,Leiden
Corbuloweg,16,"","",2321JS,Leiden
Corbuloweg,16,"","",2321JS,Leiden
Corbuloweg,17,"","",2321JS,Leiden
Corbuloweg,18,"","",2321JS,Leiden
Corbuloweg,18,"","",2321JS,Leiden
Corbuloweg,2,"","",2321JS,Leiden
Corbuloweg,2,"","",2321JS,Leiden
Corbuloweg,22,"","",2321JS,Leiden
Corbuloweg,22,"","",2321JS,Leiden
Corbuloweg,3,"","",2321JS,Leiden
Corbuloweg,4,"","",2321JS,Leiden
Corbuloweg,4,"","",2321JS,Leiden
Corbuloweg,5,"","",2321JS,Leiden
Corbuloweg,6,"","",2321JS,Leiden
Corbuloweg,6,"","",2321JS,Leiden
Corbuloweg,7,"","",2321JS,Leiden
Corbuloweg,8,"","",2321JS,Leiden
Corbuloweg,8,"","",2321JS,Leiden
Corbuloweg,9,"","",2321JS,Leiden
Kanaalpark,1,"","",2321JV,Leiden
Kanaalpark,1,"","",2321JV,Leiden
Kanaalpark,101,"","",2321JV,Leiden
Kanaalpark,101,"","",2321JV,Leiden
Kanaalpark,103,"","",2321JV,Leiden
Kanaalpark,103,"","",2321JV,Leiden
Kanaalpark,105,"","",2321JV,Leiden
Kanaalpark,105,"","",2321JV,Leiden
Kanaalpark,107,"","",2321JV,Leiden
Kanaalpark,107,"","",2321JV,Leiden
Kanaalpark,109,"","",2321JV,Leiden
Kanaalpark,109,"","",2321JV,Leiden
Kanaalpark,11,"","",2321JV,Leiden
Kanaalpark,11,"","",2321JV,Leiden
Kanaalpark,111,"","",2321JV,Leiden
Kanaalpark,111,"","",2321JV,Leiden
Kanaalpark,113,"","",2321JV,Leiden
Kanaalpark,113,"","",2321JV,Leiden
Kanaalpark,115,"","",2321JV,Leiden
Kanaalpark,115,"","",2321JV,Leiden
Kanaalpark,117,"","",2321JV,Leiden
Kanaalpark,117,"","",2321JV,Leiden
Kanaalpark,119,"","",2321JV,Leiden
Kanaalpark,119,"","",2321JV,Leiden
Kanaalpark,121,"","",2321JV,Leiden
Kanaalpark,121,"","",2321JV,Leiden
Kanaalpark,123,"","",2321JV,Leiden
Kanaalpark,123,"","",2321JV,Leiden
Kanaalpark,125,"","",2321JV,Leiden
Kanaalpark,125,"","",2321JV,Leiden
Kanaalpark,127,"","",2321JV,Leiden
Kanaalpark,127,"","",2321JV,Leiden
Kanaalpark,129,"","",2321JV,Leiden
Kanaalpark,129,"","",2321JV,Leiden
Kanaalpark,13,"","",2321JV,Leiden
Kanaalpark,13,"","",2321JV,Leiden
Kanaalpark,131,"","",2321JV,Leiden
Kanaalpark,131,"","",2321JV,Leiden
Kanaalpark,133,"","",2321JV,Leiden
Kanaalpark,135,"","",2321JV,Leiden
Kanaalpark,137,"","",2321JV,Leiden
Kanaalpark,139,"","",2321JV,Leiden
Kanaalpark,140,"","",2321JV,Leiden
Kanaalpark,140,"","",2321JV,Leiden
Kanaalpark,140,A,"",2321JV,Leiden
Kanaalpark,141,"","",2321JV,Leiden
Kanaalpark,141,"","",2321JV,Leiden
Kanaalpark,141,A,"",2321JV,Leiden
Kanaalpark,141,T,"",2321JV,Leiden
Kanaalpark,142,"","",2321JV,Leiden
Kanaalpark,143,"","",2321JV,Leiden
Kanaalpark,143,"","",2321JV,Leiden
Kanaalpark,143,A,1,2321JV,Leiden
Kanaalpark,143,A,10,2321JV,Leiden
Kanaalpark,143,A,11,2321JV,Leiden
Kanaalpark,143,A,12,2321JV,Leiden
Kanaalpark,143,A,13,2321JV,Leiden
Kanaalpark,143,A,14,2321JV,Leiden
Kanaalpark,143,A,15,2321JV,Leiden
Kanaalpark,143,A,2,2321JV,Leiden
Kanaalpark,143,A,3,2321JV,Leiden
Kanaalpark,143,A,4,2321JV,Leiden
Kanaalpark,143,A,5,2321JV,Leiden
Kanaalpark,143,A,6,2321JV,Leiden
Kanaalpark,143,A,7,2321JV,Leiden
Kanaalpark,143,A,8,2321JV,Leiden
Kanaalpark,143,A,9,2321JV,Leiden
Kanaalpark,143,B,1,2321JV,Leiden
Kanaalpark,143,B,10,2321JV,Leiden
Kanaalpark,143,B,11,2321JV,Leiden
Kanaalpark,143,B,12,2321JV,Leiden
Kanaalpark,143,B,13,2321JV,Leiden
Kanaalpark,143,B,14,2321JV,Leiden
Kanaalpark,143,B,15,2321JV,Leiden
Kanaalpark,143,B,2,2321JV,Leiden
Kanaalpark,143,B,3,2321JV,Leiden
Kanaalpark,143,B,4,2321JV,Leiden
Kanaalpark,143,B,5,2321JV,Leiden
Kanaalpark,143,B,6,2321JV,Leiden
Kanaalpark,143,B,7,2321JV,Leiden
Kanaalpark,143,B,8,2321JV,Leiden
Kanaalpark,143,B,9,2321JV,Leiden
Kanaalpark,143,C,1,2321JV,Leiden
Kanaalpark,143,C,10,2321JV,Leiden
Kanaalpark,143,C,11,2321JV,Leiden
Kanaalpark,143,C,2,2321JV,Leiden
Kanaalpark,143,C,3,2321JV,Leiden
Kanaalpark,143,C,31,2321JV,Leiden
Kanaalpark,143,C,4,2321JV,Leiden
Kanaalpark,143,C,41,2321JV,Leiden
Kanaalpark,143,C,5,2321JV,Leiden
Kanaalpark,143,C,6,2321JV,Leiden
Kanaalpark,143,C,7,2321JV,Leiden
Kanaalpark,143,C,8,2321JV,Leiden
Kanaalpark,143,C,9,2321JV,Leiden
Kanaalpark,143,D,1,2321JV,Leiden
Kanaalpark,143,D,2,2321JV,Leiden
Kanaalpark,143,D,3,2321JV,Leiden
Kanaalpark,143,D,31,2321JV,Leiden
Kanaalpark,143,D,4,2321JV,Leiden
Kanaalpark,143,D,41,2321JV,Leiden
Kanaalpark,143,D,5,2321JV,Leiden
Kanaalpark,143,D,6,2321JV,Leiden
Kanaalpark,143,D,7,2321JV,Leiden
Kanaalpark,143,D,8,2321JV,Leiden
Kanaalpark,143,D,9,2321JV,Leiden
Kanaalpark,143,E,1,2321JV,Leiden
Kanaalpark,143,E,2,2321JV,Leiden
Kanaalpark,143,E,3,2321JV,Leiden
Kanaalpark,143,E,4,2321JV,Leiden
Kanaalpark,144,"","",2321JV,Leiden
Kanaalpark,145,"","",2321JV,Leiden
Kanaalpark,145,"","",2321JV,Leiden
Kanaalpark,145,A,"",2321JV,Leiden
Kanaalpark,145,A,"",2321JV,Leiden
Kanaalpark,145,A,"",2321JV,Leiden
Kanaalpark,147,"","",2321JV,Leiden
Kanaalpark,147,"","",2321JV,Leiden
Kanaalpark,147,"","",2321JV,Leiden
Kanaalpark,15,"","",2321JV,Leiden
Kanaalpark,15,"","",2321JV,Leiden
Kanaalpark,17,"","",2321JV,Leiden
Kanaalpark,17,"","",2321JV,Leiden
Kanaalpark,19,"","",2321JV,Leiden
Kanaalpark,19,"","",2321JV,Leiden
Kanaalpark,21,"","",2321JV,Leiden
Kanaalpark,21,"","",2321JV,Leiden
Kanaalpark,23,"","",2321JV,Leiden
Kanaalpark,23,"","",2321JV,Leiden
Kanaalpark,25,"","",2321JV,Leiden
Kanaalpark,25,"","",2321JV,Leiden
Kanaalpark,27,"","",2321JV,Leiden
Kanaalpark,27,"","",2321JV,Leiden
Kanaalpark,29,"","",2321JV,Leiden
Kanaalpark,29,"","",2321JV,Leiden
Kanaalpark,3,"","",2321JV,Leiden
Kanaalpark,3,"","",2321JV,Leiden
Kanaalpark,31,"","",2321JV,Leiden
Kanaalpark,31,"","",2321JV,Leiden
Kanaalpark,33,"","",2321JV,Leiden
Kanaalpark,33,"","",2321JV,Leiden
Kanaalpark,35,"","",2321JV,Leiden
Kanaalpark,35,"","",2321JV,Leiden
Kanaalpark,37,"","",2321JV,Leiden
Kanaalpark,37,"","",2321JV,Leiden
Kanaalpark,39,"","",2321JV,Leiden
Kanaalpark,39,"","",2321JV,Leiden
Kanaalpark,41,"","",2321JV,Leiden
Kanaalpark,41,"","",2321JV,Leiden
Kanaalpark,423,"","",2321JV,Leiden
Kanaalpark,43,"","",2321JV,Leiden
Kanaalpark,43,"","",2321JV,Leiden
Kanaalpark,45,"","",2321JV,Leiden
Kanaalpark,45,"","",2321JV,Leiden
Kanaalpark,47,"","",2321JV,Leiden
Kanaalpark,47,"","",2321JV,Leiden
Kanaalpark,49,"","",2321JV,Leiden
Kanaalpark,49,"","",2321JV,Leiden
Kanaalpark,5,"","",2321JV,Leiden
Kanaalpark,5,"","",2321JV,Leiden
Kanaalpark,51,"","",2321JV,Leiden
Kanaalpark,51,"","",2321JV,Leiden
Kanaalpark,53,"","",2321JV,Leiden
Kanaalpark,53,"","",2321JV,Leiden
Kanaalpark,55,"","",2321JV,Leiden
Kanaalpark,55,"","",2321JV,Leiden
Kanaalpark,57,"","",2321JV,Leiden
Kanaalpark,57,"","",2321JV,Leiden
Kanaalpark,59,"","",2321JV,Leiden
Kanaalpark,59,"","",2321JV,Leiden
Kanaalpark,61,"","",2321JV,Leiden
Kanaalpark,61,"","",2321JV,Leiden
Kanaalpark,63,"","",2321JV,Leiden
Kanaalpark,63,"","",2321JV,Leiden
Kanaalpark,65,"","",2321JV,Leiden
Kanaalpark,65,"","",2321JV,Leiden
Kanaalpark,67,"","",2321JV,Leiden
Kanaalpark,67,"","",2321JV,Leiden
Kanaalpark,69,"","",2321JV,Leiden
Kanaalpark,69,"","",2321JV,Leiden
Kanaalpark,7,"","",2321JV,Leiden
Kanaalpark,7,"","",2321JV,Leiden
Kanaalpark,71,"","",2321JV,Leiden
Kanaalpark,71,"","",2321JV,Leiden
Kanaalpark,73,"","",2321JV,Leiden
Kanaalpark,73,"","",2321JV,Leiden
Kanaalpark,75,"","",2321JV,Leiden
Kanaalpark,75,"","",2321JV,Leiden
Kanaalpark,77,"","",2321JV,Leiden
Kanaalpark,77,"","",2321JV,Leiden
Kanaalpark,79,"","",2321JV,Leiden
Kanaalpark,79,"","",2321JV,Leiden
Kanaalpark,81,"","",2321JV,Leiden
Kanaalpark,81,"","",2321JV,Leiden
Kanaalpark,83,"","",2321JV,Leiden
Kanaalpark,83,"","",2321JV,Leiden
Kanaalpark,85,"","",2321JV,Leiden
Kanaalpark,85,"","",2321JV,Leiden
Kanaalpark,87,"","",2321JV,Leiden
Kanaalpark,87,"","",2321JV,Leiden
Kanaalpark,89,"","",2321JV,Leiden
Kanaalpark,89,"","",2321JV,Leiden
Kanaalpark,9,"","",2321JV,Leiden
Kanaalpark,9,"","",2321JV,Leiden
Kanaalpark,91,"","",2321JV,Leiden
Kanaalpark,91,"","",2321JV,Leiden
Kanaalpark,93,"","",2321JV,Leiden
Kanaalpark,93,"","",2321JV,Leiden
Kanaalpark,95,"","",2321JV,Leiden
Kanaalpark,95,"","",2321JV,Leiden
Kanaalpark,97,"","",2321JV,Leiden
Kanaalpark,97,"","",2321JV,Leiden
Kanaalpark,99,"","",2321JV,Leiden
Kanaalpark,99,"","",2321JV,Leiden
Kanaalpark,147,"","",2321JW,Leiden
Kanaalpark,157,"","",2321JW,Leiden
Kanaalpark,157,T,"",2321JW,Leiden
Kanaalpark,159,"","",2321JW,Leiden
Kanaalpark,159,A,1,2321JW,Leiden
Kanaalpark,159,A,2,2321JW,Leiden
Kanaalpark,159,A,3,2321JW,Leiden
Kanaalpark,159,A,4,2321JW,Leiden
Kanaalpark,159,A,5,2321JW,Leiden
Kanaalpark,159,A,6,2321JW,Leiden
Kanaalpark,159,A,7,2321JW,Leiden
Kanaalpark,159,A,8,2321JW,Leiden
Kanaalpark,159,A,9,2321JW,Leiden
Kanaalpark,159,B,1,2321JW,Leiden
Kanaalpark,159,B,2,2321JW,Leiden
Kanaalpark,159,B,3,2321JW,Leiden
Kanaalpark,159,B,4,2321JW,Leiden
Kanaalpark,159,B,5,2321JW,Leiden
Kanaalpark,159,B,6,2321JW,Leiden
Kanaalpark,159,B,7,2321JW,Leiden
Kanaalpark,159,B,8,2321JW,Leiden
Kanaalpark,159,B,9,2321JW,Leiden
Kanaalpark,159,C,1,2321JW,Leiden
Kanaalpark,159,C,2,2321JW,Leiden
Kanaalpark,159,C,3,2321JW,Leiden
Kanaalpark,159,C,4,2321JW,Leiden
Kanaalpark,159,C,5,2321JW,Leiden
Kanaalpark,159,C,6,2321JW,Leiden
Kanaalpark,159,C,7,2321JW,Leiden
Kanaalpark,159,C,8,2321JW,Leiden
Kanaalpark,159,C,9,2321JW,Leiden
Kanaalpark,159,D,1,2321JW,Leiden
Kanaalpark,159,D,2,2321JW,Leiden
Kanaalpark,159,D,3,2321JW,Leiden
Kanaalpark,159,D,4,2321JW,Leiden
Kanaalpark,159,D,5,2321JW,Leiden
Kanaalpark,161,"","",2321JW,Leiden
Kanaalpark,163,"","",2321JW,Leiden
Kanaalpark,165,"","",2321JW,Leiden
Kanaalpark,167,"","",2321JW,Leiden
Kanaalpark,169,"","",2321JW,Leiden
Kanaalpark,171,"","",2321JW,Leiden
Kanaalpark,173,"","",2321JW,Leiden
Kanaalpark,175,"","",2321JW,Leiden
Kanaalpark,177,"","",2321JW,Leiden
Kanaalpark,179,"","",2321JW,Leiden
Kanaalpark,181,"","",2321JW,Leiden
Kanaalpark,183,"","",2321JW,Leiden
Kanaalpark,185,"","",2321JW,Leiden
Kanaalpark,187,"","",2321JW,Leiden
Kanaalpark,189,"","",2321JW,Leiden
Kanaalpark,191,"","",2321JW,Leiden
Kanaalpark,193,"","",2321JW,Leiden
Kanaalpark,195,"","",2321JW,Leiden
Kanaalpark,197,"","",2321JW,Leiden
Kanaalpark,199,"","",2321JW,Leiden
Kanaalpark,201,"","",2321JW,Leiden
Kanaalpark,203,"","",2321JW,Leiden
Kanaalpark,205,"","",2321JW,Leiden
Kanaalpark,207,"","",2321JW,Leiden
Kanaalpark,209,"","",2321JW,Leiden
Kanaalpark,211,"","",2321JW,Leiden
Kanaalpark,213,"","",2321JW,Leiden
Kanaalpark,215,"","",2321JW,Leiden
Kanaalpark,217,"","",2321JW,Leiden
Kanaalpark,219,"","",2321JW,Leiden
Kanaalpark,221,"","",2321JW,Leiden
Kanaalpark,223,"","",2321JW,Leiden
Kanaalpark,225,"","",2321JW,Leiden
Kanaalpark,227,"","",2321JW,Leiden
Kanaalpark,229,"","",2321JW,Leiden
Kanaalpark,231,"","",2321JW,Leiden
Kanaalpark,233,"","",2321JW,Leiden
Kanaalpark,235,"","",2321JW,Leiden
Kanaalpark,237,"","",2321JW,Leiden
Kanaalpark,239,"","",2321JW,Leiden
Kanaalpark,241,"","",2321JW,Leiden
Kanaalpark,245,"","",2321JW,Leiden
Kanaalpark,247,"","",2321JW,Leiden
Kanaalpark,249,"","",2321JW,Leiden
Kanaalpark,251,"","",2321JW,Leiden
Kanaalpark,253,"","",2321JW,Leiden
Kanaalpark,255,"","",2321JW,Leiden
Kanaalpark,257,"","",2321JW,Leiden
Kanaalpark,259,"","",2321JW,Leiden
Kanaalpark,261,"","",2321JW,Leiden
Kanaalpark,263,"","",2321JW,Leiden
Kanaalpark,265,"","",2321JW,Leiden
Kanaalpark,267,"","",2321JW,Leiden
Kanaalpark,269,"","",2321JW,Leiden
Kanaalpark,271,"","",2321JW,Leiden
Kanaalpark,273,"","",2321JW,Leiden
Kanaalpark,275,"","",2321JW,Leiden
Kanaalpark,277,"","",2321JW,Leiden
Kanaalpark,279,"","",2321JW,Leiden
Kanaalpark,281,"","",2321JW,Leiden
Kanaalpark,283,"","",2321JW,Leiden
Kanaalpark,283,"","",2321JW,Leiden
Kanaalpark,283,A,"",2321JW,Leiden
Kanaalpark,285,"","",2321JW,Leiden
Kanaalpark,287,"","",2321JW,Leiden
Kanaalpark,289,"","",2321JW,Leiden
Kanaalpark,291,"","",2321JW,Leiden
Kanaalpark,293,"","",2321JW,Leiden
Kanaalpark,295,"","",2321JW,Leiden
Kanaalpark,297,"","",2321JW,Leiden
Kanaalpark,299,"","",2321JW,Leiden
Kanaalpark,301,"","",2321JW,Leiden
Kanaalpark,303,"","",2321JW,Leiden
Kanaalpark,305,"","",2321JW,Leiden
Kanaalpark,307,"","",2321JW,Leiden
Kanaalpark,309,"","",2321JW,Leiden
Kanaalpark,311,"","",2321JW,Leiden
Kanaalpark,311,"","",2321JW,Leiden
Kanaalpark,311,A,"",2321JW,Leiden
Kanaalpark,313,"","",2321JW,Leiden
Kanaalpark,315,"","",2321JW,Leiden
Kanaalpark,317,"","",2321JW,Leiden
Kanaalpark,319,"","",2321JW,Leiden
Kanaalpark,321,"","",2321JW,Leiden
Kanaalpark,323,"","",2321JW,Leiden
Kanaalpark,325,"","",2321JW,Leiden
Kanaalpark,327,"","",2321JW,Leiden
Kanaalpark,329,"","",2321JW,Leiden
Kanaalpark,331,"","",2321JW,Leiden
Kanaalpark,333,"","",2321JW,Leiden
Kanaalpark,335,"","",2321JW,Leiden
Kanaalpark,337,"","",2321JW,Leiden
Kanaalpark,339,"","",2321JW,Leiden
Kanaalpark,339,"","",2321JW,Leiden
Kanaalpark,339,A,"",2321JW,Leiden
Kanaalpark,341,"","",2321JW,Leiden
Kanaalpark,343,"","",2321JW,Leiden
Kanaalpark,345,"","",2321JW,Leiden
Kanaalpark,347,"","",2321JW,Leiden
Kanaalpark,349,"","",2321JW,Leiden
Kanaalpark,351,"","",2321JW,Leiden
Kanaalpark,353,"","",2321JW,Leiden
Kanaalpark,355,"","",2321JW,Leiden
Kanaalpark,357,"","",2321JW,Leiden
Kanaalpark,359,"","",2321JW,Leiden
Kanaalpark,361,"","",2321JW,Leiden
Kanaalpark,363,"","",2321JW,Leiden
Kanaalpark,365,"","",2321JW,Leiden
Kanaalpark,367,"","",2321JW,Leiden
Kanaalpark,367,"","",2321JW,Leiden
Kanaalpark,367,A,"",2321JW,Leiden
Kanaalpark,369,"","",2321JW,Leiden
Kanaalpark,371,"","",2321JW,Leiden
Kanaalpark,373,"","",2321JW,Leiden
Kanaalpark,375,"","",2321JW,Leiden
Kanaalpark,377,"","",2321JW,Leiden
Kanaalpark,379,"","",2321JW,Leiden
Kanaalpark,381,"","",2321JW,Leiden
Kanaalpark,383,"","",2321JW,Leiden
Kanaalpark,385,"","",2321JW,Leiden
Kanaalpark,387,"","",2321JW,Leiden
Kanaalpark,389,"","",2321JW,Leiden
Kanaalpark,391,"","",2321JW,Leiden
Kanaalpark,393,"","",2321JW,Leiden
Kanaalpark,395,"","",2321JW,Leiden
Kanaalpark,395,"","",2321JW,Leiden
Kanaalpark,395,A,"",2321JW,Leiden
Kanaalpark,397,"","",2321JW,Leiden
Kanaalpark,399,"","",2321JW,Leiden
Kanaalpark,401,"","",2321JW,Leiden
Kanaalpark,403,"","",2321JW,Leiden
Kanaalpark,405,"","",2321JW,Leiden
Kanaalpark,407,"","",2321JW,Leiden
Kanaalpark,409,"","",2321JW,Leiden
Kanaalpark,411,"","",2321JW,Leiden
Kanaalpark,413,"","",2321JW,Leiden
Kanaalpark,415,"","",2321JW,Leiden
Kanaalpark,417,"","",2321JW,Leiden
Kanaalpark,419,"","",2321JW,Leiden
Lammenschansweg,130,"","",2321JX,Leiden
Lammenschansweg,130,A,"",2321JX,Leiden
Lammenschansweg,130,B,"",2321JX,Leiden
Lammenschansweg,130,C,"",2321JX,Leiden
Lammenschansweg,130,C,"",2321JX,Leiden
Lammenschansweg,130,D,"",2321JX,Leiden
Lammenschansweg,130,D,"",2321JX,Leiden
Lammenschansweg,130,E,"",2321JX,Leiden
Lammenschansweg,130,E,"",2321JX,Leiden
Lammenschansweg,130,F,"",2321JX,Leiden
Lammenschansweg,130,F,"",2321JX,Leiden
Lammenschansweg,130,G,"",2321JX,Leiden
Lammenschansweg,130,H,"",2321JX,Leiden
Lammenschansweg,130,K,"",2321JX,Leiden
Lammenschansweg,130,L,"",2321JX,Leiden
Lammenschansweg,134,"","",2321JX,Leiden
Lammenschansweg,134,"","",2321JX,Leiden
Lammenschansweg,134,A,"",2321JX,Leiden
Lammenschansweg,134,A,"",2321JX,Leiden
Lammenschansweg,136,"","",2321JX,Leiden
Lammenschansweg,136,"","",2321JX,Leiden
Lammenschansweg,136,A,"",2321JX,Leiden
Lammenschansweg,138,"","",2321JX,Leiden
Lammenschansweg,138,C,"",2321JX,Leiden
Lammenschansweg,138,D,"",2321JX,Leiden
Lammenschansweg,138,E,"",2321JX,Leiden
Lammenschansweg,138,T,"",2321JX,Leiden
Lammenschansweg,140,"","",2321JX,Leiden
Lammenschansweg,144,"","",2321JX,Leiden
Kanaalweg,130,"","",2321JZ,Leiden
Kanaalweg,135,"","",2321JZ,Leiden
Kanaalweg,136,"","",2321JZ,Leiden
Kanaalweg,137,"","",2321JZ,Leiden
Kanaalweg,138,"","",2321JZ,Leiden
Kanaalweg,139,"","",2321JZ,Leiden
Kanaalweg,140,"","",2321JZ,Leiden
Kanaalweg,141,"","",2321JZ,Leiden
Kanaalweg,142,"","",2321JZ,Leiden
Kanaalweg,143,"","",2321JZ,Leiden
Kanaalweg,144,"","",2321JZ,Leiden
Kanaalweg,145,"","",2321JZ,Leiden
Kanaalweg,146,"","",2321JZ,Leiden
Kanaalweg,147,"","",2321JZ,Leiden
Kanaalweg,148,"","",2321JZ,Leiden
Kanaalweg,149,"","",2321JZ,Leiden
Kanaalweg,150,"","",2321JZ,Leiden
Kanaalweg,151,"","",2321JZ,Leiden
Kanaalweg,152,"","",2321JZ,Leiden
Kanaalweg,153,"","",2321JZ,Leiden
Kanaalweg,154,"","",2321JZ,Leiden
Kanaalweg,155,"","",2321JZ,Leiden
Kanaalweg,156,"","",2321JZ,Leiden
Kanaalweg,163,"","",2321JZ,Leiden
Kanaalweg,165,"","",2321JZ,Leiden
Kanaalweg,166,"","",2321JZ,Leiden
Kanaalweg,167,"","",2321JZ,Leiden
Kanaalweg,168,"","",2321JZ,Leiden
Kanaalweg,169,"","",2321JZ,Leiden
Kanaalweg,170,"","",2321JZ,Leiden
Kanaalweg,171,"","",2321JZ,Leiden
Kanaalweg,171,T,"",2321JZ,Leiden
Kanaalweg,172,"","",2321JZ,Leiden
Kanaalweg,173,"","",2321JZ,Leiden
Kanaalweg,174,"","",2321JZ,Leiden
Kanaalweg,175,"","",2321JZ,Leiden
Kanaalweg,176,"","",2321JZ,Leiden
Kanaalweg,177,"","",2321JZ,Leiden
Frambozenweg,1,"","",2321KA,Leiden
Frambozenweg,101,"","",2321KA,Leiden
Frambozenweg,103,"","",2321KA,Leiden
Frambozenweg,105,"","",2321KA,Leiden
Frambozenweg,107,"","",2321KA,Leiden
Frambozenweg,109,"","",2321KA,Leiden
Frambozenweg,11,"","",2321KA,Leiden
Frambozenweg,111,"","",2321KA,Leiden
Frambozenweg,113,"","",2321KA,Leiden
Frambozenweg,115,"","",2321KA,Leiden
Frambozenweg,117,"","",2321KA,Leiden
Frambozenweg,119,"","",2321KA,Leiden
Frambozenweg,121,"","",2321KA,Leiden
Frambozenweg,123,"","",2321KA,Leiden
Frambozenweg,125,"","",2321KA,Leiden
Frambozenweg,127,"","",2321KA,Leiden
Frambozenweg,129,"","",2321KA,Leiden
Frambozenweg,13,"","",2321KA,Leiden
Frambozenweg,131,"","",2321KA,Leiden
Frambozenweg,133,"","",2321KA,Leiden
Frambozenweg,135,"","",2321KA,Leiden
Frambozenweg,137,"","",2321KA,Leiden
Frambozenweg,139,"","",2321KA,Leiden
Frambozenweg,141,"","",2321KA,Leiden
Frambozenweg,143,"","",2321KA,Leiden
Frambozenweg,145,"","",2321KA,Leiden
Frambozenweg,147,"","",2321KA,Leiden
Frambozenweg,149,"","",2321KA,Leiden
Frambozenweg,15,"","",2321KA,Leiden
Frambozenweg,151,"","",2321KA,Leiden
Frambozenweg,153,"","",2321KA,Leiden
Frambozenweg,155,"","",2321KA,Leiden
Frambozenweg,157,"","",2321KA,Leiden
Frambozenweg,159,"","",2321KA,Leiden
Frambozenweg,161,"","",2321KA,Leiden
Frambozenweg,163,"","",2321KA,Leiden
Frambozenweg,165,"","",2321KA,Leiden
Frambozenweg,167,"","",2321KA,Leiden
Frambozenweg,169,"","",2321KA,Leiden
Frambozenweg,17,"","",2321KA,Leiden
Frambozenweg,19,"","",2321KA,Leiden
Frambozenweg,21,"","",2321KA,Leiden
Frambozenweg,23,"","",2321KA,Leiden
Frambozenweg,25,"","",2321KA,Leiden
Frambozenweg,27,"","",2321KA,Leiden
Frambozenweg,29,"","",2321KA,Leiden
Frambozenweg,3,"","",2321KA,Leiden
Frambozenweg,31,"","",2321KA,Leiden
Frambozenweg,33,"","",2321KA,Leiden
Frambozenweg,35,"","",2321KA,Leiden
Frambozenweg,37,"","",2321KA,Leiden
Frambozenweg,39,"","",2321KA,Leiden
Frambozenweg,41,"","",2321KA,Leiden
Frambozenweg,43,"","",2321KA,Leiden
Frambozenweg,45,"","",2321KA,Leiden
Frambozenweg,47,"","",2321KA,Leiden
Frambozenweg,49,"","",2321KA,Leiden
Frambozenweg,5,"","",2321KA,Leiden
Frambozenweg,51,"","",2321KA,Leiden
Frambozenweg,53,"","",2321KA,Leiden
Frambozenweg,55,"","",2321KA,Leiden
Frambozenweg,57,"","",2321KA,Leiden
Frambozenweg,59,"","",2321KA,Leiden
Frambozenweg,61,"","",2321KA,Leiden
Frambozenweg,63,"","",2321KA,Leiden
Frambozenweg,65,"","",2321KA,Leiden
Frambozenweg,67,"","",2321KA,Leiden
Frambozenweg,69,"","",2321KA,Leiden
Frambozenweg,7,"","",2321KA,Leiden
Frambozenweg,71,"","",2321KA,Leiden
Frambozenweg,73,"","",2321KA,Leiden
Frambozenweg,75,"","",2321KA,Leiden
Frambozenweg,77,"","",2321KA,Leiden
Frambozenweg,79,"","",2321KA,Leiden
Frambozenweg,81,"","",2321KA,Leiden
Frambozenweg,83,"","",2321KA,Leiden
Frambozenweg,85,"","",2321KA,Leiden
Frambozenweg,87,"","",2321KA,Leiden
Frambozenweg,89,"","",2321KA,Leiden
Frambozenweg,9,"","",2321KA,Leiden
Frambozenweg,91,"","",2321KA,Leiden
Frambozenweg,93,"","",2321KA,Leiden
Frambozenweg,95,"","",2321KA,Leiden
Frambozenweg,97,"","",2321KA,Leiden
Frambozenweg,99,"","",2321KA,Leiden
Frambozenweg,171,"","",2321KB,Leiden
Frambozenweg,173,"","",2321KB,Leiden
Frambozenweg,175,"","",2321KB,Leiden
Frambozenweg,177,"","",2321KB,Leiden
Frambozenweg,179,"","",2321KB,Leiden
Frambozenweg,181,"","",2321KB,Leiden
Frambozenweg,183,"","",2321KB,Leiden
Morellenweg,16,"","",2321KC,Leiden
Morellenweg,18,"","",2321KC,Leiden
Citrusweg,10,"","",2321KD,Leiden
Citrusweg,12,"","",2321KD,Leiden
Citrusweg,14,"","",2321KD,Leiden
Citrusweg,2,"","",2321KD,Leiden
Citrusweg,4,"","",2321KD,Leiden
Citrusweg,6,"","",2321KD,Leiden
Citrusweg,8,"","",2321KD,Leiden
Epsilonplantsoen,1,"","",2321KJ,Leiden
Epsilonplantsoen,101,"","",2321KJ,Leiden
Epsilonplantsoen,103,"","",2321KJ,Leiden
Epsilonplantsoen,105,"","",2321KJ,Leiden
Epsilonplantsoen,107,"","",2321KJ,Leiden
Epsilonplantsoen,109,"","",2321KJ,Leiden
Epsilonplantsoen,11,"","",2321KJ,Leiden
Epsilonplantsoen,111,"","",2321KJ,Leiden
Epsilonplantsoen,113,"","",2321KJ,Leiden
Epsilonplantsoen,115,"","",2321KJ,Leiden
Epsilonplantsoen,117,"","",2321KJ,Leiden
Epsilonplantsoen,119,"","",2321KJ,Leiden
Epsilonplantsoen,121,"","",2321KJ,Leiden
Epsilonplantsoen,123,"","",2321KJ,Leiden
Epsilonplantsoen,125,"","",2321KJ,Leiden
Epsilonplantsoen,127,"","",2321KJ,Leiden
Epsilonplantsoen,129,"","",2321KJ,Leiden
Epsilonplantsoen,13,"","",2321KJ,Leiden
Epsilonplantsoen,131,"","",2321KJ,Leiden
Epsilonplantsoen,133,"","",2321KJ,Leiden
Epsilonplantsoen,135,"","",2321KJ,Leiden
Epsilonplantsoen,137,"","",2321KJ,Leiden
Epsilonplantsoen,139,"","",2321KJ,Leiden
Epsilonplantsoen,141,"","",2321KJ,Leiden
Epsilonplantsoen,143,"","",2321KJ,Leiden
Epsilonplantsoen,145,"","",2321KJ,Leiden
Epsilonplantsoen,147,"","",2321KJ,Leiden
Epsilonplantsoen,149,"","",2321KJ,Leiden
Epsilonplantsoen,15,"","",2321KJ,Leiden
Epsilonplantsoen,151,"","",2321KJ,Leiden
Epsilonplantsoen,153,"","",2321KJ,Leiden
Epsilonplantsoen,155,"","",2321KJ,Leiden
Epsilonplantsoen,157,"","",2321KJ,Leiden
Epsilonplantsoen,159,"","",2321KJ,Leiden
Epsilonplantsoen,161,"","",2321KJ,Leiden
Epsilonplantsoen,163,"","",2321KJ,Leiden
Epsilonplantsoen,165,"","",2321KJ,Leiden
Epsilonplantsoen,167,"","",2321KJ,Leiden
Epsilonplantsoen,169,"","",2321KJ,Leiden
Epsilonplantsoen,17,"","",2321KJ,Leiden
Epsilonplantsoen,171,"","",2321KJ,Leiden
Epsilonplantsoen,173,"","",2321KJ,Leiden
Epsilonplantsoen,175,"","",2321KJ,Leiden
Epsilonplantsoen,177,"","",2321KJ,Leiden
Epsilonplantsoen,179,"","",2321KJ,Leiden
Epsilonplantsoen,181,"","",2321KJ,Leiden
Epsilonplantsoen,183,"","",2321KJ,Leiden
Epsilonplantsoen,185,"","",2321KJ,Leiden
Epsilonplantsoen,187,"","",2321KJ,Leiden
Epsilonplantsoen,189,"","",2321KJ,Leiden
Epsilonplantsoen,19,"","",2321KJ,Leiden
Epsilonplantsoen,191,"","",2321KJ,Leiden
Epsilonplantsoen,193,"","",2321KJ,Leiden
Epsilonplantsoen,195,"","",2321KJ,Leiden
Epsilonplantsoen,197,"","",2321KJ,Leiden
Epsilonplantsoen,199,"","",2321KJ,Leiden
Epsilonplantsoen,201,"","",2321KJ,Leiden
Epsilonplantsoen,203,"","",2321KJ,Leiden
Epsilonplantsoen,205,"","",2321KJ,Leiden
Epsilonplantsoen,207,"","",2321KJ,Leiden
Epsilonplantsoen,209,"","",2321KJ,Leiden
Epsilonplantsoen,21,"","",2321KJ,Leiden
Epsilonplantsoen,211,"","",2321KJ,Leiden
Epsilonplantsoen,213,"","",2321KJ,Leiden
Epsilonplantsoen,215,"","",2321KJ,Leiden
Epsilonplantsoen,217,"","",2321KJ,Leiden
Epsilonplantsoen,219,"","",2321KJ,Leiden
Epsilonplantsoen,221,"","",2321KJ,Leiden
Epsilonplantsoen,223,"","",2321KJ,Leiden
Epsilonplantsoen,225,"","",2321KJ,Leiden
Epsilonplantsoen,227,"","",2321KJ,Leiden
Epsilonplantsoen,229,"","",2321KJ,Leiden
Epsilonplantsoen,23,"","",2321KJ,Leiden
Epsilonplantsoen,231,"","",2321KJ,Leiden
Epsilonplantsoen,233,"","",2321KJ,Leiden
Epsilonplantsoen,235,"","",2321KJ,Leiden
Epsilonplantsoen,237,"","",2321KJ,Leiden
Epsilonplantsoen,239,"","",2321KJ,Leiden
Epsilonplantsoen,241,"","",2321KJ,Leiden
Epsilonplantsoen,243,"","",2321KJ,Leiden
Epsilonplantsoen,245,"","",2321KJ,Leiden
Epsilonplantsoen,247,"","",2321KJ,Leiden
Epsilonplantsoen,249,"","",2321KJ,Leiden
Epsilonplantsoen,25,"","",2321KJ,Leiden
Epsilonplantsoen,251,"","",2321KJ,Leiden
Epsilonplantsoen,253,"","",2321KJ,Leiden
Epsilonplantsoen,255,"","",2321KJ,Leiden
Epsilonplantsoen,257,"","",2321KJ,Leiden
Epsilonplantsoen,259,"","",2321KJ,Leiden
Epsilonplantsoen,261,"","",2321KJ,Leiden
Epsilonplantsoen,263,"","",2321KJ,Leiden
Epsilonplantsoen,265,"","",2321KJ,Leiden
Epsilonplantsoen,267,"","",2321KJ,Leiden
Epsilonplantsoen,269,"","",2321KJ,Leiden
Epsilonplantsoen,27,"","",2321KJ,Leiden
Epsilonplantsoen,271,"","",2321KJ,Leiden
Epsilonplantsoen,273,"","",2321KJ,Leiden
Epsilonplantsoen,275,"","",2321KJ,Leiden
Epsilonplantsoen,277,"","",2321KJ,Leiden
Epsilonplantsoen,279,"","",2321KJ,Leiden
Epsilonplantsoen,281,"","",2321KJ,Leiden
Epsilonplantsoen,283,"","",2321KJ,Leiden
Epsilonplantsoen,285,"","",2321KJ,Leiden
Epsilonplantsoen,287,"","",2321KJ,Leiden
Epsilonplantsoen,289,"","",2321KJ,Leiden
Epsilonplantsoen,29,"","",2321KJ,Leiden
Epsilonplantsoen,291,"","",2321KJ,Leiden
Epsilonplantsoen,293,"","",2321KJ,Leiden
Epsilonplantsoen,295,"","",2321KJ,Leiden
Epsilonplantsoen,297,"","",2321KJ,Leiden
Epsilonplantsoen,299,"","",2321KJ,Leiden
Epsilonplantsoen,3,"","",2321KJ,Leiden
Epsilonplantsoen,301,"","",2321KJ,Leiden
Epsilonplantsoen,303,"","",2321KJ,Leiden
Epsilonplantsoen,305,"","",2321KJ,Leiden
Epsilonplantsoen,307,"","",2321KJ,Leiden
Epsilonplantsoen,309,"","",2321KJ,Leiden
Epsilonplantsoen,31,"","",2321KJ,Leiden
Epsilonplantsoen,311,"","",2321KJ,Leiden
Epsilonplantsoen,313,"","",2321KJ,Leiden
Epsilonplantsoen,315,"","",2321KJ,Leiden
Epsilonplantsoen,317,"","",2321KJ,Leiden
Epsilonplantsoen,319,"","",2321KJ,Leiden
Epsilonplantsoen,321,"","",2321KJ,Leiden
Epsilonplantsoen,323,"","",2321KJ,Leiden
Epsilonplantsoen,325,"","",2321KJ,Leiden
Epsilonplantsoen,327,"","",2321KJ,Leiden
Epsilonplantsoen,329,"","",2321KJ,Leiden
Epsilonplantsoen,33,"","",2321KJ,Leiden
Epsilonplantsoen,331,"","",2321KJ,Leiden
Epsilonplantsoen,333,"","",2321KJ,Leiden
Epsilonplantsoen,335,"","",2321KJ,Leiden
Epsilonplantsoen,337,"","",2321KJ,Leiden
Epsilonplantsoen,339,"","",2321KJ,Leiden
Epsilonplantsoen,341,"","",2321KJ,Leiden
Epsilonplantsoen,343,"","",2321KJ,Leiden
Epsilonplantsoen,345,"","",2321KJ,Leiden
Epsilonplantsoen,347,"","",2321KJ,Leiden
Epsilonplantsoen,349,"","",2321KJ,Leiden
Epsilonplantsoen,35,"","",2321KJ,Leiden
Epsilonplantsoen,351,"","",2321KJ,Leiden
Epsilonplantsoen,353,"","",2321KJ,Leiden
Epsilonplantsoen,355,"","",2321KJ,Leiden
Epsilonplantsoen,357,"","",2321KJ,Leiden
Epsilonplantsoen,359,"","",2321KJ,Leiden
Epsilonplantsoen,361,"","",2321KJ,Leiden
Epsilonplantsoen,363,"","",2321KJ,Leiden
Epsilonplantsoen,365,"","",2321KJ,Leiden
Epsilonplantsoen,367,"","",2321KJ,Leiden
Epsilonplantsoen,369,"","",2321KJ,Leiden
Epsilonplantsoen,37,"","",2321KJ,Leiden
Epsilonplantsoen,371,"","",2321KJ,Leiden
Epsilonplantsoen,373,"","",2321KJ,Leiden
Epsilonplantsoen,375,"","",2321KJ,Leiden
Epsilonplantsoen,377,"","",2321KJ,Leiden
Epsilonplantsoen,379,"","",2321KJ,Leiden
Epsilonplantsoen,381,"","",2321KJ,Leiden
Epsilonplantsoen,383,"","",2321KJ,Leiden
Epsilonplantsoen,385,"","",2321KJ,Leiden
Epsilonplantsoen,387,"","",2321KJ,Leiden
Epsilonplantsoen,389,"","",2321KJ,Leiden
Epsilonplantsoen,39,"","",2321KJ,Leiden
Epsilonplantsoen,391,"","",2321KJ,Leiden
Epsilonplantsoen,393,"","",2321KJ,Leiden
Epsilonplantsoen,395,"","",2321KJ,Leiden
Epsilonplantsoen,397,"","",2321KJ,Leiden
Epsilonplantsoen,399,"","",2321KJ,Leiden
Epsilonplantsoen,401,"","",2321KJ,Leiden
Epsilonplantsoen,403,"","",2321KJ,Leiden
Epsilonplantsoen,405,"","",2321KJ,Leiden
Epsilonplantsoen,407,"","",2321KJ,Leiden
Epsilonplantsoen,409,"","",2321KJ,Leiden
Epsilonplantsoen,41,"","",2321KJ,Leiden
Epsilonplantsoen,411,"","",2321KJ,Leiden
Epsilonplantsoen,413,"","",2321KJ,Leiden
Epsilonplantsoen,415,"","",2321KJ,Leiden
Epsilonplantsoen,417,"","",2321KJ,Leiden
Epsilonplantsoen,419,"","",2321KJ,Leiden
Epsilonplantsoen,421,"","",2321KJ,Leiden
Epsilonplantsoen,423,"","",2321KJ,Leiden
Epsilonplantsoen,425,"","",2321KJ,Leiden
Epsilonplantsoen,427,"","",2321KJ,Leiden
Epsilonplantsoen,429,"","",2321KJ,Leiden
Epsilonplantsoen,43,"","",2321KJ,Leiden
Epsilonplantsoen,431,"","",2321KJ,Leiden
Epsilonplantsoen,433,"","",2321KJ,Leiden
Epsilonplantsoen,435,"","",2321KJ,Leiden
Epsilonplantsoen,45,"","",2321KJ,Leiden
Epsilonplantsoen,47,"","",2321KJ,Leiden
Epsilonplantsoen,49,"","",2321KJ,Leiden
Epsilonplantsoen,5,"","",2321KJ,Leiden
Epsilonplantsoen,51,"","",2321KJ,Leiden
Epsilonplantsoen,53,"","",2321KJ,Leiden
Epsilonplantsoen,55,"","",2321KJ,Leiden
Epsilonplantsoen,57,"","",2321KJ,Leiden
Epsilonplantsoen,59,"","",2321KJ,Leiden
Epsilonplantsoen,61,"","",2321KJ,Leiden
Epsilonplantsoen,63,"","",2321KJ,Leiden
Epsilonplantsoen,65,"","",2321KJ,Leiden
Epsilonplantsoen,67,"","",2321KJ,Leiden
Epsilonplantsoen,69,"","",2321KJ,Leiden
Epsilonplantsoen,7,"","",2321KJ,Leiden
Epsilonplantsoen,71,"","",2321KJ,Leiden
Epsilonplantsoen,73,"","",2321KJ,Leiden
Epsilonplantsoen,75,"","",2321KJ,Leiden
Epsilonplantsoen,77,"","",2321KJ,Leiden
Epsilonplantsoen,79,"","",2321KJ,Leiden
Epsilonplantsoen,81,"","",2321KJ,Leiden
Epsilonplantsoen,83,"","",2321KJ,Leiden
Epsilonplantsoen,85,"","",2321KJ,Leiden
Epsilonplantsoen,87,"","",2321KJ,Leiden
Epsilonplantsoen,89,"","",2321KJ,Leiden
Epsilonplantsoen,9,"","",2321KJ,Leiden
Epsilonplantsoen,91,"","",2321KJ,Leiden
Epsilonplantsoen,93,"","",2321KJ,Leiden
Epsilonplantsoen,95,"","",2321KJ,Leiden
Epsilonplantsoen,97,"","",2321KJ,Leiden
Epsilonplantsoen,99,"","",2321KJ,Leiden
Sigmaplantsoen,101,"","",2321KK,Leiden
Sigmaplantsoen,103,"","",2321KK,Leiden
Sigmaplantsoen,105,"","",2321KK,Leiden
Sigmaplantsoen,107,"","",2321KK,Leiden
Sigmaplantsoen,109,"","",2321KK,Leiden
Sigmaplantsoen,111,"","",2321KK,Leiden
Sigmaplantsoen,113,"","",2321KK,Leiden
Sigmaplantsoen,115,"","",2321KK,Leiden
Sigmaplantsoen,117,"","",2321KK,Leiden
Sigmaplantsoen,119,"","",2321KK,Leiden
Sigmaplantsoen,121,"","",2321KK,Leiden
Sigmaplantsoen,123,"","",2321KK,Leiden
Sigmaplantsoen,125,"","",2321KK,Leiden
Sigmaplantsoen,127,"","",2321KK,Leiden
Sigmaplantsoen,129,"","",2321KK,Leiden
Sigmaplantsoen,131,"","",2321KK,Leiden
Sigmaplantsoen,133,"","",2321KK,Leiden
Sigmaplantsoen,135,"","",2321KK,Leiden
Sigmaplantsoen,137,"","",2321KK,Leiden
Sigmaplantsoen,139,"","",2321KK,Leiden
Sigmaplantsoen,141,"","",2321KK,Leiden
Sigmaplantsoen,143,"","",2321KK,Leiden
Sigmaplantsoen,145,"","",2321KK,Leiden
Sigmaplantsoen,147,"","",2321KK,Leiden
Sigmaplantsoen,149,"","",2321KK,Leiden
Sigmaplantsoen,151,"","",2321KK,Leiden
Sigmaplantsoen,153,"","",2321KK,Leiden
Sigmaplantsoen,155,"","",2321KK,Leiden
Sigmaplantsoen,157,"","",2321KK,Leiden
Sigmaplantsoen,159,"","",2321KK,Leiden
Sigmaplantsoen,161,"","",2321KK,Leiden
Sigmaplantsoen,163,"","",2321KK,Leiden
Sigmaplantsoen,165,"","",2321KK,Leiden
Sigmaplantsoen,167,"","",2321KK,Leiden
Sigmaplantsoen,169,"","",2321KK,Leiden
Sigmaplantsoen,171,"","",2321KK,Leiden
Sigmaplantsoen,173,"","",2321KK,Leiden
Sigmaplantsoen,175,"","",2321KK,Leiden
Sigmaplantsoen,177,"","",2321KK,Leiden
Sigmaplantsoen,179,"","",2321KK,Leiden
Sigmaplantsoen,181,"","",2321KK,Leiden
Sigmaplantsoen,183,"","",2321KK,Leiden
Sigmaplantsoen,185,"","",2321KK,Leiden
Sigmaplantsoen,187,"","",2321KK,Leiden
Sigmaplantsoen,189,"","",2321KK,Leiden
Sigmaplantsoen,191,"","",2321KK,Leiden
Sigmaplantsoen,193,"","",2321KK,Leiden
Sigmaplantsoen,195,"","",2321KK,Leiden
Sigmaplantsoen,197,"","",2321KK,Leiden
Sigmaplantsoen,199,"","",2321KK,Leiden
Sigmaplantsoen,201,"","",2321KK,Leiden
Sigmaplantsoen,203,"","",2321KK,Leiden
Sigmaplantsoen,205,"","",2321KK,Leiden
Sigmaplantsoen,207,"","",2321KK,Leiden
Sigmaplantsoen,209,"","",2321KK,Leiden
Sigmaplantsoen,211,"","",2321KK,Leiden
Sigmaplantsoen,213,"","",2321KK,Leiden
Sigmaplantsoen,215,"","",2321KK,Leiden
Sigmaplantsoen,217,"","",2321KK,Leiden
Sigmaplantsoen,219,"","",2321KK,Leiden
Sigmaplantsoen,221,"","",2321KK,Leiden
Sigmaplantsoen,223,"","",2321KK,Leiden
Sigmaplantsoen,225,"","",2321KK,Leiden
Sigmaplantsoen,227,"","",2321KK,Leiden
Sigmaplantsoen,229,"","",2321KK,Leiden
Sigmaplantsoen,231,"","",2321KK,Leiden
Sigmaplantsoen,233,"","",2321KK,Leiden
Sigmaplantsoen,235,"","",2321KK,Leiden
Sigmaplantsoen,237,"","",2321KK,Leiden
Sigmaplantsoen,239,"","",2321KK,Leiden
Sigmaplantsoen,241,"","",2321KK,Leiden
Sigmaplantsoen,243,"","",2321KK,Leiden
Sigmaplantsoen,245,"","",2321KK,Leiden
Sigmaplantsoen,247,"","",2321KK,Leiden
Sigmaplantsoen,249,"","",2321KK,Leiden
Sigmaplantsoen,251,"","",2321KK,Leiden
Sigmaplantsoen,253,"","",2321KK,Leiden
Sigmaplantsoen,255,"","",2321KK,Leiden
Sigmaplantsoen,257,"","",2321KK,Leiden
Sigmaplantsoen,259,"","",2321KK,Leiden
Sigmaplantsoen,261,"","",2321KK,Leiden
Sigmaplantsoen,263,"","",2321KK,Leiden
Sigmaplantsoen,265,"","",2321KK,Leiden
Sigmaplantsoen,267,"","",2321KK,Leiden
Sigmaplantsoen,269,"","",2321KK,Leiden
Sigmaplantsoen,271,"","",2321KK,Leiden
Sigmaplantsoen,273,"","",2321KK,Leiden
Sigmaplantsoen,275,"","",2321KK,Leiden
Sigmaplantsoen,277,"","",2321KK,Leiden
Sigmaplantsoen,279,"","",2321KK,Leiden
Sigmaplantsoen,281,"","",2321KK,Leiden
Sigmaplantsoen,283,"","",2321KK,Leiden
Sigmaplantsoen,285,"","",2321KK,Leiden
Sigmaplantsoen,287,"","",2321KK,Leiden
Sigmaplantsoen,289,"","",2321KK,Leiden
Sigmaplantsoen,291,"","",2321KK,Leiden
Sigmaplantsoen,293,"","",2321KK,Leiden
Sigmaplantsoen,295,"","",2321KK,Leiden
Sigmaplantsoen,297,"","",2321KK,Leiden
Sigmaplantsoen,299,"","",2321KK,Leiden
Sigmaplantsoen,301,"","",2321KK,Leiden
Sigmaplantsoen,303,"","",2321KK,Leiden
Sigmaplantsoen,305,"","",2321KK,Leiden
Sigmaplantsoen,307,"","",2321KK,Leiden
Sigmaplantsoen,309,"","",2321KK,Leiden
Sigmaplantsoen,311,"","",2321KK,Leiden
Sigmaplantsoen,313,"","",2321KK,Leiden
Sigmaplantsoen,315,"","",2321KK,Leiden
Sigmaplantsoen,317,"","",2321KK,Leiden
Sigmaplantsoen,319,"","",2321KK,Leiden
Sigmaplantsoen,321,"","",2321KK,Leiden
Sigmaplantsoen,323,"","",2321KK,Leiden
Sigmaplantsoen,325,"","",2321KK,Leiden
Sigmaplantsoen,327,"","",2321KK,Leiden
Sigmaplantsoen,329,"","",2321KK,Leiden
Sigmaplantsoen,331,"","",2321KK,Leiden
Sigmaplantsoen,333,"","",2321KK,Leiden
Sigmaplantsoen,335,"","",2321KK,Leiden
Sigmaplantsoen,337,"","",2321KK,Leiden
Sigmaplantsoen,339,"","",2321KK,Leiden
Sigmaplantsoen,341,"","",2321KK,Leiden
Sigmaplantsoen,343,"","",2321KK,Leiden
Sigmaplantsoen,345,"","",2321KK,Leiden
Sigmaplantsoen,347,"","",2321KK,Leiden
Sigmaplantsoen,349,"","",2321KK,Leiden
Sigmaplantsoen,351,"","",2321KK,Leiden
Sigmaplantsoen,353,"","",2321KK,Leiden
Sigmaplantsoen,355,"","",2321KK,Leiden
Sigmaplantsoen,357,"","",2321KK,Leiden
Sigmaplantsoen,359,"","",2321KK,Leiden
Sigmaplantsoen,361,"","",2321KK,Leiden
Sigmaplantsoen,363,"","",2321KK,Leiden
Sigmaplantsoen,365,"","",2321KK,Leiden
Sigmaplantsoen,367,"","",2321KK,Leiden
Sigmaplantsoen,369,"","",2321KK,Leiden
Sigmaplantsoen,371,"","",2321KK,Leiden
Sigmaplantsoen,373,"","",2321KK,Leiden
Sigmaplantsoen,375,"","",2321KK,Leiden
Sigmaplantsoen,377,"","",2321KK,Leiden
Sigmaplantsoen,379,"","",2321KK,Leiden
Sigmaplantsoen,381,"","",2321KK,Leiden
Sigmaplantsoen,383,"","",2321KK,Leiden
Sigmaplantsoen,385,"","",2321KK,Leiden
Sigmaplantsoen,387,"","",2321KK,Leiden
Sigmaplantsoen,389,"","",2321KK,Leiden
Sigmaplantsoen,391,"","",2321KK,Leiden
Sigmaplantsoen,393,"","",2321KK,Leiden
Sigmaplantsoen,395,"","",2321KK,Leiden
Sigmaplantsoen,397,"","",2321KK,Leiden
Sigmaplantsoen,399,"","",2321KK,Leiden
Sigmaplantsoen,401,"","",2321KK,Leiden
Sigmaplantsoen,403,"","",2321KK,Leiden
Sigmaplantsoen,405,"","",2321KK,Leiden
Sigmaplantsoen,407,"","",2321KK,Leiden
Sigmaplantsoen,409,"","",2321KK,Leiden
Sigmaplantsoen,411,"","",2321KK,Leiden
Sigmaplantsoen,413,"","",2321KK,Leiden
Sigmaplantsoen,415,"","",2321KK,Leiden
Sigmaplantsoen,417,"","",2321KK,Leiden
Sigmaplantsoen,419,"","",2321KK,Leiden
Sigmaplantsoen,421,"","",2321KK,Leiden
Sigmaplantsoen,423,"","",2321KK,Leiden
Sigmaplantsoen,425,"","",2321KK,Leiden
Sigmaplantsoen,427,"","",2321KK,Leiden
Sigmaplantsoen,429,"","",2321KK,Leiden
Sigmaplantsoen,431,"","",2321KK,Leiden
Sigmaplantsoen,433,"","",2321KK,Leiden
Sigmaplantsoen,435,"","",2321KK,Leiden
Sigmaplantsoen,437,"","",2321KK,Leiden
Sigmaplantsoen,439,"","",2321KK,Leiden
Sigmaplantsoen,441,"","",2321KK,Leiden
Sigmaplantsoen,443,"","",2321KK,Leiden
Sigmaplantsoen,445,"","",2321KK,Leiden
Sigmaplantsoen,447,"","",2321KK,Leiden
Sigmaplantsoen,449,"","",2321KK,Leiden
Sigmaplantsoen,451,"","",2321KK,Leiden
Sigmaplantsoen,453,"","",2321KK,Leiden
Sigmaplantsoen,455,"","",2321KK,Leiden
Sigmaplantsoen,457,"","",2321KK,Leiden
Sigmaplantsoen,459,"","",2321KK,Leiden
Sigmaplantsoen,461,"","",2321KK,Leiden
Sigmaplantsoen,463,"","",2321KK,Leiden
Sigmaplantsoen,465,"","",2321KK,Leiden
Sigmaplantsoen,467,"","",2321KK,Leiden
Sigmaplantsoen,469,"","",2321KK,Leiden
Sigmaplantsoen,471,"","",2321KK,Leiden
Sigmaplantsoen,473,"","",2321KK,Leiden
Sigmaplantsoen,475,"","",2321KK,Leiden
Sigmaplantsoen,477,"","",2321KK,Leiden
Sigmaplantsoen,479,"","",2321KK,Leiden
Sigmaplantsoen,481,"","",2321KK,Leiden
Sigmaplantsoen,483,"","",2321KK,Leiden
Sigmaplantsoen,485,"","",2321KK,Leiden
Sigmaplantsoen,487,"","",2321KK,Leiden
Sigmaplantsoen,489,"","",2321KK,Leiden
Sigmaplantsoen,491,"","",2321KK,Leiden
Sigmaplantsoen,493,"","",2321KK,Leiden
Sigmaplantsoen,495,"","",2321KK,Leiden
Sigmaplantsoen,497,"","",2321KK,Leiden
Sigmaplantsoen,499,"","",2321KK,Leiden
Sigmaplantsoen,501,"","",2321KK,Leiden
Sigmaplantsoen,503,"","",2321KK,Leiden
Sigmaplantsoen,505,"","",2321KK,Leiden
Sigmaplantsoen,507,"","",2321KK,Leiden
Sigmaplantsoen,509,"","",2321KK,Leiden
Sigmaplantsoen,511,"","",2321KK,Leiden
Sigmaplantsoen,513,"","",2321KK,Leiden
Sigmaplantsoen,515,"","",2321KK,Leiden
Sigmaplantsoen,517,"","",2321KK,Leiden
Sigmaplantsoen,519,"","",2321KK,Leiden
Sigmaplantsoen,521,"","",2321KK,Leiden
Sigmaplantsoen,523,"","",2321KK,Leiden
Sigmaplantsoen,525,"","",2321KK,Leiden
Sigmaplantsoen,527,"","",2321KK,Leiden
Sigmaplantsoen,529,"","",2321KK,Leiden
Sigmaplantsoen,531,"","",2321KK,Leiden
Sigmaplantsoen,533,"","",2321KK,Leiden
Sigmaplantsoen,535,"","",2321KK,Leiden
Sigmaplantsoen,537,"","",2321KK,Leiden
Sigmaplantsoen,539,"","",2321KK,Leiden
Sigmaplantsoen,541,"","",2321KK,Leiden
Sigmaplantsoen,543,"","",2321KK,Leiden
Sigmaplantsoen,545,"","",2321KK,Leiden
Sigmaplantsoen,547,"","",2321KK,Leiden
Sigmaplantsoen,549,"","",2321KK,Leiden
Sigmaplantsoen,551,"","",2321KK,Leiden
Sigmaplantsoen,553,"","",2321KK,Leiden
Sigmaplantsoen,555,"","",2321KK,Leiden
Sigmaplantsoen,557,"","",2321KK,Leiden
Sigmaplantsoen,559,"","",2321KK,Leiden
Sigmaplantsoen,561,"","",2321KK,Leiden
Sigmaplantsoen,563,"","",2321KK,Leiden
Sigmaplantsoen,565,"","",2321KK,Leiden
Sigmaplantsoen,567,"","",2321KK,Leiden
Sigmaplantsoen,569,"","",2321KK,Leiden
Sigmaplantsoen,571,"","",2321KK,Leiden
Sigmaplantsoen,573,"","",2321KK,Leiden
Sigmaplantsoen,575,"","",2321KK,Leiden
Sigmaplantsoen,577,"","",2321KK,Leiden
Sigmaplantsoen,579,"","",2321KK,Leiden
Sigmaplantsoen,581,"","",2321KK,Leiden
Sigmaplantsoen,583,"","",2321KK,Leiden
Sigmaplantsoen,585,"","",2321KK,Leiden
Sigmaplantsoen,587,"","",2321KK,Leiden
Sigmaplantsoen,589,"","",2321KK,Leiden
Sigmaplantsoen,591,"","",2321KK,Leiden
Sigmaplantsoen,593,"","",2321KK,Leiden
Sigmaplantsoen,595,"","",2321KK,Leiden
Sigmaplantsoen,597,"","",2321KK,Leiden
Sigmaplantsoen,601,"","",2321KL,Leiden
Sigmaplantsoen,603,"","",2321KL,Leiden
Sigmaplantsoen,605,"","",2321KL,Leiden
Sigmaplantsoen,607,"","",2321KL,Leiden
Sigmaplantsoen,609,"","",2321KL,Leiden
Sigmaplantsoen,611,"","",2321KL,Leiden
Sigmaplantsoen,613,"","",2321KL,Leiden
Sigmaplantsoen,615,"","",2321KL,Leiden
Sigmaplantsoen,617,"","",2321KL,Leiden
Sigmaplantsoen,619,"","",2321KL,Leiden
Sigmaplantsoen,621,"","",2321KL,Leiden
Sigmaplantsoen,623,"","",2321KL,Leiden
Sigmaplantsoen,625,"","",2321KL,Leiden
Sigmaplantsoen,627,"","",2321KL,Leiden
Sigmaplantsoen,629,"","",2321KL,Leiden
Sigmaplantsoen,631,"","",2321KL,Leiden
Sigmaplantsoen,633,"","",2321KL,Leiden
Sigmaplantsoen,635,"","",2321KL,Leiden
Sigmaplantsoen,637,"","",2321KL,Leiden
Sigmaplantsoen,639,"","",2321KL,Leiden
Sigmaplantsoen,641,"","",2321KL,Leiden
Sigmaplantsoen,643,"","",2321KL,Leiden
Sigmaplantsoen,645,"","",2321KL,Leiden
Sigmaplantsoen,647,"","",2321KL,Leiden
Sigmaplantsoen,649,"","",2321KL,Leiden
Sigmaplantsoen,651,"","",2321KL,Leiden
Sigmaplantsoen,653,"","",2321KL,Leiden
Sigmaplantsoen,655,"","",2321KL,Leiden
Sigmaplantsoen,657,"","",2321KL,Leiden
Sigmaplantsoen,659,"","",2321KL,Leiden
Sigmaplantsoen,661,"","",2321KL,Leiden
Sigmaplantsoen,663,"","",2321KL,Leiden
Sigmaplantsoen,665,"","",2321KL,Leiden
Sigmaplantsoen,667,"","",2321KL,Leiden
Sigmaplantsoen,669,"","",2321KL,Leiden
Sigmaplantsoen,671,"","",2321KL,Leiden
Sigmaplantsoen,673,"","",2321KL,Leiden
Sigmaplantsoen,675,"","",2321KL,Leiden
Sigmaplantsoen,677,"","",2321KL,Leiden
Sigmaplantsoen,679,"","",2321KL,Leiden
Sigmaplantsoen,681,"","",2321KL,Leiden
Sigmaplantsoen,683,"","",2321KL,Leiden
Sigmaplantsoen,685,"","",2321KL,Leiden
Sigmaplantsoen,687,"","",2321KL,Leiden
Sigmaplantsoen,689,"","",2321KL,Leiden
Sigmaplantsoen,691,"","",2321KL,Leiden
Sigmaplantsoen,693,"","",2321KL,Leiden
Sigmaplantsoen,695,"","",2321KL,Leiden
Sigmaplantsoen,697,"","",2321KL,Leiden
Sigmaplantsoen,699,"","",2321KL,Leiden
Sigmaplantsoen,701,"","",2321KL,Leiden
Sigmaplantsoen,703,"","",2321KL,Leiden
Sigmaplantsoen,705,"","",2321KL,Leiden
Sigmaplantsoen,707,"","",2321KL,Leiden
Sigmaplantsoen,709,"","",2321KL,Leiden
Sigmaplantsoen,711,"","",2321KL,Leiden
Sigmaplantsoen,713,"","",2321KL,Leiden
Sigmaplantsoen,715,"","",2321KL,Leiden
Sigmaplantsoen,717,"","",2321KL,Leiden
Sigmaplantsoen,719,"","",2321KL,Leiden
Sigmaplantsoen,721,"","",2321KL,Leiden
Sigmaplantsoen,723,"","",2321KL,Leiden
Sigmaplantsoen,725,"","",2321KL,Leiden
Sigmaplantsoen,727,"","",2321KL,Leiden
Sigmaplantsoen,729,"","",2321KL,Leiden
Sigmaplantsoen,731,"","",2321KL,Leiden
Sigmaplantsoen,733,"","",2321KL,Leiden
Sigmaplantsoen,735,"","",2321KL,Leiden
Sigmaplantsoen,737,"","",2321KL,Leiden
Sigmaplantsoen,739,"","",2321KL,Leiden
Sigmaplantsoen,741,"","",2321KL,Leiden
Sigmaplantsoen,743,"","",2321KL,Leiden
Sigmaplantsoen,745,"","",2321KL,Leiden
Sigmaplantsoen,747,"","",2321KL,Leiden
Sigmaplantsoen,749,"","",2321KL,Leiden
Sigmaplantsoen,751,"","",2321KL,Leiden
Sigmaplantsoen,753,"","",2321KL,Leiden
Sigmaplantsoen,755,"","",2321KL,Leiden
Sigmaplantsoen,757,"","",2321KL,Leiden
Sigmaplantsoen,759,"","",2321KL,Leiden
Sigmaplantsoen,761,"","",2321KL,Leiden
Sigmaplantsoen,763,"","",2321KL,Leiden
Sigmaplantsoen,765,"","",2321KL,Leiden
Sigmaplantsoen,767,"","",2321KL,Leiden
Sigmaplantsoen,769,"","",2321KL,Leiden
Sigmaplantsoen,771,"","",2321KL,Leiden
Sigmaplantsoen,773,"","",2321KL,Leiden
Lambdakade,102,"","",2321KM,Leiden
Lambdakade,104,"","",2321KM,Leiden
Lambdakade,106,"","",2321KM,Leiden
Lambdakade,90,"","",2321KM,Leiden
Lambdakade,92,"","",2321KM,Leiden
Lambdakade,94,"","",2321KM,Leiden
Lambdakade,96,"","",2321KM,Leiden
Sigmaplantsoen,10,"","",2321KN,Leiden
Sigmaplantsoen,100,"","",2321KN,Leiden
Sigmaplantsoen,102,"","",2321KN,Leiden
Sigmaplantsoen,104,"","",2321KN,Leiden
Sigmaplantsoen,106,"","",2321KN,Leiden
Sigmaplantsoen,108,"","",2321KN,Leiden
Sigmaplantsoen,110,"","",2321KN,Leiden
Sigmaplantsoen,112,"","",2321KN,Leiden
Sigmaplantsoen,114,"","",2321KN,Leiden
Sigmaplantsoen,116,"","",2321KN,Leiden
Sigmaplantsoen,118,"","",2321KN,Leiden
Sigmaplantsoen,12,"","",2321KN,Leiden
Sigmaplantsoen,14,"","",2321KN,Leiden
Sigmaplantsoen,16,"","",2321KN,Leiden
Sigmaplantsoen,18,"","",2321KN,Leiden
Sigmaplantsoen,18,T,"",2321KN,Leiden
Sigmaplantsoen,20,"","",2321KN,Leiden
Sigmaplantsoen,22,"","",2321KN,Leiden
Sigmaplantsoen,24,"","",2321KN,Leiden
Sigmaplantsoen,26,"","",2321KN,Leiden
Sigmaplantsoen,28,"","",2321KN,Leiden
Sigmaplantsoen,30,"","",2321KN,Leiden
Sigmaplantsoen,32,"","",2321KN,Leiden
Sigmaplantsoen,34,"","",2321KN,Leiden
Sigmaplantsoen,36,"","",2321KN,Leiden
Sigmaplantsoen,38,"","",2321KN,Leiden
Sigmaplantsoen,4,"","",2321KN,Leiden
Sigmaplantsoen,40,"","",2321KN,Leiden
Sigmaplantsoen,42,"","",2321KN,Leiden
Sigmaplantsoen,44,"","",2321KN,Leiden
Sigmaplantsoen,46,"","",2321KN,Leiden
Sigmaplantsoen,48,"","",2321KN,Leiden
Sigmaplantsoen,50,"","",2321KN,Leiden
Sigmaplantsoen,52,"","",2321KN,Leiden
Sigmaplantsoen,54,"","",2321KN,Leiden
Sigmaplantsoen,56,"","",2321KN,Leiden
Sigmaplantsoen,58,"","",2321KN,Leiden
Sigmaplantsoen,6,"","",2321KN,Leiden
Sigmaplantsoen,60,"","",2321KN,Leiden
Sigmaplantsoen,62,"","",2321KN,Leiden
Sigmaplantsoen,64,"","",2321KN,Leiden
Sigmaplantsoen,66,"","",2321KN,Leiden
Sigmaplantsoen,68,"","",2321KN,Leiden
Sigmaplantsoen,70,"","",2321KN,Leiden
Sigmaplantsoen,72,"","",2321KN,Leiden
Sigmaplantsoen,74,"","",2321KN,Leiden
Sigmaplantsoen,76,"","",2321KN,Leiden
Sigmaplantsoen,78,"","",2321KN,Leiden
Sigmaplantsoen,8,"","",2321KN,Leiden
Sigmaplantsoen,80,"","",2321KN,Leiden
Sigmaplantsoen,82,"","",2321KN,Leiden
Sigmaplantsoen,84,"","",2321KN,Leiden
Sigmaplantsoen,86,"","",2321KN,Leiden
Sigmaplantsoen,88,"","",2321KN,Leiden
Sigmaplantsoen,90,"","",2321KN,Leiden
Sigmaplantsoen,92,"","",2321KN,Leiden
Sigmaplantsoen,94,"","",2321KN,Leiden
Sigmaplantsoen,96,"","",2321KN,Leiden
Sigmaplantsoen,98,"","",2321KN,Leiden
Kappakade,1,"","",2321KP,Leiden
Kappakade,101,"","",2321KP,Leiden
Kappakade,103,"","",2321KP,Leiden
Kappakade,105,"","",2321KP,Leiden
Kappakade,107,"","",2321KP,Leiden
Kappakade,109,"","",2321KP,Leiden
Kappakade,11,"","",2321KP,Leiden
Kappakade,111,"","",2321KP,Leiden
Kappakade,13,"","",2321KP,Leiden
Kappakade,15,"","",2321KP,Leiden
Kappakade,17,"","",2321KP,Leiden
Kappakade,19,"","",2321KP,Leiden
Kappakade,21,"","",2321KP,Leiden
Kappakade,23,"","",2321KP,Leiden
Kappakade,25,"","",2321KP,Leiden
Kappakade,27,"","",2321KP,Leiden
Kappakade,29,"","",2321KP,Leiden
Kappakade,3,"","",2321KP,Leiden
Kappakade,31,"","",2321KP,Leiden
Kappakade,33,"","",2321KP,Leiden
Kappakade,35,"","",2321KP,Leiden
Kappakade,37,"","",2321KP,Leiden
Kappakade,39,"","",2321KP,Leiden
Kappakade,41,"","",2321KP,Leiden
Kappakade,43,"","",2321KP,Leiden
Kappakade,45,"","",2321KP,Leiden
Kappakade,47,"","",2321KP,Leiden
Kappakade,49,"","",2321KP,Leiden
Kappakade,5,"","",2321KP,Leiden
Kappakade,51,"","",2321KP,Leiden
Kappakade,53,"","",2321KP,Leiden
Kappakade,55,"","",2321KP,Leiden
Kappakade,57,"","",2321KP,Leiden
Kappakade,59,"","",2321KP,Leiden
Kappakade,61,"","",2321KP,Leiden
Kappakade,63,"","",2321KP,Leiden
Kappakade,65,"","",2321KP,Leiden
Kappakade,67,"","",2321KP,Leiden
Kappakade,69,"","",2321KP,Leiden
Kappakade,7,"","",2321KP,Leiden
Kappakade,71,"","",2321KP,Leiden
Kappakade,73,"","",2321KP,Leiden
Kappakade,75,"","",2321KP,Leiden
Kappakade,77,"","",2321KP,Leiden
Kappakade,79,"","",2321KP,Leiden
Kappakade,81,"","",2321KP,Leiden
Kappakade,83,"","",2321KP,Leiden
Kappakade,85,"","",2321KP,Leiden
Kappakade,87,"","",2321KP,Leiden
Kappakade,89,"","",2321KP,Leiden
Kappakade,9,"","",2321KP,Leiden
Kappakade,91,"","",2321KP,Leiden
Kappakade,93,"","",2321KP,Leiden
Kappakade,95,"","",2321KP,Leiden
Kappakade,97,"","",2321KP,Leiden
Kappakade,99,"","",2321KP,Leiden
Alfastraat,1,"","",2321KR,Leiden
Alfastraat,11,"","",2321KR,Leiden
Alfastraat,13,"","",2321KR,Leiden
Alfastraat,15,"","",2321KR,Leiden
Alfastraat,17,A,"",2321KR,Leiden
Alfastraat,17,B,"",2321KR,Leiden
Alfastraat,17,C,"",2321KR,Leiden
Alfastraat,17,D,"",2321KR,Leiden
Alfastraat,19,"","",2321KR,Leiden
Alfastraat,21,"","",2321KR,Leiden
Alfastraat,3,"","",2321KR,Leiden
Alfastraat,5,"","",2321KR,Leiden
Alfastraat,7,"","",2321KR,Leiden
Alfastraat,9,"","",2321KR,Leiden
Bètaplein,100,"","",2321KS,Leiden
Bètaplein,101,"","",2321KS,Leiden
Bètaplein,102,"","",2321KS,Leiden
Bètaplein,103,"","",2321KS,Leiden
Bètaplein,104,"","",2321KS,Leiden
Bètaplein,105,"","",2321KS,Leiden
Bètaplein,106,"","",2321KS,Leiden
Bètaplein,107,"","",2321KS,Leiden
Bètaplein,108,"","",2321KS,Leiden
Bètaplein,109,"","",2321KS,Leiden
Bètaplein,110,"","",2321KS,Leiden
Bètaplein,111,"","",2321KS,Leiden
Bètaplein,112,"","",2321KS,Leiden
Bètaplein,113,"","",2321KS,Leiden
Bètaplein,114,"","",2321KS,Leiden
Bètaplein,115,"","",2321KS,Leiden
Bètaplein,116,"","",2321KS,Leiden
Bètaplein,117,"","",2321KS,Leiden
Bètaplein,118,"","",2321KS,Leiden
Bètaplein,119,"","",2321KS,Leiden
Bètaplein,12,"","",2321KS,Leiden
Bètaplein,120,"","",2321KS,Leiden
Bètaplein,121,"","",2321KS,Leiden
Bètaplein,122,"","",2321KS,Leiden
Bètaplein,123,"","",2321KS,Leiden
Bètaplein,124,"","",2321KS,Leiden
Bètaplein,125,"","",2321KS,Leiden
Bètaplein,126,"","",2321KS,Leiden
Bètaplein,127,"","",2321KS,Leiden
Bètaplein,128,"","",2321KS,Leiden
Bètaplein,129,"","",2321KS,Leiden
Bètaplein,130,"","",2321KS,Leiden
Bètaplein,131,"","",2321KS,Leiden
Bètaplein,132,"","",2321KS,Leiden
Bètaplein,133,"","",2321KS,Leiden
Bètaplein,134,"","",2321KS,Leiden
Bètaplein,135,"","",2321KS,Leiden
Bètaplein,136,"","",2321KS,Leiden
Bètaplein,137,"","",2321KS,Leiden
Bètaplein,138,"","",2321KS,Leiden
Bètaplein,139,"","",2321KS,Leiden
Bètaplein,14,"","",2321KS,Leiden
Bètaplein,140,"","",2321KS,Leiden
Bètaplein,141,"","",2321KS,Leiden
Bètaplein,142,"","",2321KS,Leiden
Bètaplein,143,"","",2321KS,Leiden
Bètaplein,144,"","",2321KS,Leiden
Bètaplein,145,"","",2321KS,Leiden
Bètaplein,146,"","",2321KS,Leiden
Bètaplein,147,"","",2321KS,Leiden
Bètaplein,148,"","",2321KS,Leiden
Bètaplein,149,"","",2321KS,Leiden
Bètaplein,150,"","",2321KS,Leiden
Bètaplein,151,"","",2321KS,Leiden
Bètaplein,152,"","",2321KS,Leiden
Bètaplein,153,"","",2321KS,Leiden
Bètaplein,154,"","",2321KS,Leiden
Bètaplein,155,"","",2321KS,Leiden
Bètaplein,156,"","",2321KS,Leiden
Bètaplein,157,"","",2321KS,Leiden
Bètaplein,158,"","",2321KS,Leiden
Bètaplein,159,"","",2321KS,Leiden
Bètaplein,16,"","",2321KS,Leiden
Bètaplein,160,"","",2321KS,Leiden
Bètaplein,161,"","",2321KS,Leiden
Bètaplein,162,"","",2321KS,Leiden
Bètaplein,163,"","",2321KS,Leiden
Bètaplein,164,"","",2321KS,Leiden
Bètaplein,165,"","",2321KS,Leiden
Bètaplein,166,"","",2321KS,Leiden
Bètaplein,167,"","",2321KS,Leiden
Bètaplein,168,"","",2321KS,Leiden
Bètaplein,169,"","",2321KS,Leiden
Bètaplein,170,"","",2321KS,Leiden
Bètaplein,171,"","",2321KS,Leiden
Bètaplein,172,"","",2321KS,Leiden
Bètaplein,173,"","",2321KS,Leiden
Bètaplein,174,"","",2321KS,Leiden
Bètaplein,175,"","",2321KS,Leiden
Bètaplein,176,"","",2321KS,Leiden
Bètaplein,177,"","",2321KS,Leiden
Bètaplein,178,"","",2321KS,Leiden
Bètaplein,179,"","",2321KS,Leiden
Bètaplein,18,"","",2321KS,Leiden
Bètaplein,180,"","",2321KS,Leiden
Bètaplein,181,"","",2321KS,Leiden
Bètaplein,182,"","",2321KS,Leiden
Bètaplein,183,"","",2321KS,Leiden
Bètaplein,184,"","",2321KS,Leiden
Bètaplein,185,"","",2321KS,Leiden
Bètaplein,186,"","",2321KS,Leiden
Bètaplein,187,"","",2321KS,Leiden
Bètaplein,188,"","",2321KS,Leiden
Bètaplein,189,"","",2321KS,Leiden
Bètaplein,190,"","",2321KS,Leiden
Bètaplein,191,"","",2321KS,Leiden
Bètaplein,192,"","",2321KS,Leiden
Bètaplein,193,"","",2321KS,Leiden
Bètaplein,194,"","",2321KS,Leiden
Bètaplein,195,"","",2321KS,Leiden
Bètaplein,196,"","",2321KS,Leiden
Bètaplein,197,"","",2321KS,Leiden
Bètaplein,198,"","",2321KS,Leiden
Bètaplein,199,"","",2321KS,Leiden
Bètaplein,20,"","",2321KS,Leiden
Bètaplein,200,"","",2321KS,Leiden
Bètaplein,201,"","",2321KS,Leiden
Bètaplein,202,"","",2321KS,Leiden
Bètaplein,203,"","",2321KS,Leiden
Bètaplein,204,"","",2321KS,Leiden
Bètaplein,205,"","",2321KS,Leiden
Bètaplein,206,"","",2321KS,Leiden
Bètaplein,207,"","",2321KS,Leiden
Bètaplein,208,"","",2321KS,Leiden
Bètaplein,209,"","",2321KS,Leiden
Bètaplein,210,"","",2321KS,Leiden
Bètaplein,211,"","",2321KS,Leiden
Bètaplein,212,"","",2321KS,Leiden
Bètaplein,213,"","",2321KS,Leiden
Bètaplein,214,"","",2321KS,Leiden
Bètaplein,215,"","",2321KS,Leiden
Bètaplein,216,"","",2321KS,Leiden
Bètaplein,217,"","",2321KS,Leiden
Bètaplein,218,"","",2321KS,Leiden
Bètaplein,219,"","",2321KS,Leiden
Bètaplein,22,"","",2321KS,Leiden
Bètaplein,22,A,"",2321KS,Leiden
Bètaplein,22,B,"",2321KS,Leiden
Bètaplein,22,C,"",2321KS,Leiden
Bètaplein,22,D,"",2321KS,Leiden
Bètaplein,220,"","",2321KS,Leiden
Bètaplein,221,"","",2321KS,Leiden
Bètaplein,222,"","",2321KS,Leiden
Bètaplein,223,"","",2321KS,Leiden
Bètaplein,224,"","",2321KS,Leiden
Bètaplein,225,"","",2321KS,Leiden
Bètaplein,226,"","",2321KS,Leiden
Bètaplein,227,"","",2321KS,Leiden
Bètaplein,228,"","",2321KS,Leiden
Bètaplein,229,"","",2321KS,Leiden
Bètaplein,230,"","",2321KS,Leiden
Bètaplein,231,"","",2321KS,Leiden
Bètaplein,232,"","",2321KS,Leiden
Bètaplein,233,"","",2321KS,Leiden
Bètaplein,234,"","",2321KS,Leiden
Bètaplein,235,"","",2321KS,Leiden
Bètaplein,236,"","",2321KS,Leiden
Bètaplein,237,"","",2321KS,Leiden
Bètaplein,238,"","",2321KS,Leiden
Bètaplein,239,"","",2321KS,Leiden
Bètaplein,24,"","",2321KS,Leiden
Bètaplein,240,"","",2321KS,Leiden
Bètaplein,241,"","",2321KS,Leiden
Bètaplein,242,"","",2321KS,Leiden
Bètaplein,243,"","",2321KS,Leiden
Bètaplein,244,"","",2321KS,Leiden
Bètaplein,245,"","",2321KS,Leiden
Bètaplein,246,"","",2321KS,Leiden
Bètaplein,247,"","",2321KS,Leiden
Bètaplein,248,"","",2321KS,Leiden
Bètaplein,249,"","",2321KS,Leiden
Bètaplein,250,"","",2321KS,Leiden
Bètaplein,251,"","",2321KS,Leiden
Bètaplein,252,"","",2321KS,Leiden
Bètaplein,253,"","",2321KS,Leiden
Bètaplein,254,"","",2321KS,Leiden
Bètaplein,255,"","",2321KS,Leiden
Bètaplein,256,"","",2321KS,Leiden
Bètaplein,257,"","",2321KS,Leiden
Bètaplein,258,"","",2321KS,Leiden
Bètaplein,259,"","",2321KS,Leiden
Bètaplein,26,"","",2321KS,Leiden
Bètaplein,260,"","",2321KS,Leiden
Bètaplein,261,"","",2321KS,Leiden
Bètaplein,262,"","",2321KS,Leiden
Bètaplein,263,"","",2321KS,Leiden
Bètaplein,264,"","",2321KS,Leiden
Bètaplein,265,"","",2321KS,Leiden
Bètaplein,266,"","",2321KS,Leiden
Bètaplein,267,"","",2321KS,Leiden
Bètaplein,268,"","",2321KS,Leiden
Bètaplein,269,"","",2321KS,Leiden
Bètaplein,270,"","",2321KS,Leiden
Bètaplein,271,"","",2321KS,Leiden
Bètaplein,272,"","",2321KS,Leiden
Bètaplein,273,"","",2321KS,Leiden
Bètaplein,274,"","",2321KS,Leiden
Bètaplein,275,"","",2321KS,Leiden
Bètaplein,276,"","",2321KS,Leiden
Bètaplein,277,"","",2321KS,Leiden
Bètaplein,278,"","",2321KS,Leiden
Bètaplein,279,"","",2321KS,Leiden
Bètaplein,28,"","",2321KS,Leiden
Bètaplein,280,"","",2321KS,Leiden
Bètaplein,281,"","",2321KS,Leiden
Bètaplein,282,"","",2321KS,Leiden
Bètaplein,283,"","",2321KS,Leiden
Bètaplein,284,"","",2321KS,Leiden
Bètaplein,285,"","",2321KS,Leiden
Bètaplein,286,"","",2321KS,Leiden
Bètaplein,287,"","",2321KS,Leiden
Bètaplein,288,"","",2321KS,Leiden
Bètaplein,289,"","",2321KS,Leiden
Bètaplein,290,"","",2321KS,Leiden
Bètaplein,291,"","",2321KS,Leiden
Bètaplein,292,"","",2321KS,Leiden
Bètaplein,293,"","",2321KS,Leiden
Bètaplein,294,"","",2321KS,Leiden
Bètaplein,295,"","",2321KS,Leiden
Bètaplein,296,"","",2321KS,Leiden
Bètaplein,297,"","",2321KS,Leiden
Bètaplein,298,"","",2321KS,Leiden
Bètaplein,299,"","",2321KS,Leiden
Bètaplein,30,"","",2321KS,Leiden
Bètaplein,30,P,"",2321KS,Leiden
Bètaplein,30,P,"",2321KS,Leiden
Bètaplein,300,"","",2321KS,Leiden
Bètaplein,301,"","",2321KS,Leiden
Bètaplein,302,"","",2321KS,Leiden
Bètaplein,303,"","",2321KS,Leiden
Bètaplein,305,"","",2321KS,Leiden
Bètaplein,307,"","",2321KS,Leiden
Bètaplein,309,"","",2321KS,Leiden
Bètaplein,31,"","",2321KS,Leiden
Bètaplein,31,T,"",2321KS,Leiden
Bètaplein,311,"","",2321KS,Leiden
Bètaplein,313,"","",2321KS,Leiden
Bètaplein,313,"","",2321KS,Leiden
Bètaplein,315,"","",2321KS,Leiden
Bètaplein,32,"","",2321KS,Leiden
Bètaplein,32,"","",2321KS,Leiden
Bètaplein,32,"","",2321KS,Leiden
Bètaplein,32,A,"",2321KS,Leiden
Bètaplein,32,A,"",2321KS,Leiden
Bètaplein,32,B,"",2321KS,Leiden
Bètaplein,33,"","",2321KS,Leiden
Bètaplein,33,A,"",2321KS,Leiden
Bètaplein,33,B,"",2321KS,Leiden
Bètaplein,33,C,"",2321KS,Leiden
Bètaplein,34,"","",2321KS,Leiden
Bètaplein,34,"","",2321KS,Leiden
Bètaplein,34,A,"",2321KS,Leiden
Bètaplein,35,"","",2321KS,Leiden
Bètaplein,35,"","",2321KS,Leiden
Bètaplein,36,"","",2321KS,Leiden
Bètaplein,37,"","",2321KS,Leiden
Bètaplein,38,"","",2321KS,Leiden
Bètaplein,39,"","",2321KS,Leiden
Bètaplein,40,"","",2321KS,Leiden
Bètaplein,41,"","",2321KS,Leiden
Bètaplein,42,"","",2321KS,Leiden
Bètaplein,43,"","",2321KS,Leiden
Bètaplein,44,"","",2321KS,Leiden
Bètaplein,45,"","",2321KS,Leiden
Bètaplein,46,"","",2321KS,Leiden
Bètaplein,47,"","",2321KS,Leiden
Bètaplein,48,"","",2321KS,Leiden
Bètaplein,49,"","",2321KS,Leiden
Bètaplein,50,"","",2321KS,Leiden
Bètaplein,51,"","",2321KS,Leiden
Bètaplein,52,"","",2321KS,Leiden
Bètaplein,53,"","",2321KS,Leiden
Bètaplein,54,"","",2321KS,Leiden
Bètaplein,55,"","",2321KS,Leiden
Bètaplein,56,"","",2321KS,Leiden
Bètaplein,57,"","",2321KS,Leiden
Bètaplein,58,"","",2321KS,Leiden
Bètaplein,59,"","",2321KS,Leiden
Bètaplein,60,"","",2321KS,Leiden
Bètaplein,61,"","",2321KS,Leiden
Bètaplein,62,"","",2321KS,Leiden
Bètaplein,63,"","",2321KS,Leiden
Bètaplein,64,"","",2321KS,Leiden
Bètaplein,65,"","",2321KS,Leiden
Bètaplein,66,"","",2321KS,Leiden
Bètaplein,67,"","",2321KS,Leiden
Bètaplein,68,"","",2321KS,Leiden
Bètaplein,69,"","",2321KS,Leiden
Bètaplein,70,"","",2321KS,Leiden
Bètaplein,71,"","",2321KS,Leiden
Bètaplein,72,"","",2321KS,Leiden
Bètaplein,73,"","",2321KS,Leiden
Bètaplein,74,"","",2321KS,Leiden
Bètaplein,75,"","",2321KS,Leiden
Bètaplein,76,"","",2321KS,Leiden
Bètaplein,77,"","",2321KS,Leiden
Bètaplein,78,"","",2321KS,Leiden
Bètaplein,79,"","",2321KS,Leiden
Bètaplein,80,"","",2321KS,Leiden
Bètaplein,81,"","",2321KS,Leiden
Bètaplein,82,"","",2321KS,Leiden
Bètaplein,83,"","",2321KS,Leiden
Bètaplein,84,"","",2321KS,Leiden
Bètaplein,85,"","",2321KS,Leiden
Bètaplein,86,"","",2321KS,Leiden
Bètaplein,87,"","",2321KS,Leiden
Bètaplein,88,"","",2321KS,Leiden
Bètaplein,89,"","",2321KS,Leiden
Bètaplein,90,"","",2321KS,Leiden
Bètaplein,91,"","",2321KS,Leiden
Bètaplein,92,"","",2321KS,Leiden
Bètaplein,93,"","",2321KS,Leiden
Bètaplein,94,"","",2321KS,Leiden
Bètaplein,95,"","",2321KS,Leiden
Bètaplein,96,"","",2321KS,Leiden
Bètaplein,97,"","",2321KS,Leiden
Bètaplein,98,"","",2321KS,Leiden
Bètaplein,99,"","",2321KS,Leiden
Omegaplantsoen,1,"","",2321KT,Leiden
Omegaplantsoen,10,"","",2321KT,Leiden
Omegaplantsoen,100,"","",2321KT,Leiden
Omegaplantsoen,101,"","",2321KT,Leiden
Omegaplantsoen,102,"","",2321KT,Leiden
Omegaplantsoen,103,"","",2321KT,Leiden
Omegaplantsoen,104,"","",2321KT,Leiden
Omegaplantsoen,105,"","",2321KT,Leiden
Omegaplantsoen,106,"","",2321KT,Leiden
Omegaplantsoen,107,"","",2321KT,Leiden
Omegaplantsoen,108,"","",2321KT,Leiden
Omegaplantsoen,109,"","",2321KT,Leiden
Omegaplantsoen,11,"","",2321KT,Leiden
Omegaplantsoen,110,"","",2321KT,Leiden
Omegaplantsoen,111,"","",2321KT,Leiden
Omegaplantsoen,112,"","",2321KT,Leiden
Omegaplantsoen,113,"","",2321KT,Leiden
Omegaplantsoen,114,"","",2321KT,Leiden
Omegaplantsoen,115,"","",2321KT,Leiden
Omegaplantsoen,116,"","",2321KT,Leiden
Omegaplantsoen,117,"","",2321KT,Leiden
Omegaplantsoen,118,"","",2321KT,Leiden
Omegaplantsoen,119,"","",2321KT,Leiden
Omegaplantsoen,12,"","",2321KT,Leiden
Omegaplantsoen,120,"","",2321KT,Leiden
Omegaplantsoen,121,"","",2321KT,Leiden
Omegaplantsoen,122,"","",2321KT,Leiden
Omegaplantsoen,123,"","",2321KT,Leiden
Omegaplantsoen,124,"","",2321KT,Leiden
Omegaplantsoen,125,"","",2321KT,Leiden
Omegaplantsoen,126,"","",2321KT,Leiden
Omegaplantsoen,127,"","",2321KT,Leiden
Omegaplantsoen,128,"","",2321KT,Leiden
Omegaplantsoen,129,"","",2321KT,Leiden
Omegaplantsoen,13,"","",2321KT,Leiden
Omegaplantsoen,130,"","",2321KT,Leiden
Omegaplantsoen,131,"","",2321KT,Leiden
Omegaplantsoen,132,"","",2321KT,Leiden
Omegaplantsoen,133,"","",2321KT,Leiden
Omegaplantsoen,134,"","",2321KT,Leiden
Omegaplantsoen,135,"","",2321KT,Leiden
Omegaplantsoen,136,"","",2321KT,Leiden
Omegaplantsoen,137,"","",2321KT,Leiden
Omegaplantsoen,138,"","",2321KT,Leiden
Omegaplantsoen,139,"","",2321KT,Leiden
Omegaplantsoen,14,"","",2321KT,Leiden
Omegaplantsoen,140,"","",2321KT,Leiden
Omegaplantsoen,141,"","",2321KT,Leiden
Omegaplantsoen,142,"","",2321KT,Leiden
Omegaplantsoen,143,"","",2321KT,Leiden
Omegaplantsoen,144,"","",2321KT,Leiden
Omegaplantsoen,145,"","",2321KT,Leiden
Omegaplantsoen,146,"","",2321KT,Leiden
Omegaplantsoen,147,"","",2321KT,Leiden
Omegaplantsoen,148,"","",2321KT,Leiden
Omegaplantsoen,149,"","",2321KT,Leiden
Omegaplantsoen,15,"","",2321KT,Leiden
Omegaplantsoen,150,"","",2321KT,Leiden
Omegaplantsoen,151,"","",2321KT,Leiden
Omegaplantsoen,152,"","",2321KT,Leiden
Omegaplantsoen,153,"","",2321KT,Leiden
Omegaplantsoen,154,"","",2321KT,Leiden
Omegaplantsoen,155,"","",2321KT,Leiden
Omegaplantsoen,156,"","",2321KT,Leiden
Omegaplantsoen,157,"","",2321KT,Leiden
Omegaplantsoen,158,"","",2321KT,Leiden
Omegaplantsoen,159,"","",2321KT,Leiden
Omegaplantsoen,16,"","",2321KT,Leiden
Omegaplantsoen,160,"","",2321KT,Leiden
Omegaplantsoen,161,"","",2321KT,Leiden
Omegaplantsoen,162,"","",2321KT,Leiden
Omegaplantsoen,163,"","",2321KT,Leiden
Omegaplantsoen,164,"","",2321KT,Leiden
Omegaplantsoen,165,"","",2321KT,Leiden
Omegaplantsoen,166,"","",2321KT,Leiden
Omegaplantsoen,167,"","",2321KT,Leiden
Omegaplantsoen,168,"","",2321KT,Leiden
Omegaplantsoen,169,"","",2321KT,Leiden
Omegaplantsoen,17,"","",2321KT,Leiden
Omegaplantsoen,170,"","",2321KT,Leiden
Omegaplantsoen,171,"","",2321KT,Leiden
Omegaplantsoen,172,"","",2321KT,Leiden
Omegaplantsoen,173,"","",2321KT,Leiden
Omegaplantsoen,174,"","",2321KT,Leiden
Omegaplantsoen,175,"","",2321KT,Leiden
Omegaplantsoen,176,"","",2321KT,Leiden
Omegaplantsoen,177,"","",2321KT,Leiden
Omegaplantsoen,178,"","",2321KT,Leiden
Omegaplantsoen,179,"","",2321KT,Leiden
Omegaplantsoen,18,"","",2321KT,Leiden
Omegaplantsoen,180,"","",2321KT,Leiden
Omegaplantsoen,181,"","",2321KT,Leiden
Omegaplantsoen,182,"","",2321KT,Leiden
Omegaplantsoen,183,"","",2321KT,Leiden
Omegaplantsoen,184,"","",2321KT,Leiden
Omegaplantsoen,185,"","",2321KT,Leiden
Omegaplantsoen,186,"","",2321KT,Leiden
Omegaplantsoen,187,"","",2321KT,Leiden
Omegaplantsoen,188,"","",2321KT,Leiden
Omegaplantsoen,189,"","",2321KT,Leiden
Omegaplantsoen,19,"","",2321KT,Leiden
Omegaplantsoen,190,"","",2321KT,Leiden
Omegaplantsoen,191,"","",2321KT,Leiden
Omegaplantsoen,192,"","",2321KT,Leiden
Omegaplantsoen,193,"","",2321KT,Leiden
Omegaplantsoen,194,"","",2321KT,Leiden
Omegaplantsoen,195,"","",2321KT,Leiden
Omegaplantsoen,196,"","",2321KT,Leiden
Omegaplantsoen,197,"","",2321KT,Leiden
Omegaplantsoen,198,"","",2321KT,Leiden
Omegaplantsoen,199,"","",2321KT,Leiden
Omegaplantsoen,20,"","",2321KT,Leiden
Omegaplantsoen,200,"","",2321KT,Leiden
Omegaplantsoen,201,"","",2321KT,Leiden
Omegaplantsoen,202,"","",2321KT,Leiden
Omegaplantsoen,203,"","",2321KT,Leiden
Omegaplantsoen,204,"","",2321KT,Leiden
Omegaplantsoen,205,"","",2321KT,Leiden
Omegaplantsoen,206,"","",2321KT,Leiden
Omegaplantsoen,207,"","",2321KT,Leiden
Omegaplantsoen,208,"","",2321KT,Leiden
Omegaplantsoen,209,"","",2321KT,Leiden
Omegaplantsoen,21,"","",2321KT,Leiden
Omegaplantsoen,210,"","",2321KT,Leiden
Omegaplantsoen,211,"","",2321KT,Leiden
Omegaplantsoen,212,"","",2321KT,Leiden
Omegaplantsoen,213,"","",2321KT,Leiden
Omegaplantsoen,214,"","",2321KT,Leiden
Omegaplantsoen,215,"","",2321KT,Leiden
Omegaplantsoen,216,"","",2321KT,Leiden
Omegaplantsoen,217,"","",2321KT,Leiden
Omegaplantsoen,218,"","",2321KT,Leiden
Omegaplantsoen,219,"","",2321KT,Leiden
Omegaplantsoen,22,"","",2321KT,Leiden
Omegaplantsoen,220,"","",2321KT,Leiden
Omegaplantsoen,221,"","",2321KT,Leiden
Omegaplantsoen,222,"","",2321KT,Leiden
Omegaplantsoen,223,"","",2321KT,Leiden
Omegaplantsoen,224,"","",2321KT,Leiden
Omegaplantsoen,225,"","",2321KT,Leiden
Omegaplantsoen,226,"","",2321KT,Leiden
Omegaplantsoen,227,"","",2321KT,Leiden
Omegaplantsoen,228,"","",2321KT,Leiden
Omegaplantsoen,229,"","",2321KT,Leiden
Omegaplantsoen,23,"","",2321KT,Leiden
Omegaplantsoen,230,"","",2321KT,Leiden
Omegaplantsoen,231,"","",2321KT,Leiden
Omegaplantsoen,232,"","",2321KT,Leiden
Omegaplantsoen,233,"","",2321KT,Leiden
Omegaplantsoen,234,"","",2321KT,Leiden
Omegaplantsoen,235,"","",2321KT,Leiden
Omegaplantsoen,236,"","",2321KT,Leiden
Omegaplantsoen,237,"","",2321KT,Leiden
Omegaplantsoen,238,"","",2321KT,Leiden
Omegaplantsoen,239,"","",2321KT,Leiden
Omegaplantsoen,24,"","",2321KT,Leiden
Omegaplantsoen,240,"","",2321KT,Leiden
Omegaplantsoen,241,"","",2321KT,Leiden
Omegaplantsoen,242,"","",2321KT,Leiden
Omegaplantsoen,243,"","",2321KT,Leiden
Omegaplantsoen,244,"","",2321KT,Leiden
Omegaplantsoen,245,"","",2321KT,Leiden
Omegaplantsoen,246,"","",2321KT,Leiden
Omegaplantsoen,247,"","",2321KT,Leiden
Omegaplantsoen,248,"","",2321KT,Leiden
Omegaplantsoen,249,"","",2321KT,Leiden
Omegaplantsoen,25,"","",2321KT,Leiden
Omegaplantsoen,250,"","",2321KT,Leiden
Omegaplantsoen,251,"","",2321KT,Leiden
Omegaplantsoen,252,"","",2321KT,Leiden
Omegaplantsoen,253,"","",2321KT,Leiden
Omegaplantsoen,254,"","",2321KT,Leiden
Omegaplantsoen,255,"","",2321KT,Leiden
Omegaplantsoen,256,"","",2321KT,Leiden
Omegaplantsoen,257,"","",2321KT,Leiden
Omegaplantsoen,258,"","",2321KT,Leiden
Omegaplantsoen,259,"","",2321KT,Leiden
Omegaplantsoen,26,"","",2321KT,Leiden
Omegaplantsoen,260,"","",2321KT,Leiden
Omegaplantsoen,261,"","",2321KT,Leiden
Omegaplantsoen,262,"","",2321KT,Leiden
Omegaplantsoen,263,"","",2321KT,Leiden
Omegaplantsoen,264,"","",2321KT,Leiden
Omegaplantsoen,265,"","",2321KT,Leiden
Omegaplantsoen,266,"","",2321KT,Leiden
Omegaplantsoen,267,"","",2321KT,Leiden
Omegaplantsoen,268,"","",2321KT,Leiden
Omegaplantsoen,269,"","",2321KT,Leiden
Omegaplantsoen,27,"","",2321KT,Leiden
Omegaplantsoen,270,"","",2321KT,Leiden
Omegaplantsoen,271,"","",2321KT,Leiden
Omegaplantsoen,272,"","",2321KT,Leiden
Omegaplantsoen,273,"","",2321KT,Leiden
Omegaplantsoen,274,"","",2321KT,Leiden
Omegaplantsoen,275,"","",2321KT,Leiden
Omegaplantsoen,276,"","",2321KT,Leiden
Omegaplantsoen,277,"","",2321KT,Leiden
Omegaplantsoen,278,"","",2321KT,Leiden
Omegaplantsoen,279,"","",2321KT,Leiden
Omegaplantsoen,28,"","",2321KT,Leiden
Omegaplantsoen,280,"","",2321KT,Leiden
Omegaplantsoen,281,"","",2321KT,Leiden
Omegaplantsoen,282,"","",2321KT,Leiden
Omegaplantsoen,283,"","",2321KT,Leiden
Omegaplantsoen,284,"","",2321KT,Leiden
Omegaplantsoen,285,"","",2321KT,Leiden
Omegaplantsoen,286,"","",2321KT,Leiden
Omegaplantsoen,287,"","",2321KT,Leiden
Omegaplantsoen,289,"","",2321KT,Leiden
Omegaplantsoen,29,"","",2321KT,Leiden
Omegaplantsoen,291,"","",2321KT,Leiden
Omegaplantsoen,293,"","",2321KT,Leiden
Omegaplantsoen,295,"","",2321KT,Leiden
Omegaplantsoen,297,"","",2321KT,Leiden
Omegaplantsoen,3,"","",2321KT,Leiden
Omegaplantsoen,30,"","",2321KT,Leiden
Omegaplantsoen,31,"","",2321KT,Leiden
Omegaplantsoen,32,"","",2321KT,Leiden
Omegaplantsoen,33,"","",2321KT,Leiden
Omegaplantsoen,34,"","",2321KT,Leiden
Omegaplantsoen,35,"","",2321KT,Leiden
Omegaplantsoen,36,"","",2321KT,Leiden
Omegaplantsoen,37,"","",2321KT,Leiden
Omegaplantsoen,38,"","",2321KT,Leiden
Omegaplantsoen,39,"","",2321KT,Leiden
Omegaplantsoen,4,"","",2321KT,Leiden
Omegaplantsoen,4,T,"",2321KT,Leiden
Omegaplantsoen,40,"","",2321KT,Leiden
Omegaplantsoen,41,"","",2321KT,Leiden
Omegaplantsoen,42,"","",2321KT,Leiden
Omegaplantsoen,43,"","",2321KT,Leiden
Omegaplantsoen,44,"","",2321KT,Leiden
Omegaplantsoen,45,"","",2321KT,Leiden
Omegaplantsoen,46,"","",2321KT,Leiden
Omegaplantsoen,47,"","",2321KT,Leiden
Omegaplantsoen,48,"","",2321KT,Leiden
Omegaplantsoen,49,"","",2321KT,Leiden
Omegaplantsoen,5,"","",2321KT,Leiden
Omegaplantsoen,50,"","",2321KT,Leiden
Omegaplantsoen,51,"","",2321KT,Leiden
Omegaplantsoen,52,"","",2321KT,Leiden
Omegaplantsoen,53,"","",2321KT,Leiden
Omegaplantsoen,54,"","",2321KT,Leiden
Omegaplantsoen,55,"","",2321KT,Leiden
Omegaplantsoen,56,"","",2321KT,Leiden
Omegaplantsoen,57,"","",2321KT,Leiden
Omegaplantsoen,58,"","",2321KT,Leiden
Omegaplantsoen,59,"","",2321KT,Leiden
Omegaplantsoen,6,"","",2321KT,Leiden
Omegaplantsoen,60,"","",2321KT,Leiden
Omegaplantsoen,61,"","",2321KT,Leiden
Omegaplantsoen,62,"","",2321KT,Leiden
Omegaplantsoen,63,"","",2321KT,Leiden
Omegaplantsoen,64,"","",2321KT,Leiden
Omegaplantsoen,65,"","",2321KT,Leiden
Omegaplantsoen,66,"","",2321KT,Leiden
Omegaplantsoen,67,"","",2321KT,Leiden
Omegaplantsoen,68,"","",2321KT,Leiden
Omegaplantsoen,69,"","",2321KT,Leiden
Omegaplantsoen,7,"","",2321KT,Leiden
Omegaplantsoen,70,"","",2321KT,Leiden
Omegaplantsoen,71,"","",2321KT,Leiden
Omegaplantsoen,72,"","",2321KT,Leiden
Omegaplantsoen,73,"","",2321KT,Leiden
Omegaplantsoen,74,"","",2321KT,Leiden
Omegaplantsoen,75,"","",2321KT,Leiden
Omegaplantsoen,76,"","",2321KT,Leiden
Omegaplantsoen,77,"","",2321KT,Leiden
Omegaplantsoen,78,"","",2321KT,Leiden
Omegaplantsoen,79,"","",2321KT,Leiden
Omegaplantsoen,8,"","",2321KT,Leiden
Omegaplantsoen,80,"","",2321KT,Leiden
Omegaplantsoen,81,"","",2321KT,Leiden
Omegaplantsoen,82,"","",2321KT,Leiden
Omegaplantsoen,83,"","",2321KT,Leiden
Omegaplantsoen,84,"","",2321KT,Leiden
Omegaplantsoen,85,"","",2321KT,Leiden
Omegaplantsoen,86,"","",2321KT,Leiden
Omegaplantsoen,87,"","",2321KT,Leiden
Omegaplantsoen,88,"","",2321KT,Leiden
Omegaplantsoen,89,"","",2321KT,Leiden
Omegaplantsoen,9,"","",2321KT,Leiden
Omegaplantsoen,90,"","",2321KT,Leiden
Omegaplantsoen,91,"","",2321KT,Leiden
Omegaplantsoen,92,"","",2321KT,Leiden
Omegaplantsoen,93,"","",2321KT,Leiden
Omegaplantsoen,94,"","",2321KT,Leiden
Omegaplantsoen,95,"","",2321KT,Leiden
Omegaplantsoen,96,"","",2321KT,Leiden
Omegaplantsoen,97,"","",2321KT,Leiden
Omegaplantsoen,98,"","",2321KT,Leiden
Omegaplantsoen,99,"","",2321KT,Leiden
Omegaplantsoen,288,"","",2321KV,Leiden
Omegaplantsoen,290,"","",2321KV,Leiden
Omegaplantsoen,292,"","",2321KV,Leiden
Omegaplantsoen,294,"","",2321KV,Leiden
Omegaplantsoen,296,"","",2321KV,Leiden
Omegaplantsoen,298,"","",2321KV,Leiden
Omegaplantsoen,299,"","",2321KV,Leiden
Omegaplantsoen,300,"","",2321KV,Leiden
Omegaplantsoen,301,"","",2321KV,Leiden
Omegaplantsoen,302,"","",2321KV,Leiden
Omegaplantsoen,303,"","",2321KV,Leiden
Omegaplantsoen,304,"","",2321KV,Leiden
Omegaplantsoen,305,"","",2321KV,Leiden
Omegaplantsoen,306,"","",2321KV,Leiden
Omegaplantsoen,307,"","",2321KV,Leiden
Omegaplantsoen,308,"","",2321KV,Leiden
Omegaplantsoen,309,"","",2321KV,Leiden
Omegaplantsoen,310,"","",2321KV,Leiden
Omegaplantsoen,311,"","",2321KV,Leiden
Omegaplantsoen,312,"","",2321KV,Leiden
Omegaplantsoen,313,"","",2321KV,Leiden
Omegaplantsoen,314,"","",2321KV,Leiden
Omegaplantsoen,315,"","",2321KV,Leiden
Omegaplantsoen,316,"","",2321KV,Leiden
Omegaplantsoen,317,"","",2321KV,Leiden
Omegaplantsoen,318,"","",2321KV,Leiden
Omegaplantsoen,319,"","",2321KV,Leiden
Omegaplantsoen,320,"","",2321KV,Leiden
Omegaplantsoen,321,"","",2321KV,Leiden
Omegaplantsoen,322,"","",2321KV,Leiden
Omegaplantsoen,323,"","",2321KV,Leiden
Omegaplantsoen,324,"","",2321KV,Leiden
Omegaplantsoen,325,"","",2321KV,Leiden
Omegaplantsoen,326,"","",2321KV,Leiden
Omegaplantsoen,327,"","",2321KV,Leiden
Omegaplantsoen,328,"","",2321KV,Leiden
Omegaplantsoen,329,"","",2321KV,Leiden
Omegaplantsoen,330,"","",2321KV,Leiden
Omegaplantsoen,331,"","",2321KV,Leiden
Omegaplantsoen,332,"","",2321KV,Leiden
Omegaplantsoen,333,"","",2321KV,Leiden
Omegaplantsoen,334,"","",2321KV,Leiden
Omegaplantsoen,335,"","",2321KV,Leiden
Omegaplantsoen,336,"","",2321KV,Leiden
Omegaplantsoen,337,"","",2321KV,Leiden
Omegaplantsoen,338,"","",2321KV,Leiden
Omegaplantsoen,339,"","",2321KV,Leiden
Omegaplantsoen,340,"","",2321KV,Leiden
Omegaplantsoen,341,"","",2321KV,Leiden
Omegaplantsoen,342,"","",2321KV,Leiden
Omegaplantsoen,343,"","",2321KV,Leiden
Omegaplantsoen,344,"","",2321KV,Leiden
Omegaplantsoen,345,"","",2321KV,Leiden
Omegaplantsoen,346,"","",2321KV,Leiden
Omegaplantsoen,347,"","",2321KV,Leiden
Omegaplantsoen,348,"","",2321KV,Leiden
Omegaplantsoen,349,"","",2321KV,Leiden
Omegaplantsoen,350,"","",2321KV,Leiden
Omegaplantsoen,351,"","",2321KV,Leiden
Omegaplantsoen,352,"","",2321KV,Leiden
Omegaplantsoen,353,"","",2321KV,Leiden
Omegaplantsoen,354,"","",2321KV,Leiden
Omegaplantsoen,355,"","",2321KV,Leiden
Omegaplantsoen,356,"","",2321KV,Leiden
Omegaplantsoen,357,"","",2321KV,Leiden
Omegaplantsoen,358,"","",2321KV,Leiden
Omegaplantsoen,359,"","",2321KV,Leiden
Omegaplantsoen,360,"","",2321KV,Leiden
Omegaplantsoen,361,"","",2321KV,Leiden
Omegaplantsoen,362,"","",2321KV,Leiden
Omegaplantsoen,363,"","",2321KV,Leiden
Omegaplantsoen,364,"","",2321KV,Leiden
Omegaplantsoen,365,"","",2321KV,Leiden
Omegaplantsoen,366,"","",2321KV,Leiden
Omegaplantsoen,367,"","",2321KV,Leiden
Omegaplantsoen,368,"","",2321KV,Leiden
Omegaplantsoen,369,"","",2321KV,Leiden
Omegaplantsoen,370,"","",2321KV,Leiden
Omegaplantsoen,371,"","",2321KV,Leiden
Omegaplantsoen,372,"","",2321KV,Leiden
Omegaplantsoen,373,"","",2321KV,Leiden
Omegaplantsoen,374,"","",2321KV,Leiden
Omegaplantsoen,375,"","",2321KV,Leiden
Omegaplantsoen,376,"","",2321KV,Leiden
Omegaplantsoen,377,"","",2321KV,Leiden
Omegaplantsoen,378,"","",2321KV,Leiden
Omegaplantsoen,379,"","",2321KV,Leiden
Omegaplantsoen,380,"","",2321KV,Leiden
Omegaplantsoen,381,"","",2321KV,Leiden
Omegaplantsoen,382,"","",2321KV,Leiden
Omegaplantsoen,383,"","",2321KV,Leiden
Omegaplantsoen,384,"","",2321KV,Leiden
Omegaplantsoen,385,"","",2321KV,Leiden
Omegaplantsoen,386,"","",2321KV,Leiden
Omegaplantsoen,387,"","",2321KV,Leiden
Omegaplantsoen,388,"","",2321KV,Leiden
Omegaplantsoen,389,"","",2321KV,Leiden
Omegaplantsoen,390,"","",2321KV,Leiden
Omegaplantsoen,391,"","",2321KV,Leiden
Omegaplantsoen,392,"","",2321KV,Leiden
Omegaplantsoen,393,"","",2321KV,Leiden
Omegaplantsoen,394,"","",2321KV,Leiden
Omegaplantsoen,395,"","",2321KV,Leiden
Omegaplantsoen,396,"","",2321KV,Leiden
Omegaplantsoen,397,"","",2321KV,Leiden
Omegaplantsoen,398,"","",2321KV,Leiden
Omegaplantsoen,399,"","",2321KV,Leiden
Omegaplantsoen,400,"","",2321KV,Leiden
Omegaplantsoen,401,"","",2321KV,Leiden
Omegaplantsoen,402,"","",2321KV,Leiden
Omegaplantsoen,403,"","",2321KV,Leiden
Omegaplantsoen,404,"","",2321KV,Leiden
Omegaplantsoen,405,"","",2321KV,Leiden
Omegaplantsoen,406,"","",2321KV,Leiden
Omegaplantsoen,407,"","",2321KV,Leiden
Omegaplantsoen,408,"","",2321KV,Leiden
Omegaplantsoen,409,"","",2321KV,Leiden
Omegaplantsoen,410,"","",2321KV,Leiden
Omegaplantsoen,411,"","",2321KV,Leiden
Omegaplantsoen,412,"","",2321KV,Leiden
Omegaplantsoen,413,"","",2321KV,Leiden
Omegaplantsoen,414,"","",2321KV,Leiden
Omegaplantsoen,415,"","",2321KV,Leiden
Omegaplantsoen,416,"","",2321KV,Leiden
Omegaplantsoen,417,"","",2321KV,Leiden
Omegaplantsoen,418,"","",2321KV,Leiden
Omegaplantsoen,419,"","",2321KV,Leiden
Omegaplantsoen,420,"","",2321KV,Leiden
Omegaplantsoen,421,"","",2321KV,Leiden
Omegaplantsoen,422,"","",2321KV,Leiden
Omegaplantsoen,423,"","",2321KV,Leiden
Omegaplantsoen,424,"","",2321KV,Leiden
Omegaplantsoen,425,"","",2321KV,Leiden
Omegaplantsoen,426,"","",2321KV,Leiden
Omegaplantsoen,427,"","",2321KV,Leiden
Omegaplantsoen,428,"","",2321KV,Leiden
Omegaplantsoen,429,"","",2321KV,Leiden
Omegaplantsoen,430,"","",2321KV,Leiden
Omegaplantsoen,431,"","",2321KV,Leiden
Omegaplantsoen,432,"","",2321KV,Leiden
Omegaplantsoen,433,"","",2321KV,Leiden
Omegaplantsoen,434,"","",2321KV,Leiden
Omegaplantsoen,435,"","",2321KV,Leiden
Omegaplantsoen,436,"","",2321KV,Leiden
Omegaplantsoen,437,"","",2321KV,Leiden
Omegaplantsoen,438,"","",2321KV,Leiden
Omegaplantsoen,439,"","",2321KV,Leiden
Omegaplantsoen,440,"","",2321KV,Leiden
Omegaplantsoen,441,"","",2321KV,Leiden
Omegaplantsoen,442,"","",2321KV,Leiden
Omegaplantsoen,443,"","",2321KV,Leiden
Omegaplantsoen,444,"","",2321KV,Leiden
Omegaplantsoen,445,"","",2321KV,Leiden
Omegaplantsoen,446,"","",2321KV,Leiden
Omegaplantsoen,447,"","",2321KV,Leiden
Omegaplantsoen,448,"","",2321KV,Leiden
Omegaplantsoen,449,"","",2321KV,Leiden
Omegaplantsoen,450,"","",2321KV,Leiden
Omegaplantsoen,451,"","",2321KV,Leiden
Omegaplantsoen,452,"","",2321KV,Leiden
Omegaplantsoen,453,"","",2321KV,Leiden
Omegaplantsoen,454,"","",2321KV,Leiden
Omegaplantsoen,455,"","",2321KV,Leiden
Omegaplantsoen,456,"","",2321KV,Leiden
Omegaplantsoen,457,"","",2321KV,Leiden
Omegaplantsoen,458,"","",2321KV,Leiden
Omegaplantsoen,459,"","",2321KV,Leiden
Omegaplantsoen,460,"","",2321KV,Leiden
Omegaplantsoen,461,"","",2321KV,Leiden
Omegaplantsoen,462,"","",2321KV,Leiden
Omegaplantsoen,463,"","",2321KV,Leiden
Omegaplantsoen,464,"","",2321KV,Leiden
Omegaplantsoen,465,"","",2321KV,Leiden
Omegaplantsoen,466,"","",2321KV,Leiden
Omegaplantsoen,467,"","",2321KV,Leiden
Omegaplantsoen,468,"","",2321KV,Leiden
Omegaplantsoen,469,"","",2321KV,Leiden
Omegaplantsoen,470,"","",2321KV,Leiden
Omegaplantsoen,471,"","",2321KV,Leiden
Omegaplantsoen,472,"","",2321KV,Leiden
Omegaplantsoen,473,"","",2321KV,Leiden
Omegaplantsoen,474,"","",2321KV,Leiden
Omegaplantsoen,475,"","",2321KV,Leiden
Omegaplantsoen,476,"","",2321KV,Leiden
Omegaplantsoen,477,"","",2321KV,Leiden
Omegaplantsoen,478,"","",2321KV,Leiden
Omegaplantsoen,479,"","",2321KV,Leiden
Omegaplantsoen,480,"","",2321KV,Leiden
Omegaplantsoen,481,"","",2321KV,Leiden
Omegaplantsoen,482,"","",2321KV,Leiden
Omegaplantsoen,483,"","",2321KV,Leiden
Omegaplantsoen,484,"","",2321KV,Leiden
Omegaplantsoen,485,"","",2321KV,Leiden
Omegaplantsoen,486,"","",2321KV,Leiden
Omegaplantsoen,487,"","",2321KV,Leiden
Omegaplantsoen,488,"","",2321KV,Leiden
Omegaplantsoen,489,"","",2321KV,Leiden
Omegaplantsoen,490,"","",2321KV,Leiden
Omegaplantsoen,491,"","",2321KV,Leiden
Omegaplantsoen,492,"","",2321KV,Leiden
Omegaplantsoen,493,"","",2321KV,Leiden
Omegaplantsoen,494,"","",2321KV,Leiden
Omegaplantsoen,495,"","",2321KV,Leiden
Omegaplantsoen,496,"","",2321KV,Leiden
Omegaplantsoen,497,"","",2321KV,Leiden
Omegaplantsoen,498,"","",2321KV,Leiden
Omegaplantsoen,499,"","",2321KV,Leiden
Omegaplantsoen,500,"","",2321KV,Leiden
Omegaplantsoen,501,"","",2321KV,Leiden
Omegaplantsoen,502,"","",2321KV,Leiden
Omegaplantsoen,503,"","",2321KV,Leiden
Omegaplantsoen,504,"","",2321KV,Leiden
Omegaplantsoen,505,"","",2321KV,Leiden
Omegaplantsoen,506,"","",2321KV,Leiden
Omegaplantsoen,507,"","",2321KV,Leiden
Omegaplantsoen,508,"","",2321KV,Leiden
Omegaplantsoen,509,"","",2321KV,Leiden
Omegaplantsoen,510,"","",2321KV,Leiden
Omegaplantsoen,511,"","",2321KV,Leiden
Omegaplantsoen,512,"","",2321KV,Leiden
Omegaplantsoen,513,"","",2321KV,Leiden
Omegaplantsoen,514,"","",2321KV,Leiden
Omegaplantsoen,515,"","",2321KV,Leiden
Omegaplantsoen,516,"","",2321KV,Leiden
Omegaplantsoen,517,"","",2321KV,Leiden
Omegaplantsoen,518,"","",2321KV,Leiden
Omegaplantsoen,519,"","",2321KV,Leiden
Omegaplantsoen,520,"","",2321KV,Leiden
Omegaplantsoen,521,"","",2321KV,Leiden
Omegaplantsoen,522,"","",2321KV,Leiden
Omegaplantsoen,523,"","",2321KV,Leiden
Omegaplantsoen,524,"","",2321KV,Leiden
Omegaplantsoen,525,"","",2321KV,Leiden
Omegaplantsoen,526,"","",2321KV,Leiden
Omegaplantsoen,527,"","",2321KV,Leiden
Omegaplantsoen,528,"","",2321KV,Leiden
Omegaplantsoen,529,"","",2321KV,Leiden
Omegaplantsoen,530,"","",2321KV,Leiden
Omegaplantsoen,531,"","",2321KV,Leiden
Omegaplantsoen,532,"","",2321KV,Leiden
Omegaplantsoen,533,"","",2321KV,Leiden
Omegaplantsoen,534,"","",2321KV,Leiden
Omegaplantsoen,535,"","",2321KV,Leiden
Omegaplantsoen,536,"","",2321KV,Leiden
Omegaplantsoen,537,"","",2321KV,Leiden
Omegaplantsoen,538,"","",2321KV,Leiden
Omegaplantsoen,539,"","",2321KV,Leiden
Omegaplantsoen,540,"","",2321KV,Leiden
Omegaplantsoen,542,"","",2321KV,Leiden
Omegaplantsoen,542,T,"",2321KV,Leiden
Omegaplantsoen,541,"","",2321KW,Leiden
Omegaplantsoen,543,"","",2321KW,Leiden
Omegaplantsoen,544,"","",2321KW,Leiden
Omegaplantsoen,545,"","",2321KW,Leiden
Omegaplantsoen,546,"","",2321KW,Leiden
Omegaplantsoen,547,"","",2321KW,Leiden
Omegaplantsoen,548,"","",2321KW,Leiden
Omegaplantsoen,549,"","",2321KW,Leiden
Omegaplantsoen,550,"","",2321KW,Leiden
Omegaplantsoen,551,"","",2321KW,Leiden
Omegaplantsoen,552,"","",2321KW,Leiden
Omegaplantsoen,553,"","",2321KW,Leiden
Omegaplantsoen,554,"","",2321KW,Leiden
Omegaplantsoen,555,"","",2321KW,Leiden
Omegaplantsoen,556,"","",2321KW,Leiden
Omegaplantsoen,557,"","",2321KW,Leiden
Omegaplantsoen,558,"","",2321KW,Leiden
Omegaplantsoen,559,"","",2321KW,Leiden
Omegaplantsoen,560,"","",2321KW,Leiden
Omegaplantsoen,561,"","",2321KW,Leiden
Omegaplantsoen,562,"","",2321KW,Leiden
Omegaplantsoen,563,"","",2321KW,Leiden
Omegaplantsoen,564,"","",2321KW,Leiden
Omegaplantsoen,565,"","",2321KW,Leiden
Omegaplantsoen,566,"","",2321KW,Leiden
Omegaplantsoen,567,"","",2321KW,Leiden
Omegaplantsoen,568,"","",2321KW,Leiden
Omegaplantsoen,569,"","",2321KW,Leiden
Omegaplantsoen,570,"","",2321KW,Leiden
Omegaplantsoen,571,"","",2321KW,Leiden
Omegaplantsoen,572,"","",2321KW,Leiden
Omegaplantsoen,573,"","",2321KW,Leiden
Omegaplantsoen,574,"","",2321KW,Leiden
Omegaplantsoen,575,"","",2321KW,Leiden
Omegaplantsoen,576,"","",2321KW,Leiden
Omegaplantsoen,577,"","",2321KW,Leiden
Omegaplantsoen,578,"","",2321KW,Leiden
Omegaplantsoen,579,"","",2321KW,Leiden
Omegaplantsoen,580,"","",2321KW,Leiden
Omegaplantsoen,581,"","",2321KW,Leiden
Omegaplantsoen,582,"","",2321KW,Leiden
Omegaplantsoen,583,"","",2321KW,Leiden
Omegaplantsoen,584,"","",2321KW,Leiden
Omegaplantsoen,585,"","",2321KW,Leiden
Omegaplantsoen,586,"","",2321KW,Leiden
Omegaplantsoen,587,"","",2321KW,Leiden
Omegaplantsoen,588,"","",2321KW,Leiden
Omegaplantsoen,589,"","",2321KW,Leiden
Omegaplantsoen,590,"","",2321KW,Leiden
Omegaplantsoen,591,"","",2321KW,Leiden
Omegaplantsoen,592,"","",2321KW,Leiden
Omegaplantsoen,593,"","",2321KW,Leiden
Omegaplantsoen,594,"","",2321KW,Leiden
Omegaplantsoen,595,"","",2321KW,Leiden
Omegaplantsoen,596,"","",2321KW,Leiden
Omegaplantsoen,597,"","",2321KW,Leiden
Omegaplantsoen,598,"","",2321KW,Leiden
Omegaplantsoen,599,"","",2321KW,Leiden
Omegaplantsoen,600,"","",2321KW,Leiden
Omegaplantsoen,601,"","",2321KW,Leiden
Omegaplantsoen,602,"","",2321KW,Leiden
Omegaplantsoen,603,"","",2321KW,Leiden
Omegaplantsoen,604,"","",2321KW,Leiden
Omegaplantsoen,605,"","",2321KW,Leiden
Omegaplantsoen,606,"","",2321KW,Leiden
Omegaplantsoen,607,"","",2321KW,Leiden
Omegaplantsoen,608,"","",2321KW,Leiden
Omegaplantsoen,609,"","",2321KW,Leiden
Omegaplantsoen,610,"","",2321KW,Leiden
Omegaplantsoen,611,"","",2321KW,Leiden
Omegaplantsoen,612,"","",2321KW,Leiden
Omegaplantsoen,613,"","",2321KW,Leiden
Omegaplantsoen,614,"","",2321KW,Leiden
Omegaplantsoen,615,"","",2321KW,Leiden
Omegaplantsoen,616,"","",2321KW,Leiden
Omegaplantsoen,617,"","",2321KW,Leiden
Omegaplantsoen,618,"","",2321KW,Leiden
Omegaplantsoen,619,"","",2321KW,Leiden
Omegaplantsoen,620,"","",2321KW,Leiden
Omegaplantsoen,621,"","",2321KW,Leiden
Omegaplantsoen,622,"","",2321KW,Leiden
Omegaplantsoen,623,"","",2321KW,Leiden
Omegaplantsoen,624,"","",2321KW,Leiden
Omegaplantsoen,625,"","",2321KW,Leiden
Omegaplantsoen,626,"","",2321KW,Leiden
Omegaplantsoen,627,"","",2321KW,Leiden
Omegaplantsoen,628,"","",2321KW,Leiden
Omegaplantsoen,629,"","",2321KW,Leiden
Omegaplantsoen,630,"","",2321KW,Leiden
Omegaplantsoen,631,"","",2321KW,Leiden
Omegaplantsoen,632,"","",2321KW,Leiden
Omegaplantsoen,633,"","",2321KW,Leiden
Omegaplantsoen,634,"","",2321KW,Leiden
Omegaplantsoen,635,"","",2321KW,Leiden
Omegaplantsoen,636,"","",2321KW,Leiden
Omegaplantsoen,637,"","",2321KW,Leiden
Omegaplantsoen,638,"","",2321KW,Leiden
Omegaplantsoen,639,"","",2321KW,Leiden
Omegaplantsoen,640,"","",2321KW,Leiden
Omegaplantsoen,641,"","",2321KW,Leiden
Omegaplantsoen,642,"","",2321KW,Leiden
Omegaplantsoen,643,"","",2321KW,Leiden
Omegaplantsoen,644,"","",2321KW,Leiden
Omegaplantsoen,645,"","",2321KW,Leiden
Omegaplantsoen,646,"","",2321KW,Leiden
Omegaplantsoen,647,"","",2321KW,Leiden
Omegaplantsoen,648,"","",2321KW,Leiden
Omegaplantsoen,649,"","",2321KW,Leiden
Omegaplantsoen,650,"","",2321KW,Leiden
Omegaplantsoen,651,"","",2321KW,Leiden
Omegaplantsoen,652,"","",2321KW,Leiden
Omegaplantsoen,653,"","",2321KW,Leiden
Omegaplantsoen,654,"","",2321KW,Leiden
Omegaplantsoen,655,"","",2321KW,Leiden
Omegaplantsoen,656,"","",2321KW,Leiden
Omegaplantsoen,657,"","",2321KW,Leiden
Omegaplantsoen,658,"","",2321KW,Leiden
Omegaplantsoen,659,"","",2321KW,Leiden
Omegaplantsoen,660,"","",2321KW,Leiden
Omegaplantsoen,661,"","",2321KW,Leiden
Omegaplantsoen,662,"","",2321KW,Leiden
Omegaplantsoen,663,"","",2321KW,Leiden
Omegaplantsoen,664,"","",2321KW,Leiden
Omegaplantsoen,665,"","",2321KW,Leiden
Omegaplantsoen,666,"","",2321KW,Leiden
Omegaplantsoen,667,"","",2321KW,Leiden
Omegaplantsoen,668,"","",2321KW,Leiden
Omegaplantsoen,669,"","",2321KW,Leiden
Omegaplantsoen,670,"","",2321KW,Leiden
Omegaplantsoen,671,"","",2321KW,Leiden
Omegaplantsoen,672,"","",2321KW,Leiden
Omegaplantsoen,673,"","",2321KW,Leiden
Omegaplantsoen,674,"","",2321KW,Leiden
Omegaplantsoen,675,"","",2321KW,Leiden
Omegaplantsoen,676,"","",2321KW,Leiden
Omegaplantsoen,677,"","",2321KW,Leiden
Omegaplantsoen,678,"","",2321KW,Leiden
Omegaplantsoen,679,"","",2321KW,Leiden
Omegaplantsoen,680,"","",2321KW,Leiden
Omegaplantsoen,681,"","",2321KW,Leiden
Omegaplantsoen,682,"","",2321KW,Leiden
Omegaplantsoen,683,"","",2321KW,Leiden
Omegaplantsoen,684,"","",2321KW,Leiden
Omegaplantsoen,685,"","",2321KW,Leiden
Omegaplantsoen,686,"","",2321KW,Leiden
Omegaplantsoen,687,"","",2321KW,Leiden
Omegaplantsoen,688,"","",2321KW,Leiden
Omegaplantsoen,689,"","",2321KW,Leiden
Omegaplantsoen,690,"","",2321KW,Leiden
Omegaplantsoen,691,"","",2321KW,Leiden
Omegaplantsoen,692,"","",2321KW,Leiden
Omegaplantsoen,693,"","",2321KW,Leiden
Omegaplantsoen,694,"","",2321KW,Leiden
Omegaplantsoen,695,"","",2321KW,Leiden
Omegaplantsoen,696,"","",2321KW,Leiden
Omegaplantsoen,697,"","",2321KW,Leiden
Omegaplantsoen,698,"","",2321KW,Leiden
Omegaplantsoen,699,"","",2321KW,Leiden
Omegaplantsoen,700,"","",2321KW,Leiden
Omegaplantsoen,701,"","",2321KW,Leiden
Omegaplantsoen,702,"","",2321KW,Leiden
Omegaplantsoen,703,"","",2321KW,Leiden
Omegaplantsoen,704,"","",2321KW,Leiden
Omegaplantsoen,705,"","",2321KW,Leiden
Omegaplantsoen,706,"","",2321KW,Leiden
Omegaplantsoen,707,"","",2321KW,Leiden
Omegaplantsoen,708,"","",2321KW,Leiden
Omegaplantsoen,709,"","",2321KW,Leiden
Omegaplantsoen,710,"","",2321KW,Leiden
Omegaplantsoen,711,"","",2321KW,Leiden
Omegaplantsoen,712,"","",2321KW,Leiden
Omegaplantsoen,713,"","",2321KW,Leiden
Omegaplantsoen,714,"","",2321KW,Leiden
Omegaplantsoen,715,"","",2321KW,Leiden
Omegaplantsoen,716,"","",2321KW,Leiden
Omegaplantsoen,717,"","",2321KW,Leiden
Omegaplantsoen,718,"","",2321KW,Leiden
Omegaplantsoen,719,"","",2321KW,Leiden
Omegaplantsoen,720,"","",2321KW,Leiden
Omegaplantsoen,721,"","",2321KW,Leiden
Omegaplantsoen,722,"","",2321KW,Leiden
Omegaplantsoen,723,"","",2321KW,Leiden
Omegaplantsoen,724,"","",2321KW,Leiden
Omegaplantsoen,725,"","",2321KW,Leiden
Omegaplantsoen,726,"","",2321KW,Leiden
Omegaplantsoen,727,"","",2321KW,Leiden
Omegaplantsoen,728,"","",2321KW,Leiden
Omegaplantsoen,729,"","",2321KW,Leiden
Omegaplantsoen,730,"","",2321KW,Leiden
Omegaplantsoen,731,"","",2321KW,Leiden
Omegaplantsoen,732,"","",2321KW,Leiden
Omegaplantsoen,733,"","",2321KW,Leiden
Omegaplantsoen,734,"","",2321KW,Leiden
Omegaplantsoen,735,"","",2321KW,Leiden
Omegaplantsoen,736,"","",2321KW,Leiden
Omegaplantsoen,737,"","",2321KW,Leiden
Omegaplantsoen,738,"","",2321KW,Leiden
Omegaplantsoen,739,"","",2321KW,Leiden
Omegaplantsoen,740,"","",2321KW,Leiden
Omegaplantsoen,741,"","",2321KW,Leiden
Omegaplantsoen,742,"","",2321KW,Leiden
Omegaplantsoen,743,"","",2321KW,Leiden
Omegaplantsoen,744,"","",2321KW,Leiden
Omegaplantsoen,745,"","",2321KW,Leiden
Omegaplantsoen,746,"","",2321KW,Leiden
Omegaplantsoen,747,"","",2321KW,Leiden
Omegaplantsoen,748,"","",2321KW,Leiden
Omegaplantsoen,749,"","",2321KW,Leiden
Omegaplantsoen,750,"","",2321KW,Leiden
Omegaplantsoen,751,"","",2321KW,Leiden
Omegaplantsoen,752,"","",2321KW,Leiden
Omegaplantsoen,753,"","",2321KW,Leiden
Omegaplantsoen,754,"","",2321KW,Leiden
Omegaplantsoen,755,"","",2321KW,Leiden
Omegaplantsoen,756,"","",2321KW,Leiden
Omegaplantsoen,757,"","",2321KW,Leiden
Omegaplantsoen,758,"","",2321KW,Leiden
Omegaplantsoen,759,"","",2321KW,Leiden
Omegaplantsoen,760,"","",2321KW,Leiden
Omegaplantsoen,761,"","",2321KW,Leiden
Omegaplantsoen,762,"","",2321KW,Leiden
Omegaplantsoen,763,"","",2321KW,Leiden
Omegaplantsoen,764,"","",2321KW,Leiden
Omegaplantsoen,765,"","",2321KW,Leiden
Omegaplantsoen,766,"","",2321KW,Leiden
Omegaplantsoen,767,"","",2321KW,Leiden
Omegaplantsoen,768,"","",2321KW,Leiden
Omegaplantsoen,769,"","",2321KW,Leiden
Omegaplantsoen,770,"","",2321KW,Leiden
Omegaplantsoen,771,"","",2321KW,Leiden
Omegaplantsoen,772,"","",2321KW,Leiden
Omegaplantsoen,773,"","",2321KW,Leiden
Omegaplantsoen,774,"","",2321KW,Leiden
Omegaplantsoen,775,"","",2321KW,Leiden
Omegaplantsoen,776,"","",2321KW,Leiden
Omegaplantsoen,777,"","",2321KW,Leiden
Omegaplantsoen,778,"","",2321KW,Leiden
Omegaplantsoen,779,"","",2321KW,Leiden
Omegaplantsoen,780,"","",2321KW,Leiden
Omegaplantsoen,781,"","",2321KW,Leiden
Omegaplantsoen,782,"","",2321KW,Leiden
Omegaplantsoen,783,"","",2321KW,Leiden
Omegaplantsoen,784,"","",2321KW,Leiden
Omegaplantsoen,785,"","",2321KW,Leiden
Omegaplantsoen,786,"","",2321KW,Leiden
Omegaplantsoen,787,"","",2321KW,Leiden
Omegaplantsoen,788,"","",2321KW,Leiden
Omegaplantsoen,789,"","",2321KW,Leiden
Omegaplantsoen,790,"","",2321KW,Leiden
Omegaplantsoen,791,"","",2321KW,Leiden
Omegaplantsoen,792,"","",2321KW,Leiden
Omegaplantsoen,793,"","",2321KW,Leiden
Omegaplantsoen,794,"","",2321KW,Leiden
Omegaplantsoen,795,"","",2321KW,Leiden
Omegaplantsoen,796,"","",2321KW,Leiden
Omegaplantsoen,797,"","",2321KW,Leiden
Omegaplantsoen,798,"","",2321KW,Leiden
Omegaplantsoen,799,"","",2321KW,Leiden
Omegaplantsoen,800,"","",2321KW,Leiden
Omegaplantsoen,801,"","",2321KW,Leiden
Omegaplantsoen,802,"","",2321KW,Leiden
Omegaplantsoen,803,"","",2321KW,Leiden
Omegaplantsoen,804,"","",2321KW,Leiden
Omegaplantsoen,805,"","",2321KW,Leiden
Omegaplantsoen,806,"","",2321KW,Leiden
Omegaplantsoen,807,"","",2321KW,Leiden
Omegaplantsoen,808,"","",2321KW,Leiden
Omegaplantsoen,809,"","",2321KW,Leiden
Omegaplantsoen,810,"","",2321KW,Leiden
Omegaplantsoen,811,"","",2321KW,Leiden
Omegaplantsoen,812,"","",2321KW,Leiden
Omegaplantsoen,813,"","",2321KW,Leiden
Omegaplantsoen,814,"","",2321KW,Leiden
Omegaplantsoen,815,"","",2321KW,Leiden
Omegaplantsoen,816,"","",2321KW,Leiden
Omegaplantsoen,817,"","",2321KW,Leiden
Omegaplantsoen,818,"","",2321KW,Leiden
Omegaplantsoen,819,"","",2321KW,Leiden
Omegaplantsoen,820,"","",2321KW,Leiden
Omegaplantsoen,821,"","",2321KW,Leiden
Omegaplantsoen,822,"","",2321KW,Leiden
Omegaplantsoen,823,"","",2321KW,Leiden
Omegaplantsoen,824,"","",2321KW,Leiden
Omegaplantsoen,825,"","",2321KW,Leiden
Omegaplantsoen,826,"","",2321KW,Leiden
Omegaplantsoen,827,"","",2321KW,Leiden
Omegaplantsoen,829,"","",2321KW,Leiden
Omegaplantsoen,831,"","",2321KW,Leiden
Omegaplantsoen,833,"","",2321KW,Leiden
Omegaplantsoen,835,"","",2321KW,Leiden
Omegaplantsoen,837,"","",2321KW,Leiden
Omegaplantsoen,839,"","",2321KW,Leiden
Omegaplantsoen,841,"","",2321KW,Leiden
Omegaplantsoen,843,"","",2321KW,Leiden
Omegaplantsoen,845,"","",2321KW,Leiden
Omegaplantsoen,847,"","",2321KW,Leiden
Omegaplantsoen,849,"","",2321KW,Leiden
Omegaplantsoen,851,"","",2321KW,Leiden
Omegaplantsoen,853,"","",2321KW,Leiden
Omegaplantsoen,855,"","",2321KW,Leiden
Omegaplantsoen,857,"","",2321KW,Leiden
Omegaplantsoen,859,"","",2321KW,Leiden
Omegaplantsoen,861,"","",2321KW,Leiden
Omegaplantsoen,863,"","",2321KW,Leiden
Omegaplantsoen,865,"","",2321KW,Leiden
Omegaplantsoen,867,"","",2321KW,Leiden
Omegaplantsoen,869,"","",2321KW,Leiden
Omegaplantsoen,871,"","",2321KW,Leiden
Omegaplantsoen,873,"","",2321KW,Leiden
Omegaplantsoen,875,"","",2321KW,Leiden
Omegaplantsoen,877,"","",2321KW,Leiden
Omegaplantsoen,879,"","",2321KW,Leiden
Omegaplantsoen,881,"","",2321KW,Leiden
Omegaplantsoen,883,"","",2321KW,Leiden
Omegaplantsoen,885,"","",2321KW,Leiden
Omegaplantsoen,887,"","",2321KW,Leiden
Omegaplantsoen,889,"","",2321KW,Leiden
Omegaplantsoen,891,"","",2321KW,Leiden
Omegaplantsoen,893,"","",2321KW,Leiden
Omegaplantsoen,895,"","",2321KW,Leiden
Omegaplantsoen,897,"","",2321KW,Leiden
Omegaplantsoen,899,"","",2321KW,Leiden
Omegaplantsoen,901,"","",2321KW,Leiden
Omegaplantsoen,903,"","",2321KW,Leiden
Omegaplantsoen,905,"","",2321KW,Leiden
Omegaplantsoen,907,"","",2321KW,Leiden
Omegaplantsoen,909,"","",2321KW,Leiden
Omegaplantsoen,911,"","",2321KW,Leiden
Omegaplantsoen,913,"","",2321KW,Leiden
Omegaplantsoen,915,"","",2321KW,Leiden
Omegaplantsoen,917,"","",2321KW,Leiden
Omegaplantsoen,919,"","",2321KW,Leiden
Omegaplantsoen,921,"","",2321KW,Leiden
Omegaplantsoen,923,"","",2321KW,Leiden
Omegaplantsoen,925,"","",2321KW,Leiden
Omegaplantsoen,927,"","",2321KW,Leiden
Omegaplantsoen,929,"","",2321KW,Leiden
Omegaplantsoen,931,"","",2321KW,Leiden
Omegaplantsoen,933,"","",2321KW,Leiden
Omegaplantsoen,935,"","",2321KW,Leiden
Omegaplantsoen,937,"","",2321KW,Leiden
Omegaplantsoen,939,"","",2321KW,Leiden
Omegaplantsoen,941,"","",2321KW,Leiden
Omegaplantsoen,943,"","",2321KW,Leiden
Omegaplantsoen,945,"","",2321KW,Leiden
Omegaplantsoen,947,"","",2321KW,Leiden
Omegaplantsoen,949,"","",2321KW,Leiden
Omegaplantsoen,951,"","",2321KW,Leiden
Omegaplantsoen,953,"","",2321KW,Leiden
Omegaplantsoen,955,"","",2321KW,Leiden
Omegaplantsoen,957,"","",2321KW,Leiden
Omegaplantsoen,959,"","",2321KW,Leiden
Omegaplantsoen,961,"","",2321KW,Leiden
Omegaplantsoen,963,"","",2321KW,Leiden
Omegaplantsoen,965,"","",2321KW,Leiden
Omegaplantsoen,967,"","",2321KW,Leiden
Omegaplantsoen,969,"","",2321KW,Leiden
Deltaweg,1000,"","",2321KX,Leiden
Deltaweg,1002,"","",2321KX,Leiden
Deltaweg,1004,"","",2321KX,Leiden
Deltaweg,1006,"","",2321KX,Leiden
Deltaweg,1008,"","",2321KX,Leiden
Deltaweg,1010,"","",2321KX,Leiden
Deltaweg,1012,"","",2321KX,Leiden
Deltaweg,1014,"","",2321KX,Leiden
Deltaweg,1016,"","",2321KX,Leiden
Deltaweg,1018,"","",2321KX,Leiden
Deltaweg,1020,"","",2321KX,Leiden
Deltaweg,1022,"","",2321KX,Leiden
Deltaweg,1024,"","",2321KX,Leiden
Deltaweg,1026,"","",2321KX,Leiden
Deltaweg,1028,"","",2321KX,Leiden
Deltaweg,1030,"","",2321KX,Leiden
Deltaweg,1032,"","",2321KX,Leiden
Deltaweg,1034,"","",2321KX,Leiden
Deltaweg,1036,"","",2321KX,Leiden
Deltaweg,1038,"","",2321KX,Leiden
Deltaweg,1040,"","",2321KX,Leiden
Deltaweg,1042,"","",2321KX,Leiden
Deltaweg,1044,"","",2321KX,Leiden
Deltaweg,1046,"","",2321KX,Leiden
Deltaweg,1048,"","",2321KX,Leiden
Deltaweg,1050,"","",2321KX,Leiden
Deltaweg,1052,"","",2321KX,Leiden
Deltaweg,1054,"","",2321KX,Leiden
Deltaweg,1056,"","",2321KX,Leiden
Deltaweg,1058,"","",2321KX,Leiden
Deltaweg,1060,"","",2321KX,Leiden
Deltaweg,1062,"","",2321KX,Leiden
Deltaweg,1064,"","",2321KX,Leiden
Deltaweg,1066,"","",2321KX,Leiden
Deltaweg,1068,"","",2321KX,Leiden
Deltaweg,1070,"","",2321KX,Leiden
Deltaweg,1072,"","",2321KX,Leiden
Deltaweg,1074,"","",2321KX,Leiden
Deltaweg,1076,"","",2321KX,Leiden
Deltaweg,1078,"","",2321KX,Leiden
Deltaweg,1080,"","",2321KX,Leiden
Deltaweg,1082,"","",2321KX,Leiden
Deltaweg,1084,"","",2321KX,Leiden
Deltaweg,1086,"","",2321KX,Leiden
Deltaweg,1088,"","",2321KX,Leiden
Deltaweg,1090,"","",2321KX,Leiden
Deltaweg,1092,"","",2321KX,Leiden
Deltaweg,1094,"","",2321KX,Leiden
Deltaweg,1096,"","",2321KX,Leiden
Deltaweg,1098,"","",2321KX,Leiden
Deltaweg,1100,"","",2321KX,Leiden
Deltaweg,1102,"","",2321KX,Leiden
Deltaweg,1104,"","",2321KX,Leiden
Deltaweg,1106,"","",2321KX,Leiden
Deltaweg,1108,"","",2321KX,Leiden
Deltaweg,1110,"","",2321KX,Leiden
Deltaweg,1112,"","",2321KX,Leiden
Deltaweg,1114,"","",2321KX,Leiden
Deltaweg,1116,"","",2321KX,Leiden
Deltaweg,1118,"","",2321KX,Leiden
Deltaweg,1120,"","",2321KX,Leiden
Deltaweg,1122,"","",2321KX,Leiden
Deltaweg,1124,"","",2321KX,Leiden
Deltaweg,1126,"","",2321KX,Leiden
Deltaweg,1128,"","",2321KX,Leiden
Deltaweg,1130,"","",2321KX,Leiden
Deltaweg,1132,"","",2321KX,Leiden
Deltaweg,1134,"","",2321KX,Leiden
Deltaweg,1136,"","",2321KX,Leiden
Deltaweg,1138,"","",2321KX,Leiden
Deltaweg,1140,"","",2321KX,Leiden
Deltaweg,1142,"","",2321KX,Leiden
Deltaweg,1144,"","",2321KX,Leiden
Deltaweg,1146,"","",2321KX,Leiden
Deltaweg,1148,"","",2321KX,Leiden
Deltaweg,1150,"","",2321KX,Leiden
Deltaweg,1152,"","",2321KX,Leiden
Deltaweg,1154,"","",2321KX,Leiden
Deltaweg,1156,"","",2321KX,Leiden
Deltaweg,1158,"","",2321KX,Leiden
Deltaweg,1160,"","",2321KX,Leiden
Deltaweg,1162,"","",2321KX,Leiden
Deltaweg,1164,"","",2321KX,Leiden
Deltaweg,1166,"","",2321KX,Leiden
Deltaweg,1168,"","",2321KX,Leiden
Deltaweg,1170,"","",2321KX,Leiden
Deltaweg,1172,"","",2321KX,Leiden
Deltaweg,1174,"","",2321KX,Leiden
Deltaweg,1176,"","",2321KX,Leiden
Deltaweg,1178,"","",2321KX,Leiden
Deltaweg,1180,"","",2321KX,Leiden
Deltaweg,1182,"","",2321KX,Leiden
Deltaweg,1184,"","",2321KX,Leiden
Deltaweg,1186,"","",2321KX,Leiden
Deltaweg,1188,"","",2321KX,Leiden
Deltaweg,1190,"","",2321KX,Leiden
Deltaweg,1192,"","",2321KX,Leiden
Deltaweg,1194,"","",2321KX,Leiden
Deltaweg,1196,"","",2321KX,Leiden
Deltaweg,1198,"","",2321KX,Leiden
Deltaweg,1200,"","",2321KX,Leiden
Deltaweg,1202,"","",2321KX,Leiden
Deltaweg,1204,"","",2321KX,Leiden
Deltaweg,1206,"","",2321KX,Leiden
Deltaweg,1208,"","",2321KX,Leiden
Deltaweg,1210,"","",2321KX,Leiden
Deltaweg,1212,"","",2321KX,Leiden
Deltaweg,1214,"","",2321KX,Leiden
Deltaweg,1216,"","",2321KX,Leiden
Deltaweg,1218,"","",2321KX,Leiden
Deltaweg,1220,"","",2321KX,Leiden
Deltaweg,1222,"","",2321KX,Leiden
Deltaweg,1224,"","",2321KX,Leiden
Deltaweg,1226,"","",2321KX,Leiden
Deltaweg,1228,"","",2321KX,Leiden
Deltaweg,1230,"","",2321KX,Leiden
Deltaweg,1232,"","",2321KX,Leiden
Deltaweg,1234,"","",2321KX,Leiden
Deltaweg,1236,"","",2321KX,Leiden
Deltaweg,1238,"","",2321KX,Leiden
Deltaweg,1240,"","",2321KX,Leiden
Deltaweg,1242,"","",2321KX,Leiden
Deltaweg,1244,"","",2321KX,Leiden
Deltaweg,1246,"","",2321KX,Leiden
Deltaweg,1248,"","",2321KX,Leiden
Deltaweg,1250,"","",2321KX,Leiden
Deltaweg,1252,"","",2321KX,Leiden
Deltaweg,1254,"","",2321KX,Leiden
Deltaweg,1256,"","",2321KX,Leiden
Deltaweg,1258,"","",2321KX,Leiden
Deltaweg,1260,"","",2321KX,Leiden
Deltaweg,1262,"","",2321KX,Leiden
Deltaweg,1264,"","",2321KX,Leiden
Deltaweg,1266,"","",2321KX,Leiden
Deltaweg,1268,"","",2321KX,Leiden
Deltaweg,1270,"","",2321KX,Leiden
Deltaweg,1272,"","",2321KX,Leiden
Deltaweg,1274,"","",2321KX,Leiden
Deltaweg,1276,"","",2321KX,Leiden
Deltaweg,1278,"","",2321KX,Leiden
Deltaweg,1280,"","",2321KX,Leiden
Deltaweg,1282,"","",2321KX,Leiden
Deltaweg,1284,"","",2321KX,Leiden
Deltaweg,1286,"","",2321KX,Leiden
Deltaweg,1288,"","",2321KX,Leiden
Deltaweg,1290,"","",2321KX,Leiden
Deltaweg,1292,"","",2321KX,Leiden
Deltaweg,1294,"","",2321KX,Leiden
Deltaweg,1296,"","",2321KX,Leiden
Deltaweg,1298,"","",2321KX,Leiden
Deltaweg,1300,"","",2321KX,Leiden
Deltaweg,1302,"","",2321KX,Leiden
Deltaweg,1304,"","",2321KX,Leiden
Deltaweg,1306,"","",2321KX,Leiden
Deltaweg,1308,"","",2321KX,Leiden
Deltaweg,1310,"","",2321KX,Leiden
Deltaweg,1312,"","",2321KX,Leiden
Deltaweg,1314,"","",2321KX,Leiden
Deltaweg,1316,"","",2321KX,Leiden
Deltaweg,1318,"","",2321KX,Leiden
Deltaweg,1320,"","",2321KX,Leiden
Deltaweg,1322,"","",2321KX,Leiden
Deltaweg,1324,"","",2321KX,Leiden
Deltaweg,1326,"","",2321KX,Leiden
Deltaweg,1328,"","",2321KX,Leiden
Deltaweg,1330,"","",2321KX,Leiden
Deltaweg,1332,"","",2321KX,Leiden
Deltaweg,1334,"","",2321KX,Leiden
Deltaweg,1336,"","",2321KX,Leiden
Deltaweg,1338,"","",2321KX,Leiden
Deltaweg,1340,"","",2321KX,Leiden
Deltaweg,1342,"","",2321KX,Leiden
Deltaweg,1344,"","",2321KX,Leiden
Deltaweg,1346,"","",2321KX,Leiden
Deltaweg,1348,"","",2321KX,Leiden
Deltaweg,1350,"","",2321KX,Leiden
Deltaweg,1352,"","",2321KX,Leiden
Deltaweg,1354,"","",2321KX,Leiden
Deltaweg,998,S,"",2321KX,Leiden
Deltaweg,998,T,"",2321KX,Leiden
Artemisstraat,1,"","",2321LA,Leiden
Artemisstraat,101,"","",2321LA,Leiden
Artemisstraat,103,"","",2321LA,Leiden
Artemisstraat,105,"","",2321LA,Leiden
Artemisstraat,107,"","",2321LA,Leiden
Artemisstraat,109,"","",2321LA,Leiden
Artemisstraat,11,"","",2321LA,Leiden
Artemisstraat,111,"","",2321LA,Leiden
Artemisstraat,113,"","",2321LA,Leiden
Artemisstraat,115,"","",2321LA,Leiden
Artemisstraat,117,"","",2321LA,Leiden
Artemisstraat,119,"","",2321LA,Leiden
Artemisstraat,121,"","",2321LA,Leiden
Artemisstraat,123,"","",2321LA,Leiden
Artemisstraat,125,"","",2321LA,Leiden
Artemisstraat,127,"","",2321LA,Leiden
Artemisstraat,129,"","",2321LA,Leiden
Artemisstraat,13,"","",2321LA,Leiden
Artemisstraat,131,"","",2321LA,Leiden
Artemisstraat,133,"","",2321LA,Leiden
Artemisstraat,135,"","",2321LA,Leiden
Artemisstraat,137,"","",2321LA,Leiden
Artemisstraat,139,"","",2321LA,Leiden
Artemisstraat,141,"","",2321LA,Leiden
Artemisstraat,143,"","",2321LA,Leiden
Artemisstraat,145,"","",2321LA,Leiden
Artemisstraat,147,"","",2321LA,Leiden
Artemisstraat,149,"","",2321LA,Leiden
Artemisstraat,15,"","",2321LA,Leiden
Artemisstraat,151,"","",2321LA,Leiden
Artemisstraat,153,"","",2321LA,Leiden
Artemisstraat,155,"","",2321LA,Leiden
Artemisstraat,157,"","",2321LA,Leiden
Artemisstraat,159,"","",2321LA,Leiden
Artemisstraat,161,"","",2321LA,Leiden
Artemisstraat,163,"","",2321LA,Leiden
Artemisstraat,165,"","",2321LA,Leiden
Artemisstraat,167,"","",2321LA,Leiden
Artemisstraat,169,"","",2321LA,Leiden
Artemisstraat,17,"","",2321LA,Leiden
Artemisstraat,171,"","",2321LA,Leiden
Artemisstraat,173,"","",2321LA,Leiden
Artemisstraat,175,"","",2321LA,Leiden
Artemisstraat,177,"","",2321LA,Leiden
Artemisstraat,179,"","",2321LA,Leiden
Artemisstraat,181,"","",2321LA,Leiden
Artemisstraat,183,"","",2321LA,Leiden
Artemisstraat,185,"","",2321LA,Leiden
Artemisstraat,187,"","",2321LA,Leiden
Artemisstraat,189,"","",2321LA,Leiden
Artemisstraat,19,"","",2321LA,Leiden
Artemisstraat,191,"","",2321LA,Leiden
Artemisstraat,193,"","",2321LA,Leiden
Artemisstraat,195,"","",2321LA,Leiden
Artemisstraat,197,"","",2321LA,Leiden
Artemisstraat,199,"","",2321LA,Leiden
Artemisstraat,2,"","",2321LA,Leiden
Artemisstraat,2,"","",2321LA,Leiden
Artemisstraat,201,"","",2321LA,Leiden
Artemisstraat,203,"","",2321LA,Leiden
Artemisstraat,205,"","",2321LA,Leiden
Artemisstraat,207,"","",2321LA,Leiden
Artemisstraat,209,"","",2321LA,Leiden
Artemisstraat,21,"","",2321LA,Leiden
Artemisstraat,211,"","",2321LA,Leiden
Artemisstraat,213,"","",2321LA,Leiden
Artemisstraat,215,"","",2321LA,Leiden
Artemisstraat,217,"","",2321LA,Leiden
Artemisstraat,219,"","",2321LA,Leiden
Artemisstraat,221,"","",2321LA,Leiden
Artemisstraat,223,"","",2321LA,Leiden
Artemisstraat,225,"","",2321LA,Leiden
Artemisstraat,227,"","",2321LA,Leiden
Artemisstraat,229,"","",2321LA,Leiden
Artemisstraat,23,"","",2321LA,Leiden
Artemisstraat,231,"","",2321LA,Leiden
Artemisstraat,233,"","",2321LA,Leiden
Artemisstraat,235,"","",2321LA,Leiden
Artemisstraat,237,"","",2321LA,Leiden
Artemisstraat,239,"","",2321LA,Leiden
Artemisstraat,241,"","",2321LA,Leiden
Artemisstraat,243,"","",2321LA,Leiden
Artemisstraat,245,"","",2321LA,Leiden
Artemisstraat,247,"","",2321LA,Leiden
Artemisstraat,249,"","",2321LA,Leiden
Artemisstraat,25,"","",2321LA,Leiden
Artemisstraat,251,"","",2321LA,Leiden
Artemisstraat,253,"","",2321LA,Leiden
Artemisstraat,255,"","",2321LA,Leiden
Artemisstraat,257,"","",2321LA,Leiden
Artemisstraat,259,"","",2321LA,Leiden
Artemisstraat,261,"","",2321LA,Leiden
Artemisstraat,263,"","",2321LA,Leiden
Artemisstraat,265,"","",2321LA,Leiden
Artemisstraat,267,"","",2321LA,Leiden
Artemisstraat,269,"","",2321LA,Leiden
Artemisstraat,27,"","",2321LA,Leiden
Artemisstraat,271,"","",2321LA,Leiden
Artemisstraat,273,"","",2321LA,Leiden
Artemisstraat,275,"","",2321LA,Leiden
Artemisstraat,277,"","",2321LA,Leiden
Artemisstraat,279,"","",2321LA,Leiden
Artemisstraat,281,"","",2321LA,Leiden
Artemisstraat,283,"","",2321LA,Leiden
Artemisstraat,285,"","",2321LA,Leiden
Artemisstraat,287,"","",2321LA,Leiden
Artemisstraat,289,"","",2321LA,Leiden
Artemisstraat,29,"","",2321LA,Leiden
Artemisstraat,291,"","",2321LA,Leiden
Artemisstraat,293,"","",2321LA,Leiden
Artemisstraat,295,"","",2321LA,Leiden
Artemisstraat,297,"","",2321LA,Leiden
Artemisstraat,299,"","",2321LA,Leiden
Artemisstraat,3,"","",2321LA,Leiden
Artemisstraat,301,"","",2321LA,Leiden
Artemisstraat,303,"","",2321LA,Leiden
Artemisstraat,305,"","",2321LA,Leiden
Artemisstraat,307,"","",2321LA,Leiden
Artemisstraat,309,"","",2321LA,Leiden
Artemisstraat,31,"","",2321LA,Leiden
Artemisstraat,311,"","",2321LA,Leiden
Artemisstraat,313,"","",2321LA,Leiden
Artemisstraat,315,"","",2321LA,Leiden
Artemisstraat,317,"","",2321LA,Leiden
Artemisstraat,319,"","",2321LA,Leiden
Artemisstraat,321,"","",2321LA,Leiden
Artemisstraat,323,"","",2321LA,Leiden
Artemisstraat,325,"","",2321LA,Leiden
Artemisstraat,327,"","",2321LA,Leiden
Artemisstraat,329,"","",2321LA,Leiden
Artemisstraat,33,"","",2321LA,Leiden
Artemisstraat,331,"","",2321LA,Leiden
Artemisstraat,333,"","",2321LA,Leiden
Artemisstraat,335,"","",2321LA,Leiden
Artemisstraat,337,"","",2321LA,Leiden
Artemisstraat,339,"","",2321LA,Leiden
Artemisstraat,341,"","",2321LA,Leiden
Artemisstraat,343,"","",2321LA,Leiden
Artemisstraat,345,"","",2321LA,Leiden
Artemisstraat,347,"","",2321LA,Leiden
Artemisstraat,349,"","",2321LA,Leiden
Artemisstraat,35,"","",2321LA,Leiden
Artemisstraat,351,"","",2321LA,Leiden
Artemisstraat,353,"","",2321LA,Leiden
Artemisstraat,355,"","",2321LA,Leiden
Artemisstraat,357,"","",2321LA,Leiden
Artemisstraat,359,"","",2321LA,Leiden
Artemisstraat,361,"","",2321LA,Leiden
Artemisstraat,363,"","",2321LA,Leiden
Artemisstraat,365,"","",2321LA,Leiden
Artemisstraat,367,"","",2321LA,Leiden
Artemisstraat,369,"","",2321LA,Leiden
Artemisstraat,37,"","",2321LA,Leiden
Artemisstraat,371,"","",2321LA,Leiden
Artemisstraat,373,"","",2321LA,Leiden
Artemisstraat,375,"","",2321LA,Leiden
Artemisstraat,377,"","",2321LA,Leiden
Artemisstraat,379,"","",2321LA,Leiden
Artemisstraat,381,"","",2321LA,Leiden
Artemisstraat,383,"","",2321LA,Leiden
Artemisstraat,385,"","",2321LA,Leiden
Artemisstraat,387,"","",2321LA,Leiden
Artemisstraat,389,"","",2321LA,Leiden
Artemisstraat,39,"","",2321LA,Leiden
Artemisstraat,391,"","",2321LA,Leiden
Artemisstraat,393,"","",2321LA,Leiden
Artemisstraat,395,"","",2321LA,Leiden
Artemisstraat,397,"","",2321LA,Leiden
Artemisstraat,399,"","",2321LA,Leiden
Artemisstraat,4,"","",2321LA,Leiden
Artemisstraat,4,"","",2321LA,Leiden
Artemisstraat,401,"","",2321LA,Leiden
Artemisstraat,403,"","",2321LA,Leiden
Artemisstraat,405,"","",2321LA,Leiden
Artemisstraat,407,"","",2321LA,Leiden
Artemisstraat,409,"","",2321LA,Leiden
Artemisstraat,41,"","",2321LA,Leiden
Artemisstraat,411,"","",2321LA,Leiden
Artemisstraat,413,"","",2321LA,Leiden
Artemisstraat,415,"","",2321LA,Leiden
Artemisstraat,417,"","",2321LA,Leiden
Artemisstraat,419,"","",2321LA,Leiden
Artemisstraat,421,"","",2321LA,Leiden
Artemisstraat,423,"","",2321LA,Leiden
Artemisstraat,425,"","",2321LA,Leiden
Artemisstraat,427,"","",2321LA,Leiden
Artemisstraat,429,"","",2321LA,Leiden
Artemisstraat,43,"","",2321LA,Leiden
Artemisstraat,431,"","",2321LA,Leiden
Artemisstraat,433,"","",2321LA,Leiden
Artemisstraat,435,"","",2321LA,Leiden
Artemisstraat,437,"","",2321LA,Leiden
Artemisstraat,439,"","",2321LA,Leiden
Artemisstraat,441,"","",2321LA,Leiden
Artemisstraat,443,"","",2321LA,Leiden
Artemisstraat,445,"","",2321LA,Leiden
Artemisstraat,447,"","",2321LA,Leiden
Artemisstraat,449,"","",2321LA,Leiden
Artemisstraat,45,"","",2321LA,Leiden
Artemisstraat,451,"","",2321LA,Leiden
Artemisstraat,453,"","",2321LA,Leiden
Artemisstraat,455,"","",2321LA,Leiden
Artemisstraat,457,"","",2321LA,Leiden
Artemisstraat,459,"","",2321LA,Leiden
Artemisstraat,461,"","",2321LA,Leiden
Artemisstraat,463,"","",2321LA,Leiden
Artemisstraat,465,"","",2321LA,Leiden
Artemisstraat,467,"","",2321LA,Leiden
Artemisstraat,469,"","",2321LA,Leiden
Artemisstraat,47,"","",2321LA,Leiden
Artemisstraat,471,"","",2321LA,Leiden
Artemisstraat,473,"","",2321LA,Leiden
Artemisstraat,475,"","",2321LA,Leiden
Artemisstraat,477,"","",2321LA,Leiden
Artemisstraat,479,"","",2321LA,Leiden
Artemisstraat,481,"","",2321LA,Leiden
Artemisstraat,483,"","",2321LA,Leiden
Artemisstraat,485,"","",2321LA,Leiden
Artemisstraat,487,"","",2321LA,Leiden
Artemisstraat,489,"","",2321LA,Leiden
Artemisstraat,49,"","",2321LA,Leiden
Artemisstraat,491,"","",2321LA,Leiden
Artemisstraat,493,"","",2321LA,Leiden
Artemisstraat,495,"","",2321LA,Leiden
Artemisstraat,497,"","",2321LA,Leiden
Artemisstraat,499,"","",2321LA,Leiden
Artemisstraat,5,"","",2321LA,Leiden
Artemisstraat,501,"","",2321LA,Leiden
Artemisstraat,503,"","",2321LA,Leiden
Artemisstraat,505,"","",2321LA,Leiden
Artemisstraat,507,"","",2321LA,Leiden
Artemisstraat,509,"","",2321LA,Leiden
Artemisstraat,51,"","",2321LA,Leiden
Artemisstraat,511,"","",2321LA,Leiden
Artemisstraat,513,"","",2321LA,Leiden
Artemisstraat,515,"","",2321LA,Leiden
Artemisstraat,517,"","",2321LA,Leiden
Artemisstraat,519,"","",2321LA,Leiden
Artemisstraat,521,"","",2321LA,Leiden
Artemisstraat,523,"","",2321LA,Leiden
Artemisstraat,525,"","",2321LA,Leiden
Artemisstraat,527,"","",2321LA,Leiden
Artemisstraat,529,"","",2321LA,Leiden
Artemisstraat,53,"","",2321LA,Leiden
Artemisstraat,531,"","",2321LA,Leiden
Artemisstraat,533,"","",2321LA,Leiden
Artemisstraat,535,"","",2321LA,Leiden
Artemisstraat,537,"","",2321LA,Leiden
Artemisstraat,539,"","",2321LA,Leiden
Artemisstraat,541,"","",2321LA,Leiden
Artemisstraat,55,"","",2321LA,Leiden
Artemisstraat,57,"","",2321LA,Leiden
Artemisstraat,59,"","",2321LA,Leiden
Artemisstraat,61,"","",2321LA,Leiden
Artemisstraat,63,"","",2321LA,Leiden
Artemisstraat,65,"","",2321LA,Leiden
Artemisstraat,67,"","",2321LA,Leiden
Artemisstraat,69,"","",2321LA,Leiden
Artemisstraat,7,"","",2321LA,Leiden
Artemisstraat,71,"","",2321LA,Leiden
Artemisstraat,73,"","",2321LA,Leiden
Artemisstraat,75,"","",2321LA,Leiden
Artemisstraat,77,"","",2321LA,Leiden
Artemisstraat,79,"","",2321LA,Leiden
Artemisstraat,81,"","",2321LA,Leiden
Artemisstraat,83,"","",2321LA,Leiden
Artemisstraat,85,"","",2321LA,Leiden
Artemisstraat,87,"","",2321LA,Leiden
Artemisstraat,89,"","",2321LA,Leiden
Artemisstraat,9,"","",2321LA,Leiden
Artemisstraat,91,"","",2321LA,Leiden
Artemisstraat,93,"","",2321LA,Leiden
Artemisstraat,95,"","",2321LA,Leiden
Artemisstraat,97,"","",2321LA,Leiden
Artemisstraat,99,"","",2321LA,Leiden
Alfabetweg,1,"","",2321LB,Leiden
Alfabetweg,10,"","",2321LB,Leiden
Alfabetweg,10,"","",2321LB,Leiden
Alfabetweg,1001,"","",2321LB,Leiden
Alfabetweg,1003,"","",2321LB,Leiden
Alfabetweg,1005,"","",2321LB,Leiden
Alfabetweg,1007,"","",2321LB,Leiden
Alfabetweg,1009,"","",2321LB,Leiden
Alfabetweg,101,"","",2321LB,Leiden
Alfabetweg,1011,"","",2321LB,Leiden
Alfabetweg,1013,"","",2321LB,Leiden
Alfabetweg,1015,"","",2321LB,Leiden
Alfabetweg,1017,"","",2321LB,Leiden
Alfabetweg,1019,"","",2321LB,Leiden
Alfabetweg,1021,"","",2321LB,Leiden
Alfabetweg,1023,"","",2321LB,Leiden
Alfabetweg,1025,"","",2321LB,Leiden
Alfabetweg,1027,"","",2321LB,Leiden
Alfabetweg,1029,"","",2321LB,Leiden
Alfabetweg,103,"","",2321LB,Leiden
Alfabetweg,1031,"","",2321LB,Leiden
Alfabetweg,1033,"","",2321LB,Leiden
Alfabetweg,1035,"","",2321LB,Leiden
Alfabetweg,1037,"","",2321LB,Leiden
Alfabetweg,1039,"","",2321LB,Leiden
Alfabetweg,1041,"","",2321LB,Leiden
Alfabetweg,1043,"","",2321LB,Leiden
Alfabetweg,1045,"","",2321LB,Leiden
Alfabetweg,1047,"","",2321LB,Leiden
Alfabetweg,1049,"","",2321LB,Leiden
Alfabetweg,105,"","",2321LB,Leiden
Alfabetweg,1051,"","",2321LB,Leiden
Alfabetweg,1053,"","",2321LB,Leiden
Alfabetweg,1055,"","",2321LB,Leiden
Alfabetweg,1057,"","",2321LB,Leiden
Alfabetweg,1059,"","",2321LB,Leiden
Alfabetweg,1061,"","",2321LB,Leiden
Alfabetweg,1063,"","",2321LB,Leiden
Alfabetweg,1065,"","",2321LB,Leiden
Alfabetweg,1067,"","",2321LB,Leiden
Alfabetweg,1069,"","",2321LB,Leiden
Alfabetweg,107,"","",2321LB,Leiden
Alfabetweg,1071,"","",2321LB,Leiden
Alfabetweg,1073,"","",2321LB,Leiden
Alfabetweg,1075,"","",2321LB,Leiden
Alfabetweg,1077,"","",2321LB,Leiden
Alfabetweg,1079,"","",2321LB,Leiden
Alfabetweg,1081,"","",2321LB,Leiden
Alfabetweg,1083,"","",2321LB,Leiden
Alfabetweg,1085,"","",2321LB,Leiden
Alfabetweg,1087,"","",2321LB,Leiden
Alfabetweg,1089,"","",2321LB,Leiden
Alfabetweg,109,"","",2321LB,Leiden
Alfabetweg,1091,"","",2321LB,Leiden
Alfabetweg,1093,"","",2321LB,Leiden
Alfabetweg,1095,"","",2321LB,Leiden
Alfabetweg,1097,"","",2321LB,Leiden
Alfabetweg,1099,"","",2321LB,Leiden
Alfabetweg,11,"","",2321LB,Leiden
Alfabetweg,1101,"","",2321LB,Leiden
Alfabetweg,1103,"","",2321LB,Leiden
Alfabetweg,1105,"","",2321LB,Leiden
Alfabetweg,1107,"","",2321LB,Leiden
Alfabetweg,1109,"","",2321LB,Leiden
Alfabetweg,111,"","",2321LB,Leiden
Alfabetweg,1111,"","",2321LB,Leiden
Alfabetweg,1113,"","",2321LB,Leiden
Alfabetweg,1115,"","",2321LB,Leiden
Alfabetweg,1117,"","",2321LB,Leiden
Alfabetweg,1119,"","",2321LB,Leiden
Alfabetweg,1121,"","",2321LB,Leiden
Alfabetweg,1123,"","",2321LB,Leiden
Alfabetweg,1125,"","",2321LB,Leiden
Alfabetweg,1127,"","",2321LB,Leiden
Alfabetweg,1129,"","",2321LB,Leiden
Alfabetweg,113,"","",2321LB,Leiden
Alfabetweg,1131,"","",2321LB,Leiden
Alfabetweg,1133,"","",2321LB,Leiden
Alfabetweg,1135,"","",2321LB,Leiden
Alfabetweg,1137,"","",2321LB,Leiden
Alfabetweg,1139,"","",2321LB,Leiden
Alfabetweg,1141,"","",2321LB,Leiden
Alfabetweg,1143,"","",2321LB,Leiden
Alfabetweg,1145,"","",2321LB,Leiden
Alfabetweg,1147,"","",2321LB,Leiden
Alfabetweg,1149,"","",2321LB,Leiden
Alfabetweg,115,"","",2321LB,Leiden
Alfabetweg,1151,"","",2321LB,Leiden
Alfabetweg,1153,"","",2321LB,Leiden
Alfabetweg,1155,"","",2321LB,Leiden
Alfabetweg,1157,"","",2321LB,Leiden
Alfabetweg,1159,"","",2321LB,Leiden
Alfabetweg,1161,"","",2321LB,Leiden
Alfabetweg,1163,"","",2321LB,Leiden
Alfabetweg,1165,"","",2321LB,Leiden
Alfabetweg,1167,"","",2321LB,Leiden
Alfabetweg,1169,"","",2321LB,Leiden
Alfabetweg,117,"","",2321LB,Leiden
Alfabetweg,1171,"","",2321LB,Leiden
Alfabetweg,1173,"","",2321LB,Leiden
Alfabetweg,1175,"","",2321LB,Leiden
Alfabetweg,1177,"","",2321LB,Leiden
Alfabetweg,1179,"","",2321LB,Leiden
Alfabetweg,1181,"","",2321LB,Leiden
Alfabetweg,1183,"","",2321LB,Leiden
Alfabetweg,1185,"","",2321LB,Leiden
Alfabetweg,1187,"","",2321LB,Leiden
Alfabetweg,1189,"","",2321LB,Leiden
Alfabetweg,119,"","",2321LB,Leiden
Alfabetweg,1191,"","",2321LB,Leiden
Alfabetweg,12,"","",2321LB,Leiden
Alfabetweg,12,"","",2321LB,Leiden
Alfabetweg,121,"","",2321LB,Leiden
Alfabetweg,123,"","",2321LB,Leiden
Alfabetweg,125,"","",2321LB,Leiden
Alfabetweg,127,"","",2321LB,Leiden
Alfabetweg,129,"","",2321LB,Leiden
Alfabetweg,13,"","",2321LB,Leiden
Alfabetweg,131,"","",2321LB,Leiden
Alfabetweg,133,"","",2321LB,Leiden
Alfabetweg,135,"","",2321LB,Leiden
Alfabetweg,14,"","",2321LB,Leiden
Alfabetweg,14,"","",2321LB,Leiden
Alfabetweg,143,F,"",2321LB,Leiden
Alfabetweg,145,"","",2321LB,Leiden
Alfabetweg,147,"","",2321LB,Leiden
Alfabetweg,149,"","",2321LB,Leiden
Alfabetweg,15,"","",2321LB,Leiden
Alfabetweg,151,"","",2321LB,Leiden
Alfabetweg,153,"","",2321LB,Leiden
Alfabetweg,155,"","",2321LB,Leiden
Alfabetweg,157,"","",2321LB,Leiden
Alfabetweg,159,"","",2321LB,Leiden
Alfabetweg,16,"","",2321LB,Leiden
Alfabetweg,16,"","",2321LB,Leiden
Alfabetweg,161,"","",2321LB,Leiden
Alfabetweg,163,"","",2321LB,Leiden
Alfabetweg,165,"","",2321LB,Leiden
Alfabetweg,167,"","",2321LB,Leiden
Alfabetweg,169,"","",2321LB,Leiden
Alfabetweg,17,"","",2321LB,Leiden
Alfabetweg,171,"","",2321LB,Leiden
Alfabetweg,173,"","",2321LB,Leiden
Alfabetweg,175,"","",2321LB,Leiden
Alfabetweg,177,"","",2321LB,Leiden
Alfabetweg,179,"","",2321LB,Leiden
Alfabetweg,179,A,"",2321LB,Leiden
Alfabetweg,18,"","",2321LB,Leiden
Alfabetweg,18,"","",2321LB,Leiden
Alfabetweg,181,"","",2321LB,Leiden
Alfabetweg,183,"","",2321LB,Leiden
Alfabetweg,185,"","",2321LB,Leiden
Alfabetweg,187,"","",2321LB,Leiden
Alfabetweg,189,"","",2321LB,Leiden
Alfabetweg,19,"","",2321LB,Leiden
Alfabetweg,191,"","",2321LB,Leiden
Alfabetweg,193,"","",2321LB,Leiden
Alfabetweg,195,"","",2321LB,Leiden
Alfabetweg,197,"","",2321LB,Leiden
Alfabetweg,199,"","",2321LB,Leiden
Alfabetweg,2,"","",2321LB,Leiden
Alfabetweg,2,"","",2321LB,Leiden
Alfabetweg,20,"","",2321LB,Leiden
Alfabetweg,20,"","",2321LB,Leiden
Alfabetweg,201,"","",2321LB,Leiden
Alfabetweg,203,"","",2321LB,Leiden
Alfabetweg,205,"","",2321LB,Leiden
Alfabetweg,207,"","",2321LB,Leiden
Alfabetweg,209,"","",2321LB,Leiden
Alfabetweg,21,"","",2321LB,Leiden
Alfabetweg,211,"","",2321LB,Leiden
Alfabetweg,213,"","",2321LB,Leiden
Alfabetweg,215,"","",2321LB,Leiden
Alfabetweg,217,"","",2321LB,Leiden
Alfabetweg,219,"","",2321LB,Leiden
Alfabetweg,22,"","",2321LB,Leiden
Alfabetweg,22,"","",2321LB,Leiden
Alfabetweg,221,"","",2321LB,Leiden
Alfabetweg,223,"","",2321LB,Leiden
Alfabetweg,225,"","",2321LB,Leiden
Alfabetweg,227,"","",2321LB,Leiden
Alfabetweg,229,"","",2321LB,Leiden
Alfabetweg,23,"","",2321LB,Leiden
Alfabetweg,231,"","",2321LB,Leiden
Alfabetweg,233,"","",2321LB,Leiden
Alfabetweg,235,"","",2321LB,Leiden
Alfabetweg,237,"","",2321LB,Leiden
Alfabetweg,239,"","",2321LB,Leiden
Alfabetweg,24,"","",2321LB,Leiden
Alfabetweg,24,"","",2321LB,Leiden
Alfabetweg,241,"","",2321LB,Leiden
Alfabetweg,243,"","",2321LB,Leiden
Alfabetweg,245,"","",2321LB,Leiden
Alfabetweg,247,"","",2321LB,Leiden
Alfabetweg,249,"","",2321LB,Leiden
Alfabetweg,25,"","",2321LB,Leiden
Alfabetweg,251,"","",2321LB,Leiden
Alfabetweg,253,"","",2321LB,Leiden
Alfabetweg,255,"","",2321LB,Leiden
Alfabetweg,257,"","",2321LB,Leiden
Alfabetweg,259,"","",2321LB,Leiden
Alfabetweg,26,"","",2321LB,Leiden
Alfabetweg,26,"","",2321LB,Leiden
Alfabetweg,261,"","",2321LB,Leiden
Alfabetweg,263,"","",2321LB,Leiden
Alfabetweg,265,"","",2321LB,Leiden
Alfabetweg,267,"","",2321LB,Leiden
Alfabetweg,269,"","",2321LB,Leiden
Alfabetweg,27,"","",2321LB,Leiden
Alfabetweg,271,"","",2321LB,Leiden
Alfabetweg,273,"","",2321LB,Leiden
Alfabetweg,275,"","",2321LB,Leiden
Alfabetweg,277,"","",2321LB,Leiden
Alfabetweg,279,"","",2321LB,Leiden
Alfabetweg,281,"","",2321LB,Leiden
Alfabetweg,283,"","",2321LB,Leiden
Alfabetweg,285,"","",2321LB,Leiden
Alfabetweg,287,"","",2321LB,Leiden
Alfabetweg,289,"","",2321LB,Leiden
Alfabetweg,29,"","",2321LB,Leiden
Alfabetweg,293,"","",2321LB,Leiden
Alfabetweg,293,"","",2321LB,Leiden
Alfabetweg,295,"","",2321LB,Leiden
Alfabetweg,295,"","",2321LB,Leiden
Alfabetweg,297,"","",2321LB,Leiden
Alfabetweg,297,"","",2321LB,Leiden
Alfabetweg,299,"","",2321LB,Leiden
Alfabetweg,299,"","",2321LB,Leiden
Alfabetweg,3,"","",2321LB,Leiden
Alfabetweg,301,"","",2321LB,Leiden
Alfabetweg,301,"","",2321LB,Leiden
Alfabetweg,303,"","",2321LB,Leiden
Alfabetweg,303,"","",2321LB,Leiden
Alfabetweg,305,"","",2321LB,Leiden
Alfabetweg,305,"","",2321LB,Leiden
Alfabetweg,307,"","",2321LB,Leiden
Alfabetweg,307,"","",2321LB,Leiden
Alfabetweg,309,"","",2321LB,Leiden
Alfabetweg,309,"","",2321LB,Leiden
Alfabetweg,31,"","",2321LB,Leiden
Alfabetweg,311,"","",2321LB,Leiden
Alfabetweg,311,"","",2321LB,Leiden
Alfabetweg,313,"","",2321LB,Leiden
Alfabetweg,313,"","",2321LB,Leiden
Alfabetweg,315,"","",2321LB,Leiden
Alfabetweg,315,"","",2321LB,Leiden
Alfabetweg,317,"","",2321LB,Leiden
Alfabetweg,317,"","",2321LB,Leiden
Alfabetweg,319,"","",2321LB,Leiden
Alfabetweg,319,"","",2321LB,Leiden
Alfabetweg,321,"","",2321LB,Leiden
Alfabetweg,321,"","",2321LB,Leiden
Alfabetweg,323,"","",2321LB,Leiden
Alfabetweg,323,"","",2321LB,Leiden
Alfabetweg,325,"","",2321LB,Leiden
Alfabetweg,325,"","",2321LB,Leiden
Alfabetweg,327,"","",2321LB,Leiden
Alfabetweg,327,"","",2321LB,Leiden
Alfabetweg,329,"","",2321LB,Leiden
Alfabetweg,329,"","",2321LB,Leiden
Alfabetweg,33,"","",2321LB,Leiden
Alfabetweg,331,"","",2321LB,Leiden
Alfabetweg,331,"","",2321LB,Leiden
Alfabetweg,333,"","",2321LB,Leiden
Alfabetweg,333,"","",2321LB,Leiden
Alfabetweg,335,"","",2321LB,Leiden
Alfabetweg,335,"","",2321LB,Leiden
Alfabetweg,337,"","",2321LB,Leiden
Alfabetweg,337,"","",2321LB,Leiden
Alfabetweg,339,"","",2321LB,Leiden
Alfabetweg,339,"","",2321LB,Leiden
Alfabetweg,341,"","",2321LB,Leiden
Alfabetweg,341,"","",2321LB,Leiden
Alfabetweg,343,"","",2321LB,Leiden
Alfabetweg,343,"","",2321LB,Leiden
Alfabetweg,345,"","",2321LB,Leiden
Alfabetweg,345,"","",2321LB,Leiden
Alfabetweg,347,"","",2321LB,Leiden
Alfabetweg,347,"","",2321LB,Leiden
Alfabetweg,349,"","",2321LB,Leiden
Alfabetweg,349,"","",2321LB,Leiden
Alfabetweg,35,"","",2321LB,Leiden
Alfabetweg,351,"","",2321LB,Leiden
Alfabetweg,351,"","",2321LB,Leiden
Alfabetweg,353,"","",2321LB,Leiden
Alfabetweg,353,"","",2321LB,Leiden
Alfabetweg,355,"","",2321LB,Leiden
Alfabetweg,355,"","",2321LB,Leiden
Alfabetweg,357,"","",2321LB,Leiden
Alfabetweg,357,"","",2321LB,Leiden
Alfabetweg,359,"","",2321LB,Leiden
Alfabetweg,359,"","",2321LB,Leiden
Alfabetweg,361,"","",2321LB,Leiden
Alfabetweg,361,"","",2321LB,Leiden
Alfabetweg,363,"","",2321LB,Leiden
Alfabetweg,363,"","",2321LB,Leiden
Alfabetweg,365,"","",2321LB,Leiden
Alfabetweg,365,"","",2321LB,Leiden
Alfabetweg,367,"","",2321LB,Leiden
Alfabetweg,367,"","",2321LB,Leiden
Alfabetweg,369,"","",2321LB,Leiden
Alfabetweg,369,"","",2321LB,Leiden
Alfabetweg,37,"","",2321LB,Leiden
Alfabetweg,371,"","",2321LB,Leiden
Alfabetweg,371,"","",2321LB,Leiden
Alfabetweg,373,"","",2321LB,Leiden
Alfabetweg,373,"","",2321LB,Leiden
Alfabetweg,375,"","",2321LB,Leiden
Alfabetweg,375,"","",2321LB,Leiden
Alfabetweg,377,"","",2321LB,Leiden
Alfabetweg,377,"","",2321LB,Leiden
Alfabetweg,379,"","",2321LB,Leiden
Alfabetweg,379,"","",2321LB,Leiden
Alfabetweg,381,"","",2321LB,Leiden
Alfabetweg,381,"","",2321LB,Leiden
Alfabetweg,383,"","",2321LB,Leiden
Alfabetweg,383,"","",2321LB,Leiden
Alfabetweg,385,"","",2321LB,Leiden
Alfabetweg,385,"","",2321LB,Leiden
Alfabetweg,387,"","",2321LB,Leiden
Alfabetweg,387,"","",2321LB,Leiden
Alfabetweg,389,"","",2321LB,Leiden
Alfabetweg,389,"","",2321LB,Leiden
Alfabetweg,39,"","",2321LB,Leiden
Alfabetweg,391,"","",2321LB,Leiden
Alfabetweg,391,"","",2321LB,Leiden
Alfabetweg,393,"","",2321LB,Leiden
Alfabetweg,393,"","",2321LB,Leiden
Alfabetweg,395,"","",2321LB,Leiden
Alfabetweg,395,"","",2321LB,Leiden
Alfabetweg,397,"","",2321LB,Leiden
Alfabetweg,397,"","",2321LB,Leiden
Alfabetweg,399,"","",2321LB,Leiden
Alfabetweg,399,"","",2321LB,Leiden
Alfabetweg,4,"","",2321LB,Leiden
Alfabetweg,4,"","",2321LB,Leiden
Alfabetweg,401,"","",2321LB,Leiden
Alfabetweg,401,"","",2321LB,Leiden
Alfabetweg,403,"","",2321LB,Leiden
Alfabetweg,403,"","",2321LB,Leiden
Alfabetweg,405,"","",2321LB,Leiden
Alfabetweg,405,"","",2321LB,Leiden
Alfabetweg,407,"","",2321LB,Leiden
Alfabetweg,407,"","",2321LB,Leiden
Alfabetweg,409,"","",2321LB,Leiden
Alfabetweg,409,"","",2321LB,Leiden
Alfabetweg,41,"","",2321LB,Leiden
Alfabetweg,411,"","",2321LB,Leiden
Alfabetweg,411,"","",2321LB,Leiden
Alfabetweg,413,"","",2321LB,Leiden
Alfabetweg,413,"","",2321LB,Leiden
Alfabetweg,415,"","",2321LB,Leiden
Alfabetweg,415,"","",2321LB,Leiden
Alfabetweg,417,"","",2321LB,Leiden
Alfabetweg,417,"","",2321LB,Leiden
Alfabetweg,419,"","",2321LB,Leiden
Alfabetweg,419,"","",2321LB,Leiden
Alfabetweg,421,"","",2321LB,Leiden
Alfabetweg,421,"","",2321LB,Leiden
Alfabetweg,423,"","",2321LB,Leiden
Alfabetweg,423,"","",2321LB,Leiden
Alfabetweg,425,"","",2321LB,Leiden
Alfabetweg,425,"","",2321LB,Leiden
Alfabetweg,427,"","",2321LB,Leiden
Alfabetweg,427,"","",2321LB,Leiden
Alfabetweg,429,"","",2321LB,Leiden
Alfabetweg,429,"","",2321LB,Leiden
Alfabetweg,43,"","",2321LB,Leiden
Alfabetweg,431,"","",2321LB,Leiden
Alfabetweg,431,"","",2321LB,Leiden
Alfabetweg,433,"","",2321LB,Leiden
Alfabetweg,433,"","",2321LB,Leiden
Alfabetweg,435,"","",2321LB,Leiden
Alfabetweg,435,"","",2321LB,Leiden
Alfabetweg,437,"","",2321LB,Leiden
Alfabetweg,437,"","",2321LB,Leiden
Alfabetweg,439,"","",2321LB,Leiden
Alfabetweg,439,"","",2321LB,Leiden
Alfabetweg,441,"","",2321LB,Leiden
Alfabetweg,441,"","",2321LB,Leiden
Alfabetweg,443,"","",2321LB,Leiden
Alfabetweg,443,"","",2321LB,Leiden
Alfabetweg,445,"","",2321LB,Leiden
Alfabetweg,445,"","",2321LB,Leiden
Alfabetweg,447,"","",2321LB,Leiden
Alfabetweg,447,"","",2321LB,Leiden
Alfabetweg,449,"","",2321LB,Leiden
Alfabetweg,449,"","",2321LB,Leiden
Alfabetweg,45,"","",2321LB,Leiden
Alfabetweg,451,"","",2321LB,Leiden
Alfabetweg,451,"","",2321LB,Leiden
Alfabetweg,453,"","",2321LB,Leiden
Alfabetweg,453,"","",2321LB,Leiden
Alfabetweg,455,"","",2321LB,Leiden
Alfabetweg,455,"","",2321LB,Leiden
Alfabetweg,457,"","",2321LB,Leiden
Alfabetweg,457,"","",2321LB,Leiden
Alfabetweg,459,"","",2321LB,Leiden
Alfabetweg,459,"","",2321LB,Leiden
Alfabetweg,461,"","",2321LB,Leiden
Alfabetweg,461,"","",2321LB,Leiden
Alfabetweg,463,"","",2321LB,Leiden
Alfabetweg,463,"","",2321LB,Leiden
Alfabetweg,465,"","",2321LB,Leiden
Alfabetweg,465,"","",2321LB,Leiden
Alfabetweg,467,"","",2321LB,Leiden
Alfabetweg,467,"","",2321LB,Leiden
Alfabetweg,469,"","",2321LB,Leiden
Alfabetweg,469,"","",2321LB,Leiden
Alfabetweg,47,"","",2321LB,Leiden
Alfabetweg,471,"","",2321LB,Leiden
Alfabetweg,471,"","",2321LB,Leiden
Alfabetweg,473,"","",2321LB,Leiden
Alfabetweg,473,"","",2321LB,Leiden
Alfabetweg,475,"","",2321LB,Leiden
Alfabetweg,475,"","",2321LB,Leiden
Alfabetweg,477,"","",2321LB,Leiden
Alfabetweg,477,"","",2321LB,Leiden
Alfabetweg,479,"","",2321LB,Leiden
Alfabetweg,479,"","",2321LB,Leiden
Alfabetweg,481,"","",2321LB,Leiden
Alfabetweg,481,"","",2321LB,Leiden
Alfabetweg,483,"","",2321LB,Leiden
Alfabetweg,483,"","",2321LB,Leiden
Alfabetweg,485,"","",2321LB,Leiden
Alfabetweg,485,"","",2321LB,Leiden
Alfabetweg,487,"","",2321LB,Leiden
Alfabetweg,487,"","",2321LB,Leiden
Alfabetweg,489,"","",2321LB,Leiden
Alfabetweg,489,"","",2321LB,Leiden
Alfabetweg,49,"","",2321LB,Leiden
Alfabetweg,491,"","",2321LB,Leiden
Alfabetweg,493,"","",2321LB,Leiden
Alfabetweg,493,"","",2321LB,Leiden
Alfabetweg,495,"","",2321LB,Leiden
Alfabetweg,497,"","",2321LB,Leiden
Alfabetweg,499,"","",2321LB,Leiden
Alfabetweg,5,"","",2321LB,Leiden
Alfabetweg,501,"","",2321LB,Leiden
Alfabetweg,503,"","",2321LB,Leiden
Alfabetweg,505,"","",2321LB,Leiden
Alfabetweg,507,"","",2321LB,Leiden
Alfabetweg,509,"","",2321LB,Leiden
Alfabetweg,51,"","",2321LB,Leiden
Alfabetweg,513,"","",2321LB,Leiden
Alfabetweg,53,"","",2321LB,Leiden
Alfabetweg,55,"","",2321LB,Leiden
Alfabetweg,57,"","",2321LB,Leiden
Alfabetweg,59,"","",2321LB,Leiden
Alfabetweg,6,"","",2321LB,Leiden
Alfabetweg,6,"","",2321LB,Leiden
Alfabetweg,61,"","",2321LB,Leiden
Alfabetweg,63,"","",2321LB,Leiden
Alfabetweg,65,"","",2321LB,Leiden
Alfabetweg,67,"","",2321LB,Leiden
Alfabetweg,69,"","",2321LB,Leiden
Alfabetweg,7,"","",2321LB,Leiden
Alfabetweg,71,"","",2321LB,Leiden
Alfabetweg,73,"","",2321LB,Leiden
Alfabetweg,75,"","",2321LB,Leiden
Alfabetweg,77,"","",2321LB,Leiden
Alfabetweg,79,"","",2321LB,Leiden
Alfabetweg,8,"","",2321LB,Leiden
Alfabetweg,8,"","",2321LB,Leiden
Alfabetweg,81,"","",2321LB,Leiden
Alfabetweg,83,"","",2321LB,Leiden
Alfabetweg,85,"","",2321LB,Leiden
Alfabetweg,87,"","",2321LB,Leiden
Alfabetweg,89,"","",2321LB,Leiden
Alfabetweg,9,"","",2321LB,Leiden
Alfabetweg,91,"","",2321LB,Leiden
Alfabetweg,93,"","",2321LB,Leiden
Alfabetweg,95,"","",2321LB,Leiden
Alfabetweg,97,"","",2321LB,Leiden
Alfabetweg,99,"","",2321LB,Leiden
Gaiastraat,10,"","",2321LC,Leiden
Gaiastraat,100,"","",2321LC,Leiden
Gaiastraat,102,"","",2321LC,Leiden
Gaiastraat,104,"","",2321LC,Leiden
Gaiastraat,106,"","",2321LC,Leiden
Gaiastraat,108,"","",2321LC,Leiden
Gaiastraat,110,"","",2321LC,Leiden
Gaiastraat,112,"","",2321LC,Leiden
Gaiastraat,114,"","",2321LC,Leiden
Gaiastraat,116,"","",2321LC,Leiden
Gaiastraat,118,"","",2321LC,Leiden
Gaiastraat,12,"","",2321LC,Leiden
Gaiastraat,120,"","",2321LC,Leiden
Gaiastraat,122,"","",2321LC,Leiden
Gaiastraat,124,"","",2321LC,Leiden
Gaiastraat,126,"","",2321LC,Leiden
Gaiastraat,128,"","",2321LC,Leiden
Gaiastraat,130,"","",2321LC,Leiden
Gaiastraat,132,"","",2321LC,Leiden
Gaiastraat,134,"","",2321LC,Leiden
Gaiastraat,136,"","",2321LC,Leiden
Gaiastraat,138,"","",2321LC,Leiden
Gaiastraat,14,"","",2321LC,Leiden
Gaiastraat,140,"","",2321LC,Leiden
Gaiastraat,142,"","",2321LC,Leiden
Gaiastraat,144,"","",2321LC,Leiden
Gaiastraat,146,"","",2321LC,Leiden
Gaiastraat,148,"","",2321LC,Leiden
Gaiastraat,150,"","",2321LC,Leiden
Gaiastraat,152,"","",2321LC,Leiden
Gaiastraat,154,"","",2321LC,Leiden
Gaiastraat,156,"","",2321LC,Leiden
Gaiastraat,158,"","",2321LC,Leiden
Gaiastraat,16,"","",2321LC,Leiden
Gaiastraat,160,"","",2321LC,Leiden
Gaiastraat,162,"","",2321LC,Leiden
Gaiastraat,18,"","",2321LC,Leiden
Gaiastraat,20,"","",2321LC,Leiden
Gaiastraat,22,"","",2321LC,Leiden
Gaiastraat,24,"","",2321LC,Leiden
Gaiastraat,26,"","",2321LC,Leiden
Gaiastraat,28,"","",2321LC,Leiden
Gaiastraat,30,"","",2321LC,Leiden
Gaiastraat,32,"","",2321LC,Leiden
Gaiastraat,34,"","",2321LC,Leiden
Gaiastraat,36,"","",2321LC,Leiden
Gaiastraat,38,"","",2321LC,Leiden
Gaiastraat,4,"","",2321LC,Leiden
Gaiastraat,40,"","",2321LC,Leiden
Gaiastraat,42,"","",2321LC,Leiden
Gaiastraat,44,"","",2321LC,Leiden
Gaiastraat,46,"","",2321LC,Leiden
Gaiastraat,48,"","",2321LC,Leiden
Gaiastraat,50,"","",2321LC,Leiden
Gaiastraat,52,"","",2321LC,Leiden
Gaiastraat,54,"","",2321LC,Leiden
Gaiastraat,56,"","",2321LC,Leiden
Gaiastraat,58,"","",2321LC,Leiden
Gaiastraat,6,"","",2321LC,Leiden
Gaiastraat,60,"","",2321LC,Leiden
Gaiastraat,62,"","",2321LC,Leiden
Gaiastraat,64,"","",2321LC,Leiden
Gaiastraat,66,"","",2321LC,Leiden
Gaiastraat,68,"","",2321LC,Leiden
Gaiastraat,70,"","",2321LC,Leiden
Gaiastraat,72,"","",2321LC,Leiden
Gaiastraat,74,"","",2321LC,Leiden
Gaiastraat,76,"","",2321LC,Leiden
Gaiastraat,78,"","",2321LC,Leiden
Gaiastraat,8,"","",2321LC,Leiden
Gaiastraat,80,"","",2321LC,Leiden
Gaiastraat,82,"","",2321LC,Leiden
Gaiastraat,84,"","",2321LC,Leiden
Gaiastraat,88,"","",2321LC,Leiden
Gaiastraat,90,"","",2321LC,Leiden
Gaiastraat,92,"","",2321LC,Leiden
Gaiastraat,94,"","",2321LC,Leiden
Gaiastraat,96,"","",2321LC,Leiden
Gaiastraat,98,"","",2321LC,Leiden
Olympuspad,10,"","",2321LD,Leiden
Olympuspad,100,"","",2321LD,Leiden
Olympuspad,100,"","",2321LD,Leiden
Olympuspad,100,A,"",2321LD,Leiden
Olympuspad,106,"","",2321LD,Leiden
Olympuspad,106,"","",2321LD,Leiden
Olympuspad,108,"","",2321LD,Leiden
Olympuspad,108,"","",2321LD,Leiden
Olympuspad,110,"","",2321LD,Leiden
Olympuspad,110,"","",2321LD,Leiden
Olympuspad,112,"","",2321LD,Leiden
Olympuspad,112,"","",2321LD,Leiden
Olympuspad,114,"","",2321LD,Leiden
Olympuspad,114,"","",2321LD,Leiden
Olympuspad,116,"","",2321LD,Leiden
Olympuspad,116,"","",2321LD,Leiden
Olympuspad,118,"","",2321LD,Leiden
Olympuspad,118,"","",2321LD,Leiden
Olympuspad,12,"","",2321LD,Leiden
Olympuspad,120,"","",2321LD,Leiden
Olympuspad,120,"","",2321LD,Leiden
Olympuspad,122,"","",2321LD,Leiden
Olympuspad,122,"","",2321LD,Leiden
Olympuspad,124,"","",2321LD,Leiden
Olympuspad,124,"","",2321LD,Leiden
Olympuspad,126,"","",2321LD,Leiden
Olympuspad,126,"","",2321LD,Leiden
Olympuspad,128,"","",2321LD,Leiden
Olympuspad,128,"","",2321LD,Leiden
Olympuspad,130,"","",2321LD,Leiden
Olympuspad,130,"","",2321LD,Leiden
Olympuspad,132,"","",2321LD,Leiden
Olympuspad,132,"","",2321LD,Leiden
Olympuspad,134,"","",2321LD,Leiden
Olympuspad,134,"","",2321LD,Leiden
Olympuspad,136,"","",2321LD,Leiden
Olympuspad,136,"","",2321LD,Leiden
Olympuspad,138,"","",2321LD,Leiden
Olympuspad,138,"","",2321LD,Leiden
Olympuspad,14,"","",2321LD,Leiden
Olympuspad,140,"","",2321LD,Leiden
Olympuspad,140,"","",2321LD,Leiden
Olympuspad,142,"","",2321LD,Leiden
Olympuspad,142,"","",2321LD,Leiden
Olympuspad,144,"","",2321LD,Leiden
Olympuspad,144,"","",2321LD,Leiden
Olympuspad,146,"","",2321LD,Leiden
Olympuspad,146,"","",2321LD,Leiden
Olympuspad,148,"","",2321LD,Leiden
Olympuspad,148,"","",2321LD,Leiden
Olympuspad,150,"","",2321LD,Leiden
Olympuspad,150,"","",2321LD,Leiden
Olympuspad,152,"","",2321LD,Leiden
Olympuspad,152,"","",2321LD,Leiden
Olympuspad,154,"","",2321LD,Leiden
Olympuspad,154,"","",2321LD,Leiden
Olympuspad,156,"","",2321LD,Leiden
Olympuspad,156,"","",2321LD,Leiden
Olympuspad,158,"","",2321LD,Leiden
Olympuspad,158,"","",2321LD,Leiden
Olympuspad,16,"","",2321LD,Leiden
Olympuspad,160,"","",2321LD,Leiden
Olympuspad,160,"","",2321LD,Leiden
Olympuspad,162,"","",2321LD,Leiden
Olympuspad,162,"","",2321LD,Leiden
Olympuspad,164,"","",2321LD,Leiden
Olympuspad,164,"","",2321LD,Leiden
Olympuspad,166,"","",2321LD,Leiden
Olympuspad,166,"","",2321LD,Leiden
Olympuspad,168,"","",2321LD,Leiden
Olympuspad,168,"","",2321LD,Leiden
Olympuspad,170,"","",2321LD,Leiden
Olympuspad,170,"","",2321LD,Leiden
Olympuspad,172,"","",2321LD,Leiden
Olympuspad,172,"","",2321LD,Leiden
Olympuspad,174,"","",2321LD,Leiden
Olympuspad,174,"","",2321LD,Leiden
Olympuspad,176,"","",2321LD,Leiden
Olympuspad,176,"","",2321LD,Leiden
Olympuspad,178,"","",2321LD,Leiden
Olympuspad,178,"","",2321LD,Leiden
Olympuspad,18,"","",2321LD,Leiden
Olympuspad,180,"","",2321LD,Leiden
Olympuspad,180,"","",2321LD,Leiden
Olympuspad,182,"","",2321LD,Leiden
Olympuspad,182,"","",2321LD,Leiden
Olympuspad,184,"","",2321LD,Leiden
Olympuspad,184,"","",2321LD,Leiden
Olympuspad,186,"","",2321LD,Leiden
Olympuspad,186,"","",2321LD,Leiden
Olympuspad,188,"","",2321LD,Leiden
Olympuspad,188,"","",2321LD,Leiden
Olympuspad,190,"","",2321LD,Leiden
Olympuspad,190,"","",2321LD,Leiden
Olympuspad,192,"","",2321LD,Leiden
Olympuspad,192,"","",2321LD,Leiden
Olympuspad,194,"","",2321LD,Leiden
Olympuspad,194,"","",2321LD,Leiden
Olympuspad,196,"","",2321LD,Leiden
Olympuspad,196,"","",2321LD,Leiden
Olympuspad,198,"","",2321LD,Leiden
Olympuspad,198,"","",2321LD,Leiden
Olympuspad,2,"","",2321LD,Leiden
Olympuspad,20,"","",2321LD,Leiden
Olympuspad,200,"","",2321LD,Leiden
Olympuspad,200,"","",2321LD,Leiden
Olympuspad,202,"","",2321LD,Leiden
Olympuspad,202,"","",2321LD,Leiden
Olympuspad,204,"","",2321LD,Leiden
Olympuspad,204,"","",2321LD,Leiden
Olympuspad,206,"","",2321LD,Leiden
Olympuspad,206,"","",2321LD,Leiden
Olympuspad,208,"","",2321LD,Leiden
Olympuspad,208,"","",2321LD,Leiden
Olympuspad,210,"","",2321LD,Leiden
Olympuspad,210,"","",2321LD,Leiden
Olympuspad,212,"","",2321LD,Leiden
Olympuspad,212,"","",2321LD,Leiden
Olympuspad,214,"","",2321LD,Leiden
Olympuspad,214,"","",2321LD,Leiden
Olympuspad,216,"","",2321LD,Leiden
Olympuspad,216,"","",2321LD,Leiden
Olympuspad,218,"","",2321LD,Leiden
Olympuspad,218,"","",2321LD,Leiden
Olympuspad,22,"","",2321LD,Leiden
Olympuspad,220,"","",2321LD,Leiden
Olympuspad,220,"","",2321LD,Leiden
Olympuspad,222,"","",2321LD,Leiden
Olympuspad,222,"","",2321LD,Leiden
Olympuspad,224,"","",2321LD,Leiden
Olympuspad,224,"","",2321LD,Leiden
Olympuspad,226,"","",2321LD,Leiden
Olympuspad,226,"","",2321LD,Leiden
Olympuspad,228,"","",2321LD,Leiden
Olympuspad,228,"","",2321LD,Leiden
Olympuspad,230,"","",2321LD,Leiden
Olympuspad,230,"","",2321LD,Leiden
Olympuspad,232,"","",2321LD,Leiden
Olympuspad,232,"","",2321LD,Leiden
Olympuspad,234,"","",2321LD,Leiden
Olympuspad,234,"","",2321LD,Leiden
Olympuspad,236,"","",2321LD,Leiden
Olympuspad,236,"","",2321LD,Leiden
Olympuspad,238,"","",2321LD,Leiden
Olympuspad,238,"","",2321LD,Leiden
Olympuspad,24,"","",2321LD,Leiden
Olympuspad,240,"","",2321LD,Leiden
Olympuspad,240,"","",2321LD,Leiden
Olympuspad,242,"","",2321LD,Leiden
Olympuspad,242,"","",2321LD,Leiden
Olympuspad,244,"","",2321LD,Leiden
Olympuspad,244,"","",2321LD,Leiden
Olympuspad,246,"","",2321LD,Leiden
Olympuspad,246,"","",2321LD,Leiden
Olympuspad,248,"","",2321LD,Leiden
Olympuspad,248,"","",2321LD,Leiden
Olympuspad,250,"","",2321LD,Leiden
Olympuspad,250,"","",2321LD,Leiden
Olympuspad,252,"","",2321LD,Leiden
Olympuspad,252,"","",2321LD,Leiden
Olympuspad,254,"","",2321LD,Leiden
Olympuspad,254,"","",2321LD,Leiden
Olympuspad,256,"","",2321LD,Leiden
Olympuspad,256,"","",2321LD,Leiden
Olympuspad,258,"","",2321LD,Leiden
Olympuspad,258,"","",2321LD,Leiden
Olympuspad,26,"","",2321LD,Leiden
Olympuspad,260,"","",2321LD,Leiden
Olympuspad,260,"","",2321LD,Leiden
Olympuspad,262,"","",2321LD,Leiden
Olympuspad,262,"","",2321LD,Leiden
Olympuspad,264,"","",2321LD,Leiden
Olympuspad,264,"","",2321LD,Leiden
Olympuspad,266,"","",2321LD,Leiden
Olympuspad,266,"","",2321LD,Leiden
Olympuspad,268,"","",2321LD,Leiden
Olympuspad,268,"","",2321LD,Leiden
Olympuspad,270,"","",2321LD,Leiden
Olympuspad,270,"","",2321LD,Leiden
Olympuspad,272,"","",2321LD,Leiden
Olympuspad,272,"","",2321LD,Leiden
Olympuspad,274,"","",2321LD,Leiden
Olympuspad,274,"","",2321LD,Leiden
Olympuspad,276,"","",2321LD,Leiden
Olympuspad,276,"","",2321LD,Leiden
Olympuspad,278,"","",2321LD,Leiden
Olympuspad,278,"","",2321LD,Leiden
Olympuspad,28,"","",2321LD,Leiden
Olympuspad,280,"","",2321LD,Leiden
Olympuspad,280,"","",2321LD,Leiden
Olympuspad,282,"","",2321LD,Leiden
Olympuspad,282,"","",2321LD,Leiden
Olympuspad,284,"","",2321LD,Leiden
Olympuspad,284,"","",2321LD,Leiden
Olympuspad,286,"","",2321LD,Leiden
Olympuspad,286,"","",2321LD,Leiden
Olympuspad,288,"","",2321LD,Leiden
Olympuspad,288,"","",2321LD,Leiden
Olympuspad,290,"","",2321LD,Leiden
Olympuspad,290,"","",2321LD,Leiden
Olympuspad,292,"","",2321LD,Leiden
Olympuspad,292,"","",2321LD,Leiden
Olympuspad,294,"","",2321LD,Leiden
Olympuspad,294,"","",2321LD,Leiden
Olympuspad,296,"","",2321LD,Leiden
Olympuspad,296,"","",2321LD,Leiden
Olympuspad,298,"","",2321LD,Leiden
Olympuspad,298,"","",2321LD,Leiden
Olympuspad,30,"","",2321LD,Leiden
Olympuspad,300,"","",2321LD,Leiden
Olympuspad,300,"","",2321LD,Leiden
Olympuspad,302,"","",2321LD,Leiden
Olympuspad,302,"","",2321LD,Leiden
Olympuspad,304,"","",2321LD,Leiden
Olympuspad,304,"","",2321LD,Leiden
Olympuspad,306,"","",2321LD,Leiden
Olympuspad,306,"","",2321LD,Leiden
Olympuspad,308,"","",2321LD,Leiden
Olympuspad,308,"","",2321LD,Leiden
Olympuspad,310,"","",2321LD,Leiden
Olympuspad,310,"","",2321LD,Leiden
Olympuspad,312,"","",2321LD,Leiden
Olympuspad,312,"","",2321LD,Leiden
Olympuspad,314,"","",2321LD,Leiden
Olympuspad,314,"","",2321LD,Leiden
Olympuspad,316,"","",2321LD,Leiden
Olympuspad,316,"","",2321LD,Leiden
Olympuspad,318,"","",2321LD,Leiden
Olympuspad,318,"","",2321LD,Leiden
Olympuspad,32,"","",2321LD,Leiden
Olympuspad,320,"","",2321LD,Leiden
Olympuspad,320,"","",2321LD,Leiden
Olympuspad,322,"","",2321LD,Leiden
Olympuspad,322,"","",2321LD,Leiden
Olympuspad,324,"","",2321LD,Leiden
Olympuspad,324,"","",2321LD,Leiden
Olympuspad,326,"","",2321LD,Leiden
Olympuspad,326,"","",2321LD,Leiden
Olympuspad,328,"","",2321LD,Leiden
Olympuspad,328,"","",2321LD,Leiden
Olympuspad,330,"","",2321LD,Leiden
Olympuspad,330,"","",2321LD,Leiden
Olympuspad,332,"","",2321LD,Leiden
Olympuspad,332,"","",2321LD,Leiden
Olympuspad,334,"","",2321LD,Leiden
Olympuspad,334,"","",2321LD,Leiden
Olympuspad,336,"","",2321LD,Leiden
Olympuspad,336,"","",2321LD,Leiden
Olympuspad,338,"","",2321LD,Leiden
Olympuspad,338,"","",2321LD,Leiden
Olympuspad,34,"","",2321LD,Leiden
Olympuspad,340,"","",2321LD,Leiden
Olympuspad,340,"","",2321LD,Leiden
Olympuspad,342,"","",2321LD,Leiden
Olympuspad,342,"","",2321LD,Leiden
Olympuspad,344,"","",2321LD,Leiden
Olympuspad,344,"","",2321LD,Leiden
Olympuspad,346,"","",2321LD,Leiden
Olympuspad,346,"","",2321LD,Leiden
Olympuspad,348,"","",2321LD,Leiden
Olympuspad,348,"","",2321LD,Leiden
Olympuspad,350,"","",2321LD,Leiden
Olympuspad,350,"","",2321LD,Leiden
Olympuspad,352,"","",2321LD,Leiden
Olympuspad,352,"","",2321LD,Leiden
Olympuspad,354,"","",2321LD,Leiden
Olympuspad,354,"","",2321LD,Leiden
Olympuspad,356,"","",2321LD,Leiden
Olympuspad,356,"","",2321LD,Leiden
Olympuspad,358,"","",2321LD,Leiden
Olympuspad,358,"","",2321LD,Leiden
Olympuspad,36,"","",2321LD,Leiden
Olympuspad,360,"","",2321LD,Leiden
Olympuspad,360,"","",2321LD,Leiden
Olympuspad,362,"","",2321LD,Leiden
Olympuspad,362,"","",2321LD,Leiden
Olympuspad,364,"","",2321LD,Leiden
Olympuspad,364,"","",2321LD,Leiden
Olympuspad,366,"","",2321LD,Leiden
Olympuspad,366,"","",2321LD,Leiden
Olympuspad,368,"","",2321LD,Leiden
Olympuspad,368,"","",2321LD,Leiden
Olympuspad,370,"","",2321LD,Leiden
Olympuspad,370,"","",2321LD,Leiden
Olympuspad,372,"","",2321LD,Leiden
Olympuspad,372,"","",2321LD,Leiden
Olympuspad,374,"","",2321LD,Leiden
Olympuspad,374,"","",2321LD,Leiden
Olympuspad,376,"","",2321LD,Leiden
Olympuspad,376,"","",2321LD,Leiden
Olympuspad,378,"","",2321LD,Leiden
Olympuspad,378,"","",2321LD,Leiden
Olympuspad,38,"","",2321LD,Leiden
Olympuspad,380,"","",2321LD,Leiden
Olympuspad,380,"","",2321LD,Leiden
Olympuspad,382,"","",2321LD,Leiden
Olympuspad,382,"","",2321LD,Leiden
Olympuspad,384,"","",2321LD,Leiden
Olympuspad,384,"","",2321LD,Leiden
Olympuspad,386,"","",2321LD,Leiden
Olympuspad,386,"","",2321LD,Leiden
Olympuspad,388,"","",2321LD,Leiden
Olympuspad,388,"","",2321LD,Leiden
Olympuspad,390,"","",2321LD,Leiden
Olympuspad,390,"","",2321LD,Leiden
Olympuspad,392,"","",2321LD,Leiden
Olympuspad,392,"","",2321LD,Leiden
Olympuspad,394,"","",2321LD,Leiden
Olympuspad,394,"","",2321LD,Leiden
Olympuspad,396,"","",2321LD,Leiden
Olympuspad,396,"","",2321LD,Leiden
Olympuspad,398,"","",2321LD,Leiden
Olympuspad,398,"","",2321LD,Leiden
Olympuspad,4,"","",2321LD,Leiden
Olympuspad,40,"","",2321LD,Leiden
Olympuspad,400,"","",2321LD,Leiden
Olympuspad,400,"","",2321LD,Leiden
Olympuspad,402,"","",2321LD,Leiden
Olympuspad,402,"","",2321LD,Leiden
Olympuspad,404,"","",2321LD,Leiden
Olympuspad,404,"","",2321LD,Leiden
Olympuspad,406,"","",2321LD,Leiden
Olympuspad,406,"","",2321LD,Leiden
Olympuspad,408,"","",2321LD,Leiden
Olympuspad,408,"","",2321LD,Leiden
Olympuspad,410,"","",2321LD,Leiden
Olympuspad,410,"","",2321LD,Leiden
Olympuspad,412,"","",2321LD,Leiden
Olympuspad,412,"","",2321LD,Leiden
Olympuspad,414,"","",2321LD,Leiden
Olympuspad,414,"","",2321LD,Leiden
Olympuspad,416,"","",2321LD,Leiden
Olympuspad,416,"","",2321LD,Leiden
Olympuspad,418,"","",2321LD,Leiden
Olympuspad,418,"","",2321LD,Leiden
Olympuspad,42,"","",2321LD,Leiden
Olympuspad,420,"","",2321LD,Leiden
Olympuspad,420,"","",2321LD,Leiden
Olympuspad,422,"","",2321LD,Leiden
Olympuspad,422,"","",2321LD,Leiden
Olympuspad,424,"","",2321LD,Leiden
Olympuspad,424,"","",2321LD,Leiden
Olympuspad,426,"","",2321LD,Leiden
Olympuspad,426,"","",2321LD,Leiden
Olympuspad,428,"","",2321LD,Leiden
Olympuspad,428,"","",2321LD,Leiden
Olympuspad,430,"","",2321LD,Leiden
Olympuspad,430,"","",2321LD,Leiden
Olympuspad,432,"","",2321LD,Leiden
Olympuspad,432,"","",2321LD,Leiden
Olympuspad,434,"","",2321LD,Leiden
Olympuspad,434,"","",2321LD,Leiden
Olympuspad,436,"","",2321LD,Leiden
Olympuspad,436,"","",2321LD,Leiden
Olympuspad,438,"","",2321LD,Leiden
Olympuspad,438,"","",2321LD,Leiden
Olympuspad,44,"","",2321LD,Leiden
Olympuspad,440,"","",2321LD,Leiden
Olympuspad,440,"","",2321LD,Leiden
Olympuspad,442,"","",2321LD,Leiden
Olympuspad,442,"","",2321LD,Leiden
Olympuspad,444,"","",2321LD,Leiden
Olympuspad,444,"","",2321LD,Leiden
Olympuspad,446,"","",2321LD,Leiden
Olympuspad,446,"","",2321LD,Leiden
Olympuspad,448,"","",2321LD,Leiden
Olympuspad,448,"","",2321LD,Leiden
Olympuspad,450,"","",2321LD,Leiden
Olympuspad,450,"","",2321LD,Leiden
Olympuspad,452,"","",2321LD,Leiden
Olympuspad,452,"","",2321LD,Leiden
Olympuspad,454,"","",2321LD,Leiden
Olympuspad,454,"","",2321LD,Leiden
Olympuspad,456,"","",2321LD,Leiden
Olympuspad,456,"","",2321LD,Leiden
Olympuspad,458,"","",2321LD,Leiden
Olympuspad,458,"","",2321LD,Leiden
Olympuspad,46,"","",2321LD,Leiden
Olympuspad,460,"","",2321LD,Leiden
Olympuspad,460,"","",2321LD,Leiden
Olympuspad,462,"","",2321LD,Leiden
Olympuspad,462,"","",2321LD,Leiden
Olympuspad,464,"","",2321LD,Leiden
Olympuspad,464,"","",2321LD,Leiden
Olympuspad,466,"","",2321LD,Leiden
Olympuspad,466,"","",2321LD,Leiden
Olympuspad,468,"","",2321LD,Leiden
Olympuspad,468,"","",2321LD,Leiden
Olympuspad,470,"","",2321LD,Leiden
Olympuspad,470,"","",2321LD,Leiden
Olympuspad,472,"","",2321LD,Leiden
Olympuspad,472,"","",2321LD,Leiden
Olympuspad,474,"","",2321LD,Leiden
Olympuspad,474,"","",2321LD,Leiden
Olympuspad,476,"","",2321LD,Leiden
Olympuspad,476,"","",2321LD,Leiden
Olympuspad,478,"","",2321LD,Leiden
Olympuspad,478,"","",2321LD,Leiden
Olympuspad,48,"","",2321LD,Leiden
Olympuspad,480,"","",2321LD,Leiden
Olympuspad,480,"","",2321LD,Leiden
Olympuspad,482,"","",2321LD,Leiden
Olympuspad,482,"","",2321LD,Leiden
Olympuspad,484,"","",2321LD,Leiden
Olympuspad,484,"","",2321LD,Leiden
Olympuspad,486,"","",2321LD,Leiden
Olympuspad,486,"","",2321LD,Leiden
Olympuspad,488,"","",2321LD,Leiden
Olympuspad,488,"","",2321LD,Leiden
Olympuspad,490,"","",2321LD,Leiden
Olympuspad,490,"","",2321LD,Leiden
Olympuspad,492,"","",2321LD,Leiden
Olympuspad,492,"","",2321LD,Leiden
Olympuspad,494,"","",2321LD,Leiden
Olympuspad,494,"","",2321LD,Leiden
Olympuspad,496,"","",2321LD,Leiden
Olympuspad,496,"","",2321LD,Leiden
Olympuspad,498,"","",2321LD,Leiden
Olympuspad,498,"","",2321LD,Leiden
Olympuspad,50,"","",2321LD,Leiden
Olympuspad,500,"","",2321LD,Leiden
Olympuspad,500,"","",2321LD,Leiden
Olympuspad,502,"","",2321LD,Leiden
Olympuspad,502,"","",2321LD,Leiden
Olympuspad,504,"","",2321LD,Leiden
Olympuspad,504,"","",2321LD,Leiden
Olympuspad,506,"","",2321LD,Leiden
Olympuspad,506,"","",2321LD,Leiden
Olympuspad,508,"","",2321LD,Leiden
Olympuspad,508,"","",2321LD,Leiden
Olympuspad,510,"","",2321LD,Leiden
Olympuspad,510,"","",2321LD,Leiden
Olympuspad,512,"","",2321LD,Leiden
Olympuspad,512,"","",2321LD,Leiden
Olympuspad,514,"","",2321LD,Leiden
Olympuspad,514,"","",2321LD,Leiden
Olympuspad,516,"","",2321LD,Leiden
Olympuspad,516,"","",2321LD,Leiden
Olympuspad,518,"","",2321LD,Leiden
Olympuspad,518,"","",2321LD,Leiden
Olympuspad,52,"","",2321LD,Leiden
Olympuspad,520,"","",2321LD,Leiden
Olympuspad,520,"","",2321LD,Leiden
Olympuspad,522,"","",2321LD,Leiden
Olympuspad,522,"","",2321LD,Leiden
Olympuspad,524,"","",2321LD,Leiden
Olympuspad,524,"","",2321LD,Leiden
Olympuspad,526,"","",2321LD,Leiden
Olympuspad,526,"","",2321LD,Leiden
Olympuspad,528,"","",2321LD,Leiden
Olympuspad,528,"","",2321LD,Leiden
Olympuspad,530,"","",2321LD,Leiden
Olympuspad,530,"","",2321LD,Leiden
Olympuspad,532,"","",2321LD,Leiden
Olympuspad,532,"","",2321LD,Leiden
Olympuspad,534,"","",2321LD,Leiden
Olympuspad,534,"","",2321LD,Leiden
Olympuspad,536,"","",2321LD,Leiden
Olympuspad,536,"","",2321LD,Leiden
Olympuspad,538,"","",2321LD,Leiden
Olympuspad,54,"","",2321LD,Leiden
Olympuspad,540,"","",2321LD,Leiden
Olympuspad,542,"","",2321LD,Leiden
Olympuspad,544,"","",2321LD,Leiden
Olympuspad,546,"","",2321LD,Leiden
Olympuspad,548,"","",2321LD,Leiden
Olympuspad,550,"","",2321LD,Leiden
Olympuspad,552,"","",2321LD,Leiden
Olympuspad,554,"","",2321LD,Leiden
Olympuspad,556,"","",2321LD,Leiden
Olympuspad,558,"","",2321LD,Leiden
Olympuspad,56,"","",2321LD,Leiden
Olympuspad,560,"","",2321LD,Leiden
Olympuspad,562,"","",2321LD,Leiden
Olympuspad,564,"","",2321LD,Leiden
Olympuspad,566,"","",2321LD,Leiden
Olympuspad,568,"","",2321LD,Leiden
Olympuspad,570,"","",2321LD,Leiden
Olympuspad,572,"","",2321LD,Leiden
Olympuspad,574,"","",2321LD,Leiden
Olympuspad,576,"","",2321LD,Leiden
Olympuspad,578,"","",2321LD,Leiden
Olympuspad,58,"","",2321LD,Leiden
Olympuspad,580,"","",2321LD,Leiden
Olympuspad,582,"","",2321LD,Leiden
Olympuspad,584,"","",2321LD,Leiden
Olympuspad,586,"","",2321LD,Leiden
Olympuspad,588,"","",2321LD,Leiden
Olympuspad,590,"","",2321LD,Leiden
Olympuspad,592,"","",2321LD,Leiden
Olympuspad,594,"","",2321LD,Leiden
Olympuspad,596,"","",2321LD,Leiden
Olympuspad,598,"","",2321LD,Leiden
Olympuspad,60,"","",2321LD,Leiden
Olympuspad,62,"","",2321LD,Leiden
Olympuspad,64,"","",2321LD,Leiden
Olympuspad,66,"","",2321LD,Leiden
Olympuspad,68,"","",2321LD,Leiden
Olympuspad,70,"","",2321LD,Leiden
Olympuspad,72,"","",2321LD,Leiden
Olympuspad,74,"","",2321LD,Leiden
Olympuspad,76,"","",2321LD,Leiden
Olympuspad,78,"","",2321LD,Leiden
Olympuspad,8,"","",2321LD,Leiden
Olympuspad,80,"","",2321LD,Leiden
Olympuspad,82,"","",2321LD,Leiden
Olympuspad,84,"","",2321LD,Leiden
Olympuspad,86,"","",2321LD,Leiden
Olympuspad,88,"","",2321LD,Leiden
Olympuspad,90,"","",2321LD,Leiden
Olympuspad,94,"","",2321LD,Leiden
Olympuspad,96,"","",2321LD,Leiden
Olympuspad,98,"","",2321LD,Leiden
Omegaweg,1,"","",2321LE,Leiden
Omegaweg,3,"","",2321LE,Leiden
Omegaweg,5,"","",2321LE,Leiden
Omegaweg,7,"","",2321LE,Leiden
Omegaweg,9,"","",2321LE,Leiden
Cadmuspad,10,"","",2321LG,Leiden
Cadmuspad,10,"","",2321LG,Leiden
Cadmuspad,100,"","",2321LG,Leiden
Cadmuspad,100,"","",2321LG,Leiden
Cadmuspad,102,"","",2321LG,Leiden
Cadmuspad,102,"","",2321LG,Leiden
Cadmuspad,104,"","",2321LG,Leiden
Cadmuspad,104,"","",2321LG,Leiden
Cadmuspad,106,"","",2321LG,Leiden
Cadmuspad,106,"","",2321LG,Leiden
Cadmuspad,108,"","",2321LG,Leiden
Cadmuspad,108,"","",2321LG,Leiden
Cadmuspad,110,"","",2321LG,Leiden
Cadmuspad,110,"","",2321LG,Leiden
Cadmuspad,112,"","",2321LG,Leiden
Cadmuspad,112,"","",2321LG,Leiden
Cadmuspad,114,"","",2321LG,Leiden
Cadmuspad,114,"","",2321LG,Leiden
Cadmuspad,116,"","",2321LG,Leiden
Cadmuspad,116,"","",2321LG,Leiden
Cadmuspad,118,"","",2321LG,Leiden
Cadmuspad,118,"","",2321LG,Leiden
Cadmuspad,12,"","",2321LG,Leiden
Cadmuspad,12,"","",2321LG,Leiden
Cadmuspad,120,"","",2321LG,Leiden
Cadmuspad,120,"","",2321LG,Leiden
Cadmuspad,122,"","",2321LG,Leiden
Cadmuspad,122,"","",2321LG,Leiden
Cadmuspad,124,"","",2321LG,Leiden
Cadmuspad,124,"","",2321LG,Leiden
Cadmuspad,126,"","",2321LG,Leiden
Cadmuspad,126,"","",2321LG,Leiden
Cadmuspad,128,"","",2321LG,Leiden
Cadmuspad,128,"","",2321LG,Leiden
Cadmuspad,130,"","",2321LG,Leiden
Cadmuspad,130,"","",2321LG,Leiden
Cadmuspad,132,"","",2321LG,Leiden
Cadmuspad,132,"","",2321LG,Leiden
Cadmuspad,134,"","",2321LG,Leiden
Cadmuspad,134,"","",2321LG,Leiden
Cadmuspad,136,"","",2321LG,Leiden
Cadmuspad,136,"","",2321LG,Leiden
Cadmuspad,138,"","",2321LG,Leiden
Cadmuspad,138,"","",2321LG,Leiden
Cadmuspad,140,"","",2321LG,Leiden
Cadmuspad,140,"","",2321LG,Leiden
Cadmuspad,142,"","",2321LG,Leiden
Cadmuspad,142,"","",2321LG,Leiden
Cadmuspad,144,"","",2321LG,Leiden
Cadmuspad,144,"","",2321LG,Leiden
Cadmuspad,146,"","",2321LG,Leiden
Cadmuspad,146,"","",2321LG,Leiden
Cadmuspad,148,"","",2321LG,Leiden
Cadmuspad,148,"","",2321LG,Leiden
Cadmuspad,150,"","",2321LG,Leiden
Cadmuspad,150,"","",2321LG,Leiden
Cadmuspad,152,"","",2321LG,Leiden
Cadmuspad,152,"","",2321LG,Leiden
Cadmuspad,154,"","",2321LG,Leiden
Cadmuspad,154,"","",2321LG,Leiden
Cadmuspad,156,"","",2321LG,Leiden
Cadmuspad,156,"","",2321LG,Leiden
Cadmuspad,158,"","",2321LG,Leiden
Cadmuspad,158,"","",2321LG,Leiden
Cadmuspad,16,"","",2321LG,Leiden
Cadmuspad,16,"","",2321LG,Leiden
Cadmuspad,160,"","",2321LG,Leiden
Cadmuspad,160,"","",2321LG,Leiden
Cadmuspad,162,"","",2321LG,Leiden
Cadmuspad,162,"","",2321LG,Leiden
Cadmuspad,164,"","",2321LG,Leiden
Cadmuspad,164,"","",2321LG,Leiden
Cadmuspad,166,"","",2321LG,Leiden
Cadmuspad,166,"","",2321LG,Leiden
Cadmuspad,168,"","",2321LG,Leiden
Cadmuspad,168,"","",2321LG,Leiden
Cadmuspad,170,"","",2321LG,Leiden
Cadmuspad,170,"","",2321LG,Leiden
Cadmuspad,172,"","",2321LG,Leiden
Cadmuspad,172,"","",2321LG,Leiden
Cadmuspad,174,"","",2321LG,Leiden
Cadmuspad,174,"","",2321LG,Leiden
Cadmuspad,176,"","",2321LG,Leiden
Cadmuspad,176,"","",2321LG,Leiden
Cadmuspad,178,"","",2321LG,Leiden
Cadmuspad,178,"","",2321LG,Leiden
Cadmuspad,18,"","",2321LG,Leiden
Cadmuspad,18,"","",2321LG,Leiden
Cadmuspad,180,"","",2321LG,Leiden
Cadmuspad,180,"","",2321LG,Leiden
Cadmuspad,182,"","",2321LG,Leiden
Cadmuspad,182,"","",2321LG,Leiden
Cadmuspad,184,"","",2321LG,Leiden
Cadmuspad,184,"","",2321LG,Leiden
Cadmuspad,186,"","",2321LG,Leiden
Cadmuspad,186,"","",2321LG,Leiden
Cadmuspad,188,"","",2321LG,Leiden
Cadmuspad,188,"","",2321LG,Leiden
Cadmuspad,190,"","",2321LG,Leiden
Cadmuspad,190,"","",2321LG,Leiden
Cadmuspad,192,"","",2321LG,Leiden
Cadmuspad,192,"","",2321LG,Leiden
Cadmuspad,194,"","",2321LG,Leiden
Cadmuspad,194,"","",2321LG,Leiden
Cadmuspad,196,"","",2321LG,Leiden
Cadmuspad,196,"","",2321LG,Leiden
Cadmuspad,198,"","",2321LG,Leiden
Cadmuspad,198,"","",2321LG,Leiden
Cadmuspad,2,"","",2321LG,Leiden
Cadmuspad,2,"","",2321LG,Leiden
Cadmuspad,20,"","",2321LG,Leiden
Cadmuspad,20,"","",2321LG,Leiden
Cadmuspad,200,"","",2321LG,Leiden
Cadmuspad,200,"","",2321LG,Leiden
Cadmuspad,202,"","",2321LG,Leiden
Cadmuspad,202,"","",2321LG,Leiden
Cadmuspad,204,"","",2321LG,Leiden
Cadmuspad,204,"","",2321LG,Leiden
Cadmuspad,206,"","",2321LG,Leiden
Cadmuspad,206,"","",2321LG,Leiden
Cadmuspad,208,"","",2321LG,Leiden
Cadmuspad,208,"","",2321LG,Leiden
Cadmuspad,210,"","",2321LG,Leiden
Cadmuspad,210,"","",2321LG,Leiden
Cadmuspad,212,"","",2321LG,Leiden
Cadmuspad,212,"","",2321LG,Leiden
Cadmuspad,214,"","",2321LG,Leiden
Cadmuspad,214,"","",2321LG,Leiden
Cadmuspad,216,"","",2321LG,Leiden
Cadmuspad,216,"","",2321LG,Leiden
Cadmuspad,218,"","",2321LG,Leiden
Cadmuspad,218,"","",2321LG,Leiden
Cadmuspad,22,"","",2321LG,Leiden
Cadmuspad,22,"","",2321LG,Leiden
Cadmuspad,220,"","",2321LG,Leiden
Cadmuspad,220,"","",2321LG,Leiden
Cadmuspad,222,"","",2321LG,Leiden
Cadmuspad,222,"","",2321LG,Leiden
Cadmuspad,224,"","",2321LG,Leiden
Cadmuspad,224,"","",2321LG,Leiden
Cadmuspad,226,"","",2321LG,Leiden
Cadmuspad,226,"","",2321LG,Leiden
Cadmuspad,228,"","",2321LG,Leiden
Cadmuspad,228,"","",2321LG,Leiden
Cadmuspad,230,"","",2321LG,Leiden
Cadmuspad,230,"","",2321LG,Leiden
Cadmuspad,232,"","",2321LG,Leiden
Cadmuspad,232,"","",2321LG,Leiden
Cadmuspad,234,"","",2321LG,Leiden
Cadmuspad,234,"","",2321LG,Leiden
Cadmuspad,236,"","",2321LG,Leiden
Cadmuspad,236,"","",2321LG,Leiden
Cadmuspad,238,"","",2321LG,Leiden
Cadmuspad,238,"","",2321LG,Leiden
Cadmuspad,24,"","",2321LG,Leiden
Cadmuspad,24,"","",2321LG,Leiden
Cadmuspad,240,"","",2321LG,Leiden
Cadmuspad,240,"","",2321LG,Leiden
Cadmuspad,242,"","",2321LG,Leiden
Cadmuspad,242,"","",2321LG,Leiden
Cadmuspad,244,"","",2321LG,Leiden
Cadmuspad,244,"","",2321LG,Leiden
Cadmuspad,246,"","",2321LG,Leiden
Cadmuspad,246,"","",2321LG,Leiden
Cadmuspad,248,"","",2321LG,Leiden
Cadmuspad,248,"","",2321LG,Leiden
Cadmuspad,250,"","",2321LG,Leiden
Cadmuspad,250,"","",2321LG,Leiden
Cadmuspad,252,"","",2321LG,Leiden
Cadmuspad,252,"","",2321LG,Leiden
Cadmuspad,254,"","",2321LG,Leiden
Cadmuspad,254,"","",2321LG,Leiden
Cadmuspad,256,"","",2321LG,Leiden
Cadmuspad,256,"","",2321LG,Leiden
Cadmuspad,258,"","",2321LG,Leiden
Cadmuspad,258,"","",2321LG,Leiden
Cadmuspad,26,"","",2321LG,Leiden
Cadmuspad,26,"","",2321LG,Leiden
Cadmuspad,260,"","",2321LG,Leiden
Cadmuspad,260,"","",2321LG,Leiden
Cadmuspad,262,"","",2321LG,Leiden
Cadmuspad,262,"","",2321LG,Leiden
Cadmuspad,264,"","",2321LG,Leiden
Cadmuspad,264,"","",2321LG,Leiden
Cadmuspad,266,"","",2321LG,Leiden
Cadmuspad,266,"","",2321LG,Leiden
Cadmuspad,268,"","",2321LG,Leiden
Cadmuspad,268,"","",2321LG,Leiden
Cadmuspad,270,"","",2321LG,Leiden
Cadmuspad,270,"","",2321LG,Leiden
Cadmuspad,272,"","",2321LG,Leiden
Cadmuspad,272,"","",2321LG,Leiden
Cadmuspad,274,"","",2321LG,Leiden
Cadmuspad,274,"","",2321LG,Leiden
Cadmuspad,276,"","",2321LG,Leiden
Cadmuspad,276,"","",2321LG,Leiden
Cadmuspad,278,"","",2321LG,Leiden
Cadmuspad,278,"","",2321LG,Leiden
Cadmuspad,28,"","",2321LG,Leiden
Cadmuspad,28,"","",2321LG,Leiden
Cadmuspad,280,"","",2321LG,Leiden
Cadmuspad,280,"","",2321LG,Leiden
Cadmuspad,282,"","",2321LG,Leiden
Cadmuspad,282,"","",2321LG,Leiden
Cadmuspad,284,"","",2321LG,Leiden
Cadmuspad,284,"","",2321LG,Leiden
Cadmuspad,286,"","",2321LG,Leiden
Cadmuspad,286,"","",2321LG,Leiden
Cadmuspad,288,"","",2321LG,Leiden
Cadmuspad,288,"","",2321LG,Leiden
Cadmuspad,290,"","",2321LG,Leiden
Cadmuspad,290,"","",2321LG,Leiden
Cadmuspad,292,"","",2321LG,Leiden
Cadmuspad,292,"","",2321LG,Leiden
Cadmuspad,294,"","",2321LG,Leiden
Cadmuspad,294,"","",2321LG,Leiden
Cadmuspad,296,"","",2321LG,Leiden
Cadmuspad,296,"","",2321LG,Leiden
Cadmuspad,298,"","",2321LG,Leiden
Cadmuspad,298,"","",2321LG,Leiden
Cadmuspad,30,"","",2321LG,Leiden
Cadmuspad,30,"","",2321LG,Leiden
Cadmuspad,300,"","",2321LG,Leiden
Cadmuspad,300,"","",2321LG,Leiden
Cadmuspad,302,"","",2321LG,Leiden
Cadmuspad,302,"","",2321LG,Leiden
Cadmuspad,304,"","",2321LG,Leiden
Cadmuspad,304,"","",2321LG,Leiden
Cadmuspad,306,"","",2321LG,Leiden
Cadmuspad,306,"","",2321LG,Leiden
Cadmuspad,308,"","",2321LG,Leiden
Cadmuspad,308,"","",2321LG,Leiden
Cadmuspad,310,"","",2321LG,Leiden
Cadmuspad,310,"","",2321LG,Leiden
Cadmuspad,312,"","",2321LG,Leiden
Cadmuspad,312,"","",2321LG,Leiden
Cadmuspad,314,"","",2321LG,Leiden
Cadmuspad,314,"","",2321LG,Leiden
Cadmuspad,316,"","",2321LG,Leiden
Cadmuspad,316,"","",2321LG,Leiden
Cadmuspad,318,"","",2321LG,Leiden
Cadmuspad,318,"","",2321LG,Leiden
Cadmuspad,32,"","",2321LG,Leiden
Cadmuspad,32,"","",2321LG,Leiden
Cadmuspad,320,"","",2321LG,Leiden
Cadmuspad,320,"","",2321LG,Leiden
Cadmuspad,322,"","",2321LG,Leiden
Cadmuspad,322,"","",2321LG,Leiden
Cadmuspad,324,"","",2321LG,Leiden
Cadmuspad,324,"","",2321LG,Leiden
Cadmuspad,326,"","",2321LG,Leiden
Cadmuspad,326,"","",2321LG,Leiden
Cadmuspad,328,"","",2321LG,Leiden
Cadmuspad,328,"","",2321LG,Leiden
Cadmuspad,330,"","",2321LG,Leiden
Cadmuspad,330,"","",2321LG,Leiden
Cadmuspad,332,"","",2321LG,Leiden
Cadmuspad,332,"","",2321LG,Leiden
Cadmuspad,334,"","",2321LG,Leiden
Cadmuspad,334,"","",2321LG,Leiden
Cadmuspad,336,"","",2321LG,Leiden
Cadmuspad,336,"","",2321LG,Leiden
Cadmuspad,338,"","",2321LG,Leiden
Cadmuspad,338,"","",2321LG,Leiden
Cadmuspad,34,"","",2321LG,Leiden
Cadmuspad,34,"","",2321LG,Leiden
Cadmuspad,340,"","",2321LG,Leiden
Cadmuspad,340,"","",2321LG,Leiden
Cadmuspad,342,"","",2321LG,Leiden
Cadmuspad,342,"","",2321LG,Leiden
Cadmuspad,344,"","",2321LG,Leiden
Cadmuspad,344,"","",2321LG,Leiden
Cadmuspad,346,"","",2321LG,Leiden
Cadmuspad,346,"","",2321LG,Leiden
Cadmuspad,348,"","",2321LG,Leiden
Cadmuspad,348,"","",2321LG,Leiden
Cadmuspad,350,"","",2321LG,Leiden
Cadmuspad,350,"","",2321LG,Leiden
Cadmuspad,352,"","",2321LG,Leiden
Cadmuspad,352,"","",2321LG,Leiden
Cadmuspad,354,"","",2321LG,Leiden
Cadmuspad,354,"","",2321LG,Leiden
Cadmuspad,356,"","",2321LG,Leiden
Cadmuspad,356,"","",2321LG,Leiden
Cadmuspad,358,"","",2321LG,Leiden
Cadmuspad,358,"","",2321LG,Leiden
Cadmuspad,36,"","",2321LG,Leiden
Cadmuspad,36,"","",2321LG,Leiden
Cadmuspad,360,"","",2321LG,Leiden
Cadmuspad,360,"","",2321LG,Leiden
Cadmuspad,362,"","",2321LG,Leiden
Cadmuspad,362,"","",2321LG,Leiden
Cadmuspad,364,"","",2321LG,Leiden
Cadmuspad,364,"","",2321LG,Leiden
Cadmuspad,366,"","",2321LG,Leiden
Cadmuspad,366,"","",2321LG,Leiden
Cadmuspad,368,"","",2321LG,Leiden
Cadmuspad,368,"","",2321LG,Leiden
Cadmuspad,370,"","",2321LG,Leiden
Cadmuspad,370,"","",2321LG,Leiden
Cadmuspad,372,"","",2321LG,Leiden
Cadmuspad,372,"","",2321LG,Leiden
Cadmuspad,374,"","",2321LG,Leiden
Cadmuspad,374,"","",2321LG,Leiden
Cadmuspad,376,"","",2321LG,Leiden
Cadmuspad,376,"","",2321LG,Leiden
Cadmuspad,378,"","",2321LG,Leiden
Cadmuspad,378,"","",2321LG,Leiden
Cadmuspad,38,"","",2321LG,Leiden
Cadmuspad,38,"","",2321LG,Leiden
Cadmuspad,380,"","",2321LG,Leiden
Cadmuspad,380,"","",2321LG,Leiden
Cadmuspad,382,"","",2321LG,Leiden
Cadmuspad,382,"","",2321LG,Leiden
Cadmuspad,384,"","",2321LG,Leiden
Cadmuspad,384,"","",2321LG,Leiden
Cadmuspad,386,"","",2321LG,Leiden
Cadmuspad,386,"","",2321LG,Leiden
Cadmuspad,388,"","",2321LG,Leiden
Cadmuspad,388,"","",2321LG,Leiden
Cadmuspad,390,"","",2321LG,Leiden
Cadmuspad,390,"","",2321LG,Leiden
Cadmuspad,392,"","",2321LG,Leiden
Cadmuspad,392,"","",2321LG,Leiden
Cadmuspad,394,"","",2321LG,Leiden
Cadmuspad,394,"","",2321LG,Leiden
Cadmuspad,396,"","",2321LG,Leiden
Cadmuspad,396,"","",2321LG,Leiden
Cadmuspad,398,"","",2321LG,Leiden
Cadmuspad,398,"","",2321LG,Leiden
Cadmuspad,4,"","",2321LG,Leiden
Cadmuspad,4,"","",2321LG,Leiden
Cadmuspad,40,"","",2321LG,Leiden
Cadmuspad,40,"","",2321LG,Leiden
Cadmuspad,400,"","",2321LG,Leiden
Cadmuspad,400,"","",2321LG,Leiden
Cadmuspad,402,"","",2321LG,Leiden
Cadmuspad,402,"","",2321LG,Leiden
Cadmuspad,404,"","",2321LG,Leiden
Cadmuspad,404,"","",2321LG,Leiden
Cadmuspad,406,"","",2321LG,Leiden
Cadmuspad,406,"","",2321LG,Leiden
Cadmuspad,408,"","",2321LG,Leiden
Cadmuspad,408,"","",2321LG,Leiden
Cadmuspad,410,"","",2321LG,Leiden
Cadmuspad,410,"","",2321LG,Leiden
Cadmuspad,412,"","",2321LG,Leiden
Cadmuspad,412,"","",2321LG,Leiden
Cadmuspad,414,"","",2321LG,Leiden
Cadmuspad,414,"","",2321LG,Leiden
Cadmuspad,416,"","",2321LG,Leiden
Cadmuspad,416,"","",2321LG,Leiden
Cadmuspad,418,"","",2321LG,Leiden
Cadmuspad,418,"","",2321LG,Leiden
Cadmuspad,42,"","",2321LG,Leiden
Cadmuspad,42,"","",2321LG,Leiden
Cadmuspad,420,"","",2321LG,Leiden
Cadmuspad,420,"","",2321LG,Leiden
Cadmuspad,422,"","",2321LG,Leiden
Cadmuspad,422,"","",2321LG,Leiden
Cadmuspad,424,"","",2321LG,Leiden
Cadmuspad,424,"","",2321LG,Leiden
Cadmuspad,426,"","",2321LG,Leiden
Cadmuspad,426,"","",2321LG,Leiden
Cadmuspad,428,"","",2321LG,Leiden
Cadmuspad,428,"","",2321LG,Leiden
Cadmuspad,430,"","",2321LG,Leiden
Cadmuspad,430,"","",2321LG,Leiden
Cadmuspad,432,"","",2321LG,Leiden
Cadmuspad,432,"","",2321LG,Leiden
Cadmuspad,434,"","",2321LG,Leiden
Cadmuspad,434,"","",2321LG,Leiden
Cadmuspad,436,"","",2321LG,Leiden
Cadmuspad,436,"","",2321LG,Leiden
Cadmuspad,438,"","",2321LG,Leiden
Cadmuspad,438,"","",2321LG,Leiden
Cadmuspad,44,"","",2321LG,Leiden
Cadmuspad,44,"","",2321LG,Leiden
Cadmuspad,440,"","",2321LG,Leiden
Cadmuspad,440,"","",2321LG,Leiden
Cadmuspad,442,"","",2321LG,Leiden
Cadmuspad,442,"","",2321LG,Leiden
Cadmuspad,444,"","",2321LG,Leiden
Cadmuspad,444,"","",2321LG,Leiden
Cadmuspad,446,"","",2321LG,Leiden
Cadmuspad,446,"","",2321LG,Leiden
Cadmuspad,448,"","",2321LG,Leiden
Cadmuspad,448,"","",2321LG,Leiden
Cadmuspad,450,"","",2321LG,Leiden
Cadmuspad,450,"","",2321LG,Leiden
Cadmuspad,452,"","",2321LG,Leiden
Cadmuspad,452,"","",2321LG,Leiden
Cadmuspad,454,"","",2321LG,Leiden
Cadmuspad,454,"","",2321LG,Leiden
Cadmuspad,456,"","",2321LG,Leiden
Cadmuspad,456,"","",2321LG,Leiden
Cadmuspad,458,"","",2321LG,Leiden
Cadmuspad,458,"","",2321LG,Leiden
Cadmuspad,46,"","",2321LG,Leiden
Cadmuspad,46,"","",2321LG,Leiden
Cadmuspad,460,"","",2321LG,Leiden
Cadmuspad,460,"","",2321LG,Leiden
Cadmuspad,462,"","",2321LG,Leiden
Cadmuspad,462,"","",2321LG,Leiden
Cadmuspad,464,"","",2321LG,Leiden
Cadmuspad,464,"","",2321LG,Leiden
Cadmuspad,466,"","",2321LG,Leiden
Cadmuspad,466,"","",2321LG,Leiden
Cadmuspad,468,"","",2321LG,Leiden
Cadmuspad,468,"","",2321LG,Leiden
Cadmuspad,470,"","",2321LG,Leiden
Cadmuspad,470,"","",2321LG,Leiden
Cadmuspad,472,"","",2321LG,Leiden
Cadmuspad,472,"","",2321LG,Leiden
Cadmuspad,474,"","",2321LG,Leiden
Cadmuspad,474,"","",2321LG,Leiden
Cadmuspad,476,"","",2321LG,Leiden
Cadmuspad,476,"","",2321LG,Leiden
Cadmuspad,478,"","",2321LG,Leiden
Cadmuspad,478,"","",2321LG,Leiden
Cadmuspad,48,"","",2321LG,Leiden
Cadmuspad,48,"","",2321LG,Leiden
Cadmuspad,480,"","",2321LG,Leiden
Cadmuspad,480,"","",2321LG,Leiden
Cadmuspad,482,"","",2321LG,Leiden
Cadmuspad,482,"","",2321LG,Leiden
Cadmuspad,484,"","",2321LG,Leiden
Cadmuspad,484,"","",2321LG,Leiden
Cadmuspad,486,"","",2321LG,Leiden
Cadmuspad,486,"","",2321LG,Leiden
Cadmuspad,488,"","",2321LG,Leiden
Cadmuspad,488,"","",2321LG,Leiden
Cadmuspad,490,"","",2321LG,Leiden
Cadmuspad,490,"","",2321LG,Leiden
Cadmuspad,492,"","",2321LG,Leiden
Cadmuspad,492,"","",2321LG,Leiden
Cadmuspad,494,"","",2321LG,Leiden
Cadmuspad,494,"","",2321LG,Leiden
Cadmuspad,496,"","",2321LG,Leiden
Cadmuspad,496,"","",2321LG,Leiden
Cadmuspad,498,"","",2321LG,Leiden
Cadmuspad,498,"","",2321LG,Leiden
Cadmuspad,50,"","",2321LG,Leiden
Cadmuspad,50,"","",2321LG,Leiden
Cadmuspad,500,"","",2321LG,Leiden
Cadmuspad,500,"","",2321LG,Leiden
Cadmuspad,502,"","",2321LG,Leiden
Cadmuspad,502,"","",2321LG,Leiden
Cadmuspad,504,"","",2321LG,Leiden
Cadmuspad,504,"","",2321LG,Leiden
Cadmuspad,506,"","",2321LG,Leiden
Cadmuspad,506,"","",2321LG,Leiden
Cadmuspad,508,"","",2321LG,Leiden
Cadmuspad,508,"","",2321LG,Leiden
Cadmuspad,510,"","",2321LG,Leiden
Cadmuspad,510,"","",2321LG,Leiden
Cadmuspad,512,"","",2321LG,Leiden
Cadmuspad,512,"","",2321LG,Leiden
Cadmuspad,514,"","",2321LG,Leiden
Cadmuspad,514,"","",2321LG,Leiden
Cadmuspad,516,"","",2321LG,Leiden
Cadmuspad,516,"","",2321LG,Leiden
Cadmuspad,518,"","",2321LG,Leiden
Cadmuspad,518,"","",2321LG,Leiden
Cadmuspad,52,"","",2321LG,Leiden
Cadmuspad,52,"","",2321LG,Leiden
Cadmuspad,520,"","",2321LG,Leiden
Cadmuspad,520,"","",2321LG,Leiden
Cadmuspad,522,"","",2321LG,Leiden
Cadmuspad,522,"","",2321LG,Leiden
Cadmuspad,524,"","",2321LG,Leiden
Cadmuspad,524,"","",2321LG,Leiden
Cadmuspad,526,"","",2321LG,Leiden
Cadmuspad,526,"","",2321LG,Leiden
Cadmuspad,528,"","",2321LG,Leiden
Cadmuspad,528,"","",2321LG,Leiden
Cadmuspad,530,"","",2321LG,Leiden
Cadmuspad,530,"","",2321LG,Leiden
Cadmuspad,532,"","",2321LG,Leiden
Cadmuspad,532,"","",2321LG,Leiden
Cadmuspad,534,"","",2321LG,Leiden
Cadmuspad,534,"","",2321LG,Leiden
Cadmuspad,536,"","",2321LG,Leiden
Cadmuspad,536,"","",2321LG,Leiden
Cadmuspad,538,"","",2321LG,Leiden
Cadmuspad,538,"","",2321LG,Leiden
Cadmuspad,54,"","",2321LG,Leiden
Cadmuspad,54,"","",2321LG,Leiden
Cadmuspad,540,"","",2321LG,Leiden
Cadmuspad,540,"","",2321LG,Leiden
Cadmuspad,542,"","",2321LG,Leiden
Cadmuspad,542,"","",2321LG,Leiden
Cadmuspad,544,"","",2321LG,Leiden
Cadmuspad,544,"","",2321LG,Leiden
Cadmuspad,546,"","",2321LG,Leiden
Cadmuspad,546,"","",2321LG,Leiden
Cadmuspad,548,"","",2321LG,Leiden
Cadmuspad,548,"","",2321LG,Leiden
Cadmuspad,550,"","",2321LG,Leiden
Cadmuspad,550,"","",2321LG,Leiden
Cadmuspad,552,"","",2321LG,Leiden
Cadmuspad,552,"","",2321LG,Leiden
Cadmuspad,554,"","",2321LG,Leiden
Cadmuspad,554,"","",2321LG,Leiden
Cadmuspad,556,"","",2321LG,Leiden
Cadmuspad,556,"","",2321LG,Leiden
Cadmuspad,558,"","",2321LG,Leiden
Cadmuspad,558,"","",2321LG,Leiden
Cadmuspad,56,"","",2321LG,Leiden
Cadmuspad,56,"","",2321LG,Leiden
Cadmuspad,560,"","",2321LG,Leiden
Cadmuspad,560,"","",2321LG,Leiden
Cadmuspad,562,"","",2321LG,Leiden
Cadmuspad,562,"","",2321LG,Leiden
Cadmuspad,564,"","",2321LG,Leiden
Cadmuspad,564,"","",2321LG,Leiden
Cadmuspad,566,"","",2321LG,Leiden
Cadmuspad,566,"","",2321LG,Leiden
Cadmuspad,568,"","",2321LG,Leiden
Cadmuspad,568,"","",2321LG,Leiden
Cadmuspad,570,"","",2321LG,Leiden
Cadmuspad,570,"","",2321LG,Leiden
Cadmuspad,572,"","",2321LG,Leiden
Cadmuspad,572,"","",2321LG,Leiden
Cadmuspad,574,"","",2321LG,Leiden
Cadmuspad,574,"","",2321LG,Leiden
Cadmuspad,576,"","",2321LG,Leiden
Cadmuspad,576,"","",2321LG,Leiden
Cadmuspad,578,"","",2321LG,Leiden
Cadmuspad,578,"","",2321LG,Leiden
Cadmuspad,58,"","",2321LG,Leiden
Cadmuspad,58,"","",2321LG,Leiden
Cadmuspad,580,"","",2321LG,Leiden
Cadmuspad,580,"","",2321LG,Leiden
Cadmuspad,582,"","",2321LG,Leiden
Cadmuspad,582,"","",2321LG,Leiden
Cadmuspad,584,"","",2321LG,Leiden
Cadmuspad,584,"","",2321LG,Leiden
Cadmuspad,586,"","",2321LG,Leiden
Cadmuspad,586,"","",2321LG,Leiden
Cadmuspad,588,"","",2321LG,Leiden
Cadmuspad,588,"","",2321LG,Leiden
Cadmuspad,590,"","",2321LG,Leiden
Cadmuspad,590,"","",2321LG,Leiden
Cadmuspad,592,"","",2321LG,Leiden
Cadmuspad,592,"","",2321LG,Leiden
Cadmuspad,594,"","",2321LG,Leiden
Cadmuspad,594,"","",2321LG,Leiden
Cadmuspad,596,"","",2321LG,Leiden
Cadmuspad,596,"","",2321LG,Leiden
Cadmuspad,598,"","",2321LG,Leiden
Cadmuspad,598,"","",2321LG,Leiden
Cadmuspad,6,"","",2321LG,Leiden
Cadmuspad,6,"","",2321LG,Leiden
Cadmuspad,60,"","",2321LG,Leiden
Cadmuspad,60,"","",2321LG,Leiden
Cadmuspad,600,"","",2321LG,Leiden
Cadmuspad,600,"","",2321LG,Leiden
Cadmuspad,602,"","",2321LG,Leiden
Cadmuspad,602,"","",2321LG,Leiden
Cadmuspad,604,"","",2321LG,Leiden
Cadmuspad,604,"","",2321LG,Leiden
Cadmuspad,606,"","",2321LG,Leiden
Cadmuspad,606,"","",2321LG,Leiden
Cadmuspad,608,"","",2321LG,Leiden
Cadmuspad,608,"","",2321LG,Leiden
Cadmuspad,610,"","",2321LG,Leiden
Cadmuspad,610,"","",2321LG,Leiden
Cadmuspad,612,"","",2321LG,Leiden
Cadmuspad,612,"","",2321LG,Leiden
Cadmuspad,614,"","",2321LG,Leiden
Cadmuspad,614,"","",2321LG,Leiden
Cadmuspad,616,"","",2321LG,Leiden
Cadmuspad,616,"","",2321LG,Leiden
Cadmuspad,618,"","",2321LG,Leiden
Cadmuspad,618,"","",2321LG,Leiden
Cadmuspad,62,"","",2321LG,Leiden
Cadmuspad,62,"","",2321LG,Leiden
Cadmuspad,620,"","",2321LG,Leiden
Cadmuspad,620,"","",2321LG,Leiden
Cadmuspad,622,"","",2321LG,Leiden
Cadmuspad,622,"","",2321LG,Leiden
Cadmuspad,624,"","",2321LG,Leiden
Cadmuspad,624,"","",2321LG,Leiden
Cadmuspad,626,"","",2321LG,Leiden
Cadmuspad,626,"","",2321LG,Leiden
Cadmuspad,628,"","",2321LG,Leiden
Cadmuspad,628,"","",2321LG,Leiden
Cadmuspad,630,"","",2321LG,Leiden
Cadmuspad,630,"","",2321LG,Leiden
Cadmuspad,632,"","",2321LG,Leiden
Cadmuspad,632,"","",2321LG,Leiden
Cadmuspad,634,"","",2321LG,Leiden
Cadmuspad,634,"","",2321LG,Leiden
Cadmuspad,636,"","",2321LG,Leiden
Cadmuspad,636,"","",2321LG,Leiden
Cadmuspad,638,"","",2321LG,Leiden
Cadmuspad,638,"","",2321LG,Leiden
Cadmuspad,64,"","",2321LG,Leiden
Cadmuspad,64,"","",2321LG,Leiden
Cadmuspad,640,"","",2321LG,Leiden
Cadmuspad,640,"","",2321LG,Leiden
Cadmuspad,642,"","",2321LG,Leiden
Cadmuspad,642,"","",2321LG,Leiden
Cadmuspad,644,"","",2321LG,Leiden
Cadmuspad,644,"","",2321LG,Leiden
Cadmuspad,646,"","",2321LG,Leiden
Cadmuspad,646,"","",2321LG,Leiden
Cadmuspad,648,"","",2321LG,Leiden
Cadmuspad,648,"","",2321LG,Leiden
Cadmuspad,650,"","",2321LG,Leiden
Cadmuspad,650,"","",2321LG,Leiden
Cadmuspad,652,"","",2321LG,Leiden
Cadmuspad,652,"","",2321LG,Leiden
Cadmuspad,654,"","",2321LG,Leiden
Cadmuspad,654,"","",2321LG,Leiden
Cadmuspad,656,"","",2321LG,Leiden
Cadmuspad,656,"","",2321LG,Leiden
Cadmuspad,658,"","",2321LG,Leiden
Cadmuspad,658,"","",2321LG,Leiden
Cadmuspad,66,"","",2321LG,Leiden
Cadmuspad,66,"","",2321LG,Leiden
Cadmuspad,660,"","",2321LG,Leiden
Cadmuspad,660,"","",2321LG,Leiden
Cadmuspad,662,"","",2321LG,Leiden
Cadmuspad,662,"","",2321LG,Leiden
Cadmuspad,664,"","",2321LG,Leiden
Cadmuspad,664,"","",2321LG,Leiden
Cadmuspad,666,"","",2321LG,Leiden
Cadmuspad,666,"","",2321LG,Leiden
Cadmuspad,668,"","",2321LG,Leiden
Cadmuspad,668,"","",2321LG,Leiden
Cadmuspad,670,"","",2321LG,Leiden
Cadmuspad,670,"","",2321LG,Leiden
Cadmuspad,672,"","",2321LG,Leiden
Cadmuspad,672,"","",2321LG,Leiden
Cadmuspad,674,"","",2321LG,Leiden
Cadmuspad,674,"","",2321LG,Leiden
Cadmuspad,676,"","",2321LG,Leiden
Cadmuspad,676,"","",2321LG,Leiden
Cadmuspad,678,"","",2321LG,Leiden
Cadmuspad,678,"","",2321LG,Leiden
Cadmuspad,68,"","",2321LG,Leiden
Cadmuspad,68,"","",2321LG,Leiden
Cadmuspad,680,"","",2321LG,Leiden
Cadmuspad,680,"","",2321LG,Leiden
Cadmuspad,682,"","",2321LG,Leiden
Cadmuspad,682,"","",2321LG,Leiden
Cadmuspad,684,"","",2321LG,Leiden
Cadmuspad,684,"","",2321LG,Leiden
Cadmuspad,686,"","",2321LG,Leiden
Cadmuspad,686,"","",2321LG,Leiden
Cadmuspad,688,"","",2321LG,Leiden
Cadmuspad,688,"","",2321LG,Leiden
Cadmuspad,690,"","",2321LG,Leiden
Cadmuspad,690,"","",2321LG,Leiden
Cadmuspad,692,"","",2321LG,Leiden
Cadmuspad,692,"","",2321LG,Leiden
Cadmuspad,694,"","",2321LG,Leiden
Cadmuspad,694,"","",2321LG,Leiden
Cadmuspad,696,"","",2321LG,Leiden
Cadmuspad,696,"","",2321LG,Leiden
Cadmuspad,698,"","",2321LG,Leiden
Cadmuspad,698,"","",2321LG,Leiden
Cadmuspad,70,"","",2321LG,Leiden
Cadmuspad,70,"","",2321LG,Leiden
Cadmuspad,700,"","",2321LG,Leiden
Cadmuspad,700,"","",2321LG,Leiden
Cadmuspad,702,"","",2321LG,Leiden
Cadmuspad,702,"","",2321LG,Leiden
Cadmuspad,704,"","",2321LG,Leiden
Cadmuspad,704,"","",2321LG,Leiden
Cadmuspad,706,"","",2321LG,Leiden
Cadmuspad,706,"","",2321LG,Leiden
Cadmuspad,708,"","",2321LG,Leiden
Cadmuspad,708,"","",2321LG,Leiden
Cadmuspad,710,"","",2321LG,Leiden
Cadmuspad,710,"","",2321LG,Leiden
Cadmuspad,712,"","",2321LG,Leiden
Cadmuspad,712,"","",2321LG,Leiden
Cadmuspad,714,"","",2321LG,Leiden
Cadmuspad,714,"","",2321LG,Leiden
Cadmuspad,716,"","",2321LG,Leiden
Cadmuspad,716,"","",2321LG,Leiden
Cadmuspad,718,"","",2321LG,Leiden
Cadmuspad,718,"","",2321LG,Leiden
Cadmuspad,72,"","",2321LG,Leiden
Cadmuspad,72,"","",2321LG,Leiden
Cadmuspad,720,"","",2321LG,Leiden
Cadmuspad,720,"","",2321LG,Leiden
Cadmuspad,722,"","",2321LG,Leiden
Cadmuspad,722,"","",2321LG,Leiden
Cadmuspad,724,"","",2321LG,Leiden
Cadmuspad,724,"","",2321LG,Leiden
Cadmuspad,726,"","",2321LG,Leiden
Cadmuspad,726,"","",2321LG,Leiden
Cadmuspad,728,"","",2321LG,Leiden
Cadmuspad,728,"","",2321LG,Leiden
Cadmuspad,730,"","",2321LG,Leiden
Cadmuspad,730,"","",2321LG,Leiden
Cadmuspad,732,"","",2321LG,Leiden
Cadmuspad,732,"","",2321LG,Leiden
Cadmuspad,734,"","",2321LG,Leiden
Cadmuspad,734,"","",2321LG,Leiden
Cadmuspad,736,"","",2321LG,Leiden
Cadmuspad,736,"","",2321LG,Leiden
Cadmuspad,738,"","",2321LG,Leiden
Cadmuspad,738,"","",2321LG,Leiden
Cadmuspad,74,"","",2321LG,Leiden
Cadmuspad,74,"","",2321LG,Leiden
Cadmuspad,740,"","",2321LG,Leiden
Cadmuspad,740,"","",2321LG,Leiden
Cadmuspad,742,"","",2321LG,Leiden
Cadmuspad,742,"","",2321LG,Leiden
Cadmuspad,744,"","",2321LG,Leiden
Cadmuspad,744,"","",2321LG,Leiden
Cadmuspad,746,"","",2321LG,Leiden
Cadmuspad,746,"","",2321LG,Leiden
Cadmuspad,748,"","",2321LG,Leiden
Cadmuspad,748,"","",2321LG,Leiden
Cadmuspad,750,"","",2321LG,Leiden
Cadmuspad,750,"","",2321LG,Leiden
Cadmuspad,752,"","",2321LG,Leiden
Cadmuspad,752,"","",2321LG,Leiden
Cadmuspad,754,"","",2321LG,Leiden
Cadmuspad,754,"","",2321LG,Leiden
Cadmuspad,756,"","",2321LG,Leiden
Cadmuspad,756,"","",2321LG,Leiden
Cadmuspad,758,"","",2321LG,Leiden
Cadmuspad,758,"","",2321LG,Leiden
Cadmuspad,76,"","",2321LG,Leiden
Cadmuspad,76,"","",2321LG,Leiden
Cadmuspad,760,"","",2321LG,Leiden
Cadmuspad,760,"","",2321LG,Leiden
Cadmuspad,762,"","",2321LG,Leiden
Cadmuspad,762,"","",2321LG,Leiden
Cadmuspad,764,"","",2321LG,Leiden
Cadmuspad,764,"","",2321LG,Leiden
Cadmuspad,766,"","",2321LG,Leiden
Cadmuspad,766,"","",2321LG,Leiden
Cadmuspad,768,"","",2321LG,Leiden
Cadmuspad,768,"","",2321LG,Leiden
Cadmuspad,770,"","",2321LG,Leiden
Cadmuspad,770,"","",2321LG,Leiden
Cadmuspad,772,"","",2321LG,Leiden
Cadmuspad,772,"","",2321LG,Leiden
Cadmuspad,774,"","",2321LG,Leiden
Cadmuspad,774,"","",2321LG,Leiden
Cadmuspad,776,"","",2321LG,Leiden
Cadmuspad,776,"","",2321LG,Leiden
Cadmuspad,778,"","",2321LG,Leiden
Cadmuspad,778,"","",2321LG,Leiden
Cadmuspad,78,"","",2321LG,Leiden
Cadmuspad,78,"","",2321LG,Leiden
Cadmuspad,780,"","",2321LG,Leiden
Cadmuspad,780,"","",2321LG,Leiden
Cadmuspad,782,"","",2321LG,Leiden
Cadmuspad,782,"","",2321LG,Leiden
Cadmuspad,784,"","",2321LG,Leiden
Cadmuspad,784,"","",2321LG,Leiden
Cadmuspad,786,"","",2321LG,Leiden
Cadmuspad,786,"","",2321LG,Leiden
Cadmuspad,788,"","",2321LG,Leiden
Cadmuspad,788,"","",2321LG,Leiden
Cadmuspad,790,"","",2321LG,Leiden
Cadmuspad,790,"","",2321LG,Leiden
Cadmuspad,792,"","",2321LG,Leiden
Cadmuspad,792,"","",2321LG,Leiden
Cadmuspad,794,"","",2321LG,Leiden
Cadmuspad,794,"","",2321LG,Leiden
Cadmuspad,796,"","",2321LG,Leiden
Cadmuspad,796,"","",2321LG,Leiden
Cadmuspad,798,"","",2321LG,Leiden
Cadmuspad,798,"","",2321LG,Leiden
Cadmuspad,8,"","",2321LG,Leiden
Cadmuspad,8,"","",2321LG,Leiden
Cadmuspad,80,"","",2321LG,Leiden
Cadmuspad,80,"","",2321LG,Leiden
Cadmuspad,800,"","",2321LG,Leiden
Cadmuspad,800,"","",2321LG,Leiden
Cadmuspad,802,"","",2321LG,Leiden
Cadmuspad,802,"","",2321LG,Leiden
Cadmuspad,804,"","",2321LG,Leiden
Cadmuspad,804,"","",2321LG,Leiden
Cadmuspad,806,"","",2321LG,Leiden
Cadmuspad,806,"","",2321LG,Leiden
Cadmuspad,808,"","",2321LG,Leiden
Cadmuspad,808,"","",2321LG,Leiden
Cadmuspad,810,"","",2321LG,Leiden
Cadmuspad,810,"","",2321LG,Leiden
Cadmuspad,812,"","",2321LG,Leiden
Cadmuspad,812,"","",2321LG,Leiden
Cadmuspad,814,"","",2321LG,Leiden
Cadmuspad,814,"","",2321LG,Leiden
Cadmuspad,816,"","",2321LG,Leiden
Cadmuspad,816,"","",2321LG,Leiden
Cadmuspad,818,"","",2321LG,Leiden
Cadmuspad,818,"","",2321LG,Leiden
Cadmuspad,82,"","",2321LG,Leiden
Cadmuspad,82,"","",2321LG,Leiden
Cadmuspad,820,"","",2321LG,Leiden
Cadmuspad,820,"","",2321LG,Leiden
Cadmuspad,822,"","",2321LG,Leiden
Cadmuspad,84,"","",2321LG,Leiden
Cadmuspad,84,"","",2321LG,Leiden
Cadmuspad,86,"","",2321LG,Leiden
Cadmuspad,86,"","",2321LG,Leiden
Cadmuspad,88,"","",2321LG,Leiden
Cadmuspad,88,"","",2321LG,Leiden
Cadmuspad,90,"","",2321LG,Leiden
Cadmuspad,90,"","",2321LG,Leiden
Cadmuspad,92,"","",2321LG,Leiden
Cadmuspad,92,"","",2321LG,Leiden
Cadmuspad,94,"","",2321LG,Leiden
Cadmuspad,94,"","",2321LG,Leiden
Cadmuspad,96,"","",2321LG,Leiden
Cadmuspad,96,"","",2321LG,Leiden
Cadmuspad,98,"","",2321LG,Leiden
Cadmuspad,98,"","",2321LG,Leiden
Pallas Athenekade,5,"","",2321LH,Leiden
Pallas Athenekade,5,"","",2321LH,Leiden
Pallas Athenekade,7,"","",2321LH,Leiden
Pallas Athenekade,7,"","",2321LH,Leiden
