straat,huisnummer,huisletter,toevoeging,postcode,plaats
Houtrustweg,1,"","",2566HA,'s-Gravenhage
Houtrustweg,1,"","",2566HA,'s-Gravenhage
Houtrustweg,125,"","",2566HA,'s-Gravenhage
Houtrustweg,127,"","",2566HA,'s-Gravenhage
Houtrustweg,177,S,"",2566HA,'s-Gravenhage
Houtrustweg,2,"","",2566HA,'s-Gravenhage
Houtrustweg,2,A,"",2566HA,'s-Gravenhage
Houtrustweg,3,"","",2566HA,'s-Gravenhage
Houtrustweg,41,"","",2566HA,'s-Gravenhage
Houtrustweg,43,"","",2566HA,'s-Gravenhage
Houtrustweg,43,A,"",2566HA,'s-Gravenhage
Houtrustweg,45,"","",2566HA,'s-Gravenhage
Houtrustweg,47,"","",2566HA,'s-Gravenhage
Westduinweg,102,"","",2583AB,'s-Gravenhage
Westduinweg,102,A,"",2583AB,'s-Gravenhage
Westduinweg,102,B,"",2583AB,'s-Gravenhage
Westduinweg,102,C,"",2583AB,'s-Gravenhage
Westduinweg,102,D,"",2583AB,'s-Gravenhage
Westduinweg,104,"","",2583AB,'s-Gravenhage
Westduinweg,106,"","",2583AB,'s-Gravenhage
Westduinweg,106,A,"",2583AB,'s-Gravenhage
Westduinweg,106,B,"",2583AB,'s-Gravenhage
Westduinweg,106,C,"",2583AB,'s-Gravenhage
Westduinweg,106,D,"",2583AB,'s-Gravenhage
Westduinweg,108,"","",2583AB,'s-Gravenhage
Westduinweg,110,"","",2583AB,'s-Gravenhage
Westduinweg,110,A,"",2583AB,'s-Gravenhage
Westduinweg,110,B,"",2583AB,'s-Gravenhage
Westduinweg,110,C,"",2583AB,'s-Gravenhage
Westduinweg,110,C,"",2583AB,'s-Gravenhage
Westduinweg,110,C,1,2583AB,'s-Gravenhage
Westduinweg,110,D,"",2583AB,'s-Gravenhage
Westduinweg,112,"","",2583AB,'s-Gravenhage
Westduinweg,116,"","",2583AC,'s-Gravenhage
Westduinweg,116,A,"",2583AC,'s-Gravenhage
Westduinweg,116,B,"",2583AC,'s-Gravenhage
Westduinweg,116,C,"",2583AC,'s-Gravenhage
Westduinweg,118,"","",2583AC,'s-Gravenhage
Westduinweg,118,A,"",2583AC,'s-Gravenhage
Westduinweg,118,B,"",2583AC,'s-Gravenhage
Westduinweg,118,C,"",2583AC,'s-Gravenhage
Westduinweg,118,D,"",2583AC,'s-Gravenhage
Westduinweg,118,E,"",2583AC,'s-Gravenhage
Westduinweg,120,"","",2583AC,'s-Gravenhage
Westduinweg,122,"","",2583AC,'s-Gravenhage
Westduinweg,122,A,"",2583AC,'s-Gravenhage
Westduinweg,122,A,"",2583AC,'s-Gravenhage
Westduinweg,122,A,1,2583AC,'s-Gravenhage
Westduinweg,122,B,"",2583AC,'s-Gravenhage
Westduinweg,122,C,"",2583AC,'s-Gravenhage
Westduinweg,122,D,"",2583AC,'s-Gravenhage
Westduinweg,122,E,"",2583AC,'s-Gravenhage
Westduinweg,124,"","",2583AC,'s-Gravenhage
Westduinweg,124,A,"",2583AC,'s-Gravenhage
Westduinweg,126,"","",2583AC,'s-Gravenhage
Westduinweg,126,"","",2583AC,'s-Gravenhage
Westduinweg,126,"","",2583AC,'s-Gravenhage
Westduinweg,126,A,"",2583AC,'s-Gravenhage
Westduinweg,126,B,"",2583AC,'s-Gravenhage
Westduinweg,126,C,"",2583AC,'s-Gravenhage
Westduinweg,126,D,"",2583AC,'s-Gravenhage
Westduinweg,128,"","",2583AD,'s-Gravenhage
Westduinweg,128,"","",2583AD,'s-Gravenhage
Westduinweg,128,"","",2583AD,'s-Gravenhage
Westduinweg,128,"","",2583AD,'s-Gravenhage
Westduinweg,130,"","",2583AD,'s-Gravenhage
Westduinweg,130,"","",2583AD,'s-Gravenhage
Westduinweg,130,"","",2583AD,'s-Gravenhage
Westduinweg,130,A,"",2583AD,'s-Gravenhage
Westduinweg,130,B,"",2583AD,'s-Gravenhage
Westduinweg,130,C,"",2583AD,'s-Gravenhage
Westduinweg,130,D,"",2583AD,'s-Gravenhage
Westduinweg,132,"","",2583AD,'s-Gravenhage
Westduinweg,134,"","",2583AD,'s-Gravenhage
Westduinweg,134,A,"",2583AD,'s-Gravenhage
Westduinweg,134,B,"",2583AD,'s-Gravenhage
Westduinweg,134,B,"",2583AD,'s-Gravenhage
Westduinweg,134,B,1,2583AD,'s-Gravenhage
Westduinweg,134,C,"",2583AD,'s-Gravenhage
Westduinweg,134,D,"",2583AD,'s-Gravenhage
Westduinweg,136,"","",2583AD,'s-Gravenhage
Westduinweg,136,"","",2583AD,'s-Gravenhage
Westduinweg,136,B,"",2583AD,'s-Gravenhage
Westduinweg,136,C,"",2583AD,'s-Gravenhage
Westduinweg,136,D,"",2583AD,'s-Gravenhage
Westduinweg,136,E,"",2583AD,'s-Gravenhage
Westduinweg,136,F,"",2583AD,'s-Gravenhage
Westduinweg,138,"","",2583AD,'s-Gravenhage
Westduinweg,138,A,"",2583AD,'s-Gravenhage
Westduinweg,138,B,"",2583AD,'s-Gravenhage
Westduinweg,138,B,"",2583AD,'s-Gravenhage
Westduinweg,138,B,"",2583AD,'s-Gravenhage
Westduinweg,138,B,1,2583AD,'s-Gravenhage
Westduinweg,138,B,2,2583AD,'s-Gravenhage
Westduinweg,138,C,"",2583AD,'s-Gravenhage
Westduinweg,140,"","",2583AD,'s-Gravenhage
Westduinweg,140,A,"",2583AD,'s-Gravenhage
Westduinweg,140,B,"",2583AD,'s-Gravenhage
Westduinweg,140,C,"",2583AD,'s-Gravenhage
Westduinweg,154,"","",2583AE,'s-Gravenhage
Westduinweg,154,A,"",2583AE,'s-Gravenhage
Westduinweg,154,B,"",2583AE,'s-Gravenhage
Westduinweg,154,B,"",2583AE,'s-Gravenhage
Westduinweg,154,C,"",2583AE,'s-Gravenhage
Westduinweg,156,"","",2583AE,'s-Gravenhage
Westduinweg,156,"","",2583AE,'s-Gravenhage
Westduinweg,156,"","",2583AE,'s-Gravenhage
Westduinweg,156,A,"",2583AE,'s-Gravenhage
Westduinweg,156,B,"",2583AE,'s-Gravenhage
Westduinweg,156,C,"",2583AE,'s-Gravenhage
Westduinweg,156,D,"",2583AE,'s-Gravenhage
Westduinweg,158,"","",2583AE,'s-Gravenhage
Westduinweg,158,"","",2583AE,'s-Gravenhage
Westduinweg,160,"","",2583AE,'s-Gravenhage
Westduinweg,162,"","",2583AE,'s-Gravenhage
Westduinweg,162,A,"",2583AE,'s-Gravenhage
Westduinweg,162,B,"",2583AE,'s-Gravenhage
Westduinweg,164,"","",2583AE,'s-Gravenhage
Westduinweg,164,A,"",2583AE,'s-Gravenhage
Westduinweg,164,B,"",2583AE,'s-Gravenhage
Westduinweg,164,C,"",2583AE,'s-Gravenhage
Westduinweg,164,D,"",2583AE,'s-Gravenhage
Westduinweg,166,"","",2583AE,'s-Gravenhage
Westduinweg,168,"","",2583AE,'s-Gravenhage
Westduinweg,168,A,"",2583AE,'s-Gravenhage
Westduinweg,168,B,"",2583AE,'s-Gravenhage
Westduinweg,168,C,"",2583AE,'s-Gravenhage
Westduinweg,168,D,"",2583AE,'s-Gravenhage
Westduinweg,170,"","",2583AG,'s-Gravenhage
Westduinweg,172,A,"",2583AG,'s-Gravenhage
Westduinweg,172,B,"",2583AG,'s-Gravenhage
Westduinweg,172,C,"",2583AG,'s-Gravenhage
Westduinweg,172,D,"",2583AG,'s-Gravenhage
Westduinweg,174,"","",2583AG,'s-Gravenhage
Westduinweg,176,"","",2583AG,'s-Gravenhage
Westduinweg,176,A,"",2583AG,'s-Gravenhage
Westduinweg,176,B,"",2583AG,'s-Gravenhage
Westduinweg,178,"","",2583AG,'s-Gravenhage
Westduinweg,178,A,"",2583AG,'s-Gravenhage
Westduinweg,180,"","",2583AG,'s-Gravenhage
Westduinweg,180,"","",2583AG,'s-Gravenhage
Westduinweg,180,"","",2583AG,'s-Gravenhage
Westduinweg,180,"","",2583AG,'s-Gravenhage
Westduinweg,180,"",1,2583AG,'s-Gravenhage
Westduinweg,180,"",1,2583AG,'s-Gravenhage
Westduinweg,180,"",1,2583AG,'s-Gravenhage
Westduinweg,180,A,"",2583AG,'s-Gravenhage
Westduinweg,180,B,"",2583AG,'s-Gravenhage
Westduinweg,182,"","",2583AG,'s-Gravenhage
Westduinweg,182,A,"",2583AG,'s-Gravenhage
Westduinweg,184,"","",2583AG,'s-Gravenhage
Westduinweg,184,A,"",2583AG,'s-Gravenhage
Westduinweg,186,"","",2583AG,'s-Gravenhage
Westduinweg,186,A,"",2583AG,'s-Gravenhage
Westduinweg,186,B,"",2583AG,'s-Gravenhage
Westduinweg,186,C,"",2583AG,'s-Gravenhage
Westduinweg,188,"","",2583AG,'s-Gravenhage
Westduinweg,188,A,"",2583AG,'s-Gravenhage
Westduinweg,188,B,"",2583AG,'s-Gravenhage
Westduinweg,190,"","",2583AH,'s-Gravenhage
Westduinweg,190,A,"",2583AH,'s-Gravenhage
Westduinweg,190,B,"",2583AH,'s-Gravenhage
Westduinweg,190,D,"",2583AH,'s-Gravenhage
Westduinweg,190,E,"",2583AH,'s-Gravenhage
Westduinweg,190,F,"",2583AH,'s-Gravenhage
Westduinweg,192,"","",2583AH,'s-Gravenhage
Westduinweg,192,A,"",2583AH,'s-Gravenhage
Westduinweg,192,B,"",2583AH,'s-Gravenhage
Westduinweg,192,D,"",2583AH,'s-Gravenhage
Westduinweg,192,E,"",2583AH,'s-Gravenhage
Westduinweg,192,F,"",2583AH,'s-Gravenhage
Westduinweg,194,"","",2583AH,'s-Gravenhage
Westduinweg,194,A,"",2583AH,'s-Gravenhage
Westduinweg,194,B,"",2583AH,'s-Gravenhage
Westduinweg,194,D,"",2583AH,'s-Gravenhage
Westduinweg,194,E,"",2583AH,'s-Gravenhage
Westduinweg,194,F,"",2583AH,'s-Gravenhage
Westduinweg,194,G,"",2583AH,'s-Gravenhage
Westduinweg,194,K,"",2583AH,'s-Gravenhage
Westduinweg,196,"","",2583AJ,'s-Gravenhage
Westduinweg,196,A,"",2583AJ,'s-Gravenhage
Westduinweg,196,B,"",2583AJ,'s-Gravenhage
Westduinweg,198,"","",2583AJ,'s-Gravenhage
Westduinweg,200,"","",2583AJ,'s-Gravenhage
Westduinweg,204,"","",2583AJ,'s-Gravenhage
Westduinweg,206,"","",2583AJ,'s-Gravenhage
Westduinweg,206,A,"",2583AJ,'s-Gravenhage
Westduinweg,210,"","",2583AJ,'s-Gravenhage
Westduinweg,210,A,"",2583AJ,'s-Gravenhage
Westduinweg,212,"","",2583AJ,'s-Gravenhage
Westduinweg,212,"","",2583AJ,'s-Gravenhage
Westduinweg,212,"","",2583AJ,'s-Gravenhage
Westduinweg,212,"","",2583AJ,'s-Gravenhage
Westduinweg,214,"","",2583AJ,'s-Gravenhage
Westduinweg,214,"","",2583AJ,'s-Gravenhage
Westduinweg,214,"","",2583AJ,'s-Gravenhage
Westduinweg,214,"","",2583AJ,'s-Gravenhage
Westduinweg,216,"","",2583AJ,'s-Gravenhage
Westduinweg,218,"","",2583AJ,'s-Gravenhage
Westduinweg,220,"","",2583AJ,'s-Gravenhage
Westduinweg,222,"","",2583AJ,'s-Gravenhage
Westduinweg,222,"","",2583AJ,'s-Gravenhage
Westduinweg,222,A,"",2583AJ,'s-Gravenhage
Westduinweg,224,"","",2583AJ,'s-Gravenhage
Westduinweg,224,A,"",2583AJ,'s-Gravenhage
Westduinweg,226,"","",2583AJ,'s-Gravenhage
Westduinweg,226,"","",2583AJ,'s-Gravenhage
Westduinweg,226,"","",2583AJ,'s-Gravenhage
Westduinweg,226,A,"",2583AJ,'s-Gravenhage
Westduinweg,226,B,"",2583AJ,'s-Gravenhage
Westduinweg,226,C,"",2583AJ,'s-Gravenhage
Westduinweg,226,D,"",2583AJ,'s-Gravenhage
Westduinweg,226,E,"",2583AJ,'s-Gravenhage
Westduinweg,226,F,"",2583AJ,'s-Gravenhage
Westduinweg,226,G,"",2583AJ,'s-Gravenhage
Westduinweg,226,H,"",2583AJ,'s-Gravenhage
Westduinweg,226,J,"",2583AJ,'s-Gravenhage
Westduinweg,226,K,"",2583AJ,'s-Gravenhage
Westduinweg,226,L,"",2583AJ,'s-Gravenhage
Westduinweg,226,M,"",2583AJ,'s-Gravenhage
Westduinweg,226,N,"",2583AJ,'s-Gravenhage
Westduinweg,226,P,"",2583AJ,'s-Gravenhage
Westduinweg,226,Q,"",2583AJ,'s-Gravenhage
Westduinweg,226,R,"",2583AJ,'s-Gravenhage
Westduinweg,226,S,"",2583AJ,'s-Gravenhage
Westduinweg,228,"","",2583AJ,'s-Gravenhage
Westduinweg,228,"","",2583AJ,'s-Gravenhage
Westduinweg,230,"","",2583AJ,'s-Gravenhage
Westduinweg,230,"","",2583AJ,'s-Gravenhage
Westduinweg,230,A,"",2583AJ,'s-Gravenhage
Westduinweg,230,B,"",2583AJ,'s-Gravenhage
Westduinweg,230,C,"",2583AJ,'s-Gravenhage
Westduinweg,230,D,"",2583AJ,'s-Gravenhage
Westduinweg,230,E,"",2583AJ,'s-Gravenhage
Westduinweg,230,F,"",2583AJ,'s-Gravenhage
Westduinweg,230,G,"",2583AJ,'s-Gravenhage
Westduinweg,230,H,"",2583AJ,'s-Gravenhage
Westduinweg,230,J,"",2583AJ,'s-Gravenhage
Westduinweg,230,K,"",2583AJ,'s-Gravenhage
Westduinweg,230,L,"",2583AJ,'s-Gravenhage
Westduinweg,232,"","",2583AK,'s-Gravenhage
Westduinweg,232,A,"",2583AK,'s-Gravenhage
Westduinweg,232,B,"",2583AK,'s-Gravenhage
Westduinweg,232,C,"",2583AK,'s-Gravenhage
Westduinweg,232,D,"",2583AK,'s-Gravenhage
Westduinweg,232,E,"",2583AK,'s-Gravenhage
Westduinweg,232,F,"",2583AK,'s-Gravenhage
Westduinweg,232,G,"",2583AK,'s-Gravenhage
Westduinweg,232,H,"",2583AK,'s-Gravenhage
Westduinweg,232,J,"",2583AK,'s-Gravenhage
Westduinweg,232,K,"",2583AK,'s-Gravenhage
Westduinweg,232,L,"",2583AK,'s-Gravenhage
Westduinweg,232,M,"",2583AK,'s-Gravenhage
Westduinweg,232,N,"",2583AK,'s-Gravenhage
Westduinweg,232,P,"",2583AK,'s-Gravenhage
Westduinweg,232,S,"",2583AK,'s-Gravenhage
Westduinweg,234,"","",2583AK,'s-Gravenhage
Westduinweg,234,"","",2583AK,'s-Gravenhage
Westduinweg,236,"","",2583AK,'s-Gravenhage
Westduinweg,236,"","",2583AK,'s-Gravenhage
Westduinweg,236,A,"",2583AK,'s-Gravenhage
Westduinweg,238,"","",2583AK,'s-Gravenhage
Westduinweg,240,"","",2583AK,'s-Gravenhage
Westduinweg,242,"","",2583AK,'s-Gravenhage
Westduinweg,242,"","",2583AK,'s-Gravenhage
Westduinweg,242,A,"",2583AK,'s-Gravenhage
Westduinweg,244,"","",2583AK,'s-Gravenhage
Westduinweg,244,"","",2583AK,'s-Gravenhage
Westduinweg,248,"","",2583AK,'s-Gravenhage
Westduinweg,248,A,"",2583AK,'s-Gravenhage
Westduinweg,250,"","",2583AK,'s-Gravenhage
Westduinweg,250,A,"",2583AK,'s-Gravenhage
Westduinweg,252,"","",2583AK,'s-Gravenhage
Westduinweg,252,A,"",2583AK,'s-Gravenhage
Westduinweg,254,"","",2583AK,'s-Gravenhage
Westduinweg,256,"","",2583AK,'s-Gravenhage
Westduinweg,258,"","",2583AK,'s-Gravenhage
Westduinweg,260,"","",2583AK,'s-Gravenhage
Westduinweg,262,"","",2583AK,'s-Gravenhage
Westduinweg,262,"","",2583AK,'s-Gravenhage
Westduinweg,262,A,"",2583AK,'s-Gravenhage
Westduinweg,262,A,"",2583AK,'s-Gravenhage
Westduinweg,262,B,"",2583AK,'s-Gravenhage
Westduinweg,264,"","",2583AK,'s-Gravenhage
Westduinweg,266,"","",2583AK,'s-Gravenhage
Westduinweg,268,"","",2583AK,'s-Gravenhage
Westduinweg,270,"","",2583AK,'s-Gravenhage
Schokkerweg,1,"","",2583BH,'s-Gravenhage
Schokkerweg,1,"",BIS,2583BH,'s-Gravenhage
Schokkerweg,10,"","",2583BH,'s-Gravenhage
Schokkerweg,11,"","",2583BH,'s-Gravenhage
Schokkerweg,12,"","",2583BH,'s-Gravenhage
Schokkerweg,22,"","",2583BH,'s-Gravenhage
Schokkerweg,24,"","",2583BH,'s-Gravenhage
Schokkerweg,26,"","",2583BH,'s-Gravenhage
Schokkerweg,26,"","",2583BH,'s-Gravenhage
Schokkerweg,28,"","",2583BH,'s-Gravenhage
Schokkerweg,28,A,"",2583BH,'s-Gravenhage
Schokkerweg,3,"","",2583BH,'s-Gravenhage
Schokkerweg,30,"","",2583BH,'s-Gravenhage
Schokkerweg,32,"","",2583BH,'s-Gravenhage
Schokkerweg,33,S,"",2583BH,'s-Gravenhage
Schokkerweg,34,"","",2583BH,'s-Gravenhage
Schokkerweg,35,"","",2583BH,'s-Gravenhage
Schokkerweg,36,"","",2583BH,'s-Gravenhage
Schokkerweg,37,"","",2583BH,'s-Gravenhage
Schokkerweg,38,"","",2583BH,'s-Gravenhage
Schokkerweg,39,"","",2583BH,'s-Gravenhage
Schokkerweg,40,"","",2583BH,'s-Gravenhage
Schokkerweg,5,"","",2583BH,'s-Gravenhage
Schokkerweg,7,"","",2583BH,'s-Gravenhage
Schokkerweg,9,"","",2583BH,'s-Gravenhage
Schokkerweg,42,"","",2583BJ,'s-Gravenhage
Schokkerweg,44,"","",2583BJ,'s-Gravenhage
Schokkerweg,44,A,"",2583BJ,'s-Gravenhage
Schokkerweg,52,"","",2583BJ,'s-Gravenhage
Schokkerweg,52,T,"",2583BJ,'s-Gravenhage
Schokkerweg,54,"","",2583BJ,'s-Gravenhage
Schokkerweg,56,"","",2583BJ,'s-Gravenhage
Schokkerweg,58,"","",2583BJ,'s-Gravenhage
Schokkerweg,60,"","",2583BJ,'s-Gravenhage
Schokkerweg,62,"","",2583BJ,'s-Gravenhage
Schokkerweg,64,"","",2583BJ,'s-Gravenhage
Schokkerweg,66,"","",2583BJ,'s-Gravenhage
Schokkerweg,68,"","",2583BJ,'s-Gravenhage
Schokkerweg,70,"","",2583BJ,'s-Gravenhage
Schokkerweg,72,"","",2583BJ,'s-Gravenhage
Schokkerweg,74,"","",2583BJ,'s-Gravenhage
Schokkerweg,76,"","",2583BJ,'s-Gravenhage
Schokkerweg,80,"","",2583BJ,'s-Gravenhage
Schokkerweg,82,"","",2583BJ,'s-Gravenhage
Schokkerweg,86,"","",2583BJ,'s-Gravenhage
Schokkerweg,88,"","",2583BJ,'s-Gravenhage
Schokkerweg,92,"","",2583BJ,'s-Gravenhage
Schokkerweg,94,"","",2583BJ,'s-Gravenhage
Kapitein De Rijkstraat,10,"","",2583BK,'s-Gravenhage
Kapitein De Rijkstraat,12,"","",2583BK,'s-Gravenhage
Kapitein De Rijkstraat,16,"","",2583BK,'s-Gravenhage
Kapitein De Rijkstraat,20,"","",2583BK,'s-Gravenhage
Kapitein De Rijkstraat,22,"","",2583BK,'s-Gravenhage
Kapitein De Rijkstraat,24,"","",2583BK,'s-Gravenhage
Kapitein De Rijkstraat,26,"","",2583BK,'s-Gravenhage
Kapitein De Rijkstraat,32,"","",2583BK,'s-Gravenhage
Kapitein De Rijkstraat,34,"","",2583BK,'s-Gravenhage
Kapitein De Rijkstraat,36,"","",2583BK,'s-Gravenhage
Kapitein De Rijkstraat,38,"","",2583BK,'s-Gravenhage
Kapitein De Rijkstraat,40,"","",2583BK,'s-Gravenhage
Kapitein De Rijkstraat,42,"","",2583BK,'s-Gravenhage
Kapitein De Rijkstraat,44,"","",2583BK,'s-Gravenhage
Kapitein De Rijkstraat,46,"","",2583BK,'s-Gravenhage
Kapitein De Rijkstraat,50,"","",2583BK,'s-Gravenhage
Kapitein De Rijkstraat,6,"","",2583BK,'s-Gravenhage
Kapitein De Rijkstraat,8,"","",2583BK,'s-Gravenhage
Menninckstraat,1,E,"",2583BL,'s-Gravenhage
Menninckstraat,11,"","",2583BL,'s-Gravenhage
Menninckstraat,13,"","",2583BL,'s-Gravenhage
Menninckstraat,15,"","",2583BL,'s-Gravenhage
Menninckstraat,15,"","",2583BL,'s-Gravenhage
Menninckstraat,17,"","",2583BL,'s-Gravenhage
Menninckstraat,19,"","",2583BL,'s-Gravenhage
Menninckstraat,21,"","",2583BL,'s-Gravenhage
Menninckstraat,23,"","",2583BL,'s-Gravenhage
Menninckstraat,25,"","",2583BL,'s-Gravenhage
Menninckstraat,27,"","",2583BL,'s-Gravenhage
Menninckstraat,29,"","",2583BL,'s-Gravenhage
Menninckstraat,3,"","",2583BL,'s-Gravenhage
Menninckstraat,31,"","",2583BL,'s-Gravenhage
Menninckstraat,33,"","",2583BL,'s-Gravenhage
Menninckstraat,35,"","",2583BL,'s-Gravenhage
Menninckstraat,37,"","",2583BL,'s-Gravenhage
Menninckstraat,39,"","",2583BL,'s-Gravenhage
Menninckstraat,41,"","",2583BL,'s-Gravenhage
Menninckstraat,43,"","",2583BL,'s-Gravenhage
Menninckstraat,45,"","",2583BL,'s-Gravenhage
Menninckstraat,47,"","",2583BL,'s-Gravenhage
Menninckstraat,49,"","",2583BL,'s-Gravenhage
Menninckstraat,5,"","",2583BL,'s-Gravenhage
Menninckstraat,51,"","",2583BL,'s-Gravenhage
Menninckstraat,53,"","",2583BL,'s-Gravenhage
Menninckstraat,55,"","",2583BL,'s-Gravenhage
Menninckstraat,57,"","",2583BL,'s-Gravenhage
Menninckstraat,59,"","",2583BL,'s-Gravenhage
Menninckstraat,61,"","",2583BL,'s-Gravenhage
Menninckstraat,63,"","",2583BL,'s-Gravenhage
Menninckstraat,65,"","",2583BL,'s-Gravenhage
Menninckstraat,67,"","",2583BL,'s-Gravenhage
Menninckstraat,7,"","",2583BL,'s-Gravenhage
Menninckstraat,9,"","",2583BL,'s-Gravenhage
Menninckstraat,101,"","",2583BM,'s-Gravenhage
Menninckstraat,103,"","",2583BM,'s-Gravenhage
Menninckstraat,105,"","",2583BM,'s-Gravenhage
Menninckstraat,107,"","",2583BM,'s-Gravenhage
Menninckstraat,109,"","",2583BM,'s-Gravenhage
Menninckstraat,69,"","",2583BM,'s-Gravenhage
Menninckstraat,71,"","",2583BM,'s-Gravenhage
Menninckstraat,73,"","",2583BM,'s-Gravenhage
Menninckstraat,75,"","",2583BM,'s-Gravenhage
Menninckstraat,77,"","",2583BM,'s-Gravenhage
Menninckstraat,79,"","",2583BM,'s-Gravenhage
Menninckstraat,81,"","",2583BM,'s-Gravenhage
Menninckstraat,83,"","",2583BM,'s-Gravenhage
Menninckstraat,85,"","",2583BM,'s-Gravenhage
Menninckstraat,87,"","",2583BM,'s-Gravenhage
Menninckstraat,89,"","",2583BM,'s-Gravenhage
Menninckstraat,91,"","",2583BM,'s-Gravenhage
Menninckstraat,93,"","",2583BM,'s-Gravenhage
Menninckstraat,95,"","",2583BM,'s-Gravenhage
Menninckstraat,97,"","",2583BM,'s-Gravenhage
Menninckstraat,99,"","",2583BM,'s-Gravenhage
Menninckstraat,111,"","",2583BN,'s-Gravenhage
Menninckstraat,113,"","",2583BN,'s-Gravenhage
Menninckstraat,115,"","",2583BN,'s-Gravenhage
Menninckstraat,117,"","",2583BN,'s-Gravenhage
Menninckstraat,119,"","",2583BN,'s-Gravenhage
Menninckstraat,121,"","",2583BN,'s-Gravenhage
Menninckstraat,123,"","",2583BN,'s-Gravenhage
Menninckstraat,125,"","",2583BN,'s-Gravenhage
Menninckstraat,127,"","",2583BN,'s-Gravenhage
Menninckstraat,129,"","",2583BN,'s-Gravenhage
Menninckstraat,131,"","",2583BN,'s-Gravenhage
Menninckstraat,133,"","",2583BN,'s-Gravenhage
Menninckstraat,135,"","",2583BN,'s-Gravenhage
Menninckstraat,137,"","",2583BN,'s-Gravenhage
Menninckstraat,139,"","",2583BN,'s-Gravenhage
Menninckstraat,141,"","",2583BN,'s-Gravenhage
Menninckstraat,143,"","",2583BN,'s-Gravenhage
Menninckstraat,145,"","",2583BN,'s-Gravenhage
Menninckstraat,147,"","",2583BN,'s-Gravenhage
Menninckstraat,149,"","",2583BN,'s-Gravenhage
Menninckstraat,151,"","",2583BN,'s-Gravenhage
Menninckstraat,153,"","",2583BN,'s-Gravenhage
Menninckstraat,155,"","",2583BN,'s-Gravenhage
Menninckstraat,157,"","",2583BP,'s-Gravenhage
Menninckstraat,159,"","",2583BP,'s-Gravenhage
Menninckstraat,161,"","",2583BP,'s-Gravenhage
Menninckstraat,163,"","",2583BP,'s-Gravenhage
Menninckstraat,165,"","",2583BP,'s-Gravenhage
Menninckstraat,167,"","",2583BP,'s-Gravenhage
Menninckstraat,169,"","",2583BP,'s-Gravenhage
Menninckstraat,171,"","",2583BP,'s-Gravenhage
Menninckstraat,173,"","",2583BP,'s-Gravenhage
Menninckstraat,175,"","",2583BP,'s-Gravenhage
Menninckstraat,177,"","",2583BP,'s-Gravenhage
Menninckstraat,179,"","",2583BP,'s-Gravenhage
Menninckstraat,181,"","",2583BP,'s-Gravenhage
Menninckstraat,183,"","",2583BP,'s-Gravenhage
Menninckstraat,185,"","",2583BP,'s-Gravenhage
Menninckstraat,187,"","",2583BP,'s-Gravenhage
Menninckstraat,189,"","",2583BP,'s-Gravenhage
Menninckstraat,191,"","",2583BP,'s-Gravenhage
Menninckstraat,193,"","",2583BP,'s-Gravenhage
Menninckstraat,195,"","",2583BP,'s-Gravenhage
Menninckstraat,197,"","",2583BP,'s-Gravenhage
Menninckstraat,199,"","",2583BP,'s-Gravenhage
Menninckstraat,201,"","",2583BP,'s-Gravenhage
Menninckstraat,10,"","",2583BR,'s-Gravenhage
Menninckstraat,12,"","",2583BR,'s-Gravenhage
Menninckstraat,14,"","",2583BR,'s-Gravenhage
Menninckstraat,16,"","",2583BR,'s-Gravenhage
Menninckstraat,2,"","",2583BR,'s-Gravenhage
Menninckstraat,2,"",BIS,2583BR,'s-Gravenhage
Menninckstraat,2,"",BIS1,2583BR,'s-Gravenhage
Menninckstraat,2,"",BIS1,2583BR,'s-Gravenhage
Menninckstraat,2,"",BIS2,2583BR,'s-Gravenhage
Menninckstraat,2,"",BIS2,2583BR,'s-Gravenhage
Menninckstraat,2,"",BIS3,2583BR,'s-Gravenhage
Menninckstraat,2,"",BIS3,2583BR,'s-Gravenhage
Menninckstraat,2,"",BIS4,2583BR,'s-Gravenhage
Menninckstraat,2,"",BIS4,2583BR,'s-Gravenhage
Menninckstraat,2,"",BIS5,2583BR,'s-Gravenhage
Menninckstraat,2,"",BIS5,2583BR,'s-Gravenhage
Menninckstraat,2,"",BIS6,2583BR,'s-Gravenhage
Menninckstraat,2,"",BIS6,2583BR,'s-Gravenhage
Menninckstraat,2,"",BIS7,2583BR,'s-Gravenhage
Menninckstraat,2,"",BIS7,2583BR,'s-Gravenhage
Menninckstraat,22,"","",2583BR,'s-Gravenhage
Menninckstraat,24,"","",2583BR,'s-Gravenhage
Menninckstraat,26,"","",2583BR,'s-Gravenhage
Menninckstraat,28,"","",2583BR,'s-Gravenhage
Menninckstraat,30,"","",2583BR,'s-Gravenhage
Menninckstraat,32,"","",2583BR,'s-Gravenhage
Menninckstraat,34,"","",2583BR,'s-Gravenhage
Menninckstraat,36,"","",2583BR,'s-Gravenhage
Menninckstraat,38,"","",2583BR,'s-Gravenhage
Menninckstraat,4,"","",2583BR,'s-Gravenhage
Menninckstraat,40,"","",2583BR,'s-Gravenhage
Menninckstraat,42,"","",2583BR,'s-Gravenhage
Menninckstraat,44,"","",2583BR,'s-Gravenhage
Menninckstraat,46,"","",2583BR,'s-Gravenhage
Menninckstraat,48,"","",2583BR,'s-Gravenhage
Menninckstraat,50,"","",2583BR,'s-Gravenhage
Menninckstraat,6,"","",2583BR,'s-Gravenhage
Menninckstraat,8,"","",2583BR,'s-Gravenhage
Menninckstraat,52,"","",2583BS,'s-Gravenhage
Menninckstraat,54,"","",2583BS,'s-Gravenhage
Menninckstraat,56,"","",2583BS,'s-Gravenhage
Menninckstraat,58,"","",2583BS,'s-Gravenhage
Menninckstraat,60,"","",2583BS,'s-Gravenhage
Menninckstraat,62,"","",2583BS,'s-Gravenhage
Menninckstraat,64,"","",2583BS,'s-Gravenhage
Menninckstraat,66,"","",2583BS,'s-Gravenhage
Menninckstraat,68,"","",2583BS,'s-Gravenhage
Menninckstraat,70,"","",2583BS,'s-Gravenhage
Menninckstraat,72,"","",2583BS,'s-Gravenhage
Menninckstraat,74,"","",2583BS,'s-Gravenhage
Menninckstraat,76,"","",2583BS,'s-Gravenhage
Menninckstraat,78,"","",2583BS,'s-Gravenhage
Menninckstraat,80,"","",2583BS,'s-Gravenhage
Menninckstraat,82,"","",2583BS,'s-Gravenhage
Menninckstraat,84,"","",2583BS,'s-Gravenhage
Menninckstraat,86,"","",2583BS,'s-Gravenhage
Menninckstraat,88,"","",2583BS,'s-Gravenhage
Menninckstraat,90,"","",2583BS,'s-Gravenhage
Menninckstraat,92,"","",2583BS,'s-Gravenhage
Menninckstraat,94,"","",2583BS,'s-Gravenhage
Menninckstraat,100,"","",2583BT,'s-Gravenhage
Menninckstraat,102,"","",2583BT,'s-Gravenhage
Menninckstraat,104,"","",2583BT,'s-Gravenhage
Menninckstraat,106,"","",2583BT,'s-Gravenhage
Menninckstraat,108,"","",2583BT,'s-Gravenhage
Menninckstraat,110,"","",2583BT,'s-Gravenhage
Menninckstraat,112,"","",2583BT,'s-Gravenhage
Menninckstraat,114,"","",2583BT,'s-Gravenhage
Menninckstraat,116,"","",2583BT,'s-Gravenhage
Menninckstraat,118,"","",2583BT,'s-Gravenhage
Menninckstraat,120,"","",2583BT,'s-Gravenhage
Menninckstraat,122,"","",2583BT,'s-Gravenhage
Menninckstraat,124,"","",2583BT,'s-Gravenhage
Menninckstraat,126,"","",2583BT,'s-Gravenhage
Menninckstraat,128,"","",2583BT,'s-Gravenhage
Menninckstraat,130,"","",2583BT,'s-Gravenhage
Menninckstraat,132,"","",2583BT,'s-Gravenhage
Menninckstraat,134,"","",2583BT,'s-Gravenhage
Menninckstraat,136,"","",2583BT,'s-Gravenhage
Menninckstraat,138,"","",2583BT,'s-Gravenhage
Menninckstraat,140,"","",2583BT,'s-Gravenhage
Menninckstraat,142,"","",2583BT,'s-Gravenhage
Menninckstraat,144,"","",2583BT,'s-Gravenhage
Menninckstraat,146,"","",2583BT,'s-Gravenhage
Menninckstraat,148,"","",2583BT,'s-Gravenhage
Menninckstraat,150,"","",2583BV,'s-Gravenhage
Menninckstraat,152,"","",2583BV,'s-Gravenhage
Menninckstraat,154,"","",2583BV,'s-Gravenhage
Menninckstraat,156,"","",2583BV,'s-Gravenhage
Menninckstraat,158,"","",2583BV,'s-Gravenhage
Menninckstraat,160,"","",2583BV,'s-Gravenhage
Menninckstraat,162,"","",2583BV,'s-Gravenhage
Menninckstraat,164,"","",2583BV,'s-Gravenhage
Menninckstraat,166,"","",2583BV,'s-Gravenhage
Menninckstraat,168,"","",2583BV,'s-Gravenhage
Menninckstraat,170,"","",2583BV,'s-Gravenhage
Menninckstraat,172,"","",2583BV,'s-Gravenhage
Menninckstraat,174,"","",2583BV,'s-Gravenhage
Menninckstraat,176,"","",2583BV,'s-Gravenhage
Menninckstraat,178,"","",2583BV,'s-Gravenhage
Menninckstraat,180,"","",2583BV,'s-Gravenhage
Menninckstraat,182,"","",2583BV,'s-Gravenhage
Menninckstraat,184,"","",2583BV,'s-Gravenhage
Menninckstraat,186,"","",2583BV,'s-Gravenhage
Menninckstraat,188,"","",2583BV,'s-Gravenhage
Menninckstraat,190,"","",2583BV,'s-Gravenhage
Menninckstraat,192,"","",2583BV,'s-Gravenhage
Menninckstraat,194,"","",2583BV,'s-Gravenhage
Menninckstraat,196,"","",2583BV,'s-Gravenhage
Menninckstraat,198,"","",2583BV,'s-Gravenhage
Menninckstraat,200,"","",2583BW,'s-Gravenhage
Menninckstraat,202,"","",2583BW,'s-Gravenhage
Menninckstraat,204,"","",2583BW,'s-Gravenhage
Menninckstraat,206,"","",2583BW,'s-Gravenhage
Menninckstraat,208,"","",2583BW,'s-Gravenhage
Menninckstraat,210,"","",2583BW,'s-Gravenhage
Menninckstraat,212,"","",2583BW,'s-Gravenhage
Menninckstraat,214,"","",2583BW,'s-Gravenhage
Menninckstraat,216,"","",2583BW,'s-Gravenhage
Menninckstraat,218,"","",2583BW,'s-Gravenhage
Menninckstraat,220,"","",2583BW,'s-Gravenhage
Menninckstraat,222,"","",2583BW,'s-Gravenhage
Menninckstraat,224,"","",2583BW,'s-Gravenhage
Menninckstraat,226,"","",2583BW,'s-Gravenhage
Menninckstraat,228,"","",2583BW,'s-Gravenhage
Menninckstraat,230,"","",2583BW,'s-Gravenhage
Menninckstraat,232,"","",2583BW,'s-Gravenhage
Menninckstraat,234,"","",2583BW,'s-Gravenhage
Menninckstraat,236,"","",2583BW,'s-Gravenhage
Menninckstraat,238,"","",2583BW,'s-Gravenhage
Menninckstraat,240,"","",2583BW,'s-Gravenhage
Menninckstraat,252,"","",2583BW,'s-Gravenhage
Menninckstraat,254,"","",2583BW,'s-Gravenhage
Menninckstraat,256,"","",2583BW,'s-Gravenhage
Menninckstraat,258,"","",2583BW,'s-Gravenhage
Datheenstraat,1,"","",2583BX,'s-Gravenhage
Datheenstraat,11,"","",2583BX,'s-Gravenhage
Datheenstraat,55,"","",2583BX,'s-Gravenhage
Datheenstraat,57,"","",2583BX,'s-Gravenhage
Datheenstraat,59,"","",2583BX,'s-Gravenhage
Datheenstraat,59,"","",2583BX,'s-Gravenhage
Datheenstraat,59,"","",2583BX,'s-Gravenhage
Datheenstraat,59,A,"",2583BX,'s-Gravenhage
Datheenstraat,61,"","",2583BX,'s-Gravenhage
Datheenstraat,63,"","",2583BX,'s-Gravenhage
Datheenstraat,65,"","",2583BX,'s-Gravenhage
Datheenstraat,67,"","",2583BX,'s-Gravenhage
Datheenstraat,69,"","",2583BX,'s-Gravenhage
Datheenstraat,7,"","",2583BX,'s-Gravenhage
Datheenstraat,71,"","",2583BX,'s-Gravenhage
Datheenstraat,73,"","",2583BX,'s-Gravenhage
Datheenstraat,75,"","",2583BX,'s-Gravenhage
Datheenstraat,77,"","",2583BX,'s-Gravenhage
Datheenstraat,79,"","",2583BX,'s-Gravenhage
Datheenstraat,81,"","",2583BX,'s-Gravenhage
Datheenstraat,83,"","",2583BX,'s-Gravenhage
Datheenstraat,85,"","",2583BX,'s-Gravenhage
Datheenstraat,87,"","",2583BX,'s-Gravenhage
Datheenstraat,89,"","",2583BX,'s-Gravenhage
Datheenstraat,9,"","",2583BX,'s-Gravenhage
Datheenstraat,91,"","",2583BX,'s-Gravenhage
Datheenstraat,93,"","",2583BX,'s-Gravenhage
Datheenstraat,95,"","",2583BX,'s-Gravenhage
Datheenstraat,97,"","",2583BX,'s-Gravenhage
Datheenstraat,99,"","",2583BX,'s-Gravenhage
Datheenstraat,101,"","",2583BZ,'s-Gravenhage
Datheenstraat,103,"","",2583BZ,'s-Gravenhage
Datheenstraat,105,"","",2583BZ,'s-Gravenhage
Datheenstraat,107,"","",2583BZ,'s-Gravenhage
Datheenstraat,109,"","",2583BZ,'s-Gravenhage
Datheenstraat,111,"","",2583BZ,'s-Gravenhage
Datheenstraat,113,"","",2583BZ,'s-Gravenhage
Datheenstraat,115,"","",2583BZ,'s-Gravenhage
Datheenstraat,117,"","",2583BZ,'s-Gravenhage
Datheenstraat,119,"","",2583BZ,'s-Gravenhage
Datheenstraat,121,"","",2583BZ,'s-Gravenhage
Datheenstraat,123,"","",2583BZ,'s-Gravenhage
Datheenstraat,10,"","",2583CA,'s-Gravenhage
Datheenstraat,38,"","",2583CA,'s-Gravenhage
Datheenstraat,40,"","",2583CA,'s-Gravenhage
Datheenstraat,42,"","",2583CA,'s-Gravenhage
Datheenstraat,44,"","",2583CA,'s-Gravenhage
Datheenstraat,46,"","",2583CA,'s-Gravenhage
Datheenstraat,48,"","",2583CA,'s-Gravenhage
Datheenstraat,50,"","",2583CA,'s-Gravenhage
Datheenstraat,52,"","",2583CA,'s-Gravenhage
Datheenstraat,54,"","",2583CA,'s-Gravenhage
Datheenstraat,56,"","",2583CA,'s-Gravenhage
Datheenstraat,58,"","",2583CA,'s-Gravenhage
Datheenstraat,60,"","",2583CA,'s-Gravenhage
Datheenstraat,62,"","",2583CA,'s-Gravenhage
Datheenstraat,64,"","",2583CA,'s-Gravenhage
Datheenstraat,66,"","",2583CA,'s-Gravenhage
Datheenstraat,68,"","",2583CA,'s-Gravenhage
Datheenstraat,70,"","",2583CA,'s-Gravenhage
Datheenstraat,72,"","",2583CA,'s-Gravenhage
Datheenstraat,72,"","",2583CA,'s-Gravenhage
Datheenstraat,72,"","",2583CA,'s-Gravenhage
Datheenstraat,74,"","",2583CA,'s-Gravenhage
Datheenstraat,76,"","",2583CA,'s-Gravenhage
Datheenstraat,80,"","",2583CA,'s-Gravenhage
Koppelstokstraat,103,"","",2583CB,'s-Gravenhage
Koppelstokstraat,105,"","",2583CB,'s-Gravenhage
Koppelstokstraat,107,"","",2583CB,'s-Gravenhage
Koppelstokstraat,109,"","",2583CB,'s-Gravenhage
Koppelstokstraat,11,"","",2583CB,'s-Gravenhage
Koppelstokstraat,111,"","",2583CB,'s-Gravenhage
Koppelstokstraat,113,"","",2583CB,'s-Gravenhage
Koppelstokstraat,115,"","",2583CB,'s-Gravenhage
Koppelstokstraat,117,"","",2583CB,'s-Gravenhage
Koppelstokstraat,13,"","",2583CB,'s-Gravenhage
Koppelstokstraat,15,"","",2583CB,'s-Gravenhage
Koppelstokstraat,17,"","",2583CB,'s-Gravenhage
Koppelstokstraat,19,"","",2583CB,'s-Gravenhage
Koppelstokstraat,21,"","",2583CB,'s-Gravenhage
Koppelstokstraat,23,"","",2583CB,'s-Gravenhage
Koppelstokstraat,27,"","",2583CB,'s-Gravenhage
Koppelstokstraat,29,"","",2583CB,'s-Gravenhage
Koppelstokstraat,31,"","",2583CB,'s-Gravenhage
Koppelstokstraat,33,"","",2583CB,'s-Gravenhage
Koppelstokstraat,35,"","",2583CB,'s-Gravenhage
Koppelstokstraat,37,"","",2583CB,'s-Gravenhage
Koppelstokstraat,39,"","",2583CB,'s-Gravenhage
Koppelstokstraat,41,"","",2583CB,'s-Gravenhage
Koppelstokstraat,43,"","",2583CB,'s-Gravenhage
Koppelstokstraat,47,"","",2583CB,'s-Gravenhage
Koppelstokstraat,49,"","",2583CB,'s-Gravenhage
Koppelstokstraat,5,"","",2583CB,'s-Gravenhage
Koppelstokstraat,5,"","",2583CB,'s-Gravenhage
Koppelstokstraat,51,"","",2583CB,'s-Gravenhage
Koppelstokstraat,53,"","",2583CB,'s-Gravenhage
Koppelstokstraat,65,"","",2583CB,'s-Gravenhage
Koppelstokstraat,7,"","",2583CB,'s-Gravenhage
Koppelstokstraat,7,T,"",2583CB,'s-Gravenhage
Koppelstokstraat,75,"","",2583CB,'s-Gravenhage
Koppelstokstraat,75,"","",2583CB,'s-Gravenhage
Koppelstokstraat,77,"","",2583CB,'s-Gravenhage
Koppelstokstraat,81,"","",2583CB,'s-Gravenhage
Koppelstokstraat,81,"","",2583CB,'s-Gravenhage
Koppelstokstraat,81,"","",2583CB,'s-Gravenhage
Koppelstokstraat,83,"","",2583CB,'s-Gravenhage
Koppelstokstraat,83,"","",2583CB,'s-Gravenhage
Koppelstokstraat,83,"","",2583CB,'s-Gravenhage
Koppelstokstraat,85,"","",2583CB,'s-Gravenhage
Koppelstokstraat,85,"","",2583CB,'s-Gravenhage
Koppelstokstraat,85,"","",2583CB,'s-Gravenhage
Koppelstokstraat,87,"","",2583CB,'s-Gravenhage
Koppelstokstraat,87,"","",2583CB,'s-Gravenhage
Koppelstokstraat,87,"","",2583CB,'s-Gravenhage
Koppelstokstraat,89,"","",2583CB,'s-Gravenhage
Koppelstokstraat,89,"","",2583CB,'s-Gravenhage
Koppelstokstraat,89,"","",2583CB,'s-Gravenhage
Koppelstokstraat,9,"","",2583CB,'s-Gravenhage
Koppelstokstraat,91,"","",2583CB,'s-Gravenhage
Koppelstokstraat,91,"","",2583CB,'s-Gravenhage
Koppelstokstraat,91,"","",2583CB,'s-Gravenhage
Koppelstokstraat,93,"","",2583CB,'s-Gravenhage
Koppelstokstraat,93,"","",2583CB,'s-Gravenhage
Koppelstokstraat,119,"","",2583CC,'s-Gravenhage
Koppelstokstraat,121,"","",2583CC,'s-Gravenhage
Koppelstokstraat,123,"","",2583CC,'s-Gravenhage
Koppelstokstraat,125,"","",2583CC,'s-Gravenhage
Koppelstokstraat,127,"","",2583CC,'s-Gravenhage
Koppelstokstraat,145,"","",2583CC,'s-Gravenhage
Koppelstokstraat,147,"","",2583CC,'s-Gravenhage
Koppelstokstraat,149,"","",2583CC,'s-Gravenhage
Koppelstokstraat,151,"","",2583CC,'s-Gravenhage
Koppelstokstraat,153,"","",2583CC,'s-Gravenhage
Koppelstokstraat,155,"","",2583CC,'s-Gravenhage
Koppelstokstraat,157,"","",2583CC,'s-Gravenhage
Koppelstokstraat,159,"","",2583CC,'s-Gravenhage
Koppelstokstraat,161,"","",2583CC,'s-Gravenhage
Koppelstokstraat,163,"","",2583CC,'s-Gravenhage
Koppelstokstraat,165,"","",2583CC,'s-Gravenhage
Koppelstokstraat,167,"","",2583CC,'s-Gravenhage
Koppelstokstraat,169,"","",2583CC,'s-Gravenhage
Koppelstokstraat,171,"","",2583CC,'s-Gravenhage
Koppelstokstraat,173,"","",2583CC,'s-Gravenhage
Koppelstokstraat,175,"","",2583CC,'s-Gravenhage
Koppelstokstraat,177,"","",2583CC,'s-Gravenhage
Koppelstokstraat,179,"","",2583CC,'s-Gravenhage
Koppelstokstraat,181,"","",2583CC,'s-Gravenhage
Koppelstokstraat,183,"","",2583CD,'s-Gravenhage
Koppelstokstraat,185,"","",2583CD,'s-Gravenhage
Koppelstokstraat,187,"","",2583CD,'s-Gravenhage
Koppelstokstraat,189,"","",2583CD,'s-Gravenhage
Koppelstokstraat,191,"","",2583CD,'s-Gravenhage
Koppelstokstraat,193,"","",2583CD,'s-Gravenhage
Koppelstokstraat,195,"","",2583CD,'s-Gravenhage
Koppelstokstraat,197,"","",2583CD,'s-Gravenhage
Koppelstokstraat,199,"","",2583CD,'s-Gravenhage
Koppelstokstraat,201,"","",2583CD,'s-Gravenhage
Koppelstokstraat,203,"","",2583CD,'s-Gravenhage
Koppelstokstraat,205,"","",2583CD,'s-Gravenhage
Koppelstokstraat,207,"","",2583CD,'s-Gravenhage
Koppelstokstraat,209,"","",2583CD,'s-Gravenhage
Koppelstokstraat,211,"","",2583CD,'s-Gravenhage
Koppelstokstraat,213,"","",2583CD,'s-Gravenhage
Koppelstokstraat,215,"","",2583CD,'s-Gravenhage
Koppelstokstraat,10,"","",2583CE,'s-Gravenhage
Koppelstokstraat,14,"","",2583CE,'s-Gravenhage
Koppelstokstraat,18,"","",2583CE,'s-Gravenhage
Koppelstokstraat,28,"","",2583CE,'s-Gravenhage
Koppelstokstraat,30,"","",2583CE,'s-Gravenhage
Koppelstokstraat,36,"","",2583CE,'s-Gravenhage
Koppelstokstraat,38,"","",2583CE,'s-Gravenhage
Koppelstokstraat,4,"","",2583CE,'s-Gravenhage
Koppelstokstraat,44,"","",2583CE,'s-Gravenhage
Koppelstokstraat,46,"","",2583CE,'s-Gravenhage
Koppelstokstraat,50,"","",2583CE,'s-Gravenhage
Koppelstokstraat,50,"","",2583CE,'s-Gravenhage
Koppelstokstraat,50,A,"",2583CE,'s-Gravenhage
Koppelstokstraat,52,"","",2583CE,'s-Gravenhage
Koppelstokstraat,52,"","",2583CE,'s-Gravenhage
Koppelstokstraat,52,"","",2583CE,'s-Gravenhage
Koppelstokstraat,54,"","",2583CE,'s-Gravenhage
Koppelstokstraat,56,"","",2583CE,'s-Gravenhage
Koppelstokstraat,58,"","",2583CE,'s-Gravenhage
Koppelstokstraat,60,"","",2583CE,'s-Gravenhage
Koppelstokstraat,62,"","",2583CE,'s-Gravenhage
Koppelstokstraat,64,"","",2583CE,'s-Gravenhage
Koppelstokstraat,66,"","",2583CE,'s-Gravenhage
Koppelstokstraat,68,"","",2583CE,'s-Gravenhage
Koppelstokstraat,70,"","",2583CE,'s-Gravenhage
Koppelstokstraat,72,"","",2583CE,'s-Gravenhage
Koppelstokstraat,74,"","",2583CE,'s-Gravenhage
Koppelstokstraat,76,"","",2583CE,'s-Gravenhage
Koppelstokstraat,78,"","",2583CE,'s-Gravenhage
Koppelstokstraat,80,"","",2583CE,'s-Gravenhage
Koppelstokstraat,82,"","",2583CE,'s-Gravenhage
Koppelstokstraat,84,"","",2583CE,'s-Gravenhage
Koppelstokstraat,86,"","",2583CE,'s-Gravenhage
Koppelstokstraat,88,"","",2583CE,'s-Gravenhage
Koppelstokstraat,88,"","",2583CE,'s-Gravenhage
Koppelstokstraat,90,"","",2583CE,'s-Gravenhage
Koppelstokstraat,90,"","",2583CE,'s-Gravenhage
Koppelstokstraat,100,"","",2583CG,'s-Gravenhage
Koppelstokstraat,102,"","",2583CG,'s-Gravenhage
Koppelstokstraat,104,"","",2583CG,'s-Gravenhage
Koppelstokstraat,106,"","",2583CG,'s-Gravenhage
Koppelstokstraat,108,"","",2583CG,'s-Gravenhage
Koppelstokstraat,110,"","",2583CG,'s-Gravenhage
Koppelstokstraat,112,"","",2583CG,'s-Gravenhage
Koppelstokstraat,114,"","",2583CG,'s-Gravenhage
Koppelstokstraat,116,"","",2583CG,'s-Gravenhage
Koppelstokstraat,118,"","",2583CG,'s-Gravenhage
Koppelstokstraat,120,"","",2583CG,'s-Gravenhage
Koppelstokstraat,122,"","",2583CG,'s-Gravenhage
Koppelstokstraat,124,"","",2583CG,'s-Gravenhage
Koppelstokstraat,128,"","",2583CG,'s-Gravenhage
Koppelstokstraat,130,"","",2583CG,'s-Gravenhage
Koppelstokstraat,132,"","",2583CG,'s-Gravenhage
Koppelstokstraat,134,"","",2583CG,'s-Gravenhage
Koppelstokstraat,136,"","",2583CG,'s-Gravenhage
Koppelstokstraat,138,"","",2583CG,'s-Gravenhage
Koppelstokstraat,138,"","",2583CG,'s-Gravenhage
Koppelstokstraat,138,"","",2583CG,'s-Gravenhage
Koppelstokstraat,138,"","",2583CG,'s-Gravenhage
Koppelstokstraat,138,"","",2583CG,'s-Gravenhage
Koppelstokstraat,138,A,"",2583CG,'s-Gravenhage
Koppelstokstraat,138,A,"",2583CG,'s-Gravenhage
Koppelstokstraat,138,A,"",2583CG,'s-Gravenhage
Koppelstokstraat,138,A,"",2583CG,'s-Gravenhage
Koppelstokstraat,140,"","",2583CG,'s-Gravenhage
Koppelstokstraat,142,"","",2583CG,'s-Gravenhage
Koppelstokstraat,144,"","",2583CG,'s-Gravenhage
Koppelstokstraat,92,"","",2583CG,'s-Gravenhage
Koppelstokstraat,94,"","",2583CG,'s-Gravenhage
Koppelstokstraat,94,A,"",2583CG,'s-Gravenhage
Koppelstokstraat,96,"","",2583CG,'s-Gravenhage
Koppelstokstraat,96,A,"",2583CG,'s-Gravenhage
Koppelstokstraat,98,"","",2583CG,'s-Gravenhage
Koppelstokstraat,146,"","",2583CH,'s-Gravenhage
Koppelstokstraat,146,A,"",2583CH,'s-Gravenhage
Koppelstokstraat,146,A,"",2583CH,'s-Gravenhage
Koppelstokstraat,146,B,"",2583CH,'s-Gravenhage
Koppelstokstraat,148,"","",2583CH,'s-Gravenhage
Koppelstokstraat,148,"","",2583CH,'s-Gravenhage
Koppelstokstraat,148,A,"",2583CH,'s-Gravenhage
Koppelstokstraat,148,B,"",2583CH,'s-Gravenhage
Koppelstokstraat,148,C,"",2583CH,'s-Gravenhage
Koppelstokstraat,150,"","",2583CH,'s-Gravenhage
Koppelstokstraat,152,"","",2583CH,'s-Gravenhage
Koppelstokstraat,154,"","",2583CH,'s-Gravenhage
Koppelstokstraat,156,"","",2583CH,'s-Gravenhage
Koppelstokstraat,158,"","",2583CH,'s-Gravenhage
Koppelstokstraat,160,"","",2583CH,'s-Gravenhage
Koppelstokstraat,162,"","",2583CH,'s-Gravenhage
Koppelstokstraat,164,"","",2583CH,'s-Gravenhage
Koppelstokstraat,166,"","",2583CH,'s-Gravenhage
Koppelstokstraat,168,"","",2583CH,'s-Gravenhage
Koppelstokstraat,170,"","",2583CH,'s-Gravenhage
Koppelstokstraat,172,"","",2583CH,'s-Gravenhage
Koppelstokstraat,174,"","",2583CH,'s-Gravenhage
Koppelstokstraat,176,"","",2583CH,'s-Gravenhage
Koppelstokstraat,178,"","",2583CH,'s-Gravenhage
Koppelstokstraat,180,"","",2583CH,'s-Gravenhage
Koppelstokstraat,182,"","",2583CH,'s-Gravenhage
Koppelstokstraat,184,"","",2583CH,'s-Gravenhage
Koppelstokstraat,186,"","",2583CH,'s-Gravenhage
Koppelstokstraat,188,"","",2583CH,'s-Gravenhage
Koppelstokstraat,190,"","",2583CH,'s-Gravenhage
Koppelstokstraat,192,"","",2583CH,'s-Gravenhage
Koppelstokstraat,194,"","",2583CH,'s-Gravenhage
Koppelstokstraat,196,"","",2583CH,'s-Gravenhage
Koppelstokstraat,198,"","",2583CH,'s-Gravenhage
Koppelstokstraat,198,C,"",2583CH,'s-Gravenhage
Koppelstokstraat,200,"","",2583CJ,'s-Gravenhage
Koppelstokstraat,202,"","",2583CJ,'s-Gravenhage
Koppelstokstraat,204,"","",2583CJ,'s-Gravenhage
Koppelstokstraat,206,"","",2583CJ,'s-Gravenhage
Koppelstokstraat,208,"","",2583CJ,'s-Gravenhage
Koppelstokstraat,210,"","",2583CJ,'s-Gravenhage
Koppelstokstraat,212,"","",2583CJ,'s-Gravenhage
Koppelstokstraat,214,"","",2583CJ,'s-Gravenhage
Koppelstokstraat,216,"","",2583CJ,'s-Gravenhage
Koppelstokstraat,218,"","",2583CJ,'s-Gravenhage
Koppelstokstraat,220,"","",2583CJ,'s-Gravenhage
Koppelstokstraat,222,"","",2583CJ,'s-Gravenhage
Koppelstokstraat,224,"","",2583CJ,'s-Gravenhage
Koppelstokstraat,226,"","",2583CJ,'s-Gravenhage
Koppelstokstraat,228,"","",2583CJ,'s-Gravenhage
Koppelstokstraat,230,"","",2583CJ,'s-Gravenhage
Koppelstokstraat,232,"","",2583CJ,'s-Gravenhage
Koppelstokstraat,234,"","",2583CJ,'s-Gravenhage
Koppelstokstraat,236,"","",2583CJ,'s-Gravenhage
Koppelstokstraat,238,"","",2583CJ,'s-Gravenhage
Koppelstokstraat,240,"","",2583CJ,'s-Gravenhage
Koppelstokstraat,242,"","",2583CJ,'s-Gravenhage
Koppelstokstraat,244,"","",2583CJ,'s-Gravenhage
Koppelstokstraat,246,"","",2583CJ,'s-Gravenhage
Koppelstokstraat,248,"","",2583CJ,'s-Gravenhage
Koppelstokstraat,250,"","",2583CK,'s-Gravenhage
Koppelstokstraat,252,"","",2583CK,'s-Gravenhage
Koppelstokstraat,254,"","",2583CK,'s-Gravenhage
Koppelstokstraat,256,"","",2583CK,'s-Gravenhage
Koppelstokstraat,258,"","",2583CK,'s-Gravenhage
Koppelstokstraat,260,"","",2583CK,'s-Gravenhage
Koppelstokstraat,262,"","",2583CK,'s-Gravenhage
Koppelstokstraat,264,"","",2583CK,'s-Gravenhage
Koppelstokstraat,266,"","",2583CK,'s-Gravenhage
Koppelstokstraat,268,"","",2583CK,'s-Gravenhage
Koppelstokstraat,270,"","",2583CK,'s-Gravenhage
Koppelstokstraat,272,"","",2583CK,'s-Gravenhage
Koppelstokstraat,274,"","",2583CK,'s-Gravenhage
Koppelstokstraat,276,"","",2583CK,'s-Gravenhage
Koppelstokstraat,278,"","",2583CK,'s-Gravenhage
Koppelstokstraat,280,"","",2583CK,'s-Gravenhage
Koppelstokstraat,282,"","",2583CK,'s-Gravenhage
Koppelstokstraat,284,"","",2583CK,'s-Gravenhage
Koppelstokstraat,286,"","",2583CK,'s-Gravenhage
Koppelstokstraat,288,"","",2583CK,'s-Gravenhage
Koppelstokstraat,290,"","",2583CK,'s-Gravenhage
Koppelstokstraat,292,"","",2583CK,'s-Gravenhage
Koppelstokstraat,294,"","",2583CK,'s-Gravenhage
Koppelstokstraat,296,"","",2583CK,'s-Gravenhage
Dr. Lelykade,1,C,"",2583CL,'s-Gravenhage
Dr. Lelykade,1,D,"",2583CL,'s-Gravenhage
Dr. Lelykade,11,"","",2583CL,'s-Gravenhage
Dr. Lelykade,13,"","",2583CL,'s-Gravenhage
Dr. Lelykade,15,"","",2583CL,'s-Gravenhage
Dr. Lelykade,17,"","",2583CL,'s-Gravenhage
Dr. Lelykade,19,"","",2583CL,'s-Gravenhage
Dr. Lelykade,21,"","",2583CL,'s-Gravenhage
Dr. Lelykade,23,"","",2583CL,'s-Gravenhage
Dr. Lelykade,23,T,"",2583CL,'s-Gravenhage
Dr. Lelykade,25,"","",2583CL,'s-Gravenhage
Dr. Lelykade,29,"","",2583CL,'s-Gravenhage
Dr. Lelykade,3,"","",2583CL,'s-Gravenhage
Dr. Lelykade,3,"","",2583CL,'s-Gravenhage
Dr. Lelykade,3,A,"",2583CL,'s-Gravenhage
Dr. Lelykade,3,D,"",2583CL,'s-Gravenhage
Dr. Lelykade,3,H,"",2583CL,'s-Gravenhage
Dr. Lelykade,3,H,"",2583CL,'s-Gravenhage
Dr. Lelykade,3,R,"",2583CL,'s-Gravenhage
Dr. Lelykade,31,"","",2583CL,'s-Gravenhage
Dr. Lelykade,35,"","",2583CL,'s-Gravenhage
Dr. Lelykade,37,"","",2583CL,'s-Gravenhage
Dr. Lelykade,37,"","",2583CL,'s-Gravenhage
Dr. Lelykade,39,"","",2583CL,'s-Gravenhage
Dr. Lelykade,43,"","",2583CL,'s-Gravenhage
Dr. Lelykade,43,"","",2583CL,'s-Gravenhage
Dr. Lelykade,5,"","",2583CL,'s-Gravenhage
Dr. Lelykade,10,"","",2583CM,'s-Gravenhage
Dr. Lelykade,10,A,"",2583CM,'s-Gravenhage
Dr. Lelykade,10,B,"",2583CM,'s-Gravenhage
Dr. Lelykade,10,C,"",2583CM,'s-Gravenhage
Dr. Lelykade,100,"","",2583CM,'s-Gravenhage
Dr. Lelykade,102,"","",2583CM,'s-Gravenhage
Dr. Lelykade,102,A,"",2583CM,'s-Gravenhage
Dr. Lelykade,104,"","",2583CM,'s-Gravenhage
Dr. Lelykade,106,"","",2583CM,'s-Gravenhage
Dr. Lelykade,12,"","",2583CM,'s-Gravenhage
Dr. Lelykade,12,A,"",2583CM,'s-Gravenhage
Dr. Lelykade,12,B,"",2583CM,'s-Gravenhage
Dr. Lelykade,12,C,"",2583CM,'s-Gravenhage
Dr. Lelykade,14,"","",2583CM,'s-Gravenhage
Dr. Lelykade,14,"","",2583CM,'s-Gravenhage
Dr. Lelykade,14,A,"",2583CM,'s-Gravenhage
Dr. Lelykade,14,A,"",2583CM,'s-Gravenhage
Dr. Lelykade,14,B,"",2583CM,'s-Gravenhage
Dr. Lelykade,14,B,"",2583CM,'s-Gravenhage
Dr. Lelykade,16,"","",2583CM,'s-Gravenhage
Dr. Lelykade,16,A,"",2583CM,'s-Gravenhage
Dr. Lelykade,16,B,"",2583CM,'s-Gravenhage
Dr. Lelykade,18,"","",2583CM,'s-Gravenhage
Dr. Lelykade,18,A,"",2583CM,'s-Gravenhage
Dr. Lelykade,18,B,"",2583CM,'s-Gravenhage
Dr. Lelykade,2,"","",2583CM,'s-Gravenhage
Dr. Lelykade,2,"","",2583CM,'s-Gravenhage
Dr. Lelykade,20,"","",2583CM,'s-Gravenhage
Dr. Lelykade,20,"","",2583CM,'s-Gravenhage
Dr. Lelykade,20,A,"",2583CM,'s-Gravenhage
Dr. Lelykade,20,A,"",2583CM,'s-Gravenhage
Dr. Lelykade,20,B,"",2583CM,'s-Gravenhage
Dr. Lelykade,22,"","",2583CM,'s-Gravenhage
Dr. Lelykade,22,A,"",2583CM,'s-Gravenhage
Dr. Lelykade,22,B,"",2583CM,'s-Gravenhage
Zeesluisweg,228,"","",2583CM,'s-Gravenhage
Zeesluisweg,228,"","",2583CM,'s-Gravenhage
Dr. Lelykade,24,"","",2583CM,'s-Gravenhage
Dr. Lelykade,24,A,"",2583CM,'s-Gravenhage
Dr. Lelykade,24,T,"",2583CM,'s-Gravenhage
Dr. Lelykade,26,"","",2583CM,'s-Gravenhage
Dr. Lelykade,26,"","",2583CM,'s-Gravenhage
Dr. Lelykade,28,A,"",2583CM,'s-Gravenhage
Dr. Lelykade,28,B,"",2583CM,'s-Gravenhage
Dr. Lelykade,28,K,"",2583CM,'s-Gravenhage
Dr. Lelykade,28,K,"",2583CM,'s-Gravenhage
Dr. Lelykade,30,"","",2583CM,'s-Gravenhage
Dr. Lelykade,32,"","",2583CM,'s-Gravenhage
Dr. Lelykade,34,"","",2583CM,'s-Gravenhage
Dr. Lelykade,34,"","",2583CM,'s-Gravenhage
Dr. Lelykade,34,A,"",2583CM,'s-Gravenhage
Dr. Lelykade,34,A,"",2583CM,'s-Gravenhage
Dr. Lelykade,34,B,"",2583CM,'s-Gravenhage
Dr. Lelykade,34,C,"",2583CM,'s-Gravenhage
Dr. Lelykade,34,D,"",2583CM,'s-Gravenhage
Dr. Lelykade,34,E,"",2583CM,'s-Gravenhage
Dr. Lelykade,34,F,"",2583CM,'s-Gravenhage
Dr. Lelykade,34,G,"",2583CM,'s-Gravenhage
Dr. Lelykade,34,H,"",2583CM,'s-Gravenhage
Dr. Lelykade,36,"","",2583CM,'s-Gravenhage
Dr. Lelykade,36,"","",2583CM,'s-Gravenhage
Dr. Lelykade,36,A,"",2583CM,'s-Gravenhage
Dr. Lelykade,36,B,"",2583CM,'s-Gravenhage
Dr. Lelykade,36,C,"",2583CM,'s-Gravenhage
Dr. Lelykade,36,D,"",2583CM,'s-Gravenhage
Dr. Lelykade,36,E,"",2583CM,'s-Gravenhage
Dr. Lelykade,36,F,"",2583CM,'s-Gravenhage
Dr. Lelykade,36,G,"",2583CM,'s-Gravenhage
Dr. Lelykade,36,H,"",2583CM,'s-Gravenhage
Dr. Lelykade,36,J,"",2583CM,'s-Gravenhage
Dr. Lelykade,36,L,"",2583CM,'s-Gravenhage
Dr. Lelykade,38,"","",2583CM,'s-Gravenhage
Dr. Lelykade,38,"","",2583CM,'s-Gravenhage
Dr. Lelykade,38,A,"",2583CM,'s-Gravenhage
Dr. Lelykade,38,A,"",2583CM,'s-Gravenhage
Dr. Lelykade,38,B,"",2583CM,'s-Gravenhage
Dr. Lelykade,38,C,"",2583CM,'s-Gravenhage
Dr. Lelykade,38,D,"",2583CM,'s-Gravenhage
Dr. Lelykade,38,E,"",2583CM,'s-Gravenhage
Dr. Lelykade,38,F,"",2583CM,'s-Gravenhage
Dr. Lelykade,38,G,"",2583CM,'s-Gravenhage
Dr. Lelykade,38,H,"",2583CM,'s-Gravenhage
Dr. Lelykade,38,K,"",2583CM,'s-Gravenhage
Dr. Lelykade,4,A,"",2583CM,'s-Gravenhage
Dr. Lelykade,4,T,"",2583CM,'s-Gravenhage
Dr. Lelykade,4,U,"",2583CM,'s-Gravenhage
Dr. Lelykade,40,"","",2583CM,'s-Gravenhage
Dr. Lelykade,40,A,"",2583CM,'s-Gravenhage
Dr. Lelykade,40,B,"",2583CM,'s-Gravenhage
Dr. Lelykade,40,C,"",2583CM,'s-Gravenhage
Dr. Lelykade,40,D,"",2583CM,'s-Gravenhage
Dr. Lelykade,40,E,"",2583CM,'s-Gravenhage
Dr. Lelykade,40,F,"",2583CM,'s-Gravenhage
Dr. Lelykade,40,G,"",2583CM,'s-Gravenhage
Dr. Lelykade,40,H,"",2583CM,'s-Gravenhage
Dr. Lelykade,42,"","",2583CM,'s-Gravenhage
Dr. Lelykade,42,"","",2583CM,'s-Gravenhage
Dr. Lelykade,42,A,"",2583CM,'s-Gravenhage
Dr. Lelykade,42,B,"",2583CM,'s-Gravenhage
Dr. Lelykade,42,C,"",2583CM,'s-Gravenhage
Dr. Lelykade,42,D,"",2583CM,'s-Gravenhage
Dr. Lelykade,42,E,"",2583CM,'s-Gravenhage
Dr. Lelykade,42,F,"",2583CM,'s-Gravenhage
Dr. Lelykade,42,G,"",2583CM,'s-Gravenhage
Dr. Lelykade,42,H,"",2583CM,'s-Gravenhage
Dr. Lelykade,42,K,"",2583CM,'s-Gravenhage
Dr. Lelykade,42,M,"",2583CM,'s-Gravenhage
Dr. Lelykade,44,"","",2583CM,'s-Gravenhage
Dr. Lelykade,44,"","",2583CM,'s-Gravenhage
Dr. Lelykade,44,A,"",2583CM,'s-Gravenhage
Dr. Lelykade,44,B,"",2583CM,'s-Gravenhage
Dr. Lelykade,44,C,"",2583CM,'s-Gravenhage
Dr. Lelykade,44,D,"",2583CM,'s-Gravenhage
Dr. Lelykade,44,E,"",2583CM,'s-Gravenhage
Dr. Lelykade,44,F,"",2583CM,'s-Gravenhage
Dr. Lelykade,44,G,"",2583CM,'s-Gravenhage
Dr. Lelykade,44,H,"",2583CM,'s-Gravenhage
Dr. Lelykade,44,K,"",2583CM,'s-Gravenhage
Dr. Lelykade,46,"","",2583CM,'s-Gravenhage
Dr. Lelykade,46,"","",2583CM,'s-Gravenhage
Dr. Lelykade,46,A,"",2583CM,'s-Gravenhage
Dr. Lelykade,46,B,"",2583CM,'s-Gravenhage
Dr. Lelykade,46,C,"",2583CM,'s-Gravenhage
Dr. Lelykade,46,D,"",2583CM,'s-Gravenhage
Dr. Lelykade,46,E,"",2583CM,'s-Gravenhage
Dr. Lelykade,46,F,"",2583CM,'s-Gravenhage
Dr. Lelykade,46,G,"",2583CM,'s-Gravenhage
Dr. Lelykade,46,H,"",2583CM,'s-Gravenhage
Dr. Lelykade,46,J,"",2583CM,'s-Gravenhage
Dr. Lelykade,46,K,"",2583CM,'s-Gravenhage
Dr. Lelykade,46,L,"",2583CM,'s-Gravenhage
Dr. Lelykade,48,"","",2583CM,'s-Gravenhage
Dr. Lelykade,48,"","",2583CM,'s-Gravenhage
Dr. Lelykade,48,A,"",2583CM,'s-Gravenhage
Dr. Lelykade,48,B,"",2583CM,'s-Gravenhage
Dr. Lelykade,48,C,"",2583CM,'s-Gravenhage
Dr. Lelykade,48,D,"",2583CM,'s-Gravenhage
Dr. Lelykade,48,E,"",2583CM,'s-Gravenhage
Dr. Lelykade,48,F,"",2583CM,'s-Gravenhage
Dr. Lelykade,48,G,"",2583CM,'s-Gravenhage
Dr. Lelykade,48,H,"",2583CM,'s-Gravenhage
Dr. Lelykade,50,"","",2583CM,'s-Gravenhage
Dr. Lelykade,50,A,"",2583CM,'s-Gravenhage
Dr. Lelykade,50,B,"",2583CM,'s-Gravenhage
Dr. Lelykade,50,C,"",2583CM,'s-Gravenhage
Dr. Lelykade,50,D,"",2583CM,'s-Gravenhage
Dr. Lelykade,50,E,"",2583CM,'s-Gravenhage
Dr. Lelykade,50,F,"",2583CM,'s-Gravenhage
Dr. Lelykade,50,G,"",2583CM,'s-Gravenhage
Dr. Lelykade,50,H,"",2583CM,'s-Gravenhage
Dr. Lelykade,50,K,"",2583CM,'s-Gravenhage
Dr. Lelykade,54,A,"",2583CM,'s-Gravenhage
Dr. Lelykade,54,B,"",2583CM,'s-Gravenhage
Dr. Lelykade,56,"","",2583CM,'s-Gravenhage
Dr. Lelykade,56,A,"",2583CM,'s-Gravenhage
Dr. Lelykade,56,B,"",2583CM,'s-Gravenhage
Dr. Lelykade,58,"","",2583CM,'s-Gravenhage
Dr. Lelykade,58,A,"",2583CM,'s-Gravenhage
Dr. Lelykade,58,B,"",2583CM,'s-Gravenhage
Dr. Lelykade,6,"","",2583CM,'s-Gravenhage
Dr. Lelykade,60,"","",2583CM,'s-Gravenhage
Dr. Lelykade,60,A,"",2583CM,'s-Gravenhage
Dr. Lelykade,62,"","",2583CM,'s-Gravenhage
Dr. Lelykade,62,A,"",2583CM,'s-Gravenhage
Dr. Lelykade,64,"","",2583CM,'s-Gravenhage
Dr. Lelykade,64,A,"",2583CM,'s-Gravenhage
Dr. Lelykade,64,A,"",2583CM,'s-Gravenhage
Dr. Lelykade,64,A,"",2583CM,'s-Gravenhage
Dr. Lelykade,64,A,"",2583CM,'s-Gravenhage
Dr. Lelykade,64,B,"",2583CM,'s-Gravenhage
Dr. Lelykade,64,B,"",2583CM,'s-Gravenhage
Dr. Lelykade,66,"","",2583CM,'s-Gravenhage
Dr. Lelykade,66,A,"",2583CM,'s-Gravenhage
Dr. Lelykade,66,B,"",2583CM,'s-Gravenhage
Dr. Lelykade,68,"","",2583CM,'s-Gravenhage
Dr. Lelykade,68,"","",2583CM,'s-Gravenhage
Dr. Lelykade,68,"","",2583CM,'s-Gravenhage
Dr. Lelykade,68,A,"",2583CM,'s-Gravenhage
Dr. Lelykade,70,"","",2583CM,'s-Gravenhage
Dr. Lelykade,70,"","",2583CM,'s-Gravenhage
Dr. Lelykade,70,"","",2583CM,'s-Gravenhage
Dr. Lelykade,70,A,"",2583CM,'s-Gravenhage
Dr. Lelykade,72,"","",2583CM,'s-Gravenhage
Dr. Lelykade,74,"","",2583CM,'s-Gravenhage
Dr. Lelykade,74,A,"",2583CM,'s-Gravenhage
Dr. Lelykade,76,"","",2583CM,'s-Gravenhage
Dr. Lelykade,76,A,"",2583CM,'s-Gravenhage
Dr. Lelykade,78,"","",2583CM,'s-Gravenhage
Dr. Lelykade,78,A,"",2583CM,'s-Gravenhage
Dr. Lelykade,8,"","",2583CM,'s-Gravenhage
Dr. Lelykade,8,D,"",2583CM,'s-Gravenhage
Dr. Lelykade,80,"","",2583CM,'s-Gravenhage
Dr. Lelykade,82,"","",2583CM,'s-Gravenhage
Dr. Lelykade,82,A,"",2583CM,'s-Gravenhage
Dr. Lelykade,84,"","",2583CM,'s-Gravenhage
Dr. Lelykade,84,A,"",2583CM,'s-Gravenhage
Dr. Lelykade,86,"","",2583CM,'s-Gravenhage
Dr. Lelykade,86,A,"",2583CM,'s-Gravenhage
Dr. Lelykade,88,"","",2583CM,'s-Gravenhage
Dr. Lelykade,90,"","",2583CM,'s-Gravenhage
Dr. Lelykade,90,A,"",2583CM,'s-Gravenhage
Dr. Lelykade,92,"","",2583CM,'s-Gravenhage
Dr. Lelykade,92,A,"",2583CM,'s-Gravenhage
Dr. Lelykade,94,"","",2583CM,'s-Gravenhage
Dr. Lelykade,94,A,"",2583CM,'s-Gravenhage
Dr. Lelykade,96,"","",2583CM,'s-Gravenhage
Dr. Lelykade,96,A,"",2583CM,'s-Gravenhage
Dr. Lelykade,98,"","",2583CM,'s-Gravenhage
Dr. Lelykade,98,A,"",2583CM,'s-Gravenhage
Dr. Lelykade,116,"","",2583CN,'s-Gravenhage
Dr. Lelykade,116,A,"",2583CN,'s-Gravenhage
Dr. Lelykade,118,"","",2583CN,'s-Gravenhage
Dr. Lelykade,118,A,"",2583CN,'s-Gravenhage
Dr. Lelykade,120,"","",2583CN,'s-Gravenhage
Dr. Lelykade,120,A,"",2583CN,'s-Gravenhage
Dr. Lelykade,122,"","",2583CN,'s-Gravenhage
Dr. Lelykade,122,A,"",2583CN,'s-Gravenhage
Dr. Lelykade,124,"","",2583CN,'s-Gravenhage
Dr. Lelykade,124,A,"",2583CN,'s-Gravenhage
Dr. Lelykade,126,"","",2583CN,'s-Gravenhage
Dr. Lelykade,126,A,"",2583CN,'s-Gravenhage
Dr. Lelykade,128,"","",2583CN,'s-Gravenhage
Dr. Lelykade,128,A,"",2583CN,'s-Gravenhage
Dr. Lelykade,130,"","",2583CN,'s-Gravenhage
Dr. Lelykade,130,A,"",2583CN,'s-Gravenhage
Dr. Lelykade,132,"","",2583CN,'s-Gravenhage
Dr. Lelykade,132,A,"",2583CN,'s-Gravenhage
Dr. Lelykade,134,"","",2583CN,'s-Gravenhage
Dr. Lelykade,134,A,"",2583CN,'s-Gravenhage
Dr. Lelykade,136,"","",2583CN,'s-Gravenhage
Dr. Lelykade,136,A,"",2583CN,'s-Gravenhage
Dr. Lelykade,138,"","",2583CN,'s-Gravenhage
Dr. Lelykade,140,"","",2583CN,'s-Gravenhage
Dr. Lelykade,142,"","",2583CN,'s-Gravenhage
Dr. Lelykade,144,"","",2583CN,'s-Gravenhage
Dr. Lelykade,150,"","",2583CN,'s-Gravenhage
Dr. Lelykade,150,"","",2583CN,'s-Gravenhage
Dr. Lelykade,150,"","",2583CN,'s-Gravenhage
Dr. Lelykade,150,A,"",2583CN,'s-Gravenhage
Dr. Lelykade,150,A,"",2583CN,'s-Gravenhage
Dr. Lelykade,152,"","",2583CN,'s-Gravenhage
Dr. Lelykade,152,"","",2583CN,'s-Gravenhage
Dr. Lelykade,152,"","",2583CN,'s-Gravenhage
Dr. Lelykade,152,A,"",2583CN,'s-Gravenhage
Dr. Lelykade,152,A,"",2583CN,'s-Gravenhage
Dr. Lelykade,154,"","",2583CN,'s-Gravenhage
Dr. Lelykade,154,"","",2583CN,'s-Gravenhage
Dr. Lelykade,154,"","",2583CN,'s-Gravenhage
Dr. Lelykade,154,A,"",2583CN,'s-Gravenhage
Dr. Lelykade,154,A,"",2583CN,'s-Gravenhage
Dr. Lelykade,154,B,"",2583CN,'s-Gravenhage
Dr. Lelykade,154,B,"",2583CN,'s-Gravenhage
Dr. Lelykade,156,"","",2583CN,'s-Gravenhage
Dr. Lelykade,156,"","",2583CN,'s-Gravenhage
Dr. Lelykade,158,"","",2583CN,'s-Gravenhage
Dr. Lelykade,158,"","",2583CN,'s-Gravenhage
Dr. Lelykade,158,B,"",2583CN,'s-Gravenhage
Dr. Lelykade,158,B,"",2583CN,'s-Gravenhage
Dr. Lelykade,158,C,"",2583CN,'s-Gravenhage
Dr. Lelykade,158,C,"",2583CN,'s-Gravenhage
Dr. Lelykade,158,D,"",2583CN,'s-Gravenhage
Dr. Lelykade,158,D,"",2583CN,'s-Gravenhage
Dr. Lelykade,158,E,"",2583CN,'s-Gravenhage
Dr. Lelykade,158,E,"",2583CN,'s-Gravenhage
Dr. Lelykade,158,F,"",2583CN,'s-Gravenhage
Dr. Lelykade,158,F,"",2583CN,'s-Gravenhage
Dr. Lelykade,158,G,"",2583CN,'s-Gravenhage
Dr. Lelykade,158,H,"",2583CN,'s-Gravenhage
Dr. Lelykade,158,H,"",2583CN,'s-Gravenhage
Dr. Lelykade,158,J,"",2583CN,'s-Gravenhage
Dr. Lelykade,158,J,"",2583CN,'s-Gravenhage
Dr. Lelykade,158,K,"",2583CN,'s-Gravenhage
Dr. Lelykade,158,K,"",2583CN,'s-Gravenhage
Dr. Lelykade,158,L,"",2583CN,'s-Gravenhage
Dr. Lelykade,158,L,"",2583CN,'s-Gravenhage
Dr. Lelykade,158,M,"",2583CN,'s-Gravenhage
Dr. Lelykade,158,M,"",2583CN,'s-Gravenhage
Dr. Lelykade,158,N,"",2583CN,'s-Gravenhage
Dr. Lelykade,158,N,"",2583CN,'s-Gravenhage
Dr. Lelykade,158,P,"",2583CN,'s-Gravenhage
Dr. Lelykade,158,P,"",2583CN,'s-Gravenhage
Dr. Lelykade,158,Q,"",2583CN,'s-Gravenhage
Dr. Lelykade,158,Q,"",2583CN,'s-Gravenhage
Dr. Lelykade,158,R,"",2583CN,'s-Gravenhage
Dr. Lelykade,158,R,"",2583CN,'s-Gravenhage
Dr. Lelykade,158,S,"",2583CN,'s-Gravenhage
Dr. Lelykade,158,S,"",2583CN,'s-Gravenhage
Dr. Lelykade,158,T,"",2583CN,'s-Gravenhage
Dr. Lelykade,158,T,"",2583CN,'s-Gravenhage
Dr. Lelykade,158,X,"",2583CN,'s-Gravenhage
Dr. Lelykade,160,"","",2583CN,'s-Gravenhage
Dr. Lelykade,162,"","",2583CN,'s-Gravenhage
Dr. Lelykade,164,"","",2583CN,'s-Gravenhage
Dr. Lelykade,166,"","",2583CN,'s-Gravenhage
Dr. Lelykade,168,"","",2583CN,'s-Gravenhage
Dr. Lelykade,170,"","",2583CN,'s-Gravenhage
Dr. Lelykade,172,"","",2583CN,'s-Gravenhage
Dr. Lelykade,174,"","",2583CN,'s-Gravenhage
Dr. Lelykade,176,"","",2583CN,'s-Gravenhage
Dr. Lelykade,178,"","",2583CN,'s-Gravenhage
Dr. Lelykade,180,"","",2583CN,'s-Gravenhage
Dr. Lelykade,182,"","",2583CN,'s-Gravenhage
Dr. Lelykade,184,"","",2583CN,'s-Gravenhage
Dr. Lelykade,186,"","",2583CN,'s-Gravenhage
Dr. Lelykade,188,"","",2583CN,'s-Gravenhage
Dr. Lelykade,188,A,"",2583CN,'s-Gravenhage
Dr. Lelykade,190,"","",2583CN,'s-Gravenhage
Dr. Lelykade,192,"","",2583CN,'s-Gravenhage
Dr. Lelykade,192,"","",2583CN,'s-Gravenhage
Dr. Lelykade,194,"","",2583CN,'s-Gravenhage
Dr. Lelykade,196,"","",2583CN,'s-Gravenhage
Dr. Lelykade,196,"","",2583CN,'s-Gravenhage
Dr. Lelykade,196,"","",2583CN,'s-Gravenhage
Dr. Lelykade,196,"","",2583CN,'s-Gravenhage
Dr. Lelykade,196,A,"",2583CN,'s-Gravenhage
Dr. Lelykade,196,A,"",2583CN,'s-Gravenhage
Dr. Lelykade,196,B,"",2583CN,'s-Gravenhage
Dr. Lelykade,196,B,"",2583CN,'s-Gravenhage
Dr. Lelykade,196,C,"",2583CN,'s-Gravenhage
Dr. Lelykade,196,C,"",2583CN,'s-Gravenhage
Dr. Lelykade,196,D,"",2583CN,'s-Gravenhage
Dr. Lelykade,196,D,"",2583CN,'s-Gravenhage
Dr. Lelykade,196,E,"",2583CN,'s-Gravenhage
Dr. Lelykade,196,E,"",2583CN,'s-Gravenhage
Dr. Lelykade,196,F,"",2583CN,'s-Gravenhage
Dr. Lelykade,196,F,"",2583CN,'s-Gravenhage
Dr. Lelykade,196,G,"",2583CN,'s-Gravenhage
Dr. Lelykade,196,G,"",2583CN,'s-Gravenhage
Dr. Lelykade,196,H,"",2583CN,'s-Gravenhage
Dr. Lelykade,196,H,"",2583CN,'s-Gravenhage
Dr. Lelykade,196,J,"",2583CN,'s-Gravenhage
Dr. Lelykade,196,J,"",2583CN,'s-Gravenhage
Dr. Lelykade,198,"","",2583CN,'s-Gravenhage
Dr. Lelykade,198,"","",2583CN,'s-Gravenhage
Dr. Lelykade,198,"","",2583CN,'s-Gravenhage
Dr. Lelykade,200,"","",2583CN,'s-Gravenhage
Dr. Lelykade,200,A,"",2583CN,'s-Gravenhage
Dr. Lelykade,202,"","",2583CP,'s-Gravenhage
Dr. Lelykade,202,"","",2583CP,'s-Gravenhage
Dr. Lelykade,202,"","",2583CP,'s-Gravenhage
Dr. Lelykade,202,"","",2583CP,'s-Gravenhage
Dr. Lelykade,202,A,"",2583CP,'s-Gravenhage
Dr. Lelykade,202,A,"",2583CP,'s-Gravenhage
Dr. Lelykade,202,A,"",2583CP,'s-Gravenhage
Dr. Lelykade,204,A,"",2583CP,'s-Gravenhage
Dr. Lelykade,204,B,"",2583CP,'s-Gravenhage
Dr. Lelykade,204,C,"",2583CP,'s-Gravenhage
Dr. Lelykade,204,D,"",2583CP,'s-Gravenhage
Dr. Lelykade,206,"","",2583CP,'s-Gravenhage
Dr. Lelykade,206,A,"",2583CP,'s-Gravenhage
Dr. Lelykade,206,B,"",2583CP,'s-Gravenhage
Dr. Lelykade,206,C,"",2583CP,'s-Gravenhage
Dr. Lelykade,206,D,"",2583CP,'s-Gravenhage
Dr. Lelykade,208,"","",2583CP,'s-Gravenhage
Dr. Lelykade,208,A,"",2583CP,'s-Gravenhage
Dr. Lelykade,208,B,"",2583CP,'s-Gravenhage
Dr. Lelykade,208,C,"",2583CP,'s-Gravenhage
Dr. Lelykade,208,D,"",2583CP,'s-Gravenhage
Dr. Lelykade,210,"","",2583CP,'s-Gravenhage
Dr. Lelykade,210,A,"",2583CP,'s-Gravenhage
Dr. Lelykade,210,B,"",2583CP,'s-Gravenhage
Dr. Lelykade,210,C,"",2583CP,'s-Gravenhage
Dr. Lelykade,210,D,"",2583CP,'s-Gravenhage
Dr. Lelykade,212,"","",2583CP,'s-Gravenhage
Dr. Lelykade,212,A,"",2583CP,'s-Gravenhage
Dr. Lelykade,212,B,"",2583CP,'s-Gravenhage
Dr. Lelykade,212,C,"",2583CP,'s-Gravenhage
Dr. Lelykade,212,D,"",2583CP,'s-Gravenhage
Dr. Lelykade,214,"","",2583CP,'s-Gravenhage
Dr. Lelykade,214,A,"",2583CP,'s-Gravenhage
Dr. Lelykade,214,B,"",2583CP,'s-Gravenhage
Dr. Lelykade,214,C,"",2583CP,'s-Gravenhage
Dr. Lelykade,214,D,"",2583CP,'s-Gravenhage
Dr. Lelykade,216,"","",2583CP,'s-Gravenhage
Dr. Lelykade,220,"","",2583CP,'s-Gravenhage
Dr. Lelykade,220,B,"",2583CP,'s-Gravenhage
Dr. Lelykade,220,C,"",2583CP,'s-Gravenhage
Dr. Lelykade,220,D,"",2583CP,'s-Gravenhage
Dr. Lelykade,222,"","",2583CP,'s-Gravenhage
Dr. Lelykade,222,B,"",2583CP,'s-Gravenhage
Dr. Lelykade,222,D,"",2583CP,'s-Gravenhage
Dr. Lelykade,224,A,"",2583CP,'s-Gravenhage
Dr. Lelykade,224,B,"",2583CP,'s-Gravenhage
Dr. Lelykade,224,C,"",2583CP,'s-Gravenhage
Dr. Lelykade,224,D,"",2583CP,'s-Gravenhage
Dr. Lelykade,226,"","",2583CP,'s-Gravenhage
Dr. Lelykade,226,A,"",2583CP,'s-Gravenhage
Dr. Lelykade,226,B,"",2583CP,'s-Gravenhage
Dr. Lelykade,226,C,"",2583CP,'s-Gravenhage
Dr. Lelykade,226,D,"",2583CP,'s-Gravenhage
Dr. Lelykade,228,"","",2583CP,'s-Gravenhage
Dr. Lelykade,228,A,"",2583CP,'s-Gravenhage
Dr. Lelykade,228,B,"",2583CP,'s-Gravenhage
Dr. Lelykade,228,C,"",2583CP,'s-Gravenhage
Dr. Lelykade,228,D,"",2583CP,'s-Gravenhage
Dr. Lelykade,230,"","",2583CP,'s-Gravenhage
Dr. Lelykade,230,A,"",2583CP,'s-Gravenhage
Dr. Lelykade,230,B,"",2583CP,'s-Gravenhage
Dr. Lelykade,230,C,"",2583CP,'s-Gravenhage
Dr. Lelykade,230,D,"",2583CP,'s-Gravenhage
Dr. Lelykade,232,"","",2583CP,'s-Gravenhage
Dr. Lelykade,232,A,"",2583CP,'s-Gravenhage
Dr. Lelykade,232,B,"",2583CP,'s-Gravenhage
Dr. Lelykade,232,C,"",2583CP,'s-Gravenhage
Dr. Lelykade,232,D,"",2583CP,'s-Gravenhage
Dr. Lelykade,234,"","",2583CP,'s-Gravenhage
Dr. Lelykade,234,A,"",2583CP,'s-Gravenhage
Dr. Lelykade,234,B,"",2583CP,'s-Gravenhage
Dr. Lelykade,234,C,"",2583CP,'s-Gravenhage
Dr. Lelykade,234,D,"",2583CP,'s-Gravenhage
Dr. Lelykade,236,"","",2583CP,'s-Gravenhage
Dr. Lelykade,236,A,"",2583CP,'s-Gravenhage
Dr. Lelykade,236,B,"",2583CP,'s-Gravenhage
Dr. Lelykade,236,C,"",2583CP,'s-Gravenhage
Dr. Lelykade,236,D,"",2583CP,'s-Gravenhage
Dr. Lelykade,238,"","",2583CP,'s-Gravenhage
Dr. Lelykade,238,A,"",2583CP,'s-Gravenhage
Dr. Lelykade,238,B,"",2583CP,'s-Gravenhage
Dr. Lelykade,238,C,"",2583CP,'s-Gravenhage
Dr. Lelykade,240,"","",2583CP,'s-Gravenhage
Dr. Lelykade,242,"","",2583CP,'s-Gravenhage
Dr. Lelykade,242,A,"",2583CP,'s-Gravenhage
Dr. Lelykade,244,"","",2583CP,'s-Gravenhage
Dr. Lelykade,244,A,"",2583CP,'s-Gravenhage
Dr. Lelykade,244,B,"",2583CP,'s-Gravenhage
Dr. Lelykade,246,"","",2583CP,'s-Gravenhage
Dr. Lelykade,248,"","",2583CP,'s-Gravenhage
Dr. Lelykade,250,"","",2583CP,'s-Gravenhage
Dr. Lelykade,258,"","",2583CP,'s-Gravenhage
Dr. Lelykade,260,"","",2583CP,'s-Gravenhage
Dr. Lelykade,260,A,"",2583CP,'s-Gravenhage
Dr. Lelykade,262,"","",2583CP,'s-Gravenhage
Dr. Lelykade,264,"","",2583CP,'s-Gravenhage
Dr. Lelykade,268,"","",2583CP,'s-Gravenhage
Dr. Lelykade,270,"","",2583CP,'s-Gravenhage
Dr. Lelykade,272,"","",2583CP,'s-Gravenhage
Dr. Lelykade,272,A,"",2583CP,'s-Gravenhage
Dr. Lelykade,274,"","",2583CP,'s-Gravenhage
Dr. Lelykade,274,A,"",2583CP,'s-Gravenhage
Dr. Lelykade,276,"","",2583CP,'s-Gravenhage
Dr. Lelykade,276,"","",2583CP,'s-Gravenhage
Dr. Lelykade,276,"","",2583CP,'s-Gravenhage
Dr. Lelykade,276,A,"",2583CP,'s-Gravenhage
Dr. Lelykade,278,"","",2583CP,'s-Gravenhage
Dr. Lelykade,278,"","",2583CP,'s-Gravenhage
Dr. Lelykade,278,A,"",2583CP,'s-Gravenhage
Dr. Lelykade,278,B,"",2583CP,'s-Gravenhage
Dr. Lelykade,278,C,"",2583CP,'s-Gravenhage
Dr. Lelykade,280,"","",2583CP,'s-Gravenhage
Dr. Lelykade,282,"","",2583CP,'s-Gravenhage
Dr. Lelykade,284,"","",2583CP,'s-Gravenhage
Dr. Lelykade,286,"","",2583CP,'s-Gravenhage
Dr. Lelykade,288,"","",2583CP,'s-Gravenhage
Dr. Lelykade,290,"","",2583CR,'s-Gravenhage
Dr. Lelykade,292,"","",2583CR,'s-Gravenhage
Dr. Lelykade,294,"","",2583CR,'s-Gravenhage
Dr. Lelykade,296,"","",2583CR,'s-Gravenhage
Dr. Lelykade,298,"","",2583CR,'s-Gravenhage
Dr. Lelykade,300,"","",2583CR,'s-Gravenhage
Dr. Lelykade,302,"","",2583CR,'s-Gravenhage
Dr. Lelykade,304,"","",2583CR,'s-Gravenhage
Dr. Lelykade,306,"","",2583CR,'s-Gravenhage
Dr. Lelykade,308,"","",2583CR,'s-Gravenhage
Dr. Lelykade,310,"","",2583CR,'s-Gravenhage
Dr. Lelykade,312,"","",2583CR,'s-Gravenhage
Dr. Lelykade,314,"","",2583CR,'s-Gravenhage
Dr. Lelykade,316,"","",2583CR,'s-Gravenhage
Dr. Lelykade,318,"","",2583CR,'s-Gravenhage
Dr. Lelykade,320,"","",2583CR,'s-Gravenhage
Dr. Lelykade,322,"","",2583CR,'s-Gravenhage
Van Bergenstraat,39,"","",2583CS,'s-Gravenhage
Van Bergenstraat,39,"","",2583CS,'s-Gravenhage
Van Bergenstraat,39,"","",2583CS,'s-Gravenhage
Van Bergenstraat,4,"","",2583CS,'s-Gravenhage
Van Bergenstraat,4,"","",2583CS,'s-Gravenhage
Van Bergenstraat,41,"","",2583CS,'s-Gravenhage
Van Bergenstraat,43,"","",2583CS,'s-Gravenhage
Van Bergenstraat,45,"","",2583CS,'s-Gravenhage
Van Bergenstraat,47,"","",2583CS,'s-Gravenhage
Van Bergenstraat,49,"","",2583CS,'s-Gravenhage
Van Bergenstraat,7,"","",2583CS,'s-Gravenhage
Korbootstraat,1,"","",2583CT,'s-Gravenhage
Korbootstraat,1,A,"",2583CT,'s-Gravenhage
Korbootstraat,1,B,"",2583CT,'s-Gravenhage
Korbootstraat,1,C,"",2583CT,'s-Gravenhage
Korbootstraat,1,D,"",2583CT,'s-Gravenhage
Korbootstraat,1,E,"",2583CT,'s-Gravenhage
Korbootstraat,11,"","",2583CT,'s-Gravenhage
Korbootstraat,11,"","",2583CT,'s-Gravenhage
Korbootstraat,11,A,"",2583CT,'s-Gravenhage
Korbootstraat,11,B,"",2583CT,'s-Gravenhage
Korbootstraat,11,C,"",2583CT,'s-Gravenhage
Korbootstraat,11,D,"",2583CT,'s-Gravenhage
Korbootstraat,11,E,"",2583CT,'s-Gravenhage
Korbootstraat,13,"","",2583CT,'s-Gravenhage
Korbootstraat,13,"","",2583CT,'s-Gravenhage
Korbootstraat,13,A,"",2583CT,'s-Gravenhage
Korbootstraat,13,B,"",2583CT,'s-Gravenhage
Korbootstraat,13,C,"",2583CT,'s-Gravenhage
Korbootstraat,13,D,"",2583CT,'s-Gravenhage
Korbootstraat,13,E,"",2583CT,'s-Gravenhage
Korbootstraat,15,"","",2583CT,'s-Gravenhage
Korbootstraat,15,"","",2583CT,'s-Gravenhage
Korbootstraat,15,"","",2583CT,'s-Gravenhage
Korbootstraat,15,"","",2583CT,'s-Gravenhage
Korbootstraat,15,"","",2583CT,'s-Gravenhage
Korbootstraat,15,"","",2583CT,'s-Gravenhage
Korbootstraat,15,A,"",2583CT,'s-Gravenhage
Korbootstraat,15,A,"",2583CT,'s-Gravenhage
Korbootstraat,15,A,"",2583CT,'s-Gravenhage
Korbootstraat,15,A,"",2583CT,'s-Gravenhage
Korbootstraat,15,A,"",2583CT,'s-Gravenhage
Korbootstraat,15,B,"",2583CT,'s-Gravenhage
Korbootstraat,17,"","",2583CT,'s-Gravenhage
Korbootstraat,17,A,"",2583CT,'s-Gravenhage
Korbootstraat,17,A,"",2583CT,'s-Gravenhage
Korbootstraat,17,B,"",2583CT,'s-Gravenhage
Korbootstraat,3,"","",2583CT,'s-Gravenhage
Korbootstraat,3,A,"",2583CT,'s-Gravenhage
Korbootstraat,3,B,"",2583CT,'s-Gravenhage
Korbootstraat,3,C,"",2583CT,'s-Gravenhage
Korbootstraat,3,D,"",2583CT,'s-Gravenhage
Korbootstraat,3,E,"",2583CT,'s-Gravenhage
Korbootstraat,3,F,"",2583CT,'s-Gravenhage
Korbootstraat,3,G,"",2583CT,'s-Gravenhage
Korbootstraat,3,H,"",2583CT,'s-Gravenhage
Korbootstraat,5,"","",2583CT,'s-Gravenhage
Korbootstraat,5,A,"",2583CT,'s-Gravenhage
Korbootstraat,5,B,"",2583CT,'s-Gravenhage
Korbootstraat,5,C,"",2583CT,'s-Gravenhage
Korbootstraat,5,D,"",2583CT,'s-Gravenhage
Korbootstraat,5,E,"",2583CT,'s-Gravenhage
Korbootstraat,7,"","",2583CT,'s-Gravenhage
Korbootstraat,7,"","",2583CT,'s-Gravenhage
Korbootstraat,7,A,"",2583CT,'s-Gravenhage
Korbootstraat,7,A,"",2583CT,'s-Gravenhage
Korbootstraat,7,B,"",2583CT,'s-Gravenhage
Korbootstraat,7,C,"",2583CT,'s-Gravenhage
Korbootstraat,7,D,"",2583CT,'s-Gravenhage
Korbootstraat,9,"","",2583CT,'s-Gravenhage
Korbootstraat,9,"","",2583CT,'s-Gravenhage
Korbootstraat,9,A,"",2583CT,'s-Gravenhage
Korbootstraat,9,B,"",2583CT,'s-Gravenhage
Korbootstraat,9,C,"",2583CT,'s-Gravenhage
Korbootstraat,9,D,"",2583CT,'s-Gravenhage
Korbootstraat,9,E,"",2583CT,'s-Gravenhage
Korbootstraat,19,"","",2583CV,'s-Gravenhage
Korbootstraat,19,"","",2583CV,'s-Gravenhage
Korbootstraat,19,"","",2583CV,'s-Gravenhage
Korbootstraat,19,A,"",2583CV,'s-Gravenhage
Korbootstraat,19,A,1,2583CV,'s-Gravenhage
Korbootstraat,19,B,"",2583CV,'s-Gravenhage
Korbootstraat,19,C,"",2583CV,'s-Gravenhage
Korbootstraat,19,D,"",2583CV,'s-Gravenhage
Korbootstraat,19,E,"",2583CV,'s-Gravenhage
Korbootstraat,19,F,"",2583CV,'s-Gravenhage
Korbootstraat,21,"","",2583CV,'s-Gravenhage
Korbootstraat,23,"","",2583CV,'s-Gravenhage
Korbootstraat,25,"","",2583CV,'s-Gravenhage
Korbootstraat,25,A,"",2583CV,'s-Gravenhage
Korbootstraat,27,"","",2583CV,'s-Gravenhage
Korbootstraat,29,"","",2583CV,'s-Gravenhage
Korbootstraat,31,"","",2583CV,'s-Gravenhage
Korbootstraat,33,"","",2583CV,'s-Gravenhage
Korbootstraat,33,B,"",2583CV,'s-Gravenhage
Korbootstraat,33,C,"",2583CV,'s-Gravenhage
Korbootstraat,35,"","",2583CV,'s-Gravenhage
Korbootstraat,37,"","",2583CV,'s-Gravenhage
Korbootstraat,37,"","",2583CV,'s-Gravenhage
Korbootstraat,37,"","",2583CV,'s-Gravenhage
Korbootstraat,37,A,"",2583CV,'s-Gravenhage
Korbootstraat,37,A,"",2583CV,'s-Gravenhage
Korbootstraat,37,B,"",2583CV,'s-Gravenhage
Korbootstraat,37,B,"",2583CV,'s-Gravenhage
Korbootstraat,39,"","",2583CV,'s-Gravenhage
Korbootstraat,39,"","",2583CV,'s-Gravenhage
Korbootstraat,39,"","",2583CV,'s-Gravenhage
Korbootstraat,41,"","",2583CV,'s-Gravenhage
Korbootstraat,41,"","",2583CV,'s-Gravenhage
Korbootstraat,41,A,"",2583CV,'s-Gravenhage
Korbootstraat,41,A,"",2583CV,'s-Gravenhage
Korbootstraat,41,B,"",2583CV,'s-Gravenhage
Korbootstraat,41,B,"",2583CV,'s-Gravenhage
Korbootstraat,43,"","",2583CV,'s-Gravenhage
Korbootstraat,43,A,"",2583CV,'s-Gravenhage
Korbootstraat,43,A,"",2583CV,'s-Gravenhage
Korbootstraat,43,B,"",2583CV,'s-Gravenhage
Korbootstraat,43,C,"",2583CV,'s-Gravenhage
Korbootstraat,43,D,"",2583CV,'s-Gravenhage
Korbootstraat,43,E,"",2583CV,'s-Gravenhage
Korbootstraat,43,F,"",2583CV,'s-Gravenhage
Korbootstraat,43,G,"",2583CV,'s-Gravenhage
Korbootstraat,43,H,"",2583CV,'s-Gravenhage
Korbootstraat,43,J,"",2583CV,'s-Gravenhage
Korbootstraat,43,K,"",2583CV,'s-Gravenhage
Korbootstraat,43,L,"",2583CV,'s-Gravenhage
Korbootstraat,43,M,"",2583CV,'s-Gravenhage
Korbootstraat,43,N,"",2583CV,'s-Gravenhage
Korbootstraat,43,P,"",2583CV,'s-Gravenhage
Korbootstraat,43,Q,"",2583CV,'s-Gravenhage
Korbootstraat,43,R,"",2583CV,'s-Gravenhage
Korbootstraat,45,"","",2583CV,'s-Gravenhage
Korbootstraat,45,"","",2583CV,'s-Gravenhage
Korbootstraat,47,"","",2583CV,'s-Gravenhage
Korbootstraat,49,"","",2583CV,'s-Gravenhage
Korbootstraat,51,"","",2583CV,'s-Gravenhage
Korbootstraat,53,"","",2583CV,'s-Gravenhage
Korbootstraat,55,"","",2583CV,'s-Gravenhage
Korbootstraat,57,"","",2583CV,'s-Gravenhage
Korbootstraat,10,"","",2583CW,'s-Gravenhage
Korbootstraat,12,"","",2583CW,'s-Gravenhage
Korbootstraat,14,"","",2583CW,'s-Gravenhage
Korbootstraat,16,"","",2583CW,'s-Gravenhage
Korbootstraat,18,"","",2583CW,'s-Gravenhage
Korbootstraat,2,"","",2583CW,'s-Gravenhage
Korbootstraat,2,A,"",2583CW,'s-Gravenhage
Korbootstraat,2,B,"",2583CW,'s-Gravenhage
Korbootstraat,20,"","",2583CW,'s-Gravenhage
Korbootstraat,22,"","",2583CW,'s-Gravenhage
Korbootstraat,24,"","",2583CW,'s-Gravenhage
Korbootstraat,26,"","",2583CW,'s-Gravenhage
Korbootstraat,28,"","",2583CW,'s-Gravenhage
Korbootstraat,30,"","",2583CW,'s-Gravenhage
Korbootstraat,32,"","",2583CW,'s-Gravenhage
Korbootstraat,34,"","",2583CW,'s-Gravenhage
Korbootstraat,36,"","",2583CW,'s-Gravenhage
Korbootstraat,38,"","",2583CW,'s-Gravenhage
Korbootstraat,4,"","",2583CW,'s-Gravenhage
Korbootstraat,40,"","",2583CW,'s-Gravenhage
Korbootstraat,42,"","",2583CW,'s-Gravenhage
Korbootstraat,6,"","",2583CW,'s-Gravenhage
Korbootstraat,8,"","",2583CW,'s-Gravenhage
Korbootstraat,44,"","",2583CX,'s-Gravenhage
Korbootstraat,46,"","",2583CX,'s-Gravenhage
Korbootstraat,48,"","",2583CX,'s-Gravenhage
Korbootstraat,50,"","",2583CX,'s-Gravenhage
Korbootstraat,52,"","",2583CX,'s-Gravenhage
Korbootstraat,54,"","",2583CX,'s-Gravenhage
Korbootstraat,56,"","",2583CX,'s-Gravenhage
Korbootstraat,58,"","",2583CX,'s-Gravenhage
Korbootstraat,60,"","",2583CX,'s-Gravenhage
Korbootstraat,62,"","",2583CX,'s-Gravenhage
Korbootstraat,64,"","",2583CX,'s-Gravenhage
Korbootstraat,66,"","",2583CX,'s-Gravenhage
Korbootstraat,100,"","",2583CZ,'s-Gravenhage
Korbootstraat,102,"","",2583CZ,'s-Gravenhage
Korbootstraat,104,"","",2583CZ,'s-Gravenhage
Korbootstraat,106,"","",2583CZ,'s-Gravenhage
Korbootstraat,108,"","",2583CZ,'s-Gravenhage
Korbootstraat,110,"","",2583CZ,'s-Gravenhage
Korbootstraat,112,"","",2583CZ,'s-Gravenhage
Korbootstraat,114,"","",2583CZ,'s-Gravenhage
Korbootstraat,68,"","",2583CZ,'s-Gravenhage
Korbootstraat,70,"","",2583CZ,'s-Gravenhage
Korbootstraat,72,"","",2583CZ,'s-Gravenhage
Korbootstraat,74,"","",2583CZ,'s-Gravenhage
Korbootstraat,76,"","",2583CZ,'s-Gravenhage
Korbootstraat,78,"","",2583CZ,'s-Gravenhage
Korbootstraat,80,"","",2583CZ,'s-Gravenhage
Korbootstraat,82,"","",2583CZ,'s-Gravenhage
Korbootstraat,84,"","",2583CZ,'s-Gravenhage
Korbootstraat,86,"","",2583CZ,'s-Gravenhage
Korbootstraat,88,"","",2583CZ,'s-Gravenhage
Korbootstraat,90,"","",2583CZ,'s-Gravenhage
Korbootstraat,92,"","",2583CZ,'s-Gravenhage
Korbootstraat,94,"","",2583CZ,'s-Gravenhage
Korbootstraat,96,"","",2583CZ,'s-Gravenhage
Korbootstraat,98,"","",2583CZ,'s-Gravenhage
Treilerdwarsweg,10,"","",2583DA,'s-Gravenhage
Treilerdwarsweg,10,"","",2583DA,'s-Gravenhage
Treilerdwarsweg,10,A,"",2583DA,'s-Gravenhage
Treilerdwarsweg,100,"","",2583DA,'s-Gravenhage
Treilerdwarsweg,102,"","",2583DA,'s-Gravenhage
Treilerdwarsweg,104,"","",2583DA,'s-Gravenhage
Treilerdwarsweg,106,"","",2583DA,'s-Gravenhage
Treilerdwarsweg,108,"","",2583DA,'s-Gravenhage
Treilerdwarsweg,110,"","",2583DA,'s-Gravenhage
Treilerdwarsweg,112,"","",2583DA,'s-Gravenhage
Treilerdwarsweg,114,"","",2583DA,'s-Gravenhage
Treilerdwarsweg,116,"","",2583DA,'s-Gravenhage
Treilerdwarsweg,118,"","",2583DA,'s-Gravenhage
Treilerdwarsweg,12,"","",2583DA,'s-Gravenhage
Treilerdwarsweg,120,"","",2583DA,'s-Gravenhage
Treilerdwarsweg,122,"","",2583DA,'s-Gravenhage
Treilerdwarsweg,124,"","",2583DA,'s-Gravenhage
Treilerdwarsweg,126,"","",2583DA,'s-Gravenhage
Treilerdwarsweg,128,"","",2583DA,'s-Gravenhage
Treilerdwarsweg,130,"","",2583DA,'s-Gravenhage
Treilerdwarsweg,132,"","",2583DA,'s-Gravenhage
Treilerdwarsweg,134,"","",2583DA,'s-Gravenhage
Treilerdwarsweg,14,"","",2583DA,'s-Gravenhage
Treilerdwarsweg,140,"","",2583DA,'s-Gravenhage
Treilerdwarsweg,15,"","",2583DA,'s-Gravenhage
Treilerdwarsweg,16,"","",2583DA,'s-Gravenhage
Treilerdwarsweg,17,"","",2583DA,'s-Gravenhage
Treilerdwarsweg,18,"","",2583DA,'s-Gravenhage
Treilerdwarsweg,19,"","",2583DA,'s-Gravenhage
Treilerdwarsweg,2,"","",2583DA,'s-Gravenhage
Treilerdwarsweg,2,A,"",2583DA,'s-Gravenhage
Treilerdwarsweg,2,A,"",2583DA,'s-Gravenhage
Treilerdwarsweg,2,A,"",2583DA,'s-Gravenhage
Treilerdwarsweg,2,B,"",2583DA,'s-Gravenhage
Treilerdwarsweg,2,B,"",2583DA,'s-Gravenhage
Treilerdwarsweg,2,B,"",2583DA,'s-Gravenhage
Treilerdwarsweg,2,C,"",2583DA,'s-Gravenhage
Treilerdwarsweg,2,C,"",2583DA,'s-Gravenhage
Treilerdwarsweg,2,C,"",2583DA,'s-Gravenhage
Treilerdwarsweg,2,D,"",2583DA,'s-Gravenhage
Treilerdwarsweg,2,D,"",2583DA,'s-Gravenhage
Treilerdwarsweg,2,D,"",2583DA,'s-Gravenhage
Treilerdwarsweg,20,"","",2583DA,'s-Gravenhage
Treilerdwarsweg,21,"","",2583DA,'s-Gravenhage
Treilerdwarsweg,22,"","",2583DA,'s-Gravenhage
Treilerdwarsweg,23,"","",2583DA,'s-Gravenhage
Treilerdwarsweg,24,"","",2583DA,'s-Gravenhage
Treilerdwarsweg,25,"","",2583DA,'s-Gravenhage
Treilerdwarsweg,26,"","",2583DA,'s-Gravenhage
Treilerdwarsweg,27,"","",2583DA,'s-Gravenhage
Treilerdwarsweg,28,"","",2583DA,'s-Gravenhage
Treilerdwarsweg,29,"","",2583DA,'s-Gravenhage
Treilerdwarsweg,3,"","",2583DA,'s-Gravenhage
Treilerdwarsweg,30,"","",2583DA,'s-Gravenhage
Treilerdwarsweg,31,"","",2583DA,'s-Gravenhage
Treilerdwarsweg,32,"","",2583DA,'s-Gravenhage
Treilerdwarsweg,33,"","",2583DA,'s-Gravenhage
Treilerdwarsweg,34,"","",2583DA,'s-Gravenhage
Treilerdwarsweg,35,"","",2583DA,'s-Gravenhage
Treilerdwarsweg,36,"","",2583DA,'s-Gravenhage
Treilerdwarsweg,37,"","",2583DA,'s-Gravenhage
Treilerdwarsweg,38,"","",2583DA,'s-Gravenhage
Treilerdwarsweg,39,"","",2583DA,'s-Gravenhage
Treilerdwarsweg,4,"","",2583DA,'s-Gravenhage
Treilerdwarsweg,4,"","",2583DA,'s-Gravenhage
Treilerdwarsweg,40,"","",2583DA,'s-Gravenhage
Treilerdwarsweg,41,"","",2583DA,'s-Gravenhage
Treilerdwarsweg,42,"","",2583DA,'s-Gravenhage
Treilerdwarsweg,43,"","",2583DA,'s-Gravenhage
Treilerdwarsweg,44,"","",2583DA,'s-Gravenhage
Treilerdwarsweg,45,"","",2583DA,'s-Gravenhage
Treilerdwarsweg,46,"","",2583DA,'s-Gravenhage
Treilerdwarsweg,47,"","",2583DA,'s-Gravenhage
Treilerdwarsweg,48,"","",2583DA,'s-Gravenhage
Treilerdwarsweg,49,"","",2583DA,'s-Gravenhage
Treilerdwarsweg,50,"","",2583DA,'s-Gravenhage
Treilerdwarsweg,51,"","",2583DA,'s-Gravenhage
Treilerdwarsweg,52,"","",2583DA,'s-Gravenhage
Treilerdwarsweg,53,"","",2583DA,'s-Gravenhage
Treilerdwarsweg,54,"","",2583DA,'s-Gravenhage
Treilerdwarsweg,55,"","",2583DA,'s-Gravenhage
Treilerdwarsweg,56,"","",2583DA,'s-Gravenhage
Treilerdwarsweg,57,"","",2583DA,'s-Gravenhage
Treilerdwarsweg,59,"","",2583DA,'s-Gravenhage
Treilerdwarsweg,6,"","",2583DA,'s-Gravenhage
Treilerdwarsweg,60,"","",2583DA,'s-Gravenhage
Treilerdwarsweg,61,"","",2583DA,'s-Gravenhage
Treilerdwarsweg,62,"","",2583DA,'s-Gravenhage
Treilerdwarsweg,63,"","",2583DA,'s-Gravenhage
Treilerdwarsweg,64,"","",2583DA,'s-Gravenhage
Treilerdwarsweg,65,"","",2583DA,'s-Gravenhage
Treilerdwarsweg,66,"","",2583DA,'s-Gravenhage
Treilerdwarsweg,67,"","",2583DA,'s-Gravenhage
Treilerdwarsweg,68,"","",2583DA,'s-Gravenhage
Treilerdwarsweg,69,"","",2583DA,'s-Gravenhage
Treilerdwarsweg,70,"","",2583DA,'s-Gravenhage
Treilerdwarsweg,71,"","",2583DA,'s-Gravenhage
Treilerdwarsweg,72,"","",2583DA,'s-Gravenhage
Treilerdwarsweg,73,"","",2583DA,'s-Gravenhage
Treilerdwarsweg,74,"","",2583DA,'s-Gravenhage
Treilerdwarsweg,75,"","",2583DA,'s-Gravenhage
Treilerdwarsweg,76,"","",2583DA,'s-Gravenhage
Treilerdwarsweg,77,"","",2583DA,'s-Gravenhage
Treilerdwarsweg,78,"","",2583DA,'s-Gravenhage
Treilerdwarsweg,79,"","",2583DA,'s-Gravenhage
Treilerdwarsweg,8,"","",2583DA,'s-Gravenhage
Treilerdwarsweg,8,"","",2583DA,'s-Gravenhage
Treilerdwarsweg,80,"","",2583DA,'s-Gravenhage
Treilerdwarsweg,81,"","",2583DA,'s-Gravenhage
Treilerdwarsweg,81,T,"",2583DA,'s-Gravenhage
Treilerdwarsweg,82,"","",2583DA,'s-Gravenhage
Treilerdwarsweg,84,"","",2583DA,'s-Gravenhage
Treilerdwarsweg,86,"","",2583DA,'s-Gravenhage
Treilerdwarsweg,88,"","",2583DA,'s-Gravenhage
Treilerdwarsweg,90,"","",2583DA,'s-Gravenhage
Treilerdwarsweg,91,"","",2583DA,'s-Gravenhage
Treilerdwarsweg,92,"","",2583DA,'s-Gravenhage
Treilerdwarsweg,94,"","",2583DA,'s-Gravenhage
Treilerdwarsweg,96,"","",2583DA,'s-Gravenhage
Treilerdwarsweg,98,"","",2583DA,'s-Gravenhage
Treilerweg,31,"","",2583DB,'s-Gravenhage
Treilerweg,37,"","",2583DB,'s-Gravenhage
Treilerweg,37,A,"",2583DB,'s-Gravenhage
Treilerweg,37,B,"",2583DB,'s-Gravenhage
Treilerweg,37,C,"",2583DB,'s-Gravenhage
Treilerweg,37,D,"",2583DB,'s-Gravenhage
Treilerweg,37,E,"",2583DB,'s-Gravenhage
Treilerweg,37,F,"",2583DB,'s-Gravenhage
Treilerweg,37,G,"",2583DB,'s-Gravenhage
Treilerweg,37,H,"",2583DB,'s-Gravenhage
Treilerweg,37,J,"",2583DB,'s-Gravenhage
Treilerweg,37,K,"",2583DB,'s-Gravenhage
Treilerweg,37,L,"",2583DB,'s-Gravenhage
Treilerweg,37,M,"",2583DB,'s-Gravenhage
Treilerweg,37,N,"",2583DB,'s-Gravenhage
Treilerweg,37,P,"",2583DB,'s-Gravenhage
Treilerweg,37,Q,"",2583DB,'s-Gravenhage
Treilerweg,37,R,"",2583DB,'s-Gravenhage
Treilerweg,37,S,"",2583DB,'s-Gravenhage
Treilerweg,37,T,"",2583DB,'s-Gravenhage
Treilerweg,37,U,"",2583DB,'s-Gravenhage
Treilerweg,37,V,"",2583DB,'s-Gravenhage
Treilerweg,39,"","",2583DB,'s-Gravenhage
Treilerweg,41,"","",2583DB,'s-Gravenhage
Treilerweg,41,"","",2583DB,'s-Gravenhage
Treilerweg,45,"","",2583DB,'s-Gravenhage
Treilerweg,45,"","",2583DB,'s-Gravenhage
Treilerweg,45,A,"",2583DB,'s-Gravenhage
Treilerweg,45,B,"",2583DB,'s-Gravenhage
Treilerweg,45,C,"",2583DB,'s-Gravenhage
Treilerweg,45,D,"",2583DB,'s-Gravenhage
Treilerweg,45,E,"",2583DB,'s-Gravenhage
Treilerweg,45,F,"",2583DB,'s-Gravenhage
Treilerweg,45,G,"",2583DB,'s-Gravenhage
Treilerweg,45,H,"",2583DB,'s-Gravenhage
Treilerweg,49,"","",2583DB,'s-Gravenhage
Treilerweg,49,A,"",2583DB,'s-Gravenhage
Treilerweg,51,"","",2583DB,'s-Gravenhage
Treilerweg,51,A,"",2583DB,'s-Gravenhage
Treilerweg,51,B,"",2583DB,'s-Gravenhage
Treilerweg,51,C,"",2583DB,'s-Gravenhage
Treilerweg,51,D,"",2583DB,'s-Gravenhage
Treilerweg,51,E,"",2583DB,'s-Gravenhage
Treilerweg,51,F,"",2583DB,'s-Gravenhage
Treilerweg,53,"","",2583DB,'s-Gravenhage
Treilerweg,53,A,"",2583DB,'s-Gravenhage
Treilerweg,53,B,"",2583DB,'s-Gravenhage
Treilerweg,53,C,"",2583DB,'s-Gravenhage
Treilerweg,53,D,"",2583DB,'s-Gravenhage
Treilerweg,53,E,"",2583DB,'s-Gravenhage
Treilerweg,53,F,"",2583DB,'s-Gravenhage
Treilerweg,55,"","",2583DB,'s-Gravenhage
Treilerweg,55,A,"",2583DB,'s-Gravenhage
Treilerweg,55,B,"",2583DB,'s-Gravenhage
Treilerweg,55,C,"",2583DB,'s-Gravenhage
Treilerweg,55,D,"",2583DB,'s-Gravenhage
Treilerweg,55,E,"",2583DB,'s-Gravenhage
Treilerweg,55,F,"",2583DB,'s-Gravenhage
Treilerweg,57,"","",2583DB,'s-Gravenhage
Treilerweg,57,A,"",2583DB,'s-Gravenhage
Treilerweg,59,"","",2583DB,'s-Gravenhage
Treilerweg,59,"","",2583DB,'s-Gravenhage
Treilerweg,59,A,"",2583DB,'s-Gravenhage
Treilerweg,59,A,"",2583DB,'s-Gravenhage
Treilerweg,59,B,"",2583DB,'s-Gravenhage
Treilerweg,59,C,"",2583DB,'s-Gravenhage
Treilerweg,59,D,"",2583DB,'s-Gravenhage
Treilerweg,59,E,"",2583DB,'s-Gravenhage
Treilerweg,59,F,"",2583DB,'s-Gravenhage
Treilerweg,59,G,"",2583DB,'s-Gravenhage
Treilerweg,59,H,"",2583DB,'s-Gravenhage
Treilerweg,59,J,"",2583DB,'s-Gravenhage
Treilerweg,59,K,"",2583DB,'s-Gravenhage
Treilerweg,59,L,"",2583DB,'s-Gravenhage
Treilerweg,59,M,"",2583DB,'s-Gravenhage
Treilerweg,59,N,"",2583DB,'s-Gravenhage
Treilerweg,59,P,"",2583DB,'s-Gravenhage
Treilerweg,59,Q,"",2583DB,'s-Gravenhage
Treilerweg,59,R,"",2583DB,'s-Gravenhage
Treilerweg,59,S,"",2583DB,'s-Gravenhage
Treilerweg,59,T,"",2583DB,'s-Gravenhage
Treilerweg,59,U,"",2583DB,'s-Gravenhage
Treilerweg,59,V,"",2583DB,'s-Gravenhage
Treilerweg,59,W,"",2583DB,'s-Gravenhage
Treilerweg,59,X,"",2583DB,'s-Gravenhage
Treilerweg,59,Y,"",2583DB,'s-Gravenhage
Treilerweg,59,Z,"",2583DB,'s-Gravenhage
Treilerweg,61,"","",2583DB,'s-Gravenhage
Treilerweg,61,"","",2583DB,'s-Gravenhage
Treilerweg,61,A,"",2583DB,'s-Gravenhage
Treilerweg,61,B,"",2583DB,'s-Gravenhage
Treilerweg,61,C,"",2583DB,'s-Gravenhage
Treilerweg,61,D,"",2583DB,'s-Gravenhage
Treilerweg,61,E,"",2583DB,'s-Gravenhage
Treilerweg,61,F,"",2583DB,'s-Gravenhage
Treilerweg,61,G,"",2583DB,'s-Gravenhage
Treilerweg,61,H,"",2583DB,'s-Gravenhage
Treilerweg,61,J,"",2583DB,'s-Gravenhage
Treilerweg,61,K,"",2583DB,'s-Gravenhage
Treilerweg,61,L,"",2583DB,'s-Gravenhage
Treilerweg,61,M,"",2583DB,'s-Gravenhage
Treilerweg,61,N,"",2583DB,'s-Gravenhage
Treilerweg,61,P,"",2583DB,'s-Gravenhage
Treilerweg,61,Q,"",2583DB,'s-Gravenhage
Treilerweg,61,R,"",2583DB,'s-Gravenhage
Treilerweg,61,S,"",2583DB,'s-Gravenhage
Treilerweg,61,T,"",2583DB,'s-Gravenhage
Treilerweg,61,U,"",2583DB,'s-Gravenhage
Treilerweg,61,V,"",2583DB,'s-Gravenhage
Treilerweg,61,W,"",2583DB,'s-Gravenhage
Treilerweg,61,X,"",2583DB,'s-Gravenhage
Treilerweg,61,Y,"",2583DB,'s-Gravenhage
Treilerweg,61,Z,"",2583DB,'s-Gravenhage
Treilerweg,63,"","",2583DB,'s-Gravenhage
Treilerweg,63,"","",2583DB,'s-Gravenhage
Treilerweg,63,A,"",2583DB,'s-Gravenhage
Treilerweg,63,B,"",2583DB,'s-Gravenhage
Treilerweg,63,C,"",2583DB,'s-Gravenhage
Treilerweg,63,D,"",2583DB,'s-Gravenhage
Treilerweg,63,E,"",2583DB,'s-Gravenhage
Treilerweg,63,F,"",2583DB,'s-Gravenhage
Treilerweg,63,G,"",2583DB,'s-Gravenhage
Treilerweg,63,H,"",2583DB,'s-Gravenhage
Treilerweg,63,J,"",2583DB,'s-Gravenhage
Treilerweg,63,K,"",2583DB,'s-Gravenhage
Treilerweg,63,L,"",2583DB,'s-Gravenhage
Treilerweg,63,M,"",2583DB,'s-Gravenhage
Treilerweg,63,N,"",2583DB,'s-Gravenhage
Treilerweg,63,P,"",2583DB,'s-Gravenhage
Treilerweg,65,"","",2583DB,'s-Gravenhage
Treilerweg,65,"","",2583DB,'s-Gravenhage
Treilerweg,65,"","",2583DB,'s-Gravenhage
Treilerweg,10,"","",2583DC,'s-Gravenhage
Treilerweg,10,A,"",2583DC,'s-Gravenhage
Treilerweg,10,B,"",2583DC,'s-Gravenhage
Treilerweg,12,A,"",2583DC,'s-Gravenhage
Treilerweg,12,B,"",2583DC,'s-Gravenhage
Treilerweg,12,C,"",2583DC,'s-Gravenhage
Treilerweg,14,"","",2583DC,'s-Gravenhage
Treilerweg,14,A,"",2583DC,'s-Gravenhage
Treilerweg,14,B,"",2583DC,'s-Gravenhage
Treilerweg,14,C,"",2583DC,'s-Gravenhage
Treilerweg,16,"","",2583DC,'s-Gravenhage
Treilerweg,16,A,"",2583DC,'s-Gravenhage
Treilerweg,16,B,"",2583DC,'s-Gravenhage
Treilerweg,16,C,"",2583DC,'s-Gravenhage
Treilerweg,16,D,"",2583DC,'s-Gravenhage
Treilerweg,16,E,"",2583DC,'s-Gravenhage
Treilerweg,18,"","",2583DC,'s-Gravenhage
Treilerweg,18,A,"",2583DC,'s-Gravenhage
Treilerweg,18,B,"",2583DC,'s-Gravenhage
Treilerweg,18,C,"",2583DC,'s-Gravenhage
Treilerweg,2,A,"",2583DC,'s-Gravenhage
Treilerweg,2,B,"",2583DC,'s-Gravenhage
Treilerweg,2,C,"",2583DC,'s-Gravenhage
Treilerweg,20,"","",2583DC,'s-Gravenhage
Treilerweg,20,A,"",2583DC,'s-Gravenhage
Treilerweg,20,B,"",2583DC,'s-Gravenhage
Treilerweg,20,C,"",2583DC,'s-Gravenhage
Treilerweg,20,D,"",2583DC,'s-Gravenhage
Treilerweg,22,"","",2583DC,'s-Gravenhage
Treilerweg,24,"","",2583DC,'s-Gravenhage
Treilerweg,26,"","",2583DC,'s-Gravenhage
Treilerweg,28,"","",2583DC,'s-Gravenhage
Treilerweg,30,"","",2583DC,'s-Gravenhage
Treilerweg,32,"","",2583DC,'s-Gravenhage
Treilerweg,32,"","",2583DC,'s-Gravenhage
Treilerweg,32,"","",2583DC,'s-Gravenhage
Treilerweg,32,"","",2583DC,'s-Gravenhage
Treilerweg,32,"",1,2583DC,'s-Gravenhage
Treilerweg,32,"",1,2583DC,'s-Gravenhage
Treilerweg,32,"",1,2583DC,'s-Gravenhage
Treilerweg,32,"",10,2583DC,'s-Gravenhage
Treilerweg,32,"",11,2583DC,'s-Gravenhage
Treilerweg,32,"",12,2583DC,'s-Gravenhage
Treilerweg,32,"",2,2583DC,'s-Gravenhage
Treilerweg,32,"",2,2583DC,'s-Gravenhage
Treilerweg,32,"",2,2583DC,'s-Gravenhage
Treilerweg,32,"",3,2583DC,'s-Gravenhage
Treilerweg,32,"",3,2583DC,'s-Gravenhage
Treilerweg,32,"",3,2583DC,'s-Gravenhage
Treilerweg,32,"",4,2583DC,'s-Gravenhage
Treilerweg,32,"",5,2583DC,'s-Gravenhage
Treilerweg,32,"",6,2583DC,'s-Gravenhage
Treilerweg,32,"",7,2583DC,'s-Gravenhage
Treilerweg,32,"",8,2583DC,'s-Gravenhage
Treilerweg,32,"",9,2583DC,'s-Gravenhage
Treilerweg,32,A,"",2583DC,'s-Gravenhage
Treilerweg,32,B,"",2583DC,'s-Gravenhage
Treilerweg,32,C,"",2583DC,'s-Gravenhage
Treilerweg,32,D,"",2583DC,'s-Gravenhage
Treilerweg,34,"","",2583DC,'s-Gravenhage
Treilerweg,36,"","",2583DC,'s-Gravenhage
Treilerweg,38,"","",2583DC,'s-Gravenhage
Treilerweg,4,"","",2583DC,'s-Gravenhage
Treilerweg,4,A,"",2583DC,'s-Gravenhage
Treilerweg,4,B,"",2583DC,'s-Gravenhage
Treilerweg,4,C,"",2583DC,'s-Gravenhage
Treilerweg,40,"","",2583DC,'s-Gravenhage
Treilerweg,40,"","",2583DC,'s-Gravenhage
Treilerweg,40,A,"",2583DC,'s-Gravenhage
Treilerweg,42,"","",2583DC,'s-Gravenhage
Treilerweg,44,"","",2583DC,'s-Gravenhage
Treilerweg,48,"","",2583DC,'s-Gravenhage
Treilerweg,48,"","",2583DC,'s-Gravenhage
Treilerweg,48,"","",2583DC,'s-Gravenhage
Treilerweg,50,"","",2583DC,'s-Gravenhage
Treilerweg,52,"","",2583DC,'s-Gravenhage
Treilerweg,54,"","",2583DC,'s-Gravenhage
Treilerweg,56,"","",2583DC,'s-Gravenhage
Treilerweg,58,"","",2583DC,'s-Gravenhage
Treilerweg,6,"","",2583DC,'s-Gravenhage
Treilerweg,6,A,"",2583DC,'s-Gravenhage
Treilerweg,6,B,"",2583DC,'s-Gravenhage
Treilerweg,6,C,"",2583DC,'s-Gravenhage
Treilerweg,60,"","",2583DC,'s-Gravenhage
Treilerweg,62,"","",2583DC,'s-Gravenhage
Treilerweg,64,"","",2583DC,'s-Gravenhage
Treilerweg,64,"","",2583DC,'s-Gravenhage
Treilerweg,64,"","",2583DC,'s-Gravenhage
Treilerweg,66,"","",2583DC,'s-Gravenhage
Treilerweg,68,"","",2583DC,'s-Gravenhage
Treilerweg,68,"","",2583DC,'s-Gravenhage
Treilerweg,68,"","",2583DC,'s-Gravenhage
Treilerweg,68,"","",2583DC,'s-Gravenhage
Treilerweg,72,"","",2583DC,'s-Gravenhage
Treilerweg,72,"","",2583DC,'s-Gravenhage
Treilerweg,72,"","",2583DC,'s-Gravenhage
Treilerweg,72,"","",2583DC,'s-Gravenhage
Treilerweg,8,"","",2583DC,'s-Gravenhage
Treilerweg,8,A,"",2583DC,'s-Gravenhage
Treilerweg,8,B,"",2583DC,'s-Gravenhage
Treilerweg,8,C,"",2583DC,'s-Gravenhage
Treilerweg,100,"","",2583DD,'s-Gravenhage
Treilerweg,102,"","",2583DD,'s-Gravenhage
Treilerweg,104,"","",2583DD,'s-Gravenhage
Treilerdwarsweg,140,"","",2583DD,'s-Gravenhage
Treilerweg,68,"","",2583DD,'s-Gravenhage
Treilerweg,68,"","",2583DD,'s-Gravenhage
Treilerweg,68,"","",2583DD,'s-Gravenhage
Treilerweg,70,"","",2583DD,'s-Gravenhage
Treilerweg,72,"","",2583DD,'s-Gravenhage
Treilerweg,72,"","",2583DD,'s-Gravenhage
Treilerweg,72,"","",2583DD,'s-Gravenhage
Treilerweg,72,T,"",2583DD,'s-Gravenhage
Treilerweg,72,U,"",2583DD,'s-Gravenhage
Treilerweg,72,V,"",2583DD,'s-Gravenhage
Treilerweg,72,W,"",2583DD,'s-Gravenhage
Treilerweg,72,X,"",2583DD,'s-Gravenhage
Treilerweg,72,Y,"",2583DD,'s-Gravenhage
Treilerweg,72,Z,"",2583DD,'s-Gravenhage
Treilerweg,74,"","",2583DD,'s-Gravenhage
Treilerweg,74,"","",2583DD,'s-Gravenhage
Treilerweg,74,A,"",2583DD,'s-Gravenhage
Treilerweg,74,B,"",2583DD,'s-Gravenhage
Treilerweg,74,B,"",2583DD,'s-Gravenhage
Treilerweg,74,C,"",2583DD,'s-Gravenhage
Treilerweg,74,D,"",2583DD,'s-Gravenhage
Treilerweg,74,E,"",2583DD,'s-Gravenhage
Treilerweg,74,F,"",2583DD,'s-Gravenhage
Treilerweg,74,G,"",2583DD,'s-Gravenhage
Treilerweg,74,H,"",2583DD,'s-Gravenhage
Treilerweg,74,J,"",2583DD,'s-Gravenhage
Treilerweg,74,K,"",2583DD,'s-Gravenhage
Treilerweg,74,L,"",2583DD,'s-Gravenhage
Treilerweg,74,M,"",2583DD,'s-Gravenhage
Treilerweg,74,N,"",2583DD,'s-Gravenhage
Treilerweg,74,P,"",2583DD,'s-Gravenhage
Treilerweg,76,"","",2583DD,'s-Gravenhage
Treilerweg,76,"","",2583DD,'s-Gravenhage
Treilerweg,76,A,"",2583DD,'s-Gravenhage
Treilerweg,76,A,"",2583DD,'s-Gravenhage
Treilerweg,76,B,"",2583DD,'s-Gravenhage
Treilerweg,76,C,"",2583DD,'s-Gravenhage
Treilerweg,76,D,"",2583DD,'s-Gravenhage
Treilerweg,76,E,"",2583DD,'s-Gravenhage
Treilerweg,76,F,"",2583DD,'s-Gravenhage
Treilerweg,76,G,"",2583DD,'s-Gravenhage
Treilerweg,76,H,"",2583DD,'s-Gravenhage
Treilerweg,76,J,"",2583DD,'s-Gravenhage
Treilerweg,76,K,"",2583DD,'s-Gravenhage
Treilerweg,76,L,"",2583DD,'s-Gravenhage
Treilerweg,76,M,"",2583DD,'s-Gravenhage
Treilerweg,76,N,"",2583DD,'s-Gravenhage
Treilerweg,76,P,"",2583DD,'s-Gravenhage
Treilerweg,78,"","",2583DD,'s-Gravenhage
Treilerweg,78,"","",2583DD,'s-Gravenhage
Treilerweg,78,A,"",2583DD,'s-Gravenhage
Treilerweg,78,B,"",2583DD,'s-Gravenhage
Treilerweg,78,C,"",2583DD,'s-Gravenhage
Treilerweg,78,D,"",2583DD,'s-Gravenhage
Treilerweg,78,E,"",2583DD,'s-Gravenhage
Treilerweg,78,F,"",2583DD,'s-Gravenhage
Treilerweg,78,G,"",2583DD,'s-Gravenhage
Treilerweg,78,H,"",2583DD,'s-Gravenhage
Treilerweg,78,J,"",2583DD,'s-Gravenhage
Treilerweg,78,K,"",2583DD,'s-Gravenhage
Treilerweg,78,L,"",2583DD,'s-Gravenhage
Treilerweg,78,M,"",2583DD,'s-Gravenhage
Treilerweg,78,N,"",2583DD,'s-Gravenhage
Treilerweg,78,P,"",2583DD,'s-Gravenhage
Treilerweg,80,"","",2583DD,'s-Gravenhage
Treilerweg,80,"","",2583DD,'s-Gravenhage
Treilerweg,80,A,"",2583DD,'s-Gravenhage
Treilerweg,80,A,"",2583DD,'s-Gravenhage
Treilerweg,80,A,"",2583DD,'s-Gravenhage
Treilerweg,80,B,"",2583DD,'s-Gravenhage
Treilerweg,80,C,"",2583DD,'s-Gravenhage
Treilerweg,80,D,"",2583DD,'s-Gravenhage
Treilerweg,80,E,"",2583DD,'s-Gravenhage
Treilerweg,80,F,"",2583DD,'s-Gravenhage
Treilerweg,80,G,"",2583DD,'s-Gravenhage
Treilerweg,80,H,"",2583DD,'s-Gravenhage
Treilerweg,80,J,"",2583DD,'s-Gravenhage
Treilerweg,80,K,"",2583DD,'s-Gravenhage
Treilerweg,80,L,"",2583DD,'s-Gravenhage
Treilerweg,80,M,"",2583DD,'s-Gravenhage
Treilerweg,80,N,"",2583DD,'s-Gravenhage
Treilerweg,82,"","",2583DD,'s-Gravenhage
Treilerweg,84,"","",2583DD,'s-Gravenhage
Treilerweg,84,"","",2583DD,'s-Gravenhage
Treilerweg,86,"","",2583DD,'s-Gravenhage
Treilerweg,88,"","",2583DD,'s-Gravenhage
Treilerweg,90,"","",2583DD,'s-Gravenhage
Treilerweg,92,"","",2583DD,'s-Gravenhage
Treilerweg,94,"","",2583DD,'s-Gravenhage
Treilerweg,96,"","",2583DD,'s-Gravenhage
Treilerweg,98,"","",2583DD,'s-Gravenhage
Vissershavenstraat,101,"","",2583DG,'s-Gravenhage
Vissershavenstraat,103,"","",2583DG,'s-Gravenhage
Vissershavenstraat,105,"","",2583DG,'s-Gravenhage
Vissershavenstraat,107,"","",2583DG,'s-Gravenhage
Vissershavenstraat,109,"","",2583DG,'s-Gravenhage
Vissershavenstraat,111,"","",2583DG,'s-Gravenhage
Vissershavenstraat,113,"","",2583DG,'s-Gravenhage
Vissershavenstraat,115,"","",2583DG,'s-Gravenhage
Vissershavenstraat,117,"","",2583DG,'s-Gravenhage
Vissershavenstraat,119,"","",2583DG,'s-Gravenhage
Vissershavenstraat,121,"","",2583DG,'s-Gravenhage
Vissershavenstraat,123,"","",2583DG,'s-Gravenhage
Vissershavenstraat,125,"","",2583DG,'s-Gravenhage
Vissershavenstraat,127,"","",2583DG,'s-Gravenhage
Vissershavenstraat,129,"","",2583DG,'s-Gravenhage
Vissershavenstraat,131,"","",2583DG,'s-Gravenhage
Vissershavenstraat,133,"","",2583DG,'s-Gravenhage
Vissershavenstraat,135,"","",2583DG,'s-Gravenhage
Vissershavenstraat,137,"","",2583DG,'s-Gravenhage
Vissershavenstraat,139,"","",2583DG,'s-Gravenhage
Vissershavenstraat,141,"","",2583DG,'s-Gravenhage
Vissershavenstraat,143,"","",2583DG,'s-Gravenhage
Vissershavenstraat,145,"","",2583DG,'s-Gravenhage
Vissershavenstraat,147,"","",2583DG,'s-Gravenhage
Vissershavenstraat,149,"","",2583DG,'s-Gravenhage
Vissershavenstraat,151,"","",2583DG,'s-Gravenhage
Vissershavenstraat,153,"","",2583DG,'s-Gravenhage
Vissershavenstraat,155,"","",2583DG,'s-Gravenhage
Vissershavenstraat,157,"","",2583DG,'s-Gravenhage
Vissershavenstraat,159,"","",2583DG,'s-Gravenhage
Vissershavenstraat,161,"","",2583DG,'s-Gravenhage
Vissershavenstraat,163,"","",2583DG,'s-Gravenhage
Vissershavenstraat,165,"","",2583DG,'s-Gravenhage
Vissershavenstraat,167,"","",2583DG,'s-Gravenhage
Vissershavenstraat,169,"","",2583DG,'s-Gravenhage
Vissershavenstraat,171,"","",2583DG,'s-Gravenhage
Vissershavenstraat,173,"","",2583DG,'s-Gravenhage
Vissershavenstraat,175,"","",2583DG,'s-Gravenhage
Vissershavenstraat,177,"","",2583DG,'s-Gravenhage
Vissershavenstraat,179,"","",2583DG,'s-Gravenhage
Vissershavenstraat,181,"","",2583DG,'s-Gravenhage
Vissershavenstraat,183,"","",2583DG,'s-Gravenhage
Vissershavenstraat,185,"","",2583DG,'s-Gravenhage
Vissershavenstraat,187,"","",2583DG,'s-Gravenhage
Vissershavenstraat,189,"","",2583DG,'s-Gravenhage
Vissershavenstraat,191,"","",2583DG,'s-Gravenhage
Vissershavenstraat,193,"","",2583DG,'s-Gravenhage
Vissershavenstraat,195,"","",2583DG,'s-Gravenhage
Vissershavenstraat,197,"","",2583DG,'s-Gravenhage
Vissershavenstraat,199,"","",2583DG,'s-Gravenhage
Vissershavenstraat,199,A,"",2583DG,'s-Gravenhage
Vissershavenstraat,203,"","",2583DG,'s-Gravenhage
Vissershavenstraat,205,"","",2583DG,'s-Gravenhage
Vissershavenstraat,207,"","",2583DG,'s-Gravenhage
Vissershavenstraat,209,"","",2583DG,'s-Gravenhage
Vissershavenstraat,211,"","",2583DG,'s-Gravenhage
Vissershavenstraat,213,"","",2583DG,'s-Gravenhage
Vissershavenstraat,215,"","",2583DG,'s-Gravenhage
Vissershavenstraat,217,"","",2583DG,'s-Gravenhage
Vissershavenstraat,219,"","",2583DG,'s-Gravenhage
Vissershavenstraat,221,"","",2583DG,'s-Gravenhage
Vissershavenstraat,223,"","",2583DG,'s-Gravenhage
Vissershavenstraat,225,"","",2583DG,'s-Gravenhage
Vissershavenstraat,227,"","",2583DG,'s-Gravenhage
Vissershavenstraat,229,"","",2583DG,'s-Gravenhage
Vissershavenstraat,231,"","",2583DG,'s-Gravenhage
Vissershavenstraat,233,"","",2583DG,'s-Gravenhage
Vissershavenstraat,235,"","",2583DG,'s-Gravenhage
Vissershavenstraat,237,"","",2583DG,'s-Gravenhage
Vissershavenstraat,239,"","",2583DG,'s-Gravenhage
Vissershavenstraat,241,"","",2583DG,'s-Gravenhage
Vissershavenstraat,243,"","",2583DG,'s-Gravenhage
Vissershavenstraat,245,"","",2583DG,'s-Gravenhage
Vissershavenstraat,247,"","",2583DG,'s-Gravenhage
Vissershavenstraat,249,"","",2583DG,'s-Gravenhage
Vissershavenstraat,251,"","",2583DG,'s-Gravenhage
Vissershavenstraat,253,"","",2583DG,'s-Gravenhage
Vissershavenstraat,255,"","",2583DG,'s-Gravenhage
Vissershavenstraat,257,"","",2583DG,'s-Gravenhage
Vissershavenstraat,259,"","",2583DG,'s-Gravenhage
Vissershavenstraat,261,"","",2583DG,'s-Gravenhage
Vissershavenstraat,263,"","",2583DG,'s-Gravenhage
Vissershavenstraat,265,"","",2583DG,'s-Gravenhage
Vissershavenstraat,267,"","",2583DG,'s-Gravenhage
Vissershavenstraat,269,"","",2583DG,'s-Gravenhage
Vissershavenstraat,271,"","",2583DG,'s-Gravenhage
Vissershavenstraat,273,"","",2583DG,'s-Gravenhage
Vissershavenstraat,275,"","",2583DG,'s-Gravenhage
Vissershavenstraat,277,"","",2583DG,'s-Gravenhage
Vissershavenstraat,277,"","",2583DG,'s-Gravenhage
Vissershavenstraat,277,"","",2583DG,'s-Gravenhage
Vissershavenstraat,277,"",1,2583DG,'s-Gravenhage
Vissershavenstraat,277,"",1,2583DG,'s-Gravenhage
Vissershavenstraat,277,"",101,2583DG,'s-Gravenhage
Vissershavenstraat,277,"",101,2583DG,'s-Gravenhage
Vissershavenstraat,277,"",102,2583DG,'s-Gravenhage
Vissershavenstraat,277,"",102,2583DG,'s-Gravenhage
Vissershavenstraat,277,"",103,2583DG,'s-Gravenhage
Vissershavenstraat,277,"",103,2583DG,'s-Gravenhage
Vissershavenstraat,277,"",104,2583DG,'s-Gravenhage
Vissershavenstraat,277,"",104,2583DG,'s-Gravenhage
Vissershavenstraat,277,"",105,2583DG,'s-Gravenhage
Vissershavenstraat,277,"",105,2583DG,'s-Gravenhage
Vissershavenstraat,277,"",106,2583DG,'s-Gravenhage
Vissershavenstraat,277,"",106,2583DG,'s-Gravenhage
Vissershavenstraat,277,"",107,2583DG,'s-Gravenhage
Vissershavenstraat,277,"",107,2583DG,'s-Gravenhage
Vissershavenstraat,277,"",108,2583DG,'s-Gravenhage
Vissershavenstraat,277,"",108,2583DG,'s-Gravenhage
Vissershavenstraat,277,"",109,2583DG,'s-Gravenhage
Vissershavenstraat,277,"",109,2583DG,'s-Gravenhage
Vissershavenstraat,277,"",110,2583DG,'s-Gravenhage
Vissershavenstraat,277,"",110,2583DG,'s-Gravenhage
Vissershavenstraat,277,"",111,2583DG,'s-Gravenhage
Vissershavenstraat,277,"",111,2583DG,'s-Gravenhage
Vissershavenstraat,277,"",112,2583DG,'s-Gravenhage
Vissershavenstraat,277,"",112,2583DG,'s-Gravenhage
Vissershavenstraat,277,"",113,2583DG,'s-Gravenhage
Vissershavenstraat,277,"",113,2583DG,'s-Gravenhage
Vissershavenstraat,277,"",114,2583DG,'s-Gravenhage
Vissershavenstraat,277,"",114,2583DG,'s-Gravenhage
Vissershavenstraat,277,"",2,2583DG,'s-Gravenhage
Vissershavenstraat,277,"",2,2583DG,'s-Gravenhage
Vissershavenstraat,277,"",201,2583DG,'s-Gravenhage
Vissershavenstraat,277,"",201,2583DG,'s-Gravenhage
Vissershavenstraat,277,"",202,2583DG,'s-Gravenhage
Vissershavenstraat,277,"",202,2583DG,'s-Gravenhage
Vissershavenstraat,277,"",203,2583DG,'s-Gravenhage
Vissershavenstraat,277,"",203,2583DG,'s-Gravenhage
Vissershavenstraat,277,"",204,2583DG,'s-Gravenhage
Vissershavenstraat,277,"",204,2583DG,'s-Gravenhage
Vissershavenstraat,277,"",205,2583DG,'s-Gravenhage
Vissershavenstraat,277,"",205,2583DG,'s-Gravenhage
Vissershavenstraat,277,"",206,2583DG,'s-Gravenhage
Vissershavenstraat,277,"",206,2583DG,'s-Gravenhage
Vissershavenstraat,277,"",207,2583DG,'s-Gravenhage
Vissershavenstraat,277,"",207,2583DG,'s-Gravenhage
Vissershavenstraat,277,"",208,2583DG,'s-Gravenhage
Vissershavenstraat,277,"",208,2583DG,'s-Gravenhage
Vissershavenstraat,277,"",209,2583DG,'s-Gravenhage
Vissershavenstraat,277,"",209,2583DG,'s-Gravenhage
Vissershavenstraat,277,"",210,2583DG,'s-Gravenhage
Vissershavenstraat,277,"",210,2583DG,'s-Gravenhage
Vissershavenstraat,277,"",211,2583DG,'s-Gravenhage
Vissershavenstraat,277,"",211,2583DG,'s-Gravenhage
Vissershavenstraat,277,"",212,2583DG,'s-Gravenhage
Vissershavenstraat,277,"",212,2583DG,'s-Gravenhage
Vissershavenstraat,277,"",213,2583DG,'s-Gravenhage
Vissershavenstraat,277,"",213,2583DG,'s-Gravenhage
Vissershavenstraat,277,"",214,2583DG,'s-Gravenhage
Vissershavenstraat,277,"",214,2583DG,'s-Gravenhage
Vissershavenstraat,277,"",215,2583DG,'s-Gravenhage
Vissershavenstraat,277,"",215,2583DG,'s-Gravenhage
Vissershavenstraat,277,"",216,2583DG,'s-Gravenhage
Vissershavenstraat,277,"",216,2583DG,'s-Gravenhage
Vissershavenstraat,277,"",217,2583DG,'s-Gravenhage
Vissershavenstraat,277,"",217,2583DG,'s-Gravenhage
Vissershavenstraat,277,"",218,2583DG,'s-Gravenhage
Vissershavenstraat,277,"",218,2583DG,'s-Gravenhage
Vissershavenstraat,277,"",219,2583DG,'s-Gravenhage
Vissershavenstraat,277,"",219,2583DG,'s-Gravenhage
Vissershavenstraat,277,"",220,2583DG,'s-Gravenhage
Vissershavenstraat,277,"",220,2583DG,'s-Gravenhage
Vissershavenstraat,277,"",221,2583DG,'s-Gravenhage
Vissershavenstraat,277,"",221,2583DG,'s-Gravenhage
Vissershavenstraat,277,"",3,2583DG,'s-Gravenhage
Vissershavenstraat,277,"",3,2583DG,'s-Gravenhage
Vissershavenstraat,277,"",301,2583DG,'s-Gravenhage
Vissershavenstraat,277,"",301,2583DG,'s-Gravenhage
Vissershavenstraat,277,"",302,2583DG,'s-Gravenhage
Vissershavenstraat,277,"",302,2583DG,'s-Gravenhage
Vissershavenstraat,277,"",303,2583DG,'s-Gravenhage
Vissershavenstraat,277,"",303,2583DG,'s-Gravenhage
Vissershavenstraat,277,"",304,2583DG,'s-Gravenhage
Vissershavenstraat,277,"",304,2583DG,'s-Gravenhage
Vissershavenstraat,277,"",305,2583DG,'s-Gravenhage
Vissershavenstraat,277,"",305,2583DG,'s-Gravenhage
Vissershavenstraat,277,"",306,2583DG,'s-Gravenhage
Vissershavenstraat,277,"",306,2583DG,'s-Gravenhage
Vissershavenstraat,277,"",307,2583DG,'s-Gravenhage
Vissershavenstraat,277,"",307,2583DG,'s-Gravenhage
Vissershavenstraat,277,"",308,2583DG,'s-Gravenhage
Vissershavenstraat,277,"",308,2583DG,'s-Gravenhage
Vissershavenstraat,277,"",309,2583DG,'s-Gravenhage
Vissershavenstraat,277,"",309,2583DG,'s-Gravenhage
Vissershavenstraat,277,"",310,2583DG,'s-Gravenhage
Vissershavenstraat,277,"",310,2583DG,'s-Gravenhage
Vissershavenstraat,277,"",311,2583DG,'s-Gravenhage
Vissershavenstraat,277,"",311,2583DG,'s-Gravenhage
Vissershavenstraat,277,"",312,2583DG,'s-Gravenhage
Vissershavenstraat,277,"",312,2583DG,'s-Gravenhage
Vissershavenstraat,277,"",313,2583DG,'s-Gravenhage
Vissershavenstraat,277,"",313,2583DG,'s-Gravenhage
Vissershavenstraat,277,"",314,2583DG,'s-Gravenhage
Vissershavenstraat,277,"",314,2583DG,'s-Gravenhage
Vissershavenstraat,277,"",315,2583DG,'s-Gravenhage
Vissershavenstraat,277,"",315,2583DG,'s-Gravenhage
Vissershavenstraat,277,"",316,2583DG,'s-Gravenhage
Vissershavenstraat,277,"",316,2583DG,'s-Gravenhage
Vissershavenstraat,277,"",317,2583DG,'s-Gravenhage
Vissershavenstraat,277,"",317,2583DG,'s-Gravenhage
Vissershavenstraat,277,"",318,2583DG,'s-Gravenhage
Vissershavenstraat,277,"",318,2583DG,'s-Gravenhage
Vissershavenstraat,277,"",319,2583DG,'s-Gravenhage
Vissershavenstraat,277,"",319,2583DG,'s-Gravenhage
Vissershavenstraat,277,"",320,2583DG,'s-Gravenhage
Vissershavenstraat,277,"",320,2583DG,'s-Gravenhage
Vissershavenstraat,277,"",321,2583DG,'s-Gravenhage
Vissershavenstraat,277,"",321,2583DG,'s-Gravenhage
Vissershavenstraat,277,"",322,2583DG,'s-Gravenhage
Vissershavenstraat,277,"",322,2583DG,'s-Gravenhage
Vissershavenstraat,277,"",323,2583DG,'s-Gravenhage
Vissershavenstraat,277,"",323,2583DG,'s-Gravenhage
Vissershavenstraat,277,"",324,2583DG,'s-Gravenhage
Vissershavenstraat,277,"",324,2583DG,'s-Gravenhage
Vissershavenstraat,277,"",325,2583DG,'s-Gravenhage
Vissershavenstraat,277,"",325,2583DG,'s-Gravenhage
Vissershavenstraat,277,"",326,2583DG,'s-Gravenhage
Vissershavenstraat,277,"",326,2583DG,'s-Gravenhage
Vissershavenstraat,277,"",327,2583DG,'s-Gravenhage
Vissershavenstraat,277,"",327,2583DG,'s-Gravenhage
Vissershavenstraat,277,"",328,2583DG,'s-Gravenhage
Vissershavenstraat,277,"",328,2583DG,'s-Gravenhage
Vissershavenstraat,277,"",329,2583DG,'s-Gravenhage
Vissershavenstraat,277,"",329,2583DG,'s-Gravenhage
Vissershavenstraat,277,"",330,2583DG,'s-Gravenhage
Vissershavenstraat,277,"",330,2583DG,'s-Gravenhage
Vissershavenstraat,277,"",331,2583DG,'s-Gravenhage
Vissershavenstraat,277,"",331,2583DG,'s-Gravenhage
Vissershavenstraat,277,"",332,2583DG,'s-Gravenhage
Vissershavenstraat,277,"",332,2583DG,'s-Gravenhage
Vissershavenstraat,277,"",4,2583DG,'s-Gravenhage
Vissershavenstraat,277,"",4,2583DG,'s-Gravenhage
Vissershavenstraat,277,"",401,2583DG,'s-Gravenhage
Vissershavenstraat,277,"",401,2583DG,'s-Gravenhage
Vissershavenstraat,277,"",402,2583DG,'s-Gravenhage
Vissershavenstraat,277,"",402,2583DG,'s-Gravenhage
Vissershavenstraat,277,"",403,2583DG,'s-Gravenhage
Vissershavenstraat,277,"",403,2583DG,'s-Gravenhage
Vissershavenstraat,277,"",404,2583DG,'s-Gravenhage
Vissershavenstraat,277,"",404,2583DG,'s-Gravenhage
Vissershavenstraat,277,"",405,2583DG,'s-Gravenhage
Vissershavenstraat,277,"",405,2583DG,'s-Gravenhage
Vissershavenstraat,277,"",406,2583DG,'s-Gravenhage
Vissershavenstraat,277,"",406,2583DG,'s-Gravenhage
Vissershavenstraat,277,"",407,2583DG,'s-Gravenhage
Vissershavenstraat,277,"",407,2583DG,'s-Gravenhage
Vissershavenstraat,277,"",408,2583DG,'s-Gravenhage
Vissershavenstraat,277,"",408,2583DG,'s-Gravenhage
Vissershavenstraat,277,"",409,2583DG,'s-Gravenhage
Vissershavenstraat,277,"",409,2583DG,'s-Gravenhage
Vissershavenstraat,277,"",410,2583DG,'s-Gravenhage
Vissershavenstraat,277,"",410,2583DG,'s-Gravenhage
Vissershavenstraat,277,"",411,2583DG,'s-Gravenhage
Vissershavenstraat,277,"",411,2583DG,'s-Gravenhage
Vissershavenstraat,277,"",412,2583DG,'s-Gravenhage
Vissershavenstraat,277,"",412,2583DG,'s-Gravenhage
Vissershavenstraat,277,"",413,2583DG,'s-Gravenhage
Vissershavenstraat,277,"",413,2583DG,'s-Gravenhage
Vissershavenstraat,277,"",414,2583DG,'s-Gravenhage
Vissershavenstraat,277,"",414,2583DG,'s-Gravenhage
Vissershavenstraat,277,"",415,2583DG,'s-Gravenhage
Vissershavenstraat,277,"",415,2583DG,'s-Gravenhage
Vissershavenstraat,277,"",416,2583DG,'s-Gravenhage
Vissershavenstraat,277,"",416,2583DG,'s-Gravenhage
Vissershavenstraat,277,"",417,2583DG,'s-Gravenhage
Vissershavenstraat,277,"",417,2583DG,'s-Gravenhage
Vissershavenstraat,277,"",418,2583DG,'s-Gravenhage
Vissershavenstraat,277,"",418,2583DG,'s-Gravenhage
Vissershavenstraat,277,"",419,2583DG,'s-Gravenhage
Vissershavenstraat,277,"",419,2583DG,'s-Gravenhage
Vissershavenstraat,277,"",420,2583DG,'s-Gravenhage
Vissershavenstraat,277,"",420,2583DG,'s-Gravenhage
Vissershavenstraat,277,"",421,2583DG,'s-Gravenhage
Vissershavenstraat,277,"",421,2583DG,'s-Gravenhage
Vissershavenstraat,277,"",422,2583DG,'s-Gravenhage
Vissershavenstraat,277,"",422,2583DG,'s-Gravenhage
Vissershavenstraat,277,"",423,2583DG,'s-Gravenhage
Vissershavenstraat,277,"",423,2583DG,'s-Gravenhage
Vissershavenstraat,277,"",424,2583DG,'s-Gravenhage
Vissershavenstraat,277,"",424,2583DG,'s-Gravenhage
Vissershavenstraat,277,"",425,2583DG,'s-Gravenhage
Vissershavenstraat,277,"",425,2583DG,'s-Gravenhage
Vissershavenstraat,277,"",426,2583DG,'s-Gravenhage
Vissershavenstraat,277,"",426,2583DG,'s-Gravenhage
Vissershavenstraat,277,"",427,2583DG,'s-Gravenhage
Vissershavenstraat,277,"",427,2583DG,'s-Gravenhage
Vissershavenstraat,277,"",428,2583DG,'s-Gravenhage
Vissershavenstraat,277,"",428,2583DG,'s-Gravenhage
Vissershavenstraat,277,"",429,2583DG,'s-Gravenhage
Vissershavenstraat,277,"",429,2583DG,'s-Gravenhage
Vissershavenstraat,277,"",430,2583DG,'s-Gravenhage
Vissershavenstraat,277,"",430,2583DG,'s-Gravenhage
Vissershavenstraat,277,"",431,2583DG,'s-Gravenhage
Vissershavenstraat,277,"",431,2583DG,'s-Gravenhage
Vissershavenstraat,277,"",432,2583DG,'s-Gravenhage
Vissershavenstraat,277,"",432,2583DG,'s-Gravenhage
Vissershavenstraat,277,"",433,2583DG,'s-Gravenhage
Vissershavenstraat,277,"",433,2583DG,'s-Gravenhage
Vissershavenstraat,277,"",5,2583DG,'s-Gravenhage
Vissershavenstraat,277,"",5,2583DG,'s-Gravenhage
Vissershavenstraat,277,"",501,2583DG,'s-Gravenhage
Vissershavenstraat,277,"",501,2583DG,'s-Gravenhage
Vissershavenstraat,277,"",502,2583DG,'s-Gravenhage
Vissershavenstraat,277,"",502,2583DG,'s-Gravenhage
Vissershavenstraat,277,"",503,2583DG,'s-Gravenhage
Vissershavenstraat,277,"",503,2583DG,'s-Gravenhage
Vissershavenstraat,277,"",504,2583DG,'s-Gravenhage
Vissershavenstraat,277,"",504,2583DG,'s-Gravenhage
Vissershavenstraat,277,"",505,2583DG,'s-Gravenhage
Vissershavenstraat,277,"",505,2583DG,'s-Gravenhage
Vissershavenstraat,277,"",506,2583DG,'s-Gravenhage
Vissershavenstraat,277,"",506,2583DG,'s-Gravenhage
Vissershavenstraat,277,"",507,2583DG,'s-Gravenhage
Vissershavenstraat,277,"",507,2583DG,'s-Gravenhage
Vissershavenstraat,277,"",508,2583DG,'s-Gravenhage
Vissershavenstraat,277,"",508,2583DG,'s-Gravenhage
Vissershavenstraat,277,"",509,2583DG,'s-Gravenhage
Vissershavenstraat,277,"",509,2583DG,'s-Gravenhage
Vissershavenstraat,277,"",510,2583DG,'s-Gravenhage
Vissershavenstraat,277,"",510,2583DG,'s-Gravenhage
Vissershavenstraat,277,"",511,2583DG,'s-Gravenhage
Vissershavenstraat,277,"",511,2583DG,'s-Gravenhage
Vissershavenstraat,277,"",512,2583DG,'s-Gravenhage
Vissershavenstraat,277,"",512,2583DG,'s-Gravenhage
Vissershavenstraat,277,"",513,2583DG,'s-Gravenhage
Vissershavenstraat,277,"",513,2583DG,'s-Gravenhage
Vissershavenstraat,277,"",514,2583DG,'s-Gravenhage
Vissershavenstraat,277,"",514,2583DG,'s-Gravenhage
Vissershavenstraat,277,"",515,2583DG,'s-Gravenhage
Vissershavenstraat,277,"",515,2583DG,'s-Gravenhage
Vissershavenstraat,277,"",516,2583DG,'s-Gravenhage
Vissershavenstraat,277,"",516,2583DG,'s-Gravenhage
Vissershavenstraat,277,"",517,2583DG,'s-Gravenhage
Vissershavenstraat,277,"",517,2583DG,'s-Gravenhage
Vissershavenstraat,277,"",518,2583DG,'s-Gravenhage
Vissershavenstraat,277,"",518,2583DG,'s-Gravenhage
Vissershavenstraat,277,"",519,2583DG,'s-Gravenhage
Vissershavenstraat,277,"",519,2583DG,'s-Gravenhage
Vissershavenstraat,277,"",520,2583DG,'s-Gravenhage
Vissershavenstraat,277,"",520,2583DG,'s-Gravenhage
Vissershavenstraat,277,"",521,2583DG,'s-Gravenhage
Vissershavenstraat,277,"",521,2583DG,'s-Gravenhage
Vissershavenstraat,277,"",522,2583DG,'s-Gravenhage
Vissershavenstraat,277,"",522,2583DG,'s-Gravenhage
Vissershavenstraat,277,"",523,2583DG,'s-Gravenhage
Vissershavenstraat,277,"",523,2583DG,'s-Gravenhage
Vissershavenstraat,277,"",524,2583DG,'s-Gravenhage
Vissershavenstraat,277,"",524,2583DG,'s-Gravenhage
Vissershavenstraat,277,"",525,2583DG,'s-Gravenhage
Vissershavenstraat,277,"",525,2583DG,'s-Gravenhage
Vissershavenstraat,277,"",526,2583DG,'s-Gravenhage
Vissershavenstraat,277,"",526,2583DG,'s-Gravenhage
Vissershavenstraat,277,"",527,2583DG,'s-Gravenhage
Vissershavenstraat,277,"",527,2583DG,'s-Gravenhage
Vissershavenstraat,277,"",528,2583DG,'s-Gravenhage
Vissershavenstraat,277,"",528,2583DG,'s-Gravenhage
Vissershavenstraat,277,"",529,2583DG,'s-Gravenhage
Vissershavenstraat,277,"",529,2583DG,'s-Gravenhage
Vissershavenstraat,277,"",6,2583DG,'s-Gravenhage
Vissershavenstraat,277,"",6,2583DG,'s-Gravenhage
Vissershavenstraat,277,"",601,2583DG,'s-Gravenhage
Vissershavenstraat,277,"",601,2583DG,'s-Gravenhage
Vissershavenstraat,277,"",602,2583DG,'s-Gravenhage
Vissershavenstraat,277,"",602,2583DG,'s-Gravenhage
Vissershavenstraat,277,"",603,2583DG,'s-Gravenhage
Vissershavenstraat,277,"",603,2583DG,'s-Gravenhage
Vissershavenstraat,277,"",604,2583DG,'s-Gravenhage
Vissershavenstraat,277,"",604,2583DG,'s-Gravenhage
Vissershavenstraat,277,"",605,2583DG,'s-Gravenhage
Vissershavenstraat,277,"",605,2583DG,'s-Gravenhage
Vissershavenstraat,277,"",606,2583DG,'s-Gravenhage
Vissershavenstraat,277,"",606,2583DG,'s-Gravenhage
Vissershavenstraat,277,"",607,2583DG,'s-Gravenhage
Vissershavenstraat,277,"",607,2583DG,'s-Gravenhage
Vissershavenstraat,277,"",608,2583DG,'s-Gravenhage
Vissershavenstraat,277,"",608,2583DG,'s-Gravenhage
Vissershavenstraat,277,"",609,2583DG,'s-Gravenhage
Vissershavenstraat,277,"",609,2583DG,'s-Gravenhage
Vissershavenstraat,277,"",610,2583DG,'s-Gravenhage
Vissershavenstraat,277,"",610,2583DG,'s-Gravenhage
Vissershavenstraat,277,"",611,2583DG,'s-Gravenhage
Vissershavenstraat,277,"",611,2583DG,'s-Gravenhage
Vissershavenstraat,277,"",612,2583DG,'s-Gravenhage
Vissershavenstraat,277,"",612,2583DG,'s-Gravenhage
Vissershavenstraat,277,"",613,2583DG,'s-Gravenhage
Vissershavenstraat,277,"",613,2583DG,'s-Gravenhage
Vissershavenstraat,277,"",614,2583DG,'s-Gravenhage
Vissershavenstraat,277,"",614,2583DG,'s-Gravenhage
Vissershavenstraat,277,"",615,2583DG,'s-Gravenhage
Vissershavenstraat,277,"",615,2583DG,'s-Gravenhage
Vissershavenstraat,277,"",616,2583DG,'s-Gravenhage
Vissershavenstraat,277,"",616,2583DG,'s-Gravenhage
Vissershavenstraat,277,"",617,2583DG,'s-Gravenhage
Vissershavenstraat,277,"",617,2583DG,'s-Gravenhage
Vissershavenstraat,277,"",618,2583DG,'s-Gravenhage
Vissershavenstraat,277,"",618,2583DG,'s-Gravenhage
Vissershavenstraat,277,"",619,2583DG,'s-Gravenhage
Vissershavenstraat,277,"",619,2583DG,'s-Gravenhage
Vissershavenstraat,277,"",620,2583DG,'s-Gravenhage
Vissershavenstraat,277,"",620,2583DG,'s-Gravenhage
Vissershavenstraat,277,"",621,2583DG,'s-Gravenhage
Vissershavenstraat,277,"",621,2583DG,'s-Gravenhage
Vissershavenstraat,277,"",622,2583DG,'s-Gravenhage
Vissershavenstraat,277,"",622,2583DG,'s-Gravenhage
Vissershavenstraat,277,"",623,2583DG,'s-Gravenhage
Vissershavenstraat,277,"",623,2583DG,'s-Gravenhage
Vissershavenstraat,277,"",624,2583DG,'s-Gravenhage
Vissershavenstraat,277,"",624,2583DG,'s-Gravenhage
Vissershavenstraat,277,"",625,2583DG,'s-Gravenhage
Vissershavenstraat,277,"",625,2583DG,'s-Gravenhage
Vissershavenstraat,277,"",626,2583DG,'s-Gravenhage
Vissershavenstraat,277,"",626,2583DG,'s-Gravenhage
Vissershavenstraat,277,"",627,2583DG,'s-Gravenhage
Vissershavenstraat,277,"",627,2583DG,'s-Gravenhage
Vissershavenstraat,277,"",628,2583DG,'s-Gravenhage
Vissershavenstraat,277,"",628,2583DG,'s-Gravenhage
Vissershavenstraat,277,"",629,2583DG,'s-Gravenhage
Vissershavenstraat,277,"",629,2583DG,'s-Gravenhage
Vissershavenstraat,277,"",630,2583DG,'s-Gravenhage
Vissershavenstraat,277,"",630,2583DG,'s-Gravenhage
Vissershavenstraat,277,"",7,2583DG,'s-Gravenhage
Vissershavenstraat,277,"",7,2583DG,'s-Gravenhage
Vissershavenstraat,277,"",701,2583DG,'s-Gravenhage
Vissershavenstraat,277,"",701,2583DG,'s-Gravenhage
Vissershavenstraat,277,"",702,2583DG,'s-Gravenhage
Vissershavenstraat,277,"",702,2583DG,'s-Gravenhage
Vissershavenstraat,277,"",703,2583DG,'s-Gravenhage
Vissershavenstraat,277,"",703,2583DG,'s-Gravenhage
Vissershavenstraat,277,"",704,2583DG,'s-Gravenhage
Vissershavenstraat,277,"",704,2583DG,'s-Gravenhage
Vissershavenstraat,277,"",705,2583DG,'s-Gravenhage
Vissershavenstraat,277,"",705,2583DG,'s-Gravenhage
Vissershavenstraat,277,"",706,2583DG,'s-Gravenhage
Vissershavenstraat,277,"",706,2583DG,'s-Gravenhage
Vissershavenstraat,277,"",707,2583DG,'s-Gravenhage
Vissershavenstraat,277,"",707,2583DG,'s-Gravenhage
Vissershavenstraat,277,"",708,2583DG,'s-Gravenhage
Vissershavenstraat,277,"",708,2583DG,'s-Gravenhage
Vissershavenstraat,277,"",709,2583DG,'s-Gravenhage
Vissershavenstraat,277,"",709,2583DG,'s-Gravenhage
Vissershavenstraat,277,"",710,2583DG,'s-Gravenhage
Vissershavenstraat,277,"",710,2583DG,'s-Gravenhage
Vissershavenstraat,277,"",711,2583DG,'s-Gravenhage
Vissershavenstraat,277,"",711,2583DG,'s-Gravenhage
Vissershavenstraat,277,"",712,2583DG,'s-Gravenhage
Vissershavenstraat,277,"",712,2583DG,'s-Gravenhage
Vissershavenstraat,277,"",713,2583DG,'s-Gravenhage
Vissershavenstraat,277,"",713,2583DG,'s-Gravenhage
Vissershavenstraat,277,"",714,2583DG,'s-Gravenhage
Vissershavenstraat,277,"",714,2583DG,'s-Gravenhage
Vissershavenstraat,277,"",801,2583DG,'s-Gravenhage
Vissershavenstraat,277,"",801,2583DG,'s-Gravenhage
Vissershavenstraat,277,"",802,2583DG,'s-Gravenhage
Vissershavenstraat,277,"",803,2583DG,'s-Gravenhage
Vissershavenstraat,277,"",K001,2583DG,'s-Gravenhage
Vissershavenstraat,277,"",K002,2583DG,'s-Gravenhage
Vissershavenstraat,277,"",K003,2583DG,'s-Gravenhage
Vissershavenstraat,277,"",K004,2583DG,'s-Gravenhage
Vissershavenstraat,277,"",K005,2583DG,'s-Gravenhage
Vissershavenstraat,277,"",K006,2583DG,'s-Gravenhage
Vissershavenstraat,277,"",K007,2583DG,'s-Gravenhage
Vissershavenstraat,277,"",K101,2583DG,'s-Gravenhage
Vissershavenstraat,277,"",K102,2583DG,'s-Gravenhage
Vissershavenstraat,277,"",K103,2583DG,'s-Gravenhage
Vissershavenstraat,277,"",K104,2583DG,'s-Gravenhage
Vissershavenstraat,277,"",K105,2583DG,'s-Gravenhage
Vissershavenstraat,277,"",K106,2583DG,'s-Gravenhage
Vissershavenstraat,277,"",K107,2583DG,'s-Gravenhage
Vissershavenstraat,277,"",K108,2583DG,'s-Gravenhage
Vissershavenstraat,277,"",K109,2583DG,'s-Gravenhage
Vissershavenstraat,277,"",K110,2583DG,'s-Gravenhage
Vissershavenstraat,277,"",K111,2583DG,'s-Gravenhage
Vissershavenstraat,277,"",K112,2583DG,'s-Gravenhage
Vissershavenstraat,277,"",K113,2583DG,'s-Gravenhage
Vissershavenstraat,277,"",K114,2583DG,'s-Gravenhage
Vissershavenstraat,277,"",K115,2583DG,'s-Gravenhage
Vissershavenstraat,277,"",K116,2583DG,'s-Gravenhage
Vissershavenstraat,277,"",K117,2583DG,'s-Gravenhage
Vissershavenstraat,277,"",K118,2583DG,'s-Gravenhage
Vissershavenstraat,277,"",K119,2583DG,'s-Gravenhage
Vissershavenstraat,277,"",K120,2583DG,'s-Gravenhage
Vissershavenstraat,277,"",K201,2583DG,'s-Gravenhage
Vissershavenstraat,277,"",K202,2583DG,'s-Gravenhage
Vissershavenstraat,277,"",K203,2583DG,'s-Gravenhage
Vissershavenstraat,277,"",K204,2583DG,'s-Gravenhage
Vissershavenstraat,277,"",K205,2583DG,'s-Gravenhage
Vissershavenstraat,277,"",K206,2583DG,'s-Gravenhage
Vissershavenstraat,277,"",K207,2583DG,'s-Gravenhage
Vissershavenstraat,277,"",K208,2583DG,'s-Gravenhage
Vissershavenstraat,277,"",K209,2583DG,'s-Gravenhage
Vissershavenstraat,277,"",K210,2583DG,'s-Gravenhage
Vissershavenstraat,277,"",K211,2583DG,'s-Gravenhage
Vissershavenstraat,277,"",K212,2583DG,'s-Gravenhage
Vissershavenstraat,277,"",K213,2583DG,'s-Gravenhage
Vissershavenstraat,277,"",K214,2583DG,'s-Gravenhage
Vissershavenstraat,277,"",K215,2583DG,'s-Gravenhage
Vissershavenstraat,277,"",K216,2583DG,'s-Gravenhage
Vissershavenstraat,277,"",K217,2583DG,'s-Gravenhage
Vissershavenstraat,277,"",K218,2583DG,'s-Gravenhage
Vissershavenstraat,277,"",K219,2583DG,'s-Gravenhage
Vissershavenstraat,277,"",K220,2583DG,'s-Gravenhage
Vissershavenstraat,277,"",K221,2583DG,'s-Gravenhage
Vissershavenstraat,277,"",K223,2583DG,'s-Gravenhage
Vissershavenstraat,277,"",K223,2583DG,'s-Gravenhage
Vissershavenstraat,277,"",K224,2583DG,'s-Gravenhage
Vissershavenstraat,277,"",K224,2583DG,'s-Gravenhage
Vissershavenstraat,277,"",K225,2583DG,'s-Gravenhage
Vissershavenstraat,277,"",K225,2583DG,'s-Gravenhage
Vissershavenstraat,277,"",K301,2583DG,'s-Gravenhage
Vissershavenstraat,277,"",K302,2583DG,'s-Gravenhage
Vissershavenstraat,277,"",K303,2583DG,'s-Gravenhage
Vissershavenstraat,277,"",K304,2583DG,'s-Gravenhage
Vissershavenstraat,277,"",K305,2583DG,'s-Gravenhage
Vissershavenstraat,277,"",K306,2583DG,'s-Gravenhage
Vissershavenstraat,277,"",K307,2583DG,'s-Gravenhage
Vissershavenstraat,277,"",K308,2583DG,'s-Gravenhage
Vissershavenstraat,277,"",K310,2583DG,'s-Gravenhage
Vissershavenstraat,277,"",K311,2583DG,'s-Gravenhage
Vissershavenstraat,277,"",K312,2583DG,'s-Gravenhage
Vissershavenstraat,277,"",K313,2583DG,'s-Gravenhage
Vissershavenstraat,277,"",K314,2583DG,'s-Gravenhage
Vissershavenstraat,277,"",K315,2583DG,'s-Gravenhage
Vissershavenstraat,277,"",K316,2583DG,'s-Gravenhage
Vissershavenstraat,277,"",K317,2583DG,'s-Gravenhage
Vissershavenstraat,277,"",K318,2583DG,'s-Gravenhage
Vissershavenstraat,277,"",K319,2583DG,'s-Gravenhage
Vissershavenstraat,277,"",K320,2583DG,'s-Gravenhage
Vissershavenstraat,277,"",K321,2583DG,'s-Gravenhage
Vissershavenstraat,277,"",K322,2583DG,'s-Gravenhage
Vissershavenstraat,277,"",K323,2583DG,'s-Gravenhage
Vissershavenstraat,277,"",K324,2583DG,'s-Gravenhage
Vissershavenstraat,277,"",K325,2583DG,'s-Gravenhage
Vissershavenstraat,277,"",K326,2583DG,'s-Gravenhage
Vissershavenstraat,277,"",K327,2583DG,'s-Gravenhage
Vissershavenstraat,277,"",K328,2583DG,'s-Gravenhage
Vissershavenstraat,277,"",K329,2583DG,'s-Gravenhage
Vissershavenstraat,277,"",K330,2583DG,'s-Gravenhage
Vissershavenstraat,277,"",K331,2583DG,'s-Gravenhage
Vissershavenstraat,277,"",K332,2583DG,'s-Gravenhage
Vissershavenstraat,277,"",K420,2583DG,'s-Gravenhage
Vissershavenstraat,277,"",K421,2583DG,'s-Gravenhage
Vissershavenstraat,277,"",K422,2583DG,'s-Gravenhage
Vissershavenstraat,277,"",K423,2583DG,'s-Gravenhage
Vissershavenstraat,277,"",K424,2583DG,'s-Gravenhage
Vissershavenstraat,277,"",K425,2583DG,'s-Gravenhage
Vissershavenstraat,277,"",K426,2583DG,'s-Gravenhage
Vissershavenstraat,277,"",K427,2583DG,'s-Gravenhage
Vissershavenstraat,277,"",K428,2583DG,'s-Gravenhage
Vissershavenstraat,277,"",K429,2583DG,'s-Gravenhage
Vissershavenstraat,277,"",K430,2583DG,'s-Gravenhage
Vissershavenstraat,277,"",K431,2583DG,'s-Gravenhage
Vissershavenstraat,277,"",K432,2583DG,'s-Gravenhage
Vissershavenstraat,277,"",K433,2583DG,'s-Gravenhage
Vissershavenstraat,277,"",K516,2583DG,'s-Gravenhage
Vissershavenstraat,277,"",K517,2583DG,'s-Gravenhage
Vissershavenstraat,277,"",K518,2583DG,'s-Gravenhage
Vissershavenstraat,277,"",K519,2583DG,'s-Gravenhage
Vissershavenstraat,277,"",K520,2583DG,'s-Gravenhage
Vissershavenstraat,277,"",K521,2583DG,'s-Gravenhage
Vissershavenstraat,277,"",K522,2583DG,'s-Gravenhage
Vissershavenstraat,277,"",K523,2583DG,'s-Gravenhage
Vissershavenstraat,277,"",K524,2583DG,'s-Gravenhage
Vissershavenstraat,277,"",K525,2583DG,'s-Gravenhage
Vissershavenstraat,277,"",K526,2583DG,'s-Gravenhage
Vissershavenstraat,277,"",K527,2583DG,'s-Gravenhage
Vissershavenstraat,277,"",K528,2583DG,'s-Gravenhage
Vissershavenstraat,277,"",K529,2583DG,'s-Gravenhage
Vissershavenstraat,277,"",K617,2583DG,'s-Gravenhage
Vissershavenstraat,277,"",K618,2583DG,'s-Gravenhage
Vissershavenstraat,277,"",K619,2583DG,'s-Gravenhage
Vissershavenstraat,277,"",K620,2583DG,'s-Gravenhage
Vissershavenstraat,277,"",K621,2583DG,'s-Gravenhage
Vissershavenstraat,277,"",K622,2583DG,'s-Gravenhage
Vissershavenstraat,277,"",K623,2583DG,'s-Gravenhage
Vissershavenstraat,277,"",K624,2583DG,'s-Gravenhage
Vissershavenstraat,277,"",K625,2583DG,'s-Gravenhage
Vissershavenstraat,277,"",K626,2583DG,'s-Gravenhage
Vissershavenstraat,277,"",K627,2583DG,'s-Gravenhage
Vissershavenstraat,277,"",K628,2583DG,'s-Gravenhage
Vissershavenstraat,277,"",K629,2583DG,'s-Gravenhage
Vissershavenstraat,277,"",K630,2583DG,'s-Gravenhage
Vissershavenstraat,277,"",K701,2583DG,'s-Gravenhage
Vissershavenstraat,277,"",K702,2583DG,'s-Gravenhage
Vissershavenstraat,277,"",K703,2583DG,'s-Gravenhage
Vissershavenstraat,277,"",K704,2583DG,'s-Gravenhage
Vissershavenstraat,277,"",K705,2583DG,'s-Gravenhage
Vissershavenstraat,277,"",K706,2583DG,'s-Gravenhage
Vissershavenstraat,277,"",K707,2583DG,'s-Gravenhage
Vissershavenstraat,277,"",K708,2583DG,'s-Gravenhage
Vissershavenstraat,277,"",K709,2583DG,'s-Gravenhage
Vissershavenstraat,277,"",K710,2583DG,'s-Gravenhage
Vissershavenstraat,277,"",K711,2583DG,'s-Gravenhage
Vissershavenstraat,277,"",K712,2583DG,'s-Gravenhage
Vissershavenstraat,277,"",K713,2583DG,'s-Gravenhage
Vissershavenstraat,277,"",K714,2583DG,'s-Gravenhage
Vissershavenstraat,281,"","",2583DG,'s-Gravenhage
Vissershavenstraat,281,"","",2583DG,'s-Gravenhage
Vissershavenstraat,281,"","",2583DG,'s-Gravenhage
Vissershavenstraat,283,"","",2583DG,'s-Gravenhage
Vissershavenstraat,283,"","",2583DG,'s-Gravenhage
Vissershavenstraat,283,"","",2583DG,'s-Gravenhage
Vissershavenstraat,285,"","",2583DG,'s-Gravenhage
Vissershavenstraat,287,"","",2583DG,'s-Gravenhage
Vissershavenstraat,289,"","",2583DG,'s-Gravenhage
Vissershavenstraat,291,"","",2583DG,'s-Gravenhage
Vissershavenstraat,293,"","",2583DG,'s-Gravenhage
Vissershavenstraat,295,"","",2583DG,'s-Gravenhage
Vissershavenstraat,297,"","",2583DG,'s-Gravenhage
Vissershavenstraat,299,"","",2583DG,'s-Gravenhage
Vissershavenstraat,299,A,"",2583DG,'s-Gravenhage
Vissershavenstraat,299,B,"",2583DG,'s-Gravenhage
Vissershavenstraat,299,C,"",2583DG,'s-Gravenhage
Vissershavenstraat,299,D,"",2583DG,'s-Gravenhage
Vissershavenstraat,299,E,"",2583DG,'s-Gravenhage
Vissershavenstraat,299,F,"",2583DG,'s-Gravenhage
Vissershavenstraat,299,G,"",2583DG,'s-Gravenhage
Vissershavenstraat,301,"","",2583DG,'s-Gravenhage
Vissershavenstraat,301,A,"",2583DG,'s-Gravenhage
Vissershavenstraat,301,B,"",2583DG,'s-Gravenhage
Vissershavenstraat,301,C,"",2583DG,'s-Gravenhage
Vissershavenstraat,301,D,"",2583DG,'s-Gravenhage
Vissershavenstraat,301,E,"",2583DG,'s-Gravenhage
Vissershavenstraat,301,F,"",2583DG,'s-Gravenhage
Vissershavenstraat,303,"","",2583DG,'s-Gravenhage
Vissershavenstraat,303,A,"",2583DG,'s-Gravenhage
Vissershavenstraat,303,B,"",2583DG,'s-Gravenhage
Vissershavenstraat,303,C,"",2583DG,'s-Gravenhage
Vissershavenstraat,303,D,"",2583DG,'s-Gravenhage
Vissershavenstraat,303,E,"",2583DG,'s-Gravenhage
Vissershavenstraat,303,F,"",2583DG,'s-Gravenhage
Vissershavenstraat,305,"","",2583DG,'s-Gravenhage
Vissershavenstraat,305,A,"",2583DG,'s-Gravenhage
Vissershavenstraat,305,B,"",2583DG,'s-Gravenhage
Vissershavenstraat,305,C,"",2583DG,'s-Gravenhage
Vissershavenstraat,305,D,"",2583DG,'s-Gravenhage
Vissershavenstraat,305,E,"",2583DG,'s-Gravenhage
Vissershavenstraat,307,"","",2583DG,'s-Gravenhage
Vissershavenstraat,309,"","",2583DG,'s-Gravenhage
Vissershavenstraat,311,"","",2583DG,'s-Gravenhage
Vissershavenstraat,313,"","",2583DG,'s-Gravenhage
Vissershavenstraat,315,"","",2583DG,'s-Gravenhage
Vissershavenstraat,317,"","",2583DG,'s-Gravenhage
Vissershavenstraat,319,"","",2583DG,'s-Gravenhage
Vissershavenstraat,321,"","",2583DG,'s-Gravenhage
Vissershavenstraat,323,"","",2583DG,'s-Gravenhage
Vissershavenstraat,325,"","",2583DG,'s-Gravenhage
Vissershavenstraat,327,"","",2583DG,'s-Gravenhage
Vissershavenstraat,329,"","",2583DG,'s-Gravenhage
Vissershavenstraat,331,"","",2583DG,'s-Gravenhage
Vissershavenstraat,333,"","",2583DG,'s-Gravenhage
Vissershavenstraat,335,"","",2583DG,'s-Gravenhage
Vissershavenstraat,337,"","",2583DG,'s-Gravenhage
Vissershavenstraat,337,"","",2583DG,'s-Gravenhage
Vissershavenstraat,337,"","",2583DG,'s-Gravenhage
Vissershavenstraat,61,"","",2583DG,'s-Gravenhage
Vissershavenstraat,63,"","",2583DG,'s-Gravenhage
Vissershavenstraat,65,"","",2583DG,'s-Gravenhage
Vissershavenstraat,67,"","",2583DG,'s-Gravenhage
Vissershavenstraat,69,"","",2583DG,'s-Gravenhage
Vissershavenstraat,71,"","",2583DG,'s-Gravenhage
Vissershavenstraat,73,"","",2583DG,'s-Gravenhage
Vissershavenstraat,77,"","",2583DG,'s-Gravenhage
Vissershavenstraat,79,"","",2583DG,'s-Gravenhage
Vissershavenstraat,81,"","",2583DG,'s-Gravenhage
Vissershavenstraat,83,"","",2583DG,'s-Gravenhage
Vissershavenstraat,83,"","",2583DG,'s-Gravenhage
Vissershavenstraat,83,A,"",2583DG,'s-Gravenhage
Vissershavenstraat,85,"","",2583DG,'s-Gravenhage
Vissershavenstraat,85,A,"",2583DG,'s-Gravenhage
Vissershavenstraat,87,"","",2583DG,'s-Gravenhage
Vissershavenstraat,91,"","",2583DG,'s-Gravenhage
Vissershavenstraat,93,"","",2583DG,'s-Gravenhage
Vissershavenstraat,95,"","",2583DG,'s-Gravenhage
Vissershavenstraat,97,"","",2583DG,'s-Gravenhage
Vissershavenstraat,99,"","",2583DG,'s-Gravenhage
Vissershavenstraat,10,"","",2583DH,'s-Gravenhage
Vissershavenstraat,10,A,"",2583DH,'s-Gravenhage
Vissershavenstraat,10,B,"",2583DH,'s-Gravenhage
Vissershavenstraat,12,"","",2583DH,'s-Gravenhage
Vissershavenstraat,12,A,"",2583DH,'s-Gravenhage
Vissershavenstraat,12,B,"",2583DH,'s-Gravenhage
Vissershavenstraat,14,"","",2583DH,'s-Gravenhage
Vissershavenstraat,14,A,"",2583DH,'s-Gravenhage
Vissershavenstraat,14,B,"",2583DH,'s-Gravenhage
Vissershavenstraat,14,C,"",2583DH,'s-Gravenhage
Vissershavenstraat,14,D,"",2583DH,'s-Gravenhage
Vissershavenstraat,14,E,"",2583DH,'s-Gravenhage
Vissershavenstraat,14,F,"",2583DH,'s-Gravenhage
Vissershavenstraat,14,G,"",2583DH,'s-Gravenhage
Vissershavenstraat,14,H,"",2583DH,'s-Gravenhage
Vissershavenstraat,16,"","",2583DH,'s-Gravenhage
Vissershavenstraat,16,A,"",2583DH,'s-Gravenhage
Vissershavenstraat,16,B,"",2583DH,'s-Gravenhage
Vissershavenstraat,16,C,"",2583DH,'s-Gravenhage
Vissershavenstraat,16,D,"",2583DH,'s-Gravenhage
Vissershavenstraat,16,E,"",2583DH,'s-Gravenhage
Vissershavenstraat,16,F,"",2583DH,'s-Gravenhage
Vissershavenstraat,16,G,"",2583DH,'s-Gravenhage
Vissershavenstraat,16,H,"",2583DH,'s-Gravenhage
Vissershavenstraat,16,J,"",2583DH,'s-Gravenhage
Vissershavenstraat,2,"","",2583DH,'s-Gravenhage
Vissershavenstraat,2,A,"",2583DH,'s-Gravenhage
Vissershavenstraat,2,A,"",2583DH,'s-Gravenhage
Vissershavenstraat,2,B,"",2583DH,'s-Gravenhage
Vissershavenstraat,2,B,"",2583DH,'s-Gravenhage
Vissershavenstraat,2,C,"",2583DH,'s-Gravenhage
Vissershavenstraat,2,C,"",2583DH,'s-Gravenhage
Vissershavenstraat,2,D,"",2583DH,'s-Gravenhage
Vissershavenstraat,2,D,"",2583DH,'s-Gravenhage
Vissershavenstraat,20,"","",2583DH,'s-Gravenhage
Vissershavenstraat,22,"","",2583DH,'s-Gravenhage
Vissershavenstraat,4,"","",2583DH,'s-Gravenhage
Vissershavenstraat,8,"","",2583DH,'s-Gravenhage
Vissershavenstraat,8,A,"",2583DH,'s-Gravenhage
Vissershavenstraat,8,B,"",2583DH,'s-Gravenhage
Vissershavenweg,25,"","",2583DJ,'s-Gravenhage
Vissershavenweg,27,"","",2583DJ,'s-Gravenhage
Vissershavenweg,27,"","",2583DJ,'s-Gravenhage
Vissershavenweg,27,"","",2583DJ,'s-Gravenhage
Vissershavenweg,27,"","",2583DJ,'s-Gravenhage
Vissershavenweg,29,"","",2583DJ,'s-Gravenhage
Vissershavenweg,29,"","",2583DJ,'s-Gravenhage
Vissershavenweg,29,"","",2583DJ,'s-Gravenhage
Vissershavenweg,29,"","",2583DJ,'s-Gravenhage
Vissershavenweg,30,"","",2583DJ,'s-Gravenhage
Vissershavenweg,30,"","",2583DJ,'s-Gravenhage
Vissershavenweg,30,"","",2583DJ,'s-Gravenhage
Vissershavenweg,30,"","",2583DJ,'s-Gravenhage
Vissershavenweg,33,"","",2583DK,'s-Gravenhage
Vissershavenweg,33,"","",2583DK,'s-Gravenhage
Vissershavenweg,33,"","",2583DK,'s-Gravenhage
Vissershavenweg,33,"","",2583DK,'s-Gravenhage
Vissershavenweg,35,"","",2583DK,'s-Gravenhage
Vissershavenweg,45,"","",2583DK,'s-Gravenhage
Vissershavenweg,46,"","",2583DK,'s-Gravenhage
Vissershavenweg,47,"","",2583DK,'s-Gravenhage
Vissershavenweg,47,B,"",2583DK,'s-Gravenhage
Vissershavenweg,47,C,"",2583DK,'s-Gravenhage
Vissershavenweg,48,"","",2583DK,'s-Gravenhage
Vissershavenweg,48,"","",2583DK,'s-Gravenhage
Vissershavenweg,49,"","",2583DK,'s-Gravenhage
Vissershavenweg,50,"","",2583DK,'s-Gravenhage
Vissershavenweg,50,"","",2583DK,'s-Gravenhage
Vissershavenweg,50,"","",2583DK,'s-Gravenhage
Vissershavenweg,52,"","",2583DK,'s-Gravenhage
Zeesluisweg,75,"","",2583DK,'s-Gravenhage
Zeesluisweg,75,"","",2583DK,'s-Gravenhage
Zeesluisweg,77,"","",2583DK,'s-Gravenhage
Zeesluisweg,77,"","",2583DK,'s-Gravenhage
Zeesluisweg,79,"","",2583DK,'s-Gravenhage
Zeesluisweg,79,"","",2583DK,'s-Gravenhage
Vissershavenweg,55,"","",2583DL,'s-Gravenhage
Vissershavenweg,55,A,"",2583DL,'s-Gravenhage
Vissershavenweg,55,A,"",2583DL,'s-Gravenhage
Vissershavenweg,55,B,"",2583DL,'s-Gravenhage
Vissershavenweg,55,B,1,2583DL,'s-Gravenhage
Vissershavenweg,55,B,2,2583DL,'s-Gravenhage
Vissershavenweg,55,C,1,2583DL,'s-Gravenhage
Vissershavenweg,55,C,2,2583DL,'s-Gravenhage
Vissershavenweg,55,D,"",2583DL,'s-Gravenhage
Vissershavenweg,55,T,"",2583DL,'s-Gravenhage
Vissershavenweg,56,"","",2583DL,'s-Gravenhage
Vissershavenweg,56,E,"",2583DL,'s-Gravenhage
Vissershavenweg,56,F,"",2583DL,'s-Gravenhage
Vissershavenweg,56,G,"",2583DL,'s-Gravenhage
Vissershavenweg,56,H,"",2583DL,'s-Gravenhage
Vissershavenweg,56,J,"",2583DL,'s-Gravenhage
Vissershavenweg,56,K,"",2583DL,'s-Gravenhage
Vissershavenweg,56,L,"",2583DL,'s-Gravenhage
Vissershavenweg,56,M,"",2583DL,'s-Gravenhage
Vissershavenweg,56,N,"",2583DL,'s-Gravenhage
Vissershavenweg,56,P,"",2583DL,'s-Gravenhage
Vissershavenweg,56,Q,"",2583DL,'s-Gravenhage
Vissershavenweg,56,R,"",2583DL,'s-Gravenhage
Vissershavenweg,56,S,"",2583DL,'s-Gravenhage
Vissershavenweg,56,T,"",2583DL,'s-Gravenhage
Vissershavenweg,57,"","",2583DL,'s-Gravenhage
Vissershavenweg,57,A,"",2583DL,'s-Gravenhage
Vissershavenweg,57,B,"",2583DL,'s-Gravenhage
Vissershavenweg,57,C,"",2583DL,'s-Gravenhage
Vissershavenweg,57,D,"",2583DL,'s-Gravenhage
Vissershavenweg,57,E,"",2583DL,'s-Gravenhage
Vissershavenweg,57,F,"",2583DL,'s-Gravenhage
Vissershavenweg,57,G,"",2583DL,'s-Gravenhage
Vissershavenweg,57,H,"",2583DL,'s-Gravenhage
Vissershavenweg,57,J,"",2583DL,'s-Gravenhage
Vissershavenweg,57,K,"",2583DL,'s-Gravenhage
Vissershavenweg,57,L,"",2583DL,'s-Gravenhage
Vissershavenweg,57,M,"",2583DL,'s-Gravenhage
Vissershavenweg,57,N,"",2583DL,'s-Gravenhage
Vissershavenweg,57,P,"",2583DL,'s-Gravenhage
Vissershavenweg,57,Q,"",2583DL,'s-Gravenhage
Vissershavenweg,57,R,"",2583DL,'s-Gravenhage
Vissershavenweg,57,S,"",2583DL,'s-Gravenhage
Vissershavenweg,57,T,"",2583DL,'s-Gravenhage
Vissershavenweg,58,"","",2583DL,'s-Gravenhage
Vissershavenweg,59,"","",2583DL,'s-Gravenhage
Vissershavenweg,60,"","",2583DL,'s-Gravenhage
Vissershavenweg,60,A,"",2583DL,'s-Gravenhage
Vissershavenweg,60,B,"",2583DL,'s-Gravenhage
Vissershavenweg,61,"","",2583DL,'s-Gravenhage
Vissershavenweg,61,A,"",2583DL,'s-Gravenhage
Vissershavenweg,61,B,"",2583DL,'s-Gravenhage
Vissershavenweg,61,C,"",2583DL,'s-Gravenhage
Vissershavenweg,61,D,"",2583DL,'s-Gravenhage
Vissershavenweg,61,E,"",2583DL,'s-Gravenhage
Vissershavenweg,61,G,"",2583DL,'s-Gravenhage
Vissershavenweg,61,H,"",2583DL,'s-Gravenhage
Vissershavenweg,62,"","",2583DL,'s-Gravenhage
Vissershavenweg,62,A,"",2583DL,'s-Gravenhage
Vissershavenweg,62,B,"",2583DL,'s-Gravenhage
Vissershavenweg,63,"","",2583DL,'s-Gravenhage
Vissershavenweg,63,A,"",2583DL,'s-Gravenhage
Vissershavenweg,63,B,"",2583DL,'s-Gravenhage
Vissershavenweg,64,"","",2583DL,'s-Gravenhage
Vissershavenweg,64,A,"",2583DL,'s-Gravenhage
Vissershavenweg,65,"","",2583DL,'s-Gravenhage
Vissershavenweg,66,"","",2583DL,'s-Gravenhage
Vissershavenweg,67,"","",2583DL,'s-Gravenhage
Vissershavenweg,68,"","",2583DL,'s-Gravenhage
Vissershavenweg,69,"","",2583DL,'s-Gravenhage
Visafslagweg,1,"","",2583DM,'s-Gravenhage
Visafslagweg,1,"","",2583DM,'s-Gravenhage
Visafslagweg,1,"","",2583DM,'s-Gravenhage
Visafslagweg,1,"",BIS,2583DM,'s-Gravenhage
Visafslagweg,1,T,"",2583DM,'s-Gravenhage
Visafslagweg,10,"","",2583DM,'s-Gravenhage
Visafslagweg,101,"","",2583DM,'s-Gravenhage
Visafslagweg,12,"","",2583DM,'s-Gravenhage
Visafslagweg,14,"","",2583DM,'s-Gravenhage
Visafslagweg,16,"","",2583DM,'s-Gravenhage
Visafslagweg,18,"","",2583DM,'s-Gravenhage
Visafslagweg,2,"","",2583DM,'s-Gravenhage
Visafslagweg,2,A,"",2583DM,'s-Gravenhage
Visafslagweg,2,B,"",2583DM,'s-Gravenhage
Visafslagweg,2,C,"",2583DM,'s-Gravenhage
Visafslagweg,2,C,"",2583DM,'s-Gravenhage
Visafslagweg,2,D,"",2583DM,'s-Gravenhage
Visafslagweg,20,"","",2583DM,'s-Gravenhage
Visafslagweg,22,"","",2583DM,'s-Gravenhage
Visafslagweg,24,"","",2583DM,'s-Gravenhage
Visafslagweg,28,"","",2583DM,'s-Gravenhage
Visafslagweg,30,"","",2583DM,'s-Gravenhage
Visafslagweg,32,"","",2583DM,'s-Gravenhage
Visafslagweg,32,A,"",2583DM,'s-Gravenhage
Visafslagweg,32,B,"",2583DM,'s-Gravenhage
Visafslagweg,34,"","",2583DM,'s-Gravenhage
Visafslagweg,36,"","",2583DM,'s-Gravenhage
Visafslagweg,36,A,"",2583DM,'s-Gravenhage
Visafslagweg,36,B,"",2583DM,'s-Gravenhage
Visafslagweg,36,C,"",2583DM,'s-Gravenhage
Visafslagweg,36,D,"",2583DM,'s-Gravenhage
Visafslagweg,36,E,"",2583DM,'s-Gravenhage
Visafslagweg,36,F,"",2583DM,'s-Gravenhage
Visafslagweg,36,G,"",2583DM,'s-Gravenhage
Visafslagweg,36,H,"",2583DM,'s-Gravenhage
Visafslagweg,36,J,"",2583DM,'s-Gravenhage
Visafslagweg,38,"","",2583DM,'s-Gravenhage
Visafslagweg,38,A,"",2583DM,'s-Gravenhage
Visafslagweg,38,B,"",2583DM,'s-Gravenhage
Visafslagweg,38,C,"",2583DM,'s-Gravenhage
Visafslagweg,38,D,"",2583DM,'s-Gravenhage
Visafslagweg,38,E,"",2583DM,'s-Gravenhage
Visafslagweg,38,F,"",2583DM,'s-Gravenhage
Visafslagweg,38,G,"",2583DM,'s-Gravenhage
Visafslagweg,38,H,"",2583DM,'s-Gravenhage
Visafslagweg,38,J,"",2583DM,'s-Gravenhage
Visafslagweg,40,"","",2583DM,'s-Gravenhage
Visafslagweg,40,"","",2583DM,'s-Gravenhage
Visafslagweg,40,A,"",2583DM,'s-Gravenhage
Visafslagweg,40,B,"",2583DM,'s-Gravenhage
Visafslagweg,40,C,"",2583DM,'s-Gravenhage
Visafslagweg,40,D,"",2583DM,'s-Gravenhage
Visafslagweg,40,E,"",2583DM,'s-Gravenhage
Visafslagweg,40,F,"",2583DM,'s-Gravenhage
Visafslagweg,40,G,"",2583DM,'s-Gravenhage
Visafslagweg,40,H,"",2583DM,'s-Gravenhage
Visafslagweg,40,J,"",2583DM,'s-Gravenhage
Visafslagweg,42,"","",2583DM,'s-Gravenhage
Visafslagweg,42,A,"",2583DM,'s-Gravenhage
Visafslagweg,42,B,"",2583DM,'s-Gravenhage
Visafslagweg,42,C,"",2583DM,'s-Gravenhage
Visafslagweg,42,D,"",2583DM,'s-Gravenhage
Visafslagweg,42,E,"",2583DM,'s-Gravenhage
Visafslagweg,42,F,"",2583DM,'s-Gravenhage
Visafslagweg,42,G,"",2583DM,'s-Gravenhage
Visafslagweg,42,H,"",2583DM,'s-Gravenhage
Visafslagweg,42,J,"",2583DM,'s-Gravenhage
Visafslagweg,44,"","",2583DM,'s-Gravenhage
Visafslagweg,44,A,"",2583DM,'s-Gravenhage
Visafslagweg,44,B,"",2583DM,'s-Gravenhage
Visafslagweg,44,C,"",2583DM,'s-Gravenhage
Visafslagweg,44,D,"",2583DM,'s-Gravenhage
Visafslagweg,44,E,"",2583DM,'s-Gravenhage
Visafslagweg,44,F,"",2583DM,'s-Gravenhage
Visafslagweg,44,G,"",2583DM,'s-Gravenhage
Visafslagweg,44,H,"",2583DM,'s-Gravenhage
Visafslagweg,44,J,"",2583DM,'s-Gravenhage
Visafslagweg,46,"","",2583DM,'s-Gravenhage
Visafslagweg,46,A,"",2583DM,'s-Gravenhage
Visafslagweg,46,B,"",2583DM,'s-Gravenhage
Visafslagweg,46,C,"",2583DM,'s-Gravenhage
Visafslagweg,46,D,"",2583DM,'s-Gravenhage
Visafslagweg,46,E,"",2583DM,'s-Gravenhage
Visafslagweg,46,F,"",2583DM,'s-Gravenhage
Visafslagweg,46,G,"",2583DM,'s-Gravenhage
Visafslagweg,46,H,"",2583DM,'s-Gravenhage
Visafslagweg,46,J,"",2583DM,'s-Gravenhage
Visafslagweg,48,"","",2583DM,'s-Gravenhage
Visafslagweg,48,A,"",2583DM,'s-Gravenhage
Visafslagweg,48,B,"",2583DM,'s-Gravenhage
Visafslagweg,48,C,"",2583DM,'s-Gravenhage
Visafslagweg,48,D,"",2583DM,'s-Gravenhage
Visafslagweg,48,E,"",2583DM,'s-Gravenhage
Visafslagweg,48,F,"",2583DM,'s-Gravenhage
Visafslagweg,48,G,"",2583DM,'s-Gravenhage
Visafslagweg,48,H,"",2583DM,'s-Gravenhage
Visafslagweg,48,J,"",2583DM,'s-Gravenhage
Visafslagweg,50,"","",2583DM,'s-Gravenhage
Visafslagweg,50,"","",2583DM,'s-Gravenhage
Visafslagweg,50,A,"",2583DM,'s-Gravenhage
Visafslagweg,50,B,"",2583DM,'s-Gravenhage
Visafslagweg,50,C,"",2583DM,'s-Gravenhage
Visafslagweg,50,D,"",2583DM,'s-Gravenhage
Visafslagweg,50,E,"",2583DM,'s-Gravenhage
Visafslagweg,52,"","",2583DM,'s-Gravenhage
Visafslagweg,52,A,"",2583DM,'s-Gravenhage
Visafslagweg,52,B,"",2583DM,'s-Gravenhage
Visafslagweg,52,C,"",2583DM,'s-Gravenhage
Visafslagweg,52,D,"",2583DM,'s-Gravenhage
Visafslagweg,54,"","",2583DM,'s-Gravenhage
Visafslagweg,60,"","",2583DM,'s-Gravenhage
Visafslagweg,8,"","",2583DM,'s-Gravenhage
Visafslagweg,8,T,"",2583DM,'s-Gravenhage
Visafslagweg,99,"","",2583DM,'s-Gravenhage
Zeesluisweg,1,"","",2583DN,'s-Gravenhage
Zeesluisweg,11,"","",2583DN,'s-Gravenhage
Zeesluisweg,13,"","",2583DN,'s-Gravenhage
Zeesluisweg,3,"","",2583DN,'s-Gravenhage
Zeesluisweg,5,"","",2583DN,'s-Gravenhage
Zeesluisweg,7,"","",2583DN,'s-Gravenhage
Zeesluisweg,9,"","",2583DN,'s-Gravenhage
Zeesluisweg,103,"","",2583DP,'s-Gravenhage
Zeesluisweg,103,T,"",2583DP,'s-Gravenhage
Zeesluisweg,103,T,"",2583DP,'s-Gravenhage
Zeesluisweg,115,"","",2583DP,'s-Gravenhage
Zeesluisweg,115,A,"",2583DP,'s-Gravenhage
Zeesluisweg,115,A,"",2583DP,'s-Gravenhage
Zeesluisweg,115,B,"",2583DP,'s-Gravenhage
Zeesluisweg,25,"","",2583DP,'s-Gravenhage
Zeesluisweg,29,"","",2583DP,'s-Gravenhage
Zeesluisweg,31,"","",2583DP,'s-Gravenhage
Zeesluisweg,33,"","",2583DP,'s-Gravenhage
Zeesluisweg,35,"","",2583DP,'s-Gravenhage
Zeesluisweg,41,"","",2583DP,'s-Gravenhage
Zeesluisweg,43,"","",2583DP,'s-Gravenhage
Zeesluisweg,45,"","",2583DP,'s-Gravenhage
Zeesluisweg,47,"","",2583DP,'s-Gravenhage
Zeesluisweg,47,"","",2583DP,'s-Gravenhage
Zeesluisweg,49,"","",2583DP,'s-Gravenhage
Zeesluisweg,51,"","",2583DP,'s-Gravenhage
Zeesluisweg,53,"","",2583DP,'s-Gravenhage
Zeesluisweg,55,"","",2583DP,'s-Gravenhage
Zeesluisweg,57,"","",2583DP,'s-Gravenhage
Zeesluisweg,59,"","",2583DP,'s-Gravenhage
Zeesluisweg,63,"","",2583DP,'s-Gravenhage
Zeesluisweg,65,"","",2583DP,'s-Gravenhage
Zeesluisweg,67,"","",2583DP,'s-Gravenhage
Zeesluisweg,67,A,"",2583DP,'s-Gravenhage
Zeesluisweg,67,B,"",2583DP,'s-Gravenhage
Zeesluisweg,69,"","",2583DP,'s-Gravenhage
Zeesluisweg,69,A,"",2583DP,'s-Gravenhage
Zeesluisweg,75,"","",2583DP,'s-Gravenhage
Zeesluisweg,77,"","",2583DP,'s-Gravenhage
Zeesluisweg,79,"","",2583DP,'s-Gravenhage
Zeesluisweg,10,"","",2583DR,'s-Gravenhage
Zeesluisweg,12,"","",2583DR,'s-Gravenhage
Zeesluisweg,14,"","",2583DR,'s-Gravenhage
Zeesluisweg,14,A,"",2583DR,'s-Gravenhage
Zeesluisweg,16,"","",2583DR,'s-Gravenhage
Zeesluisweg,18,"","",2583DR,'s-Gravenhage
Zeesluisweg,18,A,"",2583DR,'s-Gravenhage
Zeesluisweg,2,"","",2583DR,'s-Gravenhage
Zeesluisweg,22,"","",2583DR,'s-Gravenhage
Zeesluisweg,24,"","",2583DR,'s-Gravenhage
Zeesluisweg,30,"","",2583DR,'s-Gravenhage
Zeesluisweg,4,"","",2583DR,'s-Gravenhage
Zeesluisweg,44,"","",2583DR,'s-Gravenhage
Zeesluisweg,44,"","",2583DR,'s-Gravenhage
Zeesluisweg,44,A,"",2583DR,'s-Gravenhage
Zeesluisweg,44,A,"",2583DR,'s-Gravenhage
Zeesluisweg,44,A,"",2583DR,'s-Gravenhage
Zeesluisweg,44,A,"",2583DR,'s-Gravenhage
Zeesluisweg,44,B,"",2583DR,'s-Gravenhage
Zeesluisweg,44,B,"",2583DR,'s-Gravenhage
Zeesluisweg,44,B,"",2583DR,'s-Gravenhage
Zeesluisweg,44,B,"",2583DR,'s-Gravenhage
Zeesluisweg,44,C,"",2583DR,'s-Gravenhage
Zeesluisweg,44,C,"",2583DR,'s-Gravenhage
Zeesluisweg,44,C,"",2583DR,'s-Gravenhage
Zeesluisweg,44,C,"",2583DR,'s-Gravenhage
Zeesluisweg,44,D,"",2583DR,'s-Gravenhage
Zeesluisweg,44,D,"",2583DR,'s-Gravenhage
Zeesluisweg,44,D,"",2583DR,'s-Gravenhage
Zeesluisweg,44,D,"",2583DR,'s-Gravenhage
Zeesluisweg,44,E,"",2583DR,'s-Gravenhage
Zeesluisweg,44,E,"",2583DR,'s-Gravenhage
Zeesluisweg,44,E,"",2583DR,'s-Gravenhage
Zeesluisweg,44,E,"",2583DR,'s-Gravenhage
Zeesluisweg,44,F,"",2583DR,'s-Gravenhage
Zeesluisweg,44,G,"",2583DR,'s-Gravenhage
Zeesluisweg,44,G,"",2583DR,'s-Gravenhage
Zeesluisweg,44,G,"",2583DR,'s-Gravenhage
Zeesluisweg,44,H,"",2583DR,'s-Gravenhage
Zeesluisweg,44,H,"",2583DR,'s-Gravenhage
Zeesluisweg,44,H,"",2583DR,'s-Gravenhage
Zeesluisweg,44,J,"",2583DR,'s-Gravenhage
Zeesluisweg,44,J,"",2583DR,'s-Gravenhage
Zeesluisweg,44,J,"",2583DR,'s-Gravenhage
Zeesluisweg,44,K,"",2583DR,'s-Gravenhage
Zeesluisweg,44,K,"",2583DR,'s-Gravenhage
Zeesluisweg,44,M,"",2583DR,'s-Gravenhage
Zeesluisweg,44,M,"",2583DR,'s-Gravenhage
Zeesluisweg,44,N,"",2583DR,'s-Gravenhage
Zeesluisweg,44,N,"",2583DR,'s-Gravenhage
Zeesluisweg,46,"","",2583DR,'s-Gravenhage
Zeesluisweg,46,"","",2583DR,'s-Gravenhage
Zeesluisweg,46,A,"",2583DR,'s-Gravenhage
Zeesluisweg,46,B,"",2583DR,'s-Gravenhage
Zeesluisweg,46,B,"",2583DR,'s-Gravenhage
Zeesluisweg,46,C,"",2583DR,'s-Gravenhage
Zeesluisweg,46,C,"",2583DR,'s-Gravenhage
Zeesluisweg,46,D,"",2583DR,'s-Gravenhage
Zeesluisweg,46,D,"",2583DR,'s-Gravenhage
Zeesluisweg,48,"","",2583DR,'s-Gravenhage
Zeesluisweg,48,"","",2583DR,'s-Gravenhage
Zeesluisweg,48,"","",2583DR,'s-Gravenhage
Zeesluisweg,48,A,"",2583DR,'s-Gravenhage
Zeesluisweg,48,A,"",2583DR,'s-Gravenhage
Zeesluisweg,48,B,"",2583DR,'s-Gravenhage
Zeesluisweg,48,B,"",2583DR,'s-Gravenhage
Zeesluisweg,48,C,"",2583DR,'s-Gravenhage
Zeesluisweg,48,C,"",2583DR,'s-Gravenhage
Zeesluisweg,48,D,"",2583DR,'s-Gravenhage
Zeesluisweg,48,D,"",2583DR,'s-Gravenhage
Zeesluisweg,48,E,"",2583DR,'s-Gravenhage
Zeesluisweg,48,E,"",2583DR,'s-Gravenhage
Zeesluisweg,48,F,"",2583DR,'s-Gravenhage
Zeesluisweg,48,F,"",2583DR,'s-Gravenhage
Zeesluisweg,48,G,"",2583DR,'s-Gravenhage
Zeesluisweg,48,G,"",2583DR,'s-Gravenhage
Zeesluisweg,50,"","",2583DR,'s-Gravenhage
Zeesluisweg,50,"","",2583DR,'s-Gravenhage
Zeesluisweg,50,"","",2583DR,'s-Gravenhage
Zeesluisweg,50,A,"",2583DR,'s-Gravenhage
Zeesluisweg,50,A,"",2583DR,'s-Gravenhage
Zeesluisweg,50,B,"",2583DR,'s-Gravenhage
Zeesluisweg,50,B,"",2583DR,'s-Gravenhage
Zeesluisweg,50,C,"",2583DR,'s-Gravenhage
Zeesluisweg,50,C,"",2583DR,'s-Gravenhage
Zeesluisweg,50,D,"",2583DR,'s-Gravenhage
Zeesluisweg,50,D,"",2583DR,'s-Gravenhage
Zeesluisweg,50,E,"",2583DR,'s-Gravenhage
Zeesluisweg,50,E,"",2583DR,'s-Gravenhage
Zeesluisweg,54,A,"",2583DR,'s-Gravenhage
Zeesluisweg,54,B,"",2583DR,'s-Gravenhage
Zeesluisweg,54,C,"",2583DR,'s-Gravenhage
Zeesluisweg,54,D,"",2583DR,'s-Gravenhage
Zeesluisweg,54,E,"",2583DR,'s-Gravenhage
Zeesluisweg,54,F,"",2583DR,'s-Gravenhage
Zeesluisweg,54,G,"",2583DR,'s-Gravenhage
Zeesluisweg,56,B,"",2583DR,'s-Gravenhage
Zeesluisweg,56,C,"",2583DR,'s-Gravenhage
Zeesluisweg,56,D,"",2583DR,'s-Gravenhage
Zeesluisweg,56,E,"",2583DR,'s-Gravenhage
Zeesluisweg,56,F,"",2583DR,'s-Gravenhage
Zeesluisweg,56,G,"",2583DR,'s-Gravenhage
Zeesluisweg,56,H,"",2583DR,'s-Gravenhage
Zeesluisweg,58,B,"",2583DR,'s-Gravenhage
Zeesluisweg,58,C,"",2583DR,'s-Gravenhage
Zeesluisweg,58,D,"",2583DR,'s-Gravenhage
Zeesluisweg,58,E,"",2583DR,'s-Gravenhage
Zeesluisweg,58,F,"",2583DR,'s-Gravenhage
Zeesluisweg,58,G,"",2583DR,'s-Gravenhage
Zeesluisweg,58,H,"",2583DR,'s-Gravenhage
Zeesluisweg,6,"","",2583DR,'s-Gravenhage
Zeesluisweg,60,B,"",2583DR,'s-Gravenhage
Zeesluisweg,60,C,"",2583DR,'s-Gravenhage
Zeesluisweg,60,D,"",2583DR,'s-Gravenhage
Zeesluisweg,60,E,"",2583DR,'s-Gravenhage
Zeesluisweg,60,F,"",2583DR,'s-Gravenhage
Zeesluisweg,60,G,"",2583DR,'s-Gravenhage
Zeesluisweg,62,B,"",2583DR,'s-Gravenhage
Zeesluisweg,62,C,"",2583DR,'s-Gravenhage
Zeesluisweg,62,D,"",2583DR,'s-Gravenhage
Zeesluisweg,62,E,"",2583DR,'s-Gravenhage
Zeesluisweg,62,F,"",2583DR,'s-Gravenhage
Zeesluisweg,8,"","",2583DR,'s-Gravenhage
Zeesluisweg,44,"","",2583DS,'s-Gravenhage
Zeesluisweg,44,A,"",2583DS,'s-Gravenhage
Zeesluisweg,44,A,"",2583DS,'s-Gravenhage
Zeesluisweg,44,B,"",2583DS,'s-Gravenhage
Zeesluisweg,44,B,"",2583DS,'s-Gravenhage
Zeesluisweg,44,C,"",2583DS,'s-Gravenhage
Zeesluisweg,44,C,"",2583DS,'s-Gravenhage
Zeesluisweg,44,D,"",2583DS,'s-Gravenhage
Zeesluisweg,44,D,"",2583DS,'s-Gravenhage
Zeesluisweg,44,E,"",2583DS,'s-Gravenhage
Zeesluisweg,44,E,"",2583DS,'s-Gravenhage
Zeesluisweg,44,F,"",2583DS,'s-Gravenhage
Zeesluisweg,44,G,"",2583DS,'s-Gravenhage
Zeesluisweg,44,G,"",2583DS,'s-Gravenhage
Zeesluisweg,44,H,"",2583DS,'s-Gravenhage
Zeesluisweg,44,H,"",2583DS,'s-Gravenhage
Zeesluisweg,44,J,"",2583DS,'s-Gravenhage
Zeesluisweg,44,J,"",2583DS,'s-Gravenhage
Zeesluisweg,44,K,"",2583DS,'s-Gravenhage
Zeesluisweg,44,M,"",2583DS,'s-Gravenhage
Zeesluisweg,44,N,"",2583DS,'s-Gravenhage
Zeesluisweg,46,"","",2583DS,'s-Gravenhage
Zeesluisweg,46,"","",2583DS,'s-Gravenhage
Zeesluisweg,46,A,"",2583DS,'s-Gravenhage
Zeesluisweg,46,B,"",2583DS,'s-Gravenhage
Zeesluisweg,46,C,"",2583DS,'s-Gravenhage
Zeesluisweg,46,D,"",2583DS,'s-Gravenhage
Zeesluisweg,48,"","",2583DS,'s-Gravenhage
Zeesluisweg,48,"","",2583DS,'s-Gravenhage
Zeesluisweg,48,A,"",2583DS,'s-Gravenhage
Zeesluisweg,48,B,"",2583DS,'s-Gravenhage
Zeesluisweg,48,C,"",2583DS,'s-Gravenhage
Zeesluisweg,48,D,"",2583DS,'s-Gravenhage
Zeesluisweg,48,E,"",2583DS,'s-Gravenhage
Zeesluisweg,48,F,"",2583DS,'s-Gravenhage
Zeesluisweg,48,G,"",2583DS,'s-Gravenhage
Zeesluisweg,50,"","",2583DS,'s-Gravenhage
Zeesluisweg,50,"","",2583DS,'s-Gravenhage
Zeesluisweg,50,A,"",2583DS,'s-Gravenhage
Zeesluisweg,50,B,"",2583DS,'s-Gravenhage
Zeesluisweg,50,C,"",2583DS,'s-Gravenhage
Zeesluisweg,50,D,"",2583DS,'s-Gravenhage
Zeesluisweg,50,E,"",2583DS,'s-Gravenhage
Zeesluisweg,52,"","",2583DS,'s-Gravenhage
Zeesluisweg,52,"","",2583DS,'s-Gravenhage
Zeesluisweg,52,A,"",2583DS,'s-Gravenhage
Zeesluisweg,52,B,"",2583DS,'s-Gravenhage
Zeesluisweg,54,"","",2583DS,'s-Gravenhage
Zeesluisweg,54,"","",2583DS,'s-Gravenhage
Zeesluisweg,54,A,"",2583DS,'s-Gravenhage
Zeesluisweg,54,B,"",2583DS,'s-Gravenhage
Zeesluisweg,54,C,"",2583DS,'s-Gravenhage
Zeesluisweg,54,D,"",2583DS,'s-Gravenhage
Zeesluisweg,54,E,"",2583DS,'s-Gravenhage
Zeesluisweg,54,F,"",2583DS,'s-Gravenhage
Zeesluisweg,54,G,"",2583DS,'s-Gravenhage
Zeesluisweg,54,H,"",2583DS,'s-Gravenhage
Zeesluisweg,54,J,"",2583DS,'s-Gravenhage
Zeesluisweg,54,K,"",2583DS,'s-Gravenhage
Zeesluisweg,54,L,"",2583DS,'s-Gravenhage
Zeesluisweg,54,M,"",2583DS,'s-Gravenhage
Zeesluisweg,54,N,"",2583DS,'s-Gravenhage
Zeesluisweg,54,P,"",2583DS,'s-Gravenhage
Zeesluisweg,54,Q,"",2583DS,'s-Gravenhage
Zeesluisweg,54,R,"",2583DS,'s-Gravenhage
Zeesluisweg,54,S,"",2583DS,'s-Gravenhage
Zeesluisweg,56,"","",2583DS,'s-Gravenhage
Zeesluisweg,56,"","",2583DS,'s-Gravenhage
Zeesluisweg,56,A,"",2583DS,'s-Gravenhage
Zeesluisweg,56,B,"",2583DS,'s-Gravenhage
Zeesluisweg,56,C,"",2583DS,'s-Gravenhage
Zeesluisweg,56,D,"",2583DS,'s-Gravenhage
Zeesluisweg,56,E,"",2583DS,'s-Gravenhage
Zeesluisweg,56,F,"",2583DS,'s-Gravenhage
Zeesluisweg,56,G,"",2583DS,'s-Gravenhage
Zeesluisweg,56,H,"",2583DS,'s-Gravenhage
Zeesluisweg,56,J,"",2583DS,'s-Gravenhage
Zeesluisweg,56,K,"",2583DS,'s-Gravenhage
Zeesluisweg,56,L,"",2583DS,'s-Gravenhage
Zeesluisweg,56,M,"",2583DS,'s-Gravenhage
Zeesluisweg,56,N,"",2583DS,'s-Gravenhage
Zeesluisweg,56,P,"",2583DS,'s-Gravenhage
Zeesluisweg,56,Q,"",2583DS,'s-Gravenhage
Zeesluisweg,56,R,"",2583DS,'s-Gravenhage
Zeesluisweg,56,S,"",2583DS,'s-Gravenhage
Zeesluisweg,56,T,"",2583DS,'s-Gravenhage
Zeesluisweg,58,"","",2583DS,'s-Gravenhage
Zeesluisweg,58,"","",2583DS,'s-Gravenhage
Zeesluisweg,58,A,"",2583DS,'s-Gravenhage
Zeesluisweg,58,A,"",2583DS,'s-Gravenhage
Zeesluisweg,58,B,"",2583DS,'s-Gravenhage
Zeesluisweg,58,B,"",2583DS,'s-Gravenhage
Zeesluisweg,58,B,"",2583DS,'s-Gravenhage
Zeesluisweg,58,B,"",2583DS,'s-Gravenhage
Zeesluisweg,58,C,"",2583DS,'s-Gravenhage
Zeesluisweg,58,C,"",2583DS,'s-Gravenhage
Zeesluisweg,58,C,"",2583DS,'s-Gravenhage
Zeesluisweg,58,C,"",2583DS,'s-Gravenhage
Zeesluisweg,58,D,"",2583DS,'s-Gravenhage
Zeesluisweg,58,D,"",2583DS,'s-Gravenhage
Zeesluisweg,58,D,"",2583DS,'s-Gravenhage
Zeesluisweg,58,D,"",2583DS,'s-Gravenhage
Zeesluisweg,58,E,"",2583DS,'s-Gravenhage
Zeesluisweg,58,E,"",2583DS,'s-Gravenhage
Zeesluisweg,58,F,"",2583DS,'s-Gravenhage
Zeesluisweg,58,F,"",2583DS,'s-Gravenhage
Zeesluisweg,58,G,"",2583DS,'s-Gravenhage
Zeesluisweg,58,G,"",2583DS,'s-Gravenhage
Zeesluisweg,58,H,"",2583DS,'s-Gravenhage
Zeesluisweg,58,H,"",2583DS,'s-Gravenhage
Zeesluisweg,58,J,"",2583DS,'s-Gravenhage
Zeesluisweg,58,J,"",2583DS,'s-Gravenhage
Zeesluisweg,58,K,"",2583DS,'s-Gravenhage
Zeesluisweg,58,K,"",2583DS,'s-Gravenhage
Zeesluisweg,58,L,"",2583DS,'s-Gravenhage
Zeesluisweg,58,L,"",2583DS,'s-Gravenhage
Zeesluisweg,58,M,"",2583DS,'s-Gravenhage
Zeesluisweg,58,M,"",2583DS,'s-Gravenhage
Zeesluisweg,58,N,"",2583DS,'s-Gravenhage
Zeesluisweg,58,N,"",2583DS,'s-Gravenhage
Zeesluisweg,58,P,"",2583DS,'s-Gravenhage
Zeesluisweg,58,Q,"",2583DS,'s-Gravenhage
Zeesluisweg,58,R,"",2583DS,'s-Gravenhage
Zeesluisweg,58,S,"",2583DS,'s-Gravenhage
Zeesluisweg,58,T,"",2583DS,'s-Gravenhage
Zeesluisweg,60,"","",2583DS,'s-Gravenhage
Zeesluisweg,60,A,"",2583DS,'s-Gravenhage
Zeesluisweg,60,B,"",2583DS,'s-Gravenhage
Zeesluisweg,60,C,"",2583DS,'s-Gravenhage
Zeesluisweg,60,D,"",2583DS,'s-Gravenhage
Zeesluisweg,60,E,"",2583DS,'s-Gravenhage
Zeesluisweg,60,F,"",2583DS,'s-Gravenhage
Zeesluisweg,60,G,"",2583DS,'s-Gravenhage
Zeesluisweg,60,H,"",2583DS,'s-Gravenhage
Zeesluisweg,60,J,"",2583DS,'s-Gravenhage
Zeesluisweg,60,K,"",2583DS,'s-Gravenhage
Zeesluisweg,60,L,"",2583DS,'s-Gravenhage
Zeesluisweg,60,M,"",2583DS,'s-Gravenhage
Zeesluisweg,60,N,"",2583DS,'s-Gravenhage
Zeesluisweg,60,P,"",2583DS,'s-Gravenhage
Zeesluisweg,60,Q,"",2583DS,'s-Gravenhage
Zeesluisweg,60,R,"",2583DS,'s-Gravenhage
Zeesluisweg,60,S,"",2583DS,'s-Gravenhage
Zeesluisweg,62,"","",2583DS,'s-Gravenhage
Zeesluisweg,62,"","",2583DS,'s-Gravenhage
Zeesluisweg,62,A,"",2583DS,'s-Gravenhage
Zeesluisweg,62,B,"",2583DS,'s-Gravenhage
Zeesluisweg,62,C,"",2583DS,'s-Gravenhage
Zeesluisweg,62,D,"",2583DS,'s-Gravenhage
Zeesluisweg,62,E,"",2583DS,'s-Gravenhage
Zeesluisweg,62,F,"",2583DS,'s-Gravenhage
Zeesluisweg,62,G,"",2583DS,'s-Gravenhage
Zeesluisweg,62,H,"",2583DS,'s-Gravenhage
Zeesluisweg,62,J,"",2583DS,'s-Gravenhage
Zeesluisweg,62,K,"",2583DS,'s-Gravenhage
Zeesluisweg,62,L,"",2583DS,'s-Gravenhage
Zeesluisweg,62,M,"",2583DS,'s-Gravenhage
Zeesluisweg,62,N,"",2583DS,'s-Gravenhage
Zeesluisweg,62,P,"",2583DS,'s-Gravenhage
Zeesluisweg,62,Q,"",2583DS,'s-Gravenhage
Zeesluisweg,62,R,"",2583DS,'s-Gravenhage
Zeesluisweg,64,"","",2583DS,'s-Gravenhage
Zeesluisweg,64,"","",2583DS,'s-Gravenhage
Zeesluisweg,64,"","",2583DS,'s-Gravenhage
Zeesluisweg,64,A,"",2583DS,'s-Gravenhage
Zeesluisweg,64,B,"",2583DS,'s-Gravenhage
Zeesluisweg,64,C,"",2583DS,'s-Gravenhage
Zeesluisweg,64,D,"",2583DS,'s-Gravenhage
Zeesluisweg,64,E,"",2583DS,'s-Gravenhage
Zeesluisweg,66,"","",2583DS,'s-Gravenhage
Zeesluisweg,66,"","",2583DS,'s-Gravenhage
Zeesluisweg,68,"","",2583DS,'s-Gravenhage
Zeesluisweg,68,"","",2583DS,'s-Gravenhage
Zeesluisweg,70,"","",2583DS,'s-Gravenhage
Zeesluisweg,70,"","",2583DS,'s-Gravenhage
Zeesluisweg,72,"","",2583DS,'s-Gravenhage
Zeesluisweg,72,"","",2583DS,'s-Gravenhage
Zeesluisweg,72,"","",2583DS,'s-Gravenhage
Zeesluisweg,74,"","",2583DS,'s-Gravenhage
Zeesluisweg,76,"","",2583DS,'s-Gravenhage
Zeesluisweg,78,"","",2583DS,'s-Gravenhage
Zeesluisweg,78,A,"",2583DS,'s-Gravenhage
Zeesluisweg,78,B,"",2583DS,'s-Gravenhage
Zeesluisweg,78,C,"",2583DS,'s-Gravenhage
Zeesluisweg,78,C,"",2583DS,'s-Gravenhage
Zeesluisweg,78,D,"",2583DS,'s-Gravenhage
Zeesluisweg,78,D,"",2583DS,'s-Gravenhage
Zeesluisweg,78,D,"",2583DS,'s-Gravenhage
Zeesluisweg,78,E,"",2583DS,'s-Gravenhage
Zeesluisweg,78,E,"",2583DS,'s-Gravenhage
Zeesluisweg,78,E,"",2583DS,'s-Gravenhage
Zeesluisweg,78,F,"",2583DS,'s-Gravenhage
Zeesluisweg,78,F,"",2583DS,'s-Gravenhage
Zeesluisweg,78,F,"",2583DS,'s-Gravenhage
Zeesluisweg,78,G,"",2583DS,'s-Gravenhage
Zeesluisweg,78,G,"",2583DS,'s-Gravenhage
Zeesluisweg,78,G,"",2583DS,'s-Gravenhage
Zeesluisweg,78,H,"",2583DS,'s-Gravenhage
Zeesluisweg,78,H,"",2583DS,'s-Gravenhage
Zeesluisweg,78,H,"",2583DS,'s-Gravenhage
Zeesluisweg,78,J,"",2583DS,'s-Gravenhage
Zeesluisweg,78,J,"",2583DS,'s-Gravenhage
Zeesluisweg,78,K,"",2583DS,'s-Gravenhage
Zeesluisweg,78,K,"",2583DS,'s-Gravenhage
Zeesluisweg,78,L,"",2583DS,'s-Gravenhage
Zeesluisweg,78,M,"",2583DS,'s-Gravenhage
Zeesluisweg,78,N,"",2583DS,'s-Gravenhage
Zeesluisweg,78,P,"",2583DS,'s-Gravenhage
Zeesluisweg,80,"","",2583DS,'s-Gravenhage
Zeesluisweg,80,"","",2583DS,'s-Gravenhage
Zeesluisweg,80,A,"",2583DS,'s-Gravenhage
Zeesluisweg,80,A,"",2583DS,'s-Gravenhage
Zeesluisweg,80,B,"",2583DS,'s-Gravenhage
Zeesluisweg,80,B,"",2583DS,'s-Gravenhage
Zeesluisweg,80,C,"",2583DS,'s-Gravenhage
Zeesluisweg,80,C,"",2583DS,'s-Gravenhage
Zeesluisweg,80,D,"",2583DS,'s-Gravenhage
Zeesluisweg,80,D,"",2583DS,'s-Gravenhage
Zeesluisweg,80,E,"",2583DS,'s-Gravenhage
Zeesluisweg,80,E,"",2583DS,'s-Gravenhage
Zeesluisweg,80,F,"",2583DS,'s-Gravenhage
Zeesluisweg,80,F,"",2583DS,'s-Gravenhage
Zeesluisweg,80,G,"",2583DS,'s-Gravenhage
Zeesluisweg,80,G,"",2583DS,'s-Gravenhage
Zeesluisweg,80,H,"",2583DS,'s-Gravenhage
Zeesluisweg,80,H,"",2583DS,'s-Gravenhage
Zeesluisweg,80,J,"",2583DS,'s-Gravenhage
Zeesluisweg,80,J,"",2583DS,'s-Gravenhage
Zeesluisweg,80,K,"",2583DS,'s-Gravenhage
Zeesluisweg,80,K,"",2583DS,'s-Gravenhage
Zeesluisweg,80,L,"",2583DS,'s-Gravenhage
Zeesluisweg,80,M,"",2583DS,'s-Gravenhage
Zeesluisweg,80,N,"",2583DS,'s-Gravenhage
Zeesluisweg,80,P,"",2583DS,'s-Gravenhage
Zeesluisweg,82,"","",2583DS,'s-Gravenhage
Zeesluisweg,82,A,"",2583DS,'s-Gravenhage
Zeesluisweg,82,B,"",2583DS,'s-Gravenhage
Zeesluisweg,82,C,"",2583DS,'s-Gravenhage
Zeesluisweg,82,D,"",2583DS,'s-Gravenhage
Zeesluisweg,82,E,"",2583DS,'s-Gravenhage
Zeesluisweg,82,F,"",2583DS,'s-Gravenhage
Zeesluisweg,82,G,"",2583DS,'s-Gravenhage
Zeesluisweg,82,H,"",2583DS,'s-Gravenhage
Zeesluisweg,82,J,"",2583DS,'s-Gravenhage
Zeesluisweg,82,K,"",2583DS,'s-Gravenhage
Zeesluisweg,82,L,"",2583DS,'s-Gravenhage
Zeesluisweg,82,M,"",2583DS,'s-Gravenhage
Zeesluisweg,84,"","",2583DS,'s-Gravenhage
Zeesluisweg,86,"","",2583DS,'s-Gravenhage
Zeesluisweg,88,"","",2583DS,'s-Gravenhage
Zeesluisweg,90,"","",2583DS,'s-Gravenhage
Zeesluisweg,90,A,"",2583DS,'s-Gravenhage
Zeesluisweg,90,C,"",2583DS,'s-Gravenhage
Zeesluisweg,90,D,"",2583DS,'s-Gravenhage
Zeesluisweg,90,E,"",2583DS,'s-Gravenhage
Zeesluisweg,90,F,"",2583DS,'s-Gravenhage
Zeesluisweg,90,G,"",2583DS,'s-Gravenhage
Zeesluisweg,90,H,"",2583DS,'s-Gravenhage
Zeesluisweg,90,I,"",2583DS,'s-Gravenhage
Zeesluisweg,90,J,"",2583DS,'s-Gravenhage
Zeesluisweg,90,K,"",2583DS,'s-Gravenhage
Zeesluisweg,90,L,"",2583DS,'s-Gravenhage
Zeesluisweg,90,M,"",2583DS,'s-Gravenhage
Zeesluisweg,90,N,"",2583DS,'s-Gravenhage
Zeesluisweg,90,P,"",2583DS,'s-Gravenhage
Zeesluisweg,90,Q,"",2583DS,'s-Gravenhage
Zeesluisweg,90,R,"",2583DS,'s-Gravenhage
Zeesluisweg,90,S,"",2583DS,'s-Gravenhage
Zeesluisweg,90,T,"",2583DS,'s-Gravenhage
Zeesluisweg,90,U,"",2583DS,'s-Gravenhage
Zeesluisweg,90,V,"",2583DS,'s-Gravenhage
Zeesluisweg,90,W,"",2583DS,'s-Gravenhage
Zeesluisweg,90,X,"",2583DS,'s-Gravenhage
Zeesluisweg,90,Y,"",2583DS,'s-Gravenhage
Zeesluisweg,90,Z,"",2583DS,'s-Gravenhage
Zeesluisweg,100,"","",2583DT,'s-Gravenhage
Zeesluisweg,102,"","",2583DT,'s-Gravenhage
Zeesluisweg,104,"","",2583DT,'s-Gravenhage
Zeesluisweg,106,"","",2583DT,'s-Gravenhage
Zeesluisweg,108,"","",2583DT,'s-Gravenhage
Zeesluisweg,110,"","",2583DT,'s-Gravenhage
Zeesluisweg,112,"","",2583DT,'s-Gravenhage
Zeesluisweg,114,"","",2583DT,'s-Gravenhage
Zeesluisweg,116,"","",2583DT,'s-Gravenhage
Zeesluisweg,118,"","",2583DT,'s-Gravenhage
Zeesluisweg,120,"","",2583DT,'s-Gravenhage
Zeesluisweg,122,"","",2583DT,'s-Gravenhage
Zeesluisweg,124,"","",2583DT,'s-Gravenhage
Zeesluisweg,126,"","",2583DT,'s-Gravenhage
Zeesluisweg,128,"","",2583DT,'s-Gravenhage
Zeesluisweg,130,"","",2583DT,'s-Gravenhage
Zeesluisweg,132,"","",2583DT,'s-Gravenhage
Zeesluisweg,134,"","",2583DT,'s-Gravenhage
Zeesluisweg,136,"","",2583DT,'s-Gravenhage
Zeesluisweg,138,"","",2583DT,'s-Gravenhage
Zeesluisweg,140,"","",2583DT,'s-Gravenhage
Zeesluisweg,92,"","",2583DT,'s-Gravenhage
Zeesluisweg,92,A,"",2583DT,'s-Gravenhage
Zeesluisweg,92,B,"",2583DT,'s-Gravenhage
Zeesluisweg,92,C,"",2583DT,'s-Gravenhage
Zeesluisweg,92,D,"",2583DT,'s-Gravenhage
Zeesluisweg,94,"","",2583DT,'s-Gravenhage
Zeesluisweg,96,"","",2583DT,'s-Gravenhage
Zeesluisweg,98,"","",2583DT,'s-Gravenhage
Zeesluisweg,142,"","",2583DV,'s-Gravenhage
Zeesluisweg,144,"","",2583DV,'s-Gravenhage
Zeesluisweg,146,"","",2583DV,'s-Gravenhage
Zeesluisweg,148,"","",2583DV,'s-Gravenhage
Zeesluisweg,150,"","",2583DV,'s-Gravenhage
Zeesluisweg,152,"","",2583DV,'s-Gravenhage
Zeesluisweg,154,"","",2583DV,'s-Gravenhage
Zeesluisweg,156,"","",2583DV,'s-Gravenhage
Zeesluisweg,158,"","",2583DV,'s-Gravenhage
Zeesluisweg,160,"","",2583DV,'s-Gravenhage
Zeesluisweg,162,"","",2583DV,'s-Gravenhage
Zeesluisweg,164,"","",2583DV,'s-Gravenhage
Zeesluisweg,166,"","",2583DV,'s-Gravenhage
Zeesluisweg,168,"","",2583DV,'s-Gravenhage
Zeesluisweg,170,"","",2583DV,'s-Gravenhage
Zeesluisweg,172,"","",2583DV,'s-Gravenhage
Zeesluisweg,174,"","",2583DV,'s-Gravenhage
Zeesluisweg,176,"","",2583DV,'s-Gravenhage
Zeesluisweg,178,"","",2583DV,'s-Gravenhage
Zeesluisweg,180,"","",2583DV,'s-Gravenhage
Zeesluisweg,182,"","",2583DV,'s-Gravenhage
Zeesluisweg,184,"","",2583DV,'s-Gravenhage
Zeesluisweg,186,"","",2583DV,'s-Gravenhage
Zeesluisweg,188,"","",2583DV,'s-Gravenhage
Zeesluisweg,190,"","",2583DV,'s-Gravenhage
2e Zeesluisdwarsweg,4,"","",2583DW,'s-Gravenhage
2e Zeesluisdwarsweg,6,"","",2583DW,'s-Gravenhage
2e Zeesluisdwarsweg,8,"","",2583DW,'s-Gravenhage
2e Zeesluisdwarsweg,8,A,"",2583DW,'s-Gravenhage
Hellingweg,100,"","",2583DX,'s-Gravenhage
Hellingweg,102,"","",2583DX,'s-Gravenhage
Hellingweg,104,"","",2583DX,'s-Gravenhage
Hellingweg,106,"","",2583DX,'s-Gravenhage
Hellingweg,108,"","",2583DX,'s-Gravenhage
Hellingweg,110,"","",2583DX,'s-Gravenhage
Hellingweg,112,"","",2583DX,'s-Gravenhage
Hellingweg,114,"","",2583DX,'s-Gravenhage
Hellingweg,116,"","",2583DX,'s-Gravenhage
Hellingweg,118,"","",2583DX,'s-Gravenhage
Hellingweg,120,"","",2583DX,'s-Gravenhage
Hellingweg,120,"","",2583DX,'s-Gravenhage
Hellingweg,120,"","",2583DX,'s-Gravenhage
Hellingweg,120,"","",2583DX,'s-Gravenhage
Hellingweg,120,A,"",2583DX,'s-Gravenhage
Hellingweg,120,A,"",2583DX,'s-Gravenhage
Hellingweg,120,A,"",2583DX,'s-Gravenhage
Hellingweg,132,"","",2583DX,'s-Gravenhage
Hellingweg,134,"","",2583DX,'s-Gravenhage
Hellingweg,136,"","",2583DX,'s-Gravenhage
Hellingweg,138,"","",2583DX,'s-Gravenhage
Hellingweg,140,"","",2583DX,'s-Gravenhage
Hellingweg,142,"","",2583DX,'s-Gravenhage
Hellingweg,142,"","",2583DX,'s-Gravenhage
Hellingweg,180,"","",2583DX,'s-Gravenhage
Hellingweg,220,"","",2583DX,'s-Gravenhage
Hellingweg,220,"","",2583DX,'s-Gravenhage
Hellingweg,222,"","",2583DX,'s-Gravenhage
Hellingweg,224,"","",2583DX,'s-Gravenhage
Hellingweg,226,"","",2583DX,'s-Gravenhage
Hellingweg,228,"","",2583DX,'s-Gravenhage
Hellingweg,230,"","",2583DX,'s-Gravenhage
Hellingweg,232,"","",2583DX,'s-Gravenhage
Hellingweg,234,"","",2583DX,'s-Gravenhage
Hellingweg,236,"","",2583DX,'s-Gravenhage
Hellingweg,238,"","",2583DX,'s-Gravenhage
Hellingweg,240,"","",2583DX,'s-Gravenhage
Hellingweg,242,"","",2583DX,'s-Gravenhage
Hellingweg,244,"","",2583DX,'s-Gravenhage
Hellingweg,246,"","",2583DX,'s-Gravenhage
Hellingweg,248,"","",2583DX,'s-Gravenhage
Hellingweg,250,"","",2583DX,'s-Gravenhage
Hellingweg,252,"","",2583DX,'s-Gravenhage
Hellingweg,254,"","",2583DX,'s-Gravenhage
Hellingweg,256,"","",2583DX,'s-Gravenhage
Hellingweg,258,"","",2583DX,'s-Gravenhage
Hellingweg,260,"","",2583DX,'s-Gravenhage
Hellingweg,262,"","",2583DX,'s-Gravenhage
Hellingweg,264,"","",2583DX,'s-Gravenhage
Hellingweg,266,"","",2583DX,'s-Gravenhage
Hellingweg,268,"","",2583DX,'s-Gravenhage
Hellingweg,270,"","",2583DX,'s-Gravenhage
Hellingweg,274,"","",2583DX,'s-Gravenhage
Hellingweg,276,"","",2583DX,'s-Gravenhage
Hellingweg,278,"","",2583DX,'s-Gravenhage
Hellingweg,280,"","",2583DX,'s-Gravenhage
Hellingweg,282,"","",2583DX,'s-Gravenhage
Hellingweg,284,"","",2583DX,'s-Gravenhage
Hellingweg,286,"","",2583DX,'s-Gravenhage
Hellingweg,288,"","",2583DX,'s-Gravenhage
Hellingweg,290,"","",2583DX,'s-Gravenhage
Hellingweg,11,"","",2583DZ,'s-Gravenhage
Hellingweg,11,"","",2583DZ,'s-Gravenhage
Hellingweg,11,A,"",2583DZ,'s-Gravenhage
Hellingweg,11,B,"",2583DZ,'s-Gravenhage
Hellingweg,11,C,"",2583DZ,'s-Gravenhage
Hellingweg,11,D,"",2583DZ,'s-Gravenhage
Hellingweg,123,"","",2583DZ,'s-Gravenhage
Hellingweg,125,"","",2583DZ,'s-Gravenhage
Hellingweg,127,"","",2583DZ,'s-Gravenhage
Hellingweg,135,"","",2583DZ,'s-Gravenhage
Hellingweg,139,"","",2583DZ,'s-Gravenhage
Hellingweg,141,"","",2583DZ,'s-Gravenhage
Hellingweg,143,"","",2583DZ,'s-Gravenhage
Hellingweg,149,"","",2583DZ,'s-Gravenhage
Hellingweg,149,A,"",2583DZ,'s-Gravenhage
Hellingweg,149,B,"",2583DZ,'s-Gravenhage
Hellingweg,149,C,"",2583DZ,'s-Gravenhage
Hellingweg,151,"","",2583DZ,'s-Gravenhage
Hellingweg,151,A,"",2583DZ,'s-Gravenhage
Hellingweg,151,B,"",2583DZ,'s-Gravenhage
Hellingweg,151,C,"",2583DZ,'s-Gravenhage
Hellingweg,153,"","",2583DZ,'s-Gravenhage
Hellingweg,153,A,"",2583DZ,'s-Gravenhage
Hellingweg,153,B,"",2583DZ,'s-Gravenhage
Hellingweg,153,C,"",2583DZ,'s-Gravenhage
Hellingweg,155,"","",2583DZ,'s-Gravenhage
Hellingweg,155,A,"",2583DZ,'s-Gravenhage
Hellingweg,155,B,"",2583DZ,'s-Gravenhage
Hellingweg,155,C,"",2583DZ,'s-Gravenhage
Hellingweg,157,"","",2583DZ,'s-Gravenhage
Hellingweg,157,A,"",2583DZ,'s-Gravenhage
Hellingweg,157,B,"",2583DZ,'s-Gravenhage
Hellingweg,157,C,"",2583DZ,'s-Gravenhage
Hellingweg,159,"","",2583DZ,'s-Gravenhage
Hellingweg,159,A,"",2583DZ,'s-Gravenhage
Hellingweg,159,B,"",2583DZ,'s-Gravenhage
Hellingweg,159,C,"",2583DZ,'s-Gravenhage
Hellingweg,161,"","",2583DZ,'s-Gravenhage
Hellingweg,161,A,"",2583DZ,'s-Gravenhage
Hellingweg,161,B,"",2583DZ,'s-Gravenhage
Hellingweg,161,C,"",2583DZ,'s-Gravenhage
Hellingweg,163,"","",2583DZ,'s-Gravenhage
Hellingweg,163,A,"",2583DZ,'s-Gravenhage
Hellingweg,163,B,"",2583DZ,'s-Gravenhage
Hellingweg,163,C,"",2583DZ,'s-Gravenhage
Hellingweg,165,"","",2583DZ,'s-Gravenhage
Hellingweg,165,"","",2583DZ,'s-Gravenhage
Hellingweg,165,A,"",2583DZ,'s-Gravenhage
Hellingweg,165,B,"",2583DZ,'s-Gravenhage
Hellingweg,165,C,"",2583DZ,'s-Gravenhage
Hellingweg,167,"","",2583DZ,'s-Gravenhage
Hellingweg,167,A,"",2583DZ,'s-Gravenhage
Hellingweg,167,B,"",2583DZ,'s-Gravenhage
Hellingweg,169,"","",2583DZ,'s-Gravenhage
Hellingweg,169,A,"",2583DZ,'s-Gravenhage
Hellingweg,169,B,"",2583DZ,'s-Gravenhage
Hellingweg,171,"","",2583DZ,'s-Gravenhage
Hellingweg,171,"","",2583DZ,'s-Gravenhage
Hellingweg,171,A,"",2583DZ,'s-Gravenhage
Hellingweg,171,A,"",2583DZ,'s-Gravenhage
Hellingweg,171,B,"",2583DZ,'s-Gravenhage
Hellingweg,175,"","",2583DZ,'s-Gravenhage
Hellingweg,199,"","",2583DZ,'s-Gravenhage
Hellingweg,21,"","",2583DZ,'s-Gravenhage
Hellingweg,5,"","",2583DZ,'s-Gravenhage
Hellingweg,9,"","",2583DZ,'s-Gravenhage
Hellingweg,9,"","",2583DZ,'s-Gravenhage
Hellingweg,9,A,"",2583DZ,'s-Gravenhage
Hellingweg,9,B,"",2583DZ,'s-Gravenhage
Hellingweg,9,C,"",2583DZ,'s-Gravenhage
Westduinweg,10,"","",2583EG,'s-Gravenhage
Westduinweg,10,A,"",2583EG,'s-Gravenhage
Westduinweg,12,"","",2583EG,'s-Gravenhage
Westduinweg,14,"","",2583EG,'s-Gravenhage
Westduinweg,16,"","",2583EG,'s-Gravenhage
Westduinweg,16,A,"",2583EG,'s-Gravenhage
Westduinweg,18,"","",2583EG,'s-Gravenhage
Westduinweg,18,A,"",2583EG,'s-Gravenhage
Westduinweg,2,"","",2583EG,'s-Gravenhage
Westduinweg,2,A,"",2583EG,'s-Gravenhage
Westduinweg,2,B,"",2583EG,'s-Gravenhage
Westduinweg,20,"","",2583EG,'s-Gravenhage
Westduinweg,22,"","",2583EG,'s-Gravenhage
Westduinweg,24,"","",2583EG,'s-Gravenhage
Westduinweg,24,A,"",2583EG,'s-Gravenhage
Westduinweg,26,"","",2583EG,'s-Gravenhage
Westduinweg,26,"",1,2583EG,'s-Gravenhage
Westduinweg,26,"",2,2583EG,'s-Gravenhage
Westduinweg,26,"",3,2583EG,'s-Gravenhage
Westduinweg,26,"",4,2583EG,'s-Gravenhage
Westduinweg,26,A,"",2583EG,'s-Gravenhage
Westduinweg,4,"","",2583EG,'s-Gravenhage
Westduinweg,4,"","",2583EG,'s-Gravenhage
Westduinweg,6,"","",2583EG,'s-Gravenhage
Westduinweg,8,"","",2583EG,'s-Gravenhage
Westduinweg,8,A,"",2583EG,'s-Gravenhage
Westduinweg,28,"","",2583EH,'s-Gravenhage
Westduinweg,30,"","",2583EH,'s-Gravenhage
Westduinweg,32,"","",2583EH,'s-Gravenhage
Westduinweg,34,"","",2583EH,'s-Gravenhage
Westduinweg,34,A,"",2583EH,'s-Gravenhage
Westduinweg,36,"","",2583EH,'s-Gravenhage
Westduinweg,38,"","",2583EH,'s-Gravenhage
Westduinweg,38,D,"",2583EH,'s-Gravenhage
Westduinweg,40,"","",2583EH,'s-Gravenhage
Westduinweg,40,A,"",2583EH,'s-Gravenhage
Westduinweg,40,B,"",2583EH,'s-Gravenhage
Westduinweg,42,"","",2583EH,'s-Gravenhage
Westduinweg,44,"","",2583EH,'s-Gravenhage
Westduinweg,44,A,"",2583EH,'s-Gravenhage
Westduinweg,44,B,"",2583EH,'s-Gravenhage
Westduinweg,44,C,"",2583EH,'s-Gravenhage
Westduinweg,44,C,"",2583EH,'s-Gravenhage
Westduinweg,44,C,1,2583EH,'s-Gravenhage
Westduinweg,44,D,"",2583EH,'s-Gravenhage
Westduinweg,44,E,"",2583EH,'s-Gravenhage
Westduinweg,46,"","",2583EH,'s-Gravenhage
Westduinweg,46,A,"",2583EH,'s-Gravenhage
Westduinweg,46,B,"",2583EH,'s-Gravenhage
Westduinweg,46,C,"",2583EH,'s-Gravenhage
Westduinweg,46,D,"",2583EH,'s-Gravenhage
Westduinweg,48,"","",2583EH,'s-Gravenhage
Westduinweg,50,"","",2583EJ,'s-Gravenhage
Westduinweg,50,A,"",2583EJ,'s-Gravenhage
Westduinweg,50,B,"",2583EJ,'s-Gravenhage
Westduinweg,50,C,"",2583EJ,'s-Gravenhage
Westduinweg,50,C,"",2583EJ,'s-Gravenhage
Westduinweg,50,C,1,2583EJ,'s-Gravenhage
Westduinweg,50,C,2,2583EJ,'s-Gravenhage
Westduinweg,50,C,3,2583EJ,'s-Gravenhage
Westduinweg,50,D,"",2583EJ,'s-Gravenhage
Westduinweg,50,E,"",2583EJ,'s-Gravenhage
Westduinweg,52,"","",2583EJ,'s-Gravenhage
Westduinweg,52,A,"",2583EJ,'s-Gravenhage
Westduinweg,52,B,"",2583EJ,'s-Gravenhage
Westduinweg,52,C,"",2583EJ,'s-Gravenhage
Westduinweg,52,D,"",2583EJ,'s-Gravenhage
Westduinweg,52,E,"",2583EJ,'s-Gravenhage
Westduinweg,54,"","",2583EJ,'s-Gravenhage
Westduinweg,54,A,"",2583EJ,'s-Gravenhage
Westduinweg,54,B,"",2583EJ,'s-Gravenhage
Westduinweg,54,C,"",2583EJ,'s-Gravenhage
Westduinweg,54,D,"",2583EJ,'s-Gravenhage
Westduinweg,54,E,"",2583EJ,'s-Gravenhage
Westduinweg,56,"","",2583EJ,'s-Gravenhage
Westduinweg,58,"","",2583EJ,'s-Gravenhage
Westduinweg,58,A,"",2583EJ,'s-Gravenhage
Westduinweg,58,B,"",2583EJ,'s-Gravenhage
Westduinweg,58,C,"",2583EJ,'s-Gravenhage
Westduinweg,58,D,"",2583EJ,'s-Gravenhage
Westduinweg,60,"","",2583EJ,'s-Gravenhage
Westduinweg,62,"","",2583EK,'s-Gravenhage
Westduinweg,62,A,"",2583EK,'s-Gravenhage
Westduinweg,62,B,"",2583EK,'s-Gravenhage
Westduinweg,62,C,"",2583EK,'s-Gravenhage
Westduinweg,62,D,"",2583EK,'s-Gravenhage
Westduinweg,62,E,"",2583EK,'s-Gravenhage
Westduinweg,62,F,"",2583EK,'s-Gravenhage
Westduinweg,62,G,"",2583EK,'s-Gravenhage
Westduinweg,62,H,"",2583EK,'s-Gravenhage
Westduinweg,62,J,"",2583EK,'s-Gravenhage
Westduinweg,64,"","",2583EK,'s-Gravenhage
Westduinweg,64,A,"",2583EK,'s-Gravenhage
Westduinweg,64,B,"",2583EK,'s-Gravenhage
Westduinweg,64,C,"",2583EK,'s-Gravenhage
Westduinweg,66,"","",2583EK,'s-Gravenhage
Westduinweg,66,A,"",2583EK,'s-Gravenhage
Westduinweg,66,B,"",2583EK,'s-Gravenhage
Westduinweg,66,C,"",2583EK,'s-Gravenhage
Westduinweg,66,C,"",2583EK,'s-Gravenhage
Westduinweg,66,C,"",2583EK,'s-Gravenhage
Westduinweg,66,C,"",2583EK,'s-Gravenhage
Westduinweg,66,C,"",2583EK,'s-Gravenhage
Westduinweg,66,C,1,2583EK,'s-Gravenhage
Westduinweg,66,C,1,2583EK,'s-Gravenhage
Westduinweg,66,C,1,2583EK,'s-Gravenhage
Westduinweg,66,C,1,2583EK,'s-Gravenhage
Westduinweg,66,C,2,2583EK,'s-Gravenhage
Westduinweg,66,C,3,2583EK,'s-Gravenhage
Westduinweg,66,D,"",2583EK,'s-Gravenhage
Westduinweg,66,E,"",2583EK,'s-Gravenhage
Westduinweg,68,"","",2583EK,'s-Gravenhage
Westduinweg,70,"","",2583EK,'s-Gravenhage
Westduinweg,70,A,"",2583EK,'s-Gravenhage
Westduinweg,70,B,"",2583EK,'s-Gravenhage
Westduinweg,70,C,"",2583EK,'s-Gravenhage
Westduinweg,70,D,"",2583EK,'s-Gravenhage
Westduinweg,72,"","",2583EK,'s-Gravenhage
Westduinweg,72,"","",2583EK,'s-Gravenhage
Westduinweg,72,A,"",2583EK,'s-Gravenhage
Westduinweg,74,"","",2583EK,'s-Gravenhage
Westduinweg,74,"","",2583EK,'s-Gravenhage
Westduinweg,74,"",1,2583EK,'s-Gravenhage
Westduinweg,74,A,"",2583EK,'s-Gravenhage
Westduinweg,74,B,"",2583EK,'s-Gravenhage
Westduinweg,74,C,"",2583EK,'s-Gravenhage
Westduinweg,74,D,"",2583EK,'s-Gravenhage
Westduinweg,76,"","",2583EK,'s-Gravenhage
Westduinweg,78,"","",2583EL,'s-Gravenhage
Westduinweg,78,A,"",2583EL,'s-Gravenhage
Westduinweg,78,B,"",2583EL,'s-Gravenhage
Westduinweg,78,C,"",2583EL,'s-Gravenhage
Westduinweg,78,D,"",2583EL,'s-Gravenhage
Westduinweg,80,"","",2583EL,'s-Gravenhage
Westduinweg,82,"","",2583EL,'s-Gravenhage
Westduinweg,82,A,"",2583EL,'s-Gravenhage
Westduinweg,82,B,"",2583EL,'s-Gravenhage
Westduinweg,82,C,"",2583EL,'s-Gravenhage
Westduinweg,82,D,"",2583EL,'s-Gravenhage
Westduinweg,84,"","",2583EL,'s-Gravenhage
Westduinweg,86,"","",2583EL,'s-Gravenhage
Westduinweg,86,A,"",2583EL,'s-Gravenhage
Westduinweg,86,B,"",2583EL,'s-Gravenhage
Westduinweg,86,C,"",2583EL,'s-Gravenhage
Westduinweg,86,D,"",2583EL,'s-Gravenhage
Westduinweg,88,"","",2583EL,'s-Gravenhage
Westduinweg,100,"","",2583EM,'s-Gravenhage
Westduinweg,90,"","",2583EM,'s-Gravenhage
Westduinweg,90,A,"",2583EM,'s-Gravenhage
Westduinweg,90,B,"",2583EM,'s-Gravenhage
Westduinweg,90,C,"",2583EM,'s-Gravenhage
Westduinweg,90,D,"",2583EM,'s-Gravenhage
Westduinweg,92,"","",2583EM,'s-Gravenhage
Westduinweg,94,"","",2583EM,'s-Gravenhage
Westduinweg,94,A,"",2583EM,'s-Gravenhage
Westduinweg,94,B,"",2583EM,'s-Gravenhage
Westduinweg,94,C,"",2583EM,'s-Gravenhage
Westduinweg,94,D,"",2583EM,'s-Gravenhage
Westduinweg,96,"","",2583EM,'s-Gravenhage
Westduinweg,98,"","",2583EM,'s-Gravenhage
Westduinweg,98,A,"",2583EM,'s-Gravenhage
Westduinweg,98,B,"",2583EM,'s-Gravenhage
Westduinweg,98,C,"",2583EM,'s-Gravenhage
Westduinweg,98,C,"",2583EM,'s-Gravenhage
Westduinweg,98,C,1,2583EM,'s-Gravenhage
Westduinweg,98,D,"",2583EM,'s-Gravenhage
Kranenburgweg,100,"","",2583EN,'s-Gravenhage
Kranenburgweg,101,"","",2583EN,'s-Gravenhage
Kranenburgweg,102,"","",2583EN,'s-Gravenhage
Kranenburgweg,103,"","",2583EN,'s-Gravenhage
Kranenburgweg,104,"","",2583EN,'s-Gravenhage
Kranenburgweg,94,"","",2583EN,'s-Gravenhage
Kranenburgweg,94,"","",2583EN,'s-Gravenhage
Kranenburgweg,95,"","",2583EN,'s-Gravenhage
Kranenburgweg,96,"","",2583EN,'s-Gravenhage
Kranenburgweg,97,"","",2583EN,'s-Gravenhage
Kranenburgweg,98,"","",2583EN,'s-Gravenhage
Kranenburgweg,99,"","",2583EN,'s-Gravenhage
Kranenburgweg,105,"","",2583EP,'s-Gravenhage
Kranenburgweg,106,"","",2583EP,'s-Gravenhage
Kranenburgweg,107,"","",2583EP,'s-Gravenhage
Kranenburgweg,108,"","",2583EP,'s-Gravenhage
Kranenburgweg,109,"","",2583EP,'s-Gravenhage
Kranenburgweg,110,"","",2583EP,'s-Gravenhage
Kranenburgweg,111,"","",2583EP,'s-Gravenhage
Kranenburgweg,112,"","",2583EP,'s-Gravenhage
Kranenburgweg,113,"","",2583EP,'s-Gravenhage
Kranenburgweg,114,"","",2583EP,'s-Gravenhage
Kranenburgweg,115,"","",2583EP,'s-Gravenhage
Kranenburgweg,116,"","",2583EP,'s-Gravenhage
Kranenburgweg,130,"","",2583ER,'s-Gravenhage
Kranenburgweg,131,"","",2583ER,'s-Gravenhage
Kranenburgweg,133,"","",2583ER,'s-Gravenhage
Kranenburgweg,134,"","",2583ER,'s-Gravenhage
Kranenburgweg,134,"","",2583ER,'s-Gravenhage
Kranenburgweg,134,"","",2583ER,'s-Gravenhage
Kranenburgweg,134,A,"",2583ER,'s-Gravenhage
Kranenburgweg,134,A,"",2583ER,'s-Gravenhage
Kranenburgweg,135,"","",2583ER,'s-Gravenhage
Kranenburgweg,135,A,"",2583ER,'s-Gravenhage
Kranenburgweg,136,"","",2583ER,'s-Gravenhage
Kranenburgweg,140,"","",2583ER,'s-Gravenhage
Kranenburgweg,142,"","",2583ER,'s-Gravenhage
Kranenburgweg,143,"","",2583ER,'s-Gravenhage
Kranenburgweg,144,"","",2583ER,'s-Gravenhage
Kranenburgweg,145,"","",2583ER,'s-Gravenhage
Kranenburgweg,146,"","",2583ER,'s-Gravenhage
Kranenburgweg,147,"","",2583ER,'s-Gravenhage
Kranenburgweg,160,"","",2583ER,'s-Gravenhage
Kranenburgweg,175,"","",2583ER,'s-Gravenhage
Kranenburgweg,180,"","",2583ER,'s-Gravenhage
Kranenburgweg,180,"","",2583ER,'s-Gravenhage
Kranenburgweg,180,B,"",2583ER,'s-Gravenhage
Kranenburgweg,180,D,"",2583ER,'s-Gravenhage
Kranenburgweg,180,F,"",2583ER,'s-Gravenhage
Kranenburgweg,180,H,"",2583ER,'s-Gravenhage
Kranenburgweg,180,K,"",2583ER,'s-Gravenhage
Kranenburgweg,180,M,"",2583ER,'s-Gravenhage
Kranenburgweg,180,P,"",2583ER,'s-Gravenhage
Kranenburgweg,180,R,"",2583ER,'s-Gravenhage
Kranenburgweg,180,S,"",2583ER,'s-Gravenhage
Kranenburgweg,180,T,"",2583ER,'s-Gravenhage
Kranenburgweg,180,U,"",2583ER,'s-Gravenhage
Kranenburgweg,180,V,"",2583ER,'s-Gravenhage
Kranenburgweg,180,W,"",2583ER,'s-Gravenhage
Kranenburgweg,180,X,"",2583ER,'s-Gravenhage
Kranenburgweg,180,Y,"",2583ER,'s-Gravenhage
Kranenburgweg,180,Z,"",2583ER,'s-Gravenhage
Kranenburgweg,182,"","",2583ER,'s-Gravenhage
Kranenburgweg,182,A,"",2583ER,'s-Gravenhage
Kranenburgweg,182,B,"",2583ER,'s-Gravenhage
Kranenburgweg,182,C,"",2583ER,'s-Gravenhage
Kranenburgweg,182,D,"",2583ER,'s-Gravenhage
Kranenburgweg,182,E,"",2583ER,'s-Gravenhage
Kranenburgweg,182,F,"",2583ER,'s-Gravenhage
Kranenburgweg,182,G,"",2583ER,'s-Gravenhage
Kranenburgweg,182,H,"",2583ER,'s-Gravenhage
Kranenburgweg,182,J,"",2583ER,'s-Gravenhage
Kranenburgweg,182,K,"",2583ER,'s-Gravenhage
Kranenburgweg,182,L,"",2583ER,'s-Gravenhage
Kranenburgweg,182,M,"",2583ER,'s-Gravenhage
Kranenburgweg,182,N,"",2583ER,'s-Gravenhage
Kranenburgweg,182,P,"",2583ER,'s-Gravenhage
Kranenburgweg,182,Q,"",2583ER,'s-Gravenhage
Kranenburgweg,182,R,"",2583ER,'s-Gravenhage
Kranenburgweg,182,S,"",2583ER,'s-Gravenhage
Kranenburgweg,182,T,"",2583ER,'s-Gravenhage
Kranenburgweg,182,U,"",2583ER,'s-Gravenhage
Kranenburgweg,182,V,"",2583ER,'s-Gravenhage
Kranenburgweg,184,"","",2583ER,'s-Gravenhage
Kranenburgweg,184,B,"",2583ER,'s-Gravenhage
Kranenburgweg,184,D,"",2583ER,'s-Gravenhage
Kranenburgweg,184,F,"",2583ER,'s-Gravenhage
Kranenburgweg,184,H,"",2583ER,'s-Gravenhage
Kranenburgweg,184,K,"",2583ER,'s-Gravenhage
Kranenburgweg,184,K,"",2583ER,'s-Gravenhage
Kranenburgweg,184,M,"",2583ER,'s-Gravenhage
Kranenburgweg,184,P,"",2583ER,'s-Gravenhage
Kranenburgweg,199,"","",2583ER,'s-Gravenhage
Kranenburgweg,200,"","",2583ER,'s-Gravenhage
Kranenburgweg,200,"","",2583ER,'s-Gravenhage
Kranenburgweg,201,"","",2583ER,'s-Gravenhage
Kranenburgweg,201,"","",2583ER,'s-Gravenhage
Kranenburgweg,202,"","",2583ER,'s-Gravenhage
Kranenburgweg,203,"","",2583ER,'s-Gravenhage
Kranenburgweg,205,"","",2583ER,'s-Gravenhage
Kranenburgweg,210,"","",2583ER,'s-Gravenhage
Kranenburgweg,211,"","",2583ER,'s-Gravenhage
Kranenburgweg,212,"","",2583ER,'s-Gravenhage
Kranenburgweg,213,"","",2583ER,'s-Gravenhage
Kranenburgweg,214,"","",2583ER,'s-Gravenhage
Kranenburgweg,215,"","",2583ER,'s-Gravenhage
Kranenburgweg,216,"","",2583ER,'s-Gravenhage
Kranenburgweg,217,"","",2583ER,'s-Gravenhage
Kranenburgweg,218,"","",2583ER,'s-Gravenhage
Kranenburgweg,219,"","",2583ER,'s-Gravenhage
Kranenburgweg,220,"","",2583ER,'s-Gravenhage
Kranenburgweg,221,"","",2583ER,'s-Gravenhage
Kranenburgweg,222,"","",2583ER,'s-Gravenhage
Kranenburgweg,223,"","",2583ER,'s-Gravenhage
Kranenburgweg,224,"","",2583ER,'s-Gravenhage
Kranenburgweg,225,"","",2583ER,'s-Gravenhage
Kranenburgweg,226,"","",2583ER,'s-Gravenhage
Kranenburgweg,227,"","",2583ER,'s-Gravenhage
Kranenburgweg,230,"","",2583ER,'s-Gravenhage
Kranenburgweg,240,"","",2583ER,'s-Gravenhage
Kranenburgweg,241,"","",2583ER,'s-Gravenhage
Kranenburgweg,242,"","",2583ER,'s-Gravenhage
Kranenburgweg,243,"","",2583ER,'s-Gravenhage
Kranenburgweg,244,"","",2583ER,'s-Gravenhage
Kranenburgweg,245,"","",2583ER,'s-Gravenhage
Kranenburgweg,246,"","",2583ER,'s-Gravenhage
Kranenburgweg,247,"","",2583ER,'s-Gravenhage
Kranenburgweg,248,"","",2583ER,'s-Gravenhage
Kranenburgweg,249,"","",2583ER,'s-Gravenhage
Kranenburgweg,250,"","",2583ER,'s-Gravenhage
Kranenburgweg,251,"","",2583ER,'s-Gravenhage
Kranenburgweg,252,"","",2583ER,'s-Gravenhage
Kranenburgweg,253,"","",2583ER,'s-Gravenhage
Kranenburgweg,254,"","",2583ER,'s-Gravenhage
Kranenburgweg,255,"","",2583ER,'s-Gravenhage
Kranenburgweg,256,"","",2583ER,'s-Gravenhage
Kranenburgweg,257,"","",2583ER,'s-Gravenhage
Kranenburgweg,258,"","",2583ER,'s-Gravenhage
Kranenburgweg,259,"","",2583ER,'s-Gravenhage
Kranenburgweg,260,"","",2583ER,'s-Gravenhage
Kranenburgweg,261,"","",2583ER,'s-Gravenhage
Kranenburgweg,270,"","",2583ER,'s-Gravenhage
Kranenburgweg,271,"","",2583ER,'s-Gravenhage
Kranenburgweg,272,"","",2583ER,'s-Gravenhage
Kranenburgweg,273,"","",2583ER,'s-Gravenhage
Kranenburgweg,274,"","",2583ER,'s-Gravenhage
Kranenburgweg,275,"","",2583ER,'s-Gravenhage
Kranenburgweg,276,"","",2583ER,'s-Gravenhage
Kranenburgweg,277,"","",2583ER,'s-Gravenhage
Kranenburgweg,278,"","",2583ER,'s-Gravenhage
Kranenburgweg,279,"","",2583ER,'s-Gravenhage
Kranenburgweg,280,"","",2583ER,'s-Gravenhage
Kranenburgweg,281,"","",2583ER,'s-Gravenhage
Kranenburgweg,282,"","",2583ER,'s-Gravenhage
Kranenburgweg,283,"","",2583ER,'s-Gravenhage
Kranenburgweg,284,"","",2583ER,'s-Gravenhage
Kranenburgweg,285,"","",2583ER,'s-Gravenhage
Kranenburgweg,286,"","",2583ER,'s-Gravenhage
Kranenburgweg,287,"","",2583ER,'s-Gravenhage
Kranenburgweg,288,"","",2583ER,'s-Gravenhage
Kranenburgweg,289,"","",2583ER,'s-Gravenhage
Kranenburgweg,290,"","",2583ER,'s-Gravenhage
Kranenburgweg,291,"","",2583ER,'s-Gravenhage
Kranenburgweg,292,"","",2583ER,'s-Gravenhage
Kranenburgweg,293,"","",2583ER,'s-Gravenhage
Kranenburgweg,294,"","",2583ER,'s-Gravenhage
Kranenburgweg,295,"","",2583ER,'s-Gravenhage
Kranenburgweg,296,"","",2583ER,'s-Gravenhage
Kranenburgweg,297,"","",2583ER,'s-Gravenhage
Kranenburgweg,298,"","",2583ER,'s-Gravenhage
Kranenburgweg,299,"","",2583ER,'s-Gravenhage
Kranenburgweg,300,"","",2583ER,'s-Gravenhage
Kranenburgweg,301,"","",2583ER,'s-Gravenhage
Kranenburgweg,302,"","",2583ER,'s-Gravenhage
Kranenburgweg,303,"","",2583ER,'s-Gravenhage
Kranenburgweg,304,"","",2583ER,'s-Gravenhage
Kranenburgweg,305,"","",2583ER,'s-Gravenhage
Kranenburgweg,306,"","",2583ER,'s-Gravenhage
Kranenburgweg,307,"","",2583ER,'s-Gravenhage
Kranenburgweg,308,"","",2583ER,'s-Gravenhage
Kranenburgweg,309,"","",2583ER,'s-Gravenhage
Kranenburgweg,310,"","",2583ER,'s-Gravenhage
Kranenburgweg,311,"","",2583ER,'s-Gravenhage
Kranenburgweg,312,"","",2583ER,'s-Gravenhage
Kranenburgweg,313,"","",2583ER,'s-Gravenhage
Kranenburgweg,314,"","",2583ER,'s-Gravenhage
Kranenburgweg,315,"","",2583ER,'s-Gravenhage
Zeesluisweg,222,"","",2583ES,'s-Gravenhage
Zeesluisweg,228,"","",2583ES,'s-Gravenhage
Zeesluisweg,228,"","",2583ES,'s-Gravenhage
Zeesluisweg,232,"","",2583ES,'s-Gravenhage
Houtrustweg,227,"","",2583GA,'s-Gravenhage
Houtrustweg,229,"","",2583GA,'s-Gravenhage
Houtrustweg,231,"","",2583GA,'s-Gravenhage
Houtrustweg,233,"","",2583GA,'s-Gravenhage
Houtrustweg,235,"","",2583GA,'s-Gravenhage
Houtrustweg,235,A,"",2583GA,'s-Gravenhage
Houtrustweg,235,B,"",2583GA,'s-Gravenhage
Houtrustweg,235,C,"",2583GA,'s-Gravenhage
Houtrustweg,235,D,"",2583GA,'s-Gravenhage
Houtrustweg,235,E,"",2583GA,'s-Gravenhage
Houtrustweg,235,F,"",2583GA,'s-Gravenhage
Houtrustweg,235,G,"",2583GA,'s-Gravenhage
Houtrustweg,237,"","",2583GA,'s-Gravenhage
Houtrustweg,237,A,"",2583GA,'s-Gravenhage
Houtrustweg,237,B,"",2583GA,'s-Gravenhage
Houtrustweg,237,C,"",2583GA,'s-Gravenhage
Houtrustweg,237,D,"",2583GA,'s-Gravenhage
Houtrustweg,237,E,"",2583GA,'s-Gravenhage
Houtrustweg,237,F,"",2583GA,'s-Gravenhage
Houtrustweg,237,G,"",2583GA,'s-Gravenhage
Houtrustweg,239,"","",2583GA,'s-Gravenhage
Houtrustweg,239,A,"",2583GA,'s-Gravenhage
Houtrustweg,239,B,"",2583GA,'s-Gravenhage
Houtrustweg,239,C,"",2583GA,'s-Gravenhage
Houtrustweg,239,D,"",2583GA,'s-Gravenhage
Houtrustweg,239,E,"",2583GA,'s-Gravenhage
Houtrustweg,239,F,"",2583GA,'s-Gravenhage
Houtrustweg,239,G,"",2583GA,'s-Gravenhage
Houtrustweg,241,"","",2583GA,'s-Gravenhage
Houtrustweg,241,A,"",2583GA,'s-Gravenhage
Houtrustweg,241,B,"",2583GA,'s-Gravenhage
Houtrustweg,241,C,"",2583GA,'s-Gravenhage
Houtrustweg,241,D,"",2583GA,'s-Gravenhage
Houtrustweg,241,E,"",2583GA,'s-Gravenhage
Houtrustweg,241,F,"",2583GA,'s-Gravenhage
Houtrustweg,241,G,"",2583GA,'s-Gravenhage
Houtrustweg,243,"","",2583GA,'s-Gravenhage
Houtrustweg,245,"","",2583GA,'s-Gravenhage
Houtrustweg,247,"","",2583GA,'s-Gravenhage
Houtrustweg,249,"","",2583GA,'s-Gravenhage
Houtrustweg,251,"","",2583GA,'s-Gravenhage
Houtrustweg,251,A,"",2583GA,'s-Gravenhage
Houtrustweg,251,B,"",2583GA,'s-Gravenhage
Houtrustweg,251,C,"",2583GA,'s-Gravenhage
Houtrustweg,251,D,"",2583GA,'s-Gravenhage
Houtrustweg,251,E,"",2583GA,'s-Gravenhage
Houtrustweg,251,F,"",2583GA,'s-Gravenhage
Houtrustweg,251,G,"",2583GA,'s-Gravenhage
Houtrustweg,253,"","",2583GA,'s-Gravenhage
Houtrustweg,253,A,"",2583GA,'s-Gravenhage
Houtrustweg,253,B,"",2583GA,'s-Gravenhage
Houtrustweg,253,C,"",2583GA,'s-Gravenhage
Houtrustweg,253,D,"",2583GA,'s-Gravenhage
Houtrustweg,253,E,"",2583GA,'s-Gravenhage
Houtrustweg,253,F,"",2583GA,'s-Gravenhage
Houtrustweg,253,G,"",2583GA,'s-Gravenhage
Houtrustweg,255,"","",2583GA,'s-Gravenhage
Houtrustweg,255,A,"",2583GA,'s-Gravenhage
Houtrustweg,255,B,"",2583GA,'s-Gravenhage
Houtrustweg,255,C,"",2583GA,'s-Gravenhage
Houtrustweg,255,D,"",2583GA,'s-Gravenhage
Houtrustweg,255,E,"",2583GA,'s-Gravenhage
Houtrustweg,255,F,"",2583GA,'s-Gravenhage
Houtrustweg,255,G,"",2583GA,'s-Gravenhage
Houtrustweg,257,"","",2583GA,'s-Gravenhage
Houtrustweg,257,A,"",2583GA,'s-Gravenhage
Houtrustweg,257,B,"",2583GA,'s-Gravenhage
Houtrustweg,257,C,"",2583GA,'s-Gravenhage
Houtrustweg,257,D,"",2583GA,'s-Gravenhage
Houtrustweg,257,E,"",2583GA,'s-Gravenhage
Houtrustweg,257,F,"",2583GA,'s-Gravenhage
Houtrustweg,259,"","",2583GA,'s-Gravenhage
Houtrustweg,259,A,"",2583GA,'s-Gravenhage
Houtrustweg,259,B,"",2583GA,'s-Gravenhage
Houtrustweg,267,"","",2583GA,'s-Gravenhage
Houtrustweg,267,A,"",2583GA,'s-Gravenhage
Houtrustweg,267,B,"",2583GA,'s-Gravenhage
Houtrustweg,267,C,"",2583GA,'s-Gravenhage
Houtrustweg,267,D,"",2583GA,'s-Gravenhage
Houtrustweg,267,E,"",2583GA,'s-Gravenhage
Houtrustweg,267,F,"",2583GA,'s-Gravenhage
Houtrustweg,267,G,"",2583GA,'s-Gravenhage
Houtrustweg,269,"","",2583GA,'s-Gravenhage
Houtrustweg,269,A,"",2583GA,'s-Gravenhage
Houtrustweg,269,B,"",2583GA,'s-Gravenhage
Houtrustweg,269,C,"",2583GA,'s-Gravenhage
Houtrustweg,269,D,"",2583GA,'s-Gravenhage
Houtrustweg,269,E,"",2583GA,'s-Gravenhage
Houtrustweg,269,F,"",2583GA,'s-Gravenhage
Houtrustweg,269,G,"",2583GA,'s-Gravenhage
Houtrustweg,271,"","",2583GA,'s-Gravenhage
Houtrustweg,271,A,"",2583GA,'s-Gravenhage
Houtrustweg,271,B,"",2583GA,'s-Gravenhage
Houtrustweg,271,C,"",2583GA,'s-Gravenhage
Houtrustweg,271,D,"",2583GA,'s-Gravenhage
Houtrustweg,271,E,"",2583GA,'s-Gravenhage
Houtrustweg,271,F,"",2583GA,'s-Gravenhage
Houtrustweg,271,G,"",2583GA,'s-Gravenhage
Houtrustweg,273,"","",2583GA,'s-Gravenhage
Houtrustweg,273,A,"",2583GA,'s-Gravenhage
Houtrustweg,273,B,"",2583GA,'s-Gravenhage
Houtrustweg,273,C,"",2583GA,'s-Gravenhage
Houtrustweg,273,D,"",2583GA,'s-Gravenhage
Houtrustweg,273,E,"",2583GA,'s-Gravenhage
Houtrustweg,273,F,"",2583GA,'s-Gravenhage
Houtrustweg,273,G,"",2583GA,'s-Gravenhage
Houtrustweg,275,"","",2583GA,'s-Gravenhage
Houtrustweg,275,A,"",2583GA,'s-Gravenhage
Houtrustweg,275,B,"",2583GA,'s-Gravenhage
Houtrustweg,275,C,"",2583GA,'s-Gravenhage
Houtrustweg,275,D,"",2583GA,'s-Gravenhage
Houtrustweg,275,E,"",2583GA,'s-Gravenhage
Houtrustweg,275,F,"",2583GA,'s-Gravenhage
Houtrustweg,277,"","",2583GA,'s-Gravenhage
Houtrustweg,279,"","",2583GA,'s-Gravenhage
Houtrustweg,281,"","",2583GA,'s-Gravenhage
Houtrustweg,283,"","",2583GA,'s-Gravenhage
Houtrustweg,285,"","",2583GA,'s-Gravenhage
Houtrustweg,287,"","",2583GA,'s-Gravenhage
Houtrustweg,289,"","",2583GA,'s-Gravenhage
Houtrustweg,289,A,"",2583GA,'s-Gravenhage
Houtrustweg,289,B,"",2583GA,'s-Gravenhage
Houtrustweg,289,C,"",2583GA,'s-Gravenhage
Houtrustweg,289,D,"",2583GA,'s-Gravenhage
Houtrustweg,289,E,"",2583GA,'s-Gravenhage
Houtrustweg,291,"","",2583GA,'s-Gravenhage
Houtrustweg,291,A,"",2583GA,'s-Gravenhage
Houtrustweg,291,B,"",2583GA,'s-Gravenhage
Houtrustweg,291,C,"",2583GA,'s-Gravenhage
Houtrustweg,291,D,"",2583GA,'s-Gravenhage
Houtrustweg,291,E,"",2583GA,'s-Gravenhage
Houtrustweg,293,"","",2583GA,'s-Gravenhage
Houtrustweg,293,A,"",2583GA,'s-Gravenhage
Houtrustweg,293,B,"",2583GA,'s-Gravenhage
Houtrustweg,293,C,"",2583GA,'s-Gravenhage
Houtrustweg,293,D,"",2583GA,'s-Gravenhage
Houtrustweg,293,E,"",2583GA,'s-Gravenhage
Houtrustweg,295,"","",2583GA,'s-Gravenhage
Houtrustweg,295,A,"",2583GA,'s-Gravenhage
Houtrustweg,295,B,"",2583GA,'s-Gravenhage
Houtrustweg,295,C,"",2583GA,'s-Gravenhage
Houtrustweg,295,D,"",2583GA,'s-Gravenhage
Houtrustweg,297,"","",2583GA,'s-Gravenhage
Houtrustweg,297,A,"",2583GA,'s-Gravenhage
Houtrustweg,297,B,"",2583GA,'s-Gravenhage
Houtrustweg,297,C,"",2583GA,'s-Gravenhage
Houtrustweg,297,D,"",2583GA,'s-Gravenhage
Houtrustweg,299,"","",2583GA,'s-Gravenhage
Houtrustweg,299,A,"",2583GA,'s-Gravenhage
Houtrustweg,299,B,"",2583GA,'s-Gravenhage
Houtrustweg,299,C,"",2583GA,'s-Gravenhage
Houtrustweg,299,D,"",2583GA,'s-Gravenhage
Houtrustweg,486,"","",2583GA,'s-Gravenhage
Houtrustweg,488,"","",2583GA,'s-Gravenhage
Houtrustweg,490,"","",2583GA,'s-Gravenhage
Houtrustweg,492,"","",2583GA,'s-Gravenhage
Houtrustweg,494,"","",2583GA,'s-Gravenhage
Houtrustweg,496,"","",2583GA,'s-Gravenhage
Houtrustweg,498,"","",2583GA,'s-Gravenhage
Houtrustweg,500,"","",2583GA,'s-Gravenhage
Houtrustweg,500,T,"",2583GA,'s-Gravenhage
Houtrustweg,502,"","",2583GA,'s-Gravenhage
Houtrustweg,504,"","",2583GA,'s-Gravenhage
Houtrustweg,600,"","",2583GA,'s-Gravenhage
Dr. Lelykade,249,"","",2583JZ,'s-Gravenhage
Dr. Lelykade,251,"","",2583JZ,'s-Gravenhage
Dr. Lelykade,251,"","",2583JZ,'s-Gravenhage
Dr. Lelykade,257,"","",2583JZ,'s-Gravenhage
Dr. Lelykade,263,"","",2583JZ,'s-Gravenhage
Dr. Lelykade,265,"","",2583JZ,'s-Gravenhage
Dr. Lelykade,267,"","",2583JZ,'s-Gravenhage
Dr. Lelykade,269,"","",2583JZ,'s-Gravenhage
Dr. Lelykade,271,"","",2583JZ,'s-Gravenhage
Dr. Lelykade,273,"","",2583JZ,'s-Gravenhage
Dr. Lelykade,275,"","",2583JZ,'s-Gravenhage
Dr. Lelykade,277,"","",2583JZ,'s-Gravenhage
Dr. Lelykade,279,"","",2583JZ,'s-Gravenhage
Dr. Lelykade,281,"","",2583JZ,'s-Gravenhage
Dr. Lelykade,283,"","",2583JZ,'s-Gravenhage
Dr. Lelykade,285,"","",2583JZ,'s-Gravenhage
Dr. Lelykade,289,"","",2583JZ,'s-Gravenhage
Dr. Lelykade,291,"","",2583JZ,'s-Gravenhage
Dr. Lelykade,295,"","",2583JZ,'s-Gravenhage
Dr. Lelykade,301,"","",2583JZ,'s-Gravenhage
Dr. Lelykade,303,"","",2583JZ,'s-Gravenhage
Dr. Lelykade,305,"","",2583JZ,'s-Gravenhage
Dr. Lelykade,307,"","",2583JZ,'s-Gravenhage
Dr. Lelykade,309,"","",2583JZ,'s-Gravenhage
Dr. Lelykade,311,"","",2583JZ,'s-Gravenhage
Dr. Lelykade,313,"","",2583JZ,'s-Gravenhage
Dr. Lelykade,315,"","",2583JZ,'s-Gravenhage
Dr. Lelykade,317,"","",2583JZ,'s-Gravenhage
Dr. Lelykade,321,"","",2583JZ,'s-Gravenhage
Dr. Lelykade,323,"","",2583JZ,'s-Gravenhage
Dr. Lelykade,325,"","",2583JZ,'s-Gravenhage
Dr. Lelykade,327,"","",2583JZ,'s-Gravenhage
Dr. Lelykade,337,"","",2583JZ,'s-Gravenhage
Dr. Lelykade,339,"","",2583JZ,'s-Gravenhage
Dr. Lelykade,341,"","",2583JZ,'s-Gravenhage
Dr. Lelykade,343,"","",2583JZ,'s-Gravenhage
Dr. Lelykade,345,"","",2583JZ,'s-Gravenhage
Dr. Lelykade,347,"","",2583JZ,'s-Gravenhage
Dr. Lelykade,349,"","",2583JZ,'s-Gravenhage
Dr. Lelykade,351,"","",2583JZ,'s-Gravenhage
Dr. Lelykade,353,"","",2583JZ,'s-Gravenhage
Dr. Lelykade,355,"","",2583JZ,'s-Gravenhage
Dr. Lelykade,357,"","",2583JZ,'s-Gravenhage
Dr. Lelykade,359,"","",2583JZ,'s-Gravenhage
Dr. Lelykade,363,"","",2583JZ,'s-Gravenhage
Dr. Lelykade,365,"","",2583JZ,'s-Gravenhage
Dr. Lelykade,367,"","",2583JZ,'s-Gravenhage
Boeistraat,15,"","",2583LJ,'s-Gravenhage
Boeistraat,17,"","",2583LJ,'s-Gravenhage
Boeistraat,19,"","",2583LJ,'s-Gravenhage
Boeistraat,21,"","",2583LJ,'s-Gravenhage
Boeistraat,23,"","",2583LJ,'s-Gravenhage
Boeistraat,25,"","",2583LJ,'s-Gravenhage
Boeistraat,27,"","",2583LJ,'s-Gravenhage
Boeistraat,29,"","",2583LJ,'s-Gravenhage
Boeistraat,31,"","",2583LJ,'s-Gravenhage
Boeistraat,33,"","",2583LJ,'s-Gravenhage
Boeistraat,35,"","",2583LJ,'s-Gravenhage
Boeistraat,37,"","",2583LJ,'s-Gravenhage
Boeistraat,39,"","",2583LJ,'s-Gravenhage
Boeistraat,40,"","",2583LJ,'s-Gravenhage
Boeistraat,41,"","",2583LJ,'s-Gravenhage
Boeistraat,42,"","",2583LJ,'s-Gravenhage
Boeistraat,43,"","",2583LJ,'s-Gravenhage
Boeistraat,44,"","",2583LJ,'s-Gravenhage
Boeistraat,45,"","",2583LJ,'s-Gravenhage
Boeistraat,46,"","",2583LJ,'s-Gravenhage
Boeistraat,47,"","",2583LJ,'s-Gravenhage
Boeistraat,48,"","",2583LJ,'s-Gravenhage
Boeistraat,49,"","",2583LJ,'s-Gravenhage
Boeistraat,50,"","",2583LJ,'s-Gravenhage
Boeistraat,51,"","",2583LJ,'s-Gravenhage
Boeistraat,53,"","",2583LJ,'s-Gravenhage
Steigerstraat,10,"","",2583LK,'s-Gravenhage
Steigerstraat,12,"","",2583LK,'s-Gravenhage
Steigerstraat,14,"","",2583LK,'s-Gravenhage
Steigerstraat,16,"","",2583LK,'s-Gravenhage
Steigerstraat,18,"","",2583LK,'s-Gravenhage
Steigerstraat,22,"","",2583LK,'s-Gravenhage
Steigerstraat,24,"","",2583LK,'s-Gravenhage
Steigerstraat,26,"","",2583LK,'s-Gravenhage
Steigerstraat,4,"","",2583LK,'s-Gravenhage
Steigerstraat,6,"","",2583LK,'s-Gravenhage
Steigerstraat,8,"","",2583LK,'s-Gravenhage
Houtrustweg,309,"","",2583LL,'s-Gravenhage
Houtrustweg,311,"","",2583LL,'s-Gravenhage
Houtrustweg,313,"","",2583LL,'s-Gravenhage
Houtrustweg,315,"","",2583LL,'s-Gravenhage
Houtrustweg,317,"","",2583LL,'s-Gravenhage
Houtrustweg,319,"","",2583LL,'s-Gravenhage
Houtrustweg,321,"","",2583LL,'s-Gravenhage
Houtrustweg,323,"","",2583LL,'s-Gravenhage
Houtrustweg,325,"","",2583LL,'s-Gravenhage
Houtrustweg,327,"","",2583LL,'s-Gravenhage
Houtrustweg,329,"","",2583LL,'s-Gravenhage
Houtrustweg,331,"","",2583LL,'s-Gravenhage
Houtrustweg,333,"","",2583LL,'s-Gravenhage
Houtrustweg,335,"","",2583LL,'s-Gravenhage
Houtrustweg,337,"","",2583LL,'s-Gravenhage
Houtrustweg,339,"","",2583LL,'s-Gravenhage
Houtrustweg,341,"","",2583LL,'s-Gravenhage
Houtrustweg,343,"","",2583LL,'s-Gravenhage
Houtrustweg,345,"","",2583LL,'s-Gravenhage
Houtrustweg,347,"","",2583LL,'s-Gravenhage
Houtrustweg,349,"","",2583LL,'s-Gravenhage
Houtrustweg,351,"","",2583LL,'s-Gravenhage
Houtrustweg,353,"","",2583LL,'s-Gravenhage
Houtrustweg,355,"","",2583LL,'s-Gravenhage
Houtrustweg,357,"","",2583LL,'s-Gravenhage
Houtrustweg,359,"","",2583LL,'s-Gravenhage
Houtrustweg,361,"","",2583LL,'s-Gravenhage
Houtrustweg,363,"","",2583LL,'s-Gravenhage
Houtrustweg,365,"","",2583LL,'s-Gravenhage
Houtrustweg,367,"","",2583LL,'s-Gravenhage
Houtrustweg,369,"","",2583LL,'s-Gravenhage
Houtrustweg,371,"","",2583LL,'s-Gravenhage
Houtrustweg,373,"","",2583LL,'s-Gravenhage
Houtrustweg,375,"","",2583LL,'s-Gravenhage
Houtrustweg,377,"","",2583LL,'s-Gravenhage
Houtrustweg,379,"","",2583LL,'s-Gravenhage
Houtrustweg,381,"","",2583LL,'s-Gravenhage
Houtrustweg,383,"","",2583LL,'s-Gravenhage
Houtrustweg,385,"","",2583LL,'s-Gravenhage
Houtrustweg,387,"","",2583LL,'s-Gravenhage
Houtrustweg,389,"","",2583LL,'s-Gravenhage
Houtrustweg,391,"","",2583LL,'s-Gravenhage
Houtrustweg,393,"","",2583LL,'s-Gravenhage
Houtrustweg,395,"","",2583LL,'s-Gravenhage
Houtrustweg,397,"","",2583LL,'s-Gravenhage
Houtrustweg,399,"","",2583LL,'s-Gravenhage
Houtrustweg,401,"","",2583LL,'s-Gravenhage
Houtrustweg,403,"","",2583LL,'s-Gravenhage
Houtrustweg,405,"","",2583LL,'s-Gravenhage
Houtrustweg,407,"","",2583LL,'s-Gravenhage
Houtrustweg,409,"","",2583LL,'s-Gravenhage
Houtrustweg,411,"","",2583LL,'s-Gravenhage
Houtrustweg,413,"","",2583LL,'s-Gravenhage
Houtrustweg,415,"","",2583LL,'s-Gravenhage
Houtrustweg,417,"","",2583LL,'s-Gravenhage
Houtrustweg,419,"","",2583LL,'s-Gravenhage
Houtrustweg,421,"","",2583LL,'s-Gravenhage
Houtrustweg,423,"","",2583LL,'s-Gravenhage
Houtrustweg,425,"","",2583LL,'s-Gravenhage
Houtrustweg,427,"","",2583LL,'s-Gravenhage
Houtrustweg,429,"","",2583LL,'s-Gravenhage
Houtrustweg,431,"","",2583LL,'s-Gravenhage
Houtrustweg,433,"","",2583LL,'s-Gravenhage
Houtrustweg,435,"","",2583LL,'s-Gravenhage
Houtrustweg,437,"","",2583LL,'s-Gravenhage
Houtrustweg,439,"","",2583LL,'s-Gravenhage
Houtrustweg,441,"","",2583LL,'s-Gravenhage
Houtrustweg,443,"","",2583LL,'s-Gravenhage
Houtrustweg,445,"","",2583LL,'s-Gravenhage
Houtrustweg,447,"","",2583LL,'s-Gravenhage
Houtrustweg,449,"","",2583LL,'s-Gravenhage
Houtrustweg,451,"","",2583LL,'s-Gravenhage
Houtrustweg,453,"","",2583LL,'s-Gravenhage
Houtrustweg,455,"","",2583LL,'s-Gravenhage
Houtrustweg,457,"","",2583LL,'s-Gravenhage
Houtrustweg,459,"","",2583LL,'s-Gravenhage
Houtrustweg,461,"","",2583LL,'s-Gravenhage
Houtrustweg,463,"","",2583LL,'s-Gravenhage
Houtrustweg,465,"","",2583LL,'s-Gravenhage
Houtrustweg,467,"","",2583LL,'s-Gravenhage
Houtrustweg,469,"","",2583LL,'s-Gravenhage
Houtrustweg,471,"","",2583LL,'s-Gravenhage
Houtrustweg,473,"","",2583LL,'s-Gravenhage
Houtrustweg,475,"","",2583LL,'s-Gravenhage
Houtrustweg,477,"","",2583LL,'s-Gravenhage
Adriaan Maasplein,1,"","",2583RK,'s-Gravenhage
Adriaan Maasplein,1,"","",2583RK,'s-Gravenhage
Adriaan Maasplein,1,"","",2583RK,'s-Gravenhage
Adriaan Maasplein,1,"","",2583RK,'s-Gravenhage
Adriaan Maasplein,3,"","",2583RK,'s-Gravenhage
Houtrustweg,479,"","",2583WB,'s-Gravenhage
Houtrustweg,479,A,"",2583WB,'s-Gravenhage
Houtrustweg,479,B,"",2583WB,'s-Gravenhage
Houtrustweg,479,C,"",2583WB,'s-Gravenhage
Houtrustweg,479,P,"",2583WB,'s-Gravenhage
Houtrustweg,481,"","",2583WB,'s-Gravenhage
Houtrustweg,481,A,"",2583WB,'s-Gravenhage
Houtrustweg,481,B,"",2583WB,'s-Gravenhage
Houtrustweg,481,C,"",2583WB,'s-Gravenhage
Houtrustweg,483,"","",2583WB,'s-Gravenhage
Houtrustweg,483,A,"",2583WB,'s-Gravenhage
Houtrustweg,483,B,"",2583WB,'s-Gravenhage
Houtrustweg,483,C,"",2583WB,'s-Gravenhage
Houtrustweg,485,"","",2583WB,'s-Gravenhage
Houtrustweg,485,A,"",2583WB,'s-Gravenhage
Houtrustweg,485,B,"",2583WB,'s-Gravenhage
Houtrustweg,485,C,"",2583WB,'s-Gravenhage
Houtrustweg,487,"","",2583WB,'s-Gravenhage
Houtrustweg,487,A,"",2583WB,'s-Gravenhage
Houtrustweg,487,B,"",2583WB,'s-Gravenhage
Houtrustweg,487,C,"",2583WB,'s-Gravenhage
Houtrustweg,489,"","",2583WB,'s-Gravenhage
Houtrustweg,489,A,"",2583WB,'s-Gravenhage
Houtrustweg,489,B,"",2583WB,'s-Gravenhage
Houtrustweg,489,C,"",2583WB,'s-Gravenhage
Houtrustweg,491,"","",2583WB,'s-Gravenhage
Houtrustweg,491,A,"",2583WB,'s-Gravenhage
Houtrustweg,491,B,"",2583WB,'s-Gravenhage
Houtrustweg,491,C,"",2583WB,'s-Gravenhage
Houtrustweg,493,"","",2583WB,'s-Gravenhage
Houtrustweg,493,A,"",2583WB,'s-Gravenhage
Houtrustweg,493,B,"",2583WB,'s-Gravenhage
Houtrustweg,495,"","",2583WB,'s-Gravenhage
Houtrustweg,495,A,"",2583WB,'s-Gravenhage
Houtrustweg,501,"","",2583WB,'s-Gravenhage
Houtrustweg,503,"","",2583WB,'s-Gravenhage
Houtrustweg,505,"","",2583WB,'s-Gravenhage
Houtrustweg,505,"","",2583WB,'s-Gravenhage
Houtrustweg,507,"","",2583WB,'s-Gravenhage
Houtrustweg,509,"","",2583WB,'s-Gravenhage
Houtrustweg,511,"","",2583WB,'s-Gravenhage
Houtrustweg,513,"","",2583WB,'s-Gravenhage
Houtrustweg,515,"","",2583WB,'s-Gravenhage
Houtrustweg,517,"","",2583WB,'s-Gravenhage
Houtrustweg,519,"","",2583WB,'s-Gravenhage
Houtrustweg,521,"","",2583WB,'s-Gravenhage
Houtrustweg,523,"","",2583WB,'s-Gravenhage
Houtrustweg,525,"","",2583WB,'s-Gravenhage
Houtrustweg,527,"","",2583WB,'s-Gravenhage
Houtrustweg,529,"","",2583WB,'s-Gravenhage
Houtrustweg,531,"","",2583WB,'s-Gravenhage
Houtrustweg,533,"","",2583WB,'s-Gravenhage
Houtrustweg,535,"","",2583WB,'s-Gravenhage
Houtrustweg,537,"","",2583WB,'s-Gravenhage
Houtrustweg,539,"","",2583WB,'s-Gravenhage
Houtrustweg,545,"","",2583WB,'s-Gravenhage
Houtrustweg,547,"","",2583WB,'s-Gravenhage
Houtrustweg,549,"","",2583WB,'s-Gravenhage
Houtrustweg,551,"","",2583WB,'s-Gravenhage
Houtrustweg,553,"","",2583WB,'s-Gravenhage
Houtrustweg,555,"","",2583WB,'s-Gravenhage
Houtrustweg,557,"","",2583WB,'s-Gravenhage
Houtrustweg,559,"","",2583WB,'s-Gravenhage
Houtrustweg,561,"","",2583WB,'s-Gravenhage
Houtrustweg,563,"","",2583WB,'s-Gravenhage
Houtrustweg,565,"","",2583WB,'s-Gravenhage
Houtrustweg,567,"","",2583WB,'s-Gravenhage
Houtrustweg,569,"","",2583WB,'s-Gravenhage
Houtrustweg,571,"","",2583WB,'s-Gravenhage
Houtrustweg,573,"","",2583WB,'s-Gravenhage
Houtrustweg,575,"","",2583WB,'s-Gravenhage
Houtrustweg,581,"","",2583WB,'s-Gravenhage
Houtrustweg,583,"","",2583WB,'s-Gravenhage
Houtrustweg,585,"","",2583WB,'s-Gravenhage
Houtrustweg,587,"","",2583WB,'s-Gravenhage
Houtrustweg,589,"","",2583WB,'s-Gravenhage
Houtrustweg,591,"","",2583WB,'s-Gravenhage
Houtrustweg,593,"","",2583WB,'s-Gravenhage
Houtrustweg,595,"","",2583WB,'s-Gravenhage
Houtrustweg,597,"","",2583WB,'s-Gravenhage
Houtrustweg,599,"","",2583WB,'s-Gravenhage
Houtrustweg,601,"","",2583WB,'s-Gravenhage
Houtrustweg,603,"","",2583WB,'s-Gravenhage
Houtrustweg,607,"","",2583WB,'s-Gravenhage
Hellingkade,100,"","",2583WC,'s-Gravenhage
Hellingkade,101,"","",2583WC,'s-Gravenhage
Hellingkade,102,"","",2583WC,'s-Gravenhage
Hellingkade,104,"","",2583WC,'s-Gravenhage
Hellingkade,106,"","",2583WC,'s-Gravenhage
Hellingkade,108,"","",2583WC,'s-Gravenhage
Hellingkade,110,"","",2583WC,'s-Gravenhage
Hellingkade,112,"","",2583WC,'s-Gravenhage
Hellingkade,112,A,"",2583WC,'s-Gravenhage
Hellingkade,114,"","",2583WC,'s-Gravenhage
Hellingkade,116,"","",2583WC,'s-Gravenhage
Hellingkade,118,"","",2583WC,'s-Gravenhage
Hellingkade,120,"","",2583WC,'s-Gravenhage
Hellingkade,122,"","",2583WC,'s-Gravenhage
Hellingkade,124,"","",2583WC,'s-Gravenhage
Hellingkade,126,"","",2583WC,'s-Gravenhage
Hellingkade,128,"","",2583WC,'s-Gravenhage
Hellingkade,130,"","",2583WC,'s-Gravenhage
Hellingkade,132,"","",2583WC,'s-Gravenhage
Hellingkade,134,"","",2583WC,'s-Gravenhage
Hellingkade,136,"","",2583WC,'s-Gravenhage
Hellingkade,138,"","",2583WC,'s-Gravenhage
Hellingkade,140,"","",2583WC,'s-Gravenhage
Hellingkade,142,"","",2583WC,'s-Gravenhage
Hellingkade,144,"","",2583WC,'s-Gravenhage
Hellingkade,146,"","",2583WC,'s-Gravenhage
Hellingkade,148,"","",2583WC,'s-Gravenhage
Hellingkade,150,"","",2583WC,'s-Gravenhage
Hellingkade,152,"","",2583WC,'s-Gravenhage
Hellingkade,154,"","",2583WC,'s-Gravenhage
Hellingkade,156,"","",2583WC,'s-Gravenhage
Hellingkade,156,A,"",2583WC,'s-Gravenhage
Hellingkade,158,"","",2583WC,'s-Gravenhage
Hellingkade,160,"","",2583WC,'s-Gravenhage
Hellingkade,162,"","",2583WC,'s-Gravenhage
Hellingkade,164,"","",2583WC,'s-Gravenhage
Hellingkade,166,"","",2583WC,'s-Gravenhage
Hellingkade,168,"","",2583WC,'s-Gravenhage
Hellingkade,170,"","",2583WC,'s-Gravenhage
Hellingkade,172,"","",2583WC,'s-Gravenhage
Hellingkade,174,"","",2583WC,'s-Gravenhage
Hellingkade,176,"","",2583WC,'s-Gravenhage
Hellingkade,178,"","",2583WC,'s-Gravenhage
Hellingkade,180,"","",2583WC,'s-Gravenhage
Hellingkade,180,A,"",2583WC,'s-Gravenhage
Hellingkade,182,"","",2583WC,'s-Gravenhage
Hellingkade,184,"","",2583WC,'s-Gravenhage
Hellingkade,186,"","",2583WC,'s-Gravenhage
Hellingkade,188,"","",2583WC,'s-Gravenhage
Hellingkade,190,"","",2583WC,'s-Gravenhage
Hellingkade,192,"","",2583WC,'s-Gravenhage
Hellingkade,194,"","",2583WC,'s-Gravenhage
Hellingkade,196,"","",2583WC,'s-Gravenhage
Hellingkade,198,"","",2583WC,'s-Gravenhage
Hellingkade,200,"","",2583WC,'s-Gravenhage
Hellingkade,202,"","",2583WC,'s-Gravenhage
Hellingkade,204,"","",2583WC,'s-Gravenhage
Hellingkade,204,A,"",2583WC,'s-Gravenhage
Hellingkade,206,"","",2583WC,'s-Gravenhage
Hellingkade,208,"","",2583WC,'s-Gravenhage
Hellingkade,210,"","",2583WC,'s-Gravenhage
Hellingkade,212,"","",2583WC,'s-Gravenhage
Hellingkade,214,"","",2583WC,'s-Gravenhage
Hellingkade,216,"","",2583WC,'s-Gravenhage
Hellingkade,218,"","",2583WC,'s-Gravenhage
Hellingkade,220,"","",2583WC,'s-Gravenhage
Hellingkade,222,"","",2583WC,'s-Gravenhage
Hellingkade,224,"","",2583WC,'s-Gravenhage
Hellingkade,226,"","",2583WC,'s-Gravenhage
Hellingkade,228,"","",2583WC,'s-Gravenhage
Hellingkade,230,"","",2583WC,'s-Gravenhage
Hellingkade,232,"","",2583WC,'s-Gravenhage
Hellingkade,234,"","",2583WC,'s-Gravenhage
Hellingkade,236,"","",2583WC,'s-Gravenhage
Hellingkade,238,"","",2583WC,'s-Gravenhage
Hellingkade,240,"","",2583WC,'s-Gravenhage
Hellingkade,242,"","",2583WC,'s-Gravenhage
Hellingkade,244,"","",2583WC,'s-Gravenhage
Hellingkade,246,"","",2583WC,'s-Gravenhage
Hellingkade,248,"","",2583WC,'s-Gravenhage
Hellingkade,250,"","",2583WC,'s-Gravenhage
Hellingkade,256,"","",2583WC,'s-Gravenhage
Hellingkade,258,"","",2583WC,'s-Gravenhage
Hellingkade,260,"","",2583WC,'s-Gravenhage
Hellingkade,262,"","",2583WC,'s-Gravenhage
Hellingkade,264,"","",2583WC,'s-Gravenhage
Hellingkade,266,"","",2583WC,'s-Gravenhage
Hellingkade,268,"","",2583WC,'s-Gravenhage
Hellingkade,270,"","",2583WC,'s-Gravenhage
Hellingkade,272,"","",2583WC,'s-Gravenhage
Hellingkade,278,"","",2583WC,'s-Gravenhage
Hellingkade,284,"","",2583WC,'s-Gravenhage
Hellingkade,286,"","",2583WC,'s-Gravenhage
Hellingkade,288,"","",2583WC,'s-Gravenhage
Hellingkade,290,"","",2583WC,'s-Gravenhage
Hellingkade,292,"","",2583WC,'s-Gravenhage
Hellingkade,294,"","",2583WC,'s-Gravenhage
Hellingkade,296,"","",2583WC,'s-Gravenhage
Hellingkade,296,"","",2583WC,'s-Gravenhage
Hellingkade,298,"","",2583WC,'s-Gravenhage
Hellingkade,300,"","",2583WC,'s-Gravenhage
Hellingkade,300,"","",2583WC,'s-Gravenhage
Hellingkade,310,"","",2583WC,'s-Gravenhage
Hellingkade,322,"","",2583WC,'s-Gravenhage
Hellingkade,324,"","",2583WC,'s-Gravenhage
Hellingkade,326,"","",2583WC,'s-Gravenhage
Hellingkade,328,"","",2583WC,'s-Gravenhage
Hellingkade,330,"","",2583WC,'s-Gravenhage
Hellingkade,332,"","",2583WC,'s-Gravenhage
Hellingkade,334,"","",2583WC,'s-Gravenhage
Hellingkade,336,"","",2583WC,'s-Gravenhage
Hellingkade,338,"","",2583WC,'s-Gravenhage
Hellingkade,340,"","",2583WC,'s-Gravenhage
Hellingkade,342,"","",2583WC,'s-Gravenhage
Hellingkade,344,"","",2583WC,'s-Gravenhage
Hellingkade,346,"","",2583WC,'s-Gravenhage
Hellingkade,348,"","",2583WC,'s-Gravenhage
Hellingkade,350,"","",2583WC,'s-Gravenhage
Hellingkade,352,"","",2583WC,'s-Gravenhage
Hellingkade,354,"","",2583WC,'s-Gravenhage
Hellingkade,356,"","",2583WC,'s-Gravenhage
Hellingkade,358,"","",2583WC,'s-Gravenhage
Hellingkade,364,"","",2583WC,'s-Gravenhage
Hellingkade,366,"","",2583WC,'s-Gravenhage
Hellingkade,368,"","",2583WC,'s-Gravenhage
Hellingkade,370,"","",2583WC,'s-Gravenhage
Hellingkade,372,"","",2583WC,'s-Gravenhage
Hellingkade,374,"","",2583WC,'s-Gravenhage
Hellingkade,380,"","",2583WC,'s-Gravenhage
Hellingkade,382,"","",2583WC,'s-Gravenhage
Hellingkade,384,"","",2583WC,'s-Gravenhage
Hellingkade,386,"","",2583WC,'s-Gravenhage
Hellingkade,388,"","",2583WC,'s-Gravenhage
Hellingkade,390,"","",2583WC,'s-Gravenhage
Hellingkade,392,"","",2583WC,'s-Gravenhage
Hellingkade,394,"","",2583WC,'s-Gravenhage
Hellingkade,396,"","",2583WC,'s-Gravenhage
Hellingkade,404,"","",2583WC,'s-Gravenhage
Hellingkade,406,"","",2583WC,'s-Gravenhage
Hellingkade,408,"","",2583WC,'s-Gravenhage
Hellingkade,410,"","",2583WC,'s-Gravenhage
Hellingkade,412,"","",2583WC,'s-Gravenhage
Hellingkade,414,"","",2583WC,'s-Gravenhage
Hellingkade,416,"","",2583WC,'s-Gravenhage
Hellingkade,418,"","",2583WC,'s-Gravenhage
Hellingkade,420,"","",2583WC,'s-Gravenhage
Hellingkade,422,"","",2583WC,'s-Gravenhage
Hellingkade,424,"","",2583WC,'s-Gravenhage
Hellingkade,426,"","",2583WC,'s-Gravenhage
Hellingkade,428,"","",2583WC,'s-Gravenhage
Hellingkade,430,"","",2583WC,'s-Gravenhage
Hellingkade,432,"","",2583WC,'s-Gravenhage
Hellingkade,434,"","",2583WC,'s-Gravenhage
Hellingkade,436,"","",2583WC,'s-Gravenhage
Hellingkade,438,"","",2583WC,'s-Gravenhage
Hellingkade,66,"","",2583WC,'s-Gravenhage
Hellingkade,68,"","",2583WC,'s-Gravenhage
Hellingkade,70,"","",2583WC,'s-Gravenhage
Hellingkade,72,"","",2583WC,'s-Gravenhage
Hellingkade,74,"","",2583WC,'s-Gravenhage
Hellingkade,76,"","",2583WC,'s-Gravenhage
Hellingkade,78,"","",2583WC,'s-Gravenhage
Hellingkade,80,"","",2583WC,'s-Gravenhage
Hellingkade,82,"","",2583WC,'s-Gravenhage
Hellingkade,84,"","",2583WC,'s-Gravenhage
Hellingkade,86,"","",2583WC,'s-Gravenhage
Hellingkade,88,"","",2583WC,'s-Gravenhage
Hellingkade,90,"","",2583WC,'s-Gravenhage
Hellingkade,90,A,"",2583WC,'s-Gravenhage
Hellingkade,92,"","",2583WC,'s-Gravenhage
Hellingkade,94,"","",2583WC,'s-Gravenhage
Hellingkade,96,"","",2583WC,'s-Gravenhage
Hellingkade,98,"","",2583WC,'s-Gravenhage
Hellingweg,10,"","",2583WG,'s-Gravenhage
Hellingweg,10,A,"",2583WG,'s-Gravenhage
Hellingweg,10,B,"",2583WG,'s-Gravenhage
Hellingweg,10,C,"",2583WG,'s-Gravenhage
Hellingweg,12,"","",2583WG,'s-Gravenhage
Hellingweg,12,A,"",2583WG,'s-Gravenhage
Hellingweg,12,B,"",2583WG,'s-Gravenhage
Hellingweg,12,C,"",2583WG,'s-Gravenhage
Hellingweg,14,"","",2583WG,'s-Gravenhage
Hellingweg,14,A,"",2583WG,'s-Gravenhage
Hellingweg,16,"","",2583WG,'s-Gravenhage
Hellingweg,16,A,"",2583WG,'s-Gravenhage
Hellingweg,16,B,"",2583WG,'s-Gravenhage
Hellingweg,16,C,"",2583WG,'s-Gravenhage
Hellingweg,18,"","",2583WG,'s-Gravenhage
Hellingweg,18,A,"",2583WG,'s-Gravenhage
Hellingweg,18,B,"",2583WG,'s-Gravenhage
Hellingweg,18,C,"",2583WG,'s-Gravenhage
Hellingweg,20,"","",2583WG,'s-Gravenhage
Hellingweg,20,A,"",2583WG,'s-Gravenhage
Hellingweg,20,B,"",2583WG,'s-Gravenhage
Hellingweg,20,C,"",2583WG,'s-Gravenhage
Hellingweg,22,"","",2583WG,'s-Gravenhage
Hellingweg,22,A,"",2583WG,'s-Gravenhage
Hellingweg,22,B,"",2583WG,'s-Gravenhage
Hellingweg,22,C,"",2583WG,'s-Gravenhage
Hellingweg,24,"","",2583WG,'s-Gravenhage
Hellingweg,24,A,"",2583WG,'s-Gravenhage
Hellingweg,24,B,"",2583WG,'s-Gravenhage
Hellingweg,24,C,"",2583WG,'s-Gravenhage
Hellingweg,26,"","",2583WG,'s-Gravenhage
Hellingweg,26,A,"",2583WG,'s-Gravenhage
Hellingweg,26,B,"",2583WG,'s-Gravenhage
Hellingweg,26,C,"",2583WG,'s-Gravenhage
Hellingweg,28,"","",2583WG,'s-Gravenhage
Hellingweg,28,A,"",2583WG,'s-Gravenhage
Hellingweg,28,B,"",2583WG,'s-Gravenhage
Hellingweg,28,C,"",2583WG,'s-Gravenhage
Hellingweg,30,"","",2583WG,'s-Gravenhage
Hellingweg,30,A,"",2583WG,'s-Gravenhage
Hellingweg,30,B,"",2583WG,'s-Gravenhage
Hellingweg,30,C,"",2583WG,'s-Gravenhage
Hellingweg,32,"","",2583WG,'s-Gravenhage
Hellingweg,32,A,"",2583WG,'s-Gravenhage
Hellingweg,32,B,"",2583WG,'s-Gravenhage
Hellingweg,32,C,"",2583WG,'s-Gravenhage
Hellingweg,32,H,"",2583WG,'s-Gravenhage
Hellingweg,32,H,"",2583WG,'s-Gravenhage
Hellingweg,32,H,"",2583WG,'s-Gravenhage
Hellingweg,32,H,"",2583WG,'s-Gravenhage
Hellingweg,32,J,"",2583WG,'s-Gravenhage
Hellingweg,32,K,"",2583WG,'s-Gravenhage
Hellingweg,32,L,"",2583WG,'s-Gravenhage
Hellingweg,34,"","",2583WG,'s-Gravenhage
Hellingweg,34,A,"",2583WG,'s-Gravenhage
Hellingweg,36,"","",2583WG,'s-Gravenhage
Hellingweg,36,A,"",2583WG,'s-Gravenhage
Hellingweg,36,B,"",2583WG,'s-Gravenhage
Hellingweg,36,C,"",2583WG,'s-Gravenhage
Hellingweg,38,"","",2583WG,'s-Gravenhage
Hellingweg,38,A,"",2583WG,'s-Gravenhage
Hellingweg,38,B,"",2583WG,'s-Gravenhage
Hellingweg,38,C,"",2583WG,'s-Gravenhage
Hellingweg,40,"","",2583WG,'s-Gravenhage
Hellingweg,40,A,"",2583WG,'s-Gravenhage
Hellingweg,40,B,"",2583WG,'s-Gravenhage
Hellingweg,40,C,"",2583WG,'s-Gravenhage
Hellingweg,42,"","",2583WG,'s-Gravenhage
Hellingweg,42,A,"",2583WG,'s-Gravenhage
Hellingweg,6,"","",2583WG,'s-Gravenhage
Hellingweg,6,A,"",2583WG,'s-Gravenhage
Hellingweg,6,B,"",2583WG,'s-Gravenhage
Hellingweg,6,C,"",2583WG,'s-Gravenhage
Hellingweg,8,"","",2583WG,'s-Gravenhage
Hellingweg,8,A,"",2583WG,'s-Gravenhage
Hellingweg,8,B,"",2583WG,'s-Gravenhage
Hellingweg,8,C,"",2583WG,'s-Gravenhage
Hellingweg,44,"","",2583WH,'s-Gravenhage
Hellingweg,44,A,"",2583WH,'s-Gravenhage
Hellingweg,44,B,"",2583WH,'s-Gravenhage
Hellingweg,44,C,"",2583WH,'s-Gravenhage
Hellingweg,46,"","",2583WH,'s-Gravenhage
Hellingweg,46,A,"",2583WH,'s-Gravenhage
Hellingweg,46,B,"",2583WH,'s-Gravenhage
Hellingweg,46,C,"",2583WH,'s-Gravenhage
Hellingweg,48,"","",2583WH,'s-Gravenhage
Hellingweg,48,A,"",2583WH,'s-Gravenhage
Hellingweg,48,B,"",2583WH,'s-Gravenhage
Hellingweg,48,C,"",2583WH,'s-Gravenhage
Hellingweg,50,"","",2583WH,'s-Gravenhage
Hellingweg,50,A,"",2583WH,'s-Gravenhage
Hellingweg,50,B,"",2583WH,'s-Gravenhage
Hellingweg,50,C,"",2583WH,'s-Gravenhage
Hellingweg,52,"","",2583WH,'s-Gravenhage
Hellingweg,52,A,"",2583WH,'s-Gravenhage
Hellingweg,54,"","",2583WH,'s-Gravenhage
Hellingweg,54,A,"",2583WH,'s-Gravenhage
Hellingweg,54,B,"",2583WH,'s-Gravenhage
Hellingweg,54,C,"",2583WH,'s-Gravenhage
Hellingweg,56,"","",2583WH,'s-Gravenhage
Hellingweg,56,A,"",2583WH,'s-Gravenhage
Hellingweg,56,B,"",2583WH,'s-Gravenhage
Hellingweg,56,C,"",2583WH,'s-Gravenhage
Hellingweg,56,D,"",2583WH,'s-Gravenhage
Hellingweg,58,"","",2583WH,'s-Gravenhage
Hellingweg,58,A,"",2583WH,'s-Gravenhage
Hellingweg,58,B,"",2583WH,'s-Gravenhage
Hellingweg,58,C,"",2583WH,'s-Gravenhage
Hellingweg,60,"","",2583WH,'s-Gravenhage
Hellingweg,60,A,"",2583WH,'s-Gravenhage
Hellingweg,60,B,"",2583WH,'s-Gravenhage
Hellingweg,60,C,"",2583WH,'s-Gravenhage
Hellingweg,62,"","",2583WH,'s-Gravenhage
Hellingweg,62,A,"",2583WH,'s-Gravenhage
Hellingweg,62,B,"",2583WH,'s-Gravenhage
Hellingweg,62,C,"",2583WH,'s-Gravenhage
Hellingweg,64,"","",2583WH,'s-Gravenhage
Hellingweg,64,A,"",2583WH,'s-Gravenhage
Hellingweg,64,B,"",2583WH,'s-Gravenhage
Hellingweg,64,C,"",2583WH,'s-Gravenhage
Hellingweg,66,"","",2583WH,'s-Gravenhage
Hellingweg,66,A,"",2583WH,'s-Gravenhage
Hellingweg,66,B,"",2583WH,'s-Gravenhage
Hellingweg,66,C,"",2583WH,'s-Gravenhage
Hellingweg,68,"","",2583WH,'s-Gravenhage
Hellingweg,68,A,"",2583WH,'s-Gravenhage
Hellingweg,68,B,"",2583WH,'s-Gravenhage
Hellingweg,68,C,"",2583WH,'s-Gravenhage
Hellingweg,70,"","",2583WH,'s-Gravenhage
Hellingweg,70,A,"",2583WH,'s-Gravenhage
Hellingweg,72,"","",2583WH,'s-Gravenhage
Hellingweg,72,A,"",2583WH,'s-Gravenhage
Hellingweg,76,"","",2583WH,'s-Gravenhage
Hellingweg,76,A,"",2583WH,'s-Gravenhage
Hellingweg,76,B,"",2583WH,'s-Gravenhage
Hellingweg,76,C,"",2583WH,'s-Gravenhage
Hellingweg,78,"","",2583WH,'s-Gravenhage
Hellingweg,78,A,"",2583WH,'s-Gravenhage
Hellingweg,78,B,"",2583WH,'s-Gravenhage
Hellingweg,78,C,"",2583WH,'s-Gravenhage
Hellingweg,80,"","",2583WH,'s-Gravenhage
Hellingweg,80,A,"",2583WH,'s-Gravenhage
Hellingweg,80,B,"",2583WH,'s-Gravenhage
Hellingweg,80,C,"",2583WH,'s-Gravenhage
Hellingweg,82,"","",2583WH,'s-Gravenhage
Hellingweg,86,"","",2583WH,'s-Gravenhage
Hellingweg,86,A,"",2583WH,'s-Gravenhage
Hellingweg,86,B,"",2583WH,'s-Gravenhage
Hellingweg,86,C,"",2583WH,'s-Gravenhage
Hellingweg,88,"","",2583WH,'s-Gravenhage
Hellingweg,92,"","",2583WH,'s-Gravenhage
Hellingweg,92,A,"",2583WH,'s-Gravenhage
Hellingweg,92,B,"",2583WH,'s-Gravenhage
Hellingweg,92,C,"",2583WH,'s-Gravenhage
Hellingweg,94,"","",2583WH,'s-Gravenhage
Hellingweg,94,A,"",2583WH,'s-Gravenhage
Hellingweg,94,C,"",2583WH,'s-Gravenhage
Hellingweg,94,C,"",2583WH,'s-Gravenhage
Hellingweg,96,A,"",2583WH,'s-Gravenhage
Hellingweg,96,B,"",2583WH,'s-Gravenhage
Hellingweg,96,D,"",2583WH,'s-Gravenhage
Hellingweg,96,G,"",2583WH,'s-Gravenhage
Hellingweg,96,H,"",2583WH,'s-Gravenhage
Hellingweg,96,H,"",2583WH,'s-Gravenhage
Hellingweg,96,J,"",2583WH,'s-Gravenhage
Hellingweg,96,K,"",2583WH,'s-Gravenhage
Hellingweg,98,"","",2583WH,'s-Gravenhage
Hellingweg,98,A,"",2583WH,'s-Gravenhage
Hellingweg,98,B,"",2583WH,'s-Gravenhage
Hellingweg,98,C,"",2583WH,'s-Gravenhage
Hellingweg,98,D,"",2583WH,'s-Gravenhage
Hellingweg,98,E,"",2583WH,'s-Gravenhage
Hellingweg,98,F,"",2583WH,'s-Gravenhage
Hellingweg,98,G,"",2583WH,'s-Gravenhage
Hellingweg,98,H,"",2583WH,'s-Gravenhage
Hellingweg,98,J,"",2583WH,'s-Gravenhage
Hellingweg,98,K,"",2583WH,'s-Gravenhage
Hellingweg,98,L,"",2583WH,'s-Gravenhage
Hellingweg,98,M,"",2583WH,'s-Gravenhage
Hellingweg,98,Z,"",2583WH,'s-Gravenhage
Windasstraat,1,"","",2583WX,'s-Gravenhage
Windasstraat,11,"","",2583WX,'s-Gravenhage
Windasstraat,13,"","",2583WX,'s-Gravenhage
Windasstraat,15,"","",2583WX,'s-Gravenhage
Windasstraat,17,"","",2583WX,'s-Gravenhage
Windasstraat,19,"","",2583WX,'s-Gravenhage
Windasstraat,21,"","",2583WX,'s-Gravenhage
Windasstraat,25,"","",2583WX,'s-Gravenhage
Windasstraat,27,"","",2583WX,'s-Gravenhage
Windasstraat,3,"","",2583WX,'s-Gravenhage
Windasstraat,31,"","",2583WX,'s-Gravenhage
Windasstraat,33,"","",2583WX,'s-Gravenhage
Windasstraat,5,"","",2583WX,'s-Gravenhage
Windasstraat,7,"","",2583WX,'s-Gravenhage
Windasstraat,9,"","",2583WX,'s-Gravenhage
Windasstraat,35,"","",2583WZ,'s-Gravenhage
Windasstraat,37,"","",2583WZ,'s-Gravenhage
Windasstraat,39,"","",2583WZ,'s-Gravenhage
Windasstraat,43,"","",2583WZ,'s-Gravenhage
Windasstraat,45,"","",2583WZ,'s-Gravenhage
Windasstraat,49,"","",2583WZ,'s-Gravenhage
Windasstraat,51,"","",2583WZ,'s-Gravenhage
Windasstraat,53,"","",2583WZ,'s-Gravenhage
Windasstraat,55,"","",2583WZ,'s-Gravenhage
Windasstraat,57,"","",2583WZ,'s-Gravenhage
Windasstraat,59,"","",2583WZ,'s-Gravenhage
Windasstraat,61,"","",2583WZ,'s-Gravenhage
Windasstraat,63,"","",2583WZ,'s-Gravenhage
Windasstraat,65,"","",2583WZ,'s-Gravenhage
Windasstraat,67,"","",2583WZ,'s-Gravenhage
Windasstraat,10,"","",2583XA,'s-Gravenhage
Windasstraat,12,"","",2583XA,'s-Gravenhage
Windasstraat,14,"","",2583XA,'s-Gravenhage
Windasstraat,16,"","",2583XA,'s-Gravenhage
Windasstraat,18,"","",2583XA,'s-Gravenhage
Windasstraat,2,"","",2583XA,'s-Gravenhage
Windasstraat,20,"","",2583XA,'s-Gravenhage
Windasstraat,22,"","",2583XA,'s-Gravenhage
Windasstraat,4,"","",2583XA,'s-Gravenhage
Windasstraat,6,"","",2583XA,'s-Gravenhage
Windasstraat,8,"","",2583XA,'s-Gravenhage
Hoogaarsstraat,11,"","",2583XB,'s-Gravenhage
Hoogaarsstraat,13,"","",2583XB,'s-Gravenhage
Hoogaarsstraat,15,"","",2583XB,'s-Gravenhage
Hoogaarsstraat,17,"","",2583XB,'s-Gravenhage
Hoogaarsstraat,19,"","",2583XB,'s-Gravenhage
Hoogaarsstraat,19,"","",2583XB,'s-Gravenhage
Hoogaarsstraat,21,"","",2583XB,'s-Gravenhage
Hoogaarsstraat,23,"","",2583XB,'s-Gravenhage
Hoogaarsstraat,23,"","",2583XB,'s-Gravenhage
Hoogaarsstraat,25,"","",2583XB,'s-Gravenhage
Hoogaarsstraat,27,"","",2583XB,'s-Gravenhage
Hoogaarsstraat,29,"","",2583XB,'s-Gravenhage
Hoogaarsstraat,3,"","",2583XB,'s-Gravenhage
Hoogaarsstraat,31,"","",2583XB,'s-Gravenhage
Hoogaarsstraat,33,"","",2583XB,'s-Gravenhage
Hoogaarsstraat,35,"","",2583XB,'s-Gravenhage
Hoogaarsstraat,37,"","",2583XB,'s-Gravenhage
Hoogaarsstraat,39,"","",2583XB,'s-Gravenhage
Hoogaarsstraat,41,"","",2583XB,'s-Gravenhage
Hoogaarsstraat,43,"","",2583XB,'s-Gravenhage
Hoogaarsstraat,45,"","",2583XB,'s-Gravenhage
Hoogaarsstraat,5,"","",2583XB,'s-Gravenhage
Hoogaarsstraat,7,"","",2583XB,'s-Gravenhage
Hoogaarsstraat,9,"","",2583XB,'s-Gravenhage
Hoogaarsstraat,10,"","",2583XC,'s-Gravenhage
Hoogaarsstraat,12,"","",2583XC,'s-Gravenhage
Hoogaarsstraat,14,"","",2583XC,'s-Gravenhage
Hoogaarsstraat,2,"","",2583XC,'s-Gravenhage
Hoogaarsstraat,22,"","",2583XC,'s-Gravenhage
Hoogaarsstraat,24,"","",2583XC,'s-Gravenhage
Hoogaarsstraat,26,"","",2583XC,'s-Gravenhage
Hoogaarsstraat,28,"","",2583XC,'s-Gravenhage
Hoogaarsstraat,4,"","",2583XC,'s-Gravenhage
Hoogaarsstraat,6,"","",2583XC,'s-Gravenhage
Hoogaarsstraat,8,"","",2583XC,'s-Gravenhage
Hoogaarsstraat,30,"","",2583XD,'s-Gravenhage
Hoogaarsstraat,32,"","",2583XD,'s-Gravenhage
Hoogaarsstraat,34,"","",2583XD,'s-Gravenhage
Hoogaarsstraat,36,"","",2583XD,'s-Gravenhage
Hoogaarsstraat,38,"","",2583XD,'s-Gravenhage
Hoogaarsstraat,40,"","",2583XD,'s-Gravenhage
Hoogaarsstraat,42,"","",2583XD,'s-Gravenhage
Hoogaarsstraat,44,"","",2583XD,'s-Gravenhage
Hoogaarsstraat,46,"","",2583XD,'s-Gravenhage
Hoogaarsstraat,48,"","",2583XD,'s-Gravenhage
Hoogaarsstraat,50,"","",2583XD,'s-Gravenhage
Hoogaarsstraat,52,"","",2583XD,'s-Gravenhage
Hoogaarsstraat,54,"","",2583XD,'s-Gravenhage
Hoogaarsstraat,56,"","",2583XD,'s-Gravenhage
Reepstraat,1,"","",2583XE,'s-Gravenhage
Reepstraat,1,A,"",2583XE,'s-Gravenhage
Reepstraat,11,"","",2583XE,'s-Gravenhage
Reepstraat,13,"","",2583XE,'s-Gravenhage
Reepstraat,15,"","",2583XE,'s-Gravenhage
Reepstraat,17,"","",2583XE,'s-Gravenhage
Reepstraat,19,"","",2583XE,'s-Gravenhage
Reepstraat,21,"","",2583XE,'s-Gravenhage
Reepstraat,23,"","",2583XE,'s-Gravenhage
Reepstraat,25,"","",2583XE,'s-Gravenhage
Reepstraat,3,"","",2583XE,'s-Gravenhage
Reepstraat,5,"","",2583XE,'s-Gravenhage
Reepstraat,7,"","",2583XE,'s-Gravenhage
Reepstraat,9,"","",2583XE,'s-Gravenhage
Reepstraat,27,"","",2583XG,'s-Gravenhage
Reepstraat,29,"","",2583XG,'s-Gravenhage
Reepstraat,31,"","",2583XG,'s-Gravenhage
Reepstraat,33,"","",2583XG,'s-Gravenhage
Reepstraat,35,"","",2583XG,'s-Gravenhage
Reepstraat,37,"","",2583XG,'s-Gravenhage
Reepstraat,39,"","",2583XG,'s-Gravenhage
Reepstraat,41,"","",2583XG,'s-Gravenhage
Reepstraat,43,"","",2583XG,'s-Gravenhage
Reepstraat,45,"","",2583XG,'s-Gravenhage
Reepstraat,47,"","",2583XG,'s-Gravenhage
Reepstraat,49,"","",2583XG,'s-Gravenhage
Reepstraat,51,"","",2583XG,'s-Gravenhage
Reepstraat,53,"","",2583XG,'s-Gravenhage
Vuurtorenweg,1,"","",2583XL,'s-Gravenhage
Vuurtorenweg,101,"","",2583XL,'s-Gravenhage
Vuurtorenweg,103,"","",2583XL,'s-Gravenhage
Vuurtorenweg,105,"","",2583XL,'s-Gravenhage
Vuurtorenweg,107,"","",2583XL,'s-Gravenhage
Vuurtorenweg,109,"","",2583XL,'s-Gravenhage
Vuurtorenweg,11,"","",2583XL,'s-Gravenhage
Vuurtorenweg,111,"","",2583XL,'s-Gravenhage
Vuurtorenweg,113,"","",2583XL,'s-Gravenhage
Vuurtorenweg,115,"","",2583XL,'s-Gravenhage
Vuurtorenweg,117,"","",2583XL,'s-Gravenhage
Vuurtorenweg,119,"","",2583XL,'s-Gravenhage
Vuurtorenweg,121,"","",2583XL,'s-Gravenhage
Vuurtorenweg,123,"","",2583XL,'s-Gravenhage
Vuurtorenweg,125,"","",2583XL,'s-Gravenhage
Vuurtorenweg,127,"","",2583XL,'s-Gravenhage
Vuurtorenweg,129,"","",2583XL,'s-Gravenhage
Vuurtorenweg,13,"","",2583XL,'s-Gravenhage
Vuurtorenweg,131,"","",2583XL,'s-Gravenhage
Vuurtorenweg,133,"","",2583XL,'s-Gravenhage
Vuurtorenweg,135,"","",2583XL,'s-Gravenhage
Vuurtorenweg,137,"","",2583XL,'s-Gravenhage
Vuurtorenweg,139,"","",2583XL,'s-Gravenhage
Vuurtorenweg,141,"","",2583XL,'s-Gravenhage
Vuurtorenweg,143,"","",2583XL,'s-Gravenhage
Vuurtorenweg,145,"","",2583XL,'s-Gravenhage
Vuurtorenweg,147,"","",2583XL,'s-Gravenhage
Vuurtorenweg,149,"","",2583XL,'s-Gravenhage
Vuurtorenweg,15,"","",2583XL,'s-Gravenhage
Vuurtorenweg,151,"","",2583XL,'s-Gravenhage
Vuurtorenweg,153,"","",2583XL,'s-Gravenhage
Vuurtorenweg,155,"","",2583XL,'s-Gravenhage
Vuurtorenweg,157,"","",2583XL,'s-Gravenhage
Vuurtorenweg,159,"","",2583XL,'s-Gravenhage
Vuurtorenweg,161,"","",2583XL,'s-Gravenhage
Vuurtorenweg,163,"","",2583XL,'s-Gravenhage
Vuurtorenweg,165,"","",2583XL,'s-Gravenhage
Vuurtorenweg,167,"","",2583XL,'s-Gravenhage
Vuurtorenweg,169,"","",2583XL,'s-Gravenhage
Vuurtorenweg,17,"","",2583XL,'s-Gravenhage
Vuurtorenweg,171,"","",2583XL,'s-Gravenhage
Vuurtorenweg,19,"","",2583XL,'s-Gravenhage
Vuurtorenweg,21,"","",2583XL,'s-Gravenhage
Vuurtorenweg,3,"","",2583XL,'s-Gravenhage
Vuurtorenweg,35,"","",2583XL,'s-Gravenhage
Vuurtorenweg,35,"","",2583XL,'s-Gravenhage
Vuurtorenweg,37,"","",2583XL,'s-Gravenhage
Vuurtorenweg,37,"","",2583XL,'s-Gravenhage
Vuurtorenweg,39,"","",2583XL,'s-Gravenhage
Vuurtorenweg,41,"","",2583XL,'s-Gravenhage
Vuurtorenweg,43,"","",2583XL,'s-Gravenhage
Vuurtorenweg,45,"","",2583XL,'s-Gravenhage
Vuurtorenweg,47,"","",2583XL,'s-Gravenhage
Vuurtorenweg,49,"","",2583XL,'s-Gravenhage
Vuurtorenweg,5,"","",2583XL,'s-Gravenhage
Vuurtorenweg,51,"","",2583XL,'s-Gravenhage
Vuurtorenweg,53,"","",2583XL,'s-Gravenhage
Vuurtorenweg,55,"","",2583XL,'s-Gravenhage
Vuurtorenweg,57,"","",2583XL,'s-Gravenhage
Vuurtorenweg,59,"","",2583XL,'s-Gravenhage
Vuurtorenweg,61,"","",2583XL,'s-Gravenhage
Vuurtorenweg,63,"","",2583XL,'s-Gravenhage
Vuurtorenweg,65,"","",2583XL,'s-Gravenhage
Vuurtorenweg,67,"","",2583XL,'s-Gravenhage
Vuurtorenweg,69,"","",2583XL,'s-Gravenhage
Vuurtorenweg,7,"","",2583XL,'s-Gravenhage
Vuurtorenweg,71,"","",2583XL,'s-Gravenhage
Vuurtorenweg,73,"","",2583XL,'s-Gravenhage
Vuurtorenweg,75,"","",2583XL,'s-Gravenhage
Vuurtorenweg,77,"","",2583XL,'s-Gravenhage
Vuurtorenweg,79,"","",2583XL,'s-Gravenhage
Vuurtorenweg,81,"","",2583XL,'s-Gravenhage
Vuurtorenweg,83,"","",2583XL,'s-Gravenhage
Vuurtorenweg,85,"","",2583XL,'s-Gravenhage
Vuurtorenweg,87,"","",2583XL,'s-Gravenhage
Vuurtorenweg,89,"","",2583XL,'s-Gravenhage
Vuurtorenweg,9,"","",2583XL,'s-Gravenhage
Vuurtorenweg,91,"","",2583XL,'s-Gravenhage
Vuurtorenweg,93,"","",2583XL,'s-Gravenhage
Vuurtorenweg,95,"","",2583XL,'s-Gravenhage
Vuurtorenweg,97,"","",2583XL,'s-Gravenhage
Vuurtorenweg,99,"","",2583XL,'s-Gravenhage
Kompasstraat,101,"","",2583XX,'s-Gravenhage
Kompasstraat,105,"","",2583XX,'s-Gravenhage
Kompasstraat,107,"","",2583XX,'s-Gravenhage
Kompasstraat,109,"","",2583XX,'s-Gravenhage
Kompasstraat,111,"","",2583XX,'s-Gravenhage
Kompasstraat,113,"","",2583XX,'s-Gravenhage
Kompasstraat,115,"","",2583XX,'s-Gravenhage
Kompasstraat,117,"","",2583XX,'s-Gravenhage
Kompasstraat,119,"","",2583XX,'s-Gravenhage
Kompasstraat,121,"","",2583XX,'s-Gravenhage
Kompasstraat,123,"","",2583XX,'s-Gravenhage
Kompasstraat,125,"","",2583XX,'s-Gravenhage
Kompasstraat,127,"","",2583XX,'s-Gravenhage
Kompasstraat,129,"","",2583XX,'s-Gravenhage
Kompasstraat,131,"","",2583XX,'s-Gravenhage
Kompasstraat,133,"","",2583XX,'s-Gravenhage
Kompasstraat,135,"","",2583XX,'s-Gravenhage
Kompasstraat,137,"","",2583XX,'s-Gravenhage
Kompasstraat,99,"","",2583XX,'s-Gravenhage
Kompasstraat,139,"","",2583XZ,'s-Gravenhage
Kompasstraat,141,"","",2583XZ,'s-Gravenhage
Kompasstraat,143,"","",2583XZ,'s-Gravenhage
Kompasstraat,145,"","",2583XZ,'s-Gravenhage
Kompasstraat,147,"","",2583XZ,'s-Gravenhage
Kompasstraat,149,"","",2583XZ,'s-Gravenhage
Kompasstraat,151,"","",2583XZ,'s-Gravenhage
Kompasstraat,153,"","",2583XZ,'s-Gravenhage
Kompasstraat,155,"","",2583XZ,'s-Gravenhage
Kompasstraat,157,"","",2583XZ,'s-Gravenhage
Kompasstraat,159,"","",2583XZ,'s-Gravenhage
Kompasstraat,161,"","",2583XZ,'s-Gravenhage
Kompasstraat,163,"","",2583XZ,'s-Gravenhage
Kompasstraat,165,"","",2583XZ,'s-Gravenhage
Kompasstraat,167,"","",2583XZ,'s-Gravenhage
Kompasstraat,169,"","",2583XZ,'s-Gravenhage
Kompasstraat,171,"","",2583XZ,'s-Gravenhage
Kompasstraat,173,"","",2583XZ,'s-Gravenhage
Kompasstraat,175,"","",2583XZ,'s-Gravenhage
Kompasstraat,177,"","",2583XZ,'s-Gravenhage
Strandweg,1,"","",2586JK,'s-Gravenhage
Strandweg,1,"","",2586JK,'s-Gravenhage
Strandweg,11,"","",2586JK,'s-Gravenhage
Strandweg,11,C,"",2586JK,'s-Gravenhage
Strandweg,11,F,"",2586JK,'s-Gravenhage
Strandweg,13,"","",2586JK,'s-Gravenhage
Strandweg,13,F,"",2586JK,'s-Gravenhage
Strandweg,13,F,"",2586JK,'s-Gravenhage
Strandweg,13,F,"",2586JK,'s-Gravenhage
Strandweg,13,G,"",2586JK,'s-Gravenhage
Strandweg,13,G,"",2586JK,'s-Gravenhage
Strandweg,13,H,"",2586JK,'s-Gravenhage
Strandweg,13,H,"",2586JK,'s-Gravenhage
Strandweg,13,J,"",2586JK,'s-Gravenhage
Strandweg,13,J,"",2586JK,'s-Gravenhage
Strandweg,13,K,"",2586JK,'s-Gravenhage
Strandweg,13,K,"",2586JK,'s-Gravenhage
Strandweg,13,L,"",2586JK,'s-Gravenhage
Strandweg,15,"","",2586JK,'s-Gravenhage
Strandweg,15,A,"",2586JK,'s-Gravenhage
Strandweg,17,"","",2586JK,'s-Gravenhage
Strandweg,17,A,"",2586JK,'s-Gravenhage
Strandweg,19,"","",2586JK,'s-Gravenhage
Strandweg,19,A,"",2586JK,'s-Gravenhage
Strandweg,21,"","",2586JK,'s-Gravenhage
Strandweg,21,"","",2586JK,'s-Gravenhage
Strandweg,27,"","",2586JK,'s-Gravenhage
Strandweg,27,"","",2586JK,'s-Gravenhage
Strandweg,29,"","",2586JK,'s-Gravenhage
Strandweg,29,"","",2586JK,'s-Gravenhage
Strandweg,29,A,"",2586JK,'s-Gravenhage
Strandweg,3,"","",2586JK,'s-Gravenhage
Strandweg,3,"","",2586JK,'s-Gravenhage
Strandweg,3,"","",2586JK,'s-Gravenhage
Strandweg,3,"",11,2586JK,'s-Gravenhage
Strandweg,3,A,"",2586JK,'s-Gravenhage
Strandweg,3,B,"",2586JK,'s-Gravenhage
Strandweg,3,C,"",2586JK,'s-Gravenhage
Strandweg,3,D,"",2586JK,'s-Gravenhage
Strandweg,3,E,"",2586JK,'s-Gravenhage
Strandweg,3,F,"",2586JK,'s-Gravenhage
Strandweg,3,G,"",2586JK,'s-Gravenhage
Strandweg,3,H,"",2586JK,'s-Gravenhage
Strandweg,3,J,"",2586JK,'s-Gravenhage
Strandweg,3,J,1,2586JK,'s-Gravenhage
Strandweg,3,K,"",2586JK,'s-Gravenhage
Strandweg,3,K,"",2586JK,'s-Gravenhage
Strandweg,3,L,"",2586JK,'s-Gravenhage
Strandweg,3,R,"",2586JK,'s-Gravenhage
Strandweg,3,S,"",2586JK,'s-Gravenhage
Strandweg,3,T,"",2586JK,'s-Gravenhage
Strandweg,5,"","",2586JK,'s-Gravenhage
Strandweg,9,"","",2586JK,'s-Gravenhage
Strandweg,9,Q,"",2586JK,'s-Gravenhage
Strandweg,9,Q,"",2586JK,'s-Gravenhage
Strandweg,9,Q,"",2586JK,'s-Gravenhage
Strandweg,9,Q,"",2586JK,'s-Gravenhage
Strandweg,9,R,"",2586JK,'s-Gravenhage
Strandweg,9,R,"",2586JK,'s-Gravenhage
Strandweg,9,R,"",2586JK,'s-Gravenhage
Strandweg,9,R,"",2586JK,'s-Gravenhage
Strandweg,9,S,"",2586JK,'s-Gravenhage
Strandweg,9,S,"",2586JK,'s-Gravenhage
Strandweg,9,S,"",2586JK,'s-Gravenhage
Strandweg,9,S,"",2586JK,'s-Gravenhage
Strandweg,9,T,"",2586JK,'s-Gravenhage
Strandweg,9,T,"",2586JK,'s-Gravenhage
Strandweg,9,T,"",2586JK,'s-Gravenhage
Strandweg,9,T,"",2586JK,'s-Gravenhage
Erik Hazelhoff Roelfzemaduin,11,"","",2586JT,'s-Gravenhage
Erik Hazelhoff Roelfzemaduin,13,"","",2586JT,'s-Gravenhage
Erik Hazelhoff Roelfzemaduin,15,"","",2586JT,'s-Gravenhage
Erik Hazelhoff Roelfzemaduin,17,"","",2586JT,'s-Gravenhage
Erik Hazelhoff Roelfzemaduin,19,"","",2586JT,'s-Gravenhage
Erik Hazelhoff Roelfzemaduin,21,"","",2586JT,'s-Gravenhage
Erik Hazelhoff Roelfzemaduin,25,"","",2586JT,'s-Gravenhage
Erik Hazelhoff Roelfzemaduin,27,"","",2586JT,'s-Gravenhage
Erik Hazelhoff Roelfzemaduin,29,"","",2586JT,'s-Gravenhage
Erik Hazelhoff Roelfzemaduin,31,"","",2586JT,'s-Gravenhage
Erik Hazelhoff Roelfzemaduin,5,"","",2586JT,'s-Gravenhage
Erik Hazelhoff Roelfzemaduin,7,"","",2586JT,'s-Gravenhage
Erik Hazelhoff Roelfzemaduin,9,"","",2586JT,'s-Gravenhage
Strandweg,10,"","",2586JW,'s-Gravenhage
Strandweg,126,"","",2586JW,'s-Gravenhage
Strandweg,128,"","",2586JW,'s-Gravenhage
Strandweg,132,"","",2586JW,'s-Gravenhage
Strandweg,140,"","",2586JW,'s-Gravenhage
Strandweg,150,"","",2586JW,'s-Gravenhage
Strandweg,151,"","",2586JW,'s-Gravenhage
Strandweg,152,"","",2586JW,'s-Gravenhage
Strandweg,153,"","",2586JW,'s-Gravenhage
Strandweg,154,"","",2586JW,'s-Gravenhage
Strandweg,154,A,"",2586JW,'s-Gravenhage
Strandweg,155,"","",2586JW,'s-Gravenhage
Strandweg,155,"","",2586JW,'s-Gravenhage
Strandweg,155,"","",2586JW,'s-Gravenhage
Strandweg,156,"","",2586JW,'s-Gravenhage
Strandweg,156,"","",2586JW,'s-Gravenhage
Strandweg,157,"","",2586JW,'s-Gravenhage
Strandweg,157,"","",2586JW,'s-Gravenhage
Strandweg,158,"","",2586JW,'s-Gravenhage
Strandweg,158,"","",2586JW,'s-Gravenhage
Strandweg,159,"","",2586JW,'s-Gravenhage
Strandweg,159,"","",2586JW,'s-Gravenhage
Strandweg,164,"","",2586JW,'s-Gravenhage
Strandweg,164,"","",2586JW,'s-Gravenhage
Strandweg,170,"","",2586JW,'s-Gravenhage
Strandweg,174,"","",2586JW,'s-Gravenhage
Strandweg,180,"","",2586JW,'s-Gravenhage
Strandweg,4,"","",2586JW,'s-Gravenhage
Strandweg,70,"","",2586JW,'s-Gravenhage
Strandweg,72,"","",2586JW,'s-Gravenhage
Strandweg,80,"","",2586JW,'s-Gravenhage
Strandweg,82,"","",2586JW,'s-Gravenhage
Zeekant,10,"","",2586NA,'s-Gravenhage
Zeekant,11,"","",2586NA,'s-Gravenhage
Zeekant,12,"","",2586NA,'s-Gravenhage
Zeekant,12,"","",2586NA,'s-Gravenhage
Zeekant,12,"","",2586NA,'s-Gravenhage
Zeekant,12,A,"",2586NA,'s-Gravenhage
Zeekant,12,A,"",2586NA,'s-Gravenhage
Zeekant,13,"","",2586NA,'s-Gravenhage
Zeekant,13,A,"",2586NA,'s-Gravenhage
Zeekant,13,B,"",2586NA,'s-Gravenhage
Zeekant,14,"","",2586NA,'s-Gravenhage
Zeekant,14,A,"",2586NA,'s-Gravenhage
Zeekant,14,B,"",2586NA,'s-Gravenhage
Zeekant,15,"","",2586NA,'s-Gravenhage
Zeekant,15,A,"",2586NA,'s-Gravenhage
Zeekant,15,B,"",2586NA,'s-Gravenhage
Zeekant,16,"","",2586NA,'s-Gravenhage
Zeekant,16,A,"",2586NA,'s-Gravenhage
Zeekant,16,B,"",2586NA,'s-Gravenhage
Zeekant,17,"","",2586NA,'s-Gravenhage
Zeekant,17,A,"",2586NA,'s-Gravenhage
Zeekant,17,B,"",2586NA,'s-Gravenhage
Zeekant,6,"","",2586NA,'s-Gravenhage
Zeekant,7,"","",2586NA,'s-Gravenhage
Zeekant,8,"","",2586NA,'s-Gravenhage
Strand Noord,1,"","",2586ZZ,'s-Gravenhage
Strand Noord,1,"","",2586ZZ,'s-Gravenhage
Strand Noord,1,N,"",2586ZZ,'s-Gravenhage
Strand Noord,11,"","",2586ZZ,'s-Gravenhage
Strand Noord,11,"","",2586ZZ,'s-Gravenhage
Strand Noord,12,"","",2586ZZ,'s-Gravenhage
Strand Noord,12,"","",2586ZZ,'s-Gravenhage
Strand Noord,15,"","",2586ZZ,'s-Gravenhage
Strand Noord,15,"","",2586ZZ,'s-Gravenhage
Strand Noord,16,"","",2586ZZ,'s-Gravenhage
Strand Noord,16,"","",2586ZZ,'s-Gravenhage
Strand Noord,17,"","",2586ZZ,'s-Gravenhage
Strand Noord,17,"","",2586ZZ,'s-Gravenhage
Strand Noord,18,"","",2586ZZ,'s-Gravenhage
Strand Noord,18,"","",2586ZZ,'s-Gravenhage
Strand Noord,19,"","",2586ZZ,'s-Gravenhage
Strand Noord,19,"","",2586ZZ,'s-Gravenhage
Strand Noord,2,"","",2586ZZ,'s-Gravenhage
Strand Noord,2,"","",2586ZZ,'s-Gravenhage
Strand Noord,2,A,"",2586ZZ,'s-Gravenhage
Strand Noord,2,B,"",2586ZZ,'s-Gravenhage
Strand Noord,2,N,"",2586ZZ,'s-Gravenhage
Strand Noord,20,"","",2586ZZ,'s-Gravenhage
Strand Noord,20,"","",2586ZZ,'s-Gravenhage
Strand Noord,21,"","",2586ZZ,'s-Gravenhage
Strand Noord,21,"","",2586ZZ,'s-Gravenhage
Strand Noord,22,"","",2586ZZ,'s-Gravenhage
Strand Noord,22,"","",2586ZZ,'s-Gravenhage
Strand Noord,23,"","",2586ZZ,'s-Gravenhage
Strand Noord,23,"","",2586ZZ,'s-Gravenhage
Strand Noord,24,"","",2586ZZ,'s-Gravenhage
Strand Noord,24,"","",2586ZZ,'s-Gravenhage
Strand Noord,25,"","",2586ZZ,'s-Gravenhage
Strand Noord,25,"","",2586ZZ,'s-Gravenhage
Strand Noord,26,"","",2586ZZ,'s-Gravenhage
Strand Noord,26,"","",2586ZZ,'s-Gravenhage
Strand Noord,27,"","",2586ZZ,'s-Gravenhage
Strand Noord,27,"","",2586ZZ,'s-Gravenhage
Strand Noord,28,"","",2586ZZ,'s-Gravenhage
Strand Noord,28,"","",2586ZZ,'s-Gravenhage
Strand Noord,29,"","",2586ZZ,'s-Gravenhage
Strand Noord,3,"","",2586ZZ,'s-Gravenhage
Strand Noord,3,"","",2586ZZ,'s-Gravenhage
Strand Noord,3,A,"",2586ZZ,'s-Gravenhage
Strand Noord,3,A,"",2586ZZ,'s-Gravenhage
Strand Noord,3,B,"",2586ZZ,'s-Gravenhage
Strand Noord,3,B,"",2586ZZ,'s-Gravenhage
Strand Noord,3,N,"",2586ZZ,'s-Gravenhage
Strand Noord,30,"","",2586ZZ,'s-Gravenhage
Strand Noord,31,"","",2586ZZ,'s-Gravenhage
Strand Noord,32,"","",2586ZZ,'s-Gravenhage
Strand Noord,33,"","",2586ZZ,'s-Gravenhage
Strand Noord,34,"","",2586ZZ,'s-Gravenhage
Strand Noord,35,"","",2586ZZ,'s-Gravenhage
Strand Noord,35,A,"",2586ZZ,'s-Gravenhage
Strand Noord,36,"","",2586ZZ,'s-Gravenhage
Strand Noord,37,"","",2586ZZ,'s-Gravenhage
Strand Noord,38,"","",2586ZZ,'s-Gravenhage
Strand Noord,39,"","",2586ZZ,'s-Gravenhage
Strand Noord,40,"","",2586ZZ,'s-Gravenhage
Strand Noord,41,"","",2586ZZ,'s-Gravenhage
Strand Noord,42,"","",2586ZZ,'s-Gravenhage
Strand Noord,43,"","",2586ZZ,'s-Gravenhage
Strand Noord,44,"","",2586ZZ,'s-Gravenhage
Strand Noord,45,"","",2586ZZ,'s-Gravenhage
Strand Noord,48,"","",2586ZZ,'s-Gravenhage
Strand Noord,49,"","",2586ZZ,'s-Gravenhage
Strand Noord,50,"","",2586ZZ,'s-Gravenhage
Strand Noord,51,"","",2586ZZ,'s-Gravenhage
Strand Noord,52,"","",2586ZZ,'s-Gravenhage
Strand Noord,53,"","",2586ZZ,'s-Gravenhage
Strand Noord,53,A,"",2586ZZ,'s-Gravenhage
Strand Noord,53,A,"",2586ZZ,'s-Gravenhage
Strand Noord,54,"","",2586ZZ,'s-Gravenhage
Strand Noord,55,"","",2586ZZ,'s-Gravenhage
Strand Noord,56,"","",2586ZZ,'s-Gravenhage
Strand Noord,57,A,"",2586ZZ,'s-Gravenhage
Strand Noord,57,B,"",2586ZZ,'s-Gravenhage
Strand Noord,57,C,"",2586ZZ,'s-Gravenhage
Strand Noord,58,"","",2586ZZ,'s-Gravenhage
Strand Noord,59,"","",2586ZZ,'s-Gravenhage
Strand Noord,6,"","",2586ZZ,'s-Gravenhage
Strand Noord,6,"","",2586ZZ,'s-Gravenhage
Strand Noord,60,"","",2586ZZ,'s-Gravenhage
Strand Noord,61,"","",2586ZZ,'s-Gravenhage
Strand Noord,63,"","",2586ZZ,'s-Gravenhage
Strand Noord,64,"","",2586ZZ,'s-Gravenhage
Strand Noord,65,"","",2586ZZ,'s-Gravenhage
Strand Noord,66,"","",2586ZZ,'s-Gravenhage
Strand Noord,67,"","",2586ZZ,'s-Gravenhage
Strand Noord,68,"","",2586ZZ,'s-Gravenhage
Strand Noord,7,"","",2586ZZ,'s-Gravenhage
Strand Noord,7,"","",2586ZZ,'s-Gravenhage
Strand Noord,9,"","",2586ZZ,'s-Gravenhage
Strand Noord,9,"","",2586ZZ,'s-Gravenhage
