straat,huisnummer,huisletter,toevoeging,postcode,plaats
Stationsplein,1,"","",2312AJ,Leiden
Stationsplein,1,A,"",2312AJ,Leiden
Stationsplein,1,B,"",2312AJ,Leiden
Stationsplein,1,C,"",2312AJ,Leiden
Stationsplein,107,"","",2312AJ,Leiden
Stationsplein,11,"","",2312AJ,Leiden
Stationsplein,13,"","",2312AJ,Leiden
Stationsplein,21,"","",2312AJ,Leiden
Stationsplein,25,"","",2312AJ,Leiden
Stationsplein,3,"","",2312AJ,Leiden
Stationsplein,3,A,"",2312AJ,Leiden
Stationsplein,3,B,"",2312AJ,Leiden
Stationsplein,3,B,"",2312AJ,Leiden
Stationsplein,3,C,"",2312AJ,Leiden
Stationsplein,3,C,"",2312AJ,Leiden
Stationsplein,3,D,"",2312AJ,Leiden
Stationsplein,3,D,"",2312AJ,Leiden
Stationsplein,3,E,"",2312AJ,Leiden
Stationsplein,3,E,"",2312AJ,Leiden
Stationsplein,3,F,"",2312AJ,Leiden
Stationsplein,3,G,"",2312AJ,Leiden
Stationsplein,3,G,"",2312AJ,Leiden
Stationsplein,3,G,"",2312AJ,Leiden
Stationsplein,3,H,"",2312AJ,Leiden
Stationsplein,3,S,"",2312AJ,Leiden
Stationsplein,3,X,"",2312AJ,Leiden
Stationsplein,3,Z,"",2312AJ,Leiden
Stationsplein,5,"","",2312AJ,Leiden
Stationsplein,5,B,"",2312AJ,Leiden
Stationsplein,5,C,"",2312AJ,Leiden
Stationsplein,5,D,"",2312AJ,Leiden
Stationsplein,5,E,"",2312AJ,Leiden
Stationsplein,5,F,"",2312AJ,Leiden
Stationsplein,5,G,"",2312AJ,Leiden
Stationsplein,5,H,"",2312AJ,Leiden
Stationsplein,5,K,"",2312AJ,Leiden
Stationsplein,5,M,"",2312AJ,Leiden
Stationsplein,5,N,"",2312AJ,Leiden
Stationsplein,5,P,"",2312AJ,Leiden
Stationsplein,10,"","",2312AK,Leiden
Stationsplein,12,A,1,2312AK,Leiden
Stationsplein,12,A,2,2312AK,Leiden
Stationsplein,12,A,3,2312AK,Leiden
Stationsplein,12,A,4,2312AK,Leiden
Stationsplein,12,A,5,2312AK,Leiden
Stationsplein,12,A,6,2312AK,Leiden
Stationsplein,12,A,7,2312AK,Leiden
Stationsplein,12,A,8,2312AK,Leiden
Stationsplein,14,"","",2312AK,Leiden
Stationsplein,16,A,1,2312AK,Leiden
Stationsplein,16,A,2,2312AK,Leiden
Stationsplein,16,A,3,2312AK,Leiden
Stationsplein,16,A,4,2312AK,Leiden
Stationsplein,16,A,5,2312AK,Leiden
Stationsplein,16,A,6,2312AK,Leiden
Stationsplein,16,A,7,2312AK,Leiden
Stationsplein,16,A,8,2312AK,Leiden
Stationsplein,18,"","",2312AK,Leiden
Stationsplein,2,"","",2312AK,Leiden
Stationsplein,2,A,"",2312AK,Leiden
Stationsplein,2,B,"",2312AK,Leiden
Stationsplein,2,C,"",2312AK,Leiden
Stationsplein,2,D,"",2312AK,Leiden
Stationsplein,2,E,"",2312AK,Leiden
Stationsplein,2,F,"",2312AK,Leiden
Stationsplein,2,G,"",2312AK,Leiden
Stationsplein,2,H,"",2312AK,Leiden
Stationsplein,2,K,"",2312AK,Leiden
Stationsplein,2,L,"",2312AK,Leiden
Stationsplein,2,M,"",2312AK,Leiden
Stationsplein,2,N,"",2312AK,Leiden
Stationsplein,2,P,"",2312AK,Leiden
Stationsplein,20,A,1,2312AK,Leiden
Stationsplein,20,A,2,2312AK,Leiden
Stationsplein,20,A,3,2312AK,Leiden
Stationsplein,20,A,4,2312AK,Leiden
Stationsplein,20,A,5,2312AK,Leiden
Stationsplein,20,A,6,2312AK,Leiden
Stationsplein,20,A,7,2312AK,Leiden
Stationsplein,20,A,8,2312AK,Leiden
Stationsplein,20,B,1,2312AK,Leiden
Stationsplein,20,B,2,2312AK,Leiden
Stationsplein,20,B,3,2312AK,Leiden
Stationsplein,20,B,4,2312AK,Leiden
Stationsplein,20,B,5,2312AK,Leiden
Stationsplein,20,B,6,2312AK,Leiden
Stationsplein,20,B,7,2312AK,Leiden
Stationsplein,20,B,8,2312AK,Leiden
Stationsplein,20,B,9,2312AK,Leiden
Stationsplein,20,C,1,2312AK,Leiden
Stationsplein,20,C,2,2312AK,Leiden
Stationsplein,20,C,3,2312AK,Leiden
Stationsplein,20,C,4,2312AK,Leiden
Stationsplein,20,C,5,2312AK,Leiden
Stationsplein,20,C,6,2312AK,Leiden
Stationsplein,20,D,1,2312AK,Leiden
Stationsplein,20,D,2,2312AK,Leiden
Stationsplein,20,D,3,2312AK,Leiden
Stationsplein,20,D,4,2312AK,Leiden
Stationsplein,20,D,5,2312AK,Leiden
Stationsplein,20,D,6,2312AK,Leiden
Stationsplein,20,E,1,2312AK,Leiden
Stationsplein,20,E,2,2312AK,Leiden
Stationsplein,20,E,3,2312AK,Leiden
Stationsplein,20,E,4,2312AK,Leiden
Stationsplein,20,E,5,2312AK,Leiden
Stationsplein,20,E,6,2312AK,Leiden
Stationsplein,20,F,1,2312AK,Leiden
Stationsplein,20,F,2,2312AK,Leiden
Stationsplein,20,F,3,2312AK,Leiden
Stationsplein,20,F,4,2312AK,Leiden
Stationsplein,20,F,5,2312AK,Leiden
Stationsplein,20,F,6,2312AK,Leiden
Stationsplein,20,G,1,2312AK,Leiden
Stationsplein,20,G,2,2312AK,Leiden
Stationsplein,20,G,3,2312AK,Leiden
Stationsplein,20,G,4,2312AK,Leiden
Stationsplein,20,G,5,2312AK,Leiden
Stationsplein,20,G,6,2312AK,Leiden
Stationsplein,20,H,1,2312AK,Leiden
Stationsplein,20,H,2,2312AK,Leiden
Stationsplein,20,H,3,2312AK,Leiden
Stationsplein,20,H,4,2312AK,Leiden
Stationsplein,20,H,5,2312AK,Leiden
Stationsplein,20,H,6,2312AK,Leiden
Stationsplein,20,K,1,2312AK,Leiden
Stationsplein,20,K,2,2312AK,Leiden
Stationsplein,20,K,3,2312AK,Leiden
Stationsplein,20,K,4,2312AK,Leiden
Stationsplein,20,K,5,2312AK,Leiden
Stationsplein,20,K,6,2312AK,Leiden
Stationsplein,20,L,1,2312AK,Leiden
Stationsplein,20,L,2,2312AK,Leiden
Stationsplein,20,L,3,2312AK,Leiden
Stationsplein,20,L,4,2312AK,Leiden
Stationsplein,20,L,5,2312AK,Leiden
Stationsplein,20,L,6,2312AK,Leiden
Stationsplein,20,M,1,2312AK,Leiden
Stationsplein,20,M,2,2312AK,Leiden
Stationsplein,20,M,3,2312AK,Leiden
Stationsplein,20,M,4,2312AK,Leiden
Stationsplein,20,M,5,2312AK,Leiden
Stationsplein,20,M,6,2312AK,Leiden
Stationsplein,20,M,6,2312AK,Leiden
Stationsplein,20,M,7,2312AK,Leiden
Stationsplein,20,M,8,2312AK,Leiden
Stationsplein,20,M,9,2312AK,Leiden
Stationsplein,24,"","",2312AK,Leiden
Stationsplein,24,"","",2312AK,Leiden
Stationsplein,26,"","",2312AK,Leiden
Stationsplein,28,"","",2312AK,Leiden
Stationsplein,30,"","",2312AK,Leiden
Stationsplein,32,"","",2312AK,Leiden
Stationsplein,34,"","",2312AK,Leiden
Stationsplein,36,"","",2312AK,Leiden
Stationsplein,38,"","",2312AK,Leiden
Stationsplein,4,"","",2312AK,Leiden
Stationsplein,40,"","",2312AK,Leiden
Stationsplein,42,"","",2312AK,Leiden
Stationsplein,44,"","",2312AK,Leiden
Stationsplein,46,"","",2312AK,Leiden
Stationsplein,48,"","",2312AK,Leiden
Stationsplein,50,"","",2312AK,Leiden
Stationsplein,8,"","",2312AK,Leiden
Stationsplein,8,"","",2312AK,Leiden
Stationsplein,8,A,"",2312AK,Leiden
Stationsplein,8,B,"",2312AK,Leiden
Stationsplein,8,C,"",2312AK,Leiden
Stationsplein,52,"","",2312AL,Leiden
Stationsplein,54,"","",2312AL,Leiden
Stationsplein,56,"","",2312AL,Leiden
Stationsplein,58,"","",2312AL,Leiden
Stationsplein,60,"","",2312AL,Leiden
Stationsplein,62,"","",2312AL,Leiden
Stationsplein,64,"","",2312AL,Leiden
Stationsplein,66,"","",2312AL,Leiden
Stationsplein,68,"","",2312AL,Leiden
Stationsplein,70,"","",2312AL,Leiden
Stationsplein,72,"","",2312AL,Leiden
Stationsplein,74,"","",2312AL,Leiden
Stationsplein,76,"","",2312AL,Leiden
Stationsplein,78,"","",2312AL,Leiden
Stationsplein,80,"","",2312AL,Leiden
Stationsplein,82,"","",2312AL,Leiden
Stationsplein,84,"","",2312AL,Leiden
Stationsplein,86,"","",2312AL,Leiden
Stationsplein,88,"","",2312AL,Leiden
Stationsplein,100,"","",2312AM,Leiden
Stationsplein,102,"","",2312AM,Leiden
Stationsplein,104,"","",2312AM,Leiden
Stationsplein,106,"","",2312AM,Leiden
Stationsplein,108,"","",2312AM,Leiden
Stationsplein,110,"","",2312AM,Leiden
Stationsplein,112,"","",2312AM,Leiden
Stationsplein,114,"","",2312AM,Leiden
Stationsplein,116,"","",2312AM,Leiden
Stationsplein,118,"","",2312AM,Leiden
Stationsplein,120,"","",2312AM,Leiden
Stationsplein,122,"","",2312AM,Leiden
Stationsplein,124,"","",2312AM,Leiden
Stationsplein,126,"","",2312AM,Leiden
Stationsplein,128,"","",2312AM,Leiden
Stationsplein,90,"","",2312AM,Leiden
Stationsplein,92,"","",2312AM,Leiden
Stationsplein,94,"","",2312AM,Leiden
Stationsplein,96,"","",2312AM,Leiden
Stationsplein,98,"","",2312AM,Leiden
Stationsplein,130,"","",2312AN,Leiden
Stationsplein,132,"","",2312AN,Leiden
Stationsplein,134,"","",2312AN,Leiden
Stationsplein,136,"","",2312AN,Leiden
Stationsplein,138,"","",2312AN,Leiden
Stationsplein,140,"","",2312AN,Leiden
Stationsplein,142,"","",2312AN,Leiden
Stationsplein,144,"","",2312AN,Leiden
Stationsplein,146,"","",2312AN,Leiden
Stationsplein,148,"","",2312AN,Leiden
Stationsplein,150,"","",2312AN,Leiden
Stationsplein,152,"","",2312AN,Leiden
Stationsplein,154,"","",2312AN,Leiden
Stationsplein,156,"","",2312AN,Leiden
Stationsplein,158,"","",2312AN,Leiden
Stationsplein,160,"","",2312AN,Leiden
Stationsplein,162,"","",2312AN,Leiden
Stationsplein,164,"","",2312AN,Leiden
Stationsplein,166,"","",2312AN,Leiden
Rijndijk,292,"","",2312AN,Leiden
Rijndijk,294,"","",2312AN,Leiden
Rijndijk,296,"","",2312AN,Leiden
Rijndijk,298,"","",2312AN,Leiden
Rijndijk,300,"","",2312AN,Leiden
Rijndijk,302,"","",2312AN,Leiden
Rijndijk,304,"","",2312AN,Leiden
Rijndijk,306,"","",2312AN,Leiden
Rijndijk,308,"","",2312AN,Leiden
Rijndijk,310,"","",2312AN,Leiden
Rijndijk,312,"","",2312AN,Leiden
Rijndijk,314,"","",2312AN,Leiden
Rijndijk,316,"","",2312AN,Leiden
Rijndijk,318,"","",2312AN,Leiden
Rijndijk,320,"","",2312AN,Leiden
Rijndijk,322,"","",2312AN,Leiden
Rijndijk,324,"","",2312AN,Leiden
Rijndijk,326,"","",2312AN,Leiden
Rijndijk,328,"","",2312AN,Leiden
Rijndijk,330,"","",2312AN,Leiden
Rijndijk,332,"","",2312AN,Leiden
Rijndijk,334,"","",2312AN,Leiden
Rijndijk,336,"","",2312AN,Leiden
Rijndijk,338,"","",2312AN,Leiden
Rijndijk,340,"","",2312AN,Leiden
Rijndijk,342,"","",2312AN,Leiden
Rijndijk,344,"","",2312AN,Leiden
Rijndijk,348,"","",2312AN,Leiden
Rijndijk,350,"","",2312AN,Leiden
Rijndijk,352,"","",2312AN,Leiden
Rijndijk,354,"","",2312AN,Leiden
Stationsplein,168,"","",2312AP,Leiden
Stationsplein,170,"","",2312AP,Leiden
Stationsplein,172,"","",2312AP,Leiden
Stationsplein,174,"","",2312AP,Leiden
Stationsplein,176,"","",2312AP,Leiden
Stationsplein,178,"","",2312AP,Leiden
Stationsplein,180,"","",2312AP,Leiden
Stationsplein,182,"","",2312AP,Leiden
Stationsplein,184,"","",2312AP,Leiden
Stationsplein,186,"","",2312AP,Leiden
Stationsplein,188,"","",2312AP,Leiden
Stationsplein,190,"","",2312AP,Leiden
Stationsplein,192,"","",2312AP,Leiden
Stationsplein,194,"","",2312AP,Leiden
Stationsplein,196,"","",2312AP,Leiden
Stationsplein,198,"","",2312AP,Leiden
Stationsplein,200,"","",2312AP,Leiden
Stationsplein,202,"","",2312AP,Leiden
Stationsplein,204,"","",2312AP,Leiden
Stationsplein,206,"","",2312AP,Leiden
Haverzakgang,101,"","",2312AR,Leiden
Haverzakgang,103,"","",2312AR,Leiden
Haverzakgang,105,"","",2312AR,Leiden
Haverzakgang,107,"","",2312AR,Leiden
Haverzakgang,109,"","",2312AR,Leiden
Haverzakgang,11,"","",2312AR,Leiden
Haverzakgang,111,"","",2312AR,Leiden
Haverzakgang,113,"","",2312AR,Leiden
Haverzakgang,115,"","",2312AR,Leiden
Haverzakgang,117,"","",2312AR,Leiden
Haverzakgang,119,"","",2312AR,Leiden
Hoge Rijndijk,12,A,"",2312AR,Zoeterwoude
Haverzakgang,121,"","",2312AR,Leiden
Haverzakgang,123,"","",2312AR,Leiden
Haverzakgang,125,"","",2312AR,Leiden
Haverzakgang,127,"","",2312AR,Leiden
Haverzakgang,129,"","",2312AR,Leiden
Haverzakgang,13,"","",2312AR,Leiden
Haverzakgang,131,"","",2312AR,Leiden
Haverzakgang,133,"","",2312AR,Leiden
Haverzakgang,135,"","",2312AR,Leiden
Haverzakgang,137,"","",2312AR,Leiden
Haverzakgang,139,"","",2312AR,Leiden
Haverzakgang,141,"","",2312AR,Leiden
Haverzakgang,143,"","",2312AR,Leiden
Haverzakgang,145,"","",2312AR,Leiden
Haverzakgang,147,"","",2312AR,Leiden
Haverzakgang,149,"","",2312AR,Leiden
Haverzakgang,15,"","",2312AR,Leiden
Haverzakgang,151,"","",2312AR,Leiden
Haverzakgang,153,"","",2312AR,Leiden
Haverzakgang,155,"","",2312AR,Leiden
Haverzakgang,157,"","",2312AR,Leiden
Haverzakgang,159,"","",2312AR,Leiden
Haverzakgang,161,"","",2312AR,Leiden
Haverzakgang,163,"","",2312AR,Leiden
Haverzakgang,165,"","",2312AR,Leiden
Haverzakgang,167,"","",2312AR,Leiden
Haverzakgang,169,"","",2312AR,Leiden
Haverzakgang,17,"","",2312AR,Leiden
Haverzakgang,171,"","",2312AR,Leiden
Haverzakgang,173,"","",2312AR,Leiden
Haverzakgang,175,"","",2312AR,Leiden
Haverzakgang,177,"","",2312AR,Leiden
Haverzakgang,179,"","",2312AR,Leiden
Haverzakgang,181,"","",2312AR,Leiden
Haverzakgang,183,"","",2312AR,Leiden
Haverzakgang,185,"","",2312AR,Leiden
Haverzakgang,187,"","",2312AR,Leiden
Haverzakgang,189,"","",2312AR,Leiden
Haverzakgang,19,"","",2312AR,Leiden
Haverzakgang,191,"","",2312AR,Leiden
Haverzakgang,193,"","",2312AR,Leiden
Haverzakgang,197,"","",2312AR,Leiden
Haverzakgang,21,"","",2312AR,Leiden
Stationsplein,210,"","",2312AR,Leiden
Stationsplein,212,"","",2312AR,Leiden
Stationsplein,214,"","",2312AR,Leiden
Stationsplein,216,"","",2312AR,Leiden
Stationsplein,218,"","",2312AR,Leiden
Stationsplein,218,"","",2312AR,Leiden
Stationsplein,220,"","",2312AR,Leiden
Stationsplein,220,"","",2312AR,Leiden
Stationsplein,222,"","",2312AR,Leiden
Stationsplein,224,"","",2312AR,Leiden
Stationsplein,226,"","",2312AR,Leiden
Stationsplein,228,"","",2312AR,Leiden
Haverzakgang,23,"","",2312AR,Leiden
Stationsplein,230,"","",2312AR,Leiden
Stationsplein,232,"","",2312AR,Leiden
Stationsplein,234,"","",2312AR,Leiden
Stationsplein,236,"","",2312AR,Leiden
Stationsplein,238,"","",2312AR,Leiden
Stationsplein,240,"","",2312AR,Leiden
Stationsplein,240,"","",2312AR,Leiden
Stationsplein,242,"","",2312AR,Leiden
Haverzakgang,25,"","",2312AR,Leiden
Haverzakgang,27,"","",2312AR,Leiden
Haverzakgang,29,"","",2312AR,Leiden
Haverzakgang,3,"","",2312AR,Leiden
Haverzakgang,31,"","",2312AR,Leiden
Haverzakgang,33,"","",2312AR,Leiden
Haverzakgang,35,"","",2312AR,Leiden
Haverzakgang,37,"","",2312AR,Leiden
Haverzakgang,39,"","",2312AR,Leiden
Haverzakgang,41,"","",2312AR,Leiden
Haverzakgang,43,"","",2312AR,Leiden
Haverzakgang,45,"","",2312AR,Leiden
Haverzakgang,47,"","",2312AR,Leiden
Haverzakgang,49,"","",2312AR,Leiden
Haverzakgang,5,"","",2312AR,Leiden
Haverzakgang,51,"","",2312AR,Leiden
Haverzakgang,53,"","",2312AR,Leiden
Haverzakgang,55,"","",2312AR,Leiden
Haverzakgang,57,"","",2312AR,Leiden
Haverzakgang,59,"","",2312AR,Leiden
Haverzakgang,61,"","",2312AR,Leiden
Haverzakgang,63,"","",2312AR,Leiden
Haverzakgang,65,"","",2312AR,Leiden
Haverzakgang,67,"","",2312AR,Leiden
Haverzakgang,69,"","",2312AR,Leiden
Haverzakgang,7,"","",2312AR,Leiden
Haverzakgang,71,"","",2312AR,Leiden
Haverzakgang,73,"","",2312AR,Leiden
Haverzakgang,75,"","",2312AR,Leiden
Haverzakgang,77,"","",2312AR,Leiden
Haverzakgang,79,"","",2312AR,Leiden
Haverzakgang,81,"","",2312AR,Leiden
Haverzakgang,83,"","",2312AR,Leiden
Haverzakgang,85,"","",2312AR,Leiden
Haverzakgang,87,"","",2312AR,Leiden
Haverzakgang,89,"","",2312AR,Leiden
Haverzakgang,9,"","",2312AR,Leiden
Haverzakgang,91,"","",2312AR,Leiden
Haverzakgang,93,"","",2312AR,Leiden
Haverzakgang,95,"","",2312AR,Leiden
Haverzakgang,97,"","",2312AR,Leiden
Haverzakgang,99,"","",2312AR,Leiden
Stationsweg,1,"","",2312AS,Leiden
Stationsweg,1,"","",2312AS,Leiden
Stationsweg,11,"","",2312AS,Leiden
Stationsweg,11,"","",2312AS,Leiden
Stationsweg,15,"","",2312AS,Leiden
Pieter Huibertsgang,16,"","",2312AS,Leiden
Stationsweg,17,"","",2312AS,Leiden
Stationsweg,19,"","",2312AS,Leiden
Stationsweg,19,A,"",2312AS,Leiden
Stationsweg,21,"","",2312AS,Leiden
Stationsweg,21,A,"",2312AS,Leiden
Stationsweg,23,"","",2312AS,Leiden
Stationsweg,23,"","",2312AS,Leiden
Stationsweg,23,A,"",2312AS,Leiden
Stationsweg,23,B,"",2312AS,Leiden
Stationsweg,23,C,"",2312AS,Leiden
Stationsweg,25,"","",2312AS,Leiden
Stationsweg,3,"","",2312AS,Leiden
Stationsweg,3,A,"",2312AS,Leiden
Stationsweg,5,"","",2312AS,Leiden
Stationsweg,5,A,"",2312AS,Leiden
Stationsweg,5,B,"",2312AS,Leiden
Stationsweg,5,C,"",2312AS,Leiden
Stationsweg,5,D,"",2312AS,Leiden
Stationsweg,7,"","",2312AS,Leiden
Stationsweg,7,"","",2312AS,Leiden
Stationsweg,9,"","",2312AS,Leiden
Stationsweg,9,"","",2312AS,Leiden
Stationsweg,27,"","",2312AT,Leiden
Stationsweg,27,"","",2312AT,Leiden
Stationsweg,27,A,"",2312AT,Leiden
Stationsweg,27,B,"",2312AT,Leiden
Stationsweg,27,C,"",2312AT,Leiden
Stationsweg,29,"","",2312AT,Leiden
Stationsweg,29,A,"",2312AT,Leiden
Stationsweg,31,"","",2312AT,Leiden
Stationsweg,31,"","",2312AT,Leiden
Stationsweg,31,"","",2312AT,Leiden
Stationsweg,31,"","",2312AT,Leiden
Stationsweg,31,"","",2312AT,Leiden
Stationsweg,31,A,"",2312AT,Leiden
Stationsweg,31,A,"",2312AT,Leiden
Stationsweg,33,"","",2312AT,Leiden
Stationsweg,33,"","",2312AT,Leiden
Stationsweg,33,"","",2312AT,Leiden
Stationsweg,37,"","",2312AT,Leiden
Stationsweg,37,"","",2312AT,Leiden
Stationsweg,37,"","",2312AT,Leiden
Stationsweg,39,"","",2312AT,Leiden
Stationsweg,39,"","",2312AT,Leiden
Stationsweg,39,"","",2312AT,Leiden
Stationsweg,41,"","",2312AT,Leiden
Stationsweg,41,"","",2312AT,Leiden
Stationsweg,41,"","",2312AT,Leiden
Stationsweg,41,T,"",2312AT,Leiden
Stationsweg,43,"","",2312AT,Leiden
Stationsweg,43,"","",2312AT,Leiden
Pieter Huibertsgang,1,T,"",2312AV,Leiden
Stationsweg,10,"","",2312AV,Leiden
Stationsweg,12,"","",2312AV,Leiden
Stationsweg,14,"","",2312AV,Leiden
Stationsweg,16,"","",2312AV,Leiden
Stationsweg,16,"","",2312AV,Leiden
Stationsweg,16,A,"",2312AV,Leiden
Stationsweg,18,"","",2312AV,Leiden
Stationsweg,2,"","",2312AV,Leiden
Stationsweg,2,A,"",2312AV,Leiden
Stationsweg,2,D,"",2312AV,Leiden
Stationsweg,20,"","",2312AV,Leiden
Stationsweg,20,A,"",2312AV,Leiden
Stationsweg,22,"","",2312AV,Leiden
Stationsweg,24,"","",2312AV,Leiden
Stationsweg,24,"","",2312AV,Leiden
Stationsweg,24,"","",2312AV,Leiden
Stationsweg,24,A,"",2312AV,Leiden
Stationsweg,24,A,"",2312AV,Leiden
Stationsweg,26,"","",2312AV,Leiden
Stationsweg,28,"","",2312AV,Leiden
Stationsweg,30,"","",2312AV,Leiden
Stationsweg,32,"","",2312AV,Leiden
Stationsweg,34,"","",2312AV,Leiden
Stationsweg,34,"","",2312AV,Leiden
Stationsweg,36,"","",2312AV,Leiden
Stationsweg,36,"","",2312AV,Leiden
Stationsweg,38,"","",2312AV,Leiden
Stationsweg,38,"","",2312AV,Leiden
Stationsweg,4,"","",2312AV,Leiden
Stationsweg,40,"","",2312AV,Leiden
Stationsweg,40,"","",2312AV,Leiden
Stationsweg,42,"","",2312AV,Leiden
Stationsweg,44,"","",2312AV,Leiden
Stationsweg,44,"","",2312AV,Leiden
Stationsweg,46,"","",2312AV,Leiden
Stationsweg,6,"","",2312AV,Leiden
Stationsweg,8,"","",2312AV,Leiden
Paviljoenshof,1,"","",2312AW,Leiden
Paviljoenshof,10,"","",2312AW,Leiden
Paviljoenshof,11,"","",2312AW,Leiden
Paviljoenshof,12,"","",2312AW,Leiden
Paviljoenshof,13,"","",2312AW,Leiden
Paviljoenshof,14,"","",2312AW,Leiden
Paviljoenshof,15,"","",2312AW,Leiden
Paviljoenshof,16,"","",2312AW,Leiden
Paviljoenshof,17,"","",2312AW,Leiden
Paviljoenshof,18,"","",2312AW,Leiden
Paviljoenshof,19,"","",2312AW,Leiden
Paviljoenshof,2,"","",2312AW,Leiden
Paviljoenshof,20,"","",2312AW,Leiden
Paviljoenshof,3,"","",2312AW,Leiden
Paviljoenshof,4,"","",2312AW,Leiden
Paviljoenshof,5,"","",2312AW,Leiden
Paviljoenshof,6,"","",2312AW,Leiden
Paviljoenshof,7,"","",2312AW,Leiden
Paviljoenshof,8,"","",2312AW,Leiden
Paviljoenshof,9,"","",2312AW,Leiden
Paviljoenshof,21,"","",2312AX,Leiden
Paviljoenshof,22,"","",2312AX,Leiden
Paviljoenshof,23,"","",2312AX,Leiden
Paviljoenshof,24,"","",2312AX,Leiden
Paviljoenshof,25,"","",2312AX,Leiden
Paviljoenshof,26,"","",2312AX,Leiden
Paviljoenshof,27,"","",2312AX,Leiden
Paviljoenshof,28,"","",2312AX,Leiden
Paviljoenshof,29,"","",2312AX,Leiden
Paviljoenshof,30,"","",2312AX,Leiden
Paviljoenshof,31,"","",2312AX,Leiden
Paviljoenshof,32,"","",2312AX,Leiden
Paviljoenshof,33,"","",2312AX,Leiden
Morssingel,11,"","",2312AZ,Leiden
Morssingel,11,"","",2312AZ,Leiden
Morssingel,13,"","",2312AZ,Leiden
Morssingel,15,"","",2312AZ,Leiden
Morssingel,15,A,"",2312AZ,Leiden
Morssingel,17,"","",2312AZ,Leiden
Morssingel,17,A,"",2312AZ,Leiden
Morssingel,19,"","",2312AZ,Leiden
Morssingel,21,"","",2312AZ,Leiden
Morssingel,23,"","",2312AZ,Leiden
Morssingel,25,"","",2312AZ,Leiden
Morssingel,27,"","",2312AZ,Leiden
Morssingel,29,"","",2312AZ,Leiden
Morssingel,3,"","",2312AZ,Leiden
Morssingel,300,"","",2312AZ,Leiden
Morssingel,302,"","",2312AZ,Leiden
Morssingel,304,"","",2312AZ,Leiden
Morssingel,306,"","",2312AZ,Leiden
Morssingel,31,"","",2312AZ,Leiden
Morssingel,33,"","",2312AZ,Leiden
Morssingel,35,"","",2312AZ,Leiden
Morssingel,35,A,"",2312AZ,Leiden
Morssingel,37,"","",2312AZ,Leiden
Morssingel,37,A,"",2312AZ,Leiden
Morssingel,39,"","",2312AZ,Leiden
Morssingel,39,A,"",2312AZ,Leiden
Morssingel,41,"","",2312AZ,Leiden
Morssingel,41,A,"",2312AZ,Leiden
Morssingel,43,"","",2312AZ,Leiden
Morssingel,43,A,"",2312AZ,Leiden
Morssingel,45,"","",2312AZ,Leiden
Morssingel,45,A,"",2312AZ,Leiden
Morssingel,47,"","",2312AZ,Leiden
Morssingel,47,A,"",2312AZ,Leiden
Morssingel,49,"","",2312AZ,Leiden
Morssingel,5,"","",2312AZ,Leiden
Morssingel,7,"","",2312AZ,Leiden
Morssingel,9,"","",2312AZ,Leiden
Morssingelterrein,100,"","",2312BL,Leiden
Morssingelterrein,110,"","",2312BL,Leiden
Morssingelterrein,20,"","",2312BL,Leiden
Morsstraat,37,"","",2312BL,Leiden
Morsstraat,39,"","",2312BL,Leiden
Morsstraat,39,A,"",2312BL,Leiden
Morssingelterrein,40,"","",2312BL,Leiden
Morsstraat,41,"","",2312BL,Leiden
Morsstraat,41,"","",2312BL,Leiden
Morsstraat,43,"","",2312BL,Leiden
Morsstraat,43,"","",2312BL,Leiden
Morsstraat,43,A,"",2312BL,Leiden
Morsstraat,45,"","",2312BL,Leiden
Morsstraat,45,"","",2312BL,Leiden
Morsstraat,45,A,"",2312BL,Leiden
Morsstraat,47,"","",2312BL,Leiden
Morsstraat,47,"","",2312BL,Leiden
Morsstraat,47,A,"",2312BL,Leiden
Morsstraat,49,"","",2312BL,Leiden
Morsstraat,49,A,"",2312BL,Leiden
Morsstraat,51,"","",2312BL,Leiden
Morsstraat,51,A,"",2312BL,Leiden
Morsstraat,53,"","",2312BL,Leiden
Morsstraat,53,"","",2312BL,Leiden
Morsstraat,55,"","",2312BL,Leiden
Morsstraat,55,"","",2312BL,Leiden
Morsstraat,55,A,"",2312BL,Leiden
Morsstraat,55,A,"",2312BL,Leiden
Morssingelterrein,80,"","",2312BL,Leiden
Morssingelterrein,90,"","",2312BL,Leiden
Vliegerstraat,10,"","",2312CN,Leiden
Vliegerstraat,100,"","",2312CN,Leiden
Vliegerstraat,102,"","",2312CN,Leiden
Vliegerstraat,104,"","",2312CN,Leiden
Vliegerstraat,106,"","",2312CN,Leiden
Vliegerstraat,108,"","",2312CN,Leiden
Vliegerstraat,110,"","",2312CN,Leiden
Vliegerstraat,112,"","",2312CN,Leiden
Vliegerstraat,114,"","",2312CN,Leiden
Vliegerstraat,12,"","",2312CN,Leiden
Vliegerstraat,14,"","",2312CN,Leiden
Vliegerstraat,16,"","",2312CN,Leiden
Vliegerstraat,18,"","",2312CN,Leiden
Vliegerstraat,2,"","",2312CN,Leiden
Vliegerstraat,20,"","",2312CN,Leiden
Vliegerstraat,22,"","",2312CN,Leiden
Vliegerstraat,24,"","",2312CN,Leiden
Vliegerstraat,26,"","",2312CN,Leiden
Vliegerstraat,28,"","",2312CN,Leiden
Vliegerstraat,30,"","",2312CN,Leiden
Vliegerstraat,32,"","",2312CN,Leiden
Vliegerstraat,34,"","",2312CN,Leiden
Vliegerstraat,36,"","",2312CN,Leiden
Vliegerstraat,38,"","",2312CN,Leiden
Vliegerstraat,4,"","",2312CN,Leiden
Vliegerstraat,40,"","",2312CN,Leiden
Vliegerstraat,42,"","",2312CN,Leiden
Vliegerstraat,44,"","",2312CN,Leiden
Vliegerstraat,46,"","",2312CN,Leiden
Vliegerstraat,48,"","",2312CN,Leiden
Vliegerstraat,50,"","",2312CN,Leiden
Vliegerstraat,52,"","",2312CN,Leiden
Vliegerstraat,54,"","",2312CN,Leiden
Vliegerstraat,56,"","",2312CN,Leiden
Vliegerstraat,58,"","",2312CN,Leiden
Vliegerstraat,6,"","",2312CN,Leiden
Vliegerstraat,60,"","",2312CN,Leiden
Vliegerstraat,62,"","",2312CN,Leiden
Vliegerstraat,64,"","",2312CN,Leiden
Vliegerstraat,66,"","",2312CN,Leiden
Vliegerstraat,68,"","",2312CN,Leiden
Vliegerstraat,70,"","",2312CN,Leiden
Vliegerstraat,72,"","",2312CN,Leiden
Vliegerstraat,74,"","",2312CN,Leiden
Vliegerstraat,76,"","",2312CN,Leiden
Vliegerstraat,78,"","",2312CN,Leiden
Vliegerstraat,8,"","",2312CN,Leiden
Vliegerstraat,80,"","",2312CN,Leiden
Vliegerstraat,82,"","",2312CN,Leiden
Vliegerstraat,84,"","",2312CN,Leiden
Vliegerstraat,86,"","",2312CN,Leiden
Vliegerstraat,88,"","",2312CN,Leiden
Vliegerstraat,90,"","",2312CN,Leiden
Vliegerstraat,92,"","",2312CN,Leiden
Vliegerstraat,94,"","",2312CN,Leiden
Vliegerstraat,96,"","",2312CN,Leiden
Vliegerstraat,98,"","",2312CN,Leiden
Morssingel,51,"","",2312ES,Leiden
Morssingel,53,"","",2312ES,Leiden
Morssingel,55,"","",2312ES,Leiden
Morssingel,57,"","",2312ES,Leiden
Morssingel,59,"","",2312ES,Leiden
Morssingel,61,"","",2312ES,Leiden
Morssingel,63,"","",2312ES,Leiden
Morssingel,65,"","",2312ES,Leiden
Morssingel,67,"","",2312ES,Leiden
Morssingel,69,"","",2312ES,Leiden
Morssingel,71,"","",2312ES,Leiden
Morssingel,73,"","",2312ES,Leiden
Morssingel,75,"","",2312ES,Leiden
Morssingel,75,"","",2312ES,Leiden
Morssingel,77,"","",2312ES,Leiden
Morssingel,79,"","",2312ES,Leiden
Morssingel,101,"","",2312ET,Leiden
Morssingel,103,"","",2312ET,Leiden
Morssingel,105,"","",2312ET,Leiden
Morssingel,107,"","",2312ET,Leiden
Morssingel,109,"","",2312ET,Leiden
Morssingel,111,"","",2312ET,Leiden
Morssingel,113,"","",2312ET,Leiden
Morssingel,115,"","",2312ET,Leiden
Morssingel,117,"","",2312ET,Leiden
Morssingel,81,"","",2312ET,Leiden
Morssingel,83,"","",2312ET,Leiden
Morssingel,85,"","",2312ET,Leiden
Morssingel,87,"","",2312ET,Leiden
Morssingel,89,"","",2312ET,Leiden
Morssingel,91,"","",2312ET,Leiden
Morssingel,93,"","",2312ET,Leiden
Morssingel,95,"","",2312ET,Leiden
Morssingel,97,"","",2312ET,Leiden
Morssingel,99,"","",2312ET,Leiden
Morssingel,119,"","",2312EV,Leiden
Morssingel,121,"","",2312EV,Leiden
Morssingel,123,"","",2312EV,Leiden
Morssingel,125,"","",2312EV,Leiden
Morssingel,127,"","",2312EV,Leiden
Morssingel,129,"","",2312EV,Leiden
Morssingel,131,"","",2312EV,Leiden
Morssingel,133,"","",2312EV,Leiden
Morssingel,135,"","",2312EV,Leiden
Morssingel,137,"","",2312EV,Leiden
Morssingel,139,"","",2312EV,Leiden
Morssingel,141,"","",2312EV,Leiden
Morssingel,143,"","",2312EV,Leiden
Morssingel,145,"","",2312EV,Leiden
Morssingel,147,"","",2312EV,Leiden
Morssingel,149,"","",2312EW,Leiden
Morssingel,151,"","",2312EW,Leiden
Morssingel,153,"","",2312EW,Leiden
Morssingel,155,"","",2312EW,Leiden
Morssingel,157,"","",2312EW,Leiden
Morssingel,159,"","",2312EW,Leiden
Morssingel,161,"","",2312EW,Leiden
Morssingel,163,"","",2312EW,Leiden
Morssingel,165,"","",2312EW,Leiden
Morssingel,167,"","",2312EW,Leiden
Morssingel,169,"","",2312EW,Leiden
Morssingel,171,"","",2312EW,Leiden
Morssingel,173,"","",2312EW,Leiden
Morssingel,175,"","",2312EW,Leiden
Morssingel,177,"","",2312EW,Leiden
Morssingel,179,"","",2312EW,Leiden
Morssingel,181,"","",2312EW,Leiden
Morssingel,183,"","",2312EW,Leiden
Morssingel,185,"","",2312EW,Leiden
Morssingel,187,"","",2312EW,Leiden
Morssingel,189,"","",2312EW,Leiden
Morssingel,191,"","",2312EW,Leiden
Morssingel,193,"","",2312EW,Leiden
Morssingel,193,A,"",2312EW,Leiden
Morssingel,195,"","",2312EX,Leiden
Morssingel,197,"","",2312EX,Leiden
Morssingel,199,"","",2312EX,Leiden
Morssingel,201,"","",2312EX,Leiden
Morssingel,203,"","",2312EX,Leiden
Morssingel,205,"","",2312EX,Leiden
Morssingel,207,"","",2312EX,Leiden
Morssingel,209,"","",2312EX,Leiden
Morssingel,211,"","",2312EX,Leiden
Morssingel,213,"","",2312EX,Leiden
Morssingel,215,"","",2312EX,Leiden
Morssingel,217,"","",2312EX,Leiden
Morssingel,219,"","",2312EX,Leiden
Morssingel,221,"","",2312EX,Leiden
Morssingel,223,"","",2312EX,Leiden
Morssingel,225,"","",2312EX,Leiden
Morssingel,227,"","",2312EX,Leiden
Morssingel,229,"","",2312EX,Leiden
Morssingel,231,"","",2312EX,Leiden
Morssingel,233,"","",2312EX,Leiden
Morssingel,235,"","",2312EX,Leiden
Morssingel,237,"","",2312EX,Leiden
Morssingel,239,"","",2312EX,Leiden
Morssingel,241,"","",2312EX,Leiden
Morssingel,243,"","",2312EX,Leiden
Morssingel,245,"","",2312EZ,Leiden
Morssingel,247,"","",2312EZ,Leiden
Morssingel,249,"","",2312EZ,Leiden
Morssingel,251,"","",2312EZ,Leiden
Morssingel,253,"","",2312EZ,Leiden
Morssingel,255,"","",2312EZ,Leiden
Morssingel,257,"","",2312EZ,Leiden
Morssingel,259,"","",2312EZ,Leiden
Morssingel,261,"","",2312EZ,Leiden
Morssingel,263,"","",2312EZ,Leiden
Morssingel,265,"","",2312EZ,Leiden
Morssingel,267,"","",2312EZ,Leiden
Morssingel,269,"","",2312EZ,Leiden
Morssingel,271,"","",2312EZ,Leiden
Morssingel,273,"","",2312EZ,Leiden
Morssingel,275,"","",2312EZ,Leiden
Morssingel,277,"","",2312EZ,Leiden
Morssingel,279,"","",2312EZ,Leiden
Morssingel,281,"","",2312EZ,Leiden
Morssingel,283,"","",2312EZ,Leiden
Morssingel,285,"","",2312EZ,Leiden
Morssingel,287,"","",2312EZ,Leiden
Morssingel,289,"","",2312EZ,Leiden
Ballonstraat,10,"","",2312LJ,Leiden
Ballonstraat,101,"","",2312LJ,Leiden
Ballonstraat,103,"","",2312LJ,Leiden
Ballonstraat,105,"","",2312LJ,Leiden
Ballonstraat,107,"","",2312LJ,Leiden
Ballonstraat,109,"","",2312LJ,Leiden
Ballonstraat,11,"","",2312LJ,Leiden
Ballonstraat,111,"","",2312LJ,Leiden
Ballonstraat,113,"","",2312LJ,Leiden
Ballonstraat,115,"","",2312LJ,Leiden
Ballonstraat,117,"","",2312LJ,Leiden
Ballonstraat,119,"","",2312LJ,Leiden
Ballonstraat,12,"","",2312LJ,Leiden
Ballonstraat,121,"","",2312LJ,Leiden
Ballonstraat,123,"","",2312LJ,Leiden
Ballonstraat,125,"","",2312LJ,Leiden
Ballonstraat,127,"","",2312LJ,Leiden
Ballonstraat,129,"","",2312LJ,Leiden
Ballonstraat,13,"","",2312LJ,Leiden
Ballonstraat,131,"","",2312LJ,Leiden
Ballonstraat,133,"","",2312LJ,Leiden
Ballonstraat,135,"","",2312LJ,Leiden
Ballonstraat,137,"","",2312LJ,Leiden
Ballonstraat,139,"","",2312LJ,Leiden
Ballonstraat,14,"","",2312LJ,Leiden
Ballonstraat,141,"","",2312LJ,Leiden
Ballonstraat,143,"","",2312LJ,Leiden
Ballonstraat,145,"","",2312LJ,Leiden
Ballonstraat,147,"","",2312LJ,Leiden
Ballonstraat,149,"","",2312LJ,Leiden
Ballonstraat,15,"","",2312LJ,Leiden
Ballonstraat,151,"","",2312LJ,Leiden
Ballonstraat,153,"","",2312LJ,Leiden
Ballonstraat,155,"","",2312LJ,Leiden
Ballonstraat,157,"","",2312LJ,Leiden
Ballonstraat,157,"","",2312LJ,Leiden
Ballonstraat,157,"","",2312LJ,Leiden
Ballonstraat,159,"","",2312LJ,Leiden
Ballonstraat,159,"","",2312LJ,Leiden
Ballonstraat,159,G,"",2312LJ,Leiden
Ballonstraat,16,"","",2312LJ,Leiden
Ballonstraat,161,"","",2312LJ,Leiden
Ballonstraat,163,"","",2312LJ,Leiden
Ballonstraat,17,"","",2312LJ,Leiden
Ballonstraat,18,"","",2312LJ,Leiden
Ballonstraat,19,"","",2312LJ,Leiden
Ballonstraat,20,"","",2312LJ,Leiden
Ballonstraat,21,"","",2312LJ,Leiden
Ballonstraat,22,"","",2312LJ,Leiden
Ballonstraat,23,"","",2312LJ,Leiden
Ballonstraat,24,"","",2312LJ,Leiden
Ballonstraat,25,"","",2312LJ,Leiden
Ballonstraat,26,"","",2312LJ,Leiden
Ballonstraat,27,"","",2312LJ,Leiden
Ballonstraat,28,"","",2312LJ,Leiden
Ballonstraat,29,"","",2312LJ,Leiden
Ballonstraat,30,"","",2312LJ,Leiden
Ballonstraat,31,"","",2312LJ,Leiden
Ballonstraat,32,"","",2312LJ,Leiden
Ballonstraat,33,"","",2312LJ,Leiden
Ballonstraat,34,"","",2312LJ,Leiden
Ballonstraat,35,"","",2312LJ,Leiden
Ballonstraat,36,"","",2312LJ,Leiden
Ballonstraat,37,"","",2312LJ,Leiden
Ballonstraat,38,"","",2312LJ,Leiden
Ballonstraat,39,"","",2312LJ,Leiden
Ballonstraat,40,"","",2312LJ,Leiden
Ballonstraat,41,"","",2312LJ,Leiden
Ballonstraat,42,"","",2312LJ,Leiden
Ballonstraat,43,"","",2312LJ,Leiden
Ballonstraat,44,"","",2312LJ,Leiden
Ballonstraat,45,"","",2312LJ,Leiden
Ballonstraat,46,"","",2312LJ,Leiden
Ballonstraat,47,"","",2312LJ,Leiden
Ballonstraat,48,"","",2312LJ,Leiden
Ballonstraat,49,"","",2312LJ,Leiden
Ballonstraat,5,"","",2312LJ,Leiden
Ballonstraat,50,"","",2312LJ,Leiden
Ballonstraat,51,"","",2312LJ,Leiden
Ballonstraat,52,"","",2312LJ,Leiden
Ballonstraat,53,"","",2312LJ,Leiden
Ballonstraat,55,"","",2312LJ,Leiden
Ballonstraat,57,"","",2312LJ,Leiden
Ballonstraat,59,"","",2312LJ,Leiden
Ballonstraat,6,"","",2312LJ,Leiden
Ballonstraat,61,"","",2312LJ,Leiden
Ballonstraat,63,"","",2312LJ,Leiden
Ballonstraat,65,"","",2312LJ,Leiden
Ballonstraat,67,"","",2312LJ,Leiden
Ballonstraat,69,"","",2312LJ,Leiden
Ballonstraat,7,"","",2312LJ,Leiden
Ballonstraat,71,"","",2312LJ,Leiden
Ballonstraat,73,"","",2312LJ,Leiden
Ballonstraat,75,"","",2312LJ,Leiden
Ballonstraat,77,"","",2312LJ,Leiden
Ballonstraat,79,"","",2312LJ,Leiden
Ballonstraat,8,"","",2312LJ,Leiden
Ballonstraat,81,"","",2312LJ,Leiden
Ballonstraat,83,"","",2312LJ,Leiden
Ballonstraat,85,"","",2312LJ,Leiden
Ballonstraat,87,"","",2312LJ,Leiden
Ballonstraat,89,"","",2312LJ,Leiden
Ballonstraat,9,"","",2312LJ,Leiden
Ballonstraat,91,"","",2312LJ,Leiden
Ballonstraat,93,"","",2312LJ,Leiden
Ballonstraat,95,"","",2312LJ,Leiden
Ballonstraat,97,"","",2312LJ,Leiden
Ballonstraat,99,"","",2312LJ,Leiden
Rijnsburgersingel,1,"","",2312NA,Leiden
Rijnsburgersingel,1,A,"",2312NA,Leiden
Rijnsburgersingel,1,A,"",2312NA,Leiden
Rijnsburgersingel,1,B,"",2312NA,Leiden
Rijnsburgersingel,1,B,"",2312NA,Leiden
Rijnsburgersingel,1,B,"",2312NA,Leiden
Rijnsburgersingel,1,B,"",2312NA,Leiden
Rijnsburgersingel,1,C,"",2312NA,Leiden
Rijnsburgersingel,1,C,"",2312NA,Leiden
Rijnsburgersingel,1,C,"",2312NA,Leiden
Rijnsburgersingel,1,C,"",2312NA,Leiden
Rijnsburgersingel,1,D,"",2312NA,Leiden
Rijnsburgersingel,1,D,"",2312NA,Leiden
Rijnsburgersingel,1,E,"",2312NA,Leiden
Rijnsburgersingel,1,E,"",2312NA,Leiden
Rijnsburgersingel,1,E,"",2312NA,Leiden
Rijnsburgersingel,1,F,"",2312NA,Leiden
Rijnsburgersingel,10,"","",2312NA,Leiden
Rijnsburgersingel,11,"","",2312NA,Leiden
Rijnsburgersingel,2,"","",2312NA,Leiden
Rijnsburgersingel,2,A,"",2312NA,Leiden
Rijnsburgersingel,3,"","",2312NA,Leiden
Rijnsburgersingel,4,"","",2312NA,Leiden
Rijnsburgersingel,5,"","",2312NA,Leiden
Rijnsburgersingel,6,"","",2312NA,Leiden
Rijnsburgersingel,7,"","",2312NA,Leiden
Rijnsburgersingel,8,"","",2312NA,Leiden
Rijnsburgersingel,9,"","",2312NA,Leiden
Rijnsburgersingel,12,"","",2312NB,Leiden
Rijnsburgersingel,13,"","",2312NB,Leiden
Rijnsburgersingel,14,"","",2312NB,Leiden
Rijnsburgersingel,15,"","",2312NB,Leiden
Rijnsburgersingel,16,"","",2312NB,Leiden
Rijnsburgersingel,17,"","",2312NB,Leiden
Rijnsburgersingel,18,"","",2312NB,Leiden
Rijnsburgersingel,19,"","",2312NB,Leiden
Rijnsburgersingel,20,"","",2312NB,Leiden
Rijnsburgersingel,21,"","",2312NB,Leiden
Rijnsburgersingel,22,"","",2312NB,Leiden
Rijnsburgersingel,23,"","",2312NB,Leiden
Rijnsburgersingel,24,"","",2312NB,Leiden
Rijnsburgersingel,25,"","",2312NB,Leiden
Rijnsburgersingel,26,"","",2312NB,Leiden
Rijnsburgersingel,27,"","",2312NB,Leiden
Rijnsburgersingel,28,"","",2312NB,Leiden
Rijnsburgersingel,29,"","",2312NB,Leiden
Rijnsburgersingel,30,"","",2312NB,Leiden
Rijnsburgersingel,31,"","",2312NB,Leiden
Rijnsburgersingel,32,"","",2312NB,Leiden
Rijnsburgersingel,33,"","",2312NB,Leiden
Rijnsburgersingel,34,"","",2312NB,Leiden
Rijnsburgersingel,35,"","",2312NB,Leiden
Rijnsburgersingel,36,"","",2312NB,Leiden
Rijnsburgersingel,37,"","",2312NB,Leiden
Rijnsburgersingel,38,"","",2312NB,Leiden
Rijnsburgersingel,39,"","",2312NB,Leiden
Rijnsburgersingel,40,"","",2312NB,Leiden
Rijnsburgersingel,41,"","",2312NB,Leiden
Ballonpad,1,"","",2312NC,Leiden
Ballonpad,2,"","",2312NC,Leiden
Ballonpad,3,"","",2312NC,Leiden
Rijnsburgersingel,42,"","",2312NC,Leiden
Rijnsburgersingel,43,"","",2312NC,Leiden
Rijnsburgersingel,44,"","",2312NC,Leiden
Rijnsburgersingel,45,"","",2312NC,Leiden
Rijnsburgersingel,46,"","",2312NC,Leiden
Rijnsburgersingel,47,"","",2312NC,Leiden
Rijnsburgersingel,48,"","",2312NC,Leiden
Rijnsburgersingel,49,"","",2312NC,Leiden
Rijnsburgersingel,50,"","",2312NC,Leiden
Rijnsburgersingel,51,"","",2312NC,Leiden
Rijnsburgersingel,52,"","",2312NC,Leiden
Rijnsburgersingel,53,"","",2312NC,Leiden
Rijnsburgersingel,54,"","",2312NC,Leiden
Rijnsburgersingel,54,"","",2312NC,Leiden
Rijnsburgersingel,54,A,"",2312NC,Leiden
Rijnsburgersingel,55,A,"",2312NC,Leiden
Rijnsburgersingel,55,B,"",2312NC,Leiden
Rijnsburgersingel,55,C,"",2312NC,Leiden
Rijnsburgersingel,55,D,"",2312NC,Leiden
Rijnsburgersingel,55,E,"",2312NC,Leiden
Rijnsburgersingel,55,F,"",2312NC,Leiden
Schoolmeesterpad,1,"","",2316VE,Leiden
Schoolmeesterpad,11,"","",2316VE,Leiden
Schoolmeesterpad,13,"","",2316VE,Leiden
Schoolmeesterpad,15,"","",2316VE,Leiden
Schoolmeesterpad,17,"","",2316VE,Leiden
Schoolmeesterpad,19,"","",2316VE,Leiden
Schoolmeesterpad,2,"","",2316VE,Leiden
Schoolmeesterpad,21,"","",2316VE,Leiden
Schoolmeesterpad,23,"","",2316VE,Leiden
Schoolmeesterpad,25,"","",2316VE,Leiden
Schoolmeesterpad,27,"","",2316VE,Leiden
Schoolmeesterpad,29,"","",2316VE,Leiden
Schoolmeesterpad,3,"","",2316VE,Leiden
Schoolmeesterpad,31,"","",2316VE,Leiden
Schoolmeesterpad,33,"","",2316VE,Leiden
Schoolmeesterpad,35,"","",2316VE,Leiden
Schoolmeesterpad,37,"","",2316VE,Leiden
Schoolmeesterpad,39,"","",2316VE,Leiden
Schoolmeesterpad,4,"","",2316VE,Leiden
Schoolmeesterpad,41,"","",2316VE,Leiden
Schoolmeesterpad,43,"","",2316VE,Leiden
Schoolmeesterpad,45,"","",2316VE,Leiden
Schoolmeesterpad,47,"","",2316VE,Leiden
Schoolmeesterpad,49,"","",2316VE,Leiden
Schoolmeesterpad,5,"","",2316VE,Leiden
Schoolmeesterpad,51,"","",2316VE,Leiden
Schoolmeesterpad,53,"","",2316VE,Leiden
Schoolmeesterpad,55,"","",2316VE,Leiden
Schoolmeesterpad,57,"","",2316VE,Leiden
Schoolmeesterpad,59,"","",2316VE,Leiden
Schoolmeesterpad,6,"","",2316VE,Leiden
Schoolmeesterpad,61,"","",2316VE,Leiden
Schoolmeesterpad,63,"","",2316VE,Leiden
Schoolmeesterpad,7,"","",2316VE,Leiden
Schoolmeesterpad,9,"","",2316VE,Leiden
Piet Heinstraat,1,"","",2316VG,Leiden
Piet Heinstraat,11,"","",2316VG,Leiden
Piet Heinstraat,13,"","",2316VG,Leiden
Piet Heinstraat,15,"","",2316VG,Leiden
Piet Heinstraat,17,"","",2316VG,Leiden
Piet Heinstraat,19,"","",2316VG,Leiden
Piet Heinstraat,3,"","",2316VG,Leiden
Piet Heinstraat,5,"","",2316VG,Leiden
Piet Heinstraat,7,"","",2316VG,Leiden
Piet Heinstraat,9,"","",2316VG,Leiden
Piet Heinstraat,10,"","",2316VH,Leiden
Piet Heinstraat,12,"","",2316VH,Leiden
Piet Heinstraat,14,"","",2316VH,Leiden
Piet Heinstraat,16,"","",2316VH,Leiden
Piet Heinstraat,18,"","",2316VH,Leiden
Piet Heinstraat,2,"","",2316VH,Leiden
Piet Heinstraat,20,"","",2316VH,Leiden
Piet Heinstraat,4,"","",2316VH,Leiden
Piet Heinstraat,6,"","",2316VH,Leiden
Piet Heinstraat,8,"","",2316VH,Leiden
Vaartkade,1,"","",2316VJ,Leiden
Vaartkade,10,"","",2316VJ,Leiden
Vaartkade,11,"","",2316VJ,Leiden
Vaartkade,12,"","",2316VJ,Leiden
Vaartkade,13,"","",2316VJ,Leiden
Vaartkade,2,"","",2316VJ,Leiden
Vaartkade,3,"","",2316VJ,Leiden
Vaartkade,4,"","",2316VJ,Leiden
Vaartkade,5,"","",2316VJ,Leiden
Vaartkade,6,"","",2316VJ,Leiden
Vaartkade,7,"","",2316VJ,Leiden
Vaartkade,8,"","",2316VJ,Leiden
Vaartkade,9,"","",2316VJ,Leiden
Vaartstraat,1,"","",2316VK,Leiden
Vaartstraat,2,"","",2316VK,Leiden
Maredijkhofje,1,"","",2316VL,Leiden
Maredijkhofje,10,"","",2316VL,Leiden
Maredijkhofje,10,"","",2316VL,Leiden
Maredijkhofje,2,"","",2316VL,Leiden
Maredijkhofje,3,"","",2316VL,Leiden
Maredijkhofje,4,"","",2316VL,Leiden
Maredijkhofje,5,"","",2316VL,Leiden
Maredijkhofje,6,"","",2316VL,Leiden
Maredijkhofje,7,"","",2316VL,Leiden
Maredijkhofje,8,"","",2316VL,Leiden
Maredijkhofje,9,"","",2316VL,Leiden
Maredijk,16,"","",2316VM,Leiden
Maredijk,18,"","",2316VM,Leiden
Maredijk,2,"","",2316VM,Leiden
Maredijk,2,"","",2316VM,Leiden
Maredijk,20,"","",2316VM,Leiden
Maredijk,22,"","",2316VM,Leiden
Maredijk,24,"","",2316VM,Leiden
Maredijk,26,"","",2316VM,Leiden
Maredijk,28,"","",2316VM,Leiden
Maredijk,4,"","",2316VM,Leiden
Maredijk,6,"","",2316VM,Leiden
Maredijk,6,A,"",2316VM,Leiden
Maredijk,8,"","",2316VM,Leiden
Maredijk,30,"","",2316VN,Leiden
Maredijk,32,"","",2316VN,Leiden
Maredijk,34,"","",2316VN,Leiden
Maredijk,34,A,"",2316VN,Leiden
Maredijk,36,"","",2316VN,Leiden
Maredijk,36,Z,"",2316VN,Leiden
Maredijk,38,"","",2316VN,Leiden
Maredijk,38,"","",2316VN,Leiden
Maredijk,38,A,"",2316VN,Leiden
Maredijk,38,B,"",2316VN,Leiden
Maredijk,38,C,"",2316VN,Leiden
Maredijk,38,D,"",2316VN,Leiden
Maredijk,38,E,"",2316VN,Leiden
Maredijk,38,F,"",2316VN,Leiden
Maredijk,38,G,"",2316VN,Leiden
Maredijk,38,H,"",2316VN,Leiden
Maredijk,38,J,"",2316VN,Leiden
Maredijk,38,K,"",2316VN,Leiden
Maredijk,38,L,"",2316VN,Leiden
Maredijk,38,M,"",2316VN,Leiden
Maredijk,38,N,"",2316VN,Leiden
Maredijk,38,P,"",2316VN,Leiden
Maredijk,38,R,"",2316VN,Leiden
Maredijk,38,S,"",2316VN,Leiden
Maredijk,38,T,"",2316VN,Leiden
Maredijk,38,U,"",2316VN,Leiden
Maredijk,38,V,"",2316VN,Leiden
Maredijk,38,W,"",2316VN,Leiden
Maredijk,38,X,"",2316VN,Leiden
Maredijk,38,Y,"",2316VN,Leiden
Maredijk,38,Z,"",2316VN,Leiden
Maredijk,40,"","",2316VN,Leiden
Maredijk,40,A,"",2316VN,Leiden
Maredijk,40,B,"",2316VN,Leiden
Maredijk,40,C,"",2316VN,Leiden
Maredijk,40,D,"",2316VN,Leiden
Maredijk,40,E,"",2316VN,Leiden
Maredijk,40,F,"",2316VN,Leiden
Maredijk,40,G,"",2316VN,Leiden
Maredijk,40,H,"",2316VN,Leiden
Maredijk,40,J,"",2316VN,Leiden
Maredijk,40,K,"",2316VN,Leiden
Maredijk,40,M,"",2316VN,Leiden
Maredijk,40,N,"",2316VN,Leiden
Maredijk,40,P,"",2316VN,Leiden
Maredijk,40,R,"",2316VN,Leiden
Maredijk,40,S,"",2316VN,Leiden
Maredijk,40,T,"",2316VN,Leiden
Maredijk,40,W,"",2316VN,Leiden
Maredijk,42,"","",2316VN,Leiden
Maredijk,44,"","",2316VN,Leiden
Maredijk,50,"","",2316VN,Leiden
Maredijk,52,"","",2316VN,Leiden
Maredijk,54,"","",2316VN,Leiden
Maredijk,56,"","",2316VN,Leiden
Maredijk,58,"","",2316VN,Leiden
Maredijk,60,"","",2316VN,Leiden
Maredijk,62,"","",2316VN,Leiden
Maredijk,64,"","",2316VN,Leiden
Maredijk,66,"","",2316VN,Leiden
Maredijk,68,"","",2316VN,Leiden
Maredijk,70,"","",2316VN,Leiden
Maredijk,72,"","",2316VN,Leiden
Maredijk,100,"","",2316VP,Leiden
Maredijk,76,"","",2316VP,Leiden
Maredijk,78,"","",2316VP,Leiden
Maredijk,80,"","",2316VP,Leiden
Maredijk,82,"","",2316VP,Leiden
Maredijk,84,"","",2316VP,Leiden
Maredijk,86,"","",2316VP,Leiden
Maredijk,88,"","",2316VP,Leiden
Maredijk,88,A,"",2316VP,Leiden
Maredijk,90,"","",2316VP,Leiden
Maredijk,90,"","",2316VP,Leiden
Maredijk,90,"","",2316VP,Leiden
Maredijk,90,A,"",2316VP,Leiden
Maredijk,90,A,"",2316VP,Leiden
Maredijk,92,A,"",2316VP,Leiden
Maredijk,1,"","",2316VR,Leiden
Maredijk,11,"","",2316VR,Leiden
Maredijk,13,"","",2316VR,Leiden
Maredijk,13,A,"",2316VR,Leiden
Maredijk,13,B,"",2316VR,Leiden
Maredijk,13,C,"",2316VR,Leiden
Maredijk,13,D,"",2316VR,Leiden
Maredijk,15,"","",2316VR,Leiden
Maredijk,17,"","",2316VR,Leiden
Maredijk,17,A,"",2316VR,Leiden
Maredijk,17,B,"",2316VR,Leiden
Maredijk,17,C,"",2316VR,Leiden
Maredijk,19,"","",2316VR,Leiden
Maredijk,19,B,"",2316VR,Leiden
Maredijk,19,C,"",2316VR,Leiden
Maredijk,21,"","",2316VR,Leiden
Maredijk,21,A,"",2316VR,Leiden
Maredijk,21,B,"",2316VR,Leiden
Maredijk,21,C,"",2316VR,Leiden
Maredijk,21,D,"",2316VR,Leiden
Maredijk,23,"","",2316VR,Leiden
Maredijk,23,A,"",2316VR,Leiden
Maredijk,23,B,"",2316VR,Leiden
Maredijk,23,C,"",2316VR,Leiden
Maredijk,23,D,"",2316VR,Leiden
Maredijk,25,"","",2316VR,Leiden
Maredijk,25,A,"",2316VR,Leiden
Maredijk,25,B,"",2316VR,Leiden
Maredijk,25,C,"",2316VR,Leiden
Maredijk,27,"","",2316VR,Leiden
Maredijk,27,A,"",2316VR,Leiden
Maredijk,3,"","",2316VR,Leiden
Maredijk,5,"","",2316VR,Leiden
Maredijk,7,"","",2316VR,Leiden
Maredijk,9,"","",2316VR,Leiden
Maredijk,29,"","",2316VS,Leiden
Maredijk,29,"","",2316VS,Leiden
Maredijk,29,A,"",2316VS,Leiden
Maredijk,29,A,"",2316VS,Leiden
Maredijk,29,B,"",2316VS,Leiden
Maredijk,31,"","",2316VS,Leiden
Maredijk,31,A,"",2316VS,Leiden
Maredijk,31,A,"",2316VS,Leiden
Maredijk,31,B,"",2316VS,Leiden
Maredijk,33,"","",2316VS,Leiden
Maredijk,33,A,"",2316VS,Leiden
Maredijk,33,A,"",2316VS,Leiden
Maredijk,33,B,"",2316VS,Leiden
Maredijk,35,"","",2316VS,Leiden
Maredijk,35,A,"",2316VS,Leiden
Maredijk,37,"","",2316VS,Leiden
Maredijk,37,A,"",2316VS,Leiden
Maredijk,39,"","",2316VS,Leiden
Maredijk,41,"","",2316VS,Leiden
Maredijk,41,"","",2316VS,Leiden
Maredijk,43,"","",2316VS,Leiden
Maredijk,43,A,"",2316VS,Leiden
Maredijk,45,"","",2316VS,Leiden
Maredijk,47,"","",2316VS,Leiden
Maredijk,49,"","",2316VS,Leiden
Maredijk,51,"","",2316VS,Leiden
Maredijk,53,"","",2316VS,Leiden
Maredijk,55,"","",2316VS,Leiden
Maredijk,57,"","",2316VS,Leiden
Maredijk,59,"","",2316VS,Leiden
Maredijk,61,"","",2316VS,Leiden
Maredijk,63,"","",2316VT,Leiden
Maredijk,65,"","",2316VT,Leiden
Maredijk,65,A,"",2316VT,Leiden
Maredijk,67,"","",2316VT,Leiden
Maredijk,67,"","",2316VT,Leiden
Maredijk,69,"","",2316VT,Leiden
Maredijk,71,"","",2316VT,Leiden
Maredijk,71,A,"",2316VT,Leiden
Maredijk,73,"","",2316VT,Leiden
Maredijk,73,A,"",2316VT,Leiden
Maredijk,75,"","",2316VT,Leiden
Maredijk,75,A,"",2316VT,Leiden
Maredijk,77,"","",2316VT,Leiden
Maredijk,79,"","",2316VT,Leiden
Maredijk,83,"","",2316VT,Leiden
Maredijk,83,A,"",2316VT,Leiden
Maredijk,85,"","",2316VT,Leiden
Maredijk,85,A,"",2316VT,Leiden
Maredijk,85,A,"",2316VT,Leiden
Maredijk,85,B,"",2316VT,Leiden
Maredijk,85,C,"",2316VT,Leiden
Maredijk,85,D,"",2316VT,Leiden
Maredijk,87,"","",2316VV,Leiden
Maredijk,87,A,"",2316VV,Leiden
Maredijk,89,"","",2316VV,Leiden
Maredijk,89,A,"",2316VV,Leiden
Maredijk,89,B,"",2316VV,Leiden
Maredijk,89,C,"",2316VV,Leiden
Maredijk,89,D,"",2316VV,Leiden
Maredijk,89,E,"",2316VV,Leiden
Maredijk,89,F,"",2316VV,Leiden
Maredijk,89,G,"",2316VV,Leiden
Maredijk,91,"","",2316VV,Leiden
Maredijk,93,"","",2316VV,Leiden
Maredijk,101,"","",2316VW,Leiden
Maredijk,103,"","",2316VW,Leiden
Maredijk,105,"","",2316VW,Leiden
Maredijk,107,"","",2316VW,Leiden
Maredijk,109,"","",2316VW,Leiden
Maredijk,111,"","",2316VW,Leiden
Maredijk,113,"","",2316VW,Leiden
Maredijk,115,"","",2316VW,Leiden
Maredijk,117,"","",2316VW,Leiden
Maredijk,119,"","",2316VW,Leiden
Maredijk,121,"","",2316VW,Leiden
Maredijk,121,A,"",2316VW,Leiden
Maredijk,95,"","",2316VW,Leiden
Maredijk,97,"","",2316VW,Leiden
Maredijk,99,"","",2316VW,Leiden
Maredijk,123,"","",2316VX,Leiden
Maredijk,123,A,"",2316VX,Leiden
Maredijk,123,B,"",2316VX,Leiden
Maredijk,123,C,"",2316VX,Leiden
Maredijk,123,D,"",2316VX,Leiden
Maredijk,123,E,"",2316VX,Leiden
Maredijk,125,"","",2316VX,Leiden
Maredijk,125,A,"",2316VX,Leiden
Maredijk,125,B,"",2316VX,Leiden
Maredijk,125,C,"",2316VX,Leiden
Maredijk,125,D,"",2316VX,Leiden
Maredijk,125,E,"",2316VX,Leiden
Maredijk,125,F,"",2316VX,Leiden
Maredijk,127,"","",2316VX,Leiden
Maredijk,127,A,"",2316VX,Leiden
Maredijk,129,"","",2316VX,Leiden
Maredijk,129,A,"",2316VX,Leiden
Maredijk,129,B,"",2316VX,Leiden
Maredijk,129,C,"",2316VX,Leiden
Maredijk,129,D,"",2316VX,Leiden
Maredijk,129,E,"",2316VX,Leiden
Maredijk,129,F,"",2316VX,Leiden
Maredijk,129,G,"",2316VX,Leiden
Maredijk,129,H,"",2316VX,Leiden
Maredijk,131,"","",2316VX,Leiden
Maredijk,131,A,"",2316VX,Leiden
Maredijk,131,B,"",2316VX,Leiden
Maredijk,131,C,"",2316VX,Leiden
Maredijk,131,D,"",2316VX,Leiden
Maredijk,131,E,"",2316VX,Leiden
Maredijk,131,F,"",2316VX,Leiden
Maredijk,131,G,"",2316VX,Leiden
Maredijk,131,H,"",2316VX,Leiden
Maredijk,133,"","",2316VX,Leiden
Maredijk,133,A,"",2316VX,Leiden
Maredijk,133,B,"",2316VX,Leiden
Maredijk,133,C,"",2316VX,Leiden
Maredijk,133,D,"",2316VX,Leiden
Maredijk,133,E,"",2316VX,Leiden
Maredijk,133,F,"",2316VX,Leiden
Maredijk,133,G,"",2316VX,Leiden
Maredijk,133,H,"",2316VX,Leiden
Maredijk,135,"","",2316VX,Leiden
Maredijk,137,"","",2316VX,Leiden
Maredijk,139,"","",2316VX,Leiden
Maredijk,141,"","",2316VX,Leiden
Maredijk,143,"","",2316VX,Leiden
Maredijk,145,"","",2316VX,Leiden
Maredijk,147,"","",2316VX,Leiden
Maredijk,149,"","",2316VX,Leiden
Ypenburgbocht,1,"","",2316WB,Leiden
Ypenburgbocht,11,B,1,2316WB,Leiden
Ypenburgbocht,11,B,1,2316WB,Leiden
Ypenburgbocht,11,B,101,2316WB,Leiden
Ypenburgbocht,11,B,101,2316WB,Leiden
Ypenburgbocht,11,B,102,2316WB,Leiden
Ypenburgbocht,11,B,102,2316WB,Leiden
Ypenburgbocht,11,B,103,2316WB,Leiden
Ypenburgbocht,11,B,103,2316WB,Leiden
Ypenburgbocht,11,B,104,2316WB,Leiden
Ypenburgbocht,11,B,104,2316WB,Leiden
Ypenburgbocht,11,B,105,2316WB,Leiden
Ypenburgbocht,11,B,105,2316WB,Leiden
Ypenburgbocht,11,B,106,2316WB,Leiden
Ypenburgbocht,11,B,106,2316WB,Leiden
Ypenburgbocht,11,B,107,2316WB,Leiden
Ypenburgbocht,11,B,107,2316WB,Leiden
Ypenburgbocht,11,B,108,2316WB,Leiden
Ypenburgbocht,11,B,108,2316WB,Leiden
Ypenburgbocht,11,B,109,2316WB,Leiden
Ypenburgbocht,11,B,109,2316WB,Leiden
Ypenburgbocht,11,B,110,2316WB,Leiden
Ypenburgbocht,11,B,110,2316WB,Leiden
Ypenburgbocht,11,B,111,2316WB,Leiden
Ypenburgbocht,11,B,111,2316WB,Leiden
Ypenburgbocht,11,B,112,2316WB,Leiden
Ypenburgbocht,11,B,112,2316WB,Leiden
Ypenburgbocht,11,B,113,2316WB,Leiden
Ypenburgbocht,11,B,113,2316WB,Leiden
Ypenburgbocht,11,B,114,2316WB,Leiden
Ypenburgbocht,11,B,114,2316WB,Leiden
Ypenburgbocht,11,B,115,2316WB,Leiden
Ypenburgbocht,11,B,115,2316WB,Leiden
Ypenburgbocht,11,B,116,2316WB,Leiden
Ypenburgbocht,11,B,116,2316WB,Leiden
Ypenburgbocht,11,B,117,2316WB,Leiden
Ypenburgbocht,11,B,117,2316WB,Leiden
Ypenburgbocht,11,B,118,2316WB,Leiden
Ypenburgbocht,11,B,118,2316WB,Leiden
Ypenburgbocht,11,B,119,2316WB,Leiden
Ypenburgbocht,11,B,119,2316WB,Leiden
Ypenburgbocht,11,B,120,2316WB,Leiden
Ypenburgbocht,11,B,120,2316WB,Leiden
Ypenburgbocht,11,B,121,2316WB,Leiden
Ypenburgbocht,11,B,122,2316WB,Leiden
Ypenburgbocht,11,B,123,2316WB,Leiden
Ypenburgbocht,11,B,124,2316WB,Leiden
Ypenburgbocht,11,B,124,2316WB,Leiden
Ypenburgbocht,11,B,125,2316WB,Leiden
Ypenburgbocht,11,B,125,2316WB,Leiden
Ypenburgbocht,11,B,126,2316WB,Leiden
Ypenburgbocht,11,B,126,2316WB,Leiden
Ypenburgbocht,11,B,127,2316WB,Leiden
Ypenburgbocht,11,B,127,2316WB,Leiden
Ypenburgbocht,11,B,128,2316WB,Leiden
Ypenburgbocht,11,B,128,2316WB,Leiden
Ypenburgbocht,11,B,129,2316WB,Leiden
Ypenburgbocht,11,B,129,2316WB,Leiden
Ypenburgbocht,11,B,130,2316WB,Leiden
Ypenburgbocht,11,B,130,2316WB,Leiden
Ypenburgbocht,11,B,131,2316WB,Leiden
Ypenburgbocht,11,B,131,2316WB,Leiden
Ypenburgbocht,11,B,2,2316WB,Leiden
Ypenburgbocht,11,B,2,2316WB,Leiden
Ypenburgbocht,11,B,201,2316WB,Leiden
Ypenburgbocht,11,B,201,2316WB,Leiden
Ypenburgbocht,11,B,202,2316WB,Leiden
Ypenburgbocht,11,B,202,2316WB,Leiden
Ypenburgbocht,11,B,203,2316WB,Leiden
Ypenburgbocht,11,B,203,2316WB,Leiden
Ypenburgbocht,11,B,204,2316WB,Leiden
Ypenburgbocht,11,B,204,2316WB,Leiden
Ypenburgbocht,11,B,205,2316WB,Leiden
Ypenburgbocht,11,B,205,2316WB,Leiden
Ypenburgbocht,11,B,206,2316WB,Leiden
Ypenburgbocht,11,B,206,2316WB,Leiden
Ypenburgbocht,11,B,207,2316WB,Leiden
Ypenburgbocht,11,B,207,2316WB,Leiden
Ypenburgbocht,11,B,208,2316WB,Leiden
Ypenburgbocht,11,B,208,2316WB,Leiden
Ypenburgbocht,11,B,209,2316WB,Leiden
Ypenburgbocht,11,B,209,2316WB,Leiden
Ypenburgbocht,11,B,210,2316WB,Leiden
Ypenburgbocht,11,B,210,2316WB,Leiden
Ypenburgbocht,11,B,211,2316WB,Leiden
Ypenburgbocht,11,B,211,2316WB,Leiden
Ypenburgbocht,11,B,212,2316WB,Leiden
Ypenburgbocht,11,B,212,2316WB,Leiden
Ypenburgbocht,11,B,213,2316WB,Leiden
Ypenburgbocht,11,B,213,2316WB,Leiden
Ypenburgbocht,11,B,214,2316WB,Leiden
Ypenburgbocht,11,B,214,2316WB,Leiden
Ypenburgbocht,11,B,215,2316WB,Leiden
Ypenburgbocht,11,B,215,2316WB,Leiden
Ypenburgbocht,11,B,216,2316WB,Leiden
Ypenburgbocht,11,B,216,2316WB,Leiden
Ypenburgbocht,11,B,217,2316WB,Leiden
Ypenburgbocht,11,B,217,2316WB,Leiden
Ypenburgbocht,11,B,218,2316WB,Leiden
Ypenburgbocht,11,B,218,2316WB,Leiden
Ypenburgbocht,11,B,219,2316WB,Leiden
Ypenburgbocht,11,B,219,2316WB,Leiden
Ypenburgbocht,11,B,220,2316WB,Leiden
Ypenburgbocht,11,B,220,2316WB,Leiden
Ypenburgbocht,11,B,221,2316WB,Leiden
Ypenburgbocht,11,B,221,2316WB,Leiden
Ypenburgbocht,11,B,222,2316WB,Leiden
Ypenburgbocht,11,B,222,2316WB,Leiden
Ypenburgbocht,11,B,223,2316WB,Leiden
Ypenburgbocht,11,B,223,2316WB,Leiden
Ypenburgbocht,11,B,224,2316WB,Leiden
Ypenburgbocht,11,B,224,2316WB,Leiden
Ypenburgbocht,11,B,225,2316WB,Leiden
Ypenburgbocht,11,B,225,2316WB,Leiden
Ypenburgbocht,11,B,226,2316WB,Leiden
Ypenburgbocht,11,B,226,2316WB,Leiden
Ypenburgbocht,11,B,227,2316WB,Leiden
Ypenburgbocht,11,B,227,2316WB,Leiden
Ypenburgbocht,11,B,228,2316WB,Leiden
Ypenburgbocht,11,B,228,2316WB,Leiden
Ypenburgbocht,11,B,229,2316WB,Leiden
Ypenburgbocht,11,B,229,2316WB,Leiden
Ypenburgbocht,11,B,230,2316WB,Leiden
Ypenburgbocht,11,B,230,2316WB,Leiden
Ypenburgbocht,11,B,231,2316WB,Leiden
Ypenburgbocht,11,B,231,2316WB,Leiden
Ypenburgbocht,11,B,232,2316WB,Leiden
Ypenburgbocht,11,B,3,2316WB,Leiden
Ypenburgbocht,11,B,3,2316WB,Leiden
Ypenburgbocht,11,B,301,2316WB,Leiden
Ypenburgbocht,11,B,301,2316WB,Leiden
Ypenburgbocht,11,B,302,2316WB,Leiden
Ypenburgbocht,11,B,302,2316WB,Leiden
Ypenburgbocht,11,B,303,2316WB,Leiden
Ypenburgbocht,11,B,303,2316WB,Leiden
Ypenburgbocht,11,B,304,2316WB,Leiden
Ypenburgbocht,11,B,304,2316WB,Leiden
Ypenburgbocht,11,B,305,2316WB,Leiden
Ypenburgbocht,11,B,305,2316WB,Leiden
Ypenburgbocht,11,B,306,2316WB,Leiden
Ypenburgbocht,11,B,306,2316WB,Leiden
Ypenburgbocht,11,B,307,2316WB,Leiden
Ypenburgbocht,11,B,307,2316WB,Leiden
Ypenburgbocht,11,B,308,2316WB,Leiden
Ypenburgbocht,11,B,308,2316WB,Leiden
Ypenburgbocht,11,B,309,2316WB,Leiden
Ypenburgbocht,11,B,309,2316WB,Leiden
Ypenburgbocht,11,B,310,2316WB,Leiden
Ypenburgbocht,11,B,310,2316WB,Leiden
Ypenburgbocht,11,B,311,2316WB,Leiden
Ypenburgbocht,11,B,311,2316WB,Leiden
Ypenburgbocht,11,B,312,2316WB,Leiden
Ypenburgbocht,11,B,312,2316WB,Leiden
Ypenburgbocht,11,B,313,2316WB,Leiden
Ypenburgbocht,11,B,313,2316WB,Leiden
Ypenburgbocht,11,B,314,2316WB,Leiden
Ypenburgbocht,11,B,314,2316WB,Leiden
Ypenburgbocht,11,B,315,2316WB,Leiden
Ypenburgbocht,11,B,315,2316WB,Leiden
Ypenburgbocht,11,B,316,2316WB,Leiden
Ypenburgbocht,11,B,316,2316WB,Leiden
Ypenburgbocht,11,B,317,2316WB,Leiden
Ypenburgbocht,11,B,317,2316WB,Leiden
Ypenburgbocht,11,B,318,2316WB,Leiden
Ypenburgbocht,11,B,318,2316WB,Leiden
Ypenburgbocht,11,B,319,2316WB,Leiden
Ypenburgbocht,11,B,319,2316WB,Leiden
Ypenburgbocht,11,B,320,2316WB,Leiden
Ypenburgbocht,11,B,320,2316WB,Leiden
Ypenburgbocht,11,B,321,2316WB,Leiden
Ypenburgbocht,11,B,321,2316WB,Leiden
Ypenburgbocht,11,B,322,2316WB,Leiden
Ypenburgbocht,11,B,322,2316WB,Leiden
Ypenburgbocht,11,B,323,2316WB,Leiden
Ypenburgbocht,11,B,323,2316WB,Leiden
Ypenburgbocht,11,B,324,2316WB,Leiden
Ypenburgbocht,11,B,324,2316WB,Leiden
Ypenburgbocht,11,B,325,2316WB,Leiden
Ypenburgbocht,11,B,325,2316WB,Leiden
Ypenburgbocht,11,B,326,2316WB,Leiden
Ypenburgbocht,11,B,326,2316WB,Leiden
Ypenburgbocht,11,B,327,2316WB,Leiden
Ypenburgbocht,11,B,327,2316WB,Leiden
Ypenburgbocht,11,B,328,2316WB,Leiden
Ypenburgbocht,11,B,328,2316WB,Leiden
Ypenburgbocht,11,B,329,2316WB,Leiden
Ypenburgbocht,11,B,329,2316WB,Leiden
Ypenburgbocht,11,B,330,2316WB,Leiden
Ypenburgbocht,11,B,330,2316WB,Leiden
Ypenburgbocht,11,B,331,2316WB,Leiden
Ypenburgbocht,11,B,331,2316WB,Leiden
Ypenburgbocht,11,B,332,2316WB,Leiden
Ypenburgbocht,11,B,332,2316WB,Leiden
Ypenburgbocht,11,B,333,2316WB,Leiden
Ypenburgbocht,11,B,333,2316WB,Leiden
Ypenburgbocht,11,B,334,2316WB,Leiden
Ypenburgbocht,11,B,334,2316WB,Leiden
Ypenburgbocht,11,B,335,2316WB,Leiden
Ypenburgbocht,11,B,4,2316WB,Leiden
Ypenburgbocht,11,B,4,2316WB,Leiden
Ypenburgbocht,11,B,401,2316WB,Leiden
Ypenburgbocht,11,B,401,2316WB,Leiden
Ypenburgbocht,11,B,402,2316WB,Leiden
Ypenburgbocht,11,B,402,2316WB,Leiden
Ypenburgbocht,11,B,403,2316WB,Leiden
Ypenburgbocht,11,B,403,2316WB,Leiden
Ypenburgbocht,11,B,404,2316WB,Leiden
Ypenburgbocht,11,B,404,2316WB,Leiden
Ypenburgbocht,11,B,405,2316WB,Leiden
Ypenburgbocht,11,B,405,2316WB,Leiden
Ypenburgbocht,11,B,406,2316WB,Leiden
Ypenburgbocht,11,B,406,2316WB,Leiden
Ypenburgbocht,11,B,407,2316WB,Leiden
Ypenburgbocht,11,B,407,2316WB,Leiden
Ypenburgbocht,11,B,408,2316WB,Leiden
Ypenburgbocht,11,B,408,2316WB,Leiden
Ypenburgbocht,11,B,409,2316WB,Leiden
Ypenburgbocht,11,B,409,2316WB,Leiden
Ypenburgbocht,11,B,410,2316WB,Leiden
Ypenburgbocht,11,B,410,2316WB,Leiden
Ypenburgbocht,11,B,411,2316WB,Leiden
Ypenburgbocht,11,B,411,2316WB,Leiden
Ypenburgbocht,11,B,412,2316WB,Leiden
Ypenburgbocht,11,B,412,2316WB,Leiden
Ypenburgbocht,275,"","",2316WB,Leiden
Ypenburgbocht,3,"","",2316WB,Leiden
Ypenburgbocht,9,"","",2316WB,Leiden
Ypenburgbocht,9,"","",2316WB,Leiden
Ypenburgbocht,9,A,1,2316WB,Leiden
Ypenburgbocht,9,A,1,2316WB,Leiden
Ypenburgbocht,9,A,10,2316WB,Leiden
Ypenburgbocht,9,A,10,2316WB,Leiden
Ypenburgbocht,9,A,101,2316WB,Leiden
Ypenburgbocht,9,A,101,2316WB,Leiden
Ypenburgbocht,9,A,102,2316WB,Leiden
Ypenburgbocht,9,A,102,2316WB,Leiden
Ypenburgbocht,9,A,103,2316WB,Leiden
Ypenburgbocht,9,A,103,2316WB,Leiden
Ypenburgbocht,9,A,104,2316WB,Leiden
Ypenburgbocht,9,A,104,2316WB,Leiden
Ypenburgbocht,9,A,105,2316WB,Leiden
Ypenburgbocht,9,A,105,2316WB,Leiden
Ypenburgbocht,9,A,106,2316WB,Leiden
Ypenburgbocht,9,A,106,2316WB,Leiden
Ypenburgbocht,9,A,107,2316WB,Leiden
Ypenburgbocht,9,A,107,2316WB,Leiden
Ypenburgbocht,9,A,108,2316WB,Leiden
Ypenburgbocht,9,A,108,2316WB,Leiden
Ypenburgbocht,9,A,109,2316WB,Leiden
Ypenburgbocht,9,A,109,2316WB,Leiden
Ypenburgbocht,9,A,11,2316WB,Leiden
Ypenburgbocht,9,A,11,2316WB,Leiden
Ypenburgbocht,9,A,110,2316WB,Leiden
Ypenburgbocht,9,A,110,2316WB,Leiden
Ypenburgbocht,9,A,111,2316WB,Leiden
Ypenburgbocht,9,A,111,2316WB,Leiden
Ypenburgbocht,9,A,112,2316WB,Leiden
Ypenburgbocht,9,A,112,2316WB,Leiden
Ypenburgbocht,9,A,113,2316WB,Leiden
Ypenburgbocht,9,A,113,2316WB,Leiden
Ypenburgbocht,9,A,114,2316WB,Leiden
Ypenburgbocht,9,A,114,2316WB,Leiden
Ypenburgbocht,9,A,115,2316WB,Leiden
Ypenburgbocht,9,A,115,2316WB,Leiden
Ypenburgbocht,9,A,116,2316WB,Leiden
Ypenburgbocht,9,A,116,2316WB,Leiden
Ypenburgbocht,9,A,117,2316WB,Leiden
Ypenburgbocht,9,A,117,2316WB,Leiden
Ypenburgbocht,9,A,118,2316WB,Leiden
Ypenburgbocht,9,A,118,2316WB,Leiden
Ypenburgbocht,9,A,119,2316WB,Leiden
Ypenburgbocht,9,A,119,2316WB,Leiden
Ypenburgbocht,9,A,12,2316WB,Leiden
Ypenburgbocht,9,A,12,2316WB,Leiden
Ypenburgbocht,9,A,120,2316WB,Leiden
Ypenburgbocht,9,A,120,2316WB,Leiden
Ypenburgbocht,9,A,121,2316WB,Leiden
Ypenburgbocht,9,A,121,2316WB,Leiden
Ypenburgbocht,9,A,122,2316WB,Leiden
Ypenburgbocht,9,A,122,2316WB,Leiden
Ypenburgbocht,9,A,123,2316WB,Leiden
Ypenburgbocht,9,A,123,2316WB,Leiden
Ypenburgbocht,9,A,124,2316WB,Leiden
Ypenburgbocht,9,A,124,2316WB,Leiden
Ypenburgbocht,9,A,125,2316WB,Leiden
Ypenburgbocht,9,A,125,2316WB,Leiden
Ypenburgbocht,9,A,126,2316WB,Leiden
Ypenburgbocht,9,A,126,2316WB,Leiden
Ypenburgbocht,9,A,127,2316WB,Leiden
Ypenburgbocht,9,A,127,2316WB,Leiden
Ypenburgbocht,9,A,128,2316WB,Leiden
Ypenburgbocht,9,A,128,2316WB,Leiden
Ypenburgbocht,9,A,129,2316WB,Leiden
Ypenburgbocht,9,A,129,2316WB,Leiden
Ypenburgbocht,9,A,13,2316WB,Leiden
Ypenburgbocht,9,A,13,2316WB,Leiden
Ypenburgbocht,9,A,130,2316WB,Leiden
Ypenburgbocht,9,A,130,2316WB,Leiden
Ypenburgbocht,9,A,131,2316WB,Leiden
Ypenburgbocht,9,A,131,2316WB,Leiden
Ypenburgbocht,9,A,132,2316WB,Leiden
Ypenburgbocht,9,A,132,2316WB,Leiden
Ypenburgbocht,9,A,133,2316WB,Leiden
Ypenburgbocht,9,A,133,2316WB,Leiden
Ypenburgbocht,9,A,134,2316WB,Leiden
Ypenburgbocht,9,A,134,2316WB,Leiden
Ypenburgbocht,9,A,135,2316WB,Leiden
Ypenburgbocht,9,A,135,2316WB,Leiden
Ypenburgbocht,9,A,136,2316WB,Leiden
Ypenburgbocht,9,A,136,2316WB,Leiden
Ypenburgbocht,9,A,137,2316WB,Leiden
Ypenburgbocht,9,A,137,2316WB,Leiden
Ypenburgbocht,9,A,138,2316WB,Leiden
Ypenburgbocht,9,A,138,2316WB,Leiden
Ypenburgbocht,9,A,139,2316WB,Leiden
Ypenburgbocht,9,A,139,2316WB,Leiden
Ypenburgbocht,9,A,14,2316WB,Leiden
Ypenburgbocht,9,A,14,2316WB,Leiden
Ypenburgbocht,9,A,140,2316WB,Leiden
Ypenburgbocht,9,A,140,2316WB,Leiden
Ypenburgbocht,9,A,141,2316WB,Leiden
Ypenburgbocht,9,A,141,2316WB,Leiden
Ypenburgbocht,9,A,142,2316WB,Leiden
Ypenburgbocht,9,A,142,2316WB,Leiden
Ypenburgbocht,9,A,143,2316WB,Leiden
Ypenburgbocht,9,A,143,2316WB,Leiden
Ypenburgbocht,9,A,144,2316WB,Leiden
Ypenburgbocht,9,A,144,2316WB,Leiden
Ypenburgbocht,9,A,144,2316WB,Leiden
Ypenburgbocht,9,A,144,2316WB,Leiden
Ypenburgbocht,9,A,145,2316WB,Leiden
Ypenburgbocht,9,A,145,2316WB,Leiden
Ypenburgbocht,9,A,145,2316WB,Leiden
Ypenburgbocht,9,A,145,2316WB,Leiden
Ypenburgbocht,9,A,146,2316WB,Leiden
Ypenburgbocht,9,A,146,2316WB,Leiden
Ypenburgbocht,9,A,146,2316WB,Leiden
Ypenburgbocht,9,A,146,2316WB,Leiden
Ypenburgbocht,9,A,147,2316WB,Leiden
Ypenburgbocht,9,A,147,2316WB,Leiden
Ypenburgbocht,9,A,148,2316WB,Leiden
Ypenburgbocht,9,A,148,2316WB,Leiden
Ypenburgbocht,9,A,149,2316WB,Leiden
Ypenburgbocht,9,A,149,2316WB,Leiden
Ypenburgbocht,9,A,15,2316WB,Leiden
Ypenburgbocht,9,A,15,2316WB,Leiden
Ypenburgbocht,9,A,150,2316WB,Leiden
Ypenburgbocht,9,A,150,2316WB,Leiden
Ypenburgbocht,9,A,151,2316WB,Leiden
Ypenburgbocht,9,A,151,2316WB,Leiden
Ypenburgbocht,9,A,152,2316WB,Leiden
Ypenburgbocht,9,A,152,2316WB,Leiden
Ypenburgbocht,9,A,153,2316WB,Leiden
Ypenburgbocht,9,A,153,2316WB,Leiden
Ypenburgbocht,9,A,154,2316WB,Leiden
Ypenburgbocht,9,A,154,2316WB,Leiden
Ypenburgbocht,9,A,155,2316WB,Leiden
Ypenburgbocht,9,A,155,2316WB,Leiden
Ypenburgbocht,9,A,16,2316WB,Leiden
Ypenburgbocht,9,A,16,2316WB,Leiden
Ypenburgbocht,9,A,17,2316WB,Leiden
Ypenburgbocht,9,A,17,2316WB,Leiden
Ypenburgbocht,9,A,18,2316WB,Leiden
Ypenburgbocht,9,A,18,2316WB,Leiden
Ypenburgbocht,9,A,19,2316WB,Leiden
Ypenburgbocht,9,A,19,2316WB,Leiden
Ypenburgbocht,9,A,2,2316WB,Leiden
Ypenburgbocht,9,A,2,2316WB,Leiden
Ypenburgbocht,9,A,20,2316WB,Leiden
Ypenburgbocht,9,A,20,2316WB,Leiden
Ypenburgbocht,9,A,201,2316WB,Leiden
Ypenburgbocht,9,A,201,2316WB,Leiden
Ypenburgbocht,9,A,202,2316WB,Leiden
Ypenburgbocht,9,A,202,2316WB,Leiden
Ypenburgbocht,9,A,203,2316WB,Leiden
Ypenburgbocht,9,A,203,2316WB,Leiden
Ypenburgbocht,9,A,204,2316WB,Leiden
Ypenburgbocht,9,A,204,2316WB,Leiden
Ypenburgbocht,9,A,205,2316WB,Leiden
Ypenburgbocht,9,A,205,2316WB,Leiden
Ypenburgbocht,9,A,206,2316WB,Leiden
Ypenburgbocht,9,A,206,2316WB,Leiden
Ypenburgbocht,9,A,207,2316WB,Leiden
Ypenburgbocht,9,A,207,2316WB,Leiden
Ypenburgbocht,9,A,208,2316WB,Leiden
Ypenburgbocht,9,A,208,2316WB,Leiden
Ypenburgbocht,9,A,209,2316WB,Leiden
Ypenburgbocht,9,A,209,2316WB,Leiden
Ypenburgbocht,9,A,21,2316WB,Leiden
Ypenburgbocht,9,A,21,2316WB,Leiden
Ypenburgbocht,9,A,210,2316WB,Leiden
Ypenburgbocht,9,A,210,2316WB,Leiden
Ypenburgbocht,9,A,211,2316WB,Leiden
Ypenburgbocht,9,A,211,2316WB,Leiden
Ypenburgbocht,9,A,212,2316WB,Leiden
Ypenburgbocht,9,A,212,2316WB,Leiden
Ypenburgbocht,9,A,213,2316WB,Leiden
Ypenburgbocht,9,A,213,2316WB,Leiden
Ypenburgbocht,9,A,214,2316WB,Leiden
Ypenburgbocht,9,A,214,2316WB,Leiden
Ypenburgbocht,9,A,215,2316WB,Leiden
Ypenburgbocht,9,A,215,2316WB,Leiden
Ypenburgbocht,9,A,216,2316WB,Leiden
Ypenburgbocht,9,A,216,2316WB,Leiden
Ypenburgbocht,9,A,217,2316WB,Leiden
Ypenburgbocht,9,A,217,2316WB,Leiden
Ypenburgbocht,9,A,218,2316WB,Leiden
Ypenburgbocht,9,A,218,2316WB,Leiden
Ypenburgbocht,9,A,219,2316WB,Leiden
Ypenburgbocht,9,A,219,2316WB,Leiden
Ypenburgbocht,9,A,22,2316WB,Leiden
Ypenburgbocht,9,A,22,2316WB,Leiden
Ypenburgbocht,9,A,220,2316WB,Leiden
Ypenburgbocht,9,A,220,2316WB,Leiden
Ypenburgbocht,9,A,221,2316WB,Leiden
Ypenburgbocht,9,A,221,2316WB,Leiden
Ypenburgbocht,9,A,222,2316WB,Leiden
Ypenburgbocht,9,A,222,2316WB,Leiden
Ypenburgbocht,9,A,223,2316WB,Leiden
Ypenburgbocht,9,A,223,2316WB,Leiden
Ypenburgbocht,9,A,224,2316WB,Leiden
Ypenburgbocht,9,A,224,2316WB,Leiden
Ypenburgbocht,9,A,225,2316WB,Leiden
Ypenburgbocht,9,A,225,2316WB,Leiden
Ypenburgbocht,9,A,226,2316WB,Leiden
Ypenburgbocht,9,A,226,2316WB,Leiden
Ypenburgbocht,9,A,227,2316WB,Leiden
Ypenburgbocht,9,A,227,2316WB,Leiden
Ypenburgbocht,9,A,228,2316WB,Leiden
Ypenburgbocht,9,A,228,2316WB,Leiden
Ypenburgbocht,9,A,229,2316WB,Leiden
Ypenburgbocht,9,A,229,2316WB,Leiden
Ypenburgbocht,9,A,23,2316WB,Leiden
Ypenburgbocht,9,A,23,2316WB,Leiden
Ypenburgbocht,9,A,230,2316WB,Leiden
Ypenburgbocht,9,A,230,2316WB,Leiden
Ypenburgbocht,9,A,231,2316WB,Leiden
Ypenburgbocht,9,A,231,2316WB,Leiden
Ypenburgbocht,9,A,232,2316WB,Leiden
Ypenburgbocht,9,A,232,2316WB,Leiden
Ypenburgbocht,9,A,233,2316WB,Leiden
Ypenburgbocht,9,A,233,2316WB,Leiden
Ypenburgbocht,9,A,234,2316WB,Leiden
Ypenburgbocht,9,A,234,2316WB,Leiden
Ypenburgbocht,9,A,235,2316WB,Leiden
Ypenburgbocht,9,A,235,2316WB,Leiden
Ypenburgbocht,9,A,236,2316WB,Leiden
Ypenburgbocht,9,A,236,2316WB,Leiden
Ypenburgbocht,9,A,237,2316WB,Leiden
Ypenburgbocht,9,A,237,2316WB,Leiden
Ypenburgbocht,9,A,238,2316WB,Leiden
Ypenburgbocht,9,A,238,2316WB,Leiden
Ypenburgbocht,9,A,239,2316WB,Leiden
Ypenburgbocht,9,A,239,2316WB,Leiden
Ypenburgbocht,9,A,24,2316WB,Leiden
Ypenburgbocht,9,A,24,2316WB,Leiden
Ypenburgbocht,9,A,240,2316WB,Leiden
Ypenburgbocht,9,A,240,2316WB,Leiden
Ypenburgbocht,9,A,241,2316WB,Leiden
Ypenburgbocht,9,A,241,2316WB,Leiden
Ypenburgbocht,9,A,242,2316WB,Leiden
Ypenburgbocht,9,A,242,2316WB,Leiden
Ypenburgbocht,9,A,243,2316WB,Leiden
Ypenburgbocht,9,A,243,2316WB,Leiden
Ypenburgbocht,9,A,244,2316WB,Leiden
Ypenburgbocht,9,A,244,2316WB,Leiden
Ypenburgbocht,9,A,245,2316WB,Leiden
Ypenburgbocht,9,A,245,2316WB,Leiden
Ypenburgbocht,9,A,246,2316WB,Leiden
Ypenburgbocht,9,A,246,2316WB,Leiden
Ypenburgbocht,9,A,247,2316WB,Leiden
Ypenburgbocht,9,A,247,2316WB,Leiden
Ypenburgbocht,9,A,248,2316WB,Leiden
Ypenburgbocht,9,A,248,2316WB,Leiden
Ypenburgbocht,9,A,249,2316WB,Leiden
Ypenburgbocht,9,A,249,2316WB,Leiden
Ypenburgbocht,9,A,25,2316WB,Leiden
Ypenburgbocht,9,A,25,2316WB,Leiden
Ypenburgbocht,9,A,250,2316WB,Leiden
Ypenburgbocht,9,A,250,2316WB,Leiden
Ypenburgbocht,9,A,251,2316WB,Leiden
Ypenburgbocht,9,A,251,2316WB,Leiden
Ypenburgbocht,9,A,252,2316WB,Leiden
Ypenburgbocht,9,A,252,2316WB,Leiden
Ypenburgbocht,9,A,253,2316WB,Leiden
Ypenburgbocht,9,A,253,2316WB,Leiden
Ypenburgbocht,9,A,254,2316WB,Leiden
Ypenburgbocht,9,A,254,2316WB,Leiden
Ypenburgbocht,9,A,255,2316WB,Leiden
Ypenburgbocht,9,A,255,2316WB,Leiden
Ypenburgbocht,9,A,26,2316WB,Leiden
Ypenburgbocht,9,A,26,2316WB,Leiden
Ypenburgbocht,9,A,27,2316WB,Leiden
Ypenburgbocht,9,A,27,2316WB,Leiden
Ypenburgbocht,9,A,28,2316WB,Leiden
Ypenburgbocht,9,A,28,2316WB,Leiden
Ypenburgbocht,9,A,29,2316WB,Leiden
Ypenburgbocht,9,A,29,2316WB,Leiden
Ypenburgbocht,9,A,3,2316WB,Leiden
Ypenburgbocht,9,A,3,2316WB,Leiden
Ypenburgbocht,9,A,30,2316WB,Leiden
Ypenburgbocht,9,A,30,2316WB,Leiden
Ypenburgbocht,9,A,301,2316WB,Leiden
Ypenburgbocht,9,A,301,2316WB,Leiden
Ypenburgbocht,9,A,302,2316WB,Leiden
Ypenburgbocht,9,A,302,2316WB,Leiden
Ypenburgbocht,9,A,303,2316WB,Leiden
Ypenburgbocht,9,A,303,2316WB,Leiden
Ypenburgbocht,9,A,304,2316WB,Leiden
Ypenburgbocht,9,A,304,2316WB,Leiden
Ypenburgbocht,9,A,305,2316WB,Leiden
Ypenburgbocht,9,A,305,2316WB,Leiden
Ypenburgbocht,9,A,306,2316WB,Leiden
Ypenburgbocht,9,A,306,2316WB,Leiden
Ypenburgbocht,9,A,307,2316WB,Leiden
Ypenburgbocht,9,A,307,2316WB,Leiden
Ypenburgbocht,9,A,308,2316WB,Leiden
Ypenburgbocht,9,A,308,2316WB,Leiden
Ypenburgbocht,9,A,309,2316WB,Leiden
Ypenburgbocht,9,A,309,2316WB,Leiden
Ypenburgbocht,9,A,31,2316WB,Leiden
Ypenburgbocht,9,A,31,2316WB,Leiden
Ypenburgbocht,9,A,310,2316WB,Leiden
Ypenburgbocht,9,A,310,2316WB,Leiden
Ypenburgbocht,9,A,311,2316WB,Leiden
Ypenburgbocht,9,A,311,2316WB,Leiden
Ypenburgbocht,9,A,312,2316WB,Leiden
Ypenburgbocht,9,A,312,2316WB,Leiden
Ypenburgbocht,9,A,313,2316WB,Leiden
Ypenburgbocht,9,A,313,2316WB,Leiden
Ypenburgbocht,9,A,314,2316WB,Leiden
Ypenburgbocht,9,A,314,2316WB,Leiden
Ypenburgbocht,9,A,315,2316WB,Leiden
Ypenburgbocht,9,A,315,2316WB,Leiden
Ypenburgbocht,9,A,316,2316WB,Leiden
Ypenburgbocht,9,A,316,2316WB,Leiden
Ypenburgbocht,9,A,317,2316WB,Leiden
Ypenburgbocht,9,A,317,2316WB,Leiden
Ypenburgbocht,9,A,318,2316WB,Leiden
Ypenburgbocht,9,A,318,2316WB,Leiden
Ypenburgbocht,9,A,319,2316WB,Leiden
Ypenburgbocht,9,A,319,2316WB,Leiden
Ypenburgbocht,9,A,32,2316WB,Leiden
Ypenburgbocht,9,A,32,2316WB,Leiden
Ypenburgbocht,9,A,320,2316WB,Leiden
Ypenburgbocht,9,A,320,2316WB,Leiden
Ypenburgbocht,9,A,321,2316WB,Leiden
Ypenburgbocht,9,A,321,2316WB,Leiden
Ypenburgbocht,9,A,322,2316WB,Leiden
Ypenburgbocht,9,A,322,2316WB,Leiden
Ypenburgbocht,9,A,323,2316WB,Leiden
Ypenburgbocht,9,A,323,2316WB,Leiden
Ypenburgbocht,9,A,324,2316WB,Leiden
Ypenburgbocht,9,A,324,2316WB,Leiden
Ypenburgbocht,9,A,325,2316WB,Leiden
Ypenburgbocht,9,A,325,2316WB,Leiden
Ypenburgbocht,9,A,326,2316WB,Leiden
Ypenburgbocht,9,A,326,2316WB,Leiden
Ypenburgbocht,9,A,327,2316WB,Leiden
Ypenburgbocht,9,A,327,2316WB,Leiden
Ypenburgbocht,9,A,328,2316WB,Leiden
Ypenburgbocht,9,A,328,2316WB,Leiden
Ypenburgbocht,9,A,329,2316WB,Leiden
Ypenburgbocht,9,A,329,2316WB,Leiden
Ypenburgbocht,9,A,33,2316WB,Leiden
Ypenburgbocht,9,A,33,2316WB,Leiden
Ypenburgbocht,9,A,330,2316WB,Leiden
Ypenburgbocht,9,A,330,2316WB,Leiden
Ypenburgbocht,9,A,331,2316WB,Leiden
Ypenburgbocht,9,A,331,2316WB,Leiden
Ypenburgbocht,9,A,332,2316WB,Leiden
Ypenburgbocht,9,A,332,2316WB,Leiden
Ypenburgbocht,9,A,333,2316WB,Leiden
Ypenburgbocht,9,A,333,2316WB,Leiden
Ypenburgbocht,9,A,334,2316WB,Leiden
Ypenburgbocht,9,A,334,2316WB,Leiden
Ypenburgbocht,9,A,335,2316WB,Leiden
Ypenburgbocht,9,A,335,2316WB,Leiden
Ypenburgbocht,9,A,336,2316WB,Leiden
Ypenburgbocht,9,A,336,2316WB,Leiden
Ypenburgbocht,9,A,337,2316WB,Leiden
Ypenburgbocht,9,A,337,2316WB,Leiden
Ypenburgbocht,9,A,338,2316WB,Leiden
Ypenburgbocht,9,A,338,2316WB,Leiden
Ypenburgbocht,9,A,339,2316WB,Leiden
Ypenburgbocht,9,A,339,2316WB,Leiden
Ypenburgbocht,9,A,34,2316WB,Leiden
Ypenburgbocht,9,A,34,2316WB,Leiden
Ypenburgbocht,9,A,340,2316WB,Leiden
Ypenburgbocht,9,A,340,2316WB,Leiden
Ypenburgbocht,9,A,341,2316WB,Leiden
Ypenburgbocht,9,A,341,2316WB,Leiden
Ypenburgbocht,9,A,342,2316WB,Leiden
Ypenburgbocht,9,A,342,2316WB,Leiden
Ypenburgbocht,9,A,343,2316WB,Leiden
Ypenburgbocht,9,A,343,2316WB,Leiden
Ypenburgbocht,9,A,344,2316WB,Leiden
Ypenburgbocht,9,A,344,2316WB,Leiden
Ypenburgbocht,9,A,345,2316WB,Leiden
Ypenburgbocht,9,A,345,2316WB,Leiden
Ypenburgbocht,9,A,346,2316WB,Leiden
Ypenburgbocht,9,A,346,2316WB,Leiden
Ypenburgbocht,9,A,347,2316WB,Leiden
Ypenburgbocht,9,A,347,2316WB,Leiden
Ypenburgbocht,9,A,348,2316WB,Leiden
Ypenburgbocht,9,A,348,2316WB,Leiden
Ypenburgbocht,9,A,349,2316WB,Leiden
Ypenburgbocht,9,A,349,2316WB,Leiden
Ypenburgbocht,9,A,35,2316WB,Leiden
Ypenburgbocht,9,A,35,2316WB,Leiden
Ypenburgbocht,9,A,350,2316WB,Leiden
Ypenburgbocht,9,A,350,2316WB,Leiden
Ypenburgbocht,9,A,351,2316WB,Leiden
Ypenburgbocht,9,A,351,2316WB,Leiden
Ypenburgbocht,9,A,352,2316WB,Leiden
Ypenburgbocht,9,A,352,2316WB,Leiden
Ypenburgbocht,9,A,353,2316WB,Leiden
Ypenburgbocht,9,A,353,2316WB,Leiden
Ypenburgbocht,9,A,354,2316WB,Leiden
Ypenburgbocht,9,A,354,2316WB,Leiden
Ypenburgbocht,9,A,355,2316WB,Leiden
Ypenburgbocht,9,A,355,2316WB,Leiden
Ypenburgbocht,9,A,356,2316WB,Leiden
Ypenburgbocht,9,A,356,2316WB,Leiden
Ypenburgbocht,9,A,357,2316WB,Leiden
Ypenburgbocht,9,A,357,2316WB,Leiden
Ypenburgbocht,9,A,358,2316WB,Leiden
Ypenburgbocht,9,A,358,2316WB,Leiden
Ypenburgbocht,9,A,36,2316WB,Leiden
Ypenburgbocht,9,A,36,2316WB,Leiden
Ypenburgbocht,9,A,37,2316WB,Leiden
Ypenburgbocht,9,A,37,2316WB,Leiden
Ypenburgbocht,9,A,38,2316WB,Leiden
Ypenburgbocht,9,A,38,2316WB,Leiden
Ypenburgbocht,9,A,39,2316WB,Leiden
Ypenburgbocht,9,A,39,2316WB,Leiden
Ypenburgbocht,9,A,4,2316WB,Leiden
Ypenburgbocht,9,A,4,2316WB,Leiden
Ypenburgbocht,9,A,40,2316WB,Leiden
Ypenburgbocht,9,A,40,2316WB,Leiden
Ypenburgbocht,9,A,401,2316WB,Leiden
Ypenburgbocht,9,A,401,2316WB,Leiden
Ypenburgbocht,9,A,402,2316WB,Leiden
Ypenburgbocht,9,A,402,2316WB,Leiden
Ypenburgbocht,9,A,403,2316WB,Leiden
Ypenburgbocht,9,A,403,2316WB,Leiden
Ypenburgbocht,9,A,404,2316WB,Leiden
Ypenburgbocht,9,A,404,2316WB,Leiden
Ypenburgbocht,9,A,405,2316WB,Leiden
Ypenburgbocht,9,A,405,2316WB,Leiden
Ypenburgbocht,9,A,406,2316WB,Leiden
Ypenburgbocht,9,A,406,2316WB,Leiden
Ypenburgbocht,9,A,407,2316WB,Leiden
Ypenburgbocht,9,A,407,2316WB,Leiden
Ypenburgbocht,9,A,408,2316WB,Leiden
Ypenburgbocht,9,A,408,2316WB,Leiden
Ypenburgbocht,9,A,409,2316WB,Leiden
Ypenburgbocht,9,A,409,2316WB,Leiden
Ypenburgbocht,9,A,41,2316WB,Leiden
Ypenburgbocht,9,A,41,2316WB,Leiden
Ypenburgbocht,9,A,410,2316WB,Leiden
Ypenburgbocht,9,A,410,2316WB,Leiden
Ypenburgbocht,9,A,411,2316WB,Leiden
Ypenburgbocht,9,A,411,2316WB,Leiden
Ypenburgbocht,9,A,412,2316WB,Leiden
Ypenburgbocht,9,A,412,2316WB,Leiden
Ypenburgbocht,9,A,413,2316WB,Leiden
Ypenburgbocht,9,A,413,2316WB,Leiden
Ypenburgbocht,9,A,414,2316WB,Leiden
Ypenburgbocht,9,A,414,2316WB,Leiden
Ypenburgbocht,9,A,415,2316WB,Leiden
Ypenburgbocht,9,A,415,2316WB,Leiden
Ypenburgbocht,9,A,416,2316WB,Leiden
Ypenburgbocht,9,A,416,2316WB,Leiden
Ypenburgbocht,9,A,417,2316WB,Leiden
Ypenburgbocht,9,A,417,2316WB,Leiden
Ypenburgbocht,9,A,418,2316WB,Leiden
Ypenburgbocht,9,A,418,2316WB,Leiden
Ypenburgbocht,9,A,419,2316WB,Leiden
Ypenburgbocht,9,A,419,2316WB,Leiden
Ypenburgbocht,9,A,42,2316WB,Leiden
Ypenburgbocht,9,A,42,2316WB,Leiden
Ypenburgbocht,9,A,420,2316WB,Leiden
Ypenburgbocht,9,A,420,2316WB,Leiden
Ypenburgbocht,9,A,421,2316WB,Leiden
Ypenburgbocht,9,A,421,2316WB,Leiden
Ypenburgbocht,9,A,422,2316WB,Leiden
Ypenburgbocht,9,A,422,2316WB,Leiden
Ypenburgbocht,9,A,423,2316WB,Leiden
Ypenburgbocht,9,A,423,2316WB,Leiden
Ypenburgbocht,9,A,424,2316WB,Leiden
Ypenburgbocht,9,A,424,2316WB,Leiden
Ypenburgbocht,9,A,425,2316WB,Leiden
Ypenburgbocht,9,A,425,2316WB,Leiden
Ypenburgbocht,9,A,426,2316WB,Leiden
Ypenburgbocht,9,A,426,2316WB,Leiden
Ypenburgbocht,9,A,427,2316WB,Leiden
Ypenburgbocht,9,A,427,2316WB,Leiden
Ypenburgbocht,9,A,428,2316WB,Leiden
Ypenburgbocht,9,A,428,2316WB,Leiden
Ypenburgbocht,9,A,429,2316WB,Leiden
Ypenburgbocht,9,A,429,2316WB,Leiden
Ypenburgbocht,9,A,43,2316WB,Leiden
Ypenburgbocht,9,A,43,2316WB,Leiden
Ypenburgbocht,9,A,430,2316WB,Leiden
Ypenburgbocht,9,A,430,2316WB,Leiden
Ypenburgbocht,9,A,431,2316WB,Leiden
Ypenburgbocht,9,A,431,2316WB,Leiden
Ypenburgbocht,9,A,432,2316WB,Leiden
Ypenburgbocht,9,A,432,2316WB,Leiden
Ypenburgbocht,9,A,433,2316WB,Leiden
Ypenburgbocht,9,A,433,2316WB,Leiden
Ypenburgbocht,9,A,434,2316WB,Leiden
Ypenburgbocht,9,A,434,2316WB,Leiden
Ypenburgbocht,9,A,435,2316WB,Leiden
Ypenburgbocht,9,A,435,2316WB,Leiden
Ypenburgbocht,9,A,436,2316WB,Leiden
Ypenburgbocht,9,A,436,2316WB,Leiden
Ypenburgbocht,9,A,44,2316WB,Leiden
Ypenburgbocht,9,A,44,2316WB,Leiden
Ypenburgbocht,9,A,45,2316WB,Leiden
Ypenburgbocht,9,A,45,2316WB,Leiden
Ypenburgbocht,9,A,46,2316WB,Leiden
Ypenburgbocht,9,A,46,2316WB,Leiden
Ypenburgbocht,9,A,47,2316WB,Leiden
Ypenburgbocht,9,A,47,2316WB,Leiden
Ypenburgbocht,9,A,48,2316WB,Leiden
Ypenburgbocht,9,A,48,2316WB,Leiden
Ypenburgbocht,9,A,5,2316WB,Leiden
Ypenburgbocht,9,A,5,2316WB,Leiden
Ypenburgbocht,9,A,501,2316WB,Leiden
Ypenburgbocht,9,A,501,2316WB,Leiden
Ypenburgbocht,9,A,502,2316WB,Leiden
Ypenburgbocht,9,A,502,2316WB,Leiden
Ypenburgbocht,9,A,503,2316WB,Leiden
Ypenburgbocht,9,A,503,2316WB,Leiden
Ypenburgbocht,9,A,504,2316WB,Leiden
Ypenburgbocht,9,A,504,2316WB,Leiden
Ypenburgbocht,9,A,505,2316WB,Leiden
Ypenburgbocht,9,A,505,2316WB,Leiden
Ypenburgbocht,9,A,506,2316WB,Leiden
Ypenburgbocht,9,A,506,2316WB,Leiden
Ypenburgbocht,9,A,507,2316WB,Leiden
Ypenburgbocht,9,A,507,2316WB,Leiden
Ypenburgbocht,9,A,508,2316WB,Leiden
Ypenburgbocht,9,A,508,2316WB,Leiden
Ypenburgbocht,9,A,509,2316WB,Leiden
Ypenburgbocht,9,A,509,2316WB,Leiden
Ypenburgbocht,9,A,510,2316WB,Leiden
Ypenburgbocht,9,A,510,2316WB,Leiden
Ypenburgbocht,9,A,511,2316WB,Leiden
Ypenburgbocht,9,A,511,2316WB,Leiden
Ypenburgbocht,9,A,512,2316WB,Leiden
Ypenburgbocht,9,A,512,2316WB,Leiden
Ypenburgbocht,9,A,513,2316WB,Leiden
Ypenburgbocht,9,A,513,2316WB,Leiden
Ypenburgbocht,9,A,514,2316WB,Leiden
Ypenburgbocht,9,A,514,2316WB,Leiden
Ypenburgbocht,9,A,515,2316WB,Leiden
Ypenburgbocht,9,A,515,2316WB,Leiden
Ypenburgbocht,9,A,516,2316WB,Leiden
Ypenburgbocht,9,A,516,2316WB,Leiden
Ypenburgbocht,9,A,517,2316WB,Leiden
Ypenburgbocht,9,A,517,2316WB,Leiden
Ypenburgbocht,9,A,518,2316WB,Leiden
Ypenburgbocht,9,A,518,2316WB,Leiden
Ypenburgbocht,9,A,519,2316WB,Leiden
Ypenburgbocht,9,A,519,2316WB,Leiden
Ypenburgbocht,9,A,520,2316WB,Leiden
Ypenburgbocht,9,A,520,2316WB,Leiden
Ypenburgbocht,9,A,521,2316WB,Leiden
Ypenburgbocht,9,A,521,2316WB,Leiden
Ypenburgbocht,9,A,522,2316WB,Leiden
Ypenburgbocht,9,A,522,2316WB,Leiden
Ypenburgbocht,9,A,523,2316WB,Leiden
Ypenburgbocht,9,A,523,2316WB,Leiden
Ypenburgbocht,9,A,524,2316WB,Leiden
Ypenburgbocht,9,A,524,2316WB,Leiden
Ypenburgbocht,9,A,525,2316WB,Leiden
Ypenburgbocht,9,A,525,2316WB,Leiden
Ypenburgbocht,9,A,526,2316WB,Leiden
Ypenburgbocht,9,A,526,2316WB,Leiden
Ypenburgbocht,9,A,527,2316WB,Leiden
Ypenburgbocht,9,A,527,2316WB,Leiden
Ypenburgbocht,9,A,528,2316WB,Leiden
Ypenburgbocht,9,A,528,2316WB,Leiden
Ypenburgbocht,9,A,529,2316WB,Leiden
Ypenburgbocht,9,A,529,2316WB,Leiden
Ypenburgbocht,9,A,530,2316WB,Leiden
Ypenburgbocht,9,A,530,2316WB,Leiden
Ypenburgbocht,9,A,6,2316WB,Leiden
Ypenburgbocht,9,A,6,2316WB,Leiden
Ypenburgbocht,9,A,7,2316WB,Leiden
Ypenburgbocht,9,A,7,2316WB,Leiden
Ypenburgbocht,9,A,8,2316WB,Leiden
Ypenburgbocht,9,A,8,2316WB,Leiden
Ypenburgbocht,9,A,9,2316WB,Leiden
Ypenburgbocht,9,A,9,2316WB,Leiden
Ebel Magninpad,10,"","",2316WX,Leiden
Ebel Magninpad,10,"","",2316WX,Leiden
Ebel Magninpad,18,"","",2316WX,Leiden
Ebel Magninpad,18,"","",2316WX,Leiden
Dellaertweg,1,"","",2316WZ,Leiden
Dellaertweg,5,B,"",2316WZ,Leiden
Dellaertweg,5,C,"",2316WZ,Leiden
Dellaertweg,5,D,"",2316WZ,Leiden
Dellaertweg,5,E,"",2316WZ,Leiden
Dellaertweg,5,F,"",2316WZ,Leiden
Dellaertweg,5,G,"",2316WZ,Leiden
Dellaertweg,7,B,"",2316WZ,Leiden
Dellaertweg,7,C,"",2316WZ,Leiden
Dellaertweg,7,D,"",2316WZ,Leiden
Dellaertweg,7,E,"",2316WZ,Leiden
Dellaertweg,7,F,"",2316WZ,Leiden
Dellaertweg,7,G,"",2316WZ,Leiden
Dellaertweg,9,B,"",2316WZ,Leiden
Dellaertweg,9,C,"",2316WZ,Leiden
Dellaertweg,9,D,"",2316WZ,Leiden
Dellaertweg,9,E,"",2316WZ,Leiden
Dellaertweg,9,F,"",2316WZ,Leiden
Dellaertweg,9,F,"",2316WZ,Leiden
Dellaertweg,9,F,1,2316WZ,Leiden
Dellaertweg,9,G,"",2316WZ,Leiden
Schipholweg,97,"","",2316XA,Leiden
Schipholweg,99,"","",2316XA,Leiden
Schipholweg,1,"","",2316XB,Leiden
Schipholweg,1,A,"",2316XB,Leiden
Schipholweg,11,"","",2316XB,Leiden
Schipholweg,11,A,"",2316XB,Leiden
Schipholweg,11,D,"",2316XB,Leiden
Schipholweg,11,E,"",2316XB,Leiden
Schipholweg,11,F,"",2316XB,Leiden
Schipholweg,11,G,"",2316XB,Leiden
Schipholweg,13,"","",2316XB,Leiden
Schipholweg,13,"","",2316XB,Leiden
Schipholweg,15,"","",2316XB,Leiden
Schipholweg,3,"","",2316XB,Leiden
Schipholweg,5,"","",2316XB,Leiden
Schipholweg,5,A,"",2316XB,Leiden
Schipholweg,7,"","",2316XB,Leiden
Schipholweg,7,A,"",2316XB,Leiden
Schipholweg,7,B,"",2316XB,Leiden
Schipholweg,7,C,"",2316XB,Leiden
Schipholweg,7,D,"",2316XB,Leiden
Schipholweg,9,"","",2316XB,Leiden
Schipholweg,9,A,"",2316XB,Leiden
Schipholweg,9,B,"",2316XB,Leiden
Schipholweg,9,C,"",2316XB,Leiden
Schipholweg,9,D,"",2316XB,Leiden
Schipholweg,9,E,"",2316XB,Leiden
Schipholweg,9,F,"",2316XB,Leiden
Schipholweg,101,"","",2316XC,Leiden
Schipholweg,101,A,"",2316XC,Leiden
Schipholweg,101,B,"",2316XC,Leiden
Schipholweg,101,C,"",2316XC,Leiden
Schipholweg,101,D,"",2316XC,Leiden
Schipholweg,101,E,"",2316XC,Leiden
Schipholweg,101,F,"",2316XC,Leiden
Schipholweg,101,G,"",2316XC,Leiden
Schipholweg,101,H,"",2316XC,Leiden
Schipholweg,101,K,"",2316XC,Leiden
Schipholweg,101,L,"",2316XC,Leiden
Schipholweg,101,L,"",2316XC,Leiden
Schipholweg,101,L,1,2316XC,Leiden
Schipholweg,101,L,2,2316XC,Leiden
Schipholweg,101,L,3,2316XC,Leiden
Schipholweg,101,L,4,2316XC,Leiden
Schipholweg,101,L,5,2316XC,Leiden
Schipholweg,101,M,"",2316XC,Leiden
Schipholweg,101,M,"",2316XC,Leiden
Schipholweg,101,M,1,2316XC,Leiden
Schipholweg,101,M,10,2316XC,Leiden
Schipholweg,101,M,11,2316XC,Leiden
Schipholweg,101,M,12,2316XC,Leiden
Schipholweg,101,M,13,2316XC,Leiden
Schipholweg,101,M,14,2316XC,Leiden
Schipholweg,101,M,15,2316XC,Leiden
Schipholweg,101,M,16,2316XC,Leiden
Schipholweg,101,M,17,2316XC,Leiden
Schipholweg,101,M,18,2316XC,Leiden
Schipholweg,101,M,19,2316XC,Leiden
Schipholweg,101,M,2,2316XC,Leiden
Schipholweg,101,M,20,2316XC,Leiden
Schipholweg,101,M,21,2316XC,Leiden
Schipholweg,101,M,22,2316XC,Leiden
Schipholweg,101,M,3,2316XC,Leiden
Schipholweg,101,M,4,2316XC,Leiden
Schipholweg,101,M,5,2316XC,Leiden
Schipholweg,101,M,6,2316XC,Leiden
Schipholweg,101,M,7,2316XC,Leiden
Schipholweg,101,M,8,2316XC,Leiden
Schipholweg,101,M,9,2316XC,Leiden
Schipholweg,101,N,"",2316XC,Leiden
Schipholweg,101,N,1,2316XC,Leiden
Schipholweg,101,N,2,2316XC,Leiden
Schipholweg,101,N,3,2316XC,Leiden
Schipholweg,101,N,4,2316XC,Leiden
Schipholweg,101,N,5,2316XC,Leiden
Schipholweg,101,P,"",2316XC,Leiden
Schipholweg,101,P,1,2316XC,Leiden
Schipholweg,101,P,2,2316XC,Leiden
Schipholweg,101,P,3,2316XC,Leiden
Schipholweg,101,P,4,2316XC,Leiden
Schipholweg,101,P,5,2316XC,Leiden
Schipholweg,101,R,"",2316XC,Leiden
Schipholweg,101,R,1,2316XC,Leiden
Schipholweg,101,R,2,2316XC,Leiden
Schipholweg,101,R,3,2316XC,Leiden
Schipholweg,101,R,4,2316XC,Leiden
Schipholweg,101,R,5,2316XC,Leiden
Schipholweg,101,S,"",2316XC,Leiden
Schipholweg,101,S,1,2316XC,Leiden
Schipholweg,101,S,2,2316XC,Leiden
Schipholweg,101,S,3,2316XC,Leiden
Schipholweg,101,S,4,2316XC,Leiden
Schipholweg,101,S,5,2316XC,Leiden
Schipholweg,101,T,"",2316XC,Leiden
Schipholweg,101,T,1,2316XC,Leiden
Schipholweg,101,T,2,2316XC,Leiden
Schipholweg,101,U,"",2316XC,Leiden
Schipholweg,101,Z,"",2316XC,Leiden
Schipholweg,103,"","",2316XC,Leiden
Schipholweg,105,"","",2316XC,Leiden
Schipholweg,107,"","",2316XC,Leiden
Schipholweg,109,"","",2316XC,Leiden
Schipholweg,111,"","",2316XC,Leiden
Schipholweg,113,"","",2316XC,Leiden
Schipholweg,115,"","",2316XC,Leiden
Schipholweg,117,"","",2316XC,Leiden
Schipholweg,119,"","",2316XC,Leiden
Schipholweg,121,"","",2316XC,Leiden
Schipholweg,123,"","",2316XC,Leiden
Schipholweg,100,"","",2316XD,Leiden
Schipholweg,102,"","",2316XD,Leiden
Schipholweg,104,"","",2316XD,Leiden
Schipholweg,106,"","",2316XD,Leiden
Schipholweg,108,"","",2316XD,Leiden
Schipholweg,110,"","",2316XD,Leiden
Schipholweg,112,"","",2316XD,Leiden
Schipholweg,114,"","",2316XD,Leiden
Schipholweg,118,"","",2316XD,Leiden
Schipholweg,120,"","",2316XD,Leiden
Schipholweg,122,"","",2316XD,Leiden
Schipholweg,124,"","",2316XD,Leiden
Schipholweg,126,"","",2316XD,Leiden
Schipholweg,128,"","",2316XD,Leiden
Schipholweg,130,"","",2316XD,Leiden
Schipholweg,130,"","",2316XD,Leiden
Schipholweg,130,A,"",2316XD,Leiden
Schipholweg,132,"","",2316XD,Leiden
Schipholweg,134,"","",2316XD,Leiden
Schipholweg,136,"","",2316XD,Leiden
Schipholweg,138,"","",2316XD,Leiden
Schipholweg,140,"","",2316XD,Leiden
Schipholweg,142,"","",2316XD,Leiden
Schipholweg,144,"","",2316XD,Leiden
Schipholweg,146,"","",2316XD,Leiden
Schipholweg,148,"","",2316XD,Leiden
Schipholweg,150,"","",2316XD,Leiden
Schipholweg,152,"","",2316XD,Leiden
Schipholweg,154,"","",2316XD,Leiden
Schipholweg,156,"","",2316XD,Leiden
Schipholweg,158,"","",2316XD,Leiden
Schipholweg,160,"","",2316XD,Leiden
Schipholweg,162,"","",2316XD,Leiden
Schipholweg,164,"","",2316XD,Leiden
Schipholweg,166,"","",2316XD,Leiden
Schipholweg,168,"","",2316XD,Leiden
Schipholweg,170,"","",2316XD,Leiden
Schipholweg,172,"","",2316XD,Leiden
Schipholweg,174,"","",2316XD,Leiden
Schipholweg,176,"","",2316XD,Leiden
Schipholweg,178,"","",2316XD,Leiden
Schipholweg,180,"","",2316XD,Leiden
Schipholweg,182,"","",2316XD,Leiden
Schipholweg,184,"","",2316XD,Leiden
Schipholweg,186,"","",2316XD,Leiden
Schipholweg,188,"","",2316XD,Leiden
Schipholweg,190,"","",2316XD,Leiden
Schipholweg,192,"","",2316XD,Leiden
Schipholweg,194,"","",2316XD,Leiden
Schipholweg,196,"","",2316XD,Leiden
Schipholweg,198,"","",2316XD,Leiden
Schipholweg,200,"","",2316XD,Leiden
Schipholweg,202,"","",2316XD,Leiden
Schipholweg,204,"","",2316XD,Leiden
Schipholweg,206,"","",2316XD,Leiden
Schipholweg,208,"","",2316XD,Leiden
Schipholweg,210,"","",2316XD,Leiden
Schipholweg,212,"","",2316XD,Leiden
Schipholweg,214,"","",2316XD,Leiden
Schipholweg,216,"","",2316XD,Leiden
Schipholweg,218,"","",2316XD,Leiden
Schipholweg,220,"","",2316XD,Leiden
Schipholweg,222,"","",2316XD,Leiden
Schipholweg,224,"","",2316XD,Leiden
Schipholweg,226,"","",2316XD,Leiden
Schipholweg,228,"","",2316XD,Leiden
Schipholweg,230,"","",2316XD,Leiden
Schipholweg,232,"","",2316XD,Leiden
Schipholweg,234,"","",2316XD,Leiden
Schipholweg,236,"","",2316XD,Leiden
Schipholweg,238,"","",2316XD,Leiden
Schipholweg,240,"","",2316XD,Leiden
Schipholweg,242,"","",2316XD,Leiden
Schipholweg,244,"","",2316XD,Leiden
Schipholweg,246,"","",2316XD,Leiden
Schipholweg,248,"","",2316XD,Leiden
Schipholweg,250,"","",2316XD,Leiden
Schipholweg,252,"","",2316XD,Leiden
Schipholweg,254,"","",2316XD,Leiden
Schipholweg,256,"","",2316XD,Leiden
Schipholweg,258,"","",2316XD,Leiden
Schipholweg,260,"","",2316XD,Leiden
Schipholweg,262,"","",2316XD,Leiden
Schipholweg,264,"","",2316XD,Leiden
Schipholweg,266,"","",2316XD,Leiden
Schipholweg,268,"","",2316XD,Leiden
Schipholweg,270,"","",2316XD,Leiden
Schipholweg,272,"","",2316XD,Leiden
Schipholweg,274,"","",2316XD,Leiden
Schipholweg,276,"","",2316XD,Leiden
Schipholweg,278,"","",2316XD,Leiden
Schipholweg,280,"","",2316XD,Leiden
Schipholweg,282,"","",2316XD,Leiden
Schipholweg,284,"","",2316XD,Leiden
Schipholweg,286,"","",2316XD,Leiden
Schipholweg,288,"","",2316XD,Leiden
Schipholweg,290,"","",2316XD,Leiden
Schipholweg,292,"","",2316XD,Leiden
Schipholweg,294,"","",2316XD,Leiden
Schipholweg,296,"","",2316XD,Leiden
Schipholweg,298,"","",2316XD,Leiden
Schipholweg,300,"","",2316XD,Leiden
Schipholweg,302,"","",2316XD,Leiden
Schipholweg,304,"","",2316XD,Leiden
Schipholweg,306,"","",2316XD,Leiden
Schipholweg,308,"","",2316XD,Leiden
Schipholweg,310,"","",2316XD,Leiden
Schipholweg,312,"","",2316XD,Leiden
Schipholweg,314,"","",2316XD,Leiden
Schipholweg,316,"","",2316XD,Leiden
Schipholweg,318,"","",2316XD,Leiden
Schipholweg,320,"","",2316XD,Leiden
Schipholweg,322,"","",2316XD,Leiden
Schipholweg,324,"","",2316XD,Leiden
Schipholweg,326,"","",2316XD,Leiden
Schipholweg,328,"","",2316XD,Leiden
Schipholweg,330,"","",2316XD,Leiden
Schipholweg,332,"","",2316XD,Leiden
Schipholweg,334,"","",2316XD,Leiden
Schipholweg,336,"","",2316XD,Leiden
Schipholweg,338,"","",2316XD,Leiden
Schipholweg,340,"","",2316XD,Leiden
Schipholweg,342,"","",2316XD,Leiden
Schipholweg,344,"","",2316XD,Leiden
Schipholweg,346,"","",2316XD,Leiden
Schipholweg,348,"","",2316XD,Leiden
Schipholweg,350,"","",2316XD,Leiden
Schipholweg,352,"","",2316XD,Leiden
Schipholweg,354,"","",2316XD,Leiden
Schipholweg,356,"","",2316XD,Leiden
Schipholweg,358,"","",2316XD,Leiden
Schipholweg,360,"","",2316XD,Leiden
Schipholweg,362,"","",2316XD,Leiden
Schipholweg,364,"","",2316XD,Leiden
Schipholweg,366,"","",2316XD,Leiden
Schipholweg,368,"","",2316XD,Leiden
Schipholweg,370,"","",2316XD,Leiden
Schipholweg,372,"","",2316XD,Leiden
Schipholweg,374,"","",2316XD,Leiden
Schipholweg,376,"","",2316XD,Leiden
Schipholweg,378,"","",2316XD,Leiden
Schipholweg,380,"","",2316XD,Leiden
Schipholweg,382,"","",2316XD,Leiden
Schipholweg,384,"","",2316XD,Leiden
Schipholweg,386,"","",2316XD,Leiden
Schipholweg,388,"","",2316XD,Leiden
Schipholweg,390,"","",2316XD,Leiden
Schipholweg,392,"","",2316XD,Leiden
Schipholweg,394,"","",2316XD,Leiden
Schipholweg,396,"","",2316XD,Leiden
Schipholweg,398,"","",2316XD,Leiden
Schipholweg,400,"","",2316XD,Leiden
Schipholweg,402,"","",2316XD,Leiden
Schipholweg,404,"","",2316XD,Leiden
Schipholweg,406,"","",2316XD,Leiden
Schipholweg,408,"","",2316XD,Leiden
Schipholweg,410,"","",2316XD,Leiden
Schipholweg,70,"","",2316XD,Leiden
Schipholweg,72,"","",2316XD,Leiden
Schipholweg,74,"","",2316XD,Leiden
Schipholweg,74,A,"",2316XD,Leiden
Schipholweg,76,"","",2316XD,Leiden
Schipholweg,76,A,"",2316XD,Leiden
Schipholweg,78,"","",2316XD,Leiden
Schipholweg,80,"","",2316XD,Leiden
Schipholweg,82,"","",2316XD,Leiden
Schipholweg,84,"","",2316XD,Leiden
Schipholweg,86,"","",2316XD,Leiden
Schipholweg,94,"","",2316XD,Leiden
Schipholweg,96,"","",2316XD,Leiden
Schipholweg,96,A,"",2316XD,Leiden
Schipholweg,98,"","",2316XD,Leiden
Schipholweg,66,"","",2316XE,Leiden
Schipholweg,66,A,"",2316XE,Leiden
Schipholweg,66,B,"",2316XE,Leiden
Schipholweg,66,C,"",2316XE,Leiden
Schipholweg,66,D,"",2316XE,Leiden
Schipholweg,66,E,"",2316XE,Leiden
Schipholweg,68,A,"",2316XE,Leiden
Schipholweg,68,B,"",2316XE,Leiden
Schipholweg,68,C,"",2316XE,Leiden
Schipholweg,68,D,"",2316XE,Leiden
Schipholweg,68,D,"",2316XE,Leiden
Schipholweg,68,F,"",2316XE,Leiden
Schipholweg,68,G,"",2316XE,Leiden
Schipholweg,68,G,"",2316XE,Leiden
Schipholweg,68,H,"",2316XE,Leiden
Schipholweg,68,H,"",2316XE,Leiden
Schipholweg,68,R,"",2316XE,Leiden
Schuttersveld,1,"","",2316XG,Leiden
Schuttersveld,1,"","",2316XG,Leiden
Schuttersveld,1,T,"",2316XG,Leiden
Schuttersveld,3,"","",2316XG,Leiden
Schuttersveld,3,"","",2316XG,Leiden
Schuttersveld,3,A,"",2316XG,Leiden
Schuttersveld,3,A,1,2316XG,Leiden
Schuttersveld,3,A,10,2316XG,Leiden
Schuttersveld,3,A,11,2316XG,Leiden
Schuttersveld,3,A,12,2316XG,Leiden
Schuttersveld,3,A,2,2316XG,Leiden
Schuttersveld,3,A,3,2316XG,Leiden
Schuttersveld,3,A,4,2316XG,Leiden
Schuttersveld,3,A,5,2316XG,Leiden
Schuttersveld,3,A,6,2316XG,Leiden
Schuttersveld,3,A,7,2316XG,Leiden
Schuttersveld,3,A,8,2316XG,Leiden
Schuttersveld,3,A,9,2316XG,Leiden
Schuttersveld,3,B,"",2316XG,Leiden
Schuttersveld,3,B,1,2316XG,Leiden
Schuttersveld,3,B,10,2316XG,Leiden
Schuttersveld,3,B,11,2316XG,Leiden
Schuttersveld,3,B,12,2316XG,Leiden
Schuttersveld,3,B,13,2316XG,Leiden
Schuttersveld,3,B,2,2316XG,Leiden
Schuttersveld,3,B,3,2316XG,Leiden
Schuttersveld,3,B,4,2316XG,Leiden
Schuttersveld,3,B,5,2316XG,Leiden
Schuttersveld,3,B,6,2316XG,Leiden
Schuttersveld,3,B,7,2316XG,Leiden
Schuttersveld,3,B,8,2316XG,Leiden
Schuttersveld,3,B,9,2316XG,Leiden
Schuttersveld,3,C,"",2316XG,Leiden
Schuttersveld,3,C,1,2316XG,Leiden
Schuttersveld,3,C,10,2316XG,Leiden
Schuttersveld,3,C,11,2316XG,Leiden
Schuttersveld,3,C,12,2316XG,Leiden
Schuttersveld,3,C,13,2316XG,Leiden
Schuttersveld,3,C,2,2316XG,Leiden
Schuttersveld,3,C,3,2316XG,Leiden
Schuttersveld,3,C,4,2316XG,Leiden
Schuttersveld,3,C,5,2316XG,Leiden
Schuttersveld,3,C,6,2316XG,Leiden
Schuttersveld,3,C,7,2316XG,Leiden
Schuttersveld,3,C,8,2316XG,Leiden
Schuttersveld,3,C,9,2316XG,Leiden
Schuttersveld,3,D,"",2316XG,Leiden
Schuttersveld,3,D,1,2316XG,Leiden
Schuttersveld,3,D,10,2316XG,Leiden
Schuttersveld,3,D,11,2316XG,Leiden
Schuttersveld,3,D,12,2316XG,Leiden
Schuttersveld,3,D,13,2316XG,Leiden
Schuttersveld,3,D,2,2316XG,Leiden
Schuttersveld,3,D,3,2316XG,Leiden
Schuttersveld,3,D,4,2316XG,Leiden
Schuttersveld,3,D,5,2316XG,Leiden
Schuttersveld,3,D,6,2316XG,Leiden
Schuttersveld,3,D,7,2316XG,Leiden
Schuttersveld,3,D,8,2316XG,Leiden
Schuttersveld,3,D,9,2316XG,Leiden
Schuttersveld,3,E,"",2316XG,Leiden
Schuttersveld,3,E,1,2316XG,Leiden
Schuttersveld,3,E,10,2316XG,Leiden
Schuttersveld,3,E,11,2316XG,Leiden
Schuttersveld,3,E,12,2316XG,Leiden
Schuttersveld,3,E,13,2316XG,Leiden
Schuttersveld,3,E,2,2316XG,Leiden
Schuttersveld,3,E,3,2316XG,Leiden
Schuttersveld,3,E,4,2316XG,Leiden
Schuttersveld,3,E,5,2316XG,Leiden
Schuttersveld,3,E,6,2316XG,Leiden
Schuttersveld,3,E,7,2316XG,Leiden
Schuttersveld,3,E,8,2316XG,Leiden
Schuttersveld,3,E,9,2316XG,Leiden
Schuttersveld,3,F,"",2316XG,Leiden
Schuttersveld,3,F,1,2316XG,Leiden
Schuttersveld,3,F,2,2316XG,Leiden
Schuttersveld,3,F,3,2316XG,Leiden
Schuttersveld,3,F,4,2316XG,Leiden
Schuttersveld,3,F,5,2316XG,Leiden
Schuttersveld,3,F,6,2316XG,Leiden
Schuttersveld,3,F,7,2316XG,Leiden
Schuttersveld,9,"","",2316XG,Leiden
Schuttersveld,9,T,"",2316XG,Leiden
Schutterstraat,11,"","",2316XH,Leiden
Schutterstraat,11,A,"",2316XH,Leiden
Schutterstraat,13,"","",2316XH,Leiden
Schutterstraat,13,"","",2316XH,Leiden
Schutterstraat,13,A,"",2316XH,Leiden
Schutterstraat,13,B,"",2316XH,Leiden
Schutterstraat,15,"","",2316XH,Leiden
Schutterstraat,15,A,"",2316XH,Leiden
Schutterstraat,15,A,"",2316XH,Leiden
Schutterstraat,15,B,"",2316XH,Leiden
Schutterstraat,15,C,"",2316XH,Leiden
Schutterstraat,17,"","",2316XH,Leiden
Schutterstraat,17,A,"",2316XH,Leiden
Schutterstraat,17,A,"",2316XH,Leiden
Schutterstraat,17,B,"",2316XH,Leiden
Schutterstraat,19,"","",2316XH,Leiden
Schutterstraat,19,A,"",2316XH,Leiden
Schutterstraat,21,"","",2316XH,Leiden
Schutterstraat,21,"","",2316XH,Leiden
Schutterstraat,21,A,"",2316XH,Leiden
Schutterstraat,21,A,"",2316XH,Leiden
Schutterstraat,21,B,"",2316XH,Leiden
Schutterstraat,23,"","",2316XH,Leiden
Schutterstraat,23,A,"",2316XH,Leiden
Schutterstraat,25,"","",2316XH,Leiden
Schutterstraat,3,"","",2316XH,Leiden
Schutterstraat,3,A,"",2316XH,Leiden
Schutterstraat,5,"","",2316XH,Leiden
Schutterstraat,5,"","",2316XH,Leiden
Schutterstraat,5,A,"",2316XH,Leiden
Schutterstraat,7,"","",2316XH,Leiden
Schutterstraat,7,"","",2316XH,Leiden
Schutterstraat,7,A,"",2316XH,Leiden
Schutterstraat,9,"","",2316XH,Leiden
Schutterstraat,9,A,"",2316XH,Leiden
Schutterstraat,10,"","",2316XJ,Leiden
Schutterstraat,12,"","",2316XJ,Leiden
Schutterstraat,14,"","",2316XJ,Leiden
Schutterstraat,16,"","",2316XJ,Leiden
Schutterstraat,18,A,"",2316XJ,Leiden
Schutterstraat,2,"","",2316XJ,Leiden
Schutterstraat,2,"","",2316XJ,Leiden
Schutterstraat,2,A,"",2316XJ,Leiden
Schutterstraat,2,B,"",2316XJ,Leiden
Schutterstraat,2,C,"",2316XJ,Leiden
Schutterstraat,2,D,"",2316XJ,Leiden
Schutterstraat,2,E,"",2316XJ,Leiden
Schutterstraat,2,F,"",2316XJ,Leiden
Schutterstraat,20,"","",2316XJ,Leiden
Schutterstraat,22,"","",2316XJ,Leiden
Schutterstraat,24,"","",2316XJ,Leiden
Schutterstraat,28,"","",2316XJ,Leiden
Schutterstraat,4,"","",2316XJ,Leiden
Schutterstraat,6,"","",2316XJ,Leiden
Schutterstraat,8,"","",2316XJ,Leiden
Schutterstraat,8,A,"",2316XJ,Leiden
Poelgeeststraat,1,"","",2316XK,Leiden
Poelgeeststraat,1,A,"",2316XK,Leiden
Poelgeeststraat,11,"","",2316XK,Leiden
Poelgeeststraat,13,"","",2316XK,Leiden
Poelgeeststraat,15,"","",2316XK,Leiden
Poelgeeststraat,17,"","",2316XK,Leiden
Poelgeeststraat,19,"","",2316XK,Leiden
Poelgeeststraat,21,"","",2316XK,Leiden
Poelgeeststraat,3,"","",2316XK,Leiden
Poelgeeststraat,5,"","",2316XK,Leiden
Poelgeeststraat,7,"","",2316XK,Leiden
Poelgeeststraat,9,"","",2316XK,Leiden
Poelgeeststraat,10,"","",2316XL,Leiden
Poelgeeststraat,10,A,"",2316XL,Leiden
Poelgeeststraat,12,"","",2316XL,Leiden
Poelgeeststraat,12,"","",2316XL,Leiden
Poelgeeststraat,12,A,"",2316XL,Leiden
Poelgeeststraat,12,A,"",2316XL,Leiden
Poelgeeststraat,12,B,"",2316XL,Leiden
Poelgeeststraat,14,"","",2316XL,Leiden
Poelgeeststraat,14,A,"",2316XL,Leiden
Poelgeeststraat,16,"","",2316XL,Leiden
Poelgeeststraat,16,A,"",2316XL,Leiden
Poelgeeststraat,16,A,"",2316XL,Leiden
Poelgeeststraat,16,B,"",2316XL,Leiden
Poelgeeststraat,18,"","",2316XL,Leiden
Poelgeeststraat,18,"","",2316XL,Leiden
Poelgeeststraat,18,"","",2316XL,Leiden
Poelgeeststraat,18,A,"",2316XL,Leiden
Poelgeeststraat,18,A,"",2316XL,Leiden
Poelgeeststraat,20,A,"",2316XL,Leiden
Poelgeeststraat,22,"","",2316XL,Leiden
Poelgeeststraat,22,A,"",2316XL,Leiden
Poelgeeststraat,22,A,"",2316XL,Leiden
Poelgeeststraat,22,B,"",2316XL,Leiden
Poelgeeststraat,24,"","",2316XL,Leiden
Poelgeeststraat,24,A,"",2316XL,Leiden
Poelgeeststraat,4,"","",2316XL,Leiden
Poelgeeststraat,4,A,"",2316XL,Leiden
Poelgeeststraat,6,"","",2316XL,Leiden
Poelgeeststraat,6,"","",2316XL,Leiden
Poelgeeststraat,6,"","",2316XL,Leiden
Poelgeeststraat,6,A,"",2316XL,Leiden
Poelgeeststraat,6,A,"",2316XL,Leiden
Poelgeeststraat,6,B,"",2316XL,Leiden
Poelgeeststraat,6,B,"",2316XL,Leiden
Poelgeeststraat,6,C,"",2316XL,Leiden
Poelgeeststraat,8,"","",2316XL,Leiden
Poelgeeststraat,8,"","",2316XL,Leiden
Poelgeeststraat,8,A,"",2316XL,Leiden
Vendelstraat,1,"","",2316XM,Leiden
Vendelstraat,1,"","",2316XM,Leiden
Vendelstraat,1,A,"",2316XM,Leiden
Vendelstraat,1,A,"",2316XM,Leiden
Vendelstraat,1,B,"",2316XM,Leiden
Vendelstraat,3,"","",2316XM,Leiden
Vendelstraat,3,"","",2316XM,Leiden
Vendelstraat,3,A,"",2316XM,Leiden
Vendelstraat,5,"","",2316XM,Leiden
Vendelstraat,5,"","",2316XM,Leiden
Vendelstraat,5,"","",2316XM,Leiden
Vendelstraat,5,A,"",2316XM,Leiden
Vendelstraat,5,A,"",2316XM,Leiden
Vendelstraat,11,"","",2316XN,Leiden
Vendelstraat,13,"","",2316XN,Leiden
Vendelstraat,15,"","",2316XN,Leiden
Vendelstraat,17,"","",2316XN,Leiden
Vendelstraat,19,"","",2316XN,Leiden
Vendelstraat,9,"","",2316XN,Leiden
Vendelstraat,10,"","",2316XP,Leiden
Vendelstraat,12,"","",2316XP,Leiden
Vendelstraat,14,"","",2316XP,Leiden
Vendelstraat,16,"","",2316XP,Leiden
Vendelstraat,2,"","",2316XP,Leiden
Vendelstraat,4,"","",2316XP,Leiden
Vendelstraat,6,"","",2316XP,Leiden
Vendelstraat,8,"","",2316XP,Leiden
Aloëlaan,25,"","",2316XR,Leiden
Aloëlaan,27,"","",2316XR,Leiden
Aloëlaan,27,"","",2316XR,Leiden
Aloëlaan,29,"","",2316XR,Leiden
Aloëlaan,31,"","",2316XR,Leiden
Aloëlaan,33,"","",2316XR,Leiden
Aloëlaan,35,"","",2316XR,Leiden
Aloëlaan,37,"","",2316XR,Leiden
Aloëlaan,39,"","",2316XR,Leiden
Aloëlaan,41,"","",2316XR,Leiden
Aloëlaan,41,A,"",2316XR,Leiden
Aloëlaan,41,B,"",2316XR,Leiden
Aloëlaan,41,C,"",2316XR,Leiden
Aloëlaan,41,D,"",2316XR,Leiden
Aloëlaan,41,E,"",2316XR,Leiden
Aloëlaan,43,"","",2316XR,Leiden
Aloëlaan,45,"","",2316XR,Leiden
Aloëlaan,47,"","",2316XR,Leiden
Aloëlaan,47,"","",2316XR,Leiden
Aloëlaan,47,A,"",2316XR,Leiden
Aloëlaan,49,"","",2316XR,Leiden
Aloëlaan,51,"","",2316XR,Leiden
Aloëlaan,53,"","",2316XR,Leiden
Aloëlaan,55,"","",2316XR,Leiden
Aloëlaan,57,"","",2316XR,Leiden
Aloëlaan,59,"","",2316XR,Leiden
Aloëlaan,61,"","",2316XR,Leiden
Aloëlaan,63,"","",2316XR,Leiden
Aloëlaan,10,"","",2316XS,Leiden
Aloëlaan,12,"","",2316XS,Leiden
Aloëlaan,14,"","",2316XS,Leiden
Aloëlaan,16,"","",2316XS,Leiden
Aloëlaan,18,"","",2316XS,Leiden
Aloëlaan,4,"","",2316XS,Leiden
Aloëlaan,6,"","",2316XS,Leiden
Aloëlaan,8,"","",2316XS,Leiden
Aloëlaan,20,"","",2316XT,Leiden
Aloëlaan,20,A,"",2316XT,Leiden
Aloëlaan,20,B,"",2316XT,Leiden
Aloëlaan,22,"","",2316XT,Leiden
Aloëlaan,24,"","",2316XT,Leiden
Aloëlaan,26,"","",2316XT,Leiden
Aloëlaan,28,"","",2316XT,Leiden
Aloëlaan,30,"","",2316XT,Leiden
Aloëlaan,32,"","",2316XT,Leiden
Aloëlaan,34,"","",2316XT,Leiden
Aloëlaan,36,"","",2316XT,Leiden
Aloëlaan,38,"","",2316XT,Leiden
Aloëlaan,38,A,"",2316XT,Leiden
Aloëlaan,40,"","",2316XT,Leiden
Aloëlaan,40,A,"",2316XT,Leiden
Aloëlaan,42,A,"",2316XT,Leiden
Marislaan,1,"","",2316XV,Leiden
Marislaan,1,A,"",2316XV,Leiden
Marislaan,1,B,"",2316XV,Leiden
Marislaan,11,"","",2316XV,Leiden
Marislaan,13,"","",2316XV,Leiden
Marislaan,15,"","",2316XV,Leiden
Marislaan,17,"","",2316XV,Leiden
Marislaan,19,"","",2316XV,Leiden
Marislaan,21,"","",2316XV,Leiden
Marislaan,23,"","",2316XV,Leiden
Marislaan,25,"","",2316XV,Leiden
Marislaan,27,"","",2316XV,Leiden
Marislaan,29,"","",2316XV,Leiden
Marislaan,3,"","",2316XV,Leiden
Marislaan,5,"","",2316XV,Leiden
Marislaan,7,"","",2316XV,Leiden
Marislaan,9,"","",2316XV,Leiden
Marislaan,31,"","",2316XW,Leiden
Marislaan,33,"","",2316XW,Leiden
Marislaan,35,"","",2316XW,Leiden
Marislaan,37,"","",2316XW,Leiden
Marislaan,39,"","",2316XW,Leiden
Marislaan,41,"","",2316XW,Leiden
Marislaan,43,"","",2316XW,Leiden
Marislaan,45,"","",2316XW,Leiden
Marislaan,47,"","",2316XW,Leiden
Marislaan,49,"","",2316XW,Leiden
Marislaan,51,"","",2316XW,Leiden
Marislaan,53,"","",2316XW,Leiden
Marislaan,55,"","",2316XW,Leiden
Marislaan,57,"","",2316XW,Leiden
Marislaan,59,"","",2316XW,Leiden
Marislaan,61,"","",2316XW,Leiden
Rijnsburgersingel,56,"","",2316XX,Leiden
Rijnsburgersingel,57,"","",2316XX,Leiden
Rijnsburgersingel,58,"","",2316XX,Leiden
Rijnsburgersingel,58,A,"",2316XX,Leiden
Rijnsburgersingel,58,B,"",2316XX,Leiden
Rijnsburgersingel,58,C,"",2316XX,Leiden
Rijnsburgersingel,58,D,"",2316XX,Leiden
Rijnsburgersingel,58,E,"",2316XX,Leiden
Rijnsburgersingel,59,"","",2316XX,Leiden
Rijnsburgersingel,60,"","",2316XX,Leiden
Rijnsburgersingel,61,"","",2316XX,Leiden
Rijnsburgersingel,62,"","",2316XX,Leiden
Rijnsburgersingel,63,"","",2316XX,Leiden
Rijnsburgersingel,64,"","",2316XX,Leiden
Rijnsburgersingel,65,"","",2316XX,Leiden
Rijnsburgersingel,66,"","",2316XX,Leiden
Rijnsburgersingel,67,"","",2316XX,Leiden
Rijnsburgersingel,68,"","",2316XX,Leiden
Rijnsburgersingel,69,"","",2316XX,Leiden
Rijnsburgersingel,70,"","",2316XX,Leiden
Rijnsburgersingel,71,"","",2316XX,Leiden
Rijnsburgersingel,72,"","",2316XX,Leiden
Rijnsburgersingel,73,"","",2316XX,Leiden
Rijnsburgersingel,74,"","",2316XX,Leiden
Rijnsburgersingel,74,"","",2316XX,Leiden
Rijnsburgersingel,75,"","",2316XX,Leiden
Rijnsburgersingel,75,"","",2316XX,Leiden
Rijnsburgersingel,76,"","",2316XX,Leiden
Rijnsburgersingel,77,"","",2316XX,Leiden
Rijnsburgersingel,78,"","",2316XZ,Leiden
Rijnsburgersingel,78,"","",2316XZ,Leiden
Rijnsburgersingel,78,A,"",2316XZ,Leiden
Rijnsburgersingel,78,B,"",2316XZ,Leiden
Rijnsburgersingel,79,"","",2316XZ,Leiden
Rijnsburgersingel,79,"","",2316XZ,Leiden
Rijnsburgersingel,79,A,"",2316XZ,Leiden
Rijnsburgersingel,79,B,"",2316XZ,Leiden
Rijnsburgersingel,79,C,"",2316XZ,Leiden
Rijnsburgersingel,79,D,"",2316XZ,Leiden
Rijnsburgersingel,80,"","",2316XZ,Leiden
Rijnsburgersingel,81,"","",2316XZ,Leiden
Rijnsburgersingel,81,"","",2316XZ,Leiden
Rijnsburgersingel,82,"","",2316XZ,Leiden
Rijnsburgersingel,83,"","",2316XZ,Leiden
Rijnsburgersingel,84,"","",2316XZ,Leiden
Rijnsburgersingel,85,"","",2316XZ,Leiden
Rijnsburgersingel,86,"","",2316XZ,Leiden
Rijnsburgersingel,86,"","",2316XZ,Leiden
Rijnsburgersingel,87,"","",2316XZ,Leiden
Rijnsburgersingel,87,"","",2316XZ,Leiden
Rijnsburgersingel,88,"","",2316XZ,Leiden
Rijnsburgersingel,89,"","",2316XZ,Leiden
Rijnsburgersingel,90,"","",2316XZ,Leiden
Rijnsburgersingel,91,"","",2316XZ,Leiden
Rijnsburgersingel,91,"","",2316XZ,Leiden
Rijnsburgersingel,91,A,"",2316XZ,Leiden
Rijnsburgersingel,92,"","",2316XZ,Leiden
Rijnsburgersingel,92,"","",2316XZ,Leiden
Schuttersveld,2,"","",2316ZA,Leiden
Schuttersveld,2,"","",2316ZA,Leiden
Schuttersveld,2,A,"",2316ZA,Leiden
Schuttersveld,2,A,"",2316ZA,Leiden
Schuttersveld,4,"","",2316ZA,Leiden
Schuttersveld,10,"","",2316ZB,Leiden
Schuttersveld,12,"","",2316ZB,Leiden
Schuttersveld,14,"","",2316ZB,Leiden
Schuttersveld,16,"","",2316ZB,Leiden
Schuttersveld,6,"","",2316ZB,Leiden
Schuttersveld,8,"","",2316ZB,Leiden
Schuttersveld,18,"","",2316ZC,Leiden
Schuttersveld,18,"","",2316ZC,Leiden
Schuttersveld,20,"","",2316ZC,Leiden
Schuttersveld,22,"","",2316ZC,Leiden
Schuttersveld,24,"","",2316ZC,Leiden
Schuttersveld,26,"","",2316ZD,Leiden
Schuttersveld,28,"","",2316ZD,Leiden
Schuttersveld,30,"","",2316ZD,Leiden
Schuttersveld,32,"","",2316ZD,Leiden
Schuttersveld,32,"","",2316ZD,Leiden
Schuttersveld,34,"","",2316ZD,Leiden
Schuttersveld,36,"","",2316ZD,Leiden
Schuttersveld,36,"","",2316ZD,Leiden
Schuttersveld,38,"","",2316ZD,Leiden
Anthony Fokkerweg,101,"","",2316ZG,Leiden
Anthony Fokkerweg,103,"","",2316ZG,Leiden
Anthony Fokkerweg,105,"","",2316ZG,Leiden
Anthony Fokkerweg,107,"","",2316ZG,Leiden
Anthony Fokkerweg,31,"","",2316ZG,Leiden
Anthony Fokkerweg,33,"","",2316ZG,Leiden
Anthony Fokkerweg,35,"","",2316ZG,Leiden
Anthony Fokkerweg,37,"","",2316ZG,Leiden
Anthony Fokkerweg,39,"","",2316ZG,Leiden
Anthony Fokkerweg,41,"","",2316ZG,Leiden
Anthony Fokkerweg,43,"","",2316ZG,Leiden
Anthony Fokkerweg,45,"","",2316ZG,Leiden
Anthony Fokkerweg,51,"","",2316ZG,Leiden
Anthony Fokkerweg,53,"","",2316ZG,Leiden
Anthony Fokkerweg,55,"","",2316ZG,Leiden
Anthony Fokkerweg,57,"","",2316ZG,Leiden
Anthony Fokkerweg,59,"","",2316ZG,Leiden
Anthony Fokkerweg,61,"","",2316ZG,Leiden
Anthony Fokkerweg,63,"","",2316ZG,Leiden
Anthony Fokkerweg,65,"","",2316ZG,Leiden
Anthony Fokkerweg,67,"","",2316ZG,Leiden
Anthony Fokkerweg,71,"","",2316ZG,Leiden
Anthony Fokkerweg,73,"","",2316ZG,Leiden
Anthony Fokkerweg,75,"","",2316ZG,Leiden
Anthony Fokkerweg,77,"","",2316ZG,Leiden
Anthony Fokkerweg,79,"","",2316ZG,Leiden
Anthony Fokkerweg,81,"","",2316ZG,Leiden
Anthony Fokkerweg,83,"","",2316ZG,Leiden
Anthony Fokkerweg,85,"","",2316ZG,Leiden
Anthony Fokkerweg,87,"","",2316ZG,Leiden
Anthony Fokkerweg,91,"","",2316ZG,Leiden
Anthony Fokkerweg,93,"","",2316ZG,Leiden
Anthony Fokkerweg,95,"","",2316ZG,Leiden
Anthony Fokkerweg,97,"","",2316ZG,Leiden
Anthony Fokkerweg,99,"","",2316ZG,Leiden
Anthony Fokkerweg,100,"","",2316ZJ,Leiden
Anthony Fokkerweg,109,"","",2316ZJ,Leiden
Anthony Fokkerweg,111,"","",2316ZJ,Leiden
Anthony Fokkerweg,113,"","",2316ZJ,Leiden
Anthony Fokkerweg,115,"","",2316ZJ,Leiden
Anthony Fokkerweg,117,"","",2316ZJ,Leiden
Anthony Fokkerweg,119,"","",2316ZJ,Leiden
Anthony Fokkerweg,121,"","",2316ZJ,Leiden
Anthony Fokkerweg,123,"","",2316ZJ,Leiden
Anthony Fokkerweg,131,"","",2316ZJ,Leiden
Anthony Fokkerweg,30,"","",2316ZJ,Leiden
Anthony Fokkerweg,32,"","",2316ZJ,Leiden
Oranjerie,10,"","",2316ZK,Leiden
Oranjerie,12,"","",2316ZK,Leiden
Oranjerie,14,"","",2316ZK,Leiden
Oranjerie,16,"","",2316ZK,Leiden
Oranjerie,18,"","",2316ZK,Leiden
Oranjerie,2,"","",2316ZK,Leiden
Oranjerie,20,"","",2316ZK,Leiden
Oranjerie,22,"","",2316ZK,Leiden
Oranjerie,24,"","",2316ZK,Leiden
Oranjerie,26,"","",2316ZK,Leiden
Oranjerie,28,"","",2316ZK,Leiden
Oranjerie,30,"","",2316ZK,Leiden
Oranjerie,32,"","",2316ZK,Leiden
Oranjerie,34,"","",2316ZK,Leiden
Oranjerie,36,"","",2316ZK,Leiden
Oranjerie,38,"","",2316ZK,Leiden
Oranjerie,4,"","",2316ZK,Leiden
Oranjerie,40,"","",2316ZK,Leiden
Oranjerie,6,"","",2316ZK,Leiden
Oranjerie,8,"","",2316ZK,Leiden
Schipholweg,55,"","",2316ZL,Leiden
Schipholweg,55,"","",2316ZL,Leiden
Schipholweg,57,"","",2316ZL,Leiden
Schipholweg,57,"","",2316ZL,Leiden
Schipholweg,59,"","",2316ZL,Leiden
Schipholweg,59,"","",2316ZL,Leiden
Schipholweg,61,"","",2316ZL,Leiden
Schipholweg,61,"","",2316ZL,Leiden
Schipholweg,63,"","",2316ZL,Leiden
Schipholweg,63,"","",2316ZL,Leiden
Schipholweg,65,"","",2316ZL,Leiden
Schipholweg,65,"","",2316ZL,Leiden
Schipholweg,67,"","",2316ZL,Leiden
Schipholweg,67,"","",2316ZL,Leiden
Schipholweg,69,"","",2316ZL,Leiden
Schipholweg,69,"","",2316ZL,Leiden
Schipholweg,71,"","",2316ZL,Leiden
Schipholweg,71,"","",2316ZL,Leiden
Schipholweg,73,"","",2316ZL,Leiden
Schipholweg,73,"","",2316ZL,Leiden
Schipholweg,75,"","",2316ZL,Leiden
Schipholweg,75,"","",2316ZL,Leiden
Schipholweg,77,"","",2316ZL,Leiden
Schipholweg,79,"","",2316ZL,Leiden
Schipholweg,81,"","",2316ZL,Leiden
Schipholweg,83,"","",2316ZL,Leiden
Schipholweg,85,"","",2316ZL,Leiden
Schipholweg,87,"","",2316ZL,Leiden
Schipholweg,89,"","",2316ZL,Leiden
Parmentierweg,116,"","",2316ZM,Leiden
Parmentierweg,2,"","",2316ZM,Leiden
Parmentierweg,2,"","",2316ZM,Leiden
Parmentierweg,4,"","",2316ZM,Leiden
Parmentierweg,6,"","",2316ZM,Leiden
Parmentierweg,101,"","",2316ZN,Leiden
Parmentierweg,103,"","",2316ZN,Leiden
Parmentierweg,105,"","",2316ZN,Leiden
Parmentierweg,107,"","",2316ZN,Leiden
Parmentierweg,51,"","",2316ZN,Leiden
Parmentierweg,53,"","",2316ZN,Leiden
Parmentierweg,55,"","",2316ZN,Leiden
Parmentierweg,57,"","",2316ZN,Leiden
Parmentierweg,59,"","",2316ZN,Leiden
Parmentierweg,61,"","",2316ZN,Leiden
Parmentierweg,63,"","",2316ZN,Leiden
Parmentierweg,65,"","",2316ZN,Leiden
Parmentierweg,67,"","",2316ZN,Leiden
Parmentierweg,69,"","",2316ZN,Leiden
Parmentierweg,71,"","",2316ZN,Leiden
Parmentierweg,73,"","",2316ZN,Leiden
Parmentierweg,75,"","",2316ZN,Leiden
Parmentierweg,77,"","",2316ZN,Leiden
Parmentierweg,79,"","",2316ZN,Leiden
Parmentierweg,81,"","",2316ZN,Leiden
Parmentierweg,83,"","",2316ZN,Leiden
Parmentierweg,85,"","",2316ZN,Leiden
Parmentierweg,87,"","",2316ZN,Leiden
Parmentierweg,89,"","",2316ZN,Leiden
Parmentierweg,91,"","",2316ZN,Leiden
Parmentierweg,93,"","",2316ZN,Leiden
Parmentierweg,95,"","",2316ZN,Leiden
Parmentierweg,97,"","",2316ZN,Leiden
Parmentierweg,99,"","",2316ZN,Leiden
Parmentierweg,111,"","",2316ZP,Leiden
Parmentierweg,113,"","",2316ZP,Leiden
Parmentierweg,115,"","",2316ZP,Leiden
Parmentierweg,117,"","",2316ZP,Leiden
Parmentierweg,119,"","",2316ZP,Leiden
Parmentierweg,121,"","",2316ZP,Leiden
Parmentierweg,123,"","",2316ZP,Leiden
Parmentierweg,125,"","",2316ZP,Leiden
Parmentierweg,127,"","",2316ZP,Leiden
Parmentierweg,129,"","",2316ZP,Leiden
Parmentierweg,131,"","",2316ZP,Leiden
Parmentierweg,133,"","",2316ZP,Leiden
Parmentierweg,135,"","",2316ZP,Leiden
Parmentierweg,137,"","",2316ZP,Leiden
Parmentierweg,139,"","",2316ZP,Leiden
Parmentierweg,141,"","",2316ZP,Leiden
Parmentierweg,143,"","",2316ZP,Leiden
Parmentierweg,145,"","",2316ZP,Leiden
Parmentierweg,147,"","",2316ZP,Leiden
Parmentierweg,149,"","",2316ZP,Leiden
Parmentierweg,151,"","",2316ZP,Leiden
Parmentierweg,153,"","",2316ZP,Leiden
Parmentierweg,155,"","",2316ZP,Leiden
Parmentierweg,157,"","",2316ZP,Leiden
Parmentierweg,159,"","",2316ZP,Leiden
Parmentierweg,161,"","",2316ZP,Leiden
Parmentierweg,163,"","",2316ZP,Leiden
Parmentierweg,165,"","",2316ZP,Leiden
Parmentierweg,167,"","",2316ZP,Leiden
Parmentierweg,171,"","",2316ZR,Leiden
Parmentierweg,173,"","",2316ZR,Leiden
Parmentierweg,175,"","",2316ZR,Leiden
Parmentierweg,177,"","",2316ZR,Leiden
Parmentierweg,179,"","",2316ZR,Leiden
Parmentierweg,181,"","",2316ZR,Leiden
Parmentierweg,183,"","",2316ZR,Leiden
Parmentierweg,185,"","",2316ZR,Leiden
Parmentierweg,187,"","",2316ZR,Leiden
Parmentierweg,189,"","",2316ZR,Leiden
Parmentierweg,191,"","",2316ZR,Leiden
Parmentierweg,193,"","",2316ZR,Leiden
Parmentierweg,195,"","",2316ZR,Leiden
Parmentierweg,197,"","",2316ZR,Leiden
Parmentierweg,199,"","",2316ZR,Leiden
Parmentierweg,201,"","",2316ZR,Leiden
Parmentierweg,203,"","",2316ZR,Leiden
Parmentierweg,205,"","",2316ZR,Leiden
Parmentierweg,207,"","",2316ZR,Leiden
Parmentierweg,209,"","",2316ZR,Leiden
Parmentierweg,211,"","",2316ZR,Leiden
Parmentierweg,213,"","",2316ZR,Leiden
Parmentierweg,215,"","",2316ZR,Leiden
Parmentierweg,217,"","",2316ZR,Leiden
Parmentierweg,219,"","",2316ZR,Leiden
Parmentierweg,221,"","",2316ZR,Leiden
Parmentierweg,223,"","",2316ZR,Leiden
Parmentierweg,225,"","",2316ZR,Leiden
Parmentierweg,227,"","",2316ZR,Leiden
Virulypad,1,"","",2316ZS,Leiden
Virulypad,11,"","",2316ZS,Leiden
Virulypad,13,"","",2316ZS,Leiden
Virulypad,15,"","",2316ZS,Leiden
Virulypad,17,"","",2316ZS,Leiden
Virulypad,19,"","",2316ZS,Leiden
Virulypad,21,"","",2316ZS,Leiden
Virulypad,23,"","",2316ZS,Leiden
Virulypad,25,"","",2316ZS,Leiden
Virulypad,27,"","",2316ZS,Leiden
Virulypad,29,"","",2316ZS,Leiden
Virulypad,3,"","",2316ZS,Leiden
Virulypad,31,"","",2316ZS,Leiden
Virulypad,33,"","",2316ZS,Leiden
Virulypad,35,"","",2316ZS,Leiden
Virulypad,37,"","",2316ZS,Leiden
Virulypad,39,"","",2316ZS,Leiden
Virulypad,41,"","",2316ZS,Leiden
Virulypad,43,"","",2316ZS,Leiden
Virulypad,45,"","",2316ZS,Leiden
Virulypad,47,"","",2316ZS,Leiden
Virulypad,5,"","",2316ZS,Leiden
Virulypad,7,"","",2316ZS,Leiden
Virulypad,9,"","",2316ZS,Leiden
Virulypad,49,"","",2316ZT,Leiden
Virulypad,51,"","",2316ZT,Leiden
Virulypad,53,"","",2316ZT,Leiden
Virulypad,55,"","",2316ZT,Leiden
Virulypad,57,"","",2316ZT,Leiden
Virulypad,59,"","",2316ZT,Leiden
Virulypad,61,"","",2316ZT,Leiden
Virulypad,63,"","",2316ZT,Leiden
Virulypad,65,"","",2316ZT,Leiden
Virulypad,67,"","",2316ZT,Leiden
Virulypad,69,"","",2316ZT,Leiden
Virulypad,71,"","",2316ZT,Leiden
Virulypad,73,"","",2316ZT,Leiden
Virulypad,75,"","",2316ZT,Leiden
Virulypad,77,"","",2316ZT,Leiden
Virulypad,79,"","",2316ZT,Leiden
Virulypad,81,"","",2316ZT,Leiden
Virulypad,83,"","",2316ZT,Leiden
Virulypad,85,"","",2316ZT,Leiden
Virulypad,87,"","",2316ZT,Leiden
Virulypad,89,"","",2316ZT,Leiden
Virulypad,91,"","",2316ZT,Leiden
Virulypad,93,"","",2316ZT,Leiden
Virulypad,95,"","",2316ZT,Leiden
Parmentierweg,49,"","",2316ZV,Leiden
Tamboerpad,1,"","",2316ZW,Leiden
Tamboerpad,2,"","",2316ZW,Leiden
Dellaertweg,9,G,"",2316ZW,Leiden
Schuttersveld,15,"","",2316ZX,Leiden
Schuttersveld,17,"","",2316ZX,Leiden
Schuttersveld,19,"","",2316ZX,Leiden
Schuttersveld,21,"","",2316ZX,Leiden
Schuttersveld,23,"","",2316ZX,Leiden
Schuttersveld,25,"","",2316ZX,Leiden
Schuttersveld,27,"","",2316ZX,Leiden
Schuttersveld,29,"","",2316ZX,Leiden
Schuttersveld,31,"","",2316ZX,Leiden
Schuttersveld,33,"","",2316ZX,Leiden
Schuttersveld,35,"","",2316ZX,Leiden
Schuttersveld,37,"","",2316ZX,Leiden
Schuttersveld,39,"","",2316ZX,Leiden
Schuttersveld,41,"","",2316ZX,Leiden
Schuttersveld,43,"","",2316ZX,Leiden
Schuttersveld,45,"","",2316ZX,Leiden
Schuttersveld,47,"","",2316ZX,Leiden
Schuttersveld,49,"","",2316ZX,Leiden
Schuttersveld,51,"","",2316ZX,Leiden
Schuttersveld,53,"","",2316ZX,Leiden
Schuttersveld,55,"","",2316ZX,Leiden
Schuttersveld,57,"","",2316ZX,Leiden
Schuttersveld,59,"","",2316ZZ,Leiden
Schuttersveld,61,"","",2316ZZ,Leiden
Schuttersveld,63,"","",2316ZZ,Leiden
Schuttersveld,65,"","",2316ZZ,Leiden
Schuttersveld,67,"","",2316ZZ,Leiden
Schuttersveld,69,"","",2316ZZ,Leiden
Schuttersveld,71,"","",2316ZZ,Leiden
Schuttersveld,73,"","",2316ZZ,Leiden
Schuttersveld,75,"","",2316ZZ,Leiden
Schuttersveld,77,"","",2316ZZ,Leiden
Schuttersveld,79,"","",2316ZZ,Leiden
Schuttersveld,81,"","",2316ZZ,Leiden
Schuttersveld,83,"","",2316ZZ,Leiden
Schuttersveld,85,"","",2316ZZ,Leiden
Schuttersveld,87,"","",2316ZZ,Leiden
Schuttersveld,89,"","",2316ZZ,Leiden
Schuttersveld,91,"","",2316ZZ,Leiden
