straat,huisnummer,huisletter,toevoeging,postcode,plaats
Breekade,20,A,"",2924LA,Krimpen aan den IJssel
Breekade,19,"","",2924LB,Krimpen aan den IJssel
Breekade,19,"","",2924LB,Krimpen aan den IJssel
Breekade,19,A,"",2924LB,Krimpen aan den IJssel
Andante,1,"","",2925AA,Krimpen aan den IJssel
Andante,11,"","",2925AA,Krimpen aan den IJssel
Andante,13,"","",2925AA,Krimpen aan den IJssel
Andante,15,"","",2925AA,Krimpen aan den IJssel
Andante,17,"","",2925AA,Krimpen aan den IJssel
Andante,19,"","",2925AA,Krimpen aan den IJssel
Andante,21,"","",2925AA,Krimpen aan den IJssel
Andante,23,"","",2925AA,Krimpen aan den IJssel
Andante,25,"","",2925AA,Krimpen aan den IJssel
Andante,27,"","",2925AA,Krimpen aan den IJssel
Andante,29,"","",2925AA,Krimpen aan den IJssel
Andante,3,"","",2925AA,Krimpen aan den IJssel
Andante,31,"","",2925AA,Krimpen aan den IJssel
Andante,33,"","",2925AA,Krimpen aan den IJssel
Andante,35,"","",2925AA,Krimpen aan den IJssel
Andante,37,"","",2925AA,Krimpen aan den IJssel
Andante,39,"","",2925AA,Krimpen aan den IJssel
Andante,41,"","",2925AA,Krimpen aan den IJssel
Andante,5,"","",2925AA,Krimpen aan den IJssel
Andante,7,"","",2925AA,Krimpen aan den IJssel
Andante,9,"","",2925AA,Krimpen aan den IJssel
Andante,10,"","",2925AB,Krimpen aan den IJssel
Andante,12,"","",2925AB,Krimpen aan den IJssel
Andante,14,"","",2925AB,Krimpen aan den IJssel
Andante,16,"","",2925AB,Krimpen aan den IJssel
Andante,18,"","",2925AB,Krimpen aan den IJssel
Andante,2,"","",2925AB,Krimpen aan den IJssel
Andante,20,"","",2925AB,Krimpen aan den IJssel
Andante,22,"","",2925AB,Krimpen aan den IJssel
Andante,24,"","",2925AB,Krimpen aan den IJssel
Andante,26,"","",2925AB,Krimpen aan den IJssel
Andante,28,"","",2925AB,Krimpen aan den IJssel
Andante,30,"","",2925AB,Krimpen aan den IJssel
Andante,32,"","",2925AB,Krimpen aan den IJssel
Andante,34,"","",2925AB,Krimpen aan den IJssel
Andante,36,"","",2925AB,Krimpen aan den IJssel
Andante,38,"","",2925AB,Krimpen aan den IJssel
Andante,4,"","",2925AB,Krimpen aan den IJssel
Andante,40,"","",2925AB,Krimpen aan den IJssel
Andante,42,"","",2925AB,Krimpen aan den IJssel
Andante,6,"","",2925AB,Krimpen aan den IJssel
Andante,8,"","",2925AB,Krimpen aan den IJssel
Rondo,1,"","",2925AC,Krimpen aan den IJssel
Rondo,11,"","",2925AC,Krimpen aan den IJssel
Rondo,13,"","",2925AC,Krimpen aan den IJssel
Rondo,15,"","",2925AC,Krimpen aan den IJssel
Rondo,17,"","",2925AC,Krimpen aan den IJssel
Rondo,19,"","",2925AC,Krimpen aan den IJssel
Rondo,3,"","",2925AC,Krimpen aan den IJssel
Rondo,5,"","",2925AC,Krimpen aan den IJssel
Rondo,7,"","",2925AC,Krimpen aan den IJssel
Rondo,9,"","",2925AC,Krimpen aan den IJssel
Rondo,10,"","",2925AD,Krimpen aan den IJssel
Rondo,10,A,"",2925AD,Krimpen aan den IJssel
Rondo,10,B,"",2925AD,Krimpen aan den IJssel
Rondo,10,C,"",2925AD,Krimpen aan den IJssel
Rondo,12,"","",2925AD,Krimpen aan den IJssel
Rondo,14,"","",2925AD,Krimpen aan den IJssel
Rondo,16,"","",2925AD,Krimpen aan den IJssel
Rondo,18,"","",2925AD,Krimpen aan den IJssel
Rondo,2,"","",2925AD,Krimpen aan den IJssel
Rondo,20,"","",2925AD,Krimpen aan den IJssel
Rondo,22,"","",2925AD,Krimpen aan den IJssel
Rondo,24,"","",2925AD,Krimpen aan den IJssel
Rondo,24,A,"",2925AD,Krimpen aan den IJssel
Rondo,24,B,"",2925AD,Krimpen aan den IJssel
Rondo,26,"","",2925AD,Krimpen aan den IJssel
Rondo,26,A,"",2925AD,Krimpen aan den IJssel
Rondo,26,B,"",2925AD,Krimpen aan den IJssel
Rondo,28,"","",2925AD,Krimpen aan den IJssel
Rondo,30,"","",2925AD,Krimpen aan den IJssel
Rondo,32,"","",2925AD,Krimpen aan den IJssel
Rondo,34,"","",2925AD,Krimpen aan den IJssel
Rondo,4,"","",2925AD,Krimpen aan den IJssel
Rondo,6,"","",2925AD,Krimpen aan den IJssel
Rondo,8,"","",2925AD,Krimpen aan den IJssel
Rondo,36,"","",2925AE,Krimpen aan den IJssel
Rondo,36,A,"",2925AE,Krimpen aan den IJssel
Rondo,36,B,"",2925AE,Krimpen aan den IJssel
Rondo,38,"","",2925AE,Krimpen aan den IJssel
Rondo,40,"","",2925AE,Krimpen aan den IJssel
Rondo,42,"","",2925AE,Krimpen aan den IJssel
Rondo,44,"","",2925AE,Krimpen aan den IJssel
Rondo,46,"","",2925AE,Krimpen aan den IJssel
Rondo,48,"","",2925AE,Krimpen aan den IJssel
Rondo,50,"","",2925AE,Krimpen aan den IJssel
Rondo,52,"","",2925AE,Krimpen aan den IJssel
Rondo,52,A,"",2925AE,Krimpen aan den IJssel
Rondo,52,B,"",2925AE,Krimpen aan den IJssel
Rondo,52,C,"",2925AE,Krimpen aan den IJssel
Rondo,54,"","",2925AE,Krimpen aan den IJssel
Rondo,56,"","",2925AE,Krimpen aan den IJssel
Rondo,58,"","",2925AE,Krimpen aan den IJssel
Rondo,60,"","",2925AE,Krimpen aan den IJssel
Rondo,62,"","",2925AE,Krimpen aan den IJssel
Rondo,64,"","",2925AE,Krimpen aan den IJssel
Rondo,66,"","",2925AE,Krimpen aan den IJssel
Rondo,68,"","",2925AE,Krimpen aan den IJssel
Rondo,68,A,"",2925AE,Krimpen aan den IJssel
Rondo,68,B,"",2925AE,Krimpen aan den IJssel
Rondo,68,C,"",2925AE,Krimpen aan den IJssel
Rondo,70,"","",2925AE,Krimpen aan den IJssel
Rondo,72,"","",2925AE,Krimpen aan den IJssel
Rondo,74,"","",2925AE,Krimpen aan den IJssel
Rondo,76,"","",2925AE,Krimpen aan den IJssel
Rondo,78,"","",2925AE,Krimpen aan den IJssel
Rondo,80,"","",2925AE,Krimpen aan den IJssel
Rondo,82,"","",2925AE,Krimpen aan den IJssel
Rondo,82,A,"",2925AE,Krimpen aan den IJssel
Rondo,82,B,"",2925AE,Krimpen aan den IJssel
Rondo,84,"","",2925AE,Krimpen aan den IJssel
Rondo,100,"","",2925AG,Krimpen aan den IJssel
Rondo,102,"","",2925AG,Krimpen aan den IJssel
Rondo,104,"","",2925AG,Krimpen aan den IJssel
Rondo,106,"","",2925AG,Krimpen aan den IJssel
Rondo,108,"","",2925AG,Krimpen aan den IJssel
Rondo,110,"","",2925AG,Krimpen aan den IJssel
Rondo,110,A,"",2925AG,Krimpen aan den IJssel
Rondo,110,B,"",2925AG,Krimpen aan den IJssel
Rondo,110,C,"",2925AG,Krimpen aan den IJssel
Rondo,112,"","",2925AG,Krimpen aan den IJssel
Rondo,114,"","",2925AG,Krimpen aan den IJssel
Rondo,86,"","",2925AG,Krimpen aan den IJssel
Rondo,88,"","",2925AG,Krimpen aan den IJssel
Rondo,90,"","",2925AG,Krimpen aan den IJssel
Rondo,92,"","",2925AG,Krimpen aan den IJssel
Rondo,92,A,"",2925AG,Krimpen aan den IJssel
Rondo,92,B,"",2925AG,Krimpen aan den IJssel
Rondo,94,"","",2925AG,Krimpen aan den IJssel
Rondo,94,A,"",2925AG,Krimpen aan den IJssel
Rondo,94,B,"",2925AG,Krimpen aan den IJssel
Rondo,96,"","",2925AG,Krimpen aan den IJssel
Rondo,98,"","",2925AG,Krimpen aan den IJssel
Rondo,116,"","",2925AH,Krimpen aan den IJssel
Rondo,116,A,"",2925AH,Krimpen aan den IJssel
Rondo,118,"","",2925AH,Krimpen aan den IJssel
Rondo,120,"","",2925AH,Krimpen aan den IJssel
Rondo,122,"","",2925AH,Krimpen aan den IJssel
Rondo,124,"","",2925AH,Krimpen aan den IJssel
Rondo,126,"","",2925AH,Krimpen aan den IJssel
Rondo,128,"","",2925AH,Krimpen aan den IJssel
Rondo,130,"","",2925AH,Krimpen aan den IJssel
Rondo,132,"","",2925AH,Krimpen aan den IJssel
Rondo,134,"","",2925AH,Krimpen aan den IJssel
Rondo,134,A,"",2925AH,Krimpen aan den IJssel
Rondo,136,"","",2925AH,Krimpen aan den IJssel
Rondo,136,A,"",2925AH,Krimpen aan den IJssel
Rondo,136,B,"",2925AH,Krimpen aan den IJssel
Rondo,138,"","",2925AH,Krimpen aan den IJssel
Rondo,140,"","",2925AH,Krimpen aan den IJssel
Rondo,142,"","",2925AH,Krimpen aan den IJssel
Rondo,144,"","",2925AH,Krimpen aan den IJssel
Rondo,146,"","",2925AH,Krimpen aan den IJssel
Rondo,148,"","",2925AH,Krimpen aan den IJssel
Rondo,150,"","",2925AH,Krimpen aan den IJssel
Rondo,152,"","",2925AH,Krimpen aan den IJssel
Rondo,154,"","",2925AH,Krimpen aan den IJssel
Rondo,154,A,"",2925AH,Krimpen aan den IJssel
Rondo,154,B,"",2925AH,Krimpen aan den IJssel
Zwanenkade,11,"","",2925AN,Krimpen aan den IJssel
Zwanenkade,13,"","",2925AN,Krimpen aan den IJssel
Zwanenkade,15,"","",2925AN,Krimpen aan den IJssel
Zwanenkade,17,"","",2925AN,Krimpen aan den IJssel
Zwanenkade,19,"","",2925AN,Krimpen aan den IJssel
Zwanenkade,21,"","",2925AN,Krimpen aan den IJssel
Zwanenkade,23,"","",2925AN,Krimpen aan den IJssel
Zwanenkade,25,"","",2925AN,Krimpen aan den IJssel
Zwanenkade,27,"","",2925AN,Krimpen aan den IJssel
Zwanenkade,29,"","",2925AN,Krimpen aan den IJssel
Zwanenkade,31,"","",2925AN,Krimpen aan den IJssel
Zwanenkade,33,"","",2925AN,Krimpen aan den IJssel
Zwanenkade,35,"","",2925AN,Krimpen aan den IJssel
Zwanenkade,37,"","",2925AN,Krimpen aan den IJssel
Zwanenkade,39,"","",2925AN,Krimpen aan den IJssel
Zwanenkade,41,"","",2925AN,Krimpen aan den IJssel
Zwanenkade,43,"","",2925AN,Krimpen aan den IJssel
Zwanenkade,45,"","",2925AN,Krimpen aan den IJssel
Zwanenkade,47,"","",2925AN,Krimpen aan den IJssel
Zwanenkade,49,"","",2925AN,Krimpen aan den IJssel
Zwanenkade,49,A,"",2925AN,Krimpen aan den IJssel
Zwanenkade,49,B,"",2925AN,Krimpen aan den IJssel
Zwanenkade,49,C,"",2925AN,Krimpen aan den IJssel
Zwanenkade,5,"","",2925AN,Krimpen aan den IJssel
Zwanenkade,51,"","",2925AN,Krimpen aan den IJssel
Zwanenkade,53,"","",2925AN,Krimpen aan den IJssel
Zwanenkade,7,"","",2925AN,Krimpen aan den IJssel
Zwanenkade,9,"","",2925AN,Krimpen aan den IJssel
Zwanenkade,101,"","",2925AP,Krimpen aan den IJssel
Zwanenkade,103,"","",2925AP,Krimpen aan den IJssel
Zwanenkade,105,"","",2925AP,Krimpen aan den IJssel
Zwanenkade,107,"","",2925AP,Krimpen aan den IJssel
Zwanenkade,109,"","",2925AP,Krimpen aan den IJssel
Zwanenkade,111,"","",2925AP,Krimpen aan den IJssel
Zwanenkade,113,"","",2925AP,Krimpen aan den IJssel
Zwanenkade,113,A,"",2925AP,Krimpen aan den IJssel
Zwanenkade,113,A,"",2925AP,Krimpen aan den IJssel
Zwanenkade,113,B,"",2925AP,Krimpen aan den IJssel
Zwanenkade,113,C,"",2925AP,Krimpen aan den IJssel
Zwanenkade,113,D,"",2925AP,Krimpen aan den IJssel
Zwanenkade,113,E,"",2925AP,Krimpen aan den IJssel
Zwanenkade,113,F,"",2925AP,Krimpen aan den IJssel
Zwanenkade,55,"","",2925AP,Krimpen aan den IJssel
Zwanenkade,57,"","",2925AP,Krimpen aan den IJssel
Zwanenkade,59,"","",2925AP,Krimpen aan den IJssel
Zwanenkade,61,"","",2925AP,Krimpen aan den IJssel
Zwanenkade,61,A,"",2925AP,Krimpen aan den IJssel
Zwanenkade,61,B,"",2925AP,Krimpen aan den IJssel
Zwanenkade,61,C,"",2925AP,Krimpen aan den IJssel
Zwanenkade,63,"","",2925AP,Krimpen aan den IJssel
Zwanenkade,65,"","",2925AP,Krimpen aan den IJssel
Zwanenkade,65,A,"",2925AP,Krimpen aan den IJssel
Zwanenkade,67,"","",2925AP,Krimpen aan den IJssel
Zwanenkade,69,"","",2925AP,Krimpen aan den IJssel
Zwanenkade,71,"","",2925AP,Krimpen aan den IJssel
Zwanenkade,73,"","",2925AP,Krimpen aan den IJssel
Zwanenkade,75,"","",2925AP,Krimpen aan den IJssel
Zwanenkade,77,"","",2925AP,Krimpen aan den IJssel
Zwanenkade,79,"","",2925AP,Krimpen aan den IJssel
Zwanenkade,81,"","",2925AP,Krimpen aan den IJssel
Zwanenkade,83,"","",2925AP,Krimpen aan den IJssel
Zwanenkade,85,"","",2925AP,Krimpen aan den IJssel
Zwanenkade,87,"","",2925AP,Krimpen aan den IJssel
Zwanenkade,89,"","",2925AP,Krimpen aan den IJssel
Zwanenkade,91,"","",2925AP,Krimpen aan den IJssel
Zwanenkade,93,"","",2925AP,Krimpen aan den IJssel
Zwanenkade,95,"","",2925AP,Krimpen aan den IJssel
Zwanenkade,97,"","",2925AP,Krimpen aan den IJssel
Zwanenkade,99,"","",2925AP,Krimpen aan den IJssel
Zwanenkade,10,"","",2925AR,Krimpen aan den IJssel
Zwanenkade,12,"","",2925AR,Krimpen aan den IJssel
Zwanenkade,14,"","",2925AR,Krimpen aan den IJssel
Zwanenkade,16,"","",2925AR,Krimpen aan den IJssel
Zwanenkade,18,"","",2925AR,Krimpen aan den IJssel
Zwanenkade,2,"","",2925AR,Krimpen aan den IJssel
Zwanenkade,20,"","",2925AR,Krimpen aan den IJssel
Zwanenkade,22,"","",2925AR,Krimpen aan den IJssel
Zwanenkade,24,"","",2925AR,Krimpen aan den IJssel
Zwanenkade,26,"","",2925AR,Krimpen aan den IJssel
Zwanenkade,28,"","",2925AR,Krimpen aan den IJssel
Zwanenkade,30,"","",2925AR,Krimpen aan den IJssel
Zwanenkade,32,"","",2925AR,Krimpen aan den IJssel
Zwanenkade,34,"","",2925AR,Krimpen aan den IJssel
Zwanenkade,36,"","",2925AR,Krimpen aan den IJssel
Zwanenkade,38,"","",2925AR,Krimpen aan den IJssel
Zwanenkade,4,"","",2925AR,Krimpen aan den IJssel
Zwanenkade,40,"","",2925AR,Krimpen aan den IJssel
Zwanenkade,42,"","",2925AR,Krimpen aan den IJssel
Zwanenkade,44,"","",2925AR,Krimpen aan den IJssel
Zwanenkade,46,"","",2925AR,Krimpen aan den IJssel
Zwanenkade,48,"","",2925AR,Krimpen aan den IJssel
Zwanenkade,6,"","",2925AR,Krimpen aan den IJssel
Zwanenkade,8,"","",2925AR,Krimpen aan den IJssel
Zwanenkade,50,"","",2925AS,Krimpen aan den IJssel
Zwanenkade,52,"","",2925AS,Krimpen aan den IJssel
Zwanenkade,54,"","",2925AS,Krimpen aan den IJssel
Zwanenkade,56,"","",2925AS,Krimpen aan den IJssel
Zwanenkade,58,"","",2925AS,Krimpen aan den IJssel
Zwanenkade,60,"","",2925AS,Krimpen aan den IJssel
Zwanenkade,62,"","",2925AS,Krimpen aan den IJssel
Zwanenkade,64,"","",2925AS,Krimpen aan den IJssel
Zwanenkade,66,"","",2925AS,Krimpen aan den IJssel
Zwanenkade,68,"","",2925AS,Krimpen aan den IJssel
Zwanenkade,70,"","",2925AS,Krimpen aan den IJssel
Zwanenkade,72,"","",2925AS,Krimpen aan den IJssel
Zwanenkade,74,"","",2925AS,Krimpen aan den IJssel
Zwanenkade,76,"","",2925AS,Krimpen aan den IJssel
Zwanenkade,78,"","",2925AS,Krimpen aan den IJssel
Zwanenkade,80,"","",2925AS,Krimpen aan den IJssel
Zwanenkade,82,"","",2925AS,Krimpen aan den IJssel
Zwanenkade,84,"","",2925AS,Krimpen aan den IJssel
Zwanenkade,86,"","",2925AS,Krimpen aan den IJssel
Zwanenkade,88,"","",2925AS,Krimpen aan den IJssel
Zwanenkade,90,"","",2925AS,Krimpen aan den IJssel
Zwanenkade,92,"","",2925AS,Krimpen aan den IJssel
Zwanenkade,94,"","",2925AS,Krimpen aan den IJssel
Zwanenkade,96,"","",2925AS,Krimpen aan den IJssel
Zwanenkade,98,"","",2925AS,Krimpen aan den IJssel
Zwanenkade,100,"","",2925AT,Krimpen aan den IJssel
Zwanenkade,102,"","",2925AT,Krimpen aan den IJssel
Zwanenkade,104,"","",2925AT,Krimpen aan den IJssel
Zwanenkade,106,"","",2925AT,Krimpen aan den IJssel
Zwanenkade,108,"","",2925AT,Krimpen aan den IJssel
Zwanenkade,110,"","",2925AT,Krimpen aan den IJssel
Zwanenkade,112,"","",2925AT,Krimpen aan den IJssel
Zwanenkade,114,"","",2925AT,Krimpen aan den IJssel
Zwanenkade,116,"","",2925AT,Krimpen aan den IJssel
Zwanenkade,118,"","",2925AT,Krimpen aan den IJssel
Zwanenkade,120,"","",2925AT,Krimpen aan den IJssel
Zwanenkade,122,"","",2925AT,Krimpen aan den IJssel
Zwanenkade,124,"","",2925AT,Krimpen aan den IJssel
Zwanenkade,126,"","",2925AT,Krimpen aan den IJssel
Zwanenkade,128,"","",2925AT,Krimpen aan den IJssel
Zwanenkade,130,"","",2925AT,Krimpen aan den IJssel
Zwanenkade,132,"","",2925AT,Krimpen aan den IJssel
Zwanenkade,134,"","",2925AT,Krimpen aan den IJssel
Zwanenkade,136,"","",2925AT,Krimpen aan den IJssel
Zwanenkade,138,"","",2925AT,Krimpen aan den IJssel
Zwanenkade,140,"","",2925AT,Krimpen aan den IJssel
Zwanenkade,142,"","",2925AT,Krimpen aan den IJssel
Zwanenkade,144,"","",2925AT,Krimpen aan den IJssel
Zwanenkade,146,"","",2925AV,Krimpen aan den IJssel
Zwanenkade,148,"","",2925AV,Krimpen aan den IJssel
Landszoom,1,"","",2925AW,Krimpen aan den IJssel
Landszoom,10,"","",2925AW,Krimpen aan den IJssel
Landszoom,11,"","",2925AW,Krimpen aan den IJssel
Landszoom,12,"","",2925AW,Krimpen aan den IJssel
Landszoom,13,"","",2925AW,Krimpen aan den IJssel
Landszoom,14,"","",2925AW,Krimpen aan den IJssel
Landszoom,15,"","",2925AW,Krimpen aan den IJssel
Landszoom,16,"","",2925AW,Krimpen aan den IJssel
Landszoom,17,"","",2925AW,Krimpen aan den IJssel
Landszoom,18,"","",2925AW,Krimpen aan den IJssel
Landszoom,19,"","",2925AW,Krimpen aan den IJssel
Landszoom,2,"","",2925AW,Krimpen aan den IJssel
Landszoom,20,"","",2925AW,Krimpen aan den IJssel
Landszoom,21,"","",2925AW,Krimpen aan den IJssel
Landszoom,22,"","",2925AW,Krimpen aan den IJssel
Landszoom,23,"","",2925AW,Krimpen aan den IJssel
Landszoom,24,"","",2925AW,Krimpen aan den IJssel
Landszoom,25,"","",2925AW,Krimpen aan den IJssel
Landszoom,26,"","",2925AW,Krimpen aan den IJssel
Landszoom,27,"","",2925AW,Krimpen aan den IJssel
Landszoom,28,"","",2925AW,Krimpen aan den IJssel
Landszoom,29,"","",2925AW,Krimpen aan den IJssel
Landszoom,3,"","",2925AW,Krimpen aan den IJssel
Voltastraat,3,B,"",2925AW,Alblasserdam
Landszoom,30,"","",2925AW,Krimpen aan den IJssel
Landszoom,31,"","",2925AW,Krimpen aan den IJssel
Landszoom,32,"","",2925AW,Krimpen aan den IJssel
Landszoom,33,"","",2925AW,Krimpen aan den IJssel
Landszoom,34,"","",2925AW,Krimpen aan den IJssel
Landszoom,35,"","",2925AW,Krimpen aan den IJssel
Landszoom,36,"","",2925AW,Krimpen aan den IJssel
Landszoom,37,"","",2925AW,Krimpen aan den IJssel
Landszoom,38,"","",2925AW,Krimpen aan den IJssel
Landszoom,39,"","",2925AW,Krimpen aan den IJssel
Landszoom,4,"","",2925AW,Krimpen aan den IJssel
Landszoom,40,"","",2925AW,Krimpen aan den IJssel
Landszoom,41,"","",2925AW,Krimpen aan den IJssel
Landszoom,42,"","",2925AW,Krimpen aan den IJssel
Landszoom,43,"","",2925AW,Krimpen aan den IJssel
Landszoom,44,"","",2925AW,Krimpen aan den IJssel
Landszoom,45,"","",2925AW,Krimpen aan den IJssel
Landszoom,46,"","",2925AW,Krimpen aan den IJssel
Landszoom,47,"","",2925AW,Krimpen aan den IJssel
Landszoom,48,"","",2925AW,Krimpen aan den IJssel
Landszoom,49,"","",2925AW,Krimpen aan den IJssel
Landszoom,5,"","",2925AW,Krimpen aan den IJssel
Landszoom,50,"","",2925AW,Krimpen aan den IJssel
Landszoom,51,"","",2925AW,Krimpen aan den IJssel
Landszoom,52,"","",2925AW,Krimpen aan den IJssel
Landszoom,6,"","",2925AW,Krimpen aan den IJssel
Landszoom,7,"","",2925AW,Krimpen aan den IJssel
Landszoom,8,"","",2925AW,Krimpen aan den IJssel
Landszoom,9,"","",2925AW,Krimpen aan den IJssel
Allegro,1,"","",2925BA,Krimpen aan den IJssel
Allegro,17,"","",2925BA,Krimpen aan den IJssel
Allegro,19,"","",2925BA,Krimpen aan den IJssel
Allegro,21,"","",2925BA,Krimpen aan den IJssel
Allegro,23,"","",2925BA,Krimpen aan den IJssel
Allegro,25,"","",2925BA,Krimpen aan den IJssel
Allegro,25,A,"",2925BA,Krimpen aan den IJssel
Allegro,25,B,"",2925BA,Krimpen aan den IJssel
Allegro,25,C,"",2925BA,Krimpen aan den IJssel
Allegro,25,D,"",2925BA,Krimpen aan den IJssel
Allegro,27,"","",2925BA,Krimpen aan den IJssel
Allegro,29,"","",2925BA,Krimpen aan den IJssel
Allegro,31,"","",2925BA,Krimpen aan den IJssel
Allegro,33,"","",2925BA,Krimpen aan den IJssel
Allegro,35,"","",2925BA,Krimpen aan den IJssel
Allegro,37,"","",2925BA,Krimpen aan den IJssel
Allegro,39,"","",2925BA,Krimpen aan den IJssel
Allegro,41,"","",2925BA,Krimpen aan den IJssel
Allegro,43,"","",2925BA,Krimpen aan den IJssel
Allegro,45,"","",2925BA,Krimpen aan den IJssel
Allegro,47,"","",2925BA,Krimpen aan den IJssel
Allegro,49,"","",2925BB,Krimpen aan den IJssel
Allegro,49,A,"",2925BB,Krimpen aan den IJssel
Allegro,49,B,"",2925BB,Krimpen aan den IJssel
Allegro,49,C,"",2925BB,Krimpen aan den IJssel
Allegro,51,"","",2925BB,Krimpen aan den IJssel
Allegro,53,"","",2925BB,Krimpen aan den IJssel
Allegro,55,"","",2925BB,Krimpen aan den IJssel
Allegro,57,"","",2925BB,Krimpen aan den IJssel
Allegro,59,"","",2925BB,Krimpen aan den IJssel
Allegro,61,"","",2925BB,Krimpen aan den IJssel
Allegro,63,"","",2925BB,Krimpen aan den IJssel
Allegro,65,"","",2925BB,Krimpen aan den IJssel
Allegro,67,"","",2925BB,Krimpen aan den IJssel
Allegro,69,"","",2925BB,Krimpen aan den IJssel
Allegro,71,"","",2925BB,Krimpen aan den IJssel
Allegro,73,"","",2925BB,Krimpen aan den IJssel
Allegro,75,"","",2925BB,Krimpen aan den IJssel
Allegro,75,A,"",2925BB,Krimpen aan den IJssel
Allegro,75,B,"",2925BB,Krimpen aan den IJssel
Allegro,75,C,"",2925BB,Krimpen aan den IJssel
Allegro,77,"","",2925BB,Krimpen aan den IJssel
Allegro,79,"","",2925BB,Krimpen aan den IJssel
Allegro,81,"","",2925BB,Krimpen aan den IJssel
Allegro,83,"","",2925BB,Krimpen aan den IJssel
Allegro,85,"","",2925BB,Krimpen aan den IJssel
Allegro,87,"","",2925BB,Krimpen aan den IJssel
Allegro,89,"","",2925BB,Krimpen aan den IJssel
Allegro,91,"","",2925BB,Krimpen aan den IJssel
Allegro,93,"","",2925BB,Krimpen aan den IJssel
Allegro,95,"","",2925BB,Krimpen aan den IJssel
Allegro,97,"","",2925BB,Krimpen aan den IJssel
Allegro,99,"","",2925BB,Krimpen aan den IJssel
Allegro,101,"","",2925BC,Krimpen aan den IJssel
Allegro,101,A,"",2925BC,Krimpen aan den IJssel
Allegro,101,B,"",2925BC,Krimpen aan den IJssel
Allegro,101,C,"",2925BC,Krimpen aan den IJssel
Allegro,103,"","",2925BC,Krimpen aan den IJssel
Allegro,105,"","",2925BC,Krimpen aan den IJssel
Allegro,107,"","",2925BC,Krimpen aan den IJssel
Allegro,109,"","",2925BC,Krimpen aan den IJssel
Allegro,111,"","",2925BC,Krimpen aan den IJssel
Allegro,111,A,"",2925BC,Krimpen aan den IJssel
Allegro,113,"","",2925BC,Krimpen aan den IJssel
Allegro,115,"","",2925BC,Krimpen aan den IJssel
Allegro,117,"","",2925BC,Krimpen aan den IJssel
Allegro,117,A,"",2925BC,Krimpen aan den IJssel
Allegro,117,B,"",2925BC,Krimpen aan den IJssel
Allegro,117,C,"",2925BC,Krimpen aan den IJssel
Allegro,117,D,"",2925BC,Krimpen aan den IJssel
Allegro,117,E,"",2925BC,Krimpen aan den IJssel
Allegro,117,F,"",2925BC,Krimpen aan den IJssel
Allegro,119,"","",2925BC,Krimpen aan den IJssel
Allegro,121,"","",2925BC,Krimpen aan den IJssel
Allegro,123,"","",2925BC,Krimpen aan den IJssel
Allegro,125,"","",2925BC,Krimpen aan den IJssel
Allegro,127,"","",2925BC,Krimpen aan den IJssel
Allegro,129,"","",2925BC,Krimpen aan den IJssel
Allegro,131,"","",2925BC,Krimpen aan den IJssel
Allegro,133,"","",2925BC,Krimpen aan den IJssel
Allegro,135,"","",2925BC,Krimpen aan den IJssel
Allegro,137,"","",2925BC,Krimpen aan den IJssel
Allegro,139,"","",2925BC,Krimpen aan den IJssel
Allegro,10,"","",2925BD,Krimpen aan den IJssel
Allegro,12,"","",2925BD,Krimpen aan den IJssel
Allegro,14,"","",2925BD,Krimpen aan den IJssel
Allegro,16,"","",2925BD,Krimpen aan den IJssel
Allegro,18,"","",2925BD,Krimpen aan den IJssel
Allegro,2,"","",2925BD,Krimpen aan den IJssel
Allegro,20,"","",2925BD,Krimpen aan den IJssel
Allegro,22,"","",2925BD,Krimpen aan den IJssel
Allegro,24,"","",2925BD,Krimpen aan den IJssel
Allegro,26,"","",2925BD,Krimpen aan den IJssel
Allegro,28,"","",2925BD,Krimpen aan den IJssel
Allegro,30,"","",2925BD,Krimpen aan den IJssel
Allegro,32,"","",2925BD,Krimpen aan den IJssel
Allegro,34,"","",2925BD,Krimpen aan den IJssel
Allegro,36,"","",2925BD,Krimpen aan den IJssel
Allegro,38,"","",2925BD,Krimpen aan den IJssel
Allegro,4,"","",2925BD,Krimpen aan den IJssel
Allegro,40,"","",2925BD,Krimpen aan den IJssel
Allegro,42,"","",2925BD,Krimpen aan den IJssel
Allegro,44,"","",2925BD,Krimpen aan den IJssel
Allegro,6,"","",2925BD,Krimpen aan den IJssel
Allegro,8,"","",2925BD,Krimpen aan den IJssel
Allegro,46,"","",2925BE,Krimpen aan den IJssel
Allegro,48,"","",2925BE,Krimpen aan den IJssel
Allegro,50,"","",2925BE,Krimpen aan den IJssel
Allegro,52,"","",2925BE,Krimpen aan den IJssel
Allegro,54,"","",2925BE,Krimpen aan den IJssel
Allegro,56,"","",2925BE,Krimpen aan den IJssel
Allegro,58,"","",2925BE,Krimpen aan den IJssel
Allegro,60,"","",2925BE,Krimpen aan den IJssel
Allegro,62,"","",2925BE,Krimpen aan den IJssel
Allegro,64,"","",2925BE,Krimpen aan den IJssel
Allegro,66,"","",2925BE,Krimpen aan den IJssel
Allegro,68,"","",2925BE,Krimpen aan den IJssel
Allegro,70,"","",2925BE,Krimpen aan den IJssel
Allegro,72,"","",2925BE,Krimpen aan den IJssel
Allegro,74,"","",2925BE,Krimpen aan den IJssel
Allegro,76,"","",2925BE,Krimpen aan den IJssel
Allegro,78,"","",2925BE,Krimpen aan den IJssel
Allegro,80,"","",2925BE,Krimpen aan den IJssel
Allegro,82,"","",2925BE,Krimpen aan den IJssel
Allegro,100,"","",2925BG,Krimpen aan den IJssel
Allegro,102,"","",2925BG,Krimpen aan den IJssel
Allegro,104,"","",2925BG,Krimpen aan den IJssel
Allegro,106,"","",2925BG,Krimpen aan den IJssel
Allegro,108,"","",2925BG,Krimpen aan den IJssel
Allegro,110,"","",2925BG,Krimpen aan den IJssel
Allegro,112,"","",2925BG,Krimpen aan den IJssel
Allegro,114,"","",2925BG,Krimpen aan den IJssel
Allegro,84,"","",2925BG,Krimpen aan den IJssel
Allegro,86,"","",2925BG,Krimpen aan den IJssel
Allegro,88,"","",2925BG,Krimpen aan den IJssel
Allegro,90,"","",2925BG,Krimpen aan den IJssel
Allegro,92,"","",2925BG,Krimpen aan den IJssel
Allegro,94,"","",2925BG,Krimpen aan den IJssel
Allegro,96,"","",2925BG,Krimpen aan den IJssel
Allegro,98,"","",2925BG,Krimpen aan den IJssel
Da Capo,1,"","",2925BH,Krimpen aan den IJssel
Da Capo,11,"","",2925BH,Krimpen aan den IJssel
Da Capo,13,"","",2925BH,Krimpen aan den IJssel
Da Capo,15,"","",2925BH,Krimpen aan den IJssel
Da Capo,17,"","",2925BH,Krimpen aan den IJssel
Da Capo,19,"","",2925BH,Krimpen aan den IJssel
Da Capo,2,A,"",2925BH,Krimpen aan den IJssel
Da Capo,21,"","",2925BH,Krimpen aan den IJssel
Da Capo,23,"","",2925BH,Krimpen aan den IJssel
Da Capo,25,"","",2925BH,Krimpen aan den IJssel
Da Capo,27,"","",2925BH,Krimpen aan den IJssel
Da Capo,29,"","",2925BH,Krimpen aan den IJssel
Da Capo,3,"","",2925BH,Krimpen aan den IJssel
Da Capo,31,"","",2925BH,Krimpen aan den IJssel
Da Capo,4,"","",2925BH,Krimpen aan den IJssel
Da Capo,5,"","",2925BH,Krimpen aan den IJssel
Da Capo,6,"","",2925BH,Krimpen aan den IJssel
Da Capo,7,"","",2925BH,Krimpen aan den IJssel
Da Capo,9,"","",2925BH,Krimpen aan den IJssel
Melodie,1,"","",2925BJ,Krimpen aan den IJssel
Melodie,11,"","",2925BJ,Krimpen aan den IJssel
Melodie,13,"","",2925BJ,Krimpen aan den IJssel
Melodie,15,"","",2925BJ,Krimpen aan den IJssel
Melodie,17,"","",2925BJ,Krimpen aan den IJssel
Melodie,19,"","",2925BJ,Krimpen aan den IJssel
Melodie,21,"","",2925BJ,Krimpen aan den IJssel
Melodie,23,"","",2925BJ,Krimpen aan den IJssel
Melodie,23,A,"",2925BJ,Krimpen aan den IJssel
Melodie,23,B,"",2925BJ,Krimpen aan den IJssel
Melodie,23,C,"",2925BJ,Krimpen aan den IJssel
Melodie,25,"","",2925BJ,Krimpen aan den IJssel
Melodie,27,"","",2925BJ,Krimpen aan den IJssel
Melodie,29,"","",2925BJ,Krimpen aan den IJssel
Melodie,3,"","",2925BJ,Krimpen aan den IJssel
Melodie,31,"","",2925BJ,Krimpen aan den IJssel
Melodie,33,"","",2925BJ,Krimpen aan den IJssel
Melodie,35,"","",2925BJ,Krimpen aan den IJssel
Melodie,37,"","",2925BJ,Krimpen aan den IJssel
Melodie,39,"","",2925BJ,Krimpen aan den IJssel
Melodie,41,"","",2925BJ,Krimpen aan den IJssel
Melodie,43,"","",2925BJ,Krimpen aan den IJssel
Melodie,45,"","",2925BJ,Krimpen aan den IJssel
Melodie,47,"","",2925BJ,Krimpen aan den IJssel
Melodie,49,"","",2925BJ,Krimpen aan den IJssel
Melodie,5,"","",2925BJ,Krimpen aan den IJssel
Melodie,51,"","",2925BJ,Krimpen aan den IJssel
Melodie,53,"","",2925BJ,Krimpen aan den IJssel
Melodie,55,"","",2925BJ,Krimpen aan den IJssel
Melodie,7,"","",2925BJ,Krimpen aan den IJssel
Melodie,9,"","",2925BJ,Krimpen aan den IJssel
Melodie,10,"","",2925BK,Krimpen aan den IJssel
Melodie,12,"","",2925BK,Krimpen aan den IJssel
Melodie,14,"","",2925BK,Krimpen aan den IJssel
Melodie,16,"","",2925BK,Krimpen aan den IJssel
Melodie,18,"","",2925BK,Krimpen aan den IJssel
Melodie,2,"","",2925BK,Krimpen aan den IJssel
Melodie,20,"","",2925BK,Krimpen aan den IJssel
Melodie,22,"","",2925BK,Krimpen aan den IJssel
Melodie,24,"","",2925BK,Krimpen aan den IJssel
Melodie,26,"","",2925BK,Krimpen aan den IJssel
Melodie,28,"","",2925BK,Krimpen aan den IJssel
Melodie,30,"","",2925BK,Krimpen aan den IJssel
Melodie,32,"","",2925BK,Krimpen aan den IJssel
Melodie,34,"","",2925BK,Krimpen aan den IJssel
Melodie,36,"","",2925BK,Krimpen aan den IJssel
Melodie,38,"","",2925BK,Krimpen aan den IJssel
Melodie,4,"","",2925BK,Krimpen aan den IJssel
Melodie,40,"","",2925BK,Krimpen aan den IJssel
Melodie,42,"","",2925BK,Krimpen aan den IJssel
Melodie,44,"","",2925BK,Krimpen aan den IJssel
Melodie,6,"","",2925BK,Krimpen aan den IJssel
Melodie,8,"","",2925BK,Krimpen aan den IJssel
Moderato,1,"","",2925BL,Krimpen aan den IJssel
Moderato,10,"","",2925BL,Krimpen aan den IJssel
Moderato,10,A,"",2925BL,Krimpen aan den IJssel
Moderato,10,B,"",2925BL,Krimpen aan den IJssel
Moderato,11,"","",2925BL,Krimpen aan den IJssel
Moderato,11,A,"",2925BL,Krimpen aan den IJssel
Moderato,13,"","",2925BL,Krimpen aan den IJssel
Moderato,13,"","",2925BL,Krimpen aan den IJssel
Moderato,2,"","",2925BL,Krimpen aan den IJssel
Moderato,3,"","",2925BL,Krimpen aan den IJssel
Moderato,4,"","",2925BL,Krimpen aan den IJssel
Moderato,4,A,"",2925BL,Krimpen aan den IJssel
Moderato,4,B,"",2925BL,Krimpen aan den IJssel
Moderato,5,"","",2925BL,Krimpen aan den IJssel
Moderato,6,"","",2925BL,Krimpen aan den IJssel
Moderato,7,"","",2925BL,Krimpen aan den IJssel
Moderato,7,A,"",2925BL,Krimpen aan den IJssel
Moderato,7,B,"",2925BL,Krimpen aan den IJssel
Moderato,8,"","",2925BL,Krimpen aan den IJssel
Moderato,9,"","",2925BL,Krimpen aan den IJssel
Spiritoso,1,"","",2925BM,Krimpen aan den IJssel
Spiritoso,1,A,"",2925BM,Krimpen aan den IJssel
Spiritoso,1,B,"",2925BM,Krimpen aan den IJssel
Spiritoso,1,C,"",2925BM,Krimpen aan den IJssel
Spiritoso,1,D,"",2925BM,Krimpen aan den IJssel
Spiritoso,1,E,"",2925BM,Krimpen aan den IJssel
Spiritoso,1,F,"",2925BM,Krimpen aan den IJssel
Spiritoso,1,G,"",2925BM,Krimpen aan den IJssel
Spiritoso,11,"","",2925BM,Krimpen aan den IJssel
Spiritoso,13,"","",2925BM,Krimpen aan den IJssel
Spiritoso,15,"","",2925BM,Krimpen aan den IJssel
Spiritoso,17,"","",2925BM,Krimpen aan den IJssel
Spiritoso,19,"","",2925BM,Krimpen aan den IJssel
Spiritoso,21,"","",2925BM,Krimpen aan den IJssel
Spiritoso,23,"","",2925BM,Krimpen aan den IJssel
Spiritoso,25,"","",2925BM,Krimpen aan den IJssel
Spiritoso,27,"","",2925BM,Krimpen aan den IJssel
Spiritoso,29,"","",2925BM,Krimpen aan den IJssel
Spiritoso,3,"","",2925BM,Krimpen aan den IJssel
Spiritoso,31,"","",2925BM,Krimpen aan den IJssel
Spiritoso,33,"","",2925BM,Krimpen aan den IJssel
Spiritoso,35,"","",2925BM,Krimpen aan den IJssel
Spiritoso,37,"","",2925BM,Krimpen aan den IJssel
Spiritoso,39,"","",2925BM,Krimpen aan den IJssel
Spiritoso,41,"","",2925BM,Krimpen aan den IJssel
Spiritoso,43,"","",2925BM,Krimpen aan den IJssel
Spiritoso,43,A,"",2925BM,Krimpen aan den IJssel
Spiritoso,43,B,"",2925BM,Krimpen aan den IJssel
Spiritoso,43,C,"",2925BM,Krimpen aan den IJssel
Spiritoso,43,D,"",2925BM,Krimpen aan den IJssel
Spiritoso,43,E,"",2925BM,Krimpen aan den IJssel
Spiritoso,43,F,"",2925BM,Krimpen aan den IJssel
Spiritoso,43,G,"",2925BM,Krimpen aan den IJssel
Spiritoso,43,H,"",2925BM,Krimpen aan den IJssel
Spiritoso,43,I,"",2925BM,Krimpen aan den IJssel
Spiritoso,43,J,"",2925BM,Krimpen aan den IJssel
Spiritoso,43,K,"",2925BM,Krimpen aan den IJssel
Spiritoso,45,"","",2925BM,Krimpen aan den IJssel
Spiritoso,47,"","",2925BM,Krimpen aan den IJssel
Spiritoso,49,"","",2925BM,Krimpen aan den IJssel
Spiritoso,5,"","",2925BM,Krimpen aan den IJssel
Spiritoso,51,"","",2925BM,Krimpen aan den IJssel
Spiritoso,7,"","",2925BM,Krimpen aan den IJssel
Spiritoso,9,"","",2925BM,Krimpen aan den IJssel
Spiritoso,10,"","",2925BN,Krimpen aan den IJssel
Spiritoso,12,"","",2925BN,Krimpen aan den IJssel
Spiritoso,14,"","",2925BN,Krimpen aan den IJssel
Spiritoso,16,"","",2925BN,Krimpen aan den IJssel
Spiritoso,18,"","",2925BN,Krimpen aan den IJssel
Spiritoso,2,"","",2925BN,Krimpen aan den IJssel
Spiritoso,20,"","",2925BN,Krimpen aan den IJssel
Spiritoso,22,"","",2925BN,Krimpen aan den IJssel
Spiritoso,24,"","",2925BN,Krimpen aan den IJssel
Spiritoso,26,"","",2925BN,Krimpen aan den IJssel
Spiritoso,26,A,"",2925BN,Krimpen aan den IJssel
Spiritoso,26,B,"",2925BN,Krimpen aan den IJssel
Spiritoso,26,C,"",2925BN,Krimpen aan den IJssel
Spiritoso,28,"","",2925BN,Krimpen aan den IJssel
Spiritoso,30,"","",2925BN,Krimpen aan den IJssel
Spiritoso,32,"","",2925BN,Krimpen aan den IJssel
Spiritoso,32,A,"",2925BN,Krimpen aan den IJssel
Spiritoso,32,B,"",2925BN,Krimpen aan den IJssel
Spiritoso,32,C,"",2925BN,Krimpen aan den IJssel
Spiritoso,32,D,"",2925BN,Krimpen aan den IJssel
Spiritoso,32,E,"",2925BN,Krimpen aan den IJssel
Spiritoso,34,"","",2925BN,Krimpen aan den IJssel
Spiritoso,36,"","",2925BN,Krimpen aan den IJssel
Spiritoso,38,"","",2925BN,Krimpen aan den IJssel
Spiritoso,4,"","",2925BN,Krimpen aan den IJssel
Spiritoso,40,"","",2925BN,Krimpen aan den IJssel
Spiritoso,42,"","",2925BN,Krimpen aan den IJssel
Spiritoso,44,"","",2925BN,Krimpen aan den IJssel
Spiritoso,46,"","",2925BN,Krimpen aan den IJssel
Spiritoso,48,"","",2925BN,Krimpen aan den IJssel
Spiritoso,48,A,"",2925BN,Krimpen aan den IJssel
Spiritoso,48,B,"",2925BN,Krimpen aan den IJssel
Spiritoso,48,C,"",2925BN,Krimpen aan den IJssel
Spiritoso,48,D,"",2925BN,Krimpen aan den IJssel
Spiritoso,48,E,"",2925BN,Krimpen aan den IJssel
Spiritoso,50,"","",2925BN,Krimpen aan den IJssel
Spiritoso,52,"","",2925BN,Krimpen aan den IJssel
Spiritoso,54,"","",2925BN,Krimpen aan den IJssel
Spiritoso,56,"","",2925BN,Krimpen aan den IJssel
Spiritoso,58,"","",2925BN,Krimpen aan den IJssel
Spiritoso,6,"","",2925BN,Krimpen aan den IJssel
Spiritoso,60,"","",2925BN,Krimpen aan den IJssel
Spiritoso,60,A,"",2925BN,Krimpen aan den IJssel
Spiritoso,60,B,"",2925BN,Krimpen aan den IJssel
Spiritoso,8,"","",2925BN,Krimpen aan den IJssel
Staccato,1,"","",2925BP,Krimpen aan den IJssel
Staccato,11,"","",2925BP,Krimpen aan den IJssel
Staccato,13,"","",2925BP,Krimpen aan den IJssel
Staccato,15,"","",2925BP,Krimpen aan den IJssel
Staccato,17,"","",2925BP,Krimpen aan den IJssel
Staccato,19,"","",2925BP,Krimpen aan den IJssel
Staccato,21,"","",2925BP,Krimpen aan den IJssel
Staccato,23,"","",2925BP,Krimpen aan den IJssel
Staccato,25,"","",2925BP,Krimpen aan den IJssel
Staccato,27,"","",2925BP,Krimpen aan den IJssel
Staccato,29,"","",2925BP,Krimpen aan den IJssel
Staccato,3,"","",2925BP,Krimpen aan den IJssel
Staccato,31,"","",2925BP,Krimpen aan den IJssel
Staccato,33,"","",2925BP,Krimpen aan den IJssel
Staccato,35,"","",2925BP,Krimpen aan den IJssel
Staccato,37,"","",2925BP,Krimpen aan den IJssel
Staccato,39,"","",2925BP,Krimpen aan den IJssel
Staccato,41,"","",2925BP,Krimpen aan den IJssel
Staccato,43,"","",2925BP,Krimpen aan den IJssel
Staccato,45,"","",2925BP,Krimpen aan den IJssel
Staccato,47,"","",2925BP,Krimpen aan den IJssel
Staccato,49,"","",2925BP,Krimpen aan den IJssel
Staccato,5,"","",2925BP,Krimpen aan den IJssel
Staccato,51,"","",2925BP,Krimpen aan den IJssel
Staccato,53,"","",2925BP,Krimpen aan den IJssel
Staccato,55,"","",2925BP,Krimpen aan den IJssel
Staccato,57,"","",2925BP,Krimpen aan den IJssel
Staccato,59,"","",2925BP,Krimpen aan den IJssel
Staccato,61,"","",2925BP,Krimpen aan den IJssel
Staccato,63,"","",2925BP,Krimpen aan den IJssel
Staccato,65,"","",2925BP,Krimpen aan den IJssel
Staccato,65,A,"",2925BP,Krimpen aan den IJssel
Staccato,7,"","",2925BP,Krimpen aan den IJssel
Staccato,9,"","",2925BP,Krimpen aan den IJssel
Staccato,9,A,"",2925BP,Krimpen aan den IJssel
Staccato,10,"","",2925BR,Krimpen aan den IJssel
Staccato,12,"","",2925BR,Krimpen aan den IJssel
Staccato,14,"","",2925BR,Krimpen aan den IJssel
Staccato,16,"","",2925BR,Krimpen aan den IJssel
Staccato,18,"","",2925BR,Krimpen aan den IJssel
Staccato,2,"","",2925BR,Krimpen aan den IJssel
Staccato,20,"","",2925BR,Krimpen aan den IJssel
Staccato,22,"","",2925BR,Krimpen aan den IJssel
Staccato,24,"","",2925BR,Krimpen aan den IJssel
Staccato,26,"","",2925BR,Krimpen aan den IJssel
Staccato,28,"","",2925BR,Krimpen aan den IJssel
Staccato,30,"","",2925BR,Krimpen aan den IJssel
Staccato,32,"","",2925BR,Krimpen aan den IJssel
Staccato,34,"","",2925BR,Krimpen aan den IJssel
Staccato,36,"","",2925BR,Krimpen aan den IJssel
Staccato,38,"","",2925BR,Krimpen aan den IJssel
Staccato,4,"","",2925BR,Krimpen aan den IJssel
Staccato,40,"","",2925BR,Krimpen aan den IJssel
Staccato,42,"","",2925BR,Krimpen aan den IJssel
Staccato,44,"","",2925BR,Krimpen aan den IJssel
Staccato,46,"","",2925BR,Krimpen aan den IJssel
Staccato,48,"","",2925BR,Krimpen aan den IJssel
Staccato,50,"","",2925BR,Krimpen aan den IJssel
Staccato,52,"","",2925BR,Krimpen aan den IJssel
Staccato,54,"","",2925BR,Krimpen aan den IJssel
Staccato,56,"","",2925BR,Krimpen aan den IJssel
Staccato,6,"","",2925BR,Krimpen aan den IJssel
Staccato,8,"","",2925BR,Krimpen aan den IJssel
Toccata,10,"","",2925BS,Krimpen aan den IJssel
Toccata,12,"","",2925BS,Krimpen aan den IJssel
Toccata,14,"","",2925BS,Krimpen aan den IJssel
Toccata,16,"","",2925BS,Krimpen aan den IJssel
Toccata,18,"","",2925BS,Krimpen aan den IJssel
Toccata,2,"","",2925BS,Krimpen aan den IJssel
Toccata,20,"","",2925BS,Krimpen aan den IJssel
Toccata,22,"","",2925BS,Krimpen aan den IJssel
Toccata,24,"","",2925BS,Krimpen aan den IJssel
Toccata,26,"","",2925BS,Krimpen aan den IJssel
Toccata,28,"","",2925BS,Krimpen aan den IJssel
Toccata,30,"","",2925BS,Krimpen aan den IJssel
Toccata,32,"","",2925BS,Krimpen aan den IJssel
Toccata,34,"","",2925BS,Krimpen aan den IJssel
Toccata,36,"","",2925BS,Krimpen aan den IJssel
Toccata,38,"","",2925BS,Krimpen aan den IJssel
Toccata,4,"","",2925BS,Krimpen aan den IJssel
Toccata,6,"","",2925BS,Krimpen aan den IJssel
Toccata,8,"","",2925BS,Krimpen aan den IJssel
Toccata,40,"","",2925BT,Krimpen aan den IJssel
Toccata,42,"","",2925BT,Krimpen aan den IJssel
Toccata,44,"","",2925BT,Krimpen aan den IJssel
Toccata,46,"","",2925BT,Krimpen aan den IJssel
Toccata,48,"","",2925BT,Krimpen aan den IJssel
Toccata,50,"","",2925BT,Krimpen aan den IJssel
Toccata,52,"","",2925BT,Krimpen aan den IJssel
Toccata,54,"","",2925BT,Krimpen aan den IJssel
Toccata,56,"","",2925BT,Krimpen aan den IJssel
Toccata,58,"","",2925BT,Krimpen aan den IJssel
Toccata,60,"","",2925BT,Krimpen aan den IJssel
Toccata,62,"","",2925BT,Krimpen aan den IJssel
Toccata,64,"","",2925BT,Krimpen aan den IJssel
Toccata,66,"","",2925BT,Krimpen aan den IJssel
Toccata,68,"","",2925BT,Krimpen aan den IJssel
Toccata,70,"","",2925BT,Krimpen aan den IJssel
Toccata,72,"","",2925BT,Krimpen aan den IJssel
Toccata,74,"","",2925BT,Krimpen aan den IJssel
Toccata,76,"","",2925BT,Krimpen aan den IJssel
Toccata,78,"","",2925BT,Krimpen aan den IJssel
Toccata,100,"","",2925BV,Krimpen aan den IJssel
Toccata,102,"","",2925BV,Krimpen aan den IJssel
Toccata,104,"","",2925BV,Krimpen aan den IJssel
Toccata,104,A,"",2925BV,Krimpen aan den IJssel
Toccata,104,B,"",2925BV,Krimpen aan den IJssel
Toccata,104,C,"",2925BV,Krimpen aan den IJssel
Toccata,104,D,"",2925BV,Krimpen aan den IJssel
Toccata,104,E,"",2925BV,Krimpen aan den IJssel
Toccata,106,"","",2925BV,Krimpen aan den IJssel
Toccata,108,"","",2925BV,Krimpen aan den IJssel
Toccata,110,"","",2925BV,Krimpen aan den IJssel
Toccata,112,"","",2925BV,Krimpen aan den IJssel
Toccata,114,"","",2925BV,Krimpen aan den IJssel
Toccata,116,"","",2925BV,Krimpen aan den IJssel
Toccata,118,"","",2925BV,Krimpen aan den IJssel
Toccata,120,"","",2925BV,Krimpen aan den IJssel
Toccata,122,"","",2925BV,Krimpen aan den IJssel
Toccata,124,"","",2925BV,Krimpen aan den IJssel
Toccata,126,"","",2925BV,Krimpen aan den IJssel
Toccata,128,"","",2925BV,Krimpen aan den IJssel
Toccata,130,"","",2925BV,Krimpen aan den IJssel
Toccata,80,"","",2925BV,Krimpen aan den IJssel
Toccata,82,"","",2925BV,Krimpen aan den IJssel
Toccata,84,"","",2925BV,Krimpen aan den IJssel
Toccata,86,"","",2925BV,Krimpen aan den IJssel
Toccata,88,"","",2925BV,Krimpen aan den IJssel
Toccata,90,"","",2925BV,Krimpen aan den IJssel
Toccata,92,"","",2925BV,Krimpen aan den IJssel
Toccata,94,"","",2925BV,Krimpen aan den IJssel
Toccata,96,"","",2925BV,Krimpen aan den IJssel
Toccata,98,"","",2925BV,Krimpen aan den IJssel
Una Corda,1,"","",2925BW,Krimpen aan den IJssel
Una Corda,1,"","",2925BW,Krimpen aan den IJssel
Una Corda,11,"","",2925BW,Krimpen aan den IJssel
Una Corda,11,"","",2925BW,Krimpen aan den IJssel
Una Corda,13,"","",2925BW,Krimpen aan den IJssel
Una Corda,13,"","",2925BW,Krimpen aan den IJssel
Una Corda,15,"","",2925BW,Krimpen aan den IJssel
Una Corda,15,"","",2925BW,Krimpen aan den IJssel
Una Corda,17,"","",2925BW,Krimpen aan den IJssel
Una Corda,17,"","",2925BW,Krimpen aan den IJssel
Una Corda,19,"","",2925BW,Krimpen aan den IJssel
Una Corda,19,"","",2925BW,Krimpen aan den IJssel
Una Corda,21,"","",2925BW,Krimpen aan den IJssel
Una Corda,21,"","",2925BW,Krimpen aan den IJssel
Una Corda,23,"","",2925BW,Krimpen aan den IJssel
Una Corda,23,"","",2925BW,Krimpen aan den IJssel
Una Corda,25,"","",2925BW,Krimpen aan den IJssel
Una Corda,25,"","",2925BW,Krimpen aan den IJssel
Una Corda,27,"","",2925BW,Krimpen aan den IJssel
Una Corda,27,"","",2925BW,Krimpen aan den IJssel
Una Corda,29,"","",2925BW,Krimpen aan den IJssel
Una Corda,29,"","",2925BW,Krimpen aan den IJssel
Una Corda,3,"","",2925BW,Krimpen aan den IJssel
Una Corda,3,"","",2925BW,Krimpen aan den IJssel
Una Corda,31,"","",2925BW,Krimpen aan den IJssel
Una Corda,31,"","",2925BW,Krimpen aan den IJssel
Una Corda,33,"","",2925BW,Krimpen aan den IJssel
Una Corda,33,"","",2925BW,Krimpen aan den IJssel
Una Corda,35,"","",2925BW,Krimpen aan den IJssel
Una Corda,35,"","",2925BW,Krimpen aan den IJssel
Una Corda,37,"","",2925BW,Krimpen aan den IJssel
Una Corda,37,"","",2925BW,Krimpen aan den IJssel
Una Corda,39,"","",2925BW,Krimpen aan den IJssel
Una Corda,39,"","",2925BW,Krimpen aan den IJssel
Una Corda,41,"","",2925BW,Krimpen aan den IJssel
Una Corda,41,"","",2925BW,Krimpen aan den IJssel
Una Corda,5,"","",2925BW,Krimpen aan den IJssel
Una Corda,5,"","",2925BW,Krimpen aan den IJssel
Una Corda,7,"","",2925BW,Krimpen aan den IJssel
Una Corda,7,"","",2925BW,Krimpen aan den IJssel
Una Corda,9,"","",2925BW,Krimpen aan den IJssel
Una Corda,9,"","",2925BW,Krimpen aan den IJssel
Una Corda,10,"","",2925BX,Krimpen aan den IJssel
Una Corda,10,"","",2925BX,Krimpen aan den IJssel
Una Corda,12,"","",2925BX,Krimpen aan den IJssel
Una Corda,12,"","",2925BX,Krimpen aan den IJssel
Una Corda,14,"","",2925BX,Krimpen aan den IJssel
Una Corda,14,"","",2925BX,Krimpen aan den IJssel
Una Corda,16,"","",2925BX,Krimpen aan den IJssel
Una Corda,16,"","",2925BX,Krimpen aan den IJssel
Una Corda,18,"","",2925BX,Krimpen aan den IJssel
Una Corda,18,"","",2925BX,Krimpen aan den IJssel
Una Corda,2,"","",2925BX,Krimpen aan den IJssel
Una Corda,2,"","",2925BX,Krimpen aan den IJssel
Una Corda,20,"","",2925BX,Krimpen aan den IJssel
Una Corda,20,"","",2925BX,Krimpen aan den IJssel
Una Corda,22,"","",2925BX,Krimpen aan den IJssel
Una Corda,22,"","",2925BX,Krimpen aan den IJssel
Una Corda,24,"","",2925BX,Krimpen aan den IJssel
Una Corda,24,"","",2925BX,Krimpen aan den IJssel
Una Corda,26,"","",2925BX,Krimpen aan den IJssel
Una Corda,26,"","",2925BX,Krimpen aan den IJssel
Una Corda,28,"","",2925BX,Krimpen aan den IJssel
Una Corda,28,"","",2925BX,Krimpen aan den IJssel
Una Corda,30,"","",2925BX,Krimpen aan den IJssel
Una Corda,30,"","",2925BX,Krimpen aan den IJssel
Una Corda,32,"","",2925BX,Krimpen aan den IJssel
Una Corda,32,"","",2925BX,Krimpen aan den IJssel
Una Corda,34,"","",2925BX,Krimpen aan den IJssel
Una Corda,34,"","",2925BX,Krimpen aan den IJssel
Una Corda,4,"","",2925BX,Krimpen aan den IJssel
Una Corda,4,"","",2925BX,Krimpen aan den IJssel
Una Corda,6,"","",2925BX,Krimpen aan den IJssel
Una Corda,6,"","",2925BX,Krimpen aan den IJssel
Una Corda,8,"","",2925BX,Krimpen aan den IJssel
Una Corda,8,"","",2925BX,Krimpen aan den IJssel
Una Corda,8,A,"",2925BX,Krimpen aan den IJssel
Una Corda,8,A,"",2925BX,Krimpen aan den IJssel
Fuga,10,"","",2925BZ,Krimpen aan den IJssel
Fuga,100,"","",2925BZ,Krimpen aan den IJssel
Fuga,102,"","",2925BZ,Krimpen aan den IJssel
Fuga,104,"","",2925BZ,Krimpen aan den IJssel
Fuga,106,"","",2925BZ,Krimpen aan den IJssel
Fuga,108,"","",2925BZ,Krimpen aan den IJssel
Fuga,110,"","",2925BZ,Krimpen aan den IJssel
Fuga,112,"","",2925BZ,Krimpen aan den IJssel
Fuga,114,"","",2925BZ,Krimpen aan den IJssel
Fuga,116,"","",2925BZ,Krimpen aan den IJssel
Fuga,118,"","",2925BZ,Krimpen aan den IJssel
Fuga,12,"","",2925BZ,Krimpen aan den IJssel
Fuga,120,"","",2925BZ,Krimpen aan den IJssel
Fuga,122,"","",2925BZ,Krimpen aan den IJssel
Fuga,124,"","",2925BZ,Krimpen aan den IJssel
Fuga,126,"","",2925BZ,Krimpen aan den IJssel
Fuga,128,"","",2925BZ,Krimpen aan den IJssel
Fuga,130,"","",2925BZ,Krimpen aan den IJssel
Fuga,132,"","",2925BZ,Krimpen aan den IJssel
Fuga,134,"","",2925BZ,Krimpen aan den IJssel
Fuga,136,"","",2925BZ,Krimpen aan den IJssel
Fuga,138,"","",2925BZ,Krimpen aan den IJssel
Fuga,14,"","",2925BZ,Krimpen aan den IJssel
Fuga,140,"","",2925BZ,Krimpen aan den IJssel
Fuga,142,"","",2925BZ,Krimpen aan den IJssel
Fuga,16,"","",2925BZ,Krimpen aan den IJssel
Fuga,18,"","",2925BZ,Krimpen aan den IJssel
Fuga,2,"","",2925BZ,Krimpen aan den IJssel
Fuga,20,"","",2925BZ,Krimpen aan den IJssel
Fuga,22,"","",2925BZ,Krimpen aan den IJssel
Fuga,24,"","",2925BZ,Krimpen aan den IJssel
Fuga,26,"","",2925BZ,Krimpen aan den IJssel
Fuga,28,"","",2925BZ,Krimpen aan den IJssel
Fuga,30,"","",2925BZ,Krimpen aan den IJssel
Fuga,32,"","",2925BZ,Krimpen aan den IJssel
Fuga,34,"","",2925BZ,Krimpen aan den IJssel
Fuga,36,"","",2925BZ,Krimpen aan den IJssel
Fuga,38,"","",2925BZ,Krimpen aan den IJssel
Fuga,4,"","",2925BZ,Krimpen aan den IJssel
Fuga,40,"","",2925BZ,Krimpen aan den IJssel
Fuga,42,"","",2925BZ,Krimpen aan den IJssel
Fuga,44,"","",2925BZ,Krimpen aan den IJssel
Fuga,46,"","",2925BZ,Krimpen aan den IJssel
Fuga,48,"","",2925BZ,Krimpen aan den IJssel
Fuga,50,"","",2925BZ,Krimpen aan den IJssel
Fuga,52,"","",2925BZ,Krimpen aan den IJssel
Fuga,54,"","",2925BZ,Krimpen aan den IJssel
Fuga,56,"","",2925BZ,Krimpen aan den IJssel
Fuga,58,"","",2925BZ,Krimpen aan den IJssel
Fuga,6,"","",2925BZ,Krimpen aan den IJssel
Fuga,60,"","",2925BZ,Krimpen aan den IJssel
Fuga,62,"","",2925BZ,Krimpen aan den IJssel
Fuga,64,"","",2925BZ,Krimpen aan den IJssel
Fuga,66,"","",2925BZ,Krimpen aan den IJssel
Fuga,68,"","",2925BZ,Krimpen aan den IJssel
Fuga,70,"","",2925BZ,Krimpen aan den IJssel
Fuga,72,"","",2925BZ,Krimpen aan den IJssel
Fuga,74,"","",2925BZ,Krimpen aan den IJssel
Fuga,76,"","",2925BZ,Krimpen aan den IJssel
Fuga,78,"","",2925BZ,Krimpen aan den IJssel
Fuga,8,"","",2925BZ,Krimpen aan den IJssel
Fuga,80,"","",2925BZ,Krimpen aan den IJssel
Fuga,82,"","",2925BZ,Krimpen aan den IJssel
Fuga,84,"","",2925BZ,Krimpen aan den IJssel
Fuga,86,"","",2925BZ,Krimpen aan den IJssel
Fuga,88,"","",2925BZ,Krimpen aan den IJssel
Fuga,90,"","",2925BZ,Krimpen aan den IJssel
Fuga,92,"","",2925BZ,Krimpen aan den IJssel
Fuga,94,"","",2925BZ,Krimpen aan den IJssel
Fuga,96,"","",2925BZ,Krimpen aan den IJssel
Fuga,98,"","",2925BZ,Krimpen aan den IJssel
Acacia,1,"","",2925CA,Krimpen aan den IJssel
Acacia,10,"","",2925CA,Krimpen aan den IJssel
Acacia,11,"","",2925CA,Krimpen aan den IJssel
Acacia,12,"","",2925CA,Krimpen aan den IJssel
Acacia,13,"","",2925CA,Krimpen aan den IJssel
Acacia,14,"","",2925CA,Krimpen aan den IJssel
Acacia,15,"","",2925CA,Krimpen aan den IJssel
Acacia,16,"","",2925CA,Krimpen aan den IJssel
Acacia,17,"","",2925CA,Krimpen aan den IJssel
Acacia,18,"","",2925CA,Krimpen aan den IJssel
Acacia,19,"","",2925CA,Krimpen aan den IJssel
Acacia,2,"","",2925CA,Krimpen aan den IJssel
Acacia,20,"","",2925CA,Krimpen aan den IJssel
Acacia,21,"","",2925CA,Krimpen aan den IJssel
Acacia,22,"","",2925CA,Krimpen aan den IJssel
Acacia,23,"","",2925CA,Krimpen aan den IJssel
Acacia,24,"","",2925CA,Krimpen aan den IJssel
Acacia,25,"","",2925CA,Krimpen aan den IJssel
Acacia,26,"","",2925CA,Krimpen aan den IJssel
Acacia,28,"","",2925CA,Krimpen aan den IJssel
Acacia,3,"","",2925CA,Krimpen aan den IJssel
Acacia,30,"","",2925CA,Krimpen aan den IJssel
Acacia,4,"","",2925CA,Krimpen aan den IJssel
Acacia,5,"","",2925CA,Krimpen aan den IJssel
Acacia,6,"","",2925CA,Krimpen aan den IJssel
Acacia,7,"","",2925CA,Krimpen aan den IJssel
Acacia,8,"","",2925CA,Krimpen aan den IJssel
Acacia,9,"","",2925CA,Krimpen aan den IJssel
Berk,1,"","",2925CB,Krimpen aan den IJssel
Berk,11,"","",2925CB,Krimpen aan den IJssel
Berk,13,"","",2925CB,Krimpen aan den IJssel
Berk,15,"","",2925CB,Krimpen aan den IJssel
Berk,2,"","",2925CB,Krimpen aan den IJssel
Berk,3,"","",2925CB,Krimpen aan den IJssel
Berk,5,"","",2925CB,Krimpen aan den IJssel
Berk,7,"","",2925CB,Krimpen aan den IJssel
Berk,9,"","",2925CB,Krimpen aan den IJssel
Els,10,"","",2925CC,Krimpen aan den IJssel
Els,11,"","",2925CC,Krimpen aan den IJssel
Els,12,"","",2925CC,Krimpen aan den IJssel
Els,13,"","",2925CC,Krimpen aan den IJssel
Els,14,"","",2925CC,Krimpen aan den IJssel
Els,15,"","",2925CC,Krimpen aan den IJssel
Els,15,A,"",2925CC,Krimpen aan den IJssel
Els,15,B,"",2925CC,Krimpen aan den IJssel
Els,15,C,"",2925CC,Krimpen aan den IJssel
Els,15,D,"",2925CC,Krimpen aan den IJssel
Els,15,E,"",2925CC,Krimpen aan den IJssel
Els,15,F,"",2925CC,Krimpen aan den IJssel
Els,15,G,"",2925CC,Krimpen aan den IJssel
Els,15,H,"",2925CC,Krimpen aan den IJssel
Els,15,I,"",2925CC,Krimpen aan den IJssel
Els,16,"","",2925CC,Krimpen aan den IJssel
Els,18,"","",2925CC,Krimpen aan den IJssel
Els,2,"","",2925CC,Krimpen aan den IJssel
Els,20,"","",2925CC,Krimpen aan den IJssel
Els,22,"","",2925CC,Krimpen aan den IJssel
Els,24,"","",2925CC,Krimpen aan den IJssel
Els,3,"","",2925CC,Krimpen aan den IJssel
Els,3,A,"",2925CC,Krimpen aan den IJssel
Els,3,B,"",2925CC,Krimpen aan den IJssel
Els,3,C,"",2925CC,Krimpen aan den IJssel
Els,3,D,"",2925CC,Krimpen aan den IJssel
Els,3,E,"",2925CC,Krimpen aan den IJssel
Els,3,F,"",2925CC,Krimpen aan den IJssel
Els,3,G,"",2925CC,Krimpen aan den IJssel
Els,3,H,"",2925CC,Krimpen aan den IJssel
Els,3,I,"",2925CC,Krimpen aan den IJssel
Els,3,J,"",2925CC,Krimpen aan den IJssel
Els,3,K,"",2925CC,Krimpen aan den IJssel
Els,3,L,"",2925CC,Krimpen aan den IJssel
Els,4,"","",2925CC,Krimpen aan den IJssel
Els,5,"","",2925CC,Krimpen aan den IJssel
Els,6,"","",2925CC,Krimpen aan den IJssel
Els,7,"","",2925CC,Krimpen aan den IJssel
Els,8,"","",2925CC,Krimpen aan den IJssel
Els,9,"","",2925CC,Krimpen aan den IJssel
Goud-es,2,"","",2925CD,Krimpen aan den IJssel
Goud-es,4,"","",2925CD,Krimpen aan den IJssel
Linde,1,"","",2925CE,Krimpen aan den IJssel
Linde,11,"","",2925CE,Krimpen aan den IJssel
Linde,13,"","",2925CE,Krimpen aan den IJssel
Linde,15,"","",2925CE,Krimpen aan den IJssel
Linde,17,"","",2925CE,Krimpen aan den IJssel
Linde,19,"","",2925CE,Krimpen aan den IJssel
Linde,21,"","",2925CE,Krimpen aan den IJssel
Linde,23,"","",2925CE,Krimpen aan den IJssel
Linde,25,"","",2925CE,Krimpen aan den IJssel
Linde,27,"","",2925CE,Krimpen aan den IJssel
Linde,29,"","",2925CE,Krimpen aan den IJssel
Linde,3,"","",2925CE,Krimpen aan den IJssel
Linde,31,"","",2925CE,Krimpen aan den IJssel
Linde,33,"","",2925CE,Krimpen aan den IJssel
Linde,33,A,"",2925CE,Krimpen aan den IJssel
Linde,33,B,"",2925CE,Krimpen aan den IJssel
Linde,33,C,"",2925CE,Krimpen aan den IJssel
Linde,33,D,"",2925CE,Krimpen aan den IJssel
Linde,33,E,"",2925CE,Krimpen aan den IJssel
Linde,33,F,"",2925CE,Krimpen aan den IJssel
Linde,33,G,"",2925CE,Krimpen aan den IJssel
Linde,33,H,"",2925CE,Krimpen aan den IJssel
Linde,33,I,"",2925CE,Krimpen aan den IJssel
Linde,33,J,"",2925CE,Krimpen aan den IJssel
Linde,33,K,"",2925CE,Krimpen aan den IJssel
Linde,33,L,"",2925CE,Krimpen aan den IJssel
Linde,33,M,"",2925CE,Krimpen aan den IJssel
Linde,33,N,"",2925CE,Krimpen aan den IJssel
Linde,35,"","",2925CE,Krimpen aan den IJssel
Linde,37,"","",2925CE,Krimpen aan den IJssel
Linde,39,"","",2925CE,Krimpen aan den IJssel
Linde,41,"","",2925CE,Krimpen aan den IJssel
Linde,43,"","",2925CE,Krimpen aan den IJssel
Linde,45,"","",2925CE,Krimpen aan den IJssel
Linde,47,"","",2925CE,Krimpen aan den IJssel
Linde,49,"","",2925CE,Krimpen aan den IJssel
Linde,5,"","",2925CE,Krimpen aan den IJssel
Linde,51,"","",2925CE,Krimpen aan den IJssel
Linde,53,"","",2925CE,Krimpen aan den IJssel
Linde,55,"","",2925CE,Krimpen aan den IJssel
Linde,55,A,"",2925CE,Krimpen aan den IJssel
Linde,55,B,"",2925CE,Krimpen aan den IJssel
Linde,55,C,"",2925CE,Krimpen aan den IJssel
Linde,55,D,"",2925CE,Krimpen aan den IJssel
Linde,55,E,"",2925CE,Krimpen aan den IJssel
Linde,55,F,"",2925CE,Krimpen aan den IJssel
Linde,55,G,"",2925CE,Krimpen aan den IJssel
Linde,55,H,"",2925CE,Krimpen aan den IJssel
Linde,55,I,"",2925CE,Krimpen aan den IJssel
Linde,57,"","",2925CE,Krimpen aan den IJssel
Linde,59,"","",2925CE,Krimpen aan den IJssel
Linde,61,"","",2925CE,Krimpen aan den IJssel
Linde,63,"","",2925CE,Krimpen aan den IJssel
Linde,65,"","",2925CE,Krimpen aan den IJssel
Linde,67,"","",2925CE,Krimpen aan den IJssel
Linde,69,"","",2925CE,Krimpen aan den IJssel
Linde,7,"","",2925CE,Krimpen aan den IJssel
Linde,71,"","",2925CE,Krimpen aan den IJssel
Linde,73,"","",2925CE,Krimpen aan den IJssel
Linde,75,"","",2925CE,Krimpen aan den IJssel
Linde,77,"","",2925CE,Krimpen aan den IJssel
Linde,9,"","",2925CE,Krimpen aan den IJssel
Linde,10,"","",2925CG,Krimpen aan den IJssel
Linde,12,"","",2925CG,Krimpen aan den IJssel
Linde,14,"","",2925CG,Krimpen aan den IJssel
Linde,16,"","",2925CG,Krimpen aan den IJssel
Linde,18,"","",2925CG,Krimpen aan den IJssel
Linde,2,"","",2925CG,Krimpen aan den IJssel
Linde,20,"","",2925CG,Krimpen aan den IJssel
Linde,22,"","",2925CG,Krimpen aan den IJssel
Linde,24,"","",2925CG,Krimpen aan den IJssel
Linde,26,"","",2925CG,Krimpen aan den IJssel
Linde,28,"","",2925CG,Krimpen aan den IJssel
Linde,30,"","",2925CG,Krimpen aan den IJssel
Linde,32,"","",2925CG,Krimpen aan den IJssel
Linde,34,"","",2925CG,Krimpen aan den IJssel
Linde,36,"","",2925CG,Krimpen aan den IJssel
Linde,38,"","",2925CG,Krimpen aan den IJssel
Linde,4,"","",2925CG,Krimpen aan den IJssel
Linde,40,"","",2925CG,Krimpen aan den IJssel
Linde,42,"","",2925CG,Krimpen aan den IJssel
Linde,42,A,"",2925CG,Krimpen aan den IJssel
Linde,42,B,"",2925CG,Krimpen aan den IJssel
Linde,42,C,"",2925CG,Krimpen aan den IJssel
Linde,42,D,"",2925CG,Krimpen aan den IJssel
Linde,42,E,"",2925CG,Krimpen aan den IJssel
Linde,44,"","",2925CG,Krimpen aan den IJssel
Linde,46,"","",2925CG,Krimpen aan den IJssel
Linde,48,"","",2925CG,Krimpen aan den IJssel
Linde,50,"","",2925CG,Krimpen aan den IJssel
Linde,50,A,"",2925CG,Krimpen aan den IJssel
Linde,50,B,"",2925CG,Krimpen aan den IJssel
Linde,50,C,"",2925CG,Krimpen aan den IJssel
Linde,50,D,"",2925CG,Krimpen aan den IJssel
Linde,50,E,"",2925CG,Krimpen aan den IJssel
Linde,50,F,"",2925CG,Krimpen aan den IJssel
Linde,50,G,"",2925CG,Krimpen aan den IJssel
Linde,50,H,"",2925CG,Krimpen aan den IJssel
Linde,50,I,"",2925CG,Krimpen aan den IJssel
Linde,52,"","",2925CG,Krimpen aan den IJssel
Linde,54,"","",2925CG,Krimpen aan den IJssel
Linde,56,"","",2925CG,Krimpen aan den IJssel
Linde,58,"","",2925CG,Krimpen aan den IJssel
Linde,6,"","",2925CG,Krimpen aan den IJssel
Linde,60,"","",2925CG,Krimpen aan den IJssel
Linde,62,"","",2925CG,Krimpen aan den IJssel
Linde,64,"","",2925CG,Krimpen aan den IJssel
Linde,66,"","",2925CG,Krimpen aan den IJssel
Linde,68,"","",2925CG,Krimpen aan den IJssel
Linde,70,"","",2925CG,Krimpen aan den IJssel
Linde,72,"","",2925CG,Krimpen aan den IJssel
Linde,74,"","",2925CG,Krimpen aan den IJssel
Linde,76,"","",2925CG,Krimpen aan den IJssel
Linde,78,"","",2925CG,Krimpen aan den IJssel
Linde,8,"","",2925CG,Krimpen aan den IJssel
Linde,80,"","",2925CG,Krimpen aan den IJssel
Linde,82,"","",2925CG,Krimpen aan den IJssel
Linde,84,"","",2925CG,Krimpen aan den IJssel
Lijsterbes,1,"","",2925CH,Krimpen aan den IJssel
Lijsterbes,10,"","",2925CH,Krimpen aan den IJssel
Lijsterbes,11,"","",2925CH,Krimpen aan den IJssel
Lijsterbes,12,"","",2925CH,Krimpen aan den IJssel
Lijsterbes,13,"","",2925CH,Krimpen aan den IJssel
Lijsterbes,14,"","",2925CH,Krimpen aan den IJssel
Lijsterbes,15,"","",2925CH,Krimpen aan den IJssel
Lijsterbes,16,"","",2925CH,Krimpen aan den IJssel
Lijsterbes,17,"","",2925CH,Krimpen aan den IJssel
Lijsterbes,18,"","",2925CH,Krimpen aan den IJssel
Lijsterbes,19,"","",2925CH,Krimpen aan den IJssel
Lijsterbes,2,"","",2925CH,Krimpen aan den IJssel
Lijsterbes,20,"","",2925CH,Krimpen aan den IJssel
Lijsterbes,21,"","",2925CH,Krimpen aan den IJssel
Lijsterbes,22,"","",2925CH,Krimpen aan den IJssel
Lijsterbes,23,"","",2925CH,Krimpen aan den IJssel
Lijsterbes,24,"","",2925CH,Krimpen aan den IJssel
Lijsterbes,25,"","",2925CH,Krimpen aan den IJssel
Lijsterbes,26,"","",2925CH,Krimpen aan den IJssel
Lijsterbes,27,"","",2925CH,Krimpen aan den IJssel
Lijsterbes,28,"","",2925CH,Krimpen aan den IJssel
Lijsterbes,29,"","",2925CH,Krimpen aan den IJssel
Lijsterbes,3,"","",2925CH,Krimpen aan den IJssel
Lijsterbes,30,"","",2925CH,Krimpen aan den IJssel
Lijsterbes,31,"","",2925CH,Krimpen aan den IJssel
Lijsterbes,32,"","",2925CH,Krimpen aan den IJssel
Lijsterbes,33,"","",2925CH,Krimpen aan den IJssel
Lijsterbes,34,"","",2925CH,Krimpen aan den IJssel
Lijsterbes,35,"","",2925CH,Krimpen aan den IJssel
Lijsterbes,36,"","",2925CH,Krimpen aan den IJssel
Lijsterbes,37,"","",2925CH,Krimpen aan den IJssel
Lijsterbes,38,"","",2925CH,Krimpen aan den IJssel
Lijsterbes,39,"","",2925CH,Krimpen aan den IJssel
Lijsterbes,4,"","",2925CH,Krimpen aan den IJssel
Lijsterbes,40,"","",2925CH,Krimpen aan den IJssel
Lijsterbes,42,"","",2925CH,Krimpen aan den IJssel
Lijsterbes,44,"","",2925CH,Krimpen aan den IJssel
Lijsterbes,46,"","",2925CH,Krimpen aan den IJssel
Lijsterbes,48,"","",2925CH,Krimpen aan den IJssel
Lijsterbes,5,"","",2925CH,Krimpen aan den IJssel
Lijsterbes,6,"","",2925CH,Krimpen aan den IJssel
Lijsterbes,7,"","",2925CH,Krimpen aan den IJssel
Lijsterbes,8,"","",2925CH,Krimpen aan den IJssel
Lijsterbes,9,"","",2925CH,Krimpen aan den IJssel
Olm,1,"","",2925CJ,Krimpen aan den IJssel
Olm,2,"","",2925CJ,Krimpen aan den IJssel
Olm,3,"","",2925CJ,Krimpen aan den IJssel
Olm,3,A,"",2925CJ,Krimpen aan den IJssel
Olm,4,"","",2925CJ,Krimpen aan den IJssel
Olm,5,"","",2925CJ,Krimpen aan den IJssel
Olm,6,"","",2925CJ,Krimpen aan den IJssel
Olm,7,"","",2925CJ,Krimpen aan den IJssel
Olm,8,B,"",2925CJ,Krimpen aan den IJssel
Olm,9,"","",2925CJ,Krimpen aan den IJssel
Olm,9,A,"",2925CJ,Krimpen aan den IJssel
Plataan,1,"","",2925CK,Krimpen aan den IJssel
Plataan,2,"","",2925CK,Krimpen aan den IJssel
Plataan,3,"","",2925CK,Krimpen aan den IJssel
Plataan,4,"","",2925CK,Krimpen aan den IJssel
Plataan,5,"","",2925CK,Krimpen aan den IJssel
Pluim-es,1,"","",2925CL,Krimpen aan den IJssel
Pluim-es,11,"","",2925CL,Krimpen aan den IJssel
Pluim-es,13,"","",2925CL,Krimpen aan den IJssel
Pluim-es,15,"","",2925CL,Krimpen aan den IJssel
Pluim-es,17,"","",2925CL,Krimpen aan den IJssel
Pluim-es,19,"","",2925CL,Krimpen aan den IJssel
Pluim-es,21,"","",2925CL,Krimpen aan den IJssel
Pluim-es,23,"","",2925CL,Krimpen aan den IJssel
Pluim-es,25,"","",2925CL,Krimpen aan den IJssel
Pluim-es,27,"","",2925CL,Krimpen aan den IJssel
Pluim-es,29,"","",2925CL,Krimpen aan den IJssel
Pluim-es,3,"","",2925CL,Krimpen aan den IJssel
Pluim-es,31,"","",2925CL,Krimpen aan den IJssel
Pluim-es,33,"","",2925CL,Krimpen aan den IJssel
Pluim-es,35,"","",2925CL,Krimpen aan den IJssel
Pluim-es,37,"","",2925CL,Krimpen aan den IJssel
Pluim-es,39,"","",2925CL,Krimpen aan den IJssel
Pluim-es,41,"","",2925CL,Krimpen aan den IJssel
Pluim-es,43,"","",2925CL,Krimpen aan den IJssel
Pluim-es,45,"","",2925CL,Krimpen aan den IJssel
Pluim-es,47,"","",2925CL,Krimpen aan den IJssel
Pluim-es,49,"","",2925CL,Krimpen aan den IJssel
Pluim-es,5,"","",2925CL,Krimpen aan den IJssel
Pluim-es,51,"","",2925CL,Krimpen aan den IJssel
Pluim-es,53,"","",2925CL,Krimpen aan den IJssel
Pluim-es,55,"","",2925CL,Krimpen aan den IJssel
Pluim-es,57,"","",2925CL,Krimpen aan den IJssel
Pluim-es,59,"","",2925CL,Krimpen aan den IJssel
Pluim-es,61,"","",2925CL,Krimpen aan den IJssel
Pluim-es,63,"","",2925CL,Krimpen aan den IJssel
Pluim-es,65,"","",2925CL,Krimpen aan den IJssel
Pluim-es,67,"","",2925CL,Krimpen aan den IJssel
Pluim-es,69,"","",2925CL,Krimpen aan den IJssel
Pluim-es,7,"","",2925CL,Krimpen aan den IJssel
Pluim-es,71,"","",2925CL,Krimpen aan den IJssel
Pluim-es,73,"","",2925CL,Krimpen aan den IJssel
Pluim-es,75,"","",2925CL,Krimpen aan den IJssel
Pluim-es,77,"","",2925CL,Krimpen aan den IJssel
Pluim-es,79,"","",2925CL,Krimpen aan den IJssel
Pluim-es,81,"","",2925CL,Krimpen aan den IJssel
Pluim-es,83,"","",2925CL,Krimpen aan den IJssel
Pluim-es,85,"","",2925CL,Krimpen aan den IJssel
Pluim-es,87,"","",2925CL,Krimpen aan den IJssel
Pluim-es,9,"","",2925CL,Krimpen aan den IJssel
Pluim-es,10,"","",2925CM,Krimpen aan den IJssel
Pluim-es,12,"","",2925CM,Krimpen aan den IJssel
Pluim-es,14,"","",2925CM,Krimpen aan den IJssel
Pluim-es,16,"","",2925CM,Krimpen aan den IJssel
Pluim-es,18,"","",2925CM,Krimpen aan den IJssel
Pluim-es,2,"","",2925CM,Krimpen aan den IJssel
Pluim-es,20,"","",2925CM,Krimpen aan den IJssel
Pluim-es,22,"","",2925CM,Krimpen aan den IJssel
Pluim-es,24,"","",2925CM,Krimpen aan den IJssel
Pluim-es,26,"","",2925CM,Krimpen aan den IJssel
Pluim-es,28,"","",2925CM,Krimpen aan den IJssel
Pluim-es,30,"","",2925CM,Krimpen aan den IJssel
Pluim-es,32,"","",2925CM,Krimpen aan den IJssel
Pluim-es,34,"","",2925CM,Krimpen aan den IJssel
Pluim-es,36,"","",2925CM,Krimpen aan den IJssel
Pluim-es,38,"","",2925CM,Krimpen aan den IJssel
Pluim-es,4,"","",2925CM,Krimpen aan den IJssel
Pluim-es,40,"","",2925CM,Krimpen aan den IJssel
Pluim-es,42,"","",2925CM,Krimpen aan den IJssel
Pluim-es,44,"","",2925CM,Krimpen aan den IJssel
Pluim-es,46,"","",2925CM,Krimpen aan den IJssel
Pluim-es,48,"","",2925CM,Krimpen aan den IJssel
Pluim-es,50,"","",2925CM,Krimpen aan den IJssel
Pluim-es,52,"","",2925CM,Krimpen aan den IJssel
Pluim-es,54,"","",2925CM,Krimpen aan den IJssel
Pluim-es,56,"","",2925CM,Krimpen aan den IJssel
Pluim-es,58,"","",2925CM,Krimpen aan den IJssel
Pluim-es,6,"","",2925CM,Krimpen aan den IJssel
Pluim-es,60,"","",2925CM,Krimpen aan den IJssel
Pluim-es,8,"","",2925CM,Krimpen aan den IJssel
Pluim-es,100,"","",2925CN,Krimpen aan den IJssel
Pluim-es,102,"","",2925CN,Krimpen aan den IJssel
Pluim-es,104,"","",2925CN,Krimpen aan den IJssel
Pluim-es,106,"","",2925CN,Krimpen aan den IJssel
Pluim-es,108,"","",2925CN,Krimpen aan den IJssel
Pluim-es,110,"","",2925CN,Krimpen aan den IJssel
Pluim-es,112,"","",2925CN,Krimpen aan den IJssel
Pluim-es,62,"","",2925CN,Krimpen aan den IJssel
Pluim-es,64,"","",2925CN,Krimpen aan den IJssel
Pluim-es,66,"","",2925CN,Krimpen aan den IJssel
Pluim-es,68,"","",2925CN,Krimpen aan den IJssel
Pluim-es,70,"","",2925CN,Krimpen aan den IJssel
Pluim-es,72,"","",2925CN,Krimpen aan den IJssel
Pluim-es,74,"","",2925CN,Krimpen aan den IJssel
Pluim-es,76,"","",2925CN,Krimpen aan den IJssel
Pluim-es,78,"","",2925CN,Krimpen aan den IJssel
Pluim-es,80,"","",2925CN,Krimpen aan den IJssel
Pluim-es,82,"","",2925CN,Krimpen aan den IJssel
Pluim-es,84,"","",2925CN,Krimpen aan den IJssel
Pluim-es,86,"","",2925CN,Krimpen aan den IJssel
Pluim-es,88,"","",2925CN,Krimpen aan den IJssel
Pluim-es,90,"","",2925CN,Krimpen aan den IJssel
Pluim-es,92,"","",2925CN,Krimpen aan den IJssel
Pluim-es,94,"","",2925CN,Krimpen aan den IJssel
Pluim-es,96,"","",2925CN,Krimpen aan den IJssel
Pluim-es,98,"","",2925CN,Krimpen aan den IJssel
Populierenlaan,1,"","",2925CP,Krimpen aan den IJssel
Populierenlaan,1,A,"",2925CP,Krimpen aan den IJssel
Populierenlaan,1,A,"",2925CP,Krimpen aan den IJssel
Populierenlaan,1,B,"",2925CP,Krimpen aan den IJssel
Populierenlaan,11,"","",2925CP,Krimpen aan den IJssel
Populierenlaan,13,"","",2925CP,Krimpen aan den IJssel
Populierenlaan,15,"","",2925CP,Krimpen aan den IJssel
Populierenlaan,17,"","",2925CP,Krimpen aan den IJssel
Populierenlaan,19,"","",2925CP,Krimpen aan den IJssel
Populierenlaan,21,"","",2925CP,Krimpen aan den IJssel
Populierenlaan,23,"","",2925CP,Krimpen aan den IJssel
Populierenlaan,25,"","",2925CP,Krimpen aan den IJssel
Populierenlaan,27,"","",2925CP,Krimpen aan den IJssel
Populierenlaan,29,"","",2925CP,Krimpen aan den IJssel
Populierenlaan,3,"","",2925CP,Krimpen aan den IJssel
Populierenlaan,31,"","",2925CP,Krimpen aan den IJssel
Populierenlaan,33,"","",2925CP,Krimpen aan den IJssel
Populierenlaan,35,"","",2925CP,Krimpen aan den IJssel
Populierenlaan,37,"","",2925CP,Krimpen aan den IJssel
Populierenlaan,39,"","",2925CP,Krimpen aan den IJssel
Populierenlaan,41,"","",2925CP,Krimpen aan den IJssel
Populierenlaan,43,"","",2925CP,Krimpen aan den IJssel
Populierenlaan,45,"","",2925CP,Krimpen aan den IJssel
Populierenlaan,47,"","",2925CP,Krimpen aan den IJssel
Populierenlaan,49,"","",2925CP,Krimpen aan den IJssel
Populierenlaan,5,"","",2925CP,Krimpen aan den IJssel
Populierenlaan,51,"","",2925CP,Krimpen aan den IJssel
Populierenlaan,53,"","",2925CP,Krimpen aan den IJssel
Populierenlaan,55,"","",2925CP,Krimpen aan den IJssel
Populierenlaan,57,"","",2925CP,Krimpen aan den IJssel
Populierenlaan,59,"","",2925CP,Krimpen aan den IJssel
Populierenlaan,61,"","",2925CP,Krimpen aan den IJssel
Populierenlaan,63,"","",2925CP,Krimpen aan den IJssel
Populierenlaan,65,"","",2925CP,Krimpen aan den IJssel
Populierenlaan,67,"","",2925CP,Krimpen aan den IJssel
Populierenlaan,69,"","",2925CP,Krimpen aan den IJssel
Populierenlaan,7,"","",2925CP,Krimpen aan den IJssel
Populierenlaan,71,"","",2925CP,Krimpen aan den IJssel
Populierenlaan,73,"","",2925CP,Krimpen aan den IJssel
Populierenlaan,75,"","",2925CP,Krimpen aan den IJssel
Populierenlaan,77,"","",2925CP,Krimpen aan den IJssel
Populierenlaan,79,"","",2925CP,Krimpen aan den IJssel
Populierenlaan,81,"","",2925CP,Krimpen aan den IJssel
Populierenlaan,83,"","",2925CP,Krimpen aan den IJssel
Populierenlaan,85,"","",2925CP,Krimpen aan den IJssel
Populierenlaan,9,"","",2925CP,Krimpen aan den IJssel
Populierenlaan,101,"","",2925CR,Krimpen aan den IJssel
Populierenlaan,103,"","",2925CR,Krimpen aan den IJssel
Populierenlaan,105,"","",2925CR,Krimpen aan den IJssel
Populierenlaan,107,"","",2925CR,Krimpen aan den IJssel
Populierenlaan,109,"","",2925CR,Krimpen aan den IJssel
Populierenlaan,111,"","",2925CR,Krimpen aan den IJssel
Populierenlaan,113,"","",2925CR,Krimpen aan den IJssel
Populierenlaan,115,"","",2925CR,Krimpen aan den IJssel
Populierenlaan,117,"","",2925CR,Krimpen aan den IJssel
Populierenlaan,119,"","",2925CR,Krimpen aan den IJssel
Populierenlaan,121,"","",2925CR,Krimpen aan den IJssel
Populierenlaan,123,"","",2925CR,Krimpen aan den IJssel
Populierenlaan,125,"","",2925CR,Krimpen aan den IJssel
Populierenlaan,127,"","",2925CR,Krimpen aan den IJssel
Populierenlaan,129,"","",2925CR,Krimpen aan den IJssel
Populierenlaan,131,"","",2925CR,Krimpen aan den IJssel
Populierenlaan,133,"","",2925CR,Krimpen aan den IJssel
Populierenlaan,135,"","",2925CR,Krimpen aan den IJssel
Populierenlaan,137,"","",2925CR,Krimpen aan den IJssel
Populierenlaan,139,"","",2925CR,Krimpen aan den IJssel
Populierenlaan,141,"","",2925CR,Krimpen aan den IJssel
Populierenlaan,143,"","",2925CR,Krimpen aan den IJssel
Populierenlaan,145,"","",2925CR,Krimpen aan den IJssel
Populierenlaan,147,"","",2925CR,Krimpen aan den IJssel
Populierenlaan,149,"","",2925CR,Krimpen aan den IJssel
Populierenlaan,151,"","",2925CR,Krimpen aan den IJssel
Populierenlaan,153,"","",2925CR,Krimpen aan den IJssel
Populierenlaan,155,"","",2925CR,Krimpen aan den IJssel
Populierenlaan,157,"","",2925CR,Krimpen aan den IJssel
Populierenlaan,159,"","",2925CR,Krimpen aan den IJssel
Populierenlaan,161,"","",2925CR,Krimpen aan den IJssel
Populierenlaan,163,"","",2925CR,Krimpen aan den IJssel
Populierenlaan,87,"","",2925CR,Krimpen aan den IJssel
Populierenlaan,89,"","",2925CR,Krimpen aan den IJssel
Populierenlaan,91,"","",2925CR,Krimpen aan den IJssel
Populierenlaan,93,"","",2925CR,Krimpen aan den IJssel
Populierenlaan,95,"","",2925CR,Krimpen aan den IJssel
Populierenlaan,97,"","",2925CR,Krimpen aan den IJssel
Populierenlaan,99,"","",2925CR,Krimpen aan den IJssel
Populierenlaan,165,"","",2925CS,Krimpen aan den IJssel
Populierenlaan,167,"","",2925CS,Krimpen aan den IJssel
Populierenlaan,169,"","",2925CS,Krimpen aan den IJssel
Populierenlaan,171,"","",2925CS,Krimpen aan den IJssel
Populierenlaan,173,"","",2925CS,Krimpen aan den IJssel
Populierenlaan,175,"","",2925CS,Krimpen aan den IJssel
Populierenlaan,177,"","",2925CS,Krimpen aan den IJssel
Populierenlaan,179,"","",2925CS,Krimpen aan den IJssel
Populierenlaan,181,"","",2925CS,Krimpen aan den IJssel
Populierenlaan,183,"","",2925CS,Krimpen aan den IJssel
Populierenlaan,185,"","",2925CS,Krimpen aan den IJssel
Populierenlaan,187,"","",2925CS,Krimpen aan den IJssel
Populierenlaan,189,"","",2925CS,Krimpen aan den IJssel
Populierenlaan,191,"","",2925CS,Krimpen aan den IJssel
Populierenlaan,193,"","",2925CS,Krimpen aan den IJssel
Populierenlaan,195,"","",2925CS,Krimpen aan den IJssel
Populierenlaan,197,"","",2925CS,Krimpen aan den IJssel
Populierenlaan,199,"","",2925CS,Krimpen aan den IJssel
Populierenlaan,201,"","",2925CS,Krimpen aan den IJssel
Populierenlaan,203,"","",2925CS,Krimpen aan den IJssel
Populierenlaan,205,"","",2925CS,Krimpen aan den IJssel
Populierenlaan,207,"","",2925CS,Krimpen aan den IJssel
Populierenlaan,209,"","",2925CS,Krimpen aan den IJssel
Populierenlaan,211,"","",2925CS,Krimpen aan den IJssel
Populierenlaan,213,"","",2925CS,Krimpen aan den IJssel
Populierenlaan,215,"","",2925CS,Krimpen aan den IJssel
Populierenlaan,217,"","",2925CS,Krimpen aan den IJssel
Populierenlaan,219,"","",2925CS,Krimpen aan den IJssel
Populierenlaan,221,"","",2925CS,Krimpen aan den IJssel
Populierenlaan,223,"","",2925CS,Krimpen aan den IJssel
Populierenlaan,225,"","",2925CS,Krimpen aan den IJssel
Populierenlaan,227,"","",2925CS,Krimpen aan den IJssel
Populierenlaan,10,"","",2925CT,Krimpen aan den IJssel
Populierenlaan,12,"","",2925CT,Krimpen aan den IJssel
Populierenlaan,14,"","",2925CT,Krimpen aan den IJssel
Populierenlaan,16,"","",2925CT,Krimpen aan den IJssel
Populierenlaan,18,"","",2925CT,Krimpen aan den IJssel
Populierenlaan,2,"","",2925CT,Krimpen aan den IJssel
Populierenlaan,20,"","",2925CT,Krimpen aan den IJssel
Populierenlaan,22,"","",2925CT,Krimpen aan den IJssel
Populierenlaan,22,A,"",2925CT,Krimpen aan den IJssel
Populierenlaan,22,B,"",2925CT,Krimpen aan den IJssel
Populierenlaan,22,C,"",2925CT,Krimpen aan den IJssel
Populierenlaan,22,D,"",2925CT,Krimpen aan den IJssel
Populierenlaan,22,E,"",2925CT,Krimpen aan den IJssel
Populierenlaan,22,F,"",2925CT,Krimpen aan den IJssel
Populierenlaan,24,"","",2925CT,Krimpen aan den IJssel
Populierenlaan,26,"","",2925CT,Krimpen aan den IJssel
Populierenlaan,28,"","",2925CT,Krimpen aan den IJssel
Populierenlaan,30,"","",2925CT,Krimpen aan den IJssel
Populierenlaan,32,"","",2925CT,Krimpen aan den IJssel
Populierenlaan,34,"","",2925CT,Krimpen aan den IJssel
Populierenlaan,34,A,"",2925CT,Krimpen aan den IJssel
Populierenlaan,34,B,"",2925CT,Krimpen aan den IJssel
Populierenlaan,34,C,"",2925CT,Krimpen aan den IJssel
Populierenlaan,34,D,"",2925CT,Krimpen aan den IJssel
Populierenlaan,34,E,"",2925CT,Krimpen aan den IJssel
Populierenlaan,34,F,"",2925CT,Krimpen aan den IJssel
Populierenlaan,34,G,"",2925CT,Krimpen aan den IJssel
Populierenlaan,36,"","",2925CT,Krimpen aan den IJssel
Populierenlaan,38,"","",2925CT,Krimpen aan den IJssel
Populierenlaan,4,"","",2925CT,Krimpen aan den IJssel
Populierenlaan,40,"","",2925CT,Krimpen aan den IJssel
Populierenlaan,42,"","",2925CT,Krimpen aan den IJssel
Populierenlaan,44,"","",2925CT,Krimpen aan den IJssel
Populierenlaan,46,"","",2925CT,Krimpen aan den IJssel
Populierenlaan,48,"","",2925CT,Krimpen aan den IJssel
Populierenlaan,50,"","",2925CT,Krimpen aan den IJssel
Populierenlaan,52,"","",2925CT,Krimpen aan den IJssel
Populierenlaan,54,"","",2925CT,Krimpen aan den IJssel
Populierenlaan,56,"","",2925CT,Krimpen aan den IJssel
Populierenlaan,58,"","",2925CT,Krimpen aan den IJssel
Populierenlaan,6,"","",2925CT,Krimpen aan den IJssel
Populierenlaan,60,"","",2925CT,Krimpen aan den IJssel
Populierenlaan,62,"","",2925CT,Krimpen aan den IJssel
Populierenlaan,64,"","",2925CT,Krimpen aan den IJssel
Populierenlaan,66,"","",2925CT,Krimpen aan den IJssel
Populierenlaan,68,"","",2925CT,Krimpen aan den IJssel
Populierenlaan,70,"","",2925CT,Krimpen aan den IJssel
Populierenlaan,72,"","",2925CT,Krimpen aan den IJssel
Populierenlaan,74,"","",2925CT,Krimpen aan den IJssel
Populierenlaan,76,"","",2925CT,Krimpen aan den IJssel
Populierenlaan,78,"","",2925CT,Krimpen aan den IJssel
Populierenlaan,8,"","",2925CT,Krimpen aan den IJssel
Populierenlaan,100,"","",2925CV,Krimpen aan den IJssel
Populierenlaan,102,"","",2925CV,Krimpen aan den IJssel
Populierenlaan,104,"","",2925CV,Krimpen aan den IJssel
Populierenlaan,106,"","",2925CV,Krimpen aan den IJssel
Populierenlaan,108,"","",2925CV,Krimpen aan den IJssel
Populierenlaan,110,"","",2925CV,Krimpen aan den IJssel
Populierenlaan,112,"","",2925CV,Krimpen aan den IJssel
Populierenlaan,114,"","",2925CV,Krimpen aan den IJssel
Populierenlaan,116,"","",2925CV,Krimpen aan den IJssel
Populierenlaan,118,"","",2925CV,Krimpen aan den IJssel
Populierenlaan,120,"","",2925CV,Krimpen aan den IJssel
Populierenlaan,122,"","",2925CV,Krimpen aan den IJssel
Populierenlaan,122,A,"",2925CV,Krimpen aan den IJssel
Populierenlaan,124,"","",2925CV,Krimpen aan den IJssel
Populierenlaan,128,"","",2925CV,Krimpen aan den IJssel
Populierenlaan,130,"","",2925CV,Krimpen aan den IJssel
Populierenlaan,132,"","",2925CV,Krimpen aan den IJssel
Populierenlaan,134,"","",2925CV,Krimpen aan den IJssel
Populierenlaan,136,"","",2925CV,Krimpen aan den IJssel
Populierenlaan,138,"","",2925CV,Krimpen aan den IJssel
Populierenlaan,140,"","",2925CV,Krimpen aan den IJssel
Populierenlaan,142,"","",2925CV,Krimpen aan den IJssel
Populierenlaan,144,"","",2925CV,Krimpen aan den IJssel
Populierenlaan,146,"","",2925CV,Krimpen aan den IJssel
Populierenlaan,148,"","",2925CV,Krimpen aan den IJssel
Populierenlaan,150,"","",2925CV,Krimpen aan den IJssel
Populierenlaan,152,"","",2925CV,Krimpen aan den IJssel
Populierenlaan,80,"","",2925CV,Krimpen aan den IJssel
Populierenlaan,82,"","",2925CV,Krimpen aan den IJssel
Populierenlaan,84,"","",2925CV,Krimpen aan den IJssel
Populierenlaan,86,"","",2925CV,Krimpen aan den IJssel
Populierenlaan,88,"","",2925CV,Krimpen aan den IJssel
Populierenlaan,90,"","",2925CV,Krimpen aan den IJssel
Populierenlaan,90,A,"",2925CV,Krimpen aan den IJssel
Populierenlaan,92,"","",2925CV,Krimpen aan den IJssel
Populierenlaan,94,"","",2925CV,Krimpen aan den IJssel
Populierenlaan,96,"","",2925CV,Krimpen aan den IJssel
Populierenlaan,98,"","",2925CV,Krimpen aan den IJssel
Veld-iep,11,"","",2925CW,Krimpen aan den IJssel
Veld-iep,13,"","",2925CW,Krimpen aan den IJssel
Veld-iep,26,"","",2925CW,Krimpen aan den IJssel
Veld-iep,28,"","",2925CW,Krimpen aan den IJssel
Veld-iep,3,"","",2925CW,Krimpen aan den IJssel
Veld-iep,30,"","",2925CW,Krimpen aan den IJssel
Veld-iep,32,"","",2925CW,Krimpen aan den IJssel
Veld-iep,34,"","",2925CW,Krimpen aan den IJssel
Veld-iep,36,"","",2925CW,Krimpen aan den IJssel
Veld-iep,5,"","",2925CW,Krimpen aan den IJssel
Veld-iep,7,"","",2925CW,Krimpen aan den IJssel
Veld-iep,9,"","",2925CW,Krimpen aan den IJssel
Zomereik,19,"","",2925CX,Krimpen aan den IJssel
Zomereik,21,"","",2925CX,Krimpen aan den IJssel
Zomereik,23,"","",2925CX,Krimpen aan den IJssel
Zomereik,25,"","",2925CX,Krimpen aan den IJssel
Zomereik,27,"","",2925CX,Krimpen aan den IJssel
Zomereik,29,"","",2925CX,Krimpen aan den IJssel
Zomereik,31,"","",2925CX,Krimpen aan den IJssel
Zomereik,33,"","",2925CX,Krimpen aan den IJssel
Zomereik,35,"","",2925CX,Krimpen aan den IJssel
Zomereik,37,"","",2925CX,Krimpen aan den IJssel
Zomereik,39,"","",2925CX,Krimpen aan den IJssel
Zomereik,41,"","",2925CX,Krimpen aan den IJssel
Zomereik,43,"","",2925CX,Krimpen aan den IJssel
Zomereik,45,"","",2925CX,Krimpen aan den IJssel
Zomereik,47,"","",2925CX,Krimpen aan den IJssel
Zomereik,47,A,"",2925CX,Krimpen aan den IJssel
Zomereik,47,B,"",2925CX,Krimpen aan den IJssel
Zomereik,47,C,"",2925CX,Krimpen aan den IJssel
Zomereik,47,D,"",2925CX,Krimpen aan den IJssel
Zomereik,49,"","",2925CX,Krimpen aan den IJssel
Zomereik,51,"","",2925CX,Krimpen aan den IJssel
Zomereik,53,"","",2925CX,Krimpen aan den IJssel
Zomereik,55,"","",2925CX,Krimpen aan den IJssel
Zomereik,57,"","",2925CX,Krimpen aan den IJssel
Zomereik,59,"","",2925CX,Krimpen aan den IJssel
Zomereik,61,"","",2925CX,Krimpen aan den IJssel
Zomereik,63,"","",2925CX,Krimpen aan den IJssel
Zomereik,65,"","",2925CX,Krimpen aan den IJssel
Zomereik,67,"","",2925CX,Krimpen aan den IJssel
Zomereik,69,"","",2925CX,Krimpen aan den IJssel
Zomereik,71,"","",2925CX,Krimpen aan den IJssel
Zomereik,73,"","",2925CX,Krimpen aan den IJssel
Zomereik,75,"","",2925CX,Krimpen aan den IJssel
Zomereik,77,"","",2925CX,Krimpen aan den IJssel
Zomereik,79,"","",2925CX,Krimpen aan den IJssel
Zomereik,81,"","",2925CX,Krimpen aan den IJssel
Zomereik,83,"","",2925CX,Krimpen aan den IJssel
Zomereik,85,"","",2925CX,Krimpen aan den IJssel
Zomereik,87,"","",2925CX,Krimpen aan den IJssel
Zomereik,89,"","",2925CX,Krimpen aan den IJssel
Zomereik,91,"","",2925CX,Krimpen aan den IJssel
Zomereik,100,"","",2925CZ,Krimpen aan den IJssel
Zomereik,102,"","",2925CZ,Krimpen aan den IJssel
Zomereik,104,"","",2925CZ,Krimpen aan den IJssel
Zomereik,106,"","",2925CZ,Krimpen aan den IJssel
Zomereik,108,"","",2925CZ,Krimpen aan den IJssel
Zomereik,110,"","",2925CZ,Krimpen aan den IJssel
Zomereik,110,A,"",2925CZ,Krimpen aan den IJssel
Zomereik,110,B,"",2925CZ,Krimpen aan den IJssel
Zomereik,110,C,"",2925CZ,Krimpen aan den IJssel
Zomereik,110,D,"",2925CZ,Krimpen aan den IJssel
Zomereik,110,E,"",2925CZ,Krimpen aan den IJssel
Zomereik,110,F,"",2925CZ,Krimpen aan den IJssel
Zomereik,110,G,"",2925CZ,Krimpen aan den IJssel
Zomereik,110,H,"",2925CZ,Krimpen aan den IJssel
Zomereik,112,"","",2925CZ,Krimpen aan den IJssel
Zomereik,114,"","",2925CZ,Krimpen aan den IJssel
Zomereik,116,"","",2925CZ,Krimpen aan den IJssel
Zomereik,118,"","",2925CZ,Krimpen aan den IJssel
Zomereik,76,"","",2925CZ,Krimpen aan den IJssel
Zomereik,76,A,"",2925CZ,Krimpen aan den IJssel
Zomereik,76,B,"",2925CZ,Krimpen aan den IJssel
Zomereik,76,C,"",2925CZ,Krimpen aan den IJssel
Zomereik,76,D,"",2925CZ,Krimpen aan den IJssel
Zomereik,76,E,"",2925CZ,Krimpen aan den IJssel
Zomereik,76,F,"",2925CZ,Krimpen aan den IJssel
Zomereik,76,G,"",2925CZ,Krimpen aan den IJssel
Zomereik,76,H,"",2925CZ,Krimpen aan den IJssel
Zomereik,76,I,"",2925CZ,Krimpen aan den IJssel
Zomereik,78,"","",2925CZ,Krimpen aan den IJssel
Zomereik,80,"","",2925CZ,Krimpen aan den IJssel
Zomereik,82,"","",2925CZ,Krimpen aan den IJssel
Zomereik,84,"","",2925CZ,Krimpen aan den IJssel
Zomereik,86,"","",2925CZ,Krimpen aan den IJssel
Zomereik,88,"","",2925CZ,Krimpen aan den IJssel
Zomereik,90,"","",2925CZ,Krimpen aan den IJssel
Zomereik,92,"","",2925CZ,Krimpen aan den IJssel
Zomereik,94,"","",2925CZ,Krimpen aan den IJssel
Zomereik,96,"","",2925CZ,Krimpen aan den IJssel
Zomereik,98,"","",2925CZ,Krimpen aan den IJssel
Gipskruid,10,"","",2925DA,Krimpen aan den IJssel
Gipskruid,11,"","",2925DA,Krimpen aan den IJssel
Gipskruid,12,"","",2925DA,Krimpen aan den IJssel
Gipskruid,13,"","",2925DA,Krimpen aan den IJssel
Gipskruid,14,"","",2925DA,Krimpen aan den IJssel
Gipskruid,15,"","",2925DA,Krimpen aan den IJssel
Gipskruid,16,"","",2925DA,Krimpen aan den IJssel
Gipskruid,17,"","",2925DA,Krimpen aan den IJssel
Gipskruid,18,"","",2925DA,Krimpen aan den IJssel
Gipskruid,19,"","",2925DA,Krimpen aan den IJssel
Gipskruid,20,"","",2925DA,Krimpen aan den IJssel
Gipskruid,21,"","",2925DA,Krimpen aan den IJssel
Gipskruid,22,"","",2925DA,Krimpen aan den IJssel
Gipskruid,23,"","",2925DA,Krimpen aan den IJssel
Gipskruid,24,"","",2925DA,Krimpen aan den IJssel
Gipskruid,25,"","",2925DA,Krimpen aan den IJssel
Gipskruid,26,"","",2925DA,Krimpen aan den IJssel
Gipskruid,27,"","",2925DA,Krimpen aan den IJssel
Gipskruid,28,"","",2925DA,Krimpen aan den IJssel
Gipskruid,29,"","",2925DA,Krimpen aan den IJssel
Gipskruid,30,"","",2925DA,Krimpen aan den IJssel
Gipskruid,6,"","",2925DA,Krimpen aan den IJssel
Gipskruid,7,"","",2925DA,Krimpen aan den IJssel
Gipskruid,8,"","",2925DA,Krimpen aan den IJssel
Gipskruid,9,"","",2925DA,Krimpen aan den IJssel
Sluierkruid,1,"","",2925DB,Krimpen aan den IJssel
Sluierkruid,10,"","",2925DB,Krimpen aan den IJssel
Sluierkruid,11,"","",2925DB,Krimpen aan den IJssel
Sluierkruid,12,"","",2925DB,Krimpen aan den IJssel
Sluierkruid,13,"","",2925DB,Krimpen aan den IJssel
Sluierkruid,14,"","",2925DB,Krimpen aan den IJssel
Sluierkruid,15,"","",2925DB,Krimpen aan den IJssel
Sluierkruid,16,"","",2925DB,Krimpen aan den IJssel
Sluierkruid,17,"","",2925DB,Krimpen aan den IJssel
Sluierkruid,18,"","",2925DB,Krimpen aan den IJssel
Sluierkruid,19,"","",2925DB,Krimpen aan den IJssel
Sluierkruid,2,"","",2925DB,Krimpen aan den IJssel
Sluierkruid,20,"","",2925DB,Krimpen aan den IJssel
Sluierkruid,21,"","",2925DB,Krimpen aan den IJssel
Sluierkruid,22,"","",2925DB,Krimpen aan den IJssel
Sluierkruid,23,"","",2925DB,Krimpen aan den IJssel
Sluierkruid,24,"","",2925DB,Krimpen aan den IJssel
Sluierkruid,3,"","",2925DB,Krimpen aan den IJssel
Sluierkruid,4,"","",2925DB,Krimpen aan den IJssel
Sluierkruid,5,"","",2925DB,Krimpen aan den IJssel
Sluierkruid,6,"","",2925DB,Krimpen aan den IJssel
Sluierkruid,7,"","",2925DB,Krimpen aan den IJssel
Sluierkruid,8,"","",2925DB,Krimpen aan den IJssel
Sluierkruid,9,"","",2925DB,Krimpen aan den IJssel
Vederkruid,1,"","",2925DC,Krimpen aan den IJssel
Vederkruid,10,"","",2925DC,Krimpen aan den IJssel
Vederkruid,11,"","",2925DC,Krimpen aan den IJssel
Vederkruid,12,"","",2925DC,Krimpen aan den IJssel
Vederkruid,13,"","",2925DC,Krimpen aan den IJssel
Vederkruid,14,"","",2925DC,Krimpen aan den IJssel
Vederkruid,15,"","",2925DC,Krimpen aan den IJssel
Vederkruid,16,"","",2925DC,Krimpen aan den IJssel
Vederkruid,17,"","",2925DC,Krimpen aan den IJssel
Vederkruid,18,"","",2925DC,Krimpen aan den IJssel
Vederkruid,19,"","",2925DC,Krimpen aan den IJssel
Vederkruid,2,"","",2925DC,Krimpen aan den IJssel
Vederkruid,20,"","",2925DC,Krimpen aan den IJssel
Vederkruid,21,"","",2925DC,Krimpen aan den IJssel
Vederkruid,22,"","",2925DC,Krimpen aan den IJssel
Vederkruid,23,"","",2925DC,Krimpen aan den IJssel
Vederkruid,24,"","",2925DC,Krimpen aan den IJssel
Vederkruid,25,"","",2925DC,Krimpen aan den IJssel
Vederkruid,3,"","",2925DC,Krimpen aan den IJssel
Vederkruid,4,"","",2925DC,Krimpen aan den IJssel
Vederkruid,5,"","",2925DC,Krimpen aan den IJssel
Vederkruid,6,"","",2925DC,Krimpen aan den IJssel
Vederkruid,7,"","",2925DC,Krimpen aan den IJssel
Vederkruid,8,"","",2925DC,Krimpen aan den IJssel
Vederkruid,9,"","",2925DC,Krimpen aan den IJssel
Vederkruid,26,"","",2925DD,Krimpen aan den IJssel
Vederkruid,27,"","",2925DD,Krimpen aan den IJssel
Vederkruid,28,"","",2925DD,Krimpen aan den IJssel
Vederkruid,29,"","",2925DD,Krimpen aan den IJssel
Vederkruid,30,"","",2925DD,Krimpen aan den IJssel
Vederkruid,31,"","",2925DD,Krimpen aan den IJssel
Vederkruid,32,"","",2925DD,Krimpen aan den IJssel
Vederkruid,33,"","",2925DD,Krimpen aan den IJssel
Vederkruid,34,"","",2925DD,Krimpen aan den IJssel
Vederkruid,35,"","",2925DD,Krimpen aan den IJssel
Vederkruid,36,"","",2925DD,Krimpen aan den IJssel
Vederkruid,37,"","",2925DD,Krimpen aan den IJssel
Vederkruid,38,"","",2925DD,Krimpen aan den IJssel
Vederkruid,39,"","",2925DD,Krimpen aan den IJssel
Vederkruid,40,"","",2925DD,Krimpen aan den IJssel
Vederkruid,41,"","",2925DD,Krimpen aan den IJssel
Vederkruid,42,"","",2925DD,Krimpen aan den IJssel
Brinkweg,1,"","",2925DE,Krimpen aan den IJssel
Brinkweg,11,"","",2925DE,Krimpen aan den IJssel
Brinkweg,13,"","",2925DE,Krimpen aan den IJssel
Brinkweg,15,"","",2925DE,Krimpen aan den IJssel
Brinkweg,17,"","",2925DE,Krimpen aan den IJssel
Brinkweg,19,"","",2925DE,Krimpen aan den IJssel
Brinkweg,21,"","",2925DE,Krimpen aan den IJssel
Brinkweg,23,"","",2925DE,Krimpen aan den IJssel
Brinkweg,25,"","",2925DE,Krimpen aan den IJssel
Brinkweg,27,"","",2925DE,Krimpen aan den IJssel
Brinkweg,29,"","",2925DE,Krimpen aan den IJssel
Brinkweg,3,"","",2925DE,Krimpen aan den IJssel
Brinkweg,31,"","",2925DE,Krimpen aan den IJssel
Brinkweg,33,"","",2925DE,Krimpen aan den IJssel
Brinkweg,35,"","",2925DE,Krimpen aan den IJssel
Brinkweg,37,"","",2925DE,Krimpen aan den IJssel
Brinkweg,39,"","",2925DE,Krimpen aan den IJssel
Brinkweg,41,"","",2925DE,Krimpen aan den IJssel
Brinkweg,43,"","",2925DE,Krimpen aan den IJssel
Brinkweg,45,"","",2925DE,Krimpen aan den IJssel
Brinkweg,47,"","",2925DE,Krimpen aan den IJssel
Brinkweg,5,"","",2925DE,Krimpen aan den IJssel
Brinkweg,7,"","",2925DE,Krimpen aan den IJssel
Brinkweg,9,"","",2925DE,Krimpen aan den IJssel
Brinkweg,10,"","",2925DG,Krimpen aan den IJssel
Brinkweg,12,"","",2925DG,Krimpen aan den IJssel
Brinkweg,14,"","",2925DG,Krimpen aan den IJssel
Brinkweg,16,"","",2925DG,Krimpen aan den IJssel
Brinkweg,18,"","",2925DG,Krimpen aan den IJssel
Brinkweg,2,"","",2925DG,Krimpen aan den IJssel
Brinkweg,20,"","",2925DG,Krimpen aan den IJssel
Brinkweg,22,"","",2925DG,Krimpen aan den IJssel
Brinkweg,24,"","",2925DG,Krimpen aan den IJssel
Brinkweg,26,"","",2925DG,Krimpen aan den IJssel
Brinkweg,28,"","",2925DG,Krimpen aan den IJssel
Brinkweg,30,"","",2925DG,Krimpen aan den IJssel
Brinkweg,32,"","",2925DG,Krimpen aan den IJssel
Brinkweg,34,"","",2925DG,Krimpen aan den IJssel
Brinkweg,36,"","",2925DG,Krimpen aan den IJssel
Brinkweg,38,"","",2925DG,Krimpen aan den IJssel
Brinkweg,4,"","",2925DG,Krimpen aan den IJssel
Brinkweg,40,"","",2925DG,Krimpen aan den IJssel
Brinkweg,42,"","",2925DG,Krimpen aan den IJssel
Brinkweg,44,"","",2925DG,Krimpen aan den IJssel
Brinkweg,46,"","",2925DG,Krimpen aan den IJssel
Brinkweg,6,"","",2925DG,Krimpen aan den IJssel
Brinkweg,8,"","",2925DG,Krimpen aan den IJssel
Heidekruid,1,"","",2925DH,Krimpen aan den IJssel
Heidekruid,10,"","",2925DH,Krimpen aan den IJssel
Heidekruid,11,"","",2925DH,Krimpen aan den IJssel
Heidekruid,12,"","",2925DH,Krimpen aan den IJssel
Heidekruid,2,"","",2925DH,Krimpen aan den IJssel
Heidekruid,3,"","",2925DH,Krimpen aan den IJssel
Heidekruid,4,"","",2925DH,Krimpen aan den IJssel
Heidekruid,5,"","",2925DH,Krimpen aan den IJssel
Heidekruid,6,"","",2925DH,Krimpen aan den IJssel
Heidekruid,7,"","",2925DH,Krimpen aan den IJssel
Heidekruid,8,"","",2925DH,Krimpen aan den IJssel
Heidekruid,9,"","",2925DH,Krimpen aan den IJssel
Cantharel,1,"","",2925DJ,Krimpen aan den IJssel
Cantharel,10,"","",2925DJ,Krimpen aan den IJssel
Cantharel,12,"","",2925DJ,Krimpen aan den IJssel
Cantharel,14,"","",2925DJ,Krimpen aan den IJssel
Cantharel,16,"","",2925DJ,Krimpen aan den IJssel
Cantharel,18,"","",2925DJ,Krimpen aan den IJssel
Cantharel,2,"","",2925DJ,Krimpen aan den IJssel
Cantharel,20,"","",2925DJ,Krimpen aan den IJssel
Cantharel,22,"","",2925DJ,Krimpen aan den IJssel
Cantharel,24,"","",2925DJ,Krimpen aan den IJssel
Cantharel,26,"","",2925DJ,Krimpen aan den IJssel
Cantharel,28,"","",2925DJ,Krimpen aan den IJssel
Cantharel,3,"","",2925DJ,Krimpen aan den IJssel
Cantharel,30,"","",2925DJ,Krimpen aan den IJssel
Cantharel,32,"","",2925DJ,Krimpen aan den IJssel
Cantharel,34,"","",2925DJ,Krimpen aan den IJssel
Cantharel,36,"","",2925DJ,Krimpen aan den IJssel
Cantharel,38,"","",2925DJ,Krimpen aan den IJssel
Cantharel,4,"","",2925DJ,Krimpen aan den IJssel
Cantharel,40,"","",2925DJ,Krimpen aan den IJssel
Cantharel,42,"","",2925DJ,Krimpen aan den IJssel
Cantharel,44,"","",2925DJ,Krimpen aan den IJssel
Cantharel,46,"","",2925DJ,Krimpen aan den IJssel
Cantharel,48,"","",2925DJ,Krimpen aan den IJssel
Cantharel,5,"","",2925DJ,Krimpen aan den IJssel
Cantharel,50,"","",2925DJ,Krimpen aan den IJssel
Cantharel,52,"","",2925DJ,Krimpen aan den IJssel
Cantharel,6,"","",2925DJ,Krimpen aan den IJssel
Cantharel,8,"","",2925DJ,Krimpen aan den IJssel
Oesterzwam,1,"","",2925DK,Krimpen aan den IJssel
Oesterzwam,2,"","",2925DK,Krimpen aan den IJssel
Oesterzwam,3,"","",2925DK,Krimpen aan den IJssel
Oesterzwam,4,"","",2925DK,Krimpen aan den IJssel
Oesterzwam,5,"","",2925DK,Krimpen aan den IJssel
Oesterzwam,6,"","",2925DK,Krimpen aan den IJssel
Oesterzwam,7,"","",2925DK,Krimpen aan den IJssel
Oesterzwam,8,"","",2925DK,Krimpen aan den IJssel
Oesterzwam,9,"","",2925DK,Krimpen aan den IJssel
Weidechampignon,2,"","",2925DL,Krimpen aan den IJssel
Weidechampignon,4,"","",2925DL,Krimpen aan den IJssel
Amaniet,1,"","",2925DM,Krimpen aan den IJssel
Amaniet,10,"","",2925DM,Krimpen aan den IJssel
Amaniet,11,"","",2925DM,Krimpen aan den IJssel
Amaniet,12,"","",2925DM,Krimpen aan den IJssel
Amaniet,13,"","",2925DM,Krimpen aan den IJssel
Amaniet,14,"","",2925DM,Krimpen aan den IJssel
Amaniet,15,"","",2925DM,Krimpen aan den IJssel
Amaniet,17,"","",2925DM,Krimpen aan den IJssel
Amaniet,19,"","",2925DM,Krimpen aan den IJssel
Amaniet,2,"","",2925DM,Krimpen aan den IJssel
Amaniet,21,"","",2925DM,Krimpen aan den IJssel
Amaniet,23,"","",2925DM,Krimpen aan den IJssel
Amaniet,25,"","",2925DM,Krimpen aan den IJssel
Amaniet,3,"","",2925DM,Krimpen aan den IJssel
Amaniet,4,"","",2925DM,Krimpen aan den IJssel
Amaniet,5,"","",2925DM,Krimpen aan den IJssel
Amaniet,6,"","",2925DM,Krimpen aan den IJssel
Amaniet,7,"","",2925DM,Krimpen aan den IJssel
Amaniet,8,"","",2925DM,Krimpen aan den IJssel
Amaniet,9,"","",2925DM,Krimpen aan den IJssel
Volkstuintjespad,1,"","",2925DN,Krimpen aan den IJssel
Anemoon,1,"","",2925EA,Krimpen aan den IJssel
Anemoon,11,"","",2925EA,Krimpen aan den IJssel
Anemoon,13,"","",2925EA,Krimpen aan den IJssel
Anemoon,15,"","",2925EA,Krimpen aan den IJssel
Anemoon,15,A,"",2925EA,Krimpen aan den IJssel
Anemoon,15,B,"",2925EA,Krimpen aan den IJssel
Anemoon,15,C,"",2925EA,Krimpen aan den IJssel
Anemoon,15,D,"",2925EA,Krimpen aan den IJssel
Anemoon,15,E,"",2925EA,Krimpen aan den IJssel
Anemoon,15,F,"",2925EA,Krimpen aan den IJssel
Anemoon,15,G,"",2925EA,Krimpen aan den IJssel
Anemoon,15,H,"",2925EA,Krimpen aan den IJssel
Anemoon,15,I,"",2925EA,Krimpen aan den IJssel
Anemoon,17,"","",2925EA,Krimpen aan den IJssel
Anemoon,19,"","",2925EA,Krimpen aan den IJssel
Anemoon,21,"","",2925EA,Krimpen aan den IJssel
Anemoon,23,"","",2925EA,Krimpen aan den IJssel
Anemoon,25,"","",2925EA,Krimpen aan den IJssel
Anemoon,27,"","",2925EA,Krimpen aan den IJssel
Anemoon,27,A,"",2925EA,Krimpen aan den IJssel
Anemoon,27,B,"",2925EA,Krimpen aan den IJssel
Anemoon,27,C,"",2925EA,Krimpen aan den IJssel
Anemoon,27,D,"",2925EA,Krimpen aan den IJssel
Anemoon,27,E,"",2925EA,Krimpen aan den IJssel
Anemoon,27,F,"",2925EA,Krimpen aan den IJssel
Anemoon,27,G,"",2925EA,Krimpen aan den IJssel
Anemoon,27,H,"",2925EA,Krimpen aan den IJssel
Anemoon,3,"","",2925EA,Krimpen aan den IJssel
Anemoon,5,"","",2925EA,Krimpen aan den IJssel
Anemoon,7,"","",2925EA,Krimpen aan den IJssel
Anemoon,9,"","",2925EA,Krimpen aan den IJssel
Anemoon,10,"","",2925EB,Krimpen aan den IJssel
Anemoon,12,"","",2925EB,Krimpen aan den IJssel
Anemoon,14,"","",2925EB,Krimpen aan den IJssel
Anemoon,16,"","",2925EB,Krimpen aan den IJssel
Anemoon,18,"","",2925EB,Krimpen aan den IJssel
Anemoon,2,"","",2925EB,Krimpen aan den IJssel
Anemoon,20,"","",2925EB,Krimpen aan den IJssel
Anemoon,22,"","",2925EB,Krimpen aan den IJssel
Anemoon,24,"","",2925EB,Krimpen aan den IJssel
Anemoon,26,"","",2925EB,Krimpen aan den IJssel
Anemoon,28,"","",2925EB,Krimpen aan den IJssel
Anemoon,30,"","",2925EB,Krimpen aan den IJssel
Anemoon,32,"","",2925EB,Krimpen aan den IJssel
Anemoon,34,"","",2925EB,Krimpen aan den IJssel
Anemoon,36,"","",2925EB,Krimpen aan den IJssel
Anemoon,38,"","",2925EB,Krimpen aan den IJssel
Anemoon,4,"","",2925EB,Krimpen aan den IJssel
Anemoon,40,"","",2925EB,Krimpen aan den IJssel
Anemoon,42,"","",2925EB,Krimpen aan den IJssel
Anemoon,44,"","",2925EB,Krimpen aan den IJssel
Anemoon,46,"","",2925EB,Krimpen aan den IJssel
Anemoon,48,"","",2925EB,Krimpen aan den IJssel
Anemoon,50,"","",2925EB,Krimpen aan den IJssel
Anemoon,52,"","",2925EB,Krimpen aan den IJssel
Anemoon,54,"","",2925EB,Krimpen aan den IJssel
Anemoon,56,"","",2925EB,Krimpen aan den IJssel
Anemoon,6,"","",2925EB,Krimpen aan den IJssel
Anemoon,8,"","",2925EB,Krimpen aan den IJssel
Anjelier,10,"","",2925EC,Krimpen aan den IJssel
Anjelier,12,"","",2925EC,Krimpen aan den IJssel
Anjelier,14,"","",2925EC,Krimpen aan den IJssel
Anjelier,16,"","",2925EC,Krimpen aan den IJssel
Anjelier,18,"","",2925EC,Krimpen aan den IJssel
Anjelier,2,"","",2925EC,Krimpen aan den IJssel
Anjelier,22,"","",2925EC,Krimpen aan den IJssel
Anjelier,24,"","",2925EC,Krimpen aan den IJssel
Anjelier,26,"","",2925EC,Krimpen aan den IJssel
Anjelier,28,"","",2925EC,Krimpen aan den IJssel
Anjelier,30,"","",2925EC,Krimpen aan den IJssel
Anjelier,32,"","",2925EC,Krimpen aan den IJssel
Anjelier,32,A,"",2925EC,Krimpen aan den IJssel
Anjelier,34,"","",2925EC,Krimpen aan den IJssel
Anjelier,36,"","",2925EC,Krimpen aan den IJssel
Anjelier,38,"","",2925EC,Krimpen aan den IJssel
Anjelier,4,"","",2925EC,Krimpen aan den IJssel
Anjelier,40,"","",2925EC,Krimpen aan den IJssel
Anjelier,42,"","",2925EC,Krimpen aan den IJssel
Anjelier,6,"","",2925EC,Krimpen aan den IJssel
Anjelier,8,"","",2925EC,Krimpen aan den IJssel
Anjelier,1,"","",2925ED,Krimpen aan den IJssel
Anjelier,11,"","",2925ED,Krimpen aan den IJssel
Anjelier,13,"","",2925ED,Krimpen aan den IJssel
Anjelier,15,"","",2925ED,Krimpen aan den IJssel
Anjelier,17,"","",2925ED,Krimpen aan den IJssel
Anjelier,19,"","",2925ED,Krimpen aan den IJssel
Anjelier,21,"","",2925ED,Krimpen aan den IJssel
Anjelier,23,"","",2925ED,Krimpen aan den IJssel
Anjelier,25,"","",2925ED,Krimpen aan den IJssel
Anjelier,27,"","",2925ED,Krimpen aan den IJssel
Anjelier,3,"","",2925ED,Krimpen aan den IJssel
Anjelier,32,A,"",2925ED,Krimpen aan den IJssel
Anjelier,5,"","",2925ED,Krimpen aan den IJssel
Anjelier,7,"","",2925ED,Krimpen aan den IJssel
Anjelier,9,"","",2925ED,Krimpen aan den IJssel
Aster,1,"","",2925EE,Krimpen aan den IJssel
Aster,10,"","",2925EE,Krimpen aan den IJssel
Aster,12,"","",2925EE,Krimpen aan den IJssel
Aster,14,"","",2925EE,Krimpen aan den IJssel
Aster,16,"","",2925EE,Krimpen aan den IJssel
Aster,18,"","",2925EE,Krimpen aan den IJssel
Aster,2,"","",2925EE,Krimpen aan den IJssel
Aster,20,"","",2925EE,Krimpen aan den IJssel
Aster,22,"","",2925EE,Krimpen aan den IJssel
Aster,24,"","",2925EE,Krimpen aan den IJssel
Aster,26,"","",2925EE,Krimpen aan den IJssel
Aster,28,"","",2925EE,Krimpen aan den IJssel
Aster,3,"","",2925EE,Krimpen aan den IJssel
Aster,30,"","",2925EE,Krimpen aan den IJssel
Aster,32,"","",2925EE,Krimpen aan den IJssel
Aster,34,"","",2925EE,Krimpen aan den IJssel
Aster,36,"","",2925EE,Krimpen aan den IJssel
Aster,38,"","",2925EE,Krimpen aan den IJssel
Aster,4,"","",2925EE,Krimpen aan den IJssel
Aster,40,"","",2925EE,Krimpen aan den IJssel
Aster,42,"","",2925EE,Krimpen aan den IJssel
Aster,44,"","",2925EE,Krimpen aan den IJssel
Aster,5,"","",2925EE,Krimpen aan den IJssel
Aster,6,"","",2925EE,Krimpen aan den IJssel
Aster,7,"","",2925EE,Krimpen aan den IJssel
Aster,8,"","",2925EE,Krimpen aan den IJssel
Chrysant,1,"","",2925EG,Krimpen aan den IJssel
Chrysant,10,"","",2925EG,Krimpen aan den IJssel
Chrysant,11,"","",2925EG,Krimpen aan den IJssel
Chrysant,12,"","",2925EG,Krimpen aan den IJssel
Chrysant,13,"","",2925EG,Krimpen aan den IJssel
Chrysant,14,"","",2925EG,Krimpen aan den IJssel
Chrysant,15,"","",2925EG,Krimpen aan den IJssel
Chrysant,16,"","",2925EG,Krimpen aan den IJssel
Chrysant,18,"","",2925EG,Krimpen aan den IJssel
Chrysant,2,"","",2925EG,Krimpen aan den IJssel
Chrysant,20,"","",2925EG,Krimpen aan den IJssel
Chrysant,22,"","",2925EG,Krimpen aan den IJssel
Chrysant,24,"","",2925EG,Krimpen aan den IJssel
Chrysant,3,"","",2925EG,Krimpen aan den IJssel
Chrysant,4,"","",2925EG,Krimpen aan den IJssel
Chrysant,5,"","",2925EG,Krimpen aan den IJssel
Chrysant,6,"","",2925EG,Krimpen aan den IJssel
Chrysant,7,"","",2925EG,Krimpen aan den IJssel
Chrysant,8,"","",2925EG,Krimpen aan den IJssel
Chrysant,9,"","",2925EG,Krimpen aan den IJssel
Fresia,1,"","",2925EH,Krimpen aan den IJssel
Fresia,11,"","",2925EH,Krimpen aan den IJssel
Fresia,13,"","",2925EH,Krimpen aan den IJssel
Fresia,15,"","",2925EH,Krimpen aan den IJssel
Fresia,17,"","",2925EH,Krimpen aan den IJssel
Fresia,19,"","",2925EH,Krimpen aan den IJssel
Fresia,21,"","",2925EH,Krimpen aan den IJssel
Fresia,23,"","",2925EH,Krimpen aan den IJssel
Fresia,25,"","",2925EH,Krimpen aan den IJssel
Fresia,27,"","",2925EH,Krimpen aan den IJssel
Fresia,29,"","",2925EH,Krimpen aan den IJssel
Fresia,3,"","",2925EH,Krimpen aan den IJssel
Fresia,31,"","",2925EH,Krimpen aan den IJssel
Fresia,33,"","",2925EH,Krimpen aan den IJssel
Fresia,35,"","",2925EH,Krimpen aan den IJssel
Fresia,37,"","",2925EH,Krimpen aan den IJssel
Fresia,39,"","",2925EH,Krimpen aan den IJssel
Fresia,5,"","",2925EH,Krimpen aan den IJssel
Fresia,7,"","",2925EH,Krimpen aan den IJssel
Fresia,9,"","",2925EH,Krimpen aan den IJssel
Fresia,41,"","",2925EJ,Krimpen aan den IJssel
Fresia,41,A,"",2925EJ,Krimpen aan den IJssel
Fresia,43,"","",2925EJ,Krimpen aan den IJssel
Fresia,45,"","",2925EJ,Krimpen aan den IJssel
Fresia,47,"","",2925EJ,Krimpen aan den IJssel
Fresia,49,"","",2925EJ,Krimpen aan den IJssel
Fresia,51,"","",2925EJ,Krimpen aan den IJssel
Fresia,53,"","",2925EJ,Krimpen aan den IJssel
Fresia,55,"","",2925EJ,Krimpen aan den IJssel
Fresia,101,"","",2925EK,Krimpen aan den IJssel
Fresia,103,"","",2925EK,Krimpen aan den IJssel
Fresia,105,"","",2925EK,Krimpen aan den IJssel
Fresia,107,"","",2925EK,Krimpen aan den IJssel
Fresia,109,"","",2925EK,Krimpen aan den IJssel
Fresia,111,"","",2925EK,Krimpen aan den IJssel
Fresia,113,"","",2925EK,Krimpen aan den IJssel
Fresia,115,"","",2925EK,Krimpen aan den IJssel
Fresia,117,"","",2925EK,Krimpen aan den IJssel
Fresia,119,"","",2925EK,Krimpen aan den IJssel
Fresia,121,"","",2925EK,Krimpen aan den IJssel
Fresia,123,"","",2925EK,Krimpen aan den IJssel
Fresia,125,"","",2925EK,Krimpen aan den IJssel
Fresia,127,"","",2925EK,Krimpen aan den IJssel
Fresia,57,"","",2925EK,Krimpen aan den IJssel
Fresia,59,"","",2925EK,Krimpen aan den IJssel
Fresia,61,"","",2925EK,Krimpen aan den IJssel
Fresia,63,"","",2925EK,Krimpen aan den IJssel
Fresia,65,"","",2925EK,Krimpen aan den IJssel
Fresia,67,"","",2925EK,Krimpen aan den IJssel
Fresia,69,"","",2925EK,Krimpen aan den IJssel
Fresia,71,"","",2925EK,Krimpen aan den IJssel
Fresia,73,"","",2925EK,Krimpen aan den IJssel
Fresia,75,"","",2925EK,Krimpen aan den IJssel
Fresia,77,"","",2925EK,Krimpen aan den IJssel
Fresia,79,"","",2925EK,Krimpen aan den IJssel
Fresia,81,"","",2925EK,Krimpen aan den IJssel
Fresia,83,"","",2925EK,Krimpen aan den IJssel
Fresia,85,"","",2925EK,Krimpen aan den IJssel
Fresia,87,"","",2925EK,Krimpen aan den IJssel
Fresia,89,"","",2925EK,Krimpen aan den IJssel
Fresia,91,"","",2925EK,Krimpen aan den IJssel
Fresia,93,"","",2925EK,Krimpen aan den IJssel
Fresia,95,"","",2925EK,Krimpen aan den IJssel
Fresia,97,"","",2925EK,Krimpen aan den IJssel
Fresia,99,"","",2925EK,Krimpen aan den IJssel
Fresia,10,"","",2925EL,Krimpen aan den IJssel
Fresia,100,"","",2925EL,Krimpen aan den IJssel
Fresia,102,"","",2925EL,Krimpen aan den IJssel
Fresia,12,"","",2925EL,Krimpen aan den IJssel
Fresia,14,"","",2925EL,Krimpen aan den IJssel
Fresia,16,"","",2925EL,Krimpen aan den IJssel
Fresia,18,"","",2925EL,Krimpen aan den IJssel
Fresia,2,"","",2925EL,Krimpen aan den IJssel
Fresia,2,B,"",2925EL,Krimpen aan den IJssel
Fresia,2,D,"",2925EL,Krimpen aan den IJssel
Fresia,2,F,"",2925EL,Krimpen aan den IJssel
Fresia,2,G,"",2925EL,Krimpen aan den IJssel
Fresia,2,H,"",2925EL,Krimpen aan den IJssel
Fresia,2,I,"",2925EL,Krimpen aan den IJssel
Fresia,20,"","",2925EL,Krimpen aan den IJssel
Fresia,22,"","",2925EL,Krimpen aan den IJssel
Fresia,24,"","",2925EL,Krimpen aan den IJssel
Fresia,26,"","",2925EL,Krimpen aan den IJssel
Fresia,28,"","",2925EL,Krimpen aan den IJssel
Fresia,28,A,"",2925EL,Krimpen aan den IJssel
Fresia,30,"","",2925EL,Krimpen aan den IJssel
Fresia,32,"","",2925EL,Krimpen aan den IJssel
Fresia,34,"","",2925EL,Krimpen aan den IJssel
Fresia,36,"","",2925EL,Krimpen aan den IJssel
Fresia,38,"","",2925EL,Krimpen aan den IJssel
Fresia,4,"","",2925EL,Krimpen aan den IJssel
Fresia,40,"","",2925EL,Krimpen aan den IJssel
Fresia,42,"","",2925EL,Krimpen aan den IJssel
Fresia,44,"","",2925EL,Krimpen aan den IJssel
Fresia,46,"","",2925EL,Krimpen aan den IJssel
Fresia,48,"","",2925EL,Krimpen aan den IJssel
Fresia,50,"","",2925EL,Krimpen aan den IJssel
Fresia,52,"","",2925EL,Krimpen aan den IJssel
Fresia,54,"","",2925EL,Krimpen aan den IJssel
Fresia,56,"","",2925EL,Krimpen aan den IJssel
Fresia,58,"","",2925EL,Krimpen aan den IJssel
Fresia,6,"","",2925EL,Krimpen aan den IJssel
Fresia,60,"","",2925EL,Krimpen aan den IJssel
Fresia,62,"","",2925EL,Krimpen aan den IJssel
Fresia,64,"","",2925EL,Krimpen aan den IJssel
Fresia,66,"","",2925EL,Krimpen aan den IJssel
Fresia,68,"","",2925EL,Krimpen aan den IJssel
Fresia,70,"","",2925EL,Krimpen aan den IJssel
Fresia,72,"","",2925EL,Krimpen aan den IJssel
Fresia,74,"","",2925EL,Krimpen aan den IJssel
Fresia,76,"","",2925EL,Krimpen aan den IJssel
Fresia,78,"","",2925EL,Krimpen aan den IJssel
Fresia,8,"","",2925EL,Krimpen aan den IJssel
Fresia,80,"","",2925EL,Krimpen aan den IJssel
Fresia,82,"","",2925EL,Krimpen aan den IJssel
Fresia,84,"","",2925EL,Krimpen aan den IJssel
Fresia,86,"","",2925EL,Krimpen aan den IJssel
Fresia,88,"","",2925EL,Krimpen aan den IJssel
Fresia,90,"","",2925EL,Krimpen aan den IJssel
Fresia,92,"","",2925EL,Krimpen aan den IJssel
Fresia,94,"","",2925EL,Krimpen aan den IJssel
Fresia,96,"","",2925EL,Krimpen aan den IJssel
Fresia,98,"","",2925EL,Krimpen aan den IJssel
Fresia,129,"","",2925EM,Krimpen aan den IJssel
Fresia,131,"","",2925EM,Krimpen aan den IJssel
Fresia,133,"","",2925EM,Krimpen aan den IJssel
Fresia,135,"","",2925EM,Krimpen aan den IJssel
Fresia,137,"","",2925EM,Krimpen aan den IJssel
Fresia,139,"","",2925EM,Krimpen aan den IJssel
Fresia,141,"","",2925EM,Krimpen aan den IJssel
Fresia,143,"","",2925EM,Krimpen aan den IJssel
Fresia,145,"","",2925EM,Krimpen aan den IJssel
Fresia,147,"","",2925EM,Krimpen aan den IJssel
Fresia,149,"","",2925EM,Krimpen aan den IJssel
Fresia,151,"","",2925EM,Krimpen aan den IJssel
Fresia,153,"","",2925EM,Krimpen aan den IJssel
Fresia,155,"","",2925EM,Krimpen aan den IJssel
Fresia,157,"","",2925EM,Krimpen aan den IJssel
Fresia,159,"","",2925EM,Krimpen aan den IJssel
Fresia,161,"","",2925EM,Krimpen aan den IJssel
Fresia,163,"","",2925EM,Krimpen aan den IJssel
Fresia,165,"","",2925EM,Krimpen aan den IJssel
Fresia,167,"","",2925EM,Krimpen aan den IJssel
Fresia,169,"","",2925EM,Krimpen aan den IJssel
Fresia,171,"","",2925EM,Krimpen aan den IJssel
Fresia,173,"","",2925EM,Krimpen aan den IJssel
Fresia,175,"","",2925EM,Krimpen aan den IJssel
Fresia,177,"","",2925EM,Krimpen aan den IJssel
Fresia,179,"","",2925EM,Krimpen aan den IJssel
Fresia,181,"","",2925EM,Krimpen aan den IJssel
Fresia,183,"","",2925EM,Krimpen aan den IJssel
Fresia,185,"","",2925EM,Krimpen aan den IJssel
Fresia,187,"","",2925EM,Krimpen aan den IJssel
Fresia,189,"","",2925EM,Krimpen aan den IJssel
Fresia,191,"","",2925EM,Krimpen aan den IJssel
Fresia,193,"","",2925EM,Krimpen aan den IJssel
Fresia,195,"","",2925EM,Krimpen aan den IJssel
Fresia,197,"","",2925EM,Krimpen aan den IJssel
Fresia,199,"","",2925EM,Krimpen aan den IJssel
Fresia,201,"","",2925EM,Krimpen aan den IJssel
Fresia,203,"","",2925EM,Krimpen aan den IJssel
Fresia,205,"","",2925EM,Krimpen aan den IJssel
Fresia,207,"","",2925EM,Krimpen aan den IJssel
Fresia,209,"","",2925EM,Krimpen aan den IJssel
Fresia,211,"","",2925EM,Krimpen aan den IJssel
Fresia,213,"","",2925EM,Krimpen aan den IJssel
Fresia,215,"","",2925EM,Krimpen aan den IJssel
Hyacint,1,"","",2925EN,Krimpen aan den IJssel
Hyacint,1,A,"",2925EN,Krimpen aan den IJssel
Hyacint,1,B,"",2925EN,Krimpen aan den IJssel
Hyacint,11,"","",2925EN,Krimpen aan den IJssel
Hyacint,13,"","",2925EN,Krimpen aan den IJssel
Hyacint,15,"","",2925EN,Krimpen aan den IJssel
Hyacint,3,"","",2925EN,Krimpen aan den IJssel
Hyacint,31,"","",2925EN,Krimpen aan den IJssel
Hyacint,33,"","",2925EN,Krimpen aan den IJssel
Hyacint,33,"","",2925EN,Krimpen aan den IJssel
Hyacint,33,A,"",2925EN,Krimpen aan den IJssel
Hyacint,33,B,"",2925EN,Krimpen aan den IJssel
Hyacint,35,"","",2925EN,Krimpen aan den IJssel
Hyacint,37,"","",2925EN,Krimpen aan den IJssel
Hyacint,5,"","",2925EN,Krimpen aan den IJssel
Hyacint,7,"","",2925EN,Krimpen aan den IJssel
Hyacint,9,"","",2925EN,Krimpen aan den IJssel
Hyacint,10,"","",2925EP,Krimpen aan den IJssel
Hyacint,12,"","",2925EP,Krimpen aan den IJssel
Hyacint,14,"","",2925EP,Krimpen aan den IJssel
Hyacint,16,"","",2925EP,Krimpen aan den IJssel
Hyacint,18,"","",2925EP,Krimpen aan den IJssel
Hyacint,2,"","",2925EP,Krimpen aan den IJssel
Hyacint,20,"","",2925EP,Krimpen aan den IJssel
Hyacint,22,"","",2925EP,Krimpen aan den IJssel
Hyacint,24,"","",2925EP,Krimpen aan den IJssel
Hyacint,26,"","",2925EP,Krimpen aan den IJssel
Hyacint,28,"","",2925EP,Krimpen aan den IJssel
Hyacint,30,"","",2925EP,Krimpen aan den IJssel
Hyacint,32,"","",2925EP,Krimpen aan den IJssel
Hyacint,34,"","",2925EP,Krimpen aan den IJssel
Hyacint,36,"","",2925EP,Krimpen aan den IJssel
Hyacint,38,"","",2925EP,Krimpen aan den IJssel
Hyacint,4,"","",2925EP,Krimpen aan den IJssel
Hyacint,40,"","",2925EP,Krimpen aan den IJssel
Hyacint,42,"","",2925EP,Krimpen aan den IJssel
Hyacint,44,"","",2925EP,Krimpen aan den IJssel
Hyacint,46,"","",2925EP,Krimpen aan den IJssel
Hyacint,48,"","",2925EP,Krimpen aan den IJssel
Hyacint,50,"","",2925EP,Krimpen aan den IJssel
Hyacint,52,"","",2925EP,Krimpen aan den IJssel
Hyacint,54,"","",2925EP,Krimpen aan den IJssel
Hyacint,56,"","",2925EP,Krimpen aan den IJssel
Hyacint,58,"","",2925EP,Krimpen aan den IJssel
Hyacint,6,"","",2925EP,Krimpen aan den IJssel
Hyacint,60,"","",2925EP,Krimpen aan den IJssel
Hyacint,8,"","",2925EP,Krimpen aan den IJssel
Iris,1,"","",2925ER,Krimpen aan den IJssel
Iris,10,"","",2925ER,Krimpen aan den IJssel
Iris,11,"","",2925ER,Krimpen aan den IJssel
Iris,12,"","",2925ER,Krimpen aan den IJssel
Iris,13,"","",2925ER,Krimpen aan den IJssel
Iris,14,"","",2925ER,Krimpen aan den IJssel
Iris,15,"","",2925ER,Krimpen aan den IJssel
Iris,16,"","",2925ER,Krimpen aan den IJssel
Iris,17,"","",2925ER,Krimpen aan den IJssel
Iris,19,"","",2925ER,Krimpen aan den IJssel
Iris,2,"","",2925ER,Krimpen aan den IJssel
Iris,21,"","",2925ER,Krimpen aan den IJssel
Iris,23,"","",2925ER,Krimpen aan den IJssel
Iris,3,"","",2925ER,Krimpen aan den IJssel
Iris,4,"","",2925ER,Krimpen aan den IJssel
Iris,5,"","",2925ER,Krimpen aan den IJssel
Iris,6,"","",2925ER,Krimpen aan den IJssel
Iris,7,"","",2925ER,Krimpen aan den IJssel
Iris,8,"","",2925ER,Krimpen aan den IJssel
Iris,9,"","",2925ER,Krimpen aan den IJssel
Burgemeester Lepelaarssingel,1,"","",2925ES,Krimpen aan den IJssel
Burgemeester Lepelaarssingel,10,"","",2925ES,Krimpen aan den IJssel
Burgemeester Lepelaarssingel,11,"","",2925ES,Krimpen aan den IJssel
Burgemeester Lepelaarssingel,12,"","",2925ES,Krimpen aan den IJssel
Burgemeester Lepelaarssingel,13,"","",2925ES,Krimpen aan den IJssel
Burgemeester Lepelaarssingel,14,"","",2925ES,Krimpen aan den IJssel
Burgemeester Lepelaarssingel,15,"","",2925ES,Krimpen aan den IJssel
Burgemeester Lepelaarssingel,16,"","",2925ES,Krimpen aan den IJssel
Burgemeester Lepelaarssingel,17,"","",2925ES,Krimpen aan den IJssel
Burgemeester Lepelaarssingel,18,"","",2925ES,Krimpen aan den IJssel
Burgemeester Lepelaarssingel,19,"","",2925ES,Krimpen aan den IJssel
Burgemeester Lepelaarssingel,19,A,"",2925ES,Krimpen aan den IJssel
Burgemeester Lepelaarssingel,2,"","",2925ES,Krimpen aan den IJssel
Burgemeester Lepelaarssingel,20,"","",2925ES,Krimpen aan den IJssel
Burgemeester Lepelaarssingel,21,"","",2925ES,Krimpen aan den IJssel
Burgemeester Lepelaarssingel,22,"","",2925ES,Krimpen aan den IJssel
Burgemeester Lepelaarssingel,23,"","",2925ES,Krimpen aan den IJssel
Burgemeester Lepelaarssingel,24,"","",2925ES,Krimpen aan den IJssel
Burgemeester Lepelaarssingel,25,"","",2925ES,Krimpen aan den IJssel
Burgemeester Lepelaarssingel,26,"","",2925ES,Krimpen aan den IJssel
Burgemeester Lepelaarssingel,27,"","",2925ES,Krimpen aan den IJssel
Burgemeester Lepelaarssingel,28,"","",2925ES,Krimpen aan den IJssel
Burgemeester Lepelaarssingel,29,"","",2925ES,Krimpen aan den IJssel
Burgemeester Lepelaarssingel,3,"","",2925ES,Krimpen aan den IJssel
Burgemeester Lepelaarssingel,30,"","",2925ES,Krimpen aan den IJssel
Burgemeester Lepelaarssingel,31,"","",2925ES,Krimpen aan den IJssel
Burgemeester Lepelaarssingel,32,"","",2925ES,Krimpen aan den IJssel
Burgemeester Lepelaarssingel,33,"","",2925ES,Krimpen aan den IJssel
Burgemeester Lepelaarssingel,34,"","",2925ES,Krimpen aan den IJssel
Burgemeester Lepelaarssingel,35,"","",2925ES,Krimpen aan den IJssel
Burgemeester Lepelaarssingel,36,"","",2925ES,Krimpen aan den IJssel
Burgemeester Lepelaarssingel,37,"","",2925ES,Krimpen aan den IJssel
Burgemeester Lepelaarssingel,38,"","",2925ES,Krimpen aan den IJssel
Burgemeester Lepelaarssingel,39,"","",2925ES,Krimpen aan den IJssel
Burgemeester Lepelaarssingel,4,"","",2925ES,Krimpen aan den IJssel
Burgemeester Lepelaarssingel,40,"","",2925ES,Krimpen aan den IJssel
Burgemeester Lepelaarssingel,41,"","",2925ES,Krimpen aan den IJssel
Burgemeester Lepelaarssingel,42,"","",2925ES,Krimpen aan den IJssel
Burgemeester Lepelaarssingel,43,"","",2925ES,Krimpen aan den IJssel
Burgemeester Lepelaarssingel,44,"","",2925ES,Krimpen aan den IJssel
Burgemeester Lepelaarssingel,45,"","",2925ES,Krimpen aan den IJssel
Burgemeester Lepelaarssingel,46,"","",2925ES,Krimpen aan den IJssel
Burgemeester Lepelaarssingel,47,"","",2925ES,Krimpen aan den IJssel
Burgemeester Lepelaarssingel,48,"","",2925ES,Krimpen aan den IJssel
Burgemeester Lepelaarssingel,49,"","",2925ES,Krimpen aan den IJssel
Burgemeester Lepelaarssingel,5,"","",2925ES,Krimpen aan den IJssel
Burgemeester Lepelaarssingel,50,"","",2925ES,Krimpen aan den IJssel
Burgemeester Lepelaarssingel,51,"","",2925ES,Krimpen aan den IJssel
Burgemeester Lepelaarssingel,52,"","",2925ES,Krimpen aan den IJssel
Burgemeester Lepelaarssingel,53,"","",2925ES,Krimpen aan den IJssel
Burgemeester Lepelaarssingel,54,"","",2925ES,Krimpen aan den IJssel
Burgemeester Lepelaarssingel,55,"","",2925ES,Krimpen aan den IJssel
Burgemeester Lepelaarssingel,56,"","",2925ES,Krimpen aan den IJssel
Burgemeester Lepelaarssingel,57,"","",2925ES,Krimpen aan den IJssel
Burgemeester Lepelaarssingel,58,"","",2925ES,Krimpen aan den IJssel
Burgemeester Lepelaarssingel,6,"","",2925ES,Krimpen aan den IJssel
Burgemeester Lepelaarssingel,60,"","",2925ES,Krimpen aan den IJssel
Burgemeester Lepelaarssingel,62,"","",2925ES,Krimpen aan den IJssel
Burgemeester Lepelaarssingel,64,"","",2925ES,Krimpen aan den IJssel
Burgemeester Lepelaarssingel,66,"","",2925ES,Krimpen aan den IJssel
Burgemeester Lepelaarssingel,68,"","",2925ES,Krimpen aan den IJssel
Burgemeester Lepelaarssingel,7,"","",2925ES,Krimpen aan den IJssel
Burgemeester Lepelaarssingel,70,"","",2925ES,Krimpen aan den IJssel
Burgemeester Lepelaarssingel,72,"","",2925ES,Krimpen aan den IJssel
Burgemeester Lepelaarssingel,74,"","",2925ES,Krimpen aan den IJssel
Burgemeester Lepelaarssingel,76,"","",2925ES,Krimpen aan den IJssel
Burgemeester Lepelaarssingel,78,"","",2925ES,Krimpen aan den IJssel
Burgemeester Lepelaarssingel,8,"","",2925ES,Krimpen aan den IJssel
Burgemeester Lepelaarssingel,9,"","",2925ES,Krimpen aan den IJssel
Lupine,1,"","",2925ET,Krimpen aan den IJssel
Lupine,1,A,"",2925ET,Krimpen aan den IJssel
Lupine,1,B,"",2925ET,Krimpen aan den IJssel
Lupine,1,C,"",2925ET,Krimpen aan den IJssel
Lupine,1,D,"",2925ET,Krimpen aan den IJssel
Lupine,1,E,"",2925ET,Krimpen aan den IJssel
Lupine,1,F,"",2925ET,Krimpen aan den IJssel
Lupine,1,G,"",2925ET,Krimpen aan den IJssel
Lupine,1,H,"",2925ET,Krimpen aan den IJssel
Lupine,1,I,"",2925ET,Krimpen aan den IJssel
Lupine,10,"","",2925ET,Krimpen aan den IJssel
Lupine,11,"","",2925ET,Krimpen aan den IJssel
Lupine,12,"","",2925ET,Krimpen aan den IJssel
Lupine,13,"","",2925ET,Krimpen aan den IJssel
Lupine,14,"","",2925ET,Krimpen aan den IJssel
Lupine,15,"","",2925ET,Krimpen aan den IJssel
Lupine,15,A,"",2925ET,Krimpen aan den IJssel
Lupine,15,B,"",2925ET,Krimpen aan den IJssel
Lupine,15,C,"",2925ET,Krimpen aan den IJssel
Lupine,15,D,"",2925ET,Krimpen aan den IJssel
Lupine,15,E,"",2925ET,Krimpen aan den IJssel
Lupine,15,F,"",2925ET,Krimpen aan den IJssel
Lupine,15,G,"",2925ET,Krimpen aan den IJssel
Lupine,15,H,"",2925ET,Krimpen aan den IJssel
Lupine,15,I,"",2925ET,Krimpen aan den IJssel
Lupine,15,J,"",2925ET,Krimpen aan den IJssel
Lupine,16,"","",2925ET,Krimpen aan den IJssel
Lupine,17,"","",2925ET,Krimpen aan den IJssel
Lupine,18,"","",2925ET,Krimpen aan den IJssel
Lupine,19,"","",2925ET,Krimpen aan den IJssel
Lupine,2,"","",2925ET,Krimpen aan den IJssel
Lupine,20,"","",2925ET,Krimpen aan den IJssel
Lupine,21,"","",2925ET,Krimpen aan den IJssel
Lupine,22,"","",2925ET,Krimpen aan den IJssel
Lupine,23,"","",2925ET,Krimpen aan den IJssel
Lupine,24,"","",2925ET,Krimpen aan den IJssel
Lupine,25,"","",2925ET,Krimpen aan den IJssel
Lupine,26,"","",2925ET,Krimpen aan den IJssel
Lupine,27,"","",2925ET,Krimpen aan den IJssel
Lupine,28,"","",2925ET,Krimpen aan den IJssel
Lupine,3,"","",2925ET,Krimpen aan den IJssel
Lupine,30,"","",2925ET,Krimpen aan den IJssel
Lupine,32,"","",2925ET,Krimpen aan den IJssel
Lupine,34,"","",2925ET,Krimpen aan den IJssel
Lupine,36,"","",2925ET,Krimpen aan den IJssel
Lupine,38,"","",2925ET,Krimpen aan den IJssel
Lupine,4,"","",2925ET,Krimpen aan den IJssel
Lupine,40,"","",2925ET,Krimpen aan den IJssel
Lupine,42,"","",2925ET,Krimpen aan den IJssel
Lupine,44,"","",2925ET,Krimpen aan den IJssel
Lupine,46,"","",2925ET,Krimpen aan den IJssel
Lupine,48,"","",2925ET,Krimpen aan den IJssel
Lupine,5,"","",2925ET,Krimpen aan den IJssel
Lupine,50,"","",2925ET,Krimpen aan den IJssel
Lupine,52,"","",2925ET,Krimpen aan den IJssel
Lupine,54,"","",2925ET,Krimpen aan den IJssel
Lupine,6,"","",2925ET,Krimpen aan den IJssel
Lupine,7,"","",2925ET,Krimpen aan den IJssel
Lupine,8,"","",2925ET,Krimpen aan den IJssel
Lupine,9,"","",2925ET,Krimpen aan den IJssel
Tulp,1,"","",2925EV,Krimpen aan den IJssel
Tulp,11,"","",2925EV,Krimpen aan den IJssel
Tulp,13,"","",2925EV,Krimpen aan den IJssel
Tulp,15,"","",2925EV,Krimpen aan den IJssel
Tulp,17,"","",2925EV,Krimpen aan den IJssel
Tulp,19,"","",2925EV,Krimpen aan den IJssel
Tulp,21,"","",2925EV,Krimpen aan den IJssel
Tulp,23,"","",2925EV,Krimpen aan den IJssel
Tulp,25,"","",2925EV,Krimpen aan den IJssel
Tulp,27,"","",2925EV,Krimpen aan den IJssel
Tulp,29,"","",2925EV,Krimpen aan den IJssel
Tulp,3,"","",2925EV,Krimpen aan den IJssel
Tulp,31,"","",2925EV,Krimpen aan den IJssel
Tulp,33,"","",2925EV,Krimpen aan den IJssel
Tulp,35,"","",2925EV,Krimpen aan den IJssel
Tulp,37,"","",2925EV,Krimpen aan den IJssel
Tulp,39,"","",2925EV,Krimpen aan den IJssel
Tulp,41,"","",2925EV,Krimpen aan den IJssel
Tulp,43,"","",2925EV,Krimpen aan den IJssel
Tulp,45,"","",2925EV,Krimpen aan den IJssel
Tulp,5,"","",2925EV,Krimpen aan den IJssel
Tulp,7,"","",2925EV,Krimpen aan den IJssel
Tulp,9,"","",2925EV,Krimpen aan den IJssel
Tulp,47,"","",2925EW,Krimpen aan den IJssel
Tulp,49,"","",2925EW,Krimpen aan den IJssel
Tulp,51,"","",2925EW,Krimpen aan den IJssel
Tulp,53,"","",2925EW,Krimpen aan den IJssel
Tulp,55,"","",2925EW,Krimpen aan den IJssel
Tulp,57,"","",2925EW,Krimpen aan den IJssel
Tulp,59,"","",2925EW,Krimpen aan den IJssel
Tulp,61,"","",2925EW,Krimpen aan den IJssel
Tulp,63,"","",2925EW,Krimpen aan den IJssel
Tulp,65,"","",2925EW,Krimpen aan den IJssel
Tulp,67,"","",2925EW,Krimpen aan den IJssel
Tulp,69,"","",2925EW,Krimpen aan den IJssel
Tulp,71,"","",2925EW,Krimpen aan den IJssel
Tulp,73,"","",2925EW,Krimpen aan den IJssel
Tulp,75,"","",2925EW,Krimpen aan den IJssel
Tulp,10,"","",2925EX,Krimpen aan den IJssel
Tulp,12,"","",2925EX,Krimpen aan den IJssel
Tulp,14,"","",2925EX,Krimpen aan den IJssel
Tulp,16,"","",2925EX,Krimpen aan den IJssel
Tulp,18,"","",2925EX,Krimpen aan den IJssel
Tulp,2,"","",2925EX,Krimpen aan den IJssel
Tulp,20,"","",2925EX,Krimpen aan den IJssel
Tulp,22,"","",2925EX,Krimpen aan den IJssel
Tulp,4,"","",2925EX,Krimpen aan den IJssel
Tulp,6,"","",2925EX,Krimpen aan den IJssel
Tulp,8,"","",2925EX,Krimpen aan den IJssel
Zonnebloem,1,"","",2925EZ,Krimpen aan den IJssel
Zonnebloem,10,"","",2925EZ,Krimpen aan den IJssel
Zonnebloem,101,"","",2925EZ,Krimpen aan den IJssel
Zonnebloem,103,"","",2925EZ,Krimpen aan den IJssel
Zonnebloem,105,"","",2925EZ,Krimpen aan den IJssel
Zonnebloem,107,"","",2925EZ,Krimpen aan den IJssel
Zonnebloem,109,"","",2925EZ,Krimpen aan den IJssel
Zonnebloem,11,"","",2925EZ,Krimpen aan den IJssel
Zonnebloem,12,"","",2925EZ,Krimpen aan den IJssel
Zonnebloem,13,"","",2925EZ,Krimpen aan den IJssel
Zonnebloem,14,"","",2925EZ,Krimpen aan den IJssel
Zonnebloem,15,"","",2925EZ,Krimpen aan den IJssel
Zonnebloem,16,"","",2925EZ,Krimpen aan den IJssel
Zonnebloem,17,"","",2925EZ,Krimpen aan den IJssel
Zonnebloem,18,"","",2925EZ,Krimpen aan den IJssel
Zonnebloem,19,"","",2925EZ,Krimpen aan den IJssel
Zonnebloem,2,"","",2925EZ,Krimpen aan den IJssel
Zonnebloem,20,"","",2925EZ,Krimpen aan den IJssel
Zonnebloem,21,"","",2925EZ,Krimpen aan den IJssel
Zonnebloem,22,"","",2925EZ,Krimpen aan den IJssel
Zonnebloem,23,"","",2925EZ,Krimpen aan den IJssel
Zonnebloem,24,"","",2925EZ,Krimpen aan den IJssel
Zonnebloem,25,"","",2925EZ,Krimpen aan den IJssel
Zonnebloem,26,"","",2925EZ,Krimpen aan den IJssel
Zonnebloem,27,"","",2925EZ,Krimpen aan den IJssel
Zonnebloem,28,"","",2925EZ,Krimpen aan den IJssel
Zonnebloem,29,"","",2925EZ,Krimpen aan den IJssel
Zonnebloem,3,"","",2925EZ,Krimpen aan den IJssel
Zonnebloem,30,"","",2925EZ,Krimpen aan den IJssel
Zonnebloem,31,"","",2925EZ,Krimpen aan den IJssel
Zonnebloem,32,"","",2925EZ,Krimpen aan den IJssel
Zonnebloem,33,"","",2925EZ,Krimpen aan den IJssel
Zonnebloem,34,"","",2925EZ,Krimpen aan den IJssel
Zonnebloem,35,"","",2925EZ,Krimpen aan den IJssel
Zonnebloem,36,"","",2925EZ,Krimpen aan den IJssel
Zonnebloem,37,"","",2925EZ,Krimpen aan den IJssel
Zonnebloem,38,"","",2925EZ,Krimpen aan den IJssel
Zonnebloem,39,"","",2925EZ,Krimpen aan den IJssel
Zonnebloem,4,"","",2925EZ,Krimpen aan den IJssel
Zonnebloem,40,"","",2925EZ,Krimpen aan den IJssel
Zonnebloem,41,"","",2925EZ,Krimpen aan den IJssel
Zonnebloem,43,"","",2925EZ,Krimpen aan den IJssel
Zonnebloem,44,"","",2925EZ,Krimpen aan den IJssel
Zonnebloem,45,"","",2925EZ,Krimpen aan den IJssel
Zonnebloem,46,"","",2925EZ,Krimpen aan den IJssel
Zonnebloem,47,"","",2925EZ,Krimpen aan den IJssel
Zonnebloem,48,"","",2925EZ,Krimpen aan den IJssel
Zonnebloem,49,"","",2925EZ,Krimpen aan den IJssel
Zonnebloem,5,"","",2925EZ,Krimpen aan den IJssel
Zonnebloem,50,"","",2925EZ,Krimpen aan den IJssel
Zonnebloem,51,"","",2925EZ,Krimpen aan den IJssel
Zonnebloem,52,"","",2925EZ,Krimpen aan den IJssel
Zonnebloem,53,"","",2925EZ,Krimpen aan den IJssel
Zonnebloem,54,"","",2925EZ,Krimpen aan den IJssel
Zonnebloem,55,"","",2925EZ,Krimpen aan den IJssel
Zonnebloem,56,"","",2925EZ,Krimpen aan den IJssel
Zonnebloem,57,"","",2925EZ,Krimpen aan den IJssel
Zonnebloem,58,"","",2925EZ,Krimpen aan den IJssel
Zonnebloem,59,"","",2925EZ,Krimpen aan den IJssel
Zonnebloem,6,"","",2925EZ,Krimpen aan den IJssel
Zonnebloem,60,"","",2925EZ,Krimpen aan den IJssel
Zonnebloem,61,"","",2925EZ,Krimpen aan den IJssel
Zonnebloem,62,"","",2925EZ,Krimpen aan den IJssel
Zonnebloem,63,"","",2925EZ,Krimpen aan den IJssel
Zonnebloem,64,"","",2925EZ,Krimpen aan den IJssel
Zonnebloem,65,"","",2925EZ,Krimpen aan den IJssel
Zonnebloem,66,"","",2925EZ,Krimpen aan den IJssel
Zonnebloem,67,"","",2925EZ,Krimpen aan den IJssel
Zonnebloem,68,"","",2925EZ,Krimpen aan den IJssel
Zonnebloem,69,"","",2925EZ,Krimpen aan den IJssel
Zonnebloem,7,"","",2925EZ,Krimpen aan den IJssel
Zonnebloem,70,"","",2925EZ,Krimpen aan den IJssel
Zonnebloem,71,"","",2925EZ,Krimpen aan den IJssel
Zonnebloem,72,"","",2925EZ,Krimpen aan den IJssel
Zonnebloem,73,"","",2925EZ,Krimpen aan den IJssel
Zonnebloem,75,"","",2925EZ,Krimpen aan den IJssel
Zonnebloem,77,"","",2925EZ,Krimpen aan den IJssel
Zonnebloem,79,"","",2925EZ,Krimpen aan den IJssel
Zonnebloem,8,"","",2925EZ,Krimpen aan den IJssel
Zonnebloem,81,"","",2925EZ,Krimpen aan den IJssel
Zonnebloem,83,"","",2925EZ,Krimpen aan den IJssel
Zonnebloem,85,"","",2925EZ,Krimpen aan den IJssel
Zonnebloem,87,"","",2925EZ,Krimpen aan den IJssel
Zonnebloem,89,"","",2925EZ,Krimpen aan den IJssel
Zonnebloem,9,"","",2925EZ,Krimpen aan den IJssel
Zonnebloem,91,"","",2925EZ,Krimpen aan den IJssel
Zonnebloem,93,"","",2925EZ,Krimpen aan den IJssel
Zonnebloem,95,"","",2925EZ,Krimpen aan den IJssel
Zonnebloem,97,"","",2925EZ,Krimpen aan den IJssel
Zonnebloem,99,"","",2925EZ,Krimpen aan den IJssel
Edisonstraat,1,A,"",2925LA,Krimpen aan den IJssel
Edisonstraat,1,A,"",2925LA,Krimpen aan den IJssel
Edisonstraat,1,B,"",2925LA,Krimpen aan den IJssel
Edisonstraat,1,B,"",2925LA,Krimpen aan den IJssel
Edisonstraat,1,C,"",2925LA,Krimpen aan den IJssel
Edisonstraat,2,"","",2925LA,Krimpen aan den IJssel
Edisonstraat,3,"","",2925LA,Krimpen aan den IJssel
Edisonstraat,4,"","",2925LA,Krimpen aan den IJssel
Edisonstraat,5,"","",2925LA,Krimpen aan den IJssel
Edisonstraat,6,"","",2925LA,Krimpen aan den IJssel
Edisonstraat,7,"","",2925LA,Krimpen aan den IJssel
Krimpenerbosweg,1,"","",2925LB,Krimpen aan den IJssel
C G Roosweg,20,"","",2925LC,Krimpen aan den IJssel
C G Roosweg,20,"","",2925LC,Krimpen aan den IJssel
C G Roosweg,20,"","",2925LC,Krimpen aan den IJssel
C G Roosweg,20,"","",2925LC,Krimpen aan den IJssel
Vingerhoedskruid,1,"","",2925SK,Krimpen aan den IJssel
Vingerhoedskruid,10,"","",2925SK,Krimpen aan den IJssel
Vingerhoedskruid,11,"","",2925SK,Krimpen aan den IJssel
Vingerhoedskruid,12,"","",2925SK,Krimpen aan den IJssel
Vingerhoedskruid,13,"","",2925SK,Krimpen aan den IJssel
Vingerhoedskruid,14,"","",2925SK,Krimpen aan den IJssel
Vingerhoedskruid,15,"","",2925SK,Krimpen aan den IJssel
Vingerhoedskruid,16,"","",2925SK,Krimpen aan den IJssel
Vingerhoedskruid,2,"","",2925SK,Krimpen aan den IJssel
Vingerhoedskruid,3,"","",2925SK,Krimpen aan den IJssel
Vingerhoedskruid,4,"","",2925SK,Krimpen aan den IJssel
Vingerhoedskruid,5,"","",2925SK,Krimpen aan den IJssel
Vingerhoedskruid,6,"","",2925SK,Krimpen aan den IJssel
Vingerhoedskruid,7,"","",2925SK,Krimpen aan den IJssel
Vingerhoedskruid,8,"","",2925SK,Krimpen aan den IJssel
Vingerhoedskruid,9,"","",2925SK,Krimpen aan den IJssel
Bazielkruid,1,"","",2925SL,Krimpen aan den IJssel
Bazielkruid,10,"","",2925SL,Krimpen aan den IJssel
Bazielkruid,11,"","",2925SL,Krimpen aan den IJssel
Bazielkruid,12,"","",2925SL,Krimpen aan den IJssel
Bazielkruid,13,"","",2925SL,Krimpen aan den IJssel
Bazielkruid,14,"","",2925SL,Krimpen aan den IJssel
Bazielkruid,15,"","",2925SL,Krimpen aan den IJssel
Bazielkruid,16,"","",2925SL,Krimpen aan den IJssel
Bazielkruid,17,"","",2925SL,Krimpen aan den IJssel
Bazielkruid,18,"","",2925SL,Krimpen aan den IJssel
Bazielkruid,19,"","",2925SL,Krimpen aan den IJssel
Bazielkruid,2,"","",2925SL,Krimpen aan den IJssel
Bazielkruid,20,"","",2925SL,Krimpen aan den IJssel
Bazielkruid,21,"","",2925SL,Krimpen aan den IJssel
Bazielkruid,22,"","",2925SL,Krimpen aan den IJssel
Bazielkruid,23,"","",2925SL,Krimpen aan den IJssel
Bazielkruid,24,"","",2925SL,Krimpen aan den IJssel
Bazielkruid,25,"","",2925SL,Krimpen aan den IJssel
Bazielkruid,26,"","",2925SL,Krimpen aan den IJssel
Bazielkruid,27,"","",2925SL,Krimpen aan den IJssel
Bazielkruid,28,"","",2925SL,Krimpen aan den IJssel
Bazielkruid,29,"","",2925SL,Krimpen aan den IJssel
Bazielkruid,3,"","",2925SL,Krimpen aan den IJssel
Bazielkruid,30,"","",2925SL,Krimpen aan den IJssel
Bazielkruid,31,"","",2925SL,Krimpen aan den IJssel
Bazielkruid,32,"","",2925SL,Krimpen aan den IJssel
Bazielkruid,33,"","",2925SL,Krimpen aan den IJssel
Bazielkruid,34,"","",2925SL,Krimpen aan den IJssel
Bazielkruid,35,"","",2925SL,Krimpen aan den IJssel
Bazielkruid,4,"","",2925SL,Krimpen aan den IJssel
Bazielkruid,5,"","",2925SL,Krimpen aan den IJssel
Bazielkruid,6,"","",2925SL,Krimpen aan den IJssel
Bazielkruid,7,"","",2925SL,Krimpen aan den IJssel
Bazielkruid,8,"","",2925SL,Krimpen aan den IJssel
Bazielkruid,9,"","",2925SL,Krimpen aan den IJssel
Bazielkruid,36,"","",2925SM,Krimpen aan den IJssel
Bazielkruid,37,"","",2925SM,Krimpen aan den IJssel
Bazielkruid,38,"","",2925SM,Krimpen aan den IJssel
Bazielkruid,39,"","",2925SM,Krimpen aan den IJssel
Bazielkruid,40,"","",2925SM,Krimpen aan den IJssel
Bazielkruid,41,"","",2925SM,Krimpen aan den IJssel
Bazielkruid,42,"","",2925SM,Krimpen aan den IJssel
Bazielkruid,43,"","",2925SM,Krimpen aan den IJssel
Bazielkruid,44,"","",2925SM,Krimpen aan den IJssel
Bazielkruid,45,"","",2925SM,Krimpen aan den IJssel
Bazielkruid,46,"","",2925SM,Krimpen aan den IJssel
Bazielkruid,47,"","",2925SM,Krimpen aan den IJssel
Bazielkruid,48,"","",2925SM,Krimpen aan den IJssel
Bazielkruid,49,"","",2925SM,Krimpen aan den IJssel
Bazielkruid,50,"","",2925SM,Krimpen aan den IJssel
Bazielkruid,51,"","",2925SM,Krimpen aan den IJssel
Bazielkruid,52,"","",2925SM,Krimpen aan den IJssel
Bazielkruid,53,"","",2925SM,Krimpen aan den IJssel
Bazielkruid,54,"","",2925SM,Krimpen aan den IJssel
Bazielkruid,55,"","",2925SM,Krimpen aan den IJssel
Bazielkruid,56,"","",2925SM,Krimpen aan den IJssel
Bazielkruid,57,"","",2925SM,Krimpen aan den IJssel
Bazielkruid,58,"","",2925SM,Krimpen aan den IJssel
Bazielkruid,59,"","",2925SM,Krimpen aan den IJssel
Bazielkruid,60,"","",2925SM,Krimpen aan den IJssel
Bazielkruid,61,"","",2925SM,Krimpen aan den IJssel
Bazielkruid,62,"","",2925SM,Krimpen aan den IJssel
Bazielkruid,63,"","",2925SM,Krimpen aan den IJssel
Bazielkruid,64,"","",2925SM,Krimpen aan den IJssel
Bazielkruid,65,"","",2925SM,Krimpen aan den IJssel
Bazielkruid,66,"","",2925SM,Krimpen aan den IJssel
Bazielkruid,67,"","",2925SM,Krimpen aan den IJssel
Bazielkruid,68,"","",2925SM,Krimpen aan den IJssel
Bazielkruid,69,"","",2925SM,Krimpen aan den IJssel
Bazielkruid,70,"","",2925SM,Krimpen aan den IJssel
Bazielkruid,71,"","",2925SM,Krimpen aan den IJssel
Bazielkruid,72,"","",2925SM,Krimpen aan den IJssel
Bazielkruid,73,"","",2925SM,Krimpen aan den IJssel
Bazielkruid,74,"","",2925SM,Krimpen aan den IJssel
Bazielkruid,75,"","",2925SM,Krimpen aan den IJssel
Bazielkruid,76,"","",2925SM,Krimpen aan den IJssel
Bazielkruid,77,"","",2925SM,Krimpen aan den IJssel
Bazielkruid,78,"","",2925SM,Krimpen aan den IJssel
Bazielkruid,79,"","",2925SM,Krimpen aan den IJssel
Bazielkruid,80,"","",2925SM,Krimpen aan den IJssel
Bazielkruid,81,"","",2925SM,Krimpen aan den IJssel
Bazielkruid,82,"","",2925SM,Krimpen aan den IJssel
Bazielkruid,83,"","",2925SM,Krimpen aan den IJssel
Bazielkruid,84,"","",2925SM,Krimpen aan den IJssel
Bazielkruid,85,"","",2925SM,Krimpen aan den IJssel
Bazielkruid,86,"","",2925SM,Krimpen aan den IJssel
Bazielkruid,87,"","",2925SM,Krimpen aan den IJssel
Bazielkruid,88,"","",2925SM,Krimpen aan den IJssel
Bazielkruid,89,"","",2925SM,Krimpen aan den IJssel
Bazielkruid,90,"","",2925SM,Krimpen aan den IJssel
Bazielkruid,91,"","",2925SM,Krimpen aan den IJssel
Tijm,1,"","",2925SN,Krimpen aan den IJssel
Tijm,1,B,"",2925SN,Krimpen aan den IJssel
Tijm,1,C,"",2925SN,Krimpen aan den IJssel
Tijm,10,"","",2925SN,Krimpen aan den IJssel
Tijm,11,"","",2925SN,Krimpen aan den IJssel
Tijm,12,"","",2925SN,Krimpen aan den IJssel
Tijm,13,"","",2925SN,Krimpen aan den IJssel
Tijm,14,"","",2925SN,Krimpen aan den IJssel
Tijm,15,"","",2925SN,Krimpen aan den IJssel
Tijm,16,"","",2925SN,Krimpen aan den IJssel
Tijm,17,"","",2925SN,Krimpen aan den IJssel
Tijm,18,"","",2925SN,Krimpen aan den IJssel
Tijm,19,"","",2925SN,Krimpen aan den IJssel
Tijm,2,"","",2925SN,Krimpen aan den IJssel
Tijm,20,"","",2925SN,Krimpen aan den IJssel
Tijm,21,"","",2925SN,Krimpen aan den IJssel
Tijm,22,"","",2925SN,Krimpen aan den IJssel
Tijm,23,"","",2925SN,Krimpen aan den IJssel
Tijm,24,"","",2925SN,Krimpen aan den IJssel
Tijm,25,"","",2925SN,Krimpen aan den IJssel
Tijm,26,"","",2925SN,Krimpen aan den IJssel
Tijm,27,"","",2925SN,Krimpen aan den IJssel
Tijm,28,"","",2925SN,Krimpen aan den IJssel
Tijm,3,"","",2925SN,Krimpen aan den IJssel
Tijm,4,"","",2925SN,Krimpen aan den IJssel
Tijm,5,"","",2925SN,Krimpen aan den IJssel
Tijm,6,"","",2925SN,Krimpen aan den IJssel
Tijm,7,"","",2925SN,Krimpen aan den IJssel
Tijm,8,"","",2925SN,Krimpen aan den IJssel
Tijm,9,"","",2925SN,Krimpen aan den IJssel
Tijm,29,"","",2925SP,Krimpen aan den IJssel
Tijm,30,"","",2925SP,Krimpen aan den IJssel
Tijm,31,"","",2925SP,Krimpen aan den IJssel
Tijm,32,"","",2925SP,Krimpen aan den IJssel
Tijm,33,"","",2925SP,Krimpen aan den IJssel
Tijm,34,"","",2925SP,Krimpen aan den IJssel
Tijm,35,"","",2925SP,Krimpen aan den IJssel
Tijm,36,"","",2925SP,Krimpen aan den IJssel
Tijm,37,"","",2925SP,Krimpen aan den IJssel
Tijm,38,"","",2925SP,Krimpen aan den IJssel
Tijm,39,"","",2925SP,Krimpen aan den IJssel
Tijm,40,"","",2925SP,Krimpen aan den IJssel
Tijm,41,"","",2925SP,Krimpen aan den IJssel
Tijm,42,"","",2925SP,Krimpen aan den IJssel
Tijm,43,"","",2925SP,Krimpen aan den IJssel
Tijm,44,"","",2925SP,Krimpen aan den IJssel
Tijm,45,"","",2925SP,Krimpen aan den IJssel
Tijm,46,"","",2925SP,Krimpen aan den IJssel
Tijm,47,"","",2925SP,Krimpen aan den IJssel
Tijm,48,"","",2925SP,Krimpen aan den IJssel
Tijm,49,"","",2925SP,Krimpen aan den IJssel
Tijm,50,"","",2925SP,Krimpen aan den IJssel
Tijm,51,"","",2925SP,Krimpen aan den IJssel
Tijm,52,"","",2925SP,Krimpen aan den IJssel
Oleander,1,"","",2925TA,Krimpen aan den IJssel
Oleander,10,"","",2925TA,Krimpen aan den IJssel
Oleander,12,"","",2925TA,Krimpen aan den IJssel
Oleander,14,"","",2925TA,Krimpen aan den IJssel
Oleander,2,"","",2925TA,Krimpen aan den IJssel
Oleander,3,"","",2925TA,Krimpen aan den IJssel
Oleander,4,"","",2925TA,Krimpen aan den IJssel
Oleander,5,"","",2925TA,Krimpen aan den IJssel
Oleander,6,"","",2925TA,Krimpen aan den IJssel
Oleander,7,"","",2925TA,Krimpen aan den IJssel
Oleander,8,"","",2925TA,Krimpen aan den IJssel
Oleander,9,"","",2925TA,Krimpen aan den IJssel
Ridderspoor,1,"","",2925TB,Krimpen aan den IJssel
Ridderspoor,10,"","",2925TB,Krimpen aan den IJssel
Ridderspoor,11,"","",2925TB,Krimpen aan den IJssel
Ridderspoor,12,"","",2925TB,Krimpen aan den IJssel
Ridderspoor,13,"","",2925TB,Krimpen aan den IJssel
Ridderspoor,14,"","",2925TB,Krimpen aan den IJssel
Ridderspoor,15,"","",2925TB,Krimpen aan den IJssel
Ridderspoor,16,"","",2925TB,Krimpen aan den IJssel
Ridderspoor,17,"","",2925TB,Krimpen aan den IJssel
Ridderspoor,18,"","",2925TB,Krimpen aan den IJssel
Ridderspoor,2,"","",2925TB,Krimpen aan den IJssel
Ridderspoor,3,"","",2925TB,Krimpen aan den IJssel
Ridderspoor,4,"","",2925TB,Krimpen aan den IJssel
Ridderspoor,5,"","",2925TB,Krimpen aan den IJssel
Ridderspoor,6,"","",2925TB,Krimpen aan den IJssel
Ridderspoor,7,"","",2925TB,Krimpen aan den IJssel
Ridderspoor,8,"","",2925TB,Krimpen aan den IJssel
Ridderspoor,9,"","",2925TB,Krimpen aan den IJssel
Rozemarijn,1,"","",2925TC,Krimpen aan den IJssel
Rozemarijn,2,"","",2925TC,Krimpen aan den IJssel
Rozemarijn,3,"","",2925TC,Krimpen aan den IJssel
Rozemarijn,4,"","",2925TC,Krimpen aan den IJssel
Rozemarijn,5,"","",2925TC,Krimpen aan den IJssel
Rozemarijn,6,"","",2925TC,Krimpen aan den IJssel
Rozemarijn,7,"","",2925TC,Krimpen aan den IJssel
Rozemarijn,8,"","",2925TC,Krimpen aan den IJssel
Ranonkel,1,"","",2925TD,Krimpen aan den IJssel
Ranonkel,10,"","",2925TD,Krimpen aan den IJssel
Ranonkel,12,"","",2925TD,Krimpen aan den IJssel
Ranonkel,2,"","",2925TD,Krimpen aan den IJssel
Ranonkel,3,"","",2925TD,Krimpen aan den IJssel
Ranonkel,4,"","",2925TD,Krimpen aan den IJssel
Ranonkel,5,"","",2925TD,Krimpen aan den IJssel
Ranonkel,6,"","",2925TD,Krimpen aan den IJssel
Ranonkel,7,"","",2925TD,Krimpen aan den IJssel
Ranonkel,8,"","",2925TD,Krimpen aan den IJssel
Violier,1,"","",2925TE,Krimpen aan den IJssel
Violier,10,"","",2925TE,Krimpen aan den IJssel
Violier,12,"","",2925TE,Krimpen aan den IJssel
Violier,2,"","",2925TE,Krimpen aan den IJssel
Violier,3,"","",2925TE,Krimpen aan den IJssel
Violier,4,"","",2925TE,Krimpen aan den IJssel
Violier,5,"","",2925TE,Krimpen aan den IJssel
Violier,6,"","",2925TE,Krimpen aan den IJssel
Violier,7,"","",2925TE,Krimpen aan den IJssel
Violier,8,"","",2925TE,Krimpen aan den IJssel
Violier,9,"","",2925TE,Krimpen aan den IJssel
Kamille,2,"","",2925TG,Krimpen aan den IJssel
Kamille,4,"","",2925TG,Krimpen aan den IJssel
Kamille,6,"","",2925TG,Krimpen aan den IJssel
Kamille,8,"","",2925TG,Krimpen aan den IJssel
Lotus,1,"","",2925TH,Krimpen aan den IJssel
Lotus,2,"","",2925TH,Krimpen aan den IJssel
Lotus,3,"","",2925TH,Krimpen aan den IJssel
Lotus,4,"","",2925TH,Krimpen aan den IJssel
Lotus,5,"","",2925TH,Krimpen aan den IJssel
Lotus,6,"","",2925TH,Krimpen aan den IJssel
Waterkers,1,"","",2925TJ,Krimpen aan den IJssel
Waterkers,10,"","",2925TJ,Krimpen aan den IJssel
Waterkers,12,"","",2925TJ,Krimpen aan den IJssel
Waterkers,14,"","",2925TJ,Krimpen aan den IJssel
Waterkers,16,"","",2925TJ,Krimpen aan den IJssel
Waterkers,18,"","",2925TJ,Krimpen aan den IJssel
Waterkers,2,"","",2925TJ,Krimpen aan den IJssel
Waterkers,20,"","",2925TJ,Krimpen aan den IJssel
Waterkers,22,"","",2925TJ,Krimpen aan den IJssel
Waterkers,24,"","",2925TJ,Krimpen aan den IJssel
Waterkers,26,"","",2925TJ,Krimpen aan den IJssel
Waterkers,28,"","",2925TJ,Krimpen aan den IJssel
Waterkers,3,"","",2925TJ,Krimpen aan den IJssel
Waterkers,30,"","",2925TJ,Krimpen aan den IJssel
Waterkers,32,"","",2925TJ,Krimpen aan den IJssel
Waterkers,34,"","",2925TJ,Krimpen aan den IJssel
Waterkers,36,"","",2925TJ,Krimpen aan den IJssel
Waterkers,38,"","",2925TJ,Krimpen aan den IJssel
Waterkers,4,"","",2925TJ,Krimpen aan den IJssel
Waterkers,40,"","",2925TJ,Krimpen aan den IJssel
Waterkers,5,"","",2925TJ,Krimpen aan den IJssel
Waterkers,6,"","",2925TJ,Krimpen aan den IJssel
Waterkers,7,"","",2925TJ,Krimpen aan den IJssel
Waterkers,8,"","",2925TJ,Krimpen aan den IJssel
Waterkers,9,"","",2925TJ,Krimpen aan den IJssel
Lavendel,11,"","",2925VA,Krimpen aan den IJssel
Lavendel,13,"","",2925VA,Krimpen aan den IJssel
Lavendel,15,"","",2925VA,Krimpen aan den IJssel
Lavendel,17,"","",2925VA,Krimpen aan den IJssel
Lavendel,19,"","",2925VA,Krimpen aan den IJssel
Lavendel,21,"","",2925VA,Krimpen aan den IJssel
Lavendel,23,"","",2925VA,Krimpen aan den IJssel
Lavendel,25,"","",2925VA,Krimpen aan den IJssel
Lavendel,27,"","",2925VA,Krimpen aan den IJssel
Lavendel,29,"","",2925VA,Krimpen aan den IJssel
Lavendel,3,"","",2925VA,Krimpen aan den IJssel
Lavendel,31,"","",2925VA,Krimpen aan den IJssel
Lavendel,33,"","",2925VA,Krimpen aan den IJssel
Lavendel,35,"","",2925VA,Krimpen aan den IJssel
Lavendel,37,"","",2925VA,Krimpen aan den IJssel
Lavendel,39,"","",2925VA,Krimpen aan den IJssel
Lavendel,41,"","",2925VA,Krimpen aan den IJssel
Lavendel,43,"","",2925VA,Krimpen aan den IJssel
Lavendel,45,"","",2925VA,Krimpen aan den IJssel
Lavendel,47,"","",2925VA,Krimpen aan den IJssel
Lavendel,49,"","",2925VA,Krimpen aan den IJssel
Lavendel,5,"","",2925VA,Krimpen aan den IJssel
Lavendel,7,"","",2925VA,Krimpen aan den IJssel
Lavendel,9,"","",2925VA,Krimpen aan den IJssel
Lavendel,51,"","",2925VB,Krimpen aan den IJssel
Lavendel,53,"","",2925VB,Krimpen aan den IJssel
Lavendel,55,"","",2925VB,Krimpen aan den IJssel
Lavendel,57,"","",2925VB,Krimpen aan den IJssel
Lavendel,59,"","",2925VB,Krimpen aan den IJssel
Lavendel,61,"","",2925VB,Krimpen aan den IJssel
Lavendel,63,"","",2925VB,Krimpen aan den IJssel
Lavendel,65,"","",2925VB,Krimpen aan den IJssel
Lavendel,67,"","",2925VB,Krimpen aan den IJssel
Lavendel,69,"","",2925VB,Krimpen aan den IJssel
Lavendel,71,"","",2925VB,Krimpen aan den IJssel
Lavendel,73,"","",2925VB,Krimpen aan den IJssel
Lavendel,75,"","",2925VB,Krimpen aan den IJssel
Lavendel,77,"","",2925VB,Krimpen aan den IJssel
Lavendel,10,"","",2925VC,Krimpen aan den IJssel
Lavendel,12,"","",2925VC,Krimpen aan den IJssel
Lavendel,14,"","",2925VC,Krimpen aan den IJssel
Lavendel,16,"","",2925VC,Krimpen aan den IJssel
Lavendel,18,"","",2925VC,Krimpen aan den IJssel
Lavendel,2,"","",2925VC,Krimpen aan den IJssel
Lavendel,20,"","",2925VC,Krimpen aan den IJssel
Lavendel,22,"","",2925VC,Krimpen aan den IJssel
Lavendel,24,"","",2925VC,Krimpen aan den IJssel
Lavendel,26,"","",2925VC,Krimpen aan den IJssel
Lavendel,28,"","",2925VC,Krimpen aan den IJssel
Lavendel,30,"","",2925VC,Krimpen aan den IJssel
Lavendel,32,"","",2925VC,Krimpen aan den IJssel
Lavendel,34,"","",2925VC,Krimpen aan den IJssel
Lavendel,36,"","",2925VC,Krimpen aan den IJssel
Lavendel,38,"","",2925VC,Krimpen aan den IJssel
Lavendel,4,"","",2925VC,Krimpen aan den IJssel
Lavendel,40,"","",2925VC,Krimpen aan den IJssel
Lavendel,6,"","",2925VC,Krimpen aan den IJssel
Lavendel,8,"","",2925VC,Krimpen aan den IJssel
Lavendel,42,"","",2925VD,Krimpen aan den IJssel
Lavendel,44,"","",2925VD,Krimpen aan den IJssel
Lavendel,46,"","",2925VD,Krimpen aan den IJssel
Lavendel,48,"","",2925VD,Krimpen aan den IJssel
Lavendel,50,"","",2925VD,Krimpen aan den IJssel
Lavendel,52,"","",2925VD,Krimpen aan den IJssel
Lavendel,54,"","",2925VD,Krimpen aan den IJssel
Lavendel,56,"","",2925VD,Krimpen aan den IJssel
Lavendel,58,"","",2925VD,Krimpen aan den IJssel
Lavendel,60,"","",2925VD,Krimpen aan den IJssel
Lavendel,62,"","",2925VD,Krimpen aan den IJssel
Lavendel,64,"","",2925VD,Krimpen aan den IJssel
Lavendel,66,"","",2925VD,Krimpen aan den IJssel
Lavendel,68,"","",2925VD,Krimpen aan den IJssel
Lavendel,70,"","",2925VD,Krimpen aan den IJssel
Lavendel,72,"","",2925VD,Krimpen aan den IJssel
Lavendel,74,"","",2925VD,Krimpen aan den IJssel
Lavendel,76,"","",2925VD,Krimpen aan den IJssel
Lavendel,78,"","",2925VD,Krimpen aan den IJssel
Lavendel,80,"","",2925VD,Krimpen aan den IJssel
Lavendel,82,"","",2925VD,Krimpen aan den IJssel
Lavendel,84,"","",2925VD,Krimpen aan den IJssel
Lavendel,100,"","",2925VE,Krimpen aan den IJssel
Lavendel,102,"","",2925VE,Krimpen aan den IJssel
Lavendel,104,"","",2925VE,Krimpen aan den IJssel
Lavendel,106,"","",2925VE,Krimpen aan den IJssel
Lavendel,108,"","",2925VE,Krimpen aan den IJssel
Lavendel,110,"","",2925VE,Krimpen aan den IJssel
Lavendel,112,"","",2925VE,Krimpen aan den IJssel
Lavendel,114,"","",2925VE,Krimpen aan den IJssel
Lavendel,116,"","",2925VE,Krimpen aan den IJssel
Lavendel,118,"","",2925VE,Krimpen aan den IJssel
Lavendel,120,"","",2925VE,Krimpen aan den IJssel
Lavendel,122,"","",2925VE,Krimpen aan den IJssel
Lavendel,124,"","",2925VE,Krimpen aan den IJssel
Lavendel,126,"","",2925VE,Krimpen aan den IJssel
Lavendel,128,"","",2925VE,Krimpen aan den IJssel
Lavendel,86,"","",2925VE,Krimpen aan den IJssel
Lavendel,88,"","",2925VE,Krimpen aan den IJssel
Lavendel,90,"","",2925VE,Krimpen aan den IJssel
Lavendel,92,"","",2925VE,Krimpen aan den IJssel
Lavendel,94,"","",2925VE,Krimpen aan den IJssel
Lavendel,96,"","",2925VE,Krimpen aan den IJssel
Lavendel,98,"","",2925VE,Krimpen aan den IJssel
Vijverlaan,441,"","",2925VG,Krimpen aan den IJssel
Vijverlaan,443,"","",2925VG,Krimpen aan den IJssel
Vijverlaan,445,"","",2925VG,Krimpen aan den IJssel
Vijverlaan,447,"","",2925VG,Krimpen aan den IJssel
Vijverlaan,449,"","",2925VG,Krimpen aan den IJssel
Vijverlaan,449,A,"",2925VG,Krimpen aan den IJssel
Vijverlaan,449,B,"",2925VG,Krimpen aan den IJssel
Vijverlaan,449,C,"",2925VG,Krimpen aan den IJssel
Vijverlaan,449,D,"",2925VG,Krimpen aan den IJssel
Vijverlaan,449,E,"",2925VG,Krimpen aan den IJssel
Vijverlaan,449,F,"",2925VG,Krimpen aan den IJssel
Vijverlaan,449,G,"",2925VG,Krimpen aan den IJssel
Vijverlaan,449,H,"",2925VG,Krimpen aan den IJssel
Vijverlaan,451,"","",2925VG,Krimpen aan den IJssel
Vijverlaan,453,"","",2925VG,Krimpen aan den IJssel
Vijverlaan,455,"","",2925VG,Krimpen aan den IJssel
Vijverlaan,457,"","",2925VG,Krimpen aan den IJssel
Vijverlaan,459,"","",2925VG,Krimpen aan den IJssel
Vijverlaan,461,"","",2925VG,Krimpen aan den IJssel
Vijverlaan,463,"","",2925VG,Krimpen aan den IJssel
Vijverlaan,465,"","",2925VG,Krimpen aan den IJssel
Vijverlaan,465,A,"",2925VG,Krimpen aan den IJssel
Vijverlaan,465,B,"",2925VG,Krimpen aan den IJssel
Vijverlaan,465,C,"",2925VG,Krimpen aan den IJssel
Vijverlaan,465,D,"",2925VG,Krimpen aan den IJssel
Vijverlaan,465,E,"",2925VG,Krimpen aan den IJssel
Vijverlaan,467,"","",2925VG,Krimpen aan den IJssel
Vijverlaan,469,"","",2925VG,Krimpen aan den IJssel
Vijverlaan,471,"","",2925VG,Krimpen aan den IJssel
Vijverlaan,473,"","",2925VG,Krimpen aan den IJssel
Vijverlaan,475,"","",2925VG,Krimpen aan den IJssel
Vijverlaan,477,"","",2925VG,Krimpen aan den IJssel
Vijverlaan,477,A,"",2925VG,Krimpen aan den IJssel
Vijverlaan,477,B,"",2925VG,Krimpen aan den IJssel
Vijverlaan,477,C,"",2925VG,Krimpen aan den IJssel
Vijverlaan,477,D,"",2925VG,Krimpen aan den IJssel
Vijverlaan,477,E,"",2925VG,Krimpen aan den IJssel
Vijverlaan,477,F,"",2925VG,Krimpen aan den IJssel
Vijverlaan,477,G,"",2925VG,Krimpen aan den IJssel
Vijverlaan,479,"","",2925VG,Krimpen aan den IJssel
Vijverlaan,481,"","",2925VG,Krimpen aan den IJssel
Vijverlaan,483,"","",2925VG,Krimpen aan den IJssel
Vijverlaan,485,"","",2925VH,Krimpen aan den IJssel
Vijverlaan,487,"","",2925VH,Krimpen aan den IJssel
Vijverlaan,489,"","",2925VH,Krimpen aan den IJssel
Vijverlaan,491,"","",2925VH,Krimpen aan den IJssel
Vijverlaan,493,"","",2925VH,Krimpen aan den IJssel
Vijverlaan,493,A,"",2925VH,Krimpen aan den IJssel
Vijverlaan,493,B,"",2925VH,Krimpen aan den IJssel
Vijverlaan,493,C,"",2925VH,Krimpen aan den IJssel
Vijverlaan,493,D,"",2925VH,Krimpen aan den IJssel
Vijverlaan,493,E,"",2925VH,Krimpen aan den IJssel
Vijverlaan,495,"","",2925VH,Krimpen aan den IJssel
Vijverlaan,497,"","",2925VH,Krimpen aan den IJssel
Vijverlaan,499,"","",2925VH,Krimpen aan den IJssel
Vijverlaan,501,"","",2925VH,Krimpen aan den IJssel
Vijverlaan,503,"","",2925VH,Krimpen aan den IJssel
Vijverlaan,505,"","",2925VH,Krimpen aan den IJssel
Vijverlaan,507,"","",2925VH,Krimpen aan den IJssel
Vijverlaan,509,"","",2925VH,Krimpen aan den IJssel
Vijverlaan,511,"","",2925VH,Krimpen aan den IJssel
Vijverlaan,513,"","",2925VH,Krimpen aan den IJssel
Vijverlaan,515,"","",2925VJ,Krimpen aan den IJssel
Vijverlaan,517,"","",2925VJ,Krimpen aan den IJssel
Vijverlaan,519,"","",2925VJ,Krimpen aan den IJssel
Vijverlaan,521,"","",2925VJ,Krimpen aan den IJssel
Vijverlaan,523,"","",2925VJ,Krimpen aan den IJssel
Vijverlaan,525,"","",2925VJ,Krimpen aan den IJssel
Vijverlaan,527,"","",2925VJ,Krimpen aan den IJssel
Vijverlaan,529,"","",2925VJ,Krimpen aan den IJssel
Vijverlaan,531,"","",2925VJ,Krimpen aan den IJssel
Vijverlaan,533,"","",2925VJ,Krimpen aan den IJssel
Vijverlaan,535,"","",2925VJ,Krimpen aan den IJssel
Vijverlaan,537,"","",2925VJ,Krimpen aan den IJssel
Vijverlaan,539,"","",2925VJ,Krimpen aan den IJssel
Vijverlaan,541,"","",2925VJ,Krimpen aan den IJssel
Vijverlaan,543,"","",2925VJ,Krimpen aan den IJssel
Vijverlaan,442,"","",2925VK,Krimpen aan den IJssel
Vijverlaan,444,"","",2925VK,Krimpen aan den IJssel
Vijverlaan,446,"","",2925VK,Krimpen aan den IJssel
Vijverlaan,448,"","",2925VK,Krimpen aan den IJssel
Vijverlaan,450,"","",2925VK,Krimpen aan den IJssel
Vijverlaan,452,"","",2925VK,Krimpen aan den IJssel
Vijverlaan,454,"","",2925VK,Krimpen aan den IJssel
Vijverlaan,456,"","",2925VK,Krimpen aan den IJssel
Vijverlaan,458,"","",2925VK,Krimpen aan den IJssel
Vijverlaan,460,"","",2925VK,Krimpen aan den IJssel
Vijverlaan,462,"","",2925VK,Krimpen aan den IJssel
Vijverlaan,464,"","",2925VK,Krimpen aan den IJssel
Vijverlaan,466,"","",2925VK,Krimpen aan den IJssel
Vijverlaan,468,"","",2925VK,Krimpen aan den IJssel
Vijverlaan,470,"","",2925VK,Krimpen aan den IJssel
Vijverlaan,472,"","",2925VK,Krimpen aan den IJssel
Vijverlaan,474,"","",2925VK,Krimpen aan den IJssel
Vijverlaan,476,"","",2925VK,Krimpen aan den IJssel
Vijverlaan,478,"","",2925VK,Krimpen aan den IJssel
Vijverlaan,480,"","",2925VK,Krimpen aan den IJssel
Vijverlaan,482,"","",2925VK,Krimpen aan den IJssel
Vijverlaan,484,"","",2925VK,Krimpen aan den IJssel
Vijverlaan,484,A,"",2925VK,Krimpen aan den IJssel
Vijverlaan,486,"","",2925VL,Krimpen aan den IJssel
Vijverlaan,488,"","",2925VL,Krimpen aan den IJssel
Vijverlaan,490,"","",2925VL,Krimpen aan den IJssel
Vijverlaan,492,"","",2925VL,Krimpen aan den IJssel
Vijverlaan,494,"","",2925VL,Krimpen aan den IJssel
Vijverlaan,496,"","",2925VL,Krimpen aan den IJssel
Vijverlaan,498,"","",2925VL,Krimpen aan den IJssel
Vijverlaan,500,"","",2925VL,Krimpen aan den IJssel
Vijverlaan,502,"","",2925VL,Krimpen aan den IJssel
Vijverlaan,504,"","",2925VL,Krimpen aan den IJssel
Vijverlaan,506,"","",2925VL,Krimpen aan den IJssel
Vijverlaan,508,"","",2925VL,Krimpen aan den IJssel
Vijverlaan,510,"","",2925VL,Krimpen aan den IJssel
Vijverlaan,512,"","",2925VL,Krimpen aan den IJssel
Vijverlaan,512,A,"",2925VL,Krimpen aan den IJssel
Vijverlaan,512,B,"",2925VL,Krimpen aan den IJssel
Vijverlaan,512,C,"",2925VL,Krimpen aan den IJssel
Vijverlaan,512,D,"",2925VL,Krimpen aan den IJssel
Vijverlaan,512,E,"",2925VL,Krimpen aan den IJssel
Vijverlaan,514,"","",2925VL,Krimpen aan den IJssel
Vijverlaan,516,"","",2925VL,Krimpen aan den IJssel
Vijverlaan,518,"","",2925VL,Krimpen aan den IJssel
Vijverlaan,520,"","",2925VL,Krimpen aan den IJssel
Vijverlaan,522,"","",2925VL,Krimpen aan den IJssel
Vijverlaan,524,"","",2925VL,Krimpen aan den IJssel
Vijverlaan,526,"","",2925VL,Krimpen aan den IJssel
Vijverlaan,528,"","",2925VL,Krimpen aan den IJssel
Vijverlaan,530,"","",2925VL,Krimpen aan den IJssel
Vijverlaan,532,"","",2925VL,Krimpen aan den IJssel
Vijverlaan,534,"","",2925VL,Krimpen aan den IJssel
Vijverlaan,536,"","",2925VM,Krimpen aan den IJssel
Vijverlaan,538,"","",2925VM,Krimpen aan den IJssel
Vijverlaan,540,"","",2925VM,Krimpen aan den IJssel
Vijverlaan,542,"","",2925VM,Krimpen aan den IJssel
Vijverlaan,544,"","",2925VM,Krimpen aan den IJssel
Vijverlaan,546,"","",2925VM,Krimpen aan den IJssel
Vijverlaan,548,"","",2925VM,Krimpen aan den IJssel
Vijverlaan,550,"","",2925VM,Krimpen aan den IJssel
Vijverlaan,552,"","",2925VM,Krimpen aan den IJssel
Vijverlaan,554,"","",2925VM,Krimpen aan den IJssel
Vijverlaan,556,"","",2925VM,Krimpen aan den IJssel
Vijverlaan,558,"","",2925VM,Krimpen aan den IJssel
Vijverlaan,560,"","",2925VM,Krimpen aan den IJssel
Vijverlaan,562,"","",2925VM,Krimpen aan den IJssel
Vijverlaan,564,"","",2925VM,Krimpen aan den IJssel
Vijverlaan,566,"","",2925VM,Krimpen aan den IJssel
Vijverlaan,566,A,"",2925VM,Krimpen aan den IJssel
Vijverlaan,568,"","",2925VM,Krimpen aan den IJssel
Vijverlaan,570,"","",2925VN,Krimpen aan den IJssel
Vijverlaan,572,"","",2925VN,Krimpen aan den IJssel
Vijverlaan,574,"","",2925VN,Krimpen aan den IJssel
Vijverlaan,576,"","",2925VN,Krimpen aan den IJssel
Vijverlaan,578,"","",2925VN,Krimpen aan den IJssel
Vijverlaan,580,"","",2925VN,Krimpen aan den IJssel
Vijverlaan,582,"","",2925VN,Krimpen aan den IJssel
Vijverlaan,584,"","",2925VN,Krimpen aan den IJssel
Vijverlaan,586,"","",2925VN,Krimpen aan den IJssel
Vijverlaan,588,"","",2925VN,Krimpen aan den IJssel
Vijverlaan,590,"","",2925VN,Krimpen aan den IJssel
Vijverlaan,592,"","",2925VN,Krimpen aan den IJssel
Vijverlaan,594,"","",2925VN,Krimpen aan den IJssel
Vijverlaan,596,"","",2925VN,Krimpen aan den IJssel
Vijverlaan,598,"","",2925VN,Krimpen aan den IJssel
Vijverlaan,600,"","",2925VN,Krimpen aan den IJssel
Vijverlaan,602,"","",2925VN,Krimpen aan den IJssel
Vijverlaan,604,"","",2925VN,Krimpen aan den IJssel
Vijverlaan,606,"","",2925VN,Krimpen aan den IJssel
Vijverlaan,608,"","",2925VN,Krimpen aan den IJssel
Vijverlaan,610,"","",2925VN,Krimpen aan den IJssel
Vijverlaan,612,"","",2925VN,Krimpen aan den IJssel
Vijverlaan,614,"","",2925VN,Krimpen aan den IJssel
Vijverlaan,616,"","",2925VN,Krimpen aan den IJssel
Vijverlaan,618,"","",2925VN,Krimpen aan den IJssel
Vijverlaan,620,"","",2925VN,Krimpen aan den IJssel
Vijverlaan,622,"","",2925VN,Krimpen aan den IJssel
Vijverlaan,624,"","",2925VN,Krimpen aan den IJssel
Vijverlaan,626,"","",2925VN,Krimpen aan den IJssel
Vijverlaan,628,"","",2925VN,Krimpen aan den IJssel
Vijverlaan,630,"","",2925VN,Krimpen aan den IJssel
Vijverlaan,632,"","",2925VN,Krimpen aan den IJssel
Vijverlaan,634,"","",2925VN,Krimpen aan den IJssel
Vijverlaan,636,"","",2925VN,Krimpen aan den IJssel
Vijverlaan,638,"","",2925VN,Krimpen aan den IJssel
Vijverlaan,640,"","",2925VN,Krimpen aan den IJssel
Vijverlaan,642,"","",2925VN,Krimpen aan den IJssel
Vijverlaan,644,"","",2925VN,Krimpen aan den IJssel
Vijverlaan,646,"","",2925VN,Krimpen aan den IJssel
Vijverlaan,648,"","",2925VN,Krimpen aan den IJssel
Vijverlaan,650,"","",2925VN,Krimpen aan den IJssel
De Brink,1,"","",2925VP,Krimpen aan den IJssel
De Brink,1,"","",2925VP,Krimpen aan den IJssel
De Brink,1,A,"",2925VP,Krimpen aan den IJssel
De Brink,4,"","",2925VP,Krimpen aan den IJssel
De Brink,5,"","",2925VP,Krimpen aan den IJssel
De Brink,6,"","",2925VP,Krimpen aan den IJssel
De Brink,7,"","",2925VP,Krimpen aan den IJssel
Lelie,1,"","",2925XB,Krimpen aan den IJssel
Lelie,10,"","",2925XB,Krimpen aan den IJssel
Lelie,11,"","",2925XB,Krimpen aan den IJssel
Lelie,12,"","",2925XB,Krimpen aan den IJssel
Lelie,13,"","",2925XB,Krimpen aan den IJssel
Lelie,14,"","",2925XB,Krimpen aan den IJssel
Lelie,15,"","",2925XB,Krimpen aan den IJssel
Lelie,16,"","",2925XB,Krimpen aan den IJssel
Lelie,17,"","",2925XB,Krimpen aan den IJssel
Lelie,18,"","",2925XB,Krimpen aan den IJssel
Lelie,19,"","",2925XB,Krimpen aan den IJssel
Lelie,2,"","",2925XB,Krimpen aan den IJssel
Lelie,2,A,"",2925XB,Krimpen aan den IJssel
Lelie,20,"","",2925XB,Krimpen aan den IJssel
Lelie,21,"","",2925XB,Krimpen aan den IJssel
Lelie,22,"","",2925XB,Krimpen aan den IJssel
Lelie,23,"","",2925XB,Krimpen aan den IJssel
Lelie,24,"","",2925XB,Krimpen aan den IJssel
Lelie,25,"","",2925XB,Krimpen aan den IJssel
Lelie,26,"","",2925XB,Krimpen aan den IJssel
Lelie,27,"","",2925XB,Krimpen aan den IJssel
Lelie,28,"","",2925XB,Krimpen aan den IJssel
Lelie,29,"","",2925XB,Krimpen aan den IJssel
Lelie,3,"","",2925XB,Krimpen aan den IJssel
Lelie,30,"","",2925XB,Krimpen aan den IJssel
Lelie,31,"","",2925XB,Krimpen aan den IJssel
Lelie,32,"","",2925XB,Krimpen aan den IJssel
Lelie,33,"","",2925XB,Krimpen aan den IJssel
Lelie,35,"","",2925XB,Krimpen aan den IJssel
Lelie,37,"","",2925XB,Krimpen aan den IJssel
Lelie,39,"","",2925XB,Krimpen aan den IJssel
Lelie,4,"","",2925XB,Krimpen aan den IJssel
Lelie,41,"","",2925XB,Krimpen aan den IJssel
Lelie,43,"","",2925XB,Krimpen aan den IJssel
Lelie,45,"","",2925XB,Krimpen aan den IJssel
Lelie,47,"","",2925XB,Krimpen aan den IJssel
Lelie,49,"","",2925XB,Krimpen aan den IJssel
Lelie,5,"","",2925XB,Krimpen aan den IJssel
Lelie,51,"","",2925XB,Krimpen aan den IJssel
Lelie,6,"","",2925XB,Krimpen aan den IJssel
Lelie,7,"","",2925XB,Krimpen aan den IJssel
Lelie,8,"","",2925XB,Krimpen aan den IJssel
Lelie,9,"","",2925XB,Krimpen aan den IJssel
Narcis,1,"","",2925XC,Krimpen aan den IJssel
Narcis,10,"","",2925XC,Krimpen aan den IJssel
Narcis,10,"","",2925XC,Krimpen aan den IJssel
Narcis,11,"","",2925XC,Krimpen aan den IJssel
Narcis,12,"","",2925XC,Krimpen aan den IJssel
Narcis,12,"","",2925XC,Krimpen aan den IJssel
Narcis,13,"","",2925XC,Krimpen aan den IJssel
Narcis,14,"","",2925XC,Krimpen aan den IJssel
Narcis,14,"","",2925XC,Krimpen aan den IJssel
Narcis,15,"","",2925XC,Krimpen aan den IJssel
Narcis,16,"","",2925XC,Krimpen aan den IJssel
Narcis,16,"","",2925XC,Krimpen aan den IJssel
Narcis,17,"","",2925XC,Krimpen aan den IJssel
Narcis,18,"","",2925XC,Krimpen aan den IJssel
Narcis,18,"","",2925XC,Krimpen aan den IJssel
Narcis,18,"","",2925XC,Krimpen aan den IJssel
Narcis,19,"","",2925XC,Krimpen aan den IJssel
Narcis,2,"","",2925XC,Krimpen aan den IJssel
Narcis,2,"","",2925XC,Krimpen aan den IJssel
Narcis,21,"","",2925XC,Krimpen aan den IJssel
Narcis,23,"","",2925XC,Krimpen aan den IJssel
Narcis,25,"","",2925XC,Krimpen aan den IJssel
Narcis,27,"","",2925XC,Krimpen aan den IJssel
Narcis,29,"","",2925XC,Krimpen aan den IJssel
Narcis,3,"","",2925XC,Krimpen aan den IJssel
Narcis,31,"","",2925XC,Krimpen aan den IJssel
Narcis,33,"","",2925XC,Krimpen aan den IJssel
Narcis,35,"","",2925XC,Krimpen aan den IJssel
Narcis,37,"","",2925XC,Krimpen aan den IJssel
Narcis,39,"","",2925XC,Krimpen aan den IJssel
Narcis,4,"","",2925XC,Krimpen aan den IJssel
Narcis,4,"","",2925XC,Krimpen aan den IJssel
Narcis,41,"","",2925XC,Krimpen aan den IJssel
Narcis,43,"","",2925XC,Krimpen aan den IJssel
Narcis,45,"","",2925XC,Krimpen aan den IJssel
Narcis,47,"","",2925XC,Krimpen aan den IJssel
Narcis,49,"","",2925XC,Krimpen aan den IJssel
Narcis,5,"","",2925XC,Krimpen aan den IJssel
Narcis,51,"","",2925XC,Krimpen aan den IJssel
Narcis,6,"","",2925XC,Krimpen aan den IJssel
Narcis,6,"","",2925XC,Krimpen aan den IJssel
Narcis,7,"","",2925XC,Krimpen aan den IJssel
Narcis,8,"","",2925XC,Krimpen aan den IJssel
Narcis,8,"","",2925XC,Krimpen aan den IJssel
Narcis,9,"","",2925XC,Krimpen aan den IJssel
Orchidee,1,"","",2925XD,Krimpen aan den IJssel
Orchidee,11,"","",2925XD,Krimpen aan den IJssel
Orchidee,13,"","",2925XD,Krimpen aan den IJssel
Orchidee,15,"","",2925XD,Krimpen aan den IJssel
Orchidee,17,"","",2925XD,Krimpen aan den IJssel
Orchidee,19,"","",2925XD,Krimpen aan den IJssel
Orchidee,21,"","",2925XD,Krimpen aan den IJssel
Orchidee,23,"","",2925XD,Krimpen aan den IJssel
Orchidee,25,"","",2925XD,Krimpen aan den IJssel
Orchidee,27,"","",2925XD,Krimpen aan den IJssel
Orchidee,29,"","",2925XD,Krimpen aan den IJssel
Orchidee,3,"","",2925XD,Krimpen aan den IJssel
Orchidee,31,"","",2925XD,Krimpen aan den IJssel
Orchidee,33,"","",2925XD,Krimpen aan den IJssel
Orchidee,35,"","",2925XD,Krimpen aan den IJssel
Orchidee,37,"","",2925XD,Krimpen aan den IJssel
Orchidee,39,"","",2925XD,Krimpen aan den IJssel
Orchidee,39,A,"",2925XD,Krimpen aan den IJssel
Orchidee,41,"","",2925XD,Krimpen aan den IJssel
Orchidee,43,"","",2925XD,Krimpen aan den IJssel
Orchidee,45,"","",2925XD,Krimpen aan den IJssel
Orchidee,47,"","",2925XD,Krimpen aan den IJssel
Orchidee,49,"","",2925XD,Krimpen aan den IJssel
Orchidee,5,"","",2925XD,Krimpen aan den IJssel
Orchidee,51,"","",2925XD,Krimpen aan den IJssel
Orchidee,53,"","",2925XD,Krimpen aan den IJssel
Orchidee,55,"","",2925XD,Krimpen aan den IJssel
Orchidee,57,"","",2925XD,Krimpen aan den IJssel
Orchidee,59,"","",2925XD,Krimpen aan den IJssel
Orchidee,61,"","",2925XD,Krimpen aan den IJssel
Orchidee,63,"","",2925XD,Krimpen aan den IJssel
Orchidee,65,"","",2925XD,Krimpen aan den IJssel
Orchidee,67,"","",2925XD,Krimpen aan den IJssel
Orchidee,69,"","",2925XD,Krimpen aan den IJssel
Orchidee,7,"","",2925XD,Krimpen aan den IJssel
Orchidee,71,"","",2925XD,Krimpen aan den IJssel
Orchidee,73,"","",2925XD,Krimpen aan den IJssel
Orchidee,75,"","",2925XD,Krimpen aan den IJssel
Orchidee,77,"","",2925XD,Krimpen aan den IJssel
Orchidee,79,"","",2925XD,Krimpen aan den IJssel
Orchidee,81,"","",2925XD,Krimpen aan den IJssel
Orchidee,83,"","",2925XD,Krimpen aan den IJssel
Orchidee,85,"","",2925XD,Krimpen aan den IJssel
Orchidee,87,"","",2925XD,Krimpen aan den IJssel
Orchidee,89,"","",2925XD,Krimpen aan den IJssel
Orchidee,9,"","",2925XD,Krimpen aan den IJssel
Orchidee,10,"","",2925XE,Krimpen aan den IJssel
Orchidee,12,"","",2925XE,Krimpen aan den IJssel
Orchidee,14,"","",2925XE,Krimpen aan den IJssel
Orchidee,16,"","",2925XE,Krimpen aan den IJssel
Orchidee,18,"","",2925XE,Krimpen aan den IJssel
Orchidee,2,"","",2925XE,Krimpen aan den IJssel
Orchidee,20,"","",2925XE,Krimpen aan den IJssel
Orchidee,22,"","",2925XE,Krimpen aan den IJssel
Orchidee,24,"","",2925XE,Krimpen aan den IJssel
Orchidee,26,"","",2925XE,Krimpen aan den IJssel
Orchidee,28,"","",2925XE,Krimpen aan den IJssel
Orchidee,30,"","",2925XE,Krimpen aan den IJssel
Orchidee,32,"","",2925XE,Krimpen aan den IJssel
Orchidee,34,"","",2925XE,Krimpen aan den IJssel
Orchidee,36,"","",2925XE,Krimpen aan den IJssel
Orchidee,38,"","",2925XE,Krimpen aan den IJssel
Orchidee,4,"","",2925XE,Krimpen aan den IJssel
Orchidee,40,"","",2925XE,Krimpen aan den IJssel
Orchidee,42,"","",2925XE,Krimpen aan den IJssel
Orchidee,44,"","",2925XE,Krimpen aan den IJssel
Orchidee,46,"","",2925XE,Krimpen aan den IJssel
Orchidee,48,"","",2925XE,Krimpen aan den IJssel
Orchidee,50,"","",2925XE,Krimpen aan den IJssel
Orchidee,52,"","",2925XE,Krimpen aan den IJssel
Orchidee,54,"","",2925XE,Krimpen aan den IJssel
Orchidee,56,"","",2925XE,Krimpen aan den IJssel
Orchidee,58,"","",2925XE,Krimpen aan den IJssel
Orchidee,6,"","",2925XE,Krimpen aan den IJssel
Orchidee,60,"","",2925XE,Krimpen aan den IJssel
Orchidee,62,"","",2925XE,Krimpen aan den IJssel
Orchidee,64,"","",2925XE,Krimpen aan den IJssel
Orchidee,66,"","",2925XE,Krimpen aan den IJssel
Orchidee,68,"","",2925XE,Krimpen aan den IJssel
Orchidee,70,"","",2925XE,Krimpen aan den IJssel
Orchidee,72,"","",2925XE,Krimpen aan den IJssel
Orchidee,8,"","",2925XE,Krimpen aan den IJssel
Roos,1,"","",2925XG,Krimpen aan den IJssel
Roos,11,"","",2925XG,Krimpen aan den IJssel
Roos,13,"","",2925XG,Krimpen aan den IJssel
Roos,15,"","",2925XG,Krimpen aan den IJssel
Roos,3,"","",2925XG,Krimpen aan den IJssel
Roos,5,"","",2925XG,Krimpen aan den IJssel
Roos,7,"","",2925XG,Krimpen aan den IJssel
Roos,9,"","",2925XG,Krimpen aan den IJssel
Roos,10,"","",2925XH,Krimpen aan den IJssel
Roos,12,"","",2925XH,Krimpen aan den IJssel
Roos,14,"","",2925XH,Krimpen aan den IJssel
Roos,16,"","",2925XH,Krimpen aan den IJssel
Roos,18,"","",2925XH,Krimpen aan den IJssel
Roos,2,"","",2925XH,Krimpen aan den IJssel
Roos,20,"","",2925XH,Krimpen aan den IJssel
Roos,22,"","",2925XH,Krimpen aan den IJssel
Roos,24,"","",2925XH,Krimpen aan den IJssel
Roos,26,"","",2925XH,Krimpen aan den IJssel
Roos,28,"","",2925XH,Krimpen aan den IJssel
Roos,30,"","",2925XH,Krimpen aan den IJssel
Roos,32,"","",2925XH,Krimpen aan den IJssel
Roos,32,A,"",2925XH,Krimpen aan den IJssel
Roos,32,B,"",2925XH,Krimpen aan den IJssel
Roos,32,C,"",2925XH,Krimpen aan den IJssel
Roos,32,D,"",2925XH,Krimpen aan den IJssel
Roos,32,E,"",2925XH,Krimpen aan den IJssel
Roos,34,"","",2925XH,Krimpen aan den IJssel
Roos,36,"","",2925XH,Krimpen aan den IJssel
Roos,38,"","",2925XH,Krimpen aan den IJssel
Roos,4,"","",2925XH,Krimpen aan den IJssel
Roos,40,"","",2925XH,Krimpen aan den IJssel
Roos,42,"","",2925XH,Krimpen aan den IJssel
Roos,44,"","",2925XH,Krimpen aan den IJssel
Roos,46,"","",2925XH,Krimpen aan den IJssel
Roos,48,"","",2925XH,Krimpen aan den IJssel
Roos,50,"","",2925XH,Krimpen aan den IJssel
Roos,52,"","",2925XH,Krimpen aan den IJssel
Roos,54,"","",2925XH,Krimpen aan den IJssel
Roos,56,"","",2925XH,Krimpen aan den IJssel
Roos,58,"","",2925XH,Krimpen aan den IJssel
Roos,6,"","",2925XH,Krimpen aan den IJssel
Roos,60,"","",2925XH,Krimpen aan den IJssel
Roos,62,"","",2925XH,Krimpen aan den IJssel
Roos,8,"","",2925XH,Krimpen aan den IJssel
