postcode,straat,huisnummer,huisletter,toevoeging
4204AV,Baljuwstraat,27,c,
4204AV,Baljuwstraat,27,c,
4204AV,Baljuwstraat,11,c,
4204AV,Baljuwstraat,11,c,
4204AV,Baljuwstraat,11,a,
4204AV,Baljuwstraat,11,a,
4204AV,Baljuwstraat,13,,
4204AV,Baljuwstraat,13,,
4204AV,Baljuwstraat,15,,
4204AV,Baljuwstraat,15,,
4204AV,Baljuwstraat,17,b,
4204AV,Baljuwstraat,17,b,
4204AV,Baljuwstraat,17,c,
4204AV,Baljuwstraat,17,c,
4204AV,Baljuwstraat,17,a,
4204AV,Baljuwstraat,17,a,
4204AV,Baljuwstraat,19,b,
4204AV,Baljuwstraat,19,b,
4204AV,Baljuwstraat,19,c,
4204AV,Baljuwstraat,19,c,
4204AV,Baljuwstraat,1,a,
4204AV,Baljuwstraat,1,a,
4204AV,Baljuwstraat,1,b,
4204AV,Baljuwstraat,1,b,
4204AV,Baljuwstraat,1,c,
4204AV,Baljuwstraat,1,c,
4204AV,Baljuwstraat,3,a,
4204AV,Baljuwstraat,3,a,
4204AV,Baljuwstraat,3,b,
4204AV,Baljuwstraat,3,b,
4204AV,Baljuwstraat,3,c,
4204AV,Baljuwstraat,3,c,
4204AV,Baljuwstraat,5,,
4204AV,Baljuwstraat,5,,
4204AV,Baljuwstraat,7,,
4204AV,Baljuwstraat,7,,
4204AV,Baljuwstraat,9,b,
4204AV,Baljuwstraat,9,b,
4204AV,Baljuwstraat,9,a,
4204AV,Baljuwstraat,9,a,
4204AV,Baljuwstraat,9,c,
4204AV,Baljuwstraat,9,c,
4204AV,Baljuwstraat,11,b,
4204AV,Baljuwstraat,11,b,
4204AV,Baljuwstraat,19,a,
4204AV,Baljuwstraat,19,a,
4204AV,Baljuwstraat,21,,
4204AV,Baljuwstraat,21,,
4204AV,Baljuwstraat,23,,
4204AV,Baljuwstraat,23,,
4204AV,Baljuwstraat,25,c,
4204AV,Baljuwstraat,25,c,
4204AV,Baljuwstraat,25,a,
4204AV,Baljuwstraat,25,a,
4204AV,Baljuwstraat,25,b,
4204AV,Baljuwstraat,25,b,
4204AV,Baljuwstraat,27,a,
4204AV,Baljuwstraat,27,a,
4204AV,Baljuwstraat,27,b,
4204AV,Baljuwstraat,27,b,
4204AW,Baljuwstraat,43,c,
4204AW,Baljuwstraat,43,c,
4204AW,Baljuwstraat,37,,
4204AW,Baljuwstraat,37,,
4204AW,Baljuwstraat,29,,
4204AW,Baljuwstraat,29,,
4204AW,Baljuwstraat,31,,
4204AW,Baljuwstraat,31,,
4204AW,Baljuwstraat,33,a,
4204AW,Baljuwstraat,33,a,
4204AW,Baljuwstraat,33,b,
4204AW,Baljuwstraat,33,b,
4204AW,Baljuwstraat,33,c,
4204AW,Baljuwstraat,33,c,
4204AW,Baljuwstraat,35,a,
4204AW,Baljuwstraat,35,a,
4204AW,Baljuwstraat,35,b,
4204AW,Baljuwstraat,35,b,
4204AW,Baljuwstraat,35,c,
4204AW,Baljuwstraat,35,c,
4204AW,Baljuwstraat,39,,
4204AW,Baljuwstraat,39,,
4204AW,Baljuwstraat,43,b,
4204AW,Baljuwstraat,43,b,
4204AW,Baljuwstraat,41,b,
4204AW,Baljuwstraat,41,b,
4204AW,Baljuwstraat,41,a,
4204AW,Baljuwstraat,41,a,
4204AW,Baljuwstraat,41,c,
4204AW,Baljuwstraat,41,c,
4204AW,Baljuwstraat,43,a,
4204AW,Baljuwstraat,43,a,
4204AA,Banneweg,61,,
4204AA,Banneweg,61,,
4204AA,Banneweg,57,,
4204AA,Banneweg,57,,
4204AZ,Banneweg,311,,
4204AZ,Banneweg,311,,
4204AZ,Banneweg,201,,
4204AZ,Banneweg,201,,
4204AZ,Banneweg,317,,
4204AZ,Banneweg,317,,
4204AZ,Banneweg,127,,
4204AZ,Banneweg,127,,
4204AZ,Banneweg,403,,
4204AZ,Banneweg,403,,
4204AZ,Banneweg,223,,
4204AZ,Banneweg,223,,
4204AZ,Banneweg,103,,
4204AZ,Banneweg,103,,
4204AZ,Banneweg,111,,
4204AZ,Banneweg,111,,
4204AZ,Banneweg,515,,
4204AZ,Banneweg,515,,
4204AZ,Banneweg,217,,
4204AZ,Banneweg,217,,
4204AZ,Banneweg,113,,
4204AZ,Banneweg,113,,
4204AZ,Banneweg,125,,
4204AZ,Banneweg,125,,
4204AZ,Banneweg,129,,
4204AZ,Banneweg,129,,
4204AZ,Banneweg,107,,
4204AZ,Banneweg,107,,
4204AZ,Banneweg,427,,
4204AZ,Banneweg,427,,
4204AZ,Banneweg,429,,
4204AZ,Banneweg,429,,
4204AZ,Banneweg,607,,
4204AZ,Banneweg,607,,
4204AZ,Banneweg,417,,
4204AZ,Banneweg,417,,
4204AZ,Banneweg,601,,
4204AZ,Banneweg,601,,
4204AZ,Banneweg,425,,
4204AZ,Banneweg,425,,
4204AZ,Banneweg,327,,
4204AZ,Banneweg,327,,
4204AZ,Banneweg,423,,
4204AZ,Banneweg,423,,
4204AZ,Banneweg,123,,
4204AZ,Banneweg,123,,
4204AZ,Banneweg,105,,
4204AZ,Banneweg,105,,
4204AZ,Banneweg,329,,
4204AZ,Banneweg,329,,
4204AZ,Banneweg,313,,
4204AZ,Banneweg,313,,
4204AZ,Banneweg,511,,
4204AZ,Banneweg,511,,
4204AZ,Banneweg,219,,
4204AZ,Banneweg,219,,
4204AZ,Banneweg,701,,
4204AZ,Banneweg,701,,
4204AZ,Banneweg,117,,
4204AZ,Banneweg,117,,
4204AZ,Banneweg,207,,
4204AZ,Banneweg,207,,
4204AZ,Banneweg,227,,
4204AZ,Banneweg,227,,
4204AZ,Banneweg,309,,
4204AZ,Banneweg,309,,
4204AZ,Banneweg,401,,
4204AZ,Banneweg,401,,
4204AZ,Banneweg,603,,
4204AZ,Banneweg,603,,
4204AZ,Banneweg,209,,
4204AZ,Banneweg,209,,
4204AZ,Banneweg,225,,
4204AZ,Banneweg,225,,
4204AZ,Banneweg,213,,
4204AZ,Banneweg,213,,
4204AZ,Banneweg,605,,
4204AZ,Banneweg,605,,
4204AZ,Banneweg,215,,
4204AZ,Banneweg,215,,
4204AZ,Banneweg,405,,
4204AZ,Banneweg,405,,
4204AZ,Banneweg,303,,
4204AZ,Banneweg,303,,
4204AZ,Banneweg,611,,
4204AZ,Banneweg,611,,
4204AZ,Banneweg,305,,
4204AZ,Banneweg,305,,
4204AZ,Banneweg,509,,
4204AZ,Banneweg,509,,
4204AZ,Banneweg,503,,
4204AZ,Banneweg,503,,
4204AZ,Banneweg,411,,
4204AZ,Banneweg,411,,
4204AZ,Banneweg,221,,
4204AZ,Banneweg,221,,
4204AZ,Banneweg,325,,
4204AZ,Banneweg,325,,
4204AZ,Banneweg,421,,
4204AZ,Banneweg,421,,
4204AZ,Banneweg,519,,
4204AZ,Banneweg,519,,
4204AZ,Banneweg,505,,
4204AZ,Banneweg,505,,
4204AZ,Banneweg,115,,
4204AZ,Banneweg,115,,
4204AZ,Banneweg,109,,
4204AZ,Banneweg,109,,
4204AZ,Banneweg,203,,
4204AZ,Banneweg,203,,
4204AZ,Banneweg,101,,
4204AZ,Banneweg,101,,
4204AZ,Banneweg,323,,
4204AZ,Banneweg,323,,
4204AZ,Banneweg,409,,
4204AZ,Banneweg,409,,
4204AZ,Banneweg,501,,
4204AZ,Banneweg,501,,
4204AZ,Banneweg,407,,
4204AZ,Banneweg,407,,
4204AZ,Banneweg,415,,
4204AZ,Banneweg,415,,
4204AZ,Banneweg,521,,
4204AZ,Banneweg,521,,
4204AZ,Banneweg,321,,
4204AZ,Banneweg,321,,
4204AZ,Banneweg,119,,
4204AZ,Banneweg,119,,
4204AZ,Banneweg,229,,
4204AZ,Banneweg,229,,
4204AZ,Banneweg,205,,
4204AZ,Banneweg,205,,
4204AZ,Banneweg,517,,
4204AZ,Banneweg,517,,
4204AZ,Banneweg,513,,
4204AZ,Banneweg,513,,
4204AZ,Banneweg,413,,
4204AZ,Banneweg,413,,
4204AZ,Banneweg,211,,
4204AZ,Banneweg,211,,
4204AZ,Banneweg,307,,
4204AZ,Banneweg,307,,
4204AZ,Banneweg,319,,
4204AZ,Banneweg,319,,
4204AZ,Banneweg,419,,
4204AZ,Banneweg,419,,
4204AZ,Banneweg,315,,
4204AZ,Banneweg,315,,
4204AZ,Banneweg,121,,
4204AZ,Banneweg,121,,
4204AZ,Banneweg,609,,
4204AZ,Banneweg,609,,
4204AZ,Banneweg,507,,
4204AZ,Banneweg,507,,
4204AZ,Banneweg,301,,
4204AZ,Banneweg,301,,
4204TA,Barbierstraat,87,,
4204TA,Barbierstraat,87,,
4204TA,Barbierstraat,89,,
4204TA,Barbierstraat,89,,
4204TA,Barbierstraat,91,,
4204TA,Barbierstraat,91,,
4204TA,Barbierstraat,93,,
4204TA,Barbierstraat,93,,
4204TA,Barbierstraat,95,,
4204TA,Barbierstraat,95,,
4204TA,Barbierstraat,97,,
4204TA,Barbierstraat,97,,
4204TA,Barbierstraat,99,,
4204TA,Barbierstraat,99,,
4204TA,Barbierstraat,101,,
4204TA,Barbierstraat,101,,
4204TB,Barbierstraat,2,,
4204TB,Barbierstraat,2,,
4204TB,Barbierstraat,4,,
4204TB,Barbierstraat,4,,
4204TB,Barbierstraat,6,,
4204TB,Barbierstraat,6,,
4204TB,Barbierstraat,8,,
4204TB,Barbierstraat,8,,
4204TB,Barbierstraat,10,,
4204TB,Barbierstraat,10,,
4204TB,Barbierstraat,12,,
4204TB,Barbierstraat,12,,
4204TB,Barbierstraat,14,,
4204TB,Barbierstraat,14,,
4204TB,Barbierstraat,16,,
4204TB,Barbierstraat,16,,
4204TB,Barbierstraat,18,,
4204TB,Barbierstraat,18,,
4204TB,Barbierstraat,20,,
4204TB,Barbierstraat,20,,
4204TB,Barbierstraat,22,,
4204TB,Barbierstraat,22,,
4204TB,Barbierstraat,24,,
4204TB,Barbierstraat,24,,
4204TB,Barbierstraat,26,,
4204TB,Barbierstraat,26,,
4204TB,Barbierstraat,28,,
4204TB,Barbierstraat,28,,
4204TC,Barbierstraat,30,,
4204TC,Barbierstraat,30,,
4204TC,Barbierstraat,32,,
4204TC,Barbierstraat,32,,
4204TC,Barbierstraat,34,,
4204TC,Barbierstraat,34,,
4204TC,Barbierstraat,36,,
4204TC,Barbierstraat,36,,
4204TC,Barbierstraat,38,,
4204TC,Barbierstraat,38,,
4204TC,Barbierstraat,40,,
4204TC,Barbierstraat,40,,
4204TC,Barbierstraat,42,,
4204TC,Barbierstraat,42,,
4204TC,Barbierstraat,44,,
4204TC,Barbierstraat,44,,
4204TC,Barbierstraat,46,,
4204TC,Barbierstraat,46,,
4204TC,Barbierstraat,48,,
4204TC,Barbierstraat,48,,
4204TC,Barbierstraat,50,,
4204TC,Barbierstraat,50,,
4204TC,Barbierstraat,52,,
4204TC,Barbierstraat,52,,
4204TC,Barbierstraat,54,,
4204TC,Barbierstraat,54,,
4204TC,Barbierstraat,56,,
4204TC,Barbierstraat,56,,
4204TC,Barbierstraat,58,,
4204TC,Barbierstraat,58,,
4204TC,Barbierstraat,60,,
4204TC,Barbierstraat,60,,
4204TD,Barbierstraat,62,h,
4204TD,Barbierstraat,62,h,
4204TD,Barbierstraat,62,,
4204TD,Barbierstraat,62,,
4204TD,Barbierstraat,64,,
4204TD,Barbierstraat,64,,
4204TD,Barbierstraat,66,,
4204TD,Barbierstraat,66,,
4204TD,Barbierstraat,68,,
4204TD,Barbierstraat,68,,
4204TD,Barbierstraat,70,,
4204TD,Barbierstraat,70,,
4204TD,Barbierstraat,72,,
4204TD,Barbierstraat,72,,
4204TD,Barbierstraat,74,,
4204TD,Barbierstraat,74,,
4204TD,Barbierstraat,76,,
4204TD,Barbierstraat,76,,
4204TD,Barbierstraat,78,,
4204TD,Barbierstraat,78,,
4204TD,Barbierstraat,80,,
4204TD,Barbierstraat,80,,
4204TD,Barbierstraat,82,,
4204TD,Barbierstraat,82,,
4204TD,Barbierstraat,84,,
4204TD,Barbierstraat,84,,
4204TD,Barbierstraat,86,,
4204TD,Barbierstraat,86,,
4204TD,Barbierstraat,88,,
4204TD,Barbierstraat,88,,
4204TD,Barbierstraat,90,,
4204TD,Barbierstraat,90,,
4204TE,Barbierstraat,92,,
4204TE,Barbierstraat,92,,
4204TE,Barbierstraat,94,,
4204TE,Barbierstraat,94,,
4204TE,Barbierstraat,96,,
4204TE,Barbierstraat,96,,
4204TE,Barbierstraat,98,,
4204TE,Barbierstraat,98,,
4204TE,Barbierstraat,100,,
4204TE,Barbierstraat,100,,
4204TE,Barbierstraat,102,,
4204TE,Barbierstraat,102,,
4204TE,Barbierstraat,104,,
4204TE,Barbierstraat,104,,
4204TE,Barbierstraat,106,,
4204TE,Barbierstraat,106,,
4204TE,Barbierstraat,108,,
4204TE,Barbierstraat,108,,
4204TE,Barbierstraat,110,,
4204TE,Barbierstraat,110,,
4204TE,Barbierstraat,112,,
4204TE,Barbierstraat,112,,
4204TE,Barbierstraat,114,,
4204TE,Barbierstraat,114,,
4204TE,Barbierstraat,116,,
4204TE,Barbierstraat,116,,
4204TE,Barbierstraat,118,,
4204TE,Barbierstraat,118,,
4204TE,Barbierstraat,120,,
4204TE,Barbierstraat,120,,
4204TG,Barbierstraat,122,,
4204TG,Barbierstraat,122,,
4204TG,Barbierstraat,124,,
4204TG,Barbierstraat,124,,
4204TG,Barbierstraat,126,,
4204TG,Barbierstraat,126,,
4204TG,Barbierstraat,128,,
4204TG,Barbierstraat,128,,
4204TG,Barbierstraat,130,,
4204TG,Barbierstraat,130,,
4204TG,Barbierstraat,132,,
4204TG,Barbierstraat,132,,
4204TG,Barbierstraat,134,,
4204TG,Barbierstraat,134,,
4204TG,Barbierstraat,136,,
4204TG,Barbierstraat,136,,
4204TG,Barbierstraat,138,,
4204TG,Barbierstraat,138,,
4204TG,Barbierstraat,140,,
4204TG,Barbierstraat,140,,
4204TG,Barbierstraat,142,,
4204TG,Barbierstraat,142,,
4204TG,Barbierstraat,144,,
4204TG,Barbierstraat,144,,
4204TG,Barbierstraat,146,,
4204TG,Barbierstraat,146,,
4204TG,Barbierstraat,148,,
4204TG,Barbierstraat,148,,
4204TG,Barbierstraat,150,,
4204TG,Barbierstraat,150,,
4204TH,Barbierstraat,152,,
4204TH,Barbierstraat,152,,
4204TH,Barbierstraat,154,,
4204TH,Barbierstraat,154,,
4204TH,Barbierstraat,156,,
4204TH,Barbierstraat,156,,
4204TH,Barbierstraat,158,,
4204TH,Barbierstraat,158,,
4204TH,Barbierstraat,160,,
4204TH,Barbierstraat,160,,
4204TH,Barbierstraat,162,,
4204TH,Barbierstraat,162,,
4204TH,Barbierstraat,164,,
4204TH,Barbierstraat,164,,
4204TH,Barbierstraat,166,,
4204TH,Barbierstraat,166,,
4204TH,Barbierstraat,168,,
4204TH,Barbierstraat,168,,
4204TH,Barbierstraat,170,,
4204TH,Barbierstraat,170,,
4204TH,Barbierstraat,172,,
4204TH,Barbierstraat,172,,
4204TH,Barbierstraat,174,,
4204TH,Barbierstraat,174,,
4204TH,Barbierstraat,176,,
4204TH,Barbierstraat,176,,
4204TH,Barbierstraat,178,,
4204TH,Barbierstraat,178,,
4204TH,Barbierstraat,180,,
4204TH,Barbierstraat,180,,
4204TJ,Barbierstraat,182,,
4204TJ,Barbierstraat,182,,
4204TJ,Barbierstraat,184,,
4204TJ,Barbierstraat,184,,
4204TJ,Barbierstraat,186,,
4204TJ,Barbierstraat,186,,
4204TJ,Barbierstraat,188,,
4204TJ,Barbierstraat,188,,
4204TJ,Barbierstraat,190,,
4204TJ,Barbierstraat,190,,
4204TJ,Barbierstraat,192,,
4204TJ,Barbierstraat,192,,
4204TJ,Barbierstraat,194,,
4204TJ,Barbierstraat,194,,
4204TJ,Barbierstraat,196,,
4204TJ,Barbierstraat,196,,
4204TJ,Barbierstraat,198,,
4204TJ,Barbierstraat,198,,
4204TJ,Barbierstraat,200,,
4204TJ,Barbierstraat,200,,
4204TJ,Barbierstraat,202,,
4204TJ,Barbierstraat,202,,
4204TJ,Barbierstraat,204,,
4204TJ,Barbierstraat,204,,
4204TJ,Barbierstraat,206,,
4204TJ,Barbierstraat,206,,
4204TJ,Barbierstraat,208,,
4204TJ,Barbierstraat,208,,
4204TJ,Barbierstraat,210,,
4204TJ,Barbierstraat,210,,
4204TK,Barbierstraat,226,,
4204TK,Barbierstraat,226,,
4204TK,Barbierstraat,228,,
4204TK,Barbierstraat,228,,
4204TK,Barbierstraat,230,,
4204TK,Barbierstraat,230,,
4204TK,Barbierstraat,232,,
4204TK,Barbierstraat,232,,
4204TK,Barbierstraat,234,,
4204TK,Barbierstraat,234,,
4204TK,Barbierstraat,236,,
4204TK,Barbierstraat,236,,
4204TK,Barbierstraat,238,,
4204TK,Barbierstraat,238,,
4204TK,Barbierstraat,240,,
4204TK,Barbierstraat,240,,
4204TK,Barbierstraat,212,,
4204TK,Barbierstraat,212,,
4204TK,Barbierstraat,214,,
4204TK,Barbierstraat,214,,
4204TK,Barbierstraat,216,,
4204TK,Barbierstraat,216,,
4204TK,Barbierstraat,218,,
4204TK,Barbierstraat,218,,
4204TK,Barbierstraat,220,,
4204TK,Barbierstraat,220,,
4204TK,Barbierstraat,222,,
4204TK,Barbierstraat,222,,
4204TK,Barbierstraat,224,,
4204TK,Barbierstraat,224,,
4204TL,Barbierstraat,260,,
4204TL,Barbierstraat,260,,
4204TL,Barbierstraat,242,,
4204TL,Barbierstraat,242,,
4204TL,Barbierstraat,244,,
4204TL,Barbierstraat,244,,
4204TL,Barbierstraat,246,,
4204TL,Barbierstraat,246,,
4204TL,Barbierstraat,248,,
4204TL,Barbierstraat,248,,
4204TL,Barbierstraat,250,,
4204TL,Barbierstraat,250,,
4204TL,Barbierstraat,252,,
4204TL,Barbierstraat,252,,
4204TL,Barbierstraat,254,,
4204TL,Barbierstraat,254,,
4204TL,Barbierstraat,256,,
4204TL,Barbierstraat,256,,
4204TL,Barbierstraat,258,,
4204TL,Barbierstraat,258,,
4204TM,Barbierstraat,278,,
4204TM,Barbierstraat,278,,
4204TM,Barbierstraat,280,,
4204TM,Barbierstraat,280,,
4204TM,Barbierstraat,282,,
4204TM,Barbierstraat,282,,
4204TM,Barbierstraat,284,,
4204TM,Barbierstraat,284,,
4204TM,Barbierstraat,286,,
4204TM,Barbierstraat,286,,
4204TM,Barbierstraat,288,,
4204TM,Barbierstraat,288,,
4204TM,Barbierstraat,290,,
4204TM,Barbierstraat,290,,
4204TM,Barbierstraat,292,,
4204TM,Barbierstraat,292,,
4204TM,Barbierstraat,294,,
4204TM,Barbierstraat,294,,
4204TM,Barbierstraat,296,,
4204TM,Barbierstraat,296,,
4204TM,Barbierstraat,298,,
4204TM,Barbierstraat,298,,
4204TM,Barbierstraat,300,,
4204TM,Barbierstraat,300,,
4204TM,Barbierstraat,262,,
4204TM,Barbierstraat,262,,
4204TM,Barbierstraat,264,,
4204TM,Barbierstraat,264,,
4204TM,Barbierstraat,266,,
4204TM,Barbierstraat,266,,
4204TM,Barbierstraat,268,,
4204TM,Barbierstraat,268,,
4204TM,Barbierstraat,270,,
4204TM,Barbierstraat,270,,
4204TM,Barbierstraat,272,,
4204TM,Barbierstraat,272,,
4204TM,Barbierstraat,274,,
4204TM,Barbierstraat,274,,
4204TM,Barbierstraat,276,,
4204TM,Barbierstraat,276,,
4204TN,Barbierstraat,328,,
4204TN,Barbierstraat,328,,
4204TN,Barbierstraat,330,,
4204TN,Barbierstraat,330,,
4204TN,Barbierstraat,302,,
4204TN,Barbierstraat,302,,
4204TN,Barbierstraat,304,,
4204TN,Barbierstraat,304,,
4204TN,Barbierstraat,306,,
4204TN,Barbierstraat,306,,
4204TN,Barbierstraat,308,,
4204TN,Barbierstraat,308,,
4204TN,Barbierstraat,310,,
4204TN,Barbierstraat,310,,
4204TN,Barbierstraat,312,,
4204TN,Barbierstraat,312,,
4204TN,Barbierstraat,314,,
4204TN,Barbierstraat,314,,
4204TN,Barbierstraat,316,,
4204TN,Barbierstraat,316,,
4204TN,Barbierstraat,318,,
4204TN,Barbierstraat,318,,
4204TN,Barbierstraat,320,,
4204TN,Barbierstraat,320,,
4204TN,Barbierstraat,322,,
4204TN,Barbierstraat,322,,
4204TN,Barbierstraat,324,,
4204TN,Barbierstraat,324,,
4204TN,Barbierstraat,326,,
4204TN,Barbierstraat,326,,
4204TP,Barbierstraat,360,,
4204TP,Barbierstraat,360,,
4204TP,Barbierstraat,346,,
4204TP,Barbierstraat,346,,
4204TP,Barbierstraat,332,,
4204TP,Barbierstraat,332,,
4204TP,Barbierstraat,334,,
4204TP,Barbierstraat,334,,
4204TP,Barbierstraat,336,,
4204TP,Barbierstraat,336,,
4204TP,Barbierstraat,338,,
4204TP,Barbierstraat,338,,
4204TP,Barbierstraat,340,,
4204TP,Barbierstraat,340,,
4204TP,Barbierstraat,342,,
4204TP,Barbierstraat,342,,
4204TP,Barbierstraat,344,,
4204TP,Barbierstraat,344,,
4204TP,Barbierstraat,348,,
4204TP,Barbierstraat,348,,
4204TP,Barbierstraat,358,,
4204TP,Barbierstraat,358,,
4204TP,Barbierstraat,354,,
4204TP,Barbierstraat,354,,
4204TP,Barbierstraat,352,,
4204TP,Barbierstraat,352,,
4204TP,Barbierstraat,350,,
4204TP,Barbierstraat,350,,
4204TP,Barbierstraat,356,,
4204TP,Barbierstraat,356,,
4204AX,Bataafsekade,16,,
4204AX,Bataafsekade,16,,
4204AX,Bataafsekade,10,,
4204AX,Bataafsekade,10,,
4204AX,Bataafsekade,6,,
4204AX,Bataafsekade,6,,
4204AX,Bataafsekade,4,,
4204AX,Bataafsekade,4,,
4204AX,Bataafsekade,8,,
4204AX,Bataafsekade,8,,
4204EG,Brouwerstraat,13,c,
4204EG,Brouwerstraat,13,c,
4204EG,Brouwerstraat,15,a,
4204EG,Brouwerstraat,15,a,
4204EG,Brouwerstraat,15,b,
4204EG,Brouwerstraat,15,b,
4204EG,Brouwerstraat,15,c,
4204EG,Brouwerstraat,15,c,
4204EG,Brouwerstraat,15,d,
4204EG,Brouwerstraat,15,d,
4204EG,Brouwerstraat,17,c,
4204EG,Brouwerstraat,17,c,
4204EG,Brouwerstraat,17,b,
4204EG,Brouwerstraat,17,b,
4204EG,Brouwerstraat,17,a,
4204EG,Brouwerstraat,17,a,
4204EG,Brouwerstraat,17,d,
4204EG,Brouwerstraat,17,d,
4204EG,Brouwerstraat,13,a,
4204EG,Brouwerstraat,13,a,
4204EG,Brouwerstraat,13,b,
4204EG,Brouwerstraat,13,b,
4204EG,Brouwerstraat,19,a,
4204EG,Brouwerstraat,19,a,
4204EG,Brouwerstraat,19,b,
4204EG,Brouwerstraat,19,b,
4204EG,Brouwerstraat,19,c,
4204EG,Brouwerstraat,19,c,
4204EH,Brouwerstraat,23,c,
4204EH,Brouwerstraat,23,c,
4204EH,Brouwerstraat,23,d,
4204EH,Brouwerstraat,23,d,
4204EH,Brouwerstraat,25,c,
4204EH,Brouwerstraat,25,c,
4204EH,Brouwerstraat,25,d,
4204EH,Brouwerstraat,25,d,
4204EH,Brouwerstraat,25,b,
4204EH,Brouwerstraat,25,b,
4204EH,Brouwerstraat,25,a,
4204EH,Brouwerstraat,25,a,
4204EH,Brouwerstraat,27,b,
4204EH,Brouwerstraat,27,b,
4204EH,Brouwerstraat,27,c,
4204EH,Brouwerstraat,27,c,
4204EH,Brouwerstraat,27,a,
4204EH,Brouwerstraat,27,a,
4204EH,Brouwerstraat,21,a,
4204EH,Brouwerstraat,21,a,
4204EH,Brouwerstraat,21,b,
4204EH,Brouwerstraat,21,b,
4204EH,Brouwerstraat,21,c,
4204EH,Brouwerstraat,21,c,
4204EH,Brouwerstraat,23,a,
4204EH,Brouwerstraat,23,a,
4204EH,Brouwerstraat,23,b,
4204EH,Brouwerstraat,23,b,
4204EJ,Brouwerstraat,4,a,
4204EJ,Brouwerstraat,4,a,
4204EJ,Brouwerstraat,8,d,
4204EJ,Brouwerstraat,8,d,
4204EJ,Brouwerstraat,10,a,
4204EJ,Brouwerstraat,10,a,
4204EJ,Brouwerstraat,10,b,
4204EJ,Brouwerstraat,10,b,
4204EJ,Brouwerstraat,10,c,
4204EJ,Brouwerstraat,10,c,
4204EJ,Brouwerstraat,4,b,
4204EJ,Brouwerstraat,4,b,
4204EJ,Brouwerstraat,4,c,
4204EJ,Brouwerstraat,4,c,
4204EJ,Brouwerstraat,6,a,
4204EJ,Brouwerstraat,6,a,
4204EJ,Brouwerstraat,6,d,
4204EJ,Brouwerstraat,6,d,
4204EJ,Brouwerstraat,6,c,
4204EJ,Brouwerstraat,6,c,
4204EJ,Brouwerstraat,6,b,
4204EJ,Brouwerstraat,6,b,
4204EJ,Brouwerstraat,8,a,
4204EJ,Brouwerstraat,8,a,
4204EJ,Brouwerstraat,8,b,
4204EJ,Brouwerstraat,8,b,
4204EJ,Brouwerstraat,8,c,
4204EJ,Brouwerstraat,8,c,
4204EK,Brouwerstraat,16,a,
4204EK,Brouwerstraat,16,a,
4204EK,Brouwerstraat,14,a,
4204EK,Brouwerstraat,14,a,
4204EK,Brouwerstraat,12,a,
4204EK,Brouwerstraat,12,a,
4204EK,Brouwerstraat,12,b,
4204EK,Brouwerstraat,12,b,
4204EK,Brouwerstraat,12,c,
4204EK,Brouwerstraat,12,c,
4204EK,Brouwerstraat,14,b,
4204EK,Brouwerstraat,14,b,
4204EK,Brouwerstraat,14,c,
4204EK,Brouwerstraat,14,c,
4204EK,Brouwerstraat,14,d,
4204EK,Brouwerstraat,14,d,
4204EK,Brouwerstraat,16,b,
4204EK,Brouwerstraat,16,b,
4204EK,Brouwerstraat,18,b,
4204EK,Brouwerstraat,18,b,
4204EK,Brouwerstraat,18,a,
4204EK,Brouwerstraat,18,a,
4204EK,Brouwerstraat,16,c,
4204EK,Brouwerstraat,16,c,
4204EK,Brouwerstraat,16,d,
4204EK,Brouwerstraat,16,d,
4204EK,Brouwerstraat,18,c,
4204EK,Brouwerstraat,18,c,
4204SJ,Chirurgijnstraat,51,,
4204SJ,Chirurgijnstraat,51,,
4204SJ,Chirurgijnstraat,17,,
4204SJ,Chirurgijnstraat,17,,
4204SJ,Chirurgijnstraat,19,,
4204SJ,Chirurgijnstraat,19,,
4204SJ,Chirurgijnstraat,21,,
4204SJ,Chirurgijnstraat,21,,
4204SJ,Chirurgijnstraat,23,,
4204SJ,Chirurgijnstraat,23,,
4204SJ,Chirurgijnstraat,25,,
4204SJ,Chirurgijnstraat,25,,
4204SJ,Chirurgijnstraat,27,,
4204SJ,Chirurgijnstraat,27,,
4204SJ,Chirurgijnstraat,29,,
4204SJ,Chirurgijnstraat,29,,
4204SJ,Chirurgijnstraat,31,,
4204SJ,Chirurgijnstraat,31,,
4204SJ,Chirurgijnstraat,33,,
4204SJ,Chirurgijnstraat,33,,
4204SJ,Chirurgijnstraat,1,,
4204SJ,Chirurgijnstraat,1,,
4204SJ,Chirurgijnstraat,3,,
4204SJ,Chirurgijnstraat,3,,
4204SJ,Chirurgijnstraat,5,,
4204SJ,Chirurgijnstraat,5,,
4204SJ,Chirurgijnstraat,7,,
4204SJ,Chirurgijnstraat,7,,
4204SJ,Chirurgijnstraat,9,,
4204SJ,Chirurgijnstraat,9,,
4204SJ,Chirurgijnstraat,11,,
4204SJ,Chirurgijnstraat,11,,
4204SJ,Chirurgijnstraat,13,,
4204SJ,Chirurgijnstraat,13,,
4204SJ,Chirurgijnstraat,15,,
4204SJ,Chirurgijnstraat,15,,
4204SJ,Chirurgijnstraat,35,,
4204SJ,Chirurgijnstraat,35,,
4204SJ,Chirurgijnstraat,37,,
4204SJ,Chirurgijnstraat,37,,
4204SJ,Chirurgijnstraat,39,,
4204SJ,Chirurgijnstraat,39,,
4204SJ,Chirurgijnstraat,41,,
4204SJ,Chirurgijnstraat,41,,
4204SJ,Chirurgijnstraat,43,,
4204SJ,Chirurgijnstraat,43,,
4204SJ,Chirurgijnstraat,45,,
4204SJ,Chirurgijnstraat,45,,
4204SJ,Chirurgijnstraat,47,,
4204SJ,Chirurgijnstraat,47,,
4204SJ,Chirurgijnstraat,49,,
4204SJ,Chirurgijnstraat,49,,
4204SK,Chirurgijnstraat,14,,
4204SK,Chirurgijnstraat,14,,
4204SK,Chirurgijnstraat,12,,
4204SK,Chirurgijnstraat,12,,
4204SK,Chirurgijnstraat,8,,
4204SK,Chirurgijnstraat,8,,
4204SK,Chirurgijnstraat,4,,
4204SK,Chirurgijnstraat,4,,
4204SK,Chirurgijnstraat,2,,
4204SK,Chirurgijnstraat,2,,
4204SK,Chirurgijnstraat,6,,
4204SK,Chirurgijnstraat,6,,
4204SK,Chirurgijnstraat,10,,
4204SK,Chirurgijnstraat,10,,
4204XZ,Driemanschapslaan,5,,
4204XZ,Driemanschapslaan,2,g,
4204AR,Drossaartstraat,1,a,
4204AR,Drossaartstraat,1,b,
4204AR,Drossaartstraat,1,c,
4204AR,Drossaartstraat,3,a,
4204AR,Drossaartstraat,3,b,
4204AR,Drossaartstraat,3,c,
4204AR,Drossaartstraat,5,a,
4204AR,Drossaartstraat,5,b,
4204AR,Drossaartstraat,5,c,
4204AR,Drossaartstraat,7,c,
4204AR,Drossaartstraat,7,a,
4204AR,Drossaartstraat,7,b,
4204AR,Drossaartstraat,9,c,
4204AR,Drossaartstraat,9,a,
4204AR,Drossaartstraat,9,b,
4204AR,Drossaartstraat,11,a,
4204AR,Drossaartstraat,11,b,
4204AR,Drossaartstraat,11,c,
4204AR,Drossaartstraat,13,b,
4204AR,Drossaartstraat,13,c,
4204AR,Drossaartstraat,13,a,
4204AR,Drossaartstraat,15,a,
4204AR,Drossaartstraat,15,b,
4204AR,Drossaartstraat,15,c,
4204AR,Drossaartstraat,17,,
4204AS,Drossaartstraat,2,a,
4204AS,Drossaartstraat,2,b,
4204AS,Drossaartstraat,2,c,
4204AS,Drossaartstraat,4,a,
4204AS,Drossaartstraat,4,b,
4204AS,Drossaartstraat,4,c,
4204AS,Drossaartstraat,6,a,
4204AS,Drossaartstraat,6,b,
4204AS,Drossaartstraat,6,c,
4204AS,Drossaartstraat,8,a,
4204AS,Drossaartstraat,8,b,
4204AS,Drossaartstraat,8,c,
4204AS,Drossaartstraat,10,a,
4204AS,Drossaartstraat,10,b,
4204AS,Drossaartstraat,10,c,
4204AS,Drossaartstraat,12,a,
4204AS,Drossaartstraat,12,b,
4204AS,Drossaartstraat,12,c,
4204AT,Drossaartstraat,20,c,
4204AT,Drossaartstraat,20,a,
4204AT,Drossaartstraat,18,c,
4204AT,Drossaartstraat,16,c,
4204AT,Drossaartstraat,30,,
4204AT,Drossaartstraat,28,,
4204AT,Drossaartstraat,26,,
4204AT,Drossaartstraat,24,,
4204AT,Drossaartstraat,22,,
4204AT,Drossaartstraat,14,a,
4204AT,Drossaartstraat,14,b,
4204AT,Drossaartstraat,14,c,
4204AT,Drossaartstraat,16,a,
4204AT,Drossaartstraat,16,b,
4204AT,Drossaartstraat,18,a,
4204AT,Drossaartstraat,18,b,
4204AT,Drossaartstraat,20,b,
4204ES,Fijnscheerderstraat,12,,
4204ES,Fijnscheerderstraat,9,,
4204ES,Fijnscheerderstraat,8,,
4204ES,Fijnscheerderstraat,10,,
4204ES,Fijnscheerderstraat,11,,
4204ES,Fijnscheerderstraat,7,,
4204ES,Fijnscheerderstraat,5,,
4204ES,Fijnscheerderstraat,1,,
4204ES,Fijnscheerderstraat,2,,
4204ES,Fijnscheerderstraat,3,,
4204ES,Fijnscheerderstraat,4,,
4204ES,Fijnscheerderstraat,6,,
4204VA,Gerard van Lomstraat,7,,
4204VA,Gerard van Lomstraat,9,,
4204VA,Gerard van Lomstraat,11,,
4204VA,Gerard van Lomstraat,13,,
4204VA,Gerard van Lomstraat,15,,
4204VA,Gerard van Lomstraat,17,,
4204VA,Gerard van Lomstraat,19,,
4204VA,Gerard van Lomstraat,21,,
4204VA,Gerard van Lomstraat,23,,
4204VA,Gerard van Lomstraat,1,,
4204VA,Gerard van Lomstraat,3,,
4204VA,Gerard van Lomstraat,5,,
4204VA,Gerard van Lomstraat,25,,
4204VA,Gerard van Lomstraat,27,,
4204VA,Gerard van Lomstraat,29,,
4204VB,Gerard van Lomstraat,31,,
4204VB,Gerard van Lomstraat,33,,
4204VB,Gerard van Lomstraat,35,,
4204VB,Gerard van Lomstraat,37,,
4204VB,Gerard van Lomstraat,57,,
4204VB,Gerard van Lomstraat,59,,
4204VB,Gerard van Lomstraat,39,,
4204VB,Gerard van Lomstraat,41,,
4204VB,Gerard van Lomstraat,43,,
4204VB,Gerard van Lomstraat,45,,
4204VB,Gerard van Lomstraat,47,,
4204VB,Gerard van Lomstraat,49,,
4204VB,Gerard van Lomstraat,51,,
4204VB,Gerard van Lomstraat,53,,
4204VB,Gerard van Lomstraat,55,,
4204VC,Gerard van Lomstraat,83,,
4204VC,Gerard van Lomstraat,79,,
4204VC,Gerard van Lomstraat,75,,
4204VC,Gerard van Lomstraat,61,,
4204VC,Gerard van Lomstraat,63,,
4204VC,Gerard van Lomstraat,65,,
4204VC,Gerard van Lomstraat,67,,
4204VC,Gerard van Lomstraat,69,,
4204VC,Gerard van Lomstraat,71,,
4204VC,Gerard van Lomstraat,73,,
4204VC,Gerard van Lomstraat,77,,
4204VC,Gerard van Lomstraat,81,,
4204VC,Gerard van Lomstraat,85,,
4204VC,Gerard van Lomstraat,89,,
4204VC,Gerard van Lomstraat,87,,
4204VD,Gerard van Lomstraat,95,,
4204VD,Gerard van Lomstraat,97,,
4204VD,Gerard van Lomstraat,99,,
4204VD,Gerard van Lomstraat,101,,
4204VD,Gerard van Lomstraat,103,,
4204VD,Gerard van Lomstraat,105,,
4204VD,Gerard van Lomstraat,107,,
4204VD,Gerard van Lomstraat,109,,
4204VD,Gerard van Lomstraat,111,,
4204VD,Gerard van Lomstraat,113,,
4204VD,Gerard van Lomstraat,115,,
4204VD,Gerard van Lomstraat,117,,
4204VD,Gerard van Lomstraat,119,,
4204VD,Gerard van Lomstraat,91,,
4204VD,Gerard van Lomstraat,93,,
4204VE,Gerard van Lomstraat,121,,
4204VE,Gerard van Lomstraat,123,,
4204VE,Gerard van Lomstraat,125,,
4204VE,Gerard van Lomstraat,127,,
4204VE,Gerard van Lomstraat,129,,
4204VE,Gerard van Lomstraat,131,,
4204VE,Gerard van Lomstraat,133,,
4204VE,Gerard van Lomstraat,135,,
4204VE,Gerard van Lomstraat,137,,
4204VE,Gerard van Lomstraat,139,,
4204VE,Gerard van Lomstraat,141,,
4204VE,Gerard van Lomstraat,143,,
4204VE,Gerard van Lomstraat,145,,
4204VE,Gerard van Lomstraat,147,,
4204VE,Gerard van Lomstraat,149,,
4204VG,Gerard van Lomstraat,159,,
4204VG,Gerard van Lomstraat,161,,
4204VG,Gerard van Lomstraat,163,,
4204VG,Gerard van Lomstraat,165,,
4204VG,Gerard van Lomstraat,167,,
4204VG,Gerard van Lomstraat,169,,
4204VG,Gerard van Lomstraat,171,,
4204VG,Gerard van Lomstraat,173,,
4204VG,Gerard van Lomstraat,175,,
4204VG,Gerard van Lomstraat,177,,
4204VG,Gerard van Lomstraat,179,,
4204VG,Gerard van Lomstraat,151,,
4204VG,Gerard van Lomstraat,153,,
4204VG,Gerard van Lomstraat,155,,
4204VG,Gerard van Lomstraat,157,,
4204VH,Gerard van Lomstraat,181,,
4204VH,Gerard van Lomstraat,183,,
4204VH,Gerard van Lomstraat,185,,
4204VH,Gerard van Lomstraat,187,,
4204VH,Gerard van Lomstraat,189,,
4204VH,Gerard van Lomstraat,191,,
4204VH,Gerard van Lomstraat,193,,
4204VH,Gerard van Lomstraat,195,,
4204VH,Gerard van Lomstraat,197,,
4204VH,Gerard van Lomstraat,199,,
4204VH,Gerard van Lomstraat,201,,
4204VH,Gerard van Lomstraat,203,,
4204VH,Gerard van Lomstraat,205,,
4204VH,Gerard van Lomstraat,207,,
4204VH,Gerard van Lomstraat,209,,
4204VJ,Gerard van Lomstraat,211,,
4204VJ,Gerard van Lomstraat,213,,
4204VJ,Gerard van Lomstraat,215,,
4204VJ,Gerard van Lomstraat,217,,
4204VJ,Gerard van Lomstraat,219,,
4204VJ,Gerard van Lomstraat,221,,
4204VJ,Gerard van Lomstraat,223,,
4204VJ,Gerard van Lomstraat,225,,
4204VJ,Gerard van Lomstraat,227,,
4204VJ,Gerard van Lomstraat,229,,
4204VJ,Gerard van Lomstraat,231,,
4204VJ,Gerard van Lomstraat,233,,
4204VJ,Gerard van Lomstraat,235,,
4204VJ,Gerard van Lomstraat,237,,
4204VJ,Gerard van Lomstraat,239,,
4204VK,Gerard van Lomstraat,241,,
4204VK,Gerard van Lomstraat,243,,
4204VK,Gerard van Lomstraat,245,,
4204VK,Gerard van Lomstraat,247,,
4204VK,Gerard van Lomstraat,249,,
4204VK,Gerard van Lomstraat,251,,
4204VK,Gerard van Lomstraat,253,,
4204VK,Gerard van Lomstraat,255,,
4204VK,Gerard van Lomstraat,257,,
4204VK,Gerard van Lomstraat,259,,
4204VK,Gerard van Lomstraat,261,,
4204VK,Gerard van Lomstraat,263,,
4204VK,Gerard van Lomstraat,265,,
4204VK,Gerard van Lomstraat,267,,
4204VK,Gerard van Lomstraat,269,,
4204VL,Gerard van Lomstraat,271,,
4204VL,Gerard van Lomstraat,273,,
4204VL,Gerard van Lomstraat,275,,
4204VL,Gerard van Lomstraat,277,,
4204VL,Gerard van Lomstraat,279,,
4204VL,Gerard van Lomstraat,281,,
4204VL,Gerard van Lomstraat,283,,
4204VL,Gerard van Lomstraat,285,,
4204VL,Gerard van Lomstraat,287,,
4204VL,Gerard van Lomstraat,289,,
4204VL,Gerard van Lomstraat,291,,
4204VL,Gerard van Lomstraat,293,,
4204VL,Gerard van Lomstraat,295,,
4204VL,Gerard van Lomstraat,297,,
4204VL,Gerard van Lomstraat,299,,
4204VM,Gerard van Lomstraat,301,,
4204VM,Gerard van Lomstraat,303,,
4204VM,Gerard van Lomstraat,305,,
4204VM,Gerard van Lomstraat,307,,
4204VM,Gerard van Lomstraat,309,,
4204VM,Gerard van Lomstraat,311,,
4204VM,Gerard van Lomstraat,313,,
4204VM,Gerard van Lomstraat,315,,
4204VM,Gerard van Lomstraat,317,,
4204VM,Gerard van Lomstraat,319,,
4204VM,Gerard van Lomstraat,321,,
4204VM,Gerard van Lomstraat,323,,
4204VM,Gerard van Lomstraat,325,,
4204VM,Gerard van Lomstraat,327,,
4204VM,Gerard van Lomstraat,329,,
4204VN,Gerard van Lomstraat,331,,
4204VN,Gerard van Lomstraat,333,,
4204VN,Gerard van Lomstraat,335,,
4204VN,Gerard van Lomstraat,337,,
4204VN,Gerard van Lomstraat,339,,
4204VN,Gerard van Lomstraat,341,,
4204VN,Gerard van Lomstraat,343,,
4204VN,Gerard van Lomstraat,345,,
4204VN,Gerard van Lomstraat,347,,
4204VN,Gerard van Lomstraat,349,,
4204VN,Gerard van Lomstraat,351,,
4204VN,Gerard van Lomstraat,353,,
4204VN,Gerard van Lomstraat,355,,
4204VN,Gerard van Lomstraat,357,,
4204VN,Gerard van Lomstraat,359,,
4204VP,Gerard van Lomstraat,90,,
4204VP,Gerard van Lomstraat,92,,
4204VP,Gerard van Lomstraat,94,,
4204VP,Gerard van Lomstraat,96,,
4204VP,Gerard van Lomstraat,98,,
4204VP,Gerard van Lomstraat,100,,
4204VP,Gerard van Lomstraat,102,,
4204VP,Gerard van Lomstraat,104,,
4204VP,Gerard van Lomstraat,2,,
4204VP,Gerard van Lomstraat,4,,
4204VP,Gerard van Lomstraat,6,,
4204VP,Gerard van Lomstraat,8,,
4204VP,Gerard van Lomstraat,10,,
4204VP,Gerard van Lomstraat,12,,
4204VP,Gerard van Lomstraat,14,,
4204VP,Gerard van Lomstraat,16,,
4204VP,Gerard van Lomstraat,18,,
4204VP,Gerard van Lomstraat,20,,
4204VP,Gerard van Lomstraat,22,,
4204VP,Gerard van Lomstraat,24,,
4204VP,Gerard van Lomstraat,26,,
4204VP,Gerard van Lomstraat,28,,
4204VP,Gerard van Lomstraat,30,,
4204VP,Gerard van Lomstraat,32,,
4204VP,Gerard van Lomstraat,34,,
4204VP,Gerard van Lomstraat,36,,
4204VP,Gerard van Lomstraat,38,,
4204VP,Gerard van Lomstraat,40,,
4204VP,Gerard van Lomstraat,42,,
4204VP,Gerard van Lomstraat,44,,
4204VP,Gerard van Lomstraat,46,,
4204VP,Gerard van Lomstraat,48,,
4204VP,Gerard van Lomstraat,50,,
4204VP,Gerard van Lomstraat,52,,
4204VP,Gerard van Lomstraat,54,,
4204VP,Gerard van Lomstraat,56,,
4204VP,Gerard van Lomstraat,58,,
4204VP,Gerard van Lomstraat,60,,
4204VP,Gerard van Lomstraat,62,,
4204VP,Gerard van Lomstraat,64,,
4204VP,Gerard van Lomstraat,66,,
4204VP,Gerard van Lomstraat,68,,
4204VP,Gerard van Lomstraat,70,,
4204VP,Gerard van Lomstraat,72,,
4204VP,Gerard van Lomstraat,74,,
4204VP,Gerard van Lomstraat,76,,
4204VP,Gerard van Lomstraat,78,,
4204VP,Gerard van Lomstraat,80,,
4204VP,Gerard van Lomstraat,82,,
4204VP,Gerard van Lomstraat,84,,
4204VP,Gerard van Lomstraat,86,,
4204VP,Gerard van Lomstraat,88,,
4204HZ,Gijsbert van Andelpark,1,,
4204GA,Gildenweg,7,d,
4204GA,Gildenweg,7,a,
4204GA,Gildenweg,7,b,
4204GA,Gildenweg,7,c,
4204GA,Gildenweg,9,d,
4204GA,Gildenweg,9,c,
4204GA,Gildenweg,9,b,
4204GA,Gildenweg,9,a,
4204GA,Gildenweg,11,a,
4204GA,Gildenweg,11,b,
4204GA,Gildenweg,11,c,
4204GA,Gildenweg,11,d,
4204GA,Gildenweg,13,a,
4204GA,Gildenweg,13,b,
4204GA,Gildenweg,13,c,
4204GB,Gildenweg,15,a,
4204GB,Gildenweg,15,b,
4204GB,Gildenweg,15,c,
4204GB,Gildenweg,17,b,
4204GB,Gildenweg,17,c,
4204GB,Gildenweg,17,a,
4204GB,Gildenweg,17,d,
4204GB,Gildenweg,19,a,
4204GB,Gildenweg,19,b,
4204GB,Gildenweg,19,c,
4204GB,Gildenweg,19,d,
4204GB,Gildenweg,21,a,
4204GB,Gildenweg,21,b,
4204GB,Gildenweg,21,c,
4204GB,Gildenweg,23,a,
4204GB,Gildenweg,23,b,
4204GB,Gildenweg,23,c,
4204GB,Gildenweg,23,d,
4204GB,Gildenweg,25,b,
4204GB,Gildenweg,25,c,
4204GB,Gildenweg,25,d,
4204GB,Gildenweg,25,a,
4204GB,Gildenweg,31,h,
4204GC,Gildenweg,33,,
4204GC,Gildenweg,35,,
4204GC,Gildenweg,37,,
4204GC,Gildenweg,39,,
4204GC,Gildenweg,41,,
4204GC,Gildenweg,43,,
4204GC,Gildenweg,45,,
4204GC,Gildenweg,47,,
4204GC,Gildenweg,49,,
4204GC,Gildenweg,51,,
4204GC,Gildenweg,53,,
4204GC,Gildenweg,55,,
4204GC,Gildenweg,57,,
4204GD,Gildenweg,59,,
4204GD,Gildenweg,61,,
4204GD,Gildenweg,63,,
4204GD,Gildenweg,65,,
4204GD,Gildenweg,67,,
4204GD,Gildenweg,69,,
4204GD,Gildenweg,71,,
4204GD,Gildenweg,73,,
4204GD,Gildenweg,75,,
4204GD,Gildenweg,77,,
4204GD,Gildenweg,79,,
4204GD,Gildenweg,81,,
4204GE,Gildenweg,83,,
4204GE,Gildenweg,85,,
4204GE,Gildenweg,87,,
4204GE,Gildenweg,89,,
4204GE,Gildenweg,91,,
4204GE,Gildenweg,93,,
4204GE,Gildenweg,95,,
4204GE,Gildenweg,97,,
4204GE,Gildenweg,99,,
4204GE,Gildenweg,101,,
4204GE,Gildenweg,103,,
4204GE,Gildenweg,105,,
4204GE,Gildenweg,107,,
4204GE,Gildenweg,109,,
4204GE,Gildenweg,111,,
4204GE,Gildenweg,113,,
4204GE,Gildenweg,115,,
4204GE,Gildenweg,117,,
4204GE,Gildenweg,119,,
4204GG,Gildenweg,121,,
4204GG,Gildenweg,123,,
4204GG,Gildenweg,125,,
4204GG,Gildenweg,127,,
4204GG,Gildenweg,129,,
4204GG,Gildenweg,131,,
4204GG,Gildenweg,133,,
4204GG,Gildenweg,135,,
4204GG,Gildenweg,137,,
4204GG,Gildenweg,139,,
4204GG,Gildenweg,141,,
4204GG,Gildenweg,143,,
4204GG,Gildenweg,145,,
4204GG,Gildenweg,147,,
4204GG,Gildenweg,149,,
4204GG,Gildenweg,151,,
4204GG,Gildenweg,153,,
4204GG,Gildenweg,155,,
4204GG,Gildenweg,157,,
4204GG,Gildenweg,159,,
4204GH,Gildenweg,4,,
4204GH,Gildenweg,8,,
4204GH,Gildenweg,10,,
4204GH,Gildenweg,12,,
4204GH,Gildenweg,14,,
4204GH,Gildenweg,16,,
4204GH,Gildenweg,18,,
4204GH,Gildenweg,20,,
4204GH,Gildenweg,22,,
4204GH,Gildenweg,24,,
4204GH,Gildenweg,26,,
4204GH,Gildenweg,28,,
4204GH,Gildenweg,30,,
4204GH,Gildenweg,32,,
4204GH,Gildenweg,34,,
4204GH,Gildenweg,36,,
4204GH,Gildenweg,38,,
4204GJ,Gildenweg,76,k,
4204GJ,Gildenweg,72,,
4204GJ,Gildenweg,70,,
4204GJ,Gildenweg,76,g,
4204GJ,Gildenweg,76,m,
4204GJ,Gildenweg,76,h,
4204GJ,Gildenweg,76,n,
4204GJ,Gildenweg,76,o,
4204GJ,Gildenweg,76,i,
4204GJ,Gildenweg,76,c,
4204GJ,Gildenweg,76,d,
4204GJ,Gildenweg,56,,
4204GJ,Gildenweg,58,,
4204GJ,Gildenweg,60,,
4204GJ,Gildenweg,62,,
4204GJ,Gildenweg,64,,
4204GJ,Gildenweg,66,,
4204GJ,Gildenweg,68,,
4204GJ,Gildenweg,74,,
4204GJ,Gildenweg,76,,
4204GJ,Gildenweg,40,,
4204GJ,Gildenweg,42,,
4204GJ,Gildenweg,44,,
4204GJ,Gildenweg,46,,
4204GJ,Gildenweg,48,,
4204GJ,Gildenweg,50,,
4204GJ,Gildenweg,52,,
4204GJ,Gildenweg,54,,
4204GJ,Gildenweg,76,l,
4204GJ,Gildenweg,76,f,
4204GJ,Gildenweg,76,b,
4204GJ,Gildenweg,76,j,
4204GJ,Gildenweg,76,p,
4204GJ,Gildenweg,76,a,
4204GJ,Gildenweg,76,e,
4204SC,Gruttershof,43,,
4204SC,Gruttershof,45,,
4204SC,Gruttershof,47,,
4204SC,Gruttershof,1,,
4204SC,Gruttershof,3,,
4204SC,Gruttershof,5,,
4204SC,Gruttershof,7,,
4204SC,Gruttershof,9,,
4204SC,Gruttershof,11,,
4204SC,Gruttershof,13,,
4204SC,Gruttershof,15,,
4204SC,Gruttershof,17,,
4204SC,Gruttershof,19,,
4204SC,Gruttershof,21,,
4204SC,Gruttershof,23,,
4204SC,Gruttershof,25,,
4204SC,Gruttershof,27,,
4204SC,Gruttershof,29,,
4204SC,Gruttershof,31,,
4204SC,Gruttershof,33,,
4204SC,Gruttershof,35,,
4204SC,Gruttershof,37,,
4204SC,Gruttershof,39,,
4204SC,Gruttershof,41,,
4204SE,Gruttershof,95,,
4204SE,Gruttershof,77,,
4204SE,Gruttershof,79,,
4204SE,Gruttershof,81,,
4204SE,Gruttershof,83,,
4204SE,Gruttershof,85,,
4204SE,Gruttershof,87,,
4204SE,Gruttershof,89,,
4204SE,Gruttershof,91,,
4204SE,Gruttershof,93,,
4204SE,Gruttershof,49,,
4204SE,Gruttershof,51,,
4204SE,Gruttershof,53,,
4204SE,Gruttershof,55,,
4204SE,Gruttershof,57,,
4204SE,Gruttershof,59,,
4204SE,Gruttershof,61,,
4204SE,Gruttershof,63,,
4204SE,Gruttershof,65,,
4204SE,Gruttershof,67,,
4204SE,Gruttershof,69,,
4204SE,Gruttershof,71,,
4204SE,Gruttershof,73,,
4204SE,Gruttershof,75,,
4204SG,Gruttershof,26,,
4204SG,Gruttershof,24,,
4204SG,Gruttershof,22,,
4204SG,Gruttershof,18,,
4204SG,Gruttershof,2,,
4204SG,Gruttershof,4,,
4204SG,Gruttershof,6,,
4204SG,Gruttershof,8,,
4204SG,Gruttershof,10,,
4204SG,Gruttershof,12,,
4204SG,Gruttershof,14,,
4204SG,Gruttershof,16,,
4204SG,Gruttershof,20,,
4204GM,Hoepmakerstraat,1,,
4204GM,Hoepmakerstraat,3,,
4204GM,Hoepmakerstraat,5,,
4204GM,Hoepmakerstraat,7,,
4204GM,Hoepmakerstraat,9,,
4204GM,Hoepmakerstraat,11,,
4204GM,Hoepmakerstraat,13,,
4204GM,Hoepmakerstraat,15,,
4204GM,Hoepmakerstraat,17,,
4204GM,Hoepmakerstraat,19,,
4204GM,Hoepmakerstraat,21,,
4204GM,Hoepmakerstraat,23,,
4204GM,Hoepmakerstraat,25,,
4204GM,Hoepmakerstraat,27,,
4204GM,Hoepmakerstraat,29,,
4204GM,Hoepmakerstraat,31,,
4204GN,Hoepmakerstraat,46,,
4204GN,Hoepmakerstraat,44,,
4204GN,Hoepmakerstraat,38,,
4204GN,Hoepmakerstraat,40,,
4204GN,Hoepmakerstraat,42,,
4204GN,Hoepmakerstraat,36,,
4204GN,Hoepmakerstraat,32,,
4204GN,Hoepmakerstraat,28,,
4204GN,Hoepmakerstraat,10,,
4204GN,Hoepmakerstraat,12,,
4204GN,Hoepmakerstraat,14,,
4204GN,Hoepmakerstraat,16,,
4204GN,Hoepmakerstraat,18,,
4204GN,Hoepmakerstraat,20,,
4204GN,Hoepmakerstraat,22,,
4204GN,Hoepmakerstraat,24,,
4204GN,Hoepmakerstraat,26,,
4204GN,Hoepmakerstraat,2,,
4204GN,Hoepmakerstraat,4,,
4204GN,Hoepmakerstraat,6,,
4204GN,Hoepmakerstraat,8,,
4204GN,Hoepmakerstraat,30,,
4204GN,Hoepmakerstraat,34,,
4204BE,Pensionarisstraat,3,a,
4204BE,Pensionarisstraat,3,b,
4204BE,Pensionarisstraat,3,c,
4204BE,Pensionarisstraat,5,a,
4204BE,Pensionarisstraat,5,b,
4204BE,Pensionarisstraat,5,c,
4204BE,Pensionarisstraat,7,a,
4204BE,Pensionarisstraat,7,b,
4204BE,Pensionarisstraat,7,c,
4204BE,Pensionarisstraat,1,b,
4204BE,Pensionarisstraat,1,c,
4204BE,Pensionarisstraat,1,a,
4204BE,Pensionarisstraat,9,a,
4204BE,Pensionarisstraat,9,b,
4204BE,Pensionarisstraat,9,c,
4204BE,Pensionarisstraat,11,c,
4204BE,Pensionarisstraat,11,a,
4204BE,Pensionarisstraat,11,b,
4204BG,Pensionarisstraat,4,,
4204BG,Pensionarisstraat,6,,
4204BG,Pensionarisstraat,8,,
4204BG,Pensionarisstraat,10,,
4204BG,Pensionarisstraat,12,,
4204BG,Pensionarisstraat,14,,
4204BG,Pensionarisstraat,16,,
4204BG,Pensionarisstraat,18,,
4204BG,Pensionarisstraat,20,,
4204BG,Pensionarisstraat,2,a,
4204BG,Pensionarisstraat,2,,
4204BG,Pensionarisstraat,22,,
4204BH,Pensionarisstraat,24,,
4204BH,Pensionarisstraat,26,,
4204BH,Pensionarisstraat,28,,
4204BH,Pensionarisstraat,30,,
4204BH,Pensionarisstraat,32,,
4204BH,Pensionarisstraat,34,,
4204BH,Pensionarisstraat,36,,
4204BH,Pensionarisstraat,38,,
4204BH,Pensionarisstraat,40,,
4204BH,Pensionarisstraat,42,,
4204BH,Pensionarisstraat,44,,
4204BH,Pensionarisstraat,46,,
4204BH,Pensionarisstraat,48,,
4204BH,Pensionarisstraat,50,,
4204BH,Pensionarisstraat,52,,
4204BJ,Pensionarisstraat,70,,
4204BJ,Pensionarisstraat,72,,
4204BJ,Pensionarisstraat,74,,
4204BJ,Pensionarisstraat,76,,
4204BJ,Pensionarisstraat,78,,
4204BJ,Pensionarisstraat,80,,
4204BJ,Pensionarisstraat,82,,
4204BJ,Pensionarisstraat,54,,
4204BJ,Pensionarisstraat,56,,
4204BJ,Pensionarisstraat,58,,
4204BJ,Pensionarisstraat,60,,
4204BJ,Pensionarisstraat,62,,
4204BJ,Pensionarisstraat,64,,
4204BJ,Pensionarisstraat,66,,
4204BJ,Pensionarisstraat,68,,
4204BK,Pensionarisstraat,112,,
4204BK,Pensionarisstraat,104,,
4204BK,Pensionarisstraat,100,,
4204BK,Pensionarisstraat,96,,
4204BK,Pensionarisstraat,92,,
4204BK,Pensionarisstraat,88,,
4204BK,Pensionarisstraat,84,,
4204BK,Pensionarisstraat,86,,
4204BK,Pensionarisstraat,90,,
4204BK,Pensionarisstraat,94,,
4204BK,Pensionarisstraat,98,,
4204BK,Pensionarisstraat,102,,
4204BK,Pensionarisstraat,106,,
4204BK,Pensionarisstraat,110,,
4204BK,Pensionarisstraat,108,,
4204BN,Piazza Center,17,,
4204BN,Piazza Center,19,,
4204BN,Piazza Center,8,,
4204BN,Piazza Center,2,,
4204BN,Piazza Center,7,,
4204BN,Piazza Center,9,,
4204BN,Piazza Center,10,,
4204BN,Piazza Center,13,,
4204BN,Piazza Center,15,,
4204BP,Piazza Center,27,,
4204BP,Piazza Center,19,,
4204BP,Piazza Center,22,,
4204BP,Piazza Center,30,a,
4204BP,Piazza Center,34,,
4204BP,Piazza Center,36,,
4204BP,Piazza Center,38,,
4204BR,Piazza Center,57,,
4204BR,Piazza Center,45,,
4204BR,Piazza Center,46,,
4204BR,Piazza Center,49,,
4204BR,Piazza Center,51,,
4204BR,Piazza Center,52,,
4204BR,Piazza Center,55,,
4204BR,Piazza Center,35,a,
4204BR,Piazza Center,41,,
4204BS,Piazza Center,64,,
4204BS,Piazza Center,66,,
4204BS,Piazza Center,70,,
4204BS,Piazza Center,73,,
4204BS,Piazza Center,67,a,
4204BS,Piazza Center,69,a,
4204BS,Piazza Center,74,,
4204BT,Piazza Center,102,,
4204BT,Piazza Center,100,,
4204BT,Piazza Center,98,a,
4204BT,Piazza Center,96,a,
4204BT,Piazza Center,84,a,
4204BT,Piazza Center,94,a,
4204BT,Piazza Center,79,a,
4204BT,Piazza Center,97,,
4204BT,Piazza Center,95,,
4204BT,Piazza Center,91,,
4204BT,Piazza Center,88,,
4204BT,Piazza Center,99,,
4204BT,Piazza Center,101,,
4204RB,Pijpmakerstraat,2,h,
4204RB,Pijpmakerstraat,1,,
4204EZ,Rietdekkerstraat,22,,
4204EZ,Rietdekkerstraat,16,,
4204EZ,Rietdekkerstraat,18,,
4204EZ,Rietdekkerstraat,20,,
4204EZ,Rietdekkerstraat,14,,
4204EZ,Rietdekkerstraat,10,,
4204EZ,Rietdekkerstraat,6,,
4204EZ,Rietdekkerstraat,2,,
4204EZ,Rietdekkerstraat,4,,
4204EZ,Rietdekkerstraat,8,,
4204EZ,Rietdekkerstraat,12,,
4204AN,Kasteleinstraat,1,a,
4204AN,Kasteleinstraat,1,b,
4204AN,Kasteleinstraat,1,c,
4204AN,Kasteleinstraat,3,c,
4204AN,Kasteleinstraat,3,a,
4204AN,Kasteleinstraat,3,b,
4204AN,Kasteleinstraat,5,,
4204AN,Kasteleinstraat,7,,
4204AN,Kasteleinstraat,9,a,
4204AN,Kasteleinstraat,9,b,
4204AN,Kasteleinstraat,9,c,
4204AN,Kasteleinstraat,11,c,
4204AN,Kasteleinstraat,11,a,
4204AN,Kasteleinstraat,11,b,
4204AN,Kasteleinstraat,13,,
4204AN,Kasteleinstraat,15,,
4204AN,Kasteleinstraat,17,a,
4204AN,Kasteleinstraat,17,b,
4204AN,Kasteleinstraat,17,c,
4204AN,Kasteleinstraat,19,a,
4204AN,Kasteleinstraat,19,b,
4204AN,Kasteleinstraat,19,c,
4204AN,Kasteleinstraat,21,,
4204AN,Kasteleinstraat,23,,
4204AN,Kasteleinstraat,25,a,
4204AN,Kasteleinstraat,25,b,
4204AN,Kasteleinstraat,25,c,
4204AN,Kasteleinstraat,27,b,
4204AN,Kasteleinstraat,27,c,
4204AN,Kasteleinstraat,27,a,
4204AP,Kasteleinstraat,45,c,
4204AP,Kasteleinstraat,41,b,
4204AP,Kasteleinstraat,35,b,
4204AP,Kasteleinstraat,35,c,
4204AP,Kasteleinstraat,37,a,
4204AP,Kasteleinstraat,37,b,
4204AP,Kasteleinstraat,37,c,
4204AP,Kasteleinstraat,39,a,
4204AP,Kasteleinstraat,39,c,
4204AP,Kasteleinstraat,39,b,
4204AP,Kasteleinstraat,41,a,
4204AP,Kasteleinstraat,29,,
4204AP,Kasteleinstraat,31,a,
4204AP,Kasteleinstraat,31,b,
4204AP,Kasteleinstraat,31,c,
4204AP,Kasteleinstraat,33,a,
4204AP,Kasteleinstraat,33,b,
4204AP,Kasteleinstraat,33,c,
4204AP,Kasteleinstraat,35,a,
4204AP,Kasteleinstraat,41,c,
4204AP,Kasteleinstraat,45,b,
4204AP,Kasteleinstraat,43,c,
4204AP,Kasteleinstraat,43,b,
4204AP,Kasteleinstraat,43,a,
4204AP,Kasteleinstraat,45,a,
4204RA,Leidekkerstraat,15,,
4204RA,Leidekkerstraat,11,,
4204RA,Leidekkerstraat,9,,
4204RA,Leidekkerstraat,7,,
4204RA,Leidekkerstraat,1,,
4204RA,Leidekkerstraat,2,,
4204RA,Leidekkerstraat,3,,
4204RA,Leidekkerstraat,4,,
4204RA,Leidekkerstraat,5,,
4204RA,Leidekkerstraat,6,,
4204RA,Leidekkerstraat,8,,
4204RA,Leidekkerstraat,10,,
4204RA,Leidekkerstraat,12,,
4204RA,Leidekkerstraat,13,,
4204VP,Gerard van Lomstraat,28,,
4204VP,Gerard van Lomstraat,30,,
4204VP,Gerard van Lomstraat,32,,
4204VP,Gerard van Lomstraat,34,,
4204VP,Gerard van Lomstraat,36,,
4204VP,Gerard van Lomstraat,38,,
4204VP,Gerard van Lomstraat,40,,
4204VP,Gerard van Lomstraat,42,,
4204VP,Gerard van Lomstraat,44,,
4204VP,Gerard van Lomstraat,46,,
4204VP,Gerard van Lomstraat,48,,
4204VP,Gerard van Lomstraat,50,,
4204VP,Gerard van Lomstraat,52,,
4204VP,Gerard van Lomstraat,80,,
4204VP,Gerard van Lomstraat,82,,
4204VP,Gerard van Lomstraat,84,,
4204VP,Gerard van Lomstraat,86,,
4204VP,Gerard van Lomstraat,88,,
4204VP,Gerard van Lomstraat,90,,
4204VP,Gerard van Lomstraat,92,,
4204VP,Gerard van Lomstraat,94,,
4204VP,Gerard van Lomstraat,96,,
4204VP,Gerard van Lomstraat,98,,
4204VP,Gerard van Lomstraat,100,,
4204VP,Gerard van Lomstraat,102,,
4204VP,Gerard van Lomstraat,104,,
4204GE,Gildenweg,119,a,
4204GE,Gildenweg,119,b,
4204GG,Gildenweg,159,,
4204SE,Gruttershof,49,a,
4204BN,Piazza Center,11,,
4204BP,Piazza Center,35,,
4204BR,Piazza Center,35,,
4204BS,Piazza Center,67,,
4204BS,Piazza Center,69,,
4204BS,Piazza Center,71,,
4204BT,Piazza Center,79,,
4204BT,Piazza Center,84,,
4204BT,Piazza Center,98,,
4204BT,Piazza Center,94,,
4204BT,Piazza Center,96,,
4204RB,Pijpmakerstraat,2,,
4204RB,Pijpmakerstraat,4,,
4204RB,Pijpmakerstraat,6,,
4204RB,Pijpmakerstraat,8,,
4204RB,Pijpmakerstraat,10,,
4204RB,Pijpmakerstraat,12,,
4204RB,Pijpmakerstraat,14,,
4204RB,Pijpmakerstraat,16,,
4204RB,Pijpmakerstraat,18,,
4204RB,Pijpmakerstraat,20,,
4204RB,Pijpmakerstraat,22,,
4204RB,Pijpmakerstraat,24,,
4204RB,Pijpmakerstraat,26,,
4204RB,Pijpmakerstraat,28,,
4204RB,Pijpmakerstraat,30,,
4204RB,Pijpmakerstraat,32,,
4204RB,Pijpmakerstraat,34,,
4204RB,Pijpmakerstraat,36,,
4204RB,Pijpmakerstraat,38,,
4204RB,Pijpmakerstraat,40,,
4204RB,Pijpmakerstraat,42,,
4204RB,Pijpmakerstraat,44,,
4204RB,Pijpmakerstraat,46,,
4204RB,Pijpmakerstraat,48,,
4204RB,Pijpmakerstraat,50,,
4204RB,Pijpmakerstraat,52,,
4204RB,Pijpmakerstraat,54,,
4204RB,Pijpmakerstraat,56,,
4204RB,Pijpmakerstraat,58,,
4204RB,Pijpmakerstraat,60,,
4204RB,Pijpmakerstraat,62,,
4204RB,Pijpmakerstraat,64,,
4204RB,Pijpmakerstraat,66,,
4204RB,Pijpmakerstraat,68,,
4204RB,Pijpmakerstraat,70,,
4204RB,Pijpmakerstraat,72,,
4204RB,Pijpmakerstraat,74,,
4204RB,Pijpmakerstraat,76,,
4204RB,Pijpmakerstraat,78,,
4204RB,Pijpmakerstraat,80,,
4204BL,Schepenenstraat,4,c,
4204BL,Schepenenstraat,5,,
4204BL,Schepenenstraat,6,,
4204BL,Schepenenstraat,8,,
4204BL,Schepenenstraat,10,a,
4204BL,Schepenenstraat,10,b,
4204BL,Schepenenstraat,10,c,
4204BL,Schepenenstraat,12,a,
4204BL,Schepenenstraat,12,b,
4204BL,Schepenenstraat,1,,
4204BL,Schepenenstraat,2,a,
4204BL,Schepenenstraat,2,b,
4204BL,Schepenenstraat,2,c,
4204BL,Schepenenstraat,4,a,
4204BL,Schepenenstraat,4,b,
4204BL,Schepenenstraat,12,c,
4204BL,Schepenenstraat,1,,
4204BL,Schepenenstraat,1,,
4204BL,Schepenenstraat,5,,
4204BL,Schepenenstraat,5,,
4204BL,Schepenenstraat,7,,
4204BL,Schepenenstraat,7,,
4204BL,Schepenenstraat,11,,
4204BL,Schepenenstraat,11,,
4204BL,Schepenenstraat,15,,
4204BL,Schepenenstraat,15,,
4204BL,Schepenenstraat,17,,
4204BL,Schepenenstraat,17,,
4204BL,Schepenenstraat,21,,
4204BL,Schepenenstraat,21,,
4204BL,Schepenenstraat,23,,
4204BL,Schepenenstraat,23,,
4204BM,Schepenenstraat,52,,
4204BM,Schepenenstraat,46,,
4204BM,Schepenenstraat,44,,
4204BM,Schepenenstraat,48,,
4204BM,Schepenenstraat,50,,
4204BM,Schepenenstraat,42,,
4204BM,Schepenenstraat,38,,
4204BM,Schepenenstraat,20,c,
4204BM,Schepenenstraat,22,,
4204BM,Schepenenstraat,24,,
4204BM,Schepenenstraat,26,b,
4204BM,Schepenenstraat,26,c,
4204BM,Schepenenstraat,26,a,
4204BM,Schepenenstraat,28,a,
4204BM,Schepenenstraat,28,b,
4204BM,Schepenenstraat,28,c,
4204BM,Schepenenstraat,14,,
4204BM,Schepenenstraat,16,,
4204BM,Schepenenstraat,18,a,
4204BM,Schepenenstraat,18,b,
4204BM,Schepenenstraat,18,c,
4204BM,Schepenenstraat,20,a,
4204BM,Schepenenstraat,20,b,
4204BM,Schepenenstraat,30,,
4204BM,Schepenenstraat,32,,
4204BM,Schepenenstraat,34,a,
4204BM,Schepenenstraat,34,b,
4204BM,Schepenenstraat,34,c,
4204BM,Schepenenstraat,36,a,
4204BM,Schepenenstraat,36,b,
4204BM,Schepenenstraat,36,c,
4204BM,Schepenenstraat,40,,
4204SH,Schilderstraat,13,,
4204SH,Schilderstraat,11,,
4204SH,Schilderstraat,9,,
4204SH,Schilderstraat,7,,
4204SH,Schilderstraat,3,,
4204SH,Schilderstraat,1,,
4204SH,Schilderstraat,5,,
4204AC,Schimmelpennincklaan,3,,
4204AC,Schimmelpennincklaan,5,,
4204AC,Schimmelpennincklaan,7,,
4204AC,Schimmelpennincklaan,9,,
4204AC,Schimmelpennincklaan,11,,
4204AC,Schimmelpennincklaan,13,,
4204AC,Schimmelpennincklaan,15,,
4204AC,Schimmelpennincklaan,17,,
4204AC,Schimmelpennincklaan,19,,
4204AC,Schimmelpennincklaan,1,,
4204AC,Schimmelpennincklaan,21,,
4204AC,Schimmelpennincklaan,23,,
4204AC,Schimmelpennincklaan,25,,
4204AC,Schimmelpennincklaan,27,,
4204AC,Schimmelpennincklaan,29,,
4204AC,Schimmelpennincklaan,31,,
4204AC,Schimmelpennincklaan,33,,
4204AD,Schimmelpennincklaan,4,,
4204AD,Schimmelpennincklaan,6,,
4204AD,Schimmelpennincklaan,8,,
4204AD,Schimmelpennincklaan,10,,
4204AD,Schimmelpennincklaan,12,,
4204AD,Schimmelpennincklaan,14,,
4204AD,Schimmelpennincklaan,16,,
4204AD,Schimmelpennincklaan,18,,
4204AD,Schimmelpennincklaan,20,,
4204AD,Schimmelpennincklaan,2,,
4204AD,Schimmelpennincklaan,22,,
4204AD,Schimmelpennincklaan,24,,
4204AD,Schimmelpennincklaan,26,,
4204AD,Schimmelpennincklaan,28,,
4204AD,Schimmelpennincklaan,30,,
4204AD,Schimmelpennincklaan,32,,
4204AD,Schimmelpennincklaan,34,,
4204AD,Schimmelpennincklaan,36,,
4204AE,Schimmelpennincklaan,38,,
4204AE,Schimmelpennincklaan,40,,
4204AE,Schimmelpennincklaan,42,,
4204AE,Schimmelpennincklaan,44,,
4204AE,Schimmelpennincklaan,46,,
4204AE,Schimmelpennincklaan,48,,
4204AE,Schimmelpennincklaan,50,,
4204AE,Schimmelpennincklaan,52,,
4204AE,Schimmelpennincklaan,54,,
4204AE,Schimmelpennincklaan,56,,
4204AG,Schimmelpennincklaan,88,,
4204AG,Schimmelpennincklaan,82,,
4204AG,Schimmelpennincklaan,84,,
4204AG,Schimmelpennincklaan,86,,
4204AG,Schimmelpennincklaan,80,,
4204AG,Schimmelpennincklaan,76,,
4204AG,Schimmelpennincklaan,72,,
4204AG,Schimmelpennincklaan,58,,
4204AG,Schimmelpennincklaan,60,,
4204AG,Schimmelpennincklaan,62,,
4204AG,Schimmelpennincklaan,64,,
4204AG,Schimmelpennincklaan,66,,
4204AG,Schimmelpennincklaan,68,,
4204AG,Schimmelpennincklaan,70,,
4204AG,Schimmelpennincklaan,74,,
4204AG,Schimmelpennincklaan,78,,
4204BA,Schoutstraat,15,c,
4204BA,Schoutstraat,5,a,
4204BA,Schoutstraat,5,b,
4204BA,Schoutstraat,5,c,
4204BA,Schoutstraat,7,a,
4204BA,Schoutstraat,7,b,
4204BA,Schoutstraat,7,c,
4204BA,Schoutstraat,9,a,
4204BA,Schoutstraat,9,b,
4204BA,Schoutstraat,9,c,
4204BA,Schoutstraat,1,c,
4204BA,Schoutstraat,1,b,
4204BA,Schoutstraat,1,a,
4204BA,Schoutstraat,3,b,
4204BA,Schoutstraat,3,c,
4204BA,Schoutstraat,3,a,
4204BA,Schoutstraat,11,b,
4204BA,Schoutstraat,11,c,
4204BA,Schoutstraat,11,a,
4204BA,Schoutstraat,13,b,
4204BA,Schoutstraat,13,c,
4204BA,Schoutstraat,13,a,
4204BA,Schoutstraat,15,a,
4204BA,Schoutstraat,15,b,
4204BB,Schoutstraat,17,,
4204BB,Schoutstraat,21,,
4204BB,Schoutstraat,23,,
4204BB,Schoutstraat,25,,
4204BB,Schoutstraat,27,,
4204BB,Schoutstraat,29,,
4204BB,Schoutstraat,31,,
4204BB,Schoutstraat,33,,
4204BB,Schoutstraat,35,,
4204BB,Schoutstraat,37,,
4204BB,Schoutstraat,39,,
4204BB,Schoutstraat,41,,
4204BB,Schoutstraat,43,,
4204BB,Schoutstraat,45,,
4204BB,Schoutstraat,47,,
4204BC,Schoutstraat,2,b,
4204BC,Schoutstraat,2,c,
4204BC,Schoutstraat,4,a,
4204BC,Schoutstraat,4,b,
4204BC,Schoutstraat,4,c,
4204BC,Schoutstraat,6,b,
4204BC,Schoutstraat,6,c,
4204BC,Schoutstraat,6,a,
4204BC,Schoutstraat,8,b,
4204BC,Schoutstraat,8,c,
4204BC,Schoutstraat,8,a,
4204BC,Schoutstraat,10,a,
4204BC,Schoutstraat,10,b,
4204BC,Schoutstraat,10,c,
4204BC,Schoutstraat,12,a,
4204BC,Schoutstraat,12,b,
4204BC,Schoutstraat,12,c,
4204BC,Schoutstraat,2,a,
4204BD,Schoutstraat,30,h,
4204BD,Schoutstraat,14,a,
4204BD,Schoutstraat,14,b,
4204BD,Schoutstraat,14,c,
4204BD,Schoutstraat,16,b,
4204BD,Schoutstraat,16,c,
4204BD,Schoutstraat,16,a,
4204BD,Schoutstraat,18,a,
4204BD,Schoutstraat,18,b,
4204BD,Schoutstraat,18,c,
4204BD,Schoutstraat,24,,
4204BD,Schoutstraat,22,,
4204BD,Schoutstraat,20,c,
4204BD,Schoutstraat,20,a,
4204BD,Schoutstraat,20,b,
4204BD,Schoutstraat,26,,
4204BD,Schoutstraat,28,,
4204GP,Schrijnwerkerstraat,27,,
4204GP,Schrijnwerkerstraat,29,,
4204GP,Schrijnwerkerstraat,31,,
4204GP,Schrijnwerkerstraat,9,,
4204GP,Schrijnwerkerstraat,11,,
4204GP,Schrijnwerkerstraat,13,,
4204GP,Schrijnwerkerstraat,15,,
4204GP,Schrijnwerkerstraat,17,,
4204GP,Schrijnwerkerstraat,19,,
4204GP,Schrijnwerkerstraat,21,,
4204GP,Schrijnwerkerstraat,23,,
4204GP,Schrijnwerkerstraat,25,,
4204GP,Schrijnwerkerstraat,1,,
4204GP,Schrijnwerkerstraat,3,,
4204GP,Schrijnwerkerstraat,5,,
4204GP,Schrijnwerkerstraat,7,,
4204GR,Schrijnwerkerstraat,46,,
4204GR,Schrijnwerkerstraat,14,,
4204GR,Schrijnwerkerstraat,16,,
4204GR,Schrijnwerkerstraat,18,,
4204GR,Schrijnwerkerstraat,20,,
4204GR,Schrijnwerkerstraat,22,,
4204GR,Schrijnwerkerstraat,24,,
4204GR,Schrijnwerkerstraat,26,,
4204GR,Schrijnwerkerstraat,28,,
4204GR,Schrijnwerkerstraat,30,,
4204GR,Schrijnwerkerstraat,2,,
4204GR,Schrijnwerkerstraat,4,,
4204GR,Schrijnwerkerstraat,6,,
4204GR,Schrijnwerkerstraat,8,,
4204GR,Schrijnwerkerstraat,10,,
4204GR,Schrijnwerkerstraat,12,,
4204GR,Schrijnwerkerstraat,40,,
4204GR,Schrijnwerkerstraat,38,,
4204GR,Schrijnwerkerstraat,36,,
4204GR,Schrijnwerkerstraat,32,,
4204GR,Schrijnwerkerstraat,34,,
4204GR,Schrijnwerkerstraat,42,,
4204GR,Schrijnwerkerstraat,44,,
4204SB,Schuitenvoerderstraat,47,,
4204SB,Schuitenvoerderstraat,1,,
4204SB,Schuitenvoerderstraat,1,h,
4204SB,Schuitenvoerderstraat,3,,
4204SB,Schuitenvoerderstraat,5,,
4204SB,Schuitenvoerderstraat,7,,
4204SB,Schuitenvoerderstraat,9,,
4204SB,Schuitenvoerderstraat,11,,
4204SB,Schuitenvoerderstraat,13,,
4204SB,Schuitenvoerderstraat,15,,
4204SB,Schuitenvoerderstraat,17,,
4204SB,Schuitenvoerderstraat,19,,
4204SB,Schuitenvoerderstraat,21,,
4204SB,Schuitenvoerderstraat,23,,
4204SB,Schuitenvoerderstraat,25,,
4204SB,Schuitenvoerderstraat,27,,
4204SB,Schuitenvoerderstraat,29,,
4204SB,Schuitenvoerderstraat,31,,
4204SB,Schuitenvoerderstraat,41,,
4204SB,Schuitenvoerderstraat,39,,
4204SB,Schuitenvoerderstraat,37,,
4204SB,Schuitenvoerderstraat,33,,
4204SB,Schuitenvoerderstraat,35,,
4204SB,Schuitenvoerderstraat,43,,
4204SB,Schuitenvoerderstraat,45,,
4204SL,Smedenweg,1,,
4204SL,Smedenweg,3,,
4204SL,Smedenweg,5,,
4204SL,Smedenweg,7,,
4204SL,Smedenweg,9,,
4204SL,Smedenweg,11,,
4204SL,Smedenweg,13,,
4204SL,Smedenweg,15,,
4204SL,Smedenweg,17,,
4204SL,Smedenweg,19,,
4204SL,Smedenweg,21,,
4204SL,Smedenweg,23,,
4204SL,Smedenweg,25,,
4204SL,Smedenweg,27,,
4204SL,Smedenweg,29,,
4204SL,Smedenweg,31,,
4204SM,Smedenweg,57,,
4204SM,Smedenweg,59,,
4204SM,Smedenweg,61,,
4204SM,Smedenweg,63,,
4204SM,Smedenweg,33,,
4204SM,Smedenweg,35,,
4204SM,Smedenweg,37,,
4204SM,Smedenweg,39,,
4204SM,Smedenweg,41,,
4204SM,Smedenweg,43,,
4204SM,Smedenweg,45,,
4204SM,Smedenweg,47,,
4204SM,Smedenweg,49,,
4204SM,Smedenweg,51,,
4204SM,Smedenweg,53,,
4204SM,Smedenweg,55,,
4204SN,Smedenweg,93,,
4204SN,Smedenweg,95,,
4204SN,Smedenweg,75,,
4204SN,Smedenweg,77,,
4204SN,Smedenweg,79,,
4204SN,Smedenweg,81,,
4204SN,Smedenweg,83,,
4204SN,Smedenweg,85,,
4204SN,Smedenweg,87,,
4204SN,Smedenweg,89,,
4204SN,Smedenweg,91,,
4204SN,Smedenweg,65,,
4204SN,Smedenweg,67,,
4204SN,Smedenweg,69,,
4204SN,Smedenweg,71,,
4204SN,Smedenweg,73,,
4204SP,Smedenweg,127,,
4204SP,Smedenweg,123,,
4204SP,Smedenweg,119,,
4204SP,Smedenweg,115,,
4204SP,Smedenweg,111,,
4204SP,Smedenweg,97,,
4204SP,Smedenweg,99,,
4204SP,Smedenweg,101,,
4204SP,Smedenweg,103,,
4204SP,Smedenweg,105,,
4204SP,Smedenweg,107,,
4204SP,Smedenweg,109,,
4204SP,Smedenweg,113,,
4204SP,Smedenweg,117,,
4204SP,Smedenweg,121,,
4204SP,Smedenweg,125,,
4204EA,Snijderstraat,1,b,
4204EA,Snijderstraat,1,c,
4204EA,Snijderstraat,1,a,
4204EA,Snijderstraat,1,d,
4204EA,Snijderstraat,3,d,
4204EA,Snijderstraat,3,a,
4204EA,Snijderstraat,3,b,
4204EA,Snijderstraat,3,c,
4204EA,Snijderstraat,5,d,
4204EA,Snijderstraat,5,c,
4204EA,Snijderstraat,5,b,
4204EA,Snijderstraat,5,a,
4204EA,Snijderstraat,7,a,
4204EA,Snijderstraat,7,b,
4204EA,Snijderstraat,7,c,
4204EA,Snijderstraat,9,a,
4204EA,Snijderstraat,9,b,
4204EA,Snijderstraat,9,c,
4204EA,Snijderstraat,11,a,
4204EA,Snijderstraat,11,b,
4204EA,Snijderstraat,11,c,
4204EA,Snijderstraat,11,d,
4204EB,Snijderstraat,13,b,
4204EB,Snijderstraat,23,b,
4204EB,Snijderstraat,23,c,
4204EB,Snijderstraat,19,a,
4204EB,Snijderstraat,19,b,
4204EB,Snijderstraat,19,c,
4204EB,Snijderstraat,19,d,
4204EB,Snijderstraat,21,d,
4204EB,Snijderstraat,21,a,
4204EB,Snijderstraat,21,b,
4204EB,Snijderstraat,21,c,
4204EB,Snijderstraat,23,a,
4204EB,Snijderstraat,13,c,
4204EB,Snijderstraat,13,a,
4204EB,Snijderstraat,13,d,
4204EB,Snijderstraat,15,a,
4204EB,Snijderstraat,15,b,
4204EB,Snijderstraat,15,c,
4204EB,Snijderstraat,17,a,
4204EB,Snijderstraat,17,b,
4204EB,Snijderstraat,17,c,
4204EC,Snijderstraat,25,a,
4204EC,Snijderstraat,25,b,
4204EC,Snijderstraat,25,c,
4204EC,Snijderstraat,25,d,
4204EC,Snijderstraat,27,a,
4204EC,Snijderstraat,27,b,
4204EC,Snijderstraat,27,c,
4204EC,Snijderstraat,27,d,
4204ED,Snijderstraat,4,d,
4204ED,Snijderstraat,6,b,
4204ED,Snijderstraat,6,c,
4204ED,Snijderstraat,6,a,
4204ED,Snijderstraat,6,d,
4204ED,Snijderstraat,8,a,
4204ED,Snijderstraat,8,b,
4204ED,Snijderstraat,8,c,
4204ED,Snijderstraat,8,d,
4204ED,Snijderstraat,2,b,
4204ED,Snijderstraat,2,c,
4204ED,Snijderstraat,2,a,
4204ED,Snijderstraat,2,d,
4204ED,Snijderstraat,4,a,
4204ED,Snijderstraat,4,b,
4204ED,Snijderstraat,4,c,
4204EE,Snijderstraat,16,c,
4204EE,Snijderstraat,16,d,
4204EE,Snijderstraat,14,c,
4204EE,Snijderstraat,14,a,
4204EE,Snijderstraat,10,a,
4204EE,Snijderstraat,10,d,
4204EE,Snijderstraat,10,b,
4204EE,Snijderstraat,10,c,
4204EE,Snijderstraat,12,a,
4204EE,Snijderstraat,12,b,
4204EE,Snijderstraat,12,c,
4204EE,Snijderstraat,12,d,
4204EE,Snijderstraat,14,b,
4204EE,Snijderstraat,14,d,
4204EE,Snijderstraat,16,a,
4204EE,Snijderstraat,16,b,
4204TR,Tapperstraat,27,,
4204TR,Tapperstraat,29,,
4204TR,Tapperstraat,31,,
4204TR,Tapperstraat,33,,
4204TR,Tapperstraat,35,,
4204TR,Tapperstraat,37,,
4204TR,Tapperstraat,39,,
4204TR,Tapperstraat,41,,
4204TR,Tapperstraat,43,,
4204TR,Tapperstraat,1,,
4204TR,Tapperstraat,5,,
4204TR,Tapperstraat,7,,
4204TR,Tapperstraat,9,,
4204TR,Tapperstraat,11,,
4204TR,Tapperstraat,13,,
4204TR,Tapperstraat,15,,
4204TR,Tapperstraat,17,,
4204TR,Tapperstraat,19,,
4204TR,Tapperstraat,21,,
4204TR,Tapperstraat,23,,
4204TR,Tapperstraat,25,,
4204TR,Tapperstraat,45,,
4204TR,Tapperstraat,47,,
4204TR,Tapperstraat,49,,
4204TR,Tapperstraat,51,,
4204TS,Tapperstraat,79,,
4204TS,Tapperstraat,61,,
4204TS,Tapperstraat,63,,
4204TS,Tapperstraat,65,,
4204TS,Tapperstraat,67,,
4204TS,Tapperstraat,69,,
4204TS,Tapperstraat,71,,
4204TS,Tapperstraat,73,,
4204TS,Tapperstraat,75,,
4204TS,Tapperstraat,77,,
4204TS,Tapperstraat,53,,
4204TS,Tapperstraat,55,,
4204TS,Tapperstraat,57,,
4204TS,Tapperstraat,59,,
4204TT,Tapperstraat,34,,
4204TT,Tapperstraat,24,,
4204TT,Tapperstraat,20,,
4204TT,Tapperstraat,4,,
4204TT,Tapperstraat,6,,
4204TT,Tapperstraat,8,,
4204TT,Tapperstraat,10,,
4204TT,Tapperstraat,12,,
4204TT,Tapperstraat,14,,
4204TT,Tapperstraat,16,,
4204TT,Tapperstraat,18,,
4204TT,Tapperstraat,22,,
4204TT,Tapperstraat,26,,
4204TT,Tapperstraat,32,,
4204TT,Tapperstraat,30,,
4204TT,Tapperstraat,28,,
4204EL,Twijnderstraat,1,e,
4204EL,Twijnderstraat,1,i,
4204EL,Twijnderstraat,1,f,
4204EL,Twijnderstraat,1,g,
4204EL,Twijnderstraat,1,j,
4204EL,Twijnderstraat,1,c,
4204EL,Twijnderstraat,1,b,
4204EL,Twijnderstraat,1,a,
4204EL,Twijnderstraat,1,,
4204EL,Twijnderstraat,1,h,
4204EL,Twijnderstraat,1,d,
4204EL,Twijnderstraat,3,,
4204EL,Twijnderstraat,5,,
4204EL,Twijnderstraat,7,,
4204EL,Twijnderstraat,9,,
4204EL,Twijnderstraat,9,a,
4204EL,Twijnderstraat,11,,
4204EL,Twijnderstraat,13,,
4204EL,Twijnderstraat,15,a,
4204EL,Twijnderstraat,15,,
4204EL,Twijnderstraat,17,,
4204EL,Twijnderstraat,19,,
4204EL,Twijnderstraat,21,,
4204EL,Twijnderstraat,23,,
4204EM,Twijnderstraat,89,,
4204EM,Twijnderstraat,71,,
4204EM,Twijnderstraat,73,,
4204EM,Twijnderstraat,75,,
4204EM,Twijnderstraat,77,,
4204EM,Twijnderstraat,79,,
4204EM,Twijnderstraat,81,,
4204EM,Twijnderstraat,83,,
4204EM,Twijnderstraat,85,,
4204EM,Twijnderstraat,87,,
4204EM,Twijnderstraat,91,,
4204EM,Twijnderstraat,25,,
4204EM,Twijnderstraat,27,,
4204EM,Twijnderstraat,29,,
4204EM,Twijnderstraat,31,,
4204EM,Twijnderstraat,33,,
4204EM,Twijnderstraat,35,,
4204EM,Twijnderstraat,37,,
4204EM,Twijnderstraat,39,,
4204EM,Twijnderstraat,41,,
4204EM,Twijnderstraat,43,,
4204EM,Twijnderstraat,45,,
4204EM,Twijnderstraat,47,,
4204EM,Twijnderstraat,49,,
4204EM,Twijnderstraat,51,,
4204EM,Twijnderstraat,53,,
4204EM,Twijnderstraat,55,,
4204EM,Twijnderstraat,57,,
4204EM,Twijnderstraat,59,,
4204EM,Twijnderstraat,61,,
4204EM,Twijnderstraat,63,,
4204EM,Twijnderstraat,65,,
4204EM,Twijnderstraat,67,,
4204EM,Twijnderstraat,69,,
4204EN,Twijnderstraat,6,d,
4204EN,Twijnderstraat,6,c,
4204EN,Twijnderstraat,6,a,
4204EN,Twijnderstraat,6,b,
4204EN,Twijnderstraat,8,a,
4204EN,Twijnderstraat,8,b,
4204EN,Twijnderstraat,8,c,
4204EN,Twijnderstraat,10,a,
4204EN,Twijnderstraat,10,b,
4204EN,Twijnderstraat,2,b,
4204EN,Twijnderstraat,2,c,
4204EN,Twijnderstraat,2,a,
4204EN,Twijnderstraat,2,d,
4204EN,Twijnderstraat,4,d,
4204EN,Twijnderstraat,4,a,
4204EN,Twijnderstraat,4,b,
4204EN,Twijnderstraat,4,c,
4204EN,Twijnderstraat,10,c,
4204EN,Twijnderstraat,12,a,
4204EN,Twijnderstraat,12,b,
4204EN,Twijnderstraat,12,c,
4204EN,Twijnderstraat,12,d,
4204EP,Twijnderstraat,24,a,
4204EP,Twijnderstraat,20,c,
4204EP,Twijnderstraat,20,a,
4204EP,Twijnderstraat,20,b,
4204EP,Twijnderstraat,22,d,
4204EP,Twijnderstraat,22,a,
4204EP,Twijnderstraat,22,b,
4204EP,Twijnderstraat,22,c,
4204EP,Twijnderstraat,24,c,
4204EP,Twijnderstraat,24,b,
4204EP,Twijnderstraat,14,c,
4204EP,Twijnderstraat,14,d,
4204EP,Twijnderstraat,14,b,
4204EP,Twijnderstraat,14,a,
4204EP,Twijnderstraat,16,b,
4204EP,Twijnderstraat,16,c,
4204EP,Twijnderstraat,16,a,
4204EP,Twijnderstraat,18,c,
4204EP,Twijnderstraat,18,a,
4204EP,Twijnderstraat,18,b,
4204EP,Twijnderstraat,20,d,
4204ER,Twijnderstraat,26,a,
4204ER,Twijnderstraat,26,b,
4204ER,Twijnderstraat,26,c,
4204ER,Twijnderstraat,26,d,
4204ER,Twijnderstraat,28,c,
4204ER,Twijnderstraat,28,d,
4204ER,Twijnderstraat,28,b,
4204ER,Twijnderstraat,28,a,
4204XA,Van Goudoeverstraat,1,,
4204XA,Van Goudoeverstraat,3,,
4204XA,Van Goudoeverstraat,5,,
4204XA,Van Goudoeverstraat,7,,
4204XA,Van Goudoeverstraat,9,,
4204XA,Van Goudoeverstraat,11,,
4204XA,Van Goudoeverstraat,13,,
4204XA,Van Goudoeverstraat,15,,
4204XA,Van Goudoeverstraat,17,,
4204XA,Van Goudoeverstraat,19,,
4204XA,Van Goudoeverstraat,21,,
4204XA,Van Goudoeverstraat,23,,
4204XA,Van Goudoeverstraat,25,,
4204XA,Van Goudoeverstraat,27,,
4204XA,Van Goudoeverstraat,29,,
4204XB,Van Goudoeverstraat,41,,
4204XB,Van Goudoeverstraat,43,,
4204XB,Van Goudoeverstraat,45,,
4204XB,Van Goudoeverstraat,47,,
4204XB,Van Goudoeverstraat,49,,
4204XB,Van Goudoeverstraat,51,,
4204XB,Van Goudoeverstraat,53,,
4204XB,Van Goudoeverstraat,55,,
4204XB,Van Goudoeverstraat,57,,
4204XB,Van Goudoeverstraat,59,,
4204XB,Van Goudoeverstraat,31,,
4204XB,Van Goudoeverstraat,33,,
4204XB,Van Goudoeverstraat,35,,
4204XB,Van Goudoeverstraat,37,,
4204XB,Van Goudoeverstraat,39,,
4204XC,Van Goudoeverstraat,61,,
4204XC,Van Goudoeverstraat,63,,
4204XC,Van Goudoeverstraat,65,,
4204XC,Van Goudoeverstraat,67,,
4204XC,Van Goudoeverstraat,69,,
4204XC,Van Goudoeverstraat,71,,
4204XC,Van Goudoeverstraat,73,,
4204XC,Van Goudoeverstraat,75,,
4204XC,Van Goudoeverstraat,77,,
4204XC,Van Goudoeverstraat,79,,
4204XC,Van Goudoeverstraat,81,,
4204XC,Van Goudoeverstraat,83,,
4204XC,Van Goudoeverstraat,85,,
4204XC,Van Goudoeverstraat,87,,
4204XC,Van Goudoeverstraat,89,,
4204XD,Van Goudoeverstraat,91,,
4204XD,Van Goudoeverstraat,93,,
4204XD,Van Goudoeverstraat,95,,
4204XD,Van Goudoeverstraat,97,,
4204XD,Van Goudoeverstraat,99,,
4204XD,Van Goudoeverstraat,101,,
4204XD,Van Goudoeverstraat,103,,
4204XD,Van Goudoeverstraat,105,,
4204XD,Van Goudoeverstraat,107,,
4204XD,Van Goudoeverstraat,109,,
4204XD,Van Goudoeverstraat,111,,
4204XD,Van Goudoeverstraat,113,,
4204XD,Van Goudoeverstraat,115,,
4204XD,Van Goudoeverstraat,117,,
4204XD,Van Goudoeverstraat,119,,
4204XE,Van Goudoeverstraat,121,,
4204XE,Van Goudoeverstraat,123,,
4204XE,Van Goudoeverstraat,125,,
4204XE,Van Goudoeverstraat,127,,
4204XE,Van Goudoeverstraat,129,,
4204XE,Van Goudoeverstraat,131,,
4204XE,Van Goudoeverstraat,133,,
4204XE,Van Goudoeverstraat,135,,
4204XE,Van Goudoeverstraat,137,,
4204XE,Van Goudoeverstraat,139,,
4204XE,Van Goudoeverstraat,141,,
4204XE,Van Goudoeverstraat,143,,
4204XE,Van Goudoeverstraat,145,,
4204XE,Van Goudoeverstraat,147,,
4204XE,Van Goudoeverstraat,149,,
4204XG,Van Goudoeverstraat,151,,
4204XG,Van Goudoeverstraat,153,,
4204XG,Van Goudoeverstraat,155,,
4204XG,Van Goudoeverstraat,157,,
4204XG,Van Goudoeverstraat,159,,
4204XG,Van Goudoeverstraat,161,,
4204XG,Van Goudoeverstraat,163,,
4204XG,Van Goudoeverstraat,165,,
4204XG,Van Goudoeverstraat,167,,
4204XG,Van Goudoeverstraat,169,,
4204XG,Van Goudoeverstraat,171,,
4204XG,Van Goudoeverstraat,173,,
4204XG,Van Goudoeverstraat,175,,
4204XG,Van Goudoeverstraat,177,,
4204XG,Van Goudoeverstraat,179,,
4204XH,Van Goudoeverstraat,203,,
4204XH,Van Goudoeverstraat,205,,
4204XH,Van Goudoeverstraat,207,,
4204XH,Van Goudoeverstraat,209,,
4204XH,Van Goudoeverstraat,181,,
4204XH,Van Goudoeverstraat,183,,
4204XH,Van Goudoeverstraat,185,,
4204XH,Van Goudoeverstraat,187,,
4204XH,Van Goudoeverstraat,189,,
4204XH,Van Goudoeverstraat,191,,
4204XH,Van Goudoeverstraat,193,,
4204XH,Van Goudoeverstraat,195,,
4204XH,Van Goudoeverstraat,197,,
4204XH,Van Goudoeverstraat,199,,
4204XH,Van Goudoeverstraat,201,,
4204XJ,Van Goudoeverstraat,237,,
4204XJ,Van Goudoeverstraat,239,,
4204XJ,Van Goudoeverstraat,211,,
4204XJ,Van Goudoeverstraat,213,,
4204XJ,Van Goudoeverstraat,215,,
4204XJ,Van Goudoeverstraat,217,,
4204XJ,Van Goudoeverstraat,219,,
4204XJ,Van Goudoeverstraat,221,,
4204XJ,Van Goudoeverstraat,223,,
4204XJ,Van Goudoeverstraat,225,,
4204XJ,Van Goudoeverstraat,227,,
4204XJ,Van Goudoeverstraat,229,,
4204XJ,Van Goudoeverstraat,231,,
4204XJ,Van Goudoeverstraat,233,,
4204XJ,Van Goudoeverstraat,235,,
4204XK,Van Goudoeverstraat,82,,
4204XK,Van Goudoeverstraat,68,,
4204XK,Van Goudoeverstraat,50,,
4204XK,Van Goudoeverstraat,52,,
4204XK,Van Goudoeverstraat,54,,
4204XK,Van Goudoeverstraat,56,,
4204XK,Van Goudoeverstraat,58,,
4204XK,Van Goudoeverstraat,60,,
4204XK,Van Goudoeverstraat,62,,
4204XK,Van Goudoeverstraat,64,,
4204XK,Van Goudoeverstraat,66,,
4204XK,Van Goudoeverstraat,32,,
4204XK,Van Goudoeverstraat,34,,
4204XK,Van Goudoeverstraat,36,,
4204XK,Van Goudoeverstraat,38,,
4204XK,Van Goudoeverstraat,40,,
4204XK,Van Goudoeverstraat,42,,
4204XK,Van Goudoeverstraat,44,,
4204XK,Van Goudoeverstraat,46,,
4204XK,Van Goudoeverstraat,48,,
4204XK,Van Goudoeverstraat,2,,
4204XK,Van Goudoeverstraat,4,,
4204XK,Van Goudoeverstraat,6,,
4204XK,Van Goudoeverstraat,8,,
4204XK,Van Goudoeverstraat,10,,
4204XK,Van Goudoeverstraat,12,,
4204XK,Van Goudoeverstraat,14,,
4204XK,Van Goudoeverstraat,16,,
4204XK,Van Goudoeverstraat,18,,
4204XK,Van Goudoeverstraat,20,,
4204XK,Van Goudoeverstraat,22,,
4204XK,Van Goudoeverstraat,24,,
4204XK,Van Goudoeverstraat,26,,
4204XK,Van Goudoeverstraat,28,,
4204XK,Van Goudoeverstraat,30,,
4204XK,Van Goudoeverstraat,70,,
4204XK,Van Goudoeverstraat,80,,
4204XK,Van Goudoeverstraat,76,,
4204XK,Van Goudoeverstraat,74,,
4204XK,Van Goudoeverstraat,72,,
4204XK,Van Goudoeverstraat,78,,
4204XK,Van Goudoeverstraat,22,,
4204XK,Van Goudoeverstraat,24,,
4204XK,Van Goudoeverstraat,26,,
4204XK,Van Goudoeverstraat,28,,
4204XK,Van Goudoeverstraat,30,,
4204XK,Van Goudoeverstraat,32,,
4204XK,Van Goudoeverstraat,34,,
4204XK,Van Goudoeverstraat,36,,
4204XK,Van Goudoeverstraat,38,,
4204XK,Van Goudoeverstraat,40,,
4204XK,Van Goudoeverstraat,62,,
4204XK,Van Goudoeverstraat,64,,
4204XK,Van Goudoeverstraat,66,,
4204XK,Van Goudoeverstraat,68,,
4204XK,Van Goudoeverstraat,70,,
4204XK,Van Goudoeverstraat,72,,
4204XK,Van Goudoeverstraat,74,,
4204XK,Van Goudoeverstraat,76,,
4204XK,Van Goudoeverstraat,78,,
4204XK,Van Goudoeverstraat,80,,
4204XL,Van Hogendorpweg,1,,
4204XL,Van Hogendorpweg,3,,
4204XL,Van Hogendorpweg,5,,
4204XL,Van Hogendorpweg,7,,
4204XL,Van Hogendorpweg,9,,
4204XL,Van Hogendorpweg,11,,
4204XL,Van Hogendorpweg,13,,
4204XL,Van Hogendorpweg,15,,
4204XL,Van Hogendorpweg,17,,
4204XL,Van Hogendorpweg,19,,
4204XL,Van Hogendorpweg,21,,
4204XL,Van Hogendorpweg,23,,
4204XL,Van Hogendorpweg,25,,
4204XL,Van Hogendorpweg,27,,
4204XL,Van Hogendorpweg,29,,
4204XM,Van Hogendorpweg,31,,
4204XM,Van Hogendorpweg,33,,
4204XM,Van Hogendorpweg,35,,
4204XM,Van Hogendorpweg,37,,
4204XM,Van Hogendorpweg,39,,
4204XM,Van Hogendorpweg,41,,
4204XM,Van Hogendorpweg,43,,
4204XM,Van Hogendorpweg,45,,
4204XM,Van Hogendorpweg,47,,
4204XM,Van Hogendorpweg,49,,
4204XM,Van Hogendorpweg,51,,
4204XM,Van Hogendorpweg,53,,
4204XM,Van Hogendorpweg,55,,
4204XM,Van Hogendorpweg,57,,
4204XM,Van Hogendorpweg,59,,
4204XN,Van Hogendorpweg,61,,
4204XN,Van Hogendorpweg,63,,
4204XN,Van Hogendorpweg,65,,
4204XN,Van Hogendorpweg,67,,
4204XN,Van Hogendorpweg,69,,
4204XN,Van Hogendorpweg,71,,
4204XN,Van Hogendorpweg,73,,
4204XN,Van Hogendorpweg,75,,
4204XN,Van Hogendorpweg,77,,
4204XN,Van Hogendorpweg,79,,
4204XN,Van Hogendorpweg,81,,
4204XN,Van Hogendorpweg,83,,
4204XN,Van Hogendorpweg,85,,
4204XN,Van Hogendorpweg,87,,
4204XN,Van Hogendorpweg,89,,
4204XP,Van Hogendorpweg,91,,
4204XP,Van Hogendorpweg,93,,
4204XP,Van Hogendorpweg,95,,
4204XP,Van Hogendorpweg,97,,
4204XP,Van Hogendorpweg,99,,
4204XP,Van Hogendorpweg,101,,
4204XP,Van Hogendorpweg,103,,
4204XP,Van Hogendorpweg,105,,
4204XP,Van Hogendorpweg,107,,
4204XP,Van Hogendorpweg,109,,
4204XP,Van Hogendorpweg,111,,
4204XP,Van Hogendorpweg,113,,
4204XP,Van Hogendorpweg,115,,
4204XP,Van Hogendorpweg,117,,
4204XP,Van Hogendorpweg,119,,
4204XR,Van Hogendorpweg,129,,
4204XR,Van Hogendorpweg,131,,
4204XR,Van Hogendorpweg,133,,
4204XR,Van Hogendorpweg,135,,
4204XR,Van Hogendorpweg,137,,
4204XR,Van Hogendorpweg,139,,
4204XR,Van Hogendorpweg,141,,
4204XR,Van Hogendorpweg,143,,
4204XR,Van Hogendorpweg,145,,
4204XR,Van Hogendorpweg,121,,
4204XR,Van Hogendorpweg,123,,
4204XR,Van Hogendorpweg,125,,
4204XR,Van Hogendorpweg,127,,
4204XR,Van Hogendorpweg,147,,
4204XR,Van Hogendorpweg,149,,
4204XS,Van Hogendorpweg,163,,
4204XS,Van Hogendorpweg,165,,
4204XS,Van Hogendorpweg,167,,
4204XS,Van Hogendorpweg,169,,
4204XS,Van Hogendorpweg,171,,
4204XS,Van Hogendorpweg,173,,
4204XS,Van Hogendorpweg,175,,
4204XS,Van Hogendorpweg,177,,
4204XS,Van Hogendorpweg,179,,
4204XS,Van Hogendorpweg,151,,
4204XS,Van Hogendorpweg,153,,
4204XS,Van Hogendorpweg,155,,
4204XS,Van Hogendorpweg,157,,
4204XS,Van Hogendorpweg,159,,
4204XS,Van Hogendorpweg,161,,
4204XT,Van Hogendorpweg,197,,
4204XT,Van Hogendorpweg,199,,
4204XT,Van Hogendorpweg,201,,
4204XT,Van Hogendorpweg,203,,
4204XT,Van Hogendorpweg,205,,
4204XT,Van Hogendorpweg,207,,
4204XT,Van Hogendorpweg,209,,
4204XT,Van Hogendorpweg,181,,
4204XT,Van Hogendorpweg,183,,
4204XT,Van Hogendorpweg,185,,
4204XT,Van Hogendorpweg,187,,
4204XT,Van Hogendorpweg,189,,
4204XT,Van Hogendorpweg,191,,
4204XT,Van Hogendorpweg,193,,
4204XT,Van Hogendorpweg,195,,
4204XV,Van Hogendorpweg,233,,
4204XV,Van Hogendorpweg,215,,
4204XV,Van Hogendorpweg,217,,
4204XV,Van Hogendorpweg,219,,
4204XV,Van Hogendorpweg,221,,
4204XV,Van Hogendorpweg,223,,
4204XV,Van Hogendorpweg,225,,
4204XV,Van Hogendorpweg,227,,
4204XV,Van Hogendorpweg,229,,
4204XV,Van Hogendorpweg,231,,
4204XV,Van Hogendorpweg,211,,
4204XV,Van Hogendorpweg,213,,
4204XV,Van Hogendorpweg,235,,
4204XV,Van Hogendorpweg,239,,
4204XV,Van Hogendorpweg,237,,
4204XW,Van Hogendorpweg,6,a,
4204XW,Van Hogendorpweg,8,,
4204XW,Van Hogendorpweg,6,,
4204AH,Van Tets van Goudriaanstraat,15,,
4204AH,Van Tets van Goudriaanstraat,1,,
4204AH,Van Tets van Goudriaanstraat,3,,
4204AH,Van Tets van Goudriaanstraat,13,,
4204AH,Van Tets van Goudriaanstraat,9,,
4204AH,Van Tets van Goudriaanstraat,7,,
4204AH,Van Tets van Goudriaanstraat,5,,
4204AH,Van Tets van Goudriaanstraat,11,,
4204GS,Vleeshouwerstraat,2,,
4204GS,Vleeshouwerstraat,4,,
4204GS,Vleeshouwerstraat,6,,
4204GS,Vleeshouwerstraat,8,,
4204GS,Vleeshouwerstraat,10,,
4204GS,Vleeshouwerstraat,12,,
4204GS,Vleeshouwerstraat,14,,
4204GS,Vleeshouwerstraat,16,,
4204GS,Vleeshouwerstraat,18,,
4204GS,Vleeshouwerstraat,20,,
4204GS,Vleeshouwerstraat,22,,
4204GS,Vleeshouwerstraat,24,,
4204GS,Vleeshouwerstraat,26,,
4204GS,Vleeshouwerstraat,28,,
4204GS,Vleeshouwerstraat,30,,
4204GS,Vleeshouwerstraat,32,,
4204GS,Vleeshouwerstraat,34,,
4204GS,Vleeshouwerstraat,36,,
4204GS,Vleeshouwerstraat,38,,
4204GS,Vleeshouwerstraat,40,,
4204GS,Vleeshouwerstraat,42,,
4204GS,Vleeshouwerstraat,44,,
4204GS,Vleeshouwerstraat,46,,
4204GS,Vleeshouwerstraat,48,,
4204GS,Vleeshouwerstraat,50,,
4204GS,Vleeshouwerstraat,52,,
4204GT,Vleeshouwerstraat,15,,
4204GT,Vleeshouwerstraat,13,,
4204GT,Vleeshouwerstraat,11,,
4204GT,Vleeshouwerstraat,9,,
4204GT,Vleeshouwerstraat,5,,
4204GT,Vleeshouwerstraat,1,,
4204GT,Vleeshouwerstraat,3,,
4204GT,Vleeshouwerstraat,7,,
4204RC,Voermanstraat,1,,
4204RC,Voermanstraat,3,,
4204RH,Voermanstraat,245,,
4204RH,Voermanstraat,247,,
4204RH,Voermanstraat,249,,
4204RH,Voermanstraat,251,,
4204RH,Voermanstraat,253,,
4204RH,Voermanstraat,255,,
4204RH,Voermanstraat,257,,
4204RH,Voermanstraat,259,,
4204RH,Voermanstraat,343,,
4204RH,Voermanstraat,345,,
4204RH,Voermanstraat,347,,
4204RH,Voermanstraat,349,,
4204RH,Voermanstraat,351,,
4204RH,Voermanstraat,353,,
4204RH,Voermanstraat,355,,
4204RH,Voermanstraat,357,,
4204RH,Voermanstraat,359,,
4204RH,Voermanstraat,443,,
4204RH,Voermanstraat,445,,
4204RH,Voermanstraat,447,,
4204RH,Voermanstraat,449,,
4204RH,Voermanstraat,451,,
4204RH,Voermanstraat,453,,
4204RH,Voermanstraat,455,,
4204RH,Voermanstraat,457,,
4204RH,Voermanstraat,459,,
4204RH,Voermanstraat,549,,
4204RH,Voermanstraat,551,,
4204RH,Voermanstraat,553,,
4204RH,Voermanstraat,555,,
4204RH,Voermanstraat,557,,
4204RH,Voermanstraat,559,,
4204RH,Voermanstraat,141,,105
4204RH,Voermanstraat,141,,305
4204RH,Voermanstraat,161,,
4204RH,Voermanstraat,163,,
4204RH,Voermanstraat,165,,
4204RH,Voermanstraat,167,,
4204RH,Voermanstraat,169,,
4204RH,Voermanstraat,177,,
4204RH,Voermanstraat,179,,
4204RH,Voermanstraat,181,,
4204RH,Voermanstraat,241,,
4204RH,Voermanstraat,261,,
4204RH,Voermanstraat,263,,
4204RH,Voermanstraat,265,,
4204RH,Voermanstraat,267,,
4204RH,Voermanstraat,269,,
4204RH,Voermanstraat,271,,
4204RH,Voermanstraat,273,,
4204RH,Voermanstraat,275,,
4204RH,Voermanstraat,277,,
4204RH,Voermanstraat,279,,
4204RH,Voermanstraat,281,,
4204RH,Voermanstraat,283,,
4204RH,Voermanstraat,285,,
4204RH,Voermanstraat,287,,
4204RH,Voermanstraat,289,,
4204RH,Voermanstraat,291,,
4204RH,Voermanstraat,361,,
4204RH,Voermanstraat,363,,
4204RH,Voermanstraat,365,,
4204RH,Voermanstraat,367,,
4204RH,Voermanstraat,369,,
4204RH,Voermanstraat,371,,
4204RH,Voermanstraat,373,,
4204RH,Voermanstraat,375,,
4204RH,Voermanstraat,377,,
4204RH,Voermanstraat,379,,
4204RH,Voermanstraat,381,,
4204RH,Voermanstraat,383,,
4204RH,Voermanstraat,385,,
4204RH,Voermanstraat,387,,
4204RH,Voermanstraat,389,,
4204RH,Voermanstraat,391,,
4204RH,Voermanstraat,441,,
4204RH,Voermanstraat,461,,
4204RH,Voermanstraat,463,,
4204RH,Voermanstraat,465,,
4204RH,Voermanstraat,467,,
4204RH,Voermanstraat,469,,
4204RH,Voermanstraat,471,,
4204RH,Voermanstraat,473,,
4204RH,Voermanstraat,475,,
4204RH,Voermanstraat,477,,
4204RH,Voermanstraat,479,,
4204RH,Voermanstraat,481,,
4204RH,Voermanstraat,483,,
4204RH,Voermanstraat,485,,
4204RH,Voermanstraat,487,,
4204RH,Voermanstraat,489,,
4204RH,Voermanstraat,491,,
4204RH,Voermanstraat,561,,
4204RH,Voermanstraat,563,,
4204RH,Voermanstraat,565,,
4204RH,Voermanstraat,567,,
4204RH,Voermanstraat,569,,
4204RH,Voermanstraat,571,,
4204RH,Voermanstraat,573,,
4204RH,Voermanstraat,575,,
4204RH,Voermanstraat,577,,
4204RH,Voermanstraat,579,,
4204RH,Voermanstraat,581,,
4204RH,Voermanstraat,583,,
4204RH,Voermanstraat,585,,
4204RH,Voermanstraat,587,,
4204RH,Voermanstraat,589,,
4204RH,Voermanstraat,591,,
4204RH,Voermanstraat,663,,
4204RH,Voermanstraat,665,,
4204RH,Voermanstraat,667,,
4204RH,Voermanstraat,669,,
4204RH,Voermanstraat,671,,
4204RH,Voermanstraat,673,,
4204RH,Voermanstraat,675,,
4204RH,Voermanstraat,677,,
4204RH,Voermanstraat,679,,
4204RH,Voermanstraat,681,,
4204RH,Voermanstraat,683,,
4204RH,Voermanstraat,685,,
4204RH,Voermanstraat,687,,
4204RH,Voermanstraat,689,,
4204RH,Voermanstraat,691,,
4204RH,Voermanstraat,763,,
4204RH,Voermanstraat,765,,
4204RH,Voermanstraat,767,,
4204RH,Voermanstraat,769,,
4204RH,Voermanstraat,771,,
4204RH,Voermanstraat,773,,
4204RH,Voermanstraat,775,,
4204RH,Voermanstraat,777,,
4204RH,Voermanstraat,779,,
4204RH,Voermanstraat,781,,
4204RH,Voermanstraat,783,,
4204RH,Voermanstraat,785,,
4204RH,Voermanstraat,787,,
4204RH,Voermanstraat,789,,
4204RH,Voermanstraat,791,,
4204RH,Voermanstraat,865,,
4204RH,Voermanstraat,869,,
4204RH,Voermanstraat,871,,
4204RH,Voermanstraat,873,,
4204RH,Voermanstraat,875,,
4204RH,Voermanstraat,877,,
4204RH,Voermanstraat,879,,
4204RH,Voermanstraat,881,,
4204RH,Voermanstraat,883,,
4204RH,Voermanstraat,885,,
4204RH,Voermanstraat,889,,
4204RH,Voermanstraat,975,,
4204RH,Voermanstraat,977,,
4204RH,Voermanstraat,979,,
4204RH,Voermanstraat,981,,
4204RH,Voermanstraat,141,a,
4204RH,Voermanstraat,143,,
4204RH,Voermanstraat,145,,
4204RH,Voermanstraat,147,,
4204RH,Voermanstraat,151,,
4204RH,Voermanstraat,153,,
4204RH,Voermanstraat,155,,
4204RH,Voermanstraat,157,,
4204RH,Voermanstraat,159,,
4204RH,Voermanstraat,243,,
4204RH,Voermanstraat,341,,
4204RH,Voermanstraat,141,H,
4204RJ,Voermanstraat,34,,
4204RJ,Voermanstraat,42,,
4204RJ,Voermanstraat,44,,
4204RJ,Voermanstraat,46,,
4204RJ,Voermanstraat,48,,
4204RJ,Voermanstraat,50,,
4204RJ,Voermanstraat,52,,
4204RJ,Voermanstraat,54,,
4204RJ,Voermanstraat,56,,
4204RJ,Voermanstraat,58,,
4204RJ,Voermanstraat,60,,
4204RJ,Voermanstraat,62,,
4204RJ,Voermanstraat,64,,
4204RJ,Voermanstraat,66,,
4204RJ,Voermanstraat,68,,
4204RJ,Voermanstraat,70,,
4204RJ,Voermanstraat,72,,
4204RJ,Voermanstraat,74,,
4204RJ,Voermanstraat,76,,
4204RJ,Voermanstraat,78,,
4204RJ,Voermanstraat,80,,
4204RJ,Voermanstraat,82,,
4204RJ,Voermanstraat,84,,
4204RJ,Voermanstraat,86,,
4204RJ,Voermanstraat,88,,
4204RJ,Voermanstraat,90,,
4204RJ,Voermanstraat,92,,
4204RJ,Voermanstraat,94,,
4204RJ,Voermanstraat,96,,
4204RJ,Voermanstraat,98,,
4204RJ,Voermanstraat,100,,
4204RJ,Voermanstraat,102,,
4204RJ,Voermanstraat,104,,
4204RJ,Voermanstraat,106,,
4204RJ,Voermanstraat,30,,
4204RJ,Voermanstraat,4,a,
4204RJ,Voermanstraat,2,,
4204RJ,Voermanstraat,4,,
4204RJ,Voermanstraat,6,,
4204RJ,Voermanstraat,8,,
4204RJ,Voermanstraat,10,,
4204RJ,Voermanstraat,12,,
4204RJ,Voermanstraat,14,,
4204RJ,Voermanstraat,16,,
4204RJ,Voermanstraat,18,,
4204RJ,Voermanstraat,20,,
4204RJ,Voermanstraat,22,,
4204RJ,Voermanstraat,28,,
4204RJ,Voermanstraat,32,,
4204RJ,Voermanstraat,4,b,
4204RJ,Voermanstraat,36,h,
4204RK,Voermanstraat,108,,
4204RK,Voermanstraat,110,,
4204RK,Voermanstraat,112,,
4204RK,Voermanstraat,114,,
4204RK,Voermanstraat,116,,
4204RK,Voermanstraat,118,,
4204RK,Voermanstraat,120,,
4204RK,Voermanstraat,122,,
4204RK,Voermanstraat,124,,
4204RK,Voermanstraat,126,,
4204RK,Voermanstraat,128,,
4204RK,Voermanstraat,130,,
4204RK,Voermanstraat,132,,
4204RK,Voermanstraat,134,,
4204RK,Voermanstraat,136,,
4204RK,Voermanstraat,138,,
4204RK,Voermanstraat,140,,
4204RK,Voermanstraat,142,,
4204RK,Voermanstraat,144,,
4204RK,Voermanstraat,146,,
4204RK,Voermanstraat,148,,
4204RK,Voermanstraat,150,,
4204RK,Voermanstraat,152,,
4204RL,Voermanstraat,154,,
4204RL,Voermanstraat,156,,
4204RL,Voermanstraat,158,,
4204RL,Voermanstraat,160,,
4204RL,Voermanstraat,162,,
4204RL,Voermanstraat,164,,
4204RL,Voermanstraat,166,,
4204RL,Voermanstraat,168,,
4204RL,Voermanstraat,170,,
4204RL,Voermanstraat,172,,
4204RL,Voermanstraat,174,,
4204RL,Voermanstraat,176,,
4204RL,Voermanstraat,178,,
4204RL,Voermanstraat,180,,
4204RL,Voermanstraat,182,,
4204RL,Voermanstraat,184,,
4204RL,Voermanstraat,186,,
4204RL,Voermanstraat,188,,
4204RL,Voermanstraat,190,,
4204RL,Voermanstraat,192,,
4204RL,Voermanstraat,194,,
4204RL,Voermanstraat,196,,
4204RL,Voermanstraat,198,,
4204RM,Voermanstraat,236,,
4204RM,Voermanstraat,238,,
4204RM,Voermanstraat,240,,
4204RM,Voermanstraat,242,,
4204RM,Voermanstraat,244,,
4204RM,Voermanstraat,202,,
4204RM,Voermanstraat,204,,
4204RM,Voermanstraat,206,,
4204RM,Voermanstraat,208,,
4204RM,Voermanstraat,210,,
4204RM,Voermanstraat,212,,
4204RM,Voermanstraat,214,,
4204RM,Voermanstraat,216,,
4204RM,Voermanstraat,218,,
4204RM,Voermanstraat,200,,
4204RM,Voermanstraat,220,,
4204RM,Voermanstraat,222,,
4204RM,Voermanstraat,224,,
4204RM,Voermanstraat,226,,
4204RM,Voermanstraat,228,,
4204RM,Voermanstraat,230,,
4204RM,Voermanstraat,232,,
4204RM,Voermanstraat,234,,
4204RN,Voermanstraat,270,,
4204RN,Voermanstraat,272,,
4204RN,Voermanstraat,274,,
4204RN,Voermanstraat,276,,
4204RN,Voermanstraat,278,,
4204RN,Voermanstraat,280,,
4204RN,Voermanstraat,282,,
4204RN,Voermanstraat,284,,
4204RN,Voermanstraat,286,,
4204RN,Voermanstraat,246,,
4204RN,Voermanstraat,248,,
4204RN,Voermanstraat,250,,
4204RN,Voermanstraat,252,,
4204RN,Voermanstraat,254,,
4204RN,Voermanstraat,256,,
4204RN,Voermanstraat,258,,
4204RN,Voermanstraat,260,,
4204RN,Voermanstraat,262,,
4204RN,Voermanstraat,264,,
4204RN,Voermanstraat,266,,
4204RN,Voermanstraat,268,,
4204RN,Voermanstraat,288,,
4204RN,Voermanstraat,290,,
4204RP,Voermanstraat,336,,
4204RP,Voermanstraat,334,,
4204RP,Voermanstraat,330,,
4204RP,Voermanstraat,324,,
4204RP,Voermanstraat,326,,
4204RP,Voermanstraat,328,,
4204RP,Voermanstraat,332,,
4204RP,Voermanstraat,322,,
4204RP,Voermanstraat,304,,
4204RP,Voermanstraat,306,,
4204RP,Voermanstraat,308,,
4204RP,Voermanstraat,310,,
4204RP,Voermanstraat,312,,
4204RP,Voermanstraat,314,,
4204RP,Voermanstraat,316,,
4204RP,Voermanstraat,318,,
4204RP,Voermanstraat,320,,
4204RP,Voermanstraat,292,,
4204RP,Voermanstraat,294,,
4204RP,Voermanstraat,296,,
4204RP,Voermanstraat,298,,
4204RP,Voermanstraat,300,,
4204RP,Voermanstraat,302,,
4204RP,Voermanstraat,338,,
4204RP,Voermanstraat,340,,
4204RP,Voermanstraat,342,,
4204RP,Voermanstraat,344,,
4204RP,Voermanstraat,346,,
4204RP,Voermanstraat,348,,
4204RP,Voermanstraat,350,,
4204RP,Voermanstraat,352,,
4204RP,Voermanstraat,354,,
4204RP,Voermanstraat,356,,
4204RP,Voermanstraat,358,,
4204RP,Voermanstraat,360,,
4204AJ,Vroedschapstraat,7,a,
4204AJ,Vroedschapstraat,7,e,
4204AJ,Vroedschapstraat,11,d,
4204AJ,Vroedschapstraat,7,k,
4204AJ,Vroedschapstraat,7,i,
4204AJ,Vroedschapstraat,1,,
4204AJ,Vroedschapstraat,3,,
4204AJ,Vroedschapstraat,5,,
4204AJ,Vroedschapstraat,7,c,
4204AJ,Vroedschapstraat,7,f,
4204AJ,Vroedschapstraat,7,b,
4204AJ,Vroedschapstraat,7,j,
4204AJ,Vroedschapstraat,7,h,
4204AJ,Vroedschapstraat,7,g,
4204AJ,Vroedschapstraat,7,l,
4204AJ,Vroedschapstraat,7,d,
4204AJ,Vroedschapstraat,9,,
4204AJ,Vroedschapstraat,15,,
4204AJ,Vroedschapstraat,11,,
4204AJ,Vroedschapstraat,13,a,
4204AJ,Vroedschapstraat,13,b,
4204AJ,Vroedschapstraat,13,c,
4204AJ,Vroedschapstraat,5,h,
4204AK,Vroedschapstraat,14,a,
4204AK,Vroedschapstraat,14,b,
4204AK,Vroedschapstraat,14,c,
4204AK,Vroedschapstraat,16,a,
4204AK,Vroedschapstraat,16,b,
4204AK,Vroedschapstraat,16,c,
4204AK,Vroedschapstraat,10,a,
4204AK,Vroedschapstraat,10,c,
4204AK,Vroedschapstraat,10,b,
4204AK,Vroedschapstraat,12,a,
4204AK,Vroedschapstraat,12,b,
4204AK,Vroedschapstraat,12,c,
4204AL,Vroedschapstraat,24,c,
4204AL,Vroedschapstraat,26,a,
4204AL,Vroedschapstraat,26,b,
4204AL,Vroedschapstraat,26,c,
4204AL,Vroedschapstraat,28,a,
4204AL,Vroedschapstraat,28,b,
4204AL,Vroedschapstraat,28,c,
4204AL,Vroedschapstraat,30,a,
4204AL,Vroedschapstraat,30,c,
4204AL,Vroedschapstraat,18,a,
4204AL,Vroedschapstraat,18,b,
4204AL,Vroedschapstraat,18,c,
4204AL,Vroedschapstraat,20,a,
4204AL,Vroedschapstraat,20,b,
4204AL,Vroedschapstraat,20,c,
4204AL,Vroedschapstraat,22,a,
4204AL,Vroedschapstraat,22,b,
4204AL,Vroedschapstraat,22,c,
4204AL,Vroedschapstraat,24,a,
4204AL,Vroedschapstraat,24,b,
4204AL,Vroedschapstraat,30,b,
4204AL,Vroedschapstraat,32,a,
4204AL,Vroedschapstraat,32,b,
4204AL,Vroedschapstraat,32,c,
4204AM,Vroedschapstraat,40,b,
4204AM,Vroedschapstraat,36,b,
4204AM,Vroedschapstraat,34,a,
4204AM,Vroedschapstraat,34,b,
4204AM,Vroedschapstraat,34,c,
4204AM,Vroedschapstraat,36,a,
4204AM,Vroedschapstraat,36,c,
4204AM,Vroedschapstraat,40,c,
4204AM,Vroedschapstraat,38,c,
4204AM,Vroedschapstraat,38,b,
4204AM,Vroedschapstraat,38,a,
4204AM,Vroedschapstraat,40,a,
4204ET,Wantschipperstraat,10,,
4204ET,Wantschipperstraat,6,,
4204ET,Wantschipperstraat,1,,
4204ET,Wantschipperstraat,3,,
4204ET,Wantschipperstraat,5,,
4204ET,Wantschipperstraat,7,,
4204ET,Wantschipperstraat,9,,
4204ET,Wantschipperstraat,11,,
4204ET,Wantschipperstraat,12,,
4204ET,Wantschipperstraat,14,,
4204ET,Wantschipperstraat,16,,
4204ET,Wantschipperstraat,18,,
4204ET,Wantschipperstraat,20,,
4204ET,Wantschipperstraat,4,,
4204ET,Wantschipperstraat,2,,
4204ET,Wantschipperstraat,8,,
4204CA,Weverstraat,1,,
4204CA,Weverstraat,3,,
4204CA,Weverstraat,5,,
4204CA,Weverstraat,101,,
4204CA,Weverstraat,103,,
4204CA,Weverstraat,105,,
4204CA,Weverstraat,107,,
4204CA,Weverstraat,109,,
4204CA,Weverstraat,111,,
4204CA,Weverstraat,113,,
4204CA,Weverstraat,115,,
4204CA,Weverstraat,117,,
4204CA,Weverstraat,119,,
4204CA,Weverstraat,121,,
4204CA,Weverstraat,123,,
4204CA,Weverstraat,125,,
4204CA,Weverstraat,127,,
4204CA,Weverstraat,129,,
4204CB,Weverstraat,201,,
4204CB,Weverstraat,203,,
4204CB,Weverstraat,205,,
4204CB,Weverstraat,207,,
4204CB,Weverstraat,209,,
4204CB,Weverstraat,211,,
4204CB,Weverstraat,213,,
4204CB,Weverstraat,215,,
4204CB,Weverstraat,217,,
4204CB,Weverstraat,219,,
4204CB,Weverstraat,221,,
4204CB,Weverstraat,223,,
4204CB,Weverstraat,225,,
4204CB,Weverstraat,227,,
4204CB,Weverstraat,229,,
4204CC,Weverstraat,301,,
4204CC,Weverstraat,303,,
4204CC,Weverstraat,305,,
4204CC,Weverstraat,307,,
4204CC,Weverstraat,309,,
4204CC,Weverstraat,311,,
4204CC,Weverstraat,313,,
4204CC,Weverstraat,315,,
4204CC,Weverstraat,317,,
4204CC,Weverstraat,319,,
4204CC,Weverstraat,321,,
4204CC,Weverstraat,323,,
4204CC,Weverstraat,325,,
4204CC,Weverstraat,327,,
4204CC,Weverstraat,329,,
4204CD,Weverstraat,401,,
4204CD,Weverstraat,403,,
4204CD,Weverstraat,405,,
4204CD,Weverstraat,407,,
4204CD,Weverstraat,409,,
4204CD,Weverstraat,411,,
4204CD,Weverstraat,413,,
4204CD,Weverstraat,415,,
4204CD,Weverstraat,417,,
4204CD,Weverstraat,419,,
4204CD,Weverstraat,421,,
4204CD,Weverstraat,423,,
4204CD,Weverstraat,425,,
4204CD,Weverstraat,427,,
4204CD,Weverstraat,429,,
4204CE,Weverstraat,501,,
4204CE,Weverstraat,503,,
4204CE,Weverstraat,505,,
4204CE,Weverstraat,507,,
4204CE,Weverstraat,509,,
4204CE,Weverstraat,511,,
4204CE,Weverstraat,513,,
4204CE,Weverstraat,515,,
4204CE,Weverstraat,517,,
4204CE,Weverstraat,519,,
4204CE,Weverstraat,521,,
4204CE,Weverstraat,523,,
4204CE,Weverstraat,525,,
4204CE,Weverstraat,527,,
4204CE,Weverstraat,529,,
4204CG,Weverstraat,601,,
4204CG,Weverstraat,603,,
4204CG,Weverstraat,605,,
4204CG,Weverstraat,607,,
4204CG,Weverstraat,609,,
4204CG,Weverstraat,611,,
4204CG,Weverstraat,613,,
4204CG,Weverstraat,615,,
4204CG,Weverstraat,617,,
4204CG,Weverstraat,619,,
4204CH,Weverstraat,701,,
4204CH,Weverstraat,703,,
4204CH,Weverstraat,705,,
4204CH,Weverstraat,707,,
4204CH,Weverstraat,709,,
4204CH,Weverstraat,711,,
4204CH,Weverstraat,713,,
4204CH,Weverstraat,715,,
4204CH,Weverstraat,717,,
4204CH,Weverstraat,719,,
4204CJ,Weverstraat,131,,
4204CJ,Weverstraat,133,,
4204CJ,Weverstraat,135,,
4204CJ,Weverstraat,137,,
4204CJ,Weverstraat,139,,
4204CJ,Weverstraat,141,,
4204CJ,Weverstraat,143,,
4204CJ,Weverstraat,145,,
4204CJ,Weverstraat,147,,
4204CJ,Weverstraat,149,,
4204CJ,Weverstraat,151,,
4204CJ,Weverstraat,153,,
4204CJ,Weverstraat,155,,
4204CJ,Weverstraat,157,,
4204CK,Weverstraat,231,,
4204CK,Weverstraat,233,,
4204CK,Weverstraat,235,,
4204CK,Weverstraat,237,,
4204CK,Weverstraat,239,,
4204CK,Weverstraat,241,,
4204CK,Weverstraat,243,,
4204CK,Weverstraat,245,,
4204CK,Weverstraat,247,,
4204CK,Weverstraat,249,,
4204CK,Weverstraat,251,,
4204CK,Weverstraat,253,,
4204CK,Weverstraat,255,,
4204CK,Weverstraat,257,,
4204CL,Weverstraat,331,,
4204CL,Weverstraat,333,,
4204CL,Weverstraat,335,,
4204CL,Weverstraat,337,,
4204CL,Weverstraat,339,,
4204CL,Weverstraat,341,,
4204CL,Weverstraat,343,,
4204CL,Weverstraat,345,,
4204CL,Weverstraat,347,,
4204CL,Weverstraat,349,,
4204CL,Weverstraat,351,,
4204CL,Weverstraat,353,,
4204CL,Weverstraat,355,,
4204CL,Weverstraat,357,,
4204CM,Weverstraat,431,,
4204CM,Weverstraat,433,,
4204CM,Weverstraat,435,,
4204CM,Weverstraat,437,,
4204CM,Weverstraat,439,,
4204CM,Weverstraat,441,,
4204CM,Weverstraat,443,,
4204CM,Weverstraat,445,,
4204CM,Weverstraat,447,,
4204CM,Weverstraat,449,,
4204CM,Weverstraat,451,,
4204CM,Weverstraat,453,,
4204CM,Weverstraat,455,,
4204CM,Weverstraat,457,,
4204CN,Weverstraat,557,,
4204CN,Weverstraat,531,,
4204CN,Weverstraat,533,,
4204CN,Weverstraat,535,,
4204CN,Weverstraat,537,,
4204CN,Weverstraat,539,,
4204CN,Weverstraat,541,,
4204CN,Weverstraat,543,,
4204CN,Weverstraat,545,,
4204CN,Weverstraat,547,,
4204CN,Weverstraat,549,,
4204CN,Weverstraat,551,,
4204CN,Weverstraat,553,,
4204CN,Weverstraat,555,,
4204CP,Weverstraat,631,,
4204CP,Weverstraat,633,,
4204CP,Weverstraat,635,,
4204CP,Weverstraat,637,,
4204CP,Weverstraat,639,,
4204CP,Weverstraat,641,,
4204CP,Weverstraat,643,,
4204CP,Weverstraat,645,,
4204CP,Weverstraat,647,,
4204CP,Weverstraat,649,,
4204CR,Weverstraat,743,,
4204CR,Weverstraat,745,,
4204CR,Weverstraat,747,,
4204CR,Weverstraat,749,,
4204CR,Weverstraat,731,,
4204CR,Weverstraat,733,,
4204CR,Weverstraat,735,,
4204CR,Weverstraat,737,,
4204CR,Weverstraat,739,,
4204CR,Weverstraat,741,,
4204CS,Weverstraat,777,,
4204CS,Weverstraat,779,,
4204CS,Weverstraat,781,,
4204CS,Weverstraat,751,,
4204CS,Weverstraat,753,,
4204CS,Weverstraat,755,,
4204CS,Weverstraat,757,,
4204CS,Weverstraat,759,,
4204CS,Weverstraat,761,,
4204CS,Weverstraat,763,,
4204CS,Weverstraat,765,,
4204CS,Weverstraat,767,,
4204CS,Weverstraat,769,,
4204CS,Weverstraat,771,,
4204CS,Weverstraat,773,,
4204CS,Weverstraat,775,,
4204CT,Weverstraat,811,,
4204CT,Weverstraat,813,,
4204CT,Weverstraat,815,,
4204CT,Weverstraat,817,,
4204CT,Weverstraat,819,,
4204CT,Weverstraat,821,,
4204CT,Weverstraat,823,,
4204CT,Weverstraat,825,,
4204CT,Weverstraat,827,,
4204CT,Weverstraat,783,,
4204CT,Weverstraat,785,,
4204CT,Weverstraat,787,,
4204CT,Weverstraat,789,,
4204CT,Weverstraat,791,,
4204CT,Weverstraat,793,,
4204CT,Weverstraat,829,a,
4204CT,Weverstraat,795,,
4204CT,Weverstraat,797,,
4204CT,Weverstraat,799,,
4204CT,Weverstraat,801,,
4204CT,Weverstraat,803,,
4204CT,Weverstraat,805,,
4204CT,Weverstraat,807,,
4204CT,Weverstraat,809,,
4204CT,Weverstraat,829,,
4204CV,Weverstraat,14,b,
4204CV,Weverstraat,14,c,
4204CV,Weverstraat,10,a,
4204CV,Weverstraat,10,b,
4204CV,Weverstraat,10,c,
4204CV,Weverstraat,10,d,
4204CV,Weverstraat,12,a,
4204CV,Weverstraat,12,d,
4204CV,Weverstraat,12,b,
4204CV,Weverstraat,12,c,
4204CV,Weverstraat,14,a,
4204CV,Weverstraat,8,b,
4204CV,Weverstraat,8,c,
4204CV,Weverstraat,8,a,
4204CV,Weverstraat,8,d,
4204CW,Weverstraat,18,d,
4204CW,Weverstraat,20,d,
4204CW,Weverstraat,20,a,
4204CW,Weverstraat,20,b,
4204CW,Weverstraat,20,c,
4204CW,Weverstraat,22,a,
4204CW,Weverstraat,22,b,
4204CW,Weverstraat,22,c,
4204CW,Weverstraat,24,c,
4204CW,Weverstraat,16,a,
4204CW,Weverstraat,16,b,
4204CW,Weverstraat,16,c,
4204CW,Weverstraat,18,a,
4204CW,Weverstraat,18,b,
4204CW,Weverstraat,18,c,
4204CW,Weverstraat,24,d,
4204CW,Weverstraat,24,b,
4204CW,Weverstraat,24,a,
4204CW,Weverstraat,26,b,
4204CW,Weverstraat,26,c,
4204CW,Weverstraat,26,d,
4204CW,Weverstraat,26,a,
4204CX,Weverstraat,44,,
4204CX,Weverstraat,42,,
4204CX,Weverstraat,38,,
4204CX,Weverstraat,36,,
4204CX,Weverstraat,34,,
4204CX,Weverstraat,40,,
4204EW,Wieldraaierstraat,31,,
4204EW,Wieldraaierstraat,33,,
4204EW,Wieldraaierstraat,35,,
4204EW,Wieldraaierstraat,37,,
4204EW,Wieldraaierstraat,39,,
4204EW,Wieldraaierstraat,41,,
4204EW,Wieldraaierstraat,43,,
4204EW,Wieldraaierstraat,45,,
4204EW,Wieldraaierstraat,47,,
4204EW,Wieldraaierstraat,1,,
4204EW,Wieldraaierstraat,3,,
4204EW,Wieldraaierstraat,5,,
4204EW,Wieldraaierstraat,7,,
4204EW,Wieldraaierstraat,9,,
4204EW,Wieldraaierstraat,11,,
4204EW,Wieldraaierstraat,13,,
4204EW,Wieldraaierstraat,15,,
4204EW,Wieldraaierstraat,17,,
4204EW,Wieldraaierstraat,19,,
4204EW,Wieldraaierstraat,21,,
4204EW,Wieldraaierstraat,23,,
4204EW,Wieldraaierstraat,25,,
4204EW,Wieldraaierstraat,27,,
4204EW,Wieldraaierstraat,29,,
4204EX,Wieldraaierstraat,95,,
4204EX,Wieldraaierstraat,81,,
4204EX,Wieldraaierstraat,49,,
4204EX,Wieldraaierstraat,51,,
4204EX,Wieldraaierstraat,53,,
4204EX,Wieldraaierstraat,55,,
4204EX,Wieldraaierstraat,57,,
4204EX,Wieldraaierstraat,59,,
4204EX,Wieldraaierstraat,61,,
4204EX,Wieldraaierstraat,63,,
4204EX,Wieldraaierstraat,65,,
4204EX,Wieldraaierstraat,67,,
4204EX,Wieldraaierstraat,69,,
4204EX,Wieldraaierstraat,71,,
4204EX,Wieldraaierstraat,73,,
4204EX,Wieldraaierstraat,75,,
4204EX,Wieldraaierstraat,77,,
4204EX,Wieldraaierstraat,79,,
4204EX,Wieldraaierstraat,83,,
4204EX,Wieldraaierstraat,93,,
4204EX,Wieldraaierstraat,89,,
4204EX,Wieldraaierstraat,87,,
4204EX,Wieldraaierstraat,85,,
4204EX,Wieldraaierstraat,91,,
4204HA,Wijnkoperstraat,15,b,
4204HA,Wijnkoperstraat,15,a,
4204HA,Wijnkoperstraat,41,b,
4204HA,Wijnkoperstraat,21,,
4204HA,Wijnkoperstraat,43,b,
4204HA,Wijnkoperstraat,43,a,
4204HA,Wijnkoperstraat,23,a,
4204HA,Wijnkoperstraat,31,b,
4204HA,Wijnkoperstraat,31,a,
4204HA,Wijnkoperstraat,13,b,
4204HA,Wijnkoperstraat,35,a,
4204HA,Wijnkoperstraat,19,,
4204HA,Wijnkoperstraat,23,b,
4204HA,Wijnkoperstraat,41,a,
4204HA,Wijnkoperstraat,7,a,
4204HA,Wijnkoperstraat,25,,
4204HA,Wijnkoperstraat,13,a,
4204HA,Wijnkoperstraat,33,b,
4204HA,Wijnkoperstraat,17,,
4204HA,Wijnkoperstraat,11,,
4204HA,Wijnkoperstraat,33,a,
4204HA,Wijnkoperstraat,45,,
4204HA,Wijnkoperstraat,57,b,
4204HA,Wijnkoperstraat,35,b,
4204HA,Wijnkoperstraat,47,,
4204HA,Wijnkoperstraat,7,b,
4204HA,Wijnkoperstraat,39,,
4204HA,Wijnkoperstraat,57,a,
4204HA,Wijnkoperstraat,1,,
4204HA,Wijnkoperstraat,3,,
4204HA,Wijnkoperstraat,5,,
4204HA,Wijnkoperstraat,9,,
4204HA,Wijnkoperstraat,27,,
4204HA,Wijnkoperstraat,29,,
4204HA,Wijnkoperstraat,37,,
4204HA,Wijnkoperstraat,49,,
4204HA,Wijnkoperstraat,51,,
4204HA,Wijnkoperstraat,53,,
4204HA,Wijnkoperstraat,55,,
4204HA,Wijnkoperstraat,57,,
4204HA,Wijnkoperstraat,59,,
4204HA,Wijnkoperstraat,61,,
4204HA,Wijnkoperstraat,63,,
4204HA,Wijnkoperstraat,65,,
4204HA,Wijnkoperstraat,67,,
4204HA,Wijnkoperstraat,69,,
4204HA,Wijnkoperstraat,71,,
4204HA,Wijnkoperstraat,73,,
4204HA,Wijnkoperstraat,75,,
4204HA,Wijnkoperstraat,77,,
4204HA,Wijnkoperstraat,79,,
4204HA,Wijnkoperstraat,81,,
4204HA,Wijnkoperstraat,83,,
4204HA,Wijnkoperstraat,85,,
4204HA,Wijnkoperstraat,87,,
4204HA,Wijnkoperstraat,89,,
4204HA,Wijnkoperstraat,91,,
4204HA,Wijnkoperstraat,93,,
4204HA,Wijnkoperstraat,95,,
4204HA,Wijnkoperstraat,97,,
4204HA,Wijnkoperstraat,99,,
4204HA,Wijnkoperstraat,101,,
4204HA,Wijnkoperstraat,103,,
4204HA,Wijnkoperstraat,105,,
4204HA,Wijnkoperstraat,107,,
4204HA,Wijnkoperstraat,109,,
4204HA,Wijnkoperstraat,5,A,
4204HA,Wijnkoperstraat,5,A,
4204HA,Wijnkoperstraat,5,,
4204HA,Wijnkoperstraat,5,,
4204HB,Wijnkoperstraat,111,,
4204HB,Wijnkoperstraat,113,,
4204HB,Wijnkoperstraat,115,,
4204HB,Wijnkoperstraat,117,,
4204HB,Wijnkoperstraat,119,,
4204HB,Wijnkoperstraat,121,,
4204HB,Wijnkoperstraat,123,,
4204HB,Wijnkoperstraat,125,,
4204HB,Wijnkoperstraat,127,,
4204HB,Wijnkoperstraat,129,,
4204HB,Wijnkoperstraat,131,,
4204HB,Wijnkoperstraat,133,,
4204HB,Wijnkoperstraat,135,,
4204HB,Wijnkoperstraat,137,,
4204HB,Wijnkoperstraat,139,,
4204HB,Wijnkoperstraat,141,,
4204HB,Wijnkoperstraat,143,,
4204HB,Wijnkoperstraat,145,,
4204HB,Wijnkoperstraat,147,,
4204HB,Wijnkoperstraat,149,,
4204HB,Wijnkoperstraat,151,,
4204HB,Wijnkoperstraat,153,,
4204HB,Wijnkoperstraat,155,,
4204HC,Wijnkoperstraat,157,,
4204HC,Wijnkoperstraat,159,,
4204HC,Wijnkoperstraat,161,,
4204HC,Wijnkoperstraat,163,,
4204HC,Wijnkoperstraat,165,,
4204HC,Wijnkoperstraat,167,,
4204HC,Wijnkoperstraat,169,,
4204HC,Wijnkoperstraat,171,,
4204HC,Wijnkoperstraat,173,,
4204HC,Wijnkoperstraat,175,,
4204HC,Wijnkoperstraat,177,,
4204HC,Wijnkoperstraat,179,,
4204HC,Wijnkoperstraat,181,,
4204HC,Wijnkoperstraat,183,,
4204HC,Wijnkoperstraat,185,,
4204HC,Wijnkoperstraat,187,,
4204HC,Wijnkoperstraat,189,,
4204HC,Wijnkoperstraat,191,,
4204HC,Wijnkoperstraat,193,,
4204HC,Wijnkoperstraat,195,,
4204HC,Wijnkoperstraat,197,,
4204HC,Wijnkoperstraat,199,,
4204HC,Wijnkoperstraat,201,,
4204HD,Wijnkoperstraat,203,,
4204HD,Wijnkoperstraat,205,,
4204HD,Wijnkoperstraat,207,,
4204HD,Wijnkoperstraat,209,,
4204HD,Wijnkoperstraat,211,,
4204HD,Wijnkoperstraat,213,,
4204HD,Wijnkoperstraat,215,,
4204HD,Wijnkoperstraat,217,,
4204HD,Wijnkoperstraat,219,,
4204HD,Wijnkoperstraat,221,,
4204HD,Wijnkoperstraat,223,,
4204HD,Wijnkoperstraat,225,,
4204HD,Wijnkoperstraat,227,,
4204HD,Wijnkoperstraat,229,,
4204HD,Wijnkoperstraat,231,,
4204HD,Wijnkoperstraat,233,,
4204HD,Wijnkoperstraat,235,,
4204HD,Wijnkoperstraat,237,,
4204HD,Wijnkoperstraat,239,,
4204HD,Wijnkoperstraat,241,,
4204HD,Wijnkoperstraat,243,,
4204HD,Wijnkoperstraat,245,,
4204HD,Wijnkoperstraat,247,,
4204HE,Wijnkoperstraat,249,,
4204HE,Wijnkoperstraat,251,,
4204HE,Wijnkoperstraat,253,,
4204HE,Wijnkoperstraat,255,,
4204HE,Wijnkoperstraat,257,,
4204HE,Wijnkoperstraat,259,,
4204HE,Wijnkoperstraat,261,,
4204HE,Wijnkoperstraat,263,,
4204HE,Wijnkoperstraat,265,,
4204HE,Wijnkoperstraat,267,,
4204HE,Wijnkoperstraat,269,,
4204HE,Wijnkoperstraat,271,,
4204HE,Wijnkoperstraat,273,,
4204HE,Wijnkoperstraat,275,,
4204HE,Wijnkoperstraat,277,,
4204HE,Wijnkoperstraat,279,,
4204HE,Wijnkoperstraat,281,,
4204HE,Wijnkoperstraat,283,,
4204HE,Wijnkoperstraat,285,,
4204HE,Wijnkoperstraat,287,,
4204HE,Wijnkoperstraat,289,,
4204HE,Wijnkoperstraat,291,,
4204HE,Wijnkoperstraat,293,,
4204HG,Wijnkoperstraat,295,,
4204HG,Wijnkoperstraat,297,,
4204HG,Wijnkoperstraat,299,,
4204HG,Wijnkoperstraat,301,,
4204HG,Wijnkoperstraat,303,,
4204HG,Wijnkoperstraat,305,,
4204HG,Wijnkoperstraat,307,,
4204HG,Wijnkoperstraat,309,,
4204HG,Wijnkoperstraat,311,,
4204HG,Wijnkoperstraat,313,,
4204HG,Wijnkoperstraat,315,,
4204HG,Wijnkoperstraat,317,,
4204HG,Wijnkoperstraat,319,,
4204HG,Wijnkoperstraat,321,,
4204HG,Wijnkoperstraat,323,,
4204HG,Wijnkoperstraat,325,,
4204HH,Wijnkoperstraat,327,,
4204HH,Wijnkoperstraat,329,,
4204HH,Wijnkoperstraat,331,,
4204HH,Wijnkoperstraat,333,,
4204HH,Wijnkoperstraat,335,,
4204HH,Wijnkoperstraat,337,,
4204HH,Wijnkoperstraat,339,,
4204HH,Wijnkoperstraat,341,,
4204HH,Wijnkoperstraat,343,,
4204HH,Wijnkoperstraat,345,,
4204HH,Wijnkoperstraat,347,,
4204HH,Wijnkoperstraat,349,,
4204HH,Wijnkoperstraat,351,,
4204HH,Wijnkoperstraat,353,,
4204HH,Wijnkoperstraat,355,,
4204HH,Wijnkoperstraat,357,,
4204HH,Wijnkoperstraat,359,,
4204HJ,Wijnkoperstraat,385,,
4204HJ,Wijnkoperstraat,383,,
4204HJ,Wijnkoperstraat,361,,
4204HJ,Wijnkoperstraat,363,,
4204HJ,Wijnkoperstraat,365,,
4204HJ,Wijnkoperstraat,367,,
4204HJ,Wijnkoperstraat,369,,
4204HJ,Wijnkoperstraat,371,,
4204HJ,Wijnkoperstraat,373,,
4204HJ,Wijnkoperstraat,375,,
4204HJ,Wijnkoperstraat,377,,
4204HJ,Wijnkoperstraat,379,,
4204HJ,Wijnkoperstraat,381,,
4204HK,Wijnkoperstraat,56,,
4204HK,Wijnkoperstraat,60,,
4204HK,Wijnkoperstraat,70,,
4204HK,Wijnkoperstraat,54,d,
4204HK,Wijnkoperstraat,54,,
4204HK,Wijnkoperstraat,46,d,
4204HK,Wijnkoperstraat,46,,
4204HK,Wijnkoperstraat,82,,
4204HK,Wijnkoperstraat,72,,
4204HK,Wijnkoperstraat,62,,
4204HK,Wijnkoperstraat,66,,
4204HK,Wijnkoperstraat,78,,
4204HK,Wijnkoperstraat,68,,
4204HK,Wijnkoperstraat,80,,
4204HK,Wijnkoperstraat,64,,
4204HK,Wijnkoperstraat,58,d,
4204HK,Wijnkoperstraat,58,,
4204HK,Wijnkoperstraat,74,,
4204HK,Wijnkoperstraat,76,,
4204HK,Wijnkoperstraat,2,,
4204HK,Wijnkoperstraat,4,,
4204HK,Wijnkoperstraat,6,,
4204HK,Wijnkoperstraat,8,,
4204HK,Wijnkoperstraat,10,,
4204HK,Wijnkoperstraat,12,,
4204HK,Wijnkoperstraat,14,,
4204HK,Wijnkoperstraat,16,,
4204HK,Wijnkoperstraat,18,,
4204HK,Wijnkoperstraat,20,,
4204HK,Wijnkoperstraat,22,,
4204HK,Wijnkoperstraat,24,,
4204HK,Wijnkoperstraat,26,,
4204HK,Wijnkoperstraat,28,,
4204HK,Wijnkoperstraat,30,,
4204HK,Wijnkoperstraat,32,,
4204HK,Wijnkoperstraat,34,,
4204HK,Wijnkoperstraat,36,,
4204HK,Wijnkoperstraat,38,,
4204HK,Wijnkoperstraat,40,,
4204HK,Wijnkoperstraat,42,,
4204HK,Wijnkoperstraat,44,,
4204HK,Wijnkoperstraat,48,,
4204HK,Wijnkoperstraat,50,,
4204HK,Wijnkoperstraat,52,,
4204HK,Wijnkoperstraat,78,a,
4204HK,Wijnkoperstraat,78,b,
4204HK,Wijnkoperstraat,78,c,
4204HK,Wijnkoperstraat,78,d,
4204HK,Wijnkoperstraat,78,e,
4204HK,Wijnkoperstraat,78,f,
4204HK,Wijnkoperstraat,78,g,
4204HK,Wijnkoperstraat,78,h,
4204HK,Wijnkoperstraat,43,,
4204HK,Wijnkoperstraat,6,,001
4204HK,Wijnkoperstraat,6,,002
4204HK,Wijnkoperstraat,6,,003
4204HK,Wijnkoperstraat,6,,004
4204HK,Wijnkoperstraat,6,,005
4204HK,Wijnkoperstraat,6,,006
4204HK,Wijnkoperstraat,6,,007
4204HK,Wijnkoperstraat,6,,008
4204HK,Wijnkoperstraat,6,,009
4204HK,Wijnkoperstraat,6,,010
4204HK,Wijnkoperstraat,6,,104
4204HK,Wijnkoperstraat,6,,105
4204HK,Wijnkoperstraat,6,,106
4204HK,Wijnkoperstraat,6,,107
4204HK,Wijnkoperstraat,6,,108
4204HK,Wijnkoperstraat,6,,109
4204HK,Wijnkoperstraat,6,,110
4204HK,Wijnkoperstraat,6,,111
4204HK,Wijnkoperstraat,6,,112
4204HK,Wijnkoperstraat,6,,113
4204HK,Wijnkoperstraat,6,,114
4204HK,Wijnkoperstraat,6,,115
4204HK,Wijnkoperstraat,6,,116
4204HK,Wijnkoperstraat,6,,117
4204HK,Wijnkoperstraat,6,,118
4204HK,Wijnkoperstraat,6,,119
4204HK,Wijnkoperstraat,6,,120
4204HK,Wijnkoperstraat,6,,121
4204HK,Wijnkoperstraat,6,,122
4204HK,Wijnkoperstraat,6,,123
4204HK,Wijnkoperstraat,6,,201
4204HK,Wijnkoperstraat,6,,202
4204HK,Wijnkoperstraat,6,,203
4204HK,Wijnkoperstraat,6,,204
4204HK,Wijnkoperstraat,6,,205
4204HK,Wijnkoperstraat,6,,206
4204HK,Wijnkoperstraat,6,,207
4204HK,Wijnkoperstraat,6,,208
4204HK,Wijnkoperstraat,6,,209
4204HK,Wijnkoperstraat,6,,210
4204HK,Wijnkoperstraat,6,,211
4204HK,Wijnkoperstraat,6,,212
4204HK,Wijnkoperstraat,6,,213
4204HK,Wijnkoperstraat,6,,214
4204HK,Wijnkoperstraat,6,,215
4204HK,Wijnkoperstraat,6,,216
4204HK,Wijnkoperstraat,6,,217
4204HK,Wijnkoperstraat,6,,218
4204HK,Wijnkoperstraat,6,,219
4204HK,Wijnkoperstraat,6,,220
4204HK,Wijnkoperstraat,6,,221
4204HK,Wijnkoperstraat,6,,222
4204HK,Wijnkoperstraat,6,,229
4204HK,Wijnkoperstraat,6,,011
4204HK,Wijnkoperstraat,6,,012
4204HK,Wijnkoperstraat,6,,013
4204HK,Wijnkoperstraat,6,,014
4204HK,Wijnkoperstraat,6,,015
4204HK,Wijnkoperstraat,6,,018
4204HK,Wijnkoperstraat,6,,101
4204HK,Wijnkoperstraat,6,,102
4204HK,Wijnkoperstraat,6,,103
4204HK,Wijnkoperstraat,90,,
4204HK,Wijnkoperstraat,90,a,
4204HK,Wijnkoperstraat,90,b,
4204HK,Wijnkoperstraat,90,c,
4204HK,Wijnkoperstraat,90,c,
4204HK,Wijnkoperstraat,90,d,
4204HK,Wijnkoperstraat,90,e,
4204HK,Wijnkoperstraat,90,f,
4204HK,Wijnkoperstraat,90,g,
4204HK,Wijnkoperstraat,90,h,
4204HK,Wijnkoperstraat,90,j,
4204HK,Wijnkoperstraat,90,k,
4204HK,Wijnkoperstraat,90,l,
4204HK,Wijnkoperstraat,90,m,
4204HK,Wijnkoperstraat,92,a,
4204HK,Wijnkoperstraat,92,b,
4204HK,Wijnkoperstraat,92,c,
4204HK,Wijnkoperstraat,92,d,
4204HK,Wijnkoperstraat,92,e,
4204HK,Wijnkoperstraat,92,f,
4204HK,Wijnkoperstraat,92,g,
4204HK,Wijnkoperstraat,92,h,
4204HK,Wijnkoperstraat,92,j,
4204HK,Wijnkoperstraat,92,k,
4204HK,Wijnkoperstraat,92,l,
4204HK,Wijnkoperstraat,92,m,
4204HK,Wijnkoperstraat,94,a,
4204HK,Wijnkoperstraat,94,b,
4204HK,Wijnkoperstraat,94,c,
4204HK,Wijnkoperstraat,94,d,
4204HK,Wijnkoperstraat,94,e,
4204HK,Wijnkoperstraat,94,f,
4204HK,Wijnkoperstraat,94,g,
4204HK,Wijnkoperstraat,94,h,
4204HK,Wijnkoperstraat,94,j,
4204HK,Wijnkoperstraat,94,k,
4204HK,Wijnkoperstraat,94,l,
4204HK,Wijnkoperstraat,94,m,
4204HL,Wijnkoperstraat,102,,
4204HL,Wijnkoperstraat,104,,
4204HL,Wijnkoperstraat,106,,
4204HL,Wijnkoperstraat,108,,
4204HL,Wijnkoperstraat,110,,
4204HL,Wijnkoperstraat,202,,
4204HL,Wijnkoperstraat,204,,
4204HL,Wijnkoperstraat,206,,
4204HL,Wijnkoperstraat,208,,
4204HL,Wijnkoperstraat,210,,
4204HL,Wijnkoperstraat,212,,
4204HL,Wijnkoperstraat,214,,
4204HL,Wijnkoperstraat,216,,
4204HL,Wijnkoperstraat,218,,
4204HL,Wijnkoperstraat,112,,
4204HL,Wijnkoperstraat,116,,
4204HL,Wijnkoperstraat,118,,
4204HL,Wijnkoperstraat,102,h,
4204HL,Wijnkoperstraat,102,h,
4204HM,Wijnkoperstraat,408,,
4204HM,Wijnkoperstraat,410,,
4204HM,Wijnkoperstraat,412,,
4204HM,Wijnkoperstraat,414,,
4204HM,Wijnkoperstraat,416,,
4204HM,Wijnkoperstraat,418,,
4204HM,Wijnkoperstraat,302,,
4204HM,Wijnkoperstraat,304,,
4204HM,Wijnkoperstraat,306,,
4204HM,Wijnkoperstraat,308,,
4204HM,Wijnkoperstraat,310,,
4204HM,Wijnkoperstraat,312,,
4204HM,Wijnkoperstraat,314,,
4204HM,Wijnkoperstraat,316,,
4204HM,Wijnkoperstraat,318,,
4204HM,Wijnkoperstraat,402,,
4204HM,Wijnkoperstraat,404,,
4204HM,Wijnkoperstraat,406,,
4204HN,Wijnkoperstraat,502,,
4204HN,Wijnkoperstraat,504,,
4204HN,Wijnkoperstraat,506,,
4204HN,Wijnkoperstraat,508,,
4204HN,Wijnkoperstraat,510,,
4204HN,Wijnkoperstraat,512,,
4204HN,Wijnkoperstraat,514,,
4204HN,Wijnkoperstraat,516,,
4204HN,Wijnkoperstraat,518,,
4204HN,Wijnkoperstraat,602,,
4204HN,Wijnkoperstraat,604,,
4204HN,Wijnkoperstraat,606,,
4204HN,Wijnkoperstraat,608,,
4204HN,Wijnkoperstraat,610,,
4204HN,Wijnkoperstraat,612,,
4204HN,Wijnkoperstraat,614,,
4204HN,Wijnkoperstraat,616,,
4204HN,Wijnkoperstraat,618,,
4204HN,Wijnkoperstraat,702,,
4204HN,Wijnkoperstraat,704,,
4204HN,Wijnkoperstraat,706,,
4204HN,Wijnkoperstraat,708,,
4204HN,Wijnkoperstraat,710,,
4204HN,Wijnkoperstraat,712,,
4204HN,Wijnkoperstraat,714,,
4204HN,Wijnkoperstraat,716,,
4204HN,Wijnkoperstraat,718,,
4204HN,Wijnkoperstraat,802,,
4204HN,Wijnkoperstraat,804,,
4204HN,Wijnkoperstraat,806,,
4204HN,Wijnkoperstraat,808,,
4204HN,Wijnkoperstraat,810,,
4204HN,Wijnkoperstraat,812,,
4204HN,Wijnkoperstraat,814,,
4204HN,Wijnkoperstraat,816,,
4204HP,Wijnkoperstraat,818,,
4204HR,Wijnkoperstraat,902,,
4204HR,Wijnkoperstraat,904,,
4204HR,Wijnkoperstraat,906,,
4204HR,Wijnkoperstraat,908,,
4204HR,Wijnkoperstraat,910,,
4204HR,Wijnkoperstraat,912,,
4204HR,Wijnkoperstraat,914,,
4204HR,Wijnkoperstraat,916,,
4204HR,Wijnkoperstraat,918,,
4204HR,Wijnkoperstraat,1002,,
4204HR,Wijnkoperstraat,1004,,
4204HR,Wijnkoperstraat,1006,,
4204HR,Wijnkoperstraat,1008,,
4204HR,Wijnkoperstraat,1010,,
4204HR,Wijnkoperstraat,1012,,
4204HR,Wijnkoperstraat,1014,,
4204HR,Wijnkoperstraat,1016,,
4204HR,Wijnkoperstraat,1018,,
4204HS,Wijnkoperstraat,1102,,
4204HS,Wijnkoperstraat,1104,,
4204HS,Wijnkoperstraat,1106,,
4204HS,Wijnkoperstraat,1108,,
4204HS,Wijnkoperstraat,1110,,
4204HS,Wijnkoperstraat,1112,,
4204HS,Wijnkoperstraat,1114,,
4204HS,Wijnkoperstraat,1116,,
4204HS,Wijnkoperstraat,1118,,
4204HS,Wijnkoperstraat,1202,,
4204HS,Wijnkoperstraat,1204,,
4204HS,Wijnkoperstraat,1206,,
4204HS,Wijnkoperstraat,1208,,
4204HS,Wijnkoperstraat,1210,,
4204HS,Wijnkoperstraat,1212,,
4204HS,Wijnkoperstraat,1214,,
4204HS,Wijnkoperstraat,1216,,
4204HS,Wijnkoperstraat,1218,,
4204HT,Wijnkoperstraat,1408,,
4204HT,Wijnkoperstraat,1410,,
4204HT,Wijnkoperstraat,1412,,
4204HT,Wijnkoperstraat,1414,,
4204HT,Wijnkoperstraat,1416,,
4204HT,Wijnkoperstraat,1418,,
4204HT,Wijnkoperstraat,1308,,
4204HT,Wijnkoperstraat,1310,,
4204HT,Wijnkoperstraat,1312,,
4204HT,Wijnkoperstraat,1314,,
4204HT,Wijnkoperstraat,1316,,
4204HT,Wijnkoperstraat,1318,,
4204HT,Wijnkoperstraat,1402,,
4204HT,Wijnkoperstraat,1404,,
4204HT,Wijnkoperstraat,1406,,
4204HT,Wijnkoperstraat,1302,,
4204HT,Wijnkoperstraat,1304,,
4204HT,Wijnkoperstraat,1306,,
4204HV,Wijnkoperstraat,1508,,
4204HV,Wijnkoperstraat,1510,,
4204HV,Wijnkoperstraat,1512,,
4204HV,Wijnkoperstraat,1514,,
4204HV,Wijnkoperstraat,1516,,
4204HV,Wijnkoperstraat,1518,,
4204HV,Wijnkoperstraat,1602,,
4204HV,Wijnkoperstraat,1604,,
4204HV,Wijnkoperstraat,1606,,
4204HV,Wijnkoperstraat,1502,,
4204HV,Wijnkoperstraat,1504,,
4204HV,Wijnkoperstraat,1506,,
4204HV,Wijnkoperstraat,1608,,
4204HV,Wijnkoperstraat,1610,,
4204HV,Wijnkoperstraat,1612,,
4204HV,Wijnkoperstraat,1614,,
4204HV,Wijnkoperstraat,1616,,
4204HV,Wijnkoperstraat,1618,,
4204EV,Zakdragerstraat,31,,
4204EV,Zakdragerstraat,25,,
4204EV,Zakdragerstraat,21,,
4204EV,Zakdragerstraat,17,,
4204EV,Zakdragerstraat,6,,
4204EV,Zakdragerstraat,7,,
4204EV,Zakdragerstraat,8,,
4204EV,Zakdragerstraat,9,,
4204EV,Zakdragerstraat,10,,
4204EV,Zakdragerstraat,11,,
4204EV,Zakdragerstraat,12,,
4204EV,Zakdragerstraat,13,,
4204EV,Zakdragerstraat,15,,
4204EV,Zakdragerstraat,1,,
4204EV,Zakdragerstraat,2,,
4204EV,Zakdragerstraat,3,,
4204EV,Zakdragerstraat,4,,
4204EV,Zakdragerstraat,5,,
4204EV,Zakdragerstraat,19,,
4204EV,Zakdragerstraat,23,,
4204EV,Zakdragerstraat,27,,
4204EV,Zakdragerstraat,29,,
4204AA,Banneweg,55,,
4204AZ,Banneweg,613,,
4204AX,Bataafsekade,4,a,
4204AX,Bataafsekade,6,a,
4204AX,Bataafsekade,8,a,
4204SJ,Chirurgijnstraat,49,,
4204GK,Zwartververstraat,1,,
4204GK,Zwartververstraat,3,,
4204GK,Zwartververstraat,5,,
4204GK,Zwartververstraat,7,,
4204GK,Zwartververstraat,9,,
4204GK,Zwartververstraat,11,,
4204GK,Zwartververstraat,13,,
4204GK,Zwartververstraat,15,,
4204GK,Zwartververstraat,17,,
4204GK,Zwartververstraat,19,,
4204GK,Zwartververstraat,21,,
4204GK,Zwartververstraat,31,,
4204GK,Zwartververstraat,29,,
4204GK,Zwartververstraat,27,,
4204GK,Zwartververstraat,25,,
4204GK,Zwartververstraat,23,,
4204GL,Zwartververstraat,46,,
4204GL,Zwartververstraat,44,,
4204GL,Zwartververstraat,42,,
4204GL,Zwartververstraat,40,,
4204GL,Zwartververstraat,38,,
4204GL,Zwartververstraat,36,,
4204GL,Zwartververstraat,34,,
4204GL,Zwartververstraat,32,,
4204GL,Zwartververstraat,30,,
4204GL,Zwartververstraat,28,,
4204GL,Zwartververstraat,26,,
4204GL,Zwartververstraat,24,,
4204GL,Zwartververstraat,22,,
4204GL,Zwartververstraat,20,,
4204GL,Zwartververstraat,18,,
4204GL,Zwartververstraat,16,,
4204GL,Zwartververstraat,14,,
4204GL,Zwartververstraat,12,,
4204GL,Zwartververstraat,10,,
4204GL,Zwartververstraat,8,,
4204GL,Zwartververstraat,6,,
4204GL,Zwartververstraat,4,,
4204GL,Zwartververstraat,2,,
4204GG,Gildenweg,135,,
4204GG,Gildenweg,137,,
4204GG,Gildenweg,139,,
4204GG,Gildenweg,141,,
4204GJ,Gildenweg,68,,
4204GJ,Gildenweg,68,a,
4204GJ,Gildenweg,68,b,
4204GJ,Gildenweg,66,,01
4204GJ,Gildenweg,66,,02
4204GJ,Gildenweg,66,,03
4204GJ,Gildenweg,66,,04
4204GJ,Gildenweg,66,,05
4204GJ,Gildenweg,66,,06
4204GJ,Gildenweg,66,,07
4204GJ,Gildenweg,66,,08
4204GJ,Gildenweg,66,,09
4204GJ,Gildenweg,66,,10
4204GJ,Gildenweg,66,,11
4204GJ,Gildenweg,66,,12
4204GJ,Gildenweg,66,,13
4204GJ,Gildenweg,66,,14
4204GJ,Gildenweg,66,,15
4204GJ,Gildenweg,66,,16
4204GJ,Gildenweg,66,,17
4204GJ,Gildenweg,66,,18
4204GJ,Gildenweg,66,,19
4204GJ,Gildenweg,66,,20
4204GJ,Gildenweg,66,,21
4204GJ,Gildenweg,66,,22
4204GJ,Gildenweg,66,,23
4204GJ,Gildenweg,66,,24
4204GJ,Gildenweg,66,,25
4204GJ,Gildenweg,66,,26
4204GJ,Gildenweg,66,,27
4204GJ,Gildenweg,66,,28
4204GJ,Gildenweg,66,,29
4204GJ,Gildenweg,66,,30
4204HK,Wijnkoperstraat,78,K,
4204HK,Wijnkoperstraat,78,L,
4204HK,Wijnkoperstraat,78,M,
4204HK,Wijnkoperstraat,6,,007
4204HK,Wijnkoperstraat,6,,107
4204HK,Wijnkoperstraat,6,,108
4204HK,Wijnkoperstraat,6,,207
4204HK,Wijnkoperstraat,6,,208
4204RA,Leidekkerstraat,3,,
4204RA,Leidekkerstraat,3,a,
4204AZ,Banneweg,121,,
4204AZ,Banneweg,121,a,
4204TE,Barbierstraat,120,a,
4204TE,Barbierstraat,120,b,
4204TE,Barbierstraat,120,c,
4204TE,Barbierstraat,120,d,
4204TE,Barbierstraat,120,e,
4204TE,Barbierstraat,120,f,
4204TE,Barbierstraat,120,g,
4204TE,Barbierstraat,120,h,
4204TE,Barbierstraat,120,k,
4204TE,Barbierstraat,120,l,
4204TE,Barbierstraat,120,m,
4204TE,Barbierstraat,120,n,
4204AX,Bataafsekade,8,a,
4204SJ,Chirurgijnstraat,49,,
4204SJ,Chirurgijnstraat,51,,
