postcode,straat,huisnummer,huisletter,toevoeging
3077HA,Arcenstraat,2,,
3077HA,Arcenstraat,4,,
3077HA,Arcenstraat,6,,
3077HA,Arcenstraat,8,,
3077HA,Arcenstraat,10,,
3077HA,Arcenstraat,12,,
3077HA,Arcenstraat,18,,
3077HA,Arcenstraat,19,,
3077HA,Arcenstraat,20,,
3077HA,Arcenstraat,21,,
3077HA,Arcenstraat,22,,
3077HA,Arcenstraat,23,,
3077HA,Arcenstraat,24,,
3077HA,Arcenstraat,25,,
3077HA,Arcenstraat,26,,
3077HA,Arcenstraat,27,,
3077HA,Arcenstraat,28,,
3077HA,Arcenstraat,30,,
3077HA,Arcenstraat,31,,
3077HA,Arcenstraat,32,,
3077HA,Arcenstraat,34,,
3077HA,Arcenstraat,36,,
3077HA,Arcenstraat,38,,
3077HA,Arcenstraat,40,,
3077HA,Arcenstraat,42,,
3077HA,Arcenstraat,44,,
3077HA,Arcenstraat,46,,
3077HA,Arcenstraat,48,,
3077PS,Aldendrielpad,1,,
3077PS,Aldendrielpad,2,,
3077PS,Aldendrielpad,3,,
3077PS,Aldendrielpad,4,,
3077PS,Aldendrielpad,5,,
3077PS,Aldendrielpad,6,,
3077PS,Aldendrielpad,7,,
3077PS,Aldendrielpad,8,,
3077PS,Aldendrielpad,9,,
3077PS,Aldendrielpad,10,,
3077PS,Aldendrielpad,11,,
3077PS,Aldendrielpad,12,,
3077PS,Aldendrielpad,13,,
3077PS,Aldendrielpad,14,,
3077PS,Aldendrielpad,15,,
3077PS,Aldendrielpad,16,,
3077PS,Aldendrielpad,17,,
3077PS,Aldendrielpad,18,,
3077PS,Aldendrielpad,19,,
3077PS,Aldendrielpad,20,,
3077XA,Ampsenland,2,,
3077XA,Ampsenland,4,,
3077XA,Ampsenland,6,,
3077XA,Ampsenland,8,,
3077XA,Ampsenland,10,,
3077XA,Ampsenland,12,,
3077XA,Ampsenland,14,,
3077XA,Ampsenland,16,,
3077XA,Ampsenland,18,,
3077XA,Ampsenland,20,,
3077XA,Ampsenland,22,,
3077XA,Ampsenland,24,,
3077XA,Ampsenland,26,,
3077XA,Ampsenland,28,,
3077XB,Amstenradehoek,2,,
3077XB,Amstenradehoek,4,,
3077XB,Amstenradehoek,6,,
3077XB,Amstenradehoek,8,,
3077XB,Amstenradehoek,10,,
3077XB,Amstenradehoek,12,,
3077XB,Amstenradehoek,14,,
3077XB,Amstenradehoek,16,,
3077XB,Amstenradehoek,18,,
3077XB,Amstenradehoek,20,,
3077XB,Amstenradehoek,22,,
3077JA,Alerdincksingel,1,,
3077JA,Alerdincksingel,3,,
3077JA,Alerdincksingel,5,,
3077JA,Alerdincksingel,7,,
3077JA,Alerdincksingel,9,,
3077JA,Alerdincksingel,11,,
3077JA,Alerdincksingel,13,,
3077JA,Alerdincksingel,15,,
3077JA,Alerdincksingel,17,,
3077JA,Alerdincksingel,19,,
3077JA,Alerdincksingel,21,,
3077JA,Alerdincksingel,23,,
3077JA,Alerdincksingel,25,,
3077JA,Alerdincksingel,27,,
3077JA,Alerdincksingel,29,,
3077JA,Alerdincksingel,31,,
3077JA,Alerdincksingel,33,,
3077JA,Alerdincksingel,35,,
3077JA,Alerdincksingel,37,,
3077JA,Alerdincksingel,39,,
3077JA,Alerdincksingel,41,,
3077JA,Alerdincksingel,43,,
3077JA,Alerdincksingel,45,,
3077JA,Alerdincksingel,49,,
3077JA,Alerdincksingel,51,,
3077JA,Alerdincksingel,53,,
3077JA,Alerdincksingel,55,,
3077JA,Alerdincksingel,57,,
3077JA,Alerdincksingel,59,,
3077JA,Alerdincksingel,61,,
3077JA,Alerdincksingel,63,,
3077JA,Alerdincksingel,65,,
3077JA,Alerdincksingel,67,,
3077JA,Alerdincksingel,69,,
3077JA,Alerdincksingel,71,,
3077JA,Alerdincksingel,73,,
3077JA,Alerdincksingel,75,,
3077JA,Alerdincksingel,77,,
3077JA,Alerdincksingel,79,,
3077JA,Alerdincksingel,81,,
3077JA,Alerdincksingel,83,,
3077JA,Alerdincksingel,85,,
3077JA,Alerdincksingel,87,,
3077JA,Alerdincksingel,89,,
3077JA,Alerdincksingel,93,,
3077JA,Alerdincksingel,95,,
3077JA,Alerdincksingel,97,,
3077JA,Alerdincksingel,99,,
3077JA,Alerdincksingel,101,,
3077JA,Alerdincksingel,103,,
3077JA,Alerdincksingel,105,,
3077JA,Alerdincksingel,107,,
3077JA,Alerdincksingel,109,,
3077JA,Alerdincksingel,111,,
3077JA,Alerdincksingel,113,,
3077JA,Alerdincksingel,115,,
3077JA,Alerdincksingel,117,,
3077JA,Alerdincksingel,119,,
3077JA,Alerdincksingel,121,,
3077JA,Alerdincksingel,123,,
3077JA,Alerdincksingel,125,,
3077JA,Alerdincksingel,127,,
3077JA,Alerdincksingel,129,,
3077JA,Alerdincksingel,131,,
3077JA,Alerdincksingel,133,,
3077JA,Alerdincksingel,135,,
3077JA,Alerdincksingel,137,,
3077JA,Alerdincksingel,139,,
3077JB,Alerdincksingel,2,,
3077JB,Alerdincksingel,4,,
3077JB,Alerdincksingel,6,,
3077JB,Alerdincksingel,8,,
3077JB,Alerdincksingel,10,,
3077JB,Alerdincksingel,12,,
3077JB,Alerdincksingel,14,,
3077JB,Alerdincksingel,16,,
3077JB,Alerdincksingel,18,,
3077JB,Alerdincksingel,20,,
3077JB,Alerdincksingel,22,,
3077JB,Alerdincksingel,24,,
3077JB,Alerdincksingel,26,,
3077JB,Alerdincksingel,28,,
3077JB,Alerdincksingel,30,,
3077JB,Alerdincksingel,32,,
3077JB,Alerdincksingel,34,,
3077JB,Alerdincksingel,36,,
3077JB,Alerdincksingel,38,,
3077JB,Alerdincksingel,40,,
3077JB,Alerdincksingel,42,,
3077JB,Alerdincksingel,44,,
3077JB,Alerdincksingel,46,,
3077JB,Alerdincksingel,48,,
3077JB,Alerdincksingel,50,,
3077JB,Alerdincksingel,52,,
3077JB,Alerdincksingel,54,,
3077JB,Alerdincksingel,56,,
3077JB,Alerdincksingel,58,,
3077JB,Alerdincksingel,60,,
3077JB,Alerdincksingel,64,,
3077JB,Alerdincksingel,66,,
3077JB,Alerdincksingel,68,,
3077JB,Alerdincksingel,70,,
3077JB,Alerdincksingel,72,,
3077JB,Alerdincksingel,74,,
3077JB,Alerdincksingel,76,,
3077JB,Alerdincksingel,78,,
3077JB,Alerdincksingel,80,,
3077JB,Alerdincksingel,82,,
3077JB,Alerdincksingel,84,,
3077JB,Alerdincksingel,86,,
3077JB,Alerdincksingel,88,,
3077JB,Alerdincksingel,90,,
3077JB,Alerdincksingel,92,,
3077JB,Alerdincksingel,94,,
3077JB,Alerdincksingel,96,,
3077JB,Alerdincksingel,98,,
3077JB,Alerdincksingel,100,,
3077JB,Alerdincksingel,102,,
3077JB,Alerdincksingel,106,,
3077JB,Alerdincksingel,112,,
3077JB,Alerdincksingel,114,,
3077JB,Alerdincksingel,116,,
3077JB,Alerdincksingel,118,,
3077JB,Alerdincksingel,120,,
3077JB,Alerdincksingel,122,,
3077JB,Alerdincksingel,124,,
3077JB,Alerdincksingel,126,,
3077JB,Alerdincksingel,128,,
3077JB,Alerdincksingel,130,,
3077JB,Alerdincksingel,132,,
3077JB,Alerdincksingel,134,,
3077JB,Alerdincksingel,136,,
3077JB,Alerdincksingel,138,,
3077JB,Alerdincksingel,140,,
3077JB,Alerdincksingel,142,,
3077JB,Alerdincksingel,144,,
3077JB,Alerdincksingel,146,,
3077JB,Alerdincksingel,148,,
3077JB,Alerdincksingel,150,,
3077JB,Alerdincksingel,152,,
3077JB,Alerdincksingel,154,,
3077JB,Alerdincksingel,156,,
3077JB,Alerdincksingel,158,,
3077JB,Alerdincksingel,160,,
3077JB,Alerdincksingel,162,,
3077JB,Alerdincksingel,164,,
3077JB,Alerdincksingel,166,,
3077JB,Alerdincksingel,168,,
3077JB,Alerdincksingel,170,,
3077JB,Alerdincksingel,172,,
3077JB,Alerdincksingel,174,,
3077JB,Alerdincksingel,176,,
3077JB,Alerdincksingel,178,,
3077JB,Alerdincksingel,180,,
3077JB,Alerdincksingel,182,,
3077JB,Alerdincksingel,184,,
3077JB,Alerdincksingel,186,,
3077HB,Beesdestraat,1,,
3077HB,Beesdestraat,2,,
3077HB,Beesdestraat,3,,
3077HB,Beesdestraat,4,,
3077HB,Beesdestraat,5,,
3077HB,Beesdestraat,6,,
3077HB,Beesdestraat,7,,
3077HB,Beesdestraat,8,,
3077HB,Beesdestraat,9,,
3077HB,Beesdestraat,10,,
3077HB,Beesdestraat,11,,
3077HB,Beesdestraat,12,,
3077HB,Beesdestraat,13,,
3077HB,Beesdestraat,14,,
3077HB,Beesdestraat,15,,
3077HB,Beesdestraat,16,,
3077HB,Beesdestraat,17,,
3077HB,Beesdestraat,18,,
3077HB,Beesdestraat,19,,
3077HB,Beesdestraat,20,,
3077HB,Beesdestraat,21,,
3077HB,Beesdestraat,22,,
3077HB,Beesdestraat,23,,
3077HB,Beesdestraat,24,,
3077HB,Beesdestraat,25,,
3077HB,Beesdestraat,26,,
3077HB,Beesdestraat,27,,
3077HB,Beesdestraat,28,,
3077HB,Beesdestraat,29,,
3077HB,Beesdestraat,30,,
3077HB,Beesdestraat,31,,
3077HB,Beesdestraat,32,,
3077HB,Beesdestraat,33,,
3077HB,Beesdestraat,34,,
3077HB,Beesdestraat,35,,
3077HB,Beesdestraat,36,,
3077HB,Beesdestraat,37,,
3077HB,Beesdestraat,38,,
3077HB,Beesdestraat,39,,
3077HB,Beesdestraat,40,,
3077HB,Beesdestraat,41,,
3077HB,Beesdestraat,42,,
3077HB,Beesdestraat,43,,
3077HB,Beesdestraat,44,,
3077HB,Beesdestraat,45,,
3077HB,Beesdestraat,46,,
3077HB,Beesdestraat,47,,
3077HB,Beesdestraat,48,,
3077HB,Beesdestraat,49,,
3077HB,Beesdestraat,50,,
3077HB,Beesdestraat,51,,
3077HB,Beesdestraat,52,,
3077HB,Beesdestraat,53,,
3077HB,Beesdestraat,54,,
3077HB,Beesdestraat,55,,
3077HB,Beesdestraat,56,,
3077HB,Beesdestraat,57,,
3077HB,Beesdestraat,58,,
3077HB,Beesdestraat,59,,
3077HB,Beesdestraat,60,,
3077HB,Beesdestraat,61,,
3077HB,Beesdestraat,62,,
3077HB,Beesdestraat,63,,
3077HB,Beesdestraat,64,,
3077HB,Beesdestraat,65,,
3077HB,Beesdestraat,66,,
3077HB,Beesdestraat,67,,
3077HB,Beesdestraat,68,,
3077HB,Beesdestraat,69,,
3077HB,Beesdestraat,70,,
3077HB,Beesdestraat,71,,
3077HB,Beesdestraat,72,,
3077HB,Beesdestraat,73,,
3077HB,Beesdestraat,74,,
3077HB,Beesdestraat,75,,
3077HB,Beesdestraat,76,,
3077HB,Beesdestraat,77,,
3077HB,Beesdestraat,79,,
3077HB,Beesdestraat,80,,
3077HB,Beesdestraat,81,,
3077HB,Beesdestraat,82,,
3077HB,Beesdestraat,83,,
3077HB,Beesdestraat,84,,
3077HB,Beesdestraat,85,,
3077HB,Beesdestraat,86,,
3077HB,Beesdestraat,87,,
3077HB,Beesdestraat,88,,
3077HB,Beesdestraat,89,,
3077HB,Beesdestraat,90,,
3077HB,Beesdestraat,91,,
3077HB,Beesdestraat,93,,
3077HB,Beesdestraat,95,,
3077HB,Beesdestraat,97,,
3077HB,Beesdestraat,99,,
3077HB,Beesdestraat,101,,
3077HB,Beesdestraat,103,,
3077HB,Beesdestraat,111,,
3077HB,Beesdestraat,113,,
3077HB,Beesdestraat,115,,
3077HB,Beesdestraat,117,,
3077HB,Beesdestraat,119,,
3077HB,Beesdestraat,121,,
3077HB,Beesdestraat,123,,
3077HB,Beesdestraat,125,,
3077HB,Beesdestraat,127,,
3077HB,Beesdestraat,129,,
3077HB,Beesdestraat,131,,
3077HB,Beesdestraat,133,,
3077HB,Beesdestraat,135,,
3077HB,Beesdestraat,137,,
3077HB,Beesdestraat,139,,
3077HB,Beesdestraat,141,,
3077HB,Beesdestraat,143,,
3077HB,Beesdestraat,145,,
3077HB,Beesdestraat,147,,
3077HB,Beesdestraat,149,,
3077HB,Beesdestraat,151,,
3077HB,Beesdestraat,153,,
3077HB,Beesdestraat,155,,
3077HB,Beesdestraat,157,,
3077HB,Beesdestraat,159,,
3077HB,Beesdestraat,161,,
3077HB,Beesdestraat,163,,
3077HB,Beesdestraat,167,,
3077HB,Beesdestraat,169,,
3077HB,Beesdestraat,171,,
3077HB,Beesdestraat,173,,
3077HB,Beesdestraat,175,,
3077HB,Beesdestraat,181,,
3077HB,Beesdestraat,183,,
3077HB,Beesdestraat,185,,
3077HB,Beesdestraat,187,,
3077HB,Beesdestraat,189,,
3077HB,Beesdestraat,191,,
3077HB,Beesdestraat,193,,
3077HB,Beesdestraat,195,,
3077HB,Beesdestraat,197,,
3077HB,Beesdestraat,199,,
3077HB,Beesdestraat,201,,
3077HB,Beesdestraat,203,,
3077HB,Beesdestraat,205,,
3077HB,Beesdestraat,207,,
3077HB,Beesdestraat,209,,
3077HB,Beesdestraat,211,,
3077HB,Beesdestraat,213,,
3077HB,Beesdestraat,215,,
3077HB,Beesdestraat,217,,
3077HB,Beesdestraat,219,,
3077HB,Beesdestraat,221,,
3077HB,Beesdestraat,223,,
3077HB,Beesdestraat,225,,
3077HB,Beesdestraat,227,,
3077HB,Beesdestraat,229,,
3077KA,Borgharensingel,1,,
3077KA,Borgharensingel,2,,
3077KA,Borgharensingel,3,,
3077KA,Borgharensingel,4,,
3077KA,Borgharensingel,5,,
3077KA,Borgharensingel,6,,
3077KA,Borgharensingel,7,,
3077KA,Borgharensingel,8,,
3077KA,Borgharensingel,9,,
3077KA,Borgharensingel,10,,
3077KA,Borgharensingel,11,,
3077KA,Borgharensingel,12,,
3077KA,Borgharensingel,13,,
3077KA,Borgharensingel,14,,
3077KA,Borgharensingel,15,,
3077KA,Borgharensingel,16,,
3077KA,Borgharensingel,17,,
3077KA,Borgharensingel,18,,
3077KA,Borgharensingel,19,,
3077KA,Borgharensingel,20,,
3077KA,Borgharensingel,21,,
3077KA,Borgharensingel,22,,
3077KA,Borgharensingel,23,,
3077KA,Borgharensingel,24,,
3077KA,Borgharensingel,25,,
3077KA,Borgharensingel,26,,
3077KA,Borgharensingel,27,,
3077KA,Borgharensingel,28,,
3077KA,Borgharensingel,29,,
3077KA,Borgharensingel,30,,
3077KA,Borgharensingel,31,,
3077KA,Borgharensingel,32,,
3077KA,Borgharensingel,33,,
3077KA,Borgharensingel,34,,
3077KA,Borgharensingel,35,,
3077KA,Borgharensingel,36,,
3077KA,Borgharensingel,37,,
3077KA,Borgharensingel,38,,
3077KA,Borgharensingel,39,,
3077KA,Borgharensingel,40,,
3077KA,Borgharensingel,41,,
3077KA,Borgharensingel,42,,
3077EC,Bleyenbeekstraat,1,,
3077EC,Bleyenbeekstraat,2,,
3077EC,Bleyenbeekstraat,3,,
3077EC,Bleyenbeekstraat,4,,
3077EB,Biljoenstraat,1,,
3077EB,Biljoenstraat,2,,
3077EB,Biljoenstraat,3,,
3077EB,Biljoenstraat,4,,
3077EB,Biljoenstraat,5,,
3077EB,Biljoenstraat,6,,
3077EB,Biljoenstraat,7,,
3077EB,Biljoenstraat,8,,
3077EB,Biljoenstraat,9,,
3077EB,Biljoenstraat,10,,
3077GA,Beverwaardseweg,52,,
3077GA,Beverwaardseweg,54,,
3077GA,Beverwaardseweg,56,,
3077GA,Beverwaardseweg,58,,
3077GA,Beverwaardseweg,60,,
3077GA,Beverwaardseweg,62,,
3077GA,Beverwaardseweg,64,,
3077GA,Beverwaardseweg,66,,
3077GA,Beverwaardseweg,68,,
3077GA,Beverwaardseweg,70,,
3077GA,Beverwaardseweg,72,,
3077GA,Beverwaardseweg,74,,
3077GA,Beverwaardseweg,78,,
3077GA,Beverwaardseweg,80,,
3077GA,Beverwaardseweg,82,,
3077GA,Beverwaardseweg,84,,
3077GA,Beverwaardseweg,86,,
3077GA,Beverwaardseweg,88,,
3077GA,Beverwaardseweg,90,,
3077GA,Beverwaardseweg,92,,
3077GA,Beverwaardseweg,94,,
3077GA,Beverwaardseweg,96,,
3077GA,Beverwaardseweg,98,,
3077GA,Beverwaardseweg,100,,
3077GB,Beverwaardseweg,104,,
3077GB,Beverwaardseweg,106,,
3077GB,Beverwaardseweg,108,,
3077GB,Beverwaardseweg,110,,
3077GB,Beverwaardseweg,112,,
3077GB,Beverwaardseweg,114,,
3077GB,Beverwaardseweg,116,,
3077GB,Beverwaardseweg,118,,
3077GB,Beverwaardseweg,120,,
3077GB,Beverwaardseweg,122,,
3077GB,Beverwaardseweg,124,,
3077GB,Beverwaardseweg,126,,
3077GB,Beverwaardseweg,128,,
3077GB,Beverwaardseweg,130,,
3077GB,Beverwaardseweg,132,,
3077GB,Beverwaardseweg,134,,
3077GB,Beverwaardseweg,138,,
3077GB,Beverwaardseweg,140,,
3077GB,Beverwaardseweg,142,,
3077GB,Beverwaardseweg,144,,
3077GB,Beverwaardseweg,146,,
3077GB,Beverwaardseweg,148,,
3077GC,Beverwaardseweg,152,,
3077GC,Beverwaardseweg,154,,
3077GC,Beverwaardseweg,156,,
3077GC,Beverwaardseweg,158,,
3077GC,Beverwaardseweg,160,,
3077GC,Beverwaardseweg,162,,
3077GC,Beverwaardseweg,164,,
3077GC,Beverwaardseweg,166,,
3077GC,Beverwaardseweg,168,,
3077GD,Beverwaardseweg,172,,
3077GD,Beverwaardseweg,174,,
3077GD,Beverwaardseweg,176,,
3077GD,Beverwaardseweg,178,,
3077GD,Beverwaardseweg,180,,
3077GD,Beverwaardseweg,182,,
3077GD,Beverwaardseweg,184,,
3077GD,Beverwaardseweg,186,,
3077GD,Beverwaardseweg,188,,
3077GD,Beverwaardseweg,190,,
3077GD,Beverwaardseweg,192,,
3077GD,Beverwaardseweg,194,,
3077GD,Beverwaardseweg,196,,
3077GD,Beverwaardseweg,198,,
3077GD,Beverwaardseweg,200,,
3077GD,Beverwaardseweg,202,,
3077GD,Beverwaardseweg,204,,
3077GD,Beverwaardseweg,206,,
3077GD,Beverwaardseweg,208,,
3077GD,Beverwaardseweg,210,,
3077GD,Beverwaardseweg,212,,
3077GD,Beverwaardseweg,214,,
3077GD,Beverwaardseweg,216,,
3077GD,Beverwaardseweg,218,,
3077GD,Beverwaardseweg,220,,
3077GD,Beverwaardseweg,222,,
3077GD,Beverwaardseweg,224,,
3077GD,Beverwaardseweg,226,,
3077GD,Beverwaardseweg,228,,
3077GD,Beverwaardseweg,230,,
3077GD,Beverwaardseweg,232,,
3077GD,Beverwaardseweg,234,,
3077GD,Beverwaardseweg,236,,
3077GD,Beverwaardseweg,238,,
3077GD,Beverwaardseweg,240,,
3077GD,Beverwaardseweg,242,,
3077GD,Beverwaardseweg,244,,
3077GD,Beverwaardseweg,246,,
3077GD,Beverwaardseweg,248,,
3077GD,Beverwaardseweg,250,,
3077GD,Beverwaardseweg,258,,
3077GD,Beverwaardseweg,260,,
3077GD,Beverwaardseweg,262,,
3077GD,Beverwaardseweg,264,,
3077GD,Beverwaardseweg,266,,
3077GD,Beverwaardseweg,268,,
3077GD,Beverwaardseweg,270,,
3077GD,Beverwaardseweg,272,,
3077GD,Beverwaardseweg,274,,
3077GD,Beverwaardseweg,276,,
3077GD,Beverwaardseweg,278,,
3077GD,Beverwaardseweg,280,,
3077GD,Beverwaardseweg,282,,
3077GD,Beverwaardseweg,284,,
3077GD,Beverwaardseweg,286,,
3077GD,Beverwaardseweg,288,,
3077GD,Beverwaardseweg,290,,
3077GD,Beverwaardseweg,292,,
3077GD,Beverwaardseweg,294,,
3077GD,Beverwaardseweg,296,,
3077GD,Beverwaardseweg,300,,
3077GD,Beverwaardseweg,302,,
3077GD,Beverwaardseweg,304,,
3077GD,Beverwaardseweg,306,,
3077GD,Beverwaardseweg,308,,
3077GD,Beverwaardseweg,310,,
3077GD,Beverwaardseweg,312,,
3077GD,Beverwaardseweg,314,,
3077GD,Beverwaardseweg,316,,
3077GE,Beverwaardseweg,326,,
3077GE,Beverwaardseweg,328,,
3077GE,Beverwaardseweg,330,,
3077GE,Beverwaardseweg,332,,
3077GE,Beverwaardseweg,334,,
3077GE,Beverwaardseweg,336,,
3077GE,Beverwaardseweg,338,,
3077GE,Beverwaardseweg,340,,
3077GE,Beverwaardseweg,342,,
3077GE,Beverwaardseweg,344,,
3077GE,Beverwaardseweg,346,,
3077GE,Beverwaardseweg,348,,
3077GE,Beverwaardseweg,350,,
3077GE,Beverwaardseweg,352,,
3077GH,Beverwaardseweg,500,,
3077JC,Blitterswijkstraat,2,,
3077JC,Blitterswijkstraat,4,,
3077JC,Blitterswijkstraat,6,,
3077JC,Blitterswijkstraat,8,,
3077JC,Blitterswijkstraat,10,,
3077JC,Blitterswijkstraat,12,,
3077JC,Blitterswijkstraat,14,,
3077JC,Blitterswijkstraat,16,,
3077JC,Blitterswijkstraat,18,,
3077JC,Blitterswijkstraat,20,,
3077JC,Blitterswijkstraat,22,,
3077JC,Blitterswijkstraat,24,,
3077JC,Blitterswijkstraat,26,,
3077ED,Bolnesservliet,12,,
3077ED,Bolnesservliet,14,,
3077ED,Bolnesservliet,16,,
3077ED,Bolnesservliet,18,,
3077ED,Bolnesservliet,20,,
3077ED,Bolnesservliet,22,,
3077ED,Bolnesservliet,24,,
3077ED,Bolnesservliet,26,,
3077ED,Bolnesservliet,28,,
3077ED,Bolnesservliet,30,,
3077ED,Bolnesservliet,32,,
3077ED,Bolnesservliet,34,,
3077ED,Bolnesservliet,36,,
3077ED,Bolnesservliet,38,,
3077ED,Bolnesservliet,40,,
3077ED,Bolnesservliet,42,,
3077ED,Bolnesservliet,44,,
3077ED,Bolnesservliet,46,,
3077ED,Bolnesservliet,48,,
3077ED,Bolnesservliet,50,,
3077ED,Bolnesservliet,52,,
3077ED,Bolnesservliet,54,,
3077ED,Bolnesservliet,56,,
3077ED,Bolnesservliet,58,,
3077CZ,Bolnesserkade,864,,
3077JR,Brecklenkampstraat,2,,
3077JR,Brecklenkampstraat,4,,
3077JR,Brecklenkampstraat,6,,
3077JR,Brecklenkampstraat,8,,
3077JR,Brecklenkampstraat,10,,
3077JR,Brecklenkampstraat,12,,
3077JR,Brecklenkampstraat,14,,
3077JR,Brecklenkampstraat,15,,
3077JR,Brecklenkampstraat,16,,
3077JR,Brecklenkampstraat,17,,
3077JR,Brecklenkampstraat,19,,
3077JR,Brecklenkampstraat,21,,
3077JR,Brecklenkampstraat,22,,
3077JR,Brecklenkampstraat,23,,
3077JR,Brecklenkampstraat,24,,
3077JR,Brecklenkampstraat,25,,
3077JR,Brecklenkampstraat,26,,
3077JR,Brecklenkampstraat,28,,
3077JR,Brecklenkampstraat,30,,
3077JR,Brecklenkampstraat,32,,
3077JR,Brecklenkampstraat,34,,
3077JR,Brecklenkampstraat,36,,
3077JR,Brecklenkampstraat,38,,
3077JR,Brecklenkampstraat,40,,
3077JS,Boxbergenstraat,3,,
3077JS,Boxbergenstraat,5,,
3077JS,Boxbergenstraat,7,,
3077JS,Boxbergenstraat,11,,
3077PB,Bouvignepad,1,,
3077PB,Bouvignepad,3,,
3077PB,Bouvignepad,5,,
3077PB,Bouvignepad,7,,
3077PB,Bouvignepad,9,,
3077PE,Cortenbachsingel,1,,
3077PE,Cortenbachsingel,3,,
3077PE,Cortenbachsingel,5,,
3077PE,Cortenbachsingel,7,,
3077PE,Cortenbachsingel,9,,
3077PE,Cortenbachsingel,11,,
3077PE,Cortenbachsingel,13,,
3077PE,Cortenbachsingel,15,,
3077PE,Cortenbachsingel,17,,
3077PE,Cortenbachsingel,19,,
3077PE,Cortenbachsingel,21,,
3077PE,Cortenbachsingel,23,,
3077PE,Cortenbachsingel,25,,
3077PE,Cortenbachsingel,27,,
3077PE,Cortenbachsingel,29,,
3077PE,Cortenbachsingel,31,,
3077PE,Cortenbachsingel,33,,
3077PE,Cortenbachsingel,35,,
3077PE,Cortenbachsingel,37,,
3077PE,Cortenbachsingel,39,,
3077PE,Cortenbachsingel,41,,
3077PE,Cortenbachsingel,43,,
3077PE,Cortenbachsingel,45,,
3077PE,Cortenbachsingel,47,,
3077PE,Cortenbachsingel,49,,
3077TM,Carsveldstraat,1,,
3077TM,Carsveldstraat,2,,
3077TM,Carsveldstraat,3,,
3077TM,Carsveldstraat,4,,
3077TM,Carsveldstraat,5,,
3077TM,Carsveldstraat,6,,
3077TM,Carsveldstraat,7,,
3077TM,Carsveldstraat,8,,
3077TM,Carsveldstraat,9,,
3077TM,Carsveldstraat,10,,
3077TM,Carsveldstraat,11,,
3077TM,Carsveldstraat,12,,
3077TM,Carsveldstraat,13,,
3077TM,Carsveldstraat,14,,
3077TM,Carsveldstraat,15,,
3077TM,Carsveldstraat,16,,
3077JD,Coendersborchdam,1,,
3077JD,Coendersborchdam,2,,
3077JD,Coendersborchdam,3,,
3077JD,Coendersborchdam,4,,
3077JD,Coendersborchdam,5,,
3077JD,Coendersborchdam,6,,
3077JD,Coendersborchdam,7,,
3077JD,Coendersborchdam,8,,
3077JD,Coendersborchdam,9,,
3077JD,Coendersborchdam,10,,
3077JD,Coendersborchdam,11,,
3077JD,Coendersborchdam,12,,
3077PC,Cannenburchstraat,1,,
3077PC,Cannenburchstraat,3,,
3077PC,Cannenburchstraat,27,,
3077PC,Cannenburchstraat,29,,
3077PC,Cannenburchstraat,31,,
3077PC,Cannenburchstraat,33,,
3077PC,Cannenburchstraat,35,,
3077PC,Cannenburchstraat,41,,
3077PC,Cannenburchstraat,43,,
3077PC,Cannenburchstraat,45,,
3077PC,Cannenburchstraat,47,,
3077PC,Cannenburchstraat,49,,
3077PC,Cannenburchstraat,51,,
3077PC,Cannenburchstraat,53,,
3077PC,Cannenburchstraat,55,,
3077PC,Cannenburchstraat,57,,
3077PC,Cannenburchstraat,63,,
3077PC,Cannenburchstraat,65,,
3077PC,Cannenburchstraat,67,,
3077PC,Cannenburchstraat,69,,
3077PC,Cannenburchstraat,71,,
3077PC,Cannenburchstraat,73,,
3077PC,Cannenburchstraat,75,,
3077PC,Cannenburchstraat,79,,
3077PC,Cannenburchstraat,81,,
3077PC,Cannenburchstraat,83,,
3077PC,Cannenburchstraat,85,,
3077PC,Cannenburchstraat,87,,
3077PC,Cannenburchstraat,89,,
3077PC,Cannenburchstraat,91,,
3077PC,Cannenburchstraat,93,,
3077PC,Cannenburchstraat,99,,
3077PC,Cannenburchstraat,101,,
3077PC,Cannenburchstraat,103,,
3077PC,Cannenburchstraat,105,,
3077PC,Cannenburchstraat,107,,
3077PC,Cannenburchstraat,109,,
3077PC,Cannenburchstraat,111,,
3077PC,Cannenburchstraat,113,,
3077PC,Cannenburchstraat,115,,
3077PC,Cannenburchstraat,117,,
3077PC,Cannenburchstraat,119,,
3077PC,Cannenburchstraat,121,,
3077PC,Cannenburchstraat,123,,
3077PC,Cannenburchstraat,125,,
3077PC,Cannenburchstraat,127,,
3077PC,Cannenburchstraat,129,,
3077PC,Cannenburchstraat,131,,
3077PC,Cannenburchstraat,133,,
3077PC,Cannenburchstraat,145,,
3077PD,Cannenburchstraat,2,,
3077PD,Cannenburchstraat,4,,
3077PD,Cannenburchstraat,6,,
3077PD,Cannenburchstraat,8,,
3077PD,Cannenburchstraat,10,,
3077PD,Cannenburchstraat,12,,
3077PD,Cannenburchstraat,16,,
3077PD,Cannenburchstraat,18,,
3077PD,Cannenburchstraat,20,,
3077PD,Cannenburchstraat,22,,
3077PD,Cannenburchstraat,24,,
3077PD,Cannenburchstraat,26,,
3077PD,Cannenburchstraat,28,,
3077PD,Cannenburchstraat,30,,
3077PD,Cannenburchstraat,36,,
3077PD,Cannenburchstraat,38,,
3077PD,Cannenburchstraat,40,,
3077PD,Cannenburchstraat,42,,
3077PD,Cannenburchstraat,44,,
3077PD,Cannenburchstraat,46,,
3077PD,Cannenburchstraat,48,,
3077PD,Cannenburchstraat,50,,
3077PD,Cannenburchstraat,52,,
3077PD,Cannenburchstraat,54,,
3077PD,Cannenburchstraat,56,,
3077PD,Cannenburchstraat,58,,
3077PD,Cannenburchstraat,60,,
3077PD,Cannenburchstraat,64,,
3077PD,Cannenburchstraat,66,,
3077PD,Cannenburchstraat,68,,
3077PD,Cannenburchstraat,70,,
3077PD,Cannenburchstraat,72,,
3077PD,Cannenburchstraat,74,,
3077PD,Cannenburchstraat,76,,
3077PD,Cannenburchstraat,78,,
3077PD,Cannenburchstraat,80,,
3077PD,Cannenburchstraat,84,,
3077PD,Cannenburchstraat,86,,
3077PD,Cannenburchstraat,88,,
3077PD,Cannenburchstraat,90,,
3077PD,Cannenburchstraat,92,,
3077PD,Cannenburchstraat,94,,
3077PD,Cannenburchstraat,96,,
3077PD,Cannenburchstraat,98,,
3077PD,Cannenburchstraat,100,,
3077PD,Cannenburchstraat,102,,
3077PD,Cannenburchstraat,104,,
3077PD,Cannenburchstraat,106,,
3077PD,Cannenburchstraat,108,,
3077PD,Cannenburchstraat,110,,
3077PD,Cannenburchstraat,112,,
3077PD,Cannenburchstraat,114,,
3077PD,Cannenburchstraat,116,,
3077PD,Cannenburchstraat,118,,
3077PD,Cannenburchstraat,120,,
3077PD,Cannenburchstraat,122,,
3077PD,Cannenburchstraat,124,,
3077PD,Cannenburchstraat,126,,
3077PD,Cannenburchstraat,128,,
3077PD,Cannenburchstraat,130,,
3077PD,Cannenburchstraat,132,,
3077PD,Cannenburchstraat,134,,
3077PD,Cannenburchstraat,136,,
3077PD,Cannenburchstraat,138,,
3077PD,Cannenburchstraat,140,,
3077PD,Cannenburchstraat,142,,
3077PD,Cannenburchstraat,144,,
3077HC,Croystraat,1,,
3077HC,Croystraat,2,,
3077HC,Croystraat,3,,
3077HC,Croystraat,4,,
3077HC,Croystraat,5,,
3077HC,Croystraat,6,,
3077HC,Croystraat,7,,
3077HC,Croystraat,8,,
3077HC,Croystraat,9,,
3077HC,Croystraat,10,,
3077HC,Croystraat,11,,
3077HD,De Haerestraat,1,,
3077HD,De Haerestraat,2,,
3077HD,De Haerestraat,3,,
3077HD,De Haerestraat,4,,
3077HD,De Haerestraat,5,,
3077HD,De Haerestraat,6,,
3077HD,De Haerestraat,7,,
3077HD,De Haerestraat,8,,
3077HD,De Haerestraat,9,,
3077HD,De Haerestraat,10,,
3077HD,De Haerestraat,11,,
3077HD,De Haerestraat,12,,
3077HD,De Haerestraat,13,,
3077HD,De Haerestraat,14,,
3077HD,De Haerestraat,17,,
3077HD,De Haerestraat,19,,
3077HD,De Haerestraat,21,,
3077HD,De Haerestraat,22,,
3077HD,De Haerestraat,23,,
3077HD,De Haerestraat,24,,
3077TN,Deurnesingel,4,,
3077TN,Deurnesingel,6,,
3077TN,Deurnesingel,8,,
3077TN,Deurnesingel,10,,
3077TN,Deurnesingel,12,,
3077TN,Deurnesingel,14,,
3077TN,Deurnesingel,16,,
3077TN,Deurnesingel,18,,
3077TN,Deurnesingel,20,,
3077TN,Deurnesingel,22,,
3077TN,Deurnesingel,24,,
3077TN,Deurnesingel,26,,
3077CL,Dijkje,16,,
3077CL,Dijkje,20,,
3077CL,Dijkje,22,,
3077CL,Dijkje,24,,
3077CL,Dijkje,26,,
3077CL,Dijkje,28,,
3077CL,Dijkje,30,,
3077CL,Dijkje,32,,
3077CL,Dijkje,34,,
3077CL,Dijkje,36,,
3077CL,Dijkje,38,,
3077CL,Dijkje,40,,
3077CL,Dijkje,42,,
3077CL,Dijkje,44,,
3077CL,Dijkje,46,,
3077CL,Dijkje,48,,
3077CL,Dijkje,50,,
3077CL,Dijkje,52,,
3077CL,Dijkje,54,,
3077CL,Dijkje,56,,
3077CL,Dijkje,58,,
3077CL,Dijkje,60,,
3077CL,Dijkje,62,,
3077CL,Dijkje,476,,
3077CM,Dijkje,102,,
3077CM,Dijkje,104,,
3077CM,Dijkje,106,,
3077CM,Dijkje,108,,
3077CM,Dijkje,110,,
3077CM,Dijkje,112,,
3077CM,Dijkje,114,,
3077CM,Dijkje,116,,
3077CM,Dijkje,118,,
3077CM,Dijkje,120,,
3077CM,Dijkje,122,,
3077CM,Dijkje,124,,
3077CM,Dijkje,126,,
3077CM,Dijkje,128,,
3077CM,Dijkje,130,,
3077JE,Ehrensteindam,1,,
3077JE,Ehrensteindam,2,,
3077JE,Ehrensteindam,3,,
3077JE,Ehrensteindam,4,,
3077JE,Ehrensteindam,5,,
3077JE,Ehrensteindam,6,,
3077JE,Ehrensteindam,7,,
3077JE,Ehrensteindam,8,,
3077JE,Ehrensteindam,9,,
3077JE,Ehrensteindam,10,,
3077JE,Ehrensteindam,11,,
3077JE,Ehrensteindam,12,,
3077JE,Ehrensteindam,14,,
3077XD,Eckartstraat,1,,
3077XD,Eckartstraat,3,,
3077XD,Eckartstraat,5,,
3077XD,Eckartstraat,7,,
3077XD,Eckartstraat,9,,
3077XD,Eckartstraat,11,,
3077XD,Eckartstraat,13,,
3077XD,Eckartstraat,15,,
3077XD,Eckartstraat,17,,
3077XD,Eckartstraat,19,,
3077XD,Eckartstraat,21,,
3077XD,Eckartstraat,23,,
3077XD,Eckartstraat,25,,
3077XD,Eckartstraat,29,,
3077XD,Eckartstraat,31,,
3077XD,Eckartstraat,32,,
3077XD,Eckartstraat,33,,
3077XD,Eckartstraat,34,,
3077XD,Eckartstraat,35,,
3077XD,Eckartstraat,36,,
3077XD,Eckartstraat,37,,
3077XD,Eckartstraat,38,,
3077XD,Eckartstraat,39,,
3077XD,Eckartstraat,40,,
3077XD,Eckartstraat,41,,
3077XD,Eckartstraat,42,,
3077XD,Eckartstraat,43,,
3077XD,Eckartstraat,44,,
3077XD,Eckartstraat,45,,
3077XD,Eckartstraat,46,,
3077XD,Eckartstraat,47,,
3077XD,Eckartstraat,48,,
3077XD,Eckartstraat,50,,
3077XD,Eckartstraat,52,,
3077KB,Duinbekedam,1,,
3077KB,Duinbekedam,3,,
3077KB,Duinbekedam,5,,
3077KB,Duinbekedam,7,,
3077KB,Duinbekedam,9,,
3077KB,Duinbekedam,11,,
3077KB,Duinbekedam,13,,
3077KB,Duinbekedam,15,,
3077PX,Edo Bergsmaweg,10,,
3077PX,Edo Bergsmaweg,12,,
3077PG,Doorwerthstraat,1,,
3077PG,Doorwerthstraat,3,,
3077PG,Doorwerthstraat,5,,
3077PG,Doorwerthstraat,7,,
3077PG,Doorwerthstraat,9,,
3077PG,Doorwerthstraat,11,,
3077PG,Doorwerthstraat,13,,
3077PG,Doorwerthstraat,15,,
3077KC,Eijsdenstraat,5,,
3077KC,Eijsdenstraat,6,,
3077KC,Eijsdenstraat,7,,
3077KC,Eijsdenstraat,8,,
3077KC,Eijsdenstraat,9,,
3077KC,Eijsdenstraat,10,,
3077KC,Eijsdenstraat,11,,
3077KC,Eijsdenstraat,12,,
3077KC,Eijsdenstraat,13,,
3077KC,Eijsdenstraat,14,,
3077KC,Eijsdenstraat,15,,
3077KC,Eijsdenstraat,16,,
3077HE,Fleringenstraat,52,,
3077HE,Fleringenstraat,54,,
3077HE,Fleringenstraat,56,,
3077HE,Fleringenstraat,58,,
3077HE,Fleringenstraat,60,,
3077HE,Fleringenstraat,62,,
3077HE,Fleringenstraat,64,,
3077HE,Fleringenstraat,77,,
3077HE,Fleringenstraat,79,,
3077HE,Fleringenstraat,81,,
3077HE,Fleringenstraat,83,,
3077HE,Fleringenstraat,85,,
3077HE,Fleringenstraat,87,,
3077HE,Fleringenstraat,89,,
3077HE,Fleringenstraat,91,,
3077HE,Fleringenstraat,93,,
3077HE,Fleringenstraat,95,,
3077HE,Fleringenstraat,111,,
3077HE,Fleringenstraat,113,,
3077HE,Fleringenstraat,115,,
3077HE,Fleringenstraat,117,,
3077HE,Fleringenstraat,119,,
3077HE,Fleringenstraat,121,,
3077HE,Fleringenstraat,123,,
3077RT,Geldroperf,7,,
3077RT,Geldroperf,9,,
3077RT,Geldroperf,10,,
3077RT,Geldroperf,11,,
3077RT,Geldroperf,12,,
3077RT,Geldroperf,13,,
3077RT,Geldroperf,14,,
3077RT,Geldroperf,15,,
3077RT,Geldroperf,16,,
3077RT,Geldroperf,17,,
3077HG,Geeresteinstraat,1,,
3077HG,Geeresteinstraat,3,,
3077HG,Geeresteinstraat,4,,
3077HG,Geeresteinstraat,5,,
3077HG,Geeresteinstraat,6,,
3077HG,Geeresteinstraat,7,,
3077HG,Geeresteinstraat,8,,
3077HG,Geeresteinstraat,9,,
3077HG,Geeresteinstraat,10,,
3077HG,Geeresteinstraat,11,,
3077HG,Geeresteinstraat,13,,
3077HG,Geeresteinstraat,17,,
3077HG,Geeresteinstraat,19,,
3077HG,Geeresteinstraat,21,,
3077HG,Geeresteinstraat,23,,
3077HG,Geeresteinstraat,25,,
3077HG,Geeresteinstraat,27,,
3077HG,Geeresteinstraat,29,,
3077HG,Geeresteinstraat,31,,
3077HG,Geeresteinstraat,33,,
3077XE,Genhoeserf,1,,
3077XE,Genhoeserf,1,B,
3077XE,Genhoeserf,2,,
3077XE,Genhoeserf,2,,0002
3077XE,Genhoeserf,2,B,
3077XE,Genhoeserf,3,,
3077XE,Genhoeserf,4,,
3077XE,Genhoeserf,5,,
3077XE,Genhoeserf,6,,
3077XE,Genhoeserf,7,,
3077XE,Genhoeserf,8,,
3077XE,Genhoeserf,9,,
3077XE,Genhoeserf,10,,
3077XE,Genhoeserf,11,,
3077XE,Genhoeserf,12,,
3077XE,Genhoeserf,13,,
3077XE,Genhoeserf,14,,
3077XE,Genhoeserf,15,,
3077XE,Genhoeserf,16,,
3077XE,Genhoeserf,17,,
3077XE,Genhoeserf,18,,
3077XE,Genhoeserf,19,,
3077XE,Genhoeserf,20,,
3077XE,Genhoeserf,21,,
3077XE,Genhoeserf,22,,
3077XE,Genhoeserf,23,,
3077XE,Genhoeserf,24,,
3077XE,Genhoeserf,25,,
3077XE,Genhoeserf,27,,
3077XE,Genhoeserf,28,,
3077XE,Genhoeserf,29,,
3077XE,Genhoeserf,30,,
3077XE,Genhoeserf,31,,
3077XE,Genhoeserf,32,,
3077XE,Genhoeserf,33,,
3077XE,Genhoeserf,34,,
3077XE,Genhoeserf,35,,
3077XE,Genhoeserf,35,,0001
3077XB,Amstenradehoek,1,,
3077XN,Amstenradehoek,1,,
3077RV,Gemertwal,22,,
3077RV,Gemertwal,24,,
3077RV,Gemertwal,26,,
3077RV,Gemertwal,28,,
3077RV,Gemertwal,30,,
3077RV,Gemertwal,32,,
3077RV,Gemertwal,34,,
3077RV,Gemertwal,36,,
3077TR,Geullestraat,1,,
3077TR,Geullestraat,3,,
3077TR,Geullestraat,5,,
3077TR,Geullestraat,7,,
3077TR,Geullestraat,9,,
3077TR,Geullestraat,11,,
3077TR,Geullestraat,13,,
3077TR,Geullestraat,15,,
3077TR,Geullestraat,17,,
3077TR,Geullestraat,19,,
3077TR,Geullestraat,20,,
3077TR,Geullestraat,21,,
3077TR,Geullestraat,22,,
3077TR,Geullestraat,23,,
3077TR,Geullestraat,24,,
3077TR,Geullestraat,25,,
3077TR,Geullestraat,26,,
3077TR,Geullestraat,27,,
3077TR,Geullestraat,28,,
3077TR,Geullestraat,29,,
3077TR,Geullestraat,30,,
3077TR,Geullestraat,31,,
3077TR,Geullestraat,32,,
3077TR,Geullestraat,33,,
3077TR,Geullestraat,34,,
3077TR,Geullestraat,35,,
3077TR,Geullestraat,36,,
3077TR,Geullestraat,37,,
3077TR,Geullestraat,38,,
3077TR,Geullestraat,39,,
3077TR,Geullestraat,40,,
3077TR,Geullestraat,42,,
3077TR,Geullestraat,44,,
3077TR,Geullestraat,45,,
3077TR,Geullestraat,46,,
3077TR,Geullestraat,47,,
3077TR,Geullestraat,48,,
3077TR,Geullestraat,49,,
3077TR,Geullestraat,50,,
3077TR,Geullestraat,51,,
3077TR,Geullestraat,52,,
3077TR,Geullestraat,53,,
3077TR,Geullestraat,54,,
3077TR,Geullestraat,55,,
3077TR,Geullestraat,56,,
3077TR,Geullestraat,57,,
3077TR,Geullestraat,58,,
3077TR,Geullestraat,59,,
3077TR,Geullestraat,60,,
3077TR,Geullestraat,61,,
3077TR,Geullestraat,62,,
3077TR,Geullestraat,63,,
3077TR,Geullestraat,65,,
3077TR,Geullestraat,71,,
3077TR,Geullestraat,73,,
3077TR,Geullestraat,75,,
3077TR,Geullestraat,77,,
3077TR,Geullestraat,79,,
3077TR,Geullestraat,81,,
3077TR,Geullestraat,83,,
3077TR,Geullestraat,85,,
3077TR,Geullestraat,87,,
3077TR,Geullestraat,89,,
3077TR,Geullestraat,91,,
3077TR,Geullestraat,93,,
3077TR,Geullestraat,95,,
3077EH,Goedenraadweg,1,,
3077EH,Goedenraadweg,2,,
3077EH,Goedenraadweg,3,,
3077EH,Goedenraadweg,4,,
3077EH,Goedenraadweg,5,,
3077EH,Goedenraadweg,6,,
3077EH,Goedenraadweg,7,,
3077EH,Goedenraadweg,8,,
3077EH,Goedenraadweg,9,,
3077EH,Goedenraadweg,10,,
3077EH,Goedenraadweg,11,,
3077EH,Goedenraadweg,12,,
3077EH,Goedenraadweg,13,,
3077EH,Goedenraadweg,14,,
3077EH,Goedenraadweg,15,,
3077EH,Goedenraadweg,16,,
3077EH,Goedenraadweg,17,,
3077EH,Goedenraadweg,18,,
3077EH,Goedenraadweg,19,,
3077EH,Goedenraadweg,20,,
3077EH,Goedenraadweg,21,,
3077EH,Goedenraadweg,22,,
3077EH,Goedenraadweg,23,,
3077EH,Goedenraadweg,24,,
3077EH,Goedenraadweg,25,,
3077EH,Goedenraadweg,26,,
3077EH,Goedenraadweg,27,,
3077EH,Goedenraadweg,29,,
3077EH,Goedenraadweg,31,,
3077EH,Goedenraadweg,33,,
3077EH,Goedenraadweg,35,,
3077EH,Goedenraadweg,37,,
3077EH,Goedenraadweg,39,,
3077EH,Goedenraadweg,41,,
3077EH,Goedenraadweg,43,,
3077EH,Goedenraadweg,45,,
3077EH,Goedenraadweg,47,,
3077EH,Goedenraadweg,49,,
3077EH,Goedenraadweg,51,,
3077EH,Goedenraadweg,53,,
3077EH,Goedenraadweg,55,,
3077EH,Goedenraadweg,57,,
3077EH,Goedenraadweg,59,,
3077EH,Goedenraadweg,61,,
3077EH,Goedenraadweg,63,,
3077EH,Goedenraadweg,65,,
3077EH,Goedenraadweg,67,,
3077EH,Goedenraadweg,69,,
3077EH,Goedenraadweg,71,,
3077EH,Goedenraadweg,73,,
3077EH,Goedenraadweg,75,,
3077EH,Goedenraadweg,77,,
3077EH,Goedenraadweg,79,,
3077EH,Goedenraadweg,81,,
3077EH,Goedenraadweg,83,,
3077EH,Goedenraadweg,85,,
3077EH,Goedenraadweg,87,,
3077EH,Goedenraadweg,89,,
3077EH,Goedenraadweg,91,,
3077EH,Goedenraadweg,93,,
3077EH,Goedenraadweg,95,,
3077EH,Goedenraadweg,97,,
3077EH,Goedenraadweg,99,,
3077EH,Goedenraadweg,101,,
3077EH,Goedenraadweg,103,,
3077SB,Gronsvelderf,1,,
3077SB,Gronsvelderf,3,,
3077SB,Gronsvelderf,5,,
3077SB,Gronsvelderf,7,,
3077SB,Gronsvelderf,9,,
3077SB,Gronsvelderf,11,,
3077SB,Gronsvelderf,13,,
3077SB,Gronsvelderf,15,,
3077SB,Gronsvelderf,17,,
3077SB,Gronsvelderf,19,,
3077SB,Gronsvelderf,21,,
3077SB,Gronsvelderf,23,,
3077SB,Gronsvelderf,25,,
3077SB,Gronsvelderf,27,,
3077SB,Gronsvelderf,29,,
3077SB,Gronsvelderf,31,,
3077SB,Gronsvelderf,33,,
3077SB,Gronsvelderf,35,,
3077SB,Gronsvelderf,37,,
3077SB,Gronsvelderf,39,,
3077SB,Gronsvelderf,41,,
3077SB,Gronsvelderf,43,,
3077SB,Gronsvelderf,45,,
3077SB,Gronsvelderf,47,,
3077SB,Gronsvelderf,49,,
3077SB,Gronsvelderf,51,,
3077SB,Gronsvelderf,53,,
3077SB,Gronsvelderf,55,,
3077SB,Gronsvelderf,57,,
3077SB,Gronsvelderf,59,,
3077SB,Gronsvelderf,61,,
3077SB,Gronsvelderf,63,,
3077SB,Gronsvelderf,65,,
3077SB,Gronsvelderf,67,,
3077SB,Gronsvelderf,69,,
3077SB,Gronsvelderf,71,,
3077SB,Gronsvelderf,73,,
3077SB,Gronsvelderf,77,,
3077SB,Gronsvelderf,79,,
3077SB,Gronsvelderf,81,,
3077SB,Gronsvelderf,83,,
3077SB,Gronsvelderf,85,,
3077SB,Gronsvelderf,87,,
3077SB,Gronsvelderf,89,,
3077SB,Gronsvelderf,91,,
3077SB,Gronsvelderf,93,,
3077SB,Gronsvelderf,95,,
3077SB,Gronsvelderf,97,,
3077SB,Gronsvelderf,101,,
3077SB,Gronsvelderf,103,,
3077SB,Gronsvelderf,105,,
3077SC,Gronsvelderf,6,,
3077SC,Gronsvelderf,8,,
3077SC,Gronsvelderf,10,,
3077SC,Gronsvelderf,12,,
3077SC,Gronsvelderf,14,,
3077SC,Gronsvelderf,16,,
3077SC,Gronsvelderf,18,,
3077SC,Gronsvelderf,20,,
3077SC,Gronsvelderf,22,,
3077SC,Gronsvelderf,24,,
3077SC,Gronsvelderf,26,,
3077SC,Gronsvelderf,28,,
3077SC,Gronsvelderf,30,,
3077SC,Gronsvelderf,32,,
3077SC,Gronsvelderf,34,,
3077SC,Gronsvelderf,36,,
3077SC,Gronsvelderf,38,,
3077SC,Gronsvelderf,40,,
3077SC,Gronsvelderf,42,,
3077SC,Gronsvelderf,44,,
3077SC,Gronsvelderf,46,,
3077SC,Gronsvelderf,48,,
3077SC,Gronsvelderf,50,,
3077SC,Gronsvelderf,52,,
3077SC,Gronsvelderf,54,,
3077SC,Gronsvelderf,56,,
3077SC,Gronsvelderf,58,,
3077SC,Gronsvelderf,60,,
3077SC,Gronsvelderf,62,,
3077SC,Gronsvelderf,64,,
3077SC,Gronsvelderf,66,,
3077SC,Gronsvelderf,68,,
3077SC,Gronsvelderf,70,,
3077SC,Gronsvelderf,72,,
3077SC,Gronsvelderf,74,,
3077SC,Gronsvelderf,76,,
3077SC,Gronsvelderf,78,,
3077SC,Gronsvelderf,80,,
3077SC,Gronsvelderf,82,,
3077SC,Gronsvelderf,84,,
3077SC,Gronsvelderf,86,,
3077SC,Gronsvelderf,88,,
3077HP,Hamerdenstraat,2,,
3077HP,Hamerdenstraat,4,,
3077HP,Hamerdenstraat,5,,
3077HP,Hamerdenstraat,6,,
3077HP,Hamerdenstraat,7,,
3077HP,Hamerdenstraat,8,,
3077HP,Hamerdenstraat,9,,
3077HP,Hamerdenstraat,10,,
3077HP,Hamerdenstraat,11,,
3077HP,Hamerdenstraat,12,,
3077HP,Hamerdenstraat,13,,
3077HP,Hamerdenstraat,14,,
3077HP,Hamerdenstraat,15,,
3077HP,Hamerdenstraat,16,,
3077HP,Hamerdenstraat,17,,
3077HP,Hamerdenstraat,18,,
3077HP,Hamerdenstraat,19,,
3077HP,Hamerdenstraat,20,,
3077HP,Hamerdenstraat,22,,
3077DA,Hindersteinstraat,1,,
3077DA,Hindersteinstraat,3,,
3077DA,Hindersteinstraat,5,,
3077DA,Hindersteinstraat,7,,
3077DA,Hindersteinstraat,9,,
3077DA,Hindersteinstraat,11,,
3077DA,Hindersteinstraat,13,,
3077DA,Hindersteinstraat,15,,
3077DA,Hindersteinstraat,17,,
3077DA,Hindersteinstraat,19,,
3077DA,Hindersteinstraat,21,,
3077DA,Hindersteinstraat,23,,
3077DA,Hindersteinstraat,25,,
3077DA,Hindersteinstraat,27,,
3077DA,Hindersteinstraat,29,,
3077DA,Hindersteinstraat,31,,
3077DA,Hindersteinstraat,33,,
3077DA,Hindersteinstraat,35,,
3077DA,Hindersteinstraat,37,,
3077DA,Hindersteinstraat,39,,
3077DA,Hindersteinstraat,41,,
3077DA,Hindersteinstraat,43,,
3077DA,Hindersteinstraat,45,,
3077DA,Hindersteinstraat,51,,
3077SP,Hernenpad,2,,
3077SP,Hernenpad,4,,
3077SP,Hernenpad,6,,
3077SP,Hernenpad,8,,
3077SP,Hernenpad,10,,
3077SP,Hernenpad,12,,
3077SP,Hernenpad,14,,
3077SP,Hernenpad,16,,
3077RX,Henkenshagewal,1,,
3077RX,Henkenshagewal,3,,
3077RX,Henkenshagewal,5,,
3077RX,Henkenshagewal,7,,
3077RX,Henkenshagewal,9,,
3077RX,Henkenshagewal,11,,
3077RX,Henkenshagewal,13,,
3077RX,Henkenshagewal,15,,
3077EJ,Hillenraadstraat,1,,
3077EJ,Hillenraadstraat,2,,
3077EJ,Hillenraadstraat,3,,
3077EJ,Hillenraadstraat,4,,
3077EJ,Hillenraadstraat,5,,
3077EJ,Hillenraadstraat,6,,
3077EJ,Hillenraadstraat,7,,
3077EJ,Hillenraadstraat,8,,
3077EJ,Hillenraadstraat,9,,
3077EJ,Hillenraadstraat,10,,
3077EJ,Hillenraadstraat,11,,
3077EJ,Hillenraadstraat,12,,
3077EJ,Hillenraadstraat,13,,
3077EJ,Hillenraadstraat,14,,
3077EJ,Hillenraadstraat,15,,
3077EJ,Hillenraadstraat,17,,
3077RJ,Herinckhavestraat,5,,
3077RJ,Herinckhavestraat,6,,
3077RJ,Herinckhavestraat,7,,
3077RJ,Herinckhavestraat,8,,
3077RJ,Herinckhavestraat,9,,
3077RJ,Herinckhavestraat,10,,
3077RJ,Herinckhavestraat,11,,
3077RJ,Herinckhavestraat,12,,
3077RJ,Herinckhavestraat,13,,
3077RJ,Herinckhavestraat,14,,
3077RJ,Herinckhavestraat,15,,
3077RJ,Herinckhavestraat,16,,
3077RJ,Herinckhavestraat,18,,
3077RJ,Herinckhavestraat,20,,
3077SE,Hackfortdam,12,,
3077SE,Hackfortdam,14,,
3077SE,Hackfortdam,16,,
3077SE,Hackfortdam,18,,
3077SE,Hackfortdam,20,,
3077SE,Hackfortdam,22,,
3077SE,Hackfortdam,24,,
3077SE,Hackfortdam,26,,
3077SE,Hackfortdam,28,,
3077SE,Hackfortdam,30,,
3077SE,Hackfortdam,32,,
3077RW,Heeswijkdam,2,,
3077RW,Heeswijkdam,4,,
3077RW,Heeswijkdam,6,,
3077RW,Heeswijkdam,8,,
3077RW,Heeswijkdam,10,,
3077RW,Heeswijkdam,12,,
3077RW,Heeswijkdam,14,,
3077RW,Heeswijkdam,16,,
3077RW,Heeswijkdam,18,,
3077RW,Heeswijkdam,20,,
3077RW,Heeswijkdam,22,,
3077KD,Houdringeweg,1,,
3077KD,Houdringeweg,3,,
3077KD,Houdringeweg,5,,
3077KD,Houdringeweg,7,,
3077KD,Houdringeweg,9,,
3077KD,Houdringeweg,11,,
3077KD,Houdringeweg,13,,
3077KD,Houdringeweg,15,,
3077KD,Houdringeweg,17,,
3077KD,Houdringeweg,19,,
3077KD,Houdringeweg,21,,
3077KD,Houdringeweg,23,,
3077KD,Houdringeweg,25,,
3077KD,Houdringeweg,27,,
3077KD,Houdringeweg,29,,
3077KD,Houdringeweg,31,,
3077KD,Houdringeweg,33,,
3077KD,Houdringeweg,35,,
3077KD,Houdringeweg,37,,
3077KD,Houdringeweg,39,,
3077KD,Houdringeweg,41,,
3077KD,Houdringeweg,43,,
3077KD,Houdringeweg,45,,
3077KD,Houdringeweg,47,,
3077KD,Houdringeweg,49,,
3077KD,Houdringeweg,51,,
3077KD,Houdringeweg,53,,
3077KD,Houdringeweg,55,,
3077KD,Houdringeweg,57,,
3077KD,Houdringeweg,59,,
3077KD,Houdringeweg,61,,
3077KD,Houdringeweg,63,,
3077KD,Houdringeweg,65,,
3077KD,Houdringeweg,67,,
3077KD,Houdringeweg,69,,
3077KD,Houdringeweg,71,,
3077KD,Houdringeweg,73,,
3077KD,Houdringeweg,75,,
3077KD,Houdringeweg,77,,
3077KD,Houdringeweg,79,,
3077KD,Houdringeweg,81,,
3077KD,Houdringeweg,83,,
3077KD,Houdringeweg,85,,
3077KD,Houdringeweg,87,,
3077KD,Houdringeweg,89,,
3077KD,Houdringeweg,91,,
3077KD,Houdringeweg,93,,
3077KD,Houdringeweg,95,,
3077KD,Houdringeweg,97,,
3077KD,Houdringeweg,99,,
3077KD,Houdringeweg,101,,
3077KD,Houdringeweg,103,,
3077KD,Houdringeweg,105,,
3077KD,Houdringeweg,107,,
3077KD,Houdringeweg,109,,
3077KD,Houdringeweg,111,,
3077KD,Houdringeweg,113,,
3077KD,Houdringeweg,115,,
3077KD,Houdringeweg,117,,
3077KD,Houdringeweg,119,,
3077KD,Houdringeweg,121,,
3077KD,Houdringeweg,123,,
3077KD,Houdringeweg,125,,
3077KD,Houdringeweg,127,,
3077KD,Houdringeweg,129,,
3077KD,Houdringeweg,131,,
3077KE,Houdringeweg,133,,
3077KE,Houdringeweg,135,,
3077KE,Houdringeweg,137,,
3077KE,Houdringeweg,139,,
3077KE,Houdringeweg,141,,
3077KE,Houdringeweg,143,,
3077KE,Houdringeweg,145,,
3077KE,Houdringeweg,147,,
3077KE,Houdringeweg,149,,
3077KE,Houdringeweg,151,,
3077KE,Houdringeweg,153,,
3077KE,Houdringeweg,155,,
3077KE,Houdringeweg,157,,
3077KE,Houdringeweg,159,,
3077KE,Houdringeweg,161,,
3077KE,Houdringeweg,163,,
3077KE,Houdringeweg,165,,
3077KE,Houdringeweg,167,,
3077KE,Houdringeweg,169,,
3077KE,Houdringeweg,171,,
3077KE,Houdringeweg,173,,
3077KE,Houdringeweg,175,,
3077KE,Houdringeweg,177,,
3077KE,Houdringeweg,179,,
3077KE,Houdringeweg,181,,
3077KE,Houdringeweg,183,,
3077KE,Houdringeweg,185,,
3077KE,Houdringeweg,187,,
3077KE,Houdringeweg,189,,
3077KE,Houdringeweg,191,,
3077KE,Houdringeweg,193,,
3077KE,Houdringeweg,195,,
3077KE,Houdringeweg,197,,
3077KE,Houdringeweg,199,,
3077KE,Houdringeweg,201,,
3077KE,Houdringeweg,203,,
3077KE,Houdringeweg,205,,
3077KE,Houdringeweg,207,,
3077KE,Houdringeweg,209,,
3077KE,Houdringeweg,211,,
3077KE,Houdringeweg,213,,
3077KE,Houdringeweg,215,,
3077KE,Houdringeweg,217,,
3077KE,Houdringeweg,219,,
3077KE,Houdringeweg,221,,
3077KG,Houdringeweg,225,,
3077KG,Houdringeweg,227,,
3077KG,Houdringeweg,229,,
3077KG,Houdringeweg,231,,
3077KG,Houdringeweg,233,,
3077KG,Houdringeweg,235,,
3077KG,Houdringeweg,237,,
3077KG,Houdringeweg,239,,
3077KG,Houdringeweg,241,,
3077KG,Houdringeweg,243,,
3077KG,Houdringeweg,245,,
3077KG,Houdringeweg,247,,
3077KG,Houdringeweg,249,,
3077KG,Houdringeweg,251,,
3077KG,Houdringeweg,253,,
3077KG,Houdringeweg,255,,
3077KH,Houdringeweg,2,,
3077KH,Houdringeweg,4,,
3077KH,Houdringeweg,6,,
3077KH,Houdringeweg,8,,
3077KH,Houdringeweg,10,,
3077KH,Houdringeweg,12,,
3077KH,Houdringeweg,14,,
3077KH,Houdringeweg,16,,
3077KH,Houdringeweg,18,,
3077KH,Houdringeweg,20,,
3077KH,Houdringeweg,22,,
3077KH,Houdringeweg,24,,
3077KH,Houdringeweg,26,,
3077KH,Houdringeweg,28,,
3077KH,Houdringeweg,30,,
3077KH,Houdringeweg,32,,
3077KH,Houdringeweg,34,,
3077KH,Houdringeweg,36,,
3077KJ,Houdringeweg,152,,
3077KJ,Houdringeweg,154,,
3077KJ,Houdringeweg,156,,
3077KJ,Houdringeweg,158,,
3077KJ,Houdringeweg,160,,
3077KJ,Houdringeweg,162,,
3077KJ,Houdringeweg,164,,
3077KJ,Houdringeweg,166,,
3077KJ,Houdringeweg,168,,
3077KJ,Houdringeweg,170,,
3077KJ,Houdringeweg,172,,
3077KJ,Houdringeweg,174,,
3077KJ,Houdringeweg,176,,
3077KJ,Houdringeweg,178,,
3077KJ,Houdringeweg,180,,
3077KJ,Houdringeweg,182,,
3077TA,Hoensbroeksingel,1,,
3077TA,Hoensbroeksingel,3,,
3077TA,Hoensbroeksingel,5,,
3077TA,Hoensbroeksingel,7,,
3077TA,Hoensbroeksingel,9,,
3077TA,Hoensbroeksingel,11,,
3077TA,Hoensbroeksingel,15,,
3077DA,Hindersteinstraat,53,,
3077DA,Hindersteinstraat,55,,
3077DA,Hindersteinstraat,57,,
3077DA,Hindersteinstraat,59,,
3077DA,Hindersteinstraat,61,,
3077DA,Hindersteinstraat,63,,
3077DA,Hindersteinstraat,65,,
3077DA,Hindersteinstraat,67,,
3077DA,Hindersteinstraat,69,,
3077DA,Hindersteinstraat,71,,
3077DA,Hindersteinstraat,73,,
3077DA,Hindersteinstraat,75,,
3077DA,Hindersteinstraat,77,,
3077DA,Hindersteinstraat,79,,
3077DA,Hindersteinstraat,81,,
3077DA,Hindersteinstraat,83,,
3077DA,Hindersteinstraat,85,,
3077DA,Hindersteinstraat,87,,
3077DA,Hindersteinstraat,89,,
3077DA,Hindersteinstraat,91,,
3077DA,Hindersteinstraat,93,,
3077SR,Hoevelakensingel,6,,
3077SR,Hoevelakensingel,8,,
3077SR,Hoevelakensingel,10,,
3077SR,Hoevelakensingel,12,,
3077SR,Hoevelakensingel,14,,
3077SR,Hoevelakensingel,16,,
3077SR,Hoevelakensingel,18,,
3077SR,Hoevelakensingel,20,,
3077SR,Hoevelakensingel,22,,
3077SR,Hoevelakensingel,24,,
3077SR,Hoevelakensingel,26,,
3077SR,Hoevelakensingel,28,,
3077SR,Hoevelakensingel,30,,
3077SR,Hoevelakensingel,32,,
3077XH,Hof van Zuilenstein,8,,
3077XH,Hof van Zuilenstein,10,,
3077XH,Hof van Zuilenstein,12,,
3077XH,Hof van Zuilenstein,14,,
3077XH,Hof van Zuilenstein,16,,
3077XH,Hof van Zuilenstein,18,,
3077XH,Hof van Zuilenstein,20,,
3077PJ,Hunenborgplantsoen,1,,
3077PJ,Hunenborgplantsoen,2,,
3077PJ,Hunenborgplantsoen,3,,
3077PJ,Hunenborgplantsoen,4,,
3077PJ,Hunenborgplantsoen,5,,
3077PJ,Hunenborgplantsoen,6,,
3077PJ,Hunenborgplantsoen,7,,
3077PJ,Hunenborgplantsoen,8,,
3077PJ,Hunenborgplantsoen,9,,
3077PJ,Hunenborgplantsoen,10,,
3077PJ,Hunenborgplantsoen,11,,
3077PJ,Hunenborgplantsoen,12,,
3077PJ,Hunenborgplantsoen,13,,
3077PJ,Hunenborgplantsoen,14,,
3077PJ,Hunenborgplantsoen,15,,
3077PJ,Hunenborgplantsoen,16,,
3077PJ,Hunenborgplantsoen,17,,
3077PJ,Hunenborgplantsoen,18,,
3077PJ,Hunenborgplantsoen,19,,
3077PJ,Hunenborgplantsoen,20,,
3077PJ,Hunenborgplantsoen,21,,
3077PJ,Hunenborgplantsoen,22,,
3077PJ,Hunenborgplantsoen,23,,
3077PJ,Hunenborgplantsoen,24,,
3077PJ,Hunenborgplantsoen,25,,
3077PJ,Hunenborgplantsoen,27,,
3077PJ,Hunenborgplantsoen,29,,
3077PJ,Hunenborgplantsoen,31,,
3077EL,Keppelland,1,,
3077EL,Keppelland,3,,
3077EL,Keppelland,5,,
3077EL,Keppelland,7,,
3077EL,Keppelland,9,,
3077EL,Keppelland,11,,
3077EL,Keppelland,13,,
3077EL,Keppelland,15,,
3077EL,Keppelland,17,,
3077EL,Keppelland,19,,
3077EL,Keppelland,21,,
3077EL,Keppelland,23,,
3077RA,Keverborgstraat,1,,
3077RA,Keverborgstraat,3,,
3077RA,Keverborgstraat,5,,
3077RA,Keverborgstraat,7,,
3077RA,Keverborgstraat,9,,
3077RA,Keverborgstraat,11,,
3077RA,Keverborgstraat,13,,
3077RA,Keverborgstraat,15,,
3077RA,Keverborgstraat,17,,
3077RA,Keverborgstraat,19,,
3077RA,Keverborgstraat,21,,
3077RA,Keverborgstraat,23,,
3077RA,Keverborgstraat,25,,
3077RA,Keverborgstraat,27,,
3077RA,Keverborgstraat,29,,
3077RA,Keverborgstraat,31,,
3077RA,Keverborgstraat,33,,
3077RA,Keverborgstraat,35,,
3077EM,Limbrichthoek,1,,
3077EM,Limbrichthoek,3,,
3077EM,Limbrichthoek,5,,
3077EM,Limbrichthoek,7,,
3077EM,Limbrichthoek,9,,
3077EM,Limbrichthoek,11,,
3077EM,Limbrichthoek,15,,
3077EM,Limbrichthoek,17,,
3077EM,Limbrichthoek,19,,
3077EM,Limbrichthoek,21,,
3077EM,Limbrichthoek,23,,
3077EM,Limbrichthoek,25,,
3077EM,Limbrichthoek,27,,
3077EM,Limbrichthoek,29,,
3077EM,Limbrichthoek,31,,
3077EM,Limbrichthoek,6,,
3077EN,Lunenburgdam,1,,
3077EN,Lunenburgdam,2,,
3077EN,Lunenburgdam,3,,
3077EN,Lunenburgdam,4,,
3077EN,Lunenburgdam,5,,
3077EN,Lunenburgdam,6,,
3077EN,Lunenburgdam,7,,
3077EN,Lunenburgdam,8,,
3077EN,Lunenburgdam,9,,
3077EN,Lunenburgdam,10,,
3077EN,Lunenburgdam,11,,
3077EN,Lunenburgdam,12,,
3077EN,Lunenburgdam,13,,
3077EN,Lunenburgdam,14,,
3077HH,Landfortstraat,1,,
3077HH,Landfortstraat,2,,
3077HH,Landfortstraat,3,,
3077HH,Landfortstraat,4,,
3077HH,Landfortstraat,5,,
3077HH,Landfortstraat,6,,
3077HH,Landfortstraat,7,,
3077HH,Landfortstraat,8,,
3077HH,Landfortstraat,9,,
3077HH,Landfortstraat,10,,
3077HH,Landfortstraat,11,,
3077HH,Landfortstraat,12,,
3077HH,Landfortstraat,13,,
3077HH,Landfortstraat,14,,
3077HH,Landfortstraat,15,,
3077HH,Landfortstraat,16,,
3077HH,Landfortstraat,18,,
3077HH,Landfortstraat,20,,
3077KK,Laarwoudpad,2,,
3077KK,Laarwoudpad,4,,
3077KK,Laarwoudpad,6,,
3077KK,Laarwoudpad,8,,
3077KK,Laarwoudpad,10,,
3077KK,Laarwoudpad,12,,
3077KK,Laarwoudpad,14,,
3077KK,Laarwoudpad,16,,
3077KK,Laarwoudpad,18,,
3077KK,Laarwoudpad,20,,
3077KK,Laarwoudpad,22,,
3077KK,Laarwoudpad,24,,
3077KK,Laarwoudpad,26,,
3077KK,Laarwoudpad,28,,
3077KK,Laarwoudpad,30,,
3077KK,Laarwoudpad,32,,
3077HJ,Loevesteinsingel,12,,
3077HJ,Loevesteinsingel,14,,
3077HJ,Loevesteinsingel,16,,
3077HJ,Loevesteinsingel,18,,
3077HJ,Loevesteinsingel,20,,
3077HJ,Loevesteinsingel,22,,
3077HJ,Loevesteinsingel,24,,
3077HJ,Loevesteinsingel,52,,
3077HJ,Loevesteinsingel,54,,
3077HJ,Loevesteinsingel,56,,
3077HJ,Loevesteinsingel,58,,
3077HJ,Loevesteinsingel,60,,
3077HJ,Loevesteinsingel,62,,
3077HJ,Loevesteinsingel,64,,
3077HJ,Loevesteinsingel,68,,
3077HJ,Loevesteinsingel,70,,
3077HJ,Loevesteinsingel,72,,
3077HJ,Loevesteinsingel,74,,
3077HJ,Loevesteinsingel,76,,
3077HJ,Loevesteinsingel,78,,
3077HJ,Loevesteinsingel,80,,
3077HJ,Loevesteinsingel,82,,
3077HJ,Loevesteinsingel,84,,
3077HJ,Loevesteinsingel,88,,
3077HJ,Loevesteinsingel,90,,
3077HJ,Loevesteinsingel,92,,
3077HJ,Loevesteinsingel,94,,
3077HJ,Loevesteinsingel,96,,
3077HJ,Loevesteinsingel,98,,
3077HJ,Loevesteinsingel,100,,
3077HJ,Loevesteinsingel,102,,
3077HJ,Loevesteinsingel,104,,
3077HJ,Loevesteinsingel,106,,
3077HJ,Loevesteinsingel,108,,
3077HJ,Loevesteinsingel,110,,
3077HJ,Loevesteinsingel,112,,
3077HJ,Loevesteinsingel,114,,
3077HJ,Loevesteinsingel,116,,
3077HJ,Loevesteinsingel,118,,
3077HJ,Loevesteinsingel,120,,
3077HJ,Loevesteinsingel,122,,
3077HJ,Loevesteinsingel,124,,
3077HJ,Loevesteinsingel,126,,
3077HJ,Loevesteinsingel,128,,
3077HJ,Loevesteinsingel,130,,
3077HJ,Loevesteinsingel,132,,
3077HJ,Loevesteinsingel,134,,
3077HJ,Loevesteinsingel,136,,
3077HJ,Loevesteinsingel,138,,
3077HJ,Loevesteinsingel,140,,
3077HJ,Loevesteinsingel,142,,
3077HJ,Loevesteinsingel,144,,
3077HJ,Loevesteinsingel,150,,
3077HJ,Loevesteinsingel,152,,
3077HJ,Loevesteinsingel,154,,
3077HJ,Loevesteinsingel,156,,
3077HJ,Loevesteinsingel,158,,
3077HJ,Loevesteinsingel,160,,
3077HJ,Loevesteinsingel,162,,
3077HJ,Loevesteinsingel,164,,
3077HJ,Loevesteinsingel,166,,
3077HJ,Loevesteinsingel,168,,
3077HJ,Loevesteinsingel,170,,
3077HJ,Loevesteinsingel,172,,
3077HJ,Loevesteinsingel,174,,
3077HJ,Loevesteinsingel,176,,
3077HJ,Loevesteinsingel,178,,
3077HJ,Loevesteinsingel,180,,
3077HJ,Loevesteinsingel,190,,
3077HJ,Loevesteinsingel,192,,
3077HJ,Loevesteinsingel,194,,
3077HJ,Loevesteinsingel,196,,
3077HJ,Loevesteinsingel,198,,
3077HJ,Loevesteinsingel,200,,
3077HJ,Loevesteinsingel,202,,
3077HJ,Loevesteinsingel,204,,
3077HJ,Loevesteinsingel,206,,
3077HJ,Loevesteinsingel,208,,
3077HJ,Loevesteinsingel,210,,
3077HJ,Loevesteinsingel,212,,
3077HJ,Loevesteinsingel,214,,
3077HJ,Loevesteinsingel,220,,
3077HJ,Loevesteinsingel,222,,
3077HJ,Loevesteinsingel,224,,
3077HJ,Loevesteinsingel,226,,
3077HJ,Loevesteinsingel,228,,
3077HJ,Loevesteinsingel,230,,
3077HJ,Loevesteinsingel,232,,
3077HJ,Loevesteinsingel,234,,
3077HJ,Loevesteinsingel,236,,
3077HL,Loevesteinsingel,3,,
3077HL,Loevesteinsingel,5,,
3077HL,Loevesteinsingel,7,,
3077HL,Loevesteinsingel,9,,
3077HL,Loevesteinsingel,11,,
3077HL,Loevesteinsingel,13,,
3077HL,Loevesteinsingel,15,,
3077HL,Loevesteinsingel,17,,
3077HL,Loevesteinsingel,19,,
3077HL,Loevesteinsingel,21,,
3077HL,Loevesteinsingel,23,,
3077HL,Loevesteinsingel,25,,
3077HL,Loevesteinsingel,27,,
3077HL,Loevesteinsingel,33,,
3077HL,Loevesteinsingel,35,,
3077HL,Loevesteinsingel,37,,
3077HL,Loevesteinsingel,39,,
3077HL,Loevesteinsingel,41,,
3077HL,Loevesteinsingel,43,,
3077HL,Loevesteinsingel,45,,
3077HL,Loevesteinsingel,47,,
3077HL,Loevesteinsingel,49,,
3077HL,Loevesteinsingel,51,,
3077HM,Loevesteinsingel,55,,
3077HM,Loevesteinsingel,57,,
3077HM,Loevesteinsingel,59,,
3077HM,Loevesteinsingel,61,,
3077HM,Loevesteinsingel,63,,
3077HM,Loevesteinsingel,65,,
3077HM,Loevesteinsingel,67,,
3077HM,Loevesteinsingel,69,,
3077HM,Loevesteinsingel,71,,
3077HM,Loevesteinsingel,73,,
3077HM,Loevesteinsingel,75,,
3077HM,Loevesteinsingel,77,,
3077HM,Loevesteinsingel,79,,
3077HM,Loevesteinsingel,81,,
3077HM,Loevesteinsingel,83,,
3077HM,Loevesteinsingel,85,,
3077HM,Loevesteinsingel,87,,
3077HM,Loevesteinsingel,89,,
3077HM,Loevesteinsingel,91,,
3077HM,Loevesteinsingel,93,,
3077HM,Loevesteinsingel,95,,
3077HM,Loevesteinsingel,97,,
3077HM,Loevesteinsingel,99,,
3077HM,Loevesteinsingel,101,,
3077HM,Loevesteinsingel,103,,
3077HM,Loevesteinsingel,105,,
3077HM,Loevesteinsingel,107,,
3077HM,Loevesteinsingel,109,,
3077HM,Loevesteinsingel,111,,
3077HM,Loevesteinsingel,113,,
3077HM,Loevesteinsingel,115,,
3077HM,Loevesteinsingel,117,,
3077HM,Loevesteinsingel,119,,
3077HM,Loevesteinsingel,121,,
3077HM,Loevesteinsingel,123,,
3077HM,Loevesteinsingel,125,,
3077HM,Loevesteinsingel,127,,
3077HM,Loevesteinsingel,129,,
3077HM,Loevesteinsingel,131,,
3077HM,Loevesteinsingel,133,,
3077HM,Loevesteinsingel,135,,
3077HM,Loevesteinsingel,137,,
3077HM,Loevesteinsingel,139,,
3077HM,Loevesteinsingel,141,,
3077HM,Loevesteinsingel,143,,
3077HM,Loevesteinsingel,145,,
3077HM,Loevesteinsingel,147,,
3077HM,Loevesteinsingel,149,,
3077HM,Loevesteinsingel,151,,
3077HM,Loevesteinsingel,153,,
3077HM,Loevesteinsingel,155,,
3077HM,Loevesteinsingel,157,,
3077HM,Loevesteinsingel,159,,
3077HM,Loevesteinsingel,161,,
3077HM,Loevesteinsingel,163,,
3077HM,Loevesteinsingel,165,,
3077HM,Loevesteinsingel,167,,
3077HM,Loevesteinsingel,169,,
3077HM,Loevesteinsingel,171,,
3077HM,Loevesteinsingel,173,,
3077HM,Loevesteinsingel,175,,
3077HM,Loevesteinsingel,177,,
3077HM,Loevesteinsingel,179,,
3077HM,Loevesteinsingel,181,,
3077HM,Loevesteinsingel,183,,
3077HM,Loevesteinsingel,185,,
3077HM,Loevesteinsingel,187,,
3077HM,Loevesteinsingel,189,,
3077HM,Loevesteinsingel,191,,
3077HM,Loevesteinsingel,193,,
3077HM,Loevesteinsingel,195,,
3077HM,Loevesteinsingel,197,,
3077HM,Loevesteinsingel,199,,
3077HM,Loevesteinsingel,201,,
3077HM,Loevesteinsingel,203,,
3077HM,Loevesteinsingel,205,,
3077HN,Loevesteinsingel,211,,
3077HN,Loevesteinsingel,213,,
3077HN,Loevesteinsingel,215,,
3077HN,Loevesteinsingel,217,,
3077HN,Loevesteinsingel,219,,
3077HN,Loevesteinsingel,221,,
3077HN,Loevesteinsingel,223,,
3077HN,Loevesteinsingel,225,,
3077HN,Loevesteinsingel,227,,
3077HN,Loevesteinsingel,229,,
3077HN,Loevesteinsingel,231,,
3077HN,Loevesteinsingel,233,,
3077HN,Loevesteinsingel,235,,
3077HN,Loevesteinsingel,237,,
3077HN,Loevesteinsingel,239,,
3077HN,Loevesteinsingel,241,,
3077HN,Loevesteinsingel,243,,
3077HN,Loevesteinsingel,245,,
3077HN,Loevesteinsingel,247,,
3077HN,Loevesteinsingel,249,,
3077HN,Loevesteinsingel,251,,
3077HN,Loevesteinsingel,253,,
3077HN,Loevesteinsingel,255,,
3077HN,Loevesteinsingel,257,,
3077HN,Loevesteinsingel,259,,
3077HN,Loevesteinsingel,261,,
3077HN,Loevesteinsingel,263,,
3077HN,Loevesteinsingel,265,,
3077HN,Loevesteinsingel,267,,
3077HN,Loevesteinsingel,269,,
3077HN,Loevesteinsingel,271,,
3077PK,Loowaerdstraat,2,,
3077PK,Loowaerdstraat,4,,
3077PK,Loowaerdstraat,6,,
3077PK,Loowaerdstraat,8,,
3077PK,Loowaerdstraat,10,,
3077ST,Medlerpad,2,,
3077ST,Medlerpad,4,,
3077ST,Medlerpad,6,,
3077ST,Medlerpad,8,,
3077ST,Medlerpad,10,,
3077ST,Medlerpad,12,,
3077ST,Medlerpad,14,,
3077ST,Medlerpad,16,,
3077XJ,Maurickerf,2,,
3077XJ,Maurickerf,4,,
3077XJ,Maurickerf,6,,
3077XJ,Maurickerf,8,,
3077XJ,Maurickerf,10,,
3077XJ,Maurickerf,12,,
3077XJ,Maurickerf,14,,
3077XJ,Maurickerf,16,,
3077XJ,Maurickerf,18,,
3077XJ,Maurickerf,20,,
3077XJ,Maurickerf,22,,
3077XJ,Maurickerf,24,,
3077XJ,Maurickerf,26,,
3077XJ,Maurickerf,28,,
3077XJ,Maurickerf,30,,
3077XJ,Maurickerf,32,,
3077XJ,Maurickerf,34,,
3077XJ,Maurickerf,36,,
3077XJ,Maurickerf,38,,
3077XJ,Maurickerf,40,,
3077XJ,Maurickerf,42,,
3077SG,Molecatensingel,1,,
3077SG,Molecatensingel,2,,
3077SG,Molecatensingel,3,,
3077SG,Molecatensingel,4,,
3077SG,Molecatensingel,5,,
3077SG,Molecatensingel,6,,
3077SG,Molecatensingel,7,,
3077SG,Molecatensingel,8,,
3077SG,Molecatensingel,9,,
3077SG,Molecatensingel,10,,
3077SG,Molecatensingel,11,,
3077SG,Molecatensingel,12,,
3077SG,Molecatensingel,13,,
3077SG,Molecatensingel,14,,
3077SG,Molecatensingel,15,,
3077SG,Molecatensingel,16,,
3077SG,Molecatensingel,17,,
3077SG,Molecatensingel,18,,
3077SG,Molecatensingel,19,,
3077SG,Molecatensingel,20,,
3077SG,Molecatensingel,21,,
3077SG,Molecatensingel,22,,
3077SG,Molecatensingel,23,,
3077SG,Molecatensingel,24,,
3077SG,Molecatensingel,25,,
3077SG,Molecatensingel,26,,
3077SG,Molecatensingel,27,,
3077SG,Molecatensingel,28,,
3077SG,Molecatensingel,29,,
3077SG,Molecatensingel,30,,
3077SG,Molecatensingel,31,,
3077SG,Molecatensingel,32,,
3077SG,Molecatensingel,33,,
3077SG,Molecatensingel,34,,
3077SG,Molecatensingel,35,,
3077SG,Molecatensingel,36,,
3077SG,Molecatensingel,37,,
3077SG,Molecatensingel,39,,
3077SG,Molecatensingel,41,,
3077SG,Molecatensingel,42,,
3077SG,Molecatensingel,43,,
3077SG,Molecatensingel,44,,
3077SG,Molecatensingel,45,,
3077SG,Molecatensingel,46,,
3077SG,Molecatensingel,47,,
3077SG,Molecatensingel,48,,
3077SG,Molecatensingel,49,,
3077SG,Molecatensingel,50,,
3077SG,Molecatensingel,51,,
3077SG,Molecatensingel,52,,
3077SG,Molecatensingel,53,,
3077SG,Molecatensingel,54,,
3077SG,Molecatensingel,55,,
3077SG,Molecatensingel,56,,
3077SG,Molecatensingel,57,,
3077SG,Molecatensingel,58,,
3077SG,Molecatensingel,59,,
3077SG,Molecatensingel,60,,
3077SG,Molecatensingel,62,,
3077SG,Molecatensingel,64,,
3077SG,Molecatensingel,66,,
3077SG,Molecatensingel,68,,
3077SG,Molecatensingel,70,,
3077SG,Molecatensingel,72,,
3077SG,Molecatensingel,74,,
3077SG,Molecatensingel,76,,
3077SG,Molecatensingel,80,,
3077SG,Molecatensingel,82,,
3077SG,Molecatensingel,84,,
3077SG,Molecatensingel,86,,
3077SG,Molecatensingel,88,,
3077SG,Molecatensingel,90,,
3077SG,Molecatensingel,92,,
3077SG,Molecatensingel,94,,
3077SG,Molecatensingel,96,,
3077SG,Molecatensingel,98,,
3077SG,Molecatensingel,100,,
3077SG,Molecatensingel,102,,
3077SG,Molecatensingel,104,,
3077SG,Molecatensingel,106,,
3077SG,Molecatensingel,108,,
3077SG,Molecatensingel,110,,
3077SG,Molecatensingel,112,,
3077SG,Molecatensingel,114,,
3077SG,Molecatensingel,116,,
3077SG,Molecatensingel,118,,
3077SG,Molecatensingel,120,,
3077SG,Molecatensingel,122,,
3077SG,Molecatensingel,124,,
3077SG,Molecatensingel,126,,
3077SG,Molecatensingel,128,,
3077SG,Molecatensingel,130,,
3077SH,Molecatensingel,132,,
3077SH,Molecatensingel,134,,
3077SH,Molecatensingel,136,,
3077SH,Molecatensingel,138,,
3077SH,Molecatensingel,140,,
3077SH,Molecatensingel,142,,
3077SH,Molecatensingel,144,,
3077SH,Molecatensingel,146,,
3077SH,Molecatensingel,148,,
3077SH,Molecatensingel,150,,
3077SH,Molecatensingel,151,,
3077SH,Molecatensingel,152,,
3077SH,Molecatensingel,153,,
3077SH,Molecatensingel,154,,
3077SH,Molecatensingel,155,,
3077SH,Molecatensingel,156,,
3077SH,Molecatensingel,157,,
3077SH,Molecatensingel,158,,
3077SH,Molecatensingel,159,,
3077SH,Molecatensingel,160,,
3077SH,Molecatensingel,161,,
3077SH,Molecatensingel,162,,
3077SH,Molecatensingel,163,,
3077SH,Molecatensingel,164,,
3077SH,Molecatensingel,165,,
3077SH,Molecatensingel,166,,
3077SH,Molecatensingel,167,,
3077SH,Molecatensingel,168,,
3077SH,Molecatensingel,169,,
3077SH,Molecatensingel,170,,
3077SH,Molecatensingel,171,,
3077SH,Molecatensingel,172,,
3077SH,Molecatensingel,173,,
3077SH,Molecatensingel,174,,
3077SH,Molecatensingel,175,,
3077SH,Molecatensingel,176,,
3077SH,Molecatensingel,177,,
3077SH,Molecatensingel,179,,
3077SH,Molecatensingel,181,,
3077SH,Molecatensingel,182,,
3077SH,Molecatensingel,183,,
3077SH,Molecatensingel,184,,
3077SH,Molecatensingel,185,,
3077SH,Molecatensingel,186,,
3077SH,Molecatensingel,187,,
3077SH,Molecatensingel,188,,
3077SH,Molecatensingel,189,,
3077SH,Molecatensingel,190,,
3077SH,Molecatensingel,191,,
3077SH,Molecatensingel,192,,
3077SH,Molecatensingel,193,,
3077SH,Molecatensingel,194,,
3077SH,Molecatensingel,195,,
3077SH,Molecatensingel,196,,
3077SH,Molecatensingel,197,,
3077SH,Molecatensingel,198,,
3077SH,Molecatensingel,199,,
3077SH,Molecatensingel,200,,
3077SH,Molecatensingel,201,,
3077SH,Molecatensingel,202,,
3077SH,Molecatensingel,203,,
3077SH,Molecatensingel,204,,
3077SH,Molecatensingel,205,,
3077SH,Molecatensingel,206,,
3077SH,Molecatensingel,207,,
3077SH,Molecatensingel,208,,
3077SH,Molecatensingel,209,,
3077SH,Molecatensingel,210,,
3077SH,Molecatensingel,211,,
3077SH,Molecatensingel,212,,
3077SH,Molecatensingel,213,,
3077SH,Molecatensingel,214,,
3077SH,Molecatensingel,215,,
3077SH,Molecatensingel,216,,
3077SH,Molecatensingel,217,,
3077SH,Molecatensingel,219,,
3077SH,Molecatensingel,221,,
3077SH,Molecatensingel,223,,
3077SH,Molecatensingel,225,,
3077SH,Molecatensingel,227,,
3077SH,Molecatensingel,229,,
3077SH,Molecatensingel,231,,
3077SH,Molecatensingel,233,,
3077SH,Molecatensingel,235,,
3077SH,Molecatensingel,237,,
3077SH,Molecatensingel,250,,
3077SH,Molecatensingel,251,,
3077SH,Molecatensingel,262,,
3077SH,Molecatensingel,264,,
3077SH,Molecatensingel,266,,
3077SH,Molecatensingel,268,,
3077SH,Molecatensingel,270,,
3077SH,Molecatensingel,272,,
3077SH,Molecatensingel,274,,
3077SH,Molecatensingel,276,,
3077SH,Molecatensingel,278,,
3077SH,Molecatensingel,280,,
3077SH,Molecatensingel,282,,
3077SH,Molecatensingel,284,,
3077SH,Molecatensingel,286,,
3077SH,Molecatensingel,288,,
3077SH,Molecatensingel,294,,
3077SH,Molecatensingel,295,,
3077SH,Molecatensingel,296,,
3077SH,Molecatensingel,297,,
3077SH,Molecatensingel,298,,
3077SH,Molecatensingel,299,,
3077SH,Molecatensingel,300,,
3077SH,Molecatensingel,301,,
3077SH,Molecatensingel,302,,
3077SH,Molecatensingel,303,,
3077SH,Molecatensingel,304,,
3077SH,Molecatensingel,305,,
3077SH,Molecatensingel,306,,
3077SH,Molecatensingel,307,,
3077SH,Molecatensingel,308,,
3077SH,Molecatensingel,309,,
3077SH,Molecatensingel,310,,
3077SH,Molecatensingel,313,,
3077SH,Molecatensingel,315,,
3077SH,Molecatensingel,317,,
3077SH,Molecatensingel,319,,
3077SH,Molecatensingel,321,,
3077SH,Molecatensingel,323,,
3077SH,Molecatensingel,325,,
3077SH,Molecatensingel,327,,
3077SH,Molecatensingel,329,,
3077SH,Molecatensingel,331,,
3077SH,Molecatensingel,333,,
3077SH,Molecatensingel,335,,
3077SH,Molecatensingel,337,,
3077SH,Molecatensingel,339,,
3077SH,Molecatensingel,341,,
3077SH,Molecatensingel,343,,
3077SH,Molecatensingel,345,,
3077SH,Molecatensingel,347,,
3077SH,Molecatensingel,349,,
3077SH,Molecatensingel,351,,
3077SH,Molecatensingel,353,,
3077SH,Molecatensingel,355,,
3077SH,Molecatensingel,361,,
3077SH,Molecatensingel,363,,
3077SH,Molecatensingel,365,,
3077SH,Molecatensingel,367,,
3077SH,Molecatensingel,369,,
3077SH,Molecatensingel,371,,
3077SH,Molecatensingel,373,,
3077SH,Molecatensingel,375,,
3077SH,Molecatensingel,377,,
3077SH,Molecatensingel,379,,
3077SH,Molecatensingel,381,,
3077SH,Molecatensingel,387,,
3077SH,Molecatensingel,389,,
3077SH,Molecatensingel,391,,
3077SH,Molecatensingel,393,,
3077SH,Molecatensingel,395,,
3077SH,Molecatensingel,397,,
3077SH,Molecatensingel,399,,
3077SH,Molecatensingel,401,,
3077SH,Molecatensingel,403,,
3077SH,Molecatensingel,405,,
3077KL,Meezenbroekstraat,2,,
3077KL,Meezenbroekstraat,4,,
3077KL,Meezenbroekstraat,6,,
3077KL,Meezenbroekstraat,8,,
3077KL,Meezenbroekstraat,10,,
3077KL,Meezenbroekstraat,12,,
3077KL,Meezenbroekstraat,14,,
3077KL,Meezenbroekstraat,16,,
3077KL,Meezenbroekstraat,18,,
3077KL,Meezenbroekstraat,20,,
3077KL,Meezenbroekstraat,22,,
3077KL,Meezenbroekstraat,24,,
3077KL,Meezenbroekstraat,26,,
3077KL,Meezenbroekstraat,28,,
3077KL,Meezenbroekstraat,30,,
3077KL,Meezenbroekstraat,32,,
3077KL,Meezenbroekstraat,34,,
3077KL,Meezenbroekstraat,36,,
3077KL,Meezenbroekstraat,42,,
3077KL,Meezenbroekstraat,44,,
3077KL,Meezenbroekstraat,46,,
3077KL,Meezenbroekstraat,48,,
3077KL,Meezenbroekstraat,50,,
3077KL,Meezenbroekstraat,52,,
3077KL,Meezenbroekstraat,54,,
3077KL,Meezenbroekstraat,56,,
3077KL,Meezenbroekstraat,58,,
3077KL,Meezenbroekstraat,60,,
3077KL,Meezenbroekstraat,62,,
3077KL,Meezenbroekstraat,64,,
3077KL,Meezenbroekstraat,66,,
3077KL,Meezenbroekstraat,72,,
3077KL,Meezenbroekstraat,74,,
3077KL,Meezenbroekstraat,76,,
3077KL,Meezenbroekstraat,78,,
3077KL,Meezenbroekstraat,80,,
3077KL,Meezenbroekstraat,82,,
3077KL,Meezenbroekstraat,84,,
3077KL,Meezenbroekstraat,86,,
3077KL,Meezenbroekstraat,88,,
3077KL,Meezenbroekstraat,90,,
3077KL,Meezenbroekstraat,92,,
3077KL,Meezenbroekstraat,94,,
3077KM,Meezenbroekstraat,1,,
3077KM,Meezenbroekstraat,3,,
3077KM,Meezenbroekstraat,5,,
3077KM,Meezenbroekstraat,7,,
3077KM,Meezenbroekstraat,9,,
3077KM,Meezenbroekstraat,11,,
3077KM,Meezenbroekstraat,13,,
3077KM,Meezenbroekstraat,15,,
3077KM,Meezenbroekstraat,17,,
3077KM,Meezenbroekstraat,19,,
3077KM,Meezenbroekstraat,21,,
3077KM,Meezenbroekstraat,23,,
3077KM,Meezenbroekstraat,25,,
3077KM,Meezenbroekstraat,27,,
3077KM,Meezenbroekstraat,29,,
3077KM,Meezenbroekstraat,31,,
3077KM,Meezenbroekstraat,33,,
3077KM,Meezenbroekstraat,35,,
3077KM,Meezenbroekstraat,37,,
3077KM,Meezenbroekstraat,39,,
3077KM,Meezenbroekstraat,41,,
3077KM,Meezenbroekstraat,43,,
3077KM,Meezenbroekstraat,45,,
3077KM,Meezenbroekstraat,47,,
3077KM,Meezenbroekstraat,49,,
3077KM,Meezenbroekstraat,51,,
3077KM,Meezenbroekstraat,53,,
3077KM,Meezenbroekstraat,55,,
3077KM,Meezenbroekstraat,57,,
3077KM,Meezenbroekstraat,59,,
3077KM,Meezenbroekstraat,61,,
3077KM,Meezenbroekstraat,63,,
3077KM,Meezenbroekstraat,65,,
3077KM,Meezenbroekstraat,67,,
3077KM,Meezenbroekstraat,69,,
3077KM,Meezenbroekstraat,71,,
3077KM,Meezenbroekstraat,73,,
3077KM,Meezenbroekstraat,75,,
3077KM,Meezenbroekstraat,77,,
3077KM,Meezenbroekstraat,79,,
3077KM,Meezenbroekstraat,81,,
3077KM,Meezenbroekstraat,83,,
3077KM,Meezenbroekstraat,85,,
3077KM,Meezenbroekstraat,87,,
3077KM,Meezenbroekstraat,89,,
3077KM,Meezenbroekstraat,91,,
3077KM,Meezenbroekstraat,93,,
3077KM,Meezenbroekstraat,95,,
3077KM,Meezenbroekstraat,97,,
3077KM,Meezenbroekstraat,99,,
3077KM,Meezenbroekstraat,101,,
3077KM,Meezenbroekstraat,103,,
3077KM,Meezenbroekstraat,105,,
3077KM,Meezenbroekstraat,107,,
3077KM,Meezenbroekstraat,109,,
3077KM,Meezenbroekstraat,111,,
3077KM,Meezenbroekstraat,113,,
3077KM,Meezenbroekstraat,115,,
3077KM,Meezenbroekstraat,117,,
3077KM,Meezenbroekstraat,119,,
3077KM,Meezenbroekstraat,121,,
3077KM,Meezenbroekstraat,123,,
3077KM,Meezenbroekstraat,125,,
3077KM,Meezenbroekstraat,127,,
3077KM,Meezenbroekstraat,129,,
3077KM,Meezenbroekstraat,131,,
3077KM,Meezenbroekstraat,133,,
3077KM,Meezenbroekstraat,135,,
3077KM,Meezenbroekstraat,137,,
3077KM,Meezenbroekstraat,139,,
3077KM,Meezenbroekstraat,141,,
3077KM,Meezenbroekstraat,143,,
3077KM,Meezenbroekstraat,145,,
3077KM,Meezenbroekstraat,147,,
3077KM,Meezenbroekstraat,149,,
3077KM,Meezenbroekstraat,151,,
3077KM,Meezenbroekstraat,153,,
3077KM,Meezenbroekstraat,155,,
3077KM,Meezenbroekstraat,157,,
3077KM,Meezenbroekstraat,159,,
3077KM,Meezenbroekstraat,161,,
3077KM,Meezenbroekstraat,163,,
3077KM,Meezenbroekstraat,165,,
3077KM,Meezenbroekstraat,167,,
3077KM,Meezenbroekstraat,169,,
3077KM,Meezenbroekstraat,171,,
3077KM,Meezenbroekstraat,173,,
3077KM,Meezenbroekstraat,175,,
3077KM,Meezenbroekstraat,177,,
3077KM,Meezenbroekstraat,179,,
3077KM,Meezenbroekstraat,181,,
3077KM,Meezenbroekstraat,183,,
3077KM,Meezenbroekstraat,185,,
3077KM,Meezenbroekstraat,187,,
3077KM,Meezenbroekstraat,189,,
3077KM,Meezenbroekstraat,191,,
3077KM,Meezenbroekstraat,193,,
3077KM,Meezenbroekstraat,195,,
3077KM,Meezenbroekstraat,197,,
3077KM,Meezenbroekstraat,199,,
3077XM,Montfoortverloop,15,,
3077JH,Moermondstraat,2,,
3077JH,Moermondstraat,4,,
3077JH,Moermondstraat,6,,
3077JH,Moermondstraat,8,,
3077JH,Moermondstraat,10,,
3077JH,Moermondstraat,12,,
3077JH,Moermondstraat,14,,
3077JH,Moermondstraat,16,,
3077JH,Moermondstraat,18,,
3077JH,Moermondstraat,20,,
3077JG,Menkemaborgstraat,1,,
3077JG,Menkemaborgstraat,2,,
3077JG,Menkemaborgstraat,3,,
3077JG,Menkemaborgstraat,4,,
3077JG,Menkemaborgstraat,5,,
3077JG,Menkemaborgstraat,6,,
3077JG,Menkemaborgstraat,7,,
3077JG,Menkemaborgstraat,8,,
3077DB,Moersbergenplein,2,,
3077DB,Moersbergenplein,4,,
3077DB,Moersbergenplein,6,,
3077DB,Moersbergenplein,8,,
3077DB,Moersbergenplein,10,,
3077DB,Moersbergenplein,12,,
3077DB,Moersbergenplein,14,,
3077DB,Moersbergenplein,16,,
3077ER,Nijenrodeplaats,1,,
3077ER,Nijenrodeplaats,2,,
3077ER,Nijenrodeplaats,3,,
3077ER,Nijenrodeplaats,4,,
3077ER,Nijenrodeplaats,5,,
3077ER,Nijenrodeplaats,6,,
3077ER,Nijenrodeplaats,7,,
3077ER,Nijenrodeplaats,8,,
3077ER,Nijenrodeplaats,9,,
3077ER,Nijenrodeplaats,10,,
3077ER,Nijenrodeplaats,11,,
3077PL,Nemelaersingel,1,,
3077PL,Nemelaersingel,3,,
3077PL,Nemelaersingel,5,,
3077PL,Nemelaersingel,7,,
3077PL,Nemelaersingel,9,,
3077PL,Nemelaersingel,11,,
3077PL,Nemelaersingel,13,,
3077PL,Nemelaersingel,15,,
3077PL,Nemelaersingel,17,,
3077PL,Nemelaersingel,18,,
3077PL,Nemelaersingel,19,,
3077PL,Nemelaersingel,20,,
3077PL,Nemelaersingel,21,,
3077PL,Nemelaersingel,22,,
3077PL,Nemelaersingel,23,,
3077PL,Nemelaersingel,24,,
3077PL,Nemelaersingel,25,,
3077PL,Nemelaersingel,26,,
3077PL,Nemelaersingel,27,,
3077PL,Nemelaersingel,28,,
3077PL,Nemelaersingel,29,,
3077PL,Nemelaersingel,30,,
3077PL,Nemelaersingel,31,,
3077PL,Nemelaersingel,32,,
3077PL,Nemelaersingel,33,,
3077PL,Nemelaersingel,34,,
3077PL,Nemelaersingel,35,,
3077PL,Nemelaersingel,36,,
3077PL,Nemelaersingel,37,,
3077PL,Nemelaersingel,38,,
3077PL,Nemelaersingel,39,,
3077PL,Nemelaersingel,40,,
3077PL,Nemelaersingel,41,,
3077PL,Nemelaersingel,42,,
3077PL,Nemelaersingel,43,,
3077PL,Nemelaersingel,45,,
3077PL,Nemelaersingel,46,,
3077PL,Nemelaersingel,47,,
3077PL,Nemelaersingel,48,,
3077PL,Nemelaersingel,49,,
3077PL,Nemelaersingel,50,,
3077PL,Nemelaersingel,51,,
3077PL,Nemelaersingel,52,,
3077PL,Nemelaersingel,53,,
3077PL,Nemelaersingel,54,,
3077PL,Nemelaersingel,55,,
3077PL,Nemelaersingel,56,,
3077PL,Nemelaersingel,57,,
3077PL,Nemelaersingel,58,,
3077PL,Nemelaersingel,59,,
3077PL,Nemelaersingel,61,,
3077PL,Nemelaersingel,62,,
3077PL,Nemelaersingel,63,,
3077PL,Nemelaersingel,64,,
3077PL,Nemelaersingel,65,,
3077PL,Nemelaersingel,66,,
3077PL,Nemelaersingel,67,,
3077PL,Nemelaersingel,68,,
3077PL,Nemelaersingel,69,,
3077PL,Nemelaersingel,70,,
3077PL,Nemelaersingel,71,,
3077PL,Nemelaersingel,72,,
3077PL,Nemelaersingel,73,,
3077PL,Nemelaersingel,74,,
3077PL,Nemelaersingel,75,,
3077PL,Nemelaersingel,76,,
3077PL,Nemelaersingel,77,,
3077PL,Nemelaersingel,78,,
3077PL,Nemelaersingel,79,,
3077PL,Nemelaersingel,80,,
3077PL,Nemelaersingel,81,,
3077PL,Nemelaersingel,82,,
3077PL,Nemelaersingel,83,,
3077PL,Nemelaersingel,84,,
3077PL,Nemelaersingel,85,,
3077PL,Nemelaersingel,86,,
3077PL,Nemelaersingel,87,,
3077PL,Nemelaersingel,88,,
3077PL,Nemelaersingel,89,,
3077PL,Nemelaersingel,90,,
3077PL,Nemelaersingel,91,,
3077PL,Nemelaersingel,92,,
3077PL,Nemelaersingel,93,,
3077PL,Nemelaersingel,94,,
3077ES,Nijenrodeweg,1,,
3077ES,Nijenrodeweg,2,,
3077ES,Nijenrodeweg,3,,
3077ES,Nijenrodeweg,4,,
3077ES,Nijenrodeweg,5,,
3077ES,Nijenrodeweg,6,,
3077ES,Nijenrodeweg,7,,
3077ES,Nijenrodeweg,8,,
3077ES,Nijenrodeweg,9,,
3077ES,Nijenrodeweg,10,,
3077ES,Nijenrodeweg,11,,
3077ES,Nijenrodeweg,12,,
3077ES,Nijenrodeweg,13,,
3077ES,Nijenrodeweg,14,,
3077ES,Nijenrodeweg,15,,
3077ES,Nijenrodeweg,16,,
3077ES,Nijenrodeweg,17,,
3077ES,Nijenrodeweg,18,,
3077ES,Nijenrodeweg,19,,
3077ES,Nijenrodeweg,20,,
3077ES,Nijenrodeweg,21,,
3077ES,Nijenrodeweg,22,,
3077ES,Nijenrodeweg,23,,
3077ES,Nijenrodeweg,24,,
3077ES,Nijenrodeweg,25,,
3077ES,Nijenrodeweg,26,,
3077ES,Nijenrodeweg,27,,
3077ES,Nijenrodeweg,28,,
3077ES,Nijenrodeweg,29,,
3077ES,Nijenrodeweg,30,,
3077ES,Nijenrodeweg,31,,
3077ES,Nijenrodeweg,32,,
3077ES,Nijenrodeweg,33,,
3077ES,Nijenrodeweg,34,,
3077ES,Nijenrodeweg,35,,
3077ES,Nijenrodeweg,36,,
3077ES,Nijenrodeweg,37,,
3077ES,Nijenrodeweg,38,,
3077ES,Nijenrodeweg,39,,
3077ES,Nijenrodeweg,40,,
3077ES,Nijenrodeweg,41,,
3077ES,Nijenrodeweg,42,,
3077ES,Nijenrodeweg,43,,
3077ES,Nijenrodeweg,44,,
3077ES,Nijenrodeweg,45,,
3077ES,Nijenrodeweg,46,,
3077ES,Nijenrodeweg,47,,
3077ES,Nijenrodeweg,48,,
3077ES,Nijenrodeweg,49,,
3077ES,Nijenrodeweg,50,,
3077ES,Nijenrodeweg,51,,
3077ES,Nijenrodeweg,52,,
3077ES,Nijenrodeweg,53,,
3077ES,Nijenrodeweg,54,,
3077ES,Nijenrodeweg,55,,
3077ES,Nijenrodeweg,56,,
3077ES,Nijenrodeweg,57,,
3077ES,Nijenrodeweg,58,,
3077ES,Nijenrodeweg,59,,
3077ES,Nijenrodeweg,60,,
3077ES,Nijenrodeweg,61,,
3077ES,Nijenrodeweg,62,,
3077ES,Nijenrodeweg,63,,
3077ES,Nijenrodeweg,64,,
3077ES,Nijenrodeweg,65,,
3077ES,Nijenrodeweg,66,,
3077ES,Nijenrodeweg,67,,
3077ES,Nijenrodeweg,68,,
3077ES,Nijenrodeweg,69,,
3077ES,Nijenrodeweg,70,,
3077ES,Nijenrodeweg,71,,
3077ES,Nijenrodeweg,72,,
3077ES,Nijenrodeweg,73,,
3077ES,Nijenrodeweg,74,,
3077ES,Nijenrodeweg,75,,
3077ES,Nijenrodeweg,76,,
3077ES,Nijenrodeweg,77,,
3077ES,Nijenrodeweg,78,,
3077ES,Nijenrodeweg,79,,
3077ES,Nijenrodeweg,80,,
3077ES,Nijenrodeweg,81,,
3077ES,Nijenrodeweg,82,,
3077ES,Nijenrodeweg,83,,
3077ES,Nijenrodeweg,84,,
3077ES,Nijenrodeweg,85,,
3077ES,Nijenrodeweg,86,,
3077ES,Nijenrodeweg,87,,
3077ES,Nijenrodeweg,88,,
3077ES,Nijenrodeweg,89,,
3077ES,Nijenrodeweg,90,,
3077ES,Nijenrodeweg,91,,
3077ES,Nijenrodeweg,92,,
3077ES,Nijenrodeweg,93,,
3077ES,Nijenrodeweg,94,,
3077ES,Nijenrodeweg,95,,
3077ES,Nijenrodeweg,96,,
3077ES,Nijenrodeweg,97,,
3077ES,Nijenrodeweg,98,,
3077ES,Nijenrodeweg,99,,
3077ES,Nijenrodeweg,100,,
3077ES,Nijenrodeweg,101,,
3077ES,Nijenrodeweg,102,,
3077ES,Nijenrodeweg,103,,
3077ES,Nijenrodeweg,104,,
3077ES,Nijenrodeweg,105,,
3077ES,Nijenrodeweg,106,,
3077ES,Nijenrodeweg,107,,
3077ES,Nijenrodeweg,108,,
3077ES,Nijenrodeweg,109,,
3077ES,Nijenrodeweg,110,,
3077ES,Nijenrodeweg,111,,
3077ES,Nijenrodeweg,112,,
3077ES,Nijenrodeweg,113,,
3077ES,Nijenrodeweg,114,,
3077ES,Nijenrodeweg,115,,
3077ES,Nijenrodeweg,116,,
3077ES,Nijenrodeweg,117,,
3077ES,Nijenrodeweg,118,,
3077ES,Nijenrodeweg,119,,
3077ES,Nijenrodeweg,120,,
3077ES,Nijenrodeweg,121,,
3077ES,Nijenrodeweg,122,,
3077ES,Nijenrodeweg,123,,
3077ES,Nijenrodeweg,124,,
3077ES,Nijenrodeweg,125,,
3077ES,Nijenrodeweg,126,,
3077ES,Nijenrodeweg,127,,
3077ES,Nijenrodeweg,129,,
3077ES,Nijenrodeweg,131,,
3077ES,Nijenrodeweg,133,,
3077ES,Nijenrodeweg,135,,
3077EP,Neercanneplaats,1,,
3077EP,Neercanneplaats,2,,
3077EP,Neercanneplaats,3,,
3077EP,Neercanneplaats,4,,
3077EP,Neercanneplaats,5,,
3077EP,Neercanneplaats,6,,
3077EP,Neercanneplaats,7,,
3077EP,Neercanneplaats,8,,
3077EP,Neercanneplaats,9,,
3077EP,Neercanneplaats,10,,
3077EP,Neercanneplaats,11,,
3077EP,Neercanneplaats,12,,
3077EP,Neercanneplaats,13,,
3077EP,Neercanneplaats,14,,
3077EP,Neercanneplaats,15,,
3077EP,Neercanneplaats,16,,
3077EP,Neercanneplaats,17,,
3077EP,Neercanneplaats,18,,
3077EP,Neercanneplaats,19,,
3077EP,Neercanneplaats,20,,
3077EP,Neercanneplaats,21,,
3077EP,Neercanneplaats,22,,
3077EP,Neercanneplaats,23,,
3077EP,Neercanneplaats,24,,
3077EP,Neercanneplaats,25,,
3077EP,Neercanneplaats,26,,
3077EP,Neercanneplaats,27,,
3077EP,Neercanneplaats,28,,
3077EP,Neercanneplaats,29,,
3077EP,Neercanneplaats,30,,
3077EP,Neercanneplaats,31,,
3077EP,Neercanneplaats,32,,
3077EP,Neercanneplaats,33,,
3077EP,Neercanneplaats,34,,
3077EP,Neercanneplaats,35,,
3077EP,Neercanneplaats,36,,
3077EP,Neercanneplaats,37,,
3077EP,Neercanneplaats,38,,
3077EP,Neercanneplaats,39,,
3077EP,Neercanneplaats,40,,
3077EP,Neercanneplaats,41,,
3077EP,Neercanneplaats,42,,
3077EP,Neercanneplaats,43,,
3077EP,Neercanneplaats,44,,
3077EP,Neercanneplaats,45,,
3077EP,Neercanneplaats,46,,
3077EP,Neercanneplaats,47,,
3077EP,Neercanneplaats,49,,
3077EP,Neercanneplaats,51,,
3077EP,Neercanneplaats,53,,
3077EP,Neercanneplaats,55,,
3077EP,Neercanneplaats,57,,
3077EP,Neercanneplaats,61,,
3077EP,Neercanneplaats,63,,
3077EP,Neercanneplaats,65,,
3077EP,Neercanneplaats,67,,
3077EP,Neercanneplaats,69,,
3077EP,Neercanneplaats,71,,
3077EP,Neercanneplaats,73,,
3077EP,Neercanneplaats,75,,
3077EP,Neercanneplaats,77,,
3077EP,Neercanneplaats,79,,
3077RC,Oude Watering,10,,
3077RC,Oude Watering,20,,
3077RC,Oude Watering,102,,
3077RC,Oude Watering,104,,
3077RC,Oude Watering,106,,
3077RC,Oude Watering,108,,
3077RC,Oude Watering,110,,
3077RC,Oude Watering,112,,
3077RC,Oude Watering,116,,
3077RC,Oude Watering,118,,
3077RC,Oude Watering,120,,
3077RC,Oude Watering,122,,
3077RC,Oude Watering,124,,
3077RC,Oude Watering,126,,
3077RC,Oude Watering,128,,
3077RC,Oude Watering,130,,
3077RC,Oude Watering,132,,
3077RC,Oude Watering,134,,
3077RC,Oude Watering,136,,
3077RC,Oude Watering,138,,
3077RC,Oude Watering,140,,
3077RC,Oude Watering,142,,
3077RC,Oude Watering,144,,
3077RC,Oude Watering,146,,
3077RC,Oude Watering,148,,
3077RC,Oude Watering,150,,
3077RC,Oude Watering,152,,
3077RC,Oude Watering,154,,
3077RC,Oude Watering,156,,
3077RC,Oude Watering,158,,
3077RC,Oude Watering,162,,
3077RC,Oude Watering,164,,
3077RC,Oude Watering,166,,
3077RC,Oude Watering,168,,
3077RC,Oude Watering,170,,
3077RC,Oude Watering,172,,
3077RC,Oude Watering,174,,
3077RD,Oude Watering,184,,
3077RD,Oude Watering,186,,
3077RD,Oude Watering,188,,
3077RD,Oude Watering,190,,
3077RD,Oude Watering,194,,
3077RD,Oude Watering,196,,
3077RD,Oude Watering,198,,
3077RD,Oude Watering,200,,
3077RD,Oude Watering,204,,
3077RD,Oude Watering,248,,
3077RD,Oude Watering,250,,
3077RD,Oude Watering,252,,
3077RD,Oude Watering,262,,
3077RD,Oude Watering,266,,
3077RD,Oude Watering,270,,
3077RD,Oude Watering,274,,
3077RD,Oude Watering,282,,
3077RD,Oude Watering,286,,
3077RD,Oude Watering,290,,
3077RE,Oude Watering,302,,
3077RE,Oude Watering,304,,
3077RE,Oude Watering,306,,
3077RE,Oude Watering,308,,
3077RE,Oude Watering,310,,
3077RE,Oude Watering,312,,
3077RE,Oude Watering,314,,
3077RE,Oude Watering,316,,
3077RE,Oude Watering,324,,
3077RE,Oude Watering,332,,
3077RE,Oude Watering,334,,
3077RE,Oude Watering,336,,
3077RE,Oude Watering,338,,
3077RE,Oude Watering,340,,
3077RE,Oude Watering,342,,
3077RE,Oude Watering,344,,
3077RE,Oude Watering,346,,
3077RE,Oude Watering,352,,
3077RE,Oude Watering,354,,
3077RE,Oude Watering,356,,
3077RE,Oude Watering,358,,
3077RE,Oude Watering,360,,
3077RE,Oude Watering,362,,
3077RE,Oude Watering,364,,
3077RE,Oude Watering,366,,
3077RE,Oude Watering,368,,
3077RE,Oude Watering,370,,
3077RE,Oude Watering,372,,
3077RE,Oude Watering,374,,
3077RE,Oude Watering,376,,
3077RE,Oude Watering,378,,
3077RE,Oude Watering,380,,
3077RE,Oude Watering,382,,
3077RE,Oude Watering,384,,
3077RE,Oude Watering,386,,
3077RE,Oude Watering,388,,
3077RG,Oude Watering,159,,
3077RG,Oude Watering,163,,
3077RG,Oude Watering,165,,
3077RG,Oude Watering,167,,
3077RG,Oude Watering,169,,
3077RG,Oude Watering,171,,
3077RG,Oude Watering,173,,
3077RG,Oude Watering,175,,
3077RG,Oude Watering,177,,
3077RG,Oude Watering,179,,
3077RG,Oude Watering,181,,
3077RG,Oude Watering,183,,
3077RG,Oude Watering,185,,
3077RG,Oude Watering,187,,
3077RG,Oude Watering,189,,
3077RG,Oude Watering,191,,
3077RG,Oude Watering,193,,
3077RG,Oude Watering,195,,
3077RG,Oude Watering,197,,
3077RG,Oude Watering,199,,
3077RG,Oude Watering,201,,
3077RG,Oude Watering,203,,
3077RG,Oude Watering,205,,
3077RG,Oude Watering,207,,
3077RG,Oude Watering,209,,
3077RG,Oude Watering,211,,
3077RG,Oude Watering,213,,
3077RG,Oude Watering,215,,
3077RG,Oude Watering,217,,
3077RG,Oude Watering,219,,
3077RG,Oude Watering,221,,
3077RG,Oude Watering,223,,
3077RG,Oude Watering,225,,
3077RG,Oude Watering,227,,
3077RG,Oude Watering,229,,
3077RG,Oude Watering,231,,
3077RG,Oude Watering,233,,
3077RG,Oude Watering,235,,
3077RG,Oude Watering,237,,
3077RG,Oude Watering,239,,
3077RG,Oude Watering,241,,
3077RG,Oude Watering,243,,
3077RG,Oude Watering,245,,
3077RG,Oude Watering,247,,
3077RG,Oude Watering,249,,
3077RG,Oude Watering,251,,
3077RG,Oude Watering,253,,
3077RG,Oude Watering,255,,
3077RG,Oude Watering,257,,
3077RG,Oude Watering,259,,
3077RG,Oude Watering,261,,
3077RG,Oude Watering,263,,
3077RG,Oude Watering,265,,
3077RG,Oude Watering,271,,
3077RG,Oude Watering,277,,
3077RG,Oude Watering,281,,
3077RG,Oude Watering,287,,
3077RH,Oude Watering,351,,
3077RH,Oude Watering,353,,
3077RH,Oude Watering,355,,
3077RH,Oude Watering,357,,
3077RH,Oude Watering,359,,
3077RH,Oude Watering,361,,
3077RH,Oude Watering,363,,
3077RH,Oude Watering,365,,
3077RH,Oude Watering,367,,
3077RH,Oude Watering,375,,
3077RH,Oude Watering,377,,
3077RH,Oude Watering,379,,
3077RH,Oude Watering,381,,
3077RH,Oude Watering,383,,
3077RH,Oude Watering,385,,
3077RH,Oude Watering,387,,
3077RH,Oude Watering,391,,
3077RH,Oude Watering,393,,
3077RH,Oude Watering,395,,
3077RH,Oude Watering,397,,
3077RH,Oude Watering,399,,
3077RH,Oude Watering,401,,
3077RH,Oude Watering,403,,
3077RH,Oude Watering,405,,
3077RH,Oude Watering,407,,
3077RH,Oude Watering,409,,
3077XN,Oude Watering,1,,
3077XN,Oude Watering,3,,
3077XN,Oude Watering,5,,
3077XN,Oude Watering,7,,
3077XN,Oude Watering,9,,
3077XN,Oude Watering,11,,
3077XN,Oude Watering,13,,
3077XN,Oude Watering,15,,
3077XN,Oude Watering,17,,
3077XN,Oude Watering,19,,
3077XN,Oude Watering,21,,
3077XN,Oude Watering,23,,
3077XN,Oude Watering,25,,
3077XN,Oude Watering,27,,
3077XN,Oude Watering,29,,
3077XN,Oude Watering,31,,
3077XN,Oude Watering,41,,
3077XN,Oude Watering,43,,
3077XN,Oude Watering,45,,
3077XN,Oude Watering,47,,
3077XN,Oude Watering,49,,
3077XN,Oude Watering,51,,
3077XN,Oude Watering,53,,
3077XN,Oude Watering,55,,
3077XN,Oude Watering,57,,
3077XN,Oude Watering,59,,
3077XN,Oude Watering,61,,
3077XN,Oude Watering,65,,
3077XN,Oude Watering,67,,
3077XN,Oude Watering,69,,
3077XN,Oude Watering,71,,
3077XN,Oude Watering,73,,
3077XN,Oude Watering,75,,
3077XN,Oude Watering,77,,
3077XN,Oude Watering,79,,
3077XN,Oude Watering,81,,
3077XN,Oude Watering,83,,
3077XN,Oude Watering,85,,
3077XN,Oude Watering,87,,
3077XN,Oude Watering,89,,
3077XN,Oude Watering,91,,
3077XN,Oude Watering,93,,
3077XN,Oude Watering,95,,
3077XN,Oude Watering,97,,
3077XN,Oude Watering,99,,
3077XN,Oude Watering,101,,
3077XN,Oude Watering,103,,
3077XN,Oude Watering,105,,
3077XN,Oude Watering,107,,
3077XN,Oude Watering,109,,
3077XN,Oude Watering,111,,
3077XN,Oude Watering,113,,
3077XN,Oude Watering,115,,
3077XN,Oude Watering,117,,
3077XN,Oude Watering,119,,
3077XN,Oude Watering,121,,
3077XN,Oude Watering,123,,
3077XN,Oude Watering,125,,
3077XN,Oude Watering,127,,
3077XN,Oude Watering,129,,
3077XN,Oude Watering,131,,
3077XN,Oude Watering,133,,
3077XN,Oude Watering,135,,
3077XN,Oude Watering,137,,
3077XN,Oude Watering,139,,
3077XN,Oude Watering,141,,
3077VK,Rhijnauwensingel,278,,
3077PM,Onsteinpad,1,,
3077PM,Onsteinpad,2,,
3077PM,Onsteinpad,3,,
3077PM,Onsteinpad,4,,
3077PM,Onsteinpad,5,,
3077PM,Onsteinpad,6,,
3077PM,Onsteinpad,7,,
3077PM,Onsteinpad,8,,
3077PM,Onsteinpad,9,,
3077PM,Onsteinpad,10,,
3077HE,Fleringenstraat,15,,
3077HE,Fleringenstraat,17,,
3077HE,Fleringenstraat,19,,
3077HE,Fleringenstraat,21,,
3077HE,Fleringenstraat,23,,
3077HE,Fleringenstraat,25,,
3077HE,Fleringenstraat,27,,
3077HE,Fleringenstraat,29,,
3077HE,Fleringenstraat,31,,
3077HE,Fleringenstraat,33,,
3077HE,Fleringenstraat,35,,
3077HE,Fleringenstraat,37,,
3077HE,Fleringenstraat,39,,
3077HE,Fleringenstraat,41,,
3077HE,Fleringenstraat,43,,
3077HE,Fleringenstraat,45,,
3077HE,Fleringenstraat,47,,
3077HE,Fleringenstraat,49,,
3077HE,Fleringenstraat,51,,
3077HE,Fleringenstraat,53,,
3077HK,Peellandstraat,2,,
3077HK,Peellandstraat,4,,
3077HK,Peellandstraat,5,,
3077HK,Peellandstraat,6,,
3077HK,Peellandstraat,7,,
3077HK,Peellandstraat,8,,
3077HK,Peellandstraat,9,,
3077HK,Peellandstraat,10,,
3077HK,Peellandstraat,11,,
3077HK,Peellandstraat,12,,
3077HK,Peellandstraat,13,,
3077HK,Peellandstraat,14,,
3077HK,Peellandstraat,15,,
3077HK,Peellandstraat,16,,
3077HK,Peellandstraat,17,,
3077HK,Peellandstraat,18,,
3077HK,Peellandstraat,19,,
3077HK,Peellandstraat,20,,
3077HK,Peellandstraat,18,,BG
3077HK,Peellandstraat,21,,
3077HK,Peellandstraat,22,,
3077HK,Peellandstraat,23,,
3077HK,Peellandstraat,24,,
3077HK,Peellandstraat,25,,
3077HK,Peellandstraat,26,,
3077HK,Peellandstraat,27,,
3077HK,Peellandstraat,28,,
3077HK,Peellandstraat,30,,
3077HK,Peellandstraat,31,,
3077HK,Peellandstraat,32,,
3077HK,Peellandstraat,33,,
3077HK,Peellandstraat,34,,
3077HK,Peellandstraat,35,,
3077HK,Peellandstraat,36,,
3077HK,Peellandstraat,37,,
3077HK,Peellandstraat,38,,
3077HK,Peellandstraat,39,,
3077HK,Peellandstraat,40,,
3077HK,Peellandstraat,41,,
3077HK,Peellandstraat,42,,
3077HK,Peellandstraat,43,,
3077HK,Peellandstraat,44,,
3077HK,Peellandstraat,45,,
3077HK,Peellandstraat,46,,
3077HK,Peellandstraat,48,,
3077HK,Peellandstraat,50,,
3077HK,Peellandstraat,51,,
3077HK,Peellandstraat,52,,
3077HK,Peellandstraat,53,,
3077HK,Peellandstraat,55,,
3077HK,Peellandstraat,57,,
3077HK,Peellandstraat,59,,
3077HK,Peellandstraat,61,,
3077HK,Peellandstraat,63,,
3077HK,Peellandstraat,65,,
3077HK,Peellandstraat,67,,
3077HK,Peellandstraat,69,,
3077HK,Peellandstraat,71,,
3077HK,Peellandstraat,73,,
3077HK,Peellandstraat,75,,
3077HK,Peellandstraat,77,,
3077HK,Peellandstraat,79,,
3077HK,Peellandstraat,81,,
3077KN,Prattenburgplein,1,,
3077KN,Prattenburgplein,3,,
3077KN,Prattenburgplein,5,,
3077KN,Prattenburgplein,7,,
3077KN,Prattenburgplein,9,,
3077KN,Prattenburgplein,11,,
3077KN,Prattenburgplein,13,,
3077KN,Prattenburgplein,15,,
3077KN,Prattenburgplein,17,,
3077KN,Prattenburgplein,19,,
3077KN,Prattenburgplein,21,,
3077KN,Prattenburgplein,23,,
3077XR,Radboudplein,1,,
3077XR,Radboudplein,3,,
3077XR,Radboudplein,10,,
3077XR,Radboudplein,12,,
3077XR,Radboudplein,14,,
3077XR,Radboudplein,16,,
3077XR,Radboudplein,17,,
3077XR,Radboudplein,18,,
3077XR,Radboudplein,20,,
3077EV,Rhijnauwensingel,2,,
3077EV,Rhijnauwensingel,4,,
3077EV,Rhijnauwensingel,6,,
3077EV,Rhijnauwensingel,8,,
3077EV,Rhijnauwensingel,10,,
3077EV,Rhijnauwensingel,12,,
3077EV,Rhijnauwensingel,14,,
3077EV,Rhijnauwensingel,16,,
3077EV,Rhijnauwensingel,18,,
3077EV,Rhijnauwensingel,20,,
3077EV,Rhijnauwensingel,22,,
3077EV,Rhijnauwensingel,24,,
3077EV,Rhijnauwensingel,26,,
3077EV,Rhijnauwensingel,28,,
3077EV,Rhijnauwensingel,30,,
3077EV,Rhijnauwensingel,32,,
3077EV,Rhijnauwensingel,34,,
3077EV,Rhijnauwensingel,36,,
3077EV,Rhijnauwensingel,38,,
3077EV,Rhijnauwensingel,40,,
3077EV,Rhijnauwensingel,42,,
3077EV,Rhijnauwensingel,44,,
3077EV,Rhijnauwensingel,46,,
3077EV,Rhijnauwensingel,48,,
3077EV,Rhijnauwensingel,50,,
3077EV,Rhijnauwensingel,52,,
3077EV,Rhijnauwensingel,54,,
3077EV,Rhijnauwensingel,56,,
3077EV,Rhijnauwensingel,58,,
3077EV,Rhijnauwensingel,60,,
3077EV,Rhijnauwensingel,62,,
3077EV,Rhijnauwensingel,64,,
3077EV,Rhijnauwensingel,66,,
3077EV,Rhijnauwensingel,68,,
3077EV,Rhijnauwensingel,70,,
3077EV,Rhijnauwensingel,72,,
3077EV,Rhijnauwensingel,74,,
3077EV,Rhijnauwensingel,76,,
3077EV,Rhijnauwensingel,78,,
3077EV,Rhijnauwensingel,80,,
3077EV,Rhijnauwensingel,82,,
3077EV,Rhijnauwensingel,84,,
3077EV,Rhijnauwensingel,86,,
3077EV,Rhijnauwensingel,88,,
3077EV,Rhijnauwensingel,90,,
3077EV,Rhijnauwensingel,92,,
3077EV,Rhijnauwensingel,94,,
3077EV,Rhijnauwensingel,96,,
3077EV,Rhijnauwensingel,98,,
3077EV,Rhijnauwensingel,100,,
3077EV,Rhijnauwensingel,102,,
3077EV,Rhijnauwensingel,104,,
3077EV,Rhijnauwensingel,106,,
3077EV,Rhijnauwensingel,108,,
3077EV,Rhijnauwensingel,110,,
3077EV,Rhijnauwensingel,112,,
3077EV,Rhijnauwensingel,114,,
3077EV,Rhijnauwensingel,116,,
3077EV,Rhijnauwensingel,118,,
3077EV,Rhijnauwensingel,120,,
3077EV,Rhijnauwensingel,122,,
3077EV,Rhijnauwensingel,124,,
3077EV,Rhijnauwensingel,126,,
3077EV,Rhijnauwensingel,128,,
3077EV,Rhijnauwensingel,130,,
3077EV,Rhijnauwensingel,132,,
3077EV,Rhijnauwensingel,134,,
3077EV,Rhijnauwensingel,136,,
3077EV,Rhijnauwensingel,138,,
3077EV,Rhijnauwensingel,140,,
3077EV,Rhijnauwensingel,142,,
3077EV,Rhijnauwensingel,144,,
3077EV,Rhijnauwensingel,146,,
3077EV,Rhijnauwensingel,148,,
3077EV,Rhijnauwensingel,150,,
3077EV,Rhijnauwensingel,152,,
3077EV,Rhijnauwensingel,154,,
3077EV,Rhijnauwensingel,160,,
3077EV,Rhijnauwensingel,170,,
3077EV,Rhijnauwensingel,172,,
3077EV,Rhijnauwensingel,174,,
3077EV,Rhijnauwensingel,176,,
3077EV,Rhijnauwensingel,178,,
3077EV,Rhijnauwensingel,180,,
3077EV,Rhijnauwensingel,182,,
3077EV,Rhijnauwensingel,184,,
3077EV,Rhijnauwensingel,186,,
3077EV,Rhijnauwensingel,188,,
3077EV,Rhijnauwensingel,190,,
3077EV,Rhijnauwensingel,192,,
3077EV,Rhijnauwensingel,194,,
3077EV,Rhijnauwensingel,196,,
3077EV,Rhijnauwensingel,198,,
3077EV,Rhijnauwensingel,200,,
3077EV,Rhijnauwensingel,202,,
3077EV,Rhijnauwensingel,204,,
3077EV,Rhijnauwensingel,206,,
3077EV,Rhijnauwensingel,208,,
3077EV,Rhijnauwensingel,210,,
3077EV,Rhijnauwensingel,212,,
3077EV,Rhijnauwensingel,214,,
3077EV,Rhijnauwensingel,216,,
3077EV,Rhijnauwensingel,218,,
3077EV,Rhijnauwensingel,220,,
3077EV,Rhijnauwensingel,222,,
3077EV,Rhijnauwensingel,224,,
3077EV,Rhijnauwensingel,226,,
3077VA,Rhijnauwensingel,1,,
3077VA,Rhijnauwensingel,3,,
3077VA,Rhijnauwensingel,5,,
3077VA,Rhijnauwensingel,7,,
3077VA,Rhijnauwensingel,9,,
3077VA,Rhijnauwensingel,11,,
3077VA,Rhijnauwensingel,13,,
3077VA,Rhijnauwensingel,15,,
3077VA,Rhijnauwensingel,17,,
3077VA,Rhijnauwensingel,19,,
3077VA,Rhijnauwensingel,21,,
3077VA,Rhijnauwensingel,23,,
3077VA,Rhijnauwensingel,25,,
3077VA,Rhijnauwensingel,27,,
3077VA,Rhijnauwensingel,29,,
3077VA,Rhijnauwensingel,31,,
3077VA,Rhijnauwensingel,33,,
3077VA,Rhijnauwensingel,35,,
3077VA,Rhijnauwensingel,37,,
3077VA,Rhijnauwensingel,39,,
3077VA,Rhijnauwensingel,41,,
3077VB,Rhijnauwensingel,43,,
3077VB,Rhijnauwensingel,45,,
3077VB,Rhijnauwensingel,47,,
3077VB,Rhijnauwensingel,49,,
3077VB,Rhijnauwensingel,51,,
3077VB,Rhijnauwensingel,53,,
3077VB,Rhijnauwensingel,55,,
3077VB,Rhijnauwensingel,57,,
3077VB,Rhijnauwensingel,59,,
3077VB,Rhijnauwensingel,61,,
3077VB,Rhijnauwensingel,63,,
3077VB,Rhijnauwensingel,65,,
3077VB,Rhijnauwensingel,67,,
3077VB,Rhijnauwensingel,69,,
3077VB,Rhijnauwensingel,71,,
3077VB,Rhijnauwensingel,73,,
3077VB,Rhijnauwensingel,75,,
3077VB,Rhijnauwensingel,77,,
3077VB,Rhijnauwensingel,79,,
3077VB,Rhijnauwensingel,81,,
3077VB,Rhijnauwensingel,83,,
3077VB,Rhijnauwensingel,85,,
3077VB,Rhijnauwensingel,87,,
3077VB,Rhijnauwensingel,89,,
3077VB,Rhijnauwensingel,91,,
3077VB,Rhijnauwensingel,93,,
3077VB,Rhijnauwensingel,95,,
3077VB,Rhijnauwensingel,97,,
3077VB,Rhijnauwensingel,99,,
3077VB,Rhijnauwensingel,101,,
3077VB,Rhijnauwensingel,103,,
3077VB,Rhijnauwensingel,105,,
3077VB,Rhijnauwensingel,107,,
3077VB,Rhijnauwensingel,109,,
3077VB,Rhijnauwensingel,111,,
3077VB,Rhijnauwensingel,113,,
3077VB,Rhijnauwensingel,115,,
3077VC,Rhijnauwensingel,121,,
3077VC,Rhijnauwensingel,123,,
3077VC,Rhijnauwensingel,125,,
3077VC,Rhijnauwensingel,127,,
3077VC,Rhijnauwensingel,129,,
3077VC,Rhijnauwensingel,131,,
3077VC,Rhijnauwensingel,133,,
3077VC,Rhijnauwensingel,135,,
3077VC,Rhijnauwensingel,137,,
3077VC,Rhijnauwensingel,139,,
3077VC,Rhijnauwensingel,141,,
3077VC,Rhijnauwensingel,143,,
3077VC,Rhijnauwensingel,145,,
3077VC,Rhijnauwensingel,147,,
3077VC,Rhijnauwensingel,149,,
3077VC,Rhijnauwensingel,151,,
3077VC,Rhijnauwensingel,153,,
3077VC,Rhijnauwensingel,155,,
3077VC,Rhijnauwensingel,157,,
3077VC,Rhijnauwensingel,159,,
3077VC,Rhijnauwensingel,161,,
3077VC,Rhijnauwensingel,163,,
3077VC,Rhijnauwensingel,165,,
3077VC,Rhijnauwensingel,167,,
3077VC,Rhijnauwensingel,169,,
3077VC,Rhijnauwensingel,171,,
3077VC,Rhijnauwensingel,173,,
3077VC,Rhijnauwensingel,175,,
3077VC,Rhijnauwensingel,177,,
3077VC,Rhijnauwensingel,179,,
3077VC,Rhijnauwensingel,181,,
3077VC,Rhijnauwensingel,183,,
3077VC,Rhijnauwensingel,185,,
3077VD,Rhijnauwensingel,227,,
3077VD,Rhijnauwensingel,233,,
3077VD,Rhijnauwensingel,235,,
3077VD,Rhijnauwensingel,237,,
3077VE,Rhijnauwensingel,275,,
3077VE,Rhijnauwensingel,277,,
3077VE,Rhijnauwensingel,279,,
3077VE,Rhijnauwensingel,281,,
3077VE,Rhijnauwensingel,283,,
3077VE,Rhijnauwensingel,285,,
3077VE,Rhijnauwensingel,287,,
3077VE,Rhijnauwensingel,289,,
3077VE,Rhijnauwensingel,291,,
3077VE,Rhijnauwensingel,293,,
3077VG,Rhijnauwensingel,453,,
3077VG,Rhijnauwensingel,455,,
3077VG,Rhijnauwensingel,457,,
3077VG,Rhijnauwensingel,459,,
3077VG,Rhijnauwensingel,461,,
3077VG,Rhijnauwensingel,463,,
3077VG,Rhijnauwensingel,467,,
3077VG,Rhijnauwensingel,469,,
3077VG,Rhijnauwensingel,471,,
3077VG,Rhijnauwensingel,473,,
3077VG,Rhijnauwensingel,475,,
3077VG,Rhijnauwensingel,477,,
3077VG,Rhijnauwensingel,479,,
3077VG,Rhijnauwensingel,481,,
3077VG,Rhijnauwensingel,483,,
3077VG,Rhijnauwensingel,485,,
3077VG,Rhijnauwensingel,487,,
3077VG,Rhijnauwensingel,489,,
3077VG,Rhijnauwensingel,491,,
3077VG,Rhijnauwensingel,493,,
3077VG,Rhijnauwensingel,495,,
3077VG,Rhijnauwensingel,497,,
3077VG,Rhijnauwensingel,499,,
3077VH,Rhijnauwensingel,501,,
3077VH,Rhijnauwensingel,503,,
3077VH,Rhijnauwensingel,505,,
3077VH,Rhijnauwensingel,507,,
3077VH,Rhijnauwensingel,509,,
3077VH,Rhijnauwensingel,511,,
3077VH,Rhijnauwensingel,513,,
3077VH,Rhijnauwensingel,515,,
3077VH,Rhijnauwensingel,517,,
3077VH,Rhijnauwensingel,519,,
3077VH,Rhijnauwensingel,521,,
3077VH,Rhijnauwensingel,523,,
3077VH,Rhijnauwensingel,525,,
3077VH,Rhijnauwensingel,527,,
3077VH,Rhijnauwensingel,529,,
3077VH,Rhijnauwensingel,531,,
3077VH,Rhijnauwensingel,533,,
3077VH,Rhijnauwensingel,535,,
3077VH,Rhijnauwensingel,537,,
3077VH,Rhijnauwensingel,539,,
3077VH,Rhijnauwensingel,541,,
3077VH,Rhijnauwensingel,543,,
3077VH,Rhijnauwensingel,545,,
3077VH,Rhijnauwensingel,547,,
3077VH,Rhijnauwensingel,549,,
3077VH,Rhijnauwensingel,551,,
3077VH,Rhijnauwensingel,553,,
3077VH,Rhijnauwensingel,555,,
3077VH,Rhijnauwensingel,557,,
3077VJ,Rhijnauwensingel,563,,
3077VJ,Rhijnauwensingel,565,,
3077VJ,Rhijnauwensingel,567,,
3077VJ,Rhijnauwensingel,569,,
3077VJ,Rhijnauwensingel,571,,
3077VJ,Rhijnauwensingel,575,,
3077VJ,Rhijnauwensingel,577,,
3077VJ,Rhijnauwensingel,579,,
3077VJ,Rhijnauwensingel,581,,
3077VJ,Rhijnauwensingel,583,,
3077VJ,Rhijnauwensingel,585,,
3077VJ,Rhijnauwensingel,587,,
3077VJ,Rhijnauwensingel,589,,
3077VJ,Rhijnauwensingel,591,,
3077VJ,Rhijnauwensingel,593,,
3077VJ,Rhijnauwensingel,595,,
3077VJ,Rhijnauwensingel,597,,
3077VJ,Rhijnauwensingel,599,,
3077VJ,Rhijnauwensingel,601,,
3077VJ,Rhijnauwensingel,603,,
3077VJ,Rhijnauwensingel,605,,
3077VJ,Rhijnauwensingel,607,,
3077VJ,Rhijnauwensingel,609,,
3077VJ,Rhijnauwensingel,611,,
3077VJ,Rhijnauwensingel,613,,
3077VJ,Rhijnauwensingel,615,,
3077VJ,Rhijnauwensingel,617,,
3077VJ,Rhijnauwensingel,621,,
3077VJ,Rhijnauwensingel,623,,
3077VJ,Rhijnauwensingel,625,,
3077VJ,Rhijnauwensingel,627,,
3077VJ,Rhijnauwensingel,629,,
3077VK,Rhijnauwensingel,280,,
3077VK,Rhijnauwensingel,282,,
3077VK,Rhijnauwensingel,284,,
3077VK,Rhijnauwensingel,286,,
3077VK,Rhijnauwensingel,288,,
3077VK,Rhijnauwensingel,290,,
3077VK,Rhijnauwensingel,292,,
3077VK,Rhijnauwensingel,294,,
3077VK,Rhijnauwensingel,296,,
3077VK,Rhijnauwensingel,298,,
3077VK,Rhijnauwensingel,300,,
3077VK,Rhijnauwensingel,302,,
3077VK,Rhijnauwensingel,304,,
3077VK,Rhijnauwensingel,306,,
3077VK,Rhijnauwensingel,308,,
3077VK,Rhijnauwensingel,310,,
3077VK,Rhijnauwensingel,312,,
3077VK,Rhijnauwensingel,314,,
3077VK,Rhijnauwensingel,316,,
3077VK,Rhijnauwensingel,318,,
3077VK,Rhijnauwensingel,320,,
3077VK,Rhijnauwensingel,322,,
3077VK,Rhijnauwensingel,324,,
3077VK,Rhijnauwensingel,326,,
3077VK,Rhijnauwensingel,328,,
3077VK,Rhijnauwensingel,330,,
3077VK,Rhijnauwensingel,332,,
3077VK,Rhijnauwensingel,334,,
3077VK,Rhijnauwensingel,336,,
3077VK,Rhijnauwensingel,338,,
3077VL,Rhijnauwensingel,342,,
3077VL,Rhijnauwensingel,344,,
3077VL,Rhijnauwensingel,346,,
3077VL,Rhijnauwensingel,348,,
3077VL,Rhijnauwensingel,350,,
3077VL,Rhijnauwensingel,352,,
3077VL,Rhijnauwensingel,354,,
3077VL,Rhijnauwensingel,356,,
3077VL,Rhijnauwensingel,358,,
3077VL,Rhijnauwensingel,360,,
3077VL,Rhijnauwensingel,362,,
3077VL,Rhijnauwensingel,364,,
3077VL,Rhijnauwensingel,366,,
3077VL,Rhijnauwensingel,368,,
3077VL,Rhijnauwensingel,370,,
3077VL,Rhijnauwensingel,372,,
3077VL,Rhijnauwensingel,374,,
3077VL,Rhijnauwensingel,376,,
3077VL,Rhijnauwensingel,378,,
3077VL,Rhijnauwensingel,380,,
3077VL,Rhijnauwensingel,382,,
3077VL,Rhijnauwensingel,384,,
3077VL,Rhijnauwensingel,386,,
3077VL,Rhijnauwensingel,388,,
3077VL,Rhijnauwensingel,390,,
3077VL,Rhijnauwensingel,392,,
3077VL,Rhijnauwensingel,394,,
3077VL,Rhijnauwensingel,396,,
3077VL,Rhijnauwensingel,398,,
3077VL,Rhijnauwensingel,400,,
3077VL,Rhijnauwensingel,402,,
3077VL,Rhijnauwensingel,404,,
3077VL,Rhijnauwensingel,406,,
3077VL,Rhijnauwensingel,408,,
3077VL,Rhijnauwensingel,410,,
3077VL,Rhijnauwensingel,412,,
3077VL,Rhijnauwensingel,414,,
3077VL,Rhijnauwensingel,416,,
3077VL,Rhijnauwensingel,418,,
3077VL,Rhijnauwensingel,420,,
3077VL,Rhijnauwensingel,422,,
3077VL,Rhijnauwensingel,424,,
3077VL,Rhijnauwensingel,426,,
3077VL,Rhijnauwensingel,428,,
3077VM,Rhijnauwensingel,432,,
3077VM,Rhijnauwensingel,434,,
3077VM,Rhijnauwensingel,436,,
3077VM,Rhijnauwensingel,438,,
3077VM,Rhijnauwensingel,440,,
3077VM,Rhijnauwensingel,442,,
3077VM,Rhijnauwensingel,444,,
3077VM,Rhijnauwensingel,446,,
3077VM,Rhijnauwensingel,452,,
3077VM,Rhijnauwensingel,454,,
3077VM,Rhijnauwensingel,456,,
3077VM,Rhijnauwensingel,458,,
3077VM,Rhijnauwensingel,460,,
3077VM,Rhijnauwensingel,462,,
3077VM,Rhijnauwensingel,464,,
3077VM,Rhijnauwensingel,466,,
3077VM,Rhijnauwensingel,468,,
3077VM,Rhijnauwensingel,470,,
3077VM,Rhijnauwensingel,472,,
3077VM,Rhijnauwensingel,474,,
3077VM,Rhijnauwensingel,476,,
3077VM,Rhijnauwensingel,478,,
3077VM,Rhijnauwensingel,480,,
3077VM,Rhijnauwensingel,482,,
3077VM,Rhijnauwensingel,484,,
3077VM,Rhijnauwensingel,486,,
3077VM,Rhijnauwensingel,488,,
3077JN,Rijckholterf,5,,
3077JN,Rijckholterf,6,,
3077JN,Rijckholterf,7,,
3077JN,Rijckholterf,8,,
3077JN,Rijckholterf,9,,
3077JN,Rijckholterf,10,,
3077JN,Rijckholterf,11,,
3077JN,Rijckholterf,12,,
3077JN,Rijckholterf,13,,
3077JN,Rijckholterf,14,,
3077JN,Rijckholterf,15,,
3077JN,Rijckholterf,16,,
3077JN,Rijckholterf,17,,
3077JN,Rijckholterf,18,,
3077JN,Rijckholterf,21,,
3077JN,Rijckholterf,22,,
3077JN,Rijckholterf,23,,
3077JN,Rijckholterf,24,,
3077JN,Rijckholterf,25,,
3077JN,Rijckholterf,26,,
3077JN,Rijckholterf,27,,
3077JN,Rijckholterf,28,,
3077JN,Rijckholterf,29,,
3077JN,Rijckholterf,30,,
3077JN,Rijckholterf,31,,
3077JN,Rijckholterf,32,,
3077JN,Rijckholterf,33,,
3077JN,Rijckholterf,34,,
3077JN,Rijckholterf,35,,
3077JN,Rijckholterf,36,,
3077JN,Rijckholterf,37,,
3077JN,Rijckholterf,38,,
3077XT,Sandenburgbaan,1,,
3077XT,Sandenburgbaan,2,,
3077XT,Sandenburgbaan,3,,
3077XT,Sandenburgbaan,4,,
3077XT,Sandenburgbaan,5,,
3077XT,Sandenburgbaan,6,,
3077XT,Sandenburgbaan,7,,
3077XT,Sandenburgbaan,8,,
3077XT,Sandenburgbaan,9,,
3077XT,Sandenburgbaan,10,,
3077XT,Sandenburgbaan,11,,
3077XT,Sandenburgbaan,12,,
3077XT,Sandenburgbaan,13,,
3077XT,Sandenburgbaan,15,,
3077XT,Sandenburgbaan,17,,
3077XT,Sandenburgbaan,19,,
3077XT,Sandenburgbaan,21,,
3077RP,Schaesbergstraat,19,,
3077RP,Schaesbergstraat,21,,
3077RP,Schaesbergstraat,23,,
3077RP,Schaesbergstraat,25,,
3077RP,Schaesbergstraat,27,,
3077RP,Schaesbergstraat,29,,
3077RP,Schaesbergstraat,31,,
3077RP,Schaesbergstraat,32,,
3077RP,Schaesbergstraat,33,,
3077RP,Schaesbergstraat,34,,
3077RP,Schaesbergstraat,35,,
3077RP,Schaesbergstraat,36,,
3077RP,Schaesbergstraat,37,,
3077RP,Schaesbergstraat,38,,
3077RP,Schaesbergstraat,39,,
3077RP,Schaesbergstraat,40,,
3077RP,Schaesbergstraat,41,,
3077RP,Schaesbergstraat,42,,
3077RP,Schaesbergstraat,43,,
3077RP,Schaesbergstraat,44,,
3077RP,Schaesbergstraat,45,,
3077RP,Schaesbergstraat,46,,
3077RP,Schaesbergstraat,47,,
3077RP,Schaesbergstraat,48,,
3077RP,Schaesbergstraat,49,,
3077RP,Schaesbergstraat,50,,
3077RP,Schaesbergstraat,51,,
3077RP,Schaesbergstraat,52,,
3077RP,Schaesbergstraat,53,,
3077RP,Schaesbergstraat,54,,
3077RP,Schaesbergstraat,55,,
3077RP,Schaesbergstraat,56,,
3077RP,Schaesbergstraat,57,,
3077RP,Schaesbergstraat,58,,
3077RP,Schaesbergstraat,59,,
3077RP,Schaesbergstraat,60,,
3077RP,Schaesbergstraat,61,,
3077RP,Schaesbergstraat,62,,
3077RP,Schaesbergstraat,63,,
3077RP,Schaesbergstraat,64,,
3077RP,Schaesbergstraat,66,,
3077RP,Schaesbergstraat,68,,
3077RP,Schaesbergstraat,70,,
3077RP,Schaesbergstraat,72,,
3077RP,Schaesbergstraat,74,,
3077RP,Schaesbergstraat,76,,
3077RP,Schaesbergstraat,78,,
3077RP,Schaesbergstraat,80,,
3077RP,Schaesbergstraat,82,,
3077RP,Schaesbergstraat,84,,
3077RP,Schaesbergstraat,86,,
3077RP,Schaesbergstraat,88,,
3077SV,Rossumpad,2,,
3077SV,Rossumpad,4,,
3077SV,Rossumpad,6,,
3077SV,Rossumpad,8,,
3077SV,Rossumpad,10,,
3077SV,Rossumpad,12,,
3077SV,Rossumpad,14,,
3077SV,Rossumpad,16,,
3077JJ,Schinnenbaan,2,,
3077JJ,Schinnenbaan,4,,
3077JJ,Schinnenbaan,6,,
3077JJ,Schinnenbaan,8,,
3077JJ,Schinnenbaan,10,,
3077JJ,Schinnenbaan,12,,
3077JJ,Schinnenbaan,14,,
3077JJ,Schinnenbaan,16,,
3077JJ,Schinnenbaan,18,,
3077JJ,Schinnenbaan,20,,
3077JJ,Schinnenbaan,22,,
3077JJ,Schinnenbaan,24,,
3077JJ,Schinnenbaan,26,,
3077JJ,Schinnenbaan,28,,
3077JJ,Schinnenbaan,30,,
3077JJ,Schinnenbaan,32,,
3077JJ,Schinnenbaan,34,,
3077JJ,Schinnenbaan,36,,
3077JJ,Schinnenbaan,38,,
3077JJ,Schinnenbaan,40,,
3077JJ,Schinnenbaan,42,,
3077JJ,Schinnenbaan,44,,
3077JJ,Schinnenbaan,46,,
3077JJ,Schinnenbaan,48,,
3077JJ,Schinnenbaan,50,,
3077JJ,Schinnenbaan,52,,
3077JJ,Schinnenbaan,54,,
3077JJ,Schinnenbaan,56,,
3077JJ,Schinnenbaan,58,,
3077JJ,Schinnenbaan,60,,
3077JJ,Schinnenbaan,62,,
3077JJ,Schinnenbaan,64,,
3077JJ,Schinnenbaan,66,,
3077JJ,Schinnenbaan,68,,
3077JJ,Schinnenbaan,72,,
3077JJ,Schinnenbaan,74,,
3077JJ,Schinnenbaan,76,,
3077JJ,Schinnenbaan,78,,
3077JJ,Schinnenbaan,80,,
3077JJ,Schinnenbaan,82,,
3077JJ,Schinnenbaan,84,,
3077JJ,Schinnenbaan,86,,
3077JJ,Schinnenbaan,88,,
3077JJ,Schinnenbaan,90,,
3077JJ,Schinnenbaan,92,,
3077JJ,Schinnenbaan,94,,
3077JJ,Schinnenbaan,96,,
3077JJ,Schinnenbaan,98,,
3077JJ,Schinnenbaan,100,,
3077JJ,Schinnenbaan,102,,
3077JJ,Schinnenbaan,104,,
3077JJ,Schinnenbaan,106,,
3077JJ,Schinnenbaan,108,,
3077JJ,Schinnenbaan,110,,
3077JJ,Schinnenbaan,112,,
3077JJ,Schinnenbaan,132,,
3077JJ,Schinnenbaan,134,,
3077JJ,Schinnenbaan,136,,
3077JJ,Schinnenbaan,138,,
3077JJ,Schinnenbaan,140,,
3077JJ,Schinnenbaan,142,,
3077JJ,Schinnenbaan,144,,
3077JJ,Schinnenbaan,146,,
3077JJ,Schinnenbaan,148,,
3077JJ,Schinnenbaan,150,,
3077JJ,Schinnenbaan,152,,
3077JJ,Schinnenbaan,154,,
3077JJ,Schinnenbaan,156,,
3077JJ,Schinnenbaan,158,,
3077JJ,Schinnenbaan,160,,
3077JJ,Schinnenbaan,162,,
3077JJ,Schinnenbaan,164,,
3077JJ,Schinnenbaan,168,,
3077JJ,Schinnenbaan,170,,
3077JJ,Schinnenbaan,174,,
3077JJ,Schinnenbaan,176,,
3077JJ,Schinnenbaan,178,,
3077JJ,Schinnenbaan,180,,
3077JJ,Schinnenbaan,182,,
3077JJ,Schinnenbaan,184,,
3077JJ,Schinnenbaan,186,,
3077JJ,Schinnenbaan,188,,
3077JJ,Schinnenbaan,190,,
3077JJ,Schinnenbaan,192,,
3077JJ,Schinnenbaan,194,,
3077JJ,Schinnenbaan,196,,
3077JJ,Schinnenbaan,198,,
3077JJ,Schinnenbaan,200,,
3077JJ,Schinnenbaan,202,,
3077JJ,Schinnenbaan,204,,
3077JJ,Schinnenbaan,206,,
3077JJ,Schinnenbaan,208,,
3077JJ,Schinnenbaan,210,,
3077JJ,Schinnenbaan,212,,
3077JJ,Schinnenbaan,216,,
3077JJ,Schinnenbaan,218,,
3077JJ,Schinnenbaan,220,,
3077JJ,Schinnenbaan,222,,
3077JJ,Schinnenbaan,224,,
3077JJ,Schinnenbaan,226,,
3077JJ,Schinnenbaan,228,,
3077JJ,Schinnenbaan,230,,
3077JJ,Schinnenbaan,232,,
3077JJ,Schinnenbaan,234,,
3077JJ,Schinnenbaan,236,,
3077JJ,Schinnenbaan,238,,
3077JJ,Schinnenbaan,240,,
3077JJ,Schinnenbaan,242,,
3077JJ,Schinnenbaan,244,,
3077JJ,Schinnenbaan,246,,
3077JJ,Schinnenbaan,248,,
3077JJ,Schinnenbaan,250,,
3077JJ,Schinnenbaan,252,,
3077JJ,Schinnenbaan,254,,
3077JJ,Schinnenbaan,256,,
3077JJ,Schinnenbaan,258,,
3077JJ,Schinnenbaan,260,,
3077JJ,Schinnenbaan,262,,
3077JJ,Schinnenbaan,264,,
3077JJ,Schinnenbaan,266,,
3077JJ,Schinnenbaan,268,,
3077JJ,Schinnenbaan,270,,
3077JJ,Schinnenbaan,272,,
3077JJ,Schinnenbaan,274,,
3077JJ,Schinnenbaan,276,,
3077JJ,Schinnenbaan,278,,
3077JJ,Schinnenbaan,280,,
3077JJ,Schinnenbaan,282,,
3077JJ,Schinnenbaan,284,,
3077JJ,Schinnenbaan,286,,
3077JJ,Schinnenbaan,288,,
3077JJ,Schinnenbaan,290,,
3077JJ,Schinnenbaan,292,,
3077JJ,Schinnenbaan,294,,
3077JJ,Schinnenbaan,296,,
3077JJ,Schinnenbaan,298,,
3077JJ,Schinnenbaan,300,,
3077JJ,Schinnenbaan,302,,
3077JJ,Schinnenbaan,304,,
3077JJ,Schinnenbaan,306,,
3077JJ,Schinnenbaan,308,,
3077JJ,Schinnenbaan,310,,
3077JJ,Schinnenbaan,312,,
3077JJ,Schinnenbaan,314,,
3077JJ,Schinnenbaan,316,,
3077JJ,Schinnenbaan,318,,
3077JJ,Schinnenbaan,320,,
3077JJ,Schinnenbaan,322,,
3077JJ,Schinnenbaan,324,,
3077JJ,Schinnenbaan,326,,
3077JJ,Schinnenbaan,328,,
3077JJ,Schinnenbaan,330,,
3077JJ,Schinnenbaan,332,,
3077JJ,Schinnenbaan,334,,
3077JJ,Schinnenbaan,336,,
3077JJ,Schinnenbaan,340,,
3077JJ,Schinnenbaan,342,,
3077JJ,Schinnenbaan,344,,
3077JJ,Schinnenbaan,346,,
3077JJ,Schinnenbaan,348,,
3077JJ,Schinnenbaan,350,,
3077JJ,Schinnenbaan,352,,
3077JJ,Schinnenbaan,354,,
3077JJ,Schinnenbaan,356,,
3077JJ,Schinnenbaan,358,,
3077JJ,Schinnenbaan,360,,
3077JJ,Schinnenbaan,362,,
3077JJ,Schinnenbaan,364,,
3077JJ,Schinnenbaan,366,,
3077JJ,Schinnenbaan,368,,
3077JJ,Schinnenbaan,370,,
3077JJ,Schinnenbaan,372,,
3077JJ,Schinnenbaan,374,,
3077JJ,Schinnenbaan,376,,
3077JJ,Schinnenbaan,378,,
3077JJ,Schinnenbaan,380,,
3077JJ,Schinnenbaan,382,,
3077JJ,Schinnenbaan,384,,
3077JJ,Schinnenbaan,386,,
3077JJ,Schinnenbaan,388,,
3077JJ,Schinnenbaan,390,,
3077JJ,Schinnenbaan,392,,
3077JJ,Schinnenbaan,394,,
3077JJ,Schinnenbaan,396,,
3077JJ,Schinnenbaan,398,,
3077JJ,Schinnenbaan,400,,
3077JJ,Schinnenbaan,402,,
3077JJ,Schinnenbaan,404,,
3077JJ,Schinnenbaan,406,,
3077JJ,Schinnenbaan,408,,
3077JJ,Schinnenbaan,410,,
3077JJ,Schinnenbaan,412,,
3077JJ,Schinnenbaan,414,,
3077JJ,Schinnenbaan,416,,
3077JJ,Schinnenbaan,418,,
3077JJ,Schinnenbaan,420,,
3077JJ,Schinnenbaan,422,,
3077JJ,Schinnenbaan,424,,
3077JJ,Schinnenbaan,426,,
3077JJ,Schinnenbaan,428,,
3077JJ,Schinnenbaan,430,,
3077JJ,Schinnenbaan,432,,
3077JJ,Schinnenbaan,434,,
3077JJ,Schinnenbaan,436,,
3077JJ,Schinnenbaan,438,,
3077JJ,Schinnenbaan,440,,
3077JJ,Schinnenbaan,442,,
3077JJ,Schinnenbaan,444,,
3077JJ,Schinnenbaan,446,,
3077JJ,Schinnenbaan,448,,
3077JJ,Schinnenbaan,450,,
3077JJ,Schinnenbaan,452,,
3077JJ,Schinnenbaan,454,,
3077JJ,Schinnenbaan,456,,
3077JJ,Schinnenbaan,458,,
3077JJ,Schinnenbaan,460,,
3077JJ,Schinnenbaan,464,,
3077JJ,Schinnenbaan,466,,
3077JJ,Schinnenbaan,468,,
3077JJ,Schinnenbaan,470,,
3077JJ,Schinnenbaan,472,,
3077JJ,Schinnenbaan,474,,
3077JJ,Schinnenbaan,476,,
3077JJ,Schinnenbaan,478,,
3077JJ,Schinnenbaan,480,,
3077JJ,Schinnenbaan,482,,
3077JJ,Schinnenbaan,484,,
3077JJ,Schinnenbaan,486,,
3077JJ,Schinnenbaan,488,,
3077JJ,Schinnenbaan,490,,
3077JJ,Schinnenbaan,492,,
3077JJ,Schinnenbaan,494,,
3077JJ,Schinnenbaan,496,,
3077JJ,Schinnenbaan,498,,
3077JJ,Schinnenbaan,500,,
3077JJ,Schinnenbaan,514,,
3077JJ,Schinnenbaan,516,,
3077JJ,Schinnenbaan,518,,
3077JJ,Schinnenbaan,520,,
3077JJ,Schinnenbaan,522,,
3077JJ,Schinnenbaan,524,,
3077JJ,Schinnenbaan,526,,
3077JJ,Schinnenbaan,528,,
3077JJ,Schinnenbaan,530,,
3077JJ,Schinnenbaan,532,,
3077JJ,Schinnenbaan,534,,
3077JJ,Schinnenbaan,536,,
3077JJ,Schinnenbaan,538,,
3077JJ,Schinnenbaan,540,,
3077JJ,Schinnenbaan,542,,
3077JJ,Schinnenbaan,544,,
3077JJ,Schinnenbaan,552,,
3077JJ,Schinnenbaan,554,,
3077JJ,Schinnenbaan,556,,
3077JJ,Schinnenbaan,558,,
3077JJ,Schinnenbaan,560,,
3077JJ,Schinnenbaan,562,,
3077JJ,Schinnenbaan,564,,
3077JJ,Schinnenbaan,566,,
3077JJ,Schinnenbaan,568,,
3077JJ,Schinnenbaan,570,,
3077JJ,Schinnenbaan,572,,
3077JJ,Schinnenbaan,574,,
3077JJ,Schinnenbaan,576,,
3077JJ,Schinnenbaan,578,,
3077SJ,Schinnenbaan,1,,
3077SJ,Schinnenbaan,3,,
3077SJ,Schinnenbaan,5,,
3077SJ,Schinnenbaan,7,,
3077SJ,Schinnenbaan,9,,
3077SJ,Schinnenbaan,11,,
3077SJ,Schinnenbaan,13,,
3077SJ,Schinnenbaan,15,,
3077SJ,Schinnenbaan,17,,
3077SJ,Schinnenbaan,19,,
3077SJ,Schinnenbaan,21,,
3077SJ,Schinnenbaan,23,,
3077SJ,Schinnenbaan,25,,
3077SJ,Schinnenbaan,27,,
3077SJ,Schinnenbaan,29,,
3077SJ,Schinnenbaan,31,,
3077SJ,Schinnenbaan,33,,
3077SJ,Schinnenbaan,35,,
3077SJ,Schinnenbaan,37,,
3077SJ,Schinnenbaan,39,,
3077SJ,Schinnenbaan,41,,
3077SJ,Schinnenbaan,43,,
3077SJ,Schinnenbaan,45,,
3077SJ,Schinnenbaan,47,,
3077SJ,Schinnenbaan,49,,
3077SJ,Schinnenbaan,51,,
3077SJ,Schinnenbaan,53,,
3077SJ,Schinnenbaan,59,,
3077SJ,Schinnenbaan,61,,
3077SJ,Schinnenbaan,63,,
3077SJ,Schinnenbaan,65,,
3077SJ,Schinnenbaan,67,,
3077SJ,Schinnenbaan,69,,
3077SJ,Schinnenbaan,71,,
3077SJ,Schinnenbaan,73,,
3077SJ,Schinnenbaan,75,,
3077SJ,Schinnenbaan,77,,
3077SJ,Schinnenbaan,79,,
3077SJ,Schinnenbaan,81,,
3077SJ,Schinnenbaan,83,,
3077SJ,Schinnenbaan,85,,
3077SJ,Schinnenbaan,87,,
3077SJ,Schinnenbaan,89,,
3077SJ,Schinnenbaan,91,,
3077SJ,Schinnenbaan,93,,
3077SJ,Schinnenbaan,95,,
3077SJ,Schinnenbaan,97,,
3077SJ,Schinnenbaan,99,,
3077SJ,Schinnenbaan,101,,
3077SJ,Schinnenbaan,103,,
3077SJ,Schinnenbaan,105,,
3077SJ,Schinnenbaan,107,,
3077SJ,Schinnenbaan,109,,
3077SJ,Schinnenbaan,111,,
3077SJ,Schinnenbaan,115,,
3077SJ,Schinnenbaan,117,,
3077SJ,Schinnenbaan,119,,
3077SJ,Schinnenbaan,121,,
3077SJ,Schinnenbaan,123,,
3077SJ,Schinnenbaan,125,,
3077SJ,Schinnenbaan,127,,
3077SJ,Schinnenbaan,129,,
3077SJ,Schinnenbaan,131,,
3077SJ,Schinnenbaan,133,,
3077SJ,Schinnenbaan,135,,
3077SJ,Schinnenbaan,137,,
3077SJ,Schinnenbaan,139,,
3077SJ,Schinnenbaan,141,,
3077SJ,Schinnenbaan,143,,
3077SJ,Schinnenbaan,145,,
3077SJ,Schinnenbaan,147,,
3077SJ,Schinnenbaan,149,,
3077SJ,Schinnenbaan,151,,
3077SJ,Schinnenbaan,153,,
3077SJ,Schinnenbaan,155,,
3077SJ,Schinnenbaan,157,,
3077SJ,Schinnenbaan,159,,
3077SJ,Schinnenbaan,161,,
3077SJ,Schinnenbaan,163,,
3077SJ,Schinnenbaan,165,,
3077SJ,Schinnenbaan,167,,
3077SJ,Schinnenbaan,169,,
3077SJ,Schinnenbaan,171,,
3077SJ,Schinnenbaan,173,,
3077SJ,Schinnenbaan,175,,
3077SJ,Schinnenbaan,177,,
3077SJ,Schinnenbaan,179,,
3077SK,Schinnenbaan,181,,
3077SK,Schinnenbaan,183,,
3077SK,Schinnenbaan,185,,
3077SK,Schinnenbaan,187,,
3077SK,Schinnenbaan,189,,
3077SK,Schinnenbaan,191,,
3077SK,Schinnenbaan,193,,
3077SK,Schinnenbaan,195,,
3077SK,Schinnenbaan,197,,
3077SK,Schinnenbaan,199,,
3077SK,Schinnenbaan,201,,
3077SK,Schinnenbaan,203,,
3077SK,Schinnenbaan,205,,
3077SK,Schinnenbaan,207,,
3077SK,Schinnenbaan,209,,
3077SK,Schinnenbaan,211,,
3077SK,Schinnenbaan,213,,
3077SK,Schinnenbaan,215,,
3077SK,Schinnenbaan,217,,
3077SK,Schinnenbaan,219,,
3077SK,Schinnenbaan,221,,
3077SK,Schinnenbaan,223,,
3077SK,Schinnenbaan,225,,
3077SK,Schinnenbaan,227,,
3077SK,Schinnenbaan,229,,
3077SK,Schinnenbaan,231,,
3077SK,Schinnenbaan,233,,
3077SK,Schinnenbaan,235,,
3077SK,Schinnenbaan,237,,
3077SK,Schinnenbaan,239,,
3077SK,Schinnenbaan,241,,
3077SK,Schinnenbaan,243,,
3077SK,Schinnenbaan,245,,
3077SK,Schinnenbaan,247,,
3077SK,Schinnenbaan,249,,
3077SK,Schinnenbaan,251,,
3077SL,Schinnenbaan,301,,
3077SL,Schinnenbaan,303,,
3077SL,Schinnenbaan,305,,
3077SL,Schinnenbaan,307,,
3077SL,Schinnenbaan,309,,
3077SL,Schinnenbaan,311,,
3077SL,Schinnenbaan,315,,
3077SL,Schinnenbaan,317,,
3077SL,Schinnenbaan,319,,
3077SL,Schinnenbaan,321,,
3077SL,Schinnenbaan,323,,
3077SL,Schinnenbaan,325,,
3077SL,Schinnenbaan,327,,
3077JK,Slangenburgplein,1,,
3077JK,Slangenburgplein,3,,
3077JK,Slangenburgplein,5,,
3077JK,Slangenburgplein,7,,
3077JK,Slangenburgplein,9,,
3077JK,Slangenburgplein,11,,
3077JK,Slangenburgplein,13,,
3077JK,Slangenburgplein,15,,
3077JK,Slangenburgplein,17,,
3077JK,Slangenburgplein,19,,
3077JK,Slangenburgplein,21,,
3077JK,Slangenburgplein,23,,
3077JK,Slangenburgplein,25,,
3077JK,Slangenburgplein,31,,
3077JK,Slangenburgplein,33,,
3077JK,Slangenburgplein,35,,
3077JK,Slangenburgplein,37,,
3077JK,Slangenburgplein,39,,
3077JK,Slangenburgplein,41,,
3077JK,Slangenburgplein,43,,
3077JK,Slangenburgplein,45,,
3077JK,Slangenburgplein,47,,
3077JK,Slangenburgplein,49,,
3077JK,Slangenburgplein,51,,
3077JK,Slangenburgplein,53,,
3077JK,Slangenburgplein,55,,
3077JK,Slangenburgplein,57,,
3077JK,Slangenburgplein,59,,
3077JK,Slangenburgplein,61,,
3077JK,Slangenburgplein,63,,
3077JK,Slangenburgplein,65,,
3077JK,Slangenburgplein,67,,
3077JK,Slangenburgplein,69,,
3077JK,Slangenburgplein,71,,
3077JL,Slangenburgweg,1,,
3077JL,Slangenburgweg,2,,
3077JL,Slangenburgweg,3,,
3077JL,Slangenburgweg,4,,
3077JL,Slangenburgweg,5,,
3077JL,Slangenburgweg,6,,
3077JL,Slangenburgweg,7,,
3077JL,Slangenburgweg,8,,
3077JL,Slangenburgweg,9,,
3077JL,Slangenburgweg,10,,
3077JL,Slangenburgweg,11,,
3077JL,Slangenburgweg,12,,
3077JL,Slangenburgweg,13,,
3077JL,Slangenburgweg,14,,
3077JL,Slangenburgweg,15,,
3077JL,Slangenburgweg,16,,
3077JL,Slangenburgweg,17,,
3077JL,Slangenburgweg,18,,
3077JL,Slangenburgweg,19,,
3077JL,Slangenburgweg,20,,
3077JL,Slangenburgweg,21,,
3077JL,Slangenburgweg,22,,
3077JL,Slangenburgweg,23,,
3077JL,Slangenburgweg,24,,
3077JL,Slangenburgweg,25,,
3077JL,Slangenburgweg,26,,
3077JL,Slangenburgweg,27,,
3077JL,Slangenburgweg,28,,
3077JL,Slangenburgweg,29,,
3077JL,Slangenburgweg,30,,
3077JL,Slangenburgweg,31,,
3077JL,Slangenburgweg,32,,
3077JL,Slangenburgweg,33,,
3077JL,Slangenburgweg,34,,
3077JL,Slangenburgweg,35,,
3077JL,Slangenburgweg,36,,
3077JL,Slangenburgweg,37,,
3077JL,Slangenburgweg,38,,
3077JL,Slangenburgweg,39,,
3077JL,Slangenburgweg,40,,
3077JL,Slangenburgweg,41,,
3077JL,Slangenburgweg,42,,
3077JL,Slangenburgweg,43,,
3077JL,Slangenburgweg,44,,
3077JL,Slangenburgweg,45,,
3077JL,Slangenburgweg,46,,
3077JL,Slangenburgweg,47,,
3077JL,Slangenburgweg,48,,
3077JL,Slangenburgweg,49,,
3077JL,Slangenburgweg,50,,
3077JL,Slangenburgweg,51,,
3077JL,Slangenburgweg,52,,
3077JL,Slangenburgweg,53,,
3077JL,Slangenburgweg,54,,
3077JL,Slangenburgweg,55,,
3077JL,Slangenburgweg,56,,
3077JL,Slangenburgweg,57,,
3077JL,Slangenburgweg,58,,
3077JL,Slangenburgweg,59,,
3077JL,Slangenburgweg,60,,
3077JL,Slangenburgweg,61,,
3077JL,Slangenburgweg,62,,
3077JL,Slangenburgweg,63,,
3077JL,Slangenburgweg,64,,
3077JL,Slangenburgweg,65,,
3077JL,Slangenburgweg,66,,
3077JL,Slangenburgweg,67,,
3077JL,Slangenburgweg,68,,
3077JL,Slangenburgweg,69,,
3077JL,Slangenburgweg,70,,
3077JL,Slangenburgweg,71,,
3077JL,Slangenburgweg,72,,
3077JL,Slangenburgweg,73,,
3077JL,Slangenburgweg,74,,
3077JL,Slangenburgweg,75,,
3077JL,Slangenburgweg,76,,
3077JL,Slangenburgweg,78,,
3077RK,Singravenplein,2,,
3077RK,Singravenplein,4,,
3077RK,Singravenplein,6,,
3077RK,Singravenplein,8,,
3077RK,Singravenplein,10,,
3077RK,Singravenplein,12,,
3077CM,Sevenaerstraat,1,,
3077CM,Sevenaerstraat,3,,
3077CM,Sevenaerstraat,5,,
3077CM,Sevenaerstraat,7,,
3077CM,Sevenaerstraat,9,,
3077CM,Sevenaerstraat,11,,
3077CM,Sevenaerstraat,13,,
3077CM,Sevenaerstraat,15,,
3077CM,Sevenaerstraat,17,,
3077CM,Sevenaerstraat,19,,
3077CM,Sevenaerstraat,21,,
3077CM,Sevenaerstraat,23,,
3077CM,Sevenaerstraat,25,,
3077CM,Sevenaerstraat,27,,
3077CM,Sevenaerstraat,29,,
3077CM,Sevenaerstraat,31,,
3077CM,Sevenaerstraat,33,,
3077CM,Sevenaerstraat,35,,
3077CM,Sevenaerstraat,37,,
3077CM,Sevenaerstraat,39,,
3077CM,Sevenaerstraat,41,,
3077CM,Sevenaerstraat,43,,
3077CM,Sevenaerstraat,45,,
3077CM,Sevenaerstraat,47,,
3077CM,Sevenaerstraat,49,,
3077CM,Sevenaerstraat,51,,
3077CM,Sevenaerstraat,53,,
3077CM,Sevenaerstraat,55,,
3077CM,Sevenaerstraat,57,,
3077CM,Sevenaerstraat,59,,
3077CM,Sevenaerstraat,61,,
3077CM,Sevenaerstraat,63,,
3077CM,Sevenaerstraat,65,,
3077CM,Sevenaerstraat,67,,
3077CM,Sevenaerstraat,69,,
3077CM,Sevenaerstraat,71,,
3077CM,Sevenaerstraat,73,,
3077CM,Sevenaerstraat,75,,
3077CM,Sevenaerstraat,77,,
3077CM,Sevenaerstraat,79,,
3077JP,Slangenburgerf,3,,
3077JP,Slangenburgerf,4,,
3077JP,Slangenburgerf,5,,
3077JP,Slangenburgerf,6,,
3077JP,Slangenburgerf,7,,
3077JP,Slangenburgerf,8,,
3077JP,Slangenburgerf,9,,
3077JP,Slangenburgerf,10,,
3077JP,Slangenburgerf,11,,
3077JP,Slangenburgerf,12,,
3077JP,Slangenburgerf,13,,
3077JP,Slangenburgerf,14,,
3077JP,Slangenburgerf,15,,
3077JP,Slangenburgerf,16,,
3077JP,Slangenburgerf,17,,
3077JP,Slangenburgerf,18,,
3077JP,Slangenburgerf,19,,
3077JP,Slangenburgerf,20,,
3077JP,Slangenburgerf,22,,
3077JP,Slangenburgerf,24,,
3077JP,Slangenburgerf,26,,
3077JP,Slangenburgerf,28,,
3077JP,Slangenburgerf,30,,
3077JP,Slangenburgerf,32,,
3077JP,Slangenburgerf,34,,
3077JP,Slangenburgerf,36,,
3077JP,Slangenburgerf,38,,
3077JP,Slangenburgerf,40,,
3077JP,Slangenburgerf,42,,
3077JP,Slangenburgerf,44,,
3077JP,Slangenburgerf,46,,
3077JP,Slangenburgerf,48,,
3077JP,Slangenburgerf,50,,
3077JP,Slangenburgerf,52,,
3077JP,Slangenburgerf,54,,
3077RZ,Stapelenerf,2,,
3077RZ,Stapelenerf,4,,
3077RZ,Stapelenerf,6,,
3077RZ,Stapelenerf,8,,
3077RZ,Stapelenerf,10,,
3077RZ,Stapelenerf,11,,
3077RZ,Stapelenerf,12,,
3077RZ,Stapelenerf,13,,
3077RZ,Stapelenerf,15,,
3077RZ,Stapelenerf,17,,
3077DC,Sterkenburgsingel,2,,
3077DC,Sterkenburgsingel,4,,
3077DC,Sterkenburgsingel,6,,
3077DC,Sterkenburgsingel,8,,
3077DC,Sterkenburgsingel,10,,
3077DC,Sterkenburgsingel,12,,
3077DC,Sterkenburgsingel,14,,
3077DC,Sterkenburgsingel,16,,
3077DC,Sterkenburgsingel,18,,
3077DC,Sterkenburgsingel,20,,
3077DC,Sterkenburgsingel,22,,
3077DC,Sterkenburgsingel,24,,
3077DC,Sterkenburgsingel,26,,
3077DC,Sterkenburgsingel,28,,
3077DC,Sterkenburgsingel,32,,
3077DC,Sterkenburgsingel,34,,
3077DC,Sterkenburgsingel,36,,
3077DC,Sterkenburgsingel,38,,
3077DC,Sterkenburgsingel,40,,
3077DC,Sterkenburgsingel,42,,
3077DC,Sterkenburgsingel,44,,
3077DC,Sterkenburgsingel,46,,
3077DC,Sterkenburgsingel,48,,
3077DC,Sterkenburgsingel,50,,
3077DC,Sterkenburgsingel,52,,
3077DC,Sterkenburgsingel,54,,
3077DC,Sterkenburgsingel,56,,
3077PT,Strijdhoefdam,1,,
3077PT,Strijdhoefdam,3,,
3077PT,Strijdhoefdam,5,,
3077PT,Strijdhoefdam,7,,
3077PT,Strijdhoefdam,9,,
3077PT,Strijdhoefdam,11,,
3077PP,Toutenburgplantsoen,1,,
3077PP,Toutenburgplantsoen,2,,
3077PP,Toutenburgplantsoen,3,,
3077PP,Toutenburgplantsoen,4,,
3077PP,Toutenburgplantsoen,5,,
3077PP,Toutenburgplantsoen,6,,
3077PP,Toutenburgplantsoen,7,,
3077PP,Toutenburgplantsoen,8,,
3077PP,Toutenburgplantsoen,9,,
3077PP,Toutenburgplantsoen,10,,
3077PP,Toutenburgplantsoen,11,,
3077PP,Toutenburgplantsoen,12,,
3077PP,Toutenburgplantsoen,13,,
3077PP,Toutenburgplantsoen,14,,
3077PP,Toutenburgplantsoen,15,,
3077PP,Toutenburgplantsoen,16,,
3077PP,Toutenburgplantsoen,17,,
3077PP,Toutenburgplantsoen,18,,
3077PP,Toutenburgplantsoen,19,,
3077PP,Toutenburgplantsoen,20,,
3077PP,Toutenburgplantsoen,21,,
3077PP,Toutenburgplantsoen,22,,
3077PP,Toutenburgplantsoen,23,,
3077PP,Toutenburgplantsoen,24,,
3077PP,Toutenburgplantsoen,25,,
3077PP,Toutenburgplantsoen,27,,
3077PP,Toutenburgplantsoen,29,,
3077PP,Toutenburgplantsoen,31,,
3077PN,Ter Wormstraat,3,,
3077PN,Ter Wormstraat,4,,
3077PN,Ter Wormstraat,5,,
3077PN,Ter Wormstraat,6,,
3077PN,Ter Wormstraat,7,,
3077PN,Ter Wormstraat,8,,
3077PN,Ter Wormstraat,9,,
3077PN,Ter Wormstraat,10,,
3077PN,Ter Wormstraat,11,,
3077PN,Ter Wormstraat,12,,
3077PN,Ter Wormstraat,13,,
3077PN,Ter Wormstraat,14,,
3077PN,Ter Wormstraat,15,,
3077PN,Ter Wormstraat,16,,
3077PN,Ter Wormstraat,17,,
3077PN,Ter Wormstraat,18,,
3077PN,Ter Wormstraat,20,,
3077PN,Ter Wormstraat,22,,
3077PN,Ter Wormstraat,24,,
3077PN,Ter Wormstraat,25,,
3077PN,Ter Wormstraat,26,,
3077PN,Ter Wormstraat,27,,
3077PN,Ter Wormstraat,28,,
3077PN,Ter Wormstraat,29,,
3077PN,Ter Wormstraat,30,,
3077PN,Ter Wormstraat,31,,
3077PN,Ter Wormstraat,32,,
3077PN,Ter Wormstraat,33,,
3077PN,Ter Wormstraat,34,,
3077PN,Ter Wormstraat,35,,
3077PN,Ter Wormstraat,36,,
3077PN,Ter Wormstraat,37,,
3077PN,Ter Wormstraat,38,,
3077PN,Ter Wormstraat,40,,
3077PN,Ter Wormstraat,42,,
3077PN,Ter Wormstraat,44,,
3077PN,Ter Wormstraat,46,,
3077PN,Ter Wormstraat,48,,
3077PN,Ter Wormstraat,50,,
3077PN,Ter Wormstraat,52,,
3077PN,Ter Wormstraat,54,,
3077PN,Ter Wormstraat,56,,
3077PN,Ter Wormstraat,58,,
3077PN,Ter Wormstraat,60,,
3077PN,Ter Wormstraat,62,,
3077PN,Ter Wormstraat,64,,
3077PN,Ter Wormstraat,66,,
3077TB,Tongelaarweg,1,,
3077TB,Tongelaarweg,3,,
3077TB,Tongelaarweg,5,,
3077TB,Tongelaarweg,7,,
3077TB,Tongelaarweg,9,,
3077TB,Tongelaarweg,11,,
3077TB,Tongelaarweg,13,,
3077TB,Tongelaarweg,15,,
3077TB,Tongelaarweg,17,,
3077TB,Tongelaarweg,19,,
3077TB,Tongelaarweg,21,,
3077TB,Tongelaarweg,23,,
3077TB,Tongelaarweg,25,,
3077TB,Tongelaarweg,27,,
3077TB,Tongelaarweg,29,,
3077TB,Tongelaarweg,31,,
3077TB,Tongelaarweg,35,,
3077TB,Tongelaarweg,37,,
3077TB,Tongelaarweg,39,,
3077TB,Tongelaarweg,41,,
3077TB,Tongelaarweg,43,,
3077TB,Tongelaarweg,45,,
3077TB,Tongelaarweg,47,,
3077TB,Tongelaarweg,49,,
3077TB,Tongelaarweg,51,,
3077TB,Tongelaarweg,53,,
3077TB,Tongelaarweg,55,,
3077TB,Tongelaarweg,59,,
3077TB,Tongelaarweg,61,,
3077TB,Tongelaarweg,63,,
3077TB,Tongelaarweg,65,,
3077TB,Tongelaarweg,67,,
3077TB,Tongelaarweg,69,,
3077TB,Tongelaarweg,71,,
3077TB,Tongelaarweg,73,,
3077TB,Tongelaarweg,75,,
3077TB,Tongelaarweg,77,,
3077TB,Tongelaarweg,79,,
3077TC,Tongelaarweg,83,,
3077TC,Tongelaarweg,85,,
3077TC,Tongelaarweg,87,,
3077TC,Tongelaarweg,89,,
3077TC,Tongelaarweg,91,,
3077TC,Tongelaarweg,93,,
3077TC,Tongelaarweg,95,,
3077TC,Tongelaarweg,97,,
3077TC,Tongelaarweg,99,,
3077TC,Tongelaarweg,101,,
3077TC,Tongelaarweg,103,,
3077TC,Tongelaarweg,105,,
3077TC,Tongelaarweg,107,,
3077TC,Tongelaarweg,109,,
3077TC,Tongelaarweg,113,,
3077TC,Tongelaarweg,115,,
3077TC,Tongelaarweg,117,,
3077TC,Tongelaarweg,119,,
3077TC,Tongelaarweg,121,,
3077TC,Tongelaarweg,123,,
3077TC,Tongelaarweg,125,,
3077TC,Tongelaarweg,127,,
3077TC,Tongelaarweg,129,,
3077TC,Tongelaarweg,131,,
3077TC,Tongelaarweg,133,,
3077TC,Tongelaarweg,141,,
3077TC,Tongelaarweg,143,,
3077TC,Tongelaarweg,145,,
3077TC,Tongelaarweg,147,,
3077TC,Tongelaarweg,149,,
3077TC,Tongelaarweg,151,,
3077TC,Tongelaarweg,153,,
3077TC,Tongelaarweg,155,,
3077TC,Tongelaarweg,157,,
3077TC,Tongelaarweg,159,,
3077TD,Tongelaarweg,2,,
3077TD,Tongelaarweg,4,,
3077TD,Tongelaarweg,6,,
3077TD,Tongelaarweg,8,,
3077TD,Tongelaarweg,10,,
3077TD,Tongelaarweg,16,,
3077TD,Tongelaarweg,18,,
3077TD,Tongelaarweg,20,,
3077TD,Tongelaarweg,22,,
3077TD,Tongelaarweg,24,,
3077TD,Tongelaarweg,26,,
3077TD,Tongelaarweg,28,,
3077TD,Tongelaarweg,30,,
3077TD,Tongelaarweg,32,,
3077TD,Tongelaarweg,34,,
3077TD,Tongelaarweg,36,,
3077TD,Tongelaarweg,38,,
3077TE,Tongelaarweg,40,,
3077TE,Tongelaarweg,42,,
3077TE,Tongelaarweg,44,,
3077TE,Tongelaarweg,46,,
3077TE,Tongelaarweg,48,,
3077TE,Tongelaarweg,50,,
3077TE,Tongelaarweg,52,,
3077TE,Tongelaarweg,54,,
3077TE,Tongelaarweg,56,,
3077TE,Tongelaarweg,58,,
3077TE,Tongelaarweg,60,,
3077TE,Tongelaarweg,62,,
3077TE,Tongelaarweg,64,,
3077TE,Tongelaarweg,70,,
3077TE,Tongelaarweg,72,,
3077TE,Tongelaarweg,74,,
3077TE,Tongelaarweg,76,,
3077TE,Tongelaarweg,78,,
3077TE,Tongelaarweg,80,,
3077TE,Tongelaarweg,82,,
3077TE,Tongelaarweg,84,,
3077TE,Tongelaarweg,86,,
3077TE,Tongelaarweg,88,,
3077TE,Tongelaarweg,90,,
3077TE,Tongelaarweg,112,,
3077TE,Tongelaarweg,114,,
3077TE,Tongelaarweg,116,,
3077TE,Tongelaarweg,118,,
3077TE,Tongelaarweg,120,,
3077TE,Tongelaarweg,122,,
3077TE,Tongelaarweg,124,,
3077TE,Tongelaarweg,126,,
3077EX,Sijpesteinstraat,1,,
3077EX,Sijpesteinstraat,2,,
3077EX,Sijpesteinstraat,3,,
3077EX,Sijpesteinstraat,4,,
3077EX,Sijpesteinstraat,5,,
3077EX,Sijpesteinstraat,6,,
3077EX,Sijpesteinstraat,7,,
3077EX,Sijpesteinstraat,8,,
3077EX,Sijpesteinstraat,9,,
3077EX,Sijpesteinstraat,10,,
3077EX,Sijpesteinstraat,11,,
3077EX,Sijpesteinstraat,12,,
3077EX,Sijpesteinstraat,13,,
3077EX,Sijpesteinstraat,14,,
3077EX,Sijpesteinstraat,15,,
3077EX,Sijpesteinstraat,16,,
3077EX,Sijpesteinstraat,23,,
3077EX,Sijpesteinstraat,24,,
3077EX,Sijpesteinstraat,25,,
3077EX,Sijpesteinstraat,26,,
3077XV,Twickelerf,1,,
3077XV,Twickelerf,2,,
3077XV,Twickelerf,3,,
3077XV,Twickelerf,4,,
3077XV,Twickelerf,5,,
3077XV,Twickelerf,6,,
3077XV,Twickelerf,7,,
3077XV,Twickelerf,8,,
3077XV,Twickelerf,9,,
3077XV,Twickelerf,10,,
3077XV,Twickelerf,11,,
3077XV,Twickelerf,12,,
3077XV,Twickelerf,13,,
3077XV,Twickelerf,14,,
3077XV,Twickelerf,15,,
3077XV,Twickelerf,16,,
3077XV,Twickelerf,17,,
3077XV,Twickelerf,18,,
3077XV,Twickelerf,19,,
3077XV,Twickelerf,20,,
3077XV,Twickelerf,21,,
3077XV,Twickelerf,22,,
3077XV,Twickelerf,23,,
3077XV,Twickelerf,25,,
3077XV,Twickelerf,27,,
3077XV,Twickelerf,29,,
3077SW,Valkhofstraat,1,,
3077SW,Valkhofstraat,3,,
3077SW,Valkhofstraat,5,,
3077SW,Valkhofstraat,7,,
3077SW,Valkhofstraat,9,,
3077SW,Valkhofstraat,11,,
3077SW,Valkhofstraat,13,,
3077SW,Valkhofstraat,15,,
3077SW,Valkhofstraat,17,,
3077SW,Valkhofstraat,19,,
3077SW,Valkhofstraat,21,,
3077SW,Valkhofstraat,23,,
3077SW,Valkhofstraat,25,,
3077SW,Valkhofstraat,27,,
3077SW,Valkhofstraat,29,,
3077SW,Valkhofstraat,31,,
3077SW,Valkhofstraat,33,,
3077SW,Valkhofstraat,35,,
3077SW,Valkhofstraat,37,,
3077SW,Valkhofstraat,39,,
3077SW,Valkhofstraat,41,,
3077SW,Valkhofstraat,43,,
3077SW,Valkhofstraat,45,,
3077SW,Valkhofstraat,47,,
3077SW,Valkhofstraat,49,,
3077SW,Valkhofstraat,51,,
3077SW,Valkhofstraat,53,,
3077SW,Valkhofstraat,55,,
3077TG,Valkenburgsingel,2,,
3077TG,Valkenburgsingel,3,,
3077TG,Valkenburgsingel,4,,
3077TG,Valkenburgsingel,5,,
3077TG,Valkenburgsingel,6,,
3077TG,Valkenburgsingel,7,,
3077TG,Valkenburgsingel,8,,
3077TG,Valkenburgsingel,9,,
3077TG,Valkenburgsingel,10,,
3077TG,Valkenburgsingel,11,,
3077TG,Valkenburgsingel,12,,
3077TG,Valkenburgsingel,13,,
3077TG,Valkenburgsingel,14,,
3077TG,Valkenburgsingel,15,,
3077TG,Valkenburgsingel,16,,
3077TG,Valkenburgsingel,17,,
3077TG,Valkenburgsingel,18,,
3077TG,Valkenburgsingel,19,,
3077TG,Valkenburgsingel,20,,
3077TG,Valkenburgsingel,21,,
3077TG,Valkenburgsingel,22,,
3077TG,Valkenburgsingel,23,,
3077TG,Valkenburgsingel,24,,
3077TG,Valkenburgsingel,25,,
3077TG,Valkenburgsingel,26,,
3077TG,Valkenburgsingel,27,,
3077TG,Valkenburgsingel,28,,
3077TG,Valkenburgsingel,29,,
3077TG,Valkenburgsingel,30,,
3077TG,Valkenburgsingel,34,,
3077TG,Valkenburgsingel,36,,
3077TG,Valkenburgsingel,38,,
3077TG,Valkenburgsingel,40,,
3077TG,Valkenburgsingel,42,,
3077TG,Valkenburgsingel,44,,
3077TG,Valkenburgsingel,46,,
3077TG,Valkenburgsingel,48,,
3077TG,Valkenburgsingel,50,,
3077TG,Valkenburgsingel,52,,
3077TG,Valkenburgsingel,54,,
3077TG,Valkenburgsingel,58,,
3077TG,Valkenburgsingel,60,,
3077TG,Valkenburgsingel,62,,
3077TG,Valkenburgsingel,64,,
3077TG,Valkenburgsingel,66,,
3077TG,Valkenburgsingel,68,,
3077TG,Valkenburgsingel,70,,
3077TG,Valkenburgsingel,72,,
3077TG,Valkenburgsingel,74,,
3077TG,Valkenburgsingel,76,,
3077TG,Valkenburgsingel,78,,
3077TH,Valkenburgsingel,81,,
3077TH,Valkenburgsingel,82,,
3077TH,Valkenburgsingel,84,,
3077TH,Valkenburgsingel,86,,
3077TH,Valkenburgsingel,88,,
3077TH,Valkenburgsingel,90,,
3077TH,Valkenburgsingel,92,,
3077TH,Valkenburgsingel,94,,
3077TH,Valkenburgsingel,96,,
3077TH,Valkenburgsingel,98,,
3077TH,Valkenburgsingel,100,,
3077TH,Valkenburgsingel,102,,
3077TH,Valkenburgsingel,104,,
3077TH,Valkenburgsingel,106,,
3077TH,Valkenburgsingel,108,,
3077TH,Valkenburgsingel,110,,
3077TH,Valkenburgsingel,112,,
3077TH,Valkenburgsingel,114,,
3077TH,Valkenburgsingel,116,,
3077TH,Valkenburgsingel,117,,
3077TH,Valkenburgsingel,120,,
3077TH,Valkenburgsingel,122,,
3077TH,Valkenburgsingel,124,,
3077TH,Valkenburgsingel,126,,
3077TH,Valkenburgsingel,128,,
3077TH,Valkenburgsingel,130,,
3077TH,Valkenburgsingel,132,,
3077TH,Valkenburgsingel,134,,
3077TH,Valkenburgsingel,136,,
3077TH,Valkenburgsingel,138,,
3077TH,Valkenburgsingel,140,,
3077TH,Valkenburgsingel,142,,
3077TH,Valkenburgsingel,144,,
3077TH,Valkenburgsingel,146,,
3077TH,Valkenburgsingel,148,,
3077TH,Valkenburgsingel,150,,
3077TH,Valkenburgsingel,156,,
3077HR,Verwoldestraat,12,,
3077HR,Verwoldestraat,14,,
3077HR,Verwoldestraat,16,,
3077HR,Verwoldestraat,18,,
3077HR,Verwoldestraat,20,,
3077HR,Verwoldestraat,22,,
3077HR,Verwoldestraat,24,,
3077HR,Verwoldestraat,26,,
3077HR,Verwoldestraat,28,,
3077HR,Verwoldestraat,30,,
3077HR,Verwoldestraat,32,,
3077HR,Verwoldestraat,34,,
3077HR,Verwoldestraat,36,,
3077PR,Vliekplein,1,,
3077PR,Vliekplein,3,,
3077PR,Vliekplein,5,,
3077PR,Vliekplein,7,,
3077PR,Vliekplein,9,,
3077PR,Vliekplein,11,,
3077PR,Vliekplein,13,,
3077RL,Warmelostraat,3,,
3077RL,Warmelostraat,5,,
3077RL,Warmelostraat,7,,
3077RL,Warmelostraat,9,,
3077RL,Warmelostraat,11,,
3077RL,Warmelostraat,13,,
3077RL,Warmelostraat,15,,
3077RL,Warmelostraat,17,,
3077RL,Warmelostraat,19,,
3077RL,Warmelostraat,21,,
3077RL,Warmelostraat,23,,
3077RL,Warmelostraat,25,,
3077RL,Warmelostraat,27,,
3077RL,Warmelostraat,29,,
3077RL,Warmelostraat,31,,
3077RL,Warmelostraat,36,,
3077RL,Warmelostraat,37,,
3077RL,Warmelostraat,38,,
3077RL,Warmelostraat,39,,
3077RL,Warmelostraat,40,,
3077RL,Warmelostraat,41,,
3077RL,Warmelostraat,42,,
3077RL,Warmelostraat,43,,
3077RL,Warmelostraat,44,,
3077RL,Warmelostraat,45,,
3077RL,Warmelostraat,46,,
3077RL,Warmelostraat,47,,
3077RL,Warmelostraat,49,,
3077RL,Warmelostraat,51,,
3077RL,Warmelostraat,53,,
3077JM,Waardenburgdam,1,,
3077JM,Waardenburgdam,2,,
3077JM,Waardenburgdam,3,,
3077JM,Waardenburgdam,4,,
3077JM,Waardenburgdam,5,,
3077JM,Waardenburgdam,6,,
3077JM,Waardenburgdam,7,,
3077JM,Waardenburgdam,8,,
3077JM,Waardenburgdam,9,,
3077JM,Waardenburgdam,11,,
3077JM,Waardenburgdam,12,,
3077JM,Waardenburgdam,13,,
3077JM,Waardenburgdam,14,,
3077JM,Waardenburgdam,15,,
3077JM,Waardenburgdam,16,,
3077JM,Waardenburgdam,17,,
3077JM,Waardenburgdam,18,,
3077JM,Waardenburgdam,19,,
3077JM,Waardenburgdam,21,,
3077JM,Waardenburgdam,23,,
3077JM,Waardenburgdam,25,,
3077JM,Waardenburgdam,27,,
3077JM,Waardenburgdam,29,,
3077JM,Waardenburgdam,31,,
3077TP,Vosbergendam,11,,
3077TP,Vosbergendam,13,,
3077TP,Vosbergendam,15,,
3077TP,Vosbergendam,17,,
3077TT,Walborgpad,1,,
3077TT,Walborgpad,2,,
3077TT,Walborgpad,3,,
3077TT,Walborgpad,4,,
3077TT,Walborgpad,5,,
3077TT,Walborgpad,6,,
3077TT,Walborgpad,7,,
3077TT,Walborgpad,8,,
3077TT,Walborgpad,9,,
3077TT,Walborgpad,10,,
3077TT,Walborgpad,11,,
3077TT,Walborgpad,12,,
3077TT,Walborgpad,13,,
3077TT,Walborgpad,14,,
3077TT,Walborgpad,15,,
3077TT,Walborgpad,16,,
3077TT,Walborgpad,17,,
3077TT,Walborgpad,18,,
3077TT,Walborgpad,19,,
3077TT,Walborgpad,20,,
3077SX,Vordenpad,2,,
3077SX,Vordenpad,4,,
3077SX,Vordenpad,6,,
3077SX,Vordenpad,8,,
3077SX,Vordenpad,10,,
3077SX,Vordenpad,12,,
3077SX,Vordenpad,14,,
3077SX,Vordenpad,16,,
3077RN,Westerflierstraat,3,,
3077RN,Westerflierstraat,4,,
3077RN,Westerflierstraat,5,,
3077RN,Westerflierstraat,6,,
3077RN,Westerflierstraat,7,,
3077RN,Westerflierstraat,8,,
3077RN,Westerflierstraat,9,,
3077RN,Westerflierstraat,10,,
3077RN,Westerflierstraat,11,,
3077RN,Westerflierstraat,12,,
3077RN,Westerflierstraat,13,,
3077RN,Westerflierstraat,14,,
3077RN,Westerflierstraat,15,,
3077RN,Westerflierstraat,16,,
3077RN,Westerflierstraat,17,,
3077RN,Westerflierstraat,18,,
3077RN,Westerflierstraat,19,,
3077RN,Westerflierstraat,20,,
3077RN,Westerflierstraat,21,,
3077RN,Westerflierstraat,22,,
3077RN,Westerflierstraat,23,,
3077RN,Westerflierstraat,25,,
3077RN,Westerflierstraat,27,,
3077RN,Westerflierstraat,28,,
3077RN,Westerflierstraat,29,,
3077RN,Westerflierstraat,30,,
3077RN,Westerflierstraat,32,,
3077RN,Westerflierstraat,34,,
3077RN,Westerflierstraat,36,,
3077RN,Westerflierstraat,38,,
3077RN,Westerflierstraat,40,,
3077RN,Westerflierstraat,42,,
3077RN,Westerflierstraat,44,,
3077RN,Westerflierstraat,46,,
3077TJ,Wickenburgstraat,1,,
3077TJ,Wickenburgstraat,3,,
3077TJ,Wickenburgstraat,5,,
3077TJ,Wickenburgstraat,7,,
3077TJ,Wickenburgstraat,9,,
3077TJ,Wickenburgstraat,11,,
3077TJ,Wickenburgstraat,13,,
3077TJ,Wickenburgstraat,15,,
3077TJ,Wickenburgstraat,17,,
3077TJ,Wickenburgstraat,19,,
3077TJ,Wickenburgstraat,21,,
3077TJ,Wickenburgstraat,23,,
3077TJ,Wickenburgstraat,25,,
3077TJ,Wickenburgstraat,27,,
3077TJ,Wickenburgstraat,29,,
3077TJ,Wickenburgstraat,31,,
3077TJ,Wickenburgstraat,33,,
3077TJ,Wickenburgstraat,35,,
3077TJ,Wickenburgstraat,41,,
3077TJ,Wickenburgstraat,43,,
3077TJ,Wickenburgstraat,45,,
3077TJ,Wickenburgstraat,47,,
3077TJ,Wickenburgstraat,49,,
3077TJ,Wickenburgstraat,51,,
3077TJ,Wickenburgstraat,53,,
3077TJ,Wickenburgstraat,55,,
3077TJ,Wickenburgstraat,57,,
3077TJ,Wickenburgstraat,59,,
3077TJ,Wickenburgstraat,61,,
3077TJ,Wickenburgstraat,65,,
3077TJ,Wickenburgstraat,67,,
3077TJ,Wickenburgstraat,69,,
3077TJ,Wickenburgstraat,71,,
3077TJ,Wickenburgstraat,73,,
3077TJ,Wickenburgstraat,75,,
3077TK,Wickenburgstraat,2,,
3077TK,Wickenburgstraat,4,,
3077TK,Wickenburgstraat,6,,
3077TK,Wickenburgstraat,8,,
3077TK,Wickenburgstraat,10,,
3077TK,Wickenburgstraat,12,,
3077TK,Wickenburgstraat,14,,
3077TK,Wickenburgstraat,16,,
3077TK,Wickenburgstraat,18,,
3077TK,Wickenburgstraat,20,,
3077TK,Wickenburgstraat,22,,
3077TK,Wickenburgstraat,24,,
3077TK,Wickenburgstraat,26,,
3077TK,Wickenburgstraat,28,,
3077TK,Wickenburgstraat,30,,
3077TK,Wickenburgstraat,32,,
3077TK,Wickenburgstraat,34,,
3077TK,Wickenburgstraat,36,,
3077TK,Wickenburgstraat,38,,
3077TK,Wickenburgstraat,40,,
3077TK,Wickenburgstraat,42,,
3077TK,Wickenburgstraat,44,,
3077TK,Wickenburgstraat,46,,
3077TK,Wickenburgstraat,48,,
3077TK,Wickenburgstraat,50,,
3077TK,Wickenburgstraat,52,,
3077TK,Wickenburgstraat,54,,
3077TK,Wickenburgstraat,56,,
3077TL,Wickenburgstraat,62,,
3077TL,Wickenburgstraat,64,,
3077TL,Wickenburgstraat,66,,
3077TL,Wickenburgstraat,68,,
3077TL,Wickenburgstraat,70,,
3077TL,Wickenburgstraat,72,,
3077TL,Wickenburgstraat,74,,
3077TL,Wickenburgstraat,76,,
3077TL,Wickenburgstraat,78,,
3077TL,Wickenburgstraat,80,,
3077TL,Wickenburgstraat,82,,
3077TL,Wickenburgstraat,84,,
3077TL,Wickenburgstraat,86,,
3077TL,Wickenburgstraat,88,,
3077TL,Wickenburgstraat,90,,
3077TL,Wickenburgstraat,92,,
3077TL,Wickenburgstraat,94,,
3077TL,Wickenburgstraat,96,,
3077TL,Wickenburgstraat,98,,
3077TL,Wickenburgstraat,100,,
3077TL,Wickenburgstraat,102,,
3077TL,Wickenburgstraat,104,,
3077TL,Wickenburgstraat,106,,
3077TL,Wickenburgstraat,108,,
3077TL,Wickenburgstraat,110,,
3077TL,Wickenburgstraat,112,,
3077TL,Wickenburgstraat,114,,
3077TL,Wickenburgstraat,116,,
3077TL,Wickenburgstraat,118,,
3077TL,Wickenburgstraat,120,,
3077TL,Wickenburgstraat,122,,
3077TL,Wickenburgstraat,124,,
3077TL,Wickenburgstraat,126,,
3077TL,Wickenburgstraat,128,,
3077TL,Wickenburgstraat,130,,
3077TL,Wickenburgstraat,132,,
3077TL,Wickenburgstraat,134,,
3077TL,Wickenburgstraat,136,,
3077TL,Wickenburgstraat,138,,
3077TL,Wickenburgstraat,140,,
3077TL,Wickenburgstraat,142,,
3077TL,Wickenburgstraat,144,,
3077TL,Wickenburgstraat,146,,
3077TL,Wickenburgstraat,148,,
3077TL,Wickenburgstraat,150,,
3077TL,Wickenburgstraat,152,,
3077TL,Wickenburgstraat,154,,
3077TL,Wickenburgstraat,156,,
3077TL,Wickenburgstraat,158,,
3077TL,Wickenburgstraat,160,,
3077TL,Wickenburgstraat,162,,
3077TL,Wickenburgstraat,164,,
3077TL,Wickenburgstraat,166,,
3077TL,Wickenburgstraat,168,,
3077TL,Wickenburgstraat,170,,
3077TL,Wickenburgstraat,172,,
3077TL,Wickenburgstraat,174,,
3077TL,Wickenburgstraat,176,,
3077TL,Wickenburgstraat,178,,
3077TL,Wickenburgstraat,180,,
3077TL,Wickenburgstraat,182,,
3077TL,Wickenburgstraat,184,,
3077TL,Wickenburgstraat,186,,
3077TL,Wickenburgstraat,188,,
3077SZ,Wijenburgsingel,2,,
3077SZ,Wijenburgsingel,4,,
3077SZ,Wijenburgsingel,6,,
3077SZ,Wijenburgsingel,8,,
3077SZ,Wijenburgsingel,10,,
3077SZ,Wijenburgsingel,12,,
3077SZ,Wijenburgsingel,14,,
3077SZ,Wijenburgsingel,16,,
3077SZ,Wijenburgsingel,18,,
3077SZ,Wijenburgsingel,20,,
3077SZ,Wijenburgsingel,22,,
3077SZ,Wijenburgsingel,24,,
3077SZ,Wijenburgsingel,26,,
3077SZ,Wijenburgsingel,28,,
3077RM,Weldamsingel,4,,
3077RM,Weldamsingel,6,,
3077RM,Weldamsingel,8,,
3077RM,Weldamsingel,10,,
3077RM,Weldamsingel,12,,
3077RM,Weldamsingel,14,,
3077RM,Weldamsingel,16,,
3077RM,Weldamsingel,18,,
3077RM,Weldamsingel,20,,
3077RM,Weldamsingel,22,,
3077RM,Weldamsingel,24,,
3077RM,Weldamsingel,26,,
3077RM,Weldamsingel,28,,
3077RM,Weldamsingel,30,,
3077RM,Weldamsingel,32,,
3077RM,Weldamsingel,34,,
3077RM,Weldamsingel,36,,
3077TS,Wolfraathstraat,2,,
3077TS,Wolfraathstraat,4,,
3077TS,Wolfraathstraat,6,,
3077TS,Wolfraathstraat,8,,
3077TS,Wolfraathstraat,10,,
3077TS,Wolfraathstraat,12,,
3077TS,Wolfraathstraat,14,,
3077TS,Wolfraathstraat,16,,
3077TS,Wolfraathstraat,18,,
3077TS,Wolfraathstraat,20,,
3077DD,Weerdesteynstraat,2,,
3077DD,Weerdesteynstraat,4,,
3077DD,Weerdesteynstraat,5,,
3077DD,Weerdesteynstraat,6,,
3077DD,Weerdesteynstraat,7,,
3077DD,Weerdesteynstraat,8,,
3077DD,Weerdesteynstraat,9,,
3077DD,Weerdesteynstraat,10,,
3077DD,Weerdesteynstraat,11,,
3077DD,Weerdesteynstraat,12,,
3077DD,Weerdesteynstraat,13,,
3077DD,Weerdesteynstraat,14,,
3077DD,Weerdesteynstraat,15,,
3077DD,Weerdesteynstraat,16,,
3077DD,Weerdesteynstraat,17,,
3077DD,Weerdesteynstraat,18,,
3077DD,Weerdesteynstraat,19,,
3077DD,Weerdesteynstraat,20,,
3077DD,Weerdesteynstraat,21,,
3077DD,Weerdesteynstraat,23,,
3077DD,Weerdesteynstraat,24,,
3077DD,Weerdesteynstraat,25,,
3077DD,Weerdesteynstraat,26,,
3077DD,Weerdesteynstraat,27,,
3077DD,Weerdesteynstraat,28,,
3077DD,Weerdesteynstraat,29,,
3077DD,Weerdesteynstraat,30,,
3077DD,Weerdesteynstraat,31,,
3077DD,Weerdesteynstraat,32,,
3077DD,Weerdesteynstraat,33,,
3077DD,Weerdesteynstraat,34,,
3077DD,Weerdesteynstraat,35,,
3077DD,Weerdesteynstraat,37,,
3077DD,Weerdesteynstraat,39,,
3077DD,Weerdesteynstraat,41,,
3077DD,Weerdesteynstraat,43,,
3077DD,Weerdesteynstraat,45,,
3077DD,Weerdesteynstraat,47,,
3077DD,Weerdesteynstraat,49,,
3077DD,Weerdesteynstraat,51,,
3077DD,Weerdesteynstraat,53,,
3077DD,Weerdesteynstraat,55,,
3077DD,Weerdesteynstraat,57,,
3077DD,Weerdesteynstraat,59,,
3077DD,Weerdesteynstraat,61,,
3077DD,Weerdesteynstraat,63,,
3077DD,Weerdesteynstraat,65,,
3077PV,Zwijnsbergenweg,3,,
3077PV,Zwijnsbergenweg,5,,
3077PV,Zwijnsbergenweg,7,,
3077PV,Zwijnsbergenweg,9,,
3077PV,Zwijnsbergenweg,11,,
3077PV,Zwijnsbergenweg,13,,
3077PV,Zwijnsbergenweg,15,,
3077PV,Zwijnsbergenweg,17,,
3077PV,Zwijnsbergenweg,19,,
3077PV,Zwijnsbergenweg,21,,
3077PV,Zwijnsbergenweg,23,,
3077PV,Zwijnsbergenweg,25,,
3077PV,Zwijnsbergenweg,27,,
3077PV,Zwijnsbergenweg,31,,
3077PV,Zwijnsbergenweg,33,,
3077PV,Zwijnsbergenweg,35,,
3077PV,Zwijnsbergenweg,37,,
3077PV,Zwijnsbergenweg,39,,
3077PV,Zwijnsbergenweg,41,,
3077PV,Zwijnsbergenweg,43,,
3077PV,Zwijnsbergenweg,45,,
3077PV,Zwijnsbergenweg,49,,
3077PV,Zwijnsbergenweg,51,,
3077PV,Zwijnsbergenweg,53,,
3077PV,Zwijnsbergenweg,55,,
3077PV,Zwijnsbergenweg,57,,
3077PV,Zwijnsbergenweg,59,,
3077PV,Zwijnsbergenweg,61,,
3077PV,Zwijnsbergenweg,63,,
3077PV,Zwijnsbergenweg,65,,
3077PV,Zwijnsbergenweg,67,,
3077PV,Zwijnsbergenweg,69,,
3077PV,Zwijnsbergenweg,71,,
3077PW,Zwijnsbergenweg,12,,
3077PW,Zwijnsbergenweg,14,,
3077PW,Zwijnsbergenweg,16,,
3077PW,Zwijnsbergenweg,18,,
3077PW,Zwijnsbergenweg,20,,
3077PW,Zwijnsbergenweg,22,,
3077PW,Zwijnsbergenweg,24,,
3077PW,Zwijnsbergenweg,26,,
3077PW,Zwijnsbergenweg,28,,
3077PW,Zwijnsbergenweg,30,,
3077PW,Zwijnsbergenweg,32,,
3077PW,Zwijnsbergenweg,34,,
3077PW,Zwijnsbergenweg,36,,
3077PW,Zwijnsbergenweg,38,,
3077PW,Zwijnsbergenweg,40,,
3077PW,Zwijnsbergenweg,44,,
3077PW,Zwijnsbergenweg,46,,
3077PW,Zwijnsbergenweg,48,,
3077PW,Zwijnsbergenweg,50,,
3077PW,Zwijnsbergenweg,52,,
3077PW,Zwijnsbergenweg,54,,
3077PW,Zwijnsbergenweg,56,,
3077PW,Zwijnsbergenweg,58,,
3077PW,Zwijnsbergenweg,60,,
3077PW,Zwijnsbergenweg,62,,
3077PW,Zwijnsbergenweg,64,,
3077PW,Zwijnsbergenweg,66,,
3077PW,Zwijnsbergenweg,68,,
3077PW,Zwijnsbergenweg,72,,
3077PW,Zwijnsbergenweg,74,,
3077PW,Zwijnsbergenweg,76,,
3077PW,Zwijnsbergenweg,78,,
3077PW,Zwijnsbergenweg,80,,
3077PW,Zwijnsbergenweg,82,,
3077PW,Zwijnsbergenweg,84,,
3077PW,Zwijnsbergenweg,86,,
3077PW,Zwijnsbergenweg,88,,
3077PW,Zwijnsbergenweg,90,,
3077PW,Zwijnsbergenweg,92,,
3077PW,Zwijnsbergenweg,94,,
3077PW,Zwijnsbergenweg,96,,
3077PW,Zwijnsbergenweg,98,,
3077PW,Zwijnsbergenweg,100,,
3077PW,Zwijnsbergenweg,102,,
3077PW,Zwijnsbergenweg,104,,
3077PW,Zwijnsbergenweg,106,,
3077PW,Zwijnsbergenweg,108,,
3077PW,Zwijnsbergenweg,110,,
3077PH,Ruitenborghstraat,1,,
3077PH,Ruitenborghstraat,2,,
3077PH,Ruitenborghstraat,3,,
3077PH,Ruitenborghstraat,4,,
3077PH,Ruitenborghstraat,5,,
3077PH,Ruitenborghstraat,6,,
3077PH,Ruitenborghstraat,7,,
3077PH,Ruitenborghstraat,8,,
3077PH,Ruitenborghstraat,9,,
3077PH,Ruitenborghstraat,10,,
3077PH,Ruitenborghstraat,11,,
3077PH,Ruitenborghstraat,12,,
3077PH,Ruitenborghstraat,13,,
3077PH,Ruitenborghstraat,14,,
3077PH,Ruitenborghstraat,16,,
3077PH,Ruitenborghstraat,18,,
3077PH,Ruitenborghstraat,20,,
3077PH,Ruitenborghstraat,22,,
3077PH,Ruitenborghstraat,24,,
3077PH,Ruitenborghstraat,26,,
3077PH,Ruitenborghstraat,28,,
3077PH,Ruitenborghstraat,30,,
3077PH,Ruitenborghstraat,31,,
3077PH,Ruitenborghstraat,33,,
3077PH,Ruitenborghstraat,35,,
3077PH,Ruitenborghstraat,37,,
3077PH,Ruitenborghstraat,39,,
3077PH,Ruitenborghstraat,41,,
3077RG,Oude Watering,159,,BG
3077VE,Rhijnauwensingel,271,,
3077PL,Nemelaersingel,100,,
3077PL,Nemelaersingel,102,,
3077PL,Nemelaersingel,104,,
3077PL,Nemelaersingel,106,,
3077PL,Nemelaersingel,108,,
3077PL,Nemelaersingel,110,,
3077PL,Nemelaersingel,112,,
3077PL,Nemelaersingel,114,,
3077PL,Nemelaersingel,116,,
3077PL,Nemelaersingel,118,,
3077PL,Nemelaersingel,120,,
3077PL,Nemelaersingel,122,,
3077PL,Nemelaersingel,124,,
3077PL,Nemelaersingel,126,,
3077PL,Nemelaersingel,128,,
3077PT,Strijdhoefdam,2,,
3077PT,Strijdhoefdam,4,,
3077PT,Strijdhoefdam,6,,
3077PT,Strijdhoefdam,8,,
3077PT,Strijdhoefdam,10,,
3077PT,Strijdhoefdam,12,,
3077PT,Strijdhoefdam,14,,
3077PT,Strijdhoefdam,16,,
3077GB,Beverwaardseweg,146,,0001
3077GB,Beverwaardseweg,150,,
3077GB,Beverwaardseweg,140,B,
3077HE,Fleringenstraat,87,,BG
3077HE,Fleringenstraat,89,,BG
3077HE,Fleringenstraat,91,,BG
3077HE,Fleringenstraat,93,,BG
3077HE,Fleringenstraat,95,,BG
3077VG,Rhijnauwensingel,467,,BG
3077GA,Beverwaardseweg,10,,
3077GA,Beverwaardseweg,12,,
3077GA,Beverwaardseweg,14,,
3077GA,Beverwaardseweg,16,,
3077GA,Beverwaardseweg,18,,
3077GA,Beverwaardseweg,20,,
3077GA,Beverwaardseweg,22,,
3077GA,Beverwaardseweg,24,,
3077GA,Beverwaardseweg,26,,
3077GA,Beverwaardseweg,28,,
3077GA,Beverwaardseweg,30,,
3077GA,Beverwaardseweg,32,,
3077CZ,Bolnesserkade,860,,
3077EH,Goedenraadweg,33,,0001
3077VD,Rhijnauwensingel,225,,
3077JP,Slangenburgerf,7,,BG
3077GE,Dijkgraafstraat,33,,
3077GE,Dijkgraafstraat,35,,
3077GE,Dijkgraafstraat,37,,
3077GE,Dijkgraafstraat,39,,
3077GE,Dijkgraafstraat,41,,
3077GE,Dijkgraafstraat,43,,
3077GE,Dijkgraafstraat,45,,
3077GE,Dijkgraafstraat,31,,
3077PZ,Charles Binghamweg,98,,
3077TV,Vosbergenpad,30,,
3077EV,Rhijnauwensingel,66,,BG
3077EV,Rhijnauwensingel,48,,BG
3077EV,Rhijnauwensingel,60,,BG
3077RA,Keverborgstraat,20,,
3077PP,Toutenburgplantsoen,1,,BG
3077PP,Toutenburgplantsoen,21,,BG
3077ES,Nijenrodeweg,59,,BG
3077ES,Nijenrodeweg,65,,BG
3077ES,Nijenrodeweg,48,,BG
3077ES,Nijenrodeweg,26,,BG
3077ES,Nijenrodeweg,85,,BG
3077ES,Nijenrodeweg,76,,BG
3077ES,Nijenrodeweg,41,,BG
3077EP,Neercanneplaats,73,,BG
3077HE,Fleringenstraat,73,,
3077HE,Fleringenstraat,15,,BG
3077HE,Fleringenstraat,33,,BG
3077PJ,Hunenborgplantsoen,23,,BG
3077PJ,Hunenborgplantsoen,3,,BG
3077DE,Groeninx van Zoelenlaan,25,,
3077PC,Cannenburchstraat,5,,
3077PC,Cannenburchstraat,7,,
3077PC,Cannenburchstraat,9,,
3077PC,Cannenburchstraat,11,,
3077PC,Cannenburchstraat,15,,
3077PC,Cannenburchstraat,17,,
3077PC,Cannenburchstraat,23,,
3077PC,Cannenburchstraat,25,,
3077PC,Cannenburchstraat,19,,
3077PC,Cannenburchstraat,13,,
3077PC,Cannenburchstraat,21,,
3077EH,Goedenraadweg,13,,BG
3077GE,Dijkgraafstraat,10,,
3077GE,Dijkgraafstraat,12,,
3077GE,Dijkgraafstraat,14,,
3077GE,Dijkgraafstraat,16,,
3077GE,Dijkgraafstraat,18,,
3077GE,Dijkgraafstraat,20,,
3077GE,Dijkgraafstraat,22,,
3077GE,Dijkgraafstraat,24,,
3077GE,Dijkgraafstraat,26,,
3077GE,Dijkgraafstraat,28,,
3077GE,Dijkgraafstraat,30,,
3077GE,Dijkgraafstraat,32,,
3077GE,Dijkgraafstraat,34,,
3077GE,Dijkgraafstraat,36,,
3077GE,Dijkgraafstraat,11,,
3077GE,Dijkgraafstraat,13,,
3077GE,Dijkgraafstraat,15,,
3077GE,Dijkgraafstraat,17,,
3077GE,Dijkgraafstraat,19,,
3077GE,Dijkgraafstraat,21,,
3077GE,Dijkgraafstraat,23,,
3077GE,Dijkgraafstraat,25,,
3077GE,Dijkgraafstraat,27,,
3077GE,Dijkgraafstraat,29,,
3077GB,Beverwaardseweg,118,B,
3077XV,Twickelerf,31,,
3077DE,Groeninx van Zoelenlaan,24,,
3077JJ,Schinnenbaan,130,,
3077HG,Geeresteinstraat,35,,
3077EC,Bleyenbeekstraat,1,B,
3077GC,Hoogheemraadstraat,7,,
3077GC,Hoogheemraadstraat,5,,
3077GC,Hoogheemraadstraat,11,,
3077GC,Hoogheemraadstraat,9,,
3077GC,Hoogheemraadstraat,3,,
3077GC,Hoogheemraadstraat,1,,
3077RG,Oude Watering,279,,
3077RG,Oude Watering,277,,
3077RG,Oude Watering,275,,
3077RG,Oude Watering,279,,
3077RG,Oude Watering,277,,
3077RG,Oude Watering,275,,
3077PX,Edo Bergsmaweg,25,,
3077XD,Eckartstraat,27,,
3077XD,Eckartstraat,1,B,
3077ES,Nijenrodeweg,56,,
3077HB,Beesdestraat,68,,
3077HB,Beesdestraat,70,,
3077HB,Beesdestraat,72,,
3077HM,Loevesteinsingel,55,,
3077HM,Loevesteinsingel,55,,
3077HM,Loevesteinsingel,55,,
3077HM,Loevesteinsingel,57,,
3077HM,Loevesteinsingel,59,,
3077HM,Loevesteinsingel,55,,
3077HM,Loevesteinsingel,55,,
3077HM,Loevesteinsingel,55,,K001
3077HM,Loevesteinsingel,55,,K002
3077HM,Loevesteinsingel,55,,K003
3077HM,Loevesteinsingel,55,,K004
3077HM,Loevesteinsingel,55,,K005
3077HM,Loevesteinsingel,55,,K006
3077HM,Loevesteinsingel,55,,K007
3077HM,Loevesteinsingel,55,,K008
3077HM,Loevesteinsingel,55,,K009
3077HM,Loevesteinsingel,57,,
3077HM,Loevesteinsingel,59,,
3077HM,Loevesteinsingel,61,,
3077HM,Loevesteinsingel,63,,
3077HM,Loevesteinsingel,65,,
3077HM,Loevesteinsingel,67,,
3077HM,Loevesteinsingel,69,,
3077HM,Loevesteinsingel,71,,
3077HM,Loevesteinsingel,73,,
3077HM,Loevesteinsingel,75,,
3077HM,Loevesteinsingel,77,B,
3077HM,Loevesteinsingel,111,,
3077HM,Loevesteinsingel,77,,
3077HM,Loevesteinsingel,79,,
3077HM,Loevesteinsingel,81,,
3077HM,Loevesteinsingel,83,,
3077HM,Loevesteinsingel,85,,
3077HM,Loevesteinsingel,87,,
3077HM,Loevesteinsingel,89,,
3077HM,Loevesteinsingel,91,,
3077HM,Loevesteinsingel,93,,
3077HM,Loevesteinsingel,95,,
3077HM,Loevesteinsingel,97,,
3077HM,Loevesteinsingel,99,,
3077HM,Loevesteinsingel,101,,
3077HM,Loevesteinsingel,103,,
3077HM,Loevesteinsingel,105,,
3077HM,Loevesteinsingel,113,,
3077HM,Loevesteinsingel,115,,
3077HM,Loevesteinsingel,117,,
3077HM,Loevesteinsingel,119,,
3077HM,Loevesteinsingel,121,,
3077HM,Loevesteinsingel,123,,
3077HM,Loevesteinsingel,125,,
3077HM,Loevesteinsingel,127,,
3077HM,Loevesteinsingel,129,B,
3077HM,Loevesteinsingel,107,,
3077HM,Loevesteinsingel,129,,
3077HM,Loevesteinsingel,131,,
3077HM,Loevesteinsingel,133,,
3077HM,Loevesteinsingel,135,,
3077HM,Loevesteinsingel,137,,
3077HM,Loevesteinsingel,139,,
3077HM,Loevesteinsingel,141,,
3077HM,Loevesteinsingel,143,,
3077HM,Loevesteinsingel,145,,
3077HM,Loevesteinsingel,147,,
3077HM,Loevesteinsingel,149,,
3077HM,Loevesteinsingel,151,,
3077HM,Loevesteinsingel,153,,
3077HM,Loevesteinsingel,155,,
3077HM,Loevesteinsingel,157,,
3077HM,Loevesteinsingel,165,,
3077HM,Loevesteinsingel,167,,
3077HM,Loevesteinsingel,169,,
3077HM,Loevesteinsingel,171,,
3077HM,Loevesteinsingel,173,,
3077HM,Loevesteinsingel,175,,
3077HM,Loevesteinsingel,177,,
3077HM,Loevesteinsingel,179,,
3077HM,Loevesteinsingel,181,B,
3077HM,Loevesteinsingel,159,,
3077HM,Loevesteinsingel,181,,
3077HM,Loevesteinsingel,183,,
3077HM,Loevesteinsingel,185,,
3077HM,Loevesteinsingel,187,,
3077HM,Loevesteinsingel,189,,
3077HM,Loevesteinsingel,191,,
3077HM,Loevesteinsingel,193,,
3077HM,Loevesteinsingel,195,,
3077HM,Loevesteinsingel,197,,
3077HM,Loevesteinsingel,199,,
3077HM,Loevesteinsingel,201,,
3077HM,Loevesteinsingel,203,,
3077HM,Loevesteinsingel,205,,
3077HM,Loevesteinsingel,77,C,
3077HM,Loevesteinsingel,161,,
3077HM,Loevesteinsingel,129,C,
3077HM,Loevesteinsingel,109,,
3077HM,Loevesteinsingel,183,C,
3077HM,Loevesteinsingel,163,,
3077PX,Edo Bergsmaweg,14,,
3077VD,Rhijnauwensingel,237,,
3077CM,Sevenaerstraat,33,,
3077CM,Sevenaerstraat,35,,
3077CM,Sevenaerstraat,19,,
3077CM,Sevenaerstraat,3,,
3077HE,Fleringenstraat,75,A,
3077HE,Fleringenstraat,75,B,
3077HE,Fleringenstraat,75,C,
3077HE,Fleringenstraat,75,D,
3077HE,Fleringenstraat,75,E,
3077HE,Fleringenstraat,75,F,
3077HE,Fleringenstraat,75,G,
3077HE,Fleringenstraat,75,H,
3077SB,Gronsvelderf,105,,
3077CM,Sevenaerstraat,45,C,
3077CM,Sevenaerstraat,49,,
3077CM,Sevenaerstraat,35,,
3077CM,Sevenaerstraat,3,,
3077RG,Oude Watering,279,A,
3077RG,Oude Watering,279,B,
3077RD,Oude Watering,290,,
3077RD,Oude Watering,292,,
