straat,huisnummer,huisletter,toevoeging,postcode,plaats
Groene Hilledijk,135,"","",3073AA,Rotterdam
Groene Hilledijk,145,"","",3073AA,Rotterdam
Groene Hilledijk,147,A,"",3073AA,Rotterdam
Groene Hilledijk,147,A,"",3073AA,Rotterdam
Groene Hilledijk,147,B,"",3073AA,Rotterdam
Groene Hilledijk,147,B,"",3073AA,Rotterdam
Groene Hilledijk,147,C,"",3073AA,Rotterdam
Groene Hilledijk,147,C,01,3073AA,Rotterdam
Groene Hilledijk,147,C,02,3073AA,Rotterdam
Groene Hilledijk,149,A,"",3073AA,Rotterdam
Groene Hilledijk,149,B,01,3073AA,Rotterdam
Groene Hilledijk,149,B,02,3073AA,Rotterdam
Groene Hilledijk,151,A,"",3073AA,Rotterdam
Groene Hilledijk,151,B,"",3073AA,Rotterdam
Groene Hilledijk,151,C,"",3073AA,Rotterdam
Groene Hilledijk,151,C,"",3073AA,Rotterdam
Groene Hilledijk,151,C,"",3073AA,Rotterdam
Groene Hilledijk,151,C,"",3073AA,Rotterdam
Groene Hilledijk,153,A,01,3073AA,Rotterdam
Groene Hilledijk,153,A,02,3073AA,Rotterdam
Groene Hilledijk,153,B,"",3073AA,Rotterdam
Groene Hilledijk,155,A,"",3073AA,Rotterdam
Groene Hilledijk,155,B,01,3073AA,Rotterdam
Groene Hilledijk,155,B,02,3073AA,Rotterdam
Groene Hilledijk,157,A,01,3073AA,Rotterdam
Groene Hilledijk,157,A,02,3073AA,Rotterdam
Groene Hilledijk,157,B,"",3073AA,Rotterdam
Groene Hilledijk,159,"",01,3073AA,Rotterdam
Groene Hilledijk,159,"",02,3073AA,Rotterdam
Groene Hilledijk,161,A,01,3073AA,Rotterdam
Groene Hilledijk,161,A,02,3073AA,Rotterdam
Groene Hilledijk,161,B,"",3073AA,Rotterdam
Groene Hilledijk,161,B,"",3073AA,Rotterdam
Groene Hilledijk,161,B,BG,3073AA,Rotterdam
Groene Hilledijk,154,"","",3074AA,Rotterdam
Groene Hilledijk,156,"","",3074AA,Rotterdam
Groene Hilledijk,164,"","",3074AA,Rotterdam
Groene Hilledijk,168,"",01,3074AA,Rotterdam
Groene Hilledijk,168,"",02,3074AA,Rotterdam
Groene Hilledijk,170,"",01,3074AA,Rotterdam
Groene Hilledijk,170,"",02,3074AA,Rotterdam
Groene Hilledijk,172,"","",3074AA,Rotterdam
Groene Hilledijk,174,"","",3074AA,Rotterdam
Groene Hilledijk,174,"",01,3074AA,Rotterdam
Groene Hilledijk,174,"",01,3074AA,Rotterdam
Groene Hilledijk,174,"",02,3074AA,Rotterdam
Groene Hilledijk,174,"",02,3074AA,Rotterdam
Groene Hilledijk,174,"",03,3074AA,Rotterdam
Groene Hilledijk,178,A,01,3074AA,Rotterdam
Groene Hilledijk,178,A,02,3074AA,Rotterdam
Groene Hilledijk,178,B,"",3074AA,Rotterdam
Groene Hilledijk,180,A,"",3074AA,Rotterdam
Groene Hilledijk,180,B,01,3074AA,Rotterdam
Groene Hilledijk,180,B,02,3074AA,Rotterdam
Groene Hilledijk,182,A,01,3074AA,Rotterdam
Groene Hilledijk,182,A,02,3074AA,Rotterdam
Groene Hilledijk,182,B,"",3074AA,Rotterdam
Groene Hilledijk,184,A,"",3074AA,Rotterdam
Groene Hilledijk,184,B,01,3074AA,Rotterdam
Groene Hilledijk,184,B,02,3074AA,Rotterdam
Groene Hilledijk,184,B,02,3074AA,Rotterdam
Groene Hilledijk,184,B,03,3074AA,Rotterdam
Groene Hilledijk,186,A,01,3074AA,Rotterdam
Groene Hilledijk,186,A,02,3074AA,Rotterdam
Groene Hilledijk,186,A,02,3074AA,Rotterdam
Groene Hilledijk,186,A,03,3074AA,Rotterdam
Groene Hilledijk,186,B,"",3074AA,Rotterdam
Groene Hilledijk,188,A,"",3074AB,Rotterdam
Groene Hilledijk,188,B,01,3074AB,Rotterdam
Groene Hilledijk,188,B,02,3074AB,Rotterdam
Groene Hilledijk,188,B,02,3074AB,Rotterdam
Groene Hilledijk,188,B,03,3074AB,Rotterdam
Groene Hilledijk,190,A,01,3074AB,Rotterdam
Groene Hilledijk,190,A,02,3074AB,Rotterdam
Groene Hilledijk,190,A,02,3074AB,Rotterdam
Groene Hilledijk,190,A,03,3074AB,Rotterdam
Groene Hilledijk,190,B,"",3074AB,Rotterdam
Groene Hilledijk,192,A,"",3074AB,Rotterdam
Groene Hilledijk,192,B,01,3074AB,Rotterdam
Groene Hilledijk,192,B,02,3074AB,Rotterdam
Groene Hilledijk,194,A,01,3074AB,Rotterdam
Groene Hilledijk,194,A,02,3074AB,Rotterdam
Groene Hilledijk,194,B,"",3074AB,Rotterdam
Groene Hilledijk,196,A,01,3074AB,Rotterdam
Groene Hilledijk,196,A,02,3074AB,Rotterdam
Groene Hilledijk,196,A,02,3074AB,Rotterdam
Groene Hilledijk,196,A,02,3074AB,Rotterdam
Groene Hilledijk,196,A,03,3074AB,Rotterdam
Groene Hilledijk,196,A,03,3074AB,Rotterdam
Groene Hilledijk,196,B,"",3074AB,Rotterdam
Groene Hilledijk,198,"",01,3074AB,Rotterdam
Groene Hilledijk,198,"",02,3074AB,Rotterdam
Groene Hilledijk,200,A,01,3074AB,Rotterdam
Groene Hilledijk,200,A,02,3074AB,Rotterdam
Groene Hilledijk,200,B,"",3074AB,Rotterdam
Groene Hilledijk,202,A,"",3074AB,Rotterdam
Groene Hilledijk,202,B,01,3074AB,Rotterdam
Groene Hilledijk,202,B,02,3074AB,Rotterdam
Groene Hilledijk,204,A,01,3074AB,Rotterdam
Groene Hilledijk,204,A,02,3074AB,Rotterdam
Groene Hilledijk,204,A,02,3074AB,Rotterdam
Groene Hilledijk,204,A,03,3074AB,Rotterdam
Groene Hilledijk,204,B,"",3074AB,Rotterdam
Groene Hilledijk,206,A,"",3074AB,Rotterdam
Groene Hilledijk,206,B,"",3074AB,Rotterdam
Groene Hilledijk,208,A,"",3074AB,Rotterdam
Groene Hilledijk,208,B,01,3074AB,Rotterdam
Groene Hilledijk,208,B,02,3074AB,Rotterdam
Groene Hilledijk,210,"","",3074AB,Rotterdam
Groene Hilledijk,212,"","",3074AC,Rotterdam
Groene Hilledijk,214,A,01,3074AC,Rotterdam
Groene Hilledijk,214,A,01A,3074AC,Rotterdam
Groene Hilledijk,214,A,01V,3074AC,Rotterdam
Groene Hilledijk,214,A,02,3074AC,Rotterdam
Groene Hilledijk,214,A,02A,3074AC,Rotterdam
Groene Hilledijk,214,A,02V,3074AC,Rotterdam
Groene Hilledijk,214,B,"",3074AC,Rotterdam
Groene Hilledijk,214,B,"",3074AC,Rotterdam
Groene Hilledijk,214,B,02A,3074AC,Rotterdam
Groene Hilledijk,214,B,02V,3074AC,Rotterdam
Groene Hilledijk,216,"","",3074AC,Rotterdam
Groene Hilledijk,216,"","",3074AC,Rotterdam
Groene Hilledijk,216,"",BG,3074AC,Rotterdam
Groene Hilledijk,218,A,01,3074AC,Rotterdam
Groene Hilledijk,218,A,01,3074AC,Rotterdam
Groene Hilledijk,218,A,01,3074AC,Rotterdam
Groene Hilledijk,218,A,02,3074AC,Rotterdam
Groene Hilledijk,218,A,02,3074AC,Rotterdam
Groene Hilledijk,218,A,02,3074AC,Rotterdam
Groene Hilledijk,218,A,03,3074AC,Rotterdam
Groene Hilledijk,218,A,03,3074AC,Rotterdam
Groene Hilledijk,218,B,"",3074AC,Rotterdam
Groene Hilledijk,220,A,"",3074AC,Rotterdam
Groene Hilledijk,220,B,01,3074AC,Rotterdam
Groene Hilledijk,220,B,02,3074AC,Rotterdam
Groene Hilledijk,222,A,01,3074AC,Rotterdam
Groene Hilledijk,222,A,02,3074AC,Rotterdam
Groene Hilledijk,222,B,"",3074AC,Rotterdam
Groene Hilledijk,224,A,"",3074AC,Rotterdam
Groene Hilledijk,224,B,01,3074AC,Rotterdam
Groene Hilledijk,224,B,02,3074AC,Rotterdam
Groene Hilledijk,226,A,01,3074AC,Rotterdam
Groene Hilledijk,226,A,02,3074AC,Rotterdam
Groene Hilledijk,226,B,"",3074AC,Rotterdam
Groene Hilledijk,228,A,"",3074AC,Rotterdam
Groene Hilledijk,228,B,01,3074AC,Rotterdam
Groene Hilledijk,228,B,02,3074AC,Rotterdam
Groene Hilledijk,230,A,01,3074AC,Rotterdam
Groene Hilledijk,230,A,02,3074AC,Rotterdam
Groene Hilledijk,230,B,"",3074AC,Rotterdam
Groene Hilledijk,232,A,"",3074AC,Rotterdam
Groene Hilledijk,232,B,01,3074AC,Rotterdam
Groene Hilledijk,232,B,02,3074AC,Rotterdam
Groene Hilledijk,234,A,01,3074AC,Rotterdam
Groene Hilledijk,234,A,02,3074AC,Rotterdam
Groene Hilledijk,234,B,"",3074AC,Rotterdam
Groene Hilledijk,236,A,01,3074AC,Rotterdam
Groene Hilledijk,236,A,02,3074AC,Rotterdam
Groene Hilledijk,236,B,"",3074AC,Rotterdam
Groene Hilledijk,238,A,"",3074AD,Rotterdam
Groene Hilledijk,238,A,01,3074AD,Rotterdam
Groene Hilledijk,238,A,03,3074AD,Rotterdam
Groene Hilledijk,238,B,"",3074AD,Rotterdam
Groene Hilledijk,238,B,"",3074AD,Rotterdam
Groene Hilledijk,238,C,"",3074AD,Rotterdam
Groene Hilledijk,238,D,"",3074AD,Rotterdam
Groene Hilledijk,240,A,"",3074AD,Rotterdam
Groene Hilledijk,240,A,"",3074AD,Rotterdam
Groene Hilledijk,240,A,"",3074AD,Rotterdam
Groene Hilledijk,240,B,01,3074AD,Rotterdam
Groene Hilledijk,240,B,02,3074AD,Rotterdam
Groene Hilledijk,242,A,"",3074AD,Rotterdam
Groene Hilledijk,242,B,01,3074AD,Rotterdam
Groene Hilledijk,242,B,02,3074AD,Rotterdam
Groene Hilledijk,244,A,01,3074AD,Rotterdam
Groene Hilledijk,244,A,02,3074AD,Rotterdam
Groene Hilledijk,244,B,"",3074AD,Rotterdam
Groene Hilledijk,246,A,"",3074AD,Rotterdam
Groene Hilledijk,246,B,01,3074AD,Rotterdam
Groene Hilledijk,246,B,02,3074AD,Rotterdam
Groene Hilledijk,246,B,03,3074AD,Rotterdam
Groene Hilledijk,248,A,01,3074AD,Rotterdam
Groene Hilledijk,248,A,02,3074AD,Rotterdam
Groene Hilledijk,248,A,03,3074AD,Rotterdam
Groene Hilledijk,248,B,"",3074AD,Rotterdam
Groene Hilledijk,250,A,"",3074AD,Rotterdam
Groene Hilledijk,250,B,01,3074AD,Rotterdam
Groene Hilledijk,250,B,02,3074AD,Rotterdam
Groene Hilledijk,252,A,01,3074AD,Rotterdam
Groene Hilledijk,252,A,02,3074AD,Rotterdam
Groene Hilledijk,252,B,"",3074AD,Rotterdam
Groene Hilledijk,254,"",01,3074AD,Rotterdam
Groene Hilledijk,254,"",02,3074AD,Rotterdam
Groene Hilledijk,254,"",02,3074AD,Rotterdam
Groene Hilledijk,254,"",03,3074AD,Rotterdam
Groene Hilledijk,254,A,02,3074AD,Rotterdam
Groene Hilledijk,254,A,03,3074AD,Rotterdam
Groene Hilledijk,256,A,"",3074AD,Rotterdam
Groene Hilledijk,256,B,"",3074AD,Rotterdam
Groene Hilledijk,256,B,"",3074AD,Rotterdam
Groene Hilledijk,172,B,"",3074AE,Rotterdam
Groene Hilledijk,174,A,"",3074AE,Rotterdam
Groene Hilledijk,260,"","",3074AE,Rotterdam
Groene Hilledijk,262,A,01,3074AE,Rotterdam
Groene Hilledijk,262,A,02,3074AE,Rotterdam
Groene Hilledijk,262,A,03,3074AE,Rotterdam
Groene Hilledijk,262,B,"",3074AE,Rotterdam
Groene Hilledijk,262,B,"",3074AE,Rotterdam
Groene Hilledijk,264,"",01,3074AE,Rotterdam
Groene Hilledijk,264,"",02,3074AE,Rotterdam
Groene Hilledijk,264,"",03,3074AE,Rotterdam
Groene Hilledijk,266,A,01,3074AE,Rotterdam
Groene Hilledijk,266,A,02,3074AE,Rotterdam
Groene Hilledijk,266,B,"",3074AE,Rotterdam
Groene Hilledijk,268,A,"",3074AE,Rotterdam
Groene Hilledijk,268,B,01,3074AE,Rotterdam
Groene Hilledijk,268,B,02,3074AE,Rotterdam
Groene Hilledijk,270,A,"",3074AE,Rotterdam
Groene Hilledijk,270,A,01,3074AE,Rotterdam
Groene Hilledijk,270,A,02,3074AE,Rotterdam
Groene Hilledijk,270,A,02,3074AE,Rotterdam
Groene Hilledijk,270,A,03,3074AE,Rotterdam
Groene Hilledijk,270,B,"",3074AE,Rotterdam
Groene Hilledijk,270,B,"",3074AE,Rotterdam
Groene Hilledijk,270,C,"",3074AE,Rotterdam
Groene Hilledijk,270,D,"",3074AE,Rotterdam
Groene Hilledijk,270,E,"",3074AE,Rotterdam
Groene Hilledijk,272,A,"",3074AE,Rotterdam
Groene Hilledijk,272,A,"",3074AE,Rotterdam
Groene Hilledijk,272,A,"",3074AE,Rotterdam
Groene Hilledijk,272,B,01,3074AE,Rotterdam
Groene Hilledijk,272,B,02,3074AE,Rotterdam
Groene Hilledijk,274,A,01,3074AE,Rotterdam
Groene Hilledijk,274,A,02,3074AE,Rotterdam
Groene Hilledijk,274,B,"",3074AE,Rotterdam
Groene Hilledijk,274,B,"",3074AE,Rotterdam
Groene Hilledijk,274,B,"",3074AE,Rotterdam
Groene Hilledijk,276,A,"",3074AE,Rotterdam
Groene Hilledijk,276,A,"",3074AE,Rotterdam
Groene Hilledijk,276,B,"",3074AE,Rotterdam
Groene Hilledijk,276,B,01,3074AE,Rotterdam
Groene Hilledijk,276,B,02,3074AE,Rotterdam
Groene Hilledijk,278,A,01,3074AE,Rotterdam
Groene Hilledijk,278,A,02,3074AE,Rotterdam
Groene Hilledijk,278,B,"",3074AE,Rotterdam
Groene Hilledijk,278,B,"",3074AE,Rotterdam
Groene Hilledijk,280,A,"",3074AE,Rotterdam
Groene Hilledijk,280,A,"",3074AE,Rotterdam
Groene Hilledijk,280,B,01,3074AE,Rotterdam
Groene Hilledijk,280,B,02,3074AE,Rotterdam
Groene Hilledijk,282,B,02L,3074AE,Rotterdam
Groene Hilledijk,282,B,02R,3074AE,Rotterdam
Groene Hilledijk,282,C,"",3074AE,Rotterdam
Groene Hilledijk,282,D,"",3074AE,Rotterdam
Groene Hilledijk,282,E,"",3074AE,Rotterdam
Groene Hilledijk,286,"","",3074AG,Rotterdam
Groene Hilledijk,286,"","",3074AG,Rotterdam
Groene Hilledijk,286,"",SO,3074AG,Rotterdam
Groene Hilledijk,288,A,"",3074AG,Rotterdam
Groene Hilledijk,288,B,01,3074AG,Rotterdam
Groene Hilledijk,288,B,02,3074AG,Rotterdam
Groene Hilledijk,290,A,"",3074AG,Rotterdam
Groene Hilledijk,290,B,01,3074AG,Rotterdam
Groene Hilledijk,290,B,02,3074AG,Rotterdam
Groene Hilledijk,292,A,"",3074AG,Rotterdam
Groene Hilledijk,292,B,"",3074AG,Rotterdam
Groene Hilledijk,294,A,"",3074AG,Rotterdam
Groene Hilledijk,294,B,"",3074AG,Rotterdam
Groene Hilledijk,294,B,01,3074AG,Rotterdam
Groene Hilledijk,294,B,02,3074AG,Rotterdam
Groene Hilledijk,294,B,1,3074AG,Rotterdam
Groene Hilledijk,294,B,2,3074AG,Rotterdam
Groene Hilledijk,294,B,3,3074AG,Rotterdam
Groene Hilledijk,296,A,"",3074AG,Rotterdam
Groene Hilledijk,296,B,01,3074AG,Rotterdam
Groene Hilledijk,296,B,02,3074AG,Rotterdam
Groene Hilledijk,298,A,01,3074AG,Rotterdam
Groene Hilledijk,298,A,02,3074AG,Rotterdam
Groene Hilledijk,298,B,"",3074AG,Rotterdam
Groene Hilledijk,300,A,01,3074AG,Rotterdam
Groene Hilledijk,300,A,01,3074AG,Rotterdam
Groene Hilledijk,300,A,02,3074AG,Rotterdam
Groene Hilledijk,300,A,02,3074AG,Rotterdam
Groene Hilledijk,300,A,03,3074AG,Rotterdam
Groene Hilledijk,300,B,"",3074AG,Rotterdam
Groene Hilledijk,300,B,L,3074AG,Rotterdam
Groene Hilledijk,300,B,R,3074AG,Rotterdam
Groene Hilledijk,300,C,01,3074AG,Rotterdam
Groene Hilledijk,300,C,01,3074AG,Rotterdam
Groene Hilledijk,300,C,02,3074AG,Rotterdam
Groene Hilledijk,300,C,02,3074AG,Rotterdam
Groene Hilledijk,300,C,03,3074AG,Rotterdam
Bree,13,A,"",3074BA,Rotterdam
Bree,13,B,01,3074BA,Rotterdam
Bree,13,B,02,3074BA,Rotterdam
Bree,13,B,03,3074BA,Rotterdam
Bree,15,A,"",3074BA,Rotterdam
Bree,15,B,"",3074BA,Rotterdam
Bree,15,C,"",3074BA,Rotterdam
Bree,17,A,"",3074BA,Rotterdam
Bree,17,B,"",3074BA,Rotterdam
Bree,17,C,"",3074BA,Rotterdam
Bree,19,A,01,3074BA,Rotterdam
Bree,19,A,02,3074BA,Rotterdam
Bree,19,B,"",3074BA,Rotterdam
Bree,21,A,"",3074BA,Rotterdam
Bree,21,B,01,3074BA,Rotterdam
Bree,21,B,02,3074BA,Rotterdam
Bree,23,A,"",3074BA,Rotterdam
Bree,23,B,01,3074BA,Rotterdam
Bree,23,B,02,3074BA,Rotterdam
Bree,25,A,01,3074BA,Rotterdam
Bree,25,A,02,3074BA,Rotterdam
Bree,25,B,"",3074BA,Rotterdam
Bree,27,A,"",3074BB,Rotterdam
Bree,27,B,01,3074BB,Rotterdam
Bree,27,B,02,3074BB,Rotterdam
Bree,29,A,01,3074BB,Rotterdam
Bree,29,A,02,3074BB,Rotterdam
Bree,29,B,"",3074BB,Rotterdam
Bree,31,A,"",3074BB,Rotterdam
Bree,31,B,01,3074BB,Rotterdam
Bree,31,B,02,3074BB,Rotterdam
Bree,33,A,"",3074BB,Rotterdam
Bree,33,A,01,3074BB,Rotterdam
Bree,33,A,01,3074BB,Rotterdam
Bree,33,A,02,3074BB,Rotterdam
Bree,33,A,02,3074BB,Rotterdam
Bree,33,B,"",3074BB,Rotterdam
Bree,33,B,"",3074BB,Rotterdam
Bree,35,A,"",3074BB,Rotterdam
Bree,35,B,01,3074BB,Rotterdam
Bree,35,B,02,3074BB,Rotterdam
Bree,37,A,01,3074BB,Rotterdam
Bree,37,A,02,3074BB,Rotterdam
Bree,37,B,"",3074BB,Rotterdam
Bree,39,A,"",3074BB,Rotterdam
Bree,39,B,"",3074BB,Rotterdam
Bree,45,"","",3074BC,Rotterdam
Bree,47,"","",3074BC,Rotterdam
Bree,49,"","",3074BC,Rotterdam
Bree,57,"","",3074BC,Rotterdam
Bree,61,"","",3074BC,Rotterdam
Bree,67,"","",3074BD,Rotterdam
Bree,69,"","",3074BD,Rotterdam
Bree,69,A,"",3074BD,Rotterdam
Bree,69,B,"",3074BD,Rotterdam
Bree,71,A,"",3074BD,Rotterdam
Bree,71,A,"",3074BD,Rotterdam
Bree,71,B,"",3074BD,Rotterdam
Bree,73,A,"",3074BD,Rotterdam
Bree,73,A,"",3074BD,Rotterdam
Bree,73,B,"",3074BD,Rotterdam
Bree,73,B,"",3074BD,Rotterdam
Bree,75,A,"",3074BD,Rotterdam
Bree,75,A,"",3074BD,Rotterdam
Bree,75,B,"",3074BD,Rotterdam
Bree,75,B,"",3074BD,Rotterdam
Bree,77,A,"",3074BD,Rotterdam
Bree,77,B,"",3074BD,Rotterdam
Bree,79,A,"",3074BD,Rotterdam
Bree,79,B,"",3074BD,Rotterdam
Bree,81,A,"",3074BD,Rotterdam
Bree,81,B,"",3074BD,Rotterdam
Bree,83,A,"",3074BD,Rotterdam
Bree,83,B,"",3074BD,Rotterdam
Bree,85,A,"",3074BD,Rotterdam
Bree,85,B,"",3074BD,Rotterdam
Bree,87,"","",3074BD,Rotterdam
Bree,87,A,"",3074BD,Rotterdam
Bree,87,B,"",3074BD,Rotterdam
Bree,89,A,"",3074BD,Rotterdam
Bree,89,B,"",3074BD,Rotterdam
Bree,89,C,"",3074BD,Rotterdam
Bree,91,A,"",3074BD,Rotterdam
Bree,91,B,"",3074BD,Rotterdam
Bree,91,B,"",3074BD,Rotterdam
Bree,91,C,"",3074BD,Rotterdam
Bree,91,C,"",3074BD,Rotterdam
Bree,91,C,"",3074BD,Rotterdam
Bree,93,A,"",3074BD,Rotterdam
Bree,93,B,"",3074BD,Rotterdam
Bree,93,B,"",3074BD,Rotterdam
Bree,93,C,"",3074BD,Rotterdam
Bree,93,C,"",3074BD,Rotterdam
Bree,95,"","",3074BD,Rotterdam
Bree,95,A,"",3074BD,Rotterdam
Bree,95,B,"",3074BD,Rotterdam
Bree,97,A,01,3074BD,Rotterdam
Bree,97,A,02,3074BD,Rotterdam
Bree,97,B,01,3074BD,Rotterdam
Bree,97,B,02,3074BD,Rotterdam
Bree,97,C,"",3074BD,Rotterdam
Bree,97,C,"",3074BD,Rotterdam
Bree,97,D,"",3074BD,Rotterdam
Bree,97,E,"",3074BD,Rotterdam
Bree,97,F,"",3074BD,Rotterdam
Randstraat,10,"","",3074BE,Rotterdam
Randstraat,3,"","",3074BE,Rotterdam
Randstraat,5,"","",3074BE,Rotterdam
Randstraat,6,A,"",3074BE,Rotterdam
Randstraat,6,B,"",3074BE,Rotterdam
Randstraat,7,"","",3074BE,Rotterdam
Randstraat,7,A,"",3074BE,Rotterdam
Randstraat,7,B,"",3074BE,Rotterdam
Randweg,1,A,01,3074BG,Rotterdam
Randweg,1,A,02,3074BG,Rotterdam
Randweg,1,B,01,3074BG,Rotterdam
Randweg,1,B,02,3074BG,Rotterdam
Randweg,11,A,"",3074BG,Rotterdam
Randweg,11,B,"",3074BG,Rotterdam
Randweg,13,A,"",3074BG,Rotterdam
Randweg,13,B,"",3074BG,Rotterdam
Randweg,15,A,"",3074BG,Rotterdam
Randweg,15,B,"",3074BG,Rotterdam
Randweg,15,C,"",3074BG,Rotterdam
Randweg,3,A,"",3074BG,Rotterdam
Randweg,3,B,01,3074BG,Rotterdam
Randweg,3,B,02,3074BG,Rotterdam
Randweg,5,A,01,3074BG,Rotterdam
Randweg,5,A,02,3074BG,Rotterdam
Randweg,5,B,"",3074BG,Rotterdam
Randweg,5,C,01,3074BG,Rotterdam
Randweg,5,C,02,3074BG,Rotterdam
Randweg,7,A,"",3074BG,Rotterdam
Randweg,7,B,"",3074BG,Rotterdam
Randweg,7,C,"",3074BG,Rotterdam
Randweg,9,"","",3074BG,Rotterdam
Randweg,21,A,"",3074BH,Rotterdam
Randweg,21,B,"",3074BH,Rotterdam
Randweg,23,"","",3074BH,Rotterdam
Randweg,25,"","",3074BH,Rotterdam
Randweg,27,"","",3074BH,Rotterdam
Randweg,27,A,01,3074BH,Rotterdam
Randweg,27,A,02,3074BH,Rotterdam
Randweg,27,B,"",3074BH,Rotterdam
Randweg,27,B,"",3074BH,Rotterdam
Randweg,27,C,"",3074BH,Rotterdam
Randweg,29,A,"",3074BH,Rotterdam
Randweg,29,B,"",3074BH,Rotterdam
Randweg,31,"","",3074BH,Rotterdam
Randweg,31,"",BG,3074BH,Rotterdam
Randweg,33,"","",3074BH,Rotterdam
Randweg,35,"","",3074BH,Rotterdam
Randweg,35,"",BG,3074BH,Rotterdam
Randweg,37,A,"",3074BH,Rotterdam
Randweg,37,B,"",3074BH,Rotterdam
Randweg,39,A,"",3074BH,Rotterdam
Randweg,39,B,"",3074BH,Rotterdam
Randweg,41,A,"",3074BH,Rotterdam
Randweg,41,B,"",3074BH,Rotterdam
Randweg,43,A,"",3074BH,Rotterdam
Randweg,43,B,"",3074BH,Rotterdam
Randweg,45,"","",3074BH,Rotterdam
Randweg,47,A,"",3074BH,Rotterdam
Randweg,47,B,"",3074BH,Rotterdam
Randweg,49,"","",3074BJ,Rotterdam
Randweg,49,A,"",3074BJ,Rotterdam
Randweg,49,B,"",3074BJ,Rotterdam
Randweg,51,"","",3074BJ,Rotterdam
Randweg,53,A,"",3074BJ,Rotterdam
Randweg,53,B,"",3074BJ,Rotterdam
Randweg,55,A,"",3074BJ,Rotterdam
Randweg,55,B,"",3074BJ,Rotterdam
Randweg,57,A,"",3074BJ,Rotterdam
Randweg,57,B,"",3074BJ,Rotterdam
Randweg,59,A,"",3074BJ,Rotterdam
Randweg,59,B,"",3074BJ,Rotterdam
Randweg,61,A,"",3074BJ,Rotterdam
Randweg,61,B,"",3074BJ,Rotterdam
Randweg,63,A,"",3074BJ,Rotterdam
Randweg,63,B,"",3074BJ,Rotterdam
Randweg,65,"","",3074BJ,Rotterdam
Randweg,67,"","",3074BJ,Rotterdam
Randweg,69,"","",3074BJ,Rotterdam
Randweg,71,"","",3074BJ,Rotterdam
Randweg,73,"","",3074BJ,Rotterdam
Randweg,75,"","",3074BJ,Rotterdam
Randweg,77,"","",3074BJ,Rotterdam
Randweg,79,"","",3074BJ,Rotterdam
Randweg,79,A,"",3074BJ,Rotterdam
Randweg,79,B,"",3074BJ,Rotterdam
Randweg,79,C,"",3074BJ,Rotterdam
Randweg,79,D,"",3074BJ,Rotterdam
Randweg,79,E,"",3074BJ,Rotterdam
Randweg,79,F,"",3074BJ,Rotterdam
Randweg,101,A,"",3074BK,Rotterdam
Randweg,101,B,"",3074BK,Rotterdam
Randweg,103,"","",3074BK,Rotterdam
Randweg,105,"","",3074BK,Rotterdam
Randweg,105,A,"",3074BK,Rotterdam
Randweg,105,B,"",3074BK,Rotterdam
Randweg,107,"","",3074BK,Rotterdam
Randweg,107,A,"",3074BK,Rotterdam
Randweg,107,B,"",3074BK,Rotterdam
Randweg,83,A,"",3074BK,Rotterdam
Randweg,83,B,"",3074BK,Rotterdam
Randweg,85,A,"",3074BK,Rotterdam
Randweg,85,B,"",3074BK,Rotterdam
Randweg,87,A,"",3074BK,Rotterdam
Randweg,87,B,"",3074BK,Rotterdam
Randweg,89,A,"",3074BK,Rotterdam
Randweg,89,B,"",3074BK,Rotterdam
Randweg,91,A,"",3074BK,Rotterdam
Randweg,91,B,"",3074BK,Rotterdam
Randweg,91,C,"",3074BK,Rotterdam
Randweg,95,"","",3074BK,Rotterdam
Randweg,95,A,"",3074BK,Rotterdam
Randweg,95,B,"",3074BK,Rotterdam
Randweg,97,A,"",3074BK,Rotterdam
Randweg,97,B,"",3074BK,Rotterdam
Randweg,99,"","",3074BK,Rotterdam
Randweg,2,"",01,3074BM,Rotterdam
Randweg,2,"",02,3074BM,Rotterdam
Randweg,4,A,01,3074BM,Rotterdam
Randweg,4,A,02,3074BM,Rotterdam
Randweg,4,B,"",3074BM,Rotterdam
Randweg,6,A,"",3074BM,Rotterdam
Randweg,6,B,"",3074BM,Rotterdam
Randweg,6,B,"",3074BM,Rotterdam
Randweg,6,B,01,3074BM,Rotterdam
Randweg,6,B,02,3074BM,Rotterdam
Randweg,6,C,"",3074BM,Rotterdam
Randweg,8,A,01,3074BM,Rotterdam
Randweg,8,A,02,3074BM,Rotterdam
Randweg,8,B,"",3074BM,Rotterdam
Randweg,24,"","",3074BN,Rotterdam
Randweg,26,"","",3074BN,Rotterdam
Randweg,28,A,"",3074BN,Rotterdam
Randweg,28,B,"",3074BN,Rotterdam
Randweg,30,"","",3074BN,Rotterdam
Randweg,32,A,"",3074BN,Rotterdam
Randweg,32,B,"",3074BN,Rotterdam
Randweg,34,"","",3074BN,Rotterdam
Randweg,34,A,"",3074BN,Rotterdam
Randweg,34,A,"",3074BN,Rotterdam
Randweg,34,B,"",3074BN,Rotterdam
Randweg,34,B,"",3074BN,Rotterdam
Randweg,34,C,"",3074BN,Rotterdam
Randweg,34,C,"",3074BN,Rotterdam
Randweg,36,"","",3074BN,Rotterdam
Randweg,38,A,"",3074BP,Rotterdam
Randweg,38,B,"",3074BP,Rotterdam
Randweg,40,"","",3074BP,Rotterdam
Randweg,40,"",BG,3074BP,Rotterdam
Randweg,42,"","",3074BP,Rotterdam
Randweg,44,A,"",3074BP,Rotterdam
Randweg,44,B,"",3074BP,Rotterdam
Randweg,46,"","",3074BP,Rotterdam
Randweg,48,"","",3074BP,Rotterdam
Randweg,50,"","",3074BP,Rotterdam
Randweg,52,"","",3074BP,Rotterdam
Randweg,54,"","",3074BP,Rotterdam
Randweg,56,"","",3074BP,Rotterdam
Randweg,58,"","",3074BP,Rotterdam
Randweg,60,"","",3074BR,Rotterdam
Randweg,62,"","",3074BR,Rotterdam
Randweg,64,"","",3074BR,Rotterdam
Randweg,66,"","",3074BR,Rotterdam
Randweg,68,"","",3074BR,Rotterdam
Randweg,70,"","",3074BR,Rotterdam
Randweg,72,"","",3074BR,Rotterdam
Randweg,74,"","",3074BR,Rotterdam
Randweg,76,"","",3074BR,Rotterdam
Randweg,76,"",BG,3074BR,Rotterdam
Randweg,78,"","",3074BR,Rotterdam
Randweg,80,"","",3074BR,Rotterdam
Randweg,80,"",BG,3074BR,Rotterdam
Randweg,82,A,"",3074BS,Rotterdam
Randweg,82,B,"",3074BS,Rotterdam
Randweg,84,A,"",3074BS,Rotterdam
Randweg,84,B,"",3074BS,Rotterdam
Randweg,86,"","",3074BS,Rotterdam
Randweg,86,"","",3074BS,Rotterdam
Randweg,86,A,"",3074BS,Rotterdam
Randweg,86,A,"",3074BS,Rotterdam
Randweg,86,B,"",3074BS,Rotterdam
Randweg,86,B,"",3074BS,Rotterdam
Randweg,88,"","",3074BS,Rotterdam
Randweg,90,"","",3074BS,Rotterdam
Randweg,90,A,"",3074BS,Rotterdam
Randweg,90,B,"",3074BS,Rotterdam
Randweg,92,A,"",3074BS,Rotterdam
Randweg,92,B,"",3074BS,Rotterdam
Randweg,94,A,"",3074BS,Rotterdam
Randweg,94,B,"",3074BS,Rotterdam
Randweg,100,A,"",3074BT,Rotterdam
Randweg,100,B,"",3074BT,Rotterdam
Randweg,102,A,"",3074BT,Rotterdam
Randweg,102,B,"",3074BT,Rotterdam
Randweg,102,C,"",3074BT,Rotterdam
Randweg,104,A,"",3074BT,Rotterdam
Randweg,104,B,"",3074BT,Rotterdam
Randweg,106,A,"",3074BT,Rotterdam
Randweg,106,B,"",3074BT,Rotterdam
Randweg,96,A,"",3074BT,Rotterdam
Randweg,96,B,"",3074BT,Rotterdam
Randweg,98,"","",3074BT,Rotterdam
Randweg,108,A,"",3074BV,Rotterdam
Randweg,108,B,"",3074BV,Rotterdam
Randweg,110,"","",3074BV,Rotterdam
Randweg,112,A,"",3074BV,Rotterdam
Randweg,112,B,"",3074BV,Rotterdam
Randweg,114,A,"",3074BV,Rotterdam
Randweg,114,B,"",3074BV,Rotterdam
Randweg,116,A,"",3074BV,Rotterdam
Randweg,116,B,"",3074BV,Rotterdam
Randweg,118,A,"",3074BV,Rotterdam
Randweg,118,B,"",3074BV,Rotterdam
Randweg,120,"","",3074BV,Rotterdam
Randweg,122,"","",3074BW,Rotterdam
Randweg,124,"","",3074BW,Rotterdam
Randweg,126,"","",3074BW,Rotterdam
Randweg,128,"","",3074BW,Rotterdam
Randweg,130,A,"",3074BW,Rotterdam
Randweg,130,B,"",3074BW,Rotterdam
Randweg,132,A,"",3074BW,Rotterdam
Randweg,132,B,"",3074BW,Rotterdam
Randweg,134,A,"",3074BW,Rotterdam
Randweg,134,B,"",3074BW,Rotterdam
Randweg,136,A,"",3074BW,Rotterdam
Randweg,136,B,"",3074BW,Rotterdam
Randweg,138,"","",3074BW,Rotterdam
Randweg,140,A,"",3074BX,Rotterdam
Randweg,140,B,"",3074BX,Rotterdam
Randweg,142,A,"",3074BX,Rotterdam
Randweg,142,B,"",3074BX,Rotterdam
Randweg,144,A,"",3074BX,Rotterdam
Randweg,144,B,"",3074BX,Rotterdam
Randweg,146,A,"",3074BX,Rotterdam
Randweg,146,B,"",3074BX,Rotterdam
Randweg,148,A,"",3074BX,Rotterdam
Randweg,148,B,"",3074BX,Rotterdam
Randweg,150,A,"",3074BX,Rotterdam
Randweg,150,B,"",3074BX,Rotterdam
Randweg,152,A,"",3074BX,Rotterdam
Randweg,152,B,"",3074BX,Rotterdam
Randweg,154,A,"",3074BX,Rotterdam
Randweg,154,B,"",3074BX,Rotterdam
Riederlaan,1,"","",3074CA,Rotterdam
Riederlaan,11,"","",3074CA,Rotterdam
Riederlaan,13,"","",3074CA,Rotterdam
Riederlaan,15,"","",3074CA,Rotterdam
Riederlaan,17,A,"",3074CA,Rotterdam
Riederlaan,17,B,"",3074CA,Rotterdam
Riederlaan,17,B,"",3074CA,Rotterdam
Riederlaan,17,C,"",3074CA,Rotterdam
Riederlaan,17,D,"",3074CA,Rotterdam
Riederlaan,17,E,"",3074CA,Rotterdam
Riederlaan,17,F,"",3074CA,Rotterdam
Riederlaan,17,G,"",3074CA,Rotterdam
Riederlaan,19,A,"",3074CA,Rotterdam
Riederlaan,19,B,"",3074CA,Rotterdam
Riederlaan,19,C,"",3074CA,Rotterdam
Riederlaan,19,C,"",3074CA,Rotterdam
Riederlaan,19,D,"",3074CA,Rotterdam
Riederlaan,21,A,"",3074CA,Rotterdam
Riederlaan,21,B,"",3074CA,Rotterdam
Riederlaan,21,C,"",3074CA,Rotterdam
Riederlaan,21,D,"",3074CA,Rotterdam
Riederlaan,23,A,"",3074CA,Rotterdam
Riederlaan,23,B,"",3074CA,Rotterdam
Riederlaan,23,C,"",3074CA,Rotterdam
Riederlaan,23,D,"",3074CA,Rotterdam
Riederlaan,23,E,"",3074CA,Rotterdam
Riederlaan,23,F,"",3074CA,Rotterdam
Riederlaan,25,A,"",3074CA,Rotterdam
Riederlaan,25,B,"",3074CA,Rotterdam
Riederlaan,3,"","",3074CA,Rotterdam
Riederlaan,5,"","",3074CA,Rotterdam
Riederlaan,7,"","",3074CA,Rotterdam
Riederlaan,9,"","",3074CA,Rotterdam
Riederlaan,31,"","",3074CB,Rotterdam
Riederlaan,33,A,"",3074CB,Rotterdam
Riederlaan,33,B,"",3074CB,Rotterdam
Riederlaan,33,C,"",3074CB,Rotterdam
Riederlaan,35,A,"",3074CB,Rotterdam
Riederlaan,35,B,"",3074CB,Rotterdam
Riederlaan,35,C,"",3074CB,Rotterdam
Riederlaan,37,A,"",3074CC,Rotterdam
Riederlaan,37,B,"",3074CC,Rotterdam
Riederlaan,39,A,"",3074CC,Rotterdam
Riederlaan,39,B,"",3074CC,Rotterdam
Riederlaan,41,A,"",3074CC,Rotterdam
Riederlaan,41,B,"",3074CC,Rotterdam
Riederlaan,43,A,"",3074CC,Rotterdam
Riederlaan,43,B,"",3074CC,Rotterdam
Riederlaan,45,A,"",3074CC,Rotterdam
Riederlaan,45,B,"",3074CC,Rotterdam
Riederlaan,47,A,"",3074CC,Rotterdam
Riederlaan,47,B,"",3074CC,Rotterdam
Riederlaan,49,A,"",3074CC,Rotterdam
Riederlaan,49,B,"",3074CC,Rotterdam
Riederlaan,51,A,"",3074CC,Rotterdam
Riederlaan,51,B,"",3074CC,Rotterdam
Riederlaan,53,A,"",3074CC,Rotterdam
Riederlaan,53,B,"",3074CC,Rotterdam
Riederlaan,55,A,"",3074CC,Rotterdam
Riederlaan,55,B,"",3074CC,Rotterdam
Riederlaan,57,A,"",3074CC,Rotterdam
Riederlaan,57,B,"",3074CC,Rotterdam
Riederlaan,59,A,"",3074CC,Rotterdam
Riederlaan,59,B,"",3074CC,Rotterdam
Riederlaan,61,A,"",3074CC,Rotterdam
Riederlaan,61,B,"",3074CC,Rotterdam
Riederlaan,63,"","",3074CC,Rotterdam
Riederlaan,65,"","",3074CC,Rotterdam
Hollandsestraat,11,B,"",3074CD,Rotterdam
Riederlaan,67,A,"",3074CD,Rotterdam
Riederlaan,67,A,"",3074CD,Rotterdam
Riederlaan,67,B,01,3074CD,Rotterdam
Riederlaan,67,B,02,3074CD,Rotterdam
Riederlaan,67,B,03,3074CD,Rotterdam
Riederlaan,67,B,03A,3074CD,Rotterdam
Riederlaan,67,B,03V,3074CD,Rotterdam
Riederlaan,69,"","",3074CD,Rotterdam
Riederlaan,71,A,"",3074CD,Rotterdam
Riederlaan,71,B,"",3074CD,Rotterdam
Riederlaan,71,C,"",3074CD,Rotterdam
Riederlaan,71,D,"",3074CD,Rotterdam
Riederlaan,71,E,"",3074CD,Rotterdam
Riederlaan,71,F,"",3074CD,Rotterdam
Riederlaan,73,"","",3074CD,Rotterdam
Riederlaan,75,"","",3074CD,Rotterdam
Riederlaan,77,A,"",3074CD,Rotterdam
Riederlaan,77,B,"",3074CD,Rotterdam
Riederlaan,77,C,"",3074CD,Rotterdam
Riederlaan,77,D,"",3074CD,Rotterdam
Riederlaan,77,E,"",3074CD,Rotterdam
Riederlaan,77,F,"",3074CD,Rotterdam
Riederlaan,79,"","",3074CD,Rotterdam
Riederlaan,79,"",BG,3074CD,Rotterdam
Hollandsestraat,9,B,"",3074CD,Rotterdam
Riederlaan,81,A,"",3074CE,Rotterdam
Riederlaan,81,B,"",3074CE,Rotterdam
Riederlaan,83,"","",3074CE,Rotterdam
Riederlaan,85,A,"",3074CE,Rotterdam
Riederlaan,85,B,"",3074CE,Rotterdam
Riederlaan,85,C,"",3074CE,Rotterdam
Riederlaan,85,D,"",3074CE,Rotterdam
Riederlaan,85,E,"",3074CE,Rotterdam
Riederlaan,85,F,"",3074CE,Rotterdam
Riederlaan,87,"","",3074CE,Rotterdam
Riederlaan,91,A,01,3074CE,Rotterdam
Riederlaan,91,A,02,3074CE,Rotterdam
Riederlaan,91,B,"",3074CE,Rotterdam
Riederlaan,93,A,01,3074CE,Rotterdam
Riederlaan,93,A,02,3074CE,Rotterdam
Riederlaan,93,B,"",3074CE,Rotterdam
Riederlaan,95,A,01,3074CE,Rotterdam
Riederlaan,95,A,02,3074CE,Rotterdam
Riederlaan,95,B,"",3074CE,Rotterdam
Riederlaan,95,C,01,3074CE,Rotterdam
Riederlaan,95,C,01,3074CE,Rotterdam
Riederlaan,95,C,02,3074CE,Rotterdam
Riederlaan,95,C,02,3074CE,Rotterdam
Riederlaan,95,C,03,3074CE,Rotterdam
Riederlaan,95,C,03,3074CE,Rotterdam
Riederlaan,97,"","",3074CE,Rotterdam
Riederlaan,22,"","",3074CG,Rotterdam
Riederlaan,24,"","",3074CG,Rotterdam
Riederlaan,26,A,"",3074CG,Rotterdam
Riederlaan,26,B,"",3074CG,Rotterdam
Riederlaan,26,C,"",3074CG,Rotterdam
Riederlaan,26,D,"",3074CG,Rotterdam
Riederlaan,28,"","",3074CG,Rotterdam
Riederlaan,30,"","",3074CG,Rotterdam
Riederlaan,32,A,"",3074CG,Rotterdam
Riederlaan,32,B,"",3074CG,Rotterdam
Riederlaan,32,C,"",3074CG,Rotterdam
Riederlaan,32,D,"",3074CG,Rotterdam
Riederlaan,34,"","",3074CG,Rotterdam
Riederlaan,36,A,"",3074CG,Rotterdam
Riederlaan,36,B,"",3074CG,Rotterdam
Riederlaan,36,C,"",3074CG,Rotterdam
Riederlaan,38,A,"",3074CH,Rotterdam
Riederlaan,38,B,"",3074CH,Rotterdam
Riederlaan,40,"","",3074CH,Rotterdam
Riederlaan,42,A,"",3074CH,Rotterdam
Riederlaan,42,B,"",3074CH,Rotterdam
Riederlaan,42,C,"",3074CH,Rotterdam
Riederlaan,44,A,"",3074CH,Rotterdam
Riederlaan,44,B,"",3074CH,Rotterdam
Riederlaan,44,C,"",3074CH,Rotterdam
Riederlaan,46,"","",3074CH,Rotterdam
Riederlaan,48,"","",3074CJ,Rotterdam
Riederlaan,50,"","",3074CJ,Rotterdam
Riederlaan,52,"","",3074CJ,Rotterdam
Riederlaan,54,"","",3074CJ,Rotterdam
Riederlaan,56,"","",3074CJ,Rotterdam
Riederlaan,58,"","",3074CJ,Rotterdam
Riederlaan,60,"","",3074CJ,Rotterdam
Riederlaan,62,"","",3074CJ,Rotterdam
Riederlaan,64,"","",3074CJ,Rotterdam
Riederlaan,66,"","",3074CJ,Rotterdam
Riederlaan,68,"","",3074CJ,Rotterdam
Riederlaan,70,"","",3074CK,Rotterdam
Riederlaan,72,"","",3074CK,Rotterdam
Riederlaan,74,"","",3074CK,Rotterdam
Riederlaan,76,"","",3074CK,Rotterdam
Riederlaan,78,"","",3074CK,Rotterdam
Riederlaan,100,"","",3074CL,Rotterdam
Riederlaan,102,"","",3074CL,Rotterdam
Riederlaan,196,"","",3074CL,Rotterdam
Riederlaan,200,"","",3074CL,Rotterdam
Riederlaan,80,"","",3074CL,Rotterdam
Riederlaan,82,"","",3074CL,Rotterdam
Riederlaan,84,"","",3074CL,Rotterdam
Riederlaan,86,"","",3074CL,Rotterdam
Riederlaan,88,"","",3074CL,Rotterdam
Riederlaan,90,"","",3074CL,Rotterdam
Riederlaan,92,"","",3074CL,Rotterdam
Riederlaan,94,"","",3074CL,Rotterdam
Riederlaan,96,"","",3074CL,Rotterdam
Riederlaan,98,"","",3074CL,Rotterdam
Riederstraat,1,"","",3074CM,Rotterdam
Riederstraat,11,A,"",3074CM,Rotterdam
Riederstraat,11,B,"",3074CM,Rotterdam
Riederstraat,11,C,"",3074CM,Rotterdam
Riederstraat,11,D,"",3074CM,Rotterdam
Riederstraat,13,"",BG,3074CM,Rotterdam
Riederstraat,13,A,"",3074CM,Rotterdam
Riederstraat,13,B,"",3074CM,Rotterdam
Riederstraat,13,C,"",3074CM,Rotterdam
Riederstraat,3,"",BG,3074CM,Rotterdam
Riederstraat,3,A,"",3074CM,Rotterdam
Riederstraat,3,B,"",3074CM,Rotterdam
Riederstraat,3,C,"",3074CM,Rotterdam
Riederstraat,3,D,"",3074CM,Rotterdam
Riederstraat,5,A,"",3074CM,Rotterdam
Riederstraat,5,B,"",3074CM,Rotterdam
Riederstraat,5,C,"",3074CM,Rotterdam
Riederstraat,5,D,"",3074CM,Rotterdam
Riederstraat,7,A,"",3074CM,Rotterdam
Riederstraat,7,B,"",3074CM,Rotterdam
Riederstraat,7,C,"",3074CM,Rotterdam
Riederstraat,7,D,"",3074CM,Rotterdam
Riederstraat,7,E,"",3074CM,Rotterdam
Riederstraat,9,A,"",3074CM,Rotterdam
Riederstraat,9,B,"",3074CM,Rotterdam
Riederstraat,9,C,"",3074CM,Rotterdam
Riederstraat,9,D,"",3074CM,Rotterdam
Riederstraat,15,A,"",3074CN,Rotterdam
Riederstraat,15,B,"",3074CN,Rotterdam
Riederstraat,15,C,"",3074CN,Rotterdam
Riederstraat,15,D,"",3074CN,Rotterdam
Riederstraat,15,E,"",3074CN,Rotterdam
Riederstraat,17,A,"",3074CN,Rotterdam
Riederstraat,17,B,"",3074CN,Rotterdam
Riederstraat,17,C,"",3074CN,Rotterdam
Riederstraat,17,D,"",3074CN,Rotterdam
Riederstraat,19,A,"",3074CN,Rotterdam
Riederstraat,19,B,"",3074CN,Rotterdam
Riederstraat,19,C,"",3074CN,Rotterdam
Riederstraat,19,D,"",3074CN,Rotterdam
Riederstraat,19,E,"",3074CN,Rotterdam
Riederstraat,21,A,"",3074CN,Rotterdam
Riederstraat,21,B,"",3074CN,Rotterdam
Riederstraat,21,C,"",3074CN,Rotterdam
Riederstraat,21,D,"",3074CN,Rotterdam
Riederstraat,23,"",BG,3074CN,Rotterdam
Riederstraat,23,A,"",3074CN,Rotterdam
Riederstraat,23,B,"",3074CN,Rotterdam
Riederstraat,23,C,"",3074CN,Rotterdam
Riederstraat,23,D,"",3074CN,Rotterdam
Riederstraat,23,E,"",3074CN,Rotterdam
Riederstraat,25,A,"",3074CN,Rotterdam
Riederstraat,25,B,"",3074CN,Rotterdam
Riederstraat,25,C,"",3074CN,Rotterdam
Riederstraat,27,A,"",3074CN,Rotterdam
Riederstraat,27,B,"",3074CN,Rotterdam
Riederstraat,27,C,"",3074CN,Rotterdam
Riederstraat,27,D,"",3074CN,Rotterdam
Riederstraat,27,E,"",3074CN,Rotterdam
Riederstraat,10,"","",3074CP,Rotterdam
Riederstraat,12,"","",3074CP,Rotterdam
Riederstraat,14,A,"",3074CP,Rotterdam
Riederstraat,14,B,"",3074CP,Rotterdam
Riederstraat,2,"","",3074CP,Rotterdam
Riederstraat,4,A,"",3074CP,Rotterdam
Riederstraat,4,A,BG,3074CP,Rotterdam
Riederstraat,4,B,"",3074CP,Rotterdam
Riederstraat,4,C,"",3074CP,Rotterdam
Riederstraat,4,D,"",3074CP,Rotterdam
Riederstraat,6,"",BG,3074CP,Rotterdam
Riederstraat,6,"",BG,3074CP,Rotterdam
Riederstraat,6,A,"",3074CP,Rotterdam
Riederstraat,6,B,"",3074CP,Rotterdam
Riederstraat,6,C,"",3074CP,Rotterdam
Riederstraat,8,A,"",3074CP,Rotterdam
Riederstraat,8,B,"",3074CP,Rotterdam
Riederstraat,8,C,"",3074CP,Rotterdam
Riederstraat,16,"","",3074CR,Rotterdam
Riederstraat,18,"","",3074CR,Rotterdam
Riederstraat,20,"","",3074CR,Rotterdam
Riederstraat,22,"","",3074CR,Rotterdam
Riederstraat,24,A,"",3074CR,Rotterdam
Riederstraat,24,B,"",3074CR,Rotterdam
Riederstraat,26,"","",3074CR,Rotterdam
Riederstraat,28,"","",3074CR,Rotterdam
Riederstraat,30,A,"",3074CR,Rotterdam
Riederstraat,30,A,BG,3074CR,Rotterdam
Riederstraat,30,B,"",3074CR,Rotterdam
Riederstraat,30,C,"",3074CR,Rotterdam
Riederstraat,30,D,"",3074CR,Rotterdam
Riederstraat,32,A,"",3074CR,Rotterdam
Riederstraat,32,B,"",3074CR,Rotterdam
Riederstraat,32,C,"",3074CR,Rotterdam
Riederstraat,34,A,"",3074CR,Rotterdam
Riederstraat,34,B,"",3074CR,Rotterdam
Riederstraat,34,C,"",3074CR,Rotterdam
Riederstraat,34,D,"",3074CR,Rotterdam
Riederstraat,34,E,"",3074CR,Rotterdam
Riederstraat,36,A,"",3074CR,Rotterdam
Riederstraat,36,B,"",3074CR,Rotterdam
Riederstraat,36,C,"",3074CR,Rotterdam
Riederstraat,36,D,"",3074CR,Rotterdam
Riederstraat,38,A,"",3074CR,Rotterdam
Riederstraat,38,B,"",3074CR,Rotterdam
Riederstraat,38,C,"",3074CR,Rotterdam
Riederstraat,38,D,"",3074CR,Rotterdam
Riederstraat,38,E,"",3074CR,Rotterdam
Riederstraat,38,F,"",3074CR,Rotterdam
Riederstraat,40,A,"",3074CR,Rotterdam
Riederstraat,40,B,"",3074CR,Rotterdam
Riederstraat,40,C,"",3074CR,Rotterdam
Riederstraat,42,A,"",3074CR,Rotterdam
Riederstraat,42,B,"",3074CR,Rotterdam
Riederstraat,42,C,"",3074CR,Rotterdam
Riederstraat,42,D,"",3074CR,Rotterdam
Riederstraat,42,E,"",3074CR,Rotterdam
Riederstraat,44,A,"",3074CR,Rotterdam
Riederstraat,44,B,"",3074CR,Rotterdam
Westerbeekstraat,11,A,"",3074DA,Rotterdam
Westerbeekstraat,11,B,"",3074DA,Rotterdam
Westerbeekstraat,11,C,"",3074DA,Rotterdam
Westerbeekstraat,11,D,"",3074DA,Rotterdam
Westerbeekstraat,13,A,"",3074DA,Rotterdam
Westerbeekstraat,13,B,"",3074DA,Rotterdam
Westerbeekstraat,13,C,"",3074DA,Rotterdam
Westerbeekstraat,13,D,"",3074DA,Rotterdam
Westerbeekstraat,13,E,"",3074DA,Rotterdam
Westerbeekstraat,13,F,"",3074DA,Rotterdam
Westerbeekstraat,3,A,"",3074DA,Rotterdam
Westerbeekstraat,3,B,"",3074DA,Rotterdam
Westerbeekstraat,3,C,"",3074DA,Rotterdam
Westerbeekstraat,3,D,"",3074DA,Rotterdam
Westerbeekstraat,5,B,"",3074DA,Rotterdam
Westerbeekstraat,5,C,"",3074DA,Rotterdam
Westerbeekstraat,5,D,"",3074DA,Rotterdam
Westerbeekstraat,7,"","",3074DA,Rotterdam
Westerbeekstraat,9,B,"",3074DA,Rotterdam
Westerbeekstraat,9,C,"",3074DA,Rotterdam
Westerbeekstraat,9,D,"",3074DA,Rotterdam
Westerbeekstraat,15,A,"",3074DB,Rotterdam
Westerbeekstraat,15,B,"",3074DB,Rotterdam
Westerbeekstraat,15,C,"",3074DB,Rotterdam
Westerbeekstraat,17,A,"",3074DB,Rotterdam
Westerbeekstraat,17,B,"",3074DB,Rotterdam
Westerbeekstraat,17,C,"",3074DB,Rotterdam
Westerbeekstraat,19,A,"",3074DB,Rotterdam
Westerbeekstraat,19,B,"",3074DB,Rotterdam
Westerbeekstraat,19,C,"",3074DB,Rotterdam
Westerbeekstraat,21,A,"",3074DB,Rotterdam
Westerbeekstraat,21,B,"",3074DB,Rotterdam
Westerbeekstraat,21,C,"",3074DB,Rotterdam
Westerbeekstraat,23,A,"",3074DB,Rotterdam
Westerbeekstraat,23,B,"",3074DB,Rotterdam
Westerbeekstraat,23,C,"",3074DB,Rotterdam
Westerbeekstraat,25,A,"",3074DB,Rotterdam
Westerbeekstraat,25,B,"",3074DB,Rotterdam
Westerbeekstraat,25,C,"",3074DB,Rotterdam
Westerbeekstraat,27,B,"",3074DB,Rotterdam
Westerbeekstraat,29,"","",3074DB,Rotterdam
Westerbeekstraat,31,A,"",3074DB,Rotterdam
Westerbeekstraat,31,B,"",3074DB,Rotterdam
Westerbeekstraat,31,C,"",3074DB,Rotterdam
Westerbeekstraat,31,D,"",3074DB,Rotterdam
Westerbeekstraat,31,E,"",3074DB,Rotterdam
Westerbeekstraat,31,F,"",3074DB,Rotterdam
Westerbeekstraat,31,G,"",3074DB,Rotterdam
Westerbeekstraat,31,H,"",3074DB,Rotterdam
Westerbeekstraat,35,A,"",3074DC,Rotterdam
Westerbeekstraat,35,B,"",3074DC,Rotterdam
Westerbeekstraat,35,C,"",3074DC,Rotterdam
Westerbeekstraat,37,A,"",3074DC,Rotterdam
Westerbeekstraat,37,B,"",3074DC,Rotterdam
Westerbeekstraat,37,C,"",3074DC,Rotterdam
Westerbeekstraat,37,D,"",3074DC,Rotterdam
Westerbeekstraat,37,E,"",3074DC,Rotterdam
Westerbeekstraat,39,A,"",3074DC,Rotterdam
Westerbeekstraat,39,B,"",3074DC,Rotterdam
Westerbeekstraat,39,C,"",3074DC,Rotterdam
Westerbeekstraat,41,A,"",3074DC,Rotterdam
Westerbeekstraat,41,B,"",3074DC,Rotterdam
Westerbeekstraat,41,C,"",3074DC,Rotterdam
Westerbeekstraat,41,D,"",3074DC,Rotterdam
Westerbeekstraat,41,E,"",3074DC,Rotterdam
Westerbeekstraat,41,F,"",3074DC,Rotterdam
Westerbeekstraat,43,A,"",3074DC,Rotterdam
Westerbeekstraat,43,B,"",3074DC,Rotterdam
Westerbeekstraat,43,C,"",3074DC,Rotterdam
Westerbeekstraat,43,D,"",3074DC,Rotterdam
Westerbeekstraat,45,A,"",3074DC,Rotterdam
Westerbeekstraat,45,B,"",3074DC,Rotterdam
Westerbeekstraat,45,C,"",3074DC,Rotterdam
Westerbeekstraat,45,D,"",3074DC,Rotterdam
Westerbeekstraat,45,E,"",3074DC,Rotterdam
Westerbeekstraat,47,A,"",3074DC,Rotterdam
Westerbeekstraat,47,B,"",3074DC,Rotterdam
Westerbeekstraat,47,C,"",3074DC,Rotterdam
Westerbeekstraat,49,A,"",3074DC,Rotterdam
Westerbeekstraat,49,B,"",3074DC,Rotterdam
Westerbeekstraat,49,C,"",3074DC,Rotterdam
Westerbeekstraat,49,D,"",3074DC,Rotterdam
Westerbeekstraat,49,E,"",3074DC,Rotterdam
Westerbeekstraat,49,F,"",3074DC,Rotterdam
Westerbeekstraat,51,"",BG,3074DC,Rotterdam
Westerbeekstraat,51,A,"",3074DC,Rotterdam
Westerbeekstraat,51,B,"",3074DC,Rotterdam
Westerbeekstraat,51,C,"",3074DC,Rotterdam
Westerbeekstraat,55,"","",3074DD,Rotterdam
Westerbeekstraat,55,A,"",3074DD,Rotterdam
Westerbeekstraat,55,B,"",3074DD,Rotterdam
Westerbeekstraat,55,C,"",3074DD,Rotterdam
Westerbeekstraat,55,D,"",3074DD,Rotterdam
Westerbeekstraat,55,E,"",3074DD,Rotterdam
Westerbeekstraat,57,A,"",3074DD,Rotterdam
Westerbeekstraat,57,A,"",3074DD,Rotterdam
Westerbeekstraat,57,B,"",3074DD,Rotterdam
Westerbeekstraat,57,B,"",3074DD,Rotterdam
Westerbeekstraat,57,C,"",3074DD,Rotterdam
Westerbeekstraat,57,C,"",3074DD,Rotterdam
Westerbeekstraat,57,D,"",3074DD,Rotterdam
Westerbeekstraat,59,"",BG,3074DD,Rotterdam
Westerbeekstraat,59,A,"",3074DD,Rotterdam
Westerbeekstraat,59,A,"",3074DD,Rotterdam
Westerbeekstraat,59,B,"",3074DD,Rotterdam
Westerbeekstraat,59,B,"",3074DD,Rotterdam
Westerbeekstraat,59,C,"",3074DD,Rotterdam
Westerbeekstraat,59,C,"",3074DD,Rotterdam
Westerbeekstraat,61,A,"",3074DD,Rotterdam
Westerbeekstraat,61,B,"",3074DD,Rotterdam
Westerbeekstraat,61,C,"",3074DD,Rotterdam
Westerbeekstraat,63,"","",3074DD,Rotterdam
Westerbeekstraat,65,A,"",3074DE,Rotterdam
Westerbeekstraat,65,A,BG,3074DE,Rotterdam
Westerbeekstraat,65,B,"",3074DE,Rotterdam
Westerbeekstraat,65,C,"",3074DE,Rotterdam
Westerbeekstraat,65,D,"",3074DE,Rotterdam
Westerbeekstraat,67,A,"",3074DE,Rotterdam
Westerbeekstraat,67,B,"",3074DE,Rotterdam
Westerbeekstraat,67,C,"",3074DE,Rotterdam
Westerbeekstraat,67,D,"",3074DE,Rotterdam
Westerbeekstraat,69,A,"",3074DE,Rotterdam
Westerbeekstraat,69,B,"",3074DE,Rotterdam
Westerbeekstraat,69,C,"",3074DE,Rotterdam
Westerbeekstraat,71,A,"",3074DE,Rotterdam
Westerbeekstraat,71,B,"",3074DE,Rotterdam
Westerbeekstraat,71,C,"",3074DE,Rotterdam
Westerbeekstraat,71,D,"",3074DE,Rotterdam
Westerbeekstraat,71,E,"",3074DE,Rotterdam
Westerbeekstraat,73,A,"",3074DE,Rotterdam
Westerbeekstraat,73,B,"",3074DE,Rotterdam
Westerbeekstraat,73,C,"",3074DE,Rotterdam
Westerbeekstraat,73,D,"",3074DE,Rotterdam
Westerbeekstraat,73,E,"",3074DE,Rotterdam
Westerbeekstraat,75,A,"",3074DE,Rotterdam
Westerbeekstraat,75,B,"",3074DE,Rotterdam
Westerbeekstraat,75,B,BG,3074DE,Rotterdam
Westerbeekstraat,75,C,"",3074DE,Rotterdam
Westerbeekstraat,75,D,"",3074DE,Rotterdam
Westerbeekstraat,77,A,"",3074DE,Rotterdam
Westerbeekstraat,77,B,"",3074DE,Rotterdam
Westerbeekstraat,77,C,"",3074DE,Rotterdam
Westerbeekstraat,77,D,"",3074DE,Rotterdam
Westerbeekstraat,83,A,"",3074DG,Rotterdam
Westerbeekstraat,83,B,"",3074DG,Rotterdam
Westerbeekstraat,83,C,"",3074DG,Rotterdam
Westerbeekstraat,83,D,"",3074DG,Rotterdam
Westerbeekstraat,85,A,"",3074DG,Rotterdam
Westerbeekstraat,85,B,"",3074DG,Rotterdam
Westerbeekstraat,85,C,"",3074DG,Rotterdam
Westerbeekstraat,85,D,"",3074DG,Rotterdam
Westerbeekstraat,87,A,"",3074DG,Rotterdam
Westerbeekstraat,87,B,"",3074DG,Rotterdam
Westerbeekstraat,87,C,"",3074DG,Rotterdam
Westerbeekstraat,10,A,"",3074DH,Rotterdam
Westerbeekstraat,10,B,"",3074DH,Rotterdam
Westerbeekstraat,12,A,"",3074DH,Rotterdam
Westerbeekstraat,12,B,"",3074DH,Rotterdam
Westerbeekstraat,12,C,"",3074DH,Rotterdam
Westerbeekstraat,12,D,"",3074DH,Rotterdam
Westerbeekstraat,12,E,"",3074DH,Rotterdam
Westerbeekstraat,12,F,"",3074DH,Rotterdam
Westerbeekstraat,14,A,"",3074DH,Rotterdam
Westerbeekstraat,14,B,"",3074DH,Rotterdam
Westerbeekstraat,16,A,"",3074DH,Rotterdam
Westerbeekstraat,16,B,"",3074DH,Rotterdam
Westerbeekstraat,16,C,"",3074DH,Rotterdam
Westerbeekstraat,18,A,"",3074DH,Rotterdam
Westerbeekstraat,18,B,"",3074DH,Rotterdam
Westerbeekstraat,18,C,"",3074DH,Rotterdam
Westerbeekstraat,2,A,"",3074DH,Rotterdam
Westerbeekstraat,2,B,"",3074DH,Rotterdam
Westerbeekstraat,2,C,"",3074DH,Rotterdam
Westerbeekstraat,20,A,"",3074DH,Rotterdam
Westerbeekstraat,20,B,"",3074DH,Rotterdam
Westerbeekstraat,20,C,"",3074DH,Rotterdam
Westerbeekstraat,20,D,"",3074DH,Rotterdam
Westerbeekstraat,20,E,"",3074DH,Rotterdam
Westerbeekstraat,4,A,"",3074DH,Rotterdam
Westerbeekstraat,4,B,"",3074DH,Rotterdam
Westerbeekstraat,4,C,"",3074DH,Rotterdam
Westerbeekstraat,6,"","",3074DH,Rotterdam
Westerbeekstraat,8,A,"",3074DH,Rotterdam
Westerbeekstraat,8,B,"",3074DH,Rotterdam
Westerbeekstraat,22,A,"",3074DJ,Rotterdam
Westerbeekstraat,22,B,"",3074DJ,Rotterdam
Westerbeekstraat,22,C,"",3074DJ,Rotterdam
Westerbeekstraat,22,D,"",3074DJ,Rotterdam
Westerbeekstraat,24,A,"",3074DJ,Rotterdam
Westerbeekstraat,24,B,"",3074DJ,Rotterdam
Westerbeekstraat,24,C,"",3074DJ,Rotterdam
Westerbeekstraat,24,D,"",3074DJ,Rotterdam
Westerbeekstraat,26,A,"",3074DJ,Rotterdam
Westerbeekstraat,26,B,"",3074DJ,Rotterdam
Westerbeekstraat,26,C,"",3074DJ,Rotterdam
Westerbeekstraat,26,D,"",3074DJ,Rotterdam
Westerbeekstraat,28,A,"",3074DJ,Rotterdam
Westerbeekstraat,28,B,"",3074DJ,Rotterdam
Westerbeekstraat,28,C,"",3074DJ,Rotterdam
Westerbeekstraat,30,A,"",3074DJ,Rotterdam
Westerbeekstraat,30,B,"",3074DJ,Rotterdam
Westerbeekstraat,30,C,"",3074DJ,Rotterdam
Westerbeekstraat,30,D,"",3074DJ,Rotterdam
Westerbeekstraat,32,A,"",3074DJ,Rotterdam
Westerbeekstraat,32,B,"",3074DJ,Rotterdam
Westerbeekstraat,32,C,"",3074DJ,Rotterdam
Westerbeekstraat,32,D,"",3074DJ,Rotterdam
Westerbeekstraat,34,A,"",3074DK,Rotterdam
Westerbeekstraat,34,B,"",3074DK,Rotterdam
Westerbeekstraat,34,C,"",3074DK,Rotterdam
Westerbeekstraat,34,D,"",3074DK,Rotterdam
Westerbeekstraat,34,E,"",3074DK,Rotterdam
Westerbeekstraat,36,"",BG,3074DK,Rotterdam
Westerbeekstraat,36,A,"",3074DK,Rotterdam
Westerbeekstraat,36,B,"",3074DK,Rotterdam
Westerbeekstraat,36,C,"",3074DK,Rotterdam
Westerbeekstraat,36,D,"",3074DK,Rotterdam
Westerbeekstraat,38,A,"",3074DK,Rotterdam
Westerbeekstraat,38,B,"",3074DK,Rotterdam
Westerbeekstraat,38,C,"",3074DK,Rotterdam
Westerbeekstraat,38,D,"",3074DK,Rotterdam
Westerbeekstraat,38,E,"",3074DK,Rotterdam
Westerbeekstraat,40,A,"",3074DK,Rotterdam
Westerbeekstraat,40,B,"",3074DK,Rotterdam
Westerbeekstraat,40,C,"",3074DK,Rotterdam
Westerbeekstraat,40,D,"",3074DK,Rotterdam
Westerbeekstraat,42,A,"",3074DK,Rotterdam
Westerbeekstraat,42,B,"",3074DK,Rotterdam
Westerbeekstraat,42,C,"",3074DK,Rotterdam
Westerbeekstraat,42,D,"",3074DK,Rotterdam
Westerbeekstraat,42,E,"",3074DK,Rotterdam
Westerbeekstraat,44,A,"",3074DK,Rotterdam
Westerbeekstraat,44,B,"",3074DK,Rotterdam
Westerbeekstraat,44,C,"",3074DK,Rotterdam
Westerbeekstraat,44,D,"",3074DK,Rotterdam
Westerbeekstraat,46,A,"",3074DK,Rotterdam
Westerbeekstraat,46,B,"",3074DK,Rotterdam
Westerbeekstraat,46,C,"",3074DK,Rotterdam
Westerbeekstraat,46,D,"",3074DK,Rotterdam
Westerbeekstraat,46,E,"",3074DK,Rotterdam
Westerbeekstraat,48,A,"",3074DL,Rotterdam
Westerbeekstraat,48,B,"",3074DL,Rotterdam
Westerbeekstraat,48,C,"",3074DL,Rotterdam
Westerbeekstraat,48,D,"",3074DL,Rotterdam
Westerbeekstraat,50,"",BG,3074DL,Rotterdam
Westerbeekstraat,50,A,"",3074DL,Rotterdam
Westerbeekstraat,50,B,"",3074DL,Rotterdam
Westerbeekstraat,50,C,"",3074DL,Rotterdam
Westerbeekstraat,50,D,"",3074DL,Rotterdam
Westerbeekstraat,52,A,"",3074DL,Rotterdam
Westerbeekstraat,52,B,"",3074DL,Rotterdam
Westerbeekstraat,52,C,"",3074DL,Rotterdam
Westerbeekstraat,52,D,"",3074DL,Rotterdam
Westerbeekstraat,54,A,"",3074DL,Rotterdam
Westerbeekstraat,54,B,"",3074DL,Rotterdam
Westerbeekstraat,54,C,"",3074DL,Rotterdam
Westerbeekstraat,54,D,"",3074DL,Rotterdam
Westerbeekstraat,54,E,"",3074DL,Rotterdam
Westerbeekstraat,56,"",BG,3074DL,Rotterdam
Westerbeekstraat,56,A,"",3074DL,Rotterdam
Westerbeekstraat,56,B,"",3074DL,Rotterdam
Westerbeekstraat,56,C,"",3074DL,Rotterdam
Westerbeekstraat,56,D,"",3074DL,Rotterdam
Westerbeekstraat,58,A,"",3074DL,Rotterdam
Westerbeekstraat,58,B,"",3074DL,Rotterdam
Westerbeekstraat,58,C,"",3074DL,Rotterdam
Westerbeekstraat,60,A,"",3074DL,Rotterdam
Westerbeekstraat,60,B,"",3074DL,Rotterdam
Westerbeekstraat,60,C,"",3074DL,Rotterdam
Westerbeekstraat,60,D,"",3074DL,Rotterdam
Westerbeekstraat,60,E,"",3074DL,Rotterdam
Westerbeekstraat,66,A,"",3074DM,Rotterdam
Westerbeekstraat,66,B,"",3074DM,Rotterdam
Westerbeekstraat,66,C,"",3074DM,Rotterdam
Westerbeekstraat,66,D,"",3074DM,Rotterdam
Westerbeekstraat,68,A,"",3074DM,Rotterdam
Westerbeekstraat,68,B,"",3074DM,Rotterdam
Westerbeekstraat,68,C,"",3074DM,Rotterdam
Westerbeekstraat,68,D,"",3074DM,Rotterdam
Westerbeekstraat,68,E,"",3074DM,Rotterdam
Westerbeekstraat,72,A,"",3074DN,Rotterdam
Westerbeekstraat,72,B,"",3074DN,Rotterdam
Westerbeekstraat,72,C,"",3074DN,Rotterdam
Westerbeekstraat,74,A,"",3074DN,Rotterdam
Westerbeekstraat,74,B,"",3074DN,Rotterdam
Westerbeekstraat,74,C,"",3074DN,Rotterdam
Westerbeekstraat,74,D,"",3074DN,Rotterdam
Westerbeekstraat,76,A,"",3074DN,Rotterdam
Westerbeekstraat,76,B,"",3074DN,Rotterdam
Westerbeekstraat,76,C,"",3074DN,Rotterdam
Westerbeekstraat,78,A,"",3074DN,Rotterdam
Westerbeekstraat,78,B,"",3074DN,Rotterdam
Westerbeekstraat,78,C,"",3074DN,Rotterdam
Westerbeekstraat,78,D,"",3074DN,Rotterdam
Westerbeekstraat,78,E,"",3074DN,Rotterdam
Westerbeekstraat,80,A,"",3074DN,Rotterdam
Westerbeekstraat,80,B,"",3074DN,Rotterdam
Westerbeekstraat,80,C,"",3074DN,Rotterdam
Westerbeekstraat,80,D,"",3074DN,Rotterdam
Westerbeekstraat,80,E,"",3074DN,Rotterdam
Westerbeekstraat,82,A,"",3074DN,Rotterdam
Westerbeekstraat,82,B,"",3074DN,Rotterdam
Westerbeekstraat,82,C,"",3074DN,Rotterdam
Westerbeekstraat,82,D,"",3074DN,Rotterdam
Westerbeekstraat,84,A,"",3074DN,Rotterdam
Westerbeekstraat,84,B,"",3074DN,Rotterdam
Westerbeekstraat,84,C,"",3074DN,Rotterdam
Beijerlandselaan,1,A,"",3074EA,Rotterdam
Beijerlandselaan,1,B,01,3074EA,Rotterdam
Beijerlandselaan,1,B,02,3074EA,Rotterdam
Beijerlandselaan,11,A,"",3074EA,Rotterdam
Beijerlandselaan,11,B,01,3074EA,Rotterdam
Beijerlandselaan,11,B,02,3074EA,Rotterdam
Beijerlandselaan,13,A,"",3074EA,Rotterdam
Beijerlandselaan,13,B,01,3074EA,Rotterdam
Beijerlandselaan,13,B,02,3074EA,Rotterdam
Beijerlandselaan,15,A,"",3074EA,Rotterdam
Beijerlandselaan,15,A,"",3074EA,Rotterdam
Beijerlandselaan,15,B,01,3074EA,Rotterdam
Beijerlandselaan,15,B,02,3074EA,Rotterdam
Beijerlandselaan,17,A,"",3074EA,Rotterdam
Beijerlandselaan,17,B,01,3074EA,Rotterdam
Beijerlandselaan,17,B,02,3074EA,Rotterdam
Beijerlandselaan,19,A,01,3074EA,Rotterdam
Beijerlandselaan,19,A,02,3074EA,Rotterdam
Beijerlandselaan,19,B,"",3074EA,Rotterdam
Beijerlandselaan,21,A,"",3074EA,Rotterdam
Beijerlandselaan,21,B,01,3074EA,Rotterdam
Beijerlandselaan,21,B,02,3074EA,Rotterdam
Beijerlandselaan,23,A,"",3074EA,Rotterdam
Beijerlandselaan,23,B,"",3074EA,Rotterdam
Beijerlandselaan,23,B,01,3074EA,Rotterdam
Beijerlandselaan,23,B,02,3074EA,Rotterdam
Beijerlandselaan,23,C,"",3074EA,Rotterdam
Beijerlandselaan,23,D,"",3074EA,Rotterdam
Beijerlandselaan,25,A,"",3074EA,Rotterdam
Beijerlandselaan,25,A,01,3074EA,Rotterdam
Beijerlandselaan,25,A,02,3074EA,Rotterdam
Beijerlandselaan,25,B,"",3074EA,Rotterdam
Beijerlandselaan,25,B,"",3074EA,Rotterdam
Beijerlandselaan,25,B,"",3074EA,Rotterdam
Beijerlandselaan,25,C,"",3074EA,Rotterdam
Beijerlandselaan,25,C,"",3074EA,Rotterdam
Beijerlandselaan,25,D,"",3074EA,Rotterdam
Beijerlandselaan,25,D,"",3074EA,Rotterdam
Beijerlandselaan,27,B,"",3074EA,Rotterdam
Beijerlandselaan,3,"",01,3074EA,Rotterdam
Beijerlandselaan,3,"",02,3074EA,Rotterdam
Beijerlandselaan,5,A,"",3074EA,Rotterdam
Beijerlandselaan,5,B,01,3074EA,Rotterdam
Beijerlandselaan,5,B,02,3074EA,Rotterdam
Beijerlandselaan,7,A,01,3074EA,Rotterdam
Beijerlandselaan,7,A,02,3074EA,Rotterdam
Beijerlandselaan,7,B,"",3074EA,Rotterdam
Beijerlandselaan,9,B,01,3074EA,Rotterdam
Beijerlandselaan,9,B,02,3074EA,Rotterdam
Beijerlandselaan,27,A,01,3074EB,Rotterdam
Beijerlandselaan,27,A,02,3074EB,Rotterdam
Beijerlandselaan,27,A,02,3074EB,Rotterdam
Beijerlandselaan,27,A,03,3074EB,Rotterdam
Beijerlandselaan,27,B,"",3074EB,Rotterdam
Beijerlandselaan,27,B,"",3074EB,Rotterdam
Beijerlandselaan,29,A,01,3074EB,Rotterdam
Beijerlandselaan,29,A,02,3074EB,Rotterdam
Beijerlandselaan,29,A,02,3074EB,Rotterdam
Beijerlandselaan,29,A,03,3074EB,Rotterdam
Beijerlandselaan,29,B,"",3074EB,Rotterdam
Beijerlandselaan,31,A,"",3074EB,Rotterdam
Beijerlandselaan,31,A,01,3074EB,Rotterdam
Beijerlandselaan,31,A,02,3074EB,Rotterdam
Beijerlandselaan,31,A,02,3074EB,Rotterdam
Beijerlandselaan,31,A,03,3074EB,Rotterdam
Beijerlandselaan,31,B,"",3074EB,Rotterdam
Beijerlandselaan,31,B,"",3074EB,Rotterdam
Beijerlandselaan,31,C,"",3074EB,Rotterdam
Beijerlandselaan,31,D,"",3074EB,Rotterdam
Beijerlandselaan,33,A,"",3074EB,Rotterdam
Beijerlandselaan,33,B,01,3074EB,Rotterdam
Beijerlandselaan,33,B,02,3074EB,Rotterdam
Beijerlandselaan,35,A,"",3074EB,Rotterdam
Beijerlandselaan,35,A,01,3074EB,Rotterdam
Beijerlandselaan,35,A,02,3074EB,Rotterdam
Beijerlandselaan,35,B,"",3074EB,Rotterdam
Beijerlandselaan,35,B,"",3074EB,Rotterdam
Beijerlandselaan,35,C,"",3074EB,Rotterdam
Beijerlandselaan,37,"",01,3074EB,Rotterdam
Beijerlandselaan,37,"",02,3074EB,Rotterdam
Beijerlandselaan,37,B,"",3074EB,Rotterdam
Beijerlandselaan,37,C,"",3074EB,Rotterdam
Beijerlandselaan,39,A,01,3074EB,Rotterdam
Beijerlandselaan,39,A,02,3074EB,Rotterdam
Beijerlandselaan,39,B,"",3074EB,Rotterdam
Beijerlandselaan,39,B,"",3074EB,Rotterdam
Beijerlandselaan,39,C,"",3074EB,Rotterdam
Beijerlandselaan,41,"",01,3074EB,Rotterdam
Beijerlandselaan,41,"",02,3074EB,Rotterdam
Beijerlandselaan,43,A,01,3074EB,Rotterdam
Beijerlandselaan,43,A,02,3074EB,Rotterdam
Beijerlandselaan,43,B,"",3074EB,Rotterdam
Beijerlandselaan,43,B,BG,3074EB,Rotterdam
Beijerlandselaan,43,B,KE,3074EB,Rotterdam
Beijerlandselaan,45,"",01,3074EB,Rotterdam
Beijerlandselaan,45,"",02,3074EB,Rotterdam
Beijerlandselaan,47,A,"",3074EB,Rotterdam
Beijerlandselaan,47,A,"",3074EB,Rotterdam
Beijerlandselaan,47,A,01,3074EB,Rotterdam
Beijerlandselaan,47,B,"",3074EB,Rotterdam
Beijerlandselaan,63,"","",3074EC,Rotterdam
Beijerlandselaan,65,B,"",3074EC,Rotterdam
Beijerlandselaan,67,"","",3074EC,Rotterdam
Beijerlandselaan,69,B,"",3074EC,Rotterdam
Beijerlandselaan,73,B,"",3074EC,Rotterdam
Beijerlandselaan,73,B,"",3074EC,Rotterdam
Beijerlandselaan,75,"",BG,3074EC,Rotterdam
Beijerlandselaan,77,B,"",3074EC,Rotterdam
Beijerlandselaan,77,B,"",3074EC,Rotterdam
Beijerlandselaan,79,"","",3074EC,Rotterdam
Beijerlandselaan,79,"","",3074EC,Rotterdam
Beijerlandselaan,81,"","",3074EC,Rotterdam
Beijerlandselaan,81,"","",3074EC,Rotterdam
Beijerlandselaan,83,A,"",3074EC,Rotterdam
Beijerlandselaan,83,B,"",3074EC,Rotterdam
Beijerlandselaan,83,C,"",3074EC,Rotterdam
Beijerlandselaan,83,D,"",3074EC,Rotterdam
Beijerlandselaan,83,E,"",3074EC,Rotterdam
Beijerlandselaan,83,F,"",3074EC,Rotterdam
Beijerlandselaan,83,G,"",3074EC,Rotterdam
Beijerlandselaan,83,H,"",3074EC,Rotterdam
Beijerlandselaan,83,J,"",3074EC,Rotterdam
Beijerlandselaan,85,A,"",3074EC,Rotterdam
Beijerlandselaan,85,B,"",3074EC,Rotterdam
Beijerlandselaan,85,C,"",3074EC,Rotterdam
Beijerlandselaan,85,D,"",3074EC,Rotterdam
Beijerlandselaan,85,E,"",3074EC,Rotterdam
Beijerlandselaan,85,F,"",3074EC,Rotterdam
Beijerlandselaan,85,G,"",3074EC,Rotterdam
Beijerlandselaan,85,H,"",3074EC,Rotterdam
Beijerlandselaan,85,J,"",3074EC,Rotterdam
Beijerlandselaan,85,K,"",3074EC,Rotterdam
Beijerlandselaan,85,L,"",3074EC,Rotterdam
Beijerlandselaan,87,A,"",3074EC,Rotterdam
Beijerlandselaan,87,B,"",3074EC,Rotterdam
Beijerlandselaan,87,C,"",3074EC,Rotterdam
Beijerlandselaan,87,D,"",3074EC,Rotterdam
Beijerlandselaan,87,E,"",3074EC,Rotterdam
Beijerlandselaan,87,F,"",3074EC,Rotterdam
Beijerlandselaan,89,"","",3074EC,Rotterdam
Beijerlandselaan,91,"","",3074EC,Rotterdam
Beijerlandselaan,93,A,"",3074EC,Rotterdam
Beijerlandselaan,93,B,"",3074EC,Rotterdam
Beijerlandselaan,93,C,"",3074EC,Rotterdam
Beijerlandselaan,93,D,"",3074EC,Rotterdam
Beijerlandselaan,93,E,"",3074EC,Rotterdam
Beijerlandselaan,93,F,"",3074EC,Rotterdam
Beijerlandselaan,93,G,"",3074EC,Rotterdam
Beijerlandselaan,93,H,"",3074EC,Rotterdam
Beijerlandselaan,93,J,"",3074EC,Rotterdam
Beijerlandselaan,93,K,"",3074EC,Rotterdam
Beijerlandselaan,93,L,"",3074EC,Rotterdam
Beijerlandselaan,93,M,"",3074EC,Rotterdam
Beijerlandselaan,93,N,"",3074EC,Rotterdam
Beijerlandselaan,93,P,"",3074EC,Rotterdam
Beijerlandselaan,93,Q,"",3074EC,Rotterdam
Beijerlandselaan,93,R,"",3074EC,Rotterdam
Beijerlandselaan,93,S,"",3074EC,Rotterdam
Beijerlandselaan,93,T,"",3074EC,Rotterdam
Beijerlandselaan,93,U,"",3074EC,Rotterdam
Beijerlandselaan,93,V,"",3074EC,Rotterdam
Beijerlandselaan,93,W,"",3074EC,Rotterdam
Beijerlandselaan,93,X,"",3074EC,Rotterdam
Beijerlandselaan,95,A,"",3074EC,Rotterdam
Beijerlandselaan,95,B,"",3074EC,Rotterdam
Beijerlandselaan,95,C,"",3074EC,Rotterdam
Beijerlandselaan,95,D,"",3074EC,Rotterdam
Beijerlandselaan,95,E,"",3074EC,Rotterdam
Beijerlandselaan,95,F,"",3074EC,Rotterdam
Beijerlandselaan,97,"","",3074EC,Rotterdam
Beijerlandselaan,99,B,"",3074EC,Rotterdam
Beijerlandselaan,101,A,"",3074ED,Rotterdam
Beijerlandselaan,103,B,"",3074ED,Rotterdam
Beijerlandselaan,105,"","",3074ED,Rotterdam
Beijerlandselaan,107,B,"",3074ED,Rotterdam
Beijerlandselaan,111,B,"",3074ED,Rotterdam
Beijerlandselaan,111,B,"",3074ED,Rotterdam
Beijerlandselaan,111,B,"",3074ED,Rotterdam
Beijerlandselaan,113,"","",3074ED,Rotterdam
Beijerlandselaan,115,B,"",3074ED,Rotterdam
Beijerlandselaan,115,B,"",3074ED,Rotterdam
Beijerlandselaan,117,A,"",3074ED,Rotterdam
Beijerlandselaan,119,A,"",3074ED,Rotterdam
Beijerlandselaan,121,A,"",3074ED,Rotterdam
Beijerlandselaan,121,B,01,3074ED,Rotterdam
Beijerlandselaan,121,B,02,3074ED,Rotterdam
Beijerlandselaan,123,A,01,3074ED,Rotterdam
Beijerlandselaan,123,A,02,3074ED,Rotterdam
Beijerlandselaan,123,B,"",3074ED,Rotterdam
Beijerlandselaan,125,"","",3074ED,Rotterdam
Beijerlandselaan,125,A,"",3074ED,Rotterdam
Beijerlandselaan,125,B,"",3074ED,Rotterdam
Beijerlandselaan,127,"","",3074ED,Rotterdam
Beijerlandselaan,129,"","",3074EE,Rotterdam
Beijerlandselaan,129,A,"",3074EE,Rotterdam
Beijerlandselaan,129,B,"",3074EE,Rotterdam
Beijerlandselaan,131,A,"",3074EE,Rotterdam
Beijerlandselaan,131,A,"",3074EE,Rotterdam
Beijerlandselaan,131,B,"",3074EE,Rotterdam
Beijerlandselaan,131,B,"",3074EE,Rotterdam
Beijerlandselaan,131,B,"",3074EE,Rotterdam
Beijerlandselaan,131,C,"",3074EE,Rotterdam
Beijerlandselaan,131,C,"",3074EE,Rotterdam
Beijerlandselaan,133,A,"",3074EE,Rotterdam
Beijerlandselaan,133,B,01,3074EE,Rotterdam
Beijerlandselaan,133,B,02,3074EE,Rotterdam
Beijerlandselaan,135,A,"",3074EE,Rotterdam
Beijerlandselaan,135,B,01,3074EE,Rotterdam
Beijerlandselaan,135,B,02,3074EE,Rotterdam
Beijerlandselaan,137,A,01,3074EE,Rotterdam
Beijerlandselaan,137,A,02,3074EE,Rotterdam
Beijerlandselaan,137,A,02,3074EE,Rotterdam
Beijerlandselaan,137,A,03,3074EE,Rotterdam
Beijerlandselaan,137,B,"",3074EE,Rotterdam
Beijerlandselaan,139,A,"",3074EE,Rotterdam
Beijerlandselaan,139,B,01,3074EE,Rotterdam
Beijerlandselaan,139,B,02,3074EE,Rotterdam
Beijerlandselaan,141,A,01,3074EE,Rotterdam
Beijerlandselaan,141,A,02,3074EE,Rotterdam
Beijerlandselaan,141,B,"",3074EE,Rotterdam
Beijerlandselaan,143,A,"",3074EE,Rotterdam
Beijerlandselaan,143,A,"",3074EE,Rotterdam
Beijerlandselaan,143,B,01,3074EE,Rotterdam
Beijerlandselaan,143,B,02,3074EE,Rotterdam
Beijerlandselaan,145,A,"",3074EE,Rotterdam
Beijerlandselaan,145,A,"",3074EE,Rotterdam
Beijerlandselaan,145,B,01,3074EE,Rotterdam
Beijerlandselaan,145,B,02,3074EE,Rotterdam
Beijerlandselaan,147,A,"",3074EE,Rotterdam
Beijerlandselaan,147,B,01,3074EE,Rotterdam
Beijerlandselaan,147,B,02,3074EE,Rotterdam
Beijerlandselaan,149,A,"",3074EE,Rotterdam
Beijerlandselaan,149,B,01,3074EE,Rotterdam
Beijerlandselaan,149,B,02,3074EE,Rotterdam
Beijerlandselaan,151,A,"",3074EG,Rotterdam
Beijerlandselaan,151,B,01,3074EG,Rotterdam
Beijerlandselaan,151,B,02,3074EG,Rotterdam
Beijerlandselaan,153,A,"",3074EG,Rotterdam
Beijerlandselaan,153,B,"",3074EG,Rotterdam
Beijerlandselaan,155,A,01,3074EG,Rotterdam
Beijerlandselaan,155,A,02,3074EG,Rotterdam
Beijerlandselaan,155,B,"",3074EG,Rotterdam
Beijerlandselaan,157,A,"",3074EG,Rotterdam
Beijerlandselaan,157,B,01,3074EG,Rotterdam
Beijerlandselaan,157,B,02,3074EG,Rotterdam
Beijerlandselaan,159,A,"",3074EG,Rotterdam
Beijerlandselaan,159,B,01,3074EG,Rotterdam
Beijerlandselaan,159,B,02,3074EG,Rotterdam
Beijerlandselaan,161,A,01,3074EG,Rotterdam
Beijerlandselaan,161,A,02,3074EG,Rotterdam
Beijerlandselaan,161,B,"",3074EG,Rotterdam
Beijerlandselaan,161,B,"",3074EG,Rotterdam
Beijerlandselaan,163,"",01,3074EG,Rotterdam
Beijerlandselaan,163,"",02,3074EG,Rotterdam
Beijerlandselaan,163,A,"",3074EG,Rotterdam
Beijerlandselaan,165,"","",3074EG,Rotterdam
Beijerlandselaan,167,A,"",3074EH,Rotterdam
Beijerlandselaan,167,B,"",3074EH,Rotterdam
Beijerlandselaan,167,B,01,3074EH,Rotterdam
Beijerlandselaan,167,B,02,3074EH,Rotterdam
Beijerlandselaan,167,B,02,3074EH,Rotterdam
Beijerlandselaan,167,B,03,3074EH,Rotterdam
Beijerlandselaan,167,C,"",3074EH,Rotterdam
Beijerlandselaan,167,D,"",3074EH,Rotterdam
Beijerlandselaan,169,A,"",3074EH,Rotterdam
Beijerlandselaan,169,A,"",3074EH,Rotterdam
Beijerlandselaan,169,B,"",3074EH,Rotterdam
Beijerlandselaan,169,B,"",3074EH,Rotterdam
Beijerlandselaan,171,A,"",3074EH,Rotterdam
Beijerlandselaan,171,B,"",3074EH,Rotterdam
Beijerlandselaan,171,B,01,3074EH,Rotterdam
Beijerlandselaan,171,B,02,3074EH,Rotterdam
Beijerlandselaan,171,B,02,3074EH,Rotterdam
Beijerlandselaan,171,B,03,3074EH,Rotterdam
Beijerlandselaan,171,C,"",3074EH,Rotterdam
Beijerlandselaan,171,D,"",3074EH,Rotterdam
Beijerlandselaan,173,A,"",3074EH,Rotterdam
Beijerlandselaan,173,B,"",3074EH,Rotterdam
Beijerlandselaan,173,B,"",3074EH,Rotterdam
Beijerlandselaan,173,C,"",3074EH,Rotterdam
Beijerlandselaan,173,D,"",3074EH,Rotterdam
Beijerlandselaan,173,D,"",3074EH,Rotterdam
Beijerlandselaan,175,A,"",3074EH,Rotterdam
Beijerlandselaan,175,A,"",3074EH,Rotterdam
Beijerlandselaan,175,A,"",3074EH,Rotterdam
Beijerlandselaan,175,B,01,3074EH,Rotterdam
Beijerlandselaan,175,B,02,3074EH,Rotterdam
Beijerlandselaan,175,B,03,3074EH,Rotterdam
Beijerlandselaan,177,A,"",3074EH,Rotterdam
Beijerlandselaan,177,B,"",3074EH,Rotterdam
Beijerlandselaan,179,A,01,3074EH,Rotterdam
Beijerlandselaan,179,A,01,3074EH,Rotterdam
Beijerlandselaan,179,A,02,3074EH,Rotterdam
Beijerlandselaan,179,A,02,3074EH,Rotterdam
Beijerlandselaan,179,A,03,3074EH,Rotterdam
Beijerlandselaan,179,B,"",3074EH,Rotterdam
Beijerlandselaan,179,B,"",3074EH,Rotterdam
Beijerlandselaan,179,B,"",3074EH,Rotterdam
Beijerlandselaan,10,A,"",3074EJ,Rotterdam
Beijerlandselaan,10,B,"",3074EJ,Rotterdam
Beijerlandselaan,10,C,"",3074EJ,Rotterdam
Beijerlandselaan,10,D,"",3074EJ,Rotterdam
Beijerlandselaan,10,E,"",3074EJ,Rotterdam
Beijerlandselaan,10,F,"",3074EJ,Rotterdam
Beijerlandselaan,10,G,"",3074EJ,Rotterdam
Beijerlandselaan,10,H,"",3074EJ,Rotterdam
Beijerlandselaan,10,J,"",3074EJ,Rotterdam
Beijerlandselaan,12,A,"",3074EJ,Rotterdam
Beijerlandselaan,12,B,"",3074EJ,Rotterdam
Beijerlandselaan,12,C,"",3074EJ,Rotterdam
Beijerlandselaan,16,A,"",3074EJ,Rotterdam
Beijerlandselaan,16,B,01,3074EJ,Rotterdam
Beijerlandselaan,16,B,02,3074EJ,Rotterdam
Beijerlandselaan,18,A,"",3074EJ,Rotterdam
Beijerlandselaan,18,A,"",3074EJ,Rotterdam
Beijerlandselaan,18,B,01,3074EJ,Rotterdam
Beijerlandselaan,18,B,02,3074EJ,Rotterdam
Beijerlandselaan,2,"","",3074EJ,Rotterdam
Beijerlandselaan,2,"","",3074EJ,Rotterdam
Beijerlandselaan,2,A,"",3074EJ,Rotterdam
Beijerlandselaan,2,B,"",3074EJ,Rotterdam
Beijerlandselaan,20,A,"",3074EJ,Rotterdam
Beijerlandselaan,20,B,01,3074EJ,Rotterdam
Beijerlandselaan,20,B,02,3074EJ,Rotterdam
Beijerlandselaan,20,B,02,3074EJ,Rotterdam
Beijerlandselaan,20,B,03,3074EJ,Rotterdam
Beijerlandselaan,22,A,"",3074EJ,Rotterdam
Beijerlandselaan,22,B,"",3074EJ,Rotterdam
Beijerlandselaan,22,B,"",3074EJ,Rotterdam
Beijerlandselaan,22,C,"",3074EJ,Rotterdam
Beijerlandselaan,22,D,"",3074EJ,Rotterdam
Beijerlandselaan,24,A,01,3074EJ,Rotterdam
Beijerlandselaan,24,A,01,3074EJ,Rotterdam
Beijerlandselaan,24,A,02,3074EJ,Rotterdam
Beijerlandselaan,24,A,02,3074EJ,Rotterdam
Beijerlandselaan,24,A,03,3074EJ,Rotterdam
Beijerlandselaan,24,B,"",3074EJ,Rotterdam
Beijerlandselaan,26,A,"",3074EJ,Rotterdam
Beijerlandselaan,26,B,01,3074EJ,Rotterdam
Beijerlandselaan,26,B,02,3074EJ,Rotterdam
Beijerlandselaan,28,A,"",3074EJ,Rotterdam
Beijerlandselaan,28,A,"",3074EJ,Rotterdam
Beijerlandselaan,28,A,01,3074EJ,Rotterdam
Beijerlandselaan,28,A,01,3074EJ,Rotterdam
Beijerlandselaan,28,A,02,3074EJ,Rotterdam
Beijerlandselaan,28,A,02,3074EJ,Rotterdam
Beijerlandselaan,28,A,03,3074EJ,Rotterdam
Beijerlandselaan,28,A,03,3074EJ,Rotterdam
Beijerlandselaan,28,B,"",3074EJ,Rotterdam
Beijerlandselaan,4,A,"",3074EJ,Rotterdam
Beijerlandselaan,4,B,"",3074EJ,Rotterdam
Beijerlandselaan,4,C,"",3074EJ,Rotterdam
Beijerlandselaan,4,D,"",3074EJ,Rotterdam
Beijerlandselaan,4,E,"",3074EJ,Rotterdam
Beijerlandselaan,4,F,"",3074EJ,Rotterdam
Beijerlandselaan,4,G,"",3074EJ,Rotterdam
Beijerlandselaan,4,H,"",3074EJ,Rotterdam
Beijerlandselaan,4,J,"",3074EJ,Rotterdam
Beijerlandselaan,6,A,"",3074EJ,Rotterdam
Beijerlandselaan,6,B,"",3074EJ,Rotterdam
Beijerlandselaan,6,C,"",3074EJ,Rotterdam
Beijerlandselaan,6,D,"",3074EJ,Rotterdam
Beijerlandselaan,6,E,"",3074EJ,Rotterdam
Beijerlandselaan,6,F,"",3074EJ,Rotterdam
Beijerlandselaan,6,G,"",3074EJ,Rotterdam
Beijerlandselaan,6,H,"",3074EJ,Rotterdam
Beijerlandselaan,6,J,"",3074EJ,Rotterdam
Beijerlandselaan,8,A,"",3074EJ,Rotterdam
Beijerlandselaan,8,B,"",3074EJ,Rotterdam
Beijerlandselaan,8,C,"",3074EJ,Rotterdam
Beijerlandselaan,8,D,"",3074EJ,Rotterdam
Beijerlandselaan,8,E,"",3074EJ,Rotterdam
Beijerlandselaan,8,F,"",3074EJ,Rotterdam
Beijerlandselaan,8,G,"",3074EJ,Rotterdam
Beijerlandselaan,8,H,"",3074EJ,Rotterdam
Beijerlandselaan,8,J,"",3074EJ,Rotterdam
Beijerlandselaan,30,A,01,3074EK,Rotterdam
Beijerlandselaan,30,A,02,3074EK,Rotterdam
Beijerlandselaan,30,B,"",3074EK,Rotterdam
Beijerlandselaan,32,A,01,3074EK,Rotterdam
Beijerlandselaan,32,A,01,3074EK,Rotterdam
Beijerlandselaan,32,A,02,3074EK,Rotterdam
Beijerlandselaan,32,A,02,3074EK,Rotterdam
Beijerlandselaan,32,A,03,3074EK,Rotterdam
Beijerlandselaan,32,B,"",3074EK,Rotterdam
Beijerlandselaan,34,A,01,3074EK,Rotterdam
Beijerlandselaan,34,A,02,3074EK,Rotterdam
Beijerlandselaan,34,B,"",3074EK,Rotterdam
Beijerlandselaan,38,A,01,3074EK,Rotterdam
Beijerlandselaan,38,A,02,3074EK,Rotterdam
Beijerlandselaan,38,A,03,3074EK,Rotterdam
Beijerlandselaan,38,B,"",3074EK,Rotterdam
Beijerlandselaan,40,A,"",3074EK,Rotterdam
Beijerlandselaan,40,B,01,3074EK,Rotterdam
Beijerlandselaan,40,B,02,3074EK,Rotterdam
Beijerlandselaan,42,A,01,3074EK,Rotterdam
Beijerlandselaan,42,A,02,3074EK,Rotterdam
Beijerlandselaan,42,B,"",3074EK,Rotterdam
Beijerlandselaan,42,B,"",3074EK,Rotterdam
Beijerlandselaan,44,A,"",3074EK,Rotterdam
Beijerlandselaan,44,A,"",3074EK,Rotterdam
Beijerlandselaan,44,B,01,3074EK,Rotterdam
Beijerlandselaan,44,B,02,3074EK,Rotterdam
Beijerlandselaan,44,B,02,3074EK,Rotterdam
Beijerlandselaan,44,B,03,3074EK,Rotterdam
Beijerlandselaan,46,A,"",3074EK,Rotterdam
Beijerlandselaan,46,B,"",3074EK,Rotterdam
Beijerlandselaan,48,A,"",3074EK,Rotterdam
Beijerlandselaan,48,B,01,3074EK,Rotterdam
Beijerlandselaan,48,B,02,3074EK,Rotterdam
Beijerlandselaan,50,A,01,3074EK,Rotterdam
Beijerlandselaan,50,A,02,3074EK,Rotterdam
Beijerlandselaan,50,B,"",3074EK,Rotterdam
Beijerlandselaan,52,A,01,3074EK,Rotterdam
Beijerlandselaan,52,A,02,3074EK,Rotterdam
Beijerlandselaan,52,A,02,3074EK,Rotterdam
Beijerlandselaan,52,A,03,3074EK,Rotterdam
Beijerlandselaan,52,B,"",3074EK,Rotterdam
Beijerlandselaan,100,A,"",3074EM,Rotterdam
Beijerlandselaan,100,A,"",3074EM,Rotterdam
Beijerlandselaan,100,B,"",3074EM,Rotterdam
Beijerlandselaan,100,B,01,3074EM,Rotterdam
Beijerlandselaan,100,B,02,3074EM,Rotterdam
Beijerlandselaan,102,A,"",3074EM,Rotterdam
Beijerlandselaan,102,A,"",3074EM,Rotterdam
Beijerlandselaan,102,B,"",3074EM,Rotterdam
Beijerlandselaan,102,B,01,3074EM,Rotterdam
Beijerlandselaan,102,B,02,3074EM,Rotterdam
Beijerlandselaan,104,A,"",3074EM,Rotterdam
Beijerlandselaan,104,A,01,3074EM,Rotterdam
Beijerlandselaan,104,A,02,3074EM,Rotterdam
Beijerlandselaan,104,B,"",3074EM,Rotterdam
Beijerlandselaan,104,B,"",3074EM,Rotterdam
Beijerlandselaan,106,A,"",3074EM,Rotterdam
Beijerlandselaan,106,A,"",3074EM,Rotterdam
Beijerlandselaan,106,B,"",3074EM,Rotterdam
Beijerlandselaan,106,B,01,3074EM,Rotterdam
Beijerlandselaan,106,B,02,3074EM,Rotterdam
Beijerlandselaan,108,A,"",3074EM,Rotterdam
Beijerlandselaan,108,A,01,3074EM,Rotterdam
Beijerlandselaan,108,A,02,3074EM,Rotterdam
Beijerlandselaan,108,B,"",3074EM,Rotterdam
Beijerlandselaan,108,B,"",3074EM,Rotterdam
Beijerlandselaan,108,C,"",3074EM,Rotterdam
Beijerlandselaan,72,"","",3074EM,Rotterdam
Beijerlandselaan,72,"","",3074EM,Rotterdam
Beijerlandselaan,74,"",01,3074EM,Rotterdam
Beijerlandselaan,74,"",01,3074EM,Rotterdam
Beijerlandselaan,74,"",02,3074EM,Rotterdam
Beijerlandselaan,74,"",02,3074EM,Rotterdam
Beijerlandselaan,76,"","",3074EM,Rotterdam
Beijerlandselaan,76,"",01,3074EM,Rotterdam
Beijerlandselaan,76,"",01,3074EM,Rotterdam
Beijerlandselaan,76,"",02,3074EM,Rotterdam
Beijerlandselaan,76,"",02,3074EM,Rotterdam
Beijerlandselaan,78,A,"",3074EM,Rotterdam
Beijerlandselaan,78,A,"",3074EM,Rotterdam
Beijerlandselaan,78,B,"",3074EM,Rotterdam
Beijerlandselaan,78,B,"",3074EM,Rotterdam
Beijerlandselaan,78,C,"",3074EM,Rotterdam
Beijerlandselaan,78,C,"",3074EM,Rotterdam
Beijerlandselaan,80,A,"",3074EM,Rotterdam
Beijerlandselaan,80,A,01,3074EM,Rotterdam
Beijerlandselaan,80,A,02,3074EM,Rotterdam
Beijerlandselaan,80,A,03,3074EM,Rotterdam
Beijerlandselaan,80,B,"",3074EM,Rotterdam
Beijerlandselaan,82,"","",3074EM,Rotterdam
Beijerlandselaan,86,A,"",3074EM,Rotterdam
Beijerlandselaan,86,B,01,3074EM,Rotterdam
Beijerlandselaan,86,B,02,3074EM,Rotterdam
Beijerlandselaan,86,B,02,3074EM,Rotterdam
Beijerlandselaan,86,B,03,3074EM,Rotterdam
Beijerlandselaan,88,A,01,3074EM,Rotterdam
Beijerlandselaan,88,A,02,3074EM,Rotterdam
Beijerlandselaan,88,B,"",3074EM,Rotterdam
Beijerlandselaan,90,A,"",3074EM,Rotterdam
Beijerlandselaan,90,B,01,3074EM,Rotterdam
Beijerlandselaan,90,B,02,3074EM,Rotterdam
Beijerlandselaan,92,A,"",3074EM,Rotterdam
Beijerlandselaan,92,B,"",3074EM,Rotterdam
Beijerlandselaan,94,A,"",3074EM,Rotterdam
Beijerlandselaan,94,B,01,3074EM,Rotterdam
Beijerlandselaan,94,B,02,3074EM,Rotterdam
Beijerlandselaan,96,"","",3074EM,Rotterdam
Beijerlandselaan,96,A,01,3074EM,Rotterdam
Beijerlandselaan,96,A,02,3074EM,Rotterdam
Beijerlandselaan,96,B,"",3074EM,Rotterdam
Beijerlandselaan,98,A,"",3074EM,Rotterdam
Beijerlandselaan,98,A,01,3074EM,Rotterdam
Beijerlandselaan,98,A,02,3074EM,Rotterdam
Beijerlandselaan,98,B,"",3074EM,Rotterdam
Beijerlandselaan,98,B,"",3074EM,Rotterdam
Beijerlandselaan,98,B,KE,3074EM,Rotterdam
Beijerlandselaan,110,A,01,3074EN,Rotterdam
Beijerlandselaan,110,A,02,3074EN,Rotterdam
Beijerlandselaan,110,B,"",3074EN,Rotterdam
Beijerlandselaan,110,B,KE,3074EN,Rotterdam
Beijerlandselaan,112,A,01,3074EN,Rotterdam
Beijerlandselaan,112,A,01,3074EN,Rotterdam
Beijerlandselaan,112,A,01,3074EN,Rotterdam
Beijerlandselaan,112,A,01,3074EN,Rotterdam
Beijerlandselaan,112,A,02,3074EN,Rotterdam
Beijerlandselaan,112,A,02,3074EN,Rotterdam
Beijerlandselaan,112,B,"",3074EN,Rotterdam
Beijerlandselaan,112,B,"",3074EN,Rotterdam
Beijerlandselaan,112,B,"",3074EN,Rotterdam
Beijerlandselaan,112,B,"",3074EN,Rotterdam
Beijerlandselaan,114,A,"",3074EN,Rotterdam
Beijerlandselaan,114,B,01,3074EN,Rotterdam
Beijerlandselaan,114,B,02,3074EN,Rotterdam
Beijerlandselaan,116,A,"",3074EN,Rotterdam
Beijerlandselaan,116,B,01,3074EN,Rotterdam
Beijerlandselaan,116,B,02,3074EN,Rotterdam
Beijerlandselaan,118,A,01,3074EN,Rotterdam
Beijerlandselaan,118,A,02,3074EN,Rotterdam
Beijerlandselaan,118,B,"",3074EN,Rotterdam
Beijerlandselaan,120,A,01,3074EN,Rotterdam
Beijerlandselaan,120,A,02,3074EN,Rotterdam
Beijerlandselaan,120,B,"",3074EN,Rotterdam
Beijerlandselaan,122,"",01,3074EN,Rotterdam
Beijerlandselaan,122,"",02,3074EN,Rotterdam
Beijerlandselaan,122,"",BG,3074EN,Rotterdam
Beijerlandselaan,124,A,"",3074EN,Rotterdam
Beijerlandselaan,124,B,01,3074EN,Rotterdam
Beijerlandselaan,124,B,02,3074EN,Rotterdam
Beijerlandselaan,126,A,01,3074EN,Rotterdam
Beijerlandselaan,126,A,02,3074EN,Rotterdam
Beijerlandselaan,126,B,"",3074EN,Rotterdam
Beijerlandselaan,128,A,"",3074EN,Rotterdam
Beijerlandselaan,128,B,01,3074EN,Rotterdam
Beijerlandselaan,128,B,02,3074EN,Rotterdam
Beijerlandselaan,130,A,01,3074EP,Rotterdam
Beijerlandselaan,130,A,02,3074EP,Rotterdam
Beijerlandselaan,130,B,"",3074EP,Rotterdam
Beijerlandselaan,132,A,01,3074EP,Rotterdam
Beijerlandselaan,132,A,02,3074EP,Rotterdam
Beijerlandselaan,132,B,"",3074EP,Rotterdam
Beijerlandselaan,134,A,"",3074EP,Rotterdam
Beijerlandselaan,134,B,"",3074EP,Rotterdam
Beijerlandselaan,134,B,"",3074EP,Rotterdam
Beijerlandselaan,134,B,01,3074EP,Rotterdam
Beijerlandselaan,134,B,02,3074EP,Rotterdam
Beijerlandselaan,134,C,"",3074EP,Rotterdam
Beijerlandselaan,136,A,"",3074EP,Rotterdam
Beijerlandselaan,136,A,01,3074EP,Rotterdam
Beijerlandselaan,136,A,02,3074EP,Rotterdam
Beijerlandselaan,136,A,03,3074EP,Rotterdam
Beijerlandselaan,136,B,"",3074EP,Rotterdam
Beijerlandselaan,138,A,"",3074EP,Rotterdam
Beijerlandselaan,138,B,01,3074EP,Rotterdam
Beijerlandselaan,138,B,02,3074EP,Rotterdam
Beijerlandselaan,140,A,01,3074EP,Rotterdam
Beijerlandselaan,140,A,02,3074EP,Rotterdam
Beijerlandselaan,140,B,"",3074EP,Rotterdam
Beijerlandselaan,142,A,01,3074EP,Rotterdam
Beijerlandselaan,142,A,02,3074EP,Rotterdam
Beijerlandselaan,142,A,03,3074EP,Rotterdam
Beijerlandselaan,142,B,"",3074EP,Rotterdam
Beijerlandselaan,144,A,"",3074EP,Rotterdam
Beijerlandselaan,144,B,"",3074EP,Rotterdam
Beijerlandselaan,144,B,01,3074EP,Rotterdam
Beijerlandselaan,144,B,02,3074EP,Rotterdam
Beijerlandselaan,144,C,"",3074EP,Rotterdam
Beijerlandselaan,144,D,"",3074EP,Rotterdam
Beijerlandselaan,146,A,"",3074EP,Rotterdam
Beijerlandselaan,146,A,"",3074EP,Rotterdam
Beijerlandselaan,146,B,01,3074EP,Rotterdam
Beijerlandselaan,146,B,02,3074EP,Rotterdam
Beijerlandselaan,148,"","",3074EP,Rotterdam
Beijerlandselaan,148,"",01,3074EP,Rotterdam
Beijerlandselaan,148,"",02,3074EP,Rotterdam
Beijerlandselaan,150,A,"",3074EP,Rotterdam
Beijerlandselaan,150,B,"",3074EP,Rotterdam
Beijerlandselaan,150,B,"",3074EP,Rotterdam
Beijerlandselaan,152,"",01,3074ER,Rotterdam
Beijerlandselaan,152,"",02,3074ER,Rotterdam
Beijerlandselaan,152,"",02,3074ER,Rotterdam
Beijerlandselaan,152,"",03,3074ER,Rotterdam
Beijerlandselaan,154,A,"",3074ER,Rotterdam
Beijerlandselaan,154,B,01,3074ER,Rotterdam
Beijerlandselaan,154,B,02,3074ER,Rotterdam
Beijerlandselaan,154,B,02,3074ER,Rotterdam
Beijerlandselaan,154,B,03,3074ER,Rotterdam
Beijerlandselaan,156,A,01,3074ER,Rotterdam
Beijerlandselaan,156,A,02,3074ER,Rotterdam
Beijerlandselaan,156,B,"",3074ER,Rotterdam
Beijerlandselaan,158,A,"",3074ER,Rotterdam
Beijerlandselaan,158,B,"",3074ER,Rotterdam
Beijerlandselaan,158,B,"",3074ER,Rotterdam
Beijerlandselaan,158,B,01,3074ER,Rotterdam
Beijerlandselaan,158,B,02,3074ER,Rotterdam
Beijerlandselaan,158,C,"",3074ER,Rotterdam
Beijerlandselaan,158,D,"",3074ER,Rotterdam
Beijerlandselaan,160,A,01,3074ER,Rotterdam
Beijerlandselaan,160,A,02,3074ER,Rotterdam
Beijerlandselaan,160,B,"",3074ER,Rotterdam
Beijerlandselaan,162,"",01,3074ER,Rotterdam
Beijerlandselaan,162,"",02,3074ER,Rotterdam
Beijerlandselaan,164,"",01,3074ER,Rotterdam
Beijerlandselaan,164,"",02,3074ER,Rotterdam
Beijerlandselaan,166,A,"",3074ER,Rotterdam
Beijerlandselaan,166,B,01,3074ER,Rotterdam
Beijerlandselaan,166,B,02,3074ER,Rotterdam
Beijerlandselaan,168,A,01,3074ER,Rotterdam
Beijerlandselaan,168,A,01,3074ER,Rotterdam
Beijerlandselaan,168,A,02,3074ER,Rotterdam
Beijerlandselaan,168,A,02,3074ER,Rotterdam
Beijerlandselaan,168,A,03,3074ER,Rotterdam
Beijerlandselaan,168,B,"",3074ER,Rotterdam
Beijerlandselaan,170,A,"",3074ER,Rotterdam
Beijerlandselaan,170,B,01,3074ER,Rotterdam
Beijerlandselaan,170,B,02,3074ER,Rotterdam
Beijerlandselaan,172,A,01,3074ER,Rotterdam
Beijerlandselaan,172,A,02,3074ER,Rotterdam
Beijerlandselaan,172,B,"",3074ER,Rotterdam
Beijerlandselaan,174,A,"",3074ER,Rotterdam
Beijerlandselaan,174,B,01,3074ER,Rotterdam
Beijerlandselaan,174,B,02,3074ER,Rotterdam
Beijerlandselaan,176,A,01,3074ES,Rotterdam
Beijerlandselaan,176,A,02,3074ES,Rotterdam
Beijerlandselaan,176,A,03,3074ES,Rotterdam
Beijerlandselaan,176,B,"",3074ES,Rotterdam
Beijerlandselaan,178,A,"",3074ES,Rotterdam
Beijerlandselaan,178,B,01,3074ES,Rotterdam
Beijerlandselaan,178,B,02,3074ES,Rotterdam
Beijerlandselaan,178,B,02,3074ES,Rotterdam
Beijerlandselaan,178,B,03,3074ES,Rotterdam
Beijerlandselaan,180,A,01,3074ES,Rotterdam
Beijerlandselaan,180,A,02,3074ES,Rotterdam
Beijerlandselaan,180,B,"",3074ES,Rotterdam
Beijerlandselaan,182,A,"",3074ES,Rotterdam
Beijerlandselaan,182,B,01,3074ES,Rotterdam
Beijerlandselaan,182,B,02,3074ES,Rotterdam
Beijerlandselaan,182,B,03,3074ES,Rotterdam
Beijerlandselaan,184,A,01,3074ES,Rotterdam
Beijerlandselaan,184,A,02,3074ES,Rotterdam
Beijerlandselaan,184,A,02,3074ES,Rotterdam
Beijerlandselaan,184,A,03,3074ES,Rotterdam
Beijerlandselaan,184,B,"",3074ES,Rotterdam
Beijerlandselaan,186,B,01,3074ES,Rotterdam
Beijerlandselaan,186,B,02,3074ES,Rotterdam
Beijerlandselaan,186,B,02,3074ES,Rotterdam
Beijerlandselaan,186,B,03,3074ES,Rotterdam
Beijerlandselaan,188,A,01,3074ES,Rotterdam
Beijerlandselaan,188,A,02,3074ES,Rotterdam
Beijerlandselaan,190,A,"",3074ES,Rotterdam
Beijerlandselaan,190,A,"",3074ES,Rotterdam
Beijerlandselaan,190,B,01,3074ES,Rotterdam
Beijerlandselaan,190,B,02,3074ES,Rotterdam
Beijerlandselaan,192,"",01,3074ES,Rotterdam
Beijerlandselaan,192,"",02,3074ES,Rotterdam
Beijerlandselaan,194,"",01,3074ES,Rotterdam
Beijerlandselaan,194,"",02,3074ES,Rotterdam
Beijerlandselaan,194,A,"",3074ES,Rotterdam
Beijerlandselaan,194,B,"",3074ES,Rotterdam
Beijerlandselaan,196,"",01,3074ES,Rotterdam
Beijerlandselaan,196,"",02,3074ES,Rotterdam
Beijerlandselaan,198,"","",3074ES,Rotterdam
Beijerlandselaan,198,A,"",3074ES,Rotterdam
Beijerlandselaan,198,A,"",3074ES,Rotterdam
Beijerlandselaan,198,B,"",3074ES,Rotterdam
Beijerlandselaan,198,C,"",3074ES,Rotterdam
Beijerlandselaan,200,"",01,3074ES,Rotterdam
Beijerlandselaan,200,"",02,3074ES,Rotterdam
Beijerlandselaan,202,A,"",3074ES,Rotterdam
Beijerlandselaan,202,B,01,3074ES,Rotterdam
Beijerlandselaan,202,B,02,3074ES,Rotterdam
Beijerlandselaan,204,A,"",3074ES,Rotterdam
Beijerlandselaan,204,B,"",3074ES,Rotterdam
Hilledijk,188,"","",3074GA,Rotterdam
Hilledijk,188,A,"",3074GA,Rotterdam
Hilledijk,188,B,"",3074GA,Rotterdam
Hilledijk,190,A,"",3074GA,Rotterdam
Hilledijk,190,B,"",3074GA,Rotterdam
Hilledijk,190,C,"",3074GA,Rotterdam
Hilledijk,190,D,"",3074GA,Rotterdam
Hilledijk,192,A,"",3074GA,Rotterdam
Hilledijk,192,A,"",3074GA,Rotterdam
Hilledijk,192,A,"",3074GA,Rotterdam
Hilledijk,192,B,01,3074GA,Rotterdam
Hilledijk,192,B,02,3074GA,Rotterdam
Hilledijk,194,A,"",3074GA,Rotterdam
Hilledijk,194,B,"",3074GA,Rotterdam
Hilledijk,194,B,01,3074GA,Rotterdam
Hilledijk,194,B,01,3074GA,Rotterdam
Hilledijk,194,B,02,3074GA,Rotterdam
Hilledijk,194,B,02,3074GA,Rotterdam
Hilledijk,196,A,"",3074GA,Rotterdam
Hilledijk,196,A,"",3074GA,Rotterdam
Hilledijk,196,A,"",3074GA,Rotterdam
Hilledijk,196,A,"",3074GA,Rotterdam
Hilledijk,196,B,01,3074GA,Rotterdam
Hilledijk,196,B,02,3074GA,Rotterdam
Hilledijk,198,A,"",3074GA,Rotterdam
Hilledijk,198,B,01,3074GA,Rotterdam
Hilledijk,198,B,02,3074GA,Rotterdam
Hilledijk,200,A,01,3074GA,Rotterdam
Hilledijk,200,A,02,3074GA,Rotterdam
Hilledijk,200,B,"",3074GA,Rotterdam
Hilledijk,200,B,"",3074GA,Rotterdam
Hilledijk,202,A,01,3074GA,Rotterdam
Hilledijk,202,A,02,3074GA,Rotterdam
Hilledijk,202,B,"",3074GA,Rotterdam
Hilledijk,204,A,"",3074GB,Rotterdam
Hilledijk,204,B,01,3074GB,Rotterdam
Hilledijk,204,B,02,3074GB,Rotterdam
Hilledijk,206,A,"",3074GB,Rotterdam
Hilledijk,206,A,01,3074GB,Rotterdam
Hilledijk,206,A,02,3074GB,Rotterdam
Hilledijk,206,B,"",3074GB,Rotterdam
Hilledijk,208,A,"",3074GB,Rotterdam
Hilledijk,208,B,01,3074GB,Rotterdam
Hilledijk,208,B,02,3074GB,Rotterdam
Hilledijk,210,A,01,3074GB,Rotterdam
Hilledijk,210,A,02,3074GB,Rotterdam
Hilledijk,210,B,"",3074GB,Rotterdam
Hilledijk,210,B,"",3074GB,Rotterdam
Hilledijk,210,C,"",3074GB,Rotterdam
Hilledijk,212,A,"",3074GB,Rotterdam
Hilledijk,212,B,01,3074GB,Rotterdam
Hilledijk,212,B,02,3074GB,Rotterdam
Hilledijk,214,A,"",3074GB,Rotterdam
Hilledijk,214,A,01,3074GB,Rotterdam
Hilledijk,214,A,02,3074GB,Rotterdam
Hilledijk,214,B,"",3074GB,Rotterdam
Hilledijk,214,B,"",3074GB,Rotterdam
Hilledijk,216,"","",3074GB,Rotterdam
Hilledijk,216,A,01,3074GB,Rotterdam
Hilledijk,216,A,02,3074GB,Rotterdam
Hilledijk,218,A,"",3074GB,Rotterdam
Hilledijk,218,B,"",3074GB,Rotterdam
Hilledijk,220,"","",3074GB,Rotterdam
Hilledijk,220,A,01,3074GB,Rotterdam
Hilledijk,220,A,02,3074GB,Rotterdam
Hilledijk,222,"",01,3074GB,Rotterdam
Hilledijk,222,"",03,3074GB,Rotterdam
Hilledijk,257,"","",3074GC,Rotterdam
Hilledijk,259,"","",3074GC,Rotterdam
Hilledijk,261,"","",3074GC,Rotterdam
Hilledijk,263,"","",3074GC,Rotterdam
Hilledijk,265,A,01,3074GC,Rotterdam
Hilledijk,265,A,02,3074GC,Rotterdam
Hilledijk,265,B,"",3074GC,Rotterdam
Hilledijk,267,"",01,3074GC,Rotterdam
Hilledijk,267,"",02,3074GC,Rotterdam
Hilledijk,269,A,01,3074GC,Rotterdam
Hilledijk,269,A,02,3074GC,Rotterdam
Hilledijk,273,A,"",3074GC,Rotterdam
Hilledijk,273,B,"",3074GC,Rotterdam
Hilledijk,275,A,"",3074GC,Rotterdam
Hilledijk,275,B,"",3074GC,Rotterdam
Hilledijk,277,A,"",3074GC,Rotterdam
Hilledijk,277,B,"",3074GC,Rotterdam
Hilledijk,279,"","",3074GC,Rotterdam
Hilledijk,281,A,01,3074GD,Rotterdam
Hilledijk,281,A,01,3074GD,Rotterdam
Hilledijk,281,A,02,3074GD,Rotterdam
Hilledijk,281,A,02,3074GD,Rotterdam
Hilledijk,281,A,03,3074GD,Rotterdam
Hilledijk,281,B,"",3074GD,Rotterdam
Hilledijk,283,A,"",3074GD,Rotterdam
Hilledijk,283,B,"",3074GD,Rotterdam
Hilledijk,283,C,"",3074GD,Rotterdam
Hilledijk,283,C,"",3074GD,Rotterdam
Hilledijk,285,A,"",3074GD,Rotterdam
Hilledijk,285,A,"",3074GD,Rotterdam
Hilledijk,285,B,"",3074GD,Rotterdam
Hilledijk,285,C,"",3074GD,Rotterdam
Hilledijk,287,A,"",3074GD,Rotterdam
Hilledijk,287,A,"",3074GD,Rotterdam
Hilledijk,287,B,"",3074GD,Rotterdam
Hilledijk,287,C,"",3074GD,Rotterdam
Hilledijk,289,A,"",3074GD,Rotterdam
Hilledijk,289,B,"",3074GD,Rotterdam
Hilledijk,291,A,"",3074GD,Rotterdam
Hilledijk,291,A,"",3074GD,Rotterdam
Hilledijk,291,A,01,3074GD,Rotterdam
Hilledijk,291,B,01,3074GD,Rotterdam
Hilledijk,291,B,02,3074GD,Rotterdam
Hilledijk,291,C,"",3074GD,Rotterdam
Hilledijk,291,D,"",3074GD,Rotterdam
Hilledijk,293,A,"",3074GD,Rotterdam
Hilledijk,293,B,01,3074GD,Rotterdam
Hilledijk,293,B,02,3074GD,Rotterdam
Hilledijk,293,B,02,3074GD,Rotterdam
Hilledijk,293,B,03,3074GD,Rotterdam
Hilledijk,293,B,03,3074GD,Rotterdam
Hilledijk,295,A,"",3074GD,Rotterdam
Hilledijk,295,B,01,3074GD,Rotterdam
Hilledijk,295,B,02,3074GD,Rotterdam
Hilledijk,297,"","",3074GD,Rotterdam
Hilledijk,297,A,01,3074GD,Rotterdam
Hilledijk,297,A,02,3074GD,Rotterdam
Hilledijk,297,B,"",3074GD,Rotterdam
Hilledijk,299,"","",3074GD,Rotterdam
Hilledijk,301,"","",3074GD,Rotterdam
Hilledijk,303,"","",3074GD,Rotterdam
Strijensestraat,61,"","",3074GG,Rotterdam
Strijensestraat,63,"","",3074GG,Rotterdam
Strijensestraat,65,"","",3074GG,Rotterdam
Strijensestraat,67,"","",3074GG,Rotterdam
Strijensestraat,69,"","",3074GG,Rotterdam
Strijensestraat,71,"","",3074GH,Rotterdam
Strijensestraat,73,"","",3074GH,Rotterdam
Strijensestraat,75,"","",3074GH,Rotterdam
Strijensestraat,77,"","",3074GH,Rotterdam
Strijensestraat,79,"","",3074GH,Rotterdam
Strijensestraat,83,"","",3074GH,Rotterdam
Strijensestraat,85,"","",3074GH,Rotterdam
Strijensestraat,87,A,"",3074GH,Rotterdam
Strijensestraat,87,B,01,3074GH,Rotterdam
Strijensestraat,87,B,02,3074GH,Rotterdam
Strijensestraat,89,A,01,3074GH,Rotterdam
Strijensestraat,89,A,02,3074GH,Rotterdam
Strijensestraat,89,B,"",3074GH,Rotterdam
Strijensestraat,89,C,"",3074GH,Rotterdam
Strijensestraat,10,"","",3074GJ,Rotterdam
Strijensestraat,12,"","",3074GJ,Rotterdam
Strijensestraat,14,"","",3074GJ,Rotterdam
Strijensestraat,16,"","",3074GJ,Rotterdam
Strijensestraat,18,"","",3074GJ,Rotterdam
Strijensestraat,2,"","",3074GJ,Rotterdam
Strijensestraat,20,"","",3074GJ,Rotterdam
Strijensestraat,22,"","",3074GJ,Rotterdam
Strijensestraat,4,"","",3074GJ,Rotterdam
Strijensestraat,6,"","",3074GJ,Rotterdam
Strijensestraat,8,"","",3074GJ,Rotterdam
Strijensestraat,62,"",01,3074GK,Rotterdam
Strijensestraat,62,"",02,3074GK,Rotterdam
Strijensestraat,70,"","",3074GK,Rotterdam
Strijensestraat,70,A,"",3074GK,Rotterdam
Strijensestraat,70,B,"",3074GK,Rotterdam
Beukelaarsstraat,37,"","",3074HB,Rotterdam
Beukelaarsstraat,39,"",01,3074HB,Rotterdam
Beukelaarsstraat,39,"",02,3074HB,Rotterdam
Beukelaarsstraat,39,"",BG,3074HB,Rotterdam
Beukelaarsstraat,41,A,01,3074HB,Rotterdam
Beukelaarsstraat,41,A,01A,3074HB,Rotterdam
Beukelaarsstraat,41,A,01V,3074HB,Rotterdam
Beukelaarsstraat,41,A,02,3074HB,Rotterdam
Beukelaarsstraat,41,B,"",3074HB,Rotterdam
Beukelaarsstraat,41,B,BNA,3074HB,Rotterdam
Beukelaarsstraat,41,B,BNV,3074HB,Rotterdam
Beukelaarsstraat,43,A,"",3074HB,Rotterdam
Beukelaarsstraat,43,A,01V,3074HB,Rotterdam
Beukelaarsstraat,43,A,02A,3074HB,Rotterdam
Beukelaarsstraat,43,A,02V,3074HB,Rotterdam
Beukelaarsstraat,43,B,"",3074HB,Rotterdam
Beukelaarsstraat,43,B,BNA,3074HB,Rotterdam
Beukelaarsstraat,43,B,BNV,3074HB,Rotterdam
Beukelaarsstraat,45,"","",3074HB,Rotterdam
Beukelaarsstraat,45,"","",3074HB,Rotterdam
Beukelaarsstraat,47,"","",3074HB,Rotterdam
Beukelaarsstraat,49,A,"",3074HB,Rotterdam
Beukelaarsstraat,49,B,"",3074HB,Rotterdam
Beukelaarsstraat,51,"","",3074HB,Rotterdam
Beukelaarsstraat,51,"",0001,3074HB,Rotterdam
Beukelaarsstraat,53,A,"",3074HB,Rotterdam
Beukelaarsstraat,53,B,"",3074HB,Rotterdam
Beukelaarsstraat,55,A,"",3074HB,Rotterdam
Beukelaarsstraat,55,B,"",3074HB,Rotterdam
Beukelaarsstraat,57,A,"",3074HB,Rotterdam
Beukelaarsstraat,57,B,"",3074HB,Rotterdam
Beukelaarsstraat,59,A,"",3074HB,Rotterdam
Beukelaarsstraat,59,B,"",3074HB,Rotterdam
Beukelaarsstraat,101,"","",3074HC,Rotterdam
Beukelaarsstraat,103,"","",3074HC,Rotterdam
Beukelaarsstraat,105,"","",3074HC,Rotterdam
Beukelaarsstraat,107,"","",3074HC,Rotterdam
Beukelaarsstraat,109,"","",3074HC,Rotterdam
Beukelaarsstraat,111,"","",3074HC,Rotterdam
Beukelaarsstraat,113,"","",3074HC,Rotterdam
Beukelaarsstraat,115,"","",3074HC,Rotterdam
Beukelaarsstraat,117,"","",3074HC,Rotterdam
Beukelaarsstraat,119,"","",3074HC,Rotterdam
Beukelaarsstraat,121,"","",3074HC,Rotterdam
Beukelaarsstraat,123,"","",3074HC,Rotterdam
Beukelaarsstraat,125,"","",3074HC,Rotterdam
Beukelaarsstraat,127,"","",3074HC,Rotterdam
Beukelaarsstraat,129,"","",3074HC,Rotterdam
Beukelaarsstraat,131,"","",3074HC,Rotterdam
Beukelaarsstraat,133,"","",3074HC,Rotterdam
Beukelaarsstraat,135,"","",3074HC,Rotterdam
Beukelaarsstraat,137,"","",3074HC,Rotterdam
Beukelaarsstraat,139,"","",3074HC,Rotterdam
Beukelaarsstraat,141,"","",3074HC,Rotterdam
Beukelaarsstraat,61,A,"",3074HC,Rotterdam
Beukelaarsstraat,61,B,"",3074HC,Rotterdam
Beukelaarsstraat,63,"","",3074HC,Rotterdam
Beukelaarsstraat,63,A,"",3074HC,Rotterdam
Beukelaarsstraat,63,B,"",3074HC,Rotterdam
Beukelaarsstraat,65,"","",3074HC,Rotterdam
Beukelaarsstraat,65,A,"",3074HC,Rotterdam
Beukelaarsstraat,65,B,"",3074HC,Rotterdam
Beukelaarsstraat,67,"","",3074HC,Rotterdam
Beukelaarsstraat,67,A,"",3074HC,Rotterdam
Beukelaarsstraat,67,B,"",3074HC,Rotterdam
Beukelaarsstraat,69,A,"",3074HC,Rotterdam
Beukelaarsstraat,69,B,"",3074HC,Rotterdam
Beukelaarsstraat,71,A,"",3074HC,Rotterdam
Beukelaarsstraat,71,B,"",3074HC,Rotterdam
Beukelaarsstraat,73,A,"",3074HC,Rotterdam
Beukelaarsstraat,73,B,"",3074HC,Rotterdam
Beukelaarsstraat,75,A,"",3074HC,Rotterdam
Beukelaarsstraat,75,B,"",3074HC,Rotterdam
Beukelaarsstraat,77,A,"",3074HC,Rotterdam
Beukelaarsstraat,77,B,"",3074HC,Rotterdam
Beukelaarsstraat,79,A,"",3074HC,Rotterdam
Beukelaarsstraat,79,B,"",3074HC,Rotterdam
Beukelaarsstraat,81,A,"",3074HC,Rotterdam
Beukelaarsstraat,81,B,"",3074HC,Rotterdam
Beukelaarsstraat,83,"","",3074HC,Rotterdam
Beukelaarsstraat,83,A,"",3074HC,Rotterdam
Beukelaarsstraat,83,B,"",3074HC,Rotterdam
Beukelaarsstraat,83,B,"",3074HC,Rotterdam
Beukelaarsstraat,85,"","",3074HC,Rotterdam
Beukelaarsstraat,87,"","",3074HC,Rotterdam
Beukelaarsstraat,89,"","",3074HC,Rotterdam
Beukelaarsstraat,91,"","",3074HC,Rotterdam
Beukelaarsstraat,93,"","",3074HC,Rotterdam
Beukelaarsstraat,95,"","",3074HC,Rotterdam
Beukelaarsstraat,97,"","",3074HC,Rotterdam
Beukelaarsstraat,99,"","",3074HC,Rotterdam
Beukelaarsstraat,100,"","",3074HG,Rotterdam
Beukelaarsstraat,104,"","",3074HG,Rotterdam
Beukelaarsstraat,106,"","",3074HG,Rotterdam
Beukelaarsstraat,108,"","",3074HG,Rotterdam
Beukelaarsstraat,110,"","",3074HG,Rotterdam
Beukelaarsstraat,112,"","",3074HG,Rotterdam
Beukelaarsstraat,114,"","",3074HG,Rotterdam
Beukelaarsstraat,116,"","",3074HG,Rotterdam
Beukelaarsstraat,118,"","",3074HG,Rotterdam
Beukelaarsstraat,120,"","",3074HG,Rotterdam
Beukelaarsstraat,120,"","",3074HG,Rotterdam
Beukelaarsstraat,122,"","",3074HG,Rotterdam
Beukelaarsstraat,124,"","",3074HG,Rotterdam
Beukelaarsstraat,124,"","",3074HG,Rotterdam
Beukelaarsstraat,14,"","",3074HG,Rotterdam
Beukelaarsstraat,24,"","",3074HG,Rotterdam
Beukelaarsstraat,54,"","",3074HG,Rotterdam
Beukelaarsstraat,56,"","",3074HG,Rotterdam
Beukelaarsstraat,58,"","",3074HG,Rotterdam
Beukelaarsstraat,60,"","",3074HG,Rotterdam
Beukelaarsstraat,60,A,"",3074HG,Rotterdam
Beukelaarsstraat,60,B,"",3074HG,Rotterdam
Beukelaarsstraat,62,"","",3074HG,Rotterdam
Beukelaarsstraat,64,"","",3074HG,Rotterdam
Beukelaarsstraat,66,"","",3074HG,Rotterdam
Beukelaarsstraat,68,"","",3074HG,Rotterdam
Beukelaarsstraat,70,"","",3074HG,Rotterdam
Beukelaarsstraat,72,"","",3074HG,Rotterdam
Beukelaarsstraat,72,A,"",3074HG,Rotterdam
Beukelaarsstraat,72,B,"",3074HG,Rotterdam
Beukelaarsstraat,74,"","",3074HG,Rotterdam
Beukelaarsstraat,76,"","",3074HG,Rotterdam
Beukelaarsstraat,78,A,"",3074HG,Rotterdam
Beukelaarsstraat,78,B,"",3074HG,Rotterdam
Beukelaarsstraat,80,"","",3074HG,Rotterdam
Beukelaarsstraat,80,A,"",3074HG,Rotterdam
Beukelaarsstraat,80,B,"",3074HG,Rotterdam
Beukelaarsstraat,80,C,"",3074HG,Rotterdam
Beukelaarsstraat,82,"","",3074HG,Rotterdam
Beukelaarsstraat,82,A,"",3074HG,Rotterdam
Beukelaarsstraat,82,B,"",3074HG,Rotterdam
Beukelaarsstraat,84,"","",3074HG,Rotterdam
Beukelaarsstraat,86,"","",3074HG,Rotterdam
Beukelaarsstraat,86,"","",3074HG,Rotterdam
Beukelaarsstraat,88,"","",3074HG,Rotterdam
Beukelaarsstraat,90,"","",3074HG,Rotterdam
Beukelaarsstraat,90,"","",3074HG,Rotterdam
Beukelaarsstraat,92,"","",3074HG,Rotterdam
Beukelaarsstraat,94,"","",3074HG,Rotterdam
Beukelaarsstraat,96,"","",3074HG,Rotterdam
Beukelaarsstraat,98,"","",3074HG,Rotterdam
Beukelaarsstraat,98,"","",3074HG,Rotterdam
Breeweg,65,A,"",3074HJ,Rotterdam
Breeweg,65,B,"",3074HJ,Rotterdam
Breeweg,67,A,"",3074HJ,Rotterdam
Breeweg,67,B,"",3074HJ,Rotterdam
Breeweg,69,A,"",3074HJ,Rotterdam
Breeweg,69,B,"",3074HJ,Rotterdam
Breeweg,71,A,"",3074HJ,Rotterdam
Breeweg,71,B,"",3074HJ,Rotterdam
Breeweg,71,C,"",3074HJ,Rotterdam
Breeweg,71,D,"",3074HJ,Rotterdam
Breeweg,73,A,"",3074HJ,Rotterdam
Breeweg,73,B,"",3074HJ,Rotterdam
Breeweg,73,C,"",3074HJ,Rotterdam
Breeweg,73,D,"",3074HJ,Rotterdam
Breeweg,75,A,"",3074HJ,Rotterdam
Breeweg,75,B,"",3074HJ,Rotterdam
Breeweg,75,C,"",3074HJ,Rotterdam
Breeweg,75,D,"",3074HJ,Rotterdam
Breeweg,75,E,"",3074HJ,Rotterdam
Breeweg,77,A,"",3074HJ,Rotterdam
Breeweg,77,B,"",3074HJ,Rotterdam
Breeweg,77,C,"",3074HJ,Rotterdam
Breeweg,77,D,"",3074HJ,Rotterdam
Breeweg,85,A,"",3074HJ,Rotterdam
Breeweg,85,A,BG,3074HJ,Rotterdam
Breeweg,85,B,"",3074HJ,Rotterdam
Breeweg,85,C,"",3074HJ,Rotterdam
Breeweg,85,D,"",3074HJ,Rotterdam
Breeweg,85,E,"",3074HJ,Rotterdam
West-Varkenoordseweg,103,A,"",3074HK,Rotterdam
West-Varkenoordseweg,103,B,"",3074HK,Rotterdam
West-Varkenoordseweg,105,A,"",3074HK,Rotterdam
West-Varkenoordseweg,105,B,"",3074HK,Rotterdam
West-Varkenoordseweg,107,A,01,3074HK,Rotterdam
West-Varkenoordseweg,107,A,02,3074HK,Rotterdam
West-Varkenoordseweg,107,B,"",3074HK,Rotterdam
West-Varkenoordseweg,109,A,"",3074HK,Rotterdam
West-Varkenoordseweg,109,B,"",3074HK,Rotterdam
West-Varkenoordseweg,109,C,"",3074HK,Rotterdam
West-Varkenoordseweg,109,C,"",3074HK,Rotterdam
West-Varkenoordseweg,109,D,"",3074HK,Rotterdam
West-Varkenoordseweg,109,D,"",3074HK,Rotterdam
West-Varkenoordseweg,111,A,01,3074HK,Rotterdam
West-Varkenoordseweg,111,A,02,3074HK,Rotterdam
West-Varkenoordseweg,111,B,"",3074HK,Rotterdam
West-Varkenoordseweg,111,B,"",3074HK,Rotterdam
West-Varkenoordseweg,113,A,"",3074HK,Rotterdam
West-Varkenoordseweg,113,B,"",3074HK,Rotterdam
West-Varkenoordseweg,89,A,"",3074HK,Rotterdam
West-Varkenoordseweg,89,B,"",3074HK,Rotterdam
West-Varkenoordseweg,89,C,"",3074HK,Rotterdam
West-Varkenoordseweg,89,D,"",3074HK,Rotterdam
West-Varkenoordseweg,89,E,"",3074HK,Rotterdam
West-Varkenoordseweg,89,F,"",3074HK,Rotterdam
West-Varkenoordseweg,91,A,"",3074HK,Rotterdam
West-Varkenoordseweg,91,A,"",3074HK,Rotterdam
West-Varkenoordseweg,91,B,"",3074HK,Rotterdam
West-Varkenoordseweg,91,C,"",3074HK,Rotterdam
West-Varkenoordseweg,91,C,"",3074HK,Rotterdam
West-Varkenoordseweg,91,D,"",3074HK,Rotterdam
West-Varkenoordseweg,91,E,"",3074HK,Rotterdam
West-Varkenoordseweg,91,F,"",3074HK,Rotterdam
West-Varkenoordseweg,93,A,"",3074HK,Rotterdam
West-Varkenoordseweg,93,B,"",3074HK,Rotterdam
West-Varkenoordseweg,93,C,"",3074HK,Rotterdam
West-Varkenoordseweg,93,D,"",3074HK,Rotterdam
West-Varkenoordseweg,93,E,"",3074HK,Rotterdam
West-Varkenoordseweg,93,F,"",3074HK,Rotterdam
West-Varkenoordseweg,93,G,"",3074HK,Rotterdam
West-Varkenoordseweg,93,H,"",3074HK,Rotterdam
West-Varkenoordseweg,93,J,"",3074HK,Rotterdam
West-Varkenoordseweg,95,"","",3074HK,Rotterdam
West-Varkenoordseweg,95,"","",3074HK,Rotterdam
West-Varkenoordseweg,95,"","",3074HK,Rotterdam
West-Varkenoordseweg,95,A,"",3074HK,Rotterdam
West-Varkenoordseweg,95,B,"",3074HK,Rotterdam
West-Varkenoordseweg,95,C,"",3074HK,Rotterdam
West-Varkenoordseweg,97,"","",3074HK,Rotterdam
West-Varkenoordseweg,97,A,"",3074HK,Rotterdam
West-Varkenoordseweg,97,B,"",3074HK,Rotterdam
West-Varkenoordseweg,97,C,"",3074HK,Rotterdam
West-Varkenoordseweg,97,D,"",3074HK,Rotterdam
West-Varkenoordseweg,115,"","",3074HN,Rotterdam
West-Varkenoordseweg,117,A,"",3074HN,Rotterdam
West-Varkenoordseweg,117,B,"",3074HN,Rotterdam
West-Varkenoordseweg,119,"","",3074HN,Rotterdam
West-Varkenoordseweg,121,A,"",3074HN,Rotterdam
West-Varkenoordseweg,121,B,01,3074HN,Rotterdam
West-Varkenoordseweg,121,B,02,3074HN,Rotterdam
West-Varkenoordseweg,123,A,01,3074HN,Rotterdam
West-Varkenoordseweg,123,A,02,3074HN,Rotterdam
West-Varkenoordseweg,123,B,"",3074HN,Rotterdam
West-Varkenoordseweg,125,A,"",3074HN,Rotterdam
West-Varkenoordseweg,125,B,"",3074HN,Rotterdam
West-Varkenoordseweg,127,A,"",3074HN,Rotterdam
West-Varkenoordseweg,127,B,"",3074HN,Rotterdam
West-Varkenoordseweg,127,B,01,3074HN,Rotterdam
West-Varkenoordseweg,127,B,02,3074HN,Rotterdam
West-Varkenoordseweg,129,A,01,3074HN,Rotterdam
West-Varkenoordseweg,129,A,02,3074HN,Rotterdam
West-Varkenoordseweg,129,A,02,3074HN,Rotterdam
West-Varkenoordseweg,129,A,03,3074HN,Rotterdam
West-Varkenoordseweg,129,B,"",3074HN,Rotterdam
West-Varkenoordseweg,129,B,L,3074HN,Rotterdam
West-Varkenoordseweg,129,B,R,3074HN,Rotterdam
West-Varkenoordseweg,129,C,01,3074HN,Rotterdam
West-Varkenoordseweg,129,C,02,3074HN,Rotterdam
West-Varkenoordseweg,129,C,02,3074HN,Rotterdam
West-Varkenoordseweg,129,C,03,3074HN,Rotterdam
West-Varkenoordseweg,129,D,"",3074HN,Rotterdam
West-Varkenoordseweg,133,"","",3074HN,Rotterdam
West-Varkenoordseweg,135,"","",3074HN,Rotterdam
West-Varkenoordseweg,137,"","",3074HN,Rotterdam
West-Varkenoordseweg,139,"","",3074HN,Rotterdam
West-Varkenoordseweg,139,"","",3074HN,Rotterdam
West-Varkenoordseweg,141,"","",3074HP,Rotterdam
West-Varkenoordseweg,143,A,"",3074HP,Rotterdam
West-Varkenoordseweg,143,B,"",3074HP,Rotterdam
West-Varkenoordseweg,143,C,"",3074HP,Rotterdam
West-Varkenoordseweg,143,D,"",3074HP,Rotterdam
West-Varkenoordseweg,143,E,"",3074HP,Rotterdam
West-Varkenoordseweg,143,E,"",3074HP,Rotterdam
West-Varkenoordseweg,145,"","",3074HP,Rotterdam
West-Varkenoordseweg,147,"","",3074HP,Rotterdam
West-Varkenoordseweg,149,"","",3074HP,Rotterdam
West-Varkenoordseweg,153,A,01,3074HP,Rotterdam
West-Varkenoordseweg,153,A,02,3074HP,Rotterdam
West-Varkenoordseweg,153,B,"",3074HP,Rotterdam
West-Varkenoordseweg,155,A,"",3074HP,Rotterdam
West-Varkenoordseweg,155,B,"",3074HP,Rotterdam
West-Varkenoordseweg,157,A,01,3074HP,Rotterdam
West-Varkenoordseweg,157,A,02,3074HP,Rotterdam
West-Varkenoordseweg,157,A,02,3074HP,Rotterdam
West-Varkenoordseweg,157,A,03,3074HP,Rotterdam
West-Varkenoordseweg,157,B,"",3074HP,Rotterdam
West-Varkenoordseweg,159,A,"",3074HP,Rotterdam
West-Varkenoordseweg,159,B,"",3074HP,Rotterdam
West-Varkenoordseweg,159,B,01,3074HP,Rotterdam
West-Varkenoordseweg,159,B,02,3074HP,Rotterdam
West-Varkenoordseweg,161,"","",3074HP,Rotterdam
West-Varkenoordseweg,161,A,01,3074HP,Rotterdam
West-Varkenoordseweg,161,A,02,3074HP,Rotterdam
West-Varkenoordseweg,161,B,"",3074HP,Rotterdam
West-Varkenoordseweg,163,"","",3074HR,Rotterdam
West-Varkenoordseweg,165,A,"",3074HR,Rotterdam
West-Varkenoordseweg,165,B,"",3074HR,Rotterdam
West-Varkenoordseweg,165,C,"",3074HR,Rotterdam
West-Varkenoordseweg,165,D,"",3074HR,Rotterdam
West-Varkenoordseweg,165,E,"",3074HR,Rotterdam
West-Varkenoordseweg,165,F,"",3074HR,Rotterdam
West-Varkenoordseweg,167,"","",3074HR,Rotterdam
West-Varkenoordseweg,169,A,"",3074HR,Rotterdam
West-Varkenoordseweg,169,B,01,3074HR,Rotterdam
West-Varkenoordseweg,169,B,02,3074HR,Rotterdam
West-Varkenoordseweg,171,A,01,3074HR,Rotterdam
West-Varkenoordseweg,171,A,02,3074HR,Rotterdam
West-Varkenoordseweg,171,B,"",3074HR,Rotterdam
West-Varkenoordseweg,173,A,"",3074HR,Rotterdam
West-Varkenoordseweg,173,B,"",3074HR,Rotterdam
West-Varkenoordseweg,173,B,02,3074HR,Rotterdam
West-Varkenoordseweg,173,B,03,3074HR,Rotterdam
West-Varkenoordseweg,175,A,"",3074HR,Rotterdam
West-Varkenoordseweg,175,B,01,3074HR,Rotterdam
West-Varkenoordseweg,175,B,02,3074HR,Rotterdam
West-Varkenoordseweg,177,A,"",3074HR,Rotterdam
West-Varkenoordseweg,177,B,"",3074HR,Rotterdam
West-Varkenoordseweg,177,C,"",3074HR,Rotterdam
West-Varkenoordseweg,177,D,"",3074HR,Rotterdam
West-Varkenoordseweg,181,A,"",3074HR,Rotterdam
West-Varkenoordseweg,181,B,"",3074HR,Rotterdam
West-Varkenoordseweg,183,"","",3074HR,Rotterdam
West-Varkenoordseweg,185,"","",3074HR,Rotterdam
West-Varkenoordseweg,187,A,"",3074HR,Rotterdam
West-Varkenoordseweg,187,B,"",3074HR,Rotterdam
West-Varkenoordseweg,189,"","",3074HS,Rotterdam
West-Varkenoordseweg,191,A,"",3074HS,Rotterdam
West-Varkenoordseweg,191,B,"",3074HS,Rotterdam
West-Varkenoordseweg,191,C,"",3074HS,Rotterdam
West-Varkenoordseweg,193,A,"",3074HS,Rotterdam
West-Varkenoordseweg,193,B,"",3074HS,Rotterdam
West-Varkenoordseweg,193,C,"",3074HS,Rotterdam
West-Varkenoordseweg,195,"","",3074HS,Rotterdam
West-Varkenoordseweg,197,A,"",3074HS,Rotterdam
West-Varkenoordseweg,197,B,"",3074HS,Rotterdam
West-Varkenoordseweg,197,C,"",3074HS,Rotterdam
West-Varkenoordseweg,197,D,"",3074HS,Rotterdam
West-Varkenoordseweg,199,A,"",3074HS,Rotterdam
West-Varkenoordseweg,199,B,"",3074HS,Rotterdam
West-Varkenoordseweg,199,C,"",3074HS,Rotterdam
West-Varkenoordseweg,199,D,"",3074HS,Rotterdam
West-Varkenoordseweg,201,"","",3074HT,Rotterdam
West-Varkenoordseweg,201,"",BG,3074HT,Rotterdam
West-Varkenoordseweg,205,A,"",3074HT,Rotterdam
West-Varkenoordseweg,205,A,01,3074HT,Rotterdam
West-Varkenoordseweg,205,A,02,3074HT,Rotterdam
West-Varkenoordseweg,205,B,"",3074HT,Rotterdam
West-Varkenoordseweg,205,B,"",3074HT,Rotterdam
West-Varkenoordseweg,207,A,"",3074HT,Rotterdam
West-Varkenoordseweg,207,B,"",3074HT,Rotterdam
West-Varkenoordseweg,207,B,01,3074HT,Rotterdam
West-Varkenoordseweg,207,B,02,3074HT,Rotterdam
West-Varkenoordseweg,209,A,"",3074HT,Rotterdam
West-Varkenoordseweg,209,A,01,3074HT,Rotterdam
West-Varkenoordseweg,209,A,02,3074HT,Rotterdam
West-Varkenoordseweg,209,B,"",3074HT,Rotterdam
West-Varkenoordseweg,211,A,"",3074HT,Rotterdam
West-Varkenoordseweg,211,B,01,3074HT,Rotterdam
West-Varkenoordseweg,211,B,02,3074HT,Rotterdam
West-Varkenoordseweg,213,A,"",3074HT,Rotterdam
West-Varkenoordseweg,213,A,01,3074HT,Rotterdam
West-Varkenoordseweg,213,A,02,3074HT,Rotterdam
West-Varkenoordseweg,213,B,"",3074HT,Rotterdam
West-Varkenoordseweg,215,A,"",3074HT,Rotterdam
West-Varkenoordseweg,215,B,01,3074HT,Rotterdam
West-Varkenoordseweg,215,B,02,3074HT,Rotterdam
West-Varkenoordseweg,217,A,01,3074HT,Rotterdam
West-Varkenoordseweg,217,A,02,3074HT,Rotterdam
West-Varkenoordseweg,217,B,"",3074HT,Rotterdam
West-Varkenoordseweg,219,A,"",3074HT,Rotterdam
West-Varkenoordseweg,219,B,"",3074HT,Rotterdam
West-Varkenoordseweg,221,A,01,3074HT,Rotterdam
West-Varkenoordseweg,221,A,02,3074HT,Rotterdam
West-Varkenoordseweg,221,B,"",3074HT,Rotterdam
West-Varkenoordseweg,223,A,"",3074HV,Rotterdam
West-Varkenoordseweg,223,C,"",3074HV,Rotterdam
West-Varkenoordseweg,225,A,"",3074HV,Rotterdam
West-Varkenoordseweg,225,B,"",3074HV,Rotterdam
West-Varkenoordseweg,225,C,"",3074HV,Rotterdam
West-Varkenoordseweg,227,A,"",3074HV,Rotterdam
West-Varkenoordseweg,227,B,"",3074HV,Rotterdam
West-Varkenoordseweg,227,C,"",3074HV,Rotterdam
West-Varkenoordseweg,229,A,"",3074HV,Rotterdam
West-Varkenoordseweg,229,B,"",3074HV,Rotterdam
West-Varkenoordseweg,229,C,"",3074HV,Rotterdam
West-Varkenoordseweg,231,A,"",3074HV,Rotterdam
West-Varkenoordseweg,231,B,"",3074HV,Rotterdam
West-Varkenoordseweg,231,C,"",3074HV,Rotterdam
West-Varkenoordseweg,233,A,"",3074HV,Rotterdam
West-Varkenoordseweg,233,B,"",3074HV,Rotterdam
West-Varkenoordseweg,233,C,"",3074HV,Rotterdam
West-Varkenoordseweg,233,C,"",3074HV,Rotterdam
West-Varkenoordseweg,235,A,"",3074HV,Rotterdam
West-Varkenoordseweg,235,B,"",3074HV,Rotterdam
West-Varkenoordseweg,235,C,"",3074HV,Rotterdam
West-Varkenoordseweg,237,A,"",3074HV,Rotterdam
West-Varkenoordseweg,237,B,"",3074HV,Rotterdam
West-Varkenoordseweg,237,C,"",3074HV,Rotterdam
West-Varkenoordseweg,239,A,"",3074HV,Rotterdam
West-Varkenoordseweg,239,B,"",3074HV,Rotterdam
West-Varkenoordseweg,239,C,"",3074HV,Rotterdam
West-Varkenoordseweg,241,A,"",3074HV,Rotterdam
West-Varkenoordseweg,241,B,"",3074HV,Rotterdam
West-Varkenoordseweg,241,C,"",3074HV,Rotterdam
West-Varkenoordseweg,243,A,"",3074HW,Rotterdam
West-Varkenoordseweg,243,B,"",3074HW,Rotterdam
West-Varkenoordseweg,243,C,"",3074HW,Rotterdam
West-Varkenoordseweg,245,A,"",3074HW,Rotterdam
West-Varkenoordseweg,245,B,"",3074HW,Rotterdam
West-Varkenoordseweg,245,C,"",3074HW,Rotterdam
West-Varkenoordseweg,247,A,"",3074HW,Rotterdam
West-Varkenoordseweg,247,B,"",3074HW,Rotterdam
West-Varkenoordseweg,247,C,"",3074HW,Rotterdam
West-Varkenoordseweg,249,A,"",3074HW,Rotterdam
West-Varkenoordseweg,249,B,"",3074HW,Rotterdam
West-Varkenoordseweg,249,C,"",3074HW,Rotterdam
West-Varkenoordseweg,251,A,"",3074HW,Rotterdam
West-Varkenoordseweg,251,B,"",3074HW,Rotterdam
West-Varkenoordseweg,251,C,"",3074HW,Rotterdam
West-Varkenoordseweg,253,A,"",3074HW,Rotterdam
West-Varkenoordseweg,253,B,"",3074HW,Rotterdam
West-Varkenoordseweg,253,C,"",3074HW,Rotterdam
West-Varkenoordseweg,253,C,"",3074HW,Rotterdam
West-Varkenoordseweg,255,"",BG,3074HW,Rotterdam
West-Varkenoordseweg,255,A,"",3074HW,Rotterdam
West-Varkenoordseweg,255,B,"",3074HW,Rotterdam
West-Varkenoordseweg,255,C,"",3074HW,Rotterdam
West-Varkenoordseweg,257,A,"",3074HW,Rotterdam
West-Varkenoordseweg,257,B,"",3074HW,Rotterdam
West-Varkenoordseweg,257,C,"",3074HW,Rotterdam
West-Varkenoordseweg,259,A,"",3074HW,Rotterdam
West-Varkenoordseweg,259,B,"",3074HW,Rotterdam
West-Varkenoordseweg,259,C,"",3074HW,Rotterdam
West-Varkenoordseweg,261,A,"",3074HW,Rotterdam
West-Varkenoordseweg,261,B,"",3074HW,Rotterdam
West-Varkenoordseweg,261,C,"",3074HW,Rotterdam
Zaadakkerstraat,1,"","",3074HX,Rotterdam
Zaadakkerstraat,11,"","",3074HX,Rotterdam
Zaadakkerstraat,13,"","",3074HX,Rotterdam
Zaadakkerstraat,15,A,"",3074HX,Rotterdam
Zaadakkerstraat,15,B,"",3074HX,Rotterdam
Zaadakkerstraat,15,C,"",3074HX,Rotterdam
Zaadakkerstraat,17,"","",3074HX,Rotterdam
Zaadakkerstraat,19,A,"",3074HX,Rotterdam
Zaadakkerstraat,19,B,"",3074HX,Rotterdam
Zaadakkerstraat,21,A,"",3074HX,Rotterdam
Zaadakkerstraat,21,B,"",3074HX,Rotterdam
Zaadakkerstraat,21,C,"",3074HX,Rotterdam
Zaadakkerstraat,21,D,"",3074HX,Rotterdam
Zaadakkerstraat,23,A,"",3074HX,Rotterdam
Zaadakkerstraat,23,B,"",3074HX,Rotterdam
Zaadakkerstraat,23,C,"",3074HX,Rotterdam
Zaadakkerstraat,23,D,"",3074HX,Rotterdam
Zaadakkerstraat,25,"","",3074HX,Rotterdam
Zaadakkerstraat,25,"","",3074HX,Rotterdam
Zaadakkerstraat,27,"","",3074HX,Rotterdam
Zaadakkerstraat,29,"","",3074HX,Rotterdam
Zaadakkerstraat,3,"","",3074HX,Rotterdam
Zaadakkerstraat,31,"","",3074HX,Rotterdam
Zaadakkerstraat,33,"","",3074HX,Rotterdam
Zaadakkerstraat,35,"","",3074HX,Rotterdam
Zaadakkerstraat,5,"","",3074HX,Rotterdam
Zaadakkerstraat,7,"","",3074HX,Rotterdam
Zaadakkerstraat,9,"","",3074HX,Rotterdam
Zaadakkerstraat,10,A,"",3074HZ,Rotterdam
Zaadakkerstraat,10,B,"",3074HZ,Rotterdam
Zaadakkerstraat,10,C,"",3074HZ,Rotterdam
Zaadakkerstraat,10,D,"",3074HZ,Rotterdam
Zaadakkerstraat,12,"","",3074HZ,Rotterdam
Zaadakkerstraat,14,"","",3074HZ,Rotterdam
Zaadakkerstraat,16,A,"",3074HZ,Rotterdam
Zaadakkerstraat,16,B,"",3074HZ,Rotterdam
Zaadakkerstraat,16,C,"",3074HZ,Rotterdam
Zaadakkerstraat,16,D,"",3074HZ,Rotterdam
Zaadakkerstraat,18,"","",3074HZ,Rotterdam
Zaadakkerstraat,20,A,"",3074HZ,Rotterdam
Zaadakkerstraat,20,B,"",3074HZ,Rotterdam
Zaadakkerstraat,20,C,"",3074HZ,Rotterdam
Zaadakkerstraat,22,A,"",3074HZ,Rotterdam
Zaadakkerstraat,22,B,"",3074HZ,Rotterdam
Zaadakkerstraat,22,C,"",3074HZ,Rotterdam
Zaadakkerstraat,24,A,"",3074HZ,Rotterdam
Zaadakkerstraat,24,B,"",3074HZ,Rotterdam
Zaadakkerstraat,24,C,"",3074HZ,Rotterdam
Zaadakkerstraat,26,A,"",3074HZ,Rotterdam
Zaadakkerstraat,26,B,"",3074HZ,Rotterdam
Zaadakkerstraat,28,"","",3074HZ,Rotterdam
Zaadakkerstraat,4,"","",3074HZ,Rotterdam
Zaadakkerstraat,6,A,"",3074HZ,Rotterdam
Zaadakkerstraat,6,B,"",3074HZ,Rotterdam
Zaadakkerstraat,8,"","",3074HZ,Rotterdam
Putselaan,10,A,"",3074JA,Rotterdam
Putselaan,10,B,"",3074JA,Rotterdam
Putselaan,10,C,"",3074JA,Rotterdam
Putselaan,10,D,"",3074JA,Rotterdam
Putselaan,10,E,"",3074JA,Rotterdam
Putselaan,10,F,"",3074JA,Rotterdam
Putselaan,10,G,"",3074JA,Rotterdam
Putselaan,12,A,"",3074JA,Rotterdam
Putselaan,12,B,"",3074JA,Rotterdam
Putselaan,12,C,"",3074JA,Rotterdam
Putselaan,12,D,"",3074JA,Rotterdam
Putselaan,12,E,"",3074JA,Rotterdam
Putselaan,12,F,"",3074JA,Rotterdam
Putselaan,12,G,"",3074JA,Rotterdam
Putselaan,14,"","",3074JA,Rotterdam
Putselaan,16,"","",3074JA,Rotterdam
Putselaan,18,"","",3074JA,Rotterdam
Putselaan,2,A,"",3074JA,Rotterdam
Putselaan,2,B,"",3074JA,Rotterdam
Putselaan,2,C,"",3074JA,Rotterdam
Putselaan,2,D,"",3074JA,Rotterdam
Putselaan,20,"","",3074JA,Rotterdam
Putselaan,4,A,"",3074JA,Rotterdam
Putselaan,4,B,"",3074JA,Rotterdam
Putselaan,4,C,"",3074JA,Rotterdam
Putselaan,4,D,"",3074JA,Rotterdam
Putselaan,4,E,"",3074JA,Rotterdam
Putselaan,4,F,"",3074JA,Rotterdam
Putselaan,6,A,"",3074JA,Rotterdam
Putselaan,6,B,"",3074JA,Rotterdam
Putselaan,6,C,"",3074JA,Rotterdam
Putselaan,6,D,"",3074JA,Rotterdam
Putselaan,6,E,"",3074JA,Rotterdam
Putselaan,6,F,"",3074JA,Rotterdam
Putselaan,8,A,"",3074JA,Rotterdam
Putselaan,8,B,"",3074JA,Rotterdam
Putselaan,8,C,"",3074JA,Rotterdam
Putselaan,8,D,"",3074JA,Rotterdam
Putselaan,8,E,"",3074JA,Rotterdam
Putselaan,8,F,"",3074JA,Rotterdam
Putselaan,8,G,"",3074JA,Rotterdam
Putselaan,8,H,"",3074JA,Rotterdam
Putselaan,8,J,"",3074JA,Rotterdam
Putselaan,32,"","",3074JB,Rotterdam
Putselaan,34,"","",3074JB,Rotterdam
Putselaan,36,"","",3074JB,Rotterdam
Putselaan,38,"","",3074JB,Rotterdam
Putselaan,40,A,"",3074JB,Rotterdam
Putselaan,40,B,"",3074JB,Rotterdam
Putselaan,42,"",BG,3074JB,Rotterdam
Putselaan,42,"",BG,3074JB,Rotterdam
Putselaan,42,A,"",3074JB,Rotterdam
Putselaan,42,B,"",3074JB,Rotterdam
Putselaan,42,C,"",3074JB,Rotterdam
Putselaan,42,D,"",3074JB,Rotterdam
Putselaan,42,E,"",3074JB,Rotterdam
Putselaan,42,F,"",3074JB,Rotterdam
Putselaan,42,G,"",3074JB,Rotterdam
Putselaan,44,A,"",3074JB,Rotterdam
Putselaan,44,B,"",3074JB,Rotterdam
Putselaan,44,C,"",3074JB,Rotterdam
Putselaan,44,D,"",3074JB,Rotterdam
Putselaan,44,E,"",3074JB,Rotterdam
Putselaan,44,F,"",3074JB,Rotterdam
Putselaan,44,G,"",3074JB,Rotterdam
Putselaan,44,H,"",3074JB,Rotterdam
Putselaan,46,A,"",3074JB,Rotterdam
Putselaan,46,B,"",3074JB,Rotterdam
Putselaan,46,C,"",3074JB,Rotterdam
Putselaan,46,D,"",3074JB,Rotterdam
Putselaan,48,A,"",3074JC,Rotterdam
Putselaan,48,B,"",3074JC,Rotterdam
Putselaan,48,C,"",3074JC,Rotterdam
Putselaan,48,D,"",3074JC,Rotterdam
Putselaan,48,E,"",3074JC,Rotterdam
Putselaan,48,F,"",3074JC,Rotterdam
Putselaan,48,G,"",3074JC,Rotterdam
Putselaan,48,H,"",3074JC,Rotterdam
Putselaan,50,A,"",3074JC,Rotterdam
Putselaan,50,B,"",3074JC,Rotterdam
Putselaan,50,C,"",3074JC,Rotterdam
Putselaan,50,D,"",3074JC,Rotterdam
Putselaan,50,E,"",3074JC,Rotterdam
Putselaan,50,F,"",3074JC,Rotterdam
Putselaan,50,G,"",3074JC,Rotterdam
Putselaan,50,H,"",3074JC,Rotterdam
Putselaan,52,A,"",3074JC,Rotterdam
Putselaan,52,B,"",3074JC,Rotterdam
Putselaan,52,C,"",3074JC,Rotterdam
Putselaan,52,D,"",3074JC,Rotterdam
Putselaan,52,E,"",3074JC,Rotterdam
Putselaan,52,F,"",3074JC,Rotterdam
Putselaan,54,A,"",3074JC,Rotterdam
Putselaan,54,B,"",3074JC,Rotterdam
Putselaan,56,"","",3074JC,Rotterdam
Putselaan,58,"","",3074JC,Rotterdam
Putselaan,60,"","",3074JC,Rotterdam
Putselaan,60,"",BG,3074JC,Rotterdam
Putselaan,62,"","",3074JC,Rotterdam
Putselaan,64,"","",3074JC,Rotterdam
Putselaan,66,"","",3074JC,Rotterdam
Putselaan,100,A,"",3074JD,Rotterdam
Putselaan,100,B,"",3074JD,Rotterdam
Putselaan,68,"","",3074JD,Rotterdam
Putselaan,70,"","",3074JD,Rotterdam
Putselaan,72,"","",3074JD,Rotterdam
Putselaan,72,"",BG,3074JD,Rotterdam
Putselaan,74,A,"",3074JD,Rotterdam
Putselaan,74,B,"",3074JD,Rotterdam
Putselaan,74,C,"",3074JD,Rotterdam
Putselaan,74,D,"",3074JD,Rotterdam
Putselaan,76,A,"",3074JD,Rotterdam
Putselaan,76,B,"",3074JD,Rotterdam
Putselaan,76,C,"",3074JD,Rotterdam
Putselaan,76,D,"",3074JD,Rotterdam
Putselaan,78,A,"",3074JD,Rotterdam
Putselaan,78,B,"",3074JD,Rotterdam
Putselaan,78,C,"",3074JD,Rotterdam
Putselaan,78,D,"",3074JD,Rotterdam
Putselaan,80,A,"",3074JD,Rotterdam
Putselaan,80,B,"",3074JD,Rotterdam
Putselaan,80,C,"",3074JD,Rotterdam
Putselaan,80,D,"",3074JD,Rotterdam
Putselaan,80,E,"",3074JD,Rotterdam
Putselaan,80,F,"",3074JD,Rotterdam
Putselaan,82,A,"",3074JD,Rotterdam
Putselaan,82,B,"",3074JD,Rotterdam
Putselaan,82,C,"",3074JD,Rotterdam
Putselaan,82,D,"",3074JD,Rotterdam
Putselaan,84,A,"",3074JD,Rotterdam
Putselaan,84,B,"",3074JD,Rotterdam
Putselaan,84,C,"",3074JD,Rotterdam
Putselaan,84,D,"",3074JD,Rotterdam
Putselaan,86,A,"",3074JD,Rotterdam
Putselaan,86,B,"",3074JD,Rotterdam
Putselaan,86,C,"",3074JD,Rotterdam
Putselaan,86,D,"",3074JD,Rotterdam
Putselaan,86,E,"",3074JD,Rotterdam
Putselaan,86,F,"",3074JD,Rotterdam
Putselaan,88,A,"",3074JD,Rotterdam
Putselaan,88,B,"",3074JD,Rotterdam
Putselaan,88,C,"",3074JD,Rotterdam
Putselaan,88,D,"",3074JD,Rotterdam
Putselaan,90,A,"",3074JD,Rotterdam
Putselaan,90,B,"",3074JD,Rotterdam
Putselaan,90,C,"",3074JD,Rotterdam
Putselaan,92,A,"",3074JD,Rotterdam
Putselaan,92,B,"",3074JD,Rotterdam
Putselaan,92,C,"",3074JD,Rotterdam
Putselaan,92,D,"",3074JD,Rotterdam
Putselaan,92,E,"",3074JD,Rotterdam
Putselaan,92,F,"",3074JD,Rotterdam
Putselaan,94,A,"",3074JD,Rotterdam
Putselaan,94,B,"",3074JD,Rotterdam
Putselaan,94,C,"",3074JD,Rotterdam
Putselaan,96,A,"",3074JD,Rotterdam
Putselaan,96,B,"",3074JD,Rotterdam
Putselaan,98,A,"",3074JD,Rotterdam
Putselaan,98,B,"",3074JD,Rotterdam
Putselaan,98,C,"",3074JD,Rotterdam
Putselaan,98,D,"",3074JD,Rotterdam
Putselaan,98,E,"",3074JD,Rotterdam
Putselaan,98,F,"",3074JD,Rotterdam
Putselaan,102,"","",3074JE,Rotterdam
Putselaan,104,"","",3074JE,Rotterdam
Putselaan,106,"","",3074JE,Rotterdam
Putselaan,108,"","",3074JE,Rotterdam
Putselaan,110,A,"",3074JE,Rotterdam
Putselaan,110,B,"",3074JE,Rotterdam
Putselaan,110,C,"",3074JE,Rotterdam
Putselaan,110,D,"",3074JE,Rotterdam
Putselaan,110,E,"",3074JE,Rotterdam
Putselaan,110,F,"",3074JE,Rotterdam
Putselaan,112,A,"",3074JE,Rotterdam
Putselaan,112,B,"",3074JE,Rotterdam
Putselaan,112,C,"",3074JE,Rotterdam
Putselaan,112,D,"",3074JE,Rotterdam
Putselaan,112,E,"",3074JE,Rotterdam
Putselaan,112,F,"",3074JE,Rotterdam
Putselaan,112,G,"",3074JE,Rotterdam
Putselaan,112,H,"",3074JE,Rotterdam
Putselaan,114,A,"",3074JE,Rotterdam
Putselaan,114,B,"",3074JE,Rotterdam
Putselaan,114,C,"",3074JE,Rotterdam
Putselaan,114,D,"",3074JE,Rotterdam
Putselaan,114,E,"",3074JE,Rotterdam
Putselaan,114,F,"",3074JE,Rotterdam
Putselaan,114,G,"",3074JE,Rotterdam
Putselaan,116,A,"",3074JE,Rotterdam
Putselaan,116,B,"",3074JE,Rotterdam
Putselaan,116,C,"",3074JE,Rotterdam
Putselaan,116,D,"",3074JE,Rotterdam
Putselaan,116,E,"",3074JE,Rotterdam
Putselaan,116,F,"",3074JE,Rotterdam
Putselaan,116,G,"",3074JE,Rotterdam
Putselaan,116,H,"",3074JE,Rotterdam
Putselaan,118,A,"",3074JE,Rotterdam
Putselaan,118,B,"",3074JE,Rotterdam
Putselaan,118,C,"",3074JE,Rotterdam
Putselaan,118,D,"",3074JE,Rotterdam
Putselaan,118,E,"",3074JE,Rotterdam
Putselaan,118,F,"",3074JE,Rotterdam
Putselaan,118,G,"",3074JE,Rotterdam
Putselaan,118,H,"",3074JE,Rotterdam
Putselaan,120,"","",3074JE,Rotterdam
Putselaan,122,"","",3074JE,Rotterdam
Putselaan,124,"","",3074JG,Rotterdam
Putselaan,126,"","",3074JG,Rotterdam
Putselaan,128,"","",3074JG,Rotterdam
Putselaan,130,"","",3074JG,Rotterdam
Putselaan,132,A,"",3074JG,Rotterdam
Putselaan,132,B,"",3074JG,Rotterdam
Putselaan,132,C,"",3074JG,Rotterdam
Putselaan,132,D,"",3074JG,Rotterdam
Putselaan,132,E,"",3074JG,Rotterdam
Putselaan,134,A,"",3074JG,Rotterdam
Putselaan,134,B,"",3074JG,Rotterdam
Putselaan,134,C,"",3074JG,Rotterdam
Putselaan,134,D,"",3074JG,Rotterdam
Putselaan,134,E,"",3074JG,Rotterdam
Putselaan,136,A,"",3074JG,Rotterdam
Putselaan,136,B,"",3074JG,Rotterdam
Putselaan,136,C,"",3074JG,Rotterdam
Putselaan,136,D,"",3074JG,Rotterdam
Putselaan,136,E,"",3074JG,Rotterdam
Putselaan,138,"","",3074JG,Rotterdam
Putselaan,140,"","",3074JG,Rotterdam
Putselaan,142,"","",3074JG,Rotterdam
Putselaan,144,"","",3074JG,Rotterdam
Putselaan,146,"","",3074JG,Rotterdam
Putselaan,148,A,"",3074JG,Rotterdam
Putselaan,148,B,"",3074JG,Rotterdam
Putselaan,148,C,"",3074JG,Rotterdam
Putselaan,148,D,"",3074JG,Rotterdam
Putselaan,148,E,"",3074JG,Rotterdam
Putselaan,148,F,"",3074JG,Rotterdam
Putselaan,148,G,"",3074JG,Rotterdam
Putselaan,150,A,"",3074JG,Rotterdam
Putselaan,150,B,"",3074JG,Rotterdam
Putselaan,150,C,"",3074JG,Rotterdam
Putselaan,150,D,"",3074JG,Rotterdam
Putselaan,150,E,"",3074JG,Rotterdam
Putselaan,150,F,"",3074JG,Rotterdam
Putselaan,150,G,"",3074JG,Rotterdam
Putselaan,152,A,"",3074JG,Rotterdam
Putselaan,152,B,"",3074JG,Rotterdam
Putselaan,152,C,"",3074JG,Rotterdam
Putselaan,152,D,"",3074JG,Rotterdam
Putselaan,152,E,"",3074JG,Rotterdam
Putselaan,152,F,"",3074JG,Rotterdam
Putselaan,152,G,"",3074JG,Rotterdam
Putselaan,154,A,"",3074JG,Rotterdam
Putselaan,154,B,"",3074JG,Rotterdam
Putselaan,154,C,"",3074JG,Rotterdam
Putselaan,154,D,"",3074JG,Rotterdam
Putselaan,154,E,"",3074JG,Rotterdam
Putselaan,156,A,"",3074JG,Rotterdam
Putselaan,156,B,"",3074JG,Rotterdam
Putselaan,156,C,"",3074JG,Rotterdam
Putselaan,156,D,"",3074JG,Rotterdam
Putselaan,156,E,"",3074JG,Rotterdam
Putselaan,158,A,"",3074JG,Rotterdam
Putselaan,158,B,"",3074JG,Rotterdam
Putselaan,158,C,"",3074JG,Rotterdam
Putselaan,158,D,"",3074JG,Rotterdam
Putselaan,158,E,"",3074JG,Rotterdam
Putselaan,160,A,"",3074JG,Rotterdam
Putselaan,160,B,"",3074JG,Rotterdam
Putselaan,160,C,"",3074JG,Rotterdam
Putselaan,160,D,"",3074JG,Rotterdam
Putselaan,160,E,"",3074JG,Rotterdam
Putselaan,162,A,"",3074JG,Rotterdam
Putselaan,162,B,"",3074JG,Rotterdam
Putselaan,162,C,"",3074JG,Rotterdam
Putselaan,162,D,"",3074JG,Rotterdam
Putselaan,162,E,"",3074JG,Rotterdam
Putselaan,164,A,"",3074JG,Rotterdam
Putselaan,164,B,"",3074JG,Rotterdam
Putselaan,164,C,"",3074JG,Rotterdam
Putselaan,164,D,"",3074JG,Rotterdam
Putselaan,164,E,"",3074JG,Rotterdam
Putselaan,166,A,"",3074JG,Rotterdam
Putselaan,166,B,"",3074JG,Rotterdam
Putselaan,166,C,"",3074JG,Rotterdam
Putselaan,166,D,"",3074JG,Rotterdam
Putselaan,166,E,"",3074JG,Rotterdam
2e Rosestraat,10,"","",3074JK,Rotterdam
2e Rosestraat,10,"",0001,3074JK,Rotterdam
2e Rosestraat,11,"","",3074JK,Rotterdam
2e Rosestraat,12,"","",3074JK,Rotterdam
2e Rosestraat,22,"",0001,3074JK,Rotterdam
2e Rosestraat,22,"",01,3074JK,Rotterdam
2e Rosestraat,22,"",02,3074JK,Rotterdam
2e Rosestraat,24,A,01,3074JK,Rotterdam
2e Rosestraat,24,A,02,3074JK,Rotterdam
2e Rosestraat,24,B,"",3074JK,Rotterdam
2e Rosestraat,24,C,"",3074JK,Rotterdam
2e Rosestraat,26,A,"",3074JK,Rotterdam
2e Rosestraat,26,B,"",3074JK,Rotterdam
2e Rosestraat,28,"","",3074JK,Rotterdam
2e Rosestraat,3,"","",3074JK,Rotterdam
2e Rosestraat,30,A,01,3074JK,Rotterdam
2e Rosestraat,30,A,02,3074JK,Rotterdam
2e Rosestraat,30,B,"",3074JK,Rotterdam
2e Rosestraat,32,A,01,3074JK,Rotterdam
2e Rosestraat,32,A,02,3074JK,Rotterdam
2e Rosestraat,32,B,"",3074JK,Rotterdam
2e Rosestraat,33,"","",3074JK,Rotterdam
2e Rosestraat,34,A,01,3074JK,Rotterdam
2e Rosestraat,34,A,02,3074JK,Rotterdam
2e Rosestraat,34,B,"",3074JK,Rotterdam
2e Rosestraat,36,A,01,3074JK,Rotterdam
2e Rosestraat,36,A,02,3074JK,Rotterdam
2e Rosestraat,36,B,"",3074JK,Rotterdam
2e Rosestraat,38,A,"",3074JK,Rotterdam
2e Rosestraat,38,B,"",3074JK,Rotterdam
2e Rosestraat,40,A,01,3074JK,Rotterdam
2e Rosestraat,40,A,01,3074JK,Rotterdam
2e Rosestraat,40,A,02,3074JK,Rotterdam
2e Rosestraat,40,B,"",3074JK,Rotterdam
2e Rosestraat,7,"","",3074JK,Rotterdam
Hillevliet,16,A,"",3074KA,Rotterdam
Hillevliet,16,B,02,3074KA,Rotterdam
Hillevliet,16,B,03,3074KA,Rotterdam
Hillevliet,18,A,"",3074KA,Rotterdam
Hillevliet,18,B,"",3074KA,Rotterdam
Hillevliet,18,C,"",3074KA,Rotterdam
Hillevliet,20,A,"",3074KA,Rotterdam
Hillevliet,20,B,"",3074KA,Rotterdam
Hillevliet,22,A,"",3074KA,Rotterdam
Hillevliet,22,B,"",3074KA,Rotterdam
Hillevliet,24,A,"",3074KA,Rotterdam
Hillevliet,24,B,"",3074KA,Rotterdam
Hillevliet,26,"","",3074KA,Rotterdam
Hillevliet,26,"",BG,3074KA,Rotterdam
Hillevliet,26,A,"",3074KA,Rotterdam
Hillevliet,26,B,"",3074KA,Rotterdam
Hillevliet,28,A,"",3074KA,Rotterdam
Hillevliet,28,B,"",3074KA,Rotterdam
Hillevliet,30,"","",3074KA,Rotterdam
Hillevliet,32,A,"",3074KA,Rotterdam
Hillevliet,32,B,01,3074KA,Rotterdam
Hillevliet,32,B,02,3074KA,Rotterdam
Hillevliet,34,"","",3074KA,Rotterdam
Hillevliet,36,"","",3074KA,Rotterdam
Hillevliet,36,A,"",3074KA,Rotterdam
Hillevliet,36,A,"",3074KA,Rotterdam
Hillevliet,36,B,"",3074KA,Rotterdam
Hillevliet,36,B,"",3074KA,Rotterdam
Hillevliet,38,A,"",3074KA,Rotterdam
Hillevliet,38,B,01,3074KA,Rotterdam
Hillevliet,38,B,02,3074KA,Rotterdam
Hillevliet,40,A,"",3074KA,Rotterdam
Hillevliet,40,B,"",3074KA,Rotterdam
Hillevliet,40,B,01,3074KA,Rotterdam
Hillevliet,40,B,02,3074KA,Rotterdam
Hillevliet,42,A,"",3074KB,Rotterdam
Hillevliet,42,B,"",3074KB,Rotterdam
Hillevliet,42,B,01,3074KB,Rotterdam
Hillevliet,42,B,02,3074KB,Rotterdam
Hillevliet,44,A,"",3074KB,Rotterdam
Hillevliet,44,B,"",3074KB,Rotterdam
Hillevliet,46,A,"",3074KB,Rotterdam
Hillevliet,46,B,"",3074KB,Rotterdam
Hillevliet,48,A,"",3074KB,Rotterdam
Hillevliet,48,B,"",3074KB,Rotterdam
Hillevliet,50,A,"",3074KB,Rotterdam
Hillevliet,50,B,"",3074KB,Rotterdam
Hillevliet,52,"","",3074KB,Rotterdam
Hillevliet,52,A,"",3074KB,Rotterdam
Hillevliet,52,B,"",3074KB,Rotterdam
Hillevliet,54,A,"",3074KB,Rotterdam
Hillevliet,54,B,"",3074KB,Rotterdam
Hillevliet,54,B,"",3074KB,Rotterdam
Hillevliet,54,C,"",3074KB,Rotterdam
Hillevliet,56,"","",3074KB,Rotterdam
Hillevliet,56,"",SO,3074KB,Rotterdam
Hillevliet,56,A,"",3074KB,Rotterdam
Hillevliet,56,B,"",3074KB,Rotterdam
Hillevliet,56,C,"",3074KB,Rotterdam
Hillevliet,56,D,"",3074KB,Rotterdam
Hillevliet,58,A,"",3074KB,Rotterdam
Hillevliet,58,B,"",3074KB,Rotterdam
Hillevliet,60,"","",3074KB,Rotterdam
Hillevliet,60,A,"",3074KB,Rotterdam
Hillevliet,60,B,"",3074KB,Rotterdam
Hillevliet,62,A,"",3074KC,Rotterdam
Hillevliet,62,B,02,3074KC,Rotterdam
Hillevliet,62,B,03,3074KC,Rotterdam
Hillevliet,64,A,"",3074KC,Rotterdam
Hillevliet,64,B,"",3074KC,Rotterdam
Hillevliet,64,B,"",3074KC,Rotterdam
Hillevliet,64,B,02,3074KC,Rotterdam
Hillevliet,64,B,03,3074KC,Rotterdam
Hillevliet,64,C,"",3074KC,Rotterdam
Hillevliet,64,D,"",3074KC,Rotterdam
Hillevliet,66,A,"",3074KC,Rotterdam
Hillevliet,66,B,"",3074KC,Rotterdam
Hillevliet,68,A,"",3074KC,Rotterdam
Hillevliet,68,B,01,3074KC,Rotterdam
Hillevliet,68,B,02,3074KC,Rotterdam
Hillevliet,70,A,01,3074KC,Rotterdam
Hillevliet,70,A,02,3074KC,Rotterdam
Hillevliet,70,B,"",3074KC,Rotterdam
Hillevliet,72,A,"",3074KC,Rotterdam
Hillevliet,72,B,01,3074KC,Rotterdam
Hillevliet,72,B,02,3074KC,Rotterdam
Hillevliet,74,A,01,3074KC,Rotterdam
Hillevliet,74,A,02,3074KC,Rotterdam
Hillevliet,74,B,"",3074KC,Rotterdam
Hillevliet,74,C,01,3074KC,Rotterdam
Hillevliet,74,C,02,3074KC,Rotterdam
Hillevliet,76,A,01,3074KC,Rotterdam
Hillevliet,76,A,02,3074KC,Rotterdam
Hillevliet,76,B,"",3074KC,Rotterdam
Hillevliet,112,"","",3074KD,Rotterdam
Hillevliet,116,"","",3074KD,Rotterdam
Hillevliet,118,A,"",3074KD,Rotterdam
Hillevliet,118,B,"",3074KD,Rotterdam
Hillevliet,120,A,"",3074KD,Rotterdam
Hillevliet,120,A,02,3074KD,Rotterdam
Hillevliet,120,A,03,3074KD,Rotterdam
Hillevliet,120,B,"",3074KD,Rotterdam
Hillevliet,122,"","",3074KD,Rotterdam
Hillevliet,122,"",BG,3074KD,Rotterdam
Hillevliet,122,A,"",3074KD,Rotterdam
Hillevliet,122,B,"",3074KD,Rotterdam
Hillevliet,122,C,"",3074KD,Rotterdam
Hillevliet,124,"","",3074KD,Rotterdam
Hillevliet,126,A,"",3074KD,Rotterdam
Hillevliet,126,B,"",3074KD,Rotterdam
Hillevliet,128,A,"",3074KD,Rotterdam
Hillevliet,128,B,"",3074KD,Rotterdam
Hillevliet,130,A,"",3074KD,Rotterdam
Hillevliet,130,B,"",3074KD,Rotterdam
Hillevliet,132,A,01,3074KD,Rotterdam
Hillevliet,132,A,02,3074KD,Rotterdam
Hillevliet,132,B,"",3074KD,Rotterdam
Hillevliet,90,"","",3074KD,Rotterdam
Hillevliet,96,"","",3074KD,Rotterdam
Hillevliet,98,"","",3074KD,Rotterdam
Hillevliet,134,A,01,3074KE,Rotterdam
Hillevliet,134,A,02,3074KE,Rotterdam
Hillevliet,134,B,"",3074KE,Rotterdam
Hillevliet,136,A,"",3074KE,Rotterdam
Hillevliet,136,B,"",3074KE,Rotterdam
Hillevliet,136,B,01,3074KE,Rotterdam
Hillevliet,136,B,02,3074KE,Rotterdam
Hillevliet,138,A,01,3074KE,Rotterdam
Hillevliet,138,A,02,3074KE,Rotterdam
Hillevliet,138,B,"",3074KE,Rotterdam
Hillevliet,140,A,"",3074KE,Rotterdam
Hillevliet,140,B,01,3074KE,Rotterdam
Hillevliet,140,B,02,3074KE,Rotterdam
Hillevliet,140,B,03,3074KE,Rotterdam
Hillevliet,142,A,"",3074KE,Rotterdam
Hillevliet,142,B,01,3074KE,Rotterdam
Hillevliet,142,B,02,3074KE,Rotterdam
Hillevliet,142,B,03,3074KE,Rotterdam
Hillevliet,144,A,"",3074KE,Rotterdam
Hillevliet,144,B,"",3074KE,Rotterdam
Slaghekstraat,33,"",BG,3074LA,Rotterdam
Slaghekstraat,33,A,"",3074LA,Rotterdam
Slaghekstraat,33,B,"",3074LA,Rotterdam
Slaghekstraat,33,C,"",3074LA,Rotterdam
Slaghekstraat,33,D,"",3074LA,Rotterdam
Slaghekstraat,33,E,"",3074LA,Rotterdam
Slaghekstraat,33,F,"",3074LA,Rotterdam
Slaghekstraat,33,G,"",3074LA,Rotterdam
Slaghekstraat,35,A,"",3074LA,Rotterdam
Slaghekstraat,35,B,"",3074LA,Rotterdam
Slaghekstraat,35,C,"",3074LA,Rotterdam
Slaghekstraat,35,D,"",3074LA,Rotterdam
Slaghekstraat,35,E,"",3074LA,Rotterdam
Slaghekstraat,35,F,"",3074LA,Rotterdam
Slaghekstraat,37,A,"",3074LA,Rotterdam
Slaghekstraat,37,B,"",3074LA,Rotterdam
Slaghekstraat,37,C,"",3074LA,Rotterdam
Slaghekstraat,39,A,"",3074LA,Rotterdam
Slaghekstraat,39,B,"",3074LA,Rotterdam
Slaghekstraat,39,C,"",3074LA,Rotterdam
Slaghekstraat,39,D,"",3074LA,Rotterdam
Slaghekstraat,39,E,"",3074LA,Rotterdam
Slaghekstraat,39,F,"",3074LA,Rotterdam
Slaghekstraat,41,A,"",3074LA,Rotterdam
Slaghekstraat,41,B,"",3074LA,Rotterdam
Slaghekstraat,41,C,"",3074LA,Rotterdam
Slaghekstraat,41,D,"",3074LA,Rotterdam
Slaghekstraat,41,E,"",3074LA,Rotterdam
Slaghekstraat,41,F,"",3074LA,Rotterdam
Slaghekstraat,43,A,"",3074LA,Rotterdam
Slaghekstraat,43,B,"",3074LA,Rotterdam
Slaghekstraat,43,C,"",3074LA,Rotterdam
Slaghekstraat,45,A,"",3074LA,Rotterdam
Slaghekstraat,45,B,"",3074LA,Rotterdam
Slaghekstraat,45,C,"",3074LA,Rotterdam
Slaghekstraat,45,D,"",3074LA,Rotterdam
Slaghekstraat,45,E,"",3074LA,Rotterdam
Slaghekstraat,45,F,"",3074LA,Rotterdam
Slaghekstraat,47,A,"",3074LA,Rotterdam
Slaghekstraat,47,B,"",3074LA,Rotterdam
Slaghekstraat,47,C,"",3074LA,Rotterdam
Slaghekstraat,47,D,"",3074LA,Rotterdam
Slaghekstraat,47,E,"",3074LA,Rotterdam
Slaghekstraat,47,F,"",3074LA,Rotterdam
Slaghekstraat,49,A,"",3074LA,Rotterdam
Slaghekstraat,49,B,"",3074LA,Rotterdam
Slaghekstraat,49,C,"",3074LA,Rotterdam
Slaghekstraat,5,"","",3074LA,Rotterdam
Slaghekstraat,51,A,"",3074LA,Rotterdam
Slaghekstraat,51,B,"",3074LA,Rotterdam
Slaghekstraat,51,C,"",3074LA,Rotterdam
Slaghekstraat,51,D,"",3074LA,Rotterdam
Slaghekstraat,51,E,"",3074LA,Rotterdam
Slaghekstraat,51,F,"",3074LA,Rotterdam
Slaghekstraat,53,A,"",3074LA,Rotterdam
Slaghekstraat,53,B,"",3074LA,Rotterdam
Slaghekstraat,53,C,"",3074LA,Rotterdam
Slaghekstraat,53,D,"",3074LA,Rotterdam
Slaghekstraat,53,E,"",3074LA,Rotterdam
Slaghekstraat,53,F,"",3074LA,Rotterdam
Slaghekstraat,55,A,"",3074LA,Rotterdam
Slaghekstraat,55,B,"",3074LA,Rotterdam
Slaghekstraat,57,A,"",3074LA,Rotterdam
Slaghekstraat,57,A,"",3074LA,Rotterdam
Slaghekstraat,57,A,"",3074LA,Rotterdam
Slaghekstraat,57,A,SO,3074LA,Rotterdam
Slaghekstraat,57,B,01,3074LA,Rotterdam
Slaghekstraat,57,B,02,3074LA,Rotterdam
Slaghekstraat,59,A,"",3074LA,Rotterdam
Slaghekstraat,59,B,"",3074LA,Rotterdam
Slaghekstraat,59,C,01,3074LA,Rotterdam
Slaghekstraat,59,C,02,3074LA,Rotterdam
Slaghekstraat,61,A,"",3074LA,Rotterdam
Slaghekstraat,61,B,"",3074LA,Rotterdam
Slaghekstraat,61,C,01,3074LA,Rotterdam
Slaghekstraat,61,C,02,3074LA,Rotterdam
Slaghekstraat,61,C,02,3074LA,Rotterdam
Slaghekstraat,61,C,03,3074LA,Rotterdam
Slaghekstraat,63,A,01,3074LA,Rotterdam
Slaghekstraat,63,A,02,3074LA,Rotterdam
Slaghekstraat,63,A,02,3074LA,Rotterdam
Slaghekstraat,63,A,03,3074LA,Rotterdam
Slaghekstraat,63,B,"",3074LA,Rotterdam
Slaghekstraat,63,C,"",3074LA,Rotterdam
Slaghekstraat,65,A,01,3074LA,Rotterdam
Slaghekstraat,65,A,02,3074LA,Rotterdam
Slaghekstraat,65,B,"",3074LA,Rotterdam
Slaghekstraat,67,A,01,3074LA,Rotterdam
Slaghekstraat,67,A,02,3074LA,Rotterdam
Slaghekstraat,67,A,02,3074LA,Rotterdam
Slaghekstraat,67,A,03,3074LA,Rotterdam
Slaghekstraat,67,B,"",3074LA,Rotterdam
Slaghekstraat,67,C,01,3074LA,Rotterdam
Slaghekstraat,67,C,02,3074LA,Rotterdam
Slaghekstraat,67,C,02,3074LA,Rotterdam
Slaghekstraat,67,C,03,3074LA,Rotterdam
Slaghekstraat,101,A,"",3074LB,Rotterdam
Slaghekstraat,101,B,"",3074LB,Rotterdam
Slaghekstraat,103,A,01,3074LB,Rotterdam
Slaghekstraat,103,A,02,3074LB,Rotterdam
Slaghekstraat,103,B,"",3074LB,Rotterdam
Slaghekstraat,73,"","",3074LB,Rotterdam
Slaghekstraat,73,A,01,3074LB,Rotterdam
Slaghekstraat,73,A,02,3074LB,Rotterdam
Slaghekstraat,73,A,03,3074LB,Rotterdam
Slaghekstraat,73,B,"",3074LB,Rotterdam
Slaghekstraat,75,"",01,3074LB,Rotterdam
Slaghekstraat,75,"",02,3074LB,Rotterdam
Slaghekstraat,75,"",03,3074LB,Rotterdam
Slaghekstraat,75,"",03,3074LB,Rotterdam
Slaghekstraat,75,"",04,3074LB,Rotterdam
Slaghekstraat,75,A,"",3074LB,Rotterdam
Slaghekstraat,75,B,"",3074LB,Rotterdam
Slaghekstraat,75,C,"",3074LB,Rotterdam
Slaghekstraat,75,D,"",3074LB,Rotterdam
Slaghekstraat,77,A,01,3074LB,Rotterdam
Slaghekstraat,77,A,02,3074LB,Rotterdam
Slaghekstraat,77,A,03,3074LB,Rotterdam
Slaghekstraat,77,B,"",3074LB,Rotterdam
Slaghekstraat,85,"",01,3074LB,Rotterdam
Slaghekstraat,85,"",02,3074LB,Rotterdam
Slaghekstraat,85,A,"",3074LB,Rotterdam
Slaghekstraat,85,B,"",3074LB,Rotterdam
Slaghekstraat,85,C,"",3074LB,Rotterdam
Slaghekstraat,85,D,"",3074LB,Rotterdam
Slaghekstraat,85,E,"",3074LB,Rotterdam
Slaghekstraat,87,A,01,3074LB,Rotterdam
Slaghekstraat,87,A,02,3074LB,Rotterdam
Slaghekstraat,87,A,03,3074LB,Rotterdam
Slaghekstraat,87,B,"",3074LB,Rotterdam
Slaghekstraat,89,A,01,3074LB,Rotterdam
Slaghekstraat,89,A,02,3074LB,Rotterdam
Slaghekstraat,89,B,"",3074LB,Rotterdam
Slaghekstraat,91,"",01,3074LB,Rotterdam
Slaghekstraat,91,"",01,3074LB,Rotterdam
Slaghekstraat,91,"",02,3074LB,Rotterdam
Slaghekstraat,91,"",03,3074LB,Rotterdam
Slaghekstraat,93,A,01,3074LB,Rotterdam
Slaghekstraat,93,A,02,3074LB,Rotterdam
Slaghekstraat,93,B,"",3074LB,Rotterdam
Slaghekstraat,95,A,"",3074LB,Rotterdam
Slaghekstraat,95,B,01,3074LB,Rotterdam
Slaghekstraat,95,B,01,3074LB,Rotterdam
Slaghekstraat,95,B,02,3074LB,Rotterdam
Slaghekstraat,95,B,02,3074LB,Rotterdam
Slaghekstraat,95,B,03,3074LB,Rotterdam
Slaghekstraat,97,A,"",3074LB,Rotterdam
Slaghekstraat,97,B,"",3074LB,Rotterdam
Slaghekstraat,99,A,"",3074LB,Rotterdam
Slaghekstraat,99,B,"",3074LB,Rotterdam
Slaghekstraat,105,A,01,3074LC,Rotterdam
Slaghekstraat,105,A,02,3074LC,Rotterdam
Slaghekstraat,105,B,"",3074LC,Rotterdam
Slaghekstraat,107,A,01,3074LC,Rotterdam
Slaghekstraat,107,A,02,3074LC,Rotterdam
Slaghekstraat,107,B,"",3074LC,Rotterdam
Slaghekstraat,109,A,01,3074LC,Rotterdam
Slaghekstraat,109,A,02,3074LC,Rotterdam
Slaghekstraat,109,B,"",3074LC,Rotterdam
Slaghekstraat,111,A,"",3074LC,Rotterdam
Slaghekstraat,111,B,01,3074LC,Rotterdam
Slaghekstraat,111,B,02,3074LC,Rotterdam
Slaghekstraat,113,A,01,3074LC,Rotterdam
Slaghekstraat,113,A,02,3074LC,Rotterdam
Slaghekstraat,113,B,"",3074LC,Rotterdam
Slaghekstraat,115,A,"",3074LC,Rotterdam
Slaghekstraat,115,B,01,3074LC,Rotterdam
Slaghekstraat,115,B,02,3074LC,Rotterdam
Slaghekstraat,117,A,"",3074LC,Rotterdam
Slaghekstraat,117,A,"",3074LC,Rotterdam
Slaghekstraat,117,B,"",3074LC,Rotterdam
Slaghekstraat,117,B,"",3074LC,Rotterdam
Slaghekstraat,117,B,BG,3074LC,Rotterdam
Slaghekstraat,119,A,"",3074LC,Rotterdam
Slaghekstraat,119,B,"",3074LC,Rotterdam
Slaghekstraat,121,A,"",3074LC,Rotterdam
Slaghekstraat,121,B,"",3074LC,Rotterdam
Slaghekstraat,123,"","",3074LC,Rotterdam
Slaghekstraat,125,A,"",3074LD,Rotterdam
Slaghekstraat,125,B,01,3074LD,Rotterdam
Slaghekstraat,125,B,02,3074LD,Rotterdam
Slaghekstraat,127,A,"",3074LD,Rotterdam
Slaghekstraat,127,B,"",3074LD,Rotterdam
Slaghekstraat,129,"","",3074LD,Rotterdam
Slaghekstraat,129,A,"",3074LD,Rotterdam
Slaghekstraat,129,A,"",3074LD,Rotterdam
Slaghekstraat,129,B,"",3074LD,Rotterdam
Slaghekstraat,129,B,"",3074LD,Rotterdam
Slaghekstraat,131,A,"",3074LD,Rotterdam
Slaghekstraat,131,B,"",3074LD,Rotterdam
Slaghekstraat,133,A,"",3074LD,Rotterdam
Slaghekstraat,133,B,"",3074LD,Rotterdam
Slaghekstraat,133,C,"",3074LD,Rotterdam
Slaghekstraat,135,A,"",3074LD,Rotterdam
Slaghekstraat,135,B,"",3074LD,Rotterdam
Slaghekstraat,135,C,"",3074LD,Rotterdam
Slaghekstraat,137,A,"",3074LD,Rotterdam
Slaghekstraat,137,B,"",3074LD,Rotterdam
Slaghekstraat,137,C,"",3074LD,Rotterdam
Slaghekstraat,143,"","",3074LE,Rotterdam
Slaghekstraat,143,A,"",3074LE,Rotterdam
Slaghekstraat,143,A,BG,3074LE,Rotterdam
Slaghekstraat,143,B,"",3074LE,Rotterdam
Slaghekstraat,143,C,"",3074LE,Rotterdam
Slaghekstraat,145,"","",3074LE,Rotterdam
Slaghekstraat,145,A,"",3074LE,Rotterdam
Slaghekstraat,145,B,"",3074LE,Rotterdam
Slaghekstraat,145,C,"",3074LE,Rotterdam
Slaghekstraat,149,A,"",3074LE,Rotterdam
Slaghekstraat,149,A,BG,3074LE,Rotterdam
Slaghekstraat,149,B,"",3074LE,Rotterdam
Slaghekstraat,149,C,"",3074LE,Rotterdam
Slaghekstraat,149,D,"",3074LE,Rotterdam
Slaghekstraat,151,B,"",3074LE,Rotterdam
Slaghekstraat,151,C,"",3074LE,Rotterdam
Slaghekstraat,151,D,"",3074LE,Rotterdam
Slaghekstraat,175,A,"",3074LH,Rotterdam
Slaghekstraat,175,B,"",3074LH,Rotterdam
Slaghekstraat,177,A,"",3074LH,Rotterdam
Slaghekstraat,177,B,"",3074LH,Rotterdam
Slaghekstraat,179,A,"",3074LH,Rotterdam
Slaghekstraat,179,B,"",3074LH,Rotterdam
Slaghekstraat,181,A,"",3074LH,Rotterdam
Slaghekstraat,181,B,"",3074LH,Rotterdam
Slaghekstraat,181,C,"",3074LH,Rotterdam
Slaghekstraat,181,D,"",3074LH,Rotterdam
Slaghekstraat,181,E,"",3074LH,Rotterdam
Slaghekstraat,181,F,"",3074LH,Rotterdam
Slaghekstraat,183,"","",3074LH,Rotterdam
Slaghekstraat,185,"","",3074LH,Rotterdam
Slaghekstraat,187,"","",3074LH,Rotterdam
Slaghekstraat,189,"","",3074LH,Rotterdam
Slaghekstraat,191,"","",3074LH,Rotterdam
Slaghekstraat,193,"","",3074LJ,Rotterdam
Slaghekstraat,195,"","",3074LJ,Rotterdam
Slaghekstraat,197,"","",3074LJ,Rotterdam
Slaghekstraat,199,"","",3074LJ,Rotterdam
Slaghekstraat,201,"","",3074LJ,Rotterdam
Slaghekstraat,203,"","",3074LJ,Rotterdam
Slaghekstraat,205,"","",3074LJ,Rotterdam
Slaghekstraat,207,"","",3074LJ,Rotterdam
Slaghekstraat,209,A,"",3074LJ,Rotterdam
Slaghekstraat,209,B,"",3074LJ,Rotterdam
Slaghekstraat,209,C,"",3074LJ,Rotterdam
Slaghekstraat,209,D,"",3074LJ,Rotterdam
Slaghekstraat,209,E,"",3074LJ,Rotterdam
Slaghekstraat,209,F,"",3074LJ,Rotterdam
Slaghekstraat,221,"","",3074LJ,Rotterdam
Slaghekstraat,223,"","",3074LJ,Rotterdam
Slaghekstraat,241,"","",3074LJ,Rotterdam
Slaghekstraat,251,"","",3074LJ,Rotterdam
Slaghekstraat,10,"",01,3074LL,Rotterdam
Slaghekstraat,10,"",02,3074LL,Rotterdam
Slaghekstraat,10,"",BG,3074LL,Rotterdam
Slaghekstraat,10,A,"",3074LL,Rotterdam
Slaghekstraat,10,B,"",3074LL,Rotterdam
Slaghekstraat,14,"","",3074LL,Rotterdam
Slaghekstraat,16,A,"",3074LL,Rotterdam
Slaghekstraat,16,B,"",3074LL,Rotterdam
Slaghekstraat,16,C,"",3074LL,Rotterdam
Slaghekstraat,16,D,"",3074LL,Rotterdam
Slaghekstraat,18,"","",3074LL,Rotterdam
Slaghekstraat,20,A,"",3074LL,Rotterdam
Slaghekstraat,20,B,"",3074LL,Rotterdam
Slaghekstraat,20,C,"",3074LL,Rotterdam
Slaghekstraat,20,D,"",3074LL,Rotterdam
Slaghekstraat,22,"","",3074LL,Rotterdam
Slaghekstraat,24,"",BG,3074LL,Rotterdam
Slaghekstraat,24,A,"",3074LL,Rotterdam
Slaghekstraat,24,B,"",3074LL,Rotterdam
Slaghekstraat,24,C,"",3074LL,Rotterdam
Slaghekstraat,24,D,"",3074LL,Rotterdam
Slaghekstraat,26,A,"",3074LL,Rotterdam
Slaghekstraat,26,B,"",3074LL,Rotterdam
Slaghekstraat,26,C,"",3074LL,Rotterdam
Slaghekstraat,30,A,01,3074LL,Rotterdam
Slaghekstraat,30,A,02,3074LL,Rotterdam
Slaghekstraat,30,B,"",3074LL,Rotterdam
Slaghekstraat,6,"",01,3074LL,Rotterdam
Slaghekstraat,6,"",02,3074LL,Rotterdam
Slaghekstraat,6,A,"",3074LL,Rotterdam
Slaghekstraat,6,B,"",3074LL,Rotterdam
Slaghekstraat,8,"",01,3074LL,Rotterdam
Slaghekstraat,8,"",02,3074LL,Rotterdam
Slaghekstraat,8,"",BG,3074LL,Rotterdam
Slaghekstraat,8,A,"",3074LL,Rotterdam
Slaghekstraat,8,B,"",3074LL,Rotterdam
Slaghekstraat,32,A,"",3074LM,Rotterdam
Slaghekstraat,32,B,"",3074LM,Rotterdam
Slaghekstraat,32,C,"",3074LM,Rotterdam
Slaghekstraat,32,D,"",3074LM,Rotterdam
Slaghekstraat,34,A,"",3074LM,Rotterdam
Slaghekstraat,34,B,"",3074LM,Rotterdam
Slaghekstraat,34,C,"",3074LM,Rotterdam
Slaghekstraat,34,C,"",3074LM,Rotterdam
Slaghekstraat,34,D,"",3074LM,Rotterdam
Slaghekstraat,36,A,"",3074LM,Rotterdam
Slaghekstraat,36,A,"",3074LM,Rotterdam
Slaghekstraat,36,B,"",3074LM,Rotterdam
Slaghekstraat,36,B,"",3074LM,Rotterdam
Slaghekstraat,36,C,"",3074LM,Rotterdam
Slaghekstraat,36,C,"",3074LM,Rotterdam
Slaghekstraat,36,D,"",3074LM,Rotterdam
Slaghekstraat,38,A,"",3074LM,Rotterdam
Slaghekstraat,38,B,"",3074LM,Rotterdam
Slaghekstraat,40,"","",3074LM,Rotterdam
Slaghekstraat,40,"","",3074LM,Rotterdam
Slaghekstraat,42,"","",3074LM,Rotterdam
Slaghekstraat,44,A,"",3074LM,Rotterdam
Slaghekstraat,44,B,"",3074LM,Rotterdam
Slaghekstraat,44,C,"",3074LM,Rotterdam
Slaghekstraat,46,"","",3074LN,Rotterdam
Slaghekstraat,48,A,"",3074LN,Rotterdam
Slaghekstraat,48,B,"",3074LN,Rotterdam
Slaghekstraat,48,C,"",3074LN,Rotterdam
Slaghekstraat,50,"","",3074LN,Rotterdam
Slaghekstraat,52,A,01,3074LN,Rotterdam
Slaghekstraat,52,A,02,3074LN,Rotterdam
Slaghekstraat,52,A,02,3074LN,Rotterdam
Slaghekstraat,52,A,03,3074LN,Rotterdam
Slaghekstraat,52,B,"",3074LN,Rotterdam
Slaghekstraat,52,B,"",3074LN,Rotterdam
Slaghekstraat,54,A,"",3074LN,Rotterdam
Slaghekstraat,54,A,"",3074LN,Rotterdam
Slaghekstraat,54,B,01,3074LN,Rotterdam
Slaghekstraat,54,B,02,3074LN,Rotterdam
Slaghekstraat,54,B,02,3074LN,Rotterdam
Slaghekstraat,54,B,03,3074LN,Rotterdam
Slaghekstraat,56,A,01,3074LN,Rotterdam
Slaghekstraat,56,A,02,3074LN,Rotterdam
Slaghekstraat,56,B,"",3074LN,Rotterdam
Slaghekstraat,58,A,"",3074LN,Rotterdam
Slaghekstraat,58,B,01,3074LN,Rotterdam
Slaghekstraat,58,B,02,3074LN,Rotterdam
Slaghekstraat,58,B,02,3074LN,Rotterdam
Slaghekstraat,58,B,03,3074LN,Rotterdam
Slaghekstraat,60,A,"",3074LN,Rotterdam
Slaghekstraat,60,A,"",3074LN,Rotterdam
Slaghekstraat,60,A,01,3074LN,Rotterdam
Slaghekstraat,60,A,02,3074LN,Rotterdam
Slaghekstraat,60,A,03,3074LN,Rotterdam
Slaghekstraat,60,B,01,3074LN,Rotterdam
Slaghekstraat,60,B,01,3074LN,Rotterdam
Slaghekstraat,60,B,02,3074LN,Rotterdam
Slaghekstraat,60,B,02,3074LN,Rotterdam
Slaghekstraat,60,C,01,3074LN,Rotterdam
Slaghekstraat,60,C,01,3074LN,Rotterdam
Slaghekstraat,60,C,02,3074LN,Rotterdam
Slaghekstraat,60,C,02,3074LN,Rotterdam
Slaghekstraat,60,C,03,3074LN,Rotterdam
Slaghekstraat,60,C,03,3074LN,Rotterdam
Slaghekstraat,100,A,"",3074LP,Rotterdam
Slaghekstraat,100,B,"",3074LP,Rotterdam
Slaghekstraat,102,A,"",3074LP,Rotterdam
Slaghekstraat,102,B,"",3074LP,Rotterdam
Slaghekstraat,102,B,01,3074LP,Rotterdam
Slaghekstraat,102,B,01,3074LP,Rotterdam
Slaghekstraat,102,B,02,3074LP,Rotterdam
Slaghekstraat,102,B,02,3074LP,Rotterdam
Slaghekstraat,104,"","",3074LP,Rotterdam
Slaghekstraat,106,A,"",3074LP,Rotterdam
Slaghekstraat,106,B,"",3074LP,Rotterdam
Slaghekstraat,106,C,"",3074LP,Rotterdam
Slaghekstraat,108,A,"",3074LP,Rotterdam
Slaghekstraat,108,B,"",3074LP,Rotterdam
Slaghekstraat,108,C,"",3074LP,Rotterdam
Slaghekstraat,110,"","",3074LP,Rotterdam
Slaghekstraat,80,"","",3074LP,Rotterdam
Slaghekstraat,86,"","",3074LP,Rotterdam
Slaghekstraat,88,"",01,3074LP,Rotterdam
Slaghekstraat,88,"",01,3074LP,Rotterdam
Slaghekstraat,88,"",02,3074LP,Rotterdam
Slaghekstraat,88,"",02,3074LP,Rotterdam
Slaghekstraat,90,A,"",3074LP,Rotterdam
Slaghekstraat,90,B,"",3074LP,Rotterdam
Slaghekstraat,90,C,"",3074LP,Rotterdam
Slaghekstraat,90,D,"",3074LP,Rotterdam
Slaghekstraat,94,A,"",3074LP,Rotterdam
Slaghekstraat,94,B,"",3074LP,Rotterdam
Slaghekstraat,94,C,"",3074LP,Rotterdam
Slaghekstraat,96,"","",3074LP,Rotterdam
Slaghekstraat,98,"","",3074LP,Rotterdam
Slaghekstraat,126,A,"",3074LR,Rotterdam
Slaghekstraat,126,B,"",3074LR,Rotterdam
Slaghekstraat,126,C,"",3074LR,Rotterdam
Slaghekstraat,128,A,"",3074LR,Rotterdam
Slaghekstraat,128,B,"",3074LR,Rotterdam
Slaghekstraat,128,C,"",3074LR,Rotterdam
Slaghekstraat,130,A,"",3074LR,Rotterdam
Slaghekstraat,130,B,"",3074LR,Rotterdam
Slaghekstraat,130,C,"",3074LR,Rotterdam
Slaghekstraat,132,A,"",3074LR,Rotterdam
Slaghekstraat,132,B,"",3074LR,Rotterdam
Slaghekstraat,132,C,"",3074LR,Rotterdam
Slaghekstraat,134,A,"",3074LR,Rotterdam
Slaghekstraat,134,B,"",3074LR,Rotterdam
Slaghekstraat,136,A,"",3074LR,Rotterdam
Slaghekstraat,136,B,"",3074LR,Rotterdam
Slaghekstraat,138,A,"",3074LR,Rotterdam
Slaghekstraat,138,B,"",3074LR,Rotterdam
Slaghekstraat,138,C,"",3074LR,Rotterdam
Slaghekstraat,140,"","",3074LR,Rotterdam
Slaghekstraat,142,"","",3074LS,Rotterdam
Slaghekstraat,144,A,"",3074LS,Rotterdam
Slaghekstraat,144,B,"",3074LS,Rotterdam
Slaghekstraat,144,C,"",3074LS,Rotterdam
Slaghekstraat,146,"","",3074LS,Rotterdam
Slaghekstraat,148,A,"",3074LS,Rotterdam
Slaghekstraat,148,B,"",3074LS,Rotterdam
Slaghekstraat,148,C,"",3074LS,Rotterdam
Slaghekstraat,150,A,"",3074LS,Rotterdam
Slaghekstraat,150,B,"",3074LS,Rotterdam
Slaghekstraat,150,C,"",3074LS,Rotterdam
Slaghekstraat,152,"","",3074LS,Rotterdam
Slaghekstraat,154,A,"",3074LS,Rotterdam
Slaghekstraat,154,B,"",3074LS,Rotterdam
Slaghekstraat,154,C,"",3074LS,Rotterdam
Slaghekstraat,154,D,"",3074LS,Rotterdam
Slaghekstraat,156,A,"",3074LS,Rotterdam
Slaghekstraat,156,B,"",3074LS,Rotterdam
Slaghekstraat,156,C,"",3074LS,Rotterdam
Slaghekstraat,156,D,"",3074LS,Rotterdam
Slaghekstraat,158,"","",3074LS,Rotterdam
Slaghekstraat,160,A,"",3074LT,Rotterdam
Slaghekstraat,160,B,"",3074LT,Rotterdam
Slaghekstraat,160,C,"",3074LT,Rotterdam
Slaghekstraat,160,D,"",3074LT,Rotterdam
Slaghekstraat,160,E,"",3074LT,Rotterdam
Slaghekstraat,160,F,"",3074LT,Rotterdam
Slaghekstraat,162,"","",3074LT,Rotterdam
Slaghekstraat,164,"","",3074LT,Rotterdam
Slaghekstraat,166,A,"",3074LT,Rotterdam
Slaghekstraat,166,B,"",3074LT,Rotterdam
Slaghekstraat,166,C,"",3074LT,Rotterdam
Slaghekstraat,166,D,"",3074LT,Rotterdam
Slaghekstraat,166,E,"",3074LT,Rotterdam
Slaghekstraat,166,F,"",3074LT,Rotterdam
Slaghekstraat,168,"","",3074LT,Rotterdam
Slaghekstraat,170,"","",3074LT,Rotterdam
Slaghekstraat,172,A,"",3074LT,Rotterdam
Slaghekstraat,172,A,BG,3074LT,Rotterdam
Slaghekstraat,172,B,"",3074LT,Rotterdam
Slaghekstraat,172,C,"",3074LT,Rotterdam
Slaghekstraat,174,A,"",3074LT,Rotterdam
Slaghekstraat,174,B,"",3074LT,Rotterdam
Slaghekstraat,174,C,"",3074LT,Rotterdam
Slaghekstraat,176,A,"",3074LT,Rotterdam
Slaghekstraat,176,B,"",3074LT,Rotterdam
Slaghekstraat,176,C,"",3074LT,Rotterdam
Slaghekstraat,186,A,"",3074LV,Rotterdam
Slaghekstraat,186,B,"",3074LV,Rotterdam
Slaghekstraat,186,C,"",3074LV,Rotterdam
Slaghekstraat,186,D,"",3074LV,Rotterdam
Slaghekstraat,186,E,"",3074LV,Rotterdam
Slaghekstraat,186,F,"",3074LV,Rotterdam
Slaghekstraat,188,"","",3074LV,Rotterdam
Slaghekstraat,190,A,"",3074LV,Rotterdam
Slaghekstraat,190,B,"",3074LV,Rotterdam
Slaghekstraat,190,C,"",3074LV,Rotterdam
Slaghekstraat,192,A,"",3074LV,Rotterdam
Slaghekstraat,192,B,"",3074LV,Rotterdam
Slaghekstraat,192,C,"",3074LV,Rotterdam
Slaghekstraat,194,"","",3074LV,Rotterdam
Slaghekstraat,196,A,01,3074LV,Rotterdam
Slaghekstraat,196,A,02,3074LV,Rotterdam
Slaghekstraat,196,B,"",3074LV,Rotterdam
Slaghekstraat,198,A,01,3074LV,Rotterdam
Slaghekstraat,198,A,02,3074LV,Rotterdam
Slaghekstraat,198,B,"",3074LV,Rotterdam
Slaghekstraat,200,A,"",3074LV,Rotterdam
Slaghekstraat,200,B,"",3074LV,Rotterdam
Slaghekstraat,202,A,"",3074LV,Rotterdam
Slaghekstraat,202,B,"",3074LV,Rotterdam
Slaghekstraat,204,"","",3074LV,Rotterdam
Polderlaan,1,A,"",3074MA,Rotterdam
Polderlaan,1,A,"",3074MA,Rotterdam
Polderlaan,1,B,01,3074MA,Rotterdam
Polderlaan,1,B,01,3074MA,Rotterdam
Polderlaan,1,B,02,3074MA,Rotterdam
Polderlaan,1,B,02,3074MA,Rotterdam
Polderlaan,11,A,"",3074MA,Rotterdam
Polderlaan,11,B,01,3074MA,Rotterdam
Polderlaan,11,B,02,3074MA,Rotterdam
Polderlaan,13,A,01,3074MA,Rotterdam
Polderlaan,13,A,02,3074MA,Rotterdam
Polderlaan,13,B,"",3074MA,Rotterdam
Polderlaan,15,A,"",3074MA,Rotterdam
Polderlaan,15,B,01,3074MA,Rotterdam
Polderlaan,15,B,02,3074MA,Rotterdam
Polderlaan,17,A,"",3074MA,Rotterdam
Polderlaan,17,B,"",3074MA,Rotterdam
Polderlaan,19,A,"",3074MA,Rotterdam
Polderlaan,19,B,"",3074MA,Rotterdam
Polderlaan,19,C,"",3074MA,Rotterdam
Polderlaan,21,A,"",3074MA,Rotterdam
Polderlaan,21,B,"",3074MA,Rotterdam
Polderlaan,23,A,"",3074MA,Rotterdam
Polderlaan,23,B,"",3074MA,Rotterdam
Polderlaan,23,C,"",3074MA,Rotterdam
Polderlaan,25,A,"",3074MA,Rotterdam
Polderlaan,25,B,"",3074MA,Rotterdam
Polderlaan,3,A,01,3074MA,Rotterdam
Polderlaan,3,A,02,3074MA,Rotterdam
Polderlaan,3,B,"",3074MA,Rotterdam
Polderlaan,3,B,"",3074MA,Rotterdam
Polderlaan,5,A,"",3074MA,Rotterdam
Polderlaan,5,A,"",3074MA,Rotterdam
Polderlaan,5,B,"",3074MA,Rotterdam
Polderlaan,5,B,"",3074MA,Rotterdam
Polderlaan,5,C,"",3074MA,Rotterdam
Polderlaan,5,C,"",3074MA,Rotterdam
Polderlaan,5,D,"",3074MA,Rotterdam
Polderlaan,5,D,"",3074MA,Rotterdam
Polderlaan,5,E,"",3074MA,Rotterdam
Polderlaan,5,E,"",3074MA,Rotterdam
Polderlaan,5,F,"",3074MA,Rotterdam
Polderlaan,5,F,"",3074MA,Rotterdam
Polderlaan,9,A,01,3074MA,Rotterdam
Polderlaan,9,A,02,3074MA,Rotterdam
Polderlaan,9,B,"",3074MA,Rotterdam
Polderlaan,27,A,"",3074MB,Rotterdam
Polderlaan,27,B,"",3074MB,Rotterdam
Polderlaan,29,A,01,3074MB,Rotterdam
Polderlaan,29,A,02,3074MB,Rotterdam
Polderlaan,29,B,"",3074MB,Rotterdam
Polderlaan,31,A,"",3074MB,Rotterdam
Polderlaan,31,B,01,3074MB,Rotterdam
Polderlaan,31,B,01,3074MB,Rotterdam
Polderlaan,31,B,01,3074MB,Rotterdam
Polderlaan,31,B,02,3074MB,Rotterdam
Polderlaan,31,B,02,3074MB,Rotterdam
Polderlaan,31,B,02,3074MB,Rotterdam
Polderlaan,33,A,"",3074MB,Rotterdam
Polderlaan,33,B,"",3074MB,Rotterdam
Polderlaan,35,A,"",3074MB,Rotterdam
Polderlaan,35,B,"",3074MB,Rotterdam
Polderlaan,37,A,"",3074MB,Rotterdam
Polderlaan,37,B,"",3074MB,Rotterdam
Polderlaan,39,A,"",3074MB,Rotterdam
Polderlaan,39,B,"",3074MB,Rotterdam
Polderlaan,39,B,01,3074MB,Rotterdam
Polderlaan,39,B,02,3074MB,Rotterdam
Polderlaan,41,A,01,3074MB,Rotterdam
Polderlaan,41,A,02,3074MB,Rotterdam
Polderlaan,41,B,"",3074MB,Rotterdam
Polderlaan,43,A,"",3074MB,Rotterdam
Polderlaan,43,A,BG,3074MB,Rotterdam
Polderlaan,43,B,01,3074MB,Rotterdam
Polderlaan,43,B,02,3074MB,Rotterdam
Polderlaan,43,B,02,3074MB,Rotterdam
Polderlaan,43,B,03,3074MB,Rotterdam
Polderlaan,43,B,03,3074MB,Rotterdam
Polderlaan,45,A,01,3074MB,Rotterdam
Polderlaan,45,A,02,3074MB,Rotterdam
Polderlaan,45,B,"",3074MB,Rotterdam
Polderlaan,47,A,"",3074MB,Rotterdam
Polderlaan,47,B,01,3074MB,Rotterdam
Polderlaan,47,B,02,3074MB,Rotterdam
Polderlaan,49,A,01,3074MB,Rotterdam
Polderlaan,49,A,02,3074MB,Rotterdam
Polderlaan,49,B,"",3074MB,Rotterdam
Polderlaan,51,A,"",3074MC,Rotterdam
Polderlaan,51,B,01,3074MC,Rotterdam
Polderlaan,51,B,02,3074MC,Rotterdam
Polderlaan,53,A,"",3074MC,Rotterdam
Polderlaan,53,B,01,3074MC,Rotterdam
Polderlaan,53,B,02,3074MC,Rotterdam
Polderlaan,55,A,"",3074MC,Rotterdam
Polderlaan,55,B,01,3074MC,Rotterdam
Polderlaan,55,B,02,3074MC,Rotterdam
Polderlaan,57,A,"",3074MC,Rotterdam
Polderlaan,57,B,"",3074MC,Rotterdam
Polderlaan,59,A,"",3074MC,Rotterdam
Polderlaan,59,B,01,3074MC,Rotterdam
Polderlaan,59,B,02,3074MC,Rotterdam
Polderlaan,61,A,"",3074MC,Rotterdam
Polderlaan,61,B,"",3074MC,Rotterdam
Polderlaan,63,A,"",3074MC,Rotterdam
Polderlaan,63,A,"",3074MC,Rotterdam
Polderlaan,63,A,"",3074MC,Rotterdam
Polderlaan,63,A,"",3074MC,Rotterdam
Polderlaan,63,A,"",3074MC,Rotterdam
Polderlaan,63,B,"",3074MC,Rotterdam
Polderlaan,63,B,"",3074MC,Rotterdam
Polderlaan,63,B,"",3074MC,Rotterdam
Polderlaan,63,B,"",3074MC,Rotterdam
Polderlaan,63,B,01,3074MC,Rotterdam
Polderlaan,63,B,02,3074MC,Rotterdam
Polderlaan,63,C,"",3074MC,Rotterdam
Polderlaan,63,C,"",3074MC,Rotterdam
Polderlaan,63,C,"",3074MC,Rotterdam
Polderlaan,63,C,"",3074MC,Rotterdam
Polderlaan,63,C,"",3074MC,Rotterdam
Polderlaan,65,A,01,3074MC,Rotterdam
Polderlaan,65,A,02,3074MC,Rotterdam
Polderlaan,65,B,"",3074MC,Rotterdam
Polderlaan,67,A,"",3074MC,Rotterdam
Polderlaan,67,B,"",3074MC,Rotterdam
Polderlaan,69,A,"",3074MC,Rotterdam
Polderlaan,69,B,01,3074MC,Rotterdam
Polderlaan,69,B,02,3074MC,Rotterdam
Polderlaan,71,A,"",3074MC,Rotterdam
Polderlaan,71,B,"",3074MC,Rotterdam
Polderlaan,71,C,"",3074MC,Rotterdam
Polderlaan,71,D,"",3074MC,Rotterdam
Polderlaan,73,A,"",3074MC,Rotterdam
Polderlaan,73,B,"",3074MC,Rotterdam
Polderlaan,73,C,"",3074MC,Rotterdam
Polderlaan,75,A,"",3074MC,Rotterdam
Polderlaan,75,B,"",3074MC,Rotterdam
Polderlaan,75,C,"",3074MC,Rotterdam
Polderlaan,75,D,"",3074MC,Rotterdam
Polderlaan,77,A,"",3074MC,Rotterdam
Polderlaan,77,B,"",3074MC,Rotterdam
Polderlaan,77,C,"",3074MC,Rotterdam
Polderlaan,77,D,"",3074MC,Rotterdam
Polderlaan,79,A,"",3074MC,Rotterdam
Polderlaan,79,B,"",3074MC,Rotterdam
Polderlaan,79,C,"",3074MC,Rotterdam
Polderlaan,79,D,"",3074MC,Rotterdam
Polderlaan,10,A,"",3074ME,Rotterdam
Polderlaan,10,B,"",3074ME,Rotterdam
Polderlaan,10,C,"",3074ME,Rotterdam
Polderlaan,12,A,"",3074ME,Rotterdam
Polderlaan,12,B,"",3074ME,Rotterdam
Polderlaan,12,C,"",3074ME,Rotterdam
Polderlaan,14,A,"",3074ME,Rotterdam
Polderlaan,14,B,"",3074ME,Rotterdam
Polderlaan,14,C,"",3074ME,Rotterdam
Polderlaan,14,D,"",3074ME,Rotterdam
Polderlaan,14,E,"",3074ME,Rotterdam
Polderlaan,14,F,"",3074ME,Rotterdam
Polderlaan,16,A,"",3074ME,Rotterdam
Polderlaan,16,B,"",3074ME,Rotterdam
Polderlaan,16,C,"",3074ME,Rotterdam
Polderlaan,16,D,"",3074ME,Rotterdam
Polderlaan,16,E,"",3074ME,Rotterdam
Polderlaan,16,F,"",3074ME,Rotterdam
Polderlaan,18,A,"",3074ME,Rotterdam
Polderlaan,18,B,"",3074ME,Rotterdam
Polderlaan,18,C,"",3074ME,Rotterdam
Polderlaan,18,D,"",3074ME,Rotterdam
Polderlaan,18,E,"",3074ME,Rotterdam
Polderlaan,18,F,"",3074ME,Rotterdam
Polderlaan,2,"","",3074ME,Rotterdam
Polderlaan,20,A,"",3074ME,Rotterdam
Polderlaan,20,B,"",3074ME,Rotterdam
Polderlaan,20,C,"",3074ME,Rotterdam
Polderlaan,20,D,"",3074ME,Rotterdam
Polderlaan,24,A,"",3074ME,Rotterdam
Polderlaan,24,B,"",3074ME,Rotterdam
Polderlaan,26,"","",3074ME,Rotterdam
Polderlaan,28,A,01,3074ME,Rotterdam
Polderlaan,28,A,02,3074ME,Rotterdam
Polderlaan,28,B,"",3074ME,Rotterdam
Polderlaan,30,A,"",3074ME,Rotterdam
Polderlaan,30,B,01,3074ME,Rotterdam
Polderlaan,30,B,02,3074ME,Rotterdam
Polderlaan,32,A,01,3074ME,Rotterdam
Polderlaan,32,A,02,3074ME,Rotterdam
Polderlaan,32,B,"",3074ME,Rotterdam
Polderlaan,34,A,"",3074ME,Rotterdam
Polderlaan,34,A,"",3074ME,Rotterdam
Polderlaan,34,B,01,3074ME,Rotterdam
Polderlaan,34,B,01,3074ME,Rotterdam
Polderlaan,34,B,02,3074ME,Rotterdam
Polderlaan,34,B,02,3074ME,Rotterdam
Polderlaan,36,A,"",3074ME,Rotterdam
Polderlaan,36,B,01,3074ME,Rotterdam
Polderlaan,36,B,02,3074ME,Rotterdam
Polderlaan,38,A,"",3074ME,Rotterdam
Polderlaan,38,B,"",3074ME,Rotterdam
Polderlaan,4,A,"",3074ME,Rotterdam
Polderlaan,4,B,"",3074ME,Rotterdam
Polderlaan,4,C,"",3074ME,Rotterdam
Polderlaan,4,D,"",3074ME,Rotterdam
Polderlaan,4,E,"",3074ME,Rotterdam
Polderlaan,4,F,"",3074ME,Rotterdam
Polderlaan,40,A,"",3074ME,Rotterdam
Polderlaan,40,B,01,3074ME,Rotterdam
Polderlaan,40,B,02,3074ME,Rotterdam
Polderlaan,42,A,01,3074ME,Rotterdam
Polderlaan,42,A,02,3074ME,Rotterdam
Polderlaan,42,B,"",3074ME,Rotterdam
Polderlaan,44,A,"",3074ME,Rotterdam
Polderlaan,44,A,"",3074ME,Rotterdam
Polderlaan,44,B,01,3074ME,Rotterdam
Polderlaan,44,B,02,3074ME,Rotterdam
Polderlaan,46,"",01,3074ME,Rotterdam
Polderlaan,46,"",02,3074ME,Rotterdam
Polderlaan,46,B,"",3074ME,Rotterdam
Polderlaan,48,A,"",3074ME,Rotterdam
Polderlaan,48,B,"",3074ME,Rotterdam
Polderlaan,6,"","",3074ME,Rotterdam
Polderlaan,8,A,"",3074ME,Rotterdam
Polderlaan,8,B,"",3074ME,Rotterdam
Polderlaan,8,C,"",3074ME,Rotterdam
Polderlaan,8,D,"",3074ME,Rotterdam
Polderlaan,8,E,"",3074ME,Rotterdam
Polderlaan,8,F,"",3074ME,Rotterdam
Polderlaan,50,A,"",3074MG,Rotterdam
Polderlaan,50,B,"",3074MG,Rotterdam
Polderlaan,50,C,"",3074MG,Rotterdam
Polderlaan,50,D,"",3074MG,Rotterdam
Polderlaan,50,E,"",3074MG,Rotterdam
Polderlaan,52,A,"",3074MG,Rotterdam
Polderlaan,52,B,"",3074MG,Rotterdam
Polderlaan,52,C,"",3074MG,Rotterdam
Polderlaan,52,D,"",3074MG,Rotterdam
Polderlaan,52,E,"",3074MG,Rotterdam
Polderlaan,52,G,"",3074MG,Rotterdam
Polderlaan,54,A,"",3074MG,Rotterdam
Polderlaan,54,B,"",3074MG,Rotterdam
Polderlaan,56,A,01,3074MG,Rotterdam
Polderlaan,56,A,02,3074MG,Rotterdam
Polderlaan,56,B,"",3074MG,Rotterdam
Polderlaan,58,A,"",3074MG,Rotterdam
Polderlaan,58,B,01,3074MG,Rotterdam
Polderlaan,58,B,02,3074MG,Rotterdam
Polderlaan,60,A,01,3074MG,Rotterdam
Polderlaan,60,A,02,3074MG,Rotterdam
Polderlaan,60,B,"",3074MG,Rotterdam
Polderlaan,62,A,01,3074MG,Rotterdam
Polderlaan,62,A,02,3074MG,Rotterdam
Polderlaan,62,B,"",3074MG,Rotterdam
Polderlaan,64,A,01,3074MG,Rotterdam
Polderlaan,64,A,02,3074MG,Rotterdam
Polderlaan,64,B,"",3074MG,Rotterdam
Polderlaan,66,A,"",3074MG,Rotterdam
Polderlaan,66,B,"",3074MG,Rotterdam
Polderlaan,68,A,"",3074MG,Rotterdam
Polderlaan,68,B,"",3074MG,Rotterdam
Polderlaan,70,A,01,3074MH,Rotterdam
Polderlaan,70,A,02,3074MH,Rotterdam
Polderlaan,70,B,"",3074MH,Rotterdam
Polderlaan,72,A,01,3074MH,Rotterdam
Polderlaan,72,A,02,3074MH,Rotterdam
Polderlaan,72,B,"",3074MH,Rotterdam
Polderlaan,74,A,01,3074MH,Rotterdam
Polderlaan,74,A,02,3074MH,Rotterdam
Polderlaan,74,B,"",3074MH,Rotterdam
Polderlaan,76,A,"",3074MH,Rotterdam
Polderlaan,76,B,01,3074MH,Rotterdam
Polderlaan,76,B,02,3074MH,Rotterdam
Polderlaan,76,B,03,3074MH,Rotterdam
Polderlaan,78,A,01,3074MH,Rotterdam
Polderlaan,78,A,02,3074MH,Rotterdam
Polderlaan,78,A,02,3074MH,Rotterdam
Polderlaan,78,A,03,3074MH,Rotterdam
Polderlaan,78,B,"",3074MH,Rotterdam
Polderlaan,80,A,"",3074MH,Rotterdam
Polderlaan,80,B,01,3074MH,Rotterdam
Polderlaan,80,B,02,3074MH,Rotterdam
Polderlaan,82,A,"",3074MH,Rotterdam
Polderlaan,82,B,01,3074MH,Rotterdam
Polderlaan,82,B,02,3074MH,Rotterdam
Polderlaan,84,A,"",3074MH,Rotterdam
Polderlaan,84,B,01,3074MH,Rotterdam
Polderlaan,84,B,02,3074MH,Rotterdam
Polderlaan,84,C,01,3074MH,Rotterdam
Polderlaan,84,C,02,3074MH,Rotterdam
Polderlaan,86,"","",3074MH,Rotterdam
Adriaen Nimantsstraat,17,A,"",3074NA,Rotterdam
Adriaen Nimantsstraat,17,B,"",3074NA,Rotterdam
Adriaen Nimantsstraat,19,"","",3074NA,Rotterdam
Adriaen Nimantsstraat,21,"","",3074NA,Rotterdam
Adriaen Nimantsstraat,23,A,"",3074NA,Rotterdam
Adriaen Nimantsstraat,23,B,"",3074NA,Rotterdam
Adriaen Nimantsstraat,25,A,"",3074NB,Rotterdam
Adriaen Nimantsstraat,25,B,"",3074NB,Rotterdam
Adriaen Nimantsstraat,27,A,"",3074NB,Rotterdam
Adriaen Nimantsstraat,27,A,BG,3074NB,Rotterdam
Adriaen Nimantsstraat,27,B,"",3074NB,Rotterdam
Adriaen Nimantsstraat,27,C,"",3074NB,Rotterdam
Adriaen Nimantsstraat,29,A,"",3074NB,Rotterdam
Adriaen Nimantsstraat,29,B,"",3074NB,Rotterdam
Adriaen Nimantsstraat,29,C,"",3074NB,Rotterdam
Adriaen Nimantsstraat,31,A,"",3074NB,Rotterdam
Adriaen Nimantsstraat,31,B,"",3074NB,Rotterdam
Adriaen Nimantsstraat,31,C,"",3074NB,Rotterdam
Adriaen Nimantsstraat,33,A,"",3074NC,Rotterdam
Adriaen Nimantsstraat,33,B,"",3074NC,Rotterdam
Adriaen Nimantsstraat,35,A,"",3074NC,Rotterdam
Adriaen Nimantsstraat,35,B,"",3074NC,Rotterdam
Adriaen Nimantsstraat,35,C,"",3074NC,Rotterdam
Adriaen Nimantsstraat,37,A,"",3074NC,Rotterdam
Adriaen Nimantsstraat,37,B,"",3074NC,Rotterdam
Adriaen Nimantsstraat,37,C,"",3074NC,Rotterdam
Adriaen Nimantsstraat,39,A,"",3074NC,Rotterdam
Adriaen Nimantsstraat,39,B,"",3074NC,Rotterdam
Adriaen Nimantsstraat,39,C,"",3074NC,Rotterdam
Adriaen Nimantsstraat,41,A,"",3074NC,Rotterdam
Adriaen Nimantsstraat,41,A,BG,3074NC,Rotterdam
Adriaen Nimantsstraat,41,B,"",3074NC,Rotterdam
Adriaen Nimantsstraat,45,"","",3074NC,Rotterdam
Adriaen Nimantsstraat,47,A,"",3074NC,Rotterdam
Adriaen Nimantsstraat,47,B,"",3074NC,Rotterdam
Adriaen Nimantsstraat,47,C,01,3074NC,Rotterdam
Adriaen Nimantsstraat,47,C,02,3074NC,Rotterdam
Adriaen Nimantsstraat,49,A,"",3074NC,Rotterdam
Adriaen Nimantsstraat,49,B,01,3074NC,Rotterdam
Adriaen Nimantsstraat,49,B,02,3074NC,Rotterdam
Adriaen Nimantsstraat,51,"",01,3074NC,Rotterdam
Adriaen Nimantsstraat,51,"",01,3074NC,Rotterdam
Adriaen Nimantsstraat,51,"",02,3074NC,Rotterdam
Adriaen Nimantsstraat,10,B,"",3074NE,Rotterdam
Adriaen Nimantsstraat,10,C,"",3074NE,Rotterdam
Adriaen Nimantsstraat,10,D,"",3074NE,Rotterdam
Adriaen Nimantsstraat,12,"","",3074NE,Rotterdam
Adriaen Nimantsstraat,14,A,"",3074NE,Rotterdam
Adriaen Nimantsstraat,14,B,"",3074NE,Rotterdam
Adriaen Nimantsstraat,14,C,"",3074NE,Rotterdam
Adriaen Nimantsstraat,16,A,"",3074NE,Rotterdam
Adriaen Nimantsstraat,16,B,"",3074NE,Rotterdam
Adriaen Nimantsstraat,16,C,"",3074NE,Rotterdam
Adriaen Nimantsstraat,18,"","",3074NE,Rotterdam
Adriaen Nimantsstraat,20,A,"",3074NE,Rotterdam
Adriaen Nimantsstraat,20,B,"",3074NE,Rotterdam
Adriaen Nimantsstraat,20,C,"",3074NE,Rotterdam
Adriaen Nimantsstraat,22,A,"",3074NE,Rotterdam
Adriaen Nimantsstraat,22,B,"",3074NE,Rotterdam
Adriaen Nimantsstraat,22,C,"",3074NE,Rotterdam
Adriaen Nimantsstraat,8,A,"",3074NE,Rotterdam
Adriaen Nimantsstraat,8,B,"",3074NE,Rotterdam
Adriaen Nimantsstraat,8,C,"",3074NE,Rotterdam
Adriaen Nimantsstraat,8,D,"",3074NE,Rotterdam
Adriaen Nimantsstraat,24,"","",3074NG,Rotterdam
Adriaen Nimantsstraat,26,"","",3074NG,Rotterdam
Adriaen Nimantsstraat,28,A,"",3074NG,Rotterdam
Adriaen Nimantsstraat,28,B,"",3074NG,Rotterdam
Adriaen Nimantsstraat,28,C,"",3074NG,Rotterdam
Adriaen Nimantsstraat,30,A,"",3074NG,Rotterdam
Adriaen Nimantsstraat,30,B,"",3074NG,Rotterdam
Adriaen Nimantsstraat,30,C,"",3074NG,Rotterdam
Adriaen Nimantsstraat,34,"","",3074NG,Rotterdam
Adriaen Nimantsstraat,36,A,"",3074NG,Rotterdam
Adriaen Nimantsstraat,36,B,"",3074NG,Rotterdam
Adriaen Nimantsstraat,36,C,"",3074NG,Rotterdam
Adriaen Nimantsstraat,38,A,"",3074NG,Rotterdam
Adriaen Nimantsstraat,38,B,"",3074NG,Rotterdam
Adriaen Nimantsstraat,38,C,"",3074NG,Rotterdam
Adriaen Nimantsstraat,38,D,"",3074NG,Rotterdam
Adriaen Nimantsstraat,38,E,"",3074NG,Rotterdam
Adriaen Nimantsstraat,40,"","",3074NG,Rotterdam
Adriaen Nimantsstraat,42,A,01,3074NG,Rotterdam
Adriaen Nimantsstraat,42,A,02,3074NG,Rotterdam
Adriaen Nimantsstraat,42,B,"",3074NG,Rotterdam
Adriaen Nimantsstraat,52,"","",3074NG,Rotterdam
Adriaen Nimantsstraat,54,"","",3074NG,Rotterdam
Adriaen Nimantsstraat,56,"","",3074NG,Rotterdam
Adriaen Nimantsstraat,58,"","",3074NG,Rotterdam
Adriaen Nimantsstraat,60,"","",3074NG,Rotterdam
Adriaen Nimantsstraat,62,"","",3074NG,Rotterdam
Adriaen Nimantsstraat,64,"","",3074NG,Rotterdam
Adriaen Nimantsstraat,66,"","",3074NG,Rotterdam
Adriaen Nimantsstraat,68,"","",3074NG,Rotterdam
Van Haeftenstraat,11,"","",3074NJ,Rotterdam
Van Haeftenstraat,13,"","",3074NJ,Rotterdam
Van Haeftenstraat,9,"","",3074NJ,Rotterdam
Van Haeftenstraat,10,"","",3074NK,Rotterdam
Van Haeftenstraat,10,A,"",3074NK,Rotterdam
Van Haeftenstraat,10,B,01,3074NK,Rotterdam
Van Haeftenstraat,10,B,02,3074NK,Rotterdam
Van Haeftenstraat,12,"","",3074NK,Rotterdam
Van Haeftenstraat,12,A,"",3074NK,Rotterdam
Van Haeftenstraat,12,B,01,3074NK,Rotterdam
Van Haeftenstraat,12,B,02,3074NK,Rotterdam
Van Haeftenstraat,14,"","",3074NK,Rotterdam
Van Haeftenstraat,14,A,"",3074NK,Rotterdam
Van Haeftenstraat,14,B,01,3074NK,Rotterdam
Van Haeftenstraat,14,B,02,3074NK,Rotterdam
Van Haeftenstraat,16,"","",3074NK,Rotterdam
Van Haeftenstraat,16,A,01,3074NK,Rotterdam
Van Haeftenstraat,16,A,02,3074NK,Rotterdam
Van Haeftenstraat,16,B,"",3074NK,Rotterdam
Van Haeftenstraat,16,C,01,3074NK,Rotterdam
Van Haeftenstraat,16,C,02,3074NK,Rotterdam
Van Haeftenstraat,16,D,"",3074NK,Rotterdam
Van Haeftenstraat,16,E,01,3074NK,Rotterdam
Van Haeftenstraat,16,E,02,3074NK,Rotterdam
Van Haeftenstraat,18,"","",3074NK,Rotterdam
Van Haeftenstraat,20,"","",3074NK,Rotterdam
Van Haeftenstraat,22,"","",3074NK,Rotterdam
Van Haeftenstraat,22,A,01,3074NK,Rotterdam
Van Haeftenstraat,22,A,02,3074NK,Rotterdam
Van Haeftenstraat,22,B,"",3074NK,Rotterdam
Van Haeftenstraat,24,"","",3074NK,Rotterdam
Van Haeftenstraat,24,A,01,3074NK,Rotterdam
Van Haeftenstraat,24,A,02,3074NK,Rotterdam
Van Haeftenstraat,24,B,"",3074NK,Rotterdam
Van Haeftenstraat,4,"","",3074NK,Rotterdam
Van Haeftenstraat,4,A,"",3074NK,Rotterdam
Van Haeftenstraat,4,B,01,3074NK,Rotterdam
Van Haeftenstraat,4,B,02,3074NK,Rotterdam
Van Haeftenstraat,6,"","",3074NK,Rotterdam
Van Haeftenstraat,6,A,"",3074NK,Rotterdam
Van Haeftenstraat,6,B,01,3074NK,Rotterdam
Van Haeftenstraat,6,B,02,3074NK,Rotterdam
Van Haeftenstraat,8,"","",3074NK,Rotterdam
Van Haeftenstraat,8,A,"",3074NK,Rotterdam
Van Haeftenstraat,8,B,01,3074NK,Rotterdam
Van Haeftenstraat,8,B,02,3074NK,Rotterdam
Walravenstraat,11,"","",3074NL,Rotterdam
Walravenstraat,13,A,01,3074NL,Rotterdam
Walravenstraat,13,A,02,3074NL,Rotterdam
Walravenstraat,13,B,"",3074NL,Rotterdam
Walravenstraat,15,A,"",3074NL,Rotterdam
Walravenstraat,15,B,"",3074NL,Rotterdam
Walravenstraat,15,C,"",3074NL,Rotterdam
Walravenstraat,17,A,01,3074NL,Rotterdam
Walravenstraat,17,A,02,3074NL,Rotterdam
Walravenstraat,17,B,"",3074NL,Rotterdam
Walravenstraat,19,"",01,3074NL,Rotterdam
Walravenstraat,19,"",02,3074NL,Rotterdam
Walravenstraat,31,"","",3074NL,Rotterdam
Walravenstraat,33,"","",3074NL,Rotterdam
Walravenstraat,33,A,"",3074NL,Rotterdam
Walravenstraat,33,B,"",3074NL,Rotterdam
Walravenstraat,33,C,"",3074NL,Rotterdam
Walravenstraat,33,D,"",3074NL,Rotterdam
Walravenstraat,33,E,"",3074NL,Rotterdam
Walravenstraat,33,F,"",3074NL,Rotterdam
Walravenstraat,33,G,"",3074NL,Rotterdam
Walravenstraat,33,H,"",3074NL,Rotterdam
Walravenstraat,33,J,"",3074NL,Rotterdam
Walravenstraat,33,K,"",3074NL,Rotterdam
Walravenstraat,33,L,"",3074NL,Rotterdam
Walravenstraat,33,M,"",3074NL,Rotterdam
Walravenstraat,33,N,"",3074NL,Rotterdam
Walravenstraat,35,"","",3074NL,Rotterdam
Walravenstraat,9,"","",3074NL,Rotterdam
Walravenstraat,37,A,"",3074NM,Rotterdam
Walravenstraat,37,B,"",3074NM,Rotterdam
Walravenstraat,39,A,"",3074NM,Rotterdam
Walravenstraat,39,B,"",3074NM,Rotterdam
Walravenstraat,41,A,"",3074NM,Rotterdam
Walravenstraat,41,B,"",3074NM,Rotterdam
Walravenstraat,43,A,"",3074NM,Rotterdam
Walravenstraat,43,B,"",3074NM,Rotterdam
Walravenstraat,45,A,"",3074NM,Rotterdam
Walravenstraat,45,B,"",3074NM,Rotterdam
Walravenstraat,47,A,"",3074NM,Rotterdam
Walravenstraat,47,B,"",3074NM,Rotterdam
Walravenstraat,49,A,"",3074NN,Rotterdam
Walravenstraat,49,B,"",3074NN,Rotterdam
Walravenstraat,51,A,"",3074NN,Rotterdam
Walravenstraat,51,B,"",3074NN,Rotterdam
Walravenstraat,53,A,"",3074NN,Rotterdam
Walravenstraat,53,B,"",3074NN,Rotterdam
Walravenstraat,55,A,"",3074NN,Rotterdam
Walravenstraat,55,B,"",3074NN,Rotterdam
Walravenstraat,57,A,"",3074NN,Rotterdam
Walravenstraat,57,B,"",3074NN,Rotterdam
Walravenstraat,59,A,"",3074NN,Rotterdam
Walravenstraat,59,B,"",3074NN,Rotterdam
Walravenstraat,61,"","",3074NN,Rotterdam
Walravenstraat,63,"","",3074NP,Rotterdam
Walravenstraat,65,"","",3074NP,Rotterdam
Walravenstraat,67,"","",3074NP,Rotterdam
Walravenstraat,71,"","",3074NP,Rotterdam
Walravenstraat,73,"","",3074NP,Rotterdam
Walravenstraat,75,"","",3074NP,Rotterdam
Walravenstraat,77,"","",3074NP,Rotterdam
Walravenstraat,79,"","",3074NP,Rotterdam
Walravenstraat,81,"","",3074NR,Rotterdam
Walravenstraat,83,"","",3074NR,Rotterdam
Walravenstraat,85,"","",3074NR,Rotterdam
Walravenstraat,87,"","",3074NR,Rotterdam
Walravenstraat,89,"","",3074NR,Rotterdam
Walravenstraat,91,"","",3074NR,Rotterdam
Walravenstraat,93,"","",3074NR,Rotterdam
Walravenstraat,95,"","",3074NR,Rotterdam
Walravenstraat,97,"","",3074NR,Rotterdam
Walravenstraat,99,"","",3074NR,Rotterdam
Walravenstraat,101,"","",3074NS,Rotterdam
Walravenstraat,103,"","",3074NS,Rotterdam
Walravenstraat,105,"","",3074NS,Rotterdam
Walravenstraat,107,"","",3074NS,Rotterdam
Walravenstraat,109,"","",3074NS,Rotterdam
Walravenstraat,111,"","",3074NS,Rotterdam
Walravenstraat,113,"","",3074NS,Rotterdam
Walravenstraat,115,"","",3074NS,Rotterdam
Walravenstraat,117,"","",3074NS,Rotterdam
Walravenstraat,119,"","",3074NS,Rotterdam
Walravenstraat,121,"","",3074NS,Rotterdam
Walravenstraat,123,"","",3074NS,Rotterdam
Walravenstraat,125,"","",3074NS,Rotterdam
Walravenstraat,127,"","",3074NS,Rotterdam
Walravenstraat,129,"","",3074NS,Rotterdam
Walravenstraat,131,"","",3074NS,Rotterdam
Walravenstraat,133,"","",3074NS,Rotterdam
Walravenstraat,135,"","",3074NS,Rotterdam
Walravenstraat,137,"","",3074NS,Rotterdam
Walravenstraat,139,"","",3074NS,Rotterdam
Walravenstraat,141,"","",3074NS,Rotterdam
Walravenstraat,143,"","",3074NS,Rotterdam
Walravenstraat,145,"","",3074NS,Rotterdam
Walravenstraat,147,"","",3074NS,Rotterdam
Walravenstraat,149,"","",3074NS,Rotterdam
Walravenstraat,151,"","",3074NS,Rotterdam
Walravenstraat,153,"","",3074NS,Rotterdam
Walravenstraat,155,"","",3074NS,Rotterdam
Walravenstraat,16,A,"",3074NT,Rotterdam
Walravenstraat,16,B,"",3074NT,Rotterdam
Walravenstraat,18,"","",3074NT,Rotterdam
Walravenstraat,20,"","",3074NT,Rotterdam
Walravenstraat,22,A,"",3074NT,Rotterdam
Walravenstraat,22,B,"",3074NT,Rotterdam
Walravenstraat,4,"","",3074NT,Rotterdam
Walravenstraat,6,A,"",3074NT,Rotterdam
Walravenstraat,6,B,"",3074NT,Rotterdam
Walravenstraat,26,"","",3074NV,Rotterdam
Walravenstraat,28,"","",3074NV,Rotterdam
Walravenstraat,30,A,"",3074NV,Rotterdam
Walravenstraat,30,B,"",3074NV,Rotterdam
Walravenstraat,32,A,"",3074NV,Rotterdam
Walravenstraat,32,B,"",3074NV,Rotterdam
Walravenstraat,34,A,"",3074NW,Rotterdam
Walravenstraat,34,B,"",3074NW,Rotterdam
Walravenstraat,36,A,"",3074NW,Rotterdam
Walravenstraat,36,B,"",3074NW,Rotterdam
Walravenstraat,38,A,"",3074NW,Rotterdam
Walravenstraat,38,B,"",3074NW,Rotterdam
Walravenstraat,40,"","",3074NW,Rotterdam
Walravenstraat,42,"","",3074NW,Rotterdam
Breeplein,1,"","",3074PA,Rotterdam
Breeplein,1,"","",3074PA,Rotterdam
Breeplein,1,"","",3074PA,Rotterdam
Breeplein,1,"","",3074PA,Rotterdam
Hendrick Croesinckstraat,1,"",01,3074PB,Rotterdam
Hendrick Croesinckstraat,1,"",02,3074PB,Rotterdam
Hendrick Croesinckstraat,17,"","",3074PB,Rotterdam
Hendrick Croesinckstraat,19,"","",3074PB,Rotterdam
Hendrick Croesinckstraat,21,"","",3074PB,Rotterdam
Hendrick Croesinckstraat,23,"","",3074PB,Rotterdam
Hendrick Croesinckstraat,25,A,"",3074PB,Rotterdam
Hendrick Croesinckstraat,25,B,"",3074PB,Rotterdam
Hendrick Croesinckstraat,3,A,"",3074PB,Rotterdam
Hendrick Croesinckstraat,3,B,"",3074PB,Rotterdam
Hendrick Croesinckstraat,3,B,"",3074PB,Rotterdam
Hendrick Croesinckstraat,3,C,"",3074PB,Rotterdam
Hendrick Croesinckstraat,5,"","",3074PB,Rotterdam
Hendrick Croesinckstraat,7,"","",3074PB,Rotterdam
Hendrick Croesinckstraat,9,"","",3074PB,Rotterdam
Hendrick Croesinckstraat,27,A,"",3074PC,Rotterdam
Hendrick Croesinckstraat,27,B,"",3074PC,Rotterdam
Hendrick Croesinckstraat,27,B,BG,3074PC,Rotterdam
Hendrick Croesinckstraat,27,C,"",3074PC,Rotterdam
Hendrick Croesinckstraat,29,A,"",3074PC,Rotterdam
Hendrick Croesinckstraat,29,B,"",3074PC,Rotterdam
Hendrick Croesinckstraat,31,A,"",3074PC,Rotterdam
Hendrick Croesinckstraat,31,B,"",3074PC,Rotterdam
Hendrick Croesinckstraat,33,A,"",3074PC,Rotterdam
Hendrick Croesinckstraat,33,B,"",3074PC,Rotterdam
Hendrick Croesinckstraat,35,"","",3074PC,Rotterdam
Hendrick Croesinckstraat,37,"","",3074PC,Rotterdam
Hendrick Croesinckstraat,51,A,"",3074PD,Rotterdam
Hendrick Croesinckstraat,51,B,"",3074PD,Rotterdam
Hendrick Croesinckstraat,51,C,"",3074PD,Rotterdam
Hendrick Croesinckstraat,53,"","",3074PD,Rotterdam
Hendrick Croesinckstraat,55,A,"",3074PD,Rotterdam
Hendrick Croesinckstraat,55,B,"",3074PD,Rotterdam
Hendrick Croesinckstraat,55,B,01,3074PD,Rotterdam
Hendrick Croesinckstraat,55,B,02,3074PD,Rotterdam
Hendrick Croesinckstraat,57,A,"",3074PD,Rotterdam
Hendrick Croesinckstraat,57,B,"",3074PD,Rotterdam
Hendrick Croesinckstraat,57,C,"",3074PD,Rotterdam
Hendrick Croesinckstraat,59,"","",3074PD,Rotterdam
Hendrick Croesinckstraat,61,"","",3074PD,Rotterdam
Hendrick Croesinckstraat,63,"","",3074PD,Rotterdam
Hendrick Croesinckstraat,65,A,"",3074PD,Rotterdam
Hendrick Croesinckstraat,65,B,"",3074PD,Rotterdam
Hendrick Croesinckstraat,65,C,"",3074PD,Rotterdam
Hendrick Croesinckstraat,67,A,"",3074PD,Rotterdam
Hendrick Croesinckstraat,67,B,"",3074PD,Rotterdam
Hendrick Croesinckstraat,67,C,"",3074PD,Rotterdam
Hendrick Croesinckstraat,67,D,"",3074PD,Rotterdam
Hendrick Croesinckstraat,16,A,"",3074PE,Rotterdam
Hendrick Croesinckstraat,16,B,"",3074PE,Rotterdam
Hendrick Croesinckstraat,18,A,"",3074PE,Rotterdam
Hendrick Croesinckstraat,18,B,"",3074PE,Rotterdam
Hendrick Croesinckstraat,2,A,01,3074PE,Rotterdam
Hendrick Croesinckstraat,2,A,02,3074PE,Rotterdam
Hendrick Croesinckstraat,2,B,"",3074PE,Rotterdam
Hendrick Croesinckstraat,2,B,"",3074PE,Rotterdam
Hendrick Croesinckstraat,2,C,"",3074PE,Rotterdam
Hendrick Croesinckstraat,20,A,"",3074PE,Rotterdam
Hendrick Croesinckstraat,20,B,"",3074PE,Rotterdam
Hendrick Croesinckstraat,4,A,"",3074PE,Rotterdam
Hendrick Croesinckstraat,4,A,"",3074PE,Rotterdam
Hendrick Croesinckstraat,4,B,01,3074PE,Rotterdam
Hendrick Croesinckstraat,4,B,02,3074PE,Rotterdam
Hendrick Croesinckstraat,6,"","",3074PE,Rotterdam
Hendrick Croesinckstraat,22,A,"",3074PG,Rotterdam
Hendrick Croesinckstraat,22,B,"",3074PG,Rotterdam
Hendrick Croesinckstraat,24,A,"",3074PG,Rotterdam
Hendrick Croesinckstraat,24,B,"",3074PG,Rotterdam
Hendrick Croesinckstraat,26,A,"",3074PG,Rotterdam
Hendrick Croesinckstraat,26,B,"",3074PG,Rotterdam
Hendrick Croesinckstraat,28,A,"",3074PG,Rotterdam
Hendrick Croesinckstraat,28,B,"",3074PG,Rotterdam
Hendrick Croesinckstraat,30,A,"",3074PG,Rotterdam
Hendrick Croesinckstraat,30,B,"",3074PG,Rotterdam
Hendrick Croesinckstraat,32,A,"",3074PG,Rotterdam
Hendrick Croesinckstraat,32,B,"",3074PG,Rotterdam
Hendrick Croesinckstraat,36,"","",3074PG,Rotterdam
Hendrick Croesinckstraat,62,A,"",3074PJ,Rotterdam
Hendrick Croesinckstraat,62,B,"",3074PJ,Rotterdam
Hendrick Croesinckstraat,62,C,"",3074PJ,Rotterdam
Hendrick Croesinckstraat,64,A,"",3074PJ,Rotterdam
Hendrick Croesinckstraat,64,B,"",3074PJ,Rotterdam
Hendrick Croesinckstraat,66,A,"",3074PJ,Rotterdam
Hendrick Croesinckstraat,66,B,"",3074PJ,Rotterdam
Hendrick Croesinckstraat,68,A,"",3074PJ,Rotterdam
Hendrick Croesinckstraat,68,A,01,3074PJ,Rotterdam
Hendrick Croesinckstraat,68,A,02,3074PJ,Rotterdam
Hendrick Croesinckstraat,68,B,"",3074PJ,Rotterdam
Hendrick Croesinckstraat,68,C,"",3074PJ,Rotterdam
Janne Bouwensstraat,19,A,"",3074PL,Rotterdam
Janne Bouwensstraat,19,B,"",3074PL,Rotterdam
Janne Bouwensstraat,19,C,"",3074PL,Rotterdam
Janne Bouwensstraat,19,D,"",3074PL,Rotterdam
Janne Bouwensstraat,23,"","",3074PL,Rotterdam
Janne Bouwensstraat,25,"","",3074PL,Rotterdam
Janne Bouwensstraat,27,A,"",3074PL,Rotterdam
Janne Bouwensstraat,27,B,"",3074PL,Rotterdam
Janne Bouwensstraat,27,C,"",3074PL,Rotterdam
Janne Bouwensstraat,27,D,"",3074PL,Rotterdam
Janne Bouwensstraat,27,E,"",3074PL,Rotterdam
Janne Bouwensstraat,27,F,"",3074PL,Rotterdam
Janne Bouwensstraat,29,"",SO,3074PL,Rotterdam
Janne Bouwensstraat,29,A,"",3074PL,Rotterdam
Janne Bouwensstraat,29,B,"",3074PL,Rotterdam
Janne Bouwensstraat,29,C,"",3074PL,Rotterdam
Janne Bouwensstraat,29,D,"",3074PL,Rotterdam
Janne Bouwensstraat,31,A,"",3074PL,Rotterdam
Janne Bouwensstraat,31,B,"",3074PL,Rotterdam
Janne Bouwensstraat,31,C,"",3074PL,Rotterdam
Janne Bouwensstraat,31,D,"",3074PL,Rotterdam
Janne Bouwensstraat,33,A,"",3074PL,Rotterdam
Janne Bouwensstraat,33,B,"",3074PL,Rotterdam
Janne Bouwensstraat,33,C,"",3074PL,Rotterdam
Janne Bouwensstraat,33,D,"",3074PL,Rotterdam
Janne Bouwensstraat,35,A,"",3074PL,Rotterdam
Janne Bouwensstraat,35,B,"",3074PL,Rotterdam
Janne Bouwensstraat,35,C,"",3074PL,Rotterdam
Janne Bouwensstraat,35,D,"",3074PL,Rotterdam
Janne Bouwensstraat,37,A,"",3074PL,Rotterdam
Janne Bouwensstraat,37,B,"",3074PL,Rotterdam
Janne Bouwensstraat,37,C,"",3074PL,Rotterdam
Janne Bouwensstraat,37,D,"",3074PL,Rotterdam
Janne Bouwensstraat,37,E,"",3074PL,Rotterdam
Janne Bouwensstraat,37,F,"",3074PL,Rotterdam
Janne Bouwensstraat,39,"","",3074PL,Rotterdam
Janne Bouwensstraat,41,A,01,3074PL,Rotterdam
Janne Bouwensstraat,41,A,02,3074PL,Rotterdam
Janne Bouwensstraat,41,B,"",3074PL,Rotterdam
Janne Bouwensstraat,10,"","",3074PM,Rotterdam
Janne Bouwensstraat,12,"","",3074PM,Rotterdam
Janne Bouwensstraat,14,A,"",3074PM,Rotterdam
Janne Bouwensstraat,14,B,"",3074PM,Rotterdam
Janne Bouwensstraat,14,C,"",3074PM,Rotterdam
Janne Bouwensstraat,14,D,"",3074PM,Rotterdam
Janne Bouwensstraat,14,E,"",3074PM,Rotterdam
Janne Bouwensstraat,14,F,"",3074PM,Rotterdam
Janne Bouwensstraat,16,"","",3074PM,Rotterdam
Janne Bouwensstraat,18,A,"",3074PM,Rotterdam
Janne Bouwensstraat,18,B,"",3074PM,Rotterdam
Janne Bouwensstraat,18,C,"",3074PM,Rotterdam
Janne Bouwensstraat,18,D,"",3074PM,Rotterdam
Janne Bouwensstraat,18,E,"",3074PM,Rotterdam
Janne Bouwensstraat,18,F,"",3074PM,Rotterdam
Janne Bouwensstraat,22,"","",3074PM,Rotterdam
Janne Bouwensstraat,24,A,"",3074PM,Rotterdam
Janne Bouwensstraat,24,B,"",3074PM,Rotterdam
Janne Bouwensstraat,26,"","",3074PM,Rotterdam
Janne Bouwensstraat,26,"","",3074PM,Rotterdam
Janne Bouwensstraat,26,A,"",3074PM,Rotterdam
Janne Bouwensstraat,26,B,"",3074PM,Rotterdam
Janne Bouwensstraat,4,"","",3074PM,Rotterdam
Janne Bouwensstraat,6,"","",3074PM,Rotterdam
Janne Bouwensstraat,8,A,"",3074PM,Rotterdam
Janne Bouwensstraat,8,B,"",3074PM,Rotterdam
Janne Bouwensstraat,8,C,"",3074PM,Rotterdam
Janne Bouwensstraat,8,D,"",3074PM,Rotterdam
Janne Bouwensstraat,8,E,"",3074PM,Rotterdam
Janne Bouwensstraat,100,"","",3074PN,Rotterdam
Janne Bouwensstraat,102,"","",3074PN,Rotterdam
Janne Bouwensstraat,104,"","",3074PN,Rotterdam
Janne Bouwensstraat,106,"","",3074PN,Rotterdam
Janne Bouwensstraat,108,"","",3074PN,Rotterdam
Janne Bouwensstraat,110,"","",3074PN,Rotterdam
Janne Bouwensstraat,112,"","",3074PN,Rotterdam
Janne Bouwensstraat,114,"","",3074PN,Rotterdam
Janne Bouwensstraat,116,"","",3074PN,Rotterdam
Janne Bouwensstraat,118,"","",3074PN,Rotterdam
Janne Bouwensstraat,120,"","",3074PN,Rotterdam
Janne Bouwensstraat,122,"","",3074PN,Rotterdam
Janne Bouwensstraat,124,"","",3074PN,Rotterdam
Janne Bouwensstraat,126,"","",3074PN,Rotterdam
Janne Bouwensstraat,128,"","",3074PN,Rotterdam
Janne Bouwensstraat,130,"","",3074PN,Rotterdam
Janne Bouwensstraat,132,"","",3074PN,Rotterdam
Janne Bouwensstraat,134,"","",3074PN,Rotterdam
Janne Bouwensstraat,136,"","",3074PN,Rotterdam
Janne Bouwensstraat,138,"","",3074PN,Rotterdam
Janne Bouwensstraat,140,"","",3074PN,Rotterdam
Janne Bouwensstraat,142,"","",3074PN,Rotterdam
Janne Bouwensstraat,144,"","",3074PN,Rotterdam
Janne Bouwensstraat,146,"","",3074PN,Rotterdam
Janne Bouwensstraat,148,"","",3074PN,Rotterdam
Janne Bouwensstraat,150,"","",3074PN,Rotterdam
Janne Bouwensstraat,62,"","",3074PN,Rotterdam
Janne Bouwensstraat,64,"","",3074PN,Rotterdam
Janne Bouwensstraat,66,"","",3074PN,Rotterdam
Janne Bouwensstraat,68,"","",3074PN,Rotterdam
Janne Bouwensstraat,70,"","",3074PN,Rotterdam
Janne Bouwensstraat,72,"","",3074PN,Rotterdam
Janne Bouwensstraat,74,"","",3074PN,Rotterdam
Janne Bouwensstraat,74,"",01,3074PN,Rotterdam
Janne Bouwensstraat,74,"",BG,3074PN,Rotterdam
Janne Bouwensstraat,76,"","",3074PN,Rotterdam
Janne Bouwensstraat,78,"","",3074PN,Rotterdam
Janne Bouwensstraat,80,"","",3074PN,Rotterdam
Janne Bouwensstraat,82,"","",3074PN,Rotterdam
Janne Bouwensstraat,84,"","",3074PN,Rotterdam
Janne Bouwensstraat,86,"","",3074PN,Rotterdam
Janne Bouwensstraat,88,"","",3074PN,Rotterdam
Janne Bouwensstraat,90,"","",3074PN,Rotterdam
Janne Bouwensstraat,92,"","",3074PN,Rotterdam
Janne Bouwensstraat,94,"","",3074PN,Rotterdam
Janne Bouwensstraat,96,"","",3074PN,Rotterdam
Janne Bouwensstraat,98,"","",3074PN,Rotterdam
Van Malsenstraat,3,A,"",3074PP,Rotterdam
Van Malsenstraat,3,B,"",3074PP,Rotterdam
Van Malsenstraat,5,A,"",3074PP,Rotterdam
Van Malsenstraat,5,B,"",3074PP,Rotterdam
Van Malsenstraat,7,A,"",3074PP,Rotterdam
Van Malsenstraat,7,B,"",3074PP,Rotterdam
Van Malsenstraat,9,A,"",3074PP,Rotterdam
Van Malsenstraat,9,B,"",3074PP,Rotterdam
Van Malsenstraat,11,A,"",3074PR,Rotterdam
Van Malsenstraat,11,B,"",3074PR,Rotterdam
Van Malsenstraat,13,A,"",3074PR,Rotterdam
Van Malsenstraat,13,B,"",3074PR,Rotterdam
Van Malsenstraat,15,A,"",3074PR,Rotterdam
Van Malsenstraat,15,B,"",3074PR,Rotterdam
Van Malsenstraat,15,C,"",3074PR,Rotterdam
Van Malsenstraat,17,A,"",3074PR,Rotterdam
Van Malsenstraat,17,B,"",3074PR,Rotterdam
Van Malsenstraat,19,A,"",3074PR,Rotterdam
Van Malsenstraat,19,B,"",3074PR,Rotterdam
Van Malsenstraat,101,"","",3074PT,Rotterdam
Van Malsenstraat,103,A,"",3074PT,Rotterdam
Van Malsenstraat,103,B,01,3074PT,Rotterdam
Van Malsenstraat,103,B,02,3074PT,Rotterdam
Van Malsenstraat,105,A,"",3074PT,Rotterdam
Van Malsenstraat,105,B,01,3074PT,Rotterdam
Van Malsenstraat,105,B,02,3074PT,Rotterdam
Van Malsenstraat,107,A,"",3074PT,Rotterdam
Van Malsenstraat,107,B,01,3074PT,Rotterdam
Van Malsenstraat,107,B,02,3074PT,Rotterdam
Van Malsenstraat,109,A,"",3074PT,Rotterdam
Van Malsenstraat,109,B,01,3074PT,Rotterdam
Van Malsenstraat,109,B,02,3074PT,Rotterdam
Van Malsenstraat,111,A,01,3074PT,Rotterdam
Van Malsenstraat,111,A,02,3074PT,Rotterdam
Van Malsenstraat,111,B,"",3074PT,Rotterdam
Van Malsenstraat,113,"",01,3074PT,Rotterdam
Van Malsenstraat,113,"",02,3074PT,Rotterdam
Van Malsenstraat,95,A,"",3074PT,Rotterdam
Van Malsenstraat,95,B,"",3074PT,Rotterdam
Van Malsenstraat,95,C,"",3074PT,Rotterdam
Van Malsenstraat,97,"","",3074PT,Rotterdam
Van Malsenstraat,99,A,"",3074PT,Rotterdam
Van Malsenstraat,99,B,"",3074PT,Rotterdam
Van Malsenstraat,99,C,"",3074PT,Rotterdam
Van Malsenstraat,99,D,"",3074PT,Rotterdam
Van Malsenstraat,99,E,"",3074PT,Rotterdam
Van Malsenstraat,99,F,"",3074PT,Rotterdam
Van Malsenstraat,10,"","",3074PV,Rotterdam
Van Malsenstraat,12,"","",3074PV,Rotterdam
Van Malsenstraat,14,"","",3074PV,Rotterdam
Van Malsenstraat,14,A,"",3074PV,Rotterdam
Van Malsenstraat,14,B,"",3074PV,Rotterdam
Van Malsenstraat,16,"","",3074PV,Rotterdam
Van Malsenstraat,18,A,"",3074PV,Rotterdam
Van Malsenstraat,18,B,"",3074PV,Rotterdam
Van Malsenstraat,20,A,"",3074PV,Rotterdam
Van Malsenstraat,20,B,"",3074PV,Rotterdam
Van Malsenstraat,22,"","",3074PV,Rotterdam
Van Malsenstraat,24,"","",3074PV,Rotterdam
Van Malsenstraat,26,"","",3074PV,Rotterdam
Van Malsenstraat,4,"","",3074PV,Rotterdam
Van Malsenstraat,6,"","",3074PV,Rotterdam
Van Malsenstraat,8,"","",3074PV,Rotterdam
Van Malsenstraat,28,A,"",3074PW,Rotterdam
Van Malsenstraat,28,B,"",3074PW,Rotterdam
Van Malsenstraat,30,"","",3074PW,Rotterdam
Van Malsenstraat,32,"","",3074PW,Rotterdam
Van Malsenstraat,34,"","",3074PW,Rotterdam
Van Malsenstraat,36,"","",3074PW,Rotterdam
Van Malsenstraat,38,"","",3074PW,Rotterdam
Van Malsenstraat,40,"","",3074PW,Rotterdam
Van Malsenstraat,42,"","",3074PW,Rotterdam
Van Malsenstraat,44,A,"",3074PW,Rotterdam
Van Malsenstraat,44,B,"",3074PW,Rotterdam
Van Malsenstraat,44,B,"",3074PW,Rotterdam
Van Malsenstraat,46,"","",3074PW,Rotterdam
Van Malsenstraat,48,"","",3074PW,Rotterdam
Van Malsenstraat,50,"","",3074PW,Rotterdam
Van Malsenstraat,52,"","",3074PX,Rotterdam
Van Malsenstraat,54,A,"",3074PX,Rotterdam
Van Malsenstraat,54,B,"",3074PX,Rotterdam
Van Malsenstraat,56,A,"",3074PX,Rotterdam
Van Malsenstraat,56,B,"",3074PX,Rotterdam
Van Malsenstraat,58,A,"",3074PX,Rotterdam
Van Malsenstraat,58,B,"",3074PX,Rotterdam
Van Malsenstraat,60,A,"",3074PX,Rotterdam
Van Malsenstraat,60,B,"",3074PX,Rotterdam
Van Malsenstraat,62,A,"",3074PX,Rotterdam
Van Malsenstraat,62,B,"",3074PX,Rotterdam
Van Malsenstraat,64,"","",3074PX,Rotterdam
Van Malsenstraat,64,A,"",3074PX,Rotterdam
Van Malsenstraat,64,B,"",3074PX,Rotterdam
Van Malsenstraat,66,"","",3074PX,Rotterdam
Van Malsenstraat,68,A,"",3074PX,Rotterdam
Van Malsenstraat,68,B,"",3074PX,Rotterdam
Van Malsenstraat,68,B,"",3074PX,Rotterdam
Van Malsenstraat,68,C,"",3074PX,Rotterdam
Van Malsenstraat,70,"","",3074PX,Rotterdam
Van Malsenstraat,70,A,"",3074PX,Rotterdam
Van Malsenstraat,70,B,"",3074PX,Rotterdam
Van Malsenstraat,70,C,"",3074PX,Rotterdam
Van Malsenstraat,100,"","",3074PZ,Rotterdam
Van Malsenstraat,102,A,"",3074PZ,Rotterdam
Van Malsenstraat,102,B,"",3074PZ,Rotterdam
Van Malsenstraat,102,B,"",3074PZ,Rotterdam
Van Malsenstraat,102,B,BG,3074PZ,Rotterdam
Van Malsenstraat,104,"","",3074PZ,Rotterdam
Van Malsenstraat,104,"","",3074PZ,Rotterdam
Van Malsenstraat,74,"","",3074PZ,Rotterdam
Van Malsenstraat,76,A,"",3074PZ,Rotterdam
Van Malsenstraat,76,B,"",3074PZ,Rotterdam
Van Malsenstraat,78,A,"",3074PZ,Rotterdam
Van Malsenstraat,78,B,"",3074PZ,Rotterdam
Van Malsenstraat,80,A,"",3074PZ,Rotterdam
Van Malsenstraat,80,B,"",3074PZ,Rotterdam
Van Malsenstraat,82,A,"",3074PZ,Rotterdam
Van Malsenstraat,82,B,"",3074PZ,Rotterdam
Van Malsenstraat,84,A,"",3074PZ,Rotterdam
Van Malsenstraat,84,B,"",3074PZ,Rotterdam
Van Malsenstraat,86,A,"",3074PZ,Rotterdam
Van Malsenstraat,86,B,"",3074PZ,Rotterdam
Van Malsenstraat,88,A,"",3074PZ,Rotterdam
Van Malsenstraat,88,B,"",3074PZ,Rotterdam
Van Malsenstraat,90,A,"",3074PZ,Rotterdam
Van Malsenstraat,90,B,"",3074PZ,Rotterdam
Van Malsenstraat,92,A,"",3074PZ,Rotterdam
Van Malsenstraat,92,B,"",3074PZ,Rotterdam
Van Malsenstraat,94,A,"",3074PZ,Rotterdam
Van Malsenstraat,94,B,"",3074PZ,Rotterdam
Van Malsenstraat,96,A,"",3074PZ,Rotterdam
Van Malsenstraat,96,B,"",3074PZ,Rotterdam
Van Malsenstraat,98,"","",3074PZ,Rotterdam
Van Malsenstraat,98,"",BG,3074PZ,Rotterdam
Beijerlandsestraat,11,A,"",3074RA,Rotterdam
Beijerlandsestraat,11,B,"",3074RA,Rotterdam
Beijerlandsestraat,13,A,"",3074RA,Rotterdam
Beijerlandsestraat,13,B,"",3074RA,Rotterdam
Beijerlandsestraat,17,A,"",3074RA,Rotterdam
Beijerlandsestraat,17,B,"",3074RA,Rotterdam
Beijerlandsestraat,17,C,"",3074RA,Rotterdam
Beijerlandsestraat,17,D,"",3074RA,Rotterdam
Beijerlandsestraat,19,A,"",3074RA,Rotterdam
Beijerlandsestraat,19,B,"",3074RA,Rotterdam
Beijerlandsestraat,21,A,"",3074RA,Rotterdam
Beijerlandsestraat,21,B,"",3074RA,Rotterdam
Beijerlandsestraat,23,A,"",3074RA,Rotterdam
Beijerlandsestraat,23,B,"",3074RA,Rotterdam
Beijerlandsestraat,3,"","",3074RA,Rotterdam
Beijerlandsestraat,5,"","",3074RA,Rotterdam
Beijerlandsestraat,7,"",01,3074RA,Rotterdam
Beijerlandsestraat,7,"",02,3074RA,Rotterdam
Beijerlandsestraat,7,"",BG,3074RA,Rotterdam
Beijerlandsestraat,9,"",01,3074RA,Rotterdam
Beijerlandsestraat,9,"",02,3074RA,Rotterdam
Beijerlandsestraat,9,"",BG,3074RA,Rotterdam
Beijerlandsestraat,29,A,"",3074RB,Rotterdam
Beijerlandsestraat,29,B,"",3074RB,Rotterdam
Beijerlandsestraat,31,A,"",3074RB,Rotterdam
Beijerlandsestraat,31,B,"",3074RB,Rotterdam
Beijerlandsestraat,31,C,"",3074RB,Rotterdam
Beijerlandsestraat,33,A,"",3074RB,Rotterdam
Beijerlandsestraat,33,B,"",3074RB,Rotterdam
Beijerlandsestraat,33,C,"",3074RB,Rotterdam
Beijerlandsestraat,35,A,"",3074RB,Rotterdam
Beijerlandsestraat,35,B,"",3074RB,Rotterdam
Beijerlandsestraat,35,C,"",3074RB,Rotterdam
Beijerlandsestraat,37,A,"",3074RB,Rotterdam
Beijerlandsestraat,37,B,"",3074RB,Rotterdam
Beijerlandsestraat,37,C,"",3074RB,Rotterdam
Beijerlandsestraat,37,D,"",3074RB,Rotterdam
Beijerlandsestraat,39,A,"",3074RB,Rotterdam
Beijerlandsestraat,39,B,"",3074RB,Rotterdam
Beijerlandsestraat,39,C,"",3074RB,Rotterdam
Beijerlandsestraat,39,D,"",3074RB,Rotterdam
Beijerlandsestraat,41,B,"",3074RB,Rotterdam
Beijerlandsestraat,41,C,"",3074RB,Rotterdam
Beijerlandsestraat,41,D,"",3074RB,Rotterdam
Beijerlandsestraat,43,A,"",3074RB,Rotterdam
Beijerlandsestraat,43,A,BG,3074RB,Rotterdam
Beijerlandsestraat,43,B,"",3074RB,Rotterdam
Beijerlandsestraat,43,C,"",3074RB,Rotterdam
Beijerlandsestraat,43,D,"",3074RB,Rotterdam
Beijerlandsestraat,51,"","",3074RB,Rotterdam
Beijerlandsestraat,53,A,"",3074RB,Rotterdam
Beijerlandsestraat,53,B,"",3074RB,Rotterdam
Beijerlandsestraat,53,C,"",3074RB,Rotterdam
Beijerlandsestraat,10,A,"",3074RC,Rotterdam
Beijerlandsestraat,10,B,"",3074RC,Rotterdam
Beijerlandsestraat,10,C,"",3074RC,Rotterdam
Beijerlandsestraat,10,D,"",3074RC,Rotterdam
Beijerlandsestraat,12,A,"",3074RC,Rotterdam
Beijerlandsestraat,12,B,"",3074RC,Rotterdam
Beijerlandsestraat,12,C,"",3074RC,Rotterdam
Beijerlandsestraat,12,D,"",3074RC,Rotterdam
Beijerlandsestraat,2,A,"",3074RC,Rotterdam
Beijerlandsestraat,2,B,"",3074RC,Rotterdam
Beijerlandsestraat,2,C,"",3074RC,Rotterdam
Beijerlandsestraat,2,D,"",3074RC,Rotterdam
Beijerlandsestraat,2,E,"",3074RC,Rotterdam
Beijerlandsestraat,2,F,"",3074RC,Rotterdam
Beijerlandsestraat,4,"","",3074RC,Rotterdam
Beijerlandsestraat,6,"","",3074RC,Rotterdam
Beijerlandsestraat,8,"","",3074RC,Rotterdam
Beijerlandsestraat,14,"","",3074RD,Rotterdam
Beijerlandsestraat,16,"","",3074RD,Rotterdam
Beijerlandsestraat,18,"","",3074RD,Rotterdam
Beijerlandsestraat,20,A,"",3074RD,Rotterdam
Beijerlandsestraat,20,B,"",3074RD,Rotterdam
Beijerlandsestraat,20,C,"",3074RD,Rotterdam
Beijerlandsestraat,20,D,"",3074RD,Rotterdam
Beijerlandsestraat,22,A,"",3074RD,Rotterdam
Beijerlandsestraat,22,B,"",3074RD,Rotterdam
Beijerlandsestraat,22,C,"",3074RD,Rotterdam
Beijerlandsestraat,22,D,"",3074RD,Rotterdam
Beijerlandsestraat,24,"","",3074RD,Rotterdam
Beijerlandsestraat,32,"","",3074RE,Rotterdam
Beijerlandsestraat,34,B,"",3074RE,Rotterdam
Beijerlandsestraat,34,C,"",3074RE,Rotterdam
Beijerlandsestraat,34,D,"",3074RE,Rotterdam
Beijerlandsestraat,36,A,"",3074RE,Rotterdam
Beijerlandsestraat,36,B,"",3074RE,Rotterdam
Beijerlandsestraat,36,C,"",3074RE,Rotterdam
Beijerlandsestraat,36,D,"",3074RE,Rotterdam
Beijerlandsestraat,38,A,"",3074RE,Rotterdam
Beijerlandsestraat,38,B,"",3074RE,Rotterdam
Beijerlandsestraat,38,C,"",3074RE,Rotterdam
Beijerlandsestraat,38,D,"",3074RE,Rotterdam
Beijerlandsestraat,40,A,"",3074RE,Rotterdam
Beijerlandsestraat,40,B,"",3074RE,Rotterdam
Beijerlandsestraat,40,C,"",3074RE,Rotterdam
Beijerlandsestraat,40,D,"",3074RE,Rotterdam
Beijerlandsestraat,42,A,"",3074RE,Rotterdam
Beijerlandsestraat,42,B,"",3074RE,Rotterdam
Beijerlandsestraat,42,C,"",3074RE,Rotterdam
Beijerlandsestraat,42,D,"",3074RE,Rotterdam
Beijerlandsestraat,44,B,"",3074RE,Rotterdam
Beijerlandsestraat,44,C,"",3074RE,Rotterdam
Beijerlandsestraat,44,D,"",3074RE,Rotterdam
Beijerlandsestraat,48,"","",3074RE,Rotterdam
Beijerlandsestraat,58,"","",3074RE,Rotterdam
Beijerlandsestraat,60,"","",3074RE,Rotterdam
Beijerlandsestraat,62,"","",3074RE,Rotterdam
Blokweg,11,"","",3074RG,Rotterdam
Blokweg,13,"","",3074RG,Rotterdam
Blokweg,13,A,"",3074RG,Rotterdam
Blokweg,13,B,"",3074RG,Rotterdam
Blokweg,15,A,"",3074RG,Rotterdam
Blokweg,15,B,"",3074RG,Rotterdam
Blokweg,17,A,"",3074RG,Rotterdam
Blokweg,17,B,"",3074RG,Rotterdam
Blokweg,19,"","",3074RG,Rotterdam
Blokweg,19,A,"",3074RG,Rotterdam
Blokweg,19,A,"",3074RG,Rotterdam
Blokweg,19,B,"",3074RG,Rotterdam
Blokweg,19,B,"",3074RG,Rotterdam
Blokweg,21,A,"",3074RG,Rotterdam
Blokweg,21,B,"",3074RG,Rotterdam
Blokweg,23,"","",3074RG,Rotterdam
Blokweg,25,A,"",3074RG,Rotterdam
Blokweg,25,B,"",3074RG,Rotterdam
Blokweg,5,A,"",3074RG,Rotterdam
Blokweg,5,B,"",3074RG,Rotterdam
Blokweg,5,B,"",3074RG,Rotterdam
Blokweg,5,C,"",3074RG,Rotterdam
Blokweg,7,"","",3074RG,Rotterdam
Blokweg,9,"","",3074RG,Rotterdam
Blokweg,9,A,"",3074RG,Rotterdam
Blokweg,9,B,"",3074RG,Rotterdam
Blokweg,27,"","",3074RH,Rotterdam
Blokweg,29,A,"",3074RH,Rotterdam
Blokweg,29,B,"",3074RH,Rotterdam
Blokweg,31,A,"",3074RH,Rotterdam
Blokweg,31,B,"",3074RH,Rotterdam
Blokweg,33,"",BN,3074RH,Rotterdam
Blokweg,33,"",BO,3074RH,Rotterdam
Blokweg,35,"","",3074RH,Rotterdam
Blokweg,37,"","",3074RH,Rotterdam
Blokweg,39,A,"",3074RH,Rotterdam
Blokweg,39,B,"",3074RH,Rotterdam
Blokweg,41,A,"",3074RH,Rotterdam
Blokweg,41,B,"",3074RH,Rotterdam
Blokweg,41,C,"",3074RH,Rotterdam
Blokweg,45,A,"",3074RH,Rotterdam
Blokweg,45,B,"",3074RH,Rotterdam
Blokweg,47,"","",3074RH,Rotterdam
Blokweg,49,A,"",3074RH,Rotterdam
Blokweg,49,B,"",3074RH,Rotterdam
Blokweg,51,A,"",3074RH,Rotterdam
Blokweg,51,B,"",3074RH,Rotterdam
Blokweg,51,B,BG,3074RH,Rotterdam
Blokweg,10,A,"",3074RJ,Rotterdam
Blokweg,10,B,"",3074RJ,Rotterdam
Blokweg,12,A,"",3074RJ,Rotterdam
Blokweg,12,B,"",3074RJ,Rotterdam
Blokweg,14,"","",3074RJ,Rotterdam
Blokweg,16,A,"",3074RJ,Rotterdam
Blokweg,16,B,"",3074RJ,Rotterdam
Blokweg,16,C,"",3074RJ,Rotterdam
Blokweg,18,A,"",3074RJ,Rotterdam
Blokweg,18,B,"",3074RJ,Rotterdam
Blokweg,20,"",BN,3074RJ,Rotterdam
Blokweg,20,"",BO,3074RJ,Rotterdam
Blokweg,22,A,"",3074RJ,Rotterdam
Blokweg,22,B,"",3074RJ,Rotterdam
Blokweg,24,"",BN,3074RJ,Rotterdam
Blokweg,24,"",BO,3074RJ,Rotterdam
Blokweg,26,A,"",3074RJ,Rotterdam
Blokweg,26,B,"",3074RJ,Rotterdam
Blokweg,28,A,"",3074RJ,Rotterdam
Blokweg,28,B,"",3074RJ,Rotterdam
Blokweg,30,"","",3074RJ,Rotterdam
Blokweg,6,"",01,3074RJ,Rotterdam
Blokweg,6,"",02,3074RJ,Rotterdam
Blokweg,8,"","",3074RJ,Rotterdam
Blokweg,32,"","",3074RK,Rotterdam
Blokweg,34,A,"",3074RK,Rotterdam
Blokweg,34,B,"",3074RK,Rotterdam
Blokweg,36,"","",3074RK,Rotterdam
Blokweg,36,A,"",3074RK,Rotterdam
Blokweg,36,B,"",3074RK,Rotterdam
Blokweg,38,"","",3074RK,Rotterdam
Blokweg,38,A,"",3074RK,Rotterdam
Blokweg,38,B,"",3074RK,Rotterdam
Blokweg,40,"","",3074RK,Rotterdam
Blokweg,40,A,"",3074RK,Rotterdam
Blokweg,40,B,"",3074RK,Rotterdam
Blokweg,42,"","",3074RK,Rotterdam
Blokweg,42,A,"",3074RK,Rotterdam
Blokweg,42,B,"",3074RK,Rotterdam
Blokweg,44,"","",3074RK,Rotterdam
Blokweg,44,A,"",3074RK,Rotterdam
Blokweg,44,B,"",3074RK,Rotterdam
Blokweg,46,"","",3074RK,Rotterdam
Blokweg,48,A,"",3074RK,Rotterdam
Blokweg,48,B,"",3074RK,Rotterdam
Blokweg,50,"","",3074RK,Rotterdam
Blokweg,50,A,"",3074RK,Rotterdam
Blokweg,50,B,"",3074RK,Rotterdam
Blokweg,52,"","",3074RK,Rotterdam
Blokweg,52,A,"",3074RK,Rotterdam
Blokweg,52,B,"",3074RK,Rotterdam
Blokweg,54,A,"",3074RK,Rotterdam
Blokweg,54,B,"",3074RK,Rotterdam
Blokweg,56,"","",3074RK,Rotterdam
Blokweg,58,"","",3074RK,Rotterdam
Blokweg,60,"","",3074RK,Rotterdam
Blokweg,62,"","",3074RK,Rotterdam
Blokweg,64,"","",3074RK,Rotterdam
Blokweg,66,"","",3074RK,Rotterdam
Beijerlandsestraat,11,"","",3074RL,Rotterdam
Beijerlandsestraat,11,"","",3074RL,Rotterdam
Brabantsestraat,13,"","",3074RL,Rotterdam
Brabantsestraat,13,"",BG,3074RL,Rotterdam
Brabantsestraat,15,A,"",3074RL,Rotterdam
Brabantsestraat,15,B,"",3074RL,Rotterdam
Brabantsestraat,15,C,"",3074RL,Rotterdam
Brabantsestraat,17,"","",3074RL,Rotterdam
Brabantsestraat,19,A,"",3074RL,Rotterdam
Brabantsestraat,19,B,"",3074RL,Rotterdam
Brabantsestraat,19,C,"",3074RL,Rotterdam
Beijerlandsestraat,7,A,"",3074RL,Rotterdam
Beijerlandsestraat,7,A,"",3074RL,Rotterdam
Beijerlandsestraat,7,B,"",3074RL,Rotterdam
Beijerlandsestraat,7,B,"",3074RL,Rotterdam
Beijerlandsestraat,7,C,"",3074RL,Rotterdam
Beijerlandsestraat,7,C,"",3074RL,Rotterdam
Beijerlandsestraat,7,D,"",3074RL,Rotterdam
Beijerlandsestraat,7,D,"",3074RL,Rotterdam
Beijerlandsestraat,7,D,"",3074RL,Rotterdam
Beijerlandsestraat,9,A,"",3074RL,Rotterdam
Beijerlandsestraat,9,A,"",3074RL,Rotterdam
Beijerlandsestraat,9,B,"",3074RL,Rotterdam
Beijerlandsestraat,9,B,"",3074RL,Rotterdam
Beijerlandsestraat,9,C,"",3074RL,Rotterdam
Beijerlandsestraat,9,C,"",3074RL,Rotterdam
Beijerlandsestraat,9,D,"",3074RL,Rotterdam
Beijerlandsestraat,9,D,"",3074RL,Rotterdam
Brabantsestraat,21,A,"",3074RM,Rotterdam
Brabantsestraat,21,B,"",3074RM,Rotterdam
Brabantsestraat,21,C,"",3074RM,Rotterdam
Brabantsestraat,23,A,"",3074RM,Rotterdam
Brabantsestraat,23,B,"",3074RM,Rotterdam
Brabantsestraat,23,C,"",3074RM,Rotterdam
Brabantsestraat,25,A,"",3074RM,Rotterdam
Brabantsestraat,25,B,"",3074RM,Rotterdam
Brabantsestraat,25,C,"",3074RM,Rotterdam
Brabantsestraat,27,"","",3074RM,Rotterdam
Brabantsestraat,29,"","",3074RM,Rotterdam
Brabantsestraat,31,A,"",3074RM,Rotterdam
Brabantsestraat,31,B,"",3074RM,Rotterdam
Brabantsestraat,31,C,"",3074RM,Rotterdam
Brabantsestraat,33,A,"",3074RM,Rotterdam
Brabantsestraat,33,B,"",3074RM,Rotterdam
Brabantsestraat,33,C,"",3074RM,Rotterdam
Brabantsestraat,35,"","",3074RM,Rotterdam
Brabantsestraat,37,A,"",3074RN,Rotterdam
Brabantsestraat,37,B,"",3074RN,Rotterdam
Brabantsestraat,37,C,"",3074RN,Rotterdam
Brabantsestraat,37,D,"",3074RN,Rotterdam
Brabantsestraat,37,E,"",3074RN,Rotterdam
Brabantsestraat,39,"","",3074RN,Rotterdam
Brabantsestraat,41,"","",3074RN,Rotterdam
Brabantsestraat,43,A,"",3074RN,Rotterdam
Brabantsestraat,43,B,"",3074RN,Rotterdam
Brabantsestraat,43,C,"",3074RN,Rotterdam
Brabantsestraat,43,D,"",3074RN,Rotterdam
Brabantsestraat,43,E,"",3074RN,Rotterdam
Brabantsestraat,45,"","",3074RN,Rotterdam
Brabantsestraat,47,A,"",3074RN,Rotterdam
Brabantsestraat,47,B,"",3074RN,Rotterdam
Brabantsestraat,49,"","",3074RN,Rotterdam
Brabantsestraat,51,A,"",3074RN,Rotterdam
Brabantsestraat,51,B,"",3074RN,Rotterdam
Brabantsestraat,51,C,"",3074RN,Rotterdam
Brabantsestraat,51,D,"",3074RN,Rotterdam
Brabantsestraat,51,E,"",3074RN,Rotterdam
Brabantsestraat,51,F,"",3074RN,Rotterdam
Brabantsestraat,53,"","",3074RP,Rotterdam
Brabantsestraat,55,"","",3074RP,Rotterdam
Brabantsestraat,57,"","",3074RP,Rotterdam
Brabantsestraat,59,A,"",3074RP,Rotterdam
Brabantsestraat,59,B,"",3074RP,Rotterdam
Brabantsestraat,59,C,"",3074RP,Rotterdam
Brabantsestraat,59,D,"",3074RP,Rotterdam
Brabantsestraat,59,E,"",3074RP,Rotterdam
Brabantsestraat,59,F,"",3074RP,Rotterdam
Brabantsestraat,61,"","",3074RP,Rotterdam
Brabantsestraat,63,"","",3074RP,Rotterdam
Brabantsestraat,65,"","",3074RP,Rotterdam
Brabantsestraat,67,"","",3074RP,Rotterdam
Brabantsestraat,101,"","",3074RR,Rotterdam
Brabantsestraat,103,"","",3074RR,Rotterdam
Brabantsestraat,105,"","",3074RR,Rotterdam
Brabantsestraat,69,A,"",3074RR,Rotterdam
Brabantsestraat,69,B,"",3074RR,Rotterdam
Brabantsestraat,69,C,"",3074RR,Rotterdam
Brabantsestraat,69,D,"",3074RR,Rotterdam
Brabantsestraat,69,E,"",3074RR,Rotterdam
Brabantsestraat,69,F,"",3074RR,Rotterdam
Brabantsestraat,71,"","",3074RR,Rotterdam
Brabantsestraat,73,A,"",3074RR,Rotterdam
Brabantsestraat,73,B,"",3074RR,Rotterdam
Brabantsestraat,73,C,"",3074RR,Rotterdam
Brabantsestraat,75,A,"",3074RR,Rotterdam
Brabantsestraat,75,B,"",3074RR,Rotterdam
Brabantsestraat,75,C,"",3074RR,Rotterdam
Brabantsestraat,77,"","",3074RR,Rotterdam
Brabantsestraat,79,"","",3074RR,Rotterdam
Brabantsestraat,81,"","",3074RR,Rotterdam
Brabantsestraat,83,"","",3074RR,Rotterdam
Brabantsestraat,85,"","",3074RR,Rotterdam
Brabantsestraat,87,"","",3074RR,Rotterdam
Brabantsestraat,89,"","",3074RR,Rotterdam
Brabantsestraat,91,"","",3074RR,Rotterdam
Brabantsestraat,93,"","",3074RR,Rotterdam
Brabantsestraat,95,"","",3074RR,Rotterdam
Brabantsestraat,97,"","",3074RR,Rotterdam
Brabantsestraat,99,"","",3074RR,Rotterdam
Brabantsestraat,10,A,"",3074RS,Rotterdam
Brabantsestraat,10,B,"",3074RS,Rotterdam
Brabantsestraat,10,C,"",3074RS,Rotterdam
Brabantsestraat,118,L,"",3074RS,Rotterdam
Brabantsestraat,12,A,"",3074RS,Rotterdam
Brabantsestraat,12,B,"",3074RS,Rotterdam
Brabantsestraat,12,C,"",3074RS,Rotterdam
Brabantsestraat,14,A,"",3074RS,Rotterdam
Brabantsestraat,14,B,"",3074RS,Rotterdam
Brabantsestraat,14,C,"",3074RS,Rotterdam
Brabantsestraat,16,"","",3074RS,Rotterdam
Brabantsestraat,16,A,"",3074RS,Rotterdam
Brabantsestraat,16,B,"",3074RS,Rotterdam
Brabantsestraat,16,C,"",3074RS,Rotterdam
Brabantsestraat,16,D,"",3074RS,Rotterdam
Brabantsestraat,16,E,"",3074RS,Rotterdam
Brabantsestraat,16,F,"",3074RS,Rotterdam
Brabantsestraat,16,G,"",3074RS,Rotterdam
Brabantsestraat,16,H,"",3074RS,Rotterdam
Brabantsestraat,16,J,"",3074RS,Rotterdam
Brabantsestraat,16,K,"",3074RS,Rotterdam
Brabantsestraat,16,L,"",3074RS,Rotterdam
Brabantsestraat,18,A,"",3074RS,Rotterdam
Brabantsestraat,18,B,"",3074RS,Rotterdam
Brabantsestraat,18,C,"",3074RS,Rotterdam
Brabantsestraat,18,D,"",3074RS,Rotterdam
Brabantsestraat,18,E,"",3074RS,Rotterdam
Brabantsestraat,18,F,"",3074RS,Rotterdam
Brabantsestraat,18,G,"",3074RS,Rotterdam
Brabantsestraat,18,H,"",3074RS,Rotterdam
Brabantsestraat,18,J,"",3074RS,Rotterdam
Brabantsestraat,18,K,"",3074RS,Rotterdam
Brabantsestraat,18,L,"",3074RS,Rotterdam
Brabantsestraat,18,M,"",3074RS,Rotterdam
Brabantsestraat,20,A,"",3074RS,Rotterdam
Brabantsestraat,20,B,"",3074RS,Rotterdam
Brabantsestraat,20,C,"",3074RS,Rotterdam
Brabantsestraat,20,D,"",3074RS,Rotterdam
Brabantsestraat,20,E,"",3074RS,Rotterdam
Brabantsestraat,4,"","",3074RS,Rotterdam
Brabantsestraat,4,"",BG,3074RS,Rotterdam
Brabantsestraat,48,A,"",3074RS,Rotterdam
Brabantsestraat,48,B,"",3074RS,Rotterdam
Brabantsestraat,50,"","",3074RS,Rotterdam
Brabantsestraat,52,"","",3074RS,Rotterdam
Brabantsestraat,54,A,"",3074RS,Rotterdam
Brabantsestraat,54,B,"",3074RS,Rotterdam
Brabantsestraat,56,A,"",3074RS,Rotterdam
Brabantsestraat,56,B,"",3074RS,Rotterdam
Brabantsestraat,58,"","",3074RS,Rotterdam
Brabantsestraat,6,A,"",3074RS,Rotterdam
Brabantsestraat,6,B,"",3074RS,Rotterdam
Brabantsestraat,6,C,"",3074RS,Rotterdam
Brabantsestraat,8,A,"",3074RS,Rotterdam
Brabantsestraat,8,B,"",3074RS,Rotterdam
Brabantsestraat,8,C,"",3074RS,Rotterdam
Brabantsestraat,60,A,"",3074RT,Rotterdam
Brabantsestraat,60,B,"",3074RT,Rotterdam
Brabantsestraat,62,A,"",3074RT,Rotterdam
Brabantsestraat,62,B,"",3074RT,Rotterdam
Brabantsestraat,64,"","",3074RT,Rotterdam
Brabantsestraat,66,A,"",3074RT,Rotterdam
Brabantsestraat,66,B,"",3074RT,Rotterdam
Brabantsestraat,68,"","",3074RT,Rotterdam
Brabantsestraat,70,A,"",3074RT,Rotterdam
Brabantsestraat,70,B,"",3074RT,Rotterdam
Brabantsestraat,72,"","",3074RT,Rotterdam
Brabantsestraat,74,"","",3074RT,Rotterdam
Brabantsestraat,76,A,"",3074RT,Rotterdam
Brabantsestraat,76,B,"",3074RT,Rotterdam
Beijerlandse Passage,10,"","",3074RW,Rotterdam
Beijerlandse Passage,10,"","",3074RW,Rotterdam
Beijerlandse Passage,3,"","",3074RW,Rotterdam
Beijerlandse Passage,4,"","",3074RW,Rotterdam
Beijerlandse Passage,4,"","",3074RW,Rotterdam
Beijerlandse Passage,5,"","",3074RW,Rotterdam
Beijerlandse Passage,6,"","",3074RW,Rotterdam
Beijerlandse Passage,6,"","",3074RW,Rotterdam
Beijerlandse Passage,7,"","",3074RW,Rotterdam
Beijerlandse Passage,8,"","",3074RW,Rotterdam
Beijerlandse Passage,8,"","",3074RW,Rotterdam
Groningerstraat,2,"","",3074RX,Rotterdam
Groningerstraat,2,"",01,3074RX,Rotterdam
Groningerstraat,2,"",02,3074RX,Rotterdam
Groningerstraat,2,"",03L,3074RX,Rotterdam
Groningerstraat,2,"",03R,3074RX,Rotterdam
Groningerstraat,4,"","",3074RX,Rotterdam
Beverstraat,11,"","",3074SC,Rotterdam
Beverstraat,13,"",KE,3074SC,Rotterdam
Beverstraat,15,"","",3074SC,Rotterdam
Beverstraat,17,"","",3074SC,Rotterdam
Beverstraat,19,"","",3074SC,Rotterdam
Beverstraat,21,"","",3074SC,Rotterdam
Beverstraat,23,"","",3074SC,Rotterdam
Beverstraat,25,"","",3074SC,Rotterdam
Beverstraat,27,"","",3074SC,Rotterdam
Beverstraat,29,"","",3074SC,Rotterdam
Beverstraat,31,"","",3074SC,Rotterdam
Beverstraat,33,"","",3074SC,Rotterdam
Beverstraat,35,"","",3074SC,Rotterdam
Beverstraat,37,"","",3074SC,Rotterdam
Beverstraat,39,"","",3074SC,Rotterdam
Beverstraat,41,"","",3074SC,Rotterdam
Beverstraat,43,"","",3074SC,Rotterdam
Beverstraat,45,A,01,3074SC,Rotterdam
Beverstraat,45,A,02,3074SC,Rotterdam
Beverstraat,45,B,"",3074SC,Rotterdam
Beverstraat,45,B,"",3074SC,Rotterdam
Beverstraat,5,A,"",3074SC,Rotterdam
Beverstraat,5,B,"",3074SC,Rotterdam
Beverstraat,5,C,"",3074SC,Rotterdam
Beverstraat,5,D,"",3074SC,Rotterdam
Beverstraat,5,E,"",3074SC,Rotterdam
Beverstraat,5,F,"",3074SC,Rotterdam
Beverstraat,7,A,"",3074SC,Rotterdam
Beverstraat,7,B,"",3074SC,Rotterdam
Beverstraat,7,C,"",3074SC,Rotterdam
Beverstraat,7,D,"",3074SC,Rotterdam
Beverstraat,7,E,"",3074SC,Rotterdam
Beverstraat,7,F,"",3074SC,Rotterdam
Beverstraat,7,G,"",3074SC,Rotterdam
Beverstraat,7,H,"",3074SC,Rotterdam
Beverstraat,9,A,"",3074SC,Rotterdam
Beverstraat,9,B,"",3074SC,Rotterdam
Beverstraat,9,C,"",3074SC,Rotterdam
Beverstraat,9,D,"",3074SC,Rotterdam
Beverstraat,9,E,"",3074SC,Rotterdam
Beverstraat,9,F,"",3074SC,Rotterdam
Beverstraat,9,G,"",3074SC,Rotterdam
Beverstraat,9,H,"",3074SC,Rotterdam
Beverstraat,59,"","",3074SE,Rotterdam
Beverstraat,61,"","",3074SE,Rotterdam
Beverstraat,63,"","",3074SE,Rotterdam
Beverstraat,65,"","",3074SE,Rotterdam
Beverstraat,67,"","",3074SE,Rotterdam
Beverstraat,69,"","",3074SE,Rotterdam
Beverstraat,71,"","",3074SE,Rotterdam
Beverstraat,73,"","",3074SE,Rotterdam
Beverstraat,75,"","",3074SE,Rotterdam
Beverstraat,77,"","",3074SE,Rotterdam
Beverstraat,77,"",BG,3074SE,Rotterdam
Beverstraat,79,A,"",3074SE,Rotterdam
Beverstraat,79,B,"",3074SE,Rotterdam
Beverstraat,79,C,"",3074SE,Rotterdam
Beverstraat,79,D,"",3074SE,Rotterdam
Beverstraat,79,E,"",3074SE,Rotterdam
Beverstraat,81,"","",3074SG,Rotterdam
Beverstraat,81,"",BG,3074SG,Rotterdam
Beverstraat,83,A,"",3074SG,Rotterdam
Beverstraat,83,B,"",3074SG,Rotterdam
Beverstraat,83,C,"",3074SG,Rotterdam
Beverstraat,83,D,"",3074SG,Rotterdam
Beverstraat,83,E,"",3074SG,Rotterdam
Beverstraat,83,F,"",3074SG,Rotterdam
Beverstraat,85,"","",3074SG,Rotterdam
Beverstraat,87,A,"",3074SG,Rotterdam
Beverstraat,87,B,"",3074SG,Rotterdam
Beverstraat,87,C,"",3074SG,Rotterdam
Beverstraat,87,D,"",3074SG,Rotterdam
Beverstraat,87,E,"",3074SG,Rotterdam
Beverstraat,89,"","",3074SG,Rotterdam
Beverstraat,89,"",BG,3074SG,Rotterdam
Beverstraat,91,"","",3074SG,Rotterdam
Beverstraat,91,"",BG,3074SG,Rotterdam
Beverstraat,93,A,"",3074SG,Rotterdam
Beverstraat,93,B,"",3074SG,Rotterdam
Beverstraat,93,C,"",3074SG,Rotterdam
Beverstraat,93,D,"",3074SG,Rotterdam
Beverstraat,93,E,"",3074SG,Rotterdam
Beverstraat,93,F,"",3074SG,Rotterdam
Beverstraat,117,"","",3074SJ,Rotterdam
Beverstraat,119,"","",3074SJ,Rotterdam
Beverstraat,121,"","",3074SJ,Rotterdam
Beverstraat,123,"","",3074SJ,Rotterdam
Beverstraat,125,"","",3074SJ,Rotterdam
Beverstraat,127,"","",3074SJ,Rotterdam
Beverstraat,129,"","",3074SJ,Rotterdam
Beverstraat,131,A,"",3074SJ,Rotterdam
Beverstraat,131,B,"",3074SJ,Rotterdam
Beverstraat,133,"","",3074SJ,Rotterdam
Beverstraat,135,A,"",3074SJ,Rotterdam
Beverstraat,135,B,"",3074SJ,Rotterdam
Beverstraat,137,"","",3074SJ,Rotterdam
Beverstraat,139,"","",3074SJ,Rotterdam
Beverstraat,141,"",B,3074SJ,Rotterdam
Beverstraat,141,"",C,3074SJ,Rotterdam
Beverstraat,141,A,"",3074SJ,Rotterdam
Beverstraat,141,B,"",3074SJ,Rotterdam
Beverstraat,141,B,"",3074SJ,Rotterdam
Beverstraat,141,B,"",3074SJ,Rotterdam
Beverstraat,141,C,"",3074SJ,Rotterdam
Beverstraat,141,C,"",3074SJ,Rotterdam
Beverstraat,143,"","",3074SK,Rotterdam
Beverstraat,145,"","",3074SK,Rotterdam
Beverstraat,147,"","",3074SK,Rotterdam
Beverstraat,149,"","",3074SK,Rotterdam
Beverstraat,151,"","",3074SK,Rotterdam
Beverstraat,153,"","",3074SK,Rotterdam
Beverstraat,153,A,"",3074SK,Rotterdam
Beverstraat,153,B,"",3074SK,Rotterdam
Beverstraat,155,A,"",3074SK,Rotterdam
Beverstraat,155,B,"",3074SK,Rotterdam
Beverstraat,157,"","",3074SK,Rotterdam
Beverstraat,159,"","",3074SK,Rotterdam
Beverstraat,159,A,"",3074SK,Rotterdam
Beverstraat,159,A,"",3074SK,Rotterdam
Beverstraat,159,B,"",3074SK,Rotterdam
Beverstraat,159,B,"",3074SK,Rotterdam
Beverstraat,161,"","",3074SK,Rotterdam
Beverstraat,163,"","",3074SL,Rotterdam
Vredesplein,100,"","",3074SN,Rotterdam
Vredesplein,101,"","",3074SN,Rotterdam
Vredesplein,102,"","",3074SN,Rotterdam
Vredesplein,103,"","",3074SN,Rotterdam
Vredesplein,104,"","",3074SN,Rotterdam
Vredesplein,105,"","",3074SN,Rotterdam
Vredesplein,106,"","",3074SN,Rotterdam
Vredesplein,107,"","",3074SN,Rotterdam
Vredesplein,108,"","",3074SN,Rotterdam
Vredesplein,109,"","",3074SN,Rotterdam
Vredesplein,110,"","",3074SN,Rotterdam
Vredesplein,111,"","",3074SN,Rotterdam
Vredesplein,112,"","",3074SN,Rotterdam
Vredesplein,113,"","",3074SN,Rotterdam
Vredesplein,114,"","",3074SN,Rotterdam
Vredesplein,115,"","",3074SN,Rotterdam
Vredesplein,116,"","",3074SN,Rotterdam
Vredesplein,117,"","",3074SN,Rotterdam
Vredesplein,118,"","",3074SN,Rotterdam
Vredesplein,119,"","",3074SN,Rotterdam
Vredesplein,120,"","",3074SN,Rotterdam
Vredesplein,121,"","",3074SN,Rotterdam
Vredesplein,122,"","",3074SN,Rotterdam
Vredesplein,123,"","",3074SN,Rotterdam
Vredesplein,124,"","",3074SN,Rotterdam
Vredesplein,125,"","",3074SN,Rotterdam
Vredesplein,126,"","",3074SN,Rotterdam
Vredesplein,127,"","",3074SN,Rotterdam
Vredesplein,128,"","",3074SN,Rotterdam
Vredesplein,129,"","",3074SN,Rotterdam
Colosseumweg,13,"","",3074SN,Rotterdam
Vredesplein,130,"","",3074SN,Rotterdam
Vredesplein,131,"","",3074SN,Rotterdam
Vredesplein,132,"","",3074SN,Rotterdam
Vredesplein,133,"","",3074SN,Rotterdam
Vredesplein,134,"","",3074SN,Rotterdam
Vredesplein,135,"","",3074SN,Rotterdam
Vredesplein,136,"","",3074SN,Rotterdam
Vredesplein,137,"","",3074SN,Rotterdam
Vredesplein,138,"","",3074SN,Rotterdam
Vredesplein,139,"","",3074SN,Rotterdam
Vredesplein,140,"","",3074SN,Rotterdam
Vredesplein,141,"","",3074SN,Rotterdam
Vredesplein,142,"","",3074SN,Rotterdam
Vredesplein,143,"","",3074SN,Rotterdam
Vredesplein,144,"","",3074SN,Rotterdam
Vredesplein,145,"","",3074SN,Rotterdam
Vredesplein,146,"","",3074SN,Rotterdam
Vredesplein,147,"","",3074SN,Rotterdam
Vredesplein,148,"","",3074SN,Rotterdam
Vredesplein,149,"","",3074SN,Rotterdam
Vredesplein,150,"","",3074SN,Rotterdam
Vredesplein,151,"","",3074SN,Rotterdam
Vredesplein,152,"","",3074SN,Rotterdam
Vredesplein,153,"","",3074SN,Rotterdam
Vredesplein,154,"","",3074SN,Rotterdam
Vredesplein,155,"","",3074SN,Rotterdam
Vredesplein,156,"","",3074SN,Rotterdam
Vredesplein,157,"","",3074SN,Rotterdam
Vredesplein,20,"","",3074SN,Rotterdam
Vredesplein,21,"","",3074SN,Rotterdam
Vredesplein,22,"","",3074SN,Rotterdam
Vredesplein,22,"","",3074SN,Rotterdam
Vredesplein,23,"","",3074SN,Rotterdam
Vredesplein,23,"","",3074SN,Rotterdam
Vredesplein,24,"","",3074SN,Rotterdam
Vredesplein,24,"","",3074SN,Rotterdam
Vredesplein,25,"","",3074SN,Rotterdam
Vredesplein,25,"","",3074SN,Rotterdam
Vredesplein,26,"","",3074SN,Rotterdam
Vredesplein,26,"","",3074SN,Rotterdam
Vredesplein,27,"","",3074SN,Rotterdam
Vredesplein,27,"","",3074SN,Rotterdam
Vredesplein,28,"","",3074SN,Rotterdam
Vredesplein,28,"","",3074SN,Rotterdam
Vredesplein,29,"","",3074SN,Rotterdam
Vredesplein,29,"","",3074SN,Rotterdam
Vredesplein,30,"","",3074SN,Rotterdam
Vredesplein,30,"","",3074SN,Rotterdam
Vredesplein,31,"","",3074SN,Rotterdam
Vredesplein,31,"","",3074SN,Rotterdam
Vredesplein,32,"","",3074SN,Rotterdam
Vredesplein,32,"","",3074SN,Rotterdam
Vredesplein,33,"","",3074SN,Rotterdam
Vredesplein,33,"","",3074SN,Rotterdam
Vredesplein,34,"","",3074SN,Rotterdam
Vredesplein,34,"","",3074SN,Rotterdam
Vredesplein,35,"","",3074SN,Rotterdam
Vredesplein,35,"","",3074SN,Rotterdam
Vredesplein,36,"","",3074SN,Rotterdam
Vredesplein,36,"","",3074SN,Rotterdam
Vredesplein,37,"","",3074SN,Rotterdam
Vredesplein,38,"","",3074SN,Rotterdam
Vredesplein,39,"","",3074SN,Rotterdam
Vredesplein,40,"","",3074SN,Rotterdam
Vredesplein,41,"","",3074SN,Rotterdam
Vredesplein,42,"","",3074SN,Rotterdam
Vredesplein,43,"","",3074SN,Rotterdam
Vredesplein,44,"","",3074SN,Rotterdam
Vredesplein,45,"","",3074SN,Rotterdam
Vredesplein,46,"","",3074SN,Rotterdam
Vredesplein,47,"","",3074SN,Rotterdam
Vredesplein,48,"","",3074SN,Rotterdam
Vredesplein,49,"","",3074SN,Rotterdam
Vredesplein,50,"","",3074SN,Rotterdam
Vredesplein,51,"","",3074SN,Rotterdam
Vredesplein,52,"","",3074SN,Rotterdam
Vredesplein,53,"","",3074SN,Rotterdam
Vredesplein,54,"","",3074SN,Rotterdam
Vredesplein,55,"","",3074SN,Rotterdam
Vredesplein,56,"","",3074SN,Rotterdam
Vredesplein,57,"","",3074SN,Rotterdam
Vredesplein,58,"","",3074SN,Rotterdam
Vredesplein,59,"","",3074SN,Rotterdam
Vredesplein,60,"","",3074SN,Rotterdam
Vredesplein,61,"","",3074SN,Rotterdam
Vredesplein,62,"","",3074SN,Rotterdam
Vredesplein,63,"","",3074SN,Rotterdam
Vredesplein,64,"","",3074SN,Rotterdam
Vredesplein,65,"","",3074SN,Rotterdam
Vredesplein,66,"","",3074SN,Rotterdam
Vredesplein,67,"","",3074SN,Rotterdam
Vredesplein,68,"","",3074SN,Rotterdam
Vredesplein,69,"","",3074SN,Rotterdam
Vredesplein,7,"","",3074SN,Rotterdam
Vredesplein,70,"","",3074SN,Rotterdam
Vredesplein,71,"","",3074SN,Rotterdam
Vredesplein,72,"","",3074SN,Rotterdam
Vredesplein,73,"","",3074SN,Rotterdam
Vredesplein,74,"","",3074SN,Rotterdam
Vredesplein,75,"","",3074SN,Rotterdam
Vredesplein,76,"","",3074SN,Rotterdam
Vredesplein,77,"","",3074SN,Rotterdam
Vredesplein,78,"","",3074SN,Rotterdam
Vredesplein,79,"","",3074SN,Rotterdam
Vredesplein,80,"","",3074SN,Rotterdam
Vredesplein,81,"","",3074SN,Rotterdam
Vredesplein,82,"","",3074SN,Rotterdam
Vredesplein,83,"","",3074SN,Rotterdam
Vredesplein,84,"","",3074SN,Rotterdam
Vredesplein,85,"","",3074SN,Rotterdam
Vredesplein,86,"","",3074SN,Rotterdam
Vredesplein,87,"","",3074SN,Rotterdam
Vredesplein,88,"","",3074SN,Rotterdam
Vredesplein,89,"","",3074SN,Rotterdam
Vredesplein,90,"","",3074SN,Rotterdam
Vredesplein,91,"","",3074SN,Rotterdam
Vredesplein,92,"","",3074SN,Rotterdam
Vredesplein,93,"","",3074SN,Rotterdam
Vredesplein,94,"","",3074SN,Rotterdam
Vredesplein,95,"","",3074SN,Rotterdam
Vredesplein,96,"","",3074SN,Rotterdam
Vredesplein,97,"","",3074SN,Rotterdam
Vredesplein,98,"","",3074SN,Rotterdam
Vredesplein,99,"","",3074SN,Rotterdam
Beverstraat,48,"","",3074SP,Rotterdam
Beverstraat,50,"","",3074SP,Rotterdam
Beverstraat,52,"","",3074SP,Rotterdam
Beverstraat,54,"","",3074SP,Rotterdam
Beverstraat,56,"","",3074SP,Rotterdam
Beverstraat,58,"","",3074SP,Rotterdam
Beverstraat,60,"","",3074SP,Rotterdam
Beverstraat,62,"","",3074SP,Rotterdam
Beverstraat,64,"","",3074SP,Rotterdam
Beverstraat,66,"","",3074SP,Rotterdam
Beverstraat,68,"","",3074SP,Rotterdam
Beverstraat,70,"","",3074SP,Rotterdam
Beverstraat,72,A,"",3074SP,Rotterdam
Beverstraat,72,B,"",3074SP,Rotterdam
Beverstraat,74,"","",3074SP,Rotterdam
Beverstraat,74,"",BG,3074SP,Rotterdam
Beverstraat,76,"","",3074SP,Rotterdam
Beverstraat,78,"","",3074SP,Rotterdam
Beverstraat,100,A,"",3074SR,Rotterdam
Beverstraat,100,B,"",3074SR,Rotterdam
Beverstraat,102,A,"",3074SR,Rotterdam
Beverstraat,102,B,"",3074SR,Rotterdam
Beverstraat,104,A,"",3074SR,Rotterdam
Beverstraat,104,B,"",3074SR,Rotterdam
Beverstraat,80,"","",3074SR,Rotterdam
Beverstraat,82,A,"",3074SR,Rotterdam
Beverstraat,82,B,"",3074SR,Rotterdam
Beverstraat,82,C,"",3074SR,Rotterdam
Beverstraat,82,D,"",3074SR,Rotterdam
Beverstraat,82,E,"",3074SR,Rotterdam
Beverstraat,84,"","",3074SR,Rotterdam
Beverstraat,86,A,"",3074SR,Rotterdam
Beverstraat,86,B,"",3074SR,Rotterdam
Beverstraat,86,C,"",3074SR,Rotterdam
Beverstraat,86,D,"",3074SR,Rotterdam
Beverstraat,86,E,"",3074SR,Rotterdam
Beverstraat,88,"","",3074SR,Rotterdam
Beverstraat,90,A,"",3074SR,Rotterdam
Beverstraat,90,B,"",3074SR,Rotterdam
Beverstraat,90,C,"",3074SR,Rotterdam
Beverstraat,90,D,"",3074SR,Rotterdam
Beverstraat,90,E,"",3074SR,Rotterdam
Beverstraat,92,"","",3074SR,Rotterdam
Beverstraat,94,"","",3074SR,Rotterdam
Beverstraat,96,"","",3074SR,Rotterdam
Beverstraat,96,"",BG,3074SR,Rotterdam
Beverstraat,98,"","",3074SR,Rotterdam
Beverstraat,110,"","",3074ST,Rotterdam
Beverstraat,112,"","",3074ST,Rotterdam
Beverstraat,114,"","",3074ST,Rotterdam
Beverstraat,116,"","",3074ST,Rotterdam
Beverstraat,118,"","",3074ST,Rotterdam
Beverstraat,120,"","",3074ST,Rotterdam
Beverstraat,120,"",BG,3074ST,Rotterdam
Beverstraat,122,"","",3074ST,Rotterdam
Beverstraat,124,"","",3074SV,Rotterdam
Beverstraat,126,"","",3074SV,Rotterdam
Beverstraat,128,"","",3074SV,Rotterdam
Beverstraat,130,"","",3074SV,Rotterdam
Beverstraat,132,"","",3074SV,Rotterdam
Beverstraat,134,"","",3074SV,Rotterdam
Beverstraat,136,"","",3074SW,Rotterdam
Beverstraat,138,"","",3074SW,Rotterdam
Beverstraat,140,"","",3074SW,Rotterdam
Beverstraat,142,"","",3074SW,Rotterdam
Beverstraat,144,"","",3074SW,Rotterdam
Beverstraat,146,"","",3074SW,Rotterdam
Beverstraat,148,"","",3074SW,Rotterdam
Beverstraat,150,"","",3074SW,Rotterdam
Beverstraat,152,"","",3074SW,Rotterdam
Beverstraat,154,"","",3074SW,Rotterdam
Beverstraat,156,"","",3074SW,Rotterdam
Beverstraat,158,"","",3074SW,Rotterdam
Beverstraat,160,"","",3074SW,Rotterdam
Beverstraat,162,"","",3074SW,Rotterdam
Beverstraat,164,"","",3074SW,Rotterdam
Beverstraat,166,"","",3074SW,Rotterdam
Beverstraat,168,"","",3074SW,Rotterdam
Beverstraat,170,"","",3074SW,Rotterdam
Beverstraat,172,"","",3074SW,Rotterdam
Beverstraat,174,"","",3074SW,Rotterdam
Beverstraat,176,"","",3074SW,Rotterdam
Beverstraat,178,"","",3074SW,Rotterdam
Beverstraat,180,"","",3074SW,Rotterdam
Beverstraat,182,"","",3074SW,Rotterdam
Beverstraat,184,"","",3074SW,Rotterdam
Beverstraat,186,"","",3074SW,Rotterdam
Beverstraat,188,"","",3074SW,Rotterdam
Beverstraat,190,"","",3074SW,Rotterdam
Beverstraat,192,"","",3074SW,Rotterdam
Beverstraat,194,"","",3074SW,Rotterdam
Beverstraat,196,"","",3074SW,Rotterdam
Beverstraat,198,"","",3074SW,Rotterdam
Beverstraat,200,"","",3074SW,Rotterdam
Beverstraat,202,"","",3074SW,Rotterdam
Beverstraat,204,"","",3074SW,Rotterdam
Beverstraat,206,"","",3074SW,Rotterdam
Beverstraat,208,"","",3074SW,Rotterdam
Beverstraat,210,"","",3074SW,Rotterdam
Beverstraat,212,"","",3074SW,Rotterdam
Beverstraat,214,"","",3074SW,Rotterdam
Beverstraat,216,"","",3074SW,Rotterdam
Beverstraat,218,"","",3074SW,Rotterdam
Beverstraat,220,"","",3074SW,Rotterdam
Beverstraat,222,"","",3074SW,Rotterdam
Beverstraat,224,"","",3074SW,Rotterdam
Beverstraat,226,"","",3074SW,Rotterdam
Beverstraat,228,"","",3074SW,Rotterdam
Beverstraat,230,"","",3074SW,Rotterdam
Beverstraat,232,"","",3074SW,Rotterdam
Beverstraat,234,"","",3074SW,Rotterdam
Beverstraat,236,"","",3074SW,Rotterdam
Brabantseplein,2,"","",3074SX,Rotterdam
Laantjesweg,1,"","",3074SZ,Rotterdam
Laantjesweg,1,"","",3074SZ,Rotterdam
Laantjesweg,101,"","",3074SZ,Rotterdam
Laantjesweg,103,"","",3074SZ,Rotterdam
Laantjesweg,105,"","",3074SZ,Rotterdam
Laantjesweg,107,"","",3074SZ,Rotterdam
Laantjesweg,109,"","",3074SZ,Rotterdam
Laantjesweg,111,"","",3074SZ,Rotterdam
Laantjesweg,113,"","",3074SZ,Rotterdam
Laantjesweg,115,"","",3074SZ,Rotterdam
Laantjesweg,117,"","",3074SZ,Rotterdam
Laantjesweg,119,"","",3074SZ,Rotterdam
Laantjesweg,121,"","",3074SZ,Rotterdam
Laantjesweg,123,"","",3074SZ,Rotterdam
Laantjesweg,125,"","",3074SZ,Rotterdam
Laantjesweg,127,"","",3074SZ,Rotterdam
Laantjesweg,129,"","",3074SZ,Rotterdam
Laantjesweg,131,"","",3074SZ,Rotterdam
Laantjesweg,133,"","",3074SZ,Rotterdam
Laantjesweg,135,"","",3074SZ,Rotterdam
Laantjesweg,137,"","",3074SZ,Rotterdam
Laantjesweg,139,"","",3074SZ,Rotterdam
Laantjesweg,141,"","",3074SZ,Rotterdam
Laantjesweg,143,"","",3074SZ,Rotterdam
Laantjesweg,145,"","",3074SZ,Rotterdam
Laantjesweg,147,"","",3074SZ,Rotterdam
Laantjesweg,149,"","",3074SZ,Rotterdam
Laantjesweg,151,"","",3074SZ,Rotterdam
Laantjesweg,153,"","",3074SZ,Rotterdam
Laantjesweg,155,"","",3074SZ,Rotterdam
Laantjesweg,157,"","",3074SZ,Rotterdam
Laantjesweg,159,"","",3074SZ,Rotterdam
Laantjesweg,161,"","",3074SZ,Rotterdam
Laantjesweg,163,"","",3074SZ,Rotterdam
Laantjesweg,165,"","",3074SZ,Rotterdam
Laantjesweg,167,"","",3074SZ,Rotterdam
Laantjesweg,169,"","",3074SZ,Rotterdam
Laantjesweg,171,"","",3074SZ,Rotterdam
Laantjesweg,173,"","",3074SZ,Rotterdam
Laantjesweg,175,"","",3074SZ,Rotterdam
Laantjesweg,177,"","",3074SZ,Rotterdam
Laantjesweg,179,"","",3074SZ,Rotterdam
Laantjesweg,181,"","",3074SZ,Rotterdam
Laantjesweg,183,"","",3074SZ,Rotterdam
Laantjesweg,185,"","",3074SZ,Rotterdam
Laantjesweg,187,"","",3074SZ,Rotterdam
Laantjesweg,189,"","",3074SZ,Rotterdam
Laantjesweg,191,"","",3074SZ,Rotterdam
Laantjesweg,193,"","",3074SZ,Rotterdam
Laantjesweg,195,"","",3074SZ,Rotterdam
Laantjesweg,197,"","",3074SZ,Rotterdam
Laantjesweg,199,"","",3074SZ,Rotterdam
Laantjesweg,201,"","",3074SZ,Rotterdam
Laantjesweg,203,"","",3074SZ,Rotterdam
Laantjesweg,205,"","",3074SZ,Rotterdam
Laantjesweg,207,"","",3074SZ,Rotterdam
Laantjesweg,209,"","",3074SZ,Rotterdam
Laantjesweg,211,"","",3074SZ,Rotterdam
Laantjesweg,213,"","",3074SZ,Rotterdam
Laantjesweg,215,"","",3074SZ,Rotterdam
Laantjesweg,217,"","",3074SZ,Rotterdam
Laantjesweg,219,"","",3074SZ,Rotterdam
Laantjesweg,221,"","",3074SZ,Rotterdam
Laantjesweg,223,"","",3074SZ,Rotterdam
Laantjesweg,225,"","",3074SZ,Rotterdam
Laantjesweg,227,"","",3074SZ,Rotterdam
Laantjesweg,229,"","",3074SZ,Rotterdam
Laantjesweg,230,"","",3074SZ,Rotterdam
Laantjesweg,231,"","",3074SZ,Rotterdam
Laantjesweg,233,"","",3074SZ,Rotterdam
Laantjesweg,235,"","",3074SZ,Rotterdam
Laantjesweg,59,"","",3074SZ,Rotterdam
Laantjesweg,61,"","",3074SZ,Rotterdam
Laantjesweg,63,"","",3074SZ,Rotterdam
Laantjesweg,65,"","",3074SZ,Rotterdam
Laantjesweg,67,"","",3074SZ,Rotterdam
Laantjesweg,69,"","",3074SZ,Rotterdam
Laantjesweg,71,"","",3074SZ,Rotterdam
Laantjesweg,73,"","",3074SZ,Rotterdam
Laantjesweg,75,"","",3074SZ,Rotterdam
Laantjesweg,77,"","",3074SZ,Rotterdam
Laantjesweg,79,"","",3074SZ,Rotterdam
Laantjesweg,81,"","",3074SZ,Rotterdam
Laantjesweg,83,"","",3074SZ,Rotterdam
Laantjesweg,85,"","",3074SZ,Rotterdam
Laantjesweg,87,"","",3074SZ,Rotterdam
Laantjesweg,89,"","",3074SZ,Rotterdam
Laantjesweg,91,"","",3074SZ,Rotterdam
Laantjesweg,93,"","",3074SZ,Rotterdam
Laantjesweg,95,"","",3074SZ,Rotterdam
Laantjesweg,97,"","",3074SZ,Rotterdam
Laantjesweg,99,"","",3074SZ,Rotterdam
Drentsestraat,2,A,"",3074TB,Rotterdam
Drentsestraat,2,B,"",3074TB,Rotterdam
Drentsestraat,2,C,"",3074TB,Rotterdam
Drentsestraat,3,"",BG,3074TB,Rotterdam
Drentsestraat,3,A,"",3074TB,Rotterdam
Drentsestraat,3,B,"",3074TB,Rotterdam
Drentsestraat,3,C,"",3074TB,Rotterdam
Drentsestraat,3,D,"",3074TB,Rotterdam
Drentsestraat,4,"","",3074TB,Rotterdam
Drentsestraat,4,"","",3074TB,Rotterdam
Drentsestraat,6,"","",3074TB,Rotterdam
Drentsestraat,6,"","",3074TB,Rotterdam
Drentsestraat,6,"",BG,3074TB,Rotterdam
Drentsestraat,7,"","",3074TB,Rotterdam
Drentsestraat,9,"","",3074TB,Rotterdam
Friesestraat,11,A,"",3074TC,Rotterdam
Friesestraat,11,B,"",3074TC,Rotterdam
Friesestraat,13,A,"",3074TC,Rotterdam
Friesestraat,13,B,"",3074TC,Rotterdam
Friesestraat,15,"","",3074TC,Rotterdam
Friesestraat,17,A,"",3074TC,Rotterdam
Friesestraat,17,B,"",3074TC,Rotterdam
Friesestraat,19,"","",3074TC,Rotterdam
Friesestraat,19,A,"",3074TC,Rotterdam
Friesestraat,19,B,"",3074TC,Rotterdam
Friesestraat,21,"","",3074TC,Rotterdam
Friesestraat,23,"","",3074TC,Rotterdam
Friesestraat,25,"","",3074TC,Rotterdam
Friesestraat,29,"","",3074TC,Rotterdam
Friesestraat,3,A,01,3074TC,Rotterdam
Friesestraat,3,A,02,3074TC,Rotterdam
Friesestraat,3,A,02,3074TC,Rotterdam
Friesestraat,3,A,03,3074TC,Rotterdam
Friesestraat,3,B,"",3074TC,Rotterdam
Friesestraat,5,A,"",3074TC,Rotterdam
Friesestraat,5,B,"",3074TC,Rotterdam
Friesestraat,7,"","",3074TC,Rotterdam
Friesestraat,7,"",BG,3074TC,Rotterdam
Friesestraat,9,A,"",3074TC,Rotterdam
Friesestraat,9,B,"",3074TC,Rotterdam
Friesestraat,31,"","",3074TD,Rotterdam
Friesestraat,31,A,"",3074TD,Rotterdam
Friesestraat,31,A,"",3074TD,Rotterdam
Friesestraat,31,A,"",3074TD,Rotterdam
Friesestraat,31,B,"",3074TD,Rotterdam
Friesestraat,31,B,"",3074TD,Rotterdam
Friesestraat,33,"","",3074TD,Rotterdam
Friesestraat,35,"","",3074TD,Rotterdam
Friesestraat,37,"","",3074TD,Rotterdam
Friesestraat,37,A,"",3074TD,Rotterdam
Friesestraat,37,B,"",3074TD,Rotterdam
Friesestraat,39,"","",3074TD,Rotterdam
Friesestraat,41,"","",3074TD,Rotterdam
Friesestraat,43,"","",3074TD,Rotterdam
Friesestraat,43,A,"",3074TD,Rotterdam
Friesestraat,43,B,"",3074TD,Rotterdam
Friesestraat,45,"","",3074TD,Rotterdam
Friesestraat,47,"","",3074TD,Rotterdam
Friesestraat,49,A,"",3074TD,Rotterdam
Friesestraat,49,B,"",3074TD,Rotterdam
Friesestraat,49,B,"",3074TD,Rotterdam
Friesestraat,51,"","",3074TD,Rotterdam
Friesestraat,51,A,"",3074TD,Rotterdam
Friesestraat,53,A,"",3074TD,Rotterdam
Friesestraat,53,B,"",3074TD,Rotterdam
Friesestraat,55,A,"",3074TD,Rotterdam
Friesestraat,55,B,"",3074TD,Rotterdam
Friesestraat,10,"","",3074TE,Rotterdam
Friesestraat,12,"","",3074TE,Rotterdam
Friesestraat,14,A,"",3074TE,Rotterdam
Friesestraat,14,B,"",3074TE,Rotterdam
Friesestraat,16,A,"",3074TE,Rotterdam
Friesestraat,16,B,"",3074TE,Rotterdam
Friesestraat,18,A,"",3074TE,Rotterdam
Friesestraat,18,B,"",3074TE,Rotterdam
Friesestraat,2,"","",3074TE,Rotterdam
Friesestraat,20,A,"",3074TE,Rotterdam
Friesestraat,20,B,"",3074TE,Rotterdam
Friesestraat,22,A,"",3074TE,Rotterdam
Friesestraat,22,B,"",3074TE,Rotterdam
Friesestraat,24,"","",3074TE,Rotterdam
Friesestraat,26,"","",3074TE,Rotterdam
Friesestraat,4,"","",3074TE,Rotterdam
Friesestraat,6,"","",3074TE,Rotterdam
Friesestraat,8,"","",3074TE,Rotterdam
Friesestraat,28,"","",3074TG,Rotterdam
Friesestraat,30,"","",3074TG,Rotterdam
Friesestraat,32,"","",3074TG,Rotterdam
Friesestraat,34,"","",3074TG,Rotterdam
Friesestraat,36,"","",3074TG,Rotterdam
Friesestraat,38,"","",3074TG,Rotterdam
Friesestraat,40,"","",3074TG,Rotterdam
Hollandsestraat,1,A,"",3074TH,Rotterdam
Hollandsestraat,1,B,"",3074TH,Rotterdam
Hollandsestraat,1,C,"",3074TH,Rotterdam
Hollandsestraat,11,A,01,3074TH,Rotterdam
Hollandsestraat,11,A,02,3074TH,Rotterdam
Hollandsestraat,11,B,"",3074TH,Rotterdam
Hollandsestraat,11,B,"",3074TH,Rotterdam
Hollandsestraat,15,"",KE,3074TH,Rotterdam
Hollandsestraat,15,A,"",3074TH,Rotterdam
Hollandsestraat,15,B,"",3074TH,Rotterdam
Hollandsestraat,15,C,"",3074TH,Rotterdam
Hollandsestraat,15,D,"",3074TH,Rotterdam
Hollandsestraat,15,E,"",3074TH,Rotterdam
Hollandsestraat,15,F,"",3074TH,Rotterdam
Hollandsestraat,17,A,"",3074TH,Rotterdam
Hollandsestraat,17,B,"",3074TH,Rotterdam
Hollandsestraat,17,C,"",3074TH,Rotterdam
Hollandsestraat,17,D,"",3074TH,Rotterdam
Hollandsestraat,17,E,"",3074TH,Rotterdam
Hollandsestraat,17,F,"",3074TH,Rotterdam
Hollandsestraat,17,G,"",3074TH,Rotterdam
Hollandsestraat,17,H,"",3074TH,Rotterdam
Hollandsestraat,17,J,"",3074TH,Rotterdam
Hollandsestraat,17,K,"",3074TH,Rotterdam
Hollandsestraat,17,L,"",3074TH,Rotterdam
Hollandsestraat,17,M,"",3074TH,Rotterdam
Hollandsestraat,17,N,"",3074TH,Rotterdam
Hollandsestraat,17,P,"",3074TH,Rotterdam
Hollandsestraat,17,Q,"",3074TH,Rotterdam
Hollandsestraat,19,A,"",3074TH,Rotterdam
Hollandsestraat,19,B,"",3074TH,Rotterdam
Hollandsestraat,19,C,"",3074TH,Rotterdam
Hollandsestraat,19,D,"",3074TH,Rotterdam
Hollandsestraat,19,E,"",3074TH,Rotterdam
Hollandsestraat,19,F,"",3074TH,Rotterdam
Hollandsestraat,19,G,"",3074TH,Rotterdam
Hollandsestraat,19,H,"",3074TH,Rotterdam
Hollandsestraat,19,J,"",3074TH,Rotterdam
Hollandsestraat,19,K,"",3074TH,Rotterdam
Hollandsestraat,19,L,"",3074TH,Rotterdam
Hollandsestraat,19,M,"",3074TH,Rotterdam
Hollandsestraat,19,N,"",3074TH,Rotterdam
Hollandsestraat,19,P,"",3074TH,Rotterdam
Hollandsestraat,19,Q,"",3074TH,Rotterdam
Hollandsestraat,19,R,"",3074TH,Rotterdam
Hollandsestraat,21,A,"",3074TH,Rotterdam
Hollandsestraat,21,B,"",3074TH,Rotterdam
Hollandsestraat,21,C,"",3074TH,Rotterdam
Hollandsestraat,21,D,"",3074TH,Rotterdam
Hollandsestraat,21,E,"",3074TH,Rotterdam
Hollandsestraat,21,F,"",3074TH,Rotterdam
Hollandsestraat,21,G,"",3074TH,Rotterdam
Hollandsestraat,21,H,"",3074TH,Rotterdam
Hollandsestraat,21,J,"",3074TH,Rotterdam
Hollandsestraat,21,K,"",3074TH,Rotterdam
Hollandsestraat,21,L,"",3074TH,Rotterdam
Hollandsestraat,21,M,"",3074TH,Rotterdam
Hollandsestraat,21,N,"",3074TH,Rotterdam
Hollandsestraat,21,P,"",3074TH,Rotterdam
Hollandsestraat,21,Q,"",3074TH,Rotterdam
Hollandsestraat,23,A,"",3074TH,Rotterdam
Hollandsestraat,23,B,"",3074TH,Rotterdam
Hollandsestraat,23,C,"",3074TH,Rotterdam
Hollandsestraat,23,D,"",3074TH,Rotterdam
Hollandsestraat,23,E,"",3074TH,Rotterdam
Hollandsestraat,23,F,"",3074TH,Rotterdam
Hollandsestraat,23,G,"",3074TH,Rotterdam
Hollandsestraat,23,H,"",3074TH,Rotterdam
Hollandsestraat,23,J,"",3074TH,Rotterdam
Hollandsestraat,3,"","",3074TH,Rotterdam
Hollandsestraat,5,A,"",3074TH,Rotterdam
Hollandsestraat,5,B,"",3074TH,Rotterdam
Hollandsestraat,5,C,"",3074TH,Rotterdam
Hollandsestraat,5,D,"",3074TH,Rotterdam
Hollandsestraat,5,E,"",3074TH,Rotterdam
Hollandsestraat,7,"","",3074TH,Rotterdam
Hollandsestraat,9,A,01,3074TH,Rotterdam
Hollandsestraat,9,A,02,3074TH,Rotterdam
Hollandsestraat,9,A,02,3074TH,Rotterdam
Hollandsestraat,9,A,03,3074TH,Rotterdam
Hollandsestraat,9,B,"",3074TH,Rotterdam
Hollandsestraat,9,B,"",3074TH,Rotterdam
Hollandsestraat,25,"","",3074TJ,Rotterdam
Hollandsestraat,27,A,"",3074TJ,Rotterdam
Hollandsestraat,27,B,"",3074TJ,Rotterdam
Hollandsestraat,27,C,"",3074TJ,Rotterdam
Hollandsestraat,29,A,"",3074TJ,Rotterdam
Hollandsestraat,29,B,"",3074TJ,Rotterdam
Hollandsestraat,29,C,"",3074TJ,Rotterdam
Hollandsestraat,31,"",BG,3074TJ,Rotterdam
Hollandsestraat,31,A,"",3074TJ,Rotterdam
Hollandsestraat,31,B,"",3074TJ,Rotterdam
Hollandsestraat,31,C,"",3074TJ,Rotterdam
Hollandsestraat,31,D,"",3074TJ,Rotterdam
Hollandsestraat,33,A,"",3074TJ,Rotterdam
Hollandsestraat,33,B,"",3074TJ,Rotterdam
Hollandsestraat,33,C,"",3074TJ,Rotterdam
Hollandsestraat,33,D,"",3074TJ,Rotterdam
Hollandsestraat,35,A,"",3074TJ,Rotterdam
Hollandsestraat,35,B,"",3074TJ,Rotterdam
Hollandsestraat,35,C,"",3074TJ,Rotterdam
Hollandsestraat,35,D,"",3074TJ,Rotterdam
Hollandsestraat,37,A,"",3074TJ,Rotterdam
Hollandsestraat,37,B,"",3074TJ,Rotterdam
Hollandsestraat,37,C,"",3074TJ,Rotterdam
Hollandsestraat,37,D,"",3074TJ,Rotterdam
Hollandsestraat,43,"","",3074TJ,Rotterdam
Hollandsestraat,45,"","",3074TJ,Rotterdam
Hollandsestraat,47,"","",3074TJ,Rotterdam
Hollandsestraat,49,"","",3074TJ,Rotterdam
Hollandsestraat,51,"","",3074TJ,Rotterdam
Hollandsestraat,53,"","",3074TJ,Rotterdam
Hollandsestraat,55,"","",3074TJ,Rotterdam
Hollandsestraat,57,"","",3074TJ,Rotterdam
Hollandsestraat,59,"","",3074TJ,Rotterdam
Hollandsestraat,61,"","",3074TJ,Rotterdam
Hollandsestraat,63,"","",3074TJ,Rotterdam
Hollandsestraat,65,"","",3074TJ,Rotterdam
Hollandsestraat,67,"","",3074TJ,Rotterdam
Hollandsestraat,69,"","",3074TJ,Rotterdam
Hollandsestraat,71,"","",3074TJ,Rotterdam
Hollandsestraat,73,"","",3074TJ,Rotterdam
Hollandsestraat,75,"","",3074TJ,Rotterdam
Hollandsestraat,77,"","",3074TJ,Rotterdam
Hollandsestraat,79,"","",3074TJ,Rotterdam
Hollandsestraat,101,"","",3074TK,Rotterdam
Hollandsestraat,103,"","",3074TK,Rotterdam
Hollandsestraat,105,"","",3074TK,Rotterdam
Hollandsestraat,107,"","",3074TK,Rotterdam
Hollandsestraat,109,"","",3074TK,Rotterdam
Hollandsestraat,111,"","",3074TK,Rotterdam
Hollandsestraat,113,"","",3074TK,Rotterdam
Hollandsestraat,115,"","",3074TK,Rotterdam
Hollandsestraat,117,"","",3074TK,Rotterdam
Hollandsestraat,119,"","",3074TK,Rotterdam
Hollandsestraat,121,"","",3074TK,Rotterdam
Hollandsestraat,123,"","",3074TK,Rotterdam
Hollandsestraat,81,A,"",3074TK,Rotterdam
Hollandsestraat,81,B,"",3074TK,Rotterdam
Hollandsestraat,81,C,"",3074TK,Rotterdam
Hollandsestraat,81,D,"",3074TK,Rotterdam
Hollandsestraat,85,A,"",3074TK,Rotterdam
Hollandsestraat,85,B,"",3074TK,Rotterdam
Hollandsestraat,87,A,"",3074TK,Rotterdam
Hollandsestraat,87,B,"",3074TK,Rotterdam
Hollandsestraat,89,A,"",3074TK,Rotterdam
Hollandsestraat,89,B,"",3074TK,Rotterdam
Hollandsestraat,91,"","",3074TK,Rotterdam
Hollandsestraat,93,"","",3074TK,Rotterdam
Hollandsestraat,95,"","",3074TK,Rotterdam
Hollandsestraat,97,"","",3074TK,Rotterdam
Hollandsestraat,99,"","",3074TK,Rotterdam
Hollandsestraat,2,"","",3074TL,Rotterdam
Hollandsestraat,4,"","",3074TL,Rotterdam
Hollandsestraat,6,"","",3074TL,Rotterdam
Hollandsestraat,6,"",BG,3074TL,Rotterdam
Hollandsestraat,8,"","",3074TL,Rotterdam
Limburgsestraat,6,"","",3074TM,Rotterdam
Hollandsestraat,74,"","",3074TM,Rotterdam
Stichtseplein,1,"","",3074TN,Rotterdam
Stichtseplein,10,A,"",3074TN,Rotterdam
Stichtseplein,10,B,"",3074TN,Rotterdam
Stichtseplein,11,"","",3074TN,Rotterdam
Stichtseplein,12,A,"",3074TN,Rotterdam
Stichtseplein,12,B,"",3074TN,Rotterdam
Stichtseplein,13,A,"",3074TN,Rotterdam
Stichtseplein,13,A,02,3074TN,Rotterdam
Stichtseplein,13,B,"",3074TN,Rotterdam
Stichtseplein,14,A,"",3074TN,Rotterdam
Stichtseplein,14,B,"",3074TN,Rotterdam
Stichtseplein,15,A,"",3074TN,Rotterdam
Stichtseplein,15,B,"",3074TN,Rotterdam
Stichtseplein,2,A,"",3074TN,Rotterdam
Stichtseplein,2,B,"",3074TN,Rotterdam
Stichtseplein,3,"","",3074TN,Rotterdam
Stichtseplein,6,A,"",3074TN,Rotterdam
Stichtseplein,6,B,"",3074TN,Rotterdam
Stichtseplein,7,A,"",3074TN,Rotterdam
Stichtseplein,7,B,"",3074TN,Rotterdam
Stichtseplein,8,"","",3074TN,Rotterdam
Stichtseplein,9,A,"",3074TN,Rotterdam
Stichtseplein,9,B,"",3074TN,Rotterdam
Utrechtsestraat,1,"","",3074TP,Rotterdam
Utrechtsestraat,11,A,"",3074TP,Rotterdam
Utrechtsestraat,11,B,"",3074TP,Rotterdam
Utrechtsestraat,13,A,"",3074TP,Rotterdam
Utrechtsestraat,13,B,"",3074TP,Rotterdam
Utrechtsestraat,15,A,"",3074TP,Rotterdam
Utrechtsestraat,15,B,"",3074TP,Rotterdam
Utrechtsestraat,17,A,"",3074TP,Rotterdam
Utrechtsestraat,17,B,"",3074TP,Rotterdam
Utrechtsestraat,3,A,"",3074TP,Rotterdam
Utrechtsestraat,3,B,"",3074TP,Rotterdam
Utrechtsestraat,5,A,"",3074TP,Rotterdam
Utrechtsestraat,5,B,"",3074TP,Rotterdam
Utrechtsestraat,7,A,"",3074TP,Rotterdam
Utrechtsestraat,7,B,"",3074TP,Rotterdam
Utrechtsestraat,9,"","",3074TP,Rotterdam
Utrechtsestraat,51,"","",3074TR,Rotterdam
Utrechtsestraat,53,"","",3074TR,Rotterdam
Utrechtsestraat,22,A,"",3074TS,Rotterdam
Utrechtsestraat,22,B,"",3074TS,Rotterdam
Utrechtsestraat,26,A,"",3074TS,Rotterdam
Utrechtsestraat,26,B,"",3074TS,Rotterdam
Utrechtsestraat,26,C,"",3074TS,Rotterdam
Utrechtsestraat,26,D,"",3074TS,Rotterdam
Utrechtsestraat,28,B,"",3074TS,Rotterdam
Utrechtsestraat,28,C,"",3074TS,Rotterdam
Utrechtsestraat,28,D,"",3074TS,Rotterdam
Utrechtsestraat,32,A,"",3074TS,Rotterdam
Utrechtsestraat,32,B,"",3074TS,Rotterdam
Utrechtsestraat,34,A,"",3074TS,Rotterdam
Utrechtsestraat,34,B,"",3074TS,Rotterdam
Utrechtsestraat,36,"","",3074TS,Rotterdam
Utrechtsestraat,36,A,"",3074TS,Rotterdam
Utrechtsestraat,36,B,"",3074TS,Rotterdam
Utrechtsestraat,4,"","",3074TS,Rotterdam
Zeeuwsestraat,1,"","",3074TT,Rotterdam
Zeeuwsestraat,1,"",BG,3074TT,Rotterdam
Zeeuwsestraat,2,"","",3074TT,Rotterdam
Zeeuwsestraat,4,"","",3074TT,Rotterdam
Zeeuwsestraat,5,"","",3074TT,Rotterdam
Overijselsestraat,1,"","",3074VA,Rotterdam
Overijselsestraat,49,"","",3074VA,Rotterdam
Overijselsestraat,5,A,"",3074VA,Rotterdam
Overijselsestraat,5,B,"",3074VA,Rotterdam
Overijselsestraat,101,A,"",3074VB,Rotterdam
Overijselsestraat,101,B,"",3074VB,Rotterdam
Overijselsestraat,101,C,"",3074VB,Rotterdam
Overijselsestraat,103,A,"",3074VB,Rotterdam
Overijselsestraat,103,B,"",3074VB,Rotterdam
Overijselsestraat,103,C,"",3074VB,Rotterdam
Overijselsestraat,77,A,"",3074VB,Rotterdam
Overijselsestraat,77,B,"",3074VB,Rotterdam
Overijselsestraat,79,A,"",3074VB,Rotterdam
Overijselsestraat,79,B,"",3074VB,Rotterdam
Overijselsestraat,81,A,"",3074VB,Rotterdam
Overijselsestraat,81,B,"",3074VB,Rotterdam
Overijselsestraat,83,"","",3074VB,Rotterdam
Overijselsestraat,85,"","",3074VB,Rotterdam
Overijselsestraat,87,A,"",3074VB,Rotterdam
Overijselsestraat,87,B,"",3074VB,Rotterdam
Overijselsestraat,87,C,"",3074VB,Rotterdam
Overijselsestraat,89,"","",3074VB,Rotterdam
Overijselsestraat,91,"","",3074VB,Rotterdam
Overijselsestraat,93,"","",3074VB,Rotterdam
Overijselsestraat,95,A,"",3074VB,Rotterdam
Overijselsestraat,95,B,"",3074VB,Rotterdam
Overijselsestraat,95,C,"",3074VB,Rotterdam
Overijselsestraat,97,A,"",3074VB,Rotterdam
Overijselsestraat,97,B,"",3074VB,Rotterdam
Overijselsestraat,97,C,"",3074VB,Rotterdam
Overijselsestraat,99,"","",3074VB,Rotterdam
Overijselsestraat,107,"","",3074VC,Rotterdam
Overijselsestraat,109,"","",3074VC,Rotterdam
Overijselsestraat,111,"","",3074VC,Rotterdam
Overijselsestraat,113,"","",3074VC,Rotterdam
Overijselsestraat,115,"","",3074VC,Rotterdam
Overijselsestraat,117,"","",3074VC,Rotterdam
Overijselsestraat,119,"","",3074VC,Rotterdam
Overijselsestraat,131,A,"",3074VC,Rotterdam
Overijselsestraat,131,A,BG,3074VC,Rotterdam
Overijselsestraat,131,B,"",3074VC,Rotterdam
Overijselsestraat,131,C,"",3074VC,Rotterdam
Overijselsestraat,131,D,"",3074VC,Rotterdam
Overijselsestraat,133,A,"",3074VC,Rotterdam
Overijselsestraat,133,B,"",3074VC,Rotterdam
Overijselsestraat,10,A,"",3074VD,Rotterdam
Overijselsestraat,10,B,"",3074VD,Rotterdam
Overijselsestraat,10,C,"",3074VD,Rotterdam
Overijselsestraat,10,D,"",3074VD,Rotterdam
Overijselsestraat,10,E,"",3074VD,Rotterdam
Overijselsestraat,12,"","",3074VD,Rotterdam
Overijselsestraat,14,"","",3074VD,Rotterdam
Overijselsestraat,14,"",BG,3074VD,Rotterdam
Overijselsestraat,16,A,"",3074VD,Rotterdam
Overijselsestraat,16,A,"",3074VD,Rotterdam
Overijselsestraat,16,B,"",3074VD,Rotterdam
Overijselsestraat,16,C,"",3074VD,Rotterdam
Overijselsestraat,16,D,"",3074VD,Rotterdam
Overijselsestraat,16,E,"",3074VD,Rotterdam
Overijselsestraat,18,"","",3074VD,Rotterdam
Overijselsestraat,2,A,"",3074VD,Rotterdam
Overijselsestraat,2,B,"",3074VD,Rotterdam
Overijselsestraat,2,C,"",3074VD,Rotterdam
Overijselsestraat,2,D,"",3074VD,Rotterdam
Overijselsestraat,20,A,"",3074VD,Rotterdam
Overijselsestraat,20,B,"",3074VD,Rotterdam
Overijselsestraat,20,C,"",3074VD,Rotterdam
Overijselsestraat,20,D,"",3074VD,Rotterdam
Overijselsestraat,20,E,"",3074VD,Rotterdam
Overijselsestraat,22,"","",3074VD,Rotterdam
Overijselsestraat,24,"","",3074VD,Rotterdam
Overijselsestraat,24,"",BG,3074VD,Rotterdam
Overijselsestraat,4,"","",3074VD,Rotterdam
Overijselsestraat,6,A,"",3074VD,Rotterdam
Overijselsestraat,6,B,"",3074VD,Rotterdam
Overijselsestraat,6,C,"",3074VD,Rotterdam
Overijselsestraat,6,D,"",3074VD,Rotterdam
Overijselsestraat,6,E,"",3074VD,Rotterdam
Overijselsestraat,6,F,"",3074VD,Rotterdam
Overijselsestraat,8,"","",3074VD,Rotterdam
Overijselsestraat,8,"",BG,3074VD,Rotterdam
Overijselsestraat,26,A,"",3074VE,Rotterdam
Overijselsestraat,26,B,"",3074VE,Rotterdam
Overijselsestraat,26,C,"",3074VE,Rotterdam
Overijselsestraat,28,A,"",3074VE,Rotterdam
Overijselsestraat,28,B,"",3074VE,Rotterdam
Overijselsestraat,28,C,"",3074VE,Rotterdam
Overijselsestraat,30,A,"",3074VE,Rotterdam
Overijselsestraat,30,B,"",3074VE,Rotterdam
Overijselsestraat,30,C,"",3074VE,Rotterdam
Overijselsestraat,32,A,"",3074VE,Rotterdam
Overijselsestraat,32,B,"",3074VE,Rotterdam
Overijselsestraat,32,C,"",3074VE,Rotterdam
Overijselsestraat,34,"","",3074VE,Rotterdam
Overijselsestraat,36,"","",3074VE,Rotterdam
Overijselsestraat,38,A,"",3074VE,Rotterdam
Overijselsestraat,38,B,"",3074VE,Rotterdam
Overijselsestraat,38,C,"",3074VE,Rotterdam
Overijselsestraat,40,A,"",3074VE,Rotterdam
Overijselsestraat,40,B,"",3074VE,Rotterdam
Overijselsestraat,40,C,"",3074VE,Rotterdam
Overijselsestraat,42,"","",3074VE,Rotterdam
Overijselsestraat,44,A,"",3074VE,Rotterdam
Overijselsestraat,44,B,"",3074VE,Rotterdam
Overijselsestraat,44,C,"",3074VE,Rotterdam
Overijselsestraat,46,A,"",3074VE,Rotterdam
Overijselsestraat,46,A,"",3074VE,Rotterdam
Overijselsestraat,46,B,"",3074VE,Rotterdam
Overijselsestraat,46,B,"",3074VE,Rotterdam
Overijselsestraat,46,C,"",3074VE,Rotterdam
Overijselsestraat,54,"","",3074VG,Rotterdam
Overijselsestraat,54,"","",3074VG,Rotterdam
Overijselsestraat,54,"",BG,3074VG,Rotterdam
Overijselsestraat,56,"","",3074VG,Rotterdam
Overijselsestraat,56,A,"",3074VG,Rotterdam
Overijselsestraat,56,B,"",3074VG,Rotterdam
Overijselsestraat,56,C,"",3074VG,Rotterdam
Overijselsestraat,58,"","",3074VG,Rotterdam
Overijselsestraat,58,A,"",3074VG,Rotterdam
Overijselsestraat,58,B,"",3074VG,Rotterdam
Overijselsestraat,58,C,"",3074VG,Rotterdam
Overijselsestraat,60,"","",3074VG,Rotterdam
Overijselsestraat,60,"","",3074VG,Rotterdam
Overijselsestraat,60,"",BG,3074VG,Rotterdam
Overijselsestraat,62,"","",3074VG,Rotterdam
Overijselsestraat,62,A,"",3074VG,Rotterdam
Overijselsestraat,62,B,"",3074VG,Rotterdam
Overijselsestraat,62,C,"",3074VG,Rotterdam
Overijselsestraat,64,"","",3074VG,Rotterdam
Overijselsestraat,64,A,"",3074VG,Rotterdam
Overijselsestraat,64,B,"",3074VG,Rotterdam
Overijselsestraat,64,C,"",3074VG,Rotterdam
Overijselsestraat,66,"","",3074VG,Rotterdam
Overijselsestraat,66,"","",3074VG,Rotterdam
Overijselsestraat,68,"","",3074VG,Rotterdam
Overijselsestraat,68,A,"",3074VG,Rotterdam
Overijselsestraat,68,B,"",3074VG,Rotterdam
Overijselsestraat,68,C,"",3074VG,Rotterdam
Overijselsestraat,68,D,"",3074VG,Rotterdam
Overijselsestraat,68,E,"",3074VG,Rotterdam
Overijselsestraat,70,"","",3074VG,Rotterdam
Overijselsestraat,70,"","",3074VG,Rotterdam
Overijselsestraat,72,"","",3074VG,Rotterdam
Overijselsestraat,72,"","",3074VG,Rotterdam
Overijselsestraat,74,"","",3074VG,Rotterdam
Overijselsestraat,74,"","",3074VG,Rotterdam
Overijselsestraat,76,"","",3074VG,Rotterdam
Overijselsestraat,76,"",BG,3074VG,Rotterdam
Overijselsestraat,80,A,"",3074VH,Rotterdam
Overijselsestraat,80,B,"",3074VH,Rotterdam
Overijselsestraat,80,C,"",3074VH,Rotterdam
Overijselsestraat,82,A,"",3074VH,Rotterdam
Overijselsestraat,82,B,"",3074VH,Rotterdam
Overijselsestraat,82,C,"",3074VH,Rotterdam
Overijselsestraat,84,"","",3074VH,Rotterdam
Overijselsestraat,86,A,"",3074VH,Rotterdam
Overijselsestraat,86,B,"",3074VH,Rotterdam
Overijselsestraat,86,B,"",3074VH,Rotterdam
Overijselsestraat,86,C,"",3074VH,Rotterdam
Overijselsestraat,86,C,"",3074VH,Rotterdam
Overijselsestraat,86,D,"",3074VH,Rotterdam
Overijselsestraat,88,"","",3074VH,Rotterdam
Overijselsestraat,88,"",BG,3074VH,Rotterdam
Overijselsestraat,90,A,"",3074VH,Rotterdam
Overijselsestraat,90,B,"",3074VH,Rotterdam
Overijselsestraat,90,C,"",3074VH,Rotterdam
Overijselsestraat,92,A,"",3074VH,Rotterdam
Overijselsestraat,92,B,"",3074VH,Rotterdam
Overijselsestraat,92,C,"",3074VH,Rotterdam
Overijselsestraat,94,"","",3074VH,Rotterdam
Overijselsestraat,96,A,"",3074VH,Rotterdam
Overijselsestraat,96,B,"",3074VH,Rotterdam
Overijselsestraat,98,A,"",3074VH,Rotterdam
Overijselsestraat,98,B,"",3074VH,Rotterdam
Overijselsestraat,100,A,"",3074VJ,Rotterdam
Overijselsestraat,100,B,"",3074VJ,Rotterdam
Overijselsestraat,102,A,"",3074VJ,Rotterdam
Overijselsestraat,102,B,"",3074VJ,Rotterdam
Overijselsestraat,104,A,"",3074VJ,Rotterdam
Overijselsestraat,104,B,"",3074VJ,Rotterdam
Overijselsestraat,122,A,"",3074VJ,Rotterdam
Overijselsestraat,122,B,"",3074VJ,Rotterdam
Donkerslootstraat,1,"","",3074WB,Rotterdam
Donkerslootstraat,11,A,"",3074WB,Rotterdam
Donkerslootstraat,11,B,"",3074WB,Rotterdam
Donkerslootstraat,11,C,"",3074WB,Rotterdam
Donkerslootstraat,3,"","",3074WB,Rotterdam
Donkerslootstraat,5,A,"",3074WB,Rotterdam
Donkerslootstraat,5,B,"",3074WB,Rotterdam
Donkerslootstraat,5,C,"",3074WB,Rotterdam
Donkerslootstraat,7,"","",3074WB,Rotterdam
Donkerslootstraat,9,A,"",3074WB,Rotterdam
Donkerslootstraat,9,B,"",3074WB,Rotterdam
Donkerslootstraat,9,C,"",3074WB,Rotterdam
Donkerslootstraat,13,"","",3074WC,Rotterdam
Donkerslootstraat,15,A,"",3074WC,Rotterdam
Donkerslootstraat,15,B,"",3074WC,Rotterdam
Donkerslootstraat,17,"","",3074WC,Rotterdam
Donkerslootstraat,19,"","",3074WC,Rotterdam
Donkerslootstraat,21,A,"",3074WC,Rotterdam
Donkerslootstraat,21,B,"",3074WC,Rotterdam
Donkerslootstraat,23,"","",3074WC,Rotterdam
Donkerslootstraat,25,"","",3074WC,Rotterdam
Donkerslootstraat,25,A,"",3074WC,Rotterdam
Donkerslootstraat,25,B,"",3074WC,Rotterdam
Donkerslootstraat,27,A,"",3074WC,Rotterdam
Donkerslootstraat,27,B,"",3074WC,Rotterdam
Donkerslootstraat,29,A,"",3074WC,Rotterdam
Donkerslootstraat,29,B,"",3074WC,Rotterdam
Donkerslootstraat,31,A,"",3074WC,Rotterdam
Donkerslootstraat,31,B,"",3074WC,Rotterdam
Donkerslootstraat,33,"","",3074WC,Rotterdam
Donkerslootstraat,35,A,"",3074WC,Rotterdam
Donkerslootstraat,35,B,"",3074WC,Rotterdam
Donkerslootstraat,37,"","",3074WC,Rotterdam
Donkerslootstraat,39,"","",3074WC,Rotterdam
Donkerslootstraat,41,"","",3074WC,Rotterdam
Donkerslootstraat,43,"","",3074WC,Rotterdam
Donkerslootstraat,45,"","",3074WC,Rotterdam
Donkerslootstraat,45,A,"",3074WC,Rotterdam
Donkerslootstraat,45,B,"",3074WC,Rotterdam
Donkerslootstraat,47,"","",3074WC,Rotterdam
Donkerslootstraat,49,A,"",3074WC,Rotterdam
Donkerslootstraat,49,B,"",3074WC,Rotterdam
Donkerslootstraat,51,A,"",3074WD,Rotterdam
Donkerslootstraat,51,B,"",3074WD,Rotterdam
Donkerslootstraat,53,A,"",3074WD,Rotterdam
Donkerslootstraat,53,B,"",3074WD,Rotterdam
Donkerslootstraat,57,"","",3074WD,Rotterdam
Donkerslootstraat,59,A,"",3074WD,Rotterdam
Donkerslootstraat,59,B,"",3074WD,Rotterdam
Donkerslootstraat,61,"","",3074WD,Rotterdam
Donkerslootstraat,63,A,"",3074WD,Rotterdam
Donkerslootstraat,63,B,"",3074WD,Rotterdam
Donkerslootstraat,65,A,"",3074WD,Rotterdam
Donkerslootstraat,65,B,"",3074WD,Rotterdam
Donkerslootstraat,67,"","",3074WD,Rotterdam
Donkerslootstraat,69,A,"",3074WD,Rotterdam
Donkerslootstraat,69,B,"",3074WD,Rotterdam
Donkerslootstraat,71,"","",3074WD,Rotterdam
Donkerslootstraat,71,A,"",3074WD,Rotterdam
Donkerslootstraat,71,B,"",3074WD,Rotterdam
Donkerslootstraat,73,"","",3074WD,Rotterdam
Donkerslootstraat,75,A,"",3074WD,Rotterdam
Donkerslootstraat,75,B,"",3074WD,Rotterdam
Donkerslootstraat,77,A,"",3074WD,Rotterdam
Donkerslootstraat,77,B,"",3074WD,Rotterdam
Donkerslootstraat,79,A,"",3074WD,Rotterdam
Donkerslootstraat,79,B,"",3074WD,Rotterdam
Donkerslootstraat,81,A,"",3074WE,Rotterdam
Donkerslootstraat,81,B,"",3074WE,Rotterdam
Donkerslootstraat,83,A,"",3074WE,Rotterdam
Donkerslootstraat,83,B,"",3074WE,Rotterdam
Donkerslootstraat,85,A,"",3074WE,Rotterdam
Donkerslootstraat,85,B,"",3074WE,Rotterdam
Donkerslootstraat,87,A,"",3074WE,Rotterdam
Donkerslootstraat,87,B,"",3074WE,Rotterdam
Donkerslootstraat,89,A,"",3074WE,Rotterdam
Donkerslootstraat,89,B,"",3074WE,Rotterdam
Donkerslootstraat,91,A,"",3074WE,Rotterdam
Donkerslootstraat,91,B,"",3074WE,Rotterdam
Donkerslootstraat,93,"","",3074WE,Rotterdam
Donkerslootstraat,95,A,"",3074WE,Rotterdam
Donkerslootstraat,95,B,"",3074WE,Rotterdam
Donkerslootstraat,97,A,"",3074WE,Rotterdam
Donkerslootstraat,101,A,"",3074WG,Rotterdam
Donkerslootstraat,101,B,"",3074WG,Rotterdam
Donkerslootstraat,103,"","",3074WG,Rotterdam
Donkerslootstraat,105,A,"",3074WG,Rotterdam
Donkerslootstraat,105,B,"",3074WG,Rotterdam
Donkerslootstraat,107,"","",3074WG,Rotterdam
Donkerslootstraat,109,"","",3074WG,Rotterdam
Donkerslootstraat,109,A,"",3074WG,Rotterdam
Donkerslootstraat,109,B,"",3074WG,Rotterdam
Donkerslootstraat,111,A,"",3074WG,Rotterdam
Donkerslootstraat,111,B,"",3074WG,Rotterdam
Donkerslootstraat,113,A,"",3074WG,Rotterdam
Donkerslootstraat,113,B,"",3074WG,Rotterdam
Donkerslootstraat,115,A,"",3074WG,Rotterdam
Donkerslootstraat,115,B,"",3074WG,Rotterdam
Donkerslootstraat,99,A,"",3074WG,Rotterdam
Donkerslootstraat,99,B,"",3074WG,Rotterdam
Donkerslootstraat,119,A,"",3074WH,Rotterdam
Donkerslootstraat,119,B,"",3074WH,Rotterdam
Donkerslootstraat,121,A,"",3074WH,Rotterdam
Donkerslootstraat,121,B,"",3074WH,Rotterdam
Donkerslootstraat,123,A,"",3074WH,Rotterdam
Donkerslootstraat,123,B,"",3074WH,Rotterdam
Donkerslootstraat,125,A,"",3074WH,Rotterdam
Donkerslootstraat,125,B,"",3074WH,Rotterdam
Donkerslootstraat,127,A,"",3074WH,Rotterdam
Donkerslootstraat,127,B,"",3074WH,Rotterdam
Donkerslootstraat,129,A,"",3074WH,Rotterdam
Donkerslootstraat,129,B,"",3074WH,Rotterdam
Donkerslootstraat,131,A,"",3074WH,Rotterdam
Donkerslootstraat,131,B,"",3074WH,Rotterdam
Donkerslootstraat,133,A,"",3074WH,Rotterdam
Donkerslootstraat,133,B,"",3074WH,Rotterdam
Donkerslootstraat,135,A,"",3074WH,Rotterdam
Donkerslootstraat,135,B,"",3074WH,Rotterdam
Donkerslootstraat,137,A,"",3074WH,Rotterdam
Donkerslootstraat,137,B,"",3074WH,Rotterdam
Donkerslootstraat,139,A,"",3074WH,Rotterdam
Donkerslootstraat,139,B,"",3074WH,Rotterdam
Donkerslootstraat,141,A,"",3074WH,Rotterdam
Donkerslootstraat,141,B,"",3074WH,Rotterdam
Donkerslootstraat,143,A,"",3074WJ,Rotterdam
Donkerslootstraat,143,B,"",3074WJ,Rotterdam
Donkerslootstraat,145,A,"",3074WJ,Rotterdam
Donkerslootstraat,145,B,"",3074WJ,Rotterdam
Donkerslootstraat,147,A,"",3074WJ,Rotterdam
Donkerslootstraat,147,B,"",3074WJ,Rotterdam
Donkerslootstraat,149,A,"",3074WJ,Rotterdam
Donkerslootstraat,149,B,"",3074WJ,Rotterdam
Donkerslootstraat,151,"","",3074WJ,Rotterdam
Donkerslootstraat,153,A,"",3074WJ,Rotterdam
Donkerslootstraat,153,B,"",3074WJ,Rotterdam
Donkerslootstraat,155,A,"",3074WJ,Rotterdam
Donkerslootstraat,155,B,"",3074WJ,Rotterdam
Donkerslootstraat,157,A,"",3074WJ,Rotterdam
Donkerslootstraat,157,B,"",3074WJ,Rotterdam
Donkerslootstraat,10,"","",3074WK,Rotterdam
Donkerslootstraat,12,A,"",3074WK,Rotterdam
Donkerslootstraat,12,B,"",3074WK,Rotterdam
Donkerslootstraat,12,C,"",3074WK,Rotterdam
Donkerslootstraat,14,A,"",3074WK,Rotterdam
Donkerslootstraat,14,B,"",3074WK,Rotterdam
Donkerslootstraat,14,C,"",3074WK,Rotterdam
Donkerslootstraat,16,A,"",3074WK,Rotterdam
Donkerslootstraat,16,B,"",3074WK,Rotterdam
Donkerslootstraat,16,C,"",3074WK,Rotterdam
Donkerslootstraat,18,"","",3074WK,Rotterdam
Donkerslootstraat,2,"","",3074WK,Rotterdam
Donkerslootstraat,20,A,"",3074WK,Rotterdam
Donkerslootstraat,20,B,"",3074WK,Rotterdam
Donkerslootstraat,22,A,"",3074WK,Rotterdam
Donkerslootstraat,22,B,"",3074WK,Rotterdam
Donkerslootstraat,24,"","",3074WK,Rotterdam
Donkerslootstraat,26,"","",3074WK,Rotterdam
Donkerslootstraat,26,A,"",3074WK,Rotterdam
Donkerslootstraat,26,B,"",3074WK,Rotterdam
Donkerslootstraat,28,"","",3074WK,Rotterdam
Donkerslootstraat,28,A,"",3074WK,Rotterdam
Donkerslootstraat,30,"","",3074WK,Rotterdam
Donkerslootstraat,4,A,"",3074WK,Rotterdam
Donkerslootstraat,4,B,"",3074WK,Rotterdam
Donkerslootstraat,6,A,"",3074WK,Rotterdam
Donkerslootstraat,6,B,"",3074WK,Rotterdam
Donkerslootstraat,6,C,"",3074WK,Rotterdam
Donkerslootstraat,8,A,"",3074WK,Rotterdam
Donkerslootstraat,8,B,"",3074WK,Rotterdam
Donkerslootstraat,32,A,"",3074WL,Rotterdam
Donkerslootstraat,32,B,"",3074WL,Rotterdam
Donkerslootstraat,36,"","",3074WL,Rotterdam
Donkerslootstraat,36,A,"",3074WL,Rotterdam
Donkerslootstraat,36,B,"",3074WL,Rotterdam
Donkerslootstraat,36,B,"",3074WL,Rotterdam
Donkerslootstraat,36,B,"",3074WL,Rotterdam
Donkerslootstraat,38,"","",3074WL,Rotterdam
Donkerslootstraat,40,A,"",3074WL,Rotterdam
Donkerslootstraat,40,B,"",3074WL,Rotterdam
Donkerslootstraat,42,A,"",3074WL,Rotterdam
Donkerslootstraat,42,B,"",3074WL,Rotterdam
Donkerslootstraat,44,A,"",3074WL,Rotterdam
Donkerslootstraat,44,B,"",3074WL,Rotterdam
Donkerslootstraat,46,A,"",3074WL,Rotterdam
Donkerslootstraat,46,B,"",3074WL,Rotterdam
Donkerslootstraat,48,"","",3074WL,Rotterdam
Donkerslootstraat,50,A,"",3074WL,Rotterdam
Donkerslootstraat,50,B,"",3074WL,Rotterdam
Donkerslootstraat,52,A,"",3074WL,Rotterdam
Donkerslootstraat,52,B,"",3074WL,Rotterdam
Donkerslootstraat,54,A,"",3074WL,Rotterdam
Donkerslootstraat,54,B,"",3074WL,Rotterdam
Donkerslootstraat,56,A,"",3074WL,Rotterdam
Donkerslootstraat,56,B,"",3074WL,Rotterdam
Donkerslootstraat,58,"","",3074WL,Rotterdam
Donkerslootstraat,58,A,"",3074WL,Rotterdam
Donkerslootstraat,58,B,"",3074WL,Rotterdam
Donkerslootstraat,60,A,"",3074WL,Rotterdam
Donkerslootstraat,60,B,"",3074WL,Rotterdam
Donkerslootstraat,62,"","",3074WL,Rotterdam
Donkerslootstraat,64,"","",3074WL,Rotterdam
Donkerslootstraat,64,A,"",3074WL,Rotterdam
Donkerslootstraat,64,B,"",3074WL,Rotterdam
Donkerslootstraat,64,B,"",3074WL,Rotterdam
Donkerslootstraat,64,B,"",3074WL,Rotterdam
Donkerslootstraat,66,"","",3074WL,Rotterdam
Donkerslootstraat,66,A,"",3074WL,Rotterdam
Donkerslootstraat,66,B,"",3074WL,Rotterdam
Donkerslootstraat,68,"","",3074WL,Rotterdam
Immobilialaan,1,A,"",3074WN,Rotterdam
Immobilialaan,1,B,"",3074WN,Rotterdam
Immobilialaan,1,C,"",3074WN,Rotterdam
Immobilialaan,11,A,"",3074WN,Rotterdam
Immobilialaan,11,B,"",3074WN,Rotterdam
Immobilialaan,11,C,"",3074WN,Rotterdam
Immobilialaan,11,D,"",3074WN,Rotterdam
Immobilialaan,3,A,"",3074WN,Rotterdam
Immobilialaan,3,B,"",3074WN,Rotterdam
Immobilialaan,3,C,"",3074WN,Rotterdam
Immobilialaan,3,D,"",3074WN,Rotterdam
Immobilialaan,3,E,"",3074WN,Rotterdam
Immobilialaan,5,A,"",3074WN,Rotterdam
Immobilialaan,5,B,"",3074WN,Rotterdam
Immobilialaan,5,C,"",3074WN,Rotterdam
Immobilialaan,5,D,"",3074WN,Rotterdam
Immobilialaan,7,A,"",3074WN,Rotterdam
Immobilialaan,7,B,"",3074WN,Rotterdam
Immobilialaan,7,C,"",3074WN,Rotterdam
Immobilialaan,7,D,"",3074WN,Rotterdam
Immobilialaan,7,E,"",3074WN,Rotterdam
Immobilialaan,9,A,"",3074WN,Rotterdam
Immobilialaan,9,B,"",3074WN,Rotterdam
Immobilialaan,9,C,"",3074WN,Rotterdam
Immobilialaan,9,D,"",3074WN,Rotterdam
Immobilialaan,10,A,"",3074WP,Rotterdam
Immobilialaan,10,B,"",3074WP,Rotterdam
Immobilialaan,10,C,"",3074WP,Rotterdam
Immobilialaan,10,D,"",3074WP,Rotterdam
Immobilialaan,10,E,"",3074WP,Rotterdam
Immobilialaan,12,A,"",3074WP,Rotterdam
Immobilialaan,12,B,"",3074WP,Rotterdam
Immobilialaan,12,C,"",3074WP,Rotterdam
Immobilialaan,12,D,"",3074WP,Rotterdam
Immobilialaan,2,A,"",3074WP,Rotterdam
Immobilialaan,2,B,"",3074WP,Rotterdam
Immobilialaan,4,A,"",3074WP,Rotterdam
Immobilialaan,4,B,"",3074WP,Rotterdam
Immobilialaan,4,C,"",3074WP,Rotterdam
Immobilialaan,4,D,"",3074WP,Rotterdam
Immobilialaan,6,A,"",3074WP,Rotterdam
Immobilialaan,6,B,"",3074WP,Rotterdam
Immobilialaan,6,C,"",3074WP,Rotterdam
Immobilialaan,6,D,"",3074WP,Rotterdam
Immobilialaan,6,E,"",3074WP,Rotterdam
Immobilialaan,8,A,"",3074WP,Rotterdam
Immobilialaan,8,B,"",3074WP,Rotterdam
Immobilialaan,8,C,"",3074WP,Rotterdam
Immobilialaan,8,D,"",3074WP,Rotterdam
Immobiliastraat,39,A,"",3074WR,Rotterdam
Immobiliastraat,39,B,"",3074WR,Rotterdam
Immobiliastraat,41,A,"",3074WR,Rotterdam
Immobiliastraat,41,B,"",3074WR,Rotterdam
Immobiliastraat,43,A,"",3074WR,Rotterdam
Immobiliastraat,43,B,"",3074WR,Rotterdam
Immobiliastraat,43,C,"",3074WR,Rotterdam
Immobiliastraat,45,A,"",3074WR,Rotterdam
Immobiliastraat,45,B,"",3074WR,Rotterdam
Immobiliastraat,45,C,"",3074WR,Rotterdam
Immobiliastraat,45,D,"",3074WR,Rotterdam
Immobiliastraat,45,E,"",3074WR,Rotterdam
Immobiliastraat,45,F,"",3074WR,Rotterdam
Immobiliastraat,47,A,"",3074WR,Rotterdam
Immobiliastraat,47,A,BG,3074WR,Rotterdam
Immobiliastraat,47,B,"",3074WR,Rotterdam
Immobiliastraat,47,C,"",3074WR,Rotterdam
Immobiliastraat,47,D,"",3074WR,Rotterdam
Immobiliastraat,49,A,"",3074WR,Rotterdam
Immobiliastraat,49,B,"",3074WR,Rotterdam
Immobiliastraat,49,C,"",3074WR,Rotterdam
Immobiliastraat,49,D,"",3074WR,Rotterdam
Immobiliastraat,49,E,"",3074WR,Rotterdam
Immobiliastraat,51,A,"",3074WR,Rotterdam
Immobiliastraat,51,B,"",3074WR,Rotterdam
Immobiliastraat,51,C,"",3074WR,Rotterdam
Immobiliastraat,51,D,"",3074WR,Rotterdam
Immobiliastraat,53,A,"",3074WR,Rotterdam
Immobiliastraat,53,B,"",3074WR,Rotterdam
Immobiliastraat,54,A,"",3074WS,Rotterdam
Immobiliastraat,54,B,"",3074WS,Rotterdam
Immobiliastraat,58,A,"",3074WS,Rotterdam
Immobiliastraat,58,B,"",3074WS,Rotterdam
Immobiliastraat,58,C,"",3074WS,Rotterdam
Immobiliastraat,58,D,"",3074WS,Rotterdam
Immobiliastraat,64,A,"",3074WS,Rotterdam
Immobiliastraat,64,B,"",3074WS,Rotterdam
Immobiliastraat,64,C,"",3074WS,Rotterdam
Immobiliastraat,64,D,"",3074WS,Rotterdam
Immobiliastraat,66,A,"",3074WS,Rotterdam
Immobiliastraat,66,B,"",3074WS,Rotterdam
Immobiliastraat,66,C,"",3074WS,Rotterdam
Immobiliastraat,66,D,"",3074WS,Rotterdam
Vlasakkerstraat,11,A,"",3074WT,Rotterdam
Vlasakkerstraat,11,B,"",3074WT,Rotterdam
Vlasakkerstraat,13,"","",3074WT,Rotterdam
Vlasakkerstraat,13,A,"",3074WT,Rotterdam
Vlasakkerstraat,13,B,"",3074WT,Rotterdam
Vlasakkerstraat,15,A,"",3074WT,Rotterdam
Vlasakkerstraat,15,B,"",3074WT,Rotterdam
Vlasakkerstraat,17,A,"",3074WT,Rotterdam
Vlasakkerstraat,17,B,"",3074WT,Rotterdam
Vlasakkerstraat,19,A,"",3074WT,Rotterdam
Vlasakkerstraat,19,B,"",3074WT,Rotterdam
Vlasakkerstraat,21,A,"",3074WT,Rotterdam
Vlasakkerstraat,21,B,"",3074WT,Rotterdam
Vlasakkerstraat,23,"","",3074WT,Rotterdam
Vlasakkerstraat,23,A,"",3074WT,Rotterdam
Vlasakkerstraat,23,A,"",3074WT,Rotterdam
Vlasakkerstraat,23,B,"",3074WT,Rotterdam
Vlasakkerstraat,23,B,"",3074WT,Rotterdam
Vlasakkerstraat,25,A,"",3074WT,Rotterdam
Vlasakkerstraat,25,B,"",3074WT,Rotterdam
Vlasakkerstraat,27,"","",3074WT,Rotterdam
Vlasakkerstraat,27,A,"",3074WT,Rotterdam
Vlasakkerstraat,27,B,"",3074WT,Rotterdam
Vlasakkerstraat,9,A,"",3074WT,Rotterdam
Vlasakkerstraat,9,B,"",3074WT,Rotterdam
Vlasakkerstraat,9,C,"",3074WT,Rotterdam
Vlasakkerstraat,31,A,"",3074WV,Rotterdam
Vlasakkerstraat,31,B,"",3074WV,Rotterdam
Vlasakkerstraat,33,A,"",3074WV,Rotterdam
Vlasakkerstraat,33,B,"",3074WV,Rotterdam
Vlasakkerstraat,37,A,"",3074WV,Rotterdam
Vlasakkerstraat,37,B,"",3074WV,Rotterdam
Vlasakkerstraat,37,C,"",3074WV,Rotterdam
Vlasakkerstraat,39,A,"",3074WV,Rotterdam
Vlasakkerstraat,39,B,"",3074WV,Rotterdam
Vlasakkerstraat,39,C,"",3074WV,Rotterdam
Vlasakkerstraat,41,"",BG,3074WV,Rotterdam
Vlasakkerstraat,41,A,"",3074WV,Rotterdam
Vlasakkerstraat,41,B,"",3074WV,Rotterdam
Vlasakkerstraat,41,C,"",3074WV,Rotterdam
Vlasakkerstraat,41,D,"",3074WV,Rotterdam
Vlasakkerstraat,43,A,"",3074WV,Rotterdam
Vlasakkerstraat,43,B,"",3074WV,Rotterdam
Vlasakkerstraat,45,A,"",3074WV,Rotterdam
Vlasakkerstraat,45,B,"",3074WV,Rotterdam
Vlasakkerstraat,45,C,"",3074WV,Rotterdam
Vlasakkerstraat,47,"","",3074WV,Rotterdam
Vlasakkerstraat,47,"","",3074WV,Rotterdam
Vlasakkerstraat,49,"","",3074WV,Rotterdam
Vlasakkerstraat,49,A,"",3074WV,Rotterdam
Vlasakkerstraat,49,B,"",3074WV,Rotterdam
Vlasakkerstraat,51,"","",3074WV,Rotterdam
Vlasakkerstraat,12,"","",3074WX,Rotterdam
Vlasakkerstraat,54,A,"",3074WX,Rotterdam
Vlasakkerstraat,54,B,"",3074WX,Rotterdam
Vlasakkerstraat,56,A,"",3074WX,Rotterdam
Vlasakkerstraat,56,B,"",3074WX,Rotterdam
Vlasakkerstraat,58,A,"",3074WX,Rotterdam
Vlasakkerstraat,58,B,"",3074WX,Rotterdam
Vlasakkerstraat,58,C,"",3074WX,Rotterdam
Vlasakkerstraat,58,D,"",3074WX,Rotterdam
Vlasakkerstraat,58,E,"",3074WX,Rotterdam
Vlasakkerstraat,60,A,"",3074WX,Rotterdam
Vlasakkerstraat,60,B,"",3074WX,Rotterdam
Vlasakkerstraat,60,C,"",3074WX,Rotterdam
Vlasakkerstraat,60,D,"",3074WX,Rotterdam
Vlasakkerstraat,62,A,"",3074WX,Rotterdam
Vlasakkerstraat,62,B,"",3074WX,Rotterdam
Vlasakkerstraat,62,C,"",3074WX,Rotterdam
Vlasakkerstraat,62,D,"",3074WX,Rotterdam
Vlasakkerstraat,64,A,"",3074WX,Rotterdam
Vlasakkerstraat,64,B,"",3074WX,Rotterdam
Vlasakkerstraat,64,C,"",3074WX,Rotterdam
Vlasakkerstraat,64,D,"",3074WX,Rotterdam
Vlasakkerstraat,64,E,"",3074WX,Rotterdam
Vlasakkerstraat,66,A,"",3074WX,Rotterdam
Vlasakkerstraat,66,A,BG,3074WX,Rotterdam
Vlasakkerstraat,66,B,"",3074WX,Rotterdam
Vlasakkerstraat,66,C,"",3074WX,Rotterdam
Vlasakkerstraat,66,D,"",3074WX,Rotterdam
Vlasakkerstraat,68,A,"",3074WX,Rotterdam
Vlasakkerstraat,68,B,"",3074WX,Rotterdam
Vlasakkerstraat,68,C,"",3074WX,Rotterdam
Vlasakkerstraat,70,A,"",3074WZ,Rotterdam
Vlasakkerstraat,70,B,"",3074WZ,Rotterdam
Vlasakkerstraat,70,C,"",3074WZ,Rotterdam
Vlasakkerstraat,74,"","",3074WZ,Rotterdam
Vlasakkerstraat,74,"",BG,3074WZ,Rotterdam
Vlasakkerstraat,74,"",BG,3074WZ,Rotterdam
Vlasakkerstraat,76,"","",3074WZ,Rotterdam
Vlasakkerstraat,84,"","",3074WZ,Rotterdam
Vlasakkerstraat,86,"","",3074WZ,Rotterdam
Vlasakkerstraat,88,"","",3074WZ,Rotterdam
Vlasakkerstraat,90,"","",3074WZ,Rotterdam
Vlasakkerstraat,92,"","",3074WZ,Rotterdam
Vlasakkerstraat,94,"","",3074WZ,Rotterdam
Vlasakkerstraat,96,"","",3074WZ,Rotterdam
Kokerstraat,1,"","",3074XA,Rotterdam
Kokerstraat,11,"","",3074XA,Rotterdam
Kokerstraat,13,"","",3074XA,Rotterdam
Kokerstraat,14,"","",3074XA,Rotterdam
Kokerstraat,15,"","",3074XA,Rotterdam
Kokerstraat,16,"","",3074XA,Rotterdam
Kokerstraat,17,"","",3074XA,Rotterdam
Kokerstraat,19,"","",3074XA,Rotterdam
Kokerstraat,21,"","",3074XA,Rotterdam
Kokerstraat,23,"","",3074XA,Rotterdam
Kokerstraat,25,"","",3074XA,Rotterdam
Kokerstraat,27,"","",3074XA,Rotterdam
Kokerstraat,29,"","",3074XA,Rotterdam
Kokerstraat,3,"","",3074XA,Rotterdam
Kokerstraat,31,"","",3074XA,Rotterdam
Kokerstraat,33,"","",3074XA,Rotterdam
Kokerstraat,35,"","",3074XA,Rotterdam
Kokerstraat,37,"","",3074XA,Rotterdam
Kokerstraat,39,"","",3074XA,Rotterdam
Kokerstraat,41,"","",3074XA,Rotterdam
Kokerstraat,43,"","",3074XA,Rotterdam
Kokerstraat,45,"","",3074XA,Rotterdam
Kokerstraat,47,"","",3074XA,Rotterdam
Kokerstraat,49,"","",3074XA,Rotterdam
Kokerstraat,5,"","",3074XA,Rotterdam
Kokerstraat,51,"","",3074XA,Rotterdam
Kokerstraat,53,"","",3074XA,Rotterdam
Kokerstraat,55,"","",3074XA,Rotterdam
Kokerstraat,57,"","",3074XA,Rotterdam
Kokerstraat,59,"","",3074XA,Rotterdam
Kokerstraat,61,"","",3074XA,Rotterdam
Kokerstraat,63,"","",3074XA,Rotterdam
Kokerstraat,65,"","",3074XA,Rotterdam
Kokerstraat,67,"","",3074XA,Rotterdam
Kokerstraat,69,"","",3074XA,Rotterdam
Kokerstraat,7,"","",3074XA,Rotterdam
Kokerstraat,9,"","",3074XA,Rotterdam
Noordpolderstraat,1,"","",3074XB,Rotterdam
Noordpolderstraat,1,"",BG,3074XB,Rotterdam
Noordpolderstraat,11,"","",3074XB,Rotterdam
Noordpolderstraat,13,"","",3074XB,Rotterdam
Noordpolderstraat,15,"","",3074XB,Rotterdam
Noordpolderstraat,17,"","",3074XB,Rotterdam
Noordpolderstraat,19,"","",3074XB,Rotterdam
Noordpolderstraat,21,"","",3074XB,Rotterdam
Noordpolderstraat,23,"","",3074XB,Rotterdam
Noordpolderstraat,3,"","",3074XB,Rotterdam
Noordpolderstraat,5,"","",3074XB,Rotterdam
Noordpolderstraat,7,"","",3074XB,Rotterdam
Noordpolderstraat,9,"","",3074XB,Rotterdam
Noordpolderstraat,101,"","",3074XC,Rotterdam
Noordpolderstraat,103,"","",3074XC,Rotterdam
Noordpolderstraat,105,"","",3074XC,Rotterdam
Noordpolderstraat,107,"","",3074XC,Rotterdam
Noordpolderstraat,109,"","",3074XC,Rotterdam
Noordpolderstraat,111,"","",3074XC,Rotterdam
Noordpolderstraat,113,"","",3074XC,Rotterdam
Noordpolderstraat,25,"","",3074XC,Rotterdam
Noordpolderstraat,25,"","",3074XC,Rotterdam
Noordpolderstraat,27,"","",3074XC,Rotterdam
Noordpolderstraat,29,"","",3074XC,Rotterdam
Noordpolderstraat,31,"","",3074XC,Rotterdam
Noordpolderstraat,33,"","",3074XC,Rotterdam
Noordpolderstraat,35,"","",3074XC,Rotterdam
Noordpolderstraat,37,"","",3074XC,Rotterdam
Noordpolderstraat,39,"","",3074XC,Rotterdam
Noordpolderstraat,41,"","",3074XC,Rotterdam
Noordpolderstraat,43,"","",3074XC,Rotterdam
Noordpolderstraat,45,"","",3074XC,Rotterdam
Noordpolderstraat,47,"","",3074XC,Rotterdam
Noordpolderstraat,49,"","",3074XC,Rotterdam
Noordpolderstraat,51,"","",3074XC,Rotterdam
Noordpolderstraat,53,"","",3074XC,Rotterdam
Noordpolderstraat,55,"","",3074XC,Rotterdam
Noordpolderstraat,57,"","",3074XC,Rotterdam
Noordpolderstraat,59,"","",3074XC,Rotterdam
Noordpolderstraat,61,"","",3074XC,Rotterdam
Noordpolderstraat,63,"","",3074XC,Rotterdam
Noordpolderstraat,65,"","",3074XC,Rotterdam
Noordpolderstraat,67,"","",3074XC,Rotterdam
Noordpolderstraat,69,"","",3074XC,Rotterdam
Noordpolderstraat,71,"","",3074XC,Rotterdam
Noordpolderstraat,73,"","",3074XC,Rotterdam
Noordpolderstraat,75,"","",3074XC,Rotterdam
Noordpolderstraat,77,"","",3074XC,Rotterdam
Noordpolderstraat,79,"","",3074XC,Rotterdam
Noordpolderstraat,81,"","",3074XC,Rotterdam
Noordpolderstraat,83,"","",3074XC,Rotterdam
Noordpolderstraat,85,"","",3074XC,Rotterdam
Noordpolderstraat,87,"","",3074XC,Rotterdam
Noordpolderstraat,89,"","",3074XC,Rotterdam
Noordpolderstraat,91,"","",3074XC,Rotterdam
Noordpolderstraat,93,"","",3074XC,Rotterdam
Noordpolderstraat,95,"","",3074XC,Rotterdam
Noordpolderstraat,97,"","",3074XC,Rotterdam
Noordpolderstraat,99,"","",3074XC,Rotterdam
Noordpolderstraat,20,"","",3074XD,Rotterdam
Noordpolderstraat,40,"","",3074XD,Rotterdam
Noordpolderstraat,42,"","",3074XD,Rotterdam
Polderstraat,11,A,"",3074XG,Rotterdam
Polderstraat,11,B,"",3074XG,Rotterdam
Polderstraat,13,A,01,3074XG,Rotterdam
Polderstraat,13,A,02,3074XG,Rotterdam
Polderstraat,13,B,"",3074XG,Rotterdam
Polderstraat,13,B,"",3074XG,Rotterdam
Polderstraat,15,A,"",3074XG,Rotterdam
Polderstraat,15,A,"",3074XG,Rotterdam
Polderstraat,15,B,"",3074XG,Rotterdam
Polderstraat,19,"","",3074XG,Rotterdam
Polderstraat,21,A,"",3074XG,Rotterdam
Polderstraat,21,B,"",3074XG,Rotterdam
Polderstraat,21,C,"",3074XG,Rotterdam
Polderstraat,21,D,"",3074XG,Rotterdam
Polderstraat,21,E,"",3074XG,Rotterdam
Polderstraat,23,A,"",3074XG,Rotterdam
Polderstraat,23,B,"",3074XG,Rotterdam
Polderstraat,23,C,"",3074XG,Rotterdam
Polderstraat,23,D,"",3074XG,Rotterdam
Polderstraat,25,A,"",3074XG,Rotterdam
Polderstraat,25,C,"",3074XG,Rotterdam
Polderstraat,25,D,"",3074XG,Rotterdam
Polderstraat,125,"","",3074XH,Rotterdam
Polderstraat,127,"","",3074XH,Rotterdam
Polderstraat,129,"","",3074XH,Rotterdam
Polderstraat,131,"","",3074XH,Rotterdam
Polderstraat,133,"","",3074XH,Rotterdam
Polderstraat,135,"","",3074XH,Rotterdam
Polderstraat,137,"","",3074XH,Rotterdam
Polderstraat,139,"","",3074XH,Rotterdam
Polderstraat,141,"","",3074XH,Rotterdam
Polderstraat,75,"","",3074XH,Rotterdam
Polderstraat,10,"","",3074XJ,Rotterdam
Polderstraat,12,A,"",3074XJ,Rotterdam
Polderstraat,12,B,"",3074XJ,Rotterdam
Polderstraat,12,C,"",3074XJ,Rotterdam
Polderstraat,14,A,"",3074XJ,Rotterdam
Polderstraat,14,B,"",3074XJ,Rotterdam
Polderstraat,14,C,"",3074XJ,Rotterdam
Polderstraat,16,A,"",3074XJ,Rotterdam
Polderstraat,16,B,"",3074XJ,Rotterdam
Polderstraat,18,"","",3074XJ,Rotterdam
Polderstraat,18,"",BG,3074XJ,Rotterdam
Polderstraat,20,"","",3074XJ,Rotterdam
Polderstraat,22,"","",3074XJ,Rotterdam
Polderstraat,24,"","",3074XJ,Rotterdam
Polderstraat,26,"","",3074XJ,Rotterdam
Polderstraat,28,"","",3074XJ,Rotterdam
Polderstraat,30,"","",3074XJ,Rotterdam
Polderstraat,32,"","",3074XJ,Rotterdam
Polderstraat,34,"","",3074XJ,Rotterdam
Polderstraat,36,"","",3074XJ,Rotterdam
Polderstraat,38,"","",3074XJ,Rotterdam
Polderstraat,40,"","",3074XJ,Rotterdam
Polderstraat,42,"","",3074XJ,Rotterdam
Polderstraat,44,"","",3074XJ,Rotterdam
Polderstraat,46,"","",3074XJ,Rotterdam
Polderstraat,48,"","",3074XJ,Rotterdam
Polderstraat,50,"","",3074XJ,Rotterdam
Polderstraat,52,"","",3074XJ,Rotterdam
Polderstraat,54,"","",3074XJ,Rotterdam
Polderstraat,56,"","",3074XJ,Rotterdam
Polderstraat,58,"","",3074XJ,Rotterdam
Polderstraat,6,"","",3074XJ,Rotterdam
Polderstraat,6,"","",3074XJ,Rotterdam
Polderstraat,60,"","",3074XK,Rotterdam
Polderstraat,62,"","",3074XK,Rotterdam
Polderstraat,64,"","",3074XK,Rotterdam
Polderstraat,66,"","",3074XK,Rotterdam
Polderstraat,68,"","",3074XK,Rotterdam
Polderstraat,70,"","",3074XK,Rotterdam
Polderstraat,72,"","",3074XK,Rotterdam
Polderstraat,74,"","",3074XK,Rotterdam
Polderstraat,76,"","",3074XK,Rotterdam
Polderstraat,78,"","",3074XK,Rotterdam
Polderstraat,80,"","",3074XL,Rotterdam
Polderstraat,82,"","",3074XL,Rotterdam
Polderstraat,84,"","",3074XL,Rotterdam
Polderstraat,84,"",BG,3074XL,Rotterdam
Polderstraat,86,"","",3074XL,Rotterdam
Polderstraat,88,"","",3074XL,Rotterdam
Polderstraat,90,"","",3074XL,Rotterdam
Polderstraat,92,"","",3074XL,Rotterdam
Polderstraat,94,"","",3074XL,Rotterdam
Polderstraat,96,"","",3074XL,Rotterdam
Polderstraat,98,"","",3074XL,Rotterdam
Polderstraat,98,"",BG,3074XL,Rotterdam
Polderstraat,100,"","",3074XM,Rotterdam
Polderstraat,102,"","",3074XM,Rotterdam
Polderstraat,104,"","",3074XM,Rotterdam
Polderstraat,106,"","",3074XM,Rotterdam
Polderstraat,108,"","",3074XM,Rotterdam
Polderstraat,110,"","",3074XM,Rotterdam
Polderstraat,112,"","",3074XM,Rotterdam
Polderstraat,112,"",BG,3074XM,Rotterdam
Polderstraat,114,"","",3074XM,Rotterdam
Polderstraat,116,"","",3074XM,Rotterdam
Polderstraat,118,"","",3074XM,Rotterdam
Polderstraat,120,"","",3074XM,Rotterdam
Polderstraat,122,"","",3074XM,Rotterdam
Polderstraat,124,"","",3074XM,Rotterdam
Polderstraat,126,"","",3074XM,Rotterdam
Polderstraat,126,"",BG,3074XM,Rotterdam
Polderstraat,128,"","",3074XM,Rotterdam
Polderstraat,130,"","",3074XM,Rotterdam
Polderstraat,132,"","",3074XM,Rotterdam
Polderstraat,134,"","",3074XM,Rotterdam
Polderstraat,136,"","",3074XM,Rotterdam
Polderstraat,138,"","",3074XM,Rotterdam
Polderstraat,140,"","",3074XM,Rotterdam
Polderstraat,142,"","",3074XM,Rotterdam
Schildstraat,13,A,"",3074XN,Rotterdam
Schildstraat,13,B,"",3074XN,Rotterdam
Schildstraat,13,C,"",3074XN,Rotterdam
Schildstraat,15,A,"",3074XN,Rotterdam
Schildstraat,15,B,"",3074XN,Rotterdam
Schildstraat,15,C,"",3074XN,Rotterdam
Schildstraat,17,A,"",3074XN,Rotterdam
Schildstraat,17,B,"",3074XN,Rotterdam
Schildstraat,17,C,"",3074XN,Rotterdam
Schildstraat,19,A,"",3074XN,Rotterdam
Schildstraat,19,B,"",3074XN,Rotterdam
Schildstraat,19,C,"",3074XN,Rotterdam
Schildstraat,21,A,"",3074XP,Rotterdam
Schildstraat,21,B,"",3074XP,Rotterdam
Schildstraat,21,C,"",3074XP,Rotterdam
Schildstraat,21,D,"",3074XP,Rotterdam
Schildstraat,23,A,"",3074XP,Rotterdam
Schildstraat,23,B,"",3074XP,Rotterdam
Schildstraat,23,C,"",3074XP,Rotterdam
Schildstraat,23,D,"",3074XP,Rotterdam
Schildstraat,25,A,"",3074XP,Rotterdam
Schildstraat,25,B,"",3074XP,Rotterdam
Schildstraat,25,C,"",3074XP,Rotterdam
Schildstraat,25,D,"",3074XP,Rotterdam
Schildstraat,27,B,"",3074XP,Rotterdam
Schildstraat,27,C,"",3074XP,Rotterdam
Schildstraat,27,D,"",3074XP,Rotterdam
Schildstraat,29,"","",3074XP,Rotterdam
Schildstraat,10,"","",3074XR,Rotterdam
Schildstraat,12,"","",3074XR,Rotterdam
Schildstraat,14,"","",3074XR,Rotterdam
Schildstraat,16,"","",3074XR,Rotterdam
Schildstraat,18,"","",3074XR,Rotterdam
Schildstraat,2,"","",3074XR,Rotterdam
Schildstraat,20,"","",3074XR,Rotterdam
Schildstraat,22,"","",3074XR,Rotterdam
Schildstraat,24,"","",3074XR,Rotterdam
Schildstraat,26,"","",3074XR,Rotterdam
Schildstraat,28,"","",3074XR,Rotterdam
Schildstraat,4,"","",3074XR,Rotterdam
Schildstraat,6,"","",3074XR,Rotterdam
Schildstraat,8,"","",3074XR,Rotterdam
Schildstraat,100,"","",3074XS,Rotterdam
Schildstraat,102,"","",3074XS,Rotterdam
Schildstraat,104,"","",3074XS,Rotterdam
Schildstraat,106,"","",3074XS,Rotterdam
Schildstraat,108,"","",3074XS,Rotterdam
Schildstraat,110,"","",3074XS,Rotterdam
Schildstraat,112,"","",3074XS,Rotterdam
Schildstraat,114,"","",3074XS,Rotterdam
Schildstraat,116,"","",3074XS,Rotterdam
Schildstraat,118,"","",3074XS,Rotterdam
Schildstraat,118,"",BG,3074XS,Rotterdam
Schildstraat,120,"","",3074XS,Rotterdam
Schildstraat,122,"","",3074XS,Rotterdam
Schildstraat,124,"","",3074XS,Rotterdam
Schildstraat,126,"","",3074XS,Rotterdam
Schildstraat,128,"","",3074XS,Rotterdam
Schildstraat,130,"","",3074XS,Rotterdam
Schildstraat,158,"","",3074XS,Rotterdam
Schildstraat,30,"","",3074XS,Rotterdam
Schildstraat,32,"","",3074XS,Rotterdam
Schildstraat,34,"","",3074XS,Rotterdam
Schildstraat,36,"","",3074XS,Rotterdam
Schildstraat,38,"","",3074XS,Rotterdam
Schildstraat,40,"","",3074XS,Rotterdam
Schildstraat,42,"","",3074XS,Rotterdam
Schildstraat,44,"","",3074XS,Rotterdam
Schildstraat,46,"","",3074XS,Rotterdam
Schildstraat,48,"","",3074XS,Rotterdam
Schildstraat,50,"","",3074XS,Rotterdam
Schildstraat,52,"","",3074XS,Rotterdam
Schildstraat,54,"","",3074XS,Rotterdam
Schildstraat,56,"","",3074XS,Rotterdam
Schildstraat,58,"","",3074XS,Rotterdam
Schildstraat,60,"","",3074XS,Rotterdam
Schildstraat,62,"","",3074XS,Rotterdam
Schildstraat,64,"","",3074XS,Rotterdam
Schildstraat,66,"","",3074XS,Rotterdam
Schildstraat,68,"","",3074XS,Rotterdam
Schildstraat,70,"","",3074XS,Rotterdam
Schildstraat,72,"","",3074XS,Rotterdam
Schildstraat,74,"","",3074XS,Rotterdam
Schildstraat,76,"","",3074XS,Rotterdam
Schildstraat,78,"","",3074XS,Rotterdam
Schildstraat,80,"","",3074XS,Rotterdam
Schildstraat,82,"","",3074XS,Rotterdam
Schildstraat,84,"","",3074XS,Rotterdam
Schildstraat,84,"","",3074XS,Rotterdam
Schildstraat,86,"","",3074XS,Rotterdam
Schildstraat,86,"","",3074XS,Rotterdam
Schildstraat,88,"","",3074XS,Rotterdam
Schildstraat,88,"","",3074XS,Rotterdam
Schildstraat,88,"","",3074XS,Rotterdam
Schildstraat,90,"","",3074XS,Rotterdam
Schildstraat,92,"","",3074XS,Rotterdam
Schildstraat,94,"","",3074XS,Rotterdam
Schildstraat,96,"","",3074XS,Rotterdam
Schildstraat,98,"","",3074XS,Rotterdam
Zuidpolderstraat,45,"","",3074XT,Rotterdam
Zuidpolderstraat,47,"","",3074XT,Rotterdam
Zuidpolderstraat,49,"","",3074XT,Rotterdam
Zuidpolderstraat,51,A,"",3074XT,Rotterdam
Zuidpolderstraat,51,B,"",3074XT,Rotterdam
Zuidpolderstraat,53,A,"",3074XT,Rotterdam
Zuidpolderstraat,53,B,"",3074XT,Rotterdam
Zuidpolderstraat,55,A,"",3074XT,Rotterdam
Zuidpolderstraat,55,B,"",3074XT,Rotterdam
Zuidpolderstraat,57,"","",3074XT,Rotterdam
Zuidpolderstraat,63,"","",3074XT,Rotterdam
Zuidpolderstraat,65,A,"",3074XT,Rotterdam
Zuidpolderstraat,65,B,"",3074XT,Rotterdam
Zuidpolderstraat,67,A,"",3074XT,Rotterdam
Zuidpolderstraat,67,B,"",3074XT,Rotterdam
Zuidpolderstraat,69,A,"",3074XT,Rotterdam
Zuidpolderstraat,69,B,"",3074XT,Rotterdam
Zuidpolderstraat,69,B,"",3074XT,Rotterdam
Zuidpolderstraat,69,C,01,3074XT,Rotterdam
Zuidpolderstraat,69,C,02,3074XT,Rotterdam
Zuidpolderstraat,69,C,03,3074XT,Rotterdam
Zuidpolderstraat,71,A,01,3074XT,Rotterdam
Zuidpolderstraat,71,A,02,3074XT,Rotterdam
Zuidpolderstraat,71,B,"",3074XT,Rotterdam
Zuidpolderstraat,71,B,"",3074XT,Rotterdam
Zuidpolderstraat,71,B,"",3074XT,Rotterdam
Zuidpolderstraat,71,B,"",3074XT,Rotterdam
Zuidpolderstraat,71,C,"",3074XT,Rotterdam
Zuidpolderstraat,73,A,"",3074XT,Rotterdam
Zuidpolderstraat,73,A,01,3074XT,Rotterdam
Zuidpolderstraat,73,A,02,3074XT,Rotterdam
Zuidpolderstraat,73,B,"",3074XT,Rotterdam
Zuidpolderstraat,73,C,"",3074XT,Rotterdam
Zuidpolderstraat,75,A,01,3074XT,Rotterdam
Zuidpolderstraat,75,A,02,3074XT,Rotterdam
Zuidpolderstraat,75,B,"",3074XT,Rotterdam
Zuidpolderstraat,77,A,"",3074XT,Rotterdam
Zuidpolderstraat,77,B,"",3074XT,Rotterdam
Zuidpolderstraat,77,C,"",3074XT,Rotterdam
Zuidpolderstraat,32,"","",3074XW,Rotterdam
Zuidpolderstraat,34,A,"",3074XW,Rotterdam
Zuidpolderstraat,34,B,"",3074XW,Rotterdam
Zuidpolderstraat,34,C,"",3074XW,Rotterdam
Zuidpolderstraat,36,A,"",3074XW,Rotterdam
Zuidpolderstraat,36,B,"",3074XW,Rotterdam
Zuidpolderstraat,36,C,"",3074XW,Rotterdam
Zuidpolderstraat,38,A,"",3074XW,Rotterdam
Zuidpolderstraat,38,B,"",3074XW,Rotterdam
Zuidpolderstraat,38,C,"",3074XW,Rotterdam
Zuidpolderstraat,40,"","",3074XW,Rotterdam
Zuidpolderstraat,40,"",BG,3074XW,Rotterdam
Zuidpolderstraat,42,A,"",3074XW,Rotterdam
Zuidpolderstraat,42,B,01,3074XW,Rotterdam
Zuidpolderstraat,42,B,02,3074XW,Rotterdam
Zuidpolderstraat,44,A,"",3074XW,Rotterdam
Zuidpolderstraat,44,B,"",3074XW,Rotterdam
Zuidpolderstraat,46,"",01,3074XW,Rotterdam
Zuidpolderstraat,46,"",02,3074XW,Rotterdam
Kegelstraat,1,"","",3074ZA,Rotterdam
Kegelstraat,11,"","",3074ZA,Rotterdam
Kegelstraat,13,"","",3074ZA,Rotterdam
Kegelstraat,15,"","",3074ZA,Rotterdam
Kegelstraat,17,"","",3074ZA,Rotterdam
Kegelstraat,19,"","",3074ZA,Rotterdam
Kegelstraat,21,"","",3074ZA,Rotterdam
Kegelstraat,23,"","",3074ZA,Rotterdam
Kegelstraat,25,"","",3074ZA,Rotterdam
Kegelstraat,27,"","",3074ZA,Rotterdam
Kegelstraat,5,"","",3074ZA,Rotterdam
Kegelstraat,5,"",BG,3074ZA,Rotterdam
Kegelstraat,7,"","",3074ZA,Rotterdam
Kegelstraat,9,"","",3074ZA,Rotterdam
Kegelstraat,10,"","",3074ZB,Rotterdam
Kegelstraat,12,"","",3074ZB,Rotterdam
Kegelstraat,14,"","",3074ZB,Rotterdam
Kegelstraat,16,"","",3074ZB,Rotterdam
Kegelstraat,18,"","",3074ZB,Rotterdam
Kegelstraat,20,"","",3074ZB,Rotterdam
Kegelstraat,22,"","",3074ZB,Rotterdam
Kegelstraat,24,"","",3074ZB,Rotterdam
Kegelstraat,26,"","",3074ZB,Rotterdam
Kegelstraat,28,"","",3074ZB,Rotterdam
Kegelstraat,30,"","",3074ZB,Rotterdam
Kegelstraat,6,"","",3074ZB,Rotterdam
Kegelstraat,6,"",BG,3074ZB,Rotterdam
Kegelstraat,8,"","",3074ZB,Rotterdam
Klosstraat,10,"","",3074ZD,Rotterdam
Klosstraat,100,"","",3074ZD,Rotterdam
Klosstraat,102,"","",3074ZD,Rotterdam
Klosstraat,104,"","",3074ZD,Rotterdam
Klosstraat,106,"","",3074ZD,Rotterdam
Klosstraat,12,"","",3074ZD,Rotterdam
Klosstraat,12,"","",3074ZD,Rotterdam
Klosstraat,12,"",BG,3074ZD,Rotterdam
Klosstraat,14,"","",3074ZD,Rotterdam
Klosstraat,14,"","",3074ZD,Rotterdam
Slaghekstraat,143,"","",3074ZD,Rotterdam
Slaghekstraat,145,"","",3074ZD,Rotterdam
Klosstraat,16,"","",3074ZD,Rotterdam
Klosstraat,16,"","",3074ZD,Rotterdam
Klosstraat,18,"","",3074ZD,Rotterdam
Klosstraat,18,"","",3074ZD,Rotterdam
Klosstraat,20,"","",3074ZD,Rotterdam
Klosstraat,20,"","",3074ZD,Rotterdam
Klosstraat,22,"","",3074ZD,Rotterdam
Klosstraat,22,"","",3074ZD,Rotterdam
Klosstraat,24,"","",3074ZD,Rotterdam
Klosstraat,24,"","",3074ZD,Rotterdam
Klosstraat,26,"","",3074ZD,Rotterdam
Klosstraat,26,"","",3074ZD,Rotterdam
Klosstraat,28,"","",3074ZD,Rotterdam
Klosstraat,28,"","",3074ZD,Rotterdam
Klosstraat,30,"","",3074ZD,Rotterdam
Klosstraat,30,"","",3074ZD,Rotterdam
Klosstraat,32,"","",3074ZD,Rotterdam
Klosstraat,32,"","",3074ZD,Rotterdam
Klosstraat,34,"","",3074ZD,Rotterdam
Klosstraat,34,"","",3074ZD,Rotterdam
Klosstraat,36,"","",3074ZD,Rotterdam
Klosstraat,36,"","",3074ZD,Rotterdam
Klosstraat,36,"",BG,3074ZD,Rotterdam
Klosstraat,38,"","",3074ZD,Rotterdam
Klosstraat,38,"","",3074ZD,Rotterdam
Klosstraat,38,"",BG,3074ZD,Rotterdam
Klosstraat,40,"","",3074ZD,Rotterdam
Klosstraat,40,"","",3074ZD,Rotterdam
Klosstraat,42,"","",3074ZD,Rotterdam
Klosstraat,42,"","",3074ZD,Rotterdam
Klosstraat,44,"","",3074ZD,Rotterdam
Klosstraat,44,"","",3074ZD,Rotterdam
Klosstraat,46,"","",3074ZD,Rotterdam
Klosstraat,46,"","",3074ZD,Rotterdam
Klosstraat,48,"","",3074ZD,Rotterdam
Klosstraat,48,"","",3074ZD,Rotterdam
Klosstraat,50,"","",3074ZD,Rotterdam
Klosstraat,50,"","",3074ZD,Rotterdam
Klosstraat,52,"","",3074ZD,Rotterdam
Klosstraat,52,"","",3074ZD,Rotterdam
Klosstraat,54,"","",3074ZD,Rotterdam
Klosstraat,54,"","",3074ZD,Rotterdam
Klosstraat,56,"","",3074ZD,Rotterdam
Klosstraat,56,"","",3074ZD,Rotterdam
Klosstraat,58,"","",3074ZD,Rotterdam
Klosstraat,58,"","",3074ZD,Rotterdam
Klosstraat,60,"","",3074ZD,Rotterdam
Klosstraat,60,"","",3074ZD,Rotterdam
Klosstraat,62,"","",3074ZD,Rotterdam
Klosstraat,62,"","",3074ZD,Rotterdam
Klosstraat,64,"","",3074ZD,Rotterdam
Klosstraat,64,"","",3074ZD,Rotterdam
Klosstraat,66,"","",3074ZD,Rotterdam
Klosstraat,68,"","",3074ZD,Rotterdam
Klosstraat,70,"","",3074ZD,Rotterdam
Klosstraat,72,"","",3074ZD,Rotterdam
Klosstraat,74,"","",3074ZD,Rotterdam
Klosstraat,76,"","",3074ZD,Rotterdam
Klosstraat,78,"","",3074ZD,Rotterdam
Klosstraat,8,"","",3074ZD,Rotterdam
Klosstraat,80,"","",3074ZD,Rotterdam
Klosstraat,82,"","",3074ZD,Rotterdam
Klosstraat,84,"","",3074ZD,Rotterdam
Klosstraat,86,"","",3074ZD,Rotterdam
Klosstraat,88,"","",3074ZD,Rotterdam
Klosstraat,90,"","",3074ZD,Rotterdam
Klosstraat,92,"","",3074ZD,Rotterdam
Klosstraat,94,"","",3074ZD,Rotterdam
Klosstraat,96,"","",3074ZD,Rotterdam
Klosstraat,98,"","",3074ZD,Rotterdam
Maliestraat,19,"","",3074ZE,Rotterdam
Maliestraat,21,"","",3074ZE,Rotterdam
Maliestraat,21,"","",3074ZE,Rotterdam
Maliestraat,23,"","",3074ZE,Rotterdam
Maliestraat,23,"","",3074ZE,Rotterdam
Maliestraat,25,"","",3074ZE,Rotterdam
Maliestraat,25,"","",3074ZE,Rotterdam
Maliestraat,27,"","",3074ZE,Rotterdam
Maliestraat,27,"","",3074ZE,Rotterdam
Maliestraat,29,"","",3074ZE,Rotterdam
Maliestraat,29,"","",3074ZE,Rotterdam
Maliestraat,31,"","",3074ZE,Rotterdam
Maliestraat,31,"","",3074ZE,Rotterdam
Maliestraat,33,"","",3074ZE,Rotterdam
Maliestraat,33,"","",3074ZE,Rotterdam
Maliestraat,33,"",BG,3074ZE,Rotterdam
Maliestraat,35,"","",3074ZE,Rotterdam
Maliestraat,35,"","",3074ZE,Rotterdam
Maliestraat,37,"","",3074ZE,Rotterdam
Maliestraat,37,"","",3074ZE,Rotterdam
Maliestraat,39,"","",3074ZE,Rotterdam
Maliestraat,39,"","",3074ZE,Rotterdam
Maliestraat,41,"","",3074ZE,Rotterdam
Maliestraat,43,"","",3074ZE,Rotterdam
Maliestraat,45,"","",3074ZE,Rotterdam
Maliestraat,47,"","",3074ZE,Rotterdam
Maliestraat,49,"","",3074ZE,Rotterdam
Maliestraat,51,"","",3074ZE,Rotterdam
Maliestraat,51,"",BG,3074ZE,Rotterdam
Maliestraat,53,"","",3074ZE,Rotterdam
Maliestraat,55,"","",3074ZE,Rotterdam
Maliestraat,57,"","",3074ZE,Rotterdam
Maliestraat,59,"","",3074ZE,Rotterdam
Maliestraat,61,"","",3074ZE,Rotterdam
Maliestraat,63,"","",3074ZE,Rotterdam
Maliestraat,65,"","",3074ZE,Rotterdam
Maliestraat,67,"","",3074ZE,Rotterdam
Maliestraat,69,"","",3074ZE,Rotterdam
Maliestraat,71,"","",3074ZE,Rotterdam
Maliestraat,73,"","",3074ZE,Rotterdam
Maliestraat,75,"","",3074ZE,Rotterdam
Maliestraat,77,"","",3074ZE,Rotterdam
Maliestraat,10,"","",3074ZG,Rotterdam
Maliestraat,12,"","",3074ZG,Rotterdam
Maliestraat,14,"","",3074ZG,Rotterdam
Maliestraat,16,"","",3074ZG,Rotterdam
Maliestraat,18,"","",3074ZG,Rotterdam
Maliestraat,20,"","",3074ZG,Rotterdam
Maliestraat,20,"","",3074ZG,Rotterdam
Maliestraat,22,"","",3074ZG,Rotterdam
Maliestraat,22,"","",3074ZG,Rotterdam
Maliestraat,24,"","",3074ZG,Rotterdam
Maliestraat,26,"","",3074ZG,Rotterdam
Maliestraat,26,"","",3074ZG,Rotterdam
Maliestraat,28,"","",3074ZG,Rotterdam
Maliestraat,28,"","",3074ZG,Rotterdam
Maliestraat,30,"","",3074ZG,Rotterdam
Maliestraat,32,"","",3074ZG,Rotterdam
Maliestraat,34,"","",3074ZG,Rotterdam
Maliestraat,36,"","",3074ZG,Rotterdam
Maliestraat,38,"","",3074ZG,Rotterdam
Maliestraat,40,"","",3074ZG,Rotterdam
Maliestraat,42,"","",3074ZG,Rotterdam
Maliestraat,44,"","",3074ZG,Rotterdam
Maliestraat,46,"","",3074ZG,Rotterdam
Maliestraat,48,"","",3074ZG,Rotterdam
Maliestraat,50,"","",3074ZG,Rotterdam
Maliestraat,52,"","",3074ZG,Rotterdam
Maliestraat,54,"","",3074ZG,Rotterdam
Maliestraat,56,"","",3074ZG,Rotterdam
Maliestraat,58,"","",3074ZG,Rotterdam
Maliestraat,60,"","",3074ZG,Rotterdam
Maliestraat,62,"","",3074ZG,Rotterdam
Maliestraat,64,"","",3074ZG,Rotterdam
Maliestraat,70,"","",3074ZG,Rotterdam
Maliestraat,8,"","",3074ZG,Rotterdam
Pantserstraat,11,"","",3074ZH,Rotterdam
Pantserstraat,13,"","",3074ZH,Rotterdam
Pantserstraat,15,"","",3074ZH,Rotterdam
Pantserstraat,17,"","",3074ZH,Rotterdam
Pantserstraat,19,"","",3074ZH,Rotterdam
Pantserstraat,21,"","",3074ZH,Rotterdam
Pantserstraat,23,"","",3074ZH,Rotterdam
Pantserstraat,25,"","",3074ZH,Rotterdam
Pantserstraat,27,"","",3074ZH,Rotterdam
Pantserstraat,29,"","",3074ZH,Rotterdam
Pantserstraat,31,"","",3074ZH,Rotterdam
Pantserstraat,33,"","",3074ZH,Rotterdam
Pantserstraat,35,"","",3074ZH,Rotterdam
Pantserstraat,37,"","",3074ZH,Rotterdam
Pantserstraat,39,"","",3074ZH,Rotterdam
Pantserstraat,5,"","",3074ZH,Rotterdam
Pantserstraat,7,"","",3074ZH,Rotterdam
Pantserstraat,9,"","",3074ZH,Rotterdam
Putsestraat,11,"","",3074ZK,Rotterdam
Putsestraat,11,"","",3074ZK,Rotterdam
Putsestraat,13,"","",3074ZK,Rotterdam
Putsestraat,13,"","",3074ZK,Rotterdam
Putsestraat,15,"","",3074ZK,Rotterdam
Putsestraat,15,A,"",3074ZK,Rotterdam
Putsestraat,15,B,"",3074ZK,Rotterdam
Putsestraat,15,C,"",3074ZK,Rotterdam
Putsestraat,15,D,"",3074ZK,Rotterdam
Putsestraat,15,E,"",3074ZK,Rotterdam
Putsestraat,17,"","",3074ZK,Rotterdam
Putsestraat,19,"","",3074ZK,Rotterdam
Putsestraat,19,A,"",3074ZK,Rotterdam
Putsestraat,19,B,"",3074ZK,Rotterdam
Putsestraat,21,"","",3074ZK,Rotterdam
Putsestraat,23,"","",3074ZK,Rotterdam
Putsestraat,25,"","",3074ZK,Rotterdam
Putsestraat,27,"","",3074ZK,Rotterdam
Putsestraat,29,"","",3074ZK,Rotterdam
Putsestraat,31,"","",3074ZK,Rotterdam
Putsestraat,5,"","",3074ZK,Rotterdam
Putsestraat,7,"","",3074ZK,Rotterdam
Putsestraat,7,A,"",3074ZK,Rotterdam
Putsestraat,7,B,"",3074ZK,Rotterdam
Putsestraat,7,C,"",3074ZK,Rotterdam
Putsestraat,7,D,"",3074ZK,Rotterdam
Putsestraat,7,E,"",3074ZK,Rotterdam
Putsestraat,7,F,"",3074ZK,Rotterdam
Putsestraat,9,"","",3074ZK,Rotterdam
Putsestraat,9,"","",3074ZK,Rotterdam
Putsestraat,21,"","",3074ZL,Rotterdam
Putsestraat,21,"","",3074ZL,Rotterdam
Putsestraat,23,"","",3074ZL,Rotterdam
Putsestraat,23,A,"",3074ZL,Rotterdam
Putsestraat,23,B,"",3074ZL,Rotterdam
Putsestraat,23,C,"",3074ZL,Rotterdam
Putsestraat,25,"","",3074ZL,Rotterdam
Putsestraat,25,A,"",3074ZL,Rotterdam
Putsestraat,25,B,"",3074ZL,Rotterdam
Putsestraat,25,C,"",3074ZL,Rotterdam
Putsestraat,27,"","",3074ZL,Rotterdam
Putsestraat,29,"","",3074ZL,Rotterdam
Putsestraat,29,"","",3074ZL,Rotterdam
Putsestraat,31,"","",3074ZL,Rotterdam
Putsestraat,31,A,"",3074ZL,Rotterdam
Putsestraat,31,B,"",3074ZL,Rotterdam
Putsestraat,31,C,"",3074ZL,Rotterdam
Putsestraat,33,A,"",3074ZL,Rotterdam
Putsestraat,33,B,"",3074ZL,Rotterdam
Putsestraat,33,C,"",3074ZL,Rotterdam
Putsestraat,33,D,"",3074ZL,Rotterdam
Putsestraat,37,A,"",3074ZL,Rotterdam
Putsestraat,37,B,01,3074ZL,Rotterdam
Putsestraat,37,B,02,3074ZL,Rotterdam
Putsestraat,10,A,"",3074ZM,Rotterdam
Putsestraat,10,B,"",3074ZM,Rotterdam
Putsestraat,12,A,"",3074ZM,Rotterdam
Putsestraat,12,B,"",3074ZM,Rotterdam
Putsestraat,12,C,"",3074ZM,Rotterdam
Putsestraat,12,D,"",3074ZM,Rotterdam
Putsestraat,12,E,"",3074ZM,Rotterdam
Putsestraat,12,F,"",3074ZM,Rotterdam
Putsestraat,14,A,"",3074ZM,Rotterdam
Putsestraat,14,B,"",3074ZM,Rotterdam
Putsestraat,16,A,"",3074ZM,Rotterdam
Putsestraat,16,B,"",3074ZM,Rotterdam
Putsestraat,16,C,"",3074ZM,Rotterdam
Putsestraat,18,B,"",3074ZM,Rotterdam
Putsestraat,18,C,"",3074ZM,Rotterdam
Putsestraat,18,D,"",3074ZM,Rotterdam
Putsestraat,4,"","",3074ZM,Rotterdam
Putsestraat,6,"","",3074ZM,Rotterdam
Putsestraat,8,"","",3074ZM,Rotterdam
Putsestraat,20,"",01,3074ZN,Rotterdam
Putsestraat,20,"",BG,3074ZN,Rotterdam
Putsestraat,22,"","",3074ZN,Rotterdam
Putsestraat,24,"","",3074ZN,Rotterdam
Putsestraat,26,B,"",3074ZN,Rotterdam
Putsestraat,26,C,"",3074ZN,Rotterdam
Putsestraat,26,D,"",3074ZN,Rotterdam
Putsestraat,28,A,"",3074ZN,Rotterdam
Putsestraat,28,B,"",3074ZN,Rotterdam
Putsestraat,28,C,"",3074ZN,Rotterdam
Putsestraat,28,D,"",3074ZN,Rotterdam
Putsestraat,30,"","",3074ZN,Rotterdam
Putsestraat,32,B,"",3074ZN,Rotterdam
Putsestraat,32,C,"",3074ZN,Rotterdam
Putsestraat,32,D,"",3074ZN,Rotterdam
Putsestraat,34,A,"",3074ZN,Rotterdam
Putsestraat,34,B,"",3074ZN,Rotterdam
Putsestraat,34,C,"",3074ZN,Rotterdam
Putsestraat,34,D,"",3074ZN,Rotterdam
Putsestraat,36,"","",3074ZN,Rotterdam
Putsestraat,42,A,"",3074ZN,Rotterdam
Putsestraat,42,B,01,3074ZN,Rotterdam
Putsestraat,42,B,02,3074ZN,Rotterdam
Putsestraat,44,A,01,3074ZN,Rotterdam
Putsestraat,44,A,02,3074ZN,Rotterdam
Putsestraat,44,A,03,3074ZN,Rotterdam
Putsestraat,44,B,"",3074ZN,Rotterdam
Putsestraat,46,"","",3074ZN,Rotterdam
Putsestraat,48,"","",3074ZN,Rotterdam
Wapenstraat,1,"","",3074ZP,Rotterdam
Wapenstraat,11,B,"",3074ZP,Rotterdam
Wapenstraat,11,C,"",3074ZP,Rotterdam
Wapenstraat,13,"","",3074ZP,Rotterdam
Wapenstraat,15,"","",3074ZP,Rotterdam
Wapenstraat,17,A,"",3074ZP,Rotterdam
Wapenstraat,17,B,"",3074ZP,Rotterdam
Wapenstraat,17,C,"",3074ZP,Rotterdam
Wapenstraat,21,A,01,3074ZP,Rotterdam
Wapenstraat,21,A,02,3074ZP,Rotterdam
Wapenstraat,21,B,"",3074ZP,Rotterdam
Wapenstraat,21,B,"",3074ZP,Rotterdam
Wapenstraat,21,B,SO,3074ZP,Rotterdam
Wapenstraat,21,C,01,3074ZP,Rotterdam
Wapenstraat,21,C,02,3074ZP,Rotterdam
Wapenstraat,23,"","",3074ZP,Rotterdam
Wapenstraat,25,"",BG,3074ZP,Rotterdam
Wapenstraat,25,A,"",3074ZP,Rotterdam
Wapenstraat,25,B,"",3074ZP,Rotterdam
Wapenstraat,3,A,"",3074ZP,Rotterdam
Wapenstraat,3,B,"",3074ZP,Rotterdam
Wapenstraat,3,C,"",3074ZP,Rotterdam
Wapenstraat,5,A,"",3074ZP,Rotterdam
Wapenstraat,5,B,"",3074ZP,Rotterdam
Wapenstraat,5,C,"",3074ZP,Rotterdam
Wapenstraat,7,"","",3074ZP,Rotterdam
Wapenstraat,9,A,"",3074ZP,Rotterdam
Wapenstraat,9,B,"",3074ZP,Rotterdam
Wapenstraat,9,C,"",3074ZP,Rotterdam
Wapenstraat,27,A,"",3074ZR,Rotterdam
Wapenstraat,27,B,"",3074ZR,Rotterdam
Wapenstraat,29,A,"",3074ZR,Rotterdam
Wapenstraat,29,B,"",3074ZR,Rotterdam
Wapenstraat,31,A,"",3074ZR,Rotterdam
Wapenstraat,31,B,"",3074ZR,Rotterdam
Wapenstraat,33,"",BG,3074ZR,Rotterdam
Wapenstraat,33,A,"",3074ZR,Rotterdam
Wapenstraat,33,B,"",3074ZR,Rotterdam
Wapenstraat,35,"","",3074ZR,Rotterdam
Wapenstraat,37,A,"",3074ZR,Rotterdam
Wapenstraat,37,B,"",3074ZR,Rotterdam
Wapenstraat,39,"",BG,3074ZR,Rotterdam
Wapenstraat,39,A,"",3074ZR,Rotterdam
Wapenstraat,39,B,"",3074ZR,Rotterdam
Wapenstraat,41,"","",3074ZR,Rotterdam
Wapenstraat,43,A,"",3074ZR,Rotterdam
Wapenstraat,43,B,"",3074ZR,Rotterdam
Wapenstraat,45,A,"",3074ZR,Rotterdam
Wapenstraat,45,B,"",3074ZR,Rotterdam
Wapenstraat,47,A,01,3074ZR,Rotterdam
Wapenstraat,47,A,02,3074ZR,Rotterdam
Wapenstraat,47,A,03,3074ZR,Rotterdam
Wapenstraat,47,B,"",3074ZR,Rotterdam
Wapenstraat,47,C,01,3074ZR,Rotterdam
Wapenstraat,47,C,02,3074ZR,Rotterdam
Wapenstraat,51,"","",3074ZR,Rotterdam
Wapenstraat,10,"","",3074ZS,Rotterdam
Wapenstraat,12,"","",3074ZS,Rotterdam
Wapenstraat,14,"","",3074ZS,Rotterdam
Wapenstraat,16,"","",3074ZS,Rotterdam
Wapenstraat,18,A,"",3074ZS,Rotterdam
Wapenstraat,18,B,"",3074ZS,Rotterdam
Wapenstraat,18,C,"",3074ZS,Rotterdam
Wapenstraat,18,C,SO,3074ZS,Rotterdam
Wapenstraat,20,A,"",3074ZS,Rotterdam
Wapenstraat,20,B,"",3074ZS,Rotterdam
Wapenstraat,20,C,"",3074ZS,Rotterdam
Wapenstraat,22,A,"",3074ZS,Rotterdam
Wapenstraat,22,B,"",3074ZS,Rotterdam
Wapenstraat,22,C,"",3074ZS,Rotterdam
Wapenstraat,24,"",BG,3074ZS,Rotterdam
Wapenstraat,24,A,"",3074ZS,Rotterdam
Wapenstraat,24,B,"",3074ZS,Rotterdam
Wapenstraat,24,C,"",3074ZS,Rotterdam
Wapenstraat,24,D,"",3074ZS,Rotterdam
Wapenstraat,26,B,"",3074ZS,Rotterdam
Wapenstraat,26,C,"",3074ZS,Rotterdam
Wapenstraat,26,D,"",3074ZS,Rotterdam
Wapenstraat,28,"","",3074ZS,Rotterdam
Wapenstraat,8,"","",3074ZS,Rotterdam
Wielerstraat,1,"","",3074ZV,Rotterdam
Wielerstraat,10,"","",3074ZV,Rotterdam
Wielerstraat,12,"","",3074ZV,Rotterdam
Wielerstraat,14,"","",3074ZV,Rotterdam
Wielerstraat,16,"","",3074ZV,Rotterdam
Wielerstraat,18,"","",3074ZV,Rotterdam
Wielerstraat,2,"","",3074ZV,Rotterdam
Wielerstraat,20,"","",3074ZV,Rotterdam
Wielerstraat,22,"","",3074ZV,Rotterdam
Wielerstraat,24,"","",3074ZV,Rotterdam
Wielerstraat,26,"","",3074ZV,Rotterdam
Wielerstraat,28,"","",3074ZV,Rotterdam
Wielerstraat,3,"","",3074ZV,Rotterdam
Wielerstraat,30,"","",3074ZV,Rotterdam
Wielerstraat,32,"","",3074ZV,Rotterdam
Wielerstraat,5,"","",3074ZV,Rotterdam
Wielerstraat,6,"","",3074ZV,Rotterdam
Wielerstraat,8,"","",3074ZV,Rotterdam
Wielerstraat,9,"","",3074ZV,Rotterdam
Breeweg,11,"","",3075LJ,Rotterdam
Breeweg,13,"","",3075LJ,Rotterdam
Breeweg,15,"","",3075LJ,Rotterdam
Breeweg,17,"","",3075LJ,Rotterdam
Breeweg,17,"","",3075LJ,Rotterdam
Breeweg,17,A,"",3075LJ,Rotterdam
Breeweg,29,"","",3075LJ,Rotterdam
Breeweg,3,"","",3075LJ,Rotterdam
Breeweg,31,"","",3075LJ,Rotterdam
Breeweg,35,"","",3075LJ,Rotterdam
Breeweg,5,"","",3075LJ,Rotterdam
Breeweg,9,"","",3075LJ,Rotterdam
Colosseumweg,101,"","",3075LZ,Rotterdam
Colosseumweg,103,"","",3075LZ,Rotterdam
Colosseumweg,105,"","",3075LZ,Rotterdam
Colosseumweg,107,"","",3075LZ,Rotterdam
Colosseumweg,109,"","",3075LZ,Rotterdam
Colosseumweg,111,"","",3075LZ,Rotterdam
Colosseumweg,113,"","",3075LZ,Rotterdam
Colosseumweg,115,"","",3075LZ,Rotterdam
Colosseumweg,117,"","",3075LZ,Rotterdam
Colosseumweg,119,"","",3075LZ,Rotterdam
Colosseumweg,121,"","",3075LZ,Rotterdam
Colosseumweg,123,"","",3075LZ,Rotterdam
Colosseumweg,125,"","",3075LZ,Rotterdam
Colosseumweg,127,"","",3075LZ,Rotterdam
Colosseumweg,129,"","",3075LZ,Rotterdam
Colosseumweg,131,"","",3075LZ,Rotterdam
Colosseumweg,133,"","",3075LZ,Rotterdam
Colosseumweg,135,"","",3075LZ,Rotterdam
Colosseumweg,137,"","",3075LZ,Rotterdam
Colosseumweg,139,"","",3075LZ,Rotterdam
Colosseumweg,141,"","",3075LZ,Rotterdam
Colosseumweg,143,"","",3075LZ,Rotterdam
Colosseumweg,145,"","",3075LZ,Rotterdam
Colosseumweg,147,"","",3075LZ,Rotterdam
Colosseumweg,149,"","",3075LZ,Rotterdam
Colosseumweg,151,"","",3075LZ,Rotterdam
Colosseumweg,153,"","",3075LZ,Rotterdam
Colosseumweg,155,"","",3075LZ,Rotterdam
Colosseumweg,157,"","",3075LZ,Rotterdam
Colosseumweg,159,"","",3075LZ,Rotterdam
Colosseumweg,161,"","",3075LZ,Rotterdam
Colosseumweg,163,"","",3075LZ,Rotterdam
Colosseumweg,165,"","",3075LZ,Rotterdam
Colosseumweg,167,"","",3075LZ,Rotterdam
Colosseumweg,169,"","",3075LZ,Rotterdam
Colosseumweg,17,"","",3075LZ,Rotterdam
Colosseumweg,171,"","",3075LZ,Rotterdam
Colosseumweg,173,"","",3075LZ,Rotterdam
Colosseumweg,175,"","",3075LZ,Rotterdam
Colosseumweg,177,"","",3075LZ,Rotterdam
Colosseumweg,179,"","",3075LZ,Rotterdam
Colosseumweg,181,"","",3075LZ,Rotterdam
Colosseumweg,183,"","",3075LZ,Rotterdam
Colosseumweg,185,"","",3075LZ,Rotterdam
Colosseumweg,187,"","",3075LZ,Rotterdam
Colosseumweg,189,"","",3075LZ,Rotterdam
Colosseumweg,19,"","",3075LZ,Rotterdam
Colosseumweg,191,"","",3075LZ,Rotterdam
Colosseumweg,193,"","",3075LZ,Rotterdam
Colosseumweg,195,"","",3075LZ,Rotterdam
Colosseumweg,197,"","",3075LZ,Rotterdam
Colosseumweg,199,"","",3075LZ,Rotterdam
Colosseumweg,201,"","",3075LZ,Rotterdam
Colosseumweg,203,"","",3075LZ,Rotterdam
Colosseumweg,205,"","",3075LZ,Rotterdam
Colosseumweg,207,"","",3075LZ,Rotterdam
Colosseumweg,209,"","",3075LZ,Rotterdam
Colosseumweg,21,"","",3075LZ,Rotterdam
Colosseumweg,211,"","",3075LZ,Rotterdam
Colosseumweg,213,"","",3075LZ,Rotterdam
Colosseumweg,215,"","",3075LZ,Rotterdam
Colosseumweg,217,"","",3075LZ,Rotterdam
Colosseumweg,219,"","",3075LZ,Rotterdam
Colosseumweg,221,"","",3075LZ,Rotterdam
Colosseumweg,223,"","",3075LZ,Rotterdam
Colosseumweg,225,"","",3075LZ,Rotterdam
Colosseumweg,227,"","",3075LZ,Rotterdam
Colosseumweg,229,"","",3075LZ,Rotterdam
Colosseumweg,23,"","",3075LZ,Rotterdam
Colosseumweg,231,"","",3075LZ,Rotterdam
Colosseumweg,233,"","",3075LZ,Rotterdam
Colosseumweg,235,"","",3075LZ,Rotterdam
Colosseumweg,237,"","",3075LZ,Rotterdam
Colosseumweg,239,"","",3075LZ,Rotterdam
Colosseumweg,241,"","",3075LZ,Rotterdam
Colosseumweg,243,"","",3075LZ,Rotterdam
Colosseumweg,245,"","",3075LZ,Rotterdam
Colosseumweg,247,"","",3075LZ,Rotterdam
Colosseumweg,249,"","",3075LZ,Rotterdam
Colosseumweg,25,"","",3075LZ,Rotterdam
Colosseumweg,251,"","",3075LZ,Rotterdam
Colosseumweg,253,"","",3075LZ,Rotterdam
Colosseumweg,255,"","",3075LZ,Rotterdam
Colosseumweg,27,"","",3075LZ,Rotterdam
Colosseumweg,29,"","",3075LZ,Rotterdam
Colosseumweg,31,"","",3075LZ,Rotterdam
Colosseumweg,33,"","",3075LZ,Rotterdam
Colosseumweg,35,"","",3075LZ,Rotterdam
Colosseumweg,37,"","",3075LZ,Rotterdam
West-Varkenoordseweg,381,"","",3075LZ,Rotterdam
West-Varkenoordseweg,383,"","",3075LZ,Rotterdam
West-Varkenoordseweg,385,"","",3075LZ,Rotterdam
West-Varkenoordseweg,387,"","",3075LZ,Rotterdam
West-Varkenoordseweg,389,"","",3075LZ,Rotterdam
Colosseumweg,39,"","",3075LZ,Rotterdam
West-Varkenoordseweg,391,"","",3075LZ,Rotterdam
West-Varkenoordseweg,393,"","",3075LZ,Rotterdam
West-Varkenoordseweg,395,"","",3075LZ,Rotterdam
West-Varkenoordseweg,397,"","",3075LZ,Rotterdam
West-Varkenoordseweg,399,"","",3075LZ,Rotterdam
West-Varkenoordseweg,401,"","",3075LZ,Rotterdam
West-Varkenoordseweg,403,"","",3075LZ,Rotterdam
West-Varkenoordseweg,405,"","",3075LZ,Rotterdam
West-Varkenoordseweg,407,"","",3075LZ,Rotterdam
West-Varkenoordseweg,409,"","",3075LZ,Rotterdam
Colosseumweg,41,"","",3075LZ,Rotterdam
West-Varkenoordseweg,411,"","",3075LZ,Rotterdam
West-Varkenoordseweg,413,"","",3075LZ,Rotterdam
West-Varkenoordseweg,415,"","",3075LZ,Rotterdam
West-Varkenoordseweg,417,"","",3075LZ,Rotterdam
West-Varkenoordseweg,419,"","",3075LZ,Rotterdam
West-Varkenoordseweg,421,"","",3075LZ,Rotterdam
West-Varkenoordseweg,423,"","",3075LZ,Rotterdam
West-Varkenoordseweg,425,"","",3075LZ,Rotterdam
West-Varkenoordseweg,427,"","",3075LZ,Rotterdam
West-Varkenoordseweg,429,"","",3075LZ,Rotterdam
Colosseumweg,43,"","",3075LZ,Rotterdam
West-Varkenoordseweg,431,"","",3075LZ,Rotterdam
West-Varkenoordseweg,433,"","",3075LZ,Rotterdam
West-Varkenoordseweg,435,"","",3075LZ,Rotterdam
West-Varkenoordseweg,437,"","",3075LZ,Rotterdam
West-Varkenoordseweg,439,"","",3075LZ,Rotterdam
West-Varkenoordseweg,441,"","",3075LZ,Rotterdam
West-Varkenoordseweg,443,"","",3075LZ,Rotterdam
West-Varkenoordseweg,445,"","",3075LZ,Rotterdam
West-Varkenoordseweg,447,"","",3075LZ,Rotterdam
West-Varkenoordseweg,449,"","",3075LZ,Rotterdam
Colosseumweg,45,"","",3075LZ,Rotterdam
Colosseumweg,450,"","",3075LZ,Rotterdam
West-Varkenoordseweg,451,"","",3075LZ,Rotterdam
West-Varkenoordseweg,453,"","",3075LZ,Rotterdam
West-Varkenoordseweg,455,"","",3075LZ,Rotterdam
West-Varkenoordseweg,457,"","",3075LZ,Rotterdam
West-Varkenoordseweg,459,"","",3075LZ,Rotterdam
West-Varkenoordseweg,461,"","",3075LZ,Rotterdam
West-Varkenoordseweg,465,"","",3075LZ,Rotterdam
Colosseumweg,47,"","",3075LZ,Rotterdam
Colosseumweg,470,"","",3075LZ,Rotterdam
Colosseumweg,49,"","",3075LZ,Rotterdam
Colosseumweg,51,"","",3075LZ,Rotterdam
Colosseumweg,53,"","",3075LZ,Rotterdam
Colosseumweg,55,"","",3075LZ,Rotterdam
Colosseumweg,57,"","",3075LZ,Rotterdam
Colosseumweg,59,"","",3075LZ,Rotterdam
Colosseumweg,61,"","",3075LZ,Rotterdam
Colosseumweg,63,"","",3075LZ,Rotterdam
Colosseumweg,65,"","",3075LZ,Rotterdam
Colosseumweg,67,"","",3075LZ,Rotterdam
Colosseumweg,69,"","",3075LZ,Rotterdam
Colosseumweg,71,"","",3075LZ,Rotterdam
Colosseumweg,73,"","",3075LZ,Rotterdam
Colosseumweg,75,"","",3075LZ,Rotterdam
Colosseumweg,77,"","",3075LZ,Rotterdam
Colosseumweg,79,"","",3075LZ,Rotterdam
Colosseumweg,81,"","",3075LZ,Rotterdam
Colosseumweg,83,"","",3075LZ,Rotterdam
Colosseumweg,85,"","",3075LZ,Rotterdam
Colosseumweg,87,"","",3075LZ,Rotterdam
Colosseumweg,89,"","",3075LZ,Rotterdam
Colosseumweg,91,"","",3075LZ,Rotterdam
Colosseumweg,93,"","",3075LZ,Rotterdam
Colosseumweg,95,"","",3075LZ,Rotterdam
Colosseumweg,97,"","",3075LZ,Rotterdam
Colosseumweg,99,"","",3075LZ,Rotterdam
Olympiaweg,10,A,"",3077AL,Rotterdam
Olympiaweg,10,B,"",3077AL,Rotterdam
Olympiaweg,10,C,"",3077AL,Rotterdam
Olympiaweg,12,A,"",3077AL,Rotterdam
Olympiaweg,12,B,"",3077AL,Rotterdam
Olympiaweg,12,C,"",3077AL,Rotterdam
Olympiaweg,14,"","",3077AL,Rotterdam
Olympiaweg,16,A,"",3077AL,Rotterdam
Olympiaweg,16,B,"",3077AL,Rotterdam
Olympiaweg,18,A,"",3077AL,Rotterdam
Olympiaweg,18,B,"",3077AL,Rotterdam
Olympiaweg,20,A,"",3077AL,Rotterdam
Olympiaweg,20,B,"",3077AL,Rotterdam
Olympiaweg,22,A,"",3077AL,Rotterdam
Olympiaweg,22,B,"",3077AL,Rotterdam
Olympiaweg,24,A,"",3077AL,Rotterdam
Olympiaweg,24,B,"",3077AL,Rotterdam
Olympiaweg,26,A,"",3077AL,Rotterdam
Olympiaweg,26,B,"",3077AL,Rotterdam
Olympiaweg,28,A,"",3077AL,Rotterdam
Olympiaweg,28,B,"",3077AL,Rotterdam
Olympiaweg,3,"","",3077AL,Rotterdam
Olympiaweg,30,A,"",3077AL,Rotterdam
Olympiaweg,30,B,"",3077AL,Rotterdam
Olympiaweg,32,"","",3077AL,Rotterdam
Olympiaweg,34,A,"",3077AL,Rotterdam
Olympiaweg,34,B,"",3077AL,Rotterdam
Olympiaweg,36,A,"",3077AL,Rotterdam
Olympiaweg,36,B,"",3077AL,Rotterdam
Olympiaweg,38,A,"",3077AL,Rotterdam
Olympiaweg,38,B,"",3077AL,Rotterdam
Olympiaweg,4,"","",3077AL,Rotterdam
Olympiaweg,40,A,"",3077AL,Rotterdam
Olympiaweg,40,B,"",3077AL,Rotterdam
Olympiaweg,42,A,"",3077AL,Rotterdam
Olympiaweg,42,B,"",3077AL,Rotterdam
Olympiaweg,44,A,"",3077AL,Rotterdam
Olympiaweg,44,B,"",3077AL,Rotterdam
Olympiaweg,49,"","",3077AL,Rotterdam
Olympiaweg,50,"","",3077AL,Rotterdam
Olympiaweg,52,"","",3077AL,Rotterdam
Olympiaweg,54,"","",3077AL,Rotterdam
Olympiaweg,56,"","",3077AL,Rotterdam
Olympiaweg,58,"","",3077AL,Rotterdam
Olympiaweg,6,"","",3077AL,Rotterdam
Olympiaweg,8,A,"",3077AL,Rotterdam
Olympiaweg,8,B,"",3077AL,Rotterdam
Olympiaweg,8,C,"",3077AL,Rotterdam
