straat,huisnummer,huisletter,toevoeging,postcode,plaats
Bosstraat,1,"","",2983LB,Ridderkerk
Bosstraat,11,"","",2983LB,Ridderkerk
Bosstraat,13,"","",2983LB,Ridderkerk
Bosstraat,15,"","",2983LB,Ridderkerk
Bosstraat,17,"","",2983LB,Ridderkerk
Bosstraat,19,"","",2983LB,Ridderkerk
Bosstraat,2,"","",2983LB,Ridderkerk
Bosstraat,21,"","",2983LB,Ridderkerk
Bosstraat,3,"","",2983LB,Ridderkerk
Bosstraat,5,"","",2983LB,Ridderkerk
Bosstraat,7,"","",2983LB,Ridderkerk
Bosstraat,9,"","",2983LB,Ridderkerk
Donckselaan,1,"","",2983LC,Ridderkerk
Donckselaan,10,"","",2983LC,Ridderkerk
Donckselaan,10,A,"",2983LC,Ridderkerk
Donckselaan,10,A,"",2983LC,Ridderkerk
Donckselaan,10,B,"",2983LC,Ridderkerk
Donckselaan,10,C,"",2983LC,Ridderkerk
Donckselaan,12,"","",2983LC,Ridderkerk
Donckselaan,14,"","",2983LC,Ridderkerk
Donckselaan,16,"","",2983LC,Ridderkerk
Donckselaan,18,"","",2983LC,Ridderkerk
Donckselaan,2,"","",2983LC,Ridderkerk
Donckselaan,2,A,"",2983LC,Ridderkerk
Donckselaan,2,B,"",2983LC,Ridderkerk
Donckselaan,20,"","",2983LC,Ridderkerk
Donckselaan,22,"","",2983LC,Ridderkerk
Donckselaan,24,"","",2983LC,Ridderkerk
Donckselaan,26,"","",2983LC,Ridderkerk
Donckselaan,28,"","",2983LC,Ridderkerk
Donckselaan,3,"","",2983LC,Ridderkerk
Donckselaan,30,"","",2983LC,Ridderkerk
Donckselaan,30,A,"",2983LC,Ridderkerk
Donckselaan,30,A,"",2983LC,Ridderkerk
Donckselaan,32,"","",2983LC,Ridderkerk
Donckselaan,34,"","",2983LC,Ridderkerk
Donckselaan,36,"","",2983LC,Ridderkerk
Donckselaan,38,"","",2983LC,Ridderkerk
Donckselaan,38,A,"",2983LC,Ridderkerk
Donckselaan,38,B,"",2983LC,Ridderkerk
Donckselaan,38,C,"",2983LC,Ridderkerk
Donckselaan,38,D,"",2983LC,Ridderkerk
Donckselaan,38,E,"",2983LC,Ridderkerk
Donckselaan,38,F,"",2983LC,Ridderkerk
Donckselaan,4,"","",2983LC,Ridderkerk
Donckselaan,40,"","",2983LC,Ridderkerk
Donckselaan,42,"","",2983LC,Ridderkerk
Donckselaan,44,"","",2983LC,Ridderkerk
Donckselaan,46,"","",2983LC,Ridderkerk
Donckselaan,48,"","",2983LC,Ridderkerk
Donckselaan,50,"","",2983LC,Ridderkerk
Donckselaan,6,"","",2983LC,Ridderkerk
Donckselaan,8,"","",2983LC,Ridderkerk
Doncksestraat,1,"","",2983LD,Ridderkerk
Doncksestraat,11,"","",2983LD,Ridderkerk
Doncksestraat,13,"","",2983LD,Ridderkerk
Doncksestraat,15,"","",2983LD,Ridderkerk
Doncksestraat,17,"","",2983LD,Ridderkerk
Doncksestraat,19,"","",2983LD,Ridderkerk
Doncksestraat,21,"","",2983LD,Ridderkerk
Doncksestraat,23,"","",2983LD,Ridderkerk
Doncksestraat,25,"","",2983LD,Ridderkerk
Doncksestraat,27,"","",2983LD,Ridderkerk
Doncksestraat,29,"","",2983LD,Ridderkerk
Doncksestraat,3,"","",2983LD,Ridderkerk
Doncksestraat,31,"","",2983LD,Ridderkerk
Doncksestraat,5,"","",2983LD,Ridderkerk
Doncksestraat,7,"","",2983LD,Ridderkerk
Doncksestraat,9,"","",2983LD,Ridderkerk
Jhr.Groeninx van Zoelenstraat,1,"","",2983LE,Ridderkerk
Jhr.Groeninx van Zoelenstraat,10,"","",2983LE,Ridderkerk
Jhr.Groeninx van Zoelenstraat,11,"","",2983LE,Ridderkerk
Jhr.Groeninx van Zoelenstraat,12,"","",2983LE,Ridderkerk
Jhr.Groeninx van Zoelenstraat,14,"","",2983LE,Ridderkerk
Jhr.Groeninx van Zoelenstraat,16,"","",2983LE,Ridderkerk
Jhr.Groeninx van Zoelenstraat,18,"","",2983LE,Ridderkerk
Jhr.Groeninx van Zoelenstraat,2,"","",2983LE,Ridderkerk
Jhr.Groeninx van Zoelenstraat,20,"","",2983LE,Ridderkerk
Jhr.Groeninx van Zoelenstraat,22,"","",2983LE,Ridderkerk
Jhr.Groeninx van Zoelenstraat,24,"","",2983LE,Ridderkerk
Jhr.Groeninx van Zoelenstraat,26,"","",2983LE,Ridderkerk
Jhr.Groeninx van Zoelenstraat,28,"","",2983LE,Ridderkerk
Jhr.Groeninx van Zoelenstraat,3,"","",2983LE,Ridderkerk
Jhr.Groeninx van Zoelenstraat,30,"","",2983LE,Ridderkerk
Jhr.Groeninx van Zoelenstraat,4,"","",2983LE,Ridderkerk
Jhr.Groeninx van Zoelenstraat,5,"","",2983LE,Ridderkerk
Jhr.Groeninx van Zoelenstraat,6,"","",2983LE,Ridderkerk
Jhr.Groeninx van Zoelenstraat,7,"","",2983LE,Ridderkerk
Jhr.Groeninx van Zoelenstraat,8,"","",2983LE,Ridderkerk
Jhr.Groeninx van Zoelenstraat,9,"","",2983LE,Ridderkerk
Kievitsweg,118,"","",2983LG,Ridderkerk
Kievitsweg,120,"","",2983LG,Ridderkerk
Kievitsweg,120,A,"",2983LG,Ridderkerk
Kievitsweg,122,"","",2983LG,Ridderkerk
Kievitsweg,124,"","",2983LG,Ridderkerk
Kievitsweg,124,A,"",2983LG,Ridderkerk
de Wetstraat,1,"","",2987AA,Ridderkerk
de Wetstraat,11,"","",2987AA,Ridderkerk
de Wetstraat,13,"","",2987AA,Ridderkerk
de Wetstraat,15,"","",2987AA,Ridderkerk
de Wetstraat,17,"","",2987AA,Ridderkerk
de Wetstraat,19,"","",2987AA,Ridderkerk
de Wetstraat,21,"","",2987AA,Ridderkerk
de Wetstraat,23,"","",2987AA,Ridderkerk
de Wetstraat,25,"","",2987AA,Ridderkerk
de Wetstraat,27,"","",2987AA,Ridderkerk
de Wetstraat,29,"","",2987AA,Ridderkerk
de Wetstraat,3,"","",2987AA,Ridderkerk
de Wetstraat,31,"","",2987AA,Ridderkerk
de Wetstraat,5,"","",2987AA,Ridderkerk
de Wetstraat,55,"","",2987AA,Ridderkerk
de Wetstraat,57,"","",2987AA,Ridderkerk
de Wetstraat,59,"","",2987AA,Ridderkerk
de Wetstraat,59,"","",2987AA,Ridderkerk
de Wetstraat,61,"","",2987AA,Ridderkerk
de Wetstraat,63,"","",2987AA,Ridderkerk
de Wetstraat,65,"","",2987AA,Ridderkerk
de Wetstraat,67,"","",2987AA,Ridderkerk
de Wetstraat,67,A,"",2987AA,Ridderkerk
de Wetstraat,69,"","",2987AA,Ridderkerk
de Wetstraat,7,"","",2987AA,Ridderkerk
de Wetstraat,71,"","",2987AA,Ridderkerk
de Wetstraat,73,"","",2987AA,Ridderkerk
de Wetstraat,75,"","",2987AA,Ridderkerk
de Wetstraat,9,"","",2987AA,Ridderkerk
de Wetstraat,101,"","",2987AB,Ridderkerk
de Wetstraat,101,"","",2987AB,Ridderkerk
de Wetstraat,103,"","",2987AB,Ridderkerk
de Wetstraat,105,"","",2987AB,Ridderkerk
de Wetstraat,107,"","",2987AB,Ridderkerk
de Wetstraat,109,"","",2987AB,Ridderkerk
de Wetstraat,111,"","",2987AB,Ridderkerk
de Wetstraat,113,"","",2987AB,Ridderkerk
de Wetstraat,115,"","",2987AB,Ridderkerk
de Wetstraat,117,"","",2987AB,Ridderkerk
de Wetstraat,119,"","",2987AB,Ridderkerk
de Wetstraat,121,"","",2987AB,Ridderkerk
de Wetstraat,123,"","",2987AB,Ridderkerk
de Wetstraat,125,"","",2987AB,Ridderkerk
de Wetstraat,127,"","",2987AB,Ridderkerk
de Wetstraat,129,"","",2987AB,Ridderkerk
de Wetstraat,131,"","",2987AB,Ridderkerk
de Wetstraat,133,"","",2987AB,Ridderkerk
de Wetstraat,135,"","",2987AB,Ridderkerk
de Wetstraat,137,"","",2987AB,Ridderkerk
de Wetstraat,139,"","",2987AB,Ridderkerk
de Wetstraat,141,"","",2987AB,Ridderkerk
de Wetstraat,143,"","",2987AB,Ridderkerk
de Wetstraat,145,"","",2987AB,Ridderkerk
de Wetstraat,147,"","",2987AB,Ridderkerk
de Wetstraat,77,"","",2987AB,Ridderkerk
de Wetstraat,79,"","",2987AB,Ridderkerk
de Wetstraat,81,"","",2987AB,Ridderkerk
de Wetstraat,83,"","",2987AB,Ridderkerk
de Wetstraat,85,"","",2987AB,Ridderkerk
de Wetstraat,87,"","",2987AB,Ridderkerk
de Wetstraat,89,"","",2987AB,Ridderkerk
de Wetstraat,91,"","",2987AB,Ridderkerk
de Wetstraat,93,"","",2987AB,Ridderkerk
de Wetstraat,95,"","",2987AB,Ridderkerk
de Wetstraat,10,"","",2987AC,Ridderkerk
de Wetstraat,12,"","",2987AC,Ridderkerk
de Wetstraat,14,"","",2987AC,Ridderkerk
de Wetstraat,16,"","",2987AC,Ridderkerk
de Wetstraat,18,"","",2987AC,Ridderkerk
de Wetstraat,2,"","",2987AC,Ridderkerk
de Wetstraat,20,"","",2987AC,Ridderkerk
de Wetstraat,22,"","",2987AC,Ridderkerk
de Wetstraat,24,"","",2987AC,Ridderkerk
de Wetstraat,28,"","",2987AC,Ridderkerk
de Wetstraat,30,"","",2987AC,Ridderkerk
de Wetstraat,32,"","",2987AC,Ridderkerk
de Wetstraat,34,"","",2987AC,Ridderkerk
de Wetstraat,36,"","",2987AC,Ridderkerk
de Wetstraat,38,"","",2987AC,Ridderkerk
de Wetstraat,4,"","",2987AC,Ridderkerk
de Wetstraat,40,"","",2987AC,Ridderkerk
de Wetstraat,42,"","",2987AC,Ridderkerk
de Wetstraat,44,"","",2987AC,Ridderkerk
de Wetstraat,46,"","",2987AC,Ridderkerk
de Wetstraat,48,"","",2987AC,Ridderkerk
de Wetstraat,6,"","",2987AC,Ridderkerk
de Wetstraat,8,"","",2987AC,Ridderkerk
de Wetstraat,8,A,"",2987AC,Ridderkerk
de Wetstraat,100,"","",2987AD,Ridderkerk
de Wetstraat,102,"","",2987AD,Ridderkerk
de Wetstraat,104,"","",2987AD,Ridderkerk
de Wetstraat,106,"","",2987AD,Ridderkerk
de Wetstraat,108,"","",2987AD,Ridderkerk
de Wetstraat,50,"","",2987AD,Ridderkerk
de Wetstraat,52,"","",2987AD,Ridderkerk
de Wetstraat,54,"","",2987AD,Ridderkerk
de Wetstraat,56,"","",2987AD,Ridderkerk
de Wetstraat,58,"","",2987AD,Ridderkerk
de Wetstraat,60,"","",2987AD,Ridderkerk
de Wetstraat,62,"","",2987AD,Ridderkerk
de Wetstraat,64,"","",2987AD,Ridderkerk
de Wetstraat,66,"","",2987AD,Ridderkerk
de Wetstraat,68,"","",2987AD,Ridderkerk
de Wetstraat,70,"","",2987AD,Ridderkerk
de Wetstraat,72,"","",2987AD,Ridderkerk
de Wetstraat,74,"","",2987AD,Ridderkerk
de Wetstraat,76,"","",2987AD,Ridderkerk
de Wetstraat,78,"","",2987AD,Ridderkerk
de Wetstraat,80,"","",2987AD,Ridderkerk
de Wetstraat,82,"","",2987AD,Ridderkerk
de Wetstraat,84,"","",2987AD,Ridderkerk
de Wetstraat,86,"","",2987AD,Ridderkerk
de Wetstraat,86,"","",2987AD,Ridderkerk
de Wetstraat,88,"","",2987AD,Ridderkerk
de Wetstraat,90,"","",2987AD,Ridderkerk
de Wetstraat,92,"","",2987AD,Ridderkerk
de Wetstraat,94,"","",2987AD,Ridderkerk
de Wetstraat,96,"","",2987AD,Ridderkerk
de Wetstraat,98,"","",2987AD,Ridderkerk
de Wetstraat,110,"","",2987AE,Ridderkerk
de Wetstraat,112,"","",2987AE,Ridderkerk
de Wetstraat,114,"","",2987AE,Ridderkerk
de Wetstraat,116,"","",2987AE,Ridderkerk
de Wetstraat,118,"","",2987AE,Ridderkerk
de Wetstraat,120,"","",2987AE,Ridderkerk
de Wetstraat,122,"","",2987AE,Ridderkerk
de Wetstraat,124,"","",2987AE,Ridderkerk
de Wetstraat,126,"","",2987AE,Ridderkerk
de Wetstraat,128,"","",2987AE,Ridderkerk
de Wetstraat,130,"","",2987AE,Ridderkerk
de Wetstraat,132,"","",2987AE,Ridderkerk
de Wetstraat,134,"","",2987AE,Ridderkerk
de Wetstraat,136,"","",2987AE,Ridderkerk
de Wetstraat,138,"","",2987AE,Ridderkerk
de Wetstraat,140,"","",2987AE,Ridderkerk
de Wetstraat,142,"","",2987AE,Ridderkerk
de Wetstraat,144,"","",2987AE,Ridderkerk
de Wetstraat,146,"","",2987AE,Ridderkerk
de Wetstraat,148,"","",2987AE,Ridderkerk
de Wetstraat,150,"","",2987AE,Ridderkerk
de Wetstraat,152,"","",2987AE,Ridderkerk
de Wetstraat,154,"","",2987AE,Ridderkerk
de Wetstraat,156,"","",2987AE,Ridderkerk
de Wetstraat,158,"","",2987AE,Ridderkerk
de Wetstraat,160,"","",2987AE,Ridderkerk
de Wetstraat,162,"","",2987AE,Ridderkerk
de Wetstraat,164,"","",2987AE,Ridderkerk
de Wetstraat,166,"","",2987AE,Ridderkerk
de Wetstraat,168,"","",2987AE,Ridderkerk
de Wetstraat,170,"","",2987AE,Ridderkerk
de Wetstraat,172,"","",2987AE,Ridderkerk
Natalstraat,1,"","",2987AG,Ridderkerk
Natalstraat,10,"","",2987AG,Ridderkerk
Natalstraat,11,"","",2987AG,Ridderkerk
Natalstraat,12,"","",2987AG,Ridderkerk
Natalstraat,13,"","",2987AG,Ridderkerk
Natalstraat,14,"","",2987AG,Ridderkerk
Natalstraat,15,"","",2987AG,Ridderkerk
Natalstraat,16,"","",2987AG,Ridderkerk
Natalstraat,17,"","",2987AG,Ridderkerk
Natalstraat,18,"","",2987AG,Ridderkerk
Natalstraat,19,"","",2987AG,Ridderkerk
Natalstraat,2,"","",2987AG,Ridderkerk
Natalstraat,2,A,"",2987AG,Ridderkerk
Natalstraat,2,B,"",2987AG,Ridderkerk
Natalstraat,20,"","",2987AG,Ridderkerk
Natalstraat,21,"","",2987AG,Ridderkerk
Natalstraat,23,"","",2987AG,Ridderkerk
Natalstraat,25,"","",2987AG,Ridderkerk
Natalstraat,27,"","",2987AG,Ridderkerk
Natalstraat,3,"","",2987AG,Ridderkerk
Natalstraat,4,"","",2987AG,Ridderkerk
Natalstraat,5,"","",2987AG,Ridderkerk
Natalstraat,6,"","",2987AG,Ridderkerk
Natalstraat,7,"","",2987AG,Ridderkerk
Natalstraat,8,"","",2987AG,Ridderkerk
Natalstraat,9,"","",2987AG,Ridderkerk
Potgieterstraat,1,"","",2987AH,Ridderkerk
Potgieterstraat,10,"","",2987AH,Ridderkerk
Potgieterstraat,11,"","",2987AH,Ridderkerk
Potgieterstraat,12,"","",2987AH,Ridderkerk
Potgieterstraat,13,"","",2987AH,Ridderkerk
Potgieterstraat,14,"","",2987AH,Ridderkerk
Potgieterstraat,15,"","",2987AH,Ridderkerk
Potgieterstraat,16,"","",2987AH,Ridderkerk
Potgieterstraat,17,"","",2987AH,Ridderkerk
Potgieterstraat,18,"","",2987AH,Ridderkerk
Potgieterstraat,19,"","",2987AH,Ridderkerk
Potgieterstraat,2,"","",2987AH,Ridderkerk
Potgieterstraat,20,"","",2987AH,Ridderkerk
Potgieterstraat,21,"","",2987AH,Ridderkerk
Potgieterstraat,22,"","",2987AH,Ridderkerk
Potgieterstraat,24,"","",2987AH,Ridderkerk
Potgieterstraat,26,"","",2987AH,Ridderkerk
Potgieterstraat,28,"","",2987AH,Ridderkerk
Potgieterstraat,3,"","",2987AH,Ridderkerk
Potgieterstraat,30,"","",2987AH,Ridderkerk
Potgieterstraat,32,"","",2987AH,Ridderkerk
Potgieterstraat,34,"","",2987AH,Ridderkerk
Potgieterstraat,4,"","",2987AH,Ridderkerk
Potgieterstraat,5,"","",2987AH,Ridderkerk
Potgieterstraat,6,"","",2987AH,Ridderkerk
Potgieterstraat,7,"","",2987AH,Ridderkerk
Potgieterstraat,8,"","",2987AH,Ridderkerk
Potgieterstraat,9,"","",2987AH,Ridderkerk
Pretoriusstraat,1,"","",2987AJ,Ridderkerk
Pretoriusstraat,101,"","",2987AJ,Ridderkerk
Pretoriusstraat,103,"","",2987AJ,Ridderkerk
Pretoriusstraat,105,"","",2987AJ,Ridderkerk
Pretoriusstraat,107,"","",2987AJ,Ridderkerk
Pretoriusstraat,109,"","",2987AJ,Ridderkerk
Pretoriusstraat,11,"","",2987AJ,Ridderkerk
Pretoriusstraat,111,"","",2987AJ,Ridderkerk
Pretoriusstraat,113,"","",2987AJ,Ridderkerk
Pretoriusstraat,115,"","",2987AJ,Ridderkerk
Pretoriusstraat,117,"","",2987AJ,Ridderkerk
Pretoriusstraat,119,"","",2987AJ,Ridderkerk
Pretoriusstraat,121,"","",2987AJ,Ridderkerk
Pretoriusstraat,123,"","",2987AJ,Ridderkerk
Pretoriusstraat,125,"","",2987AJ,Ridderkerk
Pretoriusstraat,127,"","",2987AJ,Ridderkerk
Pretoriusstraat,129,"","",2987AJ,Ridderkerk
Pretoriusstraat,13,"","",2987AJ,Ridderkerk
Pretoriusstraat,131,"","",2987AJ,Ridderkerk
Pretoriusstraat,133,"","",2987AJ,Ridderkerk
Pretoriusstraat,135,"","",2987AJ,Ridderkerk
Pretoriusstraat,137,"","",2987AJ,Ridderkerk
Pretoriusstraat,139,"","",2987AJ,Ridderkerk
Pretoriusstraat,141,"","",2987AJ,Ridderkerk
Pretoriusstraat,143,"","",2987AJ,Ridderkerk
Pretoriusstraat,145,"","",2987AJ,Ridderkerk
Pretoriusstraat,147,"","",2987AJ,Ridderkerk
Pretoriusstraat,149,"","",2987AJ,Ridderkerk
Pretoriusstraat,15,"","",2987AJ,Ridderkerk
Pretoriusstraat,151,"","",2987AJ,Ridderkerk
Pretoriusstraat,153,"","",2987AJ,Ridderkerk
Pretoriusstraat,155,"","",2987AJ,Ridderkerk
Pretoriusstraat,17,"","",2987AJ,Ridderkerk
Pretoriusstraat,19,"","",2987AJ,Ridderkerk
Pretoriusstraat,21,"","",2987AJ,Ridderkerk
Pretoriusstraat,23,"","",2987AJ,Ridderkerk
Pretoriusstraat,25,"","",2987AJ,Ridderkerk
Pretoriusstraat,25,A,"",2987AJ,Ridderkerk
Pretoriusstraat,27,"","",2987AJ,Ridderkerk
Pretoriusstraat,29,"","",2987AJ,Ridderkerk
Pretoriusstraat,3,"","",2987AJ,Ridderkerk
Pretoriusstraat,33,"","",2987AJ,Ridderkerk
Pretoriusstraat,35,"","",2987AJ,Ridderkerk
Pretoriusstraat,35,A,"",2987AJ,Ridderkerk
Pretoriusstraat,35,A,"",2987AJ,Ridderkerk
Pretoriusstraat,35,B,"",2987AJ,Ridderkerk
Pretoriusstraat,35,B,"",2987AJ,Ridderkerk
Pretoriusstraat,35,C,"",2987AJ,Ridderkerk
Pretoriusstraat,35,C,"",2987AJ,Ridderkerk
Pretoriusstraat,35,D,"",2987AJ,Ridderkerk
Pretoriusstraat,35,D,"",2987AJ,Ridderkerk
Pretoriusstraat,35,E,"",2987AJ,Ridderkerk
Pretoriusstraat,35,E,"",2987AJ,Ridderkerk
Pretoriusstraat,35,F,"",2987AJ,Ridderkerk
Pretoriusstraat,35,F,"",2987AJ,Ridderkerk
Pretoriusstraat,35,G,"",2987AJ,Ridderkerk
Pretoriusstraat,35,G,"",2987AJ,Ridderkerk
Pretoriusstraat,35,H,"",2987AJ,Ridderkerk
Pretoriusstraat,35,H,"",2987AJ,Ridderkerk
Pretoriusstraat,35,J,"",2987AJ,Ridderkerk
Pretoriusstraat,35,J,"",2987AJ,Ridderkerk
Pretoriusstraat,35,K,"",2987AJ,Ridderkerk
Pretoriusstraat,35,K,"",2987AJ,Ridderkerk
Pretoriusstraat,35,L,"",2987AJ,Ridderkerk
Pretoriusstraat,35,L,"",2987AJ,Ridderkerk
Pretoriusstraat,35,M,"",2987AJ,Ridderkerk
Pretoriusstraat,35,N,"",2987AJ,Ridderkerk
Pretoriusstraat,35,P,"",2987AJ,Ridderkerk
Pretoriusstraat,35,Q,"",2987AJ,Ridderkerk
Pretoriusstraat,35,R,"",2987AJ,Ridderkerk
Pretoriusstraat,35,S,"",2987AJ,Ridderkerk
Pretoriusstraat,35,T,"",2987AJ,Ridderkerk
Pretoriusstraat,35,U,"",2987AJ,Ridderkerk
Pretoriusstraat,37,"","",2987AJ,Ridderkerk
Pretoriusstraat,37,A,"",2987AJ,Ridderkerk
Pretoriusstraat,37,A,"",2987AJ,Ridderkerk
Pretoriusstraat,37,B,"",2987AJ,Ridderkerk
Pretoriusstraat,37,B,"",2987AJ,Ridderkerk
Pretoriusstraat,37,C,"",2987AJ,Ridderkerk
Pretoriusstraat,37,C,"",2987AJ,Ridderkerk
Pretoriusstraat,37,D,"",2987AJ,Ridderkerk
Pretoriusstraat,37,D,"",2987AJ,Ridderkerk
Pretoriusstraat,37,E,"",2987AJ,Ridderkerk
Pretoriusstraat,37,E,"",2987AJ,Ridderkerk
Pretoriusstraat,37,F,"",2987AJ,Ridderkerk
Pretoriusstraat,37,F,"",2987AJ,Ridderkerk
Pretoriusstraat,37,G,"",2987AJ,Ridderkerk
Pretoriusstraat,37,H,"",2987AJ,Ridderkerk
Pretoriusstraat,37,H,"",2987AJ,Ridderkerk
Pretoriusstraat,39,"","",2987AJ,Ridderkerk
Pretoriusstraat,39,A,"",2987AJ,Ridderkerk
Pretoriusstraat,39,A,"",2987AJ,Ridderkerk
Pretoriusstraat,39,B,"",2987AJ,Ridderkerk
Pretoriusstraat,39,B,"",2987AJ,Ridderkerk
Pretoriusstraat,39,C,"",2987AJ,Ridderkerk
Pretoriusstraat,39,C,"",2987AJ,Ridderkerk
Pretoriusstraat,39,D,"",2987AJ,Ridderkerk
Pretoriusstraat,39,D,"",2987AJ,Ridderkerk
Pretoriusstraat,39,E,"",2987AJ,Ridderkerk
Pretoriusstraat,39,E,"",2987AJ,Ridderkerk
Pretoriusstraat,39,E,"",2987AJ,Ridderkerk
Pretoriusstraat,39,F,"",2987AJ,Ridderkerk
Pretoriusstraat,39,F,"",2987AJ,Ridderkerk
Pretoriusstraat,39,G,"",2987AJ,Ridderkerk
Pretoriusstraat,39,H,"",2987AJ,Ridderkerk
Pretoriusstraat,41,"","",2987AJ,Ridderkerk
Pretoriusstraat,43,"","",2987AJ,Ridderkerk
Pretoriusstraat,45,"","",2987AJ,Ridderkerk
Pretoriusstraat,47,"","",2987AJ,Ridderkerk
Pretoriusstraat,49,"","",2987AJ,Ridderkerk
Pretoriusstraat,5,"","",2987AJ,Ridderkerk
Pretoriusstraat,51,"","",2987AJ,Ridderkerk
Pretoriusstraat,53,"","",2987AJ,Ridderkerk
Pretoriusstraat,55,"","",2987AJ,Ridderkerk
Pretoriusstraat,56,"","",2987AJ,Ridderkerk
Pretoriusstraat,57,"","",2987AJ,Ridderkerk
Pretoriusstraat,59,"","",2987AJ,Ridderkerk
Pretoriusstraat,61,"","",2987AJ,Ridderkerk
Pretoriusstraat,63,"","",2987AJ,Ridderkerk
Pretoriusstraat,65,"","",2987AJ,Ridderkerk
Pretoriusstraat,67,"","",2987AJ,Ridderkerk
Pretoriusstraat,69,"","",2987AJ,Ridderkerk
Pretoriusstraat,7,"","",2987AJ,Ridderkerk
Pretoriusstraat,71,"","",2987AJ,Ridderkerk
Pretoriusstraat,73,"","",2987AJ,Ridderkerk
Pretoriusstraat,75,"","",2987AJ,Ridderkerk
Pretoriusstraat,77,"","",2987AJ,Ridderkerk
Pretoriusstraat,79,"","",2987AJ,Ridderkerk
Pretoriusstraat,81,"","",2987AJ,Ridderkerk
Pretoriusstraat,83,"","",2987AJ,Ridderkerk
Pretoriusstraat,85,"","",2987AJ,Ridderkerk
Pretoriusstraat,87,"","",2987AJ,Ridderkerk
Pretoriusstraat,89,"","",2987AJ,Ridderkerk
Pretoriusstraat,9,"","",2987AJ,Ridderkerk
Pretoriusstraat,91,"","",2987AJ,Ridderkerk
Pretoriusstraat,93,"","",2987AJ,Ridderkerk
Pretoriusstraat,95,"","",2987AJ,Ridderkerk
Pretoriusstraat,97,"","",2987AJ,Ridderkerk
Pretoriusstraat,99,"","",2987AJ,Ridderkerk
Pretoriusstraat,2,"","",2987AK,Ridderkerk
Pretoriusstraat,40,"","",2987AK,Ridderkerk
Pretoriusstraat,42,"","",2987AK,Ridderkerk
Pretoriusstraat,44,"","",2987AK,Ridderkerk
Pretoriusstraat,46,"","",2987AK,Ridderkerk
Pretoriusstraat,48,"","",2987AK,Ridderkerk
Pretoriusstraat,50,"","",2987AK,Ridderkerk
Pretoriusstraat,52,"","",2987AK,Ridderkerk
Pretoriusstraat,54,"","",2987AK,Ridderkerk
Pretoriusstraat,54,A,"",2987AK,Ridderkerk
Pretoriusstraat,54,B,"",2987AK,Ridderkerk
Pretoriusstraat,56,"","",2987AK,Ridderkerk
Pretoriusstraat,58,"","",2987AK,Ridderkerk
Pretoriusstraat,60,"","",2987AK,Ridderkerk
Pretoriusstraat,62,"","",2987AK,Ridderkerk
Pretoriusstraat,64,"","",2987AK,Ridderkerk
Pretoriusstraat,64,A,"",2987AK,Ridderkerk
Pretoriusstraat,66,"","",2987AK,Ridderkerk
Pretoriusstraat,68,"","",2987AK,Ridderkerk
Pretoriusstraat,70,"","",2987AK,Ridderkerk
Pretoriusstraat,72,"","",2987AK,Ridderkerk
Pretoriusstraat,74,"","",2987AK,Ridderkerk
Pretoriusstraat,76,"","",2987AK,Ridderkerk
Pretoriusstraat,78,"","",2987AK,Ridderkerk
Pretoriusstraat,80,"","",2987AK,Ridderkerk
Pretoriusstraat,82,"","",2987AK,Ridderkerk
Pretoriusstraat,84,"","",2987AK,Ridderkerk
Pretoriusstraat,86,"","",2987AK,Ridderkerk
Retiefstraat,11,"","",2987AL,Ridderkerk
Retiefstraat,13,"","",2987AL,Ridderkerk
Retiefstraat,15,"","",2987AL,Ridderkerk
Retiefstraat,17,"","",2987AL,Ridderkerk
Retiefstraat,19,"","",2987AL,Ridderkerk
Retiefstraat,21,"","",2987AL,Ridderkerk
Retiefstraat,23,"","",2987AL,Ridderkerk
Retiefstraat,25,"","",2987AL,Ridderkerk
Retiefstraat,27,"","",2987AL,Ridderkerk
Retiefstraat,29,"","",2987AL,Ridderkerk
Retiefstraat,3,"","",2987AL,Ridderkerk
Retiefstraat,31,"","",2987AL,Ridderkerk
Retiefstraat,33,"","",2987AL,Ridderkerk
Retiefstraat,35,"","",2987AL,Ridderkerk
Retiefstraat,37,"","",2987AL,Ridderkerk
Retiefstraat,39,"","",2987AL,Ridderkerk
Retiefstraat,41,"","",2987AL,Ridderkerk
Retiefstraat,43,"","",2987AL,Ridderkerk
Retiefstraat,45,"","",2987AL,Ridderkerk
Retiefstraat,47,"","",2987AL,Ridderkerk
Retiefstraat,49,"","",2987AL,Ridderkerk
Retiefstraat,5,"","",2987AL,Ridderkerk
Retiefstraat,7,"","",2987AL,Ridderkerk
Retiefstraat,9,"","",2987AL,Ridderkerk
Retiefstraat,51,"","",2987AM,Ridderkerk
Retiefstraat,53,"","",2987AM,Ridderkerk
Retiefstraat,55,"","",2987AM,Ridderkerk
Retiefstraat,57,"","",2987AM,Ridderkerk
Retiefstraat,59,"","",2987AM,Ridderkerk
Retiefstraat,61,"","",2987AM,Ridderkerk
Retiefstraat,63,"","",2987AM,Ridderkerk
Retiefstraat,65,"","",2987AM,Ridderkerk
Retiefstraat,67,"","",2987AM,Ridderkerk
Retiefstraat,69,"","",2987AM,Ridderkerk
Retiefstraat,71,"","",2987AM,Ridderkerk
Retiefstraat,73,"","",2987AM,Ridderkerk
Retiefstraat,75,"","",2987AM,Ridderkerk
Retiefstraat,77,"","",2987AM,Ridderkerk
Retiefstraat,79,"","",2987AM,Ridderkerk
Retiefstraat,81,"","",2987AM,Ridderkerk
Retiefstraat,83,"","",2987AM,Ridderkerk
Retiefstraat,85,"","",2987AM,Ridderkerk
Retiefstraat,87,"","",2987AM,Ridderkerk
Retiefstraat,89,"","",2987AM,Ridderkerk
Retiefstraat,91,"","",2987AM,Ridderkerk
Retiefstraat,93,"","",2987AM,Ridderkerk
Retiefstraat,95,"","",2987AM,Ridderkerk
Retiefstraat,97,"","",2987AM,Ridderkerk
Retiefstraat,101,"","",2987AN,Ridderkerk
Retiefstraat,103,"","",2987AN,Ridderkerk
Retiefstraat,105,"","",2987AN,Ridderkerk
Retiefstraat,107,"","",2987AN,Ridderkerk
Retiefstraat,109,"","",2987AN,Ridderkerk
Retiefstraat,111,"","",2987AN,Ridderkerk
Retiefstraat,113,"","",2987AN,Ridderkerk
Retiefstraat,115,"","",2987AN,Ridderkerk
Retiefstraat,117,"","",2987AN,Ridderkerk
Retiefstraat,119,"","",2987AN,Ridderkerk
Retiefstraat,121,"","",2987AN,Ridderkerk
Retiefstraat,121,A,"",2987AN,Ridderkerk
Retiefstraat,99,"","",2987AN,Ridderkerk
Retiefstraat,10,"","",2987AP,Ridderkerk
Retiefstraat,100,"","",2987AP,Ridderkerk
Retiefstraat,102,"","",2987AP,Ridderkerk
Retiefstraat,104,"","",2987AP,Ridderkerk
Retiefstraat,106,"","",2987AP,Ridderkerk
Retiefstraat,108,"","",2987AP,Ridderkerk
Retiefstraat,110,"","",2987AP,Ridderkerk
Retiefstraat,112,"","",2987AP,Ridderkerk
Retiefstraat,114,"","",2987AP,Ridderkerk
Retiefstraat,116,"","",2987AP,Ridderkerk
Retiefstraat,118,"","",2987AP,Ridderkerk
Retiefstraat,12,"","",2987AP,Ridderkerk
Retiefstraat,120,"","",2987AP,Ridderkerk
Retiefstraat,122,"","",2987AP,Ridderkerk
Retiefstraat,124,"","",2987AP,Ridderkerk
Retiefstraat,126,"","",2987AP,Ridderkerk
Retiefstraat,128,"","",2987AP,Ridderkerk
Retiefstraat,130,"","",2987AP,Ridderkerk
Retiefstraat,132,"","",2987AP,Ridderkerk
Retiefstraat,134,"","",2987AP,Ridderkerk
Retiefstraat,136,"","",2987AP,Ridderkerk
Retiefstraat,138,"","",2987AP,Ridderkerk
Retiefstraat,14,"","",2987AP,Ridderkerk
Retiefstraat,140,"","",2987AP,Ridderkerk
Retiefstraat,142,"","",2987AP,Ridderkerk
Retiefstraat,144,"","",2987AP,Ridderkerk
Retiefstraat,146,"","",2987AP,Ridderkerk
Retiefstraat,148,"","",2987AP,Ridderkerk
Retiefstraat,150,"","",2987AP,Ridderkerk
Retiefstraat,152,"","",2987AP,Ridderkerk
Retiefstraat,154,"","",2987AP,Ridderkerk
Retiefstraat,156,"","",2987AP,Ridderkerk
Retiefstraat,158,"","",2987AP,Ridderkerk
Retiefstraat,16,"","",2987AP,Ridderkerk
Retiefstraat,160,"","",2987AP,Ridderkerk
Retiefstraat,162,"","",2987AP,Ridderkerk
Retiefstraat,164,"","",2987AP,Ridderkerk
Retiefstraat,166,"","",2987AP,Ridderkerk
Retiefstraat,168,"","",2987AP,Ridderkerk
Retiefstraat,170,"","",2987AP,Ridderkerk
Retiefstraat,172,"","",2987AP,Ridderkerk
Retiefstraat,174,"","",2987AP,Ridderkerk
Retiefstraat,176,"","",2987AP,Ridderkerk
Retiefstraat,178,"","",2987AP,Ridderkerk
Retiefstraat,18,"","",2987AP,Ridderkerk
Retiefstraat,180,"","",2987AP,Ridderkerk
Retiefstraat,182,"","",2987AP,Ridderkerk
Retiefstraat,184,"","",2987AP,Ridderkerk
Retiefstraat,2,"","",2987AP,Ridderkerk
Retiefstraat,20,"","",2987AP,Ridderkerk
Retiefstraat,22,"","",2987AP,Ridderkerk
Retiefstraat,24,"","",2987AP,Ridderkerk
Retiefstraat,26,"","",2987AP,Ridderkerk
Retiefstraat,28,"","",2987AP,Ridderkerk
Retiefstraat,30,"","",2987AP,Ridderkerk
Retiefstraat,32,"","",2987AP,Ridderkerk
Retiefstraat,34,"","",2987AP,Ridderkerk
Retiefstraat,36,"","",2987AP,Ridderkerk
Retiefstraat,38,"","",2987AP,Ridderkerk
Retiefstraat,4,"","",2987AP,Ridderkerk
Retiefstraat,40,"","",2987AP,Ridderkerk
Retiefstraat,42,"","",2987AP,Ridderkerk
Retiefstraat,44,"","",2987AP,Ridderkerk
Retiefstraat,46,"","",2987AP,Ridderkerk
Retiefstraat,48,"","",2987AP,Ridderkerk
Retiefstraat,50,"","",2987AP,Ridderkerk
Retiefstraat,52,"","",2987AP,Ridderkerk
Retiefstraat,54,"","",2987AP,Ridderkerk
Retiefstraat,56,"","",2987AP,Ridderkerk
Retiefstraat,58,"","",2987AP,Ridderkerk
Retiefstraat,6,"","",2987AP,Ridderkerk
Retiefstraat,60,"","",2987AP,Ridderkerk
Retiefstraat,62,"","",2987AP,Ridderkerk
Retiefstraat,64,"","",2987AP,Ridderkerk
Retiefstraat,66,"","",2987AP,Ridderkerk
Retiefstraat,68,"","",2987AP,Ridderkerk
Retiefstraat,70,"","",2987AP,Ridderkerk
Retiefstraat,72,"","",2987AP,Ridderkerk
Retiefstraat,74,"","",2987AP,Ridderkerk
Retiefstraat,76,"","",2987AP,Ridderkerk
Retiefstraat,78,"","",2987AP,Ridderkerk
Retiefstraat,8,"","",2987AP,Ridderkerk
Retiefstraat,80,"","",2987AP,Ridderkerk
Retiefstraat,82,"","",2987AP,Ridderkerk
Retiefstraat,84,"","",2987AP,Ridderkerk
Retiefstraat,86,"","",2987AP,Ridderkerk
Retiefstraat,88,"","",2987AP,Ridderkerk
Retiefstraat,90,"","",2987AP,Ridderkerk
Retiefstraat,92,"","",2987AP,Ridderkerk
Retiefstraat,94,"","",2987AP,Ridderkerk
Retiefstraat,96,"","",2987AP,Ridderkerk
Retiefstraat,98,"","",2987AP,Ridderkerk
Steijnstraat,1,"","",2987AS,Ridderkerk
Steijnstraat,10,"","",2987AS,Ridderkerk
Steijnstraat,11,"","",2987AS,Ridderkerk
Steijnstraat,12,"","",2987AS,Ridderkerk
Steijnstraat,13,"","",2987AS,Ridderkerk
Steijnstraat,14,"","",2987AS,Ridderkerk
Steijnstraat,15,"","",2987AS,Ridderkerk
Steijnstraat,16,"","",2987AS,Ridderkerk
Steijnstraat,18,"","",2987AS,Ridderkerk
Steijnstraat,2,"","",2987AS,Ridderkerk
Steijnstraat,20,"","",2987AS,Ridderkerk
Steijnstraat,22,"","",2987AS,Ridderkerk
Steijnstraat,24,"","",2987AS,Ridderkerk
Steijnstraat,26,"","",2987AS,Ridderkerk
Steijnstraat,28,"","",2987AS,Ridderkerk
Steijnstraat,3,"","",2987AS,Ridderkerk
Steijnstraat,30,"","",2987AS,Ridderkerk
Steijnstraat,32,"","",2987AS,Ridderkerk
Steijnstraat,4,"","",2987AS,Ridderkerk
Steijnstraat,5,"","",2987AS,Ridderkerk
Steijnstraat,6,"","",2987AS,Ridderkerk
Steijnstraat,7,"","",2987AS,Ridderkerk
Steijnstraat,8,"","",2987AS,Ridderkerk
Steijnstraat,9,"","",2987AS,Ridderkerk
Transvaalstraat,10,"","",2987AT,Ridderkerk
Transvaalstraat,12,"","",2987AT,Ridderkerk
Transvaalstraat,14,"","",2987AT,Ridderkerk
Transvaalstraat,16,"","",2987AT,Ridderkerk
Transvaalstraat,18,"","",2987AT,Ridderkerk
Transvaalstraat,2,"","",2987AT,Ridderkerk
Transvaalstraat,20,"","",2987AT,Ridderkerk
Transvaalstraat,22,"","",2987AT,Ridderkerk
Transvaalstraat,24,"","",2987AT,Ridderkerk
Transvaalstraat,26,"","",2987AT,Ridderkerk
Transvaalstraat,4,"","",2987AT,Ridderkerk
Transvaalstraat,6,"","",2987AT,Ridderkerk
Transvaalstraat,8,"","",2987AT,Ridderkerk
Van Riebeekstraat,10,"","",2987AV,Ridderkerk
Van Riebeekstraat,11,"","",2987AV,Ridderkerk
Van Riebeekstraat,12,"","",2987AV,Ridderkerk
Van Riebeekstraat,13,"","",2987AV,Ridderkerk
Van Riebeekstraat,14,"","",2987AV,Ridderkerk
Van Riebeekstraat,15,"","",2987AV,Ridderkerk
Van Riebeekstraat,15,"","",2987AV,Ridderkerk
Van Riebeekstraat,15,"","",2987AV,Ridderkerk
Van Riebeekstraat,16,"","",2987AV,Ridderkerk
Van Riebeekstraat,17,"","",2987AV,Ridderkerk
Van Riebeekstraat,17,"","",2987AV,Ridderkerk
Van Riebeekstraat,17,"","",2987AV,Ridderkerk
Van Riebeekstraat,18,"","",2987AV,Ridderkerk
Van Riebeekstraat,19,"","",2987AV,Ridderkerk
Van Riebeekstraat,19,"","",2987AV,Ridderkerk
Van Riebeekstraat,19,"","",2987AV,Ridderkerk
Van Riebeekstraat,2,"","",2987AV,Ridderkerk
Van Riebeekstraat,20,"","",2987AV,Ridderkerk
Van Riebeekstraat,21,"","",2987AV,Ridderkerk
Van Riebeekstraat,21,"","",2987AV,Ridderkerk
Van Riebeekstraat,21,"","",2987AV,Ridderkerk
Van Riebeekstraat,22,"","",2987AV,Ridderkerk
Van Riebeekstraat,23,"","",2987AV,Ridderkerk
Van Riebeekstraat,23,"","",2987AV,Ridderkerk
Van Riebeekstraat,23,"","",2987AV,Ridderkerk
Van Riebeekstraat,24,"","",2987AV,Ridderkerk
Van Riebeekstraat,25,"","",2987AV,Ridderkerk
Van Riebeekstraat,25,"","",2987AV,Ridderkerk
Van Riebeekstraat,25,"","",2987AV,Ridderkerk
Van Riebeekstraat,26,"","",2987AV,Ridderkerk
Van Riebeekstraat,27,"","",2987AV,Ridderkerk
Van Riebeekstraat,27,"","",2987AV,Ridderkerk
Van Riebeekstraat,27,"","",2987AV,Ridderkerk
Van Riebeekstraat,28,"","",2987AV,Ridderkerk
Van Riebeekstraat,29,"","",2987AV,Ridderkerk
Van Riebeekstraat,29,"","",2987AV,Ridderkerk
Van Riebeekstraat,29,"","",2987AV,Ridderkerk
Van Riebeekstraat,3,"","",2987AV,Ridderkerk
Van Riebeekstraat,30,"","",2987AV,Ridderkerk
Van Riebeekstraat,31,"","",2987AV,Ridderkerk
Van Riebeekstraat,31,"","",2987AV,Ridderkerk
Van Riebeekstraat,31,"","",2987AV,Ridderkerk
Van Riebeekstraat,32,"","",2987AV,Ridderkerk
Van Riebeekstraat,33,"","",2987AV,Ridderkerk
Van Riebeekstraat,33,"","",2987AV,Ridderkerk
Van Riebeekstraat,33,"","",2987AV,Ridderkerk
Van Riebeekstraat,34,"","",2987AV,Ridderkerk
Van Riebeekstraat,35,"","",2987AV,Ridderkerk
Van Riebeekstraat,35,"","",2987AV,Ridderkerk
Van Riebeekstraat,35,"","",2987AV,Ridderkerk
Van Riebeekstraat,36,"","",2987AV,Ridderkerk
Van Riebeekstraat,37,"","",2987AV,Ridderkerk
Van Riebeekstraat,37,"","",2987AV,Ridderkerk
Van Riebeekstraat,37,"","",2987AV,Ridderkerk
Van Riebeekstraat,38,"","",2987AV,Ridderkerk
Van Riebeekstraat,39,"","",2987AV,Ridderkerk
Van Riebeekstraat,39,"","",2987AV,Ridderkerk
Van Riebeekstraat,39,"","",2987AV,Ridderkerk
Van Riebeekstraat,4,"","",2987AV,Ridderkerk
Van Riebeekstraat,40,"","",2987AV,Ridderkerk
Van Riebeekstraat,41,"","",2987AV,Ridderkerk
Van Riebeekstraat,41,"","",2987AV,Ridderkerk
Van Riebeekstraat,41,"","",2987AV,Ridderkerk
Van Riebeekstraat,42,"","",2987AV,Ridderkerk
Van Riebeekstraat,43,"","",2987AV,Ridderkerk
Van Riebeekstraat,43,"","",2987AV,Ridderkerk
Van Riebeekstraat,43,"","",2987AV,Ridderkerk
Van Riebeekstraat,44,"","",2987AV,Ridderkerk
Van Riebeekstraat,45,"","",2987AV,Ridderkerk
Van Riebeekstraat,45,"","",2987AV,Ridderkerk
Van Riebeekstraat,45,"","",2987AV,Ridderkerk
Van Riebeekstraat,47,"","",2987AV,Ridderkerk
Van Riebeekstraat,47,"","",2987AV,Ridderkerk
Van Riebeekstraat,47,"","",2987AV,Ridderkerk
Van Riebeekstraat,49,"","",2987AV,Ridderkerk
Van Riebeekstraat,49,"","",2987AV,Ridderkerk
Van Riebeekstraat,49,"","",2987AV,Ridderkerk
Van Riebeekstraat,5,"","",2987AV,Ridderkerk
Van Riebeekstraat,51,"","",2987AV,Ridderkerk
Van Riebeekstraat,51,"","",2987AV,Ridderkerk
Van Riebeekstraat,51,"","",2987AV,Ridderkerk
Van Riebeekstraat,53,"","",2987AV,Ridderkerk
Van Riebeekstraat,53,"","",2987AV,Ridderkerk
Van Riebeekstraat,53,"","",2987AV,Ridderkerk
Van Riebeekstraat,55,"","",2987AV,Ridderkerk
Van Riebeekstraat,55,"","",2987AV,Ridderkerk
Van Riebeekstraat,55,"","",2987AV,Ridderkerk
Van Riebeekstraat,57,"","",2987AV,Ridderkerk
Van Riebeekstraat,57,"","",2987AV,Ridderkerk
Van Riebeekstraat,57,"","",2987AV,Ridderkerk
Van Riebeekstraat,59,"","",2987AV,Ridderkerk
Van Riebeekstraat,59,"","",2987AV,Ridderkerk
Van Riebeekstraat,59,"","",2987AV,Ridderkerk
Van Riebeekstraat,6,"","",2987AV,Ridderkerk
Van Riebeekstraat,61,"","",2987AV,Ridderkerk
Van Riebeekstraat,63,"","",2987AV,Ridderkerk
Van Riebeekstraat,65,"","",2987AV,Ridderkerk
Van Riebeekstraat,67,"","",2987AV,Ridderkerk
Van Riebeekstraat,69,"","",2987AV,Ridderkerk
Van Riebeekstraat,7,"","",2987AV,Ridderkerk
Van Riebeekstraat,71,"","",2987AV,Ridderkerk
Van Riebeekstraat,8,"","",2987AV,Ridderkerk
Van Riebeekstraat,9,"","",2987AV,Ridderkerk
Alexanderstraat,2,"","",2987BA,Ridderkerk
Alexanderstraat,4,"","",2987BA,Ridderkerk
Boezemkade,21,"","",2987BB,Ridderkerk
Boezemkade,23,"","",2987BB,Ridderkerk
Boezemkade,25,"","",2987BB,Ridderkerk
Boezemkade,27,"","",2987BB,Ridderkerk
Boezemkade,29,"","",2987BB,Ridderkerk
Boezemkade,31,"","",2987BB,Ridderkerk
Boezemkade,33,"","",2987BB,Ridderkerk
Boezemkade,35,"","",2987BB,Ridderkerk
Boezemkade,37,"","",2987BB,Ridderkerk
Boezemkade,39,"","",2987BB,Ridderkerk
Boezemkade,41,"","",2987BB,Ridderkerk
Boezemkade,43,"","",2987BB,Ridderkerk
Boezemkade,45,"","",2987BB,Ridderkerk
Boezemkade,47,"","",2987BC,Ridderkerk
Boezemkade,51,"","",2987BC,Ridderkerk
Boezemkade,53,"","",2987BC,Ridderkerk
Boezemkade,55,"","",2987BC,Ridderkerk
Boezemkade,57,"","",2987BC,Ridderkerk
Boezemkade,59,"","",2987BC,Ridderkerk
Boezemkade,61,"","",2987BC,Ridderkerk
Boezemkade,63,"","",2987BC,Ridderkerk
Boezemkade,65,"","",2987BC,Ridderkerk
Boezemkade,67,"","",2987BC,Ridderkerk
Boezemkade,69,"","",2987BC,Ridderkerk
Boezemkade,71,"","",2987BC,Ridderkerk
Boezemkade,73,"","",2987BC,Ridderkerk
Boezemkade,75,"","",2987BC,Ridderkerk
Boezemkade,10,"","",2987BD,Ridderkerk
Boezemkade,12,"","",2987BD,Ridderkerk
Boezemkade,14,"","",2987BD,Ridderkerk
Boezemkade,16,"","",2987BD,Ridderkerk
Boezemkade,18,"","",2987BD,Ridderkerk
Boezemkade,20,"","",2987BD,Ridderkerk
Boezemkade,22,"","",2987BD,Ridderkerk
Boezemkade,22,A,"",2987BD,Ridderkerk
Boezemkade,24,"","",2987BD,Ridderkerk
Boezemkade,26,"","",2987BD,Ridderkerk
Boezemkade,28,"","",2987BD,Ridderkerk
Boezemkade,30,"","",2987BD,Ridderkerk
Boezemkade,32,"","",2987BD,Ridderkerk
Boezemkade,34,"","",2987BD,Ridderkerk
Boezemkade,36,"","",2987BD,Ridderkerk
Boezemkade,38,"","",2987BD,Ridderkerk
Boezemkade,4,"","",2987BD,Ridderkerk
Boezemkade,6,"","",2987BD,Ridderkerk
Boezemkade,8,"","",2987BD,Ridderkerk
Boezemkade,40,"","",2987BE,Ridderkerk
Boezemkade,42,"","",2987BE,Ridderkerk
Boezemkade,44,"","",2987BE,Ridderkerk
Boezemkade,46,"","",2987BE,Ridderkerk
Boezemkade,48,"","",2987BE,Ridderkerk
Boezemkade,50,"","",2987BE,Ridderkerk
Boezemkade,52,"","",2987BE,Ridderkerk
Boezemkade,54,"","",2987BE,Ridderkerk
Boezemkade,54,A,"",2987BE,Ridderkerk
Boezemkade,54,B,"",2987BE,Ridderkerk
Boezemkade,54,C,"",2987BE,Ridderkerk
Boezemkade,56,"","",2987BE,Ridderkerk
Boezemkade,58,"","",2987BE,Ridderkerk
Boezemkade,60,"","",2987BE,Ridderkerk
Boezemkade,62,"","",2987BE,Ridderkerk
Boezemkade,64,"","",2987BE,Ridderkerk
Boezemkade,66,"","",2987BE,Ridderkerk
Boezemkade,68,"","",2987BE,Ridderkerk
Boezemkade,70,"","",2987BE,Ridderkerk
Boezemstraat,1,"","",2987BG,Ridderkerk
Boezemstraat,10,"","",2987BG,Ridderkerk
Boezemstraat,11,"","",2987BG,Ridderkerk
Boezemstraat,12,"","",2987BG,Ridderkerk
Boezemstraat,13,"","",2987BG,Ridderkerk
Boezemstraat,14,"","",2987BG,Ridderkerk
Boezemstraat,15,"","",2987BG,Ridderkerk
Boezemstraat,16,"","",2987BG,Ridderkerk
Boezemstraat,17,"","",2987BG,Ridderkerk
Boezemstraat,18,"","",2987BG,Ridderkerk
Boezemstraat,19,"","",2987BG,Ridderkerk
Boezemstraat,2,"","",2987BG,Ridderkerk
Boezemstraat,20,"","",2987BG,Ridderkerk
Boezemstraat,21,"","",2987BG,Ridderkerk
Boezemstraat,22,"","",2987BG,Ridderkerk
Boezemstraat,23,"","",2987BG,Ridderkerk
Boezemstraat,24,"","",2987BG,Ridderkerk
Boezemstraat,25,"","",2987BG,Ridderkerk
Boezemstraat,26,"","",2987BG,Ridderkerk
Boezemstraat,27,"","",2987BG,Ridderkerk
Boezemstraat,28,"","",2987BG,Ridderkerk
Boezemstraat,29,"","",2987BG,Ridderkerk
Boezemstraat,3,"","",2987BG,Ridderkerk
Boezemstraat,30,"","",2987BG,Ridderkerk
Boezemstraat,31,"","",2987BG,Ridderkerk
Boezemstraat,32,"","",2987BG,Ridderkerk
Boezemstraat,33,"","",2987BG,Ridderkerk
Boezemstraat,34,"","",2987BG,Ridderkerk
Boezemstraat,35,"","",2987BG,Ridderkerk
Boezemstraat,36,"","",2987BG,Ridderkerk
Boezemstraat,37,"","",2987BG,Ridderkerk
Boezemstraat,4,"","",2987BG,Ridderkerk
Boezemstraat,5,"","",2987BG,Ridderkerk
Boezemstraat,6,"","",2987BG,Ridderkerk
Boezemstraat,7,"","",2987BG,Ridderkerk
Boezemstraat,8,"","",2987BG,Ridderkerk
Boezemstraat,9,"","",2987BG,Ridderkerk
Bothastraat,1,"","",2987BH,Ridderkerk
Bothastraat,10,"","",2987BH,Ridderkerk
Bothastraat,11,"","",2987BH,Ridderkerk
Bothastraat,12,"","",2987BH,Ridderkerk
Bothastraat,13,"","",2987BH,Ridderkerk
Bothastraat,14,"","",2987BH,Ridderkerk
Bothastraat,15,"","",2987BH,Ridderkerk
Bothastraat,16,"","",2987BH,Ridderkerk
Bothastraat,18,"","",2987BH,Ridderkerk
Bothastraat,2,"","",2987BH,Ridderkerk
Bothastraat,3,"","",2987BH,Ridderkerk
Bothastraat,3,"","",2987BH,Ridderkerk
Bothastraat,4,"","",2987BH,Ridderkerk
Bothastraat,5,"","",2987BH,Ridderkerk
Bothastraat,6,"","",2987BH,Ridderkerk
Bothastraat,7,"","",2987BH,Ridderkerk
Bothastraat,8,"","",2987BH,Ridderkerk
Bothastraat,9,"","",2987BH,Ridderkerk
Cronjéplein,1,"","",2987BJ,Ridderkerk
Cronjéplein,2,"","",2987BJ,Ridderkerk
Cronjéplein,3,"","",2987BJ,Ridderkerk
Cronjéplein,4,"","",2987BJ,Ridderkerk
Cronjéplein,6,"","",2987BJ,Ridderkerk
Cronjéplein,8,"","",2987BJ,Ridderkerk
Joubertstraat,1,"","",2987BK,Ridderkerk
Joubertstraat,3,"","",2987BK,Ridderkerk
Joubertstraat,5,"","",2987BK,Ridderkerk
Joubertstraat,7,"","",2987BK,Ridderkerk
Joubertstraat,9,"","",2987BK,Ridderkerk
Julianastraat,15,"","",2987BL,Ridderkerk
Julianastraat,17,"","",2987BL,Ridderkerk
Julianastraat,19,"","",2987BL,Ridderkerk
Julianastraat,21,"","",2987BL,Ridderkerk
Julianastraat,23,"","",2987BL,Ridderkerk
Julianastraat,25,"","",2987BL,Ridderkerk
Julianastraat,27,"","",2987BL,Ridderkerk
Julianastraat,29,"","",2987BL,Ridderkerk
Julianastraat,31,"","",2987BL,Ridderkerk
Julianastraat,10,"","",2987BM,Ridderkerk
Julianastraat,12,"","",2987BM,Ridderkerk
Julianastraat,14,"","",2987BM,Ridderkerk
Julianastraat,16,"","",2987BM,Ridderkerk
Julianastraat,18,"","",2987BM,Ridderkerk
Julianastraat,20,"","",2987BM,Ridderkerk
Julianastraat,22,"","",2987BM,Ridderkerk
Julianastraat,24,"","",2987BM,Ridderkerk
Julianastraat,26,"","",2987BM,Ridderkerk
Julianastraat,28,"","",2987BM,Ridderkerk
Julianastraat,30,"","",2987BM,Ridderkerk
Julianastraat,32,"","",2987BM,Ridderkerk
Julianastraat,34,"","",2987BM,Ridderkerk
Julianastraat,36,"","",2987BM,Ridderkerk
Julianastraat,38,"","",2987BM,Ridderkerk
Julianastraat,40,"","",2987BM,Ridderkerk
Julianastraat,42,"","",2987BM,Ridderkerk
Julianastraat,44,"","",2987BM,Ridderkerk
Julianastraat,46,"","",2987BM,Ridderkerk
Julianastraat,48,"","",2987BM,Ridderkerk
Julianastraat,50,"","",2987BM,Ridderkerk
Julianastraat,52,"","",2987BM,Ridderkerk
Julianastraat,8,"","",2987BM,Ridderkerk
Majubastraat,1,"","",2987BN,Ridderkerk
Majubastraat,11,"","",2987BN,Ridderkerk
Majubastraat,13,"","",2987BN,Ridderkerk
Majubastraat,15,"","",2987BN,Ridderkerk
Majubastraat,17,"","",2987BN,Ridderkerk
Majubastraat,19,"","",2987BN,Ridderkerk
Majubastraat,21,"","",2987BN,Ridderkerk
Majubastraat,23,"","",2987BN,Ridderkerk
Majubastraat,25,"","",2987BN,Ridderkerk
Majubastraat,27,"","",2987BN,Ridderkerk
Majubastraat,29,"","",2987BN,Ridderkerk
Majubastraat,3,"","",2987BN,Ridderkerk
Majubastraat,31,"","",2987BN,Ridderkerk
Majubastraat,33,"","",2987BN,Ridderkerk
Majubastraat,35,"","",2987BN,Ridderkerk
Majubastraat,37,"","",2987BN,Ridderkerk
Majubastraat,39,"","",2987BN,Ridderkerk
Majubastraat,41,"","",2987BN,Ridderkerk
Majubastraat,5,"","",2987BN,Ridderkerk
Majubastraat,7,"","",2987BN,Ridderkerk
Majubastraat,7,A,"",2987BN,Ridderkerk
Majubastraat,7,B,"",2987BN,Ridderkerk
Majubastraat,9,"","",2987BN,Ridderkerk
Majubastraat,9,A,"",2987BN,Ridderkerk
Majubastraat,9,B,"",2987BN,Ridderkerk
Paul Krugerstraat,11,"","",2987BP,Ridderkerk
Paul Krugerstraat,13,"","",2987BP,Ridderkerk
Paul Krugerstraat,15,"","",2987BP,Ridderkerk
Paul Krugerstraat,35,"","",2987BP,Ridderkerk
Paul Krugerstraat,37,"","",2987BP,Ridderkerk
Paul Krugerstraat,39,"","",2987BP,Ridderkerk
Paul Krugerstraat,41,"","",2987BP,Ridderkerk
Paul Krugerstraat,43,"","",2987BP,Ridderkerk
Paul Krugerstraat,43,A,"",2987BP,Ridderkerk
Paul Krugerstraat,43,B,"",2987BP,Ridderkerk
Paul Krugerstraat,45,"","",2987BP,Ridderkerk
Paul Krugerstraat,47,"","",2987BP,Ridderkerk
Paul Krugerstraat,49,"","",2987BP,Ridderkerk
Paul Krugerstraat,5,"","",2987BP,Ridderkerk
Paul Krugerstraat,51,"","",2987BP,Ridderkerk
Paul Krugerstraat,53,"","",2987BP,Ridderkerk
Paul Krugerstraat,55,"","",2987BP,Ridderkerk
Paul Krugerstraat,57,"","",2987BP,Ridderkerk
Paul Krugerstraat,7,"","",2987BP,Ridderkerk
Paul Krugerstraat,9,"","",2987BP,Ridderkerk
Paul Krugerstraat,101,"","",2987BR,Ridderkerk
Paul Krugerstraat,103,"","",2987BR,Ridderkerk
Paul Krugerstraat,105,"","",2987BR,Ridderkerk
Paul Krugerstraat,107,"","",2987BR,Ridderkerk
Paul Krugerstraat,107,A,"",2987BR,Ridderkerk
Paul Krugerstraat,61,"","",2987BR,Ridderkerk
Paul Krugerstraat,63,"","",2987BR,Ridderkerk
Paul Krugerstraat,65,"","",2987BR,Ridderkerk
Paul Krugerstraat,67,"","",2987BR,Ridderkerk
Paul Krugerstraat,69,"","",2987BR,Ridderkerk
Paul Krugerstraat,71,"","",2987BR,Ridderkerk
Paul Krugerstraat,73,"","",2987BR,Ridderkerk
Paul Krugerstraat,75,"","",2987BR,Ridderkerk
Paul Krugerstraat,77,"","",2987BR,Ridderkerk
Paul Krugerstraat,79,"","",2987BR,Ridderkerk
Paul Krugerstraat,81,"","",2987BR,Ridderkerk
Paul Krugerstraat,83,"","",2987BR,Ridderkerk
Paul Krugerstraat,85,"","",2987BR,Ridderkerk
Paul Krugerstraat,87,"","",2987BR,Ridderkerk
Paul Krugerstraat,89,"","",2987BR,Ridderkerk
Paul Krugerstraat,91,"","",2987BR,Ridderkerk
Paul Krugerstraat,93,"","",2987BR,Ridderkerk
Paul Krugerstraat,95,"","",2987BR,Ridderkerk
Paul Krugerstraat,97,"","",2987BR,Ridderkerk
Paul Krugerstraat,99,"","",2987BR,Ridderkerk
Paul Krugerstraat,109,"","",2987BS,Ridderkerk
Paul Krugerstraat,111,"","",2987BS,Ridderkerk
Paul Krugerstraat,113,"","",2987BS,Ridderkerk
Paul Krugerstraat,115,"","",2987BS,Ridderkerk
Paul Krugerstraat,117,"","",2987BS,Ridderkerk
Paul Krugerstraat,119,"","",2987BS,Ridderkerk
Paul Krugerstraat,121,"","",2987BS,Ridderkerk
Paul Krugerstraat,123,"","",2987BS,Ridderkerk
Paul Krugerstraat,10,"","",2987BT,Ridderkerk
Paul Krugerstraat,12,"","",2987BT,Ridderkerk
Paul Krugerstraat,14,"","",2987BT,Ridderkerk
Paul Krugerstraat,16,"","",2987BT,Ridderkerk
Paul Krugerstraat,18,"","",2987BT,Ridderkerk
Paul Krugerstraat,20,"","",2987BT,Ridderkerk
Paul Krugerstraat,22,"","",2987BT,Ridderkerk
Paul Krugerstraat,24,"","",2987BT,Ridderkerk
Paul Krugerstraat,26,"","",2987BT,Ridderkerk
Paul Krugerstraat,28,"","",2987BT,Ridderkerk
Paul Krugerstraat,30,"","",2987BT,Ridderkerk
Paul Krugerstraat,32,"","",2987BT,Ridderkerk
Paul Krugerstraat,34,"","",2987BT,Ridderkerk
Paul Krugerstraat,36,"","",2987BT,Ridderkerk
Paul Krugerstraat,6,"","",2987BT,Ridderkerk
Paul Krugerstraat,8,"","",2987BT,Ridderkerk
Paul Krugerstraat,38,"","",2987BV,Ridderkerk
Paul Krugerstraat,40,"","",2987BV,Ridderkerk
Paul Krugerstraat,42,"","",2987BV,Ridderkerk
Paul Krugerstraat,44,"","",2987BV,Ridderkerk
Paul Krugerstraat,46,"","",2987BV,Ridderkerk
Paul Krugerstraat,48,"","",2987BV,Ridderkerk
Paul Krugerstraat,48,A,"",2987BV,Ridderkerk
Paul Krugerstraat,50,"","",2987BV,Ridderkerk
Paul Krugerstraat,50,A,"",2987BV,Ridderkerk
Paul Krugerstraat,50,B,"",2987BV,Ridderkerk
Paul Krugerstraat,52,"","",2987BV,Ridderkerk
Paul Krugerstraat,54,"","",2987BV,Ridderkerk
Paul Krugerstraat,56,"","",2987BV,Ridderkerk
Paul Krugerstraat,58,"","",2987BV,Ridderkerk
Paul Krugerstraat,60,"","",2987BV,Ridderkerk
Paul Krugerstraat,62,"","",2987BV,Ridderkerk
Paul Krugerstraat,64,"","",2987BV,Ridderkerk
Paul Krugerstraat,66,"","",2987BV,Ridderkerk
Paul Krugerstraat,68,"","",2987BV,Ridderkerk
Paul Krugerstraat,70,"","",2987BV,Ridderkerk
Paul Krugerstraat,72,"","",2987BV,Ridderkerk
Paul Krugerstraat,100,"","",2987BW,Ridderkerk
Paul Krugerstraat,102,"","",2987BW,Ridderkerk
Paul Krugerstraat,104,"","",2987BW,Ridderkerk
Paul Krugerstraat,106,"","",2987BW,Ridderkerk
Paul Krugerstraat,108,"","",2987BW,Ridderkerk
Paul Krugerstraat,110,"","",2987BW,Ridderkerk
Paul Krugerstraat,112,"","",2987BW,Ridderkerk
Paul Krugerstraat,114,"","",2987BW,Ridderkerk
Paul Krugerstraat,116,"","",2987BW,Ridderkerk
Paul Krugerstraat,118,"","",2987BW,Ridderkerk
Paul Krugerstraat,120,"","",2987BW,Ridderkerk
Paul Krugerstraat,122,"","",2987BW,Ridderkerk
Paul Krugerstraat,124,"","",2987BW,Ridderkerk
Paul Krugerstraat,126,"","",2987BW,Ridderkerk
Paul Krugerstraat,128,"","",2987BW,Ridderkerk
Paul Krugerstraat,130,"","",2987BW,Ridderkerk
Paul Krugerstraat,132,"","",2987BW,Ridderkerk
Paul Krugerstraat,134,"","",2987BW,Ridderkerk
Paul Krugerstraat,136,"","",2987BW,Ridderkerk
Paul Krugerstraat,138,"","",2987BW,Ridderkerk
Paul Krugerstraat,74,"","",2987BW,Ridderkerk
Paul Krugerstraat,74,A,"",2987BW,Ridderkerk
Paul Krugerstraat,74,B,"",2987BW,Ridderkerk
Paul Krugerstraat,74,C,"",2987BW,Ridderkerk
Paul Krugerstraat,74,D,"",2987BW,Ridderkerk
Paul Krugerstraat,76,"","",2987BW,Ridderkerk
Paul Krugerstraat,78,"","",2987BW,Ridderkerk
Paul Krugerstraat,80,"","",2987BW,Ridderkerk
Paul Krugerstraat,82,"","",2987BW,Ridderkerk
Paul Krugerstraat,82,A,"",2987BW,Ridderkerk
Paul Krugerstraat,84,"","",2987BW,Ridderkerk
Paul Krugerstraat,86,"","",2987BW,Ridderkerk
Paul Krugerstraat,88,"","",2987BW,Ridderkerk
Paul Krugerstraat,90,"","",2987BW,Ridderkerk
Paul Krugerstraat,92,"","",2987BW,Ridderkerk
Paul Krugerstraat,94,"","",2987BW,Ridderkerk
Paul Krugerstraat,96,"","",2987BW,Ridderkerk
Paul Krugerstraat,98,"","",2987BW,Ridderkerk
Wilhelminastraat,11,"","",2987BX,Ridderkerk
Wilhelminastraat,13,"","",2987BX,Ridderkerk
Wilhelminastraat,15,"","",2987BX,Ridderkerk
Wilhelminastraat,17,"","",2987BX,Ridderkerk
Wilhelminastraat,19,"","",2987BX,Ridderkerk
Wilhelminastraat,21,"","",2987BX,Ridderkerk
Wilhelminastraat,23,"","",2987BX,Ridderkerk
Wilhelminastraat,25,"","",2987BX,Ridderkerk
Wilhelminastraat,27,"","",2987BX,Ridderkerk
Wilhelminastraat,29,"","",2987BX,Ridderkerk
Wilhelminastraat,31,"","",2987BX,Ridderkerk
Wilhelminastraat,33,"","",2987BX,Ridderkerk
Wilhelminastraat,35,"","",2987BX,Ridderkerk
Wilhelminastraat,37,"","",2987BX,Ridderkerk
Wilhelminastraat,39,"","",2987BX,Ridderkerk
Wilhelminastraat,41,"","",2987BX,Ridderkerk
Wilhelminastraat,43,"","",2987BX,Ridderkerk
Wilhelminastraat,45,"","",2987BX,Ridderkerk
Wilhelminastraat,49,"","",2987BX,Ridderkerk
Wilhelminastraat,7,"","",2987BX,Ridderkerk
Wilhelminastraat,9,"","",2987BX,Ridderkerk
Wilhelminastraat,10,"","",2987BZ,Ridderkerk
Wilhelminastraat,12,"","",2987BZ,Ridderkerk
Wilhelminastraat,14,"","",2987BZ,Ridderkerk
Wilhelminastraat,16,"","",2987BZ,Ridderkerk
Wilhelminastraat,18,"","",2987BZ,Ridderkerk
Wilhelminastraat,2,"","",2987BZ,Ridderkerk
Wilhelminastraat,2,A,"",2987BZ,Ridderkerk
Wilhelminastraat,20,"","",2987BZ,Ridderkerk
Wilhelminastraat,22,"","",2987BZ,Ridderkerk
Wilhelminastraat,24,"","",2987BZ,Ridderkerk
Wilhelminastraat,26,"","",2987BZ,Ridderkerk
Wilhelminastraat,28,"","",2987BZ,Ridderkerk
Wilhelminastraat,30,"","",2987BZ,Ridderkerk
Wilhelminastraat,4,"","",2987BZ,Ridderkerk
Wilhelminastraat,6,"","",2987BZ,Ridderkerk
Wilhelminastraat,8,"","",2987BZ,Ridderkerk
Amerstraat,1,"","",2987CA,Ridderkerk
Amerstraat,10,"","",2987CA,Ridderkerk
Amerstraat,12,"","",2987CA,Ridderkerk
Amerstraat,14,"","",2987CA,Ridderkerk
Amerstraat,16,"","",2987CA,Ridderkerk
Amerstraat,16,"","",2987CA,Ridderkerk
Amerstraat,16,A,"",2987CA,Ridderkerk
Amerstraat,18,"","",2987CA,Ridderkerk
Amerstraat,2,"","",2987CA,Ridderkerk
Amerstraat,2,A,"",2987CA,Ridderkerk
Amerstraat,20,"","",2987CA,Ridderkerk
Amerstraat,22,"","",2987CA,Ridderkerk
Amerstraat,24,"","",2987CA,Ridderkerk
Amerstraat,3,"","",2987CA,Ridderkerk
Amerstraat,4,"","",2987CA,Ridderkerk
Amerstraat,6,"","",2987CA,Ridderkerk
Amerstraat,8,"","",2987CA,Ridderkerk
Botlekstraat,1,"","",2987CB,Ridderkerk
Botlekstraat,10,"","",2987CB,Ridderkerk
Botlekstraat,11,"","",2987CB,Ridderkerk
Botlekstraat,12,"","",2987CB,Ridderkerk
Botlekstraat,13,"","",2987CB,Ridderkerk
Botlekstraat,14,"","",2987CB,Ridderkerk
Botlekstraat,15,"","",2987CB,Ridderkerk
Botlekstraat,16,"","",2987CB,Ridderkerk
Botlekstraat,17,"","",2987CB,Ridderkerk
Botlekstraat,18,"","",2987CB,Ridderkerk
Botlekstraat,19,"","",2987CB,Ridderkerk
Botlekstraat,2,"","",2987CB,Ridderkerk
Botlekstraat,20,"","",2987CB,Ridderkerk
Botlekstraat,21,"","",2987CB,Ridderkerk
Botlekstraat,22,"","",2987CB,Ridderkerk
Botlekstraat,23,"","",2987CB,Ridderkerk
Botlekstraat,24,"","",2987CB,Ridderkerk
Botlekstraat,25,"","",2987CB,Ridderkerk
Botlekstraat,26,"","",2987CB,Ridderkerk
Botlekstraat,27,"","",2987CB,Ridderkerk
Botlekstraat,28,"","",2987CB,Ridderkerk
Botlekstraat,29,"","",2987CB,Ridderkerk
Botlekstraat,3,"","",2987CB,Ridderkerk
Botlekstraat,30,"","",2987CB,Ridderkerk
Botlekstraat,31,"","",2987CB,Ridderkerk
Botlekstraat,32,"","",2987CB,Ridderkerk
Botlekstraat,33,"","",2987CB,Ridderkerk
Botlekstraat,34,"","",2987CB,Ridderkerk
Botlekstraat,35,"","",2987CB,Ridderkerk
Botlekstraat,36,"","",2987CB,Ridderkerk
Botlekstraat,37,"","",2987CB,Ridderkerk
Botlekstraat,39,"","",2987CB,Ridderkerk
Botlekstraat,4,"","",2987CB,Ridderkerk
Botlekstraat,41,"","",2987CB,Ridderkerk
Botlekstraat,43,"","",2987CB,Ridderkerk
Botlekstraat,45,"","",2987CB,Ridderkerk
Botlekstraat,47,"","",2987CB,Ridderkerk
Botlekstraat,49,"","",2987CB,Ridderkerk
Botlekstraat,5,"","",2987CB,Ridderkerk
Botlekstraat,51,"","",2987CB,Ridderkerk
Botlekstraat,53,"","",2987CB,Ridderkerk
Botlekstraat,55,"","",2987CB,Ridderkerk
Botlekstraat,57,"","",2987CB,Ridderkerk
Botlekstraat,59,"","",2987CB,Ridderkerk
Botlekstraat,6,"","",2987CB,Ridderkerk
Botlekstraat,61,"","",2987CB,Ridderkerk
Botlekstraat,63,"","",2987CB,Ridderkerk
Botlekstraat,65,"","",2987CB,Ridderkerk
Botlekstraat,67,"","",2987CB,Ridderkerk
Botlekstraat,7,"","",2987CB,Ridderkerk
Botlekstraat,8,"","",2987CB,Ridderkerk
Botlekstraat,9,"","",2987CB,Ridderkerk
Gouwestraat,1,"","",2987CC,Ridderkerk
Gouwestraat,11,"","",2987CC,Ridderkerk
Gouwestraat,13,"","",2987CC,Ridderkerk
Gouwestraat,15,"","",2987CC,Ridderkerk
Gouwestraat,17,"","",2987CC,Ridderkerk
Gouwestraat,19,"","",2987CC,Ridderkerk
Gouwestraat,21,"","",2987CC,Ridderkerk
Gouwestraat,23,"","",2987CC,Ridderkerk
Gouwestraat,25,"","",2987CC,Ridderkerk
Gouwestraat,27,"","",2987CC,Ridderkerk
Gouwestraat,29,"","",2987CC,Ridderkerk
Gouwestraat,3,"","",2987CC,Ridderkerk
Gouwestraat,31,"","",2987CC,Ridderkerk
Gouwestraat,33,"","",2987CC,Ridderkerk
Gouwestraat,35,"","",2987CC,Ridderkerk
Gouwestraat,37,"","",2987CC,Ridderkerk
Gouwestraat,39,"","",2987CC,Ridderkerk
Gouwestraat,41,"","",2987CC,Ridderkerk
Gouwestraat,43,"","",2987CC,Ridderkerk
Gouwestraat,45,"","",2987CC,Ridderkerk
Gouwestraat,47,"","",2987CC,Ridderkerk
Gouwestraat,49,"","",2987CC,Ridderkerk
Gouwestraat,5,"","",2987CC,Ridderkerk
Gouwestraat,51,"","",2987CC,Ridderkerk
Gouwestraat,53,"","",2987CC,Ridderkerk
Gouwestraat,55,"","",2987CC,Ridderkerk
Gouwestraat,57,"","",2987CC,Ridderkerk
Gouwestraat,59,"","",2987CC,Ridderkerk
Gouwestraat,61,"","",2987CC,Ridderkerk
Gouwestraat,63,"","",2987CC,Ridderkerk
Gouwestraat,7,"","",2987CC,Ridderkerk
Gouwestraat,9,"","",2987CC,Ridderkerk
Gouwestraat,10,"","",2987CD,Ridderkerk
Gouwestraat,12,"","",2987CD,Ridderkerk
Gouwestraat,14,"","",2987CD,Ridderkerk
Gouwestraat,16,"","",2987CD,Ridderkerk
Gouwestraat,18,"","",2987CD,Ridderkerk
Gouwestraat,2,"","",2987CD,Ridderkerk
Gouwestraat,20,"","",2987CD,Ridderkerk
Gouwestraat,22,"","",2987CD,Ridderkerk
Gouwestraat,24,"","",2987CD,Ridderkerk
Gouwestraat,26,"","",2987CD,Ridderkerk
Gouwestraat,28,"","",2987CD,Ridderkerk
Gouwestraat,30,"","",2987CD,Ridderkerk
Gouwestraat,32,"","",2987CD,Ridderkerk
Gouwestraat,34,"","",2987CD,Ridderkerk
Gouwestraat,36,"","",2987CD,Ridderkerk
Gouwestraat,38,"","",2987CD,Ridderkerk
Gouwestraat,4,"","",2987CD,Ridderkerk
Gouwestraat,40,"","",2987CD,Ridderkerk
Gouwestraat,42,"","",2987CD,Ridderkerk
Gouwestraat,44,"","",2987CD,Ridderkerk
Gouwestraat,46,"","",2987CD,Ridderkerk
Gouwestraat,48,"","",2987CD,Ridderkerk
Gouwestraat,6,"","",2987CD,Ridderkerk
Gouwestraat,8,"","",2987CD,Ridderkerk
Lingestraat,1,"","",2987CE,Ridderkerk
Lingestraat,11,"","",2987CE,Ridderkerk
Lingestraat,3,"","",2987CE,Ridderkerk
Lingestraat,5,"","",2987CE,Ridderkerk
Lingestraat,7,"","",2987CE,Ridderkerk
Lingestraat,9,"","",2987CE,Ridderkerk
Lingestraat,10,"","",2987CG,Ridderkerk
Lingestraat,12,"","",2987CG,Ridderkerk
Lingestraat,14,"","",2987CG,Ridderkerk
Lingestraat,16,"","",2987CG,Ridderkerk
Lingestraat,18,"","",2987CG,Ridderkerk
Lingestraat,2,"","",2987CG,Ridderkerk
Lingestraat,20,"","",2987CG,Ridderkerk
Lingestraat,22,"","",2987CG,Ridderkerk
Lingestraat,24,"","",2987CG,Ridderkerk
Lingestraat,26,"","",2987CG,Ridderkerk
Lingestraat,28,"","",2987CG,Ridderkerk
Lingestraat,30,"","",2987CG,Ridderkerk
Lingestraat,32,"","",2987CG,Ridderkerk
Lingestraat,34,"","",2987CG,Ridderkerk
Lingestraat,36,"","",2987CG,Ridderkerk
Lingestraat,38,"","",2987CG,Ridderkerk
Lingestraat,4,"","",2987CG,Ridderkerk
Lingestraat,40,"","",2987CG,Ridderkerk
Lingestraat,42,"","",2987CG,Ridderkerk
Lingestraat,44,"","",2987CG,Ridderkerk
Lingestraat,46,"","",2987CG,Ridderkerk
Lingestraat,48,"","",2987CG,Ridderkerk
Lingestraat,50,"","",2987CG,Ridderkerk
Lingestraat,52,"","",2987CG,Ridderkerk
Lingestraat,54,"","",2987CG,Ridderkerk
Lingestraat,56,"","",2987CG,Ridderkerk
Lingestraat,58,"","",2987CG,Ridderkerk
Lingestraat,6,"","",2987CG,Ridderkerk
Lingestraat,60,"","",2987CG,Ridderkerk
Lingestraat,62,"","",2987CG,Ridderkerk
Lingestraat,64,"","",2987CG,Ridderkerk
Lingestraat,66,"","",2987CG,Ridderkerk
Lingestraat,68,"","",2987CG,Ridderkerk
Lingestraat,70,"","",2987CG,Ridderkerk
Lingestraat,72,"","",2987CG,Ridderkerk
Lingestraat,74,"","",2987CG,Ridderkerk
Lingestraat,76,"","",2987CG,Ridderkerk
Lingestraat,78,"","",2987CG,Ridderkerk
Lingestraat,8,"","",2987CG,Ridderkerk
Lingestraat,80,"","",2987CG,Ridderkerk
Lingestraat,82,"","",2987CG,Ridderkerk
Merwedestraat,1,"","",2987CH,Ridderkerk
Merwedestraat,11,"","",2987CH,Ridderkerk
Merwedestraat,13,"","",2987CH,Ridderkerk
Merwedestraat,15,"","",2987CH,Ridderkerk
Merwedestraat,17,"","",2987CH,Ridderkerk
Merwedestraat,19,"","",2987CH,Ridderkerk
Merwedestraat,21,"","",2987CH,Ridderkerk
Merwedestraat,23,"","",2987CH,Ridderkerk
Merwedestraat,25,"","",2987CH,Ridderkerk
Merwedestraat,27,"","",2987CH,Ridderkerk
Merwedestraat,29,"","",2987CH,Ridderkerk
Merwedestraat,3,"","",2987CH,Ridderkerk
Merwedestraat,31,"","",2987CH,Ridderkerk
Merwedestraat,33,"","",2987CH,Ridderkerk
Merwedestraat,5,"","",2987CH,Ridderkerk
Merwedestraat,7,"","",2987CH,Ridderkerk
Merwedestraat,9,"","",2987CH,Ridderkerk
Merwedestraat,10,"","",2987CJ,Ridderkerk
Merwedestraat,12,"","",2987CJ,Ridderkerk
Merwedestraat,14,"","",2987CJ,Ridderkerk
Merwedestraat,16,"","",2987CJ,Ridderkerk
Merwedestraat,18,"","",2987CJ,Ridderkerk
Merwedestraat,2,"","",2987CJ,Ridderkerk
Merwedestraat,20,"","",2987CJ,Ridderkerk
Merwedestraat,22,"","",2987CJ,Ridderkerk
Merwedestraat,24,"","",2987CJ,Ridderkerk
Merwedestraat,26,"","",2987CJ,Ridderkerk
Merwedestraat,28,"","",2987CJ,Ridderkerk
Merwedestraat,30,"","",2987CJ,Ridderkerk
Merwedestraat,32,"","",2987CJ,Ridderkerk
Merwedestraat,34,"","",2987CJ,Ridderkerk
Merwedestraat,36,"","",2987CJ,Ridderkerk
Merwedestraat,38,"","",2987CJ,Ridderkerk
Merwedestraat,4,"","",2987CJ,Ridderkerk
Merwedestraat,40,"","",2987CJ,Ridderkerk
Merwedestraat,42,"","",2987CJ,Ridderkerk
Merwedestraat,44,"","",2987CJ,Ridderkerk
Merwedestraat,46,"","",2987CJ,Ridderkerk
Merwedestraat,6,"","",2987CJ,Ridderkerk
Merwedestraat,8,"","",2987CJ,Ridderkerk
Noordstraat,1,A,"",2987CK,Ridderkerk
Noordstraat,1,B,"",2987CK,Ridderkerk
Noordstraat,11,"","",2987CK,Ridderkerk
Noordstraat,11,A,"",2987CK,Ridderkerk
Noordstraat,11,B,"",2987CK,Ridderkerk
Noordstraat,11,C,"",2987CK,Ridderkerk
Noordstraat,13,"","",2987CK,Ridderkerk
Noordstraat,13,A,"",2987CK,Ridderkerk
Noordstraat,13,B,"",2987CK,Ridderkerk
Noordstraat,13,C,"",2987CK,Ridderkerk
Noordstraat,15,"","",2987CK,Ridderkerk
Noordstraat,15,A,"",2987CK,Ridderkerk
Noordstraat,15,B,"",2987CK,Ridderkerk
Noordstraat,15,C,"",2987CK,Ridderkerk
Noordstraat,17,"","",2987CK,Ridderkerk
Noordstraat,17,A,"",2987CK,Ridderkerk
Noordstraat,17,B,"",2987CK,Ridderkerk
Noordstraat,17,C,"",2987CK,Ridderkerk
Noordstraat,19,"","",2987CK,Ridderkerk
Noordstraat,19,A,"",2987CK,Ridderkerk
Noordstraat,19,B,"",2987CK,Ridderkerk
Noordstraat,19,C,"",2987CK,Ridderkerk
Noordstraat,21,"","",2987CK,Ridderkerk
Noordstraat,21,A,"",2987CK,Ridderkerk
Noordstraat,21,B,"",2987CK,Ridderkerk
Noordstraat,21,C,"",2987CK,Ridderkerk
Noordstraat,23,"","",2987CK,Ridderkerk
Noordstraat,23,A,"",2987CK,Ridderkerk
Noordstraat,23,B,"",2987CK,Ridderkerk
Noordstraat,23,C,"",2987CK,Ridderkerk
Noordstraat,25,"","",2987CK,Ridderkerk
Noordstraat,25,A,"",2987CK,Ridderkerk
Noordstraat,25,B,"",2987CK,Ridderkerk
Noordstraat,25,C,"",2987CK,Ridderkerk
Noordstraat,25,D,"",2987CK,Ridderkerk
Noordstraat,27,"","",2987CK,Ridderkerk
Noordstraat,27,A,"",2987CK,Ridderkerk
Noordstraat,27,B,"",2987CK,Ridderkerk
Noordstraat,27,C,"",2987CK,Ridderkerk
Noordstraat,27,D,"",2987CK,Ridderkerk
Noordstraat,29,"","",2987CK,Ridderkerk
Noordstraat,29,A,"",2987CK,Ridderkerk
Noordstraat,29,B,"",2987CK,Ridderkerk
Noordstraat,29,C,"",2987CK,Ridderkerk
Noordstraat,3,A,"",2987CK,Ridderkerk
Noordstraat,3,B,"",2987CK,Ridderkerk
Noordstraat,31,"","",2987CK,Ridderkerk
Noordstraat,31,A,"",2987CK,Ridderkerk
Noordstraat,31,B,"",2987CK,Ridderkerk
Noordstraat,31,C,"",2987CK,Ridderkerk
Noordstraat,31,D,"",2987CK,Ridderkerk
Noordstraat,33,"","",2987CK,Ridderkerk
Noordstraat,33,A,"",2987CK,Ridderkerk
Noordstraat,33,B,"",2987CK,Ridderkerk
Noordstraat,33,C,"",2987CK,Ridderkerk
Noordstraat,33,D,"",2987CK,Ridderkerk
Noordstraat,35,"","",2987CK,Ridderkerk
Noordstraat,35,A,"",2987CK,Ridderkerk
Noordstraat,35,B,"",2987CK,Ridderkerk
Noordstraat,35,C,"",2987CK,Ridderkerk
Noordstraat,35,D,"",2987CK,Ridderkerk
Noordstraat,37,"","",2987CK,Ridderkerk
Noordstraat,37,A,"",2987CK,Ridderkerk
Noordstraat,37,B,"",2987CK,Ridderkerk
Noordstraat,37,C,"",2987CK,Ridderkerk
Noordstraat,37,D,"",2987CK,Ridderkerk
Noordstraat,5,"","",2987CK,Ridderkerk
Noordstraat,5,A,"",2987CK,Ridderkerk
Noordstraat,5,B,"",2987CK,Ridderkerk
Noordstraat,7,"","",2987CK,Ridderkerk
Noordstraat,7,A,"",2987CK,Ridderkerk
Noordstraat,7,B,"",2987CK,Ridderkerk
Noordstraat,9,"","",2987CK,Ridderkerk
Noordstraat,9,A,"",2987CK,Ridderkerk
Noordstraat,9,B,"",2987CK,Ridderkerk
Noordstraat,9,C,"",2987CK,Ridderkerk
Noordstraat,101,"","",2987CM,Ridderkerk
Noordstraat,103,"","",2987CM,Ridderkerk
Noordstraat,105,"","",2987CM,Ridderkerk
Noordstraat,107,"","",2987CM,Ridderkerk
Noordstraat,109,"","",2987CM,Ridderkerk
Noordstraat,111,"","",2987CM,Ridderkerk
Noordstraat,113,"","",2987CM,Ridderkerk
Noordstraat,115,"","",2987CM,Ridderkerk
Noordstraat,117,"","",2987CM,Ridderkerk
Noordstraat,119,"","",2987CM,Ridderkerk
Noordstraat,121,"","",2987CM,Ridderkerk
Noordstraat,123,"","",2987CM,Ridderkerk
Noordstraat,125,"","",2987CM,Ridderkerk
Noordstraat,73,"","",2987CM,Ridderkerk
Noordstraat,75,"","",2987CM,Ridderkerk
Noordstraat,77,"","",2987CM,Ridderkerk
Noordstraat,79,"","",2987CM,Ridderkerk
Noordstraat,81,"","",2987CM,Ridderkerk
Noordstraat,83,"","",2987CM,Ridderkerk
Noordstraat,85,"","",2987CM,Ridderkerk
Noordstraat,87,"","",2987CM,Ridderkerk
Noordstraat,89,"","",2987CM,Ridderkerk
Noordstraat,91,"","",2987CM,Ridderkerk
Noordstraat,93,"","",2987CM,Ridderkerk
Noordstraat,95,"","",2987CM,Ridderkerk
Noordstraat,97,"","",2987CM,Ridderkerk
Noordstraat,99,"","",2987CM,Ridderkerk
Noordstraat,127,"","",2987CN,Ridderkerk
Noordstraat,129,"","",2987CN,Ridderkerk
Noordstraat,131,"","",2987CN,Ridderkerk
Noordstraat,133,"","",2987CN,Ridderkerk
Noordstraat,135,"","",2987CN,Ridderkerk
Noordstraat,137,"","",2987CN,Ridderkerk
Noordstraat,139,"","",2987CN,Ridderkerk
Noordstraat,141,"","",2987CN,Ridderkerk
Noordstraat,143,"","",2987CN,Ridderkerk
Noordstraat,145,"","",2987CN,Ridderkerk
Noordstraat,147,"","",2987CN,Ridderkerk
Noordstraat,149,"","",2987CN,Ridderkerk
Noordstraat,151,"","",2987CN,Ridderkerk
Noordstraat,153,"","",2987CN,Ridderkerk
Noordstraat,155,"","",2987CN,Ridderkerk
Noordstraat,157,"","",2987CN,Ridderkerk
Noordstraat,159,"","",2987CN,Ridderkerk
Noordstraat,161,"","",2987CN,Ridderkerk
Noordstraat,163,"","",2987CN,Ridderkerk
Noordstraat,165,"","",2987CN,Ridderkerk
Noordstraat,167,"","",2987CN,Ridderkerk
Noordstraat,169,"","",2987CN,Ridderkerk
Noordstraat,171,"","",2987CN,Ridderkerk
Noordstraat,173,"","",2987CN,Ridderkerk
Noordstraat,175,"","",2987CN,Ridderkerk
Noordstraat,177,"","",2987CN,Ridderkerk
Noordstraat,179,"","",2987CN,Ridderkerk
Noordstraat,181,"","",2987CP,Ridderkerk
Noordstraat,183,"","",2987CP,Ridderkerk
Noordstraat,185,"","",2987CP,Ridderkerk
Noordstraat,187,"","",2987CP,Ridderkerk
Noordstraat,189,"","",2987CP,Ridderkerk
Noordstraat,191,"","",2987CP,Ridderkerk
Noordstraat,193,"","",2987CP,Ridderkerk
Noordstraat,195,"","",2987CP,Ridderkerk
Noordstraat,197,"","",2987CP,Ridderkerk
Noordstraat,199,"","",2987CP,Ridderkerk
Noordstraat,201,"","",2987CP,Ridderkerk
Noordstraat,203,"","",2987CP,Ridderkerk
Noordstraat,205,"","",2987CP,Ridderkerk
Noordstraat,207,"","",2987CP,Ridderkerk
Noordstraat,209,"","",2987CP,Ridderkerk
Noordstraat,211,"","",2987CP,Ridderkerk
Noordstraat,213,"","",2987CP,Ridderkerk
Noordstraat,215,"","",2987CP,Ridderkerk
Noordstraat,217,"","",2987CP,Ridderkerk
Noordstraat,219,"","",2987CP,Ridderkerk
Noordstraat,221,"","",2987CP,Ridderkerk
Noordstraat,223,"","",2987CR,Ridderkerk
Noordstraat,225,"","",2987CR,Ridderkerk
Noordstraat,227,"","",2987CR,Ridderkerk
Noordstraat,229,"","",2987CR,Ridderkerk
Noordstraat,231,"","",2987CR,Ridderkerk
Noordstraat,233,"","",2987CR,Ridderkerk
Noordstraat,235,"","",2987CR,Ridderkerk
Noordstraat,237,"","",2987CR,Ridderkerk
Noordstraat,239,"","",2987CR,Ridderkerk
Noordstraat,241,"","",2987CR,Ridderkerk
Noordstraat,243,"","",2987CR,Ridderkerk
Noordstraat,245,"","",2987CR,Ridderkerk
Noordstraat,247,"","",2987CR,Ridderkerk
Noordstraat,249,"","",2987CR,Ridderkerk
Noordstraat,251,"","",2987CR,Ridderkerk
Noordstraat,253,"","",2987CR,Ridderkerk
Noordstraat,255,"","",2987CR,Ridderkerk
Noordstraat,255,A,"",2987CR,Ridderkerk
Noordstraat,255,A,"",2987CR,Ridderkerk
Noordstraat,257,"","",2987CR,Ridderkerk
Noordstraat,259,"","",2987CR,Ridderkerk
Noordstraat,261,"","",2987CR,Ridderkerk
Noordstraat,42,"","",2987CS,Ridderkerk
Noordstraat,44,"","",2987CS,Ridderkerk
Noordstraat,46,"","",2987CS,Ridderkerk
Noordstraat,48,"","",2987CS,Ridderkerk
Noordstraat,50,"","",2987CS,Ridderkerk
Noordstraat,54,"","",2987CS,Ridderkerk
Noordstraat,54,A,"",2987CS,Ridderkerk
Noordstraat,56,"","",2987CS,Ridderkerk
Schiestraat,10,"","",2987CV,Ridderkerk
Schiestraat,12,"","",2987CV,Ridderkerk
Schiestraat,14,"","",2987CV,Ridderkerk
Schiestraat,16,"","",2987CV,Ridderkerk
Schiestraat,18,"","",2987CV,Ridderkerk
Schiestraat,2,"","",2987CV,Ridderkerk
Schiestraat,20,"","",2987CV,Ridderkerk
Schiestraat,22,"","",2987CV,Ridderkerk
Schiestraat,24,"","",2987CV,Ridderkerk
Schiestraat,26,"","",2987CV,Ridderkerk
Schiestraat,28,"","",2987CV,Ridderkerk
Schiestraat,30,"","",2987CV,Ridderkerk
Schiestraat,32,"","",2987CV,Ridderkerk
Schiestraat,34,"","",2987CV,Ridderkerk
Schiestraat,36,"","",2987CV,Ridderkerk
Schiestraat,4,"","",2987CV,Ridderkerk
Schiestraat,6,"","",2987CV,Ridderkerk
Schiestraat,8,"","",2987CV,Ridderkerk
Slingehof,1,"","",2987CW,Ridderkerk
Slingehof,10,"","",2987CW,Ridderkerk
Slingehof,11,"","",2987CW,Ridderkerk
Slingehof,12,"","",2987CW,Ridderkerk
Slingehof,13,"","",2987CW,Ridderkerk
Slingehof,14,"","",2987CW,Ridderkerk
Slingehof,15,"","",2987CW,Ridderkerk
Slingehof,16,"","",2987CW,Ridderkerk
Slingehof,17,"","",2987CW,Ridderkerk
Slingehof,18,"","",2987CW,Ridderkerk
Slingehof,19,"","",2987CW,Ridderkerk
Slingehof,2,"","",2987CW,Ridderkerk
Slingehof,20,"","",2987CW,Ridderkerk
Slingehof,21,"","",2987CW,Ridderkerk
Slingehof,22,"","",2987CW,Ridderkerk
Slingehof,23,"","",2987CW,Ridderkerk
Slingehof,24,"","",2987CW,Ridderkerk
Slingehof,25,"","",2987CW,Ridderkerk
Slingehof,26,"","",2987CW,Ridderkerk
Slingehof,27,"","",2987CW,Ridderkerk
Slingehof,28,"","",2987CW,Ridderkerk
Slingehof,29,"","",2987CW,Ridderkerk
Slingehof,3,"","",2987CW,Ridderkerk
Slingehof,30,"","",2987CW,Ridderkerk
Slingehof,31,"","",2987CW,Ridderkerk
Slingehof,32,"","",2987CW,Ridderkerk
Slingehof,33,"","",2987CW,Ridderkerk
Slingehof,34,"","",2987CW,Ridderkerk
Slingehof,35,"","",2987CW,Ridderkerk
Slingehof,36,"","",2987CW,Ridderkerk
Slingehof,37,"","",2987CW,Ridderkerk
Slingehof,38,"","",2987CW,Ridderkerk
Slingehof,39,"","",2987CW,Ridderkerk
Slingehof,4,"","",2987CW,Ridderkerk
Slingehof,40,"","",2987CW,Ridderkerk
Slingehof,41,"","",2987CW,Ridderkerk
Slingehof,42,"","",2987CW,Ridderkerk
Slingehof,43,"","",2987CW,Ridderkerk
Slingehof,44,"","",2987CW,Ridderkerk
Slingehof,45,"","",2987CW,Ridderkerk
Slingehof,46,"","",2987CW,Ridderkerk
Slingehof,47,"","",2987CW,Ridderkerk
Slingehof,48,"","",2987CW,Ridderkerk
Slingehof,49,"","",2987CW,Ridderkerk
Slingehof,5,"","",2987CW,Ridderkerk
Slingehof,50,"","",2987CW,Ridderkerk
Slingehof,51,"","",2987CW,Ridderkerk
Slingehof,52,"","",2987CW,Ridderkerk
Slingehof,53,"","",2987CW,Ridderkerk
Slingehof,54,"","",2987CW,Ridderkerk
Slingehof,55,"","",2987CW,Ridderkerk
Slingehof,56,"","",2987CW,Ridderkerk
Slingehof,57,"","",2987CW,Ridderkerk
Slingehof,58,"","",2987CW,Ridderkerk
Slingehof,59,"","",2987CW,Ridderkerk
Slingehof,6,"","",2987CW,Ridderkerk
Slingehof,60,"","",2987CW,Ridderkerk
Slingehof,61,"","",2987CW,Ridderkerk
Slingehof,62,"","",2987CW,Ridderkerk
Slingehof,63,"","",2987CW,Ridderkerk
Slingehof,64,"","",2987CW,Ridderkerk
Slingehof,65,"","",2987CW,Ridderkerk
Slingehof,66,"","",2987CW,Ridderkerk
Slingehof,67,"","",2987CW,Ridderkerk
Slingehof,68,"","",2987CW,Ridderkerk
Slingehof,69,"","",2987CW,Ridderkerk
Slingehof,7,"","",2987CW,Ridderkerk
Slingehof,70,"","",2987CW,Ridderkerk
Slingehof,71,"","",2987CW,Ridderkerk
Slingehof,72,"","",2987CW,Ridderkerk
Slingehof,73,"","",2987CW,Ridderkerk
Slingehof,74,"","",2987CW,Ridderkerk
Slingehof,75,"","",2987CW,Ridderkerk
Slingehof,76,"","",2987CW,Ridderkerk
Slingehof,8,"","",2987CW,Ridderkerk
Slingehof,9,"","",2987CW,Ridderkerk
Vechtstraat,1,"","",2987CX,Ridderkerk
Vechtstraat,10,"","",2987CX,Ridderkerk
Vechtstraat,100,"","",2987CX,Ridderkerk
Vechtstraat,101,"","",2987CX,Ridderkerk
Vechtstraat,102,"","",2987CX,Ridderkerk
Vechtstraat,103,"","",2987CX,Ridderkerk
Vechtstraat,104,"","",2987CX,Ridderkerk
Vechtstraat,105,"","",2987CX,Ridderkerk
Vechtstraat,106,"","",2987CX,Ridderkerk
Vechtstraat,107,"","",2987CX,Ridderkerk
Vechtstraat,108,"","",2987CX,Ridderkerk
Vechtstraat,109,"","",2987CX,Ridderkerk
Vechtstraat,11,"","",2987CX,Ridderkerk
Vechtstraat,110,"","",2987CX,Ridderkerk
Vechtstraat,111,"","",2987CX,Ridderkerk
Vechtstraat,112,"","",2987CX,Ridderkerk
Vechtstraat,113,"","",2987CX,Ridderkerk
Vechtstraat,114,"","",2987CX,Ridderkerk
Vechtstraat,115,"","",2987CX,Ridderkerk
Vechtstraat,116,"","",2987CX,Ridderkerk
Vechtstraat,117,"","",2987CX,Ridderkerk
Vechtstraat,118,"","",2987CX,Ridderkerk
Vechtstraat,119,"","",2987CX,Ridderkerk
Vechtstraat,12,"","",2987CX,Ridderkerk
Vechtstraat,120,"","",2987CX,Ridderkerk
Vechtstraat,121,"","",2987CX,Ridderkerk
Vechtstraat,122,"","",2987CX,Ridderkerk
Vechtstraat,123,"","",2987CX,Ridderkerk
Vechtstraat,124,"","",2987CX,Ridderkerk
Vechtstraat,125,"","",2987CX,Ridderkerk
Vechtstraat,126,"","",2987CX,Ridderkerk
Vechtstraat,127,"","",2987CX,Ridderkerk
Vechtstraat,128,"","",2987CX,Ridderkerk
Vechtstraat,129,"","",2987CX,Ridderkerk
Vechtstraat,13,"","",2987CX,Ridderkerk
Vechtstraat,130,"","",2987CX,Ridderkerk
Vechtstraat,131,"","",2987CX,Ridderkerk
Vechtstraat,132,"","",2987CX,Ridderkerk
Vechtstraat,133,"","",2987CX,Ridderkerk
Vechtstraat,134,"","",2987CX,Ridderkerk
Vechtstraat,136,"","",2987CX,Ridderkerk
Vechtstraat,138,"","",2987CX,Ridderkerk
Vechtstraat,14,"","",2987CX,Ridderkerk
Vechtstraat,140,"","",2987CX,Ridderkerk
Vechtstraat,142,"","",2987CX,Ridderkerk
Vechtstraat,144,"","",2987CX,Ridderkerk
Vechtstraat,146,"","",2987CX,Ridderkerk
Vechtstraat,148,"","",2987CX,Ridderkerk
Vechtstraat,15,"","",2987CX,Ridderkerk
Vechtstraat,150,"","",2987CX,Ridderkerk
Vechtstraat,152,"","",2987CX,Ridderkerk
Vechtstraat,154,"","",2987CX,Ridderkerk
Vechtstraat,156,"","",2987CX,Ridderkerk
Vechtstraat,158,"","",2987CX,Ridderkerk
Vechtstraat,16,"","",2987CX,Ridderkerk
Vechtstraat,160,"","",2987CX,Ridderkerk
Vechtstraat,162,"","",2987CX,Ridderkerk
Vechtstraat,164,"","",2987CX,Ridderkerk
Vechtstraat,166,"","",2987CX,Ridderkerk
Vechtstraat,168,"","",2987CX,Ridderkerk
Vechtstraat,17,"","",2987CX,Ridderkerk
Vechtstraat,170,"","",2987CX,Ridderkerk
Vechtstraat,18,"","",2987CX,Ridderkerk
Vechtstraat,19,"","",2987CX,Ridderkerk
Vechtstraat,2,"","",2987CX,Ridderkerk
Vechtstraat,20,"","",2987CX,Ridderkerk
Vechtstraat,21,"","",2987CX,Ridderkerk
Vechtstraat,22,"","",2987CX,Ridderkerk
Vechtstraat,23,"","",2987CX,Ridderkerk
Vechtstraat,24,"","",2987CX,Ridderkerk
Vechtstraat,25,"","",2987CX,Ridderkerk
Vechtstraat,26,"","",2987CX,Ridderkerk
Vechtstraat,27,"","",2987CX,Ridderkerk
Vechtstraat,28,"","",2987CX,Ridderkerk
Vechtstraat,29,"","",2987CX,Ridderkerk
Vechtstraat,3,"","",2987CX,Ridderkerk
Vechtstraat,30,"","",2987CX,Ridderkerk
Vechtstraat,31,"","",2987CX,Ridderkerk
Vechtstraat,32,"","",2987CX,Ridderkerk
Vechtstraat,33,"","",2987CX,Ridderkerk
Vechtstraat,34,"","",2987CX,Ridderkerk
Vechtstraat,35,"","",2987CX,Ridderkerk
Vechtstraat,36,"","",2987CX,Ridderkerk
Vechtstraat,37,"","",2987CX,Ridderkerk
Vechtstraat,39,"","",2987CX,Ridderkerk
Vechtstraat,4,"","",2987CX,Ridderkerk
Vechtstraat,40,"","",2987CX,Ridderkerk
Vechtstraat,41,"","",2987CX,Ridderkerk
Vechtstraat,42,"","",2987CX,Ridderkerk
Vechtstraat,43,"","",2987CX,Ridderkerk
Vechtstraat,44,"","",2987CX,Ridderkerk
Vechtstraat,45,"","",2987CX,Ridderkerk
Vechtstraat,46,"","",2987CX,Ridderkerk
Vechtstraat,47,"","",2987CX,Ridderkerk
Vechtstraat,48,"","",2987CX,Ridderkerk
Vechtstraat,49,"","",2987CX,Ridderkerk
Vechtstraat,5,A,"",2987CX,Ridderkerk
Vechtstraat,5,B,"",2987CX,Ridderkerk
Vechtstraat,5,C,"",2987CX,Ridderkerk
Vechtstraat,5,D,"",2987CX,Ridderkerk
Vechtstraat,5,E,"",2987CX,Ridderkerk
Vechtstraat,5,F,"",2987CX,Ridderkerk
Vechtstraat,50,"","",2987CX,Ridderkerk
Vechtstraat,51,"","",2987CX,Ridderkerk
Vechtstraat,52,"","",2987CX,Ridderkerk
Vechtstraat,53,"","",2987CX,Ridderkerk
Vechtstraat,54,"","",2987CX,Ridderkerk
Vechtstraat,55,"","",2987CX,Ridderkerk
Vechtstraat,56,"","",2987CX,Ridderkerk
Vechtstraat,57,"","",2987CX,Ridderkerk
Vechtstraat,58,"","",2987CX,Ridderkerk
Vechtstraat,59,"","",2987CX,Ridderkerk
Vechtstraat,6,"","",2987CX,Ridderkerk
Vechtstraat,60,"","",2987CX,Ridderkerk
Vechtstraat,61,"","",2987CX,Ridderkerk
Vechtstraat,62,"","",2987CX,Ridderkerk
Vechtstraat,63,"","",2987CX,Ridderkerk
Vechtstraat,64,"","",2987CX,Ridderkerk
Vechtstraat,65,"","",2987CX,Ridderkerk
Vechtstraat,66,"","",2987CX,Ridderkerk
Vechtstraat,67,"","",2987CX,Ridderkerk
Vechtstraat,68,"","",2987CX,Ridderkerk
Vechtstraat,69,"","",2987CX,Ridderkerk
Vechtstraat,7,"","",2987CX,Ridderkerk
Vechtstraat,70,"","",2987CX,Ridderkerk
Vechtstraat,71,"","",2987CX,Ridderkerk
Vechtstraat,72,"","",2987CX,Ridderkerk
Vechtstraat,73,"","",2987CX,Ridderkerk
Vechtstraat,74,"","",2987CX,Ridderkerk
Vechtstraat,75,"","",2987CX,Ridderkerk
Vechtstraat,76,"","",2987CX,Ridderkerk
Vechtstraat,77,"","",2987CX,Ridderkerk
Vechtstraat,78,"","",2987CX,Ridderkerk
Vechtstraat,79,"","",2987CX,Ridderkerk
Vechtstraat,8,"","",2987CX,Ridderkerk
Vechtstraat,80,"","",2987CX,Ridderkerk
Vechtstraat,81,"","",2987CX,Ridderkerk
Vechtstraat,82,"","",2987CX,Ridderkerk
Vechtstraat,83,"","",2987CX,Ridderkerk
Vechtstraat,84,"","",2987CX,Ridderkerk
Vechtstraat,85,"","",2987CX,Ridderkerk
Vechtstraat,86,"","",2987CX,Ridderkerk
Vechtstraat,87,"","",2987CX,Ridderkerk
Vechtstraat,88,"","",2987CX,Ridderkerk
Vechtstraat,89,"","",2987CX,Ridderkerk
Vechtstraat,90,"","",2987CX,Ridderkerk
Vechtstraat,91,"","",2987CX,Ridderkerk
Vechtstraat,92,"","",2987CX,Ridderkerk
Vechtstraat,93,"","",2987CX,Ridderkerk
Vechtstraat,94,"","",2987CX,Ridderkerk
Vechtstraat,95,"","",2987CX,Ridderkerk
Vechtstraat,96,"","",2987CX,Ridderkerk
Vechtstraat,97,"","",2987CX,Ridderkerk
Vechtstraat,98,"","",2987CX,Ridderkerk
Vechtstraat,99,"","",2987CX,Ridderkerk
IJsselstraat,1,"","",2987CZ,Ridderkerk
IJsselstraat,10,"","",2987CZ,Ridderkerk
IJsselstraat,11,"","",2987CZ,Ridderkerk
IJsselstraat,12,"","",2987CZ,Ridderkerk
IJsselstraat,13,"","",2987CZ,Ridderkerk
IJsselstraat,14,"","",2987CZ,Ridderkerk
IJsselstraat,15,"","",2987CZ,Ridderkerk
IJsselstraat,16,"","",2987CZ,Ridderkerk
IJsselstraat,17,"","",2987CZ,Ridderkerk
IJsselstraat,18,"","",2987CZ,Ridderkerk
IJsselstraat,19,"","",2987CZ,Ridderkerk
IJsselstraat,2,"","",2987CZ,Ridderkerk
IJsselstraat,20,"","",2987CZ,Ridderkerk
IJsselstraat,21,"","",2987CZ,Ridderkerk
IJsselstraat,22,"","",2987CZ,Ridderkerk
IJsselstraat,23,"","",2987CZ,Ridderkerk
IJsselstraat,24,"","",2987CZ,Ridderkerk
IJsselstraat,25,"","",2987CZ,Ridderkerk
IJsselstraat,26,"","",2987CZ,Ridderkerk
IJsselstraat,27,"","",2987CZ,Ridderkerk
IJsselstraat,28,"","",2987CZ,Ridderkerk
IJsselstraat,29,"","",2987CZ,Ridderkerk
IJsselstraat,3,"","",2987CZ,Ridderkerk
IJsselstraat,30,"","",2987CZ,Ridderkerk
IJsselstraat,31,"","",2987CZ,Ridderkerk
IJsselstraat,32,"","",2987CZ,Ridderkerk
IJsselstraat,33,"","",2987CZ,Ridderkerk
IJsselstraat,34,"","",2987CZ,Ridderkerk
IJsselstraat,35,"","",2987CZ,Ridderkerk
IJsselstraat,36,"","",2987CZ,Ridderkerk
IJsselstraat,37,"","",2987CZ,Ridderkerk
IJsselstraat,38,"","",2987CZ,Ridderkerk
IJsselstraat,39,"","",2987CZ,Ridderkerk
IJsselstraat,4,"","",2987CZ,Ridderkerk
IJsselstraat,40,"","",2987CZ,Ridderkerk
IJsselstraat,41,"","",2987CZ,Ridderkerk
IJsselstraat,43,"","",2987CZ,Ridderkerk
IJsselstraat,45,"","",2987CZ,Ridderkerk
IJsselstraat,47,"","",2987CZ,Ridderkerk
IJsselstraat,49,"","",2987CZ,Ridderkerk
IJsselstraat,5,"","",2987CZ,Ridderkerk
IJsselstraat,51,"","",2987CZ,Ridderkerk
IJsselstraat,53,"","",2987CZ,Ridderkerk
IJsselstraat,55,"","",2987CZ,Ridderkerk
IJsselstraat,57,"","",2987CZ,Ridderkerk
IJsselstraat,59,"","",2987CZ,Ridderkerk
IJsselstraat,6,"","",2987CZ,Ridderkerk
IJsselstraat,61,"","",2987CZ,Ridderkerk
IJsselstraat,63,"","",2987CZ,Ridderkerk
IJsselstraat,65,"","",2987CZ,Ridderkerk
IJsselstraat,67,"","",2987CZ,Ridderkerk
IJsselstraat,69,"","",2987CZ,Ridderkerk
IJsselstraat,7,"","",2987CZ,Ridderkerk
IJsselstraat,71,"","",2987CZ,Ridderkerk
IJsselstraat,8,"","",2987CZ,Ridderkerk
IJsselstraat,9,"","",2987CZ,Ridderkerk
Prins Clausstraat,1,"","",2987DA,Ridderkerk
Prins Clausstraat,10,"","",2987DA,Ridderkerk
Prins Clausstraat,11,"","",2987DA,Ridderkerk
Prins Clausstraat,12,"","",2987DA,Ridderkerk
Prins Clausstraat,2,"","",2987DA,Ridderkerk
Prins Clausstraat,3,"","",2987DA,Ridderkerk
Prins Clausstraat,4,"","",2987DA,Ridderkerk
Prins Clausstraat,5,"","",2987DA,Ridderkerk
Prins Clausstraat,6,"","",2987DA,Ridderkerk
Prins Clausstraat,7,"","",2987DA,Ridderkerk
Prins Clausstraat,8,"","",2987DA,Ridderkerk
Prins Clausstraat,9,"","",2987DA,Ridderkerk
Eemhof,1,"","",2987EA,Ridderkerk
Eemhof,10,"","",2987EA,Ridderkerk
Eemhof,11,"","",2987EA,Ridderkerk
Eemhof,12,"","",2987EA,Ridderkerk
Eemhof,13,"","",2987EA,Ridderkerk
Eemhof,14,"","",2987EA,Ridderkerk
Eemhof,15,"","",2987EA,Ridderkerk
Eemhof,16,"","",2987EA,Ridderkerk
Eemhof,17,"","",2987EA,Ridderkerk
Eemhof,18,"","",2987EA,Ridderkerk
Eemhof,19,"","",2987EA,Ridderkerk
Eemhof,2,"","",2987EA,Ridderkerk
Eemhof,20,"","",2987EA,Ridderkerk
Eemhof,21,"","",2987EA,Ridderkerk
Eemhof,22,"","",2987EA,Ridderkerk
Eemhof,23,"","",2987EA,Ridderkerk
Eemhof,24,"","",2987EA,Ridderkerk
Eemhof,25,"","",2987EA,Ridderkerk
Eemhof,26,"","",2987EA,Ridderkerk
Eemhof,27,"","",2987EA,Ridderkerk
Eemhof,28,"","",2987EA,Ridderkerk
Eemhof,3,"","",2987EA,Ridderkerk
Eemhof,30,"","",2987EA,Ridderkerk
Eemhof,32,"","",2987EA,Ridderkerk
Eemhof,34,"","",2987EA,Ridderkerk
Eemhof,36,"","",2987EA,Ridderkerk
Eemhof,38,"","",2987EA,Ridderkerk
Eemhof,4,"","",2987EA,Ridderkerk
Eemhof,40,"","",2987EA,Ridderkerk
Eemhof,5,"","",2987EA,Ridderkerk
Eemhof,6,"","",2987EA,Ridderkerk
Eemhof,7,"","",2987EA,Ridderkerk
Eemhof,8,"","",2987EA,Ridderkerk
Eemhof,9,"","",2987EA,Ridderkerk
Grevelingenhof,1,"","",2987EB,Ridderkerk
Grevelingenhof,10,"","",2987EB,Ridderkerk
Grevelingenhof,12,"","",2987EB,Ridderkerk
Grevelingenhof,14,"","",2987EB,Ridderkerk
Grevelingenhof,16,"","",2987EB,Ridderkerk
Grevelingenhof,18,"","",2987EB,Ridderkerk
Grevelingenhof,2,"","",2987EB,Ridderkerk
Grevelingenhof,20,"","",2987EB,Ridderkerk
Grevelingenhof,22,"","",2987EB,Ridderkerk
Grevelingenhof,24,"","",2987EB,Ridderkerk
Grevelingenhof,26,"","",2987EB,Ridderkerk
Grevelingenhof,28,"","",2987EB,Ridderkerk
Grevelingenhof,3,"","",2987EB,Ridderkerk
Grevelingenhof,30,"","",2987EB,Ridderkerk
Grevelingenhof,32,"","",2987EB,Ridderkerk
Grevelingenhof,34,"","",2987EB,Ridderkerk
Grevelingenhof,36,"","",2987EB,Ridderkerk
Grevelingenhof,38,"","",2987EB,Ridderkerk
Grevelingenhof,4,"","",2987EB,Ridderkerk
Grevelingenhof,40,"","",2987EB,Ridderkerk
Grevelingenhof,42,"","",2987EB,Ridderkerk
Grevelingenhof,44,"","",2987EB,Ridderkerk
Grevelingenhof,46,"","",2987EB,Ridderkerk
Grevelingenhof,6,"","",2987EB,Ridderkerk
Grevelingenhof,8,"","",2987EB,Ridderkerk
Haringvliethof,1,"","",2987EC,Ridderkerk
Haringvliethof,11,"","",2987EC,Ridderkerk
Haringvliethof,13,"","",2987EC,Ridderkerk
Haringvliethof,15,"","",2987EC,Ridderkerk
Haringvliethof,17,"","",2987EC,Ridderkerk
Haringvliethof,19,"","",2987EC,Ridderkerk
Haringvliethof,21,"","",2987EC,Ridderkerk
Haringvliethof,23,"","",2987EC,Ridderkerk
Haringvliethof,25,"","",2987EC,Ridderkerk
Haringvliethof,27,"","",2987EC,Ridderkerk
Haringvliethof,29,"","",2987EC,Ridderkerk
Haringvliethof,3,"","",2987EC,Ridderkerk
Haringvliethof,31,"","",2987EC,Ridderkerk
Haringvliethof,33,"","",2987EC,Ridderkerk
Haringvliethof,5,"","",2987EC,Ridderkerk
Haringvliethof,7,"","",2987EC,Ridderkerk
Haringvliethof,9,"","",2987EC,Ridderkerk
Haringvliethof,10,"","",2987ED,Ridderkerk
Haringvliethof,12,"","",2987ED,Ridderkerk
Haringvliethof,14,"","",2987ED,Ridderkerk
Haringvliethof,16,"","",2987ED,Ridderkerk
Haringvliethof,18,"","",2987ED,Ridderkerk
Haringvliethof,2,"","",2987ED,Ridderkerk
Haringvliethof,20,"","",2987ED,Ridderkerk
Haringvliethof,22,"","",2987ED,Ridderkerk
Haringvliethof,24,"","",2987ED,Ridderkerk
Haringvliethof,26,"","",2987ED,Ridderkerk
Haringvliethof,28,"","",2987ED,Ridderkerk
Haringvliethof,30,"","",2987ED,Ridderkerk
Haringvliethof,32,"","",2987ED,Ridderkerk
Haringvliethof,34,"","",2987ED,Ridderkerk
Haringvliethof,4,"","",2987ED,Ridderkerk
Haringvliethof,6,"","",2987ED,Ridderkerk
Haringvliethof,8,"","",2987ED,Ridderkerk
Haringvliethof,36,"","",2987EE,Ridderkerk
Haringvliethof,38,"","",2987EE,Ridderkerk
Haringvliethof,40,"","",2987EE,Ridderkerk
Haringvliethof,42,"","",2987EE,Ridderkerk
Haringvliethof,44,"","",2987EE,Ridderkerk
Haringvliethof,46,"","",2987EE,Ridderkerk
Haringvliethof,48,"","",2987EE,Ridderkerk
Haringvliethof,50,"","",2987EE,Ridderkerk
Haringvliethof,52,"","",2987EE,Ridderkerk
Haringvliethof,54,"","",2987EE,Ridderkerk
Haringvliethof,56,"","",2987EE,Ridderkerk
Haringvliethof,58,"","",2987EE,Ridderkerk
Haringvliethof,60,"","",2987EE,Ridderkerk
Haringvliethof,62,"","",2987EE,Ridderkerk
Haringvliethof,64,"","",2987EE,Ridderkerk
Haringvliethof,66,"","",2987EE,Ridderkerk
Haringvliethof,68,"","",2987EE,Ridderkerk
Haringvliethof,70,"","",2987EE,Ridderkerk
Haringvliethof,72,"","",2987EE,Ridderkerk
Haringvliethof,74,"","",2987EE,Ridderkerk
Haringvliethof,76,"","",2987EE,Ridderkerk
Haringvliethof,78,"","",2987EE,Ridderkerk
Krammerhof,1,"","",2987EG,Ridderkerk
Krammerhof,11,"","",2987EG,Ridderkerk
Krammerhof,13,"","",2987EG,Ridderkerk
Krammerhof,15,"","",2987EG,Ridderkerk
Krammerhof,17,"","",2987EG,Ridderkerk
Krammerhof,19,"","",2987EG,Ridderkerk
Krammerhof,21,"","",2987EG,Ridderkerk
Krammerhof,23,"","",2987EG,Ridderkerk
Krammerhof,25,"","",2987EG,Ridderkerk
Krammerhof,27,"","",2987EG,Ridderkerk
Krammerhof,29,"","",2987EG,Ridderkerk
Krammerhof,3,"","",2987EG,Ridderkerk
Krammerhof,31,"","",2987EG,Ridderkerk
Krammerhof,33,"","",2987EG,Ridderkerk
Krammerhof,35,"","",2987EG,Ridderkerk
Krammerhof,37,"","",2987EG,Ridderkerk
Krammerhof,39,"","",2987EG,Ridderkerk
Krammerhof,41,"","",2987EG,Ridderkerk
Krammerhof,43,"","",2987EG,Ridderkerk
Krammerhof,45,"","",2987EG,Ridderkerk
Krammerhof,47,"","",2987EG,Ridderkerk
Krammerhof,5,"","",2987EG,Ridderkerk
Krammerhof,7,"","",2987EG,Ridderkerk
Krammerhof,9,"","",2987EG,Ridderkerk
Krammerhof,10,"","",2987EH,Ridderkerk
Krammerhof,12,"","",2987EH,Ridderkerk
Krammerhof,14,"","",2987EH,Ridderkerk
Krammerhof,16,"","",2987EH,Ridderkerk
Krammerhof,18,"","",2987EH,Ridderkerk
Krammerhof,2,"","",2987EH,Ridderkerk
Krammerhof,20,"","",2987EH,Ridderkerk
Krammerhof,22,"","",2987EH,Ridderkerk
Krammerhof,24,"","",2987EH,Ridderkerk
Krammerhof,26,"","",2987EH,Ridderkerk
Krammerhof,28,"","",2987EH,Ridderkerk
Krammerhof,30,"","",2987EH,Ridderkerk
Krammerhof,32,"","",2987EH,Ridderkerk
Krammerhof,34,"","",2987EH,Ridderkerk
Krammerhof,36,"","",2987EH,Ridderkerk
Krammerhof,38,"","",2987EH,Ridderkerk
Krammerhof,4,"","",2987EH,Ridderkerk
Krammerhof,40,"","",2987EH,Ridderkerk
Krammerhof,42,"","",2987EH,Ridderkerk
Krammerhof,44,"","",2987EH,Ridderkerk
Krammerhof,46,"","",2987EH,Ridderkerk
Krammerhof,6,"","",2987EH,Ridderkerk
Krammerhof,8,"","",2987EH,Ridderkerk
Leklaan,1,"","",2987EJ,Ridderkerk
Leklaan,11,"","",2987EJ,Ridderkerk
Leklaan,13,"","",2987EJ,Ridderkerk
Leklaan,15,"","",2987EJ,Ridderkerk
Leklaan,17,"","",2987EJ,Ridderkerk
Leklaan,19,"","",2987EJ,Ridderkerk
Leklaan,21,"","",2987EJ,Ridderkerk
Leklaan,23,"","",2987EJ,Ridderkerk
Leklaan,25,"","",2987EJ,Ridderkerk
Leklaan,27,"","",2987EJ,Ridderkerk
Leklaan,29,"","",2987EJ,Ridderkerk
Leklaan,3,"","",2987EJ,Ridderkerk
Leklaan,31,"","",2987EJ,Ridderkerk
Leklaan,33,"","",2987EJ,Ridderkerk
Leklaan,35,"","",2987EJ,Ridderkerk
Leklaan,37,"","",2987EJ,Ridderkerk
Leklaan,39,"","",2987EJ,Ridderkerk
Leklaan,41,"","",2987EJ,Ridderkerk
Leklaan,43,"","",2987EJ,Ridderkerk
Leklaan,45,"","",2987EJ,Ridderkerk
Leklaan,47,"","",2987EJ,Ridderkerk
Leklaan,49,"","",2987EJ,Ridderkerk
Leklaan,5,"","",2987EJ,Ridderkerk
Leklaan,51,"","",2987EJ,Ridderkerk
Leklaan,53,"","",2987EJ,Ridderkerk
Leklaan,55,"","",2987EJ,Ridderkerk
Leklaan,57,"","",2987EJ,Ridderkerk
Leklaan,59,"","",2987EJ,Ridderkerk
Leklaan,61,"","",2987EJ,Ridderkerk
Leklaan,63,"","",2987EJ,Ridderkerk
Leklaan,65,"","",2987EJ,Ridderkerk
Leklaan,67,"","",2987EJ,Ridderkerk
Leklaan,69,"","",2987EJ,Ridderkerk
Leklaan,7,"","",2987EJ,Ridderkerk
Leklaan,71,"","",2987EJ,Ridderkerk
Leklaan,73,"","",2987EJ,Ridderkerk
Leklaan,75,"","",2987EJ,Ridderkerk
Leklaan,77,"","",2987EJ,Ridderkerk
Leklaan,79,"","",2987EJ,Ridderkerk
Leklaan,81,"","",2987EJ,Ridderkerk
Leklaan,83,"","",2987EJ,Ridderkerk
Leklaan,9,"","",2987EJ,Ridderkerk
Leklaan,10,"","",2987EK,Ridderkerk
Leklaan,12,"","",2987EK,Ridderkerk
Leklaan,14,"","",2987EK,Ridderkerk
Leklaan,16,"","",2987EK,Ridderkerk
Leklaan,18,"","",2987EK,Ridderkerk
Leklaan,2,"","",2987EK,Ridderkerk
Leklaan,20,"","",2987EK,Ridderkerk
Leklaan,22,"","",2987EK,Ridderkerk
Leklaan,24,"","",2987EK,Ridderkerk
Leklaan,26,"","",2987EK,Ridderkerk
Leklaan,28,"","",2987EK,Ridderkerk
Leklaan,30,"","",2987EK,Ridderkerk
Leklaan,32,"","",2987EK,Ridderkerk
Leklaan,34,"","",2987EK,Ridderkerk
Leklaan,36,"","",2987EK,Ridderkerk
Leklaan,38,"","",2987EK,Ridderkerk
Leklaan,4,"","",2987EK,Ridderkerk
Leklaan,40,"","",2987EK,Ridderkerk
Leklaan,42,"","",2987EK,Ridderkerk
Leklaan,44,"","",2987EK,Ridderkerk
Leklaan,46,"","",2987EK,Ridderkerk
Leklaan,48,"","",2987EK,Ridderkerk
Leklaan,48,A,"",2987EK,Ridderkerk
Leklaan,50,"","",2987EK,Ridderkerk
Leklaan,52,"","",2987EK,Ridderkerk
Leklaan,54,"","",2987EK,Ridderkerk
Leklaan,56,"","",2987EK,Ridderkerk
Leklaan,58,"","",2987EK,Ridderkerk
Leklaan,6,"","",2987EK,Ridderkerk
Leklaan,60,"","",2987EK,Ridderkerk
Leklaan,62,"","",2987EK,Ridderkerk
Leklaan,64,"","",2987EK,Ridderkerk
Leklaan,66,"","",2987EK,Ridderkerk
Leklaan,68,"","",2987EK,Ridderkerk
Leklaan,70,"","",2987EK,Ridderkerk
Leklaan,72,"","",2987EK,Ridderkerk
Leklaan,74,"","",2987EK,Ridderkerk
Leklaan,76,"","",2987EK,Ridderkerk
Leklaan,78,"","",2987EK,Ridderkerk
Leklaan,8,"","",2987EK,Ridderkerk
Leklaan,80,"","",2987EK,Ridderkerk
Leklaan,82,"","",2987EK,Ridderkerk
Leklaan,84,"","",2987EK,Ridderkerk
Scheldeplein,1,"","",2987EL,Ridderkerk
Scheldeplein,10,"","",2987EL,Ridderkerk
Scheldeplein,11,"","",2987EL,Ridderkerk
Scheldeplein,12,"","",2987EL,Ridderkerk
Scheldeplein,13,"","",2987EL,Ridderkerk
Scheldeplein,14,"","",2987EL,Ridderkerk
Scheldeplein,15,"","",2987EL,Ridderkerk
Scheldeplein,16,"","",2987EL,Ridderkerk
Scheldeplein,17,"","",2987EL,Ridderkerk
Scheldeplein,18,"","",2987EL,Ridderkerk
Scheldeplein,19,"","",2987EL,Ridderkerk
Scheldeplein,2,"","",2987EL,Ridderkerk
Scheldeplein,20,"","",2987EL,Ridderkerk
Scheldeplein,21,"","",2987EL,Ridderkerk
Scheldeplein,22,"","",2987EL,Ridderkerk
Scheldeplein,23,"","",2987EL,Ridderkerk
Scheldeplein,24,"","",2987EL,Ridderkerk
Scheldeplein,25,"","",2987EL,Ridderkerk
Scheldeplein,26,"","",2987EL,Ridderkerk
Scheldeplein,27,"","",2987EL,Ridderkerk
Scheldeplein,28,"","",2987EL,Ridderkerk
Scheldeplein,29,"","",2987EL,Ridderkerk
Scheldeplein,3,"","",2987EL,Ridderkerk
Scheldeplein,30,"","",2987EL,Ridderkerk
Scheldeplein,31,"","",2987EL,Ridderkerk
Scheldeplein,32,"","",2987EL,Ridderkerk
Scheldeplein,33,"","",2987EL,Ridderkerk
Scheldeplein,34,"","",2987EL,Ridderkerk
Scheldeplein,35,"","",2987EL,Ridderkerk
Scheldeplein,36,"","",2987EL,Ridderkerk
Scheldeplein,37,"","",2987EL,Ridderkerk
Scheldeplein,38,"","",2987EL,Ridderkerk
Scheldeplein,39,"","",2987EL,Ridderkerk
Scheldeplein,4,"","",2987EL,Ridderkerk
Scheldeplein,40,"","",2987EL,Ridderkerk
Scheldeplein,41,"","",2987EL,Ridderkerk
Scheldeplein,42,"","",2987EL,Ridderkerk
Scheldeplein,43,"","",2987EL,Ridderkerk
Scheldeplein,44,"","",2987EL,Ridderkerk
Scheldeplein,45,"","",2987EL,Ridderkerk
Scheldeplein,46,"","",2987EL,Ridderkerk
Scheldeplein,47,"","",2987EL,Ridderkerk
Scheldeplein,48,"","",2987EL,Ridderkerk
Scheldeplein,49,"","",2987EL,Ridderkerk
Scheldeplein,5,"","",2987EL,Ridderkerk
Scheldeplein,50,"","",2987EL,Ridderkerk
Scheldeplein,51,"","",2987EL,Ridderkerk
Scheldeplein,52,"","",2987EL,Ridderkerk
Scheldeplein,53,"","",2987EL,Ridderkerk
Scheldeplein,54,"","",2987EL,Ridderkerk
Scheldeplein,6,"","",2987EL,Ridderkerk
Scheldeplein,7,"","",2987EL,Ridderkerk
Scheldeplein,8,"","",2987EL,Ridderkerk
Scheldeplein,9,"","",2987EL,Ridderkerk
Volkerakhof,1,"","",2987EM,Ridderkerk
Volkerakhof,10,"","",2987EM,Ridderkerk
Volkerakhof,11,"","",2987EM,Ridderkerk
Volkerakhof,12,"","",2987EM,Ridderkerk
Volkerakhof,13,"","",2987EM,Ridderkerk
Volkerakhof,14,"","",2987EM,Ridderkerk
Volkerakhof,15,"","",2987EM,Ridderkerk
Volkerakhof,16,"","",2987EM,Ridderkerk
Volkerakhof,17,"","",2987EM,Ridderkerk
Volkerakhof,18,"","",2987EM,Ridderkerk
Volkerakhof,19,"","",2987EM,Ridderkerk
Volkerakhof,2,"","",2987EM,Ridderkerk
Volkerakhof,20,"","",2987EM,Ridderkerk
Volkerakhof,21,"","",2987EM,Ridderkerk
Volkerakhof,22,"","",2987EM,Ridderkerk
Volkerakhof,23,"","",2987EM,Ridderkerk
Volkerakhof,24,"","",2987EM,Ridderkerk
Volkerakhof,3,"","",2987EM,Ridderkerk
Volkerakhof,4,"","",2987EM,Ridderkerk
Volkerakhof,5,"","",2987EM,Ridderkerk
Volkerakhof,6,"","",2987EM,Ridderkerk
Volkerakhof,7,"","",2987EM,Ridderkerk
Volkerakhof,8,"","",2987EM,Ridderkerk
Volkerakhof,9,"","",2987EM,Ridderkerk
Waterland,1,"","",2987EN,Ridderkerk
Waterland,10,"","",2987EN,Ridderkerk
Waterland,11,"","",2987EN,Ridderkerk
Waterland,12,"","",2987EN,Ridderkerk
Waterland,13,"","",2987EN,Ridderkerk
Waterland,14,"","",2987EN,Ridderkerk
Waterland,15,"","",2987EN,Ridderkerk
Waterland,16,"","",2987EN,Ridderkerk
Waterland,17,"","",2987EN,Ridderkerk
Waterland,18,"","",2987EN,Ridderkerk
Waterland,19,"","",2987EN,Ridderkerk
Waterland,2,"","",2987EN,Ridderkerk
Waterland,20,"","",2987EN,Ridderkerk
Waterland,21,"","",2987EN,Ridderkerk
Waterland,22,"","",2987EN,Ridderkerk
Waterland,23,"","",2987EN,Ridderkerk
Waterland,24,"","",2987EN,Ridderkerk
Waterland,25,"","",2987EN,Ridderkerk
Waterland,26,"","",2987EN,Ridderkerk
Waterland,27,"","",2987EN,Ridderkerk
Waterland,28,"","",2987EN,Ridderkerk
Waterland,29,"","",2987EN,Ridderkerk
Waterland,3,"","",2987EN,Ridderkerk
Waterland,30,"","",2987EN,Ridderkerk
Waterland,31,"","",2987EN,Ridderkerk
Waterland,32,"","",2987EN,Ridderkerk
Waterland,33,"","",2987EN,Ridderkerk
Waterland,34,"","",2987EN,Ridderkerk
Waterland,35,"","",2987EN,Ridderkerk
Waterland,36,"","",2987EN,Ridderkerk
Waterland,37,"","",2987EN,Ridderkerk
Waterland,38,"","",2987EN,Ridderkerk
Waterland,39,"","",2987EN,Ridderkerk
Waterland,4,"","",2987EN,Ridderkerk
Waterland,40,"","",2987EN,Ridderkerk
Waterland,41,"","",2987EN,Ridderkerk
Waterland,42,"","",2987EN,Ridderkerk
Waterland,43,"","",2987EN,Ridderkerk
Waterland,44,"","",2987EN,Ridderkerk
Waterland,45,"","",2987EN,Ridderkerk
Waterland,46,"","",2987EN,Ridderkerk
Waterland,47,"","",2987EN,Ridderkerk
Waterland,48,"","",2987EN,Ridderkerk
Waterland,49,"","",2987EN,Ridderkerk
Waterland,5,"","",2987EN,Ridderkerk
Waterland,50,"","",2987EN,Ridderkerk
Waterland,51,"","",2987EN,Ridderkerk
Waterland,52,"","",2987EN,Ridderkerk
Waterland,53,"","",2987EN,Ridderkerk
Waterland,54,"","",2987EN,Ridderkerk
Waterland,55,"","",2987EN,Ridderkerk
Waterland,56,"","",2987EN,Ridderkerk
Waterland,57,"","",2987EN,Ridderkerk
Waterland,58,"","",2987EN,Ridderkerk
Waterland,59,"","",2987EN,Ridderkerk
Waterland,6,"","",2987EN,Ridderkerk
Waterland,60,"","",2987EN,Ridderkerk
Waterland,61,"","",2987EN,Ridderkerk
Waterland,62,"","",2987EN,Ridderkerk
Waterland,63,"","",2987EN,Ridderkerk
Waterland,64,"","",2987EN,Ridderkerk
Waterland,65,"","",2987EN,Ridderkerk
Waterland,66,"","",2987EN,Ridderkerk
Waterland,67,"","",2987EN,Ridderkerk
Waterland,68,"","",2987EN,Ridderkerk
Waterland,69,"","",2987EN,Ridderkerk
Waterland,7,"","",2987EN,Ridderkerk
Waterland,70,"","",2987EN,Ridderkerk
Waterland,71,"","",2987EN,Ridderkerk
Waterland,72,"","",2987EN,Ridderkerk
Waterland,73,"","",2987EN,Ridderkerk
Waterland,74,"","",2987EN,Ridderkerk
Waterland,75,"","",2987EN,Ridderkerk
Waterland,76,"","",2987EN,Ridderkerk
Waterland,77,"","",2987EN,Ridderkerk
Waterland,78,"","",2987EN,Ridderkerk
Waterland,79,"","",2987EN,Ridderkerk
Waterland,8,"","",2987EN,Ridderkerk
Waterland,80,"","",2987EN,Ridderkerk
Waterland,81,"","",2987EN,Ridderkerk
Waterland,82,"","",2987EN,Ridderkerk
Waterland,83,"","",2987EN,Ridderkerk
Waterland,84,"","",2987EN,Ridderkerk
Waterland,85,"","",2987EN,Ridderkerk
Waterland,86,"","",2987EN,Ridderkerk
Waterland,87,"","",2987EN,Ridderkerk
Waterland,88,"","",2987EN,Ridderkerk
Waterland,89,"","",2987EN,Ridderkerk
Waterland,9,"","",2987EN,Ridderkerk
Waterland,90,"","",2987EN,Ridderkerk
Waterland,91,"","",2987EN,Ridderkerk
Waterland,92,"","",2987EN,Ridderkerk
Waterland,93,"","",2987EN,Ridderkerk
Waterland,94,"","",2987EN,Ridderkerk
Ankerplaats,1,"","",2987RA,Ridderkerk
Ankerplaats,10,"","",2987RA,Ridderkerk
Ankerplaats,11,"","",2987RA,Ridderkerk
Ankerplaats,12,"","",2987RA,Ridderkerk
Ankerplaats,13,"","",2987RA,Ridderkerk
Ankerplaats,14,"","",2987RA,Ridderkerk
Ankerplaats,15,"","",2987RA,Ridderkerk
Ankerplaats,16,"","",2987RA,Ridderkerk
Ankerplaats,17,"","",2987RA,Ridderkerk
Ankerplaats,18,"","",2987RA,Ridderkerk
Ankerplaats,19,"","",2987RA,Ridderkerk
Ankerplaats,2,"","",2987RA,Ridderkerk
Ankerplaats,20,"","",2987RA,Ridderkerk
Ankerplaats,21,"","",2987RA,Ridderkerk
Ankerplaats,22,"","",2987RA,Ridderkerk
Ankerplaats,23,"","",2987RA,Ridderkerk
Ankerplaats,24,"","",2987RA,Ridderkerk
Ankerplaats,25,"","",2987RA,Ridderkerk
Ankerplaats,26,"","",2987RA,Ridderkerk
Ankerplaats,27,"","",2987RA,Ridderkerk
Ankerplaats,28,"","",2987RA,Ridderkerk
Ankerplaats,29,"","",2987RA,Ridderkerk
Ankerplaats,3,"","",2987RA,Ridderkerk
Ankerplaats,30,"","",2987RA,Ridderkerk
Ankerplaats,31,"","",2987RA,Ridderkerk
Ankerplaats,32,"","",2987RA,Ridderkerk
Ankerplaats,33,"","",2987RA,Ridderkerk
Ankerplaats,34,"","",2987RA,Ridderkerk
Ankerplaats,35,"","",2987RA,Ridderkerk
Ankerplaats,36,"","",2987RA,Ridderkerk
Ankerplaats,37,"","",2987RA,Ridderkerk
Ankerplaats,38,"","",2987RA,Ridderkerk
Ankerplaats,39,"","",2987RA,Ridderkerk
Ankerplaats,4,"","",2987RA,Ridderkerk
Ankerplaats,40,"","",2987RA,Ridderkerk
Ankerplaats,41,"","",2987RA,Ridderkerk
Ankerplaats,42,"","",2987RA,Ridderkerk
Ankerplaats,43,"","",2987RA,Ridderkerk
Ankerplaats,44,"","",2987RA,Ridderkerk
Ankerplaats,45,"","",2987RA,Ridderkerk
Ankerplaats,46,"","",2987RA,Ridderkerk
Ankerplaats,47,"","",2987RA,Ridderkerk
Ankerplaats,48,"","",2987RA,Ridderkerk
Ankerplaats,49,"","",2987RA,Ridderkerk
Ankerplaats,5,"","",2987RA,Ridderkerk
Ankerplaats,50,"","",2987RA,Ridderkerk
Ankerplaats,51,"","",2987RA,Ridderkerk
Ankerplaats,52,"","",2987RA,Ridderkerk
Ankerplaats,53,"","",2987RA,Ridderkerk
Ankerplaats,54,"","",2987RA,Ridderkerk
Ankerplaats,55,"","",2987RA,Ridderkerk
Ankerplaats,56,"","",2987RA,Ridderkerk
Ankerplaats,57,"","",2987RA,Ridderkerk
Ankerplaats,58,"","",2987RA,Ridderkerk
Ankerplaats,59,"","",2987RA,Ridderkerk
Ankerplaats,6,"","",2987RA,Ridderkerk
Ankerplaats,60,"","",2987RA,Ridderkerk
Ankerplaats,61,"","",2987RA,Ridderkerk
Ankerplaats,62,"","",2987RA,Ridderkerk
Ankerplaats,63,"","",2987RA,Ridderkerk
Ankerplaats,64,"","",2987RA,Ridderkerk
Ankerplaats,65,"","",2987RA,Ridderkerk
Ankerplaats,66,"","",2987RA,Ridderkerk
Ankerplaats,67,"","",2987RA,Ridderkerk
Ankerplaats,68,"","",2987RA,Ridderkerk
Ankerplaats,69,"","",2987RA,Ridderkerk
Ankerplaats,7,"","",2987RA,Ridderkerk
Ankerplaats,70,"","",2987RA,Ridderkerk
Ankerplaats,71,"","",2987RA,Ridderkerk
Ankerplaats,72,"","",2987RA,Ridderkerk
Ankerplaats,73,"","",2987RA,Ridderkerk
Ankerplaats,74,"","",2987RA,Ridderkerk
Ankerplaats,8,"","",2987RA,Ridderkerk
Ankerplaats,9,"","",2987RA,Ridderkerk
Dokhof,1,"","",2987RB,Ridderkerk
Dokhof,10,"","",2987RB,Ridderkerk
Dokhof,11,"","",2987RB,Ridderkerk
Dokhof,12,"","",2987RB,Ridderkerk
Dokhof,13,"","",2987RB,Ridderkerk
Dokhof,14,"","",2987RB,Ridderkerk
Dokhof,15,"","",2987RB,Ridderkerk
Dokhof,16,"","",2987RB,Ridderkerk
Dokhof,17,"","",2987RB,Ridderkerk
Dokhof,18,"","",2987RB,Ridderkerk
Dokhof,19,"","",2987RB,Ridderkerk
Dokhof,2,"","",2987RB,Ridderkerk
Dokhof,20,"","",2987RB,Ridderkerk
Dokhof,21,"","",2987RB,Ridderkerk
Dokhof,22,"","",2987RB,Ridderkerk
Dokhof,23,"","",2987RB,Ridderkerk
Dokhof,24,"","",2987RB,Ridderkerk
Dokhof,25,"","",2987RB,Ridderkerk
Dokhof,26,"","",2987RB,Ridderkerk
Dokhof,27,"","",2987RB,Ridderkerk
Dokhof,28,"","",2987RB,Ridderkerk
Dokhof,29,"","",2987RB,Ridderkerk
Dokhof,3,"","",2987RB,Ridderkerk
Dokhof,30,"","",2987RB,Ridderkerk
Dokhof,31,"","",2987RB,Ridderkerk
Dokhof,32,"","",2987RB,Ridderkerk
Dokhof,33,"","",2987RB,Ridderkerk
Dokhof,34,"","",2987RB,Ridderkerk
Dokhof,35,"","",2987RB,Ridderkerk
Dokhof,36,"","",2987RB,Ridderkerk
Dokhof,37,"","",2987RB,Ridderkerk
Dokhof,38,"","",2987RB,Ridderkerk
Dokhof,39,"","",2987RB,Ridderkerk
Dokhof,4,"","",2987RB,Ridderkerk
Dokhof,40,"","",2987RB,Ridderkerk
Dokhof,41,"","",2987RB,Ridderkerk
Dokhof,41,A,"",2987RB,Ridderkerk
Dokhof,5,"","",2987RB,Ridderkerk
Dokhof,6,"","",2987RB,Ridderkerk
Dokhof,7,"","",2987RB,Ridderkerk
Dokhof,8,"","",2987RB,Ridderkerk
Dokhof,9,"","",2987RB,Ridderkerk
Hellingbaan,1,"","",2987RC,Ridderkerk
Hellingbaan,10,"","",2987RC,Ridderkerk
Hellingbaan,11,"","",2987RC,Ridderkerk
Hellingbaan,12,"","",2987RC,Ridderkerk
Hellingbaan,13,"","",2987RC,Ridderkerk
Hellingbaan,14,"","",2987RC,Ridderkerk
Hellingbaan,15,"","",2987RC,Ridderkerk
Hellingbaan,16,"","",2987RC,Ridderkerk
Hellingbaan,17,"","",2987RC,Ridderkerk
Hellingbaan,18,"","",2987RC,Ridderkerk
Hellingbaan,19,"","",2987RC,Ridderkerk
Hellingbaan,2,"","",2987RC,Ridderkerk
Hellingbaan,20,"","",2987RC,Ridderkerk
Hellingbaan,21,"","",2987RC,Ridderkerk
Hellingbaan,22,"","",2987RC,Ridderkerk
Hellingbaan,23,"","",2987RC,Ridderkerk
Hellingbaan,24,"","",2987RC,Ridderkerk
Hellingbaan,25,"","",2987RC,Ridderkerk
Hellingbaan,26,"","",2987RC,Ridderkerk
Hellingbaan,3,"","",2987RC,Ridderkerk
Hellingbaan,4,"","",2987RC,Ridderkerk
Hellingbaan,5,"","",2987RC,Ridderkerk
Hellingbaan,6,"","",2987RC,Ridderkerk
Hellingbaan,7,"","",2987RC,Ridderkerk
Hellingbaan,8,"","",2987RC,Ridderkerk
Hellingbaan,9,"","",2987RC,Ridderkerk
Loodspad,1,"","",2987RD,Ridderkerk
Loodspad,2,"","",2987RD,Ridderkerk
Loodspad,3,"","",2987RD,Ridderkerk
Loodspad,4,"","",2987RD,Ridderkerk
Loodspad,5,"","",2987RD,Ridderkerk
Loodspad,6,"","",2987RD,Ridderkerk
Pontonweg,1,"","",2987RE,Ridderkerk
Pontonweg,11,"","",2987RE,Ridderkerk
Pontonweg,13,"","",2987RE,Ridderkerk
Pontonweg,15,"","",2987RE,Ridderkerk
Pontonweg,17,"","",2987RE,Ridderkerk
Pontonweg,19,"","",2987RE,Ridderkerk
Pontonweg,21,"","",2987RE,Ridderkerk
Pontonweg,23,"","",2987RE,Ridderkerk
Pontonweg,25,"","",2987RE,Ridderkerk
Pontonweg,27,"","",2987RE,Ridderkerk
Pontonweg,29,"","",2987RE,Ridderkerk
Pontonweg,3,"","",2987RE,Ridderkerk
Pontonweg,31,"","",2987RE,Ridderkerk
Pontonweg,33,"","",2987RE,Ridderkerk
Pontonweg,35,"","",2987RE,Ridderkerk
Pontonweg,5,"","",2987RE,Ridderkerk
Pontonweg,7,"","",2987RE,Ridderkerk
Pontonweg,9,"","",2987RE,Ridderkerk
Pontonweg,10,"","",2987RG,Ridderkerk
Pontonweg,12,"","",2987RG,Ridderkerk
Pontonweg,14,"","",2987RG,Ridderkerk
Pontonweg,16,"","",2987RG,Ridderkerk
Pontonweg,18,"","",2987RG,Ridderkerk
Pontonweg,2,"","",2987RG,Ridderkerk
Pontonweg,20,"","",2987RG,Ridderkerk
Pontonweg,22,"","",2987RG,Ridderkerk
Pontonweg,24,"","",2987RG,Ridderkerk
Pontonweg,26,"","",2987RG,Ridderkerk
Pontonweg,28,"","",2987RG,Ridderkerk
Pontonweg,30,"","",2987RG,Ridderkerk
Pontonweg,32,"","",2987RG,Ridderkerk
Pontonweg,34,"","",2987RG,Ridderkerk
Pontonweg,36,"","",2987RG,Ridderkerk
Pontonweg,38,"","",2987RG,Ridderkerk
Pontonweg,4,"","",2987RG,Ridderkerk
Pontonweg,40,"","",2987RG,Ridderkerk
Pontonweg,42,"","",2987RG,Ridderkerk
Pontonweg,44,"","",2987RG,Ridderkerk
Pontonweg,46,"","",2987RG,Ridderkerk
Pontonweg,48,"","",2987RG,Ridderkerk
Pontonweg,50,"","",2987RG,Ridderkerk
Pontonweg,52,"","",2987RG,Ridderkerk
Pontonweg,54,"","",2987RG,Ridderkerk
Pontonweg,56,"","",2987RG,Ridderkerk
Pontonweg,58,"","",2987RG,Ridderkerk
Pontonweg,6,"","",2987RG,Ridderkerk
Pontonweg,60,"","",2987RG,Ridderkerk
Pontonweg,62,"","",2987RG,Ridderkerk
Pontonweg,64,"","",2987RG,Ridderkerk
Pontonweg,8,"","",2987RG,Ridderkerk
Werfkade,1,"","",2987RH,Ridderkerk
Werfkade,10,"","",2987RH,Ridderkerk
Werfkade,11,"","",2987RH,Ridderkerk
Werfkade,12,"","",2987RH,Ridderkerk
Werfkade,13,"","",2987RH,Ridderkerk
Werfkade,14,"","",2987RH,Ridderkerk
Werfkade,15,"","",2987RH,Ridderkerk
Werfkade,16,"","",2987RH,Ridderkerk
Werfkade,17,"","",2987RH,Ridderkerk
Werfkade,18,"","",2987RH,Ridderkerk
Werfkade,19,"","",2987RH,Ridderkerk
Werfkade,2,"","",2987RH,Ridderkerk
Werfkade,20,"","",2987RH,Ridderkerk
Werfkade,21,"","",2987RH,Ridderkerk
Werfkade,22,"","",2987RH,Ridderkerk
Werfkade,23,"","",2987RH,Ridderkerk
Werfkade,24,"","",2987RH,Ridderkerk
Werfkade,25,"","",2987RH,Ridderkerk
Werfkade,26,"","",2987RH,Ridderkerk
Werfkade,27,"","",2987RH,Ridderkerk
Werfkade,28,"","",2987RH,Ridderkerk
Werfkade,29,"","",2987RH,Ridderkerk
Werfkade,3,"","",2987RH,Ridderkerk
Werfkade,30,"","",2987RH,Ridderkerk
Werfkade,31,"","",2987RH,Ridderkerk
Werfkade,32,"","",2987RH,Ridderkerk
Werfkade,33,"","",2987RH,Ridderkerk
Werfkade,34,"","",2987RH,Ridderkerk
Werfkade,35,"","",2987RH,Ridderkerk
Werfkade,36,"","",2987RH,Ridderkerk
Werfkade,37,"","",2987RH,Ridderkerk
Werfkade,38,"","",2987RH,Ridderkerk
Werfkade,39,"","",2987RH,Ridderkerk
Werfkade,4,"","",2987RH,Ridderkerk
Werfkade,40,"","",2987RH,Ridderkerk
Werfkade,41,"","",2987RH,Ridderkerk
Werfkade,42,"","",2987RH,Ridderkerk
Werfkade,43,"","",2987RH,Ridderkerk
Werfkade,44,"","",2987RH,Ridderkerk
Werfkade,45,"","",2987RH,Ridderkerk
Werfkade,46,"","",2987RH,Ridderkerk
Werfkade,47,"","",2987RH,Ridderkerk
Werfkade,48,"","",2987RH,Ridderkerk
Werfkade,49,"","",2987RH,Ridderkerk
Werfkade,5,"","",2987RH,Ridderkerk
Werfkade,50,"","",2987RH,Ridderkerk
Werfkade,51,"","",2987RH,Ridderkerk
Werfkade,52,"","",2987RH,Ridderkerk
Werfkade,53,"","",2987RH,Ridderkerk
Werfkade,54,"","",2987RH,Ridderkerk
Werfkade,55,"","",2987RH,Ridderkerk
Werfkade,56,"","",2987RH,Ridderkerk
Werfkade,57,"","",2987RH,Ridderkerk
Werfkade,58,"","",2987RH,Ridderkerk
Werfkade,59,"","",2987RH,Ridderkerk
Werfkade,6,"","",2987RH,Ridderkerk
Werfkade,60,"","",2987RH,Ridderkerk
Werfkade,61,"","",2987RH,Ridderkerk
Werfkade,62,"","",2987RH,Ridderkerk
Werfkade,63,"","",2987RH,Ridderkerk
Werfkade,64,"","",2987RH,Ridderkerk
Werfkade,65,"","",2987RH,Ridderkerk
Werfkade,66,"","",2987RH,Ridderkerk
Werfkade,7,"","",2987RH,Ridderkerk
Werfkade,8,"","",2987RH,Ridderkerk
Werfkade,9,"","",2987RH,Ridderkerk
Rijnsingel,1,"","",2987SB,Ridderkerk
Rijnsingel,1,A,"",2987SB,Ridderkerk
Rijnsingel,1,B,"",2987SB,Ridderkerk
Rijnsingel,1,C,"",2987SB,Ridderkerk
Rijnsingel,1,D,"",2987SB,Ridderkerk
Rijnsingel,1,E,"",2987SB,Ridderkerk
Rijnsingel,11,"","",2987SB,Ridderkerk
Rijnsingel,13,"","",2987SB,Ridderkerk
Rijnsingel,15,"","",2987SB,Ridderkerk
Rijnsingel,17,"","",2987SB,Ridderkerk
Rijnsingel,19,"","",2987SB,Ridderkerk
Rijnsingel,21,"","",2987SB,Ridderkerk
Rijnsingel,3,"","",2987SB,Ridderkerk
Rijnsingel,5,"","",2987SB,Ridderkerk
Rijnsingel,7,"","",2987SB,Ridderkerk
Rijnsingel,9,"","",2987SB,Ridderkerk
Rijnsingel,23,"","",2987SC,Ridderkerk
Rijnsingel,25,"","",2987SC,Ridderkerk
Rijnsingel,27,"","",2987SC,Ridderkerk
Rijnsingel,29,"","",2987SC,Ridderkerk
Rijnsingel,31,"","",2987SC,Ridderkerk
Rijnsingel,33,"","",2987SC,Ridderkerk
Rijnsingel,35,"","",2987SC,Ridderkerk
Rijnsingel,37,"","",2987SC,Ridderkerk
Rijnsingel,39,"","",2987SC,Ridderkerk
Rijnsingel,41,"","",2987SC,Ridderkerk
Rijnsingel,43,"","",2987SC,Ridderkerk
Rijnsingel,45,"","",2987SC,Ridderkerk
Rijnsingel,47,"","",2987SC,Ridderkerk
Rijnsingel,49,"","",2987SC,Ridderkerk
Rijnsingel,51,"","",2987SC,Ridderkerk
Rijnsingel,53,"","",2987SC,Ridderkerk
Rijnsingel,55,"","",2987SC,Ridderkerk
Rijnsingel,57,"","",2987SC,Ridderkerk
Rijnsingel,59,"","",2987SE,Ridderkerk
Rijnsingel,61,"","",2987SE,Ridderkerk
Rijnsingel,63,"","",2987SE,Ridderkerk
Rijnsingel,65,"","",2987SE,Ridderkerk
Rijnsingel,67,"","",2987SE,Ridderkerk
Rijnsingel,69,"","",2987SE,Ridderkerk
Rijnsingel,71,"","",2987SE,Ridderkerk
Rijnsingel,73,"","",2987SE,Ridderkerk
Rijnsingel,75,"","",2987SE,Ridderkerk
Rijnsingel,77,"","",2987SE,Ridderkerk
Rijnsingel,79,"","",2987SE,Ridderkerk
Rijnsingel,81,"","",2987SE,Ridderkerk
Rijnsingel,83,"","",2987SE,Ridderkerk
Rijnsingel,85,"","",2987SE,Ridderkerk
Rijnsingel,87,"","",2987SE,Ridderkerk
Rijnsingel,89,"","",2987SE,Ridderkerk
Rijnsingel,91,"","",2987SE,Ridderkerk
Rijnsingel,93,"","",2987SE,Ridderkerk
Rijnsingel,101,"","",2987SG,Ridderkerk
Rijnsingel,103,"","",2987SG,Ridderkerk
Rijnsingel,105,"","",2987SG,Ridderkerk
Rijnsingel,107,"","",2987SG,Ridderkerk
Rijnsingel,109,"","",2987SG,Ridderkerk
Rijnsingel,111,"","",2987SG,Ridderkerk
Rijnsingel,113,"","",2987SG,Ridderkerk
Rijnsingel,115,"","",2987SG,Ridderkerk
Rijnsingel,117,"","",2987SG,Ridderkerk
Rijnsingel,119,"","",2987SG,Ridderkerk
Rijnsingel,121,"","",2987SG,Ridderkerk
Rijnsingel,123,"","",2987SG,Ridderkerk
Rijnsingel,125,"","",2987SG,Ridderkerk
Rijnsingel,127,"","",2987SG,Ridderkerk
Rijnsingel,129,"","",2987SG,Ridderkerk
Rijnsingel,95,"","",2987SG,Ridderkerk
Rijnsingel,97,"","",2987SG,Ridderkerk
Rijnsingel,99,"","",2987SG,Ridderkerk
Rijnsingel,131,"","",2987SH,Ridderkerk
Rijnsingel,133,"","",2987SH,Ridderkerk
Rijnsingel,135,"","",2987SH,Ridderkerk
Rijnsingel,137,"","",2987SH,Ridderkerk
Rijnsingel,139,"","",2987SH,Ridderkerk
Rijnsingel,141,"","",2987SH,Ridderkerk
Rijnsingel,143,"","",2987SH,Ridderkerk
Rijnsingel,145,"","",2987SH,Ridderkerk
Rijnsingel,147,"","",2987SH,Ridderkerk
Rijnsingel,149,"","",2987SH,Ridderkerk
Rijnsingel,151,"","",2987SH,Ridderkerk
Rijnsingel,153,"","",2987SH,Ridderkerk
Rijnsingel,155,"","",2987SH,Ridderkerk
Rijnsingel,157,"","",2987SH,Ridderkerk
Rijnsingel,159,"","",2987SH,Ridderkerk
Rijnsingel,161,"","",2987SH,Ridderkerk
Rijnsingel,163,"","",2987SH,Ridderkerk
Rijnsingel,165,"","",2987SH,Ridderkerk
Rijnsingel,167,"","",2987SJ,Ridderkerk
Rijnsingel,169,"","",2987SJ,Ridderkerk
Rijnsingel,171,"","",2987SJ,Ridderkerk
Rijnsingel,173,"","",2987SJ,Ridderkerk
Rijnsingel,175,"","",2987SJ,Ridderkerk
Rijnsingel,177,"","",2987SJ,Ridderkerk
Rijnsingel,179,"","",2987SJ,Ridderkerk
Rijnsingel,181,"","",2987SJ,Ridderkerk
Rijnsingel,183,"","",2987SJ,Ridderkerk
Rijnsingel,185,"","",2987SJ,Ridderkerk
Rijnsingel,187,"","",2987SJ,Ridderkerk
Rijnsingel,189,"","",2987SJ,Ridderkerk
Rijnsingel,191,"","",2987SJ,Ridderkerk
Rijnsingel,193,"","",2987SJ,Ridderkerk
Rijnsingel,195,"","",2987SJ,Ridderkerk
Rijnsingel,197,"","",2987SJ,Ridderkerk
Rijnsingel,199,"","",2987SJ,Ridderkerk
Rijnsingel,201,"","",2987SJ,Ridderkerk
Rijnsingel,203,"","",2987SK,Ridderkerk
Rijnsingel,205,"","",2987SK,Ridderkerk
Rijnsingel,207,"","",2987SK,Ridderkerk
Rijnsingel,209,"","",2987SK,Ridderkerk
Rijnsingel,211,"","",2987SK,Ridderkerk
Rijnsingel,213,"","",2987SK,Ridderkerk
Rijnsingel,215,"","",2987SK,Ridderkerk
Rijnsingel,217,"","",2987SK,Ridderkerk
Rijnsingel,219,"","",2987SK,Ridderkerk
Rijnsingel,221,"","",2987SK,Ridderkerk
Rijnsingel,223,"","",2987SK,Ridderkerk
Rijnsingel,225,"","",2987SK,Ridderkerk
Rijnsingel,227,"","",2987SK,Ridderkerk
Rijnsingel,229,"","",2987SK,Ridderkerk
Rijnsingel,231,"","",2987SK,Ridderkerk
Rijnsingel,233,"","",2987SK,Ridderkerk
Rijnsingel,235,"","",2987SK,Ridderkerk
Rijnsingel,237,"","",2987SK,Ridderkerk
Rijnsingel,239,"","",2987SL,Ridderkerk
Rijnsingel,241,"","",2987SL,Ridderkerk
Rijnsingel,243,"","",2987SL,Ridderkerk
Rijnsingel,245,"","",2987SL,Ridderkerk
Rijnsingel,247,"","",2987SL,Ridderkerk
Rijnsingel,249,"","",2987SL,Ridderkerk
Rijnsingel,251,"","",2987SL,Ridderkerk
Rijnsingel,253,"","",2987SL,Ridderkerk
Rijnsingel,255,"","",2987SL,Ridderkerk
Rijnsingel,257,"","",2987SL,Ridderkerk
Rijnsingel,259,"","",2987SL,Ridderkerk
Rijnsingel,261,"","",2987SL,Ridderkerk
Rijnsingel,263,"","",2987SL,Ridderkerk
Rijnsingel,265,"","",2987SL,Ridderkerk
Rijnsingel,267,"","",2987SL,Ridderkerk
Rijnsingel,269,"","",2987SL,Ridderkerk
Rijnsingel,271,"","",2987SL,Ridderkerk
Rijnsingel,273,"","",2987SL,Ridderkerk
Rijnsingel,275,"","",2987SM,Ridderkerk
Rijnsingel,277,"","",2987SM,Ridderkerk
Rijnsingel,279,"","",2987SM,Ridderkerk
Rijnsingel,281,"","",2987SM,Ridderkerk
Rijnsingel,283,"","",2987SM,Ridderkerk
Rijnsingel,285,"","",2987SM,Ridderkerk
Rijnsingel,287,"","",2987SM,Ridderkerk
Rijnsingel,289,"","",2987SM,Ridderkerk
Rijnsingel,291,"","",2987SM,Ridderkerk
Rijnsingel,293,"","",2987SM,Ridderkerk
Rijnsingel,295,"","",2987SM,Ridderkerk
Rijnsingel,297,"","",2987SM,Ridderkerk
Rijnsingel,299,"","",2987SM,Ridderkerk
Rijnsingel,301,"","",2987SM,Ridderkerk
Rijnsingel,303,"","",2987SM,Ridderkerk
Rijnsingel,305,"","",2987SM,Ridderkerk
Rijnsingel,307,"","",2987SM,Ridderkerk
Rijnsingel,309,"","",2987SM,Ridderkerk
Rijnsingel,311,"","",2987SN,Ridderkerk
Rijnsingel,313,"","",2987SN,Ridderkerk
Rijnsingel,315,"","",2987SN,Ridderkerk
Rijnsingel,317,"","",2987SN,Ridderkerk
Rijnsingel,319,"","",2987SN,Ridderkerk
Rijnsingel,321,"","",2987SN,Ridderkerk
Rijnsingel,323,"","",2987SN,Ridderkerk
Rijnsingel,325,"","",2987SN,Ridderkerk
Rijnsingel,327,"","",2987SN,Ridderkerk
Rijnsingel,329,"","",2987SN,Ridderkerk
Rijnsingel,331,"","",2987SN,Ridderkerk
Rijnsingel,333,"","",2987SN,Ridderkerk
Rijnsingel,335,"","",2987SN,Ridderkerk
Rijnsingel,337,"","",2987SN,Ridderkerk
Rijnsingel,339,"","",2987SN,Ridderkerk
Rijnsingel,341,"","",2987SN,Ridderkerk
Rijnsingel,343,"","",2987SN,Ridderkerk
Rijnsingel,345,"","",2987SN,Ridderkerk
Rijnsingel,347,"","",2987SP,Ridderkerk
Rijnsingel,349,"","",2987SP,Ridderkerk
Rijnsingel,351,"","",2987SP,Ridderkerk
Rijnsingel,353,"","",2987SP,Ridderkerk
Rijnsingel,355,"","",2987SP,Ridderkerk
Rijnsingel,357,"","",2987SP,Ridderkerk
Rijnsingel,359,"","",2987SP,Ridderkerk
Rijnsingel,361,"","",2987SP,Ridderkerk
Rijnsingel,363,"","",2987SP,Ridderkerk
Rijnsingel,365,"","",2987SP,Ridderkerk
Rijnsingel,367,"","",2987SP,Ridderkerk
Rijnsingel,369,"","",2987SP,Ridderkerk
Rijnsingel,371,"","",2987SP,Ridderkerk
Rijnsingel,373,"","",2987SP,Ridderkerk
Rijnsingel,375,"","",2987SP,Ridderkerk
Rijnsingel,377,"","",2987SP,Ridderkerk
Rijnsingel,379,"","",2987SP,Ridderkerk
Rijnsingel,381,"","",2987SP,Ridderkerk
Rijnsingel,383,"","",2987SP,Ridderkerk
Rijnsingel,385,"","",2987SP,Ridderkerk
Rijnsingel,387,"","",2987SP,Ridderkerk
Rijnsingel,389,"","",2987SR,Ridderkerk
Rijnsingel,391,"","",2987SR,Ridderkerk
Rijnsingel,393,"","",2987SR,Ridderkerk
Rijnsingel,395,"","",2987SR,Ridderkerk
Rijnsingel,397,"","",2987SR,Ridderkerk
Rijnsingel,399,"","",2987SR,Ridderkerk
Rijnsingel,401,"","",2987SR,Ridderkerk
Rijnsingel,403,"","",2987SR,Ridderkerk
Rijnsingel,405,"","",2987SR,Ridderkerk
Rijnsingel,407,"","",2987SR,Ridderkerk
Rijnsingel,409,"","",2987SR,Ridderkerk
Rijnsingel,411,"","",2987SR,Ridderkerk
Rijnsingel,413,"","",2987SR,Ridderkerk
Rijnsingel,415,"","",2987SR,Ridderkerk
Rijnsingel,417,"","",2987SR,Ridderkerk
Rijnsingel,419,"","",2987SR,Ridderkerk
Rijnsingel,421,"","",2987SR,Ridderkerk
Rijnsingel,423,"","",2987SR,Ridderkerk
Rijnsingel,425,"","",2987ST,Ridderkerk
Rijnsingel,427,"","",2987ST,Ridderkerk
Rijnsingel,429,"","",2987ST,Ridderkerk
Rijnsingel,431,"","",2987ST,Ridderkerk
Rijnsingel,433,"","",2987ST,Ridderkerk
Rijnsingel,435,"","",2987ST,Ridderkerk
Rijnsingel,437,"","",2987ST,Ridderkerk
Rijnsingel,439,"","",2987ST,Ridderkerk
Rijnsingel,441,"","",2987ST,Ridderkerk
Rijnsingel,443,"","",2987ST,Ridderkerk
Rijnsingel,445,"","",2987ST,Ridderkerk
Rijnsingel,447,"","",2987ST,Ridderkerk
Rijnsingel,449,"","",2987ST,Ridderkerk
Rijnsingel,451,"","",2987ST,Ridderkerk
Rijnsingel,453,"","",2987ST,Ridderkerk
Rijnsingel,455,"","",2987ST,Ridderkerk
Rijnsingel,457,"","",2987ST,Ridderkerk
Rijnsingel,459,"","",2987ST,Ridderkerk
Rijnsingel,461,"","",2987SV,Ridderkerk
Rijnsingel,463,"","",2987SV,Ridderkerk
Rijnsingel,465,"","",2987SV,Ridderkerk
Rijnsingel,467,"","",2987SV,Ridderkerk
Rijnsingel,469,"","",2987SV,Ridderkerk
Rijnsingel,471,"","",2987SV,Ridderkerk
Rijnsingel,473,"","",2987SV,Ridderkerk
Rijnsingel,475,"","",2987SV,Ridderkerk
Rijnsingel,477,"","",2987SV,Ridderkerk
Rijnsingel,479,"","",2987SV,Ridderkerk
Rijnsingel,481,"","",2987SV,Ridderkerk
Rijnsingel,483,"","",2987SV,Ridderkerk
Rijnsingel,485,"","",2987SV,Ridderkerk
Rijnsingel,487,"","",2987SV,Ridderkerk
Rijnsingel,489,"","",2987SV,Ridderkerk
Rijnsingel,491,"","",2987SV,Ridderkerk
Rijnsingel,493,"","",2987SV,Ridderkerk
Rijnsingel,495,"","",2987SV,Ridderkerk
Rijnsingel,497,"","",2987SW,Ridderkerk
Rijnsingel,499,"","",2987SW,Ridderkerk
Rijnsingel,501,"","",2987SW,Ridderkerk
Rijnsingel,503,"","",2987SW,Ridderkerk
Rijnsingel,505,"","",2987SW,Ridderkerk
Rijnsingel,507,"","",2987SW,Ridderkerk
Rijnsingel,509,"","",2987SW,Ridderkerk
Rijnsingel,511,"","",2987SW,Ridderkerk
Rijnsingel,513,"","",2987SW,Ridderkerk
Rijnsingel,515,"","",2987SW,Ridderkerk
Rijnsingel,517,"","",2987SW,Ridderkerk
Rijnsingel,519,"","",2987SW,Ridderkerk
Rijnsingel,521,"","",2987SW,Ridderkerk
Rijnsingel,523,"","",2987SW,Ridderkerk
Rijnsingel,525,"","",2987SW,Ridderkerk
Rijnsingel,527,"","",2987SW,Ridderkerk
Rijnsingel,529,"","",2987SW,Ridderkerk
Rijnsingel,531,"","",2987SW,Ridderkerk
Rijnsingel,533,"","",2987SX,Ridderkerk
Rijnsingel,535,"","",2987SX,Ridderkerk
Rijnsingel,537,"","",2987SX,Ridderkerk
Rijnsingel,539,"","",2987SX,Ridderkerk
Rijnsingel,541,"","",2987SX,Ridderkerk
Rijnsingel,543,"","",2987SX,Ridderkerk
Rijnsingel,545,"","",2987SX,Ridderkerk
Rijnsingel,547,"","",2987SX,Ridderkerk
Rijnsingel,549,"","",2987SX,Ridderkerk
Rijnsingel,551,"","",2987SX,Ridderkerk
Rijnsingel,553,"","",2987SX,Ridderkerk
Rijnsingel,555,"","",2987SX,Ridderkerk
Rijnsingel,557,"","",2987SX,Ridderkerk
Rijnsingel,559,"","",2987SX,Ridderkerk
Rijnsingel,561,"","",2987SX,Ridderkerk
Rijnsingel,563,"","",2987SX,Ridderkerk
Rijnsingel,565,"","",2987SX,Ridderkerk
Rijnsingel,567,"","",2987SX,Ridderkerk
Rijnsingel,569,"","",2987SX,Ridderkerk
Rijnsingel,571,"","",2987SX,Ridderkerk
Rijnsingel,573,"","",2987SX,Ridderkerk
Rijnsingel,575,"","",2987SX,Ridderkerk
Rijnsingel,577,"","",2987SX,Ridderkerk
Rijnsingel,579,"","",2987SX,Ridderkerk
Rijnsingel,581,"","",2987SX,Ridderkerk
Rijnsingel,583,"","",2987SX,Ridderkerk
Rijnsingel,585,"","",2987SX,Ridderkerk
Rijnsingel,587,"","",2987SX,Ridderkerk
Rijnsingel,589,"","",2987SX,Ridderkerk
Rijnsingel,591,"","",2987SX,Ridderkerk
Rijnsingel,593,"","",2987SX,Ridderkerk
Rijnsingel,595,"","",2987SX,Ridderkerk
Rijnsingel,597,"","",2987SX,Ridderkerk
Rijnsingel,599,"","",2987SX,Ridderkerk
Rijnsingel,601,"","",2987SX,Ridderkerk
Rijnsingel,603,"","",2987SX,Ridderkerk
Rijnsingel,605,"","",2987SZ,Ridderkerk
Rijnsingel,607,"","",2987SZ,Ridderkerk
Rijnsingel,609,"","",2987SZ,Ridderkerk
Rijnsingel,611,"","",2987SZ,Ridderkerk
Rijnsingel,613,"","",2987SZ,Ridderkerk
Rijnsingel,615,"","",2987SZ,Ridderkerk
Rijnsingel,617,"","",2987SZ,Ridderkerk
Rijnsingel,619,"","",2987SZ,Ridderkerk
Rijnsingel,621,"","",2987SZ,Ridderkerk
Rijnsingel,623,"","",2987SZ,Ridderkerk
Rijnsingel,625,"","",2987SZ,Ridderkerk
Rijnsingel,627,"","",2987SZ,Ridderkerk
Rijnsingel,629,"","",2987SZ,Ridderkerk
Rijnsingel,631,"","",2987SZ,Ridderkerk
Rijnsingel,633,"","",2987SZ,Ridderkerk
Rijnsingel,635,"","",2987SZ,Ridderkerk
Rijnsingel,637,"","",2987SZ,Ridderkerk
Rijnsingel,639,"","",2987SZ,Ridderkerk
Rijnsingel,641,"","",2987SZ,Ridderkerk
Rijnsingel,643,"","",2987SZ,Ridderkerk
Rijnsingel,645,"","",2987SZ,Ridderkerk
Rijnsingel,647,"","",2987SZ,Ridderkerk
Rijnsingel,649,"","",2987SZ,Ridderkerk
Rijnsingel,651,"","",2987SZ,Ridderkerk
Rijnsingel,653,"","",2987SZ,Ridderkerk
Rijnsingel,655,"","",2987SZ,Ridderkerk
Rijnsingel,657,"","",2987SZ,Ridderkerk
Rijnsingel,659,"","",2987SZ,Ridderkerk
Rijnsingel,661,"","",2987SZ,Ridderkerk
Rijnsingel,663,"","",2987SZ,Ridderkerk
Rijnsingel,665,"","",2987SZ,Ridderkerk
Rijnsingel,667,"","",2987SZ,Ridderkerk
Rijnsingel,669,"","",2987SZ,Ridderkerk
Rijnsingel,671,"","",2987SZ,Ridderkerk
Rijnsingel,673,"","",2987SZ,Ridderkerk
Rijnsingel,675,"","",2987SZ,Ridderkerk
Rijnsingel,675,A,"",2987SZ,Ridderkerk
Rijnsingel,675,B,"",2987SZ,Ridderkerk
Rijnsingel,677,"","",2987SZ,Ridderkerk
Dintelstraat,1,"","",2987TA,Ridderkerk
Dintelstraat,11,"","",2987TA,Ridderkerk
Dintelstraat,13,"","",2987TA,Ridderkerk
Dintelstraat,15,"","",2987TA,Ridderkerk
Dintelstraat,17,"","",2987TA,Ridderkerk
Dintelstraat,19,"","",2987TA,Ridderkerk
Dintelstraat,21,"","",2987TA,Ridderkerk
Dintelstraat,23,"","",2987TA,Ridderkerk
Dintelstraat,25,"","",2987TA,Ridderkerk
Dintelstraat,27,"","",2987TA,Ridderkerk
Dintelstraat,29,"","",2987TA,Ridderkerk
Dintelstraat,3,"","",2987TA,Ridderkerk
Dintelstraat,31,"","",2987TA,Ridderkerk
Dintelstraat,33,"","",2987TA,Ridderkerk
Dintelstraat,35,"","",2987TA,Ridderkerk
Dintelstraat,37,"","",2987TA,Ridderkerk
Dintelstraat,39,"","",2987TA,Ridderkerk
Dintelstraat,5,"","",2987TA,Ridderkerk
Dintelstraat,7,"","",2987TA,Ridderkerk
Dintelstraat,9,"","",2987TA,Ridderkerk
Dintelstraat,10,"","",2987TB,Ridderkerk
Dintelstraat,12,"","",2987TB,Ridderkerk
Dintelstraat,14,"","",2987TB,Ridderkerk
Dintelstraat,16,"","",2987TB,Ridderkerk
Dintelstraat,18,"","",2987TB,Ridderkerk
Dintelstraat,2,"","",2987TB,Ridderkerk
Dintelstraat,20,"","",2987TB,Ridderkerk
Dintelstraat,22,"","",2987TB,Ridderkerk
Dintelstraat,24,"","",2987TB,Ridderkerk
Dintelstraat,26,"","",2987TB,Ridderkerk
Dintelstraat,28,"","",2987TB,Ridderkerk
Dintelstraat,30,"","",2987TB,Ridderkerk
Dintelstraat,32,"","",2987TB,Ridderkerk
Dintelstraat,34,"","",2987TB,Ridderkerk
Dintelstraat,36,"","",2987TB,Ridderkerk
Dintelstraat,38,"","",2987TB,Ridderkerk
Dintelstraat,4,"","",2987TB,Ridderkerk
Dintelstraat,40,"","",2987TB,Ridderkerk
Dintelstraat,42,"","",2987TB,Ridderkerk
Dintelstraat,44,"","",2987TB,Ridderkerk
Dintelstraat,46,"","",2987TB,Ridderkerk
Dintelstraat,48,"","",2987TB,Ridderkerk
Dintelstraat,50,"","",2987TB,Ridderkerk
Dintelstraat,52,"","",2987TB,Ridderkerk
Dintelstraat,54,"","",2987TB,Ridderkerk
Dintelstraat,56,"","",2987TB,Ridderkerk
Dintelstraat,58,"","",2987TB,Ridderkerk
Dintelstraat,6,"","",2987TB,Ridderkerk
Dintelstraat,60,"","",2987TB,Ridderkerk
Dintelstraat,62,"","",2987TB,Ridderkerk
Dintelstraat,64,"","",2987TB,Ridderkerk
Dintelstraat,66,"","",2987TB,Ridderkerk
Dintelstraat,68,"","",2987TB,Ridderkerk
Dintelstraat,70,"","",2987TB,Ridderkerk
Dintelstraat,72,"","",2987TB,Ridderkerk
Dintelstraat,74,"","",2987TB,Ridderkerk
Dintelstraat,76,"","",2987TB,Ridderkerk
Dintelstraat,78,"","",2987TB,Ridderkerk
Dintelstraat,8,"","",2987TB,Ridderkerk
Markstraat,1,"","",2987TC,Ridderkerk
Markstraat,11,"","",2987TC,Ridderkerk
Markstraat,13,"","",2987TC,Ridderkerk
Markstraat,15,"","",2987TC,Ridderkerk
Markstraat,17,"","",2987TC,Ridderkerk
Markstraat,19,"","",2987TC,Ridderkerk
Markstraat,21,"","",2987TC,Ridderkerk
Markstraat,23,"","",2987TC,Ridderkerk
Markstraat,25,"","",2987TC,Ridderkerk
Markstraat,27,"","",2987TC,Ridderkerk
Markstraat,29,"","",2987TC,Ridderkerk
Markstraat,3,"","",2987TC,Ridderkerk
Markstraat,31,"","",2987TC,Ridderkerk
Markstraat,33,"","",2987TC,Ridderkerk
Markstraat,35,"","",2987TC,Ridderkerk
Markstraat,5,"","",2987TC,Ridderkerk
Markstraat,7,"","",2987TC,Ridderkerk
Markstraat,9,"","",2987TC,Ridderkerk
Markstraat,10,"","",2987TD,Ridderkerk
Markstraat,100,"","",2987TD,Ridderkerk
Markstraat,102,"","",2987TD,Ridderkerk
Markstraat,104,"","",2987TD,Ridderkerk
Markstraat,106,"","",2987TD,Ridderkerk
Markstraat,108,"","",2987TD,Ridderkerk
Markstraat,110,"","",2987TD,Ridderkerk
Markstraat,112,"","",2987TD,Ridderkerk
Markstraat,114,"","",2987TD,Ridderkerk
Markstraat,116,"","",2987TD,Ridderkerk
Markstraat,12,"","",2987TD,Ridderkerk
Markstraat,14,"","",2987TD,Ridderkerk
Markstraat,16,"","",2987TD,Ridderkerk
Markstraat,18,"","",2987TD,Ridderkerk
Markstraat,2,"","",2987TD,Ridderkerk
Markstraat,20,"","",2987TD,Ridderkerk
Markstraat,22,"","",2987TD,Ridderkerk
Markstraat,24,"","",2987TD,Ridderkerk
Markstraat,26,"","",2987TD,Ridderkerk
Markstraat,28,"","",2987TD,Ridderkerk
Markstraat,30,"","",2987TD,Ridderkerk
Markstraat,32,"","",2987TD,Ridderkerk
Markstraat,34,"","",2987TD,Ridderkerk
Markstraat,36,"","",2987TD,Ridderkerk
Markstraat,38,"","",2987TD,Ridderkerk
Markstraat,4,"","",2987TD,Ridderkerk
Markstraat,40,"","",2987TD,Ridderkerk
Markstraat,42,"","",2987TD,Ridderkerk
Markstraat,44,"","",2987TD,Ridderkerk
Markstraat,46,"","",2987TD,Ridderkerk
Markstraat,48,"","",2987TD,Ridderkerk
Markstraat,50,"","",2987TD,Ridderkerk
Markstraat,52,"","",2987TD,Ridderkerk
Markstraat,54,"","",2987TD,Ridderkerk
Markstraat,56,"","",2987TD,Ridderkerk
Markstraat,58,"","",2987TD,Ridderkerk
Markstraat,6,"","",2987TD,Ridderkerk
Markstraat,60,"","",2987TD,Ridderkerk
Markstraat,62,"","",2987TD,Ridderkerk
Markstraat,64,"","",2987TD,Ridderkerk
Markstraat,66,"","",2987TD,Ridderkerk
Markstraat,68,"","",2987TD,Ridderkerk
Markstraat,70,"","",2987TD,Ridderkerk
Markstraat,72,"","",2987TD,Ridderkerk
Markstraat,74,"","",2987TD,Ridderkerk
Markstraat,76,"","",2987TD,Ridderkerk
Markstraat,78,"","",2987TD,Ridderkerk
Markstraat,8,"","",2987TD,Ridderkerk
Markstraat,80,"","",2987TD,Ridderkerk
Markstraat,82,"","",2987TD,Ridderkerk
Markstraat,84,"","",2987TD,Ridderkerk
Markstraat,86,"","",2987TD,Ridderkerk
Markstraat,88,"","",2987TD,Ridderkerk
Markstraat,90,"","",2987TD,Ridderkerk
Markstraat,92,"","",2987TD,Ridderkerk
Markstraat,94,"","",2987TD,Ridderkerk
Markstraat,96,"","",2987TD,Ridderkerk
Markstraat,98,"","",2987TD,Ridderkerk
Spuistraat,1,"","",2987TE,Ridderkerk
Spuistraat,11,"","",2987TE,Ridderkerk
Spuistraat,13,"","",2987TE,Ridderkerk
Spuistraat,15,"","",2987TE,Ridderkerk
Spuistraat,17,"","",2987TE,Ridderkerk
Spuistraat,19,"","",2987TE,Ridderkerk
Spuistraat,2,"","",2987TE,Ridderkerk
Spuistraat,21,"","",2987TE,Ridderkerk
Spuistraat,23,"","",2987TE,Ridderkerk
Spuistraat,25,"","",2987TE,Ridderkerk
Spuistraat,27,"","",2987TE,Ridderkerk
Spuistraat,29,"","",2987TE,Ridderkerk
Spuistraat,3,"","",2987TE,Ridderkerk
Spuistraat,31,"","",2987TE,Ridderkerk
Spuistraat,33,"","",2987TE,Ridderkerk
Spuistraat,35,"","",2987TE,Ridderkerk
Spuistraat,37,"","",2987TE,Ridderkerk
Spuistraat,39,"","",2987TE,Ridderkerk
Spuistraat,4,"","",2987TE,Ridderkerk
Spuistraat,41,"","",2987TE,Ridderkerk
Spuistraat,43,"","",2987TE,Ridderkerk
Spuistraat,45,"","",2987TE,Ridderkerk
Spuistraat,47,"","",2987TE,Ridderkerk
Spuistraat,49,"","",2987TE,Ridderkerk
Spuistraat,5,"","",2987TE,Ridderkerk
Spuistraat,51,"","",2987TE,Ridderkerk
Spuistraat,53,"","",2987TE,Ridderkerk
Spuistraat,7,"","",2987TE,Ridderkerk
Spuistraat,9,"","",2987TE,Ridderkerk
Spuistraat,55,"","",2987TG,Ridderkerk
Spuistraat,57,"","",2987TG,Ridderkerk
Spuistraat,59,"","",2987TG,Ridderkerk
Spuistraat,61,"","",2987TG,Ridderkerk
Spuistraat,63,"","",2987TG,Ridderkerk
Spuistraat,65,"","",2987TG,Ridderkerk
Spuistraat,67,"","",2987TG,Ridderkerk
Spuistraat,69,"","",2987TG,Ridderkerk
Spuistraat,71,"","",2987TG,Ridderkerk
Spuistraat,73,"","",2987TG,Ridderkerk
Spuistraat,75,"","",2987TG,Ridderkerk
Spuistraat,77,"","",2987TG,Ridderkerk
Spuistraat,79,"","",2987TG,Ridderkerk
Spuistraat,81,"","",2987TG,Ridderkerk
Spuistraat,83,"","",2987TG,Ridderkerk
Spuistraat,85,"","",2987TG,Ridderkerk
Spuistraat,87,"","",2987TG,Ridderkerk
Spuistraat,89,"","",2987TG,Ridderkerk
Spuistraat,91,"","",2987TG,Ridderkerk
Spuistraat,93,"","",2987TG,Ridderkerk
Spuistraat,95,"","",2987TG,Ridderkerk
Spuistraat,97,"","",2987TG,Ridderkerk
Spuistraat,101,"","",2987TH,Ridderkerk
Spuistraat,103,"","",2987TH,Ridderkerk
Spuistraat,105,"","",2987TH,Ridderkerk
Spuistraat,107,"","",2987TH,Ridderkerk
Spuistraat,109,"","",2987TH,Ridderkerk
Spuistraat,111,"","",2987TH,Ridderkerk
Spuistraat,113,"","",2987TH,Ridderkerk
Spuistraat,115,"","",2987TH,Ridderkerk
Spuistraat,117,"","",2987TH,Ridderkerk
Spuistraat,119,"","",2987TH,Ridderkerk
Spuistraat,121,"","",2987TH,Ridderkerk
Spuistraat,123,"","",2987TH,Ridderkerk
Spuistraat,125,"","",2987TH,Ridderkerk
Spuistraat,127,"","",2987TH,Ridderkerk
Spuistraat,129,"","",2987TH,Ridderkerk
Spuistraat,131,"","",2987TH,Ridderkerk
Spuistraat,133,"","",2987TH,Ridderkerk
Spuistraat,135,"","",2987TH,Ridderkerk
Spuistraat,137,"","",2987TH,Ridderkerk
Spuistraat,139,"","",2987TH,Ridderkerk
Spuistraat,141,"","",2987TH,Ridderkerk
Spuistraat,99,"","",2987TH,Ridderkerk
Spuistraat,143,"","",2987TJ,Ridderkerk
Spuistraat,145,"","",2987TJ,Ridderkerk
Spuistraat,147,"","",2987TJ,Ridderkerk
Spuistraat,149,"","",2987TJ,Ridderkerk
Spuistraat,151,"","",2987TJ,Ridderkerk
Spuistraat,153,"","",2987TJ,Ridderkerk
Spuistraat,155,"","",2987TJ,Ridderkerk
Spuistraat,157,"","",2987TJ,Ridderkerk
Spuistraat,159,"","",2987TJ,Ridderkerk
Spuistraat,161,"","",2987TJ,Ridderkerk
Spuistraat,163,"","",2987TJ,Ridderkerk
Spuistraat,165,"","",2987TJ,Ridderkerk
Spuistraat,167,"","",2987TJ,Ridderkerk
Spuistraat,169,"","",2987TJ,Ridderkerk
Spuistraat,171,"","",2987TJ,Ridderkerk
Spuistraat,173,"","",2987TJ,Ridderkerk
Spuistraat,175,"","",2987TJ,Ridderkerk
Spuistraat,177,"","",2987TJ,Ridderkerk
Spuistraat,179,"","",2987TJ,Ridderkerk
Spuistraat,181,"","",2987TJ,Ridderkerk
Spuistraat,183,"","",2987TJ,Ridderkerk
Spuistraat,185,"","",2987TJ,Ridderkerk
Spuistraat,187,"","",2987TK,Ridderkerk
Spuistraat,189,"","",2987TK,Ridderkerk
Spuistraat,191,"","",2987TK,Ridderkerk
Spuistraat,193,"","",2987TK,Ridderkerk
Spuistraat,195,"","",2987TK,Ridderkerk
Spuistraat,197,"","",2987TK,Ridderkerk
Spuistraat,199,"","",2987TK,Ridderkerk
Spuistraat,201,"","",2987TK,Ridderkerk
Spuistraat,203,"","",2987TK,Ridderkerk
Spuistraat,205,"","",2987TK,Ridderkerk
Spuistraat,207,"","",2987TK,Ridderkerk
Spuistraat,209,"","",2987TL,Ridderkerk
Spuistraat,211,"","",2987TL,Ridderkerk
Spuistraat,213,"","",2987TL,Ridderkerk
Spuistraat,215,"","",2987TL,Ridderkerk
Spuistraat,217,"","",2987TL,Ridderkerk
Spuistraat,217,A,"",2987TL,Ridderkerk
Spuistraat,219,"","",2987TL,Ridderkerk
Spuistraat,219,A,"",2987TL,Ridderkerk
Spuistraat,219,B,"",2987TL,Ridderkerk
Spuistraat,219,C,"",2987TL,Ridderkerk
Spuistraat,219,D,"",2987TL,Ridderkerk
Spuistraat,219,E,"",2987TL,Ridderkerk
Spuistraat,221,"","",2987TL,Ridderkerk
Spuistraat,223,"","",2987TL,Ridderkerk
Spuistraat,225,"","",2987TL,Ridderkerk
Spuistraat,227,"","",2987TL,Ridderkerk
Spuistraat,229,"","",2987TL,Ridderkerk
Spuistraat,231,"","",2987TL,Ridderkerk
Spuistraat,233,"","",2987TL,Ridderkerk
Spuistraat,235,"","",2987TL,Ridderkerk
Spuistraat,237,"","",2987TL,Ridderkerk
Spuistraat,239,"","",2987TL,Ridderkerk
Spuistraat,241,"","",2987TL,Ridderkerk
Spuistraat,243,"","",2987TL,Ridderkerk
Spuistraat,245,"","",2987TL,Ridderkerk
Spuistraat,247,"","",2987TL,Ridderkerk
Spuistraat,249,"","",2987TL,Ridderkerk
Spuistraat,251,"","",2987TL,Ridderkerk
Spuistraat,253,"","",2987TL,Ridderkerk
Spuistraat,255,"","",2987TL,Ridderkerk
Spuistraat,257,"","",2987TL,Ridderkerk
Spuistraat,259,"","",2987TL,Ridderkerk
Spuistraat,261,"","",2987TL,Ridderkerk
Spuistraat,263,"","",2987TM,Ridderkerk
Spuistraat,265,"","",2987TM,Ridderkerk
Spuistraat,267,"","",2987TM,Ridderkerk
Spuistraat,269,"","",2987TM,Ridderkerk
Spuistraat,271,"","",2987TM,Ridderkerk
Spuistraat,273,"","",2987TM,Ridderkerk
Spuistraat,275,"","",2987TM,Ridderkerk
Spuistraat,277,"","",2987TM,Ridderkerk
Spuistraat,279,"","",2987TM,Ridderkerk
Spuistraat,281,"","",2987TM,Ridderkerk
Spuistraat,283,"","",2987TM,Ridderkerk
Spuistraat,285,"","",2987TM,Ridderkerk
Spuistraat,287,"","",2987TM,Ridderkerk
Spuistraat,289,"","",2987TM,Ridderkerk
Spuistraat,291,"","",2987TM,Ridderkerk
Spuistraat,293,"","",2987TM,Ridderkerk
Spuistraat,295,"","",2987TM,Ridderkerk
Spuistraat,297,"","",2987TM,Ridderkerk
Spuistraat,299,"","",2987TM,Ridderkerk
Spuistraat,301,"","",2987TM,Ridderkerk
Spuistraat,303,"","",2987TM,Ridderkerk
Spuistraat,305,"","",2987TM,Ridderkerk
Spuistraat,307,"","",2987TN,Ridderkerk
Spuistraat,309,"","",2987TN,Ridderkerk
Spuistraat,311,"","",2987TN,Ridderkerk
Spuistraat,313,"","",2987TN,Ridderkerk
Spuistraat,315,"","",2987TN,Ridderkerk
Spuistraat,317,"","",2987TN,Ridderkerk
Spuistraat,319,"","",2987TN,Ridderkerk
Spuistraat,321,"","",2987TN,Ridderkerk
Spuistraat,323,"","",2987TN,Ridderkerk
Spuistraat,325,"","",2987TN,Ridderkerk
Spuistraat,327,"","",2987TN,Ridderkerk
Spuistraat,329,"","",2987TN,Ridderkerk
Spuistraat,331,"","",2987TN,Ridderkerk
Spuistraat,333,"","",2987TN,Ridderkerk
Spuistraat,335,"","",2987TN,Ridderkerk
Spuistraat,337,"","",2987TN,Ridderkerk
Spuistraat,339,"","",2987TN,Ridderkerk
Spuistraat,341,"","",2987TN,Ridderkerk
Spuistraat,343,"","",2987TN,Ridderkerk
Spuistraat,345,"","",2987TN,Ridderkerk
Spuistraat,347,"","",2987TN,Ridderkerk
Spuistraat,349,"","",2987TN,Ridderkerk
Spuistraat,351,"","",2987TP,Ridderkerk
Spuistraat,353,"","",2987TP,Ridderkerk
Spuistraat,355,"","",2987TP,Ridderkerk
Spuistraat,357,"","",2987TP,Ridderkerk
Spuistraat,359,"","",2987TP,Ridderkerk
Spuistraat,361,"","",2987TP,Ridderkerk
Spuistraat,363,"","",2987TP,Ridderkerk
Spuistraat,365,"","",2987TP,Ridderkerk
Spuistraat,367,"","",2987TP,Ridderkerk
Spuistraat,369,"","",2987TP,Ridderkerk
Spuistraat,371,"","",2987TP,Ridderkerk
Spuistraat,373,"","",2987TP,Ridderkerk
Spuistraat,375,"","",2987TP,Ridderkerk
Spuistraat,377,"","",2987TP,Ridderkerk
Spuistraat,379,"","",2987TP,Ridderkerk
Spuistraat,381,"","",2987TP,Ridderkerk
Spuistraat,383,"","",2987TP,Ridderkerk
Spuistraat,385,"","",2987TP,Ridderkerk
Spuistraat,387,"","",2987TP,Ridderkerk
Spuistraat,389,"","",2987TP,Ridderkerk
Spuistraat,391,"","",2987TP,Ridderkerk
Spuistraat,393,"","",2987TP,Ridderkerk
Spuistraat,395,"","",2987TR,Ridderkerk
Spuistraat,397,"","",2987TR,Ridderkerk
Spuistraat,399,"","",2987TR,Ridderkerk
Spuistraat,401,"","",2987TR,Ridderkerk
Spuistraat,403,"","",2987TR,Ridderkerk
Spuistraat,405,"","",2987TR,Ridderkerk
Spuistraat,407,"","",2987TR,Ridderkerk
Spuistraat,409,"","",2987TR,Ridderkerk
Spuistraat,411,"","",2987TR,Ridderkerk
Spuistraat,413,"","",2987TR,Ridderkerk
Spuistraat,415,"","",2987TR,Ridderkerk
Spuistraat,417,"","",2987TS,Ridderkerk
Spuistraat,419,"","",2987TS,Ridderkerk
Spuistraat,421,"","",2987TS,Ridderkerk
Spuistraat,423,"","",2987TS,Ridderkerk
Spuistraat,425,"","",2987TS,Ridderkerk
Spuistraat,425,A,"",2987TS,Ridderkerk
Spuistraat,427,"","",2987TS,Ridderkerk
Spuistraat,427,A,"",2987TS,Ridderkerk
Spuistraat,427,B,"",2987TS,Ridderkerk
Spuistraat,427,C,"",2987TS,Ridderkerk
Spuistraat,427,D,"",2987TS,Ridderkerk
Spuistraat,427,E,"",2987TS,Ridderkerk
Spuistraat,429,"","",2987TS,Ridderkerk
Spuistraat,431,"","",2987TS,Ridderkerk
Spuistraat,433,"","",2987TS,Ridderkerk
Spuistraat,435,"","",2987TS,Ridderkerk
Spuistraat,437,"","",2987TS,Ridderkerk
Spuistraat,439,"","",2987TS,Ridderkerk
Spuistraat,441,"","",2987TS,Ridderkerk
Spuistraat,443,"","",2987TS,Ridderkerk
Spuistraat,445,"","",2987TS,Ridderkerk
Spuistraat,447,"","",2987TS,Ridderkerk
Spuistraat,449,"","",2987TS,Ridderkerk
Spuistraat,451,"","",2987TS,Ridderkerk
Spuistraat,453,"","",2987TS,Ridderkerk
Spuistraat,455,"","",2987TS,Ridderkerk
Spuistraat,457,"","",2987TS,Ridderkerk
Spuistraat,459,"","",2987TS,Ridderkerk
Spuistraat,461,"","",2987TS,Ridderkerk
Spuistraat,463,"","",2987TS,Ridderkerk
Spuistraat,465,"","",2987TS,Ridderkerk
Spuistraat,467,"","",2987TS,Ridderkerk
Spuistraat,469,"","",2987TS,Ridderkerk
Spuistraat,471,"","",2987TT,Ridderkerk
Spuistraat,473,"","",2987TT,Ridderkerk
Spuistraat,475,"","",2987TT,Ridderkerk
Spuistraat,477,"","",2987TT,Ridderkerk
Spuistraat,479,"","",2987TT,Ridderkerk
Spuistraat,481,"","",2987TT,Ridderkerk
Spuistraat,483,"","",2987TT,Ridderkerk
Spuistraat,485,"","",2987TT,Ridderkerk
Spuistraat,487,"","",2987TT,Ridderkerk
Spuistraat,489,"","",2987TT,Ridderkerk
Spuistraat,491,"","",2987TT,Ridderkerk
Spuistraat,493,"","",2987TT,Ridderkerk
Spuistraat,495,"","",2987TT,Ridderkerk
Spuistraat,497,"","",2987TT,Ridderkerk
Spuistraat,499,"","",2987TT,Ridderkerk
Spuistraat,501,"","",2987TT,Ridderkerk
Spuistraat,503,"","",2987TT,Ridderkerk
Spuistraat,505,"","",2987TT,Ridderkerk
Spuistraat,507,"","",2987TT,Ridderkerk
Spuistraat,509,"","",2987TT,Ridderkerk
Spuistraat,511,"","",2987TT,Ridderkerk
Spuistraat,513,"","",2987TT,Ridderkerk
Spuistraat,515,"","",2987TV,Ridderkerk
Spuistraat,517,"","",2987TV,Ridderkerk
Spuistraat,519,"","",2987TV,Ridderkerk
Spuistraat,521,"","",2987TV,Ridderkerk
Spuistraat,523,"","",2987TV,Ridderkerk
Spuistraat,525,"","",2987TV,Ridderkerk
Spuistraat,527,"","",2987TV,Ridderkerk
Spuistraat,529,"","",2987TV,Ridderkerk
Spuistraat,531,"","",2987TV,Ridderkerk
Spuistraat,533,"","",2987TV,Ridderkerk
Spuistraat,535,"","",2987TV,Ridderkerk
Spuistraat,537,"","",2987TV,Ridderkerk
Spuistraat,539,"","",2987TV,Ridderkerk
Spuistraat,541,"","",2987TV,Ridderkerk
Spuistraat,543,"","",2987TV,Ridderkerk
Spuistraat,545,"","",2987TV,Ridderkerk
Spuistraat,547,"","",2987TV,Ridderkerk
Spuistraat,549,"","",2987TV,Ridderkerk
Spuistraat,551,"","",2987TV,Ridderkerk
Spuistraat,553,"","",2987TV,Ridderkerk
Spuistraat,555,"","",2987TV,Ridderkerk
Spuistraat,557,"","",2987TV,Ridderkerk
Spuistraat,559,"","",2987TW,Ridderkerk
Spuistraat,561,"","",2987TW,Ridderkerk
Spuistraat,563,"","",2987TW,Ridderkerk
Spuistraat,565,"","",2987TW,Ridderkerk
Spuistraat,567,"","",2987TW,Ridderkerk
Spuistraat,569,"","",2987TW,Ridderkerk
Spuistraat,571,"","",2987TW,Ridderkerk
Spuistraat,573,"","",2987TW,Ridderkerk
Spuistraat,575,"","",2987TW,Ridderkerk
Spuistraat,577,"","",2987TW,Ridderkerk
Spuistraat,579,"","",2987TW,Ridderkerk
Spuistraat,581,"","",2987TW,Ridderkerk
Spuistraat,583,"","",2987TW,Ridderkerk
Spuistraat,585,"","",2987TW,Ridderkerk
Spuistraat,587,"","",2987TW,Ridderkerk
Spuistraat,589,"","",2987TW,Ridderkerk
Spuistraat,591,"","",2987TW,Ridderkerk
Spuistraat,593,"","",2987TW,Ridderkerk
Spuistraat,595,"","",2987TW,Ridderkerk
Spuistraat,597,"","",2987TW,Ridderkerk
Spuistraat,599,"","",2987TW,Ridderkerk
Spuistraat,601,"","",2987TW,Ridderkerk
Spuistraat,603,"","",2987TX,Ridderkerk
Spuistraat,605,"","",2987TX,Ridderkerk
Spuistraat,607,"","",2987TX,Ridderkerk
Spuistraat,609,"","",2987TX,Ridderkerk
Spuistraat,611,"","",2987TX,Ridderkerk
Spuistraat,613,"","",2987TX,Ridderkerk
Spuistraat,615,"","",2987TX,Ridderkerk
Spuistraat,617,"","",2987TX,Ridderkerk
Spuistraat,619,"","",2987TX,Ridderkerk
Spuistraat,621,"","",2987TX,Ridderkerk
Spuistraat,623,"","",2987TX,Ridderkerk
Spuistraat,625,"","",2987TX,Ridderkerk
Spuistraat,627,"","",2987TX,Ridderkerk
Spuistraat,629,"","",2987TX,Ridderkerk
Spuistraat,631,"","",2987TX,Ridderkerk
Spuistraat,633,"","",2987TX,Ridderkerk
Spuistraat,635,"","",2987TX,Ridderkerk
Benedenrijweg,463,"","",2987VA,Ridderkerk
Benedenrijweg,465,"","",2987VA,Ridderkerk
Benedenrijweg,495,"","",2987VA,Ridderkerk
Benedenrijweg,497,"","",2987VA,Ridderkerk
Benedenrijweg,499,"","",2987VA,Ridderkerk
Benedenrijweg,501,"","",2987VA,Ridderkerk
Benedenrijweg,503,"","",2987VA,Ridderkerk
Benedenrijweg,505,"","",2987VA,Ridderkerk
Benedenrijweg,507,"","",2987VA,Ridderkerk
Benedenrijweg,509,"","",2987VA,Ridderkerk
Benedenrijweg,511,"","",2987VA,Ridderkerk
Benedenrijweg,513,"","",2987VA,Ridderkerk
Benedenrijweg,515,"","",2987VA,Ridderkerk
Benedenrijweg,517,"","",2987VA,Ridderkerk
Benedenrijweg,519,"","",2987VA,Ridderkerk
Benedenrijweg,521,"","",2987VA,Ridderkerk
Benedenrijweg,523,"","",2987VA,Ridderkerk
Benedenrijweg,525,"","",2987VA,Ridderkerk
Benedenrijweg,527,"","",2987VA,Ridderkerk
Benedenrijweg,529,"","",2987VA,Ridderkerk
Benedenrijweg,531,"","",2987VA,Ridderkerk
Benedenrijweg,158,"","",2987VB,Ridderkerk
Benedenrijweg,158,A,"",2987VB,Ridderkerk
Benedenrijweg,160,"","",2987VB,Ridderkerk
Benedenrijweg,162,"","",2987VB,Ridderkerk
Benedenrijweg,164,"","",2987VB,Ridderkerk
Benedenrijweg,166,"","",2987VB,Ridderkerk
Benedenrijweg,180,"","",2987VB,Ridderkerk
Benedenrijweg,184,"","",2987VB,Ridderkerk
Benedenrijweg,186,"","",2987VB,Ridderkerk
Benedenrijweg,188,"","",2987VB,Ridderkerk
Benedenrijweg,190,"","",2987VB,Ridderkerk
Bolnesserkade,165,"","",2987VC,Ridderkerk
Bolnesserkade,165,A,"",2987VC,Ridderkerk
Bolnesserkade,165,B,"",2987VC,Ridderkerk
Bolnesserkade,171,"","",2987VC,Ridderkerk
Bolnesserkade,181,"","",2987VC,Ridderkerk
Boelewerf,1,A,"",2987VD,Ridderkerk
Boelewerf,1,B,"",2987VD,Ridderkerk
Boelewerf,1,C,"",2987VD,Ridderkerk
Boelewerf,1,C,"",2987VD,Ridderkerk
Boelewerf,1,D,"",2987VD,Ridderkerk
Boelewerf,1,E,"",2987VD,Ridderkerk
Boelewerf,1,F,"",2987VD,Ridderkerk
Boelewerf,1,G,"",2987VD,Ridderkerk
Boelewerf,1,H,"",2987VD,Ridderkerk
Boelewerf,1,I,"",2987VD,Ridderkerk
Boelewerf,1,J,"",2987VD,Ridderkerk
Boelewerf,1,K,"",2987VD,Ridderkerk
Boelewerf,1,L,"",2987VD,Ridderkerk
Boelewerf,1,M,"",2987VD,Ridderkerk
Boelewerf,1,N,"",2987VD,Ridderkerk
Boelewerf,10,"","",2987VD,Ridderkerk
Boelewerf,12,"","",2987VD,Ridderkerk
Boelewerf,14,"","",2987VD,Ridderkerk
Boelewerf,16,"","",2987VD,Ridderkerk
Boelewerf,18,"","",2987VD,Ridderkerk
Boelewerf,2,"","",2987VD,Ridderkerk
Boelewerf,2,A,"",2987VD,Ridderkerk
Boelewerf,20,"","",2987VD,Ridderkerk
Boelewerf,22,"","",2987VD,Ridderkerk
Boelewerf,24,"","",2987VD,Ridderkerk
Boelewerf,24,"","",2987VD,Ridderkerk
Boelewerf,25,"","",2987VD,Ridderkerk
Boelewerf,26,"","",2987VD,Ridderkerk
Boelewerf,26,"","",2987VD,Ridderkerk
Boelewerf,28,"","",2987VD,Ridderkerk
Boelewerf,3,"","",2987VD,Ridderkerk
Boelewerf,30,"","",2987VD,Ridderkerk
Boelewerf,32,"","",2987VD,Ridderkerk
Boelewerf,32,"","",2987VD,Ridderkerk
Boelewerf,34,"","",2987VD,Ridderkerk
Boelewerf,36,"","",2987VD,Ridderkerk
Boelewerf,38,"","",2987VD,Ridderkerk
Boelewerf,4,"","",2987VD,Ridderkerk
Boelewerf,40,"","",2987VD,Ridderkerk
Boelewerf,42,"","",2987VD,Ridderkerk
Boelewerf,6,"","",2987VD,Ridderkerk
Boelewerf,8,"","",2987VD,Ridderkerk
Boelewerf,3,"","",2987VE,Ridderkerk
Boelewerf,44,"","",2987VE,Ridderkerk
Boelewerf,46,"","",2987VE,Ridderkerk
Boelewerf,48,"","",2987VE,Ridderkerk
Boelewerf,50,"","",2987VE,Ridderkerk
Boelewerf,52,"","",2987VE,Ridderkerk
Boelewerf,54,"","",2987VE,Ridderkerk
Boelewerf,56,"","",2987VE,Ridderkerk
Boelewerf,58,"","",2987VE,Ridderkerk
Boelewerf,60,"","",2987VE,Ridderkerk
Boelewerf,62,"","",2987VE,Ridderkerk
Boelewerf,64,"","",2987VE,Ridderkerk
Boelewerf,66,"","",2987VE,Ridderkerk
Boelewerf,68,"","",2987VE,Ridderkerk
Boelewerf,70,"","",2987VE,Ridderkerk
Boelewerf,72,"","",2987VE,Ridderkerk
Boelewerf,74,"","",2987VE,Ridderkerk
Boelewerf,76,"","",2987VE,Ridderkerk
Boelewerf,78,"","",2987VE,Ridderkerk
Boelewerf,80,"","",2987VE,Ridderkerk
Dijkje,11,"","",2987VG,Ridderkerk
Dijkje,13,"","",2987VG,Ridderkerk
Dijkje,15,"","",2987VG,Ridderkerk
Dijkje,17,"","",2987VG,Ridderkerk
Dijkje,23,"","",2987VG,Ridderkerk
Dijkje,25,"","",2987VG,Ridderkerk
Dijkje,27,"","",2987VG,Ridderkerk
Dijkje,29,"","",2987VG,Ridderkerk
Dijkje,31,"","",2987VG,Ridderkerk
Dijkje,33,"","",2987VG,Ridderkerk
Dijkje,35,"","",2987VG,Ridderkerk
Dijkje,43,"","",2987VG,Ridderkerk
Dijkje,43,A,"",2987VG,Ridderkerk
Dijkje,45,"","",2987VH,Ridderkerk
Dijkje,47,"","",2987VH,Ridderkerk
Dijkje,49,"","",2987VH,Ridderkerk
Dijkje,51,"","",2987VH,Ridderkerk
Dijkje,53,"","",2987VH,Ridderkerk
Dijkje,55,"","",2987VH,Ridderkerk
Dijkje,57,"","",2987VH,Ridderkerk
Dijkje,59,"","",2987VH,Ridderkerk
Dijkje,61,"","",2987VH,Ridderkerk
Dijkje,63,"","",2987VH,Ridderkerk
Dijkje,65,"","",2987VH,Ridderkerk
Dijkje,67,"","",2987VH,Ridderkerk
Dijkje,69,"","",2987VH,Ridderkerk
Dijkje,71,"","",2987VH,Ridderkerk
Dijkje,73,"","",2987VH,Ridderkerk
Dijkje,75,"","",2987VH,Ridderkerk
Dijkje,77,"","",2987VH,Ridderkerk
Dijkje,77,A,"",2987VH,Ridderkerk
Dijkje,79,"","",2987VH,Ridderkerk
Dijkje,79,A,"",2987VH,Ridderkerk
Dijkje,81,"","",2987VH,Ridderkerk
Dijkje,83,"","",2987VH,Ridderkerk
Dijkje,85,"","",2987VH,Ridderkerk
Dijkje,101,"","",2987VJ,Ridderkerk
Dijkje,103,"","",2987VJ,Ridderkerk
Dijkje,105,"","",2987VJ,Ridderkerk
Dijkje,107,"","",2987VJ,Ridderkerk
Dijkje,109,"","",2987VJ,Ridderkerk
Dijkje,111,"","",2987VJ,Ridderkerk
Dijkje,113,"","",2987VJ,Ridderkerk
Dijkje,115,"","",2987VJ,Ridderkerk
Dijkje,117,"","",2987VJ,Ridderkerk
Dijkje,117,A,"",2987VJ,Ridderkerk
Dijkje,119,"","",2987VJ,Ridderkerk
Dijkje,121,"","",2987VJ,Ridderkerk
Dijkje,123,"","",2987VJ,Ridderkerk
Dijkje,125,"","",2987VJ,Ridderkerk
Dijkje,127,"","",2987VJ,Ridderkerk
Dijkje,87,"","",2987VJ,Ridderkerk
Dijkje,89,"","",2987VJ,Ridderkerk
Dijkje,91,"","",2987VJ,Ridderkerk
Dijkje,93,"","",2987VJ,Ridderkerk
Dijkje,95,"","",2987VJ,Ridderkerk
Dijkje,97,"","",2987VJ,Ridderkerk
Dijkje,99,"","",2987VJ,Ridderkerk
Dijkje,129,"","",2987VK,Ridderkerk
Dijkje,131,"","",2987VK,Ridderkerk
Dijkje,133,"","",2987VK,Ridderkerk
Dijkje,137,"","",2987VK,Ridderkerk
Dijkje,139,"","",2987VK,Ridderkerk
Dijkje,139,"","",2987VK,Ridderkerk
Dijkje,141,"","",2987VK,Ridderkerk
Dijkje,143,"","",2987VK,Ridderkerk
Dijkje,145,"","",2987VK,Ridderkerk
Dijkje,147,"","",2987VK,Ridderkerk
Dijkje,149,"","",2987VK,Ridderkerk
Dijkje,151,"","",2987VK,Ridderkerk
Dijkje,151,A,"",2987VK,Ridderkerk
Dijkje,153,"","",2987VK,Ridderkerk
Dijkje,155,"","",2987VK,Ridderkerk
Dijkje,157,"","",2987VK,Ridderkerk
Dijkje,159,"","",2987VK,Ridderkerk
Dijkje,161,"","",2987VK,Ridderkerk
Dijkje,163,"","",2987VK,Ridderkerk
Dijkje,163,A,"",2987VK,Ridderkerk
Dijkje,165,"","",2987VK,Ridderkerk
Parallelweg,10,"","",2987VL,Ridderkerk
Dijkpad,1,"","",2987VM,Ridderkerk
Kievitsweg,149,"","",2987VM,Ridderkerk
Kievitsweg,15,G,"",2987VM,Ridderkerk
Kievitsweg,151,"","",2987VM,Ridderkerk
Kievitsweg,151,A,"",2987VM,Ridderkerk
Kievitsweg,151,B,"",2987VM,Ridderkerk
Kievitsweg,151,C,"",2987VM,Ridderkerk
Kievitsweg,151,D,"",2987VM,Ridderkerk
Kievitsweg,151,E,"",2987VM,Ridderkerk
Kievitsweg,151,F,"",2987VM,Ridderkerk
Kievitsweg,151,G,"",2987VM,Ridderkerk
Kievitsweg,151,H,"",2987VM,Ridderkerk
Kievitsweg,151,J,"",2987VM,Ridderkerk
Kievitsweg,151,K,"",2987VM,Ridderkerk
Kievitsweg,151,L,"",2987VM,Ridderkerk
Kievitsweg,151,M,"",2987VM,Ridderkerk
Kievitsweg,151,N,"",2987VM,Ridderkerk
Kievitsweg,151,P,"",2987VM,Ridderkerk
Kievitsweg,151,R,"",2987VM,Ridderkerk
Kievitsweg,153,"","",2987VM,Ridderkerk
Kievitsweg,153,A,"",2987VM,Ridderkerk
Kievitsweg,155,"","",2987VM,Ridderkerk
Kievitsweg,128,"","",2987VN,Ridderkerk
Kievitsweg,130,"","",2987VN,Ridderkerk
Kievitsweg,134,"","",2987VN,Ridderkerk
Kievitsweg,134,A,"",2987VN,Ridderkerk
Kievitsweg,134,B,"",2987VN,Ridderkerk
Kievitsweg,134,C,"",2987VN,Ridderkerk
Kievitsweg,134,D,"",2987VN,Ridderkerk
Kievitsweg,134,E,"",2987VN,Ridderkerk
Kievitsweg,134,F,"",2987VN,Ridderkerk
Kievitsweg,134,G,"",2987VN,Ridderkerk
Kievitsweg,134,H,"",2987VN,Ridderkerk
Kievitsweg,134,J,"",2987VN,Ridderkerk
Kievitsweg,134,K,"",2987VN,Ridderkerk
Kievitsweg,134,L,"",2987VN,Ridderkerk
Kievitsweg,134,M,"",2987VN,Ridderkerk
Kievitsweg,134,N,"",2987VN,Ridderkerk
Kievitsweg,134,P,"",2987VN,Ridderkerk
Kievitsweg,134,R,"",2987VN,Ridderkerk
Kievitsweg,134,S,"",2987VN,Ridderkerk
Kievitsweg,134,T,"",2987VN,Ridderkerk
Kievitsweg,134,U,"",2987VN,Ridderkerk
Kievitsweg,134,V,"",2987VN,Ridderkerk
Kievitsweg,134,W,"",2987VN,Ridderkerk
Laantje,2,"","",2987VR,Ridderkerk
Laantje,8,"","",2987VR,Ridderkerk
Reggestraat,1,"","",2987VT,Ridderkerk
Reggestraat,10,"","",2987VT,Ridderkerk
Reggestraat,11,"","",2987VT,Ridderkerk
Reggestraat,12,"","",2987VT,Ridderkerk
Reggestraat,13,"","",2987VT,Ridderkerk
Reggestraat,14,"","",2987VT,Ridderkerk
Reggestraat,15,"","",2987VT,Ridderkerk
Reggestraat,16,"","",2987VT,Ridderkerk
Reggestraat,17,"","",2987VT,Ridderkerk
Reggestraat,17,"","",2987VT,Ridderkerk
Reggestraat,17,"","",2987VT,Ridderkerk
Reggestraat,18,"","",2987VT,Ridderkerk
Reggestraat,18,"","",2987VT,Ridderkerk
Reggestraat,18,"","",2987VT,Ridderkerk
Reggestraat,19,"","",2987VT,Ridderkerk
Reggestraat,2,"","",2987VT,Ridderkerk
Reggestraat,20,"","",2987VT,Ridderkerk
Reggestraat,21,"","",2987VT,Ridderkerk
Reggestraat,22,"","",2987VT,Ridderkerk
Reggestraat,23,"","",2987VT,Ridderkerk
Reggestraat,24,"","",2987VT,Ridderkerk
Reggestraat,25,"","",2987VT,Ridderkerk
Reggestraat,26,"","",2987VT,Ridderkerk
Reggestraat,27,"","",2987VT,Ridderkerk
Reggestraat,28,"","",2987VT,Ridderkerk
Reggestraat,29,"","",2987VT,Ridderkerk
Reggestraat,3,"","",2987VT,Ridderkerk
Reggestraat,30,"","",2987VT,Ridderkerk
Reggestraat,31,"","",2987VT,Ridderkerk
Reggestraat,32,"","",2987VT,Ridderkerk
Reggestraat,33,"","",2987VT,Ridderkerk
Reggestraat,34,"","",2987VT,Ridderkerk
Reggestraat,35,"","",2987VT,Ridderkerk
Reggestraat,36,"","",2987VT,Ridderkerk
Reggestraat,37,"","",2987VT,Ridderkerk
Reggestraat,38,"","",2987VT,Ridderkerk
Reggestraat,39,"","",2987VT,Ridderkerk
Reggestraat,4,"","",2987VT,Ridderkerk
Reggestraat,5,"","",2987VT,Ridderkerk
Reggestraat,6,"","",2987VT,Ridderkerk
Reggestraat,7,"","",2987VT,Ridderkerk
Reggestraat,8,"","",2987VT,Ridderkerk
Reggestraat,9,"","",2987VT,Ridderkerk
Reggestraat,40,"","",2987VV,Ridderkerk
Reggestraat,41,"","",2987VV,Ridderkerk
Reggestraat,42,"","",2987VV,Ridderkerk
Reggestraat,43,"","",2987VV,Ridderkerk
Reggestraat,44,"","",2987VV,Ridderkerk
Reggestraat,45,"","",2987VV,Ridderkerk
Reggestraat,46,"","",2987VV,Ridderkerk
Reggestraat,47,"","",2987VV,Ridderkerk
Reggestraat,48,"","",2987VV,Ridderkerk
Reggestraat,49,"","",2987VV,Ridderkerk
Reggestraat,50,"","",2987VV,Ridderkerk
Reggestraat,51,"","",2987VV,Ridderkerk
Reggestraat,52,"","",2987VV,Ridderkerk
Reggestraat,53,"","",2987VV,Ridderkerk
Reggestraat,54,"","",2987VV,Ridderkerk
Reggestraat,55,"","",2987VV,Ridderkerk
Reggestraat,56,"","",2987VV,Ridderkerk
Reggestraat,57,"","",2987VV,Ridderkerk
Reggestraat,58,"","",2987VV,Ridderkerk
Reggestraat,59,"","",2987VV,Ridderkerk
Reggestraat,60,"","",2987VV,Ridderkerk
Reggestraat,61,"","",2987VV,Ridderkerk
Reggestraat,62,"","",2987VV,Ridderkerk
Reggestraat,63,"","",2987VV,Ridderkerk
Reggestraat,64,"","",2987VV,Ridderkerk
Reggestraat,65,"","",2987VV,Ridderkerk
Reggestraat,66,"","",2987VV,Ridderkerk
Reggestraat,67,"","",2987VV,Ridderkerk
Reggestraat,68,"","",2987VV,Ridderkerk
Reggestraat,69,"","",2987VV,Ridderkerk
Reggestraat,70,"","",2987VV,Ridderkerk
Reggestraat,71,"","",2987VV,Ridderkerk
Reggestraat,72,"","",2987VV,Ridderkerk
Reggestraat,73,"","",2987VV,Ridderkerk
Reggestraat,74,"","",2987VV,Ridderkerk
Reggestraat,75,"","",2987VV,Ridderkerk
Reggestraat,76,"","",2987VV,Ridderkerk
Reggestraat,77,"","",2987VV,Ridderkerk
Reggestraat,78,"","",2987VV,Ridderkerk
Reggestraat,100,"","",2987VW,Ridderkerk
Reggestraat,101,"","",2987VW,Ridderkerk
Reggestraat,102,"","",2987VW,Ridderkerk
Reggestraat,103,"","",2987VW,Ridderkerk
Reggestraat,104,"","",2987VW,Ridderkerk
Reggestraat,105,"","",2987VW,Ridderkerk
Reggestraat,106,"","",2987VW,Ridderkerk
Reggestraat,107,"","",2987VW,Ridderkerk
Reggestraat,108,"","",2987VW,Ridderkerk
Reggestraat,109,"","",2987VW,Ridderkerk
Reggestraat,110,"","",2987VW,Ridderkerk
Reggestraat,111,"","",2987VW,Ridderkerk
Reggestraat,112,"","",2987VW,Ridderkerk
Reggestraat,113,"","",2987VW,Ridderkerk
Reggestraat,114,"","",2987VW,Ridderkerk
Reggestraat,114,"","",2987VW,Ridderkerk
Reggestraat,114,"","",2987VW,Ridderkerk
Reggestraat,115,"","",2987VW,Ridderkerk
Reggestraat,115,"","",2987VW,Ridderkerk
Reggestraat,115,"","",2987VW,Ridderkerk
Reggestraat,116,"","",2987VW,Ridderkerk
Reggestraat,117,"","",2987VW,Ridderkerk
Reggestraat,118,"","",2987VW,Ridderkerk
Reggestraat,119,"","",2987VW,Ridderkerk
Reggestraat,120,"","",2987VW,Ridderkerk
Reggestraat,121,"","",2987VW,Ridderkerk
Reggestraat,122,"","",2987VW,Ridderkerk
Reggestraat,123,"","",2987VW,Ridderkerk
Reggestraat,124,"","",2987VW,Ridderkerk
Reggestraat,125,"","",2987VW,Ridderkerk
Reggestraat,126,"","",2987VW,Ridderkerk
Reggestraat,127,"","",2987VW,Ridderkerk
Reggestraat,79,"","",2987VW,Ridderkerk
Reggestraat,80,"","",2987VW,Ridderkerk
Reggestraat,81,"","",2987VW,Ridderkerk
Reggestraat,82,"","",2987VW,Ridderkerk
Reggestraat,83,"","",2987VW,Ridderkerk
Reggestraat,84,"","",2987VW,Ridderkerk
Reggestraat,85,"","",2987VW,Ridderkerk
Reggestraat,86,"","",2987VW,Ridderkerk
Reggestraat,87,"","",2987VW,Ridderkerk
Reggestraat,88,"","",2987VW,Ridderkerk
Reggestraat,89,"","",2987VW,Ridderkerk
Reggestraat,90,"","",2987VW,Ridderkerk
Reggestraat,91,"","",2987VW,Ridderkerk
Reggestraat,92,"","",2987VW,Ridderkerk
Reggestraat,93,"","",2987VW,Ridderkerk
Reggestraat,94,"","",2987VW,Ridderkerk
Reggestraat,95,"","",2987VW,Ridderkerk
Reggestraat,96,"","",2987VW,Ridderkerk
Reggestraat,97,"","",2987VW,Ridderkerk
Reggestraat,98,"","",2987VW,Ridderkerk
Reggestraat,99,"","",2987VW,Ridderkerk
Ringdijk,496,A,"",2987VZ,Ridderkerk
Ringdijk,496,B,"",2987VZ,Ridderkerk
Ringdijk,496,C,"",2987VZ,Ridderkerk
Ringdijk,496,D,"",2987VZ,Ridderkerk
Ringdijk,496,E,"",2987VZ,Ridderkerk
Ringdijk,496,F,"",2987VZ,Ridderkerk
Ringdijk,496,G,"",2987VZ,Ridderkerk
Ringdijk,496,H,"",2987VZ,Ridderkerk
Ringdijk,496,J,"",2987VZ,Ridderkerk
Ringdijk,498,A,"",2987VZ,Ridderkerk
Ringdijk,498,B,"",2987VZ,Ridderkerk
Ringdijk,498,C,"",2987VZ,Ridderkerk
Ringdijk,498,D,"",2987VZ,Ridderkerk
Ringdijk,498,E,"",2987VZ,Ridderkerk
Ringdijk,498,F,"",2987VZ,Ridderkerk
Ringdijk,498,G,"",2987VZ,Ridderkerk
Ringdijk,498,H,"",2987VZ,Ridderkerk
Ringdijk,498,J,"",2987VZ,Ridderkerk
Ringdijk,498,K,"",2987VZ,Ridderkerk
Ringdijk,498,L,"",2987VZ,Ridderkerk
Ringdijk,500,A,"",2987VZ,Ridderkerk
Ringdijk,500,A,"",2987VZ,Ridderkerk
Ringdijk,500,B,"",2987VZ,Ridderkerk
Ringdijk,500,B,"",2987VZ,Ridderkerk
Ringdijk,500,C,"",2987VZ,Ridderkerk
Ringdijk,500,C,"",2987VZ,Ridderkerk
Ringdijk,500,D,"",2987VZ,Ridderkerk
Ringdijk,500,D,"",2987VZ,Ridderkerk
Ringdijk,500,E,"",2987VZ,Ridderkerk
Ringdijk,500,E,"",2987VZ,Ridderkerk
Ringdijk,500,F,"",2987VZ,Ridderkerk
Ringdijk,500,F,"",2987VZ,Ridderkerk
Ringdijk,500,G,"",2987VZ,Ridderkerk
Ringdijk,500,G,"",2987VZ,Ridderkerk
Ringdijk,500,H,"",2987VZ,Ridderkerk
Ringdijk,500,H,"",2987VZ,Ridderkerk
Ringdijk,500,J,"",2987VZ,Ridderkerk
Ringdijk,500,J,"",2987VZ,Ridderkerk
Ringdijk,500,K,"",2987VZ,Ridderkerk
Ringdijk,500,K,"",2987VZ,Ridderkerk
Ringdijk,500,L,"",2987VZ,Ridderkerk
Ringdijk,500,M,"",2987VZ,Ridderkerk
Ringdijk,500,M,"",2987VZ,Ridderkerk
Ringdijk,500,N,"",2987VZ,Ridderkerk
Ringdijk,500,P,"",2987VZ,Ridderkerk
Ringdijk,502,"","",2987VZ,Ridderkerk
Ringdijk,504,"","",2987VZ,Ridderkerk
Ringdijk,506,"","",2987VZ,Ridderkerk
Ringdijk,506,A,"",2987VZ,Ridderkerk
Ringdijk,506,B,"",2987VZ,Ridderkerk
Ringdijk,508,"","",2987VZ,Ridderkerk
Ringdijk,508,A,"",2987VZ,Ridderkerk
Ringdijk,508,B,"",2987VZ,Ridderkerk
Ringdijk,510,"","",2987VZ,Ridderkerk
Ringdijk,510,A,"",2987VZ,Ridderkerk
Ringdijk,510,B,"",2987VZ,Ridderkerk
Ringdijk,510,C,"",2987VZ,Ridderkerk
Ringdijk,512,"","",2987VZ,Ridderkerk
Ringdijk,512,A,"",2987VZ,Ridderkerk
Ringdijk,512,B,"",2987VZ,Ridderkerk
Ringdijk,512,C,"",2987VZ,Ridderkerk
Ringdijk,514,"","",2987VZ,Ridderkerk
Ringdijk,514,A,"",2987VZ,Ridderkerk
Ringdijk,514,B,"",2987VZ,Ridderkerk
Ringdijk,516,"","",2987VZ,Ridderkerk
Ringdijk,516,A,"",2987VZ,Ridderkerk
Ringdijk,516,B,"",2987VZ,Ridderkerk
Ringdijk,518,"","",2987VZ,Ridderkerk
Ringdijk,518,A,"",2987VZ,Ridderkerk
Ringdijk,518,B,"",2987VZ,Ridderkerk
Ringdijk,520,A,"",2987VZ,Ridderkerk
Ringdijk,520,B,"",2987VZ,Ridderkerk
Ringdijk,522,"","",2987VZ,Ridderkerk
Ringdijk,522,A,"",2987VZ,Ridderkerk
Ringdijk,522,B,"",2987VZ,Ridderkerk
Ringdijk,524,"","",2987VZ,Ridderkerk
Ringdijk,524,A,"",2987VZ,Ridderkerk
Ringdijk,524,B,"",2987VZ,Ridderkerk
Ringdijk,526,"","",2987VZ,Ridderkerk
Ringdijk,526,A,"",2987VZ,Ridderkerk
Ringdijk,526,B,"",2987VZ,Ridderkerk
Ringdijk,528,"","",2987VZ,Ridderkerk
Ringdijk,530,"","",2987VZ,Ridderkerk
Ringdijk,530,B,"",2987VZ,Ridderkerk
Ringdijk,532,"","",2987VZ,Ridderkerk
Ringdijk,534,"","",2987VZ,Ridderkerk
Ringdijk,536,"","",2987VZ,Ridderkerk
Ringdijk,538,"","",2987VZ,Ridderkerk
Ringdijk,540,"","",2987VZ,Ridderkerk
Ringdijk,542,"","",2987VZ,Ridderkerk
Ringdijk,544,"","",2987VZ,Ridderkerk
Ringdijk,546,"","",2987VZ,Ridderkerk
Ringdijk,548,"","",2987VZ,Ridderkerk
Ringdijk,550,"","",2987VZ,Ridderkerk
Ringdijk,552,"","",2987VZ,Ridderkerk
Ringdijk,554,"","",2987VZ,Ridderkerk
Ringdijk,556,"","",2987VZ,Ridderkerk
Ringdijk,558,"","",2987VZ,Ridderkerk
Ringdijk,560,"","",2987VZ,Ridderkerk
Ringdijk,562,"","",2987VZ,Ridderkerk
Ringdijk,564,"","",2987VZ,Ridderkerk
Ringdijk,566,"","",2987VZ,Ridderkerk
Ringdijk,568,"","",2987VZ,Ridderkerk
Ringdijk,570,"","",2987VZ,Ridderkerk
Ringdijk,572,"","",2987VZ,Ridderkerk
Ringdijk,574,"","",2987VZ,Ridderkerk
Ringdijk,576,"","",2987VZ,Ridderkerk
Ringdijk,578,"","",2987VZ,Ridderkerk
Ringdijk,580,"","",2987VZ,Ridderkerk
Ringdijk,582,"","",2987VZ,Ridderkerk
Ringdijk,584,"","",2987VZ,Ridderkerk
Ringdijk,586,"","",2987VZ,Ridderkerk
Ringdijk,588,"","",2987VZ,Ridderkerk
Ringdijk,590,"","",2987VZ,Ridderkerk
Ringdijk,592,"","",2987VZ,Ridderkerk
Ringdijk,594,"","",2987VZ,Ridderkerk
Ringdijk,596,"","",2987VZ,Ridderkerk
Ringdijk,598,"","",2987VZ,Ridderkerk
Ringdijk,600,"","",2987VZ,Ridderkerk
Ringdijk,602,"","",2987VZ,Ridderkerk
Ringdijk,604,"","",2987VZ,Ridderkerk
Ringdijk,606,"","",2987VZ,Ridderkerk
Ringdijk,608,"","",2987VZ,Ridderkerk
Ringdijk,610,"","",2987VZ,Ridderkerk
Ringdijk,612,"","",2987VZ,Ridderkerk
Ringdijk,614,"","",2987VZ,Ridderkerk
Ringdijk,616,"","",2987VZ,Ridderkerk
Ringdijk,618,"","",2987VZ,Ridderkerk
Ringdijk,620,"","",2987VZ,Ridderkerk
Ringdijk,622,"","",2987VZ,Ridderkerk
Ringdijk,624,"","",2987VZ,Ridderkerk
Ringdijk,626,"","",2987VZ,Ridderkerk
Ringdijk,628,"","",2987VZ,Ridderkerk
Ringdijk,630,"","",2987VZ,Ridderkerk
Ringdijk,632,"","",2987VZ,Ridderkerk
Ringdijk,634,"","",2987VZ,Ridderkerk
Ringdijk,636,"","",2987VZ,Ridderkerk
Kraanbaan,1,"","",2987WB,Ridderkerk
Kraanbaan,10,"","",2987WB,Ridderkerk
Kraanbaan,11,"","",2987WB,Ridderkerk
Kraanbaan,12,"","",2987WB,Ridderkerk
Kraanbaan,13,"","",2987WB,Ridderkerk
Kraanbaan,14,"","",2987WB,Ridderkerk
Kraanbaan,15,"","",2987WB,Ridderkerk
Kraanbaan,16,"","",2987WB,Ridderkerk
Kraanbaan,17,"","",2987WB,Ridderkerk
Kraanbaan,18,"","",2987WB,Ridderkerk
Kraanbaan,19,"","",2987WB,Ridderkerk
Kraanbaan,2,"","",2987WB,Ridderkerk
Kraanbaan,20,"","",2987WB,Ridderkerk
Kraanbaan,21,"","",2987WB,Ridderkerk
Kraanbaan,22,"","",2987WB,Ridderkerk
Kraanbaan,23,"","",2987WB,Ridderkerk
Kraanbaan,24,"","",2987WB,Ridderkerk
Kraanbaan,25,"","",2987WB,Ridderkerk
Kraanbaan,26,"","",2987WB,Ridderkerk
Kraanbaan,27,"","",2987WB,Ridderkerk
Kraanbaan,28,"","",2987WB,Ridderkerk
Kraanbaan,29,"","",2987WB,Ridderkerk
Kraanbaan,3,"","",2987WB,Ridderkerk
Kraanbaan,30,"","",2987WB,Ridderkerk
Kraanbaan,31,"","",2987WB,Ridderkerk
Kraanbaan,32,"","",2987WB,Ridderkerk
Kraanbaan,33,"","",2987WB,Ridderkerk
Kraanbaan,35,"","",2987WB,Ridderkerk
Kraanbaan,35,"","",2987WB,Ridderkerk
Kraanbaan,37,"","",2987WB,Ridderkerk
Kraanbaan,37,"","",2987WB,Ridderkerk
Kraanbaan,39,"","",2987WB,Ridderkerk
Kraanbaan,39,"","",2987WB,Ridderkerk
Kraanbaan,4,"","",2987WB,Ridderkerk
Kraanbaan,41,"","",2987WB,Ridderkerk
Kraanbaan,41,"","",2987WB,Ridderkerk
Kraanbaan,43,"","",2987WB,Ridderkerk
Kraanbaan,43,"","",2987WB,Ridderkerk
Kraanbaan,45,"","",2987WB,Ridderkerk
Kraanbaan,45,"","",2987WB,Ridderkerk
Kraanbaan,47,"","",2987WB,Ridderkerk
Kraanbaan,47,"","",2987WB,Ridderkerk
Kraanbaan,49,"","",2987WB,Ridderkerk
Kraanbaan,49,"","",2987WB,Ridderkerk
Kraanbaan,5,"","",2987WB,Ridderkerk
Kraanbaan,51,"","",2987WB,Ridderkerk
Kraanbaan,51,"","",2987WB,Ridderkerk
Kraanbaan,53,"","",2987WB,Ridderkerk
Kraanbaan,53,"","",2987WB,Ridderkerk
Kraanbaan,55,"","",2987WB,Ridderkerk
Kraanbaan,55,"","",2987WB,Ridderkerk
Kraanbaan,6,"","",2987WB,Ridderkerk
Kraanbaan,7,"","",2987WB,Ridderkerk
Kraanbaan,8,"","",2987WB,Ridderkerk
Kraanbaan,9,"","",2987WB,Ridderkerk
Droogdok,1,"","",2987WC,Ridderkerk
Droogdok,10,"","",2987WC,Ridderkerk
Droogdok,11,"","",2987WC,Ridderkerk
Droogdok,12,"","",2987WC,Ridderkerk
Droogdok,13,"","",2987WC,Ridderkerk
Droogdok,14,"","",2987WC,Ridderkerk
Droogdok,15,"","",2987WC,Ridderkerk
Droogdok,16,"","",2987WC,Ridderkerk
Droogdok,17,"","",2987WC,Ridderkerk
Droogdok,18,"","",2987WC,Ridderkerk
Droogdok,18,"","",2987WC,Ridderkerk
Droogdok,19,"","",2987WC,Ridderkerk
Droogdok,2,"","",2987WC,Ridderkerk
Droogdok,20,"","",2987WC,Ridderkerk
Droogdok,20,"","",2987WC,Ridderkerk
Droogdok,21,"","",2987WC,Ridderkerk
Droogdok,22,"","",2987WC,Ridderkerk
Droogdok,22,"","",2987WC,Ridderkerk
Droogdok,23,"","",2987WC,Ridderkerk
Droogdok,24,"","",2987WC,Ridderkerk
Droogdok,24,"","",2987WC,Ridderkerk
Droogdok,25,"","",2987WC,Ridderkerk
Droogdok,26,"","",2987WC,Ridderkerk
Droogdok,26,"","",2987WC,Ridderkerk
Droogdok,27,"","",2987WC,Ridderkerk
Droogdok,28,"","",2987WC,Ridderkerk
Droogdok,28,"","",2987WC,Ridderkerk
Droogdok,3,"","",2987WC,Ridderkerk
Droogdok,30,"","",2987WC,Ridderkerk
Droogdok,30,"","",2987WC,Ridderkerk
Droogdok,32,"","",2987WC,Ridderkerk
Droogdok,32,"","",2987WC,Ridderkerk
Droogdok,34,"","",2987WC,Ridderkerk
Droogdok,34,"","",2987WC,Ridderkerk
Droogdok,36,"","",2987WC,Ridderkerk
Droogdok,36,"","",2987WC,Ridderkerk
Droogdok,38,"","",2987WC,Ridderkerk
Droogdok,38,"","",2987WC,Ridderkerk
Droogdok,4,"","",2987WC,Ridderkerk
Droogdok,40,"","",2987WC,Ridderkerk
Droogdok,40,"","",2987WC,Ridderkerk
Droogdok,42,"","",2987WC,Ridderkerk
Droogdok,42,"","",2987WC,Ridderkerk
Droogdok,44,"","",2987WC,Ridderkerk
Droogdok,44,"","",2987WC,Ridderkerk
Droogdok,46,"","",2987WC,Ridderkerk
Droogdok,46,"","",2987WC,Ridderkerk
Droogdok,48,"","",2987WC,Ridderkerk
Droogdok,48,"","",2987WC,Ridderkerk
Droogdok,5,"","",2987WC,Ridderkerk
Droogdok,50,"","",2987WC,Ridderkerk
Droogdok,50,"","",2987WC,Ridderkerk
Droogdok,52,"","",2987WC,Ridderkerk
Droogdok,52,"","",2987WC,Ridderkerk
Droogdok,54,"","",2987WC,Ridderkerk
Droogdok,54,"","",2987WC,Ridderkerk
Droogdok,56,"","",2987WC,Ridderkerk
Droogdok,56,"","",2987WC,Ridderkerk
Droogdok,58,"","",2987WC,Ridderkerk
Droogdok,58,"","",2987WC,Ridderkerk
Droogdok,6,"","",2987WC,Ridderkerk
Droogdok,60,"","",2987WC,Ridderkerk
Droogdok,7,"","",2987WC,Ridderkerk
Droogdok,8,"","",2987WC,Ridderkerk
Droogdok,9,"","",2987WC,Ridderkerk
de la Reijstraat,1,"","",2987XA,Ridderkerk
de la Reijstraat,13,"","",2987XA,Ridderkerk
de la Reijstraat,15,"","",2987XA,Ridderkerk
de la Reijstraat,17,"","",2987XA,Ridderkerk
de la Reijstraat,19,"","",2987XA,Ridderkerk
de la Reijstraat,21,"","",2987XA,Ridderkerk
de la Reijstraat,23,"","",2987XA,Ridderkerk
de la Reijstraat,25,"","",2987XA,Ridderkerk
de la Reijstraat,27,"","",2987XA,Ridderkerk
de la Reijstraat,29,"","",2987XA,Ridderkerk
de la Reijstraat,3,"","",2987XA,Ridderkerk
de la Reijstraat,31,"","",2987XA,Ridderkerk
de la Reijstraat,33,"","",2987XA,Ridderkerk
de la Reijstraat,35,"","",2987XA,Ridderkerk
de la Reijstraat,37,"","",2987XA,Ridderkerk
de la Reijstraat,39,"","",2987XA,Ridderkerk
de la Reijstraat,41,"","",2987XA,Ridderkerk
de la Reijstraat,43,"","",2987XA,Ridderkerk
de la Reijstraat,45,"","",2987XA,Ridderkerk
de la Reijstraat,47,"","",2987XA,Ridderkerk
de la Reijstraat,49,"","",2987XA,Ridderkerk
de la Reijstraat,51,"","",2987XA,Ridderkerk
de la Reijstraat,53,"","",2987XA,Ridderkerk
de la Reijstraat,55,"","",2987XA,Ridderkerk
de la Reijstraat,57,"","",2987XA,Ridderkerk
de la Reijstraat,59,"","",2987XA,Ridderkerk
de la Reijstraat,37,"","",2987XB,Ridderkerk
de la Reijstraat,39,"","",2987XB,Ridderkerk
de la Reijstraat,41,"","",2987XB,Ridderkerk
de la Reijstraat,43,"","",2987XB,Ridderkerk
de la Reijstraat,45,"","",2987XB,Ridderkerk
de la Reijstraat,47,"","",2987XB,Ridderkerk
de la Reijstraat,49,"","",2987XB,Ridderkerk
de la Reijstraat,51,"","",2987XB,Ridderkerk
de la Reijstraat,53,"","",2987XB,Ridderkerk
de la Reijstraat,55,"","",2987XB,Ridderkerk
de la Reijstraat,57,"","",2987XB,Ridderkerk
de la Reijstraat,59,"","",2987XB,Ridderkerk
de la Reijstraat,69,"","",2987XB,Ridderkerk
de la Reijstraat,71,"","",2987XB,Ridderkerk
de la Reijstraat,73,"","",2987XB,Ridderkerk
de la Reijstraat,75,"","",2987XB,Ridderkerk
de la Reijstraat,77,"","",2987XB,Ridderkerk
de la Reijstraat,79,"","",2987XB,Ridderkerk
de la Reijstraat,81,"","",2987XB,Ridderkerk
de la Reijstraat,83,"","",2987XB,Ridderkerk
de la Reijstraat,85,"","",2987XB,Ridderkerk
de la Reijstraat,87,"","",2987XB,Ridderkerk
de la Reijstraat,89,"","",2987XB,Ridderkerk
de la Reijstraat,91,"","",2987XB,Ridderkerk
de la Reijstraat,101,"","",2987XC,Ridderkerk
de la Reijstraat,103,"","",2987XC,Ridderkerk
de la Reijstraat,105,"","",2987XC,Ridderkerk
de la Reijstraat,107,"","",2987XC,Ridderkerk
de la Reijstraat,109,"","",2987XC,Ridderkerk
de la Reijstraat,111,"","",2987XC,Ridderkerk
de la Reijstraat,113,"","",2987XC,Ridderkerk
de la Reijstraat,115,"","",2987XC,Ridderkerk
de la Reijstraat,117,"","",2987XC,Ridderkerk
de la Reijstraat,119,"","",2987XC,Ridderkerk
de la Reijstraat,121,"","",2987XC,Ridderkerk
de la Reijstraat,123,"","",2987XC,Ridderkerk
de la Reijstraat,125,"","",2987XC,Ridderkerk
de la Reijstraat,127,"","",2987XC,Ridderkerk
de la Reijstraat,93,"","",2987XC,Ridderkerk
de la Reijstraat,95,"","",2987XC,Ridderkerk
de la Reijstraat,97,"","",2987XC,Ridderkerk
de la Reijstraat,99,"","",2987XC,Ridderkerk
de la Reijstraat,10,"","",2987XD,Ridderkerk
de la Reijstraat,12,"","",2987XD,Ridderkerk
de la Reijstraat,14,"","",2987XD,Ridderkerk
de la Reijstraat,16,"","",2987XD,Ridderkerk
de la Reijstraat,18,"","",2987XD,Ridderkerk
de la Reijstraat,2,"","",2987XD,Ridderkerk
de la Reijstraat,2,A,"",2987XD,Ridderkerk
de la Reijstraat,2,B,"",2987XD,Ridderkerk
de la Reijstraat,20,"","",2987XD,Ridderkerk
de la Reijstraat,22,"","",2987XD,Ridderkerk
de la Reijstraat,24,"","",2987XD,Ridderkerk
de la Reijstraat,4,"","",2987XD,Ridderkerk
de la Reijstraat,6,"","",2987XD,Ridderkerk
de la Reijstraat,8,"","",2987XD,Ridderkerk
de la Reijstraat,32,"","",2987XE,Ridderkerk
de la Reijstraat,34,"","",2987XE,Ridderkerk
de la Reijstraat,36,"","",2987XE,Ridderkerk
de la Reijstraat,38,"","",2987XE,Ridderkerk
de la Reijstraat,40,"","",2987XE,Ridderkerk
de la Reijstraat,42,"","",2987XE,Ridderkerk
de la Reijstraat,44,"","",2987XE,Ridderkerk
de la Reijstraat,46,"","",2987XE,Ridderkerk
de la Reijstraat,48,"","",2987XE,Ridderkerk
de la Reijstraat,50,"","",2987XE,Ridderkerk
de la Reijstraat,52,"","",2987XE,Ridderkerk
de la Reijstraat,54,"","",2987XE,Ridderkerk
de la Reijstraat,56,"","",2987XE,Ridderkerk
de la Reijstraat,58,"","",2987XE,Ridderkerk
de la Reijstraat,60,"","",2987XE,Ridderkerk
de la Reijstraat,62,"","",2987XE,Ridderkerk
de la Reijstraat,64,"","",2987XE,Ridderkerk
de la Reijstraat,66,"","",2987XE,Ridderkerk
de la Reijstraat,68,"","",2987XE,Ridderkerk
de la Reijstraat,70,"","",2987XE,Ridderkerk
de la Reijstraat,72,"","",2987XE,Ridderkerk
de la Reijstraat,74,"","",2987XE,Ridderkerk
de la Reijstraat,76,"","",2987XE,Ridderkerk
de la Reijstraat,78,"","",2987XE,Ridderkerk
de la Reijstraat,80,"","",2987XE,Ridderkerk
de la Reijstraat,82,"","",2987XE,Ridderkerk
de la Reijstraat,100,"","",2987XG,Ridderkerk
de la Reijstraat,102,"","",2987XG,Ridderkerk
de la Reijstraat,104,"","",2987XG,Ridderkerk
de la Reijstraat,106,"","",2987XG,Ridderkerk
de la Reijstraat,108,"","",2987XG,Ridderkerk
de la Reijstraat,110,"","",2987XG,Ridderkerk
de la Reijstraat,112,"","",2987XG,Ridderkerk
de la Reijstraat,114,"","",2987XG,Ridderkerk
de la Reijstraat,116,"","",2987XG,Ridderkerk
de la Reijstraat,118,"","",2987XG,Ridderkerk
de la Reijstraat,120,"","",2987XG,Ridderkerk
de la Reijstraat,122,"","",2987XG,Ridderkerk
de la Reijstraat,124,"","",2987XG,Ridderkerk
de la Reijstraat,126,"","",2987XG,Ridderkerk
de la Reijstraat,128,"","",2987XG,Ridderkerk
de la Reijstraat,130,"","",2987XG,Ridderkerk
de la Reijstraat,132,"","",2987XG,Ridderkerk
de la Reijstraat,134,"","",2987XG,Ridderkerk
de la Reijstraat,136,"","",2987XG,Ridderkerk
de la Reijstraat,138,"","",2987XG,Ridderkerk
de la Reijstraat,140,"","",2987XG,Ridderkerk
de la Reijstraat,142,"","",2987XG,Ridderkerk
de la Reijstraat,144,"","",2987XG,Ridderkerk
de la Reijstraat,146,"","",2987XG,Ridderkerk
de la Reijstraat,148,"","",2987XG,Ridderkerk
de la Reijstraat,150,"","",2987XG,Ridderkerk
de la Reijstraat,84,"","",2987XG,Ridderkerk
de la Reijstraat,86,"","",2987XG,Ridderkerk
de la Reijstraat,88,"","",2987XG,Ridderkerk
de la Reijstraat,90,"","",2987XG,Ridderkerk
de la Reijstraat,92,"","",2987XG,Ridderkerk
de la Reijstraat,94,"","",2987XG,Ridderkerk
de la Reijstraat,96,"","",2987XG,Ridderkerk
de la Reijstraat,98,"","",2987XG,Ridderkerk
de la Reijstraat,152,"","",2987XH,Ridderkerk
de la Reijstraat,154,"","",2987XH,Ridderkerk
de la Reijstraat,156,"","",2987XH,Ridderkerk
de la Reijstraat,158,"","",2987XH,Ridderkerk
de la Reijstraat,160,"","",2987XH,Ridderkerk
de la Reijstraat,162,"","",2987XH,Ridderkerk
de la Reijstraat,164,"","",2987XH,Ridderkerk
de la Reijstraat,166,"","",2987XH,Ridderkerk
de la Reijstraat,168,"","",2987XH,Ridderkerk
de la Reijstraat,170,"","",2987XH,Ridderkerk
de la Reijstraat,172,"","",2987XH,Ridderkerk
de la Reijstraat,174,"","",2987XH,Ridderkerk
de la Reijstraat,176,"","",2987XH,Ridderkerk
de la Reijstraat,178,"","",2987XH,Ridderkerk
de la Reijstraat,180,"","",2987XH,Ridderkerk
de la Reijstraat,182,"","",2987XH,Ridderkerk
de la Reijstraat,184,"","",2987XH,Ridderkerk
de la Reijstraat,186,"","",2987XH,Ridderkerk
de la Reijstraat,188,"","",2987XH,Ridderkerk
de la Reijstraat,190,"","",2987XH,Ridderkerk
de la Reijstraat,192,"","",2987XH,Ridderkerk
de la Reijstraat,194,"","",2987XH,Ridderkerk
de la Reijstraat,196,"","",2987XH,Ridderkerk
de la Reijstraat,198,"","",2987XH,Ridderkerk
de la Reijstraat,200,"","",2987XH,Ridderkerk
de la Reijstraat,202,"","",2987XH,Ridderkerk
de la Reijstraat,204,"","",2987XH,Ridderkerk
de la Reijstraat,206,"","",2987XH,Ridderkerk
de la Reijstraat,208,"","",2987XH,Ridderkerk
de la Reijstraat,210,"","",2987XH,Ridderkerk
de la Reijstraat,212,"","",2987XJ,Ridderkerk
de la Reijstraat,214,"","",2987XJ,Ridderkerk
de la Reijstraat,216,"","",2987XJ,Ridderkerk
de la Reijstraat,218,"","",2987XJ,Ridderkerk
de la Reijstraat,220,"","",2987XJ,Ridderkerk
de la Reijstraat,222,"","",2987XJ,Ridderkerk
de la Reijstraat,224,"","",2987XJ,Ridderkerk
de la Reijstraat,226,"","",2987XJ,Ridderkerk
de la Reijstraat,228,"","",2987XJ,Ridderkerk
de la Reijstraat,230,"","",2987XJ,Ridderkerk
de la Reijstraat,232,"","",2987XJ,Ridderkerk
de la Reijstraat,234,"","",2987XJ,Ridderkerk
de la Reijstraat,236,"","",2987XJ,Ridderkerk
de la Reijstraat,238,"","",2987XJ,Ridderkerk
de la Reijstraat,240,"","",2987XJ,Ridderkerk
de la Reijstraat,242,"","",2987XJ,Ridderkerk
de la Reijstraat,244,"","",2987XJ,Ridderkerk
de la Reijstraat,246,"","",2987XJ,Ridderkerk
de la Reijstraat,248,"","",2987XJ,Ridderkerk
de la Reijstraat,250,"","",2987XJ,Ridderkerk
de la Reijstraat,252,"","",2987XJ,Ridderkerk
de la Reijstraat,254,"","",2987XJ,Ridderkerk
de la Reijstraat,256,"","",2987XJ,Ridderkerk
de la Reijstraat,258,"","",2987XJ,Ridderkerk
de la Reijstraat,260,"","",2987XJ,Ridderkerk
de la Reijstraat,262,"","",2987XJ,Ridderkerk
de la Reijstraat,264,"","",2987XJ,Ridderkerk
de la Reijstraat,266,"","",2987XJ,Ridderkerk
de la Reijstraat,268,"","",2987XJ,Ridderkerk
de la Reijstraat,270,"","",2987XJ,Ridderkerk
de la Reijstraat,272,"","",2987XK,Ridderkerk
de la Reijstraat,274,"","",2987XK,Ridderkerk
de la Reijstraat,276,"","",2987XK,Ridderkerk
de la Reijstraat,278,"","",2987XK,Ridderkerk
de la Reijstraat,280,"","",2987XK,Ridderkerk
de la Reijstraat,282,"","",2987XK,Ridderkerk
de la Reijstraat,284,"","",2987XK,Ridderkerk
de la Reijstraat,286,"","",2987XK,Ridderkerk
de la Reijstraat,288,"","",2987XK,Ridderkerk
de la Reijstraat,290,"","",2987XK,Ridderkerk
de la Reijstraat,292,"","",2987XK,Ridderkerk
de la Reijstraat,294,"","",2987XK,Ridderkerk
de la Reijstraat,296,"","",2987XK,Ridderkerk
de la Reijstraat,298,"","",2987XK,Ridderkerk
de la Reijstraat,300,"","",2987XK,Ridderkerk
de la Reijstraat,302,"","",2987XK,Ridderkerk
de la Reijstraat,304,"","",2987XK,Ridderkerk
de la Reijstraat,306,"","",2987XK,Ridderkerk
de la Reijstraat,308,"","",2987XK,Ridderkerk
de la Reijstraat,310,"","",2987XK,Ridderkerk
de la Reijstraat,312,"","",2987XK,Ridderkerk
de la Reijstraat,314,"","",2987XK,Ridderkerk
de la Reijstraat,316,"","",2987XK,Ridderkerk
de la Reijstraat,318,"","",2987XK,Ridderkerk
de la Reijstraat,320,"","",2987XK,Ridderkerk
de la Reijstraat,322,"","",2987XK,Ridderkerk
de la Reijstraat,324,"","",2987XK,Ridderkerk
de la Reijstraat,326,"","",2987XK,Ridderkerk
de la Reijstraat,328,"","",2987XK,Ridderkerk
de la Reijstraat,330,"","",2987XK,Ridderkerk
de la Reijstraat,332,"","",2987XL,Ridderkerk
de la Reijstraat,334,"","",2987XL,Ridderkerk
de la Reijstraat,336,"","",2987XL,Ridderkerk
de la Reijstraat,338,"","",2987XL,Ridderkerk
de la Reijstraat,340,"","",2987XL,Ridderkerk
de la Reijstraat,342,"","",2987XL,Ridderkerk
de la Reijstraat,344,"","",2987XL,Ridderkerk
de la Reijstraat,346,"","",2987XL,Ridderkerk
de la Reijstraat,348,"","",2987XL,Ridderkerk
de la Reijstraat,350,"","",2987XL,Ridderkerk
de la Reijstraat,352,"","",2987XL,Ridderkerk
de la Reijstraat,354,"","",2987XL,Ridderkerk
de la Reijstraat,356,"","",2987XL,Ridderkerk
de la Reijstraat,358,"","",2987XL,Ridderkerk
de la Reijstraat,360,"","",2987XL,Ridderkerk
de la Reijstraat,362,"","",2987XL,Ridderkerk
de la Reijstraat,364,"","",2987XL,Ridderkerk
de la Reijstraat,366,"","",2987XL,Ridderkerk
de la Reijstraat,368,"","",2987XL,Ridderkerk
de la Reijstraat,370,"","",2987XL,Ridderkerk
de la Reijstraat,372,"","",2987XL,Ridderkerk
de la Reijstraat,374,"","",2987XL,Ridderkerk
de la Reijstraat,376,"","",2987XL,Ridderkerk
de la Reijstraat,378,"","",2987XL,Ridderkerk
de la Reijstraat,380,"","",2987XL,Ridderkerk
de la Reijstraat,382,"","",2987XL,Ridderkerk
de la Reijstraat,384,"","",2987XL,Ridderkerk
de la Reijstraat,386,"","",2987XL,Ridderkerk
de la Reijstraat,388,"","",2987XL,Ridderkerk
de la Reijstraat,390,"","",2987XL,Ridderkerk
de la Reijstraat,392,"","",2987XL,Ridderkerk
de la Reijstraat,394,"","",2987XL,Ridderkerk
de la Reijstraat,396,"","",2987XL,Ridderkerk
de la Reijstraat,398,"","",2987XL,Ridderkerk
de la Reijstraat,400,"","",2987XL,Ridderkerk
de la Reijstraat,402,"","",2987XL,Ridderkerk
de la Reijstraat,404,"","",2987XL,Ridderkerk
de la Reijstraat,406,"","",2987XL,Ridderkerk
de la Reijstraat,408,"","",2987XL,Ridderkerk
de la Reijstraat,410,"","",2987XL,Ridderkerk
de la Reijstraat,412,"","",2987XM,Ridderkerk
de la Reijstraat,414,"","",2987XM,Ridderkerk
de la Reijstraat,416,"","",2987XM,Ridderkerk
de la Reijstraat,418,"","",2987XM,Ridderkerk
de la Reijstraat,420,"","",2987XM,Ridderkerk
de la Reijstraat,422,"","",2987XM,Ridderkerk
de la Reijstraat,424,"","",2987XM,Ridderkerk
de la Reijstraat,426,"","",2987XM,Ridderkerk
de la Reijstraat,428,"","",2987XM,Ridderkerk
de la Reijstraat,430,"","",2987XM,Ridderkerk
de la Reijstraat,432,"","",2987XM,Ridderkerk
de la Reijstraat,434,"","",2987XM,Ridderkerk
de la Reijstraat,436,"","",2987XM,Ridderkerk
de la Reijstraat,438,"","",2987XM,Ridderkerk
de la Reijstraat,440,"","",2987XM,Ridderkerk
de la Reijstraat,442,"","",2987XM,Ridderkerk
de la Reijstraat,444,"","",2987XM,Ridderkerk
de la Reijstraat,446,"","",2987XM,Ridderkerk
de la Reijstraat,448,"","",2987XM,Ridderkerk
de la Reijstraat,450,"","",2987XM,Ridderkerk
de la Reijstraat,452,"","",2987XM,Ridderkerk
de la Reijstraat,454,"","",2987XM,Ridderkerk
de la Reijstraat,456,"","",2987XM,Ridderkerk
de la Reijstraat,458,"","",2987XM,Ridderkerk
de la Reijstraat,460,"","",2987XM,Ridderkerk
de la Reijstraat,462,"","",2987XM,Ridderkerk
de la Reijstraat,464,"","",2987XN,Ridderkerk
de la Reijstraat,466,"","",2987XN,Ridderkerk
de la Reijstraat,468,"","",2987XN,Ridderkerk
de la Reijstraat,470,"","",2987XN,Ridderkerk
de la Reijstraat,472,"","",2987XN,Ridderkerk
de la Reijstraat,474,"","",2987XN,Ridderkerk
de la Reijstraat,476,"","",2987XN,Ridderkerk
de la Reijstraat,478,"","",2987XN,Ridderkerk
de la Reijstraat,480,"","",2987XN,Ridderkerk
de la Reijstraat,482,"","",2987XN,Ridderkerk
de la Reijstraat,484,"","",2987XN,Ridderkerk
de la Reijstraat,486,"","",2987XN,Ridderkerk
de la Reijstraat,488,"","",2987XN,Ridderkerk
de la Reijstraat,490,"","",2987XN,Ridderkerk
de la Reijstraat,492,"","",2987XN,Ridderkerk
de la Reijstraat,494,"","",2987XN,Ridderkerk
de la Reijstraat,496,"","",2987XN,Ridderkerk
de la Reijstraat,498,"","",2987XN,Ridderkerk
de la Reijstraat,500,"","",2987XN,Ridderkerk
de la Reijstraat,502,"","",2987XN,Ridderkerk
de la Reijstraat,504,"","",2987XN,Ridderkerk
de la Reijstraat,506,"","",2987XN,Ridderkerk
de la Reijstraat,508,"","",2987XN,Ridderkerk
de la Reijstraat,510,"","",2987XN,Ridderkerk
de la Reijstraat,512,"","",2987XN,Ridderkerk
de la Reijstraat,514,"","",2987XN,Ridderkerk
de la Reijstraat,516,"","",2987XP,Ridderkerk
de la Reijstraat,518,"","",2987XP,Ridderkerk
de la Reijstraat,520,"","",2987XP,Ridderkerk
de la Reijstraat,522,"","",2987XP,Ridderkerk
de la Reijstraat,524,"","",2987XP,Ridderkerk
de la Reijstraat,526,"","",2987XP,Ridderkerk
de la Reijstraat,528,"","",2987XP,Ridderkerk
de la Reijstraat,530,"","",2987XP,Ridderkerk
de la Reijstraat,532,"","",2987XP,Ridderkerk
de la Reijstraat,534,"","",2987XP,Ridderkerk
de la Reijstraat,536,"","",2987XP,Ridderkerk
de la Reijstraat,538,"","",2987XP,Ridderkerk
de la Reijstraat,540,"","",2987XP,Ridderkerk
de la Reijstraat,542,"","",2987XP,Ridderkerk
de la Reijstraat,544,"","",2987XP,Ridderkerk
de la Reijstraat,546,"","",2987XP,Ridderkerk
de la Reijstraat,548,"","",2987XP,Ridderkerk
de la Reijstraat,550,"","",2987XP,Ridderkerk
de la Reijstraat,552,"","",2987XP,Ridderkerk
de la Reijstraat,554,"","",2987XP,Ridderkerk
de la Reijstraat,556,"","",2987XP,Ridderkerk
de la Reijstraat,558,"","",2987XP,Ridderkerk
de la Reijstraat,560,"","",2987XP,Ridderkerk
de la Reijstraat,562,"","",2987XP,Ridderkerk
de la Reijstraat,564,"","",2987XP,Ridderkerk
de la Reijstraat,566,"","",2987XP,Ridderkerk
de la Reijstraat,568,"","",2987XR,Ridderkerk
de la Reijstraat,570,"","",2987XR,Ridderkerk
de la Reijstraat,572,"","",2987XR,Ridderkerk
de la Reijstraat,574,"","",2987XR,Ridderkerk
de la Reijstraat,576,"","",2987XR,Ridderkerk
de la Reijstraat,578,"","",2987XR,Ridderkerk
de la Reijstraat,580,"","",2987XR,Ridderkerk
de la Reijstraat,582,"","",2987XR,Ridderkerk
de la Reijstraat,584,"","",2987XR,Ridderkerk
de la Reijstraat,586,"","",2987XR,Ridderkerk
de la Reijstraat,588,"","",2987XR,Ridderkerk
de la Reijstraat,590,"","",2987XR,Ridderkerk
de la Reijstraat,592,"","",2987XR,Ridderkerk
de la Reijstraat,594,"","",2987XR,Ridderkerk
de la Reijstraat,596,"","",2987XR,Ridderkerk
de la Reijstraat,598,"","",2987XR,Ridderkerk
de la Reijstraat,600,"","",2987XR,Ridderkerk
de la Reijstraat,602,"","",2987XR,Ridderkerk
de la Reijstraat,604,"","",2987XR,Ridderkerk
de la Reijstraat,606,"","",2987XR,Ridderkerk
de la Reijstraat,608,"","",2987XR,Ridderkerk
de la Reijstraat,610,"","",2987XR,Ridderkerk
de la Reijstraat,612,"","",2987XR,Ridderkerk
de la Reijstraat,614,"","",2987XR,Ridderkerk
de la Reijstraat,616,"","",2987XR,Ridderkerk
de la Reijstraat,618,"","",2987XR,Ridderkerk
Westerhof,1,"","",2987XS,Ridderkerk
Westerhof,10,"","",2987XS,Ridderkerk
Westerhof,11,"","",2987XS,Ridderkerk
Westerhof,12,"","",2987XS,Ridderkerk
Westerhof,13,"","",2987XS,Ridderkerk
Westerhof,14,"","",2987XS,Ridderkerk
Westerhof,15,"","",2987XS,Ridderkerk
Westerhof,16,"","",2987XS,Ridderkerk
Westerhof,17,"","",2987XS,Ridderkerk
Westerhof,18,"","",2987XS,Ridderkerk
Westerhof,19,"","",2987XS,Ridderkerk
Westerhof,2,"","",2987XS,Ridderkerk
Westerhof,20,"","",2987XS,Ridderkerk
Westerhof,21,"","",2987XS,Ridderkerk
Westerhof,22,"","",2987XS,Ridderkerk
Westerhof,23,"","",2987XS,Ridderkerk
Westerhof,24,"","",2987XS,Ridderkerk
Westerhof,25,"","",2987XS,Ridderkerk
Westerhof,26,"","",2987XS,Ridderkerk
Westerhof,27,"","",2987XS,Ridderkerk
Westerhof,28,"","",2987XS,Ridderkerk
Westerhof,29,"","",2987XS,Ridderkerk
Westerhof,3,"","",2987XS,Ridderkerk
Westerhof,30,"","",2987XS,Ridderkerk
Westerhof,31,"","",2987XS,Ridderkerk
Westerhof,32,"","",2987XS,Ridderkerk
Westerhof,33,"","",2987XS,Ridderkerk
Westerhof,34,"","",2987XS,Ridderkerk
Westerhof,37,"","",2987XS,Ridderkerk
Westerhof,38,"","",2987XS,Ridderkerk
Westerhof,39,"","",2987XS,Ridderkerk
Westerhof,4,"","",2987XS,Ridderkerk
Westerhof,40,"","",2987XS,Ridderkerk
Westerhof,40,"","",2987XS,Ridderkerk
Westerhof,5,"","",2987XS,Ridderkerk
Westerhof,6,"","",2987XS,Ridderkerk
de la Reijstraat,620,"","",2987XS,Ridderkerk
de la Reijstraat,622,"","",2987XS,Ridderkerk
de la Reijstraat,624,"","",2987XS,Ridderkerk
de la Reijstraat,626,"","",2987XS,Ridderkerk
de la Reijstraat,628,"","",2987XS,Ridderkerk
de la Reijstraat,630,"","",2987XS,Ridderkerk
de la Reijstraat,632,"","",2987XS,Ridderkerk
de la Reijstraat,634,"","",2987XS,Ridderkerk
de la Reijstraat,636,"","",2987XS,Ridderkerk
de la Reijstraat,638,"","",2987XS,Ridderkerk
de la Reijstraat,640,"","",2987XS,Ridderkerk
de la Reijstraat,642,"","",2987XS,Ridderkerk
de la Reijstraat,644,"","",2987XS,Ridderkerk
Westerhof,7,"","",2987XS,Ridderkerk
Westerhof,8,"","",2987XS,Ridderkerk
Westerhof,9,"","",2987XS,Ridderkerk
Nelson Mandelastraat,1,"","",2987XV,Ridderkerk
Nelson Mandelastraat,10,"","",2987XV,Ridderkerk
Nelson Mandelastraat,11,"","",2987XV,Ridderkerk
Nelson Mandelastraat,12,"","",2987XV,Ridderkerk
Nelson Mandelastraat,13,"","",2987XV,Ridderkerk
Nelson Mandelastraat,14,"","",2987XV,Ridderkerk
Nelson Mandelastraat,15,"","",2987XV,Ridderkerk
Nelson Mandelastraat,16,"","",2987XV,Ridderkerk
Nelson Mandelastraat,17,"","",2987XV,Ridderkerk
Nelson Mandelastraat,18,"","",2987XV,Ridderkerk
Nelson Mandelastraat,19,"","",2987XV,Ridderkerk
Nelson Mandelastraat,2,"","",2987XV,Ridderkerk
Nelson Mandelastraat,20,"","",2987XV,Ridderkerk
Nelson Mandelastraat,21,"","",2987XV,Ridderkerk
Nelson Mandelastraat,22,"","",2987XV,Ridderkerk
Nelson Mandelastraat,23,"","",2987XV,Ridderkerk
Nelson Mandelastraat,24,"","",2987XV,Ridderkerk
Nelson Mandelastraat,25,"","",2987XV,Ridderkerk
Nelson Mandelastraat,26,"","",2987XV,Ridderkerk
Nelson Mandelastraat,27,"","",2987XV,Ridderkerk
Nelson Mandelastraat,28,"","",2987XV,Ridderkerk
Nelson Mandelastraat,29,"","",2987XV,Ridderkerk
Nelson Mandelastraat,3,"","",2987XV,Ridderkerk
Nelson Mandelastraat,30,"","",2987XV,Ridderkerk
Nelson Mandelastraat,31,"","",2987XV,Ridderkerk
Nelson Mandelastraat,32,"","",2987XV,Ridderkerk
Nelson Mandelastraat,33,"","",2987XV,Ridderkerk
Nelson Mandelastraat,34,"","",2987XV,Ridderkerk
Nelson Mandelastraat,35,"","",2987XV,Ridderkerk
Nelson Mandelastraat,36,"","",2987XV,Ridderkerk
Nelson Mandelastraat,37,"","",2987XV,Ridderkerk
Nelson Mandelastraat,38,"","",2987XV,Ridderkerk
Nelson Mandelastraat,39,"","",2987XV,Ridderkerk
Nelson Mandelastraat,4,"","",2987XV,Ridderkerk
Nelson Mandelastraat,40,"","",2987XV,Ridderkerk
Nelson Mandelastraat,41,"","",2987XV,Ridderkerk
Nelson Mandelastraat,42,"","",2987XV,Ridderkerk
Nelson Mandelastraat,43,"","",2987XV,Ridderkerk
Nelson Mandelastraat,44,"","",2987XV,Ridderkerk
Nelson Mandelastraat,45,"","",2987XV,Ridderkerk
Nelson Mandelastraat,46,"","",2987XV,Ridderkerk
Nelson Mandelastraat,47,"","",2987XV,Ridderkerk
Nelson Mandelastraat,48,"","",2987XV,Ridderkerk
Nelson Mandelastraat,49,"","",2987XV,Ridderkerk
Nelson Mandelastraat,5,"","",2987XV,Ridderkerk
Nelson Mandelastraat,50,"","",2987XV,Ridderkerk
Nelson Mandelastraat,51,"","",2987XV,Ridderkerk
Nelson Mandelastraat,52,"","",2987XV,Ridderkerk
Nelson Mandelastraat,53,"","",2987XV,Ridderkerk
Nelson Mandelastraat,54,"","",2987XV,Ridderkerk
Nelson Mandelastraat,55,"","",2987XV,Ridderkerk
Nelson Mandelastraat,56,"","",2987XV,Ridderkerk
Nelson Mandelastraat,58,"","",2987XV,Ridderkerk
Nelson Mandelastraat,6,"","",2987XV,Ridderkerk
Nelson Mandelastraat,60,"","",2987XV,Ridderkerk
Nelson Mandelastraat,62,"","",2987XV,Ridderkerk
Nelson Mandelastraat,64,"","",2987XV,Ridderkerk
Nelson Mandelastraat,66,"","",2987XV,Ridderkerk
Nelson Mandelastraat,68,"","",2987XV,Ridderkerk
Nelson Mandelastraat,7,"","",2987XV,Ridderkerk
Nelson Mandelastraat,70,"","",2987XV,Ridderkerk
Nelson Mandelastraat,72,"","",2987XV,Ridderkerk
Nelson Mandelastraat,74,"","",2987XV,Ridderkerk
Nelson Mandelastraat,76,"","",2987XV,Ridderkerk
Nelson Mandelastraat,78,"","",2987XV,Ridderkerk
Nelson Mandelastraat,8,"","",2987XV,Ridderkerk
Nelson Mandelastraat,9,"","",2987XV,Ridderkerk
Generaal Smutsstraat,15,"","",2987XW,Ridderkerk
Generaal Smutsstraat,17,"","",2987XW,Ridderkerk
Generaal Smutsstraat,19,"","",2987XW,Ridderkerk
Generaal Smutsstraat,21,"","",2987XW,Ridderkerk
Generaal Smutsstraat,23,"","",2987XW,Ridderkerk
Generaal Smutsstraat,29,"","",2987XW,Ridderkerk
Generaal Smutsstraat,29,A,"",2987XW,Ridderkerk
Generaal Smutsstraat,31,"","",2987XW,Ridderkerk
Generaal Smutsstraat,33,"","",2987XW,Ridderkerk
Generaal Smutsstraat,35,"","",2987XW,Ridderkerk
Generaal Smutsstraat,51,"","",2987XW,Ridderkerk
Generaal Smutsstraat,51,"","",2987XW,Ridderkerk
Generaal Smutsstraat,51,A,"",2987XW,Ridderkerk
Generaal Smutsstraat,53,"","",2987XW,Ridderkerk
Generaal Smutsstraat,53,"","",2987XW,Ridderkerk
Generaal Smutsstraat,53,A,"",2987XW,Ridderkerk
Generaal Smutsstraat,55,"","",2987XW,Ridderkerk
Generaal Smutsstraat,57,"","",2987XW,Ridderkerk
Generaal Smutsstraat,59,"","",2987XW,Ridderkerk
Generaal Smutsstraat,61,"","",2987XW,Ridderkerk
Generaal Smutsstraat,63,"","",2987XW,Ridderkerk
Generaal Smutsstraat,65,"","",2987XW,Ridderkerk
Generaal Smutsstraat,67,"","",2987XW,Ridderkerk
Generaal Smutsstraat,69,"","",2987XW,Ridderkerk
Generaal Smutsstraat,71,"","",2987XW,Ridderkerk
Generaal Smutsstraat,73,"","",2987XW,Ridderkerk
Generaal Smutsstraat,75,"","",2987XW,Ridderkerk
Generaal Smutsstraat,77,"","",2987XW,Ridderkerk
Generaal Smutsstraat,79,"","",2987XW,Ridderkerk
Generaal Smutsstraat,101,"","",2987XX,Ridderkerk
Generaal Smutsstraat,103,"","",2987XX,Ridderkerk
Generaal Smutsstraat,105,"","",2987XX,Ridderkerk
Generaal Smutsstraat,107,"","",2987XX,Ridderkerk
Generaal Smutsstraat,109,"","",2987XX,Ridderkerk
Generaal Smutsstraat,111,"","",2987XX,Ridderkerk
Generaal Smutsstraat,113,"","",2987XX,Ridderkerk
Generaal Smutsstraat,115,"","",2987XX,Ridderkerk
Generaal Smutsstraat,117,"","",2987XX,Ridderkerk
Generaal Smutsstraat,119,"","",2987XX,Ridderkerk
Generaal Smutsstraat,121,"","",2987XX,Ridderkerk
Generaal Smutsstraat,123,"","",2987XX,Ridderkerk
Generaal Smutsstraat,125,"","",2987XX,Ridderkerk
Generaal Smutsstraat,127,"","",2987XX,Ridderkerk
Generaal Smutsstraat,129,"","",2987XX,Ridderkerk
Generaal Smutsstraat,131,"","",2987XX,Ridderkerk
Generaal Smutsstraat,133,"","",2987XX,Ridderkerk
Generaal Smutsstraat,135,"","",2987XX,Ridderkerk
Generaal Smutsstraat,137,"","",2987XX,Ridderkerk
Generaal Smutsstraat,139,"","",2987XX,Ridderkerk
Generaal Smutsstraat,57,"","",2987XX,Ridderkerk
Generaal Smutsstraat,59,"","",2987XX,Ridderkerk
Generaal Smutsstraat,61,"","",2987XX,Ridderkerk
Generaal Smutsstraat,63,"","",2987XX,Ridderkerk
Generaal Smutsstraat,65,"","",2987XX,Ridderkerk
Generaal Smutsstraat,67,"","",2987XX,Ridderkerk
Generaal Smutsstraat,69,"","",2987XX,Ridderkerk
Generaal Smutsstraat,71,"","",2987XX,Ridderkerk
Generaal Smutsstraat,73,"","",2987XX,Ridderkerk
Generaal Smutsstraat,75,"","",2987XX,Ridderkerk
Generaal Smutsstraat,77,"","",2987XX,Ridderkerk
Generaal Smutsstraat,79,"","",2987XX,Ridderkerk
Generaal Smutsstraat,81,"","",2987XX,Ridderkerk
Generaal Smutsstraat,83,"","",2987XX,Ridderkerk
Generaal Smutsstraat,85,"","",2987XX,Ridderkerk
Generaal Smutsstraat,87,"","",2987XX,Ridderkerk
Generaal Smutsstraat,89,"","",2987XX,Ridderkerk
Generaal Smutsstraat,91,"","",2987XX,Ridderkerk
Generaal Smutsstraat,93,"","",2987XX,Ridderkerk
Generaal Smutsstraat,95,"","",2987XX,Ridderkerk
Generaal Smutsstraat,97,"","",2987XX,Ridderkerk
Generaal Smutsstraat,99,"","",2987XX,Ridderkerk
Maaslaan,1,"","",2987XZ,Ridderkerk
Maaslaan,11,"","",2987XZ,Ridderkerk
Maaslaan,13,"","",2987XZ,Ridderkerk
Maaslaan,15,"","",2987XZ,Ridderkerk
Maaslaan,17,"","",2987XZ,Ridderkerk
Maaslaan,19,"","",2987XZ,Ridderkerk
Maaslaan,2,"","",2987XZ,Ridderkerk
Maaslaan,21,"","",2987XZ,Ridderkerk
Maaslaan,23,"","",2987XZ,Ridderkerk
Maaslaan,25,"","",2987XZ,Ridderkerk
Maaslaan,27,"","",2987XZ,Ridderkerk
Maaslaan,29,"","",2987XZ,Ridderkerk
Maaslaan,3,"","",2987XZ,Ridderkerk
Maaslaan,31,"","",2987XZ,Ridderkerk
Maaslaan,33,"","",2987XZ,Ridderkerk
Maaslaan,35,"","",2987XZ,Ridderkerk
Maaslaan,37,"","",2987XZ,Ridderkerk
Maaslaan,5,"","",2987XZ,Ridderkerk
Maaslaan,7,"","",2987XZ,Ridderkerk
Maaslaan,9,"","",2987XZ,Ridderkerk
