straat,huisnummer,huisletter,toevoeging,postcode,plaats
Badhuisstraat,10,"","",4381LS,Vlissingen
Badhuisstraat,10,"","",4381LS,Vlissingen
Badhuisstraat,12,"","",4381LS,Vlissingen
Badhuisstraat,12,"","",4381LS,Vlissingen
Badhuisstraat,14,"","",4381LS,Vlissingen
Badhuisstraat,16,"","",4381LS,Vlissingen
Badhuisstraat,18,"","",4381LS,Vlissingen
Badhuisstraat,2,"","",4381LS,Vlissingen
Badhuisstraat,2,"","",4381LS,Vlissingen
Badhuisstraat,2,A,"",4381LS,Vlissingen
Badhuisstraat,2,B,"",4381LS,Vlissingen
Badhuisstraat,20,"","",4381LS,Vlissingen
Badhuisstraat,22,"","",4381LS,Vlissingen
Badhuisstraat,24,"","",4381LS,Vlissingen
Badhuisstraat,26,"","",4381LS,Vlissingen
Badhuisstraat,26,A,"",4381LS,Vlissingen
Badhuisstraat,28,"","",4381LS,Vlissingen
Badhuisstraat,4,"","",4381LS,Vlissingen
Badhuisstraat,6,"","",4381LS,Vlissingen
Badhuisstraat,8,"","",4381LS,Vlissingen
Badhuisstraat,30,"","",4381LT,Vlissingen
Badhuisstraat,30,"","",4381LT,Vlissingen
Badhuisstraat,30,A,"",4381LT,Vlissingen
Badhuisstraat,30,B,"",4381LT,Vlissingen
Badhuisstraat,30,C,"",4381LT,Vlissingen
Badhuisstraat,32,"","",4381LT,Vlissingen
Badhuisstraat,32,B,"",4381LT,Vlissingen
Badhuisstraat,32,C,"",4381LT,Vlissingen
Badhuisstraat,34,"","",4381LT,Vlissingen
Badhuisstraat,34,"","",4381LT,Vlissingen
Badhuisstraat,38,"","",4381LT,Vlissingen
Badhuisstraat,40,"","",4381LT,Vlissingen
Badhuisstraat,42,"","",4381LT,Vlissingen
Badhuisstraat,44,"","",4381LT,Vlissingen
Badhuisstraat,46,"","",4381LT,Vlissingen
Badhuisstraat,48,"","",4381LT,Vlissingen
Badhuisstraat,50,"","",4381LT,Vlissingen
Badhuisstraat,52,"","",4381LT,Vlissingen
Badhuisstraat,52,A,"",4381LT,Vlissingen
Badhuisstraat,54,"","",4381LT,Vlissingen
Badhuisstraat,56,"","",4381LT,Vlissingen
Badhuisstraat,58,"","",4381LT,Vlissingen
Badhuisstraat,100,"","",4381LV,Vlissingen
Badhuisstraat,102,"","",4381LV,Vlissingen
Badhuisstraat,104,"","",4381LV,Vlissingen
Badhuisstraat,104,"","",4381LV,Vlissingen
Badhuisstraat,106,"","",4381LV,Vlissingen
Badhuisstraat,108,"","",4381LV,Vlissingen
Badhuisstraat,60,"","",4381LV,Vlissingen
Badhuisstraat,62,"","",4381LV,Vlissingen
Badhuisstraat,62,"","",4381LV,Vlissingen
Badhuisstraat,62,A,"",4381LV,Vlissingen
Badhuisstraat,62,B,"",4381LV,Vlissingen
Badhuisstraat,62,C,"",4381LV,Vlissingen
Badhuisstraat,64,"","",4381LV,Vlissingen
Badhuisstraat,66,"","",4381LV,Vlissingen
Badhuisstraat,66,"","",4381LV,Vlissingen
Badhuisstraat,66,"","",4381LV,Vlissingen
Badhuisstraat,66,"",A,4381LV,Vlissingen
Badhuisstraat,66,"",B,4381LV,Vlissingen
Badhuisstraat,66,"",C,4381LV,Vlissingen
Badhuisstraat,66,"",D,4381LV,Vlissingen
Badhuisstraat,66,"",E,4381LV,Vlissingen
Badhuisstraat,66,"",F,4381LV,Vlissingen
Badhuisstraat,66,"",G,4381LV,Vlissingen
Badhuisstraat,66,A,"",4381LV,Vlissingen
Badhuisstraat,66,B,"",4381LV,Vlissingen
Badhuisstraat,66,C,"",4381LV,Vlissingen
Badhuisstraat,66,C,C,4381LV,Vlissingen
Badhuisstraat,66,D,"",4381LV,Vlissingen
Badhuisstraat,66,E,"",4381LV,Vlissingen
Badhuisstraat,66,F,"",4381LV,Vlissingen
Badhuisstraat,66,G,"",4381LV,Vlissingen
Badhuisstraat,68,"","",4381LV,Vlissingen
Badhuisstraat,68,A,"",4381LV,Vlissingen
Badhuisstraat,70,"","",4381LV,Vlissingen
Badhuisstraat,70,"","",4381LV,Vlissingen
Badhuisstraat,72,"","",4381LV,Vlissingen
Badhuisstraat,72,"","",4381LV,Vlissingen
Badhuisstraat,74,"","",4381LV,Vlissingen
Badhuisstraat,74,"","",4381LV,Vlissingen
Badhuisstraat,74,A,"",4381LV,Vlissingen
Badhuisstraat,76,"","",4381LV,Vlissingen
Badhuisstraat,76,A,"",4381LV,Vlissingen
Badhuisstraat,76,B,"",4381LV,Vlissingen
Badhuisstraat,78,"","",4381LV,Vlissingen
Badhuisstraat,80,"","",4381LV,Vlissingen
Badhuisstraat,82,"","",4381LV,Vlissingen
Badhuisstraat,82,A,"",4381LV,Vlissingen
Badhuisstraat,82,B,"",4381LV,Vlissingen
Badhuisstraat,84,"","",4381LV,Vlissingen
Badhuisstraat,88,"","",4381LV,Vlissingen
Badhuisstraat,90,"","",4381LV,Vlissingen
Badhuisstraat,90,"","",4381LV,Vlissingen
Badhuisstraat,90,A,"",4381LV,Vlissingen
Badhuisstraat,90,B,"",4381LV,Vlissingen
Badhuisstraat,92,"","",4381LV,Vlissingen
Badhuisstraat,96,"","",4381LV,Vlissingen
De Willem Ruysstraat,1,"","",4381NK,Vlissingen
De Willem Ruysstraat,10,"","",4381NK,Vlissingen
De Willem Ruysstraat,100,"","",4381NK,Vlissingen
De Willem Ruysstraat,102,"","",4381NK,Vlissingen
De Willem Ruysstraat,11,"","",4381NK,Vlissingen
De Willem Ruysstraat,12,"","",4381NK,Vlissingen
De Willem Ruysstraat,13,"","",4381NK,Vlissingen
De Willem Ruysstraat,14,"","",4381NK,Vlissingen
De Willem Ruysstraat,15,"","",4381NK,Vlissingen
De Willem Ruysstraat,16,"","",4381NK,Vlissingen
De Willem Ruysstraat,17,"","",4381NK,Vlissingen
De Willem Ruysstraat,18,"","",4381NK,Vlissingen
De Willem Ruysstraat,19,"","",4381NK,Vlissingen
De Willem Ruysstraat,20,"","",4381NK,Vlissingen
De Willem Ruysstraat,200,"","",4381NK,Vlissingen
De Willem Ruysstraat,201,"","",4381NK,Vlissingen
De Willem Ruysstraat,21,"","",4381NK,Vlissingen
De Willem Ruysstraat,22,"","",4381NK,Vlissingen
De Willem Ruysstraat,23,"","",4381NK,Vlissingen
De Willem Ruysstraat,24,"","",4381NK,Vlissingen
De Willem Ruysstraat,25,"","",4381NK,Vlissingen
De Willem Ruysstraat,26,"","",4381NK,Vlissingen
De Willem Ruysstraat,27,"","",4381NK,Vlissingen
De Willem Ruysstraat,28,"","",4381NK,Vlissingen
De Willem Ruysstraat,29,"","",4381NK,Vlissingen
De Willem Ruysstraat,3,"","",4381NK,Vlissingen
De Willem Ruysstraat,30,"","",4381NK,Vlissingen
De Willem Ruysstraat,31,"","",4381NK,Vlissingen
De Willem Ruysstraat,32,"","",4381NK,Vlissingen
De Willem Ruysstraat,33,"","",4381NK,Vlissingen
De Willem Ruysstraat,34,"","",4381NK,Vlissingen
De Willem Ruysstraat,35,"","",4381NK,Vlissingen
De Willem Ruysstraat,36,"","",4381NK,Vlissingen
De Willem Ruysstraat,365,"","",4381NK,Vlissingen
De Willem Ruysstraat,367,"","",4381NK,Vlissingen
De Willem Ruysstraat,369,"","",4381NK,Vlissingen
De Willem Ruysstraat,37,"","",4381NK,Vlissingen
De Willem Ruysstraat,371,"","",4381NK,Vlissingen
De Willem Ruysstraat,373,"","",4381NK,Vlissingen
De Willem Ruysstraat,375,"","",4381NK,Vlissingen
De Willem Ruysstraat,377,"","",4381NK,Vlissingen
De Willem Ruysstraat,379,"","",4381NK,Vlissingen
De Willem Ruysstraat,38,"","",4381NK,Vlissingen
De Willem Ruysstraat,381,"","",4381NK,Vlissingen
De Willem Ruysstraat,383,"","",4381NK,Vlissingen
De Willem Ruysstraat,385,"","",4381NK,Vlissingen
De Willem Ruysstraat,387,"","",4381NK,Vlissingen
De Willem Ruysstraat,389,"","",4381NK,Vlissingen
De Willem Ruysstraat,39,"","",4381NK,Vlissingen
De Willem Ruysstraat,391,"","",4381NK,Vlissingen
De Willem Ruysstraat,393,"","",4381NK,Vlissingen
De Willem Ruysstraat,395,"","",4381NK,Vlissingen
De Willem Ruysstraat,397,"","",4381NK,Vlissingen
De Willem Ruysstraat,399,"","",4381NK,Vlissingen
De Willem Ruysstraat,4,"","",4381NK,Vlissingen
De Willem Ruysstraat,40,"","",4381NK,Vlissingen
De Willem Ruysstraat,401,"","",4381NK,Vlissingen
De Willem Ruysstraat,41,"","",4381NK,Vlissingen
De Willem Ruysstraat,42,"","",4381NK,Vlissingen
De Willem Ruysstraat,43,"","",4381NK,Vlissingen
De Willem Ruysstraat,44,"","",4381NK,Vlissingen
De Willem Ruysstraat,45,"","",4381NK,Vlissingen
De Willem Ruysstraat,46,"","",4381NK,Vlissingen
De Willem Ruysstraat,48,"","",4381NK,Vlissingen
De Willem Ruysstraat,5,"","",4381NK,Vlissingen
De Willem Ruysstraat,50,"","",4381NK,Vlissingen
De Willem Ruysstraat,52,"","",4381NK,Vlissingen
De Willem Ruysstraat,54,"","",4381NK,Vlissingen
De Willem Ruysstraat,56,"","",4381NK,Vlissingen
De Willem Ruysstraat,58,"","",4381NK,Vlissingen
De Willem Ruysstraat,6,"","",4381NK,Vlissingen
De Willem Ruysstraat,60,"","",4381NK,Vlissingen
De Willem Ruysstraat,7,"","",4381NK,Vlissingen
De Willem Ruysstraat,8,"","",4381NK,Vlissingen
De Willem Ruysstraat,9,"","",4381NK,Vlissingen
De Willem Ruysstraat,99,"","",4381NK,Vlissingen
De Willem Ruysstraat,99,A,"",4381NK,Vlissingen
Hobeinstraat,1,"","",4381PA,Vlissingen
Hobeinstraat,1,"","",4381PA,Vlissingen
Hobeinstraat,11,"","",4381PA,Vlissingen
Hobeinstraat,13,"","",4381PA,Vlissingen
Hobeinstraat,15,"","",4381PA,Vlissingen
Hobeinstraat,19,"","",4381PA,Vlissingen
Hobeinstraat,21,"","",4381PA,Vlissingen
Hobeinstraat,23,"","",4381PA,Vlissingen
Hobeinstraat,23,"","",4381PA,Vlissingen
Hobeinstraat,25,"","",4381PA,Vlissingen
Hobeinstraat,27,"","",4381PA,Vlissingen
Hobeinstraat,29,"","",4381PA,Vlissingen
Hobeinstraat,3,"","",4381PA,Vlissingen
Hobeinstraat,5,"","",4381PA,Vlissingen
Hobeinstraat,7,"","",4381PA,Vlissingen
Hobeinstraat,9,"","",4381PA,Vlissingen
Hobeinstraat,31,"","",4381PB,Vlissingen
Hobeinstraat,33,"","",4381PB,Vlissingen
Hobeinstraat,35,"","",4381PB,Vlissingen
Hobeinstraat,37,"","",4381PB,Vlissingen
Hobeinstraat,39,"","",4381PB,Vlissingen
Hobeinstraat,41,"","",4381PB,Vlissingen
Hobeinstraat,43,"","",4381PB,Vlissingen
Hobeinstraat,47,"","",4381PB,Vlissingen
Hobeinstraat,49,"","",4381PB,Vlissingen
Hobeinstraat,51,"","",4381PB,Vlissingen
Hobeinstraat,53,"","",4381PB,Vlissingen
Hobeinstraat,55,"","",4381PB,Vlissingen
Hobeinstraat,57,"","",4381PB,Vlissingen
Hobeinstraat,59,"","",4381PB,Vlissingen
Hobeinstraat,59,"","",4381PB,Vlissingen
Hobeinstraat,61,"","",4381PB,Vlissingen
Hobeinstraat,61,"","",4381PB,Vlissingen
Hobeinstraat,61,"","",4381PB,Vlissingen
Hobeinstraat,63,"","",4381PB,Vlissingen
Hobeinstraat,65,"","",4381PB,Vlissingen
Hobeinstraat,67,"","",4381PB,Vlissingen
Hobeinstraat,69,"","",4381PB,Vlissingen
Hobeinstraat,101,"","",4381PC,Vlissingen
Hobeinstraat,103,"","",4381PC,Vlissingen
Hobeinstraat,105,"","",4381PC,Vlissingen
Hobeinstraat,107,"","",4381PC,Vlissingen
Hobeinstraat,109,"","",4381PC,Vlissingen
Hobeinstraat,71,"","",4381PC,Vlissingen
Hobeinstraat,73,"","",4381PC,Vlissingen
Hobeinstraat,75,"","",4381PC,Vlissingen
Hobeinstraat,77,"","",4381PC,Vlissingen
Hobeinstraat,79,"","",4381PC,Vlissingen
Hobeinstraat,81,"","",4381PC,Vlissingen
Hobeinstraat,83,"","",4381PC,Vlissingen
Hobeinstraat,83,A,"",4381PC,Vlissingen
Hobeinstraat,85,"","",4381PC,Vlissingen
Hobeinstraat,87,"","",4381PC,Vlissingen
Hobeinstraat,89,"","",4381PC,Vlissingen
Hobeinstraat,91,"","",4381PC,Vlissingen
Hobeinstraat,93,"","",4381PC,Vlissingen
Hobeinstraat,95,"","",4381PC,Vlissingen
Hobeinstraat,97,"","",4381PC,Vlissingen
Hobeinstraat,97,A,"",4381PC,Vlissingen
Hobeinstraat,97,A,"",4381PC,Vlissingen
Hobeinstraat,99,"","",4381PC,Vlissingen
Hobeinstraat,10,"","",4381PD,Vlissingen
Hobeinstraat,12,"","",4381PD,Vlissingen
Hobeinstraat,16,"","",4381PD,Vlissingen
Hobeinstraat,18,"","",4381PD,Vlissingen
Hobeinstraat,2,"","",4381PD,Vlissingen
Hobeinstraat,2,A,"",4381PD,Vlissingen
Hobeinstraat,2,B,"",4381PD,Vlissingen
Hobeinstraat,20,"","",4381PD,Vlissingen
Hobeinstraat,22,"","",4381PD,Vlissingen
Hobeinstraat,24,"","",4381PD,Vlissingen
Hobeinstraat,4,"","",4381PD,Vlissingen
Hobeinstraat,6,"","",4381PD,Vlissingen
Hobeinstraat,6,A,"",4381PD,Vlissingen
Hobeinstraat,8,"","",4381PD,Vlissingen
Hobeinstraat,26,"","",4381PE,Vlissingen
Hobeinstraat,28,"","",4381PE,Vlissingen
Hobeinstraat,30,"","",4381PE,Vlissingen
Hobeinstraat,32,"","",4381PE,Vlissingen
Hobeinstraat,32,"","",4381PE,Vlissingen
Hobeinstraat,34,"","",4381PE,Vlissingen
Hobeinstraat,36,"","",4381PE,Vlissingen
Hobeinstraat,38,"","",4381PE,Vlissingen
Hobeinstraat,44,"","",4381PE,Vlissingen
Hobeinstraat,46,"","",4381PE,Vlissingen
Hobeinstraat,50,"","",4381PE,Vlissingen
Hobeinstraat,52,"","",4381PE,Vlissingen
Hobeinstraat,54,"","",4381PE,Vlissingen
Hobeinstraat,56,"","",4381PE,Vlissingen
Hobeinstraat,58,"","",4381PE,Vlissingen
Hobeinstraat,60,"","",4381PE,Vlissingen
Hobeinsteeg,2,"","",4381PG,Vlissingen
Hobeinsteeg,2,"","",4381PG,Vlissingen
Hobeinsteeg,2,A,"",4381PG,Vlissingen
Hobeinsteeg,4,"","",4381PG,Vlissingen
Hobeinsteeg,4,"",G,4381PG,Vlissingen
Verkuijl Quakkelaarstraat,5,"","",4381PH,Vlissingen
Verkuijl Quakkelaarstraat,11,"","",4381PJ,Vlissingen
Verkuijl Quakkelaarstraat,13,"","",4381PJ,Vlissingen
Verkuijl Quakkelaarstraat,15,"","",4381PJ,Vlissingen
Verkuijl Quakkelaarstraat,17,"","",4381PJ,Vlissingen
Verkuijl Quakkelaarstraat,19,"","",4381PJ,Vlissingen
Verkuijl Quakkelaarstraat,21,"","",4381PJ,Vlissingen
Verkuijl Quakkelaarstraat,21,"","",4381PJ,Vlissingen
Verkuijl Quakkelaarstraat,23,"","",4381PJ,Vlissingen
Verkuijl Quakkelaarstraat,25,"","",4381PJ,Vlissingen
Verkuijl Quakkelaarstraat,29,"","",4381PJ,Vlissingen
Verkuijl Quakkelaarstraat,7,"","",4381PJ,Vlissingen
Verkuijl Quakkelaarstraat,9,"","",4381PJ,Vlissingen
Verkuijl Quakkelaarstraat,31,"","",4381PK,Vlissingen
Verkuijl Quakkelaarstraat,33,"","",4381PK,Vlissingen
Verkuijl Quakkelaarstraat,35,"","",4381PK,Vlissingen
Verkuijl Quakkelaarstraat,37,"","",4381PK,Vlissingen
Verkuijl Quakkelaarstraat,39,"","",4381PK,Vlissingen
Verkuijl Quakkelaarstraat,16,"","",4381PL,Vlissingen
Verkuijl Quakkelaarstraat,18,"","",4381PL,Vlissingen
Verkuijl Quakkelaarstraat,22,"","",4381PL,Vlissingen
Verkuijl Quakkelaarstraat,24,"","",4381PL,Vlissingen
Verkuijl Quakkelaarstraat,26,"","",4381PL,Vlissingen
Verkuijl Quakkelaarstraat,28,"","",4381PL,Vlissingen
Verkuijl Quakkelaarstraat,4,"","",4381PL,Vlissingen
Verkuijl Quakkelaarstraat,6,"","",4381PL,Vlissingen
Verkuijl Quakkelaarstraat,30,"","",4381PM,Vlissingen
Verkuijl Quakkelaarstraat,32,"","",4381PM,Vlissingen
Verkuijl Quakkelaarstraat,36,"","",4381PM,Vlissingen
Verkuijl Quakkelaarstraat,38,"","",4381PM,Vlissingen
Verkuijl Quakkelaarstraat,40,"","",4381PM,Vlissingen
Verkuijl Quakkelaarstraat,42,"","",4381PM,Vlissingen
Verkuijl Quakkelaarstraat,44,"","",4381PM,Vlissingen
Verkuijl Quakkelaarstraat,46,"","",4381PM,Vlissingen
Verkuijl Quakkelaarstraat,48,"","",4381PM,Vlissingen
Bouwen Ewoutstraat,1,"","",4381PN,Vlissingen
Bouwen Ewoutstraat,1,A,"",4381PN,Vlissingen
Bouwen Ewoutstraat,11,"","",4381PN,Vlissingen
Bouwen Ewoutstraat,13,"","",4381PN,Vlissingen
Bouwen Ewoutstraat,15,"","",4381PN,Vlissingen
Bouwen Ewoutstraat,17,"","",4381PN,Vlissingen
Bouwen Ewoutstraat,19,"","",4381PN,Vlissingen
Bouwen Ewoutstraat,21,"","",4381PN,Vlissingen
Bouwen Ewoutstraat,23,"","",4381PN,Vlissingen
Bouwen Ewoutstraat,25,"","",4381PN,Vlissingen
Bouwen Ewoutstraat,27,"","",4381PN,Vlissingen
Bouwen Ewoutstraat,29,"","",4381PN,Vlissingen
Bouwen Ewoutstraat,3,"","",4381PN,Vlissingen
Bouwen Ewoutstraat,5,"","",4381PN,Vlissingen
Bouwen Ewoutstraat,7,"","",4381PN,Vlissingen
Bouwen Ewoutstraat,9,"","",4381PN,Vlissingen
Bouwen Ewoutstraat,31,"","",4381PP,Vlissingen
Bouwen Ewoutstraat,33,"","",4381PP,Vlissingen
Bouwen Ewoutstraat,35,"","",4381PP,Vlissingen
Bouwen Ewoutstraat,37,"","",4381PP,Vlissingen
Bouwen Ewoutstraat,39,"","",4381PP,Vlissingen
Bouwen Ewoutstraat,41,"","",4381PP,Vlissingen
Bouwen Ewoutstraat,43,"","",4381PP,Vlissingen
Bouwen Ewoutstraat,45,"","",4381PP,Vlissingen
Bouwen Ewoutstraat,47,"","",4381PP,Vlissingen
Bouwen Ewoutstraat,49,"","",4381PP,Vlissingen
Bouwen Ewoutstraat,51,"","",4381PP,Vlissingen
Bouwen Ewoutstraat,51,A,"",4381PP,Vlissingen
Bouwen Ewoutstraat,61,"","",4381PP,Vlissingen
Bouwen Ewoutstraat,10,"","",4381PR,Vlissingen
Bouwen Ewoutstraat,12,"","",4381PR,Vlissingen
Bouwen Ewoutstraat,14,"","",4381PR,Vlissingen
Bouwen Ewoutstraat,16,"","",4381PR,Vlissingen
Bouwen Ewoutstraat,16,"","",4381PR,Vlissingen
Bouwen Ewoutstraat,16,"",A,4381PR,Vlissingen
Bouwen Ewoutstraat,16,A,"",4381PR,Vlissingen
Bouwen Ewoutstraat,18,"","",4381PR,Vlissingen
Bouwen Ewoutstraat,20,"","",4381PR,Vlissingen
Bouwen Ewoutstraat,22,"","",4381PR,Vlissingen
Bouwen Ewoutstraat,24,"","",4381PR,Vlissingen
Bouwen Ewoutstraat,26,"","",4381PR,Vlissingen
Bouwen Ewoutstraat,28,"","",4381PR,Vlissingen
Bouwen Ewoutstraat,30,"","",4381PR,Vlissingen
Bouwen Ewoutstraat,32,"","",4381PR,Vlissingen
Bouwen Ewoutstraat,32,A,"",4381PR,Vlissingen
Bouwen Ewoutstraat,34,"","",4381PR,Vlissingen
Bouwen Ewoutstraat,34,A,"",4381PR,Vlissingen
Bouwen Ewoutstraat,36,"","",4381PR,Vlissingen
Bouwen Ewoutstraat,38,"","",4381PR,Vlissingen
Bouwen Ewoutstraat,6,"","",4381PR,Vlissingen
Bouwen Ewoutstraat,8,"","",4381PR,Vlissingen
Bouwen Ewoutstraat,40,"","",4381PS,Vlissingen
Bouwen Ewoutstraat,42,"","",4381PS,Vlissingen
Bouwen Ewoutstraat,42,A,"",4381PS,Vlissingen
Bouwen Ewoutstraat,42,B,"",4381PS,Vlissingen
Bouwen Ewoutstraat,44,"","",4381PS,Vlissingen
Bouwen Ewoutstraat,46,"","",4381PS,Vlissingen
Bouwen Ewoutstraat,48,"","",4381PS,Vlissingen
Bouwen Ewoutstraat,50,"","",4381PS,Vlissingen
Bouwen Ewoutstraat,52,"","",4381PS,Vlissingen
Bouwen Ewoutstraat,54,"","",4381PS,Vlissingen
Bouwen Ewoutstraat,56,"","",4381PS,Vlissingen
Bouwen Ewoutstraat,58,"","",4381PS,Vlissingen
Bouwen Ewoutstraat,60,"","",4381PS,Vlissingen
Bouwen Ewoutstraat,62,"","",4381PS,Vlissingen
Bouwen Ewoutstraat,64,"","",4381PS,Vlissingen
Bouwen Ewoutstraat,66,"","",4381PS,Vlissingen
Bouwen Ewoutstraat,68,"","",4381PS,Vlissingen
Bouwen Ewoutstraat,68,A,"",4381PS,Vlissingen
Bouwen Ewoutstraat,68,B,"",4381PS,Vlissingen
Bouwen Ewoutstraat,68,C,"",4381PS,Vlissingen
Bouwen Ewoutstraat,70,"","",4381PS,Vlissingen
Bouwen Ewoutstraat,72,"","",4381PS,Vlissingen
Bouwen Ewoutstraat,74,"","",4381PS,Vlissingen
Bouwen Ewoutstraat,76,"","",4381PS,Vlissingen
Bouwen Ewoutstraat,76,"","",4381PS,Vlissingen
Bouwen Ewoutstraat,78,"","",4381PS,Vlissingen
Bouwen Ewoutstraat,80,"","",4381PS,Vlissingen
Bouwen Ewoutstraat,80,"","",4381PS,Vlissingen
Bouwen Ewoutstraat,82,"","",4381PS,Vlissingen
Bouwen Ewoutstraat,84,"","",4381PS,Vlissingen
Bouwen Ewoutstraat,86,"","",4381PS,Vlissingen
Clijverstraat,1,A,"",4381PT,Vlissingen
Clijverstraat,1,B,"",4381PT,Vlissingen
Clijverstraat,11,"","",4381PT,Vlissingen
Clijverstraat,13,"","",4381PT,Vlissingen
Clijverstraat,15,"","",4381PT,Vlissingen
Clijverstraat,17,"","",4381PT,Vlissingen
Clijverstraat,19,"","",4381PT,Vlissingen
Clijverstraat,21,"","",4381PT,Vlissingen
Clijverstraat,23,"","",4381PT,Vlissingen
Clijverstraat,25,"","",4381PT,Vlissingen
Clijverstraat,27,"","",4381PT,Vlissingen
Clijverstraat,29,"","",4381PT,Vlissingen
Clijverstraat,3,"","",4381PT,Vlissingen
Clijverstraat,5,"","",4381PT,Vlissingen
Clijverstraat,7,"","",4381PT,Vlissingen
Clijverstraat,9,"","",4381PT,Vlissingen
Clijverstraat,31,"","",4381PV,Vlissingen
Clijverstraat,33,"","",4381PV,Vlissingen
Clijverstraat,35,"","",4381PV,Vlissingen
Clijverstraat,37,"","",4381PV,Vlissingen
Clijverstraat,39,"","",4381PV,Vlissingen
Clijverstraat,41,"","",4381PV,Vlissingen
Clijverstraat,43,"","",4381PV,Vlissingen
Clijverstraat,45,"","",4381PV,Vlissingen
Clijverstraat,47,"","",4381PV,Vlissingen
Clijverstraat,49,"","",4381PV,Vlissingen
Clijverstraat,51,"","",4381PV,Vlissingen
Clijverstraat,53,"","",4381PV,Vlissingen
Clijverstraat,55,"","",4381PV,Vlissingen
Clijverstraat,57,"","",4381PV,Vlissingen
Clijverstraat,59,"","",4381PV,Vlissingen
Clijverstraat,61,"","",4381PV,Vlissingen
Clijverstraat,63,"","",4381PV,Vlissingen
Clijverstraat,65,"","",4381PV,Vlissingen
Clijverstraat,67,"","",4381PV,Vlissingen
Clijverstraat,69,"","",4381PV,Vlissingen
Clijverstraat,71,"","",4381PV,Vlissingen
Clijverstraat,10,"","",4381PW,Vlissingen
Clijverstraat,12,"","",4381PW,Vlissingen
Clijverstraat,14,"","",4381PW,Vlissingen
Clijverstraat,14,"","",4381PW,Vlissingen
Clijverstraat,14,A,"",4381PW,Vlissingen
Clijverstraat,16,"","",4381PW,Vlissingen
Clijverstraat,18,"","",4381PW,Vlissingen
Clijverstraat,20,"","",4381PW,Vlissingen
Clijverstraat,22,"","",4381PW,Vlissingen
Clijverstraat,24,"","",4381PW,Vlissingen
Clijverstraat,26,"","",4381PW,Vlissingen
Clijverstraat,28,"","",4381PW,Vlissingen
Clijverstraat,4,"","",4381PW,Vlissingen
Clijverstraat,6,"","",4381PW,Vlissingen
Clijverstraat,8,"","",4381PW,Vlissingen
Clijverstraat,30,"","",4381PX,Vlissingen
Clijverstraat,30,A,"",4381PX,Vlissingen
Clijverstraat,32,"","",4381PX,Vlissingen
Clijverstraat,34,"","",4381PX,Vlissingen
Clijverstraat,36,"","",4381PX,Vlissingen
Clijverstraat,38,"","",4381PX,Vlissingen
Clijverstraat,40,"","",4381PX,Vlissingen
Clijverstraat,42,"","",4381PX,Vlissingen
Clijverstraat,44,"","",4381PX,Vlissingen
Clijverstraat,46,"","",4381PX,Vlissingen
Clijverstraat,48,"","",4381PX,Vlissingen
Clijverstraat,50,"","",4381PX,Vlissingen
Clijverstraat,52,"","",4381PX,Vlissingen
Clijverstraat,54,"","",4381PX,Vlissingen
Clijverstraat,60,"","",4381PX,Vlissingen
Clijverstraat,60,"","",4381PX,Vlissingen
Kasteelstraat,11,"","",4381RA,Vlissingen
Kasteelstraat,13,"","",4381RA,Vlissingen
Kasteelstraat,17,"","",4381RA,Vlissingen
Kasteelstraat,19,"","",4381RA,Vlissingen
Kasteelstraat,21,"","",4381RA,Vlissingen
Kasteelstraat,23,"","",4381RA,Vlissingen
Kasteelstraat,25,"","",4381RA,Vlissingen
Kasteelstraat,27,"","",4381RA,Vlissingen
Kasteelstraat,29,"","",4381RA,Vlissingen
Kasteelstraat,3,"","",4381RA,Vlissingen
Kasteelstraat,7,"","",4381RA,Vlissingen
Kasteelstraat,9,"","",4381RA,Vlissingen
Kasteelstraat,9,"","",4381RA,Vlissingen
Kasteelstraat,31,"","",4381RB,Vlissingen
Kasteelstraat,33,"","",4381RB,Vlissingen
Kasteelstraat,35,"","",4381RB,Vlissingen
Kasteelstraat,37,"","",4381RB,Vlissingen
Kasteelstraat,39,"","",4381RB,Vlissingen
Kasteelstraat,41,"","",4381RB,Vlissingen
Kasteelstraat,43,"","",4381RB,Vlissingen
Kasteelstraat,45,"","",4381RB,Vlissingen
Kasteelstraat,47,"","",4381RB,Vlissingen
Kasteelstraat,49,"","",4381RB,Vlissingen
Kasteelstraat,51,"","",4381RB,Vlissingen
Kasteelstraat,53,"","",4381RB,Vlissingen
Kasteelstraat,10,"","",4381RC,Vlissingen
Kasteelstraat,12,"","",4381RC,Vlissingen
Kasteelstraat,14,"","",4381RC,Vlissingen
Kasteelstraat,16,"","",4381RC,Vlissingen
Kasteelstraat,18,"","",4381RC,Vlissingen
Kasteelstraat,2,"","",4381RC,Vlissingen
Kasteelstraat,20,"","",4381RC,Vlissingen
Kasteelstraat,22,"","",4381RC,Vlissingen
Kasteelstraat,24,"","",4381RC,Vlissingen
Kasteelstraat,26,"","",4381RC,Vlissingen
Kasteelstraat,28,"","",4381RC,Vlissingen
Kasteelstraat,4,"","",4381RC,Vlissingen
Kasteelstraat,6,"","",4381RC,Vlissingen
Kasteelstraat,8,"","",4381RC,Vlissingen
Kasteelstraat,30,"","",4381RD,Vlissingen
Kasteelstraat,32,"","",4381RD,Vlissingen
Kasteelstraat,34,"","",4381RD,Vlissingen
Kasteelstraat,36,"","",4381RD,Vlissingen
Kasteelstraat,38,"","",4381RD,Vlissingen
Kasteelstraat,40,"","",4381RD,Vlissingen
Kasteelstraat,42,"","",4381RD,Vlissingen
Kasteelstraat,44,"","",4381RD,Vlissingen
Kasteelstraat,46,"","",4381RD,Vlissingen
Kasteelstraat,48,"","",4381RD,Vlissingen
Kasteelstraat,48,"","",4381RD,Vlissingen
Kasteelstraat,48,A,"",4381RD,Vlissingen
Kasteelstraat,50,"","",4381RD,Vlissingen
Glacisstraat,1,"","",4381RE,Vlissingen
Glacisstraat,11,"","",4381RE,Vlissingen
Glacisstraat,13,"","",4381RE,Vlissingen
Glacisstraat,13,A,"",4381RE,Vlissingen
Glacisstraat,13,B,"",4381RE,Vlissingen
Glacisstraat,13,C,"",4381RE,Vlissingen
Glacisstraat,13,D,"",4381RE,Vlissingen
Glacisstraat,15,"","",4381RE,Vlissingen
Glacisstraat,15,"","",4381RE,Vlissingen
Glacisstraat,15,A,"",4381RE,Vlissingen
Glacisstraat,15,B,"",4381RE,Vlissingen
Glacisstraat,17,"","",4381RE,Vlissingen
Hobeinstraat,19,"","",4381RE,Vlissingen
Hobeinstraat,19,"","",4381RE,Vlissingen
Glacisstraat,3,"","",4381RE,Vlissingen
Glacisstraat,5,"","",4381RE,Vlissingen
Glacisstraat,21,"","",4381RG,Vlissingen
Glacisstraat,23,"","",4381RG,Vlissingen
Glacisstraat,25,"","",4381RG,Vlissingen
Glacisstraat,27,"","",4381RG,Vlissingen
Glacisstraat,29,"","",4381RG,Vlissingen
Glacisstraat,31,"","",4381RG,Vlissingen
Glacisstraat,31,A,"",4381RG,Vlissingen
Glacisstraat,33,"","",4381RG,Vlissingen
Glacisstraat,35,"","",4381RG,Vlissingen
Glacisstraat,37,"","",4381RG,Vlissingen
Glacisstraat,39,"","",4381RG,Vlissingen
Glacisstraat,41,"","",4381RG,Vlissingen
Glacisstraat,43,"","",4381RG,Vlissingen
Glacisstraat,45,"","",4381RG,Vlissingen
Glacisstraat,47,"","",4381RG,Vlissingen
Glacisstraat,49,"","",4381RG,Vlissingen
Glacisstraat,51,"","",4381RH,Vlissingen
Glacisstraat,53,"","",4381RH,Vlissingen
Glacisstraat,55,"","",4381RH,Vlissingen
Glacisstraat,57,"","",4381RH,Vlissingen
Glacisstraat,59,"","",4381RH,Vlissingen
Glacisstraat,61,"","",4381RH,Vlissingen
Glacisstraat,63,"","",4381RH,Vlissingen
Glacisstraat,65,"","",4381RH,Vlissingen
Glacisstraat,67,"","",4381RH,Vlissingen
Glacisstraat,69,"","",4381RH,Vlissingen
Glacisstraat,71,"","",4381RH,Vlissingen
Glacisstraat,73,"","",4381RH,Vlissingen
Glacisstraat,75,"","",4381RH,Vlissingen
Glacisstraat,77,"","",4381RH,Vlissingen
Glacisstraat,79,"","",4381RH,Vlissingen
Glacisstraat,38,"","",4381RK,Vlissingen
Glacisstraat,40,"","",4381RK,Vlissingen
Glacisstraat,42,"","",4381RK,Vlissingen
Glacisstraat,42,A,"",4381RK,Vlissingen
Glacisstraat,42,B,"",4381RK,Vlissingen
Glacisstraat,42,C,"",4381RK,Vlissingen
Glacisstraat,42,D,"",4381RK,Vlissingen
Glacisstraat,42,E,"",4381RK,Vlissingen
Glacisstraat,44,A,"",4381RK,Vlissingen
Glacisstraat,44,B,"",4381RK,Vlissingen
Glacisstraat,44,C,"",4381RK,Vlissingen
Glacisstraat,46,"","",4381RK,Vlissingen
Glacisstraat,48,"","",4381RK,Vlissingen
Glacisstraat,50,"","",4381RK,Vlissingen
Glacisstraat,50,"","",4381RK,Vlissingen
Glacisstraat,50,A,"",4381RK,Vlissingen
Glacisstraat,52,"","",4381RK,Vlissingen
Glacisstraat,54,"","",4381RK,Vlissingen
Glacisstraat,56,"","",4381RK,Vlissingen
Glacisstraat,58,"","",4381RK,Vlissingen
Glacisstraat,60,"","",4381RK,Vlissingen
Glacisstraat,62,"","",4381RK,Vlissingen
Glacisstraat,64,"","",4381RK,Vlissingen
Glacisstraat,66,"","",4381RK,Vlissingen
Glacisstraat,68,"","",4381RK,Vlissingen
Glacisstraat,70,"","",4381RL,Vlissingen
Glacisstraat,72,"","",4381RL,Vlissingen
Glacisstraat,74,"","",4381RL,Vlissingen
Glacisstraat,76,"","",4381RL,Vlissingen
Glacisstraat,78,"","",4381RL,Vlissingen
Glacisstraat,80,"","",4381RL,Vlissingen
Glacisstraat,82,"","",4381RL,Vlissingen
Glacisstraat,86,"","",4381RL,Vlissingen
Glacisstraat,88,"","",4381RL,Vlissingen
Glacisstraat,90,"","",4381RL,Vlissingen
Glacisstraat,92,"","",4381RL,Vlissingen
Glacisstraat,94,"","",4381RL,Vlissingen
Glacisstraat,96,"","",4381RL,Vlissingen
Aagje Dekenstraat,1,"","",4381RM,Vlissingen
Aagje Dekenstraat,1,"","",4381RM,Vlissingen
Aagje Dekenstraat,1,A,"",4381RM,Vlissingen
Aagje Dekenstraat,1,B,"",4381RM,Vlissingen
Aagje Dekenstraat,3,"","",4381RM,Vlissingen
Aagje Dekenstraat,3,A,"",4381RM,Vlissingen
Aagje Dekenstraat,3,A,"",4381RM,Vlissingen
Aagje Dekenstraat,3,B,"",4381RM,Vlissingen
Aagje Dekenstraat,5,"","",4381RM,Vlissingen
Aagje Dekenstraat,5,A,"",4381RM,Vlissingen
Aagje Dekenstraat,7,"","",4381RM,Vlissingen
Aagje Dekenstraat,7,A,"",4381RM,Vlissingen
Aagje Dekenstraat,101,"","",4381RN,Vlissingen
Aagje Dekenstraat,103,"","",4381RN,Vlissingen
Aagje Dekenstraat,105,"","",4381RN,Vlissingen
Aagje Dekenstraat,107,"","",4381RN,Vlissingen
Aagje Dekenstraat,109,"","",4381RN,Vlissingen
Aagje Dekenstraat,111,"","",4381RN,Vlissingen
Aagje Dekenstraat,113,"","",4381RN,Vlissingen
Aagje Dekenstraat,115,"","",4381RN,Vlissingen
Aagje Dekenstraat,117,"","",4381RN,Vlissingen
Aagje Dekenstraat,119,"","",4381RN,Vlissingen
Aagje Dekenstraat,121,"","",4381RN,Vlissingen
Aagje Dekenstraat,123,"","",4381RN,Vlissingen
Aagje Dekenstraat,125,"","",4381RN,Vlissingen
Aagje Dekenstraat,127,"","",4381RN,Vlissingen
Aagje Dekenstraat,129,"","",4381RN,Vlissingen
Aagje Dekenstraat,131,"","",4381RN,Vlissingen
Aagje Dekenstraat,133,"","",4381RN,Vlissingen
Aagje Dekenstraat,31,"","",4381RN,Vlissingen
Aagje Dekenstraat,33,"","",4381RN,Vlissingen
Aagje Dekenstraat,35,"","",4381RN,Vlissingen
Aagje Dekenstraat,37,"","",4381RN,Vlissingen
Aagje Dekenstraat,39,"","",4381RN,Vlissingen
Aagje Dekenstraat,41,"","",4381RN,Vlissingen
Aagje Dekenstraat,43,"","",4381RN,Vlissingen
Aagje Dekenstraat,45,"","",4381RN,Vlissingen
Aagje Dekenstraat,47,"","",4381RN,Vlissingen
Aagje Dekenstraat,49,"","",4381RN,Vlissingen
Aagje Dekenstraat,51,"","",4381RN,Vlissingen
Aagje Dekenstraat,53,"","",4381RN,Vlissingen
Aagje Dekenstraat,55,"","",4381RN,Vlissingen
Aagje Dekenstraat,57,"","",4381RN,Vlissingen
Aagje Dekenstraat,59,"","",4381RN,Vlissingen
Aagje Dekenstraat,61,"","",4381RN,Vlissingen
Aagje Dekenstraat,63,"","",4381RN,Vlissingen
Aagje Dekenstraat,65,"","",4381RN,Vlissingen
Aagje Dekenstraat,67,"","",4381RN,Vlissingen
Aagje Dekenstraat,69,"","",4381RN,Vlissingen
Aagje Dekenstraat,71,"","",4381RN,Vlissingen
Aagje Dekenstraat,75,"","",4381RN,Vlissingen
Aagje Dekenstraat,77,"","",4381RN,Vlissingen
Aagje Dekenstraat,79,"","",4381RN,Vlissingen
Aagje Dekenstraat,81,"","",4381RN,Vlissingen
Aagje Dekenstraat,81,"","",4381RN,Vlissingen
Aagje Dekenstraat,83,"","",4381RN,Vlissingen
Aagje Dekenstraat,83,"","",4381RN,Vlissingen
Aagje Dekenstraat,83,"","",4381RN,Vlissingen
Aagje Dekenstraat,83,A,"",4381RN,Vlissingen
Aagje Dekenstraat,83,A,"",4381RN,Vlissingen
Aagje Dekenstraat,83,B,"",4381RN,Vlissingen
Aagje Dekenstraat,83,C,"",4381RN,Vlissingen
Aagje Dekenstraat,85,"","",4381RN,Vlissingen
Aagje Dekenstraat,85,"","",4381RN,Vlissingen
Aagje Dekenstraat,87,"","",4381RN,Vlissingen
Aagje Dekenstraat,87,"","",4381RN,Vlissingen
Aagje Dekenstraat,89,"","",4381RN,Vlissingen
Aagje Dekenstraat,89,"","",4381RN,Vlissingen
Aagje Dekenstraat,91,"","",4381RN,Vlissingen
Aagje Dekenstraat,93,"","",4381RN,Vlissingen
Aagje Dekenstraat,95,"","",4381RN,Vlissingen
Aagje Dekenstraat,97,"","",4381RN,Vlissingen
Scheldestraat,1,"",201,4381RP,Vlissingen
Scheldestraat,1,"",203,4381RP,Vlissingen
Scheldestraat,1,"",205,4381RP,Vlissingen
Scheldestraat,1,"",207,4381RP,Vlissingen
Scheldestraat,1,"",209,4381RP,Vlissingen
Scheldestraat,1,"",211,4381RP,Vlissingen
Scheldestraat,1,"",213,4381RP,Vlissingen
Scheldestraat,1,"",215,4381RP,Vlissingen
Scheldestraat,1,"",217,4381RP,Vlissingen
Scheldestraat,1,"",219,4381RP,Vlissingen
Scheldestraat,1,"",221,4381RP,Vlissingen
Scheldestraat,1,"",223,4381RP,Vlissingen
Scheldestraat,1,"",225,4381RP,Vlissingen
Scheldestraat,1,"",227,4381RP,Vlissingen
Scheldestraat,1,"",229,4381RP,Vlissingen
Scheldestraat,1,"",231,4381RP,Vlissingen
Scheldestraat,1,"",233,4381RP,Vlissingen
Scheldestraat,1,"",235,4381RP,Vlissingen
Scheldestraat,1,"",237,4381RP,Vlissingen
Scheldestraat,1,"",239,4381RP,Vlissingen
Scheldestraat,1,"",241,4381RP,Vlissingen
Scheldestraat,1,"",243,4381RP,Vlissingen
Scheldestraat,1,"",245,4381RP,Vlissingen
Scheldestraat,1,"",247,4381RP,Vlissingen
Scheldestraat,1,"",249,4381RP,Vlissingen
Scheldestraat,1,"",251,4381RP,Vlissingen
Scheldestraat,1,"",253,4381RP,Vlissingen
Scheldestraat,11,"","",4381RP,Vlissingen
Scheldestraat,11,"","",4381RP,Vlissingen
Scheldestraat,11,"","",4381RP,Vlissingen
Scheldestraat,11,A,"",4381RP,Vlissingen
Scheldestraat,11,A,"",4381RP,Vlissingen
Scheldestraat,11,B,"",4381RP,Vlissingen
Scheldestraat,11,B,"",4381RP,Vlissingen
Scheldestraat,11,C,"",4381RP,Vlissingen
Scheldestraat,11,C,"",4381RP,Vlissingen
Scheldestraat,11,D,"",4381RP,Vlissingen
Scheldestraat,11,D,"",4381RP,Vlissingen
Scheldestraat,13,"","",4381RP,Vlissingen
Scheldestraat,13,"","",4381RP,Vlissingen
Scheldestraat,15,"","",4381RP,Vlissingen
Scheldestraat,15,A,"",4381RP,Vlissingen
Scheldestraat,17,"","",4381RP,Vlissingen
Scheldestraat,17,A,"",4381RP,Vlissingen
Scheldestraat,19,"","",4381RP,Vlissingen
Scheldestraat,21,"","",4381RP,Vlissingen
Scheldestraat,21,"","",4381RP,Vlissingen
Scheldestraat,23,"","",4381RP,Vlissingen
Scheldestraat,25,"","",4381RP,Vlissingen
Scheldestraat,25,A,"",4381RP,Vlissingen
Scheldestraat,25,B,"",4381RP,Vlissingen
Scheldestraat,27,"","",4381RP,Vlissingen
Scheldestraat,27,A,"",4381RP,Vlissingen
Scheldestraat,29,"","",4381RP,Vlissingen
Scheldestraat,29,A,"",4381RP,Vlissingen
Scheldestraat,29,B,"",4381RP,Vlissingen
Scheldestraat,31,"","",4381RP,Vlissingen
Scheldestraat,31,A,"",4381RP,Vlissingen
Scheldestraat,33,"","",4381RP,Vlissingen
Scheldestraat,33,A,"",4381RP,Vlissingen
Scheldestraat,33,B,"",4381RP,Vlissingen
Scheldestraat,33,C,"",4381RP,Vlissingen
Scheldestraat,33,D,"",4381RP,Vlissingen
Scheldestraat,35,"","",4381RP,Vlissingen
Scheldestraat,35,A,"",4381RP,Vlissingen
Scheldestraat,35,B,"",4381RP,Vlissingen
Scheldestraat,35,C,"",4381RP,Vlissingen
Scheldestraat,35,D,"",4381RP,Vlissingen
Scheldestraat,5,"","",4381RP,Vlissingen
Scheldestraat,5,A,"",4381RP,Vlissingen
Scheldestraat,7,"","",4381RP,Vlissingen
Scheldestraat,7,"","",4381RP,Vlissingen
Scheldestraat,7,A,"",4381RP,Vlissingen
Scheldestraat,9,"","",4381RP,Vlissingen
Scheldestraat,9,"","",4381RP,Vlissingen
Scheldeplein,2,"","",4381RR,Vlissingen
Scheldestraat,37,"","",4381RR,Vlissingen
Scheldestraat,37,A,"",4381RR,Vlissingen
Scheldestraat,39,"","",4381RR,Vlissingen
Scheldestraat,41,"","",4381RR,Vlissingen
Scheldestraat,41,B,"",4381RR,Vlissingen
Scheldestraat,43,"","",4381RR,Vlissingen
Scheldestraat,45,"","",4381RR,Vlissingen
Scheldestraat,45,A,"",4381RR,Vlissingen
Scheldestraat,47,"","",4381RR,Vlissingen
Scheldestraat,47,"","",4381RR,Vlissingen
Scheldestraat,47,A,"",4381RR,Vlissingen
Scheldestraat,49,"","",4381RR,Vlissingen
Scheldestraat,49,"","",4381RR,Vlissingen
Scheldestraat,49,A,"",4381RR,Vlissingen
Scheldestraat,51,"","",4381RR,Vlissingen
Scheldestraat,51,"","",4381RR,Vlissingen
Scheldestraat,51,A,"",4381RR,Vlissingen
Scheldestraat,53,"","",4381RR,Vlissingen
Scheldestraat,53,"","",4381RR,Vlissingen
Scheldestraat,53,A,"",4381RR,Vlissingen
Scheldestraat,55,"","",4381RR,Vlissingen
Scheldestraat,55,A,"",4381RR,Vlissingen
Scheldestraat,57,"","",4381RR,Vlissingen
Scheldestraat,57,A,"",4381RR,Vlissingen
Scheldestraat,10,"","",4381RS,Vlissingen
Scheldestraat,10,A,"",4381RS,Vlissingen
Scheldestraat,10,B,"",4381RS,Vlissingen
Scheldestraat,10,C,"",4381RS,Vlissingen
Scheldestraat,10,D,"",4381RS,Vlissingen
Scheldestraat,10,E,"",4381RS,Vlissingen
Scheldestraat,10,F,"",4381RS,Vlissingen
Scheldestraat,10,G,"",4381RS,Vlissingen
Scheldestraat,10,H,"",4381RS,Vlissingen
Scheldestraat,12,"","",4381RS,Vlissingen
Scheldestraat,12,A,"",4381RS,Vlissingen
Scheldestraat,12,B,"",4381RS,Vlissingen
Scheldestraat,12,C,"",4381RS,Vlissingen
Scheldestraat,12,D,"",4381RS,Vlissingen
Scheldestraat,12,E,"",4381RS,Vlissingen
Scheldestraat,12,F,"",4381RS,Vlissingen
Scheldestraat,12,G,"",4381RS,Vlissingen
Scheldestraat,14,"","",4381RS,Vlissingen
Scheldestraat,16,"","",4381RS,Vlissingen
Scheldestraat,16,"","",4381RS,Vlissingen
Scheldestraat,16,"","",4381RS,Vlissingen
Scheldestraat,16,A,"",4381RS,Vlissingen
Scheldestraat,18,"","",4381RS,Vlissingen
Scheldestraat,18,A,"",4381RS,Vlissingen
Scheldestraat,20,"","",4381RS,Vlissingen
Scheldestraat,20,"",1,4381RS,Vlissingen
Scheldestraat,20,"",2,4381RS,Vlissingen
Scheldestraat,20,"",I,4381RS,Vlissingen
Scheldestraat,20,"",II,4381RS,Vlissingen
Scheldestraat,22,"","",4381RS,Vlissingen
Scheldestraat,22,"",1,4381RS,Vlissingen
Scheldestraat,22,"",2,4381RS,Vlissingen
Scheldestraat,22,"",I,4381RS,Vlissingen
Scheldestraat,22,"",II,4381RS,Vlissingen
Scheldestraat,24,"","",4381RS,Vlissingen
Scheldestraat,6,"","",4381RS,Vlissingen
Scheldestraat,6,"","",4381RS,Vlissingen
Scheldestraat,6,"","",4381RS,Vlissingen
Scheldestraat,8,"","",4381RS,Vlissingen
Scheldestraat,8,"","",4381RS,Vlissingen
Scheldestraat,26,"","",4381RT,Vlissingen
Scheldestraat,26,"","",4381RT,Vlissingen
Scheldestraat,28,"","",4381RT,Vlissingen
Scheldestraat,28,"","",4381RT,Vlissingen
Scheldestraat,28,A,"",4381RT,Vlissingen
Scheldestraat,30,"","",4381RT,Vlissingen
Scheldestraat,30,A,"",4381RT,Vlissingen
Scheldestraat,30,B,"",4381RT,Vlissingen
Scheldestraat,32,"","",4381RT,Vlissingen
Scheldestraat,32,"","",4381RT,Vlissingen
Scheldestraat,32,B,"",4381RT,Vlissingen
Scheldestraat,34,"","",4381RT,Vlissingen
Scheldestraat,34,A,"",4381RT,Vlissingen
Scheldestraat,36,A,"",4381RT,Vlissingen
Scheldestraat,38,"","",4381RT,Vlissingen
Scheldestraat,38,A,"",4381RT,Vlissingen
Scheldestraat,40,"","",4381RT,Vlissingen
Scheldestraat,40,A,"",4381RT,Vlissingen
Scheldestraat,42,"","",4381RT,Vlissingen
Scheldestraat,42,A,"",4381RT,Vlissingen
Scheldestraat,44,"","",4381RT,Vlissingen
Scheldestraat,44,A,"",4381RT,Vlissingen
Scheldestraat,44,A,"",4381RT,Vlissingen
Scheldestraat,46,"","",4381RT,Vlissingen
Scheldestraat,46,A,"",4381RT,Vlissingen
Scheldestraat,48,"","",4381RT,Vlissingen
Scheldestraat,48,A,"",4381RT,Vlissingen
Scheldestraat,50,"","",4381RV,Vlissingen
Scheldestraat,50,A,"",4381RV,Vlissingen
Scheldestraat,52,"","",4381RV,Vlissingen
Scheldestraat,52,A,"",4381RV,Vlissingen
Scheldestraat,52,B,"",4381RV,Vlissingen
Scheldestraat,54,"","",4381RV,Vlissingen
Scheldestraat,54,A,"",4381RV,Vlissingen
Scheldestraat,56,"","",4381RV,Vlissingen
Scheldestraat,58,"","",4381RV,Vlissingen
Scheldestraat,60,"","",4381RV,Vlissingen
Scheldestraat,60,A,"",4381RV,Vlissingen
Scheldestraat,60,A,"",4381RV,Vlissingen
Scheldestraat,60,B,"",4381RV,Vlissingen
Scheldestraat,60,C,"",4381RV,Vlissingen
Scheldestraat,60,D,"",4381RV,Vlissingen
Scheldestraat,62,"","",4381RV,Vlissingen
Scheldestraat,62,A,"",4381RV,Vlissingen
Scheldestraat,64,"","",4381RV,Vlissingen
Scheldestraat,66,"","",4381RV,Vlissingen
Scheldestraat,66,A,"",4381RV,Vlissingen
Scheldestraat,68,"","",4381RV,Vlissingen
Scheldestraat,68,A,"",4381RV,Vlissingen
Scheldestraat,70,"","",4381RW,Vlissingen
Scheldestraat,70,"","",4381RW,Vlissingen
Scheldestraat,70,A,"",4381RW,Vlissingen
Scheldestraat,72,"","",4381RW,Vlissingen
Scheldestraat,74,"","",4381RW,Vlissingen
Scheldestraat,76,"","",4381RW,Vlissingen
Scheldestraat,80,"","",4381RW,Vlissingen
Scheldestraat,82,"","",4381RW,Vlissingen
Glacisstraat,101,"","",4381SB,Vlissingen
Glacisstraat,103,"","",4381SB,Vlissingen
Glacisstraat,105,"","",4381SB,Vlissingen
Glacisstraat,107,"","",4381SB,Vlissingen
Glacisstraat,109,"","",4381SB,Vlissingen
Glacisstraat,109,A,"",4381SB,Vlissingen
Glacisstraat,109,B,"",4381SB,Vlissingen
Glacisstraat,109,C,"",4381SB,Vlissingen
Glacisstraat,109,D,"",4381SB,Vlissingen
Glacisstraat,83,"","",4381SB,Vlissingen
Glacisstraat,85,"","",4381SB,Vlissingen
Glacisstraat,87,"","",4381SB,Vlissingen
Glacisstraat,89,"","",4381SB,Vlissingen
Glacisstraat,91,"","",4381SB,Vlissingen
Glacisstraat,93,"","",4381SB,Vlissingen
Glacisstraat,93,"","",4381SB,Vlissingen
Glacisstraat,93,"","",4381SB,Vlissingen
Glacisstraat,93,A,"",4381SB,Vlissingen
Glacisstraat,93,A,"",4381SB,Vlissingen
Glacisstraat,95,"","",4381SB,Vlissingen
Glacisstraat,97,"","",4381SB,Vlissingen
Glacisstraat,99,"","",4381SB,Vlissingen
Glacisstraat,111,"","",4381SC,Vlissingen
Glacisstraat,113,"","",4381SC,Vlissingen
Glacisstraat,115,"","",4381SC,Vlissingen
Glacisstraat,115,"","",4381SC,Vlissingen
Glacisstraat,115,A,"",4381SC,Vlissingen
Glacisstraat,117,"","",4381SC,Vlissingen
Glacisstraat,117,A,"",4381SC,Vlissingen
Glacisstraat,117,B,"",4381SC,Vlissingen
Glacisstraat,117,C,"",4381SC,Vlissingen
Glacisstraat,119,"","",4381SC,Vlissingen
Glacisstraat,121,"","",4381SC,Vlissingen
Glacisstraat,123,"","",4381SC,Vlissingen
Glacisstraat,125,"","",4381SC,Vlissingen
Glacisstraat,127,"","",4381SC,Vlissingen
Glacisstraat,129,"","",4381SC,Vlissingen
Glacisstraat,131,"","",4381SC,Vlissingen
Glacisstraat,133,"","",4381SC,Vlissingen
Glacisstraat,135,"","",4381SC,Vlissingen
Glacisstraat,137,"","",4381SC,Vlissingen
Glacisstraat,139,"","",4381SC,Vlissingen
Glacisstraat,141,"","",4381SE,Vlissingen
Glacisstraat,143,"","",4381SE,Vlissingen
Glacisstraat,145,"","",4381SE,Vlissingen
Glacisstraat,147,"","",4381SE,Vlissingen
Glacisstraat,149,"","",4381SE,Vlissingen
Glacisstraat,151,"","",4381SE,Vlissingen
Glacisstraat,153,"","",4381SE,Vlissingen
Glacisstraat,157,"","",4381SE,Vlissingen
Glacisstraat,159,"","",4381SE,Vlissingen
Glacisstraat,165,"","",4381SE,Vlissingen
Glacisstraat,100,"",202,4381SG,Vlissingen
Glacisstraat,100,"",204,4381SG,Vlissingen
Glacisstraat,100,"",206,4381SG,Vlissingen
Glacisstraat,100,"",208,4381SG,Vlissingen
Glacisstraat,100,"",210,4381SG,Vlissingen
Glacisstraat,100,"",212,4381SG,Vlissingen
Glacisstraat,100,"",214,4381SG,Vlissingen
Glacisstraat,104,"","",4381SG,Vlissingen
Glacisstraat,104,"","",4381SG,Vlissingen
Glacisstraat,104,A,"",4381SG,Vlissingen
Glacisstraat,104,B,"",4381SG,Vlissingen
Glacisstraat,104,C,"",4381SG,Vlissingen
Glacisstraat,104,D,"",4381SG,Vlissingen
Glacisstraat,104,E,"",4381SG,Vlissingen
Glacisstraat,106,"","",4381SG,Vlissingen
Glacisstraat,110,"","",4381SG,Vlissingen
Glacisstraat,112,"","",4381SG,Vlissingen
Glacisstraat,114,"","",4381SG,Vlissingen
Glacisstraat,116,"","",4381SG,Vlissingen
Glacisstraat,118,"","",4381SG,Vlissingen
Glacisstraat,120,"","",4381SG,Vlissingen
Glacisstraat,122,"","",4381SG,Vlissingen
Glacisstraat,124,"","",4381SG,Vlissingen
Glacisstraat,126,"","",4381SG,Vlissingen
Glacisstraat,128,"","",4381SG,Vlissingen
Glacisstraat,130,"","",4381SG,Vlissingen
Glacisstraat,130,A,"",4381SG,Vlissingen
Glacisstraat,132,"","",4381SG,Vlissingen
Glacisstraat,134,"","",4381SG,Vlissingen
Glacisstraat,136,"","",4381SG,Vlissingen
Glacisstraat,138,"","",4381SG,Vlissingen
Glacisstraat,140,"","",4381SG,Vlissingen
Glacisstraat,142,"","",4381SG,Vlissingen
Glacisstraat,144,"","",4381SG,Vlissingen
Glacisstraat,146,"","",4381SG,Vlissingen
Glacisstraat,148,"","",4381SG,Vlissingen
Glacisstraat,150,"","",4381SH,Vlissingen
Glacisstraat,152,"","",4381SH,Vlissingen
Glacisstraat,154,"","",4381SH,Vlissingen
Glacisstraat,156,"","",4381SH,Vlissingen
Glacisstraat,158,"","",4381SH,Vlissingen
Glacisstraat,160,"","",4381SH,Vlissingen
Glacisstraat,162,"","",4381SH,Vlissingen
Glacisstraat,164,"","",4381SH,Vlissingen
Glacisstraat,166,"","",4381SH,Vlissingen
Glacisstraat,168,"","",4381SH,Vlissingen
Glacisstraat,170,"","",4381SH,Vlissingen
Glacisstraat,172,"","",4381SH,Vlissingen
Glacisstraat,172,"","",4381SH,Vlissingen
Glacisstraat,172,A,"",4381SH,Vlissingen
Glacisstraat,174,"","",4381SH,Vlissingen
Glacisstraat,174,"","",4381SH,Vlissingen
Glacisstraat,174,A,"",4381SH,Vlissingen
Glacisstraat,174,B,"",4381SH,Vlissingen
Glacisstraat,174,B,"",4381SH,Vlissingen
Glacisstraat,174,C,"",4381SH,Vlissingen
Glacisstraat,174,D,"",4381SH,Vlissingen
Glacisstraat,176,"","",4381SH,Vlissingen
Glacisstraat,176,A,"",4381SH,Vlissingen
Glacisstraat,176,B,"",4381SH,Vlissingen
Glacisstraat,176,C,"",4381SH,Vlissingen
Glacisstraat,176,D,"",4381SH,Vlissingen
Glacisstraat,178,"","",4381SH,Vlissingen
Glacisstraat,180,"","",4381SH,Vlissingen
Glacisstraat,182,"","",4381SH,Vlissingen
Glacisstraat,182,"","",4381SH,Vlissingen
Glacisstraat,182,A,"",4381SH,Vlissingen
Glacisstraat,182,B,"",4381SH,Vlissingen
Glacisstraat,182,C,"",4381SH,Vlissingen
Glacisstraat,182,D,"",4381SH,Vlissingen
Glacisstraat,182,E,"",4381SH,Vlissingen
Glacisstraat,182,F,"",4381SH,Vlissingen
Glacisstraat,182,G,"",4381SH,Vlissingen
Glacisstraat,182,H,"",4381SH,Vlissingen
Kasteelstraat,57,"","",4381SJ,Vlissingen
Kasteelstraat,59,"","",4381SJ,Vlissingen
Kasteelstraat,61,"","",4381SJ,Vlissingen
Kasteelstraat,63,"","",4381SJ,Vlissingen
Kasteelstraat,65,"","",4381SJ,Vlissingen
Kasteelstraat,67,"","",4381SJ,Vlissingen
Kasteelstraat,69,"","",4381SJ,Vlissingen
Kasteelstraat,71,"","",4381SJ,Vlissingen
Kasteelstraat,79,"","",4381SJ,Vlissingen
Kasteelstraat,81,"","",4381SJ,Vlissingen
Kasteelstraat,101,"","",4381SK,Vlissingen
Kasteelstraat,101,"","",4381SK,Vlissingen
Kasteelstraat,103,"","",4381SK,Vlissingen
Kasteelstraat,105,"","",4381SK,Vlissingen
Kasteelstraat,109,"","",4381SK,Vlissingen
Kasteelstraat,113,"","",4381SK,Vlissingen
Kasteelstraat,115,"","",4381SK,Vlissingen
Kasteelstraat,117,"","",4381SK,Vlissingen
Kasteelstraat,117,A,"",4381SK,Vlissingen
Kasteelstraat,119,"","",4381SK,Vlissingen
Kasteelstraat,121,"","",4381SK,Vlissingen
Kasteelstraat,123,"","",4381SK,Vlissingen
Kasteelstraat,125,"","",4381SK,Vlissingen
Kasteelstraat,125,"","",4381SK,Vlissingen
Kasteelstraat,125,A,"",4381SK,Vlissingen
Kasteelstraat,127,"","",4381SK,Vlissingen
Kasteelstraat,127,A,"",4381SK,Vlissingen
Kasteelstraat,127,B,"",4381SK,Vlissingen
Kasteelstraat,127,C,"",4381SK,Vlissingen
Kasteelstraat,129,"","",4381SK,Vlissingen
Kasteelstraat,131,"","",4381SK,Vlissingen
Kasteelstraat,133,"","",4381SK,Vlissingen
Kasteelstraat,137,"","",4381SK,Vlissingen
Kasteelstraat,141,"","",4381SK,Vlissingen
Kasteelstraat,143,"","",4381SK,Vlissingen
Kasteelstraat,207,"","",4381SK,Vlissingen
Kasteelstraat,209,"","",4381SK,Vlissingen
Kasteelstraat,211,"","",4381SK,Vlissingen
Kasteelstraat,213,"","",4381SK,Vlissingen
Kasteelstraat,213,"","",4381SK,Vlissingen
Kasteelstraat,215,"","",4381SK,Vlissingen
Kasteelstraat,215,A,"",4381SK,Vlissingen
Kasteelstraat,217,"","",4381SK,Vlissingen
Kasteelstraat,219,"","",4381SK,Vlissingen
Kasteelstraat,219,"","",4381SK,Vlissingen
Kasteelstraat,221,"","",4381SK,Vlissingen
Kasteelstraat,223,"","",4381SK,Vlissingen
Kasteelstraat,225,"","",4381SK,Vlissingen
Kasteelstraat,227,"","",4381SK,Vlissingen
Kasteelstraat,231,"","",4381SK,Vlissingen
Kasteelstraat,233,"","",4381SK,Vlissingen
Kasteelstraat,235,"","",4381SK,Vlissingen
Kasteelstraat,83,"","",4381SK,Vlissingen
Kasteelstraat,85,"","",4381SK,Vlissingen
Kasteelstraat,89,"","",4381SK,Vlissingen
Kasteelstraat,91,"","",4381SK,Vlissingen
Kasteelstraat,95,"","",4381SK,Vlissingen
Kasteelstraat,97,"","",4381SK,Vlissingen
Kasteelstraat,99,"","",4381SK,Vlissingen
Kasteelstraat,99,"","",4381SK,Vlissingen
Kasteelstraat,52,"","",4381SL,Vlissingen
Kasteelstraat,54,"","",4381SL,Vlissingen
Kasteelstraat,56,"","",4381SL,Vlissingen
Kasteelstraat,58,"","",4381SL,Vlissingen
Kasteelstraat,60,"","",4381SL,Vlissingen
Kasteelstraat,60,"","",4381SL,Vlissingen
Kasteelstraat,66,"","",4381SL,Vlissingen
Kasteelstraat,68,"","",4381SL,Vlissingen
Kasteelstraat,70,"","",4381SL,Vlissingen
Kasteelstraat,70,"","",4381SL,Vlissingen
Kasteelstraat,70,"","",4381SL,Vlissingen
Kasteelstraat,70,A,"",4381SL,Vlissingen
Kasteelstraat,72,"","",4381SL,Vlissingen
Kasteelstraat,72,"","",4381SL,Vlissingen
Kasteelstraat,74,"","",4381SL,Vlissingen
Kasteelstraat,74,"","",4381SL,Vlissingen
Kasteelstraat,74,A,"",4381SL,Vlissingen
Kasteelstraat,74,B,"",4381SL,Vlissingen
Kasteelstraat,76,"","",4381SL,Vlissingen
Kasteelstraat,78,"","",4381SL,Vlissingen
Kasteelstraat,80,"","",4381SM,Vlissingen
Kasteelstraat,82,"","",4381SM,Vlissingen
Kasteelstraat,82,"","",4381SM,Vlissingen
Kasteelstraat,84,"","",4381SM,Vlissingen
Kasteelstraat,84,"","",4381SM,Vlissingen
Kasteelstraat,84,A,"",4381SM,Vlissingen
Kasteelstraat,86,"","",4381SM,Vlissingen
Kasteelstraat,88,"","",4381SM,Vlissingen
Kasteelstraat,88,"","",4381SM,Vlissingen
Kasteelstraat,88,A,"",4381SM,Vlissingen
Kasteelstraat,92,"","",4381SM,Vlissingen
Kasteelstraat,94,"","",4381SM,Vlissingen
Kasteelstraat,96,"","",4381SM,Vlissingen
Kasteelstraat,100,"","",4381SN,Vlissingen
Kasteelstraat,102,"","",4381SN,Vlissingen
Kasteelstraat,104,"","",4381SN,Vlissingen
Kasteelstraat,106,"","",4381SN,Vlissingen
Kasteelstraat,110,"","",4381SN,Vlissingen
Kasteelstraat,112,"","",4381SN,Vlissingen
Kasteelstraat,114,"","",4381SN,Vlissingen
Kasteelstraat,116,"","",4381SN,Vlissingen
Kasteelstraat,118,"","",4381SN,Vlissingen
Kasteelstraat,120,"","",4381SN,Vlissingen
Kasteelstraat,122,"","",4381SN,Vlissingen
Kasteelstraat,148,"","",4381SN,Vlissingen
Kasteelstraat,150,"","",4381SN,Vlissingen
Kasteelstraat,152,"","",4381SN,Vlissingen
Kasteelstraat,154,"","",4381SN,Vlissingen
Kasteelstraat,154,"","",4381SN,Vlissingen
Kasteelstraat,156,"","",4381SN,Vlissingen
Kasteelstraat,156,"","",4381SN,Vlissingen
Kasteelstraat,158,"","",4381SN,Vlissingen
Kasteelstraat,158,"","",4381SN,Vlissingen
Kasteelstraat,158,"","",4381SN,Vlissingen
Kasteelstraat,158,A,"",4381SN,Vlissingen
Kasteelstraat,158,B,"",4381SN,Vlissingen
Kasteelstraat,158,C,"",4381SN,Vlissingen
Kasteelstraat,162,"","",4381SN,Vlissingen
Kasteelstraat,166,"","",4381SN,Vlissingen
Kasteelstraat,170,"","",4381SN,Vlissingen
Kasteelstraat,170,"","",4381SN,Vlissingen
Kasteelstraat,174,"","",4381SN,Vlissingen
Kasteelstraat,178,"","",4381SN,Vlissingen
Kasteelstraat,180,"","",4381SN,Vlissingen
Kasteelstraat,182,"","",4381SN,Vlissingen
Kasteelstraat,184,"","",4381SN,Vlissingen
Kasteelstraat,186,"","",4381SN,Vlissingen
Kasteelstraat,188,"","",4381SN,Vlissingen
Kasteelstraat,190,"","",4381SN,Vlissingen
Kasteelstraat,192,"","",4381SN,Vlissingen
Kasteelstraat,194,"","",4381SN,Vlissingen
Kasteelstraat,196,"","",4381SN,Vlissingen
Kasteelstraat,198,"","",4381SN,Vlissingen
Kasteelstraat,198,"","",4381SN,Vlissingen
Kasteelstraat,198,A,"",4381SN,Vlissingen
Kasteelstraat,200,"","",4381SN,Vlissingen
Kasteelstraat,202,"","",4381SN,Vlissingen
Kasteelstraat,202,"","",4381SN,Vlissingen
Kasteelstraat,204,"","",4381SN,Vlissingen
Kasteelstraat,206,"","",4381SN,Vlissingen
Kasteelstraat,208,"","",4381SN,Vlissingen
Kasteelstraat,208,A,"",4381SN,Vlissingen
Kasteelstraat,208,B,"",4381SN,Vlissingen
Kasteelstraat,208,C,"",4381SN,Vlissingen
Kasteelstraat,210,"","",4381SN,Vlissingen
Kasteelstraat,210,"","",4381SN,Vlissingen
Kasteelstraat,212,"","",4381SN,Vlissingen
Kasteelstraat,214,"","",4381SN,Vlissingen
Kasteelstraat,216,"","",4381SN,Vlissingen
Kasteelstraat,218,"","",4381SN,Vlissingen
Nicolaes Honighstraat,1,"","",4381SP,Vlissingen
Nicolaes Honighstraat,11,"","",4381SP,Vlissingen
Nicolaes Honighstraat,13,"","",4381SP,Vlissingen
Nicolaes Honighstraat,15,"","",4381SP,Vlissingen
Nicolaes Honighstraat,17,"","",4381SP,Vlissingen
Nicolaes Honighstraat,19,"","",4381SP,Vlissingen
Nicolaes Honighstraat,21,"","",4381SP,Vlissingen
Nicolaes Honighstraat,23,"","",4381SP,Vlissingen
Nicolaes Honighstraat,25,"","",4381SP,Vlissingen
Nicolaes Honighstraat,27,"","",4381SP,Vlissingen
Nicolaes Honighstraat,29,"","",4381SP,Vlissingen
Nicolaes Honighstraat,3,"","",4381SP,Vlissingen
Nicolaes Honighstraat,35,"","",4381SP,Vlissingen
Nicolaes Honighstraat,37,"","",4381SP,Vlissingen
Nicolaes Honighstraat,5,"","",4381SP,Vlissingen
Nicolaes Honighstraat,5,A,"",4381SP,Vlissingen
Nicolaes Honighstraat,5,B,"",4381SP,Vlissingen
Nicolaes Honighstraat,7,"","",4381SP,Vlissingen
Nicolaes Honighstraat,9,"","",4381SP,Vlissingen
Nicolaes Honighstraat,10,"","",4381SR,Vlissingen
Nicolaes Honighstraat,12,"","",4381SR,Vlissingen
Nicolaes Honighstraat,14,"","",4381SR,Vlissingen
Nicolaes Honighstraat,16,"","",4381SR,Vlissingen
Nicolaes Honighstraat,18,"","",4381SR,Vlissingen
Nicolaes Honighstraat,2,"","",4381SR,Vlissingen
Nicolaes Honighstraat,20,"","",4381SR,Vlissingen
Nicolaes Honighstraat,22,"","",4381SR,Vlissingen
Nicolaes Honighstraat,24,"","",4381SR,Vlissingen
Nicolaes Honighstraat,26,"","",4381SR,Vlissingen
Nicolaes Honighstraat,28,"","",4381SR,Vlissingen
Nicolaes Honighstraat,30,"","",4381SR,Vlissingen
Nicolaes Honighstraat,32,"","",4381SR,Vlissingen
Nicolaes Honighstraat,4,"","",4381SR,Vlissingen
Nicolaes Honighstraat,6,"","",4381SR,Vlissingen
Nicolaes Honighstraat,8,"","",4381SR,Vlissingen
Van Hoorn van Burghstraat,1,"","",4381ST,Vlissingen
Van Hoorn van Burghstraat,11,"","",4381ST,Vlissingen
Van Hoorn van Burghstraat,13,"","",4381ST,Vlissingen
Van Hoorn van Burghstraat,15,"","",4381ST,Vlissingen
Van Hoorn van Burghstraat,17,"","",4381ST,Vlissingen
Van Hoorn van Burghstraat,19,"","",4381ST,Vlissingen
Van Hoorn van Burghstraat,21,"","",4381ST,Vlissingen
Van Hoorn van Burghstraat,23,"","",4381ST,Vlissingen
Van Hoorn van Burghstraat,25,"","",4381ST,Vlissingen
Van Hoorn van Burghstraat,27,"","",4381ST,Vlissingen
Van Hoorn van Burghstraat,29,"","",4381ST,Vlissingen
Van Hoorn van Burghstraat,3,"","",4381ST,Vlissingen
Van Hoorn van Burghstraat,31,"","",4381ST,Vlissingen
Van Hoorn van Burghstraat,5,"","",4381ST,Vlissingen
Van Hoorn van Burghstraat,7,"","",4381ST,Vlissingen
Van Hoorn van Burghstraat,9,"","",4381ST,Vlissingen
Van Hoorn van Burghstraat,10,"","",4381SV,Vlissingen
Van Hoorn van Burghstraat,12,"","",4381SV,Vlissingen
Van Hoorn van Burghstraat,14,"","",4381SV,Vlissingen
Van Hoorn van Burghstraat,16,"","",4381SV,Vlissingen
Van Hoorn van Burghstraat,2,"","",4381SV,Vlissingen
Van Hoorn van Burghstraat,4,"","",4381SV,Vlissingen
Van Hoorn van Burghstraat,6,"","",4381SV,Vlissingen
Van Hoorn van Burghstraat,8,"","",4381SV,Vlissingen
Beckerstraat,3,"","",4381SW,Vlissingen
Beckerstraat,4,"","",4381SW,Vlissingen
Beckerstraat,5,"","",4381SW,Vlissingen
Beckerstraat,6,"","",4381SW,Vlissingen
Lammensstraat,11,"","",4381SX,Vlissingen
Lammensstraat,13,"","",4381SX,Vlissingen
Lammensstraat,15,"","",4381SX,Vlissingen
Lammensstraat,17,"","",4381SX,Vlissingen
Lammensstraat,19,"","",4381SX,Vlissingen
Lammensstraat,21,"","",4381SX,Vlissingen
Lammensstraat,23,"","",4381SX,Vlissingen
Lammensstraat,25,"","",4381SX,Vlissingen
Lammensstraat,27,"","",4381SX,Vlissingen
Lammensstraat,3,"","",4381SX,Vlissingen
Lammensstraat,5,"","",4381SX,Vlissingen
Lammensstraat,5,"","",4381SX,Vlissingen
Lammensstraat,7,"","",4381SX,Vlissingen
Lammensstraat,9,"","",4381SX,Vlissingen
Lammensstraat,10,"","",4381SZ,Vlissingen
Lammensstraat,12,"","",4381SZ,Vlissingen
Lammensstraat,14,"","",4381SZ,Vlissingen
Lammensstraat,16,"","",4381SZ,Vlissingen
Lammensstraat,18,"","",4381SZ,Vlissingen
Lammensstraat,4,"","",4381SZ,Vlissingen
Lammensstraat,6,"","",4381SZ,Vlissingen
Lammensstraat,8,"","",4381SZ,Vlissingen
Hurgronjestraat,1,"","",4381TA,Vlissingen
Hurgronjestraat,11,"","",4381TA,Vlissingen
Hurgronjestraat,13,"","",4381TA,Vlissingen
Hurgronjestraat,15,"","",4381TA,Vlissingen
Hurgronjestraat,3,"","",4381TA,Vlissingen
Hurgronjestraat,5,"","",4381TA,Vlissingen
Hurgronjestraat,7,"","",4381TA,Vlissingen
Hurgronjestraat,9,"","",4381TA,Vlissingen
Hurgronjestraat,10,"","",4381TB,Vlissingen
Hurgronjestraat,12,"","",4381TB,Vlissingen
Hurgronjestraat,14,"","",4381TB,Vlissingen
Hurgronjestraat,16,"","",4381TB,Vlissingen
Hurgronjestraat,18,"","",4381TB,Vlissingen
Hurgronjestraat,2,"","",4381TB,Vlissingen
Hurgronjestraat,20,"","",4381TB,Vlissingen
Hurgronjestraat,22,"","",4381TB,Vlissingen
Hurgronjestraat,24,"","",4381TB,Vlissingen
Hurgronjestraat,26,"","",4381TB,Vlissingen
Hurgronjestraat,28,"","",4381TB,Vlissingen
Hurgronjestraat,4,"","",4381TB,Vlissingen
Hurgronjestraat,6,"","",4381TB,Vlissingen
Hurgronjestraat,8,"","",4381TB,Vlissingen
Van der Swalmestraat,1,"","",4381TC,Vlissingen
Van der Swalmestraat,1,A,"",4381TC,Vlissingen
Van der Swalmestraat,11,"","",4381TC,Vlissingen
Van der Swalmestraat,13,"","",4381TC,Vlissingen
Van der Swalmestraat,15,"","",4381TC,Vlissingen
Van der Swalmestraat,17,"","",4381TC,Vlissingen
Van der Swalmestraat,3,"","",4381TC,Vlissingen
Van der Swalmestraat,5,"","",4381TC,Vlissingen
Van der Swalmestraat,7,"","",4381TC,Vlissingen
Van der Swalmestraat,9,"","",4381TC,Vlissingen
Van der Swalmestraat,10,"","",4381TD,Vlissingen
Van der Swalmestraat,12,"","",4381TD,Vlissingen
Van der Swalmestraat,14,"","",4381TD,Vlissingen
Van der Swalmestraat,16,"","",4381TD,Vlissingen
Van der Swalmestraat,18,"","",4381TD,Vlissingen
Van der Swalmestraat,2,"","",4381TD,Vlissingen
Van der Swalmestraat,2,A,"",4381TD,Vlissingen
Van der Swalmestraat,2,B,"",4381TD,Vlissingen
Van der Swalmestraat,2,C,"",4381TD,Vlissingen
Van der Swalmestraat,20,"","",4381TD,Vlissingen
Van der Swalmestraat,22,"","",4381TD,Vlissingen
Van der Swalmestraat,24,"","",4381TD,Vlissingen
Van der Swalmestraat,4,"","",4381TD,Vlissingen
Van der Swalmestraat,6,"","",4381TD,Vlissingen
Van der Swalmestraat,8,"","",4381TD,Vlissingen
Callenfelsstraat,1,"","",4381TE,Vlissingen
Callenfelsstraat,1,A,"",4381TE,Vlissingen
Callenfelsstraat,1,B,"",4381TE,Vlissingen
Callenfelsstraat,11,"","",4381TE,Vlissingen
Callenfelsstraat,13,"","",4381TE,Vlissingen
Callenfelsstraat,15,"","",4381TE,Vlissingen
Callenfelsstraat,17,"","",4381TE,Vlissingen
Callenfelsstraat,19,"","",4381TE,Vlissingen
Callenfelsstraat,21,"","",4381TE,Vlissingen
Callenfelsstraat,23,"","",4381TE,Vlissingen
Callenfelsstraat,25,"","",4381TE,Vlissingen
Callenfelsstraat,27,"","",4381TE,Vlissingen
Callenfelsstraat,3,"","",4381TE,Vlissingen
Callenfelsstraat,5,"","",4381TE,Vlissingen
Callenfelsstraat,7,"","",4381TE,Vlissingen
Callenfelsstraat,9,"","",4381TE,Vlissingen
Callenfelsstraat,10,"","",4381TG,Vlissingen
Callenfelsstraat,16,"","",4381TG,Vlissingen
Callenfelsstraat,18,"","",4381TG,Vlissingen
Callenfelsstraat,2,"","",4381TG,Vlissingen
Callenfelsstraat,2,"","",4381TG,Vlissingen
Callenfelsstraat,20,"","",4381TG,Vlissingen
Callenfelsstraat,22,"","",4381TG,Vlissingen
Callenfelsstraat,24,"","",4381TG,Vlissingen
Callenfelsstraat,26,"","",4381TG,Vlissingen
Callenfelsstraat,28,"","",4381TG,Vlissingen
Callenfelsstraat,30,"","",4381TG,Vlissingen
Callenfelsstraat,32,"","",4381TG,Vlissingen
Callenfelsstraat,34,"","",4381TG,Vlissingen
Callenfelsstraat,36,"","",4381TG,Vlissingen
Callenfelsstraat,38,"","",4381TG,Vlissingen
Callenfelsstraat,4,"","",4381TG,Vlissingen
Callenfelsstraat,40,"","",4381TG,Vlissingen
Callenfelsstraat,40,"","",4381TG,Vlissingen
Callenfelsstraat,6,"","",4381TG,Vlissingen
Callenfelsstraat,8,"","",4381TG,Vlissingen
Winkelmanstraat,1,"","",4381TH,Vlissingen
Winkelmanstraat,15,"","",4381TH,Vlissingen
Winkelmanstraat,17,"","",4381TH,Vlissingen
Winkelmanstraat,19,"","",4381TH,Vlissingen
Winkelmanstraat,21,"","",4381TH,Vlissingen
Winkelmanstraat,23,"","",4381TH,Vlissingen
Winkelmanstraat,25,"","",4381TH,Vlissingen
Winkelmanstraat,27,"","",4381TH,Vlissingen
Winkelmanstraat,29,"","",4381TH,Vlissingen
Winkelmanstraat,3,"","",4381TH,Vlissingen
Winkelmanstraat,31,"","",4381TH,Vlissingen
Winkelmanstraat,33,"","",4381TH,Vlissingen
Winkelmanstraat,35,"","",4381TH,Vlissingen
Winkelmanstraat,37,"","",4381TH,Vlissingen
Winkelmanstraat,39,"","",4381TH,Vlissingen
Winkelmanstraat,39,"","",4381TH,Vlissingen
Winkelmanstraat,5,"","",4381TH,Vlissingen
Winkelmanstraat,7,"","",4381TH,Vlissingen
Winkelmanstraat,9,"","",4381TH,Vlissingen
Winkelmanstraat,10,"","",4381TJ,Vlissingen
Winkelmanstraat,12,"","",4381TJ,Vlissingen
Winkelmanstraat,14,"","",4381TJ,Vlissingen
Winkelmanstraat,16,"","",4381TJ,Vlissingen
Winkelmanstraat,18,"","",4381TJ,Vlissingen
Winkelmanstraat,20,"","",4381TJ,Vlissingen
Winkelmanstraat,22,"","",4381TJ,Vlissingen
Winkelmanstraat,24,"","",4381TJ,Vlissingen
Winkelmanstraat,24,A,"",4381TJ,Vlissingen
Winkelmanstraat,26,"","",4381TJ,Vlissingen
Winkelmanstraat,28,"","",4381TJ,Vlissingen
Winkelmanstraat,30,"","",4381TJ,Vlissingen
Winkelmanstraat,30,"","",4381TJ,Vlissingen
Winkelmanstraat,32,"","",4381TJ,Vlissingen
Winkelmanstraat,34,"","",4381TJ,Vlissingen
Winkelmanstraat,36,"","",4381TJ,Vlissingen
Winkelmanstraat,4,"","",4381TJ,Vlissingen
Winkelmanstraat,6,"","",4381TJ,Vlissingen
Winkelmanstraat,8,"","",4381TJ,Vlissingen
Verkuijl Quakkelaarstraat,79,"","",4381TK,Vlissingen
Verkuijl Quakkelaarstraat,83,"","",4381TK,Vlissingen
Verkuijl Quakkelaarstraat,87,"","",4381TK,Vlissingen
Verkuijl Quakkelaarstraat,89,"","",4381TK,Vlissingen
Verkuijl Quakkelaarstraat,89,A,"",4381TK,Vlissingen
Verkuijl Quakkelaarstraat,91,"","",4381TK,Vlissingen
Verkuijl Quakkelaarstraat,93,"","",4381TK,Vlissingen
Verkuijl Quakkelaarstraat,95,"","",4381TK,Vlissingen
Verkuijl Quakkelaarstraat,103,"","",4381TL,Vlissingen
Verkuijl Quakkelaarstraat,105,"","",4381TL,Vlissingen
Verkuijl Quakkelaarstraat,107,"","",4381TL,Vlissingen
Verkuijl Quakkelaarstraat,109,"","",4381TL,Vlissingen
Verkuijl Quakkelaarstraat,111,"","",4381TL,Vlissingen
Verkuijl Quakkelaarstraat,115,"","",4381TL,Vlissingen
Verkuijl Quakkelaarstraat,117,"","",4381TL,Vlissingen
Verkuijl Quakkelaarstraat,119,"","",4381TL,Vlissingen
Verkuijl Quakkelaarstraat,119,"","",4381TL,Vlissingen
Verkuijl Quakkelaarstraat,121,"","",4381TL,Vlissingen
Verkuijl Quakkelaarstraat,121,"","",4381TL,Vlissingen
Verkuijl Quakkelaarstraat,123,"","",4381TL,Vlissingen
Verkuijl Quakkelaarstraat,125,"","",4381TL,Vlissingen
Verkuijl Quakkelaarstraat,125,"","",4381TL,Vlissingen
Verkuijl Quakkelaarstraat,127,"","",4381TL,Vlissingen
Verkuijl Quakkelaarstraat,127,"","",4381TL,Vlissingen
Verkuijl Quakkelaarstraat,129,"","",4381TL,Vlissingen
Verkuijl Quakkelaarstraat,129,"","",4381TL,Vlissingen
Verkuijl Quakkelaarstraat,131,"","",4381TL,Vlissingen
Verkuijl Quakkelaarstraat,131,"","",4381TL,Vlissingen
Verkuijl Quakkelaarstraat,133,"","",4381TL,Vlissingen
Verkuijl Quakkelaarstraat,133,"","",4381TL,Vlissingen
Verkuijl Quakkelaarstraat,135,"","",4381TL,Vlissingen
Verkuijl Quakkelaarstraat,135,"","",4381TL,Vlissingen
Verkuijl Quakkelaarstraat,135,"","",4381TL,Vlissingen
Verkuijl Quakkelaarstraat,137,"","",4381TL,Vlissingen
Verkuijl Quakkelaarstraat,137,"","",4381TL,Vlissingen
Verkuijl Quakkelaarstraat,139,"","",4381TL,Vlissingen
Verkuijl Quakkelaarstraat,139,"","",4381TL,Vlissingen
Verkuijl Quakkelaarstraat,141,"","",4381TL,Vlissingen
Verkuijl Quakkelaarstraat,141,"","",4381TL,Vlissingen
Verkuijl Quakkelaarstraat,141,"","",4381TL,Vlissingen
Verkuijl Quakkelaarstraat,143,"","",4381TL,Vlissingen
Verkuijl Quakkelaarstraat,143,"","",4381TL,Vlissingen
Verkuijl Quakkelaarstraat,145,"","",4381TL,Vlissingen
Verkuijl Quakkelaarstraat,145,"","",4381TL,Vlissingen
Verkuijl Quakkelaarstraat,147,"","",4381TL,Vlissingen
Verkuijl Quakkelaarstraat,147,"","",4381TL,Vlissingen
Verkuijl Quakkelaarstraat,149,"","",4381TL,Vlissingen
Verkuijl Quakkelaarstraat,151,"","",4381TM,Vlissingen
Verkuijl Quakkelaarstraat,157,"","",4381TM,Vlissingen
Verkuijl Quakkelaarstraat,159,"","",4381TM,Vlissingen
Verkuijl Quakkelaarstraat,161,"","",4381TM,Vlissingen
Verkuijl Quakkelaarstraat,163,"","",4381TM,Vlissingen
Verkuijl Quakkelaarstraat,165,"","",4381TM,Vlissingen
Verkuijl Quakkelaarstraat,165,"","",4381TM,Vlissingen
Verkuijl Quakkelaarstraat,167,"","",4381TM,Vlissingen
Verkuijl Quakkelaarstraat,167,"","",4381TM,Vlissingen
Verkuijl Quakkelaarstraat,169,"","",4381TM,Vlissingen
Verkuijl Quakkelaarstraat,169,"","",4381TM,Vlissingen
Verkuijl Quakkelaarstraat,171,"","",4381TM,Vlissingen
Verkuijl Quakkelaarstraat,171,"","",4381TM,Vlissingen
Verkuijl Quakkelaarstraat,171,"","",4381TM,Vlissingen
Verkuijl Quakkelaarstraat,173,"","",4381TM,Vlissingen
Verkuijl Quakkelaarstraat,173,"","",4381TM,Vlissingen
Verkuijl Quakkelaarstraat,175,"","",4381TM,Vlissingen
Verkuijl Quakkelaarstraat,175,"","",4381TM,Vlissingen
Verkuijl Quakkelaarstraat,177,"","",4381TM,Vlissingen
Verkuijl Quakkelaarstraat,177,"","",4381TM,Vlissingen
Verkuijl Quakkelaarstraat,179,"","",4381TM,Vlissingen
Verkuijl Quakkelaarstraat,181,"","",4381TM,Vlissingen
Verkuijl Quakkelaarstraat,181,"","",4381TM,Vlissingen
Verkuijl Quakkelaarstraat,183,"","",4381TM,Vlissingen
Verkuijl Quakkelaarstraat,183,"","",4381TM,Vlissingen
Verkuijl Quakkelaarstraat,185,"","",4381TM,Vlissingen
Verkuijl Quakkelaarstraat,185,"","",4381TM,Vlissingen
Verkuijl Quakkelaarstraat,185,"","",4381TM,Vlissingen
Verkuijl Quakkelaarstraat,187,"","",4381TM,Vlissingen
Verkuijl Quakkelaarstraat,187,"","",4381TM,Vlissingen
Verkuijl Quakkelaarstraat,187,"","",4381TM,Vlissingen
Verkuijl Quakkelaarstraat,189,"","",4381TM,Vlissingen
Verkuijl Quakkelaarstraat,189,"","",4381TM,Vlissingen
Verkuijl Quakkelaarstraat,191,"","",4381TN,Vlissingen
Verkuijl Quakkelaarstraat,191,"","",4381TN,Vlissingen
Verkuijl Quakkelaarstraat,193,"","",4381TN,Vlissingen
Verkuijl Quakkelaarstraat,195,"","",4381TN,Vlissingen
Verkuijl Quakkelaarstraat,197,"","",4381TN,Vlissingen
Verkuijl Quakkelaarstraat,199,"","",4381TN,Vlissingen
Verkuijl Quakkelaarstraat,201,"","",4381TN,Vlissingen
Verkuijl Quakkelaarstraat,203,"","",4381TN,Vlissingen
Verkuijl Quakkelaarstraat,205,"","",4381TN,Vlissingen
Verkuijl Quakkelaarstraat,207,"","",4381TN,Vlissingen
Verkuijl Quakkelaarstraat,209,"","",4381TN,Vlissingen
Verkuijl Quakkelaarstraat,211,"","",4381TN,Vlissingen
Verkuijl Quakkelaarstraat,213,"","",4381TN,Vlissingen
Verkuijl Quakkelaarstraat,213,"",G,4381TN,Vlissingen
Verkuijl Quakkelaarstraat,215,"","",4381TN,Vlissingen
Verkuijl Quakkelaarstraat,217,"","",4381TN,Vlissingen
Verkuijl Quakkelaarstraat,219,"","",4381TN,Vlissingen
Verkuijl Quakkelaarstraat,221,"","",4381TN,Vlissingen
Verkuijl Quakkelaarstraat,223,"","",4381TN,Vlissingen
Verkuijl Quakkelaarstraat,225,"","",4381TN,Vlissingen
Verkuijl Quakkelaarstraat,227,"","",4381TN,Vlissingen
Verkuijl Quakkelaarstraat,229,"","",4381TN,Vlissingen
Verkuijl Quakkelaarstraat,231,"","",4381TN,Vlissingen
Verkuijl Quakkelaarstraat,233,"","",4381TN,Vlissingen
Verkuijl Quakkelaarstraat,235,"","",4381TN,Vlissingen
Verkuijl Quakkelaarstraat,237,"","",4381TN,Vlissingen
Verkuijl Quakkelaarstraat,239,"","",4381TN,Vlissingen
Verkuijl Quakkelaarstraat,241,"","",4381TN,Vlissingen
Verkuijl Quakkelaarstraat,243,"","",4381TN,Vlissingen
Verkuijl Quakkelaarstraat,245,"","",4381TN,Vlissingen
Verkuijl Quakkelaarstraat,247,"","",4381TN,Vlissingen
Verkuijl Quakkelaarstraat,249,"","",4381TN,Vlissingen
Verkuijl Quakkelaarstraat,251,"","",4381TN,Vlissingen
Verkuijl Quakkelaarstraat,253,"","",4381TN,Vlissingen
Verkuijl Quakkelaarstraat,255,"","",4381TN,Vlissingen
Verkuijl Quakkelaarstraat,257,"","",4381TN,Vlissingen
Verkuijl Quakkelaarstraat,259,"","",4381TN,Vlissingen
Verkuijl Quakkelaarstraat,261,"","",4381TN,Vlissingen
Verkuijl Quakkelaarstraat,263,"","",4381TN,Vlissingen
Verkuijl Quakkelaarstraat,265,"","",4381TN,Vlissingen
Verkuijl Quakkelaarstraat,267,"","",4381TN,Vlissingen
Verkuijl Quakkelaarstraat,269,"","",4381TN,Vlissingen
Verkuijl Quakkelaarstraat,271,"","",4381TN,Vlissingen
Verkuijl Quakkelaarstraat,273,"","",4381TN,Vlissingen
Verkuijl Quakkelaarstraat,275,"","",4381TN,Vlissingen
Verkuijl Quakkelaarstraat,277,"","",4381TN,Vlissingen
Verkuijl Quakkelaarstraat,277,"","",4381TN,Vlissingen
Verkuijl Quakkelaarstraat,279,"","",4381TN,Vlissingen
Verkuijl Quakkelaarstraat,279,"","",4381TN,Vlissingen
Verkuijl Quakkelaarstraat,281,"","",4381TN,Vlissingen
Verkuijl Quakkelaarstraat,281,"","",4381TN,Vlissingen
Verkuijl Quakkelaarstraat,281,"","",4381TN,Vlissingen
Verkuijl Quakkelaarstraat,283,"","",4381TN,Vlissingen
Verkuijl Quakkelaarstraat,283,"","",4381TN,Vlissingen
Verkuijl Quakkelaarstraat,283,"","",4381TN,Vlissingen
Verkuijl Quakkelaarstraat,285,"","",4381TN,Vlissingen
Verkuijl Quakkelaarstraat,285,"","",4381TN,Vlissingen
Verkuijl Quakkelaarstraat,287,"","",4381TN,Vlissingen
Verkuijl Quakkelaarstraat,287,"","",4381TN,Vlissingen
Verkuijl Quakkelaarstraat,289,"","",4381TN,Vlissingen
Verkuijl Quakkelaarstraat,289,"","",4381TN,Vlissingen
Verkuijl Quakkelaarstraat,291,"","",4381TN,Vlissingen
Verkuijl Quakkelaarstraat,291,"","",4381TN,Vlissingen
Verkuijl Quakkelaarstraat,291,"","",4381TN,Vlissingen
Verkuijl Quakkelaarstraat,293,"","",4381TN,Vlissingen
Verkuijl Quakkelaarstraat,293,"","",4381TN,Vlissingen
Verkuijl Quakkelaarstraat,293,"","",4381TN,Vlissingen
Verkuijl Quakkelaarstraat,295,"","",4381TN,Vlissingen
Verkuijl Quakkelaarstraat,295,"","",4381TN,Vlissingen
Verkuijl Quakkelaarstraat,297,"","",4381TN,Vlissingen
Verkuijl Quakkelaarstraat,297,"","",4381TN,Vlissingen
Verkuijl Quakkelaarstraat,299,"","",4381TN,Vlissingen
Verkuijl Quakkelaarstraat,299,"","",4381TN,Vlissingen
Verkuijl Quakkelaarstraat,301,"","",4381TN,Vlissingen
Verkuijl Quakkelaarstraat,301,"","",4381TN,Vlissingen
Verkuijl Quakkelaarstraat,303,"","",4381TN,Vlissingen
Verkuijl Quakkelaarstraat,303,"","",4381TN,Vlissingen
Verkuijl Quakkelaarstraat,305,"","",4381TN,Vlissingen
Verkuijl Quakkelaarstraat,307,"","",4381TN,Vlissingen
Verkuijl Quakkelaarstraat,309,"","",4381TN,Vlissingen
Verkuijl Quakkelaarstraat,100,"","",4381TP,Vlissingen
Verkuijl Quakkelaarstraat,102,"","",4381TP,Vlissingen
Verkuijl Quakkelaarstraat,104,"","",4381TP,Vlissingen
Verkuijl Quakkelaarstraat,106,"","",4381TP,Vlissingen
Verkuijl Quakkelaarstraat,50,"","",4381TP,Vlissingen
Verkuijl Quakkelaarstraat,52,"","",4381TP,Vlissingen
Verkuijl Quakkelaarstraat,54,"","",4381TP,Vlissingen
Verkuijl Quakkelaarstraat,56,"","",4381TP,Vlissingen
Verkuijl Quakkelaarstraat,58,"","",4381TP,Vlissingen
Verkuijl Quakkelaarstraat,60,"","",4381TP,Vlissingen
Verkuijl Quakkelaarstraat,62,"","",4381TP,Vlissingen
Verkuijl Quakkelaarstraat,64,"","",4381TP,Vlissingen
Verkuijl Quakkelaarstraat,66,"","",4381TP,Vlissingen
Verkuijl Quakkelaarstraat,68,"","",4381TP,Vlissingen
Verkuijl Quakkelaarstraat,70,"","",4381TP,Vlissingen
Verkuijl Quakkelaarstraat,72,"","",4381TP,Vlissingen
Verkuijl Quakkelaarstraat,74,"","",4381TP,Vlissingen
Verkuijl Quakkelaarstraat,76,"","",4381TP,Vlissingen
Verkuijl Quakkelaarstraat,78,"","",4381TP,Vlissingen
Verkuijl Quakkelaarstraat,80,"","",4381TP,Vlissingen
Verkuijl Quakkelaarstraat,82,"","",4381TP,Vlissingen
Verkuijl Quakkelaarstraat,84,"","",4381TP,Vlissingen
Verkuijl Quakkelaarstraat,86,"","",4381TP,Vlissingen
Verkuijl Quakkelaarstraat,88,"","",4381TP,Vlissingen
Verkuijl Quakkelaarstraat,90,"","",4381TP,Vlissingen
Verkuijl Quakkelaarstraat,92,"","",4381TP,Vlissingen
Verkuijl Quakkelaarstraat,94,"","",4381TP,Vlissingen
Verkuijl Quakkelaarstraat,96,"","",4381TP,Vlissingen
Verkuijl Quakkelaarstraat,98,"","",4381TP,Vlissingen
Verkuijl Quakkelaarstraat,104,"","",4381TR,Vlissingen
Verkuijl Quakkelaarstraat,106,"","",4381TR,Vlissingen
Verkuijl Quakkelaarstraat,154,"","",4381TS,Vlissingen
Verkuijl Quakkelaarstraat,154,"","",4381TS,Vlissingen
Verkuijl Quakkelaarstraat,154,A,"",4381TS,Vlissingen
Verkuijl Quakkelaarstraat,156,"","",4381TS,Vlissingen
Verkuijl Quakkelaarstraat,158,"","",4381TS,Vlissingen
Verkuijl Quakkelaarstraat,160,"","",4381TS,Vlissingen
Verkuijl Quakkelaarstraat,162,"","",4381TS,Vlissingen
Verkuijl Quakkelaarstraat,164,"","",4381TS,Vlissingen
Verkuijl Quakkelaarstraat,166,"","",4381TS,Vlissingen
Verkuijl Quakkelaarstraat,168,"","",4381TS,Vlissingen
Verkuijl Quakkelaarstraat,170,"","",4381TS,Vlissingen
Verkuijl Quakkelaarstraat,172,"","",4381TS,Vlissingen
Verkuijl Quakkelaarstraat,176,"","",4381TS,Vlissingen
Verkuijl Quakkelaarstraat,178,"","",4381TS,Vlissingen
Verkuijl Quakkelaarstraat,180,"","",4381TS,Vlissingen
Verkuijl Quakkelaarstraat,182,"","",4381TS,Vlissingen
Verkuijl Quakkelaarstraat,184,"","",4381TS,Vlissingen
Verkuijl Quakkelaarstraat,186,"","",4381TS,Vlissingen
Verkuijl Quakkelaarstraat,188,"","",4381TS,Vlissingen
Verkuijl Quakkelaarstraat,188,"","",4381TS,Vlissingen
Verkuijl Quakkelaarstraat,190,"","",4381TS,Vlissingen
Verkuijl Quakkelaarstraat,190,"","",4381TS,Vlissingen
Verkuijl Quakkelaarstraat,190,"","",4381TS,Vlissingen
Verkuijl Quakkelaarstraat,192,"","",4381TS,Vlissingen
Verkuijl Quakkelaarstraat,194,"","",4381TS,Vlissingen
Verkuijl Quakkelaarstraat,196,"","",4381TS,Vlissingen
Verkuijl Quakkelaarstraat,198,"","",4381TS,Vlissingen
Verkuijl Quakkelaarstraat,200,"","",4381TS,Vlissingen
Verkuijl Quakkelaarstraat,202,"","",4381TS,Vlissingen
Verkuijl Quakkelaarstraat,204,"","",4381TS,Vlissingen
Verkuijl Quakkelaarstraat,206,"","",4381TS,Vlissingen
Verkuijl Quakkelaarstraat,208,"","",4381TS,Vlissingen
Verkuijl Quakkelaarstraat,210,"","",4381TS,Vlissingen
Verkuijl Quakkelaarstraat,212,"","",4381TS,Vlissingen
Verkuijl Quakkelaarstraat,214,"","",4381TS,Vlissingen
Verkuijl Quakkelaarstraat,216,"","",4381TS,Vlissingen
Verkuijl Quakkelaarstraat,218,"","",4381TS,Vlissingen
Verkuijl Quakkelaarstraat,220,"","",4381TS,Vlissingen
Verkuijl Quakkelaarstraat,222,"","",4381TS,Vlissingen
Verkuijl Quakkelaarstraat,224,"","",4381TS,Vlissingen
Verkuijl Quakkelaarstraat,226,"","",4381TS,Vlissingen
Verkuijl Quakkelaarstraat,228,"","",4381TS,Vlissingen
Verkuijl Quakkelaarstraat,230,"","",4381TS,Vlissingen
Verkuijl Quakkelaarstraat,232,"","",4381TS,Vlissingen
Verkuijl Quakkelaarstraat,232,"","",4381TS,Vlissingen
Verkuijl Quakkelaarstraat,232,"","",4381TS,Vlissingen
Verkuijl Quakkelaarstraat,232,A,"",4381TS,Vlissingen
Verkuijl Quakkelaarstraat,232,B,"",4381TS,Vlissingen
Verkuijl Quakkelaarstraat,234,"","",4381TS,Vlissingen
Verkuijl Quakkelaarstraat,234,"","",4381TS,Vlissingen
Verkuijl Quakkelaarstraat,234,"","",4381TS,Vlissingen
Verkuijl Quakkelaarstraat,236,"","",4381TS,Vlissingen
Verkuijl Quakkelaarstraat,236,"","",4381TS,Vlissingen
Verkuijl Quakkelaarstraat,236,"","",4381TS,Vlissingen
Verkuijl Quakkelaarstraat,238,"","",4381TS,Vlissingen
Verkuijl Quakkelaarstraat,238,"","",4381TS,Vlissingen
Verkuijl Quakkelaarstraat,238,"","",4381TS,Vlissingen
Verkuijl Quakkelaarstraat,240,"","",4381TS,Vlissingen
Verkuijl Quakkelaarstraat,240,"","",4381TS,Vlissingen
Verkuijl Quakkelaarstraat,240,"","",4381TS,Vlissingen
Verkuijl Quakkelaarstraat,242,"","",4381TS,Vlissingen
Verkuijl Quakkelaarstraat,242,"","",4381TS,Vlissingen
Verkuijl Quakkelaarstraat,242,"","",4381TS,Vlissingen
Verkuijl Quakkelaarstraat,244,"","",4381TS,Vlissingen
Verkuijl Quakkelaarstraat,244,"","",4381TS,Vlissingen
Verkuijl Quakkelaarstraat,244,"","",4381TS,Vlissingen
Verkuijl Quakkelaarstraat,246,"","",4381TS,Vlissingen
Verkuijl Quakkelaarstraat,248,"","",4381TS,Vlissingen
Verkuijl Quakkelaarstraat,250,"","",4381TS,Vlissingen
Verkuijl Quakkelaarstraat,252,"","",4381TS,Vlissingen
Verkuijl Quakkelaarstraat,254,"","",4381TS,Vlissingen
Verkuijl Quakkelaarstraat,256,"","",4381TS,Vlissingen
Verkuijl Quakkelaarstraat,258,"","",4381TS,Vlissingen
Verkuijl Quakkelaarstraat,260,"","",4381TS,Vlissingen
Verkuijl Quakkelaarstraat,262,"","",4381TS,Vlissingen
Van Dishoeckstraat,13,"","",4381TT,Vlissingen
Van Dishoeckstraat,15,"","",4381TT,Vlissingen
Van Dishoeckstraat,17,"","",4381TT,Vlissingen
Van Dishoeckstraat,19,"","",4381TT,Vlissingen
Van Dishoeckstraat,21,"","",4381TT,Vlissingen
Van Dishoeckstraat,21,A,"",4381TT,Vlissingen
Van Dishoeckstraat,25,"","",4381TT,Vlissingen
Van Dishoeckstraat,27,"","",4381TT,Vlissingen
Van Dishoeckstraat,27,"","",4381TT,Vlissingen
Van Dishoeckstraat,7,"","",4381TT,Vlissingen
Van Dishoeckstraat,7,"","",4381TT,Vlissingen
Van Dishoeckstraat,9,"","",4381TT,Vlissingen
Van Dishoeckstraat,9,"","",4381TT,Vlissingen
Van Dishoeckstraat,29,"","",4381TV,Vlissingen
Van Dishoeckstraat,31,A,"",4381TV,Vlissingen
Van Dishoeckstraat,31,B,"",4381TV,Vlissingen
Van Dishoeckstraat,33,"","",4381TV,Vlissingen
Van Dishoeckstraat,37,"","",4381TV,Vlissingen
Van Dishoeckstraat,39,"","",4381TV,Vlissingen
Van Dishoeckstraat,39,"","",4381TV,Vlissingen
Van Dishoeckstraat,43,"","",4381TV,Vlissingen
Van Dishoeckstraat,47,"","",4381TV,Vlissingen
Van Dishoeckstraat,49,"","",4381TV,Vlissingen
Van Dishoeckstraat,51,"","",4381TV,Vlissingen
Van Dishoeckstraat,53,"","",4381TV,Vlissingen
Van Dishoeckstraat,55,"","",4381TV,Vlissingen
Van Dishoeckstraat,57,"","",4381TV,Vlissingen
Van Dishoeckstraat,59,"","",4381TV,Vlissingen
Van Dishoeckstraat,61,"","",4381TV,Vlissingen
Van Dishoeckstraat,63,"","",4381TV,Vlissingen
Van Dishoeckstraat,65,"","",4381TV,Vlissingen
Van Dishoeckstraat,65,A,"",4381TV,Vlissingen
Van Dishoeckstraat,67,"","",4381TV,Vlissingen
Van Dishoeckstraat,67,A,"",4381TV,Vlissingen
Van Dishoeckstraat,69,"","",4381TV,Vlissingen
Van Dishoeckstraat,71,"","",4381TV,Vlissingen
Van Dishoeckstraat,101,"","",4381TW,Vlissingen
Van Dishoeckstraat,101,"","",4381TW,Vlissingen
Van Dishoeckstraat,103,"","",4381TW,Vlissingen
Van Dishoeckstraat,103,"","",4381TW,Vlissingen
Van Dishoeckstraat,105,"","",4381TW,Vlissingen
Van Dishoeckstraat,105,"","",4381TW,Vlissingen
Van Dishoeckstraat,107,"","",4381TW,Vlissingen
Van Dishoeckstraat,107,"","",4381TW,Vlissingen
Van Dishoeckstraat,109,"","",4381TW,Vlissingen
Van Dishoeckstraat,109,"","",4381TW,Vlissingen
Van Dishoeckstraat,111,"","",4381TW,Vlissingen
Van Dishoeckstraat,111,"","",4381TW,Vlissingen
Van Dishoeckstraat,113,"","",4381TW,Vlissingen
Van Dishoeckstraat,113,"","",4381TW,Vlissingen
Van Dishoeckstraat,115,"","",4381TW,Vlissingen
Van Dishoeckstraat,115,"","",4381TW,Vlissingen
Van Dishoeckstraat,117,"","",4381TW,Vlissingen
Van Dishoeckstraat,117,"","",4381TW,Vlissingen
Van Dishoeckstraat,119,"","",4381TW,Vlissingen
Van Dishoeckstraat,119,"","",4381TW,Vlissingen
Van Dishoeckstraat,73,"","",4381TW,Vlissingen
Van Dishoeckstraat,73,"","",4381TW,Vlissingen
Van Dishoeckstraat,75,"","",4381TW,Vlissingen
Van Dishoeckstraat,75,"","",4381TW,Vlissingen
Van Dishoeckstraat,77,"","",4381TW,Vlissingen
Van Dishoeckstraat,77,"","",4381TW,Vlissingen
Van Dishoeckstraat,79,"","",4381TW,Vlissingen
Van Dishoeckstraat,79,"","",4381TW,Vlissingen
Van Dishoeckstraat,81,"","",4381TW,Vlissingen
Van Dishoeckstraat,81,"","",4381TW,Vlissingen
Van Dishoeckstraat,83,"","",4381TW,Vlissingen
Van Dishoeckstraat,83,"","",4381TW,Vlissingen
Van Dishoeckstraat,85,"","",4381TW,Vlissingen
Van Dishoeckstraat,85,"","",4381TW,Vlissingen
Van Dishoeckstraat,87,"","",4381TW,Vlissingen
Van Dishoeckstraat,87,"","",4381TW,Vlissingen
Van Dishoeckstraat,89,"","",4381TW,Vlissingen
Van Dishoeckstraat,89,"","",4381TW,Vlissingen
Van Dishoeckstraat,91,"","",4381TW,Vlissingen
Van Dishoeckstraat,91,"","",4381TW,Vlissingen
Van Dishoeckstraat,93,"","",4381TW,Vlissingen
Van Dishoeckstraat,93,"","",4381TW,Vlissingen
Van Dishoeckstraat,95,"","",4381TW,Vlissingen
Van Dishoeckstraat,95,"","",4381TW,Vlissingen
Van Dishoeckstraat,97,"","",4381TW,Vlissingen
Van Dishoeckstraat,97,"","",4381TW,Vlissingen
Van Dishoeckstraat,99,"","",4381TW,Vlissingen
Van Dishoeckstraat,99,"","",4381TW,Vlissingen
Van Dishoeckstraat,137,"","",4381TX,Vlissingen
Van Dishoeckstraat,137,"","",4381TX,Vlissingen
Van Dishoeckstraat,139,"","",4381TX,Vlissingen
Van Dishoeckstraat,139,"","",4381TX,Vlissingen
Van Dishoeckstraat,141,"","",4381TX,Vlissingen
Van Dishoeckstraat,143,"","",4381TX,Vlissingen
Van Dishoeckstraat,143,"","",4381TX,Vlissingen
Van Dishoeckstraat,145,"","",4381TX,Vlissingen
Van Dishoeckstraat,100,"","",4381VA,Vlissingen
Van Dishoeckstraat,102,"","",4381VA,Vlissingen
Van Dishoeckstraat,104,"","",4381VA,Vlissingen
Van Dishoeckstraat,106,"","",4381VA,Vlissingen
Van Dishoeckstraat,108,"","",4381VA,Vlissingen
Van Dishoeckstraat,110,"","",4381VA,Vlissingen
Van Dishoeckstraat,112,"","",4381VA,Vlissingen
Van Dishoeckstraat,114,"","",4381VA,Vlissingen
Van Dishoeckstraat,116,"","",4381VA,Vlissingen
Van Dishoeckstraat,118,"","",4381VA,Vlissingen
Van Dishoeckstraat,120,"","",4381VA,Vlissingen
Van Dishoeckstraat,122,"","",4381VA,Vlissingen
Van Dishoeckstraat,124,"","",4381VA,Vlissingen
Van Dishoeckstraat,126,"","",4381VA,Vlissingen
Van Dishoeckstraat,128,"","",4381VA,Vlissingen
Van Dishoeckstraat,130,"","",4381VA,Vlissingen
Van Dishoeckstraat,132,"","",4381VA,Vlissingen
Van Dishoeckstraat,134,"","",4381VA,Vlissingen
Van Dishoeckstraat,136,"","",4381VA,Vlissingen
Van Dishoeckstraat,138,"","",4381VA,Vlissingen
Van Dishoeckstraat,140,"","",4381VA,Vlissingen
Van Dishoeckstraat,142,"","",4381VA,Vlissingen
Van Dishoeckstraat,144,"","",4381VA,Vlissingen
Van Dishoeckstraat,146,"","",4381VA,Vlissingen
Van Dishoeckstraat,147,"","",4381VA,Vlissingen
Van Dishoeckstraat,147,A,"",4381VA,Vlissingen
Van Dishoeckstraat,148,"","",4381VA,Vlissingen
Van Dishoeckstraat,149,"","",4381VA,Vlissingen
Van Dishoeckstraat,150,"","",4381VA,Vlissingen
Van Dishoeckstraat,151,"","",4381VA,Vlissingen
Van Dishoeckstraat,152,"","",4381VA,Vlissingen
Van Dishoeckstraat,153,"","",4381VA,Vlissingen
Van Dishoeckstraat,154,"","",4381VA,Vlissingen
Van Dishoeckstraat,155,"","",4381VA,Vlissingen
Van Dishoeckstraat,156,"","",4381VA,Vlissingen
Van Dishoeckstraat,157,"","",4381VA,Vlissingen
Van Dishoeckstraat,158,"","",4381VA,Vlissingen
Van Dishoeckstraat,159,"","",4381VA,Vlissingen
Van Dishoeckstraat,160,"","",4381VA,Vlissingen
Van Dishoeckstraat,161,"","",4381VA,Vlissingen
Van Dishoeckstraat,162,"","",4381VA,Vlissingen
Van Dishoeckstraat,163,"","",4381VA,Vlissingen
Van Dishoeckstraat,163,"","",4381VA,Vlissingen
Van Dishoeckstraat,164,"","",4381VA,Vlissingen
Van Dishoeckstraat,165,"","",4381VA,Vlissingen
Van Dishoeckstraat,166,"","",4381VA,Vlissingen
Van Dishoeckstraat,167,"","",4381VA,Vlissingen
Van Dishoeckstraat,168,"","",4381VA,Vlissingen
Van Dishoeckstraat,169,"","",4381VA,Vlissingen
Van Dishoeckstraat,169,"","",4381VA,Vlissingen
Van Dishoeckstraat,170,"","",4381VA,Vlissingen
Van Dishoeckstraat,172,"","",4381VA,Vlissingen
Van Dishoeckstraat,174,"","",4381VA,Vlissingen
Van Dishoeckstraat,176,"","",4381VA,Vlissingen
Van Dishoeckstraat,178,"","",4381VA,Vlissingen
Van Dishoeckstraat,180,"","",4381VA,Vlissingen
Van Dishoeckstraat,44,"","",4381VA,Vlissingen
Van Dishoeckstraat,46,"","",4381VA,Vlissingen
Van Dishoeckstraat,48,"","",4381VA,Vlissingen
Van Dishoeckstraat,50,"","",4381VA,Vlissingen
Van Dishoeckstraat,52,"","",4381VA,Vlissingen
Van Dishoeckstraat,54,"","",4381VA,Vlissingen
Van Dishoeckstraat,56,"","",4381VA,Vlissingen
Van Dishoeckstraat,58,"","",4381VA,Vlissingen
Van Dishoeckstraat,60,"","",4381VA,Vlissingen
Van Dishoeckstraat,62,"","",4381VA,Vlissingen
Van Dishoeckstraat,64,"","",4381VA,Vlissingen
Van Dishoeckstraat,66,"","",4381VA,Vlissingen
Van Dishoeckstraat,68,"","",4381VA,Vlissingen
Van Dishoeckstraat,70,"","",4381VA,Vlissingen
Van Dishoeckstraat,72,"","",4381VA,Vlissingen
Van Dishoeckstraat,74,"","",4381VA,Vlissingen
Van Dishoeckstraat,76,"","",4381VA,Vlissingen
Van Dishoeckstraat,78,"","",4381VA,Vlissingen
Van Dishoeckstraat,80,"","",4381VA,Vlissingen
Van Dishoeckstraat,82,"","",4381VA,Vlissingen
Van Dishoeckstraat,84,"","",4381VA,Vlissingen
Van Dishoeckstraat,86,"","",4381VA,Vlissingen
Van Dishoeckstraat,88,"","",4381VA,Vlissingen
Van Dishoeckstraat,90,"","",4381VA,Vlissingen
Van Dishoeckstraat,92,"","",4381VA,Vlissingen
Van Dishoeckstraat,94,"","",4381VA,Vlissingen
Van Dishoeckstraat,96,"","",4381VA,Vlissingen
Van Dishoeckstraat,98,"","",4381VA,Vlissingen
Van de Spiegelstraat,1,"","",4381VB,Vlissingen
Van de Spiegelstraat,11,"","",4381VB,Vlissingen
Van de Spiegelstraat,13,"","",4381VB,Vlissingen
Van de Spiegelstraat,15,"","",4381VB,Vlissingen
Van de Spiegelstraat,17,"","",4381VB,Vlissingen
Van de Spiegelstraat,19,"","",4381VB,Vlissingen
Van de Spiegelstraat,21,"","",4381VB,Vlissingen
Van de Spiegelstraat,23,"","",4381VB,Vlissingen
Van de Spiegelstraat,25,"","",4381VB,Vlissingen
Van de Spiegelstraat,27,"","",4381VB,Vlissingen
Van de Spiegelstraat,29,"","",4381VB,Vlissingen
Van de Spiegelstraat,3,"","",4381VB,Vlissingen
Van de Spiegelstraat,31,"","",4381VB,Vlissingen
Van de Spiegelstraat,33,"","",4381VB,Vlissingen
Van de Spiegelstraat,35,"","",4381VB,Vlissingen
Van de Spiegelstraat,37,"","",4381VB,Vlissingen
Van de Spiegelstraat,39,"","",4381VB,Vlissingen
Van de Spiegelstraat,41,"","",4381VB,Vlissingen
Van de Spiegelstraat,43,"","",4381VB,Vlissingen
Van de Spiegelstraat,5,"","",4381VB,Vlissingen
Van de Spiegelstraat,7,"","",4381VB,Vlissingen
Van de Spiegelstraat,9,"","",4381VB,Vlissingen
Van de Spiegelstraat,100,"","",4381VC,Vlissingen
Van de Spiegelstraat,102,"","",4381VC,Vlissingen
Van de Spiegelstraat,104,"","",4381VC,Vlissingen
Van de Spiegelstraat,40,"","",4381VC,Vlissingen
Van de Spiegelstraat,42,"","",4381VC,Vlissingen
Van de Spiegelstraat,44,"","",4381VC,Vlissingen
Van de Spiegelstraat,45,"","",4381VC,Vlissingen
Van de Spiegelstraat,46,"","",4381VC,Vlissingen
Van de Spiegelstraat,47,"","",4381VC,Vlissingen
Van de Spiegelstraat,48,"","",4381VC,Vlissingen
Van de Spiegelstraat,49,"","",4381VC,Vlissingen
Van de Spiegelstraat,50,"","",4381VC,Vlissingen
Van de Spiegelstraat,51,"","",4381VC,Vlissingen
Van de Spiegelstraat,52,"","",4381VC,Vlissingen
Van de Spiegelstraat,53,"","",4381VC,Vlissingen
Van de Spiegelstraat,54,"","",4381VC,Vlissingen
Van de Spiegelstraat,55,"","",4381VC,Vlissingen
Van de Spiegelstraat,55,B,"",4381VC,Vlissingen
Van de Spiegelstraat,56,"","",4381VC,Vlissingen
Van de Spiegelstraat,57,"","",4381VC,Vlissingen
Van de Spiegelstraat,58,"","",4381VC,Vlissingen
Van de Spiegelstraat,59,"","",4381VC,Vlissingen
Van de Spiegelstraat,60,"","",4381VC,Vlissingen
Van de Spiegelstraat,61,"","",4381VC,Vlissingen
Van de Spiegelstraat,62,"","",4381VC,Vlissingen
Van de Spiegelstraat,63,"","",4381VC,Vlissingen
Van de Spiegelstraat,64,"","",4381VC,Vlissingen
Van de Spiegelstraat,65,"","",4381VC,Vlissingen
Van de Spiegelstraat,66,"","",4381VC,Vlissingen
Van de Spiegelstraat,67,"","",4381VC,Vlissingen
Van de Spiegelstraat,68,"","",4381VC,Vlissingen
Van de Spiegelstraat,69,"","",4381VC,Vlissingen
Van de Spiegelstraat,70,"","",4381VC,Vlissingen
Van de Spiegelstraat,71,"","",4381VC,Vlissingen
Van de Spiegelstraat,71,"","",4381VC,Vlissingen
Van de Spiegelstraat,71,A,"",4381VC,Vlissingen
Van de Spiegelstraat,72,"","",4381VC,Vlissingen
Van de Spiegelstraat,74,"","",4381VC,Vlissingen
Van de Spiegelstraat,76,"","",4381VC,Vlissingen
Van de Spiegelstraat,78,"","",4381VC,Vlissingen
Van de Spiegelstraat,80,"","",4381VC,Vlissingen
Van de Spiegelstraat,82,"","",4381VC,Vlissingen
Van de Spiegelstraat,84,"","",4381VC,Vlissingen
Van de Spiegelstraat,86,"","",4381VC,Vlissingen
Van de Spiegelstraat,88,"","",4381VC,Vlissingen
Van de Spiegelstraat,90,"","",4381VC,Vlissingen
Van de Spiegelstraat,92,"","",4381VC,Vlissingen
Van de Spiegelstraat,94,"","",4381VC,Vlissingen
Van de Spiegelstraat,96,"","",4381VC,Vlissingen
Van de Spiegelstraat,98,"","",4381VC,Vlissingen
Van Nispenplein,10,"","",4381VD,Vlissingen
Van Nispenplein,12,"","",4381VD,Vlissingen
Van Nispenplein,14,"","",4381VD,Vlissingen
Van Nispenplein,16,"","",4381VD,Vlissingen
Van Nispenplein,18,"","",4381VD,Vlissingen
Van Nispenplein,2,"","",4381VD,Vlissingen
Van Nispenplein,20,"","",4381VD,Vlissingen
Van Nispenplein,22,"","",4381VD,Vlissingen
Van Nispenplein,24,"","",4381VD,Vlissingen
Van Nispenplein,26,"","",4381VD,Vlissingen
Van Nispenplein,28,"","",4381VD,Vlissingen
Van Nispenplein,30,"","",4381VD,Vlissingen
Van Nispenplein,32,"","",4381VD,Vlissingen
Van Nispenplein,4,"","",4381VD,Vlissingen
Van Nispenplein,6,"","",4381VD,Vlissingen
Van Nispenplein,8,"","",4381VD,Vlissingen
Singel,157,"","",4381VG,Vlissingen
Singel,159,"","",4381VG,Vlissingen
Singel,161,"","",4381VG,Vlissingen
Singel,163,"","",4381VG,Vlissingen
Singel,165,"","",4381VG,Vlissingen
Singel,167,"","",4381VG,Vlissingen
Singel,169,"","",4381VG,Vlissingen
Singel,173,"","",4381VG,Vlissingen
Singel,175,"","",4381VG,Vlissingen
Singel,177,"","",4381VG,Vlissingen
Singel,183,"","",4381VG,Vlissingen
Singel,185,"","",4381VG,Vlissingen
Singel,189,"","",4381VG,Vlissingen
Singel,191,"","",4381VG,Vlissingen
Singel,193,"","",4381VG,Vlissingen
Singel,195,"","",4381VG,Vlissingen
Singel,195,A,"",4381VG,Vlissingen
Singel,197,"","",4381VG,Vlissingen
Singel,199,"","",4381VG,Vlissingen
Singel,199,A,"",4381VG,Vlissingen
Singel,201,"","",4381VH,Vlissingen
Singel,203,"","",4381VH,Vlissingen
Singel,205,"","",4381VH,Vlissingen
Singel,207,"","",4381VH,Vlissingen
Singel,209,"","",4381VH,Vlissingen
Singel,211,"","",4381VH,Vlissingen
Singel,213,"","",4381VH,Vlissingen
Singel,215,"","",4381VH,Vlissingen
Singel,217,"","",4381VH,Vlissingen
Singel,219,"","",4381VH,Vlissingen
Singel,221,"","",4381VH,Vlissingen
Singel,223,"","",4381VH,Vlissingen
Singel,225,"","",4381VH,Vlissingen
Singel,227,"","",4381VH,Vlissingen
Singel,229,"","",4381VH,Vlissingen
Singel,231,"","",4381VJ,Vlissingen
Singel,233,"","",4381VJ,Vlissingen
Singel,235,"","",4381VJ,Vlissingen
Singel,237,"","",4381VJ,Vlissingen
Singel,239,"","",4381VJ,Vlissingen
Singel,241,"","",4381VJ,Vlissingen
Singel,243,"","",4381VJ,Vlissingen
Singel,245,"","",4381VJ,Vlissingen
Singel,247,"","",4381VJ,Vlissingen
Singel,249,"","",4381VJ,Vlissingen
Singel,251,"","",4381VJ,Vlissingen
Singel,253,"","",4381VJ,Vlissingen
Singel,255,"","",4381VJ,Vlissingen
Singel,257,"","",4381VJ,Vlissingen
Singel,259,"","",4381VJ,Vlissingen
Singel,259,"","",4381VJ,Vlissingen
Singel,261,"","",4381VJ,Vlissingen
Singel,256,"","",4381VL,Vlissingen
Singel,258,"","",4381VL,Vlissingen
Singel,258,"","",4381VL,Vlissingen
Singel,258,A,"",4381VL,Vlissingen
Singel,260,"","",4381VL,Vlissingen
Singel,264,"","",4381VL,Vlissingen
Singel,268,"","",4381VL,Vlissingen
Singel,270,"","",4381VL,Vlissingen
Singel,274,"","",4381VL,Vlissingen
Singel,278,"","",4381VL,Vlissingen
Singel,280,"","",4381VL,Vlissingen
Singel,282,"","",4381VL,Vlissingen
Singel,284,"","",4381VL,Vlissingen
Singel,286,"","",4381VL,Vlissingen
Singel,288,"","",4381VL,Vlissingen
Singel,290,"","",4381VM,Vlissingen
Singel,292,"","",4381VM,Vlissingen
Singel,294,"","",4381VM,Vlissingen
Singel,296,"","",4381VM,Vlissingen
Singel,298,"","",4381VM,Vlissingen
Singel,300,"","",4381VM,Vlissingen
Singel,302,"","",4381VM,Vlissingen
Singel,304,"","",4381VM,Vlissingen
Singel,304,A,"",4381VM,Vlissingen
Singel,306,"","",4381VM,Vlissingen
Singel,308,"","",4381VM,Vlissingen
Singel,310,"","",4381VM,Vlissingen
Singel,314,"","",4381VM,Vlissingen
Singel,316,"","",4381VM,Vlissingen
Singel,318,"","",4381VM,Vlissingen
Singel,320,"","",4381VN,Vlissingen
Singel,322,"","",4381VN,Vlissingen
Singel,324,"","",4381VN,Vlissingen
Singel,326,"","",4381VN,Vlissingen
Singel,328,"","",4381VN,Vlissingen
Singel,330,"","",4381VN,Vlissingen
Singel,332,"","",4381VN,Vlissingen
Singel,334,"","",4381VN,Vlissingen
Singel,334,"","",4381VN,Vlissingen
Singel,338,"","",4381VN,Vlissingen
Singel,340,"","",4381VN,Vlissingen
Singel,344,"","",4381VN,Vlissingen
Singel,346,"","",4381VN,Vlissingen
Singel,348,"","",4381VN,Vlissingen
Singel,350,"","",4381VP,Vlissingen
Singel,354,"","",4381VP,Vlissingen
Singel,354,"","",4381VP,Vlissingen
Singel,356,"","",4381VP,Vlissingen
Singel,358,"","",4381VP,Vlissingen
Singel,360,"","",4381VP,Vlissingen
Singel,362,"","",4381VP,Vlissingen
Singel,362,A,"",4381VP,Vlissingen
Singel,364,"","",4381VP,Vlissingen
Singel,366,"","",4381VP,Vlissingen
Singel,368,"","",4381VP,Vlissingen
Singel,370,"","",4381VP,Vlissingen
Singel,372,"","",4381VP,Vlissingen
Singel,372,"","",4381VP,Vlissingen
Singel,374,"","",4381VP,Vlissingen
Singel,376,"","",4381VP,Vlissingen
Singel,378,"","",4381VP,Vlissingen
Singel,380,"","",4381VP,Vlissingen
Singel,382,"","",4381VP,Vlissingen
Singel,384,"","",4381VP,Vlissingen
Singel,386,"","",4381VP,Vlissingen
Singel,388,"","",4381VP,Vlissingen
Singel,390,"","",4381VP,Vlissingen
Singel,392,"","",4381VP,Vlissingen
Singel,394,"","",4381VP,Vlissingen
Singel,396,"","",4381VP,Vlissingen
Singel,398,"","",4381VP,Vlissingen
Singel,400,"","",4381VP,Vlissingen
Singel,402,"","",4381VP,Vlissingen
Singel,404,"","",4381VP,Vlissingen
Singel,406,"","",4381VP,Vlissingen
Singel,408,"","",4381VP,Vlissingen
Singel,410,"","",4381VP,Vlissingen
Singel,412,"","",4381VP,Vlissingen
Singel,414,"","",4381VP,Vlissingen
Singel,416,"","",4381VP,Vlissingen
Singel,418,"","",4381VP,Vlissingen
Singel,420,"","",4381VP,Vlissingen
Singel,422,"","",4381VP,Vlissingen
Singel,424,"","",4381VP,Vlissingen
Singel,426,"","",4381VP,Vlissingen
Singel,428,"","",4381VP,Vlissingen
Singel,430,"","",4381VP,Vlissingen
Singel,432,"","",4381VP,Vlissingen
Singel,434,"","",4381VP,Vlissingen
Singel,436,"","",4381VP,Vlissingen
Singel,438,"","",4381VP,Vlissingen
Singel,438,"","",4381VP,Vlissingen
Singel,440,"","",4381VP,Vlissingen
Singel,442,"","",4381VP,Vlissingen
Singel,444,"","",4381VP,Vlissingen
Singel,446,"","",4381VP,Vlissingen
Singel,448,"","",4381VP,Vlissingen
Singel,450,"","",4381VP,Vlissingen
Singel,452,"","",4381VP,Vlissingen
Singel,454,"","",4381VP,Vlissingen
Singel,456,"","",4381VP,Vlissingen
Singel,458,"","",4381VP,Vlissingen
Singel,460,"","",4381VP,Vlissingen
Singel,462,"","",4381VP,Vlissingen
Singel,464,"","",4381VP,Vlissingen
Singel,466,"","",4381VP,Vlissingen
Singel,468,"","",4381VP,Vlissingen
Singel,470,"","",4381VP,Vlissingen
Singel,472,"","",4381VP,Vlissingen
Singel,474,"","",4381VP,Vlissingen
Singel,476,"","",4381VP,Vlissingen
Singel,478,"","",4381VP,Vlissingen
Singel,480,"","",4381VP,Vlissingen
Singel,482,"","",4381VP,Vlissingen
Singel,484,"","",4381VP,Vlissingen
Singel,486,"","",4381VP,Vlissingen
Singel,488,"","",4381VP,Vlissingen
Singel,490,"","",4381VP,Vlissingen
Singel,492,"","",4381VP,Vlissingen
Singel,494,"","",4381VP,Vlissingen
Singel,496,"","",4381VP,Vlissingen
Singel,498,"","",4381VP,Vlissingen
Singel,500,"","",4381VP,Vlissingen
Singel,502,"","",4381VP,Vlissingen
Singel,504,"","",4381VP,Vlissingen
Singel,506,"","",4381VP,Vlissingen
Singel,508,"","",4381VP,Vlissingen
Singel,510,"","",4381VP,Vlissingen
Singel,512,"","",4381VP,Vlissingen
Singel,514,"","",4381VP,Vlissingen
Singel,516,"","",4381VP,Vlissingen
Singel,518,"","",4381VP,Vlissingen
Singel,520,"","",4381VP,Vlissingen
Singel,522,"","",4381VP,Vlissingen
Singel,524,"","",4381VP,Vlissingen
Singel,526,"","",4381VP,Vlissingen
Van der Manderestraat,11,"","",4381VR,Vlissingen
Van der Manderestraat,13,"","",4381VR,Vlissingen
Van der Manderestraat,13,"","",4381VR,Vlissingen
Van der Manderestraat,13,A,"",4381VR,Vlissingen
Van der Manderestraat,15,"","",4381VR,Vlissingen
Van der Manderestraat,17,"","",4381VR,Vlissingen
Van der Manderestraat,19,"","",4381VR,Vlissingen
Van der Manderestraat,3,"","",4381VR,Vlissingen
Van der Manderestraat,5,"","",4381VR,Vlissingen
Van der Manderestraat,7,"","",4381VR,Vlissingen
Van der Manderestraat,9,"","",4381VR,Vlissingen
Van der Manderestraat,10,"","",4381VS,Vlissingen
Van der Manderestraat,12,"","",4381VS,Vlissingen
Van der Manderestraat,14,"","",4381VS,Vlissingen
Van der Manderestraat,16,"","",4381VS,Vlissingen
Van der Manderestraat,18,"","",4381VS,Vlissingen
Van der Manderestraat,2,"","",4381VS,Vlissingen
Van der Manderestraat,2,A,"",4381VS,Vlissingen
Van der Manderestraat,2,B,"",4381VS,Vlissingen
Van der Manderestraat,20,"","",4381VS,Vlissingen
Van der Manderestraat,22,"","",4381VS,Vlissingen
Van der Manderestraat,24,"","",4381VS,Vlissingen
Van der Manderestraat,26,"","",4381VS,Vlissingen
Van der Manderestraat,28,"","",4381VS,Vlissingen
Van der Manderestraat,30,"","",4381VS,Vlissingen
Van der Manderestraat,32,"","",4381VS,Vlissingen
Van der Manderestraat,34,"","",4381VS,Vlissingen
Van der Manderestraat,36,"","",4381VS,Vlissingen
Van der Manderestraat,38,"","",4381VS,Vlissingen
Van der Manderestraat,4,"","",4381VS,Vlissingen
Van der Manderestraat,4,"","",4381VS,Vlissingen
Van der Manderestraat,4,"","",4381VS,Vlissingen
Van der Manderestraat,4,"","",4381VS,Vlissingen
Van der Manderestraat,4,"","",4381VS,Vlissingen
Van der Manderestraat,4,A,"",4381VS,Vlissingen
Van der Manderestraat,4,A,"",4381VS,Vlissingen
Van der Manderestraat,4,A,"",4381VS,Vlissingen
Van der Manderestraat,4,A,"",4381VS,Vlissingen
Van der Manderestraat,4,A,"",4381VS,Vlissingen
Van der Manderestraat,4,B,"",4381VS,Vlissingen
Van der Manderestraat,4,B,"",4381VS,Vlissingen
Van der Manderestraat,40,"","",4381VS,Vlissingen
Van der Manderestraat,42,"","",4381VS,Vlissingen
Van der Manderestraat,6,"","",4381VS,Vlissingen
Van der Manderestraat,8,"","",4381VS,Vlissingen
De Lannoystraat,1,"","",4381VT,Vlissingen
De Lannoystraat,11,"","",4381VT,Vlissingen
De Lannoystraat,13,"","",4381VT,Vlissingen
De Lannoystraat,15,"","",4381VT,Vlissingen
De Lannoystraat,17,"","",4381VT,Vlissingen
De Lannoystraat,19,"","",4381VT,Vlissingen
De Lannoystraat,19,A,"",4381VT,Vlissingen
De Lannoystraat,19,B,"",4381VT,Vlissingen
De Lannoystraat,2,"","",4381VT,Vlissingen
De Lannoystraat,21,"","",4381VT,Vlissingen
De Lannoystraat,23,"","",4381VT,Vlissingen
De Lannoystraat,25,"","",4381VT,Vlissingen
De Lannoystraat,3,"","",4381VT,Vlissingen
De Lannoystraat,4,"","",4381VT,Vlissingen
De Lannoystraat,5,"","",4381VT,Vlissingen
De Lannoystraat,5,A,"",4381VT,Vlissingen
De Lannoystraat,6,"","",4381VT,Vlissingen
De Lannoystraat,7,"","",4381VT,Vlissingen
De Lannoystraat,7,A,"",4381VT,Vlissingen
De Lannoystraat,8,"","",4381VT,Vlissingen
De Lannoystraat,9,"","",4381VT,Vlissingen
Paul Krugerstraat,2,"",11,4381WB,Vlissingen
Paul Krugerstraat,2,"",12,4381WB,Vlissingen
Paul Krugerstraat,2,"",13,4381WB,Vlissingen
Paul Krugerstraat,2,"",14,4381WB,Vlissingen
Paul Krugerstraat,2,"",15,4381WB,Vlissingen
Paul Krugerstraat,2,"",16,4381WB,Vlissingen
Paul Krugerstraat,2,"",17,4381WB,Vlissingen
Paul Krugerstraat,2,"",18,4381WB,Vlissingen
Paul Krugerstraat,2,"",19,4381WB,Vlissingen
Paul Krugerstraat,2,"",21,4381WB,Vlissingen
Paul Krugerstraat,2,"",22,4381WB,Vlissingen
Paul Krugerstraat,2,"",23,4381WB,Vlissingen
Paul Krugerstraat,2,"",24,4381WB,Vlissingen
Paul Krugerstraat,2,"",25,4381WB,Vlissingen
Paul Krugerstraat,2,"",26,4381WB,Vlissingen
Paul Krugerstraat,2,"",27,4381WB,Vlissingen
Paul Krugerstraat,2,"",28,4381WB,Vlissingen
Paul Krugerstraat,2,"",29,4381WB,Vlissingen
Paul Krugerstraat,2,"",31,4381WB,Vlissingen
Paul Krugerstraat,2,"",32,4381WB,Vlissingen
Paul Krugerstraat,2,"",33,4381WB,Vlissingen
Paul Krugerstraat,2,"",34,4381WB,Vlissingen
Paul Krugerstraat,2,"",35,4381WB,Vlissingen
Paul Krugerstraat,2,"",36,4381WB,Vlissingen
Paul Krugerstraat,2,"",37,4381WB,Vlissingen
Paul Krugerstraat,2,"",38,4381WB,Vlissingen
Paul Krugerstraat,2,"",39,4381WB,Vlissingen
Paul Krugerstraat,2,"",41,4381WB,Vlissingen
Paul Krugerstraat,2,"",42,4381WB,Vlissingen
Paul Krugerstraat,2,"",43,4381WB,Vlissingen
Paul Krugerstraat,2,"",44,4381WB,Vlissingen
Paul Krugerstraat,2,"",45,4381WB,Vlissingen
Paul Krugerstraat,2,"",46,4381WB,Vlissingen
Paul Krugerstraat,2,"",47,4381WB,Vlissingen
Paul Krugerstraat,2,"",48,4381WB,Vlissingen
Paul Krugerstraat,2,"",49,4381WB,Vlissingen
Paul Krugerstraat,10,"","",4381WC,Vlissingen
Paul Krugerstraat,10,"","",4381WC,Vlissingen
Paul Krugerstraat,12,"","",4381WC,Vlissingen
Paul Krugerstraat,4,"","",4381WC,Vlissingen
Paul Krugerstraat,6,"","",4381WC,Vlissingen
Paul Krugerstraat,8,"","",4381WC,Vlissingen
Paul Krugerstraat,8,"","",4381WC,Vlissingen
Paul Krugerstraat,20,"",500,4381WD,Vlissingen
Paul Krugerstraat,20,"",502,4381WD,Vlissingen
Paul Krugerstraat,20,"",504,4381WD,Vlissingen
Paul Krugerstraat,20,"",506,4381WD,Vlissingen
Paul Krugerstraat,20,"",508,4381WD,Vlissingen
Paul Krugerstraat,20,"",510,4381WD,Vlissingen
Paul Krugerstraat,20,"",512,4381WD,Vlissingen
Paul Krugerstraat,20,"",514,4381WD,Vlissingen
Paul Krugerstraat,20,"",516,4381WD,Vlissingen
Paul Krugerstraat,20,"",518,4381WD,Vlissingen
Paul Krugerstraat,20,"",520,4381WD,Vlissingen
Paul Krugerstraat,20,"",522,4381WD,Vlissingen
Paul Krugerstraat,20,"",524,4381WD,Vlissingen
Paul Krugerstraat,20,"",526,4381WD,Vlissingen
Paul Krugerstraat,20,"",528,4381WD,Vlissingen
Paul Krugerstraat,20,"",530,4381WD,Vlissingen
Paul Krugerstraat,20,"",532,4381WD,Vlissingen
Paul Krugerstraat,20,"",534,4381WD,Vlissingen
Paul Krugerstraat,20,"",536,4381WD,Vlissingen
Paul Krugerstraat,20,"",538,4381WD,Vlissingen
Paul Krugerstraat,20,"",540,4381WD,Vlissingen
Paul Krugerstraat,20,"",542,4381WD,Vlissingen
Paul Krugerstraat,20,"",544,4381WD,Vlissingen
Paul Krugerstraat,20,"",546,4381WD,Vlissingen
Paul Krugerstraat,20,"",548,4381WD,Vlissingen
Paul Krugerstraat,20,"",550,4381WD,Vlissingen
Paul Krugerstraat,20,"",552,4381WD,Vlissingen
Paul Krugerstraat,20,"",554,4381WD,Vlissingen
Paul Krugerstraat,28,"","",4381WE,Vlissingen
Paul Krugerstraat,30,"","",4381WE,Vlissingen
Paul Krugerstraat,30,"","",4381WE,Vlissingen
Paul Krugerstraat,30,"","",4381WE,Vlissingen
Paul Krugerstraat,34,"","",4381WE,Vlissingen
Paul Krugerstraat,36,"","",4381WE,Vlissingen
Paul Krugerstraat,38,"","",4381WE,Vlissingen
Paul Krugerstraat,40,"","",4381WE,Vlissingen
Paul Krugerstraat,44,"","",4381WE,Vlissingen
Paul Krugerstraat,48,"","",4381WE,Vlissingen
Paul Krugerstraat,56,"","",4381WE,Vlissingen
Paul Krugerstraat,58,"","",4381WE,Vlissingen
Paul Krugerstraat,58,"","",4381WE,Vlissingen
Paul Krugerstraat,68,"",600,4381WE,Vlissingen
Paul Krugerstraat,68,"",604,4381WE,Vlissingen
Paul Krugerstraat,68,"",606,4381WE,Vlissingen
Paul Krugerstraat,68,"",612,4381WE,Vlissingen
Paul Krugerstraat,68,"",614,4381WE,Vlissingen
Paul Krugerstraat,68,"",620,4381WE,Vlissingen
Paul Krugerstraat,68,"",622,4381WE,Vlissingen
Paul Krugerstraat,68,"",628,4381WE,Vlissingen
Paul Krugerstraat,68,"",630,4381WE,Vlissingen
Paul Krugerstraat,70,"",602,4381WG,Vlissingen
Paul Krugerstraat,70,"",608,4381WG,Vlissingen
Paul Krugerstraat,70,"",610,4381WG,Vlissingen
Paul Krugerstraat,70,"",616,4381WG,Vlissingen
Paul Krugerstraat,70,"",618,4381WG,Vlissingen
Paul Krugerstraat,70,"",624,4381WG,Vlissingen
Paul Krugerstraat,70,"",626,4381WG,Vlissingen
Paul Krugerstraat,70,"",632,4381WG,Vlissingen
Paul Krugerstraat,70,"",634,4381WG,Vlissingen
Paul Krugerstraat,100,"","",4381WH,Vlissingen
Paul Krugerstraat,102,"","",4381WH,Vlissingen
Paul Krugerstraat,104,"","",4381WH,Vlissingen
Paul Krugerstraat,106,"","",4381WH,Vlissingen
Paul Krugerstraat,108,"","",4381WH,Vlissingen
Paul Krugerstraat,72,"","",4381WH,Vlissingen
Paul Krugerstraat,76,"","",4381WH,Vlissingen
Paul Krugerstraat,78,"","",4381WH,Vlissingen
Paul Krugerstraat,78,A,"",4381WH,Vlissingen
Paul Krugerstraat,80,"","",4381WH,Vlissingen
Paul Krugerstraat,82,"","",4381WH,Vlissingen
Paul Krugerstraat,82,A,"",4381WH,Vlissingen
Paul Krugerstraat,84,"","",4381WH,Vlissingen
Paul Krugerstraat,86,"","",4381WH,Vlissingen
Paul Krugerstraat,88,"","",4381WH,Vlissingen
Paul Krugerstraat,88,A,"",4381WH,Vlissingen
Paul Krugerstraat,90,"","",4381WH,Vlissingen
Paul Krugerstraat,92,"","",4381WH,Vlissingen
Paul Krugerstraat,96,"","",4381WH,Vlissingen
Paul Krugerstraat,98,"","",4381WH,Vlissingen
Paul Krugerstraat,110,"","",4381WJ,Vlissingen
Paul Krugerstraat,112,"","",4381WJ,Vlissingen
Paul Krugerstraat,114,"","",4381WJ,Vlissingen
Paul Krugerstraat,116,"","",4381WJ,Vlissingen
Paul Krugerstraat,116,"","",4381WJ,Vlissingen
Paul Krugerstraat,116,A,"",4381WJ,Vlissingen
Paul Krugerstraat,118,"","",4381WJ,Vlissingen
Paul Krugerstraat,120,"","",4381WJ,Vlissingen
Paul Krugerstraat,122,"","",4381WJ,Vlissingen
Paul Krugerstraat,124,"","",4381WJ,Vlissingen
Paul Krugerstraat,126,"","",4381WJ,Vlissingen
Paul Krugerstraat,128,"","",4381WJ,Vlissingen
Paul Krugerstraat,130,"","",4381WJ,Vlissingen
Paul Krugerstraat,132,"","",4381WJ,Vlissingen
Paul Krugerstraat,134,"","",4381WJ,Vlissingen
Paul Krugerstraat,134,A,"",4381WJ,Vlissingen
Paul Krugerstraat,136,"","",4381WJ,Vlissingen
Paul Krugerstraat,138,"","",4381WJ,Vlissingen
Paul Krugerstraat,138,A,"",4381WJ,Vlissingen
Paul Krugerstraat,140,"","",4381WJ,Vlissingen
Paul Krugerstraat,142,"","",4381WJ,Vlissingen
Paul Krugerstraat,146,"","",4381WK,Vlissingen
Paul Krugerstraat,148,"","",4381WK,Vlissingen
Paul Krugerstraat,150,"","",4381WK,Vlissingen
Paul Krugerstraat,150,A,"",4381WK,Vlissingen
Paul Krugerstraat,152,"","",4381WK,Vlissingen
Paul Krugerstraat,152,"","",4381WK,Vlissingen
Paul Krugerstraat,154,"","",4381WK,Vlissingen
Paul Krugerstraat,158,"","",4381WK,Vlissingen
Paul Krugerstraat,160,"","",4381WK,Vlissingen
Paul Krugerstraat,162,"","",4381WK,Vlissingen
Paul Krugerstraat,164,"","",4381WK,Vlissingen
Paul Krugerstraat,166,"","",4381WK,Vlissingen
Paul Krugerstraat,168,"","",4381WK,Vlissingen
Paul Krugerstraat,172,"","",4381WK,Vlissingen
Paul Krugerstraat,174,"","",4381WK,Vlissingen
Paul Krugerstraat,178,"","",4381WK,Vlissingen
Paul Krugerstraat,180,"","",4381WL,Vlissingen
Paul Krugerstraat,182,"","",4381WL,Vlissingen
Paul Krugerstraat,184,"","",4381WL,Vlissingen
Paul Krugerstraat,186,"","",4381WL,Vlissingen
Paul Krugerstraat,188,"","",4381WL,Vlissingen
Paul Krugerstraat,188,"","",4381WL,Vlissingen
Paul Krugerstraat,190,"","",4381WL,Vlissingen
Paul Krugerstraat,192,"","",4381WL,Vlissingen
Paul Krugerstraat,194,"","",4381WL,Vlissingen
Paul Krugerstraat,196,"","",4381WL,Vlissingen
Paul Krugerstraat,198,"","",4381WL,Vlissingen
Paul Krugerstraat,200,"","",4381WL,Vlissingen
Paul Krugerstraat,202,"","",4381WL,Vlissingen
Paul Krugerstraat,204,"","",4381WL,Vlissingen
Paul Krugerstraat,206,"","",4381WL,Vlissingen
Paul Krugerstraat,208,"","",4381WL,Vlissingen
Paul Krugerstraat,210,"","",4381WL,Vlissingen
Paul Krugerstraat,212,"","",4381WL,Vlissingen
Paul Krugerstraat,214,"","",4381WL,Vlissingen
Paul Krugerstraat,224,"","",4381WN,Vlissingen
Paul Krugerstraat,226,"","",4381WN,Vlissingen
Paul Krugerstraat,228,"","",4381WN,Vlissingen
Paul Krugerstraat,230,"","",4381WN,Vlissingen
Paul Krugerstraat,232,"","",4381WN,Vlissingen
Paul Krugerstraat,234,"","",4381WN,Vlissingen
Paul Krugerstraat,236,"","",4381WN,Vlissingen
Paul Krugerstraat,238,"","",4381WN,Vlissingen
Paul Krugerstraat,240,"","",4381WN,Vlissingen
Paul Krugerstraat,242,"","",4381WN,Vlissingen
Paul Krugerstraat,244,"","",4381WN,Vlissingen
Paul Krugerstraat,246,"","",4381WN,Vlissingen
Paul Krugerstraat,248,"","",4381WN,Vlissingen
Paul Krugerstraat,250,"","",4381WN,Vlissingen
Paul Krugerstraat,252,"","",4381WN,Vlissingen
Paul Krugerstraat,254,"","",4381WN,Vlissingen
Paul Krugerstraat,256,"","",4381WN,Vlissingen
Paul Krugerstraat,258,"","",4381WN,Vlissingen
Paul Krugerstraat,260,"","",4381WP,Vlissingen
Paul Krugerstraat,262,"","",4381WP,Vlissingen
Paul Krugerstraat,264,"","",4381WP,Vlissingen
Paul Krugerstraat,266,"","",4381WP,Vlissingen
Paul Krugerstraat,268,"","",4381WP,Vlissingen
Paul Krugerstraat,270,"","",4381WP,Vlissingen
Paul Krugerstraat,272,"","",4381WP,Vlissingen
Paul Krugerstraat,274,"","",4381WP,Vlissingen
Paul Krugerstraat,276,"","",4381WP,Vlissingen
Paul Krugerstraat,278,"","",4381WP,Vlissingen
Paul Krugerstraat,280,"","",4381WP,Vlissingen
Paul Krugerstraat,282,"","",4381WP,Vlissingen
Paul Krugerstraat,284,"","",4381WP,Vlissingen
Paul Krugerstraat,286,"","",4381WP,Vlissingen
Paul Krugerstraat,286,A,"",4381WP,Vlissingen
