straat,huisnummer,huisletter,toevoeging,postcode,plaats
Antwerpsestraat,1,"","",4611AA,Bergen op Zoom
Antwerpsestraat,1,A,"",4611AA,Bergen op Zoom
Antwerpsestraat,11,"","",4611AA,Bergen op Zoom
Antwerpsestraat,13,"","",4611AA,Bergen op Zoom
Antwerpsestraat,15,"","",4611AA,Bergen op Zoom
Antwerpsestraat,3,"","",4611AA,Bergen op Zoom
Antwerpsestraat,5,"","",4611AA,Bergen op Zoom
Antwerpsestraat,5,A,"",4611AA,Bergen op Zoom
Antwerpsestraat,5,B,"",4611AA,Bergen op Zoom
Antwerpsestraat,7,"","",4611AA,Bergen op Zoom
Antwerpsestraat,7,A,"",4611AA,Bergen op Zoom
Antwerpsestraat,9,"","",4611AA,Bergen op Zoom
Antwerpsestraat,10,"","",4611AG,Bergen op Zoom
Antwerpsestraat,14,"","",4611AG,Bergen op Zoom
Antwerpsestraat,2,"","",4611AG,Bergen op Zoom
Antwerpsestraat,2,A,"",4611AG,Bergen op Zoom
Antwerpsestraat,4,"","",4611AG,Bergen op Zoom
Antwerpsestraat,4,A,"",4611AG,Bergen op Zoom
Antwerpsestraat,6,"","",4611AG,Bergen op Zoom
Antwerpsestraat,6,A,"",4611AG,Bergen op Zoom
Antwerpsestraat,8,"","",4611AG,Bergen op Zoom
Antwerpsestraat,8,A,"",4611AG,Bergen op Zoom
Van Dedemstraat,10,"","",4611BE,Bergen op Zoom
Van Dedemstraat,100,"","",4611BE,Bergen op Zoom
Van Dedemstraat,102,"","",4611BE,Bergen op Zoom
Van Dedemstraat,104,"","",4611BE,Bergen op Zoom
Van Dedemstraat,106,"","",4611BE,Bergen op Zoom
Van Dedemstraat,108,"","",4611BE,Bergen op Zoom
Van Dedemstraat,110,"","",4611BE,Bergen op Zoom
Van Dedemstraat,112,"","",4611BE,Bergen op Zoom
Van Dedemstraat,114,"","",4611BE,Bergen op Zoom
Van Dedemstraat,116,"","",4611BE,Bergen op Zoom
Van Dedemstraat,118,"","",4611BE,Bergen op Zoom
Van Dedemstraat,12,"","",4611BE,Bergen op Zoom
Van Dedemstraat,120,"","",4611BE,Bergen op Zoom
Van Dedemstraat,122,"","",4611BE,Bergen op Zoom
Van Dedemstraat,124,"","",4611BE,Bergen op Zoom
Van Dedemstraat,126,"","",4611BE,Bergen op Zoom
Van Dedemstraat,128,"","",4611BE,Bergen op Zoom
Van Dedemstraat,130,"","",4611BE,Bergen op Zoom
Van Dedemstraat,132,"","",4611BE,Bergen op Zoom
Van Dedemstraat,134,"","",4611BE,Bergen op Zoom
Van Dedemstraat,136,"","",4611BE,Bergen op Zoom
Van Dedemstraat,14,"","",4611BE,Bergen op Zoom
Van Dedemstraat,140,"","",4611BE,Bergen op Zoom
Van Dedemstraat,142,"","",4611BE,Bergen op Zoom
Van Dedemstraat,144,"","",4611BE,Bergen op Zoom
Van Dedemstraat,146,"","",4611BE,Bergen op Zoom
Van Dedemstraat,148,"","",4611BE,Bergen op Zoom
Van Dedemstraat,150,"","",4611BE,Bergen op Zoom
Van Dedemstraat,152,"","",4611BE,Bergen op Zoom
Van Dedemstraat,154,"","",4611BE,Bergen op Zoom
Van Dedemstraat,156,"","",4611BE,Bergen op Zoom
Van Dedemstraat,158,"","",4611BE,Bergen op Zoom
Van Dedemstraat,16,"","",4611BE,Bergen op Zoom
Van Dedemstraat,160,"","",4611BE,Bergen op Zoom
Van Dedemstraat,162,"","",4611BE,Bergen op Zoom
Van Dedemstraat,164,"","",4611BE,Bergen op Zoom
Van Dedemstraat,166,"","",4611BE,Bergen op Zoom
Van Dedemstraat,168,"","",4611BE,Bergen op Zoom
Van Dedemstraat,170,"","",4611BE,Bergen op Zoom
Van Dedemstraat,18,"","",4611BE,Bergen op Zoom
Van Dedemstraat,180,"","",4611BE,Bergen op Zoom
Van Dedemstraat,182,"","",4611BE,Bergen op Zoom
Van Dedemstraat,184,"","",4611BE,Bergen op Zoom
Van Dedemstraat,188,"","",4611BE,Bergen op Zoom
Van Dedemstraat,190,"","",4611BE,Bergen op Zoom
Van Dedemstraat,192,"","",4611BE,Bergen op Zoom
Van Dedemstraat,194,"","",4611BE,Bergen op Zoom
Van Dedemstraat,196,"","",4611BE,Bergen op Zoom
Van Dedemstraat,198,"","",4611BE,Bergen op Zoom
Van Dedemstraat,20,"","",4611BE,Bergen op Zoom
Van Dedemstraat,22,"","",4611BE,Bergen op Zoom
Van Dedemstraat,24,"","",4611BE,Bergen op Zoom
Van Dedemstraat,26,"","",4611BE,Bergen op Zoom
Van Dedemstraat,28,"","",4611BE,Bergen op Zoom
Van Dedemstraat,30,"","",4611BE,Bergen op Zoom
Van Dedemstraat,32,"","",4611BE,Bergen op Zoom
Van Dedemstraat,34,"","",4611BE,Bergen op Zoom
Van Dedemstraat,36,"","",4611BE,Bergen op Zoom
Van Dedemstraat,38,"","",4611BE,Bergen op Zoom
Van Dedemstraat,4,"","",4611BE,Bergen op Zoom
Van Dedemstraat,40,"","",4611BE,Bergen op Zoom
Van Dedemstraat,42,"","",4611BE,Bergen op Zoom
Van Dedemstraat,44,"","",4611BE,Bergen op Zoom
Van Dedemstraat,46,"","",4611BE,Bergen op Zoom
Van Dedemstraat,48,"","",4611BE,Bergen op Zoom
Van Dedemstraat,50,"","",4611BE,Bergen op Zoom
Van Dedemstraat,52,"","",4611BE,Bergen op Zoom
Van Dedemstraat,54,"","",4611BE,Bergen op Zoom
Van Dedemstraat,56,"","",4611BE,Bergen op Zoom
Van Dedemstraat,58,"","",4611BE,Bergen op Zoom
Van Dedemstraat,6,"","",4611BE,Bergen op Zoom
Van Dedemstraat,60,"","",4611BE,Bergen op Zoom
Van Dedemstraat,62,"","",4611BE,Bergen op Zoom
Van Dedemstraat,64,"","",4611BE,Bergen op Zoom
Van Dedemstraat,66,"","",4611BE,Bergen op Zoom
Van Dedemstraat,68,"","",4611BE,Bergen op Zoom
Van Dedemstraat,70,"","",4611BE,Bergen op Zoom
Van Dedemstraat,72,"","",4611BE,Bergen op Zoom
Van Dedemstraat,74,"","",4611BE,Bergen op Zoom
Van Dedemstraat,76,"","",4611BE,Bergen op Zoom
Van Dedemstraat,78,"","",4611BE,Bergen op Zoom
Van Dedemstraat,8,"","",4611BE,Bergen op Zoom
Van Dedemstraat,80,"","",4611BE,Bergen op Zoom
Van Dedemstraat,82,"","",4611BE,Bergen op Zoom
Van Dedemstraat,84,"","",4611BE,Bergen op Zoom
Van Dedemstraat,86,"","",4611BE,Bergen op Zoom
Van Dedemstraat,88,"","",4611BE,Bergen op Zoom
Van Dedemstraat,90,"","",4611BE,Bergen op Zoom
Van Dedemstraat,92,"","",4611BE,Bergen op Zoom
Van Dedemstraat,94,"","",4611BE,Bergen op Zoom
Van Dedemstraat,96,"","",4611BE,Bergen op Zoom
Van Dedemstraat,98,"","",4611BE,Bergen op Zoom
Burgemeester Van Hasseltstraat,1,"","",4611BG,Bergen op Zoom
Burgemeester Van Hasseltstraat,3,"","",4611BG,Bergen op Zoom
Burgemeester Van Hasseltstraat,3,"","",4611BG,Bergen op Zoom
Burgemeester Van Hasseltstraat,31,"","",4611BG,Bergen op Zoom
Burgemeester Van Hasseltstraat,33,"","",4611BG,Bergen op Zoom
Burgemeester Van Hasseltstraat,35,"","",4611BG,Bergen op Zoom
Burgemeester Van Hasseltstraat,39,"","",4611BG,Bergen op Zoom
Burgemeester Van Hasseltstraat,5,"","",4611BG,Bergen op Zoom
Burgemeester Van Hasseltstraat,7,"","",4611BG,Bergen op Zoom
Burgemeester Van Hasseltstraat,9,"","",4611BG,Bergen op Zoom
Burgemeester Van Hasseltstraat,10,"","",4611BH,Bergen op Zoom
Burgemeester Van Hasseltstraat,12,"","",4611BH,Bergen op Zoom
Burgemeester Van Hasseltstraat,14,"","",4611BH,Bergen op Zoom
Burgemeester Van Hasseltstraat,16,"","",4611BH,Bergen op Zoom
Burgemeester Van Hasseltstraat,18,"","",4611BH,Bergen op Zoom
Burgemeester Van Hasseltstraat,2,"","",4611BH,Bergen op Zoom
Burgemeester Van Hasseltstraat,20,"","",4611BH,Bergen op Zoom
Burgemeester Van Hasseltstraat,22,"","",4611BH,Bergen op Zoom
Burgemeester Van Hasseltstraat,24,"","",4611BH,Bergen op Zoom
Burgemeester Van Hasseltstraat,26,"","",4611BH,Bergen op Zoom
Burgemeester Van Hasseltstraat,28,"","",4611BH,Bergen op Zoom
Burgemeester Van Hasseltstraat,30,"","",4611BH,Bergen op Zoom
Burgemeester Van Hasseltstraat,32,"","",4611BH,Bergen op Zoom
Burgemeester Van Hasseltstraat,34,"","",4611BH,Bergen op Zoom
Burgemeester Van Hasseltstraat,36,"","",4611BH,Bergen op Zoom
Burgemeester Van Hasseltstraat,38,"","",4611BH,Bergen op Zoom
Burgemeester Van Hasseltstraat,4,"","",4611BH,Bergen op Zoom
Burgemeester Van Hasseltstraat,40,"","",4611BH,Bergen op Zoom
Burgemeester Van Hasseltstraat,42,"","",4611BH,Bergen op Zoom
Burgemeester Van Hasseltstraat,44,"","",4611BH,Bergen op Zoom
Burgemeester Van Hasseltstraat,46,"","",4611BH,Bergen op Zoom
Burgemeester Van Hasseltstraat,48,"","",4611BH,Bergen op Zoom
Burgemeester Van Hasseltstraat,48,A,"",4611BH,Bergen op Zoom
Burgemeester Van Hasseltstraat,50,"","",4611BH,Bergen op Zoom
Burgemeester Van Hasseltstraat,50,"","",4611BH,Bergen op Zoom
Burgemeester Van Hasseltstraat,50,"","",4611BH,Bergen op Zoom
Burgemeester Van Hasseltstraat,50,A,"",4611BH,Bergen op Zoom
Burgemeester Van Hasseltstraat,50,A,"",4611BH,Bergen op Zoom
Burgemeester Van Hasseltstraat,50,A,"",4611BH,Bergen op Zoom
Burgemeester Van Hasseltstraat,50,B,"",4611BH,Bergen op Zoom
Burgemeester Van Hasseltstraat,50,B,"",4611BH,Bergen op Zoom
Burgemeester Van Hasseltstraat,50,B,"",4611BH,Bergen op Zoom
Burgemeester Van Hasseltstraat,50,C,"",4611BH,Bergen op Zoom
Burgemeester Van Hasseltstraat,50,C,"",4611BH,Bergen op Zoom
Burgemeester Van Hasseltstraat,50,D,"",4611BH,Bergen op Zoom
Burgemeester Van Hasseltstraat,50,D,"",4611BH,Bergen op Zoom
Burgemeester Van Hasseltstraat,50,E,"",4611BH,Bergen op Zoom
Burgemeester Van Hasseltstraat,50,E,"",4611BH,Bergen op Zoom
Burgemeester Van Hasseltstraat,50,F,"",4611BH,Bergen op Zoom
Burgemeester Van Hasseltstraat,50,F,"",4611BH,Bergen op Zoom
Burgemeester Van Hasseltstraat,50,G,"",4611BH,Bergen op Zoom
Burgemeester Van Hasseltstraat,50,G,"",4611BH,Bergen op Zoom
Burgemeester Van Hasseltstraat,50,H,"",4611BH,Bergen op Zoom
Burgemeester Van Hasseltstraat,50,H,"",4611BH,Bergen op Zoom
Burgemeester Van Hasseltstraat,50,K,"",4611BH,Bergen op Zoom
Burgemeester Van Hasseltstraat,50,K,"",4611BH,Bergen op Zoom
Burgemeester Van Hasseltstraat,50,M,"",4611BH,Bergen op Zoom
Burgemeester Van Hasseltstraat,50,M,"",4611BH,Bergen op Zoom
Burgemeester Van Hasseltstraat,50,N,"",4611BH,Bergen op Zoom
Burgemeester Van Hasseltstraat,50,N,"",4611BH,Bergen op Zoom
Burgemeester Van Hasseltstraat,52,"","",4611BH,Bergen op Zoom
Burgemeester Van Hasseltstraat,52,A,"",4611BH,Bergen op Zoom
Burgemeester Van Hasseltstraat,54,"","",4611BH,Bergen op Zoom
Burgemeester Van Hasseltstraat,56,"","",4611BH,Bergen op Zoom
Burgemeester Van Hasseltstraat,58,"","",4611BH,Bergen op Zoom
Burgemeester Van Hasseltstraat,6,"","",4611BH,Bergen op Zoom
Burgemeester Van Hasseltstraat,60,"","",4611BH,Bergen op Zoom
Burgemeester Van Hasseltstraat,62,"","",4611BH,Bergen op Zoom
Burgemeester Van Hasseltstraat,64,"","",4611BH,Bergen op Zoom
Burgemeester Van Hasseltstraat,64,A,"",4611BH,Bergen op Zoom
Burgemeester Van Hasseltstraat,64,B,"",4611BH,Bergen op Zoom
Burgemeester Van Hasseltstraat,64,C,"",4611BH,Bergen op Zoom
Burgemeester Van Hasseltstraat,64,D,"",4611BH,Bergen op Zoom
Burgemeester Van Hasseltstraat,66,"","",4611BH,Bergen op Zoom
Burgemeester Van Hasseltstraat,68,"","",4611BH,Bergen op Zoom
Burgemeester Van Hasseltstraat,70,"","",4611BH,Bergen op Zoom
Burgemeester Van Hasseltstraat,70,A,"",4611BH,Bergen op Zoom
Burgemeester Van Hasseltstraat,70,B,"",4611BH,Bergen op Zoom
Burgemeester Van Hasseltstraat,70,C,"",4611BH,Bergen op Zoom
Burgemeester Van Hasseltstraat,70,D,"",4611BH,Bergen op Zoom
Burgemeester Van Hasseltstraat,72,"","",4611BH,Bergen op Zoom
Burgemeester Van Hasseltstraat,72,A,"",4611BH,Bergen op Zoom
Burgemeester Van Hasseltstraat,72,B,"",4611BH,Bergen op Zoom
Burgemeester Van Hasseltstraat,72,C,"",4611BH,Bergen op Zoom
Burgemeester Van Hasseltstraat,72,D,"",4611BH,Bergen op Zoom
Burgemeester Van Hasseltstraat,74,"","",4611BH,Bergen op Zoom
Burgemeester Van Hasseltstraat,74,A,"",4611BH,Bergen op Zoom
Burgemeester Van Hasseltstraat,74,B,"",4611BH,Bergen op Zoom
Burgemeester Van Hasseltstraat,74,C,"",4611BH,Bergen op Zoom
Burgemeester Van Hasseltstraat,74,D,"",4611BH,Bergen op Zoom
Burgemeester Van Hasseltstraat,76,"","",4611BH,Bergen op Zoom
Burgemeester Van Hasseltstraat,78,"","",4611BH,Bergen op Zoom
Burgemeester Van Hasseltstraat,8,"","",4611BH,Bergen op Zoom
Burgemeester Van Hasseltstraat,80,"","",4611BH,Bergen op Zoom
Burgemeester Van Hasseltstraat,80,"","",4611BH,Bergen op Zoom
Burgemeester Van Hasseltstraat,80,A,"",4611BH,Bergen op Zoom
Burgemeester Van Hasseltstraat,82,"","",4611BH,Bergen op Zoom
Burgemeester Van Hasseltstraat,84,"","",4611BH,Bergen op Zoom
Burgemeester Van Hasseltstraat,84,"","",4611BH,Bergen op Zoom
Wassenaarstraat,10,"","",4611BV,Bergen op Zoom
Wassenaarstraat,10,"","",4611BV,Bergen op Zoom
Wassenaarstraat,10,"","",4611BV,Bergen op Zoom
Wassenaarstraat,10,"","",4611BV,Bergen op Zoom
Wassenaarstraat,10,A,"",4611BV,Bergen op Zoom
Wassenaarstraat,10,A,"",4611BV,Bergen op Zoom
Wassenaarstraat,10,A,"",4611BV,Bergen op Zoom
Wassenaarstraat,10,A,"",4611BV,Bergen op Zoom
Wassenaarstraat,10,B,"",4611BV,Bergen op Zoom
Wassenaarstraat,10,B,"",4611BV,Bergen op Zoom
Wassenaarstraat,10,B,"",4611BV,Bergen op Zoom
Wassenaarstraat,12,"","",4611BV,Bergen op Zoom
Wassenaarstraat,14,"","",4611BV,Bergen op Zoom
Wassenaarstraat,16,"","",4611BV,Bergen op Zoom
Wassenaarstraat,2,"","",4611BV,Bergen op Zoom
Wassenaarstraat,2,A,"",4611BV,Bergen op Zoom
Wassenaarstraat,22,"","",4611BV,Bergen op Zoom
Wassenaarstraat,24,"","",4611BV,Bergen op Zoom
Wassenaarstraat,26,"","",4611BV,Bergen op Zoom
Wassenaarstraat,28,"","",4611BV,Bergen op Zoom
Wassenaarstraat,32,"","",4611BV,Bergen op Zoom
Wassenaarstraat,32,A,"",4611BV,Bergen op Zoom
Wassenaarstraat,4,"","",4611BV,Bergen op Zoom
Wassenaarstraat,4,A,"",4611BV,Bergen op Zoom
Wassenaarstraat,6,"","",4611BV,Bergen op Zoom
Wassenaarstraat,8,"","",4611BV,Bergen op Zoom
Wassenaarstraat,40,"","",4611BW,Bergen op Zoom
Wassenaarstraat,40,A,"",4611BW,Bergen op Zoom
Wassenaarstraat,42,"","",4611BW,Bergen op Zoom
Wassenaarstraat,42,A,"",4611BW,Bergen op Zoom
Wassenaarstraat,44,"","",4611BW,Bergen op Zoom
Wassenaarstraat,44,A,"",4611BW,Bergen op Zoom
Wassenaarstraat,46,"","",4611BW,Bergen op Zoom
Wassenaarstraat,48,"","",4611BW,Bergen op Zoom
Wassenaarstraat,50,"","",4611BW,Bergen op Zoom
Wassenaarstraat,54,"","",4611BW,Bergen op Zoom
Wassenaarstraat,54,"","",4611BW,Bergen op Zoom
Wassenaarstraat,54,A,"",4611BW,Bergen op Zoom
Wassenaarstraat,56,"","",4611BW,Bergen op Zoom
Wassenaarstraat,58,"","",4611BW,Bergen op Zoom
Wassenaarstraat,62,"","",4611BW,Bergen op Zoom
Wassenaarstraat,64,"","",4611BW,Bergen op Zoom
Wassenaarstraat,64,"","",4611BW,Bergen op Zoom
Wassenaarstraat,66,"","",4611BW,Bergen op Zoom
Stationsstraat,1,"","",4611CA,Bergen op Zoom
Stationsstraat,1,"","",4611CA,Bergen op Zoom
Stationsstraat,1,"","",4611CA,Bergen op Zoom
Stationsstraat,11,"","",4611CA,Bergen op Zoom
Stationsstraat,13,"","",4611CA,Bergen op Zoom
Stationsstraat,15,"","",4611CA,Bergen op Zoom
Stationsstraat,3,"","",4611CA,Bergen op Zoom
Stationsstraat,3,A,"",4611CA,Bergen op Zoom
Stationsstraat,5,"","",4611CA,Bergen op Zoom
Stationsstraat,5,"","",4611CA,Bergen op Zoom
Stationsstraat,7,"","",4611CA,Bergen op Zoom
Stationsstraat,9,"","",4611CA,Bergen op Zoom
Stationsstraat,10,"","",4611CC,Bergen op Zoom
Stationsstraat,10,A,"",4611CC,Bergen op Zoom
Stationsstraat,12,"","",4611CC,Bergen op Zoom
Stationsstraat,12,A,"",4611CC,Bergen op Zoom
Stationsstraat,12,A,"",4611CC,Bergen op Zoom
Stationsstraat,14,"","",4611CC,Bergen op Zoom
Stationsstraat,16,"","",4611CC,Bergen op Zoom
Stationsstraat,18,"","",4611CC,Bergen op Zoom
Stationsstraat,2,"","",4611CC,Bergen op Zoom
Stationsstraat,4,"","",4611CC,Bergen op Zoom
Stationsstraat,4,A,"",4611CC,Bergen op Zoom
Stationsstraat,4,B,"",4611CC,Bergen op Zoom
Stationsstraat,6,"","",4611CC,Bergen op Zoom
Stationsstraat,8,"","",4611CC,Bergen op Zoom
Stationsstraat,8,"","",4611CC,Bergen op Zoom
Arnoldus Asselbergsstraat,1,"","",4611CL,Bergen op Zoom
Arnoldus Asselbergsstraat,1,A,"",4611CL,Bergen op Zoom
Arnoldus Asselbergsstraat,1,A,"",4611CL,Bergen op Zoom
Arnoldus Asselbergsstraat,1,B,"",4611CL,Bergen op Zoom
Arnoldus Asselbergsstraat,1,B,"",4611CL,Bergen op Zoom
Arnoldus Asselbergsstraat,1,C,"",4611CL,Bergen op Zoom
Arnoldus Asselbergsstraat,1,C,"",4611CL,Bergen op Zoom
Arnoldus Asselbergsstraat,1,D,"",4611CL,Bergen op Zoom
Arnoldus Asselbergsstraat,1,D,"",4611CL,Bergen op Zoom
Arnoldus Asselbergsstraat,1,E,"",4611CL,Bergen op Zoom
Arnoldus Asselbergsstraat,1,E,"",4611CL,Bergen op Zoom
Arnoldus Asselbergsstraat,1,F,"",4611CL,Bergen op Zoom
Arnoldus Asselbergsstraat,1,F,"",4611CL,Bergen op Zoom
Arnoldus Asselbergsstraat,1,G,"",4611CL,Bergen op Zoom
Arnoldus Asselbergsstraat,1,G,"",4611CL,Bergen op Zoom
Arnoldus Asselbergsstraat,1,H,"",4611CL,Bergen op Zoom
Arnoldus Asselbergsstraat,1,H,"",4611CL,Bergen op Zoom
Arnoldus Asselbergsstraat,1,K,"",4611CL,Bergen op Zoom
Arnoldus Asselbergsstraat,1,K,"",4611CL,Bergen op Zoom
Arnoldus Asselbergsstraat,1,M,"",4611CL,Bergen op Zoom
Arnoldus Asselbergsstraat,1,M,"",4611CL,Bergen op Zoom
Arnoldus Asselbergsstraat,1,N,"",4611CL,Bergen op Zoom
Arnoldus Asselbergsstraat,1,N,"",4611CL,Bergen op Zoom
Arnoldus Asselbergsstraat,1,P,"",4611CL,Bergen op Zoom
Arnoldus Asselbergsstraat,1,P,"",4611CL,Bergen op Zoom
Arnoldus Asselbergsstraat,1,R,"",4611CL,Bergen op Zoom
Arnoldus Asselbergsstraat,1,R,"",4611CL,Bergen op Zoom
Arnoldus Asselbergsstraat,1,S,"",4611CL,Bergen op Zoom
Arnoldus Asselbergsstraat,1,S,"",4611CL,Bergen op Zoom
Arnoldus Asselbergsstraat,1,T,"",4611CL,Bergen op Zoom
Arnoldus Asselbergsstraat,1,T,"",4611CL,Bergen op Zoom
Arnoldus Asselbergsstraat,1,U,"",4611CL,Bergen op Zoom
Arnoldus Asselbergsstraat,1,U,"",4611CL,Bergen op Zoom
Arnoldus Asselbergsstraat,1,V,"",4611CL,Bergen op Zoom
Arnoldus Asselbergsstraat,1,V,"",4611CL,Bergen op Zoom
Arnoldus Asselbergsstraat,1,W,"",4611CL,Bergen op Zoom
Arnoldus Asselbergsstraat,1,W,"",4611CL,Bergen op Zoom
Arnoldus Asselbergsstraat,1,X,"",4611CL,Bergen op Zoom
Arnoldus Asselbergsstraat,1,Y,"",4611CL,Bergen op Zoom
Arnoldus Asselbergsstraat,11,"","",4611CL,Bergen op Zoom
Arnoldus Asselbergsstraat,11,A,"",4611CL,Bergen op Zoom
Arnoldus Asselbergsstraat,11,B,"",4611CL,Bergen op Zoom
Arnoldus Asselbergsstraat,11,C,"",4611CL,Bergen op Zoom
Arnoldus Asselbergsstraat,13,A,"",4611CL,Bergen op Zoom
Arnoldus Asselbergsstraat,13,B,"",4611CL,Bergen op Zoom
Arnoldus Asselbergsstraat,13,C,"",4611CL,Bergen op Zoom
Arnoldus Asselbergsstraat,15,"","",4611CL,Bergen op Zoom
Arnoldus Asselbergsstraat,15,A,"",4611CL,Bergen op Zoom
Arnoldus Asselbergsstraat,15,B,"",4611CL,Bergen op Zoom
Arnoldus Asselbergsstraat,15,C,"",4611CL,Bergen op Zoom
Arnoldus Asselbergsstraat,23,"","",4611CL,Bergen op Zoom
Arnoldus Asselbergsstraat,25,"","",4611CL,Bergen op Zoom
Arnoldus Asselbergsstraat,27,"","",4611CL,Bergen op Zoom
Arnoldus Asselbergsstraat,29,"","",4611CL,Bergen op Zoom
Arnoldus Asselbergsstraat,3,"","",4611CL,Bergen op Zoom
Arnoldus Asselbergsstraat,3,"","",4611CL,Bergen op Zoom
Arnoldus Asselbergsstraat,3,"","",4611CL,Bergen op Zoom
Arnoldus Asselbergsstraat,3,A,"",4611CL,Bergen op Zoom
Arnoldus Asselbergsstraat,3,B,"",4611CL,Bergen op Zoom
Arnoldus Asselbergsstraat,3,C,"",4611CL,Bergen op Zoom
Arnoldus Asselbergsstraat,3,D,"",4611CL,Bergen op Zoom
Arnoldus Asselbergsstraat,3,E,"",4611CL,Bergen op Zoom
Arnoldus Asselbergsstraat,3,F,"",4611CL,Bergen op Zoom
Arnoldus Asselbergsstraat,3,G,"",4611CL,Bergen op Zoom
Arnoldus Asselbergsstraat,3,H,"",4611CL,Bergen op Zoom
Arnoldus Asselbergsstraat,3,K,"",4611CL,Bergen op Zoom
Arnoldus Asselbergsstraat,3,M,"",4611CL,Bergen op Zoom
Arnoldus Asselbergsstraat,3,N,"",4611CL,Bergen op Zoom
Arnoldus Asselbergsstraat,3,P,"",4611CL,Bergen op Zoom
Arnoldus Asselbergsstraat,3,R,"",4611CL,Bergen op Zoom
Arnoldus Asselbergsstraat,3,S,"",4611CL,Bergen op Zoom
Arnoldus Asselbergsstraat,3,T,"",4611CL,Bergen op Zoom
Arnoldus Asselbergsstraat,3,U,"",4611CL,Bergen op Zoom
Arnoldus Asselbergsstraat,3,V,"",4611CL,Bergen op Zoom
Arnoldus Asselbergsstraat,31,"","",4611CL,Bergen op Zoom
Arnoldus Asselbergsstraat,33,"","",4611CL,Bergen op Zoom
Arnoldus Asselbergsstraat,35,"","",4611CL,Bergen op Zoom
Arnoldus Asselbergsstraat,37,"","",4611CL,Bergen op Zoom
Arnoldus Asselbergsstraat,39,"","",4611CL,Bergen op Zoom
Arnoldus Asselbergsstraat,5,"","",4611CL,Bergen op Zoom
Arnoldus Asselbergsstraat,5,"","",4611CL,Bergen op Zoom
Arnoldus Asselbergsstraat,5,A,"",4611CL,Bergen op Zoom
Arnoldus Asselbergsstraat,5,B,"",4611CL,Bergen op Zoom
Arnoldus Asselbergsstraat,5,C,"",4611CL,Bergen op Zoom
Arnoldus Asselbergsstraat,5,D,"",4611CL,Bergen op Zoom
Arnoldus Asselbergsstraat,5,E,"",4611CL,Bergen op Zoom
Arnoldus Asselbergsstraat,5,F,"",4611CL,Bergen op Zoom
Arnoldus Asselbergsstraat,5,G,"",4611CL,Bergen op Zoom
Arnoldus Asselbergsstraat,7,"","",4611CL,Bergen op Zoom
Arnoldus Asselbergsstraat,7,A,"",4611CL,Bergen op Zoom
Arnoldus Asselbergsstraat,7,B,"",4611CL,Bergen op Zoom
Arnoldus Asselbergsstraat,7,C,"",4611CL,Bergen op Zoom
Arnoldus Asselbergsstraat,9,"","",4611CL,Bergen op Zoom
Arnoldus Asselbergsstraat,9,A,"",4611CL,Bergen op Zoom
Arnoldus Asselbergsstraat,9,B,"",4611CL,Bergen op Zoom
Arnoldus Asselbergsstraat,9,C,"",4611CL,Bergen op Zoom
Williamstraat,10,"","",4611CN,Bergen op Zoom
Williamstraat,12,"","",4611CN,Bergen op Zoom
Williamstraat,13,"","",4611CN,Bergen op Zoom
Williamstraat,14,"","",4611CN,Bergen op Zoom
Williamstraat,15,"","",4611CN,Bergen op Zoom
Williamstraat,17,"","",4611CN,Bergen op Zoom
Williamstraat,19,"","",4611CN,Bergen op Zoom
Williamstraat,2,"","",4611CN,Bergen op Zoom
Williamstraat,21,"","",4611CN,Bergen op Zoom
Williamstraat,23,"","",4611CN,Bergen op Zoom
Williamstraat,27,"","",4611CN,Bergen op Zoom
Williamstraat,29,"","",4611CN,Bergen op Zoom
Williamstraat,31,"","",4611CN,Bergen op Zoom
Williamstraat,33,"","",4611CN,Bergen op Zoom
Williamstraat,4,"","",4611CN,Bergen op Zoom
Williamstraat,6,"","",4611CN,Bergen op Zoom
Williamstraat,6,A,"",4611CN,Bergen op Zoom
Williamstraat,7,"","",4611CN,Bergen op Zoom
Williamstraat,8,"","",4611CN,Bergen op Zoom
Williamstraat,8,A,"",4611CN,Bergen op Zoom
Pastoor Joorenplein,2,"","",4611CX,Bergen op Zoom
Pastoor Joorenplein,4,"","",4611CX,Bergen op Zoom
Pastoor Joorenplein,6,"","",4611CX,Bergen op Zoom
Mineurplein,2,"","",4611EZ,Bergen op Zoom
Westersingel,1,"","",4611HR,Bergen op Zoom
Westersingel,11,"","",4611HR,Bergen op Zoom
Westersingel,13,"","",4611HR,Bergen op Zoom
Westersingel,19,"","",4611HR,Bergen op Zoom
Westersingel,21,"","",4611HR,Bergen op Zoom
Westersingel,23,"","",4611HR,Bergen op Zoom
Westersingel,25,"","",4611HR,Bergen op Zoom
Westersingel,27,"","",4611HR,Bergen op Zoom
Westersingel,29,"","",4611HR,Bergen op Zoom
Westersingel,3,"","",4611HR,Bergen op Zoom
Westersingel,31,"","",4611HR,Bergen op Zoom
Westersingel,33,"","",4611HR,Bergen op Zoom
Westersingel,35,"","",4611HR,Bergen op Zoom
Westersingel,37,"","",4611HR,Bergen op Zoom
Westersingel,39,"","",4611HR,Bergen op Zoom
Westersingel,41,"","",4611HR,Bergen op Zoom
Westersingel,43,"","",4611HR,Bergen op Zoom
Westersingel,47,"","",4611HR,Bergen op Zoom
Westersingel,49,"","",4611HR,Bergen op Zoom
Westersingel,5,"","",4611HR,Bergen op Zoom
Westersingel,7,"","",4611HR,Bergen op Zoom
Westersingel,9,"","",4611HR,Bergen op Zoom
Westersingel,9,A,"",4611HR,Bergen op Zoom
Westersingel,105,"","",4611HS,Bergen op Zoom
Westersingel,107,"","",4611HS,Bergen op Zoom
Westersingel,109,"","",4611HS,Bergen op Zoom
Westersingel,111,"","",4611HS,Bergen op Zoom
Westersingel,113,"","",4611HS,Bergen op Zoom
Westersingel,115,"","",4611HS,Bergen op Zoom
Westersingel,117,"","",4611HS,Bergen op Zoom
Westersingel,119,"","",4611HS,Bergen op Zoom
Westersingel,121,"","",4611HS,Bergen op Zoom
Westersingel,123,"","",4611HS,Bergen op Zoom
Westersingel,125,"","",4611HS,Bergen op Zoom
Westersingel,51,"","",4611HS,Bergen op Zoom
Westersingel,53,"","",4611HS,Bergen op Zoom
Westersingel,57,"","",4611HS,Bergen op Zoom
Westersingel,59,"","",4611HS,Bergen op Zoom
Westersingel,61,"","",4611HS,Bergen op Zoom
Westersingel,63,"","",4611HS,Bergen op Zoom
Westersingel,65,"","",4611HS,Bergen op Zoom
Westersingel,67,"","",4611HS,Bergen op Zoom
Westersingel,69,"","",4611HS,Bergen op Zoom
Westersingel,71,"","",4611HS,Bergen op Zoom
Westersingel,73,"","",4611HS,Bergen op Zoom
Westersingel,75,"","",4611HS,Bergen op Zoom
Westersingel,79,"","",4611HS,Bergen op Zoom
Westersingel,83,"","",4611HS,Bergen op Zoom
Westersingel,85,"","",4611HS,Bergen op Zoom
Westersingel,87,"","",4611HS,Bergen op Zoom
Westersingel,89,"","",4611HS,Bergen op Zoom
Westersingel,91,"","",4611HS,Bergen op Zoom
Westersingel,93,"","",4611HS,Bergen op Zoom
Londonstraat,1,"","",4611HW,Bergen op Zoom
Londonstraat,10,"","",4611HW,Bergen op Zoom
Londonstraat,12,"","",4611HW,Bergen op Zoom
Londonstraat,14,"","",4611HW,Bergen op Zoom
Londonstraat,16,"","",4611HW,Bergen op Zoom
Londonstraat,18,"","",4611HW,Bergen op Zoom
Londonstraat,2,"","",4611HW,Bergen op Zoom
Londonstraat,20,"","",4611HW,Bergen op Zoom
Londonstraat,22,"","",4611HW,Bergen op Zoom
Londonstraat,24,"","",4611HW,Bergen op Zoom
Londonstraat,26,"","",4611HW,Bergen op Zoom
Londonstraat,28,"","",4611HW,Bergen op Zoom
Londonstraat,4,"","",4611HW,Bergen op Zoom
Londonstraat,6,"","",4611HW,Bergen op Zoom
Londonstraat,8,"","",4611HW,Bergen op Zoom
Gevangenpoortstraat,2,A,"",4611HZ,Bergen op Zoom
Gevangenpoortstraat,4,"","",4611HZ,Bergen op Zoom
Moeregrebstraat,1,"","",4611JA,Bergen op Zoom
Moeregrebstraat,1,A,"",4611JA,Bergen op Zoom
Moeregrebstraat,15,"","",4611JA,Bergen op Zoom
Moeregrebstraat,17,"","",4611JA,Bergen op Zoom
Moeregrebstraat,19,"","",4611JA,Bergen op Zoom
Moeregrebstraat,21,"","",4611JA,Bergen op Zoom
Moeregrebstraat,23,"","",4611JA,Bergen op Zoom
Moeregrebstraat,25,"","",4611JA,Bergen op Zoom
Moeregrebstraat,27,"","",4611JA,Bergen op Zoom
Moeregrebstraat,29,"","",4611JA,Bergen op Zoom
Moeregrebstraat,3,"","",4611JA,Bergen op Zoom
Moeregrebstraat,3,"","",4611JA,Bergen op Zoom
Moeregrebstraat,5,"","",4611JA,Bergen op Zoom
Moeregrebstraat,7,"","",4611JA,Bergen op Zoom
Moeregrebstraat,7,"","",4611JA,Bergen op Zoom
Moeregrebstraat,9,"","",4611JA,Bergen op Zoom
Moeregrebstraat,33,"","",4611JB,Bergen op Zoom
Moeregrebstraat,35,"","",4611JB,Bergen op Zoom
Moeregrebstraat,37,"","",4611JB,Bergen op Zoom
Moeregrebstraat,39,"","",4611JB,Bergen op Zoom
Moeregrebstraat,41,"","",4611JB,Bergen op Zoom
Moeregrebstraat,47,"","",4611JB,Bergen op Zoom
Moeregrebstraat,49,"","",4611JB,Bergen op Zoom
Moeregrebstraat,51,"","",4611JB,Bergen op Zoom
Moeregrebstraat,53,"","",4611JB,Bergen op Zoom
Moeregrebstraat,10,"","",4611JC,Bergen op Zoom
Moeregrebstraat,12,"","",4611JC,Bergen op Zoom
Moeregrebstraat,14,"","",4611JC,Bergen op Zoom
Moeregrebstraat,16,"","",4611JC,Bergen op Zoom
Moeregrebstraat,18,"","",4611JC,Bergen op Zoom
Moeregrebstraat,2,"","",4611JC,Bergen op Zoom
Moeregrebstraat,2,A,"",4611JC,Bergen op Zoom
Moeregrebstraat,2,B,"",4611JC,Bergen op Zoom
Moeregrebstraat,20,"","",4611JC,Bergen op Zoom
Moeregrebstraat,22,"","",4611JC,Bergen op Zoom
Moeregrebstraat,24,"","",4611JC,Bergen op Zoom
Moeregrebstraat,26,"","",4611JC,Bergen op Zoom
Moeregrebstraat,28,"","",4611JC,Bergen op Zoom
Moeregrebstraat,30,"","",4611JC,Bergen op Zoom
Moeregrebstraat,32,"","",4611JC,Bergen op Zoom
Moeregrebstraat,34,"","",4611JC,Bergen op Zoom
Moeregrebstraat,38,"","",4611JC,Bergen op Zoom
Moeregrebstraat,4,"","",4611JC,Bergen op Zoom
Moeregrebstraat,6,"","",4611JC,Bergen op Zoom
Moeregrebstraat,8,"","",4611JC,Bergen op Zoom
Moeregrebstraat,8,A,"",4611JC,Bergen op Zoom
Moeregrebstraat,8,B,"",4611JC,Bergen op Zoom
Moeregrebstraat,40,"","",4611JD,Bergen op Zoom
Moeregrebstraat,42,"","",4611JD,Bergen op Zoom
Moeregrebstraat,44,"","",4611JD,Bergen op Zoom
Moeregrebstraat,46,"","",4611JD,Bergen op Zoom
Moeregrebstraat,48,"","",4611JD,Bergen op Zoom
Moeregrebstraat,50,"","",4611JD,Bergen op Zoom
Moeregrebstraat,52,"","",4611JD,Bergen op Zoom
Moeregrebstraat,54,"","",4611JD,Bergen op Zoom
Moeregrebstraat,56,"","",4611JD,Bergen op Zoom
Moeregrebstraat,58,"","",4611JD,Bergen op Zoom
Moeregrebstraat,60,"","",4611JD,Bergen op Zoom
Moeregrebstraat,62,"","",4611JD,Bergen op Zoom
Moeregrebstraat,66,"","",4611JD,Bergen op Zoom
Moeregrebstraat,68,"","",4611JD,Bergen op Zoom
Moeregrebstraat,72,"","",4611JD,Bergen op Zoom
Moeregrebstraat,74,"","",4611JD,Bergen op Zoom
Moeregrebstraat,76,"","",4611JD,Bergen op Zoom
Moeregrebstraat,76,A,"",4611JD,Bergen op Zoom
Moeregrebstraat,80,"","",4611JD,Bergen op Zoom
Moeregrebstraat,82,"","",4611JD,Bergen op Zoom
Moeregrebstraat,84,"","",4611JD,Bergen op Zoom
Moeregrebstraat,84,A,"",4611JD,Bergen op Zoom
Moeregrebstraat,86,"","",4611JD,Bergen op Zoom
Morganstraat,10,"","",4611JE,Bergen op Zoom
Morganstraat,2,"","",4611JE,Bergen op Zoom
Morganstraat,4,"","",4611JE,Bergen op Zoom
Morganstraat,6,"","",4611JE,Bergen op Zoom
Morganstraat,8,"","",4611JE,Bergen op Zoom
Beursplein,1,"","",4611JG,Bergen op Zoom
Beursplein,1,A,"",4611JG,Bergen op Zoom
Beursplein,2,"","",4611JG,Bergen op Zoom
Beursplein,4,"","",4611JG,Bergen op Zoom
Beursplein,4,"","",4611JG,Bergen op Zoom
Beursplein,4,A,"",4611JG,Bergen op Zoom
Beursplein,5,"","",4611JG,Bergen op Zoom
Beursplein,5,A,"",4611JG,Bergen op Zoom
Beursplein,6,"","",4611JG,Bergen op Zoom
Beursplein,7,"","",4611JG,Bergen op Zoom
Lievevrouwestraat,1,"","",4611JH,Bergen op Zoom
Lievevrouwestraat,1,A,"",4611JH,Bergen op Zoom
Lievevrouwestraat,1,B,"",4611JH,Bergen op Zoom
Lievevrouwestraat,1,C,"",4611JH,Bergen op Zoom
Lievevrouwestraat,1,D,"",4611JH,Bergen op Zoom
Lievevrouwestraat,11,"","",4611JH,Bergen op Zoom
Lievevrouwestraat,13,"","",4611JH,Bergen op Zoom
Lievevrouwestraat,15,"","",4611JH,Bergen op Zoom
Lievevrouwestraat,17,"","",4611JH,Bergen op Zoom
Lievevrouwestraat,17,A,"",4611JH,Bergen op Zoom
Lievevrouwestraat,19,"","",4611JH,Bergen op Zoom
Lievevrouwestraat,3,"","",4611JH,Bergen op Zoom
Lievevrouwestraat,5,"","",4611JH,Bergen op Zoom
Lievevrouwestraat,7,"","",4611JH,Bergen op Zoom
Lievevrouwestraat,9,"","",4611JH,Bergen op Zoom
Lievevrouwestraat,21,"","",4611JJ,Bergen op Zoom
Lievevrouwestraat,23,"","",4611JJ,Bergen op Zoom
Lievevrouwestraat,23,A,"",4611JJ,Bergen op Zoom
Lievevrouwestraat,25,"","",4611JJ,Bergen op Zoom
Lievevrouwestraat,25,A,"",4611JJ,Bergen op Zoom
Lievevrouwestraat,25,B,"",4611JJ,Bergen op Zoom
Lievevrouwestraat,25,C,"",4611JJ,Bergen op Zoom
Lievevrouwestraat,27,"","",4611JJ,Bergen op Zoom
Lievevrouwestraat,27,A,"",4611JJ,Bergen op Zoom
Lievevrouwestraat,29,"","",4611JJ,Bergen op Zoom
Lievevrouwestraat,31,"","",4611JJ,Bergen op Zoom
Lievevrouwestraat,31,A,"",4611JJ,Bergen op Zoom
Lievevrouwestraat,33,"","",4611JJ,Bergen op Zoom
Lievevrouwestraat,35,"","",4611JJ,Bergen op Zoom
Lievevrouwestraat,35,A,"",4611JJ,Bergen op Zoom
Lievevrouwestraat,37,"","",4611JJ,Bergen op Zoom
Lievevrouwestraat,37,A,"",4611JJ,Bergen op Zoom
Lievevrouwestraat,39,"","",4611JJ,Bergen op Zoom
Lievevrouwestraat,41,"","",4611JJ,Bergen op Zoom
Lievevrouwestraat,43,"","",4611JJ,Bergen op Zoom
Lievevrouwestraat,45,"","",4611JJ,Bergen op Zoom
Lievevrouwestraat,45,A,"",4611JJ,Bergen op Zoom
Lievevrouwestraat,47,"","",4611JJ,Bergen op Zoom
Lievevrouwestraat,47,"","",4611JJ,Bergen op Zoom
Lievevrouwestraat,47,A,"",4611JJ,Bergen op Zoom
Lievevrouwestraat,47,B,"",4611JJ,Bergen op Zoom
Lievevrouwestraat,10,"","",4611JK,Bergen op Zoom
Lievevrouwestraat,10,"","",4611JK,Bergen op Zoom
Lievevrouwestraat,10,A,"",4611JK,Bergen op Zoom
Lievevrouwestraat,12,"","",4611JK,Bergen op Zoom
Lievevrouwestraat,12,A,"",4611JK,Bergen op Zoom
Lievevrouwestraat,12,B,"",4611JK,Bergen op Zoom
Lievevrouwestraat,16,"","",4611JK,Bergen op Zoom
Lievevrouwestraat,16,A,"",4611JK,Bergen op Zoom
Lievevrouwestraat,18,"","",4611JK,Bergen op Zoom
Lievevrouwestraat,2,"","",4611JK,Bergen op Zoom
Lievevrouwestraat,20,"","",4611JK,Bergen op Zoom
Lievevrouwestraat,22,"","",4611JK,Bergen op Zoom
Lievevrouwestraat,4,"","",4611JK,Bergen op Zoom
Lievevrouwestraat,6,"","",4611JK,Bergen op Zoom
Lievevrouwestraat,8,"","",4611JK,Bergen op Zoom
Lievevrouwestraat,8,"","",4611JK,Bergen op Zoom
Lievevrouwestraat,8,"","",4611JK,Bergen op Zoom
Lievevrouwestraat,8,A,"",4611JK,Bergen op Zoom
Lievevrouwestraat,8,A,"",4611JK,Bergen op Zoom
Lievevrouwestraat,8,A,"",4611JK,Bergen op Zoom
Lievevrouwestraat,8,B,"",4611JK,Bergen op Zoom
Lievevrouwestraat,8,B,"",4611JK,Bergen op Zoom
Lievevrouwestraat,8,B,"",4611JK,Bergen op Zoom
Lievevrouwestraat,8,C,"",4611JK,Bergen op Zoom
Lievevrouwestraat,24,"","",4611JL,Bergen op Zoom
Lievevrouwestraat,26,"","",4611JL,Bergen op Zoom
Lievevrouwestraat,28,"","",4611JL,Bergen op Zoom
Lievevrouwestraat,28,A,"",4611JL,Bergen op Zoom
Lievevrouwestraat,28,B,"",4611JL,Bergen op Zoom
Lievevrouwestraat,30,"","",4611JL,Bergen op Zoom
Lievevrouwestraat,32,"","",4611JL,Bergen op Zoom
Lievevrouwestraat,32,A,"",4611JL,Bergen op Zoom
Lievevrouwestraat,34,"","",4611JL,Bergen op Zoom
Lievevrouwestraat,36,"","",4611JL,Bergen op Zoom
Lievevrouwestraat,36,A,"",4611JL,Bergen op Zoom
Lievevrouwestraat,38,"","",4611JL,Bergen op Zoom
Lievevrouwestraat,40,"","",4611JL,Bergen op Zoom
Lievevrouwestraat,42,"","",4611JL,Bergen op Zoom
Lievevrouwestraat,44,"","",4611JL,Bergen op Zoom
Lievevrouwestraat,46,"","",4611JL,Bergen op Zoom
Lievevrouwestraat,48,"","",4611JL,Bergen op Zoom
Lievevrouwestraat,50,"","",4611JL,Bergen op Zoom
Lievevrouwestraat,52,"","",4611JL,Bergen op Zoom
Lievevrouwestraat,52,A,"",4611JL,Bergen op Zoom
Lievevrouwestraat,52,B,"",4611JL,Bergen op Zoom
Lievevrouwestraat,52,C,"",4611JL,Bergen op Zoom
Lievevrouwestraat,52,D,"",4611JL,Bergen op Zoom
Lievevrouwestraat,54,"","",4611JL,Bergen op Zoom
Lievevrouwestraat,56,"","",4611JL,Bergen op Zoom
Lievevrouwestraat,62,"","",4611JL,Bergen op Zoom
Zuidmolenstraat,1,"","",4611JM,Bergen op Zoom
Zuidmolenstraat,11,"","",4611JM,Bergen op Zoom
Zuidmolenstraat,13,"","",4611JM,Bergen op Zoom
Zuidmolenstraat,15,"","",4611JM,Bergen op Zoom
Zuidmolenstraat,19,"","",4611JM,Bergen op Zoom
Zuidmolenstraat,23,"","",4611JM,Bergen op Zoom
Zuidmolenstraat,25,"","",4611JM,Bergen op Zoom
Zuidmolenstraat,25,"","",4611JM,Bergen op Zoom
Zuidmolenstraat,27,"","",4611JM,Bergen op Zoom
Zuidmolenstraat,27,"","",4611JM,Bergen op Zoom
Zuidmolenstraat,3,"","",4611JM,Bergen op Zoom
Zuidmolenstraat,31,"","",4611JM,Bergen op Zoom
Zuidmolenstraat,37,"","",4611JM,Bergen op Zoom
Zuidmolenstraat,39,"","",4611JM,Bergen op Zoom
Zuidmolenstraat,41,"","",4611JM,Bergen op Zoom
Zuidmolenstraat,43,"","",4611JM,Bergen op Zoom
Zuidmolenstraat,45,"","",4611JM,Bergen op Zoom
Zuidmolenstraat,47,"","",4611JM,Bergen op Zoom
Zuidmolenstraat,49,"","",4611JM,Bergen op Zoom
Zuidmolenstraat,5,"","",4611JM,Bergen op Zoom
Zuidmolenstraat,7,"","",4611JM,Bergen op Zoom
Zuidmolenstraat,9,"","",4611JM,Bergen op Zoom
Zuidmolenstraat,14,"","",4611JN,Bergen op Zoom
Zuidmolenstraat,16,"","",4611JN,Bergen op Zoom
Zuidmolenstraat,18,"","",4611JN,Bergen op Zoom
Zuidmolenstraat,2,"","",4611JN,Bergen op Zoom
Zuidmolenstraat,20,"","",4611JN,Bergen op Zoom
Zuidmolenstraat,22,"","",4611JN,Bergen op Zoom
Zuidmolenstraat,26,"","",4611JN,Bergen op Zoom
Zuidmolenstraat,28,"","",4611JN,Bergen op Zoom
Zuidmolenstraat,30,"","",4611JN,Bergen op Zoom
Zuidmolenstraat,30,A,"",4611JN,Bergen op Zoom
Zuidmolenstraat,32,"","",4611JN,Bergen op Zoom
Zuidmolenstraat,34,"","",4611JN,Bergen op Zoom
Zuidmolenstraat,34,A,"",4611JN,Bergen op Zoom
Zuidmolenstraat,36,"","",4611JN,Bergen op Zoom
Zuidmolenstraat,38,"","",4611JN,Bergen op Zoom
Zuidmolenstraat,40,"","",4611JN,Bergen op Zoom
Zuidmolenstraat,42,"","",4611JN,Bergen op Zoom
Zuidmolenstraat,44,"","",4611JN,Bergen op Zoom
Zuidmolenstraat,46,"","",4611JN,Bergen op Zoom
Zuidmolenstraat,48,"","",4611JN,Bergen op Zoom
Zuidmolenstraat,50,"","",4611JN,Bergen op Zoom
Zuidmolenstraat,52,"","",4611JP,Bergen op Zoom
Zuidmolenstraat,54,"","",4611JP,Bergen op Zoom
Zuidmolenstraat,56,"","",4611JP,Bergen op Zoom
Zuidmolenstraat,58,"","",4611JP,Bergen op Zoom
Johannesstraat,10,"","",4611JR,Bergen op Zoom
Johannesstraat,2,"","",4611JR,Bergen op Zoom
Johannesstraat,3,"","",4611JR,Bergen op Zoom
Johannesstraat,4,"","",4611JR,Bergen op Zoom
Johannesstraat,5,"","",4611JR,Bergen op Zoom
Johannesstraat,6,"","",4611JR,Bergen op Zoom
Johannesstraat,7,"","",4611JR,Bergen op Zoom
Johannesstraat,8,"","",4611JR,Bergen op Zoom
Johannesstraat,9,"","",4611JR,Bergen op Zoom
Fluwelenbroekstraat,1,"","",4611JS,Bergen op Zoom
Fluwelenbroekstraat,10,"","",4611JS,Bergen op Zoom
Fluwelenbroekstraat,11,"","",4611JS,Bergen op Zoom
Fluwelenbroekstraat,13,"","",4611JS,Bergen op Zoom
Fluwelenbroekstraat,15,"","",4611JS,Bergen op Zoom
Fluwelenbroekstraat,17,"","",4611JS,Bergen op Zoom
Fluwelenbroekstraat,19,"","",4611JS,Bergen op Zoom
Fluwelenbroekstraat,2,"","",4611JS,Bergen op Zoom
Fluwelenbroekstraat,21,"","",4611JS,Bergen op Zoom
Fluwelenbroekstraat,23,"","",4611JS,Bergen op Zoom
Fluwelenbroekstraat,25,"","",4611JS,Bergen op Zoom
Fluwelenbroekstraat,27,"","",4611JS,Bergen op Zoom
Fluwelenbroekstraat,29,"","",4611JS,Bergen op Zoom
Fluwelenbroekstraat,3,"","",4611JS,Bergen op Zoom
Fluwelenbroekstraat,31,"","",4611JS,Bergen op Zoom
Fluwelenbroekstraat,33,"","",4611JS,Bergen op Zoom
Fluwelenbroekstraat,4,"","",4611JS,Bergen op Zoom
Fluwelenbroekstraat,43,"","",4611JS,Bergen op Zoom
Fluwelenbroekstraat,45,"","",4611JS,Bergen op Zoom
Fluwelenbroekstraat,47,"","",4611JS,Bergen op Zoom
Fluwelenbroekstraat,49,"","",4611JS,Bergen op Zoom
Fluwelenbroekstraat,5,"","",4611JS,Bergen op Zoom
Fluwelenbroekstraat,6,"","",4611JS,Bergen op Zoom
Fluwelenbroekstraat,7,"","",4611JS,Bergen op Zoom
Fluwelenbroekstraat,8,"","",4611JS,Bergen op Zoom
Fluwelenbroekstraat,9,"","",4611JS,Bergen op Zoom
Hooghuisstraat,10,"","",4611JT,Bergen op Zoom
Hooghuisstraat,106,"","",4611JT,Bergen op Zoom
Hooghuisstraat,108,"","",4611JT,Bergen op Zoom
Hooghuisstraat,110,"","",4611JT,Bergen op Zoom
Hooghuisstraat,112,"","",4611JT,Bergen op Zoom
Hooghuisstraat,114,"","",4611JT,Bergen op Zoom
Hooghuisstraat,116,"","",4611JT,Bergen op Zoom
Hooghuisstraat,118,"","",4611JT,Bergen op Zoom
Hooghuisstraat,12,"","",4611JT,Bergen op Zoom
Hooghuisstraat,120,"","",4611JT,Bergen op Zoom
Hooghuisstraat,122,"","",4611JT,Bergen op Zoom
Hooghuisstraat,124,"","",4611JT,Bergen op Zoom
Hooghuisstraat,126,"","",4611JT,Bergen op Zoom
Hooghuisstraat,128,"","",4611JT,Bergen op Zoom
Hooghuisstraat,130,"","",4611JT,Bergen op Zoom
Hooghuisstraat,132,"","",4611JT,Bergen op Zoom
Hooghuisstraat,134,"","",4611JT,Bergen op Zoom
Hooghuisstraat,136,"","",4611JT,Bergen op Zoom
Hooghuisstraat,138,"","",4611JT,Bergen op Zoom
Hooghuisstraat,14,"","",4611JT,Bergen op Zoom
Hooghuisstraat,140,"","",4611JT,Bergen op Zoom
Hooghuisstraat,142,"","",4611JT,Bergen op Zoom
Hooghuisstraat,144,"","",4611JT,Bergen op Zoom
Hooghuisstraat,146,"","",4611JT,Bergen op Zoom
Hooghuisstraat,148,"","",4611JT,Bergen op Zoom
Hooghuisstraat,16,"","",4611JT,Bergen op Zoom
Hooghuisstraat,18,"","",4611JT,Bergen op Zoom
Hooghuisstraat,20,"","",4611JT,Bergen op Zoom
Hooghuisstraat,22,"","",4611JT,Bergen op Zoom
Hooghuisstraat,24,"","",4611JT,Bergen op Zoom
Hooghuisstraat,26,"","",4611JT,Bergen op Zoom
Hooghuisstraat,28,"","",4611JT,Bergen op Zoom
Hooghuisstraat,30,"","",4611JT,Bergen op Zoom
Hooghuisstraat,32,"","",4611JT,Bergen op Zoom
Hooghuisstraat,34,"","",4611JT,Bergen op Zoom
Hooghuisstraat,36,"","",4611JT,Bergen op Zoom
Hooghuisstraat,38,"","",4611JT,Bergen op Zoom
Hooghuisstraat,40,"","",4611JT,Bergen op Zoom
Hooghuisstraat,42,"","",4611JT,Bergen op Zoom
Hooghuisstraat,44,"","",4611JT,Bergen op Zoom
Hooghuisstraat,46,"","",4611JT,Bergen op Zoom
Hooghuisstraat,48,"","",4611JT,Bergen op Zoom
Hooghuisstraat,50,"","",4611JT,Bergen op Zoom
Hooghuisstraat,52,"","",4611JT,Bergen op Zoom
Hooghuisstraat,54,"","",4611JT,Bergen op Zoom
Hooghuisstraat,56,"","",4611JT,Bergen op Zoom
Hooghuisstraat,58,"","",4611JT,Bergen op Zoom
Hooghuisstraat,60,"","",4611JT,Bergen op Zoom
Hooghuisstraat,62,"","",4611JT,Bergen op Zoom
Hooghuisstraat,64,"","",4611JT,Bergen op Zoom
Hooghuisstraat,66,"","",4611JT,Bergen op Zoom
Hooghuisstraat,68,"","",4611JT,Bergen op Zoom
Hooghuisstraat,70,"","",4611JT,Bergen op Zoom
Hooghuisstraat,72,"","",4611JT,Bergen op Zoom
Hooghuisstraat,74,"","",4611JT,Bergen op Zoom
Hooghuisstraat,76,"","",4611JT,Bergen op Zoom
Hooghuisstraat,78,"","",4611JT,Bergen op Zoom
Hooghuisstraat,80,"","",4611JT,Bergen op Zoom
Hooghuisstraat,82,"","",4611JT,Bergen op Zoom
Hooghuisstraat,84,"","",4611JT,Bergen op Zoom
Koepeldwarsstraat,1,"","",4611JV,Bergen op Zoom
Koepeldwarsstraat,11,"","",4611JV,Bergen op Zoom
Koepeldwarsstraat,12,"","",4611JV,Bergen op Zoom
Koepeldwarsstraat,13,"","",4611JV,Bergen op Zoom
Koepeldwarsstraat,14,"","",4611JV,Bergen op Zoom
Koepeldwarsstraat,15,"","",4611JV,Bergen op Zoom
Koepeldwarsstraat,16,"","",4611JV,Bergen op Zoom
Koepeldwarsstraat,16,A,"",4611JV,Bergen op Zoom
Koepeldwarsstraat,16,B,"",4611JV,Bergen op Zoom
Koepeldwarsstraat,17,"","",4611JV,Bergen op Zoom
Koepeldwarsstraat,18,"","",4611JV,Bergen op Zoom
Koepeldwarsstraat,18,"","",4611JV,Bergen op Zoom
Koepeldwarsstraat,19,"","",4611JV,Bergen op Zoom
Koepeldwarsstraat,2,"","",4611JV,Bergen op Zoom
Koepeldwarsstraat,2,"","",4611JV,Bergen op Zoom
Koepeldwarsstraat,21,"","",4611JV,Bergen op Zoom
Koepeldwarsstraat,23,"","",4611JV,Bergen op Zoom
Koepeldwarsstraat,25,"","",4611JV,Bergen op Zoom
Koepeldwarsstraat,27,"","",4611JV,Bergen op Zoom
Koepeldwarsstraat,3,"","",4611JV,Bergen op Zoom
Koepeldwarsstraat,4,"","",4611JV,Bergen op Zoom
Koepeldwarsstraat,4,"","",4611JV,Bergen op Zoom
Koepeldwarsstraat,5,"","",4611JV,Bergen op Zoom
Koepeldwarsstraat,6,"","",4611JV,Bergen op Zoom
Koepeldwarsstraat,7,"","",4611JV,Bergen op Zoom
Koepeldwarsstraat,8,"","",4611JV,Bergen op Zoom
Gieterij,1,"","",4611JW,Bergen op Zoom
Gieterij,2,"","",4611JW,Bergen op Zoom
Gieterij,3,"","",4611JW,Bergen op Zoom
Gieterij,4,"","",4611JW,Bergen op Zoom
Gieterij,5,"","",4611JW,Bergen op Zoom
Gieterij,6,"","",4611JW,Bergen op Zoom
Gieterij,7,"","",4611JW,Bergen op Zoom
Gieterij,8,"","",4611JW,Bergen op Zoom
Kaatsbaan,1,"","",4611JX,Bergen op Zoom
Kaatsbaan,10,"","",4611JX,Bergen op Zoom
Kaatsbaan,11,"","",4611JX,Bergen op Zoom
Kaatsbaan,12,"","",4611JX,Bergen op Zoom
Kaatsbaan,13,"","",4611JX,Bergen op Zoom
Kaatsbaan,14,"","",4611JX,Bergen op Zoom
Kaatsbaan,15,"","",4611JX,Bergen op Zoom
Kaatsbaan,16,"","",4611JX,Bergen op Zoom
Kaatsbaan,17,"","",4611JX,Bergen op Zoom
Kaatsbaan,18,"","",4611JX,Bergen op Zoom
Kaatsbaan,19,"","",4611JX,Bergen op Zoom
Kaatsbaan,20,"","",4611JX,Bergen op Zoom
Kaatsbaan,21,"","",4611JX,Bergen op Zoom
Kaatsbaan,22,"","",4611JX,Bergen op Zoom
Kaatsbaan,24,"","",4611JX,Bergen op Zoom
Kaatsbaan,26,"","",4611JX,Bergen op Zoom
Kaatsbaan,28,"","",4611JX,Bergen op Zoom
Kaatsbaan,3,"","",4611JX,Bergen op Zoom
Kaatsbaan,30,"","",4611JX,Bergen op Zoom
Kaatsbaan,32,"","",4611JX,Bergen op Zoom
Kaatsbaan,34,"","",4611JX,Bergen op Zoom
Kaatsbaan,36,"","",4611JX,Bergen op Zoom
Kaatsbaan,38,"","",4611JX,Bergen op Zoom
Kaatsbaan,4,"","",4611JX,Bergen op Zoom
Kaatsbaan,40,"","",4611JX,Bergen op Zoom
Kaatsbaan,42,"","",4611JX,Bergen op Zoom
Kaatsbaan,44,"","",4611JX,Bergen op Zoom
Kaatsbaan,46,"","",4611JX,Bergen op Zoom
Kaatsbaan,48,"","",4611JX,Bergen op Zoom
Kaatsbaan,5,"","",4611JX,Bergen op Zoom
Kaatsbaan,50,"","",4611JX,Bergen op Zoom
Kaatsbaan,52,"","",4611JX,Bergen op Zoom
Kaatsbaan,54,"","",4611JX,Bergen op Zoom
Kaatsbaan,56,"","",4611JX,Bergen op Zoom
Kaatsbaan,58,"","",4611JX,Bergen op Zoom
Kaatsbaan,6,"","",4611JX,Bergen op Zoom
Kaatsbaan,60,"","",4611JX,Bergen op Zoom
Kaatsbaan,62,"","",4611JX,Bergen op Zoom
Kaatsbaan,64,"","",4611JX,Bergen op Zoom
Kaatsbaan,66,"","",4611JX,Bergen op Zoom
Kaatsbaan,68,"","",4611JX,Bergen op Zoom
Kaatsbaan,7,"","",4611JX,Bergen op Zoom
Kaatsbaan,70,"","",4611JX,Bergen op Zoom
Kaatsbaan,72,"","",4611JX,Bergen op Zoom
Kaatsbaan,74,"","",4611JX,Bergen op Zoom
Kaatsbaan,76,"","",4611JX,Bergen op Zoom
Kaatsbaan,78,"","",4611JX,Bergen op Zoom
Kaatsbaan,8,"","",4611JX,Bergen op Zoom
Kaatsbaan,80,"","",4611JX,Bergen op Zoom
Kaatsbaan,82,"","",4611JX,Bergen op Zoom
Kaatsbaan,84,"","",4611JX,Bergen op Zoom
Kaatsbaan,86,"","",4611JX,Bergen op Zoom
Kaatsbaan,88,"","",4611JX,Bergen op Zoom
Kaatsbaan,9,"","",4611JX,Bergen op Zoom
Kaatsbaan,90,"","",4611JX,Bergen op Zoom
Kaatsbaan,92,"","",4611JX,Bergen op Zoom
Kaatsbaan,94,"","",4611JX,Bergen op Zoom
Vlaszak,10,"","",4611JZ,Bergen op Zoom
Vlaszak,11,"","",4611JZ,Bergen op Zoom
Vlaszak,12,"","",4611JZ,Bergen op Zoom
Vlaszak,13,"","",4611JZ,Bergen op Zoom
Vlaszak,14,"","",4611JZ,Bergen op Zoom
Vlaszak,15,"","",4611JZ,Bergen op Zoom
Vlaszak,17,"","",4611JZ,Bergen op Zoom
Vlaszak,19,"","",4611JZ,Bergen op Zoom
Vlaszak,2,"","",4611JZ,Bergen op Zoom
Vlaszak,21,"","",4611JZ,Bergen op Zoom
Vlaszak,23,"","",4611JZ,Bergen op Zoom
Vlaszak,25,"","",4611JZ,Bergen op Zoom
Vlaszak,25,"","",4611JZ,Bergen op Zoom
Vlaszak,27,"","",4611JZ,Bergen op Zoom
Vlaszak,27,"","",4611JZ,Bergen op Zoom
Vlaszak,29,"","",4611JZ,Bergen op Zoom
Vlaszak,31,"","",4611JZ,Bergen op Zoom
Vlaszak,33,"","",4611JZ,Bergen op Zoom
Vlaszak,35,"","",4611JZ,Bergen op Zoom
Vlaszak,37,"","",4611JZ,Bergen op Zoom
Vlaszak,39,"","",4611JZ,Bergen op Zoom
Vlaszak,4,"","",4611JZ,Bergen op Zoom
Vlaszak,41,"","",4611JZ,Bergen op Zoom
Vlaszak,43,"","",4611JZ,Bergen op Zoom
Vlaszak,45,"","",4611JZ,Bergen op Zoom
Vlaszak,47,"","",4611JZ,Bergen op Zoom
Vlaszak,5,"","",4611JZ,Bergen op Zoom
Vlaszak,6,"","",4611JZ,Bergen op Zoom
Vlaszak,7,"","",4611JZ,Bergen op Zoom
Vlaszak,8,"","",4611JZ,Bergen op Zoom
Vlaszak,9,"","",4611JZ,Bergen op Zoom
Boutershemstraat,10,"","",4611KC,Bergen op Zoom
Boutershemstraat,12,"","",4611KC,Bergen op Zoom
Boutershemstraat,16,"","",4611KC,Bergen op Zoom
Boutershemstraat,18,"","",4611KC,Bergen op Zoom
Boutershemstraat,2,"","",4611KC,Bergen op Zoom
Boutershemstraat,20,"","",4611KC,Bergen op Zoom
Boutershemstraat,22,"","",4611KC,Bergen op Zoom
Boutershemstraat,24,"","",4611KC,Bergen op Zoom
Boutershemstraat,26,"","",4611KC,Bergen op Zoom
Boutershemstraat,28,"","",4611KC,Bergen op Zoom
Boutershemstraat,30,"","",4611KC,Bergen op Zoom
Boutershemstraat,4,"","",4611KC,Bergen op Zoom
Boutershemstraat,6,"","",4611KC,Bergen op Zoom
Boutershemstraat,8,"","",4611KC,Bergen op Zoom
Boutershemstraat,32,"","",4611KD,Bergen op Zoom
Boutershemstraat,34,"","",4611KD,Bergen op Zoom
Boutershemstraat,34,A,"",4611KD,Bergen op Zoom
Boutershemstraat,36,"","",4611KD,Bergen op Zoom
Boutershemstraat,38,"","",4611KD,Bergen op Zoom
Boutershemstraat,40,"","",4611KD,Bergen op Zoom
Boutershemstraat,42,"","",4611KD,Bergen op Zoom
Boutershemstraat,46,"","",4611KD,Bergen op Zoom
Boutershemstraat,48,"","",4611KD,Bergen op Zoom
Boutershemstraat,50,A,"",4611KD,Bergen op Zoom
Boutershemstraat,52,"","",4611KD,Bergen op Zoom
Boutershemstraat,54,"","",4611KD,Bergen op Zoom
Boutershemstraat,56,"","",4611KD,Bergen op Zoom
Boutershemstraat,58,"","",4611KD,Bergen op Zoom
Boutershemstraat,60,"","",4611KD,Bergen op Zoom
Belvédèrestraat,1,"","",4611KJ,Bergen op Zoom
Belvédèrestraat,11,"","",4611KJ,Bergen op Zoom
Belvédèrestraat,13,"","",4611KJ,Bergen op Zoom
Belvédèrestraat,15,"","",4611KJ,Bergen op Zoom
Belvédèrestraat,17,"","",4611KJ,Bergen op Zoom
Belvédèrestraat,19,"","",4611KJ,Bergen op Zoom
Belvédèrestraat,21,"","",4611KJ,Bergen op Zoom
Belvédèrestraat,23,"","",4611KJ,Bergen op Zoom
Belvédèrestraat,25,"","",4611KJ,Bergen op Zoom
Belvédèrestraat,27,"","",4611KJ,Bergen op Zoom
Belvédèrestraat,29,"","",4611KJ,Bergen op Zoom
Belvédèrestraat,3,"","",4611KJ,Bergen op Zoom
Belvédèrestraat,31,"","",4611KJ,Bergen op Zoom
Belvédèrestraat,33,"","",4611KJ,Bergen op Zoom
Belvédèrestraat,35,"","",4611KJ,Bergen op Zoom
Belvédèrestraat,37,"","",4611KJ,Bergen op Zoom
Belvédèrestraat,39,"","",4611KJ,Bergen op Zoom
Belvédèrestraat,41,"","",4611KJ,Bergen op Zoom
Belvédèrestraat,5,"","",4611KJ,Bergen op Zoom
Belvédèrestraat,7,"","",4611KJ,Bergen op Zoom
Belvédèrestraat,9,"","",4611KJ,Bergen op Zoom
Belvédèrestraat,10,"","",4611KK,Bergen op Zoom
Belvédèrestraat,14,"","",4611KK,Bergen op Zoom
Belvédèrestraat,18,"","",4611KK,Bergen op Zoom
Belvédèrestraat,2,"","",4611KK,Bergen op Zoom
Belvédèrestraat,20,"","",4611KK,Bergen op Zoom
Belvédèrestraat,22,"","",4611KK,Bergen op Zoom
Belvédèrestraat,24,"","",4611KK,Bergen op Zoom
Belvédèrestraat,26,"","",4611KK,Bergen op Zoom
Belvédèrestraat,28,"","",4611KK,Bergen op Zoom
Belvédèrestraat,30,"","",4611KK,Bergen op Zoom
Belvédèrestraat,32,"","",4611KK,Bergen op Zoom
Belvédèrestraat,34,"","",4611KK,Bergen op Zoom
Belvédèrestraat,36,"","",4611KK,Bergen op Zoom
Belvédèrestraat,38,"","",4611KK,Bergen op Zoom
Belvédèrestraat,4,"","",4611KK,Bergen op Zoom
Belvédèrestraat,40,"","",4611KK,Bergen op Zoom
Belvédèrestraat,42,"","",4611KK,Bergen op Zoom
Belvédèrestraat,6,"","",4611KK,Bergen op Zoom
Belvédèrestraat,8,"","",4611KK,Bergen op Zoom
Glymesstraat,10,"","",4611KM,Bergen op Zoom
Glymesstraat,12,"","",4611KM,Bergen op Zoom
Glymesstraat,14,"","",4611KM,Bergen op Zoom
Glymesstraat,16,"","",4611KM,Bergen op Zoom
Glymesstraat,18,"","",4611KM,Bergen op Zoom
Glymesstraat,2,"","",4611KM,Bergen op Zoom
Glymesstraat,20,"","",4611KM,Bergen op Zoom
Glymesstraat,22,"","",4611KM,Bergen op Zoom
Glymesstraat,24,"","",4611KM,Bergen op Zoom
Glymesstraat,26,"","",4611KM,Bergen op Zoom
Glymesstraat,28,"","",4611KM,Bergen op Zoom
Glymesstraat,30,"","",4611KM,Bergen op Zoom
Glymesstraat,32,"","",4611KM,Bergen op Zoom
Glymesstraat,34,"","",4611KM,Bergen op Zoom
Glymesstraat,36,"","",4611KM,Bergen op Zoom
Glymesstraat,38,"","",4611KM,Bergen op Zoom
Glymesstraat,40,"","",4611KM,Bergen op Zoom
Glymesstraat,6,"","",4611KM,Bergen op Zoom
Glymesstraat,8,"","",4611KM,Bergen op Zoom
Coehoornstraat,1,A,"",4611KN,Bergen op Zoom
Coehoornstraat,11,"","",4611KN,Bergen op Zoom
Coehoornstraat,13,"","",4611KN,Bergen op Zoom
Coehoornstraat,15,"","",4611KN,Bergen op Zoom
Coehoornstraat,17,"","",4611KN,Bergen op Zoom
Coehoornstraat,19,"","",4611KN,Bergen op Zoom
Coehoornstraat,21,"","",4611KN,Bergen op Zoom
Coehoornstraat,5,"","",4611KN,Bergen op Zoom
Coehoornstraat,7,"","",4611KN,Bergen op Zoom
Coehoornstraat,10,"","",4611KR,Bergen op Zoom
Coehoornstraat,12,"","",4611KR,Bergen op Zoom
Coehoornstraat,16,"","",4611KR,Bergen op Zoom
Coehoornstraat,18,"","",4611KR,Bergen op Zoom
Coehoornstraat,2,"","",4611KR,Bergen op Zoom
Coehoornstraat,20,"","",4611KR,Bergen op Zoom
Coehoornstraat,22,"","",4611KR,Bergen op Zoom
Coehoornstraat,24,"","",4611KR,Bergen op Zoom
Coehoornstraat,4,"","",4611KR,Bergen op Zoom
Coehoornstraat,6,"","",4611KR,Bergen op Zoom
Coehoornstraat,8,"","",4611KR,Bergen op Zoom
Auvergnestraat,10,"","",4611LN,Bergen op Zoom
Auvergnestraat,12,"","",4611LN,Bergen op Zoom
Auvergnestraat,14,"","",4611LN,Bergen op Zoom
Auvergnestraat,16,"","",4611LN,Bergen op Zoom
Auvergnestraat,18,"","",4611LN,Bergen op Zoom
Auvergnestraat,2,"","",4611LN,Bergen op Zoom
Auvergnestraat,2,A,"",4611LN,Bergen op Zoom
Auvergnestraat,2,B,"",4611LN,Bergen op Zoom
Auvergnestraat,20,"","",4611LN,Bergen op Zoom
Auvergnestraat,22,"","",4611LN,Bergen op Zoom
Auvergnestraat,24,"","",4611LN,Bergen op Zoom
Auvergnestraat,26,"","",4611LN,Bergen op Zoom
Auvergnestraat,28,"","",4611LN,Bergen op Zoom
Auvergnestraat,30,"","",4611LN,Bergen op Zoom
Auvergnestraat,32,"","",4611LN,Bergen op Zoom
Auvergnestraat,34,"","",4611LN,Bergen op Zoom
Auvergnestraat,4,"","",4611LN,Bergen op Zoom
Auvergnestraat,4,"","",4611LN,Bergen op Zoom
Auvergnestraat,4,A,"",4611LN,Bergen op Zoom
Auvergnestraat,4,B,"",4611LN,Bergen op Zoom
Auvergnestraat,4,C,"",4611LN,Bergen op Zoom
Auvergnestraat,4,D,"",4611LN,Bergen op Zoom
Auvergnestraat,4,E,"",4611LN,Bergen op Zoom
Auvergnestraat,6,"","",4611LN,Bergen op Zoom
Auvergnestraat,8,"","",4611LN,Bergen op Zoom
Koepelstraat,1,"","",4611LP,Bergen op Zoom
Koepelstraat,11,"","",4611LP,Bergen op Zoom
Koepelstraat,13,"","",4611LP,Bergen op Zoom
Koepelstraat,15,"","",4611LP,Bergen op Zoom
Koepelstraat,17,"","",4611LP,Bergen op Zoom
Koepelstraat,19,"","",4611LP,Bergen op Zoom
Koepelstraat,21,"","",4611LP,Bergen op Zoom
Koepelstraat,23,"","",4611LP,Bergen op Zoom
Koepelstraat,25,"","",4611LP,Bergen op Zoom
Koepelstraat,27,"","",4611LP,Bergen op Zoom
Koepelstraat,29,"","",4611LP,Bergen op Zoom
Koepelstraat,3,"","",4611LP,Bergen op Zoom
Koepelstraat,31,"","",4611LP,Bergen op Zoom
Koepelstraat,33,"","",4611LP,Bergen op Zoom
Koepelstraat,35,"","",4611LP,Bergen op Zoom
Koepelstraat,37,"","",4611LP,Bergen op Zoom
Koepelstraat,39,"","",4611LP,Bergen op Zoom
Koepelstraat,41,"","",4611LP,Bergen op Zoom
Koepelstraat,41,A,"",4611LP,Bergen op Zoom
Koepelstraat,41,B,"",4611LP,Bergen op Zoom
Koepelstraat,43,"","",4611LP,Bergen op Zoom
Koepelstraat,43,A,"",4611LP,Bergen op Zoom
Koepelstraat,45,"","",4611LP,Bergen op Zoom
Koepelstraat,47,"","",4611LP,Bergen op Zoom
Koepelstraat,49,"","",4611LP,Bergen op Zoom
Koepelstraat,5,"","",4611LP,Bergen op Zoom
Koepelstraat,7,"","",4611LP,Bergen op Zoom
Koepelstraat,9,"","",4611LP,Bergen op Zoom
Koepelstraat,9,A,"",4611LP,Bergen op Zoom
Koepelstraat,51,"","",4611LR,Bergen op Zoom
Koepelstraat,53,"","",4611LR,Bergen op Zoom
Koepelstraat,55,"","",4611LR,Bergen op Zoom
Koepelstraat,57,"","",4611LR,Bergen op Zoom
Koepelstraat,59,"","",4611LR,Bergen op Zoom
Koepelstraat,63,"","",4611LR,Bergen op Zoom
Koepelstraat,65,"","",4611LR,Bergen op Zoom
Koepelstraat,67,"","",4611LR,Bergen op Zoom
Koepelstraat,71,"","",4611LR,Bergen op Zoom
Koepelstraat,73,"","",4611LR,Bergen op Zoom
Koepelstraat,75,"","",4611LR,Bergen op Zoom
Koepelstraat,77,"","",4611LR,Bergen op Zoom
Koepelstraat,77,"","",4611LR,Bergen op Zoom
Koepelstraat,77,"",K1,4611LR,Bergen op Zoom
Koepelstraat,77,"",K10,4611LR,Bergen op Zoom
Koepelstraat,77,"",K11,4611LR,Bergen op Zoom
Koepelstraat,77,"",K12,4611LR,Bergen op Zoom
Koepelstraat,77,"",K13,4611LR,Bergen op Zoom
Koepelstraat,77,"",K14,4611LR,Bergen op Zoom
Koepelstraat,77,"",K15,4611LR,Bergen op Zoom
Koepelstraat,77,"",K16,4611LR,Bergen op Zoom
Koepelstraat,77,"",K17,4611LR,Bergen op Zoom
Koepelstraat,77,"",K18,4611LR,Bergen op Zoom
Koepelstraat,77,"",K19,4611LR,Bergen op Zoom
Koepelstraat,77,"",K2,4611LR,Bergen op Zoom
Koepelstraat,77,"",K20,4611LR,Bergen op Zoom
Koepelstraat,77,"",K21,4611LR,Bergen op Zoom
Koepelstraat,77,"",K22,4611LR,Bergen op Zoom
Koepelstraat,77,"",K3,4611LR,Bergen op Zoom
Koepelstraat,77,"",K4,4611LR,Bergen op Zoom
Koepelstraat,77,"",K5,4611LR,Bergen op Zoom
Koepelstraat,77,"",K6,4611LR,Bergen op Zoom
Koepelstraat,77,"",K7,4611LR,Bergen op Zoom
Koepelstraat,77,"",K8,4611LR,Bergen op Zoom
Koepelstraat,77,"",K9,4611LR,Bergen op Zoom
Koepelstraat,85,"","",4611LR,Bergen op Zoom
Koepelstraat,87,"","",4611LR,Bergen op Zoom
Koepelstraat,89,"","",4611LR,Bergen op Zoom
Koepelstraat,91,"","",4611LR,Bergen op Zoom
Koepelstraat,95,"","",4611LR,Bergen op Zoom
Koepelstraat,97,"","",4611LR,Bergen op Zoom
Koepelstraat,99,"","",4611LR,Bergen op Zoom
Koepelstraat,101,"","",4611LS,Bergen op Zoom
Koepelstraat,103,"","",4611LS,Bergen op Zoom
Koepelstraat,113,"","",4611LS,Bergen op Zoom
Koepelstraat,115,"","",4611LS,Bergen op Zoom
Koepelstraat,117,"","",4611LS,Bergen op Zoom
Koepelstraat,119,"","",4611LS,Bergen op Zoom
Koepelstraat,121,"","",4611LS,Bergen op Zoom
Koepelstraat,123,"","",4611LS,Bergen op Zoom
Koepelstraat,125,"","",4611LS,Bergen op Zoom
Koepelstraat,127,"","",4611LS,Bergen op Zoom
Koepelstraat,10,"","",4611LT,Bergen op Zoom
Koepelstraat,10,A,"",4611LT,Bergen op Zoom
Koepelstraat,10,B,"",4611LT,Bergen op Zoom
Koepelstraat,12,"","",4611LT,Bergen op Zoom
Koepelstraat,12,A,"",4611LT,Bergen op Zoom
Koepelstraat,12,B,"",4611LT,Bergen op Zoom
Koepelstraat,18,"","",4611LT,Bergen op Zoom
Koepelstraat,20,"","",4611LT,Bergen op Zoom
Koepelstraat,22,"","",4611LT,Bergen op Zoom
Koepelstraat,24,"","",4611LT,Bergen op Zoom
Koepelstraat,26,"","",4611LT,Bergen op Zoom
Koepelstraat,26,"","",4611LT,Bergen op Zoom
Koepelstraat,26,"","",4611LT,Bergen op Zoom
Koepelstraat,28,"","",4611LT,Bergen op Zoom
Koepelstraat,28,"","",4611LT,Bergen op Zoom
Koepelstraat,28,"","",4611LT,Bergen op Zoom
Koepelstraat,30,"","",4611LT,Bergen op Zoom
Koepelstraat,34,"","",4611LT,Bergen op Zoom
Koepelstraat,36,"","",4611LT,Bergen op Zoom
Koepelstraat,38,"","",4611LT,Bergen op Zoom
Koepelstraat,4,"","",4611LT,Bergen op Zoom
Koepelstraat,4,"","",4611LT,Bergen op Zoom
Koepelstraat,4,"","",4611LT,Bergen op Zoom
Koepelstraat,4,"","",4611LT,Bergen op Zoom
Koepelstraat,4,A,"",4611LT,Bergen op Zoom
Koepelstraat,4,A,"",4611LT,Bergen op Zoom
Koepelstraat,40,"","",4611LT,Bergen op Zoom
Koepelstraat,42,"","",4611LT,Bergen op Zoom
Koepelstraat,44,"","",4611LT,Bergen op Zoom
Koepelstraat,46,"","",4611LT,Bergen op Zoom
Koepelstraat,48,"","",4611LT,Bergen op Zoom
Koepelstraat,50,"","",4611LT,Bergen op Zoom
Koepelstraat,6,"","",4611LT,Bergen op Zoom
Koepelstraat,6,A,"",4611LT,Bergen op Zoom
Koepelstraat,8,"","",4611LT,Bergen op Zoom
Koepelstraat,100,"","",4611LV,Bergen op Zoom
Koepelstraat,102,"","",4611LV,Bergen op Zoom
Koepelstraat,104,"","",4611LV,Bergen op Zoom
Koepelstraat,112,"","",4611LV,Bergen op Zoom
Koepelstraat,114,"","",4611LV,Bergen op Zoom
Koepelstraat,116,"","",4611LV,Bergen op Zoom
Koepelstraat,118,"","",4611LV,Bergen op Zoom
Koepelstraat,120,"","",4611LV,Bergen op Zoom
Koepelstraat,122,"","",4611LV,Bergen op Zoom
Koepelstraat,124,"","",4611LV,Bergen op Zoom
Koepelstraat,50,"","",4611LV,Bergen op Zoom
Koepelstraat,52,"","",4611LV,Bergen op Zoom
Koepelstraat,54,"","",4611LV,Bergen op Zoom
Koepelstraat,56,"","",4611LV,Bergen op Zoom
Koepelstraat,58,"","",4611LV,Bergen op Zoom
Koepelstraat,60,"","",4611LV,Bergen op Zoom
Koepelstraat,62,"","",4611LV,Bergen op Zoom
Koepelstraat,64,"","",4611LV,Bergen op Zoom
Koepelstraat,66,"","",4611LV,Bergen op Zoom
Koepelstraat,68,"","",4611LV,Bergen op Zoom
Koepelstraat,70,"","",4611LV,Bergen op Zoom
Koepelstraat,72,"","",4611LV,Bergen op Zoom
Koepelstraat,74,"","",4611LV,Bergen op Zoom
Koepelstraat,76,"","",4611LV,Bergen op Zoom
Koepelstraat,80,"","",4611LV,Bergen op Zoom
Koepelstraat,82,"","",4611LV,Bergen op Zoom
Koepelstraat,84,"","",4611LV,Bergen op Zoom
Koepelstraat,86,"","",4611LV,Bergen op Zoom
Koepelstraat,88,"","",4611LV,Bergen op Zoom
Koepelstraat,90,"","",4611LV,Bergen op Zoom
Koepelstraat,92,"","",4611LV,Bergen op Zoom
Koepelstraat,94,"","",4611LV,Bergen op Zoom
Koepelstraat,96,"","",4611LV,Bergen op Zoom
Koepelstraat,98,"","",4611LV,Bergen op Zoom
Lindebaan,1,"","",4611LW,Bergen op Zoom
Lindebaan,1,A,"",4611LW,Bergen op Zoom
Lindebaan,11,"","",4611LW,Bergen op Zoom
Lindebaan,11,A,"",4611LW,Bergen op Zoom
Lindebaan,19,"","",4611LW,Bergen op Zoom
Lindebaan,21,"","",4611LW,Bergen op Zoom
Lindebaan,21,"","",4611LW,Bergen op Zoom
Lindebaan,21,A,"",4611LW,Bergen op Zoom
Lindebaan,23,A,"",4611LW,Bergen op Zoom
Lindebaan,25,A,"",4611LW,Bergen op Zoom
Lindebaan,27,A,"",4611LW,Bergen op Zoom
Lindebaan,3,"","",4611LW,Bergen op Zoom
Lindebaan,31,A,"",4611LW,Bergen op Zoom
Lindebaan,33,A,"",4611LW,Bergen op Zoom
Lindebaan,35,A,"",4611LW,Bergen op Zoom
Lindebaan,39,"","",4611LW,Bergen op Zoom
Lindebaan,41,"","",4611LW,Bergen op Zoom
Lindebaan,43,"","",4611LW,Bergen op Zoom
Lindebaan,45,"","",4611LW,Bergen op Zoom
Lindebaan,47,"","",4611LW,Bergen op Zoom
Lindebaan,49,"","",4611LW,Bergen op Zoom
Lindebaan,5,"","",4611LW,Bergen op Zoom
Lindebaan,51,"","",4611LW,Bergen op Zoom
Lindebaan,53,"","",4611LW,Bergen op Zoom
Lindebaan,55,"","",4611LW,Bergen op Zoom
Lindebaan,57,"","",4611LW,Bergen op Zoom
Lindebaan,59,"","",4611LW,Bergen op Zoom
Lindebaan,61,"","",4611LW,Bergen op Zoom
Lindebaan,63,"","",4611LW,Bergen op Zoom
Lindebaan,65,"","",4611LW,Bergen op Zoom
Lindebaan,67,"","",4611LW,Bergen op Zoom
Lindebaan,69,"","",4611LW,Bergen op Zoom
Lindebaan,7,"","",4611LW,Bergen op Zoom
Lindebaan,71,"","",4611LW,Bergen op Zoom
Lindebaan,73,"","",4611LW,Bergen op Zoom
Lindebaan,75,"","",4611LW,Bergen op Zoom
Lindebaan,77,"","",4611LW,Bergen op Zoom
Lindebaan,79,"","",4611LW,Bergen op Zoom
Lindebaan,81,"","",4611LW,Bergen op Zoom
Lindebaan,83,"","",4611LW,Bergen op Zoom
Lindebaan,85,"","",4611LW,Bergen op Zoom
Lindebaan,9,"","",4611LW,Bergen op Zoom
Lindebaan,10,"","",4611LX,Bergen op Zoom
Lindebaan,10,A,"",4611LX,Bergen op Zoom
Lindebaan,12,"","",4611LX,Bergen op Zoom
Lindebaan,14,"","",4611LX,Bergen op Zoom
Lindebaan,14,A,"",4611LX,Bergen op Zoom
Lindebaan,14,B,"",4611LX,Bergen op Zoom
Lindebaan,16,"","",4611LX,Bergen op Zoom
Lindebaan,18,"","",4611LX,Bergen op Zoom
Lindebaan,18,A,"",4611LX,Bergen op Zoom
Lindebaan,18,B,"",4611LX,Bergen op Zoom
Lindebaan,18,C,"",4611LX,Bergen op Zoom
Lindebaan,18,D,"",4611LX,Bergen op Zoom
Lindebaan,18,E,"",4611LX,Bergen op Zoom
Lindebaan,18,F,"",4611LX,Bergen op Zoom
Lindebaan,18,G,"",4611LX,Bergen op Zoom
Lindebaan,18,H,"",4611LX,Bergen op Zoom
Lindebaan,18,K,"",4611LX,Bergen op Zoom
Lindebaan,2,"","",4611LX,Bergen op Zoom
Lindebaan,20,"","",4611LX,Bergen op Zoom
Lindebaan,22,"","",4611LX,Bergen op Zoom
Lindebaan,24,"","",4611LX,Bergen op Zoom
Lindebaan,26,"","",4611LX,Bergen op Zoom
Lindebaan,28,"","",4611LX,Bergen op Zoom
Lindebaan,28,A,"",4611LX,Bergen op Zoom
Lindebaan,30,"","",4611LX,Bergen op Zoom
Lindebaan,30,"","",4611LX,Bergen op Zoom
Lindebaan,30,A,"",4611LX,Bergen op Zoom
Lindebaan,32,"","",4611LX,Bergen op Zoom
Lindebaan,32,"","",4611LX,Bergen op Zoom
Lindebaan,32,A,"",4611LX,Bergen op Zoom
Lindebaan,34,"","",4611LX,Bergen op Zoom
Lindebaan,36,"","",4611LX,Bergen op Zoom
Lindebaan,38,"","",4611LX,Bergen op Zoom
Lindebaan,4,"","",4611LX,Bergen op Zoom
Lindebaan,4,A,"",4611LX,Bergen op Zoom
Lindebaan,4,B,"",4611LX,Bergen op Zoom
Lindebaan,40,"","",4611LX,Bergen op Zoom
Lindebaan,42,"","",4611LX,Bergen op Zoom
Lindebaan,44,"","",4611LX,Bergen op Zoom
Lindebaan,46,"","",4611LX,Bergen op Zoom
Lindebaan,48,"","",4611LX,Bergen op Zoom
Lindebaan,50,"","",4611LX,Bergen op Zoom
Lindebaan,52,"","",4611LX,Bergen op Zoom
Lindebaan,54,"","",4611LX,Bergen op Zoom
Lindebaan,56,"","",4611LX,Bergen op Zoom
Lindebaan,58,"","",4611LX,Bergen op Zoom
Lindebaan,6,"","",4611LX,Bergen op Zoom
Lindebaan,6,A,"",4611LX,Bergen op Zoom
Lindebaan,60,"","",4611LX,Bergen op Zoom
Lindebaan,62,"","",4611LX,Bergen op Zoom
Lindebaan,64,"","",4611LX,Bergen op Zoom
Lindebaan,66,"","",4611LX,Bergen op Zoom
Lindebaan,68,"","",4611LX,Bergen op Zoom
Lindebaan,70,"","",4611LX,Bergen op Zoom
Lindebaan,72,"","",4611LX,Bergen op Zoom
Lindebaan,74,"","",4611LX,Bergen op Zoom
Lindebaan,76,"","",4611LX,Bergen op Zoom
Lindebaan,78,"","",4611LX,Bergen op Zoom
Lindebaan,8,"","",4611LX,Bergen op Zoom
Lindebaan,8,A,"",4611LX,Bergen op Zoom
Lindebaan,8,A,"",4611LX,Bergen op Zoom
Lindebaan,8,B,"",4611LX,Bergen op Zoom
Lindebaan,80,"","",4611LX,Bergen op Zoom
Roskamstraat,10,"","",4611LZ,Bergen op Zoom
Roskamstraat,12,"","",4611LZ,Bergen op Zoom
Roskamstraat,14,"","",4611LZ,Bergen op Zoom
Roskamstraat,2,"","",4611LZ,Bergen op Zoom
Roskamstraat,3,"","",4611LZ,Bergen op Zoom
Roskamstraat,3,A,"",4611LZ,Bergen op Zoom
Roskamstraat,3,B,"",4611LZ,Bergen op Zoom
Roskamstraat,4,"","",4611LZ,Bergen op Zoom
Roskamstraat,4,"","",4611LZ,Bergen op Zoom
Roskamstraat,4,A,"",4611LZ,Bergen op Zoom
Roskamstraat,5,"","",4611LZ,Bergen op Zoom
Roskamstraat,8,"","",4611LZ,Bergen op Zoom
Korte Bosstraat,1,"","",4611MA,Bergen op Zoom
Korte Bosstraat,10,"","",4611MA,Bergen op Zoom
Korte Bosstraat,11,"","",4611MA,Bergen op Zoom
Korte Bosstraat,12,"","",4611MA,Bergen op Zoom
Korte Bosstraat,2,"","",4611MA,Bergen op Zoom
Korte Bosstraat,2,"","",4611MA,Bergen op Zoom
Korte Bosstraat,2,A,"",4611MA,Bergen op Zoom
Korte Bosstraat,3,"","",4611MA,Bergen op Zoom
Korte Bosstraat,3,"","",4611MA,Bergen op Zoom
Korte Bosstraat,3,A,"",4611MA,Bergen op Zoom
Korte Bosstraat,4,"","",4611MA,Bergen op Zoom
Korte Bosstraat,4,"","",4611MA,Bergen op Zoom
Korte Bosstraat,4,A,"",4611MA,Bergen op Zoom
Korte Bosstraat,5,"","",4611MA,Bergen op Zoom
Korte Bosstraat,5,A,"",4611MA,Bergen op Zoom
Korte Bosstraat,6,"","",4611MA,Bergen op Zoom
Korte Bosstraat,6,A,"",4611MA,Bergen op Zoom
Korte Bosstraat,7,"","",4611MA,Bergen op Zoom
Korte Bosstraat,7,A,"",4611MA,Bergen op Zoom
Korte Bosstraat,8,"","",4611MA,Bergen op Zoom
Korte Bosstraat,8,"","",4611MA,Bergen op Zoom
Korte Bosstraat,9,"","",4611MA,Bergen op Zoom
Korte Bosstraat,9,"","",4611MA,Bergen op Zoom
Korte Bosstraat,9,A,"",4611MA,Bergen op Zoom
Kloosterstraat,101,"","",4611MB,Bergen op Zoom
Kloosterstraat,101,A,"",4611MB,Bergen op Zoom
Kloosterstraat,101,A,"",4611MB,Bergen op Zoom
Kloosterstraat,101,B,"",4611MB,Bergen op Zoom
Kloosterstraat,103,"","",4611MB,Bergen op Zoom
Kloosterstraat,11,"","",4611MB,Bergen op Zoom
Kloosterstraat,13,"","",4611MB,Bergen op Zoom
Kloosterstraat,15,"","",4611MB,Bergen op Zoom
Kloosterstraat,17,"","",4611MB,Bergen op Zoom
Kloosterstraat,19,"","",4611MB,Bergen op Zoom
Kloosterstraat,21,"","",4611MB,Bergen op Zoom
Kloosterstraat,23,"","",4611MB,Bergen op Zoom
Kloosterstraat,25,"","",4611MB,Bergen op Zoom
Kloosterstraat,27,"","",4611MB,Bergen op Zoom
Kloosterstraat,29,"","",4611MB,Bergen op Zoom
Kloosterstraat,3,"","",4611MB,Bergen op Zoom
Kloosterstraat,31,"","",4611MB,Bergen op Zoom
Kloosterstraat,33,"","",4611MB,Bergen op Zoom
Kloosterstraat,35,"","",4611MB,Bergen op Zoom
Kloosterstraat,37,"","",4611MB,Bergen op Zoom
Kloosterstraat,39,"","",4611MB,Bergen op Zoom
Kloosterstraat,41,"","",4611MB,Bergen op Zoom
Kloosterstraat,43,"","",4611MB,Bergen op Zoom
Kloosterstraat,45,"","",4611MB,Bergen op Zoom
Kloosterstraat,47,"","",4611MB,Bergen op Zoom
Kloosterstraat,49,"","",4611MB,Bergen op Zoom
Kloosterstraat,5,"","",4611MB,Bergen op Zoom
Kloosterstraat,51,"","",4611MB,Bergen op Zoom
Kloosterstraat,53,"","",4611MB,Bergen op Zoom
Kloosterstraat,55,"","",4611MB,Bergen op Zoom
Kloosterstraat,57,"","",4611MB,Bergen op Zoom
Kloosterstraat,59,"","",4611MB,Bergen op Zoom
Kloosterstraat,61,"","",4611MB,Bergen op Zoom
Kloosterstraat,63,"","",4611MB,Bergen op Zoom
Kloosterstraat,65,"","",4611MB,Bergen op Zoom
Kloosterstraat,67,"","",4611MB,Bergen op Zoom
Kloosterstraat,69,"","",4611MB,Bergen op Zoom
Kloosterstraat,7,"","",4611MB,Bergen op Zoom
Kloosterstraat,71,"","",4611MB,Bergen op Zoom
Kloosterstraat,73,"","",4611MB,Bergen op Zoom
Kloosterstraat,77,A,"",4611MB,Bergen op Zoom
Kloosterstraat,79,"","",4611MB,Bergen op Zoom
Kloosterstraat,81,"","",4611MB,Bergen op Zoom
Kloosterstraat,81,A,"",4611MB,Bergen op Zoom
Kloosterstraat,83,A,"",4611MB,Bergen op Zoom
Kloosterstraat,85,"","",4611MB,Bergen op Zoom
Kloosterstraat,85,A,"",4611MB,Bergen op Zoom
Kloosterstraat,87,"","",4611MB,Bergen op Zoom
Kloosterstraat,9,"","",4611MB,Bergen op Zoom
Kloosterstraat,91,"","",4611MB,Bergen op Zoom
Kloosterstraat,93,"","",4611MB,Bergen op Zoom
Kloosterstraat,95,"","",4611MB,Bergen op Zoom
Kloosterstraat,97,"","",4611MB,Bergen op Zoom
Kloosterstraat,99,"","",4611MB,Bergen op Zoom
Kloosterstraat,10,"","",4611MC,Bergen op Zoom
Kloosterstraat,12,"","",4611MC,Bergen op Zoom
Kloosterstraat,14,"","",4611MC,Bergen op Zoom
Kloosterstraat,16,"","",4611MC,Bergen op Zoom
Kloosterstraat,18,"","",4611MC,Bergen op Zoom
Kloosterstraat,2,"","",4611MC,Bergen op Zoom
Kloosterstraat,2,A,"",4611MC,Bergen op Zoom
Kloosterstraat,2,B,"",4611MC,Bergen op Zoom
Kloosterstraat,2,C,"",4611MC,Bergen op Zoom
Kloosterstraat,20,"","",4611MC,Bergen op Zoom
Kloosterstraat,22,"","",4611MC,Bergen op Zoom
Kloosterstraat,24,"","",4611MC,Bergen op Zoom
Kloosterstraat,28,"","",4611MC,Bergen op Zoom
Kloosterstraat,30,"","",4611MC,Bergen op Zoom
Kloosterstraat,32,"","",4611MC,Bergen op Zoom
Kloosterstraat,34,"","",4611MC,Bergen op Zoom
Kloosterstraat,36,"","",4611MC,Bergen op Zoom
Kloosterstraat,38,"","",4611MC,Bergen op Zoom
Kloosterstraat,4,"","",4611MC,Bergen op Zoom
Kloosterstraat,40,"","",4611MC,Bergen op Zoom
Kloosterstraat,40,A,"",4611MC,Bergen op Zoom
Kloosterstraat,40,B,"",4611MC,Bergen op Zoom
Kloosterstraat,40,C,"",4611MC,Bergen op Zoom
Kloosterstraat,40,D,"",4611MC,Bergen op Zoom
Kloosterstraat,40,E,"",4611MC,Bergen op Zoom
Kloosterstraat,40,F,"",4611MC,Bergen op Zoom
Kloosterstraat,42,"","",4611MC,Bergen op Zoom
Kloosterstraat,42,A,"",4611MC,Bergen op Zoom
Kloosterstraat,44,A,"",4611MC,Bergen op Zoom
Kloosterstraat,46,"","",4611MC,Bergen op Zoom
Kloosterstraat,48,"","",4611MC,Bergen op Zoom
Kloosterstraat,50,"","",4611MC,Bergen op Zoom
Kloosterstraat,52,"","",4611MC,Bergen op Zoom
Kloosterstraat,54,"","",4611MC,Bergen op Zoom
Kloosterstraat,56,"","",4611MC,Bergen op Zoom
Kloosterstraat,58,"","",4611MC,Bergen op Zoom
Kloosterstraat,6,"","",4611MC,Bergen op Zoom
Kloosterstraat,62,A,"",4611MC,Bergen op Zoom
Kloosterstraat,8,"","",4611MC,Bergen op Zoom
Schoolstraat,1,"","",4611MD,Bergen op Zoom
Schoolstraat,1,A,"",4611MD,Bergen op Zoom
Schoolstraat,1,B,"",4611MD,Bergen op Zoom
Schoolstraat,1,C,"",4611MD,Bergen op Zoom
Schoolstraat,1,D,"",4611MD,Bergen op Zoom
Schoolstraat,1,E,"",4611MD,Bergen op Zoom
Schoolstraat,1,F,"",4611MD,Bergen op Zoom
Schoolstraat,1,G,"",4611MD,Bergen op Zoom
Schoolstraat,1,H,"",4611MD,Bergen op Zoom
Schoolstraat,1,I,"",4611MD,Bergen op Zoom
Schoolstraat,1,J,"",4611MD,Bergen op Zoom
Schoolstraat,10,"","",4611MD,Bergen op Zoom
Schoolstraat,11,"","",4611MD,Bergen op Zoom
Schoolstraat,15,"","",4611MD,Bergen op Zoom
Schoolstraat,17,"","",4611MD,Bergen op Zoom
Schoolstraat,19,"","",4611MD,Bergen op Zoom
Schoolstraat,19,A,"",4611MD,Bergen op Zoom
Schoolstraat,21,"","",4611MD,Bergen op Zoom
Schoolstraat,23,"","",4611MD,Bergen op Zoom
Schoolstraat,25,"","",4611MD,Bergen op Zoom
Schoolstraat,27,"","",4611MD,Bergen op Zoom
Schoolstraat,29,"","",4611MD,Bergen op Zoom
Schoolstraat,3,"","",4611MD,Bergen op Zoom
Schoolstraat,31,"","",4611MD,Bergen op Zoom
Schoolstraat,37,"","",4611MD,Bergen op Zoom
Schoolstraat,5,"","",4611MD,Bergen op Zoom
Schoolstraat,7,"","",4611MD,Bergen op Zoom
Schoolstraat,9,"","",4611MD,Bergen op Zoom
Franse Sortie,1,"","",4611ME,Bergen op Zoom
Huijbergsestraat,10,"","",4611MG,Bergen op Zoom
Huijbergsestraat,11,"","",4611MG,Bergen op Zoom
Huijbergsestraat,11,"","",4611MG,Bergen op Zoom
Huijbergsestraat,11,"","",4611MG,Bergen op Zoom
Huijbergsestraat,11,A,"",4611MG,Bergen op Zoom
Huijbergsestraat,11,A,"",4611MG,Bergen op Zoom
Huijbergsestraat,12,"","",4611MG,Bergen op Zoom
Huijbergsestraat,12,A,"",4611MG,Bergen op Zoom
Huijbergsestraat,13,"","",4611MG,Bergen op Zoom
Huijbergsestraat,13,A,"",4611MG,Bergen op Zoom
Huijbergsestraat,14,"","",4611MG,Bergen op Zoom
Huijbergsestraat,14,"","",4611MG,Bergen op Zoom
Huijbergsestraat,15,"","",4611MG,Bergen op Zoom
Huijbergsestraat,17,"","",4611MG,Bergen op Zoom
Huijbergsestraat,19,"","",4611MG,Bergen op Zoom
Huijbergsestraat,21,"","",4611MG,Bergen op Zoom
Huijbergsestraat,23,"","",4611MG,Bergen op Zoom
Huijbergsestraat,25,"","",4611MG,Bergen op Zoom
Huijbergsestraat,27,"","",4611MG,Bergen op Zoom
Huijbergsestraat,29,"","",4611MG,Bergen op Zoom
Huijbergsestraat,3,"","",4611MG,Bergen op Zoom
Huijbergsestraat,31,"","",4611MG,Bergen op Zoom
Huijbergsestraat,33,"","",4611MG,Bergen op Zoom
Huijbergsestraat,4,"","",4611MG,Bergen op Zoom
Huijbergsestraat,5,"","",4611MG,Bergen op Zoom
Huijbergsestraat,5,"","",4611MG,Bergen op Zoom
Huijbergsestraat,5,A,"",4611MG,Bergen op Zoom
Huijbergsestraat,5,B,"",4611MG,Bergen op Zoom
Huijbergsestraat,6,"","",4611MG,Bergen op Zoom
Huijbergsestraat,7,"","",4611MG,Bergen op Zoom
Huijbergsestraat,7,A,"",4611MG,Bergen op Zoom
Huijbergsestraat,8,"","",4611MG,Bergen op Zoom
Huijbergsestraat,9,"","",4611MG,Bergen op Zoom
Huijbergsestraat,9,"","",4611MG,Bergen op Zoom
Huijbergsestraat,9,A,"",4611MG,Bergen op Zoom
Sint-Josephstraat,1,"","",4611MJ,Bergen op Zoom
Sint-Josephstraat,15,"","",4611MJ,Bergen op Zoom
Sint-Josephstraat,17,A,"",4611MJ,Bergen op Zoom
Sint-Josephstraat,17,B,"",4611MJ,Bergen op Zoom
Sint-Josephstraat,19,"","",4611MJ,Bergen op Zoom
Voetboog,2,"","",4611MJ,Bergen op Zoom
Sint-Josephstraat,21,"","",4611MJ,Bergen op Zoom
Sint-Josephstraat,21,"","",4611MJ,Bergen op Zoom
Sint-Josephstraat,21,A,"",4611MJ,Bergen op Zoom
Sint-Josephstraat,23,A,"",4611MJ,Bergen op Zoom
Sint-Josephstraat,25,"","",4611MJ,Bergen op Zoom
Sint-Josephstraat,25,"","",4611MJ,Bergen op Zoom
Sint-Josephstraat,25,A,"",4611MJ,Bergen op Zoom
Sint-Josephstraat,27,"","",4611MJ,Bergen op Zoom
Sint-Josephstraat,29,"","",4611MJ,Bergen op Zoom
Sint-Josephstraat,29,A,"",4611MJ,Bergen op Zoom
Sint-Josephstraat,31,"","",4611MJ,Bergen op Zoom
Sint-Josephstraat,33,"","",4611MJ,Bergen op Zoom
Sint-Josephstraat,35,"","",4611MJ,Bergen op Zoom
Sint-Josephstraat,37,"","",4611MJ,Bergen op Zoom
Sint-Josephstraat,37,"","",4611MJ,Bergen op Zoom
Sint-Josephstraat,37,A,"",4611MJ,Bergen op Zoom
Sint-Josephstraat,39,"","",4611MJ,Bergen op Zoom
Voetboog,4,"","",4611MJ,Bergen op Zoom
Sint-Josephstraat,5,"","",4611MJ,Bergen op Zoom
Sint-Josephstraat,5,"","",4611MJ,Bergen op Zoom
Sint-Josephstraat,5,A,"",4611MJ,Bergen op Zoom
Sint-Josephstraat,7,"","",4611MJ,Bergen op Zoom
Sint-Josephstraat,7,A,"",4611MJ,Bergen op Zoom
Sint-Josephstraat,9,"","",4611MJ,Bergen op Zoom
Sint-Josephstraat,9,"","",4611MJ,Bergen op Zoom
Sint-Josephstraat,9,A,"",4611MJ,Bergen op Zoom
Sint-Josephstraat,9,A,"",4611MJ,Bergen op Zoom
Sint-Josephstraat,9,A,"",4611MJ,Bergen op Zoom
Thaliaplein,1,"","",4611MK,Bergen op Zoom
Thaliaplein,1,A,"",4611MK,Bergen op Zoom
Thaliaplein,2,"","",4611MK,Bergen op Zoom
Thaliaplein,2,A,"",4611MK,Bergen op Zoom
Thaliaplein,3,"","",4611MK,Bergen op Zoom
Thaliaplein,4,"","",4611MK,Bergen op Zoom
Sint-Josephstraat,41,"","",4611MK,Bergen op Zoom
Sint-Josephstraat,43,"","",4611MK,Bergen op Zoom
Sint-Josephstraat,45,"","",4611MK,Bergen op Zoom
Sint-Josephstraat,45,A,"",4611MK,Bergen op Zoom
Sint-Josephstraat,49,"","",4611MK,Bergen op Zoom
Thaliaplein,5,"","",4611MK,Bergen op Zoom
Sint-Josephstraat,51,"","",4611MK,Bergen op Zoom
Sint-Josephstraat,53,"","",4611MK,Bergen op Zoom
Sint-Josephstraat,55,"","",4611MK,Bergen op Zoom
Sint-Josephstraat,57,"","",4611MK,Bergen op Zoom
Voetboog,1,"","",4611ML,Bergen op Zoom
Sint-Josephstraat,10,"","",4611ML,Bergen op Zoom
Sint-Josephstraat,12,"","",4611ML,Bergen op Zoom
Sint-Josephstraat,14,"","",4611ML,Bergen op Zoom
Sint-Josephstraat,14,"","",4611ML,Bergen op Zoom
Sint-Josephstraat,14,"","",4611ML,Bergen op Zoom
Sint-Josephstraat,14,A,"",4611ML,Bergen op Zoom
Sint-Josephstraat,14,B,"",4611ML,Bergen op Zoom
Sint-Josephstraat,14,C,"",4611ML,Bergen op Zoom
Sint-Josephstraat,14,D,"",4611ML,Bergen op Zoom
Sint-Josephstraat,18,"","",4611ML,Bergen op Zoom
Sint-Josephstraat,2,"","",4611ML,Bergen op Zoom
Sint-Josephstraat,20,"","",4611ML,Bergen op Zoom
Sint-Josephstraat,22,"","",4611ML,Bergen op Zoom
Sint-Josephstraat,24,"","",4611ML,Bergen op Zoom
Sint-Josephstraat,26,"","",4611ML,Bergen op Zoom
Sint-Josephstraat,28,"","",4611ML,Bergen op Zoom
Voetboog,3,"","",4611ML,Bergen op Zoom
Sint-Josephstraat,30,"","",4611ML,Bergen op Zoom
Sint-Josephstraat,32,"","",4611ML,Bergen op Zoom
Sint-Josephstraat,34,"","",4611ML,Bergen op Zoom
Sint-Josephstraat,36,"","",4611ML,Bergen op Zoom
Sint-Josephstraat,38,"","",4611ML,Bergen op Zoom
Sint-Josephstraat,4,"","",4611ML,Bergen op Zoom
Sint-Josephstraat,4,A,"",4611ML,Bergen op Zoom
Sint-Josephstraat,4,B,"",4611ML,Bergen op Zoom
Sint-Josephstraat,40,"","",4611ML,Bergen op Zoom
Sint-Josephstraat,42,"","",4611ML,Bergen op Zoom
Sint-Josephstraat,44,"","",4611ML,Bergen op Zoom
Sint-Josephstraat,46,"","",4611ML,Bergen op Zoom
Sint-Josephstraat,48,"","",4611ML,Bergen op Zoom
Voetboog,5,"","",4611ML,Bergen op Zoom
Sint-Josephstraat,50,"","",4611ML,Bergen op Zoom
Sint-Josephstraat,52,"","",4611ML,Bergen op Zoom
Sint-Josephstraat,53,"","",4611ML,Bergen op Zoom
Sint-Josephstraat,54,"","",4611ML,Bergen op Zoom
Sint-Josephstraat,55,"","",4611ML,Bergen op Zoom
Sint-Josephstraat,56,"","",4611ML,Bergen op Zoom
Sint-Josephstraat,58,"","",4611ML,Bergen op Zoom
Sint-Josephstraat,6,"","",4611ML,Bergen op Zoom
Sint-Josephstraat,60,"","",4611ML,Bergen op Zoom
Sint-Josephstraat,64,"","",4611ML,Bergen op Zoom
Sint-Josephstraat,66,"","",4611ML,Bergen op Zoom
Sint-Josephstraat,68,"","",4611ML,Bergen op Zoom
Sint-Josephstraat,70,"","",4611ML,Bergen op Zoom
Sint-Josephstraat,8,"","",4611ML,Bergen op Zoom
Sint-Josephstraat,8,"","",4611ML,Bergen op Zoom
Sint-Josephstraat,8,A,"",4611ML,Bergen op Zoom
Rozemarijnstraat,1,A,"",4611MN,Bergen op Zoom
Rozemarijnstraat,10,"","",4611MN,Bergen op Zoom
Rozemarijnstraat,11,"","",4611MN,Bergen op Zoom
Rozemarijnstraat,12,"","",4611MN,Bergen op Zoom
Rozemarijnstraat,14,"","",4611MN,Bergen op Zoom
Rozemarijnstraat,16,"","",4611MN,Bergen op Zoom
Rozemarijnstraat,18,"","",4611MN,Bergen op Zoom
Rozemarijnstraat,20,"","",4611MN,Bergen op Zoom
Rozemarijnstraat,22,"","",4611MN,Bergen op Zoom
Rozemarijnstraat,24,"","",4611MN,Bergen op Zoom
Rozemarijnstraat,26,"","",4611MN,Bergen op Zoom
Rozemarijnstraat,28,"","",4611MN,Bergen op Zoom
Rozemarijnstraat,3,"","",4611MN,Bergen op Zoom
Rozemarijnstraat,3,A,"",4611MN,Bergen op Zoom
Rozemarijnstraat,3,A,"",4611MN,Bergen op Zoom
Rozemarijnstraat,3,B,"",4611MN,Bergen op Zoom
Rozemarijnstraat,3,C,"",4611MN,Bergen op Zoom
Rozemarijnstraat,30,"","",4611MN,Bergen op Zoom
Rozemarijnstraat,4,"","",4611MN,Bergen op Zoom
Rozemarijnstraat,5,"","",4611MN,Bergen op Zoom
Rozemarijnstraat,6,"","",4611MN,Bergen op Zoom
Rozemarijnstraat,6,A,"",4611MN,Bergen op Zoom
Rozemarijnstraat,7,"","",4611MN,Bergen op Zoom
Rozemarijnstraat,7,A,"",4611MN,Bergen op Zoom
Rozemarijnstraat,7,B,"",4611MN,Bergen op Zoom
Rozemarijnstraat,8,"","",4611MN,Bergen op Zoom
Rozemarijnstraat,9,"","",4611MN,Bergen op Zoom
Keizerstraat,2,"","",4611MP,Bergen op Zoom
Hoogstraat,1,A,"",4611MR,Bergen op Zoom
Hoogstraat,11,"","",4611MR,Bergen op Zoom
Hoogstraat,11,"","",4611MR,Bergen op Zoom
Hoogstraat,3,"","",4611MR,Bergen op Zoom
Hoogstraat,3,A,"",4611MR,Bergen op Zoom
Hoogstraat,5,"","",4611MR,Bergen op Zoom
Hoogstraat,5,"","",4611MR,Bergen op Zoom
Hoogstraat,7,"","",4611MR,Bergen op Zoom
Hoogstraat,9,"","",4611MR,Bergen op Zoom
Hoogstraat,13,"","",4611MS,Bergen op Zoom
Hoogstraat,15,"","",4611MS,Bergen op Zoom
Hoogstraat,17,"","",4611MS,Bergen op Zoom
Hoogstraat,19,"","",4611MS,Bergen op Zoom
Hoogstraat,21,A,"",4611MS,Bergen op Zoom
Hoogstraat,21,B,"",4611MS,Bergen op Zoom
Hoogstraat,23,"","",4611MS,Bergen op Zoom
Hoogstraat,25,"","",4611MS,Bergen op Zoom
Hoogstraat,27,"","",4611MS,Bergen op Zoom
Hoogstraat,29,"","",4611MS,Bergen op Zoom
Hoogstraat,31,"","",4611MS,Bergen op Zoom
Hoogstraat,33,"","",4611MS,Bergen op Zoom
Hoogstraat,35,"","",4611MS,Bergen op Zoom
Hoogstraat,37,"","",4611MS,Bergen op Zoom
Hoogstraat,39,"","",4611MS,Bergen op Zoom
Hoogstraat,39,A,"",4611MS,Bergen op Zoom
Hoogstraat,39,B,"",4611MS,Bergen op Zoom
Hoogstraat,41,"","",4611MS,Bergen op Zoom
Hoogstraat,10,"","",4611MT,Bergen op Zoom
Hoogstraat,12,"","",4611MT,Bergen op Zoom
Hoogstraat,14,"","",4611MT,Bergen op Zoom
Hoogstraat,2,"","",4611MT,Bergen op Zoom
Hoogstraat,4,"","",4611MT,Bergen op Zoom
Hoogstraat,6,"","",4611MT,Bergen op Zoom
Hoogstraat,6,A,"",4611MT,Bergen op Zoom
Hoogstraat,8,"","",4611MT,Bergen op Zoom
Hoogstraat,16,"","",4611MV,Bergen op Zoom
Hoogstraat,18,"","",4611MV,Bergen op Zoom
Hoogstraat,20,"","",4611MV,Bergen op Zoom
Hoogstraat,22,"","",4611MV,Bergen op Zoom
Hoogstraat,24,"","",4611MV,Bergen op Zoom
Hoogstraat,24,A,"",4611MV,Bergen op Zoom
Hoogstraat,26,"","",4611MV,Bergen op Zoom
Hoogstraat,26,A,"",4611MV,Bergen op Zoom
Hoogstraat,28,"","",4611MV,Bergen op Zoom
Hoogstraat,30,"","",4611MV,Bergen op Zoom
Hoogstraat,30,"","",4611MV,Bergen op Zoom
Hoogstraat,30,A,"",4611MV,Bergen op Zoom
Hoogstraat,30,A,"",4611MV,Bergen op Zoom
Hoogstraat,32,"","",4611MV,Bergen op Zoom
Hoogstraat,32,A,"",4611MV,Bergen op Zoom
Hoogstraat,34,"","",4611MV,Bergen op Zoom
Hoogstraat,36,"","",4611MV,Bergen op Zoom
Koningstraat,12,A,"",4611MX,Bergen op Zoom
Franciscusberg,1,"","",4611MZ,Bergen op Zoom
Franciscusberg,10,"","",4611MZ,Bergen op Zoom
Franciscusberg,11,"","",4611MZ,Bergen op Zoom
Franciscusberg,12,"","",4611MZ,Bergen op Zoom
Franciscusberg,13,"","",4611MZ,Bergen op Zoom
Franciscusberg,14,"","",4611MZ,Bergen op Zoom
Franciscusberg,15,"","",4611MZ,Bergen op Zoom
Franciscusberg,16,"","",4611MZ,Bergen op Zoom
Franciscusberg,17,"","",4611MZ,Bergen op Zoom
Franciscusberg,18,"","",4611MZ,Bergen op Zoom
Franciscusberg,19,"","",4611MZ,Bergen op Zoom
Franciscusberg,2,"","",4611MZ,Bergen op Zoom
Franciscusberg,20,"","",4611MZ,Bergen op Zoom
Franciscusberg,21,"","",4611MZ,Bergen op Zoom
Franciscusberg,22,"","",4611MZ,Bergen op Zoom
Franciscusberg,23,"","",4611MZ,Bergen op Zoom
Franciscusberg,24,"","",4611MZ,Bergen op Zoom
Franciscusberg,25,"","",4611MZ,Bergen op Zoom
Franciscusberg,26,"","",4611MZ,Bergen op Zoom
Franciscusberg,27,"","",4611MZ,Bergen op Zoom
Franciscusberg,28,"","",4611MZ,Bergen op Zoom
Franciscusberg,29,"","",4611MZ,Bergen op Zoom
Franciscusberg,3,"","",4611MZ,Bergen op Zoom
Franciscusberg,30,"","",4611MZ,Bergen op Zoom
Franciscusberg,31,"","",4611MZ,Bergen op Zoom
Franciscusberg,32,"","",4611MZ,Bergen op Zoom
Franciscusberg,33,"","",4611MZ,Bergen op Zoom
Franciscusberg,34,"","",4611MZ,Bergen op Zoom
Franciscusberg,35,"","",4611MZ,Bergen op Zoom
Franciscusberg,36,"","",4611MZ,Bergen op Zoom
Franciscusberg,37,"","",4611MZ,Bergen op Zoom
Franciscusberg,38,"","",4611MZ,Bergen op Zoom
Franciscusberg,39,"","",4611MZ,Bergen op Zoom
Franciscusberg,4,"","",4611MZ,Bergen op Zoom
Franciscusberg,40,"","",4611MZ,Bergen op Zoom
Franciscusberg,41,"","",4611MZ,Bergen op Zoom
Franciscusberg,42,"","",4611MZ,Bergen op Zoom
Franciscusberg,43,"","",4611MZ,Bergen op Zoom
Franciscusberg,44,"","",4611MZ,Bergen op Zoom
Franciscusberg,45,"","",4611MZ,Bergen op Zoom
Franciscusberg,46,"","",4611MZ,Bergen op Zoom
Franciscusberg,47,"","",4611MZ,Bergen op Zoom
Franciscusberg,48,"","",4611MZ,Bergen op Zoom
Franciscusberg,49,"","",4611MZ,Bergen op Zoom
Franciscusberg,5,"","",4611MZ,Bergen op Zoom
Franciscusberg,50,"","",4611MZ,Bergen op Zoom
Franciscusberg,51,"","",4611MZ,Bergen op Zoom
Franciscusberg,52,"","",4611MZ,Bergen op Zoom
Franciscusberg,53,"","",4611MZ,Bergen op Zoom
Franciscusberg,54,"","",4611MZ,Bergen op Zoom
Franciscusberg,55,"","",4611MZ,Bergen op Zoom
Franciscusberg,56,"","",4611MZ,Bergen op Zoom
Franciscusberg,57,"","",4611MZ,Bergen op Zoom
Franciscusberg,58,"","",4611MZ,Bergen op Zoom
Franciscusberg,59,"","",4611MZ,Bergen op Zoom
Franciscusberg,6,"","",4611MZ,Bergen op Zoom
Franciscusberg,60,"","",4611MZ,Bergen op Zoom
Franciscusberg,61,"","",4611MZ,Bergen op Zoom
Franciscusberg,62,"","",4611MZ,Bergen op Zoom
Franciscusberg,63,"","",4611MZ,Bergen op Zoom
Franciscusberg,64,"","",4611MZ,Bergen op Zoom
Franciscusberg,65,"","",4611MZ,Bergen op Zoom
Franciscusberg,66,"","",4611MZ,Bergen op Zoom
Franciscusberg,67,"","",4611MZ,Bergen op Zoom
Franciscusberg,68,"","",4611MZ,Bergen op Zoom
Franciscusberg,69,"","",4611MZ,Bergen op Zoom
Franciscusberg,7,"","",4611MZ,Bergen op Zoom
Franciscusberg,70,"","",4611MZ,Bergen op Zoom
Franciscusberg,71,"","",4611MZ,Bergen op Zoom
Franciscusberg,72,"","",4611MZ,Bergen op Zoom
Franciscusberg,73,"","",4611MZ,Bergen op Zoom
Franciscusberg,74,"","",4611MZ,Bergen op Zoom
Franciscusberg,75,"","",4611MZ,Bergen op Zoom
Franciscusberg,76,"","",4611MZ,Bergen op Zoom
Franciscusberg,77,"","",4611MZ,Bergen op Zoom
Franciscusberg,78,"","",4611MZ,Bergen op Zoom
Franciscusberg,8,"","",4611MZ,Bergen op Zoom
Franciscusberg,9,"","",4611MZ,Bergen op Zoom
Bosstraat,1,"","",4611NA,Bergen op Zoom
Bosstraat,11,"","",4611NA,Bergen op Zoom
Bosstraat,15,"","",4611NA,Bergen op Zoom
Bosstraat,15,"","",4611NA,Bergen op Zoom
Bosstraat,15,A,"",4611NA,Bergen op Zoom
Bosstraat,15,A,"",4611NA,Bergen op Zoom
Bosstraat,15,B,"",4611NA,Bergen op Zoom
Bosstraat,5,"","",4611NA,Bergen op Zoom
Bosstraat,7,"","",4611NA,Bergen op Zoom
Bosstraat,7,"","",4611NA,Bergen op Zoom
Bosstraat,7,A,"",4611NA,Bergen op Zoom
Bosstraat,7,B,"",4611NA,Bergen op Zoom
Bosstraat,9,"","",4611NA,Bergen op Zoom
Bosstraat,17,"","",4611NB,Bergen op Zoom
Bosstraat,17,"","",4611NB,Bergen op Zoom
Bosstraat,17,A,"",4611NB,Bergen op Zoom
Bosstraat,21,"","",4611NB,Bergen op Zoom
Bosstraat,23,"","",4611NB,Bergen op Zoom
Bosstraat,23,A,"",4611NB,Bergen op Zoom
Bosstraat,25,"","",4611NB,Bergen op Zoom
Bosstraat,25,A,"",4611NB,Bergen op Zoom
Bosstraat,25,B,"",4611NB,Bergen op Zoom
Bosstraat,25,C,"",4611NB,Bergen op Zoom
Bosstraat,27,"","",4611NB,Bergen op Zoom
Bosstraat,27,A,"",4611NB,Bergen op Zoom
Bosstraat,29,"","",4611NB,Bergen op Zoom
Bosstraat,29,A,"",4611NB,Bergen op Zoom
Bosstraat,31,"","",4611NB,Bergen op Zoom
Bosstraat,33,"","",4611NB,Bergen op Zoom
Bosstraat,10,"","",4611NC,Bergen op Zoom
Bosstraat,10,A,"",4611NC,Bergen op Zoom
Bosstraat,12,"","",4611NC,Bergen op Zoom
Bosstraat,12,A,"",4611NC,Bergen op Zoom
Bosstraat,14,"","",4611NC,Bergen op Zoom
Bosstraat,16,"","",4611NC,Bergen op Zoom
Bosstraat,16,A,"",4611NC,Bergen op Zoom
Bosstraat,16,B,"",4611NC,Bergen op Zoom
Bosstraat,18,"","",4611NC,Bergen op Zoom
Bosstraat,18,"","",4611NC,Bergen op Zoom
Bosstraat,18,A,"",4611NC,Bergen op Zoom
Bosstraat,18,B,"",4611NC,Bergen op Zoom
Bosstraat,2,"","",4611NC,Bergen op Zoom
Bosstraat,20,"","",4611NC,Bergen op Zoom
Bosstraat,4,"","",4611NC,Bergen op Zoom
Bosstraat,6,"","",4611NC,Bergen op Zoom
Bosstraat,6,A,"",4611NC,Bergen op Zoom
Bosstraat,8,"","",4611NC,Bergen op Zoom
Bosstraat,8,A,"",4611NC,Bergen op Zoom
Bosstraat,22,"","",4611ND,Bergen op Zoom
Bosstraat,22,A,"",4611ND,Bergen op Zoom
Bosstraat,24,"","",4611ND,Bergen op Zoom
Bosstraat,24,"","",4611ND,Bergen op Zoom
Bosstraat,26,"","",4611ND,Bergen op Zoom
Bosstraat,26,A,"",4611ND,Bergen op Zoom
Bosstraat,28,"","",4611ND,Bergen op Zoom
Bosstraat,28,"","",4611ND,Bergen op Zoom
Bosstraat,28,A,"",4611ND,Bergen op Zoom
Bosstraat,28,A,"",4611ND,Bergen op Zoom
Bosstraat,28,B,"",4611ND,Bergen op Zoom
Bosstraat,30,"","",4611ND,Bergen op Zoom
Bosstraat,30,"","",4611ND,Bergen op Zoom
Bosstraat,30,"","",4611ND,Bergen op Zoom
Bosstraat,30,"","",4611ND,Bergen op Zoom
Bosstraat,32,"","",4611ND,Bergen op Zoom
Bosstraat,32,A,"",4611ND,Bergen op Zoom
Bosstraat,34,"","",4611ND,Bergen op Zoom
Bosstraat,34,A,"",4611ND,Bergen op Zoom
Bosstraat,34,B,"",4611ND,Bergen op Zoom
Bosstraat,36,"","",4611ND,Bergen op Zoom
Bosstraat,36,"","",4611ND,Bergen op Zoom
Bosstraat,38,"","",4611ND,Bergen op Zoom
Bosstraat,42,"","",4611ND,Bergen op Zoom
Bosstraat,42,A,"",4611ND,Bergen op Zoom
Bosstraat,44,"","",4611ND,Bergen op Zoom
Penstraat,1,"","",4611NE,Bergen op Zoom
Penstraat,10,"","",4611NE,Bergen op Zoom
Penstraat,11,"","",4611NE,Bergen op Zoom
Penstraat,12,"","",4611NE,Bergen op Zoom
Penstraat,13,"","",4611NE,Bergen op Zoom
Penstraat,14,"","",4611NE,Bergen op Zoom
Penstraat,15,"","",4611NE,Bergen op Zoom
Penstraat,16,"","",4611NE,Bergen op Zoom
Penstraat,17,"","",4611NE,Bergen op Zoom
Penstraat,18,"","",4611NE,Bergen op Zoom
Penstraat,19,"","",4611NE,Bergen op Zoom
Penstraat,2,"","",4611NE,Bergen op Zoom
Penstraat,2,A,"",4611NE,Bergen op Zoom
Penstraat,2,B,"",4611NE,Bergen op Zoom
Penstraat,20,"","",4611NE,Bergen op Zoom
Penstraat,21,"","",4611NE,Bergen op Zoom
Penstraat,22,"","",4611NE,Bergen op Zoom
Penstraat,23,"","",4611NE,Bergen op Zoom
Penstraat,24,"","",4611NE,Bergen op Zoom
Penstraat,25,"","",4611NE,Bergen op Zoom
Penstraat,26,"","",4611NE,Bergen op Zoom
Penstraat,27,"","",4611NE,Bergen op Zoom
Penstraat,28,"","",4611NE,Bergen op Zoom
Penstraat,29,"","",4611NE,Bergen op Zoom
Penstraat,3,"","",4611NE,Bergen op Zoom
Penstraat,30,"","",4611NE,Bergen op Zoom
Penstraat,31,"","",4611NE,Bergen op Zoom
Penstraat,32,"","",4611NE,Bergen op Zoom
Penstraat,33,"","",4611NE,Bergen op Zoom
Penstraat,34,"","",4611NE,Bergen op Zoom
Penstraat,35,"","",4611NE,Bergen op Zoom
Penstraat,36,"","",4611NE,Bergen op Zoom
Penstraat,37,"","",4611NE,Bergen op Zoom
Penstraat,39,"","",4611NE,Bergen op Zoom
Penstraat,4,"","",4611NE,Bergen op Zoom
Penstraat,4,A,"",4611NE,Bergen op Zoom
Penstraat,5,"","",4611NE,Bergen op Zoom
Penstraat,6,"","",4611NE,Bergen op Zoom
Penstraat,7,"","",4611NE,Bergen op Zoom
Penstraat,8,"","",4611NE,Bergen op Zoom
Penstraat,9,"","",4611NE,Bergen op Zoom
Potterstraat,1,A,"",4611NG,Bergen op Zoom
Potterstraat,1,B,"",4611NG,Bergen op Zoom
Potterstraat,11,"","",4611NG,Bergen op Zoom
Potterstraat,13,"","",4611NG,Bergen op Zoom
Potterstraat,13,A,"",4611NG,Bergen op Zoom
Potterstraat,15,A,"",4611NG,Bergen op Zoom
Potterstraat,15,B,"",4611NG,Bergen op Zoom
Potterstraat,17,"","",4611NG,Bergen op Zoom
Potterstraat,17,B,"",4611NG,Bergen op Zoom
Potterstraat,19,"","",4611NG,Bergen op Zoom
Potterstraat,23,"","",4611NG,Bergen op Zoom
Potterstraat,25,"","",4611NG,Bergen op Zoom
Potterstraat,25,"","",4611NG,Bergen op Zoom
Potterstraat,27,A,"",4611NG,Bergen op Zoom
Potterstraat,27,B,"",4611NG,Bergen op Zoom
Potterstraat,29,"","",4611NG,Bergen op Zoom
Potterstraat,3,"","",4611NG,Bergen op Zoom
Potterstraat,3,A,"",4611NG,Bergen op Zoom
Potterstraat,3,B,"",4611NG,Bergen op Zoom
Potterstraat,5,"","",4611NG,Bergen op Zoom
Potterstraat,7,"","",4611NG,Bergen op Zoom
Potterstraat,7,A,"",4611NG,Bergen op Zoom
Potterstraat,9,"","",4611NG,Bergen op Zoom
Potterstraat,31,"","",4611NH,Bergen op Zoom
Potterstraat,31,A,"",4611NH,Bergen op Zoom
Potterstraat,33,"","",4611NH,Bergen op Zoom
Potterstraat,35,"","",4611NH,Bergen op Zoom
Potterstraat,37,"","",4611NH,Bergen op Zoom
Potterstraat,37,B,"",4611NH,Bergen op Zoom
Potterstraat,41,"","",4611NH,Bergen op Zoom
Potterstraat,45,"","",4611NH,Bergen op Zoom
Potterstraat,47,"","",4611NH,Bergen op Zoom
Potterstraat,49,"","",4611NH,Bergen op Zoom
Potterstraat,53,"","",4611NH,Bergen op Zoom
Potterstraat,10,"","",4611NJ,Bergen op Zoom
Potterstraat,12,"","",4611NJ,Bergen op Zoom
Potterstraat,14,"","",4611NJ,Bergen op Zoom
Potterstraat,15,A,"",4611NJ,Bergen op Zoom
Potterstraat,16,"","",4611NJ,Bergen op Zoom
Potterstraat,18,"","",4611NJ,Bergen op Zoom
Potterstraat,18,A,"",4611NJ,Bergen op Zoom
Potterstraat,20,"","",4611NJ,Bergen op Zoom
Potterstraat,22,"","",4611NJ,Bergen op Zoom
Potterstraat,24,"","",4611NJ,Bergen op Zoom
Potterstraat,26,"","",4611NJ,Bergen op Zoom
Potterstraat,28,"","",4611NJ,Bergen op Zoom
Potterstraat,28,"","",4611NJ,Bergen op Zoom
Potterstraat,30,"","",4611NJ,Bergen op Zoom
Potterstraat,30,"","",4611NJ,Bergen op Zoom
Potterstraat,30,"","",4611NJ,Bergen op Zoom
Potterstraat,30,A,"",4611NJ,Bergen op Zoom
Potterstraat,30,A,"",4611NJ,Bergen op Zoom
Potterstraat,32,"","",4611NJ,Bergen op Zoom
Potterstraat,32,"","",4611NJ,Bergen op Zoom
Potterstraat,34,"","",4611NJ,Bergen op Zoom
Potterstraat,36,"","",4611NJ,Bergen op Zoom
Potterstraat,4,"","",4611NJ,Bergen op Zoom
Potterstraat,6,"","",4611NJ,Bergen op Zoom
Potterstraat,8,"","",4611NJ,Bergen op Zoom
Potterstraat,38,"","",4611NK,Bergen op Zoom
Potterstraat,40,"","",4611NK,Bergen op Zoom
Potterstraat,40,A,"",4611NK,Bergen op Zoom
Potterstraat,42,"","",4611NK,Bergen op Zoom
Potterstraat,43,"","",4611NK,Bergen op Zoom
Potterstraat,44,"","",4611NK,Bergen op Zoom
Potterstraat,46,"","",4611NK,Bergen op Zoom
Potterstraat,46,"","",4611NK,Bergen op Zoom
Potterstraat,46,A,"",4611NK,Bergen op Zoom
Potterstraat,48,"","",4611NK,Bergen op Zoom
Potterstraat,48,A,"",4611NK,Bergen op Zoom
Potterstraat,50,"","",4611NK,Bergen op Zoom
Potterstraat,52,"","",4611NK,Bergen op Zoom
Potterstraat,54,"","",4611NK,Bergen op Zoom
Potterstraat,56,"","",4611NK,Bergen op Zoom
Potterstraat,56,A,"",4611NK,Bergen op Zoom
Potterstraat,58,"","",4611NK,Bergen op Zoom
Potterstraat,58,"","",4611NK,Bergen op Zoom
Potterstraat,58,"","",4611NK,Bergen op Zoom
Potterstraat,60,"","",4611NK,Bergen op Zoom
Potterstraat,60,"","",4611NK,Bergen op Zoom
Potterstraat,60,"","",4611NK,Bergen op Zoom
Potterstraat,62,"","",4611NK,Bergen op Zoom
Molstraat,1,"","",4611NL,Bergen op Zoom
Molstraat,1,A,"",4611NL,Bergen op Zoom
Molstraat,1,B,"",4611NL,Bergen op Zoom
Molstraat,1,C,"",4611NL,Bergen op Zoom
Molstraat,10,"","",4611NL,Bergen op Zoom
Molstraat,10,A,"",4611NL,Bergen op Zoom
Molstraat,11,"","",4611NL,Bergen op Zoom
Molstraat,12,"","",4611NL,Bergen op Zoom
Molstraat,12,A,"",4611NL,Bergen op Zoom
Molstraat,13,"","",4611NL,Bergen op Zoom
Molstraat,14,"","",4611NL,Bergen op Zoom
Molstraat,16,"","",4611NL,Bergen op Zoom
Molstraat,2,"","",4611NL,Bergen op Zoom
Molstraat,2,A,"",4611NL,Bergen op Zoom
Molstraat,20,"","",4611NL,Bergen op Zoom
Molstraat,3,"","",4611NL,Bergen op Zoom
Molstraat,3,A,"",4611NL,Bergen op Zoom
Molstraat,5,"","",4611NL,Bergen op Zoom
Molstraat,6,"","",4611NL,Bergen op Zoom
Molstraat,7,"","",4611NL,Bergen op Zoom
Molstraat,8,"","",4611NL,Bergen op Zoom
Molstraat,9,"","",4611NL,Bergen op Zoom
Fortuinstraat,1,"","",4611NM,Bergen op Zoom
Fortuinstraat,1,A,"",4611NM,Bergen op Zoom
Fortuinstraat,13,"","",4611NM,Bergen op Zoom
Fortuinstraat,15,"","",4611NM,Bergen op Zoom
Fortuinstraat,17,"","",4611NM,Bergen op Zoom
Fortuinstraat,17,A,"",4611NM,Bergen op Zoom
Fortuinstraat,19,"","",4611NM,Bergen op Zoom
Fortuinstraat,19,A,"",4611NM,Bergen op Zoom
Fortuinstraat,19,B,"",4611NM,Bergen op Zoom
Fortuinstraat,21,"","",4611NM,Bergen op Zoom
Fortuinstraat,23,"","",4611NM,Bergen op Zoom
Fortuinstraat,25,"","",4611NM,Bergen op Zoom
Fortuinstraat,27,"","",4611NM,Bergen op Zoom
Fortuinstraat,27,"","",4611NM,Bergen op Zoom
Fortuinstraat,3,"","",4611NM,Bergen op Zoom
Fortuinstraat,5,"","",4611NM,Bergen op Zoom
Fortuinstraat,7,"","",4611NM,Bergen op Zoom
Fortuinstraat,9,"","",4611NM,Bergen op Zoom
Fortuinstraat,10,"","",4611NN,Bergen op Zoom
Fortuinstraat,10,A,"",4611NN,Bergen op Zoom
Fortuinstraat,12,"","",4611NN,Bergen op Zoom
Fortuinstraat,12,A,"",4611NN,Bergen op Zoom
Fortuinstraat,12,B,"",4611NN,Bergen op Zoom
Fortuinstraat,12,C,"",4611NN,Bergen op Zoom
Fortuinstraat,4,"","",4611NN,Bergen op Zoom
Fortuinstraat,4,"","",4611NN,Bergen op Zoom
Fortuinstraat,6,"","",4611NN,Bergen op Zoom
Fortuinstraat,8,"","",4611NN,Bergen op Zoom
Fortuinstraat,14,"","",4611NP,Bergen op Zoom
Fortuinstraat,16,A,"",4611NP,Bergen op Zoom
Fortuinstraat,16,B,"",4611NP,Bergen op Zoom
Fortuinstraat,18,"","",4611NP,Bergen op Zoom
Fortuinstraat,18,"","",4611NP,Bergen op Zoom
Fortuinstraat,20,"","",4611NP,Bergen op Zoom
Fortuinstraat,22,"","",4611NP,Bergen op Zoom
Fortuinstraat,24,"","",4611NP,Bergen op Zoom
Fortuinstraat,26,"","",4611NP,Bergen op Zoom
Fortuinstraat,28,"","",4611NP,Bergen op Zoom
Grote Markt,1,"","",4611NR,Bergen op Zoom
Grote Markt,1,"","",4611NR,Bergen op Zoom
Grote Markt,1,A,"",4611NR,Bergen op Zoom
Grote Markt,10,"","",4611NR,Bergen op Zoom
Grote Markt,11,"","",4611NR,Bergen op Zoom
Grote Markt,12,"","",4611NR,Bergen op Zoom
Grote Markt,12,A,"",4611NR,Bergen op Zoom
Grote Markt,2,"","",4611NR,Bergen op Zoom
Grote Markt,4,"","",4611NR,Bergen op Zoom
Grote Markt,4,A,"",4611NR,Bergen op Zoom
Grote Markt,5,"","",4611NR,Bergen op Zoom
Grote Markt,5,"","",4611NR,Bergen op Zoom
Grote Markt,6,"","",4611NR,Bergen op Zoom
Grote Markt,6,A,"",4611NR,Bergen op Zoom
Grote Markt,6,B,"",4611NR,Bergen op Zoom
Grote Markt,7,"","",4611NR,Bergen op Zoom
Grote Markt,8,"","",4611NR,Bergen op Zoom
Grote Markt,8,A,"",4611NR,Bergen op Zoom
Grote Markt,8,B,"",4611NR,Bergen op Zoom
Grote Markt,8,C,"",4611NR,Bergen op Zoom
Grote Markt,9,"","",4611NR,Bergen op Zoom
Grote Markt,9,A,"",4611NR,Bergen op Zoom
Grote Markt,9,B,"",4611NR,Bergen op Zoom
Grote Markt,9,C,"",4611NR,Bergen op Zoom
Grote Markt,13,"","",4611NS,Bergen op Zoom
Grote Markt,15,"","",4611NS,Bergen op Zoom
Grote Markt,16,"","",4611NS,Bergen op Zoom
Grote Markt,16,"","",4611NS,Bergen op Zoom
Grote Markt,16,A,"",4611NS,Bergen op Zoom
Grote Markt,17,"","",4611NS,Bergen op Zoom
Grote Markt,17,A,"",4611NS,Bergen op Zoom
Grote Markt,17,B,"",4611NS,Bergen op Zoom
Grote Markt,18,"","",4611NS,Bergen op Zoom
Grote Markt,19,"","",4611NS,Bergen op Zoom
Grote Markt,19,A,"",4611NS,Bergen op Zoom
Grote Markt,20,"","",4611NS,Bergen op Zoom
Grote Markt,20,A,"",4611NS,Bergen op Zoom
Grote Markt,22,"","",4611NS,Bergen op Zoom
Grote Markt,23,"","",4611NT,Bergen op Zoom
Grote Markt,25,"","",4611NT,Bergen op Zoom
Grote Markt,26,"","",4611NT,Bergen op Zoom
Grote Markt,26,"","",4611NT,Bergen op Zoom
Grote Markt,27,"","",4611NT,Bergen op Zoom
Grote Markt,28,"","",4611NT,Bergen op Zoom
Grote Markt,29,"","",4611NT,Bergen op Zoom
Grote Markt,29,"","",4611NT,Bergen op Zoom
Grote Markt,29,A,"",4611NT,Bergen op Zoom
Grote Markt,30,"","",4611NT,Bergen op Zoom
Grote Markt,30,A,"",4611NT,Bergen op Zoom
Grote Markt,31,"","",4611NT,Bergen op Zoom
Grote Markt,32,"","",4611NT,Bergen op Zoom
Grote Markt,33,"","",4611NT,Bergen op Zoom
Grote Markt,33,A,"",4611NT,Bergen op Zoom
Grote Markt,34,"","",4611NT,Bergen op Zoom
Grote Markt,35,"","",4611NT,Bergen op Zoom
Grote Markt,35,A,"",4611NT,Bergen op Zoom
Grote Markt,35,A,"",4611NT,Bergen op Zoom
Grote Markt,35,B,"",4611NT,Bergen op Zoom
Grote Markt,35,C,"",4611NT,Bergen op Zoom
Grote Markt,35,D,"",4611NT,Bergen op Zoom
Grote Markt,37,"","",4611NT,Bergen op Zoom
Kerkstraat,1,"","",4611NV,Bergen op Zoom
Kerkstraat,1,B,"",4611NV,Bergen op Zoom
Kerkstraat,1,B,"",4611NV,Bergen op Zoom
Kerkstraat,10,"","",4611NV,Bergen op Zoom
Kerkstraat,11,"","",4611NV,Bergen op Zoom
Kerkstraat,12,"","",4611NV,Bergen op Zoom
Kerkstraat,13,"","",4611NV,Bergen op Zoom
Kerkstraat,14,"","",4611NV,Bergen op Zoom
Kerkstraat,16,"","",4611NV,Bergen op Zoom
Kerkstraat,18,"","",4611NV,Bergen op Zoom
Kerkstraat,2,"","",4611NV,Bergen op Zoom
Kerkstraat,2,A,"",4611NV,Bergen op Zoom
Kerkstraat,2,A,"",4611NV,Bergen op Zoom
Kerkstraat,2,A,"",4611NV,Bergen op Zoom
Kerkstraat,2,B,"",4611NV,Bergen op Zoom
Kerkstraat,2,C,"",4611NV,Bergen op Zoom
Kerkstraat,6,"","",4611NV,Bergen op Zoom
Kerkstraat,6,A,"",4611NV,Bergen op Zoom
Kerkstraat,7,"","",4611NV,Bergen op Zoom
Kerkstraat,8,"","",4611NV,Bergen op Zoom
Kerkstraat,8,"","",4611NV,Bergen op Zoom
Kerkstraat,8,A,"",4611NV,Bergen op Zoom
Kerkstraat,9,"","",4611NV,Bergen op Zoom
Zuivelplein,2,"","",4611NX,Bergen op Zoom
Zuivelplein,2,A,"",4611NX,Bergen op Zoom
Zuivelplein,3,"","",4611NX,Bergen op Zoom
Zuivelplein,3,A,"",4611NX,Bergen op Zoom
Zuivelplein,4,"","",4611NX,Bergen op Zoom
Zuivelplein,4,A,"",4611NX,Bergen op Zoom
Zuivelplein,5,"","",4611NX,Bergen op Zoom
Zuivelplein,5,A,"",4611NX,Bergen op Zoom
Zuivelplein,5,B,"",4611NX,Bergen op Zoom
Zuivelplein,5,C,"",4611NX,Bergen op Zoom
Zuivelplein,6,"","",4611NX,Bergen op Zoom
Zuivelplein,8,"","",4611NX,Bergen op Zoom
Zuivelplein,9,"","",4611NX,Bergen op Zoom
Koevoetstraat,11,"","",4611PA,Bergen op Zoom
Koevoetstraat,13,"","",4611PA,Bergen op Zoom
Koevoetstraat,15,"","",4611PA,Bergen op Zoom
Koevoetstraat,17,"","",4611PA,Bergen op Zoom
Koevoetstraat,19,"","",4611PA,Bergen op Zoom
Koevoetstraat,21,"","",4611PA,Bergen op Zoom
Koevoetstraat,23,"","",4611PA,Bergen op Zoom
Koevoetstraat,25,"","",4611PA,Bergen op Zoom
Koevoetstraat,27,"","",4611PA,Bergen op Zoom
Koevoetstraat,29,"","",4611PA,Bergen op Zoom
Koevoetstraat,7,"","",4611PA,Bergen op Zoom
Koevoetstraat,9,"","",4611PA,Bergen op Zoom
Koevoetstraat,9,A,"",4611PA,Bergen op Zoom
Koevoetstraat,31,"","",4611PB,Bergen op Zoom
Koevoetstraat,39,"","",4611PB,Bergen op Zoom
Koevoetstraat,41,"","",4611PB,Bergen op Zoom
Koevoetstraat,43,"","",4611PB,Bergen op Zoom
Koevoetstraat,47,"","",4611PB,Bergen op Zoom
Koevoetstraat,49,"","",4611PB,Bergen op Zoom
Koevoetstraat,51,"","",4611PB,Bergen op Zoom
Koevoetstraat,53,"","",4611PB,Bergen op Zoom
Koevoetstraat,55,"","",4611PB,Bergen op Zoom
Koevoetstraat,57,"","",4611PB,Bergen op Zoom
Koevoetstraat,59,"","",4611PB,Bergen op Zoom
Koevoetstraat,61,"","",4611PB,Bergen op Zoom
Koevoetstraat,63,"","",4611PB,Bergen op Zoom
Koevoetstraat,63,"","",4611PB,Bergen op Zoom
Koevoetstraat,65,"","",4611PB,Bergen op Zoom
Koevoetstraat,67,"","",4611PB,Bergen op Zoom
Koevoetstraat,10,"","",4611PC,Bergen op Zoom
Koevoetstraat,12,"","",4611PC,Bergen op Zoom
Koevoetstraat,16,"","",4611PC,Bergen op Zoom
Koevoetstraat,18,"","",4611PC,Bergen op Zoom
Koevoetstraat,2,"","",4611PC,Bergen op Zoom
Koevoetstraat,2,A,"",4611PC,Bergen op Zoom
Koevoetstraat,2,B,"",4611PC,Bergen op Zoom
Koevoetstraat,20,"","",4611PC,Bergen op Zoom
Koevoetstraat,22,"","",4611PC,Bergen op Zoom
Koevoetstraat,24,"","",4611PC,Bergen op Zoom
Koevoetstraat,26,"","",4611PC,Bergen op Zoom
Koevoetstraat,28,"","",4611PC,Bergen op Zoom
Koevoetstraat,30,"","",4611PC,Bergen op Zoom
Koevoetstraat,32,"","",4611PC,Bergen op Zoom
Koevoetstraat,34,"","",4611PC,Bergen op Zoom
Koevoetstraat,36,"","",4611PC,Bergen op Zoom
Koevoetstraat,38,"","",4611PC,Bergen op Zoom
Koevoetstraat,4,"","",4611PC,Bergen op Zoom
Koevoetstraat,4,A,"",4611PC,Bergen op Zoom
Koevoetstraat,4,A,"",4611PC,Bergen op Zoom
Koevoetstraat,40,"","",4611PC,Bergen op Zoom
Koevoetstraat,42,"","",4611PC,Bergen op Zoom
Koevoetstraat,44,"","",4611PC,Bergen op Zoom
Koevoetstraat,46,"","",4611PC,Bergen op Zoom
Koevoetstraat,48,"","",4611PC,Bergen op Zoom
Koevoetstraat,50,"","",4611PC,Bergen op Zoom
Koevoetstraat,52,"","",4611PC,Bergen op Zoom
Koevoetstraat,52,A,"",4611PC,Bergen op Zoom
Koevoetstraat,54,"","",4611PC,Bergen op Zoom
Koevoetstraat,56,"","",4611PC,Bergen op Zoom
Koevoetstraat,58,"","",4611PC,Bergen op Zoom
Koevoetstraat,6,"","",4611PC,Bergen op Zoom
Koevoetstraat,6,A,"",4611PC,Bergen op Zoom
Koevoetstraat,6,B,"",4611PC,Bergen op Zoom
Koevoetstraat,60,"","",4611PC,Bergen op Zoom
Koevoetstraat,62,"","",4611PC,Bergen op Zoom
Koevoetstraat,8,"","",4611PC,Bergen op Zoom
Zuivelstraat,1,"","",4611PD,Bergen op Zoom
Zuivelstraat,1,"","",4611PD,Bergen op Zoom
Zuivelstraat,11,"","",4611PD,Bergen op Zoom
Zuivelstraat,13,"","",4611PD,Bergen op Zoom
Zuivelstraat,15,"","",4611PD,Bergen op Zoom
Zuivelstraat,15,A,"",4611PD,Bergen op Zoom
Zuivelstraat,15,A,"",4611PD,Bergen op Zoom
Zuivelstraat,15,B,"",4611PD,Bergen op Zoom
Zuivelstraat,17,"","",4611PD,Bergen op Zoom
Zuivelstraat,17,A,"",4611PD,Bergen op Zoom
Zuivelstraat,19,"","",4611PD,Bergen op Zoom
Zuivelstraat,19,A,"",4611PD,Bergen op Zoom
Zuivelstraat,19,B,"",4611PD,Bergen op Zoom
Zuivelstraat,21,"","",4611PD,Bergen op Zoom
Zuivelstraat,21,A,"",4611PD,Bergen op Zoom
Zuivelstraat,3,"","",4611PD,Bergen op Zoom
Zuivelstraat,5,"","",4611PD,Bergen op Zoom
Zuivelstraat,7,"","",4611PD,Bergen op Zoom
Zuivelstraat,7,"","",4611PD,Bergen op Zoom
Zuivelstraat,7,A,"",4611PD,Bergen op Zoom
Zuivelstraat,9,"","",4611PD,Bergen op Zoom
Zuivelstraat,23,"","",4611PE,Bergen op Zoom
Zuivelstraat,25,"","",4611PE,Bergen op Zoom
Zuivelstraat,25,"","",4611PE,Bergen op Zoom
Zuivelstraat,27,"","",4611PE,Bergen op Zoom
Zuivelstraat,29,"","",4611PE,Bergen op Zoom
Zuivelstraat,29,"","",4611PE,Bergen op Zoom
Zuivelstraat,29,A,"",4611PE,Bergen op Zoom
Zuivelstraat,31,"","",4611PE,Bergen op Zoom
Zuivelstraat,31,A,"",4611PE,Bergen op Zoom
Zuivelstraat,33,"","",4611PE,Bergen op Zoom
Zuivelstraat,33,A,"",4611PE,Bergen op Zoom
Zuivelstraat,33,B,"",4611PE,Bergen op Zoom
Zuivelstraat,35,"","",4611PE,Bergen op Zoom
Zuivelstraat,35,A,"",4611PE,Bergen op Zoom
Zuivelstraat,35,A,"",4611PE,Bergen op Zoom
Zuivelstraat,35,B,"",4611PE,Bergen op Zoom
Zuivelstraat,37,"","",4611PE,Bergen op Zoom
Zuivelstraat,39,"","",4611PE,Bergen op Zoom
Zuivelstraat,39,"","",4611PE,Bergen op Zoom
Zuivelstraat,39,A,"",4611PE,Bergen op Zoom
Zuivelstraat,39,A,"",4611PE,Bergen op Zoom
Zuivelstraat,39,B,"",4611PE,Bergen op Zoom
Zuivelstraat,41,"","",4611PG,Bergen op Zoom
Zuivelstraat,41,A,"",4611PG,Bergen op Zoom
Zuivelstraat,43,"","",4611PG,Bergen op Zoom
Zuivelstraat,43,"","",4611PG,Bergen op Zoom
Zuivelstraat,45,"","",4611PG,Bergen op Zoom
Zuivelstraat,45,"","",4611PG,Bergen op Zoom
Zuivelstraat,45,"","",4611PG,Bergen op Zoom
Zuivelstraat,47,"","",4611PG,Bergen op Zoom
Zuivelstraat,47,"","",4611PG,Bergen op Zoom
Zuivelstraat,47,A,"",4611PG,Bergen op Zoom
Zuivelstraat,49,"","",4611PG,Bergen op Zoom
Zuivelstraat,51,"","",4611PG,Bergen op Zoom
Klinkerstraatje,1,"","",4611PH,Bergen op Zoom
Zuivelstraat,10,"","",4611PH,Bergen op Zoom
Zuivelstraat,10,A,"",4611PH,Bergen op Zoom
Zuivelstraat,10,A,"",4611PH,Bergen op Zoom
Zuivelstraat,10,B,"",4611PH,Bergen op Zoom
Zuivelstraat,12,"","",4611PH,Bergen op Zoom
Zuivelstraat,12,A,"",4611PH,Bergen op Zoom
Zuivelstraat,14,"","",4611PH,Bergen op Zoom
Zuivelstraat,14,A,"",4611PH,Bergen op Zoom
Zuivelstraat,2,"","",4611PH,Bergen op Zoom
Zuivelstraat,2,A,"",4611PH,Bergen op Zoom
Zuivelstraat,2,B,"",4611PH,Bergen op Zoom
Zuivelstraat,4,"","",4611PH,Bergen op Zoom
Zuivelstraat,6,"","",4611PH,Bergen op Zoom
Zuivelstraat,6,A,"",4611PH,Bergen op Zoom
Zuivelstraat,8,"","",4611PH,Bergen op Zoom
Zuivelstraat,16,"","",4611PJ,Bergen op Zoom
Zuivelstraat,18,"","",4611PJ,Bergen op Zoom
Zuivelstraat,18,"","",4611PJ,Bergen op Zoom
Zuivelstraat,18,A,"",4611PJ,Bergen op Zoom
Zuivelstraat,20,"","",4611PJ,Bergen op Zoom
Zuivelstraat,22,"","",4611PJ,Bergen op Zoom
Zuivelstraat,22,A,"",4611PJ,Bergen op Zoom
Zuivelstraat,22,B,"",4611PJ,Bergen op Zoom
Zuivelstraat,22,C,"",4611PJ,Bergen op Zoom
Zuivelstraat,22,D,"",4611PJ,Bergen op Zoom
Zuivelstraat,26,"","",4611PJ,Bergen op Zoom
Zuivelstraat,26,A,"",4611PJ,Bergen op Zoom
Wouwsestraat,1,"","",4611PK,Bergen op Zoom
Wouwsestraat,1,"","",4611PK,Bergen op Zoom
Wouwsestraat,1,A,"",4611PK,Bergen op Zoom
Wouwsestraat,1,A,"",4611PK,Bergen op Zoom
Wouwsestraat,1,B,"",4611PK,Bergen op Zoom
Wouwsestraat,1,C,"",4611PK,Bergen op Zoom
Wouwsestraat,1,D,"",4611PK,Bergen op Zoom
Wouwsestraat,1,E,"",4611PK,Bergen op Zoom
Wouwsestraat,1,F,"",4611PK,Bergen op Zoom
Wouwsestraat,1,G,"",4611PK,Bergen op Zoom
Wouwsestraat,1,H,"",4611PK,Bergen op Zoom
Wouwsestraat,1,K,"",4611PK,Bergen op Zoom
Wouwsestraat,1,M,"",4611PK,Bergen op Zoom
Wouwsestraat,1,N,"",4611PK,Bergen op Zoom
Wouwsestraat,1,P,"",4611PK,Bergen op Zoom
Wouwsestraat,1,R,"",4611PK,Bergen op Zoom
Wouwsestraat,1,S,"",4611PK,Bergen op Zoom
Wouwsestraat,1,T,"",4611PK,Bergen op Zoom
Wouwsestraat,1,U,"",4611PK,Bergen op Zoom
Wouwsestraat,1,V,"",4611PK,Bergen op Zoom
Wouwsestraat,11,"","",4611PK,Bergen op Zoom
Wouwsestraat,11,A,"",4611PK,Bergen op Zoom
Wouwsestraat,13,"","",4611PK,Bergen op Zoom
Wouwsestraat,17,"","",4611PK,Bergen op Zoom
Wouwsestraat,17,"","",4611PK,Bergen op Zoom
Wouwsestraat,19,"","",4611PK,Bergen op Zoom
Wouwsestraat,21,"","",4611PK,Bergen op Zoom
Wouwsestraat,21,A,"",4611PK,Bergen op Zoom
Wouwsestraat,23,"","",4611PK,Bergen op Zoom
Wouwsestraat,25,"","",4611PK,Bergen op Zoom
Wouwsestraat,25,"","",4611PK,Bergen op Zoom
Wouwsestraat,27,"","",4611PK,Bergen op Zoom
Wouwsestraat,27,"","",4611PK,Bergen op Zoom
Wouwsestraat,27,A,"",4611PK,Bergen op Zoom
Wouwsestraat,3,"","",4611PK,Bergen op Zoom
Wouwsestraat,3,A,"",4611PK,Bergen op Zoom
Wouwsestraat,3,B,"",4611PK,Bergen op Zoom
Wouwsestraat,5,"","",4611PK,Bergen op Zoom
Wouwsestraat,5,"","",4611PK,Bergen op Zoom
Wouwsestraat,7,"","",4611PK,Bergen op Zoom
Wouwsestraat,7,"","",4611PK,Bergen op Zoom
Wouwsestraat,7,A,"",4611PK,Bergen op Zoom
Wouwsestraat,7,B,"",4611PK,Bergen op Zoom
Wouwsestraat,10,"","",4611PL,Bergen op Zoom
Wouwsestraat,12,"","",4611PL,Bergen op Zoom
Wouwsestraat,12,A,"",4611PL,Bergen op Zoom
Wouwsestraat,14,"","",4611PL,Bergen op Zoom
Wouwsestraat,16,"","",4611PL,Bergen op Zoom
Wouwsestraat,18,"","",4611PL,Bergen op Zoom
Wouwsestraat,18,A,"",4611PL,Bergen op Zoom
Wouwsestraat,2,"","",4611PL,Bergen op Zoom
Wouwsestraat,20,"","",4611PL,Bergen op Zoom
Wouwsestraat,22,"","",4611PL,Bergen op Zoom
Wouwsestraat,24,"","",4611PL,Bergen op Zoom
Wouwsestraat,26,"","",4611PL,Bergen op Zoom
Wouwsestraat,26,"","",4611PL,Bergen op Zoom
Wouwsestraat,8,"","",4611PL,Bergen op Zoom
Gouvernementsplein,1,"","",4611PM,Bergen op Zoom
Gouvernementsplein,1,"","",4611PM,Bergen op Zoom
Gouvernementsplein,15,"","",4611PM,Bergen op Zoom
Gouvernementsplein,21,"","",4611PM,Bergen op Zoom
Gouvernementsplein,22,"","",4611PM,Bergen op Zoom
Gouvernementsplein,23,"","",4611PM,Bergen op Zoom
Gouvernementsplein,25,"","",4611PM,Bergen op Zoom
Gouvernementsplein,25,"","",4611PM,Bergen op Zoom
Gouvernementsplein,26,"","",4611PM,Bergen op Zoom
Gouvernementsplein,27,"","",4611PM,Bergen op Zoom
Wouwsestraat,28,"","",4611PM,Bergen op Zoom
Gouvernementsplein,29,"","",4611PM,Bergen op Zoom
Wouwsestraat,30,"","",4611PM,Bergen op Zoom
Wouwsestraat,30,"","",4611PM,Bergen op Zoom
Wouwsestraat,30,A,"",4611PM,Bergen op Zoom
Wouwsestraat,30,B,"",4611PM,Bergen op Zoom
Wouwsestraat,32,"","",4611PM,Bergen op Zoom
Wouwsestraat,32,"","",4611PM,Bergen op Zoom
Wouwsestraat,34,"","",4611PM,Bergen op Zoom
Wouwsestraat,36,"","",4611PM,Bergen op Zoom
Wouwsestraat,36,A,"",4611PM,Bergen op Zoom
Wouwsestraat,38,"","",4611PM,Bergen op Zoom
Wouwsestraat,40,"","",4611PM,Bergen op Zoom
Wouwsestraat,44,"","",4611PM,Bergen op Zoom
Wouwsestraat,46,"","",4611PM,Bergen op Zoom
Wouwsestraat,48,"","",4611PM,Bergen op Zoom
Van der Rijtstraat,1,"","",4611PN,Bergen op Zoom
Van der Rijtstraat,1,"","",4611PN,Bergen op Zoom
Van der Rijtstraat,1,A,"",4611PN,Bergen op Zoom
Van der Rijtstraat,11,"","",4611PN,Bergen op Zoom
Van der Rijtstraat,13,"","",4611PN,Bergen op Zoom
Van der Rijtstraat,15,"","",4611PN,Bergen op Zoom
Van der Rijtstraat,17,"","",4611PN,Bergen op Zoom
Van der Rijtstraat,19,"","",4611PN,Bergen op Zoom
Van der Rijtstraat,3,"","",4611PN,Bergen op Zoom
Van der Rijtstraat,5,"","",4611PN,Bergen op Zoom
Van der Rijtstraat,7,"","",4611PN,Bergen op Zoom
Van der Rijtstraat,9,"","",4611PN,Bergen op Zoom
Van der Rijtstraat,21,"","",4611PP,Bergen op Zoom
Van der Rijtstraat,23,"","",4611PP,Bergen op Zoom
Van der Rijtstraat,29,"","",4611PP,Bergen op Zoom
Van der Rijtstraat,29,A,"",4611PP,Bergen op Zoom
Van der Rijtstraat,29,B,"",4611PP,Bergen op Zoom
Van der Rijtstraat,33,"","",4611PP,Bergen op Zoom
Van der Rijtstraat,35,"","",4611PP,Bergen op Zoom
Van der Rijtstraat,35,A,"",4611PP,Bergen op Zoom
Van der Rijtstraat,39,"","",4611PP,Bergen op Zoom
Van der Rijtstraat,43,"","",4611PP,Bergen op Zoom
Van der Rijtstraat,47,"","",4611PP,Bergen op Zoom
Van der Rijtstraat,53,"","",4611PP,Bergen op Zoom
Van der Rijtstraat,57,"","",4611PP,Bergen op Zoom
Van der Rijtstraat,10,"","",4611PR,Bergen op Zoom
Van der Rijtstraat,10,A,"",4611PR,Bergen op Zoom
Van der Rijtstraat,12,"","",4611PR,Bergen op Zoom
Van der Rijtstraat,14,"","",4611PR,Bergen op Zoom
Van der Rijtstraat,16,"","",4611PR,Bergen op Zoom
Van der Rijtstraat,18,"","",4611PR,Bergen op Zoom
Van der Rijtstraat,2,"","",4611PR,Bergen op Zoom
Van der Rijtstraat,2,A,"",4611PR,Bergen op Zoom
Van der Rijtstraat,2,B,"",4611PR,Bergen op Zoom
Van der Rijtstraat,20,"","",4611PR,Bergen op Zoom
Van der Rijtstraat,22,"","",4611PR,Bergen op Zoom
Van der Rijtstraat,24,"","",4611PR,Bergen op Zoom
Van der Rijtstraat,26,"","",4611PR,Bergen op Zoom
Van der Rijtstraat,28,"","",4611PR,Bergen op Zoom
Van der Rijtstraat,30,"","",4611PR,Bergen op Zoom
Van der Rijtstraat,31,"","",4611PR,Bergen op Zoom
Van der Rijtstraat,32,"","",4611PR,Bergen op Zoom
Van der Rijtstraat,34,"","",4611PR,Bergen op Zoom
Van der Rijtstraat,36,"","",4611PR,Bergen op Zoom
Van der Rijtstraat,38,"","",4611PR,Bergen op Zoom
Van der Rijtstraat,4,"","",4611PR,Bergen op Zoom
Van der Rijtstraat,4,A,"",4611PR,Bergen op Zoom
Van der Rijtstraat,4,B,"",4611PR,Bergen op Zoom
Van der Rijtstraat,40,"","",4611PR,Bergen op Zoom
Van der Rijtstraat,42,"","",4611PR,Bergen op Zoom
Van der Rijtstraat,44,"","",4611PR,Bergen op Zoom
Van der Rijtstraat,44,"","",4611PR,Bergen op Zoom
Van der Rijtstraat,46,"","",4611PR,Bergen op Zoom
Van der Rijtstraat,46,A,"",4611PR,Bergen op Zoom
Van der Rijtstraat,48,"","",4611PR,Bergen op Zoom
Van der Rijtstraat,48,A,"",4611PR,Bergen op Zoom
Van der Rijtstraat,6,"","",4611PR,Bergen op Zoom
Van der Rijtstraat,6,"","",4611PR,Bergen op Zoom
Van der Rijtstraat,8,"","",4611PR,Bergen op Zoom
Korenbeursplein,1,"","",4611PS,Bergen op Zoom
Korenbeursplein,1,A,"",4611PS,Bergen op Zoom
Korenbeursplein,1,B,"",4611PS,Bergen op Zoom
Korenbeursplein,1,C,"",4611PS,Bergen op Zoom
Korenbeursplein,1,D,"",4611PS,Bergen op Zoom
Korenbeursplein,10,"","",4611PS,Bergen op Zoom
Korenbeursplein,12,"","",4611PS,Bergen op Zoom
Korenbeursplein,16,"","",4611PS,Bergen op Zoom
Korenbeursplein,2,"","",4611PS,Bergen op Zoom
Korenbeursplein,3,"","",4611PS,Bergen op Zoom
Korenbeursplein,3,A,"",4611PS,Bergen op Zoom
Korenbeursplein,4,"","",4611PS,Bergen op Zoom
Korenbeursplein,4,"","",4611PS,Bergen op Zoom
Korenbeursplein,6,"","",4611PS,Bergen op Zoom
Korenbeursplein,8,"","",4611PS,Bergen op Zoom
Het Singeltje,1,"","",4611PT,Bergen op Zoom
Het Singeltje,2,"","",4611PT,Bergen op Zoom
Het Singeltje,2,A,"",4611PT,Bergen op Zoom
Het Singeltje,2,A,"",4611PT,Bergen op Zoom
Het Singeltje,2,B,"",4611PT,Bergen op Zoom
Het Singeltje,3,"","",4611PT,Bergen op Zoom
Het Singeltje,4,"","",4611PT,Bergen op Zoom
Het Singeltje,4,A,"",4611PT,Bergen op Zoom
Het Singeltje,8,"","",4611PT,Bergen op Zoom
Korenbeursstraat,1,A,"",4611PV,Bergen op Zoom
Korenbeursstraat,11,"","",4611PV,Bergen op Zoom
Korenbeursstraat,13,"","",4611PV,Bergen op Zoom
Korenbeursstraat,13,"","",4611PV,Bergen op Zoom
Korenbeursstraat,13,A,"",4611PV,Bergen op Zoom
Korenbeursstraat,13,B,"",4611PV,Bergen op Zoom
Korenbeursstraat,15,"","",4611PV,Bergen op Zoom
Korenbeursstraat,17,"","",4611PV,Bergen op Zoom
Korenbeursstraat,19,"","",4611PV,Bergen op Zoom
Korenbeursstraat,19,A,"",4611PV,Bergen op Zoom
Korenbeursstraat,21,"","",4611PV,Bergen op Zoom
Korenbeursstraat,23,"","",4611PV,Bergen op Zoom
Korenbeursstraat,25,"","",4611PV,Bergen op Zoom
Korenbeursstraat,25,"","",4611PV,Bergen op Zoom
Korenbeursstraat,25,"","",4611PV,Bergen op Zoom
Korenbeursstraat,25,"","",4611PV,Bergen op Zoom
Korenbeursstraat,25,A,"",4611PV,Bergen op Zoom
Korenbeursstraat,25,A,"",4611PV,Bergen op Zoom
Korenbeursstraat,27,"","",4611PV,Bergen op Zoom
Korenbeursstraat,29,"","",4611PV,Bergen op Zoom
Korenbeursstraat,3,"","",4611PV,Bergen op Zoom
Korenbeursstraat,31,"","",4611PV,Bergen op Zoom
Korenbeursstraat,33,"","",4611PV,Bergen op Zoom
Korenbeursstraat,35,"","",4611PV,Bergen op Zoom
Korenbeursstraat,37,"","",4611PV,Bergen op Zoom
Korenbeursstraat,39,"","",4611PV,Bergen op Zoom
Korenbeursstraat,41,"","",4611PV,Bergen op Zoom
Korenbeursstraat,43,"","",4611PV,Bergen op Zoom
Korenbeursstraat,45,"","",4611PV,Bergen op Zoom
Korenbeursstraat,47,"","",4611PV,Bergen op Zoom
Korenbeursstraat,49,"","",4611PV,Bergen op Zoom
Korenbeursstraat,5,"","",4611PV,Bergen op Zoom
Korenbeursstraat,51,"","",4611PV,Bergen op Zoom
Korenbeursstraat,53,"","",4611PV,Bergen op Zoom
Korenbeursstraat,55,"","",4611PV,Bergen op Zoom
Korenbeursstraat,57,"","",4611PV,Bergen op Zoom
Korenbeursstraat,7,"","",4611PV,Bergen op Zoom
Korenbeursstraat,7,A,"",4611PV,Bergen op Zoom
Korenbeursstraat,7,B,"",4611PV,Bergen op Zoom
Korenbeursstraat,7,C,"",4611PV,Bergen op Zoom
Korenbeursstraat,10,"","",4611PW,Bergen op Zoom
Korenbeursstraat,10,"","",4611PW,Bergen op Zoom
Korenbeursstraat,10,"","",4611PW,Bergen op Zoom
Korenbeursstraat,10,A,"",4611PW,Bergen op Zoom
Korenbeursstraat,10,A,"",4611PW,Bergen op Zoom
Korenbeursstraat,10,A,"",4611PW,Bergen op Zoom
Korenbeursstraat,10,B,"",4611PW,Bergen op Zoom
Korenbeursstraat,10,B,"",4611PW,Bergen op Zoom
Korenbeursstraat,12,"","",4611PW,Bergen op Zoom
Korenbeursstraat,12,"","",4611PW,Bergen op Zoom
Korenbeursstraat,14,"","",4611PW,Bergen op Zoom
Korenbeursstraat,14,"","",4611PW,Bergen op Zoom
Korenbeursstraat,16,"","",4611PW,Bergen op Zoom
Korenbeursstraat,18,"","",4611PW,Bergen op Zoom
Korenbeursstraat,20,"","",4611PW,Bergen op Zoom
Korenbeursstraat,24,"","",4611PW,Bergen op Zoom
Korenbeursstraat,26,"","",4611PW,Bergen op Zoom
Korenbeursstraat,28,"","",4611PW,Bergen op Zoom
Korenbeursstraat,30,"","",4611PW,Bergen op Zoom
Korenbeursstraat,30,A,"",4611PW,Bergen op Zoom
Korenbeursstraat,34,"","",4611PW,Bergen op Zoom
Korenbeursstraat,34,A,"",4611PW,Bergen op Zoom
Korenbeursstraat,36,"","",4611PW,Bergen op Zoom
Korenbeursstraat,36,A,"",4611PW,Bergen op Zoom
Korenbeursstraat,38,"","",4611PW,Bergen op Zoom
Korenbeursstraat,38,A,"",4611PW,Bergen op Zoom
Korenbeursstraat,38,B,"",4611PW,Bergen op Zoom
Korenbeursstraat,38,C,"",4611PW,Bergen op Zoom
Korenbeursstraat,38,D,"",4611PW,Bergen op Zoom
Korenbeursstraat,38,E,"",4611PW,Bergen op Zoom
Korenbeursstraat,4,"","",4611PW,Bergen op Zoom
Korenbeursstraat,4,A,"",4611PW,Bergen op Zoom
Korenbeursstraat,40,"","",4611PW,Bergen op Zoom
Korenbeursstraat,6,"","",4611PW,Bergen op Zoom
Korenbeursstraat,8,"","",4611PW,Bergen op Zoom
Kettingstraat,1,A,"",4611PX,Bergen op Zoom
Kettingstraat,11,"","",4611PX,Bergen op Zoom
Kettingstraat,13,"","",4611PX,Bergen op Zoom
Kettingstraat,15,"","",4611PX,Bergen op Zoom
Kettingstraat,19,"","",4611PX,Bergen op Zoom
Kettingstraat,21,"","",4611PX,Bergen op Zoom
Kettingstraat,23,"","",4611PX,Bergen op Zoom
Kettingstraat,25,"","",4611PX,Bergen op Zoom
Kettingstraat,27,"","",4611PX,Bergen op Zoom
Gouvernementsplein,28,"","",4611PX,Bergen op Zoom
Kettingstraat,29,"","",4611PX,Bergen op Zoom
Kettingstraat,3,"","",4611PX,Bergen op Zoom
Kettingstraat,31,"","",4611PX,Bergen op Zoom
Kettingstraat,33,"","",4611PX,Bergen op Zoom
Kettingstraat,5,"","",4611PX,Bergen op Zoom
Kettingstraat,7,"","",4611PX,Bergen op Zoom
Kettingstraat,9,"","",4611PX,Bergen op Zoom
Kettingstraat,10,"","",4611PZ,Bergen op Zoom
Kettingstraat,12,"","",4611PZ,Bergen op Zoom
Kettingstraat,14,"","",4611PZ,Bergen op Zoom
Kettingstraat,14,A,"",4611PZ,Bergen op Zoom
Kettingstraat,14,B,"",4611PZ,Bergen op Zoom
Kettingstraat,16,"","",4611PZ,Bergen op Zoom
Kettingstraat,16,A,"",4611PZ,Bergen op Zoom
Kettingstraat,18,"","",4611PZ,Bergen op Zoom
Kettingstraat,2,"","",4611PZ,Bergen op Zoom
Kettingstraat,2,"","",4611PZ,Bergen op Zoom
Kettingstraat,2,A,"",4611PZ,Bergen op Zoom
Kettingstraat,2,B,"",4611PZ,Bergen op Zoom
Kettingstraat,2,C,"",4611PZ,Bergen op Zoom
Kettingstraat,20,"","",4611PZ,Bergen op Zoom
Kettingstraat,22,"","",4611PZ,Bergen op Zoom
Kettingstraat,24,"","",4611PZ,Bergen op Zoom
Kettingstraat,26,"","",4611PZ,Bergen op Zoom
Kettingstraat,28,"","",4611PZ,Bergen op Zoom
Kettingstraat,4,"","",4611PZ,Bergen op Zoom
Kettingstraat,4,A,"",4611PZ,Bergen op Zoom
Kettingstraat,6,"","",4611PZ,Bergen op Zoom
Kettingstraat,6,A,"",4611PZ,Bergen op Zoom
Kettingstraat,8,"","",4611PZ,Bergen op Zoom
Pastoor Lancrietstraat,1,"","",4611RA,Bergen op Zoom
Pastoor Lancrietstraat,1,A,"",4611RA,Bergen op Zoom
Pastoor Lancrietstraat,1,B,"",4611RA,Bergen op Zoom
Pastoor Lancrietstraat,11,"","",4611RA,Bergen op Zoom
Pastoor Lancrietstraat,15,"","",4611RA,Bergen op Zoom
Pastoor Lancrietstraat,17,"","",4611RA,Bergen op Zoom
Pastoor Lancrietstraat,19,"","",4611RA,Bergen op Zoom
Pastoor Lancrietstraat,21,"","",4611RA,Bergen op Zoom
Pastoor Lancrietstraat,23,"","",4611RA,Bergen op Zoom
Pastoor Lancrietstraat,25,"","",4611RA,Bergen op Zoom
Pastoor Lancrietstraat,25,"","",4611RA,Bergen op Zoom
Pastoor Lancrietstraat,3,"","",4611RA,Bergen op Zoom
Pastoor Lancrietstraat,5,"","",4611RA,Bergen op Zoom
Pastoor Lancrietstraat,7,"","",4611RA,Bergen op Zoom
Pastoor Lancrietstraat,7,"","",4611RA,Bergen op Zoom
Pastoor Lancrietstraat,9,"","",4611RA,Bergen op Zoom
Pastoor Lancrietstraat,9,"","",4611RA,Bergen op Zoom
Koeveringsepoort,1,"","",4611RB,Bergen op Zoom
Koeveringsepoort,10,"","",4611RB,Bergen op Zoom
Koeveringsepoort,11,"","",4611RB,Bergen op Zoom
Koeveringsepoort,12,"","",4611RB,Bergen op Zoom
Koeveringsepoort,13,"","",4611RB,Bergen op Zoom
Koeveringsepoort,14,"","",4611RB,Bergen op Zoom
Koeveringsepoort,15,"","",4611RB,Bergen op Zoom
Koeveringsepoort,2,"","",4611RB,Bergen op Zoom
Koeveringsepoort,3,"","",4611RB,Bergen op Zoom
Koeveringsepoort,4,"","",4611RB,Bergen op Zoom
Koeveringsepoort,5,"","",4611RB,Bergen op Zoom
Koeveringsepoort,6,"","",4611RB,Bergen op Zoom
Koeveringsepoort,7,"","",4611RB,Bergen op Zoom
Koeveringsepoort,8,"","",4611RB,Bergen op Zoom
Koeveringsepoort,9,"","",4611RB,Bergen op Zoom
Kleine Kerkstraat,10,"","",4611RC,Bergen op Zoom
Kleine Kerkstraat,12,"","",4611RC,Bergen op Zoom
Kleine Kerkstraat,14,"","",4611RC,Bergen op Zoom
Kleine Kerkstraat,16,"","",4611RC,Bergen op Zoom
Kleine Kerkstraat,18,"","",4611RC,Bergen op Zoom
Kleine Kerkstraat,2,"","",4611RC,Bergen op Zoom
Kleine Kerkstraat,2,A,"",4611RC,Bergen op Zoom
Kleine Kerkstraat,20,"","",4611RC,Bergen op Zoom
Kleine Kerkstraat,22,"","",4611RC,Bergen op Zoom
Kleine Kerkstraat,24,"","",4611RC,Bergen op Zoom
Kleine Kerkstraat,26,"","",4611RC,Bergen op Zoom
Kleine Kerkstraat,28,"","",4611RC,Bergen op Zoom
Kleine Kerkstraat,30,"","",4611RC,Bergen op Zoom
Kleine Kerkstraat,32,"","",4611RC,Bergen op Zoom
Kleine Kerkstraat,34,"","",4611RC,Bergen op Zoom
Kleine Kerkstraat,4,"","",4611RC,Bergen op Zoom
Kleine Kerkstraat,6,"","",4611RC,Bergen op Zoom
Kleine Kerkstraat,7,"","",4611RC,Bergen op Zoom
Kleine Kerkstraat,8,"","",4611RC,Bergen op Zoom
Korenmarkt,10,"","",4611RD,Bergen op Zoom
Korenmarkt,11,"","",4611RD,Bergen op Zoom
Korenmarkt,12,"","",4611RD,Bergen op Zoom
Korenmarkt,12,A,"",4611RD,Bergen op Zoom
Korenmarkt,13,"","",4611RD,Bergen op Zoom
Korenmarkt,2,"","",4611RD,Bergen op Zoom
Korenmarkt,2,A,"",4611RD,Bergen op Zoom
Korenmarkt,3,"","",4611RD,Bergen op Zoom
Korenmarkt,3,A,"",4611RD,Bergen op Zoom
Korenmarkt,3,B,"",4611RD,Bergen op Zoom
Korenmarkt,4,"","",4611RD,Bergen op Zoom
Korenmarkt,4,A,"",4611RD,Bergen op Zoom
Korenmarkt,4,B,"",4611RD,Bergen op Zoom
Korenmarkt,5,"","",4611RD,Bergen op Zoom
Korenmarkt,6,"","",4611RD,Bergen op Zoom
Korenmarkt,6,A,"",4611RD,Bergen op Zoom
Korenmarkt,6,B,"",4611RD,Bergen op Zoom
Korenmarkt,6,C,"",4611RD,Bergen op Zoom
Korenmarkt,6,D,"",4611RD,Bergen op Zoom
Korenmarkt,6,E,"",4611RD,Bergen op Zoom
Korenmarkt,7,"","",4611RD,Bergen op Zoom
Korenmarkt,8,"","",4611RD,Bergen op Zoom
Korenmarkt,9,"","",4611RD,Bergen op Zoom
Bleekveld,1,"","",4611RE,Bergen op Zoom
Bleekveld,2,"","",4611RE,Bergen op Zoom
Bleekveld,3,"","",4611RE,Bergen op Zoom
Bleekveld,4,"","",4611RE,Bergen op Zoom
Bleekveld,5,"","",4611RE,Bergen op Zoom
Bleekveld,6,"","",4611RE,Bergen op Zoom
Bleekveld,7,"","",4611RE,Bergen op Zoom
Bleekveld,8,"","",4611RE,Bergen op Zoom
Goudenbloemstraat,1,"","",4611RG,Bergen op Zoom
Goudenbloemstraat,11,"","",4611RG,Bergen op Zoom
Goudenbloemstraat,13,"","",4611RG,Bergen op Zoom
Goudenbloemstraat,15,"","",4611RG,Bergen op Zoom
Goudenbloemstraat,17,"","",4611RG,Bergen op Zoom
Goudenbloemstraat,21,"","",4611RG,Bergen op Zoom
Goudenbloemstraat,25,"","",4611RG,Bergen op Zoom
Goudenbloemstraat,29,"","",4611RG,Bergen op Zoom
Goudenbloemstraat,31,"","",4611RG,Bergen op Zoom
Goudenbloemstraat,33,"","",4611RG,Bergen op Zoom
Goudenbloemstraat,35,"","",4611RG,Bergen op Zoom
Goudenbloemstraat,37,"","",4611RG,Bergen op Zoom
Goudenbloemstraat,39,"","",4611RG,Bergen op Zoom
Goudenbloemstraat,5,"","",4611RG,Bergen op Zoom
Goudenbloemstraat,7,"","",4611RG,Bergen op Zoom
Goudenbloemstraat,9,"","",4611RG,Bergen op Zoom
Goudenbloemstraat,10,"","",4611RH,Bergen op Zoom
Goudenbloemstraat,12,"","",4611RH,Bergen op Zoom
Goudenbloemstraat,14,"","",4611RH,Bergen op Zoom
Goudenbloemstraat,16,"","",4611RH,Bergen op Zoom
Goudenbloemstraat,18,"","",4611RH,Bergen op Zoom
Goudenbloemstraat,2,"","",4611RH,Bergen op Zoom
Goudenbloemstraat,20,"","",4611RH,Bergen op Zoom
Goudenbloemstraat,22,"","",4611RH,Bergen op Zoom
Goudenbloemstraat,24,"","",4611RH,Bergen op Zoom
Goudenbloemstraat,26,"","",4611RH,Bergen op Zoom
Goudenbloemstraat,28,"","",4611RH,Bergen op Zoom
Goudenbloemstraat,30,"","",4611RH,Bergen op Zoom
Goudenbloemstraat,32,"","",4611RH,Bergen op Zoom
Goudenbloemstraat,34,"","",4611RH,Bergen op Zoom
Goudenbloemstraat,36,"","",4611RH,Bergen op Zoom
Goudenbloemstraat,38,"","",4611RH,Bergen op Zoom
Goudenbloemstraat,4,"","",4611RH,Bergen op Zoom
Goudenbloemstraat,40,"","",4611RH,Bergen op Zoom
Goudenbloemstraat,42,"","",4611RH,Bergen op Zoom
Goudenbloemstraat,44,"","",4611RH,Bergen op Zoom
Goudenbloemstraat,46,"","",4611RH,Bergen op Zoom
Goudenbloemstraat,48,"","",4611RH,Bergen op Zoom
Goudenbloemstraat,50,"","",4611RH,Bergen op Zoom
Goudenbloemstraat,6,"","",4611RH,Bergen op Zoom
Goudenbloemstraat,8,"","",4611RH,Bergen op Zoom
Dumontsdreef,11,"","",4611RJ,Bergen op Zoom
Dumontsdreef,13,"","",4611RJ,Bergen op Zoom
Dumontsdreef,15,"","",4611RJ,Bergen op Zoom
Dumontsdreef,17,"","",4611RJ,Bergen op Zoom
Dumontsdreef,19,"","",4611RJ,Bergen op Zoom
Dumontsdreef,2,"","",4611RJ,Bergen op Zoom
Dumontsdreef,21,"","",4611RJ,Bergen op Zoom
Dumontsdreef,23,"","",4611RJ,Bergen op Zoom
Dumontsdreef,25,"","",4611RJ,Bergen op Zoom
Dumontsdreef,27,"","",4611RJ,Bergen op Zoom
Dumontsdreef,29,"","",4611RJ,Bergen op Zoom
Dumontsdreef,31,"","",4611RJ,Bergen op Zoom
Dumontsdreef,33,"","",4611RJ,Bergen op Zoom
Dumontsdreef,35,"","",4611RJ,Bergen op Zoom
Dumontsdreef,37,"","",4611RJ,Bergen op Zoom
Dumontsdreef,39,"","",4611RJ,Bergen op Zoom
Dumontsdreef,41,"","",4611RJ,Bergen op Zoom
Dumontsdreef,43,"","",4611RJ,Bergen op Zoom
Dumontsdreef,45,"","",4611RJ,Bergen op Zoom
Dumontsdreef,47,"","",4611RJ,Bergen op Zoom
Dumontsdreef,5,"","",4611RJ,Bergen op Zoom
Blauwehandstraat,1,"","",4611RK,Bergen op Zoom
Blauwehandstraat,11,"","",4611RK,Bergen op Zoom
Blauwehandstraat,13,"","",4611RK,Bergen op Zoom
Blauwehandstraat,15,"","",4611RK,Bergen op Zoom
Blauwehandstraat,17,"","",4611RK,Bergen op Zoom
Blauwehandstraat,19,"","",4611RK,Bergen op Zoom
Blauwehandstraat,19,A,"",4611RK,Bergen op Zoom
Blauwehandstraat,21,"","",4611RK,Bergen op Zoom
Blauwehandstraat,21,"","",4611RK,Bergen op Zoom
Blauwehandstraat,23,"","",4611RK,Bergen op Zoom
Blauwehandstraat,23,A,"",4611RK,Bergen op Zoom
Blauwehandstraat,25,"","",4611RK,Bergen op Zoom
Blauwehandstraat,27,"","",4611RK,Bergen op Zoom
Blauwehandstraat,29,"","",4611RK,Bergen op Zoom
Blauwehandstraat,3,"","",4611RK,Bergen op Zoom
Blauwehandstraat,3,A,"",4611RK,Bergen op Zoom
Blauwehandstraat,3,B,"",4611RK,Bergen op Zoom
Blauwehandstraat,3,C,"",4611RK,Bergen op Zoom
Blauwehandstraat,31,"","",4611RK,Bergen op Zoom
Blauwehandstraat,33,"","",4611RK,Bergen op Zoom
Blauwehandstraat,33,A,"",4611RK,Bergen op Zoom
Blauwehandstraat,35,"","",4611RK,Bergen op Zoom
Blauwehandstraat,37,"","",4611RK,Bergen op Zoom
Blauwehandstraat,5,A,"",4611RK,Bergen op Zoom
Blauwehandstraat,7,"","",4611RK,Bergen op Zoom
Blauwehandstraat,9,"","",4611RK,Bergen op Zoom
Blauwehandstraat,10,"","",4611RL,Bergen op Zoom
Blauwehandstraat,12,"","",4611RL,Bergen op Zoom
Blauwehandstraat,14,"","",4611RL,Bergen op Zoom
Blauwehandstraat,14,A,"",4611RL,Bergen op Zoom
Blauwehandstraat,16,"","",4611RL,Bergen op Zoom
Blauwehandstraat,18,"","",4611RL,Bergen op Zoom
Blauwehandstraat,20,"","",4611RL,Bergen op Zoom
Blauwehandstraat,22,"","",4611RL,Bergen op Zoom
Blauwehandstraat,24,"","",4611RL,Bergen op Zoom
Blauwehandstraat,26,"","",4611RL,Bergen op Zoom
Blauwehandstraat,28,"","",4611RL,Bergen op Zoom
Blauwehandstraat,30,"","",4611RL,Bergen op Zoom
Blauwehandstraat,32,"","",4611RL,Bergen op Zoom
Blauwehandstraat,34,"","",4611RL,Bergen op Zoom
Blauwehandstraat,34,A,"",4611RL,Bergen op Zoom
Blauwehandstraat,34,B,"",4611RL,Bergen op Zoom
Blauwehandstraat,34,C,"",4611RL,Bergen op Zoom
Blauwehandstraat,36,"","",4611RL,Bergen op Zoom
Blauwehandstraat,4,"","",4611RL,Bergen op Zoom
Blauwehandstraat,4,"","",4611RL,Bergen op Zoom
Blauwehandstraat,4,"","",4611RL,Bergen op Zoom
Blauwehandstraat,6,"","",4611RL,Bergen op Zoom
Blauwehandstraat,8,"","",4611RL,Bergen op Zoom
Blauwehandstraat,8,A,"",4611RL,Bergen op Zoom
Cromwielstraat,1,"","",4611RM,Bergen op Zoom
Cromwielstraat,10,"","",4611RM,Bergen op Zoom
Cromwielstraat,11,"","",4611RM,Bergen op Zoom
Cromwielstraat,13,"","",4611RM,Bergen op Zoom
Cromwielstraat,15,"","",4611RM,Bergen op Zoom
Cromwielstraat,16,"","",4611RM,Bergen op Zoom
Cromwielstraat,16,A,"",4611RM,Bergen op Zoom
Cromwielstraat,17,"","",4611RM,Bergen op Zoom
Cromwielstraat,19,"","",4611RM,Bergen op Zoom
Cromwielstraat,21,"","",4611RM,Bergen op Zoom
Cromwielstraat,22,"","",4611RM,Bergen op Zoom
Cromwielstraat,23,"","",4611RM,Bergen op Zoom
Cromwielstraat,23,A,"",4611RM,Bergen op Zoom
Cromwielstraat,24,"","",4611RM,Bergen op Zoom
Cromwielstraat,25,A,"",4611RM,Bergen op Zoom
Cromwielstraat,26,"","",4611RM,Bergen op Zoom
Cromwielstraat,27,"","",4611RM,Bergen op Zoom
Cromwielstraat,27,"","",4611RM,Bergen op Zoom
Cromwielstraat,28,"","",4611RM,Bergen op Zoom
Cromwielstraat,3,"","",4611RM,Bergen op Zoom
Cromwielstraat,30,"","",4611RM,Bergen op Zoom
Cromwielstraat,4,"","",4611RM,Bergen op Zoom
Cromwielstraat,5,"","",4611RM,Bergen op Zoom
Cromwielstraat,6,"","",4611RM,Bergen op Zoom
Cromwielstraat,7,"","",4611RM,Bergen op Zoom
Cromwielstraat,9,"","",4611RM,Bergen op Zoom
Wolzakstraat,1,"","",4611RN,Bergen op Zoom
Wolzakstraat,10,"","",4611RN,Bergen op Zoom
Wolzakstraat,12,"","",4611RN,Bergen op Zoom
Wolzakstraat,14,"","",4611RN,Bergen op Zoom
Wolzakstraat,16,"","",4611RN,Bergen op Zoom
Wolzakstraat,18,"","",4611RN,Bergen op Zoom
Wolzakstraat,2,"","",4611RN,Bergen op Zoom
Wolzakstraat,4,"","",4611RN,Bergen op Zoom
Wolzakstraat,5,"","",4611RN,Bergen op Zoom
Wolzakstraat,6,"","",4611RN,Bergen op Zoom
Wolzakstraat,6,A,"",4611RN,Bergen op Zoom
Wolzakstraat,8,"","",4611RN,Bergen op Zoom
Engelsestraat,11,"","",4611RP,Bergen op Zoom
Engelsestraat,13,"","",4611RP,Bergen op Zoom
Engelsestraat,13,A,"",4611RP,Bergen op Zoom
Engelsestraat,15,"","",4611RP,Bergen op Zoom
Engelsestraat,17,"","",4611RP,Bergen op Zoom
Engelsestraat,19,"","",4611RP,Bergen op Zoom
Engelsestraat,21,"","",4611RP,Bergen op Zoom
Engelsestraat,23,"","",4611RP,Bergen op Zoom
Engelsestraat,25,"","",4611RP,Bergen op Zoom
Engelsestraat,27,"","",4611RP,Bergen op Zoom
Engelsestraat,29,"","",4611RP,Bergen op Zoom
Engelsestraat,31,"","",4611RP,Bergen op Zoom
Engelsestraat,33,"","",4611RP,Bergen op Zoom
Engelsestraat,33,"","",4611RP,Bergen op Zoom
Engelsestraat,5,"","",4611RP,Bergen op Zoom
Engelsestraat,7,"","",4611RP,Bergen op Zoom
Engelsestraat,7,A,"",4611RP,Bergen op Zoom
Engelsestraat,9,"","",4611RP,Bergen op Zoom
Engelsestraat,10,"","",4611RR,Bergen op Zoom
Engelsestraat,10,A,"",4611RR,Bergen op Zoom
Engelsestraat,12,"","",4611RR,Bergen op Zoom
Engelsestraat,14,"","",4611RR,Bergen op Zoom
Engelsestraat,16,"","",4611RR,Bergen op Zoom
Engelsestraat,18,"","",4611RR,Bergen op Zoom
Engelsestraat,2,"","",4611RR,Bergen op Zoom
Engelsestraat,2,A,"",4611RR,Bergen op Zoom
Engelsestraat,2,B,"",4611RR,Bergen op Zoom
Engelsestraat,2,C,"",4611RR,Bergen op Zoom
Engelsestraat,20,"","",4611RR,Bergen op Zoom
Engelsestraat,26,"","",4611RR,Bergen op Zoom
Engelsestraat,28,"","",4611RR,Bergen op Zoom
Engelsestraat,30,"","",4611RR,Bergen op Zoom
Engelsestraat,32,"","",4611RR,Bergen op Zoom
Engelsestraat,34,"","",4611RR,Bergen op Zoom
Engelsestraat,36,"","",4611RR,Bergen op Zoom
Engelsestraat,4,"","",4611RR,Bergen op Zoom
Engelsestraat,4,"","",4611RR,Bergen op Zoom
Engelsestraat,6,"","",4611RR,Bergen op Zoom
Engelsestraat,6,A,"",4611RR,Bergen op Zoom
Engelsestraat,8,"","",4611RR,Bergen op Zoom
Engelsestraat,8,"","",4611RR,Bergen op Zoom
Engelsestraat,8,A,"",4611RR,Bergen op Zoom
Nieuwstraat,10,"","",4611RS,Bergen op Zoom
Nieuwstraat,10,A,"",4611RS,Bergen op Zoom
Nieuwstraat,12,"","",4611RS,Bergen op Zoom
Nieuwstraat,2,"","",4611RS,Bergen op Zoom
Nieuwstraat,3,"","",4611RS,Bergen op Zoom
Nieuwstraat,4,"","",4611RS,Bergen op Zoom
Nieuwstraat,5,"","",4611RS,Bergen op Zoom
Nieuwstraat,5,"","",4611RS,Bergen op Zoom
Nieuwstraat,5,A,"",4611RS,Bergen op Zoom
Nieuwstraat,7,"","",4611RS,Bergen op Zoom
Nieuwstraat,7,A,"",4611RS,Bergen op Zoom
Geweldigerstraat,10,"","",4611RT,Bergen op Zoom
Geweldigerstraat,10,A,"",4611RT,Bergen op Zoom
Geweldigerstraat,12,"","",4611RT,Bergen op Zoom
Geweldigerstraat,14,"","",4611RT,Bergen op Zoom
Geweldigerstraat,16,"","",4611RT,Bergen op Zoom
Geweldigerstraat,18,"","",4611RT,Bergen op Zoom
Geweldigerstraat,18,A,"",4611RT,Bergen op Zoom
Geweldigerstraat,2,"","",4611RT,Bergen op Zoom
Geweldigerstraat,20,"","",4611RT,Bergen op Zoom
Geweldigerstraat,22,"","",4611RT,Bergen op Zoom
Geweldigerstraat,24,"","",4611RT,Bergen op Zoom
Geweldigerstraat,26,"","",4611RT,Bergen op Zoom
Geweldigerstraat,4,"","",4611RT,Bergen op Zoom
Geweldigerstraat,4,A,"",4611RT,Bergen op Zoom
Geweldigerstraat,6,"","",4611RT,Bergen op Zoom
Geweldigerstraat,8,"","",4611RT,Bergen op Zoom
Minderbroederstraat,14,"","",4611RV,Bergen op Zoom
Minderbroederstraat,16,"","",4611RV,Bergen op Zoom
Minderbroederstraat,18,"","",4611RV,Bergen op Zoom
Minderbroederstraat,2,"","",4611RV,Bergen op Zoom
Minderbroederstraat,2,A,"",4611RV,Bergen op Zoom
Minderbroederstraat,2,B,"",4611RV,Bergen op Zoom
Minderbroederstraat,22,"","",4611RV,Bergen op Zoom
Minderbroederstraat,24,"","",4611RV,Bergen op Zoom
Minderbroederstraat,26,"","",4611RV,Bergen op Zoom
Minderbroederstraat,3,"","",4611RV,Bergen op Zoom
Minderbroederstraat,3,A,"",4611RV,Bergen op Zoom
Minderbroederstraat,30,"","",4611RV,Bergen op Zoom
Minderbroederstraat,32,"","",4611RV,Bergen op Zoom
Minderbroederstraat,34,"","",4611RV,Bergen op Zoom
Minderbroederstraat,36,"","",4611RV,Bergen op Zoom
Minderbroederstraat,4,"","",4611RV,Bergen op Zoom
Minderbroederstraat,42,"","",4611RV,Bergen op Zoom
Minderbroederstraat,46,"","",4611RV,Bergen op Zoom
Minderbroederstraat,48,"","",4611RV,Bergen op Zoom
Minderbroederstraat,6,"","",4611RV,Bergen op Zoom
Klaverstraat,1,"","",4611RW,Bergen op Zoom
Klaverstraat,11,"","",4611RW,Bergen op Zoom
Klaverstraat,15,"","",4611RW,Bergen op Zoom
Klaverstraat,15,"",G001,4611RW,Bergen op Zoom
Klaverstraat,15,"",G002,4611RW,Bergen op Zoom
Klaverstraat,15,"",G003,4611RW,Bergen op Zoom
Klaverstraat,15,"",G004,4611RW,Bergen op Zoom
Klaverstraat,15,A,"",4611RW,Bergen op Zoom
Klaverstraat,17,"","",4611RW,Bergen op Zoom
Klaverstraat,17,A,"",4611RW,Bergen op Zoom
Klaverstraat,19,"","",4611RW,Bergen op Zoom
Klaverstraat,19,A,"",4611RW,Bergen op Zoom
Klaverstraat,2,"","",4611RW,Bergen op Zoom
Klaverstraat,21,"","",4611RW,Bergen op Zoom
Klaverstraat,23,"","",4611RW,Bergen op Zoom
Klaverstraat,23,A,"",4611RW,Bergen op Zoom
Klaverstraat,25,"","",4611RW,Bergen op Zoom
Klaverstraat,27,"","",4611RW,Bergen op Zoom
Klaverstraat,29,"","",4611RW,Bergen op Zoom
Klaverstraat,3,"","",4611RW,Bergen op Zoom
Klaverstraat,31,"","",4611RW,Bergen op Zoom
Klaverstraat,35,"","",4611RW,Bergen op Zoom
Klaverstraat,37,"","",4611RW,Bergen op Zoom
Klaverstraat,39,"","",4611RW,Bergen op Zoom
Klaverstraat,41,"","",4611RW,Bergen op Zoom
Klaverstraat,5,"","",4611RW,Bergen op Zoom
Klaverstraat,6,"","",4611RW,Bergen op Zoom
Klaverstraat,9,"","",4611RW,Bergen op Zoom
Weverskat,10,"","",4611RX,Bergen op Zoom
Weverskat,10,"","",4611RX,Bergen op Zoom
Weverskat,10,A,"",4611RX,Bergen op Zoom
Weverskat,12,"","",4611RX,Bergen op Zoom
Weverskat,12,A,"",4611RX,Bergen op Zoom
Weverskat,14,"","",4611RX,Bergen op Zoom
Weverskat,16,"","",4611RX,Bergen op Zoom
Weverskat,18,"","",4611RX,Bergen op Zoom
Weverskat,2,"","",4611RX,Bergen op Zoom
Weverskat,20,"","",4611RX,Bergen op Zoom
Weverskat,22,"","",4611RX,Bergen op Zoom
Weverskat,28,"","",4611RX,Bergen op Zoom
Weverskat,30,"","",4611RX,Bergen op Zoom
Weverskat,32,"","",4611RX,Bergen op Zoom
Weverskat,36,"","",4611RX,Bergen op Zoom
Weverskat,38,"","",4611RX,Bergen op Zoom
Weverskat,38,"","",4611RX,Bergen op Zoom
Weverskat,4,"","",4611RX,Bergen op Zoom
Weverskat,40,"","",4611RX,Bergen op Zoom
Weverskat,6,"","",4611RX,Bergen op Zoom
Weverskat,8,"","",4611RX,Bergen op Zoom
Weverskat,8,A,"",4611RX,Bergen op Zoom
Klinkerstraatje,4,"","",4611RZ,Bergen op Zoom
Noordsingel,12,"","",4611SE,Bergen op Zoom
Noordsingel,14,"","",4611SE,Bergen op Zoom
Noordsingel,16,"","",4611SE,Bergen op Zoom
Noordsingel,2,"","",4611SE,Bergen op Zoom
Noordsingel,18,"","",4611SG,Bergen op Zoom
Noordsingel,20,"","",4611SG,Bergen op Zoom
Noordsingel,22,"","",4611SG,Bergen op Zoom
Noordsingel,24,"","",4611SG,Bergen op Zoom
Noordsingel,26,"","",4611SG,Bergen op Zoom
Noordsingel,28,"","",4611SG,Bergen op Zoom
Noordsingel,30,"","",4611SG,Bergen op Zoom
Noordsingel,32,"","",4611SG,Bergen op Zoom
Noordsingel,34,"","",4611SG,Bergen op Zoom
Noordsingel,36,"","",4611SG,Bergen op Zoom
Noordsingel,38,"","",4611SG,Bergen op Zoom
Noordsingel,40,"","",4611SG,Bergen op Zoom
Noordsingel,42,"","",4611SG,Bergen op Zoom
Noordsingel,44,"","",4611SG,Bergen op Zoom
Noordsingel,46,"","",4611SG,Bergen op Zoom
Noordsingel,48,"","",4611SG,Bergen op Zoom
Noordsingel,50,"","",4611SG,Bergen op Zoom
Noordsingel,52,"","",4611SG,Bergen op Zoom
Noordsingel,54,"","",4611SG,Bergen op Zoom
Noordsingel,56,"","",4611SG,Bergen op Zoom
Noordsingel,58,"","",4611SG,Bergen op Zoom
Noordsingel,60,"","",4611SG,Bergen op Zoom
Noordsingel,62,"","",4611SG,Bergen op Zoom
Noordsingel,64,"","",4611SG,Bergen op Zoom
Noordsingel,66,"","",4611SG,Bergen op Zoom
Noordsingel,68,"","",4611SG,Bergen op Zoom
Noordsingel,70,"","",4611SG,Bergen op Zoom
Noordsingel,72,"","",4611SG,Bergen op Zoom
Noordsingel,74,"","",4611SG,Bergen op Zoom
Noordsingel,76,"","",4611SG,Bergen op Zoom
Noordsingel,78,"","",4611SH,Bergen op Zoom
Noordsingel,80,"","",4611SH,Bergen op Zoom
Noordsingel,82,"","",4611SH,Bergen op Zoom
Noordsingel,84,"","",4611SH,Bergen op Zoom
Noordsingel,86,"","",4611SH,Bergen op Zoom
Noordsingel,88,"","",4611SH,Bergen op Zoom
Noordsingel,100,"","",4611SJ,Bergen op Zoom
Noordsingel,102,"","",4611SJ,Bergen op Zoom
Noordsingel,104,"","",4611SJ,Bergen op Zoom
Noordsingel,106,"","",4611SJ,Bergen op Zoom
Noordsingel,108,"","",4611SJ,Bergen op Zoom
Noordsingel,110,"","",4611SJ,Bergen op Zoom
Noordsingel,112,"","",4611SJ,Bergen op Zoom
Noordsingel,114,"","",4611SJ,Bergen op Zoom
Noordsingel,116,"","",4611SJ,Bergen op Zoom
Noordsingel,118,"","",4611SJ,Bergen op Zoom
Noordsingel,120,"","",4611SJ,Bergen op Zoom
Noordsingel,122,"","",4611SJ,Bergen op Zoom
Noordsingel,124,"","",4611SJ,Bergen op Zoom
Noordsingel,126,"","",4611SJ,Bergen op Zoom
Noordsingel,128,"","",4611SJ,Bergen op Zoom
Noordsingel,130,"","",4611SJ,Bergen op Zoom
Noordsingel,132,"","",4611SJ,Bergen op Zoom
Noordsingel,134,"","",4611SJ,Bergen op Zoom
Noordsingel,136,"","",4611SJ,Bergen op Zoom
Noordsingel,138,"","",4611SJ,Bergen op Zoom
Noordsingel,140,"","",4611SJ,Bergen op Zoom
Noordsingel,142,"","",4611SJ,Bergen op Zoom
Noordsingel,144,"","",4611SJ,Bergen op Zoom
Noordsingel,146,"","",4611SJ,Bergen op Zoom
Noordsingel,148,"","",4611SJ,Bergen op Zoom
Noordsingel,90,"","",4611SJ,Bergen op Zoom
Noordsingel,92,"","",4611SJ,Bergen op Zoom
Noordsingel,94,"","",4611SJ,Bergen op Zoom
Noordsingel,96,"","",4611SJ,Bergen op Zoom
Noordsingel,98,"","",4611SJ,Bergen op Zoom
Noordsingel,150,"","",4611SK,Bergen op Zoom
Noordsingel,152,"","",4611SK,Bergen op Zoom
Noordsingel,158,"","",4611SK,Bergen op Zoom
Noordsingel,160,"","",4611SK,Bergen op Zoom
Noordsingel,162,"","",4611SK,Bergen op Zoom
Noordsingel,162,"","",4611SK,Bergen op Zoom
Noordsingel,164,"","",4611SK,Bergen op Zoom
Noordsingel,166,"","",4611SK,Bergen op Zoom
Noordsingel,168,"","",4611SK,Bergen op Zoom
Noordsingel,170,"","",4611SK,Bergen op Zoom
Noordsingel,172,"","",4611SK,Bergen op Zoom
Noordsingel,174,"","",4611SK,Bergen op Zoom
Noordsingel,176,"","",4611SK,Bergen op Zoom
Noordsingel,178,"","",4611SK,Bergen op Zoom
Noordsingel,180,"","",4611SK,Bergen op Zoom
Noordsingel,182,"","",4611SK,Bergen op Zoom
Noordsingel,184,"","",4611SK,Bergen op Zoom
Noordsingel,186,"","",4611SK,Bergen op Zoom
Noordsingel,188,"","",4611SL,Bergen op Zoom
Noordsingel,190,"","",4611SL,Bergen op Zoom
Noordsingel,192,"","",4611SL,Bergen op Zoom
Noordsingel,194,"","",4611SL,Bergen op Zoom
Noordsingel,194,A,"",4611SL,Bergen op Zoom
Noordsingel,196,"","",4611SL,Bergen op Zoom
Noordsingel,196,A,"",4611SL,Bergen op Zoom
Noordsingel,198,"","",4611SL,Bergen op Zoom
Noordsingel,198,A,"",4611SL,Bergen op Zoom
Noordsingel,200,"","",4611SL,Bergen op Zoom
Noordsingel,200,A,"",4611SL,Bergen op Zoom
Noordsingel,202,"","",4611SL,Bergen op Zoom
Noordsingel,202,A,"",4611SL,Bergen op Zoom
Noordsingel,204,"","",4611SL,Bergen op Zoom
Noordsingel,206,"","",4611SL,Bergen op Zoom
Noordsingel,206,A,"",4611SL,Bergen op Zoom
Noordsingel,208,"","",4611SL,Bergen op Zoom
Noordsingel,210,A,"",4611SM,Bergen op Zoom
Noordsingel,212,A,"",4611SM,Bergen op Zoom
Noordsingel,214,"","",4611SM,Bergen op Zoom
Noordsingel,216,"","",4611SM,Bergen op Zoom
Noordsingel,218,"","",4611SM,Bergen op Zoom
Noordsingel,220,"","",4611SM,Bergen op Zoom
Noordsingel,220,A,"",4611SM,Bergen op Zoom
Noordsingel,222,"","",4611SM,Bergen op Zoom
Noordsingel,224,"","",4611SM,Bergen op Zoom
Noordsingel,224,A,"",4611SM,Bergen op Zoom
Noordsingel,226,"","",4611SM,Bergen op Zoom
Noordsingel,228,"","",4611SM,Bergen op Zoom
Noordsingel,230,"","",4611SN,Bergen op Zoom
Noordsingel,230,A,"",4611SN,Bergen op Zoom
Noordsingel,232,"","",4611SN,Bergen op Zoom
Noordsingel,232,A,"",4611SN,Bergen op Zoom
Noordsingel,234,"","",4611SN,Bergen op Zoom
Noordsingel,236,"","",4611SN,Bergen op Zoom
Noordsingel,244,"","",4611SP,Bergen op Zoom
Noordsingel,246,"","",4611SP,Bergen op Zoom
Noordsingel,248,"","",4611SP,Bergen op Zoom
Noordsingel,250,"","",4611SP,Bergen op Zoom
Noordsingel,252,"","",4611SP,Bergen op Zoom
Noordsingel,254,"","",4611SP,Bergen op Zoom
Noordsingel,256,"","",4611SP,Bergen op Zoom
Noordsingel,258,"","",4611SP,Bergen op Zoom
Noordsingel,260,"","",4611SP,Bergen op Zoom
Noordsingel,262,"","",4611SP,Bergen op Zoom
Noordsingel,264,"","",4611SP,Bergen op Zoom
Noordsingel,266,"","",4611SP,Bergen op Zoom
Noordsingel,268,"","",4611SP,Bergen op Zoom
Noordsingel,270,"","",4611SP,Bergen op Zoom
Noordsingel,272,"","",4611SP,Bergen op Zoom
Noordsingel,274,"","",4611SP,Bergen op Zoom
Wijngaardstraat,1,"","",4611SR,Bergen op Zoom
Wijngaardstraat,10,"","",4611SR,Bergen op Zoom
Wijngaardstraat,11,"","",4611SR,Bergen op Zoom
Wijngaardstraat,12,"","",4611SR,Bergen op Zoom
Wijngaardstraat,13,"","",4611SR,Bergen op Zoom
Wijngaardstraat,14,"","",4611SR,Bergen op Zoom
Wijngaardstraat,15,"","",4611SR,Bergen op Zoom
Wijngaardstraat,16,"","",4611SR,Bergen op Zoom
Wijngaardstraat,17,"","",4611SR,Bergen op Zoom
Wijngaardstraat,18,"","",4611SR,Bergen op Zoom
Wijngaardstraat,19,"","",4611SR,Bergen op Zoom
Wijngaardstraat,2,"","",4611SR,Bergen op Zoom
Wijngaardstraat,20,"","",4611SR,Bergen op Zoom
Wijngaardstraat,22,"","",4611SR,Bergen op Zoom
Wijngaardstraat,24,"","",4611SR,Bergen op Zoom
Wijngaardstraat,26,"","",4611SR,Bergen op Zoom
Wijngaardstraat,28,"","",4611SR,Bergen op Zoom
Wijngaardstraat,30,"","",4611SR,Bergen op Zoom
Wijngaardstraat,4,"","",4611SR,Bergen op Zoom
Wijngaardstraat,5,"","",4611SR,Bergen op Zoom
Wijngaardstraat,5,A,"",4611SR,Bergen op Zoom
Wijngaardstraat,6,"","",4611SR,Bergen op Zoom
Wijngaardstraat,8,"","",4611SR,Bergen op Zoom
Wijngaardstraat,9,"","",4611SR,Bergen op Zoom
Mosselstraat,13,"","",4611ST,Bergen op Zoom
Mosselstraat,15,"","",4611ST,Bergen op Zoom
Mosselstraat,21,"","",4611ST,Bergen op Zoom
Mosselstraat,23,A,"",4611ST,Bergen op Zoom
Mosselstraat,3,"","",4611ST,Bergen op Zoom
Mosselstraat,5,"","",4611ST,Bergen op Zoom
Mosselstraat,9,"","",4611ST,Bergen op Zoom
Mosselstraat,10,"","",4611SV,Bergen op Zoom
Mosselstraat,14,"","",4611SV,Bergen op Zoom
Mosselstraat,16,"","",4611SV,Bergen op Zoom
Mosselstraat,18,"","",4611SV,Bergen op Zoom
Mosselstraat,2,"","",4611SV,Bergen op Zoom
Mosselstraat,20,"","",4611SV,Bergen op Zoom
Mosselstraat,22,"","",4611SV,Bergen op Zoom
Mosselstraat,24,"","",4611SV,Bergen op Zoom
Mosselstraat,4,A,"",4611SV,Bergen op Zoom
Mosselstraat,6,"","",4611SV,Bergen op Zoom
Mosselstraat,8,"","",4611SV,Bergen op Zoom
Scholiersberg,1,"","",4611SW,Bergen op Zoom
Scholiersberg,1,A,"",4611SW,Bergen op Zoom
Scholiersberg,13,"","",4611SW,Bergen op Zoom
Scholiersberg,15,"","",4611SW,Bergen op Zoom
Scholiersberg,17,"","",4611SW,Bergen op Zoom
Scholiersberg,19,"","",4611SW,Bergen op Zoom
Scholiersberg,21,"","",4611SW,Bergen op Zoom
Scholiersberg,3,"","",4611SW,Bergen op Zoom
Scholiersberg,5,"","",4611SW,Bergen op Zoom
Scholiersberg,9,"","",4611SW,Bergen op Zoom
Scholiersberg,10,"","",4611SX,Bergen op Zoom
Scholiersberg,12,"","",4611SX,Bergen op Zoom
Scholiersberg,14,"","",4611SX,Bergen op Zoom
Scholiersberg,18,"","",4611SX,Bergen op Zoom
Scholiersberg,20,"","",4611SX,Bergen op Zoom
Scholiersberg,22,"","",4611SX,Bergen op Zoom
Scholiersberg,24,"","",4611SX,Bergen op Zoom
Scholiersberg,26,"","",4611SX,Bergen op Zoom
Scholiersberg,28,"","",4611SX,Bergen op Zoom
Scholiersberg,6,"","",4611SX,Bergen op Zoom
Scholiersberg,8,"","",4611SX,Bergen op Zoom
Sint-Antoniusstraat,1,"","",4611TA,Bergen op Zoom
Sint-Antoniusstraat,13,"","",4611TA,Bergen op Zoom
Sint-Antoniusstraat,15,"","",4611TA,Bergen op Zoom
Sint-Antoniusstraat,17,"","",4611TA,Bergen op Zoom
Sint-Antoniusstraat,19,"","",4611TA,Bergen op Zoom
Sint-Antoniusstraat,25,"","",4611TA,Bergen op Zoom
Sint-Antoniusstraat,25,"","",4611TA,Bergen op Zoom
Sint-Antoniusstraat,27,"","",4611TA,Bergen op Zoom
Sint-Antoniusstraat,7,"","",4611TA,Bergen op Zoom
Sint-Antoniusstraat,7,A,"",4611TA,Bergen op Zoom
Sint-Antoniusstraat,9,"","",4611TA,Bergen op Zoom
Sint-Antoniusstraat,9,"","",4611TA,Bergen op Zoom
Sint-Antoniusstraat,9,A,"",4611TA,Bergen op Zoom
Sint-Antoniusstraat,9,B,"",4611TA,Bergen op Zoom
Sint-Antoniusstraat,9,C,"",4611TA,Bergen op Zoom
Sint-Antoniusstraat,10,"","",4611TB,Bergen op Zoom
Sint-Antoniusstraat,12,"","",4611TB,Bergen op Zoom
Sint-Antoniusstraat,14,"","",4611TB,Bergen op Zoom
Sint-Antoniusstraat,16,"","",4611TB,Bergen op Zoom
Sint-Antoniusstraat,16,A,"",4611TB,Bergen op Zoom
Sint-Antoniusstraat,18,"","",4611TB,Bergen op Zoom
Sint-Antoniusstraat,18,A,"",4611TB,Bergen op Zoom
Sint-Antoniusstraat,2,A,"",4611TB,Bergen op Zoom
Sint-Antoniusstraat,20,"","",4611TB,Bergen op Zoom
Sint-Antoniusstraat,20,A,"",4611TB,Bergen op Zoom
Sint-Antoniusstraat,24,"","",4611TB,Bergen op Zoom
Sint-Antoniusstraat,26,"","",4611TB,Bergen op Zoom
Sint-Antoniusstraat,26,"","",4611TB,Bergen op Zoom
Sint-Antoniusstraat,26,A,"",4611TB,Bergen op Zoom
Sint-Antoniusstraat,28,"","",4611TB,Bergen op Zoom
Sint-Antoniusstraat,28,A,"",4611TB,Bergen op Zoom
Sint-Antoniusstraat,30,"","",4611TB,Bergen op Zoom
Sint-Antoniusstraat,32,"","",4611TB,Bergen op Zoom
Sint-Antoniusstraat,34,"","",4611TB,Bergen op Zoom
Sint-Antoniusstraat,4,"","",4611TB,Bergen op Zoom
Sint-Antoniusstraat,6,"","",4611TB,Bergen op Zoom
Sint-Antoniusstraat,6,"","",4611TB,Bergen op Zoom
Sint-Antoniusstraat,8,"","",4611TB,Bergen op Zoom
Steenbergsestraat,1,"","",4611TC,Bergen op Zoom
Steenbergsestraat,1,A,"",4611TC,Bergen op Zoom
Steenbergsestraat,1,B,"",4611TC,Bergen op Zoom
Steenbergsestraat,1,C,"",4611TC,Bergen op Zoom
Steenbergsestraat,1,D,"",4611TC,Bergen op Zoom
Steenbergsestraat,11,"","",4611TC,Bergen op Zoom
Steenbergsestraat,13,"","",4611TC,Bergen op Zoom
Steenbergsestraat,15,"","",4611TC,Bergen op Zoom
Steenbergsestraat,15,A,"",4611TC,Bergen op Zoom
Steenbergsestraat,19,"","",4611TC,Bergen op Zoom
Steenbergsestraat,19,A,"",4611TC,Bergen op Zoom
Steenbergsestraat,19,B,"",4611TC,Bergen op Zoom
Steenbergsestraat,19,C,"",4611TC,Bergen op Zoom
Steenbergsestraat,19,D,"",4611TC,Bergen op Zoom
Steenbergsestraat,19,D,1,4611TC,Bergen op Zoom
Steenbergsestraat,19,D,2,4611TC,Bergen op Zoom
Steenbergsestraat,19,E,"",4611TC,Bergen op Zoom
Steenbergsestraat,19,E,1,4611TC,Bergen op Zoom
Steenbergsestraat,19,E,2,4611TC,Bergen op Zoom
Steenbergsestraat,20,E,2,4611TC,Bergen op Zoom
Steenbergsestraat,3,"","",4611TC,Bergen op Zoom
Steenbergsestraat,5,"","",4611TC,Bergen op Zoom
Steenbergsestraat,5,A,"",4611TC,Bergen op Zoom
Steenbergsestraat,7,"","",4611TC,Bergen op Zoom
Steenbergsestraat,9,"","",4611TC,Bergen op Zoom
Steenbergsestraat,21,"","",4611TD,Bergen op Zoom
Steenbergsestraat,23,"","",4611TD,Bergen op Zoom
Steenbergsestraat,25,"","",4611TD,Bergen op Zoom
Steenbergsestraat,27,"","",4611TD,Bergen op Zoom
Steenbergsestraat,29,"","",4611TD,Bergen op Zoom
Steenbergsestraat,29,A,"",4611TD,Bergen op Zoom
Steenbergsestraat,29,B,"",4611TD,Bergen op Zoom
Steenbergsestraat,29,C,"",4611TD,Bergen op Zoom
Steenbergsestraat,31,"","",4611TD,Bergen op Zoom
Steenbergsestraat,33,"","",4611TD,Bergen op Zoom
Steenbergsestraat,35,"","",4611TD,Bergen op Zoom
Steenbergsestraat,37,"","",4611TD,Bergen op Zoom
Steenbergsestraat,39,"","",4611TD,Bergen op Zoom
Steenbergsestraat,41,"","",4611TD,Bergen op Zoom
Steenbergsestraat,43,"","",4611TD,Bergen op Zoom
Steenbergsestraat,45,"","",4611TD,Bergen op Zoom
Steenbergsestraat,47,"","",4611TD,Bergen op Zoom
Steenbergsestraat,49,"","",4611TD,Bergen op Zoom
Steenbergsestraat,10,"","",4611TE,Bergen op Zoom
Steenbergsestraat,12,"","",4611TE,Bergen op Zoom
Steenbergsestraat,12,A,"",4611TE,Bergen op Zoom
Steenbergsestraat,14,"","",4611TE,Bergen op Zoom
Steenbergsestraat,14,A,"",4611TE,Bergen op Zoom
Steenbergsestraat,16,"","",4611TE,Bergen op Zoom
Steenbergsestraat,16,"","",4611TE,Bergen op Zoom
Steenbergsestraat,16,A,"",4611TE,Bergen op Zoom
Steenbergsestraat,18,"","",4611TE,Bergen op Zoom
Steenbergsestraat,18,A,"",4611TE,Bergen op Zoom
Steenbergsestraat,2,"","",4611TE,Bergen op Zoom
Steenbergsestraat,2,"","",4611TE,Bergen op Zoom
Steenbergsestraat,4,"","",4611TE,Bergen op Zoom
Steenbergsestraat,4,A,"",4611TE,Bergen op Zoom
Steenbergsestraat,4,B,"",4611TE,Bergen op Zoom
Steenbergsestraat,8,"","",4611TE,Bergen op Zoom
Steenbergsestraat,22,"","",4611TG,Bergen op Zoom
Steenbergsestraat,24,"","",4611TG,Bergen op Zoom
Steenbergsestraat,24,A,"",4611TG,Bergen op Zoom
Steenbergsestraat,26,"","",4611TG,Bergen op Zoom
Steenbergsestraat,26,A,"",4611TG,Bergen op Zoom
Steenbergsestraat,28,"","",4611TG,Bergen op Zoom
Steenbergsestraat,28,"","",4611TG,Bergen op Zoom
Steenbergsestraat,28,A,"",4611TG,Bergen op Zoom
Steenbergsestraat,28,A,"",4611TG,Bergen op Zoom
Steenbergsestraat,30,"","",4611TG,Bergen op Zoom
Steenbergsestraat,30,"","",4611TG,Bergen op Zoom
Steenbergsestraat,30,"","",4611TG,Bergen op Zoom
Steenbergsestraat,30,A,"",4611TG,Bergen op Zoom
Steenbergsestraat,30,A,"",4611TG,Bergen op Zoom
Steenbergsestraat,34,"","",4611TG,Bergen op Zoom
Steenbergsestraat,36,"","",4611TG,Bergen op Zoom
Steenbergsestraat,38,"","",4611TG,Bergen op Zoom
Steenbergsestraat,38,"","",4611TG,Bergen op Zoom
Steenbergsestraat,40,"","",4611TG,Bergen op Zoom
Steenbergsestraat,42,"","",4611TG,Bergen op Zoom
Steenbergsestraat,44,"","",4611TG,Bergen op Zoom
Steenbergsestraat,44,A,"",4611TG,Bergen op Zoom
Steenbergsestraat,46,"","",4611TG,Bergen op Zoom
Steenbergsestraat,48,"","",4611TG,Bergen op Zoom
Steenbergsestraat,48,A,"",4611TG,Bergen op Zoom
Steenbergsestraat,48,B,"",4611TG,Bergen op Zoom
Steenbergsestraat,50,"","",4611TG,Bergen op Zoom
Hofstraat,1,"","",4611TH,Bergen op Zoom
Hofstraat,1,A,"",4611TH,Bergen op Zoom
Hofstraat,13,"","",4611TH,Bergen op Zoom
Hofstraat,15,"","",4611TH,Bergen op Zoom
Hofstraat,17,"","",4611TH,Bergen op Zoom
Hofstraat,17,A,"",4611TH,Bergen op Zoom
Hofstraat,17,B,"",4611TH,Bergen op Zoom
Hofstraat,17,C,"",4611TH,Bergen op Zoom
Hofstraat,17,D,"",4611TH,Bergen op Zoom
Hofstraat,19,"","",4611TH,Bergen op Zoom
Hofstraat,21,"","",4611TH,Bergen op Zoom
Hofstraat,23,"","",4611TH,Bergen op Zoom
Hofstraat,25,"","",4611TH,Bergen op Zoom
Hofstraat,27,"","",4611TH,Bergen op Zoom
Hofstraat,29,"","",4611TH,Bergen op Zoom
Hofstraat,31,"","",4611TH,Bergen op Zoom
Hofstraat,5,"","",4611TH,Bergen op Zoom
Hofstraat,7,"","",4611TH,Bergen op Zoom
Hofstraat,9,"","",4611TH,Bergen op Zoom
Hofstraat,2,"","",4611TJ,Bergen op Zoom
Hofstraat,2,A,"",4611TJ,Bergen op Zoom
Hofstraat,2,A,"",4611TJ,Bergen op Zoom
Hofstraat,2,B,"",4611TJ,Bergen op Zoom
Hofstraat,2,C,"",4611TJ,Bergen op Zoom
Hofstraat,4,"","",4611TJ,Bergen op Zoom
Hofstraat,6,"","",4611TJ,Bergen op Zoom
Hofstraat,8,"","",4611TJ,Bergen op Zoom
Kortemeestraat,1,"","",4611TK,Bergen op Zoom
Kortemeestraat,1,A,"",4611TK,Bergen op Zoom
Kortemeestraat,11,"","",4611TK,Bergen op Zoom
Kortemeestraat,11,A,"",4611TK,Bergen op Zoom
Kortemeestraat,11,B,"",4611TK,Bergen op Zoom
Kortemeestraat,11,C,"",4611TK,Bergen op Zoom
Kortemeestraat,11,D,"",4611TK,Bergen op Zoom
Kortemeestraat,13,"","",4611TK,Bergen op Zoom
Kortemeestraat,15,"","",4611TK,Bergen op Zoom
Kortemeestraat,15,A,"",4611TK,Bergen op Zoom
Kortemeestraat,17,"","",4611TK,Bergen op Zoom
Kortemeestraat,17,A,"",4611TK,Bergen op Zoom
Kortemeestraat,3,"","",4611TK,Bergen op Zoom
Kortemeestraat,5,"","",4611TK,Bergen op Zoom
Kortemeestraat,7,"","",4611TK,Bergen op Zoom
Kortemeestraat,7,A,"",4611TK,Bergen op Zoom
Kortemeestraat,9,"","",4611TK,Bergen op Zoom
Kortemeestraat,19,"","",4611TL,Bergen op Zoom
Kortemeestraat,19,A,"",4611TL,Bergen op Zoom
Kortemeestraat,21,"","",4611TL,Bergen op Zoom
Kortemeestraat,21,"","",4611TL,Bergen op Zoom
Kortemeestraat,23,"","",4611TL,Bergen op Zoom
Kortemeestraat,23,A,"",4611TL,Bergen op Zoom
Kortemeestraat,25,"","",4611TL,Bergen op Zoom
Kortemeestraat,25,A,"",4611TL,Bergen op Zoom
Kortemeestraat,27,"","",4611TL,Bergen op Zoom
Kortemeestraat,27,"","",4611TL,Bergen op Zoom
Kortemeestraat,27,"","",4611TL,Bergen op Zoom
Kortemeestraat,27,A,"",4611TL,Bergen op Zoom
Kortemeestraat,27,A,"",4611TL,Bergen op Zoom
Kortemeestraat,29,"","",4611TL,Bergen op Zoom
Kortemeestraat,33,"","",4611TL,Bergen op Zoom
Kortemeestraat,33,"","",4611TL,Bergen op Zoom
Kortemeestraat,33,A,"",4611TL,Bergen op Zoom
Kortemeestraat,35,"","",4611TL,Bergen op Zoom
Kortemeestraat,35,"","",4611TL,Bergen op Zoom
Kortemeestraat,35,"","",4611TL,Bergen op Zoom
Kortemeestraat,10,"","",4611TM,Bergen op Zoom
Kortemeestraat,12,"","",4611TM,Bergen op Zoom
Huijbergsestraat,13,A,"",4611TM,Bergen op Zoom
Kortemeestraat,14,"","",4611TM,Bergen op Zoom
Kortemeestraat,16,"","",4611TM,Bergen op Zoom
Kortemeestraat,18,"","",4611TM,Bergen op Zoom
Kortemeestraat,2,"","",4611TM,Bergen op Zoom
Kortemeestraat,2,A,"",4611TM,Bergen op Zoom
Kortemeestraat,2,B,"",4611TM,Bergen op Zoom
Kortemeestraat,22,"","",4611TM,Bergen op Zoom
Kortemeestraat,24,"","",4611TM,Bergen op Zoom
Kortemeestraat,24,A,"",4611TM,Bergen op Zoom
Kortemeestraat,24,A,"",4611TM,Bergen op Zoom
Kortemeestraat,24,B,"",4611TM,Bergen op Zoom
Kortemeestraat,24,B,"",4611TM,Bergen op Zoom
Kortemeestraat,24,B,"",4611TM,Bergen op Zoom
Kortemeestraat,24,C,"",4611TM,Bergen op Zoom
Kortemeestraat,24,C,"",4611TM,Bergen op Zoom
Kortemeestraat,26,"","",4611TM,Bergen op Zoom
Kortemeestraat,28,"","",4611TM,Bergen op Zoom
Kortemeestraat,28,A,"",4611TM,Bergen op Zoom
Kortemeestraat,28,B,"",4611TM,Bergen op Zoom
Kortemeestraat,30,"","",4611TM,Bergen op Zoom
Kortemeestraat,4,"","",4611TM,Bergen op Zoom
Kortemeestraat,6,"","",4611TM,Bergen op Zoom
Kortemeestraat,8,"","",4611TM,Bergen op Zoom
Sint-Annastraat,10,"","",4611TN,Bergen op Zoom
Sint-Annastraat,12,"","",4611TN,Bergen op Zoom
Sint-Annastraat,14,"","",4611TN,Bergen op Zoom
Sint-Annastraat,14,"","",4611TN,Bergen op Zoom
Sint-Annastraat,16,"","",4611TN,Bergen op Zoom
Sint-Annastraat,18,"","",4611TN,Bergen op Zoom
Sint-Annastraat,2,"","",4611TN,Bergen op Zoom
Sint-Annastraat,2,"","",4611TN,Bergen op Zoom
Sint-Annastraat,2,"","",4611TN,Bergen op Zoom
Sint-Annastraat,20,"","",4611TN,Bergen op Zoom
Sint-Annastraat,22,"","",4611TN,Bergen op Zoom
Sint-Annastraat,24,"","",4611TN,Bergen op Zoom
Sint-Annastraat,26,"","",4611TN,Bergen op Zoom
Sint-Annastraat,28,"","",4611TN,Bergen op Zoom
Sint-Annastraat,3,"","",4611TN,Bergen op Zoom
Sint-Annastraat,30,"","",4611TN,Bergen op Zoom
Sint-Annastraat,32,"","",4611TN,Bergen op Zoom
Sint-Annastraat,34,"","",4611TN,Bergen op Zoom
Sint-Annastraat,36,"","",4611TN,Bergen op Zoom
Sint-Annastraat,38,"","",4611TN,Bergen op Zoom
Sint-Annastraat,4,"","",4611TN,Bergen op Zoom
Sint-Annastraat,4,"","",4611TN,Bergen op Zoom
Sint-Annastraat,4,"","",4611TN,Bergen op Zoom
Sint-Annastraat,40,"","",4611TN,Bergen op Zoom
Sint-Annastraat,42,"","",4611TN,Bergen op Zoom
Sint-Annastraat,44,"","",4611TN,Bergen op Zoom
Sint-Annastraat,46,"","",4611TN,Bergen op Zoom
Sint-Annastraat,48,"","",4611TN,Bergen op Zoom
Sint-Annastraat,5,"","",4611TN,Bergen op Zoom
Sint-Annastraat,50,"","",4611TN,Bergen op Zoom
Sint-Annastraat,52,"","",4611TN,Bergen op Zoom
Sint-Annastraat,54,"","",4611TN,Bergen op Zoom
Sint-Annastraat,56,"","",4611TN,Bergen op Zoom
Sint-Annastraat,58,"","",4611TN,Bergen op Zoom
Sint-Annastraat,6,"","",4611TN,Bergen op Zoom
Sint-Annastraat,6,"","",4611TN,Bergen op Zoom
Sint-Annastraat,6,"","",4611TN,Bergen op Zoom
Sint-Annastraat,60,"","",4611TN,Bergen op Zoom
Sint-Annastraat,62,"","",4611TN,Bergen op Zoom
Sint-Annastraat,64,"","",4611TN,Bergen op Zoom
Sint-Annastraat,66,"","",4611TN,Bergen op Zoom
Sint-Annastraat,68,"","",4611TN,Bergen op Zoom
Sint-Annastraat,7,"","",4611TN,Bergen op Zoom
Sint-Annastraat,7,"","",4611TN,Bergen op Zoom
Sint-Annastraat,70,"","",4611TN,Bergen op Zoom
Sint-Annastraat,72,"","",4611TN,Bergen op Zoom
Sint-Annastraat,72,"","",4611TN,Bergen op Zoom
Sint-Annastraat,8,"","",4611TN,Bergen op Zoom
Sint-Annastraat,9,"","",4611TN,Bergen op Zoom
Kremerstraat,1,"","",4611TP,Bergen op Zoom
Kremerstraat,1,A,"",4611TP,Bergen op Zoom
Kremerstraat,1,B,"",4611TP,Bergen op Zoom
Kremerstraat,11,"","",4611TP,Bergen op Zoom
Kremerstraat,11,A,"",4611TP,Bergen op Zoom
Kremerstraat,11,B,"",4611TP,Bergen op Zoom
Kremerstraat,11,C,"",4611TP,Bergen op Zoom
Kremerstraat,11,D,"",4611TP,Bergen op Zoom
Kremerstraat,13,"","",4611TP,Bergen op Zoom
Kremerstraat,15,"","",4611TP,Bergen op Zoom
Kremerstraat,15,"","",4611TP,Bergen op Zoom
Kremerstraat,15,A,"",4611TP,Bergen op Zoom
Kremerstraat,15,A,"",4611TP,Bergen op Zoom
Kremerstraat,15,B,"",4611TP,Bergen op Zoom
Kremerstraat,15,B,"",4611TP,Bergen op Zoom
Kremerstraat,15,C,"",4611TP,Bergen op Zoom
Kremerstraat,17,"","",4611TP,Bergen op Zoom
Kremerstraat,17,"","",4611TP,Bergen op Zoom
Kremerstraat,19,"","",4611TP,Bergen op Zoom
Kremerstraat,19,"","",4611TP,Bergen op Zoom
Kremerstraat,19,"","",4611TP,Bergen op Zoom
Kremerstraat,21,"","",4611TP,Bergen op Zoom
Kremerstraat,23,"","",4611TP,Bergen op Zoom
Kremerstraat,25,"","",4611TP,Bergen op Zoom
Kremerstraat,25,A,"",4611TP,Bergen op Zoom
Kremerstraat,29,"","",4611TP,Bergen op Zoom
Kremerstraat,29,"","",4611TP,Bergen op Zoom
Kremerstraat,29,A,"",4611TP,Bergen op Zoom
Kremerstraat,29,A,"",4611TP,Bergen op Zoom
Kremerstraat,3,"","",4611TP,Bergen op Zoom
Kremerstraat,31,"","",4611TP,Bergen op Zoom
Kremerstraat,31,"","",4611TP,Bergen op Zoom
Kremerstraat,31,A,"",4611TP,Bergen op Zoom
Kremerstraat,31,A,"",4611TP,Bergen op Zoom
Kremerstraat,33,"","",4611TP,Bergen op Zoom
Kremerstraat,35,"","",4611TP,Bergen op Zoom
Kremerstraat,5,"","",4611TP,Bergen op Zoom
Kremerstraat,7,"","",4611TP,Bergen op Zoom
Kremerstraat,7,A,"",4611TP,Bergen op Zoom
Kremerstraat,9,"","",4611TP,Bergen op Zoom
Kremerstraat,9,A,"",4611TP,Bergen op Zoom
Kremerstraat,10,"","",4611TR,Bergen op Zoom
Kremerstraat,12,"","",4611TR,Bergen op Zoom
Kremerstraat,12,"","",4611TR,Bergen op Zoom
Kremerstraat,14,"","",4611TR,Bergen op Zoom
Kremerstraat,16,"","",4611TR,Bergen op Zoom
Kremerstraat,16,A,"",4611TR,Bergen op Zoom
Kremerstraat,16,B,"",4611TR,Bergen op Zoom
Kremerstraat,16,C,"",4611TR,Bergen op Zoom
Kremerstraat,18,"","",4611TR,Bergen op Zoom
Kremerstraat,18,A,"",4611TR,Bergen op Zoom
Kremerstraat,18,B,"",4611TR,Bergen op Zoom
Kremerstraat,2,"","",4611TR,Bergen op Zoom
Kremerstraat,2,"","",4611TR,Bergen op Zoom
Kremerstraat,2,"","",4611TR,Bergen op Zoom
Kremerstraat,2,A,"",4611TR,Bergen op Zoom
Kremerstraat,2,A,"",4611TR,Bergen op Zoom
Kremerstraat,2,B,"",4611TR,Bergen op Zoom
Kremerstraat,20,"","",4611TR,Bergen op Zoom
Kremerstraat,20,A,"",4611TR,Bergen op Zoom
Kremerstraat,20,B,"",4611TR,Bergen op Zoom
Kremerstraat,22,"","",4611TR,Bergen op Zoom
Kremerstraat,22,A,"",4611TR,Bergen op Zoom
Kremerstraat,24,"","",4611TR,Bergen op Zoom
Kremerstraat,24,A,"",4611TR,Bergen op Zoom
Kremerstraat,26,"","",4611TR,Bergen op Zoom
Kremerstraat,28,"","",4611TR,Bergen op Zoom
Kremerstraat,28,A,"",4611TR,Bergen op Zoom
Kremerstraat,28,B,"",4611TR,Bergen op Zoom
Kremerstraat,28,C,"",4611TR,Bergen op Zoom
Kremerstraat,30,"","",4611TR,Bergen op Zoom
Kremerstraat,4,"","",4611TR,Bergen op Zoom
Kremerstraat,6,"","",4611TR,Bergen op Zoom
Sint-Catharinaplein,1,A,"",4611TS,Bergen op Zoom
Sint-Catharinaplein,1,B,"",4611TS,Bergen op Zoom
Sint-Catharinaplein,1,C,"",4611TS,Bergen op Zoom
Sint-Catharinaplein,10,"","",4611TS,Bergen op Zoom
Sint-Catharinaplein,11,"","",4611TS,Bergen op Zoom
Sint-Catharinaplein,11,A,"",4611TS,Bergen op Zoom
Sint-Catharinaplein,12,"","",4611TS,Bergen op Zoom
Sint-Catharinaplein,13,"","",4611TS,Bergen op Zoom
Sint-Catharinaplein,13,A,"",4611TS,Bergen op Zoom
Sint-Catharinaplein,13,B,"",4611TS,Bergen op Zoom
Sint-Catharinaplein,13,C,"",4611TS,Bergen op Zoom
Sint-Catharinaplein,14,"","",4611TS,Bergen op Zoom
Sint-Catharinaplein,14,"","",4611TS,Bergen op Zoom
Sint-Catharinaplein,15,"","",4611TS,Bergen op Zoom
Sint-Catharinaplein,16,"","",4611TS,Bergen op Zoom
Sint-Catharinaplein,17,"","",4611TS,Bergen op Zoom
Sint-Catharinaplein,18,"","",4611TS,Bergen op Zoom
Sint-Catharinaplein,19,"","",4611TS,Bergen op Zoom
Sint-Catharinaplein,2,"","",4611TS,Bergen op Zoom
Sint-Catharinaplein,3,"","",4611TS,Bergen op Zoom
Sint-Catharinaplein,4,"","",4611TS,Bergen op Zoom
Sint-Catharinaplein,5,"","",4611TS,Bergen op Zoom
Sint-Catharinaplein,6,"","",4611TS,Bergen op Zoom
Sint-Catharinaplein,7,"","",4611TS,Bergen op Zoom
Sint-Catharinaplein,7,"","",4611TS,Bergen op Zoom
Sint-Catharinaplein,7,A,"",4611TS,Bergen op Zoom
Sint-Catharinaplein,8,"","",4611TS,Bergen op Zoom
Sint-Catharinaplein,9,"","",4611TS,Bergen op Zoom
Sint-Catharinaplein,20,"","",4611TT,Bergen op Zoom
Sint-Catharinaplein,21,"","",4611TT,Bergen op Zoom
Sint-Catharinaplein,22,"","",4611TT,Bergen op Zoom
Sint-Catharinaplein,35,"","",4611TT,Bergen op Zoom
Sint-Catharinaplein,35,A,"",4611TT,Bergen op Zoom
Sint-Catharinaplein,36,"","",4611TT,Bergen op Zoom
Sint-Catharinaplein,37,"","",4611TT,Bergen op Zoom
Sint-Catharinaplein,37,A,"",4611TT,Bergen op Zoom
Sint-Catharinaplein,38,"","",4611TT,Bergen op Zoom
Sint-Catharinaplein,39,"","",4611TT,Bergen op Zoom
Sint-Catharinaplein,39,A,"",4611TT,Bergen op Zoom
Sint-Catharinaplein,40,A,"",4611TT,Bergen op Zoom
Sint-Catharinaplein,41,"","",4611TT,Bergen op Zoom
Sint-Catharinaplein,25,"","",4611TV,Bergen op Zoom
Paradeplaats,1,"","",4611VX,Bergen op Zoom
Paradeplaats,10,"","",4611VX,Bergen op Zoom
Paradeplaats,11,"","",4611VX,Bergen op Zoom
Paradeplaats,12,"","",4611VX,Bergen op Zoom
Paradeplaats,13,"","",4611VX,Bergen op Zoom
Paradeplaats,2,"","",4611VX,Bergen op Zoom
Paradeplaats,3,"","",4611VX,Bergen op Zoom
Paradeplaats,4,"","",4611VX,Bergen op Zoom
Paradeplaats,5,"","",4611VX,Bergen op Zoom
Paradeplaats,6,"","",4611VX,Bergen op Zoom
Paradeplaats,7,"","",4611VX,Bergen op Zoom
Paradeplaats,8,"","",4611VX,Bergen op Zoom
Paradeplaats,9,"","",4611VX,Bergen op Zoom
Lombardenstraat,1,"","",4611VZ,Bergen op Zoom
Lombardenstraat,12,"","",4611VZ,Bergen op Zoom
Lombardenstraat,13,"","",4611VZ,Bergen op Zoom
Lombardenstraat,14,"","",4611VZ,Bergen op Zoom
Lombardenstraat,16,"","",4611VZ,Bergen op Zoom
Lombardenstraat,17,"","",4611VZ,Bergen op Zoom
Lombardenstraat,18,"","",4611VZ,Bergen op Zoom
Lombardenstraat,19,"","",4611VZ,Bergen op Zoom
Lombardenstraat,2,"","",4611VZ,Bergen op Zoom
Lombardenstraat,20,"","",4611VZ,Bergen op Zoom
Lombardenstraat,22,"","",4611VZ,Bergen op Zoom
Lombardenstraat,24,"","",4611VZ,Bergen op Zoom
Lombardenstraat,25,"","",4611VZ,Bergen op Zoom
Lombardenstraat,26,"","",4611VZ,Bergen op Zoom
Lombardenstraat,28,"","",4611VZ,Bergen op Zoom
Lombardenstraat,30,"","",4611VZ,Bergen op Zoom
Lombardenstraat,32,"","",4611VZ,Bergen op Zoom
Lombardenstraat,34,"","",4611VZ,Bergen op Zoom
Lombardenstraat,4,"","",4611VZ,Bergen op Zoom
Lombardenstraat,5,"","",4611VZ,Bergen op Zoom
Lombardenstraat,6,"","",4611VZ,Bergen op Zoom
Lombardenstraat,8,"","",4611VZ,Bergen op Zoom
Lombardenstraat,9,"","",4611VZ,Bergen op Zoom
