straat,huisnummer,huisletter,toevoeging,postcode,plaats
Zuidwendingerweg,1,"","",9663AJ,Nieuwe Pekela
Zuidwendingerweg,10,"","",9663AJ,Nieuwe Pekela
Zuidwendingerweg,11,"","",9663AJ,Nieuwe Pekela
Zuidwendingerweg,12,"","",9663AJ,Nieuwe Pekela
Zuidwendingerweg,13,"","",9663AJ,Nieuwe Pekela
Zuidwendingerweg,13,A,"",9663AJ,Nieuwe Pekela
Zuidwendingerweg,14,"","",9663AJ,Nieuwe Pekela
Zuidwendingerweg,15,"","",9663AJ,Nieuwe Pekela
Zuidwendingerweg,16,"","",9663AJ,Nieuwe Pekela
Zuidwendingerweg,18,"","",9663AJ,Nieuwe Pekela
Zuidwendingerweg,19,"","",9663AJ,Nieuwe Pekela
Zuidwendingerweg,19,"","",9663AJ,Nieuwe Pekela
Zuidwendingerweg,20,"","",9663AJ,Nieuwe Pekela
Zuidwendingerweg,21,"","",9663AJ,Nieuwe Pekela
Zuidwendingerweg,22,"","",9663AJ,Nieuwe Pekela
Zuidwendingerweg,23,"","",9663AJ,Nieuwe Pekela
Zuidwendingerweg,24,"","",9663AJ,Nieuwe Pekela
Zuidwendingerweg,25,"","",9663AJ,Nieuwe Pekela
Zuidwendingerweg,3,"","",9663AJ,Nieuwe Pekela
Zuidwendingerweg,4,"","",9663AJ,Nieuwe Pekela
Zuidwendingerweg,5,"","",9663AJ,Nieuwe Pekela
Zuidwendingerweg,6,"","",9663AJ,Nieuwe Pekela
Zuidwendingerweg,7,"","",9663AJ,Nieuwe Pekela
Zuidwendingerweg,26,"","",9663AK,Nieuwe Pekela
Zuidwendingerweg,27,"","",9663AK,Nieuwe Pekela
Zuidwendingerweg,28,"","",9663AK,Nieuwe Pekela
Zuidwendingerweg,29,"","",9663AK,Nieuwe Pekela
Zuidwendingerweg,30,"","",9663AK,Nieuwe Pekela
Zuidwendingerweg,31,"","",9663AK,Nieuwe Pekela
Zuidwendingerweg,32,"","",9663AK,Nieuwe Pekela
Zuidwendingerweg,33,"","",9663AK,Nieuwe Pekela
Zuidwendingerweg,34,"","",9663AK,Nieuwe Pekela
Zuidwendingerweg,35,"","",9663AK,Nieuwe Pekela
Zuidwendingerweg,36,"","",9663AK,Nieuwe Pekela
Zuidwendingerweg,37,"","",9663AK,Nieuwe Pekela
Zuidwendingerweg,38,"","",9663AK,Nieuwe Pekela
Zuidwendingerweg,56,"","",9663AM,Nieuwe Pekela
Zuidwendingerweg,56,A,"",9663AM,Nieuwe Pekela
Zuidwendingerweg,57,"","",9663AM,Nieuwe Pekela
Zuidwendingerweg,58,"","",9663AM,Nieuwe Pekela
Zuidwendingerweg,59,"","",9663AM,Nieuwe Pekela
Zuidwendingerweg,60,"","",9663AM,Nieuwe Pekela
Zuidwendingerweg,61,"","",9663AM,Nieuwe Pekela
Zuidwendingerweg,62,"","",9663AM,Nieuwe Pekela
Zuidwendingerweg,63,"","",9663AM,Nieuwe Pekela
Zuidwendingerweg,64,"","",9663AM,Nieuwe Pekela
Zuidwendingerweg,65,"","",9663AM,Nieuwe Pekela
Zuidwendingerweg,66,"","",9663AM,Nieuwe Pekela
Zuidwendingerweg,67,"","",9663AM,Nieuwe Pekela
Zuidwendingerweg,68,"","",9663AM,Nieuwe Pekela
Zuidwendingerweg,69,"","",9663AM,Nieuwe Pekela
Zuidwendingerweg,70,"","",9663AM,Nieuwe Pekela
Zuidwendingerweg,71,"","",9663AM,Nieuwe Pekela
Zuidwendingerweg,72,"","",9663AM,Nieuwe Pekela
Zuidwendingerweg,73,"","",9663AM,Nieuwe Pekela
Zuidwendingerweg,74,"","",9663AM,Nieuwe Pekela
Zuidwendingerweg,75,"","",9663AM,Nieuwe Pekela
Zuidwendingerweg,76,"","",9663AM,Nieuwe Pekela
Zuidwendingerweg,77,"","",9663AM,Nieuwe Pekela
Zuidwendingerweg,78,"","",9663AN,Nieuwe Pekela
Zuidwendingerweg,79,"","",9663AN,Nieuwe Pekela
Zuidwendingerweg,80,"","",9663AN,Nieuwe Pekela
Zuidwendingerweg,81,"","",9663AN,Nieuwe Pekela
Zuidwendingerweg,82,"","",9663AN,Nieuwe Pekela
Zuidwendingerweg,83,"","",9663AN,Nieuwe Pekela
Zuidwendingerweg,84,"","",9663AN,Nieuwe Pekela
Zuidwendingerweg,85,"","",9663AN,Nieuwe Pekela
Zuidwendingerweg,86,"","",9663AN,Nieuwe Pekela
Zuidwendingerweg,87,"","",9663AN,Nieuwe Pekela
Zuidwendingerweg,88,"","",9663AN,Nieuwe Pekela
Zuidwendingerweg,89,"","",9663AN,Nieuwe Pekela
Zuidwendingerweg,90,"","",9663AN,Nieuwe Pekela
Zuidwendingerweg,90,A,"",9663AN,Nieuwe Pekela
Zuidwendingerweg,91,"","",9663AN,Nieuwe Pekela
Zuidwendingerweg,92,"","",9663AN,Nieuwe Pekela
Zuidwendingerweg,93,"","",9663AN,Nieuwe Pekela
Zuidwendingerweg,95,"","",9663AN,Nieuwe Pekela
Zuidwendingerweg,96,"","",9663AN,Nieuwe Pekela
Pekelwerk,10,"","",9663AW,Nieuwe Pekela
Pekelwerk,12,"","",9663AW,Nieuwe Pekela
Pekelwerk,14,"","",9663AW,Nieuwe Pekela
Pekelwerk,17,"","",9663AW,Nieuwe Pekela
Pekelwerk,2,"","",9663AW,Nieuwe Pekela
Pekelwerk,21,"","",9663AW,Nieuwe Pekela
Pekelwerk,22,"","",9663AW,Nieuwe Pekela
Pekelwerk,23,"","",9663AW,Nieuwe Pekela
Pekelwerk,25,"","",9663AW,Nieuwe Pekela
Pekelwerk,26,"","",9663AW,Nieuwe Pekela
Pekelwerk,27,"","",9663AW,Nieuwe Pekela
Pekelwerk,28,"","",9663AW,Nieuwe Pekela
Pekelwerk,30,"","",9663AW,Nieuwe Pekela
Pekelwerk,31,"","",9663AW,Nieuwe Pekela
Pekelwerk,32,"","",9663AW,Nieuwe Pekela
Pekelwerk,33,"","",9663AW,Nieuwe Pekela
Pekelwerk,34,"","",9663AW,Nieuwe Pekela
Pekelwerk,35,"","",9663AW,Nieuwe Pekela
Pekelwerk,36,"","",9663AW,Nieuwe Pekela
Pekelwerk,37,"","",9663AW,Nieuwe Pekela
Pekelwerk,38,"","",9663AW,Nieuwe Pekela
Pekelwerk,39,"","",9663AW,Nieuwe Pekela
Pekelwerk,4,"","",9663AW,Nieuwe Pekela
Pekelwerk,40,"","",9663AW,Nieuwe Pekela
Pekelwerk,40,"","",9663AW,Nieuwe Pekela
Pekelwerk,42,"","",9663AW,Nieuwe Pekela
Pekelwerk,6,"","",9663AW,Nieuwe Pekela
Pekelwerk,7,"","",9663AW,Nieuwe Pekela
Pekelwerk,8,"","",9663AW,Nieuwe Pekela
Pekelwerk,111,"","",9663AX,Nieuwe Pekela
Pekelwerk,119,"","",9663AX,Nieuwe Pekela
Pekelwerk,121,"","",9663AX,Nieuwe Pekela
Pekelwerk,125,"","",9663AX,Nieuwe Pekela
Pekelwerk,127,"","",9663AX,Nieuwe Pekela
Onstwedderweg,11,"","",9663BA,Nieuwe Pekela
Onstwedderweg,12,"","",9663BA,Nieuwe Pekela
Onstwedderweg,13,"","",9663BA,Nieuwe Pekela
Onstwedderweg,14,"","",9663BA,Nieuwe Pekela
Onstwedderweg,15,"","",9663BA,Nieuwe Pekela
Onstwedderweg,16,"","",9663BA,Nieuwe Pekela
Onstwedderweg,17,"","",9663BA,Nieuwe Pekela
Onstwedderweg,17,"","",9663BA,Nieuwe Pekela
Onstwedderweg,18,"","",9663BA,Nieuwe Pekela
Onstwedderweg,19,"","",9663BA,Nieuwe Pekela
Onstwedderweg,20,"","",9663BA,Nieuwe Pekela
Onstwedderweg,3,"","",9663BA,Nieuwe Pekela
Onstwedderweg,4,"","",9663BA,Nieuwe Pekela
Onstwedderweg,5,"","",9663BA,Nieuwe Pekela
Onstwedderweg,6,"","",9663BA,Nieuwe Pekela
Onstwedderweg,6,A,"",9663BA,Nieuwe Pekela
Onstwedderweg,7,"","",9663BA,Nieuwe Pekela
Onstwedderweg,8,"","",9663BA,Nieuwe Pekela
Onstwedderweg,9,"","",9663BA,Nieuwe Pekela
Heeresmeer,1,"","",9663BB,Nieuwe Pekela
Onstwedderweg,21,"","",9663BB,Nieuwe Pekela
Onstwedderweg,22,"","",9663BB,Nieuwe Pekela
Onstwedderweg,23,"","",9663BB,Nieuwe Pekela
Onstwedderweg,24,"","",9663BB,Nieuwe Pekela
Onstwedderweg,25,"","",9663BB,Nieuwe Pekela
Onstwedderweg,26,"","",9663BB,Nieuwe Pekela
Onstwedderweg,27,"","",9663BB,Nieuwe Pekela
Onstwedderweg,28,"","",9663BB,Nieuwe Pekela
Onstwedderweg,29,"","",9663BB,Nieuwe Pekela
Onstwedderweg,30,"","",9663BB,Nieuwe Pekela
Onstwedderweg,31,"","",9663BB,Nieuwe Pekela
Onstwedderweg,32,"","",9663BB,Nieuwe Pekela
Onstwedderweg,33,"","",9663BB,Nieuwe Pekela
Onstwedderweg,36,"","",9663BB,Nieuwe Pekela
Onstwedderweg,36,A,"",9663BB,Nieuwe Pekela
Onstwedderweg,37,"","",9663BB,Nieuwe Pekela
Onstwedderweg,38,"","",9663BB,Nieuwe Pekela
Onstwedderweg,39,"","",9663BB,Nieuwe Pekela
Onstwedderweg,40,"","",9663BB,Nieuwe Pekela
Onstwedderweg,41,"","",9663BC,Nieuwe Pekela
Onstwedderweg,42,"","",9663BC,Nieuwe Pekela
Onstwedderweg,43,"","",9663BC,Nieuwe Pekela
Onstwedderweg,44,"","",9663BC,Nieuwe Pekela
Onstwedderweg,45,"","",9663BC,Nieuwe Pekela
Onstwedderweg,46,"","",9663BC,Nieuwe Pekela
Onstwedderweg,47,"","",9663BC,Nieuwe Pekela
Onstwedderweg,50,"","",9663BC,Nieuwe Pekela
Onstwedderweg,51,"","",9663BC,Nieuwe Pekela
Onstwedderweg,52,"","",9663BC,Nieuwe Pekela
Onstwedderweg,70,"","",9663BD,Nieuwe Pekela
Onstwedderweg,71,"","",9663BD,Nieuwe Pekela
Onstwedderweg,72,"","",9663BD,Nieuwe Pekela
Onstwedderweg,73,"","",9663BD,Nieuwe Pekela
Onstwedderweg,74,"","",9663BD,Nieuwe Pekela
Onstwedderweg,75,"","",9663BD,Nieuwe Pekela
Onstwedderweg,76,"","",9663BD,Nieuwe Pekela
Onstwedderweg,77,"","",9663BD,Nieuwe Pekela
Onstwedderweg,78,"","",9663BD,Nieuwe Pekela
Onstwedderweg,79,"","",9663BD,Nieuwe Pekela
Onstwedderweg,80,"","",9663BD,Nieuwe Pekela
Onstwedderweg,81,"","",9663BD,Nieuwe Pekela
Onstwedderweg,82,"","",9663BD,Nieuwe Pekela
Onstwedderweg,83,"","",9663BE,Nieuwe Pekela
Onstwedderweg,84,"","",9663BE,Nieuwe Pekela
Onstwedderweg,85,"","",9663BE,Nieuwe Pekela
Onstwedderweg,86,"","",9663BE,Nieuwe Pekela
Onstwedderweg,87,"","",9663BE,Nieuwe Pekela
Onstwedderweg,88,"","",9663BE,Nieuwe Pekela
Onstwedderweg,89,"","",9663BE,Nieuwe Pekela
Onstwedderweg,90,"","",9663BE,Nieuwe Pekela
Onstwedderweg,91,"","",9663BE,Nieuwe Pekela
Onstwedderweg,92,"","",9663BE,Nieuwe Pekela
Onstwedderweg,93,"","",9663BE,Nieuwe Pekela
Onstwedderweg,94,"","",9663BE,Nieuwe Pekela
Onstwedderweg,95,"","",9663BE,Nieuwe Pekela
Onstwedderweg,96,"","",9663BE,Nieuwe Pekela
Onstwedderweg,97,"","",9663BE,Nieuwe Pekela
Onstwedderweg,99,"","",9663BE,Nieuwe Pekela
Onstwedderweg,100,"","",9663BG,Nieuwe Pekela
Onstwedderweg,100,A,"",9663BG,Nieuwe Pekela
Onstwedderweg,104,"","",9663BG,Nieuwe Pekela
Onstwedderweg,105,"","",9663BG,Nieuwe Pekela
Onstwedderweg,106,"","",9663BG,Nieuwe Pekela
Onstwedderweg,107,"","",9663BG,Nieuwe Pekela
Onstwedderweg,109,"","",9663BG,Nieuwe Pekela
Onstwedderweg,110,"","",9663BG,Nieuwe Pekela
Onstwedderweg,111,"","",9663BG,Nieuwe Pekela
Onstwedderweg,112,"","",9663BG,Nieuwe Pekela
Rembrandtlaan,1,"","",9663BP,Nieuwe Pekela
Rembrandtlaan,11,"","",9663BP,Nieuwe Pekela
Rembrandtlaan,13,"","",9663BP,Nieuwe Pekela
Rembrandtlaan,13,A,"",9663BP,Nieuwe Pekela
Rembrandtlaan,15,"","",9663BP,Nieuwe Pekela
Rembrandtlaan,17,"","",9663BP,Nieuwe Pekela
Rembrandtlaan,19,"","",9663BP,Nieuwe Pekela
Rembrandtlaan,21,"","",9663BP,Nieuwe Pekela
Rembrandtlaan,23,"","",9663BP,Nieuwe Pekela
Rembrandtlaan,25,"","",9663BP,Nieuwe Pekela
Rembrandtlaan,27,"","",9663BP,Nieuwe Pekela
Rembrandtlaan,3,"","",9663BP,Nieuwe Pekela
Rembrandtlaan,5,"","",9663BP,Nieuwe Pekela
Rembrandtlaan,7,"","",9663BP,Nieuwe Pekela
Rembrandtlaan,9,"","",9663BP,Nieuwe Pekela
Rembrandtlaan,14,"","",9663BR,Nieuwe Pekela
Rembrandtlaan,16,"","",9663BR,Nieuwe Pekela
Rembrandtlaan,18,"","",9663BR,Nieuwe Pekela
Rembrandtlaan,20,"","",9663BR,Nieuwe Pekela
Rembrandtlaan,22,"","",9663BR,Nieuwe Pekela
Rembrandtlaan,24,"","",9663BR,Nieuwe Pekela
Rembrandtlaan,26,"","",9663BR,Nieuwe Pekela
Rembrandtlaan,28,"","",9663BR,Nieuwe Pekela
Rembrandtlaan,30,"","",9663BR,Nieuwe Pekela
Rembrandtlaan,32,"","",9663BR,Nieuwe Pekela
Rembrandtlaan,34,"","",9663BR,Nieuwe Pekela
Rembrandtlaan,36,"","",9663BR,Nieuwe Pekela
Rembrandtlaan,38,"","",9663BR,Nieuwe Pekela
Rembrandtlaan,4,"","",9663BR,Nieuwe Pekela
Rembrandtlaan,40,"","",9663BR,Nieuwe Pekela
Rembrandtlaan,42,"","",9663BR,Nieuwe Pekela
Rembrandtlaan,44,"","",9663BR,Nieuwe Pekela
Rembrandtlaan,46,"","",9663BR,Nieuwe Pekela
Rembrandtlaan,48,"","",9663BR,Nieuwe Pekela
Rembrandtlaan,6,"","",9663BR,Nieuwe Pekela
Rembrandtlaan,8,"","",9663BR,Nieuwe Pekela
Frans Halslaan,1,"","",9663BS,Nieuwe Pekela
Frans Halslaan,2,"","",9663BS,Nieuwe Pekela
Frans Halslaan,3,"","",9663BS,Nieuwe Pekela
Frans Halslaan,5,"","",9663BS,Nieuwe Pekela
Frans Halslaan,7,"","",9663BS,Nieuwe Pekela
Frans Halslaan,9,"","",9663BS,Nieuwe Pekela
Johannes Vermeerlaan,1,"","",9663BT,Nieuwe Pekela
Johannes Vermeerlaan,1,A,"",9663BT,Nieuwe Pekela
Johannes Vermeerlaan,10,"","",9663BT,Nieuwe Pekela
Johannes Vermeerlaan,2,"","",9663BT,Nieuwe Pekela
Johannes Vermeerlaan,3,"","",9663BT,Nieuwe Pekela
Johannes Vermeerlaan,4,"","",9663BT,Nieuwe Pekela
Johannes Vermeerlaan,5,"","",9663BT,Nieuwe Pekela
Johannes Vermeerlaan,6,"","",9663BT,Nieuwe Pekela
Johannes Vermeerlaan,6,A,"",9663BT,Nieuwe Pekela
Johannes Vermeerlaan,7,"","",9663BT,Nieuwe Pekela
Johannes Vermeerlaan,8,"","",9663BT,Nieuwe Pekela
Paulus Potterlaan,1,"","",9663BV,Nieuwe Pekela
Paulus Potterlaan,11,"","",9663BV,Nieuwe Pekela
Paulus Potterlaan,13,"","",9663BV,Nieuwe Pekela
Paulus Potterlaan,15,"","",9663BV,Nieuwe Pekela
Paulus Potterlaan,17,"","",9663BV,Nieuwe Pekela
Paulus Potterlaan,19,"","",9663BV,Nieuwe Pekela
Paulus Potterlaan,21,"","",9663BV,Nieuwe Pekela
Paulus Potterlaan,23,"","",9663BV,Nieuwe Pekela
Paulus Potterlaan,25,"","",9663BV,Nieuwe Pekela
Paulus Potterlaan,27,"","",9663BV,Nieuwe Pekela
Paulus Potterlaan,29,"","",9663BV,Nieuwe Pekela
Paulus Potterlaan,3,"","",9663BV,Nieuwe Pekela
Paulus Potterlaan,31,"","",9663BV,Nieuwe Pekela
Paulus Potterlaan,33,"","",9663BV,Nieuwe Pekela
Paulus Potterlaan,35,"","",9663BV,Nieuwe Pekela
Paulus Potterlaan,37,"","",9663BV,Nieuwe Pekela
Paulus Potterlaan,39,"","",9663BV,Nieuwe Pekela
Paulus Potterlaan,5,"","",9663BV,Nieuwe Pekela
Paulus Potterlaan,7,"","",9663BV,Nieuwe Pekela
Paulus Potterlaan,9,"","",9663BV,Nieuwe Pekela
Paulus Potterlaan,10,"","",9663BW,Nieuwe Pekela
Paulus Potterlaan,10,A,"",9663BW,Nieuwe Pekela
Paulus Potterlaan,12,"","",9663BW,Nieuwe Pekela
Paulus Potterlaan,14,"","",9663BW,Nieuwe Pekela
Paulus Potterlaan,16,"","",9663BW,Nieuwe Pekela
Paulus Potterlaan,18,"","",9663BW,Nieuwe Pekela
Paulus Potterlaan,18,A,"",9663BW,Nieuwe Pekela
Paulus Potterlaan,2,"","",9663BW,Nieuwe Pekela
Paulus Potterlaan,2,A,"",9663BW,Nieuwe Pekela
Paulus Potterlaan,2,B,"",9663BW,Nieuwe Pekela
Paulus Potterlaan,2,C,"",9663BW,Nieuwe Pekela
Paulus Potterlaan,20,"","",9663BW,Nieuwe Pekela
Paulus Potterlaan,22,"","",9663BW,Nieuwe Pekela
Paulus Potterlaan,4,"","",9663BW,Nieuwe Pekela
Paulus Potterlaan,6,"","",9663BW,Nieuwe Pekela
Paulus Potterlaan,8,"","",9663BW,Nieuwe Pekela
Rubenslaan,1,"","",9663BX,Nieuwe Pekela
Rubenslaan,11,"","",9663BX,Nieuwe Pekela
Rubenslaan,13,"","",9663BX,Nieuwe Pekela
Rubenslaan,15,"","",9663BX,Nieuwe Pekela
Rubenslaan,17,"","",9663BX,Nieuwe Pekela
Rubenslaan,19,"","",9663BX,Nieuwe Pekela
Rubenslaan,2,"","",9663BX,Nieuwe Pekela
Rubenslaan,21,"","",9663BX,Nieuwe Pekela
Rubenslaan,3,"","",9663BX,Nieuwe Pekela
Rubenslaan,4,"","",9663BX,Nieuwe Pekela
Rubenslaan,5,"","",9663BX,Nieuwe Pekela
Rubenslaan,7,"","",9663BX,Nieuwe Pekela
Rubenslaan,9,"","",9663BX,Nieuwe Pekela
Jozef Israëlslaan,1,"","",9663BZ,Nieuwe Pekela
Jozef Israëlslaan,11,"","",9663BZ,Nieuwe Pekela
Jozef Israëlslaan,13,"","",9663BZ,Nieuwe Pekela
Jozef Israëlslaan,15,"","",9663BZ,Nieuwe Pekela
Jozef Israëlslaan,17,"","",9663BZ,Nieuwe Pekela
Jozef Israëlslaan,3,"","",9663BZ,Nieuwe Pekela
Jozef Israëlslaan,4,"","",9663BZ,Nieuwe Pekela
Jozef Israëlslaan,5,"","",9663BZ,Nieuwe Pekela
Jozef Israëlslaan,7,"","",9663BZ,Nieuwe Pekela
Jozef Israëlslaan,9,"","",9663BZ,Nieuwe Pekela
Kerkstraat,1,"","",9663CA,Nieuwe Pekela
Kerkstraat,11,"","",9663CA,Nieuwe Pekela
Kerkstraat,13,"","",9663CA,Nieuwe Pekela
Kerkstraat,15,"","",9663CA,Nieuwe Pekela
Kerkstraat,17,"","",9663CA,Nieuwe Pekela
Kerkstraat,19,"","",9663CA,Nieuwe Pekela
Kerkstraat,21,"","",9663CA,Nieuwe Pekela
Kerkstraat,21,A,"",9663CA,Nieuwe Pekela
Kerkstraat,23,"","",9663CA,Nieuwe Pekela
Kerkstraat,25,"","",9663CA,Nieuwe Pekela
Kerkstraat,27,"","",9663CA,Nieuwe Pekela
Kerkstraat,29,"","",9663CA,Nieuwe Pekela
Kerkstraat,3,"","",9663CA,Nieuwe Pekela
Kerkstraat,31,"","",9663CA,Nieuwe Pekela
Kerkstraat,5,"","",9663CA,Nieuwe Pekela
Kerkstraat,7,"","",9663CA,Nieuwe Pekela
Kerkstraat,9,"","",9663CA,Nieuwe Pekela
Kerkstraat,10,"","",9663CB,Nieuwe Pekela
Kerkstraat,10,A,"",9663CB,Nieuwe Pekela
Kerkstraat,12,"","",9663CB,Nieuwe Pekela
Kerkstraat,12,A,"",9663CB,Nieuwe Pekela
Kerkstraat,14,"","",9663CB,Nieuwe Pekela
Kerkstraat,14,A,"",9663CB,Nieuwe Pekela
Kerkstraat,16,"","",9663CB,Nieuwe Pekela
Kerkstraat,16,A,"",9663CB,Nieuwe Pekela
Kerkstraat,18,"","",9663CB,Nieuwe Pekela
Kerkstraat,18,A,"",9663CB,Nieuwe Pekela
Kerkstraat,2,"","",9663CB,Nieuwe Pekela
Kerkstraat,2,"","",9663CB,Nieuwe Pekela
Kerkstraat,2,"","",9663CB,Nieuwe Pekela
Kerkstraat,2,A,"",9663CB,Nieuwe Pekela
Kerkstraat,2,A,"",9663CB,Nieuwe Pekela
Kerkstraat,20,"","",9663CB,Nieuwe Pekela
Kerkstraat,20,A,"",9663CB,Nieuwe Pekela
Kerkstraat,22,"","",9663CB,Nieuwe Pekela
Kerkstraat,22,A,"",9663CB,Nieuwe Pekela
Kerkstraat,24,"","",9663CB,Nieuwe Pekela
Kerkstraat,24,A,"",9663CB,Nieuwe Pekela
Kerkstraat,26,"","",9663CB,Nieuwe Pekela
Kerkstraat,26,A,"",9663CB,Nieuwe Pekela
Kerkstraat,4,"","",9663CB,Nieuwe Pekela
Kerkstraat,6,"","",9663CB,Nieuwe Pekela
Kerkstraat,8,"","",9663CB,Nieuwe Pekela
Kerkstraat,8,A,"",9663CB,Nieuwe Pekela
Kerkstraat,28,"","",9663CC,Nieuwe Pekela
Kerkstraat,30,"","",9663CC,Nieuwe Pekela
Kerkstraat,32,"","",9663CC,Nieuwe Pekela
Kerkstraat,34,"","",9663CC,Nieuwe Pekela
Kerkstraat,36,"","",9663CC,Nieuwe Pekela
Kerkstraat,38,"","",9663CC,Nieuwe Pekela
Kerkstraat,40,"","",9663CC,Nieuwe Pekela
Kerkstraat,42,"","",9663CC,Nieuwe Pekela
Kerkstraat,44,"","",9663CC,Nieuwe Pekela
Kerkstraat,46,"","",9663CC,Nieuwe Pekela
Kerkstraat,48,"","",9663CC,Nieuwe Pekela
Kerkstraat,50,"","",9663CC,Nieuwe Pekela
Kerkstraat,52,"","",9663CC,Nieuwe Pekela
Kerkstraat,54,"","",9663CC,Nieuwe Pekela
Kerkstraat,56,"","",9663CC,Nieuwe Pekela
Kerkstraat,58,"","",9663CC,Nieuwe Pekela
Kerkstraat,60,"","",9663CC,Nieuwe Pekela
Kerkstraat,62,"","",9663CC,Nieuwe Pekela
Kerkstraat,64,"","",9663CC,Nieuwe Pekela
Kerkstraat,66,"","",9663CC,Nieuwe Pekela
Kerkstraat,68,"","",9663CC,Nieuwe Pekela
Kerkstraat,70,"","",9663CC,Nieuwe Pekela
Kerkstraat,72,"","",9663CC,Nieuwe Pekela
Lindenlaan,47,"","",9663CE,Nieuwe Pekela
Lindenlaan,49,"","",9663CE,Nieuwe Pekela
Lindenlaan,51,"","",9663CE,Nieuwe Pekela
Lindenlaan,53,"","",9663CE,Nieuwe Pekela
Lindenlaan,55,"","",9663CE,Nieuwe Pekela
Lindenlaan,57,"","",9663CE,Nieuwe Pekela
Lindenlaan,59,"","",9663CE,Nieuwe Pekela
Lindenlaan,61,"","",9663CE,Nieuwe Pekela
Lindenlaan,63,"","",9663CE,Nieuwe Pekela
Lindenlaan,65,"","",9663CE,Nieuwe Pekela
Lindenlaan,67,"","",9663CE,Nieuwe Pekela
Lindenlaan,69,"","",9663CE,Nieuwe Pekela
Lindenlaan,71,"","",9663CE,Nieuwe Pekela
Lindenlaan,73,"","",9663CE,Nieuwe Pekela
Lindenlaan,75,"","",9663CE,Nieuwe Pekela
Lindenlaan,75,A,"",9663CE,Nieuwe Pekela
Lindenlaan,75,B,"",9663CE,Nieuwe Pekela
Lindenlaan,75,C,"",9663CE,Nieuwe Pekela
Lindenlaan,75,D,"",9663CE,Nieuwe Pekela
Lindenlaan,75,E,"",9663CE,Nieuwe Pekela
Lindenlaan,75,F,"",9663CE,Nieuwe Pekela
Lindenlaan,75,G,"",9663CE,Nieuwe Pekela
Lindenlaan,75,H,"",9663CE,Nieuwe Pekela
Lindenlaan,75,I,"",9663CE,Nieuwe Pekela
Lindenlaan,75,J,"",9663CE,Nieuwe Pekela
Lindenlaan,75,K,"",9663CE,Nieuwe Pekela
Lindenlaan,75,L,"",9663CE,Nieuwe Pekela
Lindenlaan,75,M,"",9663CE,Nieuwe Pekela
Lindenlaan,75,N,"",9663CE,Nieuwe Pekela
Lindenlaan,75,O,"",9663CE,Nieuwe Pekela
Lindenlaan,75,P,"",9663CE,Nieuwe Pekela
Lindenlaan,75,Q,"",9663CE,Nieuwe Pekela
Lindenlaan,75,R,"",9663CE,Nieuwe Pekela
Lindenlaan,75,S,"",9663CE,Nieuwe Pekela
Lindenlaan,75,T,"",9663CE,Nieuwe Pekela
Lindenlaan,77,"","",9663CE,Nieuwe Pekela
Lindenlaan,79,"","",9663CE,Nieuwe Pekela
Lindenlaan,81,"","",9663CE,Nieuwe Pekela
Lindenlaan,83,"","",9663CE,Nieuwe Pekela
Lindenlaan,85,"","",9663CE,Nieuwe Pekela
Lindenlaan,87,"","",9663CE,Nieuwe Pekela
Lindenlaan,89,"","",9663CE,Nieuwe Pekela
Lindenlaan,101,"","",9663CG,Nieuwe Pekela
Lindenlaan,103,"","",9663CG,Nieuwe Pekela
Lindenlaan,105,"","",9663CG,Nieuwe Pekela
Lindenlaan,107,"","",9663CG,Nieuwe Pekela
Lindenlaan,109,"","",9663CG,Nieuwe Pekela
Lindenlaan,111,"","",9663CG,Nieuwe Pekela
Lindenlaan,91,"","",9663CG,Nieuwe Pekela
Lindenlaan,93,"","",9663CG,Nieuwe Pekela
Lindenlaan,95,"","",9663CG,Nieuwe Pekela
Lindenlaan,97,"","",9663CG,Nieuwe Pekela
Lindenlaan,99,"","",9663CG,Nieuwe Pekela
Lindenlaan,10,"","",9663CH,Nieuwe Pekela
Lindenlaan,12,"","",9663CH,Nieuwe Pekela
Lindenlaan,14,"","",9663CH,Nieuwe Pekela
Lindenlaan,16,"","",9663CH,Nieuwe Pekela
Lindenlaan,18,"","",9663CH,Nieuwe Pekela
Lindenlaan,2,"","",9663CH,Nieuwe Pekela
Lindenlaan,20,"","",9663CH,Nieuwe Pekela
Lindenlaan,22,"","",9663CH,Nieuwe Pekela
Lindenlaan,24,"","",9663CH,Nieuwe Pekela
Lindenlaan,4,"","",9663CH,Nieuwe Pekela
Lindenlaan,6,"","",9663CH,Nieuwe Pekela
Lindenlaan,8,"","",9663CH,Nieuwe Pekela
Lindenlaan,26,"","",9663CJ,Nieuwe Pekela
Lindenlaan,28,"","",9663CJ,Nieuwe Pekela
Lindenlaan,30,"","",9663CJ,Nieuwe Pekela
Lindenlaan,32,"","",9663CJ,Nieuwe Pekela
Lindenlaan,34,"","",9663CJ,Nieuwe Pekela
Lindenlaan,36,"","",9663CJ,Nieuwe Pekela
Lindenlaan,38,"","",9663CJ,Nieuwe Pekela
Lindenlaan,40,"","",9663CJ,Nieuwe Pekela
Lindenlaan,42,"","",9663CJ,Nieuwe Pekela
Lindenlaan,44,"","",9663CJ,Nieuwe Pekela
Lindenlaan,46,"","",9663CJ,Nieuwe Pekela
Lindenlaan,48,"","",9663CJ,Nieuwe Pekela
Lindenlaan,50,"","",9663CJ,Nieuwe Pekela
Lindenlaan,52,"","",9663CJ,Nieuwe Pekela
Lindenlaan,54,"","",9663CJ,Nieuwe Pekela
Lindenlaan,56,"","",9663CJ,Nieuwe Pekela
Lindenlaan,56,A,"",9663CJ,Nieuwe Pekela
Lindenlaan,56,B,"",9663CJ,Nieuwe Pekela
Lindenlaan,56,C,"",9663CJ,Nieuwe Pekela
Lindenlaan,56,E,"",9663CJ,Nieuwe Pekela
Lindenlaan,56,E,"",9663CJ,Nieuwe Pekela
Lindenlaan,56,F,"",9663CJ,Nieuwe Pekela
Lindenlaan,56,G,"",9663CJ,Nieuwe Pekela
Lindenlaan,58,"","",9663CJ,Nieuwe Pekela
Lindenlaan,60,"","",9663CJ,Nieuwe Pekela
Lindenlaan,62,"","",9663CJ,Nieuwe Pekela
Lindenlaan,64,"","",9663CJ,Nieuwe Pekela
Lindenlaan,66,"","",9663CJ,Nieuwe Pekela
Lindenlaan,68,"","",9663CJ,Nieuwe Pekela
Holland Marsh,7,A,"",9663CJ,Nieuwe Pekela
Lindenlaan,70,"","",9663CJ,Nieuwe Pekela
Mezenlaan,55,"","",9663CK,Nieuwe Pekela
Mezenlaan,57,"","",9663CK,Nieuwe Pekela
Mezenlaan,59,"","",9663CK,Nieuwe Pekela
Mezenlaan,61,"","",9663CK,Nieuwe Pekela
Mezenlaan,63,"","",9663CK,Nieuwe Pekela
Mezenlaan,65,"","",9663CK,Nieuwe Pekela
Mezenlaan,10,"","",9663CL,Nieuwe Pekela
Mezenlaan,12,"","",9663CL,Nieuwe Pekela
Mezenlaan,12,A,"",9663CL,Nieuwe Pekela
Mezenlaan,14,"","",9663CL,Nieuwe Pekela
Mezenlaan,16,"","",9663CL,Nieuwe Pekela
Mezenlaan,18,"","",9663CL,Nieuwe Pekela
Mezenlaan,2,"","",9663CL,Nieuwe Pekela
Mezenlaan,20,"","",9663CL,Nieuwe Pekela
Mezenlaan,4,"","",9663CL,Nieuwe Pekela
Mezenlaan,6,"","",9663CL,Nieuwe Pekela
Mezenlaan,8,"","",9663CL,Nieuwe Pekela
Mezenlaan,1,"","",9663CM,Nieuwe Pekela
Mezenlaan,11,"","",9663CM,Nieuwe Pekela
Mezenlaan,13,"","",9663CM,Nieuwe Pekela
Mezenlaan,15,"","",9663CM,Nieuwe Pekela
Mezenlaan,17,"","",9663CM,Nieuwe Pekela
Mezenlaan,19,"","",9663CM,Nieuwe Pekela
Mezenlaan,21,"","",9663CM,Nieuwe Pekela
Mezenlaan,23,"","",9663CM,Nieuwe Pekela
Mezenlaan,25,"","",9663CM,Nieuwe Pekela
Mezenlaan,27,"","",9663CM,Nieuwe Pekela
Mezenlaan,29,"","",9663CM,Nieuwe Pekela
Mezenlaan,3,"","",9663CM,Nieuwe Pekela
Mezenlaan,31,"","",9663CM,Nieuwe Pekela
Mezenlaan,33,"","",9663CM,Nieuwe Pekela
Mezenlaan,35,"","",9663CM,Nieuwe Pekela
Mezenlaan,37,"","",9663CM,Nieuwe Pekela
Mezenlaan,39,"","",9663CM,Nieuwe Pekela
Mezenlaan,41,"","",9663CM,Nieuwe Pekela
Mezenlaan,43,"","",9663CM,Nieuwe Pekela
Mezenlaan,45,"","",9663CM,Nieuwe Pekela
Mezenlaan,47,"","",9663CM,Nieuwe Pekela
Mezenlaan,49,"","",9663CM,Nieuwe Pekela
Mezenlaan,5,"","",9663CM,Nieuwe Pekela
Mezenlaan,51,"","",9663CM,Nieuwe Pekela
Mezenlaan,53,"","",9663CM,Nieuwe Pekela
Mezenlaan,7,"","",9663CM,Nieuwe Pekela
Mezenlaan,9,"","",9663CM,Nieuwe Pekela
Vinkenlaan,1,"","",9663CN,Nieuwe Pekela
Vinkenlaan,10,"","",9663CN,Nieuwe Pekela
Vinkenlaan,11,"","",9663CN,Nieuwe Pekela
Vinkenlaan,12,"","",9663CN,Nieuwe Pekela
Vinkenlaan,13,"","",9663CN,Nieuwe Pekela
Vinkenlaan,14,"","",9663CN,Nieuwe Pekela
Vinkenlaan,15,"","",9663CN,Nieuwe Pekela
Vinkenlaan,16,"","",9663CN,Nieuwe Pekela
Vinkenlaan,17,"","",9663CN,Nieuwe Pekela
Vinkenlaan,18,"","",9663CN,Nieuwe Pekela
Vinkenlaan,19,"","",9663CN,Nieuwe Pekela
Vinkenlaan,2,"","",9663CN,Nieuwe Pekela
Vinkenlaan,20,"","",9663CN,Nieuwe Pekela
Vinkenlaan,21,"","",9663CN,Nieuwe Pekela
Vinkenlaan,22,"","",9663CN,Nieuwe Pekela
Vinkenlaan,23,"","",9663CN,Nieuwe Pekela
Vinkenlaan,24,"","",9663CN,Nieuwe Pekela
Vinkenlaan,25,"","",9663CN,Nieuwe Pekela
Vinkenlaan,26,"","",9663CN,Nieuwe Pekela
Vinkenlaan,28,"","",9663CN,Nieuwe Pekela
Vinkenlaan,3,"","",9663CN,Nieuwe Pekela
Vinkenlaan,30,"","",9663CN,Nieuwe Pekela
Vinkenlaan,32,"","",9663CN,Nieuwe Pekela
Vinkenlaan,34,"","",9663CN,Nieuwe Pekela
Vinkenlaan,36,"","",9663CN,Nieuwe Pekela
Vinkenlaan,38,"","",9663CN,Nieuwe Pekela
Vinkenlaan,4,"","",9663CN,Nieuwe Pekela
Vinkenlaan,40,"","",9663CN,Nieuwe Pekela
Vinkenlaan,42,"","",9663CN,Nieuwe Pekela
Vinkenlaan,44,"","",9663CN,Nieuwe Pekela
Vinkenlaan,46,"","",9663CN,Nieuwe Pekela
Vinkenlaan,48,"","",9663CN,Nieuwe Pekela
Vinkenlaan,5,"","",9663CN,Nieuwe Pekela
Vinkenlaan,50,"","",9663CN,Nieuwe Pekela
Vinkenlaan,52,"","",9663CN,Nieuwe Pekela
Vinkenlaan,54,"","",9663CN,Nieuwe Pekela
Vinkenlaan,6,"","",9663CN,Nieuwe Pekela
Vinkenlaan,7,"","",9663CN,Nieuwe Pekela
Vinkenlaan,8,"","",9663CN,Nieuwe Pekela
Vinkenlaan,9,"","",9663CN,Nieuwe Pekela
Rondweg,1,"","",9663CP,Nieuwe Pekela
Rondweg,15,"","",9663CP,Nieuwe Pekela
Rondweg,17,"","",9663CP,Nieuwe Pekela
Rondweg,3,"","",9663CP,Nieuwe Pekela
Rondweg,5,"","",9663CP,Nieuwe Pekela
Rondweg,7,"","",9663CP,Nieuwe Pekela
Rondweg,10,"","",9663CR,Nieuwe Pekela
Rondweg,12,"","",9663CR,Nieuwe Pekela
Rondweg,14,"","",9663CR,Nieuwe Pekela
Rondweg,16,"","",9663CR,Nieuwe Pekela
Rondweg,18,"","",9663CR,Nieuwe Pekela
Rondweg,2,"","",9663CR,Nieuwe Pekela
Rondweg,2,A,"",9663CR,Nieuwe Pekela
Rondweg,2,B,"",9663CR,Nieuwe Pekela
Rondweg,2,B,"",9663CR,Nieuwe Pekela
Rondweg,2,C,"",9663CR,Nieuwe Pekela
Rondweg,20,"","",9663CR,Nieuwe Pekela
Rondweg,22,"","",9663CR,Nieuwe Pekela
Rondweg,24,"","",9663CR,Nieuwe Pekela
Rondweg,26,"","",9663CR,Nieuwe Pekela
Rondweg,28,"","",9663CR,Nieuwe Pekela
Rondweg,30,"","",9663CR,Nieuwe Pekela
Rondweg,32,"","",9663CR,Nieuwe Pekela
Rondweg,34,"","",9663CR,Nieuwe Pekela
Rondweg,36,"","",9663CR,Nieuwe Pekela
Rondweg,38,"","",9663CR,Nieuwe Pekela
Rondweg,4,"","",9663CR,Nieuwe Pekela
Rondweg,40,"","",9663CR,Nieuwe Pekela
Rondweg,6,"","",9663CR,Nieuwe Pekela
Rondweg,8,"","",9663CR,Nieuwe Pekela
Merellaan,1,"","",9663CS,Nieuwe Pekela
Merellaan,11,"","",9663CS,Nieuwe Pekela
Merellaan,13,"","",9663CS,Nieuwe Pekela
Merellaan,15,"","",9663CS,Nieuwe Pekela
Merellaan,17,"","",9663CS,Nieuwe Pekela
Merellaan,19,"","",9663CS,Nieuwe Pekela
Merellaan,21,"","",9663CS,Nieuwe Pekela
Merellaan,23,"","",9663CS,Nieuwe Pekela
Merellaan,25,"","",9663CS,Nieuwe Pekela
Merellaan,27,"","",9663CS,Nieuwe Pekela
Merellaan,29,"","",9663CS,Nieuwe Pekela
Merellaan,3,"","",9663CS,Nieuwe Pekela
Merellaan,31,"","",9663CS,Nieuwe Pekela
Merellaan,33,"","",9663CS,Nieuwe Pekela
Merellaan,35,"","",9663CS,Nieuwe Pekela
Merellaan,5,"","",9663CS,Nieuwe Pekela
Kazernewijk E,6,"","",9663CS,Nieuwe Pekela
Merellaan,7,"","",9663CS,Nieuwe Pekela
Kazernewijk E,8,"","",9663CS,Nieuwe Pekela
Merellaan,9,"","",9663CS,Nieuwe Pekela
Merellaan,10,"","",9663CT,Nieuwe Pekela
Merellaan,12,"","",9663CT,Nieuwe Pekela
Merellaan,14,"","",9663CT,Nieuwe Pekela
Merellaan,16,"","",9663CT,Nieuwe Pekela
Merellaan,2,"","",9663CT,Nieuwe Pekela
Merellaan,20,"","",9663CT,Nieuwe Pekela
Merellaan,22,"","",9663CT,Nieuwe Pekela
Merellaan,24,"","",9663CT,Nieuwe Pekela
Merellaan,26,"","",9663CT,Nieuwe Pekela
Merellaan,28,"","",9663CT,Nieuwe Pekela
Merellaan,30,"","",9663CT,Nieuwe Pekela
Merellaan,32,"","",9663CT,Nieuwe Pekela
Merellaan,34,"","",9663CT,Nieuwe Pekela
Merellaan,36,"","",9663CT,Nieuwe Pekela
Merellaan,36,A,"",9663CT,Nieuwe Pekela
Merellaan,38,"","",9663CT,Nieuwe Pekela
Merellaan,4,"","",9663CT,Nieuwe Pekela
Merellaan,6,"","",9663CT,Nieuwe Pekela
Merellaan,8,"","",9663CT,Nieuwe Pekela
Prunuslaan,1,"","",9663CV,Nieuwe Pekela
Prunuslaan,11,"","",9663CV,Nieuwe Pekela
Prunuslaan,13,"","",9663CV,Nieuwe Pekela
Prunuslaan,15,"","",9663CV,Nieuwe Pekela
Prunuslaan,17,"","",9663CV,Nieuwe Pekela
Prunuslaan,19,"","",9663CV,Nieuwe Pekela
Prunuslaan,3,"","",9663CV,Nieuwe Pekela
Prunuslaan,31,"","",9663CV,Nieuwe Pekela
Prunuslaan,33,"","",9663CV,Nieuwe Pekela
Prunuslaan,35,"","",9663CV,Nieuwe Pekela
Prunuslaan,37,"","",9663CV,Nieuwe Pekela
Prunuslaan,39,"","",9663CV,Nieuwe Pekela
Prunuslaan,41,"","",9663CV,Nieuwe Pekela
Prunuslaan,43,"","",9663CV,Nieuwe Pekela
Prunuslaan,45,"","",9663CV,Nieuwe Pekela
Prunuslaan,47,"","",9663CV,Nieuwe Pekela
Prunuslaan,49,"","",9663CV,Nieuwe Pekela
Prunuslaan,5,"","",9663CV,Nieuwe Pekela
Prunuslaan,51,"","",9663CV,Nieuwe Pekela
Prunuslaan,51,A,"",9663CV,Nieuwe Pekela
Prunuslaan,51,B,"",9663CV,Nieuwe Pekela
Prunuslaan,51,C,"",9663CV,Nieuwe Pekela
Prunuslaan,51,D,"",9663CV,Nieuwe Pekela
Prunuslaan,51,E,"",9663CV,Nieuwe Pekela
Prunuslaan,51,F,"",9663CV,Nieuwe Pekela
Prunuslaan,51,G,"",9663CV,Nieuwe Pekela
Prunuslaan,51,H,"",9663CV,Nieuwe Pekela
Prunuslaan,51,I,"",9663CV,Nieuwe Pekela
Prunuslaan,51,J,"",9663CV,Nieuwe Pekela
Prunuslaan,51,K,"",9663CV,Nieuwe Pekela
Prunuslaan,51,L,"",9663CV,Nieuwe Pekela
Prunuslaan,51,M,"",9663CV,Nieuwe Pekela
Prunuslaan,51,N,"",9663CV,Nieuwe Pekela
Prunuslaan,51,O,"",9663CV,Nieuwe Pekela
Prunuslaan,51,P,"",9663CV,Nieuwe Pekela
Prunuslaan,51,Q,"",9663CV,Nieuwe Pekela
Prunuslaan,51,R,"",9663CV,Nieuwe Pekela
Prunuslaan,51,S,"",9663CV,Nieuwe Pekela
Prunuslaan,51,T,"",9663CV,Nieuwe Pekela
Prunuslaan,51,U,"",9663CV,Nieuwe Pekela
Prunuslaan,51,V,"",9663CV,Nieuwe Pekela
Prunuslaan,51,W,"",9663CV,Nieuwe Pekela
Prunuslaan,51,X,"",9663CV,Nieuwe Pekela
Prunuslaan,51,Y,"",9663CV,Nieuwe Pekela
Prunuslaan,51,Z,"",9663CV,Nieuwe Pekela
Prunuslaan,7,"","",9663CV,Nieuwe Pekela
Prunuslaan,9,"","",9663CV,Nieuwe Pekela
Prunuslaan,10,"","",9663CW,Nieuwe Pekela
Prunuslaan,100,"","",9663CW,Nieuwe Pekela
Prunuslaan,102,"","",9663CW,Nieuwe Pekela
Prunuslaan,12,"","",9663CW,Nieuwe Pekela
Prunuslaan,14,"","",9663CW,Nieuwe Pekela
Prunuslaan,16,"","",9663CW,Nieuwe Pekela
Prunuslaan,18,"","",9663CW,Nieuwe Pekela
Prunuslaan,2,"","",9663CW,Nieuwe Pekela
Prunuslaan,2,A,"",9663CW,Nieuwe Pekela
Prunuslaan,2,B,"",9663CW,Nieuwe Pekela
Prunuslaan,2,K,001,9663CW,Nieuwe Pekela
Prunuslaan,2,K,001,9663CW,Nieuwe Pekela
Prunuslaan,2,K,002,9663CW,Nieuwe Pekela
Prunuslaan,2,K,003,9663CW,Nieuwe Pekela
Prunuslaan,2,K,004,9663CW,Nieuwe Pekela
Prunuslaan,2,K,005,9663CW,Nieuwe Pekela
Prunuslaan,2,K,006,9663CW,Nieuwe Pekela
Prunuslaan,2,K,007,9663CW,Nieuwe Pekela
Prunuslaan,2,K,008,9663CW,Nieuwe Pekela
Prunuslaan,2,K,009,9663CW,Nieuwe Pekela
Prunuslaan,2,K,010,9663CW,Nieuwe Pekela
Prunuslaan,2,K,011,9663CW,Nieuwe Pekela
Prunuslaan,2,K,012,9663CW,Nieuwe Pekela
Prunuslaan,2,K,013,9663CW,Nieuwe Pekela
Prunuslaan,2,K,014,9663CW,Nieuwe Pekela
Prunuslaan,2,K,015,9663CW,Nieuwe Pekela
Prunuslaan,2,K,016,9663CW,Nieuwe Pekela
Prunuslaan,2,K,017,9663CW,Nieuwe Pekela
Prunuslaan,2,K,018,9663CW,Nieuwe Pekela
Prunuslaan,2,K,019,9663CW,Nieuwe Pekela
Prunuslaan,2,K,020,9663CW,Nieuwe Pekela
Prunuslaan,2,K,021,9663CW,Nieuwe Pekela
Prunuslaan,2,K,100,9663CW,Nieuwe Pekela
Prunuslaan,2,K,101,9663CW,Nieuwe Pekela
Prunuslaan,2,K,102,9663CW,Nieuwe Pekela
Prunuslaan,2,K,103,9663CW,Nieuwe Pekela
Prunuslaan,2,K,104,9663CW,Nieuwe Pekela
Prunuslaan,2,K,105,9663CW,Nieuwe Pekela
Prunuslaan,2,K,106,9663CW,Nieuwe Pekela
Prunuslaan,2,K,107,9663CW,Nieuwe Pekela
Prunuslaan,2,K,108,9663CW,Nieuwe Pekela
Prunuslaan,2,K,109,9663CW,Nieuwe Pekela
Prunuslaan,2,K,110,9663CW,Nieuwe Pekela
Prunuslaan,2,K,111,9663CW,Nieuwe Pekela
Prunuslaan,2,K,112,9663CW,Nieuwe Pekela
Prunuslaan,2,K,113,9663CW,Nieuwe Pekela
Prunuslaan,2,K,114,9663CW,Nieuwe Pekela
Prunuslaan,2,K,115,9663CW,Nieuwe Pekela
Prunuslaan,2,K,116,9663CW,Nieuwe Pekela
Prunuslaan,2,K,117,9663CW,Nieuwe Pekela
Prunuslaan,2,K,118,9663CW,Nieuwe Pekela
Prunuslaan,2,K,119,9663CW,Nieuwe Pekela
Prunuslaan,20,"","",9663CW,Nieuwe Pekela
Prunuslaan,22,"","",9663CW,Nieuwe Pekela
Prunuslaan,24,"","",9663CW,Nieuwe Pekela
Prunuslaan,26,"","",9663CW,Nieuwe Pekela
Prunuslaan,28,"","",9663CW,Nieuwe Pekela
Prunuslaan,30,"","",9663CW,Nieuwe Pekela
Prunuslaan,32,"","",9663CW,Nieuwe Pekela
Prunuslaan,34,"","",9663CW,Nieuwe Pekela
Prunuslaan,36,"","",9663CW,Nieuwe Pekela
Prunuslaan,38,"","",9663CW,Nieuwe Pekela
Prunuslaan,4,"","",9663CW,Nieuwe Pekela
Prunuslaan,40,"","",9663CW,Nieuwe Pekela
Prunuslaan,42,"","",9663CW,Nieuwe Pekela
Prunuslaan,44,"","",9663CW,Nieuwe Pekela
Prunuslaan,46,"","",9663CW,Nieuwe Pekela
Prunuslaan,48,"","",9663CW,Nieuwe Pekela
Prunuslaan,50,"","",9663CW,Nieuwe Pekela
Prunuslaan,52,"","",9663CW,Nieuwe Pekela
Prunuslaan,54,"","",9663CW,Nieuwe Pekela
Prunuslaan,56,"","",9663CW,Nieuwe Pekela
Prunuslaan,58,"","",9663CW,Nieuwe Pekela
Prunuslaan,6,"","",9663CW,Nieuwe Pekela
Prunuslaan,60,"","",9663CW,Nieuwe Pekela
Prunuslaan,62,"","",9663CW,Nieuwe Pekela
Prunuslaan,64,"","",9663CW,Nieuwe Pekela
Prunuslaan,66,"","",9663CW,Nieuwe Pekela
Prunuslaan,68,"","",9663CW,Nieuwe Pekela
Prunuslaan,70,"","",9663CW,Nieuwe Pekela
Prunuslaan,72,"","",9663CW,Nieuwe Pekela
Prunuslaan,74,"","",9663CW,Nieuwe Pekela
Prunuslaan,76,"","",9663CW,Nieuwe Pekela
Prunuslaan,78,"","",9663CW,Nieuwe Pekela
Prunuslaan,8,"","",9663CW,Nieuwe Pekela
Prunuslaan,80,"","",9663CW,Nieuwe Pekela
Prunuslaan,82,"","",9663CW,Nieuwe Pekela
Prunuslaan,84,"","",9663CW,Nieuwe Pekela
Prunuslaan,86,"","",9663CW,Nieuwe Pekela
Prunuslaan,88,"","",9663CW,Nieuwe Pekela
Prunuslaan,90,"","",9663CW,Nieuwe Pekela
Prunuslaan,92,"","",9663CW,Nieuwe Pekela
Prunuslaan,94,"","",9663CW,Nieuwe Pekela
Prunuslaan,96,"","",9663CW,Nieuwe Pekela
Prunuslaan,98,"","",9663CW,Nieuwe Pekela
Rondweg,44,"","",9663CZ,Nieuwe Pekela
Rondweg,46,"","",9663CZ,Nieuwe Pekela
Rondweg,48,"","",9663CZ,Nieuwe Pekela
Rondweg,50,"","",9663CZ,Nieuwe Pekela
Rondweg,52,"","",9663CZ,Nieuwe Pekela
Rondweg,54,"","",9663CZ,Nieuwe Pekela
Rondweg,56,"","",9663CZ,Nieuwe Pekela
Rondweg,58,"","",9663CZ,Nieuwe Pekela
Rondweg,60,"","",9663CZ,Nieuwe Pekela
Rondweg,62,"","",9663CZ,Nieuwe Pekela
Rondweg,64,"","",9663CZ,Nieuwe Pekela
Rondweg,66,"","",9663CZ,Nieuwe Pekela
Rondweg,68,"","",9663CZ,Nieuwe Pekela
Rondweg,70,"","",9663CZ,Nieuwe Pekela
Rondweg,72,"","",9663CZ,Nieuwe Pekela
Rondweg,74,"","",9663CZ,Nieuwe Pekela
Rondweg,76,"","",9663CZ,Nieuwe Pekela
Rondweg,78,"","",9663CZ,Nieuwe Pekela
Rondweg,80,"","",9663CZ,Nieuwe Pekela
Rondweg,82,"","",9663CZ,Nieuwe Pekela
Rondweg,84,"","",9663CZ,Nieuwe Pekela
Rondweg,86,"","",9663CZ,Nieuwe Pekela
Rondweg,88,"","",9663CZ,Nieuwe Pekela
Rondweg,90,"","",9663CZ,Nieuwe Pekela
de Roemer,1,"","",9663DA,Nieuwe Pekela
de Roemer,10,"","",9663DA,Nieuwe Pekela
de Roemer,10,A,"",9663DA,Nieuwe Pekela
de Roemer,2,"","",9663DA,Nieuwe Pekela
de Roemer,3,"","",9663DA,Nieuwe Pekela
de Roemer,4,"","",9663DA,Nieuwe Pekela
de Roemer,5,"","",9663DA,Nieuwe Pekela
de Roemer,6,"","",9663DA,Nieuwe Pekela
de Roemer,7,"","",9663DA,Nieuwe Pekela
de Roemer,8,"","",9663DA,Nieuwe Pekela
de Roemer,9,"","",9663DA,Nieuwe Pekela
Heeresmeer,1,"","",9663DB,Nieuwe Pekela
Kienholt,1,"","",9663DC,Nieuwe Pekela
Kienholt,1,A,"",9663DC,Nieuwe Pekela
Kienholt,10,"","",9663DC,Nieuwe Pekela
Kienholt,11,"","",9663DC,Nieuwe Pekela
Kienholt,12,"","",9663DC,Nieuwe Pekela
Kienholt,13,"","",9663DC,Nieuwe Pekela
Kienholt,14,"","",9663DC,Nieuwe Pekela
Kienholt,15,"","",9663DC,Nieuwe Pekela
Kienholt,16,"","",9663DC,Nieuwe Pekela
Kienholt,17,"","",9663DC,Nieuwe Pekela
Kienholt,18,"","",9663DC,Nieuwe Pekela
Kienholt,19,"","",9663DC,Nieuwe Pekela
Kienholt,2,"","",9663DC,Nieuwe Pekela
Kienholt,21,"","",9663DC,Nieuwe Pekela
Kienholt,23,"","",9663DC,Nieuwe Pekela
Kienholt,25,"","",9663DC,Nieuwe Pekela
Kienholt,27,"","",9663DC,Nieuwe Pekela
Kienholt,29,"","",9663DC,Nieuwe Pekela
Kienholt,3,"","",9663DC,Nieuwe Pekela
Kienholt,4,"","",9663DC,Nieuwe Pekela
Kienholt,5,"","",9663DC,Nieuwe Pekela
Kienholt,6,"","",9663DC,Nieuwe Pekela
Kienholt,7,"","",9663DC,Nieuwe Pekela
Kienholt,8,"","",9663DC,Nieuwe Pekela
Kienholt,9,"","",9663DC,Nieuwe Pekela
Iepenlaan,1,"","",9663DD,Nieuwe Pekela
Iepenlaan,10,"","",9663DD,Nieuwe Pekela
Iepenlaan,11,"","",9663DD,Nieuwe Pekela
Iepenlaan,12,"","",9663DD,Nieuwe Pekela
Iepenlaan,13,"","",9663DD,Nieuwe Pekela
Iepenlaan,14,"","",9663DD,Nieuwe Pekela
Iepenlaan,15,"","",9663DD,Nieuwe Pekela
Iepenlaan,16,"","",9663DD,Nieuwe Pekela
Iepenlaan,17,"","",9663DD,Nieuwe Pekela
Iepenlaan,18,"","",9663DD,Nieuwe Pekela
Iepenlaan,19,"","",9663DD,Nieuwe Pekela
Iepenlaan,2,"","",9663DD,Nieuwe Pekela
Iepenlaan,20,"","",9663DD,Nieuwe Pekela
Iepenlaan,21,"","",9663DD,Nieuwe Pekela
Iepenlaan,22,"","",9663DD,Nieuwe Pekela
Iepenlaan,23,"","",9663DD,Nieuwe Pekela
Iepenlaan,24,"","",9663DD,Nieuwe Pekela
Iepenlaan,3,"","",9663DD,Nieuwe Pekela
Iepenlaan,4,"","",9663DD,Nieuwe Pekela
Iepenlaan,5,"","",9663DD,Nieuwe Pekela
Iepenlaan,6,"","",9663DD,Nieuwe Pekela
Iepenlaan,7,"","",9663DD,Nieuwe Pekela
Iepenlaan,8,"","",9663DD,Nieuwe Pekela
Iepenlaan,9,"","",9663DD,Nieuwe Pekela
Meidoornlaan,1,"","",9663EA,Nieuwe Pekela
Meidoornlaan,1,A,"",9663EA,Nieuwe Pekela
Meidoornlaan,1,B,"",9663EA,Nieuwe Pekela
Meidoornlaan,11,"","",9663EA,Nieuwe Pekela
Meidoornlaan,13,"","",9663EA,Nieuwe Pekela
Meidoornlaan,15,"","",9663EA,Nieuwe Pekela
Meidoornlaan,21,"","",9663EA,Nieuwe Pekela
Meidoornlaan,23,"","",9663EA,Nieuwe Pekela
Meidoornlaan,25,"","",9663EA,Nieuwe Pekela
Meidoornlaan,27,"","",9663EA,Nieuwe Pekela
Meidoornlaan,29,"","",9663EA,Nieuwe Pekela
Meidoornlaan,3,"","",9663EA,Nieuwe Pekela
Meidoornlaan,31,"","",9663EA,Nieuwe Pekela
Meidoornlaan,5,"","",9663EA,Nieuwe Pekela
Meidoornlaan,7,"","",9663EA,Nieuwe Pekela
Meidoornlaan,9,"","",9663EA,Nieuwe Pekela
Meidoornlaan,55,"","",9663EB,Nieuwe Pekela
Meidoornlaan,55,A,"",9663EB,Nieuwe Pekela
Meidoornlaan,57,"","",9663EB,Nieuwe Pekela
Meidoornlaan,57,A,"",9663EB,Nieuwe Pekela
Meidoornlaan,59,"","",9663EB,Nieuwe Pekela
Meidoornlaan,59,A,"",9663EB,Nieuwe Pekela
Meidoornlaan,61,"","",9663EB,Nieuwe Pekela
Meidoornlaan,61,A,"",9663EB,Nieuwe Pekela
Meidoornlaan,63,"","",9663EB,Nieuwe Pekela
Meidoornlaan,63,A,"",9663EB,Nieuwe Pekela
Meidoornlaan,65,"","",9663EB,Nieuwe Pekela
Meidoornlaan,65,A,"",9663EB,Nieuwe Pekela
Meidoornlaan,2,"","",9663EC,Nieuwe Pekela
Meidoornlaan,4,"","",9663EC,Nieuwe Pekela
Meidoornlaan,6,"","",9663EC,Nieuwe Pekela
Meidoornlaan,8,"","",9663EC,Nieuwe Pekela
Meidoornlaan,44,"","",9663ED,Nieuwe Pekela
Meidoornlaan,46,"","",9663ED,Nieuwe Pekela
Meidoornlaan,48,"","",9663ED,Nieuwe Pekela
Heemstede,1,"","",9663EE,Nieuwe Pekela
Heemstede,10,"","",9663EE,Nieuwe Pekela
Heemstede,11,"","",9663EE,Nieuwe Pekela
Heemstede,12,"","",9663EE,Nieuwe Pekela
Heemstede,13,"","",9663EE,Nieuwe Pekela
Heemstede,14,"","",9663EE,Nieuwe Pekela
Heemstede,15,"","",9663EE,Nieuwe Pekela
Heemstede,16,"","",9663EE,Nieuwe Pekela
Heemstede,16,A,"",9663EE,Nieuwe Pekela
Heemstede,16,B,"",9663EE,Nieuwe Pekela
Heemstede,16,C,"",9663EE,Nieuwe Pekela
Heemstede,16,D,"",9663EE,Nieuwe Pekela
Heemstede,17,"","",9663EE,Nieuwe Pekela
Heemstede,18,"","",9663EE,Nieuwe Pekela
Heemstede,19,"","",9663EE,Nieuwe Pekela
Heemstede,2,"","",9663EE,Nieuwe Pekela
Heemstede,20,"","",9663EE,Nieuwe Pekela
Heemstede,20,A,"",9663EE,Nieuwe Pekela
Heemstede,20,B,"",9663EE,Nieuwe Pekela
Heemstede,20,C,"",9663EE,Nieuwe Pekela
Heemstede,22,"","",9663EE,Nieuwe Pekela
Heemstede,3,"","",9663EE,Nieuwe Pekela
Heemstede,4,"","",9663EE,Nieuwe Pekela
Heemstede,5,"","",9663EE,Nieuwe Pekela
Heemstede,6,"","",9663EE,Nieuwe Pekela
Heemstede,7,"","",9663EE,Nieuwe Pekela
Heemstede,8,"","",9663EE,Nieuwe Pekela
Heemstede,9,"","",9663EE,Nieuwe Pekela
Seringenlaan,11,"","",9663EG,Nieuwe Pekela
Seringenlaan,13,"","",9663EG,Nieuwe Pekela
Seringenlaan,15,"","",9663EG,Nieuwe Pekela
Seringenlaan,17,"","",9663EG,Nieuwe Pekela
Seringenlaan,19,"","",9663EG,Nieuwe Pekela
Seringenlaan,21,"","",9663EG,Nieuwe Pekela
Seringenlaan,3,"","",9663EG,Nieuwe Pekela
Seringenlaan,5,"","",9663EG,Nieuwe Pekela
Meidoornlaan,68,"","",9663EG,Nieuwe Pekela
Seringenlaan,7,"","",9663EG,Nieuwe Pekela
Meidoornlaan,70,"","",9663EG,Nieuwe Pekela
Meidoornlaan,72,"","",9663EG,Nieuwe Pekela
Meidoornlaan,74,"","",9663EG,Nieuwe Pekela
Meidoornlaan,76,"","",9663EG,Nieuwe Pekela
Meidoornlaan,78,"","",9663EG,Nieuwe Pekela
Meidoornlaan,80,"","",9663EG,Nieuwe Pekela
Meidoornlaan,82,"","",9663EG,Nieuwe Pekela
Meidoornlaan,84,"","",9663EG,Nieuwe Pekela
Meidoornlaan,86,"","",9663EG,Nieuwe Pekela
Meidoornlaan,88,"","",9663EG,Nieuwe Pekela
Meidoornlaan,88,A,"",9663EG,Nieuwe Pekela
Seringenlaan,9,"","",9663EG,Nieuwe Pekela
Seringenlaan,1,"","",9663EH,Nieuwe Pekela
Seringenlaan,11,"","",9663EH,Nieuwe Pekela
Seringenlaan,13,"","",9663EH,Nieuwe Pekela
Seringenlaan,15,"","",9663EH,Nieuwe Pekela
Seringenlaan,17,"","",9663EH,Nieuwe Pekela
Seringenlaan,19,"","",9663EH,Nieuwe Pekela
Seringenlaan,21,"","",9663EH,Nieuwe Pekela
Seringenlaan,3,"","",9663EH,Nieuwe Pekela
Seringenlaan,5,"","",9663EH,Nieuwe Pekela
Meidoornlaan,68,"","",9663EH,Nieuwe Pekela
Seringenlaan,7,"","",9663EH,Nieuwe Pekela
Meidoornlaan,70,"","",9663EH,Nieuwe Pekela
Meidoornlaan,72,"","",9663EH,Nieuwe Pekela
Meidoornlaan,74,"","",9663EH,Nieuwe Pekela
Meidoornlaan,76,"","",9663EH,Nieuwe Pekela
Meidoornlaan,78,"","",9663EH,Nieuwe Pekela
Meidoornlaan,80,"","",9663EH,Nieuwe Pekela
Meidoornlaan,82,"","",9663EH,Nieuwe Pekela
Meidoornlaan,84,"","",9663EH,Nieuwe Pekela
Meidoornlaan,86,"","",9663EH,Nieuwe Pekela
Seringenlaan,9,"","",9663EH,Nieuwe Pekela
Seringenlaan,10,"","",9663EJ,Nieuwe Pekela
Seringenlaan,12,"","",9663EJ,Nieuwe Pekela
Seringenlaan,14,"","",9663EJ,Nieuwe Pekela
Seringenlaan,16,"","",9663EJ,Nieuwe Pekela
Seringenlaan,18,"","",9663EJ,Nieuwe Pekela
Seringenlaan,2,"","",9663EJ,Nieuwe Pekela
Seringenlaan,20,"","",9663EJ,Nieuwe Pekela
Seringenlaan,22,"","",9663EJ,Nieuwe Pekela
Seringenlaan,24,"","",9663EJ,Nieuwe Pekela
Seringenlaan,26,"","",9663EJ,Nieuwe Pekela
Seringenlaan,28,"","",9663EJ,Nieuwe Pekela
Seringenlaan,30,"","",9663EJ,Nieuwe Pekela
Seringenlaan,32,"","",9663EJ,Nieuwe Pekela
Seringenlaan,34,"","",9663EJ,Nieuwe Pekela
Seringenlaan,36,"","",9663EJ,Nieuwe Pekela
Seringenlaan,38,"","",9663EJ,Nieuwe Pekela
Seringenlaan,4,"","",9663EJ,Nieuwe Pekela
Seringenlaan,40,"","",9663EJ,Nieuwe Pekela
Seringenlaan,42,"","",9663EJ,Nieuwe Pekela
Seringenlaan,44,"","",9663EJ,Nieuwe Pekela
Seringenlaan,46,"","",9663EJ,Nieuwe Pekela
Seringenlaan,6,"","",9663EJ,Nieuwe Pekela
Seringenlaan,8,"","",9663EJ,Nieuwe Pekela
Goudenregenlaan,1,"","",9663EK,Nieuwe Pekela
Goudenregenlaan,11,"","",9663EK,Nieuwe Pekela
Goudenregenlaan,13,"","",9663EK,Nieuwe Pekela
Goudenregenlaan,15,"","",9663EK,Nieuwe Pekela
Goudenregenlaan,17,"","",9663EK,Nieuwe Pekela
Goudenregenlaan,19,"","",9663EK,Nieuwe Pekela
Goudenregenlaan,21,"","",9663EK,Nieuwe Pekela
Goudenregenlaan,23,"","",9663EK,Nieuwe Pekela
Goudenregenlaan,25,"","",9663EK,Nieuwe Pekela
Goudenregenlaan,27,"","",9663EK,Nieuwe Pekela
Goudenregenlaan,29,"","",9663EK,Nieuwe Pekela
Goudenregenlaan,3,"","",9663EK,Nieuwe Pekela
Goudenregenlaan,31,"","",9663EK,Nieuwe Pekela
Goudenregenlaan,5,"","",9663EK,Nieuwe Pekela
Goudenregenlaan,7,"","",9663EK,Nieuwe Pekela
Goudenregenlaan,9,"","",9663EK,Nieuwe Pekela
Goudenregenlaan,10,"","",9663EL,Nieuwe Pekela
Goudenregenlaan,12,"","",9663EL,Nieuwe Pekela
Goudenregenlaan,14,"","",9663EL,Nieuwe Pekela
Goudenregenlaan,16,"","",9663EL,Nieuwe Pekela
Goudenregenlaan,18,"","",9663EL,Nieuwe Pekela
Goudenregenlaan,2,"","",9663EL,Nieuwe Pekela
Goudenregenlaan,20,"","",9663EL,Nieuwe Pekela
Goudenregenlaan,22,"","",9663EL,Nieuwe Pekela
Goudenregenlaan,24,"","",9663EL,Nieuwe Pekela
Goudenregenlaan,26,"","",9663EL,Nieuwe Pekela
Goudenregenlaan,28,"","",9663EL,Nieuwe Pekela
Goudenregenlaan,30,"","",9663EL,Nieuwe Pekela
Goudenregenlaan,4,"","",9663EL,Nieuwe Pekela
Goudenregenlaan,4,A,"",9663EL,Nieuwe Pekela
Goudenregenlaan,4,B,"",9663EL,Nieuwe Pekela
Goudenregenlaan,4,C,"",9663EL,Nieuwe Pekela
Goudenregenlaan,4,D,"",9663EL,Nieuwe Pekela
Goudenregenlaan,4,E,"",9663EL,Nieuwe Pekela
Goudenregenlaan,4,F,"",9663EL,Nieuwe Pekela
Goudenregenlaan,4,G,"",9663EL,Nieuwe Pekela
Goudenregenlaan,4,H,"",9663EL,Nieuwe Pekela
Goudenregenlaan,4,I,"",9663EL,Nieuwe Pekela
Goudenregenlaan,4,J,"",9663EL,Nieuwe Pekela
Goudenregenlaan,4,K,"",9663EL,Nieuwe Pekela
Goudenregenlaan,4,L,"",9663EL,Nieuwe Pekela
Goudenregenlaan,4,M,"",9663EL,Nieuwe Pekela
Goudenregenlaan,4,N,"",9663EL,Nieuwe Pekela
Goudenregenlaan,4,O,"",9663EL,Nieuwe Pekela
Goudenregenlaan,4,P,"",9663EL,Nieuwe Pekela
Goudenregenlaan,4,Q,"",9663EL,Nieuwe Pekela
Goudenregenlaan,4,R,"",9663EL,Nieuwe Pekela
Goudenregenlaan,4,S,"",9663EL,Nieuwe Pekela
Goudenregenlaan,4,T,"",9663EL,Nieuwe Pekela
Goudenregenlaan,4,U,"",9663EL,Nieuwe Pekela
Goudenregenlaan,4,V,"",9663EL,Nieuwe Pekela
Goudenregenlaan,4,W,"",9663EL,Nieuwe Pekela
Goudenregenlaan,4,X,"",9663EL,Nieuwe Pekela
Goudenregenlaan,4,Y,"",9663EL,Nieuwe Pekela
Goudenregenlaan,6,"","",9663EL,Nieuwe Pekela
Goudenregenlaan,8,"","",9663EL,Nieuwe Pekela
Dennenlaan,1,"","",9663EM,Nieuwe Pekela
Dennenlaan,10,"","",9663EM,Nieuwe Pekela
Dennenlaan,11,"","",9663EM,Nieuwe Pekela
Dennenlaan,12,"","",9663EM,Nieuwe Pekela
Dennenlaan,12,A,"",9663EM,Nieuwe Pekela
Dennenlaan,12,B,"",9663EM,Nieuwe Pekela
Dennenlaan,12,C,"",9663EM,Nieuwe Pekela
Dennenlaan,12,D,"",9663EM,Nieuwe Pekela
Dennenlaan,12,E,"",9663EM,Nieuwe Pekela
Dennenlaan,12,F,"",9663EM,Nieuwe Pekela
Dennenlaan,13,"","",9663EM,Nieuwe Pekela
Dennenlaan,14,"","",9663EM,Nieuwe Pekela
Dennenlaan,15,"","",9663EM,Nieuwe Pekela
Dennenlaan,16,"","",9663EM,Nieuwe Pekela
Dennenlaan,17,"","",9663EM,Nieuwe Pekela
Dennenlaan,18,"","",9663EM,Nieuwe Pekela
Dennenlaan,2,"","",9663EM,Nieuwe Pekela
Dennenlaan,3,"","",9663EM,Nieuwe Pekela
Dennenlaan,4,"","",9663EM,Nieuwe Pekela
Dennenlaan,5,"","",9663EM,Nieuwe Pekela
Dennenlaan,6,"","",9663EM,Nieuwe Pekela
Dennenlaan,7,"","",9663EM,Nieuwe Pekela
Dennenlaan,8,"","",9663EM,Nieuwe Pekela
Dennenlaan,9,"","",9663EM,Nieuwe Pekela
Dennenlaan,19,"","",9663EN,Nieuwe Pekela
Dennenlaan,20,"","",9663EN,Nieuwe Pekela
Dennenlaan,21,"","",9663EN,Nieuwe Pekela
Dennenlaan,22,"","",9663EN,Nieuwe Pekela
Dennenlaan,23,"","",9663EN,Nieuwe Pekela
Dennenlaan,24,"","",9663EN,Nieuwe Pekela
Dennenlaan,25,"","",9663EN,Nieuwe Pekela
Dennenlaan,26,"","",9663EN,Nieuwe Pekela
Dennenlaan,27,"","",9663EN,Nieuwe Pekela
Dennenlaan,28,"","",9663EN,Nieuwe Pekela
Dennenlaan,29,"","",9663EN,Nieuwe Pekela
Dennenlaan,30,"","",9663EN,Nieuwe Pekela
Dennenlaan,31,"","",9663EN,Nieuwe Pekela
Dennenlaan,32,"","",9663EN,Nieuwe Pekela
Dennenlaan,33,"","",9663EN,Nieuwe Pekela
Dennenlaan,34,"","",9663EN,Nieuwe Pekela
Dennenlaan,35,"","",9663EN,Nieuwe Pekela
Dennenlaan,36,"","",9663EN,Nieuwe Pekela
Dennenlaan,37,"","",9663EN,Nieuwe Pekela
Acacialaan,1,"","",9663EP,Nieuwe Pekela
Acacialaan,10,"","",9663EP,Nieuwe Pekela
Acacialaan,12,"","",9663EP,Nieuwe Pekela
Acacialaan,2,"","",9663EP,Nieuwe Pekela
Acacialaan,3,"","",9663EP,Nieuwe Pekela
Acacialaan,4,"","",9663EP,Nieuwe Pekela
Acacialaan,5,"","",9663EP,Nieuwe Pekela
Acacialaan,6,"","",9663EP,Nieuwe Pekela
Acacialaan,8,"","",9663EP,Nieuwe Pekela
Berkenlaan,1,"","",9663ER,Nieuwe Pekela
Berkenlaan,1,A,"",9663ER,Nieuwe Pekela
Berkenlaan,1,B,"",9663ER,Nieuwe Pekela
Berkenlaan,1,C,"",9663ER,Nieuwe Pekela
Berkenlaan,21,"","",9663ER,Nieuwe Pekela
Berkenlaan,21,A,"",9663ER,Nieuwe Pekela
Berkenlaan,21,B,"",9663ER,Nieuwe Pekela
Berkenlaan,21,C,"",9663ER,Nieuwe Pekela
Berkenlaan,21,D,"",9663ER,Nieuwe Pekela
Berkenlaan,21,E,"",9663ER,Nieuwe Pekela
Berkenlaan,21,F,"",9663ER,Nieuwe Pekela
Berkenlaan,21,G,"",9663ER,Nieuwe Pekela
Berkenlaan,21,H,"",9663ER,Nieuwe Pekela
Berkenlaan,21,I,"",9663ER,Nieuwe Pekela
Berkenlaan,21,J,"",9663ER,Nieuwe Pekela
Berkenlaan,21,K,"",9663ER,Nieuwe Pekela
Berkenlaan,21,L,"",9663ER,Nieuwe Pekela
Berkenlaan,21,M,"",9663ER,Nieuwe Pekela
Berkenlaan,21,N,"",9663ER,Nieuwe Pekela
Berkenlaan,21,O,"",9663ER,Nieuwe Pekela
Berkenlaan,21,P,"",9663ER,Nieuwe Pekela
Berkenlaan,21,Q,"",9663ER,Nieuwe Pekela
Berkenlaan,21,R,"",9663ER,Nieuwe Pekela
Berkenlaan,21,S,"",9663ER,Nieuwe Pekela
Berkenlaan,21,T,"",9663ER,Nieuwe Pekela
Berkenlaan,21,U,"",9663ER,Nieuwe Pekela
Berkenlaan,21,V,"",9663ER,Nieuwe Pekela
Berkenlaan,21,W,"",9663ER,Nieuwe Pekela
Berkenlaan,21,X,"",9663ER,Nieuwe Pekela
Berkenlaan,21,Y,"",9663ER,Nieuwe Pekela
Berkenlaan,23,"","",9663ER,Nieuwe Pekela
Berkenlaan,25,"","",9663ER,Nieuwe Pekela
Berkenlaan,27,"","",9663ER,Nieuwe Pekela
Berkenlaan,29,"","",9663ER,Nieuwe Pekela
Berkenlaan,31,"","",9663ER,Nieuwe Pekela
Berkenlaan,33,"","",9663ER,Nieuwe Pekela
Berkenlaan,35,"","",9663ER,Nieuwe Pekela
Berkenlaan,37,"","",9663ER,Nieuwe Pekela
Berkenlaan,39,"","",9663ER,Nieuwe Pekela
Berkenlaan,41,"","",9663ER,Nieuwe Pekela
Berkenlaan,43,"","",9663ER,Nieuwe Pekela
Berkenlaan,45,"","",9663ER,Nieuwe Pekela
Berkenlaan,10,"","",9663ES,Nieuwe Pekela
Berkenlaan,12,"","",9663ES,Nieuwe Pekela
Berkenlaan,14,"","",9663ES,Nieuwe Pekela
Berkenlaan,16,"","",9663ES,Nieuwe Pekela
Berkenlaan,18,"","",9663ES,Nieuwe Pekela
Berkenlaan,20,"","",9663ES,Nieuwe Pekela
Berkenlaan,22,"","",9663ES,Nieuwe Pekela
Berkenlaan,4,"","",9663ES,Nieuwe Pekela
Berkenlaan,6,"","",9663ES,Nieuwe Pekela
Berkenlaan,8,"","",9663ES,Nieuwe Pekela
Berkenlaan,24,"","",9663ET,Nieuwe Pekela
Berkenlaan,26,"","",9663ET,Nieuwe Pekela
Berkenlaan,28,"","",9663ET,Nieuwe Pekela
Berkenlaan,30,"","",9663ET,Nieuwe Pekela
Berkenlaan,32,"","",9663ET,Nieuwe Pekela
Berkenlaan,34,"","",9663ET,Nieuwe Pekela
Berkenlaan,36,"","",9663ET,Nieuwe Pekela
Berkenlaan,38,"","",9663ET,Nieuwe Pekela
Berkenlaan,40,"","",9663ET,Nieuwe Pekela
Berkenlaan,42,"","",9663ET,Nieuwe Pekela
Berkenlaan,44,"","",9663ET,Nieuwe Pekela
Berkenlaan,46,"","",9663ET,Nieuwe Pekela
Berkenlaan,48,"","",9663ET,Nieuwe Pekela
Berkenlaan,50,"","",9663ET,Nieuwe Pekela
Berkenlaan,52,"","",9663ET,Nieuwe Pekela
Sportlaan,1,"","",9663EV,Nieuwe Pekela
Sportlaan,11,"","",9663EV,Nieuwe Pekela
Sportlaan,13,"","",9663EV,Nieuwe Pekela
Sportlaan,15,"","",9663EV,Nieuwe Pekela
Sportlaan,2,"","",9663EV,Nieuwe Pekela
Sportlaan,3,"","",9663EV,Nieuwe Pekela
Sportlaan,4,"","",9663EV,Nieuwe Pekela
Sportlaan,5,"","",9663EV,Nieuwe Pekela
Sportlaan,6,"","",9663EV,Nieuwe Pekela
Sportlaan,7,"","",9663EV,Nieuwe Pekela
Sportlaan,8,"","",9663EV,Nieuwe Pekela
Sportlaan,9,"","",9663EV,Nieuwe Pekela
Verlengde Sportlaan,1,"","",9663EW,Nieuwe Pekela
Verlengde Sportlaan,11,"","",9663EW,Nieuwe Pekela
Verlengde Sportlaan,13,"","",9663EW,Nieuwe Pekela
Verlengde Sportlaan,15,"","",9663EW,Nieuwe Pekela
Verlengde Sportlaan,17,"","",9663EW,Nieuwe Pekela
Verlengde Sportlaan,19,"","",9663EW,Nieuwe Pekela
Verlengde Sportlaan,21,"","",9663EW,Nieuwe Pekela
Verlengde Sportlaan,23,"","",9663EW,Nieuwe Pekela
Verlengde Sportlaan,25,"","",9663EW,Nieuwe Pekela
Verlengde Sportlaan,27,"","",9663EW,Nieuwe Pekela
Verlengde Sportlaan,3,"","",9663EW,Nieuwe Pekela
Verlengde Sportlaan,33,"","",9663EW,Nieuwe Pekela
Verlengde Sportlaan,35,"","",9663EW,Nieuwe Pekela
Verlengde Sportlaan,37,"","",9663EW,Nieuwe Pekela
Verlengde Sportlaan,39,"","",9663EW,Nieuwe Pekela
Verlengde Sportlaan,41,"","",9663EW,Nieuwe Pekela
Verlengde Sportlaan,43,"","",9663EW,Nieuwe Pekela
Verlengde Sportlaan,45,"","",9663EW,Nieuwe Pekela
Verlengde Sportlaan,47,"","",9663EW,Nieuwe Pekela
Verlengde Sportlaan,5,"","",9663EW,Nieuwe Pekela
Verlengde Sportlaan,7,"","",9663EW,Nieuwe Pekela
Verlengde Sportlaan,9,"","",9663EW,Nieuwe Pekela
Beukenlaan,1,"","",9663EZ,Nieuwe Pekela
Beukenlaan,10,"","",9663EZ,Nieuwe Pekela
Beukenlaan,12,"","",9663EZ,Nieuwe Pekela
Beukenlaan,14,"","",9663EZ,Nieuwe Pekela
Beukenlaan,16,"","",9663EZ,Nieuwe Pekela
Beukenlaan,2,"","",9663EZ,Nieuwe Pekela
Beukenlaan,2,A,"",9663EZ,Nieuwe Pekela
Beukenlaan,3,"","",9663EZ,Nieuwe Pekela
Beukenlaan,4,"","",9663EZ,Nieuwe Pekela
Beukenlaan,6,"","",9663EZ,Nieuwe Pekela
Beukenlaan,6,A,"",9663EZ,Nieuwe Pekela
Beukenlaan,8,"","",9663EZ,Nieuwe Pekela
Beukenlaan,8,A,"",9663EZ,Nieuwe Pekela
Beukenlaan,8,B,"",9663EZ,Nieuwe Pekela
Beukenlaan,8,C,"",9663EZ,Nieuwe Pekela
Beukenlaan,8,D,"",9663EZ,Nieuwe Pekela
Rozenlaan,1,"","",9663GA,Nieuwe Pekela
Rozenlaan,17,"","",9663GA,Nieuwe Pekela
Rozenlaan,3,"","",9663GA,Nieuwe Pekela
Rozenlaan,5,"","",9663GA,Nieuwe Pekela
Rozenlaan,7,"","",9663GA,Nieuwe Pekela
Rozenlaan,10,"","",9663GB,Nieuwe Pekela
Rozenlaan,12,"","",9663GB,Nieuwe Pekela
Rozenlaan,17,"","",9663GB,Nieuwe Pekela
Rozenlaan,2,"","",9663GB,Nieuwe Pekela
Rozenlaan,4,"","",9663GB,Nieuwe Pekela
Rozenlaan,6,"","",9663GB,Nieuwe Pekela
Rozenlaan,8,"","",9663GB,Nieuwe Pekela
Verlengde Berkenlaan,11,"","",9663GC,Nieuwe Pekela
Verlengde Berkenlaan,2,"","",9663GC,Nieuwe Pekela
Verlengde Berkenlaan,3,"","",9663GC,Nieuwe Pekela
Verlengde Berkenlaan,5,"","",9663GC,Nieuwe Pekela
Verlengde Berkenlaan,7,"","",9663GC,Nieuwe Pekela
Verlengde Berkenlaan,9,"","",9663GC,Nieuwe Pekela
Dorpshuisstraat,1,"","",9663GD,Nieuwe Pekela
Dorpshuisstraat,1,A,"",9663GD,Nieuwe Pekela
Dorpshuisstraat,11,"","",9663GD,Nieuwe Pekela
Dorpshuisstraat,11,A,"",9663GD,Nieuwe Pekela
Dorpshuisstraat,3,"","",9663GD,Nieuwe Pekela
Dorpshuisstraat,3,A,"",9663GD,Nieuwe Pekela
Dorpshuisstraat,5,"","",9663GD,Nieuwe Pekela
Dorpshuisstraat,5,A,"",9663GD,Nieuwe Pekela
Dorpshuisstraat,7,"","",9663GD,Nieuwe Pekela
Dorpshuisstraat,7,A,"",9663GD,Nieuwe Pekela
Dorpshuisstraat,9,"","",9663GD,Nieuwe Pekela
Dorpshuisstraat,9,A,"",9663GD,Nieuwe Pekela
Dorpshuisstraat,13,"","",9663GE,Nieuwe Pekela
Dorpshuisstraat,15,"","",9663GE,Nieuwe Pekela
Dorpshuisstraat,17,"","",9663GE,Nieuwe Pekela
Dorpshuisstraat,19,"","",9663GE,Nieuwe Pekela
Dorpshuisstraat,21,"","",9663GE,Nieuwe Pekela
Dorpshuisstraat,23,"","",9663GE,Nieuwe Pekela
Dorpshuisstraat,25,"","",9663GE,Nieuwe Pekela
Dorpshuisstraat,27,"","",9663GE,Nieuwe Pekela
Dorpshuisstraat,29,"","",9663GE,Nieuwe Pekela
Dorpshuisstraat,31,"","",9663GE,Nieuwe Pekela
Dorpshuisstraat,33,"","",9663GE,Nieuwe Pekela
Dorpshuisstraat,35,"","",9663GE,Nieuwe Pekela
Dorpshuisstraat,37,"","",9663GE,Nieuwe Pekela
Dorpshuisstraat,37,A,"",9663GE,Nieuwe Pekela
Dorpshuisstraat,37,B,"",9663GE,Nieuwe Pekela
Dorpshuisstraat,37,C,"",9663GE,Nieuwe Pekela
Dorpshuisstraat,37,D,"",9663GE,Nieuwe Pekela
Dorpshuisstraat,37,E,"",9663GE,Nieuwe Pekela
Dorpshuisstraat,37,F,"",9663GE,Nieuwe Pekela
Dorpshuisstraat,37,G,"",9663GE,Nieuwe Pekela
Dorpshuisstraat,37,H,"",9663GE,Nieuwe Pekela
Dorpshuisstraat,37,I,"",9663GE,Nieuwe Pekela
Dorpshuisstraat,37,J,"",9663GE,Nieuwe Pekela
Dorpshuisstraat,37,K,"",9663GE,Nieuwe Pekela
Dorpshuisstraat,39,"","",9663GE,Nieuwe Pekela
Dorpshuisstraat,41,"","",9663GE,Nieuwe Pekela
Dorpshuisstraat,43,"","",9663GE,Nieuwe Pekela
Dorpshuisstraat,45,"","",9663GE,Nieuwe Pekela
Dorpshuisstraat,47,"","",9663GE,Nieuwe Pekela
Dorpshuisstraat,12,"","",9663GG,Nieuwe Pekela
Dorpshuisstraat,14,"","",9663GG,Nieuwe Pekela
Dorpshuisstraat,16,"","",9663GG,Nieuwe Pekela
Dorpshuisstraat,18,"","",9663GG,Nieuwe Pekela
Dorpshuisstraat,2,"","",9663GG,Nieuwe Pekela
Dorpshuisstraat,2,A,"",9663GG,Nieuwe Pekela
Dorpshuisstraat,2,B,"",9663GG,Nieuwe Pekela
Dorpshuisstraat,20,"","",9663GG,Nieuwe Pekela
Dorpshuisstraat,22,"","",9663GG,Nieuwe Pekela
Dorpshuisstraat,24,"","",9663GG,Nieuwe Pekela
Dorpshuisstraat,26,"","",9663GG,Nieuwe Pekela
Dorpshuisstraat,28,"","",9663GG,Nieuwe Pekela
Dorpshuisstraat,30,"","",9663GG,Nieuwe Pekela
Dorpshuisstraat,32,"","",9663GG,Nieuwe Pekela
Dorpshuisstraat,34,"","",9663GG,Nieuwe Pekela
Dorpshuisstraat,36,"","",9663GG,Nieuwe Pekela
Dorpshuisstraat,38,"","",9663GG,Nieuwe Pekela
Dorpshuisstraat,4,"","",9663GG,Nieuwe Pekela
Dorpshuisstraat,40,"","",9663GG,Nieuwe Pekela
Dorpshuisstraat,6,"","",9663GG,Nieuwe Pekela
Jan Koolhoflaan,1,"","",9663HA,Nieuwe Pekela
Jan Koolhoflaan,10,"","",9663HA,Nieuwe Pekela
Jan Koolhoflaan,11,"","",9663HA,Nieuwe Pekela
Jan Koolhoflaan,12,"","",9663HA,Nieuwe Pekela
Jan Koolhoflaan,13,"","",9663HA,Nieuwe Pekela
Jan Koolhoflaan,14,"","",9663HA,Nieuwe Pekela
Jan Koolhoflaan,15,"","",9663HA,Nieuwe Pekela
Jan Koolhoflaan,16,"","",9663HA,Nieuwe Pekela
Jan Koolhoflaan,17,"","",9663HA,Nieuwe Pekela
Jan Koolhoflaan,19,"","",9663HA,Nieuwe Pekela
Jan Koolhoflaan,2,"","",9663HA,Nieuwe Pekela
Jan Koolhoflaan,3,"","",9663HA,Nieuwe Pekela
Jan Koolhoflaan,4,"","",9663HA,Nieuwe Pekela
Jan Koolhoflaan,5,"","",9663HA,Nieuwe Pekela
Jan Koolhoflaan,6,"","",9663HA,Nieuwe Pekela
Jan Koolhoflaan,7,"","",9663HA,Nieuwe Pekela
Jan Koolhoflaan,8,"","",9663HA,Nieuwe Pekela
Jan Koolhoflaan,9,"","",9663HA,Nieuwe Pekela
Harm Heijeslaan,1,"","",9663HB,Nieuwe Pekela
Harm Heijeslaan,11,"","",9663HB,Nieuwe Pekela
Harm Heijeslaan,13,"","",9663HB,Nieuwe Pekela
Harm Heijeslaan,15,"","",9663HB,Nieuwe Pekela
Harm Heijeslaan,17,"","",9663HB,Nieuwe Pekela
Harm Heijeslaan,19,"","",9663HB,Nieuwe Pekela
Harm Heijeslaan,21,"","",9663HB,Nieuwe Pekela
Harm Heijeslaan,23,"","",9663HB,Nieuwe Pekela
Harm Heijeslaan,25,"","",9663HB,Nieuwe Pekela
Harm Heijeslaan,27,"","",9663HB,Nieuwe Pekela
Harm Heijeslaan,29,"","",9663HB,Nieuwe Pekela
Harm Heijeslaan,3,"","",9663HB,Nieuwe Pekela
Harm Heijeslaan,31,"","",9663HB,Nieuwe Pekela
Harm Heijeslaan,33,"","",9663HB,Nieuwe Pekela
Harm Heijeslaan,35,"","",9663HB,Nieuwe Pekela
Harm Heijeslaan,37,"","",9663HB,Nieuwe Pekela
Harm Heijeslaan,5,"","",9663HB,Nieuwe Pekela
Harm Heijeslaan,7,"","",9663HB,Nieuwe Pekela
Harm Heijeslaan,9,"","",9663HB,Nieuwe Pekela
Harm Heijeslaan,39,"","",9663HC,Nieuwe Pekela
Harm Heijeslaan,41,"","",9663HC,Nieuwe Pekela
Harm Heijeslaan,43,"","",9663HC,Nieuwe Pekela
Harm Heijeslaan,45,"","",9663HC,Nieuwe Pekela
Harm Heijeslaan,47,"","",9663HC,Nieuwe Pekela
Harm Heijeslaan,49,"","",9663HC,Nieuwe Pekela
Harm Heijeslaan,51,"","",9663HC,Nieuwe Pekela
Harm Heijeslaan,53,"","",9663HC,Nieuwe Pekela
Harm Heijeslaan,55,"","",9663HC,Nieuwe Pekela
Harm Heijeslaan,57,"","",9663HC,Nieuwe Pekela
Harm Heijeslaan,59,"","",9663HC,Nieuwe Pekela
Harm Heijeslaan,10,"","",9663HD,Nieuwe Pekela
Harm Heijeslaan,12,"","",9663HD,Nieuwe Pekela
Harm Heijeslaan,14,"","",9663HD,Nieuwe Pekela
Harm Heijeslaan,16,"","",9663HD,Nieuwe Pekela
Harm Heijeslaan,18,"","",9663HD,Nieuwe Pekela
Harm Heijeslaan,2,"","",9663HD,Nieuwe Pekela
Harm Heijeslaan,20,"","",9663HD,Nieuwe Pekela
Harm Heijeslaan,22,"","",9663HD,Nieuwe Pekela
Harm Heijeslaan,26,"","",9663HD,Nieuwe Pekela
Harm Heijeslaan,28,"","",9663HD,Nieuwe Pekela
Harm Heijeslaan,30,"","",9663HD,Nieuwe Pekela
Harm Heijeslaan,4,"","",9663HD,Nieuwe Pekela
Harm Heijeslaan,6,"","",9663HD,Nieuwe Pekela
Harm Heijeslaan,8,"","",9663HD,Nieuwe Pekela
Harm van der Laanweg,1,"","",9663HE,Nieuwe Pekela
Harm van der Laanweg,10,"","",9663HE,Nieuwe Pekela
Harm van der Laanweg,11,"","",9663HE,Nieuwe Pekela
Harm van der Laanweg,12,"","",9663HE,Nieuwe Pekela
Harm van der Laanweg,13,"","",9663HE,Nieuwe Pekela
Harm van der Laanweg,14,"","",9663HE,Nieuwe Pekela
Harm van der Laanweg,15,"","",9663HE,Nieuwe Pekela
Harm van der Laanweg,16,"","",9663HE,Nieuwe Pekela
Harm van der Laanweg,2,"","",9663HE,Nieuwe Pekela
Harm van der Laanweg,3,"","",9663HE,Nieuwe Pekela
Harm van der Laanweg,4,"","",9663HE,Nieuwe Pekela
Harm van der Laanweg,5,"","",9663HE,Nieuwe Pekela
Harm van der Laanweg,6,"","",9663HE,Nieuwe Pekela
Harm van der Laanweg,7,"","",9663HE,Nieuwe Pekela
Harm van der Laanweg,8,"","",9663HE,Nieuwe Pekela
Harm van der Laanweg,9,"","",9663HE,Nieuwe Pekela
Johannes Dijkhuislaan,1,"","",9663HG,Nieuwe Pekela
Johannes Dijkhuislaan,2,"","",9663HG,Nieuwe Pekela
Johannes Dijkhuislaan,3,"","",9663HG,Nieuwe Pekela
Johannes Dijkhuislaan,4,"","",9663HG,Nieuwe Pekela
Johannes Dijkhuislaan,5,"","",9663HG,Nieuwe Pekela
Johannes Dijkhuislaan,7,"","",9663HG,Nieuwe Pekela
Johannes Dijkhuislaan,9,"","",9663HG,Nieuwe Pekela
Doorsneeweg,1,"","",9663HH,Nieuwe Pekela
Doorsneeweg,1,A,"",9663HH,Nieuwe Pekela
Doorsneeweg,1,B,"",9663HH,Nieuwe Pekela
Doorsneeweg,1,C,"",9663HH,Nieuwe Pekela
Doorsneeweg,1,D,"",9663HH,Nieuwe Pekela
Doorsneeweg,10,"","",9663HH,Nieuwe Pekela
Doorsneeweg,11,"","",9663HH,Nieuwe Pekela
Doorsneeweg,12,"","",9663HH,Nieuwe Pekela
Doorsneeweg,13,"","",9663HH,Nieuwe Pekela
Doorsneeweg,14,"","",9663HH,Nieuwe Pekela
Doorsneeweg,15,"","",9663HH,Nieuwe Pekela
Doorsneeweg,16,"","",9663HH,Nieuwe Pekela
Doorsneeweg,17,"","",9663HH,Nieuwe Pekela
Doorsneeweg,18,"","",9663HH,Nieuwe Pekela
Doorsneeweg,19,"","",9663HH,Nieuwe Pekela
Doorsneeweg,2,"","",9663HH,Nieuwe Pekela
Doorsneeweg,3,"","",9663HH,Nieuwe Pekela
Doorsneeweg,4,"","",9663HH,Nieuwe Pekela
Doorsneeweg,6,"","",9663HH,Nieuwe Pekela
Doorsneeweg,7,"","",9663HH,Nieuwe Pekela
Doorsneeweg,8,"","",9663HH,Nieuwe Pekela
Doorsneeweg,9,"","",9663HH,Nieuwe Pekela
Doorsneeweg,25,"","",9663HJ,Nieuwe Pekela
Doorsneeweg,26,"","",9663HJ,Nieuwe Pekela
Doorsneeweg,27,"","",9663HJ,Nieuwe Pekela
Doorsneeweg,28,"","",9663HJ,Nieuwe Pekela
Doorsneeweg,29,"","",9663HJ,Nieuwe Pekela
Doorsneeweg,30,"","",9663HJ,Nieuwe Pekela
Doorsneeweg,31,"","",9663HJ,Nieuwe Pekela
Doorsneeweg,32,"","",9663HJ,Nieuwe Pekela
Doorsneeweg,33,"","",9663HJ,Nieuwe Pekela
Doorsneeweg,34,"","",9663HJ,Nieuwe Pekela
Doorsneeweg,35,"","",9663HJ,Nieuwe Pekela
Doorsneeweg,36,"","",9663HJ,Nieuwe Pekela
Doorsneeweg,37,"","",9663HJ,Nieuwe Pekela
Doorsneeweg,38,"","",9663HJ,Nieuwe Pekela
Doorsneeweg,39,"","",9663HJ,Nieuwe Pekela
Doorsneeweg,40,"","",9663HJ,Nieuwe Pekela
Doorsneeweg,41,"","",9663HJ,Nieuwe Pekela
Doorsneeweg,42,"","",9663HJ,Nieuwe Pekela
Doorsneeweg,44,"","",9663HJ,Nieuwe Pekela
Doorsneeweg,45,"","",9663HJ,Nieuwe Pekela
Doorsneeweg,47,"","",9663HJ,Nieuwe Pekela
Schoener,10,"","",9663JA,Nieuwe Pekela
Schoener,14,"","",9663JA,Nieuwe Pekela
Schoener,6,"","",9663JA,Nieuwe Pekela
Schoener,8,"","",9663JA,Nieuwe Pekela
Schoener,22,"","",9663JB,Nieuwe Pekela
Schoener,24,"","",9663JB,Nieuwe Pekela
Schoener,26,"","",9663JB,Nieuwe Pekela
Schoener,28,"","",9663JB,Nieuwe Pekela
Schoener,30,"","",9663JB,Nieuwe Pekela
Schoener,32,"","",9663JB,Nieuwe Pekela
Schoener,34,"","",9663JB,Nieuwe Pekela
Schoener,38,"","",9663JB,Nieuwe Pekela
Schoener,40,"","",9663JB,Nieuwe Pekela
Schoener,42,"","",9663JB,Nieuwe Pekela
Schoener,44,"","",9663JB,Nieuwe Pekela
Schoener,46,"","",9663JB,Nieuwe Pekela
Schoener,56,"","",9663JB,Nieuwe Pekela
Brik,1,"","",9663JC,Nieuwe Pekela
Brik,1,A,"",9663JC,Nieuwe Pekela
Brik,10,"","",9663JC,Nieuwe Pekela
Brik,11,"","",9663JC,Nieuwe Pekela
Brik,12,"","",9663JC,Nieuwe Pekela
Brik,13,"","",9663JC,Nieuwe Pekela
Brik,13,"","",9663JC,Nieuwe Pekela
Brik,3,"","",9663JC,Nieuwe Pekela
Brik,3,"","",9663JC,Nieuwe Pekela
Brik,4,"","",9663JC,Nieuwe Pekela
Brik,5,"","",9663JC,Nieuwe Pekela
Brik,6,"","",9663JC,Nieuwe Pekela
Brik,7,"","",9663JC,Nieuwe Pekela
Brik,8,"","",9663JC,Nieuwe Pekela
Brik,8,"","",9663JC,Nieuwe Pekela
Brik,8,A,"",9663JC,Nieuwe Pekela
Brik,9,"","",9663JC,Nieuwe Pekela
Schoener,1,"","",9663JD,Nieuwe Pekela
Schoener,15,"","",9663JD,Nieuwe Pekela
Schoener,17,"","",9663JD,Nieuwe Pekela
Schoener,19,"","",9663JD,Nieuwe Pekela
Schoener,21,"","",9663JD,Nieuwe Pekela
Schoener,23,"","",9663JD,Nieuwe Pekela
Schoener,25,"","",9663JD,Nieuwe Pekela
Schoener,27,"","",9663JD,Nieuwe Pekela
Schoener,29,"","",9663JD,Nieuwe Pekela
Schoener,39,"","",9663JD,Nieuwe Pekela
Schoener,41,"","",9663JD,Nieuwe Pekela
Schoener,45,"","",9663JD,Nieuwe Pekela
Schoener,47,"","",9663JD,Nieuwe Pekela
Schoener,49,"","",9663JD,Nieuwe Pekela
Schoener,5,"","",9663JD,Nieuwe Pekela
Schoener,7,"","",9663JD,Nieuwe Pekela
Schoener,9,"","",9663JD,Nieuwe Pekela
Praam,1,"","",9663JE,Nieuwe Pekela
Praam,3,"","",9663JE,Nieuwe Pekela
Praam,5,"","",9663JE,Nieuwe Pekela
Praam,6,"","",9663JE,Nieuwe Pekela
Praam,7,"","",9663JE,Nieuwe Pekela
Praam,8,"","",9663JE,Nieuwe Pekela
Tjalk,10,"","",9663JH,Nieuwe Pekela
Tjalk,12,"","",9663JH,Nieuwe Pekela
Tjalk,14,"","",9663JH,Nieuwe Pekela
Tjalk,16,"","",9663JH,Nieuwe Pekela
Tjalk,18,"","",9663JH,Nieuwe Pekela
Tjalk,2,"","",9663JH,Nieuwe Pekela
Tjalk,4,"","",9663JH,Nieuwe Pekela
Tjalk,4,A,"",9663JH,Nieuwe Pekela
Tjalk,6,"","",9663JH,Nieuwe Pekela
Tjalk,8,"","",9663JH,Nieuwe Pekela
Tjalk,1,"","",9663JK,Nieuwe Pekela
Tjalk,11,"","",9663JK,Nieuwe Pekela
Tjalk,13,"","",9663JK,Nieuwe Pekela
Tjalk,13,A,"",9663JK,Nieuwe Pekela
Tjalk,15,"","",9663JK,Nieuwe Pekela
Tjalk,15,A,"",9663JK,Nieuwe Pekela
Tjalk,17,"","",9663JK,Nieuwe Pekela
Tjalk,17,A,"",9663JK,Nieuwe Pekela
Tjalk,3,"","",9663JK,Nieuwe Pekela
Tjalk,9,"","",9663JK,Nieuwe Pekela
Galjoot,1,"","",9663JL,Nieuwe Pekela
Galjoot,11,"","",9663JL,Nieuwe Pekela
Galjoot,13,"","",9663JL,Nieuwe Pekela
Galjoot,27,"","",9663JL,Nieuwe Pekela
Galjoot,29,"","",9663JL,Nieuwe Pekela
Galjoot,3,"","",9663JL,Nieuwe Pekela
Galjoot,5,"","",9663JL,Nieuwe Pekela
Galjoot,7,"","",9663JL,Nieuwe Pekela
Galjoot,9,"","",9663JL,Nieuwe Pekela
Galjoot,10,"","",9663JM,Nieuwe Pekela
Galjoot,12,"","",9663JM,Nieuwe Pekela
Galjoot,14,"","",9663JM,Nieuwe Pekela
Galjoot,16,"","",9663JM,Nieuwe Pekela
Galjoot,18,"","",9663JM,Nieuwe Pekela
Galjoot,2,"","",9663JM,Nieuwe Pekela
Galjoot,20,"","",9663JM,Nieuwe Pekela
Galjoot,28,"","",9663JM,Nieuwe Pekela
Galjoot,30,"","",9663JM,Nieuwe Pekela
Galjoot,4,"","",9663JM,Nieuwe Pekela
Galjoot,6,"","",9663JM,Nieuwe Pekela
Galjoot,8,"","",9663JM,Nieuwe Pekela
Bark,1,"","",9663JN,Nieuwe Pekela
Bark,10,"","",9663JN,Nieuwe Pekela
Bark,2,"","",9663JN,Nieuwe Pekela
Bark,3,"","",9663JN,Nieuwe Pekela
Bark,4,"","",9663JN,Nieuwe Pekela
Bark,5,"","",9663JN,Nieuwe Pekela
Bark,6,"","",9663JN,Nieuwe Pekela
Bark,7,"","",9663JN,Nieuwe Pekela
Bark,8,"","",9663JN,Nieuwe Pekela
Kof,10,"","",9663JR,Nieuwe Pekela
Kof,2,"","",9663JR,Nieuwe Pekela
Kof,4,"","",9663JR,Nieuwe Pekela
Kof,6,"","",9663JR,Nieuwe Pekela
Kof,8,"","",9663JR,Nieuwe Pekela
Kof,1,"","",9663JS,Nieuwe Pekela
Kof,3,"","",9663JS,Nieuwe Pekela
Kof,5,"","",9663JS,Nieuwe Pekela
Kof,7,"","",9663JS,Nieuwe Pekela
Zuidkantweg,35,"","",9663KA,Nieuwe Pekela
Abraham Westersstraat A,1,"","",9663PA,Nieuwe Pekela
Abraham Westersstraat A,1,A,"",9663PA,Nieuwe Pekela
Abraham Westersstraat A,11,"","",9663PA,Nieuwe Pekela
Abraham Westersstraat A,12,"","",9663PA,Nieuwe Pekela
Abraham Westersstraat A,13,"","",9663PA,Nieuwe Pekela
Abraham Westersstraat A,14,"","",9663PA,Nieuwe Pekela
Abraham Westersstraat A,15,"","",9663PA,Nieuwe Pekela
Abraham Westersstraat A,16,"","",9663PA,Nieuwe Pekela
Abraham Westersstraat A,17,"","",9663PA,Nieuwe Pekela
Abraham Westersstraat A,18,"","",9663PA,Nieuwe Pekela
Abraham Westersstraat A,19,"","",9663PA,Nieuwe Pekela
Abraham Westersstraat A,2,"","",9663PA,Nieuwe Pekela
Abraham Westersstraat A,2,A,"",9663PA,Nieuwe Pekela
Abraham Westersstraat A,20,"","",9663PA,Nieuwe Pekela
Abraham Westersstraat A,22,"","",9663PA,Nieuwe Pekela
Abraham Westersstraat A,23,"","",9663PA,Nieuwe Pekela
Abraham Westersstraat A,24,"","",9663PA,Nieuwe Pekela
Abraham Westersstraat A,25,"","",9663PA,Nieuwe Pekela
Abraham Westersstraat A,3,A,"",9663PA,Nieuwe Pekela
Abraham Westersstraat A,4,"","",9663PA,Nieuwe Pekela
Abraham Westersstraat A,6,"","",9663PA,Nieuwe Pekela
Abraham Westersstraat A,7,"","",9663PA,Nieuwe Pekela
Abraham Westersstraat A,9,"","",9663PA,Nieuwe Pekela
Abraham Westersstraat A,79,"","",9663PB,Nieuwe Pekela
Abraham Westersstraat A,80,"","",9663PB,Nieuwe Pekela
Abraham Westersstraat A,81,"","",9663PB,Nieuwe Pekela
Abraham Westersstraat A,82,"","",9663PB,Nieuwe Pekela
Abraham Westersstraat A,83,"","",9663PB,Nieuwe Pekela
Abraham Westersstraat A,84,"","",9663PB,Nieuwe Pekela
Abraham Westersstraat A,85,"","",9663PB,Nieuwe Pekela
Abraham Westersstraat A,86,"","",9663PB,Nieuwe Pekela
Abraham Westersstraat A,118,"","",9663PC,Nieuwe Pekela
Abraham Westersstraat A,119,"","",9663PC,Nieuwe Pekela
Abraham Westersstraat A,120,"","",9663PC,Nieuwe Pekela
Abraham Westersstraat A,125,"","",9663PC,Nieuwe Pekela
Abraham Westersstraat A,127,"","",9663PC,Nieuwe Pekela
Abraham Westersstraat A,128,"","",9663PC,Nieuwe Pekela
Abraham Westersstraat A,129,"","",9663PC,Nieuwe Pekela
Abraham Westersstraat A,130,"","",9663PC,Nieuwe Pekela
Abraham Westersstraat A,131,"","",9663PC,Nieuwe Pekela
Abraham Westersstraat A,132,"","",9663PC,Nieuwe Pekela
Abraham Westersstraat A,133,"","",9663PC,Nieuwe Pekela
Abraham Westersstraat A,134,"","",9663PC,Nieuwe Pekela
Abraham Westersstraat A,135,"","",9663PC,Nieuwe Pekela
Abraham Westersstraat A,140,"","",9663PC,Nieuwe Pekela
Abraham Westersstraat A,141,"","",9663PC,Nieuwe Pekela
Abraham Westersstraat A,144,A,"",9663PC,Nieuwe Pekela
Abraham Westersstraat A,145,"","",9663PC,Nieuwe Pekela
Abraham Westersstraat A,146,"","",9663PC,Nieuwe Pekela
Abraham Westersstraat A,147,A,"",9663PD,Nieuwe Pekela
Abraham Westersstraat A,147,B,"",9663PD,Nieuwe Pekela
Abraham Westersstraat A,148,"","",9663PD,Nieuwe Pekela
Abraham Westersstraat A,149,"","",9663PD,Nieuwe Pekela
Abraham Westersstraat A,150,"","",9663PD,Nieuwe Pekela
Abraham Westersstraat A,152,"","",9663PD,Nieuwe Pekela
Abraham Westersstraat A,152,A,"",9663PD,Nieuwe Pekela
Abraham Westersstraat A,153,"","",9663PD,Nieuwe Pekela
Abraham Westersstraat A,155,"","",9663PD,Nieuwe Pekela
Abraham Westersstraat A,157,"","",9663PD,Nieuwe Pekela
Abraham Westersstraat A,158,"","",9663PD,Nieuwe Pekela
Abraham Westersstraat A,159,"","",9663PD,Nieuwe Pekela
Abraham Westersstraat A,160,"","",9663PE,Nieuwe Pekela
Abraham Westersstraat A,161,"","",9663PE,Nieuwe Pekela
Abraham Westersstraat A,162,"","",9663PE,Nieuwe Pekela
Abraham Westersstraat A,164,"","",9663PE,Nieuwe Pekela
Abraham Westersstraat A,166,"","",9663PE,Nieuwe Pekela
Abraham Westersstraat A,167,"","",9663PE,Nieuwe Pekela
Abraham Westersstraat A,169,"","",9663PE,Nieuwe Pekela
Albert Reijndersstraat A,100,"","",9663PH,Nieuwe Pekela
Albert Reijndersstraat A,100,"","",9663PH,Nieuwe Pekela
Albert Reijndersstraat A,101,"","",9663PH,Nieuwe Pekela
Albert Reijndersstraat A,102,"","",9663PH,Nieuwe Pekela
Albert Reijndersstraat A,103,"","",9663PH,Nieuwe Pekela
Albert Reijndersstraat A,104,"","",9663PH,Nieuwe Pekela
Albert Reijndersstraat A,105,"","",9663PH,Nieuwe Pekela
Albert Reijndersstraat A,87,"","",9663PH,Nieuwe Pekela
Albert Reijndersstraat A,88,"","",9663PH,Nieuwe Pekela
Albert Reijndersstraat A,90,"","",9663PH,Nieuwe Pekela
Albert Reijndersstraat A,96,"","",9663PH,Nieuwe Pekela
Albert Reijndersstraat A,106,"","",9663PJ,Nieuwe Pekela
Albert Reijndersstraat A,109,"","",9663PJ,Nieuwe Pekela
Albert Reijndersstraat A,111,"","",9663PJ,Nieuwe Pekela
Albert Reijndersstraat A,114,"","",9663PJ,Nieuwe Pekela
Albert Reijndersstraat A,115,"","",9663PJ,Nieuwe Pekela
Albert Reijndersstraat A,116,"","",9663PJ,Nieuwe Pekela
Abraham Westersstraat A,118,"","",9663PJ,Nieuwe Pekela
Abraham Westersstraat A,118,"","",9663PJ,Nieuwe Pekela
Abraham Westersstraat A,119,"","",9663PJ,Nieuwe Pekela
Abraham Westersstraat A,119,"","",9663PJ,Nieuwe Pekela
Abraham Westersstraat A,120,"","",9663PJ,Nieuwe Pekela
Abraham Westersstraat A,120,"","",9663PJ,Nieuwe Pekela
Albert Reijndersstraat B,1,"","",9663PK,Nieuwe Pekela
Albert Reijndersstraat B,2,"","",9663PK,Nieuwe Pekela
Albert Reijndersstraat B,3,"","",9663PK,Nieuwe Pekela
Albert Reijndersstraat B,5,"","",9663PK,Nieuwe Pekela
Albert Reijndersstraat B,7,"","",9663PK,Nieuwe Pekela
Albert Reijndersstraat B,16,"","",9663PL,Nieuwe Pekela
Albert Reijndersstraat B,17,"","",9663PL,Nieuwe Pekela
Albert Reijndersstraat B,18,"","",9663PL,Nieuwe Pekela
Albert Reijndersstraat B,19,"","",9663PL,Nieuwe Pekela
Albert Reijndersstraat B,20,"","",9663PL,Nieuwe Pekela
Albert Reijndersstraat B,21,"","",9663PL,Nieuwe Pekela
Albert Reijndersstraat B,22,"","",9663PL,Nieuwe Pekela
Albert Reijndersstraat B,23,"","",9663PL,Nieuwe Pekela
Albert Reijndersstraat B,24,"","",9663PL,Nieuwe Pekela
Albert Reijndersstraat B,26,"","",9663PL,Nieuwe Pekela
Albert Reijndersstraat B,28,"","",9663PL,Nieuwe Pekela
Albert Reijndersstraat B,35,"","",9663PL,Nieuwe Pekela
Albert Reijndersstraat B,37,"","",9663PL,Nieuwe Pekela
Albert Reijndersstraat B,38,"","",9663PL,Nieuwe Pekela
Albert Reijndersstraat B,39,"","",9663PL,Nieuwe Pekela
Albert Reijndersstraat B,39,"","",9663PL,Nieuwe Pekela
Albert Reijndersstraat B,39,A,"",9663PL,Nieuwe Pekela
Albert Reijndersstraat B,40,"","",9663PL,Nieuwe Pekela
Albert Reijndersstraat B,194,"","",9663PM,Nieuwe Pekela
Albert Reijndersstraat B,195,"","",9663PM,Nieuwe Pekela
Albert Reijndersstraat B,195,A,"",9663PM,Nieuwe Pekela
Albert Reijndersstraat B,196,"","",9663PM,Nieuwe Pekela
Albert Reijndersstraat B,197,"","",9663PM,Nieuwe Pekela
Albert Reijndersstraat B,199,"","",9663PM,Nieuwe Pekela
Albert Reijndersstraat B,201,"","",9663PM,Nieuwe Pekela
Albert Reijndersstraat B,203,"","",9663PM,Nieuwe Pekela
Albert Reijndersstraat B,205,"","",9663PM,Nieuwe Pekela
Albert Reijndersstraat B,206,"","",9663PM,Nieuwe Pekela
Albert Reijndersstraat B,207,A,"",9663PM,Nieuwe Pekela
Albert Reijndersstraat B,208,"","",9663PM,Nieuwe Pekela
Albert Reijndersstraat B,209,"","",9663PM,Nieuwe Pekela
Albert Reijndersstraat B,211,"","",9663PM,Nieuwe Pekela
Albert Reijndersstraat B,212,"","",9663PM,Nieuwe Pekela
Albert Reijndersstraat B,212,"","",9663PM,Nieuwe Pekela
Albert Reijndersstraat B,212,A,"",9663PM,Nieuwe Pekela
Albert Reijndersstraat B,213,"","",9663PM,Nieuwe Pekela
Albert Reijndersstraat B,214,"","",9663PN,Nieuwe Pekela
Albert Reijndersstraat B,223,"","",9663PN,Nieuwe Pekela
Albert Reijndersstraat B,224,"","",9663PN,Nieuwe Pekela
Albert Reijndersstraat B,230,"","",9663PN,Nieuwe Pekela
Albert Reijndersstraat B,234,"","",9663PN,Nieuwe Pekela
Albert Reijndersstraat B,237,"","",9663PN,Nieuwe Pekela
Albatrosstraat B,42,"","",9663PP,Nieuwe Pekela
Albatrosstraat B,46,"","",9663PP,Nieuwe Pekela
Albatrosstraat B,47,"","",9663PP,Nieuwe Pekela
Albatrosstraat B,48,"","",9663PP,Nieuwe Pekela
Albatrosstraat B,49,"","",9663PP,Nieuwe Pekela
Albatrosstraat B,51,"","",9663PP,Nieuwe Pekela
Albatrosstraat B,52,"","",9663PP,Nieuwe Pekela
Albatrosstraat B,53,"","",9663PP,Nieuwe Pekela
Albatrosstraat B,54,"","",9663PP,Nieuwe Pekela
Albatrosstraat B,56,"","",9663PP,Nieuwe Pekela
Albatrosstraat B,58,"","",9663PR,Nieuwe Pekela
Albatrosstraat B,60,"","",9663PR,Nieuwe Pekela
Albatrosstraat B,72,"","",9663PR,Nieuwe Pekela
Albatrosstraat B,73,"","",9663PR,Nieuwe Pekela
Albatrosstraat B,73,"","",9663PR,Nieuwe Pekela
Albatrosstraat B,74,"","",9663PR,Nieuwe Pekela
Albatrosstraat B,75,"","",9663PR,Nieuwe Pekela
Albatrosstraat B,76,"","",9663PR,Nieuwe Pekela
Albatrosstraat B,78,"","",9663PR,Nieuwe Pekela
Albatrosstraat B,79,"","",9663PS,Nieuwe Pekela
Albatrosstraat B,81,"","",9663PS,Nieuwe Pekela
Albatrosstraat B,82,"","",9663PS,Nieuwe Pekela
Albatrosstraat B,83,"","",9663PS,Nieuwe Pekela
Albatrosstraat B,84,"","",9663PS,Nieuwe Pekela
Albatrosstraat B,85,"","",9663PS,Nieuwe Pekela
Albatrosstraat B,86,"","",9663PS,Nieuwe Pekela
Albatrosstraat B,86,A,"",9663PS,Nieuwe Pekela
Albatrosstraat B,87,"","",9663PS,Nieuwe Pekela
Albatrosstraat B,88,A,"",9663PS,Nieuwe Pekela
Albatrosstraat B,90,"","",9663PS,Nieuwe Pekela
Albatrosstraat B,91,"","",9663PS,Nieuwe Pekela
Albatrosstraat B,92,"","",9663PS,Nieuwe Pekela
Albatrosstraat B,93,"","",9663PS,Nieuwe Pekela
Albatrosstraat B,94,"","",9663PS,Nieuwe Pekela
Albatrosstraat B,95,"","",9663PS,Nieuwe Pekela
Albatrosstraat B,95,"","",9663PS,Nieuwe Pekela
Albatrosstraat B,96,"","",9663PS,Nieuwe Pekela
Albatrosstraat B,100,"","",9663PT,Nieuwe Pekela
Albatrosstraat B,101,"","",9663PT,Nieuwe Pekela
Albatrosstraat B,102,"","",9663PT,Nieuwe Pekela
Albatrosstraat B,103,"","",9663PT,Nieuwe Pekela
Albatrosstraat B,104,"","",9663PT,Nieuwe Pekela
Albatrosstraat B,105,"","",9663PT,Nieuwe Pekela
Albatrosstraat B,106,"","",9663PT,Nieuwe Pekela
Albatrosstraat B,108,"","",9663PT,Nieuwe Pekela
Albatrosstraat B,111,"","",9663PT,Nieuwe Pekela
Albatrosstraat B,114,"","",9663PT,Nieuwe Pekela
Albatrosstraat B,116,"","",9663PT,Nieuwe Pekela
Albatrosstraat B,117,"","",9663PT,Nieuwe Pekela
Albatrosstraat B,119,"","",9663PT,Nieuwe Pekela
Albatrosstraat B,120,"","",9663PT,Nieuwe Pekela
Albatrosstraat C,1,"","",9663PV,Nieuwe Pekela
Albatrosstraat C,10,"","",9663PV,Nieuwe Pekela
Albatrosstraat C,11,"","",9663PV,Nieuwe Pekela
Albatrosstraat C,12,"","",9663PV,Nieuwe Pekela
Albatrosstraat C,2,"","",9663PV,Nieuwe Pekela
Albatrosstraat C,5,"","",9663PV,Nieuwe Pekela
Albatrosstraat C,6,"","",9663PV,Nieuwe Pekela
Albatrosstraat C,7,"","",9663PV,Nieuwe Pekela
Albatrosstraat C,8,"","",9663PV,Nieuwe Pekela
Albatrosstraat C,9,"","",9663PV,Nieuwe Pekela
Albatrosstraat C,136,"","",9663PW,Nieuwe Pekela
Albatrosstraat C,137,"","",9663PW,Nieuwe Pekela
Albatrosstraat C,139,"","",9663PW,Nieuwe Pekela
Albatrosstraat C,140,"","",9663PW,Nieuwe Pekela
Albatrosstraat C,141,"","",9663PW,Nieuwe Pekela
Albatrosstraat C,143,"","",9663PW,Nieuwe Pekela
Albatrosstraat C,144,"","",9663PW,Nieuwe Pekela
Albatrosstraat C,146,"","",9663PW,Nieuwe Pekela
Oud Alteveer C,148,"","",9663PX,Nieuwe Pekela
Oud Alteveer C,150,"","",9663PX,Nieuwe Pekela
Oud Alteveer C,151,"","",9663PX,Nieuwe Pekela
Oud Alteveer C,152,"","",9663PX,Nieuwe Pekela
Beneden Polderweg A,136,"","",9663PZ,Nieuwe Pekela
Beneden Polderweg A,137,"","",9663PZ,Nieuwe Pekela
Beneden Polderweg A,139,"","",9663PZ,Nieuwe Pekela
Beneden Polderweg A,154,"","",9663PZ,Nieuwe Pekela
Ds. Sicco Tjadenstraat C,13,"","",9663RA,Nieuwe Pekela
Ds. Sicco Tjadenstraat C,19,"","",9663RA,Nieuwe Pekela
Ds. Sicco Tjadenstraat C,20,"","",9663RA,Nieuwe Pekela
Ds. Sicco Tjadenstraat C,21,"","",9663RA,Nieuwe Pekela
Ds. Sicco Tjadenstraat C,22,"","",9663RA,Nieuwe Pekela
Ds. Sicco Tjadenstraat C,22,A,"",9663RA,Nieuwe Pekela
Ds. Sicco Tjadenstraat C,23,"","",9663RA,Nieuwe Pekela
Ds. Sicco Tjadenstraat C,25,"","",9663RA,Nieuwe Pekela
Ds. Sicco Tjadenstraat C,26,"","",9663RA,Nieuwe Pekela
Ds. Sicco Tjadenstraat C,27,"","",9663RA,Nieuwe Pekela
Ds. Sicco Tjadenstraat C,32,"","",9663RB,Nieuwe Pekela
Ds. Sicco Tjadenstraat C,33,"","",9663RB,Nieuwe Pekela
Ds. Sicco Tjadenstraat C,34,"","",9663RB,Nieuwe Pekela
Ds. Sicco Tjadenstraat C,36,"","",9663RB,Nieuwe Pekela
Ds. Sicco Tjadenstraat C,37,"","",9663RB,Nieuwe Pekela
Ds. Sicco Tjadenstraat C,38,"","",9663RB,Nieuwe Pekela
Ds. Sicco Tjadenstraat C,38,A,"",9663RB,Nieuwe Pekela
Ds. Sicco Tjadenstraat C,38,B,"",9663RB,Nieuwe Pekela
Ds. Sicco Tjadenstraat C,39,"","",9663RB,Nieuwe Pekela
Ds. Sicco Tjadenstraat C,40,"","",9663RB,Nieuwe Pekela
Ds. Sicco Tjadenstraat C,45,"","",9663RB,Nieuwe Pekela
Ds. Sicco Tjadenstraat C,47,"","",9663RB,Nieuwe Pekela
Ds. Sicco Tjadenstraat C,49,"","",9663RC,Nieuwe Pekela
Ds. Sicco Tjadenstraat C,51,"","",9663RC,Nieuwe Pekela
Ds. Sicco Tjadenstraat C,51,A,"",9663RC,Nieuwe Pekela
Ds. Sicco Tjadenstraat C,52,"","",9663RC,Nieuwe Pekela
Ds. Sicco Tjadenstraat C,52,"","",9663RC,Nieuwe Pekela
Ds. Sicco Tjadenstraat C,52,A,"",9663RC,Nieuwe Pekela
Ds. Sicco Tjadenstraat C,52,B,"",9663RC,Nieuwe Pekela
Ds. Sicco Tjadenstraat C,52,C,"",9663RC,Nieuwe Pekela
Ds. Sicco Tjadenstraat C,52,D,"",9663RC,Nieuwe Pekela
Ds. Sicco Tjadenstraat C,52,E,"",9663RC,Nieuwe Pekela
Ds. Sicco Tjadenstraat C,52,F,"",9663RC,Nieuwe Pekela
Ds. Sicco Tjadenstraat C,52,G,"",9663RC,Nieuwe Pekela
Ds. Sicco Tjadenstraat C,52,H,"",9663RC,Nieuwe Pekela
Ds. Sicco Tjadenstraat C,53,"","",9663RC,Nieuwe Pekela
Ds. Sicco Tjadenstraat C,53,"","",9663RC,Nieuwe Pekela
Ds. Sicco Tjadenstraat C,53,"",B,9663RC,Nieuwe Pekela
Ds. Sicco Tjadenstraat C,53,"",C,9663RC,Nieuwe Pekela
Ds. Sicco Tjadenstraat C,53,"",E,9663RC,Nieuwe Pekela
Ds. Sicco Tjadenstraat C,53,A,"",9663RC,Nieuwe Pekela
Ds. Sicco Tjadenstraat C,53,B,"",9663RC,Nieuwe Pekela
Ds. Sicco Tjadenstraat C,53,C,"",9663RC,Nieuwe Pekela
Ds. Sicco Tjadenstraat C,53,D,"",9663RC,Nieuwe Pekela
Ds. Sicco Tjadenstraat C,53,E,"",9663RC,Nieuwe Pekela
Ds. Sicco Tjadenstraat C,53,F,"",9663RC,Nieuwe Pekela
Ds. Sicco Tjadenstraat C,53,G,"",9663RC,Nieuwe Pekela
Ds. Sicco Tjadenstraat C,55,"","",9663RC,Nieuwe Pekela
Ds. Sicco Tjadenstraat C,56,"","",9663RC,Nieuwe Pekela
Ds. Sicco Tjadenstraat C,58,"","",9663RC,Nieuwe Pekela
Ds. Sicco Tjadenstraat C,59,"","",9663RC,Nieuwe Pekela
Ds. Sicco Tjadenstraat C,67,"","",9663RD,Nieuwe Pekela
Ds. Sicco Tjadenstraat C,71,"","",9663RD,Nieuwe Pekela
Ds. Sicco Tjadenstraat C,72,"","",9663RD,Nieuwe Pekela
Ds. Sicco Tjadenstraat C,73,"","",9663RD,Nieuwe Pekela
Ds. Sicco Tjadenstraat C,81,"","",9663RD,Nieuwe Pekela
Ds. Sicco Tjadenstraat C,81,"","",9663RD,Nieuwe Pekela
Ds. Sicco Tjadenstraat C,81,A,"",9663RD,Nieuwe Pekela
Ds. Sicco Tjadenstraat C,86,"","",9663RD,Nieuwe Pekela
Ds. Sicco Tjadenstraat C,87,"","",9663RD,Nieuwe Pekela
Ds. Sicco Tjadenstraat C,88,"","",9663RD,Nieuwe Pekela
Ds. Sicco Tjadenstraat C,89,"","",9663RD,Nieuwe Pekela
Ds. Sicco Tjadenstraat C,90,"","",9663RD,Nieuwe Pekela
Ds. Sicco Tjadenstraat C,91,"","",9663RD,Nieuwe Pekela
Ds. Sicco Tjadenstraat C,92,"","",9663RD,Nieuwe Pekela
Ds. Sicco Tjadenstraat C,94,"","",9663RD,Nieuwe Pekela
Ds. Sicco Tjadenstraat C,96,"","",9663RD,Nieuwe Pekela
Ds. Sicco Tjadenstraat C,97,"","",9663RD,Nieuwe Pekela
Ds. Sicco Tjadenstraat C,110,"","",9663RE,Nieuwe Pekela
Ds. Sicco Tjadenstraat C,111,"","",9663RE,Nieuwe Pekela
Ds. Sicco Tjadenstraat C,111,A,"",9663RE,Nieuwe Pekela
Ds. Sicco Tjadenstraat C,112,"","",9663RE,Nieuwe Pekela
Ds. Sicco Tjadenstraat C,113,"","",9663RE,Nieuwe Pekela
Ds. Sicco Tjadenstraat C,113,"","",9663RE,Nieuwe Pekela
Ds. Sicco Tjadenstraat C,113,"","",9663RE,Nieuwe Pekela
Ds. Sicco Tjadenstraat C,114,"","",9663RE,Nieuwe Pekela
Ds. Sicco Tjadenstraat C,116,"","",9663RE,Nieuwe Pekela
Ds. Sicco Tjadenstraat C,118,"","",9663RE,Nieuwe Pekela
Ds. Sicco Tjadenstraat C,119,"","",9663RE,Nieuwe Pekela
Ds. Sicco Tjadenstraat C,120,"","",9663RE,Nieuwe Pekela
Ds. Sicco Tjadenstraat C,122,"","",9663RE,Nieuwe Pekela
Ds. Sicco Tjadenstraat C,123,"","",9663RE,Nieuwe Pekela
Ds. Sicco Tjadenstraat C,124,"","",9663RE,Nieuwe Pekela
Eigenhaardstraat,10,"","",9663RH,Nieuwe Pekela
Eigenhaardstraat,12,"","",9663RH,Nieuwe Pekela
Eigenhaardstraat,14,"","",9663RH,Nieuwe Pekela
Eigenhaardstraat,16,"","",9663RH,Nieuwe Pekela
Eigenhaardstraat,18,"","",9663RH,Nieuwe Pekela
Eigenhaardstraat,2,"","",9663RH,Nieuwe Pekela
Eigenhaardstraat,20,"","",9663RH,Nieuwe Pekela
Eigenhaardstraat,22,"","",9663RH,Nieuwe Pekela
Eigenhaardstraat,24,"","",9663RH,Nieuwe Pekela
Eigenhaardstraat,28,"","",9663RH,Nieuwe Pekela
Eigenhaardstraat,4,"","",9663RH,Nieuwe Pekela
Eigenhaardstraat,42,"","",9663RH,Nieuwe Pekela
Eigenhaardstraat,44,"","",9663RH,Nieuwe Pekela
Eigenhaardstraat,58,"","",9663RH,Nieuwe Pekela
Eigenhaardstraat,59,"","",9663RH,Nieuwe Pekela
Eigenhaardstraat,6,"","",9663RH,Nieuwe Pekela
Eigenhaardstraat,60,"","",9663RH,Nieuwe Pekela
Eigenhaardstraat,62,"","",9663RH,Nieuwe Pekela
Eigenhaardstraat,64,"","",9663RH,Nieuwe Pekela
Eigenhaardstraat,8,"","",9663RH,Nieuwe Pekela
Dokter Harm Brouwerstraat C,62,"","",9663RJ,Nieuwe Pekela
Dokter Harm Brouwerstraat C,64,"","",9663RJ,Nieuwe Pekela
Dokter Harm Brouwerstraat C,65,"","",9663RJ,Nieuwe Pekela
Dokter Harm Brouwerstraat C,66,"","",9663RJ,Nieuwe Pekela
Dokter Harm Brouwerstraat D,10,"","",9663RK,Nieuwe Pekela
Dokter Harm Brouwerstraat D,11,"","",9663RK,Nieuwe Pekela
Dokter Harm Brouwerstraat D,12,"","",9663RK,Nieuwe Pekela
Dokter Harm Brouwerstraat D,13,"","",9663RK,Nieuwe Pekela
Dokter Harm Brouwerstraat D,13,"","",9663RK,Nieuwe Pekela
Dokter Harm Brouwerstraat D,13,"","",9663RK,Nieuwe Pekela
Dokter Harm Brouwerstraat D,15,"","",9663RK,Nieuwe Pekela
Dokter Harm Brouwerstraat D,16,"","",9663RK,Nieuwe Pekela
Dokter Harm Brouwerstraat D,17,"","",9663RK,Nieuwe Pekela
Dokter Harm Brouwerstraat D,18,"","",9663RK,Nieuwe Pekela
Dokter Harm Brouwerstraat D,19,"","",9663RK,Nieuwe Pekela
Dokter Harm Brouwerstraat D,2,"","",9663RK,Nieuwe Pekela
Dokter Harm Brouwerstraat D,3,"","",9663RK,Nieuwe Pekela
Dokter Harm Brouwerstraat D,4,"","",9663RK,Nieuwe Pekela
Dokter Harm Brouwerstraat D,4,"","",9663RK,Nieuwe Pekela
Dokter Harm Brouwerstraat D,4,A,"",9663RK,Nieuwe Pekela
Dokter Harm Brouwerstraat D,6,"","",9663RK,Nieuwe Pekela
Dokter Harm Brouwerstraat D,7,"","",9663RK,Nieuwe Pekela
Dokter Harm Brouwerstraat D,8,"","",9663RK,Nieuwe Pekela
Dokter Harm Brouwerstraat D,9,"","",9663RK,Nieuwe Pekela
Dokter Harm Brouwerstraat D,20,"","",9663RL,Nieuwe Pekela
Dokter Harm Brouwerstraat D,21,"","",9663RL,Nieuwe Pekela
Dokter Harm Brouwerstraat D,22,"","",9663RL,Nieuwe Pekela
Dokter Harm Brouwerstraat D,23,"","",9663RL,Nieuwe Pekela
Dokter Harm Brouwerstraat D,24,"","",9663RL,Nieuwe Pekela
Dokter Harm Brouwerstraat D,26,"","",9663RL,Nieuwe Pekela
Dokter Harm Brouwerstraat D,27,"","",9663RL,Nieuwe Pekela
Dokter Harm Brouwerstraat D,28,"","",9663RL,Nieuwe Pekela
Dokter Harm Brouwerstraat D,29,"","",9663RL,Nieuwe Pekela
Dokter Harm Brouwerstraat D,29,A,"",9663RL,Nieuwe Pekela
Dokter Harm Brouwerstraat D,30,"","",9663RL,Nieuwe Pekela
Dokter Harm Brouwerstraat D,31,"","",9663RL,Nieuwe Pekela
Dokter Harm Brouwerstraat D,32,"","",9663RL,Nieuwe Pekela
Dokter Harm Brouwerstraat D,33,"","",9663RL,Nieuwe Pekela
Dokter Harm Brouwerstraat D,34,"","",9663RL,Nieuwe Pekela
Dokter Harm Brouwerstraat D,34,"","",9663RL,Nieuwe Pekela
Dokter Harm Brouwerstraat D,34,"","",9663RL,Nieuwe Pekela
Dokter Harm Brouwerstraat D,35,"","",9663RL,Nieuwe Pekela
Dokter Harm Brouwerstraat D,36,"","",9663RL,Nieuwe Pekela
Dokter Harm Brouwerstraat D,37,"","",9663RL,Nieuwe Pekela
Dokter Harm Brouwerstraat D,38,"","",9663RL,Nieuwe Pekela
Dokter Harm Brouwerstraat D,39,"","",9663RL,Nieuwe Pekela
Dokter Harm Brouwerstraat D,39,A,"",9663RL,Nieuwe Pekela
Dokter Harm Brouwerstraat D,75,"","",9663RM,Nieuwe Pekela
Dokter Harm Brouwerstraat D,76,"","",9663RM,Nieuwe Pekela
Dokter Harm Brouwerstraat D,77,"","",9663RM,Nieuwe Pekela
Dokter Harm Brouwerstraat D,79,"","",9663RM,Nieuwe Pekela
Dokter Harm Brouwerstraat D,80,"","",9663RM,Nieuwe Pekela
Dokter Harm Brouwerstraat D,81,"","",9663RM,Nieuwe Pekela
Dokter Harm Brouwerstraat D,82,"","",9663RM,Nieuwe Pekela
Dokter Harm Brouwerstraat D,83,"","",9663RM,Nieuwe Pekela
Dokter Harm Brouwerstraat D,84,"","",9663RM,Nieuwe Pekela
Dokter Harm Brouwerstraat D,85,"","",9663RM,Nieuwe Pekela
Dokter Harm Brouwerstraat D,86,"","",9663RM,Nieuwe Pekela
Dokter Harm Brouwerstraat D,87,"","",9663RM,Nieuwe Pekela
Dokter Harm Brouwerstraat D,87,A,"",9663RM,Nieuwe Pekela
Dokter Harm Brouwerstraat D,101,"","",9663RN,Nieuwe Pekela
Dokter Harm Brouwerstraat D,102,"","",9663RN,Nieuwe Pekela
Dokter Harm Brouwerstraat D,103,"","",9663RN,Nieuwe Pekela
Dokter Harm Brouwerstraat D,104,"","",9663RN,Nieuwe Pekela
Dokter Harm Brouwerstraat D,105,"","",9663RN,Nieuwe Pekela
Dokter Harm Brouwerstraat D,88,"","",9663RN,Nieuwe Pekela
Dokter Harm Brouwerstraat D,90,"","",9663RN,Nieuwe Pekela
Dokter Harm Brouwerstraat D,91,"","",9663RN,Nieuwe Pekela
Dokter Harm Brouwerstraat D,92,"","",9663RN,Nieuwe Pekela
Dokter Harm Brouwerstraat D,93,"","",9663RN,Nieuwe Pekela
Dokter Harm Brouwerstraat D,94,"","",9663RN,Nieuwe Pekela
Dokter Harm Brouwerstraat D,96,"","",9663RN,Nieuwe Pekela
Jan Oldenburgerstraat D,45,"","",9663RP,Nieuwe Pekela
Jan Oldenburgerstraat D,46,"","",9663RP,Nieuwe Pekela
Jan Oldenburgerstraat D,47,"","",9663RP,Nieuwe Pekela
Jan Oldenburgerstraat D,48,"","",9663RP,Nieuwe Pekela
Jan Oldenburgerstraat D,49,"","",9663RP,Nieuwe Pekela
Jan Oldenburgerstraat D,50,"","",9663RP,Nieuwe Pekela
Jan Oldenburgerstraat D,55,"","",9663RP,Nieuwe Pekela
Jan Oldenburgerstraat D,56,"","",9663RP,Nieuwe Pekela
Jan Oldenburgerstraat D,57,"","",9663RP,Nieuwe Pekela
Jan Oldenburgerstraat D,58,"","",9663RP,Nieuwe Pekela
Jan Oldenburgerstraat D,58,A,"",9663RP,Nieuwe Pekela
Boven Polderweg,1,"","",9663RR,Nieuwe Pekela
Boven Polderweg,3,"","",9663RR,Nieuwe Pekela
Jan Oldenburgerstraat D,59,"","",9663RR,Nieuwe Pekela
Jan Oldenburgerstraat D,60,"","",9663RR,Nieuwe Pekela
Jan Oldenburgerstraat D,61,"","",9663RR,Nieuwe Pekela
Jan Oldenburgerstraat D,62,"","",9663RR,Nieuwe Pekela
Jan Oldenburgerstraat D,64,"","",9663RR,Nieuwe Pekela
Jan Oldenburgerstraat D,67,"","",9663RR,Nieuwe Pekela
Jan Oldenburgerstraat D,67,"","",9663RR,Nieuwe Pekela
Jan Oldenburgerstraat D,68,"","",9663RR,Nieuwe Pekela
Jan Oldenburgerstraat D,71,"","",9663RR,Nieuwe Pekela
Jan Oldenburgerstraat D,71,"","",9663RR,Nieuwe Pekela
Jan Oldenburgerstraat E,12,"","",9663RS,Nieuwe Pekela
Jan Oldenburgerstraat E,12,"","",9663RS,Nieuwe Pekela
Jan Oldenburgerstraat E,14,"","",9663RS,Nieuwe Pekela
Jan Oldenburgerstraat E,15,"","",9663RS,Nieuwe Pekela
Jan Oldenburgerstraat E,16,"","",9663RS,Nieuwe Pekela
Jan Oldenburgerstraat E,19,"","",9663RS,Nieuwe Pekela
Jan Oldenburgerstraat E,20,A,"",9663RS,Nieuwe Pekela
Jan Oldenburgerstraat E,20,B,"",9663RS,Nieuwe Pekela
Jan Oldenburgerstraat E,20,C,"",9663RS,Nieuwe Pekela
Jan Oldenburgerstraat E,20,D,"",9663RS,Nieuwe Pekela
Jan Oldenburgerstraat E,3,"","",9663RS,Nieuwe Pekela
Jan Oldenburgerstraat E,4,"","",9663RS,Nieuwe Pekela
Jan Oldenburgerstraat E,6,"","",9663RS,Nieuwe Pekela
Jan Oldenburgerstraat E,8,"","",9663RS,Nieuwe Pekela
Jan Oldenburgerstraat E,9,"","",9663RS,Nieuwe Pekela
Jan Oldenburgerstraat E,27,"","",9663RT,Nieuwe Pekela
Jan Oldenburgerstraat E,28,"","",9663RT,Nieuwe Pekela
Jan Oldenburgerstraat E,29,"","",9663RT,Nieuwe Pekela
Jan Oldenburgerstraat E,30,"","",9663RT,Nieuwe Pekela
Jan Oldenburgerstraat E,31,"","",9663RT,Nieuwe Pekela
Jan Oldenburgerstraat E,32,"","",9663RT,Nieuwe Pekela
Jan Oldenburgerstraat E,35,"","",9663RT,Nieuwe Pekela
Jan Oldenburgerstraat E,36,"","",9663RT,Nieuwe Pekela
Jan Oldenburgerstraat E,38,"","",9663RT,Nieuwe Pekela
Jan Oldenburgerstraat E,39,"","",9663RT,Nieuwe Pekela
Jan Oldenburgerstraat E,40,"","",9663RT,Nieuwe Pekela
Jan Oldenburgerstraat E,41,"","",9663RT,Nieuwe Pekela
Jan Oldenburgerstraat E,42,"","",9663RT,Nieuwe Pekela
Jan Oldenburgerstraat E,43,"","",9663RT,Nieuwe Pekela
Jan Oldenburgerstraat E,44,"","",9663RT,Nieuwe Pekela
Jan Oldenburgerstraat E,45,"","",9663RT,Nieuwe Pekela
Jan Oldenburgerstraat E,47,"","",9663RV,Nieuwe Pekela
Jan Oldenburgerstraat E,48,"","",9663RV,Nieuwe Pekela
Jan Oldenburgerstraat E,49,"","",9663RV,Nieuwe Pekela
Jan Oldenburgerstraat E,50,"","",9663RV,Nieuwe Pekela
Jan Oldenburgerstraat E,51,"","",9663RV,Nieuwe Pekela
Jan Oldenburgerstraat E,52,"","",9663RV,Nieuwe Pekela
Jan Oldenburgerstraat E,53,"","",9663RV,Nieuwe Pekela
Jan Oldenburgerstraat E,54,"","",9663RV,Nieuwe Pekela
Jan Oldenburgerstraat E,55,"","",9663RV,Nieuwe Pekela
Jan Oldenburgerstraat E,58,"","",9663RV,Nieuwe Pekela
Jan Oldenburgerstraat E,59,"","",9663RV,Nieuwe Pekela
Jan Oldenburgerstraat E,60,"","",9663RV,Nieuwe Pekela
Jan Oldenburgerstraat E,62,"","",9663RV,Nieuwe Pekela
Jan Oldenburgerstraat E,63,"","",9663RV,Nieuwe Pekela
Jan Oldenburgerstraat E,63,"","",9663RV,Nieuwe Pekela
Jan Oldenburgerstraat E,64,"","",9663RV,Nieuwe Pekela
Jan Oldenburgerstraat E,66,"","",9663RV,Nieuwe Pekela
Jan Oldenburgerstraat E,67,"","",9663RV,Nieuwe Pekela
Jan Oldenburgerstraat E,100,"","",9663RW,Nieuwe Pekela
Jan Oldenburgerstraat E,101,"","",9663RW,Nieuwe Pekela
Jan Oldenburgerstraat E,104,"","",9663RW,Nieuwe Pekela
Jan Oldenburgerstraat E,106,"","",9663RW,Nieuwe Pekela
Jan Oldenburgerstraat E,109,"","",9663RW,Nieuwe Pekela
Jan Oldenburgerstraat E,110,"","",9663RW,Nieuwe Pekela
Jan Oldenburgerstraat E,111,"","",9663RW,Nieuwe Pekela
Jan Oldenburgerstraat E,112,"","",9663RW,Nieuwe Pekela
Jan Oldenburgerstraat E,114,"","",9663RW,Nieuwe Pekela
Jan Oldenburgerstraat E,116,"","",9663RW,Nieuwe Pekela
Jan Oldenburgerstraat E,118,"","",9663RW,Nieuwe Pekela
Jan Oldenburgerstraat E,121,"","",9663RW,Nieuwe Pekela
Jan Oldenburgerstraat E,121,A,"",9663RW,Nieuwe Pekela
Jan Oldenburgerstraat E,98,"","",9663RW,Nieuwe Pekela
Jan Oldenburgerstraat E,98,A,"",9663RW,Nieuwe Pekela
Jan Oldenburgerstraat E,98,B,"",9663RW,Nieuwe Pekela
Jan Oldenburgerstraat E,99,"","",9663RW,Nieuwe Pekela
Jan Oldenburgerstraat E,122,"","",9663RX,Nieuwe Pekela
Jan Oldenburgerstraat E,123,"","",9663RX,Nieuwe Pekela
Jan Oldenburgerstraat E,125,"","",9663RX,Nieuwe Pekela
Jan Oldenburgerstraat E,126,"","",9663RX,Nieuwe Pekela
Jan Oldenburgerstraat E,127,"","",9663RX,Nieuwe Pekela
Jan Oldenburgerstraat E,128,"","",9663RX,Nieuwe Pekela
Jan Oldenburgerstraat E,129,"","",9663RX,Nieuwe Pekela
Jan Oldenburgerstraat E,130,"","",9663RX,Nieuwe Pekela
Jan Oldenburgerstraat E,131,"","",9663RX,Nieuwe Pekela
Jan Oldenburgerstraat E,132,"","",9663RX,Nieuwe Pekela
Jan Oldenburgerstraat E,133,"","",9663RX,Nieuwe Pekela
Jan Oldenburgerstraat E,134,"","",9663RX,Nieuwe Pekela
Jan Oldenburgerstraat E,135,"","",9663RX,Nieuwe Pekela
Jan Oldenburgerstraat E,136,"","",9663RX,Nieuwe Pekela
Jan Oldenburgerstraat E,137,"","",9663RX,Nieuwe Pekela
Jan Oldenburgerstraat E,142,"","",9663RX,Nieuwe Pekela
Jan Oldenburgerstraat E,144,"","",9663RX,Nieuwe Pekela
Jan Oldenburgerstraat E,145,"","",9663RX,Nieuwe Pekela
Champ Clark,1,"","",9663RZ,Nieuwe Pekela
Champ Clark,10,"","",9663RZ,Nieuwe Pekela
Champ Clark,10,A,"",9663RZ,Nieuwe Pekela
Champ Clark,11,"","",9663RZ,Nieuwe Pekela
Champ Clark,12,"","",9663RZ,Nieuwe Pekela
Champ Clark,12,A,"",9663RZ,Nieuwe Pekela
Champ Clark,13,"","",9663RZ,Nieuwe Pekela
Champ Clark,14,"","",9663RZ,Nieuwe Pekela
Champ Clark,14,A,"",9663RZ,Nieuwe Pekela
Champ Clark,15,"","",9663RZ,Nieuwe Pekela
Champ Clark,16,"","",9663RZ,Nieuwe Pekela
Champ Clark,16,A,"",9663RZ,Nieuwe Pekela
Champ Clark,17,"","",9663RZ,Nieuwe Pekela
Champ Clark,17,A,"",9663RZ,Nieuwe Pekela
Champ Clark,18,"","",9663RZ,Nieuwe Pekela
Champ Clark,18,A,"",9663RZ,Nieuwe Pekela
Champ Clark,19,"","",9663RZ,Nieuwe Pekela
Champ Clark,19,A,"",9663RZ,Nieuwe Pekela
Champ Clark,2,"","",9663RZ,Nieuwe Pekela
Champ Clark,2,A,"",9663RZ,Nieuwe Pekela
Champ Clark,20,"","",9663RZ,Nieuwe Pekela
Champ Clark,20,A,"",9663RZ,Nieuwe Pekela
Champ Clark,21,"","",9663RZ,Nieuwe Pekela
Champ Clark,21,A,"",9663RZ,Nieuwe Pekela
Champ Clark,22,"","",9663RZ,Nieuwe Pekela
Champ Clark,22,A,"",9663RZ,Nieuwe Pekela
Champ Clark,23,"","",9663RZ,Nieuwe Pekela
Champ Clark,23,A,"",9663RZ,Nieuwe Pekela
Champ Clark,25,"","",9663RZ,Nieuwe Pekela
Champ Clark,25,A,"",9663RZ,Nieuwe Pekela
Champ Clark,27,"","",9663RZ,Nieuwe Pekela
Champ Clark,27,A,"",9663RZ,Nieuwe Pekela
Champ Clark,3,"","",9663RZ,Nieuwe Pekela
Champ Clark,4,"","",9663RZ,Nieuwe Pekela
Champ Clark,4,A,"",9663RZ,Nieuwe Pekela
Champ Clark,5,"","",9663RZ,Nieuwe Pekela
Champ Clark,6,"","",9663RZ,Nieuwe Pekela
Champ Clark,6,A,"",9663RZ,Nieuwe Pekela
Champ Clark,7,"","",9663RZ,Nieuwe Pekela
Champ Clark,8,"","",9663RZ,Nieuwe Pekela
Champ Clark,8,A,"",9663RZ,Nieuwe Pekela
Champ Clark,9,"","",9663RZ,Nieuwe Pekela
Torenwijk C,73,A,"",9663SB,Nieuwe Pekela
Torenwijk C,73,A,"",9663SB,Nieuwe Pekela
Torenwijk C,74,"","",9663SB,Nieuwe Pekela
Torenwijk C,75,"","",9663SB,Nieuwe Pekela
Torenwijk C,76,"","",9663SB,Nieuwe Pekela
Torenwijk C,77,"","",9663SB,Nieuwe Pekela
Torenwijk C,78,"","",9663SB,Nieuwe Pekela
Torenwijk C,79,"","",9663SB,Nieuwe Pekela
Torenwijk C,80,"","",9663SB,Nieuwe Pekela
Kazernewijk E,2,"","",9663SC,Nieuwe Pekela
Kazernewijk E,21,"","",9663SC,Nieuwe Pekela
Kazernewijk E,23,"","",9663SC,Nieuwe Pekela
Kazernewijk E,24,"","",9663SC,Nieuwe Pekela
Kazernewijk E,24,A,"",9663SC,Nieuwe Pekela
Kazernewijk E,6,"","",9663SC,Nieuwe Pekela
Kazernewijk E,8,"","",9663SC,Nieuwe Pekela
Jan R. Stuutstraat F,10,"","",9663SE,Nieuwe Pekela
Jan R. Stuutstraat F,11,"","",9663SE,Nieuwe Pekela
Jan R. Stuutstraat F,12,"","",9663SE,Nieuwe Pekela
Jan R. Stuutstraat F,13,"","",9663SE,Nieuwe Pekela
Jan R. Stuutstraat F,14,"","",9663SE,Nieuwe Pekela
Jan R. Stuutstraat F,16,"","",9663SE,Nieuwe Pekela
Jan R. Stuutstraat F,18,"","",9663SE,Nieuwe Pekela
Jan R. Stuutstraat F,4,"","",9663SE,Nieuwe Pekela
Jan R. Stuutstraat F,5,"","",9663SE,Nieuwe Pekela
Jan R. Stuutstraat F,6,"","",9663SE,Nieuwe Pekela
Jan R. Stuutstraat F,7,"","",9663SE,Nieuwe Pekela
Jan R. Stuutstraat F,8,"","",9663SE,Nieuwe Pekela
Jan R. Stuutstraat F,9,"","",9663SE,Nieuwe Pekela
Jan R. Stuutstraat F,24,"","",9663SG,Nieuwe Pekela
Jan R. Stuutstraat F,24,A,"",9663SG,Nieuwe Pekela
Jan R. Stuutstraat F,25,"","",9663SG,Nieuwe Pekela
Jan R. Stuutstraat F,26,"","",9663SG,Nieuwe Pekela
Jan R. Stuutstraat F,27,"","",9663SG,Nieuwe Pekela
Jan R. Stuutstraat F,28,"","",9663SG,Nieuwe Pekela
Jan R. Stuutstraat F,29,"","",9663SG,Nieuwe Pekela
Jan R. Stuutstraat F,30,"","",9663SG,Nieuwe Pekela
Jan R. Stuutstraat F,31,"","",9663SG,Nieuwe Pekela
Jan R. Stuutstraat F,31,A,"",9663SG,Nieuwe Pekela
Jan R. Stuutstraat F,32,"","",9663SG,Nieuwe Pekela
Jan R. Stuutstraat F,33,"","",9663SG,Nieuwe Pekela
Jan R. Stuutstraat F,34,"","",9663SG,Nieuwe Pekela
Jan R. Stuutstraat F,35,"","",9663SG,Nieuwe Pekela
Jan R. Stuutstraat F,36,"","",9663SG,Nieuwe Pekela
Jan R. Stuutstraat F,40,"","",9663SG,Nieuwe Pekela
Jan R. Stuutstraat F,42,"","",9663SG,Nieuwe Pekela
Jan R. Stuutstraat F,43,"","",9663SG,Nieuwe Pekela
Jan R. Stuutstraat F,44,"","",9663SG,Nieuwe Pekela
Jan R. Stuutstraat F,45,"","",9663SG,Nieuwe Pekela
Jan R. Stuutstraat F,46,"","",9663SG,Nieuwe Pekela
Jan R. Stuutstraat F,48,"","",9663SH,Nieuwe Pekela
Jan R. Stuutstraat F,48,A,"",9663SH,Nieuwe Pekela
Jan R. Stuutstraat F,49,"","",9663SH,Nieuwe Pekela
Jan R. Stuutstraat F,51,"","",9663SH,Nieuwe Pekela
Jan R. Stuutstraat F,53,"","",9663SH,Nieuwe Pekela
Jan R. Stuutstraat F,54,"","",9663SH,Nieuwe Pekela
Jan R. Stuutstraat F,55,"","",9663SH,Nieuwe Pekela
Jan R. Stuutstraat F,56,"","",9663SH,Nieuwe Pekela
Jan R. Stuutstraat F,58,"","",9663SH,Nieuwe Pekela
Jan R. Stuutstraat F,59,"","",9663SH,Nieuwe Pekela
Jan R. Stuutstraat F,60,"","",9663SH,Nieuwe Pekela
Jan R. Stuutstraat F,60,A,"",9663SH,Nieuwe Pekela
Jan R. Stuutstraat F,60,A,"",9663SH,Nieuwe Pekela
Jan R. Stuutstraat F,60,A,"",9663SH,Nieuwe Pekela
Jan R. Stuutstraat F,60,A,"",9663SH,Nieuwe Pekela
Jan R. Stuutstraat F,60,B,"",9663SH,Nieuwe Pekela
Jan R. Stuutstraat F,60,B,"",9663SH,Nieuwe Pekela
Jan R. Stuutstraat F,60,C,"",9663SH,Nieuwe Pekela
Jan R. Stuutstraat F,61,"",A,9663SH,Nieuwe Pekela
Jan R. Stuutstraat F,61,A,"",9663SJ,Nieuwe Pekela
Jan R. Stuutstraat F,75,"","",9663SJ,Nieuwe Pekela
Jan R. Stuutstraat F,76,"","",9663SJ,Nieuwe Pekela
Jan R. Stuutstraat F,76,"","",9663SJ,Nieuwe Pekela
Jan R. Stuutstraat F,76,"","",9663SJ,Nieuwe Pekela
Jan R. Stuutstraat F,77,"","",9663SJ,Nieuwe Pekela
Jan R. Stuutstraat F,78,"","",9663SJ,Nieuwe Pekela
Jan R. Stuutstraat F,79,"","",9663SJ,Nieuwe Pekela
Jan R. Stuutstraat F,84,"","",9663SJ,Nieuwe Pekela
Jan R. Stuutstraat F,85,"","",9663SJ,Nieuwe Pekela
Jan R. Stuutstraat F,86,"","",9663SJ,Nieuwe Pekela
Jan R. Stuutstraat F,88,"","",9663SJ,Nieuwe Pekela
Jan R. Stuutstraat F,89,"","",9663SJ,Nieuwe Pekela
Jan R. Stuutstraat F,100,"","",9663SK,Nieuwe Pekela
Jan R. Stuutstraat F,101,"","",9663SK,Nieuwe Pekela
Jan R. Stuutstraat F,102,"","",9663SK,Nieuwe Pekela
Jan R. Stuutstraat F,91,"","",9663SK,Nieuwe Pekela
Jan R. Stuutstraat F,92,"","",9663SK,Nieuwe Pekela
Jan R. Stuutstraat F,93,"","",9663SK,Nieuwe Pekela
Jan R. Stuutstraat F,94,"","",9663SK,Nieuwe Pekela
Jan R. Stuutstraat F,95,"","",9663SK,Nieuwe Pekela
Jan R. Stuutstraat F,95,A,"",9663SK,Nieuwe Pekela
Jan R. Stuutstraat F,96,"","",9663SK,Nieuwe Pekela
Jan R. Stuutstraat F,99,"","",9663SK,Nieuwe Pekela
Jacob de Weerdstraat F,61,"","",9663SL,Nieuwe Pekela
Jacob de Weerdstraat F,62,"","",9663SL,Nieuwe Pekela
Jacob de Weerdstraat F,62,A,"",9663SL,Nieuwe Pekela
Jacob de Weerdstraat F,63,"","",9663SL,Nieuwe Pekela
Jacob de Weerdstraat F,66,"","",9663SL,Nieuwe Pekela
Jacob de Weerdstraat F,68,"","",9663SM,Nieuwe Pekela
Jacob de Weerdstraat F,69,"","",9663SM,Nieuwe Pekela
Jacob de Weerdstraat F,70,"","",9663SM,Nieuwe Pekela
Jacob de Weerdstraat F,71,"","",9663SM,Nieuwe Pekela
Jacob de Weerdstraat F,72,"","",9663SM,Nieuwe Pekela
Jacob de Weerdstraat F,73,"","",9663SM,Nieuwe Pekela
Jacob de Weerdstraat F,73,A,"",9663SM,Nieuwe Pekela
Jacob de Weerdstraat G,10,"","",9663SN,Nieuwe Pekela
Jacob de Weerdstraat G,10,L,"",9663SN,Nieuwe Pekela
Jacob de Weerdstraat G,11,"","",9663SN,Nieuwe Pekela
Jacob de Weerdstraat G,12,"","",9663SN,Nieuwe Pekela
Jacob de Weerdstraat G,12,A,"",9663SN,Nieuwe Pekela
Jacob de Weerdstraat G,13,"","",9663SN,Nieuwe Pekela
Jacob de Weerdstraat G,13,A,"",9663SN,Nieuwe Pekela
Jacob de Weerdstraat G,14,"","",9663SN,Nieuwe Pekela
Jacob de Weerdstraat G,16,"","",9663SN,Nieuwe Pekela
Jacob de Weerdstraat G,18,"","",9663SN,Nieuwe Pekela
Jacob de Weerdstraat G,19,"","",9663SN,Nieuwe Pekela
Jacob de Weerdstraat G,2,"","",9663SN,Nieuwe Pekela
Jacob de Weerdstraat G,20,"","",9663SN,Nieuwe Pekela
Jacob de Weerdstraat G,4,"","",9663SN,Nieuwe Pekela
Jacob de Weerdstraat G,5,"","",9663SN,Nieuwe Pekela
Jacob de Weerdstraat G,6,"","",9663SN,Nieuwe Pekela
Jacob de Weerdstraat G,7,"","",9663SN,Nieuwe Pekela
Jacob de Weerdstraat G,9,"","",9663SN,Nieuwe Pekela
Jacob de Weerdstraat G,65,"","",9663SP,Nieuwe Pekela
Jacob de Weerdstraat G,65,A,"",9663SP,Nieuwe Pekela
Jacob de Weerdstraat G,66,"","",9663SP,Nieuwe Pekela
Jacob de Weerdstraat G,69,"","",9663SP,Nieuwe Pekela
Jacob de Weerdstraat G,70,"","",9663SP,Nieuwe Pekela
Jacob de Weerdstraat G,70,A,"",9663SP,Nieuwe Pekela
Molenstraat G,21,"","",9663SR,Nieuwe Pekela
Molenstraat G,22,"","",9663SR,Nieuwe Pekela
Molenstraat G,23,"","",9663SR,Nieuwe Pekela
Molenstraat G,24,"","",9663SR,Nieuwe Pekela
Molenstraat G,25,"","",9663SR,Nieuwe Pekela
Molenstraat G,27,"","",9663SR,Nieuwe Pekela
Molenstraat G,28,"","",9663SR,Nieuwe Pekela
Molenstraat G,30,"","",9663SR,Nieuwe Pekela
Molenstraat G,30,"","",9663SR,Nieuwe Pekela
Molenstraat G,30,"","",9663SR,Nieuwe Pekela
Molenstraat G,31,"","",9663SR,Nieuwe Pekela
Molenstraat G,32,"","",9663SR,Nieuwe Pekela
Molenstraat G,33,"","",9663SR,Nieuwe Pekela
Molenstraat G,34,"","",9663SR,Nieuwe Pekela
Molenstraat G,35,"","",9663SR,Nieuwe Pekela
Molenstraat G,36,"","",9663SR,Nieuwe Pekela
Molenstraat G,36,A,"",9663SR,Nieuwe Pekela
Molenstraat G,51,"","",9663SV,Nieuwe Pekela
Molenstraat G,54,"","",9663SV,Nieuwe Pekela
Molenstraat G,58,"","",9663SV,Nieuwe Pekela
Molenstraat G,59,"","",9663SV,Nieuwe Pekela
Molenstraat G,62,"","",9663SV,Nieuwe Pekela
Molenstraat G,62,A,"",9663SV,Nieuwe Pekela
Molenstraat G,63,"","",9663SV,Nieuwe Pekela
Molenstraat G,64,"","",9663SV,Nieuwe Pekela
Molenstraat G,64,A,"",9663SV,Nieuwe Pekela
Ommelanderweg,2,"","",9663SW,Nieuwe Pekela
