straat,huisnummer,huisletter,toevoeging,postcode,plaats
Markendaalseweg,101,"","",4811KB,Breda
Markendaalseweg,101,"","",4811KB,Breda
Markendaalseweg,103,"","",4811KB,Breda
Markendaalseweg,105,"","",4811KB,Breda
Markendaalseweg,105,"","",4811KB,Breda
Markendaalseweg,107,"","",4811KB,Breda
Markendaalseweg,107,"","",4811KB,Breda
Markendaalseweg,109,"","",4811KB,Breda
Markendaalseweg,109,"","",4811KB,Breda
Markendaalseweg,111,"","",4811KB,Breda
Markendaalseweg,111,"","",4811KB,Breda
Markendaalseweg,113,"","",4811KB,Breda
Markendaalseweg,113,"","",4811KB,Breda
Markendaalseweg,115,"","",4811KB,Breda
Markendaalseweg,115,"","",4811KB,Breda
Markendaalseweg,287,"","",4811KB,Breda
Markendaalseweg,289,"","",4811KB,Breda
Markendaalseweg,291,"","",4811KB,Breda
Markendaalseweg,293,"","",4811KB,Breda
Markendaalseweg,295,"","",4811KB,Breda
Markendaalseweg,297,"","",4811KB,Breda
Markendaalseweg,299,"","",4811KB,Breda
Markendaalseweg,301,"","",4811KB,Breda
Markendaalseweg,303,"","",4811KB,Breda
Markendaalseweg,305,"","",4811KB,Breda
Markendaalseweg,307,"","",4811KB,Breda
Markendaalseweg,309,"","",4811KB,Breda
Markendaalseweg,311,"","",4811KB,Breda
Markendaalseweg,313,"","",4811KB,Breda
Markendaalseweg,315,"","",4811KB,Breda
Markendaalseweg,317,"","",4811KB,Breda
Markendaalseweg,319,"","",4811KB,Breda
Markendaalseweg,321,"","",4811KB,Breda
Markendaalseweg,323,"","",4811KB,Breda
Markendaalseweg,325,"","",4811KB,Breda
Markendaalseweg,327,"","",4811KB,Breda
Markendaalseweg,329,"",A1,4811KB,Breda
Markendaalseweg,329,"",A19,4811KB,Breda
Markendaalseweg,329,"",A35,4811KB,Breda
Markendaalseweg,329,"",B2,4811KB,Breda
Markendaalseweg,329,"",B21,4811KB,Breda
Markendaalseweg,329,"",B22,4811KB,Breda
Markendaalseweg,329,"",B23,4811KB,Breda
Markendaalseweg,329,"",B24,4811KB,Breda
Markendaalseweg,329,"",B3,4811KB,Breda
Markendaalseweg,329,"",B4,4811KB,Breda
Markendaalseweg,329,"",B5,4811KB,Breda
Markendaalseweg,329,"",B6,4811KB,Breda
Markendaalseweg,329,"",C10,4811KB,Breda
Markendaalseweg,329,"",C11,4811KB,Breda
Markendaalseweg,329,"",C25,4811KB,Breda
Markendaalseweg,329,"",C26,4811KB,Breda
Markendaalseweg,329,"",C27,4811KB,Breda
Markendaalseweg,329,"",C28,4811KB,Breda
Markendaalseweg,329,"",C7,4811KB,Breda
Markendaalseweg,329,"",C8,4811KB,Breda
Markendaalseweg,329,"",C9,4811KB,Breda
Markendaalseweg,329,"",D12,4811KB,Breda
Markendaalseweg,329,"",D13,4811KB,Breda
Markendaalseweg,329,"",D14,4811KB,Breda
Markendaalseweg,329,"",D15,4811KB,Breda
Markendaalseweg,329,"",D29,4811KB,Breda
Markendaalseweg,329,"",D30,4811KB,Breda
Markendaalseweg,329,"",D31,4811KB,Breda
Markendaalseweg,329,"",D32,4811KB,Breda
Markendaalseweg,329,"",E16,4811KB,Breda
Markendaalseweg,329,"",E17,4811KB,Breda
Markendaalseweg,329,"",E18,4811KB,Breda
Markendaalseweg,329,"",E33,4811KB,Breda
Markendaalseweg,329,"",E34,4811KB,Breda
Markendaalseweg,67,"",A1,4811KB,Breda
Markendaalseweg,67,"",A1,4811KB,Breda
Markendaalseweg,67,"",A10,4811KB,Breda
Markendaalseweg,67,"",A10,4811KB,Breda
Markendaalseweg,67,"",A11,4811KB,Breda
Markendaalseweg,67,"",A11,4811KB,Breda
Markendaalseweg,67,"",A12,4811KB,Breda
Markendaalseweg,67,"",A12,4811KB,Breda
Markendaalseweg,67,"",A13,4811KB,Breda
Markendaalseweg,67,"",A13,4811KB,Breda
Markendaalseweg,67,"",A2,4811KB,Breda
Markendaalseweg,67,"",A2,4811KB,Breda
Markendaalseweg,67,"",A3,4811KB,Breda
Markendaalseweg,67,"",A3,4811KB,Breda
Markendaalseweg,67,"",A4,4811KB,Breda
Markendaalseweg,67,"",A4,4811KB,Breda
Markendaalseweg,67,"",A5,4811KB,Breda
Markendaalseweg,67,"",A5,4811KB,Breda
Markendaalseweg,67,"",A6,4811KB,Breda
Markendaalseweg,67,"",A6,4811KB,Breda
Markendaalseweg,67,"",A7,4811KB,Breda
Markendaalseweg,67,"",A7,4811KB,Breda
Markendaalseweg,67,"",A8,4811KB,Breda
Markendaalseweg,67,"",A8,4811KB,Breda
Markendaalseweg,67,"",A9,4811KB,Breda
Markendaalseweg,67,"",A9,4811KB,Breda
Markendaalseweg,67,"",B1,4811KB,Breda
Markendaalseweg,67,"",B1,4811KB,Breda
Markendaalseweg,67,"",B10,4811KB,Breda
Markendaalseweg,67,"",B10,4811KB,Breda
Markendaalseweg,67,"",B11,4811KB,Breda
Markendaalseweg,67,"",B11,4811KB,Breda
Markendaalseweg,67,"",B12,4811KB,Breda
Markendaalseweg,67,"",B12,4811KB,Breda
Markendaalseweg,67,"",B13,4811KB,Breda
Markendaalseweg,67,"",B13,4811KB,Breda
Markendaalseweg,67,"",B2,4811KB,Breda
Markendaalseweg,67,"",B2,4811KB,Breda
Markendaalseweg,67,"",B3,4811KB,Breda
Markendaalseweg,67,"",B3,4811KB,Breda
Markendaalseweg,67,"",B4,4811KB,Breda
Markendaalseweg,67,"",B4,4811KB,Breda
Markendaalseweg,67,"",B5,4811KB,Breda
Markendaalseweg,67,"",B5,4811KB,Breda
Markendaalseweg,67,"",B6,4811KB,Breda
Markendaalseweg,67,"",B6,4811KB,Breda
Markendaalseweg,67,"",B7,4811KB,Breda
Markendaalseweg,67,"",B7,4811KB,Breda
Markendaalseweg,67,"",B8,4811KB,Breda
Markendaalseweg,67,"",B8,4811KB,Breda
Markendaalseweg,67,"",B9,4811KB,Breda
Markendaalseweg,67,"",B9,4811KB,Breda
Markendaalseweg,67,"",C1,4811KB,Breda
Markendaalseweg,67,"",C1,4811KB,Breda
Markendaalseweg,67,"",C10,4811KB,Breda
Markendaalseweg,67,"",C10,4811KB,Breda
Markendaalseweg,67,"",C11,4811KB,Breda
Markendaalseweg,67,"",C11,4811KB,Breda
Markendaalseweg,67,"",C12,4811KB,Breda
Markendaalseweg,67,"",C12,4811KB,Breda
Markendaalseweg,67,"",C13,4811KB,Breda
Markendaalseweg,67,"",C13,4811KB,Breda
Markendaalseweg,67,"",C2,4811KB,Breda
Markendaalseweg,67,"",C2,4811KB,Breda
Markendaalseweg,67,"",C3,4811KB,Breda
Markendaalseweg,67,"",C3,4811KB,Breda
Markendaalseweg,67,"",C4,4811KB,Breda
Markendaalseweg,67,"",C4,4811KB,Breda
Markendaalseweg,67,"",C5,4811KB,Breda
Markendaalseweg,67,"",C5,4811KB,Breda
Markendaalseweg,67,"",C6,4811KB,Breda
Markendaalseweg,67,"",C6,4811KB,Breda
Markendaalseweg,67,"",C7,4811KB,Breda
Markendaalseweg,67,"",C7,4811KB,Breda
Markendaalseweg,67,"",C8,4811KB,Breda
Markendaalseweg,67,"",C8,4811KB,Breda
Markendaalseweg,67,"",C9,4811KB,Breda
Markendaalseweg,67,"",C9,4811KB,Breda
Markendaalseweg,67,"",D1,4811KB,Breda
Markendaalseweg,67,"",D1,4811KB,Breda
Markendaalseweg,67,"",D10,4811KB,Breda
Markendaalseweg,67,"",D10,4811KB,Breda
Markendaalseweg,67,"",D11,4811KB,Breda
Markendaalseweg,67,"",D11,4811KB,Breda
Markendaalseweg,67,"",D12,4811KB,Breda
Markendaalseweg,67,"",D12,4811KB,Breda
Markendaalseweg,67,"",D13,4811KB,Breda
Markendaalseweg,67,"",D13,4811KB,Breda
Markendaalseweg,67,"",D2,4811KB,Breda
Markendaalseweg,67,"",D2,4811KB,Breda
Markendaalseweg,67,"",D3,4811KB,Breda
Markendaalseweg,67,"",D3,4811KB,Breda
Markendaalseweg,67,"",D4,4811KB,Breda
Markendaalseweg,67,"",D4,4811KB,Breda
Markendaalseweg,67,"",D5,4811KB,Breda
Markendaalseweg,67,"",D5,4811KB,Breda
Markendaalseweg,67,"",D6,4811KB,Breda
Markendaalseweg,67,"",D6,4811KB,Breda
Markendaalseweg,67,"",D7,4811KB,Breda
Markendaalseweg,67,"",D7,4811KB,Breda
Markendaalseweg,67,"",D8,4811KB,Breda
Markendaalseweg,67,"",D8,4811KB,Breda
Markendaalseweg,67,"",D9,4811KB,Breda
Markendaalseweg,67,"",D9,4811KB,Breda
Markendaalseweg,67,"",E1,4811KB,Breda
Markendaalseweg,67,"",E1,4811KB,Breda
Markendaalseweg,67,"",E10,4811KB,Breda
Markendaalseweg,67,"",E10,4811KB,Breda
Markendaalseweg,67,"",E11,4811KB,Breda
Markendaalseweg,67,"",E11,4811KB,Breda
Markendaalseweg,67,"",E12,4811KB,Breda
Markendaalseweg,67,"",E12,4811KB,Breda
Markendaalseweg,67,"",E13,4811KB,Breda
Markendaalseweg,67,"",E13,4811KB,Breda
Markendaalseweg,67,"",E2,4811KB,Breda
Markendaalseweg,67,"",E2,4811KB,Breda
Markendaalseweg,67,"",E3,4811KB,Breda
Markendaalseweg,67,"",E3,4811KB,Breda
Markendaalseweg,67,"",E4,4811KB,Breda
Markendaalseweg,67,"",E4,4811KB,Breda
Markendaalseweg,67,"",E5,4811KB,Breda
Markendaalseweg,67,"",E5,4811KB,Breda
Markendaalseweg,67,"",E6,4811KB,Breda
Markendaalseweg,67,"",E6,4811KB,Breda
Markendaalseweg,67,"",E7,4811KB,Breda
Markendaalseweg,67,"",E7,4811KB,Breda
Markendaalseweg,67,"",E8,4811KB,Breda
Markendaalseweg,67,"",E8,4811KB,Breda
Markendaalseweg,67,"",E9,4811KB,Breda
Markendaalseweg,67,"",E9,4811KB,Breda
Markendaalseweg,67,"",F1,4811KB,Breda
Markendaalseweg,67,"",F1,4811KB,Breda
Markendaalseweg,67,"",F2,4811KB,Breda
Markendaalseweg,67,"",F2,4811KB,Breda
Markendaalseweg,67,"",F3,4811KB,Breda
Markendaalseweg,67,"",F3,4811KB,Breda
Markendaalseweg,67,"",F4,4811KB,Breda
Markendaalseweg,67,"",F4,4811KB,Breda
Markendaalseweg,67,"",F5,4811KB,Breda
Markendaalseweg,67,"",F5,4811KB,Breda
Markendaalseweg,67,"",F6,4811KB,Breda
Markendaalseweg,67,"",F6,4811KB,Breda
Markendaalseweg,67,"",G1,4811KB,Breda
Markendaalseweg,67,"",G1,4811KB,Breda
Markendaalseweg,67,"",G2,4811KB,Breda
Markendaalseweg,67,"",G2,4811KB,Breda
Markendaalseweg,67,"",G3,4811KB,Breda
Markendaalseweg,67,"",G3,4811KB,Breda
Markendaalseweg,67,"",G4,4811KB,Breda
Markendaalseweg,67,"",G4,4811KB,Breda
Markendaalseweg,67,"",G5,4811KB,Breda
Markendaalseweg,67,"",G5,4811KB,Breda
Markendaalseweg,67,"",G6,4811KB,Breda
Markendaalseweg,67,"",G6,4811KB,Breda
Markendaalseweg,67,"",H1,4811KB,Breda
Markendaalseweg,67,"",H1,4811KB,Breda
Markendaalseweg,67,"",H2,4811KB,Breda
Markendaalseweg,67,"",H2,4811KB,Breda
Markendaalseweg,67,"",H3,4811KB,Breda
Markendaalseweg,67,"",H3,4811KB,Breda
Markendaalseweg,67,"",H4,4811KB,Breda
Markendaalseweg,67,"",H4,4811KB,Breda
Markendaalseweg,67,"",H5,4811KB,Breda
Markendaalseweg,67,"",H5,4811KB,Breda
Markendaalseweg,67,"",H6,4811KB,Breda
Markendaalseweg,67,"",H6,4811KB,Breda
Markendaalseweg,67,"",J1,4811KB,Breda
Markendaalseweg,67,"",J1,4811KB,Breda
Markendaalseweg,67,"",J2,4811KB,Breda
Markendaalseweg,67,"",J2,4811KB,Breda
Markendaalseweg,67,"",J3,4811KB,Breda
Markendaalseweg,67,"",J3,4811KB,Breda
Markendaalseweg,67,"",J4,4811KB,Breda
Markendaalseweg,67,"",J4,4811KB,Breda
Markendaalseweg,67,"",J5,4811KB,Breda
Markendaalseweg,67,"",J5,4811KB,Breda
Markendaalseweg,67,"",J6,4811KB,Breda
Markendaalseweg,67,"",J6,4811KB,Breda
Markendaalseweg,67,"",K1,4811KB,Breda
Markendaalseweg,67,"",K1,4811KB,Breda
Markendaalseweg,67,"",K2,4811KB,Breda
Markendaalseweg,67,"",K2,4811KB,Breda
Markendaalseweg,67,"",K3,4811KB,Breda
Markendaalseweg,67,"",K3,4811KB,Breda
Markendaalseweg,67,"",K4,4811KB,Breda
Markendaalseweg,67,"",K4,4811KB,Breda
Markendaalseweg,67,"",K5,4811KB,Breda
Markendaalseweg,67,"",K5,4811KB,Breda
Markendaalseweg,67,"",K6,4811KB,Breda
Markendaalseweg,67,"",K6,4811KB,Breda
Markendaalseweg,67,A,"",4811KB,Breda
Markendaalseweg,67,B,"",4811KB,Breda
Markendaalseweg,73,"","",4811KB,Breda
Markendaalseweg,75,"","",4811KB,Breda
Markendaalseweg,79,"","",4811KB,Breda
Markendaalseweg,81,"","",4811KB,Breda
Markendaalseweg,83,"","",4811KB,Breda
Markendaalseweg,83,"","",4811KB,Breda
Markendaalseweg,85,"","",4811KB,Breda
Markendaalseweg,85,"","",4811KB,Breda
Markendaalseweg,87,"","",4811KB,Breda
Markendaalseweg,87,"","",4811KB,Breda
Markendaalseweg,89,"","",4811KB,Breda
Markendaalseweg,89,"","",4811KB,Breda
Markendaalseweg,91,"","",4811KB,Breda
Markendaalseweg,91,"","",4811KB,Breda
Markendaalseweg,93,"","",4811KB,Breda
Markendaalseweg,93,"","",4811KB,Breda
Markendaalseweg,95,"","",4811KB,Breda
Markendaalseweg,95,"","",4811KB,Breda
Markendaalseweg,97,"","",4811KB,Breda
Markendaalseweg,97,"","",4811KB,Breda
Markendaalseweg,99,"","",4811KB,Breda
Markendaalseweg,99,"","",4811KB,Breda
Markendaalseweg,117,"","",4811KW,Breda
Markendaalseweg,117,"","",4811KW,Breda
Markendaalseweg,119,"","",4811KW,Breda
Markendaalseweg,119,"","",4811KW,Breda
Markendaalseweg,121,"","",4811KW,Breda
Markendaalseweg,129,"","",4811KW,Breda
Markendaalseweg,129,"","",4811KW,Breda
Markendaalseweg,131,"","",4811KW,Breda
Markendaalseweg,131,"","",4811KW,Breda
Markendaalseweg,133,"","",4811KW,Breda
Markendaalseweg,133,"","",4811KW,Breda
Markendaalseweg,135,"","",4811KW,Breda
Markendaalseweg,135,"","",4811KW,Breda
Markendaalseweg,137,"","",4811KW,Breda
Markendaalseweg,137,"","",4811KW,Breda
Markendaalseweg,139,"","",4811KW,Breda
Markendaalseweg,139,"","",4811KW,Breda
Markendaalseweg,141,"","",4811KW,Breda
Markendaalseweg,141,"","",4811KW,Breda
Markendaalseweg,143,"","",4811KW,Breda
Markendaalseweg,143,"","",4811KW,Breda
Markendaalseweg,145,"","",4811KW,Breda
Markendaalseweg,147,"","",4811KW,Breda
Markendaalseweg,149,"","",4811KW,Breda
Markendaalseweg,151,"","",4811KW,Breda
Markendaalseweg,153,"","",4811KW,Breda
Markendaalseweg,155,"","",4811KW,Breda
Markendaalseweg,157,"","",4811KW,Breda
Markendaalseweg,159,"","",4811KW,Breda
Markendaalseweg,161,"","",4811KW,Breda
Markendaalseweg,163,"","",4811KW,Breda
Markendaalseweg,165,"","",4811KW,Breda
Markendaalseweg,331,"","",4811KW,Breda
Markendaalseweg,333,"","",4811KW,Breda
Markendaalseweg,335,"","",4811KW,Breda
Markendaalseweg,337,"","",4811KW,Breda
Markendaalseweg,339,"","",4811KW,Breda
Markendaalseweg,341,"","",4811KW,Breda
Markendaalseweg,343,"","",4811KW,Breda
Markendaalseweg,345,"","",4811KW,Breda
Markendaalseweg,347,"","",4811KW,Breda
Markendaalseweg,349,"","",4811KW,Breda
Markendaalseweg,351,"","",4811KW,Breda
Markendaalseweg,353,"","",4811KW,Breda
Markendaalseweg,355,"","",4811KW,Breda
Markendaalseweg,357,"","",4811KW,Breda
Markendaalseweg,359,"","",4811KW,Breda
Markendaalseweg,361,"","",4811KW,Breda
Markendaalseweg,363,"","",4811KW,Breda
Markendaalseweg,365,"","",4811KW,Breda
Markendaalseweg,367,"","",4811KW,Breda
Markendaalseweg,369,"","",4811KW,Breda
Markendaalseweg,371,"","",4811KW,Breda
Markendaalseweg,373,"","",4811KW,Breda
Markendaalseweg,375,"","",4811KW,Breda
Markendaalseweg,377,"","",4811KW,Breda
Markendaalseweg,379,"","",4811KW,Breda
Markendaalseweg,167,"","",4811KX,Breda
Markendaalseweg,169,"","",4811KX,Breda
Markendaalseweg,171,"","",4811KX,Breda
Markendaalseweg,173,"","",4811KX,Breda
Markendaalseweg,175,"","",4811KX,Breda
Markendaalseweg,177,"","",4811KX,Breda
Markendaalseweg,179,"","",4811KX,Breda
Markendaalseweg,181,"","",4811KX,Breda
Markendaalseweg,183,"","",4811KX,Breda
Markendaalseweg,185,"","",4811KX,Breda
Markendaalseweg,187,"","",4811KX,Breda
Markendaalseweg,189,"","",4811KX,Breda
Markendaalseweg,191,"","",4811KX,Breda
Markendaalseweg,193,"","",4811KX,Breda
Markendaalseweg,195,"","",4811KX,Breda
Markendaalseweg,197,"","",4811KX,Breda
Markendaalseweg,199,"","",4811KX,Breda
Markendaalseweg,201,"","",4811KX,Breda
Markendaalseweg,203,"","",4811KX,Breda
Markendaalseweg,205,"","",4811KX,Breda
Markendaalseweg,207,"","",4811KX,Breda
Markendaalseweg,209,"","",4811KX,Breda
Markendaalseweg,211,"","",4811KX,Breda
Markendaalseweg,213,"","",4811KX,Breda
Markendaalseweg,215,"","",4811KX,Breda
Markendaalseweg,217,"","",4811KX,Breda
Markendaalseweg,219,"","",4811KX,Breda
Markendaalseweg,221,"","",4811KX,Breda
Markendaalseweg,223,"","",4811KX,Breda
Markendaalseweg,225,"","",4811KX,Breda
Markendaalseweg,227,"","",4811KX,Breda
Markendaalseweg,229,"","",4811KX,Breda
Markendaalseweg,231,"","",4811KX,Breda
Markendaalseweg,233,"","",4811KX,Breda
Markendaalseweg,235,"","",4811KX,Breda
Markendaalseweg,237,"","",4811KX,Breda
Markendaalseweg,381,"","",4811KX,Breda
Markendaalseweg,383,"","",4811KX,Breda
Markendaalseweg,385,"","",4811KX,Breda
Markendaalseweg,387,"","",4811KX,Breda
Markendaalseweg,389,"","",4811KX,Breda
Markendaalseweg,391,"","",4811KX,Breda
Markendaalseweg,393,"","",4811KX,Breda
Markendaalseweg,395,"","",4811KX,Breda
Markendaalseweg,397,"","",4811KX,Breda
Markendaalseweg,399,"","",4811KX,Breda
Markendaalseweg,401,"","",4811KX,Breda
Markendaalseweg,403,"","",4811KX,Breda
Markendaalseweg,405,"","",4811KX,Breda
Markendaalseweg,407,"","",4811KX,Breda
Markendaalseweg,409,"","",4811KX,Breda
Markendaalseweg,411,"","",4811KX,Breda
Markendaalseweg,413,"","",4811KX,Breda
Markendaalseweg,415,"","",4811KX,Breda
Markendaalseweg,417,"","",4811KX,Breda
Markendaalseweg,419,"","",4811KX,Breda
Markendaalseweg,421,"","",4811KX,Breda
Markendaalseweg,423,"","",4811KX,Breda
Markendaalseweg,425,"","",4811KX,Breda
Vredenburchstede,10,"","",4811PR,Breda
Vredenburchstede,12,"","",4811PR,Breda
Vredenburchstede,14,"","",4811PR,Breda
Vredenburchstede,16,"","",4811PR,Breda
Vredenburchstede,18,"","",4811PR,Breda
Vredenburchstede,2,"","",4811PR,Breda
Vredenburchstede,20,"","",4811PR,Breda
Vredenburchstede,22,"","",4811PR,Breda
Vredenburchstede,24,"","",4811PR,Breda
Vredenburchstede,26,"","",4811PR,Breda
Vredenburchstede,28,"","",4811PR,Breda
Vredenburchstede,30,"","",4811PR,Breda
Vredenburchstede,32,"","",4811PR,Breda
Vredenburchstede,34,"","",4811PR,Breda
Vredenburchstede,4,"","",4811PR,Breda
Vredenburchstede,6,"","",4811PR,Breda
Vredenburchstede,8,"","",4811PR,Breda
Pieter-Christiaanstraat,2,"","",4811PS,Breda
Pieter-Christiaanstraat,6,"","",4811PS,Breda
Constantijnstraat,1,"","",4811PT,Breda
Constantijnstraat,10,"","",4811PT,Breda
Constantijnstraat,11,"","",4811PT,Breda
Constantijnstraat,12,"","",4811PT,Breda
Constantijnstraat,13,"","",4811PT,Breda
Constantijnstraat,15,"","",4811PT,Breda
Constantijnstraat,17,"","",4811PT,Breda
Constantijnstraat,19,"","",4811PT,Breda
Constantijnstraat,2,"","",4811PT,Breda
Constantijnstraat,3,"","",4811PT,Breda
Constantijnstraat,4,"","",4811PT,Breda
Constantijnstraat,5,"","",4811PT,Breda
Constantijnstraat,6,"","",4811PT,Breda
Constantijnstraat,7,"","",4811PT,Breda
Constantijnstraat,8,"","",4811PT,Breda
Constantijnstraat,9,"","",4811PT,Breda
Clausstraat,1,"","",4811PV,Breda
Clausstraat,10,"","",4811PV,Breda
Clausstraat,11,"","",4811PV,Breda
Clausstraat,12,"","",4811PV,Breda
Clausstraat,13,"","",4811PV,Breda
Clausstraat,14,"","",4811PV,Breda
Clausstraat,15,"","",4811PV,Breda
Clausstraat,16,"","",4811PV,Breda
Clausstraat,17,"","",4811PV,Breda
Clausstraat,18,"","",4811PV,Breda
Clausstraat,19,"","",4811PV,Breda
Clausstraat,2,"","",4811PV,Breda
Clausstraat,20,"","",4811PV,Breda
Clausstraat,21,"","",4811PV,Breda
Clausstraat,22,"","",4811PV,Breda
Clausstraat,23,"","",4811PV,Breda
Clausstraat,24,"","",4811PV,Breda
Clausstraat,25,"","",4811PV,Breda
Clausstraat,26,"","",4811PV,Breda
Clausstraat,27,"","",4811PV,Breda
Clausstraat,28,"","",4811PV,Breda
Clausstraat,29,"","",4811PV,Breda
Clausstraat,3,"","",4811PV,Breda
Clausstraat,30,"","",4811PV,Breda
Clausstraat,31,"","",4811PV,Breda
Clausstraat,32,"","",4811PV,Breda
Clausstraat,33,"","",4811PV,Breda
Clausstraat,34,"","",4811PV,Breda
Clausstraat,35,"","",4811PV,Breda
Clausstraat,36,"","",4811PV,Breda
Clausstraat,37,"","",4811PV,Breda
Clausstraat,39,"","",4811PV,Breda
Clausstraat,4,"","",4811PV,Breda
Clausstraat,5,"","",4811PV,Breda
Clausstraat,6,"","",4811PV,Breda
Clausstraat,7,"","",4811PV,Breda
Clausstraat,8,"","",4811PV,Breda
Clausstraat,9,"","",4811PV,Breda
Florisstraat,1,"","",4811PW,Breda
Florisstraat,10,"","",4811PW,Breda
Florisstraat,11,"","",4811PW,Breda
Florisstraat,12,"","",4811PW,Breda
Florisstraat,13,"","",4811PW,Breda
Florisstraat,15,"","",4811PW,Breda
Florisstraat,17,"","",4811PW,Breda
Florisstraat,19,"","",4811PW,Breda
Florisstraat,2,"","",4811PW,Breda
Florisstraat,3,"","",4811PW,Breda
Florisstraat,4,"","",4811PW,Breda
Florisstraat,5,"","",4811PW,Breda
Florisstraat,6,"","",4811PW,Breda
Florisstraat,7,"","",4811PW,Breda
Florisstraat,8,"","",4811PW,Breda
Florisstraat,9,"","",4811PW,Breda
Margrietstraat,1,"","",4811PX,Breda
Margrietstraat,1,A,"",4811PX,Breda
Margrietstraat,11,"","",4811PX,Breda
Margrietstraat,13,"","",4811PX,Breda
Margrietstraat,15,"","",4811PX,Breda
Margrietstraat,17,"","",4811PX,Breda
Margrietstraat,19,"","",4811PX,Breda
Margrietstraat,2,"","",4811PX,Breda
Margrietstraat,21,"","",4811PX,Breda
Margrietstraat,23,"","",4811PX,Breda
Margrietstraat,25,"","",4811PX,Breda
Margrietstraat,27,"","",4811PX,Breda
Margrietstraat,29,"","",4811PX,Breda
Margrietstraat,3,"","",4811PX,Breda
Margrietstraat,31,"","",4811PX,Breda
Margrietstraat,33,"","",4811PX,Breda
Margrietstraat,35,"","",4811PX,Breda
Margrietstraat,5,"","",4811PX,Breda
Margrietstraat,7,"","",4811PX,Breda
Margrietstraat,9,"","",4811PX,Breda
Willem-Alexanderstraat,1,"","",4811PZ,Breda
Willem-Alexanderstraat,10,"","",4811PZ,Breda
Willem-Alexanderstraat,11,"","",4811PZ,Breda
Willem-Alexanderstraat,12,"","",4811PZ,Breda
Willem-Alexanderstraat,13,"","",4811PZ,Breda
Willem-Alexanderstraat,14,"","",4811PZ,Breda
Willem-Alexanderstraat,15,"","",4811PZ,Breda
Willem-Alexanderstraat,16,"","",4811PZ,Breda
Willem-Alexanderstraat,17,"","",4811PZ,Breda
Willem-Alexanderstraat,18,"","",4811PZ,Breda
Willem-Alexanderstraat,19,"","",4811PZ,Breda
Willem-Alexanderstraat,2,"","",4811PZ,Breda
Willem-Alexanderstraat,20,"","",4811PZ,Breda
Willem-Alexanderstraat,21,"","",4811PZ,Breda
Willem-Alexanderstraat,22,"","",4811PZ,Breda
Willem-Alexanderstraat,23,"","",4811PZ,Breda
Willem-Alexanderstraat,24,"","",4811PZ,Breda
Willem-Alexanderstraat,26,"","",4811PZ,Breda
Willem-Alexanderstraat,28,"","",4811PZ,Breda
Willem-Alexanderstraat,3,"","",4811PZ,Breda
Willem-Alexanderstraat,30,"","",4811PZ,Breda
Willem-Alexanderstraat,32,"","",4811PZ,Breda
Willem-Alexanderstraat,34,"","",4811PZ,Breda
Willem-Alexanderstraat,36,"","",4811PZ,Breda
Willem-Alexanderstraat,38,"","",4811PZ,Breda
Willem-Alexanderstraat,4,"","",4811PZ,Breda
Willem-Alexanderstraat,40,"","",4811PZ,Breda
Willem-Alexanderstraat,5,"","",4811PZ,Breda
Willem-Alexanderstraat,6,"","",4811PZ,Breda
Willem-Alexanderstraat,7,"","",4811PZ,Breda
Willem-Alexanderstraat,8,"","",4811PZ,Breda
Willem-Alexanderstraat,9,"","",4811PZ,Breda
Generaal van Hamsingel,1,A,"",4811RA,Breda
Generaal van Hamsingel,10,"","",4811RA,Breda
Generaal van Hamsingel,10,A,"",4811RA,Breda
Generaal van Hamsingel,11,"","",4811RA,Breda
Generaal van Hamsingel,11,"","",4811RA,Breda
Generaal van Hamsingel,11,"","",4811RA,Breda
Generaal van Hamsingel,11,A,"",4811RA,Breda
Generaal van Hamsingel,11,A,"",4811RA,Breda
Generaal van Hamsingel,11,A,"",4811RA,Breda
Generaal van Hamsingel,11,B,"",4811RA,Breda
Generaal van Hamsingel,12,"","",4811RA,Breda
Generaal van Hamsingel,12,A,"",4811RA,Breda
Generaal van Hamsingel,13,A,"",4811RA,Breda
Generaal van Hamsingel,2,"","",4811RA,Breda
Generaal van Hamsingel,3,"","",4811RA,Breda
Generaal van Hamsingel,4,"","",4811RA,Breda
Generaal van Hamsingel,5,"","",4811RA,Breda
Generaal van Hamsingel,5,A,"",4811RA,Breda
Generaal van Hamsingel,5,B,"",4811RA,Breda
Generaal van Hamsingel,6,"","",4811RA,Breda
Generaal van Hamsingel,7,"","",4811RA,Breda
Generaal van Hamsingel,7,"","",4811RA,Breda
Generaal van Hamsingel,7,"","",4811RA,Breda
Generaal van Hamsingel,7,A,"",4811RA,Breda
Generaal van Hamsingel,7,A,"",4811RA,Breda
Generaal van Hamsingel,8,"","",4811RA,Breda
Generaal van Hamsingel,8,A,"",4811RA,Breda
Generaal van Hamsingel,9,"","",4811RA,Breda
Generaal van Hamsingel,9,A,"",4811RA,Breda
Vredenburchstraat,1,"","",4811RB,Breda
Vredenburchstraat,11,"","",4811RB,Breda
Vredenburchstraat,13,"","",4811RB,Breda
Vredenburchstraat,15,"","",4811RB,Breda
Vredenburchstraat,17,"","",4811RB,Breda
Vredenburchstraat,3,"","",4811RB,Breda
Vredenburchstraat,5,"","",4811RB,Breda
Vredenburchstraat,7,"","",4811RB,Breda
Vredenburchstraat,9,"","",4811RB,Breda
Vredenburchstraat,19,"","",4811RC,Breda
Vredenburchstraat,21,"","",4811RC,Breda
Vredenburchstraat,23,"","",4811RC,Breda
Vredenburchstraat,25,"","",4811RC,Breda
Vredenburchstraat,27,"","",4811RC,Breda
Vredenburchstraat,29,"","",4811RC,Breda
Vredenburchstraat,31,"","",4811RC,Breda
Vredenburchstraat,33,"","",4811RC,Breda
Vredenburchstraat,35,"","",4811RC,Breda
Vredenburchstraat,37,"","",4811RC,Breda
Vredenburchstraat,39,"","",4811RC,Breda
Vredenburchstraat,41,"","",4811RC,Breda
Vredenburchstraat,43,"","",4811RC,Breda
Vredenburchstraat,45,"","",4811RC,Breda
Vredenburchstraat,10,"","",4811RD,Breda
Vredenburchstraat,10,A,"",4811RD,Breda
Vredenburchstraat,10,B,"",4811RD,Breda
Vredenburchstraat,10,C,"",4811RD,Breda
Vredenburchstraat,12,"","",4811RD,Breda
Vredenburchstraat,12,A,"",4811RD,Breda
Vredenburchstraat,12,B,"",4811RD,Breda
Vredenburchstraat,12,C,"",4811RD,Breda
Vredenburchstraat,14,A,"",4811RD,Breda
Vredenburchstraat,14,B,"",4811RD,Breda
Vredenburchstraat,16,"","",4811RD,Breda
Vredenburchstraat,16,A,"",4811RD,Breda
Vredenburchstraat,16,B,"",4811RD,Breda
Vredenburchstraat,18,"","",4811RD,Breda
Vredenburchstraat,18,A,"",4811RD,Breda
Vredenburchstraat,2,"","",4811RD,Breda
Vredenburchstraat,20,"","",4811RD,Breda
Vredenburchstraat,20,A,"",4811RD,Breda
Vredenburchstraat,22,"","",4811RD,Breda
Vredenburchstraat,24,"","",4811RD,Breda
Vredenburchstraat,4,"","",4811RD,Breda
Vredenburchstraat,4,A,"",4811RD,Breda
Vredenburchstraat,4,B,"",4811RD,Breda
Vredenburchstraat,6,"","",4811RD,Breda
Vredenburchstraat,6,A,"",4811RD,Breda
Vredenburchstraat,6,B,"",4811RD,Breda
Vredenburchstraat,6,C,"",4811RD,Breda
Vredenburchstraat,8,"","",4811RD,Breda
Vredenburchstraat,8,A,"",4811RD,Breda
Vredenburchstraat,8,B,"",4811RD,Breda
Vredenburchstraat,8,C,"",4811RD,Breda
Generaal van der Plaatstraat,1,"","",4811RE,Breda
Generaal van der Plaatstraat,11,"","",4811RE,Breda
Generaal van der Plaatstraat,13,"","",4811RE,Breda
Generaal van der Plaatstraat,15,"","",4811RE,Breda
Generaal van der Plaatstraat,17,"","",4811RE,Breda
Generaal van der Plaatstraat,19,"","",4811RE,Breda
Generaal van der Plaatstraat,21,"","",4811RE,Breda
Generaal van der Plaatstraat,23,"","",4811RE,Breda
Generaal van der Plaatstraat,3,"","",4811RE,Breda
Generaal van der Plaatstraat,5,"","",4811RE,Breda
Generaal van der Plaatstraat,7,"","",4811RE,Breda
Generaal van der Plaatstraat,9,"","",4811RE,Breda
Generaal van der Plaatstraat,10,"","",4811RG,Breda
Generaal van der Plaatstraat,12,"","",4811RG,Breda
Generaal van der Plaatstraat,14,"","",4811RG,Breda
Generaal van der Plaatstraat,16,"","",4811RG,Breda
Generaal van der Plaatstraat,18,"","",4811RG,Breda
Generaal van der Plaatstraat,2,"","",4811RG,Breda
Generaal van der Plaatstraat,20,"","",4811RG,Breda
Generaal van der Plaatstraat,22,"","",4811RG,Breda
Generaal van der Plaatstraat,24,"","",4811RG,Breda
Generaal van der Plaatstraat,26,"","",4811RG,Breda
Generaal van der Plaatstraat,28,"","",4811RG,Breda
Generaal van der Plaatstraat,30,A,"",4811RG,Breda
Generaal van der Plaatstraat,32,"","",4811RG,Breda
Generaal van der Plaatstraat,34,"","",4811RG,Breda
Generaal van der Plaatstraat,36,"","",4811RG,Breda
Generaal van der Plaatstraat,4,"","",4811RG,Breda
Generaal van der Plaatstraat,6,"","",4811RG,Breda
Generaal van der Plaatstraat,8,A,"",4811RG,Breda
Generaal van der Plaatstraat,8,B,"",4811RG,Breda
Dr. van Campenstraat,1,"","",4811RH,Breda
Dr. van Campenstraat,11,"","",4811RH,Breda
Dr. van Campenstraat,13,"","",4811RH,Breda
Dr. van Campenstraat,15,"","",4811RH,Breda
Dr. van Campenstraat,17,"","",4811RH,Breda
Dr. van Campenstraat,19,"","",4811RH,Breda
Dr. van Campenstraat,3,"","",4811RH,Breda
Dr. van Campenstraat,5,"","",4811RH,Breda
Dr. van Campenstraat,7,"","",4811RH,Breda
Dr. van Campenstraat,9,"","",4811RH,Breda
Dr. van Campenstraat,10,"","",4811RJ,Breda
Dr. van Campenstraat,12,"","",4811RJ,Breda
Dr. van Campenstraat,14,"","",4811RJ,Breda
Dr. van Campenstraat,16,"","",4811RJ,Breda
Dr. van Campenstraat,18,"","",4811RJ,Breda
Dr. van Campenstraat,2,"","",4811RJ,Breda
Dr. van Campenstraat,20,"","",4811RJ,Breda
Dr. van Campenstraat,22,"","",4811RJ,Breda
Dr. van Campenstraat,24,"","",4811RJ,Breda
Dr. van Campenstraat,26,"","",4811RJ,Breda
Dr. van Campenstraat,28,"","",4811RJ,Breda
Dr. van Campenstraat,30,"","",4811RJ,Breda
Dr. van Campenstraat,32,"","",4811RJ,Breda
Dr. van Campenstraat,34,"","",4811RJ,Breda
Dr. van Campenstraat,36,"","",4811RJ,Breda
Dr. van Campenstraat,38,"","",4811RJ,Breda
Dr. van Campenstraat,4,"","",4811RJ,Breda
Dr. van Campenstraat,40,"","",4811RJ,Breda
Dr. van Campenstraat,42,"","",4811RJ,Breda
Dr. van Campenstraat,44,"","",4811RJ,Breda
Dr. van Campenstraat,46,"","",4811RJ,Breda
Dr. van Campenstraat,48,"","",4811RJ,Breda
Dr. van Campenstraat,50,"","",4811RJ,Breda
Dr. van Campenstraat,6,"","",4811RJ,Breda
Dr. van Campenstraat,8,"","",4811RJ,Breda
Julianalaan,10,"","",4811RK,Breda
Julianalaan,12,"","",4811RK,Breda
Julianalaan,14,"","",4811RK,Breda
Julianalaan,16,"","",4811RK,Breda
Julianalaan,18,"","",4811RK,Breda
Julianalaan,2,"","",4811RK,Breda
Julianalaan,20,"","",4811RK,Breda
Julianalaan,4,"","",4811RK,Breda
Julianalaan,6,"","",4811RK,Breda
Julianalaan,8,"","",4811RK,Breda
Zaanmarkstraat,1,"","",4811RL,Breda
Zaanmarkstraat,10,"","",4811RL,Breda
Zaanmarkstraat,11,"","",4811RL,Breda
Zaanmarkstraat,12,"","",4811RL,Breda
Zaanmarkstraat,14,"","",4811RL,Breda
Zaanmarkstraat,16,"","",4811RL,Breda
Zaanmarkstraat,18,"","",4811RL,Breda
Zaanmarkstraat,2,"","",4811RL,Breda
Zaanmarkstraat,20,"","",4811RL,Breda
Zaanmarkstraat,22,"","",4811RL,Breda
Zaanmarkstraat,24,"","",4811RL,Breda
Zaanmarkstraat,26,"","",4811RL,Breda
Zaanmarkstraat,28,"","",4811RL,Breda
Zaanmarkstraat,3,"","",4811RL,Breda
Zaanmarkstraat,4,"","",4811RL,Breda
Zaanmarkstraat,5,"","",4811RL,Breda
Zaanmarkstraat,6,"","",4811RL,Breda
Zaanmarkstraat,7,"","",4811RL,Breda
Zaanmarkstraat,8,"","",4811RL,Breda
Zaanmarkstraat,9,"","",4811RL,Breda
Badstraat,2,"","",4811RM,Breda
Badstraat,2,"","",4811RM,Breda
Badstraat,3,"","",4811RM,Breda
Badstraat,4,"","",4811RM,Breda
Badstraat,5,"","",4811RM,Breda
Badstraat,6,"","",4811RM,Breda
Badstraat,6,A,"",4811RM,Breda
Badstraat,7,"","",4811RM,Breda
Weerijsstraat,1,"","",4811RN,Breda
Weerijsstraat,11,"","",4811RN,Breda
Weerijsstraat,13,"","",4811RN,Breda
Weerijsstraat,15,"","",4811RN,Breda
Weerijsstraat,17,"","",4811RN,Breda
Weerijsstraat,19,"","",4811RN,Breda
Weerijsstraat,21,"","",4811RN,Breda
Weerijsstraat,23,"","",4811RN,Breda
Weerijsstraat,25,"","",4811RN,Breda
Weerijsstraat,27,"","",4811RN,Breda
Weerijsstraat,29,"","",4811RN,Breda
Weerijsstraat,3,"","",4811RN,Breda
Weerijsstraat,31,"","",4811RN,Breda
Weerijsstraat,33,"","",4811RN,Breda
Weerijsstraat,35,"","",4811RN,Breda
Weerijsstraat,5,"","",4811RN,Breda
Weerijsstraat,7,"","",4811RN,Breda
Weerijsstraat,9,"","",4811RN,Breda
Weerijsstraat,10,"","",4811RP,Breda
Weerijsstraat,12,"","",4811RP,Breda
Weerijsstraat,14,"","",4811RP,Breda
Weerijsstraat,16,"","",4811RP,Breda
Weerijsstraat,18,"","",4811RP,Breda
Weerijsstraat,2,"","",4811RP,Breda
Weerijsstraat,20,"","",4811RP,Breda
Weerijsstraat,22,"","",4811RP,Breda
Weerijsstraat,24,"","",4811RP,Breda
Weerijsstraat,26,"","",4811RP,Breda
Weerijsstraat,28,"","",4811RP,Breda
Weerijsstraat,30,"","",4811RP,Breda
Weerijsstraat,32,"","",4811RP,Breda
Weerijsstraat,34,"","",4811RP,Breda
Weerijsstraat,4,"","",4811RP,Breda
Weerijsstraat,4,"",G01,4811RP,Breda
Weerijsstraat,6,"","",4811RP,Breda
Weerijsstraat,6,"",G01,4811RP,Breda
Weerijsstraat,8,"","",4811RP,Breda
Weerijsstraat,8,"",G01,4811RP,Breda
Weerijsstraat,8,"",G02,4811RP,Breda
Balfortstraat,1,"","",4811RR,Breda
Balfortstraat,1,A,"",4811RR,Breda
Balfortstraat,11,"","",4811RR,Breda
Balfortstraat,13,"","",4811RR,Breda
Balfortstraat,13,A,"",4811RR,Breda
Balfortstraat,15,"","",4811RR,Breda
Balfortstraat,15,A,"",4811RR,Breda
Balfortstraat,17,"","",4811RR,Breda
Balfortstraat,17,A,"",4811RR,Breda
Balfortstraat,19,"","",4811RR,Breda
Balfortstraat,19,A,"",4811RR,Breda
Balfortstraat,21,"","",4811RR,Breda
Balfortstraat,23,"","",4811RR,Breda
Balfortstraat,25,"","",4811RR,Breda
Balfortstraat,27,"","",4811RR,Breda
Balfortstraat,3,"","",4811RR,Breda
Balfortstraat,3,A,"",4811RR,Breda
Balfortstraat,33,"","",4811RR,Breda
Balfortstraat,35,"","",4811RR,Breda
Balfortstraat,5,"","",4811RR,Breda
Balfortstraat,5,A,"",4811RR,Breda
Balfortstraat,5,A,"",4811RR,Breda
Balfortstraat,5,B,"",4811RR,Breda
Balfortstraat,7,"","",4811RR,Breda
Balfortstraat,7,A,"",4811RR,Breda
Balfortstraat,9,"","",4811RR,Breda
Balfortstraat,9,A,"",4811RR,Breda
Balfortstraat,37,"","",4811RS,Breda
Balfortstraat,39,"","",4811RS,Breda
Balfortstraat,41,"","",4811RS,Breda
Balfortstraat,43,"","",4811RS,Breda
Balfortstraat,45,"","",4811RS,Breda
Balfortstraat,47,"","",4811RS,Breda
Balfortstraat,49,"","",4811RS,Breda
Balfortstraat,51,"","",4811RS,Breda
Balfortstraat,53,"","",4811RS,Breda
Balfortstraat,55,"","",4811RS,Breda
Balfortstraat,57,"","",4811RS,Breda
Balfortstraat,59,"","",4811RS,Breda
Balfortstraat,63,"","",4811RS,Breda
Balfortstraat,73,"","",4811RS,Breda
Balfortstraat,75,"","",4811RS,Breda
Balfortstraat,77,"","",4811RS,Breda
Balfortstraat,79,"","",4811RS,Breda
Balfortstraat,81,"","",4811RS,Breda
Balfortstraat,83,"","",4811RS,Breda
Balfortstraat,85,"","",4811RS,Breda
Balfortstraat,10,"","",4811RT,Breda
Balfortstraat,10,A,"",4811RT,Breda
Balfortstraat,10,B,"",4811RT,Breda
Balfortstraat,10,C,"",4811RT,Breda
Balfortstraat,12,"","",4811RT,Breda
Balfortstraat,12,A,"",4811RT,Breda
Balfortstraat,12,B,"",4811RT,Breda
Balfortstraat,12,C,"",4811RT,Breda
Balfortstraat,14,"","",4811RT,Breda
Balfortstraat,14,A,"",4811RT,Breda
Balfortstraat,14,B,"",4811RT,Breda
Balfortstraat,14,C,"",4811RT,Breda
Balfortstraat,16,A,"",4811RT,Breda
Balfortstraat,16,B,"",4811RT,Breda
Balfortstraat,16,C,"",4811RT,Breda
Balfortstraat,2,"","",4811RT,Breda
Balfortstraat,20,"","",4811RT,Breda
Balfortstraat,20,A,"",4811RT,Breda
Balfortstraat,22,"","",4811RT,Breda
Balfortstraat,22,A,"",4811RT,Breda
Balfortstraat,24,"","",4811RT,Breda
Balfortstraat,24,A,"",4811RT,Breda
Balfortstraat,4,"","",4811RT,Breda
Balfortstraat,6,"","",4811RT,Breda
Balfortstraat,6,A,"",4811RT,Breda
Balfortstraat,6,B,"",4811RT,Breda
Balfortstraat,6,C,"",4811RT,Breda
Balfortstraat,8,"","",4811RT,Breda
Balfortstraat,8,A,"",4811RT,Breda
Balfortstraat,8,B,"",4811RT,Breda
Balfortstraat,8,C,"",4811RT,Breda
Balfortstraat,26,"","",4811RV,Breda
Balfortstraat,26,A,"",4811RV,Breda
Balfortstraat,26,B,"",4811RV,Breda
Balfortstraat,26,C,"",4811RV,Breda
Balfortstraat,26,D,"",4811RV,Breda
Balfortstraat,28,"","",4811RV,Breda
Balfortstraat,28,A,"",4811RV,Breda
Balfortstraat,30,"","",4811RV,Breda
Balfortstraat,30,A,"",4811RV,Breda
Balfortstraat,32,"","",4811RV,Breda
Balfortstraat,32,B,"",4811RV,Breda
Balfortstraat,34,"","",4811RV,Breda
Balfortstraat,34,"",G1,4811RV,Breda
Balfortstraat,34,"",G2,4811RV,Breda
Balfortstraat,34,A,"",4811RV,Breda
Balfortstraat,36,"","",4811RV,Breda
Balfortstraat,36,A,"",4811RV,Breda
Balfortstraat,40,"","",4811RV,Breda
Balfortstraat,42,"","",4811RV,Breda
Balfortstraat,44,"","",4811RV,Breda
Balfortstraat,46,"","",4811RV,Breda
Balfortstraat,48,"","",4811RV,Breda
Balfortstraat,50,"","",4811RV,Breda
Balfortstraat,52,"","",4811RV,Breda
Balfortstraat,54,"","",4811RV,Breda
Balfortstraat,56,"","",4811RV,Breda
Balfortstraat,58,"","",4811RV,Breda
Balfortstraat,60,"","",4811RV,Breda
Balfortstraat,62,"","",4811RV,Breda
Balfortstraat,64,"","",4811RV,Breda
Balfortstraat,66,"","",4811RV,Breda
Balfortstraat,68,"","",4811RV,Breda
Balfortstraat,70,"","",4811RV,Breda
Balfortstraat,72,"","",4811RV,Breda
Balfortstraat,74,"","",4811RV,Breda
Balfortstraat,74,A,"",4811RV,Breda
Balfortstraat,76,"","",4811RV,Breda
Balfortstraat,76,A,"",4811RV,Breda
Balfortstraat,78,"","",4811RV,Breda
Balfortstraat,80,"","",4811RV,Breda
Irenestraat,1,"","",4811SB,Breda
Irenestraat,11,"","",4811SB,Breda
Irenestraat,13,"","",4811SB,Breda
Irenestraat,15,"","",4811SB,Breda
Irenestraat,17,"","",4811SB,Breda
Irenestraat,17,A,"",4811SB,Breda
Irenestraat,17,B,"",4811SB,Breda
Irenestraat,17,C,"",4811SB,Breda
Irenestraat,19,"","",4811SB,Breda
Irenestraat,19,A,"",4811SB,Breda
Irenestraat,19,B,"",4811SB,Breda
Irenestraat,19,C,"",4811SB,Breda
Irenestraat,21,"","",4811SB,Breda
Irenestraat,21,A,"",4811SB,Breda
Irenestraat,21,B,"",4811SB,Breda
Irenestraat,23,"","",4811SB,Breda
Irenestraat,23,A,"",4811SB,Breda
Irenestraat,23,B,"",4811SB,Breda
Irenestraat,23,C,"",4811SB,Breda
Irenestraat,25,"","",4811SB,Breda
Irenestraat,25,A,"",4811SB,Breda
Irenestraat,25,B,"",4811SB,Breda
Irenestraat,27,"","",4811SB,Breda
Irenestraat,27,A,"",4811SB,Breda
Irenestraat,27,B,"",4811SB,Breda
Irenestraat,27,C,"",4811SB,Breda
Irenestraat,29,"","",4811SB,Breda
Irenestraat,29,A,"",4811SB,Breda
Irenestraat,29,B,"",4811SB,Breda
Irenestraat,3,"","",4811SB,Breda
Irenestraat,31,"","",4811SB,Breda
Irenestraat,31,A,"",4811SB,Breda
Irenestraat,31,B,"",4811SB,Breda
Irenestraat,31,C,"",4811SB,Breda
Irenestraat,33,"","",4811SB,Breda
Irenestraat,33,A,"",4811SB,Breda
Irenestraat,33,B,"",4811SB,Breda
Irenestraat,35,"","",4811SB,Breda
Irenestraat,35,A,"",4811SB,Breda
Irenestraat,35,B,"",4811SB,Breda
Irenestraat,35,C,"",4811SB,Breda
Irenestraat,41,"","",4811SB,Breda
Irenestraat,43,"","",4811SB,Breda
Irenestraat,45,"","",4811SB,Breda
Irenestraat,47,"","",4811SB,Breda
Irenestraat,49,"","",4811SB,Breda
Irenestraat,5,"","",4811SB,Breda
Irenestraat,51,"","",4811SB,Breda
Irenestraat,53,"","",4811SB,Breda
Irenestraat,55,"","",4811SB,Breda
Irenestraat,7,"","",4811SB,Breda
Irenestraat,9,"","",4811SB,Breda
Irenestraat,10,"","",4811SC,Breda
Irenestraat,12,"","",4811SC,Breda
Irenestraat,14,"","",4811SC,Breda
Irenestraat,16,"","",4811SC,Breda
Irenestraat,18,"","",4811SC,Breda
Irenestraat,2,"","",4811SC,Breda
Irenestraat,20,"","",4811SC,Breda
Irenestraat,22,"","",4811SC,Breda
Irenestraat,24,"","",4811SC,Breda
Irenestraat,26,"","",4811SC,Breda
Irenestraat,28,"","",4811SC,Breda
Irenestraat,30,"","",4811SC,Breda
Irenestraat,32,"","",4811SC,Breda
Irenestraat,34,"","",4811SC,Breda
Irenestraat,36,"","",4811SC,Breda
Irenestraat,38,"","",4811SC,Breda
Irenestraat,4,"","",4811SC,Breda
Irenestraat,40,"","",4811SC,Breda
Irenestraat,42,"","",4811SC,Breda
Irenestraat,44,"","",4811SC,Breda
Irenestraat,46,"","",4811SC,Breda
Irenestraat,6,"","",4811SC,Breda
Irenestraat,8,"","",4811SC,Breda
Irenestraat,8,A,"",4811SC,Breda
Irenestraat,8,B,"",4811SC,Breda
Irenestraat,8,C,"",4811SC,Breda
Irenestraat,8,D,"",4811SC,Breda
Irenestraat,8,E,"",4811SC,Breda
Irenestraat,8,G,"",4811SC,Breda
Beatrixstraat,1,"","",4811SE,Breda
Beatrixstraat,10,"","",4811SE,Breda
Beatrixstraat,11,"","",4811SE,Breda
Beatrixstraat,12,"","",4811SE,Breda
Beatrixstraat,13,"","",4811SE,Breda
Beatrixstraat,14,"","",4811SE,Breda
Beatrixstraat,15,"","",4811SE,Breda
Beatrixstraat,16,"","",4811SE,Breda
Beatrixstraat,17,"","",4811SE,Breda
Beatrixstraat,2,"","",4811SE,Breda
Beatrixstraat,3,"","",4811SE,Breda
Beatrixstraat,4,"","",4811SE,Breda
Beatrixstraat,5,"","",4811SE,Breda
Beatrixstraat,6,"","",4811SE,Breda
Beatrixstraat,7,"","",4811SE,Breda
Beatrixstraat,8,"","",4811SE,Breda
Beatrixstraat,9,"","",4811SE,Breda
Beatrixstraat,18,"","",4811SG,Breda
Beatrixstraat,19,"","",4811SG,Breda
Beatrixstraat,20,"","",4811SG,Breda
Beatrixstraat,21,"","",4811SG,Breda
Beatrixstraat,22,"","",4811SG,Breda
Beatrixstraat,23,"","",4811SG,Breda
Beatrixstraat,24,"","",4811SG,Breda
Beatrixstraat,25,"","",4811SG,Breda
Beatrixstraat,26,"","",4811SG,Breda
Beatrixstraat,27,"","",4811SG,Breda
Beatrixstraat,28,"","",4811SG,Breda
Beatrixstraat,29,"","",4811SG,Breda
Beatrixstraat,30,"","",4811SG,Breda
Beatrixstraat,31,"","",4811SG,Breda
Beatrixstraat,32,"","",4811SG,Breda
Beatrixstraat,33,"","",4811SG,Breda
Beatrixstraat,34,"","",4811SG,Breda
Beatrixstraat,35,"","",4811SG,Breda
Beatrixstraat,36,"","",4811SG,Breda
Beatrixstraat,37,"","",4811SG,Breda
Beatrixstraat,38,"","",4811SG,Breda
Beatrixstraat,39,"","",4811SG,Breda
Beatrixstraat,40,"","",4811SG,Breda
Beatrixstraat,41,"","",4811SG,Breda
Beatrixstraat,42,"","",4811SG,Breda
Beatrixstraat,43,"","",4811SG,Breda
Beatrixstraat,44,"","",4811SG,Breda
Beatrixstraat,45,"","",4811SG,Breda
Beatrixstraat,46,"","",4811SG,Breda
Beatrixstraat,47,"","",4811SG,Breda
Beatrixstraat,5860,"",TRC,4811SG,Breda
Vredenburchsingel,1,"","",4811SH,Breda
Vredenburchsingel,1,A,"",4811SH,Breda
Vredenburchsingel,10,"","",4811SH,Breda
Vredenburchsingel,11,"","",4811SH,Breda
Vredenburchsingel,12,"","",4811SH,Breda
Vredenburchsingel,13,"","",4811SH,Breda
Vredenburchsingel,14,"","",4811SH,Breda
Vredenburchsingel,15,"","",4811SH,Breda
Vredenburchsingel,16,"","",4811SH,Breda
Vredenburchsingel,17,"","",4811SH,Breda
Vredenburchsingel,18,"","",4811SH,Breda
Vredenburchsingel,19,"","",4811SH,Breda
Vredenburchsingel,2,"","",4811SH,Breda
Vredenburchsingel,20,"","",4811SH,Breda
Vredenburchsingel,21,"","",4811SH,Breda
Vredenburchsingel,22,"","",4811SH,Breda
Vredenburchsingel,23,"","",4811SH,Breda
Vredenburchsingel,3,"","",4811SH,Breda
Vredenburchsingel,4,"","",4811SH,Breda
Vredenburchsingel,4,"","",4811SH,Breda
Vredenburchsingel,5,"","",4811SH,Breda
Vredenburchsingel,6,"","",4811SH,Breda
Vredenburchsingel,7,"","",4811SH,Breda
Vredenburchsingel,8,"","",4811SH,Breda
Vredenburchsingel,9,"","",4811SH,Breda
Vredenburchsingel,24,"","",4811SJ,Breda
Vredenburchsingel,25,"","",4811SJ,Breda
Vredenburchsingel,26,"","",4811SJ,Breda
Vredenburchsingel,27,"","",4811SJ,Breda
Vredenburchsingel,28,"","",4811SJ,Breda
Vredenburchsingel,29,"","",4811SJ,Breda
Vredenburchsingel,30,"","",4811SJ,Breda
Vredenburchsingel,31,"","",4811SJ,Breda
Vredenburchsingel,32,"","",4811SJ,Breda
Vredenburchsingel,33,"","",4811SJ,Breda
Vredenburchsingel,34,"","",4811SJ,Breda
Vredenburchsingel,35,"","",4811SJ,Breda
Vredenburchsingel,36,"","",4811SJ,Breda
Vredenburchsingel,37,"","",4811SJ,Breda
Vredenburchsingel,38,"","",4811SJ,Breda
Vredenburchsingel,39,"","",4811SJ,Breda
Vredenburchsingel,40,"","",4811SJ,Breda
Vredenburchsingel,41,"","",4811SJ,Breda
Vredenburchsingel,42,"","",4811SJ,Breda
Vredenburchsingel,43,"","",4811SJ,Breda
Vredenburchsingel,43,"",G01,4811SJ,Breda
Vredenburchsingel,44,"","",4811SJ,Breda
Vredenburchsingel,45,"","",4811SJ,Breda
Vredenburchsingel,53,"","",4811SJ,Breda
Vredenburchsingel,53,"","",4811SJ,Breda
Vredenburchsingel,53,"","",4811SJ,Breda
Vredenburchsingel,53,"","",4811SJ,Breda
Vredenburchsingel,53,A,"",4811SJ,Breda
Vredenburchsingel,53,B,"",4811SJ,Breda
Vredenburchsingel,53,B,"",4811SJ,Breda
Vredenburchsingel,53,B,"",4811SJ,Breda
Vredenburchsingel,54,"","",4811SJ,Breda
Vredenburchsingel,55,"","",4811SJ,Breda
Vredenburchsingel,56,"","",4811SJ,Breda
Vredenburchsingel,57,"","",4811SJ,Breda
Bernhardsingel,1,"","",4811SK,Breda
Bernhardsingel,1,A,"",4811SK,Breda
Bernhardsingel,1,B,"",4811SK,Breda
Bernhardsingel,10,"","",4811SK,Breda
Bernhardsingel,11,"","",4811SK,Breda
Bernhardsingel,12,"","",4811SK,Breda
Bernhardsingel,13,"","",4811SK,Breda
Bernhardsingel,14,"","",4811SK,Breda
Bernhardsingel,15,"","",4811SK,Breda
Bernhardsingel,16,"","",4811SK,Breda
Bernhardsingel,17,"","",4811SK,Breda
Bernhardsingel,18,"","",4811SK,Breda
Bernhardsingel,19,"","",4811SK,Breda
Bernhardsingel,2,"","",4811SK,Breda
Bernhardsingel,20,"","",4811SK,Breda
Bernhardsingel,21,"","",4811SK,Breda
Bernhardsingel,22,"","",4811SK,Breda
Bernhardsingel,23,"","",4811SK,Breda
Bernhardsingel,24,"","",4811SK,Breda
Bernhardsingel,25,"","",4811SK,Breda
Bernhardsingel,3,"","",4811SK,Breda
Bernhardsingel,4,"","",4811SK,Breda
Bernhardsingel,5,"","",4811SK,Breda
Bernhardsingel,6,"","",4811SK,Breda
Bernhardsingel,7,"","",4811SK,Breda
Bernhardsingel,8,"","",4811SK,Breda
Bernhardsingel,9,"","",4811SK,Breda
Bernhardsingel,26,"","",4811SL,Breda
Bernhardsingel,27,"","",4811SL,Breda
Bernhardsingel,28,"","",4811SL,Breda
Bernhardsingel,29,"","",4811SL,Breda
Bernhardsingel,30,"","",4811SL,Breda
Bernhardsingel,31,"","",4811SL,Breda
Bernhardsingel,32,"","",4811SL,Breda
Bernhardsingel,33,"","",4811SL,Breda
Bernhardsingel,34,"","",4811SL,Breda
Bernhardsingel,35,"","",4811SL,Breda
Bernhardsingel,36,"","",4811SL,Breda
Bernhardsingel,37,"","",4811SL,Breda
Bernhardsingel,38,"","",4811SL,Breda
Bernhardsingel,39,"","",4811SL,Breda
Bernhardsingel,40,"","",4811SL,Breda
Bernhardsingel,41,"","",4811SL,Breda
Bernhardsingel,42,"","",4811SL,Breda
Bernhardsingel,43,"","",4811SL,Breda
Bernhardsingel,44,"","",4811SL,Breda
Bernhardsingel,45,"","",4811SL,Breda
Bernhardsingel,46,"","",4811SL,Breda
Bernhardsingel,47,"","",4811SL,Breda
Bernhardsingel,48,"","",4811SL,Breda
Bernhardsingel,49,"","",4811SL,Breda
Bernhardsingel,51,"","",4811SL,Breda
Van Almondepad,1,"","",4818RG,Breda
Van Almondepad,1,"","",4818RG,Breda
Van Almondepad,11,"","",4818RG,Breda
Van Almondepad,11,"","",4818RG,Breda
Van Almondepad,13,"","",4818RG,Breda
Van Almondepad,13,"","",4818RG,Breda
Van Almondepad,13,A,"",4818RG,Breda
Van Almondepad,13,A,"",4818RG,Breda
Van Almondepad,15,"","",4818RG,Breda
Van Almondepad,15,"","",4818RG,Breda
Van Almondepad,15,A,"",4818RG,Breda
Van Almondepad,15,A,"",4818RG,Breda
Van Almondepad,15,B,"",4818RG,Breda
Van Almondepad,15,B,"",4818RG,Breda
Van Almondepad,17,"","",4818RG,Breda
Van Almondepad,17,"","",4818RG,Breda
Van Almondepad,17,"","",4818RG,Breda
Van Almondepad,17,"","",4818RG,Breda
Van Almondepad,19,"","",4818RG,Breda
Van Almondepad,19,"","",4818RG,Breda
Van Almondepad,2,"","",4818RG,Breda
Van Almondepad,2,"","",4818RG,Breda
Van Almondepad,21,"","",4818RG,Breda
Van Almondepad,21,"","",4818RG,Breda
Van Almondepad,23,"","",4818RG,Breda
Van Almondepad,23,"","",4818RG,Breda
Van Almondepad,25,"","",4818RG,Breda
Van Almondepad,25,"","",4818RG,Breda
Van Almondepad,27,"","",4818RG,Breda
Van Almondepad,27,"","",4818RG,Breda
Van Almondepad,3,"","",4818RG,Breda
Van Almondepad,3,"","",4818RG,Breda
Van Almondepad,5,"","",4818RG,Breda
Van Almondepad,5,"","",4818RG,Breda
Van Almondepad,7,"","",4818RG,Breda
Van Almondepad,7,"","",4818RG,Breda
Jan Nieuwenhuyzenstraat,1,"","",4818RH,Breda
Jan Nieuwenhuyzenstraat,1,"",A1,4818RH,Breda
Jan Nieuwenhuyzenstraat,1,"",B2,4818RH,Breda
Jan Nieuwenhuyzenstraat,1,"",B3,4818RH,Breda
Jan Nieuwenhuyzenstraat,1,"",C4,4818RH,Breda
Jan Nieuwenhuyzenstraat,1,"",C5,4818RH,Breda
Jan Nieuwenhuyzenstraat,13,"","",4818RH,Breda
Jan Nieuwenhuyzenstraat,15,"","",4818RH,Breda
Jan Nieuwenhuyzenstraat,3,"","",4818RH,Breda
Jan Nieuwenhuyzenstraat,3,"",A1,4818RH,Breda
Jan Nieuwenhuyzenstraat,3,"",B2,4818RH,Breda
Jan Nieuwenhuyzenstraat,3,"",B3,4818RH,Breda
Jan Nieuwenhuyzenstraat,3,"",B4,4818RH,Breda
Jan Nieuwenhuyzenstraat,3,"",C5,4818RH,Breda
Jan Nieuwenhuyzenstraat,3,"",C6,4818RH,Breda
Jan Nieuwenhuyzenstraat,3,"",C7,4818RH,Breda
Jan Nieuwenhuyzenstraat,3,"",D10,4818RH,Breda
Jan Nieuwenhuyzenstraat,3,"",D8,4818RH,Breda
Jan Nieuwenhuyzenstraat,3,"",D9,4818RH,Breda
Jan Nieuwenhuyzenstraat,9,"","",4818RH,Breda
Jan Nieuwenhuyzenstraat,10,"","",4818RJ,Breda
Jan Nieuwenhuyzenstraat,12,"","",4818RJ,Breda
Jan Nieuwenhuyzenstraat,14,"","",4818RJ,Breda
Jan Nieuwenhuyzenstraat,16,"","",4818RJ,Breda
Jan Nieuwenhuyzenstraat,18,"","",4818RJ,Breda
Jan Nieuwenhuyzenstraat,18,A,"",4818RJ,Breda
Jan Nieuwenhuyzenstraat,18,B,"",4818RJ,Breda
Jan Nieuwenhuyzenstraat,2,"","",4818RJ,Breda
Jan Nieuwenhuyzenstraat,20,"","",4818RJ,Breda
Jan Nieuwenhuyzenstraat,20,A,"",4818RJ,Breda
Jan Nieuwenhuyzenstraat,22,"","",4818RJ,Breda
Jan Nieuwenhuyzenstraat,22,A,"",4818RJ,Breda
Jan Nieuwenhuyzenstraat,24,"","",4818RJ,Breda
Jan Nieuwenhuyzenstraat,24,A,"",4818RJ,Breda
Jan Nieuwenhuyzenstraat,26,"","",4818RJ,Breda
Jan Nieuwenhuyzenstraat,26,A,"",4818RJ,Breda
Jan Nieuwenhuyzenstraat,28,"","",4818RJ,Breda
Jan Nieuwenhuyzenstraat,28,A,"",4818RJ,Breda
Jan Nieuwenhuyzenstraat,30,"","",4818RJ,Breda
Jan Nieuwenhuyzenstraat,30,A,"",4818RJ,Breda
Jan Nieuwenhuyzenstraat,32,"","",4818RJ,Breda
Jan Nieuwenhuyzenstraat,32,A,"",4818RJ,Breda
Jan Nieuwenhuyzenstraat,34,"","",4818RJ,Breda
Jan Nieuwenhuyzenstraat,34,A,"",4818RJ,Breda
Jan Nieuwenhuyzenstraat,36,"","",4818RJ,Breda
Jan Nieuwenhuyzenstraat,36,A,"",4818RJ,Breda
Jan Nieuwenhuyzenstraat,38,"","",4818RJ,Breda
Jan Nieuwenhuyzenstraat,38,A,"",4818RJ,Breda
Jan Nieuwenhuyzenstraat,40,"","",4818RJ,Breda
Jan Nieuwenhuyzenstraat,40,A,"",4818RJ,Breda
Jan Nieuwenhuyzenstraat,42,"","",4818RJ,Breda
Jan Nieuwenhuyzenstraat,42,A,"",4818RJ,Breda
Jan Nieuwenhuyzenstraat,44,"","",4818RJ,Breda
Jan Nieuwenhuyzenstraat,44,A,"",4818RJ,Breda
Jan Nieuwenhuyzenstraat,46,"","",4818RJ,Breda
Jan Nieuwenhuyzenstraat,46,A,"",4818RJ,Breda
Jan Nieuwenhuyzenstraat,6,"","",4818RJ,Breda
Jan Nieuwenhuyzenstraat,8,"","",4818RJ,Breda
Jan Nieuwenhuyzenstraat,1800,"",TRVD,4818RK,Breda
Jan Nieuwenhuyzenstraat,48,"","",4818RK,Breda
Jan Nieuwenhuyzenstraat,48,A,"",4818RK,Breda
Jan Nieuwenhuyzenstraat,48,B,"",4818RK,Breda
Jan Nieuwenhuyzenstraat,48,C,"",4818RK,Breda
Jan Nieuwenhuyzenstraat,48,D,"",4818RK,Breda
Jan Nieuwenhuyzenstraat,50,"","",4818RK,Breda
Jan Nieuwenhuyzenstraat,50,A,"",4818RK,Breda
Jan Nieuwenhuyzenstraat,50,B,"",4818RK,Breda
Jan Nieuwenhuyzenstraat,50,C,"",4818RK,Breda
Jan Nieuwenhuyzenstraat,52,"","",4818RK,Breda
Jan Nieuwenhuyzenstraat,52,A,"",4818RK,Breda
Jan Nieuwenhuyzenstraat,52,B,"",4818RK,Breda
Jan Nieuwenhuyzenstraat,52,C,"",4818RK,Breda
Jan Nieuwenhuyzenstraat,54,"","",4818RK,Breda
Jan Nieuwenhuyzenstraat,54,A,"",4818RK,Breda
Jan Nieuwenhuyzenstraat,54,B,"",4818RK,Breda
Jan Nieuwenhuyzenstraat,54,C,"",4818RK,Breda
Jan Nieuwenhuyzenstraat,56,"","",4818RK,Breda
Jan Nieuwenhuyzenstraat,56,A,"",4818RK,Breda
Jan Nieuwenhuyzenstraat,56,B,"",4818RK,Breda
Jan Nieuwenhuyzenstraat,56,C,"",4818RK,Breda
Jan Nieuwenhuyzenstraat,58,"","",4818RK,Breda
Jan Nieuwenhuyzenstraat,58,A,"",4818RK,Breda
Jan Nieuwenhuyzenstraat,58,B,"",4818RK,Breda
Jan Nieuwenhuyzenstraat,58,C,"",4818RK,Breda
Jan Nieuwenhuyzenstraat,60,"","",4818RK,Breda
Jan Nieuwenhuyzenstraat,60,A,"",4818RK,Breda
Jan Nieuwenhuyzenstraat,60,B,"",4818RK,Breda
Jan Nieuwenhuyzenstraat,60,C,"",4818RK,Breda
Jan Nieuwenhuyzenstraat,62,"","",4818RK,Breda
Jan Nieuwenhuyzenstraat,62,A,"",4818RK,Breda
Jan Nieuwenhuyzenstraat,62,B,"",4818RK,Breda
Jan Nieuwenhuyzenstraat,62,C,"",4818RK,Breda
Jan Nieuwenhuyzenstraat,64,"","",4818RK,Breda
Jan Nieuwenhuyzenstraat,64,A,"",4818RK,Breda
Jan Nieuwenhuyzenstraat,64,B,"",4818RK,Breda
Jan Nieuwenhuyzenstraat,64,C,"",4818RK,Breda
Jan Nieuwenhuyzenstraat,66,"","",4818RK,Breda
Jan Nieuwenhuyzenstraat,68,"","",4818RK,Breda
Jan Nieuwenhuyzenstraat,70,"","",4818RK,Breda
Jan Nieuwenhuyzenstraat,72,"","",4818RK,Breda
Jan Nieuwenhuyzenstraat,74,"","",4818RK,Breda
Jan Nieuwenhuyzenstraat,76,"","",4818RK,Breda
Jan Nieuwenhuyzenstraat,78,"","",4818RK,Breda
Jan Nieuwenhuyzenstraat,80,"","",4818RK,Breda
Jan Nieuwenhuyzenstraat,82,"","",4818RK,Breda
Jan Nieuwenhuyzenstraat,84,"","",4818RK,Breda
Boeimeerhof,1,"","",4818RL,Breda
Boeimeerhof,10,"","",4818RL,Breda
Boeimeerhof,100,"","",4818RL,Breda
Boeimeerhof,101,"","",4818RL,Breda
Boeimeerhof,102,"","",4818RL,Breda
Boeimeerhof,103,"","",4818RL,Breda
Boeimeerhof,104,"","",4818RL,Breda
Boeimeerhof,105,"","",4818RL,Breda
Boeimeerhof,11,"","",4818RL,Breda
Boeimeerhof,12,"","",4818RL,Breda
Boeimeerhof,13,"","",4818RL,Breda
Boeimeerhof,14,"","",4818RL,Breda
Boeimeerhof,15,"","",4818RL,Breda
Boeimeerhof,16,"","",4818RL,Breda
Boeimeerhof,17,"","",4818RL,Breda
Boeimeerhof,18,"","",4818RL,Breda
Boeimeerhof,19,"","",4818RL,Breda
Boeimeerhof,2,"","",4818RL,Breda
Boeimeerhof,20,"","",4818RL,Breda
Boeimeerhof,21,"","",4818RL,Breda
Boeimeerhof,22,"","",4818RL,Breda
Boeimeerhof,23,"","",4818RL,Breda
Boeimeerhof,24,"","",4818RL,Breda
Boeimeerhof,25,"","",4818RL,Breda
Boeimeerhof,26,"","",4818RL,Breda
Boeimeerhof,27,"","",4818RL,Breda
Boeimeerhof,28,"","",4818RL,Breda
Boeimeerhof,29,"","",4818RL,Breda
Boeimeerhof,3,"","",4818RL,Breda
Boeimeerhof,30,"","",4818RL,Breda
Boeimeerhof,31,"","",4818RL,Breda
Boeimeerhof,32,"","",4818RL,Breda
Boeimeerhof,33,"","",4818RL,Breda
Boeimeerhof,34,"","",4818RL,Breda
Boeimeerhof,35,"","",4818RL,Breda
Boeimeerhof,36,"","",4818RL,Breda
Boeimeerhof,37,"","",4818RL,Breda
Boeimeerhof,38,"","",4818RL,Breda
Boeimeerhof,39,"","",4818RL,Breda
Boeimeerhof,4,"","",4818RL,Breda
Boeimeerhof,40,"","",4818RL,Breda
Boeimeerhof,41,"","",4818RL,Breda
Boeimeerhof,42,"","",4818RL,Breda
Boeimeerhof,43,"","",4818RL,Breda
Boeimeerhof,44,"","",4818RL,Breda
Boeimeerhof,45,"","",4818RL,Breda
Boeimeerhof,46,"","",4818RL,Breda
Boeimeerhof,47,"","",4818RL,Breda
Boeimeerhof,48,"","",4818RL,Breda
Boeimeerhof,49,"","",4818RL,Breda
Boeimeerhof,5,"","",4818RL,Breda
Boeimeerhof,50,"","",4818RL,Breda
Boeimeerhof,51,"","",4818RL,Breda
Boeimeerhof,52,"","",4818RL,Breda
Boeimeerhof,53,"","",4818RL,Breda
Boeimeerhof,54,"","",4818RL,Breda
Boeimeerhof,55,"","",4818RL,Breda
Boeimeerhof,56,"","",4818RL,Breda
Boeimeerhof,57,"","",4818RL,Breda
Boeimeerhof,58,"","",4818RL,Breda
Boeimeerhof,59,"","",4818RL,Breda
Boeimeerhof,6,"","",4818RL,Breda
Boeimeerhof,60,"","",4818RL,Breda
Boeimeerhof,61,"","",4818RL,Breda
Boeimeerhof,62,"","",4818RL,Breda
Boeimeerhof,63,"","",4818RL,Breda
Boeimeerhof,64,"","",4818RL,Breda
Boeimeerhof,65,"","",4818RL,Breda
Boeimeerhof,66,"","",4818RL,Breda
Boeimeerhof,67,"","",4818RL,Breda
Boeimeerhof,68,"","",4818RL,Breda
Boeimeerhof,69,"","",4818RL,Breda
Boeimeerhof,7,"","",4818RL,Breda
Boeimeerhof,70,"","",4818RL,Breda
Boeimeerhof,71,"","",4818RL,Breda
Boeimeerhof,72,"","",4818RL,Breda
Boeimeerhof,73,"","",4818RL,Breda
Boeimeerhof,74,"","",4818RL,Breda
Boeimeerhof,75,"","",4818RL,Breda
Boeimeerhof,76,"","",4818RL,Breda
Boeimeerhof,77,"","",4818RL,Breda
Boeimeerhof,78,"","",4818RL,Breda
Boeimeerhof,79,"","",4818RL,Breda
Boeimeerhof,8,"","",4818RL,Breda
Boeimeerhof,80,"","",4818RL,Breda
Boeimeerhof,81,"","",4818RL,Breda
Boeimeerhof,82,"","",4818RL,Breda
Boeimeerhof,83,"","",4818RL,Breda
Boeimeerhof,84,"","",4818RL,Breda
Boeimeerhof,85,"","",4818RL,Breda
Boeimeerhof,86,"","",4818RL,Breda
Boeimeerhof,87,"","",4818RL,Breda
Boeimeerhof,88,"","",4818RL,Breda
Boeimeerhof,89,"","",4818RL,Breda
Boeimeerhof,9,"","",4818RL,Breda
Boeimeerhof,90,"","",4818RL,Breda
Boeimeerhof,91,"","",4818RL,Breda
Boeimeerhof,92,"","",4818RL,Breda
Boeimeerhof,93,"","",4818RL,Breda
Boeimeerhof,94,"","",4818RL,Breda
Boeimeerhof,95,"","",4818RL,Breda
Boeimeerhof,96,"","",4818RL,Breda
Boeimeerhof,97,"","",4818RL,Breda
Boeimeerhof,98,"","",4818RL,Breda
Boeimeerhof,99,"","",4818RL,Breda
Heilig Hartplein,10,"","",4818RM,Breda
Heilig Hartplein,11,"","",4818RM,Breda
Heilig Hartplein,12,"","",4818RM,Breda
Heilig Hartplein,13,"","",4818RM,Breda
Heilig Hartplein,14,"","",4818RM,Breda
Heilig Hartplein,15,"","",4818RM,Breda
Heilig Hartplein,16,"","",4818RM,Breda
Heilig Hartplein,17,"","",4818RM,Breda
Heilig Hartplein,18,"","",4818RM,Breda
Heilig Hartplein,18,A,"",4818RM,Breda
Heilig Hartplein,18,B,"",4818RM,Breda
Heilig Hartplein,18,C,"",4818RM,Breda
Heilig Hartplein,18,D,"",4818RM,Breda
Heilig Hartplein,18,E,"",4818RM,Breda
Heilig Hartplein,4,"","",4818RM,Breda
Heilig Hartplein,5,"","",4818RM,Breda
Heilig Hartplein,6,"","",4818RM,Breda
Heilig Hartplein,7,"","",4818RM,Breda
Heilig Hartplein,8,"","",4818RM,Breda
Heilig Hartplein,9,"","",4818RM,Breda
Heilig Hartpad,1,"","",4818RN,Breda
Heilig Hartpad,1,"","",4818RN,Breda
Heilig Hartpad,10,"","",4818RN,Breda
Heilig Hartpad,10,"","",4818RN,Breda
Heilig Hartpad,11,"","",4818RN,Breda
Heilig Hartpad,11,"","",4818RN,Breda
Heilig Hartpad,12,"","",4818RN,Breda
Heilig Hartpad,12,"","",4818RN,Breda
Heilig Hartpad,13,"","",4818RN,Breda
Heilig Hartpad,13,"","",4818RN,Breda
Heilig Hartpad,14,"","",4818RN,Breda
Heilig Hartpad,14,"","",4818RN,Breda
Heilig Hartpad,15,"","",4818RN,Breda
Heilig Hartpad,15,"","",4818RN,Breda
Heilig Hartpad,16,"","",4818RN,Breda
Heilig Hartpad,16,"","",4818RN,Breda
Heilig Hartpad,17,"","",4818RN,Breda
Heilig Hartpad,17,"","",4818RN,Breda
Heilig Hartpad,18,"","",4818RN,Breda
Heilig Hartpad,18,"","",4818RN,Breda
Heilig Hartpad,19,"","",4818RN,Breda
Heilig Hartpad,19,"","",4818RN,Breda
Heilig Hartpad,2,"","",4818RN,Breda
Heilig Hartpad,2,"","",4818RN,Breda
Heilig Hartpad,20,"","",4818RN,Breda
Heilig Hartpad,20,"","",4818RN,Breda
Heilig Hartpad,21,"","",4818RN,Breda
Heilig Hartpad,21,"","",4818RN,Breda
Heilig Hartpad,22,"","",4818RN,Breda
Heilig Hartpad,22,"","",4818RN,Breda
Heilig Hartpad,23,"","",4818RN,Breda
Heilig Hartpad,23,"","",4818RN,Breda
Heilig Hartpad,24,"","",4818RN,Breda
Heilig Hartpad,24,"","",4818RN,Breda
Heilig Hartpad,25,"","",4818RN,Breda
Heilig Hartpad,25,"","",4818RN,Breda
Heilig Hartpad,26,"","",4818RN,Breda
Heilig Hartpad,26,"","",4818RN,Breda
Heilig Hartpad,27,"","",4818RN,Breda
Heilig Hartpad,27,"","",4818RN,Breda
Heilig Hartpad,28,"","",4818RN,Breda
Heilig Hartpad,28,"","",4818RN,Breda
Heilig Hartpad,29,"","",4818RN,Breda
Heilig Hartpad,29,"","",4818RN,Breda
Heilig Hartpad,3,"","",4818RN,Breda
Heilig Hartpad,3,"","",4818RN,Breda
Heilig Hartpad,30,"","",4818RN,Breda
Heilig Hartpad,30,"","",4818RN,Breda
Heilig Hartpad,31,"","",4818RN,Breda
Heilig Hartpad,31,"","",4818RN,Breda
Heilig Hartpad,32,"","",4818RN,Breda
Heilig Hartpad,32,"","",4818RN,Breda
Heilig Hartpad,33,"","",4818RN,Breda
Heilig Hartpad,33,"","",4818RN,Breda
Heilig Hartpad,34,"","",4818RN,Breda
Heilig Hartpad,34,"","",4818RN,Breda
Heilig Hartpad,35,"","",4818RN,Breda
Heilig Hartpad,35,"","",4818RN,Breda
Heilig Hartpad,36,"","",4818RN,Breda
Heilig Hartpad,36,"","",4818RN,Breda
Heilig Hartpad,37,"","",4818RN,Breda
Heilig Hartpad,37,"","",4818RN,Breda
Heilig Hartpad,38,"","",4818RN,Breda
Heilig Hartpad,38,"","",4818RN,Breda
Heilig Hartpad,39,"","",4818RN,Breda
Heilig Hartpad,39,"","",4818RN,Breda
Heilig Hartpad,4,"","",4818RN,Breda
Heilig Hartpad,4,"","",4818RN,Breda
Heilig Hartpad,5,"","",4818RN,Breda
Heilig Hartpad,5,"","",4818RN,Breda
Heilig Hartpad,6,"","",4818RN,Breda
Heilig Hartpad,6,"","",4818RN,Breda
Heilig Hartpad,7,"","",4818RN,Breda
Heilig Hartpad,7,"","",4818RN,Breda
Heilig Hartpad,8,"","",4818RN,Breda
Heilig Hartpad,8,"","",4818RN,Breda
Heilig Hartpad,9,"","",4818RN,Breda
Heilig Hartpad,9,"","",4818RN,Breda
Boeimeersingel,1,"","",4819AA,Breda
Boeimeersingel,1,A,"",4819AA,Breda
Boeimeersingel,11,"","",4819AA,Breda
Boeimeersingel,12,"","",4819AA,Breda
Boeimeersingel,12,A,"",4819AA,Breda
Boeimeersingel,14,A,"",4819AA,Breda
Boeimeersingel,15,"","",4819AA,Breda
Boeimeersingel,16,"","",4819AA,Breda
Boeimeersingel,17,"","",4819AA,Breda
Boeimeersingel,2,"","",4819AA,Breda
Boeimeersingel,2,A,"",4819AA,Breda
Boeimeersingel,3,"","",4819AA,Breda
Boeimeersingel,4,"","",4819AA,Breda
Boeimeersingel,5,"","",4819AA,Breda
Boeimeersingel,5,A,"",4819AA,Breda
Boeimeersingel,6,A,"",4819AA,Breda
Boeimeersingel,6,B,"",4819AA,Breda
Boeimeersingel,6,C,"",4819AA,Breda
Boeimeersingel,7,"","",4819AA,Breda
Boeimeersingel,7,A,"",4819AA,Breda
Boeimeersingel,7,B,"",4819AA,Breda
Boeimeersingel,8,"","",4819AA,Breda
Boeimeersingel,8,A,"",4819AA,Breda
Boeimeersingel,9,"","",4819AA,Breda
Boeimeersingel,9,A,"",4819AA,Breda
Boeimeersingel,9,B,"",4819AA,Breda
Boeimeersingel,9,C,"",4819AA,Breda
Boeimeersingel,9,D,"",4819AA,Breda
Boeimeersingel,9,E,"",4819AA,Breda
Julianalaan,1,"","",4819AB,Breda
Julianalaan,1,"","",4819AB,Breda
Julianalaan,11,"","",4819AB,Breda
Julianalaan,13,"","",4819AB,Breda
Julianalaan,15,"","",4819AB,Breda
Julianalaan,17,"","",4819AB,Breda
Julianalaan,19,"","",4819AB,Breda
Julianalaan,19,A,"",4819AB,Breda
Julianalaan,19,B,"",4819AB,Breda
Julianalaan,19,C,"",4819AB,Breda
Julianalaan,21,"","",4819AB,Breda
Julianalaan,23,"","",4819AB,Breda
Julianalaan,25,"","",4819AB,Breda
Julianalaan,27,"","",4819AB,Breda
Julianalaan,29,"","",4819AB,Breda
Julianalaan,3,"","",4819AB,Breda
Julianalaan,31,"","",4819AB,Breda
Julianalaan,33,"","",4819AB,Breda
Julianalaan,35,"","",4819AB,Breda
Julianalaan,37,"","",4819AB,Breda
Julianalaan,39,"","",4819AB,Breda
Julianalaan,41,"","",4819AB,Breda
Julianalaan,43,"","",4819AB,Breda
Julianalaan,45,"","",4819AB,Breda
Julianalaan,47,"","",4819AB,Breda
Julianalaan,49,"","",4819AB,Breda
Julianalaan,5,"","",4819AB,Breda
Julianalaan,51,"","",4819AB,Breda
Julianalaan,53,"","",4819AB,Breda
Julianalaan,55,"","",4819AB,Breda
Julianalaan,7,"","",4819AB,Breda
Julianalaan,9,"","",4819AB,Breda
Julianalaan,101,"","",4819AC,Breda
Julianalaan,103,"","",4819AC,Breda
Julianalaan,105,"","",4819AC,Breda
Julianalaan,107,"","",4819AC,Breda
Julianalaan,111,"","",4819AC,Breda
Julianalaan,57,"","",4819AC,Breda
Julianalaan,59,"","",4819AC,Breda
Julianalaan,61,"","",4819AC,Breda
Julianalaan,63,"","",4819AC,Breda
Julianalaan,65,"","",4819AC,Breda
Julianalaan,67,"","",4819AC,Breda
Julianalaan,69,"","",4819AC,Breda
Julianalaan,71,"","",4819AC,Breda
Julianalaan,73,"","",4819AC,Breda
Julianalaan,73,"","",4819AC,Breda
Julianalaan,75,"","",4819AC,Breda
Julianalaan,77,"","",4819AC,Breda
Julianalaan,79,"","",4819AC,Breda
Julianalaan,81,"","",4819AC,Breda
Julianalaan,83,"","",4819AC,Breda
Julianalaan,85,"","",4819AC,Breda
Julianalaan,87,"","",4819AC,Breda
Julianalaan,89,"","",4819AC,Breda
Julianalaan,91,"","",4819AC,Breda
Julianalaan,93,"","",4819AC,Breda
Julianalaan,95,"","",4819AC,Breda
Julianalaan,97,"","",4819AC,Breda
Julianalaan,99,"","",4819AC,Breda
Michiel de Ruyterstraat,10,"","",4819AD,Breda
Michiel de Ruyterstraat,12,"","",4819AD,Breda
Michiel de Ruyterstraat,14,"","",4819AD,Breda
Michiel de Ruyterstraat,16,"","",4819AD,Breda
Michiel de Ruyterstraat,18,"","",4819AD,Breda
Michiel de Ruyterstraat,2,"","",4819AD,Breda
Michiel de Ruyterstraat,20,"","",4819AD,Breda
Michiel de Ruyterstraat,4,"","",4819AD,Breda
Michiel de Ruyterstraat,6,"","",4819AD,Breda
Michiel de Ruyterstraat,8,"","",4819AD,Breda
Van Brakelstraat,1,"","",4819AE,Breda
Van Brakelstraat,1,"","",4819AE,Breda
Van Brakelstraat,10,"","",4819AE,Breda
Van Brakelstraat,10,"","",4819AE,Breda
Van Brakelstraat,11,"","",4819AE,Breda
Van Brakelstraat,11,"","",4819AE,Breda
Van Brakelstraat,12,"","",4819AE,Breda
Van Brakelstraat,12,"","",4819AE,Breda
Van Brakelstraat,13,"","",4819AE,Breda
Van Brakelstraat,13,"","",4819AE,Breda
Van Brakelstraat,14,"","",4819AE,Breda
Van Brakelstraat,14,"","",4819AE,Breda
Van Brakelstraat,15,"","",4819AE,Breda
Van Brakelstraat,15,"","",4819AE,Breda
Van Brakelstraat,16,"","",4819AE,Breda
Van Brakelstraat,16,"","",4819AE,Breda
Van Brakelstraat,17,"","",4819AE,Breda
Van Brakelstraat,17,"","",4819AE,Breda
Van Brakelstraat,18,"","",4819AE,Breda
Van Brakelstraat,18,"","",4819AE,Breda
Van Brakelstraat,2,"","",4819AE,Breda
Van Brakelstraat,2,"","",4819AE,Breda
Van Brakelstraat,20,"","",4819AE,Breda
Van Brakelstraat,20,"","",4819AE,Breda
Van Brakelstraat,20,"","",4819AE,Breda
Van Brakelstraat,20,"","",4819AE,Breda
Van Brakelstraat,21,"","",4819AE,Breda
Van Brakelstraat,21,"","",4819AE,Breda
Van Brakelstraat,22,"","",4819AE,Breda
Van Brakelstraat,22,"","",4819AE,Breda
Van Brakelstraat,22,"","",4819AE,Breda
Van Brakelstraat,22,"","",4819AE,Breda
Van Brakelstraat,23,"","",4819AE,Breda
Van Brakelstraat,23,"","",4819AE,Breda
Van Brakelstraat,3,"","",4819AE,Breda
Van Brakelstraat,3,"","",4819AE,Breda
Van Brakelstraat,4,"","",4819AE,Breda
Van Brakelstraat,4,"","",4819AE,Breda
Van Brakelstraat,5,"","",4819AE,Breda
Van Brakelstraat,5,"","",4819AE,Breda
Van Brakelstraat,6,"","",4819AE,Breda
Van Brakelstraat,6,"","",4819AE,Breda
Van Brakelstraat,7,"","",4819AE,Breda
Van Brakelstraat,7,"","",4819AE,Breda
Van Brakelstraat,8,"","",4819AE,Breda
Van Brakelstraat,8,"","",4819AE,Breda
Van Brakelstraat,9,"","",4819AE,Breda
Van Brakelstraat,9,"","",4819AE,Breda
Tromplaan,1,"","",4819AG,Breda
Tromplaan,10,"","",4819AG,Breda
Tromplaan,12,"","",4819AG,Breda
Tromplaan,3,"","",4819AG,Breda
Tromplaan,4,"","",4819AG,Breda
Tromplaan,5,"","",4819AG,Breda
Tromplaan,6,"","",4819AG,Breda
Tromplaan,8,"","",4819AG,Breda
Witte de Withweg,10,"","",4819AH,Breda
Witte de Withweg,12,"","",4819AH,Breda
Witte de Withweg,14,"","",4819AH,Breda
Witte de Withweg,16,"","",4819AH,Breda
Witte de Withweg,18,"","",4819AH,Breda
Witte de Withweg,2,"","",4819AH,Breda
Witte de Withweg,20,"","",4819AH,Breda
Witte de Withweg,4,"","",4819AH,Breda
Witte de Withweg,6,"","",4819AH,Breda
Witte de Withweg,8,"","",4819AH,Breda
Piet Heynlaan,10,"","",4819AJ,Breda
Piet Heynlaan,11,"","",4819AJ,Breda
Piet Heynlaan,12,"","",4819AJ,Breda
Piet Heynlaan,1240,"",TRC,4819AJ,Breda
Piet Heynlaan,14,"","",4819AJ,Breda
Piet Heynlaan,16,"","",4819AJ,Breda
Piet Heynlaan,18,"","",4819AJ,Breda
Piet Heynlaan,2,"","",4819AJ,Breda
Piet Heynlaan,20,"","",4819AJ,Breda
Piet Heynlaan,22,"","",4819AJ,Breda
Piet Heynlaan,24,"","",4819AJ,Breda
Piet Heynlaan,26,"","",4819AJ,Breda
Piet Heynlaan,28,"","",4819AJ,Breda
Piet Heynlaan,3,"","",4819AJ,Breda
Piet Heynlaan,30,"","",4819AJ,Breda
Piet Heynlaan,32,"","",4819AJ,Breda
Piet Heynlaan,34,"","",4819AJ,Breda
Piet Heynlaan,36,"","",4819AJ,Breda
Piet Heynlaan,38,"","",4819AJ,Breda
Piet Heynlaan,4,"","",4819AJ,Breda
Piet Heynlaan,40,"","",4819AJ,Breda
Piet Heynlaan,42,"","",4819AJ,Breda
Piet Heynlaan,44,"","",4819AJ,Breda
Piet Heynlaan,46,"","",4819AJ,Breda
Piet Heynlaan,48,"","",4819AJ,Breda
Piet Heynlaan,5,"","",4819AJ,Breda
Piet Heynlaan,5,"","",4819AJ,Breda
Piet Heynlaan,50,"","",4819AJ,Breda
Piet Heynlaan,52,"","",4819AJ,Breda
Piet Heynlaan,54,"","",4819AJ,Breda
Piet Heynlaan,54,"","",4819AJ,Breda
Piet Heynlaan,54,"","",4819AJ,Breda
Piet Heynlaan,56,"","",4819AJ,Breda
Piet Heynlaan,6,"","",4819AJ,Breda
Piet Heynlaan,7,"","",4819AJ,Breda
Piet Heynlaan,8,"","",4819AJ,Breda
Piet Heynlaan,9,"","",4819AJ,Breda
Banckertweg,1,"","",4819AK,Breda
Banckertweg,10,"","",4819AK,Breda
Banckertweg,11,"","",4819AK,Breda
Banckertweg,12,"","",4819AK,Breda
Banckertweg,14,"","",4819AK,Breda
Banckertweg,16,"","",4819AK,Breda
Banckertweg,2,"","",4819AK,Breda
Banckertweg,3,"","",4819AK,Breda
Banckertweg,4,"","",4819AK,Breda
Banckertweg,5,"","",4819AK,Breda
Banckertweg,6,"","",4819AK,Breda
Banckertweg,7,"","",4819AK,Breda
Banckertweg,8,"","",4819AK,Breda
Banckertweg,9,"","",4819AK,Breda
Van Galenweg,1,"","",4819AL,Breda
Van Galenweg,1,"","",4819AL,Breda
Van Galenweg,10,"","",4819AL,Breda
Van Galenweg,10,"","",4819AL,Breda
Van Galenweg,11,"","",4819AL,Breda
Van Galenweg,11,"","",4819AL,Breda
Van Galenweg,11,"",BS01,4819AL,Breda
Van Galenweg,11,"",BS01,4819AL,Breda
Van Galenweg,11,"",BS02,4819AL,Breda
Van Galenweg,11,"",BS02,4819AL,Breda
Van Galenweg,11,"",BS03,4819AL,Breda
Van Galenweg,11,"",BS03,4819AL,Breda
Van Galenweg,11,"",BS04,4819AL,Breda
Van Galenweg,11,"",BS04,4819AL,Breda
Van Galenweg,11,"",BS05,4819AL,Breda
Van Galenweg,11,"",BS05,4819AL,Breda
Van Galenweg,11,"",BS06,4819AL,Breda
Van Galenweg,11,"",BS06,4819AL,Breda
Van Galenweg,11,"",BS07,4819AL,Breda
Van Galenweg,11,"",BS07,4819AL,Breda
Van Galenweg,11,"",BS08,4819AL,Breda
Van Galenweg,11,"",BS08,4819AL,Breda
Van Galenweg,11,"",BS09,4819AL,Breda
Van Galenweg,11,"",BS09,4819AL,Breda
Van Galenweg,12,"","",4819AL,Breda
Van Galenweg,12,"","",4819AL,Breda
Van Galenweg,13,"","",4819AL,Breda
Van Galenweg,13,"","",4819AL,Breda
Van Galenweg,15,"","",4819AL,Breda
Van Galenweg,15,"","",4819AL,Breda
Van Galenweg,17,"","",4819AL,Breda
Van Galenweg,17,"","",4819AL,Breda
Van Galenweg,19,"","",4819AL,Breda
Van Galenweg,19,"","",4819AL,Breda
Van Galenweg,2,"","",4819AL,Breda
Van Galenweg,2,"","",4819AL,Breda
Van Galenweg,21,"","",4819AL,Breda
Van Galenweg,21,"","",4819AL,Breda
Van Galenweg,23,"","",4819AL,Breda
Van Galenweg,23,"","",4819AL,Breda
Van Galenweg,25,"","",4819AL,Breda
Van Galenweg,25,"","",4819AL,Breda
Van Galenweg,27,"","",4819AL,Breda
Van Galenweg,27,"","",4819AL,Breda
Van Galenweg,29,"","",4819AL,Breda
Van Galenweg,29,"","",4819AL,Breda
Van Galenweg,3,"","",4819AL,Breda
Van Galenweg,3,"","",4819AL,Breda
Van Galenweg,4,"","",4819AL,Breda
Van Galenweg,4,"","",4819AL,Breda
Van Galenweg,5,"","",4819AL,Breda
Van Galenweg,5,"","",4819AL,Breda
Van Galenweg,6,"","",4819AL,Breda
Van Galenweg,6,"","",4819AL,Breda
Van Galenweg,7,"","",4819AL,Breda
Van Galenweg,7,"","",4819AL,Breda
Van Galenweg,8,"","",4819AL,Breda
Van Galenweg,8,"","",4819AL,Breda
Van Galenweg,9,"","",4819AL,Breda
Van Galenweg,9,"","",4819AL,Breda
Van Gentlaan,1,"","",4819AM,Breda
Van Gentlaan,1,"","",4819AM,Breda
Van Gentlaan,10,"","",4819AM,Breda
Van Gentlaan,10,"","",4819AM,Breda
Van Gentlaan,11,"","",4819AM,Breda
Van Gentlaan,11,"","",4819AM,Breda
Van Gentlaan,12,"","",4819AM,Breda
Van Gentlaan,12,"","",4819AM,Breda
Van Gentlaan,13,"","",4819AM,Breda
Van Gentlaan,13,"","",4819AM,Breda
Van Gentlaan,14,"","",4819AM,Breda
Van Gentlaan,14,"","",4819AM,Breda
Van Gentlaan,15,"","",4819AM,Breda
Van Gentlaan,15,"","",4819AM,Breda
Van Gentlaan,16,"","",4819AM,Breda
Van Gentlaan,16,"","",4819AM,Breda
Van Gentlaan,17,"","",4819AM,Breda
Van Gentlaan,17,"","",4819AM,Breda
Van Gentlaan,18,"","",4819AM,Breda
Van Gentlaan,18,"","",4819AM,Breda
Van Gentlaan,19,"","",4819AM,Breda
Van Gentlaan,19,"","",4819AM,Breda
Van Gentlaan,2,"","",4819AM,Breda
Van Gentlaan,2,"","",4819AM,Breda
Van Gentlaan,20,"","",4819AM,Breda
Van Gentlaan,20,"","",4819AM,Breda
Van Gentlaan,21,"","",4819AM,Breda
Van Gentlaan,21,"","",4819AM,Breda
Van Gentlaan,22,"","",4819AM,Breda
Van Gentlaan,22,"","",4819AM,Breda
Van Gentlaan,23,"","",4819AM,Breda
Van Gentlaan,23,"","",4819AM,Breda
Van Gentlaan,24,"","",4819AM,Breda
Van Gentlaan,24,"","",4819AM,Breda
Van Gentlaan,25,"","",4819AM,Breda
Van Gentlaan,25,"","",4819AM,Breda
Van Gentlaan,26,"","",4819AM,Breda
Van Gentlaan,26,"","",4819AM,Breda
Van Gentlaan,27,"","",4819AM,Breda
Van Gentlaan,27,"","",4819AM,Breda
Van Gentlaan,29,"","",4819AM,Breda
Van Gentlaan,29,"","",4819AM,Breda
Van Gentlaan,3,"","",4819AM,Breda
Van Gentlaan,3,"","",4819AM,Breda
Van Gentlaan,30,"","",4819AM,Breda
Van Gentlaan,30,"","",4819AM,Breda
Van Gentlaan,31,"","",4819AM,Breda
Van Gentlaan,31,"","",4819AM,Breda
Van Gentlaan,32,"","",4819AM,Breda
Van Gentlaan,32,"","",4819AM,Breda
Van Gentlaan,33,"","",4819AM,Breda
Van Gentlaan,33,"","",4819AM,Breda
Van Gentlaan,34,"","",4819AM,Breda
Van Gentlaan,34,"","",4819AM,Breda
Van Gentlaan,35,"","",4819AM,Breda
Van Gentlaan,35,"","",4819AM,Breda
Van Gentlaan,36,"","",4819AM,Breda
Van Gentlaan,36,"","",4819AM,Breda
Van Gentlaan,37,"","",4819AM,Breda
Van Gentlaan,37,"","",4819AM,Breda
Van Gentlaan,38,"","",4819AM,Breda
Van Gentlaan,38,"","",4819AM,Breda
Van Gentlaan,39,"","",4819AM,Breda
Van Gentlaan,39,"","",4819AM,Breda
Van Gentlaan,4,"","",4819AM,Breda
Van Gentlaan,4,"","",4819AM,Breda
Van Gentlaan,40,"","",4819AM,Breda
Van Gentlaan,40,"","",4819AM,Breda
Van Gentlaan,41,"","",4819AM,Breda
Van Gentlaan,41,"","",4819AM,Breda
Van Gentlaan,42,"","",4819AM,Breda
Van Gentlaan,42,"","",4819AM,Breda
Van Gentlaan,43,"","",4819AM,Breda
Van Gentlaan,43,"","",4819AM,Breda
Van Gentlaan,44,"","",4819AM,Breda
Van Gentlaan,44,"","",4819AM,Breda
Van Gentlaan,45,"","",4819AM,Breda
Van Gentlaan,45,"","",4819AM,Breda
Van Gentlaan,46,"","",4819AM,Breda
Van Gentlaan,46,"","",4819AM,Breda
Van Gentlaan,48,"","",4819AM,Breda
Van Gentlaan,48,"","",4819AM,Breda
Van Gentlaan,5,"","",4819AM,Breda
Van Gentlaan,5,"","",4819AM,Breda
Van Gentlaan,50,"","",4819AM,Breda
Van Gentlaan,50,"","",4819AM,Breda
Van Gentlaan,6,"","",4819AM,Breda
Van Gentlaan,6,"","",4819AM,Breda
Van Gentlaan,7,"","",4819AM,Breda
Van Gentlaan,7,"","",4819AM,Breda
Van Gentlaan,8,"","",4819AM,Breda
Van Gentlaan,8,"","",4819AM,Breda
Van Gentlaan,9,"","",4819AM,Breda
Van Gentlaan,9,"","",4819AM,Breda
Evertsenweg,1,"","",4819AN,Breda
Evertsenweg,10,"","",4819AN,Breda
Evertsenweg,11,"","",4819AN,Breda
Evertsenweg,12,"","",4819AN,Breda
Evertsenweg,13,"","",4819AN,Breda
Evertsenweg,14,"","",4819AN,Breda
Evertsenweg,15,"","",4819AN,Breda
Evertsenweg,15,"",BS01,4819AN,Breda
Evertsenweg,15,"",BS02,4819AN,Breda
Evertsenweg,15,"",BS03,4819AN,Breda
Evertsenweg,15,"",BS04,4819AN,Breda
Evertsenweg,15,"",BS05,4819AN,Breda
Evertsenweg,15,"",BS06,4819AN,Breda
Evertsenweg,15,"",BS07,4819AN,Breda
Evertsenweg,15,"",BS08,4819AN,Breda
Evertsenweg,15,"",BS09,4819AN,Breda
Evertsenweg,16,"","",4819AN,Breda
Evertsenweg,17,"","",4819AN,Breda
Evertsenweg,18,"","",4819AN,Breda
Evertsenweg,19,"","",4819AN,Breda
Evertsenweg,2,"","",4819AN,Breda
Evertsenweg,20,"","",4819AN,Breda
Evertsenweg,21,"","",4819AN,Breda
Evertsenweg,22,"","",4819AN,Breda
Evertsenweg,23,"","",4819AN,Breda
Evertsenweg,24,"","",4819AN,Breda
Evertsenweg,25,"","",4819AN,Breda
Evertsenweg,26,"","",4819AN,Breda
Evertsenweg,27,"","",4819AN,Breda
Evertsenweg,28,"","",4819AN,Breda
Evertsenweg,3,"","",4819AN,Breda
Evertsenweg,4,"","",4819AN,Breda
Evertsenweg,5,"","",4819AN,Breda
Evertsenweg,6,"","",4819AN,Breda
Evertsenweg,7,"","",4819AN,Breda
Evertsenweg,8,"","",4819AN,Breda
Evertsenweg,9,"","",4819AN,Breda
Kortenaerlaan,1,"","",4819AP,Breda
Kortenaerlaan,11,"","",4819AP,Breda
Kortenaerlaan,13,"","",4819AP,Breda
Kortenaerlaan,15,"","",4819AP,Breda
Kortenaerlaan,17,"","",4819AP,Breda
Kortenaerlaan,19,"","",4819AP,Breda
Kortenaerlaan,25,"","",4819AP,Breda
Kortenaerlaan,27,"","",4819AP,Breda
Kortenaerlaan,29,"","",4819AP,Breda
Kortenaerlaan,3,"","",4819AP,Breda
Kortenaerlaan,31,"","",4819AP,Breda
Kortenaerlaan,33,"","",4819AP,Breda
Kortenaerlaan,35,"","",4819AP,Breda
Kortenaerlaan,37,"","",4819AP,Breda
Kortenaerlaan,39,"","",4819AP,Breda
Kortenaerlaan,41,"","",4819AP,Breda
Kortenaerlaan,43,"","",4819AP,Breda
Kortenaerlaan,45,"","",4819AP,Breda
Kortenaerlaan,47,"","",4819AP,Breda
Kortenaerlaan,49,"","",4819AP,Breda
Kortenaerlaan,5,"","",4819AP,Breda
Kortenaerlaan,51,"","",4819AP,Breda
Kortenaerlaan,7,"","",4819AP,Breda
Kortenaerlaan,9,"","",4819AP,Breda
Kortenaerlaan,10,"","",4819AR,Breda
Kortenaerlaan,12,"","",4819AR,Breda
Kortenaerlaan,14,"","",4819AR,Breda
Kortenaerlaan,16,"","",4819AR,Breda
Kortenaerlaan,18,"","",4819AR,Breda
Kortenaerlaan,2,"","",4819AR,Breda
Kortenaerlaan,20,"","",4819AR,Breda
Kortenaerlaan,22,"","",4819AR,Breda
Kortenaerlaan,24,"","",4819AR,Breda
Kortenaerlaan,26,"","",4819AR,Breda
Kortenaerlaan,28,"","",4819AR,Breda
Kortenaerlaan,30,"","",4819AR,Breda
Kortenaerlaan,32,"","",4819AR,Breda
Kortenaerlaan,34,"","",4819AR,Breda
Kortenaerlaan,36,"","",4819AR,Breda
Kortenaerlaan,38,"","",4819AR,Breda
Kortenaerlaan,4,"","",4819AR,Breda
Kortenaerlaan,40,"","",4819AR,Breda
Kortenaerlaan,42,"","",4819AR,Breda
Kortenaerlaan,44,"","",4819AR,Breda
Kortenaerlaan,46,"","",4819AR,Breda
Kortenaerlaan,48,"","",4819AR,Breda
Kortenaerlaan,50,"","",4819AR,Breda
Kortenaerlaan,52,"","",4819AR,Breda
Kortenaerlaan,54,"","",4819AR,Breda
Kortenaerlaan,6,"","",4819AR,Breda
Kortenaerlaan,8,"","",4819AR,Breda
Zoutmanweg,1,"","",4819AS,Breda
Zoutmanweg,11,"","",4819AS,Breda
Zoutmanweg,13,"","",4819AS,Breda
Zoutmanweg,15,"","",4819AS,Breda
Zoutmanweg,17,"","",4819AS,Breda
Zoutmanweg,19,"","",4819AS,Breda
Zoutmanweg,21,"","",4819AS,Breda
Zoutmanweg,23,"","",4819AS,Breda
Zoutmanweg,25,"","",4819AS,Breda
Zoutmanweg,27,"","",4819AS,Breda
Zoutmanweg,29,"","",4819AS,Breda
Zoutmanweg,3,"","",4819AS,Breda
Zoutmanweg,31,"","",4819AS,Breda
Zoutmanweg,31,"","",4819AS,Breda
Zoutmanweg,31,"","",4819AS,Breda
Zoutmanweg,31,"","",4819AS,Breda
Zoutmanweg,5,"","",4819AS,Breda
Zoutmanweg,7,"","",4819AS,Breda
Zoutmanweg,901,"","",4819AS,Breda
Zoutmanweg,903,"","",4819AS,Breda
Zoutmanweg,10,"","",4819AT,Breda
Zoutmanweg,1180,"",TRD,4819AT,Breda
Zoutmanweg,12,"","",4819AT,Breda
Zoutmanweg,14,"","",4819AT,Breda
Zoutmanweg,16,"","",4819AT,Breda
Zoutmanweg,18,"","",4819AT,Breda
Zoutmanweg,2,"","",4819AT,Breda
Zoutmanweg,20,"","",4819AT,Breda
Zoutmanweg,22,"","",4819AT,Breda
Zoutmanweg,22,"","",4819AT,Breda
Zoutmanweg,22,"","",4819AT,Breda
Zoutmanweg,22,"","",4819AT,Breda
Zoutmanweg,24,"","",4819AT,Breda
Zoutmanweg,24,"","",4819AT,Breda
Zoutmanweg,26,"","",4819AT,Breda
Zoutmanweg,28,"","",4819AT,Breda
Zoutmanweg,30,"","",4819AT,Breda
Zoutmanweg,32,"","",4819AT,Breda
Zoutmanweg,4,"","",4819AT,Breda
Zoutmanweg,6,"","",4819AT,Breda
Zoutmanweg,8,"","",4819AT,Breda
Zoutmanweg,902,"","",4819AT,Breda
Zoutmanweg,904,"","",4819AT,Breda
Zoutmanweg,906,"","",4819AT,Breda
Cimburgalaan,1,"","",4819BA,Breda
Cimburgalaan,11,"","",4819BA,Breda
Cimburgalaan,13,"","",4819BA,Breda
Cimburgalaan,15,"","",4819BA,Breda
Cimburgalaan,17,"","",4819BA,Breda
Cimburgalaan,19,"","",4819BA,Breda
Cimburgalaan,21,"","",4819BA,Breda
Cimburgalaan,23,"","",4819BA,Breda
Cimburgalaan,23,"","",4819BA,Breda
Cimburgalaan,23,"","",4819BA,Breda
Cimburgalaan,23,"",G01,4819BA,Breda
Cimburgalaan,23,"",G02,4819BA,Breda
Cimburgalaan,23,"",G03,4819BA,Breda
Cimburgalaan,23,A,"",4819BA,Breda
Cimburgalaan,23,A,"",4819BA,Breda
Cimburgalaan,27,"","",4819BA,Breda
Cimburgalaan,29,"","",4819BA,Breda
Cimburgalaan,3,"","",4819BA,Breda
Cimburgalaan,31,"","",4819BA,Breda
Cimburgalaan,33,"","",4819BA,Breda
Cimburgalaan,35,"","",4819BA,Breda
Cimburgalaan,37,"","",4819BA,Breda
Cimburgalaan,39,"","",4819BA,Breda
Cimburgalaan,41,"","",4819BA,Breda
Cimburgalaan,43,"","",4819BA,Breda
Cimburgalaan,45,"","",4819BA,Breda
Cimburgalaan,47,"","",4819BA,Breda
Cimburgalaan,49,"","",4819BA,Breda
Cimburgalaan,5,"","",4819BA,Breda
Cimburgalaan,51,"","",4819BA,Breda
Cimburgalaan,7,"","",4819BA,Breda
Cimburgalaan,9,"","",4819BA,Breda
Cimburgalaan,101,"","",4819BB,Breda
Cimburgalaan,107,"","",4819BB,Breda
Cimburgalaan,123,"","",4819BB,Breda
Cimburgalaan,125,"","",4819BB,Breda
Cimburgalaan,127,"","",4819BB,Breda
Cimburgalaan,129,"","",4819BB,Breda
Cimburgalaan,131,"","",4819BB,Breda
Cimburgalaan,53,"","",4819BB,Breda
Cimburgalaan,55,"","",4819BB,Breda
Cimburgalaan,57,"","",4819BB,Breda
Cimburgalaan,59,"","",4819BB,Breda
Cimburgalaan,61,"","",4819BB,Breda
Cimburgalaan,63,"","",4819BB,Breda
Cimburgalaan,65,"","",4819BB,Breda
Cimburgalaan,67,"","",4819BB,Breda
Cimburgalaan,69,"","",4819BB,Breda
Cimburgalaan,71,"","",4819BB,Breda
Cimburgalaan,73,"","",4819BB,Breda
Cimburgalaan,75,"","",4819BB,Breda
Cimburgalaan,77,"","",4819BB,Breda
Cimburgalaan,79,"","",4819BB,Breda
Cimburgalaan,81,"","",4819BB,Breda
Cimburgalaan,83,"","",4819BB,Breda
Cimburgalaan,85,"","",4819BB,Breda
Cimburgalaan,87,"","",4819BB,Breda
Cimburgalaan,89,"","",4819BB,Breda
Cimburgalaan,91,"","",4819BB,Breda
Cimburgalaan,93,"","",4819BB,Breda
Cimburgalaan,97,"","",4819BB,Breda
Cimburgalaan,99,"","",4819BB,Breda
Cimburgalaan,16,"","",4819BC,Breda
Cimburgalaan,18,"","",4819BC,Breda
Cimburgalaan,18,"",G01,4819BC,Breda
Cimburgalaan,2,"","",4819BC,Breda
Cimburgalaan,2,A,"",4819BC,Breda
Cimburgalaan,20,"","",4819BC,Breda
Cimburgalaan,22,"","",4819BC,Breda
Cimburgalaan,24,"","",4819BC,Breda
Cimburgalaan,26,"","",4819BC,Breda
Cimburgalaan,26,"",G01,4819BC,Breda
Cimburgalaan,28,"","",4819BC,Breda
Cimburgalaan,30,"","",4819BC,Breda
Cimburgalaan,32,"","",4819BC,Breda
Cimburgalaan,34,"","",4819BC,Breda
Cimburgalaan,36,"","",4819BC,Breda
Cimburgalaan,38,"","",4819BC,Breda
Cimburgalaan,4,"","",4819BC,Breda
Cimburgalaan,40,"","",4819BC,Breda
Cimburgalaan,40,"",G01,4819BC,Breda
Cimburgalaan,42,"","",4819BC,Breda
Cimburgalaan,44,"","",4819BC,Breda
Cimburgalaan,46,"","",4819BC,Breda
Cimburgalaan,48,"","",4819BC,Breda
Cimburgalaan,50,"","",4819BC,Breda
Cimburgalaan,52,"","",4819BC,Breda
Cimburgalaan,6,"","",4819BC,Breda
Cimburgalaan,8,"","",4819BC,Breda
Cimburgalaan,120,"","",4819BD,Breda
Cimburgalaan,120,"","",4819BD,Breda
Cimburgalaan,130,"","",4819BD,Breda
Cimburgalaan,54,"","",4819BD,Breda
Cimburgalaan,54,"",G01,4819BD,Breda
Cimburgalaan,56,"","",4819BD,Breda
Cimburgalaan,58,"","",4819BD,Breda
Cimburgalaan,60,"","",4819BD,Breda
Cimburgalaan,62,"","",4819BD,Breda
Cimburgalaan,64,"","",4819BD,Breda
Cimburgalaan,66,"","",4819BD,Breda
Cimburgalaan,68,"","",4819BD,Breda
Cimburgalaan,68,"",G01,4819BD,Breda
Cimburgalaan,70,"","",4819BD,Breda
Cimburgalaan,72,"","",4819BD,Breda
Cimburgalaan,74,"","",4819BD,Breda
Cimburgalaan,76,"","",4819BD,Breda
Cimburgalaan,78,"","",4819BD,Breda
Cimburgalaan,80,"","",4819BD,Breda
Cimburgalaan,82,"","",4819BD,Breda
Cimburgalaan,82,"",BIS,4819BD,Breda
Cimburgalaan,84,"","",4819BD,Breda
Cimburgalaan,86,"","",4819BD,Breda
Cimburgalaan,88,"","",4819BD,Breda
Cimburgalaan,90,"","",4819BD,Breda
Cimburgalaan,92,"","",4819BD,Breda
Cimburgalaan,94,"","",4819BD,Breda
Cimburgalaan,98,K,"",4819BD,Breda
Boeimeerlaan,10,"","",4819BE,Breda
Boeimeerlaan,10,A,"",4819BE,Breda
Boeimeerlaan,10,B,"",4819BE,Breda
Boeimeerlaan,12,"","",4819BE,Breda
Boeimeerlaan,12,A,"",4819BE,Breda
Boeimeerlaan,12,B,"",4819BE,Breda
Boeimeerlaan,14,"","",4819BE,Breda
Boeimeerlaan,14,A,"",4819BE,Breda
Boeimeerlaan,14,B,"",4819BE,Breda
Boeimeerlaan,16,"","",4819BE,Breda
Boeimeerlaan,16,A,"",4819BE,Breda
Boeimeerlaan,16,B,"",4819BE,Breda
Boeimeerlaan,18,"","",4819BE,Breda
Boeimeerlaan,18,A,"",4819BE,Breda
Boeimeerlaan,18,B,"",4819BE,Breda
Boeimeerlaan,2,"","",4819BE,Breda
Boeimeerlaan,20,"","",4819BE,Breda
Boeimeerlaan,20,A,"",4819BE,Breda
Boeimeerlaan,20,B,"",4819BE,Breda
Boeimeerlaan,22,"","",4819BE,Breda
Boeimeerlaan,22,A,"",4819BE,Breda
Boeimeerlaan,22,B,"",4819BE,Breda
Boeimeerlaan,24,"","",4819BE,Breda
Boeimeerlaan,24,A,"",4819BE,Breda
Boeimeerlaan,24,B,"",4819BE,Breda
Boeimeerlaan,4,"","",4819BE,Breda
Boeimeerlaan,6,"","",4819BE,Breda
Boeimeerlaan,8,"","",4819BE,Breda
Doelenstraat,19,"","",4819BG,Breda
Doelenstraat,19,"","",4819BG,Breda
Boeimeerlaan,26,"","",4819BG,Breda
Boeimeerlaan,26,A,"",4819BG,Breda
Boeimeerlaan,26,B,"",4819BG,Breda
Boeimeerlaan,28,"","",4819BG,Breda
Boeimeerlaan,28,A,"",4819BG,Breda
Boeimeerlaan,28,B,"",4819BG,Breda
Boeimeerlaan,30,"","",4819BG,Breda
Boeimeerlaan,30,A,"",4819BG,Breda
Boeimeerlaan,30,B,"",4819BG,Breda
Boeimeerlaan,32,"","",4819BG,Breda
Boeimeerlaan,32,A,"",4819BG,Breda
Boeimeerlaan,32,B,"",4819BG,Breda
Boeimeerlaan,34,"","",4819BG,Breda
Boeimeerlaan,34,A,"",4819BG,Breda
Boeimeerlaan,34,B,"",4819BG,Breda
Boeimeerlaan,36,"","",4819BG,Breda
Boeimeerlaan,36,A,"",4819BG,Breda
Boeimeerlaan,36,B,"",4819BG,Breda
Boeimeerlaan,38,"","",4819BG,Breda
Boeimeerlaan,38,A,"",4819BG,Breda
Boeimeerlaan,38,B,"",4819BG,Breda
Boeimeerlaan,40,"","",4819BG,Breda
Boeimeerlaan,40,A,"",4819BG,Breda
Boeimeerlaan,40,B,"",4819BG,Breda
Boeimeerlaan,42,"","",4819BH,Breda
Boeimeerlaan,44,"","",4819BH,Breda
Boeimeerlaan,46,"","",4819BH,Breda
Boeimeerlaan,48,"","",4819BH,Breda
Boeimeerlaan,50,"","",4819BH,Breda
Boeimeerlaan,52,"","",4819BH,Breda
Boeimeerlaan,54,"","",4819BH,Breda
Boeimeerlaan,56,"","",4819BH,Breda
Boeimeerlaan,58,"","",4819BH,Breda
Boeimeerlaan,60,"","",4819BH,Breda
Boeimeerlaan,60,A,"",4819BH,Breda
Boeimeerlaan,60,B,"",4819BH,Breda
Boeimeerlaan,62,"","",4819BH,Breda
Boeimeerlaan,62,A,"",4819BH,Breda
Boeimeerlaan,62,B,"",4819BH,Breda
Boeimeerlaan,64,"","",4819BH,Breda
Boeimeerlaan,64,A,"",4819BH,Breda
Boeimeerlaan,64,B,"",4819BH,Breda
Boeimeerlaan,66,"","",4819BH,Breda
Boeimeerlaan,66,A,"",4819BH,Breda
Boeimeerlaan,66,B,"",4819BH,Breda
Boeimeerlaan,68,"","",4819BH,Breda
Boeimeerlaan,68,A,"",4819BH,Breda
Boeimeerlaan,68,B,"",4819BH,Breda
Boeimeerlaan,70,"","",4819BH,Breda
Boeimeerlaan,70,A,"",4819BH,Breda
Boeimeerlaan,70,B,"",4819BH,Breda
Boeimeerlaan,72,"","",4819BH,Breda
Boeimeerlaan,72,A,"",4819BH,Breda
Boeimeerlaan,72,B,"",4819BH,Breda
Boeimeerlaan,74,"","",4819BH,Breda
Boeimeerlaan,74,A,"",4819BH,Breda
Boeimeerlaan,74,B,"",4819BH,Breda
Boeimeerlaan,76,"","",4819BJ,Breda
Boeimeerlaan,76,A,"",4819BJ,Breda
Boeimeerlaan,76,B,"",4819BJ,Breda
Boeimeerlaan,78,"","",4819BJ,Breda
Boeimeerlaan,78,A,"",4819BJ,Breda
Boeimeerlaan,78,B,"",4819BJ,Breda
Boeimeerlaan,80,"","",4819BJ,Breda
Boeimeerlaan,80,A,"",4819BJ,Breda
Boeimeerlaan,80,B,"",4819BJ,Breda
Boeimeerlaan,82,"","",4819BJ,Breda
Boeimeerlaan,82,A,"",4819BJ,Breda
Boeimeerlaan,82,B,"",4819BJ,Breda
Boeimeerlaan,84,"","",4819BJ,Breda
Boeimeerlaan,84,A,"",4819BJ,Breda
Boeimeerlaan,84,B,"",4819BJ,Breda
Boeimeerlaan,86,"","",4819BJ,Breda
Boeimeerlaan,86,A,"",4819BJ,Breda
Boeimeerlaan,86,B,"",4819BJ,Breda
Boeimeerlaan,88,"","",4819BJ,Breda
Boeimeerlaan,88,A,"",4819BJ,Breda
Boeimeerlaan,88,B,"",4819BJ,Breda
Boeimeerlaan,90,"","",4819BJ,Breda
Boeimeerlaan,90,A,"",4819BJ,Breda
Boeimeerlaan,90,B,"",4819BJ,Breda
Boeimeerlaan,92,"","",4819BJ,Breda
Boeimeerlaan,92,A,"",4819BJ,Breda
Boeimeerlaan,92,B,"",4819BJ,Breda
Boeimeerlaan,94,"","",4819BJ,Breda
Boeimeerlaan,94,A,"",4819BJ,Breda
Boeimeerlaan,94,B,"",4819BJ,Breda
Karel Doormanlaan,1,"","",4819BK,Breda
Karel Doormanlaan,10,"","",4819BK,Breda
Karel Doormanlaan,11,"","",4819BK,Breda
Karel Doormanlaan,12,"","",4819BK,Breda
Karel Doormanlaan,13,"","",4819BK,Breda
Karel Doormanlaan,14,"","",4819BK,Breda
Karel Doormanlaan,15,"","",4819BK,Breda
Karel Doormanlaan,16,"","",4819BK,Breda
Karel Doormanlaan,17,"","",4819BK,Breda
Karel Doormanlaan,18,"","",4819BK,Breda
Karel Doormanlaan,19,"","",4819BK,Breda
Karel Doormanlaan,2,"","",4819BK,Breda
Karel Doormanlaan,21,"","",4819BK,Breda
Karel Doormanlaan,22,"","",4819BK,Breda
Karel Doormanlaan,23,"","",4819BK,Breda
Karel Doormanlaan,24,"","",4819BK,Breda
Karel Doormanlaan,25,"","",4819BK,Breda
Karel Doormanlaan,26,"","",4819BK,Breda
Karel Doormanlaan,27,"","",4819BK,Breda
Karel Doormanlaan,28,"","",4819BK,Breda
Karel Doormanlaan,29,"","",4819BK,Breda
Karel Doormanlaan,3,"","",4819BK,Breda
Karel Doormanlaan,30,"","",4819BK,Breda
Karel Doormanlaan,31,"","",4819BK,Breda
Karel Doormanlaan,32,"","",4819BK,Breda
Karel Doormanlaan,34,"","",4819BK,Breda
Karel Doormanlaan,35,"","",4819BK,Breda
Karel Doormanlaan,35,"","",4819BK,Breda
Karel Doormanlaan,35,"","",4819BK,Breda
Karel Doormanlaan,36,"","",4819BK,Breda
Karel Doormanlaan,37,"","",4819BK,Breda
Karel Doormanlaan,38,"","",4819BK,Breda
Karel Doormanlaan,39,"","",4819BK,Breda
Karel Doormanlaan,4,"","",4819BK,Breda
Karel Doormanlaan,40,"","",4819BK,Breda
Karel Doormanlaan,41,"","",4819BK,Breda
Karel Doormanlaan,42,"","",4819BK,Breda
Karel Doormanlaan,43,"","",4819BK,Breda
Karel Doormanlaan,44,"","",4819BK,Breda
Karel Doormanlaan,45,"","",4819BK,Breda
Karel Doormanlaan,46,"","",4819BK,Breda
Karel Doormanlaan,47,"","",4819BK,Breda
Karel Doormanlaan,48,"","",4819BK,Breda
Karel Doormanlaan,49,"","",4819BK,Breda
Karel Doormanlaan,5,"","",4819BK,Breda
Karel Doormanlaan,50,"","",4819BK,Breda
Karel Doormanlaan,51,"","",4819BK,Breda
Karel Doormanlaan,52,"","",4819BK,Breda
Karel Doormanlaan,53,"","",4819BK,Breda
Karel Doormanlaan,54,"","",4819BK,Breda
Karel Doormanlaan,55,"","",4819BK,Breda
Karel Doormanlaan,56,"","",4819BK,Breda
Karel Doormanlaan,58,"","",4819BK,Breda
Karel Doormanlaan,6,"","",4819BK,Breda
Karel Doormanlaan,7,"","",4819BK,Breda
Karel Doormanlaan,8,"","",4819BK,Breda
Karel Doormanlaan,9,"","",4819BK,Breda
Verhuellweg,1,"","",4819BL,Breda
Verhuellweg,10,"","",4819BL,Breda
Verhuellweg,11,"","",4819BL,Breda
Verhuellweg,12,"","",4819BL,Breda
Verhuellweg,13,"","",4819BL,Breda
Verhuellweg,15,"","",4819BL,Breda
Verhuellweg,15,"",G01,4819BL,Breda
Verhuellweg,15,"",G02,4819BL,Breda
Verhuellweg,15,"",G03,4819BL,Breda
Verhuellweg,15,"",G04,4819BL,Breda
Verhuellweg,15,"",G05,4819BL,Breda
Verhuellweg,15,"",G06,4819BL,Breda
Verhuellweg,15,"",G07,4819BL,Breda
Verhuellweg,15,"",G08,4819BL,Breda
Verhuellweg,15,"",G09,4819BL,Breda
Verhuellweg,15,"",G10,4819BL,Breda
Verhuellweg,17,"","",4819BL,Breda
Verhuellweg,19,"","",4819BL,Breda
Verhuellweg,2,"","",4819BL,Breda
Verhuellweg,21,"","",4819BL,Breda
Verhuellweg,23,"","",4819BL,Breda
Verhuellweg,25,"","",4819BL,Breda
Verhuellweg,27,"","",4819BL,Breda
Verhuellweg,29,"","",4819BL,Breda
Verhuellweg,3,"","",4819BL,Breda
Verhuellweg,31,"","",4819BL,Breda
Verhuellweg,4,"","",4819BL,Breda
Verhuellweg,5,"","",4819BL,Breda
Verhuellweg,6,"","",4819BL,Breda
Verhuellweg,7,"","",4819BL,Breda
Verhuellweg,8,"","",4819BL,Breda
Verhuellweg,9,"","",4819BL,Breda
Van Speykweg,1,"","",4819BM,Breda
Van Speykweg,1,"","",4819BM,Breda
Van Speykweg,10,"","",4819BM,Breda
Van Speykweg,10,"","",4819BM,Breda
Van Speykweg,11,"","",4819BM,Breda
Van Speykweg,11,"","",4819BM,Breda
Van Speykweg,12,"","",4819BM,Breda
Van Speykweg,12,"","",4819BM,Breda
Van Speykweg,2,"","",4819BM,Breda
Van Speykweg,2,"","",4819BM,Breda
Van Speykweg,3,"","",4819BM,Breda
Van Speykweg,3,"","",4819BM,Breda
Van Speykweg,4,"","",4819BM,Breda
Van Speykweg,4,"","",4819BM,Breda
Van Speykweg,5,"","",4819BM,Breda
Van Speykweg,5,"","",4819BM,Breda
Van Speykweg,6,"","",4819BM,Breda
Van Speykweg,6,"","",4819BM,Breda
Van Speykweg,7,"","",4819BM,Breda
Van Speykweg,7,"","",4819BM,Breda
Van Speykweg,8,"","",4819BM,Breda
Van Speykweg,8,"","",4819BM,Breda
Van Speykweg,9,"","",4819BM,Breda
Van Speykweg,9,"","",4819BM,Breda
Graaf Engelbertlaan,10,"","",4819BN,Breda
Graaf Engelbertlaan,14,"","",4819BN,Breda
Graaf Engelbertlaan,16,"","",4819BN,Breda
Graaf Engelbertlaan,18,"","",4819BN,Breda
Graaf Engelbertlaan,2,"","",4819BN,Breda
Graaf Engelbertlaan,20,"","",4819BN,Breda
Graaf Engelbertlaan,22,"","",4819BN,Breda
Graaf Engelbertlaan,24,"","",4819BN,Breda
Graaf Engelbertlaan,26,"","",4819BN,Breda
Graaf Engelbertlaan,28,"","",4819BN,Breda
Graaf Engelbertlaan,30,"","",4819BN,Breda
Graaf Engelbertlaan,32,"","",4819BN,Breda
Graaf Engelbertlaan,34,"","",4819BN,Breda
Graaf Engelbertlaan,36,"","",4819BN,Breda
Graaf Engelbertlaan,4,"","",4819BN,Breda
Graaf Engelbertlaan,6,"","",4819BN,Breda
Graaf Engelbertlaan,6,A,G01,4819BN,Breda
Graaf Engelbertlaan,6,A,G02,4819BN,Breda
Graaf Engelbertlaan,6,A,G03,4819BN,Breda
Graaf Engelbertlaan,6,A,G04,4819BN,Breda
Graaf Engelbertlaan,6,A,G05,4819BN,Breda
Graaf Engelbertlaan,6,A,G06,4819BN,Breda
Graaf Engelbertlaan,62,"","",4819BN,Breda
Graaf Engelbertlaan,64,"","",4819BN,Breda
Graaf Engelbertlaan,66,"","",4819BN,Breda
Graaf Engelbertlaan,68,"","",4819BN,Breda
Graaf Engelbertlaan,70,"","",4819BN,Breda
Graaf Engelbertlaan,72,"","",4819BN,Breda
Graaf Engelbertlaan,8,"","",4819BN,Breda
Graaf Engelbertlaan,100,"","",4819BP,Breda
Graaf Engelbertlaan,102,"","",4819BP,Breda
Graaf Engelbertlaan,104,"","",4819BP,Breda
Graaf Engelbertlaan,106,"","",4819BP,Breda
Graaf Engelbertlaan,108,"","",4819BP,Breda
Graaf Engelbertlaan,110,"","",4819BP,Breda
Graaf Engelbertlaan,112,"","",4819BP,Breda
Graaf Engelbertlaan,114,"","",4819BP,Breda
Graaf Engelbertlaan,116,"","",4819BP,Breda
Graaf Engelbertlaan,74,"","",4819BP,Breda
Graaf Engelbertlaan,76,"","",4819BP,Breda
Graaf Engelbertlaan,78,"","",4819BP,Breda
Graaf Engelbertlaan,80,"","",4819BP,Breda
Graaf Engelbertlaan,82,"","",4819BP,Breda
Graaf Engelbertlaan,84,"","",4819BP,Breda
Graaf Engelbertlaan,86,"","",4819BP,Breda
Graaf Engelbertlaan,88,"","",4819BP,Breda
Graaf Engelbertlaan,90,"","",4819BP,Breda
Graaf Engelbertlaan,92,"","",4819BP,Breda
Graaf Engelbertlaan,94,"","",4819BP,Breda
Graaf Engelbertlaan,96,"","",4819BP,Breda
Graaf Engelbertlaan,98,"","",4819BP,Breda
Graaf Hendrik III laan,1,"","",4819CA,Breda
Graaf Hendrik III laan,11,"","",4819CA,Breda
Graaf Hendrik III laan,13,"","",4819CA,Breda
Graaf Hendrik III laan,15,"","",4819CA,Breda
Graaf Hendrik III laan,3,"","",4819CA,Breda
Graaf Hendrik III laan,5,"","",4819CA,Breda
Graaf Hendrik III laan,63,"","",4819CA,Breda
Graaf Hendrik III laan,63,"","",4819CA,Breda
Graaf Hendrik III laan,65,"","",4819CA,Breda
Graaf Hendrik III laan,65,A,"",4819CA,Breda
Graaf Hendrik III laan,65,B,"",4819CA,Breda
Graaf Hendrik III laan,65,C,"",4819CA,Breda
Graaf Hendrik III laan,67,"","",4819CA,Breda
Graaf Hendrik III laan,67,A,"",4819CA,Breda
Graaf Hendrik III laan,67,B,"",4819CA,Breda
Graaf Hendrik III laan,67,C,"",4819CA,Breda
Graaf Hendrik III laan,69,"","",4819CA,Breda
Graaf Hendrik III laan,69,A,"",4819CA,Breda
Graaf Hendrik III laan,69,B,"",4819CA,Breda
Graaf Hendrik III laan,69,C,"",4819CA,Breda
Graaf Hendrik III laan,7,"","",4819CA,Breda
Graaf Hendrik III laan,71,"","",4819CA,Breda
Graaf Hendrik III laan,71,A,"",4819CA,Breda
Graaf Hendrik III laan,71,B,"",4819CA,Breda
Graaf Hendrik III laan,71,C,"",4819CA,Breda
Graaf Hendrik III laan,9,"","",4819CA,Breda
Graaf Hendrik III laan,101,"","",4819CB,Breda
Graaf Hendrik III laan,105,"","",4819CB,Breda
Graaf Hendrik III laan,105,A,"",4819CB,Breda
Graaf Hendrik III laan,105,B,"",4819CB,Breda
Graaf Hendrik III laan,105,C,"",4819CB,Breda
Graaf Hendrik III laan,107,"","",4819CB,Breda
Graaf Hendrik III laan,107,A,"",4819CB,Breda
Graaf Hendrik III laan,107,B,"",4819CB,Breda
Graaf Hendrik III laan,107,C,"",4819CB,Breda
Graaf Hendrik III laan,73,"","",4819CB,Breda
Graaf Hendrik III laan,73,A,"",4819CB,Breda
Graaf Hendrik III laan,73,B,"",4819CB,Breda
Graaf Hendrik III laan,73,C,"",4819CB,Breda
Graaf Hendrik III laan,75,"","",4819CB,Breda
Graaf Hendrik III laan,75,A,"",4819CB,Breda
Graaf Hendrik III laan,75,B,"",4819CB,Breda
Graaf Hendrik III laan,75,C,"",4819CB,Breda
Graaf Hendrik III laan,77,"","",4819CB,Breda
Graaf Hendrik III laan,77,A,"",4819CB,Breda
Graaf Hendrik III laan,77,B,"",4819CB,Breda
Graaf Hendrik III laan,77,C,"",4819CB,Breda
Graaf Hendrik III laan,79,"","",4819CB,Breda
Graaf Hendrik III laan,79,A,"",4819CB,Breda
Graaf Hendrik III laan,79,B,"",4819CB,Breda
Graaf Hendrik III laan,79,C,"",4819CB,Breda
Graaf Hendrik III laan,83,"","",4819CB,Breda
Graaf Hendrik III laan,85,"","",4819CB,Breda
Graaf Hendrik III laan,87,"","",4819CB,Breda
Graaf Hendrik III laan,89,"","",4819CB,Breda
Graaf Hendrik III laan,91,"","",4819CB,Breda
Graaf Hendrik III laan,93,"","",4819CB,Breda
Graaf Hendrik III laan,95,"","",4819CB,Breda
Graaf Hendrik III laan,97,"","",4819CB,Breda
Graaf Hendrik III laan,99,"","",4819CB,Breda
Graaf Hendrik III laan,109,"","",4819CC,Breda
Graaf Hendrik III laan,109,A,"",4819CC,Breda
Graaf Hendrik III laan,109,B,"",4819CC,Breda
Graaf Hendrik III laan,109,C,"",4819CC,Breda
Graaf Hendrik III laan,111,"","",4819CC,Breda
Graaf Hendrik III laan,111,A,"",4819CC,Breda
Graaf Hendrik III laan,111,B,"",4819CC,Breda
Graaf Hendrik III laan,111,C,"",4819CC,Breda
Graaf Hendrik III laan,113,"","",4819CC,Breda
Graaf Hendrik III laan,113,A,"",4819CC,Breda
Graaf Hendrik III laan,113,B,"",4819CC,Breda
Graaf Hendrik III laan,113,C,"",4819CC,Breda
Graaf Hendrik III laan,115,"","",4819CC,Breda
Graaf Hendrik III laan,115,A,"",4819CC,Breda
Graaf Hendrik III laan,115,B,"",4819CC,Breda
Graaf Hendrik III laan,115,C,"",4819CC,Breda
Graaf Hendrik III laan,117,"","",4819CC,Breda
Graaf Hendrik III laan,117,A,"",4819CC,Breda
Graaf Hendrik III laan,117,B,"",4819CC,Breda
Graaf Hendrik III laan,117,C,"",4819CC,Breda
Graaf Hendrik III laan,119,"","",4819CC,Breda
Graaf Hendrik III laan,119,A,"",4819CC,Breda
Graaf Hendrik III laan,119,B,"",4819CC,Breda
Graaf Hendrik III laan,119,C,"",4819CC,Breda
Graaf Hendrik III laan,121,"","",4819CC,Breda
Graaf Hendrik III laan,123,"","",4819CD,Breda
Graaf Hendrik III laan,123,"","",4819CD,Breda
Graaf Hendrik III laan,125,"","",4819CD,Breda
Graaf Hendrik III laan,125,A,"",4819CD,Breda
Graaf Hendrik III laan,125,B,"",4819CD,Breda
Graaf Hendrik III laan,125,C,"",4819CD,Breda
Graaf Hendrik III laan,127,"","",4819CD,Breda
Graaf Hendrik III laan,127,A,"",4819CD,Breda
Graaf Hendrik III laan,127,B,"",4819CD,Breda
Graaf Hendrik III laan,127,C,"",4819CD,Breda
Graaf Hendrik III laan,129,"","",4819CD,Breda
Graaf Hendrik III laan,129,A,"",4819CD,Breda
Graaf Hendrik III laan,129,B,"",4819CD,Breda
Graaf Hendrik III laan,129,C,"",4819CD,Breda
Graaf Hendrik III laan,131,"","",4819CD,Breda
Graaf Hendrik III laan,131,A,"",4819CD,Breda
Graaf Hendrik III laan,131,B,"",4819CD,Breda
Graaf Hendrik III laan,131,C,"",4819CD,Breda
Graaf Hendrik III laan,133,"","",4819CD,Breda
Graaf Hendrik III laan,133,A,"",4819CD,Breda
Graaf Hendrik III laan,133,B,"",4819CD,Breda
Graaf Hendrik III laan,133,C,"",4819CD,Breda
Graaf Hendrik III laan,135,"","",4819CD,Breda
Graaf Hendrik III laan,135,A,"",4819CD,Breda
Graaf Hendrik III laan,135,B,"",4819CD,Breda
Graaf Hendrik III laan,135,C,"",4819CD,Breda
Graaf Hendrik III laan,137,"","",4819CE,Breda
Graaf Hendrik III laan,137,A,"",4819CE,Breda
Graaf Hendrik III laan,137,B,"",4819CE,Breda
Graaf Hendrik III laan,137,C,"",4819CE,Breda
Graaf Hendrik III laan,139,"","",4819CE,Breda
Graaf Hendrik III laan,139,A,"",4819CE,Breda
Graaf Hendrik III laan,139,B,"",4819CE,Breda
Graaf Hendrik III laan,139,C,"",4819CE,Breda
Graaf Hendrik III laan,141,"","",4819CE,Breda
Graaf Hendrik III laan,143,"","",4819CE,Breda
Graaf Hendrik III laan,145,"","",4819CE,Breda
Graaf Hendrik III laan,147,"","",4819CE,Breda
Graaf Hendrik III laan,149,"","",4819CE,Breda
Graaf Hendrik III laan,151,"","",4819CE,Breda
Graaf Hendrik III laan,153,"","",4819CE,Breda
Graaf Hendrik III laan,155,"","",4819CE,Breda
Graaf Hendrik III laan,155,"","",4819CE,Breda
Graaf Hendrik III laan,157,"","",4819CE,Breda
Graaf Hendrik III laan,157,A,"",4819CE,Breda
Graaf Hendrik III laan,157,B,"",4819CE,Breda
Graaf Hendrik III laan,157,C,"",4819CE,Breda
Graaf Hendrik III laan,159,"","",4819CE,Breda
Graaf Hendrik III laan,159,A,"",4819CE,Breda
Graaf Hendrik III laan,159,B,"",4819CE,Breda
Graaf Hendrik III laan,159,C,"",4819CE,Breda
Graaf Hendrik III laan,161,"","",4819CE,Breda
Graaf Hendrik III laan,161,A,"",4819CE,Breda
Graaf Hendrik III laan,161,B,"",4819CE,Breda
Graaf Hendrik III laan,161,C,"",4819CE,Breda
Graaf Hendrik III laan,163,"","",4819CE,Breda
Graaf Hendrik III laan,163,A,"",4819CE,Breda
Graaf Hendrik III laan,163,B,"",4819CE,Breda
Graaf Hendrik III laan,163,C,"",4819CE,Breda
Graaf Hendrik III laan,165,"","",4819CG,Breda
Graaf Hendrik III laan,165,A,"",4819CG,Breda
Graaf Hendrik III laan,165,B,"",4819CG,Breda
Graaf Hendrik III laan,165,C,"",4819CG,Breda
Graaf Hendrik III laan,167,"","",4819CG,Breda
Graaf Hendrik III laan,167,A,"",4819CG,Breda
Graaf Hendrik III laan,167,B,"",4819CG,Breda
Graaf Hendrik III laan,167,C,"",4819CG,Breda
Graaf Hendrik III laan,169,"","",4819CG,Breda
Graaf Hendrik III laan,169,A,"",4819CG,Breda
Graaf Hendrik III laan,169,B,"",4819CG,Breda
Graaf Hendrik III laan,169,C,"",4819CG,Breda
Graaf Hendrik III laan,171,"","",4819CG,Breda
Graaf Hendrik III laan,171,A,"",4819CG,Breda
Graaf Hendrik III laan,171,B,"",4819CG,Breda
Graaf Hendrik III laan,171,C,"",4819CG,Breda
Graaf Hendrik III laan,173,"","",4819CG,Breda
Graaf Hendrik III laan,2,"","",4819CH,Breda
Graaf Hendrik III laan,4,"","",4819CH,Breda
Graaf Hendrik III laan,56,"","",4819CH,Breda
Graaf Hendrik III laan,56,A,"",4819CH,Breda
Graaf Hendrik III laan,58,"","",4819CH,Breda
Graaf Hendrik III laan,60,"","",4819CH,Breda
Graaf Hendrik III plein,17,A,"",4819CJ,Breda
Graaf Hendrik III plein,17,B,"",4819CJ,Breda
Graaf Hendrik III plein,19,A,"",4819CJ,Breda
Graaf Hendrik III plein,19,B,"",4819CJ,Breda
Graaf Hendrik III plein,21,"","",4819CJ,Breda
Graaf Hendrik III plein,21,A,"",4819CJ,Breda
Graaf Hendrik III plein,21,B,"",4819CJ,Breda
Graaf Hendrik III plein,23,A,"",4819CJ,Breda
Graaf Hendrik III plein,23,B,"",4819CJ,Breda
Graaf Hendrik III plein,25,"","",4819CJ,Breda
Graaf Hendrik III plein,25,A,"",4819CJ,Breda
Graaf Hendrik III plein,25,B,"",4819CJ,Breda
Graaf Hendrik III plein,27,"","",4819CJ,Breda
Graaf Hendrik III plein,27,A,"",4819CJ,Breda
Graaf Hendrik III plein,29,"","",4819CJ,Breda
Graaf Hendrik III plein,29,A,"",4819CJ,Breda
Graaf Hendrik III plein,31,"","",4819CJ,Breda
Graaf Hendrik III plein,31,A,"",4819CJ,Breda
Graaf Hendrik III plein,33,"","",4819CJ,Breda
Graaf Hendrik III plein,33,A,"",4819CJ,Breda
Graaf Hendrik III plein,35,"","",4819CJ,Breda
Graaf Hendrik III plein,35,A,"",4819CJ,Breda
Graaf Hendrik III plein,37,A,"",4819CJ,Breda
Graaf Hendrik III plein,39,"","",4819CJ,Breda
Graaf Hendrik III plein,39,A,"",4819CJ,Breda
Graaf Hendrik III plein,41,A,"",4819CJ,Breda
Graaf Hendrik III plein,43,A,"",4819CK,Breda
Graaf Hendrik III plein,45,"","",4819CK,Breda
Graaf Hendrik III plein,45,A,"",4819CK,Breda
Graaf Hendrik III plein,47,"","",4819CK,Breda
Graaf Hendrik III plein,47,A,"",4819CK,Breda
Graaf Hendrik III plein,49,"","",4819CK,Breda
Graaf Hendrik III plein,49,A,"",4819CK,Breda
Graaf Hendrik III plein,51,"","",4819CK,Breda
Graaf Hendrik III plein,51,A,"",4819CK,Breda
Graaf Hendrik III plein,51,B,"",4819CK,Breda
Graaf Hendrik III plein,53,A,"",4819CK,Breda
Graaf Hendrik III plein,53,B,"",4819CK,Breda
Graaf Hendrik III plein,10,"","",4819CL,Breda
Graaf Hendrik III plein,100,"","",4819CL,Breda
Graaf Hendrik III plein,102,"","",4819CL,Breda
Graaf Hendrik III plein,104,"","",4819CL,Breda
Graaf Hendrik III plein,106,"","",4819CL,Breda
Graaf Hendrik III plein,108,"","",4819CL,Breda
Graaf Hendrik III plein,110,"","",4819CL,Breda
Graaf Hendrik III plein,112,"","",4819CL,Breda
Graaf Hendrik III plein,114,"","",4819CL,Breda
Graaf Hendrik III plein,116,"","",4819CL,Breda
Graaf Hendrik III plein,118,"","",4819CL,Breda
Graaf Hendrik III plein,12,"","",4819CL,Breda
Graaf Hendrik III plein,120,"","",4819CL,Breda
Graaf Hendrik III plein,122,"","",4819CL,Breda
Graaf Hendrik III plein,124,"","",4819CL,Breda
Graaf Hendrik III plein,126,"","",4819CL,Breda
Graaf Hendrik III plein,128,"","",4819CL,Breda
Graaf Hendrik III plein,130,"","",4819CL,Breda
Graaf Hendrik III plein,132,"","",4819CL,Breda
Graaf Hendrik III plein,132,"",A1,4819CL,Breda
Graaf Hendrik III plein,132,"",A3,4819CL,Breda
Graaf Hendrik III plein,132,"",A4,4819CL,Breda
Graaf Hendrik III plein,132,"",A5,4819CL,Breda
Graaf Hendrik III plein,132,"",A6,4819CL,Breda
Graaf Hendrik III plein,134,"","",4819CL,Breda
Graaf Hendrik III plein,136,"","",4819CL,Breda
Graaf Hendrik III plein,138,"","",4819CL,Breda
Graaf Hendrik III plein,14,"","",4819CL,Breda
Graaf Hendrik III plein,140,"","",4819CL,Breda
Graaf Hendrik III plein,142,"","",4819CL,Breda
Graaf Hendrik III plein,144,"","",4819CL,Breda
Graaf Hendrik III plein,146,"","",4819CL,Breda
Graaf Hendrik III plein,148,"","",4819CL,Breda
Graaf Hendrik III plein,150,"","",4819CL,Breda
Graaf Hendrik III plein,152,"","",4819CL,Breda
Graaf Hendrik III plein,154,"","",4819CL,Breda
Graaf Hendrik III plein,156,"","",4819CL,Breda
Graaf Hendrik III plein,158,"","",4819CL,Breda
Graaf Hendrik III plein,16,"","",4819CL,Breda
Graaf Hendrik III plein,160,"","",4819CL,Breda
Graaf Hendrik III plein,162,"","",4819CL,Breda
Graaf Hendrik III plein,164,"","",4819CL,Breda
Graaf Hendrik III plein,166,"","",4819CL,Breda
Graaf Hendrik III plein,168,"","",4819CL,Breda
Graaf Hendrik III plein,170,"","",4819CL,Breda
Graaf Hendrik III plein,172,"","",4819CL,Breda
Graaf Hendrik III plein,174,"","",4819CL,Breda
Graaf Hendrik III plein,176,"","",4819CL,Breda
Graaf Hendrik III plein,18,"","",4819CL,Breda
Graaf Hendrik III plein,20,"","",4819CL,Breda
Graaf Hendrik III plein,22,"","",4819CL,Breda
Graaf Hendrik III plein,24,"","",4819CL,Breda
Graaf Hendrik III plein,28,"","",4819CL,Breda
Graaf Hendrik III plein,30,"","",4819CL,Breda
Graaf Hendrik III plein,32,"","",4819CL,Breda
Graaf Hendrik III plein,34,"","",4819CL,Breda
Graaf Hendrik III plein,36,"","",4819CL,Breda
Graaf Hendrik III plein,38,"","",4819CL,Breda
Graaf Hendrik III plein,40,"","",4819CL,Breda
Graaf Hendrik III plein,42,"","",4819CL,Breda
Graaf Hendrik III plein,44,"","",4819CL,Breda
Graaf Hendrik III plein,46,"","",4819CL,Breda
Graaf Hendrik III plein,48,"","",4819CL,Breda
Graaf Hendrik III plein,50,"","",4819CL,Breda
Graaf Hendrik III plein,50,"","",4819CL,Breda
Graaf Hendrik III plein,50,"","",4819CL,Breda
Graaf Hendrik III plein,52,"","",4819CL,Breda
Graaf Hendrik III plein,54,"","",4819CL,Breda
Graaf Hendrik III plein,56,"","",4819CL,Breda
Graaf Hendrik III plein,58,"","",4819CL,Breda
Graaf Hendrik III plein,6,"","",4819CL,Breda
Graaf Hendrik III plein,60,"","",4819CL,Breda
Graaf Hendrik III plein,62,"","",4819CL,Breda
Graaf Hendrik III plein,64,"","",4819CL,Breda
Graaf Hendrik III plein,66,"","",4819CL,Breda
Graaf Hendrik III plein,68,"","",4819CL,Breda
Graaf Hendrik III plein,70,"","",4819CL,Breda
Graaf Hendrik III plein,72,"","",4819CL,Breda
Graaf Hendrik III plein,74,"","",4819CL,Breda
Graaf Hendrik III plein,76,"","",4819CL,Breda
Graaf Hendrik III plein,78,"","",4819CL,Breda
Graaf Hendrik III plein,8,"","",4819CL,Breda
Graaf Hendrik III plein,80,"","",4819CL,Breda
Graaf Hendrik III plein,84,"","",4819CL,Breda
Graaf Hendrik III plein,86,"","",4819CL,Breda
Graaf Hendrik III plein,88,"","",4819CL,Breda
Graaf Hendrik III plein,90,"","",4819CL,Breda
Graaf Hendrik III plein,92,"","",4819CL,Breda
Graaf Hendrik III plein,94,"","",4819CL,Breda
Graaf Hendrik III plein,96,"","",4819CL,Breda
Graaf Hendrik III plein,98,"","",4819CL,Breda
Grote Spie,1,"","",4819CM,Breda
Grote Spie,11,"","",4819CM,Breda
Grote Spie,13,"","",4819CM,Breda
Grote Spie,15,"","",4819CM,Breda
Grote Spie,17,"","",4819CM,Breda
Grote Spie,19,"","",4819CM,Breda
Grote Spie,21,"","",4819CM,Breda
Grote Spie,23,"","",4819CM,Breda
Grote Spie,25,"","",4819CM,Breda
Grote Spie,27,"","",4819CM,Breda
Grote Spie,29,"","",4819CM,Breda
Grote Spie,3,"","",4819CM,Breda
Grote Spie,31,"","",4819CM,Breda
Grote Spie,33,"","",4819CM,Breda
Grote Spie,35,"","",4819CM,Breda
Grote Spie,37,"","",4819CM,Breda
Grote Spie,39,"","",4819CM,Breda
Grote Spie,5,"","",4819CM,Breda
Grote Spie,7,"","",4819CM,Breda
Grote Spie,9,"","",4819CM,Breda
Grote Spie,41,"","",4819CN,Breda
Grote Spie,43,"","",4819CN,Breda
Grote Spie,45,"","",4819CN,Breda
Grote Spie,47,"","",4819CN,Breda
Grote Spie,49,"","",4819CN,Breda
Grote Spie,51,"","",4819CN,Breda
Grote Spie,53,"","",4819CN,Breda
Grote Spie,55,"","",4819CN,Breda
Grote Spie,57,"","",4819CN,Breda
Grote Spie,59,"","",4819CN,Breda
Grote Spie,61,"","",4819CN,Breda
Grote Spie,63,"","",4819CN,Breda
Grote Spie,65,"","",4819CN,Breda
Grote Spie,67,"","",4819CN,Breda
Grote Spie,69,"","",4819CN,Breda
Grote Spie,71,"","",4819CN,Breda
Grote Spie,73,"","",4819CN,Breda
Grote Spie,75,"","",4819CN,Breda
Grote Spie,77,"","",4819CN,Breda
Grote Spie,79,"","",4819CN,Breda
Grote Spie,81,"","",4819CN,Breda
Grote Spie,82,"","",4819CN,Breda
Grote Spie,87,"","",4819CN,Breda
Grote Spie,88,"","",4819CN,Breda
Grote Spie,89,"","",4819CN,Breda
Grote Spie,95,"","",4819CN,Breda
Grote Spie,101,"","",4819CP,Breda
Grote Spie,103,"","",4819CP,Breda
Grote Spie,105,"","",4819CP,Breda
Grote Spie,107,"","",4819CP,Breda
Grote Spie,109,"","",4819CP,Breda
Grote Spie,111,"","",4819CP,Breda
Grote Spie,113,"","",4819CP,Breda
Grote Spie,115,"","",4819CP,Breda
Grote Spie,117,"","",4819CP,Breda
Grote Spie,119,"","",4819CP,Breda
Grote Spie,121,"","",4819CP,Breda
Grote Spie,123,"","",4819CP,Breda
Grote Spie,125,"","",4819CP,Breda
Grote Spie,127,"","",4819CP,Breda
Grote Spie,129,"","",4819CP,Breda
Grote Spie,131,"","",4819CP,Breda
Grote Spie,133,"","",4819CP,Breda
Grote Spie,135,"","",4819CP,Breda
Grote Spie,137,"","",4819CP,Breda
Grote Spie,139,"","",4819CP,Breda
Grote Spie,4050,"",TRD,4819CP,Breda
Grote Spie,4060,"",TRD,4819CP,Breda
Grote Spie,4070,"",TRD,4819CP,Breda
Grote Spie,4080,"",TRD,4819CP,Breda
Grote Spie,141,"","",4819CR,Breda
Grote Spie,143,"","",4819CR,Breda
Grote Spie,145,"","",4819CR,Breda
Grote Spie,147,"","",4819CR,Breda
Grote Spie,149,"","",4819CR,Breda
Grote Spie,151,"","",4819CR,Breda
Grote Spie,153,"","",4819CR,Breda
Grote Spie,155,"","",4819CR,Breda
Grote Spie,157,"","",4819CR,Breda
Grote Spie,159,"","",4819CR,Breda
Grote Spie,161,"","",4819CR,Breda
Grote Spie,163,"","",4819CR,Breda
Grote Spie,165,"","",4819CR,Breda
Grote Spie,167,"","",4819CR,Breda
Grote Spie,169,"","",4819CR,Breda
Grote Spie,171,"","",4819CR,Breda
Grote Spie,173,"","",4819CR,Breda
Grote Spie,175,"","",4819CR,Breda
Grote Spie,177,"","",4819CR,Breda
Grote Spie,179,"","",4819CR,Breda
Grote Spie,181,"","",4819CR,Breda
Grote Spie,187,"","",4819CR,Breda
Grote Spie,189,"","",4819CR,Breda
Grote Spie,195,"","",4819CR,Breda
Grote Spie,197,"","",4819CS,Breda
Grote Spie,199,"","",4819CS,Breda
Grote Spie,201,"","",4819CS,Breda
Grote Spie,203,"","",4819CS,Breda
Grote Spie,205,"","",4819CS,Breda
Grote Spie,207,"","",4819CS,Breda
Grote Spie,209,"","",4819CS,Breda
Grote Spie,211,"","",4819CS,Breda
Grote Spie,213,"","",4819CS,Breda
Grote Spie,215,"","",4819CS,Breda
Grote Spie,217,"","",4819CS,Breda
Grote Spie,219,"","",4819CS,Breda
Grote Spie,221,"","",4819CS,Breda
Grote Spie,223,"","",4819CS,Breda
Grote Spie,225,"","",4819CS,Breda
Grote Spie,227,"","",4819CS,Breda
Grote Spie,229,"","",4819CS,Breda
Grote Spie,231,"","",4819CS,Breda
Grote Spie,233,"","",4819CS,Breda
Grote Spie,235,"","",4819CS,Breda
Grote Spie,237,"","",4819CT,Breda
Grote Spie,239,"","",4819CT,Breda
Grote Spie,241,"","",4819CT,Breda
Grote Spie,243,"","",4819CT,Breda
Grote Spie,245,"","",4819CT,Breda
Grote Spie,247,"","",4819CT,Breda
Grote Spie,249,"","",4819CT,Breda
Grote Spie,251,"","",4819CT,Breda
Grote Spie,253,"","",4819CT,Breda
Grote Spie,255,"","",4819CT,Breda
Grote Spie,257,"","",4819CT,Breda
Grote Spie,259,"","",4819CT,Breda
Grote Spie,261,"","",4819CT,Breda
Grote Spie,263,"","",4819CT,Breda
Grote Spie,265,"","",4819CT,Breda
Grote Spie,267,"","",4819CT,Breda
Grote Spie,269,"","",4819CT,Breda
Grote Spie,271,"","",4819CT,Breda
Grote Spie,273,"","",4819CT,Breda
Grote Spie,275,"","",4819CT,Breda
Grote Spie,277,"","",4819CT,Breda
Grote Spie,283,"","",4819CV,Breda
Grote Spie,285,"","",4819CV,Breda
Grote Spie,291,"","",4819CV,Breda
Grote Spie,293,"","",4819CV,Breda
Grote Spie,295,"","",4819CV,Breda
Grote Spie,297,"","",4819CV,Breda
Grote Spie,299,"","",4819CV,Breda
Grote Spie,301,"","",4819CV,Breda
Grote Spie,303,"","",4819CV,Breda
Grote Spie,305,"","",4819CV,Breda
Grote Spie,307,"","",4819CV,Breda
Grote Spie,309,"","",4819CV,Breda
Grote Spie,311,"","",4819CV,Breda
Grote Spie,313,"","",4819CV,Breda
Grote Spie,315,"","",4819CV,Breda
Grote Spie,317,"","",4819CV,Breda
Grote Spie,319,"","",4819CV,Breda
Grote Spie,321,"","",4819CV,Breda
Grote Spie,323,"","",4819CV,Breda
Grote Spie,325,"","",4819CV,Breda
Grote Spie,327,"","",4819CV,Breda
Grote Spie,329,"","",4819CV,Breda
Grote Spie,331,"","",4819CV,Breda
Grote Spie,333,"","",4819CW,Breda
Grote Spie,335,"","",4819CW,Breda
Grote Spie,337,"","",4819CW,Breda
Grote Spie,339,"","",4819CW,Breda
Grote Spie,341,"","",4819CW,Breda
Grote Spie,343,"","",4819CW,Breda
Grote Spie,345,"","",4819CW,Breda
Grote Spie,347,"","",4819CW,Breda
Grote Spie,349,"","",4819CW,Breda
Grote Spie,351,"","",4819CW,Breda
Grote Spie,353,"","",4819CW,Breda
Grote Spie,355,"","",4819CW,Breda
Grote Spie,357,"","",4819CW,Breda
Grote Spie,359,"","",4819CW,Breda
Grote Spie,361,"","",4819CW,Breda
Grote Spie,363,"","",4819CW,Breda
Grote Spie,365,"","",4819CW,Breda
Grote Spie,367,"","",4819CW,Breda
Grote Spie,369,"","",4819CW,Breda
Grote Spie,371,"","",4819CW,Breda
Grote Spie,373,"",G01,4819CW,Breda
Grote Spie,375,"",G01,4819CW,Breda
Grote Spie,377,"",G01,4819CW,Breda
Grote Spie,379,"",G01,4819CW,Breda
Grote Spie,10,"","",4819CX,Breda
Grote Spie,12,"","",4819CX,Breda
Grote Spie,14,"","",4819CX,Breda
Grote Spie,16,"","",4819CX,Breda
Grote Spie,18,"","",4819CX,Breda
Grote Spie,20,"","",4819CX,Breda
Grote Spie,22,"","",4819CX,Breda
Grote Spie,24,"","",4819CX,Breda
Grote Spie,26,"","",4819CX,Breda
Grote Spie,28,"","",4819CX,Breda
Grote Spie,30,"","",4819CX,Breda
Grote Spie,32,"","",4819CX,Breda
Grote Spie,34,"","",4819CX,Breda
Grote Spie,36,"","",4819CX,Breda
Grote Spie,38,"","",4819CX,Breda
Grote Spie,40,"","",4819CX,Breda
Grote Spie,42,"","",4819CX,Breda
Grote Spie,44,"","",4819CX,Breda
Grote Spie,46,"","",4819CX,Breda
Grote Spie,54,"","",4819CX,Breda
Grote Spie,56,"","",4819CX,Breda
Grote Spie,58,"","",4819CX,Breda
Grote Spie,60,"","",4819CX,Breda
Grote Spie,62,"","",4819CX,Breda
Grote Spie,64,"","",4819CX,Breda
Grote Spie,66,"","",4819CX,Breda
Grote Spie,68,"","",4819CX,Breda
Grote Spie,70,"","",4819CX,Breda
Grote Spie,72,"","",4819CX,Breda
Grote Spie,74,"","",4819CX,Breda
Grote Spie,76,"","",4819CX,Breda
Grote Spie,78,"","",4819CX,Breda
Grote Spie,8,"","",4819CX,Breda
Grote Spie,80,"","",4819CX,Breda
Grote Spie,82,"","",4819CX,Breda
Grote Spie,84,"","",4819CX,Breda
Grote Spie,86,"","",4819CX,Breda
Grote Spie,88,"","",4819CX,Breda
Otterwiel,100,"","",4819DA,Breda
Otterwiel,102,"","",4819DA,Breda
Otterwiel,104,"","",4819DA,Breda
Otterwiel,106,"","",4819DA,Breda
Otterwiel,108,"","",4819DA,Breda
Otterwiel,11,"","",4819DA,Breda
Otterwiel,110,"","",4819DA,Breda
Otterwiel,112,"","",4819DA,Breda
Otterwiel,114,"","",4819DA,Breda
Otterwiel,116,"","",4819DA,Breda
Otterwiel,118,"","",4819DA,Breda
Otterwiel,120,"","",4819DA,Breda
Otterwiel,122,"","",4819DA,Breda
Otterwiel,124,"","",4819DA,Breda
Otterwiel,126,"","",4819DA,Breda
Otterwiel,128,"","",4819DA,Breda
Otterwiel,13,"","",4819DA,Breda
Otterwiel,130,"","",4819DA,Breda
Otterwiel,132,"","",4819DA,Breda
Otterwiel,134,"","",4819DA,Breda
Otterwiel,136,"","",4819DA,Breda
Otterwiel,138,"","",4819DA,Breda
Otterwiel,140,"","",4819DA,Breda
Otterwiel,142,"","",4819DA,Breda
Otterwiel,144,"","",4819DA,Breda
Otterwiel,146,"","",4819DA,Breda
Otterwiel,148,"","",4819DA,Breda
Otterwiel,150,"","",4819DA,Breda
Otterwiel,152,"","",4819DA,Breda
Otterwiel,154,"","",4819DA,Breda
Otterwiel,156,"","",4819DA,Breda
Otterwiel,158,"","",4819DA,Breda
Otterwiel,160,"","",4819DA,Breda
Otterwiel,162,"","",4819DA,Breda
Otterwiel,164,"","",4819DA,Breda
Otterwiel,166,"","",4819DA,Breda
Otterwiel,168,"","",4819DA,Breda
Otterwiel,170,"","",4819DA,Breda
Otterwiel,172,"","",4819DA,Breda
Otterwiel,174,"","",4819DA,Breda
Otterwiel,176,"","",4819DA,Breda
Otterwiel,178,"","",4819DA,Breda
Otterwiel,180,"","",4819DA,Breda
Otterwiel,182,"","",4819DA,Breda
Otterwiel,184,"","",4819DA,Breda
Otterwiel,186,"","",4819DA,Breda
Otterwiel,188,"","",4819DA,Breda
Otterwiel,19,"","",4819DA,Breda
Otterwiel,190,"","",4819DA,Breda
Otterwiel,192,"","",4819DA,Breda
Otterwiel,194,"","",4819DA,Breda
Otterwiel,196,"","",4819DA,Breda
Otterwiel,198,"","",4819DA,Breda
Otterwiel,200,"","",4819DA,Breda
Otterwiel,202,"","",4819DA,Breda
Otterwiel,204,"","",4819DA,Breda
Otterwiel,206,"","",4819DA,Breda
Otterwiel,208,"","",4819DA,Breda
Otterwiel,21,"","",4819DA,Breda
Otterwiel,210,"","",4819DA,Breda
Otterwiel,212,"","",4819DA,Breda
Otterwiel,214,"","",4819DA,Breda
Otterwiel,216,"","",4819DA,Breda
Otterwiel,218,"","",4819DA,Breda
Otterwiel,220,"","",4819DA,Breda
Otterwiel,222,"","",4819DA,Breda
Otterwiel,224,"","",4819DA,Breda
Otterwiel,226,"","",4819DA,Breda
Otterwiel,228,"","",4819DA,Breda
Otterwiel,23,"","",4819DA,Breda
Otterwiel,230,"","",4819DA,Breda
Otterwiel,232,"","",4819DA,Breda
Otterwiel,234,"","",4819DA,Breda
Otterwiel,236,"","",4819DA,Breda
Otterwiel,238,"","",4819DA,Breda
Otterwiel,240,"","",4819DA,Breda
Otterwiel,242,"","",4819DA,Breda
Otterwiel,244,"","",4819DA,Breda
Otterwiel,246,"","",4819DA,Breda
Otterwiel,248,"","",4819DA,Breda
Otterwiel,25,"","",4819DA,Breda
Otterwiel,250,"","",4819DA,Breda
Otterwiel,252,"","",4819DA,Breda
Otterwiel,27,"","",4819DA,Breda
Otterwiel,3,"","",4819DA,Breda
Otterwiel,5,"","",4819DA,Breda
Otterwiel,7,"","",4819DA,Breda
Otterwiel,74,"","",4819DA,Breda
Otterwiel,76,"","",4819DA,Breda
Otterwiel,78,"","",4819DA,Breda
Otterwiel,80,"","",4819DA,Breda
Otterwiel,82,"","",4819DA,Breda
Otterwiel,84,"","",4819DA,Breda
Otterwiel,86,"","",4819DA,Breda
Otterwiel,88,"","",4819DA,Breda
Otterwiel,9,"","",4819DA,Breda
Otterwiel,90,"","",4819DA,Breda
Otterwiel,92,"","",4819DA,Breda
Otterwiel,94,"","",4819DA,Breda
Otterwiel,96,"","",4819DA,Breda
Otterwiel,98,"","",4819DA,Breda
Diaconessenstraat,1,"","",4819DB,Breda
Diaconessenstraat,10,"","",4819DB,Breda
Diaconessenstraat,100,"","",4819DB,Breda
Diaconessenstraat,102,"","",4819DB,Breda
Diaconessenstraat,104,"","",4819DB,Breda
Diaconessenstraat,106,"","",4819DB,Breda
Diaconessenstraat,108,"","",4819DB,Breda
Diaconessenstraat,11,"","",4819DB,Breda
Diaconessenstraat,110,"","",4819DB,Breda
Diaconessenstraat,112,"","",4819DB,Breda
Diaconessenstraat,114,"","",4819DB,Breda
Diaconessenstraat,116,"","",4819DB,Breda
Diaconessenstraat,118,"","",4819DB,Breda
Diaconessenstraat,12,"","",4819DB,Breda
Diaconessenstraat,120,"","",4819DB,Breda
Diaconessenstraat,122,"","",4819DB,Breda
Diaconessenstraat,124,"","",4819DB,Breda
Diaconessenstraat,126,"","",4819DB,Breda
Diaconessenstraat,128,"","",4819DB,Breda
Diaconessenstraat,130,"","",4819DB,Breda
Diaconessenstraat,132,"","",4819DB,Breda
Diaconessenstraat,134,"","",4819DB,Breda
Diaconessenstraat,136,"","",4819DB,Breda
Diaconessenstraat,138,"","",4819DB,Breda
Diaconessenstraat,14,"","",4819DB,Breda
Diaconessenstraat,140,"","",4819DB,Breda
Diaconessenstraat,142,"","",4819DB,Breda
Diaconessenstraat,144,"","",4819DB,Breda
Diaconessenstraat,15,"","",4819DB,Breda
Diaconessenstraat,15,A,"",4819DB,Breda
Diaconessenstraat,15,B,"",4819DB,Breda
Diaconessenstraat,15,C,"",4819DB,Breda
Diaconessenstraat,15,D,"",4819DB,Breda
Diaconessenstraat,16,"","",4819DB,Breda
Diaconessenstraat,17,A,"",4819DB,Breda
Diaconessenstraat,17,B,"",4819DB,Breda
Diaconessenstraat,17,C,"",4819DB,Breda
Diaconessenstraat,17,D,"",4819DB,Breda
Diaconessenstraat,17,E,"",4819DB,Breda
Diaconessenstraat,17,F,"",4819DB,Breda
Diaconessenstraat,18,"","",4819DB,Breda
Diaconessenstraat,19,A,"",4819DB,Breda
Diaconessenstraat,19,B,"",4819DB,Breda
Diaconessenstraat,19,C,"",4819DB,Breda
Diaconessenstraat,19,D,"",4819DB,Breda
Diaconessenstraat,2,"","",4819DB,Breda
Diaconessenstraat,20,"","",4819DB,Breda
Diaconessenstraat,21,"","",4819DB,Breda
Diaconessenstraat,22,"","",4819DB,Breda
Diaconessenstraat,23,"","",4819DB,Breda
Diaconessenstraat,24,"","",4819DB,Breda
Diaconessenstraat,25,"","",4819DB,Breda
Diaconessenstraat,26,"","",4819DB,Breda
Diaconessenstraat,27,"","",4819DB,Breda
Diaconessenstraat,28,"","",4819DB,Breda
Diaconessenstraat,29,"","",4819DB,Breda
Diaconessenstraat,3,"","",4819DB,Breda
Diaconessenstraat,30,"","",4819DB,Breda
Diaconessenstraat,32,"","",4819DB,Breda
Diaconessenstraat,34,"","",4819DB,Breda
Diaconessenstraat,4,"","",4819DB,Breda
Diaconessenstraat,5,"","",4819DB,Breda
Diaconessenstraat,6,"","",4819DB,Breda
Diaconessenstraat,7,"","",4819DB,Breda
Diaconessenstraat,74,"","",4819DB,Breda
Diaconessenstraat,76,"","",4819DB,Breda
Diaconessenstraat,78,"","",4819DB,Breda
Diaconessenstraat,8,"","",4819DB,Breda
Diaconessenstraat,80,"","",4819DB,Breda
Diaconessenstraat,82,"","",4819DB,Breda
Diaconessenstraat,84,"","",4819DB,Breda
Diaconessenstraat,86,"","",4819DB,Breda
Diaconessenstraat,88,"","",4819DB,Breda
Diaconessenstraat,9,"","",4819DB,Breda
Diaconessenstraat,90,"","",4819DB,Breda
Diaconessenstraat,92,"","",4819DB,Breda
Diaconessenstraat,94,"","",4819DB,Breda
Diaconessenstraat,96,"","",4819DB,Breda
Diaconessenstraat,98,"","",4819DB,Breda
Verpleegsterstraat,10,"","",4819DC,Breda
Verpleegsterstraat,12,"","",4819DC,Breda
Verpleegsterstraat,2,"","",4819DC,Breda
Verpleegsterstraat,4,"","",4819DC,Breda
Verpleegsterstraat,6,"","",4819DC,Breda
Verpleegsterstraat,8,"","",4819DC,Breda
Vriesdongen,1,"","",4819EA,Breda
Vriesdongen,43,"","",4819EA,Breda
Vriesdongen,45,"","",4819EA,Breda
Vriesdongen,47,"","",4819EA,Breda
Vriesdongen,49,"","",4819EA,Breda
Vriesdongen,51,"","",4819EA,Breda
Vriesdongen,10,"","",4819EB,Breda
Vriesdongen,12,"","",4819EB,Breda
Vriesdongen,14,"","",4819EB,Breda
Vriesdongen,16,"","",4819EB,Breda
Vriesdongen,18,"","",4819EB,Breda
Vriesdongen,2,"","",4819EB,Breda
Vriesdongen,20,"","",4819EB,Breda
Vriesdongen,22,"","",4819EB,Breda
Vriesdongen,24,"","",4819EB,Breda
Vriesdongen,26,"","",4819EB,Breda
Vriesdongen,28,"","",4819EB,Breda
Vriesdongen,30,"","",4819EB,Breda
Vriesdongen,32,"","",4819EB,Breda
Vriesdongen,34,"","",4819EB,Breda
Vriesdongen,36,"","",4819EB,Breda
Vriesdongen,38,"","",4819EB,Breda
Vriesdongen,4,"","",4819EB,Breda
Vriesdongen,40,"","",4819EB,Breda
Vriesdongen,42,"","",4819EB,Breda
Vriesdongen,44,"","",4819EB,Breda
Vriesdongen,46,"","",4819EB,Breda
Vriesdongen,48,"","",4819EB,Breda
Vriesdongen,6,"","",4819EB,Breda
Vriesdongen,8,"","",4819EB,Breda
Zaart,11,"","",4819ED,Breda
Zaart,13,"","",4819ED,Breda
Zaart,15,"","",4819ED,Breda
Zaart,17,"","",4819ED,Breda
Zaart,3,"","",4819ED,Breda
Zaart,35,"","",4819ED,Breda
Zaart,5,"","",4819ED,Breda
Zaart,7,"","",4819ED,Breda
Zaart,9,"","",4819ED,Breda
Zaart,10,"","",4819EE,Breda
Zaart,12,"","",4819EE,Breda
Zaart,14,"","",4819EE,Breda
Zaart,16,"","",4819EE,Breda
Zaart,18,"","",4819EE,Breda
Zaart,20,"","",4819EE,Breda
Zaart,22,"","",4819EE,Breda
Zaart,24,"","",4819EE,Breda
Zaart,26,"","",4819EE,Breda
Zaart,28,"","",4819EE,Breda
Zaart,30,"","",4819EE,Breda
Zaart,32,"","",4819EE,Breda
Zaart,34,"","",4819EE,Breda
Zaart,36,"","",4819EE,Breda
Zaart,38,"","",4819EE,Breda
Zaart,44,"","",4819EE,Breda
Zaart,46,"","",4819EE,Breda
Zaart,6,"","",4819EE,Breda
Zaart,8,"","",4819EE,Breda
Zaart,48,"","",4819EG,Breda
Zaart,48,A,"",4819EG,Breda
Zaart,48,B,"",4819EG,Breda
Zaart,48,C,"",4819EG,Breda
Zaart,50,"","",4819EG,Breda
Zaart,50,A,"",4819EG,Breda
Zaart,50,B,"",4819EG,Breda
Zaart,50,C,"",4819EG,Breda
Zaart,52,"","",4819EG,Breda
Zaart,52,A,"",4819EG,Breda
Zaart,52,B,"",4819EG,Breda
Zaart,52,C,"",4819EG,Breda
Zaart,54,"","",4819EG,Breda
Zaart,56,"","",4819EG,Breda
Zaart,58,"","",4819EG,Breda
Zaart,58,A,"",4819EG,Breda
Zaart,58,B,"",4819EG,Breda
Zaart,58,C,"",4819EG,Breda
Zaart,60,"","",4819EG,Breda
Zaart,60,A,"",4819EG,Breda
Zaart,60,B,"",4819EG,Breda
Zaart,60,C,"",4819EG,Breda
Zaart,62,"","",4819EG,Breda
Zaart,62,A,"",4819EG,Breda
Zaart,62,B,"",4819EG,Breda
Zaart,62,C,"",4819EG,Breda
Zaart,64,"","",4819EG,Breda
Zaart,64,A,"",4819EG,Breda
Zaart,64,B,"",4819EG,Breda
Zaart,64,C,"",4819EG,Breda
Zaart,66,"","",4819EG,Breda
Zaart,68,"","",4819EG,Breda
Zaart,70,"","",4819EH,Breda
Zaart,70,A,"",4819EH,Breda
Zaart,70,B,"",4819EH,Breda
Zaart,70,C,"",4819EH,Breda
Zaart,72,"","",4819EH,Breda
Zaart,72,A,"",4819EH,Breda
Zaart,72,B,"",4819EH,Breda
Zaart,72,C,"",4819EH,Breda
Zaart,74,"","",4819EH,Breda
Zaart,74,A,"",4819EH,Breda
Zaart,74,B,"",4819EH,Breda
Zaart,74,C,"",4819EH,Breda
Zaart,76,"","",4819EH,Breda
Zaart,76,A,"",4819EH,Breda
Zaart,76,B,"",4819EH,Breda
Zaart,76,C,"",4819EH,Breda
Zaart,78,"","",4819EH,Breda
Zaart,78,A,"",4819EH,Breda
Zaart,78,B,"",4819EH,Breda
Zaart,78,C,"",4819EH,Breda
Multatulistraat,1,"","",4819EJ,Breda
Multatulistraat,11,"","",4819EJ,Breda
Multatulistraat,13,"","",4819EJ,Breda
Multatulistraat,15,"","",4819EJ,Breda
Multatulistraat,17,"","",4819EJ,Breda
Multatulistraat,19,"","",4819EJ,Breda
Multatulistraat,21,"","",4819EJ,Breda
Multatulistraat,23,"","",4819EJ,Breda
Multatulistraat,27,"","",4819EJ,Breda
Multatulistraat,29,"","",4819EJ,Breda
Multatulistraat,3,"","",4819EJ,Breda
Multatulistraat,3,"","",4819EJ,Breda
Multatulistraat,3,A,"",4819EJ,Breda
Multatulistraat,3,B,"",4819EJ,Breda
Multatulistraat,31,"","",4819EJ,Breda
Multatulistraat,33,"","",4819EJ,Breda
Multatulistraat,35,"","",4819EJ,Breda
Multatulistraat,5,"","",4819EJ,Breda
Multatulistraat,7,"","",4819EJ,Breda
Multatulistraat,9,"","",4819EJ,Breda
Albert Verweijstraat,1,"","",4819EK,Breda
Albert Verweijstraat,10,"","",4819EK,Breda
Albert Verweijstraat,11,"","",4819EK,Breda
Albert Verweijstraat,12,"","",4819EK,Breda
Albert Verweijstraat,13,"","",4819EK,Breda
Albert Verweijstraat,14,"","",4819EK,Breda
Albert Verweijstraat,2,"","",4819EK,Breda
Albert Verweijstraat,3,"","",4819EK,Breda
Albert Verweijstraat,4,"","",4819EK,Breda
Albert Verweijstraat,5,"","",4819EK,Breda
Albert Verweijstraat,6,"","",4819EK,Breda
Albert Verweijstraat,7,"","",4819EK,Breda
Albert Verweijstraat,8,"","",4819EK,Breda
Albert Verweijstraat,9,"","",4819EK,Breda
Willem Kloosstraat,10,"","",4819EL,Breda
Willem Kloosstraat,12,"","",4819EL,Breda
Willem Kloosstraat,14,"","",4819EL,Breda
Willem Kloosstraat,16,"","",4819EL,Breda
Willem Kloosstraat,18,"","",4819EL,Breda
Willem Kloosstraat,2,"","",4819EL,Breda
Willem Kloosstraat,20,"","",4819EL,Breda
Willem Kloosstraat,22,"","",4819EL,Breda
Willem Kloosstraat,24,"","",4819EL,Breda
Willem Kloosstraat,26,"","",4819EL,Breda
Willem Kloosstraat,28,"","",4819EL,Breda
Willem Kloosstraat,30,"","",4819EL,Breda
Willem Kloosstraat,32,"","",4819EL,Breda
Willem Kloosstraat,34,"","",4819EL,Breda
Willem Kloosstraat,4,"","",4819EL,Breda
Willem Kloosstraat,6,"","",4819EL,Breda
Willem Kloosstraat,8,"","",4819EL,Breda
Jacob van Lennepstraat,1,"","",4819EM,Breda
Jacob van Lennepstraat,11,"","",4819EM,Breda
Jacob van Lennepstraat,13,"","",4819EM,Breda
Jacob van Lennepstraat,15,"","",4819EM,Breda
Jacob van Lennepstraat,17,"","",4819EM,Breda
Jacob van Lennepstraat,19,"","",4819EM,Breda
Jacob van Lennepstraat,21,"","",4819EM,Breda
Jacob van Lennepstraat,23,"","",4819EM,Breda
Jacob van Lennepstraat,25,"","",4819EM,Breda
Jacob van Lennepstraat,27,"","",4819EM,Breda
Jacob van Lennepstraat,29,"","",4819EM,Breda
Jacob van Lennepstraat,3,"","",4819EM,Breda
Jacob van Lennepstraat,31,"","",4819EM,Breda
Jacob van Lennepstraat,33,"","",4819EM,Breda
Jacob van Lennepstraat,5,"","",4819EM,Breda
Jacob van Lennepstraat,7,"","",4819EM,Breda
Jacob van Lennepstraat,80,"","",4819EM,Breda
Jacob van Lennepstraat,82,"","",4819EM,Breda
Jacob van Lennepstraat,9,"","",4819EM,Breda
Veldekestraat,11,"","",4819EN,Breda
Veldekestraat,13,"","",4819EN,Breda
Veldekestraat,15,"","",4819EN,Breda
Veldekestraat,17,"","",4819EN,Breda
Veldekestraat,19,"","",4819EN,Breda
Veldekestraat,23,"","",4819EN,Breda
Veldekestraat,25,"","",4819EN,Breda
Veldekestraat,27,"","",4819EN,Breda
Veldekestraat,29,"","",4819EN,Breda
Veldekestraat,3,"","",4819EN,Breda
Veldekestraat,31,"","",4819EN,Breda
Veldekestraat,33,"","",4819EN,Breda
Veldekestraat,35,"","",4819EN,Breda
Veldekestraat,39,"","",4819EN,Breda
Veldekestraat,41,"","",4819EN,Breda
Veldekestraat,43,"","",4819EN,Breda
Veldekestraat,45,"","",4819EN,Breda
Veldekestraat,47,"","",4819EN,Breda
Veldekestraat,49,"","",4819EN,Breda
Veldekestraat,5,"","",4819EN,Breda
Veldekestraat,51,"","",4819EN,Breda
Veldekestraat,53,"","",4819EN,Breda
Veldekestraat,55,"","",4819EN,Breda
Veldekestraat,57,"","",4819EN,Breda
Veldekestraat,59,"","",4819EN,Breda
Veldekestraat,7,"","",4819EN,Breda
Veldekestraat,9,"","",4819EN,Breda
Veldekestraat,10,"","",4819EP,Breda
Veldekestraat,10,"",A,4819EP,Breda
Veldekestraat,10,A,"",4819EP,Breda
Veldekestraat,12,"","",4819EP,Breda
Veldekestraat,12,"",A,4819EP,Breda
Veldekestraat,12,A,"",4819EP,Breda
Veldekestraat,12,A,"",4819EP,Breda
Veldekestraat,14,"","",4819EP,Breda
Veldekestraat,16,"","",4819EP,Breda
Veldekestraat,18,"","",4819EP,Breda
Veldekestraat,2,"","",4819EP,Breda
Veldekestraat,2,A,"",4819EP,Breda
Veldekestraat,20,"","",4819EP,Breda
Veldekestraat,22,"","",4819EP,Breda
Veldekestraat,24,"","",4819EP,Breda
Veldekestraat,26,"","",4819EP,Breda
Veldekestraat,28,"","",4819EP,Breda
Veldekestraat,30,"","",4819EP,Breda
Veldekestraat,32,"","",4819EP,Breda
Veldekestraat,4,"","",4819EP,Breda
Veldekestraat,4,A,"",4819EP,Breda
Veldekestraat,42,"","",4819EP,Breda
Veldekestraat,44,"","",4819EP,Breda
Veldekestraat,46,"","",4819EP,Breda
Veldekestraat,46,A,"",4819EP,Breda
Veldekestraat,46,B,"",4819EP,Breda
Veldekestraat,46,C,"",4819EP,Breda
Veldekestraat,48,"","",4819EP,Breda
Veldekestraat,48,A,"",4819EP,Breda
Veldekestraat,48,B,"",4819EP,Breda
Veldekestraat,48,C,"",4819EP,Breda
Veldekestraat,50,"","",4819EP,Breda
Veldekestraat,50,A,"",4819EP,Breda
Veldekestraat,50,B,"",4819EP,Breda
Veldekestraat,50,C,"",4819EP,Breda
Veldekestraat,52,"","",4819EP,Breda
Veldekestraat,54,"","",4819EP,Breda
Veldekestraat,6,"","",4819EP,Breda
Veldekestraat,6,A,"",4819EP,Breda
Veldekestraat,8,"","",4819EP,Breda
Veldekestraat,8,A,"",4819EP,Breda
Veldekestraat,56,"","",4819ER,Breda
Veldekestraat,56,A,"",4819ER,Breda
Veldekestraat,56,B,"",4819ER,Breda
Veldekestraat,56,C,"",4819ER,Breda
Veldekestraat,58,"","",4819ER,Breda
Veldekestraat,58,A,"",4819ER,Breda
Veldekestraat,58,B,"",4819ER,Breda
Veldekestraat,58,C,"",4819ER,Breda
Veldekestraat,60,"","",4819ER,Breda
Veldekestraat,60,A,"",4819ER,Breda
Veldekestraat,60,B,"",4819ER,Breda
Veldekestraat,60,C,"",4819ER,Breda
Veldekestraat,62,"","",4819ER,Breda
Veldekestraat,64,"","",4819ER,Breda
Veldekestraat,66,"","",4819ER,Breda
Veldekestraat,66,A,"",4819ER,Breda
Veldekestraat,66,B,"",4819ER,Breda
Veldekestraat,66,C,"",4819ER,Breda
Veldekestraat,68,"","",4819ER,Breda
Veldekestraat,68,A,"",4819ER,Breda
Veldekestraat,68,B,"",4819ER,Breda
Veldekestraat,68,C,"",4819ER,Breda
Veldekestraat,70,"","",4819ER,Breda
Veldekestraat,70,A,"",4819ER,Breda
Veldekestraat,70,B,"",4819ER,Breda
Veldekestraat,70,C,"",4819ER,Breda
Langendijk,1,"","",4819ES,Breda
Langendijk,1,A,"",4819ES,Breda
Langendijk,11,"","",4819ES,Breda
Langendijk,11,A,"",4819ES,Breda
Langendijk,13,"","",4819ES,Breda
Langendijk,13,A,"",4819ES,Breda
Langendijk,15,"","",4819ES,Breda
Langendijk,15,A,"",4819ES,Breda
Langendijk,17,A,"",4819ES,Breda
Langendijk,19,A,"",4819ES,Breda
Langendijk,21,"","",4819ES,Breda
Langendijk,21,"","",4819ES,Breda
Langendijk,21,"","",4819ES,Breda
Langendijk,21,A,"",4819ES,Breda
Langendijk,23,"","",4819ES,Breda
Langendijk,23,"","",4819ES,Breda
Langendijk,23,A,"",4819ES,Breda
Langendijk,3,A,"",4819ES,Breda
Langendijk,5,"","",4819ES,Breda
Langendijk,5,A,"",4819ES,Breda
Langendijk,7,A,"",4819ES,Breda
Langendijk,9,"","",4819ES,Breda
Langendijk,9,A,"",4819ES,Breda
Langendijk,25,"","",4819ET,Breda
Langendijk,27,"","",4819ET,Breda
Langendijk,27,A,"",4819ET,Breda
Langendijk,27,B,"",4819ET,Breda
Langendijk,29,"","",4819ET,Breda
Langendijk,29,A,"",4819ET,Breda
Langendijk,29,B,"",4819ET,Breda
Langendijk,31,"","",4819ET,Breda
Langendijk,31,A,"",4819ET,Breda
Langendijk,31,B,"",4819ET,Breda
Langendijk,33,"","",4819ET,Breda
Langendijk,33,A,"",4819ET,Breda
Langendijk,33,B,"",4819ET,Breda
Langendijk,35,"","",4819ET,Breda
Langendijk,35,A,"",4819ET,Breda
Langendijk,35,B,"",4819ET,Breda
Langendijk,37,"","",4819ET,Breda
Langendijk,37,A,"",4819ET,Breda
Langendijk,37,B,"",4819ET,Breda
Langendijk,39,"","",4819ET,Breda
Langendijk,39,A,"",4819ET,Breda
Langendijk,39,B,"",4819ET,Breda
Langendijk,41,"","",4819ET,Breda
Langendijk,41,A,"",4819ET,Breda
Langendijk,41,B,"",4819ET,Breda
Langendijk,43,"","",4819ET,Breda
Langendijk,43,A,"",4819ET,Breda
Langendijk,43,B,"",4819ET,Breda
Langendijk,45,"","",4819ET,Breda
Langendijk,45,A,"",4819ET,Breda
Langendijk,45,B,"",4819ET,Breda
Langendijk,47,"","",4819ET,Breda
Langendijk,47,A,"",4819ET,Breda
Langendijk,47,B,"",4819ET,Breda
Langendijk,49,"","",4819ET,Breda
Langendijk,49,A,"",4819ET,Breda
Langendijk,49,B,"",4819ET,Breda
Langendijk,51,"","",4819ET,Breda
Langendijk,51,A,"",4819ET,Breda
Langendijk,51,B,"",4819ET,Breda
Langendijk,53,"","",4819ET,Breda
Langendijk,53,A,"",4819ET,Breda
Langendijk,53,B,"",4819ET,Breda
Langendijk,55,"","",4819ET,Breda
Langendijk,55,A,"",4819ET,Breda
Langendijk,55,B,"",4819ET,Breda
Langendijk,57,"","",4819ET,Breda
Langendijk,57,A,"",4819ET,Breda
Langendijk,57,B,"",4819ET,Breda
Langendijk,59,"","",4819ET,Breda
Langendijk,59,A,"",4819ET,Breda
Langendijk,59,B,"",4819ET,Breda
Langendijk,61,"","",4819ET,Breda
Langendijk,61,A,"",4819ET,Breda
Langendijk,61,B,"",4819ET,Breda
Langendijk,65,"","",4819EV,Breda
Langendijk,67,"","",4819EV,Breda
Langendijk,69,"","",4819EV,Breda
Langendijk,71,"","",4819EV,Breda
Langendijk,71,"","",4819EV,Breda
Langendijk,73,"","",4819EV,Breda
Langendijk,75,"","",4819EV,Breda
Langendijk,75,"","",4819EV,Breda
Langendijk,77,"","",4819EV,Breda
Langendijk,77,"","",4819EV,Breda
Langendijk,79,"","",4819EV,Breda
Langendijk,81,"","",4819EV,Breda
Langendijk,83,"","",4819EV,Breda
Langendijk,85,"","",4819EV,Breda
Langendijk,87,"","",4819EV,Breda
Langendijk,34,"","",4819EW,Breda
Langendijk,38,"","",4819EW,Breda
Langendijk,40,"","",4819EW,Breda
Langendijk,42,"","",4819EW,Breda
Langendijk,44,"","",4819EW,Breda
Langendijk,46,"","",4819EW,Breda
Langendijk,50,"","",4819EW,Breda
Bilderdijkstraat,11,"","",4819GA,Breda
Bilderdijkstraat,13,"","",4819GA,Breda
Bilderdijkstraat,15,"","",4819GA,Breda
Bilderdijkstraat,17,"","",4819GA,Breda
Bilderdijkstraat,19,"","",4819GA,Breda
Bilderdijkstraat,21,"","",4819GA,Breda
Bilderdijkstraat,23,"","",4819GA,Breda
Bilderdijkstraat,25,"","",4819GA,Breda
Bilderdijkstraat,27,"","",4819GA,Breda
Bilderdijkstraat,29,"","",4819GA,Breda
Bilderdijkstraat,3,"","",4819GA,Breda
Bilderdijkstraat,31,"","",4819GA,Breda
Bilderdijkstraat,33,"","",4819GA,Breda
Bilderdijkstraat,35,"","",4819GA,Breda
Bilderdijkstraat,39,"","",4819GA,Breda
Bilderdijkstraat,41,"","",4819GA,Breda
Bilderdijkstraat,41,"","",4819GA,Breda
Bilderdijkstraat,43,"","",4819GA,Breda
Bilderdijkstraat,45,"","",4819GA,Breda
Bilderdijkstraat,47,"","",4819GA,Breda
Bilderdijkstraat,49,"","",4819GA,Breda
Bilderdijkstraat,5,"","",4819GA,Breda
Bilderdijkstraat,51,"","",4819GA,Breda
Bilderdijkstraat,53,"","",4819GA,Breda
Bilderdijkstraat,55,"","",4819GA,Breda
Bilderdijkstraat,57,"","",4819GA,Breda
Bilderdijkstraat,59,"","",4819GA,Breda
Bilderdijkstraat,61,"","",4819GA,Breda
Bilderdijkstraat,65,"","",4819GA,Breda
Bilderdijkstraat,65,"","",4819GA,Breda
Bilderdijkstraat,65,"","",4819GA,Breda
Bilderdijkstraat,67,"","",4819GA,Breda
Bilderdijkstraat,69,"","",4819GA,Breda
Bilderdijkstraat,7,"","",4819GA,Breda
Bilderdijkstraat,9,"","",4819GA,Breda
Bilderdijkstraat,71,"","",4819GB,Breda
Bilderdijkstraat,71,A,"",4819GB,Breda
Bilderdijkstraat,71,B,"",4819GB,Breda
Bilderdijkstraat,71,C,"",4819GB,Breda
Bilderdijkstraat,73,"","",4819GB,Breda
Bilderdijkstraat,73,A,"",4819GB,Breda
Bilderdijkstraat,73,B,"",4819GB,Breda
Bilderdijkstraat,73,C,"",4819GB,Breda
Bilderdijkstraat,75,"","",4819GB,Breda
Bilderdijkstraat,75,A,"",4819GB,Breda
Bilderdijkstraat,75,B,"",4819GB,Breda
Bilderdijkstraat,75,C,"",4819GB,Breda
Bilderdijkstraat,10,"","",4819GC,Breda
Bilderdijkstraat,12,"","",4819GC,Breda
Bilderdijkstraat,14,"","",4819GC,Breda
Bilderdijkstraat,16,"","",4819GC,Breda
Bilderdijkstraat,18,"","",4819GC,Breda
Bilderdijkstraat,2,"","",4819GC,Breda
Bilderdijkstraat,20,"","",4819GC,Breda
Bilderdijkstraat,4,"","",4819GC,Breda
Bilderdijkstraat,6,"","",4819GC,Breda
Bilderdijkstraat,8,"","",4819GC,Breda
Bilderdijkstraat,8,A,"",4819GC,Breda
Ruusbroecstraat,11,"","",4819GD,Breda
Ruusbroecstraat,13,"","",4819GD,Breda
Ruusbroecstraat,15,"","",4819GD,Breda
Ruusbroecstraat,21,"","",4819GD,Breda
Ruusbroecstraat,3,"","",4819GD,Breda
Ruusbroecstraat,5,"","",4819GD,Breda
Ruusbroecstraat,7,"","",4819GD,Breda
Ruusbroecstraat,9,"","",4819GD,Breda
Ruusbroecstraat,10,"","",4819GE,Breda
Ruusbroecstraat,12,"","",4819GE,Breda
Ruusbroecstraat,14,"","",4819GE,Breda
Ruusbroecstraat,16,"","",4819GE,Breda
Ruusbroecstraat,18,"","",4819GE,Breda
Ruusbroecstraat,2,"","",4819GE,Breda
Ruusbroecstraat,20,"","",4819GE,Breda
Ruusbroecstraat,22,"","",4819GE,Breda
Ruusbroecstraat,24,"","",4819GE,Breda
Ruusbroecstraat,26,"","",4819GE,Breda
Ruusbroecstraat,28,"","",4819GE,Breda
Ruusbroecstraat,30,"","",4819GE,Breda
Ruusbroecstraat,32,"","",4819GE,Breda
Ruusbroecstraat,34,"","",4819GE,Breda
Ruusbroecstraat,36,"","",4819GE,Breda
Ruusbroecstraat,38,"","",4819GE,Breda
Ruusbroecstraat,4,"","",4819GE,Breda
Ruusbroecstraat,40,"","",4819GE,Breda
Ruusbroecstraat,42,"","",4819GE,Breda
Ruusbroecstraat,44,"","",4819GE,Breda
Ruusbroecstraat,46,"","",4819GE,Breda
Ruusbroecstraat,48,"","",4819GE,Breda
Ruusbroecstraat,50,"","",4819GE,Breda
Ruusbroecstraat,52,"","",4819GE,Breda
Ruusbroecstraat,54,"","",4819GE,Breda
Ruusbroecstraat,56,"","",4819GE,Breda
Ruusbroecstraat,58,"","",4819GE,Breda
Ruusbroecstraat,6,"","",4819GE,Breda
Ruusbroecstraat,60,"","",4819GE,Breda
Ruusbroecstraat,62,"","",4819GE,Breda
Ruusbroecstraat,64,"","",4819GE,Breda
Ruusbroecstraat,66,"","",4819GE,Breda
Ruusbroecstraat,68,"","",4819GE,Breda
Ruusbroecstraat,70,"","",4819GE,Breda
Ruusbroecstraat,72,"","",4819GE,Breda
Ruusbroecstraat,74,"","",4819GE,Breda
Ruusbroecstraat,76,"","",4819GE,Breda
Ruusbroecstraat,78,"","",4819GE,Breda
Ruusbroecstraat,8,"","",4819GE,Breda
Ruusbroecstraat,80,"","",4819GE,Breda
Ruusbroecstraat,82,"","",4819GE,Breda
Ruusbroecstraat,84,"","",4819GE,Breda
Ruusbroecstraat,86,"","",4819GE,Breda
Ruusbroecstraat,88,"","",4819GE,Breda
Ruusbroecstraat,90,"","",4819GE,Breda
Ruusbroecstraat,92,"","",4819GE,Breda
Ruusbroecstraat,94,"","",4819GE,Breda
Ruusbroecstraat,96,"","",4819GE,Breda
Ruusbroecstraat,100,"","",4819GG,Breda
Ruusbroecstraat,102,"","",4819GG,Breda
Ruusbroecstraat,104,"","",4819GG,Breda
Ruusbroecstraat,106,"","",4819GG,Breda
Ruusbroecstraat,108,"","",4819GG,Breda
Ruusbroecstraat,110,"","",4819GG,Breda
Ruusbroecstraat,112,"","",4819GG,Breda
Ruusbroecstraat,114,"","",4819GG,Breda
Ruusbroecstraat,116,"","",4819GG,Breda
Ruusbroecstraat,118,"","",4819GG,Breda
Ruusbroecstraat,120,"","",4819GG,Breda
Ruusbroecstraat,122,"","",4819GG,Breda
Ruusbroecstraat,124,"","",4819GG,Breda
Ruusbroecstraat,126,"","",4819GG,Breda
Ruusbroecstraat,128,"","",4819GG,Breda
Ruusbroecstraat,130,"","",4819GG,Breda
Ruusbroecstraat,98,"","",4819GG,Breda
Jacob Catssingel,1,"","",4819HA,Breda
Jacob Catssingel,11,"","",4819HA,Breda
Jacob Catssingel,15,"","",4819HA,Breda
Jacob Catssingel,17,"","",4819HA,Breda
Jacob Catssingel,19,"","",4819HA,Breda
Jacob Catssingel,21,"","",4819HA,Breda
Jacob Catssingel,23,"","",4819HA,Breda
Jacob Catssingel,25,"","",4819HA,Breda
Jacob Catssingel,27,"","",4819HA,Breda
Jacob Catssingel,3,"","",4819HA,Breda
Jacob Catssingel,31,"","",4819HA,Breda
Jacob Catssingel,33,"","",4819HA,Breda
Jacob Catssingel,35,"","",4819HA,Breda
Jacob Catssingel,37,"","",4819HA,Breda
Jacob Catssingel,39,"","",4819HA,Breda
Jacob Catssingel,41,"","",4819HA,Breda
Jacob Catssingel,43,"","",4819HA,Breda
Jacob Catssingel,45,"","",4819HA,Breda
Jacob Catssingel,47,"","",4819HA,Breda
Jacob Catssingel,47,"",BIS,4819HA,Breda
Jacob Catssingel,49,"","",4819HA,Breda
Jacob Catssingel,49,"",BIS,4819HA,Breda
Jacob Catssingel,5,"","",4819HA,Breda
Jacob Catssingel,51,"","",4819HA,Breda
Jacob Catssingel,51,"",BIS,4819HA,Breda
Jacob Catssingel,53,"","",4819HA,Breda
Jacob Catssingel,53,"",BIS,4819HA,Breda
Jacob Catssingel,55,"","",4819HA,Breda
Jacob Catssingel,55,"",BIS,4819HA,Breda
Jacob Catssingel,57,"","",4819HA,Breda
Jacob Catssingel,57,"",BIS,4819HA,Breda
Jacob Catssingel,59,"","",4819HA,Breda
Jacob Catssingel,59,"",BIS,4819HA,Breda
Jacob Catssingel,7,"","",4819HA,Breda
Vondelstraat,89,"","",4819HA,Breda
Jacob Catssingel,9,"","",4819HA,Breda
Jacob Catssingel,101,"","",4819HB,Breda
Jacob Catssingel,103,"","",4819HB,Breda
Jacob Catssingel,105,"","",4819HB,Breda
Jacob Catssingel,107,"","",4819HB,Breda
Jacob Catssingel,109,"","",4819HB,Breda
Jacob Catssingel,111,"","",4819HB,Breda
Jacob Catssingel,113,"","",4819HB,Breda
Jacob Catssingel,61,"","",4819HB,Breda
Jacob Catssingel,63,"","",4819HB,Breda
Jacob Catssingel,65,"","",4819HB,Breda
Jacob Catssingel,67,"","",4819HB,Breda
Jacob Catssingel,69,"","",4819HB,Breda
Jacob Catssingel,71,"","",4819HB,Breda
Jacob Catssingel,73,"","",4819HB,Breda
Jacob Catssingel,75,"","",4819HB,Breda
Jacob Catssingel,77,"","",4819HB,Breda
Jacob Catssingel,79,"","",4819HB,Breda
Jacob Catssingel,81,"","",4819HB,Breda
Jacob Catssingel,83,"","",4819HB,Breda
Jacob Catssingel,83,"",BIS,4819HB,Breda
Jacob Catssingel,85,"","",4819HB,Breda
Jacob Catssingel,85,"",BIS,4819HB,Breda
Jacob Catssingel,87,"","",4819HB,Breda
Jacob Catssingel,87,"",BIS,4819HB,Breda
Jacob Catssingel,89,"","",4819HB,Breda
Jacob Catssingel,89,"",BIS,4819HB,Breda
Jacob Catssingel,91,"","",4819HB,Breda
Jacob Catssingel,91,"",BIS,4819HB,Breda
Jacob Catssingel,93,"","",4819HB,Breda
Jacob Catssingel,93,"",BIS,4819HB,Breda
Jacob Catssingel,95,"","",4819HB,Breda
Jacob Catssingel,95,"",BIS,4819HB,Breda
Jacob Catssingel,97,"","",4819HB,Breda
Jacob Catssingel,99,"","",4819HB,Breda
Jacob Catssingel,10,"","",4819HC,Breda
Jacob Catssingel,10,"","",4819HC,Breda
Jacob Catssingel,10,A,"",4819HC,Breda
Jacob Catssingel,12,"","",4819HC,Breda
Jacob Catssingel,14,"","",4819HC,Breda
Jacob Catssingel,14,"",A1,4819HC,Breda
Jacob Catssingel,14,"",A10,4819HC,Breda
Jacob Catssingel,14,"",A11,4819HC,Breda
Jacob Catssingel,14,"",A2,4819HC,Breda
Jacob Catssingel,14,"",A3,4819HC,Breda
Jacob Catssingel,14,"",A4,4819HC,Breda
Jacob Catssingel,14,"",A5,4819HC,Breda
Jacob Catssingel,14,"",A6,4819HC,Breda
Jacob Catssingel,14,"",A7,4819HC,Breda
Jacob Catssingel,14,"",A8,4819HC,Breda
Jacob Catssingel,14,"",A9,4819HC,Breda
Jacob Catssingel,14,"",B1,4819HC,Breda
Jacob Catssingel,14,"",B10,4819HC,Breda
Jacob Catssingel,14,"",B11,4819HC,Breda
Jacob Catssingel,14,"",B2,4819HC,Breda
Jacob Catssingel,14,"",B3,4819HC,Breda
Jacob Catssingel,14,"",B4,4819HC,Breda
Jacob Catssingel,14,"",B5,4819HC,Breda
Jacob Catssingel,14,"",B6,4819HC,Breda
Jacob Catssingel,14,"",B7,4819HC,Breda
Jacob Catssingel,14,"",B8,4819HC,Breda
Jacob Catssingel,14,"",B9,4819HC,Breda
Jacob Catssingel,14,"",C1,4819HC,Breda
Jacob Catssingel,14,"",C2,4819HC,Breda
Jacob Catssingel,14,"",C3,4819HC,Breda
Jacob Catssingel,14,"",C4,4819HC,Breda
Jacob Catssingel,14,"",C5,4819HC,Breda
Jacob Catssingel,14,"",C6,4819HC,Breda
Jacob Catssingel,14,"",C7,4819HC,Breda
Jacob Catssingel,14,"",C8,4819HC,Breda
Jacob Catssingel,14,"",C9,4819HC,Breda
Jacob Catssingel,16,"","",4819HC,Breda
Jacob Catssingel,18,"","",4819HC,Breda
Jacob Catssingel,2,"","",4819HC,Breda
Jacob Catssingel,2,"","",4819HC,Breda
Jacob Catssingel,2,A,"",4819HC,Breda
Jacob Catssingel,2,A,"",4819HC,Breda
Jacob Catssingel,2,A,"",4819HC,Breda
Jacob Catssingel,2,A,"",4819HC,Breda
Jacob Catssingel,20,"","",4819HC,Breda
Jacob Catssingel,22,"","",4819HC,Breda
Jacob Catssingel,24,"","",4819HC,Breda
Jacob Catssingel,26,"","",4819HC,Breda
Jacob Catssingel,28,"","",4819HC,Breda
Jacob Catssingel,30,"","",4819HC,Breda
Jacob Catssingel,32,"","",4819HC,Breda
Jacob Catssingel,34,"","",4819HC,Breda
Jacob Catssingel,36,"","",4819HC,Breda
Jacob Catssingel,38,"","",4819HC,Breda
Jacob Catssingel,4,"","",4819HC,Breda
Jacob Catssingel,4,A,"",4819HC,Breda
Jacob Catssingel,40,"","",4819HC,Breda
Jacob Catssingel,42,"","",4819HC,Breda
Jacob Catssingel,44,"","",4819HC,Breda
Jacob Catssingel,44,"","",4819HC,Breda
Jacob Catssingel,46,"","",4819HC,Breda
Jacob Catssingel,48,"","",4819HC,Breda
Jacob Catssingel,50,"","",4819HC,Breda
Jacob Catssingel,52,"","",4819HC,Breda
Jacob Catssingel,54,"","",4819HC,Breda
Jacob Catssingel,56,"","",4819HC,Breda
Jacob Catssingel,58,"","",4819HC,Breda
Jacob Catssingel,6,"","",4819HC,Breda
Jacob Catssingel,6,A,"",4819HC,Breda
Jacob Catssingel,6,A,"",4819HC,Breda
Jacob Catssingel,60,"","",4819HC,Breda
Jacob Catssingel,62,"","",4819HC,Breda
Jacob Catssingel,64,"","",4819HC,Breda
Jacob Catssingel,64,"","",4819HC,Breda
Jacob Catssingel,66,"","",4819HC,Breda
Jacob Catssingel,68,"","",4819HC,Breda
Jacob Catssingel,70,"","",4819HC,Breda
Jacob Catssingel,72,"","",4819HC,Breda
Jacob Catssingel,74,"","",4819HC,Breda
Jacob Catssingel,76,"","",4819HC,Breda
Jacob Catssingel,78,"","",4819HC,Breda
Jacob Catssingel,8,"","",4819HC,Breda
Jacob Catssingel,80,"","",4819HC,Breda
Jacob Catssingel,82,"","",4819HC,Breda
Jacob Catssingel,86,"","",4819HC,Breda
Jacob Catssingel,8640,"",TRAF,4819HC,Breda
Jacob Catssingel,88,"","",4819HC,Breda
Jacob Catssingel,90,"","",4819HC,Breda
Jacob Catssingel,92,"","",4819HC,Breda
Jacob Catssingel,94,"","",4819HC,Breda
Vondelstraat,1,"","",4819HD,Breda
Vondelstraat,11,"","",4819HD,Breda
Vondelstraat,29,"","",4819HD,Breda
Vondelstraat,3,"","",4819HD,Breda
Vondelstraat,31,"","",4819HD,Breda
Vondelstraat,33,"","",4819HD,Breda
Vondelstraat,35,"","",4819HD,Breda
Vondelstraat,37,"","",4819HD,Breda
Vondelstraat,39,"","",4819HD,Breda
Vondelstraat,41,"","",4819HD,Breda
Vondelstraat,43,"","",4819HD,Breda
Vondelstraat,45,"","",4819HD,Breda
Vondelstraat,47,"","",4819HD,Breda
Vondelstraat,49,"","",4819HD,Breda
Vondelstraat,5,"","",4819HD,Breda
Vondelstraat,51,"","",4819HD,Breda
Vondelstraat,53,"","",4819HD,Breda
Vondelstraat,55,"","",4819HD,Breda
Vondelstraat,57,"","",4819HD,Breda
Vondelstraat,59,"","",4819HD,Breda
Vondelstraat,61,"","",4819HD,Breda
Vondelstraat,63,"","",4819HD,Breda
Vondelstraat,65,"","",4819HD,Breda
Vondelstraat,67,"","",4819HD,Breda
Vondelstraat,69,"","",4819HD,Breda
Vondelstraat,7,"","",4819HD,Breda
Vondelstraat,71,"","",4819HD,Breda
Vondelstraat,73,"","",4819HD,Breda
Vondelstraat,75,"","",4819HD,Breda
Vondelstraat,77,"","",4819HD,Breda
Vondelstraat,79,"","",4819HD,Breda
Vondelstraat,81,"","",4819HD,Breda
Vondelstraat,83,"","",4819HD,Breda
Vondelstraat,85,"","",4819HD,Breda
Vondelstraat,87,"","",4819HD,Breda
Vondelstraat,89,"","",4819HD,Breda
Vondelstraat,9,"","",4819HD,Breda
Vondelstraat,10,"","",4819HE,Breda
Vondelstraat,12,"","",4819HE,Breda
Vondelstraat,14,"","",4819HE,Breda
Vondelstraat,16,"","",4819HE,Breda
Vondelstraat,18,"","",4819HE,Breda
Vondelstraat,2,"","",4819HE,Breda
Vondelstraat,20,"","",4819HE,Breda
Vondelstraat,22,"","",4819HE,Breda
Vondelstraat,34,"","",4819HE,Breda
Vondelstraat,36,"","",4819HE,Breda
Vondelstraat,38,"","",4819HE,Breda
Vondelstraat,4,"","",4819HE,Breda
Vondelstraat,40,"","",4819HE,Breda
Vondelstraat,42,"","",4819HE,Breda
Vondelstraat,44,"","",4819HE,Breda
Vondelstraat,46,"","",4819HE,Breda
Vondelstraat,48,"","",4819HE,Breda
Vondelstraat,50,"","",4819HE,Breda
Vondelstraat,52,"","",4819HE,Breda
Vondelstraat,54,"","",4819HE,Breda
Vondelstraat,56,"","",4819HE,Breda
Vondelstraat,58,"","",4819HE,Breda
Vondelstraat,6,"","",4819HE,Breda
Vondelstraat,60,"","",4819HE,Breda
Vondelstraat,62,"","",4819HE,Breda
Vondelstraat,64,"","",4819HE,Breda
Vondelstraat,66,"","",4819HE,Breda
Vondelstraat,68,"","",4819HE,Breda
Vondelstraat,70,"","",4819HE,Breda
Vondelstraat,72,"","",4819HE,Breda
Vondelstraat,74,"","",4819HE,Breda
Vondelstraat,76,"","",4819HE,Breda
Vondelstraat,78,"","",4819HE,Breda
Vondelstraat,8,"","",4819HE,Breda
Vondelstraat,80,"","",4819HE,Breda
Vondelstraat,82,"","",4819HE,Breda
Vondelstraat,84,"","",4819HE,Breda
Vondelstraat,86,"","",4819HE,Breda
Vondelstraat,88,"","",4819HE,Breda
Brederostraat,1,"","",4819HG,Breda
Brederostraat,3,"","",4819HG,Breda
Brederostraat,35,"","",4819HG,Breda
Brederostraat,39,"","",4819HG,Breda
Brederostraat,39,"","",4819HG,Breda
Brederostraat,41,"","",4819HG,Breda
Brederostraat,43,"","",4819HG,Breda
Brederostraat,45,"","",4819HG,Breda
Brederostraat,47,"","",4819HG,Breda
Brederostraat,49,"","",4819HG,Breda
Brederostraat,5,"","",4819HG,Breda
Brederostraat,51,"","",4819HG,Breda
Brederostraat,53,"","",4819HG,Breda
Brederostraat,55,"","",4819HG,Breda
Brederostraat,57,"","",4819HG,Breda
Brederostraat,59,"","",4819HG,Breda
Brederostraat,10,"","",4819HH,Breda
Brederostraat,12,"","",4819HH,Breda
Brederostraat,14,"","",4819HH,Breda
Brederostraat,16,"","",4819HH,Breda
Brederostraat,18,"","",4819HH,Breda
Brederostraat,2,"","",4819HH,Breda
Brederostraat,2,A,"",4819HH,Breda
Brederostraat,2,B,"",4819HH,Breda
Brederostraat,20,"","",4819HH,Breda
Brederostraat,22,"","",4819HH,Breda
Brederostraat,24,"","",4819HH,Breda
Brederostraat,26,"","",4819HH,Breda
Brederostraat,28,"","",4819HH,Breda
Brederostraat,30,"","",4819HH,Breda
Brederostraat,32,"","",4819HH,Breda
Brederostraat,34,"","",4819HH,Breda
Brederostraat,36,"","",4819HH,Breda
Brederostraat,38,"","",4819HH,Breda
Brederostraat,4,"","",4819HH,Breda
Brederostraat,40,"","",4819HH,Breda
Brederostraat,42,"","",4819HH,Breda
Brederostraat,44,"","",4819HH,Breda
Brederostraat,46,"","",4819HH,Breda
Brederostraat,48,"","",4819HH,Breda
Brederostraat,50,"","",4819HH,Breda
Brederostraat,52,"","",4819HH,Breda
Brederostraat,54,"","",4819HH,Breda
Brederostraat,56,"","",4819HH,Breda
Brederostraat,58,"","",4819HH,Breda
Brederostraat,6,"","",4819HH,Breda
Brederostraat,8,"","",4819HH,Breda
Boutensstraat,1,"","",4819HJ,Breda
Boutensstraat,10,"","",4819HJ,Breda
Boutensstraat,11,"","",4819HJ,Breda
Boutensstraat,12,"","",4819HJ,Breda
Boutensstraat,12,"",G01,4819HJ,Breda
Boutensstraat,13,"","",4819HJ,Breda
Boutensstraat,1340,"",TRD,4819HJ,Breda
Boutensstraat,14,"","",4819HJ,Breda
Boutensstraat,15,"","",4819HJ,Breda
Boutensstraat,16,"","",4819HJ,Breda
Boutensstraat,17,"","",4819HJ,Breda
Boutensstraat,18,"","",4819HJ,Breda
Boutensstraat,20,"","",4819HJ,Breda
Boutensstraat,22,"","",4819HJ,Breda
Boutensstraat,25,"","",4819HJ,Breda
Boutensstraat,27,"","",4819HJ,Breda
Boutensstraat,29,"","",4819HJ,Breda
Boutensstraat,3,"","",4819HJ,Breda
Boutensstraat,5,"","",4819HJ,Breda
Boutensstraat,7,"","",4819HJ,Breda
Boutensstraat,9,"","",4819HJ,Breda
P.C. Hooftstraat,10,"","",4819HK,Breda
P.C. Hooftstraat,12,"","",4819HK,Breda
P.C. Hooftstraat,14,"","",4819HK,Breda
P.C. Hooftstraat,16,"","",4819HK,Breda
P.C. Hooftstraat,18,"","",4819HK,Breda
P.C. Hooftstraat,2,"","",4819HK,Breda
P.C. Hooftstraat,2,"",G01,4819HK,Breda
P.C. Hooftstraat,20,"","",4819HK,Breda
P.C. Hooftstraat,22,"","",4819HK,Breda
P.C. Hooftstraat,24,"","",4819HK,Breda
P.C. Hooftstraat,26,"","",4819HK,Breda
P.C. Hooftstraat,28,"","",4819HK,Breda
P.C. Hooftstraat,36,"","",4819HK,Breda
P.C. Hooftstraat,38,"","",4819HK,Breda
P.C. Hooftstraat,4,"","",4819HK,Breda
P.C. Hooftstraat,40,"","",4819HK,Breda
P.C. Hooftstraat,42,"","",4819HK,Breda
P.C. Hooftstraat,44,"","",4819HK,Breda
P.C. Hooftstraat,46,"","",4819HK,Breda
P.C. Hooftstraat,6,"","",4819HK,Breda
P.C. Hooftstraat,8,"","",4819HK,Breda
P.C. Hooftstraat,9,"","",4819HK,Breda
P.C. Hooftstraat,9,"","",4819HK,Breda
Roland Holststraat,11,"","",4819HL,Breda
Roland Holststraat,13,"","",4819HL,Breda
Roland Holststraat,15,"","",4819HL,Breda
Roland Holststraat,23,"","",4819HL,Breda
Roland Holststraat,25,"","",4819HL,Breda
Roland Holststraat,27,A,"",4819HL,Breda
Roland Holststraat,27,B,"",4819HL,Breda
Roland Holststraat,27,C,"",4819HL,Breda
Roland Holststraat,29,A,"",4819HL,Breda
Roland Holststraat,29,B,"",4819HL,Breda
Roland Holststraat,29,C,"",4819HL,Breda
Roland Holststraat,3,"","",4819HL,Breda
Roland Holststraat,31,A,"",4819HL,Breda
Roland Holststraat,31,B,"",4819HL,Breda
Roland Holststraat,31,C,"",4819HL,Breda
Roland Holststraat,33,A,"",4819HL,Breda
Roland Holststraat,33,B,"",4819HL,Breda
Roland Holststraat,33,C,"",4819HL,Breda
Roland Holststraat,35,A,"",4819HL,Breda
Roland Holststraat,35,B,"",4819HL,Breda
Roland Holststraat,35,C,"",4819HL,Breda
Roland Holststraat,37,A,"",4819HL,Breda
Roland Holststraat,37,B,"",4819HL,Breda
Roland Holststraat,37,C,"",4819HL,Breda
Roland Holststraat,39,"","",4819HL,Breda
Roland Holststraat,41,"","",4819HL,Breda
Roland Holststraat,5,"","",4819HL,Breda
Roland Holststraat,7,"","",4819HL,Breda
Roland Holststraat,9,"","",4819HL,Breda
Roland Holststraat,43,"","",4819HM,Breda
Roland Holststraat,43,A,"",4819HM,Breda
Roland Holststraat,43,B,"",4819HM,Breda
Roland Holststraat,43,C,"",4819HM,Breda
Roland Holststraat,45,"","",4819HM,Breda
Roland Holststraat,45,A,"",4819HM,Breda
Roland Holststraat,45,B,"",4819HM,Breda
Roland Holststraat,45,C,"",4819HM,Breda
Roland Holststraat,47,"","",4819HM,Breda
Roland Holststraat,47,A,"",4819HM,Breda
Roland Holststraat,47,B,"",4819HM,Breda
Roland Holststraat,47,C,"",4819HM,Breda
Roland Holststraat,49,"","",4819HM,Breda
Roland Holststraat,49,A,"",4819HM,Breda
Roland Holststraat,49,B,"",4819HM,Breda
Roland Holststraat,49,C,"",4819HM,Breda
Roland Holststraat,51,"","",4819HM,Breda
Roland Holststraat,51,A,"",4819HM,Breda
Roland Holststraat,51,B,"",4819HM,Breda
Roland Holststraat,51,C,"",4819HM,Breda
Roland Holststraat,53,"","",4819HM,Breda
Roland Holststraat,53,A,"",4819HM,Breda
Roland Holststraat,53,B,"",4819HM,Breda
Roland Holststraat,53,C,"",4819HM,Breda
Roland Holststraat,55,"","",4819HM,Breda
Roland Holststraat,57,"","",4819HM,Breda
Roland Holststraat,59,"","",4819HN,Breda
Roland Holststraat,59,A,"",4819HN,Breda
Roland Holststraat,59,B,"",4819HN,Breda
Roland Holststraat,59,C,"",4819HN,Breda
Roland Holststraat,61,"","",4819HN,Breda
Roland Holststraat,61,A,"",4819HN,Breda
Roland Holststraat,61,B,"",4819HN,Breda
Roland Holststraat,61,C,"",4819HN,Breda
Roland Holststraat,63,"","",4819HN,Breda
Roland Holststraat,63,A,"",4819HN,Breda
Roland Holststraat,63,B,"",4819HN,Breda
Roland Holststraat,63,C,"",4819HN,Breda
Roland Holststraat,65,"","",4819HN,Breda
Roland Holststraat,65,A,"",4819HN,Breda
Roland Holststraat,65,B,"",4819HN,Breda
Roland Holststraat,65,C,"",4819HN,Breda
Roland Holststraat,67,"","",4819HN,Breda
Roland Holststraat,67,A,"",4819HN,Breda
Roland Holststraat,67,B,"",4819HN,Breda
Roland Holststraat,67,C,"",4819HN,Breda
Roland Holststraat,69,"","",4819HN,Breda
Roland Holststraat,69,A,"",4819HN,Breda
Roland Holststraat,69,B,"",4819HN,Breda
Roland Holststraat,69,C,"",4819HN,Breda
Roland Holststraat,71,"","",4819HP,Breda
Roland Holststraat,10,"","",4819HR,Breda
Roland Holststraat,12,"","",4819HR,Breda
Roland Holststraat,16,"","",4819HR,Breda
Roland Holststraat,18,"","",4819HR,Breda
Roland Holststraat,20,"","",4819HR,Breda
Roland Holststraat,22,"","",4819HR,Breda
Roland Holststraat,24,"","",4819HR,Breda
Roland Holststraat,26,"","",4819HR,Breda
Roland Holststraat,28,"","",4819HR,Breda
Roland Holststraat,30,"","",4819HR,Breda
Roland Holststraat,32,"","",4819HR,Breda
Roland Holststraat,34,"","",4819HR,Breda
Roland Holststraat,36,"","",4819HR,Breda
Roland Holststraat,38,"","",4819HR,Breda
Roland Holststraat,4,"","",4819HR,Breda
Roland Holststraat,40,"","",4819HR,Breda
Roland Holststraat,42,"","",4819HR,Breda
Roland Holststraat,44,"","",4819HR,Breda
Roland Holststraat,46,"","",4819HR,Breda
Roland Holststraat,48,"","",4819HR,Breda
Roland Holststraat,6,"","",4819HR,Breda
Roland Holststraat,8,"","",4819HR,Breda
