straat,huisnummer,huisletter,toevoeging,postcode,plaats
Ridderstraat,60,"","",4902AC,Oosterhout
Ridderstraat,62,"","",4902AC,Oosterhout
Ridderstraat,64,"","",4902AC,Oosterhout
Ridderstraat,66,"","",4902AC,Oosterhout
Ridderstraat,68,"","",4902AC,Oosterhout
Ridderstraat,70,"","",4902AC,Oosterhout
Ridderstraat,72,"","",4902AC,Oosterhout
Ridderstraat,74,"","",4902AC,Oosterhout
Ridderstraat,76,"","",4902AC,Oosterhout
Ridderstraat,78,"","",4902AC,Oosterhout
Ridderstraat,80,"","",4902AC,Oosterhout
Ridderstraat,86,"","",4902AC,Oosterhout
Ridderstraat,88,"","",4902AC,Oosterhout
Slotlaan,15,"","",4902AD,Oosterhout
Ridderstraat,100,"","",4902PB,Oosterhout
Ridderstraat,102,"","",4902PB,Oosterhout
Ridderstraat,104,"","",4902PB,Oosterhout
Ridderstraat,106,"","",4902PB,Oosterhout
Ridderstraat,108,"","",4902PB,Oosterhout
Ridderstraat,110,"","",4902PB,Oosterhout
Ridderstraat,112,"","",4902PB,Oosterhout
Ridderstraat,114,"","",4902PB,Oosterhout
Ridderstraat,116,"","",4902PB,Oosterhout
Ridderstraat,126,"","",4902PB,Oosterhout
Ridderstraat,128,"","",4902PB,Oosterhout
Ridderstraat,130,"","",4902PB,Oosterhout
Ridderstraat,132,"","",4902PB,Oosterhout
Ridderstraat,134,"","",4902PB,Oosterhout
Ridderstraat,136,"","",4902PB,Oosterhout
Ridderstraat,138,"","",4902PB,Oosterhout
Ridderstraat,140,"","",4902PB,Oosterhout
Ridderstraat,142,"","",4902PB,Oosterhout
Keiweg,101,"","",4902PC,Oosterhout
Keiweg,103,"","",4902PC,Oosterhout
Keiweg,105,"","",4902PC,Oosterhout
Keiweg,107,"","",4902PC,Oosterhout
Keiweg,109,"","",4902PC,Oosterhout
Keiweg,111,"","",4902PC,Oosterhout
Keiweg,113,"","",4902PC,Oosterhout
Keiweg,115,"","",4902PC,Oosterhout
Keiweg,117,"","",4902PC,Oosterhout
Keiweg,119,"","",4902PC,Oosterhout
Keiweg,119,A,"",4902PC,Oosterhout
Keiweg,121,"","",4902PC,Oosterhout
Keiweg,123,"","",4902PC,Oosterhout
Keiweg,123,"","",4902PC,Oosterhout
Keiweg,123,A,"",4902PC,Oosterhout
Keiweg,123,B,"",4902PC,Oosterhout
Keiweg,125,"","",4902PC,Oosterhout
Keiweg,127,"","",4902PC,Oosterhout
Keiweg,77,"","",4902PC,Oosterhout
Keiweg,79,"","",4902PC,Oosterhout
Keiweg,81,"","",4902PC,Oosterhout
Keiweg,83,"","",4902PC,Oosterhout
Keiweg,85,"","",4902PC,Oosterhout
Keiweg,89,"","",4902PC,Oosterhout
Keiweg,91,"","",4902PC,Oosterhout
Keiweg,93,"","",4902PC,Oosterhout
Keiweg,95,"","",4902PC,Oosterhout
Keiweg,97,"","",4902PC,Oosterhout
Keiweg,99,"","",4902PC,Oosterhout
Keiweg,129,"","",4902PD,Oosterhout
Keiweg,131,"","",4902PD,Oosterhout
Keiweg,133,"","",4902PD,Oosterhout
Keiweg,135,"","",4902PD,Oosterhout
Keiweg,137,"","",4902PD,Oosterhout
Keiweg,139,"","",4902PD,Oosterhout
Keiweg,141,"","",4902PD,Oosterhout
Keiweg,143,"","",4902PD,Oosterhout
Keiweg,145,"","",4902PD,Oosterhout
Keiweg,147,"","",4902PD,Oosterhout
Keiweg,149,"","",4902PD,Oosterhout
Keiweg,151,"","",4902PD,Oosterhout
Keiweg,153,"","",4902PD,Oosterhout
Keiweg,155,"","",4902PD,Oosterhout
Keiweg,159,"","",4902PD,Oosterhout
Keiweg,159,"",AP01,4902PD,Oosterhout
Keiweg,159,"",AP02,4902PD,Oosterhout
Keiweg,159,"",AP03,4902PD,Oosterhout
Keiweg,159,"",AP04,4902PD,Oosterhout
Keiweg,159,"",AP05,4902PD,Oosterhout
Keiweg,159,"",AP06,4902PD,Oosterhout
Keiweg,159,"",AP07,4902PD,Oosterhout
Keiweg,159,"",AP08,4902PD,Oosterhout
Keiweg,159,"",AP09,4902PD,Oosterhout
Keiweg,159,"",AP10,4902PD,Oosterhout
Keiweg,159,"",AP11,4902PD,Oosterhout
Keiweg,159,"",AP12,4902PD,Oosterhout
Keiweg,159,"",AP13,4902PD,Oosterhout
Keiweg,159,"",AP14,4902PD,Oosterhout
Keiweg,159,"",AP15,4902PD,Oosterhout
Keiweg,159,"",AP16,4902PD,Oosterhout
Keiweg,159,"",AP17,4902PD,Oosterhout
Keiweg,159,"",AP18,4902PD,Oosterhout
Keiweg,159,"",AP19,4902PD,Oosterhout
Keiweg,159,"",AP20,4902PD,Oosterhout
Keiweg,159,"",AP21,4902PD,Oosterhout
Keiweg,159,"",AP22,4902PD,Oosterhout
Keiweg,159,"",AP23,4902PD,Oosterhout
Keiweg,159,"",AP24,4902PD,Oosterhout
Keiweg,159,"",AP25,4902PD,Oosterhout
Keiweg,159,"",AP26,4902PD,Oosterhout
Keiweg,159,"",AP27,4902PD,Oosterhout
Keiweg,159,"",AP28,4902PD,Oosterhout
Keiweg,161,"","",4902PD,Oosterhout
Keiweg,163,"","",4902PD,Oosterhout
Keiweg,165,"","",4902PD,Oosterhout
Keiweg,167,"","",4902PD,Oosterhout
Keiweg,169,"","",4902PD,Oosterhout
Keiweg,171,"","",4902PD,Oosterhout
Keiweg,173,"","",4902PD,Oosterhout
Keiweg,100,"","",4902PE,Oosterhout
Keiweg,102,"","",4902PE,Oosterhout
Keiweg,104,"","",4902PE,Oosterhout
Keiweg,106,"","",4902PE,Oosterhout
Keiweg,108,"","",4902PE,Oosterhout
Keiweg,110,"","",4902PE,Oosterhout
Keiweg,112,"","",4902PE,Oosterhout
Keiweg,114,"","",4902PE,Oosterhout
Keiweg,116,"","",4902PE,Oosterhout
Keiweg,116,A,"",4902PE,Oosterhout
Keiweg,118,"","",4902PE,Oosterhout
Keiweg,120,"","",4902PE,Oosterhout
Keiweg,122,"","",4902PE,Oosterhout
Keiweg,124,"","",4902PE,Oosterhout
Keiweg,126,"","",4902PE,Oosterhout
Keiweg,128,"","",4902PE,Oosterhout
Keiweg,130,"","",4902PE,Oosterhout
Keiweg,132,"","",4902PE,Oosterhout
Keiweg,134,"","",4902PE,Oosterhout
Keiweg,136,"","",4902PE,Oosterhout
Keiweg,96,"","",4902PE,Oosterhout
Keiweg,98,"","",4902PE,Oosterhout
Keiweg,98,A,"",4902PE,Oosterhout
Keiweg,138,"","",4902PG,Oosterhout
Keiweg,140,"","",4902PG,Oosterhout
Keiweg,142,"","",4902PG,Oosterhout
Keiweg,144,"","",4902PG,Oosterhout
Keiweg,146,"","",4902PG,Oosterhout
Keiweg,148,"","",4902PG,Oosterhout
Keiweg,148,A,"",4902PG,Oosterhout
Keiweg,150,"","",4902PG,Oosterhout
Keiweg,150,A,"",4902PG,Oosterhout
Keiweg,150,B,"",4902PG,Oosterhout
Keiweg,150,C,"",4902PG,Oosterhout
Keiweg,150,D,"",4902PG,Oosterhout
Keiweg,152,"","",4902PG,Oosterhout
Keiweg,154,"","",4902PG,Oosterhout
Keiweg,156,"","",4902PG,Oosterhout
Keiweg,158,"","",4902PG,Oosterhout
Keiweg,162,"","",4902PG,Oosterhout
Keiweg,164,"","",4902PG,Oosterhout
Keiweg,166,"","",4902PG,Oosterhout
Keiweg,168,"","",4902PG,Oosterhout
Keiweg,168,"","",4902PG,Oosterhout
Keiweg,168,"",G01,4902PG,Oosterhout
Keiweg,170,"","",4902PG,Oosterhout
Keiweg,170,A,"",4902PG,Oosterhout
Keiweg,172,"","",4902PG,Oosterhout
Toernooiveld,10,"","",4902PH,Oosterhout
Toernooiveld,12,"","",4902PH,Oosterhout
Toernooiveld,14,"","",4902PH,Oosterhout
Toernooiveld,16,"","",4902PH,Oosterhout
Toernooiveld,18,"","",4902PH,Oosterhout
Toernooiveld,2,"","",4902PH,Oosterhout
Toernooiveld,20,"","",4902PH,Oosterhout
Toernooiveld,22,"","",4902PH,Oosterhout
Toernooiveld,24,"","",4902PH,Oosterhout
Toernooiveld,26,"","",4902PH,Oosterhout
Toernooiveld,28,"","",4902PH,Oosterhout
Toernooiveld,30,"","",4902PH,Oosterhout
Toernooiveld,32,"","",4902PH,Oosterhout
Toernooiveld,4,"","",4902PH,Oosterhout
Toernooiveld,6,"","",4902PH,Oosterhout
Toernooiveld,8,"","",4902PH,Oosterhout
Sint Paulushof,1,"","",4902PK,Oosterhout
Sint Paulushof,1,"","",4902PK,Oosterhout
Sint Paulushof,1,A,"",4902PK,Oosterhout
Sint Paulushof,10,"","",4902PK,Oosterhout
Sint Paulushof,11,"","",4902PK,Oosterhout
Sint Paulushof,11,"","",4902PK,Oosterhout
Sint Paulushof,12,"","",4902PK,Oosterhout
Sint Paulushof,13,"","",4902PK,Oosterhout
Sint Paulushof,14,"","",4902PK,Oosterhout
Sint Paulushof,15,"","",4902PK,Oosterhout
Sint Paulushof,16,"","",4902PK,Oosterhout
Sint Paulushof,17,"","",4902PK,Oosterhout
Sint Paulushof,18,"","",4902PK,Oosterhout
Sint Paulushof,19,"","",4902PK,Oosterhout
Sint Paulushof,2,"","",4902PK,Oosterhout
Sint Paulushof,20,"","",4902PK,Oosterhout
Sint Paulushof,21,"","",4902PK,Oosterhout
Sint Paulushof,22,"","",4902PK,Oosterhout
Sint Paulushof,23,"","",4902PK,Oosterhout
Sint Paulushof,24,"","",4902PK,Oosterhout
Sint Paulushof,25,"","",4902PK,Oosterhout
Sint Paulushof,26,"","",4902PK,Oosterhout
Sint Paulushof,27,"","",4902PK,Oosterhout
Sint Paulushof,29,"","",4902PK,Oosterhout
Sint Paulushof,3,"","",4902PK,Oosterhout
Sint Paulushof,3,"","",4902PK,Oosterhout
Sint Paulushof,31,"","",4902PK,Oosterhout
Sint Paulushof,4,"","",4902PK,Oosterhout
Sint Paulushof,5,"","",4902PK,Oosterhout
Sint Paulushof,5,"","",4902PK,Oosterhout
Sint Paulushof,6,"","",4902PK,Oosterhout
Sint Paulushof,7,"","",4902PK,Oosterhout
Sint Paulushof,7,"","",4902PK,Oosterhout
Sint Paulushof,8,"","",4902PK,Oosterhout
Sint Paulushof,9,"","",4902PK,Oosterhout
Sint Paulushof,9,"","",4902PK,Oosterhout
Voorstraat,1,"","",4902PL,Oosterhout
Voorstraat,11,"","",4902PL,Oosterhout
Voorstraat,13,"","",4902PL,Oosterhout
Voorstraat,15,"","",4902PL,Oosterhout
Voorstraat,17,"","",4902PL,Oosterhout
Voorstraat,19,"","",4902PL,Oosterhout
Voorstraat,21,"","",4902PL,Oosterhout
Voorstraat,23,"","",4902PL,Oosterhout
Voorstraat,25,"","",4902PL,Oosterhout
Voorstraat,27,"","",4902PL,Oosterhout
Voorstraat,29,"","",4902PL,Oosterhout
Voorstraat,3,"","",4902PL,Oosterhout
Voorstraat,31,"","",4902PL,Oosterhout
Voorstraat,33,"","",4902PL,Oosterhout
Voorstraat,35,"","",4902PL,Oosterhout
Voorstraat,37,"","",4902PL,Oosterhout
Voorstraat,39,"","",4902PL,Oosterhout
Voorstraat,41,"","",4902PL,Oosterhout
Voorstraat,43,"","",4902PL,Oosterhout
Voorstraat,5,"","",4902PL,Oosterhout
Voorstraat,7,"","",4902PL,Oosterhout
Voorstraat,9,"","",4902PL,Oosterhout
Voorstraat,12,"","",4902PM,Oosterhout
Voorstraat,14,"","",4902PM,Oosterhout
Voorstraat,16,"","",4902PM,Oosterhout
Voorstraat,18,"","",4902PM,Oosterhout
Voorstraat,20,"","",4902PM,Oosterhout
Voorstraat,22,"","",4902PM,Oosterhout
Voorstraat,24,"","",4902PM,Oosterhout
Voorstraat,26,"","",4902PM,Oosterhout
Voorstraat,28,"","",4902PM,Oosterhout
Voorstraat,30,"","",4902PM,Oosterhout
Voorstraat,32,"","",4902PM,Oosterhout
Voorstraat,34,"","",4902PM,Oosterhout
Voorstraat,36,"","",4902PM,Oosterhout
Laanstraat,1,"","",4902PN,Oosterhout
Laanstraat,10,"","",4902PN,Oosterhout
Laanstraat,2,"","",4902PN,Oosterhout
Laanstraat,3,"","",4902PN,Oosterhout
Laanstraat,4,"","",4902PN,Oosterhout
Laanstraat,5,"","",4902PN,Oosterhout
Laanstraat,6,"","",4902PN,Oosterhout
Laanstraat,7,"","",4902PN,Oosterhout
Laanstraat,8,"","",4902PN,Oosterhout
Laanstraat,9,"","",4902PN,Oosterhout
Middenlaan,1,"","",4902PP,Oosterhout
Middenlaan,11,"","",4902PP,Oosterhout
Middenlaan,13,"","",4902PP,Oosterhout
Middenlaan,15,"","",4902PP,Oosterhout
Middenlaan,17,"","",4902PP,Oosterhout
Middenlaan,19,"","",4902PP,Oosterhout
Middenlaan,21,"","",4902PP,Oosterhout
Middenlaan,23,"","",4902PP,Oosterhout
Middenlaan,25,"","",4902PP,Oosterhout
Middenlaan,27,"","",4902PP,Oosterhout
Middenlaan,29,"","",4902PP,Oosterhout
Middenlaan,3,"","",4902PP,Oosterhout
Middenlaan,31,"","",4902PP,Oosterhout
Middenlaan,33,"","",4902PP,Oosterhout
Middenlaan,35,"","",4902PP,Oosterhout
Middenlaan,37,"","",4902PP,Oosterhout
Middenlaan,39,"","",4902PP,Oosterhout
Middenlaan,41,"","",4902PP,Oosterhout
Middenlaan,43,"","",4902PP,Oosterhout
Middenlaan,45,"","",4902PP,Oosterhout
Middenlaan,47,"","",4902PP,Oosterhout
Middenlaan,49,"","",4902PP,Oosterhout
Middenlaan,5,"","",4902PP,Oosterhout
Middenlaan,51,"","",4902PP,Oosterhout
Middenlaan,51,A,"",4902PP,Oosterhout
Middenlaan,53,"","",4902PP,Oosterhout
Middenlaan,55,"","",4902PP,Oosterhout
Middenlaan,7,"","",4902PP,Oosterhout
Middenlaan,9,"","",4902PP,Oosterhout
Middenlaan,10,"","",4902PR,Oosterhout
Middenlaan,12,"","",4902PR,Oosterhout
Middenlaan,14,"","",4902PR,Oosterhout
Middenlaan,16,"","",4902PR,Oosterhout
Middenlaan,18,"","",4902PR,Oosterhout
Middenlaan,2,"","",4902PR,Oosterhout
Middenlaan,20,"","",4902PR,Oosterhout
Middenlaan,28,"","",4902PR,Oosterhout
Middenlaan,30,"","",4902PR,Oosterhout
Middenlaan,32,"","",4902PR,Oosterhout
Middenlaan,32,"","",4902PR,Oosterhout
Middenlaan,36,"","",4902PR,Oosterhout
Middenlaan,38,"","",4902PR,Oosterhout
Middenlaan,4,"","",4902PR,Oosterhout
Middenlaan,40,"","",4902PR,Oosterhout
Middenlaan,42,"","",4902PR,Oosterhout
Middenlaan,44,"","",4902PR,Oosterhout
Middenlaan,46,"","",4902PR,Oosterhout
Middenlaan,48,"","",4902PR,Oosterhout
Middenlaan,50,"","",4902PR,Oosterhout
Middenlaan,52,"","",4902PR,Oosterhout
Middenlaan,54,"","",4902PR,Oosterhout
Middenlaan,6,"","",4902PR,Oosterhout
Middenlaan,8,"","",4902PR,Oosterhout
Sint Paulusweg,1,"","",4902PS,Oosterhout
Sint Paulusweg,10,"","",4902PS,Oosterhout
Sint Paulusweg,100,"","",4902PS,Oosterhout
Sint Paulusweg,11,"","",4902PS,Oosterhout
Sint Paulusweg,12,"","",4902PS,Oosterhout
Sint Paulusweg,13,"","",4902PS,Oosterhout
Sint Paulusweg,14,"","",4902PS,Oosterhout
Sint Paulusweg,15,"","",4902PS,Oosterhout
Sint Paulusweg,16,"","",4902PS,Oosterhout
Sint Paulusweg,17,"","",4902PS,Oosterhout
Sint Paulusweg,18,"","",4902PS,Oosterhout
Sint Paulusweg,19,"","",4902PS,Oosterhout
Sint Paulusweg,2,"","",4902PS,Oosterhout
Sint Paulusweg,20,"","",4902PS,Oosterhout
Sint Paulusweg,21,"","",4902PS,Oosterhout
Sint Paulusweg,22,"","",4902PS,Oosterhout
Sint Paulusweg,23,"","",4902PS,Oosterhout
Sint Paulusweg,24,"","",4902PS,Oosterhout
Sint Paulusweg,25,"","",4902PS,Oosterhout
Sint Paulusweg,26,"","",4902PS,Oosterhout
Sint Paulusweg,27,"","",4902PS,Oosterhout
Sint Paulusweg,28,"","",4902PS,Oosterhout
Sint Paulusweg,29,"","",4902PS,Oosterhout
Sint Paulusweg,3,"","",4902PS,Oosterhout
Sint Paulusweg,30,"","",4902PS,Oosterhout
Sint Paulusweg,31,"","",4902PS,Oosterhout
Sint Paulusweg,32,"","",4902PS,Oosterhout
Sint Paulusweg,33,"","",4902PS,Oosterhout
Sint Paulusweg,34,"","",4902PS,Oosterhout
Sint Paulusweg,35,"","",4902PS,Oosterhout
Sint Paulusweg,36,"","",4902PS,Oosterhout
Sint Paulusweg,37,"","",4902PS,Oosterhout
Sint Paulusweg,38,"","",4902PS,Oosterhout
Sint Paulusweg,39,"","",4902PS,Oosterhout
Sint Paulusweg,4,"","",4902PS,Oosterhout
Sint Paulusweg,40,"","",4902PS,Oosterhout
Sint Paulusweg,41,"","",4902PS,Oosterhout
Sint Paulusweg,42,"","",4902PS,Oosterhout
Sint Paulusweg,43,"","",4902PS,Oosterhout
Sint Paulusweg,44,"","",4902PS,Oosterhout
Sint Paulusweg,46,"","",4902PS,Oosterhout
Sint Paulusweg,48,"","",4902PS,Oosterhout
Sint Paulusweg,5,"","",4902PS,Oosterhout
Sint Paulusweg,50,"","",4902PS,Oosterhout
Sint Paulusweg,52,"","",4902PS,Oosterhout
Sint Paulusweg,54,"","",4902PS,Oosterhout
Sint Paulusweg,56,"","",4902PS,Oosterhout
Sint Paulusweg,58,"","",4902PS,Oosterhout
Sint Paulusweg,6,"","",4902PS,Oosterhout
Sint Paulusweg,60,"","",4902PS,Oosterhout
Sint Paulusweg,62,"","",4902PS,Oosterhout
Sint Paulusweg,64,"","",4902PS,Oosterhout
Sint Paulusweg,66,"","",4902PS,Oosterhout
Sint Paulusweg,68,"","",4902PS,Oosterhout
Sint Paulusweg,7,"","",4902PS,Oosterhout
Sint Paulusweg,70,"","",4902PS,Oosterhout
Sint Paulusweg,72,"","",4902PS,Oosterhout
Sint Paulusweg,74,"","",4902PS,Oosterhout
Sint Paulusweg,76,"","",4902PS,Oosterhout
Sint Paulusweg,78,"","",4902PS,Oosterhout
Sint Paulusweg,8,"","",4902PS,Oosterhout
Sint Paulusweg,80,"","",4902PS,Oosterhout
Sint Paulusweg,82,"","",4902PS,Oosterhout
Sint Paulusweg,84,"","",4902PS,Oosterhout
Sint Paulusweg,86,"","",4902PS,Oosterhout
Sint Paulusweg,88,"","",4902PS,Oosterhout
Sint Paulusweg,9,"","",4902PS,Oosterhout
Sint Paulusweg,90,"","",4902PS,Oosterhout
Sint Paulusweg,92,"","",4902PS,Oosterhout
Sint Paulusweg,94,"","",4902PS,Oosterhout
Sint Paulusweg,96,"","",4902PS,Oosterhout
Sint Paulusweg,98,"","",4902PS,Oosterhout
Sint Antoniusstraat,10,"","",4902PV,Oosterhout
Sint Antoniusstraat,100,"","",4902PV,Oosterhout
Sint Antoniusstraat,100,"","",4902PV,Oosterhout
Sint Antoniusstraat,102,"","",4902PV,Oosterhout
Sint Antoniusstraat,102,"","",4902PV,Oosterhout
Sint Antoniusstraat,104,"","",4902PV,Oosterhout
Sint Antoniusstraat,104,"","",4902PV,Oosterhout
Sint Antoniusstraat,106,"","",4902PV,Oosterhout
Sint Antoniusstraat,106,"","",4902PV,Oosterhout
Sint Antoniusstraat,108,"","",4902PV,Oosterhout
Sint Antoniusstraat,108,"","",4902PV,Oosterhout
Sint Antoniusstraat,110,"","",4902PV,Oosterhout
Sint Antoniusstraat,110,"","",4902PV,Oosterhout
Sint Antoniusstraat,112,"","",4902PV,Oosterhout
Sint Antoniusstraat,112,"","",4902PV,Oosterhout
Sint Antoniusstraat,114,"","",4902PV,Oosterhout
Sint Antoniusstraat,114,"","",4902PV,Oosterhout
Sint Antoniusstraat,116,"","",4902PV,Oosterhout
Sint Antoniusstraat,116,"","",4902PV,Oosterhout
Sint Antoniusstraat,118,"","",4902PV,Oosterhout
Sint Antoniusstraat,118,"","",4902PV,Oosterhout
Sint Antoniusstraat,12,"","",4902PV,Oosterhout
Sint Antoniusstraat,120,"","",4902PV,Oosterhout
Sint Antoniusstraat,120,"","",4902PV,Oosterhout
Sint Antoniusstraat,122,"","",4902PV,Oosterhout
Sint Antoniusstraat,122,"","",4902PV,Oosterhout
Sint Antoniusstraat,124,"","",4902PV,Oosterhout
Sint Antoniusstraat,124,"","",4902PV,Oosterhout
Sint Antoniusstraat,126,"","",4902PV,Oosterhout
Sint Antoniusstraat,126,"","",4902PV,Oosterhout
Sint Antoniusstraat,128,"","",4902PV,Oosterhout
Sint Antoniusstraat,128,"","",4902PV,Oosterhout
Sint Antoniusstraat,130,"","",4902PV,Oosterhout
Sint Antoniusstraat,130,"","",4902PV,Oosterhout
Sint Antoniusstraat,132,"","",4902PV,Oosterhout
Sint Antoniusstraat,132,"","",4902PV,Oosterhout
Sint Antoniusstraat,134,"","",4902PV,Oosterhout
Sint Antoniusstraat,134,"","",4902PV,Oosterhout
Sint Antoniusstraat,136,"","",4902PV,Oosterhout
Sint Antoniusstraat,136,"","",4902PV,Oosterhout
Sint Antoniusstraat,138,"","",4902PV,Oosterhout
Sint Antoniusstraat,138,"","",4902PV,Oosterhout
Sint Antoniusstraat,14,"","",4902PV,Oosterhout
Sint Antoniusstraat,140,"","",4902PV,Oosterhout
Sint Antoniusstraat,140,"","",4902PV,Oosterhout
Sint Antoniusstraat,142,"","",4902PV,Oosterhout
Sint Antoniusstraat,142,"","",4902PV,Oosterhout
Sint Antoniusstraat,144,"","",4902PV,Oosterhout
Sint Antoniusstraat,144,"","",4902PV,Oosterhout
Sint Antoniusstraat,146,"","",4902PV,Oosterhout
Sint Antoniusstraat,146,"","",4902PV,Oosterhout
Sint Antoniusstraat,148,"","",4902PV,Oosterhout
Sint Antoniusstraat,148,"","",4902PV,Oosterhout
Sint Antoniusstraat,150,"","",4902PV,Oosterhout
Sint Antoniusstraat,150,"","",4902PV,Oosterhout
Sint Antoniusstraat,152,"","",4902PV,Oosterhout
Sint Antoniusstraat,152,"","",4902PV,Oosterhout
Sint Antoniusstraat,154,"","",4902PV,Oosterhout
Sint Antoniusstraat,154,"","",4902PV,Oosterhout
Sint Antoniusstraat,156,"","",4902PV,Oosterhout
Sint Antoniusstraat,156,"","",4902PV,Oosterhout
Sint Antoniusstraat,158,"","",4902PV,Oosterhout
Sint Antoniusstraat,158,"","",4902PV,Oosterhout
Sint Antoniusstraat,16,"","",4902PV,Oosterhout
Sint Antoniusstraat,160,"","",4902PV,Oosterhout
Sint Antoniusstraat,160,"","",4902PV,Oosterhout
Sint Antoniusstraat,162,"","",4902PV,Oosterhout
Sint Antoniusstraat,162,"","",4902PV,Oosterhout
Sint Antoniusstraat,164,"","",4902PV,Oosterhout
Sint Antoniusstraat,164,"","",4902PV,Oosterhout
Sint Antoniusstraat,166,"","",4902PV,Oosterhout
Sint Antoniusstraat,166,"","",4902PV,Oosterhout
Sint Antoniusstraat,168,"","",4902PV,Oosterhout
Sint Antoniusstraat,168,"","",4902PV,Oosterhout
Sint Antoniusstraat,170,"","",4902PV,Oosterhout
Sint Antoniusstraat,170,"","",4902PV,Oosterhout
Sint Antoniusstraat,172,"","",4902PV,Oosterhout
Sint Antoniusstraat,172,"","",4902PV,Oosterhout
Sint Antoniusstraat,174,"","",4902PV,Oosterhout
Sint Antoniusstraat,174,"","",4902PV,Oosterhout
Sint Antoniusstraat,176,"","",4902PV,Oosterhout
Sint Antoniusstraat,176,"","",4902PV,Oosterhout
Sint Antoniusstraat,178,"","",4902PV,Oosterhout
Sint Antoniusstraat,178,"","",4902PV,Oosterhout
Sint Antoniusstraat,18,"","",4902PV,Oosterhout
Sint Antoniusstraat,180,"","",4902PV,Oosterhout
Sint Antoniusstraat,180,"","",4902PV,Oosterhout
Sint Antoniusstraat,182,"","",4902PV,Oosterhout
Sint Antoniusstraat,182,"","",4902PV,Oosterhout
Sint Antoniusstraat,184,"","",4902PV,Oosterhout
Sint Antoniusstraat,184,"","",4902PV,Oosterhout
Sint Antoniusstraat,186,"","",4902PV,Oosterhout
Sint Antoniusstraat,186,"","",4902PV,Oosterhout
Sint Antoniusstraat,188,"","",4902PV,Oosterhout
Sint Antoniusstraat,190,"","",4902PV,Oosterhout
Sint Antoniusstraat,2,"","",4902PV,Oosterhout
Sint Antoniusstraat,2,A,"",4902PV,Oosterhout
Sint Antoniusstraat,20,"","",4902PV,Oosterhout
Sint Antoniusstraat,22,"","",4902PV,Oosterhout
Sint Antoniusstraat,24,"","",4902PV,Oosterhout
Sint Antoniusstraat,26,"","",4902PV,Oosterhout
Sint Antoniusstraat,28,"","",4902PV,Oosterhout
Sint Antoniusstraat,30,"","",4902PV,Oosterhout
Sint Antoniusstraat,32,"","",4902PV,Oosterhout
Sint Antoniusstraat,34,"","",4902PV,Oosterhout
Sint Antoniusstraat,4,"","",4902PV,Oosterhout
Sint Antoniusstraat,4,A,"",4902PV,Oosterhout
Sint Antoniusstraat,4,B,"",4902PV,Oosterhout
Sint Antoniusstraat,4,C,"",4902PV,Oosterhout
Sint Antoniusstraat,4,C,"",4902PV,Oosterhout
Sint Antoniusstraat,6,"","",4902PV,Oosterhout
Sint Antoniusstraat,68,"","",4902PV,Oosterhout
Sint Antoniusstraat,70,"","",4902PV,Oosterhout
Sint Antoniusstraat,78,"","",4902PV,Oosterhout
Sint Antoniusstraat,8,"","",4902PV,Oosterhout
Sint Antoniusstraat,80,"","",4902PV,Oosterhout
Sint Antoniusstraat,82,"","",4902PV,Oosterhout
Sint Antoniusstraat,82,"","",4902PV,Oosterhout
Sint Antoniusstraat,84,"","",4902PV,Oosterhout
Sint Antoniusstraat,84,"","",4902PV,Oosterhout
Sint Antoniusstraat,86,"","",4902PV,Oosterhout
Sint Antoniusstraat,86,"","",4902PV,Oosterhout
Sint Antoniusstraat,86,A,"",4902PV,Oosterhout
Sint Antoniusstraat,86,B,"",4902PV,Oosterhout
Sint Antoniusstraat,88,"","",4902PV,Oosterhout
Sint Antoniusstraat,88,"","",4902PV,Oosterhout
Sint Antoniusstraat,90,"","",4902PV,Oosterhout
Sint Antoniusstraat,90,"","",4902PV,Oosterhout
Sint Antoniusstraat,92,"","",4902PV,Oosterhout
Sint Antoniusstraat,92,"","",4902PV,Oosterhout
Sint Antoniusstraat,94,"","",4902PV,Oosterhout
Sint Antoniusstraat,94,"","",4902PV,Oosterhout
Sint Antoniusstraat,96,"","",4902PV,Oosterhout
Sint Antoniusstraat,96,"","",4902PV,Oosterhout
Sint Antoniusstraat,98,"","",4902PV,Oosterhout
Sint Antoniusstraat,98,"","",4902PV,Oosterhout
Apollostraat,1,"","",4902PW,Oosterhout
Apollostraat,10,"","",4902PW,Oosterhout
Apollostraat,12,"","",4902PW,Oosterhout
Apollostraat,14,"","",4902PW,Oosterhout
Apollostraat,16,"","",4902PW,Oosterhout
Apollostraat,18,"","",4902PW,Oosterhout
Apollostraat,2,"","",4902PW,Oosterhout
Apollostraat,20,"","",4902PW,Oosterhout
Apollostraat,22,"","",4902PW,Oosterhout
Apollostraat,24,"","",4902PW,Oosterhout
Apollostraat,26,"","",4902PW,Oosterhout
Apollostraat,28,"","",4902PW,Oosterhout
Apollostraat,3,"","",4902PW,Oosterhout
Apollostraat,30,"","",4902PW,Oosterhout
Apollostraat,32,"","",4902PW,Oosterhout
Apollostraat,34,"","",4902PW,Oosterhout
Apollostraat,36,"","",4902PW,Oosterhout
Apollostraat,38,"","",4902PW,Oosterhout
Apollostraat,4,"","",4902PW,Oosterhout
Apollostraat,40,"","",4902PW,Oosterhout
Apollostraat,5,"","",4902PW,Oosterhout
Apollostraat,6,"","",4902PW,Oosterhout
Apollostraat,8,"","",4902PW,Oosterhout
Aurorastraat,1,"","",4902PX,Oosterhout
Aurorastraat,2,"","",4902PX,Oosterhout
Aurorastraat,2,A,"",4902PX,Oosterhout
Aurorastraat,3,"","",4902PX,Oosterhout
Aurorastraat,4,"","",4902PX,Oosterhout
Aurorastraat,5,"","",4902PX,Oosterhout
Aurorastraat,6,"","",4902PX,Oosterhout
Aurorastraat,7,"","",4902PX,Oosterhout
Aurorastraat,8,"","",4902PX,Oosterhout
Harmoniestraat,1,"","",4902PZ,Oosterhout
Harmoniestraat,1,"","",4902PZ,Oosterhout
Harmoniestraat,2,"","",4902PZ,Oosterhout
Harmoniestraat,2,"",G01,4902PZ,Oosterhout
Harmoniestraat,2,"",G02,4902PZ,Oosterhout
Harmoniestraat,2,"",G03,4902PZ,Oosterhout
Harmoniestraat,2,"",G04,4902PZ,Oosterhout
Harmoniestraat,2,"",G05,4902PZ,Oosterhout
Harmoniestraat,2,A,"",4902PZ,Oosterhout
Harmoniestraat,2,B,"",4902PZ,Oosterhout
Harmoniestraat,3,"","",4902PZ,Oosterhout
Harmoniestraat,3,A,"",4902PZ,Oosterhout
Harmoniestraat,3,B,"",4902PZ,Oosterhout
Harmoniestraat,3,C,"",4902PZ,Oosterhout
Harmoniestraat,3,D,"",4902PZ,Oosterhout
Harmoniestraat,3,E,"",4902PZ,Oosterhout
Harmoniestraat,4,"","",4902PZ,Oosterhout
Harmoniestraat,4,"",G01,4902PZ,Oosterhout
Harmoniestraat,4,"",G02,4902PZ,Oosterhout
Harmoniestraat,4,"",G03,4902PZ,Oosterhout
Harmoniestraat,4,"",G04,4902PZ,Oosterhout
Harmoniestraat,4,"",G05,4902PZ,Oosterhout
Harmoniestraat,4,"",G06,4902PZ,Oosterhout
Harmoniestraat,4,"",G07,4902PZ,Oosterhout
Harmoniestraat,4,"",G08,4902PZ,Oosterhout
Harmoniestraat,4,"",G09,4902PZ,Oosterhout
Harmoniestraat,4,"",G10,4902PZ,Oosterhout
Harmoniestraat,4,A,"",4902PZ,Oosterhout
Harmoniestraat,4,B,"",4902PZ,Oosterhout
Harmoniestraat,4,C,"",4902PZ,Oosterhout
Harmoniestraat,4,D,"",4902PZ,Oosterhout
Harmoniestraat,4,E,"",4902PZ,Oosterhout
Harmoniestraat,5,"","",4902PZ,Oosterhout
Harmoniestraat,5,A,"",4902PZ,Oosterhout
Harmoniestraat,5,B,"",4902PZ,Oosterhout
Harmoniestraat,5,C,"",4902PZ,Oosterhout
Harmoniestraat,5,D,"",4902PZ,Oosterhout
Harmoniestraat,5,E,"",4902PZ,Oosterhout
Harmoniestraat,6,"","",4902PZ,Oosterhout
Harmoniestraat,6,A,"",4902PZ,Oosterhout
Harmoniestraat,6,B,"",4902PZ,Oosterhout
Harmoniestraat,6,C,"",4902PZ,Oosterhout
Harmoniestraat,6,D,"",4902PZ,Oosterhout
Harmoniestraat,6,E,"",4902PZ,Oosterhout
Harmoniestraat,7,"","",4902PZ,Oosterhout
Harmoniestraat,7,A,"",4902PZ,Oosterhout
Harmoniestraat,7,B,"",4902PZ,Oosterhout
Harmoniestraat,7,C,"",4902PZ,Oosterhout
Harmoniestraat,7,D,"",4902PZ,Oosterhout
Harmoniestraat,7,E,"",4902PZ,Oosterhout
Harmoniestraat,8,"","",4902PZ,Oosterhout
Harmoniestraat,9,"","",4902PZ,Oosterhout
Mgr. Frenckenstraat,11,"","",4902TA,Oosterhout
Mgr. Frenckenstraat,13,"","",4902TA,Oosterhout
Mgr. Frenckenstraat,15,"","",4902TA,Oosterhout
Mgr. Frenckenstraat,17,"","",4902TA,Oosterhout
Mgr. Frenckenstraat,19,"","",4902TA,Oosterhout
Mgr. Frenckenstraat,21,"","",4902TA,Oosterhout
Mgr. Frenckenstraat,23,"","",4902TA,Oosterhout
Mgr. Frenckenstraat,25,"","",4902TA,Oosterhout
Mgr. Frenckenstraat,27,"","",4902TA,Oosterhout
Mgr. Frenckenstraat,29,"","",4902TA,Oosterhout
Mgr. Frenckenstraat,3,"","",4902TA,Oosterhout
Mgr. Frenckenstraat,31,"","",4902TA,Oosterhout
Mgr. Frenckenstraat,33,"","",4902TA,Oosterhout
Mgr. Frenckenstraat,35,"","",4902TA,Oosterhout
Mgr. Frenckenstraat,37,"","",4902TA,Oosterhout
Mgr. Frenckenstraat,39,"","",4902TA,Oosterhout
Mgr. Frenckenstraat,41,"","",4902TA,Oosterhout
Mgr. Frenckenstraat,43,"","",4902TA,Oosterhout
Mgr. Frenckenstraat,45,"","",4902TA,Oosterhout
Mgr. Frenckenstraat,47,"","",4902TA,Oosterhout
Mgr. Frenckenstraat,49,"","",4902TA,Oosterhout
Mgr. Frenckenstraat,5,"","",4902TA,Oosterhout
Mgr. Frenckenstraat,51,"","",4902TA,Oosterhout
Mgr. Frenckenstraat,53,"","",4902TA,Oosterhout
Mgr. Frenckenstraat,55,"","",4902TA,Oosterhout
Mgr. Frenckenstraat,57,"","",4902TA,Oosterhout
Mgr. Frenckenstraat,59,"","",4902TA,Oosterhout
Mgr. Frenckenstraat,7,"","",4902TA,Oosterhout
Mgr. Frenckenstraat,9,"","",4902TA,Oosterhout
Mgr. Frenckenstraat,10,"","",4902TB,Oosterhout
Mgr. Frenckenstraat,12,"","",4902TB,Oosterhout
Mgr. Frenckenstraat,14,"","",4902TB,Oosterhout
Mgr. Frenckenstraat,16,"","",4902TB,Oosterhout
Mgr. Frenckenstraat,18,"","",4902TB,Oosterhout
Mgr. Frenckenstraat,2,"","",4902TB,Oosterhout
Mgr. Frenckenstraat,2,"",G02,4902TB,Oosterhout
Mgr. Frenckenstraat,2,"",G03,4902TB,Oosterhout
Mgr. Frenckenstraat,2,"",G04,4902TB,Oosterhout
Mgr. Frenckenstraat,2,"",G05,4902TB,Oosterhout
Mgr. Frenckenstraat,20,"","",4902TB,Oosterhout
Mgr. Frenckenstraat,22,"","",4902TB,Oosterhout
Mgr. Frenckenstraat,24,"","",4902TB,Oosterhout
Mgr. Frenckenstraat,26,"","",4902TB,Oosterhout
Mgr. Frenckenstraat,28,"","",4902TB,Oosterhout
Mgr. Frenckenstraat,30,"","",4902TB,Oosterhout
Mgr. Frenckenstraat,32,"","",4902TB,Oosterhout
Mgr. Frenckenstraat,34,"","",4902TB,Oosterhout
Mgr. Frenckenstraat,36,"","",4902TB,Oosterhout
Mgr. Frenckenstraat,38,"","",4902TB,Oosterhout
Mgr. Frenckenstraat,4,"","",4902TB,Oosterhout
Mgr. Frenckenstraat,40,"","",4902TB,Oosterhout
Mgr. Frenckenstraat,42,"","",4902TB,Oosterhout
Mgr. Frenckenstraat,44,"","",4902TB,Oosterhout
Mgr. Frenckenstraat,46,"","",4902TB,Oosterhout
Mgr. Frenckenstraat,48,"","",4902TB,Oosterhout
Mgr. Frenckenstraat,50,"","",4902TB,Oosterhout
Mgr. Frenckenstraat,52,"","",4902TB,Oosterhout
Mgr. Frenckenstraat,54,"","",4902TB,Oosterhout
Mgr. Frenckenstraat,56,"","",4902TB,Oosterhout
Mgr. Frenckenstraat,56,"",G802,4902TB,Oosterhout
Mgr. Frenckenstraat,56,"",G804,4902TB,Oosterhout
Mgr. Frenckenstraat,6,"","",4902TB,Oosterhout
Mgr. Frenckenstraat,8,"","",4902TB,Oosterhout
Verschuurstraat,1,"","",4902TC,Oosterhout
Verschuurstraat,10,"","",4902TC,Oosterhout
Verschuurstraat,11,"","",4902TC,Oosterhout
Verschuurstraat,12,"","",4902TC,Oosterhout
Verschuurstraat,13,"","",4902TC,Oosterhout
Verschuurstraat,14,"","",4902TC,Oosterhout
Verschuurstraat,15,"","",4902TC,Oosterhout
Verschuurstraat,16,"","",4902TC,Oosterhout
Verschuurstraat,17,"","",4902TC,Oosterhout
Verschuurstraat,18,"","",4902TC,Oosterhout
Verschuurstraat,19,"","",4902TC,Oosterhout
Verschuurstraat,2,"","",4902TC,Oosterhout
Verschuurstraat,20,"","",4902TC,Oosterhout
Verschuurstraat,21,"","",4902TC,Oosterhout
Verschuurstraat,22,"","",4902TC,Oosterhout
Verschuurstraat,23,"","",4902TC,Oosterhout
Verschuurstraat,24,"","",4902TC,Oosterhout
Verschuurstraat,26,"","",4902TC,Oosterhout
Verschuurstraat,3,"","",4902TC,Oosterhout
Verschuurstraat,4,"","",4902TC,Oosterhout
Verschuurstraat,5,"","",4902TC,Oosterhout
Verschuurstraat,6,"","",4902TC,Oosterhout
Verschuurstraat,7,"","",4902TC,Oosterhout
Verschuurstraat,8,"","",4902TC,Oosterhout
Verschuurstraat,9,"","",4902TC,Oosterhout
Aalbersestraat,1,"","",4902TD,Oosterhout
Aalbersestraat,11,"","",4902TD,Oosterhout
Aalbersestraat,13,"","",4902TD,Oosterhout
Aalbersestraat,15,"","",4902TD,Oosterhout
Aalbersestraat,17,"","",4902TD,Oosterhout
Aalbersestraat,19,"","",4902TD,Oosterhout
Aalbersestraat,21,"","",4902TD,Oosterhout
Aalbersestraat,23,"","",4902TD,Oosterhout
Aalbersestraat,25,"","",4902TD,Oosterhout
Aalbersestraat,27,"","",4902TD,Oosterhout
Aalbersestraat,29,"","",4902TD,Oosterhout
Aalbersestraat,3,"","",4902TD,Oosterhout
Aalbersestraat,31,"","",4902TD,Oosterhout
Aalbersestraat,31,A,"",4902TD,Oosterhout
Aalbersestraat,5,"","",4902TD,Oosterhout
Aalbersestraat,7,"","",4902TD,Oosterhout
Aalbersestraat,9,"","",4902TD,Oosterhout
Aalbersestraat,10,"","",4902TE,Oosterhout
Aalbersestraat,12,"","",4902TE,Oosterhout
Aalbersestraat,14,"","",4902TE,Oosterhout
Aalbersestraat,16,"","",4902TE,Oosterhout
Aalbersestraat,18,"","",4902TE,Oosterhout
Aalbersestraat,2,"","",4902TE,Oosterhout
Aalbersestraat,20,"","",4902TE,Oosterhout
Aalbersestraat,22,"","",4902TE,Oosterhout
Aalbersestraat,24,"","",4902TE,Oosterhout
Aalbersestraat,26,"","",4902TE,Oosterhout
Aalbersestraat,28,"","",4902TE,Oosterhout
Aalbersestraat,30,"","",4902TE,Oosterhout
Aalbersestraat,4,"","",4902TE,Oosterhout
Aalbersestraat,6,"","",4902TE,Oosterhout
Aalbersestraat,8,"","",4902TE,Oosterhout
Schaepmanlaan,1,"","",4902TG,Oosterhout
Schaepmanlaan,11,"","",4902TG,Oosterhout
Schaepmanlaan,13,"","",4902TG,Oosterhout
Schaepmanlaan,15,"","",4902TG,Oosterhout
Schaepmanlaan,17,"","",4902TG,Oosterhout
Schaepmanlaan,19,"","",4902TG,Oosterhout
Schaepmanlaan,21,"","",4902TG,Oosterhout
Schaepmanlaan,23,"","",4902TG,Oosterhout
Schaepmanlaan,25,"","",4902TG,Oosterhout
Schaepmanlaan,27,"","",4902TG,Oosterhout
Schaepmanlaan,29,"","",4902TG,Oosterhout
Schaepmanlaan,3,"","",4902TG,Oosterhout
Schaepmanlaan,31,"","",4902TG,Oosterhout
Schaepmanlaan,33,"","",4902TG,Oosterhout
Schaepmanlaan,35,"","",4902TG,Oosterhout
Schaepmanlaan,37,"","",4902TG,Oosterhout
Schaepmanlaan,39,"","",4902TG,Oosterhout
Schaepmanlaan,39,"",G01,4902TG,Oosterhout
Schaepmanlaan,5,"","",4902TG,Oosterhout
Schaepmanlaan,7,"","",4902TG,Oosterhout
Schaepmanlaan,9,"","",4902TG,Oosterhout
Schaepmanlaan,10,"","",4902TH,Oosterhout
Schaepmanlaan,12,"","",4902TH,Oosterhout
Schaepmanlaan,14,"","",4902TH,Oosterhout
Schaepmanlaan,16,"","",4902TH,Oosterhout
Schaepmanlaan,18,"","",4902TH,Oosterhout
Schaepmanlaan,2,"","",4902TH,Oosterhout
Schaepmanlaan,20,"","",4902TH,Oosterhout
Schaepmanlaan,22,"","",4902TH,Oosterhout
Schaepmanlaan,24,"","",4902TH,Oosterhout
Schaepmanlaan,26,"","",4902TH,Oosterhout
Schaepmanlaan,28,"","",4902TH,Oosterhout
Schaepmanlaan,30,"","",4902TH,Oosterhout
Schaepmanlaan,32,"","",4902TH,Oosterhout
Schaepmanlaan,34,"","",4902TH,Oosterhout
Schaepmanlaan,36,"","",4902TH,Oosterhout
Schaepmanlaan,4,"","",4902TH,Oosterhout
Schaepmanlaan,6,"","",4902TH,Oosterhout
Schaepmanlaan,8,"","",4902TH,Oosterhout
Dr. Poelsstraat,11,"","",4902TJ,Oosterhout
Dr. Poelsstraat,13,"","",4902TJ,Oosterhout
Dr. Poelsstraat,15,"","",4902TJ,Oosterhout
Dr. Poelsstraat,17,"","",4902TJ,Oosterhout
Dr. Poelsstraat,19,"","",4902TJ,Oosterhout
Dr. Poelsstraat,21,"","",4902TJ,Oosterhout
Dr. Poelsstraat,23,"","",4902TJ,Oosterhout
Dr. Poelsstraat,25,"","",4902TJ,Oosterhout
Dr. Poelsstraat,27,"","",4902TJ,Oosterhout
Dr. Poelsstraat,29,"","",4902TJ,Oosterhout
Dr. Poelsstraat,31,"","",4902TJ,Oosterhout
Dr. Poelsstraat,33,"","",4902TJ,Oosterhout
Dr. Poelsstraat,33,A,"",4902TJ,Oosterhout
Dr. Poelsstraat,35,"","",4902TJ,Oosterhout
Dr. Poelsstraat,37,"","",4902TJ,Oosterhout
Dr. Poelsstraat,39,"","",4902TJ,Oosterhout
Dr. Poelsstraat,41,"","",4902TJ,Oosterhout
Dr. Poelsstraat,43,"","",4902TJ,Oosterhout
Dr. Poelsstraat,45,"","",4902TJ,Oosterhout
Dr. Poelsstraat,5,"","",4902TJ,Oosterhout
Dr. Poelsstraat,51,"","",4902TJ,Oosterhout
Dr. Poelsstraat,51,"",G01,4902TJ,Oosterhout
Dr. Poelsstraat,51,"",G02,4902TJ,Oosterhout
Dr. Poelsstraat,51,"",G03,4902TJ,Oosterhout
Dr. Poelsstraat,51,"",G04,4902TJ,Oosterhout
Dr. Poelsstraat,51,"",G05,4902TJ,Oosterhout
Dr. Poelsstraat,51,"",G06,4902TJ,Oosterhout
Dr. Poelsstraat,51,"",G07,4902TJ,Oosterhout
Dr. Poelsstraat,51,"",G08,4902TJ,Oosterhout
Dr. Poelsstraat,51,"",G09,4902TJ,Oosterhout
Dr. Poelsstraat,51,"",G10,4902TJ,Oosterhout
Dr. Poelsstraat,51,"",G11,4902TJ,Oosterhout
Dr. Poelsstraat,51,"",G12,4902TJ,Oosterhout
Dr. Poelsstraat,51,"",G13,4902TJ,Oosterhout
Dr. Poelsstraat,51,"",G14,4902TJ,Oosterhout
Dr. Poelsstraat,51,"",G15,4902TJ,Oosterhout
Dr. Poelsstraat,51,"",G16,4902TJ,Oosterhout
Dr. Poelsstraat,51,"",G17,4902TJ,Oosterhout
Dr. Poelsstraat,51,"",G18,4902TJ,Oosterhout
Dr. Poelsstraat,53,"","",4902TJ,Oosterhout
Dr. Poelsstraat,55,"","",4902TJ,Oosterhout
Dr. Poelsstraat,57,"","",4902TJ,Oosterhout
Dr. Poelsstraat,59,"","",4902TJ,Oosterhout
Dr. Poelsstraat,61,"","",4902TJ,Oosterhout
Dr. Poelsstraat,63,"","",4902TJ,Oosterhout
Dr. Poelsstraat,65,"","",4902TJ,Oosterhout
Dr. Poelsstraat,7,"","",4902TJ,Oosterhout
Dr. Poelsstraat,9,"","",4902TJ,Oosterhout
Dr. Poelsstraat,10,"","",4902TK,Oosterhout
Dr. Poelsstraat,12,"","",4902TK,Oosterhout
Dr. Poelsstraat,14,"","",4902TK,Oosterhout
Dr. Poelsstraat,16,"","",4902TK,Oosterhout
Dr. Poelsstraat,18,"","",4902TK,Oosterhout
Dr. Poelsstraat,2,"","",4902TK,Oosterhout
Dr. Poelsstraat,20,"","",4902TK,Oosterhout
Dr. Poelsstraat,22,"","",4902TK,Oosterhout
Dr. Poelsstraat,24,"","",4902TK,Oosterhout
Dr. Poelsstraat,26,"","",4902TK,Oosterhout
Dr. Poelsstraat,28,"","",4902TK,Oosterhout
Dr. Poelsstraat,30,"","",4902TK,Oosterhout
Dr. Poelsstraat,32,"","",4902TK,Oosterhout
Dr. Poelsstraat,34,"","",4902TK,Oosterhout
Dr. Poelsstraat,36,"","",4902TK,Oosterhout
Dr. Poelsstraat,36,"","",4902TK,Oosterhout
Dr. Poelsstraat,38,"","",4902TK,Oosterhout
Dr. Poelsstraat,4,"","",4902TK,Oosterhout
Dr. Poelsstraat,40,"","",4902TK,Oosterhout
Dr. Poelsstraat,42,"","",4902TK,Oosterhout
Dr. Poelsstraat,44,"","",4902TK,Oosterhout
Dr. Poelsstraat,44,"",G01,4902TK,Oosterhout
Dr. Poelsstraat,44,"",G02,4902TK,Oosterhout
Dr. Poelsstraat,44,"",G03,4902TK,Oosterhout
Dr. Poelsstraat,44,"",G802,4902TK,Oosterhout
Dr. Poelsstraat,44,"",G804,4902TK,Oosterhout
Dr. Poelsstraat,44,"",G806,4902TK,Oosterhout
Dr. Poelsstraat,6,"","",4902TK,Oosterhout
Dr. Poelsstraat,8,"","",4902TK,Oosterhout
Tilburgseweg,10,"","",4902TM,Oosterhout
Tilburgseweg,12,"","",4902TM,Oosterhout
Tilburgseweg,14,"","",4902TM,Oosterhout
Tilburgseweg,16,"","",4902TM,Oosterhout
Tilburgseweg,18,"","",4902TM,Oosterhout
Tilburgseweg,20,"","",4902TM,Oosterhout
Tilburgseweg,22,"","",4902TM,Oosterhout
Tilburgseweg,24,"","",4902TM,Oosterhout
Tilburgseweg,26,"","",4902TM,Oosterhout
Tilburgseweg,28,"","",4902TM,Oosterhout
Tilburgseweg,30,"","",4902TM,Oosterhout
Tilburgseweg,32,"","",4902TM,Oosterhout
Tilburgseweg,34,"","",4902TM,Oosterhout
Tilburgseweg,36,"","",4902TM,Oosterhout
Tilburgseweg,38,"","",4902TM,Oosterhout
Tilburgseweg,40,"","",4902TM,Oosterhout
Tilburgseweg,42,"","",4902TM,Oosterhout
Tilburgseweg,44,"","",4902TM,Oosterhout
Tilburgseweg,46,"","",4902TM,Oosterhout
Tilburgseweg,48,"","",4902TM,Oosterhout
Tilburgseweg,50,"","",4902TM,Oosterhout
Tilburgseweg,52,"","",4902TM,Oosterhout
Tilburgseweg,54,"","",4902TM,Oosterhout
Tilburgseweg,56,"","",4902TM,Oosterhout
Tilburgseweg,58,"","",4902TM,Oosterhout
Tilburgseweg,60,"","",4902TM,Oosterhout
Tilburgseweg,62,"","",4902TM,Oosterhout
Tilburgseweg,8,"","",4902TM,Oosterhout
De Besterd,1,"","",4902TR,Oosterhout
De Besterd,10,"","",4902TR,Oosterhout
De Besterd,11,"","",4902TR,Oosterhout
De Besterd,12,"","",4902TR,Oosterhout
De Besterd,13,"","",4902TR,Oosterhout
De Besterd,14,"","",4902TR,Oosterhout
De Besterd,15,"","",4902TR,Oosterhout
De Besterd,16,"","",4902TR,Oosterhout
De Besterd,17,"","",4902TR,Oosterhout
De Besterd,18,"","",4902TR,Oosterhout
De Besterd,19,"","",4902TR,Oosterhout
De Besterd,2,"","",4902TR,Oosterhout
De Besterd,20,"","",4902TR,Oosterhout
De Besterd,21,"","",4902TR,Oosterhout
De Besterd,22,"","",4902TR,Oosterhout
De Besterd,23,"","",4902TR,Oosterhout
De Besterd,24,"","",4902TR,Oosterhout
De Besterd,25,"","",4902TR,Oosterhout
De Besterd,26,"","",4902TR,Oosterhout
De Besterd,27,"","",4902TR,Oosterhout
De Besterd,28,"","",4902TR,Oosterhout
De Besterd,29,"","",4902TR,Oosterhout
De Besterd,3,"","",4902TR,Oosterhout
De Besterd,30,"","",4902TR,Oosterhout
De Besterd,31,"","",4902TR,Oosterhout
De Besterd,32,"","",4902TR,Oosterhout
De Besterd,33,"","",4902TR,Oosterhout
De Besterd,34,"","",4902TR,Oosterhout
De Besterd,35,"","",4902TR,Oosterhout
De Besterd,36,"","",4902TR,Oosterhout
De Besterd,4,"","",4902TR,Oosterhout
De Besterd,5,"","",4902TR,Oosterhout
De Besterd,6,"","",4902TR,Oosterhout
De Besterd,7,"","",4902TR,Oosterhout
De Besterd,8,"","",4902TR,Oosterhout
De Besterd,9,"","",4902TR,Oosterhout
De Besterd,37,"","",4902TS,Oosterhout
De Besterd,38,"","",4902TS,Oosterhout
De Besterd,39,"","",4902TS,Oosterhout
De Besterd,40,"","",4902TS,Oosterhout
De Besterd,41,"","",4902TS,Oosterhout
De Besterd,42,"","",4902TS,Oosterhout
De Besterd,43,"","",4902TS,Oosterhout
De Besterd,44,"","",4902TS,Oosterhout
De Besterd,45,"","",4902TS,Oosterhout
De Besterd,46,"","",4902TS,Oosterhout
De Besterd,47,"","",4902TS,Oosterhout
De Besterd,48,"","",4902TS,Oosterhout
De Besterd,49,"","",4902TS,Oosterhout
De Besterd,50,"","",4902TS,Oosterhout
De Besterd,51,"","",4902TS,Oosterhout
De Besterd,52,"","",4902TS,Oosterhout
De Besterd,53,"","",4902TS,Oosterhout
Van Oldenbarneveltstraat,1,"","",4902VA,Oosterhout
Van Oldenbarneveltstraat,11,"","",4902VA,Oosterhout
Van Oldenbarneveltstraat,13,"","",4902VA,Oosterhout
Van Oldenbarneveltstraat,15,"","",4902VA,Oosterhout
Van Oldenbarneveltstraat,15,"",G01,4902VA,Oosterhout
Van Oldenbarneveltstraat,15,"",G02,4902VA,Oosterhout
Van Oldenbarneveltstraat,15,"",G03,4902VA,Oosterhout
Van Oldenbarneveltstraat,15,"",G04,4902VA,Oosterhout
Van Oldenbarneveltstraat,15,"",G05,4902VA,Oosterhout
Van Oldenbarneveltstraat,15,"",G06,4902VA,Oosterhout
Van Oldenbarneveltstraat,15,"",G07,4902VA,Oosterhout
Van Oldenbarneveltstraat,15,"",G08,4902VA,Oosterhout
Van Oldenbarneveltstraat,15,"",G09,4902VA,Oosterhout
Van Oldenbarneveltstraat,15,"",G10,4902VA,Oosterhout
Van Oldenbarneveltstraat,15,"",G11,4902VA,Oosterhout
Van Oldenbarneveltstraat,15,"",G12,4902VA,Oosterhout
Van Oldenbarneveltstraat,15,"",G13,4902VA,Oosterhout
Van Oldenbarneveltstraat,15,"",G14,4902VA,Oosterhout
Van Oldenbarneveltstraat,15,"",G15,4902VA,Oosterhout
Van Oldenbarneveltstraat,15,"",G16,4902VA,Oosterhout
Van Oldenbarneveltstraat,3,"","",4902VA,Oosterhout
Van Oldenbarneveltstraat,5,"","",4902VA,Oosterhout
Van Oldenbarneveltstraat,7,"","",4902VA,Oosterhout
Van Oldenbarneveltstraat,9,"","",4902VA,Oosterhout
Fagelstraat,1,"","",4902VC,Oosterhout
Fagelstraat,10,"","",4902VC,Oosterhout
Fagelstraat,12,"","",4902VC,Oosterhout
Fagelstraat,14,"","",4902VC,Oosterhout
Fagelstraat,16,"","",4902VC,Oosterhout
Fagelstraat,18,"","",4902VC,Oosterhout
Fagelstraat,2,"","",4902VC,Oosterhout
Fagelstraat,20,"","",4902VC,Oosterhout
Fagelstraat,3,"","",4902VC,Oosterhout
Fagelstraat,4,"","",4902VC,Oosterhout
Fagelstraat,5,"","",4902VC,Oosterhout
Fagelstraat,6,"","",4902VC,Oosterhout
Fagelstraat,7,"","",4902VC,Oosterhout
Fagelstraat,8,"","",4902VC,Oosterhout
Heinsiusstraat,1,"","",4902VE,Oosterhout
Heinsiusstraat,10,"","",4902VE,Oosterhout
Heinsiusstraat,101,"","",4902VE,Oosterhout
Heinsiusstraat,103,"","",4902VE,Oosterhout
Heinsiusstraat,105,"","",4902VE,Oosterhout
Heinsiusstraat,107,"","",4902VE,Oosterhout
Heinsiusstraat,109,"","",4902VE,Oosterhout
Heinsiusstraat,11,"","",4902VE,Oosterhout
Heinsiusstraat,111,"","",4902VE,Oosterhout
Heinsiusstraat,113,"","",4902VE,Oosterhout
Heinsiusstraat,115,"","",4902VE,Oosterhout
Heinsiusstraat,117,"","",4902VE,Oosterhout
Heinsiusstraat,119,"","",4902VE,Oosterhout
Heinsiusstraat,12,"","",4902VE,Oosterhout
Heinsiusstraat,121,"","",4902VE,Oosterhout
Heinsiusstraat,123,"","",4902VE,Oosterhout
Heinsiusstraat,125,"","",4902VE,Oosterhout
Heinsiusstraat,127,"","",4902VE,Oosterhout
Heinsiusstraat,129,"","",4902VE,Oosterhout
Heinsiusstraat,13,"","",4902VE,Oosterhout
Heinsiusstraat,131,"","",4902VE,Oosterhout
Heinsiusstraat,133,"","",4902VE,Oosterhout
Heinsiusstraat,14,"","",4902VE,Oosterhout
Heinsiusstraat,15,"","",4902VE,Oosterhout
Heinsiusstraat,16,"","",4902VE,Oosterhout
Heinsiusstraat,17,"","",4902VE,Oosterhout
Heinsiusstraat,19,"","",4902VE,Oosterhout
Heinsiusstraat,2,"","",4902VE,Oosterhout
Heinsiusstraat,2,A,"",4902VE,Oosterhout
Heinsiusstraat,2,B,"",4902VE,Oosterhout
Heinsiusstraat,2,C,"",4902VE,Oosterhout
Heinsiusstraat,2,D,"",4902VE,Oosterhout
Heinsiusstraat,21,"","",4902VE,Oosterhout
Heinsiusstraat,23,"","",4902VE,Oosterhout
Heinsiusstraat,25,"","",4902VE,Oosterhout
Heinsiusstraat,27,"","",4902VE,Oosterhout
Heinsiusstraat,29,"","",4902VE,Oosterhout
Heinsiusstraat,3,"","",4902VE,Oosterhout
Heinsiusstraat,31,"","",4902VE,Oosterhout
Heinsiusstraat,33,"","",4902VE,Oosterhout
Heinsiusstraat,35,"","",4902VE,Oosterhout
Heinsiusstraat,37,"","",4902VE,Oosterhout
Heinsiusstraat,39,"","",4902VE,Oosterhout
Heinsiusstraat,4,"","",4902VE,Oosterhout
Heinsiusstraat,41,"","",4902VE,Oosterhout
Heinsiusstraat,43,"","",4902VE,Oosterhout
Heinsiusstraat,45,"","",4902VE,Oosterhout
Heinsiusstraat,47,"","",4902VE,Oosterhout
Heinsiusstraat,49,"","",4902VE,Oosterhout
Heinsiusstraat,5,"","",4902VE,Oosterhout
Heinsiusstraat,51,"","",4902VE,Oosterhout
Heinsiusstraat,53,"","",4902VE,Oosterhout
Heinsiusstraat,55,"","",4902VE,Oosterhout
Heinsiusstraat,57,"","",4902VE,Oosterhout
Heinsiusstraat,59,"","",4902VE,Oosterhout
Heinsiusstraat,6,"","",4902VE,Oosterhout
Heinsiusstraat,61,"","",4902VE,Oosterhout
Heinsiusstraat,63,"","",4902VE,Oosterhout
Heinsiusstraat,65,"","",4902VE,Oosterhout
Heinsiusstraat,67,"","",4902VE,Oosterhout
Heinsiusstraat,69,"","",4902VE,Oosterhout
Heinsiusstraat,7,"","",4902VE,Oosterhout
Heinsiusstraat,71,"","",4902VE,Oosterhout
Heinsiusstraat,73,"","",4902VE,Oosterhout
Heinsiusstraat,75,"","",4902VE,Oosterhout
Heinsiusstraat,77,"","",4902VE,Oosterhout
Heinsiusstraat,79,"","",4902VE,Oosterhout
Heinsiusstraat,8,"","",4902VE,Oosterhout
Heinsiusstraat,81,"","",4902VE,Oosterhout
Heinsiusstraat,83,"","",4902VE,Oosterhout
Heinsiusstraat,85,"","",4902VE,Oosterhout
Heinsiusstraat,87,"","",4902VE,Oosterhout
Heinsiusstraat,89,"","",4902VE,Oosterhout
Heinsiusstraat,9,"","",4902VE,Oosterhout
Heinsiusstraat,91,"","",4902VE,Oosterhout
Heinsiusstraat,93,"","",4902VE,Oosterhout
Heinsiusstraat,95,"","",4902VE,Oosterhout
Heinsiusstraat,97,"","",4902VE,Oosterhout
Heinsiusstraat,99,"","",4902VE,Oosterhout
Johan de Wittstraat,1,"","",4902VG,Oosterhout
Johan de Wittstraat,10,"","",4902VG,Oosterhout
Johan de Wittstraat,11,"","",4902VG,Oosterhout
Johan de Wittstraat,12,"","",4902VG,Oosterhout
Johan de Wittstraat,13,"","",4902VG,Oosterhout
Johan de Wittstraat,14,"","",4902VG,Oosterhout
Johan de Wittstraat,15,"","",4902VG,Oosterhout
Johan de Wittstraat,16,"","",4902VG,Oosterhout
Johan de Wittstraat,17,"","",4902VG,Oosterhout
Johan de Wittstraat,17,"",G01,4902VG,Oosterhout
Johan de Wittstraat,17,"",G02,4902VG,Oosterhout
Johan de Wittstraat,17,"",G03,4902VG,Oosterhout
Johan de Wittstraat,17,"",G04,4902VG,Oosterhout
Johan de Wittstraat,17,"",G05,4902VG,Oosterhout
Johan de Wittstraat,17,"",G06,4902VG,Oosterhout
Johan de Wittstraat,17,"",G07,4902VG,Oosterhout
Johan de Wittstraat,18,"","",4902VG,Oosterhout
Johan de Wittstraat,19,"","",4902VG,Oosterhout
Johan de Wittstraat,20,"","",4902VG,Oosterhout
Johan de Wittstraat,21,"","",4902VG,Oosterhout
Johan de Wittstraat,22,"","",4902VG,Oosterhout
Johan de Wittstraat,23,"","",4902VG,Oosterhout
Johan de Wittstraat,24,"","",4902VG,Oosterhout
Johan de Wittstraat,26,"","",4902VG,Oosterhout
Johan de Wittstraat,28,"","",4902VG,Oosterhout
Johan de Wittstraat,3,"","",4902VG,Oosterhout
Johan de Wittstraat,30,"","",4902VG,Oosterhout
Johan de Wittstraat,32,"","",4902VG,Oosterhout
Johan de Wittstraat,34,"","",4902VG,Oosterhout
Johan de Wittstraat,36,"","",4902VG,Oosterhout
Johan de Wittstraat,38,"","",4902VG,Oosterhout
Johan de Wittstraat,4,"","",4902VG,Oosterhout
Johan de Wittstraat,40,"","",4902VG,Oosterhout
Johan de Wittstraat,42,"","",4902VG,Oosterhout
Johan de Wittstraat,44,"","",4902VG,Oosterhout
Johan de Wittstraat,5,"","",4902VG,Oosterhout
Johan de Wittstraat,6,"","",4902VG,Oosterhout
Johan de Wittstraat,7,"","",4902VG,Oosterhout
Johan de Wittstraat,8,"","",4902VG,Oosterhout
Johan de Wittstraat,9,"","",4902VG,Oosterhout
Pieter Vreedestraat,1,"","",4902VJ,Oosterhout
Pieter Vreedestraat,10,"","",4902VJ,Oosterhout
Pieter Vreedestraat,100,"","",4902VJ,Oosterhout
Pieter Vreedestraat,100,"","",4902VJ,Oosterhout
Pieter Vreedestraat,101,"","",4902VJ,Oosterhout
Pieter Vreedestraat,101,"","",4902VJ,Oosterhout
Pieter Vreedestraat,102,"","",4902VJ,Oosterhout
Pieter Vreedestraat,102,"","",4902VJ,Oosterhout
Pieter Vreedestraat,103,"","",4902VJ,Oosterhout
Pieter Vreedestraat,103,"","",4902VJ,Oosterhout
Pieter Vreedestraat,104,"","",4902VJ,Oosterhout
Pieter Vreedestraat,104,"","",4902VJ,Oosterhout
Pieter Vreedestraat,105,"","",4902VJ,Oosterhout
Pieter Vreedestraat,105,"","",4902VJ,Oosterhout
Pieter Vreedestraat,106,"","",4902VJ,Oosterhout
Pieter Vreedestraat,106,"","",4902VJ,Oosterhout
Pieter Vreedestraat,107,"","",4902VJ,Oosterhout
Pieter Vreedestraat,107,"","",4902VJ,Oosterhout
Pieter Vreedestraat,108,"","",4902VJ,Oosterhout
Pieter Vreedestraat,108,"","",4902VJ,Oosterhout
Pieter Vreedestraat,109,"","",4902VJ,Oosterhout
Pieter Vreedestraat,109,"","",4902VJ,Oosterhout
Pieter Vreedestraat,11,"","",4902VJ,Oosterhout
Pieter Vreedestraat,110,"","",4902VJ,Oosterhout
Pieter Vreedestraat,110,"","",4902VJ,Oosterhout
Pieter Vreedestraat,111,"","",4902VJ,Oosterhout
Pieter Vreedestraat,111,"","",4902VJ,Oosterhout
Pieter Vreedestraat,112,"","",4902VJ,Oosterhout
Pieter Vreedestraat,112,"","",4902VJ,Oosterhout
Pieter Vreedestraat,113,"","",4902VJ,Oosterhout
Pieter Vreedestraat,113,"","",4902VJ,Oosterhout
Pieter Vreedestraat,114,"","",4902VJ,Oosterhout
Pieter Vreedestraat,114,"","",4902VJ,Oosterhout
Pieter Vreedestraat,115,"","",4902VJ,Oosterhout
Pieter Vreedestraat,115,"","",4902VJ,Oosterhout
Pieter Vreedestraat,116,"","",4902VJ,Oosterhout
Pieter Vreedestraat,116,"","",4902VJ,Oosterhout
Pieter Vreedestraat,117,"","",4902VJ,Oosterhout
Pieter Vreedestraat,117,"","",4902VJ,Oosterhout
Pieter Vreedestraat,118,"","",4902VJ,Oosterhout
Pieter Vreedestraat,118,"","",4902VJ,Oosterhout
Pieter Vreedestraat,119,"","",4902VJ,Oosterhout
Pieter Vreedestraat,119,"","",4902VJ,Oosterhout
Pieter Vreedestraat,12,"","",4902VJ,Oosterhout
Pieter Vreedestraat,120,"","",4902VJ,Oosterhout
Pieter Vreedestraat,120,"","",4902VJ,Oosterhout
Pieter Vreedestraat,121,"","",4902VJ,Oosterhout
Pieter Vreedestraat,121,"","",4902VJ,Oosterhout
Pieter Vreedestraat,122,"","",4902VJ,Oosterhout
Pieter Vreedestraat,122,"","",4902VJ,Oosterhout
Pieter Vreedestraat,123,"","",4902VJ,Oosterhout
Pieter Vreedestraat,123,"","",4902VJ,Oosterhout
Pieter Vreedestraat,124,"","",4902VJ,Oosterhout
Pieter Vreedestraat,124,"","",4902VJ,Oosterhout
Pieter Vreedestraat,125,"","",4902VJ,Oosterhout
Pieter Vreedestraat,125,"","",4902VJ,Oosterhout
Pieter Vreedestraat,127,"","",4902VJ,Oosterhout
Pieter Vreedestraat,127,"","",4902VJ,Oosterhout
Pieter Vreedestraat,129,"","",4902VJ,Oosterhout
Pieter Vreedestraat,129,"","",4902VJ,Oosterhout
Pieter Vreedestraat,13,"","",4902VJ,Oosterhout
Pieter Vreedestraat,14,"","",4902VJ,Oosterhout
Pieter Vreedestraat,15,"","",4902VJ,Oosterhout
Pieter Vreedestraat,16,"","",4902VJ,Oosterhout
Pieter Vreedestraat,17,"","",4902VJ,Oosterhout
Pieter Vreedestraat,19,"","",4902VJ,Oosterhout
Pieter Vreedestraat,2,"","",4902VJ,Oosterhout
Pieter Vreedestraat,20,"","",4902VJ,Oosterhout
Pieter Vreedestraat,20,"","",4902VJ,Oosterhout
Pieter Vreedestraat,21,"","",4902VJ,Oosterhout
Pieter Vreedestraat,22,"","",4902VJ,Oosterhout
Pieter Vreedestraat,22,"","",4902VJ,Oosterhout
Pieter Vreedestraat,24,"","",4902VJ,Oosterhout
Pieter Vreedestraat,24,"","",4902VJ,Oosterhout
Pieter Vreedestraat,25,"","",4902VJ,Oosterhout
Pieter Vreedestraat,25,"","",4902VJ,Oosterhout
Pieter Vreedestraat,26,"","",4902VJ,Oosterhout
Pieter Vreedestraat,26,"","",4902VJ,Oosterhout
Pieter Vreedestraat,27,"","",4902VJ,Oosterhout
Pieter Vreedestraat,27,"","",4902VJ,Oosterhout
Pieter Vreedestraat,28,"","",4902VJ,Oosterhout
Pieter Vreedestraat,28,"","",4902VJ,Oosterhout
Pieter Vreedestraat,29,"","",4902VJ,Oosterhout
Pieter Vreedestraat,29,"","",4902VJ,Oosterhout
Pieter Vreedestraat,3,"","",4902VJ,Oosterhout
Pieter Vreedestraat,30,"","",4902VJ,Oosterhout
Pieter Vreedestraat,30,"","",4902VJ,Oosterhout
Pieter Vreedestraat,31,"","",4902VJ,Oosterhout
Pieter Vreedestraat,31,"","",4902VJ,Oosterhout
Pieter Vreedestraat,32,"","",4902VJ,Oosterhout
Pieter Vreedestraat,32,"","",4902VJ,Oosterhout
Pieter Vreedestraat,33,"","",4902VJ,Oosterhout
Pieter Vreedestraat,33,"","",4902VJ,Oosterhout
Pieter Vreedestraat,34,"","",4902VJ,Oosterhout
Pieter Vreedestraat,34,"","",4902VJ,Oosterhout
Pieter Vreedestraat,35,"","",4902VJ,Oosterhout
Pieter Vreedestraat,35,"","",4902VJ,Oosterhout
Pieter Vreedestraat,36,"","",4902VJ,Oosterhout
Pieter Vreedestraat,36,"","",4902VJ,Oosterhout
Pieter Vreedestraat,37,"","",4902VJ,Oosterhout
Pieter Vreedestraat,37,"","",4902VJ,Oosterhout
Pieter Vreedestraat,38,"","",4902VJ,Oosterhout
Pieter Vreedestraat,38,"","",4902VJ,Oosterhout
Pieter Vreedestraat,39,"","",4902VJ,Oosterhout
Pieter Vreedestraat,39,"","",4902VJ,Oosterhout
Pieter Vreedestraat,4,"","",4902VJ,Oosterhout
Pieter Vreedestraat,40,"","",4902VJ,Oosterhout
Pieter Vreedestraat,40,"","",4902VJ,Oosterhout
Pieter Vreedestraat,41,"","",4902VJ,Oosterhout
Pieter Vreedestraat,41,"","",4902VJ,Oosterhout
Pieter Vreedestraat,42,"","",4902VJ,Oosterhout
Pieter Vreedestraat,42,"","",4902VJ,Oosterhout
Pieter Vreedestraat,43,"","",4902VJ,Oosterhout
Pieter Vreedestraat,43,"","",4902VJ,Oosterhout
Pieter Vreedestraat,44,"","",4902VJ,Oosterhout
Pieter Vreedestraat,44,"","",4902VJ,Oosterhout
Pieter Vreedestraat,45,"","",4902VJ,Oosterhout
Pieter Vreedestraat,45,"","",4902VJ,Oosterhout
Pieter Vreedestraat,46,"","",4902VJ,Oosterhout
Pieter Vreedestraat,46,"","",4902VJ,Oosterhout
Pieter Vreedestraat,47,"","",4902VJ,Oosterhout
Pieter Vreedestraat,47,"","",4902VJ,Oosterhout
Pieter Vreedestraat,48,"","",4902VJ,Oosterhout
Pieter Vreedestraat,48,"","",4902VJ,Oosterhout
Pieter Vreedestraat,49,"","",4902VJ,Oosterhout
Pieter Vreedestraat,49,"","",4902VJ,Oosterhout
Pieter Vreedestraat,5,"","",4902VJ,Oosterhout
Pieter Vreedestraat,50,"","",4902VJ,Oosterhout
Pieter Vreedestraat,50,"","",4902VJ,Oosterhout
Pieter Vreedestraat,51,"","",4902VJ,Oosterhout
Pieter Vreedestraat,51,"","",4902VJ,Oosterhout
Pieter Vreedestraat,52,"","",4902VJ,Oosterhout
Pieter Vreedestraat,52,"","",4902VJ,Oosterhout
Pieter Vreedestraat,53,"","",4902VJ,Oosterhout
Pieter Vreedestraat,53,"","",4902VJ,Oosterhout
Pieter Vreedestraat,54,"","",4902VJ,Oosterhout
Pieter Vreedestraat,54,"","",4902VJ,Oosterhout
Pieter Vreedestraat,55,"","",4902VJ,Oosterhout
Pieter Vreedestraat,55,"","",4902VJ,Oosterhout
Pieter Vreedestraat,56,"","",4902VJ,Oosterhout
Pieter Vreedestraat,56,"","",4902VJ,Oosterhout
Pieter Vreedestraat,57,"","",4902VJ,Oosterhout
Pieter Vreedestraat,57,"","",4902VJ,Oosterhout
Pieter Vreedestraat,58,"","",4902VJ,Oosterhout
Pieter Vreedestraat,58,"","",4902VJ,Oosterhout
Pieter Vreedestraat,59,"","",4902VJ,Oosterhout
Pieter Vreedestraat,59,"","",4902VJ,Oosterhout
Pieter Vreedestraat,6,"","",4902VJ,Oosterhout
Pieter Vreedestraat,60,"","",4902VJ,Oosterhout
Pieter Vreedestraat,60,"","",4902VJ,Oosterhout
Pieter Vreedestraat,61,"","",4902VJ,Oosterhout
Pieter Vreedestraat,61,"","",4902VJ,Oosterhout
Pieter Vreedestraat,62,"","",4902VJ,Oosterhout
Pieter Vreedestraat,62,"","",4902VJ,Oosterhout
Pieter Vreedestraat,63,"","",4902VJ,Oosterhout
Pieter Vreedestraat,63,"","",4902VJ,Oosterhout
Pieter Vreedestraat,64,"","",4902VJ,Oosterhout
Pieter Vreedestraat,64,"","",4902VJ,Oosterhout
Pieter Vreedestraat,65,"","",4902VJ,Oosterhout
Pieter Vreedestraat,65,"","",4902VJ,Oosterhout
Pieter Vreedestraat,66,"","",4902VJ,Oosterhout
Pieter Vreedestraat,66,"","",4902VJ,Oosterhout
Pieter Vreedestraat,67,"","",4902VJ,Oosterhout
Pieter Vreedestraat,67,"","",4902VJ,Oosterhout
Pieter Vreedestraat,68,"","",4902VJ,Oosterhout
Pieter Vreedestraat,68,"","",4902VJ,Oosterhout
Pieter Vreedestraat,69,"","",4902VJ,Oosterhout
Pieter Vreedestraat,69,"","",4902VJ,Oosterhout
Pieter Vreedestraat,7,"","",4902VJ,Oosterhout
Pieter Vreedestraat,70,"","",4902VJ,Oosterhout
Pieter Vreedestraat,70,"","",4902VJ,Oosterhout
Pieter Vreedestraat,71,"","",4902VJ,Oosterhout
Pieter Vreedestraat,71,"","",4902VJ,Oosterhout
Pieter Vreedestraat,72,"","",4902VJ,Oosterhout
Pieter Vreedestraat,72,"","",4902VJ,Oosterhout
Pieter Vreedestraat,73,"","",4902VJ,Oosterhout
Pieter Vreedestraat,73,"","",4902VJ,Oosterhout
Pieter Vreedestraat,74,"","",4902VJ,Oosterhout
Pieter Vreedestraat,74,"","",4902VJ,Oosterhout
Pieter Vreedestraat,75,"","",4902VJ,Oosterhout
Pieter Vreedestraat,75,"","",4902VJ,Oosterhout
Pieter Vreedestraat,76,"","",4902VJ,Oosterhout
Pieter Vreedestraat,76,"","",4902VJ,Oosterhout
Pieter Vreedestraat,77,"","",4902VJ,Oosterhout
Pieter Vreedestraat,77,"","",4902VJ,Oosterhout
Pieter Vreedestraat,78,"","",4902VJ,Oosterhout
Pieter Vreedestraat,78,"","",4902VJ,Oosterhout
Pieter Vreedestraat,79,"","",4902VJ,Oosterhout
Pieter Vreedestraat,79,"","",4902VJ,Oosterhout
Pieter Vreedestraat,80,"","",4902VJ,Oosterhout
Pieter Vreedestraat,80,"","",4902VJ,Oosterhout
Pieter Vreedestraat,81,"","",4902VJ,Oosterhout
Pieter Vreedestraat,81,"","",4902VJ,Oosterhout
Pieter Vreedestraat,82,"","",4902VJ,Oosterhout
Pieter Vreedestraat,82,"","",4902VJ,Oosterhout
Pieter Vreedestraat,83,"","",4902VJ,Oosterhout
Pieter Vreedestraat,83,"","",4902VJ,Oosterhout
Pieter Vreedestraat,84,"","",4902VJ,Oosterhout
Pieter Vreedestraat,84,"","",4902VJ,Oosterhout
Pieter Vreedestraat,85,"","",4902VJ,Oosterhout
Pieter Vreedestraat,85,"","",4902VJ,Oosterhout
Pieter Vreedestraat,86,"","",4902VJ,Oosterhout
Pieter Vreedestraat,86,"","",4902VJ,Oosterhout
Pieter Vreedestraat,87,"","",4902VJ,Oosterhout
Pieter Vreedestraat,87,"","",4902VJ,Oosterhout
Pieter Vreedestraat,88,"","",4902VJ,Oosterhout
Pieter Vreedestraat,88,"","",4902VJ,Oosterhout
Pieter Vreedestraat,89,"","",4902VJ,Oosterhout
Pieter Vreedestraat,89,"","",4902VJ,Oosterhout
Pieter Vreedestraat,9,"","",4902VJ,Oosterhout
Pieter Vreedestraat,90,"","",4902VJ,Oosterhout
Pieter Vreedestraat,90,"","",4902VJ,Oosterhout
Pieter Vreedestraat,91,"","",4902VJ,Oosterhout
Pieter Vreedestraat,91,"","",4902VJ,Oosterhout
Pieter Vreedestraat,92,"","",4902VJ,Oosterhout
Pieter Vreedestraat,92,"","",4902VJ,Oosterhout
Pieter Vreedestraat,93,"","",4902VJ,Oosterhout
Pieter Vreedestraat,93,"","",4902VJ,Oosterhout
Pieter Vreedestraat,94,"","",4902VJ,Oosterhout
Pieter Vreedestraat,94,"","",4902VJ,Oosterhout
Pieter Vreedestraat,95,"","",4902VJ,Oosterhout
Pieter Vreedestraat,95,"","",4902VJ,Oosterhout
Pieter Vreedestraat,96,"","",4902VJ,Oosterhout
Pieter Vreedestraat,96,"","",4902VJ,Oosterhout
Pieter Vreedestraat,97,"","",4902VJ,Oosterhout
Pieter Vreedestraat,97,"","",4902VJ,Oosterhout
Pieter Vreedestraat,98,"","",4902VJ,Oosterhout
Pieter Vreedestraat,98,"","",4902VJ,Oosterhout
Pieter Vreedestraat,99,"","",4902VJ,Oosterhout
Pieter Vreedestraat,99,"","",4902VJ,Oosterhout
Van Hogendorpstraat,1,"","",4902VK,Oosterhout
Van Hogendorpstraat,10,"","",4902VK,Oosterhout
Van Hogendorpstraat,11,"","",4902VK,Oosterhout
Van Hogendorpstraat,12,"","",4902VK,Oosterhout
Van Hogendorpstraat,13,"","",4902VK,Oosterhout
Van Hogendorpstraat,14,"","",4902VK,Oosterhout
Van Hogendorpstraat,15,"","",4902VK,Oosterhout
Van Hogendorpstraat,17,"","",4902VK,Oosterhout
Van Hogendorpstraat,19,"","",4902VK,Oosterhout
Van Hogendorpstraat,21,"","",4902VK,Oosterhout
Van Hogendorpstraat,23,"","",4902VK,Oosterhout
Van Hogendorpstraat,3,"","",4902VK,Oosterhout
Van Hogendorpstraat,5,"","",4902VK,Oosterhout
Van Hogendorpstraat,7,"","",4902VK,Oosterhout
Van Hogendorpstraat,8,"","",4902VK,Oosterhout
Van Hogendorpstraat,9,"","",4902VK,Oosterhout
Thorbeckestraat,1,"","",4902VL,Oosterhout
Thorbeckestraat,1,"","",4902VL,Oosterhout
Thorbeckestraat,1,"","",4902VL,Oosterhout
Ruys de Beerenbrouckplein,10,"","",4902VL,Oosterhout
Ruys de Beerenbrouckplein,10,A,"",4902VL,Oosterhout
Ruys de Beerenbrouckplein,100,"","",4902VL,Oosterhout
Ruys de Beerenbrouckplein,101,"","",4902VL,Oosterhout
Ruys de Beerenbrouckplein,102,"","",4902VL,Oosterhout
Ruys de Beerenbrouckplein,103,"","",4902VL,Oosterhout
Ruys de Beerenbrouckplein,104,"","",4902VL,Oosterhout
Ruys de Beerenbrouckplein,105,"","",4902VL,Oosterhout
Ruys de Beerenbrouckplein,106,"","",4902VL,Oosterhout
Ruys de Beerenbrouckplein,107,"","",4902VL,Oosterhout
Ruys de Beerenbrouckplein,108,"","",4902VL,Oosterhout
Ruys de Beerenbrouckplein,109,"","",4902VL,Oosterhout
Thorbeckestraat,11,"","",4902VL,Oosterhout
Thorbeckestraat,11,"","",4902VL,Oosterhout
Thorbeckestraat,11,"","",4902VL,Oosterhout
Ruys de Beerenbrouckplein,110,"","",4902VL,Oosterhout
Ruys de Beerenbrouckplein,111,"","",4902VL,Oosterhout
Ruys de Beerenbrouckplein,112,"","",4902VL,Oosterhout
Ruys de Beerenbrouckplein,113,"","",4902VL,Oosterhout
Ruys de Beerenbrouckplein,114,"","",4902VL,Oosterhout
Ruys de Beerenbrouckplein,115,"","",4902VL,Oosterhout
Ruys de Beerenbrouckplein,116,"","",4902VL,Oosterhout
Ruys de Beerenbrouckplein,117,"","",4902VL,Oosterhout
Ruys de Beerenbrouckplein,118,"","",4902VL,Oosterhout
Ruys de Beerenbrouckplein,119,"","",4902VL,Oosterhout
Ruys de Beerenbrouckplein,12,"","",4902VL,Oosterhout
Ruys de Beerenbrouckplein,120,"","",4902VL,Oosterhout
Ruys de Beerenbrouckplein,121,"","",4902VL,Oosterhout
Ruys de Beerenbrouckplein,122,"","",4902VL,Oosterhout
Ruys de Beerenbrouckplein,123,"","",4902VL,Oosterhout
Ruys de Beerenbrouckplein,124,"","",4902VL,Oosterhout
Ruys de Beerenbrouckplein,125,"","",4902VL,Oosterhout
Ruys de Beerenbrouckplein,126,"","",4902VL,Oosterhout
Ruys de Beerenbrouckplein,127,"","",4902VL,Oosterhout
Thorbeckestraat,13,"","",4902VL,Oosterhout
Thorbeckestraat,13,"","",4902VL,Oosterhout
Thorbeckestraat,13,"","",4902VL,Oosterhout
Ruys de Beerenbrouckplein,14,"","",4902VL,Oosterhout
Thorbeckestraat,15,"","",4902VL,Oosterhout
Thorbeckestraat,15,"","",4902VL,Oosterhout
Thorbeckestraat,15,"","",4902VL,Oosterhout
Ruys de Beerenbrouckplein,16,"","",4902VL,Oosterhout
Thorbeckestraat,17,"","",4902VL,Oosterhout
Thorbeckestraat,17,"","",4902VL,Oosterhout
Thorbeckestraat,17,"","",4902VL,Oosterhout
Ruys de Beerenbrouckplein,18,"","",4902VL,Oosterhout
Thorbeckestraat,19,"","",4902VL,Oosterhout
Thorbeckestraat,19,"","",4902VL,Oosterhout
Thorbeckestraat,19,"","",4902VL,Oosterhout
Ruys de Beerenbrouckplein,2,"","",4902VL,Oosterhout
Ruys de Beerenbrouckplein,20,"","",4902VL,Oosterhout
Thorbeckestraat,21,"","",4902VL,Oosterhout
Thorbeckestraat,21,"","",4902VL,Oosterhout
Thorbeckestraat,21,"","",4902VL,Oosterhout
Ruys de Beerenbrouckplein,22,"","",4902VL,Oosterhout
Thorbeckestraat,23,"","",4902VL,Oosterhout
Thorbeckestraat,23,"","",4902VL,Oosterhout
Thorbeckestraat,23,"","",4902VL,Oosterhout
Ruys de Beerenbrouckplein,24,"","",4902VL,Oosterhout
Thorbeckestraat,25,"","",4902VL,Oosterhout
Thorbeckestraat,25,"","",4902VL,Oosterhout
Thorbeckestraat,25,"","",4902VL,Oosterhout
Ruys de Beerenbrouckplein,26,"","",4902VL,Oosterhout
Thorbeckestraat,27,"","",4902VL,Oosterhout
Thorbeckestraat,27,"","",4902VL,Oosterhout
Thorbeckestraat,27,"","",4902VL,Oosterhout
Ruys de Beerenbrouckplein,28,"","",4902VL,Oosterhout
Thorbeckestraat,29,"","",4902VL,Oosterhout
Thorbeckestraat,29,"","",4902VL,Oosterhout
Thorbeckestraat,29,"","",4902VL,Oosterhout
Thorbeckestraat,3,"","",4902VL,Oosterhout
Thorbeckestraat,3,"","",4902VL,Oosterhout
Thorbeckestraat,3,"","",4902VL,Oosterhout
Ruys de Beerenbrouckplein,30,"","",4902VL,Oosterhout
Thorbeckestraat,31,"","",4902VL,Oosterhout
Thorbeckestraat,31,"","",4902VL,Oosterhout
Ruys de Beerenbrouckplein,32,"","",4902VL,Oosterhout
Thorbeckestraat,33,"","",4902VL,Oosterhout
Thorbeckestraat,33,"","",4902VL,Oosterhout
Ruys de Beerenbrouckplein,34,"","",4902VL,Oosterhout
Thorbeckestraat,35,"","",4902VL,Oosterhout
Thorbeckestraat,35,"","",4902VL,Oosterhout
Ruys de Beerenbrouckplein,36,"","",4902VL,Oosterhout
Thorbeckestraat,37,"","",4902VL,Oosterhout
Thorbeckestraat,37,"","",4902VL,Oosterhout
Ruys de Beerenbrouckplein,38,"","",4902VL,Oosterhout
Thorbeckestraat,39,"","",4902VL,Oosterhout
Thorbeckestraat,39,"","",4902VL,Oosterhout
Ruys de Beerenbrouckplein,4,"","",4902VL,Oosterhout
Ruys de Beerenbrouckplein,40,"","",4902VL,Oosterhout
Thorbeckestraat,41,"","",4902VL,Oosterhout
Thorbeckestraat,41,"","",4902VL,Oosterhout
Ruys de Beerenbrouckplein,42,"","",4902VL,Oosterhout
Ruys de Beerenbrouckplein,43,"","",4902VL,Oosterhout
Ruys de Beerenbrouckplein,44,"","",4902VL,Oosterhout
Ruys de Beerenbrouckplein,45,"","",4902VL,Oosterhout
Ruys de Beerenbrouckplein,46,"","",4902VL,Oosterhout
Ruys de Beerenbrouckplein,47,"","",4902VL,Oosterhout
Ruys de Beerenbrouckplein,48,"","",4902VL,Oosterhout
Ruys de Beerenbrouckplein,49,"","",4902VL,Oosterhout
Thorbeckestraat,5,"","",4902VL,Oosterhout
Thorbeckestraat,5,"","",4902VL,Oosterhout
Thorbeckestraat,5,"","",4902VL,Oosterhout
Ruys de Beerenbrouckplein,50,"","",4902VL,Oosterhout
Ruys de Beerenbrouckplein,51,"","",4902VL,Oosterhout
Ruys de Beerenbrouckplein,52,"","",4902VL,Oosterhout
Ruys de Beerenbrouckplein,53,"","",4902VL,Oosterhout
Ruys de Beerenbrouckplein,54,"","",4902VL,Oosterhout
Ruys de Beerenbrouckplein,55,"","",4902VL,Oosterhout
Ruys de Beerenbrouckplein,56,"","",4902VL,Oosterhout
Ruys de Beerenbrouckplein,57,"","",4902VL,Oosterhout
Ruys de Beerenbrouckplein,58,"","",4902VL,Oosterhout
Ruys de Beerenbrouckplein,59,"","",4902VL,Oosterhout
Ruys de Beerenbrouckplein,6,"","",4902VL,Oosterhout
Ruys de Beerenbrouckplein,60,"","",4902VL,Oosterhout
Ruys de Beerenbrouckplein,61,"","",4902VL,Oosterhout
Ruys de Beerenbrouckplein,62,"","",4902VL,Oosterhout
Ruys de Beerenbrouckplein,63,"","",4902VL,Oosterhout
Ruys de Beerenbrouckplein,64,"","",4902VL,Oosterhout
Ruys de Beerenbrouckplein,65,"","",4902VL,Oosterhout
Ruys de Beerenbrouckplein,66,"","",4902VL,Oosterhout
Ruys de Beerenbrouckplein,67,"","",4902VL,Oosterhout
Ruys de Beerenbrouckplein,68,"","",4902VL,Oosterhout
Ruys de Beerenbrouckplein,69,"","",4902VL,Oosterhout
Thorbeckestraat,7,"","",4902VL,Oosterhout
Thorbeckestraat,7,"","",4902VL,Oosterhout
Thorbeckestraat,7,"","",4902VL,Oosterhout
Ruys de Beerenbrouckplein,70,"","",4902VL,Oosterhout
Ruys de Beerenbrouckplein,71,"","",4902VL,Oosterhout
Ruys de Beerenbrouckplein,72,"","",4902VL,Oosterhout
Ruys de Beerenbrouckplein,73,"","",4902VL,Oosterhout
Ruys de Beerenbrouckplein,74,"","",4902VL,Oosterhout
Ruys de Beerenbrouckplein,75,"","",4902VL,Oosterhout
Ruys de Beerenbrouckplein,76,"","",4902VL,Oosterhout
Ruys de Beerenbrouckplein,77,"","",4902VL,Oosterhout
Ruys de Beerenbrouckplein,78,"","",4902VL,Oosterhout
Ruys de Beerenbrouckplein,79,"","",4902VL,Oosterhout
Ruys de Beerenbrouckplein,8,"","",4902VL,Oosterhout
Ruys de Beerenbrouckplein,80,"","",4902VL,Oosterhout
Ruys de Beerenbrouckplein,81,"","",4902VL,Oosterhout
Ruys de Beerenbrouckplein,82,"","",4902VL,Oosterhout
Ruys de Beerenbrouckplein,83,"","",4902VL,Oosterhout
Ruys de Beerenbrouckplein,84,"","",4902VL,Oosterhout
Ruys de Beerenbrouckplein,85,"","",4902VL,Oosterhout
Ruys de Beerenbrouckplein,86,"","",4902VL,Oosterhout
Ruys de Beerenbrouckplein,87,"","",4902VL,Oosterhout
Ruys de Beerenbrouckplein,88,"","",4902VL,Oosterhout
Ruys de Beerenbrouckplein,89,"","",4902VL,Oosterhout
Thorbeckestraat,9,"","",4902VL,Oosterhout
Thorbeckestraat,9,"","",4902VL,Oosterhout
Thorbeckestraat,9,"","",4902VL,Oosterhout
Ruys de Beerenbrouckplein,90,"","",4902VL,Oosterhout
Ruys de Beerenbrouckplein,91,"","",4902VL,Oosterhout
Ruys de Beerenbrouckplein,92,"","",4902VL,Oosterhout
Ruys de Beerenbrouckplein,93,"","",4902VL,Oosterhout
Ruys de Beerenbrouckplein,94,"","",4902VL,Oosterhout
Ruys de Beerenbrouckplein,95,"","",4902VL,Oosterhout
Ruys de Beerenbrouckplein,96,"","",4902VL,Oosterhout
Ruys de Beerenbrouckplein,97,"","",4902VL,Oosterhout
Ruys de Beerenbrouckplein,98,"","",4902VL,Oosterhout
Ruys de Beerenbrouckplein,99,"","",4902VL,Oosterhout
Thorbeckestraat,1,"","",4902VP,Oosterhout
Thorbeckestraat,10,"","",4902VP,Oosterhout
Thorbeckestraat,10,"","",4902VP,Oosterhout
Thorbeckestraat,100,"","",4902VP,Oosterhout
Thorbeckestraat,102,"","",4902VP,Oosterhout
Thorbeckestraat,104,"","",4902VP,Oosterhout
Thorbeckestraat,106,"","",4902VP,Oosterhout
Thorbeckestraat,108,"","",4902VP,Oosterhout
Thorbeckestraat,11,"","",4902VP,Oosterhout
Thorbeckestraat,110,"","",4902VP,Oosterhout
Thorbeckestraat,12,"","",4902VP,Oosterhout
Thorbeckestraat,12,"","",4902VP,Oosterhout
Thorbeckestraat,13,"","",4902VP,Oosterhout
Thorbeckestraat,14,"","",4902VP,Oosterhout
Thorbeckestraat,14,"","",4902VP,Oosterhout
Thorbeckestraat,15,"","",4902VP,Oosterhout
Thorbeckestraat,16,"","",4902VP,Oosterhout
Thorbeckestraat,16,"","",4902VP,Oosterhout
Thorbeckestraat,17,"","",4902VP,Oosterhout
Thorbeckestraat,18,"","",4902VP,Oosterhout
Thorbeckestraat,18,"","",4902VP,Oosterhout
Thorbeckestraat,19,"","",4902VP,Oosterhout
Thorbeckestraat,2,"","",4902VP,Oosterhout
Thorbeckestraat,20,"","",4902VP,Oosterhout
Thorbeckestraat,20,"","",4902VP,Oosterhout
Thorbeckestraat,21,"","",4902VP,Oosterhout
Thorbeckestraat,22,"","",4902VP,Oosterhout
Thorbeckestraat,22,"","",4902VP,Oosterhout
Thorbeckestraat,23,"","",4902VP,Oosterhout
Thorbeckestraat,24,"","",4902VP,Oosterhout
Thorbeckestraat,24,"","",4902VP,Oosterhout
Thorbeckestraat,25,"","",4902VP,Oosterhout
Thorbeckestraat,26,"","",4902VP,Oosterhout
Thorbeckestraat,26,"","",4902VP,Oosterhout
Thorbeckestraat,27,"","",4902VP,Oosterhout
Thorbeckestraat,28,"","",4902VP,Oosterhout
Thorbeckestraat,28,"","",4902VP,Oosterhout
Thorbeckestraat,29,"","",4902VP,Oosterhout
Thorbeckestraat,3,"","",4902VP,Oosterhout
Thorbeckestraat,30,"","",4902VP,Oosterhout
Thorbeckestraat,32,"","",4902VP,Oosterhout
Thorbeckestraat,32,"","",4902VP,Oosterhout
Thorbeckestraat,33,"","",4902VP,Oosterhout
Thorbeckestraat,34,"","",4902VP,Oosterhout
Thorbeckestraat,34,"","",4902VP,Oosterhout
Thorbeckestraat,35,"","",4902VP,Oosterhout
Thorbeckestraat,36,"","",4902VP,Oosterhout
Thorbeckestraat,36,"","",4902VP,Oosterhout
Thorbeckestraat,37,"","",4902VP,Oosterhout
Thorbeckestraat,38,"","",4902VP,Oosterhout
Thorbeckestraat,38,"","",4902VP,Oosterhout
Thorbeckestraat,39,"","",4902VP,Oosterhout
Thorbeckestraat,4,"","",4902VP,Oosterhout
Thorbeckestraat,4,"","",4902VP,Oosterhout
Thorbeckestraat,40,"","",4902VP,Oosterhout
Thorbeckestraat,40,"","",4902VP,Oosterhout
Thorbeckestraat,41,"","",4902VP,Oosterhout
Thorbeckestraat,42,"","",4902VP,Oosterhout
Thorbeckestraat,42,"","",4902VP,Oosterhout
Thorbeckestraat,43,"","",4902VP,Oosterhout
Thorbeckestraat,44,"","",4902VP,Oosterhout
Thorbeckestraat,44,"","",4902VP,Oosterhout
Thorbeckestraat,45,"","",4902VP,Oosterhout
Thorbeckestraat,46,"","",4902VP,Oosterhout
Thorbeckestraat,46,"","",4902VP,Oosterhout
Thorbeckestraat,47,"","",4902VP,Oosterhout
Thorbeckestraat,48,"","",4902VP,Oosterhout
Thorbeckestraat,48,"","",4902VP,Oosterhout
Thorbeckestraat,49,"","",4902VP,Oosterhout
Thorbeckestraat,5,"","",4902VP,Oosterhout
Thorbeckestraat,50,"","",4902VP,Oosterhout
Thorbeckestraat,50,"","",4902VP,Oosterhout
Thorbeckestraat,51,"","",4902VP,Oosterhout
Thorbeckestraat,52,"","",4902VP,Oosterhout
Thorbeckestraat,52,"","",4902VP,Oosterhout
Thorbeckestraat,53,"","",4902VP,Oosterhout
Thorbeckestraat,54,"","",4902VP,Oosterhout
Thorbeckestraat,54,"","",4902VP,Oosterhout
Thorbeckestraat,55,"","",4902VP,Oosterhout
Thorbeckestraat,56,"","",4902VP,Oosterhout
Thorbeckestraat,56,"","",4902VP,Oosterhout
Thorbeckestraat,57,"","",4902VP,Oosterhout
Thorbeckestraat,58,"","",4902VP,Oosterhout
Thorbeckestraat,6,"","",4902VP,Oosterhout
Thorbeckestraat,6,"","",4902VP,Oosterhout
Thorbeckestraat,60,"","",4902VP,Oosterhout
Thorbeckestraat,62,"","",4902VP,Oosterhout
Thorbeckestraat,64,"","",4902VP,Oosterhout
Thorbeckestraat,66,"","",4902VP,Oosterhout
Thorbeckestraat,68,"","",4902VP,Oosterhout
Thorbeckestraat,7,"","",4902VP,Oosterhout
Thorbeckestraat,70,"","",4902VP,Oosterhout
Thorbeckestraat,72,"","",4902VP,Oosterhout
Thorbeckestraat,74,"","",4902VP,Oosterhout
Thorbeckestraat,76,"","",4902VP,Oosterhout
Thorbeckestraat,78,"","",4902VP,Oosterhout
Thorbeckestraat,8,"","",4902VP,Oosterhout
Thorbeckestraat,8,"","",4902VP,Oosterhout
Thorbeckestraat,80,"","",4902VP,Oosterhout
Thorbeckestraat,82,"","",4902VP,Oosterhout
Thorbeckestraat,84,"","",4902VP,Oosterhout
Thorbeckestraat,86,"","",4902VP,Oosterhout
Thorbeckestraat,88,"","",4902VP,Oosterhout
Thorbeckestraat,9,"","",4902VP,Oosterhout
Thorbeckestraat,90,"","",4902VP,Oosterhout
Thorbeckestraat,92,"","",4902VP,Oosterhout
Thorbeckestraat,94,"","",4902VP,Oosterhout
Thorbeckestraat,96,"","",4902VP,Oosterhout
Thorbeckestraat,98,"","",4902VP,Oosterhout
Wilhelminakanaal Noord,180,"","",4902VX,Oosterhout
Wilhelminakanaal Noord,182,"","",4902VX,Oosterhout
Wilhelminakanaal Noord,184,"","",4902VX,Oosterhout
Wilhelminakanaal Noord,186,"","",4902VX,Oosterhout
Wilhelminakanaal Noord,188,"","",4902VX,Oosterhout
Wilhelminakanaal Noord,192,"","",4902VX,Oosterhout
Wilhelminakanaal Noord,194,"","",4902VX,Oosterhout
Wilhelminakanaal Noord,196,"","",4902VX,Oosterhout
Wilhelminakanaal Noord,198,"","",4902VX,Oosterhout
Wilhelminakanaal Noord,200,"","",4902VX,Oosterhout
Wilhelminakanaal Noord,202,"","",4902VX,Oosterhout
Wilhelminakanaal Noord,204,"","",4902VX,Oosterhout
Wilhelminakanaal Noord,206,"","",4902VX,Oosterhout
Wilhelminakanaal Noord,208,"","",4902VX,Oosterhout
Wilhelminakanaal Noord,210,"","",4902VX,Oosterhout
Wilhelminakanaal Noord,212,"","",4902VX,Oosterhout
Wilhelminakanaal Noord,214,"","",4902VX,Oosterhout
Wilhelminakanaal Noord,216,"","",4902VX,Oosterhout
Wilhelminakanaal Noord,218,"","",4902VX,Oosterhout
Wilhelminakanaal Noord,220,"","",4902VX,Oosterhout
Wilhelminakanaal Noord,222,"","",4902VZ,Oosterhout
Wilhelminakanaal Noord,224,"","",4902VZ,Oosterhout
Wilhelminakanaal Noord,226,"","",4902VZ,Oosterhout
Wilhelminakanaal Noord,228,"","",4902VZ,Oosterhout
Wilhelminakanaal Noord,230,"","",4902VZ,Oosterhout
Wilhelminakanaal Noord,232,"","",4902VZ,Oosterhout
Wilhelminakanaal Noord,234,"","",4902VZ,Oosterhout
Wilhelminakanaal Noord,236,"","",4902VZ,Oosterhout
Wilhelminakanaal Noord,238,"","",4902VZ,Oosterhout
Wilhelminakanaal Noord,240,"","",4902VZ,Oosterhout
Wilhelminakanaal Noord,242,"","",4902VZ,Oosterhout
Wilhelminakanaal Noord,244,"","",4902VZ,Oosterhout
Wilhelminakanaal Noord,246,"","",4902VZ,Oosterhout
Wilhelminakanaal Noord,248,"","",4902VZ,Oosterhout
Van Boischotlaan,1,"","",4902WB,Oosterhout
Van Boischotlaan,11,"","",4902WB,Oosterhout
Van Boischotlaan,13,"","",4902WB,Oosterhout
Van Boischotlaan,15,"","",4902WB,Oosterhout
Van Boischotlaan,17,"","",4902WB,Oosterhout
Van Boischotlaan,19,"","",4902WB,Oosterhout
Van Boischotlaan,21,"","",4902WB,Oosterhout
Van Boischotlaan,23,"","",4902WB,Oosterhout
Van Boischotlaan,25,"","",4902WB,Oosterhout
Van Boischotlaan,27,"","",4902WB,Oosterhout
Van Boischotlaan,29,"","",4902WB,Oosterhout
Van Boischotlaan,3,"","",4902WB,Oosterhout
Van Boischotlaan,31,"","",4902WB,Oosterhout
Van Boischotlaan,33,"","",4902WB,Oosterhout
Van Boischotlaan,35,"","",4902WB,Oosterhout
Van Boischotlaan,35,"",G801,4902WB,Oosterhout
Van Boischotlaan,35,"",G803,4902WB,Oosterhout
Van Boischotlaan,35,"",G805,4902WB,Oosterhout
Van Boischotlaan,35,"",G807,4902WB,Oosterhout
Van Boischotlaan,35,"",G809,4902WB,Oosterhout
Van Boischotlaan,35,"",G811,4902WB,Oosterhout
Van Boischotlaan,35,"",G813,4902WB,Oosterhout
Van Boischotlaan,35,"",G815,4902WB,Oosterhout
Van Boischotlaan,35,"",G817,4902WB,Oosterhout
Van Boischotlaan,5,"","",4902WB,Oosterhout
Van Boischotlaan,7,"","",4902WB,Oosterhout
Van Boischotlaan,9,"","",4902WB,Oosterhout
Van Boischotlaan,37,"","",4902WC,Oosterhout
Van Boischotlaan,39,"","",4902WC,Oosterhout
Van Boischotlaan,41,"","",4902WC,Oosterhout
Van Boischotlaan,43,"","",4902WC,Oosterhout
Van Boischotlaan,45,"","",4902WC,Oosterhout
Van Boischotlaan,47,"","",4902WC,Oosterhout
Van Boischotlaan,49,"","",4902WC,Oosterhout
Van Boischotlaan,51,"","",4902WC,Oosterhout
Van Boischotlaan,53,"","",4902WC,Oosterhout
Van Boischotlaan,55,"","",4902WC,Oosterhout
Van Boischotlaan,57,"","",4902WC,Oosterhout
Van Boischotlaan,59,"","",4902WC,Oosterhout
Van Boischotlaan,61,"","",4902WC,Oosterhout
Van Boischotlaan,63,"","",4902WC,Oosterhout
Van Boischotlaan,65,"","",4902WC,Oosterhout
Van Boischotlaan,67,"","",4902WC,Oosterhout
Van Boischotlaan,69,"","",4902WC,Oosterhout
Van Boischotlaan,71,"","",4902WC,Oosterhout
Van Boischotlaan,101,"","",4902WD,Oosterhout
Van Boischotlaan,103,"","",4902WD,Oosterhout
Van Boischotlaan,105,"","",4902WD,Oosterhout
Van Boischotlaan,107,"","",4902WD,Oosterhout
Van Boischotlaan,109,"","",4902WD,Oosterhout
Van Boischotlaan,111,"","",4902WD,Oosterhout
Van Boischotlaan,113,"","",4902WD,Oosterhout
Van Boischotlaan,115,"","",4902WD,Oosterhout
Van Boischotlaan,117,"","",4902WD,Oosterhout
Van Boischotlaan,119,"","",4902WD,Oosterhout
Van Boischotlaan,119,"",G837,4902WD,Oosterhout
Van Boischotlaan,119,"",G839,4902WD,Oosterhout
Van Boischotlaan,121,"",G01,4902WD,Oosterhout
Van Boischotlaan,121,"",G02,4902WD,Oosterhout
Van Boischotlaan,121,"",G03,4902WD,Oosterhout
Van Boischotlaan,121,"",G04,4902WD,Oosterhout
Van Boischotlaan,121,"",G05,4902WD,Oosterhout
Van Boischotlaan,121,"",G06,4902WD,Oosterhout
Van Boischotlaan,121,"",G07,4902WD,Oosterhout
Van Boischotlaan,121,"",G08,4902WD,Oosterhout
Van Boischotlaan,121,"",G09,4902WD,Oosterhout
Van Boischotlaan,121,"",G10,4902WD,Oosterhout
Van Boischotlaan,73,"","",4902WD,Oosterhout
Van Boischotlaan,75,"","",4902WD,Oosterhout
Van Boischotlaan,77,"","",4902WD,Oosterhout
Van Boischotlaan,79,"","",4902WD,Oosterhout
Van Boischotlaan,81,"","",4902WD,Oosterhout
Van Boischotlaan,83,"","",4902WD,Oosterhout
Van Boischotlaan,83,"",G819,4902WD,Oosterhout
Van Boischotlaan,83,"",G821,4902WD,Oosterhout
Van Boischotlaan,83,"",G823,4902WD,Oosterhout
Van Boischotlaan,83,"",G825,4902WD,Oosterhout
Van Boischotlaan,83,"",G827,4902WD,Oosterhout
Van Boischotlaan,83,"",G829,4902WD,Oosterhout
Van Boischotlaan,83,"",G831,4902WD,Oosterhout
Van Boischotlaan,83,"",G833,4902WD,Oosterhout
Van Boischotlaan,83,"",G835,4902WD,Oosterhout
Van Boischotlaan,85,"","",4902WD,Oosterhout
Van Boischotlaan,87,"","",4902WD,Oosterhout
Van Boischotlaan,89,"","",4902WD,Oosterhout
Van Boischotlaan,91,"","",4902WD,Oosterhout
Van Boischotlaan,93,"","",4902WD,Oosterhout
Van Boischotlaan,95,"","",4902WD,Oosterhout
Van Boischotlaan,97,"","",4902WD,Oosterhout
Van Boischotlaan,99,"","",4902WD,Oosterhout
Van Boischotlaan,10,"","",4902WE,Oosterhout
Van Boischotlaan,12,"","",4902WE,Oosterhout
Van Boischotlaan,14,"","",4902WE,Oosterhout
Van Boischotlaan,16,"","",4902WE,Oosterhout
Van Boischotlaan,18,"","",4902WE,Oosterhout
Van Boischotlaan,2,"","",4902WE,Oosterhout
Van Boischotlaan,20,"","",4902WE,Oosterhout
Van Boischotlaan,22,"","",4902WE,Oosterhout
Van Boischotlaan,24,"","",4902WE,Oosterhout
Van Boischotlaan,26,"","",4902WE,Oosterhout
Van Boischotlaan,28,"","",4902WE,Oosterhout
Van Boischotlaan,30,"","",4902WE,Oosterhout
Van Boischotlaan,32,"","",4902WE,Oosterhout
Van Boischotlaan,34,"","",4902WE,Oosterhout
Van Boischotlaan,36,"","",4902WE,Oosterhout
Van Boischotlaan,38,"","",4902WE,Oosterhout
Van Boischotlaan,4,"","",4902WE,Oosterhout
Van Boischotlaan,40,"","",4902WE,Oosterhout
Van Boischotlaan,6,"","",4902WE,Oosterhout
Van Boischotlaan,8,"","",4902WE,Oosterhout
Van Boischotlaan,42,"","",4902WG,Oosterhout
Van Boischotlaan,44,"","",4902WG,Oosterhout
Van Boischotlaan,46,"","",4902WG,Oosterhout
Van Boischotlaan,48,"","",4902WG,Oosterhout
Van Boischotlaan,50,"","",4902WG,Oosterhout
Van Boischotlaan,52,"","",4902WG,Oosterhout
Van Boischotlaan,54,"","",4902WG,Oosterhout
Van Boischotlaan,56,"","",4902WG,Oosterhout
Van Boischotlaan,58,"","",4902WG,Oosterhout
Van Boischotlaan,60,"","",4902WG,Oosterhout
Van Boischotlaan,62,"","",4902WG,Oosterhout
Van Boischotlaan,64,"","",4902WG,Oosterhout
Van Boischotlaan,66,"","",4902WG,Oosterhout
Van Boischotlaan,68,"","",4902WG,Oosterhout
Van Boischotlaan,70,"","",4902WG,Oosterhout
Van Boischotlaan,72,"","",4902WG,Oosterhout
Van Boischotlaan,74,"","",4902WG,Oosterhout
Van Boischotlaan,100,"","",4902WH,Oosterhout
Van Boischotlaan,102,"","",4902WH,Oosterhout
Van Boischotlaan,104,"","",4902WH,Oosterhout
Van Boischotlaan,106,"","",4902WH,Oosterhout
Van Boischotlaan,108,"","",4902WH,Oosterhout
Van Boischotlaan,110,"","",4902WH,Oosterhout
Van Boischotlaan,112,"","",4902WH,Oosterhout
Van Boischotlaan,76,"","",4902WH,Oosterhout
Van Boischotlaan,78,"","",4902WH,Oosterhout
Van Boischotlaan,80,"","",4902WH,Oosterhout
Van Boischotlaan,82,"","",4902WH,Oosterhout
Van Boischotlaan,84,"","",4902WH,Oosterhout
Van Boischotlaan,86,"","",4902WH,Oosterhout
Van Boischotlaan,88,"","",4902WH,Oosterhout
Van Boischotlaan,90,"","",4902WH,Oosterhout
Van Boischotlaan,92,"","",4902WH,Oosterhout
Van Boischotlaan,94,"","",4902WH,Oosterhout
Van Boischotlaan,96,"","",4902WH,Oosterhout
Van Boischotlaan,98,"","",4902WH,Oosterhout
Goselingstraat,1,"","",4902WJ,Oosterhout
Goselingstraat,11,"","",4902WJ,Oosterhout
Goselingstraat,13,"","",4902WJ,Oosterhout
Goselingstraat,15,"","",4902WJ,Oosterhout
Goselingstraat,17,"","",4902WJ,Oosterhout
Goselingstraat,19,"","",4902WJ,Oosterhout
Goselingstraat,21,"","",4902WJ,Oosterhout
Goselingstraat,23,"","",4902WJ,Oosterhout
Goselingstraat,25,"","",4902WJ,Oosterhout
Goselingstraat,27,"","",4902WJ,Oosterhout
Goselingstraat,29,"","",4902WJ,Oosterhout
Goselingstraat,3,"","",4902WJ,Oosterhout
Goselingstraat,31,"","",4902WJ,Oosterhout
Goselingstraat,33,"","",4902WJ,Oosterhout
Goselingstraat,35,"","",4902WJ,Oosterhout
Goselingstraat,5,"","",4902WJ,Oosterhout
Goselingstraat,7,"","",4902WJ,Oosterhout
Goselingstraat,9,"","",4902WJ,Oosterhout
Goselingstraat,10,"","",4902WK,Oosterhout
Goselingstraat,12,"","",4902WK,Oosterhout
Goselingstraat,14,"","",4902WK,Oosterhout
Goselingstraat,16,"","",4902WK,Oosterhout
Goselingstraat,18,"","",4902WK,Oosterhout
Goselingstraat,2,"","",4902WK,Oosterhout
Goselingstraat,20,"","",4902WK,Oosterhout
Goselingstraat,22,"","",4902WK,Oosterhout
Goselingstraat,24,"","",4902WK,Oosterhout
Goselingstraat,26,"","",4902WK,Oosterhout
Goselingstraat,28,"","",4902WK,Oosterhout
Goselingstraat,30,"","",4902WK,Oosterhout
Goselingstraat,32,"","",4902WK,Oosterhout
Goselingstraat,34,"","",4902WK,Oosterhout
Goselingstraat,36,"","",4902WK,Oosterhout
Goselingstraat,38,"","",4902WK,Oosterhout
Goselingstraat,4,"","",4902WK,Oosterhout
Goselingstraat,40,"","",4902WK,Oosterhout
Goselingstraat,42,"","",4902WK,Oosterhout
Goselingstraat,44,"","",4902WK,Oosterhout
Goselingstraat,46,"","",4902WK,Oosterhout
Goselingstraat,46,"",G11,4902WK,Oosterhout
Goselingstraat,46,"",G12,4902WK,Oosterhout
Goselingstraat,46,"",G13,4902WK,Oosterhout
Goselingstraat,46,"",G14,4902WK,Oosterhout
Goselingstraat,46,"",G15,4902WK,Oosterhout
Goselingstraat,46,"",G16,4902WK,Oosterhout
Goselingstraat,46,"",G17,4902WK,Oosterhout
Goselingstraat,46,"",G18,4902WK,Oosterhout
Goselingstraat,46,"",G19,4902WK,Oosterhout
Goselingstraat,46,"",G20,4902WK,Oosterhout
Goselingstraat,6,"","",4902WK,Oosterhout
Goselingstraat,8,"","",4902WK,Oosterhout
Loevensteinlaan,15,"","",4902WL,Oosterhout
Loevensteinlaan,17,"","",4902WL,Oosterhout
Loevensteinlaan,19,"","",4902WL,Oosterhout
Loevensteinlaan,19,A,"",4902WL,Oosterhout
Loevensteinlaan,21,"","",4902WL,Oosterhout
Loevensteinlaan,21,A,"",4902WL,Oosterhout
Loevensteinlaan,23,"","",4902WL,Oosterhout
Loevensteinlaan,23,A,"",4902WL,Oosterhout
Loevensteinlaan,25,"","",4902WL,Oosterhout
Loevensteinlaan,27,"","",4902WL,Oosterhout
Loevensteinlaan,27,A,"",4902WL,Oosterhout
Loevensteinlaan,29,"","",4902WL,Oosterhout
Loevensteinlaan,29,A,"",4902WL,Oosterhout
Loevensteinlaan,31,"","",4902WL,Oosterhout
Loevensteinlaan,31,A,"",4902WL,Oosterhout
Loevensteinlaan,33,"","",4902WL,Oosterhout
Loevensteinlaan,35,"","",4902WL,Oosterhout
Loevensteinlaan,35,A,"",4902WL,Oosterhout
Loevensteinlaan,37,"","",4902WL,Oosterhout
Loevensteinlaan,37,A,"",4902WL,Oosterhout
Loevensteinlaan,39,"","",4902WL,Oosterhout
Loevensteinlaan,39,A,"",4902WL,Oosterhout
Baron van Hallstraat,1,"","",4902WM,Oosterhout
Baron van Hallstraat,10,"","",4902WM,Oosterhout
Baron van Hallstraat,12,"","",4902WM,Oosterhout
Baron van Hallstraat,14,"","",4902WM,Oosterhout
Baron van Hallstraat,16,"","",4902WM,Oosterhout
Baron van Hallstraat,18,"","",4902WM,Oosterhout
Baron van Hallstraat,20,"","",4902WM,Oosterhout
Baron van Hallstraat,22,"","",4902WM,Oosterhout
Baron van Hallstraat,3,"","",4902WM,Oosterhout
Baron van Hallstraat,4,"","",4902WM,Oosterhout
Baron van Hallstraat,5,"","",4902WM,Oosterhout
Baron van Hallstraat,6,"","",4902WM,Oosterhout
Baron van Hallstraat,7,"","",4902WM,Oosterhout
Baron van Hallstraat,8,"","",4902WM,Oosterhout
Loevensteinlaan,101,"","",4902WN,Oosterhout
Loevensteinlaan,103,"","",4902WN,Oosterhout
Loevensteinlaan,105,"","",4902WN,Oosterhout
Loevensteinlaan,107,"","",4902WN,Oosterhout
Loevensteinlaan,109,"","",4902WN,Oosterhout
Loevensteinlaan,111,"","",4902WN,Oosterhout
Loevensteinlaan,113,"","",4902WN,Oosterhout
Loevensteinlaan,115,"","",4902WN,Oosterhout
Loevensteinlaan,117,"","",4902WN,Oosterhout
Loevensteinlaan,119,"","",4902WN,Oosterhout
Loevensteinlaan,121,"","",4902WN,Oosterhout
Loevensteinlaan,123,"","",4902WN,Oosterhout
Loevensteinlaan,125,"","",4902WN,Oosterhout
Loevensteinlaan,127,"","",4902WN,Oosterhout
Loevensteinlaan,41,"","",4902WN,Oosterhout
Loevensteinlaan,43,"","",4902WN,Oosterhout
Loevensteinlaan,43,A,"",4902WN,Oosterhout
Loevensteinlaan,45,"","",4902WN,Oosterhout
Loevensteinlaan,45,A,"",4902WN,Oosterhout
Loevensteinlaan,47,"","",4902WN,Oosterhout
Loevensteinlaan,47,A,"",4902WN,Oosterhout
Loevensteinlaan,49,"","",4902WN,Oosterhout
Loevensteinlaan,51,"","",4902WN,Oosterhout
Loevensteinlaan,51,A,"",4902WN,Oosterhout
Loevensteinlaan,53,"","",4902WN,Oosterhout
Loevensteinlaan,53,A,"",4902WN,Oosterhout
Loevensteinlaan,55,"","",4902WN,Oosterhout
Loevensteinlaan,55,A,"",4902WN,Oosterhout
Loevensteinlaan,55,B,"",4902WN,Oosterhout
Loevensteinlaan,55,B,"",4902WN,Oosterhout
Loevensteinlaan,55,C,"",4902WN,Oosterhout
Loevensteinlaan,55,C,"",4902WN,Oosterhout
Loevensteinlaan,55,D,"",4902WN,Oosterhout
Loevensteinlaan,55,D,"",4902WN,Oosterhout
Loevensteinlaan,55,E,"",4902WN,Oosterhout
Loevensteinlaan,59,"","",4902WN,Oosterhout
Loevensteinlaan,61,"","",4902WN,Oosterhout
Loevensteinlaan,63,"","",4902WN,Oosterhout
Loevensteinlaan,65,"","",4902WN,Oosterhout
Loevensteinlaan,67,"","",4902WN,Oosterhout
Loevensteinlaan,69,"","",4902WN,Oosterhout
Loevensteinlaan,71,"","",4902WN,Oosterhout
Loevensteinlaan,73,"","",4902WN,Oosterhout
Loevensteinlaan,75,"","",4902WN,Oosterhout
Loevensteinlaan,77,"","",4902WN,Oosterhout
Loevensteinlaan,79,"","",4902WN,Oosterhout
Loevensteinlaan,81,"","",4902WN,Oosterhout
Loevensteinlaan,83,"","",4902WN,Oosterhout
Loevensteinlaan,85,"","",4902WN,Oosterhout
Loevensteinlaan,87,"","",4902WN,Oosterhout
Loevensteinlaan,89,"","",4902WN,Oosterhout
Loevensteinlaan,91,"","",4902WN,Oosterhout
Loevensteinlaan,93,"","",4902WN,Oosterhout
Loevensteinlaan,95,"","",4902WN,Oosterhout
Loevensteinlaan,97,"","",4902WN,Oosterhout
Loevensteinlaan,99,"","",4902WN,Oosterhout
Loevensteinlaan,161,"","",4902WT,Oosterhout
Loevensteinlaan,163,"","",4902WT,Oosterhout
Loevensteinlaan,169,"","",4902WT,Oosterhout
Loevensteinlaan,171,"","",4902WT,Oosterhout
Loevensteinlaan,173,"","",4902WT,Oosterhout
Loevensteinlaan,175,"","",4902WT,Oosterhout
Loevensteinlaan,175,"","",4902WT,Oosterhout
Loevensteinlaan,177,"","",4902WT,Oosterhout
Loevensteinlaan,179,"","",4902WT,Oosterhout
Loevensteinlaan,181,"","",4902WT,Oosterhout
Loevensteinlaan,183,"","",4902WT,Oosterhout
Loevensteinlaan,185,"","",4902WT,Oosterhout
Loevensteinlaan,187,"","",4902WT,Oosterhout
Loevensteinlaan,189,"","",4902WT,Oosterhout
Loevensteinlaan,191,"","",4902WT,Oosterhout
Loevensteinlaan,193,"","",4902WT,Oosterhout
Loevensteinlaan,195,"","",4902WT,Oosterhout
Loevensteinlaan,197,"","",4902WT,Oosterhout
Loevensteinlaan,199,"","",4902WT,Oosterhout
Loevensteinlaan,201,"","",4902WT,Oosterhout
Loevensteinlaan,10,"","",4902WV,Oosterhout
Loevensteinlaan,12,"","",4902WV,Oosterhout
Loevensteinlaan,14,"","",4902WV,Oosterhout
Loevensteinlaan,16,"","",4902WV,Oosterhout
Loevensteinlaan,18,"","",4902WV,Oosterhout
Loevensteinlaan,2,"","",4902WV,Oosterhout
Loevensteinlaan,2,A,"",4902WV,Oosterhout
Loevensteinlaan,2,B,"",4902WV,Oosterhout
Loevensteinlaan,2,C,"",4902WV,Oosterhout
Loevensteinlaan,2,D,"",4902WV,Oosterhout
Loevensteinlaan,2,E,"",4902WV,Oosterhout
Loevensteinlaan,2,F,"",4902WV,Oosterhout
Loevensteinlaan,2,G,"",4902WV,Oosterhout
Loevensteinlaan,2,H,"",4902WV,Oosterhout
Loevensteinlaan,20,"","",4902WV,Oosterhout
Loevensteinlaan,20,"","",4902WV,Oosterhout
Loevensteinlaan,22,"","",4902WV,Oosterhout
Loevensteinlaan,22,"","",4902WV,Oosterhout
Loevensteinlaan,24,"","",4902WV,Oosterhout
Loevensteinlaan,24,"","",4902WV,Oosterhout
Loevensteinlaan,26,"","",4902WV,Oosterhout
Loevensteinlaan,26,"","",4902WV,Oosterhout
Loevensteinlaan,28,"","",4902WV,Oosterhout
Loevensteinlaan,28,"","",4902WV,Oosterhout
Loevensteinlaan,30,"","",4902WV,Oosterhout
Loevensteinlaan,30,"","",4902WV,Oosterhout
Loevensteinlaan,32,"","",4902WV,Oosterhout
Loevensteinlaan,32,"","",4902WV,Oosterhout
Loevensteinlaan,34,"","",4902WV,Oosterhout
Loevensteinlaan,34,"","",4902WV,Oosterhout
Loevensteinlaan,36,"","",4902WV,Oosterhout
Loevensteinlaan,36,"","",4902WV,Oosterhout
Loevensteinlaan,38,"","",4902WV,Oosterhout
Loevensteinlaan,38,"","",4902WV,Oosterhout
Loevensteinlaan,40,"","",4902WV,Oosterhout
Loevensteinlaan,42,"","",4902WV,Oosterhout
Loevensteinlaan,44,"","",4902WV,Oosterhout
Loevensteinlaan,46,"","",4902WV,Oosterhout
Loevensteinlaan,48,"","",4902WV,Oosterhout
Loevensteinlaan,50,"","",4902WV,Oosterhout
Loevensteinlaan,52,"","",4902WV,Oosterhout
Loevensteinlaan,54,"","",4902WV,Oosterhout
Loevensteinlaan,56,"","",4902WV,Oosterhout
Loevensteinlaan,58,"","",4902WV,Oosterhout
Loevensteinlaan,6,"","",4902WV,Oosterhout
Loevensteinlaan,60,"","",4902WV,Oosterhout
Loevensteinlaan,62,"","",4902WV,Oosterhout
Loevensteinlaan,64,"","",4902WV,Oosterhout
Loevensteinlaan,66,"","",4902WV,Oosterhout
Loevensteinlaan,68,"","",4902WV,Oosterhout
Loevensteinlaan,70,"","",4902WV,Oosterhout
Loevensteinlaan,72,"","",4902WV,Oosterhout
Loevensteinlaan,74,"","",4902WV,Oosterhout
Loevensteinlaan,76,"","",4902WV,Oosterhout
Loevensteinlaan,78,"","",4902WV,Oosterhout
Loevensteinlaan,8,"","",4902WV,Oosterhout
Loevensteinlaan,80,"","",4902WV,Oosterhout
Loevensteinlaan,82,"","",4902WV,Oosterhout
Loevensteinlaan,84,"","",4902WV,Oosterhout
Dr. Janssenslaan,15,"","",4902XA,Oosterhout
Dr. Janssenslaan,15,"",G801,4902XA,Oosterhout
Dr. Janssenslaan,15,"",G803,4902XA,Oosterhout
Dr. Janssenslaan,15,"",G805,4902XA,Oosterhout
Dr. Janssenslaan,15,"",G807,4902XA,Oosterhout
Dr. Janssenslaan,15,"",G809,4902XA,Oosterhout
Dr. Janssenslaan,15,"",G811,4902XA,Oosterhout
Dr. Janssenslaan,15,"",G815,4902XA,Oosterhout
Dr. Janssenslaan,15,"",G817,4902XA,Oosterhout
Dr. Janssenslaan,15,"",G819,4902XA,Oosterhout
Dr. Janssenslaan,15,"",G821,4902XA,Oosterhout
Dr. Janssenslaan,15,"",G823,4902XA,Oosterhout
Dr. Janssenslaan,15,"",G825,4902XA,Oosterhout
Dr. Janssenslaan,17,"","",4902XA,Oosterhout
Dr. Janssenslaan,19,"","",4902XA,Oosterhout
Dr. Janssenslaan,21,"","",4902XA,Oosterhout
Dr. Janssenslaan,23,"","",4902XA,Oosterhout
Dr. Janssenslaan,25,"","",4902XA,Oosterhout
Dr. Janssenslaan,27,"","",4902XA,Oosterhout
Dr. Janssenslaan,29,"","",4902XA,Oosterhout
Dr. Janssenslaan,31,"","",4902XA,Oosterhout
Dr. Janssenslaan,33,"","",4902XA,Oosterhout
Dr. Janssenslaan,35,"","",4902XA,Oosterhout
Dr. Janssenslaan,37,"","",4902XA,Oosterhout
Dr. Janssenslaan,39,"","",4902XA,Oosterhout
Dr. Janssenslaan,41,"","",4902XA,Oosterhout
Dr. Janssenslaan,43,"","",4902XA,Oosterhout
Dr. Janssenslaan,45,"","",4902XA,Oosterhout
Dr. Janssenslaan,47,"","",4902XA,Oosterhout
Dr. Janssenslaan,49,"","",4902XA,Oosterhout
Dr. Janssenslaan,5,"","",4902XA,Oosterhout
Dr. Janssenslaan,51,"","",4902XB,Oosterhout
Dr. Janssenslaan,51,"",G827,4902XB,Oosterhout
Dr. Janssenslaan,51,"",G829,4902XB,Oosterhout
Dr. Janssenslaan,51,"",G831,4902XB,Oosterhout
Dr. Janssenslaan,51,"",G833,4902XB,Oosterhout
Dr. Janssenslaan,51,"",G835,4902XB,Oosterhout
Dr. Janssenslaan,51,"",G837,4902XB,Oosterhout
Dr. Janssenslaan,51,"",G841,4902XB,Oosterhout
Dr. Janssenslaan,51,"",G843,4902XB,Oosterhout
Dr. Janssenslaan,51,"",G845,4902XB,Oosterhout
Dr. Janssenslaan,51,"",G847,4902XB,Oosterhout
Dr. Janssenslaan,51,"",G849,4902XB,Oosterhout
Dr. Janssenslaan,51,"",G851,4902XB,Oosterhout
Dr. Janssenslaan,53,"","",4902XB,Oosterhout
Dr. Janssenslaan,55,"","",4902XB,Oosterhout
Dr. Janssenslaan,57,"","",4902XB,Oosterhout
Dr. Janssenslaan,59,"","",4902XB,Oosterhout
Dr. Janssenslaan,61,"","",4902XB,Oosterhout
Dr. Janssenslaan,63,"","",4902XB,Oosterhout
Dr. Janssenslaan,65,"","",4902XB,Oosterhout
Dr. Janssenslaan,67,"","",4902XB,Oosterhout
Dr. Janssenslaan,69,"","",4902XB,Oosterhout
Dr. Janssenslaan,71,"","",4902XB,Oosterhout
Dr. Janssenslaan,73,"","",4902XB,Oosterhout
Dr. Janssenslaan,75,"","",4902XB,Oosterhout
Dr. Janssenslaan,77,"","",4902XB,Oosterhout
Dr. Janssenslaan,79,"","",4902XB,Oosterhout
Dr. Janssenslaan,81,"","",4902XB,Oosterhout
Dr. Janssenslaan,83,"","",4902XB,Oosterhout
Dr. Janssenslaan,85,"","",4902XB,Oosterhout
Dr. Janssenslaan,101,"","",4902XC,Oosterhout
Dr. Janssenslaan,103,"","",4902XC,Oosterhout
Dr. Janssenslaan,105,"","",4902XC,Oosterhout
Dr. Janssenslaan,107,"","",4902XC,Oosterhout
Dr. Janssenslaan,109,"","",4902XC,Oosterhout
Dr. Janssenslaan,111,"","",4902XC,Oosterhout
Dr. Janssenslaan,113,"","",4902XC,Oosterhout
Dr. Janssenslaan,115,"","",4902XC,Oosterhout
Dr. Janssenslaan,117,"","",4902XC,Oosterhout
Dr. Janssenslaan,119,"","",4902XC,Oosterhout
Dr. Janssenslaan,121,"","",4902XC,Oosterhout
Dr. Janssenslaan,87,"","",4902XC,Oosterhout
Dr. Janssenslaan,87,"",G853,4902XC,Oosterhout
Dr. Janssenslaan,87,"",G855,4902XC,Oosterhout
Dr. Janssenslaan,87,"",G857,4902XC,Oosterhout
Dr. Janssenslaan,87,"",G859,4902XC,Oosterhout
Dr. Janssenslaan,87,"",G861,4902XC,Oosterhout
Dr. Janssenslaan,87,"",G863,4902XC,Oosterhout
Dr. Janssenslaan,87,"",G867,4902XC,Oosterhout
Dr. Janssenslaan,87,"",G869,4902XC,Oosterhout
Dr. Janssenslaan,87,"",G871,4902XC,Oosterhout
Dr. Janssenslaan,87,"",G873,4902XC,Oosterhout
Dr. Janssenslaan,87,"",G875,4902XC,Oosterhout
Dr. Janssenslaan,87,"",G877,4902XC,Oosterhout
Dr. Janssenslaan,89,"","",4902XC,Oosterhout
Dr. Janssenslaan,91,"","",4902XC,Oosterhout
Dr. Janssenslaan,93,"","",4902XC,Oosterhout
Dr. Janssenslaan,95,"","",4902XC,Oosterhout
Dr. Janssenslaan,97,"","",4902XC,Oosterhout
Dr. Janssenslaan,99,"","",4902XC,Oosterhout
Tempelierstraat,1,"","",4902XE,Oosterhout
Tempelierstraat,1,A,"",4902XE,Oosterhout
Tempelierstraat,11,"","",4902XE,Oosterhout
Tempelierstraat,13,"","",4902XE,Oosterhout
Tempelierstraat,15,"","",4902XE,Oosterhout
Tempelierstraat,17,"","",4902XE,Oosterhout
Tempelierstraat,19,"","",4902XE,Oosterhout
Tempelierstraat,21,"","",4902XE,Oosterhout
Tempelierstraat,23,"","",4902XE,Oosterhout
Tempelierstraat,25,"","",4902XE,Oosterhout
Tempelierstraat,27,"","",4902XE,Oosterhout
Tempelierstraat,29,"","",4902XE,Oosterhout
Tempelierstraat,3,"","",4902XE,Oosterhout
Tempelierstraat,31,"","",4902XE,Oosterhout
Tempelierstraat,33,"","",4902XE,Oosterhout
Tempelierstraat,35,"","",4902XE,Oosterhout
Tempelierstraat,37,"","",4902XE,Oosterhout
Tempelierstraat,39,"","",4902XE,Oosterhout
Tempelierstraat,41,"","",4902XE,Oosterhout
Tempelierstraat,43,"","",4902XE,Oosterhout
Tempelierstraat,45,"","",4902XE,Oosterhout
Tempelierstraat,5,"","",4902XE,Oosterhout
Tempelierstraat,7,"","",4902XE,Oosterhout
Tempelierstraat,9,"","",4902XE,Oosterhout
Tempelierstraat,47,"","",4902XG,Oosterhout
Tempelierstraat,47,"","",4902XG,Oosterhout
Tempelierstraat,49,"","",4902XG,Oosterhout
Tempelierstraat,49,"","",4902XG,Oosterhout
Tempelierstraat,51,"","",4902XG,Oosterhout
Tempelierstraat,51,"","",4902XG,Oosterhout
Tempelierstraat,53,"","",4902XG,Oosterhout
Tempelierstraat,53,"","",4902XG,Oosterhout
Tempelierstraat,55,"","",4902XG,Oosterhout
Tempelierstraat,55,"","",4902XG,Oosterhout
Tempelierstraat,57,"","",4902XG,Oosterhout
Tempelierstraat,57,"","",4902XG,Oosterhout
Tempelierstraat,59,"","",4902XG,Oosterhout
Tempelierstraat,59,"","",4902XG,Oosterhout
Tempelierstraat,61,"","",4902XG,Oosterhout
Tempelierstraat,61,"","",4902XG,Oosterhout
Tempelierstraat,63,"","",4902XG,Oosterhout
Tempelierstraat,63,"","",4902XG,Oosterhout
Tempelierstraat,65,"","",4902XG,Oosterhout
Tempelierstraat,65,"","",4902XG,Oosterhout
Tempelierstraat,65,"","",4902XG,Oosterhout
Tempelierstraat,67,"","",4902XG,Oosterhout
Tempelierstraat,67,"","",4902XG,Oosterhout
Tempelierstraat,69,"","",4902XG,Oosterhout
Tempelierstraat,69,"","",4902XG,Oosterhout
Tempelierstraat,71,"","",4902XG,Oosterhout
Tempelierstraat,71,"","",4902XG,Oosterhout
Tempelierstraat,73,"","",4902XG,Oosterhout
Tempelierstraat,73,"","",4902XG,Oosterhout
Tempelierstraat,75,"","",4902XG,Oosterhout
Tempelierstraat,75,"","",4902XG,Oosterhout
Tempelierstraat,77,"","",4902XG,Oosterhout
Tempelierstraat,77,"","",4902XG,Oosterhout
Tempelierstraat,79,"","",4902XG,Oosterhout
Tempelierstraat,81,"","",4902XG,Oosterhout
Tempelierstraat,83,"","",4902XG,Oosterhout
Tempelierstraat,85,"","",4902XG,Oosterhout
Tempelierstraat,87,"","",4902XG,Oosterhout
Tempelierstraat,89,"","",4902XG,Oosterhout
Tempelierstraat,91,"","",4902XG,Oosterhout
Tempelierstraat,93,"","",4902XG,Oosterhout
Tempelierstraat,93,"",G801,4902XG,Oosterhout
Tempelierstraat,93,"",G803,4902XG,Oosterhout
Tempelierstraat,93,"",G805,4902XG,Oosterhout
Tempelierstraat,93,"",G807,4902XG,Oosterhout
Tempelierstraat,93,"",G809,4902XG,Oosterhout
Tempelierstraat,93,"",G811,4902XG,Oosterhout
Tempelierstraat,93,"",G813,4902XG,Oosterhout
Tempelierstraat,93,"",G815,4902XG,Oosterhout
Tempelierstraat,93,"",G817,4902XG,Oosterhout
Tempelierstraat,10,"","",4902XJ,Oosterhout
Tempelierstraat,12,"","",4902XJ,Oosterhout
Tempelierstraat,14,"","",4902XJ,Oosterhout
Tempelierstraat,16,"","",4902XJ,Oosterhout
Tempelierstraat,18,"","",4902XJ,Oosterhout
Tempelierstraat,2,"","",4902XJ,Oosterhout
Tempelierstraat,20,"","",4902XJ,Oosterhout
Tempelierstraat,22,"","",4902XJ,Oosterhout
Tempelierstraat,24,"","",4902XJ,Oosterhout
Tempelierstraat,26,"","",4902XJ,Oosterhout
Tempelierstraat,28,"","",4902XJ,Oosterhout
Tempelierstraat,30,"","",4902XJ,Oosterhout
Tempelierstraat,32,"","",4902XJ,Oosterhout
Tempelierstraat,34,"","",4902XJ,Oosterhout
Tempelierstraat,36,"","",4902XJ,Oosterhout
Tempelierstraat,38,"","",4902XJ,Oosterhout
Tempelierstraat,4,"","",4902XJ,Oosterhout
Tempelierstraat,40,"","",4902XJ,Oosterhout
Tempelierstraat,42,"","",4902XJ,Oosterhout
Tempelierstraat,44,"","",4902XJ,Oosterhout
Tempelierstraat,46,"","",4902XJ,Oosterhout
Tempelierstraat,48,"","",4902XJ,Oosterhout
Tempelierstraat,50,"","",4902XJ,Oosterhout
Tempelierstraat,52,"","",4902XJ,Oosterhout
Tempelierstraat,54,"","",4902XJ,Oosterhout
Tempelierstraat,6,"","",4902XJ,Oosterhout
Tempelierstraat,56,"","",4902XK,Oosterhout
Tempelierstraat,58,"","",4902XK,Oosterhout
Tempelierstraat,60,"","",4902XK,Oosterhout
Tempelierstraat,62,"","",4902XK,Oosterhout
Tempelierstraat,64,"","",4902XK,Oosterhout
Tempelierstraat,66,"","",4902XK,Oosterhout
Tempelierstraat,68,"","",4902XK,Oosterhout
Tempelierstraat,70,"","",4902XK,Oosterhout
Tempelierstraat,72,"","",4902XK,Oosterhout
Tempelierstraat,74,"","",4902XK,Oosterhout
Tempelierstraat,76,"","",4902XK,Oosterhout
Tempelierstraat,78,"","",4902XK,Oosterhout
Tempelierstraat,80,"","",4902XK,Oosterhout
Tempelierstraat,82,"","",4902XK,Oosterhout
Tempelierstraat,84,"","",4902XK,Oosterhout
Tempelierstraat,86,"","",4902XK,Oosterhout
Tempelierstraat,88,"","",4902XK,Oosterhout
Tempelierstraat,90,"","",4902XK,Oosterhout
Tempelierstraat,92,"","",4902XK,Oosterhout
Tempelierstraat,94,"","",4902XK,Oosterhout
Tempelierstraat,96,"","",4902XK,Oosterhout
Tempelierstraat,100,"","",4902XL,Oosterhout
Tempelierstraat,102,"","",4902XL,Oosterhout
Tempelierstraat,104,"","",4902XL,Oosterhout
Tempelierstraat,106,"","",4902XL,Oosterhout
Tempelierstraat,108,"","",4902XL,Oosterhout
Tempelierstraat,110,"","",4902XL,Oosterhout
Tempelierstraat,112,"","",4902XL,Oosterhout
Tempelierstraat,114,"","",4902XL,Oosterhout
Tempelierstraat,116,"","",4902XL,Oosterhout
Tempelierstraat,118,"","",4902XL,Oosterhout
Tempelierstraat,120,"","",4902XL,Oosterhout
Tempelierstraat,122,"","",4902XL,Oosterhout
Tempelierstraat,124,"","",4902XL,Oosterhout
Tempelierstraat,126,"","",4902XL,Oosterhout
Tempelierstraat,128,"","",4902XL,Oosterhout
Tempelierstraat,130,"","",4902XL,Oosterhout
Tempelierstraat,132,"","",4902XL,Oosterhout
Tempelierstraat,134,"","",4902XL,Oosterhout
Tempelierstraat,136,"","",4902XL,Oosterhout
Tempelierstraat,138,"","",4902XL,Oosterhout
Tempelierstraat,98,"","",4902XL,Oosterhout
Commandeurstraat,1,"","",4902XM,Oosterhout
Commandeurstraat,1,A,"",4902XM,Oosterhout
Commandeurstraat,11,"","",4902XM,Oosterhout
Commandeurstraat,13,"","",4902XM,Oosterhout
Commandeurstraat,15,"","",4902XM,Oosterhout
Commandeurstraat,17,"","",4902XM,Oosterhout
Commandeurstraat,19,"","",4902XM,Oosterhout
Commandeurstraat,21,"","",4902XM,Oosterhout
Commandeurstraat,23,"","",4902XM,Oosterhout
Commandeurstraat,25,"","",4902XM,Oosterhout
Commandeurstraat,27,"","",4902XM,Oosterhout
Commandeurstraat,3,"","",4902XM,Oosterhout
Commandeurstraat,5,"","",4902XM,Oosterhout
Commandeurstraat,7,"","",4902XM,Oosterhout
Commandeurstraat,9,"","",4902XM,Oosterhout
Sint Maartenstraat,1,"","",4902XN,Oosterhout
Sint Maartenstraat,10,"","",4902XN,Oosterhout
Sint Maartenstraat,11,"","",4902XN,Oosterhout
Sint Maartenstraat,12,"","",4902XN,Oosterhout
Sint Maartenstraat,13,"","",4902XN,Oosterhout
Sint Maartenstraat,14,"","",4902XN,Oosterhout
Sint Maartenstraat,15,"","",4902XN,Oosterhout
Sint Maartenstraat,16,"","",4902XN,Oosterhout
Sint Maartenstraat,17,"","",4902XN,Oosterhout
Sint Maartenstraat,18,"","",4902XN,Oosterhout
Sint Maartenstraat,19,"","",4902XN,Oosterhout
Sint Maartenstraat,2,"","",4902XN,Oosterhout
Sint Maartenstraat,2,"",G01,4902XN,Oosterhout
Sint Maartenstraat,2,"",G02,4902XN,Oosterhout
Sint Maartenstraat,20,"","",4902XN,Oosterhout
Sint Maartenstraat,21,"","",4902XN,Oosterhout
Sint Maartenstraat,22,"","",4902XN,Oosterhout
Sint Maartenstraat,23,"","",4902XN,Oosterhout
Sint Maartenstraat,24,"","",4902XN,Oosterhout
Sint Maartenstraat,26,"","",4902XN,Oosterhout
Sint Maartenstraat,28,"","",4902XN,Oosterhout
Sint Maartenstraat,3,"","",4902XN,Oosterhout
Sint Maartenstraat,30,"","",4902XN,Oosterhout
Sint Maartenstraat,32,"","",4902XN,Oosterhout
Sint Maartenstraat,34,"","",4902XN,Oosterhout
Sint Maartenstraat,36,"","",4902XN,Oosterhout
Sint Maartenstraat,38,"","",4902XN,Oosterhout
Sint Maartenstraat,4,"","",4902XN,Oosterhout
Sint Maartenstraat,40,"","",4902XN,Oosterhout
Sint Maartenstraat,5,"","",4902XN,Oosterhout
Sint Maartenstraat,6,"","",4902XN,Oosterhout
Sint Maartenstraat,7,"","",4902XN,Oosterhout
Sint Maartenstraat,8,"","",4902XN,Oosterhout
Sint Maartenstraat,9,"","",4902XN,Oosterhout
Sint Amandusstraat,1,"","",4902XP,Oosterhout
Sint Amandusstraat,10,"","",4902XP,Oosterhout
Sint Amandusstraat,11,"","",4902XP,Oosterhout
Sint Amandusstraat,12,"","",4902XP,Oosterhout
Sint Amandusstraat,13,"","",4902XP,Oosterhout
Sint Amandusstraat,14,"","",4902XP,Oosterhout
Sint Amandusstraat,15,"","",4902XP,Oosterhout
Sint Amandusstraat,16,"","",4902XP,Oosterhout
Sint Amandusstraat,17,"","",4902XP,Oosterhout
Sint Amandusstraat,18,"","",4902XP,Oosterhout
Sint Amandusstraat,19,"","",4902XP,Oosterhout
Sint Amandusstraat,2,"","",4902XP,Oosterhout
Sint Amandusstraat,20,"","",4902XP,Oosterhout
Sint Amandusstraat,21,"","",4902XP,Oosterhout
Sint Amandusstraat,22,"","",4902XP,Oosterhout
Sint Amandusstraat,24,"","",4902XP,Oosterhout
Sint Amandusstraat,3,"","",4902XP,Oosterhout
Sint Amandusstraat,4,"","",4902XP,Oosterhout
Sint Amandusstraat,5,"","",4902XP,Oosterhout
Sint Amandusstraat,6,"","",4902XP,Oosterhout
Sint Amandusstraat,7,"","",4902XP,Oosterhout
Sint Amandusstraat,8,"","",4902XP,Oosterhout
Sint Amandusstraat,9,"","",4902XP,Oosterhout
Sint Lambertusstraat,1,"","",4902XR,Oosterhout
Sint Lambertusstraat,10,"","",4902XR,Oosterhout
Sint Lambertusstraat,11,"","",4902XR,Oosterhout
Sint Lambertusstraat,12,"","",4902XR,Oosterhout
Sint Lambertusstraat,13,"","",4902XR,Oosterhout
Sint Lambertusstraat,14,"","",4902XR,Oosterhout
Sint Lambertusstraat,15,"","",4902XR,Oosterhout
Sint Lambertusstraat,16,"","",4902XR,Oosterhout
Sint Lambertusstraat,17,"","",4902XR,Oosterhout
Sint Lambertusstraat,18,"","",4902XR,Oosterhout
Sint Lambertusstraat,19,"","",4902XR,Oosterhout
Sint Lambertusstraat,2,"","",4902XR,Oosterhout
Sint Lambertusstraat,20,"","",4902XR,Oosterhout
Sint Lambertusstraat,21,"","",4902XR,Oosterhout
Sint Lambertusstraat,22,"","",4902XR,Oosterhout
Sint Lambertusstraat,23,"","",4902XR,Oosterhout
Sint Lambertusstraat,3,"","",4902XR,Oosterhout
Sint Lambertusstraat,4,"","",4902XR,Oosterhout
Sint Lambertusstraat,5,"","",4902XR,Oosterhout
Sint Lambertusstraat,6,"","",4902XR,Oosterhout
Sint Lambertusstraat,7,"","",4902XR,Oosterhout
Sint Lambertusstraat,8,"","",4902XR,Oosterhout
Sint Lambertusstraat,9,"","",4902XR,Oosterhout
Sint Willibrordstraat,1,"","",4902XS,Oosterhout
Sint Willibrordstraat,1,A,"",4902XS,Oosterhout
Sint Willibrordstraat,1,A,"",4902XS,Oosterhout
Sint Willibrordstraat,1,B,"",4902XS,Oosterhout
Sint Willibrordstraat,1,C,"",4902XS,Oosterhout
Sint Willibrordstraat,1,D,"",4902XS,Oosterhout
Sint Willibrordstraat,1,E,"",4902XS,Oosterhout
Sint Willibrordstraat,10,"","",4902XS,Oosterhout
Sint Willibrordstraat,11,"","",4902XS,Oosterhout
Sint Willibrordstraat,12,"","",4902XS,Oosterhout
Sint Willibrordstraat,13,"","",4902XS,Oosterhout
Sint Willibrordstraat,14,"","",4902XS,Oosterhout
Sint Willibrordstraat,15,"","",4902XS,Oosterhout
Sint Willibrordstraat,16,"","",4902XS,Oosterhout
Sint Willibrordstraat,17,"","",4902XS,Oosterhout
Sint Willibrordstraat,18,"","",4902XS,Oosterhout
Sint Willibrordstraat,19,"","",4902XS,Oosterhout
Sint Willibrordstraat,2,"","",4902XS,Oosterhout
Sint Willibrordstraat,20,"","",4902XS,Oosterhout
Sint Willibrordstraat,21,"","",4902XS,Oosterhout
Sint Willibrordstraat,22,"","",4902XS,Oosterhout
Sint Willibrordstraat,23,"","",4902XS,Oosterhout
Sint Willibrordstraat,25,"","",4902XS,Oosterhout
Sint Willibrordstraat,27,"","",4902XS,Oosterhout
Sint Willibrordstraat,3,"","",4902XS,Oosterhout
Sint Willibrordstraat,4,"","",4902XS,Oosterhout
Sint Willibrordstraat,5,"","",4902XS,Oosterhout
Sint Willibrordstraat,6,"","",4902XS,Oosterhout
Sint Willibrordstraat,7,"","",4902XS,Oosterhout
Sint Willibrordstraat,8,"","",4902XS,Oosterhout
Sint Willibrordstraat,9,"","",4902XS,Oosterhout
Van Oldeneellaan,1,"","",4902ZA,Oosterhout
Van Oldeneellaan,1,"","",4902ZA,Oosterhout
Van Oldeneellaan,101,"","",4902ZA,Oosterhout
Van Oldeneellaan,103,"","",4902ZA,Oosterhout
Van Oldeneellaan,105,"","",4902ZA,Oosterhout
Van Oldeneellaan,107,"","",4902ZA,Oosterhout
Van Oldeneellaan,109,"","",4902ZA,Oosterhout
Van Oldeneellaan,11,"","",4902ZA,Oosterhout
Van Oldeneellaan,111,"","",4902ZA,Oosterhout
Van Oldeneellaan,113,"","",4902ZA,Oosterhout
Van Oldeneellaan,13,"","",4902ZA,Oosterhout
Van Oldeneellaan,15,"","",4902ZA,Oosterhout
Van Oldeneellaan,3,"","",4902ZA,Oosterhout
Van Oldeneellaan,5,"","",4902ZA,Oosterhout
Van Oldeneellaan,51,"","",4902ZA,Oosterhout
Van Oldeneellaan,53,"","",4902ZA,Oosterhout
Van Oldeneellaan,55,"","",4902ZA,Oosterhout
Van Oldeneellaan,57,"","",4902ZA,Oosterhout
Van Oldeneellaan,59,"","",4902ZA,Oosterhout
Van Oldeneellaan,61,"","",4902ZA,Oosterhout
Van Oldeneellaan,63,"","",4902ZA,Oosterhout
Van Oldeneellaan,65,"","",4902ZA,Oosterhout
Van Oldeneellaan,67,"","",4902ZA,Oosterhout
Van Oldeneellaan,69,"","",4902ZA,Oosterhout
Van Oldeneellaan,7,"","",4902ZA,Oosterhout
Van Oldeneellaan,71,"","",4902ZA,Oosterhout
Van Oldeneellaan,73,"","",4902ZA,Oosterhout
Van Oldeneellaan,75,"","",4902ZA,Oosterhout
Van Oldeneellaan,77,"","",4902ZA,Oosterhout
Van Oldeneellaan,79,"","",4902ZA,Oosterhout
Van Oldeneellaan,81,"","",4902ZA,Oosterhout
Van Oldeneellaan,83,"","",4902ZA,Oosterhout
Van Oldeneellaan,85,"","",4902ZA,Oosterhout
Van Oldeneellaan,87,"","",4902ZA,Oosterhout
Van Oldeneellaan,89,"","",4902ZA,Oosterhout
Van Oldeneellaan,9,"","",4902ZA,Oosterhout
Van Oldeneellaan,91,"","",4902ZA,Oosterhout
Van Oldeneellaan,93,"","",4902ZA,Oosterhout
Van Oldeneellaan,95,"","",4902ZA,Oosterhout
Van Oldeneellaan,97,"","",4902ZA,Oosterhout
Van Oldeneellaan,99,"","",4902ZA,Oosterhout
Van Oldeneellaan,10,"","",4902ZC,Oosterhout
Van Oldeneellaan,100,"","",4902ZC,Oosterhout
Van Oldeneellaan,102,"","",4902ZC,Oosterhout
Van Oldeneellaan,104,"","",4902ZC,Oosterhout
Van Oldeneellaan,106,"","",4902ZC,Oosterhout
Van Oldeneellaan,108,"","",4902ZC,Oosterhout
Van Oldeneellaan,110,"","",4902ZC,Oosterhout
Van Oldeneellaan,112,"","",4902ZC,Oosterhout
Van Oldeneellaan,114,"","",4902ZC,Oosterhout
Van Oldeneellaan,116,"","",4902ZC,Oosterhout
Van Oldeneellaan,118,"","",4902ZC,Oosterhout
Van Oldeneellaan,12,"","",4902ZC,Oosterhout
Van Oldeneellaan,120,"","",4902ZC,Oosterhout
Van Oldeneellaan,122,"","",4902ZC,Oosterhout
Van Oldeneellaan,124,"","",4902ZC,Oosterhout
Van Oldeneellaan,126,"","",4902ZC,Oosterhout
Van Oldeneellaan,128,"","",4902ZC,Oosterhout
Van Oldeneellaan,130,"","",4902ZC,Oosterhout
Van Oldeneellaan,132,"","",4902ZC,Oosterhout
Van Oldeneellaan,134,"","",4902ZC,Oosterhout
Van Oldeneellaan,136,"","",4902ZC,Oosterhout
Van Oldeneellaan,138,"","",4902ZC,Oosterhout
Van Oldeneellaan,14,"","",4902ZC,Oosterhout
Van Oldeneellaan,140,"","",4902ZC,Oosterhout
Van Oldeneellaan,142,"","",4902ZC,Oosterhout
Van Oldeneellaan,144,"","",4902ZC,Oosterhout
Van Oldeneellaan,146,"","",4902ZC,Oosterhout
Van Oldeneellaan,148,"","",4902ZC,Oosterhout
Van Oldeneellaan,150,"","",4902ZC,Oosterhout
Van Oldeneellaan,152,"","",4902ZC,Oosterhout
Van Oldeneellaan,154,"","",4902ZC,Oosterhout
Van Oldeneellaan,156,"","",4902ZC,Oosterhout
Van Oldeneellaan,158,"","",4902ZC,Oosterhout
Van Oldeneellaan,16,"","",4902ZC,Oosterhout
Van Oldeneellaan,160,"","",4902ZC,Oosterhout
Van Oldeneellaan,162,"","",4902ZC,Oosterhout
Van Oldeneellaan,164,"","",4902ZC,Oosterhout
Van Oldeneellaan,166,"","",4902ZC,Oosterhout
Van Oldeneellaan,168,"","",4902ZC,Oosterhout
Van Oldeneellaan,170,"","",4902ZC,Oosterhout
Van Oldeneellaan,172,"","",4902ZC,Oosterhout
Van Oldeneellaan,174,"","",4902ZC,Oosterhout
Van Oldeneellaan,176,"","",4902ZC,Oosterhout
Van Oldeneellaan,178,"","",4902ZC,Oosterhout
Van Oldeneellaan,18,"","",4902ZC,Oosterhout
Van Oldeneellaan,180,"","",4902ZC,Oosterhout
Van Oldeneellaan,182,"","",4902ZC,Oosterhout
Van Oldeneellaan,184,"","",4902ZC,Oosterhout
Van Oldeneellaan,186,"","",4902ZC,Oosterhout
Van Oldeneellaan,188,"","",4902ZC,Oosterhout
Van Oldeneellaan,190,"","",4902ZC,Oosterhout
Van Oldeneellaan,192,"","",4902ZC,Oosterhout
Van Oldeneellaan,2,"","",4902ZC,Oosterhout
Van Oldeneellaan,30,"","",4902ZC,Oosterhout
Van Oldeneellaan,30,"","",4902ZC,Oosterhout
Van Oldeneellaan,30,A,"",4902ZC,Oosterhout
Van Oldeneellaan,30,A,"",4902ZC,Oosterhout
Van Oldeneellaan,32,"","",4902ZC,Oosterhout
Van Oldeneellaan,34,"","",4902ZC,Oosterhout
Van Oldeneellaan,36,"","",4902ZC,Oosterhout
Van Oldeneellaan,38,"","",4902ZC,Oosterhout
Van Oldeneellaan,4,"","",4902ZC,Oosterhout
Van Oldeneellaan,40,"","",4902ZC,Oosterhout
Van Oldeneellaan,44,"","",4902ZC,Oosterhout
Van Oldeneellaan,46,"","",4902ZC,Oosterhout
Van Oldeneellaan,48,"","",4902ZC,Oosterhout
Van Oldeneellaan,50,"","",4902ZC,Oosterhout
Van Oldeneellaan,52,"","",4902ZC,Oosterhout
Van Oldeneellaan,54,"","",4902ZC,Oosterhout
Van Oldeneellaan,56,"","",4902ZC,Oosterhout
Van Oldeneellaan,58,"","",4902ZC,Oosterhout
Van Oldeneellaan,6,"","",4902ZC,Oosterhout
Van Oldeneellaan,60,"","",4902ZC,Oosterhout
Van Oldeneellaan,62,"","",4902ZC,Oosterhout
Van Oldeneellaan,64,"","",4902ZC,Oosterhout
Van Oldeneellaan,66,"","",4902ZC,Oosterhout
Van Oldeneellaan,68,"","",4902ZC,Oosterhout
Van Oldeneellaan,70,"","",4902ZC,Oosterhout
Van Oldeneellaan,72,"","",4902ZC,Oosterhout
Van Oldeneellaan,74,"","",4902ZC,Oosterhout
Van Oldeneellaan,76,"","",4902ZC,Oosterhout
Van Oldeneellaan,78,"","",4902ZC,Oosterhout
Van Oldeneellaan,8,"","",4902ZC,Oosterhout
Van Oldeneellaan,80,"","",4902ZC,Oosterhout
Van Oldeneellaan,82,"","",4902ZC,Oosterhout
Van Oldeneellaan,84,"","",4902ZC,Oosterhout
Van Oldeneellaan,86,"","",4902ZC,Oosterhout
Van Oldeneellaan,88,"","",4902ZC,Oosterhout
Van Oldeneellaan,90,"","",4902ZC,Oosterhout
Van Oldeneellaan,92,"","",4902ZC,Oosterhout
Van Oldeneellaan,94,"","",4902ZC,Oosterhout
Van Oldeneellaan,96,"","",4902ZC,Oosterhout
Van Oldeneellaan,98,"","",4902ZC,Oosterhout
Spijtenburgstraat,1,"","",4902ZD,Oosterhout
Spijtenburgstraat,11,"","",4902ZD,Oosterhout
Spijtenburgstraat,13,"","",4902ZD,Oosterhout
Spijtenburgstraat,15,"","",4902ZD,Oosterhout
Spijtenburgstraat,17,"","",4902ZD,Oosterhout
Spijtenburgstraat,19,"","",4902ZD,Oosterhout
Spijtenburgstraat,21,"","",4902ZD,Oosterhout
Spijtenburgstraat,23,"","",4902ZD,Oosterhout
Spijtenburgstraat,25,"","",4902ZD,Oosterhout
Spijtenburgstraat,27,"","",4902ZD,Oosterhout
Spijtenburgstraat,29,"","",4902ZD,Oosterhout
Spijtenburgstraat,3,"","",4902ZD,Oosterhout
Spijtenburgstraat,31,"","",4902ZD,Oosterhout
Spijtenburgstraat,33,"","",4902ZD,Oosterhout
Spijtenburgstraat,35,"","",4902ZD,Oosterhout
Spijtenburgstraat,37,"","",4902ZD,Oosterhout
Spijtenburgstraat,39,"","",4902ZD,Oosterhout
Spijtenburgstraat,41,"","",4902ZD,Oosterhout
Spijtenburgstraat,43,"","",4902ZD,Oosterhout
Spijtenburgstraat,45,"","",4902ZD,Oosterhout
Spijtenburgstraat,5,"","",4902ZD,Oosterhout
Spijtenburgstraat,7,"","",4902ZD,Oosterhout
Spijtenburgstraat,9,"","",4902ZD,Oosterhout
Spijtenburgstraat,10,"","",4902ZE,Oosterhout
Spijtenburgstraat,12,"","",4902ZE,Oosterhout
Spijtenburgstraat,14,"","",4902ZE,Oosterhout
Spijtenburgstraat,16,"","",4902ZE,Oosterhout
Spijtenburgstraat,18,"","",4902ZE,Oosterhout
Spijtenburgstraat,2,"","",4902ZE,Oosterhout
Spijtenburgstraat,20,"","",4902ZE,Oosterhout
Spijtenburgstraat,22,"","",4902ZE,Oosterhout
Spijtenburgstraat,24,"","",4902ZE,Oosterhout
Spijtenburgstraat,26,"","",4902ZE,Oosterhout
Spijtenburgstraat,28,"","",4902ZE,Oosterhout
Spijtenburgstraat,30,"","",4902ZE,Oosterhout
Spijtenburgstraat,32,"","",4902ZE,Oosterhout
Spijtenburgstraat,34,"","",4902ZE,Oosterhout
Spijtenburgstraat,36,"","",4902ZE,Oosterhout
Spijtenburgstraat,38,"","",4902ZE,Oosterhout
Spijtenburgstraat,4,"","",4902ZE,Oosterhout
Spijtenburgstraat,40,"","",4902ZE,Oosterhout
Spijtenburgstraat,42,"","",4902ZE,Oosterhout
Spijtenburgstraat,44,"","",4902ZE,Oosterhout
Spijtenburgstraat,46,"","",4902ZE,Oosterhout
Spijtenburgstraat,48,"","",4902ZE,Oosterhout
Spijtenburgstraat,6,"","",4902ZE,Oosterhout
Spijtenburgstraat,8,"","",4902ZE,Oosterhout
Graaf Engelbrechtstraat,1,"","",4902ZG,Oosterhout
Graaf Engelbrechtstraat,1,A,"",4902ZG,Oosterhout
Graaf Engelbrechtstraat,11,"","",4902ZG,Oosterhout
Graaf Engelbrechtstraat,13,"","",4902ZG,Oosterhout
Graaf Engelbrechtstraat,15,"","",4902ZG,Oosterhout
Graaf Engelbrechtstraat,17,"","",4902ZG,Oosterhout
Graaf Engelbrechtstraat,19,"","",4902ZG,Oosterhout
Graaf Engelbrechtstraat,21,"","",4902ZG,Oosterhout
Graaf Engelbrechtstraat,23,"","",4902ZG,Oosterhout
Graaf Engelbrechtstraat,25,"","",4902ZG,Oosterhout
Graaf Engelbrechtstraat,27,"","",4902ZG,Oosterhout
Graaf Engelbrechtstraat,29,"","",4902ZG,Oosterhout
Graaf Engelbrechtstraat,3,"","",4902ZG,Oosterhout
Graaf Engelbrechtstraat,31,"","",4902ZG,Oosterhout
Graaf Engelbrechtstraat,33,"","",4902ZG,Oosterhout
Graaf Engelbrechtstraat,35,"","",4902ZG,Oosterhout
Graaf Engelbrechtstraat,37,"","",4902ZG,Oosterhout
Graaf Engelbrechtstraat,39,"","",4902ZG,Oosterhout
Graaf Engelbrechtstraat,41,"","",4902ZG,Oosterhout
Graaf Engelbrechtstraat,43,"","",4902ZG,Oosterhout
Graaf Engelbrechtstraat,45,"","",4902ZG,Oosterhout
Graaf Engelbrechtstraat,5,"","",4902ZG,Oosterhout
Graaf Engelbrechtstraat,7,"","",4902ZG,Oosterhout
Graaf Engelbrechtstraat,9,"","",4902ZG,Oosterhout
Graaf Engelbrechtstraat,10,"","",4902ZH,Oosterhout
Graaf Engelbrechtstraat,12,"","",4902ZH,Oosterhout
Graaf Engelbrechtstraat,14,"","",4902ZH,Oosterhout
Graaf Engelbrechtstraat,16,"","",4902ZH,Oosterhout
Graaf Engelbrechtstraat,18,"","",4902ZH,Oosterhout
Graaf Engelbrechtstraat,2,"","",4902ZH,Oosterhout
Graaf Engelbrechtstraat,20,"","",4902ZH,Oosterhout
Graaf Engelbrechtstraat,22,"","",4902ZH,Oosterhout
Graaf Engelbrechtstraat,24,"","",4902ZH,Oosterhout
Graaf Engelbrechtstraat,26,"","",4902ZH,Oosterhout
Graaf Engelbrechtstraat,28,"","",4902ZH,Oosterhout
Graaf Engelbrechtstraat,30,"","",4902ZH,Oosterhout
Graaf Engelbrechtstraat,32,"","",4902ZH,Oosterhout
Graaf Engelbrechtstraat,34,"","",4902ZH,Oosterhout
Graaf Engelbrechtstraat,36,"","",4902ZH,Oosterhout
Graaf Engelbrechtstraat,38,"","",4902ZH,Oosterhout
Graaf Engelbrechtstraat,4,"","",4902ZH,Oosterhout
Graaf Engelbrechtstraat,40,"","",4902ZH,Oosterhout
Graaf Engelbrechtstraat,6,"","",4902ZH,Oosterhout
Graaf Engelbrechtstraat,8,"","",4902ZH,Oosterhout
Van Polanenstraat,1,"","",4902ZJ,Oosterhout
Van Polanenstraat,1,A,"",4902ZJ,Oosterhout
Van Polanenstraat,11,"","",4902ZJ,Oosterhout
Van Polanenstraat,13,"","",4902ZJ,Oosterhout
Van Polanenstraat,15,"","",4902ZJ,Oosterhout
Van Polanenstraat,17,"","",4902ZJ,Oosterhout
Van Polanenstraat,19,"","",4902ZJ,Oosterhout
Van Polanenstraat,21,"","",4902ZJ,Oosterhout
Van Polanenstraat,23,"","",4902ZJ,Oosterhout
Van Polanenstraat,25,"","",4902ZJ,Oosterhout
Van Polanenstraat,27,"","",4902ZJ,Oosterhout
Van Polanenstraat,29,"","",4902ZJ,Oosterhout
Van Polanenstraat,3,"","",4902ZJ,Oosterhout
Van Polanenstraat,31,"","",4902ZJ,Oosterhout
Van Polanenstraat,33,"","",4902ZJ,Oosterhout
Van Polanenstraat,35,"","",4902ZJ,Oosterhout
Van Polanenstraat,37,"","",4902ZJ,Oosterhout
Van Polanenstraat,5,"","",4902ZJ,Oosterhout
Van Polanenstraat,7,"","",4902ZJ,Oosterhout
Van Polanenstraat,9,"","",4902ZJ,Oosterhout
Van Polanenstraat,10,"","",4902ZK,Oosterhout
Van Polanenstraat,12,"","",4902ZK,Oosterhout
Van Polanenstraat,14,"","",4902ZK,Oosterhout
Van Polanenstraat,16,"","",4902ZK,Oosterhout
Van Polanenstraat,18,"","",4902ZK,Oosterhout
Van Polanenstraat,2,"","",4902ZK,Oosterhout
Van Polanenstraat,20,"","",4902ZK,Oosterhout
Van Polanenstraat,22,"","",4902ZK,Oosterhout
Van Polanenstraat,24,"","",4902ZK,Oosterhout
Van Polanenstraat,26,"","",4902ZK,Oosterhout
Van Polanenstraat,28,"","",4902ZK,Oosterhout
Van Polanenstraat,30,"","",4902ZK,Oosterhout
Van Polanenstraat,32,"","",4902ZK,Oosterhout
Van Polanenstraat,34,"","",4902ZK,Oosterhout
Van Polanenstraat,36,"","",4902ZK,Oosterhout
Van Polanenstraat,38,"","",4902ZK,Oosterhout
Van Polanenstraat,4,"","",4902ZK,Oosterhout
Van Polanenstraat,6,"","",4902ZK,Oosterhout
Van Polanenstraat,8,"","",4902ZK,Oosterhout
Johannieterstraat,1,"","",4902ZL,Oosterhout
Johannieterstraat,1,A,"",4902ZL,Oosterhout
Johannieterstraat,11,"","",4902ZL,Oosterhout
Johannieterstraat,13,"","",4902ZL,Oosterhout
Johannieterstraat,15,"","",4902ZL,Oosterhout
Johannieterstraat,17,"","",4902ZL,Oosterhout
Johannieterstraat,19,"","",4902ZL,Oosterhout
Johannieterstraat,21,"","",4902ZL,Oosterhout
Johannieterstraat,23,"","",4902ZL,Oosterhout
Johannieterstraat,25,"","",4902ZL,Oosterhout
Johannieterstraat,27,"","",4902ZL,Oosterhout
Johannieterstraat,29,"","",4902ZL,Oosterhout
Johannieterstraat,3,"","",4902ZL,Oosterhout
Johannieterstraat,31,"","",4902ZL,Oosterhout
Johannieterstraat,33,"","",4902ZL,Oosterhout
Johannieterstraat,35,"","",4902ZL,Oosterhout
Johannieterstraat,37,"","",4902ZL,Oosterhout
Johannieterstraat,39,"","",4902ZL,Oosterhout
Johannieterstraat,41,"","",4902ZL,Oosterhout
Johannieterstraat,43,"","",4902ZL,Oosterhout
Johannieterstraat,45,"","",4902ZL,Oosterhout
Johannieterstraat,5,"","",4902ZL,Oosterhout
Johannieterstraat,7,"","",4902ZL,Oosterhout
Johannieterstraat,9,"","",4902ZL,Oosterhout
Johannieterstraat,10,"","",4902ZM,Oosterhout
Johannieterstraat,12,"","",4902ZM,Oosterhout
Johannieterstraat,14,"","",4902ZM,Oosterhout
Johannieterstraat,16,"","",4902ZM,Oosterhout
Johannieterstraat,18,"","",4902ZM,Oosterhout
Johannieterstraat,2,"","",4902ZM,Oosterhout
Johannieterstraat,20,"","",4902ZM,Oosterhout
Johannieterstraat,22,"","",4902ZM,Oosterhout
Johannieterstraat,24,"","",4902ZM,Oosterhout
Johannieterstraat,26,"","",4902ZM,Oosterhout
Johannieterstraat,28,"","",4902ZM,Oosterhout
Johannieterstraat,30,"","",4902ZM,Oosterhout
Johannieterstraat,32,"","",4902ZM,Oosterhout
Johannieterstraat,34,"","",4902ZM,Oosterhout
Johannieterstraat,36,"","",4902ZM,Oosterhout
Johannieterstraat,38,"","",4902ZM,Oosterhout
Johannieterstraat,4,"","",4902ZM,Oosterhout
Johannieterstraat,40,"","",4902ZM,Oosterhout
Johannieterstraat,42,"","",4902ZM,Oosterhout
Johannieterstraat,44,"","",4902ZM,Oosterhout
Johannieterstraat,46,"","",4902ZM,Oosterhout
Johannieterstraat,6,"","",4902ZM,Oosterhout
Johannieterstraat,8,"","",4902ZM,Oosterhout
Bijsterveld,1,"","",4902ZN,Oosterhout
Bijsterveld,1,A,"",4902ZN,Oosterhout
Bijsterveld,11,"","",4902ZN,Oosterhout
Bijsterveld,13,"","",4902ZN,Oosterhout
Bijsterveld,15,"","",4902ZN,Oosterhout
Bijsterveld,17,"","",4902ZN,Oosterhout
Bijsterveld,19,"","",4902ZN,Oosterhout
Bijsterveld,21,"","",4902ZN,Oosterhout
Bijsterveld,23,"","",4902ZN,Oosterhout
Bijsterveld,25,"","",4902ZN,Oosterhout
Bijsterveld,27,"","",4902ZN,Oosterhout
Bijsterveld,29,"","",4902ZN,Oosterhout
Bijsterveld,3,"","",4902ZN,Oosterhout
Bijsterveld,31,"","",4902ZN,Oosterhout
Bijsterveld,33,"","",4902ZN,Oosterhout
Bijsterveld,35,"","",4902ZN,Oosterhout
Bijsterveld,37,"","",4902ZN,Oosterhout
Bijsterveld,39,"","",4902ZN,Oosterhout
Bijsterveld,41,"","",4902ZN,Oosterhout
Bijsterveld,43,"","",4902ZN,Oosterhout
Bijsterveld,45,"","",4902ZN,Oosterhout
Bijsterveld,47,"","",4902ZN,Oosterhout
Bijsterveld,49,"","",4902ZN,Oosterhout
Bijsterveld,5,"","",4902ZN,Oosterhout
Bijsterveld,51,"","",4902ZN,Oosterhout
Bijsterveld,53,"","",4902ZN,Oosterhout
Bijsterveld,55,"","",4902ZN,Oosterhout
Bijsterveld,57,"","",4902ZN,Oosterhout
Bijsterveld,59,"","",4902ZN,Oosterhout
Bijsterveld,61,"","",4902ZN,Oosterhout
Bijsterveld,63,"","",4902ZN,Oosterhout
Bijsterveld,65,"","",4902ZN,Oosterhout
Bijsterveld,67,"","",4902ZN,Oosterhout
Bijsterveld,69,"","",4902ZN,Oosterhout
Bijsterveld,7,"","",4902ZN,Oosterhout
Bijsterveld,71,"","",4902ZN,Oosterhout
Bijsterveld,73,"","",4902ZN,Oosterhout
Bijsterveld,75,"","",4902ZN,Oosterhout
Bijsterveld,77,"","",4902ZN,Oosterhout
Bijsterveld,79,"","",4902ZN,Oosterhout
Bijsterveld,81,"","",4902ZN,Oosterhout
Bijsterveld,83,"","",4902ZN,Oosterhout
Bijsterveld,85,"","",4902ZN,Oosterhout
Bijsterveld,87,"","",4902ZN,Oosterhout
Bijsterveld,9,"","",4902ZN,Oosterhout
Slotjesveld,1,"","",4902ZP,Oosterhout
Slotjesveld,1,A,"",4902ZP,Oosterhout
Slotjesveld,1,B,"",4902ZP,Oosterhout
Slotjesveld,1,C,"",4902ZP,Oosterhout
Slotjesveld,10,"","",4902ZP,Oosterhout
Slotjesveld,100,"","",4902ZP,Oosterhout
Slotjesveld,102,"","",4902ZP,Oosterhout
Slotjesveld,104,"","",4902ZP,Oosterhout
Slotjesveld,106,"","",4902ZP,Oosterhout
Slotjesveld,108,"","",4902ZP,Oosterhout
Slotjesveld,11,"","",4902ZP,Oosterhout
Slotjesveld,110,"","",4902ZP,Oosterhout
Slotjesveld,112,"","",4902ZP,Oosterhout
Slotjesveld,114,"","",4902ZP,Oosterhout
Slotjesveld,116,"","",4902ZP,Oosterhout
Slotjesveld,118,"","",4902ZP,Oosterhout
Slotjesveld,12,"","",4902ZP,Oosterhout
Slotjesveld,120,"","",4902ZP,Oosterhout
Slotjesveld,122,"","",4902ZP,Oosterhout
Slotjesveld,124,"","",4902ZP,Oosterhout
Slotjesveld,126,"","",4902ZP,Oosterhout
Slotjesveld,128,"","",4902ZP,Oosterhout
Slotjesveld,130,"","",4902ZP,Oosterhout
Slotjesveld,132,"","",4902ZP,Oosterhout
Slotjesveld,134,"","",4902ZP,Oosterhout
Slotjesveld,136,"","",4902ZP,Oosterhout
Slotjesveld,138,"","",4902ZP,Oosterhout
Slotjesveld,14,"","",4902ZP,Oosterhout
Slotjesveld,140,"","",4902ZP,Oosterhout
Slotjesveld,142,"","",4902ZP,Oosterhout
Slotjesveld,144,"","",4902ZP,Oosterhout
Slotjesveld,146,"","",4902ZP,Oosterhout
Slotjesveld,148,"","",4902ZP,Oosterhout
Slotjesveld,15,"","",4902ZP,Oosterhout
Slotjesveld,150,"","",4902ZP,Oosterhout
Slotjesveld,152,"","",4902ZP,Oosterhout
Slotjesveld,154,"","",4902ZP,Oosterhout
Slotjesveld,156,"","",4902ZP,Oosterhout
Slotjesveld,158,"","",4902ZP,Oosterhout
Slotjesveld,16,"","",4902ZP,Oosterhout
Slotjesveld,160,"","",4902ZP,Oosterhout
Slotjesveld,18,"","",4902ZP,Oosterhout
Slotjesveld,2,"","",4902ZP,Oosterhout
Slotjesveld,20,"","",4902ZP,Oosterhout
Slotjesveld,22,"","",4902ZP,Oosterhout
Slotjesveld,24,"","",4902ZP,Oosterhout
Slotjesveld,26,"","",4902ZP,Oosterhout
Slotjesveld,28,"","",4902ZP,Oosterhout
Slotjesveld,3,"","",4902ZP,Oosterhout
Slotjesveld,30,"","",4902ZP,Oosterhout
Slotjesveld,32,"","",4902ZP,Oosterhout
Slotjesveld,34,"","",4902ZP,Oosterhout
Slotjesveld,36,"","",4902ZP,Oosterhout
Slotjesveld,38,"","",4902ZP,Oosterhout
Slotjesveld,4,"","",4902ZP,Oosterhout
Slotjesveld,40,"","",4902ZP,Oosterhout
Slotjesveld,42,"","",4902ZP,Oosterhout
Slotjesveld,44,"","",4902ZP,Oosterhout
Slotjesveld,46,"","",4902ZP,Oosterhout
Slotjesveld,48,"","",4902ZP,Oosterhout
Slotjesveld,50,"","",4902ZP,Oosterhout
Slotjesveld,52,"","",4902ZP,Oosterhout
Slotjesveld,54,"","",4902ZP,Oosterhout
Slotjesveld,56,"","",4902ZP,Oosterhout
Slotjesveld,58,"","",4902ZP,Oosterhout
Slotjesveld,6,"","",4902ZP,Oosterhout
Slotjesveld,60,"","",4902ZP,Oosterhout
Slotjesveld,62,"","",4902ZP,Oosterhout
Slotjesveld,64,"","",4902ZP,Oosterhout
Slotjesveld,66,"","",4902ZP,Oosterhout
Slotjesveld,7,A,"",4902ZP,Oosterhout
Slotjesveld,70,"","",4902ZP,Oosterhout
Slotjesveld,72,"","",4902ZP,Oosterhout
Slotjesveld,74,"","",4902ZP,Oosterhout
Slotjesveld,76,"","",4902ZP,Oosterhout
Slotjesveld,78,"","",4902ZP,Oosterhout
Slotjesveld,8,"","",4902ZP,Oosterhout
Slotjesveld,80,"","",4902ZP,Oosterhout
Slotjesveld,82,"","",4902ZP,Oosterhout
Slotjesveld,84,"","",4902ZP,Oosterhout
Slotjesveld,86,"","",4902ZP,Oosterhout
Slotjesveld,88,"","",4902ZP,Oosterhout
Slotjesveld,9,"","",4902ZP,Oosterhout
Slotjesveld,9,A,"",4902ZP,Oosterhout
Slotjesveld,9,B,"",4902ZP,Oosterhout
Slotjesveld,9,C,"",4902ZP,Oosterhout
Slotjesveld,90,"","",4902ZP,Oosterhout
Slotjesveld,92,"","",4902ZP,Oosterhout
Slotjesveld,94,"","",4902ZP,Oosterhout
Slotjesveld,96,"","",4902ZP,Oosterhout
Slotjesveld,98,"","",4902ZP,Oosterhout
