straat,huisnummer,huisletter,toevoeging,postcode,plaats
Juliana de Lannoylaan,1,"","",5582EA,Waalre
Juliana de Lannoylaan,1,"","",5582EA,Waalre
Juliana de Lannoylaan,1,A,"",5582EA,Waalre
Juliana de Lannoylaan,1,A,"",5582EA,Waalre
Juliana de Lannoylaan,25,"","",5582EA,Waalre
Juliana de Lannoylaan,27,"","",5582EA,Waalre
Juliana de Lannoylaan,29,"","",5582EA,Waalre
Juliana de Lannoylaan,3,"","",5582EA,Waalre
Juliana de Lannoylaan,31,"","",5582EA,Waalre
Juliana de Lannoylaan,33,"","",5582EA,Waalre
Juliana de Lannoylaan,35,"","",5582EA,Waalre
Juliana de Lannoylaan,37,"","",5582EA,Waalre
Juliana de Lannoylaan,39,"","",5582EA,Waalre
Juliana de Lannoylaan,41,"","",5582EA,Waalre
Juliana de Lannoylaan,5,"","",5582EA,Waalre
Juliana de Lannoylaan,10,"","",5582EC,Waalre
Juliana de Lannoylaan,12,"","",5582EC,Waalre
Juliana de Lannoylaan,14,"","",5582EC,Waalre
Juliana de Lannoylaan,16,"","",5582EC,Waalre
Juliana de Lannoylaan,16,"","",5582EC,Waalre
Juliana de Lannoylaan,18,"","",5582EC,Waalre
Juliana de Lannoylaan,22,"","",5582EC,Waalre
Juliana de Lannoylaan,24,"","",5582EC,Waalre
Juliana de Lannoylaan,26,"","",5582EC,Waalre
Juliana de Lannoylaan,28,"","",5582EC,Waalre
Juliana de Lannoylaan,30,"","",5582EC,Waalre
Juliana de Lannoylaan,36,"","",5582EC,Waalre
Juliana de Lannoylaan,38,"","",5582EC,Waalre
Juliana de Lannoylaan,4,"","",5582EC,Waalre
Juliana de Lannoylaan,40,"","",5582EC,Waalre
Juliana de Lannoylaan,42,"","",5582EC,Waalre
Juliana de Lannoylaan,44,"","",5582EC,Waalre
Juliana de Lannoylaan,46,"","",5582EC,Waalre
Juliana de Lannoylaan,48,"","",5582EC,Waalre
Juliana de Lannoylaan,50,"","",5582EC,Waalre
Juliana de Lannoylaan,6,"","",5582EC,Waalre
Juliana de Lannoylaan,8,"","",5582EC,Waalre
Vincent Cleerdinlaan,1,"","",5582EJ,Waalre
Vincent Cleerdinlaan,1,"","",5582EJ,Waalre
Vincent Cleerdinlaan,1,"","",5582EJ,Waalre
Vincent Cleerdinlaan,11,"","",5582EJ,Waalre
Vincent Cleerdinlaan,13,"","",5582EJ,Waalre
Vincent Cleerdinlaan,15,"","",5582EJ,Waalre
Vincent Cleerdinlaan,17,"","",5582EJ,Waalre
Vincent Cleerdinlaan,19,"","",5582EJ,Waalre
Vincent Cleerdinlaan,19,"","",5582EJ,Waalre
Vincent Cleerdinlaan,21,"","",5582EJ,Waalre
Vincent Cleerdinlaan,10,"","",5582EK,Waalre
Vincent Cleerdinlaan,12,"","",5582EK,Waalre
Vincent Cleerdinlaan,14,"","",5582EK,Waalre
Vincent Cleerdinlaan,14,"","",5582EK,Waalre
Vincent Cleerdinlaan,16,"","",5582EK,Waalre
Vincent Cleerdinlaan,18,"","",5582EK,Waalre
Vincent Cleerdinlaan,2,"","",5582EK,Waalre
Vincent Cleerdinlaan,20,"","",5582EK,Waalre
Vincent Cleerdinlaan,22,"","",5582EK,Waalre
Vincent Cleerdinlaan,24,"","",5582EK,Waalre
Vincent Cleerdinlaan,26,"","",5582EK,Waalre
Vincent Cleerdinlaan,28,"","",5582EK,Waalre
Vincent Cleerdinlaan,30,"","",5582EK,Waalre
Vincent Cleerdinlaan,32,"","",5582EK,Waalre
Vincent Cleerdinlaan,34,"","",5582EK,Waalre
Vincent Cleerdinlaan,4,"","",5582EK,Waalre
Vincent Cleerdinlaan,6,"","",5582EK,Waalre
Vincent Cleerdinlaan,8,"","",5582EK,Waalre
Antoon Coolenlaan,1,"","",5582EL,Waalre
Antoon Coolenlaan,10,"","",5582EL,Waalre
Antoon Coolenlaan,11,"","",5582EL,Waalre
Antoon Coolenlaan,12,"","",5582EL,Waalre
Antoon Coolenlaan,13,"","",5582EL,Waalre
Antoon Coolenlaan,2,"","",5582EL,Waalre
Antoon Coolenlaan,3,"","",5582EL,Waalre
Antoon Coolenlaan,4,"","",5582EL,Waalre
Antoon Coolenlaan,5,"","",5582EL,Waalre
Antoon Coolenlaan,6,"","",5582EL,Waalre
Antoon Coolenlaan,7,"","",5582EL,Waalre
Antoon Coolenlaan,8,"","",5582EL,Waalre
Mr. J.L. Hamminglaan,8,A,"",5582EL,Waalre
Antoon Coolenlaan,9,"","",5582EL,Waalre
August Sniederslaan,1,"","",5582EM,Waalre
August Sniederslaan,2,"","",5582EM,Waalre
August Sniederslaan,3,"","",5582EM,Waalre
August Sniederslaan,3,"","",5582EM,Waalre
August Sniederslaan,3,"","",5582EM,Waalre
August Sniederslaan,4,"","",5582EM,Waalre
August Sniederslaan,5,"","",5582EM,Waalre
August Sniederslaan,6,"","",5582EM,Waalre
August Sniederslaan,7,"","",5582EM,Waalre
August Sniederslaan,8,"","",5582EM,Waalre
August Sniederslaan,9,"","",5582EM,Waalre
Renier Sniederslaan,1,"","",5582ES,Waalre
Renier Sniederslaan,10,"","",5582ES,Waalre
Renier Sniederslaan,2,"","",5582ES,Waalre
Renier Sniederslaan,3,"","",5582ES,Waalre
Renier Sniederslaan,4,"","",5582ES,Waalre
Renier Sniederslaan,5,"","",5582ES,Waalre
Renier Sniederslaan,6,"","",5582ES,Waalre
Renier Sniederslaan,7,"","",5582ES,Waalre
Renier Sniederslaan,8,"","",5582ES,Waalre
Renier Sniederslaan,8,"","",5582ES,Waalre
Renier Sniederslaan,8,"","",5582ES,Waalre
Renier Sniederslaan,8,"","",5582ES,Waalre
Renier Sniederslaan,9,"","",5582ES,Waalre
Klaprooslaan,1,"","",5582GN,Waalre
Klaprooslaan,1,"","",5582GN,Waalre
Klaprooslaan,11,"","",5582GN,Waalre
Klaprooslaan,11,"","",5582GN,Waalre
Klaprooslaan,13,"","",5582GN,Waalre
Klaprooslaan,13,"","",5582GN,Waalre
Klaprooslaan,15,"","",5582GN,Waalre
Klaprooslaan,17,"","",5582GN,Waalre
Klaprooslaan,17,"","",5582GN,Waalre
Klaprooslaan,3,"","",5582GN,Waalre
Klaprooslaan,3,"","",5582GN,Waalre
Klaprooslaan,5,"","",5582GN,Waalre
Klaprooslaan,5,"","",5582GN,Waalre
Klaprooslaan,7,"","",5582GN,Waalre
Klaprooslaan,7,"","",5582GN,Waalre
Klaprooslaan,9,"","",5582GN,Waalre
Klaprooslaan,9,"","",5582GN,Waalre
Petuniahof,1,"","",5582GS,Waalre
Petuniahof,2,"","",5582GS,Waalre
Petuniahof,3,"","",5582GS,Waalre
Petuniahof,4,"","",5582GS,Waalre
Petuniahof,5,"","",5582GS,Waalre
Petuniahof,6,"","",5582GS,Waalre
Petuniahof,7,"","",5582GS,Waalre
Houtzagerij,1,"","",5582GW,Waalre
Houtzagerij,1,"","",5582GW,Waalre
Houtzagerij,10,"","",5582GW,Waalre
Houtzagerij,12,"","",5582GW,Waalre
Houtzagerij,14,"","",5582GW,Waalre
Houtzagerij,16,"","",5582GW,Waalre
Houtzagerij,18,"","",5582GW,Waalre
Houtzagerij,2,"","",5582GW,Waalre
Houtzagerij,3,"","",5582GW,Waalre
Houtzagerij,3,"","",5582GW,Waalre
Houtzagerij,4,"","",5582GW,Waalre
Houtzagerij,4,"","",5582GW,Waalre
Houtzagerij,5,"","",5582GW,Waalre
Houtzagerij,5,"","",5582GW,Waalre
Houtzagerij,6,"","",5582GW,Waalre
Houtzagerij,7,"","",5582GW,Waalre
Houtzagerij,7,"","",5582GW,Waalre
Houtzagerij,7,"","",5582GW,Waalre
Houtzagerij,8,"","",5582GW,Waalre
Houtzagerij,9,"","",5582GW,Waalre
Canisiushof,1,"","",5582GX,Waalre
Canisiushof,1,"","",5582GX,Waalre
Canisiushof,10,"","",5582GX,Waalre
Canisiushof,10,"","",5582GX,Waalre
Canisiushof,11,"","",5582GX,Waalre
Canisiushof,11,"","",5582GX,Waalre
Canisiushof,12,"","",5582GX,Waalre
Canisiushof,12,"","",5582GX,Waalre
Canisiushof,13,"","",5582GX,Waalre
Canisiushof,13,"","",5582GX,Waalre
Canisiushof,14,"","",5582GX,Waalre
Canisiushof,14,"","",5582GX,Waalre
Canisiushof,15,"","",5582GX,Waalre
Canisiushof,15,"","",5582GX,Waalre
Canisiushof,16,"","",5582GX,Waalre
Canisiushof,16,"","",5582GX,Waalre
Canisiushof,17,"","",5582GX,Waalre
Canisiushof,17,"","",5582GX,Waalre
Canisiushof,18,"","",5582GX,Waalre
Canisiushof,18,"","",5582GX,Waalre
Canisiushof,19,"","",5582GX,Waalre
Canisiushof,19,"","",5582GX,Waalre
Canisiushof,2,"","",5582GX,Waalre
Canisiushof,2,"","",5582GX,Waalre
Canisiushof,20,"","",5582GX,Waalre
Canisiushof,20,"","",5582GX,Waalre
Canisiushof,21,"","",5582GX,Waalre
Canisiushof,21,"","",5582GX,Waalre
Canisiushof,22,"","",5582GX,Waalre
Canisiushof,22,"","",5582GX,Waalre
Canisiushof,23,"","",5582GX,Waalre
Canisiushof,23,"","",5582GX,Waalre
Canisiushof,25,"","",5582GX,Waalre
Canisiushof,25,"","",5582GX,Waalre
Canisiushof,27,"","",5582GX,Waalre
Canisiushof,27,"","",5582GX,Waalre
Canisiushof,29,"","",5582GX,Waalre
Canisiushof,29,"","",5582GX,Waalre
Canisiushof,3,"","",5582GX,Waalre
Canisiushof,3,"","",5582GX,Waalre
Canisiushof,31,"","",5582GX,Waalre
Canisiushof,31,"","",5582GX,Waalre
Canisiushof,33,"","",5582GX,Waalre
Canisiushof,33,"","",5582GX,Waalre
Canisiushof,35,"","",5582GX,Waalre
Canisiushof,35,"","",5582GX,Waalre
Canisiushof,37,"","",5582GX,Waalre
Canisiushof,37,"","",5582GX,Waalre
Canisiushof,39,"","",5582GX,Waalre
Canisiushof,39,"","",5582GX,Waalre
Canisiushof,4,"","",5582GX,Waalre
Canisiushof,4,"","",5582GX,Waalre
Canisiushof,41,"","",5582GX,Waalre
Canisiushof,41,"","",5582GX,Waalre
Canisiushof,43,"","",5582GX,Waalre
Canisiushof,43,"","",5582GX,Waalre
Canisiushof,5,"","",5582GX,Waalre
Canisiushof,5,"","",5582GX,Waalre
Canisiushof,6,"","",5582GX,Waalre
Canisiushof,6,"","",5582GX,Waalre
Canisiushof,7,"","",5582GX,Waalre
Canisiushof,7,"","",5582GX,Waalre
Canisiushof,8,"","",5582GX,Waalre
Canisiushof,8,"","",5582GX,Waalre
Canisiushof,9,"","",5582GX,Waalre
Canisiushof,9,"","",5582GX,Waalre
Schoonoordhof,1,"","",5582GZ,Waalre
Schoonoordhof,10,"","",5582GZ,Waalre
Schoonoordhof,11,"","",5582GZ,Waalre
Schoonoordhof,12,"","",5582GZ,Waalre
Schoonoordhof,13,"","",5582GZ,Waalre
Schoonoordhof,14,"","",5582GZ,Waalre
Schoonoordhof,15,"","",5582GZ,Waalre
Schoonoordhof,16,"","",5582GZ,Waalre
Schoonoordhof,17,"","",5582GZ,Waalre
Schoonoordhof,18,"","",5582GZ,Waalre
Schoonoordhof,19,"","",5582GZ,Waalre
Schoonoordhof,2,"","",5582GZ,Waalre
Schoonoordhof,20,"","",5582GZ,Waalre
Schoonoordhof,21,"","",5582GZ,Waalre
Schoonoordhof,22,"","",5582GZ,Waalre
Schoonoordhof,23,"","",5582GZ,Waalre
Schoonoordhof,24,"","",5582GZ,Waalre
Schoonoordhof,25,"","",5582GZ,Waalre
Schoonoordhof,26,"","",5582GZ,Waalre
Schoonoordhof,26,"","",5582GZ,Waalre
Schoonoordhof,28,"","",5582GZ,Waalre
Schoonoordhof,28,"","",5582GZ,Waalre
Schoonoordhof,3,"","",5582GZ,Waalre
Schoonoordhof,30,"","",5582GZ,Waalre
Schoonoordhof,30,"","",5582GZ,Waalre
Schoonoordhof,32,"","",5582GZ,Waalre
Schoonoordhof,32,"","",5582GZ,Waalre
Schoonoordhof,4,"","",5582GZ,Waalre
Schoonoordhof,5,"","",5582GZ,Waalre
Schoonoordhof,6,"","",5582GZ,Waalre
Schoonoordhof,7,"","",5582GZ,Waalre
Schoonoordhof,7,"","",5582GZ,Waalre
Schoonoordhof,8,"","",5582GZ,Waalre
Schoonoordhof,9,"","",5582GZ,Waalre
Schoonoordhof,9,"","",5582GZ,Waalre
Akkerstraat,1,"","",5582HC,Waalre
Akkerstraat,10,"","",5582HC,Waalre
Akkerstraat,11,"","",5582HC,Waalre
Akkerstraat,12,"","",5582HC,Waalre
Akkerstraat,13,"","",5582HC,Waalre
Akkerstraat,15,"","",5582HC,Waalre
Akkerstraat,16,"","",5582HC,Waalre
Akkerstraat,17,"","",5582HC,Waalre
Akkerstraat,18,"","",5582HC,Waalre
Akkerstraat,18,A,"",5582HC,Waalre
Akkerstraat,19,"","",5582HC,Waalre
Akkerstraat,19,A,"",5582HC,Waalre
Akkerstraat,19,B,"",5582HC,Waalre
Akkerstraat,19,C,"",5582HC,Waalre
Akkerstraat,19,D,"",5582HC,Waalre
Akkerstraat,19,E,"",5582HC,Waalre
Akkerstraat,19,F,"",5582HC,Waalre
Akkerstraat,19,G,"",5582HC,Waalre
Akkerstraat,19,H,"",5582HC,Waalre
Akkerstraat,19,I,"",5582HC,Waalre
Akkerstraat,19,K,"",5582HC,Waalre
Akkerstraat,19,M,"",5582HC,Waalre
Akkerstraat,19,N,"",5582HC,Waalre
Akkerstraat,19,P,"",5582HC,Waalre
Akkerstraat,19,Q,"",5582HC,Waalre
Akkerstraat,19,R,"",5582HC,Waalre
Akkerstraat,19,S,"",5582HC,Waalre
Akkerstraat,2,"","",5582HC,Waalre
Akkerstraat,2,A,"",5582HC,Waalre
Akkerstraat,20,"","",5582HC,Waalre
Akkerstraat,21,"","",5582HC,Waalre
Akkerstraat,22,"","",5582HC,Waalre
Akkerstraat,23,"","",5582HC,Waalre
Akkerstraat,24,"","",5582HC,Waalre
Akkerstraat,24,A,"",5582HC,Waalre
Akkerstraat,24,A,"",5582HC,Waalre
Akkerstraat,25,"","",5582HC,Waalre
Akkerstraat,26,"","",5582HC,Waalre
Akkerstraat,27,"","",5582HC,Waalre
Akkerstraat,28,"","",5582HC,Waalre
Akkerstraat,29,"","",5582HC,Waalre
Akkerstraat,3,"","",5582HC,Waalre
Akkerstraat,34,"","",5582HC,Waalre
Akkerstraat,36,"","",5582HC,Waalre
Akkerstraat,38,"","",5582HC,Waalre
Akkerstraat,4,"","",5582HC,Waalre
Akkerstraat,4,A,"",5582HC,Waalre
Akkerstraat,40,"","",5582HC,Waalre
Akkerstraat,5,"","",5582HC,Waalre
Akkerstraat,6,"","",5582HC,Waalre
Akkerstraat,7,"","",5582HC,Waalre
Akkerstraat,8,"","",5582HC,Waalre
Akkerstraat,9,"","",5582HC,Waalre
Gestelsestraat,1,"","",5582HE,Waalre
Gestelsestraat,11,"","",5582HE,Waalre
Gestelsestraat,11,A,"",5582HE,Waalre
Gestelsestraat,11,B,"",5582HE,Waalre
Gestelsestraat,11,C,"",5582HE,Waalre
Gestelsestraat,11,C,"",5582HE,Waalre
Gestelsestraat,11,D,"",5582HE,Waalre
Gestelsestraat,11,E,"",5582HE,Waalre
Gestelsestraat,11,F,"",5582HE,Waalre
Gestelsestraat,11,F,"",5582HE,Waalre
Gestelsestraat,11,G,"",5582HE,Waalre
Gestelsestraat,11,G,"",5582HE,Waalre
Gestelsestraat,11,H,"",5582HE,Waalre
Gestelsestraat,11,J,"",5582HE,Waalre
Gestelsestraat,11,K,"",5582HE,Waalre
Gestelsestraat,11,K,"",5582HE,Waalre
Gestelsestraat,11,L,"",5582HE,Waalre
Gestelsestraat,11,M,"",5582HE,Waalre
Gestelsestraat,13,"","",5582HE,Waalre
Gestelsestraat,13,"","",5582HE,Waalre
Gestelsestraat,13,A,"",5582HE,Waalre
Gestelsestraat,15,"","",5582HE,Waalre
Gestelsestraat,15,A,"",5582HE,Waalre
Gestelsestraat,15,A,"",5582HE,Waalre
Gestelsestraat,17,"","",5582HE,Waalre
Gestelsestraat,19,"","",5582HE,Waalre
Gestelsestraat,19,"","",5582HE,Waalre
Gestelsestraat,21,"","",5582HE,Waalre
Gestelsestraat,21,"","",5582HE,Waalre
Gestelsestraat,23,"","",5582HE,Waalre
Gestelsestraat,23,"","",5582HE,Waalre
Gestelsestraat,25,"","",5582HE,Waalre
Gestelsestraat,25,"","",5582HE,Waalre
Gestelsestraat,25,A,"",5582HE,Waalre
Gestelsestraat,25,A,"",5582HE,Waalre
Gestelsestraat,25,B,"",5582HE,Waalre
Gestelsestraat,25,B,"",5582HE,Waalre
Gestelsestraat,25,C,"",5582HE,Waalre
Gestelsestraat,25,C,"",5582HE,Waalre
Gestelsestraat,27,"","",5582HE,Waalre
Gestelsestraat,27,"","",5582HE,Waalre
Gestelsestraat,29,"","",5582HE,Waalre
Gestelsestraat,3,"","",5582HE,Waalre
Gestelsestraat,3,A,"",5582HE,Waalre
Gestelsestraat,31,"","",5582HE,Waalre
Gestelsestraat,33,"","",5582HE,Waalre
Gestelsestraat,35,"","",5582HE,Waalre
Gestelsestraat,35,A,"",5582HE,Waalre
Gestelsestraat,35,B,"",5582HE,Waalre
Gestelsestraat,35,C,"",5582HE,Waalre
Gestelsestraat,35,C,"",5582HE,Waalre
Gestelsestraat,5,"","",5582HE,Waalre
Gestelsestraat,5,A,"",5582HE,Waalre
Gestelsestraat,7,"","",5582HE,Waalre
Gestelsestraat,7,A,"",5582HE,Waalre
Gestelsestraat,9,"","",5582HE,Waalre
Laarhof,1,"","",5582HG,Waalre
Laarhof,10,"","",5582HG,Waalre
Gestelsestraat,101,"","",5582HG,Waalre
Gestelsestraat,103,"","",5582HG,Waalre
Gestelsestraat,105,"","",5582HG,Waalre
Laarhof,11,"","",5582HG,Waalre
Gestelsestraat,113,"","",5582HG,Waalre
Laarhof,12,"","",5582HG,Waalre
Laarhof,13,"","",5582HG,Waalre
Laarhof,14,"","",5582HG,Waalre
Laarhof,15,"","",5582HG,Waalre
Laarhof,16,"","",5582HG,Waalre
Laarhof,17,"","",5582HG,Waalre
Laarhof,18,"","",5582HG,Waalre
Laarhof,19,"","",5582HG,Waalre
Laarhof,2,"","",5582HG,Waalre
Laarhof,20,"","",5582HG,Waalre
Laarhof,3,"","",5582HG,Waalre
Gestelsestraat,37,"","",5582HG,Waalre
Gestelsestraat,37,"","",5582HG,Waalre
Gestelsestraat,37,A,"",5582HG,Waalre
Gestelsestraat,37,B,"",5582HG,Waalre
Gestelsestraat,39,"","",5582HG,Waalre
Laarhof,4,"","",5582HG,Waalre
Gestelsestraat,41,"","",5582HG,Waalre
Gestelsestraat,43,"","",5582HG,Waalre
Gestelsestraat,43,"","",5582HG,Waalre
Gestelsestraat,45,"","",5582HG,Waalre
Gestelsestraat,45,"","",5582HG,Waalre
Gestelsestraat,47,"","",5582HG,Waalre
Gestelsestraat,47,A,"",5582HG,Waalre
Gestelsestraat,49,"","",5582HG,Waalre
Laarhof,5,"","",5582HG,Waalre
Gestelsestraat,51,"","",5582HG,Waalre
Gestelsestraat,53,"","",5582HG,Waalre
Gestelsestraat,55,"","",5582HG,Waalre
Gestelsestraat,57,"","",5582HG,Waalre
Gestelsestraat,59,"","",5582HG,Waalre
Laarhof,6,"","",5582HG,Waalre
Gestelsestraat,67,"","",5582HG,Waalre
Gestelsestraat,69,"","",5582HG,Waalre
Laarhof,7,"","",5582HG,Waalre
Gestelsestraat,71,"","",5582HG,Waalre
Gestelsestraat,73,"","",5582HG,Waalre
Gestelsestraat,75,"","",5582HG,Waalre
Gestelsestraat,77,"","",5582HG,Waalre
Gestelsestraat,79,"","",5582HG,Waalre
Laarhof,8,"","",5582HG,Waalre
Gestelsestraat,81,"","",5582HG,Waalre
Gestelsestraat,83,"","",5582HG,Waalre
Gestelsestraat,85,"","",5582HG,Waalre
Gestelsestraat,87,"","",5582HG,Waalre
Gestelsestraat,89,"","",5582HG,Waalre
Laarhof,9,"","",5582HG,Waalre
Gestelsestraat,91,"","",5582HG,Waalre
Gestelsestraat,93,"","",5582HG,Waalre
Gestelsestraat,95,"","",5582HG,Waalre
Gestelsestraat,10,"","",5582HH,Waalre
Gestelsestraat,10,"","",5582HH,Waalre
Gestelsestraat,10,A,"",5582HH,Waalre
Gestelsestraat,10,B,"",5582HH,Waalre
Gestelsestraat,10,C,"",5582HH,Waalre
Gestelsestraat,10,D,"",5582HH,Waalre
Gestelsestraat,14,"","",5582HH,Waalre
Gestelsestraat,16,"","",5582HH,Waalre
Gestelsestraat,16,A,"",5582HH,Waalre
Gestelsestraat,16,A,"",5582HH,Waalre
Gestelsestraat,16,B,"",5582HH,Waalre
Gestelsestraat,16,C,"",5582HH,Waalre
Gestelsestraat,16,D,"",5582HH,Waalre
Gestelsestraat,16,D,"",5582HH,Waalre
Gestelsestraat,16,E,"",5582HH,Waalre
Gestelsestraat,16,F,"",5582HH,Waalre
Gestelsestraat,16,G,"",5582HH,Waalre
Gestelsestraat,16,H,"",5582HH,Waalre
Gestelsestraat,16,I,"",5582HH,Waalre
Gestelsestraat,16,J,"",5582HH,Waalre
Gestelsestraat,16,K,"",5582HH,Waalre
Gestelsestraat,18,"","",5582HH,Waalre
Gestelsestraat,2,"","",5582HH,Waalre
Gestelsestraat,20,"","",5582HH,Waalre
Gestelsestraat,22,"","",5582HH,Waalre
Gestelsestraat,24,"","",5582HH,Waalre
Gestelsestraat,26,"","",5582HH,Waalre
Gestelsestraat,28,"","",5582HH,Waalre
Gestelsestraat,30,"","",5582HH,Waalre
Gestelsestraat,32,"","",5582HH,Waalre
Gestelsestraat,34,"","",5582HH,Waalre
Gestelsestraat,4,"","",5582HH,Waalre
Gestelsestraat,6,"","",5582HH,Waalre
Gestelsestraat,8,"","",5582HH,Waalre
Gestelsestraat,8,"","",5582HH,Waalre
Chromerij,1,"","",5582HJ,Waalre
Gestelsestraat,36,"","",5582HJ,Waalre
Gestelsestraat,38,"","",5582HJ,Waalre
Gestelsestraat,40,"","",5582HJ,Waalre
Gestelsestraat,42,"","",5582HJ,Waalre
Gestelsestraat,44,"","",5582HJ,Waalre
Gestelsestraat,46,"","",5582HJ,Waalre
Gestelsestraat,46,A,"",5582HJ,Waalre
Gestelsestraat,48,"","",5582HJ,Waalre
Gestelsestraat,48,"","",5582HJ,Waalre
Gestelsestraat,50,"","",5582HJ,Waalre
Gestelsestraat,50,A,"",5582HJ,Waalre
Gestelsestraat,52,"","",5582HJ,Waalre
Gestelsestraat,54,"","",5582HJ,Waalre
Gestelsestraat,54,A,"",5582HJ,Waalre
Gestelsestraat,56,"","",5582HJ,Waalre
Gestelsestraat,58,"","",5582HJ,Waalre
Gestelsestraat,60,"","",5582HJ,Waalre
Gestelsestraat,62,"","",5582HJ,Waalre
Gestelsestraat,64,"","",5582HJ,Waalre
Gestelsestraat,66,"","",5582HJ,Waalre
Schoonoordstraat,1,"","",5582HM,Waalre
Schoonoordstraat,10,"","",5582HM,Waalre
Schoonoordstraat,12,"","",5582HM,Waalre
Schoonoordstraat,14,"","",5582HM,Waalre
Schoonoordstraat,16,"","",5582HM,Waalre
Schoonoordstraat,2,"","",5582HM,Waalre
Schoonoordstraat,2,"","",5582HM,Waalre
Schoonoordstraat,3,"","",5582HM,Waalre
Schoonoordstraat,3,"","",5582HM,Waalre
Schoonoordstraat,3,"","",5582HM,Waalre
Schoonoordstraat,3,"","",5582HM,Waalre
Schoonoordstraat,4,"","",5582HM,Waalre
Schoonoordstraat,5,"","",5582HM,Waalre
Schoonoordstraat,6,"","",5582HM,Waalre
Schoonoordstraat,7,"","",5582HM,Waalre
Schoonoordstraat,8,"","",5582HM,Waalre
Schoonoordstraat,8,A,"",5582HM,Waalre
Eindhovenseweg,1,"","",5582HN,Waalre
Eindhovenseweg,11,A,"",5582HN,Waalre
Eindhovenseweg,11,B,"",5582HN,Waalre
Eindhovenseweg,11,C,"",5582HN,Waalre
Eindhovenseweg,11,D,"",5582HN,Waalre
Eindhovenseweg,11,E,"",5582HN,Waalre
Eindhovenseweg,13,A,"",5582HN,Waalre
Eindhovenseweg,13,B,"",5582HN,Waalre
Eindhovenseweg,13,C,"",5582HN,Waalre
Eindhovenseweg,13,D,"",5582HN,Waalre
Eindhovenseweg,13,E,"",5582HN,Waalre
Eindhovenseweg,15,A,"",5582HN,Waalre
Eindhovenseweg,15,B,"",5582HN,Waalre
Eindhovenseweg,15,C,"",5582HN,Waalre
Eindhovenseweg,15,D,"",5582HN,Waalre
Eindhovenseweg,15,E,"",5582HN,Waalre
Eindhovenseweg,19,"","",5582HN,Waalre
Eindhovenseweg,21,"","",5582HN,Waalre
Eindhovenseweg,23,"","",5582HN,Waalre
Eindhovenseweg,25,"","",5582HN,Waalre
Eindhovenseweg,27,"","",5582HN,Waalre
Eindhovenseweg,29,"","",5582HN,Waalre
Eindhovenseweg,29,"","",5582HN,Waalre
Eindhovenseweg,29,A,"",5582HN,Waalre
Eindhovenseweg,29,A,1,5582HN,Waalre
Eindhovenseweg,29,A,10,5582HN,Waalre
Eindhovenseweg,29,A,11,5582HN,Waalre
Eindhovenseweg,29,A,12,5582HN,Waalre
Eindhovenseweg,29,A,2,5582HN,Waalre
Eindhovenseweg,29,A,3,5582HN,Waalre
Eindhovenseweg,29,A,4,5582HN,Waalre
Eindhovenseweg,29,A,5,5582HN,Waalre
Eindhovenseweg,29,A,6,5582HN,Waalre
Eindhovenseweg,29,A,7,5582HN,Waalre
Eindhovenseweg,29,A,8,5582HN,Waalre
Eindhovenseweg,29,A,9,5582HN,Waalre
Eindhovenseweg,29,B,"",5582HN,Waalre
Eindhovenseweg,29,C,"",5582HN,Waalre
Eindhovenseweg,29,D,"",5582HN,Waalre
Eindhovenseweg,29,E,"",5582HN,Waalre
Eindhovenseweg,29,F,"",5582HN,Waalre
Eindhovenseweg,29,G,"",5582HN,Waalre
Eindhovenseweg,29,H,"",5582HN,Waalre
Eindhovenseweg,29,J,"",5582HN,Waalre
Eindhovenseweg,29,K,"",5582HN,Waalre
Eindhovenseweg,29,L,"",5582HN,Waalre
Eindhovenseweg,29,M,"",5582HN,Waalre
Eindhovenseweg,29,N,"",5582HN,Waalre
Eindhovenseweg,3,"","",5582HN,Waalre
Eindhovenseweg,31,"","",5582HN,Waalre
Eindhovenseweg,31,"","",5582HN,Waalre
Eindhovenseweg,31,"","",5582HN,Waalre
Eindhovenseweg,33,"","",5582HN,Waalre
Eindhovenseweg,33,"","",5582HN,Waalre
Eindhovenseweg,5,"","",5582HN,Waalre
Eindhovenseweg,7,"","",5582HN,Waalre
Eindhovenseweg,9,"","",5582HN,Waalre
Eindhovenseweg,91,"","",5582HN,Waalre
Eindhovenseweg,91,"","",5582HN,Waalre
Eindhovenseweg,91,A,"",5582HN,Waalre
Eindhovenseweg,91,A,"",5582HN,Waalre
Eindhovenseweg,61,"","",5582HP,Waalre
Eindhovenseweg,61,A,"",5582HP,Waalre
Eindhovenseweg,61,A,"",5582HP,Waalre
Eindhovenseweg,61,A,1,5582HP,Waalre
Eindhovenseweg,61,B,"",5582HP,Waalre
Eindhovenseweg,61,C,"",5582HP,Waalre
Eindhovenseweg,61,D,"",5582HP,Waalre
Eindhovenseweg,61,E,"",5582HP,Waalre
Eindhovenseweg,63,"","",5582HP,Waalre
Eindhovenseweg,63,A,"",5582HP,Waalre
Eindhovenseweg,65,"","",5582HP,Waalre
Eindhovenseweg,67,"","",5582HR,Waalre
Eindhovenseweg,69,"","",5582HR,Waalre
Eindhovenseweg,69,A,"",5582HR,Waalre
Eindhovenseweg,71,"","",5582HR,Waalre
Eindhovenseweg,73,"","",5582HR,Waalre
Eindhovenseweg,75,"","",5582HR,Waalre
Eindhovenseweg,77,"","",5582HR,Waalre
Eindhovenseweg,79,"","",5582HR,Waalre
Eindhovenseweg,81,"","",5582HR,Waalre
Eindhovenseweg,83,"","",5582HR,Waalre
Eindhovenseweg,91,"","",5582HR,Waalre
Eindhovenseweg,91,"","",5582HR,Waalre
Eindhovenseweg,91,"","",5582HR,Waalre
Eindhovenseweg,91,"","",5582HR,Waalre
Eindhovenseweg,91,A,"",5582HR,Waalre
Eindhovenseweg,91,A,"",5582HR,Waalre
Eindhovenseweg,91,A,"",5582HR,Waalre
Eindhovenseweg,93,"","",5582HR,Waalre
Eindhovenseweg,95,"","",5582HR,Waalre
Eindhovenseweg,97,"","",5582HR,Waalre
Eindhovenseweg,99,"","",5582HR,Waalre
Eindhovenseweg,99,A,"",5582HR,Waalre
Eindhovenseweg,10,"","",5582HS,Waalre
Eindhovenseweg,12,"","",5582HS,Waalre
Eindhovenseweg,14,"","",5582HS,Waalre
Eindhovenseweg,14,A,"",5582HS,Waalre
Eindhovenseweg,16,"","",5582HS,Waalre
Eindhovenseweg,18,"","",5582HS,Waalre
Eindhovenseweg,2,"","",5582HS,Waalre
Eindhovenseweg,20,"","",5582HS,Waalre
Eindhovenseweg,22,A,"",5582HS,Waalre
Eindhovenseweg,22,B,"",5582HS,Waalre
Eindhovenseweg,24,"","",5582HS,Waalre
Eindhovenseweg,24,"","",5582HS,Waalre
Eindhovenseweg,24,A,"",5582HS,Waalre
Eindhovenseweg,24,A,"",5582HS,Waalre
Eindhovenseweg,24,B,"",5582HS,Waalre
Eindhovenseweg,24,B,"",5582HS,Waalre
Eindhovenseweg,24,C,"",5582HS,Waalre
Eindhovenseweg,24,C,"",5582HS,Waalre
Eindhovenseweg,24,D,"",5582HS,Waalre
Eindhovenseweg,24,D,"",5582HS,Waalre
Eindhovenseweg,24,E,"",5582HS,Waalre
Eindhovenseweg,24,E,"",5582HS,Waalre
Eindhovenseweg,24,F,"",5582HS,Waalre
Eindhovenseweg,24,F,"",5582HS,Waalre
Eindhovenseweg,24,G,"",5582HS,Waalre
Eindhovenseweg,24,H,"",5582HS,Waalre
Eindhovenseweg,24,J,"",5582HS,Waalre
Eindhovenseweg,24,K,"",5582HS,Waalre
Eindhovenseweg,24,L,"",5582HS,Waalre
Eindhovenseweg,24,M,"",5582HS,Waalre
Eindhovenseweg,24,N,"",5582HS,Waalre
Eindhovenseweg,24,P,"",5582HS,Waalre
Eindhovenseweg,24,Q,"",5582HS,Waalre
Eindhovenseweg,24,R,"",5582HS,Waalre
Eindhovenseweg,24,S,"",5582HS,Waalre
Eindhovenseweg,26,"","",5582HS,Waalre
Eindhovenseweg,26,A,"",5582HS,Waalre
Eindhovenseweg,26,B,"",5582HS,Waalre
Eindhovenseweg,26,C,"",5582HS,Waalre
Eindhovenseweg,26,D,"",5582HS,Waalre
Eindhovenseweg,26,E,"",5582HS,Waalre
Eindhovenseweg,26,F,"",5582HS,Waalre
Eindhovenseweg,28,"","",5582HS,Waalre
Eindhovenseweg,28,A,"",5582HS,Waalre
Eindhovenseweg,28,B,"",5582HS,Waalre
Eindhovenseweg,28,C,"",5582HS,Waalre
Eindhovenseweg,28,D,"",5582HS,Waalre
Eindhovenseweg,28,E,"",5582HS,Waalre
Eindhovenseweg,4,"","",5582HS,Waalre
Eindhovenseweg,6,"","",5582HS,Waalre
Eindhovenseweg,8,"","",5582HS,Waalre
Eindhovenseweg,8,"","",5582HS,Waalre
Eindhovenseweg,8,A,"",5582HS,Waalre
Eindhovenseweg,30,"","",5582HT,Waalre
Eindhovenseweg,32,"","",5582HT,Waalre
Eindhovenseweg,34,"","",5582HT,Waalre
Eindhovenseweg,36,"","",5582HT,Waalre
Eindhovenseweg,38,"","",5582HT,Waalre
Eindhovenseweg,38,A,"",5582HT,Waalre
Eindhovenseweg,38,B,"",5582HT,Waalre
Eindhovenseweg,38,C,"",5582HT,Waalre
Eindhovenseweg,38,D,"",5582HT,Waalre
Eindhovenseweg,38,E,"",5582HT,Waalre
Eindhovenseweg,38,F,"",5582HT,Waalre
Eindhovenseweg,38,G,"",5582HT,Waalre
Eindhovenseweg,40,"","",5582HT,Waalre
Eindhovenseweg,42,"","",5582HT,Waalre
Eindhovenseweg,44,"","",5582HT,Waalre
Eindhovenseweg,44,A,"",5582HT,Waalre
Eindhovenseweg,46,"","",5582HT,Waalre
Eindhovenseweg,46,A,"",5582HT,Waalre
Eindhovenseweg,46,B,"",5582HT,Waalre
Eindhovenseweg,46,C,"",5582HT,Waalre
Eindhovenseweg,48,"","",5582HT,Waalre
Eindhovenseweg,50,"","",5582HT,Waalre
Eindhovenseweg,50,A,"",5582HT,Waalre
Eindhovenseweg,52,"","",5582HT,Waalre
Eindhovenseweg,52,"","",5582HT,Waalre
Eindhovenseweg,54,"","",5582HT,Waalre
Eindhovenseweg,54,"","",5582HT,Waalre
Eindhovenseweg,54,A,"",5582HT,Waalre
Eindhovenseweg,56,"","",5582HT,Waalre
Eindhovenseweg,58,"","",5582HT,Waalre
Eindhovenseweg,60,"","",5582HV,Waalre
Eindhovenseweg,62,"","",5582HV,Waalre
Eindhovenseweg,64,"","",5582HV,Waalre
Eindhovenseweg,64,A,"",5582HV,Waalre
Eindhovenseweg,66,"","",5582HV,Waalre
Eindhovenseweg,68,"","",5582HV,Waalre
Eindhovenseweg,70,"","",5582HV,Waalre
Eindhovenseweg,106,A,1,5582HW,Waalre
Eindhovenseweg,106,A,2,5582HW,Waalre
Eindhovenseweg,106,A,3,5582HW,Waalre
Eindhovenseweg,106,A,4,5582HW,Waalre
Eindhovenseweg,106,A,5,5582HW,Waalre
Eindhovenseweg,106,A,6,5582HW,Waalre
Eindhovenseweg,106,B,1,5582HW,Waalre
Eindhovenseweg,106,B,2,5582HW,Waalre
Eindhovenseweg,106,B,3,5582HW,Waalre
Eindhovenseweg,106,B,4,5582HW,Waalre
Eindhovenseweg,106,B,5,5582HW,Waalre
Eindhovenseweg,106,B,6,5582HW,Waalre
Eindhovenseweg,106,B,7,5582HW,Waalre
Eindhovenseweg,106,C,1,5582HW,Waalre
Eindhovenseweg,106,C,2,5582HW,Waalre
Eindhovenseweg,106,C,3,5582HW,Waalre
Eindhovenseweg,106,C,4,5582HW,Waalre
Eindhovenseweg,106,C,5,5582HW,Waalre
Eindhovenseweg,106,C,6,5582HW,Waalre
Eindhovenseweg,106,C,7,5582HW,Waalre
Eindhovenseweg,106,D,1,5582HW,Waalre
Eindhovenseweg,106,D,2,5582HW,Waalre
Eindhovenseweg,106,D,3,5582HW,Waalre
Eindhovenseweg,106,D,4,5582HW,Waalre
Eindhovenseweg,106,D,5,5582HW,Waalre
Eindhovenseweg,106,E,"",5582HW,Waalre
Eindhovenseweg,106,F,"",5582HW,Waalre
Eindhovenseweg,106,G,"",5582HW,Waalre
Eindhovenseweg,106,H,"",5582HW,Waalre
Eindhovenseweg,106,I,"",5582HW,Waalre
Eindhovenseweg,106,J,"",5582HW,Waalre
Eindhovenseweg,106,K,"",5582HW,Waalre
Eindhovenseweg,112,"","",5582HW,Waalre
Eindhovenseweg,112,A,"",5582HW,Waalre
Eindhovenseweg,114,"","",5582HW,Waalre
Eindhovenseweg,116,"","",5582HW,Waalre
Eindhovenseweg,124,"","",5582HW,Waalre
Eindhovenseweg,126,"","",5582HW,Waalre
Eindhovenseweg,126,"","",5582HW,Waalre
Eindhovenseweg,126,A,"",5582HW,Waalre
Eindhovenseweg,128,"","",5582HW,Waalre
Kosterhof,1,"","",5582HX,Waalre
Kosterhof,10,"","",5582HX,Waalre
Kosterhof,11,"","",5582HX,Waalre
Kosterhof,12,"","",5582HX,Waalre
Kosterhof,13,"","",5582HX,Waalre
Kosterhof,14,"","",5582HX,Waalre
Kosterhof,15,"","",5582HX,Waalre
Kosterhof,16,"","",5582HX,Waalre
Kosterhof,17,"","",5582HX,Waalre
Kosterhof,18,"","",5582HX,Waalre
Kosterhof,18,"","",5582HX,Waalre
Kosterhof,19,"","",5582HX,Waalre
Kosterhof,2,"","",5582HX,Waalre
Kosterhof,20,"","",5582HX,Waalre
Kosterhof,21,"","",5582HX,Waalre
Kosterhof,22,"","",5582HX,Waalre
Kosterhof,23,"","",5582HX,Waalre
Kosterhof,24,"","",5582HX,Waalre
Kosterhof,25,"","",5582HX,Waalre
Kosterhof,26,"","",5582HX,Waalre
Kosterhof,27,"","",5582HX,Waalre
Kosterhof,28,"","",5582HX,Waalre
Kosterhof,29,"","",5582HX,Waalre
Kosterhof,3,"","",5582HX,Waalre
Kosterhof,30,"","",5582HX,Waalre
Kosterhof,31,"","",5582HX,Waalre
Kosterhof,32,"","",5582HX,Waalre
Kosterhof,33,"","",5582HX,Waalre
Kosterhof,34,"","",5582HX,Waalre
Kosterhof,35,"","",5582HX,Waalre
Kosterhof,36,"","",5582HX,Waalre
Kosterhof,37,"","",5582HX,Waalre
Kosterhof,38,"","",5582HX,Waalre
Kosterhof,39,"","",5582HX,Waalre
Kosterhof,4,"","",5582HX,Waalre
Kosterhof,40,"","",5582HX,Waalre
Kosterhof,41,"","",5582HX,Waalre
Kosterhof,42,"","",5582HX,Waalre
Kosterhof,43,"","",5582HX,Waalre
Kosterhof,44,"","",5582HX,Waalre
Kosterhof,45,"","",5582HX,Waalre
Kosterhof,46,"","",5582HX,Waalre
Kosterhof,47,"","",5582HX,Waalre
Kosterhof,48,"","",5582HX,Waalre
Kosterhof,49,"","",5582HX,Waalre
Kosterhof,5,"","",5582HX,Waalre
Kosterhof,50,"","",5582HX,Waalre
Kosterhof,51,"","",5582HX,Waalre
Kosterhof,52,"","",5582HX,Waalre
Kosterhof,53,"","",5582HX,Waalre
Kosterhof,54,"","",5582HX,Waalre
Kosterhof,55,"","",5582HX,Waalre
Kosterhof,56,"","",5582HX,Waalre
Kosterhof,57,"","",5582HX,Waalre
Kosterhof,58,"","",5582HX,Waalre
Kosterhof,59,"","",5582HX,Waalre
Kosterhof,6,"","",5582HX,Waalre
Kosterhof,60,"","",5582HX,Waalre
Kosterhof,61,"","",5582HX,Waalre
Kosterhof,62,"","",5582HX,Waalre
Kosterhof,63,"","",5582HX,Waalre
Kosterhof,64,"","",5582HX,Waalre
Kosterhof,65,"","",5582HX,Waalre
Kosterhof,66,"","",5582HX,Waalre
Kosterhof,67,"","",5582HX,Waalre
Kosterhof,68,"","",5582HX,Waalre
Kosterhof,69,"","",5582HX,Waalre
Kosterhof,7,"","",5582HX,Waalre
Kosterhof,70,"","",5582HX,Waalre
Kosterhof,71,"","",5582HX,Waalre
Kosterhof,8,"","",5582HX,Waalre
Kosterhof,9,"","",5582HX,Waalre
Raadhuisstraat,1,"","",5582JA,Waalre
Raadhuisstraat,1,"","",5582JA,Waalre
Eindhovenseweg,1,A,"",5582JA,Waalre
Eindhovenseweg,1,A,"",5582JA,Waalre
Raadhuisstraat,11,"","",5582JA,Waalre
Raadhuisstraat,13,"","",5582JA,Waalre
Raadhuisstraat,15,"","",5582JA,Waalre
Raadhuisstraat,17,"","",5582JA,Waalre
Raadhuisstraat,19,"","",5582JA,Waalre
Raadhuisstraat,21,"","",5582JA,Waalre
Raadhuisstraat,23,"","",5582JA,Waalre
Raadhuisstraat,25,"","",5582JA,Waalre
Raadhuisstraat,29,"","",5582JA,Waalre
Raadhuisstraat,3,"","",5582JA,Waalre
Raadhuisstraat,31,"","",5582JA,Waalre
Raadhuisstraat,33,"","",5582JA,Waalre
Raadhuisstraat,35,"","",5582JA,Waalre
Raadhuisstraat,37,"","",5582JA,Waalre
Raadhuisstraat,39,"","",5582JA,Waalre
Raadhuisstraat,41,"","",5582JA,Waalre
Raadhuisstraat,5,"","",5582JA,Waalre
Raadhuisstraat,7,"","",5582JA,Waalre
Raadhuisstraat,9,"","",5582JA,Waalre
Raadhuisstraat,43,"","",5582JB,Waalre
Raadhuisstraat,45,"","",5582JB,Waalre
Raadhuisstraat,47,"","",5582JB,Waalre
Raadhuisstraat,49,"","",5582JB,Waalre
Raadhuisstraat,51,"","",5582JB,Waalre
Raadhuisstraat,51,A,"",5582JB,Waalre
Raadhuisstraat,53,"","",5582JB,Waalre
Raadhuisstraat,55,"","",5582JB,Waalre
Raadhuisstraat,57,"","",5582JB,Waalre
Raadhuisstraat,59,"","",5582JB,Waalre
Raadhuisstraat,59,A,"",5582JB,Waalre
Raadhuisstraat,59,B,"",5582JB,Waalre
Raadhuisstraat,59,C,"",5582JB,Waalre
Raadhuisstraat,61,"","",5582JB,Waalre
Raadhuisstraat,61,A,"",5582JB,Waalre
Raadhuisstraat,61,B,"",5582JB,Waalre
Raadhuisstraat,61,C,"",5582JB,Waalre
Raadhuisstraat,61,D,"",5582JB,Waalre
Raadhuisstraat,61,E,"",5582JB,Waalre
Raadhuisstraat,63,"","",5582JB,Waalre
Raadhuisstraat,63,A,"",5582JB,Waalre
Raadhuisstraat,65,"","",5582JB,Waalre
Raadhuisstraat,67,"","",5582JB,Waalre
Raadhuisstraat,69,"","",5582JB,Waalre
Raadhuisstraat,71,"","",5582JB,Waalre
Raadhuisstraat,73,"","",5582JB,Waalre
Raadhuisstraat,75,"","",5582JB,Waalre
Raadhuisstraat,77,"","",5582JB,Waalre
Raadhuisstraat,79,"","",5582JB,Waalre
Raadhuisstraat,81,"","",5582JC,Waalre
Raadhuisstraat,83,"","",5582JC,Waalre
Raadhuisstraat,85,"","",5582JC,Waalre
Raadhuisstraat,87,"","",5582JC,Waalre
Raadhuisstraat,89,"","",5582JC,Waalre
Raadhuisstraat,89,A,"",5582JC,Waalre
Raadhuisstraat,91,"","",5582JC,Waalre
Raadhuisstraat,93,"","",5582JC,Waalre
Raadhuisstraat,95,"","",5582JC,Waalre
Raadhuisstraat,97,"","",5582JC,Waalre
Raadhuisstraat,99,"","",5582JC,Waalre
Raadhuisstraat,10,"","",5582JD,Waalre
Raadhuisstraat,12,"","",5582JD,Waalre
Raadhuisstraat,12,A,"",5582JD,Waalre
Raadhuisstraat,14,"","",5582JD,Waalre
Raadhuisstraat,14,A,"",5582JD,Waalre
Raadhuisstraat,16,"","",5582JD,Waalre
Raadhuisstraat,16,"","",5582JD,Waalre
Raadhuisstraat,18,"","",5582JD,Waalre
Raadhuisstraat,20,"","",5582JD,Waalre
Raadhuisstraat,22,"","",5582JD,Waalre
Raadhuisstraat,24,"","",5582JD,Waalre
Raadhuisstraat,24,A,"",5582JD,Waalre
Raadhuisstraat,26,"","",5582JD,Waalre
Raadhuisstraat,28,"","",5582JD,Waalre
Raadhuisstraat,28,"","",5582JD,Waalre
Raadhuisstraat,28,A,"",5582JD,Waalre
Raadhuisstraat,6,"","",5582JD,Waalre
Raadhuisstraat,6,A,"",5582JD,Waalre
Raadhuisstraat,6,B,"",5582JD,Waalre
Raadhuisstraat,8,"","",5582JD,Waalre
Raadhuisstraat,30,"","",5582JE,Waalre
Raadhuisstraat,32,"","",5582JE,Waalre
Raadhuisstraat,34,"","",5582JE,Waalre
Raadhuisstraat,36,"","",5582JE,Waalre
Raadhuisstraat,38,"","",5582JE,Waalre
Raadhuisstraat,40,"","",5582JE,Waalre
Raadhuisstraat,42,"","",5582JE,Waalre
Raadhuisstraat,44,"","",5582JE,Waalre
Raadhuisstraat,46,"","",5582JE,Waalre
Raadhuisstraat,48,"","",5582JE,Waalre
Raadhuisstraat,50,"","",5582JE,Waalre
Raadhuisstraat,52,"","",5582JE,Waalre
Raadhuisstraat,52,"","",5582JE,Waalre
Raadhuisstraat,54,"","",5582JE,Waalre
Raadhuisstraat,56,"","",5582JE,Waalre
Raadhuisstraat,58,"","",5582JE,Waalre
Raadhuisstraat,60,"","",5582JE,Waalre
Raadhuisstraat,60,A,"",5582JE,Waalre
Raadhuisstraat,62,"","",5582JE,Waalre
Raadhuisstraat,62,A,"",5582JE,Waalre
Raadhuisstraat,64,"","",5582JE,Waalre
Raadhuisstraat,66,"","",5582JE,Waalre
Raadhuisstraat,68,"","",5582JG,Waalre
Raadhuisstraat,68,A,"",5582JG,Waalre
Raadhuisstraat,70,"","",5582JG,Waalre
Raadhuisstraat,70,"","",5582JG,Waalre
Raadhuisstraat,70,A,"",5582JG,Waalre
Raadhuisstraat,70,B,"",5582JG,Waalre
Raadhuisstraat,72,"","",5582JG,Waalre
Raadhuisstraat,74,A,"",5582JG,Waalre
Raadhuisstraat,76,"","",5582JG,Waalre
Raadhuisstraat,78,"","",5582JG,Waalre
Raadhuisstraat,78,A,"",5582JG,Waalre
Raadhuisstraat,78,B,"",5582JG,Waalre
Raadhuisstraat,80,"","",5582JG,Waalre
Raadhuisstraat,82,"","",5582JG,Waalre
Raadhuisstraat,84,"","",5582JG,Waalre
Raadhuisstraat,86,"","",5582JG,Waalre
Raadhuisstraat,88,"","",5582JG,Waalre
Kerkhoflaan,1,"","",5582JH,Waalre
Kerkhoflaan,1,A,"",5582JH,Waalre
Kerkhoflaan,1,B,"",5582JH,Waalre
Kerkhoflaan,10,"","",5582JH,Waalre
Kerkhoflaan,11,"","",5582JH,Waalre
Kerkhoflaan,12,"","",5582JH,Waalre
Kerkhoflaan,13,"","",5582JH,Waalre
Kerkhoflaan,13,"","",5582JH,Waalre
Kerkhoflaan,14,"","",5582JH,Waalre
Kerkhoflaan,16,"","",5582JH,Waalre
Kerkhoflaan,18,"","",5582JH,Waalre
Kerkhoflaan,20,"","",5582JH,Waalre
Kerkhoflaan,22,"","",5582JH,Waalre
Kerkhoflaan,24,"","",5582JH,Waalre
Kerkhoflaan,26,"","",5582JH,Waalre
Kerkhoflaan,3,"","",5582JH,Waalre
Kerkhoflaan,4,"","",5582JH,Waalre
Kerkhoflaan,5,"","",5582JH,Waalre
Kerkhoflaan,6,"","",5582JH,Waalre
Kerkhoflaan,7,"","",5582JH,Waalre
Kerkhoflaan,7,"","",5582JH,Waalre
Kerkhoflaan,8,"","",5582JH,Waalre
Kerkhoflaan,9,"","",5582JH,Waalre
Willem Smuldersplein,1,"","",5582JJ,Waalre
Willem Smuldersplein,10,"","",5582JJ,Waalre
Willem Smuldersplein,11,"","",5582JJ,Waalre
Willem Smuldersplein,2,"","",5582JJ,Waalre
Willem Smuldersplein,3,"","",5582JJ,Waalre
Willem Smuldersplein,4,"","",5582JJ,Waalre
Willem Smuldersplein,4,A,"",5582JJ,Waalre
Willem Smuldersplein,5,"","",5582JJ,Waalre
Willem Smuldersplein,6,"","",5582JJ,Waalre
Willem Smuldersplein,7,"","",5582JJ,Waalre
Willem Smuldersplein,8,"","",5582JJ,Waalre
Willem Smuldersplein,9,"","",5582JJ,Waalre
Piet Heinstraat,1,"","",5582JK,Waalre
Piet Heinstraat,10,"","",5582JK,Waalre
Piet Heinstraat,11,"","",5582JK,Waalre
Piet Heinstraat,13,"","",5582JK,Waalre
Piet Heinstraat,15,"","",5582JK,Waalre
Piet Heinstraat,17,"","",5582JK,Waalre
Piet Heinstraat,19,"","",5582JK,Waalre
Piet Heinstraat,2,"","",5582JK,Waalre
Piet Heinstraat,3,"","",5582JK,Waalre
Piet Heinstraat,4,"","",5582JK,Waalre
Piet Heinstraat,5,"","",5582JK,Waalre
Piet Heinstraat,6,"","",5582JK,Waalre
Piet Heinstraat,7,"","",5582JK,Waalre
Piet Heinstraat,8,"","",5582JK,Waalre
Piet Heinstraat,9,"","",5582JK,Waalre
Michiel de Ruyterstraat,1,"","",5582JL,Waalre
Michiel de Ruyterstraat,101,"","",5582JL,Waalre
Michiel de Ruyterstraat,11,"","",5582JL,Waalre
Michiel de Ruyterstraat,13,"","",5582JL,Waalre
Michiel de Ruyterstraat,15,"","",5582JL,Waalre
Michiel de Ruyterstraat,17,"","",5582JL,Waalre
Michiel de Ruyterstraat,19,"","",5582JL,Waalre
Michiel de Ruyterstraat,21,"","",5582JL,Waalre
Michiel de Ruyterstraat,23,"","",5582JL,Waalre
Michiel de Ruyterstraat,25,"","",5582JL,Waalre
Michiel de Ruyterstraat,27,"","",5582JL,Waalre
Michiel de Ruyterstraat,29,"","",5582JL,Waalre
Michiel de Ruyterstraat,3,"","",5582JL,Waalre
Michiel de Ruyterstraat,31,"","",5582JL,Waalre
Michiel de Ruyterstraat,33,"","",5582JL,Waalre
Michiel de Ruyterstraat,33,A,"",5582JL,Waalre
Michiel de Ruyterstraat,35,"","",5582JL,Waalre
Michiel de Ruyterstraat,37,"","",5582JL,Waalre
Michiel de Ruyterstraat,39,"","",5582JL,Waalre
Michiel de Ruyterstraat,41,"","",5582JL,Waalre
Michiel de Ruyterstraat,43,"","",5582JL,Waalre
Michiel de Ruyterstraat,45,"","",5582JL,Waalre
Michiel de Ruyterstraat,47,"","",5582JL,Waalre
Michiel de Ruyterstraat,49,"","",5582JL,Waalre
Michiel de Ruyterstraat,5,"","",5582JL,Waalre
Michiel de Ruyterstraat,51,"","",5582JL,Waalre
Michiel de Ruyterstraat,53,"","",5582JL,Waalre
Michiel de Ruyterstraat,55,"","",5582JL,Waalre
Michiel de Ruyterstraat,57,"","",5582JL,Waalre
Michiel de Ruyterstraat,59,"","",5582JL,Waalre
Michiel de Ruyterstraat,61,"","",5582JL,Waalre
Michiel de Ruyterstraat,63,"","",5582JL,Waalre
Michiel de Ruyterstraat,65,"","",5582JL,Waalre
Michiel de Ruyterstraat,67,"","",5582JL,Waalre
Michiel de Ruyterstraat,69,"","",5582JL,Waalre
Michiel de Ruyterstraat,7,"","",5582JL,Waalre
Michiel de Ruyterstraat,71,"","",5582JL,Waalre
Michiel de Ruyterstraat,71,A,"",5582JL,Waalre
Michiel de Ruyterstraat,71,A,"",5582JL,Waalre
Michiel de Ruyterstraat,71,A,"",5582JL,Waalre
Michiel de Ruyterstraat,71,B,"",5582JL,Waalre
Michiel de Ruyterstraat,71,B,"",5582JL,Waalre
Michiel de Ruyterstraat,73,"","",5582JL,Waalre
Michiel de Ruyterstraat,73,"","",5582JL,Waalre
Michiel de Ruyterstraat,73,"","",5582JL,Waalre
Michiel de Ruyterstraat,73,A,"",5582JL,Waalre
Michiel de Ruyterstraat,73,A,"",5582JL,Waalre
Michiel de Ruyterstraat,75,"","",5582JL,Waalre
Michiel de Ruyterstraat,75,"","",5582JL,Waalre
Michiel de Ruyterstraat,77,"","",5582JL,Waalre
Michiel de Ruyterstraat,77,"","",5582JL,Waalre
Michiel de Ruyterstraat,77,A,"",5582JL,Waalre
Michiel de Ruyterstraat,79,"","",5582JL,Waalre
Michiel de Ruyterstraat,79,"","",5582JL,Waalre
Michiel de Ruyterstraat,81,"","",5582JL,Waalre
Michiel de Ruyterstraat,83,"","",5582JL,Waalre
Michiel de Ruyterstraat,85,"","",5582JL,Waalre
Michiel de Ruyterstraat,87,"","",5582JL,Waalre
Michiel de Ruyterstraat,89,"","",5582JL,Waalre
Michiel de Ruyterstraat,9,"","",5582JL,Waalre
Michiel de Ruyterstraat,91,"","",5582JL,Waalre
Michiel de Ruyterstraat,93,"","",5582JL,Waalre
Michiel de Ruyterstraat,97,"","",5582JL,Waalre
Michiel de Ruyterstraat,99,"","",5582JL,Waalre
Michiel de Ruyterstraat,99,"","",5582JL,Waalre
Michiel de Ruyterstraat,99,A,"",5582JL,Waalre
Michiel de Ruyterstraat,99,B,"",5582JL,Waalre
Michiel de Ruyterstraat,10,"","",5582JM,Waalre
Michiel de Ruyterstraat,10,"","",5582JM,Waalre
Michiel de Ruyterstraat,10,A,"",5582JM,Waalre
Michiel de Ruyterstraat,12,"","",5582JM,Waalre
Michiel de Ruyterstraat,12,"","",5582JM,Waalre
Michiel de Ruyterstraat,12,A,"",5582JM,Waalre
Michiel de Ruyterstraat,14,"","",5582JM,Waalre
Michiel de Ruyterstraat,14,"","",5582JM,Waalre
Michiel de Ruyterstraat,16,"","",5582JM,Waalre
Michiel de Ruyterstraat,16,"","",5582JM,Waalre
Michiel de Ruyterstraat,16,A,"",5582JM,Waalre
Michiel de Ruyterstraat,18,"","",5582JM,Waalre
Michiel de Ruyterstraat,18,"","",5582JM,Waalre
Michiel de Ruyterstraat,18,A,"",5582JM,Waalre
Michiel de Ruyterstraat,2,"","",5582JM,Waalre
Michiel de Ruyterstraat,20,"","",5582JM,Waalre
Michiel de Ruyterstraat,20,"","",5582JM,Waalre
Michiel de Ruyterstraat,22,"","",5582JM,Waalre
Michiel de Ruyterstraat,22,"","",5582JM,Waalre
Michiel de Ruyterstraat,22,A,"",5582JM,Waalre
Michiel de Ruyterstraat,24,"","",5582JM,Waalre
Michiel de Ruyterstraat,24,"","",5582JM,Waalre
Michiel de Ruyterstraat,26,"","",5582JM,Waalre
Michiel de Ruyterstraat,26,"","",5582JM,Waalre
Michiel de Ruyterstraat,28,"","",5582JM,Waalre
Michiel de Ruyterstraat,30,"","",5582JM,Waalre
Michiel de Ruyterstraat,32,"","",5582JM,Waalre
Michiel de Ruyterstraat,34,"","",5582JM,Waalre
Michiel de Ruyterstraat,36,"","",5582JM,Waalre
Michiel de Ruyterstraat,38,"","",5582JM,Waalre
Michiel de Ruyterstraat,4,"","",5582JM,Waalre
Michiel de Ruyterstraat,4,"","",5582JM,Waalre
Michiel de Ruyterstraat,4,A,"",5582JM,Waalre
Michiel de Ruyterstraat,40,"","",5582JM,Waalre
Michiel de Ruyterstraat,42,"","",5582JM,Waalre
Michiel de Ruyterstraat,6,"","",5582JM,Waalre
Michiel de Ruyterstraat,6,"","",5582JM,Waalre
Michiel de Ruyterstraat,6,A,"",5582JM,Waalre
Michiel de Ruyterstraat,8,"","",5582JM,Waalre
Michiel de Ruyterstraat,8,"","",5582JM,Waalre
Maarten Trompstraat,10,"","",5582JN,Waalre
Maarten Trompstraat,11,"","",5582JN,Waalre
Maarten Trompstraat,12,"","",5582JN,Waalre
Maarten Trompstraat,13,"","",5582JN,Waalre
Maarten Trompstraat,14,"","",5582JN,Waalre
Maarten Trompstraat,15,"","",5582JN,Waalre
Maarten Trompstraat,16,"","",5582JN,Waalre
Maarten Trompstraat,17,"","",5582JN,Waalre
Maarten Trompstraat,18,"","",5582JN,Waalre
Maarten Trompstraat,19,"","",5582JN,Waalre
Maarten Trompstraat,2,"","",5582JN,Waalre
Maarten Trompstraat,20,"","",5582JN,Waalre
Maarten Trompstraat,21,"","",5582JN,Waalre
Maarten Trompstraat,22,"","",5582JN,Waalre
Maarten Trompstraat,3,"","",5582JN,Waalre
Maarten Trompstraat,4,"","",5582JN,Waalre
Maarten Trompstraat,5,"","",5582JN,Waalre
Maarten Trompstraat,6,"","",5582JN,Waalre
Maarten Trompstraat,7,"","",5582JN,Waalre
Maarten Trompstraat,8,"","",5582JN,Waalre
Maarten Trompstraat,9,"","",5582JN,Waalre
Prins Clauslaan,1,"","",5582JP,Waalre
Prins Clauslaan,11,"","",5582JP,Waalre
Prins Clauslaan,13,"","",5582JP,Waalre
Prins Clauslaan,15,"","",5582JP,Waalre
Prins Clauslaan,17,"","",5582JP,Waalre
Prins Clauslaan,19,"","",5582JP,Waalre
Prins Clauslaan,21,"","",5582JP,Waalre
Prins Clauslaan,23,"","",5582JP,Waalre
Prins Clauslaan,3,"","",5582JP,Waalre
Prins Clauslaan,5,"","",5582JP,Waalre
Prins Clauslaan,7,"","",5582JP,Waalre
Prins Clauslaan,9,"","",5582JP,Waalre
Prins Clauslaan,10,"","",5582JR,Waalre
Prins Clauslaan,12,"","",5582JR,Waalre
Prins Clauslaan,14,"","",5582JR,Waalre
Prins Clauslaan,16,"","",5582JR,Waalre
Prins Clauslaan,18,"","",5582JR,Waalre
Prins Clauslaan,2,"","",5582JR,Waalre
Prins Clauslaan,20,"","",5582JR,Waalre
Prins Clauslaan,22,"","",5582JR,Waalre
Prins Clauslaan,24,"","",5582JR,Waalre
Prins Clauslaan,4,"","",5582JR,Waalre
Prins Clauslaan,6,"","",5582JR,Waalre
Prins Clauslaan,8,"","",5582JR,Waalre
Bernhardweg,1,"","",5582JS,Waalre
Bernhardweg,11,"","",5582JS,Waalre
Bernhardweg,13,"","",5582JS,Waalre
Bernhardweg,15,"","",5582JS,Waalre
Bernhardweg,2,"","",5582JS,Waalre
Bernhardweg,3,"","",5582JS,Waalre
Bernhardweg,4,"","",5582JS,Waalre
Bernhardweg,5,"","",5582JS,Waalre
Bernhardweg,6,"","",5582JS,Waalre
Bernhardweg,6,"","",5582JS,Waalre
Bernhardweg,6,"","",5582JS,Waalre
Bernhardweg,7,"","",5582JS,Waalre
Bernhardweg,8,"","",5582JS,Waalre
Bernhardweg,9,"","",5582JS,Waalre
Beatrixweg,1,"","",5582JT,Waalre
Beatrixweg,2,"","",5582JT,Waalre
Beatrixweg,3,"","",5582JT,Waalre
Beatrixweg,4,"","",5582JT,Waalre
Koningin Julianalaan,1,"","",5582JV,Waalre
Koningin Julianalaan,10,"","",5582JV,Waalre
Koningin Julianalaan,11,"","",5582JV,Waalre
Koningin Julianalaan,12,"","",5582JV,Waalre
Koningin Julianalaan,14,"","",5582JV,Waalre
Koningin Julianalaan,15,"","",5582JV,Waalre
Koningin Julianalaan,15,A,"",5582JV,Waalre
Koningin Julianalaan,16,"","",5582JV,Waalre
Koningin Julianalaan,17,"","",5582JV,Waalre
Koningin Julianalaan,18,"","",5582JV,Waalre
Koningin Julianalaan,19,"","",5582JV,Waalre
Koningin Julianalaan,19,"","",5582JV,Waalre
Koningin Julianalaan,19,"","",5582JV,Waalre
Koningin Julianalaan,2,"","",5582JV,Waalre
Koningin Julianalaan,20,"","",5582JV,Waalre
Koningin Julianalaan,22,"","",5582JV,Waalre
Koningin Julianalaan,24,"","",5582JV,Waalre
Koningin Julianalaan,26,"","",5582JV,Waalre
Koningin Julianalaan,28,"","",5582JV,Waalre
Koningin Julianalaan,3,"","",5582JV,Waalre
Koningin Julianalaan,4,"","",5582JV,Waalre
Koningin Julianalaan,4,A,"",5582JV,Waalre
Koningin Julianalaan,5,"","",5582JV,Waalre
Koningin Julianalaan,6,"","",5582JV,Waalre
Koningin Julianalaan,8,"","",5582JV,Waalre
Dorpsstraat,10,"","",5582JW,Waalre
Dorpsstraat,10,"","",5582JW,Waalre
Dorpsstraat,12,"","",5582JW,Waalre
Dorpsstraat,12,"","",5582JW,Waalre
Dorpsstraat,14,"","",5582JW,Waalre
Dorpsstraat,14,"","",5582JW,Waalre
Dorpsstraat,16,"","",5582JW,Waalre
Dorpsstraat,16,"","",5582JW,Waalre
Dorpsstraat,18,"","",5582JW,Waalre
Dorpsstraat,18,"","",5582JW,Waalre
Dorpsstraat,2,"","",5582JW,Waalre
Dorpsstraat,2,"","",5582JW,Waalre
Dorpsstraat,20,"","",5582JW,Waalre
Dorpsstraat,20,"","",5582JW,Waalre
Dorpsstraat,22,"","",5582JW,Waalre
Dorpsstraat,22,"","",5582JW,Waalre
Dorpsstraat,23,"","",5582JW,Waalre
Dorpsstraat,24,"","",5582JW,Waalre
Dorpsstraat,24,"","",5582JW,Waalre
Dorpsstraat,25,"","",5582JW,Waalre
Dorpsstraat,26,"","",5582JW,Waalre
Dorpsstraat,26,"","",5582JW,Waalre
Dorpsstraat,27,"","",5582JW,Waalre
Dorpsstraat,28,"","",5582JW,Waalre
Dorpsstraat,28,"","",5582JW,Waalre
Dorpsstraat,29,"","",5582JW,Waalre
Dorpsstraat,30,"","",5582JW,Waalre
Dorpsstraat,30,"","",5582JW,Waalre
Dorpsstraat,31,"","",5582JW,Waalre
Dorpsstraat,32,"","",5582JW,Waalre
Dorpsstraat,32,"","",5582JW,Waalre
Dorpsstraat,33,"","",5582JW,Waalre
Dorpsstraat,34,"","",5582JW,Waalre
Dorpsstraat,34,"","",5582JW,Waalre
Dorpsstraat,36,"","",5582JW,Waalre
Dorpsstraat,36,"","",5582JW,Waalre
Dorpsstraat,38,"","",5582JW,Waalre
Dorpsstraat,38,"","",5582JW,Waalre
Dorpsstraat,4,"","",5582JW,Waalre
Dorpsstraat,4,"","",5582JW,Waalre
Dorpsstraat,40,"","",5582JW,Waalre
Dorpsstraat,40,"","",5582JW,Waalre
Dorpsstraat,42,"","",5582JW,Waalre
Dorpsstraat,42,"","",5582JW,Waalre
Dorpsstraat,44,"","",5582JW,Waalre
Dorpsstraat,44,"","",5582JW,Waalre
Dorpsstraat,46,"","",5582JW,Waalre
Dorpsstraat,46,"","",5582JW,Waalre
Dorpsstraat,48,"","",5582JW,Waalre
Dorpsstraat,48,"","",5582JW,Waalre
Dorpsstraat,50,"","",5582JW,Waalre
Dorpsstraat,50,"","",5582JW,Waalre
Dorpsstraat,52,"","",5582JW,Waalre
Dorpsstraat,52,"","",5582JW,Waalre
Dorpsstraat,54,"","",5582JW,Waalre
Dorpsstraat,54,"","",5582JW,Waalre
Dorpsstraat,56,"","",5582JW,Waalre
Dorpsstraat,56,"","",5582JW,Waalre
Dorpsstraat,58,"","",5582JW,Waalre
Dorpsstraat,58,"","",5582JW,Waalre
Dorpsstraat,6,"","",5582JW,Waalre
Dorpsstraat,6,"","",5582JW,Waalre
Dorpsstraat,60,"","",5582JW,Waalre
Dorpsstraat,60,"","",5582JW,Waalre
Dorpsstraat,62,"","",5582JW,Waalre
Dorpsstraat,62,"","",5582JW,Waalre
Dorpsstraat,64,"","",5582JW,Waalre
Dorpsstraat,64,"","",5582JW,Waalre
Dorpsstraat,66,"","",5582JW,Waalre
Dorpsstraat,66,"","",5582JW,Waalre
Dorpsstraat,8,"","",5582JW,Waalre
Dorpsstraat,8,"","",5582JW,Waalre
Koningin Julianalaan,30,"","",5582JX,Waalre
Koningin Julianalaan,32,"","",5582JX,Waalre
Koningin Julianalaan,34,"","",5582JX,Waalre
Koningin Julianalaan,38,"","",5582JX,Waalre
Koningin Julianalaan,40,"","",5582JX,Waalre
Koningin Julianalaan,42,"","",5582JX,Waalre
Koningin Julianalaan,44,"","",5582JX,Waalre
Koningin Julianalaan,44,"","",5582JX,Waalre
Koningin Julianalaan,44,"","",5582JX,Waalre
Koningin Julianalaan,44,"","",5582JX,Waalre
Koningin Julianalaan,46,"","",5582JX,Waalre
Koningin Julianalaan,46,"","",5582JX,Waalre
Koningin Julianalaan,46,"","",5582JX,Waalre
Koningin Julianalaan,46,"","",5582JX,Waalre
Koningin Julianalaan,48,"","",5582JX,Waalre
Koningin Julianalaan,50,"","",5582JX,Waalre
Koningin Julianalaan,54,"","",5582JX,Waalre
Koningin Julianalaan,56,"","",5582JX,Waalre
Koningin Julianalaan,58,"","",5582JX,Waalre
Koningin Julianalaan,60,"","",5582JX,Waalre
Den Hof,1,"","",5582JZ,Waalre
Den Hof,1,"","",5582JZ,Waalre
Den Hof,10,"","",5582JZ,Waalre
Den Hof,100,"","",5582JZ,Waalre
Den Hof,102,"","",5582JZ,Waalre
Den Hof,104,"","",5582JZ,Waalre
Den Hof,106,"","",5582JZ,Waalre
Den Hof,108,"","",5582JZ,Waalre
Den Hof,11,"","",5582JZ,Waalre
Den Hof,110,"","",5582JZ,Waalre
Den Hof,110,"","",5582JZ,Waalre
Den Hof,110,A,"",5582JZ,Waalre
Den Hof,110,A,"",5582JZ,Waalre
Den Hof,110,B,"",5582JZ,Waalre
Den Hof,112,"","",5582JZ,Waalre
Den Hof,112,"","",5582JZ,Waalre
Den Hof,114,"","",5582JZ,Waalre
Den Hof,116,"","",5582JZ,Waalre
Den Hof,118,"","",5582JZ,Waalre
Den Hof,12,"","",5582JZ,Waalre
Den Hof,120,"","",5582JZ,Waalre
Den Hof,122,"","",5582JZ,Waalre
Den Hof,124,"","",5582JZ,Waalre
Den Hof,126,"","",5582JZ,Waalre
Den Hof,128,"","",5582JZ,Waalre
Den Hof,13,"","",5582JZ,Waalre
Den Hof,130,"","",5582JZ,Waalre
Den Hof,130,A,"",5582JZ,Waalre
Den Hof,132,"","",5582JZ,Waalre
Den Hof,134,"","",5582JZ,Waalre
Den Hof,136,"","",5582JZ,Waalre
Den Hof,138,"","",5582JZ,Waalre
Den Hof,14,"","",5582JZ,Waalre
Den Hof,140,"","",5582JZ,Waalre
Den Hof,142,"","",5582JZ,Waalre
Den Hof,144,"","",5582JZ,Waalre
Den Hof,144,A,"",5582JZ,Waalre
Den Hof,144,A,"",5582JZ,Waalre
Den Hof,144,B,"",5582JZ,Waalre
Den Hof,144,B,"",5582JZ,Waalre
Den Hof,144,B,"",5582JZ,Waalre
Den Hof,144,C,"",5582JZ,Waalre
Den Hof,144,C,"",5582JZ,Waalre
Den Hof,144,D,"",5582JZ,Waalre
Den Hof,144,D,"",5582JZ,Waalre
Den Hof,144,E,"",5582JZ,Waalre
Den Hof,144,E,"",5582JZ,Waalre
Den Hof,146,"","",5582JZ,Waalre
Den Hof,146,"","",5582JZ,Waalre
Den Hof,146,"","",5582JZ,Waalre
Den Hof,146,"","",5582JZ,Waalre
Den Hof,146,A,"",5582JZ,Waalre
Den Hof,148,"","",5582JZ,Waalre
Den Hof,15,"","",5582JZ,Waalre
Den Hof,150,"","",5582JZ,Waalre
Den Hof,152,"","",5582JZ,Waalre
Den Hof,154,"","",5582JZ,Waalre
Den Hof,156,"","",5582JZ,Waalre
Den Hof,16,"","",5582JZ,Waalre
Den Hof,16,A,"",5582JZ,Waalre
Den Hof,16,A,"",5582JZ,Waalre
Den Hof,17,"","",5582JZ,Waalre
Den Hof,18,"","",5582JZ,Waalre
Den Hof,18,"","",5582JZ,Waalre
Den Hof,18,A,"",5582JZ,Waalre
Den Hof,19,"","",5582JZ,Waalre
Den Hof,2,"","",5582JZ,Waalre
Den Hof,2,"","",5582JZ,Waalre
Den Hof,2,A,"",5582JZ,Waalre
Den Hof,20,"","",5582JZ,Waalre
Den Hof,20,"","",5582JZ,Waalre
Den Hof,21,"","",5582JZ,Waalre
Den Hof,23,"","",5582JZ,Waalre
Den Hof,25,"","",5582JZ,Waalre
Den Hof,26,"","",5582JZ,Waalre
Den Hof,27,"","",5582JZ,Waalre
Den Hof,28,"","",5582JZ,Waalre
Den Hof,29,"","",5582JZ,Waalre
Den Hof,3,"","",5582JZ,Waalre
Den Hof,3,"","",5582JZ,Waalre
Den Hof,30,"","",5582JZ,Waalre
Den Hof,32,"","",5582JZ,Waalre
Den Hof,33,"","",5582JZ,Waalre
Den Hof,34,"","",5582JZ,Waalre
Den Hof,35,"","",5582JZ,Waalre
Den Hof,36,"","",5582JZ,Waalre
Den Hof,38,"","",5582JZ,Waalre
Den Hof,4,"","",5582JZ,Waalre
Den Hof,4,"","",5582JZ,Waalre
Den Hof,40,"","",5582JZ,Waalre
Den Hof,42,"","",5582JZ,Waalre
Den Hof,44,"","",5582JZ,Waalre
Den Hof,46,"","",5582JZ,Waalre
Den Hof,48,"","",5582JZ,Waalre
Den Hof,5,"","",5582JZ,Waalre
Den Hof,5,"","",5582JZ,Waalre
Den Hof,50,"","",5582JZ,Waalre
Den Hof,52,"","",5582JZ,Waalre
Den Hof,54,"","",5582JZ,Waalre
Den Hof,56,"","",5582JZ,Waalre
Den Hof,58,"","",5582JZ,Waalre
Den Hof,60,"","",5582JZ,Waalre
Den Hof,62,"","",5582JZ,Waalre
Den Hof,64,"","",5582JZ,Waalre
Den Hof,66,"","",5582JZ,Waalre
Den Hof,68,"","",5582JZ,Waalre
Den Hof,7,"","",5582JZ,Waalre
Den Hof,70,"","",5582JZ,Waalre
Den Hof,72,"","",5582JZ,Waalre
Den Hof,74,"","",5582JZ,Waalre
Den Hof,76,"","",5582JZ,Waalre
Den Hof,78,"","",5582JZ,Waalre
Den Hof,8,"","",5582JZ,Waalre
Den Hof,80,"","",5582JZ,Waalre
Den Hof,82,"","",5582JZ,Waalre
Den Hof,82,A,"",5582JZ,Waalre
Den Hof,82,B,"",5582JZ,Waalre
Den Hof,82,C,"",5582JZ,Waalre
Den Hof,82,D,"",5582JZ,Waalre
Den Hof,82,E,"",5582JZ,Waalre
Den Hof,84,"","",5582JZ,Waalre
Den Hof,84,A,"",5582JZ,Waalre
Den Hof,86,"","",5582JZ,Waalre
Den Hof,9,"","",5582JZ,Waalre
Den Hof,90,"","",5582JZ,Waalre
Den Hof,90,"","",5582JZ,Waalre
Den Hof,92,"","",5582JZ,Waalre
Den Hof,92,"","",5582JZ,Waalre
Den Hof,94,"","",5582JZ,Waalre
Den Hof,98,"","",5582JZ,Waalre
Molenvenlaan,1,"","",5582KA,Waalre
Molenvenlaan,10,"","",5582KA,Waalre
Molenvenlaan,10,"","",5582KA,Waalre
Molenvenlaan,10,"","",5582KA,Waalre
Molenvenlaan,11,"","",5582KA,Waalre
Molenvenlaan,13,"","",5582KA,Waalre
Molenvenlaan,13,"","",5582KA,Waalre
Molenvenlaan,2,"","",5582KA,Waalre
Molenvenlaan,3,"","",5582KA,Waalre
Molenvenlaan,3,"","",5582KA,Waalre
Molenvenlaan,4,"","",5582KA,Waalre
Molenvenlaan,5,"","",5582KA,Waalre
Molenvenlaan,5,"","",5582KA,Waalre
Molenvenlaan,5,"","",5582KA,Waalre
Molenvenlaan,6,"","",5582KA,Waalre
Molenvenlaan,7,"","",5582KA,Waalre
Molenvenlaan,8,"","",5582KA,Waalre
Molenvenlaan,9,"","",5582KA,Waalre
Lissevenlaan,1,"","",5582KB,Waalre
Lissevenlaan,1,A,"",5582KB,Waalre
Lissevenlaan,11,"","",5582KB,Waalre
Lissevenlaan,11,"","",5582KB,Waalre
Lissevenlaan,11,"","",5582KB,Waalre
Lissevenlaan,13,"","",5582KB,Waalre
Lissevenlaan,13,"","",5582KB,Waalre
Lissevenlaan,15,"","",5582KB,Waalre
Lissevenlaan,17,"","",5582KB,Waalre
Lissevenlaan,19,"","",5582KB,Waalre
Lissevenlaan,21,"","",5582KB,Waalre
Lissevenlaan,23,"","",5582KB,Waalre
Lissevenlaan,25,"","",5582KB,Waalre
Lissevenlaan,3,"","",5582KB,Waalre
Lissevenlaan,5,"","",5582KB,Waalre
Lissevenlaan,7,"","",5582KB,Waalre
Lissevenlaan,9,"","",5582KB,Waalre
Lissevenlaan,14,"","",5582KC,Waalre
Lissevenlaan,14,"","",5582KC,Waalre
Lissevenlaan,16,"","",5582KC,Waalre
Lissevenlaan,16,"","",5582KC,Waalre
Lissevenlaan,18,"","",5582KC,Waalre
Lissevenlaan,2,"","",5582KC,Waalre
Lissevenlaan,27,"","",5582KC,Waalre
Lissevenlaan,29,"","",5582KC,Waalre
Lissevenlaan,31,"","",5582KC,Waalre
Lissevenlaan,33,"","",5582KC,Waalre
Lissevenlaan,4,"","",5582KC,Waalre
Lissevenlaan,6,"","",5582KC,Waalre
Lissevenlaan,8,"","",5582KC,Waalre
Lissevenlaan,8,"","",5582KC,Waalre
Hoge Duinlaan,1,"","",5582KD,Waalre
Hoge Duinlaan,1,"","",5582KD,Waalre
Hoge Duinlaan,1,"","",5582KD,Waalre
Hoge Duinlaan,1,A,"",5582KD,Waalre
't Landschut,1,B,"",5582KD,Waalre
't Landschut,1,B,"",5582KD,Waalre
't Landschut,1,B,"",5582KD,Waalre
Hoge Duinlaan,1,C,"",5582KD,Waalre
Hoge Duinlaan,11,"","",5582KD,Waalre
Hoge Duinlaan,13,"","",5582KD,Waalre
Hoge Duinlaan,15,"","",5582KD,Waalre
Hoge Duinlaan,15,"","",5582KD,Waalre
Hoge Duinlaan,3,"","",5582KD,Waalre
Hoge Duinlaan,5,"","",5582KD,Waalre
Hoge Duinlaan,7,"","",5582KD,Waalre
Hoge Duinlaan,9,"","",5582KD,Waalre
Hoge Duinlaan,10,"","",5582KE,Waalre
Hoge Duinlaan,12,"","",5582KE,Waalre
Hoge Duinlaan,17,"","",5582KE,Waalre
Hoge Duinlaan,17,"","",5582KE,Waalre
Hoge Duinlaan,19,"","",5582KE,Waalre
Hoge Duinlaan,2,"","",5582KE,Waalre
Hoge Duinlaan,21,"","",5582KE,Waalre
Hoge Duinlaan,23,"","",5582KE,Waalre
Hoge Duinlaan,4,"","",5582KE,Waalre
Hoge Duinlaan,6,"","",5582KE,Waalre
Hoge Duinlaan,8,"","",5582KE,Waalre
Hoge Duinlaan,8,"","",5582KE,Waalre
Hoge Duinlaan,14,"","",5582KG,Waalre
Hoge Duinlaan,16,"","",5582KG,Waalre
Hoge Duinlaan,16,"","",5582KG,Waalre
Hoge Duinlaan,16,"","",5582KG,Waalre
Hoge Duinlaan,18,"","",5582KG,Waalre
Hoge Duinlaan,18,"","",5582KG,Waalre
Hoge Duinlaan,20,"","",5582KG,Waalre
Hoge Duinlaan,22,"","",5582KG,Waalre
Hoge Duinlaan,24,"","",5582KG,Waalre
Hoge Duinlaan,26,"","",5582KG,Waalre
Hoge Duinlaan,28,"","",5582KG,Waalre
Hoge Duinlaan,30,"","",5582KG,Waalre
Hoge Duinlaan,32,"","",5582KG,Waalre
Prinses Margrietlaan,1,"","",5582KH,Waalre
Prinses Margrietlaan,1,A,"",5582KH,Waalre
Prinses Margrietlaan,10,"","",5582KH,Waalre
Prinses Margrietlaan,12,"","",5582KH,Waalre
Prinses Margrietlaan,14,"","",5582KH,Waalre
Prinses Margrietlaan,3,"","",5582KH,Waalre
Prinses Margrietlaan,4,"","",5582KH,Waalre
Prinses Margrietlaan,6,"","",5582KH,Waalre
Prinses Margrietlaan,6,"","",5582KH,Waalre
Prinses Margrietlaan,8,"","",5582KH,Waalre
Prinses Margrietlaan,8,"","",5582KH,Waalre
Prins Constantijnlaan,1,"","",5582KJ,Waalre
Prins Constantijnlaan,10,"","",5582KJ,Waalre
Prins Constantijnlaan,11,"","",5582KJ,Waalre
Prins Constantijnlaan,12,"","",5582KJ,Waalre
Prins Constantijnlaan,13,"","",5582KJ,Waalre
Prins Constantijnlaan,14,"","",5582KJ,Waalre
Prins Constantijnlaan,15,"","",5582KJ,Waalre
Prins Constantijnlaan,17,"","",5582KJ,Waalre
Prins Constantijnlaan,17,"","",5582KJ,Waalre
Prins Constantijnlaan,2,"","",5582KJ,Waalre
Prins Constantijnlaan,2,A,"",5582KJ,Waalre
Prins Constantijnlaan,3,"","",5582KJ,Waalre
Prins Constantijnlaan,3,"","",5582KJ,Waalre
Prins Constantijnlaan,3,"","",5582KJ,Waalre
Prins Constantijnlaan,3,A,"",5582KJ,Waalre
Prins Constantijnlaan,3,A,"",5582KJ,Waalre
Prins Constantijnlaan,4,"","",5582KJ,Waalre
Prins Constantijnlaan,5,"","",5582KJ,Waalre
Prins Constantijnlaan,6,"","",5582KJ,Waalre
Prins Constantijnlaan,7,"","",5582KJ,Waalre
Prins Constantijnlaan,8,"","",5582KJ,Waalre
Prins Constantijnlaan,9,"","",5582KJ,Waalre
Parklaan,1,"","",5582KK,Waalre
Parklaan,1,"","",5582KK,Waalre
Parklaan,10,"","",5582KK,Waalre
Parklaan,12,"","",5582KK,Waalre
Parklaan,13,"","",5582KK,Waalre
Parklaan,15,"","",5582KK,Waalre
Parklaan,17,"","",5582KK,Waalre
Parklaan,19,"","",5582KK,Waalre
Parklaan,2,"","",5582KK,Waalre
Parklaan,2,"","",5582KK,Waalre
Parklaan,21,"","",5582KK,Waalre
Parklaan,23,"","",5582KK,Waalre
Parklaan,25,"","",5582KK,Waalre
Parklaan,3,"","",5582KK,Waalre
Parklaan,4,"","",5582KK,Waalre
Parklaan,4,"","",5582KK,Waalre
Parklaan,5,"","",5582KK,Waalre
Parklaan,6,"","",5582KK,Waalre
Parklaan,6,A,"",5582KK,Waalre
Parklaan,6,B,"",5582KK,Waalre
Parklaan,7,"","",5582KK,Waalre
Parklaan,8,"","",5582KK,Waalre
Parklaan,8,A,"",5582KK,Waalre
Parklaan,8,B,"",5582KK,Waalre
Parklaan,8,C,"",5582KK,Waalre
Parklaan,9,"","",5582KK,Waalre
Parklaan,9,"","",5582KK,Waalre
Parklaan,14,"","",5582KL,Waalre
Parklaan,16,"","",5582KL,Waalre
Parklaan,18,"","",5582KL,Waalre
Parklaan,18,"","",5582KL,Waalre
Parklaan,20,"","",5582KL,Waalre
Parklaan,22,"","",5582KL,Waalre
Parklaan,22,"","",5582KL,Waalre
Parklaan,24,"","",5582KL,Waalre
Parklaan,26,"","",5582KL,Waalre
Parklaan,28,"","",5582KL,Waalre
Mastboslaan,1,"","",5582KM,Waalre
Mastboslaan,2,"","",5582KM,Waalre
Mastboslaan,3,"","",5582KM,Waalre
Mastboslaan,4,"","",5582KM,Waalre
Mastboslaan,5,"","",5582KM,Waalre
Mastboslaan,6,"","",5582KM,Waalre
Mastboslaan,7,"","",5582KM,Waalre
Mastboslaan,8,"","",5582KM,Waalre
Valkenswaardseweg,15,"","",5582VA,Waalre
Valkenswaardseweg,15,A,"",5582VA,Waalre
Valkenswaardseweg,15,A,"",5582VA,Waalre
Valkenswaardseweg,17,"","",5582VA,Waalre
Valkenswaardseweg,21,"","",5582VA,Waalre
Valkenswaardseweg,23,"","",5582VA,Waalre
Valkenswaardseweg,25,"","",5582VA,Waalre
Valkenswaardseweg,35,"","",5582VA,Waalre
Valkenswaardseweg,37,"","",5582VA,Waalre
Valkenswaardseweg,10,"","",5582VB,Waalre
Valkenswaardseweg,12,"","",5582VB,Waalre
Valkenswaardseweg,12,A,"",5582VB,Waalre
Valkenswaardseweg,14,"","",5582VB,Waalre
Valkenswaardseweg,16,"","",5582VB,Waalre
Valkenswaardseweg,18,"","",5582VB,Waalre
Valkenswaardseweg,2,"","",5582VB,Waalre
Valkenswaardseweg,20,"","",5582VB,Waalre
Valkenswaardseweg,6,"","",5582VB,Waalre
Valkenswaardseweg,8,"","",5582VB,Waalre
Molenzicht,1,"","",5582ZA,Waalre
Molenzicht,10,"","",5582ZA,Waalre
Molenzicht,11,"","",5582ZA,Waalre
Molenzicht,12,"","",5582ZA,Waalre
Molenzicht,2,"","",5582ZA,Waalre
Molenzicht,3,"","",5582ZA,Waalre
Molenzicht,4,"","",5582ZA,Waalre
Molenzicht,5,"","",5582ZA,Waalre
Molenzicht,6,"","",5582ZA,Waalre
Molenzicht,6,A,"",5582ZA,Waalre
Molenzicht,7,"","",5582ZA,Waalre
Molenzicht,8,"","",5582ZA,Waalre
Molenzicht,9,"","",5582ZA,Waalre
De Leesakker,1,"","",5582ZB,Waalre
De Leesakker,1,A,"",5582ZB,Waalre
De Leesakker,1,A,"",5582ZB,Waalre
De Leesakker,1,B,"",5582ZB,Waalre
De Leesakker,1,B,"",5582ZB,Waalre
De Leesakker,1,C,"",5582ZB,Waalre
De Leesakker,1,C,"",5582ZB,Waalre
De Leesakker,1,D,"",5582ZB,Waalre
De Leesakker,1,D,"",5582ZB,Waalre
De Leesakker,1,E,"",5582ZB,Waalre
De Leesakker,1,E,"",5582ZB,Waalre
De Leesakker,1,F,"",5582ZB,Waalre
De Leesakker,1,F,"",5582ZB,Waalre
De Leesakker,1,G,"",5582ZB,Waalre
De Leesakker,1,G,"",5582ZB,Waalre
De Leesakker,1,H,"",5582ZB,Waalre
De Leesakker,1,H,"",5582ZB,Waalre
De Leesakker,1,K,"",5582ZB,Waalre
De Leesakker,1,K,"",5582ZB,Waalre
De Leesakker,1,L,"",5582ZB,Waalre
De Leesakker,1,L,"",5582ZB,Waalre
De Leesakker,10,"","",5582ZB,Waalre
De Leesakker,11,"","",5582ZB,Waalre
De Leesakker,12,"","",5582ZB,Waalre
De Leesakker,13,"","",5582ZB,Waalre
De Leesakker,14,"","",5582ZB,Waalre
De Leesakker,15,"","",5582ZB,Waalre
De Leesakker,16,"","",5582ZB,Waalre
De Leesakker,17,"","",5582ZB,Waalre
De Leesakker,18,"","",5582ZB,Waalre
De Leesakker,19,"","",5582ZB,Waalre
De Leesakker,2,"","",5582ZB,Waalre
De Leesakker,20,"","",5582ZB,Waalre
De Leesakker,21,"","",5582ZB,Waalre
De Leesakker,22,"","",5582ZB,Waalre
De Leesakker,23,"","",5582ZB,Waalre
De Leesakker,24,"","",5582ZB,Waalre
De Leesakker,24,"","",5582ZB,Waalre
De Leesakker,24,"","",5582ZB,Waalre
De Leesakker,24,A,1,5582ZB,Waalre
De Leesakker,24,A,2,5582ZB,Waalre
De Leesakker,24,A,3,5582ZB,Waalre
De Leesakker,24,B,1,5582ZB,Waalre
De Leesakker,24,B,1,5582ZB,Waalre
De Leesakker,24,B,2,5582ZB,Waalre
De Leesakker,24,B,2,5582ZB,Waalre
De Leesakker,24,B,3,5582ZB,Waalre
De Leesakker,24,B,3,5582ZB,Waalre
De Leesakker,24,B,4,5582ZB,Waalre
De Leesakker,24,B,4,5582ZB,Waalre
De Leesakker,24,B,5,5582ZB,Waalre
De Leesakker,24,B,5,5582ZB,Waalre
De Leesakker,24,B,6,5582ZB,Waalre
De Leesakker,24,B,6,5582ZB,Waalre
De Leesakker,24,B,7,5582ZB,Waalre
De Leesakker,24,B,7,5582ZB,Waalre
De Leesakker,24,B,8,5582ZB,Waalre
De Leesakker,24,B,8,5582ZB,Waalre
De Leesakker,24,B,9,5582ZB,Waalre
De Leesakker,24,B,9,5582ZB,Waalre
De Leesakker,24,C,1,5582ZB,Waalre
De Leesakker,24,C,1,5582ZB,Waalre
De Leesakker,24,C,2,5582ZB,Waalre
De Leesakker,24,C,2,5582ZB,Waalre
De Leesakker,24,C,3,5582ZB,Waalre
De Leesakker,24,C,3,5582ZB,Waalre
De Leesakker,24,C,4,5582ZB,Waalre
De Leesakker,24,C,4,5582ZB,Waalre
De Leesakker,24,C,5,5582ZB,Waalre
De Leesakker,24,C,5,5582ZB,Waalre
De Leesakker,24,C,6,5582ZB,Waalre
De Leesakker,24,C,6,5582ZB,Waalre
De Leesakker,24,C,7,5582ZB,Waalre
De Leesakker,24,C,7,5582ZB,Waalre
De Leesakker,27,"","",5582ZB,Waalre
De Leesakker,27,"","",5582ZB,Waalre
De Leesakker,3,"","",5582ZB,Waalre
De Leesakker,4,"","",5582ZB,Waalre
De Leesakker,5,"","",5582ZB,Waalre
De Leesakker,6,"","",5582ZB,Waalre
De Leesakker,7,"","",5582ZB,Waalre
De Leesakker,8,"","",5582ZB,Waalre
De Leesakker,9,"","",5582ZB,Waalre
Alstorphiushof,1,"","",5582ZC,Waalre
Alstorphiushof,10,"","",5582ZC,Waalre
Alstorphiushof,11,"","",5582ZC,Waalre
Alstorphiushof,12,"","",5582ZC,Waalre
Alstorphiushof,13,"","",5582ZC,Waalre
Alstorphiushof,14,"","",5582ZC,Waalre
Alstorphiushof,2,"","",5582ZC,Waalre
Alstorphiushof,3,"","",5582ZC,Waalre
Alstorphiushof,4,"","",5582ZC,Waalre
Alstorphiushof,5,"","",5582ZC,Waalre
Alstorphiushof,6,"","",5582ZC,Waalre
Alstorphiushof,7,"","",5582ZC,Waalre
Alstorphiushof,8,"","",5582ZC,Waalre
Alstorphiushof,9,"","",5582ZC,Waalre
Jan van Speykstraat,1,"","",5582ZD,Waalre
Jan van Speykstraat,10,"","",5582ZD,Waalre
Jan van Speykstraat,11,"","",5582ZD,Waalre
Jan van Speykstraat,12,"","",5582ZD,Waalre
Jan van Speykstraat,13,"","",5582ZD,Waalre
Jan van Speykstraat,14,"","",5582ZD,Waalre
Jan van Speykstraat,15,"","",5582ZD,Waalre
Jan van Speykstraat,16,"","",5582ZD,Waalre
Jan van Speykstraat,17,"","",5582ZD,Waalre
Jan van Speykstraat,19,"","",5582ZD,Waalre
Jan van Speykstraat,2,"","",5582ZD,Waalre
Jan van Speykstraat,21,"","",5582ZD,Waalre
Jan van Speykstraat,23,"","",5582ZD,Waalre
Jan van Speykstraat,25,"","",5582ZD,Waalre
Jan van Speykstraat,27,"","",5582ZD,Waalre
Jan van Speykstraat,29,"","",5582ZD,Waalre
Jan van Speykstraat,3,"","",5582ZD,Waalre
Jan van Speykstraat,4,"","",5582ZD,Waalre
Jan van Speykstraat,5,"","",5582ZD,Waalre
Jan van Speykstraat,6,"","",5582ZD,Waalre
Jan van Speykstraat,7,"","",5582ZD,Waalre
Jan van Speykstraat,8,"","",5582ZD,Waalre
Jan van Speykstraat,9,"","",5582ZD,Waalre
Brederode,1,"","",5582ZE,Waalre
Brederode,1,"","",5582ZE,Waalre
Brederode,1,A,"",5582ZE,Waalre
Brederode,1,B,"",5582ZE,Waalre
Brederode,1,C,"",5582ZE,Waalre
Brederode,1,D,"",5582ZE,Waalre
Brederode,1,E,"",5582ZE,Waalre
Brederode,1,F,"",5582ZE,Waalre
Brederode,10,"","",5582ZE,Waalre
Brederode,10,"","",5582ZE,Waalre
Brederode,11,"","",5582ZE,Waalre
Brederode,11,"","",5582ZE,Waalre
Brederode,12,"","",5582ZE,Waalre
Brederode,12,"","",5582ZE,Waalre
Brederode,13,"","",5582ZE,Waalre
Brederode,13,"","",5582ZE,Waalre
Brederode,14,"","",5582ZE,Waalre
Brederode,14,"","",5582ZE,Waalre
Brederode,15,"","",5582ZE,Waalre
Brederode,15,"","",5582ZE,Waalre
Brederode,16,"","",5582ZE,Waalre
Brederode,16,"","",5582ZE,Waalre
Brederode,17,"","",5582ZE,Waalre
Brederode,17,"","",5582ZE,Waalre
Brederode,2,"","",5582ZE,Waalre
Brederode,2,A,"",5582ZE,Waalre
Brederode,2,B,"",5582ZE,Waalre
Brederode,2,C,"",5582ZE,Waalre
Brederode,2,D,"",5582ZE,Waalre
Brederode,3,"","",5582ZE,Waalre
Brederode,3,"","",5582ZE,Waalre
Brederode,4,"","",5582ZE,Waalre
Brederode,4,"","",5582ZE,Waalre
Brederode,5,"","",5582ZE,Waalre
Brederode,5,"","",5582ZE,Waalre
Brederode,6,"","",5582ZE,Waalre
Brederode,6,"","",5582ZE,Waalre
Brederode,7,"","",5582ZE,Waalre
Brederode,7,"","",5582ZE,Waalre
Brederode,8,"","",5582ZE,Waalre
Brederode,8,"","",5582ZE,Waalre
Brederode,9,"","",5582ZE,Waalre
Brederode,9,"","",5582ZE,Waalre
Aalstermolenhof,1,"","",5582ZG,Waalre
Aalstermolenhof,10,"","",5582ZG,Waalre
Aalstermolenhof,11,"","",5582ZG,Waalre
Aalstermolenhof,12,"","",5582ZG,Waalre
Aalstermolenhof,13,"","",5582ZG,Waalre
Aalstermolenhof,14,"","",5582ZG,Waalre
Aalstermolenhof,15,"","",5582ZG,Waalre
Aalstermolenhof,16,"","",5582ZG,Waalre
Aalstermolenhof,17,"","",5582ZG,Waalre
Aalstermolenhof,2,"","",5582ZG,Waalre
Aalstermolenhof,3,"","",5582ZG,Waalre
Aalstermolenhof,4,"","",5582ZG,Waalre
Aalstermolenhof,5,"","",5582ZG,Waalre
Aalstermolenhof,6,"","",5582ZG,Waalre
Aalstermolenhof,7,"","",5582ZG,Waalre
Aalstermolenhof,8,"","",5582ZG,Waalre
Aalstermolenhof,9,"","",5582ZG,Waalre
Marijkelaan,1,"","",5583AB,Waalre
Marijkelaan,2,"","",5583AB,Waalre
Dennelaan,1,"","",5583AC,Waalre
Dennelaan,1,"","",5583AC,Waalre
Dennelaan,1,"","",5583AC,Waalre
Dennelaan,1,A,"",5583AC,Waalre
Dennelaan,1,A,"",5583AC,Waalre
Dennelaan,1,B,"",5583AC,Waalre
Dennelaan,2,"","",5583AC,Waalre
Dennelaan,3,"","",5583AC,Waalre
Dennelaan,3,"","",5583AC,Waalre
Dennelaan,4,"","",5583AC,Waalre
Dennelaan,5,"","",5583AC,Waalre
Dennelaan,6,"","",5583AC,Waalre
Irenelaan,1,"","",5583AD,Waalre
Irenelaan,10,"","",5583AD,Waalre
Irenelaan,12,"","",5583AD,Waalre
Irenelaan,14,"","",5583AD,Waalre
Irenelaan,16,"","",5583AD,Waalre
Irenelaan,18,"","",5583AD,Waalre
Irenelaan,18,"","",5583AD,Waalre
Irenelaan,2,"","",5583AD,Waalre
Irenelaan,2,A,"",5583AD,Waalre
Irenelaan,2,B,"",5583AD,Waalre
Irenelaan,2,C,"",5583AD,Waalre
Irenelaan,2,D,"",5583AD,Waalre
Irenelaan,2,E,"",5583AD,Waalre
Irenelaan,20,"","",5583AD,Waalre
Irenelaan,20,A,"",5583AD,Waalre
Irenelaan,22,"","",5583AD,Waalre
Irenelaan,24,"","",5583AD,Waalre
Irenelaan,3,"","",5583AD,Waalre
Irenelaan,4,"","",5583AD,Waalre
Irenelaan,5,"","",5583AD,Waalre
Irenelaan,5,"","",5583AD,Waalre
Irenelaan,6,"","",5583AD,Waalre
Irenelaan,7,"","",5583AD,Waalre
Irenelaan,8,"","",5583AD,Waalre
Irenelaan,9,"","",5583AD,Waalre
Irenelaan,9,A,1,5583AD,Waalre
Irenelaan,9,A,10,5583AD,Waalre
Irenelaan,9,A,11,5583AD,Waalre
Irenelaan,9,A,11,5583AD,Waalre
Irenelaan,9,A,12,5583AD,Waalre
Irenelaan,9,A,13,5583AD,Waalre
Irenelaan,9,A,13,5583AD,Waalre
Irenelaan,9,A,14,5583AD,Waalre
Irenelaan,9,A,17,5583AD,Waalre
Irenelaan,9,A,19,5583AD,Waalre
Irenelaan,9,A,2,5583AD,Waalre
Irenelaan,9,A,20,5583AD,Waalre
Irenelaan,9,A,20,5583AD,Waalre
Irenelaan,9,A,21,5583AD,Waalre
Irenelaan,9,A,22,5583AD,Waalre
Irenelaan,9,A,23,5583AD,Waalre
Irenelaan,9,A,24,5583AD,Waalre
Irenelaan,9,A,25,5583AD,Waalre
Irenelaan,9,A,26,5583AD,Waalre
Irenelaan,9,A,27,5583AD,Waalre
Irenelaan,9,A,29,5583AD,Waalre
Irenelaan,9,A,4,5583AD,Waalre
Irenelaan,9,A,6,5583AD,Waalre
Irenelaan,9,A,7,5583AD,Waalre
Irenelaan,9,A,8,5583AD,Waalre
Irenelaan,9,B,10,5583AD,Waalre
Irenelaan,9,B,11,5583AD,Waalre
Irenelaan,9,B,12,5583AD,Waalre
Irenelaan,9,B,13,5583AD,Waalre
Irenelaan,9,B,14,5583AD,Waalre
Irenelaan,9,B,15,5583AD,Waalre
Irenelaan,9,B,17,5583AD,Waalre
Irenelaan,9,B,19,5583AD,Waalre
Irenelaan,9,B,2,5583AD,Waalre
Irenelaan,9,B,20,5583AD,Waalre
Irenelaan,9,B,21,5583AD,Waalre
Irenelaan,9,B,22,5583AD,Waalre
Irenelaan,9,B,23,5583AD,Waalre
Irenelaan,9,B,24,5583AD,Waalre
Irenelaan,9,B,25,5583AD,Waalre
Irenelaan,9,B,26,5583AD,Waalre
Irenelaan,9,B,27,5583AD,Waalre
Irenelaan,9,B,29,5583AD,Waalre
Irenelaan,9,B,29,5583AD,Waalre
Irenelaan,9,B,29,5583AD,Waalre
Irenelaan,9,B,4,5583AD,Waalre
Irenelaan,9,B,4,5583AD,Waalre
Irenelaan,9,B,6,5583AD,Waalre
Irenelaan,9,B,7,5583AD,Waalre
Irenelaan,9,B,8,5583AD,Waalre
Irenelaan,9,C,10,5583AD,Waalre
Irenelaan,9,C,11,5583AD,Waalre
Irenelaan,9,C,12,5583AD,Waalre
Irenelaan,9,C,13,5583AD,Waalre
Irenelaan,9,C,14,5583AD,Waalre
Irenelaan,9,C,15,5583AD,Waalre
Irenelaan,9,C,15,5583AD,Waalre
Irenelaan,9,C,16,5583AD,Waalre
Irenelaan,9,C,17,5583AD,Waalre
Irenelaan,9,C,18,5583AD,Waalre
Irenelaan,9,C,19,5583AD,Waalre
Irenelaan,9,C,2,5583AD,Waalre
Irenelaan,9,C,20,5583AD,Waalre
Irenelaan,9,C,21,5583AD,Waalre
Irenelaan,9,C,22,5583AD,Waalre
Irenelaan,9,C,23,5583AD,Waalre
Irenelaan,9,C,24,5583AD,Waalre
Irenelaan,9,C,26,5583AD,Waalre
Irenelaan,9,C,27,5583AD,Waalre
Irenelaan,9,C,29,5583AD,Waalre
Irenelaan,9,C,4,5583AD,Waalre
Irenelaan,9,C,4,5583AD,Waalre
Irenelaan,9,C,4,5583AD,Waalre
Irenelaan,9,C,6,5583AD,Waalre
Irenelaan,9,C,7,5583AD,Waalre
Irenelaan,9,C,8,5583AD,Waalre
Irenelaan,9,D,10,5583AD,Waalre
Irenelaan,9,D,11,5583AD,Waalre
Irenelaan,9,D,12,5583AD,Waalre
Irenelaan,9,D,13,5583AD,Waalre
Irenelaan,9,D,14,5583AD,Waalre
Irenelaan,9,D,15,5583AD,Waalre
Irenelaan,9,D,17,5583AD,Waalre
Irenelaan,9,D,18,5583AD,Waalre
Irenelaan,9,D,19,5583AD,Waalre
Irenelaan,9,D,2,5583AD,Waalre
Irenelaan,9,D,20,5583AD,Waalre
Irenelaan,9,D,21,5583AD,Waalre
Irenelaan,9,D,22,5583AD,Waalre
Irenelaan,9,D,23,5583AD,Waalre
Irenelaan,9,D,24,5583AD,Waalre
Irenelaan,9,D,25,5583AD,Waalre
Irenelaan,9,D,26,5583AD,Waalre
Irenelaan,9,D,27,5583AD,Waalre
Irenelaan,9,D,29,5583AD,Waalre
Irenelaan,9,D,4,5583AD,Waalre
Irenelaan,9,D,6,5583AD,Waalre
Irenelaan,9,D,7,5583AD,Waalre
Irenelaan,9,D,8,5583AD,Waalre
Irenelaan,9,D,8,5583AD,Waalre
Irenelaan,9,E,1,5583AD,Waalre
Irenelaan,9,E,10,5583AD,Waalre
Irenelaan,9,E,11,5583AD,Waalre
Irenelaan,9,E,19,5583AD,Waalre
Irenelaan,9,E,2,5583AD,Waalre
Irenelaan,9,E,20,5583AD,Waalre
Irenelaan,9,E,21,5583AD,Waalre
Irenelaan,9,E,22,5583AD,Waalre
Irenelaan,9,E,22,5583AD,Waalre
Irenelaan,9,E,22,5583AD,Waalre
Irenelaan,9,E,23,5583AD,Waalre
Irenelaan,9,E,24,5583AD,Waalre
Irenelaan,9,E,25,5583AD,Waalre
Irenelaan,9,E,26,5583AD,Waalre
Irenelaan,9,E,27,5583AD,Waalre
Irenelaan,9,E,28,5583AD,Waalre
Irenelaan,9,E,3,5583AD,Waalre
Irenelaan,9,E,4,5583AD,Waalre
Irenelaan,9,E,5,5583AD,Waalre
Irenelaan,9,E,6,5583AD,Waalre
Irenelaan,9,E,7,5583AD,Waalre
Irenelaan,9,E,8,5583AD,Waalre
Irenelaan,9,E,8,5583AD,Waalre
Irenelaan,9,E,9,5583AD,Waalre
Irenelaan,26,"","",5583AE,Waalre
Irenelaan,28,"","",5583AE,Waalre
Irenelaan,30,"","",5583AE,Waalre
Irenelaan,32,"","",5583AE,Waalre
Irenelaan,34,"","",5583AE,Waalre
Irenelaan,36,"","",5583AE,Waalre
Irenelaan,38,"","",5583AE,Waalre
Irenelaan,38,"","",5583AE,Waalre
Mecklenburglaan,1,"","",5583AG,Waalre
Mecklenburglaan,2,"","",5583AG,Waalre
Mecklenburglaan,3,"","",5583AG,Waalre
Mecklenburglaan,4,"","",5583AG,Waalre
Mecklenburglaan,5,"","",5583AG,Waalre
Mecklenburglaan,5,"","",5583AG,Waalre
Mecklenburglaan,8,"","",5583AG,Waalre
Prins Hendriklaan,1,"","",5583AH,Waalre
Prins Hendriklaan,10,"","",5583AH,Waalre
Prins Hendriklaan,10,"","",5583AH,Waalre
Prins Hendriklaan,11,"","",5583AH,Waalre
Prins Hendriklaan,12,"","",5583AH,Waalre
Prins Hendriklaan,13,"","",5583AH,Waalre
Prins Hendriklaan,14,"","",5583AH,Waalre
Prins Hendriklaan,14,"","",5583AH,Waalre
Prins Hendriklaan,14,"","",5583AH,Waalre
Prins Hendriklaan,15,"","",5583AH,Waalre
Prins Hendriklaan,16,"","",5583AH,Waalre
Prins Hendriklaan,16,"","",5583AH,Waalre
Prins Hendriklaan,17,"","",5583AH,Waalre
Prins Hendriklaan,18,"","",5583AH,Waalre
Prins Hendriklaan,19,"","",5583AH,Waalre
Prins Hendriklaan,19,"","",5583AH,Waalre
Prins Hendriklaan,2,"","",5583AH,Waalre
Prins Hendriklaan,3,"","",5583AH,Waalre
Prins Hendriklaan,4,"","",5583AH,Waalre
Prins Hendriklaan,5,"","",5583AH,Waalre
Prins Hendriklaan,6,"","",5583AH,Waalre
Prins Hendriklaan,6,"","",5583AH,Waalre
Prins Hendriklaan,6,"","",5583AH,Waalre
Prins Hendriklaan,7,"","",5583AH,Waalre
Prins Hendriklaan,8,"","",5583AH,Waalre
Prins Hendriklaan,8,"","",5583AH,Waalre
Prins Hendriklaan,8,"","",5583AH,Waalre
Prins Hendriklaan,8,"","",5583AH,Waalre
Prins Hendriklaan,9,"","",5583AH,Waalre
Oranjelaan,1,"","",5583AJ,Waalre
Oranjelaan,2,"","",5583AJ,Waalre
Oranjelaan,4,"","",5583AJ,Waalre
Oranjelaan,5,"","",5583AJ,Waalre
Koningin Wilhelminalaan,1,"","",5583AK,Waalre
Koningin Wilhelminalaan,11,"","",5583AK,Waalre
Koningin Wilhelminalaan,13,"","",5583AK,Waalre
Koningin Wilhelminalaan,15,"","",5583AK,Waalre
Koningin Wilhelminalaan,17,"","",5583AK,Waalre
Koningin Wilhelminalaan,19,"","",5583AK,Waalre
Koningin Wilhelminalaan,21,"","",5583AK,Waalre
Koningin Wilhelminalaan,23,"","",5583AK,Waalre
Koningin Wilhelminalaan,25,"","",5583AK,Waalre
Koningin Wilhelminalaan,27,"","",5583AK,Waalre
Koningin Wilhelminalaan,29,"","",5583AK,Waalre
Koningin Wilhelminalaan,3,"","",5583AK,Waalre
Koningin Wilhelminalaan,5,"","",5583AK,Waalre
Koningin Wilhelminalaan,7,"","",5583AK,Waalre
Koningin Wilhelminalaan,9,"","",5583AK,Waalre
Koningin Wilhelminalaan,31,"","",5583AL,Waalre
Koningin Wilhelminalaan,31,"","",5583AL,Waalre
Koningin Wilhelminalaan,33,"","",5583AL,Waalre
Koningin Wilhelminalaan,35,"","",5583AL,Waalre
Koningin Wilhelminalaan,37,"","",5583AL,Waalre
Koningin Wilhelminalaan,37,"","",5583AL,Waalre
Koningin Wilhelminalaan,39,"","",5583AL,Waalre
Koningin Wilhelminalaan,41,"","",5583AL,Waalre
Koningin Wilhelminalaan,43,"","",5583AL,Waalre
Koningin Wilhelminalaan,45,"","",5583AL,Waalre
Koningin Wilhelminalaan,47,"","",5583AL,Waalre
Koningin Wilhelminalaan,49,"","",5583AL,Waalre
Koningin Wilhelminalaan,51,"","",5583AL,Waalre
Koningin Wilhelminalaan,53,"","",5583AL,Waalre
Koningin Wilhelminalaan,55,"","",5583AL,Waalre
Koningin Wilhelminalaan,57,"","",5583AL,Waalre
Koningin Wilhelminalaan,59,"","",5583AL,Waalre
Koningin Wilhelminalaan,61,"","",5583AL,Waalre
Koningin Wilhelminalaan,63,"","",5583AL,Waalre
Koningin Wilhelminalaan,65,"","",5583AL,Waalre
Koningin Wilhelminalaan,67,"","",5583AL,Waalre
Koningin Wilhelminalaan,69,"","",5583AL,Waalre
Koningin Wilhelminalaan,71,"","",5583AL,Waalre
Koningin Wilhelminalaan,73,"","",5583AL,Waalre
Koningin Wilhelminalaan,75,"","",5583AL,Waalre
Koningin Wilhelminalaan,79,"","",5583AL,Waalre
Koningin Wilhelminalaan,81,"","",5583AL,Waalre
Koningin Wilhelminalaan,10,"","",5583AM,Waalre
Koningin Wilhelminalaan,12,"","",5583AM,Waalre
Koningin Wilhelminalaan,16,"","",5583AM,Waalre
Koningin Wilhelminalaan,18,"","",5583AM,Waalre
Koningin Wilhelminalaan,2,"","",5583AM,Waalre
Koningin Wilhelminalaan,20,"","",5583AM,Waalre
Koningin Wilhelminalaan,22,"","",5583AM,Waalre
Koningin Wilhelminalaan,24,"","",5583AM,Waalre
Koningin Wilhelminalaan,26,"","",5583AM,Waalre
Koningin Wilhelminalaan,28,"","",5583AM,Waalre
Koningin Wilhelminalaan,4,"","",5583AM,Waalre
Koningin Wilhelminalaan,4,A,"",5583AM,Waalre
Koningin Wilhelminalaan,6,"","",5583AM,Waalre
Koningin Wilhelminalaan,6,A,"",5583AM,Waalre
Koningin Wilhelminalaan,6,A,"",5583AM,Waalre
Koningin Wilhelminalaan,6,B,"",5583AM,Waalre
Koningin Wilhelminalaan,6,C,"",5583AM,Waalre
Koningin Wilhelminalaan,8,"","",5583AM,Waalre
Koningin Wilhelminalaan,30,"","",5583AN,Waalre
Koningin Wilhelminalaan,32,"","",5583AN,Waalre
Koningin Wilhelminalaan,34,"","",5583AN,Waalre
Koningin Wilhelminalaan,36,"","",5583AN,Waalre
Koningin Wilhelminalaan,38,"","",5583AN,Waalre
Koningin Wilhelminalaan,40,"","",5583AN,Waalre
Koningin Wilhelminalaan,42,"","",5583AN,Waalre
Koningin Wilhelminalaan,44,"","",5583AN,Waalre
Koningin Wilhelminalaan,46,"","",5583AN,Waalre
Koningin Wilhelminalaan,48,"","",5583AN,Waalre
Koningin Wilhelminalaan,50,"","",5583AN,Waalre
Koningin Wilhelminalaan,52,"","",5583AN,Waalre
Koningin Wilhelminalaan,54,"","",5583AN,Waalre
Koningin Wilhelminalaan,66,"","",5583AN,Waalre
Burgemeester van Dommelenlaan,1,"","",5583AP,Waalre
Burgemeester van Dommelenlaan,11,"","",5583AP,Waalre
Burgemeester van Dommelenlaan,13,"","",5583AP,Waalre
Burgemeester van Dommelenlaan,15,"","",5583AP,Waalre
Burgemeester van Dommelenlaan,17,"","",5583AP,Waalre
Burgemeester van Dommelenlaan,19,"","",5583AP,Waalre
Burgemeester van Dommelenlaan,23,"","",5583AP,Waalre
Burgemeester van Dommelenlaan,23,A,"",5583AP,Waalre
Burgemeester van Dommelenlaan,23,B,"",5583AP,Waalre
Burgemeester van Dommelenlaan,23,C,"",5583AP,Waalre
Burgemeester van Dommelenlaan,23,D,"",5583AP,Waalre
Burgemeester van Dommelenlaan,23,E,"",5583AP,Waalre
Burgemeester van Dommelenlaan,23,F,"",5583AP,Waalre
Burgemeester van Dommelenlaan,23,G,"",5583AP,Waalre
Burgemeester van Dommelenlaan,25,"","",5583AP,Waalre
Burgemeester van Dommelenlaan,27,"","",5583AP,Waalre
Burgemeester van Dommelenlaan,29,"","",5583AP,Waalre
Burgemeester van Dommelenlaan,3,"","",5583AP,Waalre
Burgemeester van Dommelenlaan,31,"","",5583AP,Waalre
Burgemeester van Dommelenlaan,33,"","",5583AP,Waalre
Burgemeester van Dommelenlaan,35,"","",5583AP,Waalre
Burgemeester van Dommelenlaan,37,"","",5583AP,Waalre
Burgemeester van Dommelenlaan,39,"","",5583AP,Waalre
Burgemeester van Dommelenlaan,41,"","",5583AP,Waalre
Burgemeester van Dommelenlaan,43,"","",5583AP,Waalre
Burgemeester van Dommelenlaan,45,"","",5583AP,Waalre
Burgemeester van Dommelenlaan,5,"","",5583AP,Waalre
Burgemeester van Dommelenlaan,7,"","",5583AP,Waalre
Burgemeester van Dommelenlaan,9,"","",5583AP,Waalre
Burgemeester van Dommelenlaan,10,"","",5583AR,Waalre
Burgemeester van Dommelenlaan,10,A,"",5583AR,Waalre
Burgemeester van Dommelenlaan,12,"","",5583AR,Waalre
Burgemeester van Dommelenlaan,14,"","",5583AR,Waalre
Burgemeester van Dommelenlaan,16,"","",5583AR,Waalre
Burgemeester van Dommelenlaan,18,"","",5583AR,Waalre
Burgemeester van Dommelenlaan,2,"","",5583AR,Waalre
Burgemeester van Dommelenlaan,2,A,"",5583AR,Waalre
Burgemeester van Dommelenlaan,20,"","",5583AR,Waalre
Burgemeester van Dommelenlaan,4,"","",5583AR,Waalre
Burgemeester van Dommelenlaan,6,"","",5583AR,Waalre
Burgemeester van Dommelenlaan,8,"","",5583AR,Waalre
Mariannestraat,1,"","",5583AS,Waalre
Mariannestraat,11,"","",5583AS,Waalre
Mariannestraat,13,"","",5583AS,Waalre
Mariannestraat,15,"","",5583AS,Waalre
Mariannestraat,17,"","",5583AS,Waalre
Mariannestraat,19,"","",5583AS,Waalre
Mariannestraat,21,"","",5583AS,Waalre
Mariannestraat,23,"","",5583AS,Waalre
Mariannestraat,25,"","",5583AS,Waalre
Mariannestraat,27,"","",5583AS,Waalre
Mariannestraat,29,"","",5583AS,Waalre
Mariannestraat,3,"","",5583AS,Waalre
Mariannestraat,3,"","",5583AS,Waalre
Mariannestraat,31,"","",5583AS,Waalre
Mariannestraat,33,"","",5583AS,Waalre
Mariannestraat,5,"","",5583AS,Waalre
Mariannestraat,5,"","",5583AS,Waalre
Mariannestraat,7,"","",5583AS,Waalre
Mariannestraat,9,"","",5583AS,Waalre
Mariannestraat,10,"","",5583AT,Waalre
Mariannestraat,12,"","",5583AT,Waalre
Mariannestraat,14,"","",5583AT,Waalre
Mariannestraat,16,"","",5583AT,Waalre
Mariannestraat,18,"","",5583AT,Waalre
Mariannestraat,2,"","",5583AT,Waalre
Mariannestraat,20,"","",5583AT,Waalre
Mariannestraat,22,"","",5583AT,Waalre
Mariannestraat,24,"","",5583AT,Waalre
Mariannestraat,26,"","",5583AT,Waalre
Mariannestraat,28,"","",5583AT,Waalre
Mariannestraat,30,"","",5583AT,Waalre
Mariannestraat,32,"","",5583AT,Waalre
Mariannestraat,4,"","",5583AT,Waalre
Mariannestraat,6,"","",5583AT,Waalre
Mariannestraat,8,"","",5583AT,Waalre
't Landschut,1,"","",5583AV,Waalre
't Landschut,1,"","",5583AV,Waalre
't Landschut,1,"","",5583AV,Waalre
't Landschut,10,"","",5583AV,Waalre
't Landschut,10,"","",5583AV,Waalre
't Landschut,10,"","",5583AV,Waalre
't Landschut,11,"","",5583AV,Waalre
't Landschut,11,"","",5583AV,Waalre
't Landschut,11,"","",5583AV,Waalre
't Landschut,12,"","",5583AV,Waalre
't Landschut,12,"","",5583AV,Waalre
't Landschut,12,"","",5583AV,Waalre
't Landschut,13,"","",5583AV,Waalre
't Landschut,13,"","",5583AV,Waalre
't Landschut,13,"","",5583AV,Waalre
't Landschut,13,"","",5583AV,Waalre
't Landschut,14,"","",5583AV,Waalre
't Landschut,14,"","",5583AV,Waalre
't Landschut,14,"","",5583AV,Waalre
't Landschut,15,"","",5583AV,Waalre
't Landschut,15,"","",5583AV,Waalre
't Landschut,15,"","",5583AV,Waalre
't Landschut,16,"","",5583AV,Waalre
't Landschut,16,"","",5583AV,Waalre
't Landschut,16,"","",5583AV,Waalre
't Landschut,17,"","",5583AV,Waalre
't Landschut,17,"","",5583AV,Waalre
't Landschut,17,"","",5583AV,Waalre
't Landschut,18,"","",5583AV,Waalre
't Landschut,18,"","",5583AV,Waalre
't Landschut,18,"","",5583AV,Waalre
't Landschut,19,"","",5583AV,Waalre
't Landschut,19,"","",5583AV,Waalre
't Landschut,19,"","",5583AV,Waalre
't Landschut,2,"","",5583AV,Waalre
't Landschut,2,"","",5583AV,Waalre
't Landschut,2,"","",5583AV,Waalre
't Landschut,20,"","",5583AV,Waalre
't Landschut,20,"","",5583AV,Waalre
't Landschut,20,"","",5583AV,Waalre
't Landschut,21,"","",5583AV,Waalre
't Landschut,21,"","",5583AV,Waalre
't Landschut,21,"","",5583AV,Waalre
't Landschut,22,"","",5583AV,Waalre
't Landschut,22,"","",5583AV,Waalre
't Landschut,22,"","",5583AV,Waalre
't Landschut,23,"","",5583AV,Waalre
't Landschut,23,"","",5583AV,Waalre
't Landschut,23,"","",5583AV,Waalre
't Landschut,24,"","",5583AV,Waalre
't Landschut,24,"","",5583AV,Waalre
't Landschut,24,"","",5583AV,Waalre
't Landschut,25,"","",5583AV,Waalre
't Landschut,25,"","",5583AV,Waalre
't Landschut,25,"","",5583AV,Waalre
't Landschut,26,"","",5583AV,Waalre
't Landschut,26,"","",5583AV,Waalre
't Landschut,26,"","",5583AV,Waalre
't Landschut,27,"","",5583AV,Waalre
't Landschut,27,"","",5583AV,Waalre
't Landschut,27,"","",5583AV,Waalre
't Landschut,28,"","",5583AV,Waalre
't Landschut,28,"","",5583AV,Waalre
't Landschut,28,"","",5583AV,Waalre
't Landschut,29,"","",5583AV,Waalre
't Landschut,29,"","",5583AV,Waalre
't Landschut,29,"","",5583AV,Waalre
't Landschut,3,"","",5583AV,Waalre
't Landschut,3,"","",5583AV,Waalre
't Landschut,3,"","",5583AV,Waalre
't Landschut,30,"","",5583AV,Waalre
't Landschut,30,"","",5583AV,Waalre
't Landschut,30,"","",5583AV,Waalre
't Landschut,38,"","",5583AV,Waalre
't Landschut,39,"","",5583AV,Waalre
't Landschut,4,"","",5583AV,Waalre
't Landschut,4,"","",5583AV,Waalre
't Landschut,4,"","",5583AV,Waalre
't Landschut,48,"","",5583AV,Waalre
't Landschut,5,"","",5583AV,Waalre
't Landschut,5,"","",5583AV,Waalre
't Landschut,5,"","",5583AV,Waalre
't Landschut,6,"","",5583AV,Waalre
't Landschut,6,"","",5583AV,Waalre
't Landschut,6,"","",5583AV,Waalre
't Landschut,7,"","",5583AV,Waalre
't Landschut,7,"","",5583AV,Waalre
't Landschut,7,"","",5583AV,Waalre
't Landschut,8,"","",5583AV,Waalre
't Landschut,8,"","",5583AV,Waalre
't Landschut,8,"","",5583AV,Waalre
't Landschut,9,"","",5583AV,Waalre
't Landschut,9,"","",5583AV,Waalre
't Landschut,9,"","",5583AV,Waalre
Goudbergstraat,1,"","",5583BA,Waalre
Goudbergstraat,1,A,"",5583BA,Waalre
Goudbergstraat,1,B,"",5583BA,Waalre
Goudbergstraat,1,C,"",5583BA,Waalre
Goudbergstraat,1,D,"",5583BA,Waalre
Goudbergstraat,1,E,"",5583BA,Waalre
Goudbergstraat,1,F,"",5583BA,Waalre
Goudbergstraat,1,G,"",5583BA,Waalre
Goudbergstraat,1,H,"",5583BA,Waalre
Goudbergstraat,11,"","",5583BA,Waalre
Goudbergstraat,11,A,"",5583BA,Waalre
Goudbergstraat,13,"","",5583BA,Waalre
Goudbergstraat,15,"","",5583BA,Waalre
Goudbergstraat,17,"","",5583BA,Waalre
Goudbergstraat,19,"","",5583BA,Waalre
Goudbergstraat,19,A,"",5583BA,Waalre
Goudbergstraat,21,"","",5583BA,Waalre
Goudbergstraat,23,"","",5583BA,Waalre
Goudbergstraat,25,"","",5583BA,Waalre
Goudbergstraat,27,"","",5583BA,Waalre
Goudbergstraat,29,"","",5583BA,Waalre
Goudbergstraat,3,"","",5583BA,Waalre
Goudbergstraat,3,A,"",5583BA,Waalre
Goudbergstraat,31,"","",5583BA,Waalre
Goudbergstraat,33,"","",5583BA,Waalre
Goudbergstraat,35,"","",5583BA,Waalre
Goudbergstraat,37,"","",5583BA,Waalre
Goudbergstraat,5,"","",5583BA,Waalre
Goudbergstraat,5,A,"",5583BA,Waalre
Goudbergstraat,7,"","",5583BA,Waalre
Goudbergstraat,9,"","",5583BA,Waalre
Goudbergstraat,39,"","",5583BB,Waalre
Goudbergstraat,45,"","",5583BB,Waalre
Goudbergstraat,47,"","",5583BB,Waalre
Goudbergstraat,49,"","",5583BB,Waalre
Goudbergstraat,51,"","",5583BB,Waalre
Goudbergstraat,53,"","",5583BB,Waalre
Goudbergstraat,55,"","",5583BB,Waalre
Goudbergstraat,57,"","",5583BB,Waalre
Goudbergstraat,59,"","",5583BB,Waalre
Goudbergstraat,61,"","",5583BB,Waalre
Goudbergstraat,63,"","",5583BB,Waalre
Goudbergstraat,65,"","",5583BB,Waalre
Goudbergstraat,67,"","",5583BB,Waalre
Goudbergstraat,10,"","",5583BC,Waalre
Goudbergstraat,10,A,"",5583BC,Waalre
Goudbergstraat,10,B,"",5583BC,Waalre
Goudbergstraat,12,"","",5583BC,Waalre
Goudbergstraat,14,"","",5583BC,Waalre
Goudbergstraat,16,"","",5583BC,Waalre
Goudbergstraat,16,A,"",5583BC,Waalre
Goudbergstraat,18,"","",5583BC,Waalre
Goudbergstraat,2,"","",5583BC,Waalre
Goudbergstraat,2,A,"",5583BC,Waalre
Goudbergstraat,2,B,"",5583BC,Waalre
Goudbergstraat,2,C,"",5583BC,Waalre
Goudbergstraat,20,"","",5583BC,Waalre
Goudbergstraat,20,A,"",5583BC,Waalre
Goudbergstraat,20,A,"",5583BC,Waalre
Goudbergstraat,22,"","",5583BC,Waalre
Goudbergstraat,24,"","",5583BC,Waalre
Goudbergstraat,26,"","",5583BC,Waalre
Goudbergstraat,28,"","",5583BC,Waalre
Goudbergstraat,4,"","",5583BC,Waalre
Goudbergstraat,6,"","",5583BC,Waalre
Goudbergstraat,8,"","",5583BC,Waalre
Goudbergstraat,30,"","",5583BD,Waalre
Goudbergstraat,32,"","",5583BD,Waalre
Goudbergstraat,34,"","",5583BD,Waalre
Goudbergstraat,34,A,"",5583BD,Waalre
Goudbergstraat,34,B,"",5583BD,Waalre
Goudbergstraat,36,"","",5583BD,Waalre
Goudbergstraat,38,"","",5583BD,Waalre
Goudbergstraat,40,"","",5583BD,Waalre
Goudbergstraat,42,"","",5583BD,Waalre
Goudbergstraat,44,"","",5583BD,Waalre
Goudbergstraat,46,"","",5583BD,Waalre
Goudbergstraat,48,"","",5583BD,Waalre
Goudbergstraat,50,"","",5583BD,Waalre
Goudbergstraat,52,"","",5583BD,Waalre
Goudbergstraat,54,"","",5583BD,Waalre
Goudbergstraat,56,"","",5583BD,Waalre
Goudbergstraat,56,A,"",5583BD,Waalre
Goudbergstraat,56,B,"",5583BD,Waalre
Goudbergstraat,58,"","",5583BD,Waalre
Goudbergstraat,60,"","",5583BD,Waalre
Goudbergstraat,62,"","",5583BD,Waalre
Goudbergstraat,64,"","",5583BD,Waalre
Goudbergstraat,66,"","",5583BD,Waalre
Goudbergstraat,68,"","",5583BD,Waalre
Anna Paulownalaan,10,"","",5583BE,Waalre
Anna Paulownalaan,11,"","",5583BE,Waalre
Anna Paulownalaan,12,"","",5583BE,Waalre
Anna Paulownalaan,13,"","",5583BE,Waalre
Anna Paulownalaan,14,"","",5583BE,Waalre
Anna Paulownalaan,15,"","",5583BE,Waalre
Anna Paulownalaan,16,"","",5583BE,Waalre
Anna Paulownalaan,17,"","",5583BE,Waalre
Anna Paulownalaan,18,"","",5583BE,Waalre
Anna Paulownalaan,19,"","",5583BE,Waalre
Anna Paulownalaan,2,"","",5583BE,Waalre
Anna Paulownalaan,2,A,"",5583BE,Waalre
Anna Paulownalaan,2,A,"",5583BE,Waalre
Anna Paulownalaan,2,B,"",5583BE,Waalre
Anna Paulownalaan,2,C,"",5583BE,Waalre
Anna Paulownalaan,2,D,"",5583BE,Waalre
Anna Paulownalaan,2,E,"",5583BE,Waalre
Anna Paulownalaan,2,F,"",5583BE,Waalre
Anna Paulownalaan,2,G,"",5583BE,Waalre
Anna Paulownalaan,2,H,"",5583BE,Waalre
Anna Paulownalaan,20,"","",5583BE,Waalre
Anna Paulownalaan,21,"","",5583BE,Waalre
Anna Paulownalaan,22,"","",5583BE,Waalre
Anna Paulownalaan,23,"","",5583BE,Waalre
Anna Paulownalaan,24,"","",5583BE,Waalre
Anna Paulownalaan,25,"","",5583BE,Waalre
Anna Paulownalaan,4,"","",5583BE,Waalre
Anna Paulownalaan,5,"","",5583BE,Waalre
Anna Paulownalaan,6,"","",5583BE,Waalre
Anna Paulownalaan,7,"","",5583BE,Waalre
Anna Paulownalaan,8,"","",5583BE,Waalre
Anna Paulownalaan,8,A,"",5583BE,Waalre
Anna Paulownalaan,8,B,"",5583BE,Waalre
Anna Paulownalaan,8,C,"",5583BE,Waalre
Anna Paulownalaan,8,D,"",5583BE,Waalre
Anna Paulownalaan,9,"","",5583BE,Waalre
Anna Paulownalaan,26,"","",5583BG,Waalre
Anna Paulownalaan,27,"","",5583BG,Waalre
Anna Paulownalaan,28,"","",5583BG,Waalre
Anna Paulownalaan,29,"","",5583BG,Waalre
Anna Paulownalaan,30,"","",5583BG,Waalre
Anna Paulownalaan,31,"","",5583BG,Waalre
Anna Paulownalaan,32,"","",5583BG,Waalre
Anna Paulownalaan,33,"","",5583BG,Waalre
Anna Paulownalaan,34,"","",5583BG,Waalre
Anna Paulownalaan,35,"","",5583BG,Waalre
Anna Paulownalaan,36,"","",5583BG,Waalre
Anna Paulownalaan,37,"","",5583BG,Waalre
Anna Paulownalaan,38,"","",5583BG,Waalre
Anna Paulownalaan,39,"","",5583BG,Waalre
Anna Paulownalaan,40,"","",5583BG,Waalre
Anna Paulownalaan,41,"","",5583BG,Waalre
Anna Paulownalaan,42,"","",5583BG,Waalre
Anna Paulownalaan,43,"","",5583BG,Waalre
Anna Paulownalaan,44,"","",5583BG,Waalre
Anna Paulownalaan,45,"","",5583BG,Waalre
Anna Paulownalaan,46,"","",5583BG,Waalre
Alexanderstraat,1,"","",5583BH,Waalre
Alexanderstraat,11,"","",5583BH,Waalre
Alexanderstraat,11,A,"",5583BH,Waalre
Alexanderstraat,13,"","",5583BH,Waalre
Alexanderstraat,15,"","",5583BH,Waalre
Alexanderstraat,17,"","",5583BH,Waalre
Alexanderstraat,19,"","",5583BH,Waalre
Alexanderstraat,21,"","",5583BH,Waalre
Alexanderstraat,23,"","",5583BH,Waalre
Alexanderstraat,25,"","",5583BH,Waalre
Alexanderstraat,27,"","",5583BH,Waalre
Alexanderstraat,29,"","",5583BH,Waalre
Alexanderstraat,3,"","",5583BH,Waalre
Alexanderstraat,31,"","",5583BH,Waalre
Alexanderstraat,33,"","",5583BH,Waalre
Alexanderstraat,35,"","",5583BH,Waalre
Alexanderstraat,37,"","",5583BH,Waalre
Alexanderstraat,39,"","",5583BH,Waalre
Alexanderstraat,5,"","",5583BH,Waalre
Alexanderstraat,7,"","",5583BH,Waalre
Alexanderstraat,9,"","",5583BH,Waalre
Alexanderstraat,41,"","",5583BJ,Waalre
Alexanderstraat,43,"","",5583BJ,Waalre
Alexanderstraat,45,"","",5583BJ,Waalre
Alexanderstraat,47,"","",5583BJ,Waalre
Alexanderstraat,49,"","",5583BJ,Waalre
Alexanderstraat,51,"","",5583BJ,Waalre
Alexanderstraat,53,"","",5583BJ,Waalre
Alexanderstraat,55,"","",5583BJ,Waalre
Alexanderstraat,57,"","",5583BJ,Waalre
Alexanderstraat,59,"","",5583BJ,Waalre
Alexanderstraat,61,"","",5583BJ,Waalre
Alexanderstraat,65,"","",5583BJ,Waalre
Alexanderstraat,65,"","",5583BJ,Waalre
Alexanderstraat,67,"","",5583BJ,Waalre
Alexanderstraat,67,"","",5583BJ,Waalre
Alexanderstraat,10,"","",5583BK,Waalre
Alexanderstraat,12,"","",5583BK,Waalre
Alexanderstraat,14,"","",5583BK,Waalre
Alexanderstraat,16,"","",5583BK,Waalre
Alexanderstraat,16,A,"",5583BK,Waalre
Alexanderstraat,16,B,"",5583BK,Waalre
Alexanderstraat,18,"","",5583BK,Waalre
Alexanderstraat,18,A,"",5583BK,Waalre
Alexanderstraat,20,"","",5583BK,Waalre
Alexanderstraat,22,"","",5583BK,Waalre
Alexanderstraat,24,"","",5583BK,Waalre
Alexanderstraat,26,"","",5583BK,Waalre
Alexanderstraat,28,"","",5583BK,Waalre
Alexanderstraat,30,"","",5583BK,Waalre
Alexanderstraat,32,"","",5583BK,Waalre
Alexanderstraat,34,"","",5583BK,Waalre
Alexanderstraat,36,"","",5583BK,Waalre
Alexanderstraat,38,"","",5583BK,Waalre
Alexanderstraat,38,A,"",5583BK,Waalre
Alexanderstraat,40,"","",5583BK,Waalre
Alexanderstraat,42,"","",5583BK,Waalre
Alexanderstraat,44,"","",5583BK,Waalre
Emmastraat,1,"","",5583BL,Waalre
Emmastraat,1,A,"",5583BL,Waalre
Emmastraat,1,A,1,5583BL,Waalre
Emmastraat,1,B,"",5583BL,Waalre
Emmastraat,1,C,"",5583BL,Waalre
Emmastraat,1,D,"",5583BL,Waalre
Emmastraat,1,D,"",5583BL,Waalre
Emmastraat,11,"","",5583BL,Waalre
Emmastraat,13,"","",5583BL,Waalre
Emmastraat,15,"","",5583BL,Waalre
Emmastraat,17,"","",5583BL,Waalre
Emmastraat,19,"","",5583BL,Waalre
Emmastraat,21,"","",5583BL,Waalre
Emmastraat,23,"","",5583BL,Waalre
Emmastraat,25,"","",5583BL,Waalre
Emmastraat,27,"","",5583BL,Waalre
Emmastraat,27,A,"",5583BL,Waalre
Emmastraat,27,B,"",5583BL,Waalre
Emmastraat,29,"","",5583BL,Waalre
Emmastraat,3,"","",5583BL,Waalre
Emmastraat,31,"","",5583BL,Waalre
Emmastraat,31,"","",5583BL,Waalre
Emmastraat,31,A,"",5583BL,Waalre
Emmastraat,31,B,"",5583BL,Waalre
Emmastraat,33,"","",5583BL,Waalre
Emmastraat,5,"","",5583BL,Waalre
Emmastraat,7,"","",5583BL,Waalre
Emmastraat,9,"","",5583BL,Waalre
Emmastraat,10,"","",5583BM,Waalre
Emmastraat,12,"","",5583BM,Waalre
Emmastraat,14,"","",5583BM,Waalre
Emmastraat,14,A,"",5583BM,Waalre
Emmastraat,14,B,"",5583BM,Waalre
Emmastraat,14,C,"",5583BM,Waalre
Emmastraat,14,D,"",5583BM,Waalre
Emmastraat,14,E,"",5583BM,Waalre
Emmastraat,14,F,"",5583BM,Waalre
Emmastraat,16,"","",5583BM,Waalre
Emmastraat,18,"","",5583BM,Waalre
Emmastraat,2,"","",5583BM,Waalre
Emmastraat,20,"","",5583BM,Waalre
Emmastraat,20,A,"",5583BM,Waalre
Emmastraat,22,"","",5583BM,Waalre
Emmastraat,22,"","",5583BM,Waalre
Emmastraat,24,"","",5583BM,Waalre
Emmastraat,24,A,"",5583BM,Waalre
Emmastraat,26,"","",5583BM,Waalre
Emmastraat,28,"","",5583BM,Waalre
Emmastraat,30,"","",5583BM,Waalre
Emmastraat,4,"","",5583BM,Waalre
Emmastraat,6,"","",5583BM,Waalre
Emmastraat,8,"","",5583BM,Waalre
Nassaustraat,1,"","",5583BN,Waalre
Nassaustraat,1,A,"",5583BN,Waalre
Nassaustraat,1,A,"",5583BN,Waalre
Nassaustraat,1,B,"",5583BN,Waalre
Nassaustraat,1,B,"",5583BN,Waalre
Nassaustraat,1,C,"",5583BN,Waalre
Nassaustraat,1,C,"",5583BN,Waalre
Nassaustraat,1,C,1,5583BN,Waalre
Nassaustraat,1,D,"",5583BN,Waalre
Nassaustraat,1,D,"",5583BN,Waalre
Nassaustraat,1,E,"",5583BN,Waalre
Nassaustraat,1,F,"",5583BN,Waalre
Nassaustraat,1,G,"",5583BN,Waalre
Nassaustraat,1,H,"",5583BN,Waalre
Nassaustraat,1,K,"",5583BN,Waalre
Nassaustraat,10,"","",5583BN,Waalre
Nassaustraat,11,"","",5583BN,Waalre
Nassaustraat,12,"","",5583BN,Waalre
Nassaustraat,13,"","",5583BN,Waalre
Nassaustraat,14,"","",5583BN,Waalre
Nassaustraat,16,"","",5583BN,Waalre
Nassaustraat,18,"","",5583BN,Waalre
Nassaustraat,2,A,"",5583BN,Waalre
Nassaustraat,2,B,"",5583BN,Waalre
Nassaustraat,2,C,"",5583BN,Waalre
Nassaustraat,3,"","",5583BN,Waalre
Nassaustraat,4,A,"",5583BN,Waalre
Nassaustraat,4,B,"",5583BN,Waalre
Nassaustraat,4,C,"",5583BN,Waalre
Nassaustraat,4,D,"",5583BN,Waalre
Nassaustraat,4,E,"",5583BN,Waalre
Nassaustraat,5,"","",5583BN,Waalre
Nassaustraat,6,"","",5583BN,Waalre
Nassaustraat,7,"","",5583BN,Waalre
Nassaustraat,8,"","",5583BN,Waalre
Nassaustraat,9,"","",5583BN,Waalre
Brabantialaan,1,"","",5583BP,Waalre
Brabantialaan,1,"","",5583BP,Waalre
Brabantialaan,10,"","",5583BP,Waalre
Brabantialaan,101,"","",5583BP,Waalre
Brabantialaan,103,"","",5583BP,Waalre
Brabantialaan,11,"","",5583BP,Waalre
Brabantialaan,12,"","",5583BP,Waalre
Brabantialaan,13,"","",5583BP,Waalre
Brabantialaan,14,"","",5583BP,Waalre
Brabantialaan,15,"","",5583BP,Waalre
Brabantialaan,16,"","",5583BP,Waalre
Brabantialaan,17,"","",5583BP,Waalre
Brabantialaan,18,"","",5583BP,Waalre
Brabantialaan,19,"","",5583BP,Waalre
Brabantialaan,2,A,"",5583BP,Waalre
Brabantialaan,2,B,"",5583BP,Waalre
Brabantialaan,2,C,"",5583BP,Waalre
Brabantialaan,2,D,"",5583BP,Waalre
Brabantialaan,2,E,"",5583BP,Waalre
Brabantialaan,2,F,"",5583BP,Waalre
Brabantialaan,2,G,"",5583BP,Waalre
Brabantialaan,20,"","",5583BP,Waalre
Brabantialaan,21,"","",5583BP,Waalre
Brabantialaan,22,"","",5583BP,Waalre
Brabantialaan,22,A,"",5583BP,Waalre
Brabantialaan,23,"","",5583BP,Waalre
Brabantialaan,24,"","",5583BP,Waalre
Brabantialaan,25,"","",5583BP,Waalre
Brabantialaan,26,"","",5583BP,Waalre
Brabantialaan,27,"","",5583BP,Waalre
Brabantialaan,28,"","",5583BP,Waalre
Brabantialaan,28,A,"",5583BP,Waalre
Brabantialaan,29,"","",5583BP,Waalre
Brabantialaan,3,"","",5583BP,Waalre
Brabantialaan,3,"","",5583BP,Waalre
Brabantialaan,30,"","",5583BP,Waalre
Brabantialaan,31,"","",5583BP,Waalre
Brabantialaan,32,"","",5583BP,Waalre
Brabantialaan,33,"","",5583BP,Waalre
Brabantialaan,35,"","",5583BP,Waalre
Brabantialaan,37,"","",5583BP,Waalre
Brabantialaan,39,"","",5583BP,Waalre
Brabantialaan,4,A,"",5583BP,Waalre
Brabantialaan,4,B,"",5583BP,Waalre
Brabantialaan,4,C,"",5583BP,Waalre
Brabantialaan,4,D,"",5583BP,Waalre
Brabantialaan,4,E,"",5583BP,Waalre
Brabantialaan,41,"","",5583BP,Waalre
Brabantialaan,43,"","",5583BP,Waalre
Brabantialaan,45,"","",5583BP,Waalre
Brabantialaan,47,"","",5583BP,Waalre
Brabantialaan,49,"","",5583BP,Waalre
Brabantialaan,5,"","",5583BP,Waalre
Brabantialaan,5,"","",5583BP,Waalre
Brabantialaan,51,"","",5583BP,Waalre
Brabantialaan,53,"","",5583BP,Waalre
Brabantialaan,55,"","",5583BP,Waalre
Brabantialaan,57,"","",5583BP,Waalre
Brabantialaan,59,"","",5583BP,Waalre
Brabantialaan,6,A,"",5583BP,Waalre
Brabantialaan,6,B,"",5583BP,Waalre
Brabantialaan,6,C,"",5583BP,Waalre
Brabantialaan,6,D,"",5583BP,Waalre
Brabantialaan,6,E,"",5583BP,Waalre
Brabantialaan,6,F,"",5583BP,Waalre
Brabantialaan,6,G,"",5583BP,Waalre
Brabantialaan,6,H,"",5583BP,Waalre
Brabantialaan,6,J,"",5583BP,Waalre
Brabantialaan,6,K,"",5583BP,Waalre
Brabantialaan,61,"","",5583BP,Waalre
Brabantialaan,63,"","",5583BP,Waalre
Brabantialaan,65,"","",5583BP,Waalre
Brabantialaan,67,"","",5583BP,Waalre
Brabantialaan,69,"","",5583BP,Waalre
Brabantialaan,7,"","",5583BP,Waalre
Brabantialaan,7,"","",5583BP,Waalre
Brabantialaan,71,"","",5583BP,Waalre
Brabantialaan,73,"","",5583BP,Waalre
Brabantialaan,75,"","",5583BP,Waalre
Brabantialaan,77,"","",5583BP,Waalre
Brabantialaan,79,"","",5583BP,Waalre
Brabantialaan,8,A,"",5583BP,Waalre
Brabantialaan,8,B,"",5583BP,Waalre
Brabantialaan,8,C,"",5583BP,Waalre
Brabantialaan,8,D,"",5583BP,Waalre
Brabantialaan,9,"","",5583BP,Waalre
Molengragte,10,"","",5583BR,Waalre
Molengragte,12,"","",5583BR,Waalre
Molengragte,14,"","",5583BR,Waalre
Molengragte,16,"","",5583BR,Waalre
Molengragte,18,"","",5583BR,Waalre
Molengragte,2,"","",5583BR,Waalre
Molengragte,2,A,"",5583BR,Waalre
Molengragte,2,B,"",5583BR,Waalre
Molengragte,2,C,"",5583BR,Waalre
Molengragte,2,D,"",5583BR,Waalre
Molengragte,2,E,"",5583BR,Waalre
Molengragte,2,F,"",5583BR,Waalre
Molengragte,2,G,"",5583BR,Waalre
Molengragte,2,H,"",5583BR,Waalre
Molengragte,2,I,"",5583BR,Waalre
Molengragte,2,J,"",5583BR,Waalre
Molengragte,2,K,"",5583BR,Waalre
Molengragte,2,L,"",5583BR,Waalre
Molengragte,2,M,"",5583BR,Waalre
Molengragte,2,N,"",5583BR,Waalre
Molengragte,2,O,"",5583BR,Waalre
Molengragte,2,P,"",5583BR,Waalre
Molengragte,2,Q,"",5583BR,Waalre
Molengragte,20,"","",5583BR,Waalre
Molengragte,22,"","",5583BR,Waalre
Molengragte,24,"","",5583BR,Waalre
Molengragte,26,"","",5583BR,Waalre
Molengragte,28,"","",5583BR,Waalre
Molengragte,30,"","",5583BR,Waalre
Molengragte,32,"","",5583BR,Waalre
Molengragte,34,"","",5583BR,Waalre
Molengragte,36,"","",5583BR,Waalre
Molengragte,38,"","",5583BR,Waalre
Molengragte,4,"","",5583BR,Waalre
Molengragte,40,"","",5583BR,Waalre
Molengragte,42,"","",5583BR,Waalre
Molengragte,44,"","",5583BR,Waalre
Molengragte,46,"","",5583BR,Waalre
Molengragte,48,"","",5583BR,Waalre
Molengragte,50,"","",5583BR,Waalre
Molengragte,52,"","",5583BR,Waalre
Molengragte,54,"","",5583BR,Waalre
Molengragte,56,"","",5583BR,Waalre
Molengragte,58,"","",5583BR,Waalre
Molengragte,6,"","",5583BR,Waalre
Molengragte,60,"","",5583BR,Waalre
Molengragte,62,"","",5583BR,Waalre
Molengragte,64,"","",5583BR,Waalre
Molengragte,8,"","",5583BR,Waalre
't Huukske,1,"","",5583BS,Waalre
't Huukske,2,"","",5583BS,Waalre
't Huukske,3,"","",5583BS,Waalre
't Huukske,4,"","",5583BS,Waalre
't Huukske,5,"","",5583BS,Waalre
't Huukske,6,"","",5583BS,Waalre
Lakkerij,1,"","",5583HA,Waalre
Lakkerij,10,"","",5583HA,Waalre
Lakkerij,11,"","",5583HA,Waalre
Lakkerij,12,"","",5583HA,Waalre
Lakkerij,13,"","",5583HA,Waalre
Lakkerij,14,"","",5583HA,Waalre
Lakkerij,15,"","",5583HA,Waalre
Lakkerij,16,"","",5583HA,Waalre
Lakkerij,17,"","",5583HA,Waalre
Lakkerij,18,"","",5583HA,Waalre
Lakkerij,19,"","",5583HA,Waalre
Lakkerij,2,"","",5583HA,Waalre
Lakkerij,20,"","",5583HA,Waalre
Lakkerij,21,"","",5583HA,Waalre
Lakkerij,22,"","",5583HA,Waalre
Lakkerij,23,"","",5583HA,Waalre
Lakkerij,25,"","",5583HA,Waalre
Lakkerij,27,"","",5583HA,Waalre
Lakkerij,29,"","",5583HA,Waalre
Lakkerij,3,"","",5583HA,Waalre
Lakkerij,31,"","",5583HA,Waalre
Lakkerij,33,"","",5583HA,Waalre
Lakkerij,35,"","",5583HA,Waalre
Lakkerij,37,"","",5583HA,Waalre
Lakkerij,39,"","",5583HA,Waalre
Lakkerij,4,"","",5583HA,Waalre
Lakkerij,41,"","",5583HA,Waalre
Lakkerij,43,"","",5583HA,Waalre
Lakkerij,45,"","",5583HA,Waalre
Lakkerij,47,"","",5583HA,Waalre
Lakkerij,49,"","",5583HA,Waalre
Lakkerij,5,"","",5583HA,Waalre
Lakkerij,51,"","",5583HA,Waalre
Lakkerij,53,"","",5583HA,Waalre
Lakkerij,55,"","",5583HA,Waalre
Lakkerij,57,"","",5583HA,Waalre
Lakkerij,59,"","",5583HA,Waalre
Lakkerij,6,"","",5583HA,Waalre
Lakkerij,61,"","",5583HA,Waalre
Lakkerij,63,"","",5583HA,Waalre
Lakkerij,65,"","",5583HA,Waalre
Lakkerij,67,"","",5583HA,Waalre
Lakkerij,69,"","",5583HA,Waalre
Lakkerij,7,"","",5583HA,Waalre
Lakkerij,71,"","",5583HA,Waalre
Lakkerij,73,"","",5583HA,Waalre
Lakkerij,75,"","",5583HA,Waalre
Lakkerij,8,"","",5583HA,Waalre
Lakkerij,9,"","",5583HA,Waalre
Stamperij,1,"","",5583HB,Waalre
Stamperij,1,"","",5583HB,Waalre
Stamperij,11,"","",5583HB,Waalre
Stamperij,11,"","",5583HB,Waalre
Stamperij,13,"","",5583HB,Waalre
Stamperij,13,"","",5583HB,Waalre
Stamperij,15,"","",5583HB,Waalre
Stamperij,15,"","",5583HB,Waalre
Stamperij,17,"","",5583HB,Waalre
Stamperij,17,"","",5583HB,Waalre
Stamperij,19,"","",5583HB,Waalre
Stamperij,19,"","",5583HB,Waalre
Stamperij,2,"","",5583HB,Waalre
Stamperij,21,"","",5583HB,Waalre
Stamperij,23,"","",5583HB,Waalre
Stamperij,25,"","",5583HB,Waalre
Stamperij,3,"","",5583HB,Waalre
Stamperij,3,"","",5583HB,Waalre
Stamperij,4,"","",5583HB,Waalre
Stamperij,4,"","",5583HB,Waalre
Stamperij,5,"","",5583HB,Waalre
Stamperij,5,"","",5583HB,Waalre
Stamperij,6,"","",5583HB,Waalre
Stamperij,7,"","",5583HB,Waalre
Stamperij,9,"","",5583HB,Waalre
Stamperij,9,"","",5583HB,Waalre
Knipperij,1,"","",5583HC,Waalre
Knipperij,10,"","",5583HC,Waalre
Knipperij,10,"","",5583HC,Waalre
Knipperij,11,"","",5583HC,Waalre
Knipperij,12,"","",5583HC,Waalre
Knipperij,12,"","",5583HC,Waalre
Knipperij,13,"","",5583HC,Waalre
Knipperij,14,"","",5583HC,Waalre
Knipperij,15,"","",5583HC,Waalre
Knipperij,16,"","",5583HC,Waalre
Knipperij,17,"","",5583HC,Waalre
Knipperij,18,"","",5583HC,Waalre
Knipperij,19,"","",5583HC,Waalre
Knipperij,2,"","",5583HC,Waalre
Knipperij,3,"","",5583HC,Waalre
Knipperij,4,"","",5583HC,Waalre
Knipperij,4,"","",5583HC,Waalre
Knipperij,5,"","",5583HC,Waalre
Knipperij,5,"","",5583HC,Waalre
Knipperij,6,"","",5583HC,Waalre
Knipperij,6,"","",5583HC,Waalre
Knipperij,7,"","",5583HC,Waalre
Knipperij,7,"","",5583HC,Waalre
Knipperij,8,"","",5583HC,Waalre
Knipperij,8,"","",5583HC,Waalre
Knipperij,9,"","",5583HC,Waalre
Blikslagerij,31,"","",5583HD,Waalre
Blikslagerij,33,"","",5583HD,Waalre
Blikslagerij,35,"","",5583HD,Waalre
Blikslagerij,35,"","",5583HD,Waalre
Blikslagerij,37,"","",5583HD,Waalre
Blikslagerij,37,"","",5583HD,Waalre
Blikslagerij,39,"","",5583HD,Waalre
Blikslagerij,39,"","",5583HD,Waalre
Blikslagerij,41,"","",5583HD,Waalre
Blikslagerij,41,"","",5583HD,Waalre
Blikslagerij,43,"","",5583HD,Waalre
Blikslagerij,43,"","",5583HD,Waalre
Blikslagerij,45,"","",5583HD,Waalre
Blikslagerij,45,"","",5583HD,Waalre
Blikslagerij,47,"","",5583HD,Waalre
Blikslagerij,47,"","",5583HD,Waalre
Blikslagerij,49,"","",5583HD,Waalre
Blikslagerij,49,"","",5583HD,Waalre
Blikslagerij,51,"","",5583HD,Waalre
Blikslagerij,51,"","",5583HD,Waalre
Blikslagerij,53,"","",5583HD,Waalre
Blikslagerij,53,"","",5583HD,Waalre
Blikslagerij,55,"","",5583HD,Waalre
Blikslagerij,55,"","",5583HD,Waalre
Blikslagerij,57,"","",5583HD,Waalre
Blikslagerij,57,"","",5583HD,Waalre
Blikslagerij,59,"","",5583HD,Waalre
Blikslagerij,59,"","",5583HD,Waalre
Blikslagerij,59,"","",5583HD,Waalre
Blikslagerij,61,"","",5583HD,Waalre
Blikslagerij,61,"","",5583HD,Waalre
Blikslagerij,61,"","",5583HD,Waalre
Blikslagerij,63,"","",5583HD,Waalre
Blikslagerij,63,"","",5583HD,Waalre
Blikslagerij,65,"","",5583HD,Waalre
Blikslagerij,65,"","",5583HD,Waalre
Blikslagerij,67,"","",5583HD,Waalre
Blikslagerij,67,"","",5583HD,Waalre
Blikslagerij,69,"","",5583HD,Waalre
Blikslagerij,69,"","",5583HD,Waalre
Blikslagerij,69,"","",5583HD,Waalre
Blikslagerij,71,"","",5583HD,Waalre
Blikslagerij,71,"","",5583HD,Waalre
Blikslagerij,73,"","",5583HD,Waalre
Chromerij,11,"","",5583HH,Waalre
Chromerij,13,"","",5583HH,Waalre
Chromerij,15,"","",5583HH,Waalre
Chromerij,17,"","",5583HH,Waalre
Chromerij,19,"","",5583HH,Waalre
Chromerij,21,"","",5583HH,Waalre
Chromerij,23,"","",5583HH,Waalre
Chromerij,25,"","",5583HH,Waalre
Chromerij,27,"","",5583HH,Waalre
Chromerij,29,"","",5583HH,Waalre
Chromerij,3,"","",5583HH,Waalre
Chromerij,31,"","",5583HH,Waalre
Chromerij,33,"","",5583HH,Waalre
Chromerij,35,"","",5583HH,Waalre
Chromerij,37,"","",5583HH,Waalre
Chromerij,39,"","",5583HH,Waalre
Chromerij,5,"","",5583HH,Waalre
Chromerij,7,"","",5583HH,Waalre
Chromerij,9,"","",5583HH,Waalre
Chromerij,9,"","",5583HH,Waalre
Chromerij,10,"","",5583HJ,Waalre
Chromerij,10,"","",5583HJ,Waalre
Chromerij,100,"","",5583HJ,Waalre
Chromerij,102,"","",5583HJ,Waalre
Chromerij,102,"","",5583HJ,Waalre
Chromerij,104,"","",5583HJ,Waalre
Chromerij,104,"","",5583HJ,Waalre
Chromerij,106,"","",5583HJ,Waalre
Chromerij,106,"","",5583HJ,Waalre
Chromerij,108,"","",5583HJ,Waalre
Chromerij,108,"","",5583HJ,Waalre
Chromerij,110,"","",5583HJ,Waalre
Chromerij,110,"","",5583HJ,Waalre
Chromerij,112,"","",5583HJ,Waalre
Chromerij,112,"","",5583HJ,Waalre
Chromerij,114,"","",5583HJ,Waalre
Chromerij,114,"","",5583HJ,Waalre
Chromerij,116,"","",5583HJ,Waalre
Chromerij,116,"","",5583HJ,Waalre
Chromerij,118,"","",5583HJ,Waalre
Chromerij,118,"","",5583HJ,Waalre
Chromerij,12,"","",5583HJ,Waalre
Chromerij,12,"","",5583HJ,Waalre
Chromerij,120,"","",5583HJ,Waalre
Chromerij,120,"","",5583HJ,Waalre
Chromerij,122,"","",5583HJ,Waalre
Chromerij,122,"","",5583HJ,Waalre
Chromerij,124,"","",5583HJ,Waalre
Chromerij,124,"","",5583HJ,Waalre
Chromerij,126,"","",5583HJ,Waalre
Chromerij,126,"","",5583HJ,Waalre
Chromerij,128,"","",5583HJ,Waalre
Chromerij,130,"","",5583HJ,Waalre
Chromerij,132,"","",5583HJ,Waalre
Chromerij,134,"","",5583HJ,Waalre
Chromerij,136,"","",5583HJ,Waalre
Chromerij,138,"","",5583HJ,Waalre
Chromerij,14,"","",5583HJ,Waalre
Chromerij,14,"","",5583HJ,Waalre
Chromerij,140,"","",5583HJ,Waalre
Chromerij,16,"","",5583HJ,Waalre
Chromerij,16,"","",5583HJ,Waalre
Chromerij,18,"","",5583HJ,Waalre
Chromerij,18,"","",5583HJ,Waalre
Chromerij,2,"","",5583HJ,Waalre
Chromerij,2,"","",5583HJ,Waalre
Chromerij,20,"","",5583HJ,Waalre
Chromerij,20,"","",5583HJ,Waalre
Chromerij,202,"","",5583HJ,Waalre
Chromerij,204,"","",5583HJ,Waalre
Chromerij,206,"","",5583HJ,Waalre
Chromerij,208,"","",5583HJ,Waalre
Chromerij,210,"","",5583HJ,Waalre
Chromerij,212,"","",5583HJ,Waalre
Chromerij,214,"","",5583HJ,Waalre
Chromerij,216,"","",5583HJ,Waalre
Chromerij,218,"","",5583HJ,Waalre
Chromerij,22,"","",5583HJ,Waalre
Chromerij,22,"","",5583HJ,Waalre
Chromerij,220,"","",5583HJ,Waalre
Chromerij,222,"","",5583HJ,Waalre
Chromerij,224,"","",5583HJ,Waalre
Chromerij,226,"","",5583HJ,Waalre
Chromerij,228,"","",5583HJ,Waalre
Chromerij,230,"","",5583HJ,Waalre
Chromerij,232,"","",5583HJ,Waalre
Chromerij,234,"","",5583HJ,Waalre
Chromerij,236,"","",5583HJ,Waalre
Chromerij,238,"","",5583HJ,Waalre
Chromerij,24,"","",5583HJ,Waalre
Chromerij,24,"","",5583HJ,Waalre
Chromerij,240,"","",5583HJ,Waalre
Chromerij,26,"","",5583HJ,Waalre
Chromerij,26,"","",5583HJ,Waalre
Chromerij,28,"","",5583HJ,Waalre
Chromerij,28,"","",5583HJ,Waalre
Chromerij,30,"","",5583HJ,Waalre
Chromerij,30,"","",5583HJ,Waalre
Chromerij,302,"","",5583HJ,Waalre
Chromerij,304,"","",5583HJ,Waalre
Chromerij,32,"","",5583HJ,Waalre
Chromerij,32,"","",5583HJ,Waalre
Chromerij,34,"","",5583HJ,Waalre
Chromerij,34,"","",5583HJ,Waalre
Chromerij,36,"","",5583HJ,Waalre
Chromerij,36,"","",5583HJ,Waalre
Chromerij,38,"","",5583HJ,Waalre
Chromerij,38,"","",5583HJ,Waalre
Chromerij,4,"","",5583HJ,Waalre
Chromerij,4,"","",5583HJ,Waalre
Chromerij,40,"","",5583HJ,Waalre
Chromerij,40,"","",5583HJ,Waalre
Chromerij,42,"","",5583HJ,Waalre
Chromerij,42,"","",5583HJ,Waalre
Chromerij,44,"","",5583HJ,Waalre
Chromerij,46,"","",5583HJ,Waalre
Chromerij,48,"","",5583HJ,Waalre
Chromerij,50,"","",5583HJ,Waalre
Chromerij,52,"","",5583HJ,Waalre
Chromerij,54,"","",5583HJ,Waalre
Chromerij,56,"","",5583HJ,Waalre
Chromerij,58,"","",5583HJ,Waalre
Chromerij,6,"","",5583HJ,Waalre
Chromerij,6,"","",5583HJ,Waalre
Chromerij,60,"","",5583HJ,Waalre
Chromerij,62,"","",5583HJ,Waalre
Chromerij,64,"","",5583HJ,Waalre
Chromerij,66,"","",5583HJ,Waalre
Chromerij,68,"","",5583HJ,Waalre
Chromerij,70,"","",5583HJ,Waalre
Chromerij,72,"","",5583HJ,Waalre
Chromerij,74,"","",5583HJ,Waalre
Chromerij,76,"","",5583HJ,Waalre
Chromerij,78,"","",5583HJ,Waalre
Chromerij,8,"","",5583HJ,Waalre
Chromerij,8,"","",5583HJ,Waalre
Chromerij,8,"","",5583HJ,Waalre
Chromerij,80,"","",5583HJ,Waalre
Chromerij,82,"","",5583HJ,Waalre
Chromerij,84,"","",5583HJ,Waalre
Chromerij,86,"","",5583HJ,Waalre
Chromerij,88,"","",5583HJ,Waalre
Chromerij,90,"","",5583HJ,Waalre
Chromerij,92,"","",5583HJ,Waalre
Chromerij,94,"","",5583HJ,Waalre
Chromerij,96,"","",5583HJ,Waalre
Chromerij,98,"","",5583HJ,Waalre
