straat,huisnummer,huisletter,toevoeging,postcode,plaats
Maastrichterlaan,1,"","",6191AA,Beek
Maastrichterlaan,1,A,"",6191AA,Beek
Maastrichterlaan,11,"","",6191AA,Beek
Maastrichterlaan,13,"","",6191AA,Beek
Maastrichterlaan,15,"","",6191AA,Beek
Maastrichterlaan,15,"","",6191AA,Beek
Maastrichterlaan,15,A,"",6191AA,Beek
Maastrichterlaan,17,"","",6191AA,Beek
Maastrichterlaan,21,"","",6191AA,Beek
Maastrichterlaan,23,"","",6191AA,Beek
Maastrichterlaan,23,A,"",6191AA,Beek
Maastrichterlaan,25,"","",6191AA,Beek
Maastrichterlaan,3,"","",6191AA,Beek
Maastrichterlaan,3,A,"",6191AA,Beek
Maastrichterlaan,5,"","",6191AA,Beek
Maastrichterlaan,5,A,"",6191AA,Beek
Maastrichterlaan,5,B,"",6191AA,Beek
Maastrichterlaan,5,C,"",6191AA,Beek
Maastrichterlaan,5,D,"",6191AA,Beek
Maastrichterlaan,5,E,"",6191AA,Beek
Maastrichterlaan,5,F,"",6191AA,Beek
Maastrichterlaan,7,"","",6191AA,Beek
Maastrichterlaan,7,"","",6191AA,Beek
Maastrichterlaan,7,"","",6191AA,Beek
Maastrichterlaan,7,A,"",6191AA,Beek
Maastrichterlaan,9,"","",6191AA,Beek
Maastrichterlaan,31,"","",6191AB,Beek
Maastrichterlaan,33,"","",6191AB,Beek
Maastrichterlaan,35,"","",6191AB,Beek
Maastrichterlaan,37,"","",6191AB,Beek
Maastrichterlaan,39,"","",6191AB,Beek
Maastrichterlaan,41,"","",6191AB,Beek
Maastrichterlaan,43,"","",6191AB,Beek
Maastrichterlaan,45,"","",6191AB,Beek
Maastrichterlaan,47,"","",6191AB,Beek
Maastrichterlaan,49,"","",6191AB,Beek
Maastrichterlaan,51,"","",6191AB,Beek
Horsterweg,18,J,"",6191AC,Maastricht-Airport
Horsterweg,18,K,"",6191AC,Maastricht-Airport
Maastrichterlaan,53,"","",6191AC,Beek
Maastrichterlaan,53,A,"",6191AC,Beek
Maastrichterlaan,53,A,01,6191AC,Beek
Maastrichterlaan,53,A,02,6191AC,Beek
Maastrichterlaan,53,A,03,6191AC,Beek
Maastrichterlaan,53,A,04,6191AC,Beek
Maastrichterlaan,53,A,05,6191AC,Beek
Maastrichterlaan,53,A,1,6191AC,Beek
Maastrichterlaan,53,A,2,6191AC,Beek
Maastrichterlaan,53,A,3,6191AC,Beek
Maastrichterlaan,53,A,4,6191AC,Beek
Maastrichterlaan,53,A,5,6191AC,Beek
Maastrichterlaan,53,B,06,6191AC,Beek
Maastrichterlaan,53,B,07,6191AC,Beek
Maastrichterlaan,53,B,08,6191AC,Beek
Maastrichterlaan,53,B,09,6191AC,Beek
Maastrichterlaan,53,B,10,6191AC,Beek
Maastrichterlaan,53,B,10,6191AC,Beek
Maastrichterlaan,53,B,11,6191AC,Beek
Maastrichterlaan,53,B,11,6191AC,Beek
Maastrichterlaan,53,B,12,6191AC,Beek
Maastrichterlaan,53,B,12,6191AC,Beek
Maastrichterlaan,53,B,13,6191AC,Beek
Maastrichterlaan,53,B,13,6191AC,Beek
Maastrichterlaan,53,B,6,6191AC,Beek
Maastrichterlaan,53,B,7,6191AC,Beek
Maastrichterlaan,53,B,8,6191AC,Beek
Maastrichterlaan,53,B,9,6191AC,Beek
Maastrichterlaan,53,C,14,6191AC,Beek
Maastrichterlaan,53,C,14,6191AC,Beek
Maastrichterlaan,53,C,15,6191AC,Beek
Maastrichterlaan,53,C,15,6191AC,Beek
Maastrichterlaan,53,C,16,6191AC,Beek
Maastrichterlaan,53,C,16,6191AC,Beek
Maastrichterlaan,53,C,17,6191AC,Beek
Maastrichterlaan,53,C,17,6191AC,Beek
Maastrichterlaan,53,C,18,6191AC,Beek
Maastrichterlaan,53,C,18,6191AC,Beek
Maastrichterlaan,53,C,19,6191AC,Beek
Maastrichterlaan,53,C,19,6191AC,Beek
Maastrichterlaan,53,C,20,6191AC,Beek
Maastrichterlaan,53,C,20,6191AC,Beek
Maastrichterlaan,53,C,20,6191AC,Beek
Maastrichterlaan,53,C,21,6191AC,Beek
Maastrichterlaan,53,C,21,6191AC,Beek
Maastrichterlaan,53,D,22,6191AC,Beek
Maastrichterlaan,53,D,22,6191AC,Beek
Maastrichterlaan,53,D,23,6191AC,Beek
Maastrichterlaan,53,D,23,6191AC,Beek
Maastrichterlaan,53,D,24,6191AC,Beek
Maastrichterlaan,53,D,24,6191AC,Beek
Maastrichterlaan,53,D,25,6191AC,Beek
Maastrichterlaan,53,D,25,6191AC,Beek
Maastrichterlaan,55,"","",6191AC,Beek
Maastrichterlaan,57,"","",6191AC,Beek
Maastrichterlaan,59,"","",6191AC,Beek
Maastrichterlaan,61,"","",6191AC,Beek
Maastrichterlaan,65,"","",6191AC,Beek
Maastrichterlaan,67,"","",6191AC,Beek
Maastrichterlaan,69,"","",6191AC,Beek
Maastrichterlaan,71,"","",6191AC,Beek
Maastrichterlaan,73,"","",6191AC,Beek
Maastrichterlaan,75,"","",6191AC,Beek
Maastrichterlaan,77,"","",6191AC,Beek
Maastrichterlaan,79,"","",6191AC,Beek
Maastrichterlaan,81,"","",6191AC,Beek
Maastrichterlaan,83,"","",6191AC,Beek
Maastrichterlaan,85,"","",6191AC,Beek
Maastrichterlaan,85,A,"",6191AC,Beek
Maastrichterlaan,87,"","",6191AC,Beek
Maastrichterlaan,18,"","",6191AD,Beek
Maastrichterlaan,18,A,"",6191AD,Beek
Maastrichterlaan,20,"","",6191AD,Beek
Maastrichterlaan,20,A,"",6191AD,Beek
Maastrichterlaan,22,"","",6191AD,Beek
Maastrichterlaan,24,"","",6191AD,Beek
Maastrichterlaan,26,"","",6191AD,Beek
Maastrichterlaan,34,"","",6191AD,Beek
Maastrichterlaan,36,"","",6191AD,Beek
Maastrichterlaan,38,"","",6191AD,Beek
Maastrichterlaan,40,"","",6191AD,Beek
Amerikalaan,100,"","",6191AE,Maastricht-Airport
Maastrichterlaan,42,"","",6191AE,Beek
Maastrichterlaan,44,"","",6191AE,Beek
Maastrichterlaan,46,"","",6191AE,Beek
Maastrichterlaan,48,"","",6191AE,Beek
Maastrichterlaan,50,"","",6191AE,Beek
Maastrichterlaan,52,"","",6191AE,Beek
Maastrichterlaan,54,"","",6191AE,Beek
Maastrichterlaan,56,"","",6191AE,Beek
Maastrichterlaan,58,"","",6191AE,Beek
Maastrichterlaan,60,"","",6191AE,Beek
Maastrichterlaan,62,"","",6191AE,Beek
Maastrichterlaan,64,"","",6191AE,Beek
Maastrichterlaan,66,"","",6191AE,Beek
Maastrichterlaan,68,"","",6191AE,Beek
Raadhuispark,1,"","",6191AG,Beek
Raadhuispark,10,"","",6191AG,Beek
Raadhuispark,11,"","",6191AG,Beek
Raadhuispark,11,A,"",6191AG,Beek
Raadhuispark,11,B,"",6191AG,Beek
Raadhuispark,11,C,"",6191AG,Beek
Raadhuispark,11,D,"",6191AG,Beek
Raadhuispark,12,"","",6191AG,Beek
Raadhuispark,13,"","",6191AG,Beek
Raadhuispark,14,"","",6191AG,Beek
Raadhuispark,15,"","",6191AG,Beek
Raadhuispark,16,"","",6191AG,Beek
Raadhuispark,17,"","",6191AG,Beek
Raadhuispark,18,"","",6191AG,Beek
Raadhuispark,19,"","",6191AG,Beek
Raadhuispark,2,"","",6191AG,Beek
Raadhuispark,2,"","",6191AG,Beek
Raadhuispark,2,A,"",6191AG,Beek
Raadhuispark,2,B,"",6191AG,Beek
Raadhuispark,2,C,"",6191AG,Beek
Raadhuispark,2,D,"",6191AG,Beek
Raadhuispark,2,E,"",6191AG,Beek
Raadhuispark,2,F,"",6191AG,Beek
Raadhuispark,2,G,"",6191AG,Beek
Raadhuispark,2,H,"",6191AG,Beek
Raadhuispark,2,J,"",6191AG,Beek
Raadhuispark,2,K,"",6191AG,Beek
Raadhuispark,2,L,"",6191AG,Beek
Raadhuispark,2,M,"",6191AG,Beek
Raadhuispark,2,N,"",6191AG,Beek
Raadhuispark,20,"","",6191AG,Beek
Raadhuispark,21,"","",6191AG,Beek
Raadhuispark,22,"","",6191AG,Beek
Raadhuispark,23,"","",6191AG,Beek
Raadhuispark,24,"","",6191AG,Beek
Raadhuispark,25,"","",6191AG,Beek
Raadhuispark,26,"","",6191AG,Beek
Raadhuispark,27,"","",6191AG,Beek
Raadhuispark,28,"","",6191AG,Beek
Raadhuispark,29,"","",6191AG,Beek
Raadhuispark,3,"","",6191AG,Beek
Raadhuispark,3,A,"",6191AG,Beek
Raadhuispark,31,"","",6191AG,Beek
Raadhuispark,33,"","",6191AG,Beek
Raadhuispark,35,"","",6191AG,Beek
Raadhuispark,37,"","",6191AG,Beek
Raadhuispark,39,"","",6191AG,Beek
Raadhuispark,41,"","",6191AG,Beek
Raadhuispark,43,"","",6191AG,Beek
Raadhuispark,45,"","",6191AG,Beek
Raadhuispark,47,"","",6191AG,Beek
Raadhuispark,49,"","",6191AG,Beek
Raadhuispark,5,"","",6191AG,Beek
Raadhuispark,51,"","",6191AG,Beek
Raadhuispark,53,"","",6191AG,Beek
Raadhuispark,55,"","",6191AG,Beek
Raadhuispark,57,"","",6191AG,Beek
Raadhuispark,59,"","",6191AG,Beek
Raadhuispark,61,"","",6191AG,Beek
Raadhuispark,63,"","",6191AG,Beek
Raadhuispark,65,"","",6191AG,Beek
Raadhuispark,67,"","",6191AG,Beek
Raadhuispark,69,"","",6191AG,Beek
Raadhuispark,7,"","",6191AG,Beek
Raadhuispark,71,"","",6191AG,Beek
Raadhuispark,71,A,"",6191AG,Beek
Raadhuispark,71,B,"",6191AG,Beek
Raadhuispark,71,C,"",6191AG,Beek
Raadhuispark,71,D,"",6191AG,Beek
Raadhuispark,71,E,"",6191AG,Beek
Raadhuispark,71,F,"",6191AG,Beek
Raadhuispark,71,G,"",6191AG,Beek
Raadhuispark,71,H,"",6191AG,Beek
Raadhuispark,71,J,"",6191AG,Beek
Raadhuispark,73,"","",6191AG,Beek
Raadhuispark,75,"","",6191AG,Beek
Raadhuispark,77,"","",6191AG,Beek
Raadhuispark,79,"","",6191AG,Beek
Raadhuispark,8,"","",6191AG,Beek
Raadhuispark,81,"","",6191AG,Beek
Raadhuispark,83,"","",6191AG,Beek
Raadhuispark,85,"","",6191AG,Beek
Raadhuispark,87,"","",6191AG,Beek
Raadhuispark,89,"","",6191AG,Beek
Raadhuispark,9,"","",6191AG,Beek
Raadhuispark,91,"","",6191AG,Beek
Raadhuispark,93,"","",6191AG,Beek
Raadhuispark,95,"","",6191AG,Beek
Raadhuispark,97,"","",6191AG,Beek
Proosdijstraat,10,"","",6191AH,Beek
Proosdijstraat,11,"","",6191AH,Beek
Proosdijstraat,12,"","",6191AH,Beek
Proosdijstraat,14,"","",6191AH,Beek
Proosdijstraat,15,"","",6191AH,Beek
Proosdijstraat,16,"","",6191AH,Beek
Proosdijstraat,17,"","",6191AH,Beek
Proosdijstraat,19,"","",6191AH,Beek
Proosdijstraat,5,"","",6191AH,Beek
Proosdijstraat,7,"","",6191AH,Beek
Proosdijstraat,8,"","",6191AH,Beek
Proosdijstraat,9,"","",6191AH,Beek
Professor Spronckpark,1,"","",6191AJ,Beek
Professor Spronckpark,10,"","",6191AJ,Beek
Professor Spronckpark,11,"","",6191AJ,Beek
Professor Spronckpark,12,"","",6191AJ,Beek
Professor Spronckpark,12,"","",6191AJ,Beek
Professor Spronckpark,13,"","",6191AJ,Beek
Professor Spronckpark,14,"","",6191AJ,Beek
Professor Spronckpark,15,"","",6191AJ,Beek
Professor Spronckpark,16,"","",6191AJ,Beek
Professor Spronckpark,2,"","",6191AJ,Beek
Professor Spronckpark,3,"","",6191AJ,Beek
Professor Spronckpark,4,"","",6191AJ,Beek
Professor Spronckpark,5,"","",6191AJ,Beek
Professor Spronckpark,6,"","",6191AJ,Beek
Professor Spronckpark,7,"","",6191AJ,Beek
Professor Spronckpark,8,"","",6191AJ,Beek
Professor Spronckpark,9,"","",6191AJ,Beek
Heuvelstraat,1,"","",6191AK,Beek
Heuvelstraat,10,"","",6191AK,Beek
Heuvelstraat,12,"","",6191AK,Beek
Heuvelstraat,14,"","",6191AK,Beek
Heuvelstraat,16,"","",6191AK,Beek
Heuvelstraat,18,"","",6191AK,Beek
Heuvelstraat,2,"","",6191AK,Beek
Heuvelstraat,20,"","",6191AK,Beek
Heuvelstraat,22,"","",6191AK,Beek
Heuvelstraat,24,"","",6191AK,Beek
Heuvelstraat,26,"","",6191AK,Beek
Heuvelstraat,28,"","",6191AK,Beek
Heuvelstraat,3,"","",6191AK,Beek
Heuvelstraat,30,"","",6191AK,Beek
Heuvelstraat,32,"","",6191AK,Beek
Heuvelstraat,34,"","",6191AK,Beek
Heuvelstraat,36,"","",6191AK,Beek
Heuvelstraat,38,"","",6191AK,Beek
Heuvelstraat,4,"","",6191AK,Beek
Heuvelstraat,40,"","",6191AK,Beek
Heuvelstraat,42,"","",6191AK,Beek
Heuvelstraat,44,"","",6191AK,Beek
Heuvelstraat,46,"","",6191AK,Beek
Heuvelstraat,5,"","",6191AK,Beek
Heuvelstraat,6,"","",6191AK,Beek
Heuvelstraat,8,"","",6191AK,Beek
Julianalaan,1,"","",6191AL,Beek
Julianalaan,3,"","",6191AL,Beek
Julianalaan,5,"","",6191AL,Beek
Julianalaan,7,"","",6191AL,Beek
Julianalaan,7,A,"",6191AL,Beek
Julianalaan,7,B,"",6191AL,Beek
Julianalaan,7,C,"",6191AL,Beek
Julianalaan,7,D,"",6191AL,Beek
Julianalaan,7,E,"",6191AL,Beek
Julianalaan,7,F,"",6191AL,Beek
Julianalaan,7,G,"",6191AL,Beek
Julianalaan,7,H,"",6191AL,Beek
Julianalaan,7,J,"",6191AL,Beek
Julianalaan,7,K,"",6191AL,Beek
Julianalaan,7,M,"",6191AL,Beek
Julianalaan,7,N,"",6191AL,Beek
Julianalaan,7,P,"",6191AL,Beek
Julianalaan,9,"","",6191AL,Beek
Julianalaan,9,A,"",6191AL,Beek
Julianalaan,10,"","",6191AM,Beek
Julianalaan,12,"","",6191AM,Beek
Julianalaan,14,"","",6191AM,Beek
Julianalaan,14,B,"",6191AM,Beek
Julianalaan,14,C,"",6191AM,Beek
Julianalaan,14,D,"",6191AM,Beek
Julianalaan,14,E,"",6191AM,Beek
Julianalaan,14,F,"",6191AM,Beek
Julianalaan,14,G,"",6191AM,Beek
Julianalaan,14,H,"",6191AM,Beek
Julianalaan,14,J,"",6191AM,Beek
Julianalaan,14,K,"",6191AM,Beek
Julianalaan,16,A,"",6191AM,Beek
Julianalaan,16,B,"",6191AM,Beek
Julianalaan,16,C,"",6191AM,Beek
Julianalaan,16,D,"",6191AM,Beek
Julianalaan,16,E,"",6191AM,Beek
Julianalaan,16,F,"",6191AM,Beek
Julianalaan,16,G,"",6191AM,Beek
Julianalaan,16,H,"",6191AM,Beek
Julianalaan,16,J,"",6191AM,Beek
Julianalaan,16,K,"",6191AM,Beek
Julianalaan,16,M,"",6191AM,Beek
Julianalaan,16,N,"",6191AM,Beek
Julianalaan,16,P,"",6191AM,Beek
Julianalaan,16,Q,"",6191AM,Beek
Julianalaan,16,R,"",6191AM,Beek
Julianalaan,16,S,"",6191AM,Beek
Julianalaan,16,T,"",6191AM,Beek
Julianalaan,16,U,"",6191AM,Beek
Julianalaan,16,V,"",6191AM,Beek
Julianalaan,16,W,"",6191AM,Beek
Julianalaan,16,X,"",6191AM,Beek
Julianalaan,16,Y,"",6191AM,Beek
Julianalaan,16,Z,"",6191AM,Beek
Julianalaan,18,"","",6191AM,Beek
Julianalaan,2,"","",6191AM,Beek
Julianalaan,2,"","",6191AM,Beek
Julianalaan,2,A,"",6191AM,Beek
Julianalaan,2,A,"",6191AM,Beek
Julianalaan,2,A,"",6191AM,Beek
Julianalaan,20,"","",6191AM,Beek
Julianalaan,22,"","",6191AM,Beek
Julianalaan,24,"","",6191AM,Beek
Julianalaan,26,"","",6191AM,Beek
Julianalaan,28,"","",6191AM,Beek
Julianalaan,30,"","",6191AM,Beek
Julianalaan,32,"","",6191AM,Beek
Julianalaan,34,"","",6191AM,Beek
Julianalaan,36,"","",6191AM,Beek
Julianalaan,4,"","",6191AM,Beek
Julianalaan,4,"","",6191AM,Beek
Julianalaan,4,"","",6191AM,Beek
Julianalaan,4,A,"",6191AM,Beek
Julianalaan,4,A,"",6191AM,Beek
Julianalaan,6,"","",6191AM,Beek
Julianalaan,6,A,"",6191AM,Beek
Julianalaan,8,"","",6191AM,Beek
Marijkestraat,1,"","",6191AN,Beek
Marijkestraat,11,"","",6191AN,Beek
Marijkestraat,13,"","",6191AN,Beek
Marijkestraat,15,"","",6191AN,Beek
Marijkestraat,15,"","",6191AN,Beek
Marijkestraat,17,"","",6191AN,Beek
Marijkestraat,19,"","",6191AN,Beek
Marijkestraat,21,"","",6191AN,Beek
Marijkestraat,23,"","",6191AN,Beek
Marijkestraat,25,"","",6191AN,Beek
Marijkestraat,27,"","",6191AN,Beek
Marijkestraat,29,"","",6191AN,Beek
Marijkestraat,3,"","",6191AN,Beek
Marijkestraat,31,"","",6191AN,Beek
Marijkestraat,33,"","",6191AN,Beek
Marijkestraat,35,"","",6191AN,Beek
Marijkestraat,37,"","",6191AN,Beek
Marijkestraat,39,"","",6191AN,Beek
Marijkestraat,41,"","",6191AN,Beek
Marijkestraat,43,"","",6191AN,Beek
Marijkestraat,45,"","",6191AN,Beek
Marijkestraat,45,A,"",6191AN,Beek
Marijkestraat,45,B,"",6191AN,Beek
Marijkestraat,45,C,"",6191AN,Beek
Marijkestraat,45,D,"",6191AN,Beek
Marijkestraat,45,E,"",6191AN,Beek
Marijkestraat,45,F,"",6191AN,Beek
Marijkestraat,45,G,"",6191AN,Beek
Marijkestraat,45,H,"",6191AN,Beek
Marijkestraat,45,J,"",6191AN,Beek
Marijkestraat,45,K,"",6191AN,Beek
Marijkestraat,45,M,"",6191AN,Beek
Marijkestraat,45,N,"",6191AN,Beek
Marijkestraat,5,"","",6191AN,Beek
Marijkestraat,7,"","",6191AN,Beek
Marijkestraat,9,"","",6191AN,Beek
Marijkestraat,47,"","",6191AP,Beek
Marijkestraat,49,"","",6191AP,Beek
Marijkestraat,51,"","",6191AP,Beek
Marijkestraat,53,"","",6191AP,Beek
Marijkestraat,55,"","",6191AP,Beek
Marijkestraat,57,"","",6191AP,Beek
Marijkestraat,10,"","",6191AR,Beek
Marijkestraat,12,"","",6191AR,Beek
Marijkestraat,14,"","",6191AR,Beek
Marijkestraat,16,"","",6191AR,Beek
Marijkestraat,18,"","",6191AR,Beek
Marijkestraat,2,"","",6191AR,Beek
Marijkestraat,20,"","",6191AR,Beek
Marijkestraat,22,"","",6191AR,Beek
Marijkestraat,4,"","",6191AR,Beek
Marijkestraat,6,"","",6191AR,Beek
Marijkestraat,8,"","",6191AR,Beek
Irenestraat,1,"","",6191AS,Beek
Irenestraat,11,"","",6191AS,Beek
Irenestraat,13,"","",6191AS,Beek
Irenestraat,15,"","",6191AS,Beek
Irenestraat,17,"","",6191AS,Beek
Irenestraat,19,"","",6191AS,Beek
Irenestraat,21,"","",6191AS,Beek
Irenestraat,23,"","",6191AS,Beek
Irenestraat,25,"","",6191AS,Beek
Irenestraat,27,"","",6191AS,Beek
Irenestraat,29,"","",6191AS,Beek
Irenestraat,3,"","",6191AS,Beek
Irenestraat,31,"","",6191AS,Beek
Irenestraat,33,"","",6191AS,Beek
Irenestraat,35,"","",6191AS,Beek
Irenestraat,37,"","",6191AS,Beek
Irenestraat,39,"","",6191AS,Beek
Irenestraat,39,"","",6191AS,Beek
Irenestraat,39,A,"",6191AS,Beek
Irenestraat,41,"","",6191AS,Beek
Irenestraat,43,"","",6191AS,Beek
Irenestraat,45,"","",6191AS,Beek
Irenestraat,47,"","",6191AS,Beek
Irenestraat,5,"","",6191AS,Beek
Irenestraat,7,"","",6191AS,Beek
Irenestraat,9,"","",6191AS,Beek
Hofstraat,1,A,"",6191AT,Beek
Irenestraat,49,"","",6191AT,Beek
Irenestraat,51,"","",6191AT,Beek
Irenestraat,53,"","",6191AT,Beek
Irenestraat,55,"","",6191AT,Beek
Irenestraat,57,"","",6191AT,Beek
Irenestraat,10,"","",6191AV,Beek
Irenestraat,12,"","",6191AV,Beek
Irenestraat,14,"","",6191AV,Beek
Irenestraat,16,"","",6191AV,Beek
Irenestraat,18,"","",6191AV,Beek
Irenestraat,20,"","",6191AV,Beek
Irenestraat,6,"","",6191AV,Beek
Irenestraat,8,"","",6191AV,Beek
Irenestraat,22,"","",6191AW,Beek
Irenestraat,24,"","",6191AW,Beek
Irenestraat,26,"","",6191AW,Beek
Irenestraat,28,"","",6191AW,Beek
Irenestraat,30,"","",6191AW,Beek
Irenestraat,32,"","",6191AW,Beek
Irenestraat,34,"","",6191AW,Beek
Irenestraat,36,"","",6191AW,Beek
Irenestraat,38,"","",6191AW,Beek
Irenestraat,40,"","",6191AW,Beek
Irenestraat,42,"","",6191AW,Beek
Irenestraat,44,"","",6191AW,Beek
Irenestraat,46,"","",6191AW,Beek
Irenestraat,48,"","",6191AW,Beek
Irenestraat,50,"","",6191AW,Beek
Irenestraat,52,"","",6191AW,Beek
Irenestraat,54,"","",6191AW,Beek
Irenestraat,56,"","",6191AW,Beek
Irenestraat,58,"","",6191AW,Beek
Irenestraat,60,"","",6191AW,Beek
Irenestraat,62,"","",6191AW,Beek
Irenestraat,64,"","",6191AW,Beek
Irenestraat,66,"","",6191AW,Beek
Irenestraat,68,"","",6191AW,Beek
Kakebergweg,11,"","",6191AX,Beek
Kakebergweg,13,"","",6191AX,Beek
Kakebergweg,15,"","",6191AX,Beek
Kakebergweg,17,"","",6191AX,Beek
Kakebergweg,19,"","",6191AX,Beek
Kakebergweg,21,"","",6191AX,Beek
Kakebergweg,23,"","",6191AX,Beek
Kakebergweg,25,"","",6191AX,Beek
Kakebergweg,27,"","",6191AX,Beek
Kakebergweg,5,"","",6191AX,Beek
Kakebergweg,7,"","",6191AX,Beek
Kakebergweg,9,"","",6191AX,Beek
Kakebergweg,10,"","",6191AZ,Beek
Kakebergweg,12,"","",6191AZ,Beek
Kakebergweg,14,"","",6191AZ,Beek
Kakebergweg,16,"","",6191AZ,Beek
Kakebergweg,2,"","",6191AZ,Beek
Kakebergweg,4,"","",6191AZ,Beek
Kakebergweg,6,"","",6191AZ,Beek
Kakebergweg,8,"","",6191AZ,Beek
Stationstraat,1,"","",6191BA,Beek
Stationstraat,1,A,"",6191BA,Beek
Stationstraat,1,B,"",6191BA,Beek
Stationstraat,1,C,"",6191BA,Beek
Stationstraat,1,D,"",6191BA,Beek
Stationstraat,1,E,"",6191BA,Beek
Stationstraat,1,F,"",6191BA,Beek
Stationstraat,11,"","",6191BA,Beek
Stationstraat,13,"","",6191BA,Beek
Stationstraat,13,A,"",6191BA,Beek
Stationstraat,13,B,"",6191BA,Beek
Stationstraat,15,"","",6191BA,Beek
Stationstraat,17,"","",6191BA,Beek
Stationstraat,19,"","",6191BA,Beek
Stationstraat,21,"","",6191BA,Beek
Stationstraat,23,"","",6191BA,Beek
Stationstraat,5,"","",6191BA,Beek
Stationstraat,7,"","",6191BA,Beek
Stationstraat,7,"","",6191BA,Beek
Stationstraat,7,A,"",6191BA,Beek
Stationstraat,9,"","",6191BA,Beek
Stationstraat,9,A,"",6191BA,Beek
Stationstraat,9,B,"",6191BA,Beek
Stationstraat,25,"","",6191BB,Beek
Stationstraat,27,"","",6191BB,Beek
Stationstraat,29,"","",6191BB,Beek
Stationstraat,31,"","",6191BB,Beek
Stationstraat,31,A,"",6191BB,Beek
Stationstraat,33,"","",6191BB,Beek
Stationstraat,35,"","",6191BB,Beek
Stationstraat,37,"","",6191BB,Beek
Stationstraat,39,"","",6191BB,Beek
Stationstraat,41,"","",6191BB,Beek
Stationstraat,103,"","",6191BC,Beek
Stationstraat,105,"","",6191BC,Beek
Stationstraat,107,"","",6191BC,Beek
Stationstraat,109,"","",6191BC,Beek
Stationstraat,111,"","",6191BC,Beek
Stationstraat,113,"","",6191BC,Beek
Stationstraat,115,"","",6191BC,Beek
Stationstraat,43,"","",6191BC,Beek
Stationstraat,43,A,"",6191BC,Beek
Stationstraat,43,B,"",6191BC,Beek
Stationstraat,45,"","",6191BC,Beek
Stationstraat,47,"","",6191BC,Beek
Stationstraat,49,"","",6191BC,Beek
Stationstraat,51,"","",6191BC,Beek
Stationstraat,55,"","",6191BC,Beek
Stationstraat,57,"","",6191BC,Beek
Stationstraat,59,"","",6191BC,Beek
Stationstraat,61,"","",6191BC,Beek
Stationstraat,63,"","",6191BC,Beek
Stationstraat,65,"","",6191BC,Beek
Stationstraat,67,"","",6191BC,Beek
Stationstraat,69,"","",6191BC,Beek
Stationstraat,71,"","",6191BC,Beek
Stationstraat,81,"","",6191BC,Beek
Stationstraat,83,"","",6191BC,Beek
Stationstraat,89,"","",6191BC,Beek
Stationstraat,91,"","",6191BC,Beek
Stationstraat,12,"","",6191BD,Beek
Stationstraat,12,"","",6191BD,Beek
Stationstraat,12,A,"",6191BD,Beek
Stationstraat,14,"","",6191BD,Beek
Stationstraat,16,"","",6191BD,Beek
Stationstraat,16,A,"",6191BD,Beek
Stationstraat,18,"","",6191BD,Beek
Stationstraat,2,"","",6191BD,Beek
Stationstraat,2,A,"",6191BD,Beek
Stationstraat,2,B,"",6191BD,Beek
Stationstraat,2,C,"",6191BD,Beek
Stationstraat,2,D,"",6191BD,Beek
Stationstraat,2,E,"",6191BD,Beek
Stationstraat,20,"","",6191BD,Beek
Stationstraat,22,"","",6191BD,Beek
Stationstraat,24,"","",6191BD,Beek
Stationstraat,26,"","",6191BD,Beek
Stationstraat,28,"","",6191BD,Beek
Stationstraat,4,"","",6191BD,Beek
Stationstraat,6,"","",6191BD,Beek
Stationstraat,6,A,"",6191BD,Beek
Stationstraat,30,"","",6191BE,Beek
Stationstraat,34,"","",6191BE,Beek
Stationstraat,36,"","",6191BE,Beek
Stationstraat,38,"","",6191BE,Beek
Stationstraat,40,"","",6191BE,Beek
Stationstraat,42,"","",6191BE,Beek
Stationstraat,44,"","",6191BE,Beek
Stationstraat,46,"","",6191BE,Beek
Stationstraat,100,"","",6191BG,Beek
Stationstraat,102,"","",6191BG,Beek
Stationstraat,104,"","",6191BG,Beek
Stationstraat,106,"","",6191BG,Beek
Stationstraat,106,A,"",6191BG,Beek
Stationstraat,110,"","",6191BG,Beek
Stationstraat,112,"","",6191BG,Beek
Stationstraat,114,"","",6191BG,Beek
Stationstraat,122,"","",6191BG,Beek
Stationstraat,122,A,"",6191BG,Beek
Stationstraat,124,"","",6191BG,Beek
Stationstraat,126,"","",6191BG,Beek
Stationstraat,126,A,"",6191BG,Beek
Stationstraat,128,"","",6191BG,Beek
Stationstraat,130,"","",6191BG,Beek
Stationstraat,132,"","",6191BG,Beek
Stationstraat,132,A,"",6191BG,Beek
Stationstraat,48,"","",6191BG,Beek
Stationstraat,50,"","",6191BG,Beek
Stationstraat,52,"","",6191BG,Beek
Stationstraat,54,"","",6191BG,Beek
Stationstraat,56,"","",6191BG,Beek
Stationstraat,58,"","",6191BG,Beek
Stationstraat,60,"","",6191BG,Beek
Stationstraat,62,"","",6191BG,Beek
Stationstraat,64,"","",6191BG,Beek
Stationstraat,80,"","",6191BG,Beek
Stationstraat,84,"","",6191BG,Beek
Stationstraat,88,"","",6191BG,Beek
Stationstraat,90,"","",6191BG,Beek
Stationstraat,94,"","",6191BG,Beek
Stationstraat,94,A,"",6191BG,Beek
Aan de Drie Heren,1,"","",6191BH,Beek
Aan de Drie Heren,11,"","",6191BH,Beek
Aan de Drie Heren,13,"","",6191BH,Beek
Aan de Drie Heren,2,"","",6191BH,Beek
Aan de Drie Heren,4,"","",6191BH,Beek
Aan de Drie Heren,5,"","",6191BH,Beek
Aan de Drie Heren,7,"","",6191BH,Beek
Minkenbergstraat,1,"","",6191BJ,Beek
Minkenbergstraat,11,"","",6191BJ,Beek
Minkenbergstraat,13,"","",6191BJ,Beek
Minkenbergstraat,2,"","",6191BJ,Beek
Minkenbergstraat,3,"","",6191BJ,Beek
Minkenbergstraat,4,"","",6191BJ,Beek
Minkenbergstraat,5,"","",6191BJ,Beek
Minkenbergstraat,6,"","",6191BJ,Beek
Minkenbergstraat,7,"","",6191BJ,Beek
Minkenbergstraat,9,"","",6191BJ,Beek
Hoeferpark,1,"","",6191BK,Beek
Hoeferpark,10,"","",6191BK,Beek
Hoeferpark,11,"","",6191BK,Beek
Hoeferpark,12,"","",6191BK,Beek
Hoeferpark,13,"","",6191BK,Beek
Hoeferpark,14,"","",6191BK,Beek
Hoeferpark,15,"","",6191BK,Beek
Hoeferpark,16,"","",6191BK,Beek
Hoeferpark,17,"","",6191BK,Beek
Hoeferpark,18,"","",6191BK,Beek
Hoeferpark,19,"","",6191BK,Beek
Hoeferpark,2,"","",6191BK,Beek
Hoeferpark,3,"","",6191BK,Beek
Hoeferpark,4,"","",6191BK,Beek
Hoeferpark,5,"","",6191BK,Beek
Hoeferpark,6,"","",6191BK,Beek
Hoeferpark,7,"","",6191BK,Beek
Hoeferpark,8,"","",6191BK,Beek
Hoeferpark,9,"","",6191BK,Beek
Hoeferpark,20,"","",6191BL,Beek
Hoeferpark,21,"","",6191BL,Beek
Hoeferpark,22,"","",6191BL,Beek
Hoeferpark,23,"","",6191BL,Beek
Hoeferpark,24,"","",6191BL,Beek
Hoeferpark,25,"","",6191BL,Beek
Hoeferpark,26,"","",6191BL,Beek
Hoeferpark,27,"","",6191BL,Beek
Hoeferpark,28,"","",6191BL,Beek
Hoeferpark,29,"","",6191BL,Beek
Hoeferpark,30,"","",6191BL,Beek
Hoeferpark,31,"","",6191BL,Beek
Hoeferpark,32,"","",6191BL,Beek
Hoeferpark,33,"","",6191BL,Beek
Hoeferpark,34,"","",6191BL,Beek
Hoeferpark,35,"","",6191BL,Beek
Hoeferpark,36,"","",6191BL,Beek
Doctor Schaepmanlaan,1,"","",6191BM,Beek
Doctor Schaepmanlaan,11,"","",6191BM,Beek
Doctor Schaepmanlaan,3,"","",6191BM,Beek
Doctor Schaepmanlaan,5,"","",6191BM,Beek
Doctor Schaepmanlaan,7,"","",6191BM,Beek
Doctor Schaepmanlaan,9,"","",6191BM,Beek
Doctor Schaepmanlaan,10,"","",6191BN,Beek
Doctor Schaepmanlaan,12,"","",6191BN,Beek
Doctor Schaepmanlaan,13,"","",6191BN,Beek
Doctor Schaepmanlaan,14,"","",6191BN,Beek
Doctor Schaepmanlaan,15,"","",6191BN,Beek
Doctor Schaepmanlaan,16,"","",6191BN,Beek
Doctor Schaepmanlaan,17,"","",6191BN,Beek
Doctor Schaepmanlaan,18,"","",6191BN,Beek
Doctor Schaepmanlaan,19,"","",6191BN,Beek
Doctor Schaepmanlaan,2,"","",6191BN,Beek
Doctor Schaepmanlaan,21,"","",6191BN,Beek
Doctor Schaepmanlaan,22,"","",6191BN,Beek
Doctor Schaepmanlaan,23,"","",6191BN,Beek
Doctor Schaepmanlaan,24,"","",6191BN,Beek
Doctor Schaepmanlaan,25,"","",6191BN,Beek
Doctor Schaepmanlaan,26,"","",6191BN,Beek
Doctor Schaepmanlaan,27,"","",6191BN,Beek
Doctor Schaepmanlaan,29,"","",6191BN,Beek
Doctor Schaepmanlaan,31,"","",6191BN,Beek
Doctor Schaepmanlaan,33,"","",6191BN,Beek
Doctor Schaepmanlaan,35,"","",6191BN,Beek
Doctor Schaepmanlaan,37,"","",6191BN,Beek
Doctor Schaepmanlaan,39,"","",6191BN,Beek
Doctor Schaepmanlaan,4,"","",6191BN,Beek
Doctor Schaepmanlaan,41,"","",6191BN,Beek
Doctor Schaepmanlaan,43,"","",6191BN,Beek
Doctor Schaepmanlaan,45,"","",6191BN,Beek
Doctor Schaepmanlaan,47,"","",6191BN,Beek
Doctor Schaepmanlaan,47,A,"",6191BN,Beek
Doctor Schaepmanlaan,49,"","",6191BN,Beek
Doctor Schaepmanlaan,51,"","",6191BN,Beek
Doctor Schaepmanlaan,53,"","",6191BN,Beek
Doctor Schaepmanlaan,55,"","",6191BN,Beek
Doctor Schaepmanlaan,57,"","",6191BN,Beek
Doctor Schaepmanlaan,59,"","",6191BN,Beek
Doctor Schaepmanlaan,6,"","",6191BN,Beek
Doctor Schaepmanlaan,61,"","",6191BN,Beek
Doctor Schaepmanlaan,8,"","",6191BN,Beek
Doctor Schaepmanlaan,63,"","",6191BP,Beek
Doctor Schaepmanlaan,65,"","",6191BP,Beek
Doctor Schaepmanlaan,67,"","",6191BP,Beek
Doctor Schaepmanlaan,69,"","",6191BP,Beek
Doctor Schaepmanlaan,71,"","",6191BP,Beek
Doctor Schaepmanlaan,73,"","",6191BP,Beek
Doctor Schaepmanlaan,75,"","",6191BP,Beek
Doctor Schaepmanlaan,77,"","",6191BP,Beek
Doctor Schaepmanlaan,79,"","",6191BP,Beek
Doctor Schaepmanlaan,81,"","",6191BP,Beek
Doctor Schaepmanlaan,83,"","",6191BP,Beek
Doctor Schaepmanlaan,85,"","",6191BP,Beek
Doctor Schaepmanlaan,87,"","",6191BP,Beek
Frans Erensstraat,1,"","",6191BR,Beek
Frans Erensstraat,11,"","",6191BR,Beek
Frans Erensstraat,13,"","",6191BR,Beek
Frans Erensstraat,15,"","",6191BR,Beek
Frans Erensstraat,17,"","",6191BR,Beek
Frans Erensstraat,19,"","",6191BR,Beek
Frans Erensstraat,2,"","",6191BR,Beek
Frans Erensstraat,21,"","",6191BR,Beek
Frans Erensstraat,23,"","",6191BR,Beek
Frans Erensstraat,25,"","",6191BR,Beek
Frans Erensstraat,27,"","",6191BR,Beek
Frans Erensstraat,29,"","",6191BR,Beek
Frans Erensstraat,3,"","",6191BR,Beek
Frans Erensstraat,31,"","",6191BR,Beek
Frans Erensstraat,4,"","",6191BR,Beek
Frans Erensstraat,5,"","",6191BR,Beek
Frans Erensstraat,50,"","",6191BR,Beek
Frans Erensstraat,9,"","",6191BR,Beek
Frans Erensstraat,33,"","",6191BS,Beek
Frans Erensstraat,35,"","",6191BS,Beek
Frans Erensstraat,37,"","",6191BS,Beek
Frans Erensstraat,39,"","",6191BS,Beek
Frans Erensstraat,41,"","",6191BS,Beek
Frans Erensstraat,43,"","",6191BS,Beek
Frans Erensstraat,45,"","",6191BS,Beek
Frans Erensstraat,47,"","",6191BS,Beek
Frans Erensstraat,49,"","",6191BS,Beek
Frans Erensstraat,51,"","",6191BS,Beek
Frans Erensstraat,53,"","",6191BS,Beek
Frans Erensstraat,55,"","",6191BS,Beek
Marie Koenenstraat,1,"","",6191BT,Beek
Marie Koenenstraat,11,"","",6191BT,Beek
Marie Koenenstraat,13,"","",6191BT,Beek
Marie Koenenstraat,15,"","",6191BT,Beek
Marie Koenenstraat,17,"","",6191BT,Beek
Marie Koenenstraat,19,"","",6191BT,Beek
Marie Koenenstraat,21,"","",6191BT,Beek
Marie Koenenstraat,23,"","",6191BT,Beek
Marie Koenenstraat,3,"","",6191BT,Beek
Marie Koenenstraat,5,"","",6191BT,Beek
Marie Koenenstraat,7,"","",6191BT,Beek
Marie Koenenstraat,9,"","",6191BT,Beek
Marie Koenenstraat,10,"","",6191BV,Beek
Marie Koenenstraat,12,"","",6191BV,Beek
Marie Koenenstraat,14,"","",6191BV,Beek
Marie Koenenstraat,16,"","",6191BV,Beek
Marie Koenenstraat,18,"","",6191BV,Beek
Marie Koenenstraat,2,"","",6191BV,Beek
Marie Koenenstraat,20,"","",6191BV,Beek
Marie Koenenstraat,22,"","",6191BV,Beek
Marie Koenenstraat,24,"","",6191BV,Beek
Marie Koenenstraat,26,"","",6191BV,Beek
Marie Koenenstraat,28,"","",6191BV,Beek
Marie Koenenstraat,30,"","",6191BV,Beek
Marie Koenenstraat,32,"","",6191BV,Beek
Marie Koenenstraat,4,"","",6191BV,Beek
Marie Koenenstraat,6,"","",6191BV,Beek
Marie Koenenstraat,8,"","",6191BV,Beek
Luther Kingstraat,1,"","",6191BW,Beek
Luther Kingstraat,11,"","",6191BW,Beek
Luther Kingstraat,13,"","",6191BW,Beek
Luther Kingstraat,15,"","",6191BW,Beek
Luther Kingstraat,17,"","",6191BW,Beek
Luther Kingstraat,19,"","",6191BW,Beek
Luther Kingstraat,21,"","",6191BW,Beek
Luther Kingstraat,23,"","",6191BW,Beek
Luther Kingstraat,3,"","",6191BW,Beek
Luther Kingstraat,5,"","",6191BW,Beek
Luther Kingstraat,7,"","",6191BW,Beek
Luther Kingstraat,9,"","",6191BW,Beek
Luther Kingstraat,10,"","",6191BX,Beek
Luther Kingstraat,12,"","",6191BX,Beek
Luther Kingstraat,14,"","",6191BX,Beek
Luther Kingstraat,16,"","",6191BX,Beek
Luther Kingstraat,18,"","",6191BX,Beek
Luther Kingstraat,2,"","",6191BX,Beek
Luther Kingstraat,20,"","",6191BX,Beek
Luther Kingstraat,22,"","",6191BX,Beek
Luther Kingstraat,24,"","",6191BX,Beek
Luther Kingstraat,26,"","",6191BX,Beek
Luther Kingstraat,28,"","",6191BX,Beek
Luther Kingstraat,30,"","",6191BX,Beek
Luther Kingstraat,32,"","",6191BX,Beek
Luther Kingstraat,4,"","",6191BX,Beek
Luther Kingstraat,6,"","",6191BX,Beek
Luther Kingstraat,8,"","",6191BX,Beek
Olterdissenstraat,1,"","",6191BZ,Beek
Olterdissenstraat,1,A,"",6191BZ,Beek
Olterdissenstraat,10,"","",6191BZ,Beek
Olterdissenstraat,12,"","",6191BZ,Beek
Olterdissenstraat,14,"","",6191BZ,Beek
Olterdissenstraat,2,"","",6191BZ,Beek
Olterdissenstraat,3,"","",6191BZ,Beek
Olterdissenstraat,4,"","",6191BZ,Beek
Olterdissenstraat,5,"","",6191BZ,Beek
Olterdissenstraat,6,"","",6191BZ,Beek
Olterdissenstraat,7,"","",6191BZ,Beek
Olterdissenstraat,8,"","",6191BZ,Beek
Olterdissenstraat,9,"","",6191BZ,Beek
Haimonstraat,1,"","",6191CB,Beek
Haimonstraat,10,"","",6191CB,Beek
Haimonstraat,11,"","",6191CB,Beek
Haimonstraat,12,"","",6191CB,Beek
Haimonstraat,13,"","",6191CB,Beek
Haimonstraat,14,"","",6191CB,Beek
Haimonstraat,15,"","",6191CB,Beek
Haimonstraat,16,"","",6191CB,Beek
Haimonstraat,17,"","",6191CB,Beek
Haimonstraat,2,"","",6191CB,Beek
Haimonstraat,3,"","",6191CB,Beek
Haimonstraat,4,"","",6191CB,Beek
Haimonstraat,5,"","",6191CB,Beek
Haimonstraat,6,"","",6191CB,Beek
Haimonstraat,7,"","",6191CB,Beek
Haimonstraat,8,"","",6191CB,Beek
Haimonstraat,9,"","",6191CB,Beek
Franquinetstraat,10,"","",6191CC,Beek
Franquinetstraat,12,"","",6191CC,Beek
Franquinetstraat,14,"","",6191CC,Beek
Franquinetstraat,16,"","",6191CC,Beek
Franquinetstraat,18,"","",6191CC,Beek
Franquinetstraat,2,"","",6191CC,Beek
Franquinetstraat,4,"","",6191CC,Beek
Franquinetstraat,6,"","",6191CC,Beek
Franquinetstraat,8,"","",6191CC,Beek
Labouréstraat,1,"","",6191CD,Beek
Labouréstraat,13,"","",6191CD,Beek
Labouréstraat,15,"","",6191CD,Beek
Labouréstraat,17,"","",6191CD,Beek
Labouréstraat,19,"","",6191CD,Beek
Labouréstraat,19,"","",6191CD,Beek
Labouréstraat,25,"","",6191CD,Beek
Labouréstraat,27,"","",6191CD,Beek
Labouréstraat,29,"","",6191CD,Beek
Labouréstraat,3,"","",6191CD,Beek
Labouréstraat,31,"","",6191CD,Beek
Labouréstraat,33,"","",6191CD,Beek
Labouréstraat,35,"","",6191CD,Beek
Labouréstraat,37,"","",6191CD,Beek
Labouréstraat,39,"","",6191CD,Beek
Labouréstraat,41,"","",6191CD,Beek
Labouréstraat,43,"","",6191CD,Beek
Labouréstraat,45,"","",6191CD,Beek
Labouréstraat,47,"","",6191CD,Beek
Labouréstraat,49,"","",6191CD,Beek
Labouréstraat,51,"","",6191CD,Beek
Labouréstraat,55,"","",6191CD,Beek
Labouréstraat,57,"","",6191CD,Beek
Labouréstraat,59,"","",6191CD,Beek
Labouréstraat,61,"","",6191CD,Beek
Labouréstraat,63,"","",6191CD,Beek
Labouréstraat,65,"","",6191CD,Beek
Labouréstraat,67,"","",6191CD,Beek
Labouréstraat,69,"","",6191CD,Beek
Labouréstraat,10,"","",6191CE,Beek
Labouréstraat,12,"","",6191CE,Beek
Labouréstraat,14,"","",6191CE,Beek
Labouréstraat,16,"","",6191CE,Beek
Labouréstraat,18,"","",6191CE,Beek
Labouréstraat,2,"","",6191CE,Beek
Labouréstraat,2,A,"",6191CE,Beek
Labouréstraat,2,A,01,6191CE,Beek
Labouréstraat,2,A,02,6191CE,Beek
Labouréstraat,2,B,"",6191CE,Beek
Labouréstraat,2,C,"",6191CE,Beek
Labouréstraat,20,"","",6191CE,Beek
Labouréstraat,22,"","",6191CE,Beek
Labouréstraat,24,"","",6191CE,Beek
Labouréstraat,26,"","",6191CE,Beek
Labouréstraat,28,"","",6191CE,Beek
Labouréstraat,30,"","",6191CE,Beek
Labouréstraat,30,A,"",6191CE,Beek
Labouréstraat,30,B,"",6191CE,Beek
Labouréstraat,30,C,"",6191CE,Beek
Labouréstraat,30,D,"",6191CE,Beek
Labouréstraat,30,E,"",6191CE,Beek
Labouréstraat,30,F,"",6191CE,Beek
Labouréstraat,30,G,"",6191CE,Beek
Labouréstraat,30,H,"",6191CE,Beek
Labouréstraat,30,J,"",6191CE,Beek
Labouréstraat,30,K,"",6191CE,Beek
Labouréstraat,30,M,"",6191CE,Beek
Labouréstraat,30,N,"",6191CE,Beek
Labouréstraat,30,P,"",6191CE,Beek
Labouréstraat,30,Q,"",6191CE,Beek
Labouréstraat,30,R,"",6191CE,Beek
Labouréstraat,30,S,"",6191CE,Beek
Labouréstraat,30,T,"",6191CE,Beek
Labouréstraat,30,U,"",6191CE,Beek
Labouréstraat,30,V,"",6191CE,Beek
Labouréstraat,30,W,"",6191CE,Beek
Labouréstraat,32,"","",6191CE,Beek
Labouréstraat,34,"","",6191CE,Beek
Labouréstraat,36,"","",6191CE,Beek
Labouréstraat,38,"","",6191CE,Beek
Labouréstraat,4,"","",6191CE,Beek
Labouréstraat,40,"","",6191CE,Beek
Labouréstraat,6,"","",6191CE,Beek
Labouréstraat,8,"","",6191CE,Beek
Onze Lieve Vrouweplein,1,"","",6191CG,Beek
Onze Lieve Vrouweplein,1,"","",6191CG,Beek
Onze Lieve Vrouweplein,10,"","",6191CG,Beek
Onze Lieve Vrouweplein,11,"","",6191CG,Beek
Onze Lieve Vrouweplein,12,"","",6191CG,Beek
Onze Lieve Vrouweplein,13,"","",6191CG,Beek
Onze Lieve Vrouweplein,14,"","",6191CG,Beek
Onze Lieve Vrouweplein,15,"","",6191CG,Beek
Onze Lieve Vrouweplein,16,"","",6191CG,Beek
Onze Lieve Vrouweplein,17,"","",6191CG,Beek
Onze Lieve Vrouweplein,18,"","",6191CG,Beek
Onze Lieve Vrouweplein,19,"","",6191CG,Beek
Onze Lieve Vrouweplein,2,"","",6191CG,Beek
Onze Lieve Vrouweplein,2,"","",6191CG,Beek
Onze Lieve Vrouweplein,2,A,"",6191CG,Beek
Onze Lieve Vrouweplein,20,"","",6191CG,Beek
Onze Lieve Vrouweplein,21,"","",6191CG,Beek
Onze Lieve Vrouweplein,22,"","",6191CG,Beek
Onze Lieve Vrouweplein,23,"","",6191CG,Beek
Onze Lieve Vrouweplein,24,"","",6191CG,Beek
Onze Lieve Vrouweplein,25,"","",6191CG,Beek
Onze Lieve Vrouweplein,26,"","",6191CG,Beek
Onze Lieve Vrouweplein,27,"","",6191CG,Beek
Onze Lieve Vrouweplein,28,"","",6191CG,Beek
Onze Lieve Vrouweplein,29,"","",6191CG,Beek
Onze Lieve Vrouweplein,3,"","",6191CG,Beek
Onze Lieve Vrouweplein,3,"","",6191CG,Beek
Onze Lieve Vrouweplein,30,"","",6191CG,Beek
Onze Lieve Vrouweplein,31,"","",6191CG,Beek
Onze Lieve Vrouweplein,32,"","",6191CG,Beek
Onze Lieve Vrouweplein,33,"","",6191CG,Beek
Onze Lieve Vrouweplein,34,"","",6191CG,Beek
Onze Lieve Vrouweplein,35,"","",6191CG,Beek
Onze Lieve Vrouweplein,36,"","",6191CG,Beek
Onze Lieve Vrouweplein,37,"","",6191CG,Beek
Onze Lieve Vrouweplein,38,"","",6191CG,Beek
Onze Lieve Vrouweplein,4,"","",6191CG,Beek
Onze Lieve Vrouweplein,4,"","",6191CG,Beek
Onze Lieve Vrouweplein,5,"","",6191CG,Beek
Onze Lieve Vrouweplein,5,"","",6191CG,Beek
Onze Lieve Vrouweplein,6,"","",6191CG,Beek
Onze Lieve Vrouweplein,6,"","",6191CG,Beek
Onze Lieve Vrouweplein,7,"","",6191CG,Beek
Onze Lieve Vrouweplein,7,"","",6191CG,Beek
Onze Lieve Vrouweplein,8,"","",6191CG,Beek
Onze Lieve Vrouweplein,8,"","",6191CG,Beek
Onze Lieve Vrouweplein,9,"","",6191CG,Beek
Ecrevissestraat,1,"","",6191CH,Beek
Ecrevissestraat,11,"","",6191CH,Beek
Ecrevissestraat,13,"","",6191CH,Beek
Ecrevissestraat,15,"","",6191CH,Beek
Ecrevissestraat,17,"","",6191CH,Beek
Ecrevissestraat,19,"","",6191CH,Beek
Ecrevissestraat,21,"","",6191CH,Beek
Ecrevissestraat,23,"","",6191CH,Beek
Ecrevissestraat,3,"","",6191CH,Beek
Ecrevissestraat,5,"","",6191CH,Beek
Ecrevissestraat,7,"","",6191CH,Beek
Ecrevissestraat,9,"","",6191CH,Beek
Ecrevissestraat,9,A,"",6191CH,Beek
Ecrevissestraat,29,"","",6191CJ,Beek
Ecrevissestraat,31,"","",6191CJ,Beek
Ecrevissestraat,33,"","",6191CJ,Beek
Ecrevissestraat,35,"","",6191CJ,Beek
Ecrevissestraat,37,"","",6191CJ,Beek
Ecrevissestraat,39,"","",6191CJ,Beek
Ecrevissestraat,41,"","",6191CJ,Beek
Ecrevissestraat,43,"","",6191CJ,Beek
Ecrevissestraat,45,"","",6191CJ,Beek
Ecrevissestraat,47,"","",6191CJ,Beek
Ecrevissestraat,49,"","",6191CJ,Beek
Ecrevissestraat,51,"","",6191CJ,Beek
Ecrevissestraat,53,"","",6191CJ,Beek
Ecrevissestraat,55,"","",6191CJ,Beek
Ecrevissestraat,57,"","",6191CJ,Beek
Ecrevissestraat,59,"","",6191CJ,Beek
Ecrevissestraat,61,"","",6191CJ,Beek
Ecrevissestraat,63,"","",6191CJ,Beek
Ecrevissestraat,10,"","",6191CK,Beek
Ecrevissestraat,12,"","",6191CK,Beek
Ecrevissestraat,14,"","",6191CK,Beek
Ecrevissestraat,16,"","",6191CK,Beek
Ecrevissestraat,18,"","",6191CK,Beek
Ecrevissestraat,2,"","",6191CK,Beek
Ecrevissestraat,20,"","",6191CK,Beek
Ecrevissestraat,22,"","",6191CK,Beek
Ecrevissestraat,24,"","",6191CK,Beek
Ecrevissestraat,26,"","",6191CK,Beek
Ecrevissestraat,28,"","",6191CK,Beek
Ecrevissestraat,4,"","",6191CK,Beek
Ecrevissestraat,6,"","",6191CK,Beek
Ecrevissestraat,8,"","",6191CK,Beek
Ecrevissestraat,30,"","",6191CL,Beek
Ecrevissestraat,32,"","",6191CL,Beek
Ecrevissestraat,34,"","",6191CL,Beek
Ecrevissestraat,36,"","",6191CL,Beek
Ecrevissestraat,38,"","",6191CL,Beek
Ecrevissestraat,40,"","",6191CL,Beek
Ecrevissestraat,42,"","",6191CL,Beek
Ecrevissestraat,44,"","",6191CL,Beek
Ecrevissestraat,46,"","",6191CL,Beek
Ecrevissestraat,48,"","",6191CL,Beek
Ecrevissestraat,50,"","",6191CL,Beek
Ecrevissestraat,52,"","",6191CL,Beek
Ecrevissestraat,54,"","",6191CL,Beek
Ecrevissestraat,56,"","",6191CL,Beek
Ecrevissestraat,58,"","",6191CL,Beek
Ecrevissestraat,60,"","",6191CL,Beek
Ecrevissestraat,62,"","",6191CL,Beek
Vondelstraat,1,"","",6191CM,Beek
Vondelstraat,11,"","",6191CM,Beek
Vondelstraat,13,"","",6191CM,Beek
Vondelstraat,15,"","",6191CM,Beek
Vondelstraat,17,"","",6191CM,Beek
Vondelstraat,3,"","",6191CM,Beek
Vondelstraat,49,"","",6191CM,Beek
Vondelstraat,7,"","",6191CM,Beek
Vondelstraat,9,"","",6191CM,Beek
Vondelstraat,10,"","",6191CN,Beek
Vondelstraat,12,"","",6191CN,Beek
Vondelstraat,12,A,"",6191CN,Beek
Vondelstraat,14,"","",6191CN,Beek
Vondelstraat,14,A,"",6191CN,Beek
Vondelstraat,16,"","",6191CN,Beek
Vondelstraat,18,"","",6191CN,Beek
Vondelstraat,2,"","",6191CN,Beek
Vondelstraat,20,"","",6191CN,Beek
Vondelstraat,22,"","",6191CN,Beek
Vondelstraat,24,"","",6191CN,Beek
Vondelstraat,4,"","",6191CN,Beek
Vondelstraat,6,"","",6191CN,Beek
Vondelstraat,8,"","",6191CN,Beek
Vondelstraat,26,"","",6191CP,Beek
Vondelstraat,28,"","",6191CP,Beek
Vondelstraat,30,"","",6191CP,Beek
Vondelstraat,32,"","",6191CP,Beek
Vondelstraat,34,"","",6191CP,Beek
Vondelstraat,36,"","",6191CP,Beek
Vondelstraat,38,"","",6191CP,Beek
Vondelstraat,40,"","",6191CP,Beek
Vondelstraat,42,"","",6191CP,Beek
Vondelstraat,44,"","",6191CP,Beek
Vondelstraat,46,"","",6191CP,Beek
Vondelstraat,48,"","",6191CP,Beek
Vondelstraat,50,"","",6191CP,Beek
Vondelstraat,52,"","",6191CP,Beek
Vondelstraat,54,"","",6191CP,Beek
Vondelstraat,56,"","",6191CP,Beek
Guido Gezellestraat,10,"","",6191CR,Beek
Guido Gezellestraat,11,"","",6191CR,Beek
Guido Gezellestraat,12,"","",6191CR,Beek
Guido Gezellestraat,13,"","",6191CR,Beek
Guido Gezellestraat,14,"","",6191CR,Beek
Guido Gezellestraat,15,"","",6191CR,Beek
Guido Gezellestraat,16,"","",6191CR,Beek
Guido Gezellestraat,17,"","",6191CR,Beek
Guido Gezellestraat,18,"","",6191CR,Beek
Guido Gezellestraat,2,"","",6191CR,Beek
Guido Gezellestraat,3,"","",6191CR,Beek
Guido Gezellestraat,4,"","",6191CR,Beek
Guido Gezellestraat,5,"","",6191CR,Beek
Guido Gezellestraat,6,"","",6191CR,Beek
Guido Gezellestraat,7,"","",6191CR,Beek
Guido Gezellestraat,8,"","",6191CR,Beek
Guido Gezellestraat,9,"","",6191CR,Beek
Veldekelaan,1,"","",6191CS,Beek
Veldekelaan,1,"","",6191CS,Beek
Veldekelaan,1,"","",6191CS,Beek
Veldekelaan,1,"","",6191CS,Beek
Veldekelaan,1,A,"",6191CS,Beek
Veldekelaan,1,A,"",6191CS,Beek
Veldekelaan,1,A,"",6191CS,Beek
Veldekelaan,1,A,"",6191CS,Beek
Veldekelaan,1,B,"",6191CS,Beek
Veldekelaan,1,B,"",6191CS,Beek
Veldekelaan,1,B,"",6191CS,Beek
Veldekelaan,1,B,"",6191CS,Beek
Veldekelaan,1,C,"",6191CS,Beek
Veldekelaan,11,"","",6191CS,Beek
Veldekelaan,13,"","",6191CS,Beek
Veldekelaan,15,"","",6191CS,Beek
Veldekelaan,17,"","",6191CS,Beek
Veldekelaan,19,"","",6191CS,Beek
Veldekelaan,21,"","",6191CS,Beek
Veldekelaan,23,"","",6191CS,Beek
Veldekelaan,25,"","",6191CS,Beek
Veldekelaan,25,A,"",6191CS,Beek
Veldekelaan,27,"","",6191CS,Beek
Veldekelaan,29,"","",6191CS,Beek
Veldekelaan,3,"","",6191CS,Beek
Veldekelaan,3,"","",6191CS,Beek
Veldekelaan,3,"","",6191CS,Beek
Veldekelaan,3,A,"",6191CS,Beek
Veldekelaan,31,"","",6191CS,Beek
Veldekelaan,31,A,"",6191CS,Beek
Veldekelaan,33,"","",6191CS,Beek
Veldekelaan,35,"","",6191CS,Beek
Veldekelaan,37,"","",6191CS,Beek
Veldekelaan,39,"","",6191CS,Beek
Veldekelaan,41,"","",6191CS,Beek
Veldekelaan,41,A,"",6191CS,Beek
Veldekelaan,5,"","",6191CS,Beek
Veldekelaan,5,"","",6191CS,Beek
Veldekelaan,5,"","",6191CS,Beek
Veldekelaan,5,A,"",6191CS,Beek
Veldekelaan,5,B,"",6191CS,Beek
Veldekelaan,7,"","",6191CS,Beek
Veldekelaan,9,"","",6191CS,Beek
Veldekelaan,43,"","",6191CT,Beek
Veldekelaan,45,"","",6191CT,Beek
Veldekelaan,47,"","",6191CT,Beek
Veldekelaan,51,"","",6191CT,Beek
Veldekelaan,53,"","",6191CT,Beek
Veldekelaan,55,"","",6191CT,Beek
Veldekelaan,57,"","",6191CT,Beek
Veldekelaan,59,"","",6191CT,Beek
Veldekelaan,59,A,"",6191CT,Beek
Veldekelaan,61,"","",6191CT,Beek
Veldekelaan,63,"","",6191CT,Beek
Veldekelaan,65,"","",6191CT,Beek
Veldekelaan,67,"","",6191CT,Beek
Veldekelaan,69,"","",6191CT,Beek
Veldekelaan,71,"","",6191CT,Beek
Veldekelaan,73,"","",6191CT,Beek
Veldekelaan,75,"","",6191CT,Beek
Veldekelaan,77,"","",6191CT,Beek
Veldekelaan,79,"","",6191CT,Beek
Veldekelaan,81,"","",6191CT,Beek
Veldekelaan,83,"","",6191CT,Beek
Veldekelaan,85,"","",6191CT,Beek
Veldekelaan,87,"","",6191CT,Beek
Veldekelaan,89,"","",6191CT,Beek
Veldekelaan,91,"","",6191CT,Beek
Veldekelaan,93,"","",6191CT,Beek
Veldekelaan,95,"","",6191CT,Beek
Veldekelaan,95,A,"",6191CT,Beek
Veldekelaan,95,C,"",6191CT,Beek
Veldekelaan,95,D,"",6191CT,Beek
Veldekelaan,95,E,"",6191CT,Beek
Veldekelaan,95,F,"",6191CT,Beek
Veldekelaan,95,G,"",6191CT,Beek
Veldekelaan,95,H,"",6191CT,Beek
Veldekelaan,101,"","",6191CV,Beek
Veldekelaan,103,"","",6191CV,Beek
Veldekelaan,105,"","",6191CV,Beek
Veldekelaan,107,"","",6191CV,Beek
Veldekelaan,109,"","",6191CV,Beek
Veldekelaan,111,"","",6191CV,Beek
Veldekelaan,113,"","",6191CV,Beek
Veldekelaan,115,"","",6191CV,Beek
Veldekelaan,117,"","",6191CV,Beek
Veldekelaan,119,"","",6191CV,Beek
Veldekelaan,121,"","",6191CV,Beek
Veldekelaan,123,"","",6191CV,Beek
Veldekelaan,125,"","",6191CV,Beek
Veldekelaan,127,"","",6191CV,Beek
Veldekelaan,129,"","",6191CV,Beek
Veldekelaan,131,"","",6191CV,Beek
Veldekelaan,131,A,"",6191CV,Beek
Veldekelaan,131,B,"",6191CV,Beek
Veldekelaan,131,C,"",6191CV,Beek
Veldekelaan,131,D,"",6191CV,Beek
Veldekelaan,131,E,"",6191CV,Beek
Veldekelaan,131,F,"",6191CV,Beek
Veldekelaan,97,"","",6191CV,Beek
Veldekelaan,99,"","",6191CV,Beek
Veldekelaan,133,"","",6191CW,Beek
Veldekelaan,135,"","",6191CW,Beek
Veldekelaan,137,"","",6191CW,Beek
Veldekelaan,139,"","",6191CW,Beek
Veldekelaan,141,"","",6191CW,Beek
Veldekelaan,143,"","",6191CW,Beek
Veldekelaan,145,"","",6191CW,Beek
Veldekelaan,147,"","",6191CW,Beek
Veldekelaan,149,"","",6191CW,Beek
Veldekelaan,151,"","",6191CW,Beek
Veldekelaan,153,"","",6191CW,Beek
Veldekelaan,155,"","",6191CW,Beek
Veldekelaan,155,A,"",6191CW,Beek
Veldekelaan,155,B,"",6191CW,Beek
Veldekelaan,155,C,"",6191CW,Beek
Veldekelaan,155,D,"",6191CW,Beek
Veldekelaan,10,"","",6191CX,Beek
Veldekelaan,12,"","",6191CX,Beek
Veldekelaan,14,"","",6191CX,Beek
Veldekelaan,16,"","",6191CX,Beek
Veldekelaan,18,"","",6191CX,Beek
Veldekelaan,2,"","",6191CX,Beek
Veldekelaan,2,A,"",6191CX,Beek
Veldekelaan,20,"","",6191CX,Beek
Veldekelaan,22,"","",6191CX,Beek
Veldekelaan,24,"","",6191CX,Beek
Veldekelaan,26,"","",6191CX,Beek
Veldekelaan,28,"","",6191CX,Beek
Veldekelaan,30,"","",6191CX,Beek
Veldekelaan,32,"","",6191CX,Beek
Veldekelaan,32,A,"",6191CX,Beek
Veldekelaan,34,"","",6191CX,Beek
Veldekelaan,4,A,"",6191CX,Beek
Veldekelaan,4,B,"",6191CX,Beek
Veldekelaan,4,C,"",6191CX,Beek
Veldekelaan,4,D,"",6191CX,Beek
Veldekelaan,6,"","",6191CX,Beek
Veldekelaan,8,"","",6191CX,Beek
Veldekelaan,36,"","",6191CZ,Beek
Veldekelaan,38,"","",6191CZ,Beek
Veldekelaan,40,"","",6191CZ,Beek
Veldekelaan,42,"","",6191CZ,Beek
Veldekelaan,42,A,"",6191CZ,Beek
Veldekelaan,44,"","",6191CZ,Beek
Veldekelaan,46,"","",6191CZ,Beek
Veldekelaan,48,"","",6191CZ,Beek
Veldekelaan,50,"","",6191CZ,Beek
Veldekelaan,52,"","",6191CZ,Beek
Veldekelaan,54,"","",6191CZ,Beek
Veldekelaan,56,"","",6191CZ,Beek
Veldekelaan,58,"","",6191CZ,Beek
Veldekelaan,60,"","",6191CZ,Beek
Veldekelaan,62,"","",6191CZ,Beek
Veldekelaan,64,"","",6191CZ,Beek
Veldekelaan,66,"","",6191CZ,Beek
Veldekelaan,68,"","",6191CZ,Beek
Doctor Beckersstraat,1,"","",6191DA,Beek
Doctor Beckersstraat,13,"","",6191DA,Beek
Doctor Beckersstraat,15,"","",6191DA,Beek
Doctor Beckersstraat,17,"","",6191DA,Beek
Doctor Beckersstraat,19,"","",6191DA,Beek
Doctor Beckersstraat,21,"","",6191DA,Beek
Doctor Beckersstraat,23,"","",6191DA,Beek
Doctor Beckersstraat,25,"","",6191DA,Beek
Doctor Beckersstraat,27,"","",6191DA,Beek
Doctor Beckersstraat,29,"","",6191DA,Beek
Doctor Beckersstraat,3,"","",6191DA,Beek
Doctor Beckersstraat,31,"","",6191DA,Beek
Doctor Beckersstraat,33,"","",6191DA,Beek
Doctor Beckersstraat,35,"","",6191DA,Beek
Doctor Beckersstraat,5,"","",6191DA,Beek
Doctor Beckersstraat,7,"","",6191DA,Beek
Doctor Beckersstraat,9,"","",6191DA,Beek
Doctor Beckersstraat,39,"","",6191DB,Beek
Doctor Beckersstraat,41,"","",6191DB,Beek
Doctor Beckersstraat,41,A,"",6191DB,Beek
Doctor Beckersstraat,43,"","",6191DB,Beek
Doctor Beckersstraat,45,"","",6191DB,Beek
Doctor Beckersstraat,47,"","",6191DB,Beek
Doctor Beckersstraat,49,"","",6191DB,Beek
Doctor Beckersstraat,51,"","",6191DB,Beek
Doctor Beckersstraat,53,"","",6191DB,Beek
Doctor Beckersstraat,55,"","",6191DB,Beek
Doctor Beckersstraat,57,"","",6191DB,Beek
Doctor Beckersstraat,10,"","",6191DC,Beek
Doctor Beckersstraat,12,"","",6191DC,Beek
Doctor Beckersstraat,14,"","",6191DC,Beek
Doctor Beckersstraat,16,"","",6191DC,Beek
Doctor Beckersstraat,18,"","",6191DC,Beek
Doctor Beckersstraat,2,"","",6191DC,Beek
Doctor Beckersstraat,20,"","",6191DC,Beek
Randweg,21,"",A333,6191DC,Vaals
Doctor Beckersstraat,22,"","",6191DC,Beek
Doctor Beckersstraat,24,"","",6191DC,Beek
Doctor Beckersstraat,26,"","",6191DC,Beek
Doctor Beckersstraat,28,"","",6191DC,Beek
Doctor Beckersstraat,30,"","",6191DC,Beek
Doctor Beckersstraat,32,"","",6191DC,Beek
Doctor Beckersstraat,34,"","",6191DC,Beek
Doctor Beckersstraat,36,"","",6191DC,Beek
Doctor Beckersstraat,38,"","",6191DC,Beek
Doctor Beckersstraat,4,"","",6191DC,Beek
Doctor Beckersstraat,40,"","",6191DC,Beek
Doctor Beckersstraat,42,"","",6191DC,Beek
Doctor Beckersstraat,44,"","",6191DC,Beek
Doctor Beckersstraat,46,"","",6191DC,Beek
Doctor Beckersstraat,48,"","",6191DC,Beek
Doctor Beckersstraat,50,"","",6191DC,Beek
Doctor Beckersstraat,52,"","",6191DC,Beek
Labouréstraat,53,"","",6191DC,Beek
Doctor Beckersstraat,54,"","",6191DC,Beek
Doctor Beckersstraat,56,"","",6191DC,Beek
Doctor Beckersstraat,58,"","",6191DC,Beek
Doctor Beckersstraat,6,"","",6191DC,Beek
Doctor Beckersstraat,60,"","",6191DC,Beek
Doctor Beckersstraat,62,"","",6191DC,Beek
Doctor Beckersstraat,64,"","",6191DC,Beek
Doctor Beckersstraat,66,"","",6191DC,Beek
Doctor Beckersstraat,68,"","",6191DC,Beek
Doctor Beckersstraat,8,"","",6191DC,Beek
Doctor Beckersstraat,8,A,"",6191DC,Beek
Doctor Beckersstraat,100,"","",6191DD,Beek
Doctor Beckersstraat,102,"","",6191DD,Beek
Doctor Beckersstraat,104,"","",6191DD,Beek
Doctor Beckersstraat,106,"","",6191DD,Beek
Doctor Beckersstraat,108,"","",6191DD,Beek
Doctor Beckersstraat,110,"","",6191DD,Beek
Doctor Beckersstraat,70,"","",6191DD,Beek
Doctor Beckersstraat,72,"","",6191DD,Beek
Doctor Beckersstraat,74,"","",6191DD,Beek
Doctor Beckersstraat,76,"","",6191DD,Beek
Doctor Beckersstraat,78,"","",6191DD,Beek
Doctor Beckersstraat,80,"","",6191DD,Beek
Doctor Beckersstraat,82,"","",6191DD,Beek
Doctor Beckersstraat,84,"","",6191DD,Beek
Doctor Beckersstraat,86,"","",6191DD,Beek
Doctor Beckersstraat,88,"","",6191DD,Beek
Doctor Beckersstraat,90,"","",6191DD,Beek
Doctor Beckersstraat,92,"","",6191DD,Beek
Doctor Beckersstraat,94,"","",6191DD,Beek
Doctor Beckersstraat,96,"","",6191DD,Beek
Doctor Beckersstraat,98,"","",6191DD,Beek
Doctor Beckersstraat,120,"","",6191DE,Beek
Doctor Beckersstraat,122,"","",6191DE,Beek
Doctor Beckersstraat,124,"","",6191DE,Beek
Doctor Beckersstraat,126,"","",6191DE,Beek
Doctor Beckersstraat,128,"","",6191DE,Beek
Doctor Beckersstraat,130,"","",6191DE,Beek
Doctor Beckersstraat,132,"","",6191DE,Beek
Doctor Beckersstraat,134,"","",6191DE,Beek
Doctor Beckersstraat,136,"","",6191DE,Beek
Doctor Beckersstraat,136,A,"",6191DE,Beek
Doctor Beckersstraat,136,B,"",6191DE,Beek
Doctor Beckersstraat,136,C,"",6191DE,Beek
Doctor Beckersstraat,136,D,"",6191DE,Beek
Doctor Beckersstraat,138,"","",6191DE,Beek
Doctor Beckersstraat,138,A,"",6191DE,Beek
Doctor Beckersstraat,138,B,"",6191DE,Beek
Doctor Beckersstraat,138,C,"",6191DE,Beek
Doctor Beckersstraat,138,D,"",6191DE,Beek
Doctor Beckersstraat,140,"","",6191DE,Beek
Doctor Beckersstraat,142,"","",6191DE,Beek
Doctor Beckersstraat,144,"","",6191DE,Beek
Doctor Beckersstraat,146,"","",6191DE,Beek
Doctor Beckersstraat,148,"","",6191DE,Beek
Potgieterstraat,2,"","",6191EA,Beek
Potgieterstraat,2,"","",6191EA,Beek
Potgieterstraat,4,"","",6191EA,Beek
Potgieterstraat,4,"","",6191EA,Beek
Potgieterstraat,5,"","",6191EA,Beek
Potgieterstraat,6,"","",6191EA,Beek
Potgieterstraat,8,"","",6191EA,Beek
Wolfeynde,10,"","",6191EB,Beek
Wolfeynde,10,A,"",6191EB,Beek
Wolfeynde,10,B,"",6191EB,Beek
Wolfeynde,10,C,"",6191EB,Beek
Wolfeynde,12,"","",6191EB,Beek
Wolfeynde,14,"","",6191EB,Beek
Wolfeynde,16,"","",6191EB,Beek
Wolfeynde,16,A,"",6191EB,Beek
Wolfeynde,18,"","",6191EB,Beek
Wolfeynde,18,"","",6191EB,Beek
Wolfeynde,18,A,"",6191EB,Beek
Wolfeynde,2,"","",6191EB,Beek
Wolfeynde,2,"","",6191EB,Beek
Wolfeynde,2,A,"",6191EB,Beek
Wolfeynde,2,B,"",6191EB,Beek
Wolfeynde,20,"","",6191EB,Beek
Wolfeynde,20,"","",6191EB,Beek
Wolfeynde,20,A,"",6191EB,Beek
Wolfeynde,22,"","",6191EB,Beek
Wolfeynde,24,"","",6191EB,Beek
Wolfeynde,4,"","",6191EB,Beek
Wolfeynde,4,C,"",6191EB,Beek
Wolfeynde,6,"","",6191EB,Beek
Wolfeynde,6,"","",6191EB,Beek
Wolfeynde,6,A,"",6191EB,Beek
Wolfeynde,6,A,"",6191EB,Beek
Wolfeynde,6,B,"",6191EB,Beek
Wolfeynde,6,C,"",6191EB,Beek
Wolfeynde,6,D,"",6191EB,Beek
Wolfeynde,6,E,"",6191EB,Beek
Wolfeynde,8,"","",6191EB,Beek
Wolfeynde,8,A,"",6191EB,Beek
Wolfeynde,8,B,"",6191EB,Beek
Wolfeynde,8,C,"",6191EB,Beek
Wolfeynde,8,D,"",6191EB,Beek
Wolfeynde,8,E,"",6191EB,Beek
Wolfeynde,8,F,"",6191EB,Beek
Wolfeynde,8,G,"",6191EB,Beek
Wolfeynde,8,H,"",6191EB,Beek
Wolfeynde,8,J,"",6191EB,Beek
Wolfeynde,8,K,"",6191EB,Beek
Wolfeynde,8,L,"",6191EB,Beek
Wolfeynde,8,M,"",6191EB,Beek
Wolfeynde,8,N,"",6191EB,Beek
Wolfeynde,8,P,"",6191EB,Beek
Wolfeynde,8,Q,"",6191EB,Beek
Wolfeynde,8,R,"",6191EB,Beek
Wolfeynde,8,S,"",6191EB,Beek
Wolfeynde,8,T,"",6191EB,Beek
Wolfeynde,8,U,"",6191EB,Beek
Wolfeynde,8,V,"",6191EB,Beek
Wolfeynde,8,W,"",6191EB,Beek
Wolfeynde,8,X,"",6191EB,Beek
Wolfeynde,8,Y,"",6191EB,Beek
Wolfeynde,8,Z,"",6191EB,Beek
Prins Mauritslaan,1,"","",6191EC,Beek
Prins Mauritslaan,11,"","",6191EC,Beek
Prins Mauritslaan,13,"","",6191EC,Beek
Prins Mauritslaan,15,"","",6191EC,Beek
Prins Mauritslaan,15,A,"",6191EC,Beek
Prins Mauritslaan,17,"","",6191EC,Beek
Prins Mauritslaan,19,"","",6191EC,Beek
Prins Mauritslaan,23,"","",6191EC,Beek
Prins Mauritslaan,25,"","",6191EC,Beek
Prins Mauritslaan,29,"","",6191EC,Beek
Prins Mauritslaan,3,"","",6191EC,Beek
Prins Mauritslaan,31,"","",6191EC,Beek
Prins Mauritslaan,33,"","",6191EC,Beek
Prins Mauritslaan,35,"","",6191EC,Beek
Prins Mauritslaan,37,"","",6191EC,Beek
Prins Mauritslaan,39,"","",6191EC,Beek
Prins Mauritslaan,39,A,"",6191EC,Beek
Prins Mauritslaan,41,"","",6191EC,Beek
Prins Mauritslaan,43,"","",6191EC,Beek
Prins Mauritslaan,45,"","",6191EC,Beek
Prins Mauritslaan,45,A,"",6191EC,Beek
Prins Mauritslaan,45,B,"",6191EC,Beek
Prins Mauritslaan,45,C,"",6191EC,Beek
Prins Mauritslaan,45,D,"",6191EC,Beek
Prins Mauritslaan,45,E,"",6191EC,Beek
Prins Mauritslaan,45,F,"",6191EC,Beek
Prins Mauritslaan,47,"","",6191EC,Beek
Prins Mauritslaan,47,A,"",6191EC,Beek
Prins Mauritslaan,47,B,"",6191EC,Beek
Prins Mauritslaan,47,C,"",6191EC,Beek
Prins Mauritslaan,47,D,"",6191EC,Beek
Prins Mauritslaan,47,E,"",6191EC,Beek
Prins Mauritslaan,47,F,"",6191EC,Beek
Prins Mauritslaan,5,"","",6191EC,Beek
Prins Mauritslaan,5,A,"",6191EC,Beek
Prins Mauritslaan,5,B,"",6191EC,Beek
Prins Mauritslaan,5,C,"",6191EC,Beek
Prins Mauritslaan,7,"","",6191EC,Beek
Prins Mauritslaan,9,"","",6191EC,Beek
Prins Mauritslaan,9,"","",6191EC,Beek
Prins Mauritslaan,9,A,"",6191EC,Beek
Prins Mauritslaan,9,B,"",6191EC,Beek
Prins Mauritslaan,51,"","",6191ED,Beek
Prins Mauritslaan,53,"","",6191ED,Beek
Prins Mauritslaan,55,"","",6191ED,Beek
Prins Mauritslaan,57,"","",6191ED,Beek
Prins Mauritslaan,59,"","",6191ED,Beek
Prins Mauritslaan,61,"","",6191ED,Beek
Prins Mauritslaan,63,"","",6191ED,Beek
Prins Mauritslaan,65,"","",6191ED,Beek
Prins Mauritslaan,67,"","",6191ED,Beek
Prins Mauritslaan,69,"","",6191ED,Beek
Prins Mauritslaan,71,"","",6191ED,Beek
Prins Mauritslaan,71,"","",6191ED,Beek
Prins Mauritslaan,71,A,"",6191ED,Beek
Prins Mauritslaan,73,"","",6191ED,Beek
Prins Mauritslaan,75,"","",6191ED,Beek
Prins Mauritslaan,77,"","",6191ED,Beek
Prins Mauritslaan,77,A,"",6191ED,Beek
Prins Mauritslaan,79,"","",6191ED,Beek
Prins Mauritslaan,81,"","",6191ED,Beek
Prins Mauritslaan,83,"","",6191ED,Beek
Prins Mauritslaan,85,"","",6191ED,Beek
Prins Mauritslaan,87,"","",6191ED,Beek
Prins Mauritslaan,89,"","",6191ED,Beek
Prins Mauritslaan,91,"","",6191ED,Beek
Prins Mauritslaan,93,"","",6191ED,Beek
Prins Mauritslaan,95,"","",6191ED,Beek
Prins Mauritslaan,97,"","",6191ED,Beek
Prins Mauritslaan,105,"","",6191EE,Beek
Prins Mauritslaan,107,"","",6191EE,Beek
Prins Mauritslaan,109,"","",6191EE,Beek
Prins Mauritslaan,109,A,"",6191EE,Beek
Prins Mauritslaan,111,"","",6191EE,Beek
Prins Mauritslaan,113,"","",6191EE,Beek
Prins Mauritslaan,115,"","",6191EE,Beek
Prins Mauritslaan,117,"","",6191EE,Beek
Prins Mauritslaan,119,"","",6191EE,Beek
Prins Mauritslaan,121,"","",6191EE,Beek
Prins Mauritslaan,125,"","",6191EE,Beek
Prins Mauritslaan,129,"","",6191EE,Beek
Prins Mauritslaan,131,"","",6191EE,Beek
Prins Mauritslaan,133,"","",6191EE,Beek
Prins Mauritslaan,135,"","",6191EE,Beek
Prins Mauritslaan,137,"","",6191EE,Beek
Prins Mauritslaan,139,"","",6191EE,Beek
Prins Mauritslaan,155,"","",6191EE,Beek
Prins Mauritslaan,171,"","",6191EE,Beek
Prins Mauritslaan,191,"","",6191EE,Beek
Prins Mauritslaan,193,"","",6191EE,Beek
Prins Mauritslaan,10,"","",6191EG,Beek
Prins Mauritslaan,10,A,"",6191EG,Beek
Prins Mauritslaan,10,B,"",6191EG,Beek
Prins Mauritslaan,10,C,"",6191EG,Beek
Prins Mauritslaan,12,"","",6191EG,Beek
Prins Mauritslaan,16,"","",6191EG,Beek
Prins Mauritslaan,18,"","",6191EG,Beek
Prins Mauritslaan,2,"","",6191EG,Beek
Prins Mauritslaan,2,A,"",6191EG,Beek
Prins Mauritslaan,20,"","",6191EG,Beek
Prins Mauritslaan,22,"","",6191EG,Beek
Prins Mauritslaan,28,"","",6191EG,Beek
Prins Mauritslaan,30,"","",6191EG,Beek
Prins Mauritslaan,34,"","",6191EG,Beek
Prins Mauritslaan,36,"","",6191EG,Beek
Prins Mauritslaan,38,"","",6191EG,Beek
Prins Mauritslaan,4,"","",6191EG,Beek
Prins Mauritslaan,4,A,"",6191EG,Beek
Prins Mauritslaan,40,"","",6191EG,Beek
Prins Mauritslaan,42,"","",6191EG,Beek
Prins Mauritslaan,42,A,"",6191EG,Beek
Prins Mauritslaan,42,B,"",6191EG,Beek
Prins Mauritslaan,44,"","",6191EG,Beek
Prins Mauritslaan,44,A,"",6191EG,Beek
Prins Mauritslaan,44,B,"",6191EG,Beek
Prins Mauritslaan,46,"","",6191EG,Beek
Prins Mauritslaan,46,A,"",6191EG,Beek
Prins Mauritslaan,46,B,"",6191EG,Beek
Prins Mauritslaan,48,A,"",6191EG,Beek
Prins Mauritslaan,48,B,"",6191EG,Beek
Prins Mauritslaan,48,C,"",6191EG,Beek
Prins Mauritslaan,48,D,"",6191EG,Beek
Prins Mauritslaan,48,E,"",6191EG,Beek
Prins Mauritslaan,48,F,"",6191EG,Beek
Prins Mauritslaan,48,G,"",6191EG,Beek
Prins Mauritslaan,48,H,"",6191EG,Beek
Prins Mauritslaan,48,J,"",6191EG,Beek
Prins Mauritslaan,48,K,"",6191EG,Beek
Prins Mauritslaan,50,A,"",6191EG,Beek
Prins Mauritslaan,50,B,"",6191EG,Beek
Prins Mauritslaan,50,C,"",6191EG,Beek
Prins Mauritslaan,50,D,"",6191EG,Beek
Prins Mauritslaan,50,E,"",6191EG,Beek
Prins Mauritslaan,50,F,"",6191EG,Beek
Prins Mauritslaan,50,G,"",6191EG,Beek
Prins Mauritslaan,50,H,"",6191EG,Beek
Prins Mauritslaan,50,J,"",6191EG,Beek
Prins Mauritslaan,50,K,"",6191EG,Beek
Prins Mauritslaan,6,"","",6191EG,Beek
Prins Mauritslaan,8,"","",6191EG,Beek
Prins Mauritslaan,8,"","",6191EG,Beek
Prins Mauritslaan,8,A,"",6191EG,Beek
Prins Mauritslaan,8,B,"",6191EG,Beek
Prins Mauritslaan,8,C,"",6191EG,Beek
Prins Mauritslaan,8,D,"",6191EG,Beek
Fattenberghof,1,"","",6191EH,Beek
Prins Mauritslaan,100,"","",6191EH,Beek
Prins Mauritslaan,102,"","",6191EH,Beek
Prins Mauritslaan,104,"","",6191EH,Beek
Prins Mauritslaan,106,"","",6191EH,Beek
Fattenberghof,2,"","",6191EH,Beek
Fattenberghof,3,"","",6191EH,Beek
Fattenberghof,4,"","",6191EH,Beek
Fattenberghof,5,"","",6191EH,Beek
Prins Mauritslaan,60,"","",6191EH,Beek
Prins Mauritslaan,62,"","",6191EH,Beek
Prins Mauritslaan,64,"","",6191EH,Beek
Prins Mauritslaan,66,"","",6191EH,Beek
Prins Mauritslaan,68,"","",6191EH,Beek
Prins Mauritslaan,70,"","",6191EH,Beek
Prins Mauritslaan,72,"","",6191EH,Beek
Prins Mauritslaan,72,A,"",6191EH,Beek
Prins Mauritslaan,74,"","",6191EH,Beek
Prins Mauritslaan,74,A,"",6191EH,Beek
Prins Mauritslaan,74,B,"",6191EH,Beek
Prins Mauritslaan,74,C,"",6191EH,Beek
Prins Mauritslaan,74,D,"",6191EH,Beek
Prins Mauritslaan,74,E,"",6191EH,Beek
Prins Mauritslaan,74,F,"",6191EH,Beek
Prins Mauritslaan,74,G,"",6191EH,Beek
Prins Mauritslaan,74,H,"",6191EH,Beek
Prins Mauritslaan,74,I,"",6191EH,Beek
Prins Mauritslaan,74,J,"",6191EH,Beek
Prins Mauritslaan,74,K,"",6191EH,Beek
Prins Mauritslaan,74,L,"",6191EH,Beek
Prins Mauritslaan,76,"","",6191EH,Beek
Prins Mauritslaan,76,A,"",6191EH,Beek
Prins Mauritslaan,82,"","",6191EH,Beek
Prins Mauritslaan,84,"","",6191EH,Beek
Prins Mauritslaan,84,A,"",6191EH,Beek
Prins Mauritslaan,84,B,"",6191EH,Beek
Prins Mauritslaan,84,C,"",6191EH,Beek
Prins Mauritslaan,86,"","",6191EH,Beek
Prins Mauritslaan,90,"","",6191EH,Beek
Prins Mauritslaan,92,"","",6191EH,Beek
Prins Mauritslaan,94,"","",6191EH,Beek
Prins Mauritslaan,96,"","",6191EH,Beek
Prins Mauritslaan,98,"","",6191EH,Beek
Prins Mauritslaan,108,"","",6191EJ,Beek
Prins Mauritslaan,110,"","",6191EJ,Beek
Prins Mauritslaan,112,"","",6191EJ,Beek
Prins Mauritslaan,114,"","",6191EJ,Beek
Prins Mauritslaan,116,"","",6191EJ,Beek
Prins Mauritslaan,118,"","",6191EJ,Beek
Prins Mauritslaan,120,"","",6191EJ,Beek
Prins Mauritslaan,126,"","",6191EJ,Beek
Prins Mauritslaan,128,"","",6191EJ,Beek
Langweide,22,A,"",6191EJ,Beek
Bloote Weg,1,"","",6191EM,Beek
Bloote Weg,11,"","",6191EM,Beek
Haardboomstraat,12,"","",6191EM,Beek
Haardboomstraat,14,"","",6191EM,Beek
Haardboomstraat,16,"","",6191EM,Beek
Haardboomstraat,18,"","",6191EM,Beek
Bloote Weg,19,"","",6191EM,Beek
Haardboomstraat,2,"","",6191EM,Beek
Haardboomstraat,20,"","",6191EM,Beek
Bloote Weg,21,"","",6191EM,Beek
Bloote Weg,3,"","",6191EM,Beek
Haardboomstraat,34,"","",6191EM,Beek
Haardboomstraat,36,"","",6191EM,Beek
Haardboomstraat,4,"","",6191EM,Beek
Haardboomstraat,40,"","",6191EM,Beek
Haardboomstraat,42,"","",6191EM,Beek
Haardboomstraat,44,"","",6191EM,Beek
Haardboomstraat,46,"","",6191EM,Beek
Bloote Weg,5,"","",6191EM,Beek
Haardboomstraat,6,"","",6191EM,Beek
Haardboomstraat,8,"","",6191EM,Beek
Bloote Weg,9,"","",6191EM,Beek
Huynhof,1,"","",6191HL,Beek
Huynhof,2,"","",6191HL,Beek
Huynhof,20,"","",6191HL,Beek
Huynhof,3,"","",6191HL,Beek
Huynhof,4,"","",6191HL,Beek
Huynhof,5,"","",6191HL,Beek
Lammerbrug,1,"","",6191HM,Beek
Lammerbrug,2,"","",6191HM,Beek
Lammerbrug,3,"","",6191HM,Beek
Lammerbrug,4,"","",6191HM,Beek
Lammerbrug,5,"","",6191HM,Beek
Lammerbrug,6,"","",6191HM,Beek
Lammerbrug,7,"","",6191HM,Beek
Lammerbrug,8,"","",6191HM,Beek
Lammerbrug,9,"","",6191HM,Beek
De Haamen,1,"","",6191HV,Beek
De Haamen,1,A,"",6191HV,Beek
De Haamen,1,B,"",6191HV,Beek
De Haamen,3,"","",6191HV,Beek
De Haamen,3,A,"",6191HV,Beek
De Haamen,3,B,"",6191HV,Beek
Oude Pastorie,1,"","",6191HW,Beek
Oude Pastorie,1,A,"",6191HW,Beek
Oude Pastorie,2,"","",6191HW,Beek
Oude Pastorie,25,"","",6191HW,Beek
Bourgognestraat,1,"","",6191HX,Beek
Bourgognestraat,13,"","",6191HX,Beek
Bourgognestraat,13,A,"",6191HX,Beek
Bourgognestraat,13,B,"",6191HX,Beek
Bourgognestraat,15,"","",6191HX,Beek
Bourgognestraat,17,"","",6191HX,Beek
Bourgognestraat,19,"","",6191HX,Beek
Bourgognestraat,21,"","",6191HX,Beek
Bourgognestraat,23,"","",6191HX,Beek
Bourgognestraat,25,"","",6191HX,Beek
Bourgognestraat,25,A,"",6191HX,Beek
Bourgognestraat,27,"","",6191HX,Beek
Bourgognestraat,29,"","",6191HX,Beek
Bourgognestraat,3,"","",6191HX,Beek
Bourgognestraat,31,"","",6191HX,Beek
Bourgognestraat,33,"","",6191HX,Beek
Bourgognestraat,35,"","",6191HX,Beek
Bourgognestraat,37,"","",6191HX,Beek
Bourgognestraat,39,"","",6191HX,Beek
Bourgognestraat,41,"","",6191HX,Beek
Bourgognestraat,43,"","",6191HX,Beek
Bourgognestraat,45,"","",6191HX,Beek
Bourgognestraat,47,"","",6191HX,Beek
Bourgognestraat,49,"","",6191HX,Beek
Bourgognestraat,5,"","",6191HX,Beek
Bourgognestraat,5,A,"",6191HX,Beek
Bourgognestraat,51,"","",6191HX,Beek
Bourgognestraat,53,"","",6191HX,Beek
Bourgognestraat,55,"","",6191HX,Beek
Bourgognestraat,57,"","",6191HX,Beek
Bourgognestraat,59,"","",6191HX,Beek
Bourgognestraat,61,"","",6191HX,Beek
Bourgognestraat,63,"","",6191HX,Beek
Bourgognestraat,65,"","",6191HX,Beek
Bourgognestraat,67,"","",6191HX,Beek
Bourgognestraat,69,"","",6191HX,Beek
Bourgognestraat,7,"","",6191HX,Beek
Bourgognestraat,71,"","",6191HX,Beek
Bourgognestraat,73,"","",6191HX,Beek
Bourgognestraat,75,"","",6191HX,Beek
Bourgognestraat,77,"","",6191HX,Beek
Bourgognestraat,77,A,"",6191HX,Beek
Bourgognestraat,79,"","",6191HX,Beek
Bourgognestraat,9,"","",6191HX,Beek
Bourgognestraat,9,A,"",6191HX,Beek
Bourgognestraat,10,"","",6191HZ,Beek
Bourgognestraat,12,"","",6191HZ,Beek
Bourgognestraat,14,"","",6191HZ,Beek
Bourgognestraat,16,"","",6191HZ,Beek
Bourgognestraat,18,"","",6191HZ,Beek
Bourgognestraat,2,"","",6191HZ,Beek
Bourgognestraat,20,"","",6191HZ,Beek
Bourgognestraat,20,A,"",6191HZ,Beek
Bourgognestraat,22,"","",6191HZ,Beek
Bourgognestraat,26,"","",6191HZ,Beek
Bourgognestraat,28,"","",6191HZ,Beek
Bourgognestraat,30,"","",6191HZ,Beek
Bourgognestraat,32,"","",6191HZ,Beek
Bourgognestraat,32,A,"",6191HZ,Beek
Bourgognestraat,34,"","",6191HZ,Beek
Bourgognestraat,36,"","",6191HZ,Beek
Bourgognestraat,38,"","",6191HZ,Beek
Bourgognestraat,4,"","",6191HZ,Beek
Bourgognestraat,8,"","",6191HZ,Beek
Bourgognestraat,8,A,"",6191HZ,Beek
Burgemeester Janssenstraat,1,"","",6191JB,Beek
Burgemeester Janssenstraat,11,"","",6191JB,Beek
Burgemeester Janssenstraat,13,"","",6191JB,Beek
Burgemeester Janssenstraat,17,"","",6191JB,Beek
Burgemeester Janssenstraat,17,"","",6191JB,Beek
Burgemeester Janssenstraat,19,"","",6191JB,Beek
Burgemeester Janssenstraat,19,A,"",6191JB,Beek
Burgemeester Janssenstraat,19,B,"",6191JB,Beek
Burgemeester Janssenstraat,21,"","",6191JB,Beek
Burgemeester Janssenstraat,21,"","",6191JB,Beek
Burgemeester Janssenstraat,23,"","",6191JB,Beek
Burgemeester Janssenstraat,23,"","",6191JB,Beek
Burgemeester Janssenstraat,23,A,"",6191JB,Beek
Burgemeester Janssenstraat,25,"","",6191JB,Beek
Burgemeester Janssenstraat,27,"","",6191JB,Beek
Burgemeester Janssenstraat,29,"","",6191JB,Beek
Burgemeester Janssenstraat,3,"","",6191JB,Beek
Burgemeester Janssenstraat,3,A,"",6191JB,Beek
Burgemeester Janssenstraat,31,"","",6191JB,Beek
Burgemeester Janssenstraat,33,"","",6191JB,Beek
Burgemeester Janssenstraat,35,"","",6191JB,Beek
Burgemeester Janssenstraat,37,"","",6191JB,Beek
Burgemeester Janssenstraat,39,"","",6191JB,Beek
Burgemeester Janssenstraat,41,"","",6191JB,Beek
Burgemeester Janssenstraat,43,"","",6191JB,Beek
Burgemeester Janssenstraat,43,"","",6191JB,Beek
Burgemeester Janssenstraat,45,"","",6191JB,Beek
Burgemeester Janssenstraat,47,"","",6191JB,Beek
Burgemeester Janssenstraat,47,A,"",6191JB,Beek
Burgemeester Janssenstraat,49,"","",6191JB,Beek
Burgemeester Janssenstraat,49,A,"",6191JB,Beek
Burgemeester Janssenstraat,5,"","",6191JB,Beek
Burgemeester Janssenstraat,5,A,"",6191JB,Beek
Burgemeester Janssenstraat,5,B,"",6191JB,Beek
Burgemeester Janssenstraat,51,"","",6191JB,Beek
Burgemeester Janssenstraat,53,"","",6191JB,Beek
Burgemeester Janssenstraat,55,"","",6191JB,Beek
Burgemeester Janssenstraat,57,"","",6191JB,Beek
Burgemeester Janssenstraat,59,"","",6191JB,Beek
Burgemeester Janssenstraat,61,"","",6191JB,Beek
Burgemeester Janssenstraat,61,A,"",6191JB,Beek
Burgemeester Janssenstraat,63,"","",6191JB,Beek
Burgemeester Janssenstraat,65,"","",6191JB,Beek
Burgemeester Janssenstraat,67,"","",6191JB,Beek
Burgemeester Janssenstraat,69,"","",6191JB,Beek
Burgemeester Janssenstraat,7,"","",6191JB,Beek
Burgemeester Janssenstraat,7,A,"",6191JB,Beek
Burgemeester Janssenstraat,7,B,"",6191JB,Beek
Burgemeester Janssenstraat,9,"","",6191JB,Beek
Burgemeester Janssenstraat,10,"","",6191JC,Beek
Burgemeester Janssenstraat,10,A,"",6191JC,Beek
Burgemeester Janssenstraat,12,"","",6191JC,Beek
Burgemeester Janssenstraat,12,A,"",6191JC,Beek
Burgemeester Janssenstraat,14,"","",6191JC,Beek
Burgemeester Janssenstraat,14,A,"",6191JC,Beek
Burgemeester Janssenstraat,16,"","",6191JC,Beek
Burgemeester Janssenstraat,16,"","",6191JC,Beek
Burgemeester Janssenstraat,16,A,"",6191JC,Beek
Burgemeester Janssenstraat,18,"","",6191JC,Beek
Burgemeester Janssenstraat,2,"","",6191JC,Beek
Burgemeester Janssenstraat,24,"","",6191JC,Beek
Burgemeester Janssenstraat,24,A,"",6191JC,Beek
Burgemeester Janssenstraat,26,"","",6191JC,Beek
Burgemeester Janssenstraat,28,"","",6191JC,Beek
Burgemeester Janssenstraat,30,"","",6191JC,Beek
Burgemeester Janssenstraat,34,"","",6191JC,Beek
Burgemeester Janssenstraat,36,"","",6191JC,Beek
Burgemeester Janssenstraat,36,A,"",6191JC,Beek
Burgemeester Janssenstraat,38,"","",6191JC,Beek
Burgemeester Janssenstraat,4,"","",6191JC,Beek
Burgemeester Janssenstraat,4,A,"",6191JC,Beek
Burgemeester Janssenstraat,6,"","",6191JC,Beek
Burgemeester Janssenstraat,8,"","",6191JC,Beek
Burgemeester Janssenstraat,8,"","",6191JC,Beek
Burgemeester Janssenstraat,8,A,"",6191JC,Beek
Burgemeester Janssenstraat,8,B,"",6191JC,Beek
Burgemeester Janssenstraat,8,C,"",6191JC,Beek
Burgemeester Janssenstraat,40,"","",6191JD,Beek
Burgemeester Janssenstraat,42,"","",6191JD,Beek
Burgemeester Janssenstraat,44,"","",6191JD,Beek
Burgemeester Janssenstraat,46,"","",6191JD,Beek
Burgemeester Janssenstraat,48,"","",6191JD,Beek
Burgemeester Janssenstraat,50,"","",6191JD,Beek
Burgemeester Janssenstraat,52,"","",6191JD,Beek
Burgemeester Janssenstraat,54,"","",6191JD,Beek
Burgemeester Janssenstraat,56,"","",6191JD,Beek
Burgemeester Janssenstraat,58,"","",6191JD,Beek
Burgemeester Janssenstraat,60,"","",6191JD,Beek
Burgemeester Janssenstraat,60,A,"",6191JD,Beek
Burgemeester Janssenstraat,60,B,"",6191JD,Beek
Burgemeester Janssenstraat,60,C,"",6191JD,Beek
Burgemeester Janssenstraat,60,D,"",6191JD,Beek
Burgemeester Janssenstraat,60,E,"",6191JD,Beek
Burgemeester Janssenstraat,60,F,"",6191JD,Beek
Burgemeester Janssenstraat,62,"","",6191JD,Beek
Burgemeester Janssenstraat,64,"","",6191JD,Beek
Burgemeester Janssenstraat,64,A,"",6191JD,Beek
Burgemeester Janssenstraat,64,B,"",6191JD,Beek
Burgemeester Janssenstraat,66,"","",6191JD,Beek
Burgemeester Janssenstraat,68,"","",6191JD,Beek
Burgemeester Janssenstraat,70,"","",6191JD,Beek
Burgemeester Janssenstraat,70,A,"",6191JD,Beek
Burgemeester Janssenstraat,72,"","",6191JD,Beek
Burgemeester Janssenstraat,74,"","",6191JD,Beek
Burgemeester Janssenstraat,76,"","",6191JD,Beek
Burgemeester Janssenstraat,78,"","",6191JD,Beek
Burgemeester Janssenstraat,78,A,"",6191JD,Beek
Burgemeester Janssenstraat,80,"","",6191JD,Beek
Burgemeester Janssenstraat,82,"","",6191JD,Beek
Burgemeester Janssenstraat,82,A,"",6191JD,Beek
Burgemeester Janssenstraat,82,B,"",6191JD,Beek
Burgemeester Janssenstraat,84,"","",6191JD,Beek
Burgemeester Janssenstraat,86,"","",6191JD,Beek
Bruiloftsteeg,1,A,"",6191JE,Beek
Bruiloftsteeg,1,B,"",6191JE,Beek
Bruiloftsteeg,1,C,"",6191JE,Beek
Bruiloftsteeg,1,D,"",6191JE,Beek
Bruiloftsteeg,1,E,"",6191JE,Beek
Bruiloftsteeg,1,F,"",6191JE,Beek
Bruiloftsteeg,1,G,"",6191JE,Beek
Bruiloftsteeg,1,H,"",6191JE,Beek
Bruiloftsteeg,1,J,"",6191JE,Beek
Bruiloftsteeg,1,K,"",6191JE,Beek
Bruiloftsteeg,2,"","",6191JE,Beek
Bruiloftsteeg,3,"","",6191JE,Beek
Markt,1,"","",6191JG,Beek
Markt,1,"","",6191JG,Beek
Markt,1,A,"",6191JG,Beek
Markt,1,B,"",6191JG,Beek
Markt,1,C,"",6191JG,Beek
Markt,1,E,"",6191JG,Beek
Markt,1,F,"",6191JG,Beek
Markt,10,"","",6191JG,Beek
Markt,10,A,"",6191JG,Beek
Markt,2,A,"",6191JG,Beek
Markt,2,B,"",6191JG,Beek
Markt,2,C,"",6191JG,Beek
Markt,3,A,"",6191JG,Beek
Markt,3,B,"",6191JG,Beek
Markt,3,C,"",6191JG,Beek
Markt,4,A,"",6191JG,Beek
Markt,4,B,"",6191JG,Beek
Markt,4,C,"",6191JG,Beek
Markt,4,D,"",6191JG,Beek
Markt,5,"","",6191JG,Beek
Markt,5,A,"",6191JG,Beek
Markt,5,B,"",6191JG,Beek
Markt,5,C,"",6191JG,Beek
Markt,6,"","",6191JG,Beek
Markt,6,A,"",6191JG,Beek
Markt,6,B,"",6191JG,Beek
Markt,6,C,"",6191JG,Beek
Markt,6,D,"",6191JG,Beek
Markt,6,E,"",6191JG,Beek
Markt,6,F,"",6191JG,Beek
Markt,6,G,"",6191JG,Beek
Markt,7,"","",6191JG,Beek
Markt,7,A,"",6191JG,Beek
Markt,8,"","",6191JG,Beek
Markt,8,"","",6191JG,Beek
Markt,8,A,"",6191JG,Beek
Markt,9,"","",6191JG,Beek
Markt,9,A,"",6191JG,Beek
Markt,11,"","",6191JH,Beek
Markt,11,"","",6191JH,Beek
Markt,11,"","",6191JH,Beek
Markt,11,A,"",6191JH,Beek
Markt,11,B,"",6191JH,Beek
Markt,11,C,"",6191JH,Beek
Markt,11,D,"",6191JH,Beek
Markt,12,"","",6191JH,Beek
Markt,13,"","",6191JH,Beek
Markt,14,"","",6191JH,Beek
Markt,14,A,"",6191JH,Beek
Markt,15,"","",6191JH,Beek
Markt,15,A,"",6191JH,Beek
Markt,16,"","",6191JH,Beek
Markt,16,A,"",6191JH,Beek
Markt,16,B,"",6191JH,Beek
Markt,17,"","",6191JH,Beek
Markt,17,A,"",6191JH,Beek
Markt,19,"","",6191JH,Beek
Markt,20,"","",6191JH,Beek
Markt,21,"","",6191JH,Beek
Markt,22,"","",6191JH,Beek
Markt,23,"","",6191JH,Beek
Markt,24,"","",6191JH,Beek
Markt,25,"","",6191JH,Beek
Markt,26,"","",6191JH,Beek
Markt,27,"","",6191JH,Beek
Markt,28,"","",6191JH,Beek
Markt,29,"","",6191JH,Beek
Markt,30,"","",6191JH,Beek
Markt,31,"","",6191JH,Beek
Markt,32,"","",6191JH,Beek
Markt,33,"","",6191JH,Beek
Markt,34,"","",6191JJ,Beek
Markt,34,"","",6191JJ,Beek
Markt,34,A,"",6191JJ,Beek
Markt,35,"","",6191JJ,Beek
Markt,36,"","",6191JJ,Beek
Markt,37,"","",6191JJ,Beek
Markt,38,"","",6191JJ,Beek
Markt,39,"","",6191JJ,Beek
Markt,40,"","",6191JJ,Beek
Markt,41,"","",6191JJ,Beek
Markt,42,"","",6191JJ,Beek
Markt,43,"","",6191JJ,Beek
Markt,44,"","",6191JJ,Beek
Markt,45,"","",6191JJ,Beek
Markt,46,"","",6191JJ,Beek
Markt,47,"","",6191JJ,Beek
Markt,48,"","",6191JJ,Beek
Markt,49,"","",6191JJ,Beek
Markt,50,"","",6191JJ,Beek
Markt,51,"","",6191JJ,Beek
Markt,52,"","",6191JJ,Beek
Markt,53,"","",6191JJ,Beek
Markt,54,"","",6191JJ,Beek
Markt,55,"","",6191JJ,Beek
Markt,56,"","",6191JJ,Beek
Markt,57,"","",6191JJ,Beek
Markt,58,"","",6191JJ,Beek
Markt,59,"","",6191JJ,Beek
Markt,60,"","",6191JJ,Beek
Markt,60,A,"",6191JJ,Beek
Markt,60,B,"",6191JJ,Beek
Markt,60,C,"",6191JJ,Beek
Markt,100,"","",6191JK,Beek
Markt,100,"","",6191JK,Beek
Markt,100,"","",6191JK,Beek
Markt,100,A,"",6191JK,Beek
Markt,100,A,"",6191JK,Beek
Markt,102,"","",6191JK,Beek
Markt,104,"","",6191JK,Beek
Markt,106,"","",6191JK,Beek
Markt,108,"","",6191JK,Beek
Markt,62,"","",6191JK,Beek
Markt,63,"","",6191JK,Beek
Markt,63,"","",6191JK,Beek
Markt,63,A,"",6191JK,Beek
Markt,64,"","",6191JK,Beek
Markt,65,"","",6191JK,Beek
Markt,67,"","",6191JK,Beek
Markt,67,A,"",6191JK,Beek
Markt,67,B,"",6191JK,Beek
Markt,67,C,"",6191JK,Beek
Markt,69,"","",6191JK,Beek
Markt,69,A,"",6191JK,Beek
Markt,71,"","",6191JK,Beek
Markt,73,"","",6191JK,Beek
Markt,73,A,"",6191JK,Beek
Markt,73,B,"",6191JK,Beek
Markt,73,C,"",6191JK,Beek
Markt,73,D,"",6191JK,Beek
Markt,74,A,"",6191JK,Beek
Markt,98,"","",6191JK,Beek
van Sonsbeecklaan,1,"","",6191JL,Beek
van Sonsbeecklaan,1,A,"",6191JL,Beek
van Sonsbeecklaan,1,B,"",6191JL,Beek
van Sonsbeecklaan,11,"","",6191JL,Beek
van Sonsbeecklaan,11,A,"",6191JL,Beek
van Sonsbeecklaan,13,"","",6191JL,Beek
van Sonsbeecklaan,15,"","",6191JL,Beek
van Sonsbeecklaan,17,"","",6191JL,Beek
van Sonsbeecklaan,19,"","",6191JL,Beek
van Sonsbeecklaan,21,"","",6191JL,Beek
van Sonsbeecklaan,23,"","",6191JL,Beek
van Sonsbeecklaan,23,A,"",6191JL,Beek
van Sonsbeecklaan,25,"","",6191JL,Beek
van Sonsbeecklaan,27,"","",6191JL,Beek
van Sonsbeecklaan,29,"","",6191JL,Beek
van Sonsbeecklaan,3,"","",6191JL,Beek
van Sonsbeecklaan,3,"","",6191JL,Beek
van Sonsbeecklaan,3,A,"",6191JL,Beek
van Sonsbeecklaan,31,"","",6191JL,Beek
van Sonsbeecklaan,33,"","",6191JL,Beek
van Sonsbeecklaan,35,"","",6191JL,Beek
van Sonsbeecklaan,37,"","",6191JL,Beek
van Sonsbeecklaan,39,"","",6191JL,Beek
van Sonsbeecklaan,5,"","",6191JL,Beek
van Sonsbeecklaan,7,"","",6191JL,Beek
van Sonsbeecklaan,9,"","",6191JL,Beek
van Sonsbeecklaan,10,"","",6191JM,Beek
van Sonsbeecklaan,12,"","",6191JM,Beek
van Sonsbeecklaan,14,"","",6191JM,Beek
van Sonsbeecklaan,16,"","",6191JM,Beek
van Sonsbeecklaan,18,"","",6191JM,Beek
van Sonsbeecklaan,2,"","",6191JM,Beek
van Sonsbeecklaan,2,A,"",6191JM,Beek
van Sonsbeecklaan,2,B,"",6191JM,Beek
van Sonsbeecklaan,2,C,"",6191JM,Beek
van Sonsbeecklaan,2,D,"",6191JM,Beek
van Sonsbeecklaan,2,E,"",6191JM,Beek
van Sonsbeecklaan,2,F,"",6191JM,Beek
van Sonsbeecklaan,2,G,"",6191JM,Beek
van Sonsbeecklaan,2,H,"",6191JM,Beek
van Sonsbeecklaan,2,J,"",6191JM,Beek
van Sonsbeecklaan,2,K,"",6191JM,Beek
van Sonsbeecklaan,2,L,"",6191JM,Beek
van Sonsbeecklaan,2,M,"",6191JM,Beek
van Sonsbeecklaan,2,N,"",6191JM,Beek
van Sonsbeecklaan,2,P,"",6191JM,Beek
van Sonsbeecklaan,2,R,"",6191JM,Beek
van Sonsbeecklaan,2,S,"",6191JM,Beek
van Sonsbeecklaan,2,T,"",6191JM,Beek
van Sonsbeecklaan,20,"","",6191JM,Beek
van Sonsbeecklaan,22,"","",6191JM,Beek
van Sonsbeecklaan,24,"","",6191JM,Beek
van Sonsbeecklaan,26,"","",6191JM,Beek
van Sonsbeecklaan,28,"","",6191JM,Beek
van Sonsbeecklaan,30,"","",6191JM,Beek
van Sonsbeecklaan,32,"","",6191JM,Beek
van Sonsbeecklaan,34,"","",6191JM,Beek
van Sonsbeecklaan,36,"","",6191JM,Beek
van Sonsbeecklaan,38,"","",6191JM,Beek
van Sonsbeecklaan,4,"","",6191JM,Beek
van Sonsbeecklaan,40,"","",6191JM,Beek
van Sonsbeecklaan,42,"","",6191JM,Beek
van Sonsbeecklaan,44,"","",6191JM,Beek
van Sonsbeecklaan,46,"","",6191JM,Beek
van Sonsbeecklaan,48,"","",6191JM,Beek
van Sonsbeecklaan,6,"","",6191JM,Beek
van Sonsbeecklaan,8,"","",6191JM,Beek
Nieuwstraat,11,"","",6191JN,Beek
Nieuwstraat,13,"","",6191JN,Beek
Nieuwstraat,15,"","",6191JN,Beek
Nieuwstraat,17,"","",6191JN,Beek
Nieuwstraat,17,A,"",6191JN,Beek
Nieuwstraat,19,"","",6191JN,Beek
Nieuwstraat,3,"","",6191JN,Beek
Nieuwstraat,5,"","",6191JN,Beek
Nieuwstraat,7,"","",6191JN,Beek
Nieuwstraat,9,"","",6191JN,Beek
Nieuwstraat,9,"",A,6191JN,Beek
Nieuwstraat,9,A,"",6191JN,Beek
Nieuwstraat,9,A,"",6191JN,Beek
Nieuwstraat,9,B,"",6191JN,Beek
Nieuwstraat,9,B,"",6191JN,Beek
Nieuwstraat,9,C,"",6191JN,Beek
Nieuwstraat,9,C,"",6191JN,Beek
Nieuwstraat,10,"","",6191JP,Beek
Nieuwstraat,12,"","",6191JP,Beek
Nieuwstraat,14,"","",6191JP,Beek
Nieuwstraat,16,"","",6191JP,Beek
Nieuwstraat,18,"","",6191JP,Beek
Nieuwstraat,2,"","",6191JP,Beek
Nieuwstraat,20,"","",6191JP,Beek
Nieuwstraat,22,"","",6191JP,Beek
Nieuwstraat,24,"","",6191JP,Beek
Nieuwstraat,26,"","",6191JP,Beek
Nieuwstraat,28,"","",6191JP,Beek
Nieuwstraat,30,"","",6191JP,Beek
Nieuwstraat,32,"","",6191JP,Beek
Nieuwstraat,34,"","",6191JP,Beek
Nieuwstraat,36,"","",6191JP,Beek
Nieuwstraat,38,"","",6191JP,Beek
Nieuwstraat,4,"","",6191JP,Beek
Nieuwstraat,6,"","",6191JP,Beek
Nieuwstraat,8,"","",6191JP,Beek
Heirstraat,13,"","",6191JR,Beek
Heirstraat,15,"","",6191JR,Beek
Heirstraat,17,"","",6191JR,Beek
Heirstraat,19,"","",6191JR,Beek
Heirstraat,21,"","",6191JR,Beek
Heirstraat,21,A,"",6191JR,Beek
Heirstraat,21,A,"",6191JR,Beek
Heirstraat,21,B,"",6191JR,Beek
Heirstraat,23,"","",6191JR,Beek
Heirstraat,25,"","",6191JR,Beek
Heirstraat,27,"","",6191JR,Beek
Heirstraat,29,"","",6191JR,Beek
Heirstraat,5,"","",6191JR,Beek
Heirstraat,9,"","",6191JR,Beek
Heirstraat,31,"","",6191JS,Beek
Heirstraat,33,"","",6191JS,Beek
Heirstraat,35,"","",6191JS,Beek
Heirstraat,37,"","",6191JS,Beek
Heirstraat,39,"","",6191JS,Beek
Heirstraat,39,"","",6191JS,Beek
Heirstraat,39,A,"",6191JS,Beek
Heirstraat,41,"","",6191JS,Beek
Heirstraat,43,"","",6191JS,Beek
Heirstraat,45,"","",6191JS,Beek
Heirstraat,47,"","",6191JS,Beek
Heirstraat,49,"","",6191JS,Beek
Heirstraat,51,"","",6191JS,Beek
Heirstraat,53,"","",6191JS,Beek
Heirstraat,55,"","",6191JS,Beek
Heirstraat,57,"","",6191JS,Beek
Heirstraat,59,"","",6191JS,Beek
Heirstraat,61,"","",6191JS,Beek
Heirstraat,10,"","",6191JT,Beek
Heirstraat,12,"","",6191JT,Beek
Heirstraat,14,"","",6191JT,Beek
Heirstraat,16,"","",6191JT,Beek
Heirstraat,2,"","",6191JT,Beek
Heirstraat,2,A,"",6191JT,Beek
Heirstraat,20,"","",6191JT,Beek
Heirstraat,22,"","",6191JT,Beek
Heirstraat,24,"","",6191JT,Beek
Heirstraat,28,"","",6191JT,Beek
Heirstraat,30,"","",6191JT,Beek
Heirstraat,32,"","",6191JT,Beek
Heirstraat,34,"","",6191JT,Beek
Heirstraat,36,"","",6191JT,Beek
Heirstraat,4,"","",6191JT,Beek
Heirstraat,6,"","",6191JT,Beek
Heirstraat,42,"","",6191JV,Beek
Heirstraat,44,"","",6191JV,Beek
Heirstraat,46,"","",6191JV,Beek
Heirstraat,48,"","",6191JV,Beek
Heirstraat,50,"","",6191JV,Beek
Heirstraat,52,"","",6191JV,Beek
Heirstraat,54,"","",6191JV,Beek
Heirstraat,56,"","",6191JV,Beek
Heirstraat,58,"","",6191JV,Beek
Heirstraat,60,"","",6191JV,Beek
Heirstraat,62,"","",6191JV,Beek
Heirstraat,64,"","",6191JV,Beek
Heirstraat,66,"","",6191JV,Beek
Elsstraat,1,"","",6191JW,Beek
Elsstraat,1,"","",6191JW,Beek
Elsstraat,11,"","",6191JW,Beek
Elsstraat,12,"","",6191JW,Beek
Elsstraat,13,"","",6191JW,Beek
Elsstraat,14,"","",6191JW,Beek
Elsstraat,15,"","",6191JW,Beek
Elsstraat,17,"","",6191JW,Beek
Elsstraat,18,"","",6191JW,Beek
Elsstraat,19,"","",6191JW,Beek
Elsstraat,2,"","",6191JW,Beek
Elsstraat,2,"","",6191JW,Beek
Elsstraat,2,"","",6191JW,Beek
Elsstraat,20,"","",6191JW,Beek
Elsstraat,21,"","",6191JW,Beek
Elsstraat,22,"","",6191JW,Beek
Elsstraat,23,"","",6191JW,Beek
Elsstraat,24,"","",6191JW,Beek
Elsstraat,25,"","",6191JW,Beek
Elsstraat,26,"","",6191JW,Beek
Elsstraat,26,"","",6191JW,Beek
Elsstraat,27,"","",6191JW,Beek
Elsstraat,28,"","",6191JW,Beek
Elsstraat,29,"","",6191JW,Beek
Elsstraat,3,"","",6191JW,Beek
Elsstraat,3,"","",6191JW,Beek
Elsstraat,30,"","",6191JW,Beek
Elsstraat,31,"","",6191JW,Beek
Elsstraat,32,"","",6191JW,Beek
Elsstraat,33,"","",6191JW,Beek
Elsstraat,34,"","",6191JW,Beek
Elsstraat,35,"","",6191JW,Beek
Elsstraat,36,"","",6191JW,Beek
Elsstraat,37,"","",6191JW,Beek
Elsstraat,38,"","",6191JW,Beek
Elsstraat,39,"","",6191JW,Beek
Elsstraat,4,"","",6191JW,Beek
Elsstraat,40,"","",6191JW,Beek
Elsstraat,41,"","",6191JW,Beek
Elsstraat,41,B,"",6191JW,Beek
Elsstraat,42,"","",6191JW,Beek
Elsstraat,42,A,"",6191JW,Beek
Elsstraat,43,"","",6191JW,Beek
Elsstraat,43,"","",6191JW,Beek
Elsstraat,44,"","",6191JW,Beek
Elsstraat,45,"","",6191JW,Beek
Elsstraat,46,"","",6191JW,Beek
Elsstraat,47,"","",6191JW,Beek
Elsstraat,48,"","",6191JW,Beek
Elsstraat,49,"","",6191JW,Beek
Elsstraat,5,"","",6191JW,Beek
Elsstraat,50,"","",6191JW,Beek
Elsstraat,6,"","",6191JW,Beek
Elsstraat,7,"","",6191JW,Beek
Elsstraat,8,"","",6191JW,Beek
Elsstraat,9,"","",6191JW,Beek
Elsstraat,9,"","",6191JW,Beek
Elsstraat,9,A,"",6191JW,Beek
Elsstraat,9,B,"",6191JW,Beek
Elsstraat,9,C,"",6191JW,Beek
Elsstraat,9,D,"",6191JW,Beek
Marktstraat,1,"","",6191JX,Beek
Marktstraat,1,"","",6191JX,Beek
Marktstraat,1,A,"",6191JX,Beek
Marktstraat,1,A,01,6191JX,Beek
Marktstraat,1,A,02,6191JX,Beek
Marktstraat,1,A,03,6191JX,Beek
Marktstraat,1,B,"",6191JX,Beek
Marktstraat,10,"","",6191JX,Beek
Marktstraat,12,"","",6191JX,Beek
Marktstraat,14,"","",6191JX,Beek
Marktstraat,16,"","",6191JX,Beek
Marktstraat,18,"","",6191JX,Beek
Marktstraat,2,"","",6191JX,Beek
Marktstraat,20,"","",6191JX,Beek
Marktstraat,22,"","",6191JX,Beek
Marktstraat,24,"","",6191JX,Beek
Marktstraat,24,A,"",6191JX,Beek
Marktstraat,26,"","",6191JX,Beek
Marktstraat,26,A,"",6191JX,Beek
Marktstraat,28,"","",6191JX,Beek
Marktstraat,28,A,"",6191JX,Beek
Marktstraat,3,"","",6191JX,Beek
Marktstraat,3,A,"",6191JX,Beek
Marktstraat,30,"","",6191JX,Beek
Marktstraat,30,A,"",6191JX,Beek
Marktstraat,34,"","",6191JX,Beek
Marktstraat,36,"","",6191JX,Beek
Marktstraat,38,"","",6191JX,Beek
Marktstraat,4,"","",6191JX,Beek
Marktstraat,5,"","",6191JX,Beek
Marktstraat,6,"","",6191JX,Beek
Marktstraat,7,"","",6191JX,Beek
Marktstraat,8,"","",6191JX,Beek
Ebadstraat,1,"","",6191JZ,Beek
Ebadstraat,10,"","",6191JZ,Beek
Ebadstraat,11,"","",6191JZ,Beek
Ebadstraat,12,"","",6191JZ,Beek
Ebadstraat,12,A,"",6191JZ,Beek
Ebadstraat,12,B,"",6191JZ,Beek
Ebadstraat,12,C,"",6191JZ,Beek
Ebadstraat,12,D,"",6191JZ,Beek
Ebadstraat,12,E,"",6191JZ,Beek
Ebadstraat,12,F,"",6191JZ,Beek
Ebadstraat,12,G,"",6191JZ,Beek
Ebadstraat,13,"","",6191JZ,Beek
Ebadstraat,14,"","",6191JZ,Beek
Ebadstraat,2,"","",6191JZ,Beek
Ebadstraat,3,"","",6191JZ,Beek
Ebadstraat,4,"","",6191JZ,Beek
Ebadstraat,5,"","",6191JZ,Beek
Ebadstraat,6,"","",6191JZ,Beek
Ebadstraat,7,"","",6191JZ,Beek
Ebadstraat,8,"","",6191JZ,Beek
Ebadstraat,9,"","",6191JZ,Beek
Raadhuisstraat,11,"","",6191KA,Beek
Raadhuisstraat,11,A,"",6191KA,Beek
Raadhuisstraat,11,B,"",6191KA,Beek
Raadhuisstraat,11,C,"",6191KA,Beek
Raadhuisstraat,11,F,"",6191KA,Beek
Raadhuisstraat,11,G,"",6191KA,Beek
Raadhuisstraat,11,H,"",6191KA,Beek
Raadhuisstraat,11,I,"",6191KA,Beek
Raadhuisstraat,13,"","",6191KA,Beek
Raadhuisstraat,13,A,"",6191KA,Beek
Raadhuisstraat,15,"","",6191KA,Beek
Raadhuisstraat,17,"","",6191KA,Beek
Raadhuisstraat,17,"","",6191KA,Beek
Raadhuisstraat,17,A,"",6191KA,Beek
Raadhuisstraat,19,"","",6191KA,Beek
Raadhuisstraat,19,A,"",6191KA,Beek
Raadhuisstraat,21,"","",6191KA,Beek
Raadhuisstraat,23,"","",6191KA,Beek
Raadhuisstraat,23,"","",6191KA,Beek
Raadhuisstraat,23,A,"",6191KA,Beek
Raadhuisstraat,25,"","",6191KA,Beek
Raadhuisstraat,25,"","",6191KA,Beek
Raadhuisstraat,25,A,"",6191KA,Beek
Raadhuisstraat,27,"","",6191KA,Beek
Raadhuisstraat,27,A,"",6191KA,Beek
Maastrichterlaan,53,B,06,6191KA,Beek
Maastrichterlaan,53,C,19,6191KA,Beek
Raadhuisstraat,9,"","",6191KA,Beek
Raadhuisstraat,9,A,"",6191KA,Beek
Raadhuisstraat,10,"","",6191KB,Beek
Raadhuisstraat,10,"","",6191KB,Beek
Raadhuisstraat,10,A,"",6191KB,Beek
Raadhuisstraat,10,B,"",6191KB,Beek
Raadhuisstraat,12,"","",6191KB,Beek
Raadhuisstraat,14,"","",6191KB,Beek
Raadhuisstraat,16,"","",6191KB,Beek
Raadhuisstraat,18,"","",6191KB,Beek
Raadhuisstraat,18,"","",6191KB,Beek
Raadhuisstraat,18,A,"",6191KB,Beek
Raadhuisstraat,20,"","",6191KB,Beek
Raadhuisstraat,22,"","",6191KB,Beek
Raadhuisstraat,22,"","",6191KB,Beek
Raadhuisstraat,22,A,"",6191KB,Beek
Raadhuisstraat,22,B,"",6191KB,Beek
Raadhuisstraat,26,"","",6191KB,Beek
Raadhuisstraat,26,"","",6191KB,Beek
Raadhuisstraat,26,A,"",6191KB,Beek
Raadhuisstraat,26,B,"",6191KB,Beek
Raadhuisstraat,28,"","",6191KB,Beek
Raadhuisstraat,6,"","",6191KB,Beek
Raadhuisstraat,6,A,"",6191KB,Beek
Raadhuisstraat,8,"","",6191KB,Beek
Raadhuisstraat,8,A,"",6191KB,Beek
Raadhuisstraat,8,A,"",6191KB,Beek
Raadhuisstraat,8,B,"",6191KB,Beek
Raadhuisstraat,8,C,"",6191KB,Beek
Raadhuisstraat,8,D,"",6191KB,Beek
Brugstraat,1,"","",6191KC,Beek
Brugstraat,1,"","",6191KC,Beek
Brugstraat,1,A,"",6191KC,Beek
Brugstraat,10,"","",6191KC,Beek
Brugstraat,12,"","",6191KC,Beek
Brugstraat,14,"","",6191KC,Beek
Brugstraat,16,"","",6191KC,Beek
Brugstraat,2,"","",6191KC,Beek
Brugstraat,3,"","",6191KC,Beek
Brugstraat,4,"","",6191KC,Beek
Brugstraat,5,"","",6191KC,Beek
Brugstraat,6,"","",6191KC,Beek
Brugstraat,7,"","",6191KC,Beek
Brugstraat,7,A,"",6191KC,Beek
Brugstraat,9,"","",6191KC,Beek
Gasthuissteeg,1,"","",6191KD,Beek
Gasthuissteeg,11,"","",6191KD,Beek
Gasthuissteeg,13,"","",6191KD,Beek
Gasthuissteeg,15,"","",6191KD,Beek
Gasthuissteeg,17,"","",6191KD,Beek
Gasthuissteeg,19,"","",6191KD,Beek
Gasthuissteeg,2,"","",6191KD,Beek
Gasthuissteeg,21,"","",6191KD,Beek
Gasthuissteeg,23,"","",6191KD,Beek
Gasthuissteeg,25,"","",6191KD,Beek
Gasthuissteeg,27,"","",6191KD,Beek
Gasthuissteeg,29,"","",6191KD,Beek
Gasthuissteeg,3,"","",6191KD,Beek
Gasthuissteeg,31,"","",6191KD,Beek
Gasthuissteeg,33,"","",6191KD,Beek
Gasthuissteeg,35,"","",6191KD,Beek
Gasthuissteeg,37,"","",6191KD,Beek
Gasthuissteeg,39,"","",6191KD,Beek
Gasthuissteeg,4,"","",6191KD,Beek
Gasthuissteeg,41,"","",6191KD,Beek
Gasthuissteeg,43,"","",6191KD,Beek
Gasthuissteeg,5,"","",6191KD,Beek
Gasthuissteeg,6,"","",6191KD,Beek
Gasthuissteeg,7,"","",6191KD,Beek
Gasthuissteeg,8,"","",6191KD,Beek
Gasthuissteeg,9,"","",6191KD,Beek
Klinkeberglaan,1,"","",6191KE,Beek
Klinkeberglaan,1,A,"",6191KE,Beek
Klinkeberglaan,11,"","",6191KE,Beek
Klinkeberglaan,13,"","",6191KE,Beek
Klinkeberglaan,3,"","",6191KE,Beek
Klinkeberglaan,5,"","",6191KE,Beek
Klinkeberglaan,7,"","",6191KE,Beek
Klinkeberglaan,9,"","",6191KE,Beek
Klinkeberglaan,10,"","",6191KG,Beek
Klinkeberglaan,14,"","",6191KG,Beek
Klinkeberglaan,16,"","",6191KG,Beek
Klinkeberglaan,18,"","",6191KG,Beek
Klinkeberglaan,2,"","",6191KG,Beek
Klinkeberglaan,20,"","",6191KG,Beek
Klinkeberglaan,22,"","",6191KG,Beek
Klinkeberglaan,24,"","",6191KG,Beek
Klinkeberglaan,26,"","",6191KG,Beek
Klinkeberglaan,28,"","",6191KG,Beek
Klinkeberglaan,30,"","",6191KG,Beek
Klinkeberglaan,32,"","",6191KG,Beek
Klinkeberglaan,34,"","",6191KG,Beek
Klinkeberglaan,36,"","",6191KG,Beek
Klinkeberglaan,38,"","",6191KG,Beek
Klinkeberglaan,4,"","",6191KG,Beek
Klinkeberglaan,40,"","",6191KG,Beek
Klinkeberglaan,42,"","",6191KG,Beek
Klinkeberglaan,44,"","",6191KG,Beek
Klinkeberglaan,46,"","",6191KG,Beek
Klinkeberglaan,6,"","",6191KG,Beek
Klinkeberglaan,8,"","",6191KG,Beek
de Counelaan,1,"","",6191KH,Beek
de Counelaan,1,A,"",6191KH,Beek
de Counelaan,11,"","",6191KH,Beek
de Counelaan,13,"","",6191KH,Beek
de Counelaan,15,"","",6191KH,Beek
de Counelaan,17,"","",6191KH,Beek
de Counelaan,19,"","",6191KH,Beek
de Counelaan,21,"","",6191KH,Beek
de Counelaan,3,"","",6191KH,Beek
de Counelaan,5,"","",6191KH,Beek
de Counelaan,7,"","",6191KH,Beek
de Counelaan,9,"","",6191KH,Beek
Molensteeg,1,"","",6191KJ,Beek
de Counelaan,10,"","",6191KJ,Beek
de Counelaan,12,"","",6191KJ,Beek
de Counelaan,14,"","",6191KJ,Beek
de Counelaan,16,"","",6191KJ,Beek
de Counelaan,18,"","",6191KJ,Beek
de Counelaan,2,"","",6191KJ,Beek
de Counelaan,20,"","",6191KJ,Beek
de Counelaan,22,"","",6191KJ,Beek
de Counelaan,24,"","",6191KJ,Beek
de Counelaan,4,"","",6191KJ,Beek
de Counelaan,6,"","",6191KJ,Beek
de Counelaan,8,"","",6191KJ,Beek
Baron de Rosenlaan,1,"","",6191KK,Beek
Baron de Rosenlaan,10,"","",6191KK,Beek
Baron de Rosenlaan,11,"","",6191KK,Beek
Baron de Rosenlaan,12,"","",6191KK,Beek
Baron de Rosenlaan,13,"","",6191KK,Beek
Baron de Rosenlaan,14,"","",6191KK,Beek
Baron de Rosenlaan,16,"","",6191KK,Beek
Baron de Rosenlaan,18,"","",6191KK,Beek
Baron de Rosenlaan,2,"","",6191KK,Beek
Baron de Rosenlaan,3,"","",6191KK,Beek
Baron de Rosenlaan,4,"","",6191KK,Beek
Baron de Rosenlaan,5,"","",6191KK,Beek
Baron de Rosenlaan,6,"","",6191KK,Beek
Baron de Rosenlaan,7,"","",6191KK,Beek
Baron de Rosenlaan,8,"","",6191KK,Beek
Baron de Rosenlaan,9,"","",6191KK,Beek
Molenberg,1,"","",6191KL,Beek
Molenberg,1,A,"",6191KL,Beek
Molenberg,11,"","",6191KL,Beek
Molenberg,13,"","",6191KL,Beek
Molenberg,15,"","",6191KL,Beek
Molenberg,17,"","",6191KL,Beek
Molenberg,21,"","",6191KL,Beek
Molenberg,23,"","",6191KL,Beek
Molenberg,25,"","",6191KL,Beek
Molenberg,27,"","",6191KL,Beek
Molenberg,29,"","",6191KL,Beek
Molenberg,3,"","",6191KL,Beek
Molenberg,31,"","",6191KL,Beek
Molenberg,33,"","",6191KL,Beek
Molenberg,37,"","",6191KL,Beek
Molenberg,37,A,"",6191KL,Beek
Molenberg,39,"","",6191KL,Beek
Molenberg,5,"","",6191KL,Beek
Molenberg,7,"","",6191KL,Beek
Molenberg,9,"","",6191KL,Beek
Molenberg,10,"","",6191KM,Beek
Molenberg,12,"","",6191KM,Beek
Molenberg,14,"","",6191KM,Beek
Molenberg,16,"","",6191KM,Beek
Molenberg,18,"","",6191KM,Beek
Molenberg,2,"","",6191KM,Beek
Molenberg,20,"","",6191KM,Beek
Molenberg,22,"","",6191KM,Beek
Molenberg,4,"","",6191KM,Beek
Molenberg,6,"","",6191KM,Beek
Molenberg,8,"","",6191KM,Beek
Molenstraat,1,"","",6191KN,Beek
Molenstraat,11,"","",6191KN,Beek
Molenstraat,13,"","",6191KN,Beek
Molenstraat,19,"","",6191KN,Beek
Molenstraat,21,"","",6191KN,Beek
Molenstraat,23,"","",6191KN,Beek
Molenstraat,25,"","",6191KN,Beek
Molenstraat,27,"","",6191KN,Beek
Molenstraat,29,"","",6191KN,Beek
Molenstraat,3,"","",6191KN,Beek
Molenstraat,31,"","",6191KN,Beek
Molenstraat,33,"","",6191KN,Beek
Molenstraat,5,"","",6191KN,Beek
Molenstraat,7,"","",6191KN,Beek
Molenstraat,9,"","",6191KN,Beek
Molenstraat,10,"","",6191KP,Beek
Molenstraat,10,A,"",6191KP,Beek
Molenstraat,12,"","",6191KP,Beek
Molenstraat,12,A,"",6191KP,Beek
Molenstraat,2,"","",6191KP,Beek
Molenstraat,2,A,"",6191KP,Beek
Molenstraat,2,B,"",6191KP,Beek
Molenstraat,2,C,"",6191KP,Beek
Molenstraat,2,D,"",6191KP,Beek
Molenstraat,2,E,"",6191KP,Beek
Molenstraat,24,"","",6191KP,Beek
Molenstraat,26,"","",6191KP,Beek
Molenstraat,28,"","",6191KP,Beek
Molenstraat,4,"","",6191KP,Beek
Molenstraat,4,A,"",6191KP,Beek
Molenstraat,4,B,"",6191KP,Beek
Molenstraat,4,C,"",6191KP,Beek
Molenstraat,6,"","",6191KP,Beek
Molenstraat,6,A,"",6191KP,Beek
Molenstraat,6,B,"",6191KP,Beek
Molenstraat,6,C,"",6191KP,Beek
Molenstraat,6,D,"",6191KP,Beek
Molenstraat,6,E,"",6191KP,Beek
Molenstraat,6,F,"",6191KP,Beek
Molenstraat,6,G,"",6191KP,Beek
Molenstraat,6,H,"",6191KP,Beek
Molenstraat,6,I,"",6191KP,Beek
Molenstraat,6,J,"",6191KP,Beek
Molenstraat,6,K,"",6191KP,Beek
Molenstraat,6,L,"",6191KP,Beek
Molenstraat,6,M,"",6191KP,Beek
Molenstraat,6,N,"",6191KP,Beek
Molenstraat,6,Q,"",6191KP,Beek
Molenstraat,8,"","",6191KP,Beek
Molenstraat,8,A,"",6191KP,Beek
Molenstraat,100,"","",6191KR,Beek
Molenstraat,102,"","",6191KR,Beek
Molenstraat,104,"","",6191KR,Beek
Molenstraat,106,"","",6191KR,Beek
Molenstraat,108,"","",6191KR,Beek
Molenstraat,110,"","",6191KR,Beek
Molenstraat,112,"","",6191KR,Beek
Molenstraat,114,"","",6191KR,Beek
Molenstraat,116,"","",6191KR,Beek
Molenstraat,118,"","",6191KR,Beek
Molenstraat,120,"","",6191KR,Beek
Molenstraat,122,"","",6191KR,Beek
Molenstraat,124,"","",6191KR,Beek
Molenstraat,126,"","",6191KR,Beek
Molenstraat,128,"","",6191KR,Beek
Molenstraat,130,"","",6191KR,Beek
Molenstraat,132,"","",6191KR,Beek
Molenstraat,134,"","",6191KR,Beek
Molenstraat,136,"","",6191KR,Beek
Molenstraat,138,"","",6191KR,Beek
Molenstraat,140,"","",6191KR,Beek
Molenstraat,142,"","",6191KR,Beek
Molenstraat,144,"","",6191KR,Beek
Molenstraat,146,"","",6191KR,Beek
Molenstraat,148,"","",6191KR,Beek
Molenstraat,150,"","",6191KR,Beek
Molenstraat,152,"","",6191KR,Beek
Molenstraat,154,"","",6191KR,Beek
Molenstraat,158,"","",6191KR,Beek
Molenstraat,30,"","",6191KR,Beek
Molenstraat,32,"","",6191KR,Beek
Molenstraat,34,"","",6191KR,Beek
Molenstraat,36,"","",6191KR,Beek
Molenstraat,38,"","",6191KR,Beek
Molenstraat,40,"","",6191KR,Beek
Molenstraat,42,"","",6191KR,Beek
Molenstraat,44,"","",6191KR,Beek
Molenstraat,46,"","",6191KR,Beek
Molenstraat,48,"","",6191KR,Beek
Molenstraat,50,"","",6191KR,Beek
Molenstraat,52,"","",6191KR,Beek
Molenstraat,54,"","",6191KR,Beek
Molenstraat,56,"","",6191KR,Beek
Molenstraat,58,"","",6191KR,Beek
Molenstraat,60,"","",6191KR,Beek
Molenstraat,62,"","",6191KR,Beek
Molenstraat,64,"","",6191KR,Beek
Molenstraat,66,"","",6191KR,Beek
Molenstraat,68,"","",6191KR,Beek
Molenstraat,70,"","",6191KR,Beek
Molenstraat,72,"","",6191KR,Beek
Molenstraat,74,"","",6191KR,Beek
Molenstraat,76,"","",6191KR,Beek
Molenstraat,78,"","",6191KR,Beek
Molenstraat,80,"","",6191KR,Beek
Molenstraat,82,"","",6191KR,Beek
Molenstraat,84,"","",6191KR,Beek
Molenstraat,86,"","",6191KR,Beek
Molenstraat,88,"","",6191KR,Beek
Molenstraat,90,"","",6191KR,Beek
Molenstraat,92,"","",6191KR,Beek
Molenstraat,94,"","",6191KR,Beek
Molenstraat,96,"","",6191KR,Beek
Molenstraat,98,"","",6191KR,Beek
Kloostersteeg,3,"","",6191KS,Beek
Kasteel Genbroekstraat,1,"","",6191KT,Beek
Kasteel Genbroekstraat,1,A,"",6191KT,Beek
Kasteel Genbroekstraat,11,"","",6191KT,Beek
Kasteel Genbroekstraat,12,"","",6191KT,Beek
Kasteel Genbroekstraat,13,"","",6191KT,Beek
Kasteel Genbroekstraat,14,"","",6191KT,Beek
Kasteel Genbroekstraat,15,"","",6191KT,Beek
Kasteel Genbroekstraat,16,"","",6191KT,Beek
Kasteel Genbroekstraat,18,"","",6191KT,Beek
Kasteel Genbroekstraat,20,"","",6191KT,Beek
Kasteel Genbroekstraat,3,"","",6191KT,Beek
Kasteel Genbroekstraat,5,"","",6191KT,Beek
Kasteel Genbroekstraat,7,"","",6191KT,Beek
Kasteel Genbroekstraat,9,"","",6191KT,Beek
Synagogepad,1,"","",6191KV,Beek
Synagogepad,10,"","",6191KV,Beek
Synagogepad,11,"","",6191KV,Beek
Synagogepad,12,"","",6191KV,Beek
Synagogepad,13,"","",6191KV,Beek
Synagogepad,14,"","",6191KV,Beek
Synagogepad,15,"","",6191KV,Beek
Synagogepad,16,"","",6191KV,Beek
Synagogepad,17,"","",6191KV,Beek
Synagogepad,18,"","",6191KV,Beek
Synagogepad,19,"","",6191KV,Beek
Synagogepad,2,"","",6191KV,Beek
Synagogepad,20,"","",6191KV,Beek
Synagogepad,21,"","",6191KV,Beek
Synagogepad,22,"","",6191KV,Beek
Synagogepad,23,"","",6191KV,Beek
Synagogepad,24,"","",6191KV,Beek
Synagogepad,25,"","",6191KV,Beek
Synagogepad,26,"","",6191KV,Beek
Synagogepad,27,"","",6191KV,Beek
Synagogepad,28,"","",6191KV,Beek
Synagogepad,29,"","",6191KV,Beek
Synagogepad,3,"","",6191KV,Beek
Synagogepad,30,"","",6191KV,Beek
Synagogepad,31,"","",6191KV,Beek
Synagogepad,32,"","",6191KV,Beek
Synagogepad,33,"","",6191KV,Beek
Synagogepad,35,"","",6191KV,Beek
Synagogepad,4,"","",6191KV,Beek
Synagogepad,5,"","",6191KV,Beek
Synagogepad,6,"","",6191KV,Beek
Synagogepad,7,"","",6191KV,Beek
Synagogepad,8,"","",6191KV,Beek
Synagogepad,9,"","",6191KV,Beek
Gundelfingenstraat,10,"","",6191KW,Beek
Gundelfingenstraat,12,"","",6191KW,Beek
Gundelfingenstraat,14,"","",6191KW,Beek
Gundelfingenstraat,16,"","",6191KW,Beek
Gundelfingenstraat,18,"","",6191KW,Beek
Gundelfingenstraat,2,"","",6191KW,Beek
Gundelfingenstraat,20,"","",6191KW,Beek
Gundelfingenstraat,22,"","",6191KW,Beek
Gundelfingenstraat,24,"","",6191KW,Beek
Gundelfingenstraat,26,"","",6191KW,Beek
Gundelfingenstraat,28,"","",6191KW,Beek
Gundelfingenstraat,30,"","",6191KW,Beek
Gundelfingenstraat,32,"","",6191KW,Beek
Gundelfingenstraat,34,"","",6191KW,Beek
Gundelfingenstraat,36,"","",6191KW,Beek
Gundelfingenstraat,38,"","",6191KW,Beek
Gundelfingenstraat,4,"","",6191KW,Beek
Gundelfingenstraat,40,"","",6191KW,Beek
Gundelfingenstraat,44,"","",6191KW,Beek
Gundelfingenstraat,46,"","",6191KW,Beek
Gundelfingenstraat,48,"","",6191KW,Beek
Gundelfingenstraat,50,"","",6191KW,Beek
Gundelfingenstraat,52,"","",6191KW,Beek
Gundelfingenstraat,54,"","",6191KW,Beek
Gundelfingenstraat,56,"","",6191KW,Beek
Gundelfingenstraat,58,"","",6191KW,Beek
Gundelfingenstraat,6,"","",6191KW,Beek
Gundelfingenstraat,60,"","",6191KW,Beek
Gundelfingenstraat,62,"","",6191KW,Beek
Gundelfingenstraat,64,"","",6191KW,Beek
Gundelfingenstraat,66,"","",6191KW,Beek
Gundelfingenstraat,68,"","",6191KW,Beek
Gundelfingenstraat,70,"","",6191KW,Beek
Gundelfingenstraat,72,"","",6191KW,Beek
Gundelfingenstraat,74,"","",6191KW,Beek
Gundelfingenstraat,76,"","",6191KW,Beek
Gundelfingenstraat,78,"","",6191KW,Beek
Gundelfingenstraat,8,"","",6191KW,Beek
Gundelfingenstraat,80,"","",6191KW,Beek
Gundelfingenstraat,82,"","",6191KW,Beek
Gundelfingenstraat,84,"","",6191KW,Beek
Gundelfingenstraat,1,"","",6191KX,Beek
Gundelfingenstraat,11,"","",6191KX,Beek
Gundelfingenstraat,13,"","",6191KX,Beek
Gundelfingenstraat,15,"","",6191KX,Beek
Gundelfingenstraat,17,"","",6191KX,Beek
Gundelfingenstraat,19,"","",6191KX,Beek
Gundelfingenstraat,21,"","",6191KX,Beek
Gundelfingenstraat,23,"","",6191KX,Beek
Gundelfingenstraat,25,"","",6191KX,Beek
Gundelfingenstraat,27,"","",6191KX,Beek
Gundelfingenstraat,29,"","",6191KX,Beek
Gundelfingenstraat,3,"","",6191KX,Beek
Gundelfingenstraat,31,"","",6191KX,Beek
Gundelfingenstraat,33,"","",6191KX,Beek
Gundelfingenstraat,35,"","",6191KX,Beek
Gundelfingenstraat,37,"","",6191KX,Beek
Gundelfingenstraat,39,"","",6191KX,Beek
Gundelfingenstraat,41,"","",6191KX,Beek
Gundelfingenstraat,43,"","",6191KX,Beek
Gundelfingenstraat,45,"","",6191KX,Beek
Gundelfingenstraat,47,"","",6191KX,Beek
Gundelfingenstraat,49,"","",6191KX,Beek
Gundelfingenstraat,5,"","",6191KX,Beek
Gundelfingenstraat,51,"","",6191KX,Beek
Gundelfingenstraat,53,"","",6191KX,Beek
Gundelfingenstraat,55,"","",6191KX,Beek
Gundelfingenstraat,57,"","",6191KX,Beek
Gundelfingenstraat,59,"","",6191KX,Beek
Gundelfingenstraat,61,"","",6191KX,Beek
Gundelfingenstraat,63,"","",6191KX,Beek
Gundelfingenstraat,65,"","",6191KX,Beek
Gundelfingenstraat,67,"","",6191KX,Beek
Gundelfingenstraat,69,"","",6191KX,Beek
Gundelfingenstraat,7,"","",6191KX,Beek
Gundelfingenstraat,71,"","",6191KX,Beek
Gundelfingenstraat,73,"","",6191KX,Beek
Gundelfingenstraat,75,"","",6191KX,Beek
Gundelfingenstraat,77,"","",6191KX,Beek
Gundelfingenstraat,79,"","",6191KX,Beek
Gundelfingenstraat,81,"","",6191KX,Beek
Gundelfingenstraat,83,"","",6191KX,Beek
Gundelfingenstraat,85,"","",6191KX,Beek
Gundelfingenstraat,87,"","",6191KX,Beek
Gundelfingenstraat,89,"","",6191KX,Beek
Gundelfingenstraat,9,"","",6191KX,Beek
Om de Toren,1,"","",6191KZ,Beek
Om de Toren,100,"","",6191KZ,Beek
Om de Toren,101,"","",6191KZ,Beek
Om de Toren,102,"","",6191KZ,Beek
Om de Toren,103,"","",6191KZ,Beek
Om de Toren,104,"","",6191KZ,Beek
Om de Toren,105,"","",6191KZ,Beek
Om de Toren,106,"","",6191KZ,Beek
Om de Toren,107,"","",6191KZ,Beek
Om de Toren,11,"","",6191KZ,Beek
Om de Toren,12,"","",6191KZ,Beek
Om de Toren,13,"","",6191KZ,Beek
Om de Toren,14,"","",6191KZ,Beek
Om de Toren,15,"","",6191KZ,Beek
Om de Toren,16,"","",6191KZ,Beek
Om de Toren,17,"","",6191KZ,Beek
Om de Toren,18,"","",6191KZ,Beek
Om de Toren,19,"","",6191KZ,Beek
Om de Toren,2,"","",6191KZ,Beek
Om de Toren,20,"","",6191KZ,Beek
Om de Toren,21,"","",6191KZ,Beek
Om de Toren,22,"","",6191KZ,Beek
Om de Toren,23,"","",6191KZ,Beek
Om de Toren,24,"","",6191KZ,Beek
Om de Toren,25,"","",6191KZ,Beek
Om de Toren,26,"","",6191KZ,Beek
Om de Toren,27,"","",6191KZ,Beek
Om de Toren,28,"","",6191KZ,Beek
Om de Toren,29,"","",6191KZ,Beek
Om de Toren,3,"","",6191KZ,Beek
Om de Toren,30,"","",6191KZ,Beek
Om de Toren,31,"","",6191KZ,Beek
Om de Toren,32,"","",6191KZ,Beek
Om de Toren,33,"","",6191KZ,Beek
Om de Toren,34,"","",6191KZ,Beek
Om de Toren,35,"","",6191KZ,Beek
Om de Toren,36,"","",6191KZ,Beek
Om de Toren,37,"","",6191KZ,Beek
Om de Toren,38,"","",6191KZ,Beek
Om de Toren,39,"","",6191KZ,Beek
Om de Toren,4,"","",6191KZ,Beek
Om de Toren,40,"","",6191KZ,Beek
Om de Toren,41,"","",6191KZ,Beek
Om de Toren,42,"","",6191KZ,Beek
Om de Toren,43,"","",6191KZ,Beek
Om de Toren,44,"","",6191KZ,Beek
Om de Toren,45,"","",6191KZ,Beek
Om de Toren,46,"","",6191KZ,Beek
Om de Toren,47,"","",6191KZ,Beek
Om de Toren,48,"","",6191KZ,Beek
Om de Toren,49,"","",6191KZ,Beek
Om de Toren,5,"","",6191KZ,Beek
Om de Toren,50,"","",6191KZ,Beek
Om de Toren,51,"","",6191KZ,Beek
Om de Toren,52,"","",6191KZ,Beek
Om de Toren,53,"","",6191KZ,Beek
Om de Toren,54,"","",6191KZ,Beek
Om de Toren,55,"","",6191KZ,Beek
Om de Toren,56,"","",6191KZ,Beek
Om de Toren,57,"","",6191KZ,Beek
Om de Toren,58,"","",6191KZ,Beek
Om de Toren,59,"","",6191KZ,Beek
Om de Toren,60,"","",6191KZ,Beek
Om de Toren,61,"","",6191KZ,Beek
Om de Toren,62,"","",6191KZ,Beek
Om de Toren,63,"","",6191KZ,Beek
Om de Toren,64,"","",6191KZ,Beek
Om de Toren,65,"","",6191KZ,Beek
Om de Toren,66,"","",6191KZ,Beek
Om de Toren,67,"","",6191KZ,Beek
Om de Toren,68,"","",6191KZ,Beek
Om de Toren,69,"","",6191KZ,Beek
Om de Toren,70,"","",6191KZ,Beek
Om de Toren,71,"","",6191KZ,Beek
Om de Toren,72,"","",6191KZ,Beek
Om de Toren,73,"","",6191KZ,Beek
Om de Toren,74,"","",6191KZ,Beek
Om de Toren,75,"","",6191KZ,Beek
Om de Toren,76,"","",6191KZ,Beek
Om de Toren,77,"","",6191KZ,Beek
Om de Toren,78,"","",6191KZ,Beek
Om de Toren,79,"","",6191KZ,Beek
Om de Toren,80,"","",6191KZ,Beek
Om de Toren,81,"","",6191KZ,Beek
Om de Toren,82,"","",6191KZ,Beek
Om de Toren,83,"","",6191KZ,Beek
Om de Toren,84,"","",6191KZ,Beek
Om de Toren,85,"","",6191KZ,Beek
Om de Toren,90,"","",6191KZ,Beek
Om de Toren,91,"","",6191KZ,Beek
Om de Toren,92,"","",6191KZ,Beek
Om de Toren,93,"","",6191KZ,Beek
Om de Toren,94,"","",6191KZ,Beek
Om de Toren,95,"","",6191KZ,Beek
Om de Toren,96,"","",6191KZ,Beek
Om de Toren,97,"","",6191KZ,Beek
Om de Toren,98,"","",6191KZ,Beek
Om de Toren,99,"","",6191KZ,Beek
Wouderpad,1,"","",6191LA,Beek
Wouderpad,10,"","",6191LA,Beek
Wouderpad,11,"","",6191LA,Beek
Wouderpad,12,"","",6191LA,Beek
Wouderpad,13,"","",6191LA,Beek
Wouderpad,14,"","",6191LA,Beek
Wouderpad,17,"","",6191LA,Beek
Wouderpad,19,"","",6191LA,Beek
Wouderpad,2,"","",6191LA,Beek
Wouderpad,21,"","",6191LA,Beek
Wouderpad,23,"","",6191LA,Beek
Wouderpad,25,"","",6191LA,Beek
Wouderpad,27,"","",6191LA,Beek
Wouderpad,29,"","",6191LA,Beek
Wouderpad,3,"","",6191LA,Beek
Wouderpad,31,"","",6191LA,Beek
Wouderpad,33,"","",6191LA,Beek
Wouderpad,35,"","",6191LA,Beek
Wouderpad,37,"","",6191LA,Beek
Wouderpad,4,"","",6191LA,Beek
Wouderpad,5,"","",6191LA,Beek
Wouderpad,6,"","",6191LA,Beek
Wouderpad,7,"","",6191LA,Beek
Wouderpad,8,"","",6191LA,Beek
Wouderpad,9,"","",6191LA,Beek
Tussen de Graften,10,"","",6191LB,Beek
Tussen de Graften,12,"","",6191LB,Beek
Tussen de Graften,14,"","",6191LB,Beek
Tussen de Graften,16,"","",6191LB,Beek
Tussen de Graften,2,"","",6191LB,Beek
Tussen de Graften,4,"","",6191LB,Beek
Tussen de Graften,6,"","",6191LB,Beek
Tussen de Graften,8,"","",6191LB,Beek
Op de Windhaspel,1,"","",6191LC,Beek
Op de Windhaspel,10,"","",6191LC,Beek
Op de Windhaspel,11,"","",6191LC,Beek
Op de Windhaspel,12,"","",6191LC,Beek
Op de Windhaspel,13,"","",6191LC,Beek
Op de Windhaspel,14,"","",6191LC,Beek
Op de Windhaspel,15,"","",6191LC,Beek
Op de Windhaspel,16,"","",6191LC,Beek
Op de Windhaspel,17,"","",6191LC,Beek
Op de Windhaspel,18,"","",6191LC,Beek
Op de Windhaspel,19,"","",6191LC,Beek
Op de Windhaspel,2,"","",6191LC,Beek
Op de Windhaspel,20,"","",6191LC,Beek
Op de Windhaspel,21,"","",6191LC,Beek
Op de Windhaspel,22,"","",6191LC,Beek
Op de Windhaspel,23,"","",6191LC,Beek
Op de Windhaspel,24,"","",6191LC,Beek
Op de Windhaspel,26,"","",6191LC,Beek
Op de Windhaspel,27,"","",6191LC,Beek
Op de Windhaspel,28,"","",6191LC,Beek
Op de Windhaspel,3,"","",6191LC,Beek
Op de Windhaspel,32,"","",6191LC,Beek
Op de Windhaspel,34,"","",6191LC,Beek
Op de Windhaspel,36,"","",6191LC,Beek
Op de Windhaspel,38,"","",6191LC,Beek
Op de Windhaspel,4,"","",6191LC,Beek
Op de Windhaspel,4,A,"",6191LC,Beek
Op de Windhaspel,40,"","",6191LC,Beek
Op de Windhaspel,5,"","",6191LC,Beek
Op de Windhaspel,6,"","",6191LC,Beek
Op de Windhaspel,7,"","",6191LC,Beek
Op de Windhaspel,8,"","",6191LC,Beek
Op de Windhaspel,9,"","",6191LC,Beek
Aan het Beeker Kruis,1,"","",6191LD,Beek
Aan het Beeker Kruis,10,"","",6191LD,Beek
Aan het Beeker Kruis,11,"","",6191LD,Beek
Aan het Beeker Kruis,13,"","",6191LD,Beek
Aan het Beeker Kruis,15,"","",6191LD,Beek
Aan het Beeker Kruis,17,"","",6191LD,Beek
Aan het Beeker Kruis,19,"","",6191LD,Beek
Aan het Beeker Kruis,21,"","",6191LD,Beek
Aan het Beeker Kruis,3,"","",6191LD,Beek
Aan het Beeker Kruis,5,"","",6191LD,Beek
Aan het Beeker Kruis,6,"","",6191LD,Beek
Aan het Beeker Kruis,7,"","",6191LD,Beek
Aan het Beeker Kruis,7,"","",6191LD,Beek
Aan het Beeker Kruis,7,A,"",6191LD,Beek
Aan het Beeker Kruis,8,"","",6191LD,Beek
Aan het Beeker Kruis,9,"","",6191LD,Beek
Dassenburcht,10,"","",6191LE,Beek
Dassenburcht,11,"","",6191LE,Beek
Dassenburcht,12,"","",6191LE,Beek
Dassenburcht,12,A,"",6191LE,Beek
Dassenburcht,12,B,"",6191LE,Beek
Dassenburcht,13,"","",6191LE,Beek
Dassenburcht,14,"","",6191LE,Beek
Dassenburcht,15,"","",6191LE,Beek
Dassenburcht,16,"","",6191LE,Beek
Dassenburcht,17,"","",6191LE,Beek
Dassenburcht,18,"","",6191LE,Beek
Dassenburcht,19,"","",6191LE,Beek
Dassenburcht,2,"","",6191LE,Beek
Dassenburcht,20,"","",6191LE,Beek
Dassenburcht,21,"","",6191LE,Beek
Dassenburcht,22,"","",6191LE,Beek
Dassenburcht,22,A,"",6191LE,Beek
Dassenburcht,23,"","",6191LE,Beek
Dassenburcht,24,"","",6191LE,Beek
Dassenburcht,25,"","",6191LE,Beek
Dassenburcht,26,"","",6191LE,Beek
Dassenburcht,27,"","",6191LE,Beek
Dassenburcht,28,"","",6191LE,Beek
Dassenburcht,29,"","",6191LE,Beek
Dassenburcht,3,"","",6191LE,Beek
Dassenburcht,30,"","",6191LE,Beek
Dassenburcht,31,"","",6191LE,Beek
Dassenburcht,32,"","",6191LE,Beek
Dassenburcht,33,"","",6191LE,Beek
Dassenburcht,34,"","",6191LE,Beek
Dassenburcht,35,"","",6191LE,Beek
Dassenburcht,36,"","",6191LE,Beek
Dassenburcht,37,"","",6191LE,Beek
Dassenburcht,38,"","",6191LE,Beek
Dassenburcht,39,"","",6191LE,Beek
Dassenburcht,4,"","",6191LE,Beek
Dassenburcht,40,"","",6191LE,Beek
Dassenburcht,41,"","",6191LE,Beek
Dassenburcht,42,"","",6191LE,Beek
Dassenburcht,43,"","",6191LE,Beek
Dassenburcht,44,"","",6191LE,Beek
Dassenburcht,45,"","",6191LE,Beek
Dassenburcht,46,"","",6191LE,Beek
Dassenburcht,47,"","",6191LE,Beek
Dassenburcht,48,"","",6191LE,Beek
Dassenburcht,49,"","",6191LE,Beek
Dassenburcht,5,"","",6191LE,Beek
Dassenburcht,50,"","",6191LE,Beek
Dassenburcht,51,"","",6191LE,Beek
Dassenburcht,52,"","",6191LE,Beek
Dassenburcht,53,"","",6191LE,Beek
Dassenburcht,54,"","",6191LE,Beek
Dassenburcht,55,"","",6191LE,Beek
Dassenburcht,56,"","",6191LE,Beek
Dassenburcht,57,"","",6191LE,Beek
Dassenburcht,58,"","",6191LE,Beek
Dassenburcht,59,"","",6191LE,Beek
Dassenburcht,6,"","",6191LE,Beek
Dassenburcht,60,"","",6191LE,Beek
Dassenburcht,7,"","",6191LE,Beek
Dassenburcht,8,"","",6191LE,Beek
Dassenburcht,9,"","",6191LE,Beek
Schuttenkleef,1,"","",6191LG,Beek
Schuttenkleef,10,"","",6191LG,Beek
Schuttenkleef,12,"","",6191LG,Beek
Schuttenkleef,14,"","",6191LG,Beek
Schuttenkleef,16,"","",6191LG,Beek
Schuttenkleef,18,"","",6191LG,Beek
Schuttenkleef,2,"","",6191LG,Beek
Schuttenkleef,20,"","",6191LG,Beek
Schuttenkleef,3,"","",6191LG,Beek
Schuttenkleef,4,"","",6191LG,Beek
Schuttenkleef,5,"","",6191LG,Beek
Schuttenkleef,6,"","",6191LG,Beek
Schuttenkleef,7,"","",6191LG,Beek
Schuttenkleef,8,"","",6191LG,Beek
Wethouder Sangersstraat,1,"","",6191NA,Beek
Wethouder Sangersstraat,1,"","",6191NA,Beek
Wethouder Sangersstraat,1,A,"",6191NA,Beek
Wethouder Sangersstraat,1,B,"",6191NA,Beek
Wethouder Sangersstraat,100,"","",6191NA,Beek
Wethouder Sangersstraat,101,"","",6191NA,Beek
Wethouder Sangersstraat,102,"","",6191NA,Beek
Wethouder Sangersstraat,103,"","",6191NA,Beek
Wethouder Sangersstraat,108,"","",6191NA,Beek
Wethouder Sangersstraat,108,"","",6191NA,Beek
Wethouder Sangersstraat,110,"","",6191NA,Beek
Wethouder Sangersstraat,111,"","",6191NA,Beek
Wethouder Sangersstraat,112,"","",6191NA,Beek
Wethouder Sangersstraat,114,"","",6191NA,Beek
Wethouder Sangersstraat,115,"","",6191NA,Beek
Wethouder Sangersstraat,117,"","",6191NA,Beek
Wethouder Sangersstraat,119,"","",6191NA,Beek
Wethouder Sangersstraat,119,"","",6191NA,Beek
Wethouder Sangersstraat,123,"","",6191NA,Beek
Wethouder Sangersstraat,125,"","",6191NA,Beek
Wethouder Sangersstraat,125,"","",6191NA,Beek
Wethouder Sangersstraat,127,"","",6191NA,Beek
Wethouder Sangersstraat,128,"","",6191NA,Beek
Wethouder Sangersstraat,131,"","",6191NA,Beek
Wethouder Sangersstraat,137,"","",6191NA,Beek
Wethouder Sangersstraat,139,"","",6191NA,Beek
Wethouder Sangersstraat,141,"","",6191NA,Beek
Wethouder Sangersstraat,143,"","",6191NA,Beek
Wethouder Sangersstraat,144,"","",6191NA,Beek
Wethouder Sangersstraat,145,"","",6191NA,Beek
Wethouder Sangersstraat,146,"","",6191NA,Beek
Wethouder Sangersstraat,146,"","",6191NA,Beek
Wethouder Sangersstraat,147,"","",6191NA,Beek
Wethouder Sangersstraat,15,"","",6191NA,Beek
Wethouder Sangersstraat,150,"","",6191NA,Beek
Wethouder Sangersstraat,150,"","",6191NA,Beek
Wethouder Sangersstraat,152,"","",6191NA,Beek
Wethouder Sangersstraat,154,"","",6191NA,Beek
Wethouder Sangersstraat,154,"","",6191NA,Beek
Wethouder Sangersstraat,156,"","",6191NA,Beek
Wethouder Sangersstraat,156,"","",6191NA,Beek
Wethouder Sangersstraat,160,"","",6191NA,Beek
Wethouder Sangersstraat,160,"","",6191NA,Beek
Wethouder Sangersstraat,160,"","",6191NA,Beek
Wethouder Sangersstraat,161,"","",6191NA,Beek
Wethouder Sangersstraat,162,"","",6191NA,Beek
Wethouder Sangersstraat,163,"","",6191NA,Beek
Wethouder Sangersstraat,164,"","",6191NA,Beek
Wethouder Sangersstraat,164,"","",6191NA,Beek
Wethouder Sangersstraat,168,"","",6191NA,Beek
Wethouder Sangersstraat,168,"","",6191NA,Beek
Wethouder Sangersstraat,169,"","",6191NA,Beek
Wethouder Sangersstraat,169,A,"",6191NA,Beek
Wethouder Sangersstraat,170,"","",6191NA,Beek
Wethouder Sangersstraat,170,"","",6191NA,Beek
Wethouder Sangersstraat,170,"","",6191NA,Beek
Wethouder Sangersstraat,172,"","",6191NA,Beek
Wethouder Sangersstraat,172,"","",6191NA,Beek
Wethouder Sangersstraat,173,"","",6191NA,Beek
Wethouder Sangersstraat,174,"","",6191NA,Beek
Wethouder Sangersstraat,174,"","",6191NA,Beek
Wethouder Sangersstraat,174,"","",6191NA,Beek
Wethouder Sangersstraat,174,A,"",6191NA,Beek
Wethouder Sangersstraat,175,"","",6191NA,Beek
Wethouder Sangersstraat,176,"","",6191NA,Beek
Wethouder Sangersstraat,176,"","",6191NA,Beek
Wethouder Sangersstraat,177,"","",6191NA,Beek
Wethouder Sangersstraat,177,A,"",6191NA,Beek
Wethouder Sangersstraat,178,"","",6191NA,Beek
Wethouder Sangersstraat,179,"","",6191NA,Beek
Wethouder Sangersstraat,180,"","",6191NA,Beek
Wethouder Sangersstraat,181,"","",6191NA,Beek
Wethouder Sangersstraat,182,"","",6191NA,Beek
Wethouder Sangersstraat,184,"","",6191NA,Beek
Wethouder Sangersstraat,184,"","",6191NA,Beek
Wethouder Sangersstraat,186,"","",6191NA,Beek
Wethouder Sangersstraat,187,"","",6191NA,Beek
Wethouder Sangersstraat,188,"","",6191NA,Beek
Wethouder Sangersstraat,189,"","",6191NA,Beek
Wethouder Sangersstraat,190,"","",6191NA,Beek
Wethouder Sangersstraat,191,"","",6191NA,Beek
Wethouder Sangersstraat,194,"","",6191NA,Beek
Wethouder Sangersstraat,195,"","",6191NA,Beek
Wethouder Sangersstraat,196,"","",6191NA,Beek
Wethouder Sangersstraat,197,"","",6191NA,Beek
Wethouder Sangersstraat,2,"","",6191NA,Beek
Wethouder Sangersstraat,2,"","",6191NA,Beek
Wethouder Sangersstraat,2,A,"",6191NA,Beek
Wethouder Sangersstraat,2,A,"",6191NA,Beek
Wethouder Sangersstraat,2,A,"",6191NA,Beek
Wethouder Sangersstraat,20,"","",6191NA,Beek
Wethouder Sangersstraat,204,"","",6191NA,Beek
Wethouder Sangersstraat,206,"","",6191NA,Beek
Wethouder Sangersstraat,208,"","",6191NA,Beek
Wethouder Sangersstraat,208,"","",6191NA,Beek
Wethouder Sangersstraat,212,"","",6191NA,Beek
Wethouder Sangersstraat,213,"","",6191NA,Beek
Wethouder Sangersstraat,214,"","",6191NA,Beek
Wethouder Sangersstraat,215,"","",6191NA,Beek
Wethouder Sangersstraat,216,"","",6191NA,Beek
Wethouder Sangersstraat,218,"","",6191NA,Beek
Wethouder Sangersstraat,219,"","",6191NA,Beek
Wethouder Sangersstraat,220,"","",6191NA,Beek
Wethouder Sangersstraat,221,"","",6191NA,Beek
Wethouder Sangersstraat,223,"","",6191NA,Beek
Wethouder Sangersstraat,224,"","",6191NA,Beek
Wethouder Sangersstraat,224,"","",6191NA,Beek
Wethouder Sangersstraat,226,"","",6191NA,Beek
Wethouder Sangersstraat,226,"","",6191NA,Beek
Wethouder Sangersstraat,227,"","",6191NA,Beek
Wethouder Sangersstraat,228,"","",6191NA,Beek
Wethouder Sangersstraat,23,"","",6191NA,Beek
Wethouder Sangersstraat,230,"","",6191NA,Beek
Wethouder Sangersstraat,230,"","",6191NA,Beek
Wethouder Sangersstraat,232,"","",6191NA,Beek
Wethouder Sangersstraat,234,"","",6191NA,Beek
Wethouder Sangersstraat,234,"","",6191NA,Beek
Wethouder Sangersstraat,235,"","",6191NA,Beek
Wethouder Sangersstraat,236,"","",6191NA,Beek
Wethouder Sangersstraat,236,"","",6191NA,Beek
Wethouder Sangersstraat,238,"","",6191NA,Beek
Wethouder Sangersstraat,240,"","",6191NA,Beek
Wethouder Sangersstraat,240,"","",6191NA,Beek
Wethouder Sangersstraat,242,"","",6191NA,Beek
Wethouder Sangersstraat,246,"","",6191NA,Beek
Wethouder Sangersstraat,248,"","",6191NA,Beek
Wethouder Sangersstraat,25,"","",6191NA,Beek
Wethouder Sangersstraat,25,"","",6191NA,Beek
Wethouder Sangersstraat,25,A,"",6191NA,Beek
Wethouder Sangersstraat,250,"","",6191NA,Beek
Wethouder Sangersstraat,251,"","",6191NA,Beek
Wethouder Sangersstraat,252,"","",6191NA,Beek
Wethouder Sangersstraat,254,"","",6191NA,Beek
Wethouder Sangersstraat,256,"","",6191NA,Beek
Wethouder Sangersstraat,258,"","",6191NA,Beek
Wethouder Sangersstraat,260,"","",6191NA,Beek
Wethouder Sangersstraat,27,"","",6191NA,Beek
Wethouder Sangersstraat,29,"","",6191NA,Beek
Wethouder Sangersstraat,29,A,"",6191NA,Beek
Burgemeester van Meeuwenstraat,3,"","",6191NA,Beek
Burgemeester van Meeuwenstraat,3,"","",6191NA,Beek
Burgemeester van Meeuwenstraat,3,A,"",6191NA,Beek
Burgemeester van Meeuwenstraat,3,A,"",6191NA,Beek
Burgemeester van Meeuwenstraat,3,B,"",6191NA,Beek
Burgemeester van Meeuwenstraat,3,B,"",6191NA,Beek
Burgemeester van Meeuwenstraat,3,C,"",6191NA,Beek
Burgemeester van Meeuwenstraat,3,C,"",6191NA,Beek
Burgemeester van Meeuwenstraat,3,D,"",6191NA,Beek
Burgemeester van Meeuwenstraat,3,D,"",6191NA,Beek
Burgemeester van Meeuwenstraat,3,E,"",6191NA,Beek
Burgemeester van Meeuwenstraat,3,E,"",6191NA,Beek
Burgemeester van Meeuwenstraat,3,F,1,6191NA,Beek
Burgemeester van Meeuwenstraat,3,F,1,6191NA,Beek
Burgemeester van Meeuwenstraat,3,F,10,6191NA,Beek
Burgemeester van Meeuwenstraat,3,F,10,6191NA,Beek
Burgemeester van Meeuwenstraat,3,F,11,6191NA,Beek
Burgemeester van Meeuwenstraat,3,F,11,6191NA,Beek
Burgemeester van Meeuwenstraat,3,F,2,6191NA,Beek
Burgemeester van Meeuwenstraat,3,F,2,6191NA,Beek
Burgemeester van Meeuwenstraat,3,F,3,6191NA,Beek
Burgemeester van Meeuwenstraat,3,F,3,6191NA,Beek
Burgemeester van Meeuwenstraat,3,F,4,6191NA,Beek
Burgemeester van Meeuwenstraat,3,F,4,6191NA,Beek
Burgemeester van Meeuwenstraat,3,F,5,6191NA,Beek
Burgemeester van Meeuwenstraat,3,F,5,6191NA,Beek
Burgemeester van Meeuwenstraat,3,F,6,6191NA,Beek
Burgemeester van Meeuwenstraat,3,F,6,6191NA,Beek
Burgemeester van Meeuwenstraat,3,F,7,6191NA,Beek
Burgemeester van Meeuwenstraat,3,F,7,6191NA,Beek
Burgemeester van Meeuwenstraat,3,F,8,6191NA,Beek
Burgemeester van Meeuwenstraat,3,F,8,6191NA,Beek
Burgemeester van Meeuwenstraat,3,F,9,6191NA,Beek
Burgemeester van Meeuwenstraat,3,F,9,6191NA,Beek
Wethouder Sangersstraat,3,G,"",6191NA,Beek
Wethouder Sangersstraat,3,H,"",6191NA,Beek
Wethouder Sangersstraat,3,I,"",6191NA,Beek
Wethouder Sangersstraat,3,J,"",6191NA,Beek
Wethouder Sangersstraat,3,K,"",6191NA,Beek
Wethouder Sangersstraat,3,L,"",6191NA,Beek
Wethouder Sangersstraat,3,M,1,6191NA,Beek
Wethouder Sangersstraat,3,M,2,6191NA,Beek
Wethouder Sangersstraat,3,M,3,6191NA,Beek
Wethouder Sangersstraat,3,M,4,6191NA,Beek
Wethouder Sangersstraat,3,M,5,6191NA,Beek
Wethouder Sangersstraat,3,M,6,6191NA,Beek
Wethouder Sangersstraat,3,M,7,6191NA,Beek
Wethouder Sangersstraat,31,"","",6191NA,Beek
Wethouder Sangersstraat,310,"","",6191NA,Beek
Wethouder Sangersstraat,314,"","",6191NA,Beek
Wethouder Sangersstraat,320,"","",6191NA,Beek
Wethouder Sangersstraat,327,"","",6191NA,Beek
Wethouder Sangersstraat,33,"","",6191NA,Beek
Wethouder Sangersstraat,331,"","",6191NA,Beek
Wethouder Sangersstraat,38,"","",6191NA,Beek
Wethouder Sangersstraat,380,"","",6191NA,Beek
Wethouder Sangersstraat,381,"","",6191NA,Beek
Wethouder Sangersstraat,392,"","",6191NA,Beek
Wethouder Sangersstraat,4,"","",6191NA,Beek
Wethouder Sangersstraat,4,"","",6191NA,Beek
Wethouder Sangersstraat,40,"","",6191NA,Beek
Wethouder Sangersstraat,40,"","",6191NA,Beek
Wethouder Sangersstraat,40,A,"",6191NA,Beek
Wethouder Sangersstraat,400,"","",6191NA,Beek
Wethouder Sangersstraat,42,"","",6191NA,Beek
Wethouder Sangersstraat,43,"","",6191NA,Beek
Wethouder Sangersstraat,45,"","",6191NA,Beek
Wethouder Sangersstraat,45,A,"",6191NA,Beek
Wethouder Sangersstraat,45,B,"",6191NA,Beek
Wethouder Sangersstraat,46,"","",6191NA,Beek
Wethouder Sangersstraat,47,"","",6191NA,Beek
Wethouder Sangersstraat,47,"","",6191NA,Beek
Wethouder Sangersstraat,47,A,"",6191NA,Beek
Wethouder Sangersstraat,47,B,"",6191NA,Beek
Wethouder Sangersstraat,47,B,"",6191NA,Beek
Wethouder Sangersstraat,47,C,"",6191NA,Beek
Wethouder Sangersstraat,47,D,"",6191NA,Beek
Wethouder Sangersstraat,47,E,"",6191NA,Beek
Wethouder Sangersstraat,47,F,"",6191NA,Beek
Wethouder Sangersstraat,48,"","",6191NA,Beek
Wethouder Sangersstraat,5,"","",6191NA,Beek
Wethouder Sangersstraat,51,"","",6191NA,Beek
Wethouder Sangersstraat,53,"","",6191NA,Beek
Wethouder Sangersstraat,53,"","",6191NA,Beek
Wethouder Sangersstraat,56,"","",6191NA,Beek
Wethouder Sangersstraat,58,"","",6191NA,Beek
Wethouder Sangersstraat,6,"","",6191NA,Beek
Wethouder Sangersstraat,6,"","",6191NA,Beek
Wethouder Sangersstraat,60,"","",6191NA,Beek
Wethouder Sangersstraat,7,"","",6191NA,Beek
DSM-straat,1,"","",6191NB,Beek
DSM-straat,2,"","",6191NB,Beek
DSM-straat,4,"","",6191NB,Beek
DSM-straat,5,"","",6191NB,Beek
DSM-straat,7,"","",6191NB,Beek
DSM-straat,7,"","",6191NB,Beek
DSM-straat,7,"","",6191NB,Beek
DSM-straat,7,A,"",6191NB,Beek
DSM-straat,7,C,"",6191NB,Beek
DSM-straat,7,D,"",6191NB,Beek
DSM-straat,9,"","",6191NB,Beek
Middelweg,12,"","",6191NC,Beek
Middelweg,15,"","",6191NC,Beek
Middelweg,17,"","",6191NC,Beek
Middelweg,2,"","",6191NC,Beek
Middelweg,23,"","",6191NC,Beek
Middelweg,25,"","",6191NC,Beek
Middelweg,25,A,"",6191NC,Beek
Middelweg,25,B,"",6191NC,Beek
Middelweg,25,C,"",6191NC,Beek
Middelweg,25,D,"",6191NC,Beek
Middelweg,25,E,"",6191NC,Beek
Middelweg,25,F,"",6191NC,Beek
Middelweg,25,G,"",6191NC,Beek
Middelweg,25,H,"",6191NC,Beek
Middelweg,25,I,"",6191NC,Beek
Middelweg,25,J,"",6191NC,Beek
Middelweg,25,K,"",6191NC,Beek
Middelweg,27,"","",6191NC,Beek
Middelweg,29,"","",6191NC,Beek
Middelweg,31,"","",6191NC,Beek
Middelweg,4,"","",6191NC,Beek
Middelweg,5,"","",6191NC,Beek
Middelweg,6,"","",6191NC,Beek
Burgemeester van Meeuwenstraat,11,"","",6191ND,Beek
Burgemeester van Meeuwenstraat,12,"","",6191ND,Beek
Burgemeester van Meeuwenstraat,13,"","",6191ND,Beek
Burgemeester van Meeuwenstraat,14,"","",6191ND,Beek
Burgemeester van Meeuwenstraat,15,"","",6191ND,Beek
Burgemeester van Meeuwenstraat,16,"","",6191ND,Beek
Burgemeester van Meeuwenstraat,17,"","",6191ND,Beek
Burgemeester van Meeuwenstraat,18,"","",6191ND,Beek
Burgemeester van Meeuwenstraat,19,"","",6191ND,Beek
Burgemeester van Meeuwenstraat,2,"","",6191ND,Beek
Burgemeester van Meeuwenstraat,21,"","",6191ND,Beek
Burgemeester van Meeuwenstraat,21,A,"",6191ND,Beek
Burgemeester van Meeuwenstraat,23,"","",6191ND,Beek
Burgemeester van Meeuwenstraat,25,"","",6191ND,Beek
Burgemeester van Meeuwenstraat,27,"","",6191ND,Beek
Burgemeester van Meeuwenstraat,29,"","",6191ND,Beek
Burgemeester van Meeuwenstraat,3,"","",6191ND,Beek
Burgemeester van Meeuwenstraat,3,"","",6191ND,Beek
Burgemeester van Meeuwenstraat,3,A,"",6191ND,Beek
Burgemeester van Meeuwenstraat,3,B,"",6191ND,Beek
Burgemeester van Meeuwenstraat,3,C,"",6191ND,Beek
Burgemeester van Meeuwenstraat,3,D,"",6191ND,Beek
Burgemeester van Meeuwenstraat,3,E,"",6191ND,Beek
Burgemeester van Meeuwenstraat,3,F,1,6191ND,Beek
Burgemeester van Meeuwenstraat,3,F,10,6191ND,Beek
Burgemeester van Meeuwenstraat,3,F,11,6191ND,Beek
Burgemeester van Meeuwenstraat,3,F,2,6191ND,Beek
Burgemeester van Meeuwenstraat,3,F,3,6191ND,Beek
Burgemeester van Meeuwenstraat,3,F,4,6191ND,Beek
Burgemeester van Meeuwenstraat,3,F,5,6191ND,Beek
Burgemeester van Meeuwenstraat,3,F,6,6191ND,Beek
Burgemeester van Meeuwenstraat,3,F,7,6191ND,Beek
Burgemeester van Meeuwenstraat,3,F,8,6191ND,Beek
Burgemeester van Meeuwenstraat,3,F,9,6191ND,Beek
Burgemeester van Meeuwenstraat,31,"","",6191ND,Beek
Burgemeester van Meeuwenstraat,35,"","",6191ND,Beek
Burgemeester van Meeuwenstraat,35,"","",6191ND,Beek
Burgemeester van Meeuwenstraat,4,"","",6191ND,Beek
Burgemeester van Meeuwenstraat,5,"","",6191ND,Beek
Burgemeester van Meeuwenstraat,5,A,"",6191ND,Beek
Burgemeester van Meeuwenstraat,6,"","",6191ND,Beek
DSM-straat,7,D,"",6191ND,Beek
Burgemeester van Meeuwenstraat,8,"","",6191ND,Beek
Polychemstraat,10,"","",6191NL,Beek
Polychemstraat,12,"","",6191NL,Beek
Polychemstraat,14,"","",6191NL,Beek
Polychemstraat,14,A,"",6191NL,Beek
Polychemstraat,16,"","",6191NL,Beek
Polychemstraat,2,"","",6191NL,Beek
Polychemstraat,22,"","",6191NL,Beek
Polychemstraat,24,"","",6191NL,Beek
Polychemstraat,29,"","",6191NL,Beek
Polychemstraat,30,"","",6191NL,Beek
Polychemstraat,4,"","",6191NL,Beek
Polychemstraat,4,A,"",6191NL,Beek
Polychemstraat,6,"","",6191NL,Beek
Adsteeg,23,"","",6191PW,Beek
Adsteeg,27,"","",6191PW,Beek
Adsteeg,29,"","",6191PW,Beek
Adsteeg,31,"","",6191PW,Beek
Adsteeg,33,"","",6191PW,Beek
Adsteeg,37,"","",6191PW,Beek
Adsteeg,39,"","",6191PW,Beek
Adsteeg,51,"","",6191PW,Beek
Adsteeg,10,"","",6191PX,Beek
Adsteeg,12,"","",6191PX,Beek
Adsteeg,16,"","",6191PX,Beek
Adsteeg,16,A,"",6191PX,Beek
Adsteeg,18,"","",6191PX,Beek
Adsteeg,18,A,"",6191PX,Beek
Adsteeg,2,"","",6191PX,Beek
Adsteeg,20,"","",6191PX,Beek
Adsteeg,22,"","",6191PX,Beek
Adsteeg,24,"","",6191PX,Beek
Adsteeg,26,"","",6191PX,Beek
Adsteeg,4,"","",6191PX,Beek
Adsteeg,4,"","",6191PX,Beek
Adsteeg,4,"","",6191PX,Beek
Adsteeg,4,A,"",6191PX,Beek
Adsteeg,4,A,"",6191PX,Beek
Adsteeg,4,A,"",6191PX,Beek
Adsteeg,4,B,"",6191PX,Beek
Adsteeg,6,"","",6191PX,Beek
Adsteeg,6,"","",6191PX,Beek
Adsteeg,6,"","",6191PX,Beek
Adsteeg,6,A,"",6191PX,Beek
Adsteeg,8,"","",6191PX,Beek
Hoogkuil,1,"","",6191RS,Beek
Hoogkuil,2,"","",6191RS,Beek
Hoogkuil,2,A,"",6191RS,Beek
Hoogkuil,3,"","",6191RS,Beek
Hoogkuil,4,"","",6191RS,Beek
Hoogkuil,6,"","",6191RS,Beek
Rijksweg A2,75,"","",6191RS,Beek
Maastrichterlaan,100,"","",6191RT,Beek
Maastrichterlaan,102,"","",6191RT,Beek
Maastrichterlaan,104,"","",6191RT,Beek
Maastrichterlaan,105,"","",6191RT,Beek
Maastrichterlaan,106,"","",6191RT,Beek
Maastrichterlaan,108,"","",6191RT,Beek
Maastrichterlaan,110,"","",6191RT,Beek
Maastrichterlaan,112,"","",6191RT,Beek
Maastrichterlaan,114,"","",6191RT,Beek
Maastrichterlaan,116,"","",6191RT,Beek
Maastrichterlaan,118,"","",6191RT,Beek
Maastrichterlaan,120,"","",6191RT,Beek
Maastrichterlaan,122,"","",6191RT,Beek
Maastrichterlaan,124,"","",6191RT,Beek
Maastrichterlaan,126,"","",6191RT,Beek
Maastrichterlaan,128,"","",6191RT,Beek
Maastrichterlaan,130,"","",6191RT,Beek
Maastrichterlaan,70,"","",6191RT,Beek
Maastrichterlaan,72,"","",6191RT,Beek
Maastrichterlaan,74,"","",6191RT,Beek
Maastrichterlaan,76,"","",6191RT,Beek
Maastrichterlaan,78,"","",6191RT,Beek
Maastrichterlaan,80,"","",6191RT,Beek
Maastrichterlaan,82,"","",6191RT,Beek
Maastrichterlaan,84,"","",6191RT,Beek
Maastrichterlaan,86,"","",6191RT,Beek
Maastrichterlaan,88,"","",6191RT,Beek
Maastrichterlaan,90,"","",6191RT,Beek
Maastrichterlaan,92,"","",6191RT,Beek
Maastrichterlaan,94,"","",6191RT,Beek
Maastrichterlaan,95,"","",6191RT,Beek
Maastrichterlaan,95,A,"",6191RT,Beek
Maastrichterlaan,96,"","",6191RT,Beek
Maastrichterlaan,97,"","",6191RT,Beek
Maastrichterlaan,98,"","",6191RT,Beek
Maastrichterlaan,99,"","",6191RT,Beek
Schuttersstraat,25,"","",6191RZ,Beek
Schuttersstraat,25,A,"",6191RZ,Beek
Schuttersstraat,25,B,"",6191RZ,Beek
Schuttersstraat,25,C,"",6191RZ,Beek
Schuttersstraat,25,D,"",6191RZ,Beek
Schuttersstraat,25,E,"",6191RZ,Beek
Schuttersstraat,25,F,"",6191RZ,Beek
Schuttersstraat,25,G,"",6191RZ,Beek
Schuttersstraat,26,"","",6191RZ,Beek
Schuttersstraat,26,A,"",6191RZ,Beek
Schuttersstraat,26,B,"",6191RZ,Beek
Schuttersstraat,26,C,"",6191RZ,Beek
Schuttersstraat,26,D,"",6191RZ,Beek
Schuttersstraat,26,E,"",6191RZ,Beek
Schuttersstraat,26,F,"",6191RZ,Beek
Schuttersstraat,26,G,"",6191RZ,Beek
Schuttersstraat,26,H,"",6191RZ,Beek
Schuttersstraat,26,J,"",6191RZ,Beek
Schuttersstraat,26,K,"",6191RZ,Beek
Schuttersstraat,26,M,"",6191RZ,Beek
Schuttersstraat,27,A,"",6191RZ,Beek
Schuttersstraat,27,B,"",6191RZ,Beek
Schuttersstraat,27,C,"",6191RZ,Beek
Schuttersstraat,27,D,"",6191RZ,Beek
Schuttersstraat,27,E,"",6191RZ,Beek
Schuttersstraat,27,F,"",6191RZ,Beek
Schuttersstraat,27,G,"",6191RZ,Beek
Schuttersstraat,27,H,"",6191RZ,Beek
Schuttersstraat,27,J,"",6191RZ,Beek
Schuttersstraat,27,K,"",6191RZ,Beek
Schuttersstraat,30,"","",6191RZ,Beek
Schuttersstraat,31,"","",6191RZ,Beek
Schuttersstraat,32,"","",6191RZ,Beek
Schuttersstraat,33,"","",6191RZ,Beek
Schuttersstraat,33,"","",6191RZ,Beek
Schuttersstraat,33,A,"",6191RZ,Beek
Schuttersstraat,34,"","",6191RZ,Beek
Schuttersstraat,35,"","",6191RZ,Beek
Schuttersstraat,51,"","",6191RZ,Beek
Schuttersstraat,55,"","",6191RZ,Beek
Schuttersstraat,60,"","",6191RZ,Beek
Schuttersstraat,65,"","",6191RZ,Beek
Schuttersstraat,66,"","",6191RZ,Beek
Visscherssteeg,2,"","",6191SE,Beek
Visscherssteeg,4,"","",6191SE,Beek
Giselbertstraat,10,"","",6191SG,Beek
Giselbertstraat,12,"","",6191SG,Beek
Giselbertstraat,14,"","",6191SG,Beek
Giselbertstraat,16,"","",6191SG,Beek
Giselbertstraat,18,"","",6191SG,Beek
Giselbertstraat,2,"","",6191SG,Beek
Giselbertstraat,4,"","",6191SG,Beek
Giselbertstraat,6,"","",6191SG,Beek
Giselbertstraat,8,"","",6191SG,Beek
Reinierstraat,1,"","",6191SH,Beek
Reinierstraat,10,"","",6191SH,Beek
Reinierstraat,11,"","",6191SH,Beek
Reinierstraat,12,"","",6191SH,Beek
Reinierstraat,13,"","",6191SH,Beek
Reinierstraat,14,"","",6191SH,Beek
Reinierstraat,2,"","",6191SH,Beek
Reinierstraat,3,"","",6191SH,Beek
Reinierstraat,4,"","",6191SH,Beek
Reinierstraat,5,"","",6191SH,Beek
Reinierstraat,6,"","",6191SH,Beek
Reinierstraat,7,"","",6191SH,Beek
Reinierstraat,8,"","",6191SH,Beek
Reinierstraat,9,"","",6191SH,Beek
Erenfriedstraat,1,"","",6191SJ,Beek
Erenfriedstraat,10,"","",6191SJ,Beek
Erenfriedstraat,11,"","",6191SJ,Beek
Erenfriedstraat,12,"","",6191SJ,Beek
Erenfriedstraat,13,"","",6191SJ,Beek
Erenfriedstraat,14,"","",6191SJ,Beek
Erenfriedstraat,15,"","",6191SJ,Beek
Erenfriedstraat,17,"","",6191SJ,Beek
Erenfriedstraat,19,"","",6191SJ,Beek
Erenfriedstraat,2,"","",6191SJ,Beek
Erenfriedstraat,2,A,"",6191SJ,Beek
Erenfriedstraat,3,"","",6191SJ,Beek
Erenfriedstraat,4,"","",6191SJ,Beek
Erenfriedstraat,5,"","",6191SJ,Beek
Erenfriedstraat,6,"","",6191SJ,Beek
Erenfriedstraat,7,"","",6191SJ,Beek
Erenfriedstraat,8,"","",6191SJ,Beek
Erenfriedstraat,9,"","",6191SJ,Beek
Erenfriedstraat,9,A,"",6191SJ,Beek
Bosserveldlaan,10,"","",6191SK,Beek
Bosserveldlaan,12,"","",6191SK,Beek
Bosserveldlaan,14,"","",6191SK,Beek
Bosserveldlaan,16,"","",6191SK,Beek
Bosserveldlaan,18,"","",6191SK,Beek
Bosserveldlaan,2,"","",6191SK,Beek
Bosserveldlaan,20,"","",6191SK,Beek
Bosserveldlaan,22,"","",6191SK,Beek
Bosserveldlaan,24,"","",6191SK,Beek
Bosserveldlaan,25,"","",6191SK,Beek
Bosserveldlaan,26,"","",6191SK,Beek
Bosserveldlaan,28,"","",6191SK,Beek
Bosserveldlaan,29,"","",6191SK,Beek
Bosserveldlaan,30,"","",6191SK,Beek
Bosserveldlaan,32,"","",6191SK,Beek
Bosserveldlaan,34,"","",6191SK,Beek
Bosserveldlaan,35,"","",6191SK,Beek
Bosserveldlaan,36,"","",6191SK,Beek
Bosserveldlaan,37,"","",6191SK,Beek
Bosserveldlaan,37,"","",6191SK,Beek
Bosserveldlaan,37,A,"",6191SK,Beek
Bosserveldlaan,39,"","",6191SK,Beek
Bosserveldlaan,4,"","",6191SK,Beek
Bosserveldlaan,41,"","",6191SK,Beek
Bosserveldlaan,43,"","",6191SK,Beek
Bosserveldlaan,43,"","",6191SK,Beek
Bosserveldlaan,43,A,"",6191SK,Beek
Bosserveldlaan,43,B,"",6191SK,Beek
Bosserveldlaan,43,B,"",6191SK,Beek
Bosserveldlaan,6,"","",6191SK,Beek
Bosserveldlaan,8,"","",6191SK,Beek
Bosserveldlaan,19,"","",6191SL,Beek
Bosserveldlaan,38,"","",6191SL,Beek
Bosserveldlaan,40,"","",6191SL,Beek
Bosserveldlaan,42,"","",6191SL,Beek
Bosserveldlaan,44,"","",6191SL,Beek
Bosserveldlaan,46,"","",6191SL,Beek
Bosserveldlaan,48,"","",6191SL,Beek
Bosserveldlaan,50,"","",6191SL,Beek
Bosserveldlaan,52,"","",6191SL,Beek
Bosserveldlaan,54,"","",6191SL,Beek
Bosserveldlaan,56,"","",6191SL,Beek
Bosserveldlaan,58,"","",6191SL,Beek
Bosserveldlaan,60,"","",6191SL,Beek
Bosserveldlaan,62,"","",6191SL,Beek
Bosserveldlaan,64,"","",6191SL,Beek
Bosserveldlaan,66,"","",6191SL,Beek
Bosserveldlaan,68,"","",6191SL,Beek
Bosserveldlaan,70,"","",6191SL,Beek
Bosserveldlaan,71,"","",6191SL,Beek
Bosserveldlaan,72,"","",6191SL,Beek
Bosserveldlaan,73,"","",6191SL,Beek
Bosserveldlaan,74,"","",6191SL,Beek
Bosserveldlaan,75,"","",6191SL,Beek
Bosserveldlaan,76,"","",6191SL,Beek
Bosserveldlaan,76,"","",6191SL,Beek
Bosserveldlaan,78,"","",6191SL,Beek
Bosserveldlaan,78,"","",6191SL,Beek
Bosserveldlaan,80,"","",6191SL,Beek
Bosserveldlaan,80,"","",6191SL,Beek
Bosserveldlaan,82,"","",6191SL,Beek
Bosserveldlaan,82,"","",6191SL,Beek
Bosserveldlaan,84,"","",6191SL,Beek
Bosserveldlaan,84,"","",6191SL,Beek
Bosserveldlaan,86,"","",6191SL,Beek
Bosserveldlaan,86,"","",6191SL,Beek
Bosserveldlaan,88,"","",6191SL,Beek
Bosserveldlaan,90,"","",6191SL,Beek
Bosserveldlaan,92,"","",6191SL,Beek
Wesselinusstraat,1,"","",6191SM,Beek
Wesselinusstraat,11,"","",6191SM,Beek
Wesselinusstraat,11,A,"",6191SM,Beek
Wesselinusstraat,13,"","",6191SM,Beek
Wesselinusstraat,15,"","",6191SM,Beek
Wesselinusstraat,17,"","",6191SM,Beek
Wesselinusstraat,19,"","",6191SM,Beek
Wesselinusstraat,21,"","",6191SM,Beek
Wesselinusstraat,23,"","",6191SM,Beek
Wesselinusstraat,25,"","",6191SM,Beek
Wesselinusstraat,27,"","",6191SM,Beek
Wesselinusstraat,29,"","",6191SM,Beek
Wesselinusstraat,3,"","",6191SM,Beek
Wesselinusstraat,31,"","",6191SM,Beek
Wesselinusstraat,33,"","",6191SM,Beek
Wesselinusstraat,35,"","",6191SM,Beek
Wesselinusstraat,37,"","",6191SM,Beek
Wesselinusstraat,39,"","",6191SM,Beek
Wesselinusstraat,39,A,"",6191SM,Beek
Wesselinusstraat,39,B,"",6191SM,Beek
Wesselinusstraat,39,C,"",6191SM,Beek
Wesselinusstraat,39,D,"",6191SM,Beek
Wesselinusstraat,39,E,"",6191SM,Beek
Wesselinusstraat,5,"","",6191SM,Beek
Wesselinusstraat,5,A,"",6191SM,Beek
Wesselinusstraat,7,"","",6191SM,Beek
Wesselinusstraat,9,"","",6191SM,Beek
Wesselinusstraat,2,"","",6191SN,Beek
Wesselinusstraat,4,"","",6191SN,Beek
Wesselinusstraat,6,"","",6191SN,Beek
Fredericusstraat,1,"","",6191SP,Beek
Fredericusstraat,10,"","",6191SP,Beek
Fredericusstraat,11,"","",6191SP,Beek
Fredericusstraat,12,"","",6191SP,Beek
Fredericusstraat,13,"","",6191SP,Beek
Fredericusstraat,14,"","",6191SP,Beek
Fredericusstraat,15,"","",6191SP,Beek
Fredericusstraat,16,"","",6191SP,Beek
Fredericusstraat,17,"","",6191SP,Beek
Fredericusstraat,19,"","",6191SP,Beek
Fredericusstraat,2,"","",6191SP,Beek
Fredericusstraat,21,"","",6191SP,Beek
Fredericusstraat,23,"","",6191SP,Beek
Fredericusstraat,25,"","",6191SP,Beek
Fredericusstraat,25,A,"",6191SP,Beek
Fredericusstraat,25,B,"",6191SP,Beek
Fredericusstraat,25,C,"",6191SP,Beek
Fredericusstraat,25,D,"",6191SP,Beek
Fredericusstraat,25,E,"",6191SP,Beek
Fredericusstraat,3,"","",6191SP,Beek
Fredericusstraat,4,"","",6191SP,Beek
Fredericusstraat,5,"","",6191SP,Beek
Fredericusstraat,6,"","",6191SP,Beek
Fredericusstraat,7,"","",6191SP,Beek
Fredericusstraat,8,"","",6191SP,Beek
Fredericusstraat,9,"","",6191SP,Beek
Johannesstraat,1,"","",6191SR,Beek
Johannesstraat,10,"","",6191SR,Beek
Johannesstraat,11,"","",6191SR,Beek
Johannesstraat,12,"","",6191SR,Beek
Johannesstraat,13,"","",6191SR,Beek
Johannesstraat,14,"","",6191SR,Beek
Johannesstraat,15,"","",6191SR,Beek
Johannesstraat,16,"","",6191SR,Beek
Johannesstraat,17,"","",6191SR,Beek
Johannesstraat,18,"","",6191SR,Beek
Johannesstraat,19,"","",6191SR,Beek
Johannesstraat,2,"","",6191SR,Beek
Johannesstraat,21,"","",6191SR,Beek
Johannesstraat,23,"","",6191SR,Beek
Johannesstraat,25,"","",6191SR,Beek
Johannesstraat,27,"","",6191SR,Beek
Johannesstraat,27,A,"",6191SR,Beek
Johannesstraat,27,B,"",6191SR,Beek
Johannesstraat,27,C,"",6191SR,Beek
Johannesstraat,27,D,"",6191SR,Beek
Johannesstraat,27,E,"",6191SR,Beek
Johannesstraat,27,F,"",6191SR,Beek
Johannesstraat,3,"","",6191SR,Beek
Johannesstraat,4,"","",6191SR,Beek
Johannesstraat,5,"","",6191SR,Beek
Johannesstraat,6,"","",6191SR,Beek
Johannesstraat,7,"","",6191SR,Beek
Johannesstraat,8,"","",6191SR,Beek
Johannesstraat,9,"","",6191SR,Beek
Rosastraat,1,"","",6191ST,Beek
Rosastraat,11,"","",6191ST,Beek
Rosastraat,13,"","",6191ST,Beek
Rosastraat,15,"","",6191ST,Beek
Rosastraat,17,"","",6191ST,Beek
Rosastraat,19,"","",6191ST,Beek
Rosastraat,21,"","",6191ST,Beek
Rosastraat,23,"","",6191ST,Beek
Rosastraat,25,"","",6191ST,Beek
Rosastraat,27,"","",6191ST,Beek
Rosastraat,29,"","",6191ST,Beek
Rosastraat,3,"","",6191ST,Beek
Rosastraat,31,"","",6191ST,Beek
Rosastraat,33,"","",6191ST,Beek
Rosastraat,5,"","",6191ST,Beek
Rosastraat,7,"","",6191ST,Beek
Rosastraat,9,"","",6191ST,Beek
Rosastraat,10,"","",6191SV,Beek
Rosastraat,12,"","",6191SV,Beek
Rosastraat,14,"","",6191SV,Beek
Rosastraat,16,"","",6191SV,Beek
Rosastraat,18,"","",6191SV,Beek
Rosastraat,2,"","",6191SV,Beek
Rosastraat,20,"","",6191SV,Beek
Rosastraat,22,"","",6191SV,Beek
Rosastraat,24,"","",6191SV,Beek
Rosastraat,26,"","",6191SV,Beek
Rosastraat,28,"","",6191SV,Beek
Rosastraat,30,"","",6191SV,Beek
Rosastraat,32,"","",6191SV,Beek
Rosastraat,34,"","",6191SV,Beek
Rosastraat,36,"","",6191SV,Beek
Rosastraat,38,"","",6191SV,Beek
Rosastraat,4,"","",6191SV,Beek
Rosastraat,40,"","",6191SV,Beek
Rosastraat,42,"","",6191SV,Beek
Rosastraat,6,"","",6191SV,Beek
Rosastraat,8,"","",6191SV,Beek
Remigiusstraat,1,"","",6191SW,Beek
Remigiusstraat,10,"","",6191SW,Beek
Remigiusstraat,11,"","",6191SW,Beek
Remigiusstraat,12,"","",6191SW,Beek
Remigiusstraat,13,"","",6191SW,Beek
Remigiusstraat,15,"","",6191SW,Beek
Remigiusstraat,17,"","",6191SW,Beek
Remigiusstraat,19,"","",6191SW,Beek
Remigiusstraat,2,"","",6191SW,Beek
Remigiusstraat,3,"","",6191SW,Beek
Remigiusstraat,4,"","",6191SW,Beek
Remigiusstraat,5,"","",6191SW,Beek
Remigiusstraat,6,"","",6191SW,Beek
Remigiusstraat,7,"","",6191SW,Beek
Remigiusstraat,8,"","",6191SW,Beek
Remigiusstraat,9,"","",6191SW,Beek
Annastraat,1,"","",6191SX,Beek
Annastraat,11,"","",6191SX,Beek
Annastraat,13,"","",6191SX,Beek
Annastraat,15,"","",6191SX,Beek
Annastraat,17,"","",6191SX,Beek
Annastraat,19,"","",6191SX,Beek
Annastraat,21,"","",6191SX,Beek
Annastraat,23,"","",6191SX,Beek
Annastraat,25,"","",6191SX,Beek
Annastraat,27,"","",6191SX,Beek
Annastraat,29,"","",6191SX,Beek
Annastraat,3,"","",6191SX,Beek
Annastraat,31,"","",6191SX,Beek
Annastraat,33,"","",6191SX,Beek
Annastraat,35,"","",6191SX,Beek
Annastraat,37,"","",6191SX,Beek
Annastraat,39,"","",6191SX,Beek
Annastraat,41,"","",6191SX,Beek
Annastraat,43,"","",6191SX,Beek
Annastraat,45,"","",6191SX,Beek
Annastraat,47,"","",6191SX,Beek
Annastraat,5,"","",6191SX,Beek
Annastraat,7,"","",6191SX,Beek
Annastraat,9,"","",6191SX,Beek
Annastraat,10,"","",6191SZ,Beek
Annastraat,12,"","",6191SZ,Beek
Annastraat,14,"","",6191SZ,Beek
Annastraat,16,"","",6191SZ,Beek
Annastraat,18,"","",6191SZ,Beek
Annastraat,2,"","",6191SZ,Beek
Annastraat,20,"","",6191SZ,Beek
Annastraat,22,"","",6191SZ,Beek
Annastraat,24,"","",6191SZ,Beek
Annastraat,26,"","",6191SZ,Beek
Annastraat,28,"","",6191SZ,Beek
Annastraat,30,"","",6191SZ,Beek
Annastraat,32,"","",6191SZ,Beek
Annastraat,34,"","",6191SZ,Beek
Annastraat,36,"","",6191SZ,Beek
Annastraat,38,"","",6191SZ,Beek
Annastraat,4,"","",6191SZ,Beek
Annastraat,40,"","",6191SZ,Beek
Annastraat,42,"","",6191SZ,Beek
Annastraat,44,"","",6191SZ,Beek
Annastraat,46,"","",6191SZ,Beek
Annastraat,48,"","",6191SZ,Beek
Annastraat,6,"","",6191SZ,Beek
Annastraat,8,"","",6191SZ,Beek
Luciastraat,1,"","",6191TA,Beek
Luciastraat,11,"","",6191TA,Beek
Luciastraat,13,"","",6191TA,Beek
Luciastraat,15,"","",6191TA,Beek
Luciastraat,17,"","",6191TA,Beek
Luciastraat,19,"","",6191TA,Beek
Luciastraat,27,"","",6191TA,Beek
Luciastraat,29,"","",6191TA,Beek
Luciastraat,3,"","",6191TA,Beek
Luciastraat,31,"","",6191TA,Beek
Luciastraat,33,"","",6191TA,Beek
Luciastraat,5,"","",6191TA,Beek
Luciastraat,7,"","",6191TA,Beek
Luciastraat,9,"","",6191TA,Beek
Luciastraat,45,"","",6191TB,Beek
Luciastraat,47,"","",6191TB,Beek
Luciastraat,49,"","",6191TB,Beek
Luciastraat,51,"","",6191TB,Beek
Luciastraat,53,"","",6191TB,Beek
Luciastraat,55,"","",6191TB,Beek
Luciastraat,57,"","",6191TB,Beek
Luciastraat,59,"","",6191TB,Beek
Luciastraat,61,"","",6191TB,Beek
Luciastraat,63,"","",6191TB,Beek
Luciastraat,65,"","",6191TB,Beek
Luciastraat,67,"","",6191TB,Beek
Luciastraat,69,"","",6191TB,Beek
Luciastraat,71,"","",6191TB,Beek
Luciastraat,73,"","",6191TB,Beek
Luciastraat,75,"","",6191TB,Beek
Luciastraat,77,"","",6191TB,Beek
Luciastraat,79,"","",6191TB,Beek
Luciastraat,81,"","",6191TB,Beek
Luciastraat,83,"","",6191TB,Beek
Luciastraat,85,"","",6191TB,Beek
Luciastraat,87,"","",6191TB,Beek
Luciastraat,89,"","",6191TB,Beek
Luciastraat,91,"","",6191TB,Beek
Luciastraat,10,"","",6191TC,Beek
Luciastraat,12,"","",6191TC,Beek
Luciastraat,14,"","",6191TC,Beek
Luciastraat,16,"","",6191TC,Beek
Luciastraat,18,"","",6191TC,Beek
Luciastraat,2,A,"",6191TC,Beek
Luciastraat,2,B,"",6191TC,Beek
Luciastraat,2,C,"",6191TC,Beek
Luciastraat,2,D,"",6191TC,Beek
Luciastraat,2,E,"",6191TC,Beek
Luciastraat,2,F,"",6191TC,Beek
Luciastraat,20,"","",6191TC,Beek
Luciastraat,22,"","",6191TC,Beek
Luciastraat,24,"","",6191TC,Beek
Luciastraat,26,"","",6191TC,Beek
Luciastraat,28,"","",6191TC,Beek
Luciastraat,4,A,"",6191TC,Beek
Luciastraat,4,B,"",6191TC,Beek
Luciastraat,4,C,"",6191TC,Beek
Luciastraat,6,A,"",6191TC,Beek
Luciastraat,6,B,"",6191TC,Beek
Luciastraat,6,C,"",6191TC,Beek
Luciastraat,8,A,"",6191TC,Beek
Luciastraat,8,B,"",6191TC,Beek
Luciastraat,30,"","",6191TD,Beek
Luciastraat,32,"","",6191TD,Beek
Luciastraat,34,"","",6191TD,Beek
Luciastraat,36,"","",6191TD,Beek
Luciastraat,38,"","",6191TD,Beek
Luciastraat,40,"","",6191TD,Beek
Luciastraat,42,"","",6191TD,Beek
Luciastraat,44,"","",6191TD,Beek
Luciastraat,46,"","",6191TD,Beek
Luciastraat,48,"","",6191TD,Beek
Luciastraat,50,"","",6191TD,Beek
Luciastraat,52,"","",6191TD,Beek
Luciastraat,54,"","",6191TD,Beek
Luciastraat,56,"","",6191TD,Beek
Luciastraat,58,"","",6191TD,Beek
Luciastraat,60,"","",6191TD,Beek
Luciastraat,62,"","",6191TD,Beek
Luciastraat,64,"","",6191TD,Beek
Luciastraat,66,"","",6191TD,Beek
Luciastraat,68,"","",6191TD,Beek
Luciastraat,70,"","",6191TD,Beek
Luciastraat,72,"","",6191TD,Beek
Luciastraat,74,"","",6191TD,Beek
Luciastraat,76,"","",6191TD,Beek
Mariastraat,1,"","",6191TE,Beek
Mariastraat,11,"","",6191TE,Beek
Mariastraat,13,"","",6191TE,Beek
Mariastraat,15,"","",6191TE,Beek
Mariastraat,17,"","",6191TE,Beek
Mariastraat,19,"","",6191TE,Beek
Mariastraat,21,"","",6191TE,Beek
Mariastraat,23,"","",6191TE,Beek
Mariastraat,25,"","",6191TE,Beek
Mariastraat,27,"","",6191TE,Beek
Mariastraat,29,"","",6191TE,Beek
Mariastraat,3,"","",6191TE,Beek
Mariastraat,31,"","",6191TE,Beek
Mariastraat,31,A,"",6191TE,Beek
Mariastraat,33,"","",6191TE,Beek
Mariastraat,35,"","",6191TE,Beek
Mariastraat,37,"","",6191TE,Beek
Mariastraat,39,"","",6191TE,Beek
Mariastraat,41,"","",6191TE,Beek
Mariastraat,43,"","",6191TE,Beek
Mariastraat,45,"","",6191TE,Beek
Mariastraat,47,"","",6191TE,Beek
Mariastraat,49,"","",6191TE,Beek
Mariastraat,5,"","",6191TE,Beek
Mariastraat,7,"","",6191TE,Beek
Mariastraat,9,"","",6191TE,Beek
Mariastraat,10,"","",6191TG,Beek
Mariastraat,12,"","",6191TG,Beek
Mariastraat,14,"","",6191TG,Beek
Mariastraat,16,"","",6191TG,Beek
Mariastraat,18,"","",6191TG,Beek
Mariastraat,2,"","",6191TG,Beek
Mariastraat,20,"","",6191TG,Beek
Mariastraat,22,A,"",6191TG,Beek
Mariastraat,22,B,"",6191TG,Beek
Mariastraat,24,"","",6191TG,Beek
Mariastraat,4,"","",6191TG,Beek
Mariastraat,6,"","",6191TG,Beek
Mariastraat,8,"","",6191TG,Beek
Mariastraat,26,"","",6191TH,Beek
Mariastraat,26,A,"",6191TH,Beek
Mariastraat,26,B,"",6191TH,Beek
Mariastraat,28,"","",6191TH,Beek
Mariastraat,28,A,"",6191TH,Beek
Mariastraat,28,B,"",6191TH,Beek
Mariastraat,30,"","",6191TH,Beek
Mariastraat,32,"","",6191TH,Beek
Mariastraat,34,"","",6191TH,Beek
Mariastraat,36,"","",6191TH,Beek
Mariastraat,38,"","",6191TH,Beek
Mariastraat,40,"","",6191TH,Beek
Mariastraat,42,"","",6191TH,Beek
Mariastraat,44,"","",6191TH,Beek
Mariastraat,46,"","",6191TH,Beek
Mariastraat,48,"","",6191TH,Beek
Mariastraat,50,"","",6191TH,Beek
Gerbergastraat,1,"","",6191TJ,Beek
Gerbergastraat,11,"","",6191TJ,Beek
Gerbergastraat,13,"","",6191TJ,Beek
Gerbergastraat,15,"","",6191TJ,Beek
Gerbergastraat,19,"","",6191TJ,Beek
Gerbergastraat,21,"","",6191TJ,Beek
Gerbergastraat,23,"","",6191TJ,Beek
Gerbergastraat,25,"","",6191TJ,Beek
Gerbergastraat,27,"","",6191TJ,Beek
Gerbergastraat,29,"","",6191TJ,Beek
Gerbergastraat,3,"","",6191TJ,Beek
Gerbergastraat,31,"","",6191TJ,Beek
Gerbergastraat,33,"","",6191TJ,Beek
Gerbergastraat,35,"","",6191TJ,Beek
Gerbergastraat,37,"","",6191TJ,Beek
Gerbergastraat,39,"","",6191TJ,Beek
Gerbergastraat,41,"","",6191TJ,Beek
Gerbergastraat,43,"","",6191TJ,Beek
Gerbergastraat,45,"","",6191TJ,Beek
Gerbergastraat,47,"","",6191TJ,Beek
Gerbergastraat,49,"","",6191TJ,Beek
Gerbergastraat,5,"","",6191TJ,Beek
Gerbergastraat,51,"","",6191TJ,Beek
Gerbergastraat,53,"","",6191TJ,Beek
Gerbergastraat,55,"","",6191TJ,Beek
Gerbergastraat,57,"","",6191TJ,Beek
Gerbergastraat,59,"","",6191TJ,Beek
Gerbergastraat,7,"","",6191TJ,Beek
Gerbergastraat,9,"","",6191TJ,Beek
Gerbergastraat,10,"","",6191TK,Beek
Gerbergastraat,12,"","",6191TK,Beek
Gerbergastraat,14,"","",6191TK,Beek
Gerbergastraat,16,"","",6191TK,Beek
Gerbergastraat,18,"","",6191TK,Beek
Gerbergastraat,2,"","",6191TK,Beek
Gerbergastraat,2,A,"",6191TK,Beek
Gerbergastraat,20,"","",6191TK,Beek
Gerbergastraat,22,"","",6191TK,Beek
Gerbergastraat,24,"","",6191TK,Beek
Gerbergastraat,26,"","",6191TK,Beek
Gerbergastraat,28,"","",6191TK,Beek
Gerbergastraat,30,"","",6191TK,Beek
Gerbergastraat,32,"","",6191TK,Beek
Gerbergastraat,34,"","",6191TK,Beek
Gerbergastraat,36,"","",6191TK,Beek
Gerbergastraat,38,"","",6191TK,Beek
Gerbergastraat,4,"","",6191TK,Beek
Gerbergastraat,40,"","",6191TK,Beek
Gerbergastraat,42,"","",6191TK,Beek
Gerbergastraat,44,"","",6191TK,Beek
Gerbergastraat,46,"","",6191TK,Beek
Gerbergastraat,48,"","",6191TK,Beek
Gerbergastraat,50,"","",6191TK,Beek
Gerbergastraat,6,"","",6191TK,Beek
Gerbergastraat,8,"","",6191TK,Beek
Sint Martinusstraat,1,"","",6191TL,Beek
Sint Martinusstraat,11,"","",6191TL,Beek
Sint Martinusstraat,13,"","",6191TL,Beek
Sint Martinusstraat,14,"","",6191TL,Beek
Sint Martinusstraat,15,"","",6191TL,Beek
Sint Martinusstraat,15,A,"",6191TL,Beek
Sint Martinusstraat,15,B,"",6191TL,Beek
Sint Martinusstraat,15,D,"",6191TL,Beek
Sint Martinusstraat,15,E,"",6191TL,Beek
Sint Martinusstraat,15,F,"",6191TL,Beek
Sint Martinusstraat,15,G,"",6191TL,Beek
Sint Martinusstraat,15,H,"",6191TL,Beek
Sint Martinusstraat,15,J,"",6191TL,Beek
Sint Martinusstraat,15,M,"",6191TL,Beek
Sint Martinusstraat,15,N,"",6191TL,Beek
Sint Martinusstraat,15,P,"",6191TL,Beek
Sint Martinusstraat,16,"","",6191TL,Beek
Sint Martinusstraat,17,"","",6191TL,Beek
Sint Martinusstraat,18,"","",6191TL,Beek
Sint Martinusstraat,19,"","",6191TL,Beek
Sint Martinusstraat,20,"","",6191TL,Beek
Sint Martinusstraat,21,"","",6191TL,Beek
Sint Martinusstraat,22,"","",6191TL,Beek
Sint Martinusstraat,23,"","",6191TL,Beek
Sint Martinusstraat,24,"","",6191TL,Beek
Sint Martinusstraat,25,"","",6191TL,Beek
Sint Martinusstraat,26,"","",6191TL,Beek
Sint Martinusstraat,27,"","",6191TL,Beek
Sint Martinusstraat,28,"","",6191TL,Beek
Sint Martinusstraat,29,"","",6191TL,Beek
Sint Martinusstraat,3,"","",6191TL,Beek
Sint Martinusstraat,30,"","",6191TL,Beek
Sint Martinusstraat,31,"","",6191TL,Beek
Sint Martinusstraat,32,"","",6191TL,Beek
Sint Martinusstraat,34,"","",6191TL,Beek
Sint Martinusstraat,4,"","",6191TL,Beek
Sint Martinusstraat,5,"","",6191TL,Beek
Sint Martinusstraat,6,"","",6191TL,Beek
Sint Martinusstraat,7,"","",6191TL,Beek
Sint Martinusstraat,8,"","",6191TL,Beek
Sint Martinusstraat,9,"","",6191TL,Beek
Sicofstraat,1,"","",6191TM,Beek
Sicofstraat,10,"","",6191TM,Beek
Sicofstraat,11,"","",6191TM,Beek
Sicofstraat,12,"","",6191TM,Beek
Sicofstraat,13,"","",6191TM,Beek
Sicofstraat,14,"","",6191TM,Beek
Sicofstraat,16,"","",6191TM,Beek
Sicofstraat,18,"","",6191TM,Beek
Sicofstraat,2,"","",6191TM,Beek
Sicofstraat,20,"","",6191TM,Beek
Sicofstraat,22,"","",6191TM,Beek
Sicofstraat,24,"","",6191TM,Beek
Sicofstraat,26,"","",6191TM,Beek
Sicofstraat,28,"","",6191TM,Beek
Sicofstraat,3,"","",6191TM,Beek
Sicofstraat,4,"","",6191TM,Beek
Sicofstraat,5,"","",6191TM,Beek
Sicofstraat,6,"","",6191TM,Beek
Sicofstraat,7,"","",6191TM,Beek
Sicofstraat,8,"","",6191TM,Beek
Sicofstraat,9,"","",6191TM,Beek
Smedestraat,1,"","",6191TN,Beek
Smedestraat,10,"","",6191TN,Beek
Smedestraat,11,"","",6191TN,Beek
Smedestraat,12,"","",6191TN,Beek
Smedestraat,14,"","",6191TN,Beek
Smedestraat,15,"","",6191TN,Beek
Smedestraat,16,"","",6191TN,Beek
Smedestraat,18,"","",6191TN,Beek
Smedestraat,19,"","",6191TN,Beek
Smedestraat,2,"","",6191TN,Beek
Smedestraat,20,"","",6191TN,Beek
Smedestraat,22,"","",6191TN,Beek
Smedestraat,24,"","",6191TN,Beek
Smedestraat,3,"","",6191TN,Beek
Smedestraat,4,"","",6191TN,Beek
Smedestraat,5,"","",6191TN,Beek
Smedestraat,7,"","",6191TN,Beek
Smedestraat,8,"","",6191TN,Beek
Smedestraat,9,"","",6191TN,Beek
Frumarcostraat,10,"","",6191TP,Beek
Frumarcostraat,12,"","",6191TP,Beek
Frumarcostraat,14,"","",6191TP,Beek
Frumarcostraat,16,"","",6191TP,Beek
Frumarcostraat,2,"","",6191TP,Beek
Frumarcostraat,4,"","",6191TP,Beek
Frumarcostraat,6,"","",6191TP,Beek
Frumarcostraat,8,"","",6191TP,Beek
Stegen,1,"","",6191TR,Beek
Stegen,11,"","",6191TR,Beek
Stegen,11,A,"",6191TR,Beek
Stegen,13,"","",6191TR,Beek
Stegen,17,"","",6191TR,Beek
Stegen,19,"","",6191TR,Beek
Stegen,23,"","",6191TR,Beek
Stegen,23,A,"",6191TR,Beek
Stegen,23,B,"",6191TR,Beek
Stegen,25,"","",6191TR,Beek
Stegen,27,"","",6191TR,Beek
Stegen,29,"","",6191TR,Beek
Stegen,3,"","",6191TR,Beek
Stegen,3,"","",6191TR,Beek
Stegen,31,"","",6191TR,Beek
Stegen,33,"","",6191TR,Beek
Stegen,35,"","",6191TR,Beek
Stegen,5,"","",6191TR,Beek
Stegen,7,"","",6191TR,Beek
Stegen,7,A,"",6191TR,Beek
Stegen,9,"","",6191TR,Beek
Stegen,10,"","",6191TS,Beek
Stegen,14,"","",6191TS,Beek
Stegen,16,"","",6191TS,Beek
Stegen,18,"","",6191TS,Beek
Stegen,18,A,"",6191TS,Beek
Stegen,2,"","",6191TS,Beek
Stegen,20,"","",6191TS,Beek
Stegen,24,"","",6191TS,Beek
Stegen,26,"","",6191TS,Beek
Stegen,28,"","",6191TS,Beek
Stegen,30,"","",6191TS,Beek
Stegen,32,"","",6191TS,Beek
Stegen,34,"","",6191TS,Beek
Stegen,36,"","",6191TS,Beek
Stegen,38,"","",6191TS,Beek
Stegen,4,"","",6191TS,Beek
Stegen,40,"","",6191TS,Beek
Stegen,6,"","",6191TS,Beek
Stegen,6,A,"",6191TS,Beek
Stegen,6,B,"",6191TS,Beek
Stegen,6,C,"",6191TS,Beek
Stegen,6,D,"",6191TS,Beek
Stegen,6,E,"",6191TS,Beek
Stegen,6,F,"",6191TS,Beek
Stegen,8,"","",6191TS,Beek
Stegen,8,A,"",6191TS,Beek
Stegen,8,B,"",6191TS,Beek
Stegen,42,"","",6191TT,Beek
Stegen,44,"","",6191TT,Beek
Stegen,46,"","",6191TT,Beek
Stegen,48,"","",6191TT,Beek
Stegen,50,"","",6191TT,Beek
Stegen,52,"","",6191TT,Beek
Stegen,54,"","",6191TT,Beek
Stegen,56,"","",6191TT,Beek
Stegen,58,"","",6191TT,Beek
Stegen,60,"","",6191TT,Beek
Hoolstraat,1,"","",6191TV,Beek
Hoolstraat,11,"","",6191TV,Beek
Hoolstraat,13,"","",6191TV,Beek
Hoolstraat,17,"","",6191TV,Beek
Hoolstraat,19,"","",6191TV,Beek
Hoolstraat,19,A,"",6191TV,Beek
Hoolstraat,21,"","",6191TV,Beek
Hoolstraat,21,A,"",6191TV,Beek
Hoolstraat,23,"","",6191TV,Beek
Hoolstraat,25,"","",6191TV,Beek
Hoolstraat,27,"","",6191TV,Beek
Hoolstraat,29,"","",6191TV,Beek
Hoolstraat,3,"","",6191TV,Beek
Hoolstraat,31,"","",6191TV,Beek
Hoolstraat,33,"","",6191TV,Beek
Hoolstraat,35,"","",6191TV,Beek
Hoolstraat,37,"","",6191TV,Beek
Hoolstraat,39,"","",6191TV,Beek
Hoolstraat,41,"","",6191TV,Beek
Hoolstraat,43,"","",6191TV,Beek
Hoolstraat,45,"","",6191TV,Beek
Hoolstraat,47,"","",6191TV,Beek
Hoolstraat,5,"","",6191TV,Beek
Hoolstraat,5,A,"",6191TV,Beek
Hoolstraat,7,"","",6191TV,Beek
Hoolstraat,9,"","",6191TV,Beek
Hoolstraat,49,"","",6191TW,Beek
Hoolstraat,51,"","",6191TW,Beek
Hoolstraat,53,"","",6191TW,Beek
Hoolstraat,53,"","",6191TW,Beek
Hoolstraat,53,A,"",6191TW,Beek
Hoolstraat,55,"","",6191TW,Beek
Hoolstraat,57,"","",6191TW,Beek
Hoolstraat,59,"","",6191TW,Beek
Hoolstraat,61,"","",6191TW,Beek
Hoolstraat,63,"","",6191TW,Beek
Hoolstraat,65,"","",6191TW,Beek
Hoolstraat,67,"","",6191TW,Beek
Hoolstraat,69,"","",6191TW,Beek
Hoolstraat,77,"","",6191TW,Beek
Hoolstraat,77,"","",6191TW,Beek
Hoolstraat,77,"","",6191TW,Beek
Hoolstraat,79,"","",6191TW,Beek
Hoolstraat,81,"","",6191TW,Beek
Hoolstraat,83,"","",6191TW,Beek
Hoolstraat,85,"","",6191TW,Beek
Hoolstraat,10,"","",6191TX,Beek
Hoolstraat,12,"","",6191TX,Beek
Hoolstraat,14,"","",6191TX,Beek
Hoolstraat,16,"","",6191TX,Beek
Hoolstraat,18,"","",6191TX,Beek
Hoolstraat,2,"","",6191TX,Beek
Hoolstraat,2,A,"",6191TX,Beek
Hoolstraat,20,"","",6191TX,Beek
Hoolstraat,20,A,"",6191TX,Beek
Hoolstraat,22,"","",6191TX,Beek
Hoolstraat,24,"","",6191TX,Beek
Hoolstraat,26,"","",6191TX,Beek
Hoolstraat,28,"","",6191TX,Beek
Hoolstraat,28,A,"",6191TX,Beek
Hoolstraat,30,"","",6191TX,Beek
Hoolstraat,32,"","",6191TX,Beek
Hoolstraat,36,"","",6191TX,Beek
Hoolstraat,38,"","",6191TX,Beek
Hoolstraat,4,"","",6191TX,Beek
Hoolstraat,4,A,"",6191TX,Beek
Hoolstraat,4,A,"",6191TX,Beek
Hoolstraat,4,A,"",6191TX,Beek
Hoolstraat,4,A,"",6191TX,Beek
Hoolstraat,4,B,"",6191TX,Beek
Hoolstraat,4,B,"",6191TX,Beek
Hoolstraat,4,B,"",6191TX,Beek
Hoolstraat,4,C,"",6191TX,Beek
Hoolstraat,4,C,"",6191TX,Beek
Hoolstraat,40,"","",6191TX,Beek
Hoolstraat,44,"","",6191TX,Beek
Hoolstraat,46,"","",6191TX,Beek
Hoolstraat,46,B,"",6191TX,Beek
Hoolstraat,6,"","",6191TX,Beek
Hoolstraat,8,"","",6191TX,Beek
Hoolstraat,48,"","",6191TZ,Beek
Hoolstraat,48,A,"",6191TZ,Beek
Hoolstraat,50,"","",6191TZ,Beek
Hoolstraat,52,"","",6191TZ,Beek
Hoolstraat,52,A,"",6191TZ,Beek
Hoolstraat,54,"","",6191TZ,Beek
Hoolstraat,56,"","",6191TZ,Beek
Hoolstraat,58,"","",6191TZ,Beek
Hoolstraat,60,"","",6191TZ,Beek
Hoolstraat,62,"","",6191TZ,Beek
Hoolstraat,62,A,"",6191TZ,Beek
Hoolstraat,68,"","",6191TZ,Beek
Hoolstraat,70,"","",6191TZ,Beek
Hoolstraat,72,"","",6191TZ,Beek
Hoolstraat,74,"","",6191TZ,Beek
Hoolstraat,76,"","",6191TZ,Beek
Hoolstraat,78,"","",6191TZ,Beek
Achter de Beek,1,"","",6191VA,Beek
Achter de Beek,11,"","",6191VA,Beek
Achter de Beek,11,"","",6191VA,Beek
Achter de Beek,11,A,"",6191VA,Beek
Achter de Beek,13,"","",6191VA,Beek
Achter de Beek,13,"","",6191VA,Beek
Achter de Beek,13,A,"",6191VA,Beek
Achter de Beek,13,B,"",6191VA,Beek
Achter de Beek,13,C,"",6191VA,Beek
Achter de Beek,15,"","",6191VA,Beek
Achter de Beek,15,A,"",6191VA,Beek
Achter de Beek,15,B,"",6191VA,Beek
Achter de Beek,15,C,"",6191VA,Beek
Achter de Beek,17,"","",6191VA,Beek
Achter de Beek,19,"","",6191VA,Beek
Achter de Beek,2,"","",6191VA,Beek
Achter de Beek,3,"","",6191VA,Beek
Achter de Beek,4,"","",6191VA,Beek
Achter de Beek,5,"","",6191VA,Beek
Achter de Beek,7,"","",6191VA,Beek
Achter de Beek,7,A,"",6191VA,Beek
Achter de Beek,9,"","",6191VA,Beek
Achter de Beek,9,"","",6191VA,Beek
Achter de Beek,9,A,"",6191VA,Beek
Achter de Kerk,1,"","",6191VB,Beek
Achter de Kerk,1,A,"",6191VB,Beek
Achter de Kerk,1,B,"",6191VB,Beek
Achter de Kerk,1,C,"",6191VB,Beek
Achter de Kerk,2,"","",6191VB,Beek
Achter de Kerk,2,A,"",6191VB,Beek
Achter de Kerk,2,C,"",6191VB,Beek
Achter de Kerk,2,D,"",6191VB,Beek
Achter de Kerk,2,H,"",6191VB,Beek
Achter de Kerk,3,"","",6191VB,Beek
Achter de Kerk,4,"","",6191VB,Beek
Achter de Kerk,4,A,"",6191VB,Beek
Achter de Kerk,5,"","",6191VB,Beek
Achter de Kerk,6,"","",6191VB,Beek
Achter de Kerk,7,"","",6191VB,Beek
Broekhovenlaan,1,"","",6191VC,Beek
Broekhovenlaan,10,"","",6191VC,Beek
Broekhovenlaan,11,"","",6191VC,Beek
Broekhovenlaan,12,"","",6191VC,Beek
Broekhovenlaan,13,"","",6191VC,Beek
Broekhovenlaan,14,"","",6191VC,Beek
Broekhovenlaan,15,"","",6191VC,Beek
Broekhovenlaan,16,"","",6191VC,Beek
Broekhovenlaan,17,"","",6191VC,Beek
Broekhovenlaan,18,"","",6191VC,Beek
Broekhovenlaan,19,"","",6191VC,Beek
Broekhovenlaan,20,"","",6191VC,Beek
Broekhovenlaan,21,"","",6191VC,Beek
Broekhovenlaan,22,"","",6191VC,Beek
Broekhovenlaan,23,"","",6191VC,Beek
Broekhovenlaan,24,"","",6191VC,Beek
Broekhovenlaan,25,"","",6191VC,Beek
Broekhovenlaan,26,"","",6191VC,Beek
Broekhovenlaan,27,"","",6191VC,Beek
Broekhovenlaan,28,"","",6191VC,Beek
Broekhovenlaan,29,"","",6191VC,Beek
Broekhovenlaan,3,"","",6191VC,Beek
Broekhovenlaan,30,"","",6191VC,Beek
Broekhovenlaan,31,"","",6191VC,Beek
Broekhovenlaan,32,"","",6191VC,Beek
Broekhovenlaan,33,"","",6191VC,Beek
Broekhovenlaan,34,"","",6191VC,Beek
Broekhovenlaan,35,"","",6191VC,Beek
Broekhovenlaan,36,"","",6191VC,Beek
Broekhovenlaan,37,"","",6191VC,Beek
Broekhovenlaan,38,"","",6191VC,Beek
Broekhovenlaan,39,"","",6191VC,Beek
Broekhovenlaan,40,"","",6191VC,Beek
Broekhovenlaan,41,"","",6191VC,Beek
Broekhovenlaan,42,"","",6191VC,Beek
Broekhovenlaan,43,"","",6191VC,Beek
Broekhovenlaan,44,"","",6191VC,Beek
Broekhovenlaan,45,"","",6191VC,Beek
Broekhovenlaan,46,"","",6191VC,Beek
Broekhovenlaan,47,"","",6191VC,Beek
Broekhovenlaan,48,"","",6191VC,Beek
Broekhovenlaan,49,"","",6191VC,Beek
Broekhovenlaan,5,"","",6191VC,Beek
Broekhovenlaan,50,"","",6191VC,Beek
Broekhovenlaan,51,"","",6191VC,Beek
Broekhovenlaan,52,"","",6191VC,Beek
Broekhovenlaan,53,"","",6191VC,Beek
Broekhovenlaan,59,"","",6191VC,Beek
Broekhovenlaan,61,"","",6191VC,Beek
Broekhovenlaan,63,"","",6191VC,Beek
Broekhovenlaan,7,"","",6191VC,Beek
Broekhovenlaan,9,"","",6191VC,Beek
Stasstraat,1,"","",6191VD,Beek
Stasstraat,11,"","",6191VD,Beek
Stasstraat,19,"","",6191VD,Beek
Stasstraat,21,"","",6191VD,Beek
Stasstraat,23,"","",6191VD,Beek
Stasstraat,25,"","",6191VD,Beek
Stasstraat,27,"","",6191VD,Beek
Stasstraat,29,"","",6191VD,Beek
Stasstraat,3,"","",6191VD,Beek
Stasstraat,31,"","",6191VD,Beek
Stasstraat,33,"","",6191VD,Beek
Stasstraat,35,"","",6191VD,Beek
Stasstraat,37,"","",6191VD,Beek
Stasstraat,39,"","",6191VD,Beek
Stasstraat,41,"","",6191VD,Beek
Stasstraat,43,"","",6191VD,Beek
Stasstraat,5,"","",6191VD,Beek
Stasstraat,7,"","",6191VD,Beek
Stasstraat,9,"","",6191VD,Beek
Stasstraat,10,"","",6191VE,Beek
Stasstraat,12,"","",6191VE,Beek
Stasstraat,14,"","",6191VE,Beek
Stasstraat,16,"","",6191VE,Beek
Stasstraat,18,"","",6191VE,Beek
Stasstraat,2,"","",6191VE,Beek
Stasstraat,20,"","",6191VE,Beek
Stasstraat,4,"","",6191VE,Beek
Stasstraat,6,"","",6191VE,Beek
Stasstraat,8,"","",6191VE,Beek
Burgemeester Lemmensstraat,1,"","",6191VG,Beek
Burgemeester Lemmensstraat,11,"","",6191VG,Beek
Burgemeester Lemmensstraat,13,"","",6191VG,Beek
Burgemeester Lemmensstraat,15,"","",6191VG,Beek
Burgemeester Lemmensstraat,17,"","",6191VG,Beek
Burgemeester Lemmensstraat,19,"","",6191VG,Beek
Burgemeester Lemmensstraat,21,"","",6191VG,Beek
Burgemeester Lemmensstraat,23,"","",6191VG,Beek
Burgemeester Lemmensstraat,25,"","",6191VG,Beek
Burgemeester Lemmensstraat,27,"","",6191VG,Beek
Burgemeester Lemmensstraat,29,"","",6191VG,Beek
Burgemeester Lemmensstraat,3,"","",6191VG,Beek
Burgemeester Lemmensstraat,31,"","",6191VG,Beek
Burgemeester Lemmensstraat,33,"","",6191VG,Beek
Burgemeester Lemmensstraat,5,"","",6191VG,Beek
Burgemeester Lemmensstraat,10,"","",6191VH,Beek
Burgemeester Lemmensstraat,12,"","",6191VH,Beek
Burgemeester Lemmensstraat,2,"","",6191VH,Beek
Burgemeester Lemmensstraat,4,"","",6191VH,Beek
Burgemeester Lemmensstraat,6,"","",6191VH,Beek
Burgemeester Lemmensstraat,8,"","",6191VH,Beek
Peter Treckpoelstraat,1,"","",6191VJ,Beek
Peter Treckpoelstraat,1,A,"",6191VJ,Beek
Peter Treckpoelstraat,11,"","",6191VJ,Beek
Peter Treckpoelstraat,13,"","",6191VJ,Beek
Peter Treckpoelstraat,15,"","",6191VJ,Beek
Peter Treckpoelstraat,17,"","",6191VJ,Beek
Peter Treckpoelstraat,19,"","",6191VJ,Beek
Peter Treckpoelstraat,21,"","",6191VJ,Beek
Peter Treckpoelstraat,23,"","",6191VJ,Beek
Peter Treckpoelstraat,25,"","",6191VJ,Beek
Peter Treckpoelstraat,27,"","",6191VJ,Beek
Peter Treckpoelstraat,29,"","",6191VJ,Beek
Peter Treckpoelstraat,3,"","",6191VJ,Beek
Peter Treckpoelstraat,31,"","",6191VJ,Beek
Peter Treckpoelstraat,33,"","",6191VJ,Beek
Peter Treckpoelstraat,35,"","",6191VJ,Beek
Peter Treckpoelstraat,5,"","",6191VJ,Beek
Peter Treckpoelstraat,7,"","",6191VJ,Beek
Peter Treckpoelstraat,9,"","",6191VJ,Beek
Peter Treckpoelstraat,10,"","",6191VK,Beek
Peter Treckpoelstraat,12,"","",6191VK,Beek
Peter Treckpoelstraat,14,"","",6191VK,Beek
Peter Treckpoelstraat,16,"","",6191VK,Beek
Peter Treckpoelstraat,18,"","",6191VK,Beek
Peter Treckpoelstraat,20,"","",6191VK,Beek
Peter Treckpoelstraat,22,"","",6191VK,Beek
Peter Treckpoelstraat,24,"","",6191VK,Beek
Peter Treckpoelstraat,26,"","",6191VK,Beek
Peter Treckpoelstraat,28,"","",6191VK,Beek
Peter Treckpoelstraat,30,"","",6191VK,Beek
Peter Treckpoelstraat,32,"","",6191VK,Beek
Peter Treckpoelstraat,34,"","",6191VK,Beek
Peter Treckpoelstraat,4,"","",6191VK,Beek
Peter Treckpoelstraat,6,"","",6191VK,Beek
Peter Treckpoelstraat,8,"","",6191VK,Beek
Scheperstraat,1,"","",6191VL,Beek
Scheperstraat,10,"","",6191VL,Beek
Scheperstraat,11,"","",6191VL,Beek
Scheperstraat,12,"","",6191VL,Beek
Scheperstraat,13,"","",6191VL,Beek
Scheperstraat,14,"","",6191VL,Beek
Scheperstraat,15,"","",6191VL,Beek
Scheperstraat,16,"","",6191VL,Beek
Scheperstraat,17,"","",6191VL,Beek
Scheperstraat,18,"","",6191VL,Beek
Scheperstraat,2,"","",6191VL,Beek
Scheperstraat,22,"","",6191VL,Beek
Scheperstraat,24,"","",6191VL,Beek
Scheperstraat,26,"","",6191VL,Beek
Scheperstraat,28,"","",6191VL,Beek
Scheperstraat,3,"","",6191VL,Beek
Scheperstraat,4,"","",6191VL,Beek
Scheperstraat,5,"","",6191VL,Beek
Scheperstraat,6,"","",6191VL,Beek
Scheperstraat,7,"","",6191VL,Beek
Scheperstraat,8,"","",6191VL,Beek
Doctor Poelsstraat,1,"","",6191VM,Beek
Doctor Poelsstraat,11,"","",6191VM,Beek
Doctor Poelsstraat,13,"","",6191VM,Beek
Doctor Poelsstraat,15,"","",6191VM,Beek
Doctor Poelsstraat,17,"","",6191VM,Beek
Doctor Poelsstraat,3,"","",6191VM,Beek
Doctor Poelsstraat,3,A,"",6191VM,Beek
Doctor Poelsstraat,5,"","",6191VM,Beek
Doctor Poelsstraat,7,"","",6191VM,Beek
Doctor Poelsstraat,9,"","",6191VM,Beek
Doctor Poelsstraat,10,"","",6191VN,Beek
Doctor Poelsstraat,12,"","",6191VN,Beek
Doctor Poelsstraat,14,"","",6191VN,Beek
Doctor Poelsstraat,16,"","",6191VN,Beek
Doctor Poelsstraat,18,"","",6191VN,Beek
Doctor Poelsstraat,2,"","",6191VN,Beek
Doctor Poelsstraat,20,"","",6191VN,Beek
Doctor Poelsstraat,22,"","",6191VN,Beek
Doctor Poelsstraat,24,"","",6191VN,Beek
Doctor Poelsstraat,4,"","",6191VN,Beek
Doctor Poelsstraat,6,"","",6191VN,Beek
Doctor Poelsstraat,8,"","",6191VN,Beek
Doctor Stassenstraat,1,"","",6191VP,Beek
Doctor Stassenstraat,10,"","",6191VP,Beek
Doctor Stassenstraat,11,"","",6191VP,Beek
Doctor Stassenstraat,11,A,"",6191VP,Beek
Doctor Stassenstraat,12,"","",6191VP,Beek
Doctor Stassenstraat,13,"","",6191VP,Beek
Doctor Stassenstraat,14,"","",6191VP,Beek
Doctor Stassenstraat,15,"","",6191VP,Beek
Doctor Stassenstraat,16,"","",6191VP,Beek
Doctor Stassenstraat,17,"","",6191VP,Beek
Doctor Stassenstraat,18,"","",6191VP,Beek
Doctor Stassenstraat,19,"","",6191VP,Beek
Doctor Stassenstraat,2,"","",6191VP,Beek
Doctor Stassenstraat,20,"","",6191VP,Beek
Doctor Stassenstraat,21,"","",6191VP,Beek
Doctor Stassenstraat,22,"","",6191VP,Beek
Doctor Stassenstraat,24,"","",6191VP,Beek
Doctor Stassenstraat,26,"","",6191VP,Beek
Doctor Stassenstraat,28,"","",6191VP,Beek
Doctor Stassenstraat,3,"","",6191VP,Beek
Doctor Stassenstraat,30,"","",6191VP,Beek
Doctor Stassenstraat,32,"","",6191VP,Beek
Doctor Stassenstraat,34,"","",6191VP,Beek
Doctor Stassenstraat,36,"","",6191VP,Beek
Doctor Stassenstraat,38,"","",6191VP,Beek
Doctor Stassenstraat,4,"","",6191VP,Beek
Doctor Stassenstraat,40,"","",6191VP,Beek
Doctor Stassenstraat,42,"","",6191VP,Beek
Doctor Stassenstraat,44,"","",6191VP,Beek
Doctor Stassenstraat,46,"","",6191VP,Beek
Doctor Stassenstraat,48,"","",6191VP,Beek
Doctor Stassenstraat,5,"","",6191VP,Beek
Doctor Stassenstraat,5,"","",6191VP,Beek
Doctor Stassenstraat,5,A,"",6191VP,Beek
Doctor Stassenstraat,50,"","",6191VP,Beek
Doctor Stassenstraat,52,"","",6191VP,Beek
Doctor Stassenstraat,54,"","",6191VP,Beek
Doctor Stassenstraat,56,"","",6191VP,Beek
Doctor Stassenstraat,58,"","",6191VP,Beek
Doctor Stassenstraat,6,"","",6191VP,Beek
Doctor Stassenstraat,60,"","",6191VP,Beek
Doctor Stassenstraat,62,"","",6191VP,Beek
Doctor Stassenstraat,64,"","",6191VP,Beek
Doctor Stassenstraat,66,"","",6191VP,Beek
Doctor Stassenstraat,68,"","",6191VP,Beek
Doctor Stassenstraat,7,"","",6191VP,Beek
Doctor Stassenstraat,70,"","",6191VP,Beek
Doctor Stassenstraat,72,"","",6191VP,Beek
Doctor Stassenstraat,74,"","",6191VP,Beek
Doctor Stassenstraat,76,"","",6191VP,Beek
Doctor Stassenstraat,78,"","",6191VP,Beek
Doctor Stassenstraat,8,"","",6191VP,Beek
Doctor Stassenstraat,80,"","",6191VP,Beek
Doctor Stassenstraat,82,"","",6191VP,Beek
Doctor Stassenstraat,84,"","",6191VP,Beek
Doctor Stassenstraat,86,"","",6191VP,Beek
Doctor Stassenstraat,88,"","",6191VP,Beek
Doctor Stassenstraat,9,"","",6191VP,Beek
Carmelstraat,1,"","",6191VR,Beek
Carmelstraat,11,"","",6191VR,Beek
Carmelstraat,13,"","",6191VR,Beek
Carmelstraat,15,"","",6191VR,Beek
Carmelstraat,17,"","",6191VR,Beek
Carmelstraat,19,"","",6191VR,Beek
Carmelstraat,21,"","",6191VR,Beek
Carmelstraat,21,A,"",6191VR,Beek
Carmelstraat,23,"","",6191VR,Beek
Carmelstraat,23,"","",6191VR,Beek
Carmelstraat,3,"","",6191VR,Beek
Carmelstraat,3,A,"",6191VR,Beek
Carmelstraat,5,"","",6191VR,Beek
Carmelstraat,7,"","",6191VR,Beek
Carmelstraat,9,"","",6191VR,Beek
Carmelstraat,10,"","",6191VS,Beek
Carmelstraat,10,A,"",6191VS,Beek
Carmelstraat,12,"","",6191VS,Beek
Carmelstraat,16,"","",6191VS,Beek
Carmelstraat,18,"","",6191VS,Beek
Carmelstraat,2,"","",6191VS,Beek
Carmelstraat,20,"","",6191VS,Beek
Carmelstraat,22,"","",6191VS,Beek
Carmelstraat,24,"","",6191VS,Beek
Carmelstraat,26,"","",6191VS,Beek
Carmelstraat,28,"","",6191VS,Beek
Carmelstraat,30,"","",6191VS,Beek
Carmelstraat,32,"","",6191VS,Beek
Carmelstraat,34,"","",6191VS,Beek
Carmelstraat,36,"","",6191VS,Beek
Carmelstraat,4,"","",6191VS,Beek
Carmelstraat,6,"","",6191VS,Beek
Carmelstraat,8,"","",6191VS,Beek
Eisenhowerlaan,1,"","",6191VT,Beek
Eisenhowerlaan,10,"","",6191VT,Beek
Eisenhowerlaan,11,"","",6191VT,Beek
Eisenhowerlaan,12,"","",6191VT,Beek
Eisenhowerlaan,13,"","",6191VT,Beek
Eisenhowerlaan,14,"","",6191VT,Beek
Eisenhowerlaan,15,"","",6191VT,Beek
Eisenhowerlaan,16,"","",6191VT,Beek
Eisenhowerlaan,17,"","",6191VT,Beek
Eisenhowerlaan,18,"","",6191VT,Beek
Eisenhowerlaan,19,"","",6191VT,Beek
Eisenhowerlaan,2,"","",6191VT,Beek
Eisenhowerlaan,20,"","",6191VT,Beek
Eisenhowerlaan,21,"","",6191VT,Beek
Eisenhowerlaan,22,"","",6191VT,Beek
Eisenhowerlaan,23,"","",6191VT,Beek
Eisenhowerlaan,24,"","",6191VT,Beek
Eisenhowerlaan,25,"","",6191VT,Beek
Eisenhowerlaan,26,"","",6191VT,Beek
Eisenhowerlaan,27,"","",6191VT,Beek
Eisenhowerlaan,28,"","",6191VT,Beek
Eisenhowerlaan,29,"","",6191VT,Beek
Eisenhowerlaan,3,"","",6191VT,Beek
Eisenhowerlaan,30,"","",6191VT,Beek
Eisenhowerlaan,31,"","",6191VT,Beek
Eisenhowerlaan,32,"","",6191VT,Beek
Eisenhowerlaan,33,"","",6191VT,Beek
Eisenhowerlaan,34,"","",6191VT,Beek
Eisenhowerlaan,35,"","",6191VT,Beek
Eisenhowerlaan,36,"","",6191VT,Beek
Eisenhowerlaan,37,"","",6191VT,Beek
Eisenhowerlaan,38,"","",6191VT,Beek
Eisenhowerlaan,39,"","",6191VT,Beek
Eisenhowerlaan,4,"","",6191VT,Beek
Eisenhowerlaan,40,"","",6191VT,Beek
Eisenhowerlaan,41,"","",6191VT,Beek
Eisenhowerlaan,42,"","",6191VT,Beek
Eisenhowerlaan,43,"","",6191VT,Beek
Eisenhowerlaan,44,"","",6191VT,Beek
Eisenhowerlaan,45,"","",6191VT,Beek
Eisenhowerlaan,46,"","",6191VT,Beek
Eisenhowerlaan,47,"","",6191VT,Beek
Eisenhowerlaan,48,"","",6191VT,Beek
Eisenhowerlaan,48,A,"",6191VT,Beek
Eisenhowerlaan,48,B,"",6191VT,Beek
Eisenhowerlaan,48,C,"",6191VT,Beek
Eisenhowerlaan,48,D,"",6191VT,Beek
Eisenhowerlaan,48,E,"",6191VT,Beek
Eisenhowerlaan,48,F,"",6191VT,Beek
Eisenhowerlaan,5,"","",6191VT,Beek
Eisenhowerlaan,6,"","",6191VT,Beek
Eisenhowerlaan,7,"","",6191VT,Beek
Eisenhowerlaan,8,"","",6191VT,Beek
Eisenhowerlaan,9,"","",6191VT,Beek
Eisenhowerlaan,49,"","",6191VV,Beek
Eisenhowerlaan,50,"","",6191VV,Beek
Eisenhowerlaan,51,"","",6191VV,Beek
Eisenhowerlaan,52,"","",6191VV,Beek
Eisenhowerlaan,53,"","",6191VV,Beek
Eisenhowerlaan,54,"","",6191VV,Beek
Eisenhowerlaan,55,"","",6191VV,Beek
Eisenhowerlaan,56,"","",6191VV,Beek
Eisenhowerlaan,57,"","",6191VV,Beek
Eisenhowerlaan,58,"","",6191VV,Beek
Eisenhowerlaan,59,"","",6191VV,Beek
Eisenhowerlaan,60,"","",6191VV,Beek
Eisenhowerlaan,61,"","",6191VV,Beek
Eisenhowerlaan,62,"","",6191VV,Beek
Eisenhowerlaan,63,"","",6191VV,Beek
Eisenhowerlaan,64,"","",6191VV,Beek
Eisenhowerlaan,65,"","",6191VV,Beek
Eisenhowerlaan,66,"","",6191VV,Beek
Eisenhowerlaan,67,"","",6191VV,Beek
Eisenhowerlaan,68,"","",6191VV,Beek
Eisenhowerlaan,69,"","",6191VV,Beek
Eisenhowerlaan,70,"","",6191VV,Beek
Eisenhowerlaan,71,"","",6191VV,Beek
Eisenhowerlaan,72,"","",6191VV,Beek
Eisenhowerlaan,73,"","",6191VV,Beek
Eisenhowerlaan,74,"","",6191VV,Beek
Eisenhowerlaan,75,"","",6191VV,Beek
Eisenhowerlaan,76,"","",6191VV,Beek
Eisenhowerlaan,77,"","",6191VV,Beek
Eisenhowerlaan,78,"","",6191VV,Beek
Eisenhowerlaan,79,"","",6191VV,Beek
Eisenhowerlaan,80,"","",6191VV,Beek
Eisenhowerlaan,81,"","",6191VV,Beek
Eisenhowerlaan,82,"","",6191VV,Beek
Eisenhowerlaan,83,"","",6191VV,Beek
Eisenhowerlaan,84,"","",6191VV,Beek
Eisenhowerlaan,85,"","",6191VV,Beek
Eisenhowerlaan,86,"","",6191VV,Beek
Eisenhowerlaan,87,"","",6191VV,Beek
Eisenhowerlaan,88,"","",6191VV,Beek
Eisenhowerlaan,89,"","",6191VV,Beek
Eisenhowerlaan,90,"","",6191VV,Beek
Eisenhowerlaan,91,"","",6191VV,Beek
Eisenhowerlaan,92,"","",6191VV,Beek
Eisenhowerlaan,93,"","",6191VV,Beek
Eisenhowerlaan,94,"","",6191VV,Beek
Eisenhowerlaan,95,"","",6191VV,Beek
Eisenhowerlaan,96,"","",6191VV,Beek
Eisenhowerlaan,96,A,"",6191VV,Beek
Eisenhowerlaan,96,B,"",6191VV,Beek
Eisenhowerlaan,96,C,"",6191VV,Beek
Eisenhowerlaan,96,D,"",6191VV,Beek
Eisenhowerlaan,96,E,"",6191VV,Beek
Eisenhowerlaan,96,F,"",6191VV,Beek
Eisenhowerlaan,100,"","",6191VW,Beek
Eisenhowerlaan,101,"","",6191VW,Beek
Eisenhowerlaan,102,"","",6191VW,Beek
Eisenhowerlaan,103,"","",6191VW,Beek
Eisenhowerlaan,104,"","",6191VW,Beek
Eisenhowerlaan,105,"","",6191VW,Beek
Eisenhowerlaan,106,"","",6191VW,Beek
Eisenhowerlaan,107,"","",6191VW,Beek
Eisenhowerlaan,108,"","",6191VW,Beek
Eisenhowerlaan,109,"","",6191VW,Beek
Eisenhowerlaan,110,"","",6191VW,Beek
Eisenhowerlaan,111,"","",6191VW,Beek
Eisenhowerlaan,112,"","",6191VW,Beek
Eisenhowerlaan,113,"","",6191VW,Beek
Eisenhowerlaan,114,"","",6191VW,Beek
Eisenhowerlaan,115,"","",6191VW,Beek
Eisenhowerlaan,116,"","",6191VW,Beek
Eisenhowerlaan,117,"","",6191VW,Beek
Eisenhowerlaan,118,"","",6191VW,Beek
Eisenhowerlaan,119,"","",6191VW,Beek
Eisenhowerlaan,120,"","",6191VW,Beek
Eisenhowerlaan,121,"","",6191VW,Beek
Eisenhowerlaan,122,"","",6191VW,Beek
Eisenhowerlaan,123,"","",6191VW,Beek
Eisenhowerlaan,124,"","",6191VW,Beek
Eisenhowerlaan,125,"","",6191VW,Beek
Eisenhowerlaan,126,"","",6191VW,Beek
Eisenhowerlaan,127,"","",6191VW,Beek
Eisenhowerlaan,128,"","",6191VW,Beek
Eisenhowerlaan,129,"","",6191VW,Beek
Eisenhowerlaan,130,"","",6191VW,Beek
Eisenhowerlaan,131,"","",6191VW,Beek
Eisenhowerlaan,132,"","",6191VW,Beek
Eisenhowerlaan,133,"","",6191VW,Beek
Eisenhowerlaan,134,"","",6191VW,Beek
Eisenhowerlaan,135,"","",6191VW,Beek
Eisenhowerlaan,136,"","",6191VW,Beek
Eisenhowerlaan,137,"","",6191VW,Beek
Eisenhowerlaan,138,"","",6191VW,Beek
Eisenhowerlaan,139,"","",6191VW,Beek
Eisenhowerlaan,140,"","",6191VW,Beek
Eisenhowerlaan,141,"","",6191VW,Beek
Eisenhowerlaan,142,"","",6191VW,Beek
Eisenhowerlaan,143,"","",6191VW,Beek
Eisenhowerlaan,144,"","",6191VW,Beek
Eisenhowerlaan,144,A,"",6191VW,Beek
Eisenhowerlaan,144,B,"",6191VW,Beek
Eisenhowerlaan,144,C,"",6191VW,Beek
Eisenhowerlaan,144,D,"",6191VW,Beek
Eisenhowerlaan,144,E,"",6191VW,Beek
Eisenhowerlaan,144,F,"",6191VW,Beek
Eisenhowerlaan,97,"","",6191VW,Beek
Eisenhowerlaan,98,"","",6191VW,Beek
Eisenhowerlaan,99,"","",6191VW,Beek
Rooseveltlaan,1,"","",6191VX,Beek
Rooseveltlaan,10,"","",6191VX,Beek
Rooseveltlaan,11,"","",6191VX,Beek
Rooseveltlaan,12,"","",6191VX,Beek
Rooseveltlaan,13,"","",6191VX,Beek
Rooseveltlaan,14,"","",6191VX,Beek
Rooseveltlaan,15,"","",6191VX,Beek
Rooseveltlaan,16,"","",6191VX,Beek
Rooseveltlaan,17,"","",6191VX,Beek
Rooseveltlaan,18,"","",6191VX,Beek
Rooseveltlaan,19,"","",6191VX,Beek
Rooseveltlaan,2,"","",6191VX,Beek
Rooseveltlaan,20,"","",6191VX,Beek
Rooseveltlaan,21,"","",6191VX,Beek
Rooseveltlaan,22,"","",6191VX,Beek
Rooseveltlaan,23,"","",6191VX,Beek
Rooseveltlaan,24,"","",6191VX,Beek
Rooseveltlaan,25,"","",6191VX,Beek
Rooseveltlaan,26,"","",6191VX,Beek
Rooseveltlaan,27,"","",6191VX,Beek
Rooseveltlaan,28,"","",6191VX,Beek
Rooseveltlaan,29,"","",6191VX,Beek
Rooseveltlaan,3,"","",6191VX,Beek
Rooseveltlaan,30,"","",6191VX,Beek
Rooseveltlaan,31,"","",6191VX,Beek
Rooseveltlaan,32,"","",6191VX,Beek
Rooseveltlaan,33,"","",6191VX,Beek
Rooseveltlaan,34,"","",6191VX,Beek
Rooseveltlaan,35,"","",6191VX,Beek
Rooseveltlaan,36,"","",6191VX,Beek
Rooseveltlaan,37,"","",6191VX,Beek
Rooseveltlaan,38,"","",6191VX,Beek
Rooseveltlaan,39,"","",6191VX,Beek
Rooseveltlaan,4,"","",6191VX,Beek
Rooseveltlaan,40,"","",6191VX,Beek
Rooseveltlaan,41,"","",6191VX,Beek
Rooseveltlaan,42,"","",6191VX,Beek
Rooseveltlaan,43,"","",6191VX,Beek
Rooseveltlaan,44,"","",6191VX,Beek
Rooseveltlaan,45,"","",6191VX,Beek
Rooseveltlaan,46,"","",6191VX,Beek
Rooseveltlaan,47,"","",6191VX,Beek
Rooseveltlaan,48,"","",6191VX,Beek
Rooseveltlaan,48,A,"",6191VX,Beek
Rooseveltlaan,48,B,"",6191VX,Beek
Rooseveltlaan,48,C,"",6191VX,Beek
Rooseveltlaan,48,D,"",6191VX,Beek
Rooseveltlaan,48,E,"",6191VX,Beek
Rooseveltlaan,48,F,"",6191VX,Beek
Rooseveltlaan,48,G,"",6191VX,Beek
Rooseveltlaan,48,H,"",6191VX,Beek
Rooseveltlaan,48,J,"",6191VX,Beek
Rooseveltlaan,48,K,"",6191VX,Beek
Rooseveltlaan,48,M,"",6191VX,Beek
Rooseveltlaan,48,N,"",6191VX,Beek
Rooseveltlaan,48,P,"",6191VX,Beek
Rooseveltlaan,48,Q,"",6191VX,Beek
Rooseveltlaan,48,R,"",6191VX,Beek
Rooseveltlaan,48,S,"",6191VX,Beek
Rooseveltlaan,5,"","",6191VX,Beek
Rooseveltlaan,6,"","",6191VX,Beek
Rooseveltlaan,7,"","",6191VX,Beek
Rooseveltlaan,8,"","",6191VX,Beek
Rooseveltlaan,9,"","",6191VX,Beek
Rooseveltlaan,49,"","",6191VZ,Beek
Rooseveltlaan,50,"","",6191VZ,Beek
Rooseveltlaan,51,"","",6191VZ,Beek
Rooseveltlaan,52,"","",6191VZ,Beek
Rooseveltlaan,53,"","",6191VZ,Beek
Rooseveltlaan,54,"","",6191VZ,Beek
Rooseveltlaan,55,"","",6191VZ,Beek
Rooseveltlaan,56,"","",6191VZ,Beek
Rooseveltlaan,57,"","",6191VZ,Beek
Rooseveltlaan,58,"","",6191VZ,Beek
Rooseveltlaan,59,"","",6191VZ,Beek
Rooseveltlaan,60,"","",6191VZ,Beek
Rooseveltlaan,61,"","",6191VZ,Beek
Rooseveltlaan,62,"","",6191VZ,Beek
Rooseveltlaan,63,"","",6191VZ,Beek
Rooseveltlaan,64,"","",6191VZ,Beek
Rooseveltlaan,65,"","",6191VZ,Beek
Rooseveltlaan,66,"","",6191VZ,Beek
Rooseveltlaan,67,"","",6191VZ,Beek
Rooseveltlaan,68,"","",6191VZ,Beek
Rooseveltlaan,69,"","",6191VZ,Beek
Rooseveltlaan,70,"","",6191VZ,Beek
Rooseveltlaan,71,"","",6191VZ,Beek
Rooseveltlaan,72,"","",6191VZ,Beek
Rooseveltlaan,73,"","",6191VZ,Beek
Rooseveltlaan,74,"","",6191VZ,Beek
Rooseveltlaan,75,"","",6191VZ,Beek
Rooseveltlaan,76,"","",6191VZ,Beek
Rooseveltlaan,77,"","",6191VZ,Beek
Rooseveltlaan,78,"","",6191VZ,Beek
Rooseveltlaan,79,"","",6191VZ,Beek
Rooseveltlaan,80,"","",6191VZ,Beek
Rooseveltlaan,81,"","",6191VZ,Beek
Rooseveltlaan,82,"","",6191VZ,Beek
Rooseveltlaan,83,"","",6191VZ,Beek
Rooseveltlaan,84,"","",6191VZ,Beek
Rooseveltlaan,85,"","",6191VZ,Beek
Rooseveltlaan,86,"","",6191VZ,Beek
Rooseveltlaan,87,"","",6191VZ,Beek
Rooseveltlaan,88,"","",6191VZ,Beek
Rooseveltlaan,89,"","",6191VZ,Beek
Rooseveltlaan,90,"","",6191VZ,Beek
Rooseveltlaan,91,"","",6191VZ,Beek
Rooseveltlaan,92,"","",6191VZ,Beek
Rooseveltlaan,93,"","",6191VZ,Beek
Rooseveltlaan,94,"","",6191VZ,Beek
Rooseveltlaan,95,"","",6191VZ,Beek
Rooseveltlaan,96,"","",6191VZ,Beek
Rooseveltlaan,96,A,"",6191VZ,Beek
Rooseveltlaan,96,B,"",6191VZ,Beek
Rooseveltlaan,96,C,"",6191VZ,Beek
Rooseveltlaan,96,D,"",6191VZ,Beek
Rooseveltlaan,96,E,"",6191VZ,Beek
Rooseveltlaan,96,F,"",6191VZ,Beek
Rooseveltlaan,96,G,"",6191VZ,Beek
Rooseveltlaan,96,H,"",6191VZ,Beek
Rooseveltlaan,96,J,"",6191VZ,Beek
Rooseveltlaan,96,K,"",6191VZ,Beek
Rooseveltlaan,96,M,"",6191VZ,Beek
Rooseveltlaan,96,N,"",6191VZ,Beek
Rooseveltlaan,96,P,"",6191VZ,Beek
Rooseveltlaan,96,Q,"",6191VZ,Beek
Rooseveltlaan,96,R,"",6191VZ,Beek
Rooseveltlaan,96,S,"",6191VZ,Beek
Kapelaan Wijnensingel,10,"","",6191WB,Beek
Kapelaan Wijnensingel,12,"","",6191WB,Beek
Kapelaan Wijnensingel,14,"","",6191WB,Beek
Kapelaan Wijnensingel,14,A,"",6191WB,Beek
Kapelaan Wijnensingel,16,"","",6191WB,Beek
Kapelaan Wijnensingel,16,A,"",6191WB,Beek
Kapelaan Wijnensingel,18,"","",6191WB,Beek
Kapelaan Wijnensingel,2,"","",6191WB,Beek
Kapelaan Wijnensingel,20,"","",6191WB,Beek
Kapelaan Wijnensingel,22,"","",6191WB,Beek
Kapelaan Wijnensingel,24,"","",6191WB,Beek
Kapelaan Wijnensingel,26,"","",6191WB,Beek
Kapelaan Wijnensingel,28,"","",6191WB,Beek
Kapelaan Wijnensingel,30,"","",6191WB,Beek
Kapelaan Wijnensingel,32,"","",6191WB,Beek
Kapelaan Wijnensingel,34,"","",6191WB,Beek
Kapelaan Wijnensingel,36,"","",6191WB,Beek
Kapelaan Wijnensingel,38,"","",6191WB,Beek
Kapelaan Wijnensingel,4,"","",6191WB,Beek
Kapelaan Wijnensingel,40,"","",6191WB,Beek
Kapelaan Wijnensingel,42,"","",6191WB,Beek
Kapelaan Wijnensingel,44,"","",6191WB,Beek
Kapelaan Wijnensingel,46,"","",6191WB,Beek
Kapelaan Wijnensingel,48,"","",6191WB,Beek
Kapelaan Wijnensingel,6,"","",6191WB,Beek
Kapelaan Wijnensingel,8,"","",6191WB,Beek
Kapelaan Wijnensingel,50,"","",6191WC,Beek
Kapelaan Wijnensingel,52,"","",6191WC,Beek
Kapelaan Wijnensingel,54,"","",6191WC,Beek
Kapelaan Wijnensingel,56,"","",6191WC,Beek
Kapelaan Wijnensingel,58,"","",6191WC,Beek
Kapelaan Wijnensingel,60,"","",6191WC,Beek
Kapelaan Wijnensingel,60,A,"",6191WC,Beek
Kapelaan Wijnensingel,62,"","",6191WC,Beek
Kapelaan Wijnensingel,64,"","",6191WC,Beek
Kapelaan Wijnensingel,66,"","",6191WC,Beek
Kapelaan Wijnensingel,68,"","",6191WC,Beek
Kapelaan Wijnensingel,70,"","",6191WC,Beek
Kapelaan Wijnensingel,72,"","",6191WC,Beek
Kapelaan Wijnensingel,74,"","",6191WC,Beek
Kapelaan Wijnensingel,76,"","",6191WC,Beek
Kapelaan Wijnensingel,78,"","",6191WC,Beek
Kapelaan Wijnensingel,80,"","",6191WC,Beek
Kapelaan Wijnensingel,82,"","",6191WC,Beek
Kapelaan Wijnensingel,84,"","",6191WC,Beek
Kapelaan Wijnensingel,86,"","",6191WC,Beek
Kapelaan Wijnensingel,88,"","",6191WC,Beek
Kapelaan Wijnensingel,90,"","",6191WC,Beek
Kapelaan Wijnensingel,1,"","",6191WD,Beek
Kapelaan Wijnensingel,11,"","",6191WD,Beek
Kapelaan Wijnensingel,13,"","",6191WD,Beek
Kapelaan Wijnensingel,15,"","",6191WD,Beek
Kapelaan Wijnensingel,17,"","",6191WD,Beek
Kapelaan Wijnensingel,19,"","",6191WD,Beek
Kapelaan Wijnensingel,21,"","",6191WD,Beek
Kapelaan Wijnensingel,23,"","",6191WD,Beek
Kapelaan Wijnensingel,25,"","",6191WD,Beek
Kapelaan Wijnensingel,27,"","",6191WD,Beek
Kapelaan Wijnensingel,29,"","",6191WD,Beek
Kapelaan Wijnensingel,3,"","",6191WD,Beek
Kapelaan Wijnensingel,31,"","",6191WD,Beek
Kapelaan Wijnensingel,33,"","",6191WD,Beek
Kapelaan Wijnensingel,35,"","",6191WD,Beek
Kapelaan Wijnensingel,37,"","",6191WD,Beek
Kapelaan Wijnensingel,38,"","",6191WD,Beek
Kapelaan Wijnensingel,39,"","",6191WD,Beek
Kapelaan Wijnensingel,39,A,"",6191WD,Beek
Kapelaan Wijnensingel,41,"","",6191WD,Beek
Kapelaan Wijnensingel,43,"","",6191WD,Beek
Kapelaan Wijnensingel,45,"","",6191WD,Beek
Kapelaan Wijnensingel,47,"","",6191WD,Beek
Kapelaan Wijnensingel,49,"","",6191WD,Beek
Kapelaan Wijnensingel,5,"","",6191WD,Beek
Kapelaan Wijnensingel,7,"","",6191WD,Beek
Kapelaan Wijnensingel,9,"","",6191WD,Beek
Kapelaan Wijnensingel,51,"","",6191WE,Beek
Kapelaan Wijnensingel,53,"","",6191WE,Beek
Kapelaan Wijnensingel,55,"","",6191WE,Beek
Kapelaan Wijnensingel,57,"","",6191WE,Beek
Kapelaan Wijnensingel,59,"","",6191WE,Beek
Kapelaan Wijnensingel,61,"","",6191WE,Beek
Kapelaan Wijnensingel,63,"","",6191WE,Beek
Kapelaan Wijnensingel,65,"","",6191WE,Beek
Kapelaan Wijnensingel,67,"","",6191WE,Beek
Kapelaan Wijnensingel,69,"","",6191WE,Beek
Kapelaan Wijnensingel,71,"","",6191WE,Beek
Kapelaan Wijnensingel,73,"","",6191WE,Beek
Kapelaan Wijnensingel,75,"","",6191WE,Beek
Kapelaan Wijnensingel,77,"","",6191WE,Beek
Kapelaan Wijnensingel,79,"","",6191WE,Beek
Kapelaan Wijnensingel,89,"","",6191WE,Beek
Kapelaan Wijnensingel,91,"","",6191WE,Beek
Kapelaan Wijnensingel,93,"","",6191WE,Beek
Kapelaan Wijnensingel,95,"","",6191WE,Beek
Kapelaan Wijnensingel,97,"","",6191WE,Beek
Kapelaan Wijnensingel,99,"","",6191WE,Beek
Pater Kusterspad,10,"","",6191WG,Beek
Pater Kusterspad,12,"","",6191WG,Beek
Pater Kusterspad,14,"","",6191WG,Beek
Pater Kusterspad,16,"","",6191WG,Beek
Pater Kusterspad,18,"","",6191WG,Beek
Pater Kusterspad,2,"","",6191WG,Beek
Pater Kusterspad,20,"","",6191WG,Beek
Pater Kusterspad,22,"","",6191WG,Beek
Pater Kusterspad,24,"","",6191WG,Beek
Pater Kusterspad,26,"","",6191WG,Beek
Pater Kusterspad,28,"","",6191WG,Beek
Pater Kusterspad,30,"","",6191WG,Beek
Pater Kusterspad,32,"","",6191WG,Beek
Pater Kusterspad,34,"","",6191WG,Beek
Pater Kusterspad,36,"","",6191WG,Beek
Pater Kusterspad,38,"","",6191WG,Beek
Pater Kusterspad,4,"","",6191WG,Beek
Pater Kusterspad,40,"","",6191WG,Beek
Pater Kusterspad,6,"","",6191WG,Beek
Pater Kusterspad,8,"","",6191WG,Beek
Pater Kusterspad,1,"","",6191WH,Beek
Pater Kusterspad,11,"","",6191WH,Beek
Pater Kusterspad,13,"","",6191WH,Beek
Pater Kusterspad,15,"","",6191WH,Beek
Pater Kusterspad,17,"","",6191WH,Beek
Pater Kusterspad,19,"","",6191WH,Beek
Pater Kusterspad,21,"","",6191WH,Beek
Pater Kusterspad,23,"","",6191WH,Beek
Pater Kusterspad,25,"","",6191WH,Beek
Pater Kusterspad,27,"","",6191WH,Beek
Pater Kusterspad,29,"","",6191WH,Beek
Pater Kusterspad,3,"","",6191WH,Beek
Pater Kusterspad,31,"","",6191WH,Beek
Pater Kusterspad,33,"","",6191WH,Beek
Pater Kusterspad,35,"","",6191WH,Beek
Pater Kusterspad,37,"","",6191WH,Beek
Pater Kusterspad,39,"","",6191WH,Beek
Pater Kusterspad,41,"","",6191WH,Beek
Pater Kusterspad,43,"","",6191WH,Beek
Pater Kusterspad,45,"","",6191WH,Beek
Pater Kusterspad,47,"","",6191WH,Beek
Pater Kusterspad,5,"","",6191WH,Beek
Pater Kusterspad,7,"","",6191WH,Beek
Pater Kusterspad,9,"","",6191WH,Beek
Cortenpad,1,"","",6191WJ,Beek
Cortenpad,10,"","",6191WJ,Beek
Cortenpad,11,"","",6191WJ,Beek
Cortenpad,12,"","",6191WJ,Beek
Cortenpad,13,"","",6191WJ,Beek
Cortenpad,14,"","",6191WJ,Beek
Cortenpad,15,"","",6191WJ,Beek
Cortenpad,16,"","",6191WJ,Beek
Cortenpad,17,"","",6191WJ,Beek
Cortenpad,18,"","",6191WJ,Beek
Cortenpad,19,"","",6191WJ,Beek
Cortenpad,2,"","",6191WJ,Beek
Cortenpad,21,"","",6191WJ,Beek
Cortenpad,23,"","",6191WJ,Beek
Cortenpad,25,"","",6191WJ,Beek
Cortenpad,27,"","",6191WJ,Beek
Cortenpad,3,"","",6191WJ,Beek
Cortenpad,4,"","",6191WJ,Beek
Cortenpad,5,"","",6191WJ,Beek
Cortenpad,6,"","",6191WJ,Beek
Cortenpad,7,"","",6191WJ,Beek
Cortenpad,8,"","",6191WJ,Beek
Cortenpad,9,"","",6191WJ,Beek
Roebroekpad,1,"","",6191WK,Beek
Roebroekpad,10,"","",6191WK,Beek
Roebroekpad,11,"","",6191WK,Beek
Roebroekpad,12,"","",6191WK,Beek
Roebroekpad,14,"","",6191WK,Beek
Roebroekpad,16,"","",6191WK,Beek
Roebroekpad,18,"","",6191WK,Beek
Roebroekpad,2,"","",6191WK,Beek
Roebroekpad,20,"","",6191WK,Beek
Roebroekpad,22,"","",6191WK,Beek
Roebroekpad,24,"","",6191WK,Beek
Roebroekpad,26,"","",6191WK,Beek
Roebroekpad,3,"","",6191WK,Beek
Roebroekpad,4,"","",6191WK,Beek
Roebroekpad,5,"","",6191WK,Beek
Roebroekpad,6,"","",6191WK,Beek
Roebroekpad,7,"","",6191WK,Beek
Roebroekpad,8,"","",6191WK,Beek
Roebroekpad,9,"","",6191WK,Beek
Kapelaan Wijnensingel,100,"","",6191WL,Beek
Kapelaan Wijnensingel,102,"","",6191WL,Beek
Kapelaan Wijnensingel,104,"","",6191WL,Beek
Kapelaan Wijnensingel,106,"","",6191WL,Beek
Kapelaan Wijnensingel,108,"","",6191WL,Beek
Kapelaan Wijnensingel,110,"","",6191WL,Beek
Kapelaan Wijnensingel,112,"","",6191WL,Beek
Kapelaan Wijnensingel,114,"","",6191WL,Beek
Kapelaan Wijnensingel,116,"","",6191WL,Beek
Kapelaan Wijnensingel,118,"","",6191WL,Beek
Kapelaan Wijnensingel,120,"","",6191WL,Beek
Kapelaan Wijnensingel,122,"","",6191WL,Beek
Kapelaan Wijnensingel,124,"","",6191WL,Beek
Kapelaan Wijnensingel,126,"","",6191WL,Beek
Kapelaan Wijnensingel,92,"","",6191WL,Beek
Kapelaan Wijnensingel,94,"","",6191WL,Beek
Kapelaan Wijnensingel,96,"","",6191WL,Beek
Kapelaan Wijnensingel,98,"","",6191WL,Beek
Kapelaan Wijnensingel,128,"","",6191WN,Beek
Kapelaan Wijnensingel,130,"","",6191WN,Beek
Kapelaan Wijnensingel,132,"","",6191WN,Beek
Kapelaan Wijnensingel,134,"","",6191WN,Beek
Kapelaan Wijnensingel,136,"","",6191WN,Beek
Kapelaan Wijnensingel,138,"","",6191WN,Beek
Kapelaan Wijnensingel,140,"","",6191WN,Beek
Kapelaan Wijnensingel,142,"","",6191WN,Beek
Kapelaan Wijnensingel,144,"","",6191WN,Beek
Kapelaan Wijnensingel,146,"","",6191WN,Beek
Kapelaan Wijnensingel,148,"","",6191WN,Beek
Kapelaan Wijnensingel,150,"","",6191WN,Beek
Kapelaan Wijnensingel,152,"","",6191WN,Beek
Kapelaan Wijnensingel,154,"","",6191WN,Beek
Kapelaan Wijnensingel,156,"","",6191WN,Beek
Kapelaan Wijnensingel,158,"","",6191WN,Beek
Kapelaan Wijnensingel,160,"","",6191WN,Beek
Kapelaan Wijnensingel,162,"","",6191WN,Beek
Zuster Kubornpad,1,"","",6191WP,Beek
Zuster Kubornpad,10,"","",6191WP,Beek
Zuster Kubornpad,11,"","",6191WP,Beek
Zuster Kubornpad,12,"","",6191WP,Beek
Zuster Kubornpad,13,"","",6191WP,Beek
Zuster Kubornpad,14,"","",6191WP,Beek
Zuster Kubornpad,16,"","",6191WP,Beek
Zuster Kubornpad,18,"","",6191WP,Beek
Zuster Kubornpad,2,"","",6191WP,Beek
Zuster Kubornpad,20,"","",6191WP,Beek
Zuster Kubornpad,3,"","",6191WP,Beek
Zuster Kubornpad,4,"","",6191WP,Beek
Zuster Kubornpad,5,"","",6191WP,Beek
Zuster Kubornpad,6,"","",6191WP,Beek
Zuster Kubornpad,7,"","",6191WP,Beek
Zuster Kubornpad,8,"","",6191WP,Beek
Zuster Kubornpad,9,"","",6191WP,Beek
Gozewijnstraat,1,"","",6191WV,Beek
Gozewijnstraat,11,"","",6191WV,Beek
Gozewijnstraat,13,"","",6191WV,Beek
Gozewijnstraat,15,"","",6191WV,Beek
Gozewijnstraat,17,"","",6191WV,Beek
Gozewijnstraat,19,"","",6191WV,Beek
Gozewijnstraat,2,"","",6191WV,Beek
Gozewijnstraat,3,A,"",6191WV,Beek
Gozewijnstraat,4,"","",6191WV,Beek
Gozewijnstraat,5,"","",6191WV,Beek
Gozewijnstraat,6,"","",6191WV,Beek
Gozewijnstraat,7,"","",6191WV,Beek
Gozewijnstraat,9,"","",6191WV,Beek
Reinaldstraat,1,"","",6191WX,Beek
Reinaldstraat,10,"","",6191WX,Beek
Reinaldstraat,11,"","",6191WX,Beek
Reinaldstraat,12,"","",6191WX,Beek
Reinaldstraat,13,"","",6191WX,Beek
Reinaldstraat,14,"","",6191WX,Beek
Reinaldstraat,16,"","",6191WX,Beek
Reinaldstraat,2,"","",6191WX,Beek
Reinaldstraat,3,"","",6191WX,Beek
Reinaldstraat,4,"","",6191WX,Beek
Reinaldstraat,5,"","",6191WX,Beek
Reinaldstraat,6,"","",6191WX,Beek
Reinaldstraat,7,"","",6191WX,Beek
Reinaldstraat,8,"","",6191WX,Beek
Reinaldstraat,9,"","",6191WX,Beek
Theobaldstraat,1,"","",6191WZ,Beek
Theobaldstraat,10,"","",6191WZ,Beek
Theobaldstraat,12,"","",6191WZ,Beek
Theobaldstraat,14,"","",6191WZ,Beek
Theobaldstraat,16,"","",6191WZ,Beek
Theobaldstraat,18,"","",6191WZ,Beek
Theobaldstraat,2,"","",6191WZ,Beek
Theobaldstraat,20,"","",6191WZ,Beek
Theobaldstraat,22,"","",6191WZ,Beek
Theobaldstraat,24,"","",6191WZ,Beek
Theobaldstraat,26,"","",6191WZ,Beek
Theobaldstraat,28,"","",6191WZ,Beek
Theobaldstraat,3,"","",6191WZ,Beek
Theobaldstraat,30,"","",6191WZ,Beek
Theobaldstraat,4,"","",6191WZ,Beek
Theobaldstraat,5,"","",6191WZ,Beek
Theobaldstraat,6,"","",6191WZ,Beek
Theobaldstraat,7,"","",6191WZ,Beek
Theobaldstraat,8,"","",6191WZ,Beek
Theobaldstraat,9,"","",6191WZ,Beek
Kennedylaan,1,"","",6191XA,Beek
Kennedylaan,10,"","",6191XA,Beek
Kennedylaan,11,"","",6191XA,Beek
Kennedylaan,12,"","",6191XA,Beek
Kennedylaan,13,"","",6191XA,Beek
Kennedylaan,14,"","",6191XA,Beek
Kennedylaan,15,"","",6191XA,Beek
Kennedylaan,16,"","",6191XA,Beek
Kennedylaan,17,"","",6191XA,Beek
Kennedylaan,18,"","",6191XA,Beek
Kennedylaan,19,"","",6191XA,Beek
Kennedylaan,2,"","",6191XA,Beek
Kennedylaan,20,"","",6191XA,Beek
Kennedylaan,21,"","",6191XA,Beek
Kennedylaan,22,"","",6191XA,Beek
Kennedylaan,23,"","",6191XA,Beek
Kennedylaan,24,"","",6191XA,Beek
Kennedylaan,25,"","",6191XA,Beek
Kennedylaan,26,"","",6191XA,Beek
Kennedylaan,27,"","",6191XA,Beek
Kennedylaan,28,"","",6191XA,Beek
Kennedylaan,29,"","",6191XA,Beek
Kennedylaan,3,"","",6191XA,Beek
Kennedylaan,30,"","",6191XA,Beek
Kennedylaan,31,"","",6191XA,Beek
Kennedylaan,32,"","",6191XA,Beek
Kennedylaan,33,"","",6191XA,Beek
Kennedylaan,34,"","",6191XA,Beek
Kennedylaan,35,"","",6191XA,Beek
Kennedylaan,36,"","",6191XA,Beek
Kennedylaan,37,"","",6191XA,Beek
Kennedylaan,38,"","",6191XA,Beek
Kennedylaan,39,"","",6191XA,Beek
Kennedylaan,4,"","",6191XA,Beek
Kennedylaan,40,"","",6191XA,Beek
Kennedylaan,41,"","",6191XA,Beek
Kennedylaan,42,"","",6191XA,Beek
Kennedylaan,43,"","",6191XA,Beek
Kennedylaan,44,"","",6191XA,Beek
Kennedylaan,45,"","",6191XA,Beek
Kennedylaan,46,"","",6191XA,Beek
Kennedylaan,47,"","",6191XA,Beek
Kennedylaan,48,"","",6191XA,Beek
Kennedylaan,48,A,"",6191XA,Beek
Kennedylaan,48,B,"",6191XA,Beek
Kennedylaan,48,C,"",6191XA,Beek
Kennedylaan,48,D,"",6191XA,Beek
Kennedylaan,48,E,"",6191XA,Beek
Kennedylaan,48,F,"",6191XA,Beek
Kennedylaan,48,G,"",6191XA,Beek
Kennedylaan,48,H,"",6191XA,Beek
Kennedylaan,48,J,"",6191XA,Beek
Kennedylaan,48,K,"",6191XA,Beek
Kennedylaan,48,M,"",6191XA,Beek
Kennedylaan,48,N,"",6191XA,Beek
Kennedylaan,48,P,"",6191XA,Beek
Kennedylaan,48,Q,"",6191XA,Beek
Kennedylaan,48,R,"",6191XA,Beek
Kennedylaan,48,S,"",6191XA,Beek
Kennedylaan,48,T,"",6191XA,Beek
Kennedylaan,48,U,"",6191XA,Beek
Kennedylaan,5,"","",6191XA,Beek
Kennedylaan,6,"","",6191XA,Beek
Kennedylaan,7,"","",6191XA,Beek
Kennedylaan,8,"","",6191XA,Beek
Kennedylaan,9,"","",6191XA,Beek
Bloote Weg,2,"","",6191XB,Beek
Kennedylaan,49,"","",6191XB,Beek
Kennedylaan,50,"","",6191XB,Beek
Kennedylaan,51,"","",6191XB,Beek
Kennedylaan,52,"","",6191XB,Beek
Kennedylaan,53,"","",6191XB,Beek
Kennedylaan,54,"","",6191XB,Beek
Kennedylaan,55,"","",6191XB,Beek
Kennedylaan,56,"","",6191XB,Beek
Kennedylaan,57,"","",6191XB,Beek
Kennedylaan,58,"","",6191XB,Beek
Kennedylaan,59,"","",6191XB,Beek
Kennedylaan,60,"","",6191XB,Beek
Kennedylaan,61,"","",6191XB,Beek
Kennedylaan,62,"","",6191XB,Beek
Kennedylaan,63,"","",6191XB,Beek
Kennedylaan,64,"","",6191XB,Beek
Kennedylaan,65,"","",6191XB,Beek
Kennedylaan,66,"","",6191XB,Beek
Kennedylaan,67,"","",6191XB,Beek
Kennedylaan,68,"","",6191XB,Beek
Kennedylaan,69,"","",6191XB,Beek
Kennedylaan,70,"","",6191XB,Beek
Kennedylaan,71,"","",6191XB,Beek
Kennedylaan,72,"","",6191XB,Beek
Kennedylaan,73,"","",6191XB,Beek
Kennedylaan,74,"","",6191XB,Beek
Kennedylaan,75,"","",6191XB,Beek
Kennedylaan,76,"","",6191XB,Beek
Kennedylaan,77,"","",6191XB,Beek
Kennedylaan,78,"","",6191XB,Beek
Kennedylaan,79,"","",6191XB,Beek
Kennedylaan,80,"","",6191XB,Beek
Kennedylaan,81,"","",6191XB,Beek
Kennedylaan,82,"","",6191XB,Beek
Kennedylaan,83,"","",6191XB,Beek
Kennedylaan,84,"","",6191XB,Beek
Kennedylaan,85,"","",6191XB,Beek
Kennedylaan,86,"","",6191XB,Beek
Kennedylaan,87,"","",6191XB,Beek
Kennedylaan,88,"","",6191XB,Beek
Kennedylaan,89,"","",6191XB,Beek
Kennedylaan,90,"","",6191XB,Beek
Kennedylaan,91,"","",6191XB,Beek
Kennedylaan,92,"","",6191XB,Beek
Kennedylaan,93,"","",6191XB,Beek
Kennedylaan,94,"","",6191XB,Beek
Kennedylaan,95,"","",6191XB,Beek
Kennedylaan,96,"","",6191XB,Beek
Kennedylaan,96,A,"",6191XB,Beek
Kennedylaan,96,B,"",6191XB,Beek
Kennedylaan,96,C,"",6191XB,Beek
Kennedylaan,96,D,"",6191XB,Beek
Kennedylaan,96,E,"",6191XB,Beek
Kennedylaan,96,F,"",6191XB,Beek
Sportlaan,1,"","",6191XC,Beek
Kennedylaan,100,"","",6191XC,Beek
Kennedylaan,101,"","",6191XC,Beek
Kennedylaan,102,"","",6191XC,Beek
Kennedylaan,103,"","",6191XC,Beek
Kennedylaan,104,"","",6191XC,Beek
Kennedylaan,105,"","",6191XC,Beek
Kennedylaan,106,"","",6191XC,Beek
Kennedylaan,107,"","",6191XC,Beek
Kennedylaan,108,"","",6191XC,Beek
Kennedylaan,109,"","",6191XC,Beek
Kennedylaan,110,"","",6191XC,Beek
Kennedylaan,111,"","",6191XC,Beek
Kennedylaan,112,"","",6191XC,Beek
Kennedylaan,113,"","",6191XC,Beek
Kennedylaan,114,"","",6191XC,Beek
Kennedylaan,115,"","",6191XC,Beek
Kennedylaan,116,"","",6191XC,Beek
Kennedylaan,117,"","",6191XC,Beek
Kennedylaan,118,"","",6191XC,Beek
Kennedylaan,119,"","",6191XC,Beek
Kennedylaan,120,"","",6191XC,Beek
Kennedylaan,121,"","",6191XC,Beek
Kennedylaan,122,"","",6191XC,Beek
Kennedylaan,123,"","",6191XC,Beek
Kennedylaan,124,"","",6191XC,Beek
Kennedylaan,125,"","",6191XC,Beek
Kennedylaan,126,"","",6191XC,Beek
Kennedylaan,127,"","",6191XC,Beek
Kennedylaan,128,"","",6191XC,Beek
Kennedylaan,129,"","",6191XC,Beek
Kennedylaan,130,"","",6191XC,Beek
Kennedylaan,131,"","",6191XC,Beek
Kennedylaan,132,"","",6191XC,Beek
Kennedylaan,133,"","",6191XC,Beek
Kennedylaan,134,"","",6191XC,Beek
Kennedylaan,135,"","",6191XC,Beek
Kennedylaan,136,"","",6191XC,Beek
Kennedylaan,137,"","",6191XC,Beek
Kennedylaan,138,"","",6191XC,Beek
Kennedylaan,139,"","",6191XC,Beek
Kennedylaan,140,"","",6191XC,Beek
Kennedylaan,141,"","",6191XC,Beek
Kennedylaan,142,"","",6191XC,Beek
Kennedylaan,143,"","",6191XC,Beek
Kennedylaan,144,"","",6191XC,Beek
Kennedylaan,144,A,"",6191XC,Beek
Kennedylaan,144,B,"",6191XC,Beek
Kennedylaan,144,C,"",6191XC,Beek
Kennedylaan,144,D,"",6191XC,Beek
Kennedylaan,144,E,"",6191XC,Beek
Kennedylaan,144,F,"",6191XC,Beek
Kennedylaan,202,"","",6191XC,Beek
Kennedylaan,97,"","",6191XC,Beek
Kennedylaan,98,"","",6191XC,Beek
Kennedylaan,99,"","",6191XC,Beek
Margrietstraat,1,"","",6191XD,Beek
Margrietstraat,11,"","",6191XD,Beek
Margrietstraat,13,"","",6191XD,Beek
Margrietstraat,15,"","",6191XD,Beek
Margrietstraat,17,"","",6191XD,Beek
Margrietstraat,19,"","",6191XD,Beek
Margrietstraat,21,"","",6191XD,Beek
Margrietstraat,23,"","",6191XD,Beek
Margrietstraat,25,"","",6191XD,Beek
Margrietstraat,27,"","",6191XD,Beek
Margrietstraat,29,"","",6191XD,Beek
Margrietstraat,3,"","",6191XD,Beek
Margrietstraat,31,"","",6191XD,Beek
Margrietstraat,33,"","",6191XD,Beek
Margrietstraat,35,"","",6191XD,Beek
Margrietstraat,37,"","",6191XD,Beek
Margrietstraat,39,"","",6191XD,Beek
Margrietstraat,41,"","",6191XD,Beek
Margrietstraat,5,"","",6191XD,Beek
Margrietstraat,7,"","",6191XD,Beek
Margrietstraat,9,"","",6191XD,Beek
Margrietstraat,43,"","",6191XE,Beek
Margrietstraat,45,"","",6191XE,Beek
Margrietstraat,47,"","",6191XE,Beek
Margrietstraat,49,"","",6191XE,Beek
Margrietstraat,51,"","",6191XE,Beek
Margrietstraat,53,"","",6191XE,Beek
Margrietstraat,55,"","",6191XE,Beek
Margrietstraat,57,"","",6191XE,Beek
Margrietstraat,59,"","",6191XE,Beek
Margrietstraat,61,"","",6191XE,Beek
Margrietstraat,63,"","",6191XE,Beek
Margrietstraat,65,"","",6191XE,Beek
Margrietstraat,67,"","",6191XE,Beek
Margrietstraat,69,"","",6191XE,Beek
Margrietstraat,71,"","",6191XE,Beek
Margrietstraat,73,"","",6191XE,Beek
Margrietstraat,75,"","",6191XE,Beek
Margrietstraat,77,"","",6191XE,Beek
Margrietstraat,79,"","",6191XE,Beek
Margrietstraat,81,"","",6191XE,Beek
Margrietstraat,83,"","",6191XE,Beek
Margrietstraat,85,"","",6191XE,Beek
Margrietstraat,87,"","",6191XE,Beek
Margrietstraat,89,"","",6191XE,Beek
Margrietstraat,101,"","",6191XG,Beek
Margrietstraat,103,"","",6191XG,Beek
Margrietstraat,105,"","",6191XG,Beek
Margrietstraat,107,"","",6191XG,Beek
Margrietstraat,109,"","",6191XG,Beek
Margrietstraat,111,"","",6191XG,Beek
Margrietstraat,113,"","",6191XG,Beek
Margrietstraat,115,"","",6191XG,Beek
Margrietstraat,117,"","",6191XG,Beek
Margrietstraat,119,"","",6191XG,Beek
Margrietstraat,121,"","",6191XG,Beek
Margrietstraat,123,"","",6191XG,Beek
Margrietstraat,125,"","",6191XG,Beek
Margrietstraat,127,"","",6191XG,Beek
Margrietstraat,91,"","",6191XG,Beek
Margrietstraat,93,"","",6191XG,Beek
Margrietstraat,95,"","",6191XG,Beek
Margrietstraat,97,"","",6191XG,Beek
Margrietstraat,99,"","",6191XG,Beek
Margrietstraat,10,"","",6191XH,Beek
Margrietstraat,12,"","",6191XH,Beek
Margrietstraat,14,"","",6191XH,Beek
Margrietstraat,16,"","",6191XH,Beek
Margrietstraat,18,"","",6191XH,Beek
Margrietstraat,2,"","",6191XH,Beek
Margrietstraat,20,"","",6191XH,Beek
Margrietstraat,22,"","",6191XH,Beek
Margrietstraat,24,"","",6191XH,Beek
Margrietstraat,4,"","",6191XH,Beek
Margrietstraat,6,"","",6191XH,Beek
Margrietstraat,8,"","",6191XH,Beek
Bernhardstraat,1,"","",6191XJ,Beek
Bernhardstraat,11,"","",6191XJ,Beek
Bernhardstraat,13,"","",6191XJ,Beek
Bernhardstraat,15,"","",6191XJ,Beek
Bernhardstraat,17,"","",6191XJ,Beek
Bernhardstraat,19,"","",6191XJ,Beek
Bernhardstraat,21,"","",6191XJ,Beek
Bernhardstraat,23,"","",6191XJ,Beek
Bernhardstraat,3,"","",6191XJ,Beek
Bernhardstraat,5,"","",6191XJ,Beek
Bernhardstraat,7,"","",6191XJ,Beek
Bernhardstraat,9,"","",6191XJ,Beek
Bernhardstraat,10,"","",6191XK,Beek
Bernhardstraat,12,"","",6191XK,Beek
Bernhardstraat,14,"","",6191XK,Beek
Bernhardstraat,16,"","",6191XK,Beek
Bernhardstraat,18,"","",6191XK,Beek
Bernhardstraat,2,"","",6191XK,Beek
Bernhardstraat,20,"","",6191XK,Beek
Bernhardstraat,22,"","",6191XK,Beek
Bernhardstraat,24,"","",6191XK,Beek
Bernhardstraat,26,"","",6191XK,Beek
Bernhardstraat,28,"","",6191XK,Beek
Bernhardstraat,4,"","",6191XK,Beek
Bernhardstraat,6,"","",6191XK,Beek
Bernhardstraat,8,"","",6191XK,Beek
Beatrixstraat,11,"","",6191XL,Beek
Beatrixstraat,13,"","",6191XL,Beek
Beatrixstraat,15,"","",6191XL,Beek
Beatrixstraat,17,"","",6191XL,Beek
Beatrixstraat,19,"","",6191XL,Beek
Beatrixstraat,23,"","",6191XL,Beek
Beatrixstraat,5,"","",6191XL,Beek
Beatrixstraat,7,"","",6191XL,Beek
Beatrixstraat,9,"","",6191XL,Beek
Beatrixstraat,10,"","",6191XM,Beek
Beatrixstraat,12,"","",6191XM,Beek
Beatrixstraat,14,"","",6191XM,Beek
Beatrixstraat,18,"","",6191XM,Beek
Beatrixstraat,2,"","",6191XM,Beek
Beatrixstraat,20,"","",6191XM,Beek
Beatrixstraat,22,"","",6191XM,Beek
Beatrixstraat,24,"","",6191XM,Beek
Beatrixstraat,26,"","",6191XM,Beek
Beatrixstraat,28,"","",6191XM,Beek
Beatrixstraat,4,"","",6191XM,Beek
Beatrixstraat,6,"","",6191XM,Beek
Beatrixstraat,8,"","",6191XM,Beek
Hendrikstraat,1,"","",6191XN,Beek
Hendrikstraat,2,"","",6191XN,Beek
Hendrikstraat,3,"","",6191XN,Beek
Hendrikstraat,4,"","",6191XN,Beek
Hendrikstraat,5,"","",6191XN,Beek
Hendrikstraat,6,"","",6191XN,Beek
Hendrikstraat,7,"","",6191XN,Beek
Hendrikstraat,8,"","",6191XN,Beek
Emmastraat,1,"","",6191XP,Beek
Emmastraat,11,"","",6191XP,Beek
Emmastraat,13,"","",6191XP,Beek
Emmastraat,15,"","",6191XP,Beek
Emmastraat,17,"","",6191XP,Beek
Emmastraat,19,"","",6191XP,Beek
Emmastraat,21,"","",6191XP,Beek
Emmastraat,23,"","",6191XP,Beek
Emmastraat,3,"","",6191XP,Beek
Emmastraat,5,"","",6191XP,Beek
Emmastraat,7,"","",6191XP,Beek
Emmastraat,9,"","",6191XP,Beek
Emmastraat,10,"","",6191XR,Beek
Emmastraat,12,"","",6191XR,Beek
Emmastraat,14,"","",6191XR,Beek
Emmastraat,16,"","",6191XR,Beek
Emmastraat,18,"","",6191XR,Beek
Emmastraat,2,"","",6191XR,Beek
Emmastraat,20,"","",6191XR,Beek
Emmastraat,4,"","",6191XR,Beek
Emmastraat,6,"","",6191XR,Beek
Emmastraat,8,"","",6191XR,Beek
Wilhelminastraat,1,"","",6191XS,Beek
Wilhelminastraat,10,"","",6191XS,Beek
Wilhelminastraat,10,"","",6191XS,Beek
Wilhelminastraat,10,A,"",6191XS,Beek
Wilhelminastraat,11,"","",6191XS,Beek
Wilhelminastraat,12,"","",6191XS,Beek
Wilhelminastraat,13,"","",6191XS,Beek
Wilhelminastraat,14,"","",6191XS,Beek
Wilhelminastraat,16,"","",6191XS,Beek
Wilhelminastraat,18,"","",6191XS,Beek
Wilhelminastraat,2,"","",6191XS,Beek
Wilhelminastraat,20,"","",6191XS,Beek
Wilhelminastraat,22,"","",6191XS,Beek
Wilhelminastraat,3,"","",6191XS,Beek
Wilhelminastraat,4,"","",6191XS,Beek
Wilhelminastraat,5,"","",6191XS,Beek
Wilhelminastraat,6,"","",6191XS,Beek
Wilhelminastraat,7,"","",6191XS,Beek
Wilhelminastraat,8,"","",6191XS,Beek
Wilhelminastraat,9,"","",6191XS,Beek
Oranjesingel,10,"","",6191XT,Beek
Oranjesingel,12,"","",6191XT,Beek
Oranjesingel,14,"","",6191XT,Beek
Oranjesingel,16,"","",6191XT,Beek
Oranjesingel,18,"","",6191XT,Beek
Oranjesingel,2,"","",6191XT,Beek
Oranjesingel,20,"","",6191XT,Beek
Oranjesingel,22,"","",6191XT,Beek
Oranjesingel,24,"","",6191XT,Beek
Oranjesingel,26,"","",6191XT,Beek
Oranjesingel,28,"","",6191XT,Beek
Oranjesingel,30,"","",6191XT,Beek
Oranjesingel,32,"","",6191XT,Beek
Oranjesingel,34,"","",6191XT,Beek
Oranjesingel,36,"","",6191XT,Beek
Oranjesingel,38,"","",6191XT,Beek
Oranjesingel,4,"","",6191XT,Beek
Oranjesingel,40,"","",6191XT,Beek
Oranjesingel,42,"","",6191XT,Beek
Oranjesingel,44,"","",6191XT,Beek
Oranjesingel,46,"","",6191XT,Beek
Oranjesingel,48,"","",6191XT,Beek
Oranjesingel,50,"","",6191XT,Beek
Oranjesingel,6,"","",6191XT,Beek
Oranjesingel,8,"","",6191XT,Beek
Oranjesingel,52,"","",6191XV,Beek
Oranjesingel,54,"","",6191XV,Beek
Oranjesingel,56,"","",6191XV,Beek
Oranjesingel,58,"","",6191XV,Beek
Oranjesingel,60,"","",6191XV,Beek
Oranjesingel,62,"","",6191XV,Beek
Oranjesingel,64,"","",6191XV,Beek
Oranjesingel,66,"","",6191XV,Beek
Oranjesingel,68,"","",6191XV,Beek
Oranjesingel,70,"","",6191XV,Beek
Oranjesingel,72,"","",6191XV,Beek
Oranjesingel,74,"","",6191XV,Beek
Oranjesingel,76,"","",6191XV,Beek
Oranjesingel,78,"","",6191XV,Beek
Oranjesingel,80,"","",6191XV,Beek
Oranjesingel,82,"","",6191XV,Beek
Oranjesingel,84,"","",6191XV,Beek
Oranjesingel,86,"","",6191XV,Beek
Oranjesingel,88,"","",6191XV,Beek
Oranjesingel,90,"","",6191XV,Beek
Oranjesingel,92,"","",6191XV,Beek
Oranjesingel,94,"","",6191XV,Beek
Oranjesingel,96,"","",6191XV,Beek
Oranjesingel,100,"","",6191XW,Beek
Oranjesingel,102,"","",6191XW,Beek
Oranjesingel,104,"","",6191XW,Beek
Oranjesingel,106,"","",6191XW,Beek
Oranjesingel,108,"","",6191XW,Beek
Oranjesingel,110,"","",6191XW,Beek
Oranjesingel,112,"","",6191XW,Beek
Oranjesingel,114,"","",6191XW,Beek
Oranjesingel,116,"","",6191XW,Beek
Oranjesingel,118,"","",6191XW,Beek
Oranjesingel,120,"","",6191XW,Beek
Oranjesingel,122,"","",6191XW,Beek
Oranjesingel,124,"","",6191XW,Beek
Oranjesingel,126,"","",6191XW,Beek
Oranjesingel,128,"","",6191XW,Beek
Oranjesingel,98,"","",6191XW,Beek
Oranjesingel,130,"","",6191XX,Beek
Oranjesingel,132,"","",6191XX,Beek
Oranjesingel,134,"","",6191XX,Beek
Oranjesingel,136,"","",6191XX,Beek
Oranjesingel,138,"","",6191XX,Beek
Oranjesingel,140,"","",6191XX,Beek
Siekendaalstraat,1,"","",6191XZ,Beek
Siekendaalstraat,3,"","",6191XZ,Beek
Siekendaalstraat,4,"","",6191XZ,Beek
Siekendaalstraat,5,"","",6191XZ,Beek
Siekendaalstraat,7,"","",6191XZ,Beek
Siekendaalstraat,9,"","",6191XZ,Beek
Oranjesingel,21,"","",6191ZA,Beek
Oranjesingel,23,"","",6191ZA,Beek
Oranjesingel,25,"","",6191ZA,Beek
Oranjesingel,27,"","",6191ZA,Beek
Oranjesingel,29,"","",6191ZA,Beek
