straat,huisnummer,huisletter,toevoeging,postcode,plaats
Molenstraat,1,"","",5386AA,Geffen
Molenstraat,11,"","",5386AA,Geffen
Molenstraat,13,"","",5386AA,Geffen
Molenstraat,13,A,"",5386AA,Geffen
Molenstraat,13,A,"",5386AA,Geffen
Molenstraat,15,"","",5386AA,Geffen
Molenstraat,17,"","",5386AA,Geffen
Molenstraat,17,A,"",5386AA,Geffen
Molenstraat,17,A,"",5386AA,Geffen
Molenstraat,19,"","",5386AA,Geffen
Molenstraat,23,"","",5386AA,Geffen
Molenstraat,25,"","",5386AA,Geffen
Molenstraat,27,"","",5386AA,Geffen
Molenstraat,3,"","",5386AA,Geffen
Molenstraat,5,"","",5386AA,Geffen
Molenstraat,5,A,"",5386AA,Geffen
Molenstraat,5,A,"",5386AA,Geffen
Molenstraat,7,"","",5386AA,Geffen
Molenstraat,9,"","",5386AA,Geffen
Molenstraat,10,"","",5386AB,Geffen
Molenstraat,12,"","",5386AB,Geffen
Molenstraat,14,"","",5386AB,Geffen
Molenstraat,14,A,"",5386AB,Geffen
Molenstraat,14,A,"",5386AB,Geffen
Molenstraat,16,"","",5386AB,Geffen
Molenstraat,18,"","",5386AB,Geffen
Molenstraat,2,"","",5386AB,Geffen
Molenstraat,20,"","",5386AB,Geffen
Molenstraat,22,"","",5386AB,Geffen
Molenstraat,24,"","",5386AB,Geffen
Molenstraat,26,"","",5386AB,Geffen
Molenstraat,28,"","",5386AB,Geffen
Molenstraat,28,"",MW,5386AB,Geffen
Molenstraat,28,A,"",5386AB,Geffen
Molenstraat,28,A,"",5386AB,Geffen
Molenstraat,30,"","",5386AB,Geffen
Molenstraat,4,"","",5386AB,Geffen
Molenstraat,6,"","",5386AB,Geffen
Molenstraat,8,"","",5386AB,Geffen
Molenstraat,8,"","",5386AB,Geffen
Molenstraat,8,A,"",5386AB,Geffen
Molenstraat,8,A,"",5386AB,Geffen
Kerkstraat,10,"","",5386AC,Geffen
Kerkstraat,11,"","",5386AC,Geffen
Kerkstraat,12,"","",5386AC,Geffen
Kerkstraat,14,"","",5386AC,Geffen
Kerkstraat,3,"","",5386AC,Geffen
Kerkstraat,5,"","",5386AC,Geffen
Kerkstraat,5,A,"",5386AC,Geffen
Kerkstraat,5,A,"",5386AC,Geffen
Kerkstraat,6,"","",5386AC,Geffen
Kerkstraat,7,"","",5386AC,Geffen
Kerkstraat,7,A,"",5386AC,Geffen
Kerkstraat,8,"","",5386AC,Geffen
Kerkstraat,9,"","",5386AC,Geffen
Van Coothstraat,1,"","",5386AD,Geffen
Van Coothstraat,13,"","",5386AD,Geffen
Van Coothstraat,13,"","",5386AD,Geffen
Van Coothstraat,13,A,"",5386AD,Geffen
Van Coothstraat,13,A,"",5386AD,Geffen
Van Coothstraat,15,"","",5386AD,Geffen
Van Coothstraat,17,"","",5386AD,Geffen
Van Coothstraat,17,A,"",5386AD,Geffen
Van Coothstraat,19,"","",5386AD,Geffen
Van Coothstraat,21,"","",5386AD,Geffen
Van Coothstraat,23,"","",5386AD,Geffen
Van Coothstraat,25,"","",5386AD,Geffen
Van Coothstraat,27,"","",5386AD,Geffen
Van Coothstraat,29,"","",5386AD,Geffen
Van Coothstraat,3,"","",5386AD,Geffen
Van Coothstraat,31,"","",5386AD,Geffen
Van Coothstraat,31,"","",5386AD,Geffen
Van Coothstraat,33,"","",5386AD,Geffen
Van Coothstraat,5,"","",5386AD,Geffen
Van Coothstraat,10,"","",5386AE,Geffen
Van Coothstraat,12,"","",5386AE,Geffen
Van Coothstraat,14,"","",5386AE,Geffen
Van Coothstraat,16,"","",5386AE,Geffen
Van Coothstraat,18,"","",5386AE,Geffen
Van Coothstraat,20,"","",5386AE,Geffen
Van Coothstraat,22,"","",5386AE,Geffen
Van Coothstraat,24,"","",5386AE,Geffen
Van Coothstraat,24,"","",5386AE,Geffen
Van Coothstraat,26,"","",5386AE,Geffen
Van Coothstraat,4,"","",5386AE,Geffen
Van Coothstraat,6,"","",5386AE,Geffen
Van Coothstraat,8,"","",5386AE,Geffen
Vlijmdstraat,1,"","",5386AG,Geffen
Vlijmdstraat,10,"","",5386AG,Geffen
Vlijmdstraat,11,"","",5386AG,Geffen
Vlijmdstraat,12,"","",5386AG,Geffen
Vlijmdstraat,13,"","",5386AG,Geffen
Vlijmdstraat,14,"","",5386AG,Geffen
Vlijmdstraat,14,"","",5386AG,Geffen
Vlijmdstraat,15,"","",5386AG,Geffen
Vlijmdstraat,17,"","",5386AG,Geffen
Vlijmdstraat,19,"","",5386AG,Geffen
Vlijmdstraat,2,"","",5386AG,Geffen
Vlijmdstraat,2,A,"",5386AG,Geffen
Vlijmdstraat,2,A,"",5386AG,Geffen
Vlijmdstraat,2,B,"",5386AG,Geffen
Vlijmdstraat,2,B,UNIT,5386AG,Geffen
Vlijmdstraat,2,C,"",5386AG,Geffen
Vlijmdstraat,21,"","",5386AG,Geffen
Vlijmdstraat,3,"","",5386AG,Geffen
Vlijmdstraat,4,"","",5386AG,Geffen
Vlijmdstraat,5,"","",5386AG,Geffen
Vlijmdstraat,6,"","",5386AG,Geffen
Vlijmdstraat,7,"","",5386AG,Geffen
Vlijmdstraat,8,"","",5386AG,Geffen
Vlijmdstraat,9,"","",5386AG,Geffen
Pastoor van de Kampstraat,1,"","",5386AH,Geffen
Pastoor van de Kampstraat,1,"","",5386AH,Geffen
Pastoor van de Kampstraat,1,"","",5386AH,Geffen
Pastoor van de Kampstraat,1,A,"",5386AH,Geffen
Pastoor van de Kampstraat,1,A,"",5386AH,Geffen
Pastoor van de Kampstraat,1,A,"",5386AH,Geffen
Pastoor van de Kampstraat,1,A,"",5386AH,Geffen
Pastoor van de Kampstraat,1,A,"",5386AH,Geffen
Pastoor van de Kampstraat,1,A,"",5386AH,Geffen
Pastoor van de Kampstraat,11,"","",5386AH,Geffen
Pastoor van de Kampstraat,11,"","",5386AH,Geffen
Pastoor van de Kampstraat,11,"","",5386AH,Geffen
Pastoor van de Kampstraat,11,"","",5386AH,Geffen
Pastoor van de Kampstraat,11,"","",5386AH,Geffen
Pastoor van de Kampstraat,11,"","",5386AH,Geffen
Pastoor van de Kampstraat,13,"","",5386AH,Geffen
Pastoor van de Kampstraat,13,"","",5386AH,Geffen
Pastoor van de Kampstraat,13,"","",5386AH,Geffen
Pastoor van de Kampstraat,15,"","",5386AH,Geffen
Pastoor van de Kampstraat,15,"","",5386AH,Geffen
Pastoor van de Kampstraat,15,"","",5386AH,Geffen
Pastoor van de Kampstraat,17,"","",5386AH,Geffen
Pastoor van de Kampstraat,17,"","",5386AH,Geffen
Pastoor van de Kampstraat,17,"","",5386AH,Geffen
Pastoor van de Kampstraat,19,"","",5386AH,Geffen
Pastoor van de Kampstraat,19,"","",5386AH,Geffen
Pastoor van de Kampstraat,19,"","",5386AH,Geffen
Pastoor van de Kampstraat,23,"","",5386AH,Geffen
Pastoor van de Kampstraat,23,"","",5386AH,Geffen
Pastoor van de Kampstraat,23,"","",5386AH,Geffen
Pastoor van de Kampstraat,25,"","",5386AH,Geffen
Pastoor van de Kampstraat,25,"","",5386AH,Geffen
Pastoor van de Kampstraat,25,"","",5386AH,Geffen
Pastoor van de Kampstraat,27,"","",5386AH,Geffen
Pastoor van de Kampstraat,27,"","",5386AH,Geffen
Pastoor van de Kampstraat,27,"","",5386AH,Geffen
Pastoor van de Kampstraat,29,"","",5386AH,Geffen
Pastoor van de Kampstraat,29,"","",5386AH,Geffen
Pastoor van de Kampstraat,29,"","",5386AH,Geffen
Pastoor van de Kampstraat,3,"","",5386AH,Geffen
Pastoor van de Kampstraat,3,"","",5386AH,Geffen
Pastoor van de Kampstraat,3,"","",5386AH,Geffen
Pastoor van de Kampstraat,31,"","",5386AH,Geffen
Pastoor van de Kampstraat,31,"","",5386AH,Geffen
Pastoor van de Kampstraat,31,"","",5386AH,Geffen
Pastoor van de Kampstraat,33,"","",5386AH,Geffen
Pastoor van de Kampstraat,33,"","",5386AH,Geffen
Pastoor van de Kampstraat,33,"","",5386AH,Geffen
Pastoor van de Kampstraat,35,"","",5386AH,Geffen
Pastoor van de Kampstraat,35,"","",5386AH,Geffen
Pastoor van de Kampstraat,35,"","",5386AH,Geffen
Pastoor van de Kampstraat,35,"","",5386AH,Geffen
Pastoor van de Kampstraat,35,"","",5386AH,Geffen
Pastoor van de Kampstraat,35,"","",5386AH,Geffen
Pastoor van de Kampstraat,35,A,"",5386AH,Geffen
Pastoor van de Kampstraat,35,A,"",5386AH,Geffen
Pastoor van de Kampstraat,35,A,"",5386AH,Geffen
Pastoor van de Kampstraat,35,A,"",5386AH,Geffen
Pastoor van de Kampstraat,35,A,"",5386AH,Geffen
Pastoor van de Kampstraat,35,A,"",5386AH,Geffen
Pastoor van de Kampstraat,35,A,"",5386AH,Geffen
Pastoor van de Kampstraat,35,A,"",5386AH,Geffen
Pastoor van de Kampstraat,35,A,"",5386AH,Geffen
Pastoor van de Kampstraat,35,B,"",5386AH,Geffen
Pastoor van de Kampstraat,35,B,"",5386AH,Geffen
Pastoor van de Kampstraat,35,B,"",5386AH,Geffen
Pastoor van de Kampstraat,37,"","",5386AH,Geffen
Pastoor van de Kampstraat,37,"","",5386AH,Geffen
Pastoor van de Kampstraat,37,"","",5386AH,Geffen
Pastoor van de Kampstraat,37,"","",5386AH,Geffen
Pastoor van de Kampstraat,37,"","",5386AH,Geffen
Pastoor van de Kampstraat,37,"","",5386AH,Geffen
Pastoor van de Kampstraat,37,A,"",5386AH,Geffen
Pastoor van de Kampstraat,37,A,"",5386AH,Geffen
Pastoor van de Kampstraat,37,A,"",5386AH,Geffen
Pastoor van de Kampstraat,37,A,"",5386AH,Geffen
Pastoor van de Kampstraat,37,A,"",5386AH,Geffen
Pastoor van de Kampstraat,37,A,"",5386AH,Geffen
Pastoor van de Kampstraat,37,A,"",5386AH,Geffen
Pastoor van de Kampstraat,37,A,"",5386AH,Geffen
Pastoor van de Kampstraat,37,A,"",5386AH,Geffen
Pastoor van de Kampstraat,5,"","",5386AH,Geffen
Pastoor van de Kampstraat,5,"","",5386AH,Geffen
Pastoor van de Kampstraat,5,"","",5386AH,Geffen
Pastoor van de Kampstraat,7,"","",5386AH,Geffen
Pastoor van de Kampstraat,7,"","",5386AH,Geffen
Pastoor van de Kampstraat,7,"","",5386AH,Geffen
Pastoor van de Kampstraat,9,"","",5386AH,Geffen
Pastoor van de Kampstraat,9,"","",5386AH,Geffen
Pastoor van de Kampstraat,9,"","",5386AH,Geffen
Pastoor van de Kampstraat,9,A,"",5386AH,Geffen
Pastoor van de Kampstraat,9,A,"",5386AH,Geffen
Pastoor van de Kampstraat,9,A,"",5386AH,Geffen
Pastoor van de Kampstraat,9,A,"",5386AH,Geffen
Pastoor van de Kampstraat,9,A,"",5386AH,Geffen
Pastoor van de Kampstraat,9,A,"",5386AH,Geffen
Pastoor van de Kampstraat,10,"","",5386AJ,Geffen
Pastoor van de Kampstraat,10,"","",5386AJ,Geffen
Pastoor van de Kampstraat,10,"","",5386AJ,Geffen
Pastoor van de Kampstraat,12,"","",5386AJ,Geffen
Pastoor van de Kampstraat,12,"","",5386AJ,Geffen
Pastoor van de Kampstraat,12,"","",5386AJ,Geffen
Pastoor van de Kampstraat,14,"","",5386AJ,Geffen
Pastoor van de Kampstraat,14,"","",5386AJ,Geffen
Pastoor van de Kampstraat,14,"","",5386AJ,Geffen
Pastoor van de Kampstraat,16,"","",5386AJ,Geffen
Pastoor van de Kampstraat,16,"","",5386AJ,Geffen
Pastoor van de Kampstraat,16,"","",5386AJ,Geffen
Pastoor van de Kampstraat,18,"","",5386AJ,Geffen
Pastoor van de Kampstraat,18,"","",5386AJ,Geffen
Pastoor van de Kampstraat,18,"","",5386AJ,Geffen
Pastoor van de Kampstraat,2,"","",5386AJ,Geffen
Pastoor van de Kampstraat,2,"","",5386AJ,Geffen
Pastoor van de Kampstraat,2,"","",5386AJ,Geffen
Pastoor van de Kampstraat,20,"","",5386AJ,Geffen
Pastoor van de Kampstraat,20,"","",5386AJ,Geffen
Pastoor van de Kampstraat,20,"","",5386AJ,Geffen
Pastoor van de Kampstraat,22,"","",5386AJ,Geffen
Pastoor van de Kampstraat,22,"","",5386AJ,Geffen
Pastoor van de Kampstraat,22,"","",5386AJ,Geffen
Pastoor van de Kampstraat,24,"","",5386AJ,Geffen
Pastoor van de Kampstraat,24,"","",5386AJ,Geffen
Pastoor van de Kampstraat,24,"","",5386AJ,Geffen
Pastoor van de Kampstraat,26,"","",5386AJ,Geffen
Pastoor van de Kampstraat,26,"","",5386AJ,Geffen
Pastoor van de Kampstraat,26,"","",5386AJ,Geffen
Pastoor van de Kampstraat,28,"","",5386AJ,Geffen
Pastoor van de Kampstraat,28,"","",5386AJ,Geffen
Pastoor van de Kampstraat,28,"","",5386AJ,Geffen
Pastoor van de Kampstraat,30,"","",5386AJ,Geffen
Pastoor van de Kampstraat,30,"","",5386AJ,Geffen
Pastoor van de Kampstraat,30,"","",5386AJ,Geffen
Pastoor van de Kampstraat,32,"","",5386AJ,Geffen
Pastoor van de Kampstraat,32,"","",5386AJ,Geffen
Pastoor van de Kampstraat,32,"","",5386AJ,Geffen
Pastoor van de Kampstraat,34,"","",5386AJ,Geffen
Pastoor van de Kampstraat,34,"","",5386AJ,Geffen
Pastoor van de Kampstraat,34,"","",5386AJ,Geffen
Pastoor van de Kampstraat,4,"","",5386AJ,Geffen
Pastoor van de Kampstraat,4,"","",5386AJ,Geffen
Pastoor van de Kampstraat,4,"","",5386AJ,Geffen
Pastoor van de Kampstraat,8,"","",5386AJ,Geffen
Pastoor van de Kampstraat,8,"","",5386AJ,Geffen
Pastoor van de Kampstraat,8,"","",5386AJ,Geffen
Dorpstraat,1,"","",5386AK,Geffen
Dorpstraat,11,"","",5386AK,Geffen
Dorpstraat,13,"","",5386AK,Geffen
Dorpstraat,13,A,"",5386AK,Geffen
Dorpstraat,13,A,"",5386AK,Geffen
Dorpstraat,13,B,"",5386AK,Geffen
Dorpstraat,13,C,"",5386AK,Geffen
Dorpstraat,15,"","",5386AK,Geffen
Dorpstraat,15,A,"",5386AK,Geffen
Dorpstraat,15,B,"",5386AK,Geffen
Dorpstraat,15,C,"",5386AK,Geffen
Dorpstraat,15,D,"",5386AK,Geffen
Dorpstraat,15,E,"",5386AK,Geffen
Dorpstraat,15,F,"",5386AK,Geffen
Dorpstraat,15,G,"",5386AK,Geffen
Dorpstraat,15,H,"",5386AK,Geffen
Dorpstraat,15,J,"",5386AK,Geffen
Dorpstraat,15,K,"",5386AK,Geffen
Dorpstraat,17,"","",5386AK,Geffen
Dorpstraat,17,A,"",5386AK,Geffen
Dorpstraat,17,B,"",5386AK,Geffen
Dorpstraat,19,"","",5386AK,Geffen
Dorpstraat,19,A,"",5386AK,Geffen
Dorpstraat,19,B,"",5386AK,Geffen
Dorpstraat,21,"","",5386AK,Geffen
Dorpstraat,21,A,"",5386AK,Geffen
Dorpstraat,21,A,"",5386AK,Geffen
Dorpstraat,23,"","",5386AK,Geffen
Dorpstraat,23,A,"",5386AK,Geffen
Dorpstraat,23,A,"",5386AK,Geffen
Dorpstraat,25,"","",5386AK,Geffen
Dorpstraat,25,A,"",5386AK,Geffen
Dorpstraat,25,A,"",5386AK,Geffen
Dorpstraat,27,"","",5386AK,Geffen
Dorpstraat,29,"","",5386AK,Geffen
Dorpstraat,3,"","",5386AK,Geffen
Dorpstraat,3,A,"",5386AK,Geffen
Dorpstraat,3,B,"",5386AK,Geffen
Dorpstraat,3,C,"",5386AK,Geffen
Dorpstraat,3,D,"",5386AK,Geffen
Dorpstraat,3,E,"",5386AK,Geffen
Dorpstraat,3,F,"",5386AK,Geffen
Dorpstraat,3,G,"",5386AK,Geffen
Dorpstraat,3,H,"",5386AK,Geffen
Dorpstraat,3,J,"",5386AK,Geffen
Dorpstraat,3,K,"",5386AK,Geffen
Dorpstraat,3,L,"",5386AK,Geffen
Dorpstraat,3,M,"",5386AK,Geffen
Dorpstraat,5,"","",5386AK,Geffen
Dorpstraat,5,A,"",5386AK,Geffen
Dorpstraat,5,A,"",5386AK,Geffen
Dorpstraat,5,B,"",5386AK,Geffen
Dorpstraat,5,B,"",5386AK,Geffen
Dorpstraat,5,C,"",5386AK,Geffen
Dorpstraat,5,C,"",5386AK,Geffen
Dorpstraat,5,D,"",5386AK,Geffen
Dorpstraat,5,D,"",5386AK,Geffen
Dorpstraat,5,E,"",5386AK,Geffen
Dorpstraat,5,E,"",5386AK,Geffen
Dorpstraat,5,G,"",5386AK,Geffen
Dorpstraat,5,H,"",5386AK,Geffen
Dorpstraat,5,J,"",5386AK,Geffen
Dorpstraat,5,K,"",5386AK,Geffen
Dorpstraat,5,L,"",5386AK,Geffen
Dorpstraat,5,M,"",5386AK,Geffen
Dorpstraat,5,N,"",5386AK,Geffen
Dorpstraat,5,P,"",5386AK,Geffen
Dorpstraat,5,R,"",5386AK,Geffen
Dorpstraat,5,S,"",5386AK,Geffen
Dorpstraat,5,T,"",5386AK,Geffen
Dorpstraat,5,U,"",5386AK,Geffen
Dorpstraat,7,"","",5386AK,Geffen
Dorpstraat,7,A,"",5386AK,Geffen
Dorpstraat,7,A,"",5386AK,Geffen
Dorpstraat,7,B,"",5386AK,Geffen
Dorpstraat,7,B,"",5386AK,Geffen
Dorpstraat,7,C,"",5386AK,Geffen
Dorpstraat,7,C,"",5386AK,Geffen
Dorpstraat,7,C,"",5386AK,Geffen
Dorpstraat,7,C,"",5386AK,Geffen
Dorpstraat,9,"","",5386AK,Geffen
Dorpstraat,9,"","",5386AK,Geffen
Dorpstraat,9,A,"",5386AK,Geffen
Dorpstraat,9,A,"",5386AK,Geffen
Dorpstraat,9,A,"",5386AK,Geffen
Dorpstraat,9,B,"",5386AK,Geffen
Groenstraat,11,A,"",5386AL,Haren
Groenstraat,11,A,"",5386AL,Haren
Groenstraat,11,B,"",5386AL,Haren
Groenstraat,11,B,UNIT,5386AL,Haren
Groenstraat,13,"","",5386AL,Haren
Dorpstraat,31,"","",5386AL,Geffen
Dorpstraat,31,"","",5386AL,Geffen
Dorpstraat,31,"","",5386AL,Geffen
Dorpstraat,31,A,"",5386AL,Geffen
Dorpstraat,31,B,"",5386AL,Geffen
Dorpstraat,31,C,"",5386AL,Geffen
Dorpstraat,35,"","",5386AL,Geffen
Dorpstraat,37,"","",5386AL,Geffen
Dorpstraat,37,A,"",5386AL,Geffen
Dorpstraat,37,A,"",5386AL,Geffen
Dorpstraat,39,"","",5386AL,Geffen
Dorpstraat,41,"","",5386AL,Geffen
Dorpstraat,43,"","",5386AL,Geffen
Dorpstraat,49,"","",5386AL,Geffen
Dorpstraat,51,"","",5386AL,Geffen
Dorpstraat,53,"","",5386AL,Geffen
Dorpstraat,55,"","",5386AL,Geffen
Dorpstraat,57,"","",5386AL,Geffen
Dorpstraat,59,"","",5386AL,Geffen
Dorpstraat,61,"","",5386AL,Geffen
Dorpstraat,10,"","",5386AM,Geffen
Dorpstraat,14,"","",5386AM,Geffen
Dorpstraat,16,"","",5386AM,Geffen
Dorpstraat,18,"","",5386AM,Geffen
Dorpstraat,18,A,"",5386AM,Geffen
Dorpstraat,18,B,"",5386AM,Geffen
Dorpstraat,18,C,"",5386AM,Geffen
Dorpstraat,18,D,"",5386AM,Geffen
Dorpstraat,18,E,"",5386AM,Geffen
Dorpstraat,18,F,"",5386AM,Geffen
Dorpstraat,18,G,"",5386AM,Geffen
Dorpstraat,2,"","",5386AM,Geffen
Dorpstraat,2,A,"",5386AM,Geffen
Dorpstraat,2,A,"",5386AM,Geffen
Dorpstraat,20,"","",5386AM,Geffen
Dorpstraat,20,"","",5386AM,Geffen
Dorpstraat,20,"","",5386AM,Geffen
Dorpstraat,20,A,"",5386AM,Geffen
Dorpstraat,20,A,"",5386AM,Geffen
Dorpstraat,20,A,"",5386AM,Geffen
Dorpstraat,20,A,"",5386AM,Geffen
Dorpstraat,20,A,"",5386AM,Geffen
Dorpstraat,20,B,"",5386AM,Geffen
Dorpstraat,20,B,"",5386AM,Geffen
Dorpstraat,20,B,"",5386AM,Geffen
Dorpstraat,20,B,"",5386AM,Geffen
Dorpstraat,20,B,"",5386AM,Geffen
Dorpstraat,20,C,"",5386AM,Geffen
Dorpstraat,22,"","",5386AM,Geffen
Dorpstraat,22,"","",5386AM,Geffen
Dorpstraat,22,A,"",5386AM,Geffen
Dorpstraat,22,A,"",5386AM,Geffen
Dorpstraat,22,B,"",5386AM,Geffen
Dorpstraat,22,B,"",5386AM,Geffen
Dorpstraat,22,C,"",5386AM,Geffen
Dorpstraat,22,C,"",5386AM,Geffen
Dorpstraat,22,D,"",5386AM,Geffen
Dorpstraat,22,D,"",5386AM,Geffen
Dorpstraat,24,"","",5386AM,Geffen
Dorpstraat,24,A,"",5386AM,Geffen
Dorpstraat,24,A,"",5386AM,Geffen
Dorpstraat,26,"","",5386AM,Geffen
Dorpstraat,28,"","",5386AM,Geffen
Dorpstraat,32,"","",5386AM,Geffen
Dorpstraat,34,"","",5386AM,Geffen
Dorpstraat,34,A,"",5386AM,Geffen
Dorpstraat,34,A,"",5386AM,Geffen
Dorpstraat,36,"","",5386AM,Geffen
Dorpstraat,36,A,"",5386AM,Geffen
Dorpstraat,36,A,"",5386AM,Geffen
Dorpstraat,38,"","",5386AM,Geffen
Dorpstraat,38,A,"",5386AM,Geffen
Dorpstraat,38,A,"",5386AM,Geffen
Dorpstraat,4,"","",5386AM,Geffen
Dorpstraat,6,"","",5386AM,Geffen
Dorpstraat,8,"","",5386AM,Geffen
Dorpstraat,40,"","",5386AN,Geffen
Dorpstraat,42,"","",5386AN,Geffen
Dorpstraat,44,"","",5386AN,Geffen
Dorpstraat,46,"","",5386AN,Geffen
Dorpstraat,46,A,"",5386AN,Geffen
Dorpstraat,46,B,"",5386AN,Geffen
Dorpstraat,46,C,"",5386AN,Geffen
Dorpstraat,46,C,"",5386AN,Geffen
Dorpstraat,46,D,"",5386AN,Geffen
Dorpstraat,48,"","",5386AN,Geffen
Dorpstraat,48,A,"",5386AN,Geffen
Dorpstraat,48,A,"",5386AN,Geffen
Dorpstraat,48,B,"",5386AN,Geffen
Dorpstraat,48,B,"",5386AN,Geffen
Dorpstraat,48,C,"",5386AN,Geffen
Dorpstraat,48,C,"",5386AN,Geffen
Dorpstraat,48,D,"",5386AN,Geffen
Dorpstraat,48,D,"",5386AN,Geffen
Dorpstraat,48,E,"",5386AN,Geffen
Dorpstraat,48,E,"",5386AN,Geffen
Dorpstraat,48,F,"",5386AN,Geffen
Dorpstraat,48,F,"",5386AN,Geffen
Dorpstraat,48,G,"",5386AN,Geffen
Dorpstraat,48,G,"",5386AN,Geffen
Dorpstraat,48,H,"",5386AN,Geffen
Dorpstraat,48,H,"",5386AN,Geffen
Dorpstraat,48,I,"",5386AN,Geffen
Dorpstraat,48,I,"",5386AN,Geffen
Dorpstraat,48,J,"",5386AN,Geffen
Dorpstraat,48,J,"",5386AN,Geffen
Dorpstraat,48,K,"",5386AN,Geffen
Dorpstraat,48,K,"",5386AN,Geffen
Dorpstraat,48,L,"",5386AN,Geffen
Dorpstraat,48,L,"",5386AN,Geffen
Dorpstraat,48,M,"",5386AN,Geffen
Dorpstraat,48,M,"",5386AN,Geffen
Dorpstraat,48,N,"",5386AN,Geffen
Dorpstraat,48,N,"",5386AN,Geffen
Dorpstraat,48,O,"",5386AN,Geffen
Dorpstraat,48,O,"",5386AN,Geffen
Dorpstraat,48,P,"",5386AN,Geffen
Dorpstraat,48,P,"",5386AN,Geffen
Dorpstraat,48,Q,"",5386AN,Geffen
Dorpstraat,48,Q,"",5386AN,Geffen
Dorpstraat,48,R,"",5386AN,Geffen
Dorpstraat,48,R,"",5386AN,Geffen
Dorpstraat,50,"","",5386AN,Geffen
Dorpstraat,52,"","",5386AN,Geffen
Dorpstraat,52,A,"",5386AN,Geffen
Dorpstraat,52,A,"",5386AN,Geffen
Dorpstraat,54,"","",5386AN,Geffen
Dorpstraat,54,A,"",5386AN,Geffen
Dorpstraat,54,A,"",5386AN,Geffen
Dorpstraat,56,"","",5386AN,Geffen
Dorpstraat,58,"","",5386AN,Geffen
Dorpstraat,60,"","",5386AN,Geffen
Dorpstraat,62,"","",5386AN,Geffen
Mulderstraat,1,"","",5386AP,Geffen
Mulderstraat,11,"","",5386AP,Geffen
Mulderstraat,13,"","",5386AP,Geffen
Mulderstraat,15,"","",5386AP,Geffen
Mulderstraat,17,"","",5386AP,Geffen
Mulderstraat,2,"","",5386AP,Geffen
Mulderstraat,3,"","",5386AP,Geffen
Mulderstraat,4,"","",5386AP,Geffen
Mulderstraat,5,"","",5386AP,Geffen
Mulderstraat,6,"","",5386AP,Geffen
Mulderstraat,7,"","",5386AP,Geffen
Mulderstraat,9,"","",5386AP,Geffen
Kloosterstraat,1,"","",5386AR,Geffen
Kloosterstraat,15,"","",5386AR,Geffen
Kloosterstraat,19,"","",5386AR,Geffen
Kloosterstraat,19,A,"",5386AR,Geffen
Kloosterstraat,19,A,"",5386AR,Geffen
Kloosterstraat,21,"","",5386AR,Geffen
Kloosterstraat,21,A,"",5386AR,Geffen
Kloosterstraat,21,A,"",5386AR,Geffen
Kloosterstraat,23,"","",5386AR,Geffen
Kloosterstraat,25,"","",5386AR,Geffen
Kloosterstraat,25,"","",5386AR,Geffen
Kloosterstraat,25,A,"",5386AR,Geffen
Kloosterstraat,25,A,"",5386AR,Geffen
Kloosterstraat,29,"","",5386AR,Geffen
Kloosterstraat,3,"","",5386AR,Geffen
Kloosterstraat,31,"","",5386AR,Geffen
Kloosterstraat,33,"","",5386AR,Geffen
Kloosterstraat,33,"","",5386AR,Geffen
Kloosterstraat,33,A,"",5386AR,Geffen
Kloosterstraat,35,"","",5386AR,Geffen
Kloosterstraat,37,"","",5386AR,Geffen
Kloosterstraat,39,"","",5386AR,Geffen
Kloosterstraat,41,"","",5386AR,Geffen
Kloosterstraat,5,"","",5386AR,Geffen
Kloosterstraat,5,A,"",5386AR,Geffen
Kloosterstraat,5,A,"",5386AR,Geffen
Kloosterstraat,5,B,"",5386AR,Geffen
Kloosterstraat,5,B,"",5386AR,Geffen
Kloosterstraat,5,C,"",5386AR,Geffen
Kloosterstraat,5,C,"",5386AR,Geffen
Kloosterstraat,5,D,"",5386AR,Geffen
Kloosterstraat,5,D,"",5386AR,Geffen
Kloosterstraat,7,"","",5386AR,Geffen
Kloosterstraat,9,"","",5386AR,Geffen
Kloosterstraat,2,"","",5386AS,Geffen
Kloosterstraat,2,A,"",5386AS,Geffen
Kloosterstraat,2,A,"",5386AS,Geffen
Kloosterstraat,4,"","",5386AS,Geffen
Kloosterstraat,6,"","",5386AS,Geffen
Kloosterstraat,8,"","",5386AS,Geffen
Kloosterstraat,14,"","",5386AT,Geffen
Kloosterstraat,16,"","",5386AT,Geffen
Kloosterstraat,18,"","",5386AT,Geffen
Kloosterstraat,20,"","",5386AT,Geffen
Kloosterstraat,20,A,"",5386AT,Geffen
Kloosterstraat,20,A,"",5386AT,Geffen
Kloosterstraat,20,A,"",5386AT,Geffen
Kloosterstraat,22,"","",5386AT,Geffen
Kloosterstraat,22,A,"",5386AT,Geffen
Kloosterstraat,24,"","",5386AT,Geffen
Kloosterstraat,26,"","",5386AT,Geffen
Kloosterstraat,28,"","",5386AT,Geffen
Kloosterstraat,30,"","",5386AT,Geffen
Kloosterstraat,34,"","",5386AT,Geffen
Kloosterstraat,34,"","",5386AT,Geffen
Kloosterstraat,36,"","",5386AT,Geffen
Kloosterstraat,36,"","",5386AT,Geffen
Kloosterstraat,36,A,"",5386AT,Geffen
Kloosterstraat,38,"","",5386AT,Geffen
Kloosterstraat,38,"","",5386AT,Geffen
Kloosterstraat,40,"","",5386AT,Geffen
Kloosterstraat,42,"","",5386AT,Geffen
Kloosterstraat,44,"","",5386AT,Geffen
Kloosterstraat,44,A,"",5386AT,Geffen
Kloosterstraat,44,A,"",5386AT,Geffen
De Heegt,1,"","",5386AV,Geffen
De Heegt,10,"","",5386AV,Geffen
De Heegt,12,"","",5386AV,Geffen
De Heegt,14,"","",5386AV,Geffen
De Heegt,16,"","",5386AV,Geffen
Het paradijs,17,"","",5386AV,Haren
De Heegt,18,"","",5386AV,Geffen
De Heegt,2,"","",5386AV,Geffen
De Heegt,20,"","",5386AV,Geffen
De Heegt,22,"","",5386AV,Geffen
De Heegt,24,"","",5386AV,Geffen
De Heegt,26,"","",5386AV,Geffen
De Heegt,28,"","",5386AV,Geffen
De Heegt,3,"","",5386AV,Geffen
De Heegt,30,"","",5386AV,Geffen
De Heegt,32,"","",5386AV,Geffen
De Heegt,34,"","",5386AV,Geffen
De Heegt,36,"","",5386AV,Geffen
De Heegt,38,"","",5386AV,Geffen
De Heegt,4,"","",5386AV,Geffen
De Heegt,40,"","",5386AV,Geffen
De Heegt,5,"","",5386AV,Geffen
De Heegt,6,"","",5386AV,Geffen
De Heegt,7,"","",5386AV,Geffen
De Heegt,8,"","",5386AV,Geffen
De Heegt,9,"","",5386AV,Geffen
Veldstraat,1,"","",5386AW,Geffen
Veldstraat,1,"",K1,5386AW,Geffen
Veldstraat,1,"",K10,5386AW,Geffen
Veldstraat,1,"",K11,5386AW,Geffen
Veldstraat,1,"",K12,5386AW,Geffen
Veldstraat,1,"",K13,5386AW,Geffen
Veldstraat,1,"",K14,5386AW,Geffen
Veldstraat,1,"",K15,5386AW,Geffen
Veldstraat,1,"",K16,5386AW,Geffen
Veldstraat,1,"",K17,5386AW,Geffen
Veldstraat,1,"",K18,5386AW,Geffen
Veldstraat,1,"",K19,5386AW,Geffen
Veldstraat,1,"",K2,5386AW,Geffen
Veldstraat,1,"",K20,5386AW,Geffen
Veldstraat,1,"",K20,5386AW,Geffen
Veldstraat,1,"",K21,5386AW,Geffen
Veldstraat,1,"",K21,5386AW,Geffen
Veldstraat,1,"",K22,5386AW,Geffen
Veldstraat,1,"",K22,5386AW,Geffen
Veldstraat,1,"",K23,5386AW,Geffen
Veldstraat,1,"",K23,5386AW,Geffen
Veldstraat,1,"",K24,5386AW,Geffen
Veldstraat,1,"",K24,5386AW,Geffen
Veldstraat,1,"",K25,5386AW,Geffen
Veldstraat,1,"",K25,5386AW,Geffen
Veldstraat,1,"",K26,5386AW,Geffen
Veldstraat,1,"",K26,5386AW,Geffen
Veldstraat,1,"",K27,5386AW,Geffen
Veldstraat,1,"",K28,5386AW,Geffen
Veldstraat,1,"",K29,5386AW,Geffen
Veldstraat,1,"",K3,5386AW,Geffen
Veldstraat,1,"",K4,5386AW,Geffen
Veldstraat,1,"",K5,5386AW,Geffen
Veldstraat,1,"",K6,5386AW,Geffen
Veldstraat,1,"",K7,5386AW,Geffen
Veldstraat,1,"",K8,5386AW,Geffen
Veldstraat,1,"",K9,5386AW,Geffen
Veldstraat,1,A,"",5386AW,Geffen
Veldstraat,1,A,"",5386AW,Geffen
Veldstraat,1,B,"",5386AW,Geffen
Veldstraat,1,B,"",5386AW,Geffen
Veldstraat,1,C,"",5386AW,Geffen
Veldstraat,1,C,"",5386AW,Geffen
Veldstraat,1,D,"",5386AW,Geffen
Veldstraat,1,D,"",5386AW,Geffen
Veldstraat,11,"","",5386AW,Geffen
Veldstraat,13,"","",5386AW,Geffen
Veldstraat,15,"","",5386AW,Geffen
Veldstraat,17,"","",5386AW,Geffen
Veldstraat,19,"","",5386AW,Geffen
Veldstraat,19,A,"",5386AW,Geffen
Veldstraat,21,"","",5386AW,Geffen
Veldstraat,23,"","",5386AW,Geffen
Veldstraat,25,"","",5386AW,Geffen
Veldstraat,27,"","",5386AW,Geffen
Veldstraat,29,"","",5386AW,Geffen
Veldstraat,3,"","",5386AW,Geffen
Veldstraat,31,"","",5386AW,Geffen
Veldstraat,31,A,"",5386AW,Geffen
Veldstraat,31,A,"",5386AW,Geffen
Veldstraat,31,B,"",5386AW,Geffen
Veldstraat,31,B,"",5386AW,Geffen
Veldstraat,31,C,"",5386AW,Geffen
Veldstraat,31,C,"",5386AW,Geffen
Veldstraat,31,D,"",5386AW,Geffen
Veldstraat,31,D,"",5386AW,Geffen
Veldstraat,31,E,"",5386AW,Geffen
Veldstraat,31,E,"",5386AW,Geffen
Veldstraat,31,F,"",5386AW,Geffen
Veldstraat,31,F,"",5386AW,Geffen
Veldstraat,33,"","",5386AW,Geffen
Veldstraat,33,A,"",5386AW,Geffen
Veldstraat,33,A,"",5386AW,Geffen
Veldstraat,35,"","",5386AW,Geffen
Veldstraat,35,A,"",5386AW,Geffen
Veldstraat,35,B,"",5386AW,Geffen
Veldstraat,37,"","",5386AW,Geffen
Veldstraat,5,"","",5386AW,Geffen
Veldstraat,5,A,"",5386AW,Geffen
Veldstraat,5,A,"",5386AW,Geffen
Veldstraat,7,"","",5386AW,Geffen
Veldstraat,9,"","",5386AW,Geffen
Veldstraat,10,"","",5386AX,Geffen
Veldstraat,10,A,"",5386AX,Geffen
Veldstraat,10,A,"",5386AX,Geffen
Veldstraat,12,"","",5386AX,Geffen
Veldstraat,12,A,"",5386AX,Geffen
Veldstraat,12,A,"",5386AX,Geffen
Veldstraat,14,"","",5386AX,Geffen
Veldstraat,14,"","",5386AX,Geffen
Veldstraat,14,A,"",5386AX,Geffen
Veldstraat,14,A,"",5386AX,Geffen
Veldstraat,14,B,"",5386AX,Geffen
Veldstraat,14,B,"",5386AX,Geffen
Veldstraat,16,"","",5386AX,Geffen
Veldstraat,18,"","",5386AX,Geffen
Veldstraat,2,"","",5386AX,Geffen
Veldstraat,2,"","",5386AX,Geffen
Veldstraat,2,A,"",5386AX,Geffen
Veldstraat,20,A,"",5386AX,Geffen
Veldstraat,20,A,"",5386AX,Geffen
Veldstraat,20,B,"",5386AX,Geffen
Veldstraat,20,B,"",5386AX,Geffen
Veldstraat,20,C,"",5386AX,Geffen
Veldstraat,20,C,"",5386AX,Geffen
Veldstraat,22,"","",5386AX,Geffen
Veldstraat,6,"","",5386AX,Geffen
Veldstraat,6,A,"",5386AX,Geffen
Veldstraat,6,A,"",5386AX,Geffen
Veldstraat,8,"","",5386AX,Geffen
Veldstraat,26,A,"",5386AZ,Geffen
Veldstraat,26,A,"",5386AZ,Geffen
Veldstraat,26,B,"",5386AZ,Geffen
Veldstraat,26,B,"",5386AZ,Geffen
Veldstraat,28,"","",5386AZ,Geffen
Veldstraat,30,"","",5386AZ,Geffen
Veldstraat,30,A,"",5386AZ,Geffen
Veldstraat,30,B,"",5386AZ,Geffen
Veldstraat,32,A,"",5386AZ,Geffen
Veldstraat,32,B,"",5386AZ,Geffen
Veldstraat,34,"","",5386AZ,Geffen
Veldstraat,36,"","",5386AZ,Geffen
Lambertusstraat,1,"","",5386BA,Geffen
Lambertusstraat,11,"","",5386BA,Geffen
Lambertusstraat,13,"","",5386BA,Geffen
Lambertusstraat,15,"","",5386BA,Geffen
Lambertusstraat,17,"","",5386BA,Geffen
Lambertusstraat,19,"","",5386BA,Geffen
Lambertusstraat,21,"","",5386BA,Geffen
Lambertusstraat,23,"","",5386BA,Geffen
Lambertusstraat,27,"","",5386BA,Geffen
Lambertusstraat,29,"","",5386BA,Geffen
Lambertusstraat,3,"","",5386BA,Geffen
Lambertusstraat,31,"","",5386BA,Geffen
Lambertusstraat,33,"","",5386BA,Geffen
Lambertusstraat,35,"","",5386BA,Geffen
Lambertusstraat,37,"","",5386BA,Geffen
Lambertusstraat,39,"","",5386BA,Geffen
Lambertusstraat,41,"","",5386BA,Geffen
Lambertusstraat,43,"","",5386BA,Geffen
Lambertusstraat,45,"","",5386BA,Geffen
Lambertusstraat,47,"","",5386BA,Geffen
Lambertusstraat,49,"","",5386BA,Geffen
Lambertusstraat,5,"","",5386BA,Geffen
Lambertusstraat,7,"","",5386BA,Geffen
Lambertusstraat,9,"","",5386BA,Geffen
Lambertusstraat,10,"","",5386BB,Geffen
Lambertusstraat,12,"","",5386BB,Geffen
Lambertusstraat,16,"","",5386BB,Geffen
Lambertusstraat,18,"","",5386BB,Geffen
Lambertusstraat,2,"","",5386BB,Geffen
Lambertusstraat,20,"","",5386BB,Geffen
Lambertusstraat,22,"","",5386BB,Geffen
Lambertusstraat,24,"","",5386BB,Geffen
Lambertusstraat,24,"","",5386BB,Geffen
Lambertusstraat,26,"","",5386BB,Geffen
Lambertusstraat,26,"","",5386BB,Geffen
Lambertusstraat,28,"","",5386BB,Geffen
Lambertusstraat,30,"","",5386BB,Geffen
Lambertusstraat,32,"","",5386BB,Geffen
Lambertusstraat,4,"","",5386BB,Geffen
Lambertusstraat,4,"","",5386BB,Geffen
Lambertusstraat,6,"","",5386BB,Geffen
Lambertusstraat,8,"","",5386BB,Geffen
Harrie Schoutenstraat,1,"","",5386BC,Geffen
Harrie Schoutenstraat,1,"","",5386BC,Geffen
Harrie Schoutenstraat,1,"","",5386BC,Geffen
Harrie Schoutenstraat,11,"","",5386BC,Geffen
Harrie Schoutenstraat,13,"","",5386BC,Geffen
Harrie Schoutenstraat,15,"","",5386BC,Geffen
Harrie Schoutenstraat,17,"","",5386BC,Geffen
Harrie Schoutenstraat,19,"","",5386BC,Geffen
Harrie Schoutenstraat,21,"","",5386BC,Geffen
Harrie Schoutenstraat,23,"","",5386BC,Geffen
Harrie Schoutenstraat,25,"","",5386BC,Geffen
Harrie Schoutenstraat,27,"","",5386BC,Geffen
Harrie Schoutenstraat,29,"","",5386BC,Geffen
Harrie Schoutenstraat,3,"","",5386BC,Geffen
Harrie Schoutenstraat,3,"","",5386BC,Geffen
Harrie Schoutenstraat,31,"","",5386BC,Geffen
Harrie Schoutenstraat,33,"","",5386BC,Geffen
Harrie Schoutenstraat,35,"","",5386BC,Geffen
Harrie Schoutenstraat,37,"","",5386BC,Geffen
Harrie Schoutenstraat,39,"","",5386BC,Geffen
Harrie Schoutenstraat,4,"","",5386BC,Geffen
Harrie Schoutenstraat,41,"","",5386BC,Geffen
Harrie Schoutenstraat,43,"","",5386BC,Geffen
Harrie Schoutenstraat,45,"","",5386BC,Geffen
Harrie Schoutenstraat,47,"","",5386BC,Geffen
Harrie Schoutenstraat,49,"","",5386BC,Geffen
Harrie Schoutenstraat,5,"","",5386BC,Geffen
Harrie Schoutenstraat,51,"","",5386BC,Geffen
Harrie Schoutenstraat,53,"","",5386BC,Geffen
Harrie Schoutenstraat,55,"","",5386BC,Geffen
Harrie Schoutenstraat,57,"","",5386BC,Geffen
Harrie Schoutenstraat,59,"","",5386BC,Geffen
Harrie Schoutenstraat,6,"","",5386BC,Geffen
Harrie Schoutenstraat,7,"","",5386BC,Geffen
Harrie Schoutenstraat,9,"","",5386BC,Geffen
Aloysiusplein,1,"","",5386BD,Geffen
Aloysiusplein,1,"","",5386BD,Geffen
Aloysiusplein,11,"","",5386BD,Geffen
Aloysiusplein,13,"","",5386BD,Geffen
Aloysiusplein,15,"","",5386BD,Geffen
Aloysiusplein,17,"","",5386BD,Geffen
Aloysiusplein,19,"","",5386BD,Geffen
Aloysiusplein,21,"","",5386BD,Geffen
Aloysiusplein,23,"","",5386BD,Geffen
Aloysiusplein,25,"","",5386BD,Geffen
Aloysiusplein,27,"","",5386BD,Geffen
Aloysiusplein,29,"","",5386BD,Geffen
Aloysiusplein,3,"","",5386BD,Geffen
Aloysiusplein,31,"","",5386BD,Geffen
Aloysiusplein,33,"","",5386BD,Geffen
Aloysiusplein,35,"","",5386BD,Geffen
Aloysiusplein,37,"","",5386BD,Geffen
Aloysiusplein,39,"","",5386BD,Geffen
Aloysiusplein,41,"","",5386BD,Geffen
Aloysiusplein,43,"","",5386BD,Geffen
Aloysiusplein,45,"","",5386BD,Geffen
Aloysiusplein,47,"","",5386BD,Geffen
Aloysiusplein,49,"","",5386BD,Geffen
Aloysiusplein,5,"","",5386BD,Geffen
Aloysiusplein,51,"","",5386BD,Geffen
Aloysiusplein,53,"","",5386BD,Geffen
Aloysiusplein,55,"","",5386BD,Geffen
Aloysiusplein,57,"","",5386BD,Geffen
Aloysiusplein,7,"","",5386BD,Geffen
Aloysiusplein,9,"","",5386BD,Geffen
Raadhuisstraat,1,"","",5386BE,Geffen
Raadhuisstraat,1,A,"",5386BE,Geffen
Raadhuisstraat,1,B,"",5386BE,Geffen
Raadhuisstraat,1,C,"",5386BE,Geffen
Raadhuisstraat,1,D,"",5386BE,Geffen
Raadhuisstraat,1,E,"",5386BE,Geffen
Raadhuisstraat,1,F,"",5386BE,Geffen
Raadhuisstraat,1,G,"",5386BE,Geffen
Raadhuisstraat,1,H,"",5386BE,Geffen
Raadhuisstraat,1,K,"",5386BE,Geffen
Raadhuisstraat,1,L,"",5386BE,Geffen
Raadhuisstraat,1,M,"",5386BE,Geffen
Raadhuisstraat,1,N,"",5386BE,Geffen
Raadhuisstraat,1,P,"",5386BE,Geffen
Raadhuisstraat,1,R,"",5386BE,Geffen
Raadhuisstraat,1,S,"",5386BE,Geffen
Raadhuisstraat,1,T,"",5386BE,Geffen
Raadhuisstraat,10,"","",5386BE,Geffen
Raadhuisstraat,12,"","",5386BE,Geffen
Raadhuisstraat,14,"","",5386BE,Geffen
Raadhuisstraat,16,"","",5386BE,Geffen
Raadhuisstraat,18,"","",5386BE,Geffen
Raadhuisstraat,2,"","",5386BE,Geffen
Raadhuisstraat,3,"","",5386BE,Geffen
Raadhuisstraat,4,"","",5386BE,Geffen
Raadhuisstraat,5,"","",5386BE,Geffen
Raadhuisstraat,6,"","",5386BE,Geffen
Raadhuisstraat,7,"","",5386BE,Geffen
Raadhuisstraat,8,"","",5386BE,Geffen
Raadhuisstraat,9,"","",5386BE,Geffen
Thijmstraat,1,"","",5386BG,Geffen
Thijmstraat,10,"","",5386BG,Geffen
Thijmstraat,2,"","",5386BG,Geffen
Thijmstraat,3,"","",5386BG,Geffen
Thijmstraat,4,"","",5386BG,Geffen
Thijmstraat,5,"","",5386BG,Geffen
Thijmstraat,6,"","",5386BG,Geffen
Thijmstraat,8,"","",5386BG,Geffen
Trudostraat,10,"","",5386BH,Geffen
Trudostraat,12,"","",5386BH,Geffen
Trudostraat,14,"","",5386BH,Geffen
Trudostraat,2,"","",5386BH,Geffen
Trudostraat,4,"","",5386BH,Geffen
Trudostraat,6,"","",5386BH,Geffen
Trudostraat,8,"","",5386BH,Geffen
Willibrordusstraat,1,"","",5386BJ,Geffen
Willibrordusstraat,11,"","",5386BJ,Geffen
Willibrordusstraat,13,"","",5386BJ,Geffen
Willibrordusstraat,15,"","",5386BJ,Geffen
Willibrordusstraat,17,"","",5386BJ,Geffen
Willibrordusstraat,19,"","",5386BJ,Geffen
Willibrordusstraat,21,"","",5386BJ,Geffen
Willibrordusstraat,23,"","",5386BJ,Geffen
Willibrordusstraat,25,"","",5386BJ,Geffen
Willibrordusstraat,27,"","",5386BJ,Geffen
Willibrordusstraat,3,"","",5386BJ,Geffen
Willibrordusstraat,5,"","",5386BJ,Geffen
Willibrordusstraat,5,A,"",5386BJ,Geffen
Willibrordusstraat,5,A,"",5386BJ,Geffen
Willibrordusstraat,7,"","",5386BJ,Geffen
Willibrordusstraat,9,"","",5386BJ,Geffen
Willibrordusstraat,10,"","",5386BK,Geffen
Willibrordusstraat,12,"","",5386BK,Geffen
Willibrordusstraat,14,"","",5386BK,Geffen
Willibrordusstraat,16,"","",5386BK,Geffen
Willibrordusstraat,18,"","",5386BK,Geffen
Willibrordusstraat,2,"","",5386BK,Geffen
Willibrordusstraat,20,"","",5386BK,Geffen
Willibrordusstraat,22,"","",5386BK,Geffen
Willibrordusstraat,24,"","",5386BK,Geffen
Willibrordusstraat,26,"","",5386BK,Geffen
Willibrordusstraat,28,"","",5386BK,Geffen
Willibrordusstraat,30,"","",5386BK,Geffen
Willibrordusstraat,32,"","",5386BK,Geffen
Willibrordusstraat,4,"","",5386BK,Geffen
Willibrordusstraat,6,"","",5386BK,Geffen
Willibrordusstraat,8,"","",5386BK,Geffen
Le Sage ten Broekstraat,1,"","",5386BL,Geffen
Le Sage ten Broekstraat,2,"","",5386BL,Geffen
Le Sage ten Broekstraat,3,"","",5386BL,Geffen
Le Sage ten Broekstraat,4,"","",5386BL,Geffen
Le Sage ten Broekstraat,5,"","",5386BL,Geffen
Le Sage ten Broekstraat,6,"","",5386BL,Geffen
Doctor Ariënsstraat,4,"","",5386BM,Geffen
Doctor Ariënsstraat,6,"","",5386BM,Geffen
Johan van der Slootstraat,1,"","",5386BN,Geffen
Johan van der Slootstraat,1,A,"",5386BN,Geffen
Johan van der Slootstraat,1,A,"",5386BN,Geffen
Johan van der Slootstraat,10,"","",5386BN,Geffen
Johan van der Slootstraat,11,"","",5386BN,Geffen
Johan van der Slootstraat,12,"","",5386BN,Geffen
Johan van der Slootstraat,13,"","",5386BN,Geffen
Johan van der Slootstraat,14,"","",5386BN,Geffen
Johan van der Slootstraat,15,"","",5386BN,Geffen
Johan van der Slootstraat,16,"","",5386BN,Geffen
Johan van der Slootstraat,18,"","",5386BN,Geffen
Johan van der Slootstraat,2,"","",5386BN,Geffen
Johan van der Slootstraat,20,"","",5386BN,Geffen
Johan van der Slootstraat,22,"","",5386BN,Geffen
Johan van der Slootstraat,3,"","",5386BN,Geffen
Johan van der Slootstraat,4,"","",5386BN,Geffen
Johan van der Slootstraat,5,"","",5386BN,Geffen
Johan van der Slootstraat,6,"","",5386BN,Geffen
Johan van der Slootstraat,7,"","",5386BN,Geffen
Johan van der Slootstraat,8,"","",5386BN,Geffen
Johan van der Slootstraat,9,"","",5386BN,Geffen
Kapelstraat,1,"","",5386BP,Geffen
Kapelstraat,11,"","",5386BP,Geffen
Kapelstraat,13,"","",5386BP,Geffen
Kapelstraat,15,"","",5386BP,Geffen
Kapelstraat,17,"","",5386BP,Geffen
Kapelstraat,19,"","",5386BP,Geffen
Kapelstraat,21,"","",5386BP,Geffen
Kapelstraat,23,"","",5386BP,Geffen
Kapelstraat,25,"","",5386BP,Geffen
Kapelstraat,3,"","",5386BP,Geffen
Kapelstraat,5,"","",5386BP,Geffen
Kapelstraat,7,"","",5386BP,Geffen
Kapelstraat,9,"","",5386BP,Geffen
Kapelstraat,9,A,"",5386BP,Geffen
Kapelstraat,9,A,"",5386BP,Geffen
Kapelstraat,9,B,"",5386BP,Geffen
Kapelstraat,9,B,"",5386BP,Geffen
Kapelstraat,27,"","",5386BR,Geffen
Kapelstraat,29,"","",5386BR,Geffen
Kapelstraat,31,"","",5386BR,Geffen
Kapelstraat,33,"","",5386BR,Geffen
Kapelstraat,35,"","",5386BR,Geffen
Kapelstraat,37,"","",5386BR,Geffen
Kapelstraat,39,"","",5386BR,Geffen
Kapelstraat,41,"","",5386BR,Geffen
Kapelstraat,43,"","",5386BR,Geffen
Kapelstraat,45,"","",5386BR,Geffen
Kapelstraat,47,"","",5386BR,Geffen
Kapelstraat,49,"","",5386BR,Geffen
Kapelstraat,51,"","",5386BR,Geffen
Kapelstraat,53,"","",5386BR,Geffen
Kapelstraat,55,"","",5386BR,Geffen
Kapelstraat,57,"","",5386BR,Geffen
Kapelstraat,59,"","",5386BR,Geffen
Kapelstraat,61,"","",5386BR,Geffen
Kapelstraat,63,"","",5386BR,Geffen
Kapelstraat,65,"","",5386BR,Geffen
Kapelstraat,67,"","",5386BR,Geffen
Kapelstraat,69,"","",5386BR,Geffen
Kapelstraat,10,"","",5386BS,Geffen
Kapelstraat,12,"","",5386BS,Geffen
Kapelstraat,14,"","",5386BS,Geffen
Kapelstraat,16,"","",5386BS,Geffen
Kapelstraat,18,"","",5386BS,Geffen
Kapelstraat,20,"","",5386BS,Geffen
Kapelstraat,22,"","",5386BS,Geffen
Kapelstraat,24,"","",5386BS,Geffen
Kapelstraat,26,"","",5386BS,Geffen
Kapelstraat,28,"","",5386BS,Geffen
Kapelstraat,30,"","",5386BS,Geffen
Kapelstraat,32,"","",5386BS,Geffen
Kapelstraat,34,"","",5386BS,Geffen
Kapelstraat,36,"","",5386BS,Geffen
Kapelstraat,6,"","",5386BS,Geffen
Kapelstraat,8,"","",5386BS,Geffen
Meester van Sonstraat,1,"","",5386BT,Geffen
Meester van Sonstraat,2,"","",5386BT,Geffen
Meester van Sonstraat,3,"","",5386BT,Geffen
Meester van Sonstraat,4,"","",5386BT,Geffen
Meester van Sonstraat,5,"","",5386BT,Geffen
Meester van Sonstraat,6,"","",5386BT,Geffen
Doctor Poelsstraat,1,"","",5386BV,Geffen
Doctor Poelsstraat,11,"","",5386BV,Geffen
Doctor Poelsstraat,13,"","",5386BV,Geffen
Doctor Poelsstraat,15,"","",5386BV,Geffen
Doctor Poelsstraat,17,"","",5386BV,Geffen
Doctor Poelsstraat,19,"","",5386BV,Geffen
Doctor Poelsstraat,21,"","",5386BV,Geffen
Doctor Poelsstraat,23,"","",5386BV,Geffen
Doctor Poelsstraat,3,"","",5386BV,Geffen
Doctor Poelsstraat,5,"","",5386BV,Geffen
Doctor Poelsstraat,7,"","",5386BV,Geffen
Doctor Poelsstraat,9,"","",5386BV,Geffen
Doctor Poelsstraat,10,"","",5386BW,Geffen
Doctor Poelsstraat,12,"","",5386BW,Geffen
Doctor Poelsstraat,14,"","",5386BW,Geffen
Doctor Poelsstraat,16,"","",5386BW,Geffen
Doctor Poelsstraat,18,"","",5386BW,Geffen
Doctor Poelsstraat,2,"","",5386BW,Geffen
Doctor Poelsstraat,20,"","",5386BW,Geffen
Doctor Poelsstraat,22,"","",5386BW,Geffen
Doctor Poelsstraat,24,"","",5386BW,Geffen
Doctor Poelsstraat,26,"","",5386BW,Geffen
Doctor Poelsstraat,28,"","",5386BW,Geffen
Doctor Poelsstraat,4,"","",5386BW,Geffen
Doctor Poelsstraat,6,"","",5386BW,Geffen
Doctor Poelsstraat,8,"","",5386BW,Geffen
Peter van Grinsvenstraat,10,"","",5386BX,Geffen
Peter van Grinsvenstraat,12,"","",5386BX,Geffen
Peter van Grinsvenstraat,2,"","",5386BX,Geffen
Peter van Grinsvenstraat,4,"","",5386BX,Geffen
Peter van Grinsvenstraat,6,"","",5386BX,Geffen
Peter van Grinsvenstraat,8,"","",5386BX,Geffen
Tolweg,1,"","",5386BZ,Geffen
Tolweg,1,A,"",5386BZ,Geffen
Tolweg,1,A,"",5386BZ,Geffen
Tolweg,10,"","",5386BZ,Geffen
Tolweg,12,"","",5386BZ,Geffen
Tolweg,14,"","",5386BZ,Geffen
Tolweg,2,"","",5386BZ,Geffen
Tolweg,2,"","",5386BZ,Geffen
Tolweg,2,A,"",5386BZ,Geffen
Tolweg,2,A,"",5386BZ,Geffen
Tolweg,3,"","",5386BZ,Geffen
Tolweg,4,"","",5386BZ,Geffen
Tolweg,5,"","",5386BZ,Geffen
Tolweg,6,"","",5386BZ,Geffen
Tolweg,7,"","",5386BZ,Geffen
Tolweg,8,"","",5386BZ,Geffen
Pater van den Elsenstraat,11,"","",5386CA,Geffen
Pater van den Elsenstraat,11,"","",5386CA,Geffen
Pater van den Elsenstraat,13,"","",5386CA,Geffen
Pater van den Elsenstraat,13,"","",5386CA,Geffen
Pater van den Elsenstraat,15,"","",5386CA,Geffen
Pater van den Elsenstraat,15,"","",5386CA,Geffen
Pater van den Elsenstraat,17,"","",5386CA,Geffen
Pater van den Elsenstraat,17,"","",5386CA,Geffen
Pater van den Elsenstraat,19,"","",5386CA,Geffen
Pater van den Elsenstraat,19,"","",5386CA,Geffen
Pater van den Elsenstraat,21,"","",5386CA,Geffen
Pater van den Elsenstraat,21,"","",5386CA,Geffen
Pater van den Elsenstraat,23,"","",5386CA,Geffen
Pater van den Elsenstraat,23,"","",5386CA,Geffen
Pater van den Elsenstraat,25,"","",5386CA,Geffen
Pater van den Elsenstraat,25,"","",5386CA,Geffen
Pater van den Elsenstraat,27,"","",5386CA,Geffen
Pater van den Elsenstraat,27,"","",5386CA,Geffen
Pater van den Elsenstraat,29,"","",5386CA,Geffen
Pater van den Elsenstraat,29,"","",5386CA,Geffen
Pater van den Elsenstraat,31,"","",5386CA,Geffen
Pater van den Elsenstraat,31,"","",5386CA,Geffen
Pater van den Elsenstraat,33,"","",5386CA,Geffen
Pater van den Elsenstraat,33,"","",5386CA,Geffen
Pater van den Elsenstraat,35,"","",5386CA,Geffen
Pater van den Elsenstraat,35,"","",5386CA,Geffen
Pater van den Elsenstraat,37,"","",5386CA,Geffen
Pater van den Elsenstraat,37,"","",5386CA,Geffen
Pater van den Elsenstraat,39,"","",5386CA,Geffen
Pater van den Elsenstraat,39,"","",5386CA,Geffen
Pater van den Elsenstraat,9,"","",5386CA,Geffen
Pater van den Elsenstraat,9,"","",5386CA,Geffen
Pater van den Elsenstraat,10,"","",5386CB,Geffen
Pater van den Elsenstraat,10,"","",5386CB,Geffen
Pater van den Elsenstraat,12,"","",5386CB,Geffen
Pater van den Elsenstraat,12,"","",5386CB,Geffen
Pater van den Elsenstraat,12,A,"",5386CB,Geffen
Pater van den Elsenstraat,12,A,"",5386CB,Geffen
Pater van den Elsenstraat,12,A,"",5386CB,Geffen
Pater van den Elsenstraat,12,A,"",5386CB,Geffen
Pater van den Elsenstraat,12,B,"",5386CB,Geffen
Pater van den Elsenstraat,12,B,"",5386CB,Geffen
Pater van den Elsenstraat,12,B,"",5386CB,Geffen
Pater van den Elsenstraat,12,B,"",5386CB,Geffen
Pater van den Elsenstraat,14,"","",5386CB,Geffen
Pater van den Elsenstraat,14,"","",5386CB,Geffen
Pater van den Elsenstraat,16,"","",5386CB,Geffen
Pater van den Elsenstraat,16,"","",5386CB,Geffen
Pater van den Elsenstraat,18,"","",5386CB,Geffen
Pater van den Elsenstraat,18,"","",5386CB,Geffen
Pater van den Elsenstraat,2,"","",5386CB,Geffen
Pater van den Elsenstraat,2,"","",5386CB,Geffen
Pater van den Elsenstraat,20,"","",5386CB,Geffen
Pater van den Elsenstraat,20,"","",5386CB,Geffen
Pater van den Elsenstraat,22,"","",5386CB,Geffen
Pater van den Elsenstraat,22,"","",5386CB,Geffen
Pater van den Elsenstraat,22,A,"",5386CB,Geffen
Pater van den Elsenstraat,22,A,"",5386CB,Geffen
Pater van den Elsenstraat,22,A,"",5386CB,Geffen
Pater van den Elsenstraat,22,A,"",5386CB,Geffen
Pater van den Elsenstraat,24,"","",5386CB,Geffen
Pater van den Elsenstraat,24,"","",5386CB,Geffen
Pater van den Elsenstraat,26,"","",5386CB,Geffen
Pater van den Elsenstraat,26,"","",5386CB,Geffen
Pater van den Elsenstraat,28,"","",5386CB,Geffen
Pater van den Elsenstraat,28,"","",5386CB,Geffen
Pater van den Elsenstraat,30,"","",5386CB,Geffen
Pater van den Elsenstraat,30,"","",5386CB,Geffen
Pater van den Elsenstraat,32,"","",5386CB,Geffen
Pater van den Elsenstraat,32,"","",5386CB,Geffen
Pater van den Elsenstraat,34,"","",5386CB,Geffen
Pater van den Elsenstraat,34,"","",5386CB,Geffen
Pater van den Elsenstraat,4,"","",5386CB,Geffen
Pater van den Elsenstraat,4,"","",5386CB,Geffen
Pater van den Elsenstraat,6,"","",5386CB,Geffen
Pater van den Elsenstraat,6,"","",5386CB,Geffen
Pater van den Elsenstraat,8,"","",5386CB,Geffen
Pater van den Elsenstraat,8,"","",5386CB,Geffen
Simon van den Berghstraat,11,"","",5386CC,Geffen
Simon van den Berghstraat,13,"","",5386CC,Geffen
Simon van den Berghstraat,15,"","",5386CC,Geffen
Simon van den Berghstraat,17,"","",5386CC,Geffen
Simon van den Berghstraat,19,"","",5386CC,Geffen
Simon van den Berghstraat,21,"","",5386CC,Geffen
Simon van den Berghstraat,23,"","",5386CC,Geffen
Simon van den Berghstraat,25,"","",5386CC,Geffen
Simon van den Berghstraat,27,"","",5386CC,Geffen
Simon van den Berghstraat,29,"","",5386CC,Geffen
Simon van den Berghstraat,3,"","",5386CC,Geffen
Simon van den Berghstraat,31,"","",5386CC,Geffen
Simon van den Berghstraat,33,"","",5386CC,Geffen
Simon van den Berghstraat,35,"","",5386CC,Geffen
Simon van den Berghstraat,5,"","",5386CC,Geffen
Simon van den Berghstraat,7,"","",5386CC,Geffen
Simon van den Berghstraat,9,"","",5386CC,Geffen
De Wiel,1,"","",5386CD,Geffen
De Wiel,10,"","",5386CD,Geffen
De Wiel,11,"","",5386CD,Geffen
De Wiel,13,"","",5386CD,Geffen
De Wiel,15,"","",5386CD,Geffen
De Wiel,17,"","",5386CD,Geffen
De Wiel,19,"","",5386CD,Geffen
De Wiel,2,"","",5386CD,Geffen
De Wiel,21,"","",5386CD,Geffen
De Wiel,3,"","",5386CD,Geffen
De Wiel,4,"","",5386CD,Geffen
De Wiel,5,"","",5386CD,Geffen
De Wiel,6,"","",5386CD,Geffen
De Wiel,7,"","",5386CD,Geffen
De Wiel,8,"","",5386CD,Geffen
De Wiel,9,"","",5386CD,Geffen
Simon van den Berghstraat,10,"","",5386CE,Geffen
Simon van den Berghstraat,12,"","",5386CE,Geffen
Simon van den Berghstraat,14,"","",5386CE,Geffen
Simon van den Berghstraat,16,"","",5386CE,Geffen
Simon van den Berghstraat,18,"","",5386CE,Geffen
Simon van den Berghstraat,2,"","",5386CE,Geffen
Simon van den Berghstraat,20,"","",5386CE,Geffen
Simon van den Berghstraat,22,"","",5386CE,Geffen
Simon van den Berghstraat,24,"","",5386CE,Geffen
Simon van den Berghstraat,26,"","",5386CE,Geffen
Simon van den Berghstraat,28,"","",5386CE,Geffen
Simon van den Berghstraat,30,"","",5386CE,Geffen
Simon van den Berghstraat,32,"","",5386CE,Geffen
Simon van den Berghstraat,34,"","",5386CE,Geffen
Simon van den Berghstraat,36,"","",5386CE,Geffen
Simon van den Berghstraat,38,"","",5386CE,Geffen
Simon van den Berghstraat,4,"","",5386CE,Geffen
Simon van den Berghstraat,40,"","",5386CE,Geffen
Simon van den Berghstraat,42,"","",5386CE,Geffen
Simon van den Berghstraat,6,"","",5386CE,Geffen
Simon van den Berghstraat,8,"","",5386CE,Geffen
Simon van den Berghstraat,44,"","",5386CG,Geffen
Simon van den Berghstraat,46,"","",5386CG,Geffen
Simon van den Berghstraat,48,"","",5386CG,Geffen
Simon van den Berghstraat,50,"","",5386CG,Geffen
Simon van den Berghstraat,52,"","",5386CG,Geffen
Simon van den Berghstraat,56,"","",5386CG,Geffen
Simon van den Berghstraat,58,"","",5386CG,Geffen
Doctor Schaepmanstraat,1,"","",5386CH,Geffen
Doctor Schaepmanstraat,10,"","",5386CH,Geffen
Doctor Schaepmanstraat,11,"","",5386CH,Geffen
Doctor Schaepmanstraat,12,"","",5386CH,Geffen
Doctor Schaepmanstraat,13,"","",5386CH,Geffen
Doctor Schaepmanstraat,14,"","",5386CH,Geffen
Doctor Schaepmanstraat,15,"","",5386CH,Geffen
Doctor Schaepmanstraat,16,"","",5386CH,Geffen
Doctor Schaepmanstraat,17,"","",5386CH,Geffen
Doctor Schaepmanstraat,19,"","",5386CH,Geffen
Doctor Schaepmanstraat,2,"","",5386CH,Geffen
Doctor Schaepmanstraat,3,"","",5386CH,Geffen
Doctor Schaepmanstraat,4,"","",5386CH,Geffen
Doctor Schaepmanstraat,5,"","",5386CH,Geffen
Doctor Schaepmanstraat,6,"","",5386CH,Geffen
Doctor Schaepmanstraat,7,"","",5386CH,Geffen
Doctor Schaepmanstraat,8,"","",5386CH,Geffen
Doctor Schaepmanstraat,9,"","",5386CH,Geffen
Monseigneur Zwijsenstraat,1,"","",5386CJ,Geffen
Monseigneur Zwijsenstraat,1,"","",5386CJ,Geffen
Monseigneur Zwijsenstraat,10,"","",5386CJ,Geffen
Monseigneur Zwijsenstraat,10,"","",5386CJ,Geffen
Monseigneur Zwijsenstraat,11,"","",5386CJ,Geffen
Monseigneur Zwijsenstraat,11,"","",5386CJ,Geffen
Monseigneur Zwijsenstraat,12,"","",5386CJ,Geffen
Monseigneur Zwijsenstraat,12,"","",5386CJ,Geffen
Monseigneur Zwijsenstraat,13,"","",5386CJ,Geffen
Monseigneur Zwijsenstraat,13,"","",5386CJ,Geffen
Monseigneur Zwijsenstraat,14,"","",5386CJ,Geffen
Monseigneur Zwijsenstraat,14,"","",5386CJ,Geffen
Monseigneur Zwijsenstraat,15,"","",5386CJ,Geffen
Monseigneur Zwijsenstraat,15,"","",5386CJ,Geffen
Monseigneur Zwijsenstraat,16,"","",5386CJ,Geffen
Monseigneur Zwijsenstraat,16,"","",5386CJ,Geffen
Monseigneur Zwijsenstraat,17,"","",5386CJ,Geffen
Monseigneur Zwijsenstraat,17,"","",5386CJ,Geffen
Monseigneur Zwijsenstraat,18,"","",5386CJ,Geffen
Monseigneur Zwijsenstraat,18,"","",5386CJ,Geffen
Monseigneur Zwijsenstraat,19,"","",5386CJ,Geffen
Monseigneur Zwijsenstraat,19,"","",5386CJ,Geffen
Monseigneur Zwijsenstraat,2,"","",5386CJ,Geffen
Monseigneur Zwijsenstraat,2,"","",5386CJ,Geffen
Monseigneur Zwijsenstraat,20,"","",5386CJ,Geffen
Monseigneur Zwijsenstraat,20,"","",5386CJ,Geffen
Monseigneur Zwijsenstraat,21,"","",5386CJ,Geffen
Monseigneur Zwijsenstraat,21,"","",5386CJ,Geffen
Monseigneur Zwijsenstraat,23,"","",5386CJ,Geffen
Monseigneur Zwijsenstraat,23,"","",5386CJ,Geffen
Monseigneur Zwijsenstraat,3,"","",5386CJ,Geffen
Monseigneur Zwijsenstraat,3,"","",5386CJ,Geffen
Monseigneur Zwijsenstraat,4,"","",5386CJ,Geffen
Monseigneur Zwijsenstraat,4,"","",5386CJ,Geffen
Monseigneur Zwijsenstraat,5,"","",5386CJ,Geffen
Monseigneur Zwijsenstraat,5,"","",5386CJ,Geffen
Monseigneur Zwijsenstraat,6,"","",5386CJ,Geffen
Monseigneur Zwijsenstraat,6,"","",5386CJ,Geffen
Monseigneur Zwijsenstraat,7,"","",5386CJ,Geffen
Monseigneur Zwijsenstraat,7,"","",5386CJ,Geffen
Monseigneur Zwijsenstraat,8,"","",5386CJ,Geffen
Monseigneur Zwijsenstraat,8,"","",5386CJ,Geffen
Monseigneur Zwijsenstraat,9,"","",5386CJ,Geffen
Monseigneur Zwijsenstraat,9,"","",5386CJ,Geffen
Monseigneur Bekkersstraat,1,"","",5386CK,Geffen
Monseigneur Bekkersstraat,10,"","",5386CK,Geffen
Monseigneur Bekkersstraat,12,"","",5386CK,Geffen
Monseigneur Bekkersstraat,2,"","",5386CK,Geffen
Monseigneur Bekkersstraat,4,"","",5386CK,Geffen
Monseigneur Bekkersstraat,6,"","",5386CK,Geffen
Monseigneur Bekkersstraat,8,"","",5386CK,Geffen
Dorpsplein,1,"","",5386CL,Geffen
Dorpsplein,1,"","",5386CL,Geffen
Dorpsplein,1,"","",5386CL,Geffen
Dorpsplein,1,"","",5386CL,Geffen
Dorpsplein,1,A,"",5386CL,Geffen
Dorpsplein,1,A,"",5386CL,Geffen
Dorpsplein,1,A,"",5386CL,Geffen
Dorpsplein,1,A,"",5386CL,Geffen
Dorpsplein,1,B,"",5386CL,Geffen
Dorpsplein,1,B,"",5386CL,Geffen
Dorpsplein,1,B,"",5386CL,Geffen
Dorpsplein,1,C,"",5386CL,Geffen
Dorpsplein,1,C,"",5386CL,Geffen
Dorpsplein,1,C,"",5386CL,Geffen
Dorpsplein,1,D,"",5386CL,Geffen
Dorpsplein,1,E,"",5386CL,Geffen
Dorpsplein,1,F,"",5386CL,Geffen
Dorpsplein,11,"","",5386CL,Geffen
Dorpsplein,13,"","",5386CL,Geffen
Dorpsplein,13,"","",5386CL,Geffen
Dorpsplein,15,"","",5386CL,Geffen
Dorpsplein,17,"","",5386CL,Geffen
Dorpsplein,19,"","",5386CL,Geffen
Dorpsplein,19,"","",5386CL,Geffen
Dorpsplein,19,"","",5386CL,Geffen
Dorpsplein,21,"","",5386CL,Geffen
Dorpsplein,21,"","",5386CL,Geffen
Dorpsplein,21,"","",5386CL,Geffen
Dorpsplein,23,"","",5386CL,Geffen
Dorpsplein,23,"","",5386CL,Geffen
Dorpsplein,23,A,"",5386CL,Geffen
Dorpsplein,23,B,"",5386CL,Geffen
Dorpsplein,25,"","",5386CL,Geffen
Dorpsplein,27,"","",5386CL,Geffen
Dorpsplein,3,"","",5386CL,Geffen
Dorpsplein,3,"","",5386CL,Geffen
Dorpsplein,3,"","",5386CL,Geffen
Dorpsplein,3,A,"",5386CL,Geffen
Dorpsplein,3,A,"",5386CL,Geffen
Dorpsplein,3,B,"",5386CL,Geffen
Dorpsplein,5,"","",5386CL,Geffen
Dorpsplein,5,"","",5386CL,Geffen
Dorpsplein,5,"","",5386CL,Geffen
Dorpsplein,5,"","",5386CL,Geffen
Dorpsplein,5,A,"",5386CL,Geffen
Dorpsplein,5,A,"",5386CL,Geffen
Dorpsplein,7,"","",5386CL,Geffen
Dorpsplein,7,"","",5386CL,Geffen
Dorpsplein,7,"","",5386CL,Geffen
Dorpsplein,7,A,"",5386CL,Geffen
Dorpsplein,7,A,"",5386CL,Geffen
Dorpsplein,7,A,"",5386CL,Geffen
Dorpsplein,7,B,"",5386CL,Geffen
Dorpsplein,7,B,"",5386CL,Geffen
Dorpsplein,7,B,"",5386CL,Geffen
Dorpsplein,7,C,"",5386CL,Geffen
Dorpsplein,7,C,"",5386CL,Geffen
Dorpsplein,7,C,"",5386CL,Geffen
Dorpsplein,7,D,"",5386CL,Geffen
Dorpsplein,7,D,"",5386CL,Geffen
Dorpsplein,7,D,"",5386CL,Geffen
Dorpsplein,7,E,"",5386CL,Geffen
Dorpsplein,7,E,"",5386CL,Geffen
Dorpsplein,7,E,"",5386CL,Geffen
Dorpsplein,7,F,"",5386CL,Geffen
Dorpsplein,7,F,"",5386CL,Geffen
Dorpsplein,7,F,"",5386CL,Geffen
Dorpsplein,7,G,"",5386CL,Geffen
Dorpsplein,7,G,"",5386CL,Geffen
Dorpsplein,7,G,"",5386CL,Geffen
Dorpsplein,7,H,"",5386CL,Geffen
Dorpsplein,7,H,"",5386CL,Geffen
Dorpsplein,7,H,"",5386CL,Geffen
Dorpsplein,7,J,"",5386CL,Geffen
Dorpsplein,7,J,"",5386CL,Geffen
Dorpsplein,7,J,"",5386CL,Geffen
Dorpsplein,7,J,"",5386CL,Geffen
Dorpsplein,7,K,"",5386CL,Geffen
Dorpsplein,7,L,"",5386CL,Geffen
Dorpsplein,7,M,"",5386CL,Geffen
Dorpsplein,7,N,"",5386CL,Geffen
Dorpsplein,7,O,"",5386CL,Geffen
Dorpsplein,7,P,"",5386CL,Geffen
Dorpsplein,7,R,"",5386CL,Geffen
Dorpsplein,7,S,"",5386CL,Geffen
Dorpsplein,7,T,"",5386CL,Geffen
Dorpsplein,7,U,"",5386CL,Geffen
Dorpsplein,7,V,"",5386CL,Geffen
Dorpsplein,9,"","",5386CL,Geffen
Dorpsplein,9,"","",5386CL,Geffen
Dorpsplein,9,"","",5386CL,Geffen
Dorpsplein,9,"","",5386CL,Geffen
Dorpsplein,9,A,"",5386CL,Geffen
Dorpsplein,9,B,"",5386CL,Geffen
Dorpsplein,9,C,"",5386CL,Geffen
Dorpsplein,9,D,"",5386CL,Geffen
Dorpsplein,9,E,"",5386CL,Geffen
Dorpsplein,9,F,"",5386CL,Geffen
Dorpsplein,9,G,"",5386CL,Geffen
Dorpsplein,9,H,"",5386CL,Geffen
Heegterstraat,1,"","",5386CN,Geffen
Heegterstraat,11,"","",5386CN,Geffen
Heegterstraat,15,"","",5386CN,Geffen
Heegterstraat,17,"","",5386CN,Geffen
Heegterstraat,19,"","",5386CN,Geffen
Heegterstraat,21,"","",5386CN,Geffen
Heegterstraat,23,"","",5386CN,Geffen
Heegterstraat,25,"","",5386CN,Geffen
Heegterstraat,27,"","",5386CN,Geffen
Heegterstraat,29,"","",5386CN,Geffen
Heegterstraat,3,"","",5386CN,Geffen
Heegterstraat,31,"","",5386CN,Geffen
Heegterstraat,33,"","",5386CN,Geffen
Heegterstraat,35,"","",5386CN,Geffen
Heegterstraat,39,"","",5386CN,Geffen
Heegterstraat,41,"","",5386CN,Geffen
Heegterstraat,43,"","",5386CN,Geffen
Heegterstraat,45,"","",5386CN,Geffen
Heegterstraat,47,"","",5386CN,Geffen
Heegterstraat,5,"","",5386CN,Geffen
Heegterstraat,7,"","",5386CN,Geffen
Heegterstraat,7,"","",5386CN,Geffen
Heegterstraat,9,"","",5386CN,Geffen
Heegterstraat,10,"","",5386CP,Geffen
Heegterstraat,10,"",MZ,5386CP,Geffen
Heegterstraat,10,"",UNIT,5386CP,Geffen
Heegterstraat,12,"","",5386CP,Geffen
Heegterstraat,14,"","",5386CP,Geffen
Heegterstraat,16,"","",5386CP,Geffen
Heegterstraat,18,"","",5386CP,Geffen
Heegterstraat,2,"","",5386CP,Geffen
Heegterstraat,20,"","",5386CP,Geffen
Heegterstraat,22,"","",5386CP,Geffen
Heegterstraat,24,"","",5386CP,Geffen
Heegterstraat,24,A,"",5386CP,Geffen
Heegterstraat,26,"","",5386CP,Geffen
Heegterstraat,26,"",MZ,5386CP,Geffen
Heegterstraat,26,A,"",5386CP,Geffen
Heegterstraat,26,A,"",5386CP,Geffen
Heegterstraat,26,A,"",5386CP,Geffen
Heegterstraat,26,B,"",5386CP,Geffen
Heegterstraat,26,B,"",5386CP,Geffen
Heegterstraat,28,"","",5386CP,Geffen
Heegterstraat,30,"","",5386CP,Geffen
Heegterstraat,32,"","",5386CP,Geffen
Heegterstraat,34,"","",5386CP,Geffen
Heegterstraat,34,A,"",5386CP,Geffen
Heegterstraat,34,A,"",5386CP,Geffen
Heegterstraat,36,"","",5386CP,Geffen
Heegterstraat,38,"","",5386CP,Geffen
Heegterstraat,4,"","",5386CP,Geffen
Heegterstraat,40,"","",5386CP,Geffen
Heegterstraat,42,"","",5386CP,Geffen
Heegterstraat,42,"","",5386CP,Geffen
Heegterstraat,42,"",UNIT,5386CP,Geffen
Heegterstraat,42,A,"",5386CP,Geffen
Heegterstraat,42,A,"",5386CP,Geffen
Heegterstraat,44,"","",5386CP,Geffen
Heegterstraat,6,"","",5386CP,Geffen
Heegterstraat,6,A,"",5386CP,Geffen
Heegterstraat,6,A,"",5386CP,Geffen
Heegterstraat,8,"","",5386CP,Geffen
Runrotstraat,1,"","",5386CT,Geffen
Runrotstraat,1,"",MZ,5386CT,Geffen
Runrotstraat,1,A,"",5386CT,Geffen
Runrotstraat,1,A,"",5386CT,Geffen
Runrotstraat,11,"","",5386CT,Geffen
Runrotstraat,13,"","",5386CT,Geffen
Runrotstraat,15,"","",5386CT,Geffen
Runrotstraat,17,"","",5386CT,Geffen
Runrotstraat,19,"","",5386CT,Geffen
Runrotstraat,21,"","",5386CT,Geffen
Runrotstraat,21,A,"",5386CT,Geffen
Runrotstraat,21,A,"",5386CT,Geffen
Runrotstraat,21,A,UNIT,5386CT,Geffen
Runrotstraat,23,"","",5386CT,Geffen
Runrotstraat,25,"","",5386CT,Geffen
Runrotstraat,25,A,"",5386CT,Geffen
Runrotstraat,25,A,"",5386CT,Geffen
Runrotstraat,25,B,"",5386CT,Geffen
Runrotstraat,25,B,"",5386CT,Geffen
Runrotstraat,25,C,"",5386CT,Geffen
Runrotstraat,25,C,"",5386CT,Geffen
Runrotstraat,27,"","",5386CT,Geffen
Runrotstraat,27,A,"",5386CT,Geffen
Runrotstraat,27,A,"",5386CT,Geffen
Runrotstraat,29,"","",5386CT,Geffen
Runrotstraat,3,"","",5386CT,Geffen
Runrotstraat,31,"","",5386CT,Geffen
Runrotstraat,5,"","",5386CT,Geffen
Runrotstraat,7,"","",5386CT,Geffen
Runrotstraat,9,"","",5386CT,Geffen
Runrotstraat,10,"","",5386CW,Geffen
Runrotstraat,10,A,"",5386CW,Geffen
Runrotstraat,10,A,"",5386CW,Geffen
Runrotstraat,12,"","",5386CW,Geffen
Runrotstraat,14,"","",5386CW,Geffen
Runrotstraat,16,"","",5386CW,Geffen
Runrotstraat,16,A,"",5386CW,Geffen
Runrotstraat,16,A,"",5386CW,Geffen
Runrotstraat,16,B,"",5386CW,Geffen
Runrotstraat,16,B,"",5386CW,Geffen
Runrotstraat,18,"","",5386CW,Geffen
Runrotstraat,2,"","",5386CW,Geffen
Runrotstraat,20,"","",5386CW,Geffen
Runrotstraat,20,"","",5386CW,Geffen
Runrotstraat,22,"","",5386CW,Geffen
Runrotstraat,24,"","",5386CW,Geffen
Runrotstraat,24,A,"",5386CW,Geffen
Runrotstraat,24,A,"",5386CW,Geffen
Runrotstraat,26,"","",5386CW,Geffen
Runrotstraat,28,"","",5386CW,Geffen
Runrotstraat,34,"","",5386CW,Geffen
Runrotstraat,38,"","",5386CW,Geffen
Runrotstraat,4,"","",5386CW,Geffen
Runrotstraat,4,A,"",5386CW,Geffen
Runrotstraat,4,A,"",5386CW,Geffen
Runrotstraat,4,B,"",5386CW,Geffen
Runrotstraat,4,B,"",5386CW,Geffen
Runrotstraat,40,"","",5386CW,Geffen
Runrotstraat,6,"","",5386CW,Geffen
Runrotstraat,8,"","",5386CW,Geffen
Molenberg,1,"","",5386DA,Geffen
Molenberg,1,A,"",5386DA,Geffen
Molenberg,1,A,"",5386DA,Geffen
Molenberg,10,"","",5386DA,Geffen
Molenberg,11,"","",5386DA,Geffen
Molenberg,12,"","",5386DA,Geffen
Molenberg,13,"","",5386DA,Geffen
Molenberg,14,"","",5386DA,Geffen
Molenberg,15,"","",5386DA,Geffen
Molenberg,16,"","",5386DA,Geffen
Molenberg,17,"","",5386DA,Geffen
Molenberg,18,"","",5386DA,Geffen
Molenberg,19,"","",5386DA,Geffen
Molenberg,2,"","",5386DA,Geffen
Molenberg,2,A,"",5386DA,Geffen
Molenberg,20,"","",5386DA,Geffen
Molenberg,21,"","",5386DA,Geffen
Molenberg,22,"","",5386DA,Geffen
Molenberg,23,"","",5386DA,Geffen
Molenberg,25,"","",5386DA,Geffen
Molenberg,3,"","",5386DA,Geffen
Molenberg,3,A,"",5386DA,Geffen
Molenberg,3,A,"",5386DA,Geffen
Molenberg,4,"","",5386DA,Geffen
Molenberg,5,"","",5386DA,Geffen
Molenberg,6,"","",5386DA,Geffen
Molenberg,7,"","",5386DA,Geffen
Molenberg,8,"","",5386DA,Geffen
Molenberg,9,"","",5386DA,Geffen
Smidse,1,"","",5386DB,Geffen
Smidse,10,"","",5386DB,Geffen
Smidse,11,"","",5386DB,Geffen
Smidse,12,"","",5386DB,Geffen
Smidse,13,"","",5386DB,Geffen
Smidse,14,"","",5386DB,Geffen
Smidse,15,"","",5386DB,Geffen
Smidse,16,"","",5386DB,Geffen
Smidse,17,"","",5386DB,Geffen
Smidse,17,"","",5386DB,Geffen
Smidse,17,A,"",5386DB,Geffen
Smidse,17,A,"",5386DB,Geffen
Smidse,18,"","",5386DB,Geffen
Smidse,19,"","",5386DB,Geffen
Smidse,2,"","",5386DB,Geffen
Smidse,20,"","",5386DB,Geffen
Smidse,22,"","",5386DB,Geffen
Smidse,24,"","",5386DB,Geffen
Smidse,26,"","",5386DB,Geffen
Smidse,26,A,"",5386DB,Geffen
Smidse,26,B,"",5386DB,Geffen
Smidse,28,"","",5386DB,Geffen
Smidse,3,"","",5386DB,Geffen
Smidse,30,"","",5386DB,Geffen
Smidse,32,"","",5386DB,Geffen
Smidse,34,"","",5386DB,Geffen
Smidse,36,"","",5386DB,Geffen
Smidse,38,"","",5386DB,Geffen
Smidse,4,"","",5386DB,Geffen
Smidse,40,"","",5386DB,Geffen
Smidse,40,A,"",5386DB,Geffen
Smidse,40,A,"",5386DB,Geffen
Smidse,42,"","",5386DB,Geffen
Smidse,5,"","",5386DB,Geffen
Smidse,6,"","",5386DB,Geffen
Smidse,7,"","",5386DB,Geffen
Smidse,8,"","",5386DB,Geffen
Smidse,9,"","",5386DB,Geffen
De Ing,10,"","",5386DC,Geffen
De Ing,11,"","",5386DC,Geffen
De Ing,12,"","",5386DC,Geffen
De Ing,14,"","",5386DC,Geffen
De Ing,16,"","",5386DC,Geffen
De Ing,2,"","",5386DC,Geffen
De Ing,3,"","",5386DC,Geffen
De Ing,4,"","",5386DC,Geffen
De Ing,5,"","",5386DC,Geffen
De Ing,6,"","",5386DC,Geffen
De Ing,7,"","",5386DC,Geffen
De Ing,8,"","",5386DC,Geffen
De Ing,9,"","",5386DC,Geffen
Keppestraat,1,"","",5386DD,Geffen
Keppestraat,1,"","",5386DD,Geffen
Keppestraat,10,"","",5386DD,Geffen
Keppestraat,11,"","",5386DD,Geffen
Keppestraat,12,"","",5386DD,Geffen
Keppestraat,13,"","",5386DD,Geffen
Keppestraat,14,"","",5386DD,Geffen
Keppestraat,15,"","",5386DD,Geffen
Keppestraat,16,"","",5386DD,Geffen
Keppestraat,17,"","",5386DD,Geffen
Keppestraat,18,"","",5386DD,Geffen
Keppestraat,19,"","",5386DD,Geffen
Keppestraat,2,"","",5386DD,Geffen
Keppestraat,20,"","",5386DD,Geffen
Keppestraat,21,"","",5386DD,Geffen
Keppestraat,23,"","",5386DD,Geffen
Keppestraat,25,"","",5386DD,Geffen
Keppestraat,27,"","",5386DD,Geffen
Keppestraat,29,"","",5386DD,Geffen
Keppestraat,3,"","",5386DD,Geffen
Keppestraat,3,"","",5386DD,Geffen
Keppestraat,31,"","",5386DD,Geffen
Keppestraat,33,"","",5386DD,Geffen
Keppestraat,35,"","",5386DD,Geffen
Keppestraat,37,"","",5386DD,Geffen
Keppestraat,39,"","",5386DD,Geffen
Keppestraat,4,"","",5386DD,Geffen
Keppestraat,41,"","",5386DD,Geffen
Keppestraat,43,"","",5386DD,Geffen
Keppestraat,5,"","",5386DD,Geffen
Keppestraat,5,"","",5386DD,Geffen
Keppestraat,6,"","",5386DD,Geffen
Keppestraat,7,"","",5386DD,Geffen
Keppestraat,8,"","",5386DD,Geffen
Keppestraat,9,"","",5386DD,Geffen
Vrouwkespad,1,"","",5386DE,Geffen
Vrouwkespad,10,"","",5386DE,Geffen
Vrouwkespad,12,"","",5386DE,Geffen
Vrouwkespad,16,"","",5386DE,Geffen
Vrouwkespad,2,"","",5386DE,Geffen
Vrouwkespad,3,"","",5386DE,Geffen
Vrouwkespad,4,"","",5386DE,Geffen
Vrouwkespad,5,"","",5386DE,Geffen
Vrouwkespad,6,"","",5386DE,Geffen
Vrouwkespad,7,"","",5386DE,Geffen
Vrouwkespad,8,"","",5386DE,Geffen
Meubelhof,10,"","",5386DG,Geffen
Meubelhof,12,"","",5386DG,Geffen
Meubelhof,14,"","",5386DG,Geffen
Meubelhof,16,"","",5386DG,Geffen
Meubelhof,18,"","",5386DG,Geffen
Meubelhof,2,"","",5386DG,Geffen
Meubelhof,20,"","",5386DG,Geffen
Meubelhof,22,"","",5386DG,Geffen
Meubelhof,24,"","",5386DG,Geffen
Meubelhof,4,"","",5386DG,Geffen
Meubelhof,6,"","",5386DG,Geffen
Meubelhof,8,"","",5386DG,Geffen
Papendijk,1,"","",5386EA,Geffen
Papendijk,11,"","",5386EA,Geffen
Papendijk,11,A,"",5386EA,Geffen
Papendijk,11,A,"",5386EA,Geffen
Papendijk,13,"","",5386EA,Geffen
Papendijk,15,"","",5386EA,Geffen
Papendijk,17,"","",5386EA,Geffen
Papendijk,19,"","",5386EA,Geffen
Papendijk,21,"","",5386EA,Geffen
Papendijk,3,"","",5386EA,Geffen
Papendijk,5,"","",5386EA,Geffen
Papendijk,7,"","",5386EA,Geffen
Papendijk,9,"","",5386EA,Geffen
Papendijk,23,"","",5386EB,Geffen
Papendijk,25,A,"",5386EB,Geffen
Papendijk,25,A,"",5386EB,Geffen
Papendijk,25,B,"",5386EB,Geffen
Papendijk,25,B,"",5386EB,Geffen
Papendijk,27,"","",5386EB,Geffen
Papendijk,29,"","",5386EB,Geffen
Papendijk,29,"","",5386EB,Geffen
Papendijk,29,"",UNIT,5386EB,Geffen
Papendijk,31,"","",5386EB,Geffen
Papendijk,31,A,"",5386EB,Geffen
Papendijk,31,A,"",5386EB,Geffen
Papendijk,33,"","",5386EB,Geffen
Papendijk,35,"","",5386EB,Geffen
Papendijk,35,A,"",5386EB,Geffen
Papendijk,35,A,"",5386EB,Geffen
Papendijk,37,"","",5386EB,Geffen
Papendijk,41,"","",5386EB,Geffen
Papendijk,41,"","",5386EB,Geffen
Papendijk,43,"","",5386EB,Geffen
Papendijk,45,"","",5386EB,Geffen
Papendijk,47,"","",5386EB,Geffen
Papendijk,49,"","",5386EB,Geffen
Papendijk,12,"","",5386EC,Geffen
Papendijk,12,A,"",5386EC,Geffen
Papendijk,12,A,"",5386EC,Geffen
Papendijk,14,"","",5386EC,Geffen
Papendijk,14,A,"",5386EC,Geffen
Papendijk,14,A,"",5386EC,Geffen
Papendijk,14,B,"",5386EC,Geffen
Papendijk,14,B,"",5386EC,Geffen
Papendijk,14,C,"",5386EC,Geffen
Papendijk,14,C,"",5386EC,Geffen
Papendijk,14,D,"",5386EC,Geffen
Papendijk,16,"","",5386EC,Geffen
Papendijk,16,A,"",5386EC,Geffen
Papendijk,16,A,"",5386EC,Geffen
Papendijk,16,B,"",5386EC,Geffen
Papendijk,16,B,UNIT,5386EC,Geffen
Papendijk,2,"","",5386EC,Geffen
Papendijk,2,A,"",5386EC,Geffen
Papendijk,2,A,"",5386EC,Geffen
Papendijk,24,B,"",5386EC,Geffen
Papendijk,4,"","",5386EC,Geffen
Papendijk,6,"","",5386EC,Geffen
De Karn,1,"","",5386EE,Geffen
De Karn,11,"","",5386EE,Geffen
De Karn,13,"","",5386EE,Geffen
De Karn,15,"","",5386EE,Geffen
De Karn,17,"","",5386EE,Geffen
De Karn,19,"","",5386EE,Geffen
De Karn,21,"","",5386EE,Geffen
De Karn,23,"","",5386EE,Geffen
De Karn,25,"","",5386EE,Geffen
De Karn,27,"","",5386EE,Geffen
De Karn,29,"","",5386EE,Geffen
De Karn,3,"","",5386EE,Geffen
De Karn,31,"","",5386EE,Geffen
De Karn,33,"","",5386EE,Geffen
De Karn,35,"","",5386EE,Geffen
De Karn,37,"","",5386EE,Geffen
De Karn,39,"","",5386EE,Geffen
De Karn,41,"","",5386EE,Geffen
De Karn,43,"","",5386EE,Geffen
De Karn,5,"","",5386EE,Geffen
De Karn,7,"","",5386EE,Geffen
De Karn,9,"","",5386EE,Geffen
De Rosmolen,1,"","",5386EG,Geffen
De Rosmolen,10,"","",5386EG,Geffen
De Rosmolen,11,"","",5386EG,Geffen
De Rosmolen,11,"","",5386EG,Geffen
De Rosmolen,11,A,"",5386EG,Geffen
De Rosmolen,11,A,"",5386EG,Geffen
De Rosmolen,12,"","",5386EG,Geffen
De Rosmolen,14,"","",5386EG,Geffen
De Rosmolen,16,"","",5386EG,Geffen
De Rosmolen,2,"","",5386EG,Geffen
De Rosmolen,3,"","",5386EG,Geffen
De Rosmolen,4,"","",5386EG,Geffen
De Rosmolen,5,"","",5386EG,Geffen
De Rosmolen,6,"","",5386EG,Geffen
De Rosmolen,7,"","",5386EG,Geffen
De Rosmolen,8,"","",5386EG,Geffen
De Rosmolen,9,"","",5386EG,Geffen
De Stoof,1,"","",5386EH,Geffen
De Stoof,11,"","",5386EH,Geffen
De Stoof,3,"","",5386EH,Geffen
De Stoof,5,"","",5386EH,Geffen
De Stoof,7,"","",5386EH,Geffen
De Stoof,9,"","",5386EH,Geffen
De Wan,1,"","",5386EJ,Geffen
De Wan,10,"","",5386EJ,Geffen
De Wan,11,"","",5386EJ,Geffen
De Wan,12,"","",5386EJ,Geffen
De Wan,13,"","",5386EJ,Geffen
De Wan,14,"","",5386EJ,Geffen
De Wan,16,"","",5386EJ,Geffen
De Wan,18,"","",5386EJ,Geffen
De Wan,2,"","",5386EJ,Geffen
De Wan,20,"","",5386EJ,Geffen
De Wan,22,"","",5386EJ,Geffen
De Wan,24,"","",5386EJ,Geffen
De Wan,26,"","",5386EJ,Geffen
De Wan,28,"","",5386EJ,Geffen
De Wan,3,"","",5386EJ,Geffen
De Wan,30,"","",5386EJ,Geffen
De Wan,32,"","",5386EJ,Geffen
De Wan,4,"","",5386EJ,Geffen
De Wan,5,"","",5386EJ,Geffen
De Wan,6,"","",5386EJ,Geffen
De Wan,7,"","",5386EJ,Geffen
De Wan,8,"","",5386EJ,Geffen
De Wan,9,"","",5386EJ,Geffen
De Rosmolen,18,"","",5386EK,Geffen
De Rosmolen,20,"","",5386EK,Geffen
De Rosmolen,22,"","",5386EK,Geffen
De Rosmolen,24,"","",5386EK,Geffen
De Rosmolen,26,"","",5386EK,Geffen
De Rosmolen,28,"","",5386EK,Geffen
De Rosmolen,30,"","",5386EK,Geffen
De Rosmolen,32,"","",5386EK,Geffen
De Rosmolen,34,"","",5386EK,Geffen
De Rosmolen,36,"","",5386EK,Geffen
De Rosmolen,38,"","",5386EK,Geffen
De Rosmolen,40,"","",5386EK,Geffen
De Rosmolen,42,"","",5386EK,Geffen
De Rosmolen,44,"","",5386EK,Geffen
De Rosmolen,46,"","",5386EK,Geffen
De Rosmolen,48,"","",5386EK,Geffen
De Rosmolen,50,"","",5386EK,Geffen
De Rosmolen,52,"","",5386EK,Geffen
De Rosmolen,54,"","",5386EK,Geffen
De Wisboom,1,"","",5386EL,Geffen
De Wisboom,10,"","",5386EL,Geffen
De Wisboom,12,"","",5386EL,Geffen
De Wisboom,14,"","",5386EL,Geffen
De Wisboom,2,"","",5386EL,Geffen
De Wisboom,3,"","",5386EL,Geffen
De Wisboom,3,"",MZ,5386EL,Geffen
De Wisboom,4,"","",5386EL,Geffen
De Wisboom,5,"","",5386EL,Geffen
De Wisboom,6,"","",5386EL,Geffen
De Wisboom,7,"","",5386EL,Geffen
De Wisboom,8,"","",5386EL,Geffen
De Wisboom,9,"","",5386EL,Geffen
Lavendel,1,"","",5386EM,Geffen
Lavendel,2,"","",5386EM,Geffen
Lavendel,3,"","",5386EM,Geffen
Lavendel,4,"","",5386EM,Geffen
Lavendel,6,"","",5386EM,Geffen
Lavendel,8,"","",5386EM,Geffen
Kruidnagel,1,"","",5386EN,Geffen
Kruidnagel,3,"","",5386EN,Geffen
Kruidnagel,5,"","",5386EN,Geffen
Kruidnagel,7,"","",5386EN,Geffen
Magnolia,10,"","",5386EP,Geffen
Magnolia,12,"","",5386EP,Geffen
Magnolia,14,"","",5386EP,Geffen
Magnolia,16,"","",5386EP,Geffen
Magnolia,18,"","",5386EP,Geffen
Magnolia,2,"","",5386EP,Geffen
Magnolia,2,A,"",5386EP,Geffen
Magnolia,2,A,"",5386EP,Geffen
Magnolia,20,"","",5386EP,Geffen
Magnolia,22,"","",5386EP,Geffen
Magnolia,24,"","",5386EP,Geffen
Magnolia,4,"","",5386EP,Geffen
Magnolia,6,"","",5386EP,Geffen
Magnolia,8,"","",5386EP,Geffen
Rozelaar,1,"","",5386ER,Geffen
Rozelaar,10,"","",5386ER,Geffen
Rozelaar,11,"","",5386ER,Geffen
Rozelaar,12,"","",5386ER,Geffen
Rozelaar,13,"","",5386ER,Geffen
Rozelaar,14,"","",5386ER,Geffen
Rozelaar,15,"","",5386ER,Geffen
Rozelaar,16,"","",5386ER,Geffen
Rozelaar,17,"","",5386ER,Geffen
Rozelaar,18,"","",5386ER,Geffen
Rozelaar,18,"","",5386ER,Geffen
Rozelaar,19,"","",5386ER,Geffen
Rozelaar,2,"","",5386ER,Geffen
Rozelaar,20,"","",5386ER,Geffen
Rozelaar,21,"","",5386ER,Geffen
Rozelaar,22,"","",5386ER,Geffen
Rozelaar,23,"","",5386ER,Geffen
Rozelaar,24,"","",5386ER,Geffen
Rozelaar,3,"","",5386ER,Geffen
Rozelaar,4,"","",5386ER,Geffen
Rozelaar,5,"","",5386ER,Geffen
Rozelaar,6,"","",5386ER,Geffen
Rozelaar,7,"","",5386ER,Geffen
Rozelaar,8,"","",5386ER,Geffen
Rozelaar,9,"","",5386ER,Geffen
Jasmijn,1,"","",5386ES,Geffen
Jasmijn,10,"","",5386ES,Geffen
Jasmijn,11,"","",5386ES,Geffen
Jasmijn,12,"","",5386ES,Geffen
Jasmijn,14,"","",5386ES,Geffen
Jasmijn,16,"","",5386ES,Geffen
Jasmijn,18,"","",5386ES,Geffen
Jasmijn,2,"","",5386ES,Geffen
Jasmijn,20,"","",5386ES,Geffen
Jasmijn,22,"","",5386ES,Geffen
Jasmijn,24,"","",5386ES,Geffen
Jasmijn,26,"","",5386ES,Geffen
Jasmijn,3,"","",5386ES,Geffen
Jasmijn,4,"","",5386ES,Geffen
Jasmijn,5,"","",5386ES,Geffen
Jasmijn,6,"","",5386ES,Geffen
Jasmijn,7,"","",5386ES,Geffen
Jasmijn,8,"","",5386ES,Geffen
Jasmijn,9,"","",5386ES,Geffen
Gagel,1,"","",5386ET,Geffen
Gagel,10,"","",5386ET,Geffen
Gagel,12,"","",5386ET,Geffen
Gagel,14,"","",5386ET,Geffen
Gagel,16,"","",5386ET,Geffen
Gagel,18,"","",5386ET,Geffen
Gagel,2,"","",5386ET,Geffen
Gagel,20,"","",5386ET,Geffen
Gagel,22,"","",5386ET,Geffen
Gagel,24,"","",5386ET,Geffen
Gagel,26,"","",5386ET,Geffen
Gagel,3,"","",5386ET,Geffen
Gagel,4,"","",5386ET,Geffen
Gagel,5,"","",5386ET,Geffen
Gagel,6,"","",5386ET,Geffen
Gagel,7,"","",5386ET,Geffen
Gagel,8,"","",5386ET,Geffen
Gagel,9,"","",5386ET,Geffen
Gagel,9,"","",5386ET,Geffen
Gagel,9,"","",5386ET,Geffen
De Schouw,10,"","",5386EV,Geffen
De Schouw,11,"","",5386EV,Geffen
De Schouw,12,"","",5386EV,Geffen
De Schouw,13,"","",5386EV,Geffen
De Schouw,14,"","",5386EV,Geffen
De Schouw,14,"",UNIT,5386EV,Geffen
De Schouw,15,"","",5386EV,Geffen
De Schouw,16,"","",5386EV,Geffen
De Schouw,17,"","",5386EV,Geffen
De Schouw,18,"","",5386EV,Geffen
De Schouw,19,"","",5386EV,Geffen
De Schouw,2,"","",5386EV,Geffen
De Schouw,2,A,"",5386EV,Geffen
De Schouw,2,B,"",5386EV,Geffen
De Schouw,20,"","",5386EV,Geffen
De Schouw,21,"","",5386EV,Geffen
De Schouw,22,"","",5386EV,Geffen
De Schouw,23,"","",5386EV,Geffen
De Schouw,24,"","",5386EV,Geffen
De Schouw,25,"","",5386EV,Geffen
De Schouw,26,"","",5386EV,Geffen
De Schouw,27,"","",5386EV,Geffen
De Schouw,29,"","",5386EV,Geffen
De Schouw,31,"","",5386EV,Geffen
De Schouw,33,"","",5386EV,Geffen
De Schouw,35,"","",5386EV,Geffen
De Schouw,37,"","",5386EV,Geffen
De Schouw,39,"","",5386EV,Geffen
De Schouw,4,"","",5386EV,Geffen
De Schouw,41,"","",5386EV,Geffen
De Schouw,6,"","",5386EV,Geffen
De Schouw,6,A,"",5386EV,Geffen
De Schouw,7,"","",5386EV,Geffen
De Schouw,7,A,"",5386EV,Geffen
De Schouw,7,A,"",5386EV,Geffen
De Schouw,8,"","",5386EV,Geffen
De Schouw,8,A,"",5386EV,Geffen
De Schouw,9,"","",5386EV,Geffen
Den Oven,1,"","",5386EW,Geffen
Den Oven,10,"","",5386EW,Geffen
Den Oven,10,A,"",5386EW,Geffen
Den Oven,10,A,"",5386EW,Geffen
Den Oven,11,"","",5386EW,Geffen
Den Oven,12,"","",5386EW,Geffen
Den Oven,13,"","",5386EW,Geffen
Den Oven,14,"","",5386EW,Geffen
Den Oven,15,"","",5386EW,Geffen
Den Oven,15,A,"",5386EW,Geffen
Den Oven,15,A,"",5386EW,Geffen
Den Oven,16,"","",5386EW,Geffen
Den Oven,17,"","",5386EW,Geffen
Den Oven,18,"","",5386EW,Geffen
Den Oven,19,"","",5386EW,Geffen
Den Oven,2,"","",5386EW,Geffen
Den Oven,20,"","",5386EW,Geffen
Den Oven,21,"","",5386EW,Geffen
Den Oven,22,"","",5386EW,Geffen
Den Oven,23,"","",5386EW,Geffen
Den Oven,24,"","",5386EW,Geffen
Den Oven,25,"","",5386EW,Geffen
Den Oven,26,"","",5386EW,Geffen
Den Oven,27,"","",5386EW,Geffen
Den Oven,28,"","",5386EW,Geffen
Den Oven,29,"","",5386EW,Geffen
Den Oven,3,"","",5386EW,Geffen
Den Oven,30,"","",5386EW,Geffen
Den Oven,31,"","",5386EW,Geffen
Den Oven,32,"","",5386EW,Geffen
Den Oven,33,"","",5386EW,Geffen
Den Oven,34,"","",5386EW,Geffen
Den Oven,35,"","",5386EW,Geffen
Den Oven,36,"","",5386EW,Geffen
Den Oven,37,"","",5386EW,Geffen
Den Oven,38,"","",5386EW,Geffen
Den Oven,39,"","",5386EW,Geffen
Den Oven,4,"","",5386EW,Geffen
Den Oven,40,"","",5386EW,Geffen
Den Oven,41,"","",5386EW,Geffen
Den Oven,42,"","",5386EW,Geffen
Den Oven,43,"","",5386EW,Geffen
Den Oven,44,"","",5386EW,Geffen
Den Oven,46,"","",5386EW,Geffen
Den Oven,48,"","",5386EW,Geffen
Den Oven,5,"","",5386EW,Geffen
Den Oven,5,A,"",5386EW,Geffen
Den Oven,5,A,"",5386EW,Geffen
Den Oven,6,"","",5386EW,Geffen
Den Oven,7,"","",5386EW,Geffen
Den Oven,8,"","",5386EW,Geffen
Den Oven,9,"","",5386EW,Geffen
Den Herd,10,"","",5386EX,Geffen
Den Herd,11,"","",5386EX,Geffen
Den Herd,12,"","",5386EX,Geffen
Den Herd,14,"","",5386EX,Geffen
Den Herd,16,"","",5386EX,Geffen
Den Herd,17,"","",5386EX,Geffen
Den Herd,19,"","",5386EX,Geffen
Den Herd,2,"","",5386EX,Geffen
Den Herd,21,"","",5386EX,Geffen
Den Herd,23,"","",5386EX,Geffen
Den Herd,25,"","",5386EX,Geffen
Den Herd,27,"","",5386EX,Geffen
Den Herd,29,"","",5386EX,Geffen
Den Herd,29,A,"",5386EX,Geffen
Den Herd,31,"","",5386EX,Geffen
Den Herd,33,"","",5386EX,Geffen
Den Herd,33,"","",5386EX,Geffen
Den Herd,4,"","",5386EX,Geffen
Den Herd,6,"","",5386EX,Geffen
Den Herd,7,"","",5386EX,Geffen
Den Herd,8,"","",5386EX,Geffen
Den Herd,9,"","",5386EX,Geffen
Acaciastraat,1,"","",5386GA,Geffen
Acaciastraat,10,"","",5386GA,Geffen
Acaciastraat,11,"","",5386GA,Geffen
Acaciastraat,12,"","",5386GA,Geffen
Acaciastraat,13,"","",5386GA,Geffen
Acaciastraat,14,"","",5386GA,Geffen
Acaciastraat,15,"","",5386GA,Geffen
Acaciastraat,16,"","",5386GA,Geffen
Acaciastraat,17,"","",5386GA,Geffen
Acaciastraat,18,"","",5386GA,Geffen
Acaciastraat,2,"","",5386GA,Geffen
Acaciastraat,20,"","",5386GA,Geffen
Acaciastraat,3,"","",5386GA,Geffen
Acaciastraat,4,"","",5386GA,Geffen
Acaciastraat,5,"","",5386GA,Geffen
Acaciastraat,6,"","",5386GA,Geffen
Acaciastraat,7,"","",5386GA,Geffen
Acaciastraat,8,"","",5386GA,Geffen
Acaciastraat,9,"","",5386GA,Geffen
Berkenboog,11,"","",5386GB,Geffen
Berkenboog,13,"","",5386GB,Geffen
Berkenboog,15,"","",5386GB,Geffen
Berkenboog,17,"","",5386GB,Geffen
Berkenboog,19,"","",5386GB,Geffen
Berkenboog,21,"","",5386GB,Geffen
Berkenboog,23,"","",5386GB,Geffen
Berkenboog,25,"","",5386GB,Geffen
Berkenboog,27,"","",5386GB,Geffen
Berkenboog,29,"","",5386GB,Geffen
Berkenboog,3,"","",5386GB,Geffen
Berkenboog,31,"","",5386GB,Geffen
Berkenboog,33,"","",5386GB,Geffen
Berkenboog,35,"","",5386GB,Geffen
Berkenboog,37,"","",5386GB,Geffen
Berkenboog,39,"","",5386GB,Geffen
Berkenboog,41,"","",5386GB,Geffen
Berkenboog,43,"","",5386GB,Geffen
Berkenboog,45,"","",5386GB,Geffen
Berkenboog,47,"","",5386GB,Geffen
Berkenboog,49,"","",5386GB,Geffen
Berkenboog,5,"","",5386GB,Geffen
Berkenboog,51,"","",5386GB,Geffen
Berkenboog,53,"","",5386GB,Geffen
Berkenboog,55,"","",5386GB,Geffen
Berkenboog,57,"","",5386GB,Geffen
Berkenboog,59,"","",5386GB,Geffen
Berkenboog,61,"","",5386GB,Geffen
Berkenboog,7,"","",5386GB,Geffen
Berkenboog,9,"","",5386GB,Geffen
Berkenboog,10,"","",5386GC,Geffen
Berkenboog,12,"","",5386GC,Geffen
Berkenboog,14,"","",5386GC,Geffen
Berkenboog,16,"","",5386GC,Geffen
Berkenboog,18,"","",5386GC,Geffen
Berkenboog,20,"","",5386GC,Geffen
Berkenboog,22,"","",5386GC,Geffen
Berkenboog,24,"","",5386GC,Geffen
Berkenboog,26,"","",5386GC,Geffen
Berkenboog,28,"","",5386GC,Geffen
Berkenboog,30,"","",5386GC,Geffen
Berkenboog,32,"","",5386GC,Geffen
Berkenboog,34,"","",5386GC,Geffen
Berkenboog,36,"","",5386GC,Geffen
Berkenboog,38,"","",5386GC,Geffen
Berkenboog,40,"","",5386GC,Geffen
Brempad,1,"","",5386GD,Geffen
Brempad,2,"","",5386GD,Geffen
Brempad,3,"","",5386GD,Geffen
Brempad,4,"","",5386GD,Geffen
Brempad,5,"","",5386GD,Geffen
Brempad,6,"","",5386GD,Geffen
Brempad,7,"","",5386GD,Geffen
Brempad,8,"","",5386GD,Geffen
Hoppad,10,"","",5386GE,Geffen
Hoppad,12,"","",5386GE,Geffen
Hoppad,14,"","",5386GE,Geffen
Hoppad,16,"","",5386GE,Geffen
Hoppad,2,"","",5386GE,Geffen
Hoppad,4,"","",5386GE,Geffen
Hoppad,6,"","",5386GE,Geffen
Hoppad,6,A,"",5386GE,Geffen
Hoppad,6,A,"",5386GE,Geffen
Hoppad,8,"","",5386GE,Geffen
Abelenstraat,1,"","",5386GG,Geffen
Abelenstraat,1,A,"",5386GG,Geffen
Abelenstraat,1,A,"",5386GG,Geffen
Abelenstraat,11,"","",5386GG,Geffen
Abelenstraat,13,"","",5386GG,Geffen
Abelenstraat,13,A,"",5386GG,Geffen
Abelenstraat,13,A,"",5386GG,Geffen
Abelenstraat,13,B,"",5386GG,Geffen
Abelenstraat,13,B,"",5386GG,Geffen
Abelenstraat,15,"","",5386GG,Geffen
Abelenstraat,17,"","",5386GG,Geffen
Abelenstraat,19,"","",5386GG,Geffen
Abelenstraat,21,"","",5386GG,Geffen
Abelenstraat,23,"","",5386GG,Geffen
Abelenstraat,25,"","",5386GG,Geffen
Abelenstraat,27,"","",5386GG,Geffen
Abelenstraat,29,"","",5386GG,Geffen
Abelenstraat,3,"","",5386GG,Geffen
Abelenstraat,5,"","",5386GG,Geffen
Abelenstraat,7,"","",5386GG,Geffen
Abelenstraat,9,"","",5386GG,Geffen
Abelenstraat,10,"","",5386GH,Geffen
Abelenstraat,12,"","",5386GH,Geffen
Abelenstraat,14,"","",5386GH,Geffen
Abelenstraat,16,"","",5386GH,Geffen
Abelenstraat,18,"","",5386GH,Geffen
Abelenstraat,2,"","",5386GH,Geffen
Abelenstraat,20,"","",5386GH,Geffen
Abelenstraat,22,"","",5386GH,Geffen
Abelenstraat,24,"","",5386GH,Geffen
Abelenstraat,26,"","",5386GH,Geffen
Abelenstraat,4,"","",5386GH,Geffen
Abelenstraat,6,"","",5386GH,Geffen
Abelenstraat,8,"","",5386GH,Geffen
Kastanjehof,71,"","",5386GJ,Geffen
Kastanjehof,73,"","",5386GJ,Geffen
Kastanjehof,75,"","",5386GJ,Geffen
Kastanjehof,77,"","",5386GJ,Geffen
Kastanjehof,79,"","",5386GJ,Geffen
Kastanjehof,81,"","",5386GJ,Geffen
Kastanjehof,83,"","",5386GJ,Geffen
Kastanjehof,85,"","",5386GJ,Geffen
Kastanjehof,87,"","",5386GJ,Geffen
Kastanjehof,89,"","",5386GJ,Geffen
Kastanjehof,91,"","",5386GJ,Geffen
Kastanjehof,93,"","",5386GJ,Geffen
Kastanjehof,95,"","",5386GJ,Geffen
Kastanjehof,97,"","",5386GJ,Geffen
Kastanjehof,99,"","",5386GJ,Geffen
Wilgenstraat,11,"","",5386GL,Geffen
Wilgenstraat,13,"","",5386GL,Geffen
Wilgenstraat,2,"","",5386GL,Geffen
Wilgenstraat,4,"","",5386GL,Geffen
Wilgenstraat,6,"","",5386GL,Geffen
Wilgenstraat,9,"","",5386GL,Geffen
Eikenwal,1,"","",5386GM,Geffen
Eikenwal,10,"","",5386GM,Geffen
Eikenwal,11,"","",5386GM,Geffen
Eikenwal,12,"","",5386GM,Geffen
Eikenwal,13,"","",5386GM,Geffen
Eikenwal,14,"","",5386GM,Geffen
Eikenwal,15,"","",5386GM,Geffen
Eikenwal,16,"","",5386GM,Geffen
Eikenwal,17,"","",5386GM,Geffen
Eikenwal,18,"","",5386GM,Geffen
Eikenwal,19,"","",5386GM,Geffen
Eikenwal,19,"","",5386GM,Geffen
Eikenwal,2,"","",5386GM,Geffen
Eikenwal,21,"","",5386GM,Geffen
Eikenwal,22,"","",5386GM,Geffen
Eikenwal,23,"","",5386GM,Geffen
Eikenwal,24,"","",5386GM,Geffen
Eikenwal,25,"","",5386GM,Geffen
Eikenwal,26,"","",5386GM,Geffen
Eikenwal,27,"","",5386GM,Geffen
Eikenwal,28,"","",5386GM,Geffen
Eikenwal,29,"","",5386GM,Geffen
Eikenwal,3,"","",5386GM,Geffen
Eikenwal,31,"","",5386GM,Geffen
Eikenwal,33,"","",5386GM,Geffen
Eikenwal,35,"","",5386GM,Geffen
Eikenwal,37,"","",5386GM,Geffen
Eikenwal,39,"","",5386GM,Geffen
Eikenwal,4,"","",5386GM,Geffen
Eikenwal,41,"","",5386GM,Geffen
Eikenwal,43,"","",5386GM,Geffen
Eikenwal,5,"","",5386GM,Geffen
Eikenwal,6,"","",5386GM,Geffen
Eikenwal,7,"","",5386GM,Geffen
Eikenwal,8,"","",5386GM,Geffen
Eikenwal,9,"","",5386GM,Geffen
Kastanjehof,1,"","",5386GN,Geffen
Kastanjehof,11,"","",5386GN,Geffen
Kastanjehof,13,"","",5386GN,Geffen
Kastanjehof,15,"","",5386GN,Geffen
Kastanjehof,17,"","",5386GN,Geffen
Kastanjehof,19,"","",5386GN,Geffen
Kastanjehof,21,"","",5386GN,Geffen
Kastanjehof,23,"","",5386GN,Geffen
Kastanjehof,25,"","",5386GN,Geffen
Kastanjehof,3,"","",5386GN,Geffen
Kastanjehof,39,"","",5386GN,Geffen
Kastanjehof,41,"","",5386GN,Geffen
Kastanjehof,43,"","",5386GN,Geffen
Kastanjehof,45,"","",5386GN,Geffen
Kastanjehof,47,"","",5386GN,Geffen
Kastanjehof,49,"","",5386GN,Geffen
Kastanjehof,5,"","",5386GN,Geffen
Kastanjehof,51,"","",5386GN,Geffen
Kastanjehof,53,"","",5386GN,Geffen
Kastanjehof,55,"","",5386GN,Geffen
Kastanjehof,57,"","",5386GN,Geffen
Kastanjehof,59,"","",5386GN,Geffen
Kastanjehof,61,"","",5386GN,Geffen
Kastanjehof,63,"","",5386GN,Geffen
Kastanjehof,65,"","",5386GN,Geffen
Kastanjehof,67,"","",5386GN,Geffen
Kastanjehof,69,"","",5386GN,Geffen
Kastanjehof,7,"","",5386GN,Geffen
Kastanjehof,9,"","",5386GN,Geffen
Kastanjehof,10,"","",5386GP,Geffen
Kastanjehof,12,"","",5386GP,Geffen
Kastanjehof,14,"","",5386GP,Geffen
Kastanjehof,16,"","",5386GP,Geffen
Kastanjehof,18,"","",5386GP,Geffen
Kastanjehof,2,"","",5386GP,Geffen
Kastanjehof,20,"","",5386GP,Geffen
Kastanjehof,22,"","",5386GP,Geffen
Kastanjehof,24,"","",5386GP,Geffen
Kastanjehof,26,"","",5386GP,Geffen
Kastanjehof,28,"","",5386GP,Geffen
Kastanjehof,30,"","",5386GP,Geffen
Kastanjehof,32,"","",5386GP,Geffen
Kastanjehof,34,"","",5386GP,Geffen
Kastanjehof,36,"","",5386GP,Geffen
Kastanjehof,38,"","",5386GP,Geffen
Kastanjehof,4,"","",5386GP,Geffen
Kastanjehof,6,"","",5386GP,Geffen
Kastanjehof,8,"","",5386GP,Geffen
Elzendreef,1,"","",5386GR,Geffen
Elzendreef,11,"","",5386GR,Geffen
Elzendreef,13,"","",5386GR,Geffen
Elzendreef,15,"","",5386GR,Geffen
Elzendreef,15,A,"",5386GR,Geffen
Elzendreef,15,A,"",5386GR,Geffen
Elzendreef,15,B,"",5386GR,Geffen
Elzendreef,15,B,"",5386GR,Geffen
Elzendreef,17,"","",5386GR,Geffen
Elzendreef,19,"","",5386GR,Geffen
Elzendreef,21,"","",5386GR,Geffen
Elzendreef,23,"","",5386GR,Geffen
Elzendreef,25,"","",5386GR,Geffen
Elzendreef,25,A,"",5386GR,Geffen
Elzendreef,25,A,"",5386GR,Geffen
Elzendreef,27,"","",5386GR,Geffen
Elzendreef,29,"","",5386GR,Geffen
Elzendreef,3,"","",5386GR,Geffen
Elzendreef,31,"","",5386GR,Geffen
Elzendreef,5,"","",5386GR,Geffen
Elzendreef,5,"","",5386GR,Geffen
Elzendreef,5,A,"",5386GR,Geffen
Elzendreef,5,A,"",5386GR,Geffen
Elzendreef,5,A,"",5386GR,Geffen
Elzendreef,5,B,"",5386GR,Geffen
Elzendreef,5,B,"",5386GR,Geffen
Elzendreef,5,B,"",5386GR,Geffen
Elzendreef,5,C,"",5386GR,Geffen
Elzendreef,7,"","",5386GR,Geffen
Elzendreef,9,"","",5386GR,Geffen
Elzendreef,12,"","",5386GS,Geffen
Elzendreef,14,"","",5386GS,Geffen
Elzendreef,16,"","",5386GS,Geffen
Elzendreef,18,"","",5386GS,Geffen
Elzendreef,2,"","",5386GS,Geffen
Elzendreef,20,"","",5386GS,Geffen
Elzendreef,22,"","",5386GS,Geffen
Elzendreef,24,"","",5386GS,Geffen
Elzendreef,26,"","",5386GS,Geffen
Elzendreef,28,"","",5386GS,Geffen
Elzendreef,30,"","",5386GS,Geffen
Elzendreef,32,"","",5386GS,Geffen
Elzendreef,34,"","",5386GS,Geffen
Elzendreef,36,"","",5386GS,Geffen
Elzendreef,36,A,"",5386GS,Geffen
Elzendreef,36,A,"",5386GS,Geffen
Elzendreef,38,"","",5386GS,Geffen
Elzendreef,4,"","",5386GS,Geffen
Elzendreef,40,"","",5386GS,Geffen
Elzendreef,42,"","",5386GS,Geffen
Elzendreef,44,"","",5386GS,Geffen
Elzendreef,46,"","",5386GS,Geffen
Elzendreef,48,"","",5386GS,Geffen
Elzendreef,50,"","",5386GS,Geffen
Elzendreef,52,"","",5386GS,Geffen
Elzendreef,54,"","",5386GS,Geffen
Elzendreef,56,"","",5386GS,Geffen
Elzendreef,58,"","",5386GS,Geffen
Elzendreef,6,"","",5386GS,Geffen
Elzendreef,60,"","",5386GS,Geffen
Elzendreef,62,"","",5386GS,Geffen
Elzendreef,64,"","",5386GS,Geffen
Elzendreef,66,"","",5386GS,Geffen
Elzendreef,68,"","",5386GS,Geffen
Elzendreef,8,"","",5386GS,Geffen
Peppeldreef,1,"","",5386GT,Geffen
Peppeldreef,10,"","",5386GT,Geffen
Peppeldreef,11,"","",5386GT,Geffen
Peppeldreef,12,"","",5386GT,Geffen
Peppeldreef,13,"","",5386GT,Geffen
Peppeldreef,14,"","",5386GT,Geffen
Peppeldreef,15,"","",5386GT,Geffen
Peppeldreef,16,"","",5386GT,Geffen
Peppeldreef,17,"","",5386GT,Geffen
Peppeldreef,18,"","",5386GT,Geffen
Peppeldreef,19,"","",5386GT,Geffen
Peppeldreef,2,"","",5386GT,Geffen
Peppeldreef,20,"","",5386GT,Geffen
Peppeldreef,21,"","",5386GT,Geffen
Peppeldreef,22,"","",5386GT,Geffen
Peppeldreef,23,"","",5386GT,Geffen
Peppeldreef,24,"","",5386GT,Geffen
Peppeldreef,25,"","",5386GT,Geffen
Peppeldreef,26,"","",5386GT,Geffen
Peppeldreef,27,"","",5386GT,Geffen
Peppeldreef,28,"","",5386GT,Geffen
Peppeldreef,3,"","",5386GT,Geffen
Peppeldreef,4,"","",5386GT,Geffen
Peppeldreef,5,"","",5386GT,Geffen
Peppeldreef,7,"","",5386GT,Geffen
Peppeldreef,9,"","",5386GT,Geffen
Essenstraat,1,"","",5386GV,Geffen
Essenstraat,10,"","",5386GV,Geffen
Essenstraat,11,"","",5386GV,Geffen
Essenstraat,12,"","",5386GV,Geffen
Essenstraat,13,"","",5386GV,Geffen
Essenstraat,14,"","",5386GV,Geffen
Essenstraat,15,"","",5386GV,Geffen
Essenstraat,16,"","",5386GV,Geffen
Essenstraat,18,"","",5386GV,Geffen
Essenstraat,2,"","",5386GV,Geffen
Essenstraat,20,"","",5386GV,Geffen
Essenstraat,22,"","",5386GV,Geffen
Essenstraat,24,"","",5386GV,Geffen
Essenstraat,26,"","",5386GV,Geffen
Essenstraat,28,"","",5386GV,Geffen
Essenstraat,3,"","",5386GV,Geffen
Essenstraat,30,"","",5386GV,Geffen
Essenstraat,32,"","",5386GV,Geffen
Essenstraat,34,"","",5386GV,Geffen
Essenstraat,36,"","",5386GV,Geffen
Essenstraat,38,"","",5386GV,Geffen
Essenstraat,4,"","",5386GV,Geffen
Essenstraat,40,"","",5386GV,Geffen
Essenstraat,5,"","",5386GV,Geffen
Essenstraat,6,"","",5386GV,Geffen
Essenstraat,7,"","",5386GV,Geffen
Essenstraat,8,"","",5386GV,Geffen
Essenstraat,9,"","",5386GV,Geffen
Sleedoornstraat,1,"","",5386GW,Geffen
Sleedoornstraat,10,"","",5386GW,Geffen
Sleedoornstraat,11,"","",5386GW,Geffen
Sleedoornstraat,14,"","",5386GW,Geffen
Sleedoornstraat,16,"","",5386GW,Geffen
Sleedoornstraat,18,"","",5386GW,Geffen
Sleedoornstraat,2,"","",5386GW,Geffen
Sleedoornstraat,20,"","",5386GW,Geffen
Sleedoornstraat,3,"","",5386GW,Geffen
Sleedoornstraat,4,"","",5386GW,Geffen
Sleedoornstraat,5,"","",5386GW,Geffen
Sleedoornstraat,6,"","",5386GW,Geffen
Sleedoornstraat,7,"","",5386GW,Geffen
Sleedoornstraat,8,"","",5386GW,Geffen
Sleedoornstraat,9,"","",5386GW,Geffen
Meidoornstraat,1,"","",5386GX,Geffen
Meidoornstraat,11,"","",5386GX,Geffen
Meidoornstraat,13,"","",5386GX,Geffen
Meidoornstraat,15,"","",5386GX,Geffen
Meidoornstraat,17,"","",5386GX,Geffen
Meidoornstraat,19,"","",5386GX,Geffen
Meidoornstraat,21,"","",5386GX,Geffen
Meidoornstraat,23,"","",5386GX,Geffen
Meidoornstraat,25,"","",5386GX,Geffen
Meidoornstraat,27,"","",5386GX,Geffen
Meidoornstraat,29,"","",5386GX,Geffen
Meidoornstraat,3,"","",5386GX,Geffen
Meidoornstraat,5,"","",5386GX,Geffen
Meidoornstraat,7,"","",5386GX,Geffen
Meidoornstraat,9,"","",5386GX,Geffen
Meidoornstraat,10,"","",5386GZ,Geffen
Meidoornstraat,12,"","",5386GZ,Geffen
Meidoornstraat,14,"","",5386GZ,Geffen
Meidoornstraat,16,"","",5386GZ,Geffen
Meidoornstraat,18,"","",5386GZ,Geffen
Meidoornstraat,2,"","",5386GZ,Geffen
Meidoornstraat,20,"","",5386GZ,Geffen
Meidoornstraat,4,"","",5386GZ,Geffen
Meidoornstraat,6,"","",5386GZ,Geffen
Meidoornstraat,8,"","",5386GZ,Geffen
D'n Ham,1,"","",5386JA,Geffen
D'n Ham,1,"","",5386JA,Geffen
D'n Ham,1,A,"",5386JA,Geffen
D'n Ham,1,A,"",5386JA,Geffen
D'n Ham,1,A,"",5386JA,Geffen
D'n Ham,10,"","",5386JA,Geffen
D'n Ham,10,"","",5386JA,Geffen
D'n Ham,10,"","",5386JA,Geffen
D'n Ham,10,"",UNIT,5386JA,Geffen
D'n Ham,12,"","",5386JA,Geffen
D'n Ham,12,"","",5386JA,Geffen
D'n Ham,2,"","",5386JA,Geffen
D'n Ham,2,"","",5386JA,Geffen
D'n Ham,4,"","",5386JA,Geffen
D'n Ham,4,"","",5386JA,Geffen
D'n Ham,4,"","",5386JA,Geffen
D'n Ham,6,"","",5386JA,Geffen
D'n Ham,6,"","",5386JA,Geffen
D'n Ham,8,"","",5386JA,Geffen
D'n Ham,8,"","",5386JA,Geffen
Molengraaf,1,"","",5386JB,Nuland
Molengraaf,1,"",UNIT,5386JB,Nuland
Molengraaf,11,"","",5386JB,Nuland
Molengraaf,13,"","",5386JB,Nuland
Molengraaf,13,A,"",5386JB,Nuland
Molengraaf,13,A,"",5386JB,Nuland
Molengraaf,15,"","",5386JB,Nuland
Molengraaf,19,"","",5386JB,Nuland
Molengraaf,23,"","",5386JB,Nuland
Molengraaf,3,"","",5386JB,Nuland
Molengraaf,5,"","",5386JB,Nuland
Molengraaf,7,"","",5386JB,Nuland
Molengraaf,7,"","",5386JB,Nuland
Molengraaf,9,"","",5386JB,Nuland
Wolfdijk,16,"","",5386JC,Geffen
Wolfdijk,18,"","",5386JC,Geffen
Wolfdijk,18,"","",5386JC,Geffen
Wolfdijk,18,A,"",5386JC,Geffen
Wolfdijk,18,A,"",5386JC,Geffen
Wolfdijk,18,B,"",5386JC,Geffen
Wolfdijk,3,A,"",5386JC,Geffen
Wolfdijk,3,A,"",5386JC,Geffen
Wolfdijk,5,"","",5386JC,Geffen
Wolfdijk,7,"","",5386JC,Geffen
Molengraaf,20,"","",5386JD,Nuland
Molengraaf,22,"","",5386JD,Nuland
Molengraaf,24,"","",5386JD,Nuland
Molengraaf,26,"","",5386JD,Nuland
De Kouwe Noord,1,"","",5386JZ,Geffen
De Kouwe Noord,1,"","",5386JZ,Geffen
De Kouwe Noord,10,"","",5386JZ,Geffen
De Kouwe Noord,10,"","",5386JZ,Geffen
De Kouwe Noord,11,"","",5386JZ,Geffen
De Kouwe Noord,12,"","",5386JZ,Geffen
De Kouwe Noord,12,"","",5386JZ,Geffen
De Kouwe Noord,14,"","",5386JZ,Geffen
De Kouwe Noord,2,"","",5386JZ,Geffen
De Kouwe Noord,20,"","",5386JZ,Geffen
De Kouwe Noord,22,"","",5386JZ,Geffen
De Kouwe Noord,22,"",UNIT,5386JZ,Geffen
De Kouwe Noord,3,"","",5386JZ,Geffen
De Kouwe Noord,3,"","",5386JZ,Geffen
De Kouwe Noord,3,"","",5386JZ,Geffen
De Kouwe Noord,3,"","",5386JZ,Geffen
De Kouwe Noord,3,A,"",5386JZ,Geffen
De Kouwe Noord,3,A,"",5386JZ,Geffen
De Kouwe Noord,3,A,"",5386JZ,Geffen
De Kouwe Noord,3,B,"",5386JZ,Geffen
De Kouwe Noord,3,B,"",5386JZ,Geffen
De Kouwe Noord,3,B,"",5386JZ,Geffen
De Kouwe Noord,3,B,UNIT,5386JZ,Geffen
De Kouwe Noord,3,B,UNIT,5386JZ,Geffen
De Kouwe Noord,4,"","",5386JZ,Geffen
De Kouwe Noord,5,"","",5386JZ,Geffen
De Kouwe Noord,5,"","",5386JZ,Geffen
De Kouwe Noord,6,"","",5386JZ,Geffen
De Kouwe Noord,6,"","",5386JZ,Geffen
De Kouwe Noord,6,"","",5386JZ,Geffen
De Kouwe Noord,6,A,"",5386JZ,Geffen
De Kouwe Noord,6,A,"",5386JZ,Geffen
De Kouwe Noord,6,A,"",5386JZ,Geffen
De Kouwe Noord,6,A,"",5386JZ,Geffen
De Kouwe Noord,7,"","",5386JZ,Geffen
De Kouwe Noord,7,"","",5386JZ,Geffen
De Kouwe Noord,8,"","",5386JZ,Geffen
De Kouwe Noord,8,"","",5386JZ,Geffen
De Kouwe Noord,9,"","",5386JZ,Geffen
De Kouwe Noord,9,"","",5386JZ,Geffen
Bedrijvenweg,1,"","",5386KA,Geffen
Bedrijvenweg,10,"","",5386KA,Geffen
Bedrijvenweg,10,"","",5386KA,Geffen
Bedrijvenweg,2,"","",5386KA,Geffen
Bedrijvenweg,3,"","",5386KA,Geffen
Bedrijvenweg,3,"","",5386KA,Geffen
Bedrijvenweg,4,"","",5386KA,Geffen
Bedrijvenweg,5,"","",5386KA,Geffen
Bedrijvenweg,6,"","",5386KA,Geffen
Bedrijvenweg,6,"","",5386KA,Geffen
Bedrijvenweg,7,"","",5386KA,Geffen
Bedrijvenweg,7,"","",5386KA,Geffen
Elst,1,"","",5386KB,Geffen
Elst,10,"","",5386KB,Geffen
Elst,10,"","",5386KB,Geffen
Elst,10,A,"",5386KB,Geffen
Elst,10,A,"",5386KB,Geffen
Elst,10,A,"",5386KB,Geffen
Elst,11,"","",5386KB,Geffen
Elst,11,"","",5386KB,Geffen
Elst,11,"","",5386KB,Geffen
Elst,12,"","",5386KB,Geffen
Elst,12,"","",5386KB,Geffen
Elst,12,A,"",5386KB,Geffen
Elst,12,A,"",5386KB,Geffen
Elst,12,A,"",5386KB,Geffen
Elst,13,"","",5386KB,Geffen
Elst,13,"","",5386KB,Geffen
Elst,13,A,"",5386KB,Geffen
Elst,13,A,"",5386KB,Geffen
Elst,13,A,"",5386KB,Geffen
Elst,13,A,"",5386KB,Geffen
Elst,13,B,"",5386KB,Geffen
Elst,13,B,"",5386KB,Geffen
Elst,13,B,"",5386KB,Geffen
Elst,15,"","",5386KB,Geffen
Elst,15,"","",5386KB,Geffen
Elst,15,A,"",5386KB,Geffen
Elst,15,A,"",5386KB,Geffen
Elst,15,A,"",5386KB,Geffen
Elst,15,A,"",5386KB,Geffen
Elst,15,B,"",5386KB,Geffen
Elst,15,B,"",5386KB,Geffen
Elst,15,B,"",5386KB,Geffen
Elst,15,B,"",5386KB,Geffen
Elst,17,"","",5386KB,Geffen
Elst,17,"","",5386KB,Geffen
Elst,17,A,"",5386KB,Geffen
Elst,17,A,"",5386KB,Geffen
Elst,17,A,"",5386KB,Geffen
Elst,18,"","",5386KB,Geffen
Elst,18,"","",5386KB,Geffen
Elst,18,A,"",5386KB,Geffen
Elst,2,"","",5386KB,Geffen
Elst,2,"",MW,5386KB,Geffen
Elst,3,"","",5386KB,Geffen
Elst,4,"","",5386KB,Geffen
Elst,4,A,"",5386KB,Geffen
Elst,4,A,"",5386KB,Geffen
Elst,6,"","",5386KB,Geffen
Elst,6,A,"",5386KB,Geffen
Elst,6,A,"",5386KB,Geffen
Elst,6,B,"",5386KB,Geffen
Elst,6,B,"",5386KB,Geffen
Elst,7,"","",5386KB,Geffen
Elst,7,"","",5386KB,Geffen
Elst,8,"","",5386KB,Geffen
Elst,8,"","",5386KB,Geffen
Elst,8,A,"",5386KB,Geffen
Elst,8,A,"",5386KB,Geffen
Elst,8,A,"",5386KB,Geffen
Elst,9,"","",5386KB,Geffen
Broekstraat,1,"","",5386KC,Geffen
Broekstraat,1,"","",5386KC,Geffen
Broekstraat,11,"","",5386KC,Geffen
Broekstraat,3,"","",5386KC,Geffen
Broekstraat,5,"","",5386KC,Geffen
Broekstraat,7,"","",5386KC,Geffen
Broekstraat,7,"","",5386KC,Geffen
Broekstraat,7,A,"",5386KC,Geffen
Broekstraat,9,"","",5386KC,Geffen
Broekstraat,9,"","",5386KC,Geffen
Broekstraat,9,A,"",5386KC,Geffen
Broekstraat,9,A,"",5386KC,Geffen
Broekstraat,9,A,"",5386KC,Geffen
Broekstraat,10,"","",5386KD,Geffen
Broekstraat,12,"","",5386KD,Geffen
Broekstraat,14,"","",5386KD,Geffen
Broekstraat,16,"","",5386KD,Geffen
Broekstraat,2,"","",5386KD,Geffen
Broekstraat,2,A,"",5386KD,Geffen
Broekstraat,2,A,"",5386KD,Geffen
Broekstraat,2,A,"",5386KD,Geffen
Broekstraat,2,B,"",5386KD,Geffen
Broekstraat,2,B,"",5386KD,Geffen
Broekstraat,4,"","",5386KD,Geffen
Broekstraat,4,A,"",5386KD,Geffen
Broekstraat,4,A,"",5386KD,Geffen
Broekstraat,6,"","",5386KD,Geffen
Broekstraat,6,A,"",5386KD,Geffen
Broekstraat,6,A,"",5386KD,Geffen
Broekstraat,8,"","",5386KD,Geffen
Broekstraat,8,"","",5386KD,Geffen
Broekstraat,8,A,"",5386KD,Geffen
Broekstraat,8,A,"",5386KD,Geffen
Broekstraat,8,B,"",5386KD,Geffen
Spoorpad,10,"","",5386KE,Geffen
Spoorpad,10,"",MZ,5386KE,Geffen
Spoorpad,10,A,"",5386KE,Geffen
Spoorpad,10,A,"",5386KE,Geffen
Spoorpad,12,"","",5386KE,Geffen
Spoorpad,2,"","",5386KE,Geffen
Spoorpad,2,A,"",5386KE,Geffen
Spoorpad,2,A,"",5386KE,Geffen
Spoorpad,4,"","",5386KE,Geffen
Spoorpad,4,A,"",5386KE,Geffen
Spoorpad,6,"","",5386KE,Geffen
Spoorpad,8,"","",5386KE,Geffen
Bredeweg,1,"","",5386KM,Geffen
Bredeweg,11,"","",5386KM,Geffen
Bredeweg,13,"","",5386KM,Geffen
Bredeweg,15,"","",5386KM,Geffen
Bredeweg,17,"","",5386KM,Geffen
Bredeweg,19,"","",5386KM,Geffen
Bredeweg,21,"","",5386KM,Geffen
Bredeweg,23,"","",5386KM,Geffen
Bredeweg,25,"","",5386KM,Geffen
Bredeweg,27,"","",5386KM,Geffen
Bredeweg,27,"","",5386KM,Geffen
Bredeweg,29,"","",5386KM,Geffen
Bredeweg,29,"","",5386KM,Geffen
Bredeweg,3,"","",5386KM,Geffen
Bredeweg,33,"","",5386KM,Geffen
Bredeweg,5,"","",5386KM,Geffen
Bredeweg,7,"","",5386KM,Geffen
Bredeweg,7,A,"",5386KM,Geffen
Bredeweg,7,A,"",5386KM,Geffen
Bredeweg,9,"","",5386KM,Geffen
Bredeweg,10,"","",5386KP,Geffen
Bredeweg,10,A,"",5386KP,Geffen
Bredeweg,10,A,"",5386KP,Geffen
Bredeweg,10,B,"",5386KP,Geffen
Bredeweg,12,"","",5386KP,Geffen
Bredeweg,14,"","",5386KP,Geffen
Bredeweg,14,"","",5386KP,Geffen
Bredeweg,14,A,"",5386KP,Geffen
Bredeweg,14,A,"",5386KP,Geffen
Bredeweg,14,B,"",5386KP,Geffen
Bredeweg,14,B,"",5386KP,Geffen
Bredeweg,14,C,"",5386KP,Geffen
Bredeweg,14,C,"",5386KP,Geffen
Bredeweg,14,F,"",5386KP,Geffen
Bredeweg,14,G,"",5386KP,Geffen
Bredeweg,14,G,UNIT,5386KP,Geffen
Bredeweg,14,H,"",5386KP,Geffen
Bredeweg,14,H,UNIT,5386KP,Geffen
Bredeweg,14,J,"",5386KP,Geffen
Bredeweg,14,K,"",5386KP,Geffen
Bredeweg,16,"","",5386KP,Geffen
Bredeweg,18,"","",5386KP,Geffen
Bredeweg,2,"","",5386KP,Geffen
Bredeweg,20,"","",5386KP,Geffen
Bredeweg,20,A,"",5386KP,Geffen
Bredeweg,20,A,"",5386KP,Geffen
Bredeweg,22,"","",5386KP,Geffen
Bredeweg,22,A,"",5386KP,Geffen
Bredeweg,22,A,"",5386KP,Geffen
Bredeweg,24,"","",5386KP,Geffen
Bredeweg,26,"","",5386KP,Geffen
Bredeweg,26,A,"",5386KP,Geffen
Bredeweg,26,A,"",5386KP,Geffen
Bredeweg,28,"","",5386KP,Geffen
Bredeweg,4,"","",5386KP,Geffen
Bredeweg,4,A,"",5386KP,Geffen
Bredeweg,4,A,"",5386KP,Geffen
Bredeweg,4,B,"",5386KP,Geffen
Bredeweg,4,B,"",5386KP,Geffen
Bredeweg,4,C,"",5386KP,Geffen
Bredeweg,4,C,"",5386KP,Geffen
Bredeweg,6,"","",5386KP,Geffen
Bredeweg,8,"","",5386KP,Geffen
Leiweg,1,"","",5386KR,Geffen
Leiweg,1,"","",5386KR,Geffen
Leiweg,1,A,"",5386KR,Geffen
Leiweg,10,"","",5386KR,Geffen
Leiweg,11,"","",5386KR,Geffen
Leiweg,11,A,"",5386KR,Geffen
Leiweg,11,A,"",5386KR,Geffen
Leiweg,12,"","",5386KR,Geffen
Leiweg,14,"","",5386KR,Geffen
Leiweg,16,"","",5386KR,Geffen
Leiweg,16,A,"",5386KR,Geffen
Leiweg,17,"","",5386KR,Geffen
Leiweg,17,"",UNIT,5386KR,Geffen
Leiweg,18,"","",5386KR,Geffen
Leiweg,2,"","",5386KR,Geffen
Leiweg,2,"","",5386KR,Geffen
Leiweg,2,A,"",5386KR,Geffen
Leiweg,2,A,"",5386KR,Geffen
Leiweg,2,B,"",5386KR,Geffen
Leiweg,2,B,"",5386KR,Geffen
Leiweg,2,C,"",5386KR,Geffen
Leiweg,2,C,"",5386KR,Geffen
Leiweg,2,D,"",5386KR,Geffen
Leiweg,2,D,"",5386KR,Geffen
Leiweg,2,E,"",5386KR,Geffen
Leiweg,2,E,"",5386KR,Geffen
Leiweg,2,F,"",5386KR,Geffen
Leiweg,2,F,"",5386KR,Geffen
Leiweg,2,G,"",5386KR,Geffen
Leiweg,2,G,"",5386KR,Geffen
Leiweg,2,H,"",5386KR,Geffen
Leiweg,2,H,"",5386KR,Geffen
Leiweg,2,I,"",5386KR,Geffen
Leiweg,2,I,"",5386KR,Geffen
Leiweg,2,J,"",5386KR,Geffen
Leiweg,2,J,"",5386KR,Geffen
Leiweg,2,K,"",5386KR,Geffen
Leiweg,2,K,"",5386KR,Geffen
Leiweg,2,L,"",5386KR,Geffen
Leiweg,2,L,"",5386KR,Geffen
Leiweg,20,"","",5386KR,Geffen
Leiweg,20,"",UNIT,5386KR,Geffen
Leiweg,22,"","",5386KR,Geffen
Leiweg,22,"",UNIT,5386KR,Geffen
Leiweg,3,"","",5386KR,Geffen
Leiweg,3,A,"",5386KR,Geffen
Leiweg,3,A,"",5386KR,Geffen
Leiweg,4,"","",5386KR,Geffen
Leiweg,5,"","",5386KR,Geffen
Leiweg,5,A,"",5386KR,Geffen
Leiweg,5,A,"",5386KR,Geffen
Leiweg,5,A,MZ,5386KR,Geffen
Leiweg,5,C,"",5386KR,Geffen
Leiweg,5,C,"",5386KR,Geffen
Leiweg,6,"","",5386KR,Geffen
Leiweg,6,"","",5386KR,Geffen
Leiweg,6,"","",5386KR,Geffen
Leiweg,6,"","",5386KR,Geffen
Leiweg,6,A,"",5386KR,Geffen
Leiweg,6,B,"",5386KR,Geffen
Leiweg,6,B,"",5386KR,Geffen
Leiweg,6,D,"",5386KR,Geffen
Leiweg,6,D,"",5386KR,Geffen
Leiweg,6,E,"",5386KR,Geffen
Leiweg,6,E,"",5386KR,Geffen
Leiweg,6,F,"",5386KR,Geffen
Leiweg,6,F,"",5386KR,Geffen
Leiweg,7,"","",5386KR,Geffen
Leiweg,7,A,"",5386KR,Geffen
Leiweg,7,A,"",5386KR,Geffen
Leiweg,7,B,"",5386KR,Geffen
Leiweg,8,"","",5386KR,Geffen
Leiweg,8,A,"",5386KR,Geffen
Leiweg,8,A,"",5386KR,Geffen
Leiweg,8,B,"",5386KR,Geffen
Leiweg,8,B,"",5386KR,Geffen
Leiweg,9,"","",5386KR,Geffen
Leiweg,9,"",MW,5386KR,Geffen
Heesterseweg,11,"","",5386KT,Geffen
Heesterseweg,11,A,"",5386KT,Geffen
Heesterseweg,11,A,"",5386KT,Geffen
Heesterseweg,12,"","",5386KT,Geffen
Heesterseweg,13,"","",5386KT,Geffen
Heesterseweg,14,"","",5386KT,Geffen
Heesterseweg,15,"","",5386KT,Geffen
Heesterseweg,15,A,"",5386KT,Geffen
Heesterseweg,15,A,"",5386KT,Geffen
Heesterseweg,16,"","",5386KT,Geffen
Heesterseweg,17,"","",5386KT,Geffen
Heesterseweg,17,A,"",5386KT,Geffen
Heesterseweg,17,A,"",5386KT,Geffen
Heesterseweg,17,B,"",5386KT,Geffen
Heesterseweg,17,C,"",5386KT,Geffen
Heesterseweg,17,F,"",5386KT,Geffen
Heesterseweg,17,G,"",5386KT,Geffen
Heesterseweg,17,H,"",5386KT,Geffen
Heesterseweg,17,I,"",5386KT,Geffen
Heesterseweg,18,"","",5386KT,Geffen
Heesterseweg,19,"","",5386KT,Geffen
Heesterseweg,19,A,"",5386KT,Geffen
Heesterseweg,20,"","",5386KT,Geffen
Heesterseweg,20,D,"",5386KT,Geffen
Heesterseweg,21,"","",5386KT,Geffen
Heesterseweg,22,"","",5386KT,Geffen
Heesterseweg,23,"","",5386KT,Geffen
Heesterseweg,24,"","",5386KT,Geffen
Heesterseweg,25,"","",5386KT,Geffen
Heesterseweg,26,"","",5386KT,Geffen
Heesterseweg,26,"",MW,5386KT,Geffen
Heesterseweg,26,A,"",5386KT,Geffen
Heesterseweg,27,"","",5386KT,Geffen
Heesterseweg,28,"","",5386KT,Geffen
Heesterseweg,29,"","",5386KT,Geffen
Heesterseweg,3,"","",5386KT,Geffen
Heesterseweg,3,A,"",5386KT,Geffen
Heesterseweg,3,A,"",5386KT,Geffen
Heesterseweg,30,"","",5386KT,Geffen
Heesterseweg,30,A,"",5386KT,Geffen
Heesterseweg,32,"","",5386KT,Geffen
Heesterseweg,33,"","",5386KT,Geffen
Heesterseweg,33,A,"",5386KT,Geffen
Heesterseweg,33,B,"",5386KT,Geffen
Heesterseweg,33,C,"",5386KT,Geffen
Heesterseweg,33,C,UNIT,5386KT,Geffen
Heesterseweg,35,"","",5386KT,Geffen
Heesterseweg,35,"","",5386KT,Geffen
Heesterseweg,35,A,"",5386KT,Geffen
Heesterseweg,35,A,"",5386KT,Geffen
Heesterseweg,35,C,"",5386KT,Geffen
Heesterseweg,37,"","",5386KT,Geffen
Heesterseweg,39,"","",5386KT,Geffen
Heesterseweg,41,"","",5386KT,Geffen
Heesterseweg,43,"","",5386KT,Geffen
Heesterseweg,43,"","",5386KT,Geffen
Heesterseweg,43,A,"",5386KT,Geffen
Heesterseweg,43,A,"",5386KT,Geffen
Heesterseweg,45,"","",5386KT,Geffen
Heesterseweg,47,"","",5386KT,Geffen
Heesterseweg,49,"","",5386KT,Geffen
Heesterseweg,49,A,"",5386KT,Geffen
Heesterseweg,49,A,"",5386KT,Geffen
Heesterseweg,5,"","",5386KT,Geffen
Heesterseweg,5,A,"",5386KT,Geffen
Heesterseweg,5,A,"",5386KT,Geffen
Heesterseweg,53,"","",5386KT,Geffen
Heesterseweg,55,"","",5386KT,Geffen
Heesterseweg,6,D,"",5386KT,Geffen
Heesterseweg,6,D,UNIT,5386KT,Geffen
Heesterseweg,6,E,"",5386KT,Geffen
Heesterseweg,6,E,UNIT,5386KT,Geffen
Heesterseweg,7,"","",5386KT,Geffen
Heesterseweg,7,A,"",5386KT,Geffen
Heesterseweg,9,"","",5386KT,Geffen
Veldstraat,38,"","",5386KV,Geffen
Veldstraat,38,"","",5386KV,Geffen
Veldstraat,38,A,"",5386KV,Geffen
Veldstraat,38,A,"",5386KV,Geffen
Veldstraat,38,B,"",5386KV,Geffen
Veldstraat,39,"","",5386KV,Geffen
Veldstraat,39,A,"",5386KV,Geffen
Veldstraat,40,"","",5386KV,Geffen
Veldstraat,41,"","",5386KV,Geffen
Veldstraat,41,"","",5386KV,Geffen
Veldstraat,42,"","",5386KV,Geffen
Veldstraat,43,"","",5386KV,Geffen
Veldstraat,44,"","",5386KV,Geffen
Veldstraat,45,"","",5386KV,Geffen
Veldstraat,46,"","",5386KV,Geffen
Groenstraat,11,"","",5386KW,Geffen
Groenstraat,11,"",UNIT,5386KW,Geffen
Groenstraat,13,"","",5386KW,Geffen
Groenstraat,14,"","",5386KW,Geffen
Groenstraat,15,A,"",5386KW,Geffen
Groenstraat,15,A,UNIT,5386KW,Geffen
Groenstraat,15,B,"",5386KW,Geffen
Groenstraat,16,"","",5386KW,Geffen
Groenstraat,17,"","",5386KW,Geffen
Groenstraat,18,"","",5386KW,Geffen
Groenstraat,19,"","",5386KW,Geffen
Groenstraat,20,"","",5386KW,Geffen
Groenstraat,4,"","",5386KW,Geffen
Groenstraat,4,A,"",5386KW,Geffen
Groenstraat,4,A,"",5386KW,Geffen
Groenstraat,4,B,"",5386KW,Geffen
Groenstraat,4,B,"",5386KW,Geffen
Groenstraat,4,C,"",5386KW,Geffen
Groenstraat,4,C,"",5386KW,Geffen
Groenstraat,4,D,"",5386KW,Geffen
Groenstraat,4,D,"",5386KW,Geffen
Groenstraat,4,E,"",5386KW,Geffen
Groenstraat,4,E,"",5386KW,Geffen
Groenstraat,5,"","",5386KW,Geffen
Groenstraat,6,"","",5386KW,Geffen
Groenstraat,6,A,"",5386KW,Geffen
Groenstraat,6,A,"",5386KW,Geffen
Groenstraat,7,"","",5386KW,Geffen
Groenstraat,7,"","",5386KW,Geffen
Groenstraat,7,"","",5386KW,Geffen
Leiweg,8,"","",5386KW,Geffen
Groenstraat,9,"","",5386KW,Geffen
Heesterseweg,1,"","",5386KX,Geffen
Heesterseweg,1,A,"",5386KX,Geffen
Heesterseweg,1,A,"",5386KX,Geffen
Heesterseweg,1,B,"",5386KX,Geffen
Heesterseweg,1,B,"",5386KX,Geffen
Heesterseweg,1,C,"",5386KX,Geffen
Heesterseweg,1,C,"",5386KX,Geffen
Heesterseweg,1,D,"",5386KX,Geffen
Heesterseweg,1,D,"",5386KX,Geffen
Heesterseweg,1,E,"",5386KX,Geffen
Heesterseweg,1,E,"",5386KX,Geffen
Heesterseweg,2,"","",5386KX,Geffen
Het Geffens Veld,1,"","",5386LL,Geffen
Het Geffens Veld,10,"","",5386LL,Geffen
Het Geffens Veld,10,A,"",5386LL,Geffen
Het Geffens Veld,10,A,"",5386LL,Geffen
Het Geffens Veld,11,"","",5386LL,Geffen
Het Geffens Veld,11,A,"",5386LL,Geffen
Het Geffens Veld,11,A,"",5386LL,Geffen
Het Geffens Veld,13,"","",5386LL,Geffen
Het Geffens Veld,2,"","",5386LL,Geffen
Het Geffens Veld,3,"","",5386LL,Geffen
Het Geffens Veld,4,"","",5386LL,Geffen
Het Geffens Veld,5,"","",5386LL,Geffen
Het Geffens Veld,5,"","",5386LL,Geffen
Het Geffens Veld,5,A,"",5386LL,Geffen
Het Geffens Veld,6,"","",5386LL,Geffen
Het Geffens Veld,7,"","",5386LL,Geffen
Het Geffens Veld,7,A,"",5386LL,Geffen
Het Geffens Veld,7,A,"",5386LL,Geffen
Het Geffens Veld,8,"","",5386LL,Geffen
Het Geffens Veld,8,A,"",5386LL,Geffen
Het Geffens Veld,8,A,"",5386LL,Geffen
Het Geffens Veld,9,"","",5386LL,Geffen
Het Geffens Veld,9,A,"",5386LL,Geffen
Het Geffens Veld,9,A,"",5386LL,Geffen
De Doelen,1,"","",5386LM,Geffen
De Doelen,1,"","",5386LM,Geffen
De Doelen,2,"","",5386LM,Geffen
De Doelen,2,A,"",5386LM,Geffen
De Doelen,2,A,"",5386LM,Geffen
De Doelen,5,"","",5386LM,Geffen
De Doelen,5,"","",5386LM,Geffen
De Doelen,5,A,"",5386LM,Geffen
De Doelen,5,A,"",5386LM,Geffen
De Doelen,5,A,"",5386LM,Geffen
De Doelen,7,"","",5386LM,Geffen
De Doelen,7,"","",5386LM,Geffen
