postcode,straat,huisnummer,huisletter,toevoeging
3956BJ,Bergweg,1,,
3956BJ,Bergweg,2,,
3956BJ,Bergweg,3,,
3956BJ,Bergweg,5,,
3956BJ,Bergweg,6,,
3956BJ,Bergweg,8,,
3956BJ,Bergweg,10,,
3956BJ,Bergweg,12,,
3956RK,Achterweg,2,,
3956RK,Achterweg,4,,
3956RK,Achterweg,6,,
3956BH,Beukenlaan,1,,
3956BH,Beukenlaan,2,,
3956BH,Beukenlaan,3,,
3956BH,Beukenlaan,4,,
3956BH,Beukenlaan,5,,
3956BH,Beukenlaan,7,,
3956TX,Asenweg,1,,
3956TX,Asenweg,2,,
3956TX,Asenweg,3,,
3956TX,Asenweg,4,,
3956TX,Asenweg,5,,
3956TX,Asenweg,6,,
3956TX,Asenweg,7,,
3956TX,Asenweg,8,,
3956TX,Asenweg,9,,
3956TX,Asenweg,11,,
3956TX,Asenweg,12,,
3956TX,Asenweg,13,,
3956TX,Asenweg,14,,
3956TX,Asenweg,15,,
3956TX,Asenweg,16,,
3956TX,Asenweg,17,,
3956TX,Asenweg,18,,
3956TX,Asenweg,19,,
3956TX,Asenweg,20,,
3956CX,Beau Lieu,1,,
3956CX,Beau Lieu,2,,
3956CX,Beau Lieu,3,,
3956CX,Beau Lieu,4,,
3956CX,Beau Lieu,5,,
3956CX,Beau Lieu,6,,
3956CX,Beau Lieu,7,,
3956CX,Beau Lieu,8,,
3956CX,Beau Lieu,9,,
3956CX,Beau Lieu,10,,
3956CX,Beau Lieu,11,,
3956CX,Beau Lieu,12,,
3956CX,Beau Lieu,13,,
3956CX,Beau Lieu,14,,
3956CX,Beau Lieu,15,,
3956CX,Beau Lieu,16,,
3956VC,Bentincklaan,1,,
3956VC,Bentincklaan,1,a,
3956VC,Bentincklaan,3,,
3956VC,Bentincklaan,5,,
3956VC,Bentincklaan,7,,
3956VC,Bentincklaan,9,,
3956VC,Bentincklaan,9,a,
3956VC,Bentincklaan,11,,
3956VC,Bentincklaan,17,,
3956VC,Bentincklaan,19,,
3956VC,Bentincklaan,21,,
3956VC,Bentincklaan,23,,
3956VC,Bentincklaan,25,,
3956VC,Bentincklaan,27,,
3956VC,Bentincklaan,29,,
3956VC,Bentincklaan,31,,
3956VD,Bentincklaan,2,,
3956VD,Bentincklaan,4,,
3956VD,Bentincklaan,6,,
3956VD,Bentincklaan,8,,
3956VD,Bentincklaan,10,,
3956VD,Bentincklaan,12,,
3956VD,Bentincklaan,18,,
3956VD,Bentincklaan,20,,
3956VD,Bentincklaan,22,,
3956VD,Bentincklaan,24,,
3956VD,Bentincklaan,26,,
3956VD,Bentincklaan,28,,
3956VD,Bentincklaan,30,,
3956VD,Bentincklaan,32,,
3956VD,Bentincklaan,34,,
3956VD,Bentincklaan,36,,
3956VD,Bentincklaan,38,,
3956VD,Bentincklaan,40,,
3956VD,Bentincklaan,42,,
3956VD,Bentincklaan,44,,
3956VD,Bentincklaan,46,,
3956VD,Bentincklaan,48,,
3956VD,Bentincklaan,50,,
3956DM,Berkenlaantje,1,,
3956DM,Berkenlaantje,2,,
3956DM,Berkenlaantje,3,,
3956DM,Berkenlaantje,4,,
3956DM,Berkenlaantje,5,,
3956BX,Beukenhof,1,,
3956BX,Beukenhof,2,,
3956BX,Beukenhof,3,,
3956BX,Beukenhof,4,,
3956BX,Beukenhof,5,,
3956BX,Beukenhof,6,,
3956BX,Beukenhof,7,,
3956BX,Beukenhof,8,,
3956BX,Beukenhof,9,,
3956BX,Beukenhof,10,,
3956BX,Beukenhof,11,,
3956BX,Beukenhof,12,,
3956BX,Beukenhof,13,,
3956BX,Beukenhof,14,,
3956BX,Beukenhof,15,,
3956BX,Beukenhof,16,,
3956BX,Beukenhof,17,,
3956BX,Beukenhof,18,,
3956BX,Beukenhof,19,,
3956BX,Beukenhof,20,,
3956HJ,Bijenkorf,2,,
3956HJ,Bijenkorf,4,,
3956HJ,Bijenkorf,6,,
3956HJ,Bijenkorf,8,,
3956HJ,Bijenkorf,10,,
3956HJ,Bijenkorf,12,,
3956HJ,Bijenkorf,14,,
3956HJ,Bijenkorf,16,,
3956HJ,Bijenkorf,18,,
3956HJ,Bijenkorf,20,,
3956HJ,Bijenkorf,26,,
3956HJ,Bijenkorf,28,,
3956HJ,Bijenkorf,30,,
3956HJ,Bijenkorf,32,,
3956HJ,Bijenkorf,34,,
3956HJ,Bijenkorf,36,,
3956HJ,Bijenkorf,38,,
3956HJ,Bijenkorf,40,,
3956HJ,Bijenkorf,42,,
3956GW,Bijenlaan,1,,
3956GW,Bijenlaan,3,,
3956GW,Bijenlaan,5,,
3956GW,Bijenlaan,7,,
3956GW,Bijenlaan,9,,
3956GW,Bijenlaan,11,,
3956GX,Bijenlaan,2,,
3956GX,Bijenlaan,4,,
3956GX,Bijenlaan,6,,
3956GX,Bijenlaan,8,,
3956GX,Bijenlaan,10,,
3956CR,Engweg,22,a,
3956VS,Engweg,1,,
3956VS,Engweg,2,,
3956VS,Engweg,3,,
3956VS,Engweg,4,,
3956VS,Engweg,5,,
3956VS,Engweg,6,,
3956BB,Gezichtslaan,1,,
3956BB,Gezichtslaan,2,,
3956BB,Gezichtslaan,3,,
3956BB,Gezichtslaan,3,a,
3956BB,Gezichtslaan,4,,
3956BB,Gezichtslaan,5,,
3956BB,Gezichtslaan,6,,
3956BB,Gezichtslaan,7,,
3956BB,Gezichtslaan,12,,
3956BB,Gezichtslaan,14,,
3956BB,Gezichtslaan,16,,
3956BB,Gezichtslaan,18,,
3956BB,Gezichtslaan,20,,
3956BB,Gezichtslaan,20,a,
3956BB,Gezichtslaan,22,,
3956BW,Kerkplein,1,,
3956BW,Kerkplein,3,,
3956BW,Kerkplein,4,,
3956BW,Kerkplein,4,a,
3956BW,Kerkplein,5,,
3956BW,Kerkplein,6,,
3956BW,Kerkplein,6,a,
3956BW,Kerkplein,7,,
3956BW,Kerkplein,8,,
3956BW,Kerkplein,10,,
3956GZ,Imkerlaan,1,,
3956GZ,Imkerlaan,3,,
3956CR,Rijksstraatweg,22,a,
3956GM,Kersengaard,2,t,
3956GM,Kersengaard,2,,
3956GM,Kersengaard,4,,
3956GM,Kersengaard,6,,
3956GM,Kersengaard,8,,
3956GM,Kersengaard,10,,
3956GM,Kersengaard,12,,
3956GM,Kersengaard,14,,
3956GM,Kersengaard,16,,
3956GM,Kersengaard,18,,
3956RX,Boerenzwaluw,31,,
3956RX,Boerenzwaluw,33,,
3956RX,Boerenzwaluw,35,,
3956RX,Boerenzwaluw,37,,
3956RL,Boerenbuurt,1,,
3956RL,Boerenbuurt,3,,
3956RL,Boerenbuurt,3,a,
3956RL,Boerenbuurt,3,a,SCHU
3956RL,Boerenbuurt,5,,
3956RL,Boerenbuurt,7,,
3956RL,Boerenbuurt,9,,
3956RL,Boerenbuurt,9,a,
3956RL,Boerenbuurt,11,,
3956RM,Boerenbuurt,12,,
3956RM,Boerenbuurt,18,,
3956RM,Boerenbuurt,20,,
3956RM,Boerenbuurt,24,,
3956RM,Boerenbuurt,24,a,
3956RM,Boerenbuurt,26,,
3956RM,Boerenbuurt,28,,
3956RM,Boerenbuurt,30,,
3956RM,Boerenbuurt,32,,
3956RM,Boerenbuurt,34,,
3956RM,Boerenbuurt,36,,
3956RM,Boerenbuurt,38,,
3956RM,Boerenbuurt,38,,SCHU
3956RM,Boerenbuurt,40,,
3956RJ,Bongerdlaan,1,,
3956RJ,Bongerdlaan,2,,
3956RJ,Bongerdlaan,3,,
3956RJ,Bongerdlaan,4,,
3956RJ,Bongerdlaan,5,,
3956RJ,Bongerdlaan,6,,
3956RJ,Bongerdlaan,7,,
3956RJ,Bongerdlaan,8,,
3956RJ,Bongerdlaan,9,,
3956RJ,Bongerdlaan,10,,
3956RJ,Bongerdlaan,11,,
3956RJ,Bongerdlaan,12,,
3956RJ,Bongerdlaan,13,,
3956RJ,Bongerdlaan,14,,
3956RJ,Bongerdlaan,15,,
3956RJ,Bongerdlaan,16,,
3956RJ,Bongerdlaan,18,,
3956RJ,Bongerdlaan,20,,
3956RJ,Bongerdlaan,22,,
3956RJ,Bongerdlaan,24,,
3956BL,Bosbadlaantje,1,,
3956BL,Bosbadlaantje,1,a,
3956BL,Bosbadlaantje,2,,
3956BL,Bosbadlaantje,3,,
3956BL,Bosbadlaantje,5,,
3956BL,Bosbadlaantje,7,,
3956BL,Bosbadlaantje,9,,
3956DA,Burgemeester vd Boschln,1,,
3956DA,Burgemeester vd Boschlaan,1,,
3956DA,Burgemeester vd Boschln,1,a,
3956DA,Burgemeester vd Boschlaan,1,a,
3956DA,Burgemeester vd Boschln,1,b,
3956DA,Burgemeester vd Boschlaan,1,b,
3956DA,Burgemeester vd Boschln,1,c,
3956DA,Burgemeester vd Boschlaan,1,c,
3956DA,Burgemeester vd Boschln,3,,
3956DA,Burgemeester vd Boschlaan,3,,
3956DA,Burgemeester vd Boschln,5,,
3956DA,Burgemeester vd Boschlaan,5,,
3956DA,Burgemeester vd Boschln,7,,
3956DA,Burgemeester vd Boschlaan,7,,
3956DA,Burgemeester vd Boschln,7,a,
3956DA,Burgemeester vd Boschlaan,7,a,
3956DA,Burgemeester vd Boschln,9,,
3956DA,Burgemeester vd Boschlaan,9,,
3956DA,Burgemeester vd Boschln,11,,
3956DA,Burgemeester vd Boschlaan,11,,
3956DA,Burgemeester vd Boschln,15,,
3956DA,Burgemeester vd Boschlaan,15,,
3956DA,Burgemeester vd Boschln,17,,
3956DA,Burgemeester vd Boschlaan,17,,
3956DA,Burgemeester vd Boschln,19,,
3956DA,Burgemeester vd Boschlaan,19,,
3956DA,Burgemeester vd Boschln,19,a,
3956DA,Burgemeester vd Boschlaan,19,a,
3956DA,Burgemeester vd Boschln,21,,
3956DA,Burgemeester vd Boschlaan,21,,
3956DA,Burgemeester vd Boschln,23,,
3956DA,Burgemeester vd Boschlaan,23,,
3956DA,Burgemeester vd Boschln,25,,
3956DA,Burgemeester vd Boschlaan,25,,
3956DA,Burgemeester vd Boschln,27,,
3956DA,Burgemeester vd Boschlaan,27,,
3956DB,Burgemeester vd Boschln,29,,
3956DB,Burgemeester vd Boschlaan,29,,
3956DB,Burgemeester vd Boschln,31,,
3956DB,Burgemeester vd Boschlaan,31,,
3956DB,Burgemeester vd Boschln,33,,
3956DB,Burgemeester vd Boschlaan,33,,
3956DB,Burgemeester vd Boschln,35,,
3956DB,Burgemeester vd Boschlaan,35,,
3956DB,Burgemeester vd Boschln,37,,
3956DB,Burgemeester vd Boschlaan,37,,
3956DB,Burgemeester vd Boschln,39,,
3956DB,Burgemeester vd Boschlaan,39,,
3956DB,Burgemeester vd Boschln,41,,
3956DB,Burgemeester vd Boschlaan,41,,
3956DB,Burgemeester vd Boschln,43,,
3956DB,Burgemeester vd Boschlaan,43,,
3956DB,Burgemeester vd Boschln,45,,
3956DB,Burgemeester vd Boschlaan,45,,
3956DB,Burgemeester vd Boschln,47,,
3956DB,Burgemeester vd Boschlaan,47,,
3956DB,Burgemeester vd Boschln,49,,
3956DB,Burgemeester vd Boschlaan,49,,
3956DB,Burgemeester vd Boschln,51,,
3956DB,Burgemeester vd Boschlaan,51,,
3956DB,Burgemeester vd Boschln,53,,
3956DB,Burgemeester vd Boschlaan,53,,
3956DB,Burgemeester vd Boschln,55,,
3956DB,Burgemeester vd Boschlaan,55,,
3956DB,Burgemeester vd Boschln,57,,
3956DB,Burgemeester vd Boschlaan,57,,
3956DB,Burgemeester vd Boschln,59,,
3956DB,Burgemeester vd Boschlaan,59,,
3956DB,Burgemeester vd Boschln,61,,
3956DB,Burgemeester vd Boschlaan,61,,
3956DB,Burgemeester vd Boschln,63,,
3956DB,Burgemeester vd Boschlaan,63,,
3956DB,Burgemeester vd Boschln,65,,
3956DB,Burgemeester vd Boschlaan,65,,
3956DC,Burgemeester vd Boschln,4,,
3956DC,Burgemeester vd Boschlaan,4,,
3956DC,Burgemeester vd Boschln,6,,
3956DC,Burgemeester vd Boschlaan,6,,
3956DC,Burgemeester vd Boschln,8,,
3956DC,Burgemeester vd Boschlaan,8,,
3956DC,Burgemeester vd Boschln,10,,
3956DC,Burgemeester vd Boschlaan,10,,
3956DC,Burgemeester vd Boschln,12,,
3956DC,Burgemeester vd Boschlaan,12,,
3956DC,Burgemeester vd Boschln,14,,
3956DC,Burgemeester vd Boschlaan,14,,
3956DC,Burgemeester vd Boschln,14,,WINK
3956DC,Burgemeester vd Boschlaan,14,,WINK
3956DC,Burgemeester vd Boschln,16,,
3956DC,Burgemeester vd Boschlaan,16,,
3956DC,Burgemeester vd Boschln,18,,
3956DC,Burgemeester vd Boschlaan,18,,
3956DC,Burgemeester vd Boschln,20,,
3956DC,Burgemeester vd Boschlaan,20,,
3956DC,Burgemeester vd Boschln,22,,
3956DC,Burgemeester vd Boschlaan,22,,
3956DC,Burgemeester vd Boschln,40,,
3956DC,Burgemeester vd Boschlaan,40,,
3956DC,Burgemeester vd Boschln,42,,
3956DC,Burgemeester vd Boschlaan,42,,
3956DC,Burgemeester vd Boschln,42,a,
3956DC,Burgemeester vd Boschlaan,42,a,
3956DC,Burgemeester vd Boschln,44,,
3956DC,Burgemeester vd Boschlaan,44,,
3956DC,Burgemeester vd Boschln,44,a,
3956DC,Burgemeester vd Boschlaan,44,a,
3956DC,Burgemeester vd Boschln,46,,
3956DC,Burgemeester vd Boschlaan,46,,
3956DC,Burgemeester vd Boschln,46,a,
3956DC,Burgemeester vd Boschlaan,46,a,
3956DC,Burgemeester vd Boschln,48,,
3956DC,Burgemeester vd Boschlaan,48,,
3956DC,Burgemeester vd Boschln,50,,
3956DC,Burgemeester vd Boschlaan,50,,
3956DC,Burgemeester vd Boschln,52,,
3956DC,Burgemeester vd Boschlaan,52,,
3956BV,De Boskant,1,,
3956BV,De Boskant,2,,
3956BV,De Boskant,3,,
3956BV,De Boskant,4,,
3956BV,De Boskant,5,,
3956CG,Bovenpad,10,,
3956CG,Bovenpad,12,,
3956CG,Bovenpad,14,,
3956CG,Bovenpad,16,,
3956GA,De Buntlanden,1,,
3956GA,De Buntlanden,2,,
3956GA,De Buntlanden,3,,
3956GA,De Buntlanden,4,,
3956GA,De Buntlanden,5,,
3956GA,De Buntlanden,6,,
3956GA,De Buntlanden,7,,
3956GA,De Buntlanden,7,a,
3956GA,De Buntlanden,8,,
3956GA,De Buntlanden,9,,
3956GA,De Buntlanden,11,,
3956GA,De Buntlanden,13,,
3956GA,De Buntlanden,15,,
3956GA,De Buntlanden,17,,
3956GA,De Buntlanden,19,,
3956GW,Bijenlaan,13,,
3956GW,Bijenlaan,15,,
3956GW,Bijenlaan,17,,
3956GW,Bijenlaan,19,,
3956GW,Bijenlaan,21,,
3956GW,Bijenlaan,23,,
3956GW,Bijenlaan,25,,
3956GW,Bijenlaan,27,,
3956GW,Bijenlaan,29,,
3956GW,Bijenlaan,31,,
3956GW,Bijenlaan,33,,
3956GW,Bijenlaan,33,a,
3956GW,Bijenlaan,35,,
3956GW,Bijenlaan,35,a,
3956GW,Bijenlaan,37,,
3956GW,Bijenlaan,39,,
3956GW,Bijenlaan,41,,
3956GW,Bijenlaan,43,,
3956GW,Bijenlaan,45,,
3956GX,Bijenlaan,12,,
3956GX,Bijenlaan,14,,
3956GX,Bijenlaan,16,,
3956GX,Bijenlaan,18,,
3956GX,Bijenlaan,20,,
3956GX,Bijenlaan,22,,
3956GX,Bijenlaan,24,,
3956GX,Bijenlaan,26,,
3956GX,Bijenlaan,26,a,
3956GX,Bijenlaan,28,,
3956GX,Bijenlaan,28,a,
3956GX,Bijenlaan,30,,
3956GX,Bijenlaan,30,a,
3956GX,Bijenlaan,32,,
3956GX,Bijenlaan,32,a,
3956GX,Bijenlaan,34,,
3956GX,Bijenlaan,34,a,
3956GX,Bijenlaan,36,,
3956GX,Bijenlaan,38,,
3956GX,Bijenlaan,40,,
3956GX,Bijenlaan,42,,
3956GX,Bijenlaan,44,,
3956GX,Bijenlaan,46,,
3956GX,Bijenlaan,48,,
3956GX,Bijenlaan,50,,
3956GX,Bijenlaan,52,,
3956GX,Bijenlaan,54,,
3956GX,Bijenlaan,56,,
3956GX,Bijenlaan,58,,
3956GX,Bijenlaan,60,,
3956GX,Bijenlaan,62,,
3956BE,Callunaheuvel,1,,
3956BE,Callunaheuvel,2,,
3956BE,Callunaheuvel,3,,
3956BE,Callunaheuvel,4,,
3956KA,de Dam,1,,
3956KA,de Dam,2,,
3956KA,de Dam,3,,
3956KA,de Dam,4,,
3956KA,de Dam,5,,
3956KA,de Dam,6,,
3956KA,de Dam,8,,
3956KA,de Dam,10,,
3956CB,Damlust,1,,
3956CB,Damlust,2,,
3956CB,Damlust,3,,
3956CB,Damlust,4,,
3956CB,Damlust,5,,
3956CB,Damlust,6,,
3956CB,Damlust,7,,
3956CB,Damlust,8,,
3956CB,Damlust,9,,
3956CB,Damlust,10,,
3956TG,Dekkersbos,1,,
3956TG,Dekkersbos,2,,
3956TG,Dekkersbos,3,,
3956TG,Dekkersbos,4,,
3956TG,Dekkersbos,5,,
3956TG,Dekkersbos,6,,
3956TG,Dekkersbos,7,,
3956TG,Dekkersbos,8,,
3956TG,Dekkersbos,9,,
3956TG,Dekkersbos,10,,
3956TG,Dekkersbos,11,,
3956TG,Dekkersbos,12,,
3956TH,Dekkersbos,13,,
3956TH,Dekkersbos,14,,
3956TH,Dekkersbos,15,,
3956TH,Dekkersbos,16,,
3956TH,Dekkersbos,17,,
3956TH,Dekkersbos,18,,
3956TH,Dekkersbos,19,,
3956TH,Dekkersbos,20,,
3956TH,Dekkersbos,21,,
3956TH,Dekkersbos,22,,
3956TH,Dekkersbos,23,,
3956TH,Dekkersbos,24,,
3956TH,Dekkersbos,25,,
3956TH,Dekkersbos,26,,
3956TH,Dekkersbos,27,,
3956TH,Dekkersbos,28,,
3956TH,Dekkersbos,29,,
3956TH,Dekkersbos,30,,
3956TH,Dekkersbos,31,,
3956TH,Dekkersbos,32,,
3956TH,Dekkersbos,33,,
3956TH,Dekkersbos,34,,
3956TH,Dekkersbos,35,,
3956TH,Dekkersbos,36,,
3956BG,Dennenberg,1,,
3956BG,Dennenberg,2,,
3956BG,Dennenberg,4,,
3956EP,Dreef,5,,
3956EP,Dreef,7,,
3956EP,Dreef,9,,
3956EP,Dreef,11,,
3956EP,Dreef,13,,
3956EP,Dreef,15,,
3956EP,Dreef,17,,
3956EP,Dreef,19,,
3956EP,Dreef,21,,
3956EP,Dreef,23,,
3956EP,Dreef,25,,
3956EP,Dreef,27,,
3956EP,Dreef,29,,
3956EP,Dreef,29,a,
3956EP,Dreef,31,,
3956EP,Dreef,31,a,
3956EP,Dreef,33,,
3956EP,Dreef,33,a,
3956ER,Dreef,35,g,4
3956ER,Dreef,35,g,5
3956ER,Dreef,35,g,7
3956ER,Dreef,35,g,14
3956ER,Dreef,31,a,
3956ER,Dreef,33,,
3956ER,Dreef,33,,
3956ER,Dreef,33,a,
3956ER,Dreef,35,,
3956ER,Dreef,35,a,
3956ER,Dreef,37,,
3956ER,Dreef,37,a,
3956ER,Dreef,39,,
3956ER,Dreef,39,a,
3956ER,Dreef,41,,
3956ER,Dreef,43,,
3956ER,Dreef,45,,
3956ER,Dreef,47,,
3956ER,Dreef,49,,
3956ER,Dreef,51,,
3956ER,Dreef,63,,
3956ER,Dreef,65,,
3956ER,Dreef,67,,
3956ER,Dreef,69,,
3956ER,Dreef,71,,
3956ER,Dreef,73,,
3956ER,Dreef,75,,
3956ER,Dreef,77,,
3956ER,Dreef,79,,
3956ER,Dreef,81,,
3956ER,Dreef,83,,
3956ER,Dreef,85,,
3956ES,Dreef,95,g,5
3956ES,Dreef,95,g,4
3956ES,Dreef,95,g,2
3956ES,Dreef,95,g,9
3956ES,Dreef,95,g,12
3956ES,Dreef,95,g,6
3956ES,Dreef,97,t,
3956ES,Dreef,87,,
3956ES,Dreef,89,,
3956ES,Dreef,91,,
3956ES,Dreef,93,,
3956ES,Dreef,95,,
3956ES,Dreef,97,,
3956ES,Dreef,99,,
3956ES,Dreef,101,,
3956ES,Dreef,103,,
3956ES,Dreef,105,,
3956ES,Dreef,107,,
3956ES,Dreef,109,,
3956ES,Dreef,111,,
3956ES,Dreef,113,,
3956ES,Dreef,119,,
3956ES,Dreef,121,,
3956ES,Dreef,123,,
3956ES,Dreef,125,,
3956ES,Dreef,127,,
3956ES,Dreef,129,,
3956ES,Dreef,131,,
3956ES,Dreef,133,,
3956ES,Dreef,135,,
3956ES,Dreef,137,,
3956ES,Dreef,139,,
3956ES,Dreef,141,,
3956ES,Dreef,143,,
3956ES,Dreef,145,,
3956ES,Dreef,147,,
3956ES,Dreef,149,,
3956ES,Dreef,151,,
3956ES,Dreef,153,,
3956ES,Dreef,155,,
3956ES,Dreef,157,,
3956ES,Dreef,159,,
3956ES,Dreef,161,,
3956ES,Dreef,163,,
3956ES,Dreef,165,,
3956ES,Dreef,167,,
3956ES,Dreef,169,,
3956ES,Dreef,171,,
3956ES,Dreef,173,,
3956ES,Dreef,175,,
3956ES,Dreef,177,,
3956ES,Dreef,179,,
3956ES,Dreef,181,,
3956ES,Dreef,183,,
3956ES,Dreef,185,,
3956ES,Dreef,187,,
3956ES,Dreef,189,,
3956ES,Dreef,191,,
3956ET,Dreef,2,a,
3956ET,Dreef,2,b,
3956ET,Dreef,2,c,
3956ET,Dreef,4,,
3956ET,Dreef,6,,
3956ET,Dreef,8,,
3956ET,Dreef,10,,
3956ET,Dreef,12,,
3956ET,Dreef,14,,
3956ET,Dreef,16,,
3956ET,Dreef,18,,
3956ET,Dreef,20,,
3956ET,Dreef,22,,
3956ET,Dreef,24,,
3956ET,Dreef,26,,
3956ET,Dreef,28,,
3956ET,Dreef,30,,
3956ET,Dreef,32,,
3956ET,Dreef,34,,
3956ET,Dreef,36,,
3956ET,Dreef,38,,
3956ET,Dreef,40,,
3956ET,Dreef,42,,
3956ET,Dreef,44,,
3956ET,Dreef,46,,
3956EV,Dreef,56,,
3956EV,Dreef,58,,
3956EV,Dreef,60,,
3956EV,Dreef,62,,
3956EV,Dreef,64,,
3956EV,Dreef,66,,
3956EV,Dreef,68,,
3956EV,Dreef,70,,
3956EV,Dreef,72,,
3956EV,Dreef,74,,
3956EV,Dreef,76,,
3956EV,Dreef,78,,
3956EV,Dreef,80,,
3956EV,Dreef,82,,
3956EV,Dreef,84,,
3956EV,Dreef,86,,
3956EW,Dreef,88,,
3956EW,Dreef,92,,
3956EW,Dreef,94,,
3956EW,Dreef,96,,
3956EW,Dreef,98,,
3956EW,Dreef,100,,
3956EW,Dreef,102,,
3956EW,Dreef,104,,
3956EW,Dreef,106,,
3956EW,Dreef,108,,
3956EW,Dreef,110,,
3956EW,Dreef,112,,
3956EW,Dreef,114,,
3956EW,Dreef,116,,
3956EW,Dreef,118,,
3956EW,Dreef,120,,
3956EW,Dreef,122,,
3956EX,Dreef,124,g,3
3956EX,Dreef,124,g,2
3956EX,Dreef,124,g,4
3956EX,Dreef,124,g,5
3956EX,Dreef,124,g,1
3956EX,Dreef,124,g,3
3956EX,Dreef,122,,
3956EX,Dreef,124,,
3956EX,Dreef,126,,
3956EX,Dreef,128,,
3956EX,Dreef,130,,
3956EX,Dreef,132,,
3956EX,Dreef,134,,
3956EX,Dreef,136,,
3956EX,Dreef,138,,
3956EX,Dreef,140,,
3956EX,Dreef,142,,
3956EX,Dreef,144,,
3956EX,Dreef,146,,
3956EX,Dreef,148,,
3956EX,Dreef,150,,
3956EX,Dreef,152,,
3956EX,Dreef,154,,
3956EZ,Dreef,156,,
3956EZ,Dreef,158,,
3956EZ,Dreef,160,,
3956EZ,Dreef,162,,
3956EZ,Dreef,164,,
3956EZ,Dreef,166,,
3956EZ,Dreef,168,,
3956EZ,Dreef,170,,
3956EZ,Dreef,172,,
3956EZ,Dreef,174,,
3956EZ,Dreef,176,,
3956EZ,Dreef,178,,
3956EZ,Dreef,180,,
3956EZ,Dreef,182,,
3956EZ,Dreef,184,,
3956EZ,Dreef,186,,
3956EZ,Dreef,188,,
3956EZ,Dreef,190,,
3956EZ,Dreef,192,,
3956EZ,Dreef,194,,
3956EZ,Dreef,196,,
3956EZ,Dreef,198,,
3956EZ,Dreef,200,,
3956EZ,Dreef,202,,
3956EZ,Dreef,204,,
3956EZ,Dreef,206,,
3956EZ,Dreef,208,,
3956EZ,Dreef,210,,
3956EZ,Dreef,212,,
3956EZ,Dreef,216,,
3956EZ,Dreef,218,,
3956EZ,Dreef,220,,
3956EZ,Dreef,222,,
3956EZ,Dreef,224,,
3956EZ,Dreef,226,,
3956EZ,Dreef,228,,
3956EZ,Dreef,230,,
3956EZ,Dreef,232,,
3956EZ,Dreef,234,,
3956EZ,Dreef,236,,
3956EZ,Dreef,238,,
3956EZ,Dreef,240,,
3956EZ,Dreef,242,,
3956EZ,Dreef,244,,
3956EZ,Dreef,246,,
3956EZ,Dreef,248,,
3956EZ,Dreef,250,,
3956EZ,Dreef,252,,
3956EZ,Dreef,254,,
3956EZ,Dreef,256,,
3956EZ,Dreef,258,,
3956EZ,Dreef,260,,
3956EZ,Dreef,262,,
3956EZ,Dreef,264,,
3956EZ,Dreef,266,,
3956GK,Dr.W.Dreeslaan,1,,
3956GK,Dr.W.Dreeslaan,3,,
3956GK,Dr.W.Dreeslaan,5,,
3956GK,Dr.W.Dreeslaan,7,,
3956GK,Dr.W.Dreeslaan,9,,
3956GK,Dr.W.Dreeslaan,11,,
3956GK,Dr.W.Dreeslaan,12,,
3956GK,Dr.W.Dreeslaan,13,,
3956GK,Dr.W.Dreeslaan,14,,
3956GK,Dr.W.Dreeslaan,15,,
3956GK,Dr.W.Dreeslaan,16,,
3956GK,Dr.W.Dreeslaan,17,,
3956GK,Dr.W.Dreeslaan,18,,
3956GK,Dr.W.Dreeslaan,19,,
3956GK,Dr.W.Dreeslaan,20,,
3956GK,Dr.W.Dreeslaan,21,,
3956VL,Engelberg,1,,
3956VL,Engelberg,2,,
3956VL,Engelberg,3,,
3956VL,Engelberg,4,,
3956VL,Engelberg,5,,
3956VL,Engelberg,6,,
3956VL,Engelberg,7,,
3956VL,Engelberg,8,,
3956VL,Engelberg,9,,
3956VL,Engelberg,11,,
3956VL,Engelberg,13,,
3956VL,Engelberg,15,,
3956VL,Engelberg,15,a,
3956VL,Engelberg,15,a,bov
3956VL,Engelberg,17,,
3956VL,Engelberg,18,,
3956VL,Engelberg,20,,
3956VL,Engelberg,22,,
3956VL,Engelberg,24,,
3956VL,Engelberg,26,,
3956VL,Engelberg,28,,
3956VM,Englaan,29,,
3956VM,Englaan,31,,
3956VM,Englaan,33,,
3956VM,Englaan,35,,
3956VM,Englaan,37,,
3956VM,Englaan,39,,
3956VM,Englaan,41,,
3956VM,Englaan,43,,
3956VM,Englaan,45,,
3956VM,Englaan,45,a,
3956VM,Englaan,47,,
3956VM,Englaan,47,a,
3956VM,Englaan,49,,
3956VM,Englaan,49,a,
3956VM,Englaan,51,,
3956VM,Englaan,51,a,
3956VN,Englaan,53,,
3956VN,Englaan,53,a,
3956VN,Englaan,55,,
3956VN,Englaan,55,a,
3956VN,Englaan,57,,
3956VN,Englaan,57,a,
3956VN,Englaan,59,,
3956VN,Englaan,61,,
3956VN,Englaan,63,,
3956VN,Englaan,65,,
3956VN,Englaan,67,,
3956VN,Englaan,69,,
3956VN,Englaan,71,,
3956VN,Englaan,73,,
3956VN,Englaan,75,,
3956VN,Englaan,77,,
3956VN,Englaan,79,,
3956VN,Englaan,81,,
3956VN,Englaan,83,,
3956VP,Englaan,32,,
3956VP,Englaan,34,,
3956VP,Englaan,36,,
3956VP,Englaan,38,,
3956VP,Englaan,40,,
3956VP,Englaan,42,,
3956VP,Englaan,44,,
3956VP,Englaan,46,,
3956VP,Englaan,48,,
3956VR,Englaan,50,,
3956VR,Englaan,52,,
3956VR,Englaan,56,,
3956VR,Englaan,60,,
3956VR,Englaan,62,,
3956VR,Englaan,64,,
3956VR,Englaan,66,,
3956VR,Englaan,68,,
3956VR,Englaan,70,,
3956GD,Frankenlaan,1,t,
3956GD,Frankenlaan,1,,
3956GD,Frankenlaan,2,,
3956GD,Frankenlaan,3,,
3956GD,Frankenlaan,4,,
3956GD,Frankenlaan,5,,
3956GD,Frankenlaan,6,,
3956GD,Frankenlaan,7,,
3956GD,Frankenlaan,8,,
3956GD,Frankenlaan,9,,
3956GD,Frankenlaan,10,,
3956GD,Frankenlaan,11,,
3956GD,Frankenlaan,12,,
3956DN,Gaspeldoornlaan,1,,
3956DN,Gaspeldoornlaan,3,,
3956DN,Gaspeldoornlaan,5,,
3956DN,Gaspeldoornlaan,7,,
3956DN,Gaspeldoornlaan,9,,
3956DN,Gaspeldoornlaan,11,,
3956DN,Gaspeldoornlaan,13,,
3956DN,Gaspeldoornlaan,13,,GAR1
3956DN,Gaspeldoornlaan,13,g,1
3956DN,Gaspeldoornlaan,13,,GAR2
3956DN,Gaspeldoornlaan,13,g,2
3956DN,Gaspeldoornlaan,13,,GAR3
3956DN,Gaspeldoornlaan,13,g,3
3956DN,Gaspeldoornlaan,15,,
3956DN,Gaspeldoornlaan,17,,
3956DN,Gaspeldoornlaan,19,,
3956DN,Gaspeldoornlaan,21,,
3956DN,Gaspeldoornlaan,23,,
3956DN,Gaspeldoornlaan,25,,
3956DN,Gaspeldoornlaan,27,,
3956DN,Gaspeldoornlaan,29,,
3956DN,Gaspeldoornlaan,31,,
3956DN,Gaspeldoornlaan,33,,
3956DN,Gaspeldoornlaan,35,,
3956DN,Gaspeldoornlaan,37,,
3956DN,Gaspeldoornlaan,39,,
3956GS,Burg.Goudsmitlaan,1,,
3956GS,Burg.Goudsmitlaan,3,,
3956GS,Burg.Goudsmitlaan,5,,
3956GS,Burg.Goudsmitlaan,7,,
3956GS,Burg.Goudsmitlaan,9,,
3956GS,Burg.Goudsmitlaan,11,,
3956GS,Burg.Goudsmitlaan,13,,
3956GT,Burg.Goudsmitlaan,2,,
3956GT,Burg.Goudsmitlaan,4,,
3956GT,Burg.Goudsmitlaan,6,,
3956GT,Burg.Goudsmitlaan,8,,
3956GT,Burg.Goudsmitlaan,10,,
3956GT,Burg.Goudsmitlaan,12,,
3956GT,Burg.Goudsmitlaan,14,,
3956GT,Burg.Goudsmitlaan,14,a,
3956GT,Burg.Goudsmitlaan,14,b,
3956GT,Burg.Goudsmitlaan,16,,
3956GT,Burg.Goudsmitlaan,18,,
3956GT,Burg.Goudsmitlaan,20,,
3956GT,Burg.Goudsmitlaan,22,,
3956GT,Burg.Goudsmitlaan,24,,
3956GT,Burg.Goudsmitlaan,26,,
3956GV,Burg.Goudsmitlaan,28,b,
3956GV,Burg.Goudsmitlaan,30,,
3956GV,Burg.Goudsmitlaan,32,,
3956GV,Burg.Goudsmitlaan,34,,
3956GV,Burg.Goudsmitlaan,36,,
3956GV,Burg.Goudsmitlaan,38,,
3956GV,Burg.Goudsmitlaan,40,,
3956GV,Burg.Goudsmitlaan,42,,
3956GV,Burg.Goudsmitlaan,44,,
3956GV,Burg.Goudsmitlaan,46,,
3956GV,Burg.Goudsmitlaan,48,,
3956GV,Burg.Goudsmitlaan,50,,
3956GC,Groenbergen,1,,
3956GC,Groenbergen,2,,
3956GC,Groenbergen,3,,
3956GC,Groenbergen,4,,
3956GC,Groenbergen,5,,
3956GC,Groenbergen,6,,
3956GC,Groenbergen,7,,
3956GC,Groenbergen,8,,
3956GC,Groenbergen,9,,
3956GC,Groenbergen,10,,
3956GC,Groenbergen,11,,
3956GC,Groenbergen,12,,
3956GC,Groenbergen,13,,
3956GC,Groenbergen,15,,
3956GC,Groenbergen,17,,
3956GC,Groenbergen,19,,
3956GC,Groenbergen,21,,
3956GC,Groenbergen,23,,
3956GC,Groenbergen,25,,
3956GC,Groenbergen,27,,
3956GC,Groenbergen,29,,
3956GC,Groenbergen,31,,
3956GC,Groenbergen,33,,
3956GC,Groenbergen,35,,
3956GC,Groenbergen,37,,
3956GC,Groenbergen,39,,
3956GC,Groenbergen,41,,
3956GC,Groenbergen,43,,
3956BA,Groenoordlaan,1,,
3956BA,Groenoordlaan,3,,
3956VT,Halfeiken,1,,
3956VT,Halfeiken,2,,
3956VT,Halfeiken,2,a,
3956VT,Halfeiken,3,,
3956VT,Halfeiken,4,,
3956VT,Halfeiken,4,a,
3956VT,Halfeiken,4,b,
3956VT,Halfeiken,5,,
3956VT,Halfeiken,6,,
3956VT,Halfeiken,6,a,
3956VT,Halfeiken,7,,
3956VT,Halfeiken,8,,
3956VT,Halfeiken,8,a,
3956VT,Halfeiken,9,,
3956VT,Halfeiken,10,,
3956VT,Halfeiken,11,,
3956VT,Halfeiken,13,,
3956VT,Halfeiken,15,,
3956VT,Halfeiken,17,,
3956VT,Halfeiken,19,,
3956VT,Halfeiken,21,,
3956VT,Halfeiken,23,,
3956VT,Halfeiken,25,,
3956VT,Halfeiken,27,,
3956VT,Halfeiken,29,,
3956VT,Halfeiken,31,,
3956VT,Halfeiken,33,,
3956VG,Heiderand,1,,
3956VG,Heiderand,2,,
3956VG,Heiderand,3,,
3956VG,Heiderand,4,,
3956VG,Heiderand,6,,
3956VG,Heiderand,8,,
3956VG,Heiderand,10,,
3956VG,Heiderand,12,,
3956VB,Heuvelzoom,1,,
3956VB,Heuvelzoom,2,,
3956VB,Heuvelzoom,3,,
3956VB,Heuvelzoom,4,,
3956VB,Heuvelzoom,5,,
3956VB,Heuvelzoom,6,,
3956VB,Heuvelzoom,7,,
3956VB,Heuvelzoom,7,,GAR
3956VB,Heuvelzoom,8,,
3956VB,Heuvelzoom,9,,
3956VB,Heuvelzoom,10,,
3956VB,Heuvelzoom,11,,
3956VB,Heuvelzoom,13,,
3956RE,Hittekamp,8,t,1
3956RE,Hittekamp,1,,
3956RE,Hittekamp,2,,
3956RE,Hittekamp,3,,
3956RE,Hittekamp,4,,
3956RE,Hittekamp,5,,
3956RE,Hittekamp,6,,
3956RE,Hittekamp,7,,
3956RE,Hittekamp,8,,
3956RE,Hittekamp,9,,
3956RE,Hittekamp,10,,
3956RE,Hittekamp,11,,
3956RE,Hittekamp,12,,
3956RE,Hittekamp,13,,
3956RE,Hittekamp,14,,
3956RE,Hittekamp,15,,
3956RE,Hittekamp,16,,
3956RE,Hittekamp,17,,
3956RE,Hittekamp,18,,
3956RE,Hittekamp,19,,
3956RE,Hittekamp,20,,
3956RE,Hittekamp,21,,
3956RE,Hittekamp,22,,
3956RE,Hittekamp,23,,
3956RE,Hittekamp,24,,
3956RE,Hittekamp,25,,
3956RE,Hittekamp,26,,
3956RE,Hittekamp,27,,
3956RE,Hittekamp,28,,
3956RE,Hittekamp,29,,
3956RE,Hittekamp,30,,
3956RE,Hittekamp,31,,
3956RE,Hittekamp,32,,
3956RE,Hittekamp,33,,
3956RE,Hittekamp,34,,
3956RE,Hittekamp,35,,
3956RE,Hittekamp,36,,
3956RE,Hittekamp,37,,
3956RE,Hittekamp,38,,
3956RE,Hittekamp,39,,
3956RE,Hittekamp,41,,
3956RV,Hoevelaantje,1,,
3956RV,Hoevelaantje,2,,
3956RV,Hoevelaantje,3,,
3956ED,Hoflaan,1,,
3956ED,Hoflaan,1,a,
3956ED,Hoflaan,1,b,
3956ED,Hoflaan,3,,
3956ED,Hoflaan,3,a,
3956ED,Hoflaan,3,b,
3956ED,Hoflaan,5,,
3956ED,Hoflaan,9,,
3956ED,Hoflaan,11,,
3956ED,Hoflaan,13,,
3956ED,Hoflaan,15,,
3956ED,Hoflaan,17,,
3956ED,Hoflaan,19,,
3956ED,Hoflaan,21,,
3956ED,Hoflaan,23,,
3956ED,Hoflaan,25,,
3956ED,Hoflaan,27,,
3956ED,Hoflaan,29,,
3956ED,Hoflaan,31,,
3956ED,Hoflaan,33,,
3956ED,Hoflaan,37,,
3956ED,Hoflaan,39,,
3956ED,Hoflaan,41,,
3956EE,Hoflaan,2,,
3956EE,Hoflaan,2,,BOV
3956EE,Hoflaan,6,,
3956EE,Hoflaan,6,,I
3956EE,Hoflaan,8,,
3956EE,Hoflaan,10,,
3956EE,Hoflaan,12,,
3956EE,Hoflaan,14,,
3956EE,Hoflaan,16,,
3956EE,Hoflaan,18,,
3956EE,Hoflaan,20,,
3956EE,Hoflaan,22,,
3956EE,Hoflaan,24,,
3956EE,Hoflaan,26,,
3956EE,Hoflaan,28,,
3956HD,De Hommel,1,,
3956HD,De Hommel,2,,
3956HD,De Hommel,3,,
3956HD,De Hommel,4,,
3956HD,De Hommel,5,,
3956HD,De Hommel,6,,
3956HD,De Hommel,7,,
3956HD,De Hommel,8,,
3956HD,De Hommel,10,,
3956HD,De Hommel,12,,
3956HD,De Hommel,14,,
3956HD,De Hommel,16,,
3956HD,De Hommel,18,,
3956HD,De Hommel,20,,
3956HD,De Hommel,22,,
3956HD,De Hommel,24,,
3956HD,De Hommel,26,,
3956HD,De Hommel,28,,
3956HD,De Hommel,30,,
3956HD,De Hommel,32,,
3956HD,De Hommel,34,,
3956HD,De Hommel,36,,
3956HD,De Hommel,38,,
3956HD,De Hommel,40,,
3956HG,Honingraat,1,,
3956HG,Honingraat,3,,
3956HG,Honingraat,5,,
3956HG,Honingraat,7,,
3956HG,Honingraat,9,,
3956HG,Honingraat,11,,
3956HG,Honingraat,13,,
3956HG,Honingraat,15,,
3956HG,Honingraat,17,,
3956HG,Honingraat,19,,
3956HG,Honingraat,19,,21
3956HG,Honingraat,21,,
3956HG,Honingraat,23,,
3956HG,Honingraat,29,,
3956HG,Honingraat,31,,
3956HG,Honingraat,33,,
3956HG,Honingraat,35,,
3956HH,Honingraat,37,,
3956HH,Honingraat,39,,
3956HH,Honingraat,43,,
3956HH,Honingraat,45,,
3956HH,Honingraat,51,,
3956HH,Honingraat,53,,
3956HH,Honingraat,55,,
3956HH,Honingraat,57,,
3956GB,Immenhof,1,,
3956GB,Immenhof,2,,
3956GB,Immenhof,3,,
3956GB,Immenhof,4,,
3956GB,Immenhof,5,,
3956GB,Immenhof,6,,
3956GB,Immenhof,7,,
3956GB,Immenhof,8,,
3956GB,Immenhof,9,,
3956GB,Immenhof,10,,
3956GB,Immenhof,11,,
3956GB,Immenhof,12,,
3956GB,Immenhof,13,,
3956GB,Immenhof,14,,
3956GB,Immenhof,15,,
3956GB,Immenhof,16,,
3956GB,Immenhof,17,,
3956GB,Immenhof,18,,
3956GB,Immenhof,19,,
3956GB,Immenhof,20,,
3956GB,Immenhof,22,,
3956GB,Immenhof,24,,
3956GB,Immenhof,26,,
3956GB,Immenhof,28,,
3956GG,Burg.s'Jacoblaan,1,,
3956GG,Burg.s'Jacoblaan,3,,
3956GG,Burg.s'Jacoblaan,5,,
3956GG,Burg.s'Jacoblaan,7,,
3956GG,Burg.s'Jacoblaan,9,,
3956GG,Burg.s'Jacoblaan,11,,
3956GG,Burg.s'Jacoblaan,13,,
3956GG,Burg.s'Jacoblaan,15,,
3956GG,Burg.s'Jacoblaan,17,,
3956GG,Burg.s'Jacoblaan,19,,
3956GG,Burg.s'Jacoblaan,21,,
3956GG,Burg.s'Jacoblaan,23,,
3956GG,Burg.s'Jacoblaan,25,,
3956GH,Burg.s'Jacoblaan,27,,
3956GH,Burg.s'Jacoblaan,29,,
3956GH,Burg.s'Jacoblaan,31,,
3956GH,Burg.s'Jacoblaan,33,,
3956GH,Burg.s'Jacoblaan,35,,
3956GH,Burg.s'Jacoblaan,37,,
3956GH,Burg.s'Jacoblaan,39,,
3956GH,Burg.s'Jacoblaan,41,,
3956GH,Burg.s'Jacoblaan,43,,
3956GH,Burg.s'Jacoblaan,45,,
3956GH,Burg.s'Jacoblaan,47,,
3956GH,Burg.s'Jacoblaan,49,,
3956GH,Burg.s'Jacoblaan,51,,
3956GH,Burg.s'Jacoblaan,53,,
3956GH,Burg.s'Jacoblaan,55,,
3956GJ,Burg.s'Jacoblaan,2,,
3956GJ,Burg.s'Jacoblaan,4,,
3956GJ,Burg.s'Jacoblaan,6,,
3956GJ,Burg.s'Jacoblaan,8,,
3956GJ,Burg.s'Jacoblaan,10,,
3956GJ,Burg.s'Jacoblaan,12,,
3956GJ,Burg.s'Jacoblaan,14,,
3956GJ,Burg.s'Jacoblaan,16,,
3956GJ,Burg.s'Jacoblaan,18,,
3956GJ,Burg.s'Jacoblaan,20,,
3956GJ,Burg.s'Jacoblaan,22,,
3956GJ,Burg.s'Jacoblaan,24,,
3956TR,Juffersland,1,,
3956TR,Juffersland,3,,
3956TR,Juffersland,5,,
3956TR,Juffersland,7,,
3956TR,Juffersland,9,,
3956TR,Juffersland,11,,
3956TR,Juffersland,13,,
3956TR,Juffersland,15,,
3956TR,Juffersland,17,,
3956TR,Juffersland,19,,
3956TR,Juffersland,21,,
3956TR,Juffersland,23,,
3956TR,Juffersland,25,,
3956TS,Juffersland,31,,
3956TS,Juffersland,33,,
3956TS,Juffersland,35,,
3956TS,Juffersland,37,,
3956TS,Juffersland,39,,
3956TS,Juffersland,41,,
3956TS,Juffersland,43,,
3956TS,Juffersland,45,,
3956TS,Juffersland,47,,
3956TS,Juffersland,59,,
3956TS,Juffersland,61,,
3956TS,Juffersland,63,,
3956TS,Juffersland,65,,
3956TS,Juffersland,67,,
3956TT,Juffersland,2,,
3956TT,Juffersland,4,,
3956TT,Juffersland,6,,
3956TT,Juffersland,8,,
3956TT,Juffersland,10,,
3956TT,Juffersland,12,,
3956TT,Juffersland,14,,
3956TT,Juffersland,16,,
3956TT,Juffersland,18,,
3956TT,Juffersland,20,,
3956TT,Juffersland,22,,
3956TT,Juffersland,24,,
3956TT,Juffersland,26,,
3956TT,Juffersland,28,,
3956TT,Juffersland,28,a,
3956TT,Juffersland,30,,
3956TT,Juffersland,30,a,
3956TT,Juffersland,32,,
3956TT,Juffersland,32,a,
3956TT,Juffersland,34,,
3956TT,Juffersland,34,a,
3956TT,Juffersland,36,,
3956TT,Juffersland,36,a,
3956TT,Juffersland,38,,
3956TT,Juffersland,38,a,
3956TT,Juffersland,40,,
3956TT,Juffersland,40,a,
3956TT,Juffersland,42,,
3956TT,Juffersland,42,a,
3956TT,Juffersland,44,,
3956TT,Juffersland,44,a,
3956TT,Juffersland,46,,
3956TT,Juffersland,48,,
3956TV,Juffersland,50,,
3956TV,Juffersland,52,,
3956TV,Juffersland,54,,
3956TV,Juffersland,56,,
3956TV,Juffersland,58,,
3956TV,Juffersland,60,,
3956TV,Juffersland,62,,
3956TV,Juffersland,64,,
3956TV,Juffersland,66,,
3956TV,Juffersland,68,,
3956TV,Juffersland,70,,
3956TV,Juffersland,72,,
3956TV,Juffersland,74,,
3956TV,Juffersland,76,,
3956TW,Juffersland,78,,
3956TW,Juffersland,80,,
3956TW,Juffersland,82,,
3956TW,Juffersland,86,,
3956TW,Juffersland,88,,
3956TW,Juffersland,90,,
3956TW,Juffersland,92,,
3956TW,Juffersland,94,,
3956TW,Juffersland,96,,
3956TW,Juffersland,98,,
3956TW,Juffersland,100,,
3956TW,Juffersland,102,,
3956TW,Juffersland,104,,
3956TW,Juffersland,106,,
3956TW,Juffersland,108,,
3956XL,Koningin-Julianalaan,105,,
3956RT,Kerkweg,1,,
3956RT,Kerkweg,2,,
3956RT,Kerkweg,3,,
3956RT,Kerkweg,4,,
3956RT,Kerkweg,5,,
3956RT,Kerkweg,6,,
3956RT,Kerkweg,8,,
3956RT,Kerkweg,9,,
3956RT,Kerkweg,9,a,
3956RT,Kerkweg,10,,
3956RT,Kerkweg,11,,
3956RT,Kerkweg,12,,
3956RT,Kerkweg,13,,
3956RT,Kerkweg,14,,
3956RT,Kerkweg,15,,
3956RT,Kerkweg,16,,
3956RT,Kerkweg,16,a,
3956RT,Kerkweg,17,,
3956RT,Kerkweg,18,,
3956RT,Kerkweg,19,,
3956RT,Kerkweg,20,,
3956RT,Kerkweg,21,,
3956RT,Kerkweg,21,a,
3956RT,Kerkweg,22,,
3956RT,Kerkweg,23,,
3956RT,Kerkweg,23,a,
3956RT,Kerkweg,24,,
3956RT,Kerkweg,25,,
3956RT,Kerkweg,25,a,
3956RT,Kerkweg,26,,
3956RT,Kerkweg,27,,
3956RT,Kerkweg,27,a,
3956RT,Kerkweg,28,,
3956RT,Kerkweg,29,,
3956RT,Kerkweg,30,,
3956RT,Kerkweg,31,,
3956RT,Kerkweg,32,,
3956RT,Kerkweg,33,,
3956RW,De Kikvors,1,,
3956RW,De Kikvors,1,,bij
3956RW,De Kikvors,2,,
3956RW,De Kikvors,4,,
3956RW,De Kikvors,6,,
3956RW,De Kikvors,8,,
3956RW,De Kikvors,10,,
3956EK,Burgemeester Martenslaan,1,,
3956EK,Burgemeester Martenslaan,3,,
3956EK,Burgemeester Martenslaan,5,,
3956EK,Burgemeester Martenslaan,7,,
3956EK,Burgemeester Martenslaan,9,,
3956EK,Burgemeester Martenslaan,11,,
3956EK,Burgemeester Martenslaan,13,,
3956EK,Burgemeester Martenslaan,15,,
3956EK,Burgemeester Martenslaan,17,,
3956EK,Burgemeester Martenslaan,19,,
3956EK,Burgemeester Martenslaan,21,,
3956EK,Burgemeester Martenslaan,23,,
3956EK,Burgemeester Martenslaan,25,,
3956EK,Burgemeester Martenslaan,27,,
3956EK,Burgemeester Martenslaan,29,,
3956EK,Burgemeester Martenslaan,31,,
3956EK,Burgemeester Martenslaan,33,,
3956EK,Burgemeester Martenslaan,35,,
3956EK,Burgemeester Martenslaan,37,,
3956EK,Burgemeester Martenslaan,39,,
3956EK,Burgemeester Martenslaan,41,,
3956EK,Burgemeester Martenslaan,43,,
3956EK,Burgemeester Martenslaan,45,,
3956EK,Burgemeester Martenslaan,47,,
3956EL,Burgemeester Martenslaan,49,,
3956EL,Burgemeester Martenslaan,51,,
3956EL,Burgemeester Martenslaan,53,,
3956EL,Burgemeester Martenslaan,55,,
3956EL,Burgemeester Martenslaan,63,,
3956EL,Burgemeester Martenslaan,65,,
3956EL,Burgemeester Martenslaan,67,,
3956EL,Burgemeester Martenslaan,69,,
3956EL,Burgemeester Martenslaan,71,,
3956EL,Burgemeester Martenslaan,73,,
3956EL,Burgemeester Martenslaan,75,,
3956EL,Burgemeester Martenslaan,77,,
3956EL,Burgemeester Martenslaan,79,,
3956EL,Burgemeester Martenslaan,81,,
3956EL,Burgemeester Martenslaan,83,,
3956EL,Burgemeester Martenslaan,85,,
3956EL,Burgemeester Martenslaan,87,,
3956EL,Burgemeester Martenslaan,89,,
3956EL,Burgemeester Martenslaan,91,,
3956EL,Burgemeester Martenslaan,93,,
3956EM,Burgemeester Martenslaan,20,g,2
3956EM,Burgemeester Martenslaan,20,g,3
3956EM,Burgemeester Martenslaan,20,g,1
3956EM,Burgemeester Martenslaan,20,g,9
3956EM,Burgemeester Martenslaan,20,g,6
3956EM,Burgemeester Martenslaan,2,,
3956EM,Burgemeester Martenslaan,4,,
3956EM,Burgemeester Martenslaan,6,,
3956EM,Burgemeester Martenslaan,8,,
3956EM,Burgemeester Martenslaan,10,,
3956EM,Burgemeester Martenslaan,12,,
3956EM,Burgemeester Martenslaan,14,,
3956EM,Burgemeester Martenslaan,16,,
3956EM,Burgemeester Martenslaan,18,,
3956EM,Burgemeester Martenslaan,20,,
3956EM,Burgemeester Martenslaan,22,,
3956EN,Burgemeester Martenslaan,20,g,9
3956EN,Burgemeester Martenslaan,20,g,6
3956EN,Burgemeester Martenslaan,46,g,1
3956EN,Burgemeester Martenslaan,24,,
3956EN,Burgemeester Martenslaan,26,,
3956EN,Burgemeester Martenslaan,28,,
3956EN,Burgemeester Martenslaan,30,,
3956EN,Burgemeester Martenslaan,32,,
3956EN,Burgemeester Martenslaan,34,,
3956EN,Burgemeester Martenslaan,36,,
3956EN,Burgemeester Martenslaan,38,,
3956EN,Burgemeester Martenslaan,40,,
3956EN,Burgemeester Martenslaan,42,,
3956EN,Burgemeester Martenslaan,44,,
3956EN,Burgemeester Martenslaan,46,,
3956EN,Burgemeester Martenslaan,48,,
3956EN,Burgemeester Martenslaan,50,,
3956EN,Burgemeester Martenslaan,52,,
3956EN,Burgemeester Martenslaan,54,,
3956EN,Burgemeester Martenslaan,56,,
3956EN,Burgemeester Martenslaan,58,,
3956TP,De Oude Kolk,1,,
3956TP,De Oude Kolk,2,,
3956TP,De Oude Kolk,3,,
3956TP,De Oude Kolk,4,,
3956TP,De Oude Kolk,5,,
3956TP,De Oude Kolk,6,,
3956TP,De Oude Kolk,7,,
3956TP,De Oude Kolk,8,,
3956TP,De Oude Kolk,9,,
3956TP,De Oude Kolk,10,,
3956TP,De Oude Kolk,11,,
3956TP,De Oude Kolk,12,,
3956TP,De Oude Kolk,13,,
3956TP,De Oude Kolk,14,,
3956TP,De Oude Kolk,15,,
3956TP,De Oude Kolk,16,,
3956TP,De Oude Kolk,17,,
3956VE,de Perken,1,,
3956VE,de Perken,2,,
3956VE,de Perken,3,,
3956VE,de Perken,4,,
3956VE,de Perken,5,,
3956VE,de Perken,6,,
3956VE,de Perken,7,,
3956VE,de Perken,8,,
3956VE,de Perken,10,,
3956RX,De Punt,2,,
3956RX,De Punt,4,,
3956RX,De Punt,6,,
3956RX,De Punt,8,,
3956RX,De Punt,10,,
3956RX,De Punt,12,,
3956CZ,De Smidse,1,,
3956CZ,De Smidse,2,,
3956CZ,De Smidse,3,,
3956CZ,De Smidse,4,,
3956CZ,De Smidse,5,,
3956CZ,De Smidse,6,,
3956CZ,De Smidse,7,,
3956CZ,De Smidse,8,,
3956CZ,De Smidse,9,,
3956CZ,De Smidse,10,,
3956CZ,De Smidse,11,,
3956CZ,De Smidse,12,,
3956CZ,De Smidse,12,a,
3956CZ,De Smidse,12,b,
3956CZ,De Smidse,12,c,
3956CZ,De Smidse,13,,
3956CZ,De Smidse,14,,
3956CZ,De Smidse,15,,
3956CZ,De Smidse,16,,
3956CZ,De Smidse,17,,
3956CZ,De Smidse,18,,
3956CZ,De Smidse,19,,
3956CZ,De Smidse,20,,
3956CZ,De Smidse,22,,
3956CZ,De Smidse,24,,
3956CZ,De Smidse,26,,
3956GE,De Tienden,2,,
3956GE,De Tienden,4,,
3956GE,De Tienden,6,,
3956GE,De Tienden,8,,
3956GE,De Tienden,10,,
3956GE,De Tienden,12,,
3956GE,De Tienden,15,,
3956GE,De Tienden,17,,
3956GE,De Tienden,19,,
3956GE,De Tienden,21,,
3956GE,De Tienden,23,,
3956GE,De Tienden,25,,
3956GE,De Tienden,27,,
3956CD,de Uitweg,1,,
3956CD,de Uitweg,2,,
3956CD,de Uitweg,2,a,
3956CD,de Uitweg,3,,
3956CD,de Uitweg,4,,
3956CD,de Uitweg,5,,
3956CD,de Uitweg,6,,
3956CD,de Uitweg,7,,
3956CD,de Uitweg,8,,
3956CD,de Uitweg,9,,
3956CD,de Uitweg,10,,
3956CD,de Uitweg,11,,
3956CD,de Uitweg,12,,
3956CD,de Uitweg,13,,
3956CD,de Uitweg,15,,
3956CD,de Uitweg,17,,
3956CD,de Uitweg,19,,
3956CD,de Uitweg,21,,
3956RE,Veldlaan,8,g,6
3956RH,Veldlaan,8,g,5
3956RH,Veldlaan,8,g,6
3956RH,Veldlaan,8,g,4
3956RH,Veldlaan,8,g,2
3956RH,Veldlaan,8,g,3
3956EJ,Weidelaan,40,g,13
3956EJ,Weidelaan,40,g,3
3956EJ,Weidelaan,8,g,3
3956EJ,Weidelaan,8,g,4
3956EJ,Weidelaan,8,g,3
3956EJ,Weidelaan,40,g,10
3956HK,De Stamper,2,,
3956HK,De Stamper,4,,
3956HL,Burgemeester Feithplnts,1,,
3956HL,Burgemeester Feithplantsoen,1,,
3956HL,Burgemeester Feithplnts,2,,
3956HL,Burgemeester Feithplantsoen,2,,
3956HL,Burgemeester Feithplnts,3,,
3956HL,Burgemeester Feithplantsoen,3,,
3956HL,Burgemeester Feithplnts,4,,
3956HL,Burgemeester Feithplantsoen,4,,
3956HL,Burgemeester Feithplnts,5,,
3956HL,Burgemeester Feithplantsoen,5,,
3956HL,Burgemeester Feithplnts,6,,
3956HL,Burgemeester Feithplantsoen,6,,
3956HL,Burgemeester Feithplnts,7,,
3956HL,Burgemeester Feithplantsoen,7,,
3956HL,Burgemeester Feithplnts,8,,
3956HL,Burgemeester Feithplantsoen,8,,
3956HL,Burgemeester Feithplnts,9,,
3956HL,Burgemeester Feithplantsoen,9,,
3956HL,Burgemeester Feithplnts,10,,
3956HL,Burgemeester Feithplantsoen,10,,
3956HL,Burgemeester Feithplnts,11,,
3956HL,Burgemeester Feithplantsoen,11,,
3956HL,Burgemeester Feithplnts,12,,
3956HL,Burgemeester Feithplantsoen,12,,
3956HL,Burgemeester Feithplnts,13,,
3956HL,Burgemeester Feithplantsoen,13,,
3956HL,Burgemeester Feithplnts,14,,
3956HL,Burgemeester Feithplantsoen,14,,
3956HL,Burgemeester Feithplnts,15,,
3956HL,Burgemeester Feithplantsoen,15,,
3956HL,Burgemeester Feithplnts,16,,
3956HL,Burgemeester Feithplantsoen,16,,
3956HL,Burgemeester Feithplnts,17,,
3956HL,Burgemeester Feithplantsoen,17,,
3956HL,Burgemeester Feithplnts,18,,
3956HL,Burgemeester Feithplantsoen,18,,
3956HL,Burgemeester Feithplnts,19,,
3956HL,Burgemeester Feithplantsoen,19,,
3956HL,Burgemeester Feithplnts,20,,
3956HL,Burgemeester Feithplantsoen,20,,
3956HL,Burgemeester Feithplnts,21,,
3956HL,Burgemeester Feithplantsoen,21,,
3956HL,Burgemeester Feithplnts,22,,
3956HL,Burgemeester Feithplantsoen,22,,
3956HL,Burgemeester Feithplnts,23,,
3956HL,Burgemeester Feithplantsoen,23,,
3956HL,Burgemeester Feithplnts,24,,
3956HL,Burgemeester Feithplantsoen,24,,
3956HL,Burgemeester Feithplnts,25,,
3956HL,Burgemeester Feithplantsoen,25,,
3956HL,Burgemeester Feithplnts,26,,
3956HL,Burgemeester Feithplantsoen,26,,
3956HL,Burgemeester Feithplnts,27,,
3956HL,Burgemeester Feithplantsoen,27,,
3956HL,Burgemeester Feithplnts,28,,
3956HL,Burgemeester Feithplantsoen,28,,
3956HL,Burgemeester Feithplnts,29,,
3956HL,Burgemeester Feithplantsoen,29,,
3956HL,Burgemeester Feithplnts,30,,
3956HL,Burgemeester Feithplantsoen,30,,
3956HL,Burgemeester Feithplnts,31,,
3956HL,Burgemeester Feithplantsoen,31,,
3956HL,Burgemeester Feithplnts,32,,
3956HL,Burgemeester Feithplantsoen,32,,
3956CH,Rijksstraatweg,2,t,
3956CH,Rijksstraatweg,1,t,
3956CH,Rijksstraatweg,1,,
3956CH,Rijksstraatweg,1,a,
3956CH,Rijksstraatweg,3,,
3956CH,Rijksstraatweg,5,,
3956CH,Rijksstraatweg,7,,
3956CH,Rijksstraatweg,9,,
3956CH,Rijksstraatweg,9,a,
3956CH,Rijksstraatweg,11,,
3956CH,Rijksstraatweg,17,,
3956CH,Rijksstraatweg,17,,
3956CH,Rijksstraatweg,21,,
3956CH,Rijksstraatweg,23,,
3956CH,Rijksstraatweg,25,,
3956CH,Rijksstraatweg,35,,
3956CH,Rijksstraatweg,37,,
3956CH,Rijksstraatweg,39,,
3956CH,Rijksstraatweg,41,,
3956CH,Rijksstraatweg,43,,
3956CH,Rijksstraatweg,45,,
3956CH,Rijksstraatweg,47,,
3956CH,Rijksstraatweg,49,,
3956CH,Rijksstraatweg,49,a,
3956CJ,Rijksstraatweg,51,,
3956CJ,Rijksstraatweg,53,,
3956CJ,Rijksstraatweg,55,,
3956CJ,Rijksstraatweg,55,a,
3956CJ,Rijksstraatweg,55,b,
3956CJ,Rijksstraatweg,57,,
3956CJ,Rijksstraatweg,59,,
3956CJ,Rijksstraatweg,61,,
3956CJ,Rijksstraatweg,63,,
3956CJ,Rijksstraatweg,65,,
3956CJ,Rijksstraatweg,67,,
3956CJ,Rijksstraatweg,69,,
3956CJ,Rijksstraatweg,69,a,
3956CJ,Rijksstraatweg,71,,
3956CJ,Rijksstraatweg,73,,
3956CJ,Rijksstraatweg,75,,
3956CJ,Rijksstraatweg,75,a,
3956CJ,Rijksstraatweg,75,b,
3956CJ,Rijksstraatweg,75,c,
3956CK,Rijksstraatweg,77,,
3956CK,Rijksstraatweg,77,a,
3956CK,Rijksstraatweg,77,b,
3956CK,Rijksstraatweg,77,c,
3956CK,Rijksstraatweg,79,,
3956CK,Rijksstraatweg,81,,
3956CK,Rijksstraatweg,83,,
3956CK,Rijksstraatweg,85,,
3956CK,Rijksstraatweg,93,,
3956CK,Rijksstraatweg,95,,
3956CK,Rijksstraatweg,97,,
3956CK,Rijksstraatweg,97,,BENZ
3956CK,Rijksstraatweg,97,a,
3956CK,Rijksstraatweg,99,,
3956CK,Rijksstraatweg,99,,BAKK
3956CK,Rijksstraatweg,107,,
3956CK,Rijksstraatweg,111,,
3956CK,Rijksstraatweg,113,,
3956CK,Rijksstraatweg,115,,
3956CK,Rijksstraatweg,117,,
3956CK,Rijksstraatweg,119,,
3956CK,Rijksstraatweg,121,,
3956CK,Rijksstraatweg,123,,
3956CL,Rijksstraatweg,125,,
3956CL,Rijksstraatweg,127,,
3956CL,Rijksstraatweg,129,,
3956CL,Rijksstraatweg,131,,
3956CL,Rijksstraatweg,133,,
3956CL,Rijksstraatweg,133,a,
3956CL,Rijksstraatweg,135,,
3956CL,Rijksstraatweg,135,,Bedr
3956CL,Rijksstraatweg,137,,
3956CL,Rijksstraatweg,137,a,
3956CL,Rijksstraatweg,137,b,
3956CL,Rijksstraatweg,139,,
3956CL,Rijksstraatweg,139,a,
3956CL,Rijksstraatweg,141,,
3956CL,Rijksstraatweg,141,a,
3956CL,Rijksstraatweg,143,,
3956CL,Rijksstraatweg,145,,
3956CL,Rijksstraatweg,147,,
3956CL,Rijksstraatweg,149,,
3956CL,Rijksstraatweg,151,,
3956CL,Rijksstraatweg,153,,
3956CL,Rijksstraatweg,153,a,
3956CL,Rijksstraatweg,155,,
3956CL,Rijksstraatweg,157,,
3956CL,Rijksstraatweg,159,,
3956CL,Rijksstraatweg,159,a,
3956CM,Rijksstraatweg,161,,
3956CM,Rijksstraatweg,163,,
3956CM,Rijksstraatweg,163,a,
3956CM,Rijksstraatweg,165,,
3956CM,Rijksstraatweg,165,,DEEL
3956CM,Rijksstraatweg,165,a,
3956CM,Rijksstraatweg,171,,
3956CM,Rijksstraatweg,173,,
3956CM,Rijksstraatweg,175,,
3956CM,Rijksstraatweg,175,a,
3956CM,Rijksstraatweg,177,,
3956CM,Rijksstraatweg,177,a,
3956CM,Rijksstraatweg,177,,
3956CM,Rijksstraatweg,177,,BEDR
3956CM,Rijksstraatweg,177,,BEDR
3956CM,Rijksstraatweg,177,a,
3956CM,Rijksstraatweg,179,,
3956CM,Rijksstraatweg,181,,
3956CM,Rijksstraatweg,183,,
3956CM,Rijksstraatweg,187,,
3956CM,Rijksstraatweg,189,,
3956CM,Rijksstraatweg,191,,
3956CM,Rijksstraatweg,193,,
3956CM,Rijksstraatweg,195,,
3956CM,Rijksstraatweg,195,,ACHT
3956CM,Rijksstraatweg,195,a,
3956CM,Rijksstraatweg,197,,
3956CM,Rijksstraatweg,197,,ACHT
3956CM,Rijksstraatweg,199,,
3956CM,Rijksstraatweg,201,,
3956CM,Rijksstraatweg,203,,
3956CM,Rijksstraatweg,205,,
3956CM,Rijksstraatweg,207,,
3956CM,Rijksstraatweg,209,,
3956CM,Rijksstraatweg,211,,
3956CN,Rijksstraatweg,217,,
3956CN,Rijksstraatweg,219,,
3956CN,Rijksstraatweg,221,,
3956CN,Rijksstraatweg,223,,
3956CN,Rijksstraatweg,225,,
3956CN,Rijksstraatweg,227,,
3956CN,Rijksstraatweg,229,,
3956CN,Rijksstraatweg,231,,
3956CN,Rijksstraatweg,231,,KAPS
3956CN,Rijksstraatweg,231,a,
3956CN,Rijksstraatweg,233,,
3956CN,Rijksstraatweg,233,a,
3956CN,Rijksstraatweg,233,b,
3956CN,Rijksstraatweg,233,c,
3956CN,Rijksstraatweg,235,,
3956CN,Rijksstraatweg,235,a,
3956CN,Rijksstraatweg,235,b,
3956CN,Rijksstraatweg,235,c,
3956CN,Rijksstraatweg,237,,
3956CN,Rijksstraatweg,239,,
3956CN,Rijksstraatweg,241,,
3956CN,Rijksstraatweg,243,,
3956CN,Rijksstraatweg,243,,BEDR
3956CN,Rijksstraatweg,245,,
3956CN,Rijksstraatweg,247,,
3956CN,Rijksstraatweg,249,,
3956CN,Rijksstraatweg,253,,
3956CN,Rijksstraatweg,251,,
3956CN,Rijksstraatweg,253,,acht
3956CN,Rijksstraatweg,253,,bov
3956CN,Rijksstraatweg,253,a,
3956CN,Rijksstraatweg,253,,
3956CN,Rijksstraatweg,259,,
3956CN,Rijksstraatweg,261,,
3956CP,Rijksstraatweg,263,,
3956CP,Rijksstraatweg,263,,bij
3956CP,Rijksstraatweg,263,b,
3956CP,Rijksstraatweg,263,a,
3956CP,Rijksstraatweg,265,,
3956CP,Rijksstraatweg,265,,WINK
3956CP,Rijksstraatweg,267,,
3956CP,Rijksstraatweg,269,,
3956CP,Rijksstraatweg,271,,
3956CP,Rijksstraatweg,273,,
3956CP,Rijksstraatweg,275,,
3956CP,Rijksstraatweg,277,,
3956CP,Rijksstraatweg,279,,
3956CP,Rijksstraatweg,281,,
3956CP,Rijksstraatweg,281,b,
3956CP,Rijksstraatweg,283,,
3956CP,Rijksstraatweg,285,,
3956CP,Rijksstraatweg,285,,BIJ
3956CP,Rijksstraatweg,287,,
3956CP,Rijksstraatweg,289,,
3956CP,Rijksstraatweg,291,,
3956CP,Rijksstraatweg,293,,
3956CP,Rijksstraatweg,295,,
3956CP,Rijksstraatweg,297,,
3956CP,Rijksstraatweg,299,,
3956CP,Rijksstraatweg,301,,
3956CP,Rijksstraatweg,303,,
3956CP,Rijksstraatweg,305,,
3956CP,Rijksstraatweg,307,,
3956CP,Rijksstraatweg,309,,
3956CP,Rijksstraatweg,311,,
3956CP,Rijksstraatweg,311,a,
3956CP,Rijksstraatweg,313,,
3956CP,Rijksstraatweg,315,,
3956CP,Rijksstraatweg,317,,
3956CP,Rijksstraatweg,317,a,
3956CP,Rijksstraatweg,321,,
3956CP,Rijksstraatweg,323,,
3956CP,Rijksstraatweg,325,,
3956CR,Rijksstraatweg,2,,
3956CR,Rijksstraatweg,4,,
3956CR,Rijksstraatweg,4,b,
3956CR,Rijksstraatweg,4,c,
3956CR,Rijksstraatweg,4,d,
3956CR,Rijksstraatweg,6,,
3956CR,Rijksstraatweg,8,,
3956CR,Rijksstraatweg,10,,
3956CR,Rijksstraatweg,12,,
3956CR,Rijksstraatweg,14,,
3956CR,Rijksstraatweg,16,,
3956CR,Rijksstraatweg,18,,
3956CR,Rijksstraatweg,20,,
3956CR,Rijksstraatweg,22,,
3956CR,Rijksstraatweg,24,,
3956CR,Rijksstraatweg,26,,
3956CR,Rijksstraatweg,30,,
3956CR,Rijksstraatweg,32,,
3956CR,Rijksstraatweg,34,,
3956CR,Rijksstraatweg,36,,
3956CR,Rijksstraatweg,38,,
3956CR,Rijksstraatweg,40,,
3956CR,Rijksstraatweg,40,a,
3956CR,Rijksstraatweg,40,b,
3956CR,Rijksstraatweg,42,,
3956CR,Rijksstraatweg,44,,
3956CR,Rijksstraatweg,46,,
3956CR,Rijksstraatweg,48,,
3956CR,Rijksstraatweg,54,,
3956CR,Rijksstraatweg,56,,
3956CR,Rijksstraatweg,58,,
3956CS,Rijksstraatweg,60,,
3956CS,Rijksstraatweg,62,,
3956CS,Rijksstraatweg,62,a,
3956CS,Rijksstraatweg,64,,
3956CS,Rijksstraatweg,66,,
3956CS,Rijksstraatweg,68,,
3956CS,Rijksstraatweg,68,a,
3956CS,Rijksstraatweg,68,,WINK
3956CS,Rijksstraatweg,68,,
3956CS,Rijksstraatweg,70,,
3956CS,Rijksstraatweg,70,,WINK
3956CS,Rijksstraatweg,72,,
3956CS,Rijksstraatweg,72,,WINK
3956CS,Rijksstraatweg,72,a,
3956CS,Rijksstraatweg,74,,
3956CS,Rijksstraatweg,74,,WINK
3956CS,Rijksstraatweg,76,,
3956CS,Rijksstraatweg,78,,
3956CS,Rijksstraatweg,80,,
3956CS,Rijksstraatweg,90,,
3956CS,Rijksstraatweg,94,,
3956CS,Rijksstraatweg,94,,
3956CS,Rijksstraatweg,94,,BEDR
3956CS,Rijksstraatweg,96,,
3956CS,Rijksstraatweg,96,,bij
3956CS,Rijksstraatweg,98,,
3956CS,Rijksstraatweg,100,,
3956CS,Rijksstraatweg,102,,
3956CS,Rijksstraatweg,104,,
3956CS,Rijksstraatweg,106,,
3956CS,Rijksstraatweg,108,,
3956CT,Rijksstraatweg,110,t,
3956CT,Rijksstraatweg,110,,
3956CT,Rijksstraatweg,110,,rest
3956CT,Rijksstraatweg,110,,snac
3956CT,Rijksstraatweg,112,,
3956CT,Rijksstraatweg,112,a,
3956CT,Rijksstraatweg,114,,
3956CT,Rijksstraatweg,116,,
3956CT,Rijksstraatweg,116,,WINK
3956CT,Rijksstraatweg,118,,
3956CT,Rijksstraatweg,120,,
3956CT,Rijksstraatweg,126,,BEDR
3956CT,Rijksstraatweg,126,,
3956CT,Rijksstraatweg,132,,
3956CT,Rijksstraatweg,134,,
3956CT,Rijksstraatweg,138,,
3956CT,Rijksstraatweg,140,,
3956CT,Rijksstraatweg,142,,
3956CT,Rijksstraatweg,144,,
3956CT,Rijksstraatweg,144,,WINK
3956CT,Rijksstraatweg,146,,
3956CT,Rijksstraatweg,148,,
3956CT,Rijksstraatweg,150,,
3956CT,Rijksstraatweg,150,a,
3956CT,Rijksstraatweg,152,,
3956CV,Rijksstraatweg,154,,
3956CV,Rijksstraatweg,156,,
3956CV,Rijksstraatweg,162,,
3956CV,Rijksstraatweg,162,,
3956CV,Rijksstraatweg,163,,acht
3956CV,Rijksstraatweg,164,,
3956CV,Rijksstraatweg,166,,
3956CV,Rijksstraatweg,168,,
3956CV,Rijksstraatweg,170,,
3956CV,Rijksstraatweg,170,,bov
3956CV,Rijksstraatweg,170,a,
3956CV,Rijksstraatweg,172,,
3956CV,Rijksstraatweg,172,,WINK
3956CV,Rijksstraatweg,172,a,
3956CV,Rijksstraatweg,172,b,
3956CV,Rijksstraatweg,176,,
3956CV,Rijksstraatweg,178,,BEDR
3956CV,Rijksstraatweg,180,,
3956CV,Rijksstraatweg,182,,
3956CV,Rijksstraatweg,184,,
3956CV,Rijksstraatweg,186,,
3956CV,Rijksstraatweg,188,,
3956CV,Rijksstraatweg,194,,
3956CV,Rijksstraatweg,194,,WINK
3956CV,Rijksstraatweg,196,,
3956CV,Rijksstraatweg,198,,
3956CV,Rijksstraatweg,198,a,
3956CW,Rijksstraatweg,244,t,
3956CW,Rijksstraatweg,238,t,
3956CW,Rijksstraatweg,200,,
3956CW,Rijksstraatweg,204,,
3956CW,Rijksstraatweg,204,,bij
3956CW,Rijksstraatweg,206,,
3956CW,Rijksstraatweg,212,,
3956CW,Rijksstraatweg,214,,
3956CW,Rijksstraatweg,214,a,
3956CW,Rijksstraatweg,214,b,
3956CW,Rijksstraatweg,216,,
3956CW,Rijksstraatweg,216,,won
3956CW,Rijksstraatweg,216,b,
3956CW,Rijksstraatweg,216,a,
3956CW,Rijksstraatweg,218,,
3956CW,Rijksstraatweg,220,,
3956CW,Rijksstraatweg,220,,ACHT
3956CW,Rijksstraatweg,220,a,
3956CW,Rijksstraatweg,222,,
3956CW,Rijksstraatweg,222,a,
3956CW,Rijksstraatweg,228,,
3956CW,Rijksstraatweg,234,,
3956CW,Rijksstraatweg,234,a,
3956CW,Rijksstraatweg,236,,
3956CW,Rijksstraatweg,236,a,
3956CW,Rijksstraatweg,236,b,
3956CW,Rijksstraatweg,238,,
3956CW,Rijksstraatweg,240,,
3956CW,Rijksstraatweg,242,,
3956CW,Rijksstraatweg,244,,
3956RZ,Postweg,1,,
3956RZ,Postweg,2,,
3956RZ,Postweg,3,,
3956RZ,Postweg,4,,
3956RZ,Postweg,5,,
3956RZ,Postweg,6,,
3956RZ,Postweg,8,,
3956RZ,Postweg,10,,
3956RZ,Postweg,12,,
3956RZ,Postweg,14,,
3956RZ,Postweg,16,,
3956RZ,Postweg,18,,
3956RZ,Postweg,20,,
3956RZ,Postweg,22,,
3956RZ,Postweg,24,,
3956RZ,Postweg,26,,
3956RZ,Postweg,28,,
3956EA,Nectarweide,1,,
3956EA,Nectarweide,2,,
3956EA,Nectarweide,3,,
3956EA,Nectarweide,4,,
3956EA,Nectarweide,5,,
3956EA,Nectarweide,6,,
3956EA,Nectarweide,7,,
3956EA,Nectarweide,8,,
3956EA,Nectarweide,9,,
3956EA,Nectarweide,10,,
3956EA,Nectarweide,11,,
3956EA,Nectarweide,12,,
3956EA,Nectarweide,13,,
3956EA,Nectarweide,14,,
3956EA,Nectarweide,15,,
3956EA,Nectarweide,16,,
3956EA,Nectarweide,17,,
3956EA,Nectarweide,18,,
3956EA,Nectarweide,19,,
3956EA,Nectarweide,20,,
3956EA,Nectarweide,21,,
3956EA,Nectarweide,21,t,
3956EA,Nectarweide,22,,
3956EA,Nectarweide,23,,
3956EA,Nectarweide,24,,
3956EA,Nectarweide,25,,
3956EA,Nectarweide,27,,
3956EA,Nectarweide,29,,
3956EA,Nectarweide,31,,
3956EA,Nectarweide,33,,
3956EA,Nectarweide,35,,
3956EA,Nectarweide,37,,
3956EA,Nectarweide,39,,
3956XX,Prinses-Beatrixlaan,1,,
3956XX,Prinses-Beatrixlaan,3,,
3956XX,Prinses-Beatrixlaan,5,,
3956XX,Prinses-Beatrixlaan,7,,
3956XX,Prinses-Beatrixlaan,9,,
3956XX,Prinses-Beatrixlaan,11,,
3956XX,Prinses-Beatrixlaan,13,,
3956XX,Prinses-Beatrixlaan,15,,
3956XX,Prinses-Beatrixlaan,17,,
3956XX,Prinses-Beatrixlaan,19,,
3956XX,Prinses-Beatrixlaan,21,,
3956XX,Prinses-Beatrixlaan,23,,
3956XX,Prinses-Beatrixlaan,25,,
3956XX,Prinses-Beatrixlaan,27,,
3956XX,Prinses-Beatrixlaan,29,,
3956XZ,Prinses-Beatrixlaan,2,,
3956XZ,Prinses-Beatrixlaan,4,,
3956XZ,Prinses-Beatrixlaan,6,,
3956XZ,Prinses-Beatrixlaan,8,,
3956XZ,Prinses-Beatrixlaan,10,,
3956XZ,Prinses-Beatrixlaan,12,,
3956XZ,Prinses-Beatrixlaan,16,,
3956XZ,Prinses-Beatrixlaan,18,,
3956XZ,Prinses-Beatrixlaan,20,,
3956XZ,Prinses-Beatrixlaan,22,,
3956XZ,Prinses-Beatrixlaan,24,,
3956XZ,Prinses-Beatrixlaan,26,,
3956BD,Op den Berg,1,,
3956BD,Op den Berg,1,a,
3956BD,Op den Berg,2,,
3956BD,Op den Berg,2,a,
3956BD,Op den Berg,2,b,
3956BD,Op den Berg,3,,
3956BD,Op den Berg,4,,
3956BD,Op den Berg,5,,
3956BD,Op den Berg,6,,
3956XS,Prins-Bernhardlaan,1,,
3956XS,Prins-Bernhardlaan,1,a,
3956XS,Prins-Bernhardlaan,2,,
3956XS,Prins-Bernhardlaan,2,a,
3956XS,Prins-Bernhardlaan,3,,
3956XS,Prins-Bernhardlaan,4,,
3956XS,Prins-Bernhardlaan,5,,
3956XS,Prins-Bernhardlaan,6,,
3956XS,Prins-Bernhardlaan,7,,
3956XS,Prins-Bernhardlaan,8,,
3956XS,Prins-Bernhardlaan,9,,
3956XS,Prins-Bernhardlaan,10,,
3956XS,Prins-Bernhardlaan,11,,
3956XS,Prins-Bernhardlaan,12,,
3956XS,Prins-Bernhardlaan,14,,
3956TA,Koningin-Emmalaan,1,,
3956TA,Koningin-Emmalaan,1,a,
3956TA,Koningin-Emmalaan,3,,
3956TA,Koningin-Emmalaan,4,,
3956TA,Koningin-Emmalaan,5,,
3956TA,Koningin-Emmalaan,6,,
3956TA,Koningin-Emmalaan,7,,
3956TA,Koningin-Emmalaan,8,,
3956TA,Koningin-Emmalaan,9,,
3956TA,Koningin-Emmalaan,10,,
3956TA,Koningin-Emmalaan,11,,
3956TA,Koningin-Emmalaan,12,,
3956TA,Koningin-Emmalaan,13,,
3956TA,Koningin-Emmalaan,14,,
3956TA,Koningin-Emmalaan,15,,
3956TA,Koningin-Emmalaan,16,,
3956TA,Koningin-Emmalaan,18,,
3956TA,Koningin-Emmalaan,20,,
3956TA,Koningin-Emmalaan,22,,
3956TA,Koningin-Emmalaan,24,,
3956TA,Koningin-Emmalaan,26,,
3956TA,Koningin-Emmalaan,28,,
3956TA,Koningin-Emmalaan,30,,
3956TA,Koningin-Emmalaan,32,,
3956TA,Koningin-Emmalaan,17,,
3956VN,Englaan,83,t,
3956XR,Prinses-Irenelaan,1,,
3956XR,Prinses-Irenelaan,2,,
3956XR,Prinses-Irenelaan,3,,
3956XR,Prinses-Irenelaan,4,,
3956XR,Prinses-Irenelaan,6,,
3956XR,Prinses-Irenelaan,8,,
3956XR,Prinses-Irenelaan,10,,
3956XJ,Koningin-Julianalaan,1,,
3956XJ,Koningin-Julianalaan,1,a,
3956XJ,Koningin-Julianalaan,1,b,
3956XJ,Koningin-Julianalaan,3,,
3956XJ,Koningin-Julianalaan,5,,
3956XJ,Koningin-Julianalaan,7,,
3956XJ,Koningin-Julianalaan,9,,
3956XJ,Koningin-Julianalaan,11,,
3956XJ,Koningin-Julianalaan,13,,
3956XJ,Koningin-Julianalaan,17,,
3956XJ,Koningin-Julianalaan,19,,
3956XJ,Koningin-Julianalaan,21,,
3956XJ,Koningin-Julianalaan,23,,
3956XJ,Koningin-Julianalaan,25,,
3956XJ,Koningin-Julianalaan,27,,
3956XJ,Koningin-Julianalaan,29,,
3956XJ,Koningin-Julianalaan,31,,
3956XJ,Koningin-Julianalaan,1,g,1
3956XJ,Koningin-Julianalaan,1,g,2
3956XK,Koningin-Julianalaan,33,,
3956XK,Koningin-Julianalaan,33,,CNTR
3956XK,Koningin-Julianalaan,33,a,
3956XK,Koningin-Julianalaan,35,,
3956XK,Koningin-Julianalaan,35,a,
3956XK,Koningin-Julianalaan,37,,
3956XK,Koningin-Julianalaan,37,a,
3956XK,Koningin-Julianalaan,39,,
3956XK,Koningin-Julianalaan,39,a,
3956XK,Koningin-Julianalaan,41,,
3956XK,Koningin-Julianalaan,43,,
3956XK,Koningin-Julianalaan,45,,
3956XK,Koningin-Julianalaan,47,,
3956XK,Koningin-Julianalaan,47,a,
3956XK,Koningin-Julianalaan,49,,
3956XK,Koningin-Julianalaan,49,a,
3956XK,Koningin-Julianalaan,51,,
3956XK,Koningin-Julianalaan,51,a,
3956XK,Koningin-Julianalaan,51,b,
3956XK,Koningin-Julianalaan,53,,
3956XK,Koningin-Julianalaan,55,,
3956XK,Koningin-Julianalaan,57,,
3956XK,Koningin-Julianalaan,59,,
3956XK,Koningin-Julianalaan,61,,
3956XK,Koningin-Julianalaan,63,,
3956XK,Koningin-Julianalaan,69,,
3956XK,Koningin-Julianalaan,71,,
3956XK,Koningin-Julianalaan,73,,
3956XL,Koningin-Julianalaan,75,,
3956XL,Koningin-Julianalaan,77,,
3956XL,Koningin-Julianalaan,79,,
3956XL,Koningin-Julianalaan,81,,
3956XL,Koningin-Julianalaan,83,,
3956XL,Koningin-Julianalaan,85,,
3956XL,Koningin-Julianalaan,87,,
3956XL,Koningin-Julianalaan,89,,
3956XL,Koningin-Julianalaan,91,,
3956XL,Koningin-Julianalaan,93,,
3956XL,Koningin-Julianalaan,95,,
3956XL,Koningin-Julianalaan,97,,
3956XL,Koningin-Julianalaan,99,,
3956XL,Koningin-Julianalaan,101,,
3956XL,Koningin-Julianalaan,103,,
3956XM,Koningin-Julianalaan,2,,
3956XM,Koningin-Julianalaan,4,,
3956XM,Koningin-Julianalaan,6,,
3956XM,Koningin-Julianalaan,8,,
3956XM,Koningin-Julianalaan,12,,
3956XM,Koningin-Julianalaan,14,,
3956XM,Koningin-Julianalaan,14,a,
3956XM,Koningin-Julianalaan,16,,
3956XM,Koningin-Julianalaan,18,,
3956XM,Koningin-Julianalaan,18,,
3956XM,Koningin-Julianalaan,20,,
3956XM,Koningin-Julianalaan,22,,
3956XM,Koningin-Julianalaan,24,,
3956XM,Koningin-Julianalaan,26,,
3956XM,Koningin-Julianalaan,28,,
3956XM,Koningin-Julianalaan,30,,
3956XM,Koningin-Julianalaan,32,,
3956XM,Koningin-Julianalaan,34,,
3956XM,Koningin-Julianalaan,36,,
3956XM,Koningin-Julianalaan,38,,
3956XM,Koningin-Julianalaan,38,a,
3956XN,Koningin-Julianalaan,40,,
3956XN,Koningin-Julianalaan,40,a,
3956XN,Koningin-Julianalaan,42,,
3956XN,Koningin-Julianalaan,42,a,
3956XN,Koningin-Julianalaan,44,,
3956XN,Koningin-Julianalaan,44,a,
3956XN,Koningin-Julianalaan,46,a,
3956XN,Koningin-Julianalaan,46,,
3956XN,Koningin-Julianalaan,48,,
3956XN,Koningin-Julianalaan,50,,
3956XN,Koningin-Julianalaan,52,,
3956XN,Koningin-Julianalaan,54,,
3956XN,Koningin-Julianalaan,56,,
3956XN,Koningin-Julianalaan,58,,
3956XN,Koningin-Julianalaan,60,,
3956XN,Koningin-Julianalaan,68,,
3956XN,Koningin-Julianalaan,70,,
3956XN,Koningin-Julianalaan,72,,
3956XN,Koningin-Julianalaan,72,a,
3956XN,Koningin-Julianalaan,74,,
3956XN,Koningin-Julianalaan,76,,
3956XP,Koningin-Julianalaan,78,,
3956XP,Koningin-Julianalaan,80,,
3956XP,Koningin-Julianalaan,82,,
3956XP,Koningin-Julianalaan,84,,
3956XP,Koningin-Julianalaan,88,,
3956XP,Koningin-Julianalaan,90,,
3956XP,Koningin-Julianalaan,92,,
3956XP,Koningin-Julianalaan,94,,
3956DJ,Kwartellaan,1,,
3956DJ,Kwartellaan,3,,
3956DJ,Kwartellaan,5,,
3956DJ,Kwartellaan,6,,
3956DJ,Kwartellaan,8,,
3956DJ,Kwartellaan,10,,
3956DJ,Kwartellaan,12,,
3956DJ,Kwartellaan,14,,
3956DK,Kwartellaan,7,,
3956DK,Kwartellaan,7,,par1
3956DK,Kwartellaan,7,g,1
3956DK,Kwartellaan,7,,par2
3956DK,Kwartellaan,7,g,2
3956DK,Kwartellaan,7,,par3
3956DK,Kwartellaan,7,g,3
3956DK,Kwartellaan,7,,par4
3956DK,Kwartellaan,7,g,4
3956DK,Kwartellaan,7,,par5
3956DK,Kwartellaan,7,g,5
3956DK,Kwartellaan,7,,par6
3956DK,Kwartellaan,7,g,6
3956DK,Kwartellaan,7,,par7
3956DK,Kwartellaan,7,g,7
3956DK,Kwartellaan,7,,par8
3956DK,Kwartellaan,7,g,8
3956DK,Kwartellaan,9,,
3956DK,Kwartellaan,11,,
3956DK,Kwartellaan,13,,
3956DK,Kwartellaan,15,,
3956DK,Kwartellaan,17,,
3956DK,Kwartellaan,19,,
3956DK,Kwartellaan,21,,
3956DK,Kwartellaan,23,,
3956DK,Kwartellaan,25,,
3956DK,Kwartellaan,27,,
3956DK,Kwartellaan,29,,
3956DK,Kwartellaan,31,,
3956DK,Kwartellaan,33,,
3956DK,Kwartellaan,35,,
3956DK,Kwartellaan,37,,
3956DK,Kwartellaan,39,,
3956DK,Kwartellaan,41,,
3956DK,Kwartellaan,43,,
3956DK,Kwartellaan,45,,
3956DK,Kwartellaan,47,,
3956DK,Kwartellaan,49,,
3956DK,Kwartellaan,51,,
3956DK,Kwartellaan,53,,
3956DE,Lomboklaan,1,,
3956DE,Lomboklaan,3,,
3956DE,Lomboklaan,5,,
3956DE,Lomboklaan,7,,
3956DE,Lomboklaan,9,,
3956DE,Lomboklaan,15,,
3956DE,Lomboklaan,17,,
3956DE,Lomboklaan,19,,
3956DE,Lomboklaan,21,,
3956DE,Lomboklaan,23,,
3956DE,Lomboklaan,25,,
3956DE,Lomboklaan,27,,
3956DE,Lomboklaan,27,,gar
3956DE,Lomboklaan,27,g,1
3956DE,Lomboklaan,25,g,1
3956DE,Lomboklaan,29,,
3956DE,Lomboklaan,31,,
3956DE,Lomboklaan,33,,
3956DE,Lomboklaan,35,,
3956DE,Lomboklaan,33,a,
3956DG,Lomboklaan,24,t,
3956DG,Lomboklaan,2,,
3956DG,Lomboklaan,4,,
3956DG,Lomboklaan,6,,
3956DG,Lomboklaan,8,,
3956DG,Lomboklaan,10,,
3956DG,Lomboklaan,10,a,
3956DG,Lomboklaan,12,,
3956DG,Lomboklaan,14,,
3956DG,Lomboklaan,16,,
3956DG,Lomboklaan,18,,
3956DG,Lomboklaan,20,,
3956DG,Lomboklaan,22,,
3956DG,Lomboklaan,24,,
3956DG,Lomboklaan,26,,
3956DG,Lomboklaan,30,,
3956BC,Lommerlaan,3,,
3956BC,Lommerlaan,4,,
3956BC,Lommerlaan,5,,
3956BC,Lommerlaan,6,,
3956BC,Lommerlaan,7,,
3956BC,Lommerlaan,8,,
3956BC,Lommerlaan,9,,
3956XV,Prinses-Margrietlaan,1,,
3956XV,Prinses-Margrietlaan,1,a,
3956XV,Prinses-Margrietlaan,2,,
3956XV,Prinses-Margrietlaan,3,,
3956XV,Prinses-Margrietlaan,4,,
3956XV,Prinses-Margrietlaan,5,,
3956XV,Prinses-Margrietlaan,7,,
3956XT,Prinses-Marijkelaan,1,,
3956XT,Prinses-Marijkelaan,2,,
3956XT,Prinses-Marijkelaan,3,,
3956XT,Prinses-Marijkelaan,4,,
3956XT,Prinses-Marijkelaan,6,,
3956TZ,Prins-Mauritslaan,1,,
3956TZ,Prins-Mauritslaan,1,a,
3956TZ,Prins-Mauritslaan,2,,
3956XH,Meester Bosweg,31,g,1
3956XH,Meester Bosweg,31,g,2
3956XH,Meester Bosweg,31,g,2
3956XH,Meester Bosweg,19,g,1
3956XH,Meester Bosweg,19,g,1
3956XH,Meester Bosweg,19,g,2
3956XH,Meester Bosweg,19,g,2
3956XH,Meester Bosweg,1,t,
3956XH,Meester Bosweg,1,,
3956XH,Meester Bosweg,2,,
3956XH,Meester Bosweg,2,a,
3956XH,Meester Bosweg,2,b,
3956XH,Meester Bosweg,3,,
3956XH,Meester Bosweg,4,,
3956XH,Meester Bosweg,5,,
3956XH,Meester Bosweg,6,,
3956XH,Meester Bosweg,7,,
3956XH,Meester Bosweg,8,,
3956XH,Meester Bosweg,9,,
3956XH,Meester Bosweg,10,,
3956XH,Meester Bosweg,11,,
3956XH,Meester Bosweg,12,,
3956XH,Meester Bosweg,12,a,
3956XH,Meester Bosweg,13,,
3956XH,Meester Bosweg,14,,
3956XH,Meester Bosweg,15,,
3956XH,Meester Bosweg,16,,
3956XH,Meester Bosweg,17,,
3956XH,Meester Bosweg,18,,
3956XH,Meester Bosweg,19,,
3956XH,Meester Bosweg,21,,
3956XH,Meester Bosweg,23,,
3956XH,Meester Bosweg,25,,
3956XH,Meester Bosweg,27,,
3956XH,Meester Bosweg,29,,
3956XH,Meester Bosweg,31,,
3956XH,Meester Bosweg,33,,
3956XH,Meester Bosweg,35,,
3956XH,Meester Bosweg,37,,
3956XH,Meester Bosweg,39,,
3956GN,Meidoornhaag,1,,
3956GN,Meidoornhaag,2,,
3956GN,Meidoornhaag,3,,
3956GN,Meidoornhaag,4,,
3956GN,Meidoornhaag,5,,
3956GN,Meidoornhaag,6,,
3956GN,Meidoornhaag,7,,
3956GN,Meidoornhaag,8,,
3956GN,Meidoornhaag,9,,
3956GN,Meidoornhaag,10,,
3956GN,Meidoornhaag,11,,
3956GN,Meidoornhaag,12,,
3956GN,Meidoornhaag,13,,
3956GN,Meidoornhaag,14,,
3956GN,Meidoornhaag,15,,
3956GN,Meidoornhaag,16,,
3956GN,Meidoornhaag,17,,
3956GN,Meidoornhaag,18,,
3956GN,Meidoornhaag,20,,
3956GN,Meidoornhaag,22,,
3956GN,Meidoornhaag,24,,
3956GN,Meidoornhaag,26,,
3956TJ,Middelweg,1,,
3956TJ,Middelweg,1,a,
3956TJ,Middelweg,1,b,
3956TJ,Middelweg,1,c,
3956TJ,Middelweg,1,c,BEDR
3956TJ,Middelweg,3,,
3956TJ,Middelweg,3,a,
3956TJ,Middelweg,5,,
3956TJ,Middelweg,7,,
3956TJ,Middelweg,9,,
3956TJ,Middelweg,11,,
3956TJ,Middelweg,13,,
3956TJ,Middelweg,15,,
3956TJ,Middelweg,17,,
3956TJ,Middelweg,19,,
3956TJ,Middelweg,21,,
3956TJ,Middelweg,23,,
3956TJ,Middelweg,25,,
3956TJ,Middelweg,27,,
3956TK,Middelweg,29,,
3956TK,Middelweg,37,,
3956TK,Middelweg,39,,
3956TK,Middelweg,39,a,
3956TK,Middelweg,39,b,
3956TK,Middelweg,41,,
3956TK,Middelweg,43,,
3956TK,Middelweg,43,a,
3956TK,Middelweg,47,a,
3956TK,Middelweg,49,,
3956TK,Middelweg,51,,
3956TK,Middelweg,53,,
3956TK,Middelweg,55,,
3956TK,Middelweg,55,,by1
3956TK,Middelweg,55,a,
3956TK,Middelweg,55,,by2
3956TK,Middelweg,55,b,
3956TK,Middelweg,55,,by3
3956TK,Middelweg,55,c,
3956TK,Middelweg,55,,by4
3956TK,Middelweg,55,d,
3956TK,Middelweg,55,,by5
3956TK,Middelweg,55,e,
3956TK,Middelweg,55,,by6
3956TK,Middelweg,55,f,
3956TK,Middelweg,57,,
3956TK,Middelweg,59,,
3956TK,Middelweg,59,a,
3956TK,Middelweg,63,,
3956TL,Middelweg,65,,
3956TL,Middelweg,67,,
3956TL,Middelweg,69,,
3956TL,Middelweg,69,a,
3956TL,Middelweg,69,a,won
3956TL,Middelweg,71,,
3956TL,Middelweg,73,,
3956TL,Middelweg,73,a,
3956TL,Middelweg,77,,
3956TL,Middelweg,81,,
3956TL,Middelweg,81,a,
3956TL,Middelweg,83,,
3956TL,Middelweg,83,a,
3956TL,Middelweg,83,b,
3956TL,Middelweg,85,,
3956TM,Middelweg,4,,
3956TM,Middelweg,6,,
3956TM,Middelweg,8,,
3956TM,Middelweg,10,,
3956TM,Middelweg,12,,
3956TM,Middelweg,14,,
3956TM,Middelweg,14,a,
3956TM,Middelweg,16,,
3956TM,Middelweg,18,,
3956TM,Middelweg,20,,
3956TM,Middelweg,20,a,
3956TM,Middelweg,22,,
3956TM,Middelweg,22,a,
3956TM,Middelweg,24,,
3956TM,Middelweg,28,,
3956TM,Middelweg,30,,
3956TM,Middelweg,36,,
3956TM,Middelweg,36,a,
3956TM,Middelweg,36,b,
3956TM,Middelweg,38,,
3956TM,Middelweg,38,a,
3956TN,Middelweg,40,,
3956TN,Middelweg,42,,
3956TN,Middelweg,44,,
3956TN,Middelweg,44,a,
3956TN,Middelweg,50,,
3956TN,Middelweg,52,,
3956TN,Middelweg,54,,
3956TN,Middelweg,56,,
3956TN,Middelweg,56,a,
3956TN,Middelweg,58,,
3956TN,Middelweg,58,a,
3956TN,Middelweg,60,,
3956TN,Middelweg,62,,
3956TN,Middelweg,64,,
3956TN,Middelweg,66,,
3956TN,Middelweg,68,,
3956TN,Middelweg,70,,
3956CA,Muldershof,1,,
3956CA,Muldershof,2,,
3956CA,Muldershof,3,,
3956CA,Muldershof,4,,
3956CA,Muldershof,5,,
3956CA,Muldershof,6,,
3956CA,Muldershof,7,,
3956CA,Muldershof,8,,
3956CA,Muldershof,10,,
3956RA,Nieuwe Steeg,15,t,
3956RA,Nieuwe Steeg,1,,
3956RA,Nieuwe Steeg,15,,
3956RA,Nieuwe Steeg,17,,
3956RA,Nieuwe Steeg,19,,
3956RA,Nieuwe Steeg,21,,
3956RA,Nieuwe Steeg,23,,
3956RA,Nieuwe Steeg,25,,
3956RA,Nieuwe Steeg,27,,
3956RA,Nieuwe Steeg,29,,
3956RA,Nieuwe Steeg,31,,
3956RA,Nieuwe Steeg,33,,
3956RA,Nieuwe Steeg,35,,
3956RA,Nieuwe Steeg,37,,
3956RA,Nieuwe Steeg,39,,
3956RA,Nieuwe Steeg,41,,
3956RA,Nieuwe Steeg,43,,
3956RA,Nieuwe Steeg,45,,
3956RA,Nieuwe Steeg,47,,
3956RA,Nieuwe Steeg,49,,
3956RA,Nieuwe Steeg,53,,
3956RA,Nieuwe Steeg,55,,
3956RB,Nieuwe Steeg,57,,
3956RB,Nieuwe Steeg,59,,
3956RB,Nieuwe Steeg,61,,
3956RB,Nieuwe Steeg,63,,
3956RB,Nieuwe Steeg,65,,
3956RB,Nieuwe Steeg,67,,
3956RB,Nieuwe Steeg,69,,
3956RB,Nieuwe Steeg,71,,
3956RB,Nieuwe Steeg,73,,
3956RB,Nieuwe Steeg,75,,
3956RB,Nieuwe Steeg,77,,
3956RB,Nieuwe Steeg,79,,
3956RC,Nieuwe Steeg,81,,
3956RC,Nieuwe Steeg,83,,
3956RC,Nieuwe Steeg,85,,
3956RC,Nieuwe Steeg,87,,
3956RC,Nieuwe Steeg,89,,
3956RC,Nieuwe Steeg,91,,
3956RC,Nieuwe Steeg,93,,
3956RC,Nieuwe Steeg,95,,
3956RC,Nieuwe Steeg,97,,
3956RC,Nieuwe Steeg,99,,
3956RC,Nieuwe Steeg,101,,
3956RC,Nieuwe Steeg,103,,
3956RC,Nieuwe Steeg,103,a,
3956RC,Nieuwe Steeg,105,a,
3956RD,Nieuwe Steeg,16,a,
3956RD,Nieuwe Steeg,2,,
3956RD,Nieuwe Steeg,2,,
3956RD,Nieuwe Steeg,4,,
3956RD,Nieuwe Steeg,6,,
3956RD,Nieuwe Steeg,8,,
3956RD,Nieuwe Steeg,8,a,
3956RD,Nieuwe Steeg,10,,
3956RD,Nieuwe Steeg,12,,
3956RD,Nieuwe Steeg,14,,
3956RD,Nieuwe Steeg,14,a,
3956RD,Nieuwe Steeg,16,,
3956RD,Nieuwe Steeg,18,,
3956RD,Nieuwe Steeg,20,,
3956RD,Nieuwe Steeg,22,,
3956RD,Nieuwe Steeg,24,,
3956RD,Nieuwe Steeg,26,,
3956RD,Nieuwe Steeg,26,,by
3956RD,Nieuwe Steeg,26,,erf
3956RD,Nieuwe Steeg,28,,
3956RD,Nieuwe Steeg,28,,BIJ
3956RD,Nieuwe Steeg,28,,RIO
3956VH,Peisenlaan,1,,
3956VH,Peisenlaan,2,,
3956VH,Peisenlaan,3,,
3956VH,Peisenlaan,4,,
3956VH,Peisenlaan,5,,
3956VH,Peisenlaan,6,,
3956VH,Peisenlaan,7,,
3956VH,Peisenlaan,8,,
3956VH,Peisenlaan,10,,
3956VH,Peisenlaan,11,,
3956VH,Peisenlaan,12,,
3956VH,Peisenlaan,13,,
3956VH,Peisenlaan,15,,
3956VH,Peisenlaan,16,,
3956VH,Peisenlaan,17,,
3956VH,Peisenlaan,18,,
3956VH,Peisenlaan,19,,
3956BK,Plaggeberg,17,,
3956BK,Plaggeberg,19,,
3956BK,Plaggeberg,21,,
3956BK,Plaggeberg,23,,
3956BK,Plaggeberg,25,,
3956BK,Plaggeberg,27,,
3956BK,Plaggeberg,29,,
3956BK,Plaggeberg,31,,
3956BK,Plaggeberg,33,,
3956BK,Plaggeberg,35,,
3956BK,Plaggeberg,37,,
3956BK,Plaggeberg,39,,
3956BK,Plaggeberg,41,,
3956BK,Plaggeberg,43,,
3956BK,Plaggeberg,45,,
3956VN,Planterslaan,13,g,3
3956VV,Planterslaan,13,g,3
3956VV,Planterslaan,13,g,6
3956VV,Planterslaan,13,g,1
3956VV,Planterslaan,13,g,5
3956VV,Planterslaan,5,g,5
3956VV,Planterslaan,5,g,5
3956VV,Planterslaan,5,g,3
3956VV,Planterslaan,5,g,6
3956VV,Planterslaan,13,g,2
3956VV,Planterslaan,13,g,4
3956VV,Planterslaan,1,,
3956VV,Planterslaan,3,,
3956VV,Planterslaan,5,,
3956VV,Planterslaan,7,,
3956VV,Planterslaan,9,,
3956VV,Planterslaan,11,,
3956VV,Planterslaan,13,,
3956VV,Planterslaan,15,,
3956VV,Planterslaan,17,,
3956VV,Planterslaan,19,,
3956VV,Planterslaan,19,a,
3956VV,Planterslaan,21,,
3956VV,Planterslaan,23,,
3956VV,Planterslaan,25,,
3956VV,Planterslaan,27,,
3956VV,Planterslaan,29,,
3956VV,Planterslaan,31,,
3956VV,Planterslaan,33,,
3956VV,Planterslaan,35,,
3956VV,Planterslaan,37,,
3956VV,Planterslaan,39,,
3956VV,Planterslaan,41,,
3956VV,Planterslaan,43,,
3956VW,Planterslaan,2,,
3956VW,Planterslaan,4,,
3956VW,Planterslaan,6,,
3956VW,Planterslaan,8,,
3956VW,Planterslaan,8,,
3956VW,Planterslaan,10,,
3956VW,Planterslaan,12,,
3956VW,Planterslaan,14,,
3956VW,Planterslaan,16,,
3956VW,Planterslaan,20,,
3956VW,Planterslaan,22,,
3956VW,Planterslaan,24,,
3956VX,Planterslaan,26,,
3956VX,Planterslaan,28,,
3956VX,Planterslaan,30,,
3956VX,Planterslaan,32,,
3956VX,Planterslaan,34,,
3956VX,Planterslaan,36,,
3956VX,Planterslaan,38,,
3956VX,Planterslaan,40,,
3956VX,Planterslaan,42,,
3956VX,Planterslaan,44,,
3956VX,Planterslaan,46,,
3956VX,Planterslaan,48,,
3956VX,Planterslaan,50,,
3956VX,Planterslaan,52,,
3956VJ,Pomplaan,1,,
3956VJ,Pomplaan,2,,
3956VJ,Pomplaan,3,,
3956VJ,Pomplaan,4,,
3956VJ,Pomplaan,6,,
3956VJ,Pomplaan,8,,
3956VJ,Pomplaan,10,,
3956VJ,Pomplaan,12,,
3956VJ,Pomplaan,14,,
3956VJ,Pomplaan,16,,
3956BT,Putakker,2,,
3956BT,Putakker,4,,
3956BT,Putakker,6,,
3956BT,Putakker,9,,
3956BT,Putakker,11,,
3956BT,Putakker,13,,
3956BT,Putakker,15,,
3956BT,Putakker,17,,
3956BT,Putakker,19,,
3956BT,Putakker,21,,
3956BT,Putakker,23,,
3956BT,Putakker,25,,
3956BT,Putakker,27,,
3956ER,Putakker,25,,
3956RP,Roekenes,1,,
3956RP,Roekenes,3,,
3956RP,Roekenes,5,,
3956RP,Roekenes,17,,
3956RP,Roekenes,19,,
3956RP,Roekenes,21,,
3956RP,Roekenes,23,,
3956RP,Roekenes,25,,
3956RP,Roekenes,27,,
3956RR,Roekenes,8,,
3956RR,Roekenes,10,,
3956RR,Roekenes,12,,
3956RR,Roekenes,14,,
3956RR,Roekenes,16,,
3956RR,Roekenes,18,,
3956RR,Roekenes,20,,
3956RR,Roekenes,22,,
3956RR,Roekenes,24,,
3956RR,Roekenes,26,,
3956RR,Roekenes,28,,
3956RS,Roekenes,30,,
3956RS,Roekenes,32,,
3956RS,Roekenes,34,,
3956RS,Roekenes,36,,
3956RS,Roekenes,38,,
3956RS,Roekenes,40,,
3956RS,Roekenes,42,,
3956RS,Roekenes,44,,
3956RS,Roekenes,46,,
3956RS,Roekenes,48,,
3956RS,Roekenes,50,,
3956RS,Roekenes,52,,
3956RS,Roekenes,54,,
3956RS,Roekenes,56,,
3956RS,Roekenes,58,,
3956RS,Roekenes,60,,
3956RS,Roekenes,62,,
3956RS,Roekenes,64,,
3956VK,Schermlaan,15,t,
3956VK,Schermlaan,1,,
3956VK,Schermlaan,2,,
3956VK,Schermlaan,3,,
3956VK,Schermlaan,4,,
3956VK,Schermlaan,5,,
3956VK,Schermlaan,6,,
3956VK,Schermlaan,7,,
3956VK,Schermlaan,8,,
3956VK,Schermlaan,9,,
3956VK,Schermlaan,10,,
3956VK,Schermlaan,11,,
3956VK,Schermlaan,12,,
3956VK,Schermlaan,13,,
3956VK,Schermlaan,14,,
3956VK,Schermlaan,15,,
3956VK,Schermlaan,16,,
3956VK,Schermlaan,17,,
3956VK,Schermlaan,18,,
3956VK,Schermlaan,19,,
3956VK,Schermlaan,19,a,
3956VK,Schermlaan,21,,
3956VK,Schermlaan,22,,
3956VK,Schermlaan,23,,
3956VK,Schermlaan,24,,
3956VK,Schermlaan,25,,
3956VK,Schermlaan,26,,
3956VK,Schermlaan,27,,
3956VK,Schermlaan,28,,
3956VK,Schermlaan,29,,
3956VK,Schermlaan,30,,
3956VK,Schermlaan,31,,
3956VK,Schermlaan,33,,
3956VK,Schermlaan,35,,
3956VK,Schermlaan,37,,
3956KB,Scherpenzeelseweg,7,t,
3956KB,Scherpenzeelseweg,7,,
3956KB,Scherpenzeelseweg,9,,
3956KB,Scherpenzeelseweg,9,a,
3956KB,Scherpenzeelseweg,11,,
3956KB,Scherpenzeelseweg,17,,
3956KB,Scherpenzeelseweg,19,,
3956KB,Scherpenzeelseweg,21,,
3956KB,Scherpenzeelseweg,23,,
3956KB,Scherpenzeelseweg,25,,
3956KB,Scherpenzeelseweg,27,,
3956KB,Scherpenzeelseweg,29,,
3956KB,Scherpenzeelseweg,31,,
3956KB,Scherpenzeelseweg,33,,
3956KB,Scherpenzeelseweg,35,,
3956KB,Scherpenzeelseweg,37,,
3956KB,Scherpenzeelseweg,37,a,
3956KB,Scherpenzeelseweg,45,,
3956KB,Scherpenzeelseweg,44,t,
3956KB,Scherpenzeelseweg,45,,BIJ
3956KB,Scherpenzeelseweg,45,a,
3956KB,Scherpenzeelseweg,45,a,REST
3956KB,Scherpenzeelseweg,45,b,
3956KB,Scherpenzeelseweg,47,,
3956KC,Scherpenzeelseweg,43,t,
3956KC,Scherpenzeelseweg,43,t,
3956KC,Scherpenzeelseweg,39,,
3956KC,Scherpenzeelseweg,41,,
3956KC,Scherpenzeelseweg,43,,
3956KC,Scherpenzeelseweg,43,a,
3956KE,Scherpenzeelseweg,2,,
3956KE,Scherpenzeelseweg,8,,
3956KE,Scherpenzeelseweg,10,,
3956KE,Scherpenzeelseweg,12,,
3956KE,Scherpenzeelseweg,12,,bp
3956KE,Scherpenzeelseweg,12,,
3956KE,Scherpenzeelseweg,26,,
3956KE,Scherpenzeelseweg,28,,
3956KE,Scherpenzeelseweg,30,,
3956KE,Scherpenzeelseweg,32,,
3956KE,Scherpenzeelseweg,34,,
3956KE,Scherpenzeelseweg,36,,
3956KE,Scherpenzeelseweg,38,,
3956KE,Scherpenzeelseweg,40,,
3956KE,Scherpenzeelseweg,42,,
3956KG,Scherpenzeelseweg,46,,
3956KG,Scherpenzeelseweg,48,,
3956KG,Scherpenzeelseweg,50,,
3956KG,Scherpenzeelseweg,52,,
3956KG,Scherpenzeelseweg,54,,
3956KG,Scherpenzeelseweg,56,,
3956KG,Scherpenzeelseweg,58,,
3956KG,Scherpenzeelseweg,60,,
3956KG,Scherpenzeelseweg,62,,
3956KG,Scherpenzeelseweg,64,,
3956KG,Scherpenzeelseweg,64,,ACHT
3956KG,Scherpenzeelseweg,64,b,
3956KG,Scherpenzeelseweg,64,a,
3956KG,Scherpenzeelseweg,66,,
3956KG,Scherpenzeelseweg,68,,
3956KG,Scherpenzeelseweg,74,,
3956KG,Scherpenzeelseweg,88,,
3956KG,Scherpenzeelseweg,92,,
3956TB,Stadhouderslaan,1,,
3956TB,Stadhouderslaan,2,,
3956TB,Stadhouderslaan,3,,
3956TB,Stadhouderslaan,4,,
3956TB,Stadhouderslaan,5,,
3956TB,Stadhouderslaan,6,,
3956TB,Stadhouderslaan,7,,
3956TB,Stadhouderslaan,8,,
3956TB,Stadhouderslaan,9,,
3956TB,Stadhouderslaan,11,,
3956TB,Stadhouderslaan,13,,
3956XW,Tombelaan,2,t,
3956XW,Tombelaan,1,,
3956XW,Tombelaan,2,,
3956XW,Tombelaan,3,,
3956XW,Tombelaan,4,,
3956XW,Tombelaan,5,,
3956HA,Torenzichtlaan,2,,
3956HA,Torenzichtlaan,4,,
3956HA,Torenzichtlaan,6,,
3956HA,Torenzichtlaan,8,,
3956HA,Torenzichtlaan,10,,
3956HA,Torenzichtlaan,12,,
3956HA,Torenzichtlaan,14,,
3956HA,Torenzichtlaan,16,,
3956HA,Torenzichtlaan,18,,
3956HA,Torenzichtlaan,20,,
3956HA,Torenzichtlaan,22,,
3956HA,Torenzichtlaan,24,,
3956HA,Torenzichtlaan,26,,
3956HA,Torenzichtlaan,28,,
3956HA,Torenzichtlaan,30,,
3956HA,Torenzichtlaan,32,,
3956HA,Torenzichtlaan,34,,
3956HA,Torenzichtlaan,36,,
3956HA,Torenzichtlaan,38,,
3956HA,Torenzichtlaan,40,,
3956HA,Torenzichtlaan,42,,
3956HA,Torenzichtlaan,44,,
3956HA,Torenzichtlaan,46,,
3956HA,Torenzichtlaan,48,,
3956HA,Torenzichtlaan,50,,
3956HA,Torenzichtlaan,52,,
3956HA,Torenzichtlaan,54,,
3956HB,Torenzichtlaan,56,,
3956HB,Torenzichtlaan,58,,
3956HB,Torenzichtlaan,60,,
3956HB,Torenzichtlaan,62,,
3956HB,Torenzichtlaan,64,,
3956HB,Torenzichtlaan,66,,
3956HB,Torenzichtlaan,68,,
3956HB,Torenzichtlaan,70,,
3956HB,Torenzichtlaan,72,,
3956HB,Torenzichtlaan,74,,
3956HB,Torenzichtlaan,76,,
3956HB,Torenzichtlaan,78,,
3956HB,Torenzichtlaan,80,,
3956HB,Torenzichtlaan,82,,
3956HB,Torenzichtlaan,84,,
3956HB,Torenzichtlaan,86,,
3956HB,Torenzichtlaan,88,,
3956HB,Torenzichtlaan,90,,
3956HB,Torenzichtlaan,92,,
3956HB,Torenzichtlaan,94,,
3956HB,Torenzichtlaan,96,,
3956HB,Torenzichtlaan,98,,
3956HB,Torenzichtlaan,100,,
3956HB,Torenzichtlaan,102,,
3956HB,Torenzichtlaan,104,,
3956HB,Torenzichtlaan,106,,
3956HB,Torenzichtlaan,108,,
3956HB,Torenzichtlaan,110,,
3956HB,Torenzichtlaan,112,,
3956HC,Torenzichtlaan,114,,
3956HC,Torenzichtlaan,116,,
3956HC,Torenzichtlaan,118,,
3956HC,Torenzichtlaan,120,,
3956HC,Torenzichtlaan,122,,
3956HC,Torenzichtlaan,124,,
3956HC,Torenzichtlaan,126,,
3956HC,Torenzichtlaan,128,,
3956HC,Torenzichtlaan,130,,
3956HC,Torenzichtlaan,132,,
3956HC,Torenzichtlaan,134,,
3956HC,Torenzichtlaan,136,,
3956HC,Torenzichtlaan,138,,
3956HC,Torenzichtlaan,140,,
3956HC,Torenzichtlaan,142,,
3956HC,Torenzichtlaan,144,,
3956HC,Torenzichtlaan,146,,
3956HC,Torenzichtlaan,148,,
3956HC,Torenzichtlaan,150,,
3956HC,Torenzichtlaan,152,,
3956HC,Torenzichtlaan,154,,
3956HC,Torenzichtlaan,156,,
3956HC,Torenzichtlaan,158,,
3956HC,Torenzichtlaan,160,,
3956HC,Torenzichtlaan,162,,
3956HC,Torenzichtlaan,164,,
3956HC,Torenzichtlaan,166,,
3956HC,Torenzichtlaan,168,,
3956HC,Torenzichtlaan,170,,
3956HC,Torenzichtlaan,172,,
3956HC,Torenzichtlaan,174,,
3956HC,Torenzichtlaan,176,,
3956HC,Torenzichtlaan,178,,
3956HC,Torenzichtlaan,180,,
3956HC,Torenzichtlaan,182,,
3956HC,Torenzichtlaan,184,,
3956HC,Torenzichtlaan,186,,
3956HC,Torenzichtlaan,188,,
3956HC,Torenzichtlaan,190,,
3956HC,Torenzichtlaan,192,,
3956HE,Torenzichtlaan,1,,
3956HE,Torenzichtlaan,3,,
3956HE,Torenzichtlaan,5,,
3956BM,M.C.Verloopweg,61,t,
3956BM,M.C.Verloopweg,1,,
3956BM,M.C.Verloopweg,3,,
3956BM,M.C.Verloopweg,5,,
3956BM,M.C.Verloopweg,7,,
3956BM,M.C.Verloopweg,11,,
3956BM,M.C.Verloopweg,11,a,
3956BM,M.C.Verloopweg,13,,
3956BM,M.C.Verloopweg,15,,
3956BM,M.C.Verloopweg,17,,
3956BM,M.C.Verloopweg,19,,
3956BM,M.C.Verloopweg,21,,
3956BM,M.C.Verloopweg,23,,
3956BM,M.C.Verloopweg,25,,
3956BM,M.C.Verloopweg,27,,
3956BM,M.C.Verloopweg,29,,
3956BM,M.C.Verloopweg,31,,
3956BM,M.C.Verloopweg,33,,
3956BM,M.C.Verloopweg,35,,
3956BM,M.C.Verloopweg,37,,
3956BM,M.C.Verloopweg,39,,
3956BM,M.C.Verloopweg,41,,
3956BM,M.C.Verloopweg,43,,
3956BM,M.C.Verloopweg,57,,
3956BM,M.C.Verloopweg,59,,
3956BM,M.C.Verloopweg,61,,
3956BM,M.C.Verloopweg,63,,
3956BN,M.C.Verloopweg,65,,
3956BN,M.C.Verloopweg,65,,1
3956BN,M.C.Verloopweg,65,r,1
3956BN,M.C.Verloopweg,65,,10
3956BN,M.C.Verloopweg,65,r,10
3956BN,M.C.Verloopweg,65,,11
3956BN,M.C.Verloopweg,65,r,11
3956BN,M.C.Verloopweg,65,,12
3956BN,M.C.Verloopweg,65,r,12
3956BN,M.C.Verloopweg,65,,13
3956BN,M.C.Verloopweg,65,r,13
3956BN,M.C.Verloopweg,65,,14
3956BN,M.C.Verloopweg,65,r,14
3956BN,M.C.Verloopweg,65,,15
3956BN,M.C.Verloopweg,65,r,15
3956BN,M.C.Verloopweg,65,,16
3956BN,M.C.Verloopweg,65,,16
3956BN,M.C.Verloopweg,65,,17
3956BN,M.C.Verloopweg,65,r,17
3956BN,M.C.Verloopweg,65,,18
3956BN,M.C.Verloopweg,65,r,18
3956BN,M.C.Verloopweg,65,,19
3956BN,M.C.Verloopweg,65,r,19
3956BN,M.C.Verloopweg,65,,2
3956BN,M.C.Verloopweg,65,,2
3956BN,M.C.Verloopweg,65,r,2
3956BN,M.C.Verloopweg,65,,3
3956BN,M.C.Verloopweg,65,r,3
3956BN,M.C.Verloopweg,65,,4
3956BN,M.C.Verloopweg,65,,4
3956BN,M.C.Verloopweg,65,r,4
3956BN,M.C.Verloopweg,65,,5
3956BN,M.C.Verloopweg,65,r,5
3956BN,M.C.Verloopweg,65,,6
3956BN,M.C.Verloopweg,65,r,6
3956BN,M.C.Verloopweg,65,,7
3956BN,M.C.Verloopweg,65,r,7
3956BN,M.C.Verloopweg,65,,8
3956BN,M.C.Verloopweg,65,r,8
3956BN,M.C.Verloopweg,65,,9
3956BN,M.C.Verloopweg,65,r,9
3956BN,M.C.Verloopweg,65,b,
3956BP,M.C.Verloopweg,6,,
3956BP,M.C.Verloopweg,8,,
3956BP,M.C.Verloopweg,14,,
3956BP,M.C.Verloopweg,16,,
3956BP,M.C.Verloopweg,18,,
3956BP,M.C.Verloopweg,20,,
3956BP,M.C.Verloopweg,22,,
3956BP,M.C.Verloopweg,22,a,
3956BP,M.C.Verloopweg,24,,
3956BP,M.C.Verloopweg,26,,
3956BP,M.C.Verloopweg,26,a,
3956BP,M.C.Verloopweg,26,b,
3956BP,M.C.Verloopweg,28,,
3956BR,M.C.Verloopweg,30,,
3956BR,M.C.Verloopweg,32,,
3956BR,M.C.Verloopweg,32,a,
3956BR,M.C.Verloopweg,32,b,
3956BR,M.C.Verloopweg,32,c,
3956BR,M.C.Verloopweg,32,d,
3956BR,M.C.Verloopweg,32,e,
3956BR,M.C.Verloopweg,34,,
3956BR,M.C.Verloopweg,36,,
3956BR,M.C.Verloopweg,38,,
3956BR,M.C.Verloopweg,40,,
3956BR,M.C.Verloopweg,42,,
3956BR,M.C.Verloopweg,44,,
3956BR,M.C.Verloopweg,46,,
3956BR,M.C.Verloopweg,48,,
3956BS,M.C.Verloopweg,50,,
3956BS,M.C.Verloopweg,50,,I
3956BS,M.C.Verloopweg,50,,II
3956BS,M.C.Verloopweg,52,,
3956BS,M.C.Verloopweg,52,,I
3956BS,M.C.Verloopweg,52,,II
3956BS,M.C.Verloopweg,54,,
3956BS,M.C.Verloopweg,54,,I
3956BS,M.C.Verloopweg,54,,II
3956BS,M.C.Verloopweg,56,,
3956BS,M.C.Verloopweg,56,,I
3956BS,M.C.Verloopweg,56,,II
3956BS,M.C.Verloopweg,58,,I
3956BS,M.C.Verloopweg,58,,II
3956BS,M.C.Verloopweg,60,,I
3956BS,M.C.Verloopweg,60,,II
3956BS,M.C.Verloopweg,62,,I
3956BS,M.C.Verloopweg,62,,II
3956BS,M.C.Verloopweg,64,,I
3956BS,M.C.Verloopweg,64,,II
3956BS,M.C.Verloopweg,66,,I
3956BS,M.C.Verloopweg,66,,II
3956BS,M.C.Verloopweg,68,,I
3956BS,M.C.Verloopweg,68,,II
3956BS,M.C.Verloopweg,70,,I
3956BS,M.C.Verloopweg,70,,II
3956BS,M.C.Verloopweg,72,,I
3956BS,M.C.Verloopweg,72,,II
3956BS,M.C.Verloopweg,76,,
3956BS,M.C.Verloopweg,78,,
3956TE,Wilhelminahof,1,g,6
3956TC,Koningin-Wilhelminalaan,1,,
3956TC,Koningin-Wilhelminalaan,3,,
3956TC,Koningin-Wilhelminalaan,5,,
3956TC,Koningin-Wilhelminalaan,7,,
3956TC,Koningin-Wilhelminalaan,13,,
3956TC,Koningin-Wilhelminalaan,15,,
3956TC,Koningin-Wilhelminalaan,15,a,
3956TC,Koningin-Wilhelminalaan,15,b,
3956TC,Koningin-Wilhelminalaan,15,c,
3956TC,Koningin-Wilhelminalaan,15,d,
3956TC,Koningin-Wilhelminalaan,17,,
3956TC,Koningin-Wilhelminalaan,17,a,
3956TC,Koningin-Wilhelminalaan,17,b,
3956TC,Koningin-Wilhelminalaan,17,c,
3956TC,Koningin-Wilhelminalaan,19,,
3956TC,Koningin-Wilhelminalaan,19,a,
3956TC,Koningin-Wilhelminalaan,19,b,
3956TC,Koningin-Wilhelminalaan,19,c,
3956TC,Koningin-Wilhelminalaan,21,,
3956TC,Koningin-Wilhelminalaan,23,,
3956TC,Koningin-Wilhelminalaan,25,,
3956TC,Koningin-Wilhelminalaan,27,,
3956TC,Koningin-Wilhelminalaan,29,,
3956TC,Koningin-Wilhelminalaan,31,,
3956TC,Koningin-Wilhelminalaan,33,,
3956TC,Koningin-Wilhelminalaan,35,,
3956TD,Koningin-Wilhelminalaan,10,a,
3956TD,Koningin-Wilhelminalaan,22,a,
3956TD,Koningin-Wilhelminalaan,38,a,
3956TD,Koningin-Wilhelminalaan,10,,
3956TD,Koningin-Wilhelminalaan,12,,
3956TD,Koningin-Wilhelminalaan,14,,
3956TD,Koningin-Wilhelminalaan,16,,
3956TD,Koningin-Wilhelminalaan,18,,
3956TD,Koningin-Wilhelminalaan,20,,
3956TD,Koningin-Wilhelminalaan,22,,
3956TD,Koningin-Wilhelminalaan,24,,
3956TD,Koningin-Wilhelminalaan,26,,
3956TD,Koningin-Wilhelminalaan,28,,
3956TD,Koningin-Wilhelminalaan,30,,
3956TD,Koningin-Wilhelminalaan,32,,
3956TD,Koningin-Wilhelminalaan,34,,
3956TD,Koningin-Wilhelminalaan,36,,
3956TD,Koningin-Wilhelminalaan,38,,
3956TD,Koningin-Wilhelminalaan,40,,
3956TD,Koningin-Wilhelminalaan,42,,
3956TD,Koningin-Wilhelminalaan,44,,
3956TD,Koningin-Wilhelminalaan,46,,
3956TD,Koningin-Wilhelminalaan,48,,
3956TD,Koningin-Wilhelminalaan,50,,
3956TD,Koningin-Wilhelminalaan,52,,
3956TE,Koningin-Wilhelminalaan,1,g,6
3956EC,Vijverlaan,1,,
3956EC,Vijverlaan,3,,
3956EC,Vijverlaan,5,,
3956EC,Vijverlaan,7,,
3956EC,Vijverlaan,9,,
3956EC,Vijverlaan,11,,
3956EC,Vijverlaan,13,,
3956EC,Vijverlaan,15,,
3956EC,Vijverlaan,17,,
3956EC,Vijverlaan,19,,
3956EC,Vijverlaan,21,,
3956EC,Vijverlaan,23,,
3956EC,Vijverlaan,25,,
3956EC,Vijverlaan,27,,
3956EC,Vijverlaan,29,,
3956EC,Vijverlaan,31,,
3956EC,Vijverlaan,33,,
3956EC,Vijverlaan,35,,
3956EC,Vijverlaan,37,,
3956EC,Vijverlaan,39,,
3956EG,Vijverlaan,2,,
3956EG,Vijverlaan,4,,
3956EG,Vijverlaan,6,,
3956EG,Vijverlaan,8,,
3956EG,Vijverlaan,10,,
3956EG,Vijverlaan,12,,
3956EG,Vijverlaan,14,,
3956EG,Vijverlaan,16,,
3956EG,Vijverlaan,18,,
3956EG,Vijverlaan,20,,
3956EG,Vijverlaan,22,,
3956EG,Vijverlaan,24,,
3956EG,Vijverlaan,26,,
3956EG,Vijverlaan,28,,
3956EG,Vijverlaan,30,,
3956EG,Vijverlaan,32,,
3956EG,Vijverlaan,34,,
3956EG,Vijverlaan,36,,
3956EG,Vijverlaan,38,,
3956CH,Rijksstraatweg,9,v,1
3956CH,Rijksstraatweg,9,v,2
3956VZ,Wildbaan,2,t,
3956VZ,Wildbaan,1,,
3956VZ,Wildbaan,3,,
3956VZ,Wildbaan,4,,
3956VZ,Wildbaan,6,,
3956VZ,Wildbaan,7,,
3956VZ,Wildbaan,9,,
3956VZ,Wildbaan,11,,
3956VZ,Wildbaan,13,,
3956VZ,Wildbaan,13,a,
3956VZ,Wildbaan,15,,
3956VZ,Wildbaan,17,,
3956VZ,Wildbaan,19,,
3956VZ,Wildbaan,21,,
3956VZ,Wildbaan,23,,
3956VZ,Wildbaan,25,,
3956VZ,Wildbaan,27,,
3956VZ,Wildbaan,29,,
3956VZ,Wildbaan,31,,
3956ER,Dreef,35,g,11
3956ER,Dreef,35,g,1
3956ER,Dreef,35,g,3
3956ER,Dreef,35,g,2
3956ER,Dreef,35,g,8
3956ER,Dreef,35,g,9
3956ER,Dreef,35,g,6
3956ER,Dreef,35,g,10
3956ER,Dreef,35,g,12
3956ER,Dreef,35,g,13
3956ES,Dreef,95,g,1
3956ES,Dreef,95,g,1
3956ES,Dreef,95,g,3
3956ES,Dreef,95,g,3
3956ES,Dreef,95,g,7
3956ES,Dreef,95,g,7
3956ES,Dreef,95,g,8
3956ES,Dreef,95,g,8
3956ES,Dreef,95,g,10
3956ES,Dreef,95,g,10
3956ES,Dreef,95,g,11
3956ES,Dreef,95,g,13
3956EX,Dreef,95,g,13
3956GL,Weth.De Langelaan,1,,
3956GL,Weth.De Langelaan,2,,
3956GL,Weth.De Langelaan,4,,
3956GL,Weth.De Langelaan,6,,
3956GL,Weth.De Langelaan,8,,
3956GL,Weth.De Langelaan,10,,
3956GL,Weth.De Langelaan,12,,
3956GL,Weth.De Langelaan,14,,
3956GL,Weth.De Langelaan,16,,
3956GL,Weth.De Langelaan,18,,
3956GL,Weth.De Langelaan,20,,
3956GL,Weth.De Langelaan,22,,
3956GL,Weth.De Langelaan,24,,
3956GL,Weth.De Langelaan,26,,
3956GL,Weth.De Langelaan,28,,
3956EM,Burgemeester Martenslaan,20,g,4
3956EM,Burgemeester Martenslaan,20,g,5
3956EM,Burgemeester Martenslaan,20,g,12
3956EM,Burgemeester Martenslaan,20,g,11
3956EM,Burgemeester Martenslaan,20,g,7
3956EM,Burgemeester Martenslaan,20,g,8
3956EM,Burgemeester Martenslaan,20,g,10
3956EM,Burgemeester Martenslaan,20,g,14
3956EM,Burgemeester Martenslaan,20,g,13
3956RD,Nieuwe Steeg,2,v,
3956VV,Planterslaan,5,g,1
3956VV,Planterslaan,5,g,1
3956VV,Planterslaan,5,g,2
3956VV,Planterslaan,5,g,2
3956RG,Veldlaan,1,,
3956RG,Veldlaan,3,,
3956RG,Veldlaan,5,,
3956RG,Veldlaan,7,,
3956RG,Veldlaan,9,,
3956RG,Veldlaan,11,,
3956RG,Veldlaan,13,,
3956RG,Veldlaan,15,,
3956RG,Veldlaan,17,,
3956RG,Veldlaan,19,,
3956RG,Veldlaan,21,,
3956RG,Veldlaan,23,,
3956RG,Veldlaan,25,,
3956RG,Veldlaan,27,,
3956RG,Veldlaan,29,,
3956RG,Veldlaan,31,,
3956RG,Veldlaan,33,,
3956RG,Veldlaan,35,,
3956RH,Veldlaan,2,,
3956RH,Veldlaan,4,,
3956RH,Veldlaan,6,,
3956RH,Veldlaan,8,,
3956RH,Veldlaan,10,,
3956RH,Veldlaan,12,,
3956RH,Veldlaan,14,,
3956RH,Veldlaan,16,,
3956RH,Veldlaan,18,,
3956RH,Veldlaan,20,,
3956RH,Veldlaan,22,,
3956RH,Veldlaan,24,,
3956BN,M.C.Verloopweg,65,,21
3956BN,M.C.Verloopweg,65,,20
3956BN,M.C.Verloopweg,65,r,20
3956BN,M.C.Verloopweg,65,,23
3956BN,M.C.Verloopweg,65,,22
3956BN,M.C.Verloopweg,65,,24
3956BN,M.C.Verloopweg,65,,25
3956BN,M.C.Verloopweg,65,,27
3956BN,M.C.Verloopweg,65,,28
3956BN,M.C.Verloopweg,65,,16
3956BN,M.C.Verloopweg,65,r,16
3956BN,M.C.Verloopweg,65,,29
3956BN,M.C.Verloopweg,65,,26
3956DL,Vogelkerslaan,4,t,
3956DL,Vogelkerslaan,2,,
3956DL,Vogelkerslaan,4,,
3956DL,Vogelkerslaan,6,,
3956DL,Vogelkerslaan,8,,
3956DL,Vogelkerslaan,10,,
3956DL,Vogelkerslaan,10,a,
3956DL,Vogelkerslaan,12,,
3956DL,Vogelkerslaan,14,,
3956DL,Vogelkerslaan,16,,
3956DL,Vogelkerslaan,18,,
3956DL,Vogelkerslaan,20,,
3956DL,Vogelkerslaan,22,,
3956DL,Vogelkerslaan,24,,
3956DH,Vogelslag,4,,
3956DH,Vogelslag,6,,
3956RN,Vredeoordlaan,1,,
3956RN,Vredeoordlaan,3,,
3956RN,Vredeoordlaan,4,,
3956RN,Vredeoordlaan,5,,
3956RN,Vredeoordlaan,6,,
3956RN,Vredeoordlaan,7,,
3956RN,Vredeoordlaan,8,,
3956RN,Vredeoordlaan,9,,
3956RN,Vredeoordlaan,10,,
3956RN,Vredeoordlaan,11,,
3956RN,Vredeoordlaan,12,,
3956RN,Vredeoordlaan,13,,
3956RN,Vredeoordlaan,14,,
3956RN,Vredeoordlaan,15,,
3956RN,Vredeoordlaan,16,,
3956RN,Vredeoordlaan,18,,
3956EH,Weidelaan,1,,
3956EH,Weidelaan,3,,
3956EH,Weidelaan,5,,
3956EH,Weidelaan,7,,
3956EH,Weidelaan,9,,
3956EH,Weidelaan,11,,
3956EH,Weidelaan,13,,
3956EH,Weidelaan,15,,
3956EH,Weidelaan,17,,
3956EH,Weidelaan,19,,
3956EH,Weidelaan,21,,
3956EH,Weidelaan,23,,
3956EH,Weidelaan,25,,
3956EH,Weidelaan,27,,
3956EH,Weidelaan,29,,
3956EH,Weidelaan,31,,
3956EH,Weidelaan,33,,
3956EH,Weidelaan,35,,
3956EH,Weidelaan,37,,
3956EH,Weidelaan,39,,
3956EH,Weidelaan,41,,
3956EH,Weidelaan,43,,
3956EJ,Weidelaan,8,g,4
3956EJ,Weidelaan,8,g,5
3956EJ,Weidelaan,8,g,4
3956EJ,Weidelaan,40,g,9
3956EJ,Weidelaan,40,g,2
3956EJ,Weidelaan,40,g,1
3956EJ,Weidelaan,40,g,6
3956EJ,Weidelaan,8,g,2
3956EJ,Weidelaan,40,g,7
3956EJ,Weidelaan,40,g,11
3956EJ,Weidelaan,40,g,12
3956EJ,Weidelaan,40,g,14
3956EJ,Weidelaan,40,g,5
3956EJ,Weidelaan,40,g,8
3956EJ,Weidelaan,40,g,4
3956EJ,Weidelaan,40,g,15
3956EJ,Weidelaan,8,t,
3956EJ,Weidelaan,8,g,3
3956EJ,Weidelaan,8,t,1
3956EJ,Weidelaan,2,,
3956EJ,Weidelaan,4,,
3956EJ,Weidelaan,6,,
3956EJ,Weidelaan,8,,
3956EJ,Weidelaan,10,,
3956EJ,Weidelaan,12,,
3956EJ,Weidelaan,14,,
3956EJ,Weidelaan,16,,
3956EJ,Weidelaan,18,,
3956EJ,Weidelaan,20,,
3956EJ,Weidelaan,22,,
3956EJ,Weidelaan,24,,
3956EJ,Weidelaan,26,,
3956EJ,Weidelaan,28,,
3956EJ,Weidelaan,30,,
3956EJ,Weidelaan,32,,
3956EJ,Weidelaan,34,,
3956EJ,Weidelaan,36,,
3956EJ,Weidelaan,38,,
3956EJ,Weidelaan,40,,
3956EJ,Weidelaan,42,,
3956GP,Wilgenhof,1,,
3956GP,Wilgenhof,3,,
3956GP,Wilgenhof,5,,
3956GP,Wilgenhof,7,,
3956GP,Wilgenhof,9,,
3956GP,Wilgenhof,11,,
3956GP,Wilgenhof,13,,
3956GP,Wilgenhof,15,,
3956GP,Wilgenhof,17,,
3956GP,Wilgenhof,19,,
3956GP,Wilgenhof,21,,
3956GP,Wilgenhof,23,,
3956GP,Wilgenhof,25,,
3956GP,Wilgenhof,27,,
3956GP,Wilgenhof,29,,
3956GP,Wilgenhof,31,,
3956GR,Wilgenhof,2,,
3956GR,Wilgenhof,4,,
3956GR,Wilgenhof,6,,
3956GR,Wilgenhof,8,,
3956GR,Wilgenhof,10,,
3956GR,Wilgenhof,12,,
3956GR,Wilgenhof,14,,
3956GR,Wilgenhof,16,,
3956GR,Wilgenhof,18,,
3956GR,Wilgenhof,20,,
3956GR,Wilgenhof,22,,
3956GR,Wilgenhof,24,,
3956GR,Wilgenhof,26,,
3956TE,Wilhelminahof,1,g,12
3956TE,Wilhelminahof,1,g,11
3956TE,Wilhelminahof,1,g,7
3956TE,Wilhelminahof,1,g,16
3956TE,Wilhelminahof,1,g,1
3956TE,Wilhelminahof,1,g,1
3956TE,Wilhelminahof,1,g,2
3956TE,Wilhelminahof,1,g,3
3956TE,Wilhelminahof,1,g,4
3956TE,Wilhelminahof,1,g,5
3956TE,Wilhelminahof,1,g,13
3956TE,Wilhelminahof,1,g,14
3956TE,Wilhelminahof,1,g,15
3956TE,Wilhelminahof,1,g,17
3956TE,Wilhelminahof,1,g,18
3956TE,Wilhelminahof,1,g,19
3956TE,Wilhelminahof,1,g,20
3956TE,Wilhelminahof,12,t,
3956TE,Wilhelminahof,2,,
3956TE,Wilhelminahof,4,,
3956TE,Wilhelminahof,6,,
3956TE,Wilhelminahof,8,,
3956TE,Wilhelminahof,10,,
3956TE,Wilhelminahof,12,,
3956TD,Koningin-Wilhelminalaan,6,,
3956TD,Koningin-Wilhelminalaan,6,a,
3956TD,Koningin-Wilhelminalaan,8,,
3956TD,Koningin-Wilhelminalaan,8,a,
3956ER,De Wingerd,1,t,
3956TJ,Vaarsloot,2,,
3956TJ,Vaarsloot,4,,
3956TJ,Vaarsloot,6,,
3956TJ,Vaarsloot,8,,
3956TJ,Vaarsloot,10,,
3956TJ,Vaarsloot,12,,
3956TJ,Vaarsloot,14,,
3956TJ,Vaarsloot,16,,
3956TJ,Vaarsloot,18,,
3956TJ,Vaarsloot,20,,
3956TJ,Vaarsloot,22,,
3956TJ,Vaarsloot,24,,
3956TJ,Vaarsloot,26,,
3956TJ,Vaarsloot,28,,
3956GS,Burg. de Graafhof,2,,
3956GS,Burg. de Graafhof,4,,
3956GS,Burg. de Graafhof,6,,
3956GS,Burg. de Graafhof,8,,
3956GS,Burg. de Graafhof,10,,
3956GS,Burg. de Graafhof,12,,
3956SB,Prinses Máximahof,3,,
3956SB,Prinses Máximahof,1,,
3956CH,Rijksstraatweg,5,a,
3956CH,Rijksstraatweg,1,r,1
3956CH,Rijksstraatweg,1,r,2
3956CJ,Rijksstraatweg,71,a,
3956CL,Rijksstraatweg,151,a,
3956CM,Rijksstraatweg,213,,
3956CM,Rijksstraatweg,213,e,
3956CM,Rijksstraatweg,213,a,
3956CM,Rijksstraatweg,213,d,
3956CM,Rijksstraatweg,213,b,
3956CM,Rijksstraatweg,213,c,
3956CM,Rijksstraatweg,215,,
3956CM,Rijksstraatweg,215,,
3956CM,Rijksstraatweg,215,a,
3956CM,Rijksstraatweg,215,a,
3956CM,Rijksstraatweg,215,b,
3956CM,Rijksstraatweg,215,b,
3956CM,Rijksstraatweg,215,c,
3956CM,Rijksstraatweg,215,c,
3956CM,Rijksstraatweg,215,d,
3956CM,Rijksstraatweg,215,d,
3956CM,Rijksstraatweg,215,e,
3956CM,Rijksstraatweg,215,e,
3956CM,Rijksstraatweg,215,f,
3956CM,Rijksstraatweg,215,f,
3956CM,Rijksstraatweg,215,g,
3956CM,Rijksstraatweg,215,g,
3956CM,Rijksstraatweg,215,h,
3956CM,Rijksstraatweg,215,h,
3956CM,Rijksstraatweg,185,,
3956CM,Rijksstraatweg,185,a,
3956CM,Rijksstraatweg,183,a,
3956CM,Rijksstraatweg,177,b,
3956CM,Rijksstraatweg,177,c,
3956CM,Rijksstraatweg,177,d,
3956CN,Rijksstraatweg,251,a,
3956CN,Rijksstraatweg,251,b,
3956CN,Rijksstraatweg,251,c,
3956CN,Rijksstraatweg,231,a,
3956CN,Rijksstraatweg,231,b,
3956CN,Rijksstraatweg,223,,
3956CN,Rijksstraatweg,221,a,
3956CP,Rijksstraatweg,313,,
3956CP,Rijksstraatweg,313,,
3956CR,Rijksstraatweg,4,a,
3956CR,Rijksstraatweg,46,,01
3956CR,Rijksstraatweg,46,,02
3956CR,Rijksstraatweg,46,,03
3956CR,Rijksstraatweg,46,,04
3956CR,Rijksstraatweg,46,,05
3956CR,Rijksstraatweg,46,,06
3956CR,Rijksstraatweg,46,,07
3956CR,Rijksstraatweg,46,,08
3956CR,Rijksstraatweg,46,,09
3956CR,Rijksstraatweg,46,,10
3956CR,Rijksstraatweg,46,,11
3956CR,Rijksstraatweg,46,,12
3956CR,Rijksstraatweg,46,,112
3956CR,Rijksstraatweg,46,,111
3956CR,Rijksstraatweg,46,,110
3956CR,Rijksstraatweg,46,,109
3956CR,Rijksstraatweg,46,,108
3956CR,Rijksstraatweg,46,,107
3956CR,Rijksstraatweg,46,,106
3956CR,Rijksstraatweg,46,,105
3956CR,Rijksstraatweg,46,,104
3956CR,Rijksstraatweg,46,,103
3956CR,Rijksstraatweg,46,,102
3956CR,Rijksstraatweg,46,,101
3956CR,Rijksstraatweg,2,a,
3956CR,Rijksstraatweg,4,b,
3956CS,Rijksstraatweg,68,b,
3956CS,Rijksstraatweg,68,c,
3956CS,Rijksstraatweg,68,d,
3956CS,Rijksstraatweg,96,,
3956CS,Rijksstraatweg,96,a,
3956CS,Rijksstraatweg,96,b,
3956CS,Rijksstraatweg,96,c,
3956CS,Rijksstraatweg,96,d,
3956CS,Rijksstraatweg,96,e,
3956CS,Rijksstraatweg,96,f,
3956CS,Rijksstraatweg,96,g,
3956CS,Rijksstraatweg,96,h,
3956CS,Rijksstraatweg,96,k,
3956CS,Rijksstraatweg,96,m,
3956CS,Rijksstraatweg,96,n,
3956CT,Rijksstraatweg,128,,
3956CT,Rijksstraatweg,114,a,
3956CT,Rijksstraatweg,116,a,
3956CT,Rijksstraatweg,116,b,
3956CT,Rijksstraatweg,116,c,
3956CT,Rijksstraatweg,140,a,
3956CT,Rijksstraatweg,140,b,
3956CT,Rijksstraatweg,140,c,
3956CV,Rijksstraatweg,162,,
3956CV,Rijksstraatweg,178,,
3956CV,Rijksstraatweg,164,a,
3956CV,Rijksstraatweg,180,a,
3956CV,Rijksstraatweg,180,b,
3956CV,Rijksstraatweg,180,c,
3956CV,Rijksstraatweg,180,d,
3956CV,Rijksstraatweg,180,,
3956CV,Rijksstraatweg,154,,
3956CV,Rijksstraatweg,154,a,
3956CV,Rijksstraatweg,154,a,
3956CV,Rijksstraatweg,166,,
3956CW,Rijksstraatweg,200,a,
3956CW,Rijksstraatweg,234,r,1
3956CW,Rijksstraatweg,206,a,
3956CW,Rijksstraatweg,204,a,
3956CW,Rijksstraatweg,206,b,
3956CW,Rijksstraatweg,204,b,
3956CW,Rijksstraatweg,206,c,
3956CW,Rijksstraatweg,204,c,
3956CW,Rijksstraatweg,206,d,
3956CW,Rijksstraatweg,204,d,
3956CW,Rijksstraatweg,206,e,
3956CW,Rijksstraatweg,204,e,
3956CW,Rijksstraatweg,206,f,
3956CW,Rijksstraatweg,204,f,
3956CW,Rijksstraatweg,206,g,
3956CW,Rijksstraatweg,204,g,
3956CW,Rijksstraatweg,206,h,
3956CW,Rijksstraatweg,204,h,
3956CW,Rijksstraatweg,206,k,
3956CW,Rijksstraatweg,204,k,
3956CW,Rijksstraatweg,206,m,
3956CW,Rijksstraatweg,204,m,
3956CW,Rijksstraatweg,216,c,
3956CW,Rijksstraatweg,216,d,
3956CW,Rijksstraatweg,214,c,
3956CT,Rijksstraatweg,116,a,
3956CT,Rijksstraatweg,116,b,
3956CT,Rijksstraatweg,116,c,
3956VZ,Wildbaan,2,,
3956RK,Achterweg,1,,
3956RK,Achterweg,1,a,
3956BK,Achterweg,9,a,
3956BC,Parallelweg,4,a,
3956VC,Bentincklaan,9,a,
3956RM,Boerenbuurt,14,,
3956RM,Boerenbuurt,32,a,
3956RM,Boerenbuurt,38,b,
3956RM,Boerenbuurt,38,a,
3956RM,Boerenbuurt,32,b,
3956RM,Boerenbuurt,32,c,
3956RM,Boerenbuurt,32,d,
3956RM,Boerenbuurt,32,e,
3956RM,Boerenbuurt,32,f,
3956RM,Boerenbuurt,32,g,
3956RM,Boerenbuurt,32,h,
3956RM,Boerenbuurt,32,k,
3956RM,Boerenbuurt,32,m,
3956DC,Burgemeester vd Boschln,38,,
3956DC,Burgemeester vd Boschlaan,38,,
3956HJ,Bijenkorf,1,,
3956HJ,Bijenkorf,3,,
3956HJ,Bijenkorf,5,,
3956HJ,Bijenkorf,7,,
3956HJ,Bijenkorf,9,,
3956HJ,Bijenkorf,11,,
3956HJ,Bijenkorf,13,,
3956HJ,Bijenkorf,15,,
3956HJ,Bijenkorf,17,,
3956HJ,Bijenkorf,19,,
3956HJ,Bijenkorf,21,,
3956HJ,Bijenkorf,23,,
3956HJ,Bijenkorf,25,,
3956HJ,Bijenkorf,27,,
3956HJ,Bijenkorf,29,,
3956HJ,Bijenkorf,31,,
3956GX,Bijenlaan,38,a,
3956GX,Bijenlaan,38,b,
3956GX,Bijenlaan,38,c,
3956GX,Bijenlaan,38,d,
3956TA,Koningin-Emmalaan,19,,
3956TA,Koningin-Emmalaan,21,,
3956TA,Koningin-Emmalaan,23,,
3956TA,Koningin-Emmalaan,25,,
3956TA,Koningin-Emmalaan,27,,
3956TA,Koningin-Emmalaan,29,,
3956TA,Koningin-Emmalaan,33,,
3956TA,Koningin-Emmalaan,35,,
3956TA,Koningin-Emmalaan,37,,
3956TA,Koningin-Emmalaan,39,,
3956TA,Koningin-Emmalaan,41,,
3956TA,Koningin-Emmalaan,43,,
3956TA,Koningin-Emmalaan,45,,
3956TA,Koningin-Emmalaan,47,,
3956TA,Koningin-Emmalaan,49,,
3956TA,Koningin-Emmalaan,51,,
3956TA,Koningin-Emmalaan,53,,
3956TA,Koningin-Emmalaan,34,,
3956TA,Koningin-Emmalaan,36,,
3956TA,Koningin-Emmalaan,38,,
3956TA,Koningin-Emmalaan,40,,
3956TA,Koningin-Emmalaan,42,,
3956TA,Koningin-Emmalaan,44,,
3956TA,Koningin-Emmalaan,46,,
3956TA,Koningin-Emmalaan,48,,
3956TA,Koningin-Emmalaan,31,,
3956VR,Englaan,70,a,
3956VT,Halfeiken,8,a,
3956VT,Halfeiken,8,b,
3956VT,Halfeiken,10,,
3956ED,Hoflaan,1,a,1
3956ED,Hoflaan,1,a,2
3956ED,Hoflaan,1,a,3
3956ED,Hoflaan,1,a,4
3956ED,Hoflaan,1,a,5
3956ED,Hoflaan,1,a,6
3956ED,Hoflaan,1,a,7
3956ED,Hoflaan,1,a,8
3956ED,Hoflaan,1,a,9
3956EE,Hoflaan,4,,
3956EE,Hoflaan,30,,
3956EE,Hoflaan,32,,
3956EE,Hoflaan,34,,
3956EE,Hoflaan,36,,
3956EE,Hoflaan,38,,
3956EE,Hoflaan,40,,
3956EE,Hoflaan,42,,
3956EE,Hoflaan,44,,
3956EE,Hoflaan,46,,
3956EE,Hoflaan,48,,
3956EE,Hoflaan,50,,
3956EE,Hoflaan,52,,
3956EE,Hoflaan,54,,
3956EE,Hoflaan,56,,
3956EE,Hoflaan,58,,
3956EE,Hoflaan,60,,
3956EE,Hoflaan,62,,
3956EE,Hoflaan,64,,
3956EE,Hoflaan,66,,
3956EE,Hoflaan,68,,
3956HG,Honingraat,17,a,
3956HH,Honingraat,47,,
3956HH,Honingraat,49,,
3956HH,Honingraat,17,a,
3956TS,Juffersland,49,,
3956TS,Juffersland,51,,
3956TS,Juffersland,53,,
3956TS,Juffersland,55,,
3956XK,Koningin-Julianalaan,67,,
3956XK,Koningin-Julianalaan,53,a,
3956XM,Koningin-Julianalaan,26,a,
3956XM,Koningin-Julianalaan,28,a,
3956XM,Koningin-Julianalaan,14,b,
3956XN,Koningin-Julianalaan,48,a,
3956XN,Koningin-Julianalaan,48,b,
3956XN,Koningin-Julianalaan,48,c,
3956XN,Koningin-Julianalaan,48,d,
3956XN,Koningin-Julianalaan,50,a,
3956XN,Koningin-Julianalaan,50,b,
3956XN,Koningin-Julianalaan,50,c,
3956XN,Koningin-Julianalaan,50,d,
3956RT,Kerkweg,24,a,
3956RT,Kerkweg,24,b,
3956RT,Kerkweg,24,c,
3956RT,Kerkweg,24,d,
3956RW,De Kikvors,3,,
3956RW,De Kikvors,3,a,
3956DE,Lomboklaan,29,,
3956DG,Lomboklaan,10,b,
3956TZ,Prins-Mauritslaan,2,,
3956TZ,Prins-Mauritslaan,4,,
3956TZ,Prins-Mauritslaan,6,,
3956TZ,Prins-Mauritslaan,8,,
3956TZ,Prins-Mauritslaan,10,,
3956TZ,Prins-Mauritslaan,12,,
3956TZ,Prins-Mauritslaan,14,,
3956TZ,Prins-Mauritslaan,16,,
3956TZ,Prins-Mauritslaan,18,,
3956TZ,Prins-Mauritslaan,20,,
3956TZ,Prins-Mauritslaan,22,,
3956TZ,Prins-Mauritslaan,24,,
3956TZ,Prins-Mauritslaan,26,,
3956TZ,Prins-Mauritslaan,28,,
3956TZ,Prins-Mauritslaan,30,,
3956TZ,Prins-Mauritslaan,32,,
3956TZ,Prins-Mauritslaan,34,,
3956TZ,Prins-Mauritslaan,36,,
3956TZ,Prins-Mauritslaan,38,,
3956TZ,Prins-Mauritslaan,1,,
3956TZ,Prins-Mauritslaan,3,,
3956TZ,Prins-Mauritslaan,5,,
3956TZ,Prins-Mauritslaan,7,,
3956TZ,Prins-Mauritslaan,9,,
3956TZ,Prins-Mauritslaan,11,,
3956TZ,Prins-Mauritslaan,13,,
3956TZ,Prins-Mauritslaan,15,,
3956TZ,Prins-Mauritslaan,17,,
3956TZ,Prins-Mauritslaan,19,,
3956TZ,Prins-Mauritslaan,21,,
3956TZ,Prins-Mauritslaan,42,,
3956TZ,Prins-Mauritslaan,44,,
3956TZ,Prins-Mauritslaan,38,a,
3956TZ,Prins-Mauritslaan,38,b,
3956TZ,Prins-Mauritslaan,38,c,
3956TZ,Prins-Mauritslaan,38,d,
3956TZ,Prins-Mauritslaan,2,a,
3956XH,Meester Bosweg,11,a,
3956XH,Meester Bosweg,11,b,
3956XH,Meester Bosweg,11,c,
3956XH,Meester Bosweg,11,d,
3956XH,Meester Bosweg,11,e,
3956XH,Meester Bosweg,11,f,
3956TL,Middelweg,85,a,
3956TL,Middelweg,83,b,
3956TM,Middelweg,2,,
3956TN,Middelweg,52,a,
3956TN,Middelweg,52,b,
3956RD,Nieuwe Steeg,4,a,
3956RD,Nieuwe Steeg,4,,
3956RD,Nieuwe Steeg,14,b,
3956RD,Nieuwe Steeg,30,r,1
3956RD,Nieuwe Steeg,30,r,2
3956RD,Nieuwe Steeg,30,r,3
3956RD,Nieuwe Steeg,30,r,4
3956RD,Nieuwe Steeg,18,a,
3956TP,De Oude Kolk,8,g,1
3956BK,Plaggeberg,2,,
3956VV,Planterslaan,27,g,2
3956VV,Planterslaan,27,g,1
3956VV,Planterslaan,27,g,3
3956VV,Planterslaan,27,g,4
3956VV,Planterslaan,27,g,5
3956VV,Planterslaan,27,g,6
3956VV,Planterslaan,27,g,7
3956VV,Planterslaan,27,g,8
3956VJ,Pomplaan,3,,
3956VJ,Pomplaan,5,,
3956VJ,Pomplaan,7,,
3956VJ,Pomplaan,15,,
3956VJ,Pomplaan,9,,
3956VJ,Pomplaan,17,,
3956VJ,Pomplaan,11,,
3956VJ,Pomplaan,27,,
3956VJ,Pomplaan,13,,
3956VJ,Pomplaan,29,,
3956VJ,Pomplaan,15,,
3956VJ,Pomplaan,7,,
3956VJ,Pomplaan,17,,
3956VJ,Pomplaan,9,,
3956VJ,Pomplaan,19,,
3956VJ,Pomplaan,21,,
3956VJ,Pomplaan,23,,
3956VJ,Pomplaan,31,,
3956VJ,Pomplaan,25,,
3956VJ,Pomplaan,33,,
3956VJ,Pomplaan,27,,
3956VJ,Pomplaan,39,,
3956VJ,Pomplaan,29,,
3956VJ,Pomplaan,11,,
3956VJ,Pomplaan,31,,
3956VJ,Pomplaan,13,,
3956VJ,Pomplaan,33,,
3956VJ,Pomplaan,23,,
3956VJ,Pomplaan,35,,
3956VJ,Pomplaan,25,,
3956VJ,Pomplaan,37,,
3956VJ,Pomplaan,35,,
3956VJ,Pomplaan,39,,
3956VJ,Pomplaan,37,,
3956VJ,Pomplaan,41,,
3956VJ,Pomplaan,1,,
3956VJ,Pomplaan,1,a,
3956VJ,Pomplaan,1,b,
3956VJ,Pomplaan,1,c,
3956VJ,Pomplaan,1,d,
3956VK,Schermlaan,20,,
3956KB,Scherpenzeelseweg,47,,
3956KC,Scherpenzeelseweg,41,a,
3956KC,Scherpenzeelseweg,41,b,
3956KC,Scherpenzeelseweg,41,c,
3956KC,Scherpenzeelseweg,41,e,
3956KC,Scherpenzeelseweg,41,d,
3956KE,Scherpenzeelseweg,12,,bp
3956GE,De Tienden,9,,
3956GE,De Tienden,9,,
3956GE,De Tienden,11,,
3956GE,De Tienden,11,,
3956GE,De Tienden,11,,
3956GE,De Tienden,13,,
3956GE,De Tienden,13,,
3956HE,Torenzichtlaan,3,a,
3956RH,Veldlaan,8,g,7
3956RH,Veldlaan,8,g,8
3956BN,M.C.Verloopweg,65,r,18
3956EJ,Weidelaan,40,g,3
3956EJ,Weidelaan,8,g,1
3956TD,Koningin-Wilhelminalaan,8,b,
3956TD,Koningin-Wilhelminalaan,4,a,
3956TD,Koningin-Wilhelminalaan,4,,
3956TD,Koningin-Wilhelminalaan,2,a,
3956TD,Koningin-Wilhelminalaan,2,,
3956TD,Koningin-Wilhelminalaan,4,b,
3956TJ,Vaarsloot,10,a,
3956TJ,Vaarsloot,10,a,
3956TJ,Vaarsloot,10,a,
3956TJ,Vaarsloot,10,a,
3956GS,Burg. de Graafhof,14,,
3956SB,Prinses Máximahof,2,,
3956SB,Prinses Máximahof,4,,
3956SB,Prinses Máximahof,6,,
3956SB,Prinses Máximahof,8,,
3956SB,Prinses Máximahof,10,,
3956SB,Prinses Máximahof,5,,
3956SB,Prinses Máximahof,7,,
3956SB,Prinses Máximahof,9,,
3956SB,Prinses Máximahof,11,,
3956SB,Prinses Máximahof,13,,
3956SB,Prinses Máximahof,21,,
3956SB,Prinses Máximahof,19,,
3956SB,Prinses Máximahof,17,,
3956SB,Prinses Máximahof,15,,
3956SZ,Prinses Amaliahof,1,,
3956SZ,Prinses Amaliahof,2,,
3956SZ,Prinses Amaliahof,3,,
3956SZ,Prinses Amaliahof,4,,
3956SZ,Prinses Amaliahof,5,,
3956SZ,Prinses Amaliahof,6,,
3956SZ,Prinses Amaliahof,7,,
3956SZ,Prinses Amaliahof,8,,
3956SZ,Prinses Amaliahof,9,,
3956SZ,Prinses Amaliahof,10,,
3956SZ,Prinses Amaliahof,11,,
3956SZ,Prinses Amaliahof,12,,
3956SZ,Prinses Amaliahof,13,,
3956SZ,Prinses Amaliahof,14,,
3956SZ,Prinses Amaliahof,15,,
3956SZ,Prinses Amaliahof,16,,
3956KS,Donderberg,1,,
3956KS,Donderberg,2,,
3956KS,Donderberg,3,,
3956KS,Donderberg,4,,
3956KS,Donderberg,5,,
3956KS,Donderberg,6,,
3956KS,Donderberg,7,,
3956KS,Donderberg,8,,
3956KS,Donderberg,9,,
3956KS,Donderberg,10,,
3956KS,Donderberg,11,,
3956KS,Donderberg,12,,
3956KS,Donderberg,13,,
3956KS,Donderberg,14,,
3956KS,Donderberg,15,,
3956KS,Donderberg,16,,
3956KS,Donderberg,17,,
3956KS,Donderberg,1,,t
3956KS,Donderberg,1,t,
3956BZ,MOVA-laan,6,,
3956BZ,MOVA-laan,7,,
3956BZ,MOVA-laan,8,,
3956BZ,MOVA-laan,9,,
3956BZ,MOVA-laan,10,,
3956BZ,MOVA-laan,11,,
3956BZ,MOVA-laan,12,,
3956BZ,MOVA-laan,13,,
3956BZ,MOVA-laan,14,,
3956BZ,MOVA-laan,15,,
3956BZ,MOVA-laan,16,,
3956BZ,MOVA-laan,17,,
3956BZ,MOVA-laan,18,,
3956BZ,MOVA-laan,19,,
3956BZ,MOVA-laan,20,,
3956BZ,MOVA-laan,21,,
3956BZ,MOVA-laan,22,,
3956BZ,MOVA-laan,23,,
3956BZ,MOVA-laan,5,,
3956BZ,MOVA-laan,2,,
3956BZ,MOVA-laan,4,,
3956BZ,MOVA-laan,3,,
3956BZ,MOVA-laan,1,,
3956BZ,MOVA-laan,1,,
3956PA,Gerritjeshof,1,,
3956PA,Gerritjeshof,2,,
3956PA,Gerritjeshof,3,,
3956PA,Gerritjeshof,4,,
3956PA,Gerritjeshof,5,,
3956PA,Gerritjeshof,6,,
3956EB,Juffertje in 't Groen,1,,
3956EB,Juffertje in 't Groen,3,,
3956EB,Juffertje in 't Groen,5,,
3956EB,Juffertje in 't Groen,7,,
3956EB,Juffertje in 't Groen,9,,
3956EB,Juffertje in 't Groen,11,,
3956EB,Juffertje in 't Groen,13,,
3956EB,Juffertje in 't Groen,15,,
3956DD,Zuster Middelhovenplein,1,,
3956DD,Zuster Middelhovenplein,2,,
3956DD,Zuster Middelhovenplein,3,,
3956DD,Zuster Middelhovenplein,4,,
3956DD,Zuster Middelhovenplein,5,,
3956DD,Zuster Middelhovenplein,6,,
3956DD,Zuster Middelhovenplein,7,,
3956DD,Zuster Middelhovenplein,8,,
3956DD,Zuster Middelhovenplein,9,,
3956DD,Zuster Middelhovenplein,10,,
3956DD,Zuster Middelhovenplein,11,,
3956DD,Zuster Middelhovenplein,12,,
3956DD,Zuster Middelhovenplein,13,,
3956DD,Zuster Middelhovenplein,14,,
