{
"type": "FeatureCollection",
"name": "Bunnik",
"crs": { "type": "name", "properties": { "name": "urn:ogc:def:crs:EPSG::28992" } },
"features": [
{ "type": "Feature", "properties": { "buurtcode": "BU03120000", "buurtnaam": "Bunnik", "pc6_codes": "3981AA, 3981AB, 3981AC, 3981AD, 3981AE, 3981AG, 3981AH, 3981AJ, 3981AK, 3981AL, 3981AM, 3981AP, 3981AR, 3981AS, 3981AV, 3981AW, 3981AX, 3981AZ, 3981BA, 3981BB, 3981BC, 3981BD, 3981BE, 3981BG, 3981BH, 3981BJ, 3981BK, 3981BL, 3981BM, 3981BN, 3981BP, 3981BR, 3981BS, 3981BT, 3981BV, 3981BW, 3981BX, 3981CA, 3981CB, 3981CC, 3981CD, 3981CE, 3981CG, 3981CH, 3981CJ, 3981CK, 3981CL, 3981CM, 3981CN, 3981CP, 3981CR, 3981CS, 3981CT, 3981CV, 3981CW, 3981CX, 3981CZ, 3981DA, 3981DB, 3981DC, 3981EA, 3981EB, 3981EC, 3981ED, 3981EE, 3981EG, 3981EH, 3981EJ, 3981EK, 3981EL, 3981EM, 3981EN, 3981EP, 3981ER, 3981ES, 3981ET, 3981EV, 3981EW, 3981EX, 3981EZ, 3981GA, 3981GB, 3981GC, 3981GD, 3981GE, 3981GG, 3981GH, 3981GJ, 3981GK, 3981GL, 3981GM, 3981GN, 3981GP, 3981GR, 3981GS, 3981GT, 3981GV, 3981GW, 3981GX, 3981GZ, 3981HC, 3981HJ, 3981HP, 3981HR, 3981HT, 3981HZ, 3981JA, 3981JC, 3981JD, 3981JE, 3981JG, 3981JJ, 3981KA, 3981KB, 3981KC, 3981KD, 3981KE, 3981KG, 3981KH, 3981KJ, 3981KK, 3981LA, 3981LB, 3981LC, 3981LD, 3981LE, 3981LG, 3981PA, 3981PB, 3981PC, 3981PD, 3981PE, 3981PH, 3981SB, 3981TA, 3981TB, 3981TC, 3981TD, 3981TE, 3981TG, 3981TH, 3981TJ, 3981TK, 3981TL, 3981TM, 3981TN, 3981TP, 3981TR, 3981TS, 3981TT, 3981TZ, 3981VA, 3981VB, 3981VC, 3981VD, 3981VE, 3981VG, 3981WB, 3981WC, 3981WD, 3981WE, 3981WG, 3981WH, 3981WJ, 3981WK, 3981WZ, 3981XA, 3981XB, 3981XC, 3981XD, 3981XE, 3981XG, 3981XH, 3981XJ, 3981XK, 3981XL, 3981XM, 3981XN, 3981XP, 3981XR, 3981ZB, 3981ZC, 3981ZD, 3981ZE, 3981ZG, 3981ZJ, 3981ZK, 3981ZL, 3981ZM, 3981ZN, 3981ZP, 3981ZR", "wijkcode": "WK031200", "gemeentecode": "GM0312", "gemeentenaam": "Bunnik", "oppervlakteLandInHa": 350, "AantalInwoners_5": 6965, "Mannen_6": 3395, "Vrouwen_7": 3565, "HuishoudensTotaal_29": 3040, "GemiddeldeHuishoudensgrootte_33": 2.3, "Woningvoorraad_35": 2978, "NieuwbouwWoningen_36": 3, "NietWoningvoorraad_37": 569, "NieuwbouwNietWoningen_38": 0, "GemiddeldeWOZWaardeVanWoningen_39": 526, "PercentageEengezinswoning_40": 78, "PercentageTussenwoningEengezins_41": 36, "PercentageHoekwoningEengezins_42": 19, "PercentageTweeOnderEenKapWoningEe_43": 18, "PercentageVrijstaandeWoningEengezins_44": 5, "PercentageMeergezinswoning_45": 22, "Koopwoningen_47": 72, "HuurwoningenTotaal_48": 28, "InBezitWoningcorporatie_49": 18, "InBezitOverigeVerhuurders_50": 10, "BouwjaarMeerDanTienJaarGeleden_51": 93, "BouwjaarAfgelopenTienJaar_52": 7, "GemiddeldeElektriciteitslevering_53": 2600, "GemiddeldeElektriciteitsteruglevering_54": 970, "GemiddeldAardgasverbruik_55": 950, "AardgasvrijeWoningen_57": 7, "Aardgaswoningen_58": 87, "WoningenMetZonnestroom_59": 49, "WoningenHoofdzElektrVerwarmd_60": 12, "k_20PersonenMetHoogsteInkomen_80": 33.2, "k_20HuishoudensMetHoogsteInkomen_85": 33.9, "MediaanVermogenVanParticuliereHuish_86": 425.1, "PersonenautoSTotaal_104": 3020, "PersonenautoSBrandstofBenzine_105": 2280, "PersonenautoSOverigeBrandstof_106": 745, "PersonenautoSPerHuishouden_107": 1.0, "Omgevingsadressendichtheid_121": 816, "AantalInstallatiesBijWoningen_5": 1223, "OpgesteldVermogenVanZonnepanelen_6": 4003, "installaties_per_woning": 0.41067830758898588, "vermogen_per_woning": 1.3441907320349227, "installaties_per_100_woningen": 41.067830758898587, "vermogen_per_huishouden": 1.3167763157894736, "batterijdruk_score": 475.3, "koop_zon_score": 0.3528, "eengezins_zon_score": 0.3822, "betaalkracht_zon_score": 208.299, "overige_brandstof_zon_score": 365.05, "lichte_batterij_kansscore": 0.43913935371103435 }, "geometry": { "type": "MultiPolygon", "coordinates": [ [ [ [ 141672.551, 454421.941 ], [ 141678.288, 454421.365 ], [ 141681.75099999998929, 454421.03000000002794 ], [ 141682.492, 454420.908999999985099 ], [ 141689.141, 454419.821 ], [ 141693.831, 454418.721000000019558 ], [ 141706.511, 454413.721000000019558 ], [ 141719.855000000010477, 454408.188000000023749 ], [ 141744.671, 454397.451 ], [ 141765.171, 454388.761 ], [ 141782.481, 454381.391 ], [ 141828.131, 454362.120999999984633 ], [ 141830.941, 454361.101000000024214 ], [ 141834.432, 454358.490999999979977 ], [ 141840.451, 454355.914999999979045 ], [ 141841.439000000013039, 454355.493000000016764 ], [ 141843.88, 454354.462999999988824 ], [ 141856.552, 454349.119 ], [ 141879.924999999988358, 454339.799 ], [ 141889.367, 454336.166000000026543 ], [ 141908.799999999988358, 454328.69 ], [ 141917.01, 454325.289999999979045 ], [ 141927.22, 454321.32 ], [ 141939.769999999989523, 454315.99 ], [ 141944.72, 454313.82 ], [ 141950.514, 454310.708999999973457 ], [ 141951.09, 454310.400000000023283 ], [ 141955.125, 454307.962 ], [ 141956.995, 454298.826 ], [ 141976.480000000010477, 454283.87 ], [ 141980.62, 454280.849999999976717 ], [ 141984.72, 454278.330000000016298 ], [ 141989.1, 454275.830000000016298 ], [ 141994.93, 454272.69 ], [ 142000.098999999987427, 454269.695 ], [ 142001.135, 454269.226000000024214 ], [ 142011.595, 454263.401000000012573 ], [ 142020.064000000013039, 454259.191999999980908 ], [ 142037.089, 454252.965000000025611 ], [ 142041.548, 454252.103 ], [ 142042.950000000011642, 454251.756 ], [ 142044.36799999998766, 454251.481000000028871 ], [ 142045.798, 454251.278999999980442 ], [ 142047.236, 454251.148999999975786 ], [ 142048.679, 454251.093 ], [ 142050.12400000001071, 454251.10999999998603 ], [ 142051.565, 454251.201 ], [ 142053.268000000010943, 454251.150000000023283 ], [ 142054.972, 454251.157 ], [ 142056.674999999988358, 454251.21999999997206 ], [ 142058.37400000001071, 454251.338999999978114 ], [ 142060.068999999988591, 454251.51500000001397 ], [ 142062.237, 454251.667000000015832 ], [ 142063.451, 454251.897999999986496 ], [ 142070.954999999987194, 454253.957 ], [ 142077.29, 454255.666000000026543 ], [ 142086.712, 454248.226000000024214 ], [ 142093.397999999986496, 454242.947999999974854 ], [ 142099.36799999998766, 454249.157 ], [ 142103.72, 454254.477000000013504 ], [ 142107.931000000011409, 454258.270000000018626 ], [ 142119.369, 454269.745999999984633 ], [ 142125.708000000013271, 454275.36099999997532 ], [ 142127.456, 454276.841000000014901 ], [ 142129.329, 454278.26500000001397 ], [ 142131.616, 454279.767 ], [ 142133.61799999998766, 454281.643999999971129 ], [ 142136.731999999989057, 454283.302000000025146 ], [ 142140.019, 454285.742000000027474 ], [ 142144.011999999987893, 454288.423 ], [ 142146.75700000001234, 454290.332 ], [ 142152.241, 454293.615 ], [ 142152.952, 454294.392 ], [ 142155.529, 454296.055999999982305 ], [ 142157.973, 454298.227000000013504 ], [ 142162.115, 454301.311999999976251 ], [ 142168.346, 454306.229999999981374 ], [ 142171.748, 454307.691 ], [ 142177.787000000011176, 454307.987000000022817 ], [ 142183.962999999988824, 454307.083999999973457 ], [ 142193.902, 454304.233 ], [ 142196.884, 454302.331 ], [ 142204.0, 454298.103 ], [ 142211.574, 454291.706 ], [ 142216.377, 454287.24800000002142 ], [ 142228.022, 454277.114 ], [ 142248.117, 454259.032 ], [ 142259.99900000001071, 454248.425999999977648 ], [ 142262.168, 454246.57 ], [ 142263.352000000013504, 454245.555999999982305 ], [ 142276.196, 454234.565 ], [ 142277.804, 454233.115 ], [ 142296.894999999989523, 454215.908999999985099 ], [ 142323.003, 454193.170999999972992 ], [ 142328.833000000013271, 454188.01 ], [ 142330.068999999988591, 454186.917000000015832 ], [ 142333.788, 454183.625 ], [ 142338.462999999988824, 454179.651000000012573 ], [ 142343.536, 454175.338999999978114 ], [ 142345.761999999987893, 454173.446 ], [ 142350.384, 454169.156000000017229 ], [ 142358.339, 454161.772 ], [ 142365.348999999987427, 454155.652 ], [ 142371.91, 454149.924 ], [ 142372.679, 454149.25199999997858 ], [ 142395.31, 454129.074000000022352 ], [ 142415.127, 454111.903999999980442 ], [ 142429.998, 454098.840000000025611 ], [ 142444.946999999985565, 454085.363000000012107 ], [ 142461.486, 454070.255 ], [ 142465.263, 454066.722 ], [ 142465.942000000010012, 454066.086000000010245 ], [ 142472.26500000001397, 454060.173 ], [ 142481.214, 454052.424999999988358 ], [ 142487.867, 454046.068000000028405 ], [ 142502.325000000011642, 454032.925999999977648 ], [ 142515.147, 454021.085000000020955 ], [ 142521.923, 454014.642999999981839 ], [ 142531.356999999989057, 454006.022 ], [ 142569.298, 453972.73599999997532 ], [ 142580.453, 453963.242000000027474 ], [ 142583.818999999988591, 453960.37699999997858 ], [ 142586.634, 453958.071 ], [ 142597.228, 453949.396 ], [ 142628.883, 453924.48599999997532 ], [ 142657.35, 453902.299 ], [ 142685.837, 453880.652 ], [ 142701.191, 453869.434 ], [ 142702.771, 453868.278999999980442 ], [ 142785.638, 453807.336000000010245 ], [ 142791.995, 453802.539999999979045 ], [ 142845.583000000013271, 453763.558000000019092 ], [ 142856.847, 453755.479 ], [ 142857.13200000001234, 453755.275000000023283 ], [ 142885.62400000001071, 453734.842 ], [ 142889.405999999988126, 453732.075000000011642 ], [ 142901.351, 453723.146 ], [ 142907.593, 453718.620999999984633 ], [ 142923.253999999986263, 453707.418 ], [ 142926.394999999989523, 453705.158999999985099 ], [ 142952.244, 453686.571999999985565 ], [ 142955.0, 453684.590000000025611 ], [ 142972.19, 453672.37 ], [ 142990.4, 453658.62 ], [ 143001.884, 453649.722 ], [ 143006.700000000011642, 453646.103 ], [ 143014.701, 453640.314000000013039 ], [ 143032.85, 453627.12599999998929 ], [ 143073.883, 453596.40500000002794 ], [ 143077.689000000013039, 453593.555 ], [ 143105.552, 453572.864 ], [ 143119.533, 453562.338999999978114 ], [ 143120.204, 453561.832999999984168 ], [ 143120.595, 453561.538999999989755 ], [ 143150.76, 453539.041000000026543 ], [ 143153.809, 453536.827999999979511 ], [ 143170.397999999986496, 453524.791000000026543 ], [ 143188.689000000013039, 453510.920999999972992 ], [ 143203.532, 453499.783999999985099 ], [ 143211.49, 453494.01 ], [ 143226.6, 453483.289999999979045 ], [ 143238.483, 453474.620999999984633 ], [ 143240.24, 453473.340000000025611 ], [ 143243.65, 453470.89000000001397 ], [ 143250.480000000010477, 453466.0 ], [ 143259.82, 453459.24 ], [ 143271.4, 453450.789999999979045 ], [ 143277.14000000001397, 453446.68 ], [ 143278.766, 453445.548 ], [ 143279.521, 453445.022999999986496 ], [ 143283.768000000010943, 453444.479 ], [ 143283.951, 453444.337 ], [ 143290.93, 453438.96999999997206 ], [ 143294.976, 453435.851000000024214 ], [ 143294.269, 453433.593999999982771 ], [ 143298.25, 453430.76 ], [ 143307.28, 453424.909999999974389 ], [ 143312.9, 453420.460000000020955 ], [ 143317.89000000001397, 453417.039999999979045 ], [ 143318.43, 453416.685999999986961 ], [ 143320.674999999988358, 453415.217 ], [ 143331.584, 453406.641 ], [ 143334.098, 453404.82 ], [ 143350.759, 453392.75 ], [ 143382.59, 453366.159999999974389 ], [ 143457.715999999985797, 453306.016 ], [ 143538.487, 453246.215000000025611 ], [ 143547.441, 453239.583999999973457 ], [ 143565.154, 453226.525000000023283 ], [ 143605.215, 453196.568000000028405 ], [ 143643.708000000013271, 453168.242000000027474 ], [ 143653.469000000011874, 453161.059 ], [ 143653.34, 453160.88 ], [ 143647.87599999998929, 453153.934 ], [ 143711.99299999998766, 453102.0 ], [ 143780.801, 453047.085000000020955 ], [ 143781.581, 453046.462 ], [ 143782.045000000012806, 453046.092 ], [ 143787.784000000014203, 453041.583999999973457 ], [ 143788.348, 453041.14000000001397 ], [ 143789.212999999988824, 453040.461000000010245 ], [ 143793.557, 453037.049999999988358 ], [ 143794.49, 453036.316999999980908 ], [ 143795.413999999989755, 453035.590000000025611 ], [ 143801.977000000013504, 453030.434 ], [ 143802.761999999987893, 453029.816999999980908 ], [ 143821.497, 453015.101000000024214 ], [ 143826.534000000014203, 453011.158999999985099 ], [ 143854.321, 452989.409999999974389 ], [ 143872.37, 452976.01500000001397 ], [ 143873.170000000012806, 452975.420999999972992 ], [ 143873.97, 452974.827 ], [ 143878.831, 452971.162000000011176 ], [ 143862.843, 452952.956 ], [ 143861.581, 452951.46999999997206 ], [ 143823.239, 452906.330000000016298 ], [ 143820.312, 452902.908 ], [ 143798.87, 452877.842 ], [ 143796.429, 452874.989 ], [ 143795.791999999986729, 452874.244 ], [ 143793.396, 452871.443000000028405 ], [ 143775.924999999988358, 452851.071999999985565 ], [ 143769.701, 452843.815 ], [ 143690.365, 452751.087 ], [ 143649.692000000010012, 452705.577 ], [ 143646.022, 452701.46999999997206 ], [ 143587.016, 452633.84499999997206 ], [ 143531.483, 452569.742000000027474 ], [ 143486.165, 452518.441 ], [ 143486.002, 452518.256999999983236 ], [ 143485.837, 452518.07 ], [ 143485.25700000001234, 452517.413 ], [ 143480.233, 452511.726000000024214 ], [ 143476.089, 452507.036000000021886 ], [ 143428.177, 452451.337999999988824 ], [ 143427.668, 452451.166000000026543 ], [ 143432.106, 452444.76 ], [ 143437.451, 452437.044 ], [ 143441.519, 452431.528 ], [ 143442.169, 452430.646 ], [ 143442.19, 452430.617000000027474 ], [ 143442.301, 452430.468 ], [ 143445.812, 452425.708999999973457 ], [ 143452.238000000012107, 452418.685999999986961 ], [ 143460.105000000010477, 452410.363000000012107 ], [ 143473.5712, 452396.9876 ], [ 143433.2175, 452352.251600000017788 ], [ 143432.9062, 452351.906399999978021 ], [ 142394.0624, 452533.1876 ], [ 141936.17180000001099, 452614.0001 ], [ 141617.04680000001099, 452677.5001 ], [ 141325.703, 452720.6876 ], [ 141259.0, 452721.093799999973271 ], [ 141258.796899999986636, 452728.8125 ], [ 141223.796899999986636, 453016.3125 ], [ 141148.9063, 453632.093799999973271 ], [ 141224.703, 453683.3126 ], [ 141122.546899999986636, 453881.3125 ], [ 141113.234399999986636, 453930.6875 ], [ 141113.1221, 453930.8517 ], [ 140901.6797, 454240.064000000013039 ], [ 140911.962, 454244.023999999975786 ], [ 140926.51, 454249.62599999998929 ], [ 140938.856, 454254.381 ], [ 140999.88, 454277.88 ], [ 141022.030999999988126, 454286.080000000016298 ], [ 141028.332, 454288.381 ], [ 141040.821, 454292.943000000028405 ], [ 141043.682, 454293.835000000020955 ], [ 141056.604, 454298.173 ], [ 141059.34, 454299.091000000014901 ], [ 141076.47, 454304.587 ], [ 141097.113000000012107, 454309.619 ], [ 141106.261999999987893, 454311.245 ], [ 141117.089, 454313.168 ], [ 141123.761999999987893, 454313.86099999997532 ], [ 141130.981, 454313.62 ], [ 141146.68, 454313.914999999979045 ], [ 141182.181000000011409, 454313.451 ], [ 141190.461000000010245, 454313.281000000017229 ], [ 141199.421, 454313.300999999977648 ], [ 141218.75099999998929, 454313.481000000028871 ], [ 141230.521, 454313.420999999972992 ], [ 141241.961000000010245, 454313.550999999977648 ], [ 141261.441, 454314.041000000026543 ], [ 141284.621000000013737, 454314.120999999984633 ], [ 141285.458000000013271, 454314.129000000015367 ], [ 141287.810999999986961, 454314.206 ], [ 141290.159000000014203, 454314.363000000012107 ], [ 141292.50099999998929, 454314.598999999987427 ], [ 141294.833000000013271, 454314.914999999979045 ], [ 141297.154, 454315.31 ], [ 141299.459, 454315.783999999985099 ], [ 141301.35999999998603, 454316.243000000016764 ], [ 141301.747, 454316.336000000010245 ], [ 141304.016, 454316.965000000025611 ], [ 141306.261, 454317.670999999972992 ], [ 141317.701, 454322.531000000017229 ], [ 141318.173, 454322.74900000001071 ], [ 141324.244, 454325.38900000002468 ], [ 141374.014, 454347.034999999974389 ], [ 141384.321999999985565, 454351.506999999983236 ], [ 141387.75099999998929, 454352.056999999971595 ], [ 141405.29, 454354.386 ], [ 141418.927, 454356.022999999986496 ], [ 141433.437, 454357.574000000022352 ], [ 141448.141, 454358.944000000017695 ], [ 141454.486, 454359.447999999974854 ], [ 141457.171, 454359.661000000021886 ], [ 141462.856, 454360.113000000012107 ], [ 141489.57, 454361.722 ], [ 141494.791, 454362.36099999997532 ], [ 141497.62400000001071, 454362.723999999987427 ], [ 141510.502, 454364.332999999984168 ], [ 141515.41, 454365.284999999974389 ], [ 141524.971, 454367.911000000021886 ], [ 141527.590999999985797, 454368.781000000017229 ], [ 141536.574, 454372.51 ], [ 141538.166999999986729, 454373.207 ], [ 141545.741, 454376.517999999981839 ], [ 141553.924, 454380.09499999997206 ], [ 141571.371000000013737, 454387.341000000014901 ], [ 141590.981, 454396.00099999998929 ], [ 141595.958000000013271, 454398.300999999977648 ], [ 141604.237, 454402.12599999998929 ], [ 141610.590999999985797, 454405.060999999986961 ], [ 141639.421, 454418.61099999997532 ], [ 141662.141, 454422.141 ], [ 141672.551, 454421.941 ] ] ] ] } },
{ "type": "Feature", "properties": { "buurtcode": "BU03120001", "buurtnaam": "Vechten", "pc6_codes": "3981AM, 3981AN, 3981AS, 3981AT, 3981HA, 3981HB, 3981HD, 3981HH, 3981HL", "wijkcode": "WK031200", "gemeentecode": "GM0312", "gemeentenaam": "Bunnik", "oppervlakteLandInHa": 60, "AantalInwoners_5": 145, "Mannen_6": 65, "Vrouwen_7": 80, "HuishoudensTotaal_29": 80, "GemiddeldeHuishoudensgrootte_33": 1.8, "Woningvoorraad_35": 68, "NieuwbouwWoningen_36": 0, "NietWoningvoorraad_37": 4, "NieuwbouwNietWoningen_38": 0, "GemiddeldeWOZWaardeVanWoningen_39": 608, "PercentageEengezinswoning_40": 81, "PercentageTussenwoningEengezins_41": 4, "PercentageHoekwoningEengezins_42": 6, "PercentageTweeOnderEenKapWoningEe_43": 32, "PercentageVrijstaandeWoningEengezins_44": 38, "PercentageMeergezinswoning_45": 19, "Koopwoningen_47": 71, "HuurwoningenTotaal_48": 29, "InBezitWoningcorporatie_49": 0, "InBezitOverigeVerhuurders_50": 29, "BouwjaarMeerDanTienJaarGeleden_51": 97, "BouwjaarAfgelopenTienJaar_52": 3, "GemiddeldeElektriciteitslevering_53": 3560, "GemiddeldeElektriciteitsteruglevering_54": 1080, "GemiddeldAardgasverbruik_55": 1550, "AardgasvrijeWoningen_57": null, "Aardgaswoningen_58": null, "WoningenMetZonnestroom_59": null, "WoningenHoofdzElektrVerwarmd_60": null, "k_20PersonenMetHoogsteInkomen_80": 33.1, "k_20HuishoudensMetHoogsteInkomen_85": null, "MediaanVermogenVanParticuliereHuish_86": null, "PersonenautoSTotaal_104": 120, "PersonenautoSBrandstofBenzine_105": 85, "PersonenautoSOverigeBrandstof_106": 35, "PersonenautoSPerHuishouden_107": 1.5, "Omgevingsadressendichtheid_121": 202, "AantalInstallatiesBijWoningen_5": 15, "OpgesteldVermogenVanZonnepanelen_6": 78, "installaties_per_woning": 0.22058823529411764, "vermogen_per_woning": 1.1470588235294117, "installaties_per_100_woningen": 22.058823529411764, "vermogen_per_huishouden": 0.975, "batterijdruk_score": null, "koop_zon_score": null, "eengezins_zon_score": null, "betaalkracht_zon_score": null, "overige_brandstof_zon_score": null, "lichte_batterij_kansscore": null }, "geometry": { "type": "MultiPolygon", "coordinates": [ [ [ [ 139585.4062, 453195.3126 ], [ 139657.0938, 453139.5001 ], [ 139857.9999, 453185.093899999978021 ], [ 139999.9999, 453210.3126 ], [ 140058.703, 453220.406399999978021 ], [ 140085.5155, 453188.0 ], [ 140074.328100000013364, 453030.8126 ], [ 141223.796899999986636, 453016.3125 ], [ 141258.796899999986636, 452728.8125 ], [ 141259.0, 452721.093799999973271 ], [ 140556.3749, 452724.8126 ], [ 139999.9999, 452759.093899999978021 ], [ 139976.0937, 452755.3126 ], [ 139866.48430000001099, 452760.8125 ], [ 139766.390600000013364, 452794.906299999973271 ], [ 139665.078, 452835.593799999973271 ], [ 139565.078100000013364, 452875.1875 ], [ 139465.7813, 452919.906299999973271 ], [ 139363.203100000013364, 452967.593799999973271 ], [ 139344.481300000014016, 452977.030299999983981 ], [ 139350.477000000013504, 452983.598 ], [ 139354.085, 452987.49800000002142 ], [ 139355.791999999986729, 452989.343999999982771 ], [ 139354.351, 452990.041000000026543 ], [ 139333.191, 453000.0 ], [ 139325.695, 453003.68 ], [ 139303.51, 453014.292000000015832 ], [ 139304.237, 453016.34499999997206 ], [ 139305.522999999986496, 453019.976000000024214 ], [ 139308.566, 453028.15500000002794 ], [ 139311.182999999989988, 453035.543 ], [ 139314.670000000012806, 453045.631 ], [ 139317.537000000011176, 453054.03000000002794 ], [ 139318.193, 453055.695 ], [ 139318.346, 453056.083999999973457 ], [ 139320.85999999998603, 453062.897999999986496 ], [ 139338.323, 453110.332999999984168 ], [ 139350.810999999986961, 453143.911000000021886 ], [ 139357.201, 453160.800999999977648 ], [ 139359.221, 453165.781000000017229 ], [ 139359.801, 453167.261 ], [ 139360.231, 453169.271 ], [ 139360.53, 453171.020000000018626 ], [ 139361.66, 453173.75 ], [ 139371.35, 453200.26 ], [ 139378.9638, 453221.415900000021793 ], [ 139585.4062, 453195.3126 ] ] ] ] } },
{ "type": "Feature", "properties": { "buurtcode": "BU03120008", "buurtnaam": "Verspreide huizen in het noorden", "pc6_codes": "3981HD, 3981HH, 3981HS", "wijkcode": "WK031200", "gemeentecode": "GM0312", "gemeentenaam": "Bunnik", "oppervlakteLandInHa": 228, "AantalInwoners_5": 55, "Mannen_6": 20, "Vrouwen_7": 25, "HuishoudensTotaal_29": 35, "GemiddeldeHuishoudensgrootte_33": 1.5, "Woningvoorraad_35": 26, "NieuwbouwWoningen_36": 0, "NietWoningvoorraad_37": 18, "NieuwbouwNietWoningen_38": 0, "GemiddeldeWOZWaardeVanWoningen_39": 584, "PercentageEengezinswoning_40": 81, "PercentageTussenwoningEengezins_41": 4, "PercentageHoekwoningEengezins_42": 4, "PercentageTweeOnderEenKapWoningEe_43": 8, "PercentageVrijstaandeWoningEengezins_44": 65, "PercentageMeergezinswoning_45": 19, "Koopwoningen_47": 19, "HuurwoningenTotaal_48": 81, "InBezitWoningcorporatie_49": 0, "InBezitOverigeVerhuurders_50": 81, "BouwjaarMeerDanTienJaarGeleden_51": 100, "BouwjaarAfgelopenTienJaar_52": 0, "GemiddeldeElektriciteitslevering_53": 3730, "GemiddeldeElektriciteitsteruglevering_54": 810, "GemiddeldAardgasverbruik_55": 1550, "AardgasvrijeWoningen_57": null, "Aardgaswoningen_58": null, "WoningenMetZonnestroom_59": null, "WoningenHoofdzElektrVerwarmd_60": null, "k_20PersonenMetHoogsteInkomen_80": null, "k_20HuishoudensMetHoogsteInkomen_85": null, "MediaanVermogenVanParticuliereHuish_86": null, "PersonenautoSTotaal_104": 45, "PersonenautoSBrandstofBenzine_105": 25, "PersonenautoSOverigeBrandstof_106": 15, "PersonenautoSPerHuishouden_107": null, "Omgevingsadressendichtheid_121": 239, "AantalInstallatiesBijWoningen_5": 0, "OpgesteldVermogenVanZonnepanelen_6": 0, "installaties_per_woning": 0.0, "vermogen_per_woning": 0.0, "installaties_per_100_woningen": 0.0, "vermogen_per_huishouden": 0.0, "batterijdruk_score": null, "koop_zon_score": null, "eengezins_zon_score": null, "betaalkracht_zon_score": null, "overige_brandstof_zon_score": null, "lichte_batterij_kansscore": null }, "geometry": { "type": "MultiPolygon", "coordinates": [ [ [ [ 139476.503999999986263, 454721.287000000011176 ], [ 139477.419, 454720.168 ], [ 139479.35, 454717.702 ], [ 139481.76500000001397, 454714.854999999981374 ], [ 139482.908, 454713.559 ], [ 139484.992, 454710.711000000010245 ], [ 139487.356, 454707.661000000021886 ], [ 139488.907, 454705.754000000015367 ], [ 139490.991, 454703.033999999985099 ], [ 139493.304, 454700.288 ], [ 139495.057, 454698.050999999977648 ], [ 139496.709, 454695.967 ], [ 139498.946, 454693.297000000020489 ], [ 139500.700000000011642, 454691.01 ], [ 139504.919, 454685.848999999987427 ], [ 139506.393000000010943, 454684.146 ], [ 139507.231999999989057, 454682.696999999985565 ], [ 139509.24900000001071, 454680.44 ], [ 139512.728, 454675.556999999971595 ], [ 139513.328, 454674.303000000014435 ], [ 139513.527, 454673.886999999987893 ], [ 139518.896, 454662.661000000021886 ], [ 139521.647999999986496, 454656.867000000027474 ], [ 139523.343, 454652.416000000026543 ], [ 139525.179, 454647.468999999982771 ], [ 139526.521, 454643.087 ], [ 139535.087999999988824, 454646.428000000014435 ], [ 139535.233, 454646.037000000011176 ], [ 139535.472, 454645.392999999981839 ], [ 139535.666999999986729, 454644.867000000027474 ], [ 139539.481, 454633.593999999982771 ], [ 139539.682999999989988, 454632.878000000026077 ], [ 139542.522, 454622.830000000016298 ], [ 139542.981999999989057, 454621.201 ], [ 139548.498, 454595.053000000014435 ], [ 139550.35999999998603, 454587.23599999997532 ], [ 139551.147, 454583.935 ], [ 139551.096, 454584.011999999987893 ], [ 139554.788999999989755, 454567.349999999976717 ], [ 139557.369, 454557.121999999973923 ], [ 139561.431000000011409, 454544.927000000025146 ], [ 139567.491, 454532.347 ], [ 139571.746000000013737, 454525.592 ], [ 139576.473999999987427, 454519.310999999986961 ], [ 139589.223999999987427, 454505.521 ], [ 139602.247, 454492.871999999973923 ], [ 139615.619, 454479.043 ], [ 139622.019999999989523, 454472.902 ], [ 139627.766, 454467.477000000013504 ], [ 139635.837999999988824, 454460.63900000002468 ], [ 139648.258, 454451.191 ], [ 139663.11799999998766, 454441.598999999987427 ], [ 139699.642, 454419.577 ], [ 139717.366, 454408.805 ], [ 139740.223, 454395.693000000028405 ], [ 139761.532, 454383.481000000028871 ], [ 139771.011, 454377.775000000023283 ], [ 139773.12400000001071, 454376.539999999979045 ], [ 139798.189000000013039, 454361.913 ], [ 139818.731999999989057, 454348.767 ], [ 139857.566, 454320.09499999997206 ], [ 139895.04, 454293.11099999997532 ], [ 139898.419, 454289.99 ], [ 139915.163999999989755, 454302.212999999988824 ], [ 139961.29, 454338.080000000016298 ], [ 139999.717, 454364.99900000001071 ], [ 140097.921, 454432.268999999971129 ], [ 140107.785, 454438.712 ], [ 140131.14000000001397, 454454.452 ], [ 140156.75, 454470.795999999972992 ], [ 140170.147999999986496, 454479.354999999981374 ], [ 140196.483, 454496.31 ], [ 140202.286, 454500.0 ], [ 140220.528, 454510.848999999987427 ], [ 140284.12, 454500.0 ], [ 140350.443999999988591, 454488.534999999974389 ], [ 140352.497, 454486.026000000012573 ], [ 140354.821, 454483.185 ], [ 140355.171, 454482.756999999983236 ], [ 140382.347, 454449.538 ], [ 140405.670000000012806, 454462.365 ], [ 140587.128, 454441.604999999981374 ], [ 140669.679, 454432.059 ], [ 140734.098999999987427, 454424.804 ], [ 140746.745, 454423.38 ], [ 140747.189000000013039, 454423.330000000016298 ], [ 140758.99, 454407.745 ], [ 140762.861, 454403.141 ], [ 140785.221, 454373.031000000017229 ], [ 140798.674, 454355.017 ], [ 140802.46, 454349.963999999978114 ], [ 140891.230000000010477, 454232.691 ], [ 140901.323, 454239.843 ], [ 140901.581, 454240.026000000012573 ], [ 140901.6797, 454240.064000000013039 ], [ 141113.1221, 453930.8517 ], [ 141113.234399999986636, 453930.6875 ], [ 141122.546899999986636, 453881.3125 ], [ 141224.703, 453683.3126 ], [ 141148.9063, 453632.093799999973271 ], [ 141223.796899999986636, 453016.3125 ], [ 140074.328100000013364, 453030.8126 ], [ 140085.5155, 453188.0 ], [ 140058.703, 453220.406399999978021 ], [ 139999.9999, 453210.3126 ], [ 139857.9999, 453185.093899999978021 ], [ 139657.0938, 453139.5001 ], [ 139585.4062, 453195.3126 ], [ 139378.9638, 453221.415900000021793 ], [ 139379.39000000001397, 453222.599999999976717 ], [ 139380.75, 453226.12 ], [ 139381.59, 453228.549 ], [ 139381.66, 453228.75 ], [ 139382.404, 453230.886 ], [ 139382.458000000013271, 453231.042000000015832 ], [ 139383.021, 453232.659999999974389 ], [ 139383.953, 453235.336000000010245 ], [ 139384.121000000013737, 453235.830000000016298 ], [ 139385.833000000013271, 453240.867000000027474 ], [ 139386.829999999987194, 453243.695 ], [ 139383.386999999987893, 453245.424999999988358 ], [ 139376.579999999987194, 453248.53000000002794 ], [ 139368.168, 453252.309 ], [ 139360.212999999988824, 453255.965000000025611 ], [ 139353.737, 453258.995999999984633 ], [ 139349.988000000012107, 453260.901000000012573 ], [ 139345.318999999988591, 453263.614 ], [ 139342.69, 453265.272999999986496 ], [ 139340.953, 453266.506999999983236 ], [ 139337.377, 453269.099999999976717 ], [ 139334.61799999998766, 453271.13900000002468 ], [ 139331.347, 453273.73499999998603 ], [ 139326.21, 453277.968999999982771 ], [ 139323.807999999989988, 453279.808000000019092 ], [ 139307.245, 453293.494 ], [ 139292.68, 453304.881 ], [ 139283.38, 453312.009000000020023 ], [ 139278.98499999998603, 453315.461000000010245 ], [ 139275.355000000010477, 453318.511 ], [ 139273.693, 453319.99900000001071 ], [ 139268.397, 453324.994 ], [ 139263.077, 453329.963999999978114 ], [ 139259.494, 453333.472 ], [ 139253.942000000010012, 453338.847 ], [ 139247.748, 453345.208999999973457 ], [ 139241.477000000013504, 453351.596000000019558 ], [ 139239.633, 453353.615999999979977 ], [ 139234.872, 453358.590000000025611 ], [ 139229.62400000001071, 453364.093999999982771 ], [ 139227.14000000001397, 453366.771 ], [ 139224.041, 453370.232000000018161 ], [ 139220.454, 453374.425999999977648 ], [ 139217.559, 453377.73499999998603 ], [ 139214.355000000010477, 453381.678000000014435 ], [ 139212.997, 453383.294999999983702 ], [ 139209.945, 453387.212999999988824 ], [ 139206.714, 453391.408999999985099 ], [ 139204.402, 453394.901000000012573 ], [ 139201.065, 453399.656000000017229 ], [ 139197.676, 453404.663999999989755 ], [ 139195.519999999989523, 453407.75 ], [ 139192.437, 453412.456 ], [ 139187.087999999988824, 453421.466000000014901 ], [ 139185.519999999989523, 453424.12400000001071 ], [ 139183.384, 453427.922000000020489 ], [ 139181.193, 453432.329000000027008 ], [ 139174.75099999998929, 453444.071 ], [ 139170.049999999988358, 453456.607000000018161 ], [ 139165.348999999987427, 453476.038 ], [ 139160.961000000010245, 453500.484 ], [ 139158.767, 453515.527 ], [ 139156.574, 453530.256999999983236 ], [ 139153.12599999998929, 453545.300999999977648 ], [ 139151.246000000013737, 453558.150000000023283 ], [ 139148.738000000012107, 453567.553000000014435 ], [ 139145.918, 453573.821 ], [ 139143.41, 453579.775000000023283 ], [ 139138.396, 453586.669999999983702 ], [ 139135.261999999987893, 453596.071999999985565 ], [ 139133.695, 453606.728 ], [ 139132.755, 453616.756999999983236 ], [ 139132.755, 453628.039999999979045 ], [ 139131.50099999998929, 453643.082999999984168 ], [ 139129.229, 453658.533 ], [ 139128.202, 453667.305999999982305 ], [ 139126.950000000011642, 453676.816999999980908 ], [ 139125.921, 453685.132999999972526 ], [ 139125.509, 453689.379000000015367 ], [ 139125.149, 453694.082999999984168 ], [ 139125.032, 453696.167000000015832 ], [ 139124.795000000012806, 453699.93 ], [ 139124.704, 453702.243000000016764 ], [ 139124.695, 453703.033 ], [ 139124.668, 453705.572999999974854 ], [ 139124.699, 453706.614 ], [ 139124.810999999986961, 453708.572999999974854 ], [ 139124.931000000011409, 453710.731000000028871 ], [ 139124.948, 453711.034999999974389 ], [ 139125.028, 453711.950000000011642 ], [ 139125.821999999985565, 453718.859 ], [ 139126.06, 453720.993000000016764 ], [ 139126.35, 453723.177000000025146 ], [ 139126.769999999989523, 453726.098 ], [ 139127.266, 453729.017999999981839 ], [ 139128.386999999987893, 453735.213999999978114 ], [ 139129.813, 453741.434 ], [ 139130.644, 453745.318000000028405 ], [ 139132.065, 453750.571999999985565 ], [ 139132.505, 453752.272999999986496 ], [ 139134.412000000011176, 453758.237000000022817 ], [ 139136.577, 453764.833999999973457 ], [ 139140.101, 453774.424 ], [ 139142.057999999989988, 453779.93 ], [ 139144.759, 453787.337999999988824 ], [ 139148.62, 453798.07 ], [ 139150.497, 453803.093 ], [ 139153.611, 453811.618000000016764 ], [ 139158.576, 453825.14000000001397 ], [ 139162.071999999985565, 453833.941999999980908 ], [ 139164.508, 453838.836000000010245 ], [ 139166.761, 453842.713999999978114 ], [ 139169.193999999988591, 453846.84499999997206 ], [ 139170.628, 453849.303000000014435 ], [ 139171.908, 453851.330000000016298 ], [ 139173.442000000010012, 453853.431999999971595 ], [ 139174.897999999986496, 453855.128000000026077 ], [ 139177.044, 453857.786000000021886 ], [ 139178.780999999988126, 453859.73499999998603 ], [ 139181.359, 453862.340000000025611 ], [ 139182.992, 453864.01 ], [ 139185.418, 453866.641 ], [ 139187.662000000011176, 453868.537000000011176 ], [ 139192.587, 453873.163999999989755 ], [ 139198.075000000011642, 453878.628000000026077 ], [ 139198.986, 453879.559 ], [ 139203.027, 453883.686999999976251 ], [ 139205.502, 453886.14000000001397 ], [ 139208.26, 453889.075000000011642 ], [ 139212.295000000012806, 453893.732000000018161 ], [ 139214.646, 453896.618000000016764 ], [ 139216.639, 453899.022999999986496 ], [ 139220.676, 453904.060999999986961 ], [ 139223.922, 453908.392 ], [ 139225.635, 453910.746999999973923 ], [ 139227.094000000011874, 453912.951 ], [ 139229.784000000014203, 453917.971000000019558 ], [ 139232.579999999987194, 453923.625 ], [ 139235.348999999987427, 453929.076 ], [ 139237.375, 453933.36099999997532 ], [ 139239.098999999987427, 453937.928000000014435 ], [ 139240.179, 453940.718 ], [ 139240.797, 453942.697999999974854 ], [ 139241.958000000013271, 453946.479 ], [ 139242.731999999989057, 453949.093 ], [ 139243.685999999986961, 453952.087 ], [ 139244.950000000011642, 453956.326 ], [ 139247.842, 453966.273999999975786 ], [ 139249.549, 453972.900000000023283 ], [ 139250.298, 453975.590000000025611 ], [ 139252.108, 453982.544999999983702 ], [ 139252.961000000010245, 453985.642 ], [ 139254.179, 453990.770000000018626 ], [ 139254.798, 453992.901000000012573 ], [ 139256.649, 453997.670999999972992 ], [ 139257.498, 453999.954000000027008 ], [ 139258.461000000010245, 454002.297000000020489 ], [ 139260.521, 454007.25199999997858 ], [ 139269.473999999987427, 454029.079000000027008 ], [ 139272.399, 454037.006999999983236 ], [ 139274.230000000010477, 454041.759000000020023 ], [ 139276.57, 454047.958999999973457 ], [ 139281.199, 454059.901000000012573 ], [ 139285.828, 454071.615 ], [ 139289.949, 454081.397999999986496 ], [ 139293.992, 454090.824000000022352 ], [ 139296.459, 454096.618000000016764 ], [ 139299.206, 454102.96999999997206 ], [ 139301.291999999986729, 454108.762999999977183 ], [ 139305.26, 454120.63 ], [ 139307.347, 454127.87300000002142 ], [ 139307.703, 454129.169 ], [ 139308.187, 454131.049 ], [ 139308.517, 454132.396 ], [ 139309.536, 454137.12300000002142 ], [ 139312.158, 454149.447999999974854 ], [ 139314.549999999988358, 454159.63900000002468 ], [ 139317.018000000010943, 454167.718999999982771 ], [ 139319.003, 454173.995999999984633 ], [ 139321.546, 454180.526000000012573 ], [ 139323.479, 454185.73499999998603 ], [ 139324.522, 454188.378000000026077 ], [ 139325.489, 454190.893999999971129 ], [ 139327.549, 454195.543 ], [ 139328.922, 454198.795999999972992 ], [ 139329.666, 454200.444000000017695 ], [ 139332.12599999998929, 454206.063000000023749 ], [ 139334.212, 454210.941 ], [ 139336.78, 454215.920999999972992 ], [ 139339.984, 454222.196999999985565 ], [ 139342.934, 454227.582999999984168 ], [ 139346.443, 454233.858 ], [ 139350.689000000013039, 454241.174999999988358 ], [ 139355.926, 454248.847 ], [ 139359.892, 454254.64000000001397 ], [ 139362.739, 454258.552000000025146 ], [ 139366.654, 454262.538999999989755 ], [ 139372.525, 454268.152 ], [ 139379.133, 454273.15500000002794 ], [ 139386.91, 454278.232000000018161 ], [ 139397.203, 454284.908999999985099 ], [ 139406.022999999986496, 454292.782 ], [ 139409.43, 454298.422000000020489 ], [ 139410.778, 454302.03000000002794 ], [ 139411.516, 454304.495 ], [ 139411.923, 454306.24900000001071 ], [ 139413.121000000013737, 454313.288 ], [ 139413.605000000010477, 454316.211000000010245 ], [ 139413.861, 454321.675999999977648 ], [ 139413.938, 454322.767999999981839 ], [ 139414.346, 454327.393999999971129 ], [ 139414.448, 454329.580000000016298 ], [ 139414.753999999986263, 454331.994 ], [ 139414.79, 454332.304 ], [ 139414.844000000011874, 454332.76500000001397 ], [ 139415.366, 454337.204000000027008 ], [ 139416.62, 454342.778999999980442 ], [ 139417.628, 454347.397999999986496 ], [ 139417.861, 454348.462 ], [ 139418.421, 454350.571 ], [ 139419.184, 454353.289999999979045 ], [ 139421.702, 454360.12599999998929 ], [ 139422.491, 454361.803000000014435 ], [ 139423.381, 454363.784999999974389 ], [ 139424.093, 454364.87699999997858 ], [ 139424.905999999988126, 454366.071 ], [ 139428.389, 454371.381 ], [ 139431.847, 454376.106000000028871 ], [ 139439.092, 454385.53000000002794 ], [ 139439.804, 454386.902 ], [ 139443.057999999989988, 454392.10999999998603 ], [ 139443.693999999988591, 454393.049999999988358 ], [ 139445.092, 454395.337 ], [ 139449.211000000010245, 454401.00199999997858 ], [ 139454.856999999989057, 454414.544999999983702 ], [ 139457.807999999989988, 454424.455000000016298 ], [ 139458.775, 454427.81 ], [ 139459.972, 454434.289999999979045 ], [ 139461.702, 454440.795999999972992 ], [ 139461.981999999989057, 454442.117000000027474 ], [ 139462.135, 454443.23499999998603 ], [ 139462.543, 454447.276000000012573 ], [ 139463.079, 454451.673 ], [ 139463.359, 454453.680999999982305 ], [ 139464.1, 454463.821999999985565 ], [ 139464.79, 454474.115 ], [ 139465.071, 454477.19 ], [ 139465.123, 454478.69 ], [ 139465.201, 454483.137999999977183 ], [ 139465.152, 454487.255 ], [ 139465.163, 454502.884000000020023 ], [ 139465.087, 454504.76500000001397 ], [ 139465.060999999986961, 454506.26500000001397 ], [ 139464.934, 454507.48499999998603 ], [ 139464.730000000010477, 454509.11099999997532 ], [ 139464.424999999988358, 454511.678000000014435 ], [ 139463.378999999986263, 454519.726000000024214 ], [ 139463.128, 454521.615999999979977 ], [ 139462.823, 454522.658 ], [ 139462.366, 454524.055999999982305 ], [ 139461.730000000010477, 454526.164999999979045 ], [ 139461.144999999989523, 454528.071999999985565 ], [ 139460.230000000010477, 454530.892999999981839 ], [ 139459.544, 454532.849999999976717 ], [ 139458.375, 454536.815 ], [ 139457.840999999985797, 454538.670999999972992 ], [ 139457.332, 454540.348 ], [ 139456.696999999985565, 454542.077 ], [ 139455.731, 454545.12699999997858 ], [ 139454.384, 454548.558000000019092 ], [ 139453.85, 454549.854999999981374 ], [ 139453.138, 454551.710000000020955 ], [ 139452.503, 454553.615999999979977 ], [ 139451.307999999989988, 454557.555999999982305 ], [ 139450.469000000011874, 454560.352000000013504 ], [ 139449.91, 454561.952999999979511 ], [ 139449.325000000011642, 454563.528999999980442 ], [ 139448.663999999989755, 454565.766 ], [ 139447.011999999987893, 454570.239 ], [ 139446.37599999998929, 454572.246999999973923 ], [ 139445.537000000011176, 454574.967 ], [ 139444.699, 454577.838999999978114 ], [ 139443.91, 454580.507999999972526 ], [ 139443.605000000010477, 454581.447999999974854 ], [ 139442.334, 454587.34499999997206 ], [ 139441.699, 454589.607000000018161 ], [ 139441.114, 454591.895000000018626 ], [ 139440.606, 454593.952999999979511 ], [ 139440.046, 454595.656000000017229 ], [ 139439.69, 454597.257999999972526 ], [ 139439.284000000014203, 454599.773999999975786 ], [ 139439.003999999986263, 454601.400000000023283 ], [ 139438.521, 454603.205000000016298 ], [ 139438.215999999985797, 454604.679 ], [ 139437.85999999998603, 454606.204000000027008 ], [ 139437.631, 454609.178000000014435 ], [ 139437.351, 454611.261999999987893 ], [ 139437.019999999989523, 454613.575000000011642 ], [ 139436.741, 454616.091000000014901 ], [ 139436.461000000010245, 454618.505 ], [ 139436.181000000011409, 454622.240999999979977 ], [ 139436.181000000011409, 454624.503000000026077 ], [ 139436.155, 454626.536000000021886 ], [ 139436.028, 454628.722 ], [ 139435.748, 454633.119 ], [ 139435.595, 454635.305 ], [ 139435.621000000013737, 454636.321 ], [ 139435.544, 454638.506999999983236 ], [ 139435.544, 454640.032 ], [ 139435.696, 454642.217 ], [ 139435.798, 454645.115 ], [ 139435.975, 454648.087999999988824 ], [ 139436.128, 454649.74 ], [ 139436.534000000014203, 454652.51 ], [ 139436.763, 454654.721000000019558 ], [ 139437.11799999998766, 454657.313000000023749 ], [ 139437.651000000012573, 454661.049 ], [ 139437.88, 454663.031000000017229 ], [ 139438.057999999989988, 454664.302000000025146 ], [ 139438.363000000012107, 454665.979 ], [ 139438.464, 454666.919 ], [ 139438.666999999986729, 454668.46999999997206 ], [ 139438.946999999985565, 454670.197999999974854 ], [ 139439.074, 454671.468 ], [ 139439.201, 454672.129000000015367 ], [ 139439.353, 454673.552000000025146 ], [ 139439.454999999987194, 454674.87400000001071 ], [ 139439.606999999989057, 454675.838999999978114 ], [ 139439.734, 454677.033999999985099 ], [ 139439.785, 454677.973999999987427 ], [ 139439.835, 454679.829000000027008 ], [ 139439.784000000014203, 454680.744 ], [ 139439.708000000013271, 454681.863000000012107 ], [ 139439.606, 454682.827999999979511 ], [ 139439.53, 454683.642 ], [ 139439.479, 454684.531000000017229 ], [ 139439.301, 454686.183000000019092 ], [ 139439.123, 454687.302000000025146 ], [ 139438.97, 454688.14000000001397 ], [ 139438.869, 454688.776000000012573 ], [ 139438.64000000001397, 454690.021 ], [ 139438.437, 454690.987000000022817 ], [ 139438.284000000014203, 454691.826 ], [ 139438.003999999986263, 454692.792000000015832 ], [ 139437.801, 454693.604999999981374 ], [ 139439.859, 454695.18 ], [ 139445.678000000014435, 454699.854 ], [ 139452.768000000010943, 454705.494 ], [ 139468.827, 454717.966000000014901 ], [ 139468.676, 454718.097 ], [ 139474.852000000013504, 454723.142999999981839 ], [ 139476.503999999986263, 454721.287000000011176 ] ] ] ] } },
{ "type": "Feature", "properties": { "buurtcode": "BU03120009", "buurtnaam": "Verspreide huizen in het zuiden", "pc6_codes": "3981AG, 3981AH, 3981HA, 3981HB, 3981HE, 3981HG, 3981HK, 3981HN, 3981HW, 3981HX", "wijkcode": "WK031200", "gemeentecode": "GM0312", "gemeentenaam": "Bunnik", "oppervlakteLandInHa": 681, "AantalInwoners_5": 190, "Mannen_6": 95, "Vrouwen_7": 90, "HuishoudensTotaal_29": 75, "GemiddeldeHuishoudensgrootte_33": 2.4, "Woningvoorraad_35": 56, "NieuwbouwWoningen_36": 0, "NietWoningvoorraad_37": 44, "NieuwbouwNietWoningen_38": 0, "GemiddeldeWOZWaardeVanWoningen_39": 579, "PercentageEengezinswoning_40": 98, "PercentageTussenwoningEengezins_41": 4, "PercentageHoekwoningEengezins_42": 2, "PercentageTweeOnderEenKapWoningEe_43": 11, "PercentageVrijstaandeWoningEengezins_44": 82, "PercentageMeergezinswoning_45": 2, "Koopwoningen_47": 84, "HuurwoningenTotaal_48": 16, "InBezitWoningcorporatie_49": 0, "InBezitOverigeVerhuurders_50": 16, "BouwjaarMeerDanTienJaarGeleden_51": 91, "BouwjaarAfgelopenTienJaar_52": 9, "GemiddeldeElektriciteitslevering_53": 4400, "GemiddeldeElektriciteitsteruglevering_54": 3280, "GemiddeldAardgasverbruik_55": 1460, "AardgasvrijeWoningen_57": null, "Aardgaswoningen_58": null, "WoningenMetZonnestroom_59": null, "WoningenHoofdzElektrVerwarmd_60": null, "k_20PersonenMetHoogsteInkomen_80": 23.8, "k_20HuishoudensMetHoogsteInkomen_85": null, "MediaanVermogenVanParticuliereHuish_86": null, "PersonenautoSTotaal_104": 140, "PersonenautoSBrandstofBenzine_105": 100, "PersonenautoSOverigeBrandstof_106": 40, "PersonenautoSPerHuishouden_107": 1.8, "Omgevingsadressendichtheid_121": 191, "AantalInstallatiesBijWoningen_5": 15, "OpgesteldVermogenVanZonnepanelen_6": 86, "installaties_per_woning": 0.26785714285714285, "vermogen_per_woning": 1.5357142857142858, "installaties_per_100_woningen": 26.785714285714285, "vermogen_per_huishouden": 1.1466666666666667, "batterijdruk_score": null, "koop_zon_score": null, "eengezins_zon_score": null, "betaalkracht_zon_score": null, "overige_brandstof_zon_score": null, "lichte_batterij_kansscore": null }, "geometry": { "type": "MultiPolygon", "coordinates": [ [ [ [ 139363.203100000013364, 452967.593799999973271 ], [ 139465.7813, 452919.906299999973271 ], [ 139565.078100000013364, 452875.1875 ], [ 139665.078, 452835.593799999973271 ], [ 139766.390600000013364, 452794.906299999973271 ], [ 139866.48430000001099, 452760.8125 ], [ 139976.0937, 452755.3126 ], [ 139999.9999, 452759.093899999978021 ], [ 140556.3749, 452724.8126 ], [ 141259.0, 452721.093799999973271 ], [ 141325.703, 452720.6876 ], [ 141617.04680000001099, 452677.5001 ], [ 141936.17180000001099, 452614.0001 ], [ 142394.0624, 452533.1876 ], [ 143432.9062, 452351.906399999978021 ], [ 143418.79680000001099, 452328.8126 ], [ 143634.29680000001099, 452151.093899999978021 ], [ 142245.6405, 450810.0001 ], [ 142018.359399999986636, 451092.906299999973271 ], [ 142258.85930000001099, 451224.0001 ], [ 142337.35930000001099, 451295.0001 ], [ 142367.2655, 451351.0 ], [ 142243.0624, 451363.5 ], [ 142114.359399999986636, 451408.406299999973271 ], [ 141950.8749, 451507.8126 ], [ 141796.984399999986636, 451426.1875 ], [ 141783.859399999986636, 451272.6876 ], [ 141779.765600000013364, 451109.906399999978021 ], [ 141743.953, 451031.593899999978021 ], [ 141663.54680000001099, 450960.5001 ], [ 141592.828100000013364, 450880.8126 ], [ 141570.015600000013364, 450760.8126 ], [ 141587.9063, 450583.906399999978021 ], [ 141571.720899999985704, 450542.790900000021793 ], [ 141542.475, 450547.60999999998603 ], [ 141500.810999999986961, 450556.772 ], [ 141480.633, 450562.058000000019092 ], [ 141480.369, 450561.093 ], [ 141453.384, 450568.505 ], [ 141436.416, 450573.164999999979045 ], [ 141434.581, 450573.669 ], [ 141430.098999999987427, 450575.604 ], [ 141401.41, 450587.994 ], [ 141394.851, 450590.792000000015832 ], [ 141383.155999999988126, 450596.200000000011642 ], [ 141372.574, 450601.038999999989755 ], [ 141359.411, 450607.169 ], [ 141337.538, 450617.183000000019092 ], [ 141328.424999999988358, 450621.424999999988358 ], [ 141321.287000000011176, 450624.712 ], [ 141312.958000000013271, 450628.566 ], [ 141307.236, 450631.15500000002794 ], [ 141303.616, 450632.862000000022817 ], [ 141298.176, 450635.599999999976717 ], [ 141293.446, 450638.281000000017229 ], [ 141278.104, 450646.635 ], [ 141282.457, 450653.086000000010245 ], [ 141284.157, 450655.604999999981374 ], [ 141284.415, 450655.987000000022817 ], [ 141285.916, 450658.211000000010245 ], [ 141287.517, 450660.582999999984168 ], [ 141287.737, 450661.042000000015832 ], [ 141288.407, 450662.206 ], [ 141289.279, 450663.716000000014901 ], [ 141290.701, 450666.175999999977648 ], [ 141291.68, 450667.685 ], [ 141286.059, 450670.262999999977183 ], [ 141282.019999999989523, 450672.115999999979977 ], [ 141259.259, 450681.561999999976251 ], [ 141234.097, 450692.408999999985099 ], [ 141188.596, 450711.783 ], [ 141184.219000000011874, 450713.646 ], [ 141170.674999999988358, 450719.413 ], [ 141157.085, 450725.300999999977648 ], [ 141147.549, 450729.433000000019092 ], [ 141102.377, 450748.728 ], [ 141028.535, 450780.270000000018626 ], [ 140999.81, 450792.695 ], [ 140893.24299999998766, 450838.043 ], [ 140815.88200000001234, 450870.363000000012107 ], [ 140731.761, 450904.11099999997532 ], [ 140712.318, 450911.892999999981839 ], [ 140710.028, 450881.447999999974854 ], [ 140708.835, 450867.856000000028871 ], [ 140707.766, 450858.643999999971129 ], [ 140706.085, 450846.096000000019558 ], [ 140705.658, 450842.908 ], [ 140705.409000000014203, 450841.052000000025146 ], [ 140705.202, 450839.207 ], [ 140669.611, 450838.881 ], [ 140646.113000000012107, 450838.517999999981839 ], [ 140624.623, 450838.278999999980442 ], [ 140602.166999999986729, 450838.016 ], [ 140574.858, 450837.585000000020955 ], [ 140547.627, 450837.178000000014435 ], [ 140516.203, 450836.37400000001071 ], [ 140490.952, 450835.810999999986961 ], [ 140463.796, 450835.099999999976717 ], [ 140458.241, 450835.041000000026543 ], [ 140455.241, 450835.007999999972526 ], [ 140435.472, 450834.797000000020489 ], [ 140404.174999999988358, 450834.526000000012573 ], [ 140368.408, 450834.033999999985099 ], [ 140330.0, 450834.104999999981374 ], [ 140299.212999999988824, 450834.163 ], [ 140262.862, 450833.849999999976717 ], [ 140229.509, 450833.455000000016298 ], [ 140206.747, 450833.168 ], [ 140181.625, 450833.063000000023749 ], [ 140149.846, 450832.767 ], [ 140130.794, 450832.700000000011642 ], [ 140108.769999999989523, 450832.487000000022817 ], [ 140087.557999999989988, 450832.044999999983702 ], [ 140057.671, 450831.523999999975786 ], [ 140055.957, 450831.494 ], [ 140054.006, 450831.299999999988358 ], [ 140049.682, 450830.870999999984633 ], [ 140032.535, 450831.005 ], [ 140017.345, 450830.906000000017229 ], [ 140000.372, 450830.951 ], [ 139972.655999999988126, 450830.672000000020489 ], [ 139959.065, 450830.608 ], [ 139947.912000000011176, 450830.482000000018161 ], [ 139937.725, 450830.402 ], [ 139934.473, 450830.26500000001397 ], [ 139930.438, 450829.689000000013039 ], [ 139926.517, 450829.362000000022817 ], [ 139911.401000000012573, 450829.076 ], [ 139886.935, 450828.631 ], [ 139864.248, 450828.305 ], [ 139828.783, 450827.656000000017229 ], [ 139800.532, 450827.12599999998929 ], [ 139787.187, 450826.938000000023749 ], [ 139778.074, 450827.37300000002142 ], [ 139771.038999999989755, 450827.338999999978114 ], [ 139752.26500000001397, 450827.273999999975786 ], [ 139728.691, 450827.027 ], [ 139697.139, 450826.919 ], [ 139669.295000000012806, 450826.615999999979977 ], [ 139627.733, 450826.148999999975786 ], [ 139602.938, 450825.832 ], [ 139579.21, 450825.51 ], [ 139552.916, 450825.277 ], [ 139529.391, 450825.005 ], [ 139506.272999999986496, 450824.806999999971595 ], [ 139484.018000000010943, 450824.528999999980442 ], [ 139474.085, 450824.371999999973923 ], [ 139473.719000000011874, 450824.362000000022817 ], [ 139473.394, 450824.354 ], [ 139469.919, 450824.26400000002468 ], [ 139469.244, 450824.19 ], [ 139467.681000000011409, 450824.020000000018626 ], [ 139464.377, 450823.756 ], [ 139463.346, 450826.26400000002468 ], [ 139462.598, 450828.085000000020955 ], [ 139461.267, 450831.326 ], [ 139433.049999999988358, 450897.26 ], [ 139413.208000000013271, 450945.669 ], [ 139413.121000000013737, 450945.88 ], [ 139412.865, 450946.50199999997858 ], [ 139390.658, 451000.483 ], [ 139388.177, 451006.512999999977183 ], [ 139362.932, 451067.696 ], [ 139359.323, 451076.456 ], [ 139343.725, 451114.319000000017695 ], [ 139341.115, 451120.65500000002794 ], [ 139301.157, 451218.211000000010245 ], [ 139299.839, 451221.412000000011176 ], [ 139301.282, 451221.052000000025146 ], [ 139301.141, 451221.397 ], [ 139279.022, 451269.309 ], [ 139278.62400000001071, 451267.863000000012107 ], [ 139275.783, 451274.347 ], [ 139252.388, 451331.136999999987893 ], [ 139230.5, 451384.455000000016298 ], [ 139229.07, 451387.914999999979045 ], [ 139226.528, 451394.202 ], [ 139217.473, 451416.202999999979511 ], [ 139210.6, 451433.24 ], [ 139202.916999999986729, 451452.148999999975786 ], [ 139203.935999999986961, 451466.433000000019092 ], [ 139204.125, 451475.392 ], [ 139203.49299999998766, 451488.675999999977648 ], [ 139203.022999999986496, 451491.048 ], [ 139202.153, 451493.604999999981374 ], [ 139201.913, 451494.310999999986961 ], [ 139200.511999999987893, 451497.174 ], [ 139198.4, 451498.974999999976717 ], [ 139198.065, 451499.292000000015832 ], [ 139191.775, 451505.238000000012107 ], [ 139190.541999999986729, 451506.637999999977183 ], [ 139188.309, 451508.756999999983236 ], [ 139178.674, 451516.420999999972992 ], [ 139174.869, 451519.098999999987427 ], [ 139154.991, 451568.342 ], [ 139152.557999999989988, 451574.37 ], [ 139150.991, 451573.854 ], [ 139103.104, 451690.550999999977648 ], [ 139052.954999999987194, 451814.26400000002468 ], [ 139040.392, 451845.064000000013039 ], [ 139009.348, 451921.174999999988358 ], [ 138989.727000000013504, 451968.489 ], [ 138975.973999999987427, 451999.87 ], [ 138967.439000000013039, 452018.147 ], [ 138961.446, 452030.982000000018161 ], [ 138948.739, 452058.196 ], [ 138943.321, 452068.552000000025146 ], [ 138939.286, 452076.26500000001397 ], [ 138940.208000000013271, 452076.715000000025611 ], [ 138956.065, 452084.447999999974854 ], [ 138956.15, 452084.49 ], [ 138999.99900000001071, 452107.607000000018161 ], [ 139021.074, 452118.473999999987427 ], [ 139024.285, 452120.077999999979511 ], [ 139027.408, 452121.707 ], [ 139028.449, 452122.216000000014901 ], [ 139033.201, 452122.650000000023283 ], [ 139037.571, 452123.085000000020955 ], [ 139038.409000000014203, 452123.136 ], [ 139038.79, 452123.340000000025611 ], [ 139039.171, 452123.593999999982771 ], [ 139039.527, 452123.950000000011642 ], [ 139039.78, 452124.408 ], [ 139040.059, 452125.017999999981839 ], [ 139040.185999999986961, 452125.348999999987427 ], [ 139040.287000000011176, 452125.756 ], [ 139040.388, 452126.365999999979977 ], [ 139040.489, 452126.900000000023283 ], [ 139040.538999999989755, 452127.536000000021886 ], [ 139040.564000000013039, 452128.09499999997206 ], [ 139040.614, 452128.476000000024214 ], [ 139041.75700000001234, 452129.113000000012107 ], [ 139043.763, 452130.180999999982305 ], [ 139045.718, 452131.25 ], [ 139047.852000000013504, 452132.294 ], [ 139049.782, 452133.311999999976251 ], [ 139051.636, 452134.278999999980442 ], [ 139054.63200000001234, 452135.908 ], [ 139070.631, 452144.204000000027008 ], [ 139080.383, 452149.34499999997206 ], [ 139081.957, 452150.276000000012573 ], [ 139084.066, 452151.523999999975786 ], [ 139085.715999999985797, 452152.5 ], [ 139125.661, 452174.767 ], [ 139144.377, 452185.150000000023283 ], [ 139156.871000000013737, 452192.121999999973923 ], [ 139168.907, 452198.941999999980908 ], [ 139182.112, 452206.245999999984633 ], [ 139196.079, 452213.957 ], [ 139214.439000000013039, 452224.262999999977183 ], [ 139228.609, 452232.101000000024214 ], [ 139238.106999999989057, 452237.369 ], [ 139263.883, 452251.523999999975786 ], [ 139263.878999999986263, 452251.552000000025146 ], [ 139263.856999999989057, 452251.721000000019558 ], [ 139260.662000000011176, 452281.574000000022352 ], [ 139255.294, 452331.895000000018626 ], [ 139252.886, 452349.25 ], [ 139251.418, 452359.827999999979511 ], [ 139251.193, 452361.449000000022352 ], [ 139249.237, 452375.550999999977648 ], [ 139248.346, 452382.282 ], [ 139246.85, 452393.576 ], [ 139246.367, 452397.851000000024214 ], [ 139244.296, 452416.18 ], [ 139241.842, 452445.135 ], [ 139239.769999999989523, 452466.851000000024214 ], [ 139238.086000000010245, 452485.007999999972526 ], [ 139236.369, 452500.141 ], [ 139233.61799999998766, 452533.554 ], [ 139233.609, 452533.629000000015367 ], [ 139232.287000000011176, 452550.474999999976717 ], [ 139231.772, 452554.488000000012107 ], [ 139230.246000000013737, 452569.809 ], [ 139227.723999999987427, 452594.022 ], [ 139224.636999999987893, 452627.358 ], [ 139222.97, 452646.618000000016764 ], [ 139221.0, 452665.419999999983702 ], [ 139219.337999999988824, 452683.408999999985099 ], [ 139217.893000000010943, 452697.332 ], [ 139217.421, 452701.753000000026077 ], [ 139216.579999999987194, 452709.629000000015367 ], [ 139215.188, 452722.867000000027474 ], [ 139213.159000000014203, 452744.132999999972526 ], [ 139212.108, 452754.195 ], [ 139209.742, 452777.417000000015832 ], [ 139208.766, 452788.063000000023749 ], [ 139207.269, 452802.063000000023749 ], [ 139206.246000000013737, 452811.51400000002468 ], [ 139206.244, 452812.093 ], [ 139206.23499999998603, 452814.869 ], [ 139206.378, 452817.462 ], [ 139206.804, 452819.191999999980908 ], [ 139207.003, 452820.615999999979977 ], [ 139207.684, 452821.913999999989755 ], [ 139208.26500000001397, 452823.085000000020955 ], [ 139208.643000000010943, 452823.746999999973923 ], [ 139209.022999999986496, 452824.308000000019092 ], [ 139209.401000000012573, 452824.944000000017695 ], [ 139210.465, 452825.99 ], [ 139210.521, 452826.059 ], [ 139213.904, 452830.25 ], [ 139231.69, 452848.76 ], [ 139248.63, 452867.75 ], [ 139269.215999999985797, 452890.396 ], [ 139281.79, 452904.13 ], [ 139284.375, 452907.234 ], [ 139289.184, 452912.637999999977183 ], [ 139294.778, 452918.731000000028871 ], [ 139302.32, 452927.168 ], [ 139308.699, 452934.28000000002794 ], [ 139309.201, 452936.086000000010245 ], [ 139309.784000000014203, 452938.272 ], [ 139310.113000000012107, 452938.669999999983702 ], [ 139312.443, 452941.493000000016764 ], [ 139321.534000000014203, 452951.766 ], [ 139322.837999999988824, 452953.276000000012573 ], [ 139325.468, 452956.32 ], [ 139328.049999999988358, 452959.201 ], [ 139329.15, 452960.400000000023283 ], [ 139333.829999999987194, 452965.450000000011642 ], [ 139335.011999999987893, 452966.670999999972992 ], [ 139335.062, 452966.722 ], [ 139336.934, 452968.863000000012107 ], [ 139337.39000000001397, 452969.349999999976717 ], [ 139340.655999999988126, 452972.840000000025611 ], [ 139344.481300000014016, 452977.030299999983981 ], [ 139363.203100000013364, 452967.593799999973271 ] ] ] ] } },
{ "type": "Feature", "properties": { "buurtcode": "BU03120100", "buurtnaam": "Odijk", "pc6_codes": "3984AA, 3984AB, 3984AC, 3984AD, 3984AE, 3984AG, 3984AH, 3984AJ, 3984AK, 3984AL, 3984AM, 3984AN, 3984AP, 3984AR, 3984AS, 3984AT, 3984AV, 3984AW, 3984AX, 3984BA, 3984BB, 3984BC, 3984BD, 3984BE, 3984BG, 3984BH, 3984BJ, 3984BK, 3984BL, 3984BM, 3984BN, 3984BP, 3984BR, 3984BS, 3984BT, 3984BV, 3984CA, 3984CB, 3984CC, 3984CD, 3984CE, 3984CG, 3984CH, 3984CJ, 3984CK, 3984CL, 3984CM, 3984CN, 3984CP, 3984CR, 3984CS, 3984CT, 3984JA, 3984JB, 3984JC, 3984JD, 3984JE, 3984JG, 3984JH, 3984JJ, 3984JK, 3984JL, 3984JM, 3984JN, 3984JP, 3984JR, 3984JS, 3984JT, 3984JV, 3984JW, 3984JX, 3984JZ, 3984KA, 3984KB, 3984KC, 3984KD, 3984KE, 3984KG, 3984KH, 3984KJ, 3984KK, 3984KL, 3984KM, 3984KN, 3984KP, 3984KR, 3984KS, 3984KT, 3984KV, 3984KW, 3984KX, 3984KZ, 3984LN, 3984LP, 3984MA, 3984MB, 3984MC, 3984MD, 3984ME, 3984MG, 3984MH, 3984MJ, 3984MK, 3984ML, 3984MN, 3984MR, 3984MS, 3984MX, 3984MZ, 3984NB, 3984NC, 3984NH, 3984NJ, 3984NK, 3984NL, 3984NM, 3984NN, 3984NP, 3984NR, 3984NS, 3984NT, 3984NV, 3984NW, 3984NX, 3984NZ, 3984PA, 3984PB, 3984PC, 3984PD, 3984PE, 3984PG, 3984PH, 3984PJ, 3984PK, 3984PL, 3984PM, 3984PN, 3984PP, 3984PR, 3984PS, 3984PZ, 3984SR, 3984ST", "wijkcode": "WK031201", "gemeentecode": "GM0312", "gemeentenaam": "Bunnik", "oppervlakteLandInHa": 121, "AantalInwoners_5": 5420, "Mannen_6": 2660, "Vrouwen_7": 2755, "HuishoudensTotaal_29": 2410, "GemiddeldeHuishoudensgrootte_33": 2.2, "Woningvoorraad_35": 2412, "NieuwbouwWoningen_36": 48, "NietWoningvoorraad_37": 242, "NieuwbouwNietWoningen_38": 1, "GemiddeldeWOZWaardeVanWoningen_39": 490, "PercentageEengezinswoning_40": 81, "PercentageTussenwoningEengezins_41": 44, "PercentageHoekwoningEengezins_42": 21, "PercentageTweeOnderEenKapWoningEe_43": 9, "PercentageVrijstaandeWoningEengezins_44": 7, "PercentageMeergezinswoning_45": 19, "Koopwoningen_47": 72, "HuurwoningenTotaal_48": 28, "InBezitWoningcorporatie_49": 18, "InBezitOverigeVerhuurders_50": 9, "BouwjaarMeerDanTienJaarGeleden_51": 93, "BouwjaarAfgelopenTienJaar_52": 7, "GemiddeldeElektriciteitslevering_53": 2700, "GemiddeldeElektriciteitsteruglevering_54": 1060, "GemiddeldAardgasverbruik_55": 810, "AardgasvrijeWoningen_57": 5, "Aardgaswoningen_58": 88, "WoningenMetZonnestroom_59": 50, "WoningenHoofdzElektrVerwarmd_60": 10, "k_20PersonenMetHoogsteInkomen_80": 26.1, "k_20HuishoudensMetHoogsteInkomen_85": 28.5, "MediaanVermogenVanParticuliereHuish_86": 354.4, "PersonenautoSTotaal_104": 2665, "PersonenautoSBrandstofBenzine_105": 2065, "PersonenautoSOverigeBrandstof_106": 595, "PersonenautoSPerHuishouden_107": 1.1, "Omgevingsadressendichtheid_121": 798, "AantalInstallatiesBijWoningen_5": 964, "OpgesteldVermogenVanZonnepanelen_6": 3601, "installaties_per_woning": 0.39966832504145938, "vermogen_per_woning": 1.4929519071310116, "installaties_per_100_woningen": 39.966832504145941, "vermogen_per_huishouden": 1.4941908713692946, "batterijdruk_score": 530.0, "koop_zon_score": 0.36, "eengezins_zon_score": 0.405, "betaalkracht_zon_score": 177.2, "overige_brandstof_zon_score": 297.5, "lichte_batterij_kansscore": 0.44709008670102629 }, "geometry": { "type": "MultiPolygon", "coordinates": [ [ [ [ 144718.6249, 452058.968899999978021 ], [ 144979.4687, 452070.0625 ], [ 145023.8749, 452034.0001 ], [ 145071.04680000001099, 451947.968899999978021 ], [ 145126.54680000001099, 451881.3751 ], [ 145168.17180000001099, 451817.5626 ], [ 145195.921899999986636, 451745.406399999978021 ], [ 145210.2813, 451728.156399999978021 ], [ 145196.0, 451619.593899999978021 ], [ 145162.921899999986636, 451366.0001 ], [ 145125.0155, 451295.3126 ], [ 144947.0155, 451185.1876 ], [ 144861.10930000001099, 451135.0001 ], [ 144853.271799999987707, 451136.091000000014901 ], [ 144785.2177, 451062.285800000012387 ], [ 144750.2243, 450986.831200000015087 ], [ 144690.079300000012154, 450885.131500000017695 ], [ 144661.6472, 450777.963999999978114 ], [ 144683.518099999986589, 450699.228899999987334 ], [ 144720.6987, 450606.277500000025611 ], [ 144765.067000000010012, 450543.011400000017602 ], [ 144286.796899999986636, 450884.6875 ], [ 144237.70319999998901, 450952.906299999973271 ], [ 144245.5937, 450985.093799999973271 ], [ 144242.900499999988824, 450986.843 ], [ 144236.4999, 450991.0001 ], [ 144148.796899999986636, 450964.906299999973271 ], [ 144100.0938, 451331.8125 ], [ 143998.171899999986636, 451635.25 ], [ 143974.953, 451637.1876 ], [ 143911.125, 451728.75 ], [ 143811.234399999986636, 451878.593799999973271 ], [ 143980.4999, 451964.6251 ], [ 144097.04680000001099, 451967.406399999978021 ], [ 144130.3437, 451920.218899999978021 ], [ 144191.3905, 451956.281399999978021 ], [ 144219.1405, 451989.593899999978021 ], [ 144241.3437, 452031.218899999978021 ], [ 144266.3124, 452061.7501 ], [ 144294.0624, 452075.6251 ], [ 144341.23430000001099, 452081.156399999978021 ], [ 144360.6562, 452081.156399999978021 ], [ 144599.3124, 452081.156399999978021 ], [ 144718.6249, 452058.968899999978021 ] ] ] ] } },
{ "type": "Feature", "properties": { "buurtcode": "BU03120109", "buurtnaam": "Verspreide huizen van Odijk", "pc6_codes": "3981HN, 3984LD, 3984LE, 3984LG, 3984LH, 3984LJ, 3984LK, 3984LL, 3984LM, 3984LR, 3984LS, 3984NC, 3984NG, 3984NK, 3984NZ, 3984RA, 3984RB, 3984RC, 3984RD, 3984RE, 3984RG, 3984RH, 3984RJ, 3984SR, 3985LB", "wijkcode": "WK031201", "gemeentecode": "GM0312", "gemeentenaam": "Bunnik", "oppervlakteLandInHa": 591, "AantalInwoners_5": 705, "Mannen_6": 375, "Vrouwen_7": 330, "HuishoudensTotaal_29": 245, "GemiddeldeHuishoudensgrootte_33": 2.9, "Woningvoorraad_35": 225, "NieuwbouwWoningen_36": 1, "NietWoningvoorraad_37": 32, "NieuwbouwNietWoningen_38": 1, "GemiddeldeWOZWaardeVanWoningen_39": 693, "PercentageEengezinswoning_40": 96, "PercentageTussenwoningEengezins_41": 18, "PercentageHoekwoningEengezins_42": 13, "PercentageTweeOnderEenKapWoningEe_43": 26, "PercentageVrijstaandeWoningEengezins_44": 39, "PercentageMeergezinswoning_45": 4, "Koopwoningen_47": 91, "HuurwoningenTotaal_48": 7, "InBezitWoningcorporatie_49": 0, "InBezitOverigeVerhuurders_50": 7, "BouwjaarMeerDanTienJaarGeleden_51": 35, "BouwjaarAfgelopenTienJaar_52": 65, "GemiddeldeElektriciteitslevering_53": 3880, "GemiddeldeElektriciteitsteruglevering_54": 2600, "GemiddeldAardgasverbruik_55": 960, "AardgasvrijeWoningen_57": 12, "Aardgaswoningen_58": 81, "WoningenMetZonnestroom_59": 83, "WoningenHoofdzElektrVerwarmd_60": 16, "k_20PersonenMetHoogsteInkomen_80": 41.7, "k_20HuishoudensMetHoogsteInkomen_85": 59.8, "MediaanVermogenVanParticuliereHuish_86": 446.5, "PersonenautoSTotaal_104": 295, "PersonenautoSBrandstofBenzine_105": 220, "PersonenautoSOverigeBrandstof_106": 75, "PersonenautoSPerHuishouden_107": 1.2, "Omgevingsadressendichtheid_121": 419, "AantalInstallatiesBijWoningen_5": 149, "OpgesteldVermogenVanZonnepanelen_6": 684, "installaties_per_woning": 0.66222222222222227, "vermogen_per_woning": 3.04, "installaties_per_100_woningen": 66.222222222222229, "vermogen_per_huishouden": 2.7918367346938777, "batterijdruk_score": 2158.0, "koop_zon_score": 0.7553, "eengezins_zon_score": 0.7968, "betaalkracht_zon_score": 370.595, "overige_brandstof_zon_score": 62.25, "lichte_batterij_kansscore": 0.61635940983978033 }, "geometry": { "type": "MultiPolygon", "coordinates": [ [ [ [ 143473.606, 452396.952999999979511 ], [ 143513.941, 452392.786000000021886 ], [ 143519.85, 452391.74 ], [ 143521.64000000001397, 452391.960000000020955 ], [ 143584.15, 452385.57 ], [ 143667.21, 452376.419999999983702 ], [ 143710.65, 452372.10999999998603 ], [ 143734.230000000010477, 452369.229999999981374 ], [ 143761.22, 452366.099999999976717 ], [ 143794.97, 452362.710000000020955 ], [ 143834.07, 452359.159999999974389 ], [ 143874.68, 452356.43 ], [ 143915.10999999998603, 452353.18 ], [ 143976.64000000001397, 452348.669999999983702 ], [ 144030.96, 452344.31 ], [ 144051.170000000012806, 452342.789999999979045 ], [ 144068.74, 452341.580000000016298 ], [ 144109.1, 452338.35999999998603 ], [ 144153.670000000012806, 452335.03000000002794 ], [ 144226.6, 452329.32 ], [ 144319.200000000011642, 452322.099999999976717 ], [ 144391.35999999998603, 452316.32 ], [ 144480.68, 452309.57 ], [ 144535.57, 452305.63 ], [ 144537.700000000011642, 452305.618000000016764 ], [ 144539.603, 452303.211000000010245 ], [ 144541.475, 452305.51500000001397 ], [ 144550.736, 452304.961000000010245 ], [ 144578.038999999989755, 452302.32 ], [ 144613.22, 452299.82 ], [ 144636.329999999987194, 452298.020000000018626 ], [ 144661.469000000011874, 452296.174999999988358 ], [ 144676.4, 452295.01 ], [ 144716.805, 452291.767 ], [ 144721.01, 452291.43 ], [ 144739.26, 452290.28000000002794 ], [ 144780.59, 452287.76 ], [ 144818.85, 452285.150000000023283 ], [ 144853.829999999987194, 452283.150000000023283 ], [ 144862.451, 452282.566999999980908 ], [ 144888.85, 452280.78000000002794 ], [ 144923.87, 452278.76 ], [ 144956.14000000001397, 452276.590000000025611 ], [ 144983.19, 452274.549999999988358 ], [ 144990.420000000012806, 452273.564000000013039 ], [ 144995.131, 452269.898999999975786 ], [ 144998.218, 452273.632999999972526 ], [ 145027.772999999986496, 452272.049999999988358 ], [ 145037.10999999998603, 452271.549999999988358 ], [ 145056.60999999998603, 452270.14000000001397 ], [ 145072.87, 452268.849999999976717 ], [ 145083.88, 452267.919999999983702 ], [ 145097.89000000001397, 452266.900000000023283 ], [ 145111.63, 452265.82 ], [ 145119.79, 452265.28000000002794 ], [ 145124.578, 452264.996999999973923 ], [ 145127.44, 452264.770000000018626 ], [ 145129.63, 452264.62 ], [ 145138.09, 452263.75 ], [ 145160.26, 452262.28000000002794 ], [ 145171.18, 452261.5 ], [ 145175.59, 452261.020000000018626 ], [ 145178.41, 452260.93 ], [ 145180.738000000012107, 452260.62 ], [ 145183.6, 452260.24 ], [ 145185.94, 452260.06 ], [ 145202.32, 452259.039999999979045 ], [ 145215.46, 452258.020000000018626 ], [ 145229.10999999998603, 452256.94 ], [ 145243.87, 452255.799999999988358 ], [ 145259.53, 452254.57 ], [ 145267.480000000010477, 452253.96999999997206 ], [ 145276.35999999998603, 452253.13 ], [ 145283.62, 452252.590000000025611 ], [ 145287.87599999998929, 452252.272999999986496 ], [ 145305.14000000001397, 452274.99800000002142 ], [ 145318.045000000012806, 452291.98599999997532 ], [ 145324.805, 452288.707999999984168 ], [ 145333.64000000001397, 452283.427000000025146 ], [ 145333.896, 452283.273999999975786 ], [ 145338.491, 452280.960000000020955 ], [ 145358.388, 452270.939000000013039 ], [ 145380.101, 452260.004000000015367 ], [ 145383.133, 452258.603 ], [ 145386.109, 452257.228 ], [ 145388.897999999986496, 452255.94 ], [ 145389.76, 452256.729999999981374 ], [ 145390.51, 452257.51 ], [ 145394.65, 452261.46999999997206 ], [ 145396.24, 452263.24 ], [ 145398.22, 452265.099999999976717 ], [ 145399.96, 452266.78000000002794 ], [ 145401.85, 452268.49 ], [ 145403.65, 452270.080000000016298 ], [ 145405.6, 452271.49 ], [ 145407.549999999988358, 452272.960000000020955 ], [ 145408.859, 452273.852000000013504 ], [ 145413.587, 452269.803000000014435 ], [ 145404.74, 452263.407 ], [ 145396.229, 452256.731000000028871 ], [ 145390.998, 452251.386999999987893 ], [ 145383.82, 452242.772999999986496 ], [ 145401.639, 452229.337999999988824 ], [ 145428.369, 452209.781000000017229 ], [ 145453.74900000001071, 452187.400000000023283 ], [ 145469.726, 452171.386999999987893 ], [ 145469.839, 452171.270000000018626 ], [ 145472.35999999998603, 452168.642999999981839 ], [ 145475.699, 452165.164999999979045 ], [ 145479.782, 452160.912000000011176 ], [ 145480.332, 452160.338999999978114 ], [ 145507.282, 452132.267 ], [ 145517.799, 452121.004000000015367 ], [ 145534.397999999986496, 452102.838999999978114 ], [ 145558.065, 452074.891 ], [ 145573.911, 452052.267999999981839 ], [ 145577.872, 452046.613000000012107 ], [ 145596.413999999989755, 452018.446999999985565 ], [ 145608.027, 451999.923 ], [ 145615.128, 451986.755 ], [ 145623.711000000010245, 451969.958999999973457 ], [ 145631.4, 451954.055999999982305 ], [ 145640.340999999985797, 451935.473 ], [ 145644.158, 451926.00099999998929 ], [ 145645.885, 451921.713999999978114 ], [ 145656.25700000001234, 451892.409999999974389 ], [ 145666.986, 451862.927000000025146 ], [ 145673.602000000013504, 451843.093 ], [ 145676.106, 451831.365 ], [ 145678.38200000001234, 451818.694000000017695 ], [ 145679.601, 451810.571999999985565 ], [ 145680.00700000001234, 451807.080000000016298 ], [ 145679.845, 451799.445 ], [ 145679.845, 451795.973999999987427 ], [ 145679.845, 451793.087 ], [ 145681.96, 451772.232000000018161 ], [ 145683.655, 451745.396 ], [ 145704.377, 451747.579000000027008 ], [ 145703.082, 451744.517 ], [ 145699.432, 451737.479 ], [ 145697.685, 451733.718 ], [ 145694.307, 451726.441999999980908 ], [ 145684.875, 451706.13 ], [ 145683.587, 451702.886 ], [ 145681.094000000011874, 451701.705000000016298 ], [ 145679.218, 451700.816 ], [ 145687.688, 451687.862000000022817 ], [ 145692.47, 451676.900000000023283 ], [ 145692.5465, 451676.593999999982771 ], [ 145687.9062, 451676.8126 ], [ 145210.2813, 451728.156399999978021 ], [ 145195.921899999986636, 451745.406399999978021 ], [ 145168.17180000001099, 451817.5626 ], [ 145126.54680000001099, 451881.3751 ], [ 145071.04680000001099, 451947.968899999978021 ], [ 145023.8749, 452034.0001 ], [ 144979.4687, 452070.0625 ], [ 144718.6249, 452058.968899999978021 ], [ 144599.3124, 452081.156399999978021 ], [ 144360.6562, 452081.156399999978021 ], [ 144341.23430000001099, 452081.156399999978021 ], [ 144294.0624, 452075.6251 ], [ 144266.3124, 452061.7501 ], [ 144241.3437, 452031.218899999978021 ], [ 144219.1405, 451989.593899999978021 ], [ 144191.3905, 451956.281399999978021 ], [ 144130.3437, 451920.218899999978021 ], [ 144097.04680000001099, 451967.406399999978021 ], [ 143980.4999, 451964.6251 ], [ 143811.234399999986636, 451878.593799999973271 ], [ 143911.125, 451728.75 ], [ 143974.953, 451637.1876 ], [ 143998.171899999986636, 451635.25 ], [ 144100.0938, 451331.8125 ], [ 144148.796899999986636, 450964.906299999973271 ], [ 144236.4999, 450991.0001 ], [ 144242.900499999988824, 450986.843 ], [ 144245.5937, 450985.093799999973271 ], [ 144237.70319999998901, 450952.906299999973271 ], [ 144286.796899999986636, 450884.6875 ], [ 144765.067000000010012, 450543.011400000017602 ], [ 144834.10930000001099, 450493.6876 ], [ 144079.0937, 450000.0001 ], [ 143857.2499, 449888.593899999978021 ], [ 143875.546899999986636, 449820.6876 ], [ 143585.9062, 449660.593899999978021 ], [ 143534.8125, 449732.3125 ], [ 143135.1249, 449540.093899999978021 ], [ 142394.73430000001099, 449276.093899999978021 ], [ 142372.4375, 449324.3125 ], [ 142371.8298, 449324.1203 ], [ 142215.9698, 449274.841399999975692 ], [ 142214.769999999989523, 449280.44 ], [ 142213.473999999987427, 449283.538999999989755 ], [ 142211.416999999986729, 449288.457999999984168 ], [ 142209.78, 449292.62400000001071 ], [ 142207.782, 449297.784999999974389 ], [ 142205.823, 449303.172000000020489 ], [ 142203.121000000013737, 449310.604 ], [ 142198.347, 449321.563000000023749 ], [ 142195.796, 449327.418 ], [ 142182.477000000013504, 449355.21999999997206 ], [ 142174.332, 449373.147 ], [ 142173.188, 449375.663999999989755 ], [ 142158.871000000013737, 449407.961000000010245 ], [ 142151.313, 449425.913 ], [ 142147.25099999998929, 449435.563000000023749 ], [ 142137.761, 449456.371999999973923 ], [ 142132.767, 449467.859 ], [ 142130.076, 449474.047000000020489 ], [ 142124.31, 449487.304 ], [ 142118.816, 449498.625 ], [ 142117.775, 449500.707 ], [ 142116.318999999988591, 449503.619 ], [ 142114.50099999998929, 449506.102000000013504 ], [ 142112.592, 449508.707999999984168 ], [ 142109.163, 449513.142 ], [ 142099.791999999986729, 449525.53000000002794 ], [ 142088.602000000013504, 449539.738000000012107 ], [ 142082.63200000001234, 449546.798 ], [ 142079.596, 449550.38900000002468 ], [ 142059.657, 449572.887999999977183 ], [ 142048.997, 449583.777 ], [ 142037.934, 449594.657 ], [ 142031.352000000013504, 449600.843 ], [ 142027.902, 449604.086000000010245 ], [ 142021.378, 449610.218 ], [ 141999.913, 449631.582999999984168 ], [ 141993.788, 449637.956 ], [ 141990.538999999989755, 449641.547000000020489 ], [ 141982.834, 449649.658 ], [ 141972.128, 449660.86099999997532 ], [ 141965.032, 449668.081 ], [ 141956.169, 449677.691 ], [ 141950.68, 449683.65500000002794 ], [ 141943.223, 449691.757999999972526 ], [ 141934.509, 449701.218999999982771 ], [ 141924.426, 449712.298 ], [ 141914.566, 449722.903999999980442 ], [ 141902.24299999998766, 449736.597 ], [ 141898.806000000011409, 449740.892999999981839 ], [ 141896.76500000001397, 449743.444000000017695 ], [ 141887.185, 449754.243000000016764 ], [ 141882.177, 449759.403 ], [ 141876.25700000001234, 449765.93 ], [ 141870.034000000014203, 449772.76 ], [ 141866.745, 449776.272 ], [ 141864.722, 449778.68 ], [ 141862.293, 449781.563000000023749 ], [ 141857.435999999986961, 449787.331 ], [ 141845.321, 449801.664999999979045 ], [ 141841.443, 449805.821 ], [ 141836.965, 449801.701 ], [ 141830.074, 449795.407 ], [ 141822.394999999989523, 449788.302000000025146 ], [ 141817.700000000011642, 449783.96999999997206 ], [ 141805.76500000001397, 449772.974999999976717 ], [ 141798.035, 449765.667000000015832 ], [ 141791.677, 449759.50099999998929 ], [ 141787.786, 449755.592 ], [ 141784.352000000013504, 449752.064000000013039 ], [ 141777.766, 449745.085000000020955 ], [ 141774.358, 449741.38 ], [ 141770.086000000010245, 449736.887999999977183 ], [ 141766.246000000013737, 449732.700000000011642 ], [ 141762.584, 449728.637999999977183 ], [ 141759.227000000013504, 449724.983 ], [ 141755.946999999985565, 449721.43 ], [ 141748.392, 449713.004000000015367 ], [ 141743.230000000010477, 449707.343999999982771 ], [ 141738.525, 449702.091000000014901 ], [ 141734.786, 449697.724999999976717 ], [ 141729.521, 449691.836000000010245 ], [ 141724.764, 449686.278 ], [ 141719.475, 449680.238000000012107 ], [ 141711.489, 449670.947999999974854 ], [ 141706.274, 449664.62699999997858 ], [ 141700.37400000001071, 449657.672000000020489 ], [ 141695.590999999985797, 449651.961000000010245 ], [ 141689.003, 449643.864 ], [ 141679.312, 449631.65500000002794 ], [ 141669.536, 449619.466000000014901 ], [ 141668.4, 449618.049999999988358 ], [ 141660.057, 449607.465000000025611 ], [ 141639.873, 449581.815 ], [ 141636.465, 449585.210000000020955 ], [ 141636.343, 449585.310999999986961 ], [ 141632.385, 449588.598 ], [ 141632.054, 449588.87300000002142 ], [ 141631.57, 449589.275000000023283 ], [ 141631.459, 449589.367000000027474 ], [ 141623.577, 449598.591000000014901 ], [ 141613.178000000014435, 449611.038999999989755 ], [ 141585.247, 449644.939000000013039 ], [ 141573.479, 449659.479999999981374 ], [ 141564.459, 449670.846000000019558 ], [ 141549.496000000013737, 449690.694000000017695 ], [ 141546.098999999987427, 449694.971000000019558 ], [ 141536.87, 449707.628000000026077 ], [ 141532.655, 449713.156000000017229 ], [ 141530.158, 449717.00099999998929 ], [ 141527.121000000013737, 449720.977000000013504 ], [ 141521.009, 449729.559 ], [ 141516.825000000011642, 449736.37699999997858 ], [ 141514.258, 449740.12300000002142 ], [ 141512.32, 449743.306999999971595 ], [ 141507.177, 449750.837 ], [ 141500.445, 449761.481000000028871 ], [ 141498.518000000010943, 449764.01500000001397 ], [ 141496.030999999988126, 449768.246999999973923 ], [ 141492.795000000012806, 449773.357000000018161 ], [ 141490.459, 449777.571999999985565 ], [ 141483.628, 449788.326 ], [ 141481.272, 449792.672000000020489 ], [ 141476.288, 449800.311999999976251 ], [ 141472.983, 449806.25 ], [ 141460.00099999998929, 449827.457 ], [ 141458.034000000014203, 449831.061999999976251 ], [ 141456.742, 449833.12400000001071 ], [ 141456.146, 449834.076 ], [ 141454.689000000013039, 449837.079000000027008 ], [ 141448.537000000011176, 449847.452999999979511 ], [ 141439.952, 449864.694000000017695 ], [ 141437.386, 449869.38 ], [ 141430.139, 449886.028999999980442 ], [ 141428.043, 449890.395000000018626 ], [ 141423.651000000012573, 449900.537000000011176 ], [ 141421.617, 449907.234 ], [ 141418.723, 449914.772 ], [ 141415.711000000010245, 449924.743000000016764 ], [ 141414.253999999986263, 449928.697999999974854 ], [ 141411.193, 449939.689000000013039 ], [ 141410.106999999989057, 449944.304 ], [ 141407.753999999986263, 449952.983 ], [ 141406.369, 449959.299999999988358 ], [ 141406.051, 449962.162000000011176 ], [ 141405.706, 449963.005 ], [ 141405.022999999986496, 449964.674999999988358 ], [ 141404.556000000011409, 449968.809 ], [ 141403.958000000013271, 449971.302000000025146 ], [ 141404.04, 449973.063000000023749 ], [ 141403.022999999986496, 449977.488000000012107 ], [ 141401.354, 449990.960000000020955 ], [ 141400.706, 449993.753000000026077 ], [ 141400.1, 449999.87699999997858 ], [ 141399.866, 450007.631999999983236 ], [ 141399.35, 450019.340000000025611 ], [ 141399.616, 450027.044 ], [ 141410.769999999989523, 450072.833999999973457 ], [ 141412.554, 450083.109 ], [ 141416.017, 450099.761999999987893 ], [ 141419.12400000001071, 450112.727000000013504 ], [ 141420.113000000012107, 450116.848 ], [ 141423.915, 450129.816 ], [ 141428.12400000001071, 450141.543 ], [ 141431.65, 450150.587 ], [ 141436.294, 450161.006 ], [ 141443.584, 450176.40500000002794 ], [ 141446.50700000001234, 450182.670999999972992 ], [ 141450.557, 450191.352000000013504 ], [ 141451.950000000011642, 450194.338999999978114 ], [ 141452.62599999998929, 450195.653999999980442 ], [ 141452.853, 450196.097 ], [ 141456.064000000013039, 450202.349999999976717 ], [ 141456.089, 450202.398999999975786 ], [ 141460.293, 450210.587 ], [ 141460.553000000014435, 450211.093999999982771 ], [ 141460.796, 450211.572999999974854 ], [ 141461.677, 450213.313000000023749 ], [ 141463.152, 450216.223999999987427 ], [ 141469.427, 450228.614 ], [ 141470.181000000011409, 450230.074000000022352 ], [ 141473.782, 450237.047000000020489 ], [ 141473.799, 450237.080000000016298 ], [ 141475.582, 450240.533999999985099 ], [ 141475.764, 450240.886999999987893 ], [ 141476.446, 450242.207 ], [ 141480.959, 450249.988000000012107 ], [ 141482.386999999987893, 450252.354999999981374 ], [ 141486.38200000001234, 450258.976000000024214 ], [ 141486.859, 450259.767999999981839 ], [ 141496.861, 450275.452 ], [ 141508.331, 450292.468999999982771 ], [ 141516.048, 450304.205000000016298 ], [ 141526.303000000014435, 450319.651000000012573 ], [ 141526.32, 450319.677000000025146 ], [ 141536.722, 450335.961000000010245 ], [ 141543.598, 450347.601000000024214 ], [ 141549.135, 450358.071 ], [ 141552.209, 450364.259000000020023 ], [ 141555.608, 450372.457999999984168 ], [ 141555.655999999988126, 450372.592 ], [ 141558.328, 450380.055 ], [ 141561.991, 450391.821999999985565 ], [ 141563.791999999986729, 450398.619 ], [ 141566.097, 450407.898999999975786 ], [ 141567.432999999989988, 450414.473999999987427 ], [ 141568.782, 450421.613000000012107 ], [ 141569.693999999988591, 450426.98599999997532 ], [ 141571.168, 450438.254000000015367 ], [ 141572.396, 450450.202999999979511 ], [ 141573.646, 450463.311999999976251 ], [ 141575.391, 450483.956 ], [ 141575.511999999987893, 450485.804 ], [ 141576.327, 450498.174999999988358 ], [ 141577.035, 450513.446999999985565 ], [ 141577.443, 450541.848 ], [ 141571.720899999985704, 450542.790900000021793 ], [ 141587.9063, 450583.906399999978021 ], [ 141570.015600000013364, 450760.8126 ], [ 141592.828100000013364, 450880.8126 ], [ 141663.54680000001099, 450960.5001 ], [ 141743.953, 451031.593899999978021 ], [ 141779.765600000013364, 451109.906399999978021 ], [ 141783.859399999986636, 451272.6876 ], [ 141796.984399999986636, 451426.1875 ], [ 141950.8749, 451507.8126 ], [ 142114.359399999986636, 451408.406299999973271 ], [ 142243.0624, 451363.5 ], [ 142367.2655, 451351.0 ], [ 142337.35930000001099, 451295.0001 ], [ 142258.85930000001099, 451224.0001 ], [ 142018.359399999986636, 451092.906299999973271 ], [ 142245.6405, 450810.0001 ], [ 143634.29680000001099, 452151.093899999978021 ], [ 143418.79680000001099, 452328.8126 ], [ 143432.9062, 452351.906399999978021 ], [ 143433.2175, 452352.251600000017788 ], [ 143473.5712, 452396.9876 ], [ 143473.606, 452396.952999999979511 ] ] ] ] } },
{ "type": "Feature", "properties": { "buurtcode": "BU03120200", "buurtnaam": "Werkhoven", "pc6_codes": "3985AA, 3985AB, 3985AC, 3985AD, 3985AE, 3985AG, 3985AH, 3985AJ, 3985AK, 3985LA, 3985LB, 3985LM, 3985LN, 3985PA, 3985PB, 3985PC, 3985PD, 3985PE, 3985PG, 3985PH, 3985PJ, 3985PK, 3985PL, 3985PM, 3985PN, 3985PP, 3985RA, 3985RB, 3985RC, 3985RD, 3985RE, 3985RG, 3985RH, 3985RJ, 3985RK, 3985RL, 3985RM, 3985RN, 3985RP, 3985RR, 3985RS, 3985RT, 3985RV, 3985RW, 3985RX, 3985RZ, 3985SB, 3985SC, 3985SE, 3985SG, 3985SL, 3985SN, 3985SP, 3985SR, 3985SX", "wijkcode": "WK031202", "gemeentecode": "GM0312", "gemeentenaam": "Bunnik", "oppervlakteLandInHa": 61, "AantalInwoners_5": 2020, "Mannen_6": 1010, "Vrouwen_7": 1005, "HuishoudensTotaal_29": 840, "GemiddeldeHuishoudensgrootte_33": 2.4, "Woningvoorraad_35": 826, "NieuwbouwWoningen_36": 27, "NietWoningvoorraad_37": 45, "NieuwbouwNietWoningen_38": 1, "GemiddeldeWOZWaardeVanWoningen_39": 494, "PercentageEengezinswoning_40": 90, "PercentageTussenwoningEengezins_41": 36, "PercentageHoekwoningEengezins_42": 22, "PercentageTweeOnderEenKapWoningEe_43": 19, "PercentageVrijstaandeWoningEengezins_44": 13, "PercentageMeergezinswoning_45": 10, "Koopwoningen_47": 80, "HuurwoningenTotaal_48": 20, "InBezitWoningcorporatie_49": 12, "InBezitOverigeVerhuurders_50": 9, "BouwjaarMeerDanTienJaarGeleden_51": 93, "BouwjaarAfgelopenTienJaar_52": 7, "GemiddeldeElektriciteitslevering_53": 2920, "GemiddeldeElektriciteitsteruglevering_54": 1280, "GemiddeldAardgasverbruik_55": 930, "AardgasvrijeWoningen_57": 2, "Aardgaswoningen_58": 92, "WoningenMetZonnestroom_59": 52, "WoningenHoofdzElektrVerwarmd_60": 7, "k_20PersonenMetHoogsteInkomen_80": 23.5, "k_20HuishoudensMetHoogsteInkomen_85": 30.7, "MediaanVermogenVanParticuliereHuish_86": 384.3, "PersonenautoSTotaal_104": 985, "PersonenautoSBrandstofBenzine_105": 770, "PersonenautoSOverigeBrandstof_106": 215, "PersonenautoSPerHuishouden_107": 1.2, "Omgevingsadressendichtheid_121": 293, "AantalInstallatiesBijWoningen_5": 343, "OpgesteldVermogenVanZonnepanelen_6": 1384, "installaties_per_woning": 0.4152542372881356, "vermogen_per_woning": 1.6755447941888619, "installaties_per_100_woningen": 41.525423728813557, "vermogen_per_huishouden": 1.6476190476190475, "batterijdruk_score": 665.6, "koop_zon_score": 0.416, "eengezins_zon_score": 0.468, "betaalkracht_zon_score": 199.836, "overige_brandstof_zon_score": 111.8, "lichte_batterij_kansscore": 0.48473439671145896 }, "geometry": { "type": "MultiPolygon", "coordinates": [ [ [ [ 145183.29680000001099, 448707.406399999978021 ], [ 145526.42180000001099, 448767.6876 ], [ 145781.828, 448532.5001 ], [ 145490.42180000001099, 448386.593899999978021 ], [ 145349.0312, 448279.6876 ], [ 145260.92180000001099, 448171.593899999978021 ], [ 145172.515600000013364, 447965.6876 ], [ 145170.875, 447800.5001 ], [ 145220.5624, 447712.3126 ], [ 145288.6562, 447675.593899999978021 ], [ 145372.5624, 447659.3126 ], [ 145409.48430000001099, 447643.406299999973271 ], [ 145453.3749, 447616.1876 ], [ 145480.67180000001099, 447586.406399999978021 ], [ 145167.0937, 447400.406399999978021 ], [ 145003.984399999986636, 447730.406299999973271 ], [ 144978.3125, 447864.406299999973271 ], [ 145007.828, 448039.093799999973271 ], [ 145016.8437, 448056.593899999978021 ], [ 144865.828100000013364, 448351.875 ], [ 144804.171899999986636, 448354.218799999973271 ], [ 144749.625, 448377.9375 ], [ 144616.8438, 448510.718799999973271 ], [ 144825.5155, 448655.3751 ], [ 145126.6562, 448856.9376 ], [ 145183.29680000001099, 448707.406399999978021 ] ] ] ] } },
{ "type": "Feature", "properties": { "buurtcode": "BU03120209", "buurtnaam": "Verspreide huizen van Werkhoven", "pc6_codes": "3984NE, 3984NG, 3985LA, 3985LB, 3985LC, 3985LD, 3985LE, 3985LK, 3985LL, 3985LM, 3985LN, 3985LP, 3985MG, 3985MH, 3985MJ, 3985MK, 3985RC, 3985RE, 3985SE, 3985SG, 3985SH, 3985SJ, 3985SK, 3985SL, 3985SM", "wijkcode": "WK031202", "gemeentecode": "GM0312", "gemeentenaam": "Bunnik", "oppervlakteLandInHa": 1602, "AantalInwoners_5": 615, "Mannen_6": 315, "Vrouwen_7": 300, "HuishoudensTotaal_29": 225, "GemiddeldeHuishoudensgrootte_33": 2.7, "Woningvoorraad_35": 196, "NieuwbouwWoningen_36": 1, "NietWoningvoorraad_37": 58, "NieuwbouwNietWoningen_38": 2, "GemiddeldeWOZWaardeVanWoningen_39": 700, "PercentageEengezinswoning_40": 94, "PercentageTussenwoningEengezins_41": 15, "PercentageHoekwoningEengezins_42": 10, "PercentageTweeOnderEenKapWoningEe_43": 12, "PercentageVrijstaandeWoningEengezins_44": 57, "PercentageMeergezinswoning_45": 6, "Koopwoningen_47": 74, "HuurwoningenTotaal_48": 26, "InBezitWoningcorporatie_49": 0, "InBezitOverigeVerhuurders_50": 26, "BouwjaarMeerDanTienJaarGeleden_51": 70, "BouwjaarAfgelopenTienJaar_52": 30, "GemiddeldeElektriciteitslevering_53": 4120, "GemiddeldeElektriciteitsteruglevering_54": 3150, "GemiddeldAardgasverbruik_55": 1280, "AardgasvrijeWoningen_57": 5, "Aardgaswoningen_58": 76, "WoningenMetZonnestroom_59": 63, "WoningenHoofdzElektrVerwarmd_60": 14, "k_20PersonenMetHoogsteInkomen_80": 32.3, "k_20HuishoudensMetHoogsteInkomen_85": 47.2, "MediaanVermogenVanParticuliereHuish_86": 603.2, "PersonenautoSTotaal_104": 375, "PersonenautoSBrandstofBenzine_105": 265, "PersonenautoSOverigeBrandstof_106": 110, "PersonenautoSPerHuishouden_107": 1.7, "Omgevingsadressendichtheid_121": 168, "AantalInstallatiesBijWoningen_5": 44, "OpgesteldVermogenVanZonnepanelen_6": 292, "installaties_per_woning": 0.22448979591836735, "vermogen_per_woning": 1.489795918367347, "installaties_per_100_woningen": 22.448979591836736, "vermogen_per_huishouden": 1.2977777777777777, "batterijdruk_score": 1984.5, "koop_zon_score": 0.4662, "eengezins_zon_score": 0.5922, "betaalkracht_zon_score": 380.016, "overige_brandstof_zon_score": 69.3, "lichte_batterij_kansscore": 0.5548499819545254 }, "geometry": { "type": "MultiPolygon", "coordinates": [ [ [ [ 145692.5465, 451676.593999999982771 ], [ 145694.157, 451670.15500000002794 ], [ 145697.533, 451660.88 ], [ 145698.011, 451658.011999999987893 ], [ 145698.076, 451657.62 ], [ 145700.064000000013039, 451645.702999999979511 ], [ 145700.345, 451635.022999999986496 ], [ 145700.064000000013039, 451622.938000000023749 ], [ 145699.984, 451585.743000000016764 ], [ 145699.317000000010012, 451560.653 ], [ 145697.54, 451545.332999999984168 ], [ 145694.651000000012573, 451533.565 ], [ 145691.54, 451528.23599999997532 ], [ 145685.096, 451522.240999999979977 ], [ 145664.653, 451508.253000000026077 ], [ 145652.87599999998929, 451500.038 ], [ 145644.21, 451492.711000000010245 ], [ 145630.655999999988126, 451478.722 ], [ 145617.546, 451463.846000000019558 ], [ 145601.547, 451447.194000000017695 ], [ 145589.548, 451435.647999999986496 ], [ 145585.104, 451429.430999999982305 ], [ 145582.437, 451424.324000000022352 ], [ 145580.437, 451418.772999999986496 ], [ 145579.326, 451413.0 ], [ 145579.326, 451409.617000000027474 ], [ 145579.326, 451403.674999999988358 ], [ 145579.104, 451392.794999999983702 ], [ 145576.215999999985797, 451379.917000000015832 ], [ 145572.438, 451367.927000000025146 ], [ 145570.66, 451360.821999999985565 ], [ 145569.772, 451350.831 ], [ 145569.733, 451350.423 ], [ 145568.883, 451341.505 ], [ 145562.883, 451330.62599999998929 ], [ 145553.328, 451317.96999999997206 ], [ 145545.772999999986496, 451309.977000000013504 ], [ 145536.219000000011874, 451302.205000000016298 ], [ 145528.663999999989755, 451296.210000000020955 ], [ 145522.886, 451290.438000000023749 ], [ 145517.109, 451282.887999999977183 ], [ 145513.109, 451273.563000000023749 ], [ 145506.443, 451254.912000000011176 ], [ 145500.666, 451232.043 ], [ 145494.666, 451207.619 ], [ 145493.111, 451200.07 ], [ 145491.777, 451191.854999999981374 ], [ 145491.111, 451178.087999999988824 ], [ 145490.666, 451162.545999999972992 ], [ 145490.0, 451146.56 ], [ 145489.555, 451131.017 ], [ 145488.666999999986729, 451123.912000000011176 ], [ 145486.222, 451113.254000000015367 ], [ 145480.666999999986729, 451092.382999999972526 ], [ 145480.24, 451090.813000000023749 ], [ 145475.779, 451074.398999999975786 ], [ 145471.313, 451058.887999999977183 ], [ 145468.553000000014435, 451056.158 ], [ 145468.221, 451054.276000000012573 ], [ 145468.121000000013737, 451052.681999999971595 ], [ 145468.121000000013737, 451050.887999999977183 ], [ 145468.619, 451049.593 ], [ 145472.19, 451044.574000000022352 ], [ 145467.195, 451039.867000000027474 ], [ 145462.113000000012107, 451032.217 ], [ 145462.085, 451032.244 ], [ 145460.143000000010943, 451030.044999999983702 ], [ 145453.843, 451022.911000000021886 ], [ 145451.166999999986729, 451019.88 ], [ 145481.288999999989755, 450992.596000000019558 ], [ 145539.615, 450940.375 ], [ 145580.457, 450904.465000000025611 ], [ 145588.15, 450897.701 ], [ 145624.810999999986961, 450865.770000000018626 ], [ 145658.927, 450835.311999999976251 ], [ 145658.798, 450835.184 ], [ 145654.778, 450830.742000000027474 ], [ 145648.253, 450823.532 ], [ 145646.519999999989523, 450821.618000000016764 ], [ 145645.49299999998766, 450820.484 ], [ 145642.498, 450815.878000000026077 ], [ 145641.182, 450812.585000000020955 ], [ 145626.497, 450781.678000000014435 ], [ 145622.385, 450774.275000000023283 ], [ 145616.108, 450764.205000000016298 ], [ 145610.219000000011874, 450754.756 ], [ 145608.222, 450752.169 ], [ 145600.35, 450745.583999999973457 ], [ 145599.176, 450744.408 ], [ 145598.11799999998766, 450742.88 ], [ 145597.060999999986961, 450741.233 ], [ 145596.356, 450739.587 ], [ 145594.359, 450729.004000000015367 ], [ 145594.241, 450727.24 ], [ 145594.519999999989523, 450705.495 ], [ 145594.276000000012573, 450693.545999999972992 ], [ 145594.253999999986263, 450688.930999999982305 ], [ 145593.772999999986496, 450686.321 ], [ 145577.083000000013271, 450662.080000000016298 ], [ 145574.04, 450654.621999999973923 ], [ 145572.025, 450642.927000000025146 ], [ 145571.730000000010477, 450635.756999999983236 ], [ 145572.416999999986729, 450627.898999999975786 ], [ 145573.104, 450617.587 ], [ 145573.924, 450603.071 ], [ 145578.608, 450564.612000000022817 ], [ 145579.295000000012806, 450547.632999999972526 ], [ 145579.329999999987194, 450537.712999999988824 ], [ 145577.071999999985565, 450523.384000000020023 ], [ 145575.894, 450518.771 ], [ 145573.340999999985797, 450514.74800000002142 ], [ 145568.601, 450509.299 ], [ 145560.537000000011176, 450499.903999999980442 ], [ 145551.478, 450488.191 ], [ 145540.479, 450473.576 ], [ 145528.295000000012806, 450457.058000000019092 ], [ 145520.899, 450447.753000000026077 ], [ 145518.153, 450442.804 ], [ 145516.187, 450436.243000000016764 ], [ 145515.038, 450430.287000000011176 ], [ 145515.038, 450424.419999999983702 ], [ 145516.568999999988591, 450419.121999999973923 ], [ 145522.752, 450403.583999999973457 ], [ 145529.119, 450387.392 ], [ 145531.092, 450382.35999999998603 ], [ 145534.871000000013737, 450368.869 ], [ 145539.48499999998603, 450354.908 ], [ 145542.554, 450344.456 ], [ 145544.829999999987194, 450336.832999999984168 ], [ 145547.412000000011176, 450323.756999999983236 ], [ 145547.946999999985565, 450321.213999999978114 ], [ 145549.589, 450313.416000000026543 ], [ 145549.968, 450311.613000000012107 ], [ 145550.787000000011176, 450307.853 ], [ 145551.919, 450304.650000000023283 ], [ 145555.053000000014435, 450298.488000000012107 ], [ 145560.638, 450288.273999999975786 ], [ 145565.28, 450280.75199999997858 ], [ 145568.34, 450274.522999999986496 ], [ 145581.173, 450247.143999999971129 ], [ 145585.381, 450239.5 ], [ 145591.685999999986961, 450229.393999999971129 ], [ 145596.255, 450223.306999999971595 ], [ 145599.929, 450219.408999999985099 ], [ 145605.696999999985565, 450214.409999999974389 ], [ 145612.525, 450209.145000000018626 ], [ 145616.255, 450206.39000000001397 ], [ 145617.952, 450204.518999999971129 ], [ 145619.011, 450202.75099999998929 ], [ 145619.885, 450200.132999999972526 ], [ 145621.259, 450194.556999999971595 ], [ 145623.445, 450179.210000000020955 ], [ 145624.50700000001234, 450168.712 ], [ 145625.176, 450164.815 ], [ 145626.245, 450160.327 ], [ 145627.674999999988358, 450155.893999999971129 ], [ 145628.946999999985565, 450151.180999999982305 ], [ 145633.202, 450143.033999999985099 ], [ 145636.416999999986729, 450136.009000000020023 ], [ 145637.922, 450132.718 ], [ 145641.647, 450125.455000000016298 ], [ 145644.153, 450122.544 ], [ 145644.892, 450122.09499999997206 ], [ 145648.115, 450120.135 ], [ 145650.920000000012806, 450117.495999999984633 ], [ 145653.622, 450114.218 ], [ 145657.324, 450110.892 ], [ 145660.571999999985565, 450108.517999999981839 ], [ 145663.1, 450107.538 ], [ 145667.579, 450105.462 ], [ 145676.299999999988358, 450102.325000000011642 ], [ 145685.91, 450098.357000000018161 ], [ 145695.253999999986263, 450093.329000000027008 ], [ 145702.394999999989523, 450088.620999999984633 ], [ 145710.506, 450081.792000000015832 ], [ 145723.027, 450071.458999999973457 ], [ 145731.443999999988591, 450065.044 ], [ 145742.498, 450056.929 ], [ 145752.662000000011176, 450049.642999999981839 ], [ 145757.424999999988358, 450046.050999999977648 ], [ 145761.162000000011176, 450043.439000000013039 ], [ 145769.806000000011409, 450038.729999999981374 ], [ 145776.31, 450035.628000000026077 ], [ 145786.505, 450031.918 ], [ 145795.111, 450029.358 ], [ 145801.603, 450027.473 ], [ 145810.663999999989755, 450025.463999999978114 ], [ 145821.597, 450023.651000000012573 ], [ 145830.196999999985565, 450022.451 ], [ 145837.443999999988591, 450021.387999999977183 ], [ 145840.809, 450019.938000000023749 ], [ 145848.502, 450016.278 ], [ 145856.373, 450013.324000000022352 ], [ 145862.516, 450010.167000000015832 ], [ 145866.579, 450006.895000000018626 ], [ 145871.48499999998603, 450003.063000000023749 ], [ 145878.78, 449997.364 ], [ 145889.392, 449988.984 ], [ 145893.271, 449986.365 ], [ 145900.432, 449980.582999999984168 ], [ 145905.446999999985565, 449977.766 ], [ 145911.583000000013271, 449974.466000000014901 ], [ 145921.772, 449970.614 ], [ 145930.663, 449968.039999999979045 ], [ 145937.794, 449966.052000000025146 ], [ 145942.00700000001234, 449966.112000000022817 ], [ 145942.391, 449966.204000000027008 ], [ 145946.581, 449967.205000000016298 ], [ 145952.913999999989755, 449969.406000000017229 ], [ 145961.920000000012806, 449972.121999999973923 ], [ 145967.165, 449974.017 ], [ 145976.547, 449978.576 ], [ 145989.99900000001071, 449985.87400000001071 ], [ 146007.76500000001397, 449996.542000000015832 ], [ 146025.37, 450008.712 ], [ 146027.456, 450009.604 ], [ 146032.073, 450010.34499999997206 ], [ 146059.766, 450009.14000000001397 ], [ 146089.541999999986729, 450007.189000000013039 ], [ 146103.389, 450006.587 ], [ 146117.979, 450005.835000000020955 ], [ 146118.589, 450005.536000000021886 ], [ 146119.165, 450005.174 ], [ 146119.698, 450004.753000000026077 ], [ 146120.185, 450004.278 ], [ 146120.61799999998766, 450003.754000000015367 ], [ 146120.99299999998766, 450003.188000000023749 ], [ 146121.306000000011409, 450002.585000000020955 ], [ 146121.554, 450001.952 ], [ 146121.733, 450001.295999999972992 ], [ 146121.842, 450000.625 ], [ 146125.518000000010943, 449974.731000000028871 ], [ 146127.725, 449959.849999999976717 ], [ 146129.498, 449951.962999999988824 ], [ 146130.978, 449946.754000000015367 ], [ 146132.605000000010477, 449940.800999999977648 ], [ 146136.609, 449931.572999999974854 ], [ 146141.21, 449923.088999999978114 ], [ 146150.269, 449909.841000000014901 ], [ 146162.155, 449895.103 ], [ 146173.01500000001397, 449890.038 ], [ 146174.677, 449889.038999999989755 ], [ 146160.199, 449883.794999999983702 ], [ 146136.065, 449876.368000000016764 ], [ 146135.741, 449875.211000000010245 ], [ 146135.355000000010477, 449874.072999999974854 ], [ 146134.908, 449872.957 ], [ 146134.402, 449871.867000000027474 ], [ 146133.839, 449870.805 ], [ 146133.206, 449869.755 ], [ 146132.517, 449868.742000000027474 ], [ 146131.774, 449867.767999999981839 ], [ 146130.978, 449866.835000000020955 ], [ 146130.13200000001234, 449865.947999999974854 ], [ 146129.239, 449865.109 ], [ 146128.301, 449864.32 ], [ 146118.163, 449857.183000000019092 ], [ 146102.206, 449843.204000000027008 ], [ 146097.573, 449833.533999999985099 ], [ 146091.74299999998766, 449820.443000000028405 ], [ 146090.772, 449818.223999999987427 ], [ 146089.86799999998766, 449815.978 ], [ 146089.032, 449813.704000000027008 ], [ 146088.266, 449811.407 ], [ 146087.568999999988591, 449809.087999999988824 ], [ 146086.942000000010012, 449806.74800000002142 ], [ 146086.386999999987893, 449804.391 ], [ 146085.903, 449802.017999999981839 ], [ 146085.49, 449799.631999999983236 ], [ 146085.15, 449797.234 ], [ 146084.24299999998766, 449789.496999999973923 ], [ 146084.807999999989988, 449788.359 ], [ 146085.431000000011409, 449787.25099999998929 ], [ 146086.111, 449786.177000000025146 ], [ 146086.844000000011874, 449785.13900000002468 ], [ 146087.63, 449784.14000000001397 ], [ 146088.465999999985797, 449783.183000000019092 ], [ 146089.35, 449782.270000000018626 ], [ 146090.28, 449781.403999999980442 ], [ 146091.253, 449780.586000000010245 ], [ 146092.267, 449779.82 ], [ 146092.859, 449778.183000000019092 ], [ 146093.62400000001071, 449776.487000000022817 ], [ 146094.337999999988824, 449774.770000000018626 ], [ 146095.002, 449773.032 ], [ 146095.614, 449771.275000000023283 ], [ 146096.269, 449769.181999999971595 ], [ 146096.85, 449767.068000000028405 ], [ 146097.358, 449764.934 ], [ 146097.791999999986729, 449762.783999999985099 ], [ 146098.151000000012573, 449760.620999999984633 ], [ 146098.434, 449758.446 ], [ 146098.641, 449756.262999999977183 ], [ 146098.772999999986496, 449754.074000000022352 ], [ 146099.062, 449749.60999999998603 ], [ 146100.094000000011874, 449743.657 ], [ 146101.128, 449738.598 ], [ 146101.416, 449733.38900000002468 ], [ 146101.802, 449699.314000000013039 ], [ 146102.359, 449677.291000000026543 ], [ 146102.333000000013271, 449662.538999999989755 ], [ 146102.299, 449643.215000000025611 ], [ 146102.41, 449622.086000000010245 ], [ 146102.687, 449610.180999999982305 ], [ 146102.889, 449608.788 ], [ 146103.043, 449607.728 ], [ 146106.659000000014203, 449582.799999999988358 ], [ 146110.929, 449555.865 ], [ 146111.958000000013271, 449548.424 ], [ 146111.651000000012573, 449543.066999999980908 ], [ 146111.046, 449537.561999999976251 ], [ 146106.692000000010012, 449517.625 ], [ 146102.949, 449505.723 ], [ 146096.066, 449486.829000000027008 ], [ 146092.174, 449475.076 ], [ 146090.678000000014435, 449471.059 ], [ 146089.779, 449467.786000000021886 ], [ 146090.147, 449460.068000000028405 ], [ 146066.661, 449452.957999999984168 ], [ 146072.43, 449435.174999999988358 ], [ 146073.337, 449432.38 ], [ 146073.364, 449432.283999999985099 ], [ 146073.602000000013504, 449431.43 ], [ 146075.409000000014203, 449424.939000000013039 ], [ 146079.707, 449413.628000000026077 ], [ 146084.304, 449403.506999999983236 ], [ 146088.013, 449395.916000000026543 ], [ 146099.449, 449379.244 ], [ 146101.977000000013504, 449377.159999999974389 ], [ 146105.098999999987427, 449374.777 ], [ 146116.851, 449368.669999999983702 ], [ 146134.851, 449359.286000000021886 ], [ 146156.422, 449348.412000000011176 ], [ 146173.977000000013504, 449339.920999999972992 ], [ 146176.014, 449338.832999999984168 ], [ 146178.44, 449337.537000000011176 ], [ 146192.578, 449333.511999999987893 ], [ 146217.282, 449326.356000000028871 ], [ 146230.980000000010477, 449321.927000000025146 ], [ 146236.182, 449320.245 ], [ 146250.913, 449315.028999999980442 ], [ 146263.85999999998603, 449310.707 ], [ 146268.00700000001234, 449309.668 ], [ 146276.362, 449307.575000000011642 ], [ 146292.438, 449305.185999999986961 ], [ 146303.158, 449304.585000000020955 ], [ 146313.429, 449302.794 ], [ 146314.07, 449302.64000000001397 ], [ 146327.121000000013737, 449299.512999999977183 ], [ 146344.23499999998603, 449293.848999999987427 ], [ 146370.277, 449285.50199999997858 ], [ 146383.222, 449280.585000000020955 ], [ 146394.679, 449275.816999999980908 ], [ 146400.332, 449272.837999999988824 ], [ 146406.280999999988126, 449268.966000000014901 ], [ 146413.418, 449263.306999999971595 ], [ 146418.473, 449258.841000000014901 ], [ 146421.74, 449254.375 ], [ 146425.00700000001234, 449249.462999999988824 ], [ 146425.068999999988591, 449249.326 ], [ 146425.185999999986961, 449249.068000000028405 ], [ 146429.409000000014203, 449241.663 ], [ 146440.49, 449247.818000000028405 ], [ 146454.798, 449255.84499999997206 ], [ 146469.99900000001071, 449263.277 ], [ 146471.285, 449263.954000000027008 ], [ 146475.364, 449266.101000000024214 ], [ 146483.85999999998603, 449270.858 ], [ 146489.673, 449274.425999999977648 ], [ 146493.131, 449276.151000000012573 ], [ 146498.317000000010012, 449278.737000000022817 ], [ 146537.215999999985797, 449299.696999999985565 ], [ 146538.988000000012107, 449291.363000000012107 ], [ 146540.913, 449285.261 ], [ 146546.546, 449271.121999999973923 ], [ 146551.737, 449259.662000000011176 ], [ 146554.847, 449249.838999999978114 ], [ 146561.810999999986961, 449230.342 ], [ 146564.924, 449223.049 ], [ 146567.891, 449216.648999999975786 ], [ 146571.307, 449211.587999999988824 ], [ 146574.725, 449208.01500000001397 ], [ 146576.359, 449205.782 ], [ 146585.878, 449199.973999999987427 ], [ 146590.192000000010012, 449197.441999999980908 ], [ 146591.4, 449196.609 ], [ 146608.335, 449184.933000000019092 ], [ 146612.053000000014435, 449182.25199999997858 ], [ 146614.727000000013504, 449178.829000000027008 ], [ 146620.82, 449172.278 ], [ 146625.723, 449166.472 ], [ 146641.018000000010943, 449142.506999999983236 ], [ 146645.547, 449135.212999999988824 ], [ 146645.916999999986729, 449134.618000000016764 ], [ 146646.00700000001234, 449134.522 ], [ 146647.174, 449133.275000000023283 ], [ 146648.146, 449132.23599999997532 ], [ 146650.971, 449129.555999999982305 ], [ 146653.943999999988591, 449126.87599999998929 ], [ 146658.848, 449121.516 ], [ 146664.942000000010012, 449115.412000000011176 ], [ 146667.47, 449113.476000000024214 ], [ 146672.529, 449111.688000000023749 ], [ 146679.525, 449110.34499999997206 ], [ 146687.26500000001397, 449108.555 ], [ 146692.473999999987427, 449107.362000000022817 ], [ 146695.152, 449106.319000000017695 ], [ 146697.206, 449107.064000000013039 ], [ 146699.638, 449107.946 ], [ 146700.068999999988591, 449108.102000000013504 ], [ 146705.134, 449109.73599999997532 ], [ 146707.814000000013039, 449109.586000000010245 ], [ 146711.089, 449108.989 ], [ 146714.215, 449108.243000000016764 ], [ 146719.271, 449105.115999999979977 ], [ 146722.988000000012107, 449101.691 ], [ 146728.785, 449096.181999999971595 ], [ 146734.138, 449091.716000000014901 ], [ 146738.005, 449089.63 ], [ 146739.788999999989755, 449087.695 ], [ 146746.334, 449084.418 ], [ 146754.814000000013039, 449080.246999999973923 ], [ 146759.726, 449079.202 ], [ 146767.797, 449078.300999999977648 ], [ 146780.566, 449075.918 ], [ 146786.519999999989523, 449075.169999999983702 ], [ 146794.261, 449073.976000000024214 ], [ 146798.428000000014435, 449072.634000000020023 ], [ 146801.106, 449071.88900000002468 ], [ 146803.932, 449070.102000000013504 ], [ 146808.096, 449067.12300000002142 ], [ 146814.784000000014203, 449060.275000000023283 ], [ 146818.5, 449056.255 ], [ 146825.337, 449049.555999999982305 ], [ 146833.96, 449042.11099999997532 ], [ 146845.708000000013271, 449033.920999999972992 ], [ 146865.785, 449019.773999999975786 ], [ 146874.25, 449015.093 ], [ 146881.106, 449011.283999999985099 ], [ 146885.865, 449008.156000000017229 ], [ 146895.083000000013271, 449000.561999999976251 ], [ 146896.86799999998766, 448999.072999999974854 ], [ 146903.557999999989988, 448993.414999999979045 ], [ 146907.571, 448989.098 ], [ 146908.513, 448987.669 ], [ 146909.394999999989523, 448986.202 ], [ 146910.215999999985797, 448984.700000000011642 ], [ 146910.973999999987427, 448983.166000000026543 ], [ 146911.668, 448981.601000000024214 ], [ 146912.297, 448980.01 ], [ 146912.85999999998603, 448978.392999999981839 ], [ 146913.355000000010477, 448976.755 ], [ 146913.782, 448975.098 ], [ 146914.141, 448973.424 ], [ 146914.43, 448971.737000000022817 ], [ 146914.649, 448970.039999999979045 ], [ 146914.798, 448968.335000000020955 ], [ 146914.87599999998929, 448966.625 ], [ 146914.884, 448964.913 ], [ 146914.821, 448963.202999999979511 ], [ 146914.869, 448960.732000000018161 ], [ 146914.840999999985797, 448958.261 ], [ 146914.736, 448955.792000000015832 ], [ 146914.556000000011409, 448953.327 ], [ 146914.301, 448950.869 ], [ 146913.969000000011874, 448948.419999999983702 ], [ 146913.563, 448945.982000000018161 ], [ 146913.082, 448943.558000000019092 ], [ 146912.527, 448941.150000000023283 ], [ 146911.897, 448938.76 ], [ 146911.195, 448936.391 ], [ 146910.420000000012806, 448934.044 ], [ 146909.574, 448931.723 ], [ 146908.655999999988126, 448929.428000000014435 ], [ 146907.011, 448925.56 ], [ 146904.769999999989523, 448921.245999999984633 ], [ 146904.426, 448920.065 ], [ 146904.135, 448918.869 ], [ 146903.86799999998766, 448917.489 ], [ 146903.672, 448916.098 ], [ 146903.548, 448914.697999999974854 ], [ 146903.495, 448913.294 ], [ 146903.514, 448911.88900000002468 ], [ 146903.605000000010477, 448910.487000000022817 ], [ 146903.768000000010943, 448909.092 ], [ 146904.002, 448907.706 ], [ 146904.733, 448905.186999999976251 ], [ 146905.525, 448902.686999999976251 ], [ 146906.38, 448900.207999999984168 ], [ 146907.296, 448897.75 ], [ 146908.272, 448895.316 ], [ 146909.105000000010477, 448893.369 ], [ 146910.306000000011409, 448890.734 ], [ 146911.578, 448888.132999999972526 ], [ 146912.922, 448885.568000000028405 ], [ 146914.335, 448883.041000000026543 ], [ 146915.818, 448880.554 ], [ 146917.36799999998766, 448878.108 ], [ 146918.984, 448875.706 ], [ 146919.805, 448874.401000000012573 ], [ 146920.738000000012107, 448873.174 ], [ 146921.477000000013504, 448872.341000000014901 ], [ 146922.267, 448871.556999999971595 ], [ 146923.105000000010477, 448870.824000000022352 ], [ 146923.988000000012107, 448870.146 ], [ 146924.913, 448869.526000000012573 ], [ 146925.875, 448868.965000000025611 ], [ 146926.87, 448868.467 ], [ 146927.894999999989523, 448868.033 ], [ 146928.946, 448867.664999999979045 ], [ 146951.18, 448858.163 ], [ 146959.961000000010245, 448853.012999999977183 ], [ 146966.076, 448848.930999999982305 ], [ 146971.154, 448844.82 ], [ 146975.909000000014203, 448840.548 ], [ 146989.158, 448828.898999999975786 ], [ 146993.459, 448829.778999999980442 ], [ 147001.29, 448818.946 ], [ 147013.763, 448802.518999999971129 ], [ 147015.426, 448799.548 ], [ 147016.604, 448797.196999999985565 ], [ 147017.345, 448794.456 ], [ 147017.113000000012107, 448793.202999999979511 ], [ 147016.593, 448792.060999999986961 ], [ 147015.843, 448790.906000000017229 ], [ 147014.994, 448790.169999999983702 ], [ 147000.0, 448780.26 ], [ 146994.133, 448776.554 ], [ 146977.408, 448765.988000000012107 ], [ 146932.21, 448737.34499999997206 ], [ 146908.752, 448721.925999999977648 ], [ 146865.779, 448694.678000000014435 ], [ 146861.775, 448692.13900000002468 ], [ 146856.786, 448689.12400000001071 ], [ 146812.856, 448661.973 ], [ 146775.89000000001397, 448638.591000000014901 ], [ 146713.113000000012107, 448598.857000000018161 ], [ 146711.258, 448597.683000000019092 ], [ 146671.32, 448572.78000000002794 ], [ 146636.208000000013271, 448549.824000000022352 ], [ 146635.935, 448549.646 ], [ 146580.288, 448513.26400000002468 ], [ 146530.995, 448481.036000000021886 ], [ 146497.077, 448458.86099999997532 ], [ 146491.802, 448455.412000000011176 ], [ 146526.195, 448409.539999999979045 ], [ 146529.384, 448405.286000000021886 ], [ 146536.212, 448396.178000000014435 ], [ 146558.655999999988126, 448365.129000000015367 ], [ 146577.208000000013271, 448339.462999999988824 ], [ 146611.41, 448292.723 ], [ 146615.702, 448286.857000000018161 ], [ 146622.340999999985797, 448277.772999999986496 ], [ 146625.818, 448272.981000000028871 ], [ 146654.595, 448233.326 ], [ 146673.75700000001234, 448206.978 ], [ 146673.008, 448204.895000000018626 ], [ 146672.707, 448202.663 ], [ 146678.535, 448191.299999999988358 ], [ 146682.655, 448185.326 ], [ 146685.063, 448181.835000000020955 ], [ 146689.971, 448174.71999999997206 ], [ 146691.187, 448172.956 ], [ 146692.606, 448170.898999999975786 ], [ 146693.560999999986961, 448169.51500000001397 ], [ 146695.416999999986729, 448166.871999999973923 ], [ 146697.728, 448163.53000000002794 ], [ 146701.152, 448158.576 ], [ 146704.383, 448153.835000000020955 ], [ 146706.621000000013737, 448150.582999999984168 ], [ 146709.877, 448145.762999999977183 ], [ 146716.761, 448135.631 ], [ 146723.777, 448125.444000000017695 ], [ 146729.312, 448117.520000000018626 ], [ 146734.296, 448110.346000000019558 ], [ 146738.555, 448104.207 ], [ 146742.481, 448098.544999999983702 ], [ 146748.354, 448090.022 ], [ 146754.458000000013271, 448081.153999999980442 ], [ 146755.153, 448080.143999999971129 ], [ 146756.638, 448077.897 ], [ 146759.454, 448073.636 ], [ 146764.747, 448065.680999999982305 ], [ 146771.534000000014203, 448055.37400000001071 ], [ 146776.639, 448047.704000000027008 ], [ 146781.69, 448040.076 ], [ 146784.589, 448035.705000000016298 ], [ 146789.502, 448028.299999999988358 ], [ 146794.82, 448020.286000000021886 ], [ 146799.938, 448012.572999999974854 ], [ 146804.47, 448005.658999999985099 ], [ 146807.920000000012806, 448000.541000000026543 ], [ 146811.511999999987893, 447995.076 ], [ 146813.420000000012806, 447992.257999999972526 ], [ 146814.074, 447990.950000000011642 ], [ 146814.885, 447988.685999999986961 ], [ 146815.04, 447988.253000000026077 ], [ 146815.603, 447986.550999999977648 ], [ 146816.51500000001397, 447985.114 ], [ 146817.583000000013271, 447983.433000000019092 ], [ 146819.498, 447980.392999999981839 ], [ 146822.628999999986263, 447975.455000000016298 ], [ 146825.537000000011176, 447970.854 ], [ 146827.777, 447967.278999999980442 ], [ 146831.606999999989057, 447961.211000000010245 ], [ 146835.405999999988126, 447955.098 ], [ 146836.935999999986961, 447952.701 ], [ 146839.09, 447949.117000000027474 ], [ 146842.521, 447943.64000000001397 ], [ 146846.055, 447937.96999999997206 ], [ 146849.560999999986961, 447932.462 ], [ 146851.873, 447928.822999999974854 ], [ 146855.172, 447923.477000000013504 ], [ 146859.030999999988126, 447917.424 ], [ 146862.272, 447912.696 ], [ 146864.817000000010012, 447909.003000000026077 ], [ 146867.471, 447905.201 ], [ 146870.10999999998603, 447901.447999999974854 ], [ 146873.968, 447895.825000000011642 ], [ 146879.18, 447888.381999999983236 ], [ 146884.044, 447881.538 ], [ 146889.903, 447873.097 ], [ 146892.671, 447869.097 ], [ 146896.721, 447863.34499999997206 ], [ 146898.842, 447860.109 ], [ 146902.495, 447854.596000000019558 ], [ 146907.068999999988591, 447847.591000000014901 ], [ 146909.934, 447843.351000000024214 ], [ 146912.416, 447839.51 ], [ 146916.200000000011642, 447833.712999999988824 ], [ 146919.261, 447828.857000000018161 ], [ 146921.16, 447825.793 ], [ 146925.060999999986961, 447819.277 ], [ 146927.13200000001234, 447815.674 ], [ 146929.50099999998929, 447811.590000000025611 ], [ 146932.543, 447806.311999999976251 ], [ 146934.87400000001071, 447802.234 ], [ 146936.701, 447799.048 ], [ 146938.578, 447795.767999999981839 ], [ 146940.032, 447793.166000000026543 ], [ 146942.329999999987194, 447788.950000000011642 ], [ 146944.509, 447785.109 ], [ 146946.79, 447781.066 ], [ 146948.263, 447778.102000000013504 ], [ 146948.62400000001071, 447777.37699999997858 ], [ 146949.564000000013039, 447775.555 ], [ 146950.356, 447774.011999999987893 ], [ 146951.39000000001397, 447771.99900000001071 ], [ 146954.768000000010943, 447765.169 ], [ 146956.48499999998603, 447761.75 ], [ 146959.048, 447756.517999999981839 ], [ 146960.49, 447753.468999999982771 ], [ 146964.633, 447744.492000000027474 ], [ 146966.157, 447741.196999999985565 ], [ 146968.276000000012573, 447736.450000000011642 ], [ 146969.869, 447732.920999999972992 ], [ 146972.35999999998603, 447727.336000000010245 ], [ 146975.193, 447720.772 ], [ 146976.973999999987427, 447716.702 ], [ 146978.388, 447713.613000000012107 ], [ 146980.448, 447708.76 ], [ 146981.711000000010245, 447705.931999999971595 ], [ 146983.593, 447700.864 ], [ 146984.801, 447697.897999999986496 ], [ 146986.902, 447692.555999999982305 ], [ 146988.326, 447688.773999999975786 ], [ 146990.230000000010477, 447683.555999999982305 ], [ 146992.611, 447677.18 ], [ 146994.529, 447671.911000000021886 ], [ 146995.871000000013737, 447668.244 ], [ 146997.028, 447664.924999999988358 ], [ 146997.584, 447663.074000000022352 ], [ 146998.401000000012573, 447660.341000000014901 ], [ 146999.054, 447658.021 ], [ 146999.421, 447656.755 ], [ 147000.391, 447654.071999999985565 ], [ 147004.605000000010477, 447639.226000000024214 ], [ 147010.666999999986729, 447619.075000000011642 ], [ 147014.549999999988358, 447605.757999999972526 ], [ 147019.530999999988126, 447589.685 ], [ 147023.787000000011176, 447572.121999999973923 ], [ 147027.992, 447555.728 ], [ 147028.283, 447554.055999999982305 ], [ 147028.419, 447553.271 ], [ 147028.445, 447553.097 ], [ 147029.605000000010477, 447545.526000000012573 ], [ 147035.397999999986496, 447523.776000000012573 ], [ 147036.521, 447518.458999999973457 ], [ 147048.761, 447460.468999999982771 ], [ 147061.383, 447405.352000000013504 ], [ 147062.416, 447400.911000000021886 ], [ 147063.189000000013039, 447397.587999999988824 ], [ 147068.699, 447373.901000000012573 ], [ 147069.699, 447369.601000000024214 ], [ 147070.293, 447367.365999999979977 ], [ 147070.859, 447366.864 ], [ 147077.957, 447360.575000000011642 ], [ 147086.935, 447352.992000000027474 ], [ 147145.946, 447303.506999999983236 ], [ 147184.316, 447269.46999999997206 ], [ 147198.96, 447257.120999999984633 ], [ 147208.163999999989755, 447250.89000000001397 ], [ 147210.859, 447248.892 ], [ 147229.897999999986496, 447232.925999999977648 ], [ 147278.241, 447191.596000000019558 ], [ 147289.12, 447182.352000000013504 ], [ 147294.616, 447177.680999999982305 ], [ 147295.756, 447176.712999999988824 ], [ 147303.528, 447170.10999999998603 ], [ 147317.362, 447159.216000000014901 ], [ 147324.99, 447152.528999999980442 ], [ 147325.598, 447151.995 ], [ 147332.682, 447145.788 ], [ 147340.173, 447138.657 ], [ 147346.011, 447133.099999999976717 ], [ 147350.233, 447129.080000000016298 ], [ 147354.986, 447124.893999999971129 ], [ 147356.332, 447123.708999999973457 ], [ 147372.248, 447110.875 ], [ 147383.106999999989057, 447102.071 ], [ 147404.075000000011642, 447084.022 ], [ 147420.277, 447070.810999999986961 ], [ 147447.812, 447047.757999999972526 ], [ 147451.204, 447044.81 ], [ 147457.712, 447039.153999999980442 ], [ 147475.627, 447023.587 ], [ 147507.408, 446995.574000000022352 ], [ 147509.987, 446993.299999999988358 ], [ 147521.11799999998766, 446984.962999999988824 ], [ 147524.590999999985797, 446981.977000000013504 ], [ 147528.432, 446978.674999999988358 ], [ 147533.559, 446973.31 ], [ 147535.274, 446971.516 ], [ 147542.711000000010245, 446965.397999999986496 ], [ 147555.802, 446955.25 ], [ 147564.87599999998929, 446949.575000000011642 ], [ 147573.803000000014435, 446945.242000000027474 ], [ 147581.391, 446943.143999999971129 ], [ 147591.1, 446941.044 ], [ 147621.885, 446936.368000000016764 ], [ 147628.378999999986263, 446935.381999999983236 ], [ 147633.022999999986496, 446934.12 ], [ 147633.734, 446933.976000000024214 ], [ 147628.451, 446924.327999999979511 ], [ 147576.098999999987427, 446828.721000000019558 ], [ 147565.165, 446808.754000000015367 ], [ 147565.081, 446808.599999999976717 ], [ 147561.575000000011642, 446803.976000000024214 ], [ 147560.1, 446802.032 ], [ 147560.092, 446802.021 ], [ 147558.920000000012806, 446800.476000000024214 ], [ 147549.56, 446788.132999999972526 ], [ 147547.214, 446785.038 ], [ 147554.689000000013039, 446782.21999999997206 ], [ 147565.91, 446777.841000000014901 ], [ 147577.981, 446772.755 ], [ 147588.761, 446768.03000000002794 ], [ 147603.824, 446760.794 ], [ 147614.457, 446754.886 ], [ 147621.693, 446750.898999999975786 ], [ 147633.950000000011642, 446743.071999999985565 ], [ 147644.082, 446736.591000000014901 ], [ 147646.854, 446734.738000000012107 ], [ 147650.143000000010943, 446732.538999999989755 ], [ 147648.717, 446732.158 ], [ 147643.142, 446730.669 ], [ 147631.709, 446727.615 ], [ 147600.871000000013737, 446718.677000000025146 ], [ 147574.13, 446709.054 ], [ 147557.948, 446701.343 ], [ 147542.941, 446693.955000000016298 ], [ 147532.897999999986496, 446688.298 ], [ 147521.586000000010245, 446681.256999999983236 ], [ 147504.269999999989523, 446668.097 ], [ 147498.793, 446663.564000000013039 ], [ 147491.563, 446656.957 ], [ 147485.142, 446650.723999999987427 ], [ 147478.700000000011642, 446644.25 ], [ 147468.958000000013271, 446633.055999999982305 ], [ 147462.768000000010943, 446626.027 ], [ 147458.573, 446621.393999999971129 ], [ 147453.230000000010477, 446615.384000000020023 ], [ 147450.006, 446611.543 ], [ 147444.261, 446604.114 ], [ 147440.834, 446599.689000000013039 ], [ 147436.956, 446594.517 ], [ 147431.908, 446587.87599999998929 ], [ 147425.435999999986961, 446578.688000000023749 ], [ 147420.429, 446571.343999999982771 ], [ 147413.567000000010012, 446560.311999999976251 ], [ 147411.228, 446556.358 ], [ 147405.560999999986961, 446547.167000000015832 ], [ 147400.407, 446538.538 ], [ 147395.37400000001071, 446530.028999999980442 ], [ 147389.861, 446519.843 ], [ 147382.203, 446505.826 ], [ 147375.703, 446491.07 ], [ 147368.068999999988591, 446471.542000000015832 ], [ 147362.601, 446456.314000000013039 ], [ 147356.00099999998929, 446435.903 ], [ 147352.297, 446421.754000000015367 ], [ 147350.522999999986496, 446413.181999999971595 ], [ 147346.655, 446392.979999999981374 ], [ 147343.96, 446377.977000000013504 ], [ 147341.672, 446359.364 ], [ 147340.530999999988126, 446347.853 ], [ 147338.888, 446329.87400000001071 ], [ 147338.01, 446316.544999999983702 ], [ 147336.63, 446293.49800000002142 ], [ 147335.549999999988358, 446273.684 ], [ 147335.35, 446254.413 ], [ 147335.837999999988824, 446196.441 ], [ 147335.666999999986729, 446171.848 ], [ 147335.810999999986961, 446158.553000000014435 ], [ 147335.916999999986729, 446148.802000000025146 ], [ 147337.508, 446132.065 ], [ 147344.354, 446080.966000000014901 ], [ 147344.909000000014203, 446075.952 ], [ 147345.88200000001234, 446067.185 ], [ 147346.76500000001397, 446061.566 ], [ 147348.954999999987194, 446042.305 ], [ 147350.153, 446024.367000000027474 ], [ 147350.225, 446020.63 ], [ 147350.644, 446017.814000000013039 ], [ 147352.98499999998603, 446009.418 ], [ 147361.489, 445981.107000000018161 ], [ 147364.401000000012573, 445973.254000000015367 ], [ 147367.093, 445967.726000000024214 ], [ 147373.443, 445957.591000000014901 ], [ 147378.625, 445949.115 ], [ 147382.797, 445943.642 ], [ 147383.892, 445942.224999999976717 ], [ 147387.038999999989755, 445938.153 ], [ 147391.386, 445932.701 ], [ 147397.494, 445925.428000000014435 ], [ 147402.529, 445920.397 ], [ 147408.166, 445915.957 ], [ 147414.519999999989523, 445910.90500000002794 ], [ 147421.12400000001071, 445906.24900000001071 ], [ 147424.158, 445903.971000000019558 ], [ 147429.136, 445900.136 ], [ 147429.448, 445899.805999999982305 ], [ 147438.391, 445890.36099999997532 ], [ 147442.389, 445885.49 ], [ 147449.941, 445875.952 ], [ 147460.209, 445863.979999999981374 ], [ 147463.877, 445859.471000000019558 ], [ 147464.162000000011176, 445859.120999999984633 ], [ 147468.545000000012806, 445853.73499999998603 ], [ 147472.595, 445847.543 ], [ 147475.019, 445841.569000000017695 ], [ 147475.611, 445835.87400000001071 ], [ 147475.448, 445829.666000000026543 ], [ 147474.922, 445820.811999999976251 ], [ 147474.593, 445813.277 ], [ 147474.564000000013039, 445809.614 ], [ 147473.162000000011176, 445786.629000000015367 ], [ 147471.255, 445766.745 ], [ 147469.480000000010477, 445757.261 ], [ 147467.707, 445752.11099999997532 ], [ 147465.616, 445748.26 ], [ 147460.337999999988824, 445742.199000000022352 ], [ 147456.291, 445737.683000000019092 ], [ 147438.763, 445720.87 ], [ 147435.209, 445717.593999999982771 ], [ 147424.128999999986263, 445704.435 ], [ 147417.856999999989057, 445696.580000000016298 ], [ 147408.945, 445684.128000000026077 ], [ 147400.131, 445673.231000000028871 ], [ 147396.628999999986263, 445669.48499999998603 ], [ 147389.581, 445662.327999999979511 ], [ 147382.973, 445656.199000000022352 ], [ 147376.843, 445650.908999999985099 ], [ 147374.943, 445649.268999999971129 ], [ 147372.423, 445647.093999999982771 ], [ 147365.997, 445641.885 ], [ 147356.764, 445635.333999999973457 ], [ 147351.202, 445631.381 ], [ 147333.527, 445618.645000000018626 ], [ 147308.087999999988824, 445600.473999999987427 ], [ 147294.093, 445590.821 ], [ 147294.027, 445590.775000000023283 ], [ 147289.388, 445587.57 ], [ 147277.633, 445578.759000000020023 ], [ 147265.931000000011409, 445570.045999999972992 ], [ 147258.590999999985797, 445565.74800000002142 ], [ 147254.981, 445563.923 ], [ 147251.989, 445562.864 ], [ 147240.489, 445560.755 ], [ 147218.443999999988591, 445559.614 ], [ 147187.0, 445558.049 ], [ 147185.14000000001397, 445557.956 ], [ 147179.50700000001234, 445557.57 ], [ 147165.055, 445556.382999999972526 ], [ 147157.893000000010943, 445555.648999999975786 ], [ 147149.869, 445552.99800000002142 ], [ 147140.953, 445549.482000000018161 ], [ 147137.869, 445547.107000000018161 ], [ 147133.814000000013039, 445542.107000000018161 ], [ 147132.413, 445538.979999999981374 ], [ 147131.605000000010477, 445537.327 ], [ 147131.115, 445536.322999999974854 ], [ 147129.997, 445533.57 ], [ 147125.258, 445521.973999999987427 ], [ 147122.24900000001071, 445515.397999999986496 ], [ 147120.217, 445512.055 ], [ 147116.193999999988591, 445506.81 ], [ 147111.992, 445502.098999999987427 ], [ 147109.777, 445499.57 ], [ 147105.779, 445495.034999999974389 ], [ 147103.462999999988824, 445492.476000000024214 ], [ 147101.791999999986729, 445491.326 ], [ 147098.502, 445490.71999999997206 ], [ 147091.63, 445490.863000000012107 ], [ 147083.968, 445491.799999999988358 ], [ 147081.413, 445492.117000000027474 ], [ 147076.348, 445492.745 ], [ 147073.780999999988126, 445493.064000000013039 ], [ 147067.087, 445493.897999999986496 ], [ 147059.231, 445494.896 ], [ 147052.46, 445495.935 ], [ 147051.733, 445496.049 ], [ 147046.678000000014435, 445496.84499999997206 ], [ 147043.69, 445497.314000000013039 ], [ 147041.86799999998766, 445497.722 ], [ 147031.785, 445500.457999999984168 ], [ 147026.078, 445502.00199999997858 ], [ 147012.691, 445507.412000000011176 ], [ 147010.363000000012107, 445508.831 ], [ 147006.730000000010477, 445511.340000000025611 ], [ 147004.538, 445513.229 ], [ 146993.230000000010477, 445525.507999999972526 ], [ 146987.932999999989988, 445530.895000000018626 ], [ 146984.983, 445533.528999999980442 ], [ 146983.185999999986961, 445534.887999999977183 ], [ 146980.473999999987427, 445536.651000000012573 ], [ 146978.873, 445537.60999999998603 ], [ 146977.476, 445538.175999999977648 ], [ 146974.326, 445539.348 ], [ 146974.143000000010943, 445539.416000000026543 ], [ 146966.954, 445540.788999999989755 ], [ 146957.149, 445542.438000000023749 ], [ 146945.502, 445545.131 ], [ 146944.469000000011874, 445545.403999999980442 ], [ 146939.666, 445546.74900000001071 ], [ 146925.722, 445551.340000000025611 ], [ 146898.847, 445560.556999999971595 ], [ 146884.279, 445566.142999999981839 ], [ 146867.13, 445573.12400000001071 ], [ 146858.556000000011409, 445577.038 ], [ 146848.358, 445583.066 ], [ 146843.533, 445586.188000000023749 ], [ 146823.756, 445599.098 ], [ 146770.431000000011409, 445640.080000000016298 ], [ 146768.325000000011642, 445641.865 ], [ 146765.343, 445644.571 ], [ 146752.090999999985797, 445658.493000000016764 ], [ 146740.084, 445673.74800000002142 ], [ 146733.99, 445680.408 ], [ 146732.68, 445684.043 ], [ 146730.393000000010943, 445690.392 ], [ 146728.461000000010245, 445695.042000000015832 ], [ 146724.959, 445703.342 ], [ 146719.905999999988126, 445715.354999999981374 ], [ 146715.082, 445727.792000000015832 ], [ 146709.663, 445742.604999999981374 ], [ 146706.011, 445754.907 ], [ 146701.763, 445767.525000000023283 ], [ 146699.644999999989523, 445775.603 ], [ 146698.746000000013737, 445783.327 ], [ 146698.736, 445793.507999999972526 ], [ 146699.691, 445804.462 ], [ 146700.347, 445814.327 ], [ 146700.105000000010477, 445831.025000000023283 ], [ 146699.785, 445849.15500000002794 ], [ 146699.272, 445862.670999999972992 ], [ 146697.158, 445883.799 ], [ 146695.252, 445909.099999999976717 ], [ 146693.345, 445932.652 ], [ 146691.128999999986263, 445956.886 ], [ 146689.204, 445976.449000000022352 ], [ 146687.997, 445989.341000000014901 ], [ 146686.962, 445999.306999999971595 ], [ 146685.883, 446004.333999999973457 ], [ 146684.337999999988824, 446012.843999999982771 ], [ 146682.684, 446027.331 ], [ 146681.701, 446038.791000000026543 ], [ 146681.989, 446044.32 ], [ 146682.238000000012107, 446048.536000000021886 ], [ 146682.439000000013039, 446051.931999999971595 ], [ 146683.671, 446059.037000000011176 ], [ 146685.469000000011874, 446066.761 ], [ 146688.899, 446078.226000000024214 ], [ 146684.935, 446079.145000000018626 ], [ 146684.198, 446079.316 ], [ 146651.184, 446086.972 ], [ 146590.571999999985565, 446101.027 ], [ 146589.597, 446100.37400000001071 ], [ 146589.268000000010943, 446100.153999999980442 ], [ 146567.146, 446085.342 ], [ 146550.988000000012107, 446073.664999999979045 ], [ 146539.364, 446065.740999999979977 ], [ 146515.253999999986263, 446049.213999999978114 ], [ 146469.018000000010943, 446018.071999999985565 ], [ 146428.927, 445990.707 ], [ 146383.503, 445959.444000000017695 ], [ 146344.003, 445932.843999999982771 ], [ 146342.796, 445932.098 ], [ 146337.511, 445928.835000000020955 ], [ 146320.86799999998766, 445917.068000000028405 ], [ 146277.401000000012573, 445886.337 ], [ 146240.484, 445858.73599999997532 ], [ 146234.878, 445854.544999999983702 ], [ 146155.571, 445834.992000000027474 ], [ 146135.018000000010943, 445832.78000000002794 ], [ 146115.405999999988126, 445832.342 ], [ 146089.399, 445834.811999999976251 ], [ 146080.700000000011642, 445835.794999999983702 ], [ 146077.693999999988591, 445836.135 ], [ 146073.174, 445836.646 ], [ 146057.709, 445838.393999999971129 ], [ 146038.643000000010943, 445839.163 ], [ 146014.818, 445836.5 ], [ 146007.416999999986729, 445834.07 ], [ 146005.274, 445833.365999999979977 ], [ 145990.487, 445825.022999999986496 ], [ 145989.587999999988824, 445824.516 ], [ 145971.103, 445813.106000000028871 ], [ 145960.788999999989755, 445806.74 ], [ 145949.497, 445799.946 ], [ 145946.285, 445798.212999999988824 ], [ 145941.03, 445795.37599999998929 ], [ 145932.345, 445791.658999999985099 ], [ 145919.654, 445787.438000000023749 ], [ 145909.24900000001071, 445784.579000000027008 ], [ 145881.269999999989523, 445779.118000000016764 ], [ 145879.992, 445778.865999999979977 ], [ 145872.769, 445777.444000000017695 ], [ 145869.344000000011874, 445776.770000000018626 ], [ 145814.639, 445765.99900000001071 ], [ 145811.771, 445765.434 ], [ 145811.385, 445765.358 ], [ 145738.679, 445749.077999999979511 ], [ 145727.945, 445746.674999999988358 ], [ 145700.729, 445740.581 ], [ 145673.927, 445734.075000000011642 ], [ 145643.586000000010245, 445725.445 ], [ 145628.37599999998929, 445719.308000000019092 ], [ 145612.119, 445712.962 ], [ 145611.543, 445712.737000000022817 ], [ 145604.310999999986961, 445709.666000000026543 ], [ 145600.116, 445709.286000000021886 ], [ 145589.364, 445707.89000000001397 ], [ 145569.72, 445705.836000000010245 ], [ 145565.13, 445705.356000000028871 ], [ 145560.555, 445704.712 ], [ 145558.239, 445704.278 ], [ 145516.702, 445697.923 ], [ 145478.598999999987427, 445692.228 ], [ 145447.682999999989988, 445687.588999999978114 ], [ 145446.533, 445687.446999999985565 ], [ 145441.367, 445686.806999999971595 ], [ 145440.465, 445686.695 ], [ 145430.896, 445684.723 ], [ 145416.799999999988358, 445681.46999999997206 ], [ 145409.899, 445679.989 ], [ 145404.174, 445679.077999999979511 ], [ 145387.396, 445677.056999999971595 ], [ 145366.230000000010477, 445674.664999999979045 ], [ 145365.157, 445674.538 ], [ 145355.696, 445673.419 ], [ 145333.972, 445670.479 ], [ 145315.661, 445667.728 ], [ 145312.168, 445667.223999999987427 ], [ 145306.445, 445666.397 ], [ 145306.067000000010012, 445666.342 ], [ 145284.74900000001071, 445663.444000000017695 ], [ 145274.893000000010943, 445661.767999999981839 ], [ 145265.141, 445659.619 ], [ 145250.272999999986496, 445655.661000000021886 ], [ 145238.343, 445652.147999999986496 ], [ 145227.174999999988358, 445648.675999999977648 ], [ 145215.207, 445644.87 ], [ 145210.269, 445643.283999999985099 ], [ 145203.715999999985797, 445640.856000000028871 ], [ 145197.943999999988591, 445638.68 ], [ 145184.203, 445633.555999999982305 ], [ 145177.968, 445631.255 ], [ 145167.119, 445627.25 ], [ 145156.883, 445623.662000000011176 ], [ 145154.386999999987893, 445622.896 ], [ 145151.437, 445621.989 ], [ 145150.759, 445621.781000000017229 ], [ 145141.287000000011176, 445619.313000000023749 ], [ 145140.158, 445619.018999999971129 ], [ 145138.639, 445618.62300000002142 ], [ 145110.401000000012573, 445611.262999999977183 ], [ 145110.122, 445611.19 ], [ 145096.967, 445632.436999999976251 ], [ 145082.596, 445655.745 ], [ 145076.784000000014203, 445665.85999999998603 ], [ 145015.443, 445744.631 ], [ 145000.806000000011409, 445762.476000000024214 ], [ 144980.204999999987194, 445786.420999999972992 ], [ 144980.13200000001234, 445786.362000000022817 ], [ 144976.614, 445783.479999999981374 ], [ 144974.582, 445786.234 ], [ 144963.371000000013737, 445801.428000000014435 ], [ 144934.325000000011642, 445842.643999999971129 ], [ 144928.706, 445851.204000000027008 ], [ 144913.888, 445865.271 ], [ 144922.646, 445876.11099999997532 ], [ 144922.68, 445877.586000000010245 ], [ 144922.177, 445879.778999999980442 ], [ 144920.568, 445883.115999999979977 ], [ 144917.394999999989523, 445888.400000000023283 ], [ 144915.73499999998603, 445891.537000000011176 ], [ 144913.037000000011176, 445894.99800000002142 ], [ 144873.372, 445949.206 ], [ 144858.638, 445969.343 ], [ 144834.719000000011874, 446000.0 ], [ 144819.13, 446020.902 ], [ 144817.221, 446023.560999999986961 ], [ 144815.24900000001071, 446026.131 ], [ 144799.318999999988591, 446046.886 ], [ 144791.475, 446056.778 ], [ 144784.449, 446065.788999999989755 ], [ 144777.079999999987194, 446075.331 ], [ 144772.674999999988358, 446081.218 ], [ 144767.986, 446087.310999999986961 ], [ 144764.405, 446091.922000000020489 ], [ 144758.10999999998603, 446100.50199999997858 ], [ 144749.962, 446111.950000000011642 ], [ 144739.238000000012107, 446126.218 ], [ 144727.715, 446141.958999999973457 ], [ 144726.323, 446143.791000000026543 ], [ 144720.658, 446151.25099999998929 ], [ 144711.509, 446161.450000000011642 ], [ 144708.621000000013737, 446164.76 ], [ 144707.048, 446166.564000000013039 ], [ 144705.128999999986263, 446169.131 ], [ 144704.823, 446169.539999999979045 ], [ 144702.35999999998603, 446172.446999999985565 ], [ 144696.912000000011176, 446178.88 ], [ 144688.014, 446188.574000000022352 ], [ 144678.557999999989988, 446198.69 ], [ 144665.068999999988591, 446212.882999999972526 ], [ 144660.813, 446217.661000000021886 ], [ 144652.557999999989988, 446226.93 ], [ 144643.204, 446237.688000000023749 ], [ 144630.009, 446253.869 ], [ 144626.212, 446258.523999999975786 ], [ 144606.057999999989988, 446281.699000000022352 ], [ 144601.941, 446286.359 ], [ 144577.91, 446313.556999999971595 ], [ 144571.415, 446321.245 ], [ 144568.182, 446325.072999999974854 ], [ 144558.176, 446336.729999999981374 ], [ 144548.036, 446349.506 ], [ 144541.644999999989523, 446357.369 ], [ 144535.954999999987194, 446365.506999999983236 ], [ 144535.670000000012806, 446365.923 ], [ 144530.96, 446372.803000000014435 ], [ 144527.073, 446378.276000000012573 ], [ 144524.10999999998603, 446383.686999999976251 ], [ 144504.172, 446420.532 ], [ 144497.810999999986961, 446433.846000000019558 ], [ 144493.794, 446441.987000000022817 ], [ 144490.61799999998766, 446448.423 ], [ 144472.497, 446485.455000000016298 ], [ 144462.935, 446504.206 ], [ 144451.397, 446526.831 ], [ 144429.812, 446567.568000000028405 ], [ 144429.437, 446568.275000000023283 ], [ 144428.252, 446570.51400000002468 ], [ 144419.26, 446588.59499999997206 ], [ 144410.557, 446604.815 ], [ 144409.707, 446606.400000000023283 ], [ 144407.918, 446611.721000000019558 ], [ 144405.714, 446617.967 ], [ 144395.087, 446643.885 ], [ 144390.854, 446653.384000000020023 ], [ 144379.613000000012107, 446678.608 ], [ 144372.704, 446693.881999999983236 ], [ 144365.924999999988358, 446707.478 ], [ 144360.727000000013504, 446718.011999999987893 ], [ 144359.977000000013504, 446719.532 ], [ 144347.969000000011874, 446743.612000000022817 ], [ 144340.077, 446758.332999999984168 ], [ 144333.435, 446771.369 ], [ 144330.25099999998929, 446777.256999999983236 ], [ 144323.327, 446789.958999999973457 ], [ 144312.522999999986496, 446809.168 ], [ 144311.29, 446810.929 ], [ 144296.840999999985797, 446831.563000000023749 ], [ 144291.429, 446839.419999999983702 ], [ 144277.128, 446858.648999999975786 ], [ 144258.383, 446883.634000000020023 ], [ 144252.814000000013039, 446890.935999999986961 ], [ 144246.329, 446899.439000000013039 ], [ 144221.593, 446928.648999999975786 ], [ 144221.193999999988591, 446929.104 ], [ 144207.158, 446945.118000000016764 ], [ 144206.72, 446945.617000000027474 ], [ 144166.644999999989523, 446992.744 ], [ 144150.188, 446979.979 ], [ 144132.196999999985565, 446966.37599999998929 ], [ 144131.541999999986729, 446966.955000000016298 ], [ 144130.64000000001397, 446967.754000000015367 ], [ 144117.18, 446979.666000000026543 ], [ 144077.426, 447015.73499999998603 ], [ 144067.024, 447024.979 ], [ 144061.701, 447029.827999999979511 ], [ 144060.125, 447031.26400000002468 ], [ 144048.008, 447042.303000000014435 ], [ 144022.412000000011176, 447065.168 ], [ 144020.967, 447066.458999999973457 ], [ 144020.555, 447066.827 ], [ 144020.310999999986961, 447067.042000000015832 ], [ 144000.0, 447084.927000000025146 ], [ 143985.768000000010943, 447098.413999999989755 ], [ 143985.416999999986729, 447098.745999999984633 ], [ 143984.483, 447099.631999999983236 ], [ 143973.913, 447109.648999999975786 ], [ 143949.43, 447131.368000000016764 ], [ 143931.231, 447147.329000000027008 ], [ 143928.332, 447149.871999999973923 ], [ 143912.195, 447165.106000000028871 ], [ 143898.557, 447177.761 ], [ 143888.723999999987427, 447186.162000000011176 ], [ 143873.022999999986496, 447201.989 ], [ 143830.298, 447243.077999999979511 ], [ 143829.638, 447243.693000000028405 ], [ 143823.426, 447249.488000000012107 ], [ 143817.851, 447254.689000000013039 ], [ 143809.465999999985797, 447263.186999999976251 ], [ 143798.41, 447272.896 ], [ 143794.188, 447275.568000000028405 ], [ 143786.704, 447279.941999999980908 ], [ 143775.858, 447286.026000000012573 ], [ 143770.356, 447288.688000000023749 ], [ 143764.24299999998766, 447291.18 ], [ 143756.979, 447294.613000000012107 ], [ 143748.241, 447298.01 ], [ 143735.348999999987427, 447303.021 ], [ 143725.113000000012107, 447307.0 ], [ 143708.875, 447313.495 ], [ 143697.93, 447317.547000000020489 ], [ 143679.011999999987893, 447324.957999999984168 ], [ 143665.74900000001071, 447330.153999999980442 ], [ 143646.665, 447337.63 ], [ 143627.776000000012573, 447345.395000000018626 ], [ 143621.763, 447348.107000000018161 ], [ 143614.4, 447351.993000000016764 ], [ 143611.340999999985797, 447353.607000000018161 ], [ 143606.915, 447355.943000000028405 ], [ 143602.975, 447358.169 ], [ 143599.997, 447359.851000000024214 ], [ 143594.848999999987427, 447362.759000000020023 ], [ 143588.666, 447366.532 ], [ 143583.003, 447370.805999999982305 ], [ 143572.967, 447377.972 ], [ 143570.095, 447381.025000000023283 ], [ 143564.472, 447386.46999999997206 ], [ 143560.51, 447390.723999999987427 ], [ 143556.397, 447394.447999999974854 ], [ 143553.625, 447397.12300000002142 ], [ 143546.511999999987893, 447403.988000000012107 ], [ 143546.191, 447404.297000000020489 ], [ 143536.856999999989057, 447410.381999999983236 ], [ 143536.685999999986961, 447410.481000000028871 ], [ 143516.237, 447422.25 ], [ 143511.43, 447424.821 ], [ 143498.095, 447431.952999999979511 ], [ 143478.767, 447441.806999999971595 ], [ 143451.854, 447450.161000000021886 ], [ 143443.43, 447452.441999999980908 ], [ 143429.073, 447456.643999999971129 ], [ 143424.432, 447457.941 ], [ 143414.905, 447460.604 ], [ 143395.998, 447465.887999999977183 ], [ 143387.404, 447468.098999999987427 ], [ 143382.573, 447469.216000000014901 ], [ 143372.19, 447471.615999999979977 ], [ 143357.980000000010477, 447474.901000000012573 ], [ 143341.157, 447478.37599999998929 ], [ 143330.839, 447480.506999999983236 ], [ 143328.346, 447481.022 ], [ 143318.242, 447483.363000000012107 ], [ 143310.284000000014203, 447485.020000000018626 ], [ 143307.727000000013504, 447485.553000000014435 ], [ 143300.057999999989988, 447486.86099999997532 ], [ 143294.831, 447487.753000000026077 ], [ 143291.584, 447488.413999999989755 ], [ 143283.435999999986961, 447490.072999999974854 ], [ 143266.61799999998766, 447493.072999999974854 ], [ 143231.605000000010477, 447498.07 ], [ 143223.237, 447499.26400000002468 ], [ 143209.769, 447501.311999999976251 ], [ 143207.438, 447501.667000000015832 ], [ 143204.598999999987427, 447502.098999999987427 ], [ 143196.295000000012806, 447503.300999999977648 ], [ 143185.01, 447504.934 ], [ 143163.617, 447507.897999999986496 ], [ 143155.843, 447509.329000000027008 ], [ 143146.564000000013039, 447510.102000000013504 ], [ 143133.161, 447512.68 ], [ 143123.608, 447514.027 ], [ 143123.109, 447514.097 ], [ 143108.221, 447516.629000000015367 ], [ 143090.693999999988591, 447519.593 ], [ 143070.976, 447522.685999999986961 ], [ 143057.062, 447525.113000000012107 ], [ 143037.85999999998603, 447528.077 ], [ 143017.756, 447531.169999999983702 ], [ 143003.805, 447533.419 ], [ 142996.494, 447534.696999999985565 ], [ 142991.096, 447535.641 ], [ 142981.51, 447536.903 ], [ 142975.195, 447537.800999999977648 ], [ 142965.529, 447539.863000000012107 ], [ 142956.25099999998929, 447541.409999999974389 ], [ 142917.813, 447548.782 ], [ 142902.177, 447551.631999999983236 ], [ 142896.532, 447552.661000000021886 ], [ 142893.568, 447553.563000000023749 ], [ 142882.356, 447558.202999999979511 ], [ 142854.104, 447568.783 ], [ 142817.121000000013737, 447581.544 ], [ 142796.76, 447588.37400000001071 ], [ 142786.24299999998766, 447591.465000000025611 ], [ 142781.242, 447592.935 ], [ 142765.261999999987893, 447596.157 ], [ 142751.454999999987194, 447598.87400000001071 ], [ 142731.995, 447602.224999999976717 ], [ 142715.886, 447605.06 ], [ 142705.812, 447607.087 ], [ 142703.454, 447607.59499999997206 ], [ 142697.435, 447608.891 ], [ 142686.738000000012107, 447611.984 ], [ 142676.171, 447614.819000000017695 ], [ 142664.959, 447617.65500000002794 ], [ 142654.134, 447620.103 ], [ 142641.46, 447622.511 ], [ 142639.862, 447622.76400000002468 ], [ 142619.82, 447625.930999999982305 ], [ 142610.587999999988824, 447627.227000000013504 ], [ 142605.128999999986263, 447627.993000000016764 ], [ 142601.215999999985797, 447628.580000000016298 ], [ 142573.033, 447630.957 ], [ 142567.127, 447631.261999999987893 ], [ 142556.113000000012107, 447631.799 ], [ 142551.402, 447632.028 ], [ 142542.949, 447632.234 ], [ 142537.598999999987427, 447632.364 ], [ 142534.815, 447632.462 ], [ 142525.435999999986961, 447632.789999999979045 ], [ 142517.514, 447633.081 ], [ 142514.795000000012806, 447633.180999999982305 ], [ 142499.142, 447634.770000000018626 ], [ 142484.443999999988591, 447636.441 ], [ 142482.419, 447636.907 ], [ 142480.492, 447637.349999999976717 ], [ 142465.527, 447642.351000000024214 ], [ 142437.836000000010245, 447651.843999999982771 ], [ 142400.931000000011409, 447664.472 ], [ 142392.663, 447667.238000000012107 ], [ 142389.312, 447668.359 ], [ 142374.622, 447673.087 ], [ 142346.661, 447681.197999999974854 ], [ 142317.676, 447688.571999999985565 ], [ 142298.026000000012573, 447692.928000000014435 ], [ 142286.144999999989523, 447695.561999999976251 ], [ 142287.448, 447698.767 ], [ 142302.15, 447734.917000000015832 ], [ 142322.153, 447786.847 ], [ 142324.413, 447792.990999999979977 ], [ 142325.181000000011409, 447795.077999999979511 ], [ 142327.131, 447800.37699999997858 ], [ 142329.799, 447807.163999999989755 ], [ 142329.840999999985797, 447807.270000000018626 ], [ 142331.343, 447811.087999999988824 ], [ 142339.473, 447834.553000000014435 ], [ 142350.715, 447868.418 ], [ 142353.788, 447878.438000000023749 ], [ 142354.227000000013504, 447879.868000000016764 ], [ 142356.646, 447887.756999999983236 ], [ 142360.949, 447900.75 ], [ 142363.797, 447909.348 ], [ 142365.291999999986729, 447913.869 ], [ 142374.522999999986496, 447937.645000000018626 ], [ 142384.941, 447965.288 ], [ 142391.704, 447983.705000000016298 ], [ 142392.263, 447985.229999999981374 ], [ 142391.345, 447987.087999999988824 ], [ 142390.670000000012806, 447988.454000000027008 ], [ 142376.495, 448003.037000000011176 ], [ 142370.242, 448009.443000000028405 ], [ 142353.24900000001071, 448026.848999999987427 ], [ 142339.202, 448041.49800000002142 ], [ 142330.057999999989988, 448052.065 ], [ 142316.817000000010012, 448068.548 ], [ 142308.84, 448080.177000000025146 ], [ 142307.72, 448082.129000000015367 ], [ 142304.884, 448087.07 ], [ 142296.801, 448101.882999999972526 ], [ 142291.548, 448112.254000000015367 ], [ 142285.579999999987194, 448124.407 ], [ 142280.86799999998766, 448133.547000000020489 ], [ 142273.545000000012806, 448147.968 ], [ 142264.805, 448163.99800000002142 ], [ 142263.215, 448166.789999999979045 ], [ 142262.407, 448168.208999999973457 ], [ 142256.677, 448178.267999999981839 ], [ 142249.275, 448192.441999999980908 ], [ 142244.237, 448200.277 ], [ 142240.378, 448205.587 ], [ 142233.938, 448213.909999999974389 ], [ 142221.709, 448227.62300000002142 ], [ 142220.454, 448229.071 ], [ 142214.615, 448235.806999999971595 ], [ 142213.013, 448237.656000000017229 ], [ 142199.578, 448252.64000000001397 ], [ 142195.435999999986961, 448257.689000000013039 ], [ 142188.786, 448266.071999999985565 ], [ 142181.897, 448274.962999999988824 ], [ 142175.959, 448282.420999999972992 ], [ 142172.084, 448288.267999999981839 ], [ 142168.546, 448294.159999999974389 ], [ 142165.248, 448300.560999999986961 ], [ 142160.128, 448311.516 ], [ 142153.663999999989755, 448325.94 ], [ 142148.905, 448337.658 ], [ 142145.179, 448346.898999999975786 ], [ 142139.157, 448362.407 ], [ 142133.420000000012806, 448376.818000000028405 ], [ 142129.693999999988591, 448385.297000000020489 ], [ 142134.62, 448397.218 ], [ 142132.57, 448401.112000000022817 ], [ 142126.605000000010477, 448415.28000000002794 ], [ 142122.43, 448426.871999999973923 ], [ 142112.698, 448455.840000000025611 ], [ 142109.299, 448466.653999999980442 ], [ 142102.941, 448486.881 ], [ 142099.586000000010245, 448497.397999999986496 ], [ 142096.179, 448510.321999999985565 ], [ 142095.162000000011176, 448515.592 ], [ 142093.951, 448521.864 ], [ 142091.543, 448538.346000000019558 ], [ 142090.082, 448558.181999999971595 ], [ 142089.853, 448563.74900000001071 ], [ 142089.698, 448567.525000000023283 ], [ 142089.748, 448579.043 ], [ 142089.835, 448579.93 ], [ 142090.744, 448589.244 ], [ 142093.668, 448637.987000000022817 ], [ 142094.287000000011176, 448638.150000000023283 ], [ 142095.799, 448655.226000000024214 ], [ 142096.817000000010012, 448677.988000000012107 ], [ 142097.231999999989057, 448690.53000000002794 ], [ 142102.096, 448735.342 ], [ 142103.102000000013504, 448743.579000000027008 ], [ 142106.256, 448764.24 ], [ 142106.573, 448766.318000000028405 ], [ 142106.932, 448768.669999999983702 ], [ 142107.810999999986961, 448773.84499999997206 ], [ 142108.283, 448776.62599999998929 ], [ 142114.063, 448797.022 ], [ 142118.481999999989057, 448818.710000000020955 ], [ 142127.60999999998603, 448862.005 ], [ 142128.87400000001071, 448868.276000000012573 ], [ 142130.638, 448877.563000000023749 ], [ 142133.511, 448892.68 ], [ 142145.809, 448963.479999999981374 ], [ 142147.200000000011642, 448966.490999999979977 ], [ 142149.071, 448968.041000000026543 ], [ 142152.858, 448982.912000000011176 ], [ 142156.859, 449000.0 ], [ 142160.054, 449013.853 ], [ 142171.326, 449062.723999999987427 ], [ 142175.753, 449081.634000000020023 ], [ 142177.158, 449087.635 ], [ 142178.233, 449092.226000000024214 ], [ 142192.43, 449152.863000000012107 ], [ 142215.207, 449256.825000000011642 ], [ 142216.003, 449265.902 ], [ 142216.082, 449274.318000000028405 ], [ 142215.9698, 449274.841399999975692 ], [ 142371.8298, 449324.1203 ], [ 142372.4375, 449324.3125 ], [ 142394.73430000001099, 449276.093899999978021 ], [ 143135.1249, 449540.093899999978021 ], [ 143534.8125, 449732.3125 ], [ 143585.9062, 449660.593899999978021 ], [ 143875.546899999986636, 449820.6876 ], [ 143857.2499, 449888.593899999978021 ], [ 144079.0937, 450000.0001 ], [ 144834.10930000001099, 450493.6876 ], [ 144765.067000000010012, 450543.011400000017602 ], [ 144720.6987, 450606.277500000025611 ], [ 144683.518099999986589, 450699.228899999987334 ], [ 144661.6472, 450777.963999999978114 ], [ 144690.079300000012154, 450885.131500000017695 ], [ 144750.2243, 450986.831200000015087 ], [ 144785.2177, 451062.285800000012387 ], [ 144853.271799999987707, 451136.091000000014901 ], [ 144861.10930000001099, 451135.0001 ], [ 144947.0155, 451185.1876 ], [ 145125.0155, 451295.3126 ], [ 145162.921899999986636, 451366.0001 ], [ 145196.0, 451619.593899999978021 ], [ 145210.2813, 451728.156399999978021 ], [ 145687.9062, 451676.8126 ], [ 145692.5465, 451676.593999999982771 ] ], [ [ 144616.8438, 448510.718799999973271 ], [ 144749.625, 448377.9375 ], [ 144804.171899999986636, 448354.218799999973271 ], [ 144865.828100000013364, 448351.875 ], [ 145016.8437, 448056.593899999978021 ], [ 145007.828, 448039.093799999973271 ], [ 144978.3125, 447864.406299999973271 ], [ 145003.984399999986636, 447730.406299999973271 ], [ 145167.0937, 447400.406399999978021 ], [ 145480.67180000001099, 447586.406399999978021 ], [ 145453.3749, 447616.1876 ], [ 145409.48430000001099, 447643.406299999973271 ], [ 145372.5624, 447659.3126 ], [ 145288.6562, 447675.593899999978021 ], [ 145220.5624, 447712.3126 ], [ 145170.875, 447800.5001 ], [ 145172.515600000013364, 447965.6876 ], [ 145260.92180000001099, 448171.593899999978021 ], [ 145349.0312, 448279.6876 ], [ 145490.42180000001099, 448386.593899999978021 ], [ 145781.828, 448532.5001 ], [ 145526.42180000001099, 448767.6876 ], [ 145183.29680000001099, 448707.406399999978021 ], [ 145126.6562, 448856.9376 ], [ 144825.5155, 448655.3751 ], [ 144616.8438, 448510.718799999973271 ] ] ] ] } }
]
}
