{
"type": "FeatureCollection",
"name": "Dantumadiel",
"crs": { "type": "name", "properties": { "name": "urn:ogc:def:crs:EPSG::28992" } },
"features": [
{ "type": "Feature", "properties": { "buurtcode": "BU18910000", "buurtnaam": "Damwâld", "pc6_codes": "9104AB, 9104AD, 9104AG, 9104AH, 9104AJ, 9104AK, 9104AL, 9104BA, 9104BB, 9104BC, 9104BD, 9104BE, 9104BG, 9104BH, 9104BJ, 9104BK, 9104BL, 9104BM, 9104BN, 9104BP, 9104BR, 9104BS, 9104BT, 9104BV, 9104BW, 9104BX, 9104BZ, 9104CA, 9104CB, 9104CC, 9104CD, 9104CE, 9104CG, 9104CH, 9104CJ, 9104CK, 9104CL, 9104CM, 9104CN, 9104CP, 9104CR, 9104CS, 9104CT, 9104CV, 9104CW, 9104CX, 9104CZ, 9104DA, 9104DB, 9104DC, 9104DD, 9104DE, 9104DG, 9104DH, 9104DJ, 9104DK, 9104DL, 9104DM, 9104DN, 9104DP, 9104DR, 9104DS, 9104DT, 9104DV, 9104DX, 9104DZ, 9104EA, 9104EB, 9104ED, 9104EE, 9104EG, 9104EH, 9104EJ, 9104EK, 9104EL, 9104EM, 9104EN, 9104EP, 9104ER, 9104EV, 9104EW, 9104EX, 9104EZ, 9104GA, 9104GB, 9104GC, 9104GD, 9104GE, 9104GG, 9104GH, 9104GJ, 9104GK, 9104GL, 9104GM, 9104GN, 9104GP, 9104GR, 9104GS, 9104GT, 9104GV, 9104GW, 9104GX, 9104GZ, 9104HA, 9104HB, 9104HC, 9104HD, 9104HE, 9104HG, 9104HH, 9104HJ, 9104HK, 9104HL, 9104HM, 9104HN, 9104HP, 9104HR, 9104HS, 9104HT, 9104HV, 9104HW, 9104HX, 9104HZ, 9104JA, 9104JB, 9104JC, 9104JD, 9104JE, 9104JG, 9104JH, 9104JJ, 9104JK, 9104JL, 9104JM, 9104JN, 9104JP, 9104JR, 9104JS, 9104JT, 9104JX, 9104JZ, 9104KA, 9104KB, 9104LA, 9108EL, 9108MA", "wijkcode": "WK189100", "gemeentecode": "GM1891", "gemeentenaam": "Dantumadiel", "oppervlakteLandInHa": 644, "AantalInwoners_5": 5605, "Mannen_6": 2785, "Vrouwen_7": 2815, "HuishoudensTotaal_29": 2375, "GemiddeldeHuishoudensgrootte_33": 2.3, "Woningvoorraad_35": 2387, "NieuwbouwWoningen_36": 2, "NietWoningvoorraad_37": 239, "NieuwbouwNietWoningen_38": 0, "GemiddeldeWOZWaardeVanWoningen_39": 306, "PercentageEengezinswoning_40": 91, "PercentageTussenwoningEengezins_41": 14, "PercentageHoekwoningEengezins_42": 12, "PercentageTweeOnderEenKapWoningEe_43": 19, "PercentageVrijstaandeWoningEengezins_44": 46, "PercentageMeergezinswoning_45": 9, "Koopwoningen_47": 65, "HuurwoningenTotaal_48": 35, "InBezitWoningcorporatie_49": 30, "InBezitOverigeVerhuurders_50": 4, "BouwjaarMeerDanTienJaarGeleden_51": 96, "BouwjaarAfgelopenTienJaar_52": 4, "GemiddeldeElektriciteitslevering_53": 2460, "GemiddeldeElektriciteitsteruglevering_54": 1300, "GemiddeldAardgasverbruik_55": 980, "AardgasvrijeWoningen_57": 3, "Aardgaswoningen_58": 89, "WoningenMetZonnestroom_59": 60, "WoningenHoofdzElektrVerwarmd_60": 10, "k_20PersonenMetHoogsteInkomen_80": 10.4, "k_20HuishoudensMetHoogsteInkomen_85": 14.3, "MediaanVermogenVanParticuliereHuish_86": 202.7, "PersonenautoSTotaal_104": 2965, "PersonenautoSBrandstofBenzine_105": 2260, "PersonenautoSOverigeBrandstof_106": 705, "PersonenautoSPerHuishouden_107": 1.2, "Omgevingsadressendichtheid_121": 579, "AantalInstallatiesBijWoningen_5": 1217, "OpgesteldVermogenVanZonnepanelen_6": 3981, "installaties_per_woning": 0.50984499371596148, "vermogen_per_woning": 1.6677838290741516, "installaties_per_100_woningen": 50.984499371596151, "vermogen_per_huishouden": 1.6762105263157894, "batterijdruk_score": 780.0, "koop_zon_score": 0.39, "eengezins_zon_score": 0.546, "betaalkracht_zon_score": 121.62, "overige_brandstof_zon_score": 423.0, "lichte_batterij_kansscore": 0.48195738467286764 }, "geometry": { "type": "MultiPolygon", "coordinates": [ [ [ [ 195607.79680000001099, 590311.812599999946542 ], [ 195943.9999, 590363.187599999946542 ], [ 195984.4063, 590044.687599999946542 ], [ 196184.9999, 590062.625099999946542 ], [ 196615.0937, 590131.812599999946542 ], [ 197218.9063, 590246.687599999946542 ], [ 197233.0, 588734.125099999946542 ], [ 196649.4999, 588675.125099999946542 ], [ 196123.0, 588539.312599999946542 ], [ 196114.703100000013364, 588595.625 ], [ 195923.9098, 588535.20140000001993 ], [ 195939.797, 588473.521799999987707 ], [ 195938.4392, 588424.640499999979511 ], [ 195821.6672, 588404.2733 ], [ 195752.418800000014016, 588379.832700000028126 ], [ 195658.7298, 588352.676300000050105 ], [ 195650.5829, 588387.979500000015832 ], [ 195555.536, 588354.034100000048056 ], [ 195534.296200000011595, 588404.8249 ], [ 195534.075600000011036, 588404.751000000047497 ], [ 195489.5, 588389.8125 ], [ 194848.4999, 588170.312599999946542 ], [ 194554.0, 588077.3125 ], [ 194447.0938, 588243.875 ], [ 194312.203100000013364, 588401.625 ], [ 194211.0938, 588545.125 ], [ 194151.296899999986636, 588642.875 ], [ 194047.0938, 588736.8125 ], [ 193927.5, 588800.125 ], [ 193838.5, 588896.8125 ], [ 193741.703100000013364, 589003.5 ], [ 193645.203100000013364, 589142.125 ], [ 193585.4063, 589292.5 ], [ 193514.203, 589483.812599999946542 ], [ 193562.0937, 589560.375099999946542 ], [ 193494.5938, 589668.8125 ], [ 193526.4999, 589706.125099999946542 ], [ 193439.9999, 589857.812599999946542 ], [ 193473.29680000001099, 589938.625099999946542 ], [ 193593.5937, 590015.812599999946542 ], [ 193797.9999, 590087.812599999946542 ], [ 194489.5937, 590321.187599999946542 ], [ 195014.9999, 590489.500099999946542 ], [ 195557.29680000001099, 590626.312599999946542 ], [ 195607.79680000001099, 590311.812599999946542 ] ] ] ] } },
{ "type": "Feature", "properties": { "buurtcode": "BU18910001", "buurtnaam": "Broeksterwâld", "pc6_codes": "9108AJ, 9108AK, 9108AL, 9108LA, 9108LB, 9108LC, 9108MA, 9108MB, 9108MC, 9108MD, 9108ME, 9108MG, 9108MH, 9108MJ, 9108MK, 9108ML, 9108MN, 9108MP, 9108MR, 9108MS, 9108MT, 9108MV, 9108MX, 9108MZ, 9108NA, 9108NB, 9108NC, 9108ND, 9108NE, 9108NG, 9108NH, 9108NJ, 9108NK, 9108NL, 9108NM, 9108NN, 9108NP, 9108NR, 9109NP, 9109NR, 9109NW", "wijkcode": "WK189100", "gemeentecode": "GM1891", "gemeentenaam": "Dantumadiel", "oppervlakteLandInHa": 165, "AantalInwoners_5": 1110, "Mannen_6": 565, "Vrouwen_7": 545, "HuishoudensTotaal_29": 455, "GemiddeldeHuishoudensgrootte_33": 2.4, "Woningvoorraad_35": 455, "NieuwbouwWoningen_36": 1, "NietWoningvoorraad_37": 32, "NieuwbouwNietWoningen_38": 1, "GemiddeldeWOZWaardeVanWoningen_39": 320, "PercentageEengezinswoning_40": 99, "PercentageTussenwoningEengezins_41": 20, "PercentageHoekwoningEengezins_42": 10, "PercentageTweeOnderEenKapWoningEe_43": 10, "PercentageVrijstaandeWoningEengezins_44": 59, "PercentageMeergezinswoning_45": 1, "Koopwoningen_47": 74, "HuurwoningenTotaal_48": 26, "InBezitWoningcorporatie_49": 22, "InBezitOverigeVerhuurders_50": 3, "BouwjaarMeerDanTienJaarGeleden_51": 91, "BouwjaarAfgelopenTienJaar_52": 9, "GemiddeldeElektriciteitslevering_53": 2870, "GemiddeldeElektriciteitsteruglevering_54": 1440, "GemiddeldAardgasverbruik_55": 1030, "AardgasvrijeWoningen_57": 7, "Aardgaswoningen_58": 82, "WoningenMetZonnestroom_59": 60, "WoningenHoofdzElektrVerwarmd_60": 15, "k_20PersonenMetHoogsteInkomen_80": 10.3, "k_20HuishoudensMetHoogsteInkomen_85": 17.1, "MediaanVermogenVanParticuliereHuish_86": 242.1, "PersonenautoSTotaal_104": 620, "PersonenautoSBrandstofBenzine_105": 430, "PersonenautoSOverigeBrandstof_106": 190, "PersonenautoSPerHuishouden_107": 1.4, "Omgevingsadressendichtheid_121": 179, "AantalInstallatiesBijWoningen_5": 218, "OpgesteldVermogenVanZonnepanelen_6": 793, "installaties_per_woning": 0.47912087912087914, "vermogen_per_woning": 1.7428571428571429, "installaties_per_100_woningen": 47.912087912087912, "vermogen_per_huishouden": 1.7428571428571429, "batterijdruk_score": 864.0, "koop_zon_score": 0.444, "eengezins_zon_score": 0.594, "betaalkracht_zon_score": 145.26, "overige_brandstof_zon_score": 114.0, "lichte_batterij_kansscore": 0.5109108897278285 }, "geometry": { "type": "MultiPolygon", "coordinates": [ [ [ [ 195648.4999, 587988.875099999946542 ], [ 195945.29680000001099, 588041.812599999946542 ], [ 196185.5938, 588110.312599999946542 ], [ 196220.203100000013364, 587873.187599999946542 ], [ 196314.5937, 587900.375099999946542 ], [ 196327.9063, 587749.312599999946542 ], [ 196346.703100000013364, 587536.125099999946542 ], [ 196351.703100000013364, 587497.375099999946542 ], [ 196363.703100000013364, 587465.812599999946542 ], [ 196362.0938, 587385.000099999946542 ], [ 196319.9062, 587366.875099999946542 ], [ 196336.296899999986636, 587313.312599999946542 ], [ 196281.5937, 587317.187599999946542 ], [ 196293.29680000001099, 587241.125099999946542 ], [ 196257.79680000001099, 587234.687599999946542 ], [ 196254.0938, 587169.812599999946542 ], [ 196168.4062, 587161.625099999946542 ], [ 196048.9999, 587099.312599999946542 ], [ 196004.4999, 587100.312599999946542 ], [ 195775.0937, 586976.625099999946542 ], [ 195708.703, 586926.312599999946542 ], [ 195346.296899999986636, 586719.8125 ], [ 195178.5938, 586780.3125 ], [ 194702.5, 587442.875 ], [ 194636.703100000013364, 587502.8125 ], [ 194620.0, 587564.3125 ], [ 194567.296899999986636, 587709.6875 ], [ 194993.203100000013364, 587894.5 ], [ 194977.4063, 587935.625 ], [ 195555.79680000001099, 588179.000099999946542 ], [ 195648.4999, 587988.875099999946542 ] ] ] ] } },
{ "type": "Feature", "properties": { "buurtcode": "BU18910002", "buurtnaam": "De Falom", "pc6_codes": "9109AH, 9109NR, 9109NS, 9109NT, 9109NV, 9109NW, 9109NX, 9109NZ, 9269HA", "wijkcode": "WK189100", "gemeentecode": "GM1891", "gemeentenaam": "Dantumadiel", "oppervlakteLandInHa": 360, "AantalInwoners_5": 240, "Mannen_6": 130, "Vrouwen_7": 110, "HuishoudensTotaal_29": 85, "GemiddeldeHuishoudensgrootte_33": 2.8, "Woningvoorraad_35": 87, "NieuwbouwWoningen_36": 1, "NietWoningvoorraad_37": 5, "NieuwbouwNietWoningen_38": 0, "GemiddeldeWOZWaardeVanWoningen_39": 435, "PercentageEengezinswoning_40": 99, "PercentageTussenwoningEengezins_41": 0, "PercentageHoekwoningEengezins_42": 0, "PercentageTweeOnderEenKapWoningEe_43": 3, "PercentageVrijstaandeWoningEengezins_44": 95, "PercentageMeergezinswoning_45": 1, "Koopwoningen_47": 94, "HuurwoningenTotaal_48": 6, "InBezitWoningcorporatie_49": 0, "InBezitOverigeVerhuurders_50": 6, "BouwjaarMeerDanTienJaarGeleden_51": 98, "BouwjaarAfgelopenTienJaar_52": 2, "GemiddeldeElektriciteitslevering_53": 3810, "GemiddeldeElektriciteitsteruglevering_54": 2350, "GemiddeldAardgasverbruik_55": 1030, "AardgasvrijeWoningen_57": null, "Aardgaswoningen_58": null, "WoningenMetZonnestroom_59": null, "WoningenHoofdzElektrVerwarmd_60": null, "k_20PersonenMetHoogsteInkomen_80": 17.6, "k_20HuishoudensMetHoogsteInkomen_85": null, "MediaanVermogenVanParticuliereHuish_86": null, "PersonenautoSTotaal_104": 155, "PersonenautoSBrandstofBenzine_105": 105, "PersonenautoSOverigeBrandstof_106": 50, "PersonenautoSPerHuishouden_107": 1.8, "Omgevingsadressendichtheid_121": 66, "AantalInstallatiesBijWoningen_5": 40, "OpgesteldVermogenVanZonnepanelen_6": 220, "installaties_per_woning": 0.45977011494252873, "vermogen_per_woning": 2.5287356321839081, "installaties_per_100_woningen": 45.977011494252871, "vermogen_per_huishouden": 2.5882352941176472, "batterijdruk_score": null, "koop_zon_score": null, "eengezins_zon_score": null, "betaalkracht_zon_score": null, "overige_brandstof_zon_score": null, "lichte_batterij_kansscore": null }, "geometry": { "type": "MultiPolygon", "coordinates": [ [ [ [ 196597.9063, 587618.875099999946542 ], [ 196841.9999, 587664.000099999946542 ], [ 196862.5938, 587553.687599999946542 ], [ 197070.4062, 587555.187599999946542 ], [ 197064.79680000001099, 587497.875099999946542 ], [ 197051.703100000013364, 587379.125099999946542 ], [ 197384.5937, 587381.687599999946542 ], [ 197396.296899999986636, 587384.625099999946542 ], [ 197399.578100000013364, 587358.000099999946542 ], [ 197858.296899999986636, 587343.812599999946542 ], [ 197858.296899999986636, 587339.812599999946542 ], [ 197858.296899999986636, 587337.000099999946542 ], [ 197856.296899999986636, 586873.500099999946542 ], [ 197860.79680000001099, 586684.812599999946542 ], [ 197801.0937, 586616.812599999946542 ], [ 197714.9062, 586578.125099999946542 ], [ 197480.79680000001099, 586524.875099999946542 ], [ 197377.5937, 586475.625099999946542 ], [ 197321.29680000001099, 586434.375099999946542 ], [ 197315.4062, 586225.8125 ], [ 196721.203, 585449.125099999946542 ], [ 196520.9062, 585174.687599999946542 ], [ 196414.0937, 585115.187599999946542 ], [ 196356.0001, 584829.625 ], [ 196351.0938, 584805.625099999946542 ], [ 195574.4999, 585924.375099999946542 ], [ 195666.29680000001099, 586012.375099999946542 ], [ 195572.4063, 586164.875 ], [ 195667.4063, 586208.875 ], [ 195346.296899999986636, 586719.8125 ], [ 195708.703, 586926.312599999946542 ], [ 195775.0937, 586976.625099999946542 ], [ 196004.4999, 587100.312599999946542 ], [ 196048.9999, 587099.312599999946542 ], [ 196168.4062, 587161.625099999946542 ], [ 196254.0938, 587169.812599999946542 ], [ 196257.79680000001099, 587234.687599999946542 ], [ 196293.29680000001099, 587241.125099999946542 ], [ 196281.5937, 587317.187599999946542 ], [ 196336.296899999986636, 587313.312599999946542 ], [ 196319.9062, 587366.875099999946542 ], [ 196362.0938, 587385.000099999946542 ], [ 196363.703100000013364, 587465.812599999946542 ], [ 196351.703100000013364, 587497.375099999946542 ], [ 196346.703100000013364, 587536.125099999946542 ], [ 196327.9063, 587749.312599999946542 ], [ 196453.5938, 587768.8125 ], [ 196438.4063, 587809.3125 ], [ 196569.9062, 587819.875099999946542 ], [ 196597.9063, 587618.875099999946542 ] ] ] ] } },
{ "type": "Feature", "properties": { "buurtcode": "BU18910008", "buurtnaam": "Verspreide huizen Damwâld", "pc6_codes": "9104AA, 9104AB, 9104AC, 9104AD, 9104AE, 9104AH, 9104AJ, 9104AK, 9104AL, 9104BA, 9104GT, 9104GZ, 9105AT, 9109AH", "wijkcode": "WK189100", "gemeentecode": "GM1891", "gemeentenaam": "Dantumadiel", "oppervlakteLandInHa": 730, "AantalInwoners_5": 85, "Mannen_6": 40, "Vrouwen_7": 45, "HuishoudensTotaal_29": 25, "GemiddeldeHuishoudensgrootte_33": 3.2, "Woningvoorraad_35": 28, "NieuwbouwWoningen_36": 0, "NietWoningvoorraad_37": 5, "NieuwbouwNietWoningen_38": 0, "GemiddeldeWOZWaardeVanWoningen_39": 512, "PercentageEengezinswoning_40": 100, "PercentageTussenwoningEengezins_41": 0, "PercentageHoekwoningEengezins_42": 0, "PercentageTweeOnderEenKapWoningEe_43": 0, "PercentageVrijstaandeWoningEengezins_44": 100, "PercentageMeergezinswoning_45": 0, "Koopwoningen_47": 86, "HuurwoningenTotaal_48": 14, "InBezitWoningcorporatie_49": 0, "InBezitOverigeVerhuurders_50": 14, "BouwjaarMeerDanTienJaarGeleden_51": 89, "BouwjaarAfgelopenTienJaar_52": 11, "GemiddeldeElektriciteitslevering_53": 4370, "GemiddeldeElektriciteitsteruglevering_54": 3200, "GemiddeldAardgasverbruik_55": 1580, "AardgasvrijeWoningen_57": null, "Aardgaswoningen_58": null, "WoningenMetZonnestroom_59": null, "WoningenHoofdzElektrVerwarmd_60": null, "k_20PersonenMetHoogsteInkomen_80": null, "k_20HuishoudensMetHoogsteInkomen_85": null, "MediaanVermogenVanParticuliereHuish_86": null, "PersonenautoSTotaal_104": 25, "PersonenautoSBrandstofBenzine_105": 20, "PersonenautoSOverigeBrandstof_106": 10, "PersonenautoSPerHuishouden_107": null, "Omgevingsadressendichtheid_121": 68, "AantalInstallatiesBijWoningen_5": 4, "OpgesteldVermogenVanZonnepanelen_6": 27, "installaties_per_woning": 0.14285714285714285, "vermogen_per_woning": 0.9642857142857143, "installaties_per_100_woningen": 14.285714285714285, "vermogen_per_huishouden": 1.08, "batterijdruk_score": null, "koop_zon_score": null, "eengezins_zon_score": null, "betaalkracht_zon_score": null, "overige_brandstof_zon_score": null, "lichte_batterij_kansscore": null }, "geometry": { "type": "MultiPolygon", "coordinates": [ [ [ [ 197239.703100000013364, 588022.625099999946542 ], [ 197395.9062, 588032.875099999946542 ], [ 197393.203, 587849.187599999946542 ], [ 197348.703, 587853.687599999946542 ], [ 197336.703100000013364, 587704.812599999946542 ], [ 197388.79680000001099, 587705.500099999946542 ], [ 197387.703, 587497.687599999946542 ], [ 197396.296899999986636, 587384.625099999946542 ], [ 197384.5937, 587381.687599999946542 ], [ 197051.703100000013364, 587379.125099999946542 ], [ 197064.79680000001099, 587497.875099999946542 ], [ 197070.4062, 587555.187599999946542 ], [ 196862.5938, 587553.687599999946542 ], [ 196841.9999, 587664.000099999946542 ], [ 196597.9063, 587618.875099999946542 ], [ 196569.9062, 587819.875099999946542 ], [ 196438.4063, 587809.3125 ], [ 196453.5938, 587768.8125 ], [ 196327.9063, 587749.312599999946542 ], [ 196314.5937, 587900.375099999946542 ], [ 196220.203100000013364, 587873.187599999946542 ], [ 196185.5938, 588110.312599999946542 ], [ 196123.0, 588539.312599999946542 ], [ 196649.4999, 588675.125099999946542 ], [ 197233.0, 588734.125099999946542 ], [ 197239.703100000013364, 588022.625099999946542 ] ] ], [ [ [ 193696.9063, 588499.625 ], [ 193577.5, 588634.6875 ], [ 193593.5937, 588670.375099999946542 ], [ 193277.5938, 589106.125 ], [ 193514.203, 589483.812599999946542 ], [ 193585.4063, 589292.5 ], [ 193645.203100000013364, 589142.125 ], [ 193741.703100000013364, 589003.5 ], [ 193838.5, 588896.8125 ], [ 193927.5, 588800.125 ], [ 194047.0938, 588736.8125 ], [ 194151.296899999986636, 588642.875 ], [ 194211.0938, 588545.125 ], [ 194312.203100000013364, 588401.625 ], [ 194447.0938, 588243.875 ], [ 194554.0, 588077.3125 ], [ 194523.0937, 588067.625099999946542 ], [ 194370.4062, 588029.875099999946542 ], [ 194212.4999, 587910.312599999946542 ], [ 194090.5, 587812.5 ], [ 193696.9063, 588499.625 ] ] ], [ [ [ 193976.535, 591844.886999999987893 ], [ 193980.673, 591834.133000000030734 ], [ 194004.367, 591772.865 ], [ 194021.568999999988591, 591728.49800000002142 ], [ 194022.424, 591726.294 ], [ 194033.809, 591696.383000000030734 ], [ 194046.907, 591663.015999999945052 ], [ 194056.456, 591638.224999999976717 ], [ 194059.14000000001397, 591631.724000000045635 ], [ 194071.303000000014435, 591599.726000000024214 ], [ 194072.097, 591598.802000000025146 ], [ 194072.397999999986496, 591598.462999999988824 ], [ 194073.002, 591598.216999999945983 ], [ 194075.013, 591598.231999999959953 ], [ 194082.619, 591600.736000000033528 ], [ 194084.363000000012107, 591600.868999999947846 ], [ 194085.584, 591600.876000000047497 ], [ 194086.298, 591600.645999999949709 ], [ 194086.807999999989988, 591600.272 ], [ 194087.282, 591599.689000000013039 ], [ 194087.843, 591598.983 ], [ 194088.36799999998766, 591598.067999999970198 ], [ 194088.695, 591597.258999999961816 ], [ 194088.989, 591596.67000000004191 ], [ 194092.646, 591586.824999999953434 ], [ 194111.10999999998603, 591539.685000000055879 ], [ 194151.492, 591553.812999999965541 ], [ 194161.778, 591526.773000000044703 ], [ 194168.962999999988824, 591507.883999999961816 ], [ 194170.055, 591505.013999999966472 ], [ 194171.283, 591501.787000000011176 ], [ 194189.894999999989523, 591452.859000000054948 ], [ 194207.616, 591405.988999999943189 ], [ 194239.279, 591322.008000000030734 ], [ 194254.99900000001071, 591324.131000000052154 ], [ 194297.486, 591340.912999999942258 ], [ 194325.112, 591350.115 ], [ 194329.872, 591352.136999999987893 ], [ 194336.617, 591352.505 ], [ 194344.083000000013271, 591352.912999999942258 ], [ 194352.471, 591353.371999999973923 ], [ 194371.090999999985797, 591353.995 ], [ 194432.340999999985797, 591366.991000000038184 ], [ 194475.64000000001397, 591376.179 ], [ 194501.413999999989755, 591381.069000000017695 ], [ 194508.195, 591382.746000000042841 ], [ 194522.43, 591386.88 ], [ 194525.339, 591384.856999999959953 ], [ 194531.726, 591380.412999999942258 ], [ 194540.862, 591382.224999999976717 ], [ 194553.937, 591394.236000000033528 ], [ 194598.174, 591422.055999999982305 ], [ 194605.225, 591425.515999999945052 ], [ 194612.918, 591430.288999999989755 ], [ 194656.377, 591457.251000000047497 ], [ 194664.141, 591461.522 ], [ 194671.577, 591465.131000000052154 ], [ 194695.995, 591476.143999999971129 ], [ 194760.642, 591501.834999999962747 ], [ 194782.821999999985565, 591507.73499999998603 ], [ 194783.848, 591504.724999999976717 ], [ 194787.215999999985797, 591505.491999999969266 ], [ 194808.602000000013504, 591510.363999999943189 ], [ 194831.791999999986729, 591518.386000000056811 ], [ 194876.37599999998929, 591537.142 ], [ 194875.174999999988358, 591543.949000000022352 ], [ 194879.916999999986729, 591545.520999999949709 ], [ 194878.046, 591552.121999999973923 ], [ 194906.995, 591564.633999999961816 ], [ 194930.894999999989523, 591573.037000000011176 ], [ 194945.087999999988824, 591576.712999999988824 ], [ 194947.476, 591577.667999999946915 ], [ 194952.226, 591577.452999999979511 ], [ 194955.771, 591577.292000000015832 ], [ 195022.236, 591589.118000000016764 ], [ 195013.513, 591624.655999999959022 ], [ 195061.461000000010245, 591642.669 ], [ 195065.495, 591644.184 ], [ 195121.835, 591665.349999999976717 ], [ 195131.166999999986729, 591668.856000000028871 ], [ 195154.372, 591676.337999999988824 ], [ 195162.172, 591678.305999999982305 ], [ 195163.146, 591678.577999999979511 ], [ 195167.35999999998603, 591678.853 ], [ 195189.256, 591682.471000000019558 ], [ 195192.351, 591682.947000000043772 ], [ 195199.511, 591683.481999999959953 ], [ 195214.647999999986496, 591684.089999999967404 ], [ 195225.340999999985797, 591684.307999999960884 ], [ 195247.364, 591685.319000000017695 ], [ 195268.0, 591684.305999999982305 ], [ 195276.162000000011176, 591684.204000000027008 ], [ 195294.467, 591684.665000000037253 ], [ 195404.280999999988126, 591690.829000000027008 ], [ 195411.818999999988591, 591691.25199999997858 ], [ 195412.63200000001234, 591682.152 ], [ 195438.532, 591685.341000000014901 ], [ 195443.079, 591686.067999999970198 ], [ 195444.108, 591686.233 ], [ 195453.783, 591687.319999999948777 ], [ 195464.533, 591688.604000000050291 ], [ 195465.385799999989104, 591688.731900000013411 ], [ 195466.454999999987194, 591688.892 ], [ 195477.759, 591690.586000000010245 ], [ 195496.135, 591693.60999999998603 ], [ 195514.361, 591696.908999999985099 ], [ 195531.938, 591699.959999999962747 ], [ 195550.965, 591703.907 ], [ 195564.967, 591706.837000000057742 ], [ 195582.644, 591710.488000000012107 ], [ 195608.449, 591716.425999999977648 ], [ 195611.199, 591716.672000000020489 ], [ 195613.298, 591716.794 ], [ 195615.247, 591715.966000000014901 ], [ 195617.795000000012806, 591714.312999999965541 ], [ 195621.340999999985797, 591712.109000000054948 ], [ 195623.39000000001397, 591711.555999999982305 ], [ 195626.564000000013039, 591711.62699999997858 ], [ 195632.24, 591712.917999999946915 ], [ 195640.942000000010012, 591715.030999999959022 ], [ 195667.149, 591722.819000000017695 ], [ 195676.774, 591724.729999999981374 ], [ 195685.651000000012573, 591726.366999999969266 ], [ 195694.227000000013504, 591727.88 ], [ 195702.852000000013504, 591729.442999999970198 ], [ 195709.503, 591730.709000000031665 ], [ 195713.803000000014435, 591731.327999999979511 ], [ 195718.953, 591731.995 ], [ 195723.452, 591731.863999999943189 ], [ 195747.698, 591731.88 ], [ 195763.046, 591731.48499999998603 ], [ 195774.119, 591731.319999999948777 ], [ 195782.61799999998766, 591731.307999999960884 ], [ 195792.44, 591730.618999999947846 ], [ 195804.46, 591728.40300000004936 ], [ 195816.453, 591725.087000000057742 ], [ 195828.048, 591721.821 ], [ 195848.786, 591716.393000000040047 ], [ 195861.480000000010477, 591713.275999999954365 ], [ 195866.403, 591712.194999999948777 ], [ 195877.546, 591708.479999999981374 ], [ 195897.335, 591702.253000000026077 ], [ 195908.103, 591698.663999999989755 ], [ 195918.72, 591694.650000000023283 ], [ 195931.636, 591689.383000000030734 ], [ 195937.106999999989057, 591687.050000000046566 ], [ 195940.13, 591686.197000000043772 ], [ 195942.555, 591685.544 ], [ 195945.068999999988591, 591684.984000000054948 ], [ 195945.574, 591684.871000000042841 ], [ 195949.655999999988126, 591684.841999999945983 ], [ 196000.358, 591689.076 ], [ 196057.715999999985797, 591692.435999999986961 ], [ 196078.615, 591693.052999999956228 ], [ 196089.976, 591692.25199999997858 ], [ 196104.046, 591690.378999999957159 ], [ 196114.086000000010245, 591688.439000000013039 ], [ 196116.768000000010943, 591686.706 ], [ 196130.681000000011409, 591682.106000000028871 ], [ 196141.920000000012806, 591678.37300000002142 ], [ 196157.029, 591673.692000000039116 ], [ 196168.318, 591669.957999999984168 ], [ 196179.772, 591666.819000000017695 ], [ 196190.621000000013737, 591663.446 ], [ 196202.214, 591659.903999999980442 ], [ 196208.407, 591657.99800000002142 ], [ 196213.316, 591656.674 ], [ 196219.48499999998603, 591655.768000000040047 ], [ 196236.089, 591654.746000000042841 ], [ 196262.774, 591653.469000000040978 ], [ 196294.543, 591651.812000000034459 ], [ 196335.87400000001071, 591649.113000000012107 ], [ 196378.446, 591646.136999999987893 ], [ 196421.741, 591644.082999999984168 ], [ 196442.984, 591642.844000000040978 ], [ 196463.188, 591641.59499999997206 ], [ 196463.397, 591637.805000000051223 ], [ 196464.419, 591619.246000000042841 ], [ 196466.428000000014435, 591589.212000000057742 ], [ 196474.256, 591588.562000000034459 ], [ 196477.780999999988126, 591588.268999999971129 ], [ 196481.083000000013271, 591587.995 ], [ 196499.315, 591586.479999999981374 ], [ 196540.336000000010245, 591583.115 ], [ 196565.590999999985797, 591581.309 ], [ 196617.888, 591581.224999999976717 ], [ 196621.219000000011874, 591539.941 ], [ 196621.891, 591510.868999999947846 ], [ 196701.902, 591510.052999999956228 ], [ 196784.848, 591508.109000000054948 ], [ 196798.776000000012573, 591507.417000000015832 ], [ 196824.087, 591501.76500000001397 ], [ 196874.375, 591487.368999999947846 ], [ 196917.00099999998929, 591475.071 ], [ 196921.027, 591473.908999999985099 ], [ 196920.864, 591477.157 ], [ 196971.445, 591479.937000000034459 ], [ 197014.285, 591482.795999999972992 ], [ 197028.956, 591481.547999999951571 ], [ 197031.487, 591484.518000000040047 ], [ 197069.458000000013271, 591485.566 ], [ 197070.36799999998766, 591485.591000000014901 ], [ 197070.392, 591485.591999999945983 ], [ 197073.758, 591485.685000000055879 ], [ 197103.13200000001234, 591486.878999999957159 ], [ 197105.191, 591486.962999999988824 ], [ 197119.967, 591487.451 ], [ 197120.318999999988591, 591487.462000000057742 ], [ 197120.794, 591487.478 ], [ 197128.327, 591487.726000000024214 ], [ 197140.723, 591488.447999999974854 ], [ 197190.956, 591491.332000000053085 ], [ 197192.24299999998766, 591547.949999999953434 ], [ 197197.23499999998603, 591548.211000000010245 ], [ 197197.267, 591548.212999999988824 ], [ 197198.64000000001397, 591548.285000000032596 ], [ 197205.177, 591550.743999999947846 ], [ 197205.215, 591550.758000000030734 ], [ 197205.362, 591550.812999999965541 ], [ 197216.795000000012806, 591554.883999999961816 ], [ 197221.116, 591556.207000000053085 ], [ 197229.481, 591558.34699999995064 ], [ 197237.261999999987893, 591559.709000000031665 ], [ 197240.128, 591559.84499999997206 ], [ 197245.432999999989988, 591560.098 ], [ 197247.919, 591560.248999999952503 ], [ 197248.351, 591560.275000000023283 ], [ 197249.089, 591560.319999999948777 ], [ 197251.852000000013504, 591560.48699999996461 ], [ 197255.011999999987893, 591560.908000000054017 ], [ 197255.011399999988498, 591578.412200000020675 ], [ 197278.79680000001099, 591565.3125 ], [ 197275.4063, 591248.187599999946542 ], [ 197272.796899999986636, 591009.125099999946542 ], [ 197211.9062, 590997.625099999946542 ], [ 197218.9063, 590246.687599999946542 ], [ 196615.0937, 590131.812599999946542 ], [ 196184.9999, 590062.625099999946542 ], [ 195984.4063, 590044.687599999946542 ], [ 195943.9999, 590363.187599999946542 ], [ 195607.79680000001099, 590311.812599999946542 ], [ 195557.29680000001099, 590626.312599999946542 ], [ 195014.9999, 590489.500099999946542 ], [ 194489.5937, 590321.187599999946542 ], [ 193797.9999, 590087.812599999946542 ], [ 193593.5937, 590015.812599999946542 ], [ 193473.29680000001099, 589938.625099999946542 ], [ 193439.9999, 589857.812599999946542 ], [ 193318.29680000001099, 590071.375099999946542 ], [ 193263.703100000013364, 590167.125 ], [ 193284.4999, 590177.125099999946542 ], [ 193379.29680000001099, 590222.687599999946542 ], [ 193344.0, 590290.1875 ], [ 193490.9062, 590383.687599999946542 ], [ 193392.0, 590560.875 ], [ 193443.203, 590580.687599999946542 ], [ 193172.4063, 591064.5 ], [ 193232.29680000001099, 591097.687599999946542 ], [ 193125.296899999986636, 591210.687599999946542 ], [ 193142.5, 591259.3125 ], [ 193127.5937, 591328.3125 ], [ 193048.5938, 591441.625 ], [ 193020.703, 591506.687599999946542 ], [ 192997.4062, 591561.125099999946542 ], [ 193114.703, 591631.312599999946542 ], [ 193302.296899999986636, 591720.8125 ], [ 193543.796899999986636, 591774.1875 ], [ 193544.703100000013364, 591702.375 ], [ 193588.703, 591695.312599999946542 ], [ 193666.203, 591743.375099999946542 ], [ 193854.296899999986636, 591845.000099999946542 ], [ 193795.79680000001099, 592038.000099999946542 ], [ 193897.5872, 592030.760499999974854 ], [ 193898.282, 592028.025999999954365 ], [ 193904.424999999988358, 592003.846000000019558 ], [ 193926.69, 591924.941 ], [ 193935.258, 591894.99 ], [ 193940.489, 591877.378000000026077 ], [ 193954.745, 591835.40500000002794 ], [ 193976.535, 591844.886999999987893 ] ] ] ] } },
{ "type": "Feature", "properties": { "buurtcode": "BU18910009", "buurtnaam": "Verspreide huizen Broeksterwâld", "pc6_codes": "9104AZ, 9104BL, 9108AK, 9108AL, 9108AM, 9108EL, 9108MA, 9269TV", "wijkcode": "WK189100", "gemeentecode": "GM1891", "gemeentenaam": "Dantumadiel", "oppervlakteLandInHa": 483, "AantalInwoners_5": 110, "Mannen_6": 60, "Vrouwen_7": 40, "HuishoudensTotaal_29": 40, "GemiddeldeHuishoudensgrootte_33": 2.7, "Woningvoorraad_35": 40, "NieuwbouwWoningen_36": 0, "NietWoningvoorraad_37": 5, "NieuwbouwNietWoningen_38": 1, "GemiddeldeWOZWaardeVanWoningen_39": 505, "PercentageEengezinswoning_40": 98, "PercentageTussenwoningEengezins_41": 0, "PercentageHoekwoningEengezins_42": 0, "PercentageTweeOnderEenKapWoningEe_43": 0, "PercentageVrijstaandeWoningEengezins_44": 98, "PercentageMeergezinswoning_45": 3, "Koopwoningen_47": 95, "HuurwoningenTotaal_48": 5, "InBezitWoningcorporatie_49": 0, "InBezitOverigeVerhuurders_50": 5, "BouwjaarMeerDanTienJaarGeleden_51": 98, "BouwjaarAfgelopenTienJaar_52": 3, "GemiddeldeElektriciteitslevering_53": 3400, "GemiddeldeElektriciteitsteruglevering_54": 1920, "GemiddeldAardgasverbruik_55": 1210, "AardgasvrijeWoningen_57": null, "Aardgaswoningen_58": null, "WoningenMetZonnestroom_59": null, "WoningenHoofdzElektrVerwarmd_60": null, "k_20PersonenMetHoogsteInkomen_80": null, "k_20HuishoudensMetHoogsteInkomen_85": null, "MediaanVermogenVanParticuliereHuish_86": null, "PersonenautoSTotaal_104": 60, "PersonenautoSBrandstofBenzine_105": 40, "PersonenautoSOverigeBrandstof_106": 20, "PersonenautoSPerHuishouden_107": null, "Omgevingsadressendichtheid_121": 95, "AantalInstallatiesBijWoningen_5": 13, "OpgesteldVermogenVanZonnepanelen_6": 68, "installaties_per_woning": 0.325, "vermogen_per_woning": 1.7, "installaties_per_100_woningen": 32.5, "vermogen_per_huishouden": 1.7, "batterijdruk_score": null, "koop_zon_score": null, "eengezins_zon_score": null, "betaalkracht_zon_score": null, "overige_brandstof_zon_score": null, "lichte_batterij_kansscore": null }, "geometry": { "type": "MultiPolygon", "coordinates": [ [ [ [ 196123.0, 588539.312599999946542 ], [ 196185.5938, 588110.312599999946542 ], [ 195945.29680000001099, 588041.812599999946542 ], [ 195648.4999, 587988.875099999946542 ], [ 195555.79680000001099, 588179.000099999946542 ], [ 194977.4063, 587935.625 ], [ 194993.203100000013364, 587894.5 ], [ 194567.296899999986636, 587709.6875 ], [ 194620.0, 587564.3125 ], [ 194636.703100000013364, 587502.8125 ], [ 194702.5, 587442.875 ], [ 195178.5938, 586780.3125 ], [ 195346.296899999986636, 586719.8125 ], [ 195667.4063, 586208.875 ], [ 195572.4063, 586164.875 ], [ 195666.29680000001099, 586012.375099999946542 ], [ 195574.4999, 585924.375099999946542 ], [ 195537.4063, 585977.875 ], [ 195443.5937, 585937.125099999946542 ], [ 195357.5938, 586069.5 ], [ 195222.203, 586043.812599999946542 ], [ 195065.79680000001099, 586013.125099999946542 ], [ 194931.0937, 585982.312599999946542 ], [ 194847.5937, 585904.312599999946542 ], [ 194788.4063, 585813.375099999946542 ], [ 194758.4063, 585664.000099999946542 ], [ 194693.4999, 585543.125099999946542 ], [ 194607.0937, 585447.812599999946542 ], [ 193943.0938, 586604.875 ], [ 192430.796899999986636, 586103.375099999946542 ], [ 192345.796899999986636, 586315.125 ], [ 192398.0, 586343.5 ], [ 192376.0938, 586449.1875 ], [ 192318.4063, 586441.625 ], [ 192168.703100000013364, 586866.375 ], [ 192205.9062, 586880.500099999946542 ], [ 192174.5938, 586950.375 ], [ 192155.4063, 587115.875 ], [ 192153.79680000001099, 587121.875099999946542 ], [ 192268.703, 587201.625099999946542 ], [ 192530.703, 587408.625099999946542 ], [ 192609.203, 587453.500099999946542 ], [ 192631.5938, 587476.875099999946542 ], [ 192638.4063, 587498.8125 ], [ 192623.203100000013364, 587545.625 ], [ 192617.296899999986636, 587610.375099999946542 ], [ 192645.4999, 587585.312599999946542 ], [ 192702.5937, 587547.312599999946542 ], [ 192754.203, 587539.125099999946542 ], [ 192831.9062, 587579.500099999946542 ], [ 192962.9999, 587661.312599999946542 ], [ 193058.4062, 587706.375099999946542 ], [ 193154.5937, 587733.125099999946542 ], [ 193330.203, 587723.312599999946542 ], [ 193549.703, 587704.625099999946542 ], [ 193674.29680000001099, 587703.687599999946542 ], [ 193799.4999, 587703.375099999946542 ], [ 193959.4062, 587680.125099999946542 ], [ 194143.203, 587720.625099999946542 ], [ 194090.5, 587812.5 ], [ 194212.4999, 587910.312599999946542 ], [ 194370.4062, 588029.875099999946542 ], [ 194523.0937, 588067.625099999946542 ], [ 194554.0, 588077.3125 ], [ 194848.4999, 588170.312599999946542 ], [ 195489.5, 588389.8125 ], [ 195534.075600000011036, 588404.751000000047497 ], [ 195534.296200000011595, 588404.8249 ], [ 195555.536, 588354.034100000048056 ], [ 195650.5829, 588387.979500000015832 ], [ 195658.7298, 588352.676300000050105 ], [ 195752.418800000014016, 588379.832700000028126 ], [ 195821.6672, 588404.2733 ], [ 195938.4392, 588424.640499999979511 ], [ 195939.797, 588473.521799999987707 ], [ 195923.9098, 588535.20140000001993 ], [ 196114.703100000013364, 588595.625 ], [ 196123.0, 588539.312599999946542 ] ] ] ] } },
{ "type": "Feature", "properties": { "buurtcode": "BU18910100", "buurtnaam": "Driezum", "pc6_codes": "9113PD, 9114AG, 9114RA, 9114RB, 9114RC, 9114RD, 9114RE, 9114RG, 9114RH, 9114RJ, 9114RK, 9114RL, 9114RM, 9114RN, 9114RP, 9114RR, 9114RS, 9114RT, 9114RV, 9114RW, 9114RX, 9114RZ", "wijkcode": "WK189101", "gemeentecode": "GM1891", "gemeentenaam": "Dantumadiel", "oppervlakteLandInHa": 77, "AantalInwoners_5": 805, "Mannen_6": 415, "Vrouwen_7": 390, "HuishoudensTotaal_29": 300, "GemiddeldeHuishoudensgrootte_33": 2.7, "Woningvoorraad_35": 298, "NieuwbouwWoningen_36": 0, "NietWoningvoorraad_37": 13, "NieuwbouwNietWoningen_38": 0, "GemiddeldeWOZWaardeVanWoningen_39": 331, "PercentageEengezinswoning_40": 99, "PercentageTussenwoningEengezins_41": 11, "PercentageHoekwoningEengezins_42": 7, "PercentageTweeOnderEenKapWoningEe_43": 17, "PercentageVrijstaandeWoningEengezins_44": 63, "PercentageMeergezinswoning_45": 1, "Koopwoningen_47": 83, "HuurwoningenTotaal_48": 17, "InBezitWoningcorporatie_49": 11, "InBezitOverigeVerhuurders_50": 6, "BouwjaarMeerDanTienJaarGeleden_51": 96, "BouwjaarAfgelopenTienJaar_52": 4, "GemiddeldeElektriciteitslevering_53": 3140, "GemiddeldeElektriciteitsteruglevering_54": 1190, "GemiddeldAardgasverbruik_55": 1070, "AardgasvrijeWoningen_57": 5, "Aardgaswoningen_58": 87, "WoningenMetZonnestroom_59": 55, "WoningenHoofdzElektrVerwarmd_60": 11, "k_20PersonenMetHoogsteInkomen_80": 9.7, "k_20HuishoudensMetHoogsteInkomen_85": 19.8, "MediaanVermogenVanParticuliereHuish_86": 221.0, "PersonenautoSTotaal_104": 465, "PersonenautoSBrandstofBenzine_105": 325, "PersonenautoSOverigeBrandstof_106": 140, "PersonenautoSPerHuishouden_107": 1.6, "Omgevingsadressendichtheid_121": 126, "AantalInstallatiesBijWoningen_5": 127, "OpgesteldVermogenVanZonnepanelen_6": 494, "installaties_per_woning": 0.4261744966442953, "vermogen_per_woning": 1.6577181208053691, "installaties_per_100_woningen": 42.617449664429529, "vermogen_per_huishouden": 1.6466666666666667, "batterijdruk_score": 654.5, "koop_zon_score": 0.4565, "eengezins_zon_score": 0.5445, "betaalkracht_zon_score": 121.55, "overige_brandstof_zon_score": 77.0, "lichte_batterij_kansscore": 0.51081365931035105 }, "geometry": { "type": "MultiPolygon", "coordinates": [ [ [ [ 199394.0937, 590699.625099999946542 ], [ 199490.296899999986636, 590677.375 ], [ 199561.796899999986636, 590653.5 ], [ 199634.5937, 590627.8125 ], [ 199620.5938, 590440.812599999946542 ], [ 199556.29680000001099, 590401.812599999946542 ], [ 199449.5937, 590344.500099999946542 ], [ 199327.79680000001099, 590274.875099999946542 ], [ 199163.29680000001099, 590176.125099999946542 ], [ 199110.2273, 590124.708600000012666 ], [ 199105.0864, 589982.476099999970756 ], [ 198964.6754, 589795.261500000022352 ], [ 198842.0944, 589797.490299999946728 ], [ 198848.5821, 589823.4412 ], [ 198658.051700000010896, 589809.753000000026077 ], [ 198650.4223, 589710.569200000027195 ], [ 198614.7623, 589708.340399999986403 ], [ 198612.5336, 589518.897 ], [ 198509.1426, 589520.776900000055321 ], [ 198515.5, 589652.875099999946542 ], [ 198516.171899999986636, 589653.411100000026636 ], [ 198498.8676, 589692.7391 ], [ 198492.1812, 589766.287699999986216 ], [ 198445.377799999987474, 589837.607599999988452 ], [ 198449.8351, 589924.528700000024401 ], [ 198549.2842, 589948.12679999996908 ], [ 198496.5938, 590410.8125 ], [ 198472.796899999986636, 590531.1875 ], [ 198492.0938, 590605.812599999946542 ], [ 198525.0, 590650.500099999946542 ], [ 198529.703100000013364, 590648.187599999946542 ], [ 198585.29680000001099, 590673.125099999946542 ], [ 198708.79680000001099, 590709.687599999946542 ], [ 198872.0937, 590712.375099999946542 ], [ 199394.0937, 590699.625099999946542 ] ] ] ] } },
{ "type": "Feature", "properties": { "buurtcode": "BU18910101", "buurtnaam": "Wâlterswâld", "pc6_codes": "9104AA, 9104GL, 9113AM, 9113AN, 9113AT, 9113AV, 9113AW, 9113AX, 9113PA, 9113PB, 9113PC, 9113PD, 9113PE, 9113PG, 9113PH, 9113PJ, 9113PK, 9113PL, 9113PM, 9113PN, 9113PP, 9113PR, 9113PS, 9113PT, 9113PV, 9113PW", "wijkcode": "WK189101", "gemeentecode": "GM1891", "gemeentenaam": "Dantumadiel", "oppervlakteLandInHa": 300, "AantalInwoners_5": 915, "Mannen_6": 480, "Vrouwen_7": 445, "HuishoudensTotaal_29": 335, "GemiddeldeHuishoudensgrootte_33": 2.7, "Woningvoorraad_35": 346, "NieuwbouwWoningen_36": 4, "NietWoningvoorraad_37": 18, "NieuwbouwNietWoningen_38": 0, "GemiddeldeWOZWaardeVanWoningen_39": 368, "PercentageEengezinswoning_40": 99, "PercentageTussenwoningEengezins_41": 9, "PercentageHoekwoningEengezins_42": 8, "PercentageTweeOnderEenKapWoningEe_43": 9, "PercentageVrijstaandeWoningEengezins_44": 74, "PercentageMeergezinswoning_45": 1, "Koopwoningen_47": 78, "HuurwoningenTotaal_48": 22, "InBezitWoningcorporatie_49": 19, "InBezitOverigeVerhuurders_50": 3, "BouwjaarMeerDanTienJaarGeleden_51": 97, "BouwjaarAfgelopenTienJaar_52": 3, "GemiddeldeElektriciteitslevering_53": 2970, "GemiddeldeElektriciteitsteruglevering_54": 1690, "GemiddeldAardgasverbruik_55": 1050, "AardgasvrijeWoningen_57": 4, "Aardgaswoningen_58": 87, "WoningenMetZonnestroom_59": 69, "WoningenHoofdzElektrVerwarmd_60": 12, "k_20PersonenMetHoogsteInkomen_80": 12.9, "k_20HuishoudensMetHoogsteInkomen_85": 21.9, "MediaanVermogenVanParticuliereHuish_86": 323.7, "PersonenautoSTotaal_104": 535, "PersonenautoSBrandstofBenzine_105": 405, "PersonenautoSOverigeBrandstof_106": 130, "PersonenautoSPerHuishouden_107": 1.6, "Omgevingsadressendichtheid_121": 140, "AantalInstallatiesBijWoningen_5": 198, "OpgesteldVermogenVanZonnepanelen_6": 801, "installaties_per_woning": 0.5722543352601156, "vermogen_per_woning": 2.3150289017341041, "installaties_per_100_woningen": 57.225433526011557, "vermogen_per_huishouden": 2.3910447761194029, "batterijdruk_score": 1166.1, "koop_zon_score": 0.5382, "eengezins_zon_score": 0.6831, "betaalkracht_zon_score": 223.353, "overige_brandstof_zon_score": 89.7, "lichte_batterij_kansscore": 0.54306722909987137 }, "geometry": { "type": "MultiPolygon", "coordinates": [ [ [ [ 198069.9999, 591381.312599999946542 ], [ 198103.9999, 591311.125099999946542 ], [ 198124.703100000013364, 591188.125099999946542 ], [ 198146.296899999986636, 590949.500099999946542 ], [ 198185.4062, 590876.312599999946542 ], [ 198300.5937, 590762.812599999946542 ], [ 198525.0, 590650.500099999946542 ], [ 198492.0938, 590605.812599999946542 ], [ 198472.796899999986636, 590531.1875 ], [ 198496.5938, 590410.8125 ], [ 198549.2842, 589948.12679999996908 ], [ 198449.8351, 589924.528700000024401 ], [ 198445.377799999987474, 589837.607599999988452 ], [ 198492.1812, 589766.287699999986216 ], [ 198498.8676, 589692.7391 ], [ 198516.171899999986636, 589653.411100000026636 ], [ 198515.5, 589652.875099999946542 ], [ 198509.1426, 589520.776900000055321 ], [ 198486.203100000013364, 589044.125099999946542 ], [ 198485.5, 589030.875099999946542 ], [ 198472.9063, 588925.875 ], [ 198440.4062, 588882.875099999946542 ], [ 197991.4062, 588810.875099999946542 ], [ 197233.0, 588734.125099999946542 ], [ 197218.9063, 590246.687599999946542 ], [ 197211.9062, 590997.625099999946542 ], [ 197272.796899999986636, 591009.125099999946542 ], [ 197275.4063, 591248.187599999946542 ], [ 197433.4062, 591264.812599999946542 ], [ 197620.203, 591318.125099999946542 ], [ 197787.9999, 591365.375099999946542 ], [ 197958.5937, 591396.312599999946542 ], [ 198027.79680000001099, 591402.875099999946542 ], [ 198069.9999, 591381.312599999946542 ] ] ] ] } },
{ "type": "Feature", "properties": { "buurtcode": "BU18910108", "buurtnaam": "Verspreide huizen Driezum", "pc6_codes": "9113AT, 9114AA, 9114AB, 9114AC, 9114AD, 9114AE, 9114AG, 9114AH, 9114RW", "wijkcode": "WK189101", "gemeentecode": "GM1891", "gemeentenaam": "Dantumadiel", "oppervlakteLandInHa": 758, "AantalInwoners_5": 140, "Mannen_6": 80, "Vrouwen_7": 60, "HuishoudensTotaal_29": 55, "GemiddeldeHuishoudensgrootte_33": 2.7, "Woningvoorraad_35": 54, "NieuwbouwWoningen_36": 0, "NietWoningvoorraad_37": 6, "NieuwbouwNietWoningen_38": 0, "GemiddeldeWOZWaardeVanWoningen_39": 435, "PercentageEengezinswoning_40": 100, "PercentageTussenwoningEengezins_41": 0, "PercentageHoekwoningEengezins_42": 0, "PercentageTweeOnderEenKapWoningEe_43": 2, "PercentageVrijstaandeWoningEengezins_44": 98, "PercentageMeergezinswoning_45": 0, "Koopwoningen_47": 94, "HuurwoningenTotaal_48": 6, "InBezitWoningcorporatie_49": 0, "InBezitOverigeVerhuurders_50": 6, "BouwjaarMeerDanTienJaarGeleden_51": 100, "BouwjaarAfgelopenTienJaar_52": 0, "GemiddeldeElektriciteitslevering_53": 3840, "GemiddeldeElektriciteitsteruglevering_54": 1580, "GemiddeldAardgasverbruik_55": 1260, "AardgasvrijeWoningen_57": null, "Aardgaswoningen_58": null, "WoningenMetZonnestroom_59": null, "WoningenHoofdzElektrVerwarmd_60": null, "k_20PersonenMetHoogsteInkomen_80": 19.6, "k_20HuishoudensMetHoogsteInkomen_85": null, "MediaanVermogenVanParticuliereHuish_86": null, "PersonenautoSTotaal_104": 65, "PersonenautoSBrandstofBenzine_105": 50, "PersonenautoSOverigeBrandstof_106": 20, "PersonenautoSPerHuishouden_107": 1.3, "Omgevingsadressendichtheid_121": 24, "AantalInstallatiesBijWoningen_5": 18, "OpgesteldVermogenVanZonnepanelen_6": 76, "installaties_per_woning": 0.33333333333333331, "vermogen_per_woning": 1.4074074074074074, "installaties_per_100_woningen": 33.333333333333329, "vermogen_per_huishouden": 1.3818181818181818, "batterijdruk_score": null, "koop_zon_score": null, "eengezins_zon_score": null, "betaalkracht_zon_score": null, "overige_brandstof_zon_score": null, "lichte_batterij_kansscore": null }, "geometry": { "type": "MultiPolygon", "coordinates": [ [ [ [ 198404.627, 593388.424 ], [ 198420.236, 593387.598 ], [ 198435.481999999989057, 593386.968 ], [ 198451.332, 593385.903999999980442 ], [ 198467.062, 593384.957999999984168 ], [ 198481.396, 593383.481000000028871 ], [ 198497.533, 593381.699000000022352 ], [ 198512.833000000013271, 593379.46999999997206 ], [ 198529.209, 593377.810000000055879 ], [ 198546.468, 593375.756999999983236 ], [ 198562.009, 593373.49 ], [ 198593.248, 593369.317000000039116 ], [ 198600.538, 593368.21999999997206 ], [ 198608.155, 593366.444999999948777 ], [ 198614.336000000010245, 593364.13800000003539 ], [ 198619.922, 593361.224999999976717 ], [ 198630.13200000001234, 593355.633000000030734 ], [ 198640.228, 593349.398999999975786 ], [ 198651.049, 593342.61199999996461 ], [ 198661.712999999988824, 593335.542999999946915 ], [ 198671.170000000012806, 593329.143999999971129 ], [ 198682.239, 593321.518000000040047 ], [ 198692.747, 593313.927999999956228 ], [ 198705.948, 593304.920999999972992 ], [ 198717.619, 593297.020999999949709 ], [ 198727.195, 593290.743000000016764 ], [ 198738.571, 593284.479999999981374 ], [ 198761.174, 593270.87300000002142 ], [ 198773.641, 593263.42000000004191 ], [ 198784.432, 593259.952000000048429 ], [ 198795.538999999989755, 593257.006999999983236 ], [ 198814.788999999989755, 593251.491999999969266 ], [ 198827.208000000013271, 593249.437999999965541 ], [ 198838.062, 593247.971000000019558 ], [ 198850.316, 593246.435999999986961 ], [ 198867.331, 593244.861000000033528 ], [ 198878.700000000011642, 593243.957999999984168 ], [ 198890.631, 593242.819999999948777 ], [ 198903.753, 593242.613000000012107 ], [ 198914.946999999985565, 593243.427999999956228 ], [ 198925.409000000014203, 593245.478 ], [ 198940.177, 593249.243999999947846 ], [ 198950.432999999989988, 593252.011999999987893 ], [ 198959.921, 593255.572999999974854 ], [ 198983.916, 593265.337999999988824 ], [ 198993.921, 593269.383999999961816 ], [ 199006.918, 593274.29500000004191 ], [ 199020.513, 593279.371000000042841 ], [ 199034.43, 593284.290000000037253 ], [ 199047.307999999989988, 593289.160000000032596 ], [ 199074.26, 593299.191 ], [ 199089.886, 593305.324000000022352 ], [ 199102.843, 593310.314999999944121 ], [ 199112.576, 593313.437999999965541 ], [ 199116.722, 593314.908999999985099 ], [ 199125.973999999987427, 593318.192999999970198 ], [ 199154.689000000013039, 593327.919 ], [ 199173.155, 593334.155999999959022 ], [ 199191.541999999986729, 593340.234000000054948 ], [ 199216.116, 593347.804 ], [ 199238.980000000010477, 593354.238999999943189 ], [ 199257.577, 593359.197999999974854 ], [ 199276.662000000011176, 593363.202000000048429 ], [ 199294.38200000001234, 593367.87300000002142 ], [ 199309.723, 593370.084000000031665 ], [ 199330.965999999985797, 593369.905999999959022 ], [ 199355.049999999988358, 593369.591999999945983 ], [ 199369.655, 593369.077000000048429 ], [ 199378.502, 593368.432999999960884 ], [ 199389.596, 593366.927000000025146 ], [ 199404.458000000013271, 593364.574000000022352 ], [ 199418.207, 593361.332000000053085 ], [ 199424.904, 593359.508999999961816 ], [ 199452.525, 593348.346000000019558 ], [ 199466.532, 593343.104999999981374 ], [ 199479.78, 593337.819000000017695 ], [ 199493.829, 593332.378999999957159 ], [ 199504.385, 593328.469000000040978 ], [ 199514.384, 593324.15500000002794 ], [ 199528.158, 593318.152 ], [ 199540.562, 593313.297999999951571 ], [ 199554.532, 593307.697999999974854 ], [ 199567.826, 593302.444999999948777 ], [ 199568.166, 593302.290999999968335 ], [ 199615.321, 593289.125 ], [ 199657.709, 593283.327999999979511 ], [ 199696.419, 593278.537000000011176 ], [ 199728.74299999998766, 593274.723 ], [ 199756.761999999987893, 593275.329000000027008 ], [ 199785.858, 593276.849999999976717 ], [ 199790.684, 593276.988999999943189 ], [ 199825.65, 593277.991999999969266 ], [ 199857.752, 593278.863999999943189 ], [ 199873.869, 593279.194999999948777 ], [ 199886.37599999998929, 593277.662999999942258 ], [ 199911.23499999998603, 593276.371000000042841 ], [ 199924.916, 593275.09499999997206 ], [ 199946.598, 593272.959000000031665 ], [ 199970.986, 593270.199999999953434 ], [ 199992.193, 593267.150000000023283 ], [ 200012.951, 593262.881999999983236 ], [ 200039.199, 593257.709999999962747 ], [ 200072.636, 593250.944000000017695 ], [ 200101.568999999988591, 593245.501000000047497 ], [ 200122.43, 593243.131999999983236 ], [ 200155.604, 593239.297999999951571 ], [ 200193.337, 593237.297999999951571 ], [ 200222.958000000013271, 593236.01500000001397 ], [ 200251.296, 593234.988000000012107 ], [ 200282.462, 593234.832999999984168 ], [ 200306.942000000010012, 593235.679 ], [ 200335.355000000010477, 593236.805000000051223 ], [ 200365.568999999988591, 593242.851999999955297 ], [ 200393.88, 593248.302000000025146 ], [ 200410.365, 593251.312000000034459 ], [ 200421.666999999986729, 593254.699000000022352 ], [ 200436.25099999998929, 593261.479999999981374 ], [ 200452.729, 593271.216000000014901 ], [ 200485.149, 593295.201 ], [ 200509.139, 593312.90300000004936 ], [ 200528.852000000013504, 593328.547000000020489 ], [ 200539.452, 593336.258000000030734 ], [ 200554.193999999988591, 593344.984000000054948 ], [ 200563.151000000012573, 593350.37 ], [ 200577.5502, 593356.938700000056997 ], [ 200579.651000000012573, 593357.897 ], [ 200600.812, 593366.042999999946915 ], [ 200609.163999999989755, 593367.665000000037253 ], [ 200633.567000000010012, 593371.278999999980442 ], [ 200658.622, 593374.888999999966472 ], [ 200676.041, 593375.814999999944121 ], [ 200679.13, 593375.875 ], [ 200679.13, 593375.99 ], [ 200693.795000000012806, 593376.062000000034459 ], [ 200698.932, 593376.169 ], [ 200704.666999999986729, 593376.209999999962747 ], [ 200710.934, 593376.055000000051223 ], [ 200716.827, 593376.143000000040047 ], [ 200722.223, 593375.892 ], [ 200727.193, 593375.574000000022352 ], [ 200733.066, 593374.908000000054017 ], [ 200739.089, 593374.143999999971129 ], [ 200762.095, 593370.493000000016764 ], [ 200767.837, 593369.655999999959022 ], [ 200772.788, 593368.584999999962747 ], [ 200777.804, 593366.854000000050291 ], [ 200782.002, 593365.01300000003539 ], [ 200790.097, 593361.290999999968335 ], [ 200798.496000000013737, 593357.052999999956228 ], [ 200806.074, 593353.025999999954365 ], [ 200813.49299999998766, 593348.71999999997206 ], [ 200874.064000000013039, 593313.79500000004191 ], [ 200881.443, 593308.067999999970198 ], [ 200895.965999999985797, 593291.697000000043772 ], [ 200904.68, 593279.814999999944121 ], [ 200910.753, 593269.517 ], [ 200917.407, 593257.48699999996461 ], [ 200924.543, 593242.430999999982305 ], [ 200928.708000000013271, 593231.229000000050291 ], [ 200936.25099999998929, 593211.716999999945983 ], [ 200949.326, 593181.775000000023283 ], [ 200962.924999999988358, 593150.712999999988824 ], [ 200979.769, 593117.569000000017695 ], [ 200999.200000000011642, 593087.155999999959022 ], [ 201007.62400000001071, 593077.067999999970198 ], [ 201015.641, 593069.503999999957159 ], [ 201007.371000000013737, 593060.212000000057742 ], [ 201001.696999999985565, 593055.018000000040047 ], [ 200999.49, 593052.011000000056811 ], [ 200996.609, 593050.366000000038184 ], [ 200993.411, 593047.777 ], [ 200990.756, 593044.878000000026077 ], [ 200987.651000000012573, 593041.937999999965541 ], [ 200984.084, 593038.356999999959953 ], [ 200984.386999999987893, 593035.853 ], [ 200983.627, 593032.669 ], [ 200983.586000000010245, 593030.522 ], [ 200982.586000000010245, 593027.841999999945983 ], [ 200981.473999999987427, 593024.564999999944121 ], [ 200980.755, 593023.579000000027008 ], [ 200977.526000000012573, 593024.689000000013039 ], [ 200973.299, 593025.866999999969266 ], [ 200969.172, 593027.093 ], [ 200966.192000000010012, 593028.148000000044703 ], [ 200963.151000000012573, 593028.604999999981374 ], [ 200958.513, 593029.191 ], [ 200954.517, 593029.415999999968335 ], [ 200950.97, 593029.532 ], [ 200947.62400000001071, 593029.743999999947846 ], [ 200944.521, 593029.601999999955297 ], [ 200940.873, 593029.67000000004191 ], [ 200939.187, 593027.753000000026077 ], [ 200937.943999999988591, 593025.478 ], [ 200935.655, 593023.422000000020489 ], [ 200935.059, 593021.375 ], [ 200928.359, 593020.959999999962747 ], [ 200918.268000000010943, 593021.398000000044703 ], [ 200902.881, 593022.035000000032596 ], [ 200889.389, 593022.386999999987893 ], [ 200879.356999999989057, 593023.324000000022352 ], [ 200873.60999999998603, 593023.430999999982305 ], [ 200860.403, 593025.677000000025146 ], [ 200842.01500000001397, 593028.868000000016764 ], [ 200825.174999999988358, 593032.030999999959022 ], [ 200819.244, 593032.991000000038184 ], [ 200812.011, 593028.579000000027008 ], [ 200807.046, 593025.123999999952503 ], [ 200792.769, 593012.998999999952503 ], [ 200776.361, 592999.263999999966472 ], [ 200778.147999999986496, 592982.691 ], [ 200780.755, 592953.910999999963678 ], [ 200783.878, 592918.025000000023283 ], [ 200786.847, 592881.942000000039116 ], [ 200789.101, 592852.969000000040978 ], [ 200802.144, 592852.675000000046566 ], [ 200806.238000000012107, 592852.349000000045635 ], [ 200807.674, 592838.381000000052154 ], [ 200809.522, 592814.410999999963678 ], [ 200813.231, 592785.76 ], [ 200816.144, 592755.557999999960884 ], [ 200817.915, 592737.202999999979511 ], [ 200822.12599999998929, 592705.993999999947846 ], [ 200823.673, 592689.925999999977648 ], [ 200825.562, 592670.802999999956228 ], [ 200826.369, 592664.878999999957159 ], [ 200828.066, 592652.417000000015832 ], [ 200830.480000000010477, 592624.040000000037253 ], [ 200833.677, 592597.34699999995064 ], [ 200835.64000000001397, 592579.522 ], [ 200835.921, 592573.221000000019558 ], [ 200833.568, 592573.01500000001397 ], [ 200832.725, 592568.084000000031665 ], [ 200830.11799999998766, 592557.138999999966472 ], [ 200828.084, 592547.334000000031665 ], [ 200826.787000000011176, 592542.211000000010245 ], [ 200825.030999999988126, 592536.59699999995064 ], [ 200818.896, 592532.064999999944121 ], [ 200806.179, 592520.51 ], [ 200789.339, 592505.033999999985099 ], [ 200775.82, 592493.393999999971129 ], [ 200762.00099999998929, 592481.76 ], [ 200750.229, 592472.586000000010245 ], [ 200744.134, 592467.503000000026077 ], [ 200738.495, 592462.761000000056811 ], [ 200735.371000000013737, 592461.471000000019558 ], [ 200731.75700000001234, 592458.089999999967404 ], [ 200728.269, 592456.057000000029802 ], [ 200727.543, 592455.618999999947846 ], [ 200725.245, 592453.741000000038184 ], [ 200724.041999999986729, 592452.756999999983236 ], [ 200717.15, 592447.12300000002142 ], [ 200710.873, 592442.939999999944121 ], [ 200702.207, 592436.756000000052154 ], [ 200693.608, 592431.46999999997206 ], [ 200688.714, 592429.162999999942258 ], [ 200681.435999999986961, 592425.00199999997858 ], [ 200673.980000000010477, 592421.993000000016764 ], [ 200664.968, 592418.662999999942258 ], [ 200653.893000000010943, 592414.62300000002142 ], [ 200642.921, 592410.78000000002794 ], [ 200641.971, 592408.150000000023283 ], [ 200642.277, 592403.147 ], [ 200643.029, 592395.287999999942258 ], [ 200644.323, 592384.371000000042841 ], [ 200645.185, 592379.707999999984168 ], [ 200646.37400000001071, 592376.488000000012107 ], [ 200648.267, 592373.454000000027008 ], [ 200650.772, 592371.109000000054948 ], [ 200654.113000000012107, 592367.99800000002142 ], [ 200656.318, 592365.609000000054948 ], [ 200660.688, 592361.38 ], [ 200665.553000000014435, 592356.892 ], [ 200668.99, 592353.579000000027008 ], [ 200672.727000000013504, 592350.261999999987893 ], [ 200675.097, 592346.020000000018626 ], [ 200676.195, 592343.251000000047497 ], [ 200678.171, 592339.317000000039116 ], [ 200678.858, 592336.006000000052154 ], [ 200680.435, 592332.128999999957159 ], [ 200681.913999999989755, 592328.354000000050291 ], [ 200682.875, 592326.287000000011176 ], [ 200683.362, 592322.979999999981374 ], [ 200683.608, 592320.12699999997858 ], [ 200682.696999999985565, 592316.846000000019558 ], [ 200681.530999999988126, 592313.37 ], [ 200679.919, 592310.052999999956228 ], [ 200679.416, 592307.263999999966472 ], [ 200678.054, 592303.991000000038184 ], [ 200677.75700000001234, 592301.49800000002142 ], [ 200677.445, 592298.206 ], [ 200677.700000000011642, 592295.802999999956228 ], [ 200675.91, 592291.040000000037253 ], [ 200671.026000000012573, 592273.292000000015832 ], [ 200668.443, 592266.245 ], [ 200666.272, 592259.839999999967404 ], [ 200664.089, 592252.73499999998603 ], [ 200662.649, 592247.964999999967404 ], [ 200661.777, 592246.832000000053085 ], [ 200660.511999999987893, 592243.358 ], [ 200659.36799999998766, 592241.03000000002794 ], [ 200658.067000000010012, 592238.305999999982305 ], [ 200656.723, 592235.983 ], [ 200654.98499999998603, 592233.966999999945983 ], [ 200654.057999999989988, 592229.886999999987893 ], [ 200655.157, 592227.167999999946915 ], [ 200656.693, 592223.790999999968335 ], [ 200660.065, 592219.631000000052154 ], [ 200662.911, 592216.78000000002794 ], [ 200666.139, 592215.62 ], [ 200673.979, 592212.697000000043772 ], [ 200674.181000000011409, 592212.621999999973923 ], [ 200676.85999999998603, 592211.47199999995064 ], [ 200680.316, 592209.158999999985099 ], [ 200682.717, 592206.566 ], [ 200682.885, 592202.216000000014901 ], [ 200682.495, 592197.476000000024214 ], [ 200682.01, 592190.288999999989755 ], [ 200682.29, 592183.937999999965541 ], [ 200682.766, 592180.032 ], [ 200684.147, 592176.358 ], [ 200685.81, 592171.78000000002794 ], [ 200687.173, 592167.158000000054017 ], [ 200687.104, 592163.511000000056811 ], [ 200686.516, 592158.824999999953434 ], [ 200686.473999999987427, 592148.631999999983236 ], [ 200685.919, 592137.800000000046566 ], [ 200685.829999999987194, 592127.758000000030734 ], [ 200685.537000000011176, 592112.223 ], [ 200685.978, 592103.770000000018626 ], [ 200685.152, 592097.089999999967404 ], [ 200684.907, 592093.21999999997206 ], [ 200684.581, 592088.055999999982305 ], [ 200683.832, 592074.827999999979511 ], [ 200683.095, 592062.25 ], [ 200682.381, 592053.569000000017695 ], [ 200682.22, 592050.692000000039116 ], [ 200682.155, 592049.525999999954365 ], [ 200682.103, 592047.554 ], [ 200682.086000000010245, 592046.868000000016764 ], [ 200681.787000000011176, 592035.341999999945983 ], [ 200681.554, 592027.224000000045635 ], [ 200681.43, 592022.905999999959022 ], [ 200681.204, 592015.01500000001397 ], [ 200681.051, 591983.037999999942258 ], [ 200680.47, 591954.866999999969266 ], [ 200679.949, 591924.596000000019558 ], [ 200680.019, 591901.809 ], [ 200678.855000000010477, 591863.95499999995809 ], [ 200678.670000000012806, 591840.87300000002142 ], [ 200677.544, 591802.368000000016764 ], [ 200676.894999999989523, 591770.601000000024214 ], [ 200675.715999999985797, 591729.299 ], [ 200673.753999999986263, 591686.26300000003539 ], [ 200672.209, 591641.46999999997206 ], [ 200670.389, 591592.635 ], [ 200669.581, 591547.179 ], [ 200668.016, 591503.935000000055879 ], [ 200667.253999999986263, 591460.87699999997858 ], [ 200667.286, 591459.267 ], [ 200667.534000000014203, 591446.581 ], [ 200667.71, 591418.79500000004191 ], [ 200667.818999999988591, 591390.111000000033528 ], [ 200667.669, 591368.87699999997858 ], [ 200666.204999999987194, 591344.270000000018626 ], [ 200665.424, 591323.932000000029802 ], [ 200662.405999999988126, 591222.88800000003539 ], [ 200659.87400000001071, 591147.650999999954365 ], [ 200658.399, 591103.812999999965541 ], [ 200655.231999999989057, 591021.310000000055879 ], [ 200655.068999999988591, 591015.01500000001397 ], [ 200653.127, 591014.680999999982305 ], [ 200651.803000000014435, 590990.95499999995809 ], [ 200649.51, 590956.172000000020489 ], [ 200649.438, 590943.625 ], [ 200649.432999999989988, 590934.285999999963678 ], [ 200649.165, 590888.191 ], [ 200647.673, 590828.14000000001397 ], [ 200646.345, 590788.082000000053085 ], [ 200646.538, 590758.631000000052154 ], [ 200645.09, 590737.273000000044703 ], [ 200644.394999999989523, 590724.72199999995064 ], [ 200644.252, 590722.148000000044703 ], [ 200632.795000000012806, 590721.75199999997858 ], [ 200629.207, 590721.706 ], [ 200627.798, 590721.687999999965541 ], [ 200613.693, 590721.508999999961816 ], [ 200606.685999999986961, 590721.145000000018626 ], [ 200600.056000000011409, 590719.920999999972992 ], [ 200587.214, 590714.26300000003539 ], [ 200586.269, 590691.091999999945983 ], [ 200584.852000000013504, 590651.486000000033528 ], [ 200584.877, 590630.628999999957159 ], [ 200584.896, 590614.24 ], [ 200584.761999999987893, 590599.295999999972992 ], [ 200584.166, 590576.086000000010245 ], [ 200583.89000000001397, 590565.324999999953434 ], [ 200582.87400000001071, 590543.049 ], [ 200582.747, 590540.258999999961816 ], [ 200582.345, 590527.858 ], [ 200582.022999999986496, 590517.932000000029802 ], [ 200580.912000000011176, 590480.466999999945983 ], [ 200580.323, 590471.184 ], [ 200589.946, 590468.278999999980442 ], [ 200600.371000000013737, 590465.452999999979511 ], [ 200625.420000000012806, 590459.787999999942258 ], [ 200631.892, 590458.767 ], [ 200633.557999999989988, 590457.473 ], [ 200634.291999999986729, 590454.90300000004936 ], [ 200634.761, 590451.741000000038184 ], [ 200634.668, 590450.094000000040978 ], [ 200634.016, 590442.212999999988824 ], [ 200634.259, 590436.106999999959953 ], [ 200634.064000000013039, 590424.613999999943189 ], [ 200633.700000000011642, 590412.267 ], [ 200633.628999999986263, 590392.081 ], [ 200633.217, 590374.094000000040978 ], [ 200631.575000000011642, 590339.343 ], [ 200630.926, 590310.582999999984168 ], [ 200630.845, 590307.018000000040047 ], [ 200629.31, 590286.162000000011176 ], [ 200629.166999999986729, 590266.969000000040978 ], [ 200628.616, 590243.537000000011176 ], [ 200628.731999999989057, 590228.586000000010245 ], [ 200623.41, 590231.577000000048429 ], [ 200619.812, 590233.572000000043772 ], [ 200612.334, 590240.21999999997206 ], [ 200605.538, 590246.148999999975786 ], [ 200603.090999999985797, 590246.214000000036322 ], [ 200596.693, 590244.285000000032596 ], [ 200580.666999999986729, 590247.01 ], [ 200573.616, 590248.680000000051223 ], [ 200565.165, 590250.670999999972992 ], [ 200552.214, 590253.986000000033528 ], [ 200551.657, 590254.128999999957159 ], [ 200528.14000000001397, 590259.442000000039116 ], [ 200511.856, 590263.61199999996461 ], [ 200513.719000000011874, 590260.317999999970198 ], [ 200518.992, 590251.297000000020489 ], [ 200531.541, 590228.017 ], [ 200545.051, 590200.814000000013039 ], [ 200546.989, 590196.912000000011176 ], [ 200558.908, 590174.001000000047497 ], [ 200577.476, 590138.310999999986961 ], [ 200613.50099999998929, 590069.51500000001397 ], [ 200627.682999999989988, 590042.322000000043772 ], [ 200660.666999999986729, 589979.077000000048429 ], [ 200675.639, 589951.783999999985099 ], [ 200684.994, 589934.133999999961816 ], [ 200693.024, 589919.067999999970198 ], [ 200713.516, 589880.62 ], [ 200723.905, 589859.939999999944121 ], [ 200734.495, 589840.457999999984168 ], [ 200736.579999999987194, 589836.621000000042841 ], [ 200767.915, 589778.974000000045635 ], [ 200769.103, 589776.834999999962747 ], [ 200770.104, 589775.033000000054017 ], [ 200776.779, 589763.01500000001397 ], [ 200771.883, 589761.672999999951571 ], [ 200737.435999999986961, 589760.819999999948777 ], [ 200728.4271, 589761.148200000054203 ], [ 200645.277, 589764.177000000025146 ], [ 200569.097, 589767.37300000002142 ], [ 200482.899, 589766.787000000011176 ], [ 200414.503999999986263, 589767.959000000031665 ], [ 200305.783, 589770.675000000046566 ], [ 200270.426, 589768.863999999943189 ], [ 200242.272999999986496, 589766.466999999945983 ], [ 200215.693, 589760.501000000047497 ], [ 200188.534000000014203, 589751.925000000046566 ], [ 200134.628999999986263, 589728.060999999986961 ], [ 200069.794, 589698.177999999956228 ], [ 200040.730000000010477, 589686.939000000013039 ], [ 200011.748, 589678.73499999998603 ], [ 199981.525, 589675.699000000022352 ], [ 199922.238000000012107, 589671.224999999976717 ], [ 199849.18, 589665.419 ], [ 199794.861, 589658.422999999951571 ], [ 199734.304, 589650.787999999942258 ], [ 199696.352000000013504, 589644.273999999975786 ], [ 199638.335, 589631.71999999997206 ], [ 199595.581, 589618.70499999995809 ], [ 199544.299, 589601.694999999948777 ], [ 199499.867, 589584.525000000023283 ], [ 199490.348999999987427, 589580.687000000034459 ], [ 199489.8323, 589568.371000000042841 ], [ 199442.296899999986636, 589548.8125 ], [ 199336.0937, 589500.312599999946542 ], [ 199226.0937, 589413.125099999946542 ], [ 199136.9999, 589326.125099999946542 ], [ 198824.0937, 588880.375099999946542 ], [ 198782.703100000013364, 588910.3125 ], [ 198748.5, 588943.625 ], [ 198721.4063, 588977.5 ], [ 198710.5, 589034.625 ], [ 198486.203100000013364, 589044.125099999946542 ], [ 198509.1426, 589520.776900000055321 ], [ 198612.5336, 589518.897 ], [ 198614.7623, 589708.340399999986403 ], [ 198650.4223, 589710.569200000027195 ], [ 198658.051700000010896, 589809.753000000026077 ], [ 198848.5821, 589823.4412 ], [ 198842.0944, 589797.490299999946728 ], [ 198964.6754, 589795.261500000022352 ], [ 199105.0864, 589982.476099999970756 ], [ 199110.2273, 590124.708600000012666 ], [ 199163.29680000001099, 590176.125099999946542 ], [ 199327.79680000001099, 590274.875099999946542 ], [ 199449.5937, 590344.500099999946542 ], [ 199556.29680000001099, 590401.812599999946542 ], [ 199620.5938, 590440.812599999946542 ], [ 199634.5937, 590627.8125 ], [ 199561.796899999986636, 590653.5 ], [ 199490.296899999986636, 590677.375 ], [ 199394.0937, 590699.625099999946542 ], [ 198872.0937, 590712.375099999946542 ], [ 198708.79680000001099, 590709.687599999946542 ], [ 198585.29680000001099, 590673.125099999946542 ], [ 198529.703100000013364, 590648.187599999946542 ], [ 198525.0, 590650.500099999946542 ], [ 198456.9063, 591395.875 ], [ 198399.796899999986636, 592352.125 ], [ 198480.9062, 592757.375 ], [ 198470.0938, 592807.375 ], [ 198401.796899999986636, 592833.3125 ], [ 198294.20319999998901, 592847.687599999946542 ], [ 198386.703, 592963.875099999946542 ], [ 198331.0, 593040.125 ], [ 198295.9063, 593147.6875 ], [ 198253.1007, 593293.953800000017509 ], [ 198256.173, 593295.905999999959022 ], [ 198259.182, 593298.055999999982305 ], [ 198262.310999999986961, 593300.525000000023283 ], [ 198267.65, 593305.626000000047497 ], [ 198272.74900000001071, 593310.447999999974854 ], [ 198277.926, 593314.949000000022352 ], [ 198287.437, 593323.236000000033528 ], [ 198297.791, 593332.238999999943189 ], [ 198308.065, 593341.202999999979511 ], [ 198313.563, 593346.062999999965541 ], [ 198319.583000000013271, 593351.282 ], [ 198323.998, 593355.147 ], [ 198328.37599999998929, 593360.050999999977648 ], [ 198333.313, 593364.513999999966472 ], [ 198338.731999999989057, 593369.334999999962747 ], [ 198343.230000000010477, 593374.118999999947846 ], [ 198348.603, 593377.660000000032596 ], [ 198354.856, 593381.077000000048429 ], [ 198361.386999999987893, 593383.974000000045635 ], [ 198367.635, 593386.11199999996461 ], [ 198374.041999999986729, 593387.689000000013039 ], [ 198380.165, 593388.62699999997858 ], [ 198391.367, 593388.866999999969266 ], [ 198404.627, 593388.424 ] ] ] ] } },
{ "type": "Feature", "properties": { "buurtcode": "BU18910109", "buurtnaam": "Verspreide huizen Wâlterswâld", "pc6_codes": "9113AM, 9113AP, 9113AR, 9113AS, 9113AT, 9113AV, 9113AW", "wijkcode": "WK189101", "gemeentecode": "GM1891", "gemeentenaam": "Dantumadiel", "oppervlakteLandInHa": 383, "AantalInwoners_5": 55, "Mannen_6": 30, "Vrouwen_7": 25, "HuishoudensTotaal_29": 25, "GemiddeldeHuishoudensgrootte_33": 2.5, "Woningvoorraad_35": 23, "NieuwbouwWoningen_36": 0, "NietWoningvoorraad_37": 7, "NieuwbouwNietWoningen_38": 0, "GemiddeldeWOZWaardeVanWoningen_39": 432, "PercentageEengezinswoning_40": 100, "PercentageTussenwoningEengezins_41": 0, "PercentageHoekwoningEengezins_42": 0, "PercentageTweeOnderEenKapWoningEe_43": 4, "PercentageVrijstaandeWoningEengezins_44": 96, "PercentageMeergezinswoning_45": 0, "Koopwoningen_47": 96, "HuurwoningenTotaal_48": 4, "InBezitWoningcorporatie_49": 0, "InBezitOverigeVerhuurders_50": 4, "BouwjaarMeerDanTienJaarGeleden_51": 100, "BouwjaarAfgelopenTienJaar_52": 0, "GemiddeldeElektriciteitslevering_53": 3450, "GemiddeldeElektriciteitsteruglevering_54": 1860, "GemiddeldAardgasverbruik_55": 1050, "AardgasvrijeWoningen_57": null, "Aardgaswoningen_58": null, "WoningenMetZonnestroom_59": null, "WoningenHoofdzElektrVerwarmd_60": null, "k_20PersonenMetHoogsteInkomen_80": null, "k_20HuishoudensMetHoogsteInkomen_85": null, "MediaanVermogenVanParticuliereHuish_86": null, "PersonenautoSTotaal_104": 20, "PersonenautoSBrandstofBenzine_105": 15, "PersonenautoSOverigeBrandstof_106": 5, "PersonenautoSPerHuishouden_107": null, "Omgevingsadressendichtheid_121": 36, "AantalInstallatiesBijWoningen_5": 6, "OpgesteldVermogenVanZonnepanelen_6": 35, "installaties_per_woning": 0.2608695652173913, "vermogen_per_woning": 1.5217391304347827, "installaties_per_100_woningen": 26.086956521739129, "vermogen_per_huishouden": 1.4, "batterijdruk_score": null, "koop_zon_score": null, "eengezins_zon_score": null, "betaalkracht_zon_score": null, "overige_brandstof_zon_score": null, "lichte_batterij_kansscore": null }, "geometry": { "type": "MultiPolygon", "coordinates": [ [ [ [ 198106.29680000001099, 587857.875099999946542 ], [ 197876.5, 587542.875099999946542 ], [ 197865.5938, 587502.125099999946542 ], [ 197858.5938, 587478.125099999946542 ], [ 197858.296899999986636, 587343.812599999946542 ], [ 197399.578100000013364, 587358.000099999946542 ], [ 197396.296899999986636, 587384.625099999946542 ], [ 197387.703, 587497.687599999946542 ], [ 197388.79680000001099, 587705.500099999946542 ], [ 197336.703100000013364, 587704.812599999946542 ], [ 197348.703, 587853.687599999946542 ], [ 197393.203, 587849.187599999946542 ], [ 197395.9062, 588032.875099999946542 ], [ 197239.703100000013364, 588022.625099999946542 ], [ 197233.0, 588734.125099999946542 ], [ 197991.4062, 588810.875099999946542 ], [ 198440.4062, 588882.875099999946542 ], [ 198472.9063, 588925.875 ], [ 198485.5, 589030.875099999946542 ], [ 198486.203100000013364, 589044.125099999946542 ], [ 198710.5, 589034.625 ], [ 198721.4063, 588977.5 ], [ 198748.5, 588943.625 ], [ 198782.703100000013364, 588910.3125 ], [ 198824.0937, 588880.375099999946542 ], [ 198106.29680000001099, 587857.875099999946542 ] ] ], [ [ [ 198122.51500000001397, 593367.108 ], [ 198125.774, 593361.336000000010245 ], [ 198131.771, 593349.954000000027008 ], [ 198136.26500000001397, 593342.817999999970198 ], [ 198139.363000000012107, 593336.886000000056811 ], [ 198143.577, 593329.991000000038184 ], [ 198146.715999999985797, 593324.339000000036322 ], [ 198149.181000000011409, 593320.410000000032596 ], [ 198151.128999999986263, 593317.082999999984168 ], [ 198153.638, 593314.113999999943189 ], [ 198155.628, 593311.587000000057742 ], [ 198157.700000000011642, 593309.219000000040978 ], [ 198159.692000000010012, 593307.212000000057742 ], [ 198162.364, 593304.922000000020489 ], [ 198165.434, 593302.390999999945052 ], [ 198169.343, 593299.256999999983236 ], [ 198175.767, 593294.873999999952503 ], [ 198178.081, 593293.386000000056811 ], [ 198181.995, 593291.812000000034459 ], [ 198185.029, 593290.160999999963678 ], [ 198188.745, 593289.106999999959953 ], [ 198192.184, 593288.814999999944121 ], [ 198198.943, 593288.310999999986961 ], [ 198205.461000000010245, 593287.767 ], [ 198212.059, 593287.143999999971129 ], [ 198219.016, 593286.319000000017695 ], [ 198225.014, 593285.817000000039116 ], [ 198232.136999999987893, 593286.312000000034459 ], [ 198238.34, 593287.290000000037253 ], [ 198245.191, 593289.90500000002794 ], [ 198251.041, 593292.645000000018626 ], [ 198253.1007, 593293.953800000017509 ], [ 198295.9063, 593147.6875 ], [ 198331.0, 593040.125 ], [ 198386.703, 592963.875099999946542 ], [ 198294.20319999998901, 592847.687599999946542 ], [ 198401.796899999986636, 592833.3125 ], [ 198470.0938, 592807.375 ], [ 198480.9062, 592757.375 ], [ 198399.796899999986636, 592352.125 ], [ 198456.9063, 591395.875 ], [ 198525.0, 590650.500099999946542 ], [ 198300.5937, 590762.812599999946542 ], [ 198185.4062, 590876.312599999946542 ], [ 198146.296899999986636, 590949.500099999946542 ], [ 198124.703100000013364, 591188.125099999946542 ], [ 198103.9999, 591311.125099999946542 ], [ 198069.9999, 591381.312599999946542 ], [ 198027.79680000001099, 591402.875099999946542 ], [ 197958.5937, 591396.312599999946542 ], [ 197787.9999, 591365.375099999946542 ], [ 197620.203, 591318.125099999946542 ], [ 197433.4062, 591264.812599999946542 ], [ 197275.4063, 591248.187599999946542 ], [ 197278.79680000001099, 591565.3125 ], [ 197255.011399999988498, 591578.412200000020675 ], [ 197255.011, 591589.513999999966472 ], [ 197255.014, 591706.167999999946915 ], [ 197256.057, 591767.682999999960884 ], [ 197257.096, 591846.577000000048429 ], [ 197257.939000000013039, 591908.09499999997206 ], [ 197257.949, 591931.054 ], [ 197258.476, 592155.96999999997206 ], [ 197257.89000000001397, 592214.224999999976717 ], [ 197257.049999999988358, 592268.219000000040978 ], [ 197256.902, 592326.001000000047497 ], [ 197255.261999999987893, 592428.743000000016764 ], [ 197254.6423, 592457.459999999962747 ], [ 197253.585, 592506.449999999953434 ], [ 197253.347, 592517.211000000010245 ], [ 197253.234, 592522.295999999972992 ], [ 197253.228, 592522.557000000029802 ], [ 197252.793, 592542.180999999982305 ], [ 197250.10999999998603, 592543.741999999969266 ], [ 197250.288, 592557.365 ], [ 197250.343, 592561.626000000047497 ], [ 197250.179, 592577.520999999949709 ], [ 197249.952, 592599.50199999997858 ], [ 197250.264, 592612.934 ], [ 197250.14000000001397, 592702.185999999986961 ], [ 197250.564000000013039, 592752.469000000040978 ], [ 197250.62400000001071, 592762.251000000047497 ], [ 197250.665, 592769.044 ], [ 197252.317000000010012, 592785.648000000044703 ], [ 197251.636999999987893, 592793.022 ], [ 197248.87, 592803.995 ], [ 197249.6, 592819.050999999977648 ], [ 197251.696, 592839.682000000029802 ], [ 197252.53, 592841.976999999955297 ], [ 197269.114, 592849.675999999977648 ], [ 197273.01500000001397, 592853.677999999956228 ], [ 197273.342, 592854.212000000057742 ], [ 197291.266, 592883.537999999942258 ], [ 197292.929, 592886.275999999954365 ], [ 197297.04, 592892.040999999968335 ], [ 197297.191, 592892.17000000004191 ], [ 197309.758, 592902.848 ], [ 197312.367, 592907.636000000056811 ], [ 197316.222, 592916.800999999977648 ], [ 197317.143000000010943, 592918.991000000038184 ], [ 197318.829999999987194, 592923.540000000037253 ], [ 197319.166999999986729, 592924.449999999953434 ], [ 197323.908, 592933.550999999977648 ], [ 197330.54, 592939.995 ], [ 197330.956, 592940.316 ], [ 197344.222, 592950.550000000046566 ], [ 197345.309, 592953.758999999961816 ], [ 197347.358, 592962.623999999952503 ], [ 197350.355000000010477, 592972.537000000011176 ], [ 197359.459, 593013.74800000002142 ], [ 197362.791, 593034.692000000039116 ], [ 197364.113000000012107, 593038.214000000036322 ], [ 197358.268000000010943, 593057.441 ], [ 197352.623, 593077.915999999968335 ], [ 197351.170000000012806, 593084.473 ], [ 197349.946999999985565, 593090.229000000050291 ], [ 197349.691, 593092.937999999965541 ], [ 197350.119, 593095.702000000048429 ], [ 197350.431000000011409, 593096.697999999974854 ], [ 197350.88, 593097.37 ], [ 197351.231, 593097.949999999953434 ], [ 197351.564000000013039, 593098.761000000056811 ], [ 197351.778, 593099.628999999957159 ], [ 197351.878999999986263, 593100.555000000051223 ], [ 197351.741, 593101.51300000003539 ], [ 197351.428000000014435, 593102.424 ], [ 197349.62599999998929, 593106.763999999966472 ], [ 197348.50099999998929, 593109.378000000026077 ], [ 197347.144, 593112.905999999959022 ], [ 197345.590999999985797, 593118.962999999988824 ], [ 197345.068999999988591, 593122.142 ], [ 197344.666, 593125.709000000031665 ], [ 197343.371000000013737, 593137.571 ], [ 197342.519, 593143.88800000003539 ], [ 197341.022999999986496, 593149.817000000039116 ], [ 197340.223999999987427, 593157.017 ], [ 197339.128999999986263, 593165.481999999959953 ], [ 197337.636999999987893, 593176.863999999943189 ], [ 197334.454, 593204.272 ], [ 197333.128999999986263, 593212.256999999983236 ], [ 197332.09, 593218.78000000002794 ], [ 197331.995, 593219.37699999997858 ], [ 197330.829999999987194, 593227.337000000057742 ], [ 197329.75099999998929, 593234.849999999976717 ], [ 197329.294, 593238.788999999989755 ], [ 197328.866, 593243.349999999976717 ], [ 197328.764, 593244.402 ], [ 197328.62400000001071, 593245.844000000040978 ], [ 197328.325000000011642, 593246.854000000050291 ], [ 197327.957, 593247.457999999984168 ], [ 197327.802, 593251.885 ], [ 197336.336000000010245, 593251.814999999944121 ], [ 197343.935999999986961, 593251.75199999997858 ], [ 197395.37599999998929, 593251.706 ], [ 197395.056000000011409, 593263.834000000031665 ], [ 197393.967, 593305.121000000042841 ], [ 197393.893000000010943, 593307.898999999975786 ], [ 197449.5, 593312.567999999970198 ], [ 197451.578, 593313.207999999984168 ], [ 197466.366, 593317.7611 ], [ 197471.259, 593315.836000000010245 ], [ 197478.09, 593313.451 ], [ 197485.802, 593311.143000000040047 ], [ 197493.117, 593309.756999999983236 ], [ 197500.193999999988591, 593308.97199999995064 ], [ 197507.511999999987893, 593308.185999999986961 ], [ 197514.909000000014203, 593307.439000000013039 ], [ 197523.108, 593306.96999999997206 ], [ 197530.946, 593306.462000000057742 ], [ 197543.704999999987194, 593305.976000000024214 ], [ 197551.305, 593305.908999999985099 ], [ 197558.543, 593305.442999999970198 ], [ 197565.984, 593305.535999999963678 ], [ 197573.786, 593305.908000000054017 ], [ 197580.672, 593307.604000000050291 ], [ 197587.163999999989755, 593310.780999999959022 ], [ 197592.977000000013504, 593314.160000000032596 ], [ 197598.471, 593317.660999999963678 ], [ 197605.208000000013271, 593322.197000000043772 ], [ 197610.825000000011642, 593326.577000000048429 ], [ 197616.35999999998603, 593330.716999999945983 ], [ 197621.340999999985797, 593336.180000000051223 ], [ 197625.802, 593341.684 ], [ 197629.861, 593346.790000000037253 ], [ 197634.881, 593352.131999999983236 ], [ 197640.541, 593357.47199999995064 ], [ 197645.799999999988358, 593362.294 ], [ 197650.614, 593366.155999999959022 ], [ 197656.791999999986729, 593370.775000000023283 ], [ 197662.647, 593374.873999999952503 ], [ 197668.981, 593378.491000000038184 ], [ 197674.873, 593381.46999999997206 ], [ 197681.643000000010943, 593384.285999999963678 ], [ 197688.532, 593386.542000000015832 ], [ 197696.019, 593388.314999999944121 ], [ 197704.221, 593388.886000000056811 ], [ 197712.461000000010245, 593388.775999999954365 ], [ 197720.420000000012806, 593388.38800000003539 ], [ 197728.377, 593387.559 ], [ 197736.372, 593386.131000000052154 ], [ 197750.723, 593383.518999999971129 ], [ 197765.913, 593380.584999999962747 ], [ 197783.901000000012573, 593377.35999999998603 ], [ 197797.094000000011874, 593375.192999999970198 ], [ 197811.125, 593372.86199999996461 ], [ 197820.121000000013737, 593371.550000000046566 ], [ 197827.437, 593370.523999999975786 ], [ 197834.715, 593369.978 ], [ 197841.034000000014203, 593369.51500000001397 ], [ 197847.833000000013271, 593369.131000000052154 ], [ 197854.835, 593369.545999999972992 ], [ 197862.759, 593370.598 ], [ 197872.805, 593372.241999999969266 ], [ 197882.094000000011874, 593374.368999999947846 ], [ 197889.582, 593376.462000000057742 ], [ 197896.587999999988824, 593378.116999999969266 ], [ 197903.356, 593380.052999999956228 ], [ 197909.723, 593381.99 ], [ 197915.60999999998603, 593383.849000000045635 ], [ 197923.098999999987427, 593386.101999999955297 ], [ 197934.801, 593391.861000000033528 ], [ 197946.983, 593397.658000000054017 ], [ 197958.207, 593403.937999999965541 ], [ 197964.142, 593407.797000000020489 ], [ 197974.729, 593414.959000000031665 ], [ 197983.511999999987893, 593420.88800000003539 ], [ 197990.969000000011874, 593425.582000000053085 ], [ 198001.709, 593430.743000000016764 ], [ 198009.563, 593434.314999999944121 ], [ 198017.089, 593435.849000000045635 ], [ 198027.49, 593436.131000000052154 ], [ 198035.968, 593435.341000000014901 ], [ 198045.043, 593434.069000000017695 ], [ 198052.317000000010012, 593432.36199999996461 ], [ 198059.068999999988591, 593430.057999999960884 ], [ 198066.657, 593426.790999999968335 ], [ 198072.766, 593423.969000000040978 ], [ 198079.353, 593420.185000000055879 ], [ 198084.299999999988358, 593416.927000000025146 ], [ 198089.644999999989523, 593412.827999999979511 ], [ 198094.348, 593408.211000000010245 ], [ 198099.009, 593403.113999999943189 ], [ 198102.832, 593398.57999999995809 ], [ 198106.695, 593393.886000000056811 ], [ 198109.719000000011874, 593389.51500000001397 ], [ 198114.25, 593381.858 ], [ 198118.543, 593374.483 ], [ 198122.51500000001397, 593367.108 ] ] ] ] } },
{ "type": "Feature", "properties": { "buurtcode": "BU18910200", "buurtnaam": "De Westereen", "pc6_codes": "9271AA, 9271AB, 9271AC, 9271AD, 9271AE, 9271AG, 9271AH, 9271AJ, 9271AK, 9271AL, 9271AM, 9271AN, 9271AP, 9271AR, 9271AS, 9271AT, 9271AV, 9271AW, 9271AX, 9271AZ, 9271BA, 9271BB, 9271BC, 9271BD, 9271BE, 9271BG, 9271BH, 9271BJ, 9271BK, 9271BL, 9271BM, 9271BN, 9271BP, 9271BR, 9271BS, 9271BT, 9271BV, 9271BX, 9271CA, 9271CB, 9271CC, 9271CD, 9271CE, 9271CG, 9271CH, 9271CJ, 9271CK, 9271CL, 9271CM, 9271CN, 9271CP, 9271CR, 9271CS, 9271CT, 9271CV, 9271CW, 9271CX, 9271CZ, 9271DA, 9271DB, 9271DD, 9271DE, 9271EA, 9271EB, 9271EC, 9271ED, 9271EE, 9271EG, 9271EH, 9271EJ, 9271EK, 9271EL, 9271EM, 9271EN, 9271EP, 9271ER, 9271ES, 9271ET, 9271EX, 9271EZ, 9271GA, 9271GB, 9271GC, 9271GD, 9271GE, 9271GG, 9271GH, 9271GJ, 9271GK, 9271GL, 9271GM, 9271GN, 9271HA, 9271HB, 9271HC, 9271HD, 9271HE, 9271HG, 9271HH, 9271HJ, 9271HK, 9271HL, 9271HM, 9271HN, 9271JA, 9271JB, 9271JC, 9271JD, 9271JE, 9271JG, 9271JH, 9271JJ, 9271KE, 9271KG, 9271KH, 9271KJ, 9271KK, 9271KL, 9271LA, 9271LB, 9271LC, 9271LD, 9271LE, 9271LG, 9271LH, 9271LJ, 9271LK, 9271LL, 9271LM, 9271VA, 9271VB, 9271VC, 9271VE, 9271VG, 9271VH, 9271VJ, 9271VL, 9271VN, 9271VP, 9271VT", "wijkcode": "WK189102", "gemeentecode": "GM1891", "gemeentenaam": "Dantumadiel", "oppervlakteLandInHa": 385, "AantalInwoners_5": 5110, "Mannen_6": 2550, "Vrouwen_7": 2555, "HuishoudensTotaal_29": 2235, "GemiddeldeHuishoudensgrootte_33": 2.2, "Woningvoorraad_35": 2357, "NieuwbouwWoningen_36": 12, "NietWoningvoorraad_37": 262, "NieuwbouwNietWoningen_38": 20, "GemiddeldeWOZWaardeVanWoningen_39": 276, "PercentageEengezinswoning_40": 85, "PercentageTussenwoningEengezins_41": 19, "PercentageHoekwoningEengezins_42": 11, "PercentageTweeOnderEenKapWoningEe_43": 11, "PercentageVrijstaandeWoningEengezins_44": 43, "PercentageMeergezinswoning_45": 15, "Koopwoningen_47": 50, "HuurwoningenTotaal_48": 50, "InBezitWoningcorporatie_49": 45, "InBezitOverigeVerhuurders_50": 5, "BouwjaarMeerDanTienJaarGeleden_51": 93, "BouwjaarAfgelopenTienJaar_52": 7, "GemiddeldeElektriciteitslevering_53": 2420, "GemiddeldeElektriciteitsteruglevering_54": 1110, "GemiddeldAardgasverbruik_55": 960, "AardgasvrijeWoningen_57": 3, "Aardgaswoningen_58": 91, "WoningenMetZonnestroom_59": 56, "WoningenHoofdzElektrVerwarmd_60": 7, "k_20PersonenMetHoogsteInkomen_80": 9.4, "k_20HuishoudensMetHoogsteInkomen_85": 12.4, "MediaanVermogenVanParticuliereHuish_86": 116.6, "PersonenautoSTotaal_104": 2680, "PersonenautoSBrandstofBenzine_105": 2100, "PersonenautoSOverigeBrandstof_106": 585, "PersonenautoSPerHuishouden_107": 1.2, "Omgevingsadressendichtheid_121": 631, "AantalInstallatiesBijWoningen_5": 1097, "OpgesteldVermogenVanZonnepanelen_6": 3628, "installaties_per_woning": 0.46542214679677557, "vermogen_per_woning": 1.5392448027153161, "installaties_per_100_woningen": 46.542214679677556, "vermogen_per_huishouden": 1.6232662192393736, "batterijdruk_score": 621.6, "koop_zon_score": 0.28, "eengezins_zon_score": 0.476, "betaalkracht_zon_score": 65.296, "overige_brandstof_zon_score": 327.6, "lichte_batterij_kansscore": 0.42435664350353364 }, "geometry": { "type": "MultiPolygon", "coordinates": [ [ [ [ 199216.9534, 586682.730100000044331 ], [ 199216.13200000001234, 586674.54500000004191 ], [ 199207.168, 586596.094000000040978 ], [ 199205.083000000013271, 586577.851000000024214 ], [ 199196.88200000001234, 586500.0 ], [ 199189.788999999989755, 586436.385800000047311 ], [ 199188.461000000010245, 586424.476000000024214 ], [ 199186.182, 586404.030999999959022 ], [ 199183.777, 586382.712000000057742 ], [ 199174.233, 586298.104999999981374 ], [ 199172.527, 586282.979999999981374 ], [ 199172.51500000001397, 586282.87699999997858 ], [ 199172.214, 586280.143999999971129 ], [ 199171.49299999998766, 586273.412000000011176 ], [ 199163.228, 586263.419 ], [ 199163.14000000001397, 586262.863000000012107 ], [ 199162.434, 586258.40500000002794 ], [ 199160.331, 586245.135 ], [ 199149.884, 586189.273999999975786 ], [ 199149.38, 586186.444999999948777 ], [ 199148.965999999985797, 586184.12 ], [ 199160.283, 586175.947999999974854 ], [ 199159.691, 586170.028999999980442 ], [ 199156.663999999989755, 586142.26300000003539 ], [ 199156.655999999988126, 586142.187999999965541 ], [ 199153.1359, 586109.897800000035204 ], [ 199145.668, 586041.393000000040047 ], [ 199143.573, 586020.969000000040978 ], [ 199141.771, 586000.0 ], [ 199133.568, 585921.564000000013039 ], [ 199133.236, 585918.307000000029802 ], [ 199130.489, 585891.339999999967404 ], [ 199126.367, 585853.066 ], [ 199125.307, 585851.033000000054017 ], [ 199123.546, 585849.076 ], [ 199119.163999999989755, 585847.672999999951571 ], [ 199111.622, 585846.785000000032596 ], [ 199109.256, 585825.201 ], [ 199107.709, 585810.865 ], [ 199103.261, 585772.765999999945052 ], [ 199102.256, 585768.113999999943189 ], [ 199102.07, 585767.256000000052154 ], [ 199101.579999999987194, 585764.991999999969266 ], [ 199097.307999999989988, 585724.854000000050291 ], [ 199095.812, 585710.01 ], [ 199088.617, 585640.363000000012107 ], [ 199083.179, 585596.734000000054948 ], [ 199075.185999999986961, 585527.571 ], [ 199072.0, 585500.0 ], [ 199066.832, 585458.003999999957159 ], [ 199064.315, 585437.555000000051223 ], [ 199054.310999999986961, 585350.822000000043772 ], [ 199053.587, 585344.545999999972992 ], [ 199049.0, 585300.0 ], [ 199039.086000000010245, 585217.770999999949709 ], [ 199038.2704, 585217.058399999979883 ], [ 199032.84, 585212.314000000013039 ], [ 199030.13200000001234, 585209.947999999974854 ], [ 199019.9, 585100.800000000046566 ], [ 198975.670000000012806, 585104.951 ], [ 198974.715, 585097.422000000020489 ], [ 198961.886, 584996.255 ], [ 198957.965, 584965.332000000053085 ], [ 198957.201, 584959.087999999988824 ], [ 198956.421, 584952.709999999962747 ], [ 198953.612, 584929.74800000002142 ], [ 198953.446, 584928.392 ], [ 198949.767, 584898.307000000029802 ], [ 198947.060999999986961, 584876.185000000055879 ], [ 198946.299999999988358, 584869.892 ], [ 198937.779, 584799.398000000044703 ], [ 198937.722, 584798.927000000025146 ], [ 198937.104, 584793.816 ], [ 198936.856999999989057, 584792.017 ], [ 198932.077, 584757.172000000020489 ], [ 198930.367, 584744.067000000039116 ], [ 198924.935, 584702.42000000004191 ], [ 198924.861, 584701.854000000050291 ], [ 198920.049999999988358, 584680.74 ], [ 198918.784000000014203, 584671.238999999943189 ], [ 198915.01, 584642.92000000004191 ], [ 198910.99, 584610.800000000046566 ], [ 198905.899, 584571.631000000052154 ], [ 198879.276000000012573, 584571.679 ], [ 198877.983, 584559.962999999988824 ], [ 198873.662000000011176, 584525.457000000053085 ], [ 198872.373, 584514.988000000012107 ], [ 198871.264, 584505.976999999955297 ], [ 198871.14000000001397, 584504.966000000014901 ], [ 198870.976, 584503.63800000003539 ], [ 198870.138, 584496.832000000053085 ], [ 198868.24, 584483.216000000014901 ], [ 198868.086000000010245, 584482.106000000028871 ], [ 198864.219000000011874, 584454.361000000033528 ], [ 198861.904, 584438.476000000024214 ], [ 198860.082, 584425.974000000045635 ], [ 198859.51, 584422.047000000020489 ], [ 198854.049999999988358, 584382.85999999998603 ], [ 198852.62400000001071, 584371.479999999981374 ], [ 198844.019999999989523, 584302.819000000017695 ], [ 198842.678000000014435, 584302.577000000048429 ], [ 198839.428000000014435, 584301.991999999969266 ], [ 198820.480000000010477, 584298.582999999984168 ], [ 198814.812, 584297.560999999986961 ], [ 198806.672, 584296.01500000001397 ], [ 198801.277, 584294.991000000038184 ], [ 198793.772999999986496, 584293.545999999972992 ], [ 198785.918, 584291.99800000002142 ], [ 198775.043, 584289.23499999998603 ], [ 198773.534000000014203, 584288.851999999955297 ], [ 198758.280999999988126, 584285.368999999947846 ], [ 198754.365, 584284.474999999976717 ], [ 198746.891, 584282.26300000003539 ], [ 198741.565, 584280.420999999972992 ], [ 198732.806000000011409, 584277.393000000040047 ], [ 198719.269999999989523, 584272.547999999951571 ], [ 198712.538999999989755, 584270.280999999959022 ], [ 198705.185, 584267.802999999956228 ], [ 198698.755, 584265.554 ], [ 198688.305, 584261.981999999959953 ], [ 198684.775, 584260.775999999954365 ], [ 198683.11799999998766, 584260.209999999962747 ], [ 198677.87, 584258.336000000010245 ], [ 198676.761999999987893, 584257.939999999944121 ], [ 198665.704999999987194, 584253.991000000038184 ], [ 198660.351, 584252.113000000012107 ], [ 198655.128, 584250.28000000002794 ], [ 198631.329, 584241.952000000048429 ], [ 198626.815, 584240.381999999983236 ], [ 198619.259, 584237.753999999957159 ], [ 198576.707, 584225.809 ], [ 198553.6, 584218.718 ], [ 198518.823, 584209.236000000033528 ], [ 198503.333000000013271, 584201.13 ], [ 198473.554, 584198.180999999982305 ], [ 198471.044, 584197.932000000029802 ], [ 198391.494, 584190.054 ], [ 198350.597, 584186.003999999957159 ], [ 198332.147, 584184.177000000025146 ], [ 198331.518000000010943, 584184.115 ], [ 198279.090999999985797, 584178.922999999951571 ], [ 198215.111, 584172.587000000057742 ], [ 198206.098999999987427, 584171.694999999948777 ], [ 198188.938, 584170.003999999957159 ], [ 198188.427, 584169.944000000017695 ], [ 198184.511, 584169.481000000028871 ], [ 198136.699, 584164.875 ], [ 198068.777, 584158.358 ], [ 198068.435, 584158.324999999953434 ], [ 198055.111, 584157.045999999972992 ], [ 198054.932999999989988, 584157.028999999980442 ], [ 198054.854, 584157.020999999949709 ], [ 198054.006, 584156.939999999944121 ], [ 198031.104499999986729, 584154.742399999988265 ], [ 198016.438, 584153.334999999962747 ], [ 198015.049999999988358, 584153.202000000048429 ], [ 198007.424999999988358, 584152.46999999997206 ], [ 198002.5, 584151.800000000046566 ], [ 198000.029, 584151.788999999989755 ], [ 197992.73499999998603, 584153.968 ], [ 197985.26500000001397, 584156.074000000022352 ], [ 197982.592, 584156.859000000054948 ], [ 197971.706, 584161.229000000050291 ], [ 197962.541, 584164.714999999967404 ], [ 197950.032, 584169.564999999944121 ], [ 197930.854, 584177.067999999970198 ], [ 197923.537000000011176, 584179.96999999997206 ], [ 197922.189000000013039, 584180.503999999957159 ], [ 197905.334, 584186.996999999973923 ], [ 197897.728, 584190.194000000017695 ], [ 197896.146, 584190.859000000054948 ], [ 197882.835, 584195.812999999965541 ], [ 197866.579, 584202.153999999980442 ], [ 197842.672, 584211.442999999970198 ], [ 197842.006, 584211.454000000027008 ], [ 197836.979, 584211.373999999952503 ], [ 197833.426, 584210.912999999942258 ], [ 197831.924, 584210.518999999971129 ], [ 197826.009, 584207.316 ], [ 197825.3295, 584206.577200000057928 ], [ 197662.703100000013364, 584398.875 ], [ 197489.5, 584541.5 ], [ 197357.5938, 584617.625 ], [ 197229.0, 584726.125 ], [ 197162.796899999986636, 584825.8125 ], [ 197139.796899999986636, 584956.3125 ], [ 197308.5938, 585591.125 ], [ 197414.4063, 585917.625 ], [ 197545.9999, 586104.125099999946542 ], [ 197696.4999, 586325.312599999946542 ], [ 197913.79680000001099, 586511.687599999946542 ], [ 198094.9062, 586606.375099999946542 ], [ 198290.9062, 586684.875099999946542 ], [ 198520.703, 586730.375099999946542 ], [ 198834.9999, 586742.187599999946542 ], [ 199216.9534, 586682.730100000044331 ] ] ] ] } },
{ "type": "Feature", "properties": { "buurtcode": "BU18910201", "buurtnaam": "Feanwâlden", "pc6_codes": "9269LA, 9269LB, 9269MA, 9269MB, 9269MC, 9269NA, 9269NB, 9269NC, 9269ND, 9269NE, 9269NG, 9269NH, 9269NJ, 9269NK, 9269NL, 9269NM, 9269NN, 9269NP, 9269NR, 9269NS, 9269NT, 9269NV, 9269NW, 9269NX, 9269NZ, 9269PA, 9269PB, 9269PC, 9269PD, 9269PE, 9269PG, 9269PH, 9269PJ, 9269PK, 9269PL, 9269PM, 9269PR, 9269PS, 9269PT, 9269PV, 9269PW, 9269PX, 9269RA, 9269RB, 9269RC, 9269RD, 9269RE, 9269RG, 9269SB, 9269SC, 9269SE, 9269SG, 9269SH, 9269SJ, 9269SK, 9269SL, 9269SM, 9269SN, 9269SP, 9269SR, 9269SV, 9269SW, 9269SX, 9269SZ, 9269TA, 9269TB, 9269TC, 9269TD, 9269TE, 9269TG, 9269TH, 9269TJ, 9269TK, 9269TL, 9269TM, 9269TN, 9269TP, 9269TR, 9269TS, 9269TT, 9269TV, 9269TW, 9269TX, 9269TZ, 9269VA, 9269VB, 9269VC, 9269VD, 9269VE, 9269VG, 9269VH, 9269VJ, 9269VL, 9269VM, 9269VN, 9269VP, 9269VR, 9269VS, 9269VT, 9269VV, 9269VW, 9269VX, 9269VZ, 9269WB, 9269WC, 9269WD, 9269WE, 9269WG, 9269WH, 9269WJ, 9269WN, 9269WP, 9269WR, 9269XA, 9269XB, 9269XC", "wijkcode": "WK189102", "gemeentecode": "GM1891", "gemeentenaam": "Dantumadiel", "oppervlakteLandInHa": 279, "AantalInwoners_5": 3510, "Mannen_6": 1735, "Vrouwen_7": 1775, "HuishoudensTotaal_29": 1525, "GemiddeldeHuishoudensgrootte_33": 2.2, "Woningvoorraad_35": 1608, "NieuwbouwWoningen_36": 0, "NietWoningvoorraad_37": 175, "NieuwbouwNietWoningen_38": 24, "GemiddeldeWOZWaardeVanWoningen_39": 293, "PercentageEengezinswoning_40": 88, "PercentageTussenwoningEengezins_41": 17, "PercentageHoekwoningEengezins_42": 12, "PercentageTweeOnderEenKapWoningEe_43": 14, "PercentageVrijstaandeWoningEengezins_44": 44, "PercentageMeergezinswoning_45": 12, "Koopwoningen_47": 59, "HuurwoningenTotaal_48": 41, "InBezitWoningcorporatie_49": 36, "InBezitOverigeVerhuurders_50": 5, "BouwjaarMeerDanTienJaarGeleden_51": 97, "BouwjaarAfgelopenTienJaar_52": 3, "GemiddeldeElektriciteitslevering_53": 2340, "GemiddeldeElektriciteitsteruglevering_54": 1330, "GemiddeldAardgasverbruik_55": 970, "AardgasvrijeWoningen_57": 6, "Aardgaswoningen_58": 88, "WoningenMetZonnestroom_59": 67, "WoningenHoofdzElektrVerwarmd_60": 7, "k_20PersonenMetHoogsteInkomen_80": 14.2, "k_20HuishoudensMetHoogsteInkomen_85": 16.0, "MediaanVermogenVanParticuliereHuish_86": 198.2, "PersonenautoSTotaal_104": 1895, "PersonenautoSBrandstofBenzine_105": 1470, "PersonenautoSOverigeBrandstof_106": 425, "PersonenautoSPerHuishouden_107": 1.2, "Omgevingsadressendichtheid_121": 429, "AantalInstallatiesBijWoningen_5": 926, "OpgesteldVermogenVanZonnepanelen_6": 3041, "installaties_per_woning": 0.57587064676616917, "vermogen_per_woning": 1.8911691542288558, "installaties_per_100_woningen": 57.587064676616919, "vermogen_per_huishouden": 1.9940983606557376, "batterijdruk_score": 891.1, "koop_zon_score": 0.3953, "eengezins_zon_score": 0.5896, "betaalkracht_zon_score": 132.794, "overige_brandstof_zon_score": 284.75, "lichte_batterij_kansscore": 0.47388273560483529 }, "geometry": { "type": "MultiPolygon", "coordinates": [ [ [ [ 196181.9999, 584528.625099999946542 ], [ 196275.9062, 584472.812599999946542 ], [ 196336.0937, 584389.375099999946542 ], [ 196362.296899999986636, 584290.187599999946542 ], [ 196392.296899999986636, 584125.500099999946542 ], [ 196445.0, 583907.875099999946542 ], [ 196554.5393, 583730.435599999967963 ], [ 196513.859, 583707.5 ], [ 196472.14000000001397, 583683.625 ], [ 196430.843, 583660.687000000034459 ], [ 196389.578, 583637.062000000034459 ], [ 196354.89000000001397, 583617.687000000034459 ], [ 196311.328, 583594.312000000034459 ], [ 196281.625, 583578.125 ], [ 196277.25, 583575.937000000034459 ], [ 196271.562, 583573.875 ], [ 196249.859, 583561.75 ], [ 196235.5, 583553.375 ], [ 196211.953, 583540.812000000034459 ], [ 196176.593, 583523.5 ], [ 196139.234, 583505.187000000034459 ], [ 196105.780999999988126, 583488.187000000034459 ], [ 196067.937, 583468.375 ], [ 196023.828, 583445.687000000034459 ], [ 195985.921, 583424.625 ], [ 195943.875, 583401.25 ], [ 195918.26500000001397, 583386.875 ], [ 195910.217, 583379.192999999970198 ], [ 195908.312, 583377.375 ], [ 195886.562, 583363.875 ], [ 195869.26500000001397, 583353.75 ], [ 195847.905999999988126, 583342.062000000034459 ], [ 195809.905999999988126, 583321.75 ], [ 195771.39000000001397, 583301.625 ], [ 195736.14000000001397, 583281.937000000034459 ], [ 195685.14000000001397, 583253.125 ], [ 195647.687, 583232.625 ], [ 195608.734, 583210.875 ], [ 195554.875, 583180.25 ], [ 195510.51500000001397, 583155.25 ], [ 195456.562, 583124.125 ], [ 195386.203, 583083.0 ], [ 195352.1, 583063.572999999974854 ], [ 195320.484, 583045.562000000034459 ], [ 195296.734, 583032.5 ], [ 195253.625, 583007.187000000034459 ], [ 195205.671, 582978.812000000034459 ], [ 195167.76500000001397, 582957.687000000034459 ], [ 195137.218, 582940.625 ], [ 195104.953, 582922.625 ], [ 195087.456, 582912.567999999970198 ], [ 195065.155999999988126, 582899.75 ], [ 195036.593, 582883.5 ], [ 195028.593, 582879.125 ], [ 195009.5, 582871.125 ], [ 194990.593, 582863.187000000034459 ], [ 194969.997, 582853.115 ], [ 194968.022, 582852.148999999975786 ], [ 194965.303000000014435, 582850.819999999948777 ], [ 194962.019999999989523, 582849.214000000036322 ], [ 194955.024, 582845.792999999946915 ], [ 194946.5, 582841.625 ], [ 194942.652299999987008, 582839.315300000016578 ], [ 194903.812, 582816.0 ], [ 194902.068999999988591, 582814.930000000051223 ], [ 194895.359, 582810.812000000034459 ], [ 194887.049999999988358, 582805.567000000039116 ], [ 194886.843, 582805.437000000034459 ], [ 194883.968, 582803.25 ], [ 194866.062, 582789.562000000034459 ], [ 194843.875, 582772.937000000034459 ], [ 194839.187, 582769.875 ], [ 194808.017, 582753.655999999959022 ], [ 194808.35, 582752.802999999956228 ], [ 194809.583000000013271, 582749.645000000018626 ], [ 194810.416999999986729, 582747.51 ], [ 194798.171, 582743.312000000034459 ], [ 194777.375, 582737.937000000034459 ], [ 194772.375, 582736.687000000034459 ], [ 194730.343, 582723.875 ], [ 194708.546, 582718.687000000034459 ], [ 194681.155999999988126, 582712.375 ], [ 194643.780999999988126, 582707.5 ], [ 194624.343, 582702.812000000034459 ], [ 194595.093, 582695.875 ], [ 194559.64000000001397, 582687.625 ], [ 194532.64000000001397, 582680.562000000034459 ], [ 194493.875, 582670.437000000034459 ], [ 194458.51500000001397, 582661.187000000034459 ], [ 194449.75, 582658.5 ], [ 194433.26500000001397, 582652.812000000034459 ], [ 194423.843, 582648.875 ], [ 194415.312, 582644.812000000034459 ], [ 194408.093, 582641.187000000034459 ], [ 194400.562, 582637.875 ], [ 194385.375, 582631.875 ], [ 194372.405999999988126, 582627.375 ], [ 194366.343, 582626.062000000034459 ], [ 194351.078, 582623.187000000034459 ], [ 194331.405999999988126, 582620.125 ], [ 194309.76500000001397, 582616.0 ], [ 194299.609, 582612.875 ], [ 194276.546, 582605.187000000034459 ], [ 194259.234, 582602.187000000034459 ], [ 194246.687, 582600.199999999953434 ], [ 194243.60999999998603, 582599.712999999988824 ], [ 194242.549, 582599.54500000004191 ], [ 194239.048, 582598.993000000016764 ], [ 194206.687, 582595.187000000034459 ], [ 194177.25, 582591.312000000034459 ], [ 194146.51500000001397, 582586.437000000034459 ], [ 194137.405999999988126, 582584.062000000034459 ], [ 194123.828, 582579.687000000034459 ], [ 194116.0, 582576.625 ], [ 194107.328, 582572.312000000034459 ], [ 194103.359, 582568.75 ], [ 194103.062, 582562.187000000034459 ], [ 194107.828, 582547.062000000034459 ], [ 194112.703, 582534.5 ], [ 194114.625, 582529.375 ], [ 194102.728, 582528.775000000023283 ], [ 194102.736, 582528.75 ], [ 194102.113000000012107, 582528.743999999947846 ], [ 194072.446, 582528.457000000053085 ], [ 194047.449, 582528.832000000053085 ], [ 194043.89000000001397, 582529.63 ], [ 194037.702, 582530.084999999962747 ], [ 193996.41, 582533.12 ], [ 193992.013, 582533.162999999942258 ], [ 193982.941, 582533.351999999955297 ], [ 193975.115, 582533.594000000040978 ], [ 193948.837999999988824, 582533.927000000025146 ], [ 193944.324, 582533.506999999983236 ], [ 193941.37400000001071, 582533.09699999995064 ], [ 193937.856999999989057, 582531.942999999970198 ], [ 193933.843, 582529.5 ], [ 193931.138, 582528.478 ], [ 193929.564000000013039, 582528.321 ], [ 193926.780999999988126, 582527.687000000034459 ], [ 193919.812, 582525.75 ], [ 193902.772, 582519.995 ], [ 193897.484, 582519.937000000034459 ], [ 193894.363000000012107, 582518.589000000036322 ], [ 193891.948, 582517.643999999971129 ], [ 193888.893000000010943, 582516.604999999981374 ], [ 193885.166, 582515.817000000039116 ], [ 193878.185, 582514.871999999973923 ], [ 193871.771, 582514.199999999953434 ], [ 193865.628999999986263, 582514.51500000001397 ], [ 193859.005, 582514.99800000002142 ], [ 193852.968, 582515.628000000026077 ], [ 193846.659000000014203, 582516.846000000019558 ], [ 193834.113000000012107, 582519.103 ], [ 193824.921, 582520.687000000034459 ], [ 193822.555, 582519.429 ], [ 193816.992, 582516.875 ], [ 193811.364, 582514.241999999969266 ], [ 193805.117, 582511.618000000016764 ], [ 193793.296, 582506.903999999980442 ], [ 193780.5, 582502.375 ], [ 193774.734, 582500.25 ], [ 193772.761999999987893, 582500.353 ], [ 193771.135, 582500.930999999982305 ], [ 193768.546, 582503.125 ], [ 193765.465999999985797, 582506.39000000001397 ], [ 193756.875, 582514.75 ], [ 193750.117, 582519.533000000054017 ], [ 193747.703, 582521.003000000026077 ], [ 193744.973, 582522.26300000003539 ], [ 193742.24299999998766, 582523.417999999946915 ], [ 193734.234, 582526.062000000034459 ], [ 193731.367, 582527.628000000026077 ], [ 193719.284000000014203, 582536.562000000034459 ], [ 193716.712, 582538.241000000038184 ], [ 193714.443999999988591, 582539.354000000050291 ], [ 193710.218, 582541.0 ], [ 193705.875, 582542.125 ], [ 193702.171, 582542.625 ], [ 193697.968, 582542.625 ], [ 193692.875, 582542.125 ], [ 193684.601, 582541.484000000054948 ], [ 193665.655999999988126, 582540.018000000040047 ], [ 193662.479, 582539.78159999998752 ], [ 193740.0937, 582592.875099999946542 ], [ 193973.5, 582705.875099999946542 ], [ 193914.5, 582857.1875 ], [ 193923.9062, 582959.812599999946542 ], [ 193985.5937, 583050.687599999946542 ], [ 194059.4999, 583135.625099999946542 ], [ 194138.79680000001099, 583202.125099999946542 ], [ 194206.9999, 583314.812599999946542 ], [ 194281.9999, 583410.375099999946542 ], [ 194422.5937, 583651.812599999946542 ], [ 194422.9853, 583652.1324 ], [ 194373.151000000012573, 583774.048500000033528 ], [ 194809.6255, 584056.587999999988824 ], [ 194860.3424, 583957.733099999953993 ], [ 194901.5937, 583997.500099999946542 ], [ 194952.0938, 584110.5 ], [ 195012.0937, 584375.625099999946542 ], [ 195079.79680000001099, 584483.187599999946542 ], [ 195154.0937, 584517.812599999946542 ], [ 195192.0937, 584524.312599999946542 ], [ 195245.0937, 584510.187599999946542 ], [ 195340.0937, 584466.375 ], [ 195469.5, 584414.375 ], [ 195579.5521, 584400.055500000016764 ], [ 195592.9591, 584407.764500000048429 ], [ 195606.3041, 584414.437000000034459 ], [ 195643.479400000011083, 584428.735299999942072 ], [ 195670.169499999989057, 584448.752800000016578 ], [ 195685.4209, 584423.969200000050478 ], [ 195700.912600000010571, 584400.731600000057369 ], [ 195776.203, 584424.687599999946542 ], [ 195927.703, 584506.125099999946542 ], [ 196036.0937, 584577.687599999946542 ], [ 196083.0937, 584581.875099999946542 ], [ 196181.9999, 584528.625099999946542 ] ] ] ] } },
{ "type": "Feature", "properties": { "buurtcode": "BU18910202", "buurtnaam": "Readtsjerk", "pc6_codes": "9067DG, 9067DH, 9067DJ, 9067DK, 9067DL, 9067DM, 9067DN, 9067DP, 9067DR, 9067DS, 9067DT, 9269TV", "wijkcode": "WK189102", "gemeentecode": "GM1891", "gemeentenaam": "Dantumadiel", "oppervlakteLandInHa": 693, "AantalInwoners_5": 190, "Mannen_6": 90, "Vrouwen_7": 100, "HuishoudensTotaal_29": 75, "GemiddeldeHuishoudensgrootte_33": 2.4, "Woningvoorraad_35": 81, "NieuwbouwWoningen_36": 0, "NietWoningvoorraad_37": 11, "NieuwbouwNietWoningen_38": 0, "GemiddeldeWOZWaardeVanWoningen_39": 452, "PercentageEengezinswoning_40": 98, "PercentageTussenwoningEengezins_41": 0, "PercentageHoekwoningEengezins_42": 0, "PercentageTweeOnderEenKapWoningEe_43": 6, "PercentageVrijstaandeWoningEengezins_44": 91, "PercentageMeergezinswoning_45": 2, "Koopwoningen_47": 94, "HuurwoningenTotaal_48": 6, "InBezitWoningcorporatie_49": 0, "InBezitOverigeVerhuurders_50": 6, "BouwjaarMeerDanTienJaarGeleden_51": 98, "BouwjaarAfgelopenTienJaar_52": 2, "GemiddeldeElektriciteitslevering_53": 3580, "GemiddeldeElektriciteitsteruglevering_54": 1760, "GemiddeldAardgasverbruik_55": 1270, "AardgasvrijeWoningen_57": null, "Aardgaswoningen_58": null, "WoningenMetZonnestroom_59": null, "WoningenHoofdzElektrVerwarmd_60": null, "k_20PersonenMetHoogsteInkomen_80": 29.5, "k_20HuishoudensMetHoogsteInkomen_85": null, "MediaanVermogenVanParticuliereHuish_86": null, "PersonenautoSTotaal_104": 125, "PersonenautoSBrandstofBenzine_105": 90, "PersonenautoSOverigeBrandstof_106": 30, "PersonenautoSPerHuishouden_107": 1.6, "Omgevingsadressendichtheid_121": 64, "AantalInstallatiesBijWoningen_5": 34, "OpgesteldVermogenVanZonnepanelen_6": 149, "installaties_per_woning": 0.41975308641975306, "vermogen_per_woning": 1.8395061728395061, "installaties_per_100_woningen": 41.975308641975303, "vermogen_per_huishouden": 1.9866666666666666, "batterijdruk_score": null, "koop_zon_score": null, "eengezins_zon_score": null, "betaalkracht_zon_score": null, "overige_brandstof_zon_score": null, "lichte_batterij_kansscore": null }, "geometry": { "type": "MultiPolygon", "coordinates": [ [ [ [ 189781.4063, 587870.5 ], [ 189963.9062, 588014.125099999946542 ], [ 189998.703, 588040.312599999946542 ], [ 190013.4999, 588071.125099999946542 ], [ 190086.9999, 588131.187599999946542 ], [ 190141.296899999986636, 588158.0 ], [ 190696.796899999986636, 588357.8125 ], [ 190937.0938, 587674.125 ], [ 191221.5, 587800.375 ], [ 191321.296899999986636, 587892.0 ], [ 191514.0, 587497.3125 ], [ 191528.796899999986636, 587401.5 ], [ 191660.9063, 587059.125099999946542 ], [ 191991.703, 587009.500099999946542 ], [ 192153.79680000001099, 587121.875099999946542 ], [ 192155.4063, 587115.875 ], [ 192174.5938, 586950.375 ], [ 192205.9062, 586880.500099999946542 ], [ 192168.703100000013364, 586866.375 ], [ 192318.4063, 586441.625 ], [ 192376.0938, 586449.1875 ], [ 192398.0, 586343.5 ], [ 192345.796899999986636, 586315.125 ], [ 192430.796899999986636, 586103.375099999946542 ], [ 192694.0, 585379.625099999946542 ], [ 192066.6601, 585021.832700000028126 ], [ 192022.859, 585029.0 ], [ 191962.734, 585038.75 ], [ 191935.88, 585043.060000000055879 ], [ 191919.437, 585045.699000000022352 ], [ 191916.780999999988126, 585046.125 ], [ 191898.905999999988126, 585049.062000000034459 ], [ 191875.905999999988126, 585052.937000000034459 ], [ 191867.343, 585054.125 ], [ 191763.937, 585071.812000000034459 ], [ 191744.718, 585075.125 ], [ 191680.01500000001397, 585085.437000000034459 ], [ 191586.468, 585100.562000000034459 ], [ 191489.442000000010012, 585116.206 ], [ 191483.287000000011176, 585117.167000000015832 ], [ 191407.046, 585129.687000000034459 ], [ 191390.218, 585132.437000000034459 ], [ 191387.921, 585131.812000000034459 ], [ 191387.718, 585133.0 ], [ 191366.484, 585135.812000000034459 ], [ 191306.593, 585145.125 ], [ 191236.89000000001397, 585155.625 ], [ 191191.125, 585162.625 ], [ 191183.718, 585163.875 ], [ 191169.093, 585166.0 ], [ 191147.625, 585169.062000000034459 ], [ 191095.796, 585176.812000000034459 ], [ 191032.546, 585186.437000000034459 ], [ 191004.109, 585190.625 ], [ 190984.328, 585193.687000000034459 ], [ 190969.703, 585197.437000000034459 ], [ 190963.125, 585199.062000000034459 ], [ 190954.203, 585201.375 ], [ 190938.468, 585205.312000000034459 ], [ 190946.562, 585222.312099999981001 ], [ 190948.655999999988126, 585227.687000000034459 ], [ 190951.109, 585232.812000000034459 ], [ 190954.030999999988126, 585242.312000000034459 ], [ 190959.905999999988126, 585260.937000000034459 ], [ 190963.062, 585271.437000000034459 ], [ 190964.828, 585279.0 ], [ 190965.578, 585284.562000000034459 ], [ 190966.530999999988126, 585289.937000000034459 ], [ 190966.984, 585294.375 ], [ 190966.703, 585298.062000000034459 ], [ 190965.375, 585312.562000000034459 ], [ 190958.859, 585328.25 ], [ 190958.562, 585328.937000000034459 ], [ 190959.562, 585334.5 ], [ 190961.25, 585351.812000000034459 ], [ 190961.953, 585356.937000000034459 ], [ 190961.734, 585364.875 ], [ 190961.078, 585375.812000000034459 ], [ 190960.359, 585404.812000000034459 ], [ 190959.562, 585430.687000000034459 ], [ 190958.51500000001397, 585457.687000000034459 ], [ 190958.01500000001397, 585467.562000000034459 ], [ 190954.062, 585479.625 ], [ 190953.843, 585486.875 ], [ 190951.328, 585493.062000000034459 ], [ 190947.734, 585493.312000000034459 ], [ 190946.655, 585500.101000000024214 ], [ 190940.115, 585519.829000000027008 ], [ 190936.413999999989755, 585530.48699999996461 ], [ 190933.01500000001397, 585537.625 ], [ 190931.687, 585541.437000000034459 ], [ 190929.796, 585545.312000000034459 ], [ 190928.780999999988126, 585547.437000000034459 ], [ 190924.671, 585552.75 ], [ 190915.625, 585563.812000000034459 ], [ 190906.171, 585573.812000000034459 ], [ 190894.51500000001397, 585586.0 ], [ 190886.984, 585593.625 ], [ 190881.984, 585599.0 ], [ 190876.734, 585604.812000000034459 ], [ 190871.578, 585610.5 ], [ 190866.51500000001397, 585618.0 ], [ 190861.796, 585624.5 ], [ 190850.655999999988126, 585640.562000000034459 ], [ 190840.968, 585655.125 ], [ 190825.74299999998766, 585678.214000000036322 ], [ 190823.772999999986496, 585681.182000000029802 ], [ 190812.609, 585697.5 ], [ 190801.459, 585713.518999999971129 ], [ 190787.391, 585734.145999999949709 ], [ 190779.309, 585745.718 ], [ 190774.359, 585751.687000000034459 ], [ 190775.203, 585752.125 ], [ 190764.405999999988126, 585768.0 ], [ 190754.171, 585783.125 ], [ 190752.562, 585783.875 ], [ 190751.046, 585784.312000000034459 ], [ 190724.093, 585790.437000000034459 ], [ 190701.203, 585795.562000000034459 ], [ 190668.64000000001397, 585802.125 ], [ 190648.343, 585805.75 ], [ 190643.203, 585806.25 ], [ 190639.030999999988126, 585807.25 ], [ 190635.375, 585808.312000000034459 ], [ 190631.655999999988126, 585809.562000000034459 ], [ 190628.25, 585811.187000000034459 ], [ 190623.671, 585813.875 ], [ 190617.093, 585817.312000000034459 ], [ 190609.405999999988126, 585821.125 ], [ 190600.921, 585824.75 ], [ 190596.223, 585826.454000000027008 ], [ 190581.326, 585829.147 ], [ 190576.919, 585829.640999999945052 ], [ 190571.112, 585830.115 ], [ 190565.31, 585830.238999999943189 ], [ 190561.114, 585829.832999999984168 ], [ 190555.772999999986496, 585829.060999999986961 ], [ 190550.776000000012573, 585828.794 ], [ 190545.334, 585828.12 ], [ 190540.26, 585829.569999999948777 ], [ 190539.931000000011409, 585829.62 ], [ 190529.201, 585831.263999999966472 ], [ 190526.187, 585832.050999999977648 ], [ 190525.655999999988126, 585832.0 ], [ 190519.26500000001397, 585833.125 ], [ 190505.812, 585835.875 ], [ 190486.859, 585839.875 ], [ 190460.187, 585845.875 ], [ 190431.437, 585852.437000000034459 ], [ 190398.078, 585859.625 ], [ 190373.905999999988126, 585865.0 ], [ 190358.64000000001397, 585868.5 ], [ 190333.078, 585873.937000000034459 ], [ 190288.453, 585883.812000000034459 ], [ 190257.89000000001397, 585890.312000000034459 ], [ 190234.405999999988126, 585895.625 ], [ 190224.75, 585898.062000000034459 ], [ 190215.280999999988126, 585900.75 ], [ 190208.218, 585903.625 ], [ 190202.203, 585906.062000000034459 ], [ 190196.64000000001397, 585908.937000000034459 ], [ 190192.530999999988126, 585911.5 ], [ 190187.578, 585915.25 ], [ 190185.4411, 585917.086099999956787 ], [ 190183.578, 585918.687000000034459 ], [ 190178.25, 585924.312000000034459 ], [ 190171.780999999988126, 585930.75 ], [ 190166.562, 585936.75 ], [ 190170.661, 585938.935999999986961 ], [ 190167.155999999988126, 585939.625 ], [ 190162.062, 585944.437000000034459 ], [ 190154.437, 585953.812000000034459 ], [ 190151.202, 585958.236000000033528 ], [ 190147.812, 585962.875 ], [ 190144.905999999988126, 585965.937000000034459 ], [ 190143.111, 585968.685999999986961 ], [ 190137.432999999989988, 585977.383999999961816 ], [ 190131.858, 585986.675000000046566 ], [ 190125.484, 585998.687000000034459 ], [ 190121.328, 586009.375 ], [ 190114.468, 586027.5 ], [ 190108.546, 586041.0 ], [ 190103.905999999988126, 586049.312000000034459 ], [ 190095.809, 586059.185999999986961 ], [ 190095.488000000012107, 586059.579000000027008 ], [ 190081.718, 586076.375 ], [ 190068.795000000012806, 586089.169 ], [ 190060.0, 586097.875 ], [ 190045.468, 586110.312000000034459 ], [ 190033.546, 586119.687000000034459 ], [ 190020.734, 586129.008000000030734 ], [ 190012.843, 586134.75 ], [ 190001.687, 586142.062000000034459 ], [ 189975.203, 586158.25 ], [ 189958.427, 586166.476999999955297 ], [ 189958.125, 586166.625 ], [ 189939.562, 586177.437000000034459 ], [ 189939.271, 586177.636000000056811 ], [ 189920.924, 586190.169 ], [ 189920.530999999988126, 586190.437000000034459 ], [ 189917.397999999986496, 586192.337999999988824 ], [ 189915.484, 586193.5 ], [ 189907.01500000001397, 586200.625 ], [ 189905.719000000011874, 586197.243999999947846 ], [ 189900.113000000012107, 586204.714000000036322 ], [ 189898.172, 586207.300000000046566 ], [ 189889.5, 586217.625 ], [ 189889.009, 586218.209999999962747 ], [ 189886.567000000010012, 586221.118000000016764 ], [ 189881.201, 586227.51 ], [ 189877.748, 586231.621000000042841 ], [ 189875.346, 586235.405999999959022 ], [ 189871.279, 586239.395999999949709 ], [ 189871.229, 586239.444999999948777 ], [ 189869.169, 586241.464999999967404 ], [ 189850.505, 586255.022 ], [ 189842.0, 586262.937000000034459 ], [ 189839.212999999988824, 586265.658000000054017 ], [ 189837.631, 586267.204000000027008 ], [ 189827.651000000012573, 586275.743000000016764 ], [ 189820.807, 586284.439999999944121 ], [ 189809.043, 586299.185999999986961 ], [ 189766.981, 586351.910999999963678 ], [ 189762.483, 586357.540000000037253 ], [ 189760.833000000013271, 586359.606000000028871 ], [ 189756.63, 586364.866000000038184 ], [ 189749.937, 586358.562000000034459 ], [ 189745.033, 586353.457000000053085 ], [ 189728.193999999988591, 586372.557999999960884 ], [ 189688.812, 586412.084999999962747 ], [ 189679.93, 586420.554 ], [ 189673.693999999988591, 586425.613000000012107 ], [ 189670.405, 586427.280999999959022 ], [ 189666.806000000011409, 586429.787999999942258 ], [ 189663.229, 586432.946 ], [ 189659.972, 586435.366000000038184 ], [ 189657.844000000011874, 586436.604999999981374 ], [ 189654.918, 586436.523000000044703 ], [ 189649.297, 586435.729000000050291 ], [ 189645.562, 586444.792000000015832 ], [ 189621.201, 586448.817000000039116 ], [ 189607.601, 586451.412999999942258 ], [ 189599.99, 586455.415000000037253 ], [ 189594.922, 586458.73699999996461 ], [ 189582.195, 586468.381000000052154 ], [ 189570.585, 586477.197999999974854 ], [ 189561.799999999988358, 586483.79500000004191 ], [ 189553.783, 586490.055999999982305 ], [ 189543.087999999988824, 586500.332000000053085 ], [ 189526.826, 586513.98499999998603 ], [ 189514.423, 586525.655999999959022 ], [ 189504.698899999988498, 586533.872500000055879 ], [ 189490.481, 586545.886000000056811 ], [ 189463.519, 586569.312999999965541 ], [ 189432.782, 586595.468 ], [ 189410.538, 586614.202999999979511 ], [ 189388.89000000001397, 586633.324999999953434 ], [ 189364.659000000014203, 586655.04500000004191 ], [ 189332.671, 586682.645000000018626 ], [ 189284.356999999989057, 586723.99800000002142 ], [ 189280.828, 586727.5 ], [ 189275.046, 586732.75 ], [ 189268.818, 586738.147 ], [ 189263.796, 586742.5 ], [ 189251.062, 586728.187000000034459 ], [ 189216.375, 586757.312000000034459 ], [ 189179.030999999988126, 586788.625 ], [ 189154.078, 586809.687000000034459 ], [ 189146.578, 586816.125 ], [ 189113.109, 586844.437000000034459 ], [ 189083.421, 586869.375 ], [ 189053.046, 586894.937000000034459 ], [ 189017.280999999988126, 586925.5 ], [ 188991.718, 586947.375 ], [ 188971.343, 586964.75 ], [ 188953.218, 586979.625 ], [ 188932.01500000001397, 586997.562000000034459 ], [ 188916.468, 587011.75 ], [ 188903.625, 587023.25 ], [ 188894.093, 587031.687000000034459 ], [ 188882.625, 587043.375 ], [ 188877.484, 587048.75 ], [ 188857.687, 587067.062000000034459 ], [ 188839.718, 587083.875 ], [ 188806.655999999988126, 587114.375 ], [ 188771.312, 587146.937000000034459 ], [ 188767.125, 587145.062000000034459 ], [ 188761.519999999989523, 587142.400000000023283 ], [ 188758.494, 587140.785999999963678 ], [ 188750.537000000011176, 587153.74800000002142 ], [ 188747.654, 587158.344000000040978 ], [ 188746.009, 587161.410999999963678 ], [ 188744.692000000010012, 587163.326 ], [ 188740.541, 587169.682999999960884 ], [ 188739.12, 587172.675000000046566 ], [ 188736.980000000010477, 587178.143000000040047 ], [ 188734.549, 587184.12699999997858 ], [ 188733.090999999985797, 587186.819999999948777 ], [ 188730.473, 587191.008000000030734 ], [ 188726.127, 587196.701 ], [ 188721.222, 587202.165000000037253 ], [ 188716.141, 587207.322000000043772 ], [ 188710.412000000011176, 587212.564999999944121 ], [ 188702.670000000012806, 587219.559 ], [ 188698.314000000013039, 587223.569999999948777 ], [ 188695.108, 587226.523000000044703 ], [ 188690.911, 587229.895999999949709 ], [ 188687.471, 587233.074999999953434 ], [ 188681.18, 587238.057000000029802 ], [ 188676.459, 587242.520000000018626 ], [ 188675.775, 587243.167000000015832 ], [ 188674.486, 587244.527 ], [ 188673.204999999987194, 587245.724999999976717 ], [ 188672.317000000010012, 587246.621000000042841 ], [ 188669.661, 587250.435999999986961 ], [ 188667.522, 587252.986000000033528 ], [ 188662.996000000013737, 587257.99800000002142 ], [ 188657.817000000010012, 587263.518000000040047 ], [ 188646.631, 587275.829000000027008 ], [ 188648.766, 587278.520000000018626 ], [ 188648.5715, 587278.689000000013039 ], [ 188766.4999, 587416.312599999946542 ], [ 188831.79680000001099, 587494.375099999946542 ], [ 188903.9063, 587586.125 ], [ 189618.0938, 588488.625 ], [ 189781.4063, 587870.5 ] ] ] ] } },
{ "type": "Feature", "properties": { "buurtcode": "BU18910208", "buurtnaam": "Verspreide huizen De Westereen", "pc6_codes": "9269HA, 9271HD, 9271VD, 9271VE, 9271VG, 9271VH, 9271VK", "wijkcode": "WK189102", "gemeentecode": "GM1891", "gemeentenaam": "Dantumadiel", "oppervlakteLandInHa": 423, "AantalInwoners_5": 60, "Mannen_6": 30, "Vrouwen_7": 30, "HuishoudensTotaal_29": 25, "GemiddeldeHuishoudensgrootte_33": 2.8, "Woningvoorraad_35": 19, "NieuwbouwWoningen_36": 1, "NietWoningvoorraad_37": 10, "NieuwbouwNietWoningen_38": 0, "GemiddeldeWOZWaardeVanWoningen_39": null, "PercentageEengezinswoning_40": null, "PercentageTussenwoningEengezins_41": null, "PercentageHoekwoningEengezins_42": null, "PercentageTweeOnderEenKapWoningEe_43": null, "PercentageVrijstaandeWoningEengezins_44": null, "PercentageMeergezinswoning_45": null, "Koopwoningen_47": null, "HuurwoningenTotaal_48": null, "InBezitWoningcorporatie_49": null, "InBezitOverigeVerhuurders_50": null, "BouwjaarMeerDanTienJaarGeleden_51": null, "BouwjaarAfgelopenTienJaar_52": null, "GemiddeldeElektriciteitslevering_53": 3690, "GemiddeldeElektriciteitsteruglevering_54": 2300, "GemiddeldAardgasverbruik_55": 1490, "AardgasvrijeWoningen_57": null, "Aardgaswoningen_58": null, "WoningenMetZonnestroom_59": null, "WoningenHoofdzElektrVerwarmd_60": null, "k_20PersonenMetHoogsteInkomen_80": null, "k_20HuishoudensMetHoogsteInkomen_85": null, "MediaanVermogenVanParticuliereHuish_86": null, "PersonenautoSTotaal_104": 15, "PersonenautoSBrandstofBenzine_105": 5, "PersonenautoSOverigeBrandstof_106": 5, "PersonenautoSPerHuishouden_107": null, "Omgevingsadressendichtheid_121": 69, "AantalInstallatiesBijWoningen_5": 4, "OpgesteldVermogenVanZonnepanelen_6": 54, "installaties_per_woning": 0.21052631578947367, "vermogen_per_woning": 2.8421052631578947, "installaties_per_100_woningen": 21.052631578947366, "vermogen_per_huishouden": 2.16, "batterijdruk_score": null, "koop_zon_score": null, "eengezins_zon_score": null, "betaalkracht_zon_score": null, "overige_brandstof_zon_score": null, "lichte_batterij_kansscore": null }, "geometry": { "type": "MultiPolygon", "coordinates": [ [ [ [ 199489.541999999986729, 589561.452999999979511 ], [ 199489.49900000001071, 589560.437000000034459 ], [ 199489.057999999989988, 589549.917999999946915 ], [ 199488.471, 589535.932000000029802 ], [ 199486.962999999988824, 589500.0 ], [ 199486.035, 589482.518999999971129 ], [ 199485.862, 589479.197999999974854 ], [ 199474.298, 589256.919 ], [ 199473.557999999989988, 589239.37 ], [ 199473.027, 589228.167000000015832 ], [ 199462.35999999998603, 589003.0 ], [ 199462.245, 589000.564999999944121 ], [ 199461.864, 588956.712999999988824 ], [ 199461.763, 588940.770000000018626 ], [ 199465.038999999989755, 588940.782 ], [ 199464.875, 588933.689999999944121 ], [ 199464.700000000011642, 588926.103 ], [ 199463.342, 588926.150999999954365 ], [ 199461.421, 588895.02800000004936 ], [ 199454.14000000001397, 588762.770999999949709 ], [ 199453.706, 588747.922000000020489 ], [ 199450.445, 588688.072999999974854 ], [ 199442.008, 588500.0 ], [ 199440.869, 588477.294 ], [ 199440.871000000013737, 588476.327999999979511 ], [ 199439.99900000001071, 588466.182000000029802 ], [ 199439.977000000013504, 588464.275000000023283 ], [ 199436.462, 588394.324999999953434 ], [ 199436.473, 588380.812999999965541 ], [ 199436.476, 588376.219000000040978 ], [ 199435.813, 588372.381999999983236 ], [ 199437.902, 588372.295999999972992 ], [ 199448.094000000011874, 588371.878999999957159 ], [ 199451.268000000010943, 588371.748999999952503 ], [ 199457.547, 588371.175000000046566 ], [ 199462.605000000010477, 588371.032 ], [ 199467.788999999989755, 588371.245 ], [ 199482.170000000012806, 588374.371999999973923 ], [ 199486.615, 588376.185000000055879 ], [ 199517.347, 588389.258000000030734 ], [ 199519.144999999989523, 588390.495 ], [ 199519.51500000001397, 588389.187000000034459 ], [ 199541.013, 588315.417999999946915 ], [ 199541.189000000013039, 588313.841999999945983 ], [ 199540.373, 588312.46999999997206 ], [ 199538.033, 588311.101000000024214 ], [ 199495.738000000012107, 588293.785999999963678 ], [ 199492.661, 588292.748999999952503 ], [ 199489.763, 588292.449000000022352 ], [ 199486.942000000010012, 588292.937000000034459 ], [ 199478.202, 588295.138999999966472 ], [ 199472.432999999989988, 588295.479000000050291 ], [ 199467.424999999988358, 588295.131999999983236 ], [ 199463.687, 588294.351000000024214 ], [ 199460.102000000013504, 588293.111000000033528 ], [ 199456.337, 588291.312999999965541 ], [ 199451.807999999989988, 588288.116999999969266 ], [ 199448.551, 588285.682000000029802 ], [ 199444.022999999986496, 588283.045999999972992 ], [ 199442.115, 588282.381999999983236 ], [ 199441.452, 588282.241999999969266 ], [ 199441.307999999989988, 588282.212000000057742 ], [ 199430.979, 588280.044 ], [ 199430.587999999988824, 588274.814000000013039 ], [ 199428.541, 588248.430000000051223 ], [ 199428.481999999989057, 588247.729999999981374 ], [ 199423.959, 588193.669 ], [ 199418.746000000013737, 588125.633999999961816 ], [ 199418.521, 588123.022 ], [ 199418.505, 588122.839999999967404 ], [ 199418.50099999998929, 588122.790999999968335 ], [ 199410.846, 588014.853 ], [ 199410.43, 588008.49800000002142 ], [ 199409.517, 587996.251000000047497 ], [ 199402.229, 587898.449999999953434 ], [ 199393.568999999988591, 587783.513999999966472 ], [ 199392.441, 587768.552000000025146 ], [ 199389.396, 587728.13800000003539 ], [ 199385.721, 587679.768999999971129 ], [ 199385.701, 587679.508000000030734 ], [ 199385.658, 587678.942000000039116 ], [ 199385.006, 587670.356999999959953 ], [ 199385.506, 587670.337999999988824 ], [ 199385.078, 587664.701 ], [ 199372.571, 587499.991999999969266 ], [ 199366.029, 587415.393999999971129 ], [ 199364.432999999989988, 587393.841000000014901 ], [ 199376.894999999989523, 587393.594000000040978 ], [ 199392.698, 587393.28000000002794 ], [ 199405.317000000010012, 587393.265999999945052 ], [ 199404.775, 587385.981000000028871 ], [ 199404.759, 587385.770999999949709 ], [ 199404.75099999998929, 587385.657 ], [ 199401.035, 587335.753000000026077 ], [ 199384.753999999986263, 587336.650000000023283 ], [ 199383.343, 587311.770000000018626 ], [ 199378.756, 587247.96999999997206 ], [ 199376.324, 587214.143999999971129 ], [ 199370.008, 587129.29500000004191 ], [ 199369.612, 587123.979999999981374 ], [ 199365.017, 587062.327000000048429 ], [ 199360.372, 587000.0 ], [ 199350.174, 586872.035000000032596 ], [ 199349.157, 586859.273999999975786 ], [ 199348.886, 586855.866999999969266 ], [ 199348.693999999988591, 586853.452999999979511 ], [ 199347.878, 586843.219000000040978 ], [ 199342.337, 586843.812999999965541 ], [ 199332.141, 586844.934 ], [ 199330.734, 586845.270000000018626 ], [ 199323.16, 586847.081 ], [ 199313.794, 586849.581 ], [ 199304.237, 586851.501000000047497 ], [ 199293.791999999986729, 586852.329000000027008 ], [ 199283.261, 586851.925000000046566 ], [ 199274.176, 586851.020000000018626 ], [ 199266.644, 586848.75199999997858 ], [ 199258.419, 586845.552999999956228 ], [ 199250.223999999987427, 586841.826 ], [ 199243.027, 586836.816 ], [ 199237.793, 586832.381999999983236 ], [ 199231.332, 586826.011000000056811 ], [ 199230.165, 586814.381000000052154 ], [ 199216.9534, 586682.730100000044331 ], [ 198834.9999, 586742.187599999946542 ], [ 198520.703, 586730.375099999946542 ], [ 198290.9062, 586684.875099999946542 ], [ 198094.9062, 586606.375099999946542 ], [ 197913.79680000001099, 586511.687599999946542 ], [ 197696.4999, 586325.312599999946542 ], [ 197545.9999, 586104.125099999946542 ], [ 197414.4063, 585917.625 ], [ 197308.5938, 585591.125 ], [ 197139.796899999986636, 584956.3125 ], [ 197162.796899999986636, 584825.8125 ], [ 197229.0, 584726.125 ], [ 197357.5938, 584617.625 ], [ 197489.5, 584541.5 ], [ 197662.703100000013364, 584398.875 ], [ 197825.3295, 584206.577200000057928 ], [ 197824.428000000014435, 584205.59699999995064 ], [ 197823.821999999985565, 584204.349999999976717 ], [ 197820.623, 584198.560000000055879 ], [ 197818.761, 584195.343 ], [ 197817.269999999989523, 584191.47199999995064 ], [ 197816.128999999986263, 584187.275999999954365 ], [ 197815.541999999986729, 584184.351999999955297 ], [ 197813.958000000013271, 584175.807000000029802 ], [ 197811.973, 584167.087999999988824 ], [ 197811.409000000014203, 584163.339000000036322 ], [ 197810.409000000014203, 584156.942000000039116 ], [ 197809.067000000010012, 584148.724999999976717 ], [ 197808.536, 584144.895999999949709 ], [ 197805.623, 584135.456 ], [ 197802.354, 584124.292000000015832 ], [ 197799.39000000001397, 584114.425999999977648 ], [ 197798.199, 584110.505 ], [ 197795.971, 584103.337000000057742 ], [ 197794.1, 584097.993000000016764 ], [ 197793.01500000001397, 584095.572000000043772 ], [ 197790.972, 584090.954000000027008 ], [ 197789.31, 584088.10999999998603 ], [ 197787.597, 584085.091000000014901 ], [ 197784.555, 584081.12699999997858 ], [ 197781.335, 584076.187999999965541 ], [ 197778.793, 584071.873999999952503 ], [ 197776.954999999987194, 584068.604999999981374 ], [ 197774.085, 584063.839999999967404 ], [ 197771.647999999986496, 584061.099000000045635 ], [ 197769.367, 584059.633000000030734 ], [ 197767.03, 584058.912000000011176 ], [ 197766.964, 584058.892 ], [ 197764.612, 584058.577000000048429 ], [ 197762.85999999998603, 584058.484000000054948 ], [ 197760.633, 584058.267 ], [ 197758.834, 584058.349999999976717 ], [ 197756.685, 584058.983 ], [ 197753.488000000012107, 584060.045999999972992 ], [ 197751.239, 584060.63 ], [ 197749.517, 584061.337000000057742 ], [ 197746.222, 584062.900999999954365 ], [ 197743.37599999998929, 584064.087000000057742 ], [ 197734.962, 584067.947000000043772 ], [ 197729.545000000012806, 584070.493000000016764 ], [ 197727.247, 584071.327000000048429 ], [ 197716.71, 584075.46999999997206 ], [ 197707.497, 584079.307999999960884 ], [ 197695.038999999989755, 584084.783000000054017 ], [ 197687.699, 584088.038999999989755 ], [ 197681.50700000001234, 584090.613000000012107 ], [ 197671.343, 584094.38 ], [ 197661.029, 584098.297000000020489 ], [ 197654.636, 584100.648000000044703 ], [ 197646.72, 584103.65500000002794 ], [ 197638.804, 584106.61199999996461 ], [ 197633.684, 584108.408000000054017 ], [ 197629.163999999989755, 584109.976000000024214 ], [ 197618.24900000001071, 584113.62 ], [ 197612.855000000010477, 584115.741999999969266 ], [ 197606.935999999986961, 584117.790999999968335 ], [ 197603.364, 584118.979999999981374 ], [ 197600.518000000010943, 584120.142 ], [ 197594.026000000012573, 584122.743000000016764 ], [ 197586.509, 584125.724000000045635 ], [ 197579.619, 584128.652 ], [ 197576.147999999986496, 584130.116000000038184 ], [ 197571.953, 584131.957999999984168 ], [ 197568.932, 584133.17000000004191 ], [ 197567.51, 584134.00199999997858 ], [ 197560.997, 584137.552999999956228 ], [ 197555.231999999989057, 584140.726999999955297 ], [ 197551.415, 584143.017 ], [ 197548.946, 584144.878000000026077 ], [ 197545.654, 584147.265999999945052 ], [ 197541.189000000013039, 584150.459999999962747 ], [ 197536.950000000011642, 584153.52800000004936 ], [ 197534.282, 584155.587999999988824 ], [ 197530.19, 584158.229999999981374 ], [ 197525.87599999998929, 584161.12300000002142 ], [ 197518.24, 584165.653999999980442 ], [ 197512.453, 584169.202999999979511 ], [ 197506.639, 584172.726999999955297 ], [ 197501.87400000001071, 584175.670999999972992 ], [ 197497.481999999989057, 584178.040000000037253 ], [ 197493.513, 584180.20499999995809 ], [ 197489.144, 584182.023999999975786 ], [ 197484.548, 584183.667000000015832 ], [ 197481.776000000012573, 584184.552999999956228 ], [ 197473.807999999989988, 584186.861000000033528 ], [ 197470.48499999998603, 584187.799 ], [ 197467.19, 584189.462000000057742 ], [ 197464.844000000011874, 584190.621999999973923 ], [ 197461.365, 584196.48699999996461 ], [ 197459.204, 584200.170999999972992 ], [ 197458.780999999988126, 584200.799 ], [ 197456.892, 584203.881000000052154 ], [ 197454.979, 584207.089999999967404 ], [ 197451.402, 584211.180000000051223 ], [ 197448.689000000013039, 584210.265999999945052 ], [ 197429.856, 584203.413999999989755 ], [ 197420.665, 584200.123999999952503 ], [ 197407.291999999986729, 584195.376000000047497 ], [ 197389.511999999987893, 584189.295999999972992 ], [ 197372.909000000014203, 584183.410999999963678 ], [ 197371.329999999987194, 584182.667000000015832 ], [ 197359.894, 584182.349999999976717 ], [ 197358.699, 584182.317000000039116 ], [ 197354.526000000012573, 584182.160000000032596 ], [ 197351.646, 584182.052000000025146 ], [ 197345.468, 584181.819000000017695 ], [ 197338.84, 584181.495 ], [ 197335.863000000012107, 584181.332000000053085 ], [ 197334.334, 584180.613000000012107 ], [ 197333.055, 584179.442999999970198 ], [ 197331.897999999986496, 584177.897 ], [ 197330.389, 584175.552000000025146 ], [ 197329.794, 584172.792999999946915 ], [ 197329.522, 584171.53000000002794 ], [ 197327.545000000012806, 584163.866000000038184 ], [ 197320.517, 584161.606000000028871 ], [ 197321.700000000011642, 584149.900000000023283 ], [ 197312.85, 584117.339999999967404 ], [ 197307.37, 584095.626000000047497 ], [ 197300.134, 584067.447999999974854 ], [ 197296.835, 584055.059 ], [ 197294.904, 584047.339000000036322 ], [ 197294.321, 584045.241000000038184 ], [ 197293.568, 584044.694000000017695 ], [ 197290.583000000013271, 584042.256000000052154 ], [ 197288.978, 584041.212000000057742 ], [ 197267.226, 584039.761000000056811 ], [ 197266.50099999998929, 584039.712999999988824 ], [ 197264.193, 584039.559 ], [ 197259.60999999998603, 584039.253000000026077 ], [ 197247.103, 584038.552000000025146 ], [ 197242.299999999988358, 584038.121000000042841 ], [ 197239.204, 584007.226000000024214 ], [ 197239.021, 584005.152 ], [ 197239.606999999989057, 584001.422999999951571 ], [ 197236.729, 584000.98499999998603 ], [ 197236.534000000014203, 584002.136000000056811 ], [ 197232.579, 584001.425999999977648 ], [ 197232.824, 584000.324999999953434 ], [ 197232.703, 584000.302999999956228 ], [ 197231.87400000001071, 584000.150999999954365 ], [ 197228.420000000012806, 583999.518000000040047 ], [ 197227.946, 584002.743000000016764 ], [ 197213.328, 584004.687000000034459 ], [ 197206.01500000001397, 584006.187000000034459 ], [ 197201.01500000001397, 584007.125 ], [ 197198.828, 584008.0 ], [ 197190.397, 584009.800999999977648 ], [ 197153.85, 584017.071 ], [ 197150.351, 584017.942999999970198 ], [ 197137.578, 584021.125 ], [ 197135.075000000011642, 584022.346000000019558 ], [ 197126.171, 584026.687000000034459 ], [ 197116.187, 584031.25 ], [ 197109.161, 584033.542000000015832 ], [ 197108.718, 584033.687000000034459 ], [ 197105.030999999988126, 584034.625 ], [ 197104.381, 584034.729999999981374 ], [ 197098.843, 584035.625 ], [ 197089.359, 584036.187000000034459 ], [ 197082.538, 584036.033999999985099 ], [ 197075.405999999988126, 584035.875 ], [ 197069.866, 584035.202999999979511 ], [ 197069.734, 584035.187000000034459 ], [ 197065.73499999998603, 584035.087999999988824 ], [ 197065.670000000012806, 584035.086000000010245 ], [ 197064.687, 584035.062000000034459 ], [ 197047.5, 584029.0 ], [ 197039.89000000001397, 584025.5 ], [ 197030.25, 584019.875 ], [ 197024.842, 584018.234000000054948 ], [ 197013.984, 584011.562000000034459 ], [ 197002.280999999988126, 584005.187000000034459 ], [ 196988.780999999988126, 583995.437000000034459 ], [ 196983.155999999988126, 583990.187000000034459 ], [ 196975.51500000001397, 583984.25 ], [ 196970.071999999985565, 583981.939999999944121 ], [ 196963.01500000001397, 583977.75 ], [ 196949.155999999988126, 583970.937000000034459 ], [ 196940.953, 583967.125 ], [ 196935.828, 583965.812000000034459 ], [ 196931.828, 583965.5 ], [ 196929.953, 583964.5 ], [ 196932.671, 583959.125 ], [ 196925.421, 583955.937000000034459 ], [ 196922.6154, 583954.689999999944121 ], [ 196887.296899999986636, 584062.8125 ], [ 196801.296899999986636, 584197.125 ], [ 196514.203100000013364, 584597.875 ], [ 196359.703100000013364, 584819.125 ], [ 196356.0001, 584829.625 ], [ 196414.0937, 585115.187599999946542 ], [ 196520.9062, 585174.687599999946542 ], [ 196721.203, 585449.125099999946542 ], [ 197315.4062, 586225.8125 ], [ 197321.29680000001099, 586434.375099999946542 ], [ 197377.5937, 586475.625099999946542 ], [ 197480.79680000001099, 586524.875099999946542 ], [ 197714.9062, 586578.125099999946542 ], [ 197801.0937, 586616.812599999946542 ], [ 197860.79680000001099, 586684.812599999946542 ], [ 197856.296899999986636, 586873.500099999946542 ], [ 197858.296899999986636, 587337.000099999946542 ], [ 197858.296899999986636, 587339.812599999946542 ], [ 197858.296899999986636, 587343.812599999946542 ], [ 197858.5938, 587478.125099999946542 ], [ 197865.5938, 587502.125099999946542 ], [ 197876.5, 587542.875099999946542 ], [ 198106.29680000001099, 587857.875099999946542 ], [ 198824.0937, 588880.375099999946542 ], [ 199136.9999, 589326.125099999946542 ], [ 199226.0937, 589413.125099999946542 ], [ 199336.0937, 589500.312599999946542 ], [ 199442.296899999986636, 589548.8125 ], [ 199489.8323, 589568.371000000042841 ], [ 199489.541999999986729, 589561.452999999979511 ] ] ] ] } },
{ "type": "Feature", "properties": { "buurtcode": "BU18910209", "buurtnaam": "Verspreide huizen Feanwâlden", "pc6_codes": "9269RE, 9269SB, 9269TT, 9269TV", "wijkcode": "WK189102", "gemeentecode": "GM1891", "gemeentenaam": "Dantumadiel", "oppervlakteLandInHa": 882, "AantalInwoners_5": 70, "Mannen_6": 35, "Vrouwen_7": 35, "HuishoudensTotaal_29": 20, "GemiddeldeHuishoudensgrootte_33": 3.3, "Woningvoorraad_35": 21, "NieuwbouwWoningen_36": 1, "NietWoningvoorraad_37": 6, "NieuwbouwNietWoningen_38": 0, "GemiddeldeWOZWaardeVanWoningen_39": 548, "PercentageEengezinswoning_40": 95, "PercentageTussenwoningEengezins_41": 0, "PercentageHoekwoningEengezins_42": 0, "PercentageTweeOnderEenKapWoningEe_43": 0, "PercentageVrijstaandeWoningEengezins_44": 95, "PercentageMeergezinswoning_45": 5, "Koopwoningen_47": 90, "HuurwoningenTotaal_48": 10, "InBezitWoningcorporatie_49": 0, "InBezitOverigeVerhuurders_50": 10, "BouwjaarMeerDanTienJaarGeleden_51": 100, "BouwjaarAfgelopenTienJaar_52": 0, "GemiddeldeElektriciteitslevering_53": 4060, "GemiddeldeElektriciteitsteruglevering_54": 3190, "GemiddeldAardgasverbruik_55": 1240, "AardgasvrijeWoningen_57": null, "Aardgaswoningen_58": null, "WoningenMetZonnestroom_59": null, "WoningenHoofdzElektrVerwarmd_60": null, "k_20PersonenMetHoogsteInkomen_80": null, "k_20HuishoudensMetHoogsteInkomen_85": null, "MediaanVermogenVanParticuliereHuish_86": null, "PersonenautoSTotaal_104": 45, "PersonenautoSBrandstofBenzine_105": 30, "PersonenautoSOverigeBrandstof_106": 15, "PersonenautoSPerHuishouden_107": null, "Omgevingsadressendichtheid_121": 65, "AantalInstallatiesBijWoningen_5": 7, "OpgesteldVermogenVanZonnepanelen_6": 45, "installaties_per_woning": 0.33333333333333331, "vermogen_per_woning": 2.1428571428571428, "installaties_per_100_woningen": 33.333333333333329, "vermogen_per_huishouden": 2.25, "batterijdruk_score": null, "koop_zon_score": null, "eengezins_zon_score": null, "betaalkracht_zon_score": null, "overige_brandstof_zon_score": null, "lichte_batterij_kansscore": null }, "geometry": { "type": "MultiPolygon", "coordinates": [ [ [ [ 194607.0937, 585447.812599999946542 ], [ 194693.4999, 585543.125099999946542 ], [ 194758.4063, 585664.000099999946542 ], [ 194788.4063, 585813.375099999946542 ], [ 194847.5937, 585904.312599999946542 ], [ 194931.0937, 585982.312599999946542 ], [ 195065.79680000001099, 586013.125099999946542 ], [ 195222.203, 586043.812599999946542 ], [ 195357.5938, 586069.5 ], [ 195443.5937, 585937.125099999946542 ], [ 195537.4063, 585977.875 ], [ 195574.4999, 585924.375099999946542 ], [ 196351.0938, 584805.625099999946542 ], [ 196356.0001, 584829.625 ], [ 196359.703100000013364, 584819.125 ], [ 196514.203100000013364, 584597.875 ], [ 196801.296899999986636, 584197.125 ], [ 196887.296899999986636, 584062.8125 ], [ 196922.6154, 583954.689999999944121 ], [ 196917.828, 583952.562000000034459 ], [ 196895.328, 583936.062000000034459 ], [ 196864.718, 583916.562000000034459 ], [ 196823.546, 583891.687000000034459 ], [ 196811.081, 583884.295999999972992 ], [ 196761.671, 583855.0 ], [ 196753.907, 583850.366999999969266 ], [ 196727.109, 583834.375 ], [ 196713.484, 583825.812000000034459 ], [ 196673.078, 583799.812000000034459 ], [ 196651.541999999986729, 583785.582000000053085 ], [ 196636.0, 583775.312000000034459 ], [ 196597.937, 583754.375 ], [ 196555.984, 583731.25 ], [ 196555.191, 583730.802999999956228 ], [ 196554.5393, 583730.435599999967963 ], [ 196445.0, 583907.875099999946542 ], [ 196392.296899999986636, 584125.500099999946542 ], [ 196362.296899999986636, 584290.187599999946542 ], [ 196336.0937, 584389.375099999946542 ], [ 196275.9062, 584472.812599999946542 ], [ 196181.9999, 584528.625099999946542 ], [ 196083.0937, 584581.875099999946542 ], [ 196036.0937, 584577.687599999946542 ], [ 195927.703, 584506.125099999946542 ], [ 195776.203, 584424.687599999946542 ], [ 195700.912600000010571, 584400.731600000057369 ], [ 195685.4209, 584423.969200000050478 ], [ 195670.169499999989057, 584448.752800000016578 ], [ 195643.479400000011083, 584428.735299999942072 ], [ 195606.3041, 584414.437000000034459 ], [ 195592.9591, 584407.764500000048429 ], [ 195579.5521, 584400.055500000016764 ], [ 195469.5, 584414.375 ], [ 195340.0937, 584466.375 ], [ 195245.0937, 584510.187599999946542 ], [ 195192.0937, 584524.312599999946542 ], [ 195154.0937, 584517.812599999946542 ], [ 195079.79680000001099, 584483.187599999946542 ], [ 195012.0937, 584375.625099999946542 ], [ 194952.0938, 584110.5 ], [ 194901.5937, 583997.500099999946542 ], [ 194860.3424, 583957.733099999953993 ], [ 194809.6255, 584056.587999999988824 ], [ 194373.151000000012573, 583774.048500000033528 ], [ 194422.9853, 583652.1324 ], [ 194422.5937, 583651.812599999946542 ], [ 194281.9999, 583410.375099999946542 ], [ 194206.9999, 583314.812599999946542 ], [ 194138.79680000001099, 583202.125099999946542 ], [ 194059.4999, 583135.625099999946542 ], [ 193985.5937, 583050.687599999946542 ], [ 193923.9062, 582959.812599999946542 ], [ 193914.5, 582857.1875 ], [ 193973.5, 582705.875099999946542 ], [ 193740.0937, 582592.875099999946542 ], [ 193662.479, 582539.78159999998752 ], [ 193659.704999999987194, 582539.574999999953434 ], [ 193655.437, 582539.371000000042841 ], [ 193644.136999999987893, 582538.606999999959953 ], [ 193597.312, 582535.437000000034459 ], [ 193594.169, 582535.270999999949709 ], [ 193593.76500000001397, 582535.25 ], [ 193541.745, 582533.48699999996461 ], [ 193534.321, 582533.964000000036322 ], [ 193528.056000000011409, 582534.224000000045635 ], [ 193498.147, 582533.758000000030734 ], [ 193486.984, 582532.562000000034459 ], [ 193485.218, 582531.895999999949709 ], [ 193483.74900000001071, 582531.204000000027008 ], [ 193475.991, 582525.552000000025146 ], [ 193469.984, 582520.875 ], [ 193465.577, 582514.604999999981374 ], [ 193443.579999999987194, 582523.310999999986961 ], [ 193417.323, 582533.711000000010245 ], [ 193412.513, 582534.919 ], [ 193401.753, 582537.214000000036322 ], [ 193389.997, 582539.62699999997858 ], [ 193379.733, 582540.484000000054948 ], [ 193375.192000000010012, 582540.937999999965541 ], [ 193369.481, 582540.704000000027008 ], [ 193347.995, 582537.511999999987893 ], [ 193339.024, 582536.047999999951571 ], [ 193326.949, 582535.13800000003539 ], [ 193316.541, 582534.816 ], [ 193308.654, 582534.359000000054948 ], [ 193295.514, 582533.003000000026077 ], [ 193289.125, 582531.687000000034459 ], [ 193264.488000000012107, 582526.946 ], [ 193254.343, 582525.267 ], [ 193247.203, 582525.84699999995064 ], [ 193237.211000000010245, 582527.952999999979511 ], [ 193223.804, 582531.748999999952503 ], [ 193216.296, 582532.0 ], [ 193211.602000000013504, 582532.192999999970198 ], [ 193204.024, 582532.273000000044703 ], [ 193181.445, 582531.746000000042841 ], [ 193173.352000000013504, 582531.00199999997858 ], [ 193163.78, 582530.807000000029802 ], [ 193149.552, 582530.199999999953434 ], [ 193144.791, 582531.26 ], [ 193138.798, 582532.910000000032596 ], [ 193135.62599999998929, 582533.832000000053085 ], [ 193131.496000000013737, 582534.385 ], [ 193124.562, 582534.794 ], [ 193108.76500000001397, 582534.863999999943189 ], [ 193085.207, 582534.603 ], [ 193065.450000000011642, 582532.981000000028871 ], [ 193056.102000000013504, 582533.018999999971129 ], [ 193046.11799999998766, 582533.753999999957159 ], [ 193037.217, 582535.248999999952503 ], [ 193032.809, 582535.432999999960884 ], [ 193024.566, 582536.939999999944121 ], [ 193014.089, 582535.819000000017695 ], [ 193000.090999999985797, 582534.944999999948777 ], [ 192989.393000000010943, 582534.363999999943189 ], [ 192983.49299999998766, 582533.854000000050291 ], [ 192983.337, 582536.63 ], [ 192982.791999999986729, 582541.525999999954365 ], [ 192981.062, 582546.375 ], [ 192967.801, 582577.131000000052154 ], [ 192959.589, 582597.773999999975786 ], [ 192954.541, 582612.925000000046566 ], [ 192951.375, 582624.125 ], [ 192949.785, 582630.197999999974854 ], [ 192948.534000000014203, 582636.457000000053085 ], [ 192947.457, 582644.947000000043772 ], [ 192947.053000000014435, 582649.180999999982305 ], [ 192947.424, 582659.206 ], [ 192948.041999999986729, 582665.888999999966472 ], [ 192947.527, 582670.430999999982305 ], [ 192946.206, 582672.493000000016764 ], [ 192943.181000000011409, 582673.290000000037253 ], [ 192938.729, 582672.871999999973923 ], [ 192932.346, 582671.902 ], [ 192927.256, 582672.062999999965541 ], [ 192924.247, 582675.231999999959953 ], [ 192920.559, 582683.900999999954365 ], [ 192917.00099999998929, 582696.699000000022352 ], [ 192911.299, 582713.349999999976717 ], [ 192907.38200000001234, 582725.246000000042841 ], [ 192903.125, 582735.812000000034459 ], [ 192897.998, 582749.361000000033528 ], [ 192888.304, 582772.660000000032596 ], [ 192886.739, 582777.209999999962747 ], [ 192884.826, 582782.050000000046566 ], [ 192881.21, 582794.412000000011176 ], [ 192880.968, 582797.875 ], [ 192881.609, 582800.187000000034459 ], [ 192883.858, 582802.136000000056811 ], [ 192887.068999999988591, 582803.202000000048429 ], [ 192890.574, 582803.517 ], [ 192901.008, 582802.636000000056811 ], [ 192904.48499999998603, 582803.243999999947846 ], [ 192908.718, 582805.687000000034459 ], [ 192914.125, 582810.437000000034459 ], [ 192918.438, 582815.680999999982305 ], [ 192921.46, 582822.115 ], [ 192924.593, 582831.0 ], [ 192928.726, 582837.908000000054017 ], [ 192929.759, 582841.307999999960884 ], [ 192929.00099999998929, 582846.783000000054017 ], [ 192927.114, 582853.253000000026077 ], [ 192921.994, 582867.866999999969266 ], [ 192917.587999999988824, 582880.001000000047497 ], [ 192912.727000000013504, 582891.582000000053085 ], [ 192909.336000000010245, 582898.398000000044703 ], [ 192906.296, 582902.75 ], [ 192903.405999999988126, 582906.625 ], [ 192898.715999999985797, 582911.537000000011176 ], [ 192894.833000000013271, 582916.790999999968335 ], [ 192892.47, 582920.582999999984168 ], [ 192890.47, 582925.341999999945983 ], [ 192888.989, 582930.795999999972992 ], [ 192888.432, 582937.106000000028871 ], [ 192887.385, 582944.185000000055879 ], [ 192886.184, 582949.081 ], [ 192883.171, 582955.187000000034459 ], [ 192874.846, 582966.040000000037253 ], [ 192867.203, 582975.25 ], [ 192863.976, 582980.432000000029802 ], [ 192862.613000000012107, 582982.621000000042841 ], [ 192861.859, 582983.832000000053085 ], [ 192857.502, 582992.037999999942258 ], [ 192857.371000000013737, 582992.285000000032596 ], [ 192855.046200000011595, 582996.448899999959394 ], [ 192854.513, 582997.403999999980442 ], [ 192853.299, 582999.535999999963678 ], [ 192856.381, 583001.393000000040047 ], [ 192857.122, 583001.839999999967404 ], [ 192857.62, 583002.424 ], [ 192854.441, 583006.964000000036322 ], [ 192848.780999999988126, 583020.375 ], [ 192844.916999999986729, 583029.586000000010245 ], [ 192842.043, 583037.192999999970198 ], [ 192837.988000000012107, 583050.900999999954365 ], [ 192835.169, 583060.055999999982305 ], [ 192833.135, 583064.810999999986961 ], [ 192830.092, 583069.689999999944121 ], [ 192822.1, 583083.787999999942258 ], [ 192812.805, 583100.060999999986961 ], [ 192809.972, 583104.57999999995809 ], [ 192805.691, 583113.569999999948777 ], [ 192802.693999999988591, 583118.920999999972992 ], [ 192798.199, 583127.268999999971129 ], [ 192792.848, 583136.687000000034459 ], [ 192789.636999999987893, 583145.890999999945052 ], [ 192784.412000000011176, 583161.52800000004936 ], [ 192781.973999999987427, 583170.464000000036322 ], [ 192774.055, 583191.226000000024214 ], [ 192769.305, 583204.01 ], [ 192761.854, 583228.042000000015832 ], [ 192756.546, 583242.341000000014901 ], [ 192750.980000000010477, 583256.468 ], [ 192741.942000000010012, 583274.371000000042841 ], [ 192725.552, 583313.361000000033528 ], [ 192712.035, 583346.439000000013039 ], [ 192706.116, 583361.479000000050291 ], [ 192693.272999999986496, 583397.866999999969266 ], [ 192685.989, 583422.04500000004191 ], [ 192676.405999999988126, 583453.476999999955297 ], [ 192666.56, 583484.942000000039116 ], [ 192659.420000000012806, 583506.0 ], [ 192654.85999999998603, 583517.810000000055879 ], [ 192632.602000000013504, 583574.910000000032596 ], [ 192626.253999999986263, 583590.373999999952503 ], [ 192620.102000000013504, 583604.63800000003539 ], [ 192617.672, 583612.170999999972992 ], [ 192616.174, 583618.165000000037253 ], [ 192615.103, 583625.013999999966472 ], [ 192614.247, 583632.71999999997206 ], [ 192612.74900000001071, 583638.927000000025146 ], [ 192611.25099999998929, 583644.920999999972992 ], [ 192606.976, 583656.613000000012107 ], [ 192603.331, 583670.177999999956228 ], [ 192581.196999999985565, 583722.37 ], [ 192570.239, 583749.932000000029802 ], [ 192553.543, 583798.093 ], [ 192549.519, 583810.035999999963678 ], [ 192547.99, 583815.302400000044145 ], [ 192545.666, 583823.307000000029802 ], [ 192539.673, 583836.792000000015832 ], [ 192534.01500000001397, 583850.625 ], [ 192523.859, 583875.375 ], [ 192517.883, 583891.974000000045635 ], [ 192513.968, 583907.75 ], [ 192509.106999999989057, 583926.006999999983236 ], [ 192506.153, 583944.158000000054017 ], [ 192499.731999999989057, 583963.209000000031665 ], [ 192493.525, 583977.763999999966472 ], [ 192489.343, 583985.687000000034459 ], [ 192487.296, 583989.062000000034459 ], [ 192484.01500000001397, 583992.875 ], [ 192479.468, 583998.187000000034459 ], [ 192478.687, 583999.125 ], [ 192471.954, 584006.479999999981374 ], [ 192471.921, 584006.5 ], [ 192461.703, 584017.25 ], [ 192454.484, 584028.937000000034459 ], [ 192443.405999999988126, 584046.375 ], [ 192434.203, 584061.937000000034459 ], [ 192422.51500000001397, 584080.375 ], [ 192415.859, 584091.062000000034459 ], [ 192407.859, 584107.312000000034459 ], [ 192400.859, 584121.812000000034459 ], [ 192389.155999999988126, 584147.375 ], [ 192382.062, 584164.687000000034459 ], [ 192377.453, 584175.687000000034459 ], [ 192375.125, 584182.437000000034459 ], [ 192366.905999999988126, 584207.0 ], [ 192359.546, 584230.625 ], [ 192261.693999999988591, 584524.025000000023283 ], [ 192212.021, 584672.959999999962747 ], [ 192097.343, 585016.812000000034459 ], [ 192066.6601, 585021.832700000028126 ], [ 192694.0, 585379.625099999946542 ], [ 192430.796899999986636, 586103.375099999946542 ], [ 193943.0938, 586604.875 ], [ 194607.0937, 585447.812599999946542 ] ] ] ] } },
{ "type": "Feature", "properties": { "buurtcode": "BU18910300", "buurtnaam": "Rinsumageast", "pc6_codes": "9105AR, 9105AT, 9105AW, 9105KA, 9105KB, 9105KC, 9105KD, 9105KE, 9105KG, 9105KH, 9105KJ, 9105KK, 9105KL, 9105KM, 9105KN, 9105KP, 9105KR, 9105KS, 9105KT, 9105KV, 9105KW, 9105KX, 9105KZ, 9105LA, 9105LB, 9105LC, 9105LD, 9105LE, 9105LG, 9105LH, 9105LJ, 9105LK", "wijkcode": "WK189103", "gemeentecode": "GM1891", "gemeentenaam": "Dantumadiel", "oppervlakteLandInHa": 153, "AantalInwoners_5": 945, "Mannen_6": 495, "Vrouwen_7": 450, "HuishoudensTotaal_29": 385, "GemiddeldeHuishoudensgrootte_33": 2.5, "Woningvoorraad_35": 392, "NieuwbouwWoningen_36": 0, "NietWoningvoorraad_37": 19, "NieuwbouwNietWoningen_38": 1, "GemiddeldeWOZWaardeVanWoningen_39": 294, "PercentageEengezinswoning_40": 96, "PercentageTussenwoningEengezins_41": 8, "PercentageHoekwoningEengezins_42": 9, "PercentageTweeOnderEenKapWoningEe_43": 18, "PercentageVrijstaandeWoningEengezins_44": 62, "PercentageMeergezinswoning_45": 4, "Koopwoningen_47": 78, "HuurwoningenTotaal_48": 22, "InBezitWoningcorporatie_49": 19, "InBezitOverigeVerhuurders_50": 3, "BouwjaarMeerDanTienJaarGeleden_51": 99, "BouwjaarAfgelopenTienJaar_52": 1, "GemiddeldeElektriciteitslevering_53": 2720, "GemiddeldeElektriciteitsteruglevering_54": 1630, "GemiddeldAardgasverbruik_55": 1070, "AardgasvrijeWoningen_57": 4, "Aardgaswoningen_58": 90, "WoningenMetZonnestroom_59": 63, "WoningenHoofdzElektrVerwarmd_60": 10, "k_20PersonenMetHoogsteInkomen_80": 10.9, "k_20HuishoudensMetHoogsteInkomen_85": 17.6, "MediaanVermogenVanParticuliereHuish_86": 218.4, "PersonenautoSTotaal_104": 540, "PersonenautoSBrandstofBenzine_105": 410, "PersonenautoSOverigeBrandstof_106": 125, "PersonenautoSPerHuishouden_107": 1.4, "Omgevingsadressendichtheid_121": 126, "AantalInstallatiesBijWoningen_5": 181, "OpgesteldVermogenVanZonnepanelen_6": 695, "installaties_per_woning": 0.46173469387755101, "vermogen_per_woning": 1.7729591836734695, "installaties_per_100_woningen": 46.173469387755098, "vermogen_per_huishouden": 1.8051948051948052, "batterijdruk_score": 1026.9, "koop_zon_score": 0.4914, "eengezins_zon_score": 0.6048, "betaalkracht_zon_score": 137.592, "overige_brandstof_zon_score": 78.75, "lichte_batterij_kansscore": 0.5232474050480227 }, "geometry": { "type": "MultiPolygon", "coordinates": [ [ [ [ 192479.203, 590808.187599999946542 ], [ 192584.4999, 590775.875 ], [ 192740.79680000001099, 590729.6875 ], [ 192939.203, 590628.6875 ], [ 193137.0937, 590462.875 ], [ 193148.203100000013364, 590391.875 ], [ 193244.4999, 590225.375099999946542 ], [ 193284.4999, 590177.125099999946542 ], [ 193263.703100000013364, 590167.125 ], [ 193318.29680000001099, 590071.375099999946542 ], [ 193310.4062, 590048.875099999946542 ], [ 193285.203100000013364, 589887.187599999946542 ], [ 193268.4063, 589810.6875 ], [ 193216.9062, 589763.000099999946542 ], [ 193159.4999, 589728.625099999946542 ], [ 193024.203, 589720.375099999946542 ], [ 192801.79680000001099, 589716.875099999946542 ], [ 192230.9062, 589774.187599999946542 ], [ 192027.4062, 589827.375 ], [ 191816.296899999986636, 589888.1875 ], [ 191679.0938, 589974.125099999946542 ], [ 191622.5938, 590111.3125 ], [ 191576.5938, 590226.3125 ], [ 191531.296899999986636, 590290.5 ], [ 191465.796899999986636, 590339.3125 ], [ 191405.9064, 590398.187599999946542 ], [ 191397.4063, 590464.8125 ], [ 191407.9999, 590532.875099999946542 ], [ 191490.203, 590614.125099999946542 ], [ 191574.9062, 590697.812599999946542 ], [ 191637.9062, 590738.000099999946542 ], [ 191746.703, 590729.312599999946542 ], [ 191877.4999, 590741.1875 ], [ 191890.2193, 590730.0503 ], [ 191947.5937, 590679.812599999946542 ], [ 192006.9999, 590610.687599999946542 ], [ 192104.203, 590658.375099999946542 ], [ 192199.0938, 590738.375 ], [ 192276.79680000001099, 590679.687599999946542 ], [ 192434.4999, 590863.125099999946542 ], [ 192479.203, 590808.187599999946542 ] ] ] ] } },
{ "type": "Feature", "properties": { "buurtcode": "BU18910301", "buurtnaam": "Sibrandahûs", "pc6_codes": "9106GA, 9106GB", "wijkcode": "WK189103", "gemeentecode": "GM1891", "gemeentenaam": "Dantumadiel", "oppervlakteLandInHa": 325, "AantalInwoners_5": 40, "Mannen_6": 20, "Vrouwen_7": 15, "HuishoudensTotaal_29": 15, "GemiddeldeHuishoudensgrootte_33": 2.6, "Woningvoorraad_35": 17, "NieuwbouwWoningen_36": 0, "NietWoningvoorraad_37": 4, "NieuwbouwNietWoningen_38": 0, "GemiddeldeWOZWaardeVanWoningen_39": null, "PercentageEengezinswoning_40": null, "PercentageTussenwoningEengezins_41": null, "PercentageHoekwoningEengezins_42": null, "PercentageTweeOnderEenKapWoningEe_43": null, "PercentageVrijstaandeWoningEengezins_44": null, "PercentageMeergezinswoning_45": null, "Koopwoningen_47": null, "HuurwoningenTotaal_48": null, "InBezitWoningcorporatie_49": null, "InBezitOverigeVerhuurders_50": null, "BouwjaarMeerDanTienJaarGeleden_51": null, "BouwjaarAfgelopenTienJaar_52": null, "GemiddeldeElektriciteitslevering_53": 3820, "GemiddeldeElektriciteitsteruglevering_54": 2570, "GemiddeldAardgasverbruik_55": 1820, "AardgasvrijeWoningen_57": null, "Aardgaswoningen_58": null, "WoningenMetZonnestroom_59": null, "WoningenHoofdzElektrVerwarmd_60": null, "k_20PersonenMetHoogsteInkomen_80": null, "k_20HuishoudensMetHoogsteInkomen_85": null, "MediaanVermogenVanParticuliereHuish_86": null, "PersonenautoSTotaal_104": 25, "PersonenautoSBrandstofBenzine_105": 15, "PersonenautoSOverigeBrandstof_106": 10, "PersonenautoSPerHuishouden_107": null, "Omgevingsadressendichtheid_121": 37, "AantalInstallatiesBijWoningen_5": 7, "OpgesteldVermogenVanZonnepanelen_6": 28, "installaties_per_woning": 0.41176470588235292, "vermogen_per_woning": 1.6470588235294117, "installaties_per_100_woningen": 41.17647058823529, "vermogen_per_huishouden": 1.8666666666666667, "batterijdruk_score": null, "koop_zon_score": null, "eengezins_zon_score": null, "betaalkracht_zon_score": null, "overige_brandstof_zon_score": null, "lichte_batterij_kansscore": null }, "geometry": { "type": "MultiPolygon", "coordinates": [ [ [ [ 193435.87599999998929, 593086.660000000032596 ], [ 193485.546, 593078.365 ], [ 193521.986, 593076.520000000018626 ], [ 193541.305, 593074.138999999966472 ], [ 193574.005, 593070.697999999974854 ], [ 193667.036, 593066.824000000022352 ], [ 193754.096, 593052.131000000052154 ], [ 193843.272999999986496, 593014.718 ], [ 193892.038999999989755, 592986.42000000004191 ], [ 193939.049, 592936.454000000027008 ], [ 193966.487, 592907.564999999944121 ], [ 193981.2529, 592896.337999999988824 ], [ 193982.146, 592895.658999999985099 ], [ 193981.9226, 592891.932999999960884 ], [ 193981.435, 592883.799 ], [ 193981.528, 592881.415000000037253 ], [ 193981.865, 592875.22199999995064 ], [ 193983.49900000001071, 592870.314999999944121 ], [ 193986.09, 592862.410000000032596 ], [ 193990.862, 592847.351000000024214 ], [ 193992.585, 592839.199999999953434 ], [ 193995.38200000001234, 592826.846000000019558 ], [ 193996.51500000001397, 592822.993000000016764 ], [ 193997.883, 592819.674 ], [ 193998.483, 592817.527 ], [ 194001.266, 592802.366000000038184 ], [ 194001.61799999998766, 592800.451 ], [ 194003.133, 592788.783000000054017 ], [ 194007.15, 592776.437000000034459 ], [ 194013.236, 592760.042000000015832 ], [ 194015.919, 592752.103 ], [ 194018.89000000001397, 592742.177000000025146 ], [ 194022.055, 592731.555000000051223 ], [ 194023.941, 592724.560000000055879 ], [ 194026.326, 592715.038999999989755 ], [ 194028.314000000013039, 592706.339999999967404 ], [ 194029.276000000012573, 592700.650999999954365 ], [ 194029.351, 592700.113999999943189 ], [ 194029.381, 592699.898000000044703 ], [ 194030.226, 592693.851000000024214 ], [ 194030.291, 592693.378000000026077 ], [ 194030.351, 592692.937000000034459 ], [ 194031.305, 592685.917000000015832 ], [ 194032.429, 592676.361000000033528 ], [ 194034.642, 592659.981000000028871 ], [ 194040.557, 592638.197000000043772 ], [ 194041.489, 592631.077999999979511 ], [ 194043.051, 592603.57999999995809 ], [ 194045.670000000012806, 592585.587999999988824 ], [ 194047.35999999998603, 592576.616999999969266 ], [ 194049.752, 592567.346000000019558 ], [ 194050.634, 592565.581 ], [ 194060.707, 592557.913999999989755 ], [ 194060.873, 592557.787999999942258 ], [ 194070.69, 592550.316 ], [ 194088.093, 592545.729000000050291 ], [ 194093.57, 592541.88800000003539 ], [ 194099.462, 592535.033000000054017 ], [ 194101.237, 592530.532 ], [ 194104.920000000012806, 592522.314000000013039 ], [ 194109.055, 592512.729000000050291 ], [ 194113.76, 592502.09499999997206 ], [ 194120.509, 592494.376000000047497 ], [ 194124.62, 592490.731999999959953 ], [ 194134.024, 592481.341000000014901 ], [ 194136.548, 592475.348 ], [ 194129.25099999998929, 592455.606000000028871 ], [ 194128.181000000011409, 592450.621999999973923 ], [ 194123.323, 592437.567000000039116 ], [ 194123.13, 592432.469000000040978 ], [ 194120.636, 592420.229999999981374 ], [ 194122.409000000014203, 592405.253999999957159 ], [ 194123.13200000001234, 592399.640999999945052 ], [ 194126.699, 592336.136999999987893 ], [ 194127.528, 592330.721000000019558 ], [ 194122.595, 592315.34699999995064 ], [ 194115.87400000001071, 592292.577999999979511 ], [ 194114.459, 592287.783000000054017 ], [ 194112.981, 592281.469000000040978 ], [ 194109.73499999998603, 592272.988000000012107 ], [ 194103.945, 592257.86199999996461 ], [ 194096.568, 592239.533000000054017 ], [ 194096.862, 592236.432999999960884 ], [ 194097.598999999987427, 592231.319999999948777 ], [ 194097.756, 592230.145099999965169 ], [ 194097.89000000001397, 592228.82999999995809 ], [ 194097.513, 592227.89000000001397 ], [ 194094.15, 592222.508999999961816 ], [ 194093.348999999987427, 592221.317999999970198 ], [ 194084.62599999998929, 592218.645999999949709 ], [ 194065.416, 592206.212000000057742 ], [ 194055.133, 592200.648999999975786 ], [ 194041.61799999998766, 592195.064000000013039 ], [ 194037.114, 592192.856000000028871 ], [ 194030.14000000001397, 592191.104999999981374 ], [ 194023.837999999988824, 592188.665000000037253 ], [ 194020.866, 592187.23499999998603 ], [ 193998.278, 592172.47199999995064 ], [ 193995.641, 592170.483 ], [ 193987.12400000001071, 592163.290999999968335 ], [ 193965.625, 592144.456 ], [ 193958.371000000013737, 592138.099999999976717 ], [ 193946.144, 592127.057000000029802 ], [ 193938.048, 592119.182999999960884 ], [ 193924.036, 592104.425999999977648 ], [ 193919.065, 592099.498999999952503 ], [ 193908.022999999986496, 592089.294 ], [ 193898.159000000014203, 592080.106999999959953 ], [ 193887.628999999986263, 592069.957999999984168 ], [ 193892.691, 592050.03000000002794 ], [ 193893.231, 592047.90500000002794 ], [ 193897.5872, 592030.760499999974854 ], [ 193795.79680000001099, 592038.000099999946542 ], [ 193854.296899999986636, 591845.000099999946542 ], [ 193666.203, 591743.375099999946542 ], [ 193588.703, 591695.312599999946542 ], [ 193544.703100000013364, 591702.375 ], [ 193543.796899999986636, 591774.1875 ], [ 193302.296899999986636, 591720.8125 ], [ 193114.703, 591631.312599999946542 ], [ 192997.4062, 591561.125099999946542 ], [ 193020.703, 591506.687599999946542 ], [ 192942.203, 591459.312599999946542 ], [ 192867.9999, 591351.625099999946542 ], [ 192806.9999, 591256.125099999946542 ], [ 192766.5, 591189.375 ], [ 192738.4063, 591106.5 ], [ 192707.29680000001099, 591054.625099999946542 ], [ 192612.703, 590993.625099999946542 ], [ 192538.203, 590955.125099999946542 ], [ 192491.79680000001099, 590913.187599999946542 ], [ 192434.4999, 590863.125099999946542 ], [ 192276.79680000001099, 590679.687599999946542 ], [ 192199.0938, 590738.375 ], [ 191890.0938, 591376.8125 ], [ 191712.796899999986636, 591323.0 ], [ 191680.9063, 591428.125 ], [ 191608.9063, 591537.8125 ], [ 191509.68, 592273.636000000056811 ], [ 191514.049999999988358, 592272.505 ], [ 191518.68, 592271.788999999989755 ], [ 191524.888, 592272.927999999956228 ], [ 191531.41, 592272.687999999965541 ], [ 191539.063, 592271.905999999959022 ], [ 191547.462999999988824, 592270.427999999956228 ], [ 191555.457, 592268.657 ], [ 191563.412000000011176, 592266.427000000025146 ], [ 191567.332, 592265.177999999956228 ], [ 191594.538, 592257.87 ], [ 191602.068, 592255.888999999966472 ], [ 191610.1, 592254.577999999979511 ], [ 191618.818999999988591, 592253.51500000001397 ], [ 191626.670000000012806, 592252.628000000026077 ], [ 191634.774, 592252.417999999946915 ], [ 191643.060999999986961, 592252.893999999971129 ], [ 191659.119, 592253.968 ], [ 191666.483, 592255.383999999961816 ], [ 191690.399, 592261.128999999957159 ], [ 191705.307999999989988, 592265.51 ], [ 191720.956, 592270.23699999996461 ], [ 191736.487, 592274.694999999948777 ], [ 191743.560999999986961, 592277.628999999957159 ], [ 191750.739, 592280.761000000056811 ], [ 191765.392, 592288.412000000011176 ], [ 191778.832, 592296.545999999972992 ], [ 191785.407, 592300.601999999955297 ], [ 191798.924, 592308.54500000004191 ], [ 191827.538999999989755, 592323.348 ], [ 191834.670000000012806, 592326.631999999983236 ], [ 191841.144, 592329.62699999997858 ], [ 191849.095, 592332.885 ], [ 191856.228, 592335.73699999996461 ], [ 191863.563, 592338.736000000033528 ], [ 191871.092, 592341.381000000052154 ], [ 191872.973, 592342.365 ], [ 191893.431000000011409, 592350.0 ], [ 191916.009, 592358.54500000004191 ], [ 191939.047, 592367.050000000046566 ], [ 191946.595, 592370.696 ], [ 191960.922, 592378.11199999996461 ], [ 191968.076, 592381.535000000032596 ], [ 191975.730000000010477, 592384.947999999974854 ], [ 192005.413999999989755, 592397.067000000039116 ], [ 192020.840999999985797, 592402.87 ], [ 192035.071999999985565, 592408.366000000038184 ], [ 192062.329999999987194, 592417.689000000013039 ], [ 192074.122, 592421.861000000033528 ], [ 192084.351, 592425.893999999971129 ], [ 192089.16, 592427.691 ], [ 192096.12400000001071, 592430.606999999959953 ], [ 192103.481999999989057, 592433.746000000042841 ], [ 192111.631, 592436.898999999975786 ], [ 192118.719000000011874, 592440.582999999984168 ], [ 192125.087999999988824, 592443.812000000034459 ], [ 192146.462999999988824, 592454.883999999961816 ], [ 192160.814000000013039, 592462.439999999944121 ], [ 192174.307999999989988, 592470.243000000016764 ], [ 192187.777, 592478.768000000040047 ], [ 192205.745, 592486.523000000044703 ], [ 192217.165, 592490.61199999996461 ], [ 192224.852000000013504, 592493.12300000002142 ], [ 192237.162000000011176, 592497.175000000046566 ], [ 192243.481, 592498.332000000053085 ], [ 192254.996000000013737, 592500.577000000048429 ], [ 192271.443, 592503.165000000037253 ], [ 192284.363000000012107, 592504.572000000043772 ], [ 192294.977000000013504, 592505.241999999969266 ], [ 192302.941, 592505.055000000051223 ], [ 192312.053000000014435, 592504.643999999971129 ], [ 192316.672, 592504.392 ], [ 192323.73499999998603, 592504.172000000020489 ], [ 192330.038, 592503.466999999945983 ], [ 192337.766, 592502.922999999951571 ], [ 192342.385, 592502.672000000020489 ], [ 192344.429, 592502.231000000028871 ], [ 192348.560999999986961, 592501.628000000026077 ], [ 192358.641, 592499.01500000001397 ], [ 192366.671, 592497.023999999975786 ], [ 192374.392, 592495.118999999947846 ], [ 192381.956, 592493.34699999995064 ], [ 192389.269, 592491.57999999995809 ], [ 192393.746000000013737, 592490.67000000004191 ], [ 192398.668, 592490.51300000003539 ], [ 192404.108, 592490.23499999998603 ], [ 192406.522999999986496, 592489.876000000047497 ], [ 192410.053000000014435, 592490.197000000043772 ], [ 192413.869, 592490.292000000015832 ], [ 192419.315, 592491.375 ], [ 192427.911, 592493.307999999960884 ], [ 192431.225, 592493.843 ], [ 192435.343, 592495.574000000022352 ], [ 192439.47, 592497.805000000051223 ], [ 192446.450000000011642, 592501.040999999968335 ], [ 192451.261, 592503.949999999953434 ], [ 192453.976, 592505.658999999985099 ], [ 192457.405, 592508.003999999957159 ], [ 192460.193999999988591, 592510.381999999983236 ], [ 192463.432999999989988, 592513.761999999987893 ], [ 192474.139, 592526.466999999945983 ], [ 192475.633, 592528.160000000032596 ], [ 192478.343, 592532.702000000048429 ], [ 192480.465999999985797, 592535.834000000031665 ], [ 192484.471, 592542.604000000050291 ], [ 192488.299999999988358, 592549.616999999969266 ], [ 192492.185999999986961, 592556.979999999981374 ], [ 192496.336000000010245, 592563.976999999955297 ], [ 192500.189000000013039, 592570.699999999953434 ], [ 192503.907, 592578.126000000047497 ], [ 192505.639, 592581.285999999963678 ], [ 192505.011999999987893, 592585.584000000031665 ], [ 192506.75099999998929, 592588.564000000013039 ], [ 192510.094000000011874, 592589.057999999960884 ], [ 192515.12, 592597.92000000004191 ], [ 192522.681000000011409, 592611.569000000017695 ], [ 192529.973, 592625.76300000003539 ], [ 192535.614, 592636.425000000046566 ], [ 192541.557999999989988, 592647.182000000029802 ], [ 192544.847, 592654.175999999977648 ], [ 192548.237, 592661.799 ], [ 192554.681000000011409, 592675.63 ], [ 192558.291, 592683.719000000040978 ], [ 192565.116, 592698.133000000030734 ], [ 192572.011, 592712.535000000032596 ], [ 192575.696999999985565, 592720.432999999960884 ], [ 192579.682999999989988, 592727.743999999947846 ], [ 192584.28, 592734.631999999983236 ], [ 192588.753999999986263, 592741.863000000012107 ], [ 192592.816, 592747.439999999944121 ], [ 192598.193999999988591, 592752.729999999981374 ], [ 192609.896, 592763.62300000002142 ], [ 192627.018000000010943, 592779.40500000002794 ], [ 192639.916, 592791.035000000032596 ], [ 192645.924, 592795.792999999946915 ], [ 192652.446999999985565, 592801.290999999968335 ], [ 192670.331, 592815.586000000010245 ], [ 192683.443, 592825.89000000001397 ], [ 192690.525, 592831.297000000020489 ], [ 192708.602000000013504, 592845.238000000012107 ], [ 192721.82, 592855.310000000055879 ], [ 192728.415, 592860.366000000038184 ], [ 192734.856, 592864.263999999966472 ], [ 192737.87400000001071, 592866.067000000039116 ], [ 192737.136999999987893, 592867.26300000003539 ], [ 192739.399, 592868.82999999995809 ], [ 192745.791999999986729, 592873.309 ], [ 192753.938, 592878.866000000038184 ], [ 192761.651000000012573, 592883.309 ], [ 192765.424999999988358, 592885.34699999995064 ], [ 192772.196, 592888.187000000034459 ], [ 192779.744, 592891.832000000053085 ], [ 192786.566, 592895.202000000048429 ], [ 192794.204, 592898.29500000004191 ], [ 192801.394999999989523, 592901.246999999973923 ], [ 192808.514, 592904.28000000002794 ], [ 192816.402, 592907.368000000016764 ], [ 192821.166, 592908.885 ], [ 192828.587, 592910.650999999954365 ], [ 192836.181000000011409, 592913.033999999985099 ], [ 192843.346, 592914.98499999998603 ], [ 192851.736, 592917.631999999983236 ], [ 192855.956, 592918.449999999953434 ], [ 192859.646, 592919.317999999970198 ], [ 192867.476, 592920.944999999948777 ], [ 192875.149, 592922.275000000023283 ], [ 192879.248, 592923.005 ], [ 192882.155, 592923.248099999967963 ], [ 192886.568999999988591, 592922.169 ], [ 192888.344000000011874, 592921.844000000040978 ], [ 192928.468, 592912.48499999998603 ], [ 192944.365, 592908.479999999981374 ], [ 192959.984, 592904.910999999963678 ], [ 192976.445, 592903.761000000056811 ], [ 192992.519999999989523, 592904.626000000047497 ], [ 193021.358, 592908.937999999965541 ], [ 193068.543, 592921.268999999971129 ], [ 193115.681000000011409, 592936.361000000033528 ], [ 193116.604, 592934.37 ], [ 193159.527, 592954.966000000014901 ], [ 193209.028, 592981.366999999969266 ], [ 193263.88200000001234, 593010.015999999945052 ], [ 193307.133, 593035.765999999945052 ], [ 193351.886, 593063.023999999975786 ], [ 193367.494, 593071.998999999952503 ], [ 193383.092, 593078.85999999998603 ], [ 193405.805, 593084.95499999995809 ], [ 193425.546, 593087.925999999977648 ], [ 193435.87599999998929, 593086.660000000032596 ] ] ] ] } },
{ "type": "Feature", "properties": { "buurtcode": "BU18910309", "buurtnaam": "Verspreide huizen Rinsumageast", "pc6_codes": "9105AM, 9105AN, 9105AP, 9105AR, 9105AS, 9105AT, 9105AV, 9105AW, 9105AX, 9105AZ, 9105KJ, 9105KV, 9105KW, 9106GB", "wijkcode": "WK189103", "gemeentecode": "GM1891", "gemeentenaam": "Dantumadiel", "oppervlakteLandInHa": 1418, "AantalInwoners_5": 150, "Mannen_6": 85, "Vrouwen_7": 65, "HuishoudensTotaal_29": 60, "GemiddeldeHuishoudensgrootte_33": 2.6, "Woningvoorraad_35": 58, "NieuwbouwWoningen_36": 0, "NietWoningvoorraad_37": 7, "NieuwbouwNietWoningen_38": 0, "GemiddeldeWOZWaardeVanWoningen_39": 466, "PercentageEengezinswoning_40": 100, "PercentageTussenwoningEengezins_41": 0, "PercentageHoekwoningEengezins_42": 0, "PercentageTweeOnderEenKapWoningEe_43": 7, "PercentageVrijstaandeWoningEengezins_44": 93, "PercentageMeergezinswoning_45": 0, "Koopwoningen_47": 93, "HuurwoningenTotaal_48": 7, "InBezitWoningcorporatie_49": 0, "InBezitOverigeVerhuurders_50": 7, "BouwjaarMeerDanTienJaarGeleden_51": 100, "BouwjaarAfgelopenTienJaar_52": 0, "GemiddeldeElektriciteitslevering_53": 3680, "GemiddeldeElektriciteitsteruglevering_54": 2450, "GemiddeldAardgasverbruik_55": 1280, "AardgasvrijeWoningen_57": null, "Aardgaswoningen_58": null, "WoningenMetZonnestroom_59": null, "WoningenHoofdzElektrVerwarmd_60": null, "k_20PersonenMetHoogsteInkomen_80": 10.2, "k_20HuishoudensMetHoogsteInkomen_85": null, "MediaanVermogenVanParticuliereHuish_86": null, "PersonenautoSTotaal_104": 70, "PersonenautoSBrandstofBenzine_105": 45, "PersonenautoSOverigeBrandstof_106": 25, "PersonenautoSPerHuishouden_107": 1.3, "Omgevingsadressendichtheid_121": 34, "AantalInstallatiesBijWoningen_5": 20, "OpgesteldVermogenVanZonnepanelen_6": 113, "installaties_per_woning": 0.34482758620689657, "vermogen_per_woning": 1.9482758620689655, "installaties_per_100_woningen": 34.482758620689658, "vermogen_per_huishouden": 1.8833333333333333, "batterijdruk_score": null, "koop_zon_score": null, "eengezins_zon_score": null, "betaalkracht_zon_score": null, "overige_brandstof_zon_score": null, "lichte_batterij_kansscore": null }, "geometry": { "type": "MultiPolygon", "coordinates": [ [ [ [ 191712.796899999986636, 591323.0 ], [ 191890.0938, 591376.8125 ], [ 192199.0938, 590738.375 ], [ 192104.203, 590658.375099999946542 ], [ 192006.9999, 590610.687599999946542 ], [ 191947.5937, 590679.812599999946542 ], [ 191890.2193, 590730.0503 ], [ 191877.4999, 590741.1875 ], [ 191746.703, 590729.312599999946542 ], [ 191637.9062, 590738.000099999946542 ], [ 191574.9062, 590697.812599999946542 ], [ 191490.203, 590614.125099999946542 ], [ 191407.9999, 590532.875099999946542 ], [ 191397.4063, 590464.8125 ], [ 191405.9064, 590398.187599999946542 ], [ 191465.796899999986636, 590339.3125 ], [ 191531.296899999986636, 590290.5 ], [ 191576.5938, 590226.3125 ], [ 191622.5938, 590111.3125 ], [ 191679.0938, 589974.125099999946542 ], [ 191816.296899999986636, 589888.1875 ], [ 192027.4062, 589827.375 ], [ 192230.9062, 589774.187599999946542 ], [ 192801.79680000001099, 589716.875099999946542 ], [ 193024.203, 589720.375099999946542 ], [ 193159.4999, 589728.625099999946542 ], [ 193216.9062, 589763.000099999946542 ], [ 193268.4063, 589810.6875 ], [ 193285.203100000013364, 589887.187599999946542 ], [ 193310.4062, 590048.875099999946542 ], [ 193318.29680000001099, 590071.375099999946542 ], [ 193439.9999, 589857.812599999946542 ], [ 193526.4999, 589706.125099999946542 ], [ 193494.5938, 589668.8125 ], [ 193562.0937, 589560.375099999946542 ], [ 193514.203, 589483.812599999946542 ], [ 193277.5938, 589106.125 ], [ 193593.5937, 588670.375099999946542 ], [ 193577.5, 588634.6875 ], [ 193696.9063, 588499.625 ], [ 194090.5, 587812.5 ], [ 194143.203, 587720.625099999946542 ], [ 193959.4062, 587680.125099999946542 ], [ 193799.4999, 587703.375099999946542 ], [ 193674.29680000001099, 587703.687599999946542 ], [ 193549.703, 587704.625099999946542 ], [ 193330.203, 587723.312599999946542 ], [ 193154.5937, 587733.125099999946542 ], [ 193058.4062, 587706.375099999946542 ], [ 192962.9999, 587661.312599999946542 ], [ 192831.9062, 587579.500099999946542 ], [ 192754.203, 587539.125099999946542 ], [ 192702.5937, 587547.312599999946542 ], [ 192645.4999, 587585.312599999946542 ], [ 192617.296899999986636, 587610.375099999946542 ], [ 192623.203100000013364, 587545.625 ], [ 192638.4063, 587498.8125 ], [ 192631.5938, 587476.875099999946542 ], [ 192609.203, 587453.500099999946542 ], [ 192530.703, 587408.625099999946542 ], [ 192268.703, 587201.625099999946542 ], [ 192153.79680000001099, 587121.875099999946542 ], [ 191991.703, 587009.500099999946542 ], [ 191660.9063, 587059.125099999946542 ], [ 191528.796899999986636, 587401.5 ], [ 191514.0, 587497.3125 ], [ 191321.296899999986636, 587892.0 ], [ 191221.5, 587800.375 ], [ 190937.0938, 587674.125 ], [ 190696.796899999986636, 588357.8125 ], [ 190141.296899999986636, 588158.0 ], [ 190086.9999, 588131.187599999946542 ], [ 190013.4999, 588071.125099999946542 ], [ 189998.703, 588040.312599999946542 ], [ 189963.9062, 588014.125099999946542 ], [ 189781.4063, 587870.5 ], [ 189618.0938, 588488.625 ], [ 188903.9063, 587586.125 ], [ 188831.79680000001099, 587494.375099999946542 ], [ 188766.4999, 587416.312599999946542 ], [ 188648.5715, 587278.689000000013039 ], [ 188640.43, 587285.76300000003539 ], [ 188629.315, 587296.13 ], [ 188593.022, 587330.327999999979511 ], [ 188578.691, 587343.349999999976717 ], [ 188574.674999999988358, 587347.184 ], [ 188555.002, 587367.187999999965541 ], [ 188538.621000000013737, 587383.979999999981374 ], [ 188532.057999999989988, 587391.125 ], [ 188525.526000000012573, 587398.15500000002794 ], [ 188521.806000000011409, 587402.552999999956228 ], [ 188516.4797, 587408.8112 ], [ 188512.187, 587413.854999999981374 ], [ 188503.24900000001071, 587425.11199999996461 ], [ 188497.706, 587431.888999999966472 ], [ 188492.356, 587437.804 ], [ 188487.077, 587443.75199999997858 ], [ 188485.469000000011874, 587445.508999999961816 ], [ 188481.43, 587448.238999999943189 ], [ 188477.989, 587450.783000000054017 ], [ 188474.005, 587453.971000000019558 ], [ 188463.318, 587465.054 ], [ 188429.28, 587500.163999999989755 ], [ 188413.527, 587518.241000000038184 ], [ 188397.563, 587536.96999999997206 ], [ 188352.659000000014203, 587582.354999999981374 ], [ 188338.785, 587600.209999999962747 ], [ 188317.424, 587621.275000000023283 ], [ 188285.828, 587652.434 ], [ 188257.953, 587679.410000000032596 ], [ 188224.032, 587713.941 ], [ 188219.057999999989988, 587718.849999999976717 ], [ 188205.423, 587733.349999999976717 ], [ 188178.99900000001071, 587761.12699999997858 ], [ 188165.191, 587776.179 ], [ 188152.617, 587790.158999999985099 ], [ 188140.98499999998603, 587802.549 ], [ 188119.332, 587824.038999999989755 ], [ 188070.295000000012806, 587872.827999999979511 ], [ 188027.571, 587916.123999999952503 ], [ 188023.502, 587919.172999999951571 ], [ 188022.477000000013504, 587920.187999999965541 ], [ 188042.503, 587941.687999999965541 ], [ 188043.714, 587942.865 ], [ 188045.033, 587942.976000000024214 ], [ 188046.612, 587942.327000000048429 ], [ 188077.977000000013504, 587910.104000000050291 ], [ 188079.202, 587909.300000000046566 ], [ 188080.067000000010012, 587909.104000000050291 ], [ 188081.894, 587909.218 ], [ 188084.776000000012573, 587910.966000000014901 ], [ 188133.666999999986729, 587955.089999999967404 ], [ 188161.807, 587982.359000000054948 ], [ 188186.547, 587999.979999999981374 ], [ 188238.351, 588039.133000000030734 ], [ 188240.479, 588040.189999999944121 ], [ 188241.875, 588040.376000000047497 ], [ 188244.277, 588038.587999999988824 ], [ 188253.519999999989523, 588028.613000000012107 ], [ 188255.052, 588027.581 ], [ 188257.086000000010245, 588027.518999999971129 ], [ 188258.937, 588028.040000000037253 ], [ 188365.229, 588111.446 ], [ 188374.003, 588117.858 ], [ 188414.456, 588144.761000000056811 ], [ 188432.386999999987893, 588157.461000000010245 ], [ 188440.276000000012573, 588163.383999999961816 ], [ 188483.483, 588199.76 ], [ 188507.00099999998929, 588220.50199999997858 ], [ 188536.1, 588246.39000000001397 ], [ 188547.538, 588257.138999999966472 ], [ 188552.698, 588260.756999999983236 ], [ 188564.674, 588267.368000000016764 ], [ 188626.759, 588297.01 ], [ 188629.929, 588298.047999999951571 ], [ 188631.786, 588297.755 ], [ 188633.443, 588297.03000000002794 ], [ 188643.122, 588286.574999999953434 ], [ 188645.521, 588285.066 ], [ 188646.793, 588284.947999999974854 ], [ 188650.719000000011874, 588286.905999999959022 ], [ 188796.48499999998603, 588432.150000000023283 ], [ 188861.943999999988591, 588499.702000000048429 ], [ 188892.981999999989057, 588531.383000000030734 ], [ 188937.465, 588574.92000000004191 ], [ 188977.176, 588616.724000000045635 ], [ 188999.66, 588639.758999999961816 ], [ 189012.37400000001071, 588651.733 ], [ 189053.872, 588692.809 ], [ 189032.127, 588735.993999999947846 ], [ 189031.405, 588736.294 ], [ 189034.221, 588755.986000000033528 ], [ 189034.24900000001071, 588756.185000000055879 ], [ 189037.198, 588776.799 ], [ 189038.758, 588788.709000000031665 ], [ 189039.889, 588791.974999999976717 ], [ 189041.654, 588795.22199999995064 ], [ 189043.201, 588797.552000000025146 ], [ 189046.843, 588801.152 ], [ 189056.801, 588809.856999999959953 ], [ 189093.995, 588838.01300000003539 ], [ 189113.241, 588849.875 ], [ 189200.285, 588899.728 ], [ 189227.196, 588916.633999999961816 ], [ 189330.361, 588988.908000000054017 ], [ 189347.048, 589000.206 ], [ 189383.718, 589025.469000000040978 ], [ 189456.253999999986263, 589076.674 ], [ 189470.592, 589084.927000000025146 ], [ 189490.147999999986496, 589094.927000000025146 ], [ 189513.79, 589105.672999999951571 ], [ 189553.813, 589123.317999999970198 ], [ 189635.891, 589159.692000000039116 ], [ 189641.503, 589162.179 ], [ 189564.318, 589423.770000000018626 ], [ 189541.950000000011642, 589499.64000000001397 ], [ 189506.888, 589615.01500000001397 ], [ 189502.723999999987427, 589628.716999999945983 ], [ 189446.142, 589818.383000000030734 ], [ 189437.451, 589845.123999999952503 ], [ 189433.152, 589855.446 ], [ 189429.019999999989523, 589866.527 ], [ 189423.269999999989523, 589879.481999999959953 ], [ 189360.623, 589999.625 ], [ 189345.886999999987893, 590024.042999999946915 ], [ 189328.339, 590053.542999999946915 ], [ 189299.143000000010943, 590103.109000000054948 ], [ 189273.10999999998603, 590148.743999999947846 ], [ 189247.559, 590194.381000000052154 ], [ 189222.598, 590238.699000000022352 ], [ 189196.869, 590284.285000000032596 ], [ 189156.325000000011642, 590355.26300000003539 ], [ 189147.481999999989057, 590372.057999999960884 ], [ 189132.146, 590401.057000000029802 ], [ 189125.24900000001071, 590414.836000000010245 ], [ 189124.424999999988358, 590416.483 ], [ 189122.817000000010012, 590419.658000000054017 ], [ 189116.934, 590431.275000000023283 ], [ 189116.734, 590431.706 ], [ 189106.089, 590454.67000000004191 ], [ 189082.979, 590499.628000000026077 ], [ 189002.619, 590649.50199999997858 ], [ 188980.856999999989057, 590680.694999999948777 ], [ 188970.731999999989057, 590691.358 ], [ 188969.606999999989057, 590692.542000000015832 ], [ 188958.094000000011874, 590704.667000000015832 ], [ 189009.647999999986496, 590728.871000000042841 ], [ 189065.026000000012573, 590752.604000000050291 ], [ 189094.397999999986496, 590767.669 ], [ 189100.006, 590771.145999999949709 ], [ 189122.246000000013737, 590787.54500000004191 ], [ 189123.1108, 590788.407299999962561 ], [ 189149.905, 590815.121999999973923 ], [ 189162.221, 590828.447999999974854 ], [ 189181.834, 590847.935999999986961 ], [ 189206.089, 590870.601000000024214 ], [ 189214.076, 590877.241999999969266 ], [ 189223.307999999989988, 590883.900999999954365 ], [ 189244.4, 590894.638999999966472 ], [ 189254.081, 590899.593 ], [ 189263.427, 590903.787000000011176 ], [ 189282.796, 590910.493999999947846 ], [ 189296.392, 590916.037000000011176 ], [ 189316.344000000011874, 590927.290000000037253 ], [ 189335.258, 590939.26 ], [ 189350.196999999985565, 590949.038999999989755 ], [ 189373.701, 590964.23699999996461 ], [ 189402.6, 590985.861000000033528 ], [ 189420.802, 591000.162000000011176 ], [ 189457.565, 591027.444999999948777 ], [ 189480.684, 591045.395000000018626 ], [ 189499.685999999986961, 591061.87 ], [ 189553.083000000013271, 591116.351999999955297 ], [ 189571.171, 591133.106000000028871 ], [ 189591.494, 591149.658000000054017 ], [ 189616.799, 591168.473 ], [ 189652.545000000012806, 591194.738999999943189 ], [ 189670.483, 591205.699000000022352 ], [ 189706.919, 591224.390999999945052 ], [ 189712.865, 591226.579000000027008 ], [ 189743.179, 591236.807000000029802 ], [ 189746.373, 591238.020000000018626 ], [ 189761.271, 591243.675999999977648 ], [ 189778.702, 591251.814000000013039 ], [ 189833.051, 591281.136000000056811 ], [ 189875.659000000014203, 591308.346000000019558 ], [ 189883.788, 591313.913999999989755 ], [ 189916.256, 591341.728 ], [ 189945.422, 591364.76300000003539 ], [ 189973.848, 591391.077000000048429 ], [ 189999.709, 591415.865 ], [ 190014.351, 591427.216999999945983 ], [ 190064.903, 591460.795999999972992 ], [ 190077.37, 591467.501000000047497 ], [ 190089.386999999987893, 591472.783000000054017 ], [ 190105.312, 591478.385 ], [ 190141.386999999987893, 591487.979999999981374 ], [ 190197.609, 591514.066 ], [ 190206.217, 591520.449999999953434 ], [ 190224.358, 591530.785000000032596 ], [ 190242.998, 591543.356999999959953 ], [ 190279.179, 591576.116000000038184 ], [ 190292.678000000014435, 591590.851000000024214 ], [ 190300.669, 591599.214000000036322 ], [ 190306.171, 591607.363000000012107 ], [ 190314.503, 591618.978 ], [ 190324.962, 591632.38 ], [ 190334.972, 591643.596000000019558 ], [ 190340.128, 591649.459000000031665 ], [ 190350.791999999986729, 591662.201 ], [ 190369.367, 591678.277 ], [ 190380.862, 591686.603 ], [ 190395.347, 591696.567999999970198 ], [ 190417.498, 591707.731999999959953 ], [ 190440.673, 591716.919 ], [ 190460.818999999988591, 591721.420999999972992 ], [ 190519.024, 591737.677999999956228 ], [ 190543.68, 591744.373999999952503 ], [ 190556.907, 591748.843 ], [ 190565.409000000014203, 591753.22199999995064 ], [ 190571.827, 591757.662999999942258 ], [ 190582.987, 591766.511999999987893 ], [ 190593.866, 591776.829000000027008 ], [ 190600.388, 591783.812000000034459 ], [ 190604.158, 591788.557000000029802 ], [ 190607.342, 591794.76500000001397 ], [ 190609.12, 591800.133000000030734 ], [ 190630.528, 591881.471000000019558 ], [ 190635.335, 591890.454000000027008 ], [ 190640.450000000011642, 591899.288999999989755 ], [ 190647.767, 591909.844000000040978 ], [ 190653.902, 591918.495 ], [ 190657.89000000001397, 591922.483 ], [ 190661.68, 591926.212999999988824 ], [ 190667.502, 591929.930999999982305 ], [ 190714.742, 591949.069999999948777 ], [ 190722.106999999989057, 591952.212999999988824 ], [ 190723.964, 591953.006000000052154 ], [ 190790.828, 591976.785999999963678 ], [ 190801.7474, 591980.1984 ], [ 190807.509, 591981.998999999952503 ], [ 190826.378999999986263, 591987.184 ], [ 190876.862, 592003.169 ], [ 190925.922, 592020.983 ], [ 190963.244, 592040.317999999970198 ], [ 190983.353, 592051.917000000015832 ], [ 191000.0, 592059.790000000037253 ], [ 191019.611, 592069.064999999944121 ], [ 191051.198, 592081.738000000012107 ], [ 191089.337999999988824, 592096.34499999997206 ], [ 191151.347, 592118.993999999947846 ], [ 191220.516, 592145.816 ], [ 191250.298, 592155.069000000017695 ], [ 191274.60999999998603, 592166.057000000029802 ], [ 191301.488000000012107, 592181.238999999943189 ], [ 191331.516, 592199.017 ], [ 191387.633, 592232.261999999987893 ], [ 191407.347, 592240.34499999997206 ], [ 191429.426, 592252.310000000055879 ], [ 191454.259, 592262.794 ], [ 191481.685999999986961, 592269.667999999946915 ], [ 191508.861, 592273.848 ], [ 191509.68, 592273.636000000056811 ], [ 191608.9063, 591537.8125 ], [ 191680.9063, 591428.125 ], [ 191712.796899999986636, 591323.0 ] ] ], [ [ [ 193284.4999, 590177.125099999946542 ], [ 193244.4999, 590225.375099999946542 ], [ 193148.203100000013364, 590391.875 ], [ 193137.0937, 590462.875 ], [ 192939.203, 590628.6875 ], [ 192740.79680000001099, 590729.6875 ], [ 192584.4999, 590775.875 ], [ 192479.203, 590808.187599999946542 ], [ 192434.4999, 590863.125099999946542 ], [ 192491.79680000001099, 590913.187599999946542 ], [ 192538.203, 590955.125099999946542 ], [ 192612.703, 590993.625099999946542 ], [ 192707.29680000001099, 591054.625099999946542 ], [ 192738.4063, 591106.5 ], [ 192766.5, 591189.375 ], [ 192806.9999, 591256.125099999946542 ], [ 192867.9999, 591351.625099999946542 ], [ 192942.203, 591459.312599999946542 ], [ 193020.703, 591506.687599999946542 ], [ 193048.5938, 591441.625 ], [ 193127.5937, 591328.3125 ], [ 193142.5, 591259.3125 ], [ 193125.296899999986636, 591210.687599999946542 ], [ 193232.29680000001099, 591097.687599999946542 ], [ 193172.4063, 591064.5 ], [ 193443.203, 590580.687599999946542 ], [ 193392.0, 590560.875 ], [ 193490.9062, 590383.687599999946542 ], [ 193344.0, 590290.1875 ], [ 193379.29680000001099, 590222.687599999946542 ], [ 193284.4999, 590177.125099999946542 ] ] ] ] } }
]
}
