{
"type": "FeatureCollection",
"name": "Emmen",
"crs": { "type": "name", "properties": { "name": "urn:ogc:def:crs:EPSG::28992" } },
"features": [
{ "type": "Feature", "properties": { "buurtcode": "BU01140100", "buurtnaam": "Derde Kruisdiep", "pc6_codes": "7831AA, 7831AB, 7831AS, 7831AT, 7831AV, 7831AW, 7831AX, 7831AZ, 7831GB, 7831GD, 7831GE, 7831GR, 7831GS, 7831GT, 7831GW, 7831HA, 7831HB, 7831HC, 7831HD, 7831TW, 7831TX, 7831TZ", "wijkcode": "WK011401", "gemeentecode": "GM0114", "gemeentenaam": "Emmen", "oppervlakteLandInHa": 53, "AantalInwoners_5": 545, "Mannen_6": 280, "Vrouwen_7": 265, "HuishoudensTotaal_29": 230, "GemiddeldeHuishoudensgrootte_33": 2.4, "Woningvoorraad_35": 229, "NieuwbouwWoningen_36": 0, "NietWoningvoorraad_37": 14, "NieuwbouwNietWoningen_38": 0, "GemiddeldeWOZWaardeVanWoningen_39": 269, "PercentageEengezinswoning_40": 99, "PercentageTussenwoningEengezins_41": 2, "PercentageHoekwoningEengezins_42": 0, "PercentageTweeOnderEenKapWoningEe_43": 27, "PercentageVrijstaandeWoningEengezins_44": 70, "PercentageMeergezinswoning_45": 1, "Koopwoningen_47": 90, "HuurwoningenTotaal_48": 10, "InBezitWoningcorporatie_49": 7, "InBezitOverigeVerhuurders_50": 3, "BouwjaarMeerDanTienJaarGeleden_51": 99, "BouwjaarAfgelopenTienJaar_52": 1, "GemiddeldeElektriciteitslevering_53": 3480, "GemiddeldeElektriciteitsteruglevering_54": 1440, "GemiddeldAardgasverbruik_55": 1210, "AardgasvrijeWoningen_57": 4, "Aardgaswoningen_58": 86, "WoningenMetZonnestroom_59": 55, "WoningenHoofdzElektrVerwarmd_60": 12, "k_20PersonenMetHoogsteInkomen_80": 12.2, "k_20HuishoudensMetHoogsteInkomen_85": 12.6, "MediaanVermogenVanParticuliereHuish_86": 172.9, "PersonenautoSTotaal_104": 375, "PersonenautoSBrandstofBenzine_105": 280, "PersonenautoSOverigeBrandstof_106": 95, "PersonenautoSPerHuishouden_107": 1.6, "Omgevingsadressendichtheid_121": 93, "AantalInstallatiesBijWoningen_5": 94, "OpgesteldVermogenVanZonnepanelen_6": 443, "installaties_per_woning": 0.41048034934497818, "vermogen_per_woning": 1.9344978165938864, "installaties_per_100_woningen": 41.048034934497821, "vermogen_per_huishouden": 1.9260869565217391, "batterijdruk_score": 792.00000000000011, "koop_zon_score": 0.495, "eengezins_zon_score": 0.5445, "betaalkracht_zon_score": 95.095, "overige_brandstof_zon_score": 52.25, "lichte_batterij_kansscore": 0.53123466564313504 }, "geometry": { "type": "MultiPolygon", "coordinates": [ [ [ [ 260811.222, 541472.040000000037253 ], [ 260952.725, 541259.474999999976717 ], [ 261084.519999999989523, 541064.689000000013039 ], [ 260459.663, 540639.913999999989755 ], [ 260421.851, 540558.890999999945052 ], [ 260239.818999999988591, 540610.439000000013039 ], [ 259965.472, 540688.13 ], [ 259844.403, 540869.584999999962747 ], [ 259878.442000000010012, 541064.180000000051223 ], [ 260194.71, 541007.716999999945983 ], [ 260263.109, 540986.662999999942258 ], [ 260276.200000000011642, 541065.731999999959953 ], [ 260392.456, 541077.709000000031665 ], [ 260406.389, 541205.48499999998603 ], [ 260619.37, 541210.96999999997206 ], [ 260692.24299999998766, 541474.299 ], [ 260811.222, 541472.040000000037253 ] ] ] ] } },
{ "type": "Feature", "properties": { "buurtcode": "BU01140101", "buurtnaam": "Eerste Kruisdiep", "pc6_codes": "7831AG, 7831AH, 7831AJ, 7831AK, 7831AL, 7831AM, 7831AN, 7831BA, 7831BB, 7831BC, 7831BD, 7831BE, 7831BG, 7831BH, 7831BJ, 7831BK, 7831BL, 7831BM, 7831BN, 7831BP, 7831BR, 7831BS, 7831BT, 7831BV, 7831BX, 7831BZ, 7831CA, 7831CB, 7831CC, 7831CD, 7831CE, 7831CG, 7831CH, 7831CJ, 7831CK, 7831CL, 7831CM, 7831CN, 7831CP, 7831CR, 7831CS, 7831CT, 7831CV, 7831CZ, 7831EA, 7831EB, 7831EC, 7831EG, 7831EH, 7831EJ, 7831EK, 7831EL, 7831HJ, 7831HK, 7831HL, 7831HM, 7831HN, 7831HP, 7831HW, 7831HX, 7831HZ, 7831KA, 7831KB, 7831KC, 7831KD, 7831KE, 7831KG, 7831VJ", "wijkcode": "WK011401", "gemeentecode": "GM0114", "gemeentenaam": "Emmen", "oppervlakteLandInHa": 193, "AantalInwoners_5": 1900, "Mannen_6": 960, "Vrouwen_7": 940, "HuishoudensTotaal_29": 865, "GemiddeldeHuishoudensgrootte_33": 2.2, "Woningvoorraad_35": 875, "NieuwbouwWoningen_36": 1, "NietWoningvoorraad_37": 43, "NieuwbouwNietWoningen_38": 0, "GemiddeldeWOZWaardeVanWoningen_39": 211, "PercentageEengezinswoning_40": 94, "PercentageTussenwoningEengezins_41": 30, "PercentageHoekwoningEengezins_42": 19, "PercentageTweeOnderEenKapWoningEe_43": 15, "PercentageVrijstaandeWoningEengezins_44": 29, "PercentageMeergezinswoning_45": 6, "Koopwoningen_47": 54, "HuurwoningenTotaal_48": 46, "InBezitWoningcorporatie_49": 41, "InBezitOverigeVerhuurders_50": 4, "BouwjaarMeerDanTienJaarGeleden_51": 95, "BouwjaarAfgelopenTienJaar_52": 5, "GemiddeldeElektriciteitslevering_53": 2700, "GemiddeldeElektriciteitsteruglevering_54": 1440, "GemiddeldAardgasverbruik_55": 1060, "AardgasvrijeWoningen_57": 4, "Aardgaswoningen_58": 90, "WoningenMetZonnestroom_59": 61, "WoningenHoofdzElektrVerwarmd_60": 9, "k_20PersonenMetHoogsteInkomen_80": 8.2, "k_20HuishoudensMetHoogsteInkomen_85": 9.9, "MediaanVermogenVanParticuliereHuish_86": 49.4, "PersonenautoSTotaal_104": 1090, "PersonenautoSBrandstofBenzine_105": 905, "PersonenautoSOverigeBrandstof_106": 180, "PersonenautoSPerHuishouden_107": 1.3, "Omgevingsadressendichtheid_121": 267, "AantalInstallatiesBijWoningen_5": 280, "OpgesteldVermogenVanZonnepanelen_6": 1175, "installaties_per_woning": 0.32, "vermogen_per_woning": 1.3428571428571427, "installaties_per_100_woningen": 32.0, "vermogen_per_huishouden": 1.3583815028901733, "batterijdruk_score": 878.4, "koop_zon_score": 0.3294, "eengezins_zon_score": 0.5734, "betaalkracht_zon_score": 30.134, "overige_brandstof_zon_score": 109.8, "lichte_batterij_kansscore": 0.46273444508733441 }, "geometry": { "type": "MultiPolygon", "coordinates": [ [ [ [ 263372.087, 542987.28000000002794 ], [ 263543.870999999984633, 542713.006000000052154 ], [ 263808.663, 542280.638999999966472 ], [ 263311.381999999983236, 541937.767 ], [ 263788.222, 541224.084000000031665 ], [ 263777.541000000026543, 541216.824000000022352 ], [ 263760.958999999973457, 541205.552999999956228 ], [ 263746.087, 541195.444999999948777 ], [ 263730.356000000028871, 541184.753000000026077 ], [ 263704.082999999984168, 541166.895999999949709 ], [ 263698.195, 541160.832000000053085 ], [ 263699.153999999980442, 541159.393999999971129 ], [ 263699.898999999975786, 541158.28000000002794 ], [ 263758.707, 541070.243000000016764 ], [ 263683.027, 541019.939999999944121 ], [ 263671.563000000023749, 541012.48699999996461 ], [ 263653.37599999998929, 541000.663999999989755 ], [ 263652.386, 541000.0 ], [ 263591.37, 540959.101000000024214 ], [ 263589.315, 540961.851000000024214 ], [ 263529.327999999979511, 541051.90500000002794 ], [ 263195.12, 541553.040999999968335 ], [ 263010.87599999998929, 541429.942999999970198 ], [ 262687.75099999998929, 541899.020999999949709 ], [ 262360.78000000002794, 541679.152 ], [ 262312.413, 541751.148999999975786 ], [ 262396.072999999974854, 541807.65300000004936 ], [ 262327.245, 541909.48699999996461 ], [ 262250.967, 542022.344000000040978 ], [ 262168.983, 541966.848 ], [ 262113.888, 542048.824999999953434 ], [ 261899.544, 542367.75199999997858 ], [ 262389.003000000026077, 542696.707999999984168 ], [ 262255.207999999984168, 542902.427000000025146 ], [ 262446.055999999982305, 543026.550000000046566 ], [ 262587.006999999983236, 542818.207999999984168 ], [ 262685.03000000002794, 542883.946 ], [ 262726.259000000020023, 542823.111000000033528 ], [ 263254.384000000020023, 543180.40500000002794 ], [ 263372.087, 542987.28000000002794 ] ] ] ] } },
{ "type": "Feature", "properties": { "buurtcode": "BU01140102", "buurtnaam": "Tramwijk", "pc6_codes": "7831GC, 7831GG, 7831GH, 7831GJ, 7831GK, 7831GL, 7831GM, 7831GN, 7831GP, 7831GR", "wijkcode": "WK011401", "gemeentecode": "GM0114", "gemeentenaam": "Emmen", "oppervlakteLandInHa": 51, "AantalInwoners_5": 260, "Mannen_6": 135, "Vrouwen_7": 130, "HuishoudensTotaal_29": 90, "GemiddeldeHuishoudensgrootte_33": 2.9, "Woningvoorraad_35": 88, "NieuwbouwWoningen_36": 2, "NietWoningvoorraad_37": 4, "NieuwbouwNietWoningen_38": 0, "GemiddeldeWOZWaardeVanWoningen_39": 299, "PercentageEengezinswoning_40": 100, "PercentageTussenwoningEengezins_41": 0, "PercentageHoekwoningEengezins_42": 0, "PercentageTweeOnderEenKapWoningEe_43": 9, "PercentageVrijstaandeWoningEengezins_44": 91, "PercentageMeergezinswoning_45": 0, "Koopwoningen_47": 95, "HuurwoningenTotaal_48": 5, "InBezitWoningcorporatie_49": 0, "InBezitOverigeVerhuurders_50": 5, "BouwjaarMeerDanTienJaarGeleden_51": 99, "BouwjaarAfgelopenTienJaar_52": 1, "GemiddeldeElektriciteitslevering_53": 3650, "GemiddeldeElektriciteitsteruglevering_54": 1720, "GemiddeldAardgasverbruik_55": 1130, "AardgasvrijeWoningen_57": null, "Aardgaswoningen_58": null, "WoningenMetZonnestroom_59": null, "WoningenHoofdzElektrVerwarmd_60": null, "k_20PersonenMetHoogsteInkomen_80": 18.2, "k_20HuishoudensMetHoogsteInkomen_85": null, "MediaanVermogenVanParticuliereHuish_86": null, "PersonenautoSTotaal_104": 160, "PersonenautoSBrandstofBenzine_105": 135, "PersonenautoSOverigeBrandstof_106": 25, "PersonenautoSPerHuishouden_107": 1.8, "Omgevingsadressendichtheid_121": 47, "AantalInstallatiesBijWoningen_5": 39, "OpgesteldVermogenVanZonnepanelen_6": 170, "installaties_per_woning": 0.44318181818181818, "vermogen_per_woning": 1.9318181818181819, "installaties_per_100_woningen": 44.31818181818182, "vermogen_per_huishouden": 1.8888888888888888, "batterijdruk_score": null, "koop_zon_score": null, "eengezins_zon_score": null, "betaalkracht_zon_score": null, "overige_brandstof_zon_score": null, "lichte_batterij_kansscore": null }, "geometry": { "type": "MultiPolygon", "coordinates": [ [ [ [ 260421.851, 540558.890999999945052 ], [ 260369.674, 540281.474000000045635 ], [ 260042.48499999998603, 539696.312999999965541 ], [ 259848.016, 539487.003000000026077 ], [ 259706.335, 539333.640999999945052 ], [ 259697.949, 539339.895000000018626 ], [ 259449.272999999986496, 539067.697999999974854 ], [ 259154.562, 538879.35999999998603 ], [ 259035.769, 539099.479999999981374 ], [ 259229.25099999998929, 539203.897 ], [ 259975.454, 540033.76300000003539 ], [ 260239.818999999988591, 540610.439000000013039 ], [ 260421.851, 540558.890999999945052 ] ] ] ] } },
{ "type": "Feature", "properties": { "buurtcode": "BU01140103", "buurtnaam": "Achterdiep", "pc6_codes": "7831AB, 7831AC, 7831AD, 7831AE, 7831AG, 7831HD, 7831HE, 7831HG, 7831HH", "wijkcode": "WK011401", "gemeentecode": "GM0114", "gemeentenaam": "Emmen", "oppervlakteLandInHa": 34, "AantalInwoners_5": 245, "Mannen_6": 125, "Vrouwen_7": 120, "HuishoudensTotaal_29": 95, "GemiddeldeHuishoudensgrootte_33": 2.6, "Woningvoorraad_35": 95, "NieuwbouwWoningen_36": 0, "NietWoningvoorraad_37": 4, "NieuwbouwNietWoningen_38": 0, "GemiddeldeWOZWaardeVanWoningen_39": 319, "PercentageEengezinswoning_40": 99, "PercentageTussenwoningEengezins_41": 0, "PercentageHoekwoningEengezins_42": 0, "PercentageTweeOnderEenKapWoningEe_43": 15, "PercentageVrijstaandeWoningEengezins_44": 84, "PercentageMeergezinswoning_45": 1, "Koopwoningen_47": 95, "HuurwoningenTotaal_48": 5, "InBezitWoningcorporatie_49": 3, "InBezitOverigeVerhuurders_50": 2, "BouwjaarMeerDanTienJaarGeleden_51": 99, "BouwjaarAfgelopenTienJaar_52": 1, "GemiddeldeElektriciteitslevering_53": 3970, "GemiddeldeElektriciteitsteruglevering_54": 1590, "GemiddeldAardgasverbruik_55": 1410, "AardgasvrijeWoningen_57": null, "Aardgaswoningen_58": null, "WoningenMetZonnestroom_59": null, "WoningenHoofdzElektrVerwarmd_60": null, "k_20PersonenMetHoogsteInkomen_80": 14.4, "k_20HuishoudensMetHoogsteInkomen_85": null, "MediaanVermogenVanParticuliereHuish_86": null, "PersonenautoSTotaal_104": 150, "PersonenautoSBrandstofBenzine_105": 120, "PersonenautoSOverigeBrandstof_106": 30, "PersonenautoSPerHuishouden_107": 1.6, "Omgevingsadressendichtheid_121": 84, "AantalInstallatiesBijWoningen_5": 24, "OpgesteldVermogenVanZonnepanelen_6": 120, "installaties_per_woning": 0.25263157894736843, "vermogen_per_woning": 1.263157894736842, "installaties_per_100_woningen": 25.263157894736842, "vermogen_per_huishouden": 1.263157894736842, "batterijdruk_score": null, "koop_zon_score": null, "eengezins_zon_score": null, "betaalkracht_zon_score": null, "overige_brandstof_zon_score": null, "lichte_batterij_kansscore": null }, "geometry": { "type": "MultiPolygon", "coordinates": [ [ [ [ 262168.983, 541966.848 ], [ 262250.967, 542022.344000000040978 ], [ 262327.245, 541909.48699999996461 ], [ 261084.519999999989523, 541064.689000000013039 ], [ 260952.725, 541259.474999999976717 ], [ 262113.888, 542048.824999999953434 ], [ 262168.983, 541966.848 ] ] ] ] } },
{ "type": "Feature", "properties": { "buurtcode": "BU01140104", "buurtnaam": "Weerdingerkanaal", "pc6_codes": "7831AN, 7831AP, 7831AR, 7831HP, 7831HR, 7831HS, 7831HT, 7831HV, 7831JA, 7831JB, 7831VD", "wijkcode": "WK011401", "gemeentecode": "GM0114", "gemeentenaam": "Emmen", "oppervlakteLandInHa": 49, "AantalInwoners_5": 215, "Mannen_6": 115, "Vrouwen_7": 100, "HuishoudensTotaal_29": 85, "GemiddeldeHuishoudensgrootte_33": 2.4, "Woningvoorraad_35": 90, "NieuwbouwWoningen_36": 0, "NietWoningvoorraad_37": 10, "NieuwbouwNietWoningen_38": 0, "GemiddeldeWOZWaardeVanWoningen_39": 302, "PercentageEengezinswoning_40": 98, "PercentageTussenwoningEengezins_41": 2, "PercentageHoekwoningEengezins_42": 1, "PercentageTweeOnderEenKapWoningEe_43": 11, "PercentageVrijstaandeWoningEengezins_44": 82, "PercentageMeergezinswoning_45": 2, "Koopwoningen_47": 88, "HuurwoningenTotaal_48": 12, "InBezitWoningcorporatie_49": 0, "InBezitOverigeVerhuurders_50": 12, "BouwjaarMeerDanTienJaarGeleden_51": 98, "BouwjaarAfgelopenTienJaar_52": 2, "GemiddeldeElektriciteitslevering_53": 3950, "GemiddeldeElektriciteitsteruglevering_54": 1440, "GemiddeldAardgasverbruik_55": 1220, "AardgasvrijeWoningen_57": null, "Aardgaswoningen_58": null, "WoningenMetZonnestroom_59": null, "WoningenHoofdzElektrVerwarmd_60": null, "k_20PersonenMetHoogsteInkomen_80": 13.6, "k_20HuishoudensMetHoogsteInkomen_85": null, "MediaanVermogenVanParticuliereHuish_86": null, "PersonenautoSTotaal_104": 175, "PersonenautoSBrandstofBenzine_105": 135, "PersonenautoSOverigeBrandstof_106": 45, "PersonenautoSPerHuishouden_107": 2.0, "Omgevingsadressendichtheid_121": 56, "AantalInstallatiesBijWoningen_5": 22, "OpgesteldVermogenVanZonnepanelen_6": 117, "installaties_per_woning": 0.24444444444444444, "vermogen_per_woning": 1.3, "installaties_per_100_woningen": 24.444444444444443, "vermogen_per_huishouden": 1.3764705882352941, "batterijdruk_score": null, "koop_zon_score": null, "eengezins_zon_score": null, "betaalkracht_zon_score": null, "overige_brandstof_zon_score": null, "lichte_batterij_kansscore": null }, "geometry": { "type": "MultiPolygon", "coordinates": [ [ [ [ 263543.870999999984633, 542713.006000000052154 ], [ 263372.087, 542987.28000000002794 ], [ 263830.756999999983236, 543483.51 ], [ 263774.049999999988358, 543571.582000000053085 ], [ 263913.411000000021886, 543662.158999999985099 ], [ 263974.85999999998603, 543568.270999999949709 ], [ 264469.657, 544103.756399999954738 ], [ 264478.294, 544103.898999999975786 ], [ 264491.800999999977648, 544104.121000000042841 ], [ 264517.195, 544104.538999999989755 ], [ 264540.069000000017695, 544104.917000000015832 ], [ 264542.14000000001397, 544104.949999999953434 ], [ 264580.409999999974389, 544105.57999999995809 ], [ 264622.843, 544106.299 ], [ 264624.011, 544106.319000000017695 ], [ 264625.184, 544106.339999999967404 ], [ 264629.956, 544106.424 ], [ 264634.992000000027474, 544106.51300000003539 ], [ 264651.169999999983702, 544106.797999999951571 ], [ 264652.579000000027008, 544106.822999999974854 ], [ 264654.054, 544106.849000000045635 ], [ 264654.346000000019558, 544106.854000000050291 ], [ 264672.713999999978114, 544107.177999999956228 ], [ 264674.492000000027474, 544107.209000000031665 ], [ 264675.300999999977648, 544107.224000000045635 ], [ 264685.897999999986496, 544107.410000000032596 ], [ 264686.167000000015832, 544107.415000000037253 ], [ 264689.804, 544107.479000000050291 ], [ 264692.017999999981839, 544107.518000000040047 ], [ 264705.244, 544107.751000000047497 ], [ 264770.086000000010245, 544108.893000000040047 ], [ 264770.911000000021886, 544108.908000000054017 ], [ 264774.797000000020489, 544108.976000000024214 ], [ 264785.232000000018161, 544109.158999999985099 ], [ 264805.229, 544109.511999999987893 ], [ 264825.223999999987427, 544109.863999999943189 ], [ 264834.7449, 544110.032 ], [ 263543.870999999984633, 542713.006000000052154 ] ] ] ] } },
{ "type": "Feature", "properties": { "buurtcode": "BU01140106", "buurtnaam": "Siepelveen", "pc6_codes": "7831GB, 7831TA, 7831TB, 7831TC, 7831TD, 7831TE", "wijkcode": "WK011401", "gemeentecode": "GM0114", "gemeentenaam": "Emmen", "oppervlakteLandInHa": 80, "AantalInwoners_5": 100, "Mannen_6": 55, "Vrouwen_7": 45, "HuishoudensTotaal_29": 40, "GemiddeldeHuishoudensgrootte_33": 2.6, "Woningvoorraad_35": 38, "NieuwbouwWoningen_36": 1, "NietWoningvoorraad_37": 7, "NieuwbouwNietWoningen_38": 0, "GemiddeldeWOZWaardeVanWoningen_39": 297, "PercentageEengezinswoning_40": 100, "PercentageTussenwoningEengezins_41": 0, "PercentageHoekwoningEengezins_42": 0, "PercentageTweeOnderEenKapWoningEe_43": 11, "PercentageVrijstaandeWoningEengezins_44": 89, "PercentageMeergezinswoning_45": 0, "Koopwoningen_47": 97, "HuurwoningenTotaal_48": 3, "InBezitWoningcorporatie_49": 0, "InBezitOverigeVerhuurders_50": 3, "BouwjaarMeerDanTienJaarGeleden_51": 97, "BouwjaarAfgelopenTienJaar_52": 3, "GemiddeldeElektriciteitslevering_53": 3470, "GemiddeldeElektriciteitsteruglevering_54": 1250, "GemiddeldAardgasverbruik_55": 1370, "AardgasvrijeWoningen_57": null, "Aardgaswoningen_58": null, "WoningenMetZonnestroom_59": null, "WoningenHoofdzElektrVerwarmd_60": null, "k_20PersonenMetHoogsteInkomen_80": null, "k_20HuishoudensMetHoogsteInkomen_85": null, "MediaanVermogenVanParticuliereHuish_86": null, "PersonenautoSTotaal_104": 55, "PersonenautoSBrandstofBenzine_105": 40, "PersonenautoSOverigeBrandstof_106": 20, "PersonenautoSPerHuishouden_107": null, "Omgevingsadressendichtheid_121": 16, "AantalInstallatiesBijWoningen_5": 12, "OpgesteldVermogenVanZonnepanelen_6": 85, "installaties_per_woning": 0.31578947368421051, "vermogen_per_woning": 2.236842105263158, "installaties_per_100_woningen": 31.578947368421051, "vermogen_per_huishouden": 2.125, "batterijdruk_score": null, "koop_zon_score": null, "eengezins_zon_score": null, "betaalkracht_zon_score": null, "overige_brandstof_zon_score": null, "lichte_batterij_kansscore": null }, "geometry": { "type": "MultiPolygon", "coordinates": [ [ [ [ 262596.712999999988824, 540429.233 ], [ 262596.365999999979977, 540429.00199999997858 ], [ 262560.544, 540405.22199999995064 ], [ 262542.778, 540393.292999999946915 ], [ 262522.156000000017229, 540379.738000000012107 ], [ 262583.150000000023283, 540288.716000000014901 ], [ 262580.64000000001397, 540287.074999999953434 ], [ 262575.516, 540283.723 ], [ 262552.163999999989755, 540268.447000000043772 ], [ 262552.531000000017229, 540267.902 ], [ 262559.003000000026077, 540258.27800000004936 ], [ 262563.496999999973923, 540251.59499999997206 ], [ 262426.952999999979511, 540161.072000000043772 ], [ 262183.993000000016764, 540000.0 ], [ 262100.647999999986496, 539944.746000000042841 ], [ 262098.85999999998603, 539943.560999999986961 ], [ 262084.275, 539933.890999999945052 ], [ 262014.926, 539887.915000000037253 ], [ 262013.054, 539886.674 ], [ 261904.962999999988824, 540046.731999999959953 ], [ 261560.72, 539814.255 ], [ 261610.567000000010012, 539740.265999999945052 ], [ 261444.93, 539628.540000000037253 ], [ 261394.75700000001234, 539704.106999999959953 ], [ 260851.115, 539343.153999999980442 ], [ 259918.597, 539162.84499999997206 ], [ 259882.056000000011409, 539359.483 ], [ 260703.332, 539518.283999999985099 ], [ 262433.799999999988358, 540671.177000000025146 ], [ 262596.712999999988824, 540429.233 ] ] ] ] } },
{ "type": "Feature", "properties": { "buurtcode": "BU01140109", "buurtnaam": "Verspreide huizen Nieuw-Weerdinge", "pc6_codes": "7831GT, 7831GV, 7831GX, 7831JB, 7831TN, 7831TP, 7831TR, 7831TS, 7831TT, 7831TX, 7831VA, 7831VB, 7831VC, 7831VE, 7831VG, 7831VH", "wijkcode": "WK011401", "gemeentecode": "GM0114", "gemeentenaam": "Emmen", "oppervlakteLandInHa": 1998, "AantalInwoners_5": 110, "Mannen_6": 65, "Vrouwen_7": 45, "HuishoudensTotaal_29": 45, "GemiddeldeHuishoudensgrootte_33": 2.5, "Woningvoorraad_35": 51, "NieuwbouwWoningen_36": 0, "NietWoningvoorraad_37": 19, "NieuwbouwNietWoningen_38": 0, "GemiddeldeWOZWaardeVanWoningen_39": 429, "PercentageEengezinswoning_40": 100, "PercentageTussenwoningEengezins_41": 0, "PercentageHoekwoningEengezins_42": 0, "PercentageTweeOnderEenKapWoningEe_43": 8, "PercentageVrijstaandeWoningEengezins_44": 92, "PercentageMeergezinswoning_45": 0, "Koopwoningen_47": 78, "HuurwoningenTotaal_48": 22, "InBezitWoningcorporatie_49": 0, "InBezitOverigeVerhuurders_50": 22, "BouwjaarMeerDanTienJaarGeleden_51": 92, "BouwjaarAfgelopenTienJaar_52": 8, "GemiddeldeElektriciteitslevering_53": 3870, "GemiddeldeElektriciteitsteruglevering_54": 2270, "GemiddeldAardgasverbruik_55": 1300, "AardgasvrijeWoningen_57": null, "Aardgaswoningen_58": null, "WoningenMetZonnestroom_59": null, "WoningenHoofdzElektrVerwarmd_60": null, "k_20PersonenMetHoogsteInkomen_80": null, "k_20HuishoudensMetHoogsteInkomen_85": null, "MediaanVermogenVanParticuliereHuish_86": null, "PersonenautoSTotaal_104": 70, "PersonenautoSBrandstofBenzine_105": 50, "PersonenautoSOverigeBrandstof_106": 20, "PersonenautoSPerHuishouden_107": null, "Omgevingsadressendichtheid_121": 46, "AantalInstallatiesBijWoningen_5": 11, "OpgesteldVermogenVanZonnepanelen_6": 52, "installaties_per_woning": 0.21568627450980393, "vermogen_per_woning": 1.0196078431372548, "installaties_per_100_woningen": 21.568627450980394, "vermogen_per_huishouden": 1.1555555555555554, "batterijdruk_score": null, "koop_zon_score": null, "eengezins_zon_score": null, "betaalkracht_zon_score": null, "overige_brandstof_zon_score": null, "lichte_batterij_kansscore": null }, "geometry": { "type": "MultiPolygon", "coordinates": [ [ [ [ 263974.85999999998603, 543568.270999999949709 ], [ 263913.411000000021886, 543662.158999999985099 ], [ 263774.049999999988358, 543571.582000000053085 ], [ 263830.756999999983236, 543483.51 ], [ 263372.087, 542987.28000000002794 ], [ 263254.384000000020023, 543180.40500000002794 ], [ 262726.259000000020023, 542823.111000000033528 ], [ 262685.03000000002794, 542883.946 ], [ 262587.006999999983236, 542818.207999999984168 ], [ 262446.055999999982305, 543026.550000000046566 ], [ 262255.207999999984168, 542902.427000000025146 ], [ 262389.003000000026077, 542696.707999999984168 ], [ 261899.544, 542367.75199999997858 ], [ 262113.888, 542048.824999999953434 ], [ 260952.725, 541259.474999999976717 ], [ 260811.222, 541472.040000000037253 ], [ 260692.24299999998766, 541474.299 ], [ 260619.37, 541210.96999999997206 ], [ 260406.389, 541205.48499999998603 ], [ 260392.456, 541077.709000000031665 ], [ 260276.200000000011642, 541065.731999999959953 ], [ 260263.109, 540986.662999999942258 ], [ 260194.71, 541007.716999999945983 ], [ 259878.442000000010012, 541064.180000000051223 ], [ 259844.403, 540869.584999999962747 ], [ 259965.472, 540688.13 ], [ 260239.818999999988591, 540610.439000000013039 ], [ 259975.454, 540033.76300000003539 ], [ 259229.25099999998929, 539203.897 ], [ 259035.769, 539099.479999999981374 ], [ 259154.562, 538879.35999999998603 ], [ 259449.272999999986496, 539067.697999999974854 ], [ 259697.949, 539339.895000000018626 ], [ 259706.335, 539333.640999999945052 ], [ 259848.016, 539487.003000000026077 ], [ 260042.48499999998603, 539696.312999999965541 ], [ 260369.674, 540281.474000000045635 ], [ 260421.851, 540558.890999999945052 ], [ 260459.663, 540639.913999999989755 ], [ 261084.519999999989523, 541064.689000000013039 ], [ 262327.245, 541909.48699999996461 ], [ 262396.072999999974854, 541807.65300000004936 ], [ 262312.413, 541751.148999999975786 ], [ 262360.78000000002794, 541679.152 ], [ 262687.75099999998929, 541899.020999999949709 ], [ 263010.87599999998929, 541429.942999999970198 ], [ 263195.12, 541553.040999999968335 ], [ 263529.327999999979511, 541051.90500000002794 ], [ 262680.288999999989755, 540484.925999999977648 ], [ 262676.058000000019092, 540482.106000000028871 ], [ 262658.928000000014435, 540470.691 ], [ 262643.033, 540460.099000000045635 ], [ 262596.712999999988824, 540429.233 ], [ 262433.799999999988358, 540671.177000000025146 ], [ 260703.332, 539518.283999999985099 ], [ 259882.056000000011409, 539359.483 ], [ 259918.597, 539162.84499999997206 ], [ 260851.115, 539343.153999999980442 ], [ 261394.75700000001234, 539704.106999999959953 ], [ 261444.93, 539628.540000000037253 ], [ 261610.567000000010012, 539740.265999999945052 ], [ 261560.72, 539814.255 ], [ 261904.962999999988824, 540046.731999999959953 ], [ 262013.054, 539886.674 ], [ 262007.748, 539883.155999999959022 ], [ 262016.826, 539869.741999999969266 ], [ 262019.545000000012806, 539865.175000000046566 ], [ 262023.475, 539858.229000000050291 ], [ 262031.253, 539843.922999999951571 ], [ 262036.231999999989057, 539834.76500000001397 ], [ 262041.303000000014435, 539823.729000000050291 ], [ 262050.192000000010012, 539804.373999999952503 ], [ 262054.420000000012806, 539795.167000000015832 ], [ 262054.918, 539794.084000000031665 ], [ 262092.693999999988591, 539701.393000000040047 ], [ 262147.278, 539569.479999999981374 ], [ 262149.782, 539563.386000000056811 ], [ 262179.069000000017695, 539492.116000000038184 ], [ 262201.0, 539442.0 ], [ 262210.791000000026543, 539414.920999999972992 ], [ 262225.096000000019558, 539380.111000000033528 ], [ 262300.821, 539195.834000000031665 ], [ 262356.267999999981839, 539060.90300000004936 ], [ 262358.298, 539055.962999999988824 ], [ 262359.163999999989755, 539053.856999999959953 ], [ 262359.580000000016298, 539052.844000000040978 ], [ 262363.413999999989755, 539043.513999999966472 ], [ 262366.977000000013504, 539034.844000000040978 ], [ 262396.049, 538964.096000000019558 ], [ 262428.017999999981839, 538886.300999999977648 ], [ 262465.460000000020955, 538795.185000000055879 ], [ 262469.631, 538797.785999999963678 ], [ 262503.919, 538715.851999999955297 ], [ 262542.608, 538623.40300000004936 ], [ 262543.518999999971129, 538621.275000000023283 ], [ 262544.420999999972992, 538619.12300000002142 ], [ 262547.827, 538611.001000000047497 ], [ 262548.653, 538607.653999999980442 ], [ 262564.819000000017695, 538570.165999999968335 ], [ 262577.10999999998603, 538539.334000000031665 ], [ 262578.686999999976251, 538535.417999999946915 ], [ 262581.055, 538529.768000000040047 ], [ 262584.294, 538522.042999999946915 ], [ 262599.647, 538484.091000000014901 ], [ 262602.392999999981839, 538477.307999999960884 ], [ 262614.268999999971129, 538448.615 ], [ 262618.479, 538439.104000000050291 ], [ 262621.047000000020489, 538433.302000000025146 ], [ 262628.370999999984633, 538414.108 ], [ 262636.167000000015832, 538396.589999999967404 ], [ 262637.104, 538394.488999999943189 ], [ 262640.768999999971129, 538384.680000000051223 ], [ 262642.358, 538380.103 ], [ 262649.689000000013039, 538361.968 ], [ 262656.693000000028405, 538345.890999999945052 ], [ 262658.311999999976251, 538342.584999999962747 ], [ 262658.577, 538341.932000000029802 ], [ 262660.413999999989755, 538337.407 ], [ 262663.032, 538331.523999999975786 ], [ 262674.428000000014435, 538303.402 ], [ 262675.367000000027474, 538301.194999999948777 ], [ 262677.696, 538295.121999999973923 ], [ 262682.987000000022817, 538283.170999999972992 ], [ 262689.471000000019558, 538266.557000000029802 ], [ 262697.826, 538245.846000000019558 ], [ 262698.457999999984168, 538244.506999999983236 ], [ 262698.950000000011642, 538243.332000000053085 ], [ 262700.200000000011642, 538240.349000000045635 ], [ 262703.12599999998929, 538233.366000000038184 ], [ 262704.037000000011176, 538231.238000000012107 ], [ 262717.606000000028871, 538198.415999999968335 ], [ 262734.967, 538155.435999999986961 ], [ 262738.349999999976717, 538157.152 ], [ 262768.278999999980442, 538084.873999999952503 ], [ 262769.669, 538081.287000000011176 ], [ 262769.973999999987427, 538080.501000000047497 ], [ 262770.318000000028405, 538079.613999999943189 ], [ 262771.444000000017695, 538076.711000000010245 ], [ 262802.996999999973923, 538000.0 ], [ 262820.843, 537956.615 ], [ 262824.034999999974389, 537948.086000000010245 ], [ 262841.762999999977183, 537905.812999999965541 ], [ 262851.576, 537882.412999999942258 ], [ 262854.903999999980442, 537874.270000000018626 ], [ 262855.511999999987893, 537872.782 ], [ 262880.587999999988824, 537811.685999999986961 ], [ 262881.180999999982305, 537810.24 ], [ 262882.108, 537807.981999999959953 ], [ 262882.131, 537807.927000000025146 ], [ 262885.713999999978114, 537799.196 ], [ 262892.298, 537783.15500000002794 ], [ 262886.449000000022352, 537781.912999999942258 ], [ 262859.254000000015367, 537776.136000000056811 ], [ 262863.518999999971129, 537786.476000000024214 ], [ 262863.979999999981374, 537790.047999999951571 ], [ 262863.667000000015832, 537793.871999999973923 ], [ 262861.593, 537802.216000000014901 ], [ 262859.125, 537809.761999999987893 ], [ 262851.917000000015832, 537828.60999999998603 ], [ 262796.865999999979977, 537963.442000000039116 ], [ 262781.739, 538000.0 ], [ 262719.059, 538151.48499999998603 ], [ 262718.167000000015832, 538158.12699999997858 ], [ 262717.771, 538159.177999999956228 ], [ 262550.783999999985099, 538125.545999999972992 ], [ 262557.055999999982305, 538098.153999999980442 ], [ 262567.462999999988824, 538053.136999999987893 ], [ 262578.172000000020489, 538000.0 ], [ 262583.48599999997532, 537973.636000000056811 ], [ 262607.688000000023749, 537836.745 ], [ 262610.824000000022352, 537814.415000000037253 ], [ 262626.531000000017229, 537732.964000000036322 ], [ 262604.270000000018626, 537727.025000000023283 ], [ 262602.403, 537726.527 ], [ 262601.728, 537728.555000000051223 ], [ 262548.5, 538000.0 ], [ 262544.267999999981839, 538021.57999999995809 ], [ 262439.208999999973457, 538000.0 ], [ 262395.136, 537990.947000000043772 ], [ 262143.715999999985797, 537940.008999999961816 ], [ 262079.027, 537926.90300000004936 ], [ 262000.0, 537910.892 ], [ 261948.559, 537900.46999999997206 ], [ 261880.170000000012806, 537886.300999999977648 ], [ 261875.413999999989755, 537885.316 ], [ 261932.456, 537594.261999999987893 ], [ 261931.431000000011409, 537594.113000000012107 ], [ 261929.744, 537593.726000000024214 ], [ 261913.022, 537591.219000000040978 ], [ 261913.416999999986729, 537592.61199999996461 ], [ 261913.333000000013271, 537594.091999999945983 ], [ 261913.422, 537597.738000000012107 ], [ 261899.636, 537666.077999999979511 ], [ 261896.439000000013039, 537682.459999999962747 ], [ 261552.935999999986961, 537612.310000000055879 ], [ 261549.598, 537611.628000000026077 ], [ 261345.306000000011409, 537569.908000000054017 ], [ 261343.788999999989755, 537569.569000000017695 ], [ 261332.428000000014435, 537567.27800000004936 ], [ 261328.146, 537566.403999999980442 ], [ 261281.24299999998766, 537556.824999999953434 ], [ 261215.138, 537543.324999999953434 ], [ 260850.098999999987427, 537468.77800000004936 ], [ 260776.613000000012107, 537453.770999999949709 ], [ 260724.019999999989523, 537443.028999999980442 ], [ 260739.989, 537362.699000000022352 ], [ 260653.165, 537345.305000000051223 ], [ 260605.85, 537335.908000000054017 ], [ 260582.408, 537331.927999999956228 ], [ 260580.443, 537331.238999999943189 ], [ 260578.215999999985797, 537330.557000000029802 ], [ 260570.087999999988824, 537328.59699999995064 ], [ 260561.179, 537325.92000000004191 ], [ 260553.079999999987194, 537322.986000000033528 ], [ 260546.927, 537320.005 ], [ 260540.517, 537316.187000000034459 ], [ 260535.351, 537311.550000000046566 ], [ 260530.897, 537307.63 ], [ 260493.131, 537300.091000000014901 ], [ 260491.605000000010477, 537299.785999999963678 ], [ 260484.060999999986961, 537365.366000000038184 ], [ 260481.253, 537389.77800000004936 ], [ 260480.658, 537394.952000000048429 ], [ 260477.214, 537394.261999999987893 ], [ 260468.527, 537392.523999999975786 ], [ 260269.166999999986729, 537352.628999999957159 ], [ 260200.0, 537338.787999999942258 ], [ 260176.458000000013271, 537334.077000000048429 ], [ 260124.866, 537323.753000000026077 ], [ 260102.74299999998766, 537438.79500000004191 ], [ 260101.79, 537443.699999999953434 ], [ 260100.837999999988824, 537448.604999999981374 ], [ 260099.891, 537453.501000000047497 ], [ 260098.948, 537458.398000000044703 ], [ 260098.011999999987893, 537463.287999999942258 ], [ 260097.083000000013271, 537468.179 ], [ 260095.253999999986263, 537477.949999999953434 ], [ 260094.356999999989057, 537482.829000000027008 ], [ 260093.471, 537487.711000000010245 ], [ 260092.601, 537492.587000000057742 ], [ 260091.746000000013737, 537497.466000000014901 ], [ 260090.909000000014203, 537502.339000000036322 ], [ 260090.089, 537507.214999999967404 ], [ 260089.288999999989755, 537512.084999999962747 ], [ 260088.51, 537516.959000000031665 ], [ 260088.006, 537520.179 ], [ 260087.514, 537523.400999999954365 ], [ 260087.26500000001397, 537525.050999999977648 ], [ 260087.019999999989523, 537526.701 ], [ 260086.312, 537531.567999999970198 ], [ 260085.631, 537536.437999999965541 ], [ 260082.646, 537560.669 ], [ 260080.329999999987194, 537584.974000000045635 ], [ 260078.687, 537609.332999999984168 ], [ 260077.715999999985797, 537633.729000000050291 ], [ 260077.419, 537658.142 ], [ 260077.796, 537682.552999999956228 ], [ 260078.847, 537706.944999999948777 ], [ 260080.57, 537731.299 ], [ 260083.181000000011409, 537757.506000000052154 ], [ 260086.571999999985565, 537783.623999999952503 ], [ 260090.739, 537809.628999999957159 ], [ 260095.233, 537833.329000000027008 ], [ 260100.371000000013737, 537856.898000000044703 ], [ 260106.15, 537880.317999999970198 ], [ 260112.566, 537903.571 ], [ 260119.614, 537926.640999999945052 ], [ 260127.288, 537949.51 ], [ 260022.91, 537928.631000000052154 ], [ 260016.264, 537927.304 ], [ 260000.0, 537924.050000000046566 ], [ 259922.733, 537908.593 ], [ 259879.75700000001234, 537899.995 ], [ 259868.97, 537897.837000000057742 ], [ 259849.552, 537893.952000000048429 ], [ 259833.670000000012806, 537890.775000000023283 ], [ 259827.12400000001071, 537889.464999999967404 ], [ 259773.745, 537878.785000000032596 ], [ 259704.556000000011409, 537864.942000000039116 ], [ 259699.653, 537863.961000000010245 ], [ 259694.75099999998929, 537862.979999999981374 ], [ 259659.128999999986263, 537855.854000000050291 ], [ 259539.261, 537831.871999999973923 ], [ 259509.306000000011409, 537826.001000000047497 ], [ 259400.106, 537804.599000000045635 ], [ 259348.659000000014203, 537794.351000000024214 ], [ 259307.125, 538000.0 ], [ 259278.392, 538142.263999999966472 ], [ 259252.674, 538135.566 ], [ 259229.867, 538155.248999999952503 ], [ 259157.652, 538217.574000000022352 ], [ 259065.116, 538297.435000000055879 ], [ 259057.035, 538304.410000000032596 ], [ 259057.839, 538305.038999999989755 ], [ 259062.877, 538308.978 ], [ 259059.715999999985797, 538311.62699999997858 ], [ 259060.446, 538312.851999999955297 ], [ 259073.441, 538323.091000000014901 ], [ 259027.076, 538362.951 ], [ 259013.448, 538374.36199999996461 ], [ 259010.51, 538377.197999999974854 ], [ 258956.152, 538423.148999999975786 ], [ 258953.184, 538427.598 ], [ 258951.545000000012806, 538431.393999999971129 ], [ 258901.038999999989755, 538474.704000000027008 ], [ 258896.087, 538473.309 ], [ 258882.101, 538464.915000000037253 ], [ 258880.831, 538465.995 ], [ 258874.526000000012573, 538471.354000000050291 ], [ 258872.755, 538472.910999999963678 ], [ 258863.258, 538481.255 ], [ 258855.746000000013737, 538487.856000000028871 ], [ 258816.953, 538521.942000000039116 ], [ 258756.215, 538575.312999999965541 ], [ 258877.199, 538643.961000000010245 ], [ 259135.445, 538790.493999999947846 ], [ 259135.271, 538790.655999999959022 ], [ 259133.89000000001397, 538791.935999999986961 ], [ 259130.744, 538795.410999999963678 ], [ 259114.859, 538812.957000000053085 ], [ 259088.38200000001234, 538842.647 ], [ 259083.465, 538848.559 ], [ 259080.157, 538853.846000000019558 ], [ 259078.76, 538856.054 ], [ 259071.714, 538866.778999999980442 ], [ 259065.911, 538877.447999999974854 ], [ 259058.644, 538890.62 ], [ 259054.864, 538897.427999999956228 ], [ 259051.397999999986496, 538901.741000000038184 ], [ 259049.555, 538902.741000000038184 ], [ 259048.549999999988358, 538902.783999999985099 ], [ 259045.35999999998603, 538902.26 ], [ 259043.557999999989988, 538902.175999999977648 ], [ 259040.241, 538900.837999999988824 ], [ 259006.699, 538919.131999999983236 ], [ 258902.641, 539000.0 ], [ 258762.295000000012806, 539109.069000000017695 ], [ 258765.661, 539114.523999999975786 ], [ 258813.685, 539189.768999999971129 ], [ 258873.965, 539284.218 ], [ 258874.968, 539285.73499999998603 ], [ 258878.362, 539290.596000000019558 ], [ 258880.545000000012806, 539293.72199999995064 ], [ 258907.184, 539331.981000000028871 ], [ 258928.261, 539360.647 ], [ 258936.883, 539372.071 ], [ 258944.945, 539382.601999999955297 ], [ 258957.526000000012573, 539398.26 ], [ 258994.16, 539443.854000000050291 ], [ 259012.295000000012806, 539466.424 ], [ 259022.692000000010012, 539481.327999999979511 ], [ 259016.00700000001234, 539483.158000000054017 ], [ 259015.699, 539483.432999999960884 ], [ 259003.139, 539494.616000000038184 ], [ 259001.200000000011642, 539492.113999999943189 ], [ 258994.03, 539483.12699999997858 ], [ 258955.215, 539550.677000000025146 ], [ 258922.89000000001397, 539606.932000000029802 ], [ 258901.703, 539643.804 ], [ 258875.866, 539688.770000000018626 ], [ 258847.26, 539738.552999999956228 ], [ 258847.002, 539739.001000000047497 ], [ 258846.847, 539739.268999999971129 ], [ 258846.74299999998766, 539739.449999999953434 ], [ 258846.228, 539740.348 ], [ 258845.122, 539742.273000000044703 ], [ 258843.377, 539745.310999999986961 ], [ 258827.389, 539773.135 ], [ 258822.695, 539781.304 ], [ 258795.276000000012573, 539829.020999999949709 ], [ 258762.24299999998766, 539886.508000000030734 ], [ 258742.157, 539921.464000000036322 ], [ 258729.076, 539944.229999999981374 ], [ 258728.327, 539945.533999999985099 ], [ 258714.037000000011176, 539970.402 ], [ 258696.971, 539999.968 ], [ 258660.095, 540064.277 ], [ 258659.859, 540064.687000000034459 ], [ 258658.371000000013737, 540067.277 ], [ 258656.935, 540069.775999999954365 ], [ 258656.875, 540069.878000000026077 ], [ 258537.962999999988824, 540000.0 ], [ 258000.0, 539683.866999999969266 ], [ 257884.362, 539615.912999999942258 ], [ 257877.672, 539628.219000000040978 ], [ 257865.041999999986729, 539636.952000000048429 ], [ 257859.784000000014203, 539633.86199999996461 ], [ 257857.798, 539632.694999999948777 ], [ 257813.303000000014435, 539606.542000000015832 ], [ 257806.715999999985797, 539602.67000000004191 ], [ 257805.981999999989057, 539602.238999999943189 ], [ 257779.24299999998766, 539586.522 ], [ 257767.79, 539603.388999999966472 ], [ 257755.594000000011874, 539621.351000000024214 ], [ 257738.619, 539653.295999999972992 ], [ 257712.198, 539703.160999999963678 ], [ 257710.719000000011874, 539705.935999999986961 ], [ 257707.103, 539712.721000000019558 ], [ 257697.147999999986496, 539731.400999999954365 ], [ 257689.726, 539745.327999999979511 ], [ 257675.948899999988498, 539771.216200000024401 ], [ 257706.212, 539789.873999999952503 ], [ 257706.938, 539790.322000000043772 ], [ 257707.066, 539790.402 ], [ 257707.151000000012573, 539790.454000000027008 ], [ 257709.586000000010245, 539791.956 ], [ 257710.846, 539792.733 ], [ 257711.415, 539793.084000000031665 ], [ 257743.609, 539812.935000000055879 ], [ 257757.429, 539821.456 ], [ 257757.472, 539821.483 ], [ 257759.393000000010943, 539822.667000000015832 ], [ 257760.704, 539823.474999999976717 ], [ 257771.37599999998929, 539830.055000000051223 ], [ 257800.653, 539848.106999999959953 ], [ 257813.556000000011409, 539856.062000000034459 ], [ 257830.03, 539866.218 ], [ 257833.79, 539868.537000000011176 ], [ 257833.911, 539868.61199999996461 ], [ 257837.464, 539870.804 ], [ 257840.593, 539872.733 ], [ 257841.10999999998603, 539873.052000000025146 ], [ 257897.211000000010245, 539907.640999999945052 ], [ 257939.836000000010245, 539933.701 ], [ 257957.226, 539944.332999999984168 ], [ 257958.592, 539945.170999999972992 ], [ 257959.443999999988591, 539945.694000000017695 ], [ 258002.209, 539971.947999999974854 ], [ 258051.138, 540001.986000000033528 ], [ 258161.325000000011642, 540069.633000000030734 ], [ 258229.559, 540111.523999999975786 ], [ 258255.465, 540127.427999999956228 ], [ 258304.22, 540157.398999999975786 ], [ 258482.554, 540266.866999999969266 ], [ 258538.288, 540301.079000000027008 ], [ 258580.236, 540326.829000000027008 ], [ 258634.745, 540360.300999999977648 ], [ 258636.56, 540361.415999999968335 ], [ 258739.284000000014203, 540424.496999999973923 ], [ 258751.64000000001397, 540432.084999999962747 ], [ 258766.57, 540441.297999999951571 ], [ 258781.909000000014203, 540450.76300000003539 ], [ 258809.191, 540467.598 ], [ 258811.29, 540468.892 ], [ 258815.769, 540471.657 ], [ 258821.995, 540475.452000000048429 ], [ 258874.166, 540507.251000000047497 ], [ 258931.875, 540542.425999999977648 ], [ 258953.19, 540555.537000000011176 ], [ 258953.574, 540555.773000000044703 ], [ 259014.602000000013504, 540593.312999999965541 ], [ 259122.928000000014435, 540659.947999999974854 ], [ 259139.98499999998603, 540670.441 ], [ 259400.0, 540830.385 ], [ 259528.848999999987427, 540909.645000000018626 ], [ 259719.972, 541023.751000000047497 ], [ 259787.576, 541064.11199999996461 ], [ 259870.961000000010245, 541113.895000000018626 ], [ 259880.931000000011409, 541119.848 ], [ 259997.450000000011642, 541190.24800000002142 ], [ 259998.033, 541190.59699999995064 ], [ 260000.0, 541191.773999999975786 ], [ 260010.535, 541198.081 ], [ 260011.333000000013271, 541198.557999999960884 ], [ 260011.428000000014435, 541198.615 ], [ 260029.038, 541209.157 ], [ 260030.53, 541210.050000000046566 ], [ 260092.700000000011642, 541247.214999999967404 ], [ 260129.15, 541269.005 ], [ 260157.752, 541286.103 ], [ 260180.60999999998603, 541299.849999999976717 ], [ 260181.176, 541300.189999999944121 ], [ 260194.685, 541308.314999999944121 ], [ 260194.471, 541301.670999999972992 ], [ 260195.333000000013271, 541296.584999999962747 ], [ 260197.987, 541294.343 ], [ 260205.606999999989057, 541295.728 ], [ 260212.548, 541299.07999999995809 ], [ 260220.097, 541300.468 ], [ 260224.272999999986496, 541301.50199999997858 ], [ 260232.812, 541305.052000000025146 ], [ 260239.464, 541307.104999999981374 ], [ 260247.611, 541309.464000000036322 ], [ 260254.986, 541311.99 ], [ 260262.480000000010477, 541314.971000000019558 ], [ 260270.557, 541318.429 ], [ 260271.821, 541320.299 ], [ 260272.848, 541326.881999999983236 ], [ 260272.619, 541343.941 ], [ 260273.39000000001397, 541346.533000000054017 ], [ 260274.089, 541348.883000000030734 ], [ 260277.915, 541352.263999999966472 ], [ 260295.772999999986496, 541357.143999999971129 ], [ 260301.219000000011874, 541359.165000000037253 ], [ 260306.639, 541362.530999999959022 ], [ 260307.50700000001234, 541370.817000000039116 ], [ 260305.13, 541377.224999999976717 ], [ 260301.915, 541387.304 ], [ 260300.185999999986961, 541396.238000000012107 ], [ 260299.813, 541400.0 ], [ 260299.198, 541406.209999999962747 ], [ 260298.814000000013039, 541422.849999999976717 ], [ 260298.22, 541430.792000000015832 ], [ 260300.041, 541438.942000000039116 ], [ 260302.228, 541443.047999999951571 ], [ 260305.036, 541446.707999999984168 ], [ 260311.858, 541452.966000000014901 ], [ 260319.946, 541457.873999999952503 ], [ 260331.806000000011409, 541464.466000000014901 ], [ 260351.087, 541473.97199999995064 ], [ 260353.403, 541475.525999999954365 ], [ 260354.964, 541477.812000000034459 ], [ 260356.212, 541480.616999999969266 ], [ 260356.37599999998929, 541480.986000000033528 ], [ 260356.142, 541484.672999999951571 ], [ 260354.024, 541491.461000000010245 ], [ 260351.238000000012107, 541497.280999999959022 ], [ 260346.353, 541503.875 ], [ 260339.221, 541512.131999999983236 ], [ 260332.869, 541513.854999999981374 ], [ 260326.818, 541515.037000000011176 ], [ 260317.677, 541515.929 ], [ 260307.25700000001234, 541515.552999999956228 ], [ 260302.578, 541515.34699999995064 ], [ 260296.027, 541521.88800000003539 ], [ 260295.155, 541525.59499999997206 ], [ 260294.806000000011409, 541537.810999999986961 ], [ 260295.325000000011642, 541542.657 ], [ 260295.621000000013737, 541545.412000000011176 ], [ 260295.666, 541545.834999999962747 ], [ 260296.276000000012573, 541551.525999999954365 ], [ 260297.736, 541561.743000000016764 ], [ 260298.005, 541563.628000000026077 ], [ 260298.424999999988358, 541566.564000000013039 ], [ 260301.783, 541574.099000000045635 ], [ 260306.54, 541579.996999999973923 ], [ 260310.102000000013504, 541582.854999999981374 ], [ 260316.187, 541587.12 ], [ 260323.832, 541590.378999999957159 ], [ 260331.634, 541592.962000000057742 ], [ 260339.309, 541594.947000000043772 ], [ 260347.337999999988824, 541596.92000000004191 ], [ 260354.798, 541597.745 ], [ 260363.04, 541598.615 ], [ 260375.742, 541597.292000000015832 ], [ 260387.143000000010943, 541594.064999999944121 ], [ 260399.578, 541591.052000000025146 ], [ 260407.44, 541590.060000000055879 ], [ 260414.230000000010477, 541592.037000000011176 ], [ 260423.085, 541597.663999999989755 ], [ 260423.639, 541600.582000000053085 ], [ 260423.359, 541606.145000000018626 ], [ 260421.127, 541612.689999999944121 ], [ 260414.162000000011176, 541626.106999999959953 ], [ 260404.943, 541641.047000000020489 ], [ 260397.24, 541652.46999999997206 ], [ 260396.225, 541656.111000000033528 ], [ 260396.048, 541658.275000000023283 ], [ 260399.742, 541666.329000000027008 ], [ 260402.333000000013271, 541675.337999999988824 ], [ 260401.331, 541683.790000000037253 ], [ 260395.449, 541697.881000000052154 ], [ 260393.115, 541703.437999999965541 ], [ 260385.579, 541710.150999999954365 ], [ 260376.003, 541715.089000000036322 ], [ 260368.533, 541715.07999999995809 ], [ 260361.188, 541714.569999999948777 ], [ 260353.408, 541712.62300000002142 ], [ 260346.766, 541710.853 ], [ 260339.924, 541712.733 ], [ 260336.739, 541717.150999999954365 ], [ 260334.113000000012107, 541723.148000000044703 ], [ 260333.079, 541725.508999999961816 ], [ 260331.354, 541733.488000000012107 ], [ 260333.62400000001071, 541746.788999999989755 ], [ 260346.777, 541746.300999999977648 ], [ 260349.842, 541751.297999999951571 ], [ 260358.831, 541775.351000000024214 ], [ 260367.155999999988126, 541797.481000000028871 ], [ 260368.103, 541800.26 ], [ 260370.144, 541804.359000000054948 ], [ 260372.611, 541807.650999999954365 ], [ 260375.337999999988824, 541809.587999999988824 ], [ 260378.631, 541812.410000000032596 ], [ 260382.657, 541818.505 ], [ 260382.037000000011176, 541829.677000000025146 ], [ 260381.772, 541834.45499999995809 ], [ 260380.096, 541849.542999999946915 ], [ 260378.508, 541854.479999999981374 ], [ 260378.256, 541857.60999999998603 ], [ 260378.00700000001234, 541866.025999999954365 ], [ 260375.638, 541872.709000000031665 ], [ 260371.082, 541878.949999999953434 ], [ 260366.649, 541881.898999999975786 ], [ 260364.044, 541883.631999999983236 ], [ 260356.625, 541889.388999999966472 ], [ 260354.638, 541893.334000000031665 ], [ 260355.283, 541896.841000000014901 ], [ 260359.286, 541901.881999999983236 ], [ 260362.34, 541904.143999999971129 ], [ 260365.718, 541905.427999999956228 ], [ 260367.845, 541905.966999999945983 ], [ 260369.828, 541905.177999999956228 ], [ 260374.71, 541903.236000000033528 ], [ 260372.902, 541918.767 ], [ 260391.881, 541916.12300000002142 ], [ 260408.302, 541913.751000000047497 ], [ 260408.654, 541921.900000000023283 ], [ 260408.753, 541931.042999999946915 ], [ 260406.867, 541937.001000000047497 ], [ 260405.38, 541940.981999999959953 ], [ 260399.639, 541946.022 ], [ 260397.048, 541950.412000000011176 ], [ 260396.449, 541955.131000000052154 ], [ 260398.727000000013504, 541965.729999999981374 ], [ 260400.767, 541972.62 ], [ 260402.715, 541979.273000000044703 ], [ 260403.123, 541983.525000000023283 ], [ 260402.775, 541992.062999999965541 ], [ 260401.529, 542001.055999999982305 ], [ 260399.535, 542007.677999999956228 ], [ 260398.201, 542013.937000000034459 ], [ 260397.919, 542016.040999999968335 ], [ 260397.348999999987427, 542020.302000000025146 ], [ 260397.272, 542028.429 ], [ 260399.443999999988591, 542041.827000000048429 ], [ 260400.518000000010943, 542046.189000000013039 ], [ 260402.328, 542049.662999999942258 ], [ 260406.643000000010943, 542051.297000000020489 ], [ 260409.693999999988591, 542053.738999999943189 ], [ 260417.35999999998603, 542055.782 ], [ 260425.639, 542058.50199999997858 ], [ 260427.692000000010012, 542059.59499999997206 ], [ 260431.769, 542061.765999999945052 ], [ 260436.848, 542065.702000000048429 ], [ 260438.818, 542069.609000000054948 ], [ 260439.519, 542076.821 ], [ 260438.239, 542083.163999999989755 ], [ 260434.673, 542095.305000000051223 ], [ 260432.807999999989988, 542102.496999999973923 ], [ 260432.097, 542107.228 ], [ 260432.043, 542107.143000000040047 ], [ 260432.855000000010477, 542111.376000000047497 ], [ 260437.0, 542116.265999999945052 ], [ 260442.073, 542117.415000000037253 ], [ 260449.392, 542116.412999999942258 ], [ 260457.560999999986961, 542115.996999999973923 ], [ 260465.313, 542116.321 ], [ 260474.980000000010477, 542119.816 ], [ 260484.892, 542125.826 ], [ 260497.189000000013039, 542133.517 ], [ 260499.810999999986961, 542135.591999999945983 ], [ 260500.085, 542135.809 ], [ 260506.233, 542140.675999999977648 ], [ 260515.702, 542149.702000000048429 ], [ 260520.87599999998929, 542156.844000000040978 ], [ 260525.462999999988824, 542169.46999999997206 ], [ 260526.111, 542170.479999999981374 ], [ 260525.935, 542171.650999999954365 ], [ 260525.557999999989988, 542174.160000000032596 ], [ 260524.51500000001397, 542179.24 ], [ 260524.477000000013504, 542179.425000000046566 ], [ 260518.453, 542193.197999999974854 ], [ 260510.755, 542207.508999999961816 ], [ 260508.112, 542212.468 ], [ 260507.247, 542221.87 ], [ 260510.905, 542226.834999999962747 ], [ 260518.21, 542231.187999999965541 ], [ 260524.259, 542232.839999999967404 ], [ 260532.12400000001071, 542232.321 ], [ 260544.416, 542233.422000000020489 ], [ 260554.409000000014203, 542234.925000000046566 ], [ 260560.49, 542237.209999999962747 ], [ 260565.488000000012107, 542243.218 ], [ 260568.806000000011409, 542250.064000000013039 ], [ 260569.109, 542250.99800000002142 ], [ 260566.596, 542258.663999999989755 ], [ 260560.287000000011176, 542259.973 ], [ 260556.161, 542260.827999999979511 ], [ 260551.230000000010477, 542280.199000000022352 ], [ 260547.817000000010012, 542295.39000000001397 ], [ 260546.836000000010245, 542299.758000000030734 ], [ 260544.956, 542310.821 ], [ 260543.878999999986263, 542328.14000000001397 ], [ 260543.681000000011409, 542335.988000000012107 ], [ 260545.904, 542351.966999999945983 ], [ 260550.568999999988591, 542367.216000000014901 ], [ 260557.719000000011874, 542377.072000000043772 ], [ 260559.318, 542379.76 ], [ 260563.834, 542387.354000000050291 ], [ 260577.730000000010477, 542407.087000000057742 ], [ 260595.715999999985797, 542430.966999999945983 ], [ 260633.668, 542422.85999999998603 ], [ 260639.766, 542426.660999999963678 ], [ 260644.535, 542431.506999999983236 ], [ 260646.136, 542435.116000000038184 ], [ 260648.583000000013271, 542438.657 ], [ 260649.329, 542442.694000000017695 ], [ 260649.336000000010245, 542446.133999999961816 ], [ 260648.011999999987893, 542449.535999999963678 ], [ 260646.434, 542451.615 ], [ 260643.324, 542454.734000000054948 ], [ 260640.284000000014203, 542457.035000000032596 ], [ 260634.437, 542461.074999999953434 ], [ 260628.752, 542465.366000000038184 ], [ 260624.728, 542469.841000000014901 ], [ 260622.109, 542474.189999999944121 ], [ 260619.443, 542480.410000000032596 ], [ 260618.676, 542485.23699999996461 ], [ 260618.35, 542489.365 ], [ 260619.810999999986961, 542496.091999999945983 ], [ 260622.785, 542502.02800000004936 ], [ 260626.828, 542508.706 ], [ 260634.756, 542516.996000000042841 ], [ 260639.475, 542521.577999999979511 ], [ 260646.65, 542526.192000000039116 ], [ 260650.109, 542527.601999999955297 ], [ 260656.674999999988358, 542529.040999999968335 ], [ 260664.021, 542530.398999999975786 ], [ 260676.666999999986729, 542533.351999999955297 ], [ 260687.426, 542536.326 ], [ 260688.861, 542541.34699999995064 ], [ 260690.958000000013271, 542548.756999999983236 ], [ 260694.497, 542561.26 ], [ 260705.818999999988591, 542600.518999999971129 ], [ 260708.179, 542608.927000000025146 ], [ 260713.587999999988824, 542618.292999999946915 ], [ 260718.786, 542630.942999999970198 ], [ 260722.242, 542640.966999999945983 ], [ 260723.342, 542644.538999999989755 ], [ 260723.652, 542648.476999999955297 ], [ 260724.223, 542655.73499999998603 ], [ 260726.073, 542664.648000000044703 ], [ 260731.845, 542687.74 ], [ 260739.019999999989523, 542715.339000000036322 ], [ 260740.846, 542723.376000000047497 ], [ 260742.147, 542725.87 ], [ 260743.718, 542726.834999999962747 ], [ 260752.045000000012806, 542731.949000000022352 ], [ 260751.546, 542734.881000000052154 ], [ 260755.366, 542738.613999999943189 ], [ 260755.924999999988358, 542740.691 ], [ 260757.927, 542745.111000000033528 ], [ 260757.596, 542748.768000000040047 ], [ 260757.056000000011409, 542752.557999999960884 ], [ 260756.113000000012107, 542760.17000000004191 ], [ 260754.718, 542768.189000000013039 ], [ 260754.592, 542775.219000000040978 ], [ 260756.453, 542782.758000000030734 ], [ 260757.661, 542787.331 ], [ 260757.894999999989523, 542787.692000000039116 ], [ 260761.726, 542793.579000000027008 ], [ 260766.549999999988358, 542798.51 ], [ 260777.866, 542806.709999999962747 ], [ 260785.49299999998766, 542813.233 ], [ 260793.089, 542819.893999999971129 ], [ 260795.727000000013504, 542822.897 ], [ 260798.901000000012573, 542827.091999999945983 ], [ 260804.826, 542841.155999999959022 ], [ 260807.594000000011874, 542852.067000000039116 ], [ 260809.579999999987194, 542860.358 ], [ 260811.582, 542867.09499999997206 ], [ 260813.10999999998603, 542870.868000000016764 ], [ 260819.297, 542880.984000000054948 ], [ 260825.017, 542888.623999999952503 ], [ 260830.03, 542895.319000000017695 ], [ 260838.067000000010012, 542905.261000000056811 ], [ 260841.99299999998766, 542909.995 ], [ 260849.741, 542917.449999999953434 ], [ 260859.753, 542926.817999999970198 ], [ 260859.913999999989755, 542926.969000000040978 ], [ 260861.76500000001397, 542928.701 ], [ 260887.358, 542949.442000000039116 ], [ 260900.782, 542961.579000000027008 ], [ 260909.807999999989988, 542971.305000000051223 ], [ 260920.244, 542982.859000000054948 ], [ 260926.912000000011176, 542989.461000000010245 ], [ 260931.342, 542992.386999999987893 ], [ 260939.575000000011642, 542997.631000000052154 ], [ 260947.22, 543001.587000000057742 ], [ 260961.139, 543006.339999999967404 ], [ 260979.582, 543012.591999999945983 ], [ 260990.62, 543017.76300000003539 ], [ 260991.810999999986961, 543018.645000000018626 ], [ 260993.139, 543019.628000000026077 ], [ 260995.481999999989057, 543021.363000000012107 ], [ 260997.411, 543024.464999999967404 ], [ 261000.076, 543031.310999999986961 ], [ 261002.280999999988126, 543041.422999999951571 ], [ 261002.952, 543043.294 ], [ 261004.393000000010943, 543047.314999999944121 ], [ 261007.166, 543053.677999999956228 ], [ 261010.094000000011874, 543057.505 ], [ 261018.435, 543062.917999999946915 ], [ 261022.059, 543064.82999999995809 ], [ 261027.590999999985797, 543067.748999999952503 ], [ 261033.756, 543070.692999999970198 ], [ 261040.992, 543075.030999999959022 ], [ 261055.576, 543068.310000000055879 ], [ 261073.549, 543082.167999999946915 ], [ 261092.954, 543095.942000000039116 ], [ 261107.043, 543102.724000000045635 ], [ 261110.959, 543105.682000000029802 ], [ 261112.769, 543105.84699999995064 ], [ 261121.116, 543106.606000000028871 ], [ 261128.916999999986729, 543105.623999999952503 ], [ 261139.604, 543098.99800000002142 ], [ 261147.96, 543098.157 ], [ 261153.002, 543097.959999999962747 ], [ 261157.48499999998603, 543099.486000000033528 ], [ 261168.233, 543103.001000000047497 ], [ 261181.883, 543108.817999999970198 ], [ 261188.01, 543113.093 ], [ 261193.988000000012107, 543117.878000000026077 ], [ 261200.136999999987893, 543123.207999999984168 ], [ 261205.758, 543128.638999999966472 ], [ 261211.35, 543134.028999999980442 ], [ 261213.506, 543136.093 ], [ 261223.473999999987427, 543128.288999999989755 ], [ 261282.314000000013039, 543080.596000000019558 ], [ 261312.715, 543056.567000000039116 ], [ 261348.829, 543028.287999999942258 ], [ 261360.446999999985565, 543019.071 ], [ 261373.909000000014203, 543023.76 ], [ 261408.155, 543037.241000000038184 ], [ 261441.200000000011642, 543049.949999999953434 ], [ 261535.356999999989057, 543087.11199999996461 ], [ 261632.28, 543125.366000000038184 ], [ 261728.305, 543163.26500000001397 ], [ 261752.21, 543172.699999999953434 ], [ 261823.486, 543200.797999999951571 ], [ 261918.214, 543238.142 ], [ 261922.976, 543240.018999999971129 ], [ 261942.029, 543247.53000000002794 ], [ 261946.791, 543249.407 ], [ 261951.554, 543251.285000000032596 ], [ 261960.102000000013504, 543254.65500000002794 ], [ 261983.897999999986496, 543264.035999999963678 ], [ 261988.657, 543265.912000000011176 ], [ 262046.35999999998603, 543288.660000000032596 ], [ 262075.62400000001071, 543300.214999999967404 ], [ 262128.922, 543321.26 ], [ 262147.776000000012573, 543328.704000000027008 ], [ 262166.788, 543336.211000000010245 ], [ 262185.799, 543343.718 ], [ 262200.0, 543349.324999999953434 ], [ 262203.86099999997532, 543350.849999999976717 ], [ 262323.173, 543397.873999999952503 ], [ 262336.195, 543403.006000000052154 ], [ 262370.13, 543416.430000000051223 ], [ 262384.090000000025611, 543421.925999999977648 ], [ 262385.952, 543422.658999999985099 ], [ 262386.412000000011176, 543422.856000000028871 ], [ 262388.739, 543423.775000000023283 ], [ 262409.135, 543431.824999999953434 ], [ 262431.238000000012107, 543440.542000000015832 ], [ 262521.848999999987427, 543476.278999999980442 ], [ 262525.68, 543477.790000000037253 ], [ 262530.38, 543479.64000000001397 ], [ 262533.055, 543480.716000000014901 ], [ 262617.574000000022352, 543514.706 ], [ 262632.734, 543520.802000000025146 ], [ 262686.659999999974389, 543542.49 ], [ 262714.158999999985099, 543553.175000000046566 ], [ 262809.794, 543590.334999999962747 ], [ 262874.299999999988358, 543615.400000000023283 ], [ 262876.547000000020489, 543616.287000000011176 ], [ 262881.028, 543618.055000000051223 ], [ 262899.903, 543625.505 ], [ 262902.212, 543626.415999999968335 ], [ 262966.554, 543651.812999999965541 ], [ 263043.37599999998929, 543682.135 ], [ 263067.902, 543691.814999999944121 ], [ 263164.39000000001397, 543729.900000000023283 ], [ 263192.35999999998603, 543740.917999999946915 ], [ 263204.21999999997206, 543745.589999999967404 ], [ 263211.767, 543748.552999999956228 ], [ 263214.74, 543749.71999999997206 ], [ 263229.824000000022352, 543755.680000000051223 ], [ 263237.289999999979045, 543758.63 ], [ 263238.718, 543759.194000000017695 ], [ 263266.81, 543770.290000000037253 ], [ 263314.73599999997532, 543789.135 ], [ 263352.080000000016298, 543803.819999999948777 ], [ 263358.543, 543806.368999999947846 ], [ 263413.799999999988358, 543828.160000000032596 ], [ 263505.10999999998603, 543864.189999999944121 ], [ 263522.580000000016298, 543871.07999999995809 ], [ 263615.853, 543907.905999999959022 ], [ 263616.849999999976717, 543908.300000000046566 ], [ 263626.929, 543912.285999999963678 ], [ 263644.278999999980442, 543919.158000000054017 ], [ 263645.37400000001071, 543919.591999999945983 ], [ 263646.049999999988358, 543919.85999999998603 ], [ 263653.74800000002142, 543922.893999999971129 ], [ 263694.243000000016764, 543938.854000000050291 ], [ 263723.919999999983702, 543950.550000000046566 ], [ 263724.788999999989755, 543950.893999999971129 ], [ 263826.495, 543991.143999999971129 ], [ 264062.96999999997206, 544084.729999999981374 ], [ 264094.960000000020955, 544097.410000000032596 ], [ 264097.537000000011176, 544097.481000000028871 ], [ 264110.602000000013504, 544097.841999999945983 ], [ 264118.903, 544097.979000000050291 ], [ 264388.908, 544102.425999999977648 ], [ 264390.962999999988824, 544102.459999999962747 ], [ 264400.0, 544102.609000000054948 ], [ 264469.332999999984168, 544103.751000000047497 ], [ 264469.657, 544103.756399999954738 ], [ 263974.85999999998603, 543568.270999999949709 ] ] ], [ [ [ 266296.51, 544126.040000000037253 ], [ 266296.552000000025146, 544125.915999999968335 ], [ 266296.5783, 544125.838299999944866 ], [ 266296.636, 544125.667999999946915 ], [ 266297.723999999987427, 544122.464999999967404 ], [ 266339.295999999972992, 544000.0 ], [ 266340.809, 543995.542999999946915 ], [ 266374.172000000020489, 543897.26300000003539 ], [ 266427.729999999981374, 543739.49 ], [ 266427.836000000010245, 543739.182000000029802 ], [ 266428.292000000015832, 543737.854999999981374 ], [ 266431.26, 543729.229999999981374 ], [ 266405.994, 543723.594000000040978 ], [ 266389.479999999981374, 543719.910000000032596 ], [ 266389.778, 543718.99800000002142 ], [ 266391.506999999983236, 543713.702000000048429 ], [ 266392.349999999976717, 543711.121000000042841 ], [ 266426.409999999974389, 543606.821 ], [ 266455.462999999988824, 543517.854999999981374 ], [ 266527.51, 543297.229999999981374 ], [ 266527.674999999988358, 543296.723 ], [ 266527.869, 543296.12300000002142 ], [ 266528.076, 543295.488000000012107 ], [ 266530.78000000002794, 543287.17000000004191 ], [ 266531.096000000019558, 543286.194999999948777 ], [ 266531.400000000023283, 543285.26 ], [ 266717.740999999979977, 543356.689000000013039 ], [ 266719.963999999978114, 543357.540999999968335 ], [ 266728.179, 543360.689999999944121 ], [ 266731.115999999979977, 543356.398999999975786 ], [ 266731.261, 543356.187999999965541 ], [ 266733.06, 543353.560000000055879 ], [ 266799.03000000002794, 543257.170999999972992 ], [ 266802.849999999976717, 543251.589999999967404 ], [ 266829.3883, 543212.81519999995362 ], [ 266795.10999999998603, 543197.0 ], [ 266800.37699999997858, 543179.881999999983236 ], [ 266804.227000000013504, 543166.429 ], [ 266806.28000000002794, 543158.868000000016764 ], [ 266811.61099999997532, 543137.701 ], [ 266814.0, 543127.339000000036322 ], [ 266824.224999999976717, 543054.704000000027008 ], [ 266828.585000000020955, 543026.883000000030734 ], [ 266721.427000000025146, 543185.042999999946915 ], [ 266690.23499999998603, 543163.61199999996461 ], [ 266490.397999999986496, 543070.09499999997206 ], [ 266385.276000000012573, 543223.893999999971129 ], [ 266383.291000000026543, 543223.13800000003539 ], [ 266314.99900000001071, 543197.14000000001397 ], [ 266308.463999999978114, 543194.476999999955297 ], [ 266302.052000000025146, 543191.863999999943189 ], [ 266301.621999999973923, 543191.687000000034459 ], [ 266296.090000000025611, 543189.559 ], [ 266190.178000000014435, 543148.805000000051223 ], [ 266185.833999999973457, 543147.133999999961816 ], [ 266178.596000000019558, 543144.52800000004936 ], [ 266089.490999999979977, 543110.469000000040978 ], [ 266082.565, 543107.851000000024214 ], [ 265914.261999999987893, 543042.712000000057742 ], [ 265910.592, 543048.091999999945983 ], [ 265887.612000000022817, 543036.657 ], [ 265912.517999999981839, 543000.0 ], [ 266000.0, 542871.241999999969266 ], [ 266067.697999999974854, 542771.601999999955297 ], [ 266032.082999999984168, 542745.593 ], [ 266023.053000000014435, 542739.182000000029802 ], [ 266006.427000000025146, 542727.449000000022352 ], [ 266000.0, 542722.913999999989755 ], [ 265947.657, 542685.976999999955297 ], [ 265942.821999999985565, 542682.136000000056811 ], [ 265760.12, 542952.511999999987893 ], [ 265743.918, 542941.73699999996461 ], [ 265763.055, 542913.886999999987893 ], [ 265754.900000000023283, 542908.616000000038184 ], [ 265726.885, 542890.511000000056811 ], [ 265734.303000000014435, 542879.714999999967404 ], [ 265687.821999999985565, 542848.456 ], [ 265667.244, 542878.741000000038184 ], [ 265660.53000000002794, 542874.307000000029802 ], [ 265616.571, 542845.278999999980442 ], [ 265565.03000000002794, 542811.243999999947846 ], [ 265550.822999999974854, 542801.221000000019558 ], [ 265495.722, 542764.729999999981374 ], [ 265476.322999999974854, 542751.87699999997858 ], [ 265462.590000000025611, 542742.71999999997206 ], [ 265401.968999999982771, 542702.297000000020489 ], [ 265507.278, 542548.576 ], [ 265454.607000000018161, 542512.549 ], [ 265377.522, 542624.942000000039116 ], [ 265378.305, 542625.50199999997858 ], [ 265350.455000000016298, 542666.270999999949709 ], [ 265349.832, 542665.809 ], [ 265338.615999999979977, 542658.108 ], [ 265322.330000000016298, 542646.224000000045635 ], [ 265284.650000000023283, 542620.493000000016764 ], [ 265240.180999999982305, 542590.126000000047497 ], [ 265230.982000000018161, 542583.819000000017695 ], [ 265226.98599999997532, 542581.07999999995809 ], [ 265188.134000000020023, 542554.50199999997858 ], [ 265173.99800000002142, 542544.385 ], [ 265162.447999999974854, 542536.523999999975786 ], [ 265160.941, 542535.160999999963678 ], [ 265159.443000000028405, 542533.386999999987893 ], [ 265158.856000000028871, 542532.657 ], [ 265157.606000000028871, 542531.104000000050291 ], [ 265138.724999999976717, 542517.917999999946915 ], [ 265132.193000000028405, 542513.285000000032596 ], [ 265118.739, 542503.743999999947846 ], [ 265116.281000000017229, 542502.023000000044703 ], [ 265115.462, 542501.449999999953434 ], [ 265114.642999999981839, 542500.876000000047497 ], [ 265112.185, 542499.155999999959022 ], [ 265053.201, 542457.858 ], [ 265045.308000000019092, 542452.332999999984168 ], [ 264960.300999999977648, 542393.14000000001397 ], [ 264953.916000000026543, 542388.694000000017695 ], [ 264953.179, 542388.180999999982305 ], [ 264917.158999999985099, 542363.099000000045635 ], [ 264944.408999999985099, 542331.885 ], [ 264959.108, 542314.816 ], [ 264976.495999999984633, 542294.197999999974854 ], [ 264987.63900000002468, 542280.795999999972992 ], [ 265003.64000000001397, 542260.636000000056811 ], [ 265017.071999999985565, 542242.913999999989755 ], [ 265031.48499999998603, 542223.236000000033528 ], [ 265041.867000000027474, 542208.363000000012107 ], [ 265052.40500000002794, 542193.216999999945983 ], [ 265072.87400000001071, 542163.297000000020489 ], [ 265095.201, 542130.930000000051223 ], [ 265096.158, 542129.542000000015832 ], [ 265099.215000000025611, 542125.062999999965541 ], [ 265105.99, 542115.14000000001397 ], [ 265007.534999999974389, 542046.886999999987893 ], [ 264997.398999999975786, 542042.126000000047497 ], [ 264948.168, 542008.979000000050291 ], [ 264934.832, 542000.0 ], [ 264855.055999999982305, 541946.287000000011176 ], [ 264801.058000000019092, 541908.741999999969266 ], [ 264798.038999999989755, 541906.643000000040047 ], [ 264757.571999999985565, 541879.170999999972992 ], [ 264732.712, 541862.941 ], [ 264721.348, 541855.261999999987893 ], [ 264623.229999999981374, 541788.959999999962747 ], [ 264575.647, 541756.805999999982305 ], [ 264562.120999999984633, 541747.706 ], [ 264551.382999999972526, 541740.63800000003539 ], [ 264550.413999999989755, 541740.0 ], [ 264543.467, 541735.386999999987893 ], [ 264539.163999999989755, 541732.550000000046566 ], [ 264534.628000000026077, 541729.599000000045635 ], [ 264527.916000000026543, 541725.341000000014901 ], [ 264522.318000000028405, 541721.981000000028871 ], [ 264519.528999999980442, 541720.185999999986961 ], [ 264514.946, 541717.236000000033528 ], [ 264461.821999999985565, 541682.434 ], [ 264414.847, 541652.73699999996461 ], [ 264405.744, 541646.631999999983236 ], [ 264396.631999999983236, 541640.219000000040978 ], [ 264295.922000000020489, 541566.287000000011176 ], [ 264266.12300000002142, 541544.410999999963678 ], [ 264252.585000000020955, 541537.045999999972992 ], [ 264135.211000000010245, 541457.849999999976717 ], [ 264085.74800000002142, 541423.532 ], [ 264074.191, 541415.797999999951571 ], [ 264073.523999999975786, 541415.351999999955297 ], [ 264072.978, 541414.986000000033528 ], [ 264055.205000000016298, 541403.091999999945983 ], [ 264034.428000000014435, 541389.187000000034459 ], [ 264005.843, 541370.057999999960884 ], [ 264000.0, 541366.148999999975786 ], [ 263886.034999999974389, 541289.883000000030734 ], [ 263872.696, 541280.957000000053085 ], [ 263859.158999999985099, 541271.898000000044703 ], [ 263840.543, 541259.439999999944121 ], [ 263824.73499999998603, 541248.86199999996461 ], [ 263820.882999999972526, 541246.283999999985099 ], [ 263808.995, 541238.202000000048429 ], [ 263793.262999999977183, 541227.51 ], [ 263788.222, 541224.084000000031665 ], [ 263311.381999999983236, 541937.767 ], [ 263808.663, 542280.638999999966472 ], [ 263543.870999999984633, 542713.006000000052154 ], [ 264834.7449, 544110.032 ], [ 264845.218999999982771, 544110.216000000014901 ], [ 264845.297000000020489, 544110.218 ], [ 264865.215000000025611, 544110.569000000017695 ], [ 264865.25099999998929, 544110.569999999948777 ], [ 264885.211000000010245, 544110.920999999972992 ], [ 264885.288, 544110.922999999951571 ], [ 264896.413999999989755, 544111.118999999947846 ], [ 264905.202, 544111.270999999949709 ], [ 264905.419, 544111.275000000023283 ], [ 264925.170999999972992, 544111.618000000016764 ], [ 264925.270000000018626, 544111.62 ], [ 264941.319000000017695, 544111.898000000044703 ], [ 264941.455000000016298, 544111.900999999954365 ], [ 264949.716000000014901, 544112.044 ], [ 264949.928000000014435, 544112.047000000020489 ], [ 264958.635, 544112.197999999974854 ], [ 264958.87, 544112.202999999979511 ], [ 264967.882999999972526, 544112.35999999998603 ], [ 264968.210000000020955, 544112.365 ], [ 264977.903999999980442, 544112.533000000054017 ], [ 264978.337, 544112.540999999968335 ], [ 264979.962, 544112.569000000017695 ], [ 265017.897, 544113.226999999955297 ], [ 265018.135, 544113.231999999959953 ], [ 265045.887999999977183, 544113.712999999988824 ], [ 265046.136, 544113.718 ], [ 265065.76400000002468, 544114.059 ], [ 265065.89000000001397, 544114.060999999986961 ], [ 265085.892999999981839, 544114.408000000054017 ], [ 265086.020000000018626, 544114.410999999963678 ], [ 265105.892999999981839, 544114.756000000052154 ], [ 265106.064000000013039, 544114.758999999961816 ], [ 265125.990999999979977, 544115.104999999981374 ], [ 265126.099999999976717, 544115.106999999959953 ], [ 265146.097, 544115.452999999979511 ], [ 265146.194000000017695, 544115.45499999995809 ], [ 265156.07, 544115.62699999997858 ], [ 265166.148999999975786, 544115.802000000025146 ], [ 265166.205000000016298, 544115.802999999956228 ], [ 265186.387999999977183, 544116.15300000004936 ], [ 265187.055, 544116.163999999989755 ], [ 265200.0, 544116.390999999945052 ], [ 265206.37300000002142, 544116.5 ], [ 265206.424999999988358, 544116.501000000047497 ], [ 265209.733, 544116.559 ], [ 265209.979999999981374, 544116.562999999965541 ], [ 265219.489, 544116.728 ], [ 265221.424, 544116.761000000056811 ], [ 265253.01500000001397, 544117.310000000055879 ], [ 265262.712999999988824, 544117.466999999945983 ], [ 265266.742000000027474, 544117.552999999956228 ], [ 265276.892, 544117.733 ], [ 265280.12599999998929, 544117.790000000037253 ], [ 265287.060999999986961, 544117.912999999942258 ], [ 265306.707999999984168, 544118.261999999987893 ], [ 265307.082, 544118.268000000040047 ], [ 265326.952, 544118.621000000042841 ], [ 265327.039999999979045, 544118.621999999973923 ], [ 265356.933000000019092, 544119.15300000004936 ], [ 265357.022999999986496, 544119.153999999980442 ], [ 265406.957999999984168, 544120.040000000037253 ], [ 265407.022999999986496, 544120.040999999968335 ], [ 265417.379000000015367, 544120.224999999976717 ], [ 265427.414999999979045, 544120.40300000004936 ], [ 265437.24800000002142, 544120.577000000048429 ], [ 265447.450000000011642, 544120.758000000030734 ], [ 265457.496999999973923, 544120.935999999986961 ], [ 265467.544999999983702, 544121.113999999943189 ], [ 265477.588999999978114, 544121.292000000015832 ], [ 265486.740999999979977, 544121.45499999995809 ], [ 265486.995, 544121.459000000031665 ], [ 265496.891, 544121.635 ], [ 265496.978, 544121.636000000056811 ], [ 265506.943000000028405, 544121.812999999965541 ], [ 265527.049, 544122.17000000004191 ], [ 265527.157, 544122.172000000020489 ], [ 265537.955000000016298, 544122.363000000012107 ], [ 265547.753000000026077, 544122.537000000011176 ], [ 265547.88, 544122.538999999989755 ], [ 265558.086000000010245, 544122.71999999997206 ], [ 265567.158, 544122.881000000052154 ], [ 265607.283, 544123.591999999945983 ], [ 265607.87300000002142, 544123.603 ], [ 265627.347, 544123.947999999974854 ], [ 265627.835000000020955, 544123.957000000053085 ], [ 265647.574000000022352, 544124.307000000029802 ], [ 265647.614, 544124.307999999960884 ], [ 265667.324000000022352, 544124.657 ], [ 265667.566999999980908, 544124.662000000011176 ], [ 265687.256999999983236, 544125.011000000056811 ], [ 265687.642999999981839, 544125.018000000040047 ], [ 265707.19, 544125.365 ], [ 265707.865, 544125.37699999997858 ], [ 265727.121999999973923, 544125.718 ], [ 265727.912000000011176, 544125.731999999959953 ], [ 265766.99800000002142, 544126.425000000046566 ], [ 265786.939000000013039, 544126.778999999980442 ], [ 265807.862000000022817, 544126.677000000025146 ], [ 265827.962999999988824, 544126.98699999996461 ], [ 265847.971000000019558, 544127.321 ], [ 265848.218, 544127.326 ], [ 265903.305999999982305, 544128.245 ], [ 265908.128000000026077, 544128.324999999953434 ], [ 265908.268999999971129, 544128.327999999979511 ], [ 265918.163, 544128.493000000016764 ], [ 265918.424999999988358, 544128.49800000002142 ], [ 265928.186999999976251, 544128.660000000032596 ], [ 265928.371999999973923, 544128.663999999989755 ], [ 265948.234, 544128.995 ], [ 265948.371999999973923, 544128.99800000002142 ], [ 265968.272999999986496, 544129.329000000027008 ], [ 265968.478, 544129.332999999984168 ], [ 265988.316999999980908, 544129.663999999989755 ], [ 265988.722, 544129.670999999972992 ], [ 266008.378000000026077, 544129.998999999952503 ], [ 266009.022, 544130.01 ], [ 266017.686999999976251, 544130.153999999980442 ], [ 266026.912000000011176, 544130.307999999960884 ], [ 266027.767, 544130.322999999974854 ], [ 266037.335000000020955, 544130.481999999959953 ], [ 266047.427000000025146, 544130.650999999954365 ], [ 266047.818000000028405, 544130.658000000054017 ], [ 266067.802000000025146, 544130.991000000038184 ], [ 266069.023999999975786, 544131.011999999987893 ], [ 266088.262999999977183, 544131.332000000053085 ], [ 266088.87300000002142, 544131.343 ], [ 266108.62400000001071, 544131.672999999951571 ], [ 266109.275000000023283, 544131.684 ], [ 266128.697999999974854, 544132.008000000030734 ], [ 266128.87400000001071, 544132.011000000056811 ], [ 266148.846000000019558, 544132.344000000040978 ], [ 266149.37599999998929, 544132.353 ], [ 266168.960000000020955, 544132.680000000051223 ], [ 266169.072999999974854, 544132.682000000029802 ], [ 266179.295999999972992, 544132.851999999955297 ], [ 266179.678000000014435, 544132.859000000054948 ], [ 266189.025000000023283, 544133.013999999966472 ], [ 266189.223999999987427, 544133.018000000040047 ], [ 266199.055999999982305, 544133.182000000029802 ], [ 266199.173, 544133.184 ], [ 266209.090000000025611, 544133.349000000045635 ], [ 266209.423, 544133.354999999981374 ], [ 266229.166000000026543, 544133.685000000055879 ], [ 266229.272999999986496, 544133.687000000034459 ], [ 266249.161000000021886, 544134.018000000040047 ], [ 266249.724999999976717, 544134.02800000004936 ], [ 266269.200000000011642, 544134.351999999955297 ], [ 266269.273999999975786, 544134.354000000050291 ], [ 266289.210000000020955, 544134.685999999986961 ], [ 266293.38, 544135.229999999981374 ], [ 266295.039999999979045, 544130.35999999998603 ], [ 266296.51, 544126.040000000037253 ] ] ] ] } },
{ "type": "Feature", "properties": { "buurtcode": "BU01140200", "buurtnaam": "Roswinkel-Centrum", "pc6_codes": "7895AA, 7895AB, 7895AC, 7895AD, 7895AE, 7895AM, 7895AN, 7895AR, 7895AS, 7895AV, 7895TS, 7895TT, 7895TV", "wijkcode": "WK011402", "gemeentecode": "GM0114", "gemeentenaam": "Emmen", "oppervlakteLandInHa": 39, "AantalInwoners_5": 360, "Mannen_6": 175, "Vrouwen_7": 180, "HuishoudensTotaal_29": 155, "GemiddeldeHuishoudensgrootte_33": 2.3, "Woningvoorraad_35": 155, "NieuwbouwWoningen_36": 1, "NietWoningvoorraad_37": 13, "NieuwbouwNietWoningen_38": 0, "GemiddeldeWOZWaardeVanWoningen_39": 252, "PercentageEengezinswoning_40": 97, "PercentageTussenwoningEengezins_41": 10, "PercentageHoekwoningEengezins_42": 14, "PercentageTweeOnderEenKapWoningEe_43": 16, "PercentageVrijstaandeWoningEengezins_44": 57, "PercentageMeergezinswoning_45": 3, "Koopwoningen_47": 76, "HuurwoningenTotaal_48": 24, "InBezitWoningcorporatie_49": 15, "InBezitOverigeVerhuurders_50": 8, "BouwjaarMeerDanTienJaarGeleden_51": 99, "BouwjaarAfgelopenTienJaar_52": 1, "GemiddeldeElektriciteitslevering_53": 3070, "GemiddeldeElektriciteitsteruglevering_54": 1310, "GemiddeldAardgasverbruik_55": 1140, "AardgasvrijeWoningen_57": 5, "Aardgaswoningen_58": 87, "WoningenMetZonnestroom_59": 53, "WoningenHoofdzElektrVerwarmd_60": 12, "k_20PersonenMetHoogsteInkomen_80": 13.2, "k_20HuishoudensMetHoogsteInkomen_85": 13.1, "MediaanVermogenVanParticuliereHuish_86": 121.1, "PersonenautoSTotaal_104": 265, "PersonenautoSBrandstofBenzine_105": 210, "PersonenautoSOverigeBrandstof_106": 60, "PersonenautoSPerHuishouden_107": 1.7, "Omgevingsadressendichtheid_121": 72, "AantalInstallatiesBijWoningen_5": 47, "OpgesteldVermogenVanZonnepanelen_6": 191, "installaties_per_woning": 0.3032258064516129, "vermogen_per_woning": 1.232258064516129, "installaties_per_100_woningen": 30.322580645161288, "vermogen_per_huishouden": 1.232258064516129, "batterijdruk_score": 694.3, "koop_zon_score": 0.4028, "eengezins_zon_score": 0.5141, "betaalkracht_zon_score": 64.183, "overige_brandstof_zon_score": 31.8, "lichte_batterij_kansscore": 0.49086530564960207 }, "geometry": { "type": "MultiPolygon", "coordinates": [ [ [ [ 266766.184, 540204.275000000023283 ], [ 266863.675999999977648, 540266.060000000055879 ], [ 266951.181999999971595, 540119.812000000034459 ], [ 266676.841000000014901, 539943.775999999954365 ], [ 266605.044, 540048.663999999989755 ], [ 266527.993000000016764, 540000.0 ], [ 266320.371999999973923, 539872.287999999942258 ], [ 266222.882999999972526, 540030.775999999954365 ], [ 266011.702999999979511, 539898.106000000028871 ], [ 265947.789999999979045, 539996.202000000048429 ], [ 265777.753000000026077, 539889.45499999995809 ], [ 265742.422000000020489, 539946.214000000036322 ], [ 265910.596000000019558, 540053.290000000037253 ], [ 266144.401000000012573, 540196.457999999984168 ], [ 266044.033, 540350.077000000048429 ], [ 266260.962, 540485.61199999996461 ], [ 266292.810999999986961, 540432.307999999960884 ], [ 266545.50199999997858, 540593.449000000022352 ], [ 266766.184, 540204.275000000023283 ] ] ] ] } },
{ "type": "Feature", "properties": { "buurtcode": "BU01140206", "buurtnaam": "Oude Schuttingskanaal", "pc6_codes": "7895TB, 7895TC, 7895TE, 7895TG, 7895TH, 7895TW", "wijkcode": "WK011402", "gemeentecode": "GM0114", "gemeentenaam": "Emmen", "oppervlakteLandInHa": 95, "AantalInwoners_5": 110, "Mannen_6": 55, "Vrouwen_7": 55, "HuishoudensTotaal_29": 45, "GemiddeldeHuishoudensgrootte_33": 2.4, "Woningvoorraad_35": 44, "NieuwbouwWoningen_36": 0, "NietWoningvoorraad_37": 2, "NieuwbouwNietWoningen_38": 0, "GemiddeldeWOZWaardeVanWoningen_39": 314, "PercentageEengezinswoning_40": 95, "PercentageTussenwoningEengezins_41": 0, "PercentageHoekwoningEengezins_42": 0, "PercentageTweeOnderEenKapWoningEe_43": 5, "PercentageVrijstaandeWoningEengezins_44": 91, "PercentageMeergezinswoning_45": 5, "Koopwoningen_47": 95, "HuurwoningenTotaal_48": 5, "InBezitWoningcorporatie_49": 0, "InBezitOverigeVerhuurders_50": 5, "BouwjaarMeerDanTienJaarGeleden_51": 95, "BouwjaarAfgelopenTienJaar_52": 5, "GemiddeldeElektriciteitslevering_53": 3640, "GemiddeldeElektriciteitsteruglevering_54": 1540, "GemiddeldAardgasverbruik_55": 1140, "AardgasvrijeWoningen_57": null, "Aardgaswoningen_58": null, "WoningenMetZonnestroom_59": null, "WoningenHoofdzElektrVerwarmd_60": null, "k_20PersonenMetHoogsteInkomen_80": null, "k_20HuishoudensMetHoogsteInkomen_85": null, "MediaanVermogenVanParticuliereHuish_86": null, "PersonenautoSTotaal_104": 80, "PersonenautoSBrandstofBenzine_105": 65, "PersonenautoSOverigeBrandstof_106": 15, "PersonenautoSPerHuishouden_107": null, "Omgevingsadressendichtheid_121": 18, "AantalInstallatiesBijWoningen_5": 16, "OpgesteldVermogenVanZonnepanelen_6": 87, "installaties_per_woning": 0.36363636363636365, "vermogen_per_woning": 1.9772727272727273, "installaties_per_100_woningen": 36.363636363636367, "vermogen_per_huishouden": 1.9333333333333333, "batterijdruk_score": null, "koop_zon_score": null, "eengezins_zon_score": null, "betaalkracht_zon_score": null, "overige_brandstof_zon_score": null, "lichte_batterij_kansscore": null }, "geometry": { "type": "MultiPolygon", "coordinates": [ [ [ [ 264457.554, 541329.503999999957159 ], [ 264681.503000000026077, 541481.435000000055879 ], [ 264830.271, 541262.148000000044703 ], [ 264471.38900000002468, 541035.435000000055879 ], [ 265868.608, 538755.226000000024214 ], [ 265939.059, 538430.23699999996461 ], [ 265886.744, 538421.5 ], [ 265836.26400000002468, 538412.964000000036322 ], [ 265824.93, 538418.432000000029802 ], [ 265704.659999999974389, 538412.204000000027008 ], [ 265695.566, 538587.841000000014901 ], [ 264036.636999999987893, 541295.150000000023283 ], [ 264117.580000000016298, 541348.459999999962747 ], [ 264073.523999999975786, 541415.351999999955297 ], [ 264074.191, 541415.797999999951571 ], [ 264085.74800000002142, 541423.532 ], [ 264135.211000000010245, 541457.849999999976717 ], [ 264252.585000000020955, 541537.045999999972992 ], [ 264266.12300000002142, 541544.410999999963678 ], [ 264295.922000000020489, 541566.287000000011176 ], [ 264457.554, 541329.503999999957159 ] ] ] ] } },
{ "type": "Feature", "properties": { "buurtcode": "BU01140208", "buurtnaam": "Roswinkelerstraat", "pc6_codes": "7895AL, 7895AM, 7895AN, 7895AP, 7895AR, 7895AS, 7895AT", "wijkcode": "WK011402", "gemeentecode": "GM0114", "gemeentenaam": "Emmen", "oppervlakteLandInHa": 53, "AantalInwoners_5": 205, "Mannen_6": 105, "Vrouwen_7": 100, "HuishoudensTotaal_29": 85, "GemiddeldeHuishoudensgrootte_33": 2.5, "Woningvoorraad_35": 86, "NieuwbouwWoningen_36": 0, "NietWoningvoorraad_37": 4, "NieuwbouwNietWoningen_38": 0, "GemiddeldeWOZWaardeVanWoningen_39": 330, "PercentageEengezinswoning_40": 98, "PercentageTussenwoningEengezins_41": 0, "PercentageHoekwoningEengezins_42": 0, "PercentageTweeOnderEenKapWoningEe_43": 12, "PercentageVrijstaandeWoningEengezins_44": 86, "PercentageMeergezinswoning_45": 2, "Koopwoningen_47": 94, "HuurwoningenTotaal_48": 6, "InBezitWoningcorporatie_49": 0, "InBezitOverigeVerhuurders_50": 6, "BouwjaarMeerDanTienJaarGeleden_51": 97, "BouwjaarAfgelopenTienJaar_52": 3, "GemiddeldeElektriciteitslevering_53": 4200, "GemiddeldeElektriciteitsteruglevering_54": 1760, "GemiddeldAardgasverbruik_55": 1410, "AardgasvrijeWoningen_57": null, "Aardgaswoningen_58": null, "WoningenMetZonnestroom_59": null, "WoningenHoofdzElektrVerwarmd_60": null, "k_20PersonenMetHoogsteInkomen_80": 19.3, "k_20HuishoudensMetHoogsteInkomen_85": null, "MediaanVermogenVanParticuliereHuish_86": null, "PersonenautoSTotaal_104": 140, "PersonenautoSBrandstofBenzine_105": 100, "PersonenautoSOverigeBrandstof_106": 40, "PersonenautoSPerHuishouden_107": 1.7, "Omgevingsadressendichtheid_121": 55, "AantalInstallatiesBijWoningen_5": 22, "OpgesteldVermogenVanZonnepanelen_6": 127, "installaties_per_woning": 0.2558139534883721, "vermogen_per_woning": 1.4767441860465116, "installaties_per_100_woningen": 25.581395348837212, "vermogen_per_huishouden": 1.4941176470588236, "batterijdruk_score": null, "koop_zon_score": null, "eengezins_zon_score": null, "betaalkracht_zon_score": null, "overige_brandstof_zon_score": null, "lichte_batterij_kansscore": null }, "geometry": { "type": "MultiPolygon", "coordinates": [ [ [ [ 266858.081, 539292.381999999983236 ], [ 266856.450000000011642, 539291.348 ], [ 266849.711000000010245, 539299.741999999969266 ], [ 266721.185999999986961, 539220.684 ], [ 266320.371999999973923, 539872.287999999942258 ], [ 266527.993000000016764, 540000.0 ], [ 266923.093999999982771, 539352.115 ], [ 266932.411000000021886, 539339.441 ], [ 266899.125, 539318.368999999947846 ], [ 266858.081, 539292.381999999983236 ] ] ], [ [ [ 266044.033, 540350.077000000048429 ], [ 265772.533999999985099, 540765.623999999952503 ], [ 265619.772, 541066.408000000054017 ], [ 265512.849999999976717, 541454.807999999960884 ], [ 265740.036000000021886, 541603.152 ], [ 265853.686999999976251, 541429.09699999995064 ], [ 265813.674999999988358, 541403.59699999995064 ], [ 265955.153, 541000.0 ], [ 266260.962, 540485.61199999996461 ], [ 266044.033, 540350.077000000048429 ] ] ] ] } },
{ "type": "Feature", "properties": { "buurtcode": "BU01140209", "buurtnaam": "Verspreide huizen Roswinkel", "pc6_codes": "7895AL, 7895AT, 7895AV, 7895TD, 7895TE, 7895TJ, 7895TK, 7895TL, 7895TM, 7895TP, 7895TR, 7895TV, 7895TW, 7895TX, 7895TZ", "wijkcode": "WK011402", "gemeentecode": "GM0114", "gemeentenaam": "Emmen", "oppervlakteLandInHa": 1836, "AantalInwoners_5": 190, "Mannen_6": 95, "Vrouwen_7": 100, "HuishoudensTotaal_29": 80, "GemiddeldeHuishoudensgrootte_33": 2.4, "Woningvoorraad_35": 80, "NieuwbouwWoningen_36": 0, "NietWoningvoorraad_37": 13, "NieuwbouwNietWoningen_38": 0, "GemiddeldeWOZWaardeVanWoningen_39": 362, "PercentageEengezinswoning_40": 98, "PercentageTussenwoningEengezins_41": 0, "PercentageHoekwoningEengezins_42": 0, "PercentageTweeOnderEenKapWoningEe_43": 5, "PercentageVrijstaandeWoningEengezins_44": 93, "PercentageMeergezinswoning_45": 3, "Koopwoningen_47": 90, "HuurwoningenTotaal_48": 10, "InBezitWoningcorporatie_49": 5, "InBezitOverigeVerhuurders_50": 5, "BouwjaarMeerDanTienJaarGeleden_51": 98, "BouwjaarAfgelopenTienJaar_52": 3, "GemiddeldeElektriciteitslevering_53": 3710, "GemiddeldeElektriciteitsteruglevering_54": 1970, "GemiddeldAardgasverbruik_55": 1090, "AardgasvrijeWoningen_57": null, "Aardgaswoningen_58": null, "WoningenMetZonnestroom_59": null, "WoningenHoofdzElektrVerwarmd_60": null, "k_20PersonenMetHoogsteInkomen_80": 17.3, "k_20HuishoudensMetHoogsteInkomen_85": null, "MediaanVermogenVanParticuliereHuish_86": null, "PersonenautoSTotaal_104": 75, "PersonenautoSBrandstofBenzine_105": 55, "PersonenautoSOverigeBrandstof_106": 20, "PersonenautoSPerHuishouden_107": 0.9, "Omgevingsadressendichtheid_121": 30, "AantalInstallatiesBijWoningen_5": 27, "OpgesteldVermogenVanZonnepanelen_6": 156, "installaties_per_woning": 0.3375, "vermogen_per_woning": 1.95, "installaties_per_100_woningen": 33.75, "vermogen_per_huishouden": 1.95, "batterijdruk_score": null, "koop_zon_score": null, "eengezins_zon_score": null, "betaalkracht_zon_score": null, "overige_brandstof_zon_score": null, "lichte_batterij_kansscore": null }, "geometry": { "type": "MultiPolygon", "coordinates": [ [ [ [ 265695.566, 538587.841000000014901 ], [ 265704.659999999974389, 538412.204000000027008 ], [ 265824.93, 538418.432000000029802 ], [ 265825.460000000020955, 538396.946 ], [ 265829.678000000014435, 538305.77800000004936 ], [ 265829.566999999980908, 538298.091000000014901 ], [ 265828.49900000001071, 538290.462999999988824 ], [ 265826.086000000010245, 538282.050000000046566 ], [ 265822.487000000022817, 538273.82999999995809 ], [ 265818.558000000019092, 538267.393000000040047 ], [ 265783.800999999977648, 538220.503999999957159 ], [ 265781.150000000023283, 538216.927000000025146 ], [ 265776.00199999997858, 538210.973 ], [ 265771.572999999974854, 538206.01500000001397 ], [ 265767.023999999975786, 538201.77800000004936 ], [ 265763.09499999997206, 538198.599999999976717 ], [ 265760.51400000002468, 538197.005 ], [ 265758.829000000027008, 538196.479000000050291 ], [ 265757.071999999985565, 538196.28000000002794 ], [ 265755.129000000015367, 538196.457999999984168 ], [ 265748.174999999988358, 538192.5 ], [ 265741.064000000013039, 538189.147 ], [ 265739.669999999983702, 538188.49 ], [ 265729.958999999973457, 538184.667999999946915 ], [ 265719.799, 538181.665000000037253 ], [ 265705.119, 538177.88 ], [ 265679.075000000011642, 538173.26500000001397 ], [ 265651.12300000002142, 538167.822000000043772 ], [ 265558.87400000001071, 538150.601999999955297 ], [ 265553.24, 538149.550000000046566 ], [ 265474.365, 538135.618000000016764 ], [ 265470.170999999972992, 538134.952000000048429 ], [ 265466.829000000027008, 538134.326 ], [ 265463.868000000016764, 538133.76 ], [ 265460.288, 538145.966000000014901 ], [ 265450.006999999983236, 538200.0 ], [ 265445.517, 538223.599999999976717 ], [ 265444.142, 538227.437000000034459 ], [ 265442.091000000014901, 538230.802999999956228 ], [ 265439.417000000015832, 538233.402 ], [ 265436.835000000020955, 538235.197000000043772 ], [ 265436.134000000020023, 538235.691 ], [ 265432.650000000023283, 538237.180999999982305 ], [ 265428.744, 538238.060000000055879 ], [ 265424.38900000002468, 538238.287000000011176 ], [ 265343.556999999971595, 538224.897 ], [ 265332.857000000018161, 538222.866999999969266 ], [ 265319.427000000025146, 538220.596000000019558 ], [ 265297.960000000020955, 538216.964999999967404 ], [ 265211.696999999985565, 538202.37699999997858 ], [ 265055.244, 538175.917999999946915 ], [ 265043.794, 538174.422999999951571 ], [ 264753.03000000002794, 538124.310999999986961 ], [ 264739.51500000001397, 538121.932999999960884 ], [ 264460.544, 538073.116000000038184 ], [ 264458.204000000027008, 538072.707000000053085 ], [ 264441.843, 538070.660999999963678 ], [ 264441.319000000017695, 538073.616000000038184 ], [ 264302.227000000013504, 538048.875 ], [ 264073.125, 538007.23499999998603 ], [ 264065.804, 538005.903999999980442 ], [ 264066.256, 538002.937000000034459 ], [ 264057.663, 538001.375 ], [ 264050.197999999974854, 538000.0 ], [ 264000.0, 537990.753999999957159 ], [ 263775.62, 537949.427000000025146 ], [ 263771.071999999985565, 537948.589000000036322 ], [ 263553.744, 537907.851000000024214 ], [ 263539.28000000002794, 537904.650000000023283 ], [ 263443.205000000016298, 537887.033000000054017 ], [ 263364.13, 537872.084999999962747 ], [ 263271.403, 537854.574999999953434 ], [ 263256.441, 537850.910000000032596 ], [ 262892.298, 537783.15500000002794 ], [ 262885.713999999978114, 537799.196 ], [ 262882.131, 537807.927000000025146 ], [ 262882.108, 537807.981999999959953 ], [ 262881.180999999982305, 537810.24 ], [ 262880.587999999988824, 537811.685999999986961 ], [ 262855.511999999987893, 537872.782 ], [ 262854.903999999980442, 537874.270000000018626 ], [ 262851.576, 537882.412999999942258 ], [ 262841.762999999977183, 537905.812999999965541 ], [ 262824.034999999974389, 537948.086000000010245 ], [ 262820.843, 537956.615 ], [ 262802.996999999973923, 538000.0 ], [ 262771.444000000017695, 538076.711000000010245 ], [ 262770.318000000028405, 538079.613999999943189 ], [ 262769.973999999987427, 538080.501000000047497 ], [ 262769.669, 538081.287000000011176 ], [ 262768.278999999980442, 538084.873999999952503 ], [ 262738.349999999976717, 538157.152 ], [ 262734.967, 538155.435999999986961 ], [ 262717.606000000028871, 538198.415999999968335 ], [ 262704.037000000011176, 538231.238000000012107 ], [ 262703.12599999998929, 538233.366000000038184 ], [ 262700.200000000011642, 538240.349000000045635 ], [ 262698.950000000011642, 538243.332000000053085 ], [ 262698.457999999984168, 538244.506999999983236 ], [ 262697.826, 538245.846000000019558 ], [ 262689.471000000019558, 538266.557000000029802 ], [ 262682.987000000022817, 538283.170999999972992 ], [ 262677.696, 538295.121999999973923 ], [ 262675.367000000027474, 538301.194999999948777 ], [ 262674.428000000014435, 538303.402 ], [ 262663.032, 538331.523999999975786 ], [ 262660.413999999989755, 538337.407 ], [ 262658.577, 538341.932000000029802 ], [ 262658.311999999976251, 538342.584999999962747 ], [ 262656.693000000028405, 538345.890999999945052 ], [ 262649.689000000013039, 538361.968 ], [ 262642.358, 538380.103 ], [ 262640.768999999971129, 538384.680000000051223 ], [ 262637.104, 538394.488999999943189 ], [ 262636.167000000015832, 538396.589999999967404 ], [ 262628.370999999984633, 538414.108 ], [ 262621.047000000020489, 538433.302000000025146 ], [ 262618.479, 538439.104000000050291 ], [ 262614.268999999971129, 538448.615 ], [ 262602.392999999981839, 538477.307999999960884 ], [ 262599.647, 538484.091000000014901 ], [ 262584.294, 538522.042999999946915 ], [ 262581.055, 538529.768000000040047 ], [ 262578.686999999976251, 538535.417999999946915 ], [ 262577.10999999998603, 538539.334000000031665 ], [ 262564.819000000017695, 538570.165999999968335 ], [ 262548.653, 538607.653999999980442 ], [ 262547.827, 538611.001000000047497 ], [ 262544.420999999972992, 538619.12300000002142 ], [ 262543.518999999971129, 538621.275000000023283 ], [ 262542.608, 538623.40300000004936 ], [ 262503.919, 538715.851999999955297 ], [ 262469.631, 538797.785999999963678 ], [ 262465.460000000020955, 538795.185000000055879 ], [ 262428.017999999981839, 538886.300999999977648 ], [ 262396.049, 538964.096000000019558 ], [ 262366.977000000013504, 539034.844000000040978 ], [ 262363.413999999989755, 539043.513999999966472 ], [ 262359.580000000016298, 539052.844000000040978 ], [ 262359.163999999989755, 539053.856999999959953 ], [ 262358.298, 539055.962999999988824 ], [ 262356.267999999981839, 539060.90300000004936 ], [ 262300.821, 539195.834000000031665 ], [ 262225.096000000019558, 539380.111000000033528 ], [ 262210.791000000026543, 539414.920999999972992 ], [ 262201.0, 539442.0 ], [ 262179.069000000017695, 539492.116000000038184 ], [ 262149.782, 539563.386000000056811 ], [ 262147.278, 539569.479999999981374 ], [ 262092.693999999988591, 539701.393000000040047 ], [ 262054.918, 539794.084000000031665 ], [ 262054.420000000012806, 539795.167000000015832 ], [ 262050.192000000010012, 539804.373999999952503 ], [ 262041.303000000014435, 539823.729000000050291 ], [ 262036.231999999989057, 539834.76500000001397 ], [ 262031.253, 539843.922999999951571 ], [ 262023.475, 539858.229000000050291 ], [ 262019.545000000012806, 539865.175000000046566 ], [ 262016.826, 539869.741999999969266 ], [ 262007.748, 539883.155999999959022 ], [ 262013.054, 539886.674 ], [ 262014.926, 539887.915000000037253 ], [ 262084.275, 539933.890999999945052 ], [ 262098.85999999998603, 539943.560999999986961 ], [ 262100.647999999986496, 539944.746000000042841 ], [ 262183.993000000016764, 540000.0 ], [ 262426.952999999979511, 540161.072000000043772 ], [ 262563.496999999973923, 540251.59499999997206 ], [ 262559.003000000026077, 540258.27800000004936 ], [ 262552.531000000017229, 540267.902 ], [ 262552.163999999989755, 540268.447000000043772 ], [ 262575.516, 540283.723 ], [ 262580.64000000001397, 540287.074999999953434 ], [ 262583.150000000023283, 540288.716000000014901 ], [ 262522.156000000017229, 540379.738000000012107 ], [ 262542.778, 540393.292999999946915 ], [ 262560.544, 540405.22199999995064 ], [ 262596.365999999979977, 540429.00199999997858 ], [ 262596.712999999988824, 540429.233 ], [ 262643.033, 540460.099000000045635 ], [ 262658.928000000014435, 540470.691 ], [ 262676.058000000019092, 540482.106000000028871 ], [ 262680.288999999989755, 540484.925999999977648 ], [ 263529.327999999979511, 541051.90500000002794 ], [ 263589.315, 540961.851000000024214 ], [ 263591.37, 540959.101000000024214 ], [ 263652.386, 541000.0 ], [ 263653.37599999998929, 541000.663999999989755 ], [ 263671.563000000023749, 541012.48699999996461 ], [ 263683.027, 541019.939999999944121 ], [ 263758.707, 541070.243000000016764 ], [ 263699.898999999975786, 541158.28000000002794 ], [ 263699.153999999980442, 541159.393999999971129 ], [ 263698.195, 541160.832000000053085 ], [ 263704.082999999984168, 541166.895999999949709 ], [ 263730.356000000028871, 541184.753000000026077 ], [ 263746.087, 541195.444999999948777 ], [ 263760.958999999973457, 541205.552999999956228 ], [ 263777.541000000026543, 541216.824000000022352 ], [ 263788.222, 541224.084000000031665 ], [ 263793.262999999977183, 541227.51 ], [ 263808.995, 541238.202000000048429 ], [ 263820.882999999972526, 541246.283999999985099 ], [ 263824.73499999998603, 541248.86199999996461 ], [ 263840.543, 541259.439999999944121 ], [ 263859.158999999985099, 541271.898000000044703 ], [ 263872.696, 541280.957000000053085 ], [ 263886.034999999974389, 541289.883000000030734 ], [ 264000.0, 541366.148999999975786 ], [ 264005.843, 541370.057999999960884 ], [ 264034.428000000014435, 541389.187000000034459 ], [ 264055.205000000016298, 541403.091999999945983 ], [ 264072.978, 541414.986000000033528 ], [ 264073.523999999975786, 541415.351999999955297 ], [ 264117.580000000016298, 541348.459999999962747 ], [ 264036.636999999987893, 541295.150000000023283 ], [ 265695.566, 538587.841000000014901 ] ] ], [ [ [ 266490.397999999986496, 543070.09499999997206 ], [ 266690.23499999998603, 543163.61199999996461 ], [ 266721.427000000025146, 543185.042999999946915 ], [ 266828.585000000020955, 543026.883000000030734 ], [ 266824.224999999976717, 543054.704000000027008 ], [ 266814.0, 543127.339000000036322 ], [ 266811.61099999997532, 543137.701 ], [ 266806.28000000002794, 543158.868000000016764 ], [ 266804.227000000013504, 543166.429 ], [ 266800.37699999997858, 543179.881999999983236 ], [ 266795.10999999998603, 543197.0 ], [ 266829.3883, 543212.81519999995362 ], [ 266829.411000000021886, 543212.782 ], [ 266849.946999999985565, 543182.775999999954365 ], [ 267071.37300000002142, 542859.245 ], [ 267073.011999999987893, 542856.849999999976717 ], [ 267074.593, 542854.540000000037253 ], [ 267076.683000000019092, 542851.486000000033528 ], [ 267077.57, 542850.189999999944121 ], [ 267078.71999999997206, 542848.520000000018626 ], [ 267131.28000000002794, 542882.650000000023283 ], [ 267134.450000000011642, 542884.709999999962747 ], [ 267135.016, 542883.831 ], [ 267137.993000000016764, 542879.206 ], [ 267138.988000000012107, 542877.660999999963678 ], [ 267140.61099999997532, 542875.14000000001397 ], [ 267166.197999999974854, 542835.388999999966472 ], [ 267170.207999999984168, 542829.158999999985099 ], [ 267194.32, 542791.699999999953434 ], [ 267317.50199999997858, 542600.202999999979511 ], [ 267334.569000000017695, 542573.670999999972992 ], [ 267335.50099999998929, 542572.22199999995064 ], [ 267361.76, 542531.400000000023283 ], [ 267364.18, 542532.949999999953434 ], [ 267364.591000000014901, 542532.278999999980442 ], [ 267370.886, 542522.01 ], [ 267371.289999999979045, 542521.349999999976717 ], [ 267372.62, 542519.199999999953434 ], [ 267373.28000000002794, 542518.14000000001397 ], [ 267373.696, 542517.461000000010245 ], [ 267384.412000000011176, 542500.0 ], [ 267401.137999999977183, 542472.743000000016764 ], [ 267461.330000000016298, 542374.655999999959022 ], [ 267461.784999999974389, 542373.913999999989755 ], [ 267462.875, 542372.13800000003539 ], [ 267463.006999999983236, 542371.922999999951571 ], [ 267463.354, 542371.356999999959953 ], [ 267463.69, 542370.810000000055879 ], [ 267465.94, 542367.339999999967404 ], [ 267466.586000000010245, 542366.302000000025146 ], [ 267468.170999999972992, 542363.755 ], [ 267493.224999999976717, 542323.49 ], [ 267493.479999999981374, 542323.07999999995809 ], [ 267556.173, 542231.283999999985099 ], [ 267556.340000000025611, 542231.040000000037253 ], [ 267556.522999999986496, 542230.772 ], [ 267562.13, 542222.574000000022352 ], [ 267582.784999999974389, 542192.371000000042841 ], [ 267582.950000000011642, 542192.13 ], [ 267606.978, 542156.927000000025146 ], [ 267640.900000000023283, 542107.21999999997206 ], [ 267667.120999999984633, 542069.305000000051223 ], [ 267676.64000000001397, 542055.540000000037253 ], [ 267677.121999999973923, 542055.011000000056811 ], [ 267695.636, 542034.669 ], [ 267696.308000000019092, 542033.930999999982305 ], [ 267697.087, 542033.074999999953434 ], [ 267697.327, 542032.810999999986961 ], [ 267698.01, 542032.060000000055879 ], [ 267705.278999999980442, 542024.074000000022352 ], [ 267705.552000000025146, 542023.773999999975786 ], [ 267724.770000000018626, 542002.660000000032596 ], [ 267740.732000000018161, 541977.452999999979511 ], [ 267741.267, 541976.608 ], [ 267753.754000000015367, 541956.886999999987893 ], [ 267756.215000000025611, 541953.001000000047497 ], [ 267756.75, 541952.155999999959022 ], [ 267769.48499999998603, 541932.045999999972992 ], [ 267769.590000000025611, 541931.88 ], [ 267769.620999999984633, 541931.831 ], [ 267785.636999999987893, 541906.532 ], [ 267797.974999999976717, 541887.042999999946915 ], [ 267798.18, 541886.71999999997206 ], [ 267828.561999999976251, 541838.741999999969266 ], [ 267828.696999999985565, 541838.528999999980442 ], [ 267828.88, 541838.24 ], [ 267860.950000000011642, 541787.589999999967404 ], [ 267861.12, 541787.319999999948777 ], [ 267862.356000000028871, 541785.36199999996461 ], [ 267862.427000000025146, 541785.25 ], [ 267862.929, 541784.454000000027008 ], [ 267863.31, 541783.849999999976717 ], [ 267863.81, 541783.069999999948777 ], [ 267929.330000000016298, 541825.13 ], [ 267929.94, 541823.790000000037253 ], [ 267930.436999999976251, 541822.685000000055879 ], [ 267948.43, 541782.660000000032596 ], [ 267952.771, 541773.00199999997858 ], [ 267952.830000000016298, 541772.87 ], [ 267967.419999999983702, 541740.46999999997206 ], [ 268056.87, 541797.050000000046566 ], [ 268069.494, 541805.03000000002794 ], [ 268070.76, 541805.82999999995809 ], [ 268072.919999999983702, 541807.197000000043772 ], [ 268076.669999999983702, 541809.569999999948777 ], [ 268076.81, 541809.660000000032596 ], [ 268100.28000000002794, 541766.17000000004191 ], [ 268144.299999999988358, 541684.5 ], [ 268175.229999999981374, 541627.13 ], [ 268204.261, 541573.26500000001397 ], [ 268229.81, 541525.85999999998603 ], [ 268232.901000000012573, 541520.125 ], [ 268289.761, 541414.628999999957159 ], [ 268295.335000000020955, 541404.287000000011176 ], [ 268296.659999999974389, 541401.82999999995809 ], [ 268297.57, 541400.839000000036322 ], [ 268297.884000000020023, 541400.49800000002142 ], [ 268303.53000000002794, 541394.349999999976717 ], [ 268310.080000000016298, 541389.790000000037253 ], [ 268315.49, 541386.939999999944121 ], [ 268323.460000000020955, 541383.87 ], [ 268332.07, 541382.099999999976717 ], [ 268340.330000000016298, 541381.910000000032596 ], [ 268343.266, 541382.145999999949709 ], [ 268350.14000000001397, 541382.699999999953434 ], [ 268359.150000000023283, 541384.520000000018626 ], [ 268366.349999999976717, 541387.99 ], [ 268468.849999999976717, 541453.209999999962747 ], [ 268558.968, 541510.72199999995064 ], [ 268576.75, 541522.069999999948777 ], [ 268628.988000000012107, 541555.314000000013039 ], [ 268669.789999999979045, 541581.28000000002794 ], [ 268686.599999999976717, 541592.310000000055879 ], [ 268702.210000000020955, 541605.10999999998603 ], [ 268707.427000000025146, 541609.628999999957159 ], [ 268718.659999999974389, 541619.35999999998603 ], [ 268731.729999999981374, 541628.60999999998603 ], [ 268752.60999999998603, 541639.76 ], [ 268765.86099999997532, 541644.417000000015832 ], [ 268766.017999999981839, 541644.47199999995064 ], [ 268770.604999999981374, 541646.084000000031665 ], [ 268771.049999999988358, 541646.24 ], [ 268771.256, 541646.253000000026077 ], [ 268776.036000000021886, 541646.544100000057369 ], [ 268777.60999999998603, 541646.64000000001397 ], [ 268778.534999999974389, 541644.609000000054948 ], [ 268780.778999999980442, 541639.682000000029802 ], [ 268782.023999999975786, 541631.268999999971129 ], [ 268785.004000000015367, 541589.324000000022352 ], [ 268787.587, 541551.912000000011176 ], [ 268788.867000000027474, 541527.125 ], [ 268788.531000000017229, 541519.023999999975786 ], [ 268787.033999999985099, 541511.207999999984168 ], [ 268784.777, 541503.888999999966472 ], [ 268781.934, 541497.081 ], [ 268759.631, 541464.47199999995064 ], [ 268743.974999999976717, 541441.552000000025146 ], [ 268699.343, 541376.209999999962747 ], [ 268674.200000000011642, 541339.368000000016764 ], [ 268634.369, 541281.003000000026077 ], [ 268577.75099999998929, 541198.38 ], [ 268542.581, 541147.003999999957159 ], [ 268525.792000000015832, 541122.479000000050291 ], [ 268521.016, 541115.50199999997858 ], [ 268518.238000000012107, 541109.473 ], [ 268516.179, 541104.01500000001397 ], [ 268515.281000000017229, 541098.253000000026077 ], [ 268514.468, 541032.662000000011176 ], [ 268513.237000000022817, 540937.125 ], [ 268511.783, 540839.892 ], [ 268511.007999999972526, 540784.199999999953434 ], [ 268510.329000000027008, 540734.932000000029802 ], [ 268509.775000000023283, 540694.707999999984168 ], [ 268509.716000000014901, 540691.334999999962747 ], [ 268509.416000000026543, 540674.040000000037253 ], [ 268509.288, 540666.662000000011176 ], [ 268509.24800000002142, 540664.133999999961816 ], [ 268507.15500000002794, 540531.810000000055879 ], [ 268507.034999999974389, 540524.204000000027008 ], [ 268506.939000000013039, 540518.12699999997858 ], [ 268505.400000000023283, 540506.924 ], [ 268490.805999999982305, 540445.680000000051223 ], [ 268492.14000000001397, 540444.719000000040978 ], [ 268493.533, 540443.714999999967404 ], [ 268494.305, 540443.158000000054017 ], [ 268494.394900000013877, 540443.092799999983981 ], [ 268474.723, 540362.045999999972992 ], [ 268473.957999999984168, 540358.954000000027008 ], [ 268456.603, 540288.783000000054017 ], [ 268455.778, 540285.447000000043772 ], [ 268455.723999999987427, 540285.337999999988824 ], [ 268453.691, 540281.199000000022352 ], [ 268453.226000000024214, 540280.25199999997858 ], [ 268452.131, 540279.035999999963678 ], [ 268449.767, 540276.410999999963678 ], [ 268449.585000000020955, 540276.268999999971129 ], [ 268447.194000000017695, 540274.398999999975786 ], [ 268445.522, 540273.091999999945983 ], [ 268441.935999999986961, 540270.674 ], [ 268425.454000000027008, 540261.386000000056811 ], [ 268419.375, 540257.962999999988824 ], [ 268418.601000000024214, 540257.488999999943189 ], [ 268407.178000000014435, 540250.49800000002142 ], [ 268406.965000000025611, 540250.368000000016764 ], [ 268401.418, 540246.97199999995064 ], [ 268400.028999999980442, 540246.121999999973923 ], [ 268399.283999999985099, 540245.665999999968335 ], [ 268398.857000000018161, 540245.403999999980442 ], [ 268304.087, 540187.400000000023283 ], [ 268241.121999999973923, 540149.441 ], [ 268223.757999999972526, 540138.702000000048429 ], [ 268188.833999999973457, 540117.919 ], [ 268180.599999999976717, 540113.018999999971129 ], [ 268178.476000000024214, 540111.755 ], [ 268173.256999999983236, 540108.648999999975786 ], [ 268170.049, 540106.59699999995064 ], [ 268162.527, 540101.824000000022352 ], [ 268159.507999999972526, 540099.903999999980442 ], [ 268143.821, 540089.927000000025146 ], [ 268024.76500000001397, 540018.395999999949709 ], [ 268015.568000000028405, 540012.75 ], [ 268001.553000000014435, 540004.287000000011176 ], [ 268000.0, 540003.348 ], [ 267994.465000000025611, 540000.0 ], [ 267939.976000000024214, 539967.045999999972992 ], [ 267850.668, 539912.876000000047497 ], [ 267841.847, 539907.562000000034459 ], [ 267748.216000000014901, 539851.15300000004936 ], [ 267746.810999999986961, 539850.319000000017695 ], [ 267683.645000000018626, 539812.846000000019558 ], [ 267674.490999999979977, 539807.332999999984168 ], [ 267670.053000000014435, 539804.660000000032596 ], [ 267566.504000000015367, 539742.491999999969266 ], [ 267467.631, 539682.300999999977648 ], [ 267358.533999999985099, 539616.243999999947846 ], [ 267355.472, 539614.373999999952503 ], [ 267353.69, 539613.285999999963678 ], [ 267347.23499999998603, 539609.343 ], [ 267173.681999999971595, 539504.172999999951571 ], [ 267170.648999999975786, 539502.331 ], [ 267170.536000000021886, 539502.26300000003539 ], [ 267170.270000000018626, 539502.103 ], [ 267162.669, 539497.488999999943189 ], [ 267162.407, 539497.32999999995809 ], [ 267162.159999999974389, 539497.180000000051223 ], [ 267161.930999999982305, 539497.040999999968335 ], [ 267160.98499999998603, 539496.468 ], [ 267159.854, 539495.782 ], [ 267137.34499999997206, 539482.216000000014901 ], [ 267005.489, 539402.10999999998603 ], [ 266923.093999999982771, 539352.115 ], [ 266527.993000000016764, 540000.0 ], [ 266605.044, 540048.663999999989755 ], [ 266676.841000000014901, 539943.775999999954365 ], [ 266951.181999999971595, 540119.812000000034459 ], [ 266863.675999999977648, 540266.060000000055879 ], [ 266766.184, 540204.275000000023283 ], [ 266545.50199999997858, 540593.449000000022352 ], [ 266292.810999999986961, 540432.307999999960884 ], [ 266260.962, 540485.61199999996461 ], [ 265955.153, 541000.0 ], [ 265813.674999999988358, 541403.59699999995064 ], [ 265853.686999999976251, 541429.09699999995064 ], [ 265740.036000000021886, 541603.152 ], [ 265512.849999999976717, 541454.807999999960884 ], [ 265619.772, 541066.408000000054017 ], [ 265772.533999999985099, 540765.623999999952503 ], [ 266044.033, 540350.077000000048429 ], [ 266144.401000000012573, 540196.457999999984168 ], [ 265910.596000000019558, 540053.290000000037253 ], [ 265742.422000000020489, 539946.214000000036322 ], [ 265777.753000000026077, 539889.45499999995809 ], [ 265947.789999999979045, 539996.202000000048429 ], [ 266011.702999999979511, 539898.106000000028871 ], [ 266222.882999999972526, 540030.775999999954365 ], [ 266320.371999999973923, 539872.287999999942258 ], [ 266721.185999999986961, 539220.684 ], [ 266849.711000000010245, 539299.741999999969266 ], [ 266856.450000000011642, 539291.348 ], [ 266859.733, 539287.258999999961816 ], [ 266863.767999999981839, 539282.441 ], [ 266868.381, 539277.155999999959022 ], [ 266891.036000000021886, 539251.623999999952503 ], [ 266916.038999999989755, 539223.658000000054017 ], [ 266899.38900000002468, 539203.915999999968335 ], [ 266882.056999999971595, 539189.049 ], [ 266878.071, 539185.912999999942258 ], [ 266869.798, 539178.447999999974854 ], [ 266864.909999999974389, 539174.454000000027008 ], [ 266857.917000000015832, 539169.594000000040978 ], [ 266855.830000000016298, 539168.32999999995809 ], [ 266851.96999999997206, 539166.319000000017695 ], [ 266847.717, 539164.446 ], [ 266841.637999999977183, 539162.468 ], [ 266832.960000000020955, 539160.853 ], [ 266829.278, 539160.572000000043772 ], [ 266826.108, 539160.51500000001397 ], [ 266819.945, 539160.881000000052154 ], [ 266817.216000000014901, 539161.246000000042841 ], [ 266812.794, 539162.10999999998603 ], [ 266807.417000000015832, 539163.633999999961816 ], [ 266795.335000000020955, 539168.50199999997858 ], [ 266786.282, 539172.045999999972992 ], [ 266782.188000000023749, 539173.12300000002142 ], [ 266774.770000000018626, 539174.493000000016764 ], [ 266769.460000000020955, 539175.030999999959022 ], [ 266764.862000000022817, 539175.207000000053085 ], [ 266757.782, 539174.952999999979511 ], [ 266751.481000000028871, 539174.28000000002794 ], [ 266747.865, 539173.699000000022352 ], [ 266739.525000000023283, 539171.589000000036322 ], [ 266732.444000000017695, 539168.865 ], [ 266728.226000000024214, 539166.770999999949709 ], [ 266724.202, 539164.413999999989755 ], [ 266717.587, 539157.827000000048429 ], [ 266715.004000000015367, 539151.248999999952503 ], [ 266713.776000000012573, 539148.145999999949709 ], [ 266691.885, 539093.071 ], [ 266691.762999999977183, 539091.145000000018626 ], [ 266683.107000000018161, 539097.790000000037253 ], [ 266679.460000000020955, 539095.569999999948777 ], [ 266678.64000000001397, 539086.937000000034459 ], [ 266676.979999999981374, 539082.062999999965541 ], [ 266674.109, 539078.312000000034459 ], [ 266657.794999999983702, 539066.959000000031665 ], [ 266628.169999999983702, 539048.633000000030734 ], [ 266596.027, 539028.827000000048429 ], [ 266594.289999999979045, 539027.09699999995064 ], [ 266591.038, 539024.165999999968335 ], [ 266585.009000000020023, 539019.941 ], [ 266568.042000000015832, 539008.697999999974854 ], [ 266554.137999999977183, 539000.0 ], [ 266524.847, 538981.677000000025146 ], [ 266520.19, 538978.761999999987893 ], [ 266467.315, 538945.665000000037253 ], [ 266428.104, 538921.121000000042841 ], [ 266365.727000000013504, 538881.790000000037253 ], [ 266364.674, 538881.125 ], [ 266364.245, 538880.854999999981374 ], [ 266329.99900000001071, 538859.261999999987893 ], [ 266316.896, 538850.954000000027008 ], [ 266382.346000000019558, 538744.849999999976717 ], [ 266178.147, 538616.839999999967404 ], [ 266180.117000000027474, 538613.645999999949709 ], [ 266224.783, 538622.603 ], [ 266234.244, 538594.724000000045635 ], [ 266556.299, 538649.060000000055879 ], [ 266557.857000000018161, 538639.822000000043772 ], [ 266575.098, 538537.635 ], [ 266458.517, 538518.15300000004936 ], [ 265999.826, 538440.386000000056811 ], [ 265939.059, 538430.23699999996461 ], [ 265868.608, 538755.226000000024214 ], [ 264471.38900000002468, 541035.435000000055879 ], [ 264830.271, 541262.148000000044703 ], [ 264681.503000000026077, 541481.435000000055879 ], [ 264457.554, 541329.503999999957159 ], [ 264295.922000000020489, 541566.287000000011176 ], [ 264396.631999999983236, 541640.219000000040978 ], [ 264405.744, 541646.631999999983236 ], [ 264414.847, 541652.73699999996461 ], [ 264461.821999999985565, 541682.434 ], [ 264514.946, 541717.236000000033528 ], [ 264519.528999999980442, 541720.185999999986961 ], [ 264522.318000000028405, 541721.981000000028871 ], [ 264527.916000000026543, 541725.341000000014901 ], [ 264534.628000000026077, 541729.599000000045635 ], [ 264539.163999999989755, 541732.550000000046566 ], [ 264543.467, 541735.386999999987893 ], [ 264550.413999999989755, 541740.0 ], [ 264551.382999999972526, 541740.63800000003539 ], [ 264562.120999999984633, 541747.706 ], [ 264575.647, 541756.805999999982305 ], [ 264623.229999999981374, 541788.959999999962747 ], [ 264721.348, 541855.261999999987893 ], [ 264732.712, 541862.941 ], [ 264757.571999999985565, 541879.170999999972992 ], [ 264798.038999999989755, 541906.643000000040047 ], [ 264801.058000000019092, 541908.741999999969266 ], [ 264855.055999999982305, 541946.287000000011176 ], [ 264934.832, 542000.0 ], [ 264948.168, 542008.979000000050291 ], [ 264997.398999999975786, 542042.126000000047497 ], [ 265007.534999999974389, 542046.886999999987893 ], [ 265105.99, 542115.14000000001397 ], [ 265099.215000000025611, 542125.062999999965541 ], [ 265096.158, 542129.542000000015832 ], [ 265095.201, 542130.930000000051223 ], [ 265072.87400000001071, 542163.297000000020489 ], [ 265052.40500000002794, 542193.216999999945983 ], [ 265041.867000000027474, 542208.363000000012107 ], [ 265031.48499999998603, 542223.236000000033528 ], [ 265017.071999999985565, 542242.913999999989755 ], [ 265003.64000000001397, 542260.636000000056811 ], [ 264987.63900000002468, 542280.795999999972992 ], [ 264976.495999999984633, 542294.197999999974854 ], [ 264959.108, 542314.816 ], [ 264944.408999999985099, 542331.885 ], [ 264917.158999999985099, 542363.099000000045635 ], [ 264953.179, 542388.180999999982305 ], [ 264953.916000000026543, 542388.694000000017695 ], [ 264960.300999999977648, 542393.14000000001397 ], [ 265045.308000000019092, 542452.332999999984168 ], [ 265053.201, 542457.858 ], [ 265112.185, 542499.155999999959022 ], [ 265114.642999999981839, 542500.876000000047497 ], [ 265115.462, 542501.449999999953434 ], [ 265116.281000000017229, 542502.023000000044703 ], [ 265118.739, 542503.743999999947846 ], [ 265132.193000000028405, 542513.285000000032596 ], [ 265138.724999999976717, 542517.917999999946915 ], [ 265157.606000000028871, 542531.104000000050291 ], [ 265158.856000000028871, 542532.657 ], [ 265159.443000000028405, 542533.386999999987893 ], [ 265160.941, 542535.160999999963678 ], [ 265162.447999999974854, 542536.523999999975786 ], [ 265173.99800000002142, 542544.385 ], [ 265188.134000000020023, 542554.50199999997858 ], [ 265226.98599999997532, 542581.07999999995809 ], [ 265230.982000000018161, 542583.819000000017695 ], [ 265240.180999999982305, 542590.126000000047497 ], [ 265284.650000000023283, 542620.493000000016764 ], [ 265322.330000000016298, 542646.224000000045635 ], [ 265338.615999999979977, 542658.108 ], [ 265349.832, 542665.809 ], [ 265350.455000000016298, 542666.270999999949709 ], [ 265378.305, 542625.50199999997858 ], [ 265377.522, 542624.942000000039116 ], [ 265454.607000000018161, 542512.549 ], [ 265507.278, 542548.576 ], [ 265401.968999999982771, 542702.297000000020489 ], [ 265462.590000000025611, 542742.71999999997206 ], [ 265476.322999999974854, 542751.87699999997858 ], [ 265495.722, 542764.729999999981374 ], [ 265550.822999999974854, 542801.221000000019558 ], [ 265565.03000000002794, 542811.243999999947846 ], [ 265616.571, 542845.278999999980442 ], [ 265660.53000000002794, 542874.307000000029802 ], [ 265667.244, 542878.741000000038184 ], [ 265687.821999999985565, 542848.456 ], [ 265734.303000000014435, 542879.714999999967404 ], [ 265726.885, 542890.511000000056811 ], [ 265754.900000000023283, 542908.616000000038184 ], [ 265763.055, 542913.886999999987893 ], [ 265743.918, 542941.73699999996461 ], [ 265760.12, 542952.511999999987893 ], [ 265942.821999999985565, 542682.136000000056811 ], [ 265947.657, 542685.976999999955297 ], [ 266000.0, 542722.913999999989755 ], [ 266006.427000000025146, 542727.449000000022352 ], [ 266023.053000000014435, 542739.182000000029802 ], [ 266032.082999999984168, 542745.593 ], [ 266067.697999999974854, 542771.601999999955297 ], [ 266000.0, 542871.241999999969266 ], [ 265912.517999999981839, 543000.0 ], [ 265887.612000000022817, 543036.657 ], [ 265910.592, 543048.091999999945983 ], [ 265914.261999999987893, 543042.712000000057742 ], [ 266082.565, 543107.851000000024214 ], [ 266089.490999999979977, 543110.469000000040978 ], [ 266178.596000000019558, 543144.52800000004936 ], [ 266185.833999999973457, 543147.133999999961816 ], [ 266190.178000000014435, 543148.805000000051223 ], [ 266296.090000000025611, 543189.559 ], [ 266301.621999999973923, 543191.687000000034459 ], [ 266302.052000000025146, 543191.863999999943189 ], [ 266308.463999999978114, 543194.476999999955297 ], [ 266314.99900000001071, 543197.14000000001397 ], [ 266383.291000000026543, 543223.13800000003539 ], [ 266385.276000000012573, 543223.893999999971129 ], [ 266490.397999999986496, 543070.09499999997206 ] ] ] ] } },
{ "type": "Feature", "properties": { "buurtcode": "BU01140300", "buurtnaam": "Emmer-Compascuum-Centrum", "pc6_codes": "7881AA, 7881AB, 7881AC, 7881AD, 7881AE, 7881AG, 7881AH, 7881AJ, 7881AK, 7881AL, 7881AM, 7881AN, 7881AP, 7881AR, 7881AS, 7881AT, 7881AV, 7881AW, 7881AX, 7881BA, 7881BC, 7881BD, 7881BG, 7881BH, 7881BJ, 7881BK, 7881BL, 7881BM, 7881BN, 7881BP, 7881BR, 7881BS, 7881BT, 7881BV, 7881BW, 7881BX, 7881BZ, 7881CA, 7881CB, 7881CC, 7881CD, 7881CG, 7881CH, 7881CJ, 7881CK, 7881CL, 7881CM, 7881CN, 7881CP, 7881CR, 7881CS, 7881CT, 7881DB, 7881DC, 7881DD, 7881DE, 7881DG, 7881DH, 7881DJ, 7881DK, 7881EA, 7881EB, 7881EC, 7881ED, 7881EE, 7881EG, 7881EH, 7881EJ, 7881EK, 7881EL, 7881EM, 7881EN, 7881EP, 7881ER, 7881ES, 7881ET, 7881EV, 7881EW, 7881EX, 7881EZ, 7881GA, 7881GB, 7881GC, 7881GD, 7881GE, 7881GG, 7881GH, 7881GJ, 7881GK, 7881GL, 7881GM, 7881GN, 7881GP, 7881GR, 7881GS, 7881HA, 7881HB, 7881HC, 7881HD, 7881HE, 7881HG, 7881HJ, 7881HK, 7881HN, 7881HP, 7881HR, 7881HS, 7881HT, 7881HV, 7881HW, 7881HX, 7881HZ, 7881JA, 7881JB, 7881JC, 7881JG, 7881JH, 7881JJ, 7881JK, 7881JL, 7881LE, 7881LG, 7881LH, 7881LJ, 7881LW, 7881LZ, 7881MC, 7881MD, 7881MN, 7881MP, 7881NT, 7881NV, 7881PN, 7881PP, 7881PS, 7881PT, 7881PV, 7881PW, 7881PX, 7881PZ, 7881RA, 7881RB, 7881RC, 7881RD, 7881RE, 7881RG, 7881RH, 7881RJ, 7881RK, 7881RL, 7881RM, 7881RN, 7881RP, 7881RR, 7881RS, 7881RT, 7881RV, 7881RW, 7881VG, 7881VH, 7881VR", "wijkcode": "WK011403", "gemeentecode": "GM0114", "gemeentenaam": "Emmen", "oppervlakteLandInHa": 272, "AantalInwoners_5": 4780, "Mannen_6": 2395, "Vrouwen_7": 2390, "HuishoudensTotaal_29": 2235, "GemiddeldeHuishoudensgrootte_33": 2.1, "Woningvoorraad_35": 2278, "NieuwbouwWoningen_36": 27, "NietWoningvoorraad_37": 175, "NieuwbouwNietWoningen_38": 2, "GemiddeldeWOZWaardeVanWoningen_39": 218, "PercentageEengezinswoning_40": 84, "PercentageTussenwoningEengezins_41": 24, "PercentageHoekwoningEengezins_42": 14, "PercentageTweeOnderEenKapWoningEe_43": 20, "PercentageVrijstaandeWoningEengezins_44": 27, "PercentageMeergezinswoning_45": 16, "Koopwoningen_47": 60, "HuurwoningenTotaal_48": 40, "InBezitWoningcorporatie_49": 33, "InBezitOverigeVerhuurders_50": 7, "BouwjaarMeerDanTienJaarGeleden_51": 95, "BouwjaarAfgelopenTienJaar_52": 5, "GemiddeldeElektriciteitslevering_53": 2700, "GemiddeldeElektriciteitsteruglevering_54": 1090, "GemiddeldAardgasverbruik_55": 990, "AardgasvrijeWoningen_57": 3, "Aardgaswoningen_58": 92, "WoningenMetZonnestroom_59": 49, "WoningenHoofdzElektrVerwarmd_60": 7, "k_20PersonenMetHoogsteInkomen_80": 10.1, "k_20HuishoudensMetHoogsteInkomen_85": 10.8, "MediaanVermogenVanParticuliereHuish_86": 69.1, "PersonenautoSTotaal_104": 2745, "PersonenautoSBrandstofBenzine_105": 2315, "PersonenautoSOverigeBrandstof_106": 435, "PersonenautoSPerHuishouden_107": 1.2, "Omgevingsadressendichtheid_121": 521, "AantalInstallatiesBijWoningen_5": 601, "OpgesteldVermogenVanZonnepanelen_6": 2508, "installaties_per_woning": 0.26382791922739246, "vermogen_per_woning": 1.1009657594381037, "installaties_per_100_woningen": 26.382791922739244, "vermogen_per_huishouden": 1.1221476510067114, "batterijdruk_score": 534.1, "koop_zon_score": 0.294, "eengezins_zon_score": 0.4116, "betaalkracht_zon_score": 33.859, "overige_brandstof_zon_score": 213.15, "lichte_batterij_kansscore": 0.42513277331892241 }, "geometry": { "type": "MultiPolygon", "coordinates": [ [ [ [ 268092.577999999979511, 538377.322999999974854 ], [ 268067.080000000016298, 538340.84699999995064 ], [ 267848.083999999973457, 538110.714000000036322 ], [ 268065.590000000025611, 537840.689999999944121 ], [ 267651.37300000002142, 537441.856999999959953 ], [ 267653.10999999998603, 537101.462999999988824 ], [ 266986.818000000028405, 537115.819000000017695 ], [ 266947.651000000012573, 535594.297999999951571 ], [ 266444.272, 535605.37699999997858 ], [ 266464.946999999985565, 536406.261000000056811 ], [ 266606.482000000018161, 536403.288999999989755 ], [ 266616.522, 536760.314999999944121 ], [ 265926.329000000027008, 536774.356000000028871 ], [ 265776.715000000025611, 536777.400000000023283 ], [ 265832.647999999986496, 536858.915999999968335 ], [ 265896.021, 536951.277 ], [ 265911.672000000020489, 536950.84499999997206 ], [ 265853.044, 537239.908000000054017 ], [ 265902.284999999974389, 537248.635 ], [ 265895.413999999989755, 537286.949999999953434 ], [ 265880.223999999987427, 537334.093 ], [ 265861.938000000023749, 537429.966999999945983 ], [ 265982.37, 537452.608 ], [ 266020.183000000019092, 537646.162999999942258 ], [ 266230.473, 537607.672000000020489 ], [ 266383.965000000025611, 537762.074999999953434 ], [ 266474.843, 537750.555000000051223 ], [ 266540.663999999989755, 538021.555000000051223 ], [ 266691.81, 537881.63 ], [ 267103.590000000025611, 538257.88 ], [ 266990.804, 538351.549 ], [ 267111.857000000018161, 538504.886999999987893 ], [ 267168.69, 538472.810000000055879 ], [ 267361.93, 538363.743999999947846 ], [ 267564.788999999989755, 538200.895999999949709 ], [ 267822.0, 538553.88 ], [ 267824.577999999979511, 538557.596000000019558 ], [ 268092.577999999979511, 538377.322999999974854 ] ] ] ] } },
{ "type": "Feature", "properties": { "buurtcode": "BU01140301", "buurtnaam": "Emmer-Erfscheidenveen", "pc6_codes": "7881HL, 7881HM, 7881HN, 7881JD, 7881JE, 7881JG, 7881JM, 7881JN, 7881JP, 7881JR, 7881JX, 7881JZ, 7881KA, 7881KG, 7881KH, 7881KJ, 7881KK, 7881KL, 7881KM, 7881KN, 7881KP, 7881KR, 7881KS, 7881KT, 7881KV, 7881KW, 7881LA, 7881LB, 7881LC, 7881LD, 7881LL, 7881LM, 7881LN, 7881LP, 7881LR, 7881LS, 7881LT, 7881LV, 7881LX, 7881NA, 7881NB, 7881NC, 7881ND, 7881NE, 7881NG, 7881NH, 7881NJ, 7881NK, 7881NL, 7881NM, 7881NN, 7881NP, 7881NR, 7881NS, 7881VV, 7881XD, 7881XE, 7881XG, 7881XK, 7881XL, 7881XM, 7881XN", "wijkcode": "WK011403", "gemeentecode": "GM0114", "gemeentenaam": "Emmen", "oppervlakteLandInHa": 293, "AantalInwoners_5": 1780, "Mannen_6": 930, "Vrouwen_7": 850, "HuishoudensTotaal_29": 745, "GemiddeldeHuishoudensgrootte_33": 2.4, "Woningvoorraad_35": 746, "NieuwbouwWoningen_36": 1, "NietWoningvoorraad_37": 88, "NieuwbouwNietWoningen_38": 0, "GemiddeldeWOZWaardeVanWoningen_39": 287, "PercentageEengezinswoning_40": 97, "PercentageTussenwoningEengezins_41": 5, "PercentageHoekwoningEengezins_42": 6, "PercentageTweeOnderEenKapWoningEe_43": 22, "PercentageVrijstaandeWoningEengezins_44": 65, "PercentageMeergezinswoning_45": 3, "Koopwoningen_47": 87, "HuurwoningenTotaal_48": 13, "InBezitWoningcorporatie_49": 7, "InBezitOverigeVerhuurders_50": 6, "BouwjaarMeerDanTienJaarGeleden_51": 99, "BouwjaarAfgelopenTienJaar_52": 1, "GemiddeldeElektriciteitslevering_53": 3360, "GemiddeldeElektriciteitsteruglevering_54": 1510, "GemiddeldAardgasverbruik_55": 1170, "AardgasvrijeWoningen_57": 3, "Aardgaswoningen_58": 89, "WoningenMetZonnestroom_59": 55, "WoningenHoofdzElektrVerwarmd_60": 9, "k_20PersonenMetHoogsteInkomen_80": 12.9, "k_20HuishoudensMetHoogsteInkomen_85": 16.3, "MediaanVermogenVanParticuliereHuish_86": 175.3, "PersonenautoSTotaal_104": 1155, "PersonenautoSBrandstofBenzine_105": 895, "PersonenautoSOverigeBrandstof_106": 265, "PersonenautoSPerHuishouden_107": 1.6, "Omgevingsadressendichtheid_121": 152, "AantalInstallatiesBijWoningen_5": 282, "OpgesteldVermogenVanZonnepanelen_6": 1340, "installaties_per_woning": 0.37801608579088469, "vermogen_per_woning": 1.7962466487935658, "installaties_per_100_woningen": 37.801608579088466, "vermogen_per_huishouden": 1.7986577181208054, "batterijdruk_score": 830.5, "koop_zon_score": 0.4785, "eengezins_zon_score": 0.5335, "betaalkracht_zon_score": 96.415, "overige_brandstof_zon_score": 145.75, "lichte_batterij_kansscore": 0.52625442655173571 }, "geometry": { "type": "MultiPolygon", "coordinates": [ [ [ [ 265428.744, 538238.060000000055879 ], [ 265432.650000000023283, 538237.180999999982305 ], [ 265436.134000000020023, 538235.691 ], [ 265436.835000000020955, 538235.197000000043772 ], [ 265439.417000000015832, 538233.402 ], [ 265442.091000000014901, 538230.802999999956228 ], [ 265444.142, 538227.437000000034459 ], [ 265445.517, 538223.599999999976717 ], [ 265450.006999999983236, 538200.0 ], [ 265460.288, 538145.966000000014901 ], [ 265463.868000000016764, 538133.76 ], [ 265466.829000000027008, 538134.326 ], [ 265470.170999999972992, 538134.952000000048429 ], [ 265474.365, 538135.618000000016764 ], [ 265553.24, 538149.550000000046566 ], [ 265558.87400000001071, 538150.601999999955297 ], [ 265703.49800000002142, 537400.179 ], [ 265861.938000000023749, 537429.966999999945983 ], [ 265880.223999999987427, 537334.093 ], [ 265895.413999999989755, 537286.949999999953434 ], [ 265902.284999999974389, 537248.635 ], [ 265853.044, 537239.908000000054017 ], [ 265911.672000000020489, 536950.84499999997206 ], [ 265896.021, 536951.277 ], [ 265832.647999999986496, 536858.915999999968335 ], [ 265455.037000000011176, 536841.468 ], [ 265459.476000000024214, 536754.317999999970198 ], [ 264944.142999999981839, 536728.827000000048429 ], [ 264759.994, 536667.542000000015832 ], [ 263072.359, 536343.601999999955297 ], [ 263098.175999999977648, 535822.555999999982305 ], [ 262897.131999999983236, 535812.538999999989755 ], [ 262889.147999999986496, 535972.78000000002794 ], [ 262688.814000000013039, 535963.054 ], [ 262672.098999999987427, 536307.334000000031665 ], [ 261082.767, 536004.207000000053085 ], [ 261077.950000000011642, 536102.959999999962747 ], [ 261078.818999999988591, 536113.621000000042841 ], [ 261075.9, 536162.60999999998603 ], [ 261074.49299999998766, 536168.314999999944121 ], [ 261070.209, 536178.532 ], [ 261068.068999999988591, 536185.505 ], [ 261067.953, 536199.214000000036322 ], [ 261052.988000000012107, 536198.741000000038184 ], [ 261051.891, 536199.287999999942258 ], [ 261049.128, 536199.984000000054948 ], [ 261045.791999999986729, 536200.868999999947846 ], [ 261042.388, 536202.089999999967404 ], [ 261039.464, 536203.598 ], [ 261034.081, 536206.557999999960884 ], [ 261030.74299999998766, 536207.973 ], [ 261026.798, 536209.104000000050291 ], [ 261022.941, 536209.89000000001397 ], [ 261019.386999999987893, 536210.275000000023283 ], [ 261016.403, 536210.321 ], [ 261013.13, 536210.216000000014901 ], [ 261006.285, 536209.746000000042841 ], [ 260989.337999999988824, 536208.628000000026077 ], [ 260960.565, 536205.878999999957159 ], [ 260936.428000000014435, 536203.993999999947846 ], [ 260931.038999999989755, 536203.552999999956228 ], [ 260914.856999999989057, 536202.255 ], [ 260862.853, 536472.694000000017695 ], [ 265485.819000000017695, 537353.003999999957159 ], [ 265319.427000000025146, 538220.596000000019558 ], [ 265332.857000000018161, 538222.866999999969266 ], [ 265343.556999999971595, 538224.897 ], [ 265424.38900000002468, 538238.287000000011176 ], [ 265428.744, 538238.060000000055879 ] ] ] ] } },
{ "type": "Feature", "properties": { "buurtcode": "BU01140302", "buurtnaam": "Foxel", "pc6_codes": "7881JR, 7881JS, 7881JT, 7881JV, 7881JW, 7881KB, 7881KC, 7881KD, 7881KE, 7881PH, 7881PJ, 7881PK, 7881PL", "wijkcode": "WK011403", "gemeentecode": "GM0114", "gemeentenaam": "Emmen", "oppervlakteLandInHa": 74, "AantalInwoners_5": 415, "Mannen_6": 215, "Vrouwen_7": 200, "HuishoudensTotaal_29": 165, "GemiddeldeHuishoudensgrootte_33": 2.5, "Woningvoorraad_35": 168, "NieuwbouwWoningen_36": 1, "NietWoningvoorraad_37": 4, "NieuwbouwNietWoningen_38": 0, "GemiddeldeWOZWaardeVanWoningen_39": 311, "PercentageEengezinswoning_40": 100, "PercentageTussenwoningEengezins_41": 0, "PercentageHoekwoningEengezins_42": 0, "PercentageTweeOnderEenKapWoningEe_43": 16, "PercentageVrijstaandeWoningEengezins_44": 84, "PercentageMeergezinswoning_45": 0, "Koopwoningen_47": 91, "HuurwoningenTotaal_48": 9, "InBezitWoningcorporatie_49": 4, "InBezitOverigeVerhuurders_50": 5, "BouwjaarMeerDanTienJaarGeleden_51": 98, "BouwjaarAfgelopenTienJaar_52": 2, "GemiddeldeElektriciteitslevering_53": 3670, "GemiddeldeElektriciteitsteruglevering_54": 1480, "GemiddeldAardgasverbruik_55": 1210, "AardgasvrijeWoningen_57": 2, "Aardgaswoningen_58": 92, "WoningenMetZonnestroom_59": 56, "WoningenHoofdzElektrVerwarmd_60": 8, "k_20PersonenMetHoogsteInkomen_80": 14.2, "k_20HuishoudensMetHoogsteInkomen_85": 21.0, "MediaanVermogenVanParticuliereHuish_86": 202.1, "PersonenautoSTotaal_104": 250, "PersonenautoSBrandstofBenzine_105": 190, "PersonenautoSOverigeBrandstof_106": 60, "PersonenautoSPerHuishouden_107": 1.5, "Omgevingsadressendichtheid_121": 60, "AantalInstallatiesBijWoningen_5": 67, "OpgesteldVermogenVanZonnepanelen_6": 326, "installaties_per_woning": 0.39880952380952384, "vermogen_per_woning": 1.9404761904761905, "installaties_per_100_woningen": 39.880952380952387, "vermogen_per_huishouden": 1.9757575757575758, "batterijdruk_score": 828.8, "koop_zon_score": 0.5096, "eengezins_zon_score": 0.56, "betaalkracht_zon_score": 113.176, "overige_brandstof_zon_score": 33.6, "lichte_batterij_kansscore": 0.53777151055580708 }, "geometry": { "type": "MultiPolygon", "coordinates": [ [ [ [ 265011.656000000017229, 535355.295999999972992 ], [ 265389.267, 535250.839000000036322 ], [ 265182.396, 534587.136000000056811 ], [ 265251.771, 534565.282 ], [ 265138.656000000017229, 534208.973 ], [ 264793.733, 534190.98699999996461 ], [ 264808.49, 535665.14000000001397 ], [ 264759.994, 536667.542000000015832 ], [ 264944.142999999981839, 536728.827000000048429 ], [ 265011.656000000017229, 535355.295999999972992 ] ] ] ] } },
{ "type": "Feature", "properties": { "buurtcode": "BU01140303", "buurtnaam": "Oosterdiep", "pc6_codes": "7881CT, 7881CV, 7881CW, 7881CX, 7881CZ, 7881GS, 7881GT, 7881GV, 7881GW, 7881GX, 7881HG, 7881PA, 7881PB, 7881PC, 7881PD, 7881PE, 7881PG, 7881PL, 7881TK", "wijkcode": "WK011403", "gemeentecode": "GM0114", "gemeentenaam": "Emmen", "oppervlakteLandInHa": 92, "AantalInwoners_5": 485, "Mannen_6": 245, "Vrouwen_7": 240, "HuishoudensTotaal_29": 195, "GemiddeldeHuishoudensgrootte_33": 2.5, "Woningvoorraad_35": 193, "NieuwbouwWoningen_36": 0, "NietWoningvoorraad_37": 9, "NieuwbouwNietWoningen_38": 0, "GemiddeldeWOZWaardeVanWoningen_39": 293, "PercentageEengezinswoning_40": 98, "PercentageTussenwoningEengezins_41": 0, "PercentageHoekwoningEengezins_42": 0, "PercentageTweeOnderEenKapWoningEe_43": 12, "PercentageVrijstaandeWoningEengezins_44": 85, "PercentageMeergezinswoning_45": 2, "Koopwoningen_47": 95, "HuurwoningenTotaal_48": 5, "InBezitWoningcorporatie_49": 0, "InBezitOverigeVerhuurders_50": 5, "BouwjaarMeerDanTienJaarGeleden_51": 97, "BouwjaarAfgelopenTienJaar_52": 3, "GemiddeldeElektriciteitslevering_53": 3620, "GemiddeldeElektriciteitsteruglevering_54": 1440, "GemiddeldAardgasverbruik_55": 1280, "AardgasvrijeWoningen_57": 2, "Aardgaswoningen_58": 91, "WoningenMetZonnestroom_59": 52, "WoningenHoofdzElektrVerwarmd_60": 7, "k_20PersonenMetHoogsteInkomen_80": 15.1, "k_20HuishoudensMetHoogsteInkomen_85": 19.6, "MediaanVermogenVanParticuliereHuish_86": 191.5, "PersonenautoSTotaal_104": 335, "PersonenautoSBrandstofBenzine_105": 260, "PersonenautoSOverigeBrandstof_106": 80, "PersonenautoSPerHuishouden_107": 1.7, "Omgevingsadressendichtheid_121": 87, "AantalInstallatiesBijWoningen_5": 67, "OpgesteldVermogenVanZonnepanelen_6": 305, "installaties_per_woning": 0.34715025906735753, "vermogen_per_woning": 1.5803108808290156, "installaties_per_100_woningen": 34.715025906735754, "vermogen_per_huishouden": 1.5641025641025641, "batterijdruk_score": 748.8, "koop_zon_score": 0.494, "eengezins_zon_score": 0.5096, "betaalkracht_zon_score": 99.58, "overige_brandstof_zon_score": 41.6, "lichte_batterij_kansscore": 0.53296999868239392 }, "geometry": { "type": "MultiPolygon", "coordinates": [ [ [ [ 266444.272, 535605.37699999997858 ], [ 266947.651000000012573, 535594.297999999951571 ], [ 267378.179, 535583.844000000040978 ], [ 267377.24, 535371.82999999995809 ], [ 266922.114, 535380.538999999989755 ], [ 266897.520000000018626, 534452.925999999977648 ], [ 266996.066999999980908, 534457.87 ], [ 266996.050999999977648, 534401.523000000044703 ], [ 266907.933000000019092, 534397.283000000054017 ], [ 266897.327999999979511, 533801.349000000045635 ], [ 266828.788, 533797.939999999944121 ], [ 266768.75, 533793.589999999967404 ], [ 266629.395000000018626, 533786.452000000048429 ], [ 266580.76500000001397, 533783.961000000010245 ], [ 266571.661000000021886, 533783.495 ], [ 266613.75099999998929, 535392.410999999963678 ], [ 265519.033999999985099, 535417.667999999946915 ], [ 265517.286000000021886, 535347.956 ], [ 265291.090000000025611, 535417.63 ], [ 265299.37599999998929, 535633.412999999942258 ], [ 266444.272, 535605.37699999997858 ] ] ] ] } },
{ "type": "Feature", "properties": { "buurtcode": "BU01140304", "buurtnaam": "Hoofdkanaal", "pc6_codes": "7881AG, 7881NZ, 7881VR", "wijkcode": "WK011403", "gemeentecode": "GM0114", "gemeentenaam": "Emmen", "oppervlakteLandInHa": 53, "AantalInwoners_5": 75, "Mannen_6": 45, "Vrouwen_7": 40, "HuishoudensTotaal_29": 25, "GemiddeldeHuishoudensgrootte_33": 3.0, "Woningvoorraad_35": 30, "NieuwbouwWoningen_36": 0, "NietWoningvoorraad_37": 5, "NieuwbouwNietWoningen_38": 0, "GemiddeldeWOZWaardeVanWoningen_39": 353, "PercentageEengezinswoning_40": 100, "PercentageTussenwoningEengezins_41": 0, "PercentageHoekwoningEengezins_42": 0, "PercentageTweeOnderEenKapWoningEe_43": 7, "PercentageVrijstaandeWoningEengezins_44": 93, "PercentageMeergezinswoning_45": 0, "Koopwoningen_47": 100, "HuurwoningenTotaal_48": 0, "InBezitWoningcorporatie_49": 0, "InBezitOverigeVerhuurders_50": 0, "BouwjaarMeerDanTienJaarGeleden_51": 100, "BouwjaarAfgelopenTienJaar_52": 0, "GemiddeldeElektriciteitslevering_53": 4220, "GemiddeldeElektriciteitsteruglevering_54": 2560, "GemiddeldAardgasverbruik_55": 1340, "AardgasvrijeWoningen_57": null, "Aardgaswoningen_58": null, "WoningenMetZonnestroom_59": null, "WoningenHoofdzElektrVerwarmd_60": null, "k_20PersonenMetHoogsteInkomen_80": null, "k_20HuishoudensMetHoogsteInkomen_85": null, "MediaanVermogenVanParticuliereHuish_86": null, "PersonenautoSTotaal_104": 65, "PersonenautoSBrandstofBenzine_105": 45, "PersonenautoSOverigeBrandstof_106": 20, "PersonenautoSPerHuishouden_107": null, "Omgevingsadressendichtheid_121": 42, "AantalInstallatiesBijWoningen_5": 4, "OpgesteldVermogenVanZonnepanelen_6": 37, "installaties_per_woning": 0.13333333333333333, "vermogen_per_woning": 1.2333333333333334, "installaties_per_100_woningen": 13.333333333333334, "vermogen_per_huishouden": 1.48, "batterijdruk_score": null, "koop_zon_score": null, "eengezins_zon_score": null, "betaalkracht_zon_score": null, "overige_brandstof_zon_score": null, "lichte_batterij_kansscore": null }, "geometry": { "type": "MultiPolygon", "coordinates": [ [ [ [ 269037.977000000013504, 539840.488000000012107 ], [ 269052.992000000027474, 539841.545999999972992 ], [ 269072.397, 539774.20499999995809 ], [ 268594.613000000012107, 539093.050999999977648 ], [ 268092.577999999979511, 538377.322999999974854 ], [ 267824.577999999979511, 538557.596000000019558 ], [ 268697.775000000023283, 539816.142 ], [ 268883.218, 539915.050000000046566 ], [ 269031.281000000017229, 539918.498999999952503 ], [ 269037.977000000013504, 539840.488000000012107 ] ] ] ] } },
{ "type": "Feature", "properties": { "buurtcode": "BU01140309", "buurtnaam": "Verspreide huizen Emmer-Compascuum", "pc6_codes": "7881AG, 7881CW, 7881CX, 7881CZ, 7881HK, 7881JD, 7881JW, 7881LE, 7881LG, 7881LJ, 7881LK, 7881NB, 7881NW, 7881NX, 7881NZ, 7881VH, 7881VR, 7881VS, 7881VT, 7881XA, 7881XB, 7881XC, 7881XE, 7881XJ, 7881XP", "wijkcode": "WK011403", "gemeentecode": "GM0114", "gemeentenaam": "Emmen", "oppervlakteLandInHa": 3079, "AantalInwoners_5": 195, "Mannen_6": 100, "Vrouwen_7": 95, "HuishoudensTotaal_29": 75, "GemiddeldeHuishoudensgrootte_33": 2.6, "Woningvoorraad_35": 80, "NieuwbouwWoningen_36": 0, "NietWoningvoorraad_37": 29, "NieuwbouwNietWoningen_38": 0, "GemiddeldeWOZWaardeVanWoningen_39": 386, "PercentageEengezinswoning_40": 100, "PercentageTussenwoningEengezins_41": 0, "PercentageHoekwoningEengezins_42": 0, "PercentageTweeOnderEenKapWoningEe_43": 13, "PercentageVrijstaandeWoningEengezins_44": 88, "PercentageMeergezinswoning_45": 0, "Koopwoningen_47": 88, "HuurwoningenTotaal_48": 13, "InBezitWoningcorporatie_49": 0, "InBezitOverigeVerhuurders_50": 13, "BouwjaarMeerDanTienJaarGeleden_51": 94, "BouwjaarAfgelopenTienJaar_52": 6, "GemiddeldeElektriciteitslevering_53": 3530, "GemiddeldeElektriciteitsteruglevering_54": 2210, "GemiddeldAardgasverbruik_55": 1080, "AardgasvrijeWoningen_57": null, "Aardgaswoningen_58": null, "WoningenMetZonnestroom_59": null, "WoningenHoofdzElektrVerwarmd_60": null, "k_20PersonenMetHoogsteInkomen_80": 22.6, "k_20HuishoudensMetHoogsteInkomen_85": null, "MediaanVermogenVanParticuliereHuish_86": null, "PersonenautoSTotaal_104": 70, "PersonenautoSBrandstofBenzine_105": 50, "PersonenautoSOverigeBrandstof_106": 15, "PersonenautoSPerHuishouden_107": 0.9, "Omgevingsadressendichtheid_121": 117, "AantalInstallatiesBijWoningen_5": 18, "OpgesteldVermogenVanZonnepanelen_6": 124, "installaties_per_woning": 0.225, "vermogen_per_woning": 1.55, "installaties_per_100_woningen": 22.5, "vermogen_per_huishouden": 1.6533333333333333, "batterijdruk_score": null, "koop_zon_score": null, "eengezins_zon_score": null, "betaalkracht_zon_score": null, "overige_brandstof_zon_score": null, "lichte_batterij_kansscore": null }, "geometry": { "type": "MultiPolygon", "coordinates": [ [ [ [ 266606.482000000018161, 536403.288999999989755 ], [ 266464.946999999985565, 536406.261000000056811 ], [ 266444.272, 535605.37699999997858 ], [ 265299.37599999998929, 535633.412999999942258 ], [ 265291.090000000025611, 535417.63 ], [ 265517.286000000021886, 535347.956 ], [ 265519.033999999985099, 535417.667999999946915 ], [ 266613.75099999998929, 535392.410999999963678 ], [ 266571.661000000021886, 533783.495 ], [ 266000.0, 533754.209999999962747 ], [ 265897.146, 533748.941 ], [ 265883.74900000001071, 533748.253999999957159 ], [ 265162.368000000016764, 533711.300000000046566 ], [ 265141.340000000025611, 533714.277 ], [ 265184.86099999997532, 533664.530999999959022 ], [ 265183.517999999981839, 533660.959000000031665 ], [ 265131.462999999988824, 533650.216999999945983 ], [ 265061.318000000028405, 533635.741999999969266 ], [ 265041.408, 533630.491999999969266 ], [ 265041.114, 533630.875 ], [ 265040.15500000002794, 533632.123999999952503 ], [ 265036.843999999982771, 533635.082000000053085 ], [ 265032.754000000015367, 533637.547000000020489 ], [ 265030.358, 533638.64000000001397 ], [ 265022.37300000002142, 533642.282 ], [ 265001.134000000020023, 533643.349999999976717 ], [ 264952.326, 533645.804 ], [ 264908.756999999983236, 533647.424 ], [ 264908.742000000027474, 533647.091000000014901 ], [ 264840.819000000017695, 533650.177999999956228 ], [ 264839.537000000011176, 533635.672999999951571 ], [ 264838.767, 533626.966000000014901 ], [ 264838.239, 533620.991000000038184 ], [ 264836.99, 533614.935999999986961 ], [ 264834.859, 533607.824999999953434 ], [ 264831.74, 533600.273000000044703 ], [ 264824.951, 533589.074000000022352 ], [ 264821.358, 533584.003999999957159 ], [ 264817.553000000014435, 533578.768000000040047 ], [ 264813.941, 533574.375 ], [ 264810.686999999976251, 533570.528999999980442 ], [ 264806.468999999982771, 533565.726999999955297 ], [ 264798.913999999989755, 533558.057000000029802 ], [ 264793.212, 533553.174 ], [ 264788.878000000026077, 533549.587000000057742 ], [ 264783.74, 533545.63800000003539 ], [ 264777.106000000028871, 533541.498999999952503 ], [ 264771.336000000010245, 533538.310000000055879 ], [ 264764.369, 533534.770000000018626 ], [ 264758.017999999981839, 533532.104999999981374 ], [ 264750.87300000002142, 533529.636999999987893 ], [ 264744.074000000022352, 533528.025999999954365 ], [ 264737.101000000024214, 533526.829000000027008 ], [ 264730.299999999988358, 533525.675000000046566 ], [ 264723.556999999971595, 533524.841999999945983 ], [ 264717.271, 533524.099999999976717 ], [ 264710.571999999985565, 533523.905999999959022 ], [ 264705.277, 533523.76300000003539 ], [ 264700.495, 533524.033999999985099 ], [ 264635.436999999976251, 533527.917999999946915 ], [ 264450.363000000012107, 533537.275999999954365 ], [ 264230.707999999984168, 533548.381999999983236 ], [ 264221.657, 533548.863000000012107 ], [ 264158.016, 533552.243999999947846 ], [ 264078.063000000023749, 533555.728 ], [ 264079.332, 533601.464999999967404 ], [ 264046.506, 533603.327999999979511 ], [ 264000.0, 533605.702999999979511 ], [ 263955.25, 533607.988000000012107 ], [ 263955.169, 533606.253999999957159 ], [ 263855.228, 533609.846000000019558 ], [ 263854.739, 533599.336000000010245 ], [ 263931.664999999979045, 533595.961000000010245 ], [ 263931.032, 533582.365 ], [ 263932.313000000023749, 533581.788999999989755 ], [ 263933.321999999985565, 533581.25199999997858 ], [ 263934.283999999985099, 533580.567000000039116 ], [ 263935.185, 533579.871000000042841 ], [ 263935.815, 533578.929 ], [ 263936.401000000012573, 533577.611000000033528 ], [ 263936.848, 533575.952999999979511 ], [ 263937.506, 533570.738999999943189 ], [ 263938.455000000016298, 533561.540999999968335 ], [ 263939.164999999979045, 533549.714999999967404 ], [ 263939.017, 533535.827999999979511 ], [ 263938.338999999978114, 533513.055999999982305 ], [ 263938.12400000001071, 533500.023999999975786 ], [ 263937.895000000018626, 533495.04500000004191 ], [ 263933.295999999972992, 533395.150999999954365 ], [ 263928.696999999985565, 533295.256000000052154 ], [ 263924.098, 533195.37300000002142 ], [ 263919.49900000001071, 533095.479000000050291 ], [ 263915.103, 533000.0 ], [ 263914.956, 532996.817000000039116 ], [ 263911.631999999983236, 532924.616999999969266 ], [ 263912.229999999981374, 532904.596000000019558 ], [ 263820.988000000012107, 532907.353 ], [ 263152.49800000002142, 532927.554 ], [ 263152.337, 532922.40500000002794 ], [ 263141.74, 532922.675000000046566 ], [ 263138.342, 532922.761999999987893 ], [ 263128.049, 532923.025999999954365 ], [ 263125.039999999979045, 532923.103 ], [ 263126.431999999971595, 532924.574000000022352 ], [ 263127.5, 532926.295999999972992 ], [ 263128.199000000022352, 532928.197000000043772 ], [ 262558.797000000020489, 532942.513999999966472 ], [ 262471.441, 532944.711000000010245 ], [ 262465.343, 532944.403999999980442 ], [ 262458.080000000016298, 532942.952999999979511 ], [ 262365.816999999980908, 532945.479999999981374 ], [ 262340.629000000015367, 532950.36199999996461 ], [ 262231.772, 532953.145999999949709 ], [ 262234.956, 532944.782 ], [ 262204.473, 532945.506999999983236 ], [ 262206.218, 532951.348 ], [ 262206.643999999971129, 532953.814000000013039 ], [ 262203.009000000020023, 532953.910999999963678 ], [ 262114.578, 532956.187000000034459 ], [ 262092.788999999989755, 533000.0 ], [ 262067.791999999986729, 533050.261999999987893 ], [ 262000.0, 533184.417000000015832 ], [ 261892.984, 533396.194000000017695 ], [ 261840.528, 533500.0 ], [ 261587.865, 534000.0 ], [ 261489.475, 534194.707000000053085 ], [ 261489.313, 534195.025999999954365 ], [ 261488.85999999998603, 534195.924 ], [ 261512.744, 534191.256999999983236 ], [ 261555.852000000013504, 534189.886999999987893 ], [ 261564.035, 534193.224999999976717 ], [ 261566.674999999988358, 534193.707999999984168 ], [ 261569.068, 534194.819000000017695 ], [ 261571.272999999986496, 534195.993999999947846 ], [ 261573.233, 534198.047999999951571 ], [ 261574.497, 534199.386000000056811 ], [ 261574.94, 534199.854000000050291 ], [ 261575.903, 534202.856000000028871 ], [ 261576.486, 534205.218 ], [ 261576.046, 534205.231999999959953 ], [ 261574.851, 534230.079000000027008 ], [ 261573.393000000010943, 534256.935999999986961 ], [ 261572.445, 534268.728 ], [ 261570.737, 534293.184 ], [ 261570.25700000001234, 534304.148000000044703 ], [ 261566.744, 534359.843 ], [ 261569.13200000001234, 534359.986000000033528 ], [ 261566.428000000014435, 534405.199000000022352 ], [ 261561.654, 534500.0 ], [ 261536.62, 534997.103 ], [ 261536.54, 535000.0 ], [ 261535.798, 535026.753999999957159 ], [ 261535.665, 535029.731000000028871 ], [ 261520.248, 535340.790999999968335 ], [ 261503.381, 535342.623999999952503 ], [ 261149.134, 535371.724999999976717 ], [ 261129.54, 535373.427999999956228 ], [ 261100.293, 535376.802999999956228 ], [ 261114.24, 535392.714000000036322 ], [ 261112.498, 535395.275999999954365 ], [ 261111.579999999987194, 535398.319999999948777 ], [ 261106.774, 535500.0 ], [ 261088.409000000014203, 535888.547999999951571 ], [ 261082.972, 536000.0 ], [ 261082.767, 536004.207000000053085 ], [ 262672.098999999987427, 536307.334000000031665 ], [ 262688.814000000013039, 535963.054 ], [ 262889.147999999986496, 535972.78000000002794 ], [ 262897.131999999983236, 535812.538999999989755 ], [ 263098.175999999977648, 535822.555999999982305 ], [ 263072.359, 536343.601999999955297 ], [ 264759.994, 536667.542000000015832 ], [ 264808.49, 535665.14000000001397 ], [ 264793.733, 534190.98699999996461 ], [ 265138.656000000017229, 534208.973 ], [ 265251.771, 534565.282 ], [ 265182.396, 534587.136000000056811 ], [ 265389.267, 535250.839000000036322 ], [ 265011.656000000017229, 535355.295999999972992 ], [ 264944.142999999981839, 536728.827000000048429 ], [ 265459.476000000024214, 536754.317999999970198 ], [ 265455.037000000011176, 536841.468 ], [ 265832.647999999986496, 536858.915999999968335 ], [ 265776.715000000025611, 536777.400000000023283 ], [ 265926.329000000027008, 536774.356000000028871 ], [ 266616.522, 536760.314999999944121 ], [ 266606.482000000018161, 536403.288999999989755 ] ] ], [ [ [ 268543.941, 540355.969000000040978 ], [ 268546.079000000027008, 540359.22199999995064 ], [ 268555.425999999977648, 540359.192000000039116 ], [ 268585.544, 540359.096000000019558 ], [ 268758.56, 540358.544 ], [ 268759.598, 540358.542000000015832 ], [ 268761.113000000012107, 540358.538999999989755 ], [ 269138.12300000002142, 540357.738000000012107 ], [ 269143.272, 540357.726999999955297 ], [ 269145.025000000023283, 540357.723 ], [ 269156.587999999988824, 540357.743000000016764 ], [ 269221.523999999975786, 540357.564000000013039 ], [ 269224.536000000021886, 540357.555000000051223 ], [ 269224.967, 540357.555000000051223 ], [ 269227.745999999984633, 540357.549 ], [ 269236.25, 540357.530999999959022 ], [ 269237.887999999977183, 540357.527 ], [ 269238.408, 540357.525999999954365 ], [ 269239.299999999988358, 540357.523999999975786 ], [ 269252.786000000021886, 540357.495 ], [ 269253.178000000014435, 540357.493999999947846 ], [ 269254.201, 540357.491999999969266 ], [ 269255.898999999975786, 540357.488000000012107 ], [ 269268.476000000024214, 540357.461000000010245 ], [ 269275.114, 540357.447000000043772 ], [ 269276.533, 540357.444000000017695 ], [ 269276.631999999983236, 540357.444000000017695 ], [ 269364.583999999973457, 540357.256999999983236 ], [ 269366.837999999988824, 540357.25199999997858 ], [ 269557.017, 540356.848 ], [ 269907.914999999979045, 540356.103 ], [ 269918.650000000023283, 540356.07999999995809 ], [ 269915.824000000022352, 540349.584999999962747 ], [ 269912.996999999973923, 540343.086000000010245 ], [ 269858.746999999973923, 540218.386999999987893 ], [ 269838.31, 540171.410000000032596 ], [ 269754.31, 539978.64000000001397 ], [ 269752.423, 539974.283000000054017 ], [ 269684.01400000002468, 539816.36199999996461 ], [ 269615.538, 539658.285000000032596 ], [ 269581.945, 539580.73699999996461 ], [ 269581.46999999997206, 539579.64000000001397 ], [ 269554.925999999977648, 539518.476000000024214 ], [ 269539.722, 539483.442000000039116 ], [ 269538.24, 539480.025999999954365 ], [ 269538.141, 539479.799 ], [ 269496.582999999984168, 539384.038999999989755 ], [ 269486.232000000018161, 539360.187999999965541 ], [ 269464.729999999981374, 539310.64000000001397 ], [ 269445.199000000022352, 539265.667999999946915 ], [ 269410.863000000012107, 539186.604000000050291 ], [ 269377.43, 539109.62 ], [ 269376.908, 539108.419 ], [ 269358.677000000025146, 539066.427000000025146 ], [ 269342.19, 539028.452999999979511 ], [ 269308.041000000026543, 538949.795999999972992 ], [ 269274.446999999985565, 538872.419 ], [ 269242.136999999987893, 538798.0 ], [ 269240.07, 538793.24 ], [ 269239.739, 538792.476999999955297 ], [ 269187.916000000026543, 538673.101000000024214 ], [ 269169.598999999987427, 538630.907 ], [ 269162.830000000016298, 538615.314000000013039 ], [ 269138.080000000016298, 538558.300000000046566 ], [ 269107.770000000018626, 538571.290000000037253 ], [ 269105.679, 538566.729999999981374 ], [ 269070.76, 538490.57999999995809 ], [ 269102.830000000016298, 538476.76 ], [ 269072.854999999981374, 538407.689000000013039 ], [ 269034.559, 538319.441 ], [ 269006.696999999985565, 538255.238000000012107 ], [ 268984.57, 538204.25 ], [ 268982.412000000011176, 538199.28000000002794 ], [ 268965.289999999979045, 538159.837000000057742 ], [ 268930.816999999980908, 538080.425000000046566 ], [ 268895.936999999976251, 538000.076 ], [ 268863.871999999973923, 537926.209999999962747 ], [ 268830.650000000023283, 537849.680000000051223 ], [ 268828.041000000026543, 537843.65500000002794 ], [ 268808.488000000012107, 537798.506999999983236 ], [ 268808.093, 537797.59499999997206 ], [ 268784.24800000002142, 537742.533999999985099 ], [ 268760.202, 537687.008000000030734 ], [ 268743.114, 537647.550999999977648 ], [ 268742.916000000026543, 537647.094000000040978 ], [ 268740.729, 537642.04500000004191 ], [ 268725.628000000026077, 537607.175999999977648 ], [ 268691.717, 537528.946 ], [ 268691.674, 537528.84699999995064 ], [ 268656.759000000020023, 537448.304 ], [ 268620.641, 537364.98499999998603 ], [ 268596.88900000002468, 537310.191 ], [ 268593.0, 537301.21999999997206 ], [ 268580.794999999983702, 537273.01500000001397 ], [ 268563.24, 537232.449999999953434 ], [ 268562.017999999981839, 537186.015999999945052 ], [ 268560.329000000027008, 537121.792999999946915 ], [ 268558.770000000018626, 537062.53000000002794 ], [ 268558.31, 537045.052999999956228 ], [ 268554.330000000016298, 536893.662999999942258 ], [ 268548.39000000001397, 536667.761000000056811 ], [ 268548.26, 536662.800000000046566 ], [ 268544.299999999988358, 536513.650000000023283 ], [ 268540.199000000022352, 536359.157 ], [ 268537.536000000021886, 536258.82999999995809 ], [ 268532.151000000012573, 536055.964999999967404 ], [ 268529.087999999988824, 535940.569000000017695 ], [ 268528.109, 535903.694999999948777 ], [ 268528.092, 535903.067000000039116 ], [ 268524.080000000016298, 535751.927000000025146 ], [ 268524.071, 535751.603 ], [ 268520.042000000015832, 535599.814000000013039 ], [ 268519.652, 535585.136000000056811 ], [ 268515.978, 535446.662999999942258 ], [ 268513.958999999973457, 535370.599999999976717 ], [ 268511.962999999988824, 535295.37 ], [ 268511.310999999986961, 535270.79500000004191 ], [ 268509.919, 535218.363999999943189 ], [ 268509.44, 535200.314000000013039 ], [ 268507.88900000002468, 535141.866000000038184 ], [ 268505.818000000028405, 535063.809 ], [ 268503.822999999974854, 534988.621000000042841 ], [ 268498.966000000014901, 534805.569999999948777 ], [ 268491.729999999981374, 534532.900000000023283 ], [ 268488.88900000002468, 534426.662000000011176 ], [ 268483.922000000020489, 534240.878000000026077 ], [ 268474.275100000028033, 533880.052000000025146 ], [ 268000.0, 533856.917000000015832 ], [ 267881.011, 533851.12300000002142 ], [ 267855.550999999977648, 533850.604999999981374 ], [ 267658.092, 533841.24800000002142 ], [ 267634.572999999974854, 533836.495 ], [ 266961.422000000020489, 533803.535999999963678 ], [ 266940.300999999977648, 533802.491999999969266 ], [ 266930.141, 533802.981000000028871 ], [ 266897.327999999979511, 533801.349000000045635 ], [ 266907.933000000019092, 534397.283000000054017 ], [ 266996.050999999977648, 534401.523000000044703 ], [ 266996.066999999980908, 534457.87 ], [ 266897.520000000018626, 534452.925999999977648 ], [ 266922.114, 535380.538999999989755 ], [ 267377.24, 535371.82999999995809 ], [ 267378.179, 535583.844000000040978 ], [ 266947.651000000012573, 535594.297999999951571 ], [ 266986.818000000028405, 537115.819000000017695 ], [ 267653.10999999998603, 537101.462999999988824 ], [ 267651.37300000002142, 537441.856999999959953 ], [ 268065.590000000025611, 537840.689999999944121 ], [ 267848.083999999973457, 538110.714000000036322 ], [ 268067.080000000016298, 538340.84699999995064 ], [ 268092.577999999979511, 538377.322999999974854 ], [ 268594.613000000012107, 539093.050999999977648 ], [ 269072.397, 539774.20499999995809 ], [ 269052.992000000027474, 539841.545999999972992 ], [ 269037.977000000013504, 539840.488000000012107 ], [ 269031.281000000017229, 539918.498999999952503 ], [ 268883.218, 539915.050000000046566 ], [ 268697.775000000023283, 539816.142 ], [ 267824.577999999979511, 538557.596000000019558 ], [ 267822.0, 538553.88 ], [ 267564.788999999989755, 538200.895999999949709 ], [ 267361.93, 538363.743999999947846 ], [ 267168.69, 538472.810000000055879 ], [ 267111.857000000018161, 538504.886999999987893 ], [ 266990.804, 538351.549 ], [ 267103.590000000025611, 538257.88 ], [ 266691.81, 537881.63 ], [ 266540.663999999989755, 538021.555000000051223 ], [ 266474.843, 537750.555000000051223 ], [ 266383.965000000025611, 537762.074999999953434 ], [ 266230.473, 537607.672000000020489 ], [ 266020.183000000019092, 537646.162999999942258 ], [ 265982.37, 537452.608 ], [ 265861.938000000023749, 537429.966999999945983 ], [ 265703.49800000002142, 537400.179 ], [ 265558.87400000001071, 538150.601999999955297 ], [ 265651.12300000002142, 538167.822000000043772 ], [ 265679.075000000011642, 538173.26500000001397 ], [ 265705.119, 538177.88 ], [ 265719.799, 538181.665000000037253 ], [ 265729.958999999973457, 538184.667999999946915 ], [ 265739.669999999983702, 538188.49 ], [ 265741.064000000013039, 538189.147 ], [ 265748.174999999988358, 538192.5 ], [ 265755.129000000015367, 538196.457999999984168 ], [ 265757.071999999985565, 538196.28000000002794 ], [ 265758.829000000027008, 538196.479000000050291 ], [ 265760.51400000002468, 538197.005 ], [ 265763.09499999997206, 538198.599999999976717 ], [ 265767.023999999975786, 538201.77800000004936 ], [ 265771.572999999974854, 538206.01500000001397 ], [ 265776.00199999997858, 538210.973 ], [ 265781.150000000023283, 538216.927000000025146 ], [ 265783.800999999977648, 538220.503999999957159 ], [ 265818.558000000019092, 538267.393000000040047 ], [ 265822.487000000022817, 538273.82999999995809 ], [ 265826.086000000010245, 538282.050000000046566 ], [ 265828.49900000001071, 538290.462999999988824 ], [ 265829.566999999980908, 538298.091000000014901 ], [ 265829.678000000014435, 538305.77800000004936 ], [ 265825.460000000020955, 538396.946 ], [ 265824.93, 538418.432000000029802 ], [ 265836.26400000002468, 538412.964000000036322 ], [ 265886.744, 538421.5 ], [ 265939.059, 538430.23699999996461 ], [ 265999.826, 538440.386000000056811 ], [ 266458.517, 538518.15300000004936 ], [ 266575.098, 538537.635 ], [ 266557.857000000018161, 538639.822000000043772 ], [ 266556.299, 538649.060000000055879 ], [ 266234.244, 538594.724000000045635 ], [ 266224.783, 538622.603 ], [ 266180.117000000027474, 538613.645999999949709 ], [ 266178.147, 538616.839999999967404 ], [ 266382.346000000019558, 538744.849999999976717 ], [ 266316.896, 538850.954000000027008 ], [ 266329.99900000001071, 538859.261999999987893 ], [ 266364.245, 538880.854999999981374 ], [ 266364.674, 538881.125 ], [ 266365.727000000013504, 538881.790000000037253 ], [ 266428.104, 538921.121000000042841 ], [ 266467.315, 538945.665000000037253 ], [ 266520.19, 538978.761999999987893 ], [ 266524.847, 538981.677000000025146 ], [ 266554.137999999977183, 539000.0 ], [ 266568.042000000015832, 539008.697999999974854 ], [ 266585.009000000020023, 539019.941 ], [ 266591.038, 539024.165999999968335 ], [ 266594.289999999979045, 539027.09699999995064 ], [ 266596.027, 539028.827000000048429 ], [ 266628.169999999983702, 539048.633000000030734 ], [ 266657.794999999983702, 539066.959000000031665 ], [ 266674.109, 539078.312000000034459 ], [ 266676.979999999981374, 539082.062999999965541 ], [ 266678.64000000001397, 539086.937000000034459 ], [ 266679.460000000020955, 539095.569999999948777 ], [ 266683.107000000018161, 539097.790000000037253 ], [ 266691.762999999977183, 539091.145000000018626 ], [ 266691.885, 539093.071 ], [ 266713.776000000012573, 539148.145999999949709 ], [ 266715.004000000015367, 539151.248999999952503 ], [ 266717.587, 539157.827000000048429 ], [ 266724.202, 539164.413999999989755 ], [ 266728.226000000024214, 539166.770999999949709 ], [ 266732.444000000017695, 539168.865 ], [ 266739.525000000023283, 539171.589000000036322 ], [ 266747.865, 539173.699000000022352 ], [ 266751.481000000028871, 539174.28000000002794 ], [ 266757.782, 539174.952999999979511 ], [ 266764.862000000022817, 539175.207000000053085 ], [ 266769.460000000020955, 539175.030999999959022 ], [ 266774.770000000018626, 539174.493000000016764 ], [ 266782.188000000023749, 539173.12300000002142 ], [ 266786.282, 539172.045999999972992 ], [ 266795.335000000020955, 539168.50199999997858 ], [ 266807.417000000015832, 539163.633999999961816 ], [ 266812.794, 539162.10999999998603 ], [ 266817.216000000014901, 539161.246000000042841 ], [ 266819.945, 539160.881000000052154 ], [ 266826.108, 539160.51500000001397 ], [ 266829.278, 539160.572000000043772 ], [ 266832.960000000020955, 539160.853 ], [ 266841.637999999977183, 539162.468 ], [ 266847.717, 539164.446 ], [ 266851.96999999997206, 539166.319000000017695 ], [ 266855.830000000016298, 539168.32999999995809 ], [ 266857.917000000015832, 539169.594000000040978 ], [ 266864.909999999974389, 539174.454000000027008 ], [ 266869.798, 539178.447999999974854 ], [ 266878.071, 539185.912999999942258 ], [ 266882.056999999971595, 539189.049 ], [ 266899.38900000002468, 539203.915999999968335 ], [ 266916.038999999989755, 539223.658000000054017 ], [ 266891.036000000021886, 539251.623999999952503 ], [ 266868.381, 539277.155999999959022 ], [ 266863.767999999981839, 539282.441 ], [ 266859.733, 539287.258999999961816 ], [ 266856.450000000011642, 539291.348 ], [ 266858.081, 539292.381999999983236 ], [ 266899.125, 539318.368999999947846 ], [ 266932.411000000021886, 539339.441 ], [ 266923.093999999982771, 539352.115 ], [ 267005.489, 539402.10999999998603 ], [ 267137.34499999997206, 539482.216000000014901 ], [ 267159.854, 539495.782 ], [ 267160.98499999998603, 539496.468 ], [ 267161.930999999982305, 539497.040999999968335 ], [ 267162.159999999974389, 539497.180000000051223 ], [ 267162.407, 539497.32999999995809 ], [ 267162.669, 539497.488999999943189 ], [ 267170.270000000018626, 539502.103 ], [ 267170.536000000021886, 539502.26300000003539 ], [ 267170.648999999975786, 539502.331 ], [ 267173.681999999971595, 539504.172999999951571 ], [ 267347.23499999998603, 539609.343 ], [ 267353.69, 539613.285999999963678 ], [ 267355.472, 539614.373999999952503 ], [ 267358.533999999985099, 539616.243999999947846 ], [ 267467.631, 539682.300999999977648 ], [ 267566.504000000015367, 539742.491999999969266 ], [ 267670.053000000014435, 539804.660000000032596 ], [ 267674.490999999979977, 539807.332999999984168 ], [ 267683.645000000018626, 539812.846000000019558 ], [ 267746.810999999986961, 539850.319000000017695 ], [ 267748.216000000014901, 539851.15300000004936 ], [ 267841.847, 539907.562000000034459 ], [ 267850.668, 539912.876000000047497 ], [ 267939.976000000024214, 539967.045999999972992 ], [ 267994.465000000025611, 540000.0 ], [ 268000.0, 540003.348 ], [ 268001.553000000014435, 540004.287000000011176 ], [ 268015.568000000028405, 540012.75 ], [ 268024.76500000001397, 540018.395999999949709 ], [ 268143.821, 540089.927000000025146 ], [ 268159.507999999972526, 540099.903999999980442 ], [ 268162.527, 540101.824000000022352 ], [ 268170.049, 540106.59699999995064 ], [ 268173.256999999983236, 540108.648999999975786 ], [ 268178.476000000024214, 540111.755 ], [ 268180.599999999976717, 540113.018999999971129 ], [ 268188.833999999973457, 540117.919 ], [ 268223.757999999972526, 540138.702000000048429 ], [ 268241.121999999973923, 540149.441 ], [ 268304.087, 540187.400000000023283 ], [ 268398.857000000018161, 540245.403999999980442 ], [ 268399.283999999985099, 540245.665999999968335 ], [ 268400.028999999980442, 540246.121999999973923 ], [ 268401.418, 540246.97199999995064 ], [ 268406.965000000025611, 540250.368000000016764 ], [ 268407.178000000014435, 540250.49800000002142 ], [ 268418.601000000024214, 540257.488999999943189 ], [ 268419.375, 540257.962999999988824 ], [ 268425.454000000027008, 540261.386000000056811 ], [ 268441.935999999986961, 540270.674 ], [ 268445.522, 540273.091999999945983 ], [ 268447.194000000017695, 540274.398999999975786 ], [ 268449.585000000020955, 540276.268999999971129 ], [ 268449.767, 540276.410999999963678 ], [ 268452.131, 540279.035999999963678 ], [ 268453.226000000024214, 540280.25199999997858 ], [ 268453.691, 540281.199000000022352 ], [ 268455.723999999987427, 540285.337999999988824 ], [ 268455.778, 540285.447000000043772 ], [ 268456.603, 540288.783000000054017 ], [ 268473.957999999984168, 540358.954000000027008 ], [ 268474.723, 540362.045999999972992 ], [ 268494.394900000013877, 540443.092799999983981 ], [ 268494.407, 540443.084000000031665 ], [ 268499.607000000018161, 540439.337000000057742 ], [ 268508.099999999976717, 540432.255 ], [ 268515.596000000019558, 540424.709000000031665 ], [ 268517.74, 540414.665999999968335 ], [ 268519.326, 540410.435999999986961 ], [ 268521.311999999976251, 540408.057999999960884 ], [ 268524.204000000027008, 540404.59499999997206 ], [ 268535.952, 540397.26500000001397 ], [ 268530.125, 540375.339999999967404 ], [ 268528.218999999982771, 540368.17000000004191 ], [ 268528.240999999979977, 540367.165999999968335 ], [ 268525.305999999982305, 540363.53000000002794 ], [ 268524.157, 540355.723 ], [ 268529.507999999972526, 540348.51500000001397 ], [ 268530.815, 540346.753999999957159 ], [ 268533.082999999984168, 540346.60999999998603 ], [ 268533.5, 540346.582999999984168 ], [ 268535.517999999981839, 540346.45499999995809 ], [ 268537.602000000013504, 540346.322999999974854 ], [ 268543.941, 540355.969000000040978 ] ] ], [ [ [ 260862.853, 536472.694000000017695 ], [ 260914.856999999989057, 536202.255 ], [ 260862.883, 536198.084000000031665 ], [ 260814.09, 536193.885 ], [ 260749.209, 536188.851000000024214 ], [ 260708.288999999989755, 536185.234000000054948 ], [ 260702.893000000010943, 536185.047000000020489 ], [ 260653.278, 536181.375 ], [ 260611.589, 536178.086000000010245 ], [ 260566.209, 536174.055000000051223 ], [ 260542.837, 536172.214000000036322 ], [ 260534.207, 536171.459000000031665 ], [ 260529.351, 536170.748999999952503 ], [ 260522.385, 536170.287999999942258 ], [ 260495.15, 536167.103 ], [ 260473.915, 536164.066 ], [ 260458.931000000011409, 536161.517 ], [ 260447.389, 536159.863999999943189 ], [ 260436.12, 536158.618000000016764 ], [ 260422.278, 536157.204000000027008 ], [ 260404.863000000012107, 536155.491000000038184 ], [ 260393.85, 536154.267 ], [ 260386.154, 536153.321 ], [ 260380.75700000001234, 536152.241999999969266 ], [ 260371.746000000013737, 536150.606000000028871 ], [ 260362.679, 536147.927999999956228 ], [ 260354.310999999986961, 536145.658000000054017 ], [ 260347.027, 536143.459000000031665 ], [ 260344.12400000001071, 536141.694999999948777 ], [ 260342.415, 536139.640999999945052 ], [ 260341.388, 536137.272 ], [ 260328.582, 536179.290999999968335 ], [ 260437.404, 536188.576 ], [ 260437.671, 536286.223 ], [ 260408.041999999986729, 536283.493999999947846 ], [ 260345.717, 536604.929 ], [ 260296.200000000011642, 536598.54500000004191 ], [ 260293.956, 536601.133999999961816 ], [ 260288.739, 536607.538999999989755 ], [ 260284.187, 536613.631999999983236 ], [ 260279.557, 536620.40500000002794 ], [ 260275.122, 536627.549 ], [ 260271.449, 536634.062000000034459 ], [ 260268.574, 536639.625 ], [ 260265.453, 536646.23699999996461 ], [ 260262.878, 536652.256000000052154 ], [ 260260.480000000010477, 536658.449999999953434 ], [ 260258.408, 536664.402 ], [ 260256.518000000010943, 536670.484000000054948 ], [ 260254.807999999989988, 536676.726999999955297 ], [ 260253.560999999986961, 536681.912000000011176 ], [ 260252.253999999986263, 536687.706 ], [ 260250.083000000013271, 536698.88 ], [ 260233.1, 536786.275999999954365 ], [ 260214.738000000012107, 536880.773000000044703 ], [ 260204.6, 536932.947999999974854 ], [ 260200.0, 536952.653999999980442 ], [ 260194.814000000013039, 536974.87 ], [ 260188.948, 537000.0 ], [ 260181.759, 537030.79500000004191 ], [ 260175.532, 537062.856999999959953 ], [ 260124.866, 537323.753000000026077 ], [ 260176.458000000013271, 537334.077000000048429 ], [ 260200.0, 537338.787999999942258 ], [ 260269.166999999986729, 537352.628999999957159 ], [ 260468.527, 537392.523999999975786 ], [ 260477.214, 537394.261999999987893 ], [ 260480.658, 537394.952000000048429 ], [ 260481.253, 537389.77800000004936 ], [ 260484.060999999986961, 537365.366000000038184 ], [ 260491.605000000010477, 537299.785999999963678 ], [ 260493.131, 537300.091000000014901 ], [ 260530.897, 537307.63 ], [ 260535.351, 537311.550000000046566 ], [ 260540.517, 537316.187000000034459 ], [ 260546.927, 537320.005 ], [ 260553.079999999987194, 537322.986000000033528 ], [ 260561.179, 537325.92000000004191 ], [ 260570.087999999988824, 537328.59699999995064 ], [ 260578.215999999985797, 537330.557000000029802 ], [ 260580.443, 537331.238999999943189 ], [ 260582.408, 537331.927999999956228 ], [ 260605.85, 537335.908000000054017 ], [ 260653.165, 537345.305000000051223 ], [ 260739.989, 537362.699000000022352 ], [ 260724.019999999989523, 537443.028999999980442 ], [ 260776.613000000012107, 537453.770999999949709 ], [ 260850.098999999987427, 537468.77800000004936 ], [ 261215.138, 537543.324999999953434 ], [ 261281.24299999998766, 537556.824999999953434 ], [ 261328.146, 537566.403999999980442 ], [ 261332.428000000014435, 537567.27800000004936 ], [ 261343.788999999989755, 537569.569000000017695 ], [ 261345.306000000011409, 537569.908000000054017 ], [ 261549.598, 537611.628000000026077 ], [ 261552.935999999986961, 537612.310000000055879 ], [ 261896.439000000013039, 537682.459999999962747 ], [ 261899.636, 537666.077999999979511 ], [ 261913.422, 537597.738000000012107 ], [ 261913.333000000013271, 537594.091999999945983 ], [ 261913.416999999986729, 537592.61199999996461 ], [ 261913.022, 537591.219000000040978 ], [ 261929.744, 537593.726000000024214 ], [ 261931.431000000011409, 537594.113000000012107 ], [ 261932.456, 537594.261999999987893 ], [ 261875.413999999989755, 537885.316 ], [ 261880.170000000012806, 537886.300999999977648 ], [ 261948.559, 537900.46999999997206 ], [ 262000.0, 537910.892 ], [ 262079.027, 537926.90300000004936 ], [ 262143.715999999985797, 537940.008999999961816 ], [ 262395.136, 537990.947000000043772 ], [ 262439.208999999973457, 538000.0 ], [ 262544.267999999981839, 538021.57999999995809 ], [ 262548.5, 538000.0 ], [ 262601.728, 537728.555000000051223 ], [ 262602.403, 537726.527 ], [ 262604.270000000018626, 537727.025000000023283 ], [ 262626.531000000017229, 537732.964000000036322 ], [ 262610.824000000022352, 537814.415000000037253 ], [ 262607.688000000023749, 537836.745 ], [ 262583.48599999997532, 537973.636000000056811 ], [ 262578.172000000020489, 538000.0 ], [ 262567.462999999988824, 538053.136999999987893 ], [ 262557.055999999982305, 538098.153999999980442 ], [ 262550.783999999985099, 538125.545999999972992 ], [ 262717.771, 538159.177999999956228 ], [ 262718.167000000015832, 538158.12699999997858 ], [ 262719.059, 538151.48499999998603 ], [ 262781.739, 538000.0 ], [ 262796.865999999979977, 537963.442000000039116 ], [ 262851.917000000015832, 537828.60999999998603 ], [ 262859.125, 537809.761999999987893 ], [ 262861.593, 537802.216000000014901 ], [ 262863.667000000015832, 537793.871999999973923 ], [ 262863.979999999981374, 537790.047999999951571 ], [ 262863.518999999971129, 537786.476000000024214 ], [ 262859.254000000015367, 537776.136000000056811 ], [ 262886.449000000022352, 537781.912999999942258 ], [ 262892.298, 537783.15500000002794 ], [ 263256.441, 537850.910000000032596 ], [ 263271.403, 537854.574999999953434 ], [ 263364.13, 537872.084999999962747 ], [ 263443.205000000016298, 537887.033000000054017 ], [ 263539.28000000002794, 537904.650000000023283 ], [ 263553.744, 537907.851000000024214 ], [ 263771.071999999985565, 537948.589000000036322 ], [ 263775.62, 537949.427000000025146 ], [ 264000.0, 537990.753999999957159 ], [ 264050.197999999974854, 538000.0 ], [ 264057.663, 538001.375 ], [ 264066.256, 538002.937000000034459 ], [ 264065.804, 538005.903999999980442 ], [ 264073.125, 538007.23499999998603 ], [ 264302.227000000013504, 538048.875 ], [ 264441.319000000017695, 538073.616000000038184 ], [ 264441.843, 538070.660999999963678 ], [ 264458.204000000027008, 538072.707000000053085 ], [ 264460.544, 538073.116000000038184 ], [ 264739.51500000001397, 538121.932999999960884 ], [ 264753.03000000002794, 538124.310999999986961 ], [ 265043.794, 538174.422999999951571 ], [ 265055.244, 538175.917999999946915 ], [ 265211.696999999985565, 538202.37699999997858 ], [ 265297.960000000020955, 538216.964999999967404 ], [ 265319.427000000025146, 538220.596000000019558 ], [ 265485.819000000017695, 537353.003999999957159 ], [ 260862.853, 536472.694000000017695 ] ] ] ] } },
{ "type": "Feature", "properties": { "buurtcode": "BU01140400", "buurtnaam": "Barger-Compascuum-Centrum", "pc6_codes": "7884NA, 7884NB, 7884NC, 7884ND, 7884NE, 7884NG, 7884NH, 7884PA, 7884PB, 7884PC, 7884PD, 7884PE, 7884PJ, 7884PK, 7884PL, 7884PM, 7884PN, 7884PP, 7884PR, 7884PS, 7884PT, 7884PV, 7884PW, 7884PX, 7884PZ, 7884RA, 7884RB, 7884RC, 7884RD, 7884RE, 7884RG, 7884RH, 7884RK, 7884RL, 7884RN, 7884RP, 7884TG, 7884TM", "wijkcode": "WK011404", "gemeentecode": "GM0114", "gemeentenaam": "Emmen", "oppervlakteLandInHa": 120, "AantalInwoners_5": 1370, "Mannen_6": 705, "Vrouwen_7": 665, "HuishoudensTotaal_29": 595, "GemiddeldeHuishoudensgrootte_33": 2.3, "Woningvoorraad_35": 601, "NieuwbouwWoningen_36": 0, "NietWoningvoorraad_37": 22, "NieuwbouwNietWoningen_38": 0, "GemiddeldeWOZWaardeVanWoningen_39": 215, "PercentageEengezinswoning_40": 98, "PercentageTussenwoningEengezins_41": 23, "PercentageHoekwoningEengezins_42": 19, "PercentageTweeOnderEenKapWoningEe_43": 28, "PercentageVrijstaandeWoningEengezins_44": 29, "PercentageMeergezinswoning_45": 2, "Koopwoningen_47": 71, "HuurwoningenTotaal_48": 29, "InBezitWoningcorporatie_49": 22, "InBezitOverigeVerhuurders_50": 7, "BouwjaarMeerDanTienJaarGeleden_51": 97, "BouwjaarAfgelopenTienJaar_52": 3, "GemiddeldeElektriciteitslevering_53": 2920, "GemiddeldeElektriciteitsteruglevering_54": 1240, "GemiddeldAardgasverbruik_55": 1030, "AardgasvrijeWoningen_57": 3, "Aardgaswoningen_58": 90, "WoningenMetZonnestroom_59": 53, "WoningenHoofdzElektrVerwarmd_60": 9, "k_20PersonenMetHoogsteInkomen_80": 9.9, "k_20HuishoudensMetHoogsteInkomen_85": 14.6, "MediaanVermogenVanParticuliereHuish_86": 77.4, "PersonenautoSTotaal_104": 825, "PersonenautoSBrandstofBenzine_105": 700, "PersonenautoSOverigeBrandstof_106": 130, "PersonenautoSPerHuishouden_107": 1.4, "Omgevingsadressendichtheid_121": 196, "AantalInstallatiesBijWoningen_5": 211, "OpgesteldVermogenVanZonnepanelen_6": 830, "installaties_per_woning": 0.35108153078202997, "vermogen_per_woning": 1.3810316139767056, "installaties_per_100_woningen": 35.108153078202996, "vermogen_per_huishouden": 1.3949579831932772, "batterijdruk_score": 657.2, "koop_zon_score": 0.3763, "eengezins_zon_score": 0.5194, "betaalkracht_zon_score": 41.022, "overige_brandstof_zon_score": 68.9, "lichte_batterij_kansscore": 0.48208021611285828 }, "geometry": { "type": "MultiPolygon", "coordinates": [ [ [ [ 266838.614, 531788.574999999953434 ], [ 267141.913999999989755, 531802.697000000043772 ], [ 267171.818000000028405, 531201.405999999959022 ], [ 267322.322999999974854, 531208.633999999961816 ], [ 267331.5, 531015.310000000055879 ], [ 267181.427000000025146, 531008.185999999986961 ], [ 267206.700000000011642, 530500.0 ], [ 266869.892, 530484.013999999966472 ], [ 266553.217, 530468.984000000054948 ], [ 266558.305999999982305, 530669.792000000015832 ], [ 265981.843999999982771, 530643.079000000027008 ], [ 266000.0, 531251.59699999995064 ], [ 266168.463999999978114, 531260.349999999976717 ], [ 266171.028, 531353.75 ], [ 266562.99, 531372.67000000004191 ], [ 266574.245, 531875.395999999949709 ], [ 266841.678000000014435, 531888.337000000057742 ], [ 266838.614, 531788.574999999953434 ] ] ] ] } },
{ "type": "Feature", "properties": { "buurtcode": "BU01140401", "buurtnaam": "Scholtenskanaal", "pc6_codes": "7889VA, 7889VB, 7889VC, 7889VD, 7889VG, 7889VH", "wijkcode": "WK011404", "gemeentecode": "GM0114", "gemeentenaam": "Emmen", "oppervlakteLandInHa": 99, "AantalInwoners_5": 245, "Mannen_6": 140, "Vrouwen_7": 105, "HuishoudensTotaal_29": 115, "GemiddeldeHuishoudensgrootte_33": 2.2, "Woningvoorraad_35": 70, "NieuwbouwWoningen_36": 4, "NietWoningvoorraad_37": 11, "NieuwbouwNietWoningen_38": 0, "GemiddeldeWOZWaardeVanWoningen_39": 339, "PercentageEengezinswoning_40": 94, "PercentageTussenwoningEengezins_41": 0, "PercentageHoekwoningEengezins_42": 0, "PercentageTweeOnderEenKapWoningEe_43": 31, "PercentageVrijstaandeWoningEengezins_44": 63, "PercentageMeergezinswoning_45": 6, "Koopwoningen_47": 77, "HuurwoningenTotaal_48": 23, "InBezitWoningcorporatie_49": 16, "InBezitOverigeVerhuurders_50": 7, "BouwjaarMeerDanTienJaarGeleden_51": 89, "BouwjaarAfgelopenTienJaar_52": 11, "GemiddeldeElektriciteitslevering_53": 3940, "GemiddeldeElektriciteitsteruglevering_54": 1770, "GemiddeldAardgasverbruik_55": 1180, "AardgasvrijeWoningen_57": null, "Aardgaswoningen_58": null, "WoningenMetZonnestroom_59": null, "WoningenHoofdzElektrVerwarmd_60": null, "k_20PersonenMetHoogsteInkomen_80": 14.8, "k_20HuishoudensMetHoogsteInkomen_85": 24.1, "MediaanVermogenVanParticuliereHuish_86": 84.1, "PersonenautoSTotaal_104": 135, "PersonenautoSBrandstofBenzine_105": 105, "PersonenautoSOverigeBrandstof_106": 25, "PersonenautoSPerHuishouden_107": 1.2, "Omgevingsadressendichtheid_121": 18, "AantalInstallatiesBijWoningen_5": 18, "OpgesteldVermogenVanZonnepanelen_6": 96, "installaties_per_woning": 0.25714285714285712, "vermogen_per_woning": 1.3714285714285714, "installaties_per_100_woningen": 25.714285714285712, "vermogen_per_huishouden": 0.83478260869565213, "batterijdruk_score": null, "koop_zon_score": null, "eengezins_zon_score": null, "betaalkracht_zon_score": null, "overige_brandstof_zon_score": null, "lichte_batterij_kansscore": null }, "geometry": { "type": "MultiPolygon", "coordinates": [ [ [ [ 263955.169, 533606.253999999957159 ], [ 263955.25, 533607.988000000012107 ], [ 264000.0, 533605.702999999979511 ], [ 264046.506, 533603.327999999979511 ], [ 264079.332, 533601.464999999967404 ], [ 264078.063000000023749, 533555.728 ], [ 264076.148999999975786, 533515.748999999952503 ], [ 264075.675999999977648, 533505.866999999969266 ], [ 264075.197999999974854, 533495.878999999957159 ], [ 264074.242000000027474, 533475.900999999954365 ], [ 264073.85999999998603, 533467.910000000032596 ], [ 264073.286000000021886, 533455.924 ], [ 264072.329000000027008, 533435.946 ], [ 264071.371999999973923, 533415.969000000040978 ], [ 264070.559, 533398.988999999943189 ], [ 264069.745999999984633, 533382.008000000030734 ], [ 264068.731000000028871, 533360.812000000034459 ], [ 263973.038999999989755, 533365.86199999996461 ], [ 263972.408, 533352.405999999959022 ], [ 264000.0, 533351.231000000028871 ], [ 264105.204000000027008, 533346.751000000047497 ], [ 264190.678000000014435, 533341.792000000015832 ], [ 264192.368000000016764, 533341.773000000044703 ], [ 264194.212999999988824, 533341.550000000046566 ], [ 264195.794, 533340.961000000010245 ], [ 264197.120999999984633, 533340.201 ], [ 264198.468999999982771, 533339.508000000030734 ], [ 264199.784999999974389, 533338.552000000025146 ], [ 264201.409999999974389, 533336.841999999945983 ], [ 264202.099999999976717, 533335.645000000018626 ], [ 264202.568000000028405, 533334.417000000015832 ], [ 264202.813000000023749, 533332.691 ], [ 264202.816999999980908, 533332.094000000040978 ], [ 264202.825000000011642, 533330.89000000001397 ], [ 264196.645000000018626, 533209.805000000051223 ], [ 264196.446, 533205.900000000023283 ], [ 264195.528, 533166.435000000055879 ], [ 264195.306999999971595, 533164.533000000054017 ], [ 264190.577, 533082.38800000003539 ], [ 264186.532, 533012.128999999957159 ], [ 264185.923, 533000.0 ], [ 264184.971000000019558, 532981.052000000025146 ], [ 264180.896, 532896.037999999942258 ], [ 264214.384000000020023, 532894.337999999988824 ], [ 264213.992000000027474, 532880.942000000039116 ], [ 264180.31, 532882.652 ], [ 264179.697999999974854, 532870.768000000040047 ], [ 264176.825000000011642, 532799.09699999995064 ], [ 264176.533999999985099, 532789.998999999952503 ], [ 264176.299, 532784.930999999982305 ], [ 264176.131999999983236, 532782.736000000033528 ], [ 264175.884000000020023, 532779.481999999959953 ], [ 264175.476000000024214, 532774.476999999955297 ], [ 264175.275000000023283, 532769.566 ], [ 264174.382999999972526, 532755.745 ], [ 264173.288, 532730.059 ], [ 264172.463999999978114, 532713.677999999956228 ], [ 264170.946999999985565, 532682.871000000042841 ], [ 264166.711000000010245, 532605.310000000055879 ], [ 264166.783999999985099, 532599.974999999976717 ], [ 264166.669, 532589.081 ], [ 264166.424999999988358, 532582.606000000028871 ], [ 264166.283, 532578.837999999988824 ], [ 264165.212, 532564.913999999989755 ], [ 264163.972, 532544.993999999947846 ], [ 264163.169999999983702, 532526.442000000039116 ], [ 264162.582999999984168, 532512.261999999987893 ], [ 264161.777, 532502.218 ], [ 264161.46999999997206, 532498.194000000017695 ], [ 264160.859, 532482.756000000052154 ], [ 264156.902, 532382.832000000053085 ], [ 264153.851000000024214, 532305.768999999971129 ], [ 264153.652, 532298.947999999974854 ], [ 264153.550999999977648, 532297.322000000043772 ], [ 264152.158999999985099, 532283.082000000053085 ], [ 264151.408999999985099, 532275.40500000002794 ], [ 264141.821999999985565, 532064.611000000033528 ], [ 264139.74800000002142, 532000.0 ], [ 264139.213999999978114, 531983.349000000045635 ], [ 264138.794999999983702, 531970.304 ], [ 264137.006, 531934.871000000042841 ], [ 264134.255, 531884.89000000001397 ], [ 264131.670999999972992, 531844.866999999969266 ], [ 264130.416000000026543, 531807.643000000040047 ], [ 264126.143999999971129, 531712.816 ], [ 264124.313000000023749, 531678.212000000057742 ], [ 264122.684, 531634.682000000029802 ], [ 264120.484, 531593.086000000010245 ], [ 264116.213999999978114, 531504.797000000020489 ], [ 264114.476000000024214, 531467.706 ], [ 264112.304, 531419.59499999997206 ], [ 264110.142, 531380.910000000032596 ], [ 264108.739, 531360.474999999976717 ], [ 264107.439000000013039, 531345.194000000017695 ], [ 264106.482000000018161, 531327.47199999995064 ], [ 264105.044, 531305.148999999975786 ], [ 264104.197999999974854, 531285.163999999989755 ], [ 263971.309, 531292.515999999945052 ], [ 263964.180999999982305, 531142.858 ], [ 263922.793, 531144.817000000039116 ], [ 263910.226000000024214, 530887.025000000023283 ], [ 263887.25199999997858, 530888.128000000026077 ], [ 263877.169, 530674.831 ], [ 263876.857000000018161, 530668.234000000054948 ], [ 263839.21999999997206, 529872.093 ], [ 263829.487000000022817, 529666.216999999945983 ], [ 263829.12300000002142, 529658.545999999972992 ], [ 263820.912000000011176, 529658.937999999965541 ], [ 263816.783, 529571.402 ], [ 263814.174999999988358, 529516.125 ], [ 263790.843, 529517.751000000047497 ], [ 263789.656000000017229, 529489.84499999997206 ], [ 263774.488000000012107, 529488.135 ], [ 263733.767, 529483.542999999946915 ], [ 263727.53000000002794, 529483.682999999960884 ], [ 263718.829000000027008, 529483.810000000055879 ], [ 263708.974999999976717, 529484.332000000053085 ], [ 263691.363000000012107, 529485.145000000018626 ], [ 263668.347, 529486.375 ], [ 263654.256999999983236, 529487.268000000040047 ], [ 263820.988000000012107, 532907.353 ], [ 263912.229999999981374, 532904.596000000019558 ], [ 263911.631999999983236, 532924.616999999969266 ], [ 263914.956, 532996.817000000039116 ], [ 263915.103, 533000.0 ], [ 263919.49900000001071, 533095.479000000050291 ], [ 263924.098, 533195.37300000002142 ], [ 263928.696999999985565, 533295.256000000052154 ], [ 263933.295999999972992, 533395.150999999954365 ], [ 263937.895000000018626, 533495.04500000004191 ], [ 263938.12400000001071, 533500.023999999975786 ], [ 263938.338999999978114, 533513.055999999982305 ], [ 263939.017, 533535.827999999979511 ], [ 263939.164999999979045, 533549.714999999967404 ], [ 263938.455000000016298, 533561.540999999968335 ], [ 263937.506, 533570.738999999943189 ], [ 263936.848, 533575.952999999979511 ], [ 263936.401000000012573, 533577.611000000033528 ], [ 263935.815, 533578.929 ], [ 263935.185, 533579.871000000042841 ], [ 263934.283999999985099, 533580.567000000039116 ], [ 263933.321999999985565, 533581.25199999997858 ], [ 263932.313000000023749, 533581.788999999989755 ], [ 263931.032, 533582.365 ], [ 263931.664999999979045, 533595.961000000010245 ], [ 263854.739, 533599.336000000010245 ], [ 263855.228, 533609.846000000019558 ], [ 263955.169, 533606.253999999957159 ] ] ] ] } },
{ "type": "Feature", "properties": { "buurtcode": "BU01140402", "buurtnaam": "Verlengde Oosterdiep", "pc6_codes": "7884RH, 7884RJ, 7884RL, 7884TD, 7884TE, 7884TG, 7884TM", "wijkcode": "WK011404", "gemeentecode": "GM0114", "gemeentenaam": "Emmen", "oppervlakteLandInHa": 110, "AantalInwoners_5": 235, "Mannen_6": 130, "Vrouwen_7": 105, "HuishoudensTotaal_29": 105, "GemiddeldeHuishoudensgrootte_33": 2.1, "Woningvoorraad_35": 107, "NieuwbouwWoningen_36": 1, "NietWoningvoorraad_37": 6, "NieuwbouwNietWoningen_38": 0, "GemiddeldeWOZWaardeVanWoningen_39": 289, "PercentageEengezinswoning_40": 82, "PercentageTussenwoningEengezins_41": 0, "PercentageHoekwoningEengezins_42": 0, "PercentageTweeOnderEenKapWoningEe_43": 21, "PercentageVrijstaandeWoningEengezins_44": 62, "PercentageMeergezinswoning_45": 18, "Koopwoningen_47": 79, "HuurwoningenTotaal_48": 21, "InBezitWoningcorporatie_49": 0, "InBezitOverigeVerhuurders_50": 21, "BouwjaarMeerDanTienJaarGeleden_51": 100, "BouwjaarAfgelopenTienJaar_52": 0, "GemiddeldeElektriciteitslevering_53": 3240, "GemiddeldeElektriciteitsteruglevering_54": 1800, "GemiddeldAardgasverbruik_55": 1140, "AardgasvrijeWoningen_57": 3, "Aardgaswoningen_58": 88, "WoningenMetZonnestroom_59": 50, "WoningenHoofdzElektrVerwarmd_60": 12, "k_20PersonenMetHoogsteInkomen_80": 10.3, "k_20HuishoudensMetHoogsteInkomen_85": 15.5, "MediaanVermogenVanParticuliereHuish_86": 163.4, "PersonenautoSTotaal_104": 140, "PersonenautoSBrandstofBenzine_105": 110, "PersonenautoSOverigeBrandstof_106": 30, "PersonenautoSPerHuishouden_107": 1.4, "Omgevingsadressendichtheid_121": 56, "AantalInstallatiesBijWoningen_5": 32, "OpgesteldVermogenVanZonnepanelen_6": 179, "installaties_per_woning": 0.29906542056074764, "vermogen_per_woning": 1.6728971962616823, "installaties_per_100_woningen": 29.906542056074763, "vermogen_per_huishouden": 1.7047619047619047, "batterijdruk_score": 900.0, "koop_zon_score": 0.395, "eengezins_zon_score": 0.41, "betaalkracht_zon_score": 81.7, "overige_brandstof_zon_score": 15.0, "lichte_batterij_kansscore": 0.47447738586953409 }, "geometry": { "type": "MultiPolygon", "coordinates": [ [ [ [ 266626.38, 528458.226000000024214 ], [ 266627.396, 528458.253999999957159 ], [ 266627.12699999997858, 528448.104999999981374 ], [ 266626.231000000028871, 528414.256000000052154 ], [ 266625.543, 528388.915999999968335 ], [ 266623.385, 528389.179 ], [ 266605.21999999997206, 528391.395000000018626 ], [ 266599.617000000027474, 528392.582999999984168 ], [ 266594.052000000025146, 528394.216000000014901 ], [ 266559.381, 528405.430000000051223 ], [ 266552.24, 528407.376000000047497 ], [ 266543.458999999973457, 528409.633000000030734 ], [ 266534.99900000001071, 528411.307000000029802 ], [ 266527.277, 528412.133000000030734 ], [ 266513.971000000019558, 528412.535000000032596 ], [ 266504.818000000028405, 528412.037000000011176 ], [ 266501.071999999985565, 528411.37699999997858 ], [ 266553.217, 530468.984000000054948 ], [ 266869.892, 530484.013999999966472 ], [ 266822.031000000017229, 528573.662000000011176 ], [ 266720.243000000016764, 528568.871000000042841 ], [ 266687.653999999980442, 528567.337999999988824 ], [ 266687.022, 528567.307999999960884 ], [ 266678.908999999985099, 528566.925999999977648 ], [ 266629.275000000023283, 528563.84699999995064 ], [ 266626.38, 528458.226000000024214 ] ] ], [ [ [ 266574.245, 531875.395999999949709 ], [ 266629.395000000018626, 533786.452000000048429 ], [ 266768.75, 533793.589999999967404 ], [ 266828.788, 533797.939999999944121 ], [ 266897.327999999979511, 533801.349000000045635 ], [ 266863.304, 531889.383000000030734 ], [ 266841.678000000014435, 531888.337000000057742 ], [ 266574.245, 531875.395999999949709 ] ] ] ] } },
{ "type": "Feature", "properties": { "buurtcode": "BU01140408", "buurtnaam": "Limietweg", "pc6_codes": "7884TA, 7884TB, 7884TC, 7884TH", "wijkcode": "WK011404", "gemeentecode": "GM0114", "gemeentenaam": "Emmen", "oppervlakteLandInHa": 122, "AantalInwoners_5": 145, "Mannen_6": 80, "Vrouwen_7": 65, "HuishoudensTotaal_29": 60, "GemiddeldeHuishoudensgrootte_33": 2.4, "Woningvoorraad_35": 60, "NieuwbouwWoningen_36": 0, "NietWoningvoorraad_37": 3, "NieuwbouwNietWoningen_38": 0, "GemiddeldeWOZWaardeVanWoningen_39": 316, "PercentageEengezinswoning_40": 100, "PercentageTussenwoningEengezins_41": 0, "PercentageHoekwoningEengezins_42": 0, "PercentageTweeOnderEenKapWoningEe_43": 7, "PercentageVrijstaandeWoningEengezins_44": 93, "PercentageMeergezinswoning_45": 0, "Koopwoningen_47": 98, "HuurwoningenTotaal_48": 2, "InBezitWoningcorporatie_49": 2, "InBezitOverigeVerhuurders_50": 0, "BouwjaarMeerDanTienJaarGeleden_51": 93, "BouwjaarAfgelopenTienJaar_52": 7, "GemiddeldeElektriciteitslevering_53": 3680, "GemiddeldeElektriciteitsteruglevering_54": 2050, "GemiddeldAardgasverbruik_55": 1200, "AardgasvrijeWoningen_57": null, "Aardgaswoningen_58": null, "WoningenMetZonnestroom_59": null, "WoningenHoofdzElektrVerwarmd_60": null, "k_20PersonenMetHoogsteInkomen_80": 18.5, "k_20HuishoudensMetHoogsteInkomen_85": null, "MediaanVermogenVanParticuliereHuish_86": null, "PersonenautoSTotaal_104": 95, "PersonenautoSBrandstofBenzine_105": 65, "PersonenautoSOverigeBrandstof_106": 25, "PersonenautoSPerHuishouden_107": 1.5, "Omgevingsadressendichtheid_121": 57, "AantalInstallatiesBijWoningen_5": 21, "OpgesteldVermogenVanZonnepanelen_6": 111, "installaties_per_woning": 0.35, "vermogen_per_woning": 1.85, "installaties_per_100_woningen": 35.0, "vermogen_per_huishouden": 1.85, "batterijdruk_score": null, "koop_zon_score": null, "eengezins_zon_score": null, "betaalkracht_zon_score": null, "overige_brandstof_zon_score": null, "lichte_batterij_kansscore": null }, "geometry": { "type": "MultiPolygon", "coordinates": [ [ [ [ 267805.637999999977183, 531687.439000000013039 ], [ 267735.337999999988824, 531683.956 ], [ 267664.621999999973923, 529015.238000000012107 ], [ 267364.217, 529004.023999999975786 ], [ 267465.63900000002468, 532823.422999999951571 ], [ 267838.117000000027474, 532840.018999999971129 ], [ 267805.637999999977183, 531687.439000000013039 ] ] ] ] } },
{ "type": "Feature", "properties": { "buurtcode": "BU01140409", "buurtnaam": "Verspreide huizen Barger-Compascuum", "pc6_codes": "7884PJ, 7884PM, 7884PN, 7884TA, 7884TC, 7884TH, 7884TK, 7884TL, 7884TN, 7884TR, 7889TS", "wijkcode": "WK011404", "gemeentecode": "GM0114", "gemeentenaam": "Emmen", "oppervlakteLandInHa": 2011, "AantalInwoners_5": 45, "Mannen_6": 25, "Vrouwen_7": 20, "HuishoudensTotaal_29": 15, "GemiddeldeHuishoudensgrootte_33": 2.6, "Woningvoorraad_35": 18, "NieuwbouwWoningen_36": 0, "NietWoningvoorraad_37": 10, "NieuwbouwNietWoningen_38": 0, "GemiddeldeWOZWaardeVanWoningen_39": null, "PercentageEengezinswoning_40": null, "PercentageTussenwoningEengezins_41": null, "PercentageHoekwoningEengezins_42": null, "PercentageTweeOnderEenKapWoningEe_43": null, "PercentageVrijstaandeWoningEengezins_44": null, "PercentageMeergezinswoning_45": null, "Koopwoningen_47": null, "HuurwoningenTotaal_48": null, "InBezitWoningcorporatie_49": null, "InBezitOverigeVerhuurders_50": null, "BouwjaarMeerDanTienJaarGeleden_51": null, "BouwjaarAfgelopenTienJaar_52": null, "GemiddeldeElektriciteitslevering_53": 3950, "GemiddeldeElektriciteitsteruglevering_54": 2030, "GemiddeldAardgasverbruik_55": 1040, "AardgasvrijeWoningen_57": null, "Aardgaswoningen_58": null, "WoningenMetZonnestroom_59": null, "WoningenHoofdzElektrVerwarmd_60": null, "k_20PersonenMetHoogsteInkomen_80": null, "k_20HuishoudensMetHoogsteInkomen_85": null, "MediaanVermogenVanParticuliereHuish_86": null, "PersonenautoSTotaal_104": 20, "PersonenautoSBrandstofBenzine_105": 15, "PersonenautoSOverigeBrandstof_106": 5, "PersonenautoSPerHuishouden_107": null, "Omgevingsadressendichtheid_121": 44, "AantalInstallatiesBijWoningen_5": 5, "OpgesteldVermogenVanZonnepanelen_6": 40, "installaties_per_woning": 0.27777777777777779, "vermogen_per_woning": 2.2222222222222223, "installaties_per_100_woningen": 27.777777777777779, "vermogen_per_huishouden": 2.6666666666666665, "batterijdruk_score": null, "koop_zon_score": null, "eengezins_zon_score": null, "betaalkracht_zon_score": null, "overige_brandstof_zon_score": null, "lichte_batterij_kansscore": null }, "geometry": { "type": "MultiPolygon", "coordinates": [ [ [ [ 268464.642, 533519.775000000023283 ], [ 268459.824000000022352, 533339.577999999979511 ], [ 268457.411000000021886, 533249.34699999995064 ], [ 268457.189000000013039, 533241.060999999986961 ], [ 268455.004000000015367, 533159.356000000028871 ], [ 268452.615999999979977, 533070.047999999951571 ], [ 268448.392999999981839, 532912.143999999971129 ], [ 268447.321, 532872.040000000037253 ], [ 268440.542000000015832, 532618.569999999948777 ], [ 268438.12, 532528.01500000001397 ], [ 268435.939000000013039, 532446.442999999970198 ], [ 268435.745, 532439.20499999995809 ], [ 268433.337, 532349.118000000016764 ], [ 268430.924999999988358, 532258.883000000030734 ], [ 268430.778, 532253.398000000044703 ], [ 268426.131999999983236, 532079.574000000022352 ], [ 268422.739, 531952.62300000002142 ], [ 268421.299, 531898.75199999997858 ], [ 268416.468, 531718.040000000037253 ], [ 268414.06, 531627.954000000027008 ], [ 268411.653999999980442, 531537.939000000013039 ], [ 268409.268999999971129, 531448.711000000010245 ], [ 268406.830000000016298, 531357.478 ], [ 268402.022999999986496, 531177.631000000052154 ], [ 268398.450000000011642, 531043.910000000032596 ], [ 268398.213999999978114, 531035.001000000047497 ], [ 268397.175999999977648, 530995.893999999971129 ], [ 268396.723, 530978.846000000019558 ], [ 268395.472, 530931.716000000014901 ], [ 268394.619, 530899.586000000010245 ], [ 268391.044, 530764.853 ], [ 268387.473999999987427, 530630.317999999970198 ], [ 268386.205000000016298, 530582.5 ], [ 268384.74900000001071, 530527.662000000011176 ], [ 268383.895000000018626, 530495.476000000024214 ], [ 268381.783999999985099, 530415.942999999970198 ], [ 268378.847, 530305.268999999971129 ], [ 268376.316999999980908, 530209.937000000034459 ], [ 268374.208999999973457, 530130.51500000001397 ], [ 268373.37300000002142, 530099.02800000004936 ], [ 268372.830000000016298, 530078.581 ], [ 268370.833999999973457, 530003.37699999997858 ], [ 268370.702, 529998.393999999971129 ], [ 268368.745, 529924.658999999985099 ], [ 268366.837, 529852.790999999968335 ], [ 268364.329000000027008, 529758.297000000020489 ], [ 268362.204000000027008, 529678.245 ], [ 268362.10999999998603, 529674.699999999953434 ], [ 268360.511999999987893, 529614.704000000027008 ], [ 268358.824000000022352, 529551.319999999948777 ], [ 268357.995999999984633, 529520.23499999998603 ], [ 268352.909999999974389, 529329.324999999953434 ], [ 268352.37, 529309.060000000055879 ], [ 268349.194000000017695, 529188.932000000029802 ], [ 268347.813000000023749, 529136.719000000040978 ], [ 268347.495, 529124.685999999986961 ], [ 268347.461000000010245, 529123.430999999982305 ], [ 268346.646, 529092.59499999997206 ], [ 268344.965000000025611, 529028.979000000050291 ], [ 268343.298, 528965.908999999985099 ], [ 268343.28000000002794, 528965.24 ], [ 268341.628000000026077, 528902.859000000054948 ], [ 268339.917000000015832, 528838.25 ], [ 268339.093999999982771, 528807.165999999968335 ], [ 268337.612000000022817, 528751.21999999997206 ], [ 268333.62699999997858, 528600.76 ], [ 268332.754000000015367, 528567.800000000046566 ], [ 268331.930999999982305, 528536.714999999967404 ], [ 268330.283, 528474.493999999947846 ], [ 268328.577999999979511, 528410.113999999943189 ], [ 268327.755, 528379.030999999959022 ], [ 268326.07, 528315.442999999970198 ], [ 268325.228, 528283.653999999980442 ], [ 268324.386, 528251.865 ], [ 268323.13, 528204.42000000004191 ], [ 268322.740999999979977, 528196.429 ], [ 268318.00099999998929, 528099.022 ], [ 268316.093, 528059.807999999960884 ], [ 268313.482000000018161, 528006.140999999945052 ], [ 268309.06, 527915.270000000018626 ], [ 268301.033999999985099, 527751.128999999957159 ], [ 268297.25, 527673.729999999981374 ], [ 268289.99, 527524.910999999963678 ], [ 268289.963999999978114, 527524.38 ], [ 268289.742000000027474, 527519.829000000027008 ], [ 268289.6251, 527517.432000000029802 ], [ 268147.989, 527524.785000000032596 ], [ 268144.28000000002794, 527525.294 ], [ 268138.795999999972992, 527526.912000000011176 ], [ 268126.847, 527531.483 ], [ 268103.206, 527541.234000000054948 ], [ 268068.685999999986961, 527555.23499999998603 ], [ 268014.24800000002142, 527577.133999999961816 ], [ 268000.0, 527582.554 ], [ 267978.24, 527590.947000000043772 ], [ 267951.147, 527601.788999999989755 ], [ 267943.674999999988358, 527605.006000000052154 ], [ 267930.704000000027008, 527610.589999999967404 ], [ 267917.919, 527616.21999999997206 ], [ 267888.609, 527628.826 ], [ 267852.892999999981839, 527646.111000000033528 ], [ 267754.425999999977648, 527694.62 ], [ 267691.620999999984633, 527725.947999999974854 ], [ 267649.74800000002142, 527747.307999999960884 ], [ 267637.287000000011176, 527753.663999999989755 ], [ 267624.468, 527760.202999999979511 ], [ 267622.35999999998603, 527760.03000000002794 ], [ 267518.082, 527812.996999999973923 ], [ 267507.561999999976251, 527818.341000000014901 ], [ 267495.89000000001397, 527824.270000000018626 ], [ 267489.989, 527827.272 ], [ 267490.212, 527866.606999999959953 ], [ 267489.11099999997532, 527868.640999999945052 ], [ 267486.870999999984633, 527869.915000000037253 ], [ 267479.064000000013039, 527870.182000000029802 ], [ 267469.419999999983702, 527870.091000000014901 ], [ 267466.950000000011642, 527869.268000000040047 ], [ 267395.18, 527867.930000000051223 ], [ 267389.26, 527869.38 ], [ 267382.88, 527872.0 ], [ 267375.799999999988358, 527875.729999999981374 ], [ 267360.07, 527885.0 ], [ 267351.53000000002794, 527890.270000000018626 ], [ 267339.69, 527897.03000000002794 ], [ 267321.25, 527907.39000000001397 ], [ 267148.24, 528000.0 ], [ 266826.718999999982771, 528172.106000000028871 ], [ 266750.726000000024214, 528213.147 ], [ 266684.71999999997206, 528244.126000000047497 ], [ 266685.407, 528277.611000000033528 ], [ 266685.857000000018161, 528299.538999999989755 ], [ 266686.324000000022352, 528322.199999999953434 ], [ 266693.732000000018161, 528350.334000000031665 ], [ 266694.038, 528378.15300000004936 ], [ 266727.99, 528368.49 ], [ 266775.867000000027474, 528370.761999999987893 ], [ 266816.938000000023749, 528372.711000000010245 ], [ 266822.031000000017229, 528573.662000000011176 ], [ 266869.892, 530484.013999999966472 ], [ 267206.700000000011642, 530500.0 ], [ 267181.427000000025146, 531008.185999999986961 ], [ 267331.5, 531015.310000000055879 ], [ 267322.322999999974854, 531208.633999999961816 ], [ 267171.818000000028405, 531201.405999999959022 ], [ 267141.913999999989755, 531802.697000000043772 ], [ 266838.614, 531788.574999999953434 ], [ 266841.678000000014435, 531888.337000000057742 ], [ 266863.304, 531889.383000000030734 ], [ 266897.327999999979511, 533801.349000000045635 ], [ 266930.141, 533802.981000000028871 ], [ 266940.300999999977648, 533802.491999999969266 ], [ 266961.422000000020489, 533803.535999999963678 ], [ 267634.572999999974854, 533836.495 ], [ 267658.092, 533841.24800000002142 ], [ 267855.550999999977648, 533850.604999999981374 ], [ 267881.011, 533851.12300000002142 ], [ 268000.0, 533856.917000000015832 ], [ 268474.275100000028033, 533880.052000000025146 ], [ 268474.273999999975786, 533880.008999999961816 ], [ 268469.461000000010245, 533699.991000000038184 ], [ 268464.642, 533519.775000000023283 ] ], [ [ 267664.621999999973923, 529015.238000000012107 ], [ 267735.337999999988824, 531683.956 ], [ 267805.637999999977183, 531687.439000000013039 ], [ 267838.117000000027474, 532840.018999999971129 ], [ 267465.63900000002468, 532823.422999999951571 ], [ 267364.217, 529004.023999999975786 ], [ 267664.621999999973923, 529015.238000000012107 ] ] ], [ [ [ 266562.99, 531372.67000000004191 ], [ 266171.028, 531353.75 ], [ 266168.463999999978114, 531260.349999999976717 ], [ 266000.0, 531251.59699999995064 ], [ 265981.843999999982771, 530643.079000000027008 ], [ 266558.305999999982305, 530669.792000000015832 ], [ 266553.217, 530468.984000000054948 ], [ 266501.071999999985565, 528411.37699999997858 ], [ 266495.136999999987893, 528410.331 ], [ 266482.781000000017229, 528407.104000000050291 ], [ 266470.799, 528403.383000000030734 ], [ 266450.863000000012107, 528396.452999999979511 ], [ 266430.767999999981839, 528389.375 ], [ 266421.12699999997858, 528386.535999999963678 ], [ 266412.702999999979511, 528384.055999999982305 ], [ 266400.081, 528381.63800000003539 ], [ 266378.34499999997206, 528380.15500000002794 ], [ 266357.887999999977183, 528389.826 ], [ 266356.636999999987893, 528391.206 ], [ 266353.992000000027474, 528395.716999999945983 ], [ 266344.686999999976251, 528418.038999999989755 ], [ 266334.728, 528441.930999999982305 ], [ 266331.12699999997858, 528450.040999999968335 ], [ 266322.329000000027008, 528469.907 ], [ 266138.906000000017229, 528561.648999999975786 ], [ 266000.017, 528567.927999999956228 ], [ 265527.288999999989755, 528589.677000000025146 ], [ 265435.711000000010245, 528593.888999999966472 ], [ 265418.107000000018161, 528594.699000000022352 ], [ 265405.550999999977648, 528595.314999999944121 ], [ 265410.398999999975786, 528689.381999999983236 ], [ 265410.68, 528694.417999999946915 ], [ 265410.686999999976251, 528694.547999999951571 ], [ 265410.699000000022352, 528694.76 ], [ 265410.895000000018626, 528699.45499999995809 ], [ 265411.003000000026077, 528700.96999999997206 ], [ 265415.337999999988824, 528795.185999999986961 ], [ 265415.330000000016298, 528796.645000000018626 ], [ 265420.434, 528896.057000000029802 ], [ 265414.550999999977648, 528896.341999999945983 ], [ 265414.944000000017695, 528907.143999999971129 ], [ 265415.059, 528910.052999999956228 ], [ 265415.645000000018626, 528912.927999999956228 ], [ 265416.547000000020489, 528915.26 ], [ 265417.56, 528918.26 ], [ 265418.590000000025611, 528921.001000000047497 ], [ 265419.370999999984633, 528923.272 ], [ 265420.270000000018626, 528926.219000000040978 ], [ 265421.743000000016764, 528929.091000000014901 ], [ 265423.012999999977183, 528931.442999999970198 ], [ 265424.195, 528933.442999999970198 ], [ 265425.596000000019558, 528935.682999999960884 ], [ 265428.093999999982771, 528940.615 ], [ 265429.381999999983236, 528943.506000000052154 ], [ 265430.419999999983702, 528945.800000000046566 ], [ 265431.455000000016298, 528948.348 ], [ 265432.650000000023283, 528951.113999999943189 ], [ 265433.521, 528954.025999999954365 ], [ 265434.472, 528956.82999999995809 ], [ 265435.074000000022352, 528959.679 ], [ 265436.022999999986496, 528962.557999999960884 ], [ 265436.722, 528964.981000000028871 ], [ 265437.183000000019092, 528968.101999999955297 ], [ 265437.777, 528970.712000000057742 ], [ 265438.240999999979977, 528974.435999999986961 ], [ 265438.291000000026543, 528977.233 ], [ 265438.270000000018626, 528979.697000000043772 ], [ 265438.32, 528981.724000000045635 ], [ 265438.246999999973923, 528983.410000000032596 ], [ 265438.082, 528984.613999999943189 ], [ 265435.929, 529000.0 ], [ 265433.44, 529017.991000000038184 ], [ 265433.688000000023749, 529020.354999999981374 ], [ 265436.62400000001071, 529089.412999999942258 ], [ 265436.848, 529091.287000000011176 ], [ 265436.726000000024214, 529094.75 ], [ 265438.054, 529123.498999999952503 ], [ 265439.428000000014435, 529159.435000000055879 ], [ 265441.327999999979511, 529189.824000000022352 ], [ 265441.539999999979045, 529194.633000000030734 ], [ 265441.652, 529197.175999999977648 ], [ 265442.039999999979045, 529200.886000000056811 ], [ 265443.157, 529231.207000000053085 ], [ 265446.51400000002468, 529287.098 ], [ 265446.728, 529293.464999999967404 ], [ 265447.397999999986496, 529310.638999999966472 ], [ 265448.208999999973457, 529332.687999999965541 ], [ 265450.853, 529380.812999999965541 ], [ 265453.177000000025146, 529426.101999999955297 ], [ 265456.028, 529485.125 ], [ 265456.115999999979977, 529486.957000000053085 ], [ 265457.642999999981839, 529508.307000000029802 ], [ 265457.663999999989755, 529508.974000000045635 ], [ 265459.583999999973457, 529571.238999999943189 ], [ 265459.78000000002794, 529588.964000000036322 ], [ 265460.174999999988358, 529592.863999999943189 ], [ 265460.853, 529598.415000000037253 ], [ 265461.482000000018161, 529609.947999999974854 ], [ 265463.237000000022817, 529647.944000000017695 ], [ 265467.090000000025611, 529721.917000000015832 ], [ 265470.041000000026543, 529777.082000000053085 ], [ 265471.87, 529819.013999999966472 ], [ 265474.704000000027008, 529876.797999999951571 ], [ 265476.444000000017695, 529915.944999999948777 ], [ 265478.496999999973923, 529953.087999999988824 ], [ 265478.341000000014901, 529991.194999999948777 ], [ 265479.842, 529998.131000000052154 ], [ 265480.246999999973923, 530000.0 ], [ 265482.908999999985099, 530012.300999999977648 ], [ 265484.097, 530019.962000000057742 ], [ 265496.854999999981374, 530097.430000000051223 ], [ 265499.193000000028405, 530111.62699999997858 ], [ 265512.912000000011176, 530196.775000000023283 ], [ 265517.525000000023283, 530225.410999999963678 ], [ 265521.443000000028405, 530248.197000000043772 ], [ 265529.675999999977648, 530296.084999999962747 ], [ 265536.558000000019092, 530336.113000000012107 ], [ 265543.493000000016764, 530382.245 ], [ 265544.293, 530386.184 ], [ 265544.854999999981374, 530391.361000000033528 ], [ 265545.960000000020955, 530396.253000000026077 ], [ 265547.01, 530400.881999999983236 ], [ 265548.049999999988358, 530405.316 ], [ 265549.544999999983702, 530414.988000000012107 ], [ 265556.152, 530454.859000000054948 ], [ 265560.321999999985565, 530478.238000000012107 ], [ 265565.197999999974854, 530504.086000000010245 ], [ 265572.201, 530548.331 ], [ 265575.240999999979977, 530565.160999999963678 ], [ 265576.984, 530576.810000000055879 ], [ 265581.892, 530608.979999999981374 ], [ 265582.016, 530609.794 ], [ 265582.261, 530611.410000000032596 ], [ 265582.936999999976251, 530615.859000000054948 ], [ 265594.667000000015832, 530689.10999999998603 ], [ 265595.457999999984168, 530694.050999999977648 ], [ 265604.174999999988358, 530693.721000000019558 ], [ 265604.838999999978114, 530697.868000000016764 ], [ 265619.229, 530787.547000000020489 ], [ 265620.743000000016764, 530796.996999999973923 ], [ 265641.843, 530928.724999999976717 ], [ 265616.604999999981374, 530929.75 ], [ 265618.055999999982305, 530924.26300000003539 ], [ 265412.549, 530943.697999999974854 ], [ 265387.193000000028405, 530947.005 ], [ 265366.186999999976251, 530950.615 ], [ 265341.731000000028871, 530957.0 ], [ 265334.935999999986961, 530959.484000000054948 ], [ 265318.401000000012573, 530965.442999999970198 ], [ 265310.150000000023283, 530969.466999999945983 ], [ 265307.364, 530963.910000000032596 ], [ 265278.369, 530900.432000000029802 ], [ 265276.468, 530895.435000000055879 ], [ 265275.103, 530890.26500000001397 ], [ 265274.289999999979045, 530884.981000000028871 ], [ 265274.200000000011642, 530879.73699999996461 ], [ 265271.049, 530813.099000000045635 ], [ 265111.734, 530820.775000000023283 ], [ 265108.490999999979977, 530820.930999999982305 ], [ 264952.427000000025146, 530828.775000000023283 ], [ 264782.597, 530836.63 ], [ 264692.718, 530840.959000000031665 ], [ 264687.256999999983236, 530841.22199999995064 ], [ 264688.468999999982771, 530864.707999999984168 ], [ 264693.841000000014901, 530990.714000000036322 ], [ 264694.395000000018626, 531000.214000000036322 ], [ 264700.24800000002142, 531100.46999999997206 ], [ 264700.686999999976251, 531107.988999999943189 ], [ 264680.036000000021886, 531108.968 ], [ 264674.591000000014901, 531000.0 ], [ 264674.218999999982771, 530992.557999999960884 ], [ 264667.13, 530850.706 ], [ 264092.609, 530878.273999999975786 ], [ 264076.954000000027008, 530879.023999999975786 ], [ 263999.974999999976717, 530882.718 ], [ 263910.226000000024214, 530887.025000000023283 ], [ 263922.793, 531144.817000000039116 ], [ 263964.180999999982305, 531142.858 ], [ 263971.309, 531292.515999999945052 ], [ 264104.197999999974854, 531285.163999999989755 ], [ 264105.044, 531305.148999999975786 ], [ 264106.482000000018161, 531327.47199999995064 ], [ 264107.439000000013039, 531345.194000000017695 ], [ 264108.739, 531360.474999999976717 ], [ 264110.142, 531380.910000000032596 ], [ 264112.304, 531419.59499999997206 ], [ 264114.476000000024214, 531467.706 ], [ 264116.213999999978114, 531504.797000000020489 ], [ 264120.484, 531593.086000000010245 ], [ 264122.684, 531634.682000000029802 ], [ 264124.313000000023749, 531678.212000000057742 ], [ 264126.143999999971129, 531712.816 ], [ 264130.416000000026543, 531807.643000000040047 ], [ 264131.670999999972992, 531844.866999999969266 ], [ 264134.255, 531884.89000000001397 ], [ 264137.006, 531934.871000000042841 ], [ 264138.794999999983702, 531970.304 ], [ 264139.213999999978114, 531983.349000000045635 ], [ 264139.74800000002142, 532000.0 ], [ 264141.821999999985565, 532064.611000000033528 ], [ 264151.408999999985099, 532275.40500000002794 ], [ 264152.158999999985099, 532283.082000000053085 ], [ 264153.550999999977648, 532297.322000000043772 ], [ 264153.652, 532298.947999999974854 ], [ 264153.851000000024214, 532305.768999999971129 ], [ 264156.902, 532382.832000000053085 ], [ 264160.859, 532482.756000000052154 ], [ 264161.46999999997206, 532498.194000000017695 ], [ 264161.777, 532502.218 ], [ 264162.582999999984168, 532512.261999999987893 ], [ 264163.169999999983702, 532526.442000000039116 ], [ 264163.972, 532544.993999999947846 ], [ 264165.212, 532564.913999999989755 ], [ 264166.283, 532578.837999999988824 ], [ 264166.424999999988358, 532582.606000000028871 ], [ 264166.669, 532589.081 ], [ 264166.783999999985099, 532599.974999999976717 ], [ 264166.711000000010245, 532605.310000000055879 ], [ 264170.946999999985565, 532682.871000000042841 ], [ 264172.463999999978114, 532713.677999999956228 ], [ 264173.288, 532730.059 ], [ 264174.382999999972526, 532755.745 ], [ 264175.275000000023283, 532769.566 ], [ 264175.476000000024214, 532774.476999999955297 ], [ 264175.884000000020023, 532779.481999999959953 ], [ 264176.131999999983236, 532782.736000000033528 ], [ 264176.299, 532784.930999999982305 ], [ 264176.533999999985099, 532789.998999999952503 ], [ 264176.825000000011642, 532799.09699999995064 ], [ 264179.697999999974854, 532870.768000000040047 ], [ 264180.31, 532882.652 ], [ 264213.992000000027474, 532880.942000000039116 ], [ 264214.384000000020023, 532894.337999999988824 ], [ 264180.896, 532896.037999999942258 ], [ 264184.971000000019558, 532981.052000000025146 ], [ 264185.923, 533000.0 ], [ 264186.532, 533012.128999999957159 ], [ 264190.577, 533082.38800000003539 ], [ 264195.306999999971595, 533164.533000000054017 ], [ 264195.528, 533166.435000000055879 ], [ 264196.446, 533205.900000000023283 ], [ 264196.645000000018626, 533209.805000000051223 ], [ 264202.825000000011642, 533330.89000000001397 ], [ 264202.816999999980908, 533332.094000000040978 ], [ 264202.813000000023749, 533332.691 ], [ 264202.568000000028405, 533334.417000000015832 ], [ 264202.099999999976717, 533335.645000000018626 ], [ 264201.409999999974389, 533336.841999999945983 ], [ 264199.784999999974389, 533338.552000000025146 ], [ 264198.468999999982771, 533339.508000000030734 ], [ 264197.120999999984633, 533340.201 ], [ 264195.794, 533340.961000000010245 ], [ 264194.212999999988824, 533341.550000000046566 ], [ 264192.368000000016764, 533341.773000000044703 ], [ 264190.678000000014435, 533341.792000000015832 ], [ 264105.204000000027008, 533346.751000000047497 ], [ 264000.0, 533351.231000000028871 ], [ 263972.408, 533352.405999999959022 ], [ 263973.038999999989755, 533365.86199999996461 ], [ 264068.731000000028871, 533360.812000000034459 ], [ 264069.745999999984633, 533382.008000000030734 ], [ 264070.559, 533398.988999999943189 ], [ 264071.371999999973923, 533415.969000000040978 ], [ 264072.329000000027008, 533435.946 ], [ 264073.286000000021886, 533455.924 ], [ 264073.85999999998603, 533467.910000000032596 ], [ 264074.242000000027474, 533475.900999999954365 ], [ 264075.197999999974854, 533495.878999999957159 ], [ 264075.675999999977648, 533505.866999999969266 ], [ 264076.148999999975786, 533515.748999999952503 ], [ 264078.063000000023749, 533555.728 ], [ 264158.016, 533552.243999999947846 ], [ 264221.657, 533548.863000000012107 ], [ 264230.707999999984168, 533548.381999999983236 ], [ 264450.363000000012107, 533537.275999999954365 ], [ 264635.436999999976251, 533527.917999999946915 ], [ 264700.495, 533524.033999999985099 ], [ 264705.277, 533523.76300000003539 ], [ 264710.571999999985565, 533523.905999999959022 ], [ 264717.271, 533524.099999999976717 ], [ 264723.556999999971595, 533524.841999999945983 ], [ 264730.299999999988358, 533525.675000000046566 ], [ 264737.101000000024214, 533526.829000000027008 ], [ 264744.074000000022352, 533528.025999999954365 ], [ 264750.87300000002142, 533529.636999999987893 ], [ 264758.017999999981839, 533532.104999999981374 ], [ 264764.369, 533534.770000000018626 ], [ 264771.336000000010245, 533538.310000000055879 ], [ 264777.106000000028871, 533541.498999999952503 ], [ 264783.74, 533545.63800000003539 ], [ 264788.878000000026077, 533549.587000000057742 ], [ 264793.212, 533553.174 ], [ 264798.913999999989755, 533558.057000000029802 ], [ 264806.468999999982771, 533565.726999999955297 ], [ 264810.686999999976251, 533570.528999999980442 ], [ 264813.941, 533574.375 ], [ 264817.553000000014435, 533578.768000000040047 ], [ 264821.358, 533584.003999999957159 ], [ 264824.951, 533589.074000000022352 ], [ 264831.74, 533600.273000000044703 ], [ 264834.859, 533607.824999999953434 ], [ 264836.99, 533614.935999999986961 ], [ 264838.239, 533620.991000000038184 ], [ 264838.767, 533626.966000000014901 ], [ 264839.537000000011176, 533635.672999999951571 ], [ 264840.819000000017695, 533650.177999999956228 ], [ 264908.742000000027474, 533647.091000000014901 ], [ 264908.756999999983236, 533647.424 ], [ 264952.326, 533645.804 ], [ 265001.134000000020023, 533643.349999999976717 ], [ 265022.37300000002142, 533642.282 ], [ 265030.358, 533638.64000000001397 ], [ 265032.754000000015367, 533637.547000000020489 ], [ 265036.843999999982771, 533635.082000000053085 ], [ 265040.15500000002794, 533632.123999999952503 ], [ 265041.114, 533630.875 ], [ 265041.408, 533630.491999999969266 ], [ 265061.318000000028405, 533635.741999999969266 ], [ 265131.462999999988824, 533650.216999999945983 ], [ 265183.517999999981839, 533660.959000000031665 ], [ 265184.86099999997532, 533664.530999999959022 ], [ 265141.340000000025611, 533714.277 ], [ 265162.368000000016764, 533711.300000000046566 ], [ 265883.74900000001071, 533748.253999999957159 ], [ 265897.146, 533748.941 ], [ 266000.0, 533754.209999999962747 ], [ 266571.661000000021886, 533783.495 ], [ 266580.76500000001397, 533783.961000000010245 ], [ 266629.395000000018626, 533786.452000000048429 ], [ 266574.245, 531875.395999999949709 ], [ 266562.99, 531372.67000000004191 ] ] ], [ [ [ 262231.772, 532953.145999999949709 ], [ 262340.629000000015367, 532950.36199999996461 ], [ 262365.816999999980908, 532945.479999999981374 ], [ 262458.080000000016298, 532942.952999999979511 ], [ 262465.343, 532944.403999999980442 ], [ 262471.441, 532944.711000000010245 ], [ 262558.797000000020489, 532942.513999999966472 ], [ 263128.199000000022352, 532928.197000000043772 ], [ 263127.5, 532926.295999999972992 ], [ 263126.431999999971595, 532924.574000000022352 ], [ 263125.039999999979045, 532923.103 ], [ 263128.049, 532923.025999999954365 ], [ 263138.342, 532922.761999999987893 ], [ 263141.74, 532922.675000000046566 ], [ 263152.337, 532922.40500000002794 ], [ 263152.49800000002142, 532927.554 ], [ 263820.988000000012107, 532907.353 ], [ 263654.256999999983236, 529487.268000000040047 ], [ 263646.930999999982305, 529487.733 ], [ 263643.222, 529487.733 ], [ 263638.362000000022817, 529487.755 ], [ 263635.283999999985099, 529488.07999999995809 ], [ 263632.606000000028871, 529488.417999999946915 ], [ 263630.191, 529488.927000000025146 ], [ 263626.862000000022817, 529489.817000000039116 ], [ 263623.097, 529490.881999999983236 ], [ 263620.077999999979511, 529492.030999999959022 ], [ 263615.952, 529493.804 ], [ 263607.958999999973457, 529497.525000000023283 ], [ 263587.239, 529488.790000000037253 ], [ 263580.329000000027008, 529485.768999999971129 ], [ 263578.62300000002142, 529485.795999999972992 ], [ 263577.092, 529485.62 ], [ 263575.759000000020023, 529485.5 ], [ 263573.490999999979977, 529485.525999999954365 ], [ 263568.406000000017229, 529486.15300000004936 ], [ 263562.772999999986496, 529486.927000000025146 ], [ 263557.99900000001071, 529487.356000000028871 ], [ 263552.441999999980908, 529487.761999999987893 ], [ 263544.48599999997532, 529488.155999999959022 ], [ 263542.186999999976251, 529488.292999999946915 ], [ 263540.48599999997532, 529488.192000000039116 ], [ 263539.085000000020955, 529487.90500000002794 ], [ 263538.104999999981374, 529487.817000000039116 ], [ 263523.90500000002794, 529488.307000000029802 ], [ 263508.956, 529489.133000000030734 ], [ 263492.294999999983702, 529490.108 ], [ 263482.783999999985099, 529490.508999999961816 ], [ 263471.039999999979045, 529491.228 ], [ 263464.75099999998929, 529491.564000000013039 ], [ 263459.909999999974389, 529491.834000000031665 ], [ 263457.507999999972526, 529492.018999999971129 ], [ 263455.246999999973923, 529492.050000000046566 ], [ 263452.962999999988824, 529492.040999999968335 ], [ 263452.069000000017695, 529491.981999999959953 ], [ 263448.757999999972526, 529491.73699999996461 ], [ 263446.896, 529491.716000000014901 ], [ 263442.862000000022817, 529492.020999999949709 ], [ 263434.09499999997206, 529492.63 ], [ 263424.792000000015832, 529493.189999999944121 ], [ 263418.881999999983236, 529493.719000000040978 ], [ 263413.424, 529494.307999999960884 ], [ 263407.615999999979977, 529494.84699999995064 ], [ 263399.903, 529495.809 ], [ 263396.612000000022817, 529496.174 ], [ 263393.006999999983236, 529496.297999999951571 ], [ 263388.308000000019092, 529496.177999999956228 ], [ 263377.367000000027474, 529496.525999999954365 ], [ 263374.346000000019558, 529496.930000000051223 ], [ 263372.577999999979511, 529497.020000000018626 ], [ 263363.162000000011176, 529497.5 ], [ 263355.064000000013039, 529497.875 ], [ 263346.913999999989755, 529498.474999999976717 ], [ 263345.196999999985565, 529498.746999999973923 ], [ 263344.183000000019092, 529498.979999999981374 ], [ 263342.950000000011642, 529498.925000000046566 ], [ 263341.23599999997532, 529498.432000000029802 ], [ 263338.983, 529498.01 ], [ 263336.151000000012573, 529498.022 ], [ 263318.865, 529499.15300000004936 ], [ 263288.359, 529500.893000000040047 ], [ 263262.169999999983702, 529502.128999999957159 ], [ 263237.968999999982771, 529503.38800000003539 ], [ 263219.734, 529504.46999999997206 ], [ 263195.791000000026543, 529505.650999999954365 ], [ 263169.393999999971129, 529507.397 ], [ 263098.283999999985099, 529512.615 ], [ 263087.028999999980442, 529514.337000000057742 ], [ 263086.367000000027474, 529517.223 ], [ 263083.291000000026543, 529532.856000000028871 ], [ 263079.115999999979977, 529551.758999999961816 ], [ 263074.661000000021886, 529574.294 ], [ 263067.754000000015367, 529608.886999999987893 ], [ 263061.556999999971595, 529639.998999999952503 ], [ 263061.097, 529641.647 ], [ 263060.319000000017695, 529644.432000000029802 ], [ 263058.106000000028871, 529655.476000000024214 ], [ 263053.931999999971595, 529677.40300000004936 ], [ 263048.805999999982305, 529702.685000000055879 ], [ 263043.443000000028405, 529728.047000000020489 ], [ 263035.920999999972992, 529764.28000000002794 ], [ 263031.604, 529785.756000000052154 ], [ 263029.701, 529792.185999999986961 ], [ 263029.537000000011176, 529792.981999999959953 ], [ 263030.908999999985099, 529793.89000000001397 ], [ 263030.075000000011642, 529797.258000000030734 ], [ 263028.814000000013039, 529804.613999999943189 ], [ 263027.447999999974854, 529811.667999999946915 ], [ 263026.147999999986496, 529817.554 ], [ 263023.412000000011176, 529831.63 ], [ 263021.658999999985099, 529839.868999999947846 ], [ 263020.365, 529843.576 ], [ 263019.120999999984633, 529845.959999999962747 ], [ 263017.843999999982771, 529847.52800000004936 ], [ 263015.506999999983236, 529849.927999999956228 ], [ 263011.902, 529853.63 ], [ 263010.577, 529852.844000000040978 ], [ 263007.059, 529856.501000000047497 ], [ 262993.693000000028405, 529870.466000000014901 ], [ 262972.445, 529892.488000000012107 ], [ 262953.118000000016764, 529911.731000000028871 ], [ 262942.892, 529922.486000000033528 ], [ 262930.928000000014435, 529934.90500000002794 ], [ 262931.212999999988824, 529935.074999999953434 ], [ 262914.041000000026543, 529952.947999999974854 ], [ 262902.550999999977648, 529964.976000000024214 ], [ 262888.696999999985565, 529979.223 ], [ 262879.575000000011642, 529988.341000000014901 ], [ 262876.101000000024214, 529991.885 ], [ 262877.550999999977648, 529992.74800000002142 ], [ 262870.886999999987893, 530000.0 ], [ 262859.49, 530012.402 ], [ 262844.659999999974389, 530028.150999999954365 ], [ 262825.255, 530048.378000000026077 ], [ 262785.979, 530089.594000000040978 ], [ 262762.593999999982771, 530113.949999999953434 ], [ 262733.536000000021886, 530143.866999999969266 ], [ 262715.15500000002794, 530163.270999999949709 ], [ 262703.670999999972992, 530175.452999999979511 ], [ 262638.63900000002468, 530243.61199999996461 ], [ 262627.054, 530255.324999999953434 ], [ 262605.234, 530278.133999999961816 ], [ 262584.359, 530298.954000000027008 ], [ 262574.292000000015832, 530309.187000000034459 ], [ 262568.670999999972992, 530314.785999999963678 ], [ 262568.221000000019558, 530315.417000000015832 ], [ 262565.093999999982771, 530318.488999999943189 ], [ 262558.870999999984633, 530325.221000000019558 ], [ 262547.321999999985565, 530337.207999999984168 ], [ 262535.12300000002142, 530349.535999999963678 ], [ 262523.538999999989755, 530361.096000000019558 ], [ 262507.017, 530378.486000000033528 ], [ 262492.583999999973457, 530392.871999999973923 ], [ 262480.732000000018161, 530405.304 ], [ 262472.043, 530414.292000000015832 ], [ 262462.207, 530424.851999999955297 ], [ 262437.452, 530450.270999999949709 ], [ 262420.552000000025146, 530467.410999999963678 ], [ 262412.718999999982771, 530475.128999999957159 ], [ 262408.797000000020489, 530478.839000000036322 ], [ 262403.450000000011642, 530484.108 ], [ 262397.898999999975786, 530489.415999999968335 ], [ 262395.651000000012573, 530491.832000000053085 ], [ 262395.267, 530492.525999999954365 ], [ 262395.261, 530492.537000000011176 ], [ 262387.781000000017229, 530501.042999999946915 ], [ 262379.794, 530509.927000000025146 ], [ 262364.077999999979511, 530526.21999999997206 ], [ 262344.06, 530546.883000000030734 ], [ 262330.052000000025146, 530562.589999999967404 ], [ 262326.533, 530566.363000000012107 ], [ 262343.82, 530576.699999999953434 ], [ 262365.387999999977183, 530554.491000000038184 ], [ 262415.282, 530503.118000000016764 ], [ 262434.340000000025611, 530506.030999999959022 ], [ 262462.229999999981374, 530525.25199999997858 ], [ 262633.805, 530635.071 ], [ 262727.945, 530630.479999999981374 ], [ 262858.302000000025146, 530623.932000000029802 ], [ 262860.435, 530676.88 ], [ 262864.902, 530773.665000000037253 ], [ 263238.231000000028871, 531000.0 ], [ 263270.767, 531019.724999999976717 ], [ 263276.098999999987427, 531019.287000000011176 ], [ 263282.656000000017229, 531137.930000000051223 ], [ 263283.03000000002794, 531144.223 ], [ 263262.695, 531132.326 ], [ 263222.468, 531108.14000000001397 ], [ 263210.972, 531127.229999999981374 ], [ 263202.205000000016298, 531128.057000000029802 ], [ 263181.886999999987893, 531129.971000000019558 ], [ 263168.017, 531131.327999999979511 ], [ 263004.920999999972992, 531145.241999999969266 ], [ 262977.297000000020489, 531147.599000000045635 ], [ 262873.939000000013039, 531157.145999999949709 ], [ 262852.309, 531159.270000000018626 ], [ 262778.506999999983236, 531166.515999999945052 ], [ 262729.756999999983236, 531171.280999999959022 ], [ 262678.164999999979045, 531175.275000000023283 ], [ 262671.439000000013039, 531176.37699999997858 ], [ 262669.266, 531176.968 ], [ 262668.825000000011642, 531177.246999999973923 ], [ 262668.21999999997206, 531177.297000000020489 ], [ 262667.217, 531177.892 ], [ 262665.025000000023283, 531181.04500000004191 ], [ 262637.76500000001397, 531229.081 ], [ 262637.603, 531229.816 ], [ 262629.471000000019558, 531242.915000000037253 ], [ 262618.681999999971595, 531261.368000000016764 ], [ 262615.762999999977183, 531266.042999999946915 ], [ 262613.462, 531264.662000000011176 ], [ 262582.108, 531390.343 ], [ 262568.620999999984633, 531444.925000000046566 ], [ 262554.792000000015832, 531499.925999999977648 ], [ 262527.650000000023283, 531608.812999999965541 ], [ 262499.295999999972992, 531722.557999999960884 ], [ 262470.24900000001071, 531839.187999999965541 ], [ 262440.49900000001071, 531958.535999999963678 ], [ 262430.163, 532000.0 ], [ 262422.550999999977648, 532030.533999999985099 ], [ 262410.882999999972526, 532077.343 ], [ 262410.01, 532080.84699999995064 ], [ 262396.364, 532135.589999999967404 ], [ 262380.444000000017695, 532199.456 ], [ 262365.282, 532260.280999999959022 ], [ 262350.75199999997858, 532318.571 ], [ 262322.12300000002142, 532433.422000000020489 ], [ 262295.592, 532539.856999999959953 ], [ 262294.049, 532546.049 ], [ 262284.216000000014901, 532585.49800000002142 ], [ 262255.756, 532642.430999999982305 ], [ 262209.613000000012107, 532734.74 ], [ 262164.592, 532824.802999999956228 ], [ 262144.413999999989755, 532865.169 ], [ 262123.138, 532907.731000000028871 ], [ 262112.038999999989755, 532930.339999999967404 ], [ 262110.171, 532933.672000000020489 ], [ 262130.24299999998766, 532925.371000000042841 ], [ 262124.348999999987427, 532934.964999999967404 ], [ 262123.524, 532936.756999999983236 ], [ 262118.853, 532946.902 ], [ 262116.434, 532952.456 ], [ 262114.578, 532956.187000000034459 ], [ 262203.009000000020023, 532953.910999999963678 ], [ 262206.643999999971129, 532953.814000000013039 ], [ 262206.218, 532951.348 ], [ 262204.473, 532945.506999999983236 ], [ 262234.956, 532944.782 ], [ 262231.772, 532953.145999999949709 ] ] ] ] } },
{ "type": "Feature", "properties": { "buurtcode": "BU01140500", "buurtnaam": "Nieuw-Dordrecht-Centrum", "pc6_codes": "7885AA, 7885AB, 7885AC, 7885AD, 7885AE, 7885AG, 7885AH, 7885AJ, 7885AK, 7885AL, 7885AR, 7885AS, 7885AT, 7885AV, 7885AW, 7885BA, 7885BB, 7885BC, 7885BD, 7885BJ, 7885BK, 7885BL, 7885BM, 7885BN, 7885GA, 7885GB, 7885GC, 7885GD, 7885GE, 7885GG, 7885GH, 7885GJ, 7885GK, 7885GM, 7885GN, 7885GP, 7885GR", "wijkcode": "WK011405", "gemeentecode": "GM0114", "gemeentenaam": "Emmen", "oppervlakteLandInHa": 95, "AantalInwoners_5": 1360, "Mannen_6": 705, "Vrouwen_7": 655, "HuishoudensTotaal_29": 570, "GemiddeldeHuishoudensgrootte_33": 2.4, "Woningvoorraad_35": 564, "NieuwbouwWoningen_36": 0, "NietWoningvoorraad_37": 37, "NieuwbouwNietWoningen_38": 0, "GemiddeldeWOZWaardeVanWoningen_39": 245, "PercentageEengezinswoning_40": 99, "PercentageTussenwoningEengezins_41": 23, "PercentageHoekwoningEengezins_42": 17, "PercentageTweeOnderEenKapWoningEe_43": 22, "PercentageVrijstaandeWoningEengezins_44": 36, "PercentageMeergezinswoning_45": 1, "Koopwoningen_47": 68, "HuurwoningenTotaal_48": 32, "InBezitWoningcorporatie_49": 28, "InBezitOverigeVerhuurders_50": 4, "BouwjaarMeerDanTienJaarGeleden_51": 99, "BouwjaarAfgelopenTienJaar_52": 1, "GemiddeldeElektriciteitslevering_53": 3020, "GemiddeldeElektriciteitsteruglevering_54": 1400, "GemiddeldAardgasverbruik_55": 1110, "AardgasvrijeWoningen_57": 2, "Aardgaswoningen_58": 92, "WoningenMetZonnestroom_59": 59, "WoningenHoofdzElektrVerwarmd_60": 7, "k_20PersonenMetHoogsteInkomen_80": 11.2, "k_20HuishoudensMetHoogsteInkomen_85": 18.0, "MediaanVermogenVanParticuliereHuish_86": 100.5, "PersonenautoSTotaal_104": 765, "PersonenautoSBrandstofBenzine_105": 635, "PersonenautoSOverigeBrandstof_106": 135, "PersonenautoSPerHuishouden_107": 1.3, "Omgevingsadressendichtheid_121": 240, "AantalInstallatiesBijWoningen_5": 174, "OpgesteldVermogenVanZonnepanelen_6": 753, "installaties_per_woning": 0.30851063829787234, "vermogen_per_woning": 1.3351063829787233, "installaties_per_100_woningen": 30.851063829787233, "vermogen_per_huishouden": 1.3210526315789475, "batterijdruk_score": 826.0, "koop_zon_score": 0.4012, "eengezins_zon_score": 0.5841, "betaalkracht_zon_score": 59.295, "overige_brandstof_zon_score": 79.65, "lichte_batterij_kansscore": 0.49478604305070994 }, "geometry": { "type": "MultiPolygon", "coordinates": [ [ [ [ 261645.536, 530688.976999999955297 ], [ 261881.984, 530830.719000000040978 ], [ 262030.587999999988824, 530560.944000000017695 ], [ 262149.471000000019558, 530345.123999999952503 ], [ 261923.926, 530209.866999999969266 ], [ 262051.223, 530053.047000000020489 ], [ 261946.829, 529990.520000000018626 ], [ 262001.556000000011409, 529923.101999999955297 ], [ 261876.025, 529847.993999999947846 ], [ 261624.541, 529697.525999999954365 ], [ 261473.855000000010477, 529949.410000000032596 ], [ 261285.693, 529837.04500000004191 ], [ 261191.872, 529937.057000000029802 ], [ 260896.445, 530251.979999999981374 ], [ 261230.654, 530452.025000000023283 ], [ 261213.783, 530480.231000000028871 ], [ 261396.647999999986496, 530589.672000000020489 ], [ 261375.459, 531427.957000000053085 ], [ 261399.085, 531388.861000000033528 ], [ 261435.4, 531408.734000000054948 ], [ 261467.306000000011409, 531426.194000000017695 ], [ 261491.929, 531391.001000000047497 ], [ 261625.768000000010943, 531471.077999999979511 ], [ 261645.536, 530688.976999999955297 ] ] ] ] } },
{ "type": "Feature", "properties": { "buurtcode": "BU01140502", "buurtnaam": "Oranjedorp", "pc6_codes": "7885GL, 7885TH, 7885TJ, 7885TK, 7885TL, 7885TM, 7885TN", "wijkcode": "WK011405", "gemeentecode": "GM0114", "gemeentenaam": "Emmen", "oppervlakteLandInHa": 139, "AantalInwoners_5": 430, "Mannen_6": 225, "Vrouwen_7": 205, "HuishoudensTotaal_29": 175, "GemiddeldeHuishoudensgrootte_33": 2.5, "Woningvoorraad_35": 160, "NieuwbouwWoningen_36": 0, "NietWoningvoorraad_37": 47, "NieuwbouwNietWoningen_38": 0, "GemiddeldeWOZWaardeVanWoningen_39": 385, "PercentageEengezinswoning_40": 94, "PercentageTussenwoningEengezins_41": 0, "PercentageHoekwoningEengezins_42": 0, "PercentageTweeOnderEenKapWoningEe_43": 3, "PercentageVrijstaandeWoningEengezins_44": 92, "PercentageMeergezinswoning_45": 6, "Koopwoningen_47": 94, "HuurwoningenTotaal_48": 6, "InBezitWoningcorporatie_49": 0, "InBezitOverigeVerhuurders_50": 6, "BouwjaarMeerDanTienJaarGeleden_51": 93, "BouwjaarAfgelopenTienJaar_52": 7, "GemiddeldeElektriciteitslevering_53": 4540, "GemiddeldeElektriciteitsteruglevering_54": 2080, "GemiddeldAardgasverbruik_55": 1210, "AardgasvrijeWoningen_57": 6, "Aardgaswoningen_58": 82, "WoningenMetZonnestroom_59": 63, "WoningenHoofdzElektrVerwarmd_60": 17, "k_20PersonenMetHoogsteInkomen_80": 18.5, "k_20HuishoudensMetHoogsteInkomen_85": 26.0, "MediaanVermogenVanParticuliereHuish_86": 278.5, "PersonenautoSTotaal_104": 285, "PersonenautoSBrandstofBenzine_105": 210, "PersonenautoSOverigeBrandstof_106": 70, "PersonenautoSPerHuishouden_107": 1.6, "Omgevingsadressendichtheid_121": 158, "AantalInstallatiesBijWoningen_5": 66, "OpgesteldVermogenVanZonnepanelen_6": 395, "installaties_per_woning": 0.4125, "vermogen_per_woning": 2.46875, "installaties_per_100_woningen": 41.25, "vermogen_per_huishouden": 2.2571428571428571, "batterijdruk_score": 1310.4, "koop_zon_score": 0.5922, "eengezins_zon_score": 0.5922, "betaalkracht_zon_score": 175.455, "overige_brandstof_zon_score": 44.1, "lichte_batterij_kansscore": 0.5632639725123183 }, "geometry": { "type": "MultiPolygon", "coordinates": [ [ [ [ 258866.636, 530696.045999999972992 ], [ 258874.63200000001234, 530692.900999999954365 ], [ 258882.188, 530687.305000000051223 ], [ 258886.223999999987427, 530683.233 ], [ 258889.758, 530678.743999999947846 ], [ 258893.655, 530671.26500000001397 ], [ 258895.875, 530664.207999999984168 ], [ 258896.856999999989057, 530657.268999999971129 ], [ 258897.801, 530650.596000000019558 ], [ 258898.133, 530640.474000000045635 ], [ 258898.935999999986961, 530629.324999999953434 ], [ 258899.498, 530620.631000000052154 ], [ 258899.666999999986729, 530615.903999999980442 ], [ 258901.37400000001071, 530606.895999999949709 ], [ 258905.355000000010477, 530597.223 ], [ 258912.821999999985565, 530584.761999999987893 ], [ 258920.65, 530574.42000000004191 ], [ 259057.587, 530693.42000000004191 ], [ 259178.847, 530566.604999999981374 ], [ 259187.168, 530557.645999999949709 ], [ 259188.76500000001397, 530555.981000000028871 ], [ 259197.184, 530547.309 ], [ 259198.764, 530548.741999999969266 ], [ 259200.294, 530547.419 ], [ 259206.064000000013039, 530552.658000000054017 ], [ 259282.214, 530621.787000000011176 ], [ 259285.079, 530618.805000000051223 ], [ 259279.079999999987194, 530613.354999999981374 ], [ 259276.96, 530611.451 ], [ 259307.03, 530579.886999999987893 ], [ 259315.111, 530587.552999999956228 ], [ 259337.038, 530564.738000000012107 ], [ 259345.305, 530556.136000000056811 ], [ 259370.545000000012806, 530529.12699999997858 ], [ 259398.412000000011176, 530500.0 ], [ 259418.793, 530478.697000000043772 ], [ 259422.73499999998603, 530478.447999999974854 ], [ 259447.685999999986961, 530452.042999999946915 ], [ 259489.87599999998929, 530407.439999999944121 ], [ 259549.981, 530343.922999999951571 ], [ 259589.927, 530301.692000000039116 ], [ 259620.663999999989755, 530269.197000000043772 ], [ 259627.711000000010245, 530261.71999999997206 ], [ 259572.556000000011409, 530212.22199999995064 ], [ 259635.826, 530145.363999999943189 ], [ 259607.073, 530117.13 ], [ 259718.696999999985565, 530000.0 ], [ 260000.0, 529703.966000000014901 ], [ 260179.506, 529532.941 ], [ 260250.560999999986961, 529600.304 ], [ 260317.48499999998603, 529529.729999999981374 ], [ 260349.932, 529575.937999999965541 ], [ 260377.861, 529603.581 ], [ 260383.538, 529594.349000000045635 ], [ 260461.115, 529510.537999999942258 ], [ 260462.828, 529503.035999999963678 ], [ 260465.113000000012107, 529493.023000000044703 ], [ 260530.813, 529383.763999999966472 ], [ 260440.18, 529329.479999999981374 ], [ 260501.416, 529260.268999999971129 ], [ 260489.168, 529252.934 ], [ 260466.863000000012107, 529239.777 ], [ 260479.231999999989057, 529226.731999999959953 ], [ 260471.526000000012573, 529222.128000000026077 ], [ 260520.378, 529170.272 ], [ 260522.719000000011874, 529167.763999999966472 ], [ 260524.551, 529165.885 ], [ 260543.366, 529146.601999999955297 ], [ 260562.464, 529126.447999999974854 ], [ 260564.843, 529123.939999999944121 ], [ 260601.89000000001397, 529085.775999999954365 ], [ 260606.684, 529080.348 ], [ 260613.755, 529084.577999999979511 ], [ 260684.37400000001071, 529009.952999999979511 ], [ 260693.793, 529000.0 ], [ 260825.207, 528861.131999999983236 ], [ 261036.462, 528637.893000000040047 ], [ 261106.908, 528563.452999999979511 ], [ 261152.38, 528516.660000000032596 ], [ 261182.133, 528449.346000000019558 ], [ 261125.704999999987194, 528424.839999999967404 ], [ 261089.54, 528409.476999999955297 ], [ 261095.146, 528403.550000000046566 ], [ 261104.119, 528394.064999999944121 ], [ 261108.888, 528389.023000000044703 ], [ 261123.386, 528373.697000000043772 ], [ 261137.978, 528358.337000000057742 ], [ 261153.278, 528342.12699999997858 ], [ 261166.674999999988358, 528327.932999999960884 ], [ 261206.86799999998766, 528285.442999999970198 ], [ 261227.672, 528263.449999999953434 ], [ 261311.519999999989523, 528174.810000000055879 ], [ 261332.258, 528152.912999999942258 ], [ 261371.518000000010943, 528111.410000000032596 ], [ 261400.62, 528080.643999999971129 ], [ 261428.083000000013271, 528051.584000000031665 ], [ 261441.9, 528036.976999999955297 ], [ 261455.712, 528022.375 ], [ 261476.878, 528000.0 ], [ 261483.269999999989523, 527993.243000000016764 ], [ 261510.75099999998929, 527964.191 ], [ 261517.62400000001071, 527956.925999999977648 ], [ 261531.438, 527942.324000000022352 ], [ 261545.182, 527927.794 ], [ 261558.926, 527913.263999999966472 ], [ 261565.833000000013271, 527905.962000000057742 ], [ 261583.055, 527887.756000000052154 ], [ 261586.692000000010012, 527883.898999999975786 ], [ 261600.483, 527869.270999999949709 ], [ 261614.26500000001397, 527854.680000000051223 ], [ 261627.920000000012806, 527840.197000000043772 ], [ 261641.643000000010943, 527825.642 ], [ 261655.503, 527810.942000000039116 ], [ 261669.201, 527796.386999999987893 ], [ 261682.958000000013271, 527781.79500000004191 ], [ 261696.534000000014203, 527767.395999999949709 ], [ 261703.435999999986961, 527760.076 ], [ 261710.472, 527752.613000000012107 ], [ 261724.230000000010477, 527738.020999999949709 ], [ 261737.884, 527723.538999999989755 ], [ 261751.62, 527708.919 ], [ 261778.968, 527679.812000000034459 ], [ 261807.902, 527649.017 ], [ 261742.897999999986496, 527590.638999999966472 ], [ 261735.206, 527583.731000000028871 ], [ 261708.782, 527559.99800000002142 ], [ 261705.622, 527557.160000000032596 ], [ 261699.155, 527556.287000000011176 ], [ 261644.628, 527504.790999999968335 ], [ 261652.50700000001234, 527496.447999999974854 ], [ 261628.634, 527474.147 ], [ 259613.333000000013271, 529599.964999999967404 ], [ 258810.358, 530446.97199999995064 ], [ 258858.764, 530496.34699999995064 ], [ 258857.09, 530500.0 ], [ 258856.39000000001397, 530501.528999999980442 ], [ 258860.028, 530503.194999999948777 ], [ 258857.941, 530507.75199999997858 ], [ 258854.310999999986961, 530506.067999999970198 ], [ 258853.202, 530508.488000000012107 ], [ 258894.253, 530525.716999999945983 ], [ 258888.877, 530531.030999999959022 ], [ 258861.934, 530557.667000000015832 ], [ 258887.182, 530580.658000000054017 ], [ 258891.075000000011642, 530584.207000000053085 ], [ 258859.82, 530697.309 ], [ 258866.636, 530696.045999999972992 ] ] ] ] } },
{ "type": "Feature", "properties": { "buurtcode": "BU01140503", "buurtnaam": "Vastenow", "pc6_codes": "7885AL, 7885AM, 7885AN, 7885AP, 7885AR", "wijkcode": "WK011405", "gemeentecode": "GM0114", "gemeentenaam": "Emmen", "oppervlakteLandInHa": 42, "AantalInwoners_5": 200, "Mannen_6": 95, "Vrouwen_7": 105, "HuishoudensTotaal_29": 80, "GemiddeldeHuishoudensgrootte_33": 2.5, "Woningvoorraad_35": 78, "NieuwbouwWoningen_36": 0, "NietWoningvoorraad_37": 3, "NieuwbouwNietWoningen_38": 0, "GemiddeldeWOZWaardeVanWoningen_39": 369, "PercentageEengezinswoning_40": 95, "PercentageTussenwoningEengezins_41": 0, "PercentageHoekwoningEengezins_42": 0, "PercentageTweeOnderEenKapWoningEe_43": 27, "PercentageVrijstaandeWoningEengezins_44": 68, "PercentageMeergezinswoning_45": 5, "Koopwoningen_47": 94, "HuurwoningenTotaal_48": 6, "InBezitWoningcorporatie_49": 0, "InBezitOverigeVerhuurders_50": 6, "BouwjaarMeerDanTienJaarGeleden_51": 99, "BouwjaarAfgelopenTienJaar_52": 1, "GemiddeldeElektriciteitslevering_53": 4160, "GemiddeldeElektriciteitsteruglevering_54": 1920, "GemiddeldAardgasverbruik_55": 1260, "AardgasvrijeWoningen_57": null, "Aardgaswoningen_58": null, "WoningenMetZonnestroom_59": null, "WoningenHoofdzElektrVerwarmd_60": null, "k_20PersonenMetHoogsteInkomen_80": 20.1, "k_20HuishoudensMetHoogsteInkomen_85": null, "MediaanVermogenVanParticuliereHuish_86": null, "PersonenautoSTotaal_104": 115, "PersonenautoSBrandstofBenzine_105": 85, "PersonenautoSOverigeBrandstof_106": 30, "PersonenautoSPerHuishouden_107": 1.4, "Omgevingsadressendichtheid_121": 190, "AantalInstallatiesBijWoningen_5": 31, "OpgesteldVermogenVanZonnepanelen_6": 211, "installaties_per_woning": 0.39743589743589741, "vermogen_per_woning": 2.7051282051282053, "installaties_per_100_woningen": 39.743589743589745, "vermogen_per_huishouden": 2.6375, "batterijdruk_score": null, "koop_zon_score": null, "eengezins_zon_score": null, "betaalkracht_zon_score": null, "overige_brandstof_zon_score": null, "lichte_batterij_kansscore": null }, "geometry": { "type": "MultiPolygon", "coordinates": [ [ [ [ 263108.38900000002468, 528750.699999999953434 ], [ 263105.478, 528751.160000000032596 ], [ 263099.299999999988358, 528752.626000000047497 ], [ 263094.928000000014435, 528753.560000000055879 ], [ 263092.613000000012107, 528754.093 ], [ 263079.537000000011176, 528758.606000000028871 ], [ 263071.528999999980442, 528761.305000000051223 ], [ 263064.728, 528764.508000000030734 ], [ 263059.034999999974389, 528767.594000000040978 ], [ 263053.284999999974389, 528770.52800000004936 ], [ 263049.428000000014435, 528772.804 ], [ 263045.291000000026543, 528775.520999999949709 ], [ 263040.246999999973923, 528778.557999999960884 ], [ 263034.479, 528782.457999999984168 ], [ 262997.89000000001397, 528797.988000000012107 ], [ 262992.89000000001397, 528798.047999999951571 ], [ 262993.98499999998603, 528795.631999999983236 ], [ 262990.938000000023749, 528796.116000000038184 ], [ 262988.098, 528795.75 ], [ 262983.150000000023283, 528795.017 ], [ 262978.75199999997858, 528794.192000000039116 ], [ 262974.632999999972526, 528793.642 ], [ 262969.955000000016298, 528792.542999999946915 ], [ 262966.289999999979045, 528791.351000000024214 ], [ 262962.354, 528789.336000000010245 ], [ 262957.310999999986961, 528786.770000000018626 ], [ 262953.370999999984633, 528783.837999999988824 ], [ 262950.798, 528782.062000000034459 ], [ 262944.737000000022817, 528780.942000000039116 ], [ 262936.544, 528783.87 ], [ 262963.022999999986496, 528761.39000000001397 ], [ 262969.848, 528749.636000000056811 ], [ 262976.007999999972526, 528740.003000000026077 ], [ 262989.978, 528719.863999999943189 ], [ 262999.974999999976717, 528706.395000000018626 ], [ 263004.104999999981374, 528700.831 ], [ 263009.795999999972992, 528692.724999999976717 ], [ 263014.096000000019558, 528683.819000000017695 ], [ 263018.666000000026543, 528678.643999999971129 ], [ 262999.563000000023749, 528675.01300000003539 ], [ 262999.974999999976717, 528674.003000000026077 ], [ 263003.739, 528664.770999999949709 ], [ 263008.093, 528651.525999999954365 ], [ 263009.982000000018161, 528643.479000000050291 ], [ 263011.354, 528625.496000000042841 ], [ 263000.898999999975786, 528653.892 ], [ 262999.974999999976717, 528653.964000000036322 ], [ 262974.85999999998603, 528655.927999999956228 ], [ 262952.677000000025146, 528657.890999999945052 ], [ 262936.822999999974854, 528659.030999999959022 ], [ 262931.109, 528659.554 ], [ 262929.25199999997858, 528659.724000000045635 ], [ 262920.462, 528660.452999999979511 ], [ 262903.348, 528661.78000000002794 ], [ 262887.913, 528663.113000000012107 ], [ 262866.683000000019092, 528664.51300000003539 ], [ 262852.613000000012107, 528665.395000000018626 ], [ 262835.656000000017229, 528665.802999999956228 ], [ 261876.025, 529847.993999999947846 ], [ 262001.556000000011409, 529923.101999999955297 ], [ 261946.829, 529990.520000000018626 ], [ 262051.223, 530053.047000000020489 ], [ 263108.38900000002468, 528750.699999999953434 ] ] ] ] } },
{ "type": "Feature", "properties": { "buurtcode": "BU01140504", "buurtnaam": "Herenstreek", "pc6_codes": "7885AT, 7885AV", "wijkcode": "WK011405", "gemeentecode": "GM0114", "gemeentenaam": "Emmen", "oppervlakteLandInHa": 33, "AantalInwoners_5": 80, "Mannen_6": 45, "Vrouwen_7": 35, "HuishoudensTotaal_29": 30, "GemiddeldeHuishoudensgrootte_33": 2.9, "Woningvoorraad_35": 29, "NieuwbouwWoningen_36": 0, "NietWoningvoorraad_37": 5, "NieuwbouwNietWoningen_38": 0, "GemiddeldeWOZWaardeVanWoningen_39": 445, "PercentageEengezinswoning_40": 100, "PercentageTussenwoningEengezins_41": 0, "PercentageHoekwoningEengezins_42": 0, "PercentageTweeOnderEenKapWoningEe_43": 14, "PercentageVrijstaandeWoningEengezins_44": 86, "PercentageMeergezinswoning_45": 0, "Koopwoningen_47": 90, "HuurwoningenTotaal_48": 10, "InBezitWoningcorporatie_49": 0, "InBezitOverigeVerhuurders_50": 10, "BouwjaarMeerDanTienJaarGeleden_51": 97, "BouwjaarAfgelopenTienJaar_52": 3, "GemiddeldeElektriciteitslevering_53": 4080, "GemiddeldeElektriciteitsteruglevering_54": 1870, "GemiddeldAardgasverbruik_55": 1300, "AardgasvrijeWoningen_57": null, "Aardgaswoningen_58": null, "WoningenMetZonnestroom_59": null, "WoningenHoofdzElektrVerwarmd_60": null, "k_20PersonenMetHoogsteInkomen_80": null, "k_20HuishoudensMetHoogsteInkomen_85": null, "MediaanVermogenVanParticuliereHuish_86": null, "PersonenautoSTotaal_104": 55, "PersonenautoSBrandstofBenzine_105": 45, "PersonenautoSOverigeBrandstof_106": 10, "PersonenautoSPerHuishouden_107": null, "Omgevingsadressendichtheid_121": 91, "AantalInstallatiesBijWoningen_5": null, "OpgesteldVermogenVanZonnepanelen_6": null, "installaties_per_woning": null, "vermogen_per_woning": null, "installaties_per_100_woningen": null, "vermogen_per_huishouden": null, "batterijdruk_score": null, "koop_zon_score": null, "eengezins_zon_score": null, "betaalkracht_zon_score": null, "overige_brandstof_zon_score": null, "lichte_batterij_kansscore": null }, "geometry": { "type": "MultiPolygon", "coordinates": [ [ [ [ 263168.017, 531131.327999999979511 ], [ 263181.886999999987893, 531129.971000000019558 ], [ 263202.205000000016298, 531128.057000000029802 ], [ 263210.972, 531127.229999999981374 ], [ 263222.468, 531108.14000000001397 ], [ 263262.695, 531132.326 ], [ 263283.03000000002794, 531144.223 ], [ 263282.656000000017229, 531137.930000000051223 ], [ 263276.098999999987427, 531019.287000000011176 ], [ 263270.767, 531019.724999999976717 ], [ 263238.231000000028871, 531000.0 ], [ 262864.902, 530773.665000000037253 ], [ 262860.435, 530676.88 ], [ 262858.302000000025146, 530623.932000000029802 ], [ 262727.945, 530630.479999999981374 ], [ 262633.805, 530635.071 ], [ 262462.229999999981374, 530525.25199999997858 ], [ 262434.340000000025611, 530506.030999999959022 ], [ 262415.282, 530503.118000000016764 ], [ 262365.387999999977183, 530554.491000000038184 ], [ 262343.82, 530576.699999999953434 ], [ 262326.533, 530566.363000000012107 ], [ 262330.052000000025146, 530562.589999999967404 ], [ 262344.06, 530546.883000000030734 ], [ 262364.077999999979511, 530526.21999999997206 ], [ 262379.794, 530509.927000000025146 ], [ 262387.781000000017229, 530501.042999999946915 ], [ 262395.261, 530492.537000000011176 ], [ 262395.267, 530492.525999999954365 ], [ 262149.471000000019558, 530345.123999999952503 ], [ 262030.587999999988824, 530560.944000000017695 ], [ 263004.920999999972992, 531145.241999999969266 ], [ 263168.017, 531131.327999999979511 ] ] ] ] } },
{ "type": "Feature", "properties": { "buurtcode": "BU01140509", "buurtnaam": "Verspreide huizen Nieuw-Dordrecht", "pc6_codes": "7885AW, 7885TH", "wijkcode": "WK011405", "gemeentecode": "GM0114", "gemeentenaam": "Emmen", "oppervlakteLandInHa": 506, "AantalInwoners_5": 5, "Mannen_6": 5, "Vrouwen_7": 5, "HuishoudensTotaal_29": 0, "GemiddeldeHuishoudensgrootte_33": 2.0, "Woningvoorraad_35": 4, "NieuwbouwWoningen_36": 0, "NietWoningvoorraad_37": 0, "NieuwbouwNietWoningen_38": 0, "GemiddeldeWOZWaardeVanWoningen_39": null, "PercentageEengezinswoning_40": null, "PercentageTussenwoningEengezins_41": null, "PercentageHoekwoningEengezins_42": null, "PercentageTweeOnderEenKapWoningEe_43": null, "PercentageVrijstaandeWoningEengezins_44": null, "PercentageMeergezinswoning_45": null, "Koopwoningen_47": null, "HuurwoningenTotaal_48": null, "InBezitWoningcorporatie_49": null, "InBezitOverigeVerhuurders_50": null, "BouwjaarMeerDanTienJaarGeleden_51": null, "BouwjaarAfgelopenTienJaar_52": null, "GemiddeldeElektriciteitslevering_53": null, "GemiddeldeElektriciteitsteruglevering_54": null, "GemiddeldAardgasverbruik_55": null, "AardgasvrijeWoningen_57": null, "Aardgaswoningen_58": null, "WoningenMetZonnestroom_59": null, "WoningenHoofdzElektrVerwarmd_60": null, "k_20PersonenMetHoogsteInkomen_80": null, "k_20HuishoudensMetHoogsteInkomen_85": null, "MediaanVermogenVanParticuliereHuish_86": null, "PersonenautoSTotaal_104": 5, "PersonenautoSBrandstofBenzine_105": 5, "PersonenautoSOverigeBrandstof_106": 0, "PersonenautoSPerHuishouden_107": null, "Omgevingsadressendichtheid_121": 33, "AantalInstallatiesBijWoningen_5": null, "OpgesteldVermogenVanZonnepanelen_6": null, "installaties_per_woning": null, "vermogen_per_woning": null, "installaties_per_100_woningen": null, "vermogen_per_huishouden": null, "batterijdruk_score": null, "koop_zon_score": null, "eengezins_zon_score": null, "betaalkracht_zon_score": null, "overige_brandstof_zon_score": null, "lichte_batterij_kansscore": null }, "geometry": { "type": "MultiPolygon", "coordinates": [ [ [ [ 261628.634, 527474.147 ], [ 261628.621000000013737, 527474.135 ], [ 261584.931000000011409, 527433.322999999974854 ], [ 261584.918, 527433.310999999986961 ], [ 261121.056000000011409, 527000.0 ], [ 260980.586000000010245, 526868.758999999961816 ], [ 260912.19, 526941.709000000031665 ], [ 260765.307, 526804.498999999952503 ], [ 260746.397999999986496, 526846.365 ], [ 260702.712, 526942.67000000004191 ], [ 260683.865, 526984.566 ], [ 260676.756, 527000.0 ], [ 260671.402, 527011.623999999952503 ], [ 260627.88200000001234, 527107.807000000029802 ], [ 260575.668, 527222.223 ], [ 260497.885, 527392.437999999965541 ], [ 260455.971, 527485.898000000044703 ], [ 260399.704999999987194, 527611.36199999996461 ], [ 260387.342, 527638.685000000055879 ], [ 260346.891, 527726.441 ], [ 260309.647999999986496, 527807.238000000012107 ], [ 260291.125, 527847.689000000013039 ], [ 260261.897, 527912.52800000004936 ], [ 260222.746000000013737, 528000.0 ], [ 260205.606, 528038.294 ], [ 260191.424999999988358, 528069.978 ], [ 260151.627, 528158.898999999975786 ], [ 260079.193, 528320.236000000033528 ], [ 260054.294, 528374.572000000043772 ], [ 260051.497, 528380.675000000046566 ], [ 260000.0, 528494.82999999995809 ], [ 259978.897999999986496, 528541.608 ], [ 259978.051, 528543.393999999971129 ], [ 259976.810999999986961, 528546.008000000030734 ], [ 259972.517, 528555.064999999944121 ], [ 259971.098, 528558.057999999960884 ], [ 259969.71, 528560.984000000054948 ], [ 259962.071, 528577.09699999995064 ], [ 259961.174, 528579.074000000022352 ], [ 259938.858, 528628.322999999974854 ], [ 259887.419, 528741.937999999965541 ], [ 259799.942000000010012, 528936.103 ], [ 259775.223, 528990.76300000003539 ], [ 259771.049999999988358, 529000.0 ], [ 259701.737, 529153.444000000017695 ], [ 259664.475, 529234.954000000027008 ], [ 259564.563, 529453.508000000030734 ], [ 259550.795000000012806, 529482.354000000050291 ], [ 259546.943999999988591, 529488.451 ], [ 259542.522, 529493.280999999959022 ], [ 259528.541999999986729, 529509.322000000043772 ], [ 259527.885, 529510.077000000048429 ], [ 259510.807999999989988, 529511.810000000055879 ], [ 259509.469000000011874, 529513.216999999945983 ], [ 259499.611, 529523.577999999979511 ], [ 259446.045000000012806, 529578.427999999956228 ], [ 259393.528, 529633.626000000047497 ], [ 259382.215, 529645.515999999945052 ], [ 259343.840999999985797, 529685.848 ], [ 259321.577, 529709.314999999944121 ], [ 259247.51, 529787.386000000056811 ], [ 259177.797, 529860.868000000016764 ], [ 259174.563, 529864.275999999954365 ], [ 259101.073, 529941.15500000002794 ], [ 259044.821, 530000.0 ], [ 259031.053000000014435, 530014.40300000004936 ], [ 259000.0, 530046.886999999987893 ], [ 258981.386, 530066.359000000054948 ], [ 258956.867, 530092.138999999966472 ], [ 258644.761999999987893, 530420.165999999968335 ], [ 258656.772999999986496, 530425.261000000056811 ], [ 258657.928000000014435, 530425.75199999997858 ], [ 258671.333000000013271, 530431.452999999979511 ], [ 258678.708000000013271, 530434.589999999967404 ], [ 258737.166999999986729, 530372.011000000056811 ], [ 258739.094000000011874, 530374.01 ], [ 258754.897999999986496, 530390.402 ], [ 258810.358, 530446.97199999995064 ], [ 259613.333000000013271, 529599.964999999967404 ], [ 261628.634, 527474.147 ] ] ], [ [ [ 261876.025, 529847.993999999947846 ], [ 262835.656000000017229, 528665.802999999956228 ], [ 262831.164999999979045, 528665.910999999963678 ], [ 262800.963999999978114, 528666.816 ], [ 262775.435, 528667.566 ], [ 262745.531000000017229, 528668.248999999952503 ], [ 262731.532, 528668.881999999983236 ], [ 262725.101000000024214, 528669.337999999988824 ], [ 262717.930999999982305, 528669.243000000016764 ], [ 262707.159999999974389, 528668.549 ], [ 262690.732000000018161, 528667.126000000047497 ], [ 262641.625, 528661.761000000056811 ], [ 262626.837999999988824, 528659.996000000042841 ], [ 262610.077, 528658.033000000054017 ], [ 262595.131, 528656.189000000013039 ], [ 262583.919, 528654.866000000038184 ], [ 262577.309, 528654.03000000002794 ], [ 262575.037000000011176, 528653.788999999989755 ], [ 262562.211000000010245, 528652.316 ], [ 262536.778, 528649.216999999945983 ], [ 262533.262999999977183, 528648.457000000053085 ], [ 262532.174999999988358, 528648.15500000002794 ], [ 262531.400000000023283, 528647.748999999952503 ], [ 262529.26400000002468, 528645.775000000023283 ], [ 262527.142, 528644.26300000003539 ], [ 262520.401000000012573, 528640.121000000042841 ], [ 262488.909999999974389, 528621.077000000048429 ], [ 262459.282, 528603.256999999983236 ], [ 262449.185, 528596.25199999997858 ], [ 262449.066999999980908, 528596.37699999997858 ], [ 262422.913999999989755, 528624.778999999980442 ], [ 261285.693, 529837.04500000004191 ], [ 261473.855000000010477, 529949.410000000032596 ], [ 261624.541, 529697.525999999954365 ], [ 261876.025, 529847.993999999947846 ] ] ], [ [ [ 263011.902, 529853.63 ], [ 263015.506999999983236, 529849.927999999956228 ], [ 263017.843999999982771, 529847.52800000004936 ], [ 263019.120999999984633, 529845.959999999962747 ], [ 263020.365, 529843.576 ], [ 263021.658999999985099, 529839.868999999947846 ], [ 263023.412000000011176, 529831.63 ], [ 263026.147999999986496, 529817.554 ], [ 263027.447999999974854, 529811.667999999946915 ], [ 263028.814000000013039, 529804.613999999943189 ], [ 263030.075000000011642, 529797.258000000030734 ], [ 263030.908999999985099, 529793.89000000001397 ], [ 263029.537000000011176, 529792.981999999959953 ], [ 263029.701, 529792.185999999986961 ], [ 263031.604, 529785.756000000052154 ], [ 263035.920999999972992, 529764.28000000002794 ], [ 263043.443000000028405, 529728.047000000020489 ], [ 263048.805999999982305, 529702.685000000055879 ], [ 263053.931999999971595, 529677.40300000004936 ], [ 263058.106000000028871, 529655.476000000024214 ], [ 263060.319000000017695, 529644.432000000029802 ], [ 263061.097, 529641.647 ], [ 263061.556999999971595, 529639.998999999952503 ], [ 263067.754000000015367, 529608.886999999987893 ], [ 263074.661000000021886, 529574.294 ], [ 263079.115999999979977, 529551.758999999961816 ], [ 263083.291000000026543, 529532.856000000028871 ], [ 263086.367000000027474, 529517.223 ], [ 263087.028999999980442, 529514.337000000057742 ], [ 263088.525000000023283, 529507.712999999988824 ], [ 263090.651000000012573, 529499.525999999954365 ], [ 263097.913999999989755, 529464.294 ], [ 263102.924, 529439.508000000030734 ], [ 263106.053000000014435, 529426.258000000030734 ], [ 263114.517999999981839, 529390.413999999989755 ], [ 263115.330000000016298, 529390.898999999975786 ], [ 263118.571999999985565, 529374.998999999952503 ], [ 263120.74800000002142, 529365.128999999957159 ], [ 263123.577999999979511, 529352.03000000002794 ], [ 263124.663999999989755, 529346.807000000029802 ], [ 263126.080000000016298, 529339.991999999969266 ], [ 263129.375, 529325.187999999965541 ], [ 263132.18, 529312.444000000017695 ], [ 263133.941999999980908, 529303.675000000046566 ], [ 263134.101000000024214, 529302.951 ], [ 263132.744, 529302.14000000001397 ], [ 263133.891, 529296.932000000029802 ], [ 263137.836000000010245, 529277.023999999975786 ], [ 263141.565, 529259.062999999965541 ], [ 263142.098999999987427, 529256.606000000028871 ], [ 263143.457999999984168, 529257.42000000004191 ], [ 263146.060999999986961, 529245.152 ], [ 263150.738000000012107, 529223.763999999966472 ], [ 263153.294999999983702, 529210.785999999963678 ], [ 263153.675999999977648, 529208.99 ], [ 263152.244, 529208.417999999946915 ], [ 263153.631, 529201.98699999996461 ], [ 263157.331, 529185.106000000028871 ], [ 263163.13900000002468, 529158.459000000031665 ], [ 263167.688000000023749, 529137.332999999984168 ], [ 263170.936999999976251, 529122.506000000052154 ], [ 263172.5, 529115.645999999949709 ], [ 263173.338999999978114, 529112.34499999997206 ], [ 263174.810999999986961, 529105.621999999973923 ], [ 263177.392, 529092.594000000040978 ], [ 263180.151000000012573, 529079.165999999968335 ], [ 263180.712, 529075.268000000040047 ], [ 263180.99800000002142, 529073.961000000010245 ], [ 263182.359, 529067.733 ], [ 263184.56, 529056.464000000036322 ], [ 263187.556999999971595, 529042.890999999945052 ], [ 263191.493000000016764, 529024.995 ], [ 263193.924, 529010.939999999944121 ], [ 263196.327999999979511, 529000.0 ], [ 263197.596000000019558, 528994.228 ], [ 263201.468999999982771, 528976.849999999976717 ], [ 263204.712999999988824, 528961.309 ], [ 263207.707999999984168, 528947.88800000003539 ], [ 263210.511999999987893, 528934.089999999967404 ], [ 263211.466000000014901, 528928.660999999963678 ], [ 263211.777, 528926.832999999984168 ], [ 263213.158999999985099, 528927.658999999985099 ], [ 263213.87400000001071, 528923.457999999984168 ], [ 263216.033999999985099, 528913.059 ], [ 263217.256999999983236, 528905.848 ], [ 263219.678000000014435, 528895.189000000013039 ], [ 263224.12300000002142, 528875.837000000057742 ], [ 263227.277, 528860.116999999969266 ], [ 263231.156000000017229, 528843.209999999962747 ], [ 263234.829000000027008, 528825.15500000002794 ], [ 263240.761, 528798.185999999986961 ], [ 263243.00199999997858, 528798.07999999995809 ], [ 263250.326, 528765.689000000013039 ], [ 263218.156000000017229, 528746.261000000056811 ], [ 263155.479999999981374, 528748.87300000002142 ], [ 263142.086000000010245, 528747.547000000020489 ], [ 263139.733, 528747.527 ], [ 263137.496999999973923, 528747.576 ], [ 263126.21999999997206, 528748.36199999996461 ], [ 263113.967, 528749.819000000017695 ], [ 263108.38900000002468, 528750.699999999953434 ], [ 262051.223, 530053.047000000020489 ], [ 261923.926, 530209.866999999969266 ], [ 262149.471000000019558, 530345.123999999952503 ], [ 262395.267, 530492.525999999954365 ], [ 262395.651000000012573, 530491.832000000053085 ], [ 262397.898999999975786, 530489.415999999968335 ], [ 262403.450000000011642, 530484.108 ], [ 262408.797000000020489, 530478.839000000036322 ], [ 262412.718999999982771, 530475.128999999957159 ], [ 262420.552000000025146, 530467.410999999963678 ], [ 262437.452, 530450.270999999949709 ], [ 262462.207, 530424.851999999955297 ], [ 262472.043, 530414.292000000015832 ], [ 262480.732000000018161, 530405.304 ], [ 262492.583999999973457, 530392.871999999973923 ], [ 262507.017, 530378.486000000033528 ], [ 262523.538999999989755, 530361.096000000019558 ], [ 262535.12300000002142, 530349.535999999963678 ], [ 262547.321999999985565, 530337.207999999984168 ], [ 262558.870999999984633, 530325.221000000019558 ], [ 262565.093999999982771, 530318.488999999943189 ], [ 262568.221000000019558, 530315.417000000015832 ], [ 262568.670999999972992, 530314.785999999963678 ], [ 262574.292000000015832, 530309.187000000034459 ], [ 262584.359, 530298.954000000027008 ], [ 262605.234, 530278.133999999961816 ], [ 262627.054, 530255.324999999953434 ], [ 262638.63900000002468, 530243.61199999996461 ], [ 262703.670999999972992, 530175.452999999979511 ], [ 262715.15500000002794, 530163.270999999949709 ], [ 262733.536000000021886, 530143.866999999969266 ], [ 262762.593999999982771, 530113.949999999953434 ], [ 262785.979, 530089.594000000040978 ], [ 262825.255, 530048.378000000026077 ], [ 262844.659999999974389, 530028.150999999954365 ], [ 262859.49, 530012.402 ], [ 262870.886999999987893, 530000.0 ], [ 262877.550999999977648, 529992.74800000002142 ], [ 262876.101000000024214, 529991.885 ], [ 262879.575000000011642, 529988.341000000014901 ], [ 262888.696999999985565, 529979.223 ], [ 262902.550999999977648, 529964.976000000024214 ], [ 262914.041000000026543, 529952.947999999974854 ], [ 262931.212999999988824, 529935.074999999953434 ], [ 262930.928000000014435, 529934.90500000002794 ], [ 262942.892, 529922.486000000033528 ], [ 262953.118000000016764, 529911.731000000028871 ], [ 262972.445, 529892.488000000012107 ], [ 262993.693000000028405, 529870.466000000014901 ], [ 263007.059, 529856.501000000047497 ], [ 263010.577, 529852.844000000040978 ], [ 263011.902, 529853.63 ] ] ], [ [ [ 260665.424999999988358, 531000.0 ], [ 260711.73499999998603, 531027.912000000011176 ], [ 260719.722, 531032.726000000024214 ], [ 261375.459, 531427.957000000053085 ], [ 261396.647999999986496, 530589.672000000020489 ], [ 261213.783, 530480.231000000028871 ], [ 261230.654, 530452.025000000023283 ], [ 260896.445, 530251.979999999981374 ], [ 260364.741, 530818.770000000018626 ], [ 260665.424999999988358, 531000.0 ] ] ], [ [ [ 262618.681999999971595, 531261.368000000016764 ], [ 262629.471000000019558, 531242.915000000037253 ], [ 262637.603, 531229.816 ], [ 262637.76500000001397, 531229.081 ], [ 262665.025000000023283, 531181.04500000004191 ], [ 262667.217, 531177.892 ], [ 262668.21999999997206, 531177.297000000020489 ], [ 262668.825000000011642, 531177.246999999973923 ], [ 262669.266, 531176.968 ], [ 262671.439000000013039, 531176.37699999997858 ], [ 262678.164999999979045, 531175.275000000023283 ], [ 262729.756999999983236, 531171.280999999959022 ], [ 262778.506999999983236, 531166.515999999945052 ], [ 262852.309, 531159.270000000018626 ], [ 262873.939000000013039, 531157.145999999949709 ], [ 262977.297000000020489, 531147.599000000045635 ], [ 263004.920999999972992, 531145.241999999969266 ], [ 262030.587999999988824, 530560.944000000017695 ], [ 261881.984, 530830.719000000040978 ], [ 261645.536, 530688.976999999955297 ], [ 261625.768000000010943, 531471.077999999979511 ], [ 262440.49900000001071, 531958.535999999963678 ], [ 262470.24900000001071, 531839.187999999965541 ], [ 262499.295999999972992, 531722.557999999960884 ], [ 262527.650000000023283, 531608.812999999965541 ], [ 262554.792000000015832, 531499.925999999977648 ], [ 262568.620999999984633, 531444.925000000046566 ], [ 262582.108, 531390.343 ], [ 262613.462, 531264.662000000011176 ], [ 262615.762999999977183, 531266.042999999946915 ], [ 262618.681999999971595, 531261.368000000016764 ] ] ] ] } },
{ "type": "Feature", "properties": { "buurtcode": "BU01140600", "buurtnaam": "Nieuw-Amsterdam-Centrum", "pc6_codes": "7833AA, 7833AB, 7833AC, 7833AD, 7833AL, 7833AM, 7833AN, 7833AP, 7833AR, 7833BA, 7833BB, 7833BC, 7833BD, 7833BE, 7833BH, 7833BJ, 7833BK, 7833BL, 7833BM, 7833BN, 7833BP, 7833BR, 7833BS, 7833BT, 7833BV, 7833BW, 7833BX, 7833BZ, 7833CA, 7833CB, 7833CC, 7833CD, 7833CE, 7833CG, 7833CH, 7833CJ, 7833CK, 7833CL, 7833CM, 7833CN, 7833CP, 7833CR, 7833CS, 7833CT, 7833CV, 7833CW, 7833CX, 7833CZ, 7833DA, 7833DB, 7833DC, 7833DD, 7833DE, 7833DG, 7833DH, 7833DJ, 7833DK, 7833DL, 7833DM, 7833DN, 7833DP, 7833DR, 7833DS, 7833DT, 7833DV, 7833EA, 7833EB, 7833EC, 7833ED, 7833EE, 7833EG, 7833EH, 7833EJ, 7833EK, 7833EL, 7833EM, 7833EN, 7833EP, 7833ER, 7833ES, 7833ET, 7833EV, 7833EW, 7833EX, 7833EZ, 7833GA, 7833GB, 7833GC, 7833GD, 7833GE, 7833GG, 7833GH, 7833GJ, 7833GK, 7833GL, 7833GM, 7833GN, 7833GR, 7833GS, 7833GT, 7833GV, 7833GW, 7833GX, 7833GZ, 7833HA, 7833HB, 7833HC, 7833HD, 7833HE, 7833HM, 7833HN, 7833HT, 7833HV, 7833HW, 7833HX, 7833HZ, 7833JA, 7833JB, 7833JC, 7833JG, 7833JH, 7833JJ, 7833JK, 7833JM, 7833KE, 7833KH, 7833KL, 7833KM, 7833KN, 7833KP, 7833KR, 7833KS, 7833KT, 7833LA, 7833LB, 7833LC, 7833LD, 7833LE, 7833LG", "wijkcode": "WK011406", "gemeentecode": "GM0114", "gemeentenaam": "Emmen", "oppervlakteLandInHa": 276, "AantalInwoners_5": 4265, "Mannen_6": 2140, "Vrouwen_7": 2125, "HuishoudensTotaal_29": 1875, "GemiddeldeHuishoudensgrootte_33": 2.3, "Woningvoorraad_35": 1891, "NieuwbouwWoningen_36": 2, "NietWoningvoorraad_37": 154, "NieuwbouwNietWoningen_38": 16, "GemiddeldeWOZWaardeVanWoningen_39": 268, "PercentageEengezinswoning_40": 85, "PercentageTussenwoningEengezins_41": 15, "PercentageHoekwoningEengezins_42": 11, "PercentageTweeOnderEenKapWoningEe_43": 23, "PercentageVrijstaandeWoningEengezins_44": 35, "PercentageMeergezinswoning_45": 15, "Koopwoningen_47": 70, "HuurwoningenTotaal_48": 30, "InBezitWoningcorporatie_49": 26, "InBezitOverigeVerhuurders_50": 5, "BouwjaarMeerDanTienJaarGeleden_51": 96, "BouwjaarAfgelopenTienJaar_52": 4, "GemiddeldeElektriciteitslevering_53": 3030, "GemiddeldeElektriciteitsteruglevering_54": 1440, "GemiddeldAardgasverbruik_55": 990, "AardgasvrijeWoningen_57": 3, "Aardgaswoningen_58": 90, "WoningenMetZonnestroom_59": 55, "WoningenHoofdzElektrVerwarmd_60": 10, "k_20PersonenMetHoogsteInkomen_80": 13.8, "k_20HuishoudensMetHoogsteInkomen_85": 16.6, "MediaanVermogenVanParticuliereHuish_86": 131.3, "PersonenautoSTotaal_104": 2440, "PersonenautoSBrandstofBenzine_105": 1920, "PersonenautoSOverigeBrandstof_106": 520, "PersonenautoSPerHuishouden_107": 1.3, "Omgevingsadressendichtheid_121": 656, "AantalInstallatiesBijWoningen_5": 646, "OpgesteldVermogenVanZonnepanelen_6": 3046, "installaties_per_woning": 0.34161819143310418, "vermogen_per_woning": 1.6107879428873613, "installaties_per_100_woningen": 34.161819143310417, "vermogen_per_huishouden": 1.6245333333333334, "batterijdruk_score": 792.00000000000011, "koop_zon_score": 0.385, "eengezins_zon_score": 0.4675, "betaalkracht_zon_score": 72.215, "overige_brandstof_zon_score": 286.0, "lichte_batterij_kansscore": 0.47073356286413193 }, "geometry": { "type": "MultiPolygon", "coordinates": [ [ [ [ 253776.416, 527399.618999999947846 ], [ 253950.465999999985797, 527378.101000000024214 ], [ 254009.405, 527370.814000000013039 ], [ 254086.565, 527061.631999999983236 ], [ 254313.112, 527109.572999999974854 ], [ 254356.266, 526924.621000000042841 ], [ 254218.747, 526834.349999999976717 ], [ 254986.272999999986496, 526741.020999999949709 ], [ 254950.34, 526456.310000000055879 ], [ 254935.351, 526324.856999999959953 ], [ 254979.345, 526319.035999999963678 ], [ 254964.333000000013271, 526196.057000000029802 ], [ 254913.59, 526194.0 ], [ 254876.275, 525864.934 ], [ 254859.389, 525866.925999999977648 ], [ 254949.644999999989523, 525352.045999999972992 ], [ 255025.081, 525096.640999999945052 ], [ 255122.893000000010943, 524553.513999999966472 ], [ 255825.21, 524445.648000000044703 ], [ 255662.791999999986729, 524332.76300000003539 ], [ 255535.15, 524261.596000000019558 ], [ 255440.405, 524238.419 ], [ 255342.450000000011642, 524235.288999999989755 ], [ 255321.204999999987194, 524098.316 ], [ 255278.704999999987194, 523824.298 ], [ 255152.578, 523943.158999999985099 ], [ 255120.54, 523961.38 ], [ 255119.920000000012806, 523965.25 ], [ 255110.88, 524000.0 ], [ 255106.72, 524015.99 ], [ 255098.04, 524047.669999999983702 ], [ 255090.16, 524073.549999999988358 ], [ 255078.1, 524111.01 ], [ 255056.49299999998766, 524172.12599999998929 ], [ 255034.71, 524233.53000000002794 ], [ 255037.239, 524233.924999999988358 ], [ 255035.413, 524239.207 ], [ 255032.083000000013271, 524249.408999999985099 ], [ 255030.82, 524253.28000000002794 ], [ 255023.449, 524278.952 ], [ 255014.49, 524277.44 ], [ 254994.9, 524274.06 ], [ 254975.44, 524269.53000000002794 ], [ 254956.28, 524263.900000000023283 ], [ 254937.41, 524257.549999999988358 ], [ 254918.700000000011642, 524250.56 ], [ 254900.230000000010477, 524242.900000000023283 ], [ 254882.29, 524234.35999999998603 ], [ 254864.60999999998603, 524225.229999999981374 ], [ 254847.32, 524215.28000000002794 ], [ 254830.329999999987194, 524204.57 ], [ 254814.06, 524193.159999999974389 ], [ 254798.1, 524181.090000000025611 ], [ 254782.829999999987194, 524168.409999999974389 ], [ 254768.09, 524155.039999999979045 ], [ 254753.81, 524141.12 ], [ 254740.04, 524126.549999999988358 ], [ 254727.003999999986263, 524111.827999999979511 ], [ 254726.480000000010477, 524111.849999999976717 ], [ 254724.333000000013271, 524111.906000000017229 ], [ 254723.884, 524111.918 ], [ 254686.659000000014203, 524112.892 ], [ 254684.995, 524112.935999999986961 ], [ 254664.916999999986729, 524113.462 ], [ 254566.649, 524116.033999999985099 ], [ 254517.642, 524117.316999999980908 ], [ 254448.019999999989523, 524119.13900000002468 ], [ 254440.082, 524148.310999999986961 ], [ 254421.37, 524217.080000000016298 ], [ 254399.352000000013504, 524301.017 ], [ 254387.74, 524344.589999999967404 ], [ 254366.78, 524424.17000000004191 ], [ 254361.16, 524445.5 ], [ 254345.37, 524507.229999999981374 ], [ 254335.759, 524544.523000000044703 ], [ 254324.274, 524588.718 ], [ 254314.547, 524627.336000000010245 ], [ 254312.883, 524633.939999999944121 ], [ 254310.839, 524642.253999999957159 ], [ 254303.587999999988824, 524669.812000000034459 ], [ 254301.435, 524676.462999999988824 ], [ 254289.987, 524722.256999999983236 ], [ 254288.487, 524727.981000000028871 ], [ 254285.85999999998603, 524735.069999999948777 ], [ 254284.943999999988591, 524740.929 ], [ 254269.843, 524795.417999999946915 ], [ 254251.416999999986729, 524861.32999999995809 ], [ 254239.813, 524906.189999999944121 ], [ 254233.562, 524928.179 ], [ 254231.519999999989523, 524935.824999999953434 ], [ 254220.029, 524979.283000000054017 ], [ 254214.418, 525000.0 ], [ 254196.956, 525064.468 ], [ 254194.50099999998929, 525074.515999999945052 ], [ 254189.087, 525096.71999999997206 ], [ 254188.541999999986729, 525098.812000000034459 ], [ 254184.676, 525113.638999999966472 ], [ 254183.785, 525117.133000000030734 ], [ 254181.47, 525126.216000000014901 ], [ 254179.223, 525135.032 ], [ 254176.886, 525144.199000000022352 ], [ 254176.14000000001397, 525147.126000000047497 ], [ 254175.658, 525148.898000000044703 ], [ 254174.718, 525152.354999999981374 ], [ 254172.352000000013504, 525161.057999999960884 ], [ 254171.741, 525163.305000000051223 ], [ 254169.778, 525170.525999999954365 ], [ 254168.893000000010943, 525173.778999999980442 ], [ 254166.071999999985565, 525184.15500000002794 ], [ 254163.211000000010245, 525194.680000000051223 ], [ 254160.351, 525205.201 ], [ 254157.529, 525215.579000000027008 ], [ 254155.115, 525224.459999999962747 ], [ 254154.709, 525225.952999999979511 ], [ 254151.299, 525238.493999999947846 ], [ 254126.21, 525332.756999999983236 ], [ 254125.658, 525336.589000000036322 ], [ 254130.489, 525340.618999999947846 ], [ 254104.891, 525437.577999999979511 ], [ 254085.745, 525510.099000000045635 ], [ 254022.794, 525748.5 ], [ 254018.063, 525766.417999999946915 ], [ 253964.738000000012107, 525968.354999999981374 ], [ 253955.807, 526002.523999999975786 ], [ 253908.628, 526183.008000000030734 ], [ 253907.89000000001397, 526185.748999999952503 ], [ 253886.631, 526264.753999999957159 ], [ 253847.16, 526411.439999999944121 ], [ 253854.401000000012573, 526445.069000000017695 ], [ 253825.003999999986263, 526452.567000000039116 ], [ 253829.016, 526466.587000000057742 ], [ 253827.12400000001071, 526482.348 ], [ 253812.779, 526514.550000000046566 ], [ 253783.172, 526617.466999999945983 ], [ 253781.831, 526652.886000000056811 ], [ 253768.053000000014435, 526707.871000000042841 ], [ 253758.016, 526747.925999999977648 ], [ 253776.393000000010943, 526812.258999999961816 ], [ 253772.541, 526813.337999999988824 ], [ 253739.712, 526877.628000000026077 ], [ 253742.25700000001234, 526899.005 ], [ 253684.356999999989057, 527110.78000000002794 ], [ 253687.340999999985797, 527123.621000000042841 ], [ 253685.63200000001234, 527126.089999999967404 ], [ 253677.827, 527154.052000000025146 ], [ 253674.956, 527164.337999999988824 ], [ 253674.519, 527166.900000000023283 ], [ 253674.670000000012806, 527169.493999999947846 ], [ 253675.403, 527171.98699999996461 ], [ 253676.679, 527174.251000000047497 ], [ 253646.102000000013504, 527194.26 ], [ 253603.24900000001071, 527365.175999999977648 ], [ 253594.679, 527399.814000000013039 ], [ 253589.711000000010245, 527419.567000000039116 ], [ 253776.416, 527399.618999999947846 ] ] ] ] } },
{ "type": "Feature", "properties": { "buurtcode": "BU01140601", "buurtnaam": "Barger-Erfscheidenveen", "pc6_codes": "7833JR, 7833JS, 7833JT, 7833JV, 7833JW, 7833JX, 7833JZ", "wijkcode": "WK011406", "gemeentecode": "GM0114", "gemeentenaam": "Emmen", "oppervlakteLandInHa": 44, "AantalInwoners_5": 90, "Mannen_6": 55, "Vrouwen_7": 35, "HuishoudensTotaal_29": 50, "GemiddeldeHuishoudensgrootte_33": 1.9, "Woningvoorraad_35": 49, "NieuwbouwWoningen_36": 0, "NietWoningvoorraad_37": 1, "NieuwbouwNietWoningen_38": 0, "GemiddeldeWOZWaardeVanWoningen_39": 231, "PercentageEengezinswoning_40": 100, "PercentageTussenwoningEengezins_41": 0, "PercentageHoekwoningEengezins_42": 0, "PercentageTweeOnderEenKapWoningEe_43": 57, "PercentageVrijstaandeWoningEengezins_44": 43, "PercentageMeergezinswoning_45": 0, "Koopwoningen_47": 29, "HuurwoningenTotaal_48": 71, "InBezitWoningcorporatie_49": 61, "InBezitOverigeVerhuurders_50": 10, "BouwjaarMeerDanTienJaarGeleden_51": 98, "BouwjaarAfgelopenTienJaar_52": 2, "GemiddeldeElektriciteitslevering_53": 2820, "GemiddeldeElektriciteitsteruglevering_54": 1200, "GemiddeldAardgasverbruik_55": 1230, "AardgasvrijeWoningen_57": null, "Aardgaswoningen_58": null, "WoningenMetZonnestroom_59": null, "WoningenHoofdzElektrVerwarmd_60": null, "k_20PersonenMetHoogsteInkomen_80": null, "k_20HuishoudensMetHoogsteInkomen_85": null, "MediaanVermogenVanParticuliereHuish_86": null, "PersonenautoSTotaal_104": 45, "PersonenautoSBrandstofBenzine_105": 40, "PersonenautoSOverigeBrandstof_106": 5, "PersonenautoSPerHuishouden_107": null, "Omgevingsadressendichtheid_121": 55, "AantalInstallatiesBijWoningen_5": 7, "OpgesteldVermogenVanZonnepanelen_6": 50, "installaties_per_woning": 0.14285714285714285, "vermogen_per_woning": 1.0204081632653061, "installaties_per_100_woningen": 14.285714285714285, "vermogen_per_huishouden": 1.0, "batterijdruk_score": null, "koop_zon_score": null, "eengezins_zon_score": null, "betaalkracht_zon_score": null, "overige_brandstof_zon_score": null, "lichte_batterij_kansscore": null }, "geometry": { "type": "MultiPolygon", "coordinates": [ [ [ [ 254251.584, 528370.042000000015832 ], [ 254293.726, 528184.886999999987893 ], [ 254353.154, 528194.577000000048429 ], [ 254458.888, 527719.787000000011176 ], [ 254900.574, 527810.413999999989755 ], [ 254885.334, 527884.685999999986961 ], [ 255017.367, 527911.24800000002142 ], [ 255045.897999999986496, 527762.908999999985099 ], [ 255168.647999999986496, 527786.520000000018626 ], [ 255190.494, 527672.941 ], [ 254356.407, 527516.648000000044703 ], [ 254398.266, 527330.826 ], [ 254009.405, 527370.814000000013039 ], [ 253950.465999999985797, 527378.101000000024214 ], [ 253957.25, 527402.209999999962747 ], [ 254050.837, 527735.927999999956228 ], [ 254140.299999999988358, 528050.839999999967404 ], [ 254240.481, 528405.856000000028871 ], [ 254248.916, 528407.599000000045635 ], [ 254253.74900000001071, 528408.549 ], [ 254251.584, 528370.042000000015832 ] ] ] ] } },
{ "type": "Feature", "properties": { "buurtcode": "BU01140608", "buurtnaam": "Langs de Vaart", "pc6_codes": "7833AE, 7833AG, 7833AH, 7833AJ, 7833AK, 7833HG, 7833HH, 7833HJ, 7833HK, 7833HL, 7833HS, 7833JL", "wijkcode": "WK011406", "gemeentecode": "GM0114", "gemeentenaam": "Emmen", "oppervlakteLandInHa": 59, "AantalInwoners_5": 215, "Mannen_6": 110, "Vrouwen_7": 105, "HuishoudensTotaal_29": 95, "GemiddeldeHuishoudensgrootte_33": 2.3, "Woningvoorraad_35": 88, "NieuwbouwWoningen_36": 1, "NietWoningvoorraad_37": 6, "NieuwbouwNietWoningen_38": 0, "GemiddeldeWOZWaardeVanWoningen_39": 358, "PercentageEengezinswoning_40": 98, "PercentageTussenwoningEengezins_41": 3, "PercentageHoekwoningEengezins_42": 0, "PercentageTweeOnderEenKapWoningEe_43": 8, "PercentageVrijstaandeWoningEengezins_44": 86, "PercentageMeergezinswoning_45": 2, "Koopwoningen_47": 98, "HuurwoningenTotaal_48": 2, "InBezitWoningcorporatie_49": 0, "InBezitOverigeVerhuurders_50": 2, "BouwjaarMeerDanTienJaarGeleden_51": 97, "BouwjaarAfgelopenTienJaar_52": 3, "GemiddeldeElektriciteitslevering_53": 3500, "GemiddeldeElektriciteitsteruglevering_54": 1620, "GemiddeldAardgasverbruik_55": 1250, "AardgasvrijeWoningen_57": null, "Aardgaswoningen_58": null, "WoningenMetZonnestroom_59": null, "WoningenHoofdzElektrVerwarmd_60": null, "k_20PersonenMetHoogsteInkomen_80": 19.5, "k_20HuishoudensMetHoogsteInkomen_85": null, "MediaanVermogenVanParticuliereHuish_86": null, "PersonenautoSTotaal_104": 145, "PersonenautoSBrandstofBenzine_105": 105, "PersonenautoSOverigeBrandstof_106": 40, "PersonenautoSPerHuishouden_107": 1.5, "Omgevingsadressendichtheid_121": 159, "AantalInstallatiesBijWoningen_5": 30, "OpgesteldVermogenVanZonnepanelen_6": 156, "installaties_per_woning": 0.34090909090909088, "vermogen_per_woning": 1.7727272727272727, "installaties_per_100_woningen": 34.090909090909086, "vermogen_per_huishouden": 1.6421052631578947, "batterijdruk_score": null, "koop_zon_score": null, "eengezins_zon_score": null, "betaalkracht_zon_score": null, "overige_brandstof_zon_score": null, "lichte_batterij_kansscore": null }, "geometry": { "type": "MultiPolygon", "coordinates": [ [ [ [ 255368.123, 526403.775000000023283 ], [ 256955.805, 526188.216000000014901 ], [ 257264.170000000012806, 526149.586000000010245 ], [ 257251.29, 526044.246000000042841 ], [ 257253.296, 526044.006000000052154 ], [ 257260.593, 526043.131999999983236 ], [ 257258.938, 526029.229000000050291 ], [ 257257.166, 526014.348 ], [ 257256.049, 526004.968 ], [ 257255.457, 526000.0 ], [ 257254.824, 525994.680000000051223 ], [ 257250.921, 525995.145999999949709 ], [ 257241.708000000013271, 525996.243000000016764 ], [ 257240.413999999989755, 525985.34699999995064 ], [ 257237.037000000011176, 525957.908000000054017 ], [ 257233.408, 525926.346000000019558 ], [ 257229.066, 525893.143000000040047 ], [ 257228.388, 525893.209999999962747 ], [ 257221.030999999988126, 525834.397 ], [ 257209.102000000013504, 525835.368000000016764 ], [ 257207.359, 525835.51 ], [ 257162.162000000011176, 525839.996999999973923 ], [ 257129.432999999989988, 525843.36199999996461 ], [ 257109.228, 525845.790999999968335 ], [ 257089.123, 525848.207000000053085 ], [ 257077.06, 525849.657 ], [ 257063.024, 525855.949999999953434 ], [ 257061.268000000010943, 525855.574000000022352 ], [ 257059.291, 525855.706 ], [ 257046.692000000010012, 525857.412999999942258 ], [ 257034.833000000013271, 525859.018999999971129 ], [ 257033.24, 525859.018999999971129 ], [ 257031.568, 525859.204000000027008 ], [ 257029.119, 525858.638999999966472 ], [ 257026.649, 525857.932999999960884 ], [ 257024.166999999986729, 525856.692999999970198 ], [ 257023.272, 525856.12300000002142 ], [ 257010.633, 525857.640999999945052 ], [ 256997.994, 525859.158999999985099 ], [ 256993.082, 525859.748999999952503 ], [ 256916.416, 525868.957000000053085 ], [ 256890.105000000010477, 525872.116999999969266 ], [ 256862.802, 525875.395999999949709 ], [ 256811.407, 525881.569000000017695 ], [ 256785.135, 525884.724999999976717 ], [ 256757.799, 525888.008000000030734 ], [ 256732.839, 525891.006000000052154 ], [ 256705.405, 525894.300999999977648 ], [ 256716.237, 525986.162000000011176 ], [ 256689.703, 525989.349000000045635 ], [ 256662.86799999998766, 525992.572000000043772 ], [ 256636.166999999986729, 525995.78000000002794 ], [ 256610.450000000011642, 525998.868999999947846 ], [ 256609.293, 525989.261999999987893 ], [ 256599.39000000001397, 525907.035000000032596 ], [ 256587.034000000014203, 525908.518999999971129 ], [ 256572.886999999987893, 525910.218 ], [ 256546.611, 525913.373999999952503 ], [ 256540.117, 525914.153999999980442 ], [ 256533.704, 525914.924 ], [ 256520.269999999989523, 525916.537999999942258 ], [ 256493.99900000001071, 525919.694000000017695 ], [ 256387.923, 525932.435000000055879 ], [ 256281.342, 525945.238000000012107 ], [ 256175.636999999987893, 525957.935999999986961 ], [ 256180.840999999985797, 526000.0 ], [ 256186.701, 526047.358 ], [ 256162.269999999989523, 526050.432999999960884 ], [ 256120.968, 526055.63 ], [ 256100.809, 526058.167000000015832 ], [ 256080.384, 526060.736000000033528 ], [ 256080.184, 526059.108 ], [ 256076.258, 526059.62300000002142 ], [ 256065.32, 526061.059 ], [ 256055.833000000013271, 526062.305000000051223 ], [ 256040.522, 526064.314999999944121 ], [ 256043.74299999998766, 526090.511000000056811 ], [ 256022.886, 526092.95499999995809 ], [ 256016.709, 526090.635 ], [ 256010.796, 526087.706 ], [ 256005.208000000013271, 526084.197999999974854 ], [ 256000.0, 526080.145000000018626 ], [ 255995.155, 526075.51300000003539 ], [ 255990.807999999989988, 526070.410000000032596 ], [ 255990.802, 526070.402 ], [ 254964.333000000013271, 526196.057000000029802 ], [ 254979.345, 526319.035999999963678 ], [ 254935.351, 526324.856999999959953 ], [ 254950.34, 526456.310000000055879 ], [ 255368.123, 526403.775000000023283 ] ] ] ] } },
{ "type": "Feature", "properties": { "buurtcode": "BU01140609", "buurtnaam": "Verspreide huizen Nieuw-Amsterdam", "pc6_codes": "7833AN, 7833AP, 7833HR, 7833HS, 7833JD, 7833JL, 7833JM, 7833JN, 7833JP, 7833JW, 7833KB, 7833KC, 7833KD", "wijkcode": "WK011406", "gemeentecode": "GM0114", "gemeentenaam": "Emmen", "oppervlakteLandInHa": 917, "AantalInwoners_5": 140, "Mannen_6": 80, "Vrouwen_7": 60, "HuishoudensTotaal_29": 60, "GemiddeldeHuishoudensgrootte_33": 2.2, "Woningvoorraad_35": 50, "NieuwbouwWoningen_36": 0, "NietWoningvoorraad_37": 13, "NieuwbouwNietWoningen_38": 0, "GemiddeldeWOZWaardeVanWoningen_39": 403, "PercentageEengezinswoning_40": 100, "PercentageTussenwoningEengezins_41": 0, "PercentageHoekwoningEengezins_42": 0, "PercentageTweeOnderEenKapWoningEe_43": 10, "PercentageVrijstaandeWoningEengezins_44": 90, "PercentageMeergezinswoning_45": 0, "Koopwoningen_47": 86, "HuurwoningenTotaal_48": 14, "InBezitWoningcorporatie_49": 0, "InBezitOverigeVerhuurders_50": 14, "BouwjaarMeerDanTienJaarGeleden_51": 98, "BouwjaarAfgelopenTienJaar_52": 2, "GemiddeldeElektriciteitslevering_53": 4240, "GemiddeldeElektriciteitsteruglevering_54": 1960, "GemiddeldAardgasverbruik_55": 1350, "AardgasvrijeWoningen_57": null, "Aardgaswoningen_58": null, "WoningenMetZonnestroom_59": null, "WoningenHoofdzElektrVerwarmd_60": null, "k_20PersonenMetHoogsteInkomen_80": 19.0, "k_20HuishoudensMetHoogsteInkomen_85": null, "MediaanVermogenVanParticuliereHuish_86": null, "PersonenautoSTotaal_104": 75, "PersonenautoSBrandstofBenzine_105": 55, "PersonenautoSOverigeBrandstof_106": 25, "PersonenautoSPerHuishouden_107": 1.2, "Omgevingsadressendichtheid_121": 85, "AantalInstallatiesBijWoningen_5": 13, "OpgesteldVermogenVanZonnepanelen_6": 67, "installaties_per_woning": 0.26, "vermogen_per_woning": 1.34, "installaties_per_100_woningen": 26.0, "vermogen_per_huishouden": 1.1166666666666667, "batterijdruk_score": null, "koop_zon_score": null, "eengezins_zon_score": null, "betaalkracht_zon_score": null, "overige_brandstof_zon_score": null, "lichte_batterij_kansscore": null }, "geometry": { "type": "MultiPolygon", "coordinates": [ [ [ [ 256180.829999999987194, 524391.040999999968335 ], [ 256559.188, 524332.920999999972992 ], [ 256609.274, 524325.226999999955297 ], [ 256879.171, 524283.712999999988824 ], [ 256950.412000000011176, 524272.755 ], [ 257000.0, 524265.365999999979977 ], [ 257011.908, 524263.592 ], [ 257066.682, 524255.25099999998929 ], [ 257129.826, 524245.631 ], [ 257144.848999999987427, 524240.331 ], [ 257155.037000000011176, 524236.73599999997532 ], [ 257146.538999999989755, 524173.090000000025611 ], [ 257146.185999999986961, 524170.445 ], [ 257148.297, 524164.935999999986961 ], [ 257150.487, 524160.445 ], [ 257134.915, 524155.218 ], [ 257127.335, 524165.180999999982305 ], [ 257113.446, 524180.36099999997532 ], [ 257113.193999999988591, 524180.641 ], [ 257113.825000000011642, 524184.813000000023749 ], [ 257114.13, 524188.397 ], [ 257114.16, 524191.461000000010245 ], [ 257113.976, 524195.053000000014435 ], [ 257113.441, 524198.553000000014435 ], [ 257112.651000000012573, 524202.072999999974854 ], [ 257111.685, 524205.468 ], [ 257110.282, 524208.581 ], [ 257109.115, 524211.291000000026543 ], [ 257107.662000000011176, 524213.973 ], [ 257105.72, 524216.666000000026543 ], [ 257103.886999999987893, 524219.108 ], [ 257101.448, 524221.76 ], [ 257099.269, 524223.848999999987427 ], [ 257096.678000000014435, 524226.090000000025611 ], [ 257093.636, 524228.101000000024214 ], [ 257089.932, 524230.306999999971595 ], [ 257085.60999999998603, 524232.23599999997532 ], [ 257081.386999999987893, 524233.554 ], [ 257077.825000000011642, 524234.392999999981839 ], [ 257074.563, 524234.895000000018626 ], [ 257038.915, 524240.172000000020489 ], [ 257037.413999999989755, 524242.167000000015832 ], [ 257032.165, 524242.962999999988824 ], [ 257030.423, 524232.842 ], [ 257026.598, 524220.992000000027474 ], [ 257011.801, 524125.632999999972526 ], [ 257000.0, 524127.420999999972992 ], [ 256971.998, 524131.664999999979045 ], [ 256951.774, 524134.729 ], [ 256927.503999999986263, 524138.407 ], [ 256888.462, 524144.324000000022352 ], [ 256878.812, 524145.786000000021886 ], [ 256878.294, 524025.596000000019558 ], [ 256579.318, 524036.824000000022352 ], [ 256576.003, 524017.96999999997206 ], [ 256566.942000000010012, 524019.365 ], [ 256563.394999999989523, 524000.0 ], [ 256543.209, 523889.804 ], [ 256539.051, 523866.854 ], [ 256536.044, 523852.754000000015367 ], [ 256481.103, 523551.473 ], [ 256478.006, 523524.629000000015367 ], [ 256477.804, 523521.875 ], [ 256476.029, 523512.14000000001397 ], [ 256473.836000000010245, 523500.0 ], [ 256427.199, 523241.87300000002142 ], [ 256426.852000000013504, 523239.951 ], [ 256418.988000000012107, 523198.897999999986496 ], [ 256405.429, 523127.444000000017695 ], [ 256389.995, 523045.592 ], [ 256381.524, 523000.0 ], [ 256375.163999999989755, 522965.768999999971129 ], [ 256355.702, 522864.592 ], [ 256352.836000000010245, 522848.422000000020489 ], [ 256347.219000000011874, 522818.043 ], [ 256342.799999999988358, 522810.450000000011642 ], [ 255818.97, 523316.757999999972526 ], [ 255718.676, 523410.552000000025146 ], [ 255649.383, 523475.354999999981374 ], [ 255622.416, 523499.903 ], [ 255474.112, 523640.647 ], [ 255401.971, 523708.170999999972992 ], [ 255397.628999999986263, 523711.85999999998603 ], [ 255315.462, 523789.658 ], [ 255278.704999999987194, 523824.298 ], [ 255321.204999999987194, 524098.316 ], [ 255342.450000000011642, 524235.288999999989755 ], [ 255440.405, 524238.419 ], [ 255535.15, 524261.596000000019558 ], [ 255662.791999999986729, 524332.76300000003539 ], [ 255825.21, 524445.648000000044703 ], [ 256000.0, 524418.807999999960884 ], [ 256180.829999999987194, 524391.040999999968335 ] ] ], [ [ [ 255025.081, 525096.640999999945052 ], [ 254949.644999999989523, 525352.045999999972992 ], [ 254859.389, 525866.925999999977648 ], [ 254876.275, 525864.934 ], [ 254913.59, 526194.0 ], [ 254964.333000000013271, 526196.057000000029802 ], [ 255990.802, 526070.402 ], [ 255987.003999999986263, 526064.89000000001397 ], [ 255983.785, 526059.01 ], [ 255981.182999999989988, 526052.832999999984168 ], [ 255979.225, 526046.422000000020489 ], [ 255977.932, 526039.844000000040978 ], [ 255973.23499999998603, 526000.0 ], [ 255944.672, 525757.719000000040978 ], [ 255943.384, 525746.79500000004191 ], [ 255941.663, 525732.191 ], [ 255942.388, 525732.104999999981374 ], [ 255940.291999999986729, 525715.393999999971129 ], [ 255939.47, 525703.488000000012107 ], [ 255938.79, 525693.623999999952503 ], [ 255938.04, 525672.604999999981374 ], [ 255938.415, 525655.714000000036322 ], [ 255939.541, 525644.454000000027008 ], [ 255940.666999999986729, 525630.566 ], [ 255942.919, 525615.552000000025146 ], [ 255946.673, 525600.538999999989755 ], [ 255950.696, 525586.101999999955297 ], [ 255955.442000000010012, 525569.071 ], [ 255959.434, 525554.746999999973923 ], [ 255961.327, 525544.589999999967404 ], [ 255966.19, 525523.111000000033528 ], [ 255967.858, 525509.538999999989755 ], [ 255969.635, 525500.0 ], [ 255971.821, 525485.577000000048429 ], [ 255973.321999999985565, 525467.560000000055879 ], [ 255974.823, 525448.792999999946915 ], [ 255975.103, 525431.996999999973923 ], [ 255974.958000000013271, 525425.577000000048429 ], [ 255975.199, 525406.003999999957159 ], [ 255974.073, 525386.486000000033528 ], [ 255972.253999999986263, 525371.185000000055879 ], [ 255970.318999999988591, 525350.077999999979511 ], [ 255969.049, 525344.224000000045635 ], [ 255966.941, 525326.498999999952503 ], [ 255952.170000000012806, 525231.99 ], [ 255936.945, 525134.572000000043772 ], [ 255925.182999999989988, 525059.314999999944121 ], [ 255915.920000000012806, 525000.0 ], [ 255894.353, 524861.897 ], [ 255881.24900000001071, 524777.984000000054948 ], [ 255856.0, 524616.302999999956228 ], [ 255850.29, 524602.687000000034459 ], [ 255825.21, 524445.648000000044703 ], [ 255122.893000000010943, 524553.513999999966472 ], [ 255025.081, 525096.640999999945052 ] ] ], [ [ [ 255979.943, 528737.751000000047497 ], [ 256000.0, 528738.321 ], [ 256007.557999999989988, 528738.812000000034459 ], [ 256079.255, 528741.280999999959022 ], [ 256105.62400000001071, 528729.822000000043772 ], [ 256212.745, 528764.417999999946915 ], [ 256227.049, 528768.381000000052154 ], [ 256262.619, 528778.434 ], [ 256268.234, 528779.90500000002794 ], [ 256279.62599999998929, 528747.679 ], [ 256346.695, 528557.944999999948777 ], [ 256380.176, 528463.229999999981374 ], [ 256413.641, 528368.557999999960884 ], [ 256472.609, 528201.738999999943189 ], [ 256854.721, 528526.604000000050291 ], [ 256862.217, 527911.935000000055879 ], [ 257199.536, 527622.091000000014901 ], [ 257496.87599999998929, 527627.087999999988824 ], [ 257666.116, 527703.072999999974854 ], [ 257728.851, 527551.128000000026077 ], [ 257730.595, 527547.261999999987893 ], [ 257709.21, 527536.147 ], [ 257707.233, 527540.51 ], [ 257697.700000000011642, 527534.449999999953434 ], [ 257691.39000000001397, 527530.42000000004191 ], [ 257684.93, 527526.64000000001397 ], [ 257678.329999999987194, 527523.12 ], [ 257671.59, 527519.85999999998603 ], [ 257633.44, 527502.310000000055879 ], [ 257503.998, 527442.542999999946915 ], [ 257503.063, 527442.113000000012107 ], [ 257425.915, 527451.194000000017695 ], [ 257422.152, 527460.295999999972992 ], [ 257416.556000000011409, 527428.37300000002142 ], [ 257361.85, 526957.658999999985099 ], [ 257303.256, 526469.258000000030734 ], [ 257264.170000000012806, 526149.586000000010245 ], [ 256955.805, 526188.216000000014901 ], [ 255368.123, 526403.775000000023283 ], [ 254950.34, 526456.310000000055879 ], [ 254986.272999999986496, 526741.020999999949709 ], [ 254218.747, 526834.349999999976717 ], [ 254356.266, 526924.621000000042841 ], [ 254313.112, 527109.572999999974854 ], [ 254086.565, 527061.631999999983236 ], [ 254009.405, 527370.814000000013039 ], [ 254398.266, 527330.826 ], [ 254356.407, 527516.648000000044703 ], [ 255190.494, 527672.941 ], [ 255168.647999999986496, 527786.520000000018626 ], [ 255045.897999999986496, 527762.908999999985099 ], [ 255017.367, 527911.24800000002142 ], [ 254885.334, 527884.685999999986961 ], [ 254900.574, 527810.413999999989755 ], [ 254458.888, 527719.787000000011176 ], [ 254353.154, 528194.577000000048429 ], [ 254293.726, 528184.886999999987893 ], [ 254251.584, 528370.042000000015832 ], [ 254253.74900000001071, 528408.549 ], [ 254264.823, 528410.726000000024214 ], [ 254270.452, 528411.832999999984168 ], [ 254271.766, 528407.790000000037253 ], [ 254302.888, 528413.89000000001397 ], [ 254411.49299999998766, 528435.206 ], [ 254542.082, 528460.679 ], [ 254572.136, 528466.628999999957159 ], [ 254889.568999999988591, 528530.407 ], [ 254881.522, 528570.964999999967404 ], [ 254875.071, 528601.128000000026077 ], [ 254871.323, 528614.606999999959953 ], [ 254886.178000000014435, 528632.959000000031665 ], [ 255198.567000000010012, 528695.731999999959953 ], [ 255449.76500000001397, 528746.209999999962747 ], [ 255565.541, 528763.77800000004936 ], [ 255555.231999999989057, 528692.179 ], [ 255551.426, 528677.584000000031665 ], [ 255566.37599999998929, 528579.089000000036322 ], [ 255588.287000000011176, 528580.689000000013039 ], [ 255643.505, 528588.376000000047497 ], [ 255648.873, 528576.876000000047497 ], [ 255708.989, 528604.53000000002794 ], [ 255694.678000000014435, 528702.076 ], [ 255736.634, 528720.935000000055879 ], [ 255718.826, 528832.272 ], [ 255725.807999999989988, 528835.435000000055879 ], [ 255856.287000000011176, 528894.871999999973923 ], [ 255920.633, 528754.976000000024214 ], [ 255923.826, 528750.185999999986961 ], [ 255927.831, 528745.900999999954365 ], [ 255932.768000000010943, 528742.082000000053085 ], [ 255938.171, 528739.287999999942258 ], [ 255943.481, 528737.611000000033528 ], [ 255949.459, 528736.581 ], [ 255979.943, 528737.751000000047497 ] ] ], [ [ [ 254050.837, 527735.927999999956228 ], [ 253957.25, 527402.209999999962747 ], [ 253950.465999999985797, 527378.101000000024214 ], [ 253776.416, 527399.618999999947846 ], [ 253589.711000000010245, 527419.567000000039116 ], [ 253587.253, 527429.341999999945983 ], [ 253569.109, 527501.429 ], [ 253559.657, 527538.98499999998603 ], [ 253547.592, 527586.285000000032596 ], [ 253547.037000000011176, 527588.462000000057742 ], [ 253529.728, 527654.363999999943189 ], [ 253522.451, 527681.746000000042841 ], [ 253516.577, 527704.432999999960884 ], [ 253502.404, 527762.248999999952503 ], [ 253487.651000000012573, 527824.95499999995809 ], [ 253464.271, 527915.253000000026077 ], [ 253460.79, 527929.179 ], [ 253429.351, 528054.959999999962747 ], [ 253423.459, 528078.533000000054017 ], [ 253417.097, 528103.986000000033528 ], [ 253481.095, 528121.238000000012107 ], [ 253582.93, 528148.689999999944121 ], [ 253588.56, 528125.51500000001397 ], [ 253656.62, 528141.615 ], [ 253721.799, 528157.033999999985099 ], [ 253674.692000000010012, 528348.48499999998603 ], [ 253803.142, 528378.719000000040978 ], [ 253816.943, 528319.897 ], [ 253826.163, 528321.768000000040047 ], [ 253852.628999999986263, 528327.13800000003539 ], [ 253878.37599999998929, 528332.324000000022352 ], [ 253928.336000000010245, 528342.386999999987893 ], [ 253969.831, 528350.743999999947846 ], [ 253978.438, 528352.478 ], [ 254000.0, 528356.821 ], [ 254033.913999999989755, 528363.652 ], [ 254098.636999999987893, 528376.687999999965541 ], [ 254159.019999999989523, 528388.912999999942258 ], [ 254207.62, 528398.753000000026077 ], [ 254231.29, 528404.12300000002142 ], [ 254240.481, 528405.856000000028871 ], [ 254140.299999999988358, 528050.839999999967404 ], [ 254050.837, 527735.927999999956228 ] ] ] ] } },
{ "type": "Feature", "properties": { "buurtcode": "BU01140700", "buurtnaam": "Erica-Centrum", "pc6_codes": "7887AA, 7887AB, 7887AC, 7887AD, 7887AE, 7887AG, 7887AH, 7887AJ, 7887AK, 7887AN, 7887AP, 7887AR, 7887AS, 7887AT, 7887AV, 7887AW, 7887AX, 7887AZ, 7887BA, 7887BB, 7887BC, 7887BD, 7887BE, 7887BG, 7887BH, 7887BJ, 7887BK, 7887BL, 7887BM, 7887BN, 7887BP, 7887BR, 7887BS, 7887BT, 7887BW, 7887BX, 7887BZ, 7887CA, 7887CB, 7887CC, 7887CD, 7887CE, 7887CG, 7887CH, 7887CJ, 7887CK, 7887CL, 7887CM, 7887CN, 7887CT, 7887CV, 7887CW, 7887CX, 7887DA, 7887DB, 7887DC, 7887DD, 7887DE, 7887EA, 7887EB, 7887EC, 7887EE, 7887EG, 7887EH, 7887EJ, 7887EK, 7887EL, 7887EM, 7887EN, 7887EP, 7887ER, 7887ES, 7887ET, 7887EV, 7887EW, 7887EX, 7887EZ, 7887GB, 7887GC, 7887GE, 7887GG, 7887GH, 7887GJ, 7887GK, 7887HA, 7887HB, 7887HC, 7887HD, 7887HE, 7887HG, 7887HH, 7887HJ, 7887HK, 7887HL, 7887HM, 7887HN, 7887HP, 7887HR, 7887HS, 7887HT, 7887HV, 7887HW, 7887HX, 7887HZ, 7887JA, 7887KA, 7887KB, 7887KD, 7887KE, 7887TB, 7887TW, 7887TZ", "wijkcode": "WK011407", "gemeentecode": "GM0114", "gemeentenaam": "Emmen", "oppervlakteLandInHa": 204, "AantalInwoners_5": 3845, "Mannen_6": 1920, "Vrouwen_7": 1925, "HuishoudensTotaal_29": 1680, "GemiddeldeHuishoudensgrootte_33": 2.3, "Woningvoorraad_35": 1685, "NieuwbouwWoningen_36": 2, "NietWoningvoorraad_37": 86, "NieuwbouwNietWoningen_38": 4, "GemiddeldeWOZWaardeVanWoningen_39": 272, "PercentageEengezinswoning_40": 91, "PercentageTussenwoningEengezins_41": 17, "PercentageHoekwoningEengezins_42": 12, "PercentageTweeOnderEenKapWoningEe_43": 25, "PercentageVrijstaandeWoningEengezins_44": 38, "PercentageMeergezinswoning_45": 9, "Koopwoningen_47": 71, "HuurwoningenTotaal_48": 29, "InBezitWoningcorporatie_49": 24, "InBezitOverigeVerhuurders_50": 5, "BouwjaarMeerDanTienJaarGeleden_51": 98, "BouwjaarAfgelopenTienJaar_52": 2, "GemiddeldeElektriciteitslevering_53": 2940, "GemiddeldeElektriciteitsteruglevering_54": 1580, "GemiddeldAardgasverbruik_55": 1020, "AardgasvrijeWoningen_57": 3, "Aardgaswoningen_58": 90, "WoningenMetZonnestroom_59": 65, "WoningenHoofdzElektrVerwarmd_60": 9, "k_20PersonenMetHoogsteInkomen_80": 14.9, "k_20HuishoudensMetHoogsteInkomen_85": 18.4, "MediaanVermogenVanParticuliereHuish_86": 136.1, "PersonenautoSTotaal_104": 2295, "PersonenautoSBrandstofBenzine_105": 1885, "PersonenautoSOverigeBrandstof_106": 410, "PersonenautoSPerHuishouden_107": 1.4, "Omgevingsadressendichtheid_121": 427, "AantalInstallatiesBijWoningen_5": 704, "OpgesteldVermogenVanZonnepanelen_6": 2982, "installaties_per_woning": 0.41780415430267065, "vermogen_per_woning": 1.76973293768546, "installaties_per_100_woningen": 41.780415430267063, "vermogen_per_huishouden": 1.775, "batterijdruk_score": 1027.0, "koop_zon_score": 0.4615, "eengezins_zon_score": 0.5915, "betaalkracht_zon_score": 88.465, "overige_brandstof_zon_score": 266.5, "lichte_batterij_kansscore": 0.50683307585910142 }, "geometry": { "type": "MultiPolygon", "coordinates": [ [ [ [ 259819.911, 525842.459000000031665 ], [ 260189.258, 525797.636999999987893 ], [ 260186.422, 525808.226000000024214 ], [ 260294.174999999988358, 525913.197999999974854 ], [ 260363.62, 525842.689999999944121 ], [ 260676.884, 526139.817999999970198 ], [ 260753.305, 526059.221000000019558 ], [ 260369.522, 525695.395000000018626 ], [ 260657.772999999986496, 525658.924 ], [ 260640.222, 525513.723 ], [ 259842.79, 525611.332999999984168 ], [ 259831.133, 525518.172999999951571 ], [ 259570.677, 525549.263999999966472 ], [ 259542.165, 525308.925000000046566 ], [ 258794.535, 525397.537000000011176 ], [ 258814.363000000012107, 525540.191 ], [ 258705.003999999986263, 525553.932000000029802 ], [ 258716.633, 525651.552000000025146 ], [ 258560.653, 525670.258000000030734 ], [ 258571.351, 525763.76500000001397 ], [ 258514.761, 525771.035999999963678 ], [ 258553.472, 526087.444999999948777 ], [ 258579.908, 526303.517 ], [ 258326.798, 526333.321 ], [ 258160.465999999985797, 526352.907 ], [ 258189.161, 526609.116999999969266 ], [ 258358.115, 526588.981000000028871 ], [ 258378.479, 526586.554 ], [ 258410.973, 526851.133000000030734 ], [ 258968.353, 527103.143999999971129 ], [ 259078.239, 527152.827999999979511 ], [ 259098.88, 527106.734000000054948 ], [ 259223.222, 527162.991999999969266 ], [ 259819.911, 525842.459000000031665 ] ] ] ] } },
{ "type": "Feature", "properties": { "buurtcode": "BU01140701", "buurtnaam": "Amsterdamscheveld", "pc6_codes": "7887TH, 7887TJ, 7887TK, 7887TL, 7887TM, 7887TP, 7887VD, 7887ZZ", "wijkcode": "WK011407", "gemeentecode": "GM0114", "gemeentenaam": "Emmen", "oppervlakteLandInHa": 54, "AantalInwoners_5": 205, "Mannen_6": 110, "Vrouwen_7": 95, "HuishoudensTotaal_29": 80, "GemiddeldeHuishoudensgrootte_33": 2.5, "Woningvoorraad_35": 83, "NieuwbouwWoningen_36": 0, "NietWoningvoorraad_37": 4, "NieuwbouwNietWoningen_38": 0, "GemiddeldeWOZWaardeVanWoningen_39": 353, "PercentageEengezinswoning_40": 100, "PercentageTussenwoningEengezins_41": 0, "PercentageHoekwoningEengezins_42": 0, "PercentageTweeOnderEenKapWoningEe_43": 7, "PercentageVrijstaandeWoningEengezins_44": 93, "PercentageMeergezinswoning_45": 0, "Koopwoningen_47": 96, "HuurwoningenTotaal_48": 4, "InBezitWoningcorporatie_49": 0, "InBezitOverigeVerhuurders_50": 4, "BouwjaarMeerDanTienJaarGeleden_51": 93, "BouwjaarAfgelopenTienJaar_52": 7, "GemiddeldeElektriciteitslevering_53": 3870, "GemiddeldeElektriciteitsteruglevering_54": 1830, "GemiddeldAardgasverbruik_55": 1210, "AardgasvrijeWoningen_57": null, "Aardgaswoningen_58": null, "WoningenMetZonnestroom_59": null, "WoningenHoofdzElektrVerwarmd_60": null, "k_20PersonenMetHoogsteInkomen_80": 18.1, "k_20HuishoudensMetHoogsteInkomen_85": null, "MediaanVermogenVanParticuliereHuish_86": null, "PersonenautoSTotaal_104": 115, "PersonenautoSBrandstofBenzine_105": 85, "PersonenautoSOverigeBrandstof_106": 30, "PersonenautoSPerHuishouden_107": 1.4, "Omgevingsadressendichtheid_121": 43, "AantalInstallatiesBijWoningen_5": 34, "OpgesteldVermogenVanZonnepanelen_6": 177, "installaties_per_woning": 0.40963855421686746, "vermogen_per_woning": 2.1325301204819276, "installaties_per_100_woningen": 40.963855421686745, "vermogen_per_huishouden": 2.2125, "batterijdruk_score": null, "koop_zon_score": null, "eengezins_zon_score": null, "betaalkracht_zon_score": null, "overige_brandstof_zon_score": null, "lichte_batterij_kansscore": null }, "geometry": { "type": "MultiPolygon", "coordinates": [ [ [ [ 258960.924999999988358, 524404.993999999947846 ], [ 258561.324, 523512.134000000020023 ], [ 258769.769, 523419.364 ], [ 258664.598999999987427, 523183.055 ], [ 258935.252, 523062.479999999981374 ], [ 258879.326, 522937.518999999971129 ], [ 258867.202, 522942.947999999974854 ], [ 258838.672, 522955.722 ], [ 258815.439000000013039, 522966.125 ], [ 258791.793, 522976.712 ], [ 258769.038, 522986.902 ], [ 258745.783, 522997.314000000013039 ], [ 258739.745, 523000.0 ], [ 258723.26, 523007.333999999973457 ], [ 258700.101, 523017.636999999987893 ], [ 258564.928000000014435, 523077.775000000023283 ], [ 258518.10999999998603, 523098.691 ], [ 258504.706, 523104.679 ], [ 258495.516, 523108.759000000020023 ], [ 258471.342, 523119.490999999979977 ], [ 258449.336000000010245, 523129.261 ], [ 258426.791999999986729, 523139.270000000018626 ], [ 258403.813, 523149.430999999982305 ], [ 258380.420000000012806, 523159.858 ], [ 258356.87400000001071, 523170.201 ], [ 258340.019, 523177.794999999983702 ], [ 258334.143000000010943, 523180.429 ], [ 258311.506, 523190.577999999979511 ], [ 258288.557999999989988, 523200.867000000027474 ], [ 258266.303000000014435, 523210.843999999982771 ], [ 258243.381, 523221.120999999984633 ], [ 258201.274, 523239.99900000001071 ], [ 258200.747, 523239.071999999985565 ], [ 258174.392, 523250.762999999977183 ], [ 258102.413999999989755, 523282.691999999980908 ], [ 258089.787000000011176, 523288.293 ], [ 257964.291, 523343.37400000001071 ], [ 257983.685, 523363.51500000001397 ], [ 257902.565, 523399.066 ], [ 257940.405999999988126, 523483.907 ], [ 258014.200000000011642, 523450.993000000016764 ], [ 258069.174, 523575.441999999980908 ], [ 258078.87, 523693.365 ], [ 258369.82, 523650.080000000016298 ], [ 258749.301, 524499.128999999957159 ], [ 258960.924999999988358, 524404.993999999947846 ] ] ] ] } },
{ "type": "Feature", "properties": { "buurtcode": "BU01140702", "buurtnaam": "Beekweg", "pc6_codes": "7887EM, 7887TA, 7887TH, 7887TM, 7887TN, 7887TP, 7887TR, 7887TS, 7887TT, 7887VA, 7887VB", "wijkcode": "WK011407", "gemeentecode": "GM0114", "gemeentenaam": "Emmen", "oppervlakteLandInHa": 461, "AantalInwoners_5": 195, "Mannen_6": 105, "Vrouwen_7": 90, "HuishoudensTotaal_29": 80, "GemiddeldeHuishoudensgrootte_33": 2.4, "Woningvoorraad_35": 113, "NieuwbouwWoningen_36": 0, "NietWoningvoorraad_37": 57, "NieuwbouwNietWoningen_38": 0, "GemiddeldeWOZWaardeVanWoningen_39": 293, "PercentageEengezinswoning_40": 88, "PercentageTussenwoningEengezins_41": 0, "PercentageHoekwoningEengezins_42": 0, "PercentageTweeOnderEenKapWoningEe_43": 19, "PercentageVrijstaandeWoningEengezins_44": 70, "PercentageMeergezinswoning_45": 12, "Koopwoningen_47": 52, "HuurwoningenTotaal_48": 48, "InBezitWoningcorporatie_49": 0, "InBezitOverigeVerhuurders_50": 48, "BouwjaarMeerDanTienJaarGeleden_51": 88, "BouwjaarAfgelopenTienJaar_52": 12, "GemiddeldeElektriciteitslevering_53": 3740, "GemiddeldeElektriciteitsteruglevering_54": 1940, "GemiddeldAardgasverbruik_55": 1270, "AardgasvrijeWoningen_57": 4, "Aardgaswoningen_58": 62, "WoningenMetZonnestroom_59": 40, "WoningenHoofdzElektrVerwarmd_60": 11, "k_20PersonenMetHoogsteInkomen_80": 17.6, "k_20HuishoudensMetHoogsteInkomen_85": null, "MediaanVermogenVanParticuliereHuish_86": null, "PersonenautoSTotaal_104": 140, "PersonenautoSBrandstofBenzine_105": 100, "PersonenautoSOverigeBrandstof_106": 40, "PersonenautoSPerHuishouden_107": 1.7, "Omgevingsadressendichtheid_121": 47, "AantalInstallatiesBijWoningen_5": 23, "OpgesteldVermogenVanZonnepanelen_6": 128, "installaties_per_woning": 0.20353982300884957, "vermogen_per_woning": 1.1327433628318584, "installaties_per_100_woningen": 20.353982300884958, "vermogen_per_huishouden": 1.6, "batterijdruk_score": 776.0, "koop_zon_score": 0.208, "eengezins_zon_score": 0.352, "betaalkracht_zon_score": null, "overige_brandstof_zon_score": 16.0, "lichte_batterij_kansscore": 0.4166942345504322 }, "geometry": { "type": "MultiPolygon", "coordinates": [ [ [ [ 256043.74299999998766, 526090.511000000056811 ], [ 256040.522, 526064.314999999944121 ], [ 256055.833000000013271, 526062.305000000051223 ], [ 256065.32, 526061.059 ], [ 256076.258, 526059.62300000002142 ], [ 256080.184, 526059.108 ], [ 256080.384, 526060.736000000033528 ], [ 256100.809, 526058.167000000015832 ], [ 256120.968, 526055.63 ], [ 256162.269999999989523, 526050.432999999960884 ], [ 256186.701, 526047.358 ], [ 256180.840999999985797, 526000.0 ], [ 256175.636999999987893, 525957.935999999986961 ], [ 256281.342, 525945.238000000012107 ], [ 256387.923, 525932.435000000055879 ], [ 256493.99900000001071, 525919.694000000017695 ], [ 256520.269999999989523, 525916.537999999942258 ], [ 256533.704, 525914.924 ], [ 256540.117, 525914.153999999980442 ], [ 256546.611, 525913.373999999952503 ], [ 256572.886999999987893, 525910.218 ], [ 256587.034000000014203, 525908.518999999971129 ], [ 256599.39000000001397, 525907.035000000032596 ], [ 256609.293, 525989.261999999987893 ], [ 256610.450000000011642, 525998.868999999947846 ], [ 256636.166999999986729, 525995.78000000002794 ], [ 256662.86799999998766, 525992.572000000043772 ], [ 256689.703, 525989.349000000045635 ], [ 256716.237, 525986.162000000011176 ], [ 256705.405, 525894.300999999977648 ], [ 256732.839, 525891.006000000052154 ], [ 256757.799, 525888.008000000030734 ], [ 256785.135, 525884.724999999976717 ], [ 256811.407, 525881.569000000017695 ], [ 256862.802, 525875.395999999949709 ], [ 256890.105000000010477, 525872.116999999969266 ], [ 256916.416, 525868.957000000053085 ], [ 256993.082, 525859.748999999952503 ], [ 256997.994, 525859.158999999985099 ], [ 257010.633, 525857.640999999945052 ], [ 257023.272, 525856.12300000002142 ], [ 257024.166999999986729, 525856.692999999970198 ], [ 257026.649, 525857.932999999960884 ], [ 257029.119, 525858.638999999966472 ], [ 257031.568, 525859.204000000027008 ], [ 257033.24, 525859.018999999971129 ], [ 257034.833000000013271, 525859.018999999971129 ], [ 257046.692000000010012, 525857.412999999942258 ], [ 257059.291, 525855.706 ], [ 257061.268000000010943, 525855.574000000022352 ], [ 257063.024, 525855.949999999953434 ], [ 257077.06, 525849.657 ], [ 257089.123, 525848.207000000053085 ], [ 257109.228, 525845.790999999968335 ], [ 257129.432999999989988, 525843.36199999996461 ], [ 257162.162000000011176, 525839.996999999973923 ], [ 257207.359, 525835.51 ], [ 257209.102000000013504, 525835.368000000016764 ], [ 257221.030999999988126, 525834.397 ], [ 257228.388, 525893.209999999962747 ], [ 257229.066, 525893.143000000040047 ], [ 257233.408, 525926.346000000019558 ], [ 257237.037000000011176, 525957.908000000054017 ], [ 257240.413999999989755, 525985.34699999995064 ], [ 257241.708000000013271, 525996.243000000016764 ], [ 257250.921, 525995.145999999949709 ], [ 257254.824, 525994.680000000051223 ], [ 258092.242, 525894.13 ], [ 258083.891, 525821.839999999967404 ], [ 257942.853, 524652.913999999989755 ], [ 258761.549999999988358, 524526.535999999963678 ], [ 258749.301, 524499.128999999957159 ], [ 258369.82, 523650.080000000016298 ], [ 258078.87, 523693.365 ], [ 258069.174, 523575.441999999980908 ], [ 258014.200000000011642, 523450.993000000016764 ], [ 257940.405999999988126, 523483.907 ], [ 257902.565, 523399.066 ], [ 257983.685, 523363.51500000001397 ], [ 257964.291, 523343.37400000001071 ], [ 258089.787000000011176, 523288.293 ], [ 257949.541999999986729, 523130.854999999981374 ], [ 257944.098999999987427, 523122.677000000025146 ], [ 257916.669, 523155.75199999997858 ], [ 257858.212, 523101.436999999976251 ], [ 257084.81, 524017.840000000025611 ], [ 256878.294, 524025.596000000019558 ], [ 256878.812, 524145.786000000021886 ], [ 256888.462, 524144.324000000022352 ], [ 256927.503999999986263, 524138.407 ], [ 256951.774, 524134.729 ], [ 256971.998, 524131.664999999979045 ], [ 257000.0, 524127.420999999972992 ], [ 257011.801, 524125.632999999972526 ], [ 257026.598, 524220.992000000027474 ], [ 257030.423, 524232.842 ], [ 257032.165, 524242.962999999988824 ], [ 257037.413999999989755, 524242.167000000015832 ], [ 257038.915, 524240.172000000020489 ], [ 257074.563, 524234.895000000018626 ], [ 257077.825000000011642, 524234.392999999981839 ], [ 257081.386999999987893, 524233.554 ], [ 257085.60999999998603, 524232.23599999997532 ], [ 257089.932, 524230.306999999971595 ], [ 257093.636, 524228.101000000024214 ], [ 257096.678000000014435, 524226.090000000025611 ], [ 257099.269, 524223.848999999987427 ], [ 257101.448, 524221.76 ], [ 257103.886999999987893, 524219.108 ], [ 257105.72, 524216.666000000026543 ], [ 257107.662000000011176, 524213.973 ], [ 257109.115, 524211.291000000026543 ], [ 257110.282, 524208.581 ], [ 257111.685, 524205.468 ], [ 257112.651000000012573, 524202.072999999974854 ], [ 257113.441, 524198.553000000014435 ], [ 257113.976, 524195.053000000014435 ], [ 257114.16, 524191.461000000010245 ], [ 257114.13, 524188.397 ], [ 257113.825000000011642, 524184.813000000023749 ], [ 257113.193999999988591, 524180.641 ], [ 257113.446, 524180.36099999997532 ], [ 257127.335, 524165.180999999982305 ], [ 257134.915, 524155.218 ], [ 257150.487, 524160.445 ], [ 257148.297, 524164.935999999986961 ], [ 257146.185999999986961, 524170.445 ], [ 257146.538999999989755, 524173.090000000025611 ], [ 257155.037000000011176, 524236.73599999997532 ], [ 257144.848999999987427, 524240.331 ], [ 257129.826, 524245.631 ], [ 257066.682, 524255.25099999998929 ], [ 257011.908, 524263.592 ], [ 257000.0, 524265.365999999979977 ], [ 256950.412000000011176, 524272.755 ], [ 256879.171, 524283.712999999988824 ], [ 256609.274, 524325.226999999955297 ], [ 256559.188, 524332.920999999972992 ], [ 256180.829999999987194, 524391.040999999968335 ], [ 256000.0, 524418.807999999960884 ], [ 255825.21, 524445.648000000044703 ], [ 255850.29, 524602.687000000034459 ], [ 255856.0, 524616.302999999956228 ], [ 255881.24900000001071, 524777.984000000054948 ], [ 255894.353, 524861.897 ], [ 255915.920000000012806, 525000.0 ], [ 255925.182999999989988, 525059.314999999944121 ], [ 255936.945, 525134.572000000043772 ], [ 255952.170000000012806, 525231.99 ], [ 255966.941, 525326.498999999952503 ], [ 255969.049, 525344.224000000045635 ], [ 255970.318999999988591, 525350.077999999979511 ], [ 255972.253999999986263, 525371.185000000055879 ], [ 255974.073, 525386.486000000033528 ], [ 255975.199, 525406.003999999957159 ], [ 255974.958000000013271, 525425.577000000048429 ], [ 255975.103, 525431.996999999973923 ], [ 255974.823, 525448.792999999946915 ], [ 255973.321999999985565, 525467.560000000055879 ], [ 255971.821, 525485.577000000048429 ], [ 255969.635, 525500.0 ], [ 255967.858, 525509.538999999989755 ], [ 255966.19, 525523.111000000033528 ], [ 255961.327, 525544.589999999967404 ], [ 255959.434, 525554.746999999973923 ], [ 255955.442000000010012, 525569.071 ], [ 255950.696, 525586.101999999955297 ], [ 255946.673, 525600.538999999989755 ], [ 255942.919, 525615.552000000025146 ], [ 255940.666999999986729, 525630.566 ], [ 255939.541, 525644.454000000027008 ], [ 255938.415, 525655.714000000036322 ], [ 255938.04, 525672.604999999981374 ], [ 255938.79, 525693.623999999952503 ], [ 255939.47, 525703.488000000012107 ], [ 255940.291999999986729, 525715.393999999971129 ], [ 255942.388, 525732.104999999981374 ], [ 255941.663, 525732.191 ], [ 255943.384, 525746.79500000004191 ], [ 255944.672, 525757.719000000040978 ], [ 255973.23499999998603, 526000.0 ], [ 255977.932, 526039.844000000040978 ], [ 255979.225, 526046.422000000020489 ], [ 255981.182999999989988, 526052.832999999984168 ], [ 255983.785, 526059.01 ], [ 255987.003999999986263, 526064.89000000001397 ], [ 255990.802, 526070.402 ], [ 255990.807999999989988, 526070.410000000032596 ], [ 255995.155, 526075.51300000003539 ], [ 256000.0, 526080.145000000018626 ], [ 256005.208000000013271, 526084.197999999974854 ], [ 256010.796, 526087.706 ], [ 256016.709, 526090.635 ], [ 256022.886, 526092.95499999995809 ], [ 256043.74299999998766, 526090.511000000056811 ] ] ] ] } },
{ "type": "Feature", "properties": { "buurtcode": "BU01140707", "buurtnaam": "Verlengde Vaart", "pc6_codes": "7887ED, 7887EE, 7887EM", "wijkcode": "WK011407", "gemeentecode": "GM0114", "gemeentenaam": "Emmen", "oppervlakteLandInHa": 21, "AantalInwoners_5": 80, "Mannen_6": 40, "Vrouwen_7": 40, "HuishoudensTotaal_29": 30, "GemiddeldeHuishoudensgrootte_33": 2.6, "Woningvoorraad_35": 32, "NieuwbouwWoningen_36": 0, "NietWoningvoorraad_37": 8, "NieuwbouwNietWoningen_38": 0, "GemiddeldeWOZWaardeVanWoningen_39": 395, "PercentageEengezinswoning_40": 91, "PercentageTussenwoningEengezins_41": 0, "PercentageHoekwoningEengezins_42": 0, "PercentageTweeOnderEenKapWoningEe_43": 0, "PercentageVrijstaandeWoningEengezins_44": 91, "PercentageMeergezinswoning_45": 9, "Koopwoningen_47": 84, "HuurwoningenTotaal_48": 16, "InBezitWoningcorporatie_49": 0, "InBezitOverigeVerhuurders_50": 16, "BouwjaarMeerDanTienJaarGeleden_51": 94, "BouwjaarAfgelopenTienJaar_52": 6, "GemiddeldeElektriciteitslevering_53": 4860, "GemiddeldeElektriciteitsteruglevering_54": 2190, "GemiddeldAardgasverbruik_55": 1500, "AardgasvrijeWoningen_57": null, "Aardgaswoningen_58": null, "WoningenMetZonnestroom_59": null, "WoningenHoofdzElektrVerwarmd_60": null, "k_20PersonenMetHoogsteInkomen_80": null, "k_20HuishoudensMetHoogsteInkomen_85": null, "MediaanVermogenVanParticuliereHuish_86": null, "PersonenautoSTotaal_104": 15, "PersonenautoSBrandstofBenzine_105": 15, "PersonenautoSOverigeBrandstof_106": 5, "PersonenautoSPerHuishouden_107": null, "Omgevingsadressendichtheid_121": 191, "AantalInstallatiesBijWoningen_5": 14, "OpgesteldVermogenVanZonnepanelen_6": 101, "installaties_per_woning": 0.4375, "vermogen_per_woning": 3.15625, "installaties_per_100_woningen": 43.75, "vermogen_per_huishouden": 3.3666666666666667, "batterijdruk_score": null, "koop_zon_score": null, "eengezins_zon_score": null, "betaalkracht_zon_score": null, "overige_brandstof_zon_score": null, "lichte_batterij_kansscore": null }, "geometry": { "type": "MultiPolygon", "coordinates": [ [ [ [ 258436.547, 526009.197000000043772 ], [ 258447.31, 526098.996999999973923 ], [ 258553.472, 526087.444999999948777 ], [ 258514.761, 525771.035999999963678 ], [ 258083.891, 525821.839999999967404 ], [ 258092.242, 525894.13 ], [ 257254.824, 525994.680000000051223 ], [ 257255.457, 526000.0 ], [ 257256.049, 526004.968 ], [ 257257.166, 526014.348 ], [ 257258.938, 526029.229000000050291 ], [ 257260.593, 526043.131999999983236 ], [ 257253.296, 526044.006000000052154 ], [ 257251.29, 526044.246000000042841 ], [ 257264.170000000012806, 526149.586000000010245 ], [ 258436.547, 526009.197000000043772 ] ] ] ] } },
{ "type": "Feature", "properties": { "buurtcode": "BU01140708", "buurtnaam": "Ericasestraat", "pc6_codes": "7887GA, 7887GB, 7887GC, 7887GD, 7887TX", "wijkcode": "WK011407", "gemeentecode": "GM0114", "gemeentenaam": "Emmen", "oppervlakteLandInHa": 71, "AantalInwoners_5": 190, "Mannen_6": 100, "Vrouwen_7": 90, "HuishoudensTotaal_29": 75, "GemiddeldeHuishoudensgrootte_33": 2.6, "Woningvoorraad_35": 70, "NieuwbouwWoningen_36": 0, "NietWoningvoorraad_37": 6, "NieuwbouwNietWoningen_38": 0, "GemiddeldeWOZWaardeVanWoningen_39": 424, "PercentageEengezinswoning_40": 100, "PercentageTussenwoningEengezins_41": 0, "PercentageHoekwoningEengezins_42": 0, "PercentageTweeOnderEenKapWoningEe_43": 14, "PercentageVrijstaandeWoningEengezins_44": 86, "PercentageMeergezinswoning_45": 0, "Koopwoningen_47": 93, "HuurwoningenTotaal_48": 7, "InBezitWoningcorporatie_49": 1, "InBezitOverigeVerhuurders_50": 6, "BouwjaarMeerDanTienJaarGeleden_51": 97, "BouwjaarAfgelopenTienJaar_52": 3, "GemiddeldeElektriciteitslevering_53": 3970, "GemiddeldeElektriciteitsteruglevering_54": 2470, "GemiddeldAardgasverbruik_55": 1240, "AardgasvrijeWoningen_57": null, "Aardgaswoningen_58": null, "WoningenMetZonnestroom_59": null, "WoningenHoofdzElektrVerwarmd_60": null, "k_20PersonenMetHoogsteInkomen_80": 24.5, "k_20HuishoudensMetHoogsteInkomen_85": null, "MediaanVermogenVanParticuliereHuish_86": null, "PersonenautoSTotaal_104": 150, "PersonenautoSBrandstofBenzine_105": 100, "PersonenautoSOverigeBrandstof_106": 45, "PersonenautoSPerHuishouden_107": 2.0, "Omgevingsadressendichtheid_121": 242, "AantalInstallatiesBijWoningen_5": 30, "OpgesteldVermogenVanZonnepanelen_6": 205, "installaties_per_woning": 0.42857142857142855, "vermogen_per_woning": 2.9285714285714284, "installaties_per_100_woningen": 42.857142857142854, "vermogen_per_huishouden": 2.7333333333333334, "batterijdruk_score": null, "koop_zon_score": null, "eengezins_zon_score": null, "betaalkracht_zon_score": null, "overige_brandstof_zon_score": null, "lichte_batterij_kansscore": null }, "geometry": { "type": "MultiPolygon", "coordinates": [ [ [ [ 258431.823, 528808.542999999946915 ], [ 258750.665, 528104.645000000018626 ], [ 259074.717, 528251.008999999961816 ], [ 259155.778, 528067.782 ], [ 258878.61799999998766, 527942.60999999998603 ], [ 259223.222, 527162.991999999969266 ], [ 259098.88, 527106.734000000054948 ], [ 259078.239, 527152.827999999979511 ], [ 258968.353, 527103.143999999971129 ], [ 258638.098999999987427, 527834.028999999980442 ], [ 258398.529, 527726.001000000047497 ], [ 258351.652, 527829.868000000016764 ], [ 258368.589, 527837.091000000014901 ], [ 258364.064000000013039, 527847.226999999955297 ], [ 258333.13200000001234, 527916.528999999980442 ], [ 258432.013, 527961.050000000046566 ], [ 258463.579, 527891.682999999960884 ], [ 258491.538999999989755, 527904.277 ], [ 258514.644999999989523, 527914.685000000055879 ], [ 258543.513, 527927.783999999985099 ], [ 258570.228, 527939.858 ], [ 258542.99, 528000.0 ], [ 258432.665, 528243.596000000019558 ], [ 258402.151000000012573, 528228.427000000025146 ], [ 258388.4, 528257.817999999970198 ], [ 258316.215999999985797, 528420.341999999945983 ], [ 258315.679, 528421.550999999977648 ], [ 258301.577, 528453.300999999977648 ], [ 258350.866, 528473.591000000014901 ], [ 258437.419, 528512.569999999948777 ], [ 258397.956, 528599.660999999963678 ], [ 258395.638, 528604.775999999954365 ], [ 258264.68, 528545.618000000016764 ], [ 258219.983, 528525.427000000025146 ], [ 258179.364, 528614.28000000002794 ], [ 258136.041999999986729, 528709.047000000020489 ], [ 258181.99299999998766, 528729.920999999972992 ], [ 258232.769999999989523, 528752.988000000012107 ], [ 258312.142, 528789.04500000004191 ], [ 258308.519999999989523, 528797.057999999960884 ], [ 258299.404, 528792.930999999982305 ], [ 258283.75099999998929, 528827.601999999955297 ], [ 258193.11799999998766, 528786.566 ], [ 258172.954999999987194, 528829.062000000034459 ], [ 258272.725, 528874.23499999998603 ], [ 258270.96, 528877.854000000050291 ], [ 258268.881, 528882.116999999969266 ], [ 258228.88200000001234, 528956.633999999961816 ], [ 258205.61799999998766, 529000.0 ], [ 258197.002, 529016.060000000055879 ], [ 258172.016, 529004.528999999980442 ], [ 258172.533, 529003.288999999989755 ], [ 258164.564000000013039, 529000.0 ], [ 258162.098, 528998.981999999959953 ], [ 258151.332, 528994.540999999968335 ], [ 258151.157, 528994.90300000004936 ], [ 258148.682, 529000.0 ], [ 258138.138, 529021.712999999988824 ], [ 258182.826, 529042.48499999998603 ], [ 258175.972, 529055.261999999987893 ], [ 258128.451, 529143.959000000031665 ], [ 258084.935999999986961, 529225.202000000048429 ], [ 258068.634, 529255.562000000034459 ], [ 258000.37, 529224.87 ], [ 258000.0, 529225.694000000017695 ], [ 257982.94, 529263.677000000025146 ], [ 257970.115, 529292.233 ], [ 257994.337999999988824, 529303.180000000051223 ], [ 258000.0, 529305.738999999943189 ], [ 258002.726, 529306.971000000019558 ], [ 258000.202, 529312.307999999960884 ], [ 258006.763, 529315.26500000001397 ], [ 258008.592, 529311.299 ], [ 258032.670000000012806, 529321.731000000028871 ], [ 258011.56, 529351.660000000032596 ], [ 258000.0, 529372.895000000018626 ], [ 257933.229, 529495.547000000020489 ], [ 257932.997, 529496.675999999977648 ], [ 257848.913999999989755, 529458.537000000011176 ], [ 257827.181000000011409, 529500.0 ], [ 257802.487, 529547.113999999943189 ], [ 257785.616, 529579.302000000025146 ], [ 257829.426, 529600.316 ], [ 257871.886, 529620.743999999947846 ], [ 257887.997, 529633.459000000031665 ], [ 257892.207, 529634.837999999988824 ], [ 257984.76500000001397, 529665.162999999942258 ], [ 258431.823, 528808.542999999946915 ] ] ] ] } },
{ "type": "Feature", "properties": { "buurtcode": "BU01140709", "buurtnaam": "Verspreide huizen Erica", "pc6_codes": "7887AG, 7887BH, 7887EE, 7887EL, 7887EV, 7887EX, 7887GA, 7887GB, 7887GC, 7887TB, 7887TC, 7887TD, 7887TE, 7887TG, 7887TK, 7887TM, 7887TX, 7887VC, 7887VD", "wijkcode": "WK011407", "gemeentecode": "GM0114", "gemeentenaam": "Emmen", "oppervlakteLandInHa": 1601, "AantalInwoners_5": 235, "Mannen_6": 125, "Vrouwen_7": 110, "HuishoudensTotaal_29": 95, "GemiddeldeHuishoudensgrootte_33": 2.5, "Woningvoorraad_35": 97, "NieuwbouwWoningen_36": 1, "NietWoningvoorraad_37": 15, "NieuwbouwNietWoningen_38": 0, "GemiddeldeWOZWaardeVanWoningen_39": 414, "PercentageEengezinswoning_40": 95, "PercentageTussenwoningEengezins_41": 0, "PercentageHoekwoningEengezins_42": 0, "PercentageTweeOnderEenKapWoningEe_43": 6, "PercentageVrijstaandeWoningEengezins_44": 89, "PercentageMeergezinswoning_45": 5, "Koopwoningen_47": 86, "HuurwoningenTotaal_48": 14, "InBezitWoningcorporatie_49": 0, "InBezitOverigeVerhuurders_50": 14, "BouwjaarMeerDanTienJaarGeleden_51": 94, "BouwjaarAfgelopenTienJaar_52": 6, "GemiddeldeElektriciteitslevering_53": 3910, "GemiddeldeElektriciteitsteruglevering_54": 1990, "GemiddeldAardgasverbruik_55": 1140, "AardgasvrijeWoningen_57": null, "Aardgaswoningen_58": null, "WoningenMetZonnestroom_59": null, "WoningenHoofdzElektrVerwarmd_60": null, "k_20PersonenMetHoogsteInkomen_80": 18.5, "k_20HuishoudensMetHoogsteInkomen_85": null, "MediaanVermogenVanParticuliereHuish_86": null, "PersonenautoSTotaal_104": 110, "PersonenautoSBrandstofBenzine_105": 85, "PersonenautoSOverigeBrandstof_106": 25, "PersonenautoSPerHuishouden_107": 1.2, "Omgevingsadressendichtheid_121": 62, "AantalInstallatiesBijWoningen_5": 23, "OpgesteldVermogenVanZonnepanelen_6": 140, "installaties_per_woning": 0.23711340206185566, "vermogen_per_woning": 1.4432989690721649, "installaties_per_100_woningen": 23.711340206185564, "vermogen_per_huishouden": 1.4736842105263157, "batterijdruk_score": null, "koop_zon_score": null, "eengezins_zon_score": null, "betaalkracht_zon_score": null, "overige_brandstof_zon_score": null, "lichte_batterij_kansscore": null }, "geometry": { "type": "MultiPolygon", "coordinates": [ [ [ [ 259321.577, 529709.314999999944121 ], [ 259343.840999999985797, 529685.848 ], [ 259382.215, 529645.515999999945052 ], [ 259393.528, 529633.626000000047497 ], [ 259446.045000000012806, 529578.427999999956228 ], [ 259499.611, 529523.577999999979511 ], [ 259509.469000000011874, 529513.216999999945983 ], [ 259510.807999999989988, 529511.810000000055879 ], [ 259527.885, 529510.077000000048429 ], [ 259528.541999999986729, 529509.322000000043772 ], [ 259542.522, 529493.280999999959022 ], [ 259546.943999999988591, 529488.451 ], [ 259550.795000000012806, 529482.354000000050291 ], [ 259564.563, 529453.508000000030734 ], [ 259664.475, 529234.954000000027008 ], [ 259701.737, 529153.444000000017695 ], [ 259771.049999999988358, 529000.0 ], [ 259775.223, 528990.76300000003539 ], [ 259799.942000000010012, 528936.103 ], [ 259887.419, 528741.937999999965541 ], [ 259938.858, 528628.322999999974854 ], [ 259961.174, 528579.074000000022352 ], [ 259962.071, 528577.09699999995064 ], [ 259969.71, 528560.984000000054948 ], [ 259971.098, 528558.057999999960884 ], [ 259972.517, 528555.064999999944121 ], [ 259976.810999999986961, 528546.008000000030734 ], [ 259978.051, 528543.393999999971129 ], [ 259978.897999999986496, 528541.608 ], [ 260000.0, 528494.82999999995809 ], [ 260051.497, 528380.675000000046566 ], [ 260054.294, 528374.572000000043772 ], [ 260079.193, 528320.236000000033528 ], [ 260151.627, 528158.898999999975786 ], [ 260191.424999999988358, 528069.978 ], [ 260205.606, 528038.294 ], [ 260222.746000000013737, 528000.0 ], [ 260261.897, 527912.52800000004936 ], [ 260291.125, 527847.689000000013039 ], [ 260309.647999999986496, 527807.238000000012107 ], [ 260346.891, 527726.441 ], [ 260387.342, 527638.685000000055879 ], [ 260399.704999999987194, 527611.36199999996461 ], [ 260455.971, 527485.898000000044703 ], [ 260497.885, 527392.437999999965541 ], [ 260575.668, 527222.223 ], [ 260627.88200000001234, 527107.807000000029802 ], [ 260671.402, 527011.623999999952503 ], [ 260676.756, 527000.0 ], [ 260683.865, 526984.566 ], [ 260702.712, 526942.67000000004191 ], [ 260746.397999999986496, 526846.365 ], [ 260765.307, 526804.498999999952503 ], [ 260912.19, 526941.709000000031665 ], [ 260980.586000000010245, 526868.758999999961816 ], [ 261037.147999999986496, 526808.430000000051223 ], [ 261185.642, 526650.209000000031665 ], [ 261217.206, 526607.084999999962747 ], [ 261034.457, 526435.011000000056811 ], [ 261224.13, 526213.827000000048429 ], [ 260902.964, 525926.375 ], [ 260896.532, 525866.398000000044703 ], [ 260876.727000000013504, 525704.800999999977648 ], [ 260874.552, 525687.057000000029802 ], [ 260868.304, 525633.979000000050291 ], [ 260864.731, 525605.706 ], [ 260863.883, 525602.822000000043772 ], [ 260862.643000000010943, 525599.986000000033528 ], [ 260860.502, 525598.116000000038184 ], [ 260857.962, 525597.511999999987893 ], [ 260882.044, 525594.46999999997206 ], [ 260886.016, 525593.962999999988824 ], [ 260892.776000000012573, 525593.118000000016764 ], [ 260958.309, 525584.734000000054948 ], [ 260988.295000000012806, 525576.060999999986961 ], [ 260986.670000000012806, 525562.356000000028871 ], [ 261037.327, 525555.765999999945052 ], [ 261127.769, 525544.09699999995064 ], [ 261180.621000000013737, 525537.515999999945052 ], [ 261184.272, 525536.785000000032596 ], [ 261188.41, 525536.26 ], [ 261218.278, 525532.349999999976717 ], [ 261224.211000000010245, 525531.451 ], [ 261232.276000000012573, 525530.5 ], [ 261238.987, 525529.326 ], [ 261247.896, 525527.763999999966472 ], [ 261253.215999999985797, 525525.816 ], [ 261257.276000000012573, 525524.204000000027008 ], [ 261262.399, 525522.101000000024214 ], [ 261266.954, 525520.09699999995064 ], [ 261269.443, 525519.804 ], [ 261252.263, 525388.15500000002794 ], [ 261275.670000000012806, 525387.04500000004191 ], [ 261299.581, 525385.912000000011176 ], [ 261362.32, 525382.939999999944121 ], [ 261357.733, 525281.523000000044703 ], [ 261353.214, 525181.62300000002142 ], [ 261348.696999999985565, 525081.76 ], [ 261448.582, 525076.952000000048429 ], [ 261445.101, 525000.0 ], [ 261444.071, 524977.223 ], [ 261434.699, 524977.675000000046566 ], [ 261429.256, 524877.108 ], [ 261428.464, 524862.473 ], [ 261424.046, 524776.662999999942258 ], [ 261411.563, 524506.675000000046566 ], [ 261411.144999999989523, 524497.185000000055879 ], [ 261410.829, 524491.047999999951571 ], [ 261410.524, 524484.253999999957159 ], [ 261410.443999999988591, 524478.537999999942258 ], [ 261409.538, 524451.363000000012107 ], [ 261409.533, 524450.457000000053085 ], [ 261409.496000000013737, 524449.544 ], [ 261409.437, 524446.415000000037253 ], [ 261406.105000000010477, 524377.17000000004191 ], [ 261401.298, 524277.286000000021886 ], [ 261396.508, 524177.733 ], [ 261391.142, 524066.202999999979511 ], [ 261391.347, 524062.963999999978114 ], [ 261391.136, 524057.955000000016298 ], [ 261390.434, 524046.835000000020955 ], [ 261389.6, 524028.744 ], [ 261388.734, 524006.275000000023283 ], [ 261388.408, 524000.0 ], [ 261387.277, 523978.24 ], [ 261386.905, 523971.090000000025611 ], [ 261382.685, 523877.946999999985565 ], [ 261381.234, 523845.895000000018626 ], [ 261378.481999999989057, 523777.962999999988824 ], [ 261376.074, 523718.543 ], [ 261375.836000000010245, 523714.28000000002794 ], [ 261375.477000000013504, 523710.457999999984168 ], [ 261375.234, 523706.941 ], [ 261375.215, 523704.436999999976251 ], [ 261375.136, 523701.731000000028871 ], [ 261375.149, 523699.387999999977183 ], [ 261375.294, 523696.898999999975786 ], [ 261375.571, 523694.436999999976251 ], [ 261375.942000000010012, 523692.161000000021886 ], [ 261376.391, 523689.968 ], [ 261376.932, 523687.776000000012573 ], [ 261377.519999999989523, 523685.924 ], [ 261378.131, 523683.941 ], [ 261378.622, 523681.821 ], [ 261379.405999999988126, 523678.07 ], [ 261379.865, 523676.277 ], [ 261380.388, 523674.759000000020023 ], [ 261381.141, 523673.416000000026543 ], [ 261381.847, 523672.556999999971595 ], [ 261382.483, 523671.821 ], [ 261382.987, 523671.37400000001071 ], [ 261379.948, 523606.919999999983702 ], [ 261379.549999999988358, 523598.483 ], [ 261355.718, 523097.598999999987427 ], [ 261338.128, 522684.18 ], [ 261337.907, 522678.979 ], [ 261338.419, 522670.566999999980908 ], [ 261328.38, 522671.46999999997206 ], [ 261318.41, 522672.549999999988358 ], [ 261308.35999999998603, 522673.88 ], [ 261298.519999999989523, 522675.32 ], [ 261288.64000000001397, 522677.150000000023283 ], [ 261284.829999999987194, 522678.01 ], [ 261278.99, 522679.39000000001397 ], [ 261269.590999999985797, 522682.129000000015367 ], [ 261259.81, 522684.979999999981374 ], [ 261250.797, 522688.392 ], [ 261240.97, 522691.60999999998603 ], [ 261231.217, 522695.805 ], [ 261222.329999999987194, 522699.169999999983702 ], [ 261010.718, 522793.401000000012573 ], [ 261000.0, 522769.511 ], [ 260941.85999999998603, 522634.56 ], [ 260863.68, 522459.26 ], [ 260767.979, 522244.903999999980442 ], [ 260765.19, 522246.141 ], [ 260759.027, 522232.403 ], [ 260758.56, 522231.363000000012107 ], [ 260753.519999999989523, 522220.13 ], [ 260749.91, 522211.81 ], [ 260708.416999999986729, 522118.924 ], [ 260567.560999999986961, 522181.856000000028871 ], [ 260567.199, 522182.017999999981839 ], [ 260387.628999999986263, 522262.244 ], [ 260387.066, 522262.495 ], [ 260380.719000000011874, 522265.331 ], [ 260332.56, 522286.847 ], [ 260310.352000000013504, 522296.768999999971129 ], [ 260311.0, 522298.244 ], [ 260287.481999999989057, 522308.75 ], [ 260264.93, 522318.791000000026543 ], [ 260242.071999999985565, 522329.034999999974389 ], [ 260219.647999999986496, 522339.052000000025146 ], [ 260197.32, 522349.026000000012573 ], [ 260178.674, 522357.354999999981374 ], [ 260168.631, 522361.842 ], [ 260156.61799999998766, 522367.207999999984168 ], [ 260065.665, 522407.908 ], [ 260055.625, 522412.400000000023283 ], [ 260000.0, 522437.291000000026543 ], [ 259902.029, 522481.131999999983236 ], [ 259858.712, 522500.516 ], [ 259835.461000000010245, 522510.722 ], [ 259803.691, 522524.979 ], [ 259552.891, 522636.212 ], [ 259529.39000000001397, 522646.693000000028405 ], [ 259511.815, 522654.532 ], [ 259472.026000000012573, 522672.278 ], [ 259409.653, 522700.096000000019558 ], [ 259362.679, 522721.047000000020489 ], [ 259220.866, 522784.403 ], [ 259049.972, 522860.75 ], [ 258879.326, 522937.518999999971129 ], [ 258935.252, 523062.479999999981374 ], [ 258664.598999999987427, 523183.055 ], [ 258769.769, 523419.364 ], [ 258561.324, 523512.134000000020023 ], [ 258960.924999999988358, 524404.993999999947846 ], [ 258749.301, 524499.128999999957159 ], [ 258761.549999999988358, 524526.535999999963678 ], [ 257942.853, 524652.913999999989755 ], [ 258083.891, 525821.839999999967404 ], [ 258514.761, 525771.035999999963678 ], [ 258571.351, 525763.76500000001397 ], [ 258560.653, 525670.258000000030734 ], [ 258716.633, 525651.552000000025146 ], [ 258705.003999999986263, 525553.932000000029802 ], [ 258814.363000000012107, 525540.191 ], [ 258794.535, 525397.537000000011176 ], [ 259542.165, 525308.925000000046566 ], [ 259570.677, 525549.263999999966472 ], [ 259831.133, 525518.172999999951571 ], [ 259842.79, 525611.332999999984168 ], [ 260640.222, 525513.723 ], [ 260657.772999999986496, 525658.924 ], [ 260369.522, 525695.395000000018626 ], [ 260753.305, 526059.221000000019558 ], [ 260676.884, 526139.817999999970198 ], [ 260363.62, 525842.689999999944121 ], [ 260294.174999999988358, 525913.197999999974854 ], [ 260186.422, 525808.226000000024214 ], [ 260189.258, 525797.636999999987893 ], [ 259819.911, 525842.459000000031665 ], [ 259223.222, 527162.991999999969266 ], [ 258878.61799999998766, 527942.60999999998603 ], [ 259155.778, 528067.782 ], [ 259074.717, 528251.008999999961816 ], [ 258750.665, 528104.645000000018626 ], [ 258431.823, 528808.542999999946915 ], [ 257984.76500000001397, 529665.162999999942258 ], [ 258000.0, 529670.15500000002794 ], [ 258189.693999999988591, 529732.305999999982305 ], [ 258193.01, 529722.866000000038184 ], [ 258202.170000000012806, 529726.99 ], [ 258252.96, 529749.856000000028871 ], [ 258311.676, 529776.290000000037253 ], [ 258399.969000000011874, 529816.040999999968335 ], [ 258406.25, 529818.868999999947846 ], [ 258808.575000000011642, 530000.0 ], [ 258897.143000000010943, 530039.873999999952503 ], [ 258956.867, 530092.138999999966472 ], [ 258981.386, 530066.359000000054948 ], [ 259000.0, 530046.886999999987893 ], [ 259031.053000000014435, 530014.40300000004936 ], [ 259044.821, 530000.0 ], [ 259101.073, 529941.15500000002794 ], [ 259174.563, 529864.275999999954365 ], [ 259177.797, 529860.868000000016764 ], [ 259247.51, 529787.386000000056811 ], [ 259321.577, 529709.314999999944121 ] ] ], [ [ [ 258968.353, 527103.143999999971129 ], [ 258410.973, 526851.133000000030734 ], [ 258378.479, 526586.554 ], [ 258358.115, 526588.981000000028871 ], [ 258189.161, 526609.116999999969266 ], [ 258160.465999999985797, 526352.907 ], [ 258326.798, 526333.321 ], [ 258579.908, 526303.517 ], [ 258553.472, 526087.444999999948777 ], [ 258447.31, 526098.996999999973923 ], [ 258436.547, 526009.197000000043772 ], [ 257264.170000000012806, 526149.586000000010245 ], [ 257303.256, 526469.258000000030734 ], [ 257361.85, 526957.658999999985099 ], [ 257416.556000000011409, 527428.37300000002142 ], [ 257422.152, 527460.295999999972992 ], [ 257425.915, 527451.194000000017695 ], [ 257503.063, 527442.113000000012107 ], [ 257503.998, 527442.542999999946915 ], [ 257633.44, 527502.310000000055879 ], [ 257671.59, 527519.85999999998603 ], [ 257678.329999999987194, 527523.12 ], [ 257684.93, 527526.64000000001397 ], [ 257691.39000000001397, 527530.42000000004191 ], [ 257697.700000000011642, 527534.449999999953434 ], [ 257707.233, 527540.51 ], [ 257709.21, 527536.147 ], [ 257730.595, 527547.261999999987893 ], [ 257728.851, 527551.128000000026077 ], [ 257733.677, 527553.292000000015832 ], [ 257799.85, 527582.96999999997206 ], [ 257890.404, 527622.564000000013039 ], [ 257981.29, 527664.290000000037253 ], [ 258000.0, 527672.777 ], [ 258071.28, 527705.10999999998603 ], [ 258162.46, 527746.189999999944121 ], [ 258252.74, 527786.38 ], [ 258343.170000000012806, 527826.25 ], [ 258351.652, 527829.868000000016764 ], [ 258398.529, 527726.001000000047497 ], [ 258638.098999999987427, 527834.028999999980442 ], [ 258968.353, 527103.143999999971129 ] ] ] ] } },
{ "type": "Feature", "properties": { "buurtcode": "BU01140800", "buurtnaam": "Klazienaveen-Noord", "pc6_codes": "7891AA, 7891AB, 7891AC, 7891AD, 7891AE, 7891AG, 7891AH, 7891AJ, 7891AK, 7891AL, 7891AM, 7891AN, 7891AP, 7891AR, 7891AS, 7891AT, 7891AV, 7891AW, 7891AX, 7891AZ, 7891BA, 7891BB, 7891BC, 7891BD, 7891BE, 7891BG, 7891BH, 7891BJ, 7891BK, 7891BL, 7891BM, 7891BN, 7891BP, 7891BR, 7891BS, 7891BV, 7891BW, 7891BX, 7891CA, 7891CB, 7891CC, 7891CD, 7891CE, 7891CG, 7891CH, 7891CJ, 7891CK, 7891CL, 7891CM, 7891CN, 7891CP, 7891CR, 7891CS, 7891CT, 7891CV, 7891CW, 7891CX, 7891CZ, 7891DA, 7891DB, 7891DC, 7891DD, 7891DE, 7891DG, 7891DH, 7891DJ, 7891DK, 7891DL, 7891DM, 7891DN, 7891DP, 7891DR, 7891DS, 7891DT, 7891DV, 7891DW, 7891DX, 7891DZ, 7891EA, 7891EB, 7891EC, 7891ED, 7891EE, 7891EG, 7891EH, 7891EJ, 7891EK, 7891EL, 7891EM, 7891EN, 7891EP, 7891ER, 7891ES, 7891ET, 7891EV, 7891EW, 7891EZ, 7891TL, 7891TN, 7891TP, 7891TR, 7891TS, 7891TT, 7891VA, 7891VB, 7891VD, 7891VE, 7891VG, 7891VH, 7891VJ, 7891VK, 7891VL, 7891VM, 7891WC, 7891WD, 7891WE, 7891WG, 7891WH, 7891WJ, 7891WK, 7891WL, 7891WN, 7891WP, 7891WR, 7891WS, 7891WT, 7891WV, 7891WX, 7892AA, 7892AB, 7892AC, 7892AD, 7892AE, 7892AG, 7892AH, 7892AJ, 7892AK, 7892AL, 7892AN, 7892AP, 7892AR", "wijkcode": "WK011408", "gemeentecode": "GM0114", "gemeentenaam": "Emmen", "oppervlakteLandInHa": 290, "AantalInwoners_5": 4825, "Mannen_6": 2355, "Vrouwen_7": 2470, "HuishoudensTotaal_29": 2045, "GemiddeldeHuishoudensgrootte_33": 2.3, "Woningvoorraad_35": 2166, "NieuwbouwWoningen_36": 66, "NietWoningvoorraad_37": 292, "NieuwbouwNietWoningen_38": 0, "GemiddeldeWOZWaardeVanWoningen_39": 246, "PercentageEengezinswoning_40": 78, "PercentageTussenwoningEengezins_41": 26, "PercentageHoekwoningEengezins_42": 11, "PercentageTweeOnderEenKapWoningEe_43": 17, "PercentageVrijstaandeWoningEengezins_44": 23, "PercentageMeergezinswoning_45": 22, "Koopwoningen_47": 61, "HuurwoningenTotaal_48": 39, "InBezitWoningcorporatie_49": 33, "InBezitOverigeVerhuurders_50": 6, "BouwjaarMeerDanTienJaarGeleden_51": 95, "BouwjaarAfgelopenTienJaar_52": 5, "GemiddeldeElektriciteitslevering_53": 2770, "GemiddeldeElektriciteitsteruglevering_54": 1370, "GemiddeldAardgasverbruik_55": 920, "AardgasvrijeWoningen_57": 5, "Aardgaswoningen_58": 89, "WoningenMetZonnestroom_59": 55, "WoningenHoofdzElektrVerwarmd_60": 10, "k_20PersonenMetHoogsteInkomen_80": 13.7, "k_20HuishoudensMetHoogsteInkomen_85": 16.4, "MediaanVermogenVanParticuliereHuish_86": 107.9, "PersonenautoSTotaal_104": 2615, "PersonenautoSBrandstofBenzine_105": 2165, "PersonenautoSOverigeBrandstof_106": 450, "PersonenautoSPerHuishouden_107": 1.3, "Omgevingsadressendichtheid_121": 930, "AantalInstallatiesBijWoningen_5": 722, "OpgesteldVermogenVanZonnepanelen_6": 3182, "installaties_per_woning": 0.33333333333333331, "vermogen_per_woning": 1.469067405355494, "installaties_per_100_woningen": 33.333333333333329, "vermogen_per_huishouden": 1.5559902200488998, "batterijdruk_score": 753.5, "koop_zon_score": 0.3355, "eengezins_zon_score": 0.429, "betaalkracht_zon_score": 59.345, "overige_brandstof_zon_score": 247.5, "lichte_batterij_kansscore": 0.43547824836047155 }, "geometry": { "type": "MultiPolygon", "coordinates": [ [ [ [ 262997.89000000001397, 528797.988000000012107 ], [ 263034.479, 528782.457999999984168 ], [ 263040.246999999973923, 528778.557999999960884 ], [ 263045.291000000026543, 528775.520999999949709 ], [ 263049.428000000014435, 528772.804 ], [ 263053.284999999974389, 528770.52800000004936 ], [ 263059.034999999974389, 528767.594000000040978 ], [ 263064.728, 528764.508000000030734 ], [ 263071.528999999980442, 528761.305000000051223 ], [ 263079.537000000011176, 528758.606000000028871 ], [ 263092.613000000012107, 528754.093 ], [ 263094.928000000014435, 528753.560000000055879 ], [ 263099.299999999988358, 528752.626000000047497 ], [ 263105.478, 528751.160000000032596 ], [ 263108.38900000002468, 528750.699999999953434 ], [ 263113.967, 528749.819000000017695 ], [ 263126.21999999997206, 528748.36199999996461 ], [ 263137.496999999973923, 528747.576 ], [ 263139.733, 528747.527 ], [ 263142.086000000010245, 528747.547000000020489 ], [ 263155.479999999981374, 528748.87300000002142 ], [ 263218.156000000017229, 528746.261000000056811 ], [ 263418.571, 528738.305000000051223 ], [ 263418.401000000012573, 528734.954000000027008 ], [ 263533.300999999977648, 528728.476999999955297 ], [ 263697.694000000017695, 528714.976000000024214 ], [ 263722.977000000013504, 528676.587000000057742 ], [ 263717.053000000014435, 528274.591000000014901 ], [ 263892.207999999984168, 528265.807000000029802 ], [ 263882.994, 528065.569000000017695 ], [ 264027.262999999977183, 528058.893999999971129 ], [ 264017.043, 527834.280999999959022 ], [ 264249.26, 527824.486000000033528 ], [ 264241.864, 527649.147 ], [ 265575.544, 527592.890999999945052 ], [ 265570.055999999982305, 527477.459999999962747 ], [ 263005.560999999986961, 527595.025999999954365 ], [ 262272.900000000023283, 527629.772 ], [ 261813.044, 527197.307999999960884 ], [ 261584.931000000011409, 527433.322999999974854 ], [ 261628.621000000013737, 527474.135 ], [ 261628.634, 527474.147 ], [ 261652.50700000001234, 527496.447999999974854 ], [ 261644.628, 527504.790999999968335 ], [ 261699.155, 527556.287000000011176 ], [ 261705.622, 527557.160000000032596 ], [ 261708.782, 527559.99800000002142 ], [ 261735.206, 527583.731000000028871 ], [ 261742.897999999986496, 527590.638999999966472 ], [ 261807.902, 527649.017 ], [ 261778.968, 527679.812000000034459 ], [ 261751.62, 527708.919 ], [ 261737.884, 527723.538999999989755 ], [ 261724.230000000010477, 527738.020999999949709 ], [ 261710.472, 527752.613000000012107 ], [ 261703.435999999986961, 527760.076 ], [ 261696.534000000014203, 527767.395999999949709 ], [ 261682.958000000013271, 527781.79500000004191 ], [ 261669.201, 527796.386999999987893 ], [ 261655.503, 527810.942000000039116 ], [ 261641.643000000010943, 527825.642 ], [ 261627.920000000012806, 527840.197000000043772 ], [ 261614.26500000001397, 527854.680000000051223 ], [ 261600.483, 527869.270999999949709 ], [ 261586.692000000010012, 527883.898999999975786 ], [ 261583.055, 527887.756000000052154 ], [ 261565.833000000013271, 527905.962000000057742 ], [ 261558.926, 527913.263999999966472 ], [ 261545.182, 527927.794 ], [ 261531.438, 527942.324000000022352 ], [ 261517.62400000001071, 527956.925999999977648 ], [ 261510.75099999998929, 527964.191 ], [ 261483.269999999989523, 527993.243000000016764 ], [ 261476.878, 528000.0 ], [ 261455.712, 528022.375 ], [ 261441.9, 528036.976999999955297 ], [ 261428.083000000013271, 528051.584000000031665 ], [ 261400.62, 528080.643999999971129 ], [ 261371.518000000010943, 528111.410000000032596 ], [ 261332.258, 528152.912999999942258 ], [ 261311.519999999989523, 528174.810000000055879 ], [ 261227.672, 528263.449999999953434 ], [ 261206.86799999998766, 528285.442999999970198 ], [ 261166.674999999988358, 528327.932999999960884 ], [ 261153.278, 528342.12699999997858 ], [ 261137.978, 528358.337000000057742 ], [ 261123.386, 528373.697000000043772 ], [ 261108.888, 528389.023000000044703 ], [ 261104.119, 528394.064999999944121 ], [ 261095.146, 528403.550000000046566 ], [ 261089.54, 528409.476999999955297 ], [ 261125.704999999987194, 528424.839999999967404 ], [ 261182.133, 528449.346000000019558 ], [ 261184.465, 528449.993999999947846 ], [ 261308.998, 528503.128000000026077 ], [ 261326.894, 528511.615 ], [ 261345.343, 528519.547999999951571 ], [ 261363.608, 528527.11199999996461 ], [ 261382.427, 528534.861000000033528 ], [ 261418.587999999988824, 528550.174 ], [ 261436.852000000013504, 528557.554 ], [ 261455.855000000010477, 528565.48699999996461 ], [ 261474.12, 528572.312999999965541 ], [ 261492.57, 528578.95499999995809 ], [ 261518.952, 528588.733 ], [ 261538.878, 528595.560000000055879 ], [ 261544.412000000011176, 528597.403999999980442 ], [ 261571.348, 528605.522 ], [ 261597.362, 528612.902 ], [ 261624.114, 528619.544 ], [ 261633.337999999988824, 528621.942000000039116 ], [ 261650.681000000011409, 528626.738999999943189 ], [ 261677.432, 528633.75 ], [ 261703.99900000001071, 528640.392 ], [ 261730.38200000001234, 528646.479999999981374 ], [ 261753.813, 528651.461000000010245 ], [ 261777.981999999989057, 528656.62699999997858 ], [ 261800.859, 528660.317000000039116 ], [ 261825.581, 528664.376000000047497 ], [ 261849.565, 528667.143000000040047 ], [ 261869.85999999998603, 528669.542000000015832 ], [ 261887.755, 528671.202000000048429 ], [ 261903.991, 528671.755 ], [ 261920.226, 528671.755 ], [ 261936.277, 528671.017 ], [ 261952.88200000001234, 528669.356999999959953 ], [ 262000.666, 528662.162000000011176 ], [ 262016.901000000012573, 528657.549 ], [ 262032.214, 528652.199000000022352 ], [ 262049.924999999988358, 528645.003999999957159 ], [ 262035.821999999985565, 528635.819000000017695 ], [ 262194.384000000020023, 528560.689999999944121 ], [ 262266.706, 528526.743000000016764 ], [ 262320.761999999987893, 528501.468 ], [ 262366.332, 528480.435000000055879 ], [ 262401.755, 528501.652 ], [ 262427.400000000023283, 528516.412000000011176 ], [ 262436.256, 528521.393000000040047 ], [ 262454.88900000002468, 528500.913999999989755 ], [ 262497.49800000002142, 528452.741999999969266 ], [ 262521.705000000016298, 528474.481000000028871 ], [ 262545.292000000015832, 528495.272 ], [ 262541.072999999974854, 528499.52800000004936 ], [ 262511.020000000018626, 528530.75 ], [ 262449.185, 528596.25199999997858 ], [ 262459.282, 528603.256999999983236 ], [ 262488.909999999974389, 528621.077000000048429 ], [ 262520.401000000012573, 528640.121000000042841 ], [ 262527.142, 528644.26300000003539 ], [ 262529.26400000002468, 528645.775000000023283 ], [ 262531.400000000023283, 528647.748999999952503 ], [ 262532.174999999988358, 528648.15500000002794 ], [ 262533.262999999977183, 528648.457000000053085 ], [ 262536.778, 528649.216999999945983 ], [ 262562.211000000010245, 528652.316 ], [ 262575.037000000011176, 528653.788999999989755 ], [ 262577.309, 528654.03000000002794 ], [ 262583.919, 528654.866000000038184 ], [ 262595.131, 528656.189000000013039 ], [ 262610.077, 528658.033000000054017 ], [ 262626.837999999988824, 528659.996000000042841 ], [ 262641.625, 528661.761000000056811 ], [ 262690.732000000018161, 528667.126000000047497 ], [ 262707.159999999974389, 528668.549 ], [ 262717.930999999982305, 528669.243000000016764 ], [ 262725.101000000024214, 528669.337999999988824 ], [ 262731.532, 528668.881999999983236 ], [ 262745.531000000017229, 528668.248999999952503 ], [ 262775.435, 528667.566 ], [ 262800.963999999978114, 528666.816 ], [ 262831.164999999979045, 528665.910999999963678 ], [ 262835.656000000017229, 528665.802999999956228 ], [ 262852.613000000012107, 528665.395000000018626 ], [ 262866.683000000019092, 528664.51300000003539 ], [ 262887.913, 528663.113000000012107 ], [ 262903.348, 528661.78000000002794 ], [ 262920.462, 528660.452999999979511 ], [ 262929.25199999997858, 528659.724000000045635 ], [ 262931.109, 528659.554 ], [ 262936.822999999974854, 528659.030999999959022 ], [ 262952.677000000025146, 528657.890999999945052 ], [ 262974.85999999998603, 528655.927999999956228 ], [ 262999.974999999976717, 528653.964000000036322 ], [ 263000.898999999975786, 528653.892 ], [ 263011.354, 528625.496000000042841 ], [ 263009.982000000018161, 528643.479000000050291 ], [ 263008.093, 528651.525999999954365 ], [ 263003.739, 528664.770999999949709 ], [ 262999.974999999976717, 528674.003000000026077 ], [ 262999.563000000023749, 528675.01300000003539 ], [ 263018.666000000026543, 528678.643999999971129 ], [ 263014.096000000019558, 528683.819000000017695 ], [ 263009.795999999972992, 528692.724999999976717 ], [ 263004.104999999981374, 528700.831 ], [ 262999.974999999976717, 528706.395000000018626 ], [ 262989.978, 528719.863999999943189 ], [ 262976.007999999972526, 528740.003000000026077 ], [ 262969.848, 528749.636000000056811 ], [ 262963.022999999986496, 528761.39000000001397 ], [ 262936.544, 528783.87 ], [ 262944.737000000022817, 528780.942000000039116 ], [ 262950.798, 528782.062000000034459 ], [ 262953.370999999984633, 528783.837999999988824 ], [ 262957.310999999986961, 528786.770000000018626 ], [ 262962.354, 528789.336000000010245 ], [ 262966.289999999979045, 528791.351000000024214 ], [ 262969.955000000016298, 528792.542999999946915 ], [ 262974.632999999972526, 528793.642 ], [ 262978.75199999997858, 528794.192000000039116 ], [ 262983.150000000023283, 528795.017 ], [ 262988.098, 528795.75 ], [ 262990.938000000023749, 528796.116000000038184 ], [ 262993.98499999998603, 528795.631999999983236 ], [ 262992.89000000001397, 528798.047999999951571 ], [ 262997.89000000001397, 528797.988000000012107 ] ] ] ] } },
{ "type": "Feature", "properties": { "buurtcode": "BU01140801", "buurtnaam": "Klazienaveen-Zuid", "pc6_codes": "7891AW, 7891AX, 7891GA, 7891GB, 7891GC, 7891GD, 7891GE, 7891GG, 7891GH, 7891GJ, 7891GK, 7891GL, 7891GM, 7891GN, 7891GP, 7891GR, 7891GS, 7891GT, 7891GV, 7891GW, 7891GX, 7891HA, 7891HB, 7891HE, 7891HG, 7891HM, 7891HP, 7891HR, 7891HS, 7891HT, 7891HW, 7891HX, 7891JA, 7891JB, 7891JC, 7891JD, 7891JG, 7891JH, 7891JJ, 7891JK, 7891JL, 7891JM, 7891JN, 7891JP, 7891JR, 7891JS, 7891JT, 7891JV, 7891JW, 7891JX, 7891JZ, 7891KA, 7891KB, 7891KC, 7891KD, 7891KE, 7891KG, 7891KH, 7891KJ, 7891KK, 7891KL, 7891KM, 7891KN, 7891KP, 7891KR, 7891KS, 7891KT, 7891KV, 7891KW, 7891KX, 7891LA, 7891LB, 7891LC, 7891LD, 7891LE, 7891LG, 7891LH, 7891LJ, 7891LK, 7891LL, 7891LM, 7891LN, 7891LP, 7891LR, 7891LS, 7891LT, 7891LV, 7891LW, 7891LX, 7891MA, 7891MB, 7891MC, 7891MD, 7891ME, 7891MG, 7891MH, 7891MJ, 7891MK, 7891ML, 7891MN, 7891MP, 7891MR, 7891MS, 7891MT, 7891MV, 7891MX, 7891NA, 7891NB, 7891NC, 7891ND, 7891NE, 7891NG, 7891NH, 7891NJ, 7891NK, 7891NL, 7891NR, 7891NS, 7891NT, 7891NV, 7891PE, 7891PG, 7891PH, 7891PJ, 7891PK, 7891PL, 7891PM, 7891PP, 7891PR, 7891PT, 7891PV, 7891PX, 7891PZ, 7891RA, 7891RB, 7891RC, 7891RD, 7891RJ, 7891RK, 7891RM, 7891RN, 7891RP, 7891RR, 7891RS, 7891RT, 7891RV, 7891RX, 7891RZ, 7891SB, 7891SC, 7891SE, 7891SG, 7891SJ, 7891SK, 7891SL, 7891SM, 7891SN, 7891SP, 7891SR, 7891ST, 7891SV, 7891SW, 7891ZK, 7891ZX, 7891ZZ", "wijkcode": "WK011408", "gemeentecode": "GM0114", "gemeentenaam": "Emmen", "oppervlakteLandInHa": 281, "AantalInwoners_5": 5940, "Mannen_6": 2935, "Vrouwen_7": 3000, "HuishoudensTotaal_29": 2745, "GemiddeldeHuishoudensgrootte_33": 2.2, "Woningvoorraad_35": 2788, "NieuwbouwWoningen_36": 7, "NietWoningvoorraad_37": 326, "NieuwbouwNietWoningen_38": 3, "GemiddeldeWOZWaardeVanWoningen_39": 234, "PercentageEengezinswoning_40": 82, "PercentageTussenwoningEengezins_41": 24, "PercentageHoekwoningEengezins_42": 14, "PercentageTweeOnderEenKapWoningEe_43": 23, "PercentageVrijstaandeWoningEengezins_44": 22, "PercentageMeergezinswoning_45": 18, "Koopwoningen_47": 62, "HuurwoningenTotaal_48": 38, "InBezitWoningcorporatie_49": 33, "InBezitOverigeVerhuurders_50": 5, "BouwjaarMeerDanTienJaarGeleden_51": 98, "BouwjaarAfgelopenTienJaar_52": 2, "GemiddeldeElektriciteitslevering_53": 2710, "GemiddeldeElektriciteitsteruglevering_54": 1220, "GemiddeldAardgasverbruik_55": 990, "AardgasvrijeWoningen_57": 2, "Aardgaswoningen_58": 93, "WoningenMetZonnestroom_59": 58, "WoningenHoofdzElektrVerwarmd_60": 6, "k_20PersonenMetHoogsteInkomen_80": 10.4, "k_20HuishoudensMetHoogsteInkomen_85": 12.4, "MediaanVermogenVanParticuliereHuish_86": 84.5, "PersonenautoSTotaal_104": 3355, "PersonenautoSBrandstofBenzine_105": 2835, "PersonenautoSOverigeBrandstof_106": 520, "PersonenautoSPerHuishouden_107": 1.2, "Omgevingsadressendichtheid_121": 914, "AantalInstallatiesBijWoningen_5": 867, "OpgesteldVermogenVanZonnepanelen_6": 3471, "installaties_per_woning": 0.31097560975609756, "vermogen_per_woning": 1.2449784791965566, "installaties_per_100_woningen": 31.097560975609756, "vermogen_per_huishouden": 1.2644808743169398, "batterijdruk_score": 707.6, "koop_zon_score": 0.3596, "eengezins_zon_score": 0.4756, "betaalkracht_zon_score": 49.01, "overige_brandstof_zon_score": 301.6, "lichte_batterij_kansscore": 0.44838435651492559 }, "geometry": { "type": "MultiPolygon", "coordinates": [ [ [ [ 263005.560999999986961, 527595.025999999954365 ], [ 265570.055999999982305, 527477.459999999962747 ], [ 265659.143999999971129, 527473.375 ], [ 265658.865999999979977, 527466.022 ], [ 265658.831, 527465.12699999997858 ], [ 265657.957, 527442.886999999987893 ], [ 265655.545999999972992, 527372.696 ], [ 265655.412000000011176, 527366.365 ], [ 265655.352000000013504, 527361.484000000054948 ], [ 265654.439000000013039, 527358.400000000023283 ], [ 265652.581, 527353.858 ], [ 265648.994, 527347.773999999975786 ], [ 265640.63900000002468, 527334.910000000032596 ], [ 265637.218, 527329.145000000018626 ], [ 265634.507999999972526, 527323.363000000012107 ], [ 265632.788999999989755, 527318.412999999942258 ], [ 265631.547000000020489, 527310.839000000036322 ], [ 265630.684, 527285.903999999980442 ], [ 265630.576, 527284.018000000040047 ], [ 265630.506999999983236, 527282.018999999971129 ], [ 265627.840000000025611, 527199.175999999977648 ], [ 265619.210000000020955, 527194.900000000023283 ], [ 265618.987000000022817, 527191.366999999969266 ], [ 265618.897999999986496, 527190.008999999961816 ], [ 265617.739, 527171.415999999968335 ], [ 265555.413999999989755, 527174.356999999959953 ], [ 265455.526000000012573, 527179.072999999974854 ], [ 265455.337, 527175.63800000003539 ], [ 265453.142999999981839, 527129.371000000042841 ], [ 265446.896, 527000.0 ], [ 265442.354, 526905.98699999996461 ], [ 264349.739, 526952.074999999953434 ], [ 264134.922000000020489, 526962.73699999996461 ], [ 264114.669999999983702, 526554.687000000034459 ], [ 263042.115, 526604.069000000017695 ], [ 263047.864, 526703.702999999979511 ], [ 262828.06, 526714.197000000043772 ], [ 262049.649, 526750.886999999987893 ], [ 261929.622, 526756.544 ], [ 261937.14000000001397, 526910.65500000002794 ], [ 261942.307, 527016.576 ], [ 261791.346, 527176.902 ], [ 261813.044, 527197.307999999960884 ], [ 262272.900000000023283, 527629.772 ], [ 263005.560999999986961, 527595.025999999954365 ] ] ] ] } },
{ "type": "Feature", "properties": { "buurtcode": "BU01140802", "buurtnaam": "Barger-Oosterveen", "pc6_codes": "7891NL, 7891NM, 7891NN, 7891NW, 7891NX, 7891PA, 7891PB, 7891PC", "wijkcode": "WK011408", "gemeentecode": "GM0114", "gemeentenaam": "Emmen", "oppervlakteLandInHa": 43, "AantalInwoners_5": 315, "Mannen_6": 165, "Vrouwen_7": 145, "HuishoudensTotaal_29": 125, "GemiddeldeHuishoudensgrootte_33": 2.5, "Woningvoorraad_35": 126, "NieuwbouwWoningen_36": 1, "NietWoningvoorraad_37": 3, "NieuwbouwNietWoningen_38": 0, "GemiddeldeWOZWaardeVanWoningen_39": 345, "PercentageEengezinswoning_40": 100, "PercentageTussenwoningEengezins_41": 0, "PercentageHoekwoningEengezins_42": 0, "PercentageTweeOnderEenKapWoningEe_43": 16, "PercentageVrijstaandeWoningEengezins_44": 84, "PercentageMeergezinswoning_45": 0, "Koopwoningen_47": 89, "HuurwoningenTotaal_48": 11, "InBezitWoningcorporatie_49": 6, "InBezitOverigeVerhuurders_50": 6, "BouwjaarMeerDanTienJaarGeleden_51": 98, "BouwjaarAfgelopenTienJaar_52": 2, "GemiddeldeElektriciteitslevering_53": 3660, "GemiddeldeElektriciteitsteruglevering_54": 1670, "GemiddeldAardgasverbruik_55": 1230, "AardgasvrijeWoningen_57": 2, "Aardgaswoningen_58": 89, "WoningenMetZonnestroom_59": 54, "WoningenHoofdzElektrVerwarmd_60": 10, "k_20PersonenMetHoogsteInkomen_80": 15.3, "k_20HuishoudensMetHoogsteInkomen_85": 18.9, "MediaanVermogenVanParticuliereHuish_86": 230.8, "PersonenautoSTotaal_104": 220, "PersonenautoSBrandstofBenzine_105": 185, "PersonenautoSOverigeBrandstof_106": 35, "PersonenautoSPerHuishouden_107": 1.7, "Omgevingsadressendichtheid_121": 55, "AantalInstallatiesBijWoningen_5": 49, "OpgesteldVermogenVanZonnepanelen_6": 236, "installaties_per_woning": 0.3888888888888889, "vermogen_per_woning": 1.873015873015873, "installaties_per_100_woningen": 38.888888888888893, "vermogen_per_huishouden": 1.888, "batterijdruk_score": 901.8, "koop_zon_score": 0.4806, "eengezins_zon_score": 0.54, "betaalkracht_zon_score": 124.632, "overige_brandstof_zon_score": 18.9, "lichte_batterij_kansscore": 0.53481380443797732 }, "geometry": { "type": "MultiPolygon", "coordinates": [ [ [ [ 262979.776000000012573, 525523.684 ], [ 262978.908999999985099, 525505.70499999995809 ], [ 262971.489, 525506.055000000051223 ], [ 262957.62, 525203.042999999946915 ], [ 262865.055999999982305, 525204.106000000028871 ], [ 262854.707, 525140.677999999956228 ], [ 262832.918, 525067.491999999969266 ], [ 262800.215000000025611, 525000.0 ], [ 262743.943000000028405, 524919.022 ], [ 262656.358, 524817.258000000030734 ], [ 262586.37699999997858, 524717.23499999998603 ], [ 262544.886999999987893, 524612.822000000043772 ], [ 262530.603, 524510.704000000027008 ], [ 262525.329000000027008, 524425.564999999944121 ], [ 262319.516, 524435.564999999944121 ], [ 262361.85999999998603, 525323.069999999948777 ], [ 262295.818000000028405, 525326.163999999989755 ], [ 262297.027, 525437.974000000045635 ], [ 262732.729, 525417.104999999981374 ], [ 262739.533, 525535.017 ], [ 262979.776000000012573, 525523.684 ] ] ] ] } },
{ "type": "Feature", "properties": { "buurtcode": "BU01140803", "buurtnaam": "Kloostermanswijk", "pc6_codes": "7891HC, 7891HD, 7891HG, 7891HH, 7891HJ, 7891HK, 7891HL, 7891HN, 7891MZ", "wijkcode": "WK011408", "gemeentecode": "GM0114", "gemeentenaam": "Emmen", "oppervlakteLandInHa": 42, "AantalInwoners_5": 245, "Mannen_6": 130, "Vrouwen_7": 115, "HuishoudensTotaal_29": 95, "GemiddeldeHuishoudensgrootte_33": 2.5, "Woningvoorraad_35": 98, "NieuwbouwWoningen_36": 0, "NietWoningvoorraad_37": 1, "NieuwbouwNietWoningen_38": 0, "GemiddeldeWOZWaardeVanWoningen_39": 362, "PercentageEengezinswoning_40": 98, "PercentageTussenwoningEengezins_41": 0, "PercentageHoekwoningEengezins_42": 0, "PercentageTweeOnderEenKapWoningEe_43": 10, "PercentageVrijstaandeWoningEengezins_44": 88, "PercentageMeergezinswoning_45": 2, "Koopwoningen_47": 91, "HuurwoningenTotaal_48": 9, "InBezitWoningcorporatie_49": 5, "InBezitOverigeVerhuurders_50": 4, "BouwjaarMeerDanTienJaarGeleden_51": 97, "BouwjaarAfgelopenTienJaar_52": 3, "GemiddeldeElektriciteitslevering_53": 3990, "GemiddeldeElektriciteitsteruglevering_54": 1980, "GemiddeldAardgasverbruik_55": 1180, "AardgasvrijeWoningen_57": null, "Aardgaswoningen_58": null, "WoningenMetZonnestroom_59": null, "WoningenHoofdzElektrVerwarmd_60": null, "k_20PersonenMetHoogsteInkomen_80": 15.3, "k_20HuishoudensMetHoogsteInkomen_85": null, "MediaanVermogenVanParticuliereHuish_86": null, "PersonenautoSTotaal_104": 130, "PersonenautoSBrandstofBenzine_105": 100, "PersonenautoSOverigeBrandstof_106": 25, "PersonenautoSPerHuishouden_107": 1.3, "Omgevingsadressendichtheid_121": 276, "AantalInstallatiesBijWoningen_5": 37, "OpgesteldVermogenVanZonnepanelen_6": 224, "installaties_per_woning": 0.37755102040816324, "vermogen_per_woning": 2.2857142857142856, "installaties_per_100_woningen": 37.755102040816325, "vermogen_per_huishouden": 2.357894736842105, "batterijdruk_score": null, "koop_zon_score": null, "eengezins_zon_score": null, "betaalkracht_zon_score": null, "overige_brandstof_zon_score": null, "lichte_batterij_kansscore": null }, "geometry": { "type": "MultiPolygon", "coordinates": [ [ [ [ 264349.739, 526952.074999999953434 ], [ 264325.229999999981374, 526458.251000000047497 ], [ 264518.298, 526448.621999999973923 ], [ 264517.434, 526436.233 ], [ 264513.50099999998929, 526345.677000000025146 ], [ 264512.450000000011642, 526323.552000000025146 ], [ 264413.50099999998929, 526328.268000000040047 ], [ 264371.211000000010245, 525439.011000000056811 ], [ 264061.853, 525454.180000000051223 ], [ 264114.669999999983702, 526554.687000000034459 ], [ 264134.922000000020489, 526962.73699999996461 ], [ 264349.739, 526952.074999999953434 ] ] ] ] } },
{ "type": "Feature", "properties": { "buurtcode": "BU01140804", "buurtnaam": "Dordsedijk", "pc6_codes": "7891NL, 7891NN, 7891NP, 7891NR", "wijkcode": "WK011408", "gemeentecode": "GM0114", "gemeentenaam": "Emmen", "oppervlakteLandInHa": 29, "AantalInwoners_5": 110, "Mannen_6": 60, "Vrouwen_7": 50, "HuishoudensTotaal_29": 45, "GemiddeldeHuishoudensgrootte_33": 2.7, "Woningvoorraad_35": 40, "NieuwbouwWoningen_36": 1, "NietWoningvoorraad_37": 3, "NieuwbouwNietWoningen_38": 0, "GemiddeldeWOZWaardeVanWoningen_39": 383, "PercentageEengezinswoning_40": 100, "PercentageTussenwoningEengezins_41": 0, "PercentageHoekwoningEengezins_42": 0, "PercentageTweeOnderEenKapWoningEe_43": 5, "PercentageVrijstaandeWoningEengezins_44": 95, "PercentageMeergezinswoning_45": 0, "Koopwoningen_47": 93, "HuurwoningenTotaal_48": 8, "InBezitWoningcorporatie_49": 0, "InBezitOverigeVerhuurders_50": 8, "BouwjaarMeerDanTienJaarGeleden_51": 95, "BouwjaarAfgelopenTienJaar_52": 5, "GemiddeldeElektriciteitslevering_53": 4300, "GemiddeldeElektriciteitsteruglevering_54": 1940, "GemiddeldAardgasverbruik_55": 1170, "AardgasvrijeWoningen_57": null, "Aardgaswoningen_58": null, "WoningenMetZonnestroom_59": null, "WoningenHoofdzElektrVerwarmd_60": null, "k_20PersonenMetHoogsteInkomen_80": null, "k_20HuishoudensMetHoogsteInkomen_85": null, "MediaanVermogenVanParticuliereHuish_86": null, "PersonenautoSTotaal_104": 95, "PersonenautoSBrandstofBenzine_105": 75, "PersonenautoSOverigeBrandstof_106": 20, "PersonenautoSPerHuishouden_107": null, "Omgevingsadressendichtheid_121": 242, "AantalInstallatiesBijWoningen_5": 22, "OpgesteldVermogenVanZonnepanelen_6": 107, "installaties_per_woning": 0.55, "vermogen_per_woning": 2.675, "installaties_per_100_woningen": 55.000000000000007, "vermogen_per_huishouden": 2.3777777777777778, "batterijdruk_score": null, "koop_zon_score": null, "eengezins_zon_score": null, "betaalkracht_zon_score": null, "overige_brandstof_zon_score": null, "lichte_batterij_kansscore": null }, "geometry": { "type": "MultiPolygon", "coordinates": [ [ [ [ 263047.864, 526703.702999999979511 ], [ 263042.115, 526604.069000000017695 ], [ 262979.776000000012573, 525523.684 ], [ 262739.533, 525535.017 ], [ 262790.348, 526415.689000000013039 ], [ 262714.408999999985099, 526419.268999999971129 ], [ 262719.173, 526519.165999999968335 ], [ 262819.061999999976251, 526514.459000000031665 ], [ 262828.06, 526714.197000000043772 ], [ 263047.864, 526703.702999999979511 ] ] ] ] } },
{ "type": "Feature", "properties": { "buurtcode": "BU01140806", "buurtnaam": "Derksweg", "pc6_codes": "7891NW, 7891NX, 7891PM, 7891PN", "wijkcode": "WK011408", "gemeentecode": "GM0114", "gemeentenaam": "Emmen", "oppervlakteLandInHa": 45, "AantalInwoners_5": 140, "Mannen_6": 65, "Vrouwen_7": 70, "HuishoudensTotaal_29": 50, "GemiddeldeHuishoudensgrootte_33": 2.7, "Woningvoorraad_35": 50, "NieuwbouwWoningen_36": 0, "NietWoningvoorraad_37": 4, "NieuwbouwNietWoningen_38": 0, "GemiddeldeWOZWaardeVanWoningen_39": 400, "PercentageEengezinswoning_40": 100, "PercentageTussenwoningEengezins_41": 0, "PercentageHoekwoningEengezins_42": 0, "PercentageTweeOnderEenKapWoningEe_43": 0, "PercentageVrijstaandeWoningEengezins_44": 100, "PercentageMeergezinswoning_45": 0, "Koopwoningen_47": 100, "HuurwoningenTotaal_48": 0, "InBezitWoningcorporatie_49": 0, "InBezitOverigeVerhuurders_50": 0, "BouwjaarMeerDanTienJaarGeleden_51": 98, "BouwjaarAfgelopenTienJaar_52": 2, "GemiddeldeElektriciteitslevering_53": 4570, "GemiddeldeElektriciteitsteruglevering_54": 2560, "GemiddeldAardgasverbruik_55": 1300, "AardgasvrijeWoningen_57": null, "Aardgaswoningen_58": null, "WoningenMetZonnestroom_59": null, "WoningenHoofdzElektrVerwarmd_60": null, "k_20PersonenMetHoogsteInkomen_80": 24.3, "k_20HuishoudensMetHoogsteInkomen_85": null, "MediaanVermogenVanParticuliereHuish_86": null, "PersonenautoSTotaal_104": 80, "PersonenautoSBrandstofBenzine_105": 60, "PersonenautoSOverigeBrandstof_106": 25, "PersonenautoSPerHuishouden_107": 1.6, "Omgevingsadressendichtheid_121": 79, "AantalInstallatiesBijWoningen_5": 16, "OpgesteldVermogenVanZonnepanelen_6": 108, "installaties_per_woning": 0.32, "vermogen_per_woning": 2.16, "installaties_per_100_woningen": 32.0, "vermogen_per_huishouden": 2.16, "batterijdruk_score": null, "koop_zon_score": null, "eengezins_zon_score": null, "betaalkracht_zon_score": null, "overige_brandstof_zon_score": null, "lichte_batterij_kansscore": null }, "geometry": { "type": "MultiPolygon", "coordinates": [ [ [ [ 261929.622, 526756.544 ], [ 262049.649, 526750.886999999987893 ], [ 261957.204, 525100.226999999955297 ], [ 261850.761999999987893, 525106.256000000052154 ], [ 261855.606, 525208.157 ], [ 261602.54, 525220.706 ], [ 261622.147, 525569.528999999980442 ], [ 261738.662000000011176, 525564.427999999956228 ], [ 261747.703, 525764.332000000053085 ], [ 261572.851, 525772.24 ], [ 261582.170000000012806, 525971.873999999952503 ], [ 261791.65, 525962.375 ], [ 261833.777, 526714.582000000053085 ], [ 261781.818999999988591, 526770.28000000002794 ], [ 261937.14000000001397, 526910.65500000002794 ], [ 261929.622, 526756.544 ] ] ] ] } },
{ "type": "Feature", "properties": { "buurtcode": "BU01140807", "buurtnaam": "Tuinbouwcentrum Klazienaveen", "pc6_codes": "7891TB, 7891TC, 7891TD, 7891TE, 7891XA, 7891XB, 7891XC, 7891XD, 7891XE, 7891XG, 7891XH, 7891XK", "wijkcode": "WK011408", "gemeentecode": "GM0114", "gemeentenaam": "Emmen", "oppervlakteLandInHa": 352, "AantalInwoners_5": 185, "Mannen_6": 95, "Vrouwen_7": 95, "HuishoudensTotaal_29": 75, "GemiddeldeHuishoudensgrootte_33": 2.5, "Woningvoorraad_35": 89, "NieuwbouwWoningen_36": 0, "NietWoningvoorraad_37": 50, "NieuwbouwNietWoningen_38": 0, "GemiddeldeWOZWaardeVanWoningen_39": 208, "PercentageEengezinswoning_40": 100, "PercentageTussenwoningEengezins_41": 4, "PercentageHoekwoningEengezins_42": 2, "PercentageTweeOnderEenKapWoningEe_43": 45, "PercentageVrijstaandeWoningEengezins_44": 48, "PercentageMeergezinswoning_45": 0, "Koopwoningen_47": 44, "HuurwoningenTotaal_48": 56, "InBezitWoningcorporatie_49": 0, "InBezitOverigeVerhuurders_50": 56, "BouwjaarMeerDanTienJaarGeleden_51": 100, "BouwjaarAfgelopenTienJaar_52": 0, "GemiddeldeElektriciteitslevering_53": 3720, "GemiddeldeElektriciteitsteruglevering_54": 1160, "GemiddeldAardgasverbruik_55": 1310, "AardgasvrijeWoningen_57": null, "Aardgaswoningen_58": null, "WoningenMetZonnestroom_59": null, "WoningenHoofdzElektrVerwarmd_60": null, "k_20PersonenMetHoogsteInkomen_80": 15.1, "k_20HuishoudensMetHoogsteInkomen_85": null, "MediaanVermogenVanParticuliereHuish_86": null, "PersonenautoSTotaal_104": 120, "PersonenautoSBrandstofBenzine_105": 75, "PersonenautoSOverigeBrandstof_106": 45, "PersonenautoSPerHuishouden_107": 1.6, "Omgevingsadressendichtheid_121": 42, "AantalInstallatiesBijWoningen_5": 10, "OpgesteldVermogenVanZonnepanelen_6": 54, "installaties_per_woning": 0.11235955056179775, "vermogen_per_woning": 0.6067415730337079, "installaties_per_100_woningen": 11.235955056179774, "vermogen_per_huishouden": 0.72, "batterijdruk_score": null, "koop_zon_score": null, "eengezins_zon_score": null, "betaalkracht_zon_score": null, "overige_brandstof_zon_score": null, "lichte_batterij_kansscore": null }, "geometry": { "type": "MultiPolygon", "coordinates": [ [ [ [ 264700.686999999976251, 531107.988999999943189 ], [ 264700.24800000002142, 531100.46999999997206 ], [ 264694.395000000018626, 531000.214000000036322 ], [ 264693.841000000014901, 530990.714000000036322 ], [ 264688.468999999982771, 530864.707999999984168 ], [ 264687.256999999983236, 530841.22199999995064 ], [ 264692.718, 530840.959000000031665 ], [ 264782.597, 530836.63 ], [ 264952.427000000025146, 530828.775000000023283 ], [ 265108.490999999979977, 530820.930999999982305 ], [ 265111.734, 530820.775000000023283 ], [ 265271.049, 530813.099000000045635 ], [ 265274.200000000011642, 530879.73699999996461 ], [ 265274.289999999979045, 530884.981000000028871 ], [ 265275.103, 530890.26500000001397 ], [ 265276.468, 530895.435000000055879 ], [ 265278.369, 530900.432000000029802 ], [ 265307.364, 530963.910000000032596 ], [ 265310.150000000023283, 530969.466999999945983 ], [ 265318.401000000012573, 530965.442999999970198 ], [ 265334.935999999986961, 530959.484000000054948 ], [ 265341.731000000028871, 530957.0 ], [ 265366.186999999976251, 530950.615 ], [ 265387.193000000028405, 530947.005 ], [ 265412.549, 530943.697999999974854 ], [ 265618.055999999982305, 530924.26300000003539 ], [ 265616.604999999981374, 530929.75 ], [ 265641.843, 530928.724999999976717 ], [ 265620.743000000016764, 530796.996999999973923 ], [ 265619.229, 530787.547000000020489 ], [ 265604.838999999978114, 530697.868000000016764 ], [ 265604.174999999988358, 530693.721000000019558 ], [ 265595.457999999984168, 530694.050999999977648 ], [ 265594.667000000015832, 530689.10999999998603 ], [ 265582.936999999976251, 530615.859000000054948 ], [ 265582.261, 530611.410000000032596 ], [ 265582.016, 530609.794 ], [ 265581.892, 530608.979999999981374 ], [ 265576.984, 530576.810000000055879 ], [ 265575.240999999979977, 530565.160999999963678 ], [ 265572.201, 530548.331 ], [ 265565.197999999974854, 530504.086000000010245 ], [ 265560.321999999985565, 530478.238000000012107 ], [ 265556.152, 530454.859000000054948 ], [ 265549.544999999983702, 530414.988000000012107 ], [ 265548.049999999988358, 530405.316 ], [ 265547.01, 530400.881999999983236 ], [ 265545.960000000020955, 530396.253000000026077 ], [ 265544.854999999981374, 530391.361000000033528 ], [ 265544.293, 530386.184 ], [ 265543.493000000016764, 530382.245 ], [ 265536.558000000019092, 530336.113000000012107 ], [ 265529.675999999977648, 530296.084999999962747 ], [ 265521.443000000028405, 530248.197000000043772 ], [ 265517.525000000023283, 530225.410999999963678 ], [ 265512.912000000011176, 530196.775000000023283 ], [ 265499.193000000028405, 530111.62699999997858 ], [ 265496.854999999981374, 530097.430000000051223 ], [ 265484.097, 530019.962000000057742 ], [ 265482.908999999985099, 530012.300999999977648 ], [ 265480.246999999973923, 530000.0 ], [ 265479.842, 529998.131000000052154 ], [ 265478.341000000014901, 529991.194999999948777 ], [ 265478.496999999973923, 529953.087999999988824 ], [ 265476.444000000017695, 529915.944999999948777 ], [ 265474.704000000027008, 529876.797999999951571 ], [ 265471.87, 529819.013999999966472 ], [ 265470.041000000026543, 529777.082000000053085 ], [ 265467.090000000025611, 529721.917000000015832 ], [ 265463.237000000022817, 529647.944000000017695 ], [ 265461.482000000018161, 529609.947999999974854 ], [ 265460.853, 529598.415000000037253 ], [ 265460.174999999988358, 529592.863999999943189 ], [ 265459.78000000002794, 529588.964000000036322 ], [ 265459.583999999973457, 529571.238999999943189 ], [ 265457.663999999989755, 529508.974000000045635 ], [ 265457.642999999981839, 529508.307000000029802 ], [ 265456.115999999979977, 529486.957000000053085 ], [ 265456.028, 529485.125 ], [ 265453.177000000025146, 529426.101999999955297 ], [ 265450.853, 529380.812999999965541 ], [ 265448.208999999973457, 529332.687999999965541 ], [ 265447.397999999986496, 529310.638999999966472 ], [ 265446.728, 529293.464999999967404 ], [ 265446.51400000002468, 529287.098 ], [ 265443.157, 529231.207000000053085 ], [ 265442.039999999979045, 529200.886000000056811 ], [ 265441.652, 529197.175999999977648 ], [ 265441.539999999979045, 529194.633000000030734 ], [ 265441.327999999979511, 529189.824000000022352 ], [ 265439.428000000014435, 529159.435000000055879 ], [ 265438.054, 529123.498999999952503 ], [ 265436.726000000024214, 529094.75 ], [ 265436.848, 529091.287000000011176 ], [ 265436.62400000001071, 529089.412999999942258 ], [ 265433.688000000023749, 529020.354999999981374 ], [ 265433.44, 529017.991000000038184 ], [ 265435.929, 529000.0 ], [ 265438.082, 528984.613999999943189 ], [ 265438.246999999973923, 528983.410000000032596 ], [ 265438.32, 528981.724000000045635 ], [ 265438.270000000018626, 528979.697000000043772 ], [ 265438.291000000026543, 528977.233 ], [ 265438.240999999979977, 528974.435999999986961 ], [ 265437.777, 528970.712000000057742 ], [ 265437.183000000019092, 528968.101999999955297 ], [ 265436.722, 528964.981000000028871 ], [ 265436.022999999986496, 528962.557999999960884 ], [ 265435.074000000022352, 528959.679 ], [ 265434.472, 528956.82999999995809 ], [ 265433.521, 528954.025999999954365 ], [ 265432.650000000023283, 528951.113999999943189 ], [ 265431.455000000016298, 528948.348 ], [ 265430.419999999983702, 528945.800000000046566 ], [ 265429.381999999983236, 528943.506000000052154 ], [ 265428.093999999982771, 528940.615 ], [ 265425.596000000019558, 528935.682999999960884 ], [ 265424.195, 528933.442999999970198 ], [ 265423.012999999977183, 528931.442999999970198 ], [ 265421.743000000016764, 528929.091000000014901 ], [ 265420.270000000018626, 528926.219000000040978 ], [ 265419.370999999984633, 528923.272 ], [ 265418.590000000025611, 528921.001000000047497 ], [ 265417.56, 528918.26 ], [ 265416.547000000020489, 528915.26 ], [ 265415.645000000018626, 528912.927999999956228 ], [ 265415.059, 528910.052999999956228 ], [ 265414.944000000017695, 528907.143999999971129 ], [ 265414.550999999977648, 528896.341999999945983 ], [ 265420.434, 528896.057000000029802 ], [ 265415.330000000016298, 528796.645000000018626 ], [ 265415.337999999988824, 528795.185999999986961 ], [ 265411.003000000026077, 528700.96999999997206 ], [ 265410.895000000018626, 528699.45499999995809 ], [ 265410.699000000022352, 528694.76 ], [ 265410.686999999976251, 528694.547999999951571 ], [ 265410.68, 528694.417999999946915 ], [ 265410.398999999975786, 528689.381999999983236 ], [ 265405.550999999977648, 528595.314999999944121 ], [ 263722.977000000013504, 528676.587000000057742 ], [ 263774.488000000012107, 529488.135 ], [ 263789.656000000017229, 529489.84499999997206 ], [ 263790.843, 529517.751000000047497 ], [ 263814.174999999988358, 529516.125 ], [ 263816.783, 529571.402 ], [ 263820.912000000011176, 529658.937999999965541 ], [ 263829.12300000002142, 529658.545999999972992 ], [ 263829.487000000022817, 529666.216999999945983 ], [ 263839.21999999997206, 529872.093 ], [ 263876.857000000018161, 530668.234000000054948 ], [ 263877.169, 530674.831 ], [ 263887.25199999997858, 530888.128000000026077 ], [ 263910.226000000024214, 530887.025000000023283 ], [ 263999.974999999976717, 530882.718 ], [ 264076.954000000027008, 530879.023999999975786 ], [ 264092.609, 530878.273999999975786 ], [ 264667.13, 530850.706 ], [ 264674.218999999982771, 530992.557999999960884 ], [ 264674.591000000014901, 531000.0 ], [ 264680.036000000021886, 531108.968 ], [ 264700.686999999976251, 531107.988999999943189 ] ] ] ] } },
{ "type": "Feature", "properties": { "buurtcode": "BU01140809", "buurtnaam": "Verspreide huizen Klazienaveen", "pc6_codes": "7891EV, 7891GA, 7891NL, 7891NM, 7891NV, 7891NW, 7891NX, 7891NZ, 7891PD, 7891PS, 7891RE, 7891RG, 7891TG, 7891TH, 7891TJ, 7891TK, 7891TL, 7891TM", "wijkcode": "WK011408", "gemeentecode": "GM0114", "gemeentenaam": "Emmen", "oppervlakteLandInHa": 1854, "AantalInwoners_5": 185, "Mannen_6": 100, "Vrouwen_7": 85, "HuishoudensTotaal_29": 75, "GemiddeldeHuishoudensgrootte_33": 2.5, "Woningvoorraad_35": 72, "NieuwbouwWoningen_36": 0, "NietWoningvoorraad_37": 10, "NieuwbouwNietWoningen_38": 0, "GemiddeldeWOZWaardeVanWoningen_39": 475, "PercentageEengezinswoning_40": 96, "PercentageTussenwoningEengezins_41": 0, "PercentageHoekwoningEengezins_42": 0, "PercentageTweeOnderEenKapWoningEe_43": 6, "PercentageVrijstaandeWoningEengezins_44": 90, "PercentageMeergezinswoning_45": 4, "Koopwoningen_47": 90, "HuurwoningenTotaal_48": 10, "InBezitWoningcorporatie_49": 0, "InBezitOverigeVerhuurders_50": 10, "BouwjaarMeerDanTienJaarGeleden_51": 97, "BouwjaarAfgelopenTienJaar_52": 3, "GemiddeldeElektriciteitslevering_53": 4540, "GemiddeldeElektriciteitsteruglevering_54": 1810, "GemiddeldAardgasverbruik_55": 1170, "AardgasvrijeWoningen_57": null, "Aardgaswoningen_58": null, "WoningenMetZonnestroom_59": null, "WoningenHoofdzElektrVerwarmd_60": null, "k_20PersonenMetHoogsteInkomen_80": 16.8, "k_20HuishoudensMetHoogsteInkomen_85": null, "MediaanVermogenVanParticuliereHuish_86": null, "PersonenautoSTotaal_104": 110, "PersonenautoSBrandstofBenzine_105": 85, "PersonenautoSOverigeBrandstof_106": 20, "PersonenautoSPerHuishouden_107": 1.5, "Omgevingsadressendichtheid_121": 114, "AantalInstallatiesBijWoningen_5": 25, "OpgesteldVermogenVanZonnepanelen_6": 146, "installaties_per_woning": 0.34722222222222221, "vermogen_per_woning": 2.0277777777777777, "installaties_per_100_woningen": 34.722222222222221, "vermogen_per_huishouden": 1.9466666666666668, "batterijdruk_score": null, "koop_zon_score": null, "eengezins_zon_score": null, "betaalkracht_zon_score": null, "overige_brandstof_zon_score": null, "lichte_batterij_kansscore": null }, "geometry": { "type": "MultiPolygon", "coordinates": [ [ [ [ 261582.170000000012806, 525971.873999999952503 ], [ 261572.851, 525772.24 ], [ 261747.703, 525764.332000000053085 ], [ 261738.662000000011176, 525564.427999999956228 ], [ 261622.147, 525569.528999999980442 ], [ 261602.54, 525220.706 ], [ 261855.606, 525208.157 ], [ 261850.761999999987893, 525106.256000000052154 ], [ 261957.204, 525100.226999999955297 ], [ 262049.649, 526750.886999999987893 ], [ 262828.06, 526714.197000000043772 ], [ 262819.061999999976251, 526514.459000000031665 ], [ 262719.173, 526519.165999999968335 ], [ 262714.408999999985099, 526419.268999999971129 ], [ 262790.348, 526415.689000000013039 ], [ 262739.533, 525535.017 ], [ 262732.729, 525417.104999999981374 ], [ 262297.027, 525437.974000000045635 ], [ 262295.818000000028405, 525326.163999999989755 ], [ 262361.85999999998603, 525323.069999999948777 ], [ 262319.516, 524435.564999999944121 ], [ 262525.329000000027008, 524425.564999999944121 ], [ 262530.603, 524510.704000000027008 ], [ 262544.886999999987893, 524612.822000000043772 ], [ 262586.37699999997858, 524717.23499999998603 ], [ 262656.358, 524817.258000000030734 ], [ 262743.943000000028405, 524919.022 ], [ 262800.215000000025611, 525000.0 ], [ 262832.918, 525067.491999999969266 ], [ 262854.707, 525140.677999999956228 ], [ 262865.055999999982305, 525204.106000000028871 ], [ 262957.62, 525203.042999999946915 ], [ 262971.489, 525506.055000000051223 ], [ 262978.908999999985099, 525505.70499999995809 ], [ 262979.776000000012573, 525523.684 ], [ 263042.115, 526604.069000000017695 ], [ 264114.669999999983702, 526554.687000000034459 ], [ 264061.853, 525454.180000000051223 ], [ 264371.211000000010245, 525439.011000000056811 ], [ 264413.50099999998929, 526328.268000000040047 ], [ 264512.450000000011642, 526323.552000000025146 ], [ 264513.50099999998929, 526345.677000000025146 ], [ 264550.354, 526343.577000000048429 ], [ 264564.150000000023283, 526342.584000000031665 ], [ 264583.288, 526341.569000000017695 ], [ 264613.362000000022817, 526340.359000000054948 ], [ 264612.652, 526325.17000000004191 ], [ 264612.370999999984633, 526319.155999999959022 ], [ 264648.756, 526317.412000000011176 ], [ 264702.517999999981839, 526315.145999999949709 ], [ 264712.028, 526314.738000000012107 ], [ 264741.615999999979977, 526313.46999999997206 ], [ 264812.577, 526310.626000000047497 ], [ 264819.38, 526310.353 ], [ 264869.707999999984168, 526307.030999999959022 ], [ 264910.506, 526304.866999999969266 ], [ 264912.96999999997206, 526304.326 ], [ 264963.555999999982305, 526302.604000000050291 ], [ 265012.238000000012107, 526300.545999999972992 ], [ 265013.979, 526300.473 ], [ 265065.559, 526297.694999999948777 ], [ 265100.244, 526295.09499999997206 ], [ 265111.935999999986961, 526294.412000000011176 ], [ 265116.718999999982771, 526294.131000000052154 ], [ 265124.058000000019092, 526294.535999999963678 ], [ 265137.98599999997532, 526294.155999999959022 ], [ 265168.967, 526292.792999999946915 ], [ 265184.536000000021886, 526291.788999999989755 ], [ 265195.254000000015367, 526291.557999999960884 ], [ 265225.955000000016298, 526289.456 ], [ 265249.0, 526288.674 ], [ 265251.582, 526288.577999999979511 ], [ 265305.511, 526285.596000000019558 ], [ 265311.813000000023749, 526285.354999999981374 ], [ 265311.728, 526283.584999999962747 ], [ 265298.255, 526000.0 ], [ 265265.288999999989755, 525306.148999999975786 ], [ 265265.039999999979045, 525288.787999999942258 ], [ 265305.854999999981374, 525286.854999999981374 ], [ 265364.93, 525284.091999999945983 ], [ 265464.778999999980442, 525279.420999999972992 ], [ 265471.816, 525279.094000000040978 ], [ 265504.270000000018626, 525277.48699999996461 ], [ 265524.215000000025611, 525276.84699999995064 ], [ 265564.473, 525277.481000000028871 ], [ 265564.706, 525276.36199999996461 ], [ 265566.102000000013504, 525276.498999999952503 ], [ 265579.821, 525277.491000000038184 ], [ 265588.81, 525278.275000000023283 ], [ 265602.045999999972992, 525280.042000000015832 ], [ 265610.354, 525281.441 ], [ 265619.69, 525282.881000000052154 ], [ 265626.23599999997532, 525284.322999999974854 ], [ 265632.15500000002794, 525285.474999999976717 ], [ 265646.342, 525288.712999999988824 ], [ 265654.493000000016764, 525290.87 ], [ 265670.099999999976717, 525295.032 ], [ 265685.813000000023749, 525300.025999999954365 ], [ 265687.843, 525300.462000000057742 ], [ 265703.868000000016764, 525305.824000000022352 ], [ 265721.777, 525312.136000000056811 ], [ 265738.272999999986496, 525318.147 ], [ 265752.044999999983702, 525323.277 ], [ 265757.48499999998603, 525325.331 ], [ 265768.007999999972526, 525329.108 ], [ 265771.637999999977183, 525330.20499999995809 ], [ 265782.351000000024214, 525333.582000000053085 ], [ 265794.893999999971129, 525337.398000000044703 ], [ 265815.041000000026543, 525342.214999999967404 ], [ 265826.744, 525344.87 ], [ 265850.559, 525349.709999999962747 ], [ 265858.935999999986961, 525351.01500000001397 ], [ 265859.222, 525351.060000000055879 ], [ 265852.169, 525251.300000000046566 ], [ 265851.951, 525250.447000000043772 ], [ 265851.466000000014901, 525248.709999999962747 ], [ 265846.305, 525169.005 ], [ 265830.87300000002142, 525169.76 ], [ 265759.976000000024214, 525172.966999999945983 ], [ 265751.614, 525000.0 ], [ 265716.461000000010245, 524274.291000000026543 ], [ 265816.340000000025611, 524269.386999999987893 ], [ 265807.074000000022352, 524069.109 ], [ 265804.533999999985099, 523999.957 ], [ 265802.447999999974854, 523969.115999999979977 ], [ 265793.157, 523769.229999999981374 ], [ 265788.577, 523669.337 ], [ 265783.955000000016298, 523569.444000000017695 ], [ 265779.332999999984168, 523469.550999999977648 ], [ 265775.007999999972526, 523376.445 ], [ 265774.768999999971129, 523369.958999999973457 ], [ 265774.238000000012107, 523356.934 ], [ 265226.483, 523384.811999999976251 ], [ 265226.19, 523344.354999999981374 ], [ 265226.175999999977648, 523342.327999999979511 ], [ 265226.081, 523323.473999999987427 ], [ 265226.017999999981839, 523320.538999999989755 ], [ 265219.929, 522475.852000000013504 ], [ 265045.770000000018626, 522484.63 ], [ 264848.037000000011176, 522494.51400000002468 ], [ 264848.038, 522494.528 ], [ 264671.39000000001397, 522503.37 ], [ 264290.770000000018626, 522522.76 ], [ 264242.351000000024214, 522525.23499999998603 ], [ 264000.0, 522537.62300000002142 ], [ 263928.472, 522541.278999999980442 ], [ 263919.484, 522541.738000000012107 ], [ 263918.460000000020955, 522541.789999999979045 ], [ 263820.23499999998603, 522546.693000000028405 ], [ 263783.705000000016298, 522548.612000000022817 ], [ 263310.813000000023749, 522572.196999999985565 ], [ 263287.659999999974389, 522573.316999999980908 ], [ 262416.356000000028871, 522617.310999999986961 ], [ 262412.761, 522617.493000000016764 ], [ 262389.178000000014435, 522618.658 ], [ 262385.944000000017695, 522618.818000000028405 ], [ 262263.867000000027474, 522624.862000000022817 ], [ 262254.754000000015367, 522625.310999999986961 ], [ 262249.429, 522625.572999999974854 ], [ 262238.824000000022352, 522626.09499999997206 ], [ 262143.69, 522630.78000000002794 ], [ 262070.37, 522634.450000000011642 ], [ 261864.43, 522644.669999999983702 ], [ 261740.85, 522650.75 ], [ 261565.980000000010477, 522659.36099999997532 ], [ 261348.391, 522670.076 ], [ 261338.419, 522670.566999999980908 ], [ 261337.907, 522678.979 ], [ 261338.128, 522684.18 ], [ 261355.718, 523097.598999999987427 ], [ 261379.549999999988358, 523598.483 ], [ 261379.948, 523606.919999999983702 ], [ 261382.987, 523671.37400000001071 ], [ 261382.483, 523671.821 ], [ 261381.847, 523672.556999999971595 ], [ 261381.141, 523673.416000000026543 ], [ 261380.388, 523674.759000000020023 ], [ 261379.865, 523676.277 ], [ 261379.405999999988126, 523678.07 ], [ 261378.622, 523681.821 ], [ 261378.131, 523683.941 ], [ 261377.519999999989523, 523685.924 ], [ 261376.932, 523687.776000000012573 ], [ 261376.391, 523689.968 ], [ 261375.942000000010012, 523692.161000000021886 ], [ 261375.571, 523694.436999999976251 ], [ 261375.294, 523696.898999999975786 ], [ 261375.149, 523699.387999999977183 ], [ 261375.136, 523701.731000000028871 ], [ 261375.215, 523704.436999999976251 ], [ 261375.234, 523706.941 ], [ 261375.477000000013504, 523710.457999999984168 ], [ 261375.836000000010245, 523714.28000000002794 ], [ 261376.074, 523718.543 ], [ 261378.481999999989057, 523777.962999999988824 ], [ 261381.234, 523845.895000000018626 ], [ 261382.685, 523877.946999999985565 ], [ 261386.905, 523971.090000000025611 ], [ 261387.277, 523978.24 ], [ 261388.408, 524000.0 ], [ 261388.734, 524006.275000000023283 ], [ 261389.6, 524028.744 ], [ 261390.434, 524046.835000000020955 ], [ 261391.136, 524057.955000000016298 ], [ 261391.347, 524062.963999999978114 ], [ 261391.142, 524066.202999999979511 ], [ 261396.508, 524177.733 ], [ 261401.298, 524277.286000000021886 ], [ 261406.105000000010477, 524377.17000000004191 ], [ 261409.437, 524446.415000000037253 ], [ 261409.496000000013737, 524449.544 ], [ 261409.533, 524450.457000000053085 ], [ 261409.538, 524451.363000000012107 ], [ 261410.443999999988591, 524478.537999999942258 ], [ 261410.524, 524484.253999999957159 ], [ 261410.829, 524491.047999999951571 ], [ 261411.144999999989523, 524497.185000000055879 ], [ 261411.563, 524506.675000000046566 ], [ 261424.046, 524776.662999999942258 ], [ 261428.464, 524862.473 ], [ 261429.256, 524877.108 ], [ 261434.699, 524977.675000000046566 ], [ 261444.071, 524977.223 ], [ 261445.101, 525000.0 ], [ 261448.582, 525076.952000000048429 ], [ 261348.696999999985565, 525081.76 ], [ 261353.214, 525181.62300000002142 ], [ 261357.733, 525281.523000000044703 ], [ 261362.32, 525382.939999999944121 ], [ 261299.581, 525385.912000000011176 ], [ 261275.670000000012806, 525387.04500000004191 ], [ 261252.263, 525388.15500000002794 ], [ 261269.443, 525519.804 ], [ 261266.954, 525520.09699999995064 ], [ 261262.399, 525522.101000000024214 ], [ 261257.276000000012573, 525524.204000000027008 ], [ 261253.215999999985797, 525525.816 ], [ 261247.896, 525527.763999999966472 ], [ 261238.987, 525529.326 ], [ 261232.276000000012573, 525530.5 ], [ 261224.211000000010245, 525531.451 ], [ 261218.278, 525532.349999999976717 ], [ 261188.41, 525536.26 ], [ 261184.272, 525536.785000000032596 ], [ 261180.621000000013737, 525537.515999999945052 ], [ 261127.769, 525544.09699999995064 ], [ 261037.327, 525555.765999999945052 ], [ 260986.670000000012806, 525562.356000000028871 ], [ 260988.295000000012806, 525576.060999999986961 ], [ 260958.309, 525584.734000000054948 ], [ 260892.776000000012573, 525593.118000000016764 ], [ 260886.016, 525593.962999999988824 ], [ 260882.044, 525594.46999999997206 ], [ 260857.962, 525597.511999999987893 ], [ 260860.502, 525598.116000000038184 ], [ 260862.643000000010943, 525599.986000000033528 ], [ 260863.883, 525602.822000000043772 ], [ 260864.731, 525605.706 ], [ 260868.304, 525633.979000000050291 ], [ 260874.552, 525687.057000000029802 ], [ 260876.727000000013504, 525704.800999999977648 ], [ 260896.532, 525866.398000000044703 ], [ 260902.964, 525926.375 ], [ 261224.13, 526213.827000000048429 ], [ 261034.457, 526435.011000000056811 ], [ 261217.206, 526607.084999999962747 ], [ 261185.642, 526650.209000000031665 ], [ 261037.147999999986496, 526808.430000000051223 ], [ 260980.586000000010245, 526868.758999999961816 ], [ 261121.056000000011409, 527000.0 ], [ 261584.918, 527433.310999999986961 ], [ 261584.931000000011409, 527433.322999999974854 ], [ 261813.044, 527197.307999999960884 ], [ 261791.346, 527176.902 ], [ 261942.307, 527016.576 ], [ 261937.14000000001397, 526910.65500000002794 ], [ 261781.818999999988591, 526770.28000000002794 ], [ 261833.777, 526714.582000000053085 ], [ 261791.65, 525962.375 ], [ 261582.170000000012806, 525971.873999999952503 ] ] ], [ [ [ 265382.478, 526406.158999999985099 ], [ 265327.170999999972992, 526408.800000000046566 ], [ 265324.552000000025146, 526408.856000000028871 ], [ 265318.25099999998929, 526409.172999999951571 ], [ 265312.628000000026077, 526409.45499999995809 ], [ 265121.56, 526418.194999999948777 ], [ 265118.577, 526418.457999999984168 ], [ 265110.893999999971129, 526419.133999999961816 ], [ 265018.006999999983236, 526422.496000000042841 ], [ 265017.478, 526411.991000000038184 ], [ 264916.886999999987893, 526416.773999999975786 ], [ 264816.973, 526421.523999999975786 ], [ 264817.153, 526425.025999999954365 ], [ 264791.003000000026077, 526426.228 ], [ 264723.473, 526430.052999999956228 ], [ 264712.744, 526430.066 ], [ 264617.766, 526434.898999999975786 ], [ 264617.613000000012107, 526431.258000000030734 ], [ 264517.434, 526436.233 ], [ 264518.298, 526448.621999999973923 ], [ 264325.229999999981374, 526458.251000000047497 ], [ 264349.739, 526952.074999999953434 ], [ 265442.354, 526905.98699999996461 ], [ 265418.117000000027474, 526404.337999999988824 ], [ 265382.478, 526406.158999999985099 ] ] ], [ [ [ 265402.365999999979977, 528532.383999999961816 ], [ 265636.407, 528517.17000000004191 ], [ 265685.365, 528512.85999999998603 ], [ 265734.62699999997858, 528507.57999999995809 ], [ 265782.695, 528501.07999999995809 ], [ 265833.284999999974389, 528492.87 ], [ 265881.495, 528483.87 ], [ 265928.275000000023283, 528474.650000000023283 ], [ 265931.466000000014901, 528472.365 ], [ 265930.945, 528451.61199999996461 ], [ 265929.531000000017229, 528376.236000000033528 ], [ 266000.017, 528372.957999999984168 ], [ 266262.452999999979511, 528360.753000000026077 ], [ 266287.816999999980908, 528346.53000000002794 ], [ 266309.617000000027474, 528329.979999999981374 ], [ 266350.237000000022817, 528271.229999999981374 ], [ 266411.117000000027474, 528179.709999999962747 ], [ 266414.962, 528175.679 ], [ 266418.058000000019092, 528152.356999999959953 ], [ 266439.397999999986496, 528000.0 ], [ 266445.017999999981839, 527959.88 ], [ 266445.949000000022352, 527953.234000000054948 ], [ 266446.504000000015367, 527949.113000000012107 ], [ 266447.561999999976251, 527940.621000000042841 ], [ 266429.191, 527941.413999999989755 ], [ 266419.805, 527941.691 ], [ 266402.179, 527942.773999999975786 ], [ 266397.191999999980908, 527942.927000000025146 ], [ 266393.977000000013504, 527942.741999999969266 ], [ 266392.71999999997206, 527942.547999999951571 ], [ 266385.560999999986961, 527939.547000000020489 ], [ 266379.597, 527938.87300000002142 ], [ 266368.330000000016298, 527939.530999999959022 ], [ 266336.036000000021886, 527940.567000000039116 ], [ 266282.782, 527943.393000000040047 ], [ 266225.968, 527946.317000000039116 ], [ 266186.707, 527947.576 ], [ 266164.767, 527948.40500000002794 ], [ 266152.963999999978114, 527949.022 ], [ 266146.919999999983702, 527949.393000000040047 ], [ 266146.337999999988824, 527949.601000000024214 ], [ 266125.336000000010245, 527950.71999999997206 ], [ 266061.86099999997532, 527953.961000000010245 ], [ 266010.973, 527956.037000000011176 ], [ 266000.0, 527956.579000000027008 ], [ 265999.852000000013504, 527956.586000000010245 ], [ 265952.994, 527958.900999999954365 ], [ 265895.449000000022352, 527961.890999999945052 ], [ 265836.596000000019558, 527964.915999999968335 ], [ 265779.23499999998603, 527967.337999999988824 ], [ 265713.272, 527970.025999999954365 ], [ 265669.88, 527972.359000000054948 ], [ 265625.517, 527974.287000000011176 ], [ 265593.558000000019092, 527975.917000000015832 ], [ 265584.349999999976717, 527784.996999999973923 ], [ 265575.544, 527592.890999999945052 ], [ 264241.864, 527649.147 ], [ 264249.26, 527824.486000000033528 ], [ 264017.043, 527834.280999999959022 ], [ 264027.262999999977183, 528058.893999999971129 ], [ 263882.994, 528065.569000000017695 ], [ 263892.207999999984168, 528265.807000000029802 ], [ 263717.053000000014435, 528274.591000000014901 ], [ 263722.977000000013504, 528676.587000000057742 ], [ 265405.550999999977648, 528595.314999999944121 ], [ 265402.365999999979977, 528532.383999999961816 ] ] ], [ [ [ 263533.300999999977648, 528728.476999999955297 ], [ 263418.401000000012573, 528734.954000000027008 ], [ 263418.571, 528738.305000000051223 ], [ 263218.156000000017229, 528746.261000000056811 ], [ 263250.326, 528765.689000000013039 ], [ 263243.00199999997858, 528798.07999999995809 ], [ 263240.761, 528798.185999999986961 ], [ 263234.829000000027008, 528825.15500000002794 ], [ 263231.156000000017229, 528843.209999999962747 ], [ 263227.277, 528860.116999999969266 ], [ 263224.12300000002142, 528875.837000000057742 ], [ 263219.678000000014435, 528895.189000000013039 ], [ 263217.256999999983236, 528905.848 ], [ 263216.033999999985099, 528913.059 ], [ 263213.87400000001071, 528923.457999999984168 ], [ 263213.158999999985099, 528927.658999999985099 ], [ 263211.777, 528926.832999999984168 ], [ 263211.466000000014901, 528928.660999999963678 ], [ 263210.511999999987893, 528934.089999999967404 ], [ 263207.707999999984168, 528947.88800000003539 ], [ 263204.712999999988824, 528961.309 ], [ 263201.468999999982771, 528976.849999999976717 ], [ 263197.596000000019558, 528994.228 ], [ 263196.327999999979511, 529000.0 ], [ 263193.924, 529010.939999999944121 ], [ 263191.493000000016764, 529024.995 ], [ 263187.556999999971595, 529042.890999999945052 ], [ 263184.56, 529056.464000000036322 ], [ 263182.359, 529067.733 ], [ 263180.99800000002142, 529073.961000000010245 ], [ 263180.712, 529075.268000000040047 ], [ 263180.151000000012573, 529079.165999999968335 ], [ 263177.392, 529092.594000000040978 ], [ 263174.810999999986961, 529105.621999999973923 ], [ 263173.338999999978114, 529112.34499999997206 ], [ 263172.5, 529115.645999999949709 ], [ 263170.936999999976251, 529122.506000000052154 ], [ 263167.688000000023749, 529137.332999999984168 ], [ 263163.13900000002468, 529158.459000000031665 ], [ 263157.331, 529185.106000000028871 ], [ 263153.631, 529201.98699999996461 ], [ 263152.244, 529208.417999999946915 ], [ 263153.675999999977648, 529208.99 ], [ 263153.294999999983702, 529210.785999999963678 ], [ 263150.738000000012107, 529223.763999999966472 ], [ 263146.060999999986961, 529245.152 ], [ 263143.457999999984168, 529257.42000000004191 ], [ 263142.098999999987427, 529256.606000000028871 ], [ 263141.565, 529259.062999999965541 ], [ 263137.836000000010245, 529277.023999999975786 ], [ 263133.891, 529296.932000000029802 ], [ 263132.744, 529302.14000000001397 ], [ 263134.101000000024214, 529302.951 ], [ 263133.941999999980908, 529303.675000000046566 ], [ 263132.18, 529312.444000000017695 ], [ 263129.375, 529325.187999999965541 ], [ 263126.080000000016298, 529339.991999999969266 ], [ 263124.663999999989755, 529346.807000000029802 ], [ 263123.577999999979511, 529352.03000000002794 ], [ 263120.74800000002142, 529365.128999999957159 ], [ 263118.571999999985565, 529374.998999999952503 ], [ 263115.330000000016298, 529390.898999999975786 ], [ 263114.517999999981839, 529390.413999999989755 ], [ 263106.053000000014435, 529426.258000000030734 ], [ 263102.924, 529439.508000000030734 ], [ 263097.913999999989755, 529464.294 ], [ 263090.651000000012573, 529499.525999999954365 ], [ 263088.525000000023283, 529507.712999999988824 ], [ 263087.028999999980442, 529514.337000000057742 ], [ 263098.283999999985099, 529512.615 ], [ 263169.393999999971129, 529507.397 ], [ 263195.791000000026543, 529505.650999999954365 ], [ 263219.734, 529504.46999999997206 ], [ 263237.968999999982771, 529503.38800000003539 ], [ 263262.169999999983702, 529502.128999999957159 ], [ 263288.359, 529500.893000000040047 ], [ 263318.865, 529499.15300000004936 ], [ 263336.151000000012573, 529498.022 ], [ 263338.983, 529498.01 ], [ 263341.23599999997532, 529498.432000000029802 ], [ 263342.950000000011642, 529498.925000000046566 ], [ 263344.183000000019092, 529498.979999999981374 ], [ 263345.196999999985565, 529498.746999999973923 ], [ 263346.913999999989755, 529498.474999999976717 ], [ 263355.064000000013039, 529497.875 ], [ 263363.162000000011176, 529497.5 ], [ 263372.577999999979511, 529497.020000000018626 ], [ 263374.346000000019558, 529496.930000000051223 ], [ 263377.367000000027474, 529496.525999999954365 ], [ 263388.308000000019092, 529496.177999999956228 ], [ 263393.006999999983236, 529496.297999999951571 ], [ 263396.612000000022817, 529496.174 ], [ 263399.903, 529495.809 ], [ 263407.615999999979977, 529494.84699999995064 ], [ 263413.424, 529494.307999999960884 ], [ 263418.881999999983236, 529493.719000000040978 ], [ 263424.792000000015832, 529493.189999999944121 ], [ 263434.09499999997206, 529492.63 ], [ 263442.862000000022817, 529492.020999999949709 ], [ 263446.896, 529491.716000000014901 ], [ 263448.757999999972526, 529491.73699999996461 ], [ 263452.069000000017695, 529491.981999999959953 ], [ 263452.962999999988824, 529492.040999999968335 ], [ 263455.246999999973923, 529492.050000000046566 ], [ 263457.507999999972526, 529492.018999999971129 ], [ 263459.909999999974389, 529491.834000000031665 ], [ 263464.75099999998929, 529491.564000000013039 ], [ 263471.039999999979045, 529491.228 ], [ 263482.783999999985099, 529490.508999999961816 ], [ 263492.294999999983702, 529490.108 ], [ 263508.956, 529489.133000000030734 ], [ 263523.90500000002794, 529488.307000000029802 ], [ 263538.104999999981374, 529487.817000000039116 ], [ 263539.085000000020955, 529487.90500000002794 ], [ 263540.48599999997532, 529488.192000000039116 ], [ 263542.186999999976251, 529488.292999999946915 ], [ 263544.48599999997532, 529488.155999999959022 ], [ 263552.441999999980908, 529487.761999999987893 ], [ 263557.99900000001071, 529487.356000000028871 ], [ 263562.772999999986496, 529486.927000000025146 ], [ 263568.406000000017229, 529486.15300000004936 ], [ 263573.490999999979977, 529485.525999999954365 ], [ 263575.759000000020023, 529485.5 ], [ 263577.092, 529485.62 ], [ 263578.62300000002142, 529485.795999999972992 ], [ 263580.329000000027008, 529485.768999999971129 ], [ 263587.239, 529488.790000000037253 ], [ 263607.958999999973457, 529497.525000000023283 ], [ 263615.952, 529493.804 ], [ 263620.077999999979511, 529492.030999999959022 ], [ 263623.097, 529490.881999999983236 ], [ 263626.862000000022817, 529489.817000000039116 ], [ 263630.191, 529488.927000000025146 ], [ 263632.606000000028871, 529488.417999999946915 ], [ 263635.283999999985099, 529488.07999999995809 ], [ 263638.362000000022817, 529487.755 ], [ 263643.222, 529487.733 ], [ 263646.930999999982305, 529487.733 ], [ 263654.256999999983236, 529487.268000000040047 ], [ 263668.347, 529486.375 ], [ 263691.363000000012107, 529485.145000000018626 ], [ 263708.974999999976717, 529484.332000000053085 ], [ 263718.829000000027008, 529483.810000000055879 ], [ 263727.53000000002794, 529483.682999999960884 ], [ 263733.767, 529483.542999999946915 ], [ 263774.488000000012107, 529488.135 ], [ 263722.977000000013504, 528676.587000000057742 ], [ 263697.694000000017695, 528714.976000000024214 ], [ 263533.300999999977648, 528728.476999999955297 ] ] ] ] } },
{ "type": "Feature", "properties": { "buurtcode": "BU01140900", "buurtnaam": "Zwartemeer-Centrum", "pc6_codes": "7894AA, 7894AB, 7894AC, 7894AD, 7894AE, 7894AG, 7894AH, 7894AJ, 7894AK, 7894AL, 7894AM, 7894AN, 7894AV, 7894AW, 7894AX, 7894AZ, 7894BA, 7894BB, 7894BC, 7894BD, 7894BE, 7894BG, 7894BH, 7894BJ, 7894BK, 7894BL, 7894BM, 7894BN, 7894BP, 7894BR, 7894BS, 7894BT, 7894BV, 7894BW, 7894BX, 7894BZ, 7894CC, 7894CH, 7894CJ, 7894CK, 7894CL, 7894CM, 7894CN, 7894CP, 7894CR, 7894CS, 7894CV, 7894CX, 7894CZ, 7894DA, 7894DB, 7894DC, 7894DD, 7894DE, 7894DG, 7894DH, 7894DJ, 7894DK, 7894DL, 7894DM, 7894DP, 7894DR, 7894EA, 7894EB, 7894EE, 7894EG, 7894EH, 7894EJ, 7894EK, 7894EL, 7894EM, 7894EN, 7894EP, 7894ES, 7894ET, 7894EV, 7894EW, 7894GA, 7894GB, 7894LN, 7894LR", "wijkcode": "WK011409", "gemeentecode": "GM0114", "gemeentenaam": "Emmen", "oppervlakteLandInHa": 246, "AantalInwoners_5": 2815, "Mannen_6": 1440, "Vrouwen_7": 1380, "HuishoudensTotaal_29": 1200, "GemiddeldeHuishoudensgrootte_33": 2.3, "Woningvoorraad_35": 1214, "NieuwbouwWoningen_36": 5, "NietWoningvoorraad_37": 62, "NieuwbouwNietWoningen_38": 0, "GemiddeldeWOZWaardeVanWoningen_39": 228, "PercentageEengezinswoning_40": 95, "PercentageTussenwoningEengezins_41": 16, "PercentageHoekwoningEengezins_42": 11, "PercentageTweeOnderEenKapWoningEe_43": 35, "PercentageVrijstaandeWoningEengezins_44": 34, "PercentageMeergezinswoning_45": 5, "Koopwoningen_47": 70, "HuurwoningenTotaal_48": 30, "InBezitWoningcorporatie_49": 26, "InBezitOverigeVerhuurders_50": 4, "BouwjaarMeerDanTienJaarGeleden_51": 96, "BouwjaarAfgelopenTienJaar_52": 4, "GemiddeldeElektriciteitslevering_53": 3200, "GemiddeldeElektriciteitsteruglevering_54": 1210, "GemiddeldAardgasverbruik_55": 1080, "AardgasvrijeWoningen_57": 5, "Aardgaswoningen_58": 88, "WoningenMetZonnestroom_59": 48, "WoningenHoofdzElektrVerwarmd_60": 11, "k_20PersonenMetHoogsteInkomen_80": 10.0, "k_20HuishoudensMetHoogsteInkomen_85": 14.9, "MediaanVermogenVanParticuliereHuish_86": 82.5, "PersonenautoSTotaal_104": 1655, "PersonenautoSBrandstofBenzine_105": 1395, "PersonenautoSOverigeBrandstof_106": 260, "PersonenautoSPerHuishouden_107": 1.4, "Omgevingsadressendichtheid_121": 344, "AantalInstallatiesBijWoningen_5": 338, "OpgesteldVermogenVanZonnepanelen_6": 1591, "installaties_per_woning": 0.2784184514003295, "vermogen_per_woning": 1.3105436573311366, "installaties_per_100_woningen": 27.841845140032952, "vermogen_per_huishouden": 1.3258333333333334, "batterijdruk_score": 580.8, "koop_zon_score": 0.336, "eengezins_zon_score": 0.456, "betaalkracht_zon_score": 39.6, "overige_brandstof_zon_score": 124.8, "lichte_batterij_kansscore": 0.46550819557348005 }, "geometry": { "type": "MultiPolygon", "coordinates": [ [ [ [ 265418.107000000018161, 528594.699000000022352 ], [ 265435.711000000010245, 528593.888999999966472 ], [ 265527.288999999989755, 528589.677000000025146 ], [ 266000.017, 528567.927999999956228 ], [ 266138.906000000017229, 528561.648999999975786 ], [ 266322.329000000027008, 528469.907 ], [ 266331.12699999997858, 528450.040999999968335 ], [ 266334.728, 528441.930999999982305 ], [ 266344.686999999976251, 528418.038999999989755 ], [ 266353.992000000027474, 528395.716999999945983 ], [ 266356.636999999987893, 528391.206 ], [ 266357.887999999977183, 528389.826 ], [ 266378.34499999997206, 528380.15500000002794 ], [ 266400.081, 528381.63800000003539 ], [ 266412.702999999979511, 528384.055999999982305 ], [ 266421.12699999997858, 528386.535999999963678 ], [ 266430.767999999981839, 528389.375 ], [ 266450.863000000012107, 528396.452999999979511 ], [ 266470.799, 528403.383000000030734 ], [ 266482.781000000017229, 528407.104000000050291 ], [ 266495.136999999987893, 528410.331 ], [ 266501.071999999985565, 528411.37699999997858 ], [ 266504.818000000028405, 528412.037000000011176 ], [ 266513.971000000019558, 528412.535000000032596 ], [ 266527.277, 528412.133000000030734 ], [ 266534.99900000001071, 528411.307000000029802 ], [ 266543.458999999973457, 528409.633000000030734 ], [ 266552.24, 528407.376000000047497 ], [ 266559.381, 528405.430000000051223 ], [ 266594.052000000025146, 528394.216000000014901 ], [ 266599.617000000027474, 528392.582999999984168 ], [ 266605.21999999997206, 528391.395000000018626 ], [ 266623.385, 528389.179 ], [ 266625.543, 528388.915999999968335 ], [ 266626.231000000028871, 528414.256000000052154 ], [ 266627.12699999997858, 528448.104999999981374 ], [ 266627.396, 528458.253999999957159 ], [ 266626.38, 528458.226000000024214 ], [ 266629.275000000023283, 528563.84699999995064 ], [ 266678.908999999985099, 528566.925999999977648 ], [ 266687.022, 528567.307999999960884 ], [ 266687.653999999980442, 528567.337999999988824 ], [ 266720.243000000016764, 528568.871000000042841 ], [ 266822.031000000017229, 528573.662000000011176 ], [ 266816.938000000023749, 528372.711000000010245 ], [ 266775.867000000027474, 528370.761999999987893 ], [ 266727.99, 528368.49 ], [ 266694.038, 528378.15300000004936 ], [ 266693.732000000018161, 528350.334000000031665 ], [ 266686.324000000022352, 528322.199999999953434 ], [ 266685.857000000018161, 528299.538999999989755 ], [ 266685.407, 528277.611000000033528 ], [ 266684.71999999997206, 528244.126000000047497 ], [ 266750.726000000024214, 528213.147 ], [ 266826.718999999982771, 528172.106000000028871 ], [ 267148.24, 528000.0 ], [ 267321.25, 527907.39000000001397 ], [ 267339.69, 527897.03000000002794 ], [ 267351.53000000002794, 527890.270000000018626 ], [ 267360.07, 527885.0 ], [ 267375.799999999988358, 527875.729999999981374 ], [ 267382.88, 527872.0 ], [ 267389.26, 527869.38 ], [ 267395.18, 527867.930000000051223 ], [ 267466.950000000011642, 527869.268000000040047 ], [ 267469.419999999983702, 527870.091000000014901 ], [ 267479.064000000013039, 527870.182000000029802 ], [ 267486.870999999984633, 527869.915000000037253 ], [ 267489.11099999997532, 527868.640999999945052 ], [ 267490.212, 527866.606999999959953 ], [ 267489.989, 527827.272 ], [ 267495.89000000001397, 527824.270000000018626 ], [ 267507.561999999976251, 527818.341000000014901 ], [ 267518.082, 527812.996999999973923 ], [ 267622.35999999998603, 527760.03000000002794 ], [ 267624.468, 527760.202999999979511 ], [ 267637.287000000011176, 527753.663999999989755 ], [ 267649.74800000002142, 527747.307999999960884 ], [ 267691.620999999984633, 527725.947999999974854 ], [ 267754.425999999977648, 527694.62 ], [ 267852.892999999981839, 527646.111000000033528 ], [ 267888.609, 527628.826 ], [ 267917.919, 527616.21999999997206 ], [ 267930.704000000027008, 527610.589999999967404 ], [ 267943.674999999988358, 527605.006000000052154 ], [ 267931.157, 527173.493000000016764 ], [ 267466.601000000024214, 527194.49800000002142 ], [ 267458.978, 526893.702000000048429 ], [ 267289.204000000027008, 526902.011000000056811 ], [ 267255.408, 526213.334000000031665 ], [ 266811.433000000019092, 526234.685000000055879 ], [ 266511.830000000016298, 526249.093 ], [ 266535.12400000001071, 526705.136000000056811 ], [ 266434.337999999988824, 526710.302999999956228 ], [ 266440.782, 526840.993000000016764 ], [ 266147.14000000001397, 526854.697000000043772 ], [ 266163.098999999987427, 527166.069000000017695 ], [ 265932.857000000018161, 527181.253999999957159 ], [ 265941.927000000025146, 527359.780999999959022 ], [ 265818.69, 527363.63 ], [ 265831.027, 527464.898999999975786 ], [ 266248.341000000014901, 527444.643999999971129 ], [ 266248.841000000014901, 527454.121000000042841 ], [ 266248.901000000012573, 527455.263999999966472 ], [ 266250.183000000019092, 527455.202999999979511 ], [ 266250.990999999979977, 527474.241000000038184 ], [ 266251.011, 527474.718 ], [ 266252.085000000020955, 527500.0 ], [ 266254.458999999973457, 527555.90500000002794 ], [ 266274.288, 527554.993000000016764 ], [ 266294.267, 527554.074000000022352 ], [ 266314.245999999984633, 527553.153999999980442 ], [ 266326.183000000019092, 527552.604999999981374 ], [ 266338.21999999997206, 527552.050999999977648 ], [ 266354.34499999997206, 527551.309 ], [ 266374.324000000022352, 527550.39000000001397 ], [ 266379.651000000012573, 527664.042999999946915 ], [ 266392.71999999997206, 527942.547999999951571 ], [ 266393.977000000013504, 527942.741999999969266 ], [ 266397.191999999980908, 527942.927000000025146 ], [ 266402.179, 527942.773999999975786 ], [ 266419.805, 527941.691 ], [ 266429.191, 527941.413999999989755 ], [ 266447.561999999976251, 527940.621000000042841 ], [ 266446.504000000015367, 527949.113000000012107 ], [ 266445.949000000022352, 527953.234000000054948 ], [ 266445.017999999981839, 527959.88 ], [ 266439.397999999986496, 528000.0 ], [ 266418.058000000019092, 528152.356999999959953 ], [ 266414.962, 528175.679 ], [ 266411.117000000027474, 528179.709999999962747 ], [ 266350.237000000022817, 528271.229999999981374 ], [ 266309.617000000027474, 528329.979999999981374 ], [ 266287.816999999980908, 528346.53000000002794 ], [ 266262.452999999979511, 528360.753000000026077 ], [ 266000.017, 528372.957999999984168 ], [ 265929.531000000017229, 528376.236000000033528 ], [ 265930.945, 528451.61199999996461 ], [ 265931.466000000014901, 528472.365 ], [ 265928.275000000023283, 528474.650000000023283 ], [ 265881.495, 528483.87 ], [ 265833.284999999974389, 528492.87 ], [ 265782.695, 528501.07999999995809 ], [ 265734.62699999997858, 528507.57999999995809 ], [ 265685.365, 528512.85999999998603 ], [ 265636.407, 528517.17000000004191 ], [ 265402.365999999979977, 528532.383999999961816 ], [ 265405.550999999977648, 528595.314999999944121 ], [ 265418.107000000018161, 528594.699000000022352 ] ] ] ] } },
{ "type": "Feature", "properties": { "buurtcode": "BU01140901", "buurtnaam": "Kamerlingswijk", "pc6_codes": "7894AJ, 7894AN, 7894AP, 7894AR, 7894AS, 7894AT", "wijkcode": "WK011409", "gemeentecode": "GM0114", "gemeentenaam": "Emmen", "oppervlakteLandInHa": 45, "AantalInwoners_5": 205, "Mannen_6": 110, "Vrouwen_7": 95, "HuishoudensTotaal_29": 80, "GemiddeldeHuishoudensgrootte_33": 2.6, "Woningvoorraad_35": 78, "NieuwbouwWoningen_36": 0, "NietWoningvoorraad_37": 9, "NieuwbouwNietWoningen_38": 0, "GemiddeldeWOZWaardeVanWoningen_39": 304, "PercentageEengezinswoning_40": 100, "PercentageTussenwoningEengezins_41": 5, "PercentageHoekwoningEengezins_42": 3, "PercentageTweeOnderEenKapWoningEe_43": 13, "PercentageVrijstaandeWoningEengezins_44": 79, "PercentageMeergezinswoning_45": 0, "Koopwoningen_47": 97, "HuurwoningenTotaal_48": 3, "InBezitWoningcorporatie_49": 0, "InBezitOverigeVerhuurders_50": 3, "BouwjaarMeerDanTienJaarGeleden_51": 97, "BouwjaarAfgelopenTienJaar_52": 3, "GemiddeldeElektriciteitslevering_53": 3790, "GemiddeldeElektriciteitsteruglevering_54": 1480, "GemiddeldAardgasverbruik_55": 1300, "AardgasvrijeWoningen_57": null, "Aardgaswoningen_58": null, "WoningenMetZonnestroom_59": null, "WoningenHoofdzElektrVerwarmd_60": null, "k_20PersonenMetHoogsteInkomen_80": 13.8, "k_20HuishoudensMetHoogsteInkomen_85": null, "MediaanVermogenVanParticuliereHuish_86": null, "PersonenautoSTotaal_104": 125, "PersonenautoSBrandstofBenzine_105": 105, "PersonenautoSOverigeBrandstof_106": 25, "PersonenautoSPerHuishouden_107": 1.6, "Omgevingsadressendichtheid_121": 101, "AantalInstallatiesBijWoningen_5": 31, "OpgesteldVermogenVanZonnepanelen_6": 143, "installaties_per_woning": 0.39743589743589741, "vermogen_per_woning": 1.8333333333333333, "installaties_per_100_woningen": 39.743589743589745, "vermogen_per_huishouden": 1.7875, "batterijdruk_score": null, "koop_zon_score": null, "eengezins_zon_score": null, "betaalkracht_zon_score": null, "overige_brandstof_zon_score": null, "lichte_batterij_kansscore": null }, "geometry": { "type": "MultiPolygon", "coordinates": [ [ [ [ 267255.408, 526213.334000000031665 ], [ 267205.868000000016764, 525203.837000000057742 ], [ 266764.026000000012573, 525233.483 ], [ 266811.433000000019092, 526234.685000000055879 ], [ 267255.408, 526213.334000000031665 ] ] ] ] } },
{ "type": "Feature", "properties": { "buurtcode": "BU01140909", "buurtnaam": "Verspreide huizen Zwartemeer", "pc6_codes": "7894AH, 7894AJ, 7894CD, 7894CG, 7894EA", "wijkcode": "WK011409", "gemeentecode": "GM0114", "gemeentenaam": "Emmen", "oppervlakteLandInHa": 1035, "AantalInwoners_5": 60, "Mannen_6": 35, "Vrouwen_7": 25, "HuishoudensTotaal_29": 15, "GemiddeldeHuishoudensgrootte_33": 3.5, "Woningvoorraad_35": 18, "NieuwbouwWoningen_36": 0, "NietWoningvoorraad_37": 5, "NieuwbouwNietWoningen_38": 0, "GemiddeldeWOZWaardeVanWoningen_39": null, "PercentageEengezinswoning_40": null, "PercentageTussenwoningEengezins_41": null, "PercentageHoekwoningEengezins_42": null, "PercentageTweeOnderEenKapWoningEe_43": null, "PercentageVrijstaandeWoningEengezins_44": null, "PercentageMeergezinswoning_45": null, "Koopwoningen_47": null, "HuurwoningenTotaal_48": null, "InBezitWoningcorporatie_49": null, "InBezitOverigeVerhuurders_50": null, "BouwjaarMeerDanTienJaarGeleden_51": null, "BouwjaarAfgelopenTienJaar_52": null, "GemiddeldeElektriciteitslevering_53": 4050, "GemiddeldeElektriciteitsteruglevering_54": 2990, "GemiddeldAardgasverbruik_55": 1160, "AardgasvrijeWoningen_57": null, "Aardgaswoningen_58": null, "WoningenMetZonnestroom_59": null, "WoningenHoofdzElektrVerwarmd_60": null, "k_20PersonenMetHoogsteInkomen_80": null, "k_20HuishoudensMetHoogsteInkomen_85": null, "MediaanVermogenVanParticuliereHuish_86": null, "PersonenautoSTotaal_104": 25, "PersonenautoSBrandstofBenzine_105": 20, "PersonenautoSOverigeBrandstof_106": 5, "PersonenautoSPerHuishouden_107": null, "Omgevingsadressendichtheid_121": 208, "AantalInstallatiesBijWoningen_5": 6, "OpgesteldVermogenVanZonnepanelen_6": 45, "installaties_per_woning": 0.33333333333333331, "vermogen_per_woning": 2.5, "installaties_per_100_woningen": 33.333333333333329, "vermogen_per_huishouden": 3.0, "batterijdruk_score": null, "koop_zon_score": null, "eengezins_zon_score": null, "betaalkracht_zon_score": null, "overige_brandstof_zon_score": null, "lichte_batterij_kansscore": null }, "geometry": { "type": "MultiPolygon", "coordinates": [ [ [ [ 265625.517, 527974.287000000011176 ], [ 265669.88, 527972.359000000054948 ], [ 265713.272, 527970.025999999954365 ], [ 265779.23499999998603, 527967.337999999988824 ], [ 265836.596000000019558, 527964.915999999968335 ], [ 265895.449000000022352, 527961.890999999945052 ], [ 265952.994, 527958.900999999954365 ], [ 265999.852000000013504, 527956.586000000010245 ], [ 266000.0, 527956.579000000027008 ], [ 266010.973, 527956.037000000011176 ], [ 266061.86099999997532, 527953.961000000010245 ], [ 266125.336000000010245, 527950.71999999997206 ], [ 266146.337999999988824, 527949.601000000024214 ], [ 266146.919999999983702, 527949.393000000040047 ], [ 266152.963999999978114, 527949.022 ], [ 266164.767, 527948.40500000002794 ], [ 266186.707, 527947.576 ], [ 266225.968, 527946.317000000039116 ], [ 266282.782, 527943.393000000040047 ], [ 266336.036000000021886, 527940.567000000039116 ], [ 266368.330000000016298, 527939.530999999959022 ], [ 266379.597, 527938.87300000002142 ], [ 266385.560999999986961, 527939.547000000020489 ], [ 266392.71999999997206, 527942.547999999951571 ], [ 266379.651000000012573, 527664.042999999946915 ], [ 266374.324000000022352, 527550.39000000001397 ], [ 266354.34499999997206, 527551.309 ], [ 266338.21999999997206, 527552.050999999977648 ], [ 266326.183000000019092, 527552.604999999981374 ], [ 266314.245999999984633, 527553.153999999980442 ], [ 266294.267, 527554.074000000022352 ], [ 266274.288, 527554.993000000016764 ], [ 266254.458999999973457, 527555.90500000002794 ], [ 266252.085000000020955, 527500.0 ], [ 266251.011, 527474.718 ], [ 266250.990999999979977, 527474.241000000038184 ], [ 266250.183000000019092, 527455.202999999979511 ], [ 266248.901000000012573, 527455.263999999966472 ], [ 266248.841000000014901, 527454.121000000042841 ], [ 266248.341000000014901, 527444.643999999971129 ], [ 265831.027, 527464.898999999975786 ], [ 265818.69, 527363.63 ], [ 265941.927000000025146, 527359.780999999959022 ], [ 265932.857000000018161, 527181.253999999957159 ], [ 266163.098999999987427, 527166.069000000017695 ], [ 266147.14000000001397, 526854.697000000043772 ], [ 266440.782, 526840.993000000016764 ], [ 266434.337999999988824, 526710.302999999956228 ], [ 266535.12400000001071, 526705.136000000056811 ], [ 266511.830000000016298, 526249.093 ], [ 266811.433000000019092, 526234.685000000055879 ], [ 266764.026000000012573, 525233.483 ], [ 267205.868000000016764, 525203.837000000057742 ], [ 267255.408, 526213.334000000031665 ], [ 267289.204000000027008, 526902.011000000056811 ], [ 267458.978, 526893.702000000048429 ], [ 267466.601000000024214, 527194.49800000002142 ], [ 267931.157, 527173.493000000016764 ], [ 267943.674999999988358, 527605.006000000052154 ], [ 267951.147, 527601.788999999989755 ], [ 267978.24, 527590.947000000043772 ], [ 268000.0, 527582.554 ], [ 268014.24800000002142, 527577.133999999961816 ], [ 268068.685999999986961, 527555.23499999998603 ], [ 268103.206, 527541.234000000054948 ], [ 268126.847, 527531.483 ], [ 268138.795999999972992, 527526.912000000011176 ], [ 268144.28000000002794, 527525.294 ], [ 268147.989, 527524.785000000032596 ], [ 268289.6251, 527517.432000000029802 ], [ 268289.62300000002142, 527517.388999999966472 ], [ 268284.71999999997206, 527416.87 ], [ 268282.229999999981374, 527366.180000000051223 ], [ 268281.897999999986496, 527359.277 ], [ 268281.701, 527355.282 ], [ 268281.059, 527342.297999999951571 ], [ 268279.974999999976717, 527320.365 ], [ 268279.925999999977648, 527319.366000000038184 ], [ 268279.679, 527314.37 ], [ 268271.929, 527157.608 ], [ 268237.341000000014901, 526457.922000000020489 ], [ 268232.447999999974854, 526358.942999999970198 ], [ 268232.378000000026077, 526357.522 ], [ 268227.555999999982305, 526259.976000000024214 ], [ 268222.503000000026077, 526157.76500000001397 ], [ 268217.520000000018626, 526056.969000000040978 ], [ 268212.582999999984168, 525957.091000000014901 ], [ 268202.707999999984168, 525757.334999999962747 ], [ 268197.771, 525657.457000000053085 ], [ 268192.82, 525557.305999999982305 ], [ 268187.882999999972526, 525457.427999999956228 ], [ 268185.65500000002794, 525412.36199999996461 ], [ 268184.46999999997206, 525388.39000000001397 ], [ 268182.935999999986961, 525357.42000000004191 ], [ 268177.995999999984633, 525257.672999999951571 ], [ 268173.063000000023749, 525158.067999999970198 ], [ 268168.117000000027474, 525058.189999999944121 ], [ 268163.169999999983702, 524958.312000000034459 ], [ 268158.520000000018626, 524864.427000000025146 ], [ 268158.223, 524858.434 ], [ 268153.276000000012573, 524758.555999999982305 ], [ 268148.238000000012107, 524656.834999999962747 ], [ 268143.294, 524557.018999999971129 ], [ 268138.343999999982771, 524457.064000000013039 ], [ 268133.387999999977183, 524356.995 ], [ 268128.536000000021886, 524259.028999999980442 ], [ 268108.686999999976251, 523858.256999999983236 ], [ 268103.74, 523758.379000000015367 ], [ 268098.793, 523658.50099999998929 ], [ 268093.846000000019558, 523558.62300000002142 ], [ 268088.900000000023283, 523458.745 ], [ 268080.590000000025611, 523290.960000000020955 ], [ 268079.24, 523262.330000000016298 ], [ 268075.724999999976717, 523191.077 ], [ 268033.482100000022911, 522334.753000000026077 ], [ 267999.995999999984633, 522336.431999999971595 ], [ 267667.305999999982305, 522353.104 ], [ 267293.919999999983702, 522371.82 ], [ 266916.783999999985099, 522390.729 ], [ 266894.896, 522391.799 ], [ 266546.434, 522409.305999999982305 ], [ 266170.554, 522428.163 ], [ 266100.0, 522431.565 ], [ 266100.0, 522000.0 ], [ 266100.0, 521828.48599999997532 ], [ 266036.409999999974389, 521831.840000000025611 ], [ 266020.729, 521517.652 ], [ 265861.348999999987427, 521525.778999999980442 ], [ 265815.917000000015832, 521528.096000000019558 ], [ 265765.039999999979045, 521530.69 ], [ 265591.047000000020489, 521539.10999999998603 ], [ 265591.270000000018626, 521544.020000000018626 ], [ 265540.303000000014435, 521546.402 ], [ 265542.335000000020955, 521588.289999999979045 ], [ 265513.119, 521589.718999999982771 ], [ 265505.995, 521590.059 ], [ 265495.086000000010245, 521590.636 ], [ 265478.059, 521591.527 ], [ 265477.327999999979511, 521574.14000000001397 ], [ 265476.978, 521566.132999999972526 ], [ 265476.710000000020955, 521559.543 ], [ 265410.57, 521562.74 ], [ 265401.96999999997206, 521563.150000000023283 ], [ 265402.85999999998603, 521581.18 ], [ 265403.106000000028871, 521586.181999999971595 ], [ 265356.82, 521588.446 ], [ 265356.575000000011642, 521583.450000000011642 ], [ 265336.635, 521584.419999999983702 ], [ 265300.840000000025611, 521586.174999999988358 ], [ 265303.436999999976251, 521665.88 ], [ 265274.506, 521666.666000000026543 ], [ 265258.507999999972526, 521667.482000000018161 ], [ 265218.767999999981839, 521669.506999999983236 ], [ 265178.679, 521671.550999999977648 ], [ 265153.800999999977648, 521672.819000000017695 ], [ 265148.818000000028405, 521575.295999999972992 ], [ 264967.433000000019092, 521584.092 ], [ 264805.778, 521593.604 ], [ 264824.848, 522000.0 ], [ 264847.342, 522479.368000000016764 ], [ 264848.037000000011176, 522494.51400000002468 ], [ 265045.770000000018626, 522484.63 ], [ 265219.929, 522475.852000000013504 ], [ 265226.017999999981839, 523320.538999999989755 ], [ 265226.081, 523323.473999999987427 ], [ 265226.175999999977648, 523342.327999999979511 ], [ 265226.19, 523344.354999999981374 ], [ 265226.483, 523384.811999999976251 ], [ 265774.238000000012107, 523356.934 ], [ 265774.768999999971129, 523369.958999999973457 ], [ 265775.007999999972526, 523376.445 ], [ 265779.332999999984168, 523469.550999999977648 ], [ 265783.955000000016298, 523569.444000000017695 ], [ 265788.577, 523669.337 ], [ 265793.157, 523769.229999999981374 ], [ 265802.447999999974854, 523969.115999999979977 ], [ 265804.533999999985099, 523999.957 ], [ 265807.074000000022352, 524069.109 ], [ 265816.340000000025611, 524269.386999999987893 ], [ 265716.461000000010245, 524274.291000000026543 ], [ 265751.614, 525000.0 ], [ 265759.976000000024214, 525172.966999999945983 ], [ 265830.87300000002142, 525169.76 ], [ 265846.305, 525169.005 ], [ 265851.466000000014901, 525248.709999999962747 ], [ 265851.951, 525250.447000000043772 ], [ 265852.169, 525251.300000000046566 ], [ 265859.222, 525351.060000000055879 ], [ 265858.935999999986961, 525351.01500000001397 ], [ 265850.559, 525349.709999999962747 ], [ 265826.744, 525344.87 ], [ 265815.041000000026543, 525342.214999999967404 ], [ 265794.893999999971129, 525337.398000000044703 ], [ 265782.351000000024214, 525333.582000000053085 ], [ 265771.637999999977183, 525330.20499999995809 ], [ 265768.007999999972526, 525329.108 ], [ 265757.48499999998603, 525325.331 ], [ 265752.044999999983702, 525323.277 ], [ 265738.272999999986496, 525318.147 ], [ 265721.777, 525312.136000000056811 ], [ 265703.868000000016764, 525305.824000000022352 ], [ 265687.843, 525300.462000000057742 ], [ 265685.813000000023749, 525300.025999999954365 ], [ 265670.099999999976717, 525295.032 ], [ 265654.493000000016764, 525290.87 ], [ 265646.342, 525288.712999999988824 ], [ 265632.15500000002794, 525285.474999999976717 ], [ 265626.23599999997532, 525284.322999999974854 ], [ 265619.69, 525282.881000000052154 ], [ 265610.354, 525281.441 ], [ 265602.045999999972992, 525280.042000000015832 ], [ 265588.81, 525278.275000000023283 ], [ 265579.821, 525277.491000000038184 ], [ 265566.102000000013504, 525276.498999999952503 ], [ 265564.706, 525276.36199999996461 ], [ 265564.473, 525277.481000000028871 ], [ 265524.215000000025611, 525276.84699999995064 ], [ 265504.270000000018626, 525277.48699999996461 ], [ 265471.816, 525279.094000000040978 ], [ 265464.778999999980442, 525279.420999999972992 ], [ 265364.93, 525284.091999999945983 ], [ 265305.854999999981374, 525286.854999999981374 ], [ 265265.039999999979045, 525288.787999999942258 ], [ 265265.288999999989755, 525306.148999999975786 ], [ 265298.255, 526000.0 ], [ 265311.728, 526283.584999999962747 ], [ 265311.813000000023749, 526285.354999999981374 ], [ 265305.511, 526285.596000000019558 ], [ 265251.582, 526288.577999999979511 ], [ 265249.0, 526288.674 ], [ 265225.955000000016298, 526289.456 ], [ 265195.254000000015367, 526291.557999999960884 ], [ 265184.536000000021886, 526291.788999999989755 ], [ 265168.967, 526292.792999999946915 ], [ 265137.98599999997532, 526294.155999999959022 ], [ 265124.058000000019092, 526294.535999999963678 ], [ 265116.718999999982771, 526294.131000000052154 ], [ 265111.935999999986961, 526294.412000000011176 ], [ 265100.244, 526295.09499999997206 ], [ 265065.559, 526297.694999999948777 ], [ 265013.979, 526300.473 ], [ 265012.238000000012107, 526300.545999999972992 ], [ 264963.555999999982305, 526302.604000000050291 ], [ 264912.96999999997206, 526304.326 ], [ 264910.506, 526304.866999999969266 ], [ 264869.707999999984168, 526307.030999999959022 ], [ 264819.38, 526310.353 ], [ 264812.577, 526310.626000000047497 ], [ 264741.615999999979977, 526313.46999999997206 ], [ 264712.028, 526314.738000000012107 ], [ 264702.517999999981839, 526315.145999999949709 ], [ 264648.756, 526317.412000000011176 ], [ 264612.370999999984633, 526319.155999999959022 ], [ 264612.652, 526325.17000000004191 ], [ 264613.362000000022817, 526340.359000000054948 ], [ 264583.288, 526341.569000000017695 ], [ 264564.150000000023283, 526342.584000000031665 ], [ 264550.354, 526343.577000000048429 ], [ 264513.50099999998929, 526345.677000000025146 ], [ 264517.434, 526436.233 ], [ 264617.613000000012107, 526431.258000000030734 ], [ 264617.766, 526434.898999999975786 ], [ 264712.744, 526430.066 ], [ 264723.473, 526430.052999999956228 ], [ 264791.003000000026077, 526426.228 ], [ 264817.153, 526425.025999999954365 ], [ 264816.973, 526421.523999999975786 ], [ 264916.886999999987893, 526416.773999999975786 ], [ 265017.478, 526411.991000000038184 ], [ 265018.006999999983236, 526422.496000000042841 ], [ 265110.893999999971129, 526419.133999999961816 ], [ 265118.577, 526418.457999999984168 ], [ 265121.56, 526418.194999999948777 ], [ 265312.628000000026077, 526409.45499999995809 ], [ 265318.25099999998929, 526409.172999999951571 ], [ 265324.552000000025146, 526408.856000000028871 ], [ 265327.170999999972992, 526408.800000000046566 ], [ 265382.478, 526406.158999999985099 ], [ 265418.117000000027474, 526404.337999999988824 ], [ 265442.354, 526905.98699999996461 ], [ 265446.896, 527000.0 ], [ 265453.142999999981839, 527129.371000000042841 ], [ 265455.337, 527175.63800000003539 ], [ 265455.526000000012573, 527179.072999999974854 ], [ 265555.413999999989755, 527174.356999999959953 ], [ 265617.739, 527171.415999999968335 ], [ 265618.897999999986496, 527190.008999999961816 ], [ 265618.987000000022817, 527191.366999999969266 ], [ 265619.210000000020955, 527194.900000000023283 ], [ 265627.840000000025611, 527199.175999999977648 ], [ 265630.506999999983236, 527282.018999999971129 ], [ 265630.576, 527284.018000000040047 ], [ 265630.684, 527285.903999999980442 ], [ 265631.547000000020489, 527310.839000000036322 ], [ 265632.788999999989755, 527318.412999999942258 ], [ 265634.507999999972526, 527323.363000000012107 ], [ 265637.218, 527329.145000000018626 ], [ 265640.63900000002468, 527334.910000000032596 ], [ 265648.994, 527347.773999999975786 ], [ 265652.581, 527353.858 ], [ 265654.439000000013039, 527358.400000000023283 ], [ 265655.352000000013504, 527361.484000000054948 ], [ 265655.412000000011176, 527366.365 ], [ 265655.545999999972992, 527372.696 ], [ 265657.957, 527442.886999999987893 ], [ 265658.831, 527465.12699999997858 ], [ 265658.865999999979977, 527466.022 ], [ 265659.143999999971129, 527473.375 ], [ 265570.055999999982305, 527477.459999999962747 ], [ 265575.544, 527592.890999999945052 ], [ 265584.349999999976717, 527784.996999999973923 ], [ 265593.558000000019092, 527975.917000000015832 ], [ 265625.517, 527974.287000000011176 ] ] ] ] } },
{ "type": "Feature", "properties": { "buurtcode": "BU01141000", "buurtnaam": "Schoonebeek", "pc6_codes": "7761AA, 7761AB, 7761AC, 7761AD, 7761AE, 7761AH, 7761AJ, 7761AK, 7761AL, 7761AM, 7761AP, 7761AR, 7761AS, 7761AT, 7761AV, 7761AW, 7761AX, 7761AZ, 7761BA, 7761BB, 7761BC, 7761BD, 7761BE, 7761BG, 7761BH, 7761BJ, 7761BK, 7761BL, 7761BM, 7761BN, 7761BP, 7761BR, 7761BS, 7761BT, 7761BV, 7761BW, 7761BX, 7761BZ, 7761CA, 7761CB, 7761CC, 7761CD, 7761CE, 7761CG, 7761CH, 7761CJ, 7761CK, 7761CL, 7761CP, 7761DA, 7761DB, 7761DC, 7761DD, 7761DE, 7761DG, 7761DJ, 7761DK, 7761DL, 7761DM, 7761DR, 7761DS, 7761DT, 7761DV, 7761EA, 7761GA, 7761GB, 7761GC, 7761GE, 7761GG, 7761GH, 7761GJ, 7761GK, 7761GL, 7761GM, 7761GP, 7761GV, 7761HA, 7761HB, 7761HC, 7761HD, 7761HE, 7761HG, 7761HH, 7761HJ, 7761HK, 7761HL, 7761HM, 7761KA, 7761KB, 7761KC, 7761KD, 7761KE, 7761KG, 7761KH, 7761KJ, 7761PB, 7761PJ, 7761PP, 7761WB, 7761WC, 7761WD, 7761WE, 7761WG, 7761WH, 7761XA, 7761XB, 7761XC, 7761XD, 7761XE, 7761XG, 7761XH, 7761XJ, 7761XK, 7761XL, 7761XM, 7761XN, 7761XP, 7761XR, 7761XS, 7761XT, 7761XV, 7761XW, 7761XX, 7761XZ, 7761ZA", "wijkcode": "WK011410", "gemeentecode": "GM0114", "gemeentenaam": "Emmen", "oppervlakteLandInHa": 213, "AantalInwoners_5": 3820, "Mannen_6": 1905, "Vrouwen_7": 1915, "HuishoudensTotaal_29": 1675, "GemiddeldeHuishoudensgrootte_33": 2.2, "Woningvoorraad_35": 1728, "NieuwbouwWoningen_36": 1, "NietWoningvoorraad_37": 122, "NieuwbouwNietWoningen_38": 0, "GemiddeldeWOZWaardeVanWoningen_39": 260, "PercentageEengezinswoning_40": 91, "PercentageTussenwoningEengezins_41": 16, "PercentageHoekwoningEengezins_42": 13, "PercentageTweeOnderEenKapWoningEe_43": 39, "PercentageVrijstaandeWoningEengezins_44": 24, "PercentageMeergezinswoning_45": 9, "Koopwoningen_47": 72, "HuurwoningenTotaal_48": 28, "InBezitWoningcorporatie_49": 23, "InBezitOverigeVerhuurders_50": 5, "BouwjaarMeerDanTienJaarGeleden_51": 96, "BouwjaarAfgelopenTienJaar_52": 4, "GemiddeldeElektriciteitslevering_53": 2940, "GemiddeldeElektriciteitsteruglevering_54": 1370, "GemiddeldAardgasverbruik_55": 940, "AardgasvrijeWoningen_57": 6, "Aardgaswoningen_58": 86, "WoningenMetZonnestroom_59": 64, "WoningenHoofdzElektrVerwarmd_60": 13, "k_20PersonenMetHoogsteInkomen_80": 13.9, "k_20HuishoudensMetHoogsteInkomen_85": 15.5, "MediaanVermogenVanParticuliereHuish_86": 131.0, "PersonenautoSTotaal_104": 2225, "PersonenautoSBrandstofBenzine_105": 1805, "PersonenautoSOverigeBrandstof_106": 420, "PersonenautoSPerHuishouden_107": 1.3, "Omgevingsadressendichtheid_121": 478, "AantalInstallatiesBijWoningen_5": 876, "OpgesteldVermogenVanZonnepanelen_6": 2984, "installaties_per_woning": 0.50694444444444442, "vermogen_per_woning": 1.7268518518518519, "installaties_per_100_woningen": 50.694444444444443, "vermogen_per_huishouden": 1.7814925373134329, "batterijdruk_score": 876.8, "koop_zon_score": 0.4608, "eengezins_zon_score": 0.5824, "betaalkracht_zon_score": 83.84, "overige_brandstof_zon_score": 268.8, "lichte_batterij_kansscore": 0.50094891443898948 }, "geometry": { "type": "MultiPolygon", "coordinates": [ [ [ [ 256170.759, 521566.479999999981374 ], [ 256343.162000000011176, 521267.392 ], [ 256384.98499999998603, 521277.316999999980908 ], [ 256438.321999999985565, 521354.88 ], [ 256498.468, 521400.12599999998929 ], [ 256575.636999999987893, 521382.351000000024214 ], [ 256645.997, 521319.331 ], [ 256626.082, 521267.99900000001071 ], [ 256538.953, 521153.197999999974854 ], [ 256581.612, 521129.291000000026543 ], [ 256554.51500000001397, 521081.101000000024214 ], [ 256766.138, 520963.50199999997858 ], [ 256638.66, 520729.007999999972526 ], [ 256773.821999999985565, 520654.536000000021886 ], [ 256929.22, 520568.859 ], [ 256962.203, 520561.438000000023749 ], [ 256996.10999999998603, 520565.060999999986961 ], [ 256941.85999999998603, 520461.419999999983702 ], [ 257169.472, 520344.379000000015367 ], [ 257088.142, 520196.163999999989755 ], [ 257122.75, 520174.092 ], [ 257055.067000000010012, 520050.697999999974854 ], [ 257084.093, 520040.406000000017229 ], [ 257082.155999999988126, 520037.288999999989755 ], [ 257043.99900000001071, 519975.882999999972526 ], [ 256884.342, 520054.913999999989755 ], [ 256855.233, 519996.10999999998603 ], [ 256716.203, 520057.906000000017229 ], [ 256651.38200000001234, 519932.256 ], [ 256586.19, 519970.44 ], [ 256578.74, 519957.14000000001397 ], [ 256472.115, 519754.537000000011176 ], [ 256401.386999999987893, 519731.065 ], [ 256298.075000000011642, 519709.631999999983236 ], [ 256232.548, 519705.129000000015367 ], [ 256159.549999999988358, 519707.739 ], [ 256097.498, 519714.913999999989755 ], [ 256013.972, 519735.82 ], [ 255936.024, 519764.473999999987427 ], [ 255888.136, 519787.26 ], [ 255998.354, 519998.572999999974854 ], [ 255887.13, 520055.39000000001397 ], [ 255736.964, 520126.255 ], [ 255734.221, 520175.31 ], [ 255705.011, 520343.76400000002468 ], [ 255668.094000000011874, 520519.298 ], [ 255256.434, 520438.288999999989755 ], [ 255169.041, 520967.049 ], [ 255599.452, 521046.99 ], [ 255586.041999999986729, 521138.581 ], [ 255565.758, 521246.662000000011176 ], [ 255506.891, 521579.131 ], [ 256170.759, 521566.479999999981374 ] ] ] ] } },
{ "type": "Feature", "properties": { "buurtcode": "BU01141001", "buurtnaam": "Oosterse Bos en Middendorp", "pc6_codes": "7761AG, 7761AH, 7761CG, 7761PP, 7761PR, 7761PS", "wijkcode": "WK011410", "gemeentecode": "GM0114", "gemeentenaam": "Emmen", "oppervlakteLandInHa": 129, "AantalInwoners_5": 205, "Mannen_6": 105, "Vrouwen_7": 95, "HuishoudensTotaal_29": 75, "GemiddeldeHuishoudensgrootte_33": 2.7, "Woningvoorraad_35": 72, "NieuwbouwWoningen_36": 0, "NietWoningvoorraad_37": 9, "NieuwbouwNietWoningen_38": 0, "GemiddeldeWOZWaardeVanWoningen_39": 457, "PercentageEengezinswoning_40": 96, "PercentageTussenwoningEengezins_41": 1, "PercentageHoekwoningEengezins_42": 3, "PercentageTweeOnderEenKapWoningEe_43": 19, "PercentageVrijstaandeWoningEengezins_44": 72, "PercentageMeergezinswoning_45": 4, "Koopwoningen_47": 86, "HuurwoningenTotaal_48": 14, "InBezitWoningcorporatie_49": 0, "InBezitOverigeVerhuurders_50": 14, "BouwjaarMeerDanTienJaarGeleden_51": 99, "BouwjaarAfgelopenTienJaar_52": 1, "GemiddeldeElektriciteitslevering_53": 4430, "GemiddeldeElektriciteitsteruglevering_54": 2140, "GemiddeldAardgasverbruik_55": 1510, "AardgasvrijeWoningen_57": null, "Aardgaswoningen_58": null, "WoningenMetZonnestroom_59": null, "WoningenHoofdzElektrVerwarmd_60": null, "k_20PersonenMetHoogsteInkomen_80": 22.7, "k_20HuishoudensMetHoogsteInkomen_85": null, "MediaanVermogenVanParticuliereHuish_86": null, "PersonenautoSTotaal_104": 125, "PersonenautoSBrandstofBenzine_105": 85, "PersonenautoSOverigeBrandstof_106": 40, "PersonenautoSPerHuishouden_107": 1.7, "Omgevingsadressendichtheid_121": 112, "AantalInstallatiesBijWoningen_5": 27, "OpgesteldVermogenVanZonnepanelen_6": 185, "installaties_per_woning": 0.375, "vermogen_per_woning": 2.5694444444444446, "installaties_per_100_woningen": 37.5, "vermogen_per_huishouden": 2.4666666666666668, "batterijdruk_score": null, "koop_zon_score": null, "eengezins_zon_score": null, "betaalkracht_zon_score": null, "overige_brandstof_zon_score": null, "lichte_batterij_kansscore": null }, "geometry": { "type": "MultiPolygon", "coordinates": [ [ [ [ 257339.346, 520759.512999999977183 ], [ 257787.846, 520505.505 ], [ 257581.066, 520137.37300000002142 ], [ 257804.3918999999878, 520012.857000000018161 ], [ 257858.111, 520109.204000000027008 ], [ 258344.787000000011176, 519837.854 ], [ 258324.431000000011409, 519801.454000000027008 ], [ 258503.317000000010012, 519696.066999999980908 ], [ 258535.915, 519751.400000000023283 ], [ 258675.246000000013737, 519669.316999999980908 ], [ 258722.285, 519751.48599999997532 ], [ 258828.778, 519698.291000000026543 ], [ 258851.946999999985565, 519739.61099999997532 ], [ 259105.348999999987427, 519607.81 ], [ 259161.708000000013271, 519512.941 ], [ 259247.238000000012107, 519472.798 ], [ 259188.37599999998929, 519370.911000000021886 ], [ 259308.256, 519296.489 ], [ 259334.647999999986496, 519319.478 ], [ 259422.352000000013504, 519218.794 ], [ 259291.603, 519134.949000000022352 ], [ 259290.983, 519131.629000000015367 ], [ 259210.62599999998929, 519142.353 ], [ 259206.75700000001234, 519145.922000000020489 ], [ 259202.274, 519146.56 ], [ 259178.16, 519149.990999999979977 ], [ 259151.151000000012573, 519154.543 ], [ 259143.576, 519156.10999999998603 ], [ 259119.886999999987893, 519161.011 ], [ 259077.37599999998929, 519183.532 ], [ 258812.184, 519302.918 ], [ 258544.82, 519416.995999999984633 ], [ 258445.087, 519434.596000000019558 ], [ 258284.283, 519443.213999999978114 ], [ 258212.075000000011642, 519450.602000000013504 ], [ 258128.866, 519474.289999999979045 ], [ 257906.106, 519559.575000000011642 ], [ 257747.403, 519654.071999999985565 ], [ 257598.077, 519766.927000000025146 ], [ 257525.299999999988358, 519815.022999999986496 ], [ 257434.030999999988126, 519863.109 ], [ 257082.155999999988126, 520037.288999999989755 ], [ 257084.093, 520040.406000000017229 ], [ 257055.067000000010012, 520050.697999999974854 ], [ 257122.75, 520174.092 ], [ 257088.142, 520196.163999999989755 ], [ 257169.472, 520344.379000000015367 ], [ 256941.85999999998603, 520461.419999999983702 ], [ 256996.10999999998603, 520565.060999999986961 ], [ 256962.203, 520561.438000000023749 ], [ 256929.22, 520568.859 ], [ 256773.821999999985565, 520654.536000000021886 ], [ 256638.66, 520729.007999999972526 ], [ 256766.138, 520963.50199999997858 ], [ 257339.346, 520759.512999999977183 ] ] ] ] } },
{ "type": "Feature", "properties": { "buurtcode": "BU01141002", "buurtnaam": "Westerse Bos", "pc6_codes": "7761AE, 7761AM, 7761AN, 7761PD, 7761PE, 7761PG, 7761RG", "wijkcode": "WK011410", "gemeentecode": "GM0114", "gemeentenaam": "Emmen", "oppervlakteLandInHa": 113, "AantalInwoners_5": 140, "Mannen_6": 75, "Vrouwen_7": 65, "HuishoudensTotaal_29": 50, "GemiddeldeHuishoudensgrootte_33": 2.8, "Woningvoorraad_35": 50, "NieuwbouwWoningen_36": 0, "NietWoningvoorraad_37": 5, "NieuwbouwNietWoningen_38": 0, "GemiddeldeWOZWaardeVanWoningen_39": 468, "PercentageEengezinswoning_40": 100, "PercentageTussenwoningEengezins_41": 0, "PercentageHoekwoningEengezins_42": 0, "PercentageTweeOnderEenKapWoningEe_43": 24, "PercentageVrijstaandeWoningEengezins_44": 76, "PercentageMeergezinswoning_45": 0, "Koopwoningen_47": 90, "HuurwoningenTotaal_48": 10, "InBezitWoningcorporatie_49": 0, "InBezitOverigeVerhuurders_50": 10, "BouwjaarMeerDanTienJaarGeleden_51": 98, "BouwjaarAfgelopenTienJaar_52": 2, "GemiddeldeElektriciteitslevering_53": 4250, "GemiddeldeElektriciteitsteruglevering_54": 1990, "GemiddeldAardgasverbruik_55": 1660, "AardgasvrijeWoningen_57": null, "Aardgaswoningen_58": null, "WoningenMetZonnestroom_59": null, "WoningenHoofdzElektrVerwarmd_60": null, "k_20PersonenMetHoogsteInkomen_80": 23.3, "k_20HuishoudensMetHoogsteInkomen_85": null, "MediaanVermogenVanParticuliereHuish_86": null, "PersonenautoSTotaal_104": 70, "PersonenautoSBrandstofBenzine_105": 45, "PersonenautoSOverigeBrandstof_106": 20, "PersonenautoSPerHuishouden_107": 1.4, "Omgevingsadressendichtheid_121": 115, "AantalInstallatiesBijWoningen_5": 15, "OpgesteldVermogenVanZonnepanelen_6": 70, "installaties_per_woning": 0.3, "vermogen_per_woning": 1.4, "installaties_per_100_woningen": 30.0, "vermogen_per_huishouden": 1.4, "batterijdruk_score": null, "koop_zon_score": null, "eengezins_zon_score": null, "betaalkracht_zon_score": null, "overige_brandstof_zon_score": null, "lichte_batterij_kansscore": null }, "geometry": { "type": "MultiPolygon", "coordinates": [ [ [ [ 255506.891, 521579.131 ], [ 255565.758, 521246.662000000011176 ], [ 255586.041999999986729, 521138.581 ], [ 255599.452, 521046.99 ], [ 255169.041, 520967.049 ], [ 255256.434, 520438.288999999989755 ], [ 254562.5502, 520301.742000000027474 ], [ 254547.068, 520390.705000000016298 ], [ 254546.71, 520391.960000000020955 ], [ 254545.07, 520399.94 ], [ 254543.073, 520412.085000000020955 ], [ 254538.927, 520437.300999999977648 ], [ 254537.15, 520448.10999999998603 ], [ 254533.93, 520466.24 ], [ 254532.44, 520476.14000000001397 ], [ 254530.581, 520488.693000000028405 ], [ 254529.49, 520498.76 ], [ 254528.296, 520505.257999999972526 ], [ 254526.19, 520519.840000000025611 ], [ 254525.631, 520522.840000000025611 ], [ 254520.26, 520551.659999999974389 ], [ 254504.97, 520633.21999999997206 ], [ 254469.1, 520827.39000000001397 ], [ 254468.579999999987194, 520830.158 ], [ 254453.53, 520910.419999999983702 ], [ 254437.098, 521000.0 ], [ 254434.21, 521015.74 ], [ 254384.88, 521280.520000000018626 ], [ 254382.60999999998603, 521297.039999999979045 ], [ 254380.41, 521311.78000000002794 ], [ 254378.54, 521325.76 ], [ 254376.59, 521338.210000000020955 ], [ 254368.56, 521385.849999999976717 ], [ 254367.450000000011642, 521391.650000000023283 ], [ 254366.32, 521395.020000000018626 ], [ 254364.21, 521400.76 ], [ 254362.66, 521406.78000000002794 ], [ 254359.01, 521425.659999999974389 ], [ 254356.96, 521435.56 ], [ 254352.404, 521456.146 ], [ 254347.337900000013178, 521479.038899999985006 ], [ 255489.574, 521678.365999999979977 ], [ 255506.891, 521579.131 ] ] ] ] } },
{ "type": "Feature", "properties": { "buurtcode": "BU01141003", "buurtnaam": "Zandpol", "pc6_codes": "7764AA, 7764AB, 7764AC, 7764AD, 7764AE, 7764AG, 7764AH, 7764AJ, 7764AK, 7764AL, 7764AM, 7764AN, 7764AP, 7764AR, 7764AS, 7764AT", "wijkcode": "WK011410", "gemeentecode": "GM0114", "gemeentenaam": "Emmen", "oppervlakteLandInHa": 96, "AantalInwoners_5": 465, "Mannen_6": 230, "Vrouwen_7": 230, "HuishoudensTotaal_29": 200, "GemiddeldeHuishoudensgrootte_33": 2.3, "Woningvoorraad_35": 198, "NieuwbouwWoningen_36": 2, "NietWoningvoorraad_37": 9, "NieuwbouwNietWoningen_38": 0, "GemiddeldeWOZWaardeVanWoningen_39": 270, "PercentageEengezinswoning_40": 98, "PercentageTussenwoningEengezins_41": 2, "PercentageHoekwoningEengezins_42": 2, "PercentageTweeOnderEenKapWoningEe_43": 48, "PercentageVrijstaandeWoningEengezins_44": 46, "PercentageMeergezinswoning_45": 2, "Koopwoningen_47": 71, "HuurwoningenTotaal_48": 29, "InBezitWoningcorporatie_49": 26, "InBezitOverigeVerhuurders_50": 3, "BouwjaarMeerDanTienJaarGeleden_51": 96, "BouwjaarAfgelopenTienJaar_52": 4, "GemiddeldeElektriciteitslevering_53": 3060, "GemiddeldeElektriciteitsteruglevering_54": 1160, "GemiddeldAardgasverbruik_55": 1050, "AardgasvrijeWoningen_57": 1, "Aardgaswoningen_58": 94, "WoningenMetZonnestroom_59": 64, "WoningenHoofdzElektrVerwarmd_60": 6, "k_20PersonenMetHoogsteInkomen_80": 11.1, "k_20HuishoudensMetHoogsteInkomen_85": 10.2, "MediaanVermogenVanParticuliereHuish_86": 108.0, "PersonenautoSTotaal_104": 270, "PersonenautoSBrandstofBenzine_105": 215, "PersonenautoSOverigeBrandstof_106": 60, "PersonenautoSPerHuishouden_107": 1.4, "Omgevingsadressendichtheid_121": 130, "AantalInstallatiesBijWoningen_5": 114, "OpgesteldVermogenVanZonnepanelen_6": 402, "installaties_per_woning": 0.5757575757575758, "vermogen_per_woning": 2.0303030303030303, "installaties_per_100_woningen": 57.575757575757578, "vermogen_per_huishouden": 2.01, "batterijdruk_score": 742.4, "koop_zon_score": 0.4544, "eengezins_zon_score": 0.6272, "betaalkracht_zon_score": 69.12, "overige_brandstof_zon_score": 38.4, "lichte_batterij_kansscore": 0.50053630132059779 }, "geometry": { "type": "MultiPolygon", "coordinates": [ [ [ [ 255030.82, 524253.28000000002794 ], [ 255032.083000000013271, 524249.408999999985099 ], [ 255035.413, 524239.207 ], [ 255037.239, 524233.924999999988358 ], [ 255034.71, 524233.53000000002794 ], [ 255056.49299999998766, 524172.12599999998929 ], [ 255078.1, 524111.01 ], [ 255090.16, 524073.549999999988358 ], [ 255098.04, 524047.669999999983702 ], [ 255106.72, 524015.99 ], [ 255110.88, 524000.0 ], [ 255119.920000000012806, 523965.25 ], [ 255120.54, 523961.38 ], [ 255152.578, 523943.158999999985099 ], [ 255278.704999999987194, 523824.298 ], [ 255315.462, 523789.658 ], [ 255397.628999999986263, 523711.85999999998603 ], [ 255401.971, 523708.170999999972992 ], [ 255474.112, 523640.647 ], [ 255622.416, 523499.903 ], [ 255649.383, 523475.354999999981374 ], [ 255718.676, 523410.552000000025146 ], [ 255818.97, 523316.757999999972526 ], [ 255796.404, 523312.495 ], [ 255798.38, 523254.460000000020955 ], [ 255706.78, 523250.906000000017229 ], [ 255704.277, 523286.419999999983702 ], [ 255683.69, 523286.849999999976717 ], [ 255659.283, 523287.34499999997206 ], [ 255614.467, 523335.338999999978114 ], [ 255593.73499999998603, 523333.863000000012107 ], [ 255600.465, 523258.006 ], [ 255581.89000000001397, 523256.647 ], [ 255582.196, 523253.370999999984633 ], [ 255548.503, 523248.792000000015832 ], [ 255526.712999999988824, 523245.824000000022352 ], [ 255506.865, 523243.121999999973923 ], [ 255505.343, 523242.914999999979045 ], [ 255436.429, 523233.543 ], [ 255373.086000000010245, 523224.929 ], [ 255354.149, 523365.674999999988358 ], [ 255245.923, 523342.979999999981374 ], [ 255245.911, 523343.055999999982305 ], [ 255237.085, 523398.256999999983236 ], [ 255220.715999999985797, 523500.0 ], [ 255217.005, 523523.063000000023749 ], [ 255204.828, 523598.928000000014435 ], [ 255203.106999999989057, 523609.731000000028871 ], [ 255114.200000000011642, 523595.400000000023283 ], [ 255054.019999999989523, 523585.669999999983702 ], [ 255000.0, 523576.943000000028405 ], [ 254968.264, 523571.816 ], [ 254882.68, 523557.99 ], [ 254723.279, 523532.270000000018626 ], [ 254675.229, 523524.516 ], [ 254623.128, 523516.108 ], [ 254625.579, 523500.0 ], [ 254626.246000000013737, 523495.618000000016764 ], [ 254602.593, 523491.963999999978114 ], [ 254602.671, 523491.468999999982771 ], [ 254602.621000000013737, 523491.461000000010245 ], [ 254333.372, 523448.231000000028871 ], [ 254327.826, 523447.484 ], [ 254327.998, 523446.571999999985565 ], [ 254286.837999999988824, 523440.156000000017229 ], [ 254254.155999999988126, 523435.025000000023283 ], [ 254240.916, 523438.57 ], [ 254224.332, 523451.931999999971595 ], [ 254212.336000000010245, 523435.256 ], [ 254231.386999999987893, 523419.87400000001071 ], [ 254253.077, 523414.055 ], [ 254261.019999999989523, 523415.299 ], [ 254261.367, 523413.24900000001071 ], [ 254262.670000000012806, 523405.561999999976251 ], [ 254252.449, 523403.971000000019558 ], [ 254246.975, 523405.371999999973923 ], [ 254240.386, 523406.98499999998603 ], [ 254252.407, 523332.129000000015367 ], [ 254266.025, 523248.299999999988358 ], [ 254279.316, 523164.684 ], [ 254288.002, 523110.699000000022352 ], [ 254292.074, 523085.614 ], [ 254214.731999999989057, 523072.368000000016764 ], [ 254208.106, 523113.408999999985099 ], [ 254199.239, 523170.072999999974854 ], [ 254189.022, 523234.938000000023749 ], [ 254180.679, 523286.827999999979511 ], [ 254172.326, 523335.772 ], [ 254166.00700000001234, 523380.208999999973457 ], [ 254164.64000000001397, 523378.602000000013504 ], [ 254130.597, 523338.572999999974854 ], [ 254110.788999999989755, 523315.525000000023283 ], [ 254105.85, 523306.12400000001071 ], [ 254104.086000000010245, 523299.718999999982771 ], [ 254103.871000000013737, 523297.275000000023283 ], [ 254096.916, 523288.76500000001397 ], [ 254096.416, 523291.924999999988358 ], [ 254092.806000000011409, 523295.406000000017229 ], [ 254089.742, 523297.462 ], [ 254088.057, 523297.212 ], [ 254078.678000000014435, 523285.723999999987427 ], [ 254065.253, 523269.224999999976717 ], [ 254049.23499999998603, 523249.631 ], [ 254049.212, 523249.773999999975786 ], [ 254046.133, 523272.242000000027474 ], [ 254042.801, 523292.212999999988824 ], [ 254037.74299999998766, 523323.723999999987427 ], [ 254037.215999999985797, 523326.82 ], [ 254034.438, 523343.142 ], [ 254028.85999999998603, 523379.613000000012107 ], [ 254027.987, 523385.223 ], [ 254022.347, 523421.430999999982305 ], [ 254006.809700000012526, 523521.185999999986961 ], [ 254004.954, 523533.099999999976717 ], [ 254000.693999999988591, 523560.44 ], [ 254000.0, 523564.897 ], [ 253999.91, 523565.472 ], [ 253969.72, 523759.304 ], [ 253968.431000000011409, 523767.582999999984168 ], [ 253958.768000000010943, 523829.62 ], [ 253953.593, 523862.841000000014901 ], [ 253894.68, 524241.07 ], [ 253894.6729, 524241.114 ], [ 253996.536, 524236.732000000018161 ], [ 253998.788999999989755, 524236.636 ], [ 254000.0, 524234.799999999988358 ], [ 254087.119, 524086.919999999983702 ], [ 254138.785, 524000.0 ], [ 254163.622, 523958.216000000014901 ], [ 254219.230000000010477, 523866.429 ], [ 254225.315, 523856.429 ], [ 254265.071, 523864.085000000020955 ], [ 254273.221, 523869.960000000020955 ], [ 254349.149, 523884.652 ], [ 254341.852000000013504, 523929.23499999998603 ], [ 254330.649, 524000.0 ], [ 254323.62599999998929, 524044.364 ], [ 254307.63200000001234, 524144.576 ], [ 254295.193, 524223.382999999972526 ], [ 254305.678000000014435, 524222.349999999976717 ], [ 254349.279, 524220.680999999982305 ], [ 254360.306000000011409, 524220.13 ], [ 254379.731999999989057, 524219.159999999974389 ], [ 254421.37, 524217.080000000016298 ], [ 254440.082, 524148.310999999986961 ], [ 254448.019999999989523, 524119.13900000002468 ], [ 254517.642, 524117.316999999980908 ], [ 254566.649, 524116.033999999985099 ], [ 254664.916999999986729, 524113.462 ], [ 254684.995, 524112.935999999986961 ], [ 254686.659000000014203, 524112.892 ], [ 254723.884, 524111.918 ], [ 254724.333000000013271, 524111.906000000017229 ], [ 254726.480000000010477, 524111.849999999976717 ], [ 254727.003999999986263, 524111.827999999979511 ], [ 254740.04, 524126.549999999988358 ], [ 254753.81, 524141.12 ], [ 254768.09, 524155.039999999979045 ], [ 254782.829999999987194, 524168.409999999974389 ], [ 254798.1, 524181.090000000025611 ], [ 254814.06, 524193.159999999974389 ], [ 254830.329999999987194, 524204.57 ], [ 254847.32, 524215.28000000002794 ], [ 254864.60999999998603, 524225.229999999981374 ], [ 254882.29, 524234.35999999998603 ], [ 254900.230000000010477, 524242.900000000023283 ], [ 254918.700000000011642, 524250.56 ], [ 254937.41, 524257.549999999988358 ], [ 254956.28, 524263.900000000023283 ], [ 254975.44, 524269.53000000002794 ], [ 254994.9, 524274.06 ], [ 255014.49, 524277.44 ], [ 255023.449, 524278.952 ], [ 255030.82, 524253.28000000002794 ] ] ] ] } },
{ "type": "Feature", "properties": { "buurtcode": "BU01141004", "buurtnaam": "Industrieterrein De Vierslagen", "pc6_codes": "7761PH, 7761PV, 7761PW, 7761PX, 7761RA, 7761RB, 7761RC, 7761RD, 7761RE, 7764AN", "wijkcode": "WK011410", "gemeentecode": "GM0114", "gemeentenaam": "Emmen", "oppervlakteLandInHa": 80, "AantalInwoners_5": 55, "Mannen_6": 30, "Vrouwen_7": 20, "HuishoudensTotaal_29": 30, "GemiddeldeHuishoudensgrootte_33": 1.8, "Woningvoorraad_35": 23, "NieuwbouwWoningen_36": 0, "NietWoningvoorraad_37": 86, "NieuwbouwNietWoningen_38": 0, "GemiddeldeWOZWaardeVanWoningen_39": 345, "PercentageEengezinswoning_40": 100, "PercentageTussenwoningEengezins_41": 0, "PercentageHoekwoningEengezins_42": 0, "PercentageTweeOnderEenKapWoningEe_43": 0, "PercentageVrijstaandeWoningEengezins_44": 100, "PercentageMeergezinswoning_45": 0, "Koopwoningen_47": 83, "HuurwoningenTotaal_48": 17, "InBezitWoningcorporatie_49": 0, "InBezitOverigeVerhuurders_50": 17, "BouwjaarMeerDanTienJaarGeleden_51": 87, "BouwjaarAfgelopenTienJaar_52": 13, "GemiddeldeElektriciteitslevering_53": 3800, "GemiddeldeElektriciteitsteruglevering_54": 2390, "GemiddeldAardgasverbruik_55": 1000, "AardgasvrijeWoningen_57": null, "Aardgaswoningen_58": null, "WoningenMetZonnestroom_59": null, "WoningenHoofdzElektrVerwarmd_60": null, "k_20PersonenMetHoogsteInkomen_80": null, "k_20HuishoudensMetHoogsteInkomen_85": null, "MediaanVermogenVanParticuliereHuish_86": null, "PersonenautoSTotaal_104": 70, "PersonenautoSBrandstofBenzine_105": 40, "PersonenautoSOverigeBrandstof_106": 30, "PersonenautoSPerHuishouden_107": null, "Omgevingsadressendichtheid_121": 72, "AantalInstallatiesBijWoningen_5": 5, "OpgesteldVermogenVanZonnepanelen_6": 18, "installaties_per_woning": 0.21739130434782608, "vermogen_per_woning": 0.78260869565217395, "installaties_per_100_woningen": 21.739130434782609, "vermogen_per_huishouden": 0.6, "batterijdruk_score": null, "koop_zon_score": null, "eengezins_zon_score": null, "betaalkracht_zon_score": null, "overige_brandstof_zon_score": null, "lichte_batterij_kansscore": null }, "geometry": { "type": "MultiPolygon", "coordinates": [ [ [ [ 255204.828, 523598.928000000014435 ], [ 255217.005, 523523.063000000023749 ], [ 255220.715999999985797, 523500.0 ], [ 255237.085, 523398.256999999983236 ], [ 255245.911, 523343.055999999982305 ], [ 255245.923, 523342.979999999981374 ], [ 255354.149, 523365.674999999988358 ], [ 255373.086000000010245, 523224.929 ], [ 255436.429, 523233.543 ], [ 255505.343, 523242.914999999979045 ], [ 255506.865, 523243.121999999973923 ], [ 255526.712999999988824, 523245.824000000022352 ], [ 255548.503, 523248.792000000015832 ], [ 255582.196, 523253.370999999984633 ], [ 255581.89000000001397, 523256.647 ], [ 255600.465, 523258.006 ], [ 255593.73499999998603, 523333.863000000012107 ], [ 255614.467, 523335.338999999978114 ], [ 255659.283, 523287.34499999997206 ], [ 255683.69, 523286.849999999976717 ], [ 255704.277, 523286.419999999983702 ], [ 255706.78, 523250.906000000017229 ], [ 255748.785, 522707.928000000014435 ], [ 255380.693, 522707.292000000015832 ], [ 255347.576, 522703.667000000015832 ], [ 255344.161, 522734.868000000016764 ], [ 255322.881, 522735.193000000028405 ], [ 255322.535, 522736.90500000002794 ], [ 255321.508, 522743.848999999987427 ], [ 255318.956, 522743.856000000028871 ], [ 255316.641, 522743.863000000012107 ], [ 255307.378999999986263, 522748.853 ], [ 255271.068999999988591, 522748.319000000017695 ], [ 255270.791999999986729, 522749.614 ], [ 255254.941, 522749.200000000011642 ], [ 255254.807999999989988, 522748.396 ], [ 255252.506, 522748.09499999997206 ], [ 255249.84, 522747.113000000012107 ], [ 255269.824, 522617.908999999985099 ], [ 254751.345, 522624.099999999976717 ], [ 254724.059, 522713.680999999982305 ], [ 254602.621000000013737, 523491.461000000010245 ], [ 254602.671, 523491.468999999982771 ], [ 254602.593, 523491.963999999978114 ], [ 254626.246000000013737, 523495.618000000016764 ], [ 254625.579, 523500.0 ], [ 254623.128, 523516.108 ], [ 254675.229, 523524.516 ], [ 254723.279, 523532.270000000018626 ], [ 254882.68, 523557.99 ], [ 254968.264, 523571.816 ], [ 255000.0, 523576.943000000028405 ], [ 255054.019999999989523, 523585.669999999983702 ], [ 255114.200000000011642, 523595.400000000023283 ], [ 255203.106999999989057, 523609.731000000028871 ], [ 255204.828, 523598.928000000014435 ] ] ] ] } },
{ "type": "Feature", "properties": { "buurtcode": "BU01141009", "buurtnaam": "Verspreide huizen Schoonebeek", "pc6_codes": "7761AA, 7761JA, 7761JB, 7761KX, 7761PB, 7761PC, 7761PH, 7761PK, 7761PL, 7761PM, 7761PN, 7761PT, 7761PZ, 7761RG", "wijkcode": "WK011410", "gemeentecode": "GM0114", "gemeentenaam": "Emmen", "oppervlakteLandInHa": 2004, "AantalInwoners_5": 225, "Mannen_6": 110, "Vrouwen_7": 105, "HuishoudensTotaal_29": 85, "GemiddeldeHuishoudensgrootte_33": 2.6, "Woningvoorraad_35": 82, "NieuwbouwWoningen_36": 0, "NietWoningvoorraad_37": 50, "NieuwbouwNietWoningen_38": 0, "GemiddeldeWOZWaardeVanWoningen_39": 382, "PercentageEengezinswoning_40": 99, "PercentageTussenwoningEengezins_41": 1, "PercentageHoekwoningEengezins_42": 1, "PercentageTweeOnderEenKapWoningEe_43": 16, "PercentageVrijstaandeWoningEengezins_44": 80, "PercentageMeergezinswoning_45": 1, "Koopwoningen_47": 91, "HuurwoningenTotaal_48": 9, "InBezitWoningcorporatie_49": 2, "InBezitOverigeVerhuurders_50": 6, "BouwjaarMeerDanTienJaarGeleden_51": 98, "BouwjaarAfgelopenTienJaar_52": 2, "GemiddeldeElektriciteitslevering_53": 4160, "GemiddeldeElektriciteitsteruglevering_54": 2130, "GemiddeldAardgasverbruik_55": 1190, "AardgasvrijeWoningen_57": null, "Aardgaswoningen_58": null, "WoningenMetZonnestroom_59": null, "WoningenHoofdzElektrVerwarmd_60": null, "k_20PersonenMetHoogsteInkomen_80": 27.1, "k_20HuishoudensMetHoogsteInkomen_85": null, "MediaanVermogenVanParticuliereHuish_86": null, "PersonenautoSTotaal_104": 160, "PersonenautoSBrandstofBenzine_105": 125, "PersonenautoSOverigeBrandstof_106": 35, "PersonenautoSPerHuishouden_107": 1.8, "Omgevingsadressendichtheid_121": 50, "AantalInstallatiesBijWoningen_5": 29, "OpgesteldVermogenVanZonnepanelen_6": 178, "installaties_per_woning": 0.35365853658536583, "vermogen_per_woning": 2.1707317073170733, "installaties_per_100_woningen": 35.365853658536587, "vermogen_per_huishouden": 2.0941176470588236, "batterijdruk_score": null, "koop_zon_score": null, "eengezins_zon_score": null, "betaalkracht_zon_score": null, "overige_brandstof_zon_score": null, "lichte_batterij_kansscore": null }, "geometry": { "type": "MultiPolygon", "coordinates": [ [ [ [ 256232.548, 519705.129000000015367 ], [ 256298.075000000011642, 519709.631999999983236 ], [ 256401.386999999987893, 519731.065 ], [ 256472.115, 519754.537000000011176 ], [ 256578.74, 519957.14000000001397 ], [ 256586.19, 519970.44 ], [ 256651.38200000001234, 519932.256 ], [ 256716.203, 520057.906000000017229 ], [ 256855.233, 519996.10999999998603 ], [ 256884.342, 520054.913999999989755 ], [ 257043.99900000001071, 519975.882999999972526 ], [ 257082.155999999988126, 520037.288999999989755 ], [ 257434.030999999988126, 519863.109 ], [ 257525.299999999988358, 519815.022999999986496 ], [ 257598.077, 519766.927000000025146 ], [ 257747.403, 519654.071999999985565 ], [ 257906.106, 519559.575000000011642 ], [ 258128.866, 519474.289999999979045 ], [ 258212.075000000011642, 519450.602000000013504 ], [ 258284.283, 519443.213999999978114 ], [ 258445.087, 519434.596000000019558 ], [ 258544.82, 519416.995999999984633 ], [ 258812.184, 519302.918 ], [ 259077.37599999998929, 519183.532 ], [ 259119.886999999987893, 519161.011 ], [ 259112.529, 519153.038 ], [ 259103.14000000001397, 519142.865 ], [ 259168.47, 519096.32 ], [ 259093.715, 519000.0 ], [ 259041.39000000001397, 518932.580000000016298 ], [ 258960.950000000011642, 518974.14000000001397 ], [ 258956.38, 518965.99 ], [ 258958.66, 518964.87 ], [ 258909.53, 518880.28000000002794 ], [ 258902.549999999988358, 518872.82 ], [ 258791.950000000011642, 518678.700000000011642 ], [ 258783.75, 518672.210000000020955 ], [ 258773.329999999987194, 518668.950000000011642 ], [ 258764.16, 518645.18 ], [ 258772.049999999988358, 518640.35999999998603 ], [ 258791.60999999998603, 518624.840000000025611 ], [ 258522.35, 518182.94 ], [ 258497.730000000010477, 518187.51 ], [ 258479.200000000011642, 518204.10999999998603 ], [ 258470.980000000010477, 518211.78000000002794 ], [ 258465.09, 518218.69 ], [ 258459.96, 518225.64000000001397 ], [ 258455.91, 518233.210000000020955 ], [ 258452.76, 518240.19 ], [ 258449.980000000010477, 518247.849999999976717 ], [ 258447.76, 518256.479999999981374 ], [ 258446.200000000011642, 518263.87 ], [ 258445.54, 518268.63 ], [ 258429.87, 518403.93 ], [ 258420.68, 518486.049999999988358 ], [ 258416.01, 518527.479999999981374 ], [ 258406.03, 518617.37 ], [ 258397.89000000001397, 518676.5 ], [ 258396.28, 518686.080000000016298 ], [ 258393.769999999989523, 518696.650000000023283 ], [ 258390.94, 518706.43 ], [ 258387.670000000012806, 518715.75 ], [ 258383.1, 518725.71999999997206 ], [ 258378.97, 518733.03000000002794 ], [ 258374.25, 518740.46999999997206 ], [ 258369.51, 518746.549999999988358 ], [ 258364.829999999987194, 518751.60999999998603 ], [ 258358.670000000012806, 518757.62 ], [ 258350.35, 518764.10999999998603 ], [ 258350.13, 518764.289999999979045 ], [ 258341.59, 518770.960000000020955 ], [ 258332.519999999989523, 518777.270000000018626 ], [ 258327.950000000011642, 518780.099999999976717 ], [ 258325.366, 518781.356000000028871 ], [ 258322.81, 518782.669999999983702 ], [ 258321.03, 518783.460000000020955 ], [ 258314.59, 518786.43 ], [ 258310.5, 518788.229999999981374 ], [ 258308.942000000010012, 518788.988000000012107 ], [ 258307.353, 518789.677000000025146 ], [ 258305.734, 518790.294999999983702 ], [ 258304.09, 518790.840000000025611 ], [ 258302.348999999987427, 518791.59499999997206 ], [ 258300.582, 518792.287000000011176 ], [ 258298.791999999986729, 518792.916000000026543 ], [ 258296.980000000010477, 518793.479999999981374 ], [ 258273.13, 518800.539999999979045 ], [ 258194.28, 518824.64000000001397 ], [ 258110.28, 518849.60999999998603 ], [ 258088.222, 518856.306999999971595 ], [ 257999.84, 518883.14000000001397 ], [ 257935.96, 518902.03000000002794 ], [ 257920.32, 518906.35999999998603 ], [ 257901.43, 518910.93 ], [ 257879.230000000010477, 518915.349999999976717 ], [ 257707.12, 518946.93 ], [ 257609.60999999998603, 518965.270000000018626 ], [ 257593.1, 518969.12 ], [ 257573.81, 518976.200000000011642 ], [ 257556.03, 518985.12 ], [ 257534.16, 518999.25 ], [ 257525.06, 519007.400000000023283 ], [ 257521.1, 519011.299999999988358 ], [ 257516.579999999987194, 519015.330000000016298 ], [ 257463.329999999987194, 519064.57 ], [ 257428.19, 519097.150000000023283 ], [ 257407.56, 519116.159999999974389 ], [ 257399.56, 519123.909999999974389 ], [ 257380.79, 519141.51 ], [ 257356.5, 519164.979999999981374 ], [ 257334.920000000012806, 519185.69 ], [ 257320.269999999989523, 519199.289999999979045 ], [ 257312.442000000010012, 519205.868000000016764 ], [ 257309.596, 519208.511999999987893 ], [ 257303.391, 519214.321 ], [ 257297.695, 519219.653 ], [ 257291.519, 519225.13 ], [ 257281.077, 519232.863000000012107 ], [ 257270.386999999987893, 519239.71999999997206 ], [ 257268.916, 519240.620999999984633 ], [ 257260.29, 519245.903999999980442 ], [ 257251.519, 519250.592 ], [ 257243.038, 519254.543 ], [ 257230.083000000013271, 519259.957999999984168 ], [ 257217.533, 519264.900000000023283 ], [ 257204.584, 519269.642999999981839 ], [ 257200.6, 519270.936999999976251 ], [ 257189.181000000011409, 519274.26400000002468 ], [ 257177.714, 519277.055999999982305 ], [ 257167.079999999987194, 519279.381 ], [ 257155.299999999988358, 519281.234 ], [ 257152.774, 519281.631 ], [ 257140.66, 519282.401000000012573 ], [ 257123.163, 519283.125 ], [ 257108.824, 519283.506999999983236 ], [ 257094.537000000011176, 519283.887999999977183 ], [ 257088.865, 519283.934 ], [ 257050.133, 519284.25199999997858 ], [ 257035.929, 519284.352000000013504 ], [ 257005.227000000013504, 519284.674999999988358 ], [ 256999.935999999986961, 519284.74 ], [ 256977.34, 519284.900000000023283 ], [ 256963.378, 519285.26500000001397 ], [ 256956.644999999989523, 519285.343999999982771 ], [ 256940.815, 519285.53000000002794 ], [ 256903.267, 519285.96999999997206 ], [ 256835.994, 519286.74 ], [ 256809.392, 519286.63900000002468 ], [ 256801.452, 519286.427000000025146 ], [ 256792.916999999986729, 519285.911000000021886 ], [ 256792.483, 519285.862000000022817 ], [ 256783.518000000010943, 519284.950000000011642 ], [ 256774.434, 519283.674 ], [ 256756.861, 519280.977000000013504 ], [ 256700.253999999986263, 519271.093 ], [ 256655.828, 519263.457 ], [ 256599.084, 519253.90500000002794 ], [ 256595.674, 519253.337999999988824 ], [ 256566.647999999986496, 519248.506999999983236 ], [ 256531.025, 519242.582 ], [ 256521.384, 519240.821 ], [ 256475.511999999987893, 519232.443000000028405 ], [ 256439.68, 519226.597 ], [ 256435.479, 519225.868000000016764 ], [ 256430.56, 519225.01500000001397 ], [ 256389.201, 519218.01500000001397 ], [ 256353.014, 519211.60999999998603 ], [ 256349.34, 519210.960000000020955 ], [ 256314.69, 519204.96999999997206 ], [ 256277.35, 519198.450000000011642 ], [ 256267.700000000011642, 519196.75 ], [ 256243.291999999986729, 519192.618000000016764 ], [ 256215.81, 519188.07 ], [ 256207.606999999989057, 519186.781000000017229 ], [ 256172.88, 519181.32 ], [ 256127.700000000011642, 519173.299999999988358 ], [ 256102.53, 519168.74 ], [ 256079.85, 519164.62 ], [ 256058.66, 519161.419999999983702 ], [ 256046.18, 519160.049999999988358 ], [ 256035.18, 519159.96999999997206 ], [ 256025.97, 519160.18 ], [ 256013.829999999987194, 519161.28000000002794 ], [ 255998.84, 519163.409999999974389 ], [ 255985.62, 519166.43 ], [ 255978.43, 519168.37 ], [ 255966.14000000001397, 519172.659999999974389 ], [ 255955.230000000010477, 519177.289999999979045 ], [ 255944.25, 519182.25 ], [ 255936.12, 519186.43 ], [ 255925.856, 519192.119 ], [ 255914.74, 519198.28000000002794 ], [ 255901.41, 519205.51 ], [ 255847.730000000010477, 519235.28000000002794 ], [ 255826.07, 519247.10999999998603 ], [ 255818.450000000011642, 519251.78000000002794 ], [ 255813.06, 519255.549999999988358 ], [ 255805.96, 519260.35999999998603 ], [ 255784.85, 519277.400000000023283 ], [ 255765.6, 519293.26 ], [ 255755.170000000012806, 519303.090000000025611 ], [ 255735.450000000011642, 519318.96999999997206 ], [ 255703.829999999987194, 519345.31 ], [ 255689.65, 519357.200000000011642 ], [ 255671.4, 519372.46999999997206 ], [ 255643.769999999989523, 519395.409999999974389 ], [ 255613.43, 519420.909999999974389 ], [ 255605.78, 519427.340000000025611 ], [ 255598.411, 519433.009000000020023 ], [ 255588.958000000013271, 519439.708999999973457 ], [ 255582.184, 519443.25 ], [ 255579.139, 519444.897999999986496 ], [ 255562.71, 519451.07 ], [ 255556.098, 519452.592 ], [ 255552.218, 519453.218999999982771 ], [ 255542.606999999989057, 519454.25199999997858 ], [ 255532.74900000001071, 519454.699000000022352 ], [ 255524.519999999989523, 519454.191999999980908 ], [ 255515.271, 519452.479999999981374 ], [ 255507.04, 519450.419 ], [ 255490.125, 519444.26 ], [ 255487.315, 519443.237000000022817 ], [ 255484.469000000011874, 519442.212999999988824 ], [ 255468.231999999989057, 519436.37300000002142 ], [ 255465.644999999989523, 519435.261999999987893 ], [ 255458.286, 519431.792000000015832 ], [ 255451.886999999987893, 519428.773999999975786 ], [ 255448.62, 519427.319000000017695 ], [ 255439.005, 519421.767 ], [ 255435.03, 519419.304 ], [ 255431.076, 519416.771 ], [ 255425.211000000010245, 519412.967 ], [ 255422.14000000001397, 519410.708999999973457 ], [ 255417.984, 519407.652 ], [ 255410.537000000011176, 519401.503000000026077 ], [ 255404.64000000001397, 519395.949000000022352 ], [ 255395.769999999989523, 519386.827999999979511 ], [ 255389.726, 519380.244 ], [ 255386.426, 519376.517 ], [ 255346.840999999985797, 519332.282 ], [ 255337.5, 519322.342 ], [ 255332.638, 519317.424999999988358 ], [ 255325.333000000013271, 519310.386 ], [ 255320.051, 519305.527 ], [ 255309.685, 519296.208999999973457 ], [ 255305.176, 519292.253000000026077 ], [ 255287.144, 519278.63 ], [ 255255.479, 519255.89000000001397 ], [ 255246.128999999986263, 519249.131 ], [ 255215.884, 519227.267 ], [ 255213.793, 519225.755 ], [ 255189.815, 519208.577999999979511 ], [ 255169.823, 519194.256 ], [ 255152.513, 519181.745 ], [ 255148.825000000011642, 519179.080000000016298 ], [ 255128.75, 519164.917000000015832 ], [ 255091.961000000010245, 519138.574000000022352 ], [ 255082.544, 519131.601000000024214 ], [ 255055.388, 519112.12300000002142 ], [ 255042.385, 519102.73499999998603 ], [ 255012.28, 519081.26400000002468 ], [ 255005.182999999989988, 519076.121999999973923 ], [ 254995.771, 519069.347 ], [ 254986.537000000011176, 519063.446 ], [ 254977.191, 519058.848999999987427 ], [ 254976.615, 519058.566 ], [ 254969.621000000013737, 519056.31 ], [ 254962.064000000013039, 519055.327999999979511 ], [ 254947.098999999987427, 519053.5 ], [ 254927.378, 519051.775000000023283 ], [ 254918.03, 519050.957 ], [ 254898.454, 519049.324000000022352 ], [ 254886.912000000011176, 519048.26 ], [ 254861.816, 519045.946 ], [ 254834.323, 519043.516 ], [ 254794.13200000001234, 519040.846000000019558 ], [ 254792.759, 519040.782 ], [ 254791.131, 519049.547000000020489 ], [ 254789.728, 519057.103 ], [ 254788.691, 519062.688000000023749 ], [ 254688.89000000001397, 519600.159999999974389 ], [ 254620.549999999988358, 519969.049999999988358 ], [ 254598.29, 520096.32 ], [ 254563.46, 520296.51400000002468 ], [ 254562.5502, 520301.742000000027474 ], [ 255256.434, 520438.288999999989755 ], [ 255668.094000000011874, 520519.298 ], [ 255705.011, 520343.76400000002468 ], [ 255734.221, 520175.31 ], [ 255736.964, 520126.255 ], [ 255887.13, 520055.39000000001397 ], [ 255998.354, 519998.572999999974854 ], [ 255888.136, 519787.26 ], [ 255936.024, 519764.473999999987427 ], [ 256013.972, 519735.82 ], [ 256097.498, 519714.913999999989755 ], [ 256159.549999999988358, 519707.739 ], [ 256232.548, 519705.129000000015367 ] ] ], [ [ [ 257084.81, 524017.840000000025611 ], [ 257858.212, 523101.436999999976251 ], [ 257916.669, 523155.75199999997858 ], [ 257944.098999999987427, 523122.677000000025146 ], [ 257949.541999999986729, 523130.854999999981374 ], [ 258089.787000000011176, 523288.293 ], [ 258102.413999999989755, 523282.691999999980908 ], [ 258174.392, 523250.762999999977183 ], [ 258200.747, 523239.071999999985565 ], [ 258201.274, 523239.99900000001071 ], [ 258243.381, 523221.120999999984633 ], [ 258266.303000000014435, 523210.843999999982771 ], [ 258288.557999999989988, 523200.867000000027474 ], [ 258311.506, 523190.577999999979511 ], [ 258334.143000000010943, 523180.429 ], [ 258340.019, 523177.794999999983702 ], [ 258356.87400000001071, 523170.201 ], [ 258380.420000000012806, 523159.858 ], [ 258403.813, 523149.430999999982305 ], [ 258426.791999999986729, 523139.270000000018626 ], [ 258449.336000000010245, 523129.261 ], [ 258471.342, 523119.490999999979977 ], [ 258495.516, 523108.759000000020023 ], [ 258504.706, 523104.679 ], [ 258518.10999999998603, 523098.691 ], [ 258564.928000000014435, 523077.775000000023283 ], [ 258700.101, 523017.636999999987893 ], [ 258723.26, 523007.333999999973457 ], [ 258739.745, 523000.0 ], [ 258745.783, 522997.314000000013039 ], [ 258769.038, 522986.902 ], [ 258791.793, 522976.712 ], [ 258815.439000000013039, 522966.125 ], [ 258838.672, 522955.722 ], [ 258867.202, 522942.947999999974854 ], [ 258879.326, 522937.518999999971129 ], [ 259049.972, 522860.75 ], [ 259220.866, 522784.403 ], [ 259362.679, 522721.047000000020489 ], [ 259409.653, 522700.096000000019558 ], [ 259472.026000000012573, 522672.278 ], [ 259511.815, 522654.532 ], [ 259529.39000000001397, 522646.693000000028405 ], [ 259552.891, 522636.212 ], [ 259803.691, 522524.979 ], [ 259835.461000000010245, 522510.722 ], [ 259858.712, 522500.516 ], [ 259902.029, 522481.131999999983236 ], [ 260000.0, 522437.291000000026543 ], [ 260055.625, 522412.400000000023283 ], [ 260065.665, 522407.908 ], [ 260156.61799999998766, 522367.207999999984168 ], [ 260168.631, 522361.842 ], [ 260178.674, 522357.354999999981374 ], [ 260197.32, 522349.026000000012573 ], [ 260219.647999999986496, 522339.052000000025146 ], [ 260242.071999999985565, 522329.034999999974389 ], [ 260264.93, 522318.791000000026543 ], [ 260287.481999999989057, 522308.75 ], [ 260311.0, 522298.244 ], [ 260310.352000000013504, 522296.768999999971129 ], [ 260332.56, 522286.847 ], [ 260380.719000000011874, 522265.331 ], [ 260387.066, 522262.495 ], [ 260387.628999999986263, 522262.244 ], [ 260567.199, 522182.017999999981839 ], [ 260567.560999999986961, 522181.856000000028871 ], [ 260708.416999999986729, 522118.924 ], [ 260703.601, 522108.036000000021886 ], [ 260896.396, 522022.005 ], [ 260909.244, 522016.272 ], [ 260923.009, 522010.129000000015367 ], [ 260945.708000000013271, 522000.0 ], [ 261154.829999999987194, 521906.684 ], [ 261230.567000000010012, 521872.887999999977183 ], [ 261264.226, 521857.977000000013504 ], [ 261332.017, 521827.62400000001071 ], [ 261331.7799, 521826.992000000027474 ], [ 261270.756, 521711.841000000014901 ], [ 261208.318999999988591, 521594.304 ], [ 260965.775, 521137.718 ], [ 260652.016, 520547.020000000018626 ], [ 260629.505, 520504.688000000023749 ], [ 260629.24, 520504.19 ], [ 260627.386, 520500.704000000027008 ], [ 260622.238000000012107, 520491.022 ], [ 260617.521, 520482.151000000012573 ], [ 260527.855000000010477, 520313.525000000023283 ], [ 260362.848, 520003.071999999985565 ], [ 260361.215999999985797, 520000.0 ], [ 260231.014, 519754.842 ], [ 260223.99900000001071, 519721.087 ], [ 260215.212, 519704.518999999971129 ], [ 260205.922, 519709.195 ], [ 260110.063, 519529.558000000019092 ], [ 260105.468, 519520.962 ], [ 260114.575000000011642, 519515.663 ], [ 260031.369, 519359.397999999986496 ], [ 260029.347, 519355.599999999976717 ], [ 260021.049999999988358, 519363.01 ], [ 260018.54, 519365.25199999997858 ], [ 260016.492, 519365.842 ], [ 260011.291999999986729, 519367.338999999978114 ], [ 260000.022999999986496, 519370.585000000020955 ], [ 259970.666, 519379.685 ], [ 259943.37, 519386.479 ], [ 259940.415, 519387.043 ], [ 259937.481, 519386.210000000020955 ], [ 259937.337999999988824, 519386.10999999998603 ], [ 259935.513, 519384.826 ], [ 259932.415, 519382.809 ], [ 259931.255, 519382.081 ], [ 259920.038, 519375.036000000021886 ], [ 259911.784000000014203, 519370.098 ], [ 259892.159000000014203, 519358.479999999981374 ], [ 259877.170000000012806, 519349.420999999972992 ], [ 259874.191, 519347.723 ], [ 259871.556000000011409, 519346.695 ], [ 259870.752, 519346.381 ], [ 259868.426, 519345.881999999983236 ], [ 259864.033, 519344.939000000013039 ], [ 259860.9, 519344.465000000025611 ], [ 259857.991, 519343.87699999997858 ], [ 259852.698, 519342.979 ], [ 259848.283, 519342.221000000019558 ], [ 259844.962, 519341.674999999988358 ], [ 259840.446, 519342.268999999971129 ], [ 259834.585, 519341.37400000001071 ], [ 259825.931000000011409, 519338.854999999981374 ], [ 259809.497, 519336.512999999977183 ], [ 259802.5869, 519335.424 ], [ 259792.021, 519333.550999999977648 ], [ 259788.07, 519332.973 ], [ 259784.078, 519331.951 ], [ 259780.788999999989755, 519330.775000000023283 ], [ 259777.980000000010477, 519329.465000000025611 ], [ 259757.516, 519319.338999999978114 ], [ 259739.546, 519310.507999999972526 ], [ 259735.416, 519308.468 ], [ 259732.663999999989755, 519307.287000000011176 ], [ 259729.973, 519306.772999999986496 ], [ 259727.768000000010943, 519306.662000000011176 ], [ 259723.147, 519301.222 ], [ 259722.191, 519300.097 ], [ 259708.592, 519283.705000000016298 ], [ 259704.635, 519279.512999999977183 ], [ 259695.631, 519268.64000000001397 ], [ 259682.962, 519253.12 ], [ 259679.241, 519247.205000000016298 ], [ 259676.03, 519241.528 ], [ 259673.011, 519236.081 ], [ 259672.859, 519235.73599999997532 ], [ 259670.986, 519231.278999999980442 ], [ 259668.742, 519225.784999999974389 ], [ 259666.839, 519220.614 ], [ 259664.367, 519213.635 ], [ 259662.827, 519208.473 ], [ 259661.408, 519203.382999999972526 ], [ 259660.31, 519199.136999999987893 ], [ 259659.530999999988126, 519195.324000000022352 ], [ 259659.093, 519193.322999999974854 ], [ 259658.329999999987194, 519188.085000000020955 ], [ 259657.63, 519182.232000000018161 ], [ 259654.916, 519153.865 ], [ 259653.950000000011642, 519143.678000000014435 ], [ 259653.784000000014203, 519141.918 ], [ 259652.609, 519130.381999999983236 ], [ 259652.128999999986263, 519125.00199999997858 ], [ 259651.568, 519121.147 ], [ 259651.25700000001234, 519117.962999999988824 ], [ 259651.171, 519114.98499999998603 ], [ 259651.207, 519112.74800000002142 ], [ 259651.644, 519110.607000000018161 ], [ 259652.09, 519109.424999999988358 ], [ 259652.533, 519108.24900000001071 ], [ 259653.88, 519105.228 ], [ 259664.537000000011176, 519086.195 ], [ 259652.971, 519086.951 ], [ 259560.916, 519099.106000000028871 ], [ 259470.404, 519111.108 ], [ 259446.348, 519114.321999999985565 ], [ 259399.422, 519120.590000000025611 ], [ 259381.138, 519123.033 ], [ 259291.603, 519134.949000000022352 ], [ 259422.352000000013504, 519218.794 ], [ 259334.647999999986496, 519319.478 ], [ 259308.256, 519296.489 ], [ 259188.37599999998929, 519370.911000000021886 ], [ 259247.238000000012107, 519472.798 ], [ 259161.708000000013271, 519512.941 ], [ 259105.348999999987427, 519607.81 ], [ 258851.946999999985565, 519739.61099999997532 ], [ 258828.778, 519698.291000000026543 ], [ 258722.285, 519751.48599999997532 ], [ 258675.246000000013737, 519669.316999999980908 ], [ 258535.915, 519751.400000000023283 ], [ 258503.317000000010012, 519696.066999999980908 ], [ 258324.431000000011409, 519801.454000000027008 ], [ 258344.787000000011176, 519837.854 ], [ 257858.111, 520109.204000000027008 ], [ 257804.3918999999878, 520012.857000000018161 ], [ 257581.066, 520137.37300000002142 ], [ 257787.846, 520505.505 ], [ 257339.346, 520759.512999999977183 ], [ 256766.138, 520963.50199999997858 ], [ 256554.51500000001397, 521081.101000000024214 ], [ 256581.612, 521129.291000000026543 ], [ 256538.953, 521153.197999999974854 ], [ 256626.082, 521267.99900000001071 ], [ 256645.997, 521319.331 ], [ 256575.636999999987893, 521382.351000000024214 ], [ 256498.468, 521400.12599999998929 ], [ 256438.321999999985565, 521354.88 ], [ 256384.98499999998603, 521277.316999999980908 ], [ 256343.162000000011176, 521267.392 ], [ 256170.759, 521566.479999999981374 ], [ 255506.891, 521579.131 ], [ 255489.574, 521678.365999999979977 ], [ 254347.337900000013178, 521479.038899999985006 ], [ 254346.102000000013504, 521484.62400000001071 ], [ 254345.920000000012806, 521485.446999999985565 ], [ 254329.799999999988358, 521558.289999999979045 ], [ 254327.12, 521561.419999999983702 ], [ 254320.230000000010477, 521567.169999999983702 ], [ 254316.53, 521572.200000000011642 ], [ 254312.37, 521581.770000000018626 ], [ 254310.06, 521589.03000000002794 ], [ 254307.975, 521599.456 ], [ 254307.74, 521600.63 ], [ 254308.017, 521602.011999999987893 ], [ 254308.549999999988358, 521604.669999999983702 ], [ 254312.450000000011642, 521608.330000000016298 ], [ 254314.29, 521610.419999999983702 ], [ 254315.93, 521611.900000000023283 ], [ 254316.91, 521614.270000000018626 ], [ 254313.968, 521632.267999999981839 ], [ 254310.50700000001234, 521649.06 ], [ 254309.696, 521653.723 ], [ 254286.1, 521780.96999999997206 ], [ 254278.32, 521823.580000000016298 ], [ 254273.18, 521854.87 ], [ 254268.980000000010477, 521875.650000000023283 ], [ 254264.253999999986263, 521898.507999999972526 ], [ 254250.59, 521964.599999999976717 ], [ 254249.29, 521968.830000000016298 ], [ 254248.37, 521973.960000000020955 ], [ 254245.89000000001397, 521987.25099999998929 ], [ 254245.0029, 521992.004299999971408 ], [ 254243.24, 522001.450000000011642 ], [ 254227.93, 522100.38 ], [ 254218.93, 522156.31 ], [ 254215.722, 522175.587 ], [ 254215.476, 522177.065 ], [ 254214.889, 522180.591000000014901 ], [ 254213.551, 522188.635 ], [ 254213.409000000014203, 522189.490999999979977 ], [ 254210.18, 522208.89000000001397 ], [ 254207.685999999986961, 522223.772 ], [ 254205.828, 522234.854 ], [ 254204.351, 522243.659999999974389 ], [ 254204.025, 522245.602000000013504 ], [ 254198.60999999998603, 522277.900000000023283 ], [ 254186.85, 522356.789999999979045 ], [ 254175.666999999986729, 522433.090000000025611 ], [ 254175.222, 522436.125 ], [ 254172.35999999998603, 522455.650000000023283 ], [ 254158.958000000013271, 522543.772999999986496 ], [ 254156.299999999988358, 522561.25 ], [ 254153.937, 522577.434 ], [ 254147.420000000012806, 522622.039999999979045 ], [ 254133.60999999998603, 522711.32 ], [ 254131.051, 522727.928000000014435 ], [ 254114.32, 522836.520000000018626 ], [ 254114.00700000001234, 522838.511 ], [ 254109.351, 522868.132999999972526 ], [ 254097.204, 522945.407 ], [ 254096.090999999985797, 522952.484 ], [ 254095.595, 522955.636999999987893 ], [ 254092.351, 522976.273999999975786 ], [ 254091.953, 522978.806999999971595 ], [ 254078.628399999986868, 523062.7585 ], [ 254071.670000000012806, 523106.599999999976717 ], [ 254049.23499999998603, 523249.631 ], [ 254065.253, 523269.224999999976717 ], [ 254078.678000000014435, 523285.723999999987427 ], [ 254088.057, 523297.212 ], [ 254089.742, 523297.462 ], [ 254092.806000000011409, 523295.406000000017229 ], [ 254096.416, 523291.924999999988358 ], [ 254096.916, 523288.76500000001397 ], [ 254103.871000000013737, 523297.275000000023283 ], [ 254104.086000000010245, 523299.718999999982771 ], [ 254105.85, 523306.12400000001071 ], [ 254110.788999999989755, 523315.525000000023283 ], [ 254130.597, 523338.572999999974854 ], [ 254164.64000000001397, 523378.602000000013504 ], [ 254166.00700000001234, 523380.208999999973457 ], [ 254172.326, 523335.772 ], [ 254180.679, 523286.827999999979511 ], [ 254189.022, 523234.938000000023749 ], [ 254199.239, 523170.072999999974854 ], [ 254208.106, 523113.408999999985099 ], [ 254214.731999999989057, 523072.368000000016764 ], [ 254292.074, 523085.614 ], [ 254288.002, 523110.699000000022352 ], [ 254279.316, 523164.684 ], [ 254266.025, 523248.299999999988358 ], [ 254252.407, 523332.129000000015367 ], [ 254240.386, 523406.98499999998603 ], [ 254246.975, 523405.371999999973923 ], [ 254252.449, 523403.971000000019558 ], [ 254262.670000000012806, 523405.561999999976251 ], [ 254261.367, 523413.24900000001071 ], [ 254261.019999999989523, 523415.299 ], [ 254253.077, 523414.055 ], [ 254231.386999999987893, 523419.87400000001071 ], [ 254212.336000000010245, 523435.256 ], [ 254224.332, 523451.931999999971595 ], [ 254240.916, 523438.57 ], [ 254254.155999999988126, 523435.025000000023283 ], [ 254286.837999999988824, 523440.156000000017229 ], [ 254327.998, 523446.571999999985565 ], [ 254327.826, 523447.484 ], [ 254333.372, 523448.231000000028871 ], [ 254602.621000000013737, 523491.461000000010245 ], [ 254724.059, 522713.680999999982305 ], [ 254751.345, 522624.099999999976717 ], [ 255269.824, 522617.908999999985099 ], [ 255249.84, 522747.113000000012107 ], [ 255252.506, 522748.09499999997206 ], [ 255254.807999999989988, 522748.396 ], [ 255254.941, 522749.200000000011642 ], [ 255270.791999999986729, 522749.614 ], [ 255271.068999999988591, 522748.319000000017695 ], [ 255307.378999999986263, 522748.853 ], [ 255316.641, 522743.863000000012107 ], [ 255318.956, 522743.856000000028871 ], [ 255321.508, 522743.848999999987427 ], [ 255322.535, 522736.90500000002794 ], [ 255322.881, 522735.193000000028405 ], [ 255344.161, 522734.868000000016764 ], [ 255347.576, 522703.667000000015832 ], [ 255380.693, 522707.292000000015832 ], [ 255748.785, 522707.928000000014435 ], [ 255706.78, 523250.906000000017229 ], [ 255798.38, 523254.460000000020955 ], [ 255796.404, 523312.495 ], [ 255818.97, 523316.757999999972526 ], [ 256342.799999999988358, 522810.450000000011642 ], [ 256347.219000000011874, 522818.043 ], [ 256352.836000000010245, 522848.422000000020489 ], [ 256355.702, 522864.592 ], [ 256375.163999999989755, 522965.768999999971129 ], [ 256381.524, 523000.0 ], [ 256389.995, 523045.592 ], [ 256405.429, 523127.444000000017695 ], [ 256418.988000000012107, 523198.897999999986496 ], [ 256426.852000000013504, 523239.951 ], [ 256427.199, 523241.87300000002142 ], [ 256473.836000000010245, 523500.0 ], [ 256476.029, 523512.14000000001397 ], [ 256477.804, 523521.875 ], [ 256478.006, 523524.629000000015367 ], [ 256481.103, 523551.473 ], [ 256536.044, 523852.754000000015367 ], [ 256539.051, 523866.854 ], [ 256543.209, 523889.804 ], [ 256563.394999999989523, 524000.0 ], [ 256566.942000000010012, 524019.365 ], [ 256576.003, 524017.96999999997206 ], [ 256579.318, 524036.824000000022352 ], [ 256878.294, 524025.596000000019558 ], [ 257084.81, 524017.840000000025611 ] ] ] ] } },
{ "type": "Feature", "properties": { "buurtcode": "BU01141300", "buurtnaam": "Veenoord", "pc6_codes": "7844KA, 7844KB, 7844KC, 7844KD, 7844KE, 7844KG, 7844KH, 7844KJ, 7844KK, 7844KL, 7844KM, 7844KN, 7844KR, 7844KS, 7844KT, 7844KV, 7844KW, 7844KX, 7844KZ, 7844LB, 7844LC, 7844LD, 7844LE, 7844LG, 7844LH, 7844LJ, 7844LK, 7844LL, 7844LM, 7844LN, 7844LP, 7844LR, 7844LS, 7844LT, 7844LV, 7844LW, 7844LX, 7844LZ, 7844MA, 7844MB, 7844MC, 7844NA, 7844NB, 7844NC, 7844ND, 7844NE, 7844NG, 7844NH, 7844NJ, 7844NK, 7844NL, 7844NM, 7844NN, 7844NP, 7844NR, 7844NV, 7844NW, 7844NX, 7844NZ, 7844PA, 7844PB, 7844PC, 7844TA, 7844TB, 7844TC, 7844TD, 7844TG, 7844TJ", "wijkcode": "WK011413", "gemeentecode": "GM0114", "gemeentenaam": "Emmen", "oppervlakteLandInHa": 264, "AantalInwoners_5": 2130, "Mannen_6": 1090, "Vrouwen_7": 1040, "HuishoudensTotaal_29": 945, "GemiddeldeHuishoudensgrootte_33": 2.2, "Woningvoorraad_35": 948, "NieuwbouwWoningen_36": 11, "NietWoningvoorraad_37": 134, "NieuwbouwNietWoningen_38": 0, "GemiddeldeWOZWaardeVanWoningen_39": 243, "PercentageEengezinswoning_40": 95, "PercentageTussenwoningEengezins_41": 15, "PercentageHoekwoningEengezins_42": 16, "PercentageTweeOnderEenKapWoningEe_43": 41, "PercentageVrijstaandeWoningEengezins_44": 23, "PercentageMeergezinswoning_45": 5, "Koopwoningen_47": 58, "HuurwoningenTotaal_48": 42, "InBezitWoningcorporatie_49": 39, "InBezitOverigeVerhuurders_50": 3, "BouwjaarMeerDanTienJaarGeleden_51": 95, "BouwjaarAfgelopenTienJaar_52": 5, "GemiddeldeElektriciteitslevering_53": 2730, "GemiddeldeElektriciteitsteruglevering_54": 1470, "GemiddeldAardgasverbruik_55": 970, "AardgasvrijeWoningen_57": 5, "Aardgaswoningen_58": 89, "WoningenMetZonnestroom_59": 69, "WoningenHoofdzElektrVerwarmd_60": 11, "k_20PersonenMetHoogsteInkomen_80": 9.7, "k_20HuishoudensMetHoogsteInkomen_85": 12.4, "MediaanVermogenVanParticuliereHuish_86": 71.6, "PersonenautoSTotaal_104": 1315, "PersonenautoSBrandstofBenzine_105": 1025, "PersonenautoSOverigeBrandstof_106": 290, "PersonenautoSPerHuishouden_107": 1.4, "Omgevingsadressendichtheid_121": 623, "AantalInstallatiesBijWoningen_5": 468, "OpgesteldVermogenVanZonnepanelen_6": 1647, "installaties_per_woning": 0.49367088607594939, "vermogen_per_woning": 1.7373417721518987, "installaties_per_100_woningen": 49.367088607594937, "vermogen_per_huishouden": 1.7428571428571429, "batterijdruk_score": 1014.3, "koop_zon_score": 0.4002, "eengezins_zon_score": 0.6555, "betaalkracht_zon_score": 49.404, "overige_brandstof_zon_score": 200.1, "lichte_batterij_kansscore": 0.49154113699856961 }, "geometry": { "type": "MultiPolygon", "coordinates": [ [ [ [ 253502.404, 527762.248999999952503 ], [ 253516.577, 527704.432999999960884 ], [ 253522.451, 527681.746000000042841 ], [ 253529.728, 527654.363999999943189 ], [ 253547.037000000011176, 527588.462000000057742 ], [ 253547.592, 527586.285000000032596 ], [ 253559.657, 527538.98499999998603 ], [ 253569.109, 527501.429 ], [ 253587.253, 527429.341999999945983 ], [ 253589.711000000010245, 527419.567000000039116 ], [ 253594.679, 527399.814000000013039 ], [ 253603.24900000001071, 527365.175999999977648 ], [ 253646.102000000013504, 527194.26 ], [ 253676.679, 527174.251000000047497 ], [ 253675.403, 527171.98699999996461 ], [ 253674.670000000012806, 527169.493999999947846 ], [ 253674.519, 527166.900000000023283 ], [ 253674.956, 527164.337999999988824 ], [ 253677.827, 527154.052000000025146 ], [ 253685.63200000001234, 527126.089999999967404 ], [ 253687.340999999985797, 527123.621000000042841 ], [ 253684.356999999989057, 527110.78000000002794 ], [ 253742.25700000001234, 526899.005 ], [ 253739.712, 526877.628000000026077 ], [ 253772.541, 526813.337999999988824 ], [ 253776.393000000010943, 526812.258999999961816 ], [ 253758.016, 526747.925999999977648 ], [ 253768.053000000014435, 526707.871000000042841 ], [ 253781.831, 526652.886000000056811 ], [ 253783.172, 526617.466999999945983 ], [ 253812.779, 526514.550000000046566 ], [ 253827.12400000001071, 526482.348 ], [ 253829.016, 526466.587000000057742 ], [ 253825.003999999986263, 526452.567000000039116 ], [ 253854.401000000012573, 526445.069000000017695 ], [ 253847.16, 526411.439999999944121 ], [ 253886.631, 526264.753999999957159 ], [ 253907.89000000001397, 526185.748999999952503 ], [ 253908.628, 526183.008000000030734 ], [ 253955.807, 526002.523999999975786 ], [ 253964.738000000012107, 525968.354999999981374 ], [ 254018.063, 525766.417999999946915 ], [ 254022.794, 525748.5 ], [ 254085.745, 525510.099000000045635 ], [ 254104.891, 525437.577999999979511 ], [ 254130.489, 525340.618999999947846 ], [ 254125.658, 525336.589000000036322 ], [ 254126.21, 525332.756999999983236 ], [ 254151.299, 525238.493999999947846 ], [ 254154.709, 525225.952999999979511 ], [ 254155.115, 525224.459999999962747 ], [ 254157.529, 525215.579000000027008 ], [ 254160.351, 525205.201 ], [ 254163.211000000010245, 525194.680000000051223 ], [ 254166.071999999985565, 525184.15500000002794 ], [ 254168.893000000010943, 525173.778999999980442 ], [ 254169.778, 525170.525999999954365 ], [ 254171.741, 525163.305000000051223 ], [ 254172.352000000013504, 525161.057999999960884 ], [ 254174.718, 525152.354999999981374 ], [ 254175.658, 525148.898000000044703 ], [ 254176.14000000001397, 525147.126000000047497 ], [ 254176.886, 525144.199000000022352 ], [ 254179.223, 525135.032 ], [ 254181.47, 525126.216000000014901 ], [ 254183.785, 525117.133000000030734 ], [ 254184.676, 525113.638999999966472 ], [ 254188.541999999986729, 525098.812000000034459 ], [ 254189.087, 525096.71999999997206 ], [ 254194.50099999998929, 525074.515999999945052 ], [ 254196.956, 525064.468 ], [ 254214.418, 525000.0 ], [ 254220.029, 524979.283000000054017 ], [ 254231.519999999989523, 524935.824999999953434 ], [ 254233.562, 524928.179 ], [ 254239.813, 524906.189999999944121 ], [ 254251.416999999986729, 524861.32999999995809 ], [ 254269.843, 524795.417999999946915 ], [ 254284.943999999988591, 524740.929 ], [ 254285.85999999998603, 524735.069999999948777 ], [ 254288.487, 524727.981000000028871 ], [ 254289.987, 524722.256999999983236 ], [ 254301.435, 524676.462999999988824 ], [ 254303.587999999988824, 524669.812000000034459 ], [ 254310.839, 524642.253999999957159 ], [ 254312.883, 524633.939999999944121 ], [ 254314.547, 524627.336000000010245 ], [ 254324.274, 524588.718 ], [ 254335.759, 524544.523000000044703 ], [ 254345.37, 524507.229999999981374 ], [ 254361.16, 524445.5 ], [ 254366.78, 524424.17000000004191 ], [ 254387.74, 524344.589999999967404 ], [ 254399.352000000013504, 524301.017 ], [ 254421.37, 524217.080000000016298 ], [ 254379.731999999989057, 524219.159999999974389 ], [ 254360.306000000011409, 524220.13 ], [ 254349.279, 524220.680999999982305 ], [ 254305.678000000014435, 524222.349999999976717 ], [ 254295.193, 524223.382999999972526 ], [ 254307.63200000001234, 524144.576 ], [ 254323.62599999998929, 524044.364 ], [ 254330.649, 524000.0 ], [ 254341.852000000013504, 523929.23499999998603 ], [ 254349.149, 523884.652 ], [ 254273.221, 523869.960000000020955 ], [ 254265.071, 523864.085000000020955 ], [ 254225.315, 523856.429 ], [ 254219.230000000010477, 523866.429 ], [ 254163.622, 523958.216000000014901 ], [ 254138.785, 524000.0 ], [ 254087.119, 524086.919999999983702 ], [ 254000.0, 524234.799999999988358 ], [ 253998.788999999989755, 524236.636 ], [ 253996.536, 524236.732000000018161 ], [ 253894.6729, 524241.114 ], [ 253888.84, 524277.288999999989755 ], [ 253882.644, 524316.724000000045635 ], [ 253880.517, 524330.927000000025146 ], [ 253879.847, 524335.403999999980442 ], [ 253878.730000000010477, 524342.410999999963678 ], [ 253876.317000000010012, 524357.246000000042841 ], [ 253870.363000000012107, 524392.628000000026077 ], [ 253867.97, 524408.050999999977648 ], [ 253859.365, 524461.530999999959022 ], [ 253852.008, 524506.834999999962747 ], [ 253850.237, 524517.816 ], [ 253845.579999999987194, 524549.185000000055879 ], [ 253796.666, 524550.39000000001397 ], [ 253598.707, 525226.655999999959022 ], [ 253350.41, 525153.334999999962747 ], [ 253257.328, 525469.930000000051223 ], [ 253231.545000000012806, 525610.73699999996461 ], [ 253248.321999999985565, 525761.49800000002142 ], [ 253300.858, 525885.981000000028871 ], [ 253211.0, 525945.46999999997206 ], [ 253133.693, 526204.089999999967404 ], [ 253293.605000000010477, 526253.251000000047497 ], [ 253180.746000000013737, 526624.12 ], [ 252666.173, 526769.253000000026077 ], [ 252659.896, 526791.118000000016764 ], [ 252651.548, 526820.714999999967404 ], [ 252639.952, 526861.09699999995064 ], [ 252630.329999999987194, 526895.079000000027008 ], [ 252618.472, 526935.893000000040047 ], [ 252606.508, 526977.54500000004191 ], [ 252593.65, 527022.437999999965541 ], [ 252580.516, 527068.006000000052154 ], [ 252569.467, 527106.503000000026077 ], [ 252556.977000000013504, 527150.126000000047497 ], [ 252544.723, 527193.064999999944121 ], [ 252532.166999999986729, 527236.795999999972992 ], [ 252520.74299999998766, 527275.863999999943189 ], [ 252510.268000000010943, 527312.359000000054948 ], [ 252500.209, 527347.554 ], [ 252489.32, 527384.979999999981374 ], [ 252478.552, 527422.229000000050291 ], [ 252467.791999999986729, 527459.807000000029802 ], [ 252460.603, 527484.991999999969266 ], [ 252445.149, 527485.733 ], [ 252432.891, 527486.292999999946915 ], [ 252419.918, 527486.937000000034459 ], [ 252407.886, 527487.587999999988824 ], [ 252390.484, 527488.422999999951571 ], [ 252375.563, 527489.277 ], [ 252360.193, 527490.015999999945052 ], [ 252357.883, 527499.606000000028871 ], [ 252352.24, 527519.684 ], [ 253262.502, 527475.177000000025146 ], [ 253214.383, 527631.050999999977648 ], [ 253188.615, 527744.234000000054948 ], [ 253487.651000000012573, 527824.95499999995809 ], [ 253502.404, 527762.248999999952503 ] ] ] ] } },
{ "type": "Feature", "properties": { "buurtcode": "BU01141308", "buurtnaam": "Ermerveen", "pc6_codes": "7844TD, 7844TE", "wijkcode": "WK011413", "gemeentecode": "GM0114", "gemeentenaam": "Emmen", "oppervlakteLandInHa": 43, "AantalInwoners_5": 10, "Mannen_6": 5, "Vrouwen_7": 5, "HuishoudensTotaal_29": 5, "GemiddeldeHuishoudensgrootte_33": 3.0, "Woningvoorraad_35": 5, "NieuwbouwWoningen_36": 0, "NietWoningvoorraad_37": 0, "NieuwbouwNietWoningen_38": 0, "GemiddeldeWOZWaardeVanWoningen_39": null, "PercentageEengezinswoning_40": null, "PercentageTussenwoningEengezins_41": null, "PercentageHoekwoningEengezins_42": null, "PercentageTweeOnderEenKapWoningEe_43": null, "PercentageVrijstaandeWoningEengezins_44": null, "PercentageMeergezinswoning_45": null, "Koopwoningen_47": null, "HuurwoningenTotaal_48": null, "InBezitWoningcorporatie_49": null, "InBezitOverigeVerhuurders_50": null, "BouwjaarMeerDanTienJaarGeleden_51": null, "BouwjaarAfgelopenTienJaar_52": null, "GemiddeldeElektriciteitslevering_53": null, "GemiddeldeElektriciteitsteruglevering_54": null, "GemiddeldAardgasverbruik_55": null, "AardgasvrijeWoningen_57": null, "Aardgaswoningen_58": null, "WoningenMetZonnestroom_59": null, "WoningenHoofdzElektrVerwarmd_60": null, "k_20PersonenMetHoogsteInkomen_80": null, "k_20HuishoudensMetHoogsteInkomen_85": null, "MediaanVermogenVanParticuliereHuish_86": null, "PersonenautoSTotaal_104": 5, "PersonenautoSBrandstofBenzine_105": 5, "PersonenautoSOverigeBrandstof_106": 0, "PersonenautoSPerHuishouden_107": null, "Omgevingsadressendichtheid_121": 14, "AantalInstallatiesBijWoningen_5": null, "OpgesteldVermogenVanZonnepanelen_6": null, "installaties_per_woning": null, "vermogen_per_woning": null, "installaties_per_100_woningen": null, "vermogen_per_huishouden": null, "batterijdruk_score": null, "koop_zon_score": null, "eengezins_zon_score": null, "betaalkracht_zon_score": null, "overige_brandstof_zon_score": null, "lichte_batterij_kansscore": null }, "geometry": { "type": "MultiPolygon", "coordinates": [ [ [ [ 253070.8381, 528999.999900000053458 ], [ 253076.673, 528989.39000000001397 ], [ 253088.5391, 528967.901100000017323 ], [ 253090.59409999998752, 528968.387899999972433 ], [ 253095.259, 528969.493000000016764 ], [ 253160.8381, 528985.021900000050664 ], [ 253220.1411, 528746.434099999954924 ], [ 253258.720899999985704, 528592.99910000001546 ], [ 253290.3491, 528608.371999999973923 ], [ 253310.559100000013132, 528529.9719 ], [ 253311.266, 528527.2210999999661 ], [ 253312.852000000013504, 528521.051100000040606 ], [ 253313.4161, 528518.79500000004191 ], [ 253315.701, 528509.652099999948405 ], [ 253343.109, 528400.000099999946542 ], [ 253358.4269, 528338.714099999982864 ], [ 253376.9661, 528264.541899999952875 ], [ 253385.1041, 528232.276100000017323 ], [ 253390.50099999998929, 528210.392 ], [ 253398.899, 528176.794100000057369 ], [ 253417.097, 528103.986000000033528 ], [ 253423.459, 528078.533000000054017 ], [ 253429.351, 528054.959999999962747 ], [ 253460.79, 527929.179 ], [ 253464.271, 527915.253000000026077 ], [ 253487.651000000012573, 527824.95499999995809 ], [ 253188.615, 527744.234000000054948 ], [ 253033.786, 528219.086000000010245 ], [ 252944.377100000012433, 528432.29680000001099 ], [ 252952.272, 528435.983 ], [ 252952.74900000001071, 528442.576 ], [ 252953.011, 528444.040000000037253 ], [ 252950.886999999987893, 528450.057999999960884 ], [ 252939.43, 528477.424 ], [ 252928.635, 528503.26500000001397 ], [ 252921.912000000011176, 528519.741000000038184 ], [ 252915.677, 528536.300000000046566 ], [ 252904.776000000012573, 528562.165000000037253 ], [ 252896.04, 528585.366999999969266 ], [ 252885.336000000010245, 528615.746000000042841 ], [ 252884.574, 528617.87 ], [ 252880.783, 528616.723 ], [ 252879.657, 528621.005 ], [ 252875.15, 528634.074999999953434 ], [ 252866.456, 528660.152 ], [ 252858.25, 528683.243000000016764 ], [ 252849.672, 528706.819999999948777 ], [ 252847.613000000012107, 528711.187000000034459 ], [ 252842.88, 528722.90500000002794 ], [ 252839.299999999988358, 528729.518000000040047 ], [ 252837.022, 528733.270999999949709 ], [ 252833.641, 528738.680000000051223 ], [ 252829.81, 528744.763999999966472 ], [ 252824.071999999985565, 528753.13 ], [ 252822.941, 528754.802000000025146 ], [ 252807.051, 528779.015999999945052 ], [ 252791.280999999988126, 528803.662999999942258 ], [ 252779.693999999988591, 528821.246000000042841 ], [ 252767.1172, 528840.74910000001546 ], [ 253051.005, 529035.626000000047497 ], [ 253070.8381, 528999.999900000053458 ] ] ] ] } },
{ "type": "Feature", "properties": { "buurtcode": "BU01141309", "buurtnaam": "Verspreide huizen Veenoord", "pc6_codes": "7844NG, 7844NS, 7844TL", "wijkcode": "WK011413", "gemeentecode": "GM0114", "gemeentenaam": "Emmen", "oppervlakteLandInHa": 174, "AantalInwoners_5": 20, "Mannen_6": 10, "Vrouwen_7": 10, "HuishoudensTotaal_29": 10, "GemiddeldeHuishoudensgrootte_33": 2.4, "Woningvoorraad_35": 7, "NieuwbouwWoningen_36": 0, "NietWoningvoorraad_37": 1, "NieuwbouwNietWoningen_38": 0, "GemiddeldeWOZWaardeVanWoningen_39": null, "PercentageEengezinswoning_40": null, "PercentageTussenwoningEengezins_41": null, "PercentageHoekwoningEengezins_42": null, "PercentageTweeOnderEenKapWoningEe_43": null, "PercentageVrijstaandeWoningEengezins_44": null, "PercentageMeergezinswoning_45": null, "Koopwoningen_47": null, "HuurwoningenTotaal_48": null, "InBezitWoningcorporatie_49": null, "InBezitOverigeVerhuurders_50": null, "BouwjaarMeerDanTienJaarGeleden_51": null, "BouwjaarAfgelopenTienJaar_52": null, "GemiddeldeElektriciteitslevering_53": null, "GemiddeldeElektriciteitsteruglevering_54": null, "GemiddeldAardgasverbruik_55": null, "AardgasvrijeWoningen_57": null, "Aardgaswoningen_58": null, "WoningenMetZonnestroom_59": null, "WoningenHoofdzElektrVerwarmd_60": null, "k_20PersonenMetHoogsteInkomen_80": null, "k_20HuishoudensMetHoogsteInkomen_85": null, "MediaanVermogenVanParticuliereHuish_86": null, "PersonenautoSTotaal_104": 10, "PersonenautoSBrandstofBenzine_105": 5, "PersonenautoSOverigeBrandstof_106": 5, "PersonenautoSPerHuishouden_107": null, "Omgevingsadressendichtheid_121": 266, "AantalInstallatiesBijWoningen_5": null, "OpgesteldVermogenVanZonnepanelen_6": null, "installaties_per_woning": null, "vermogen_per_woning": null, "installaties_per_100_woningen": null, "vermogen_per_huishouden": null, "batterijdruk_score": null, "koop_zon_score": null, "eengezins_zon_score": null, "betaalkracht_zon_score": null, "overige_brandstof_zon_score": null, "lichte_batterij_kansscore": null }, "geometry": { "type": "MultiPolygon", "coordinates": [ [ [ [ 253350.41, 525153.334999999962747 ], [ 253598.707, 525226.655999999959022 ], [ 253796.666, 524550.39000000001397 ], [ 253743.302, 524550.959999999962747 ], [ 253695.223, 524552.12300000002142 ], [ 253663.209, 524552.910000000032596 ], [ 253626.538999999989755, 524553.802999999956228 ], [ 253580.214, 524554.809 ], [ 253541.901000000012573, 524555.767 ], [ 253533.543, 524555.714999999967404 ], [ 253506.113000000012107, 524556.207999999984168 ], [ 253504.96, 524556.246000000042841 ], [ 253491.144, 524556.723 ], [ 253489.723999999987427, 524556.723 ], [ 253450.956, 524557.358 ], [ 253420.651000000012573, 524558.140999999945052 ], [ 253387.185999999986961, 524558.756999999983236 ], [ 253349.71, 524559.415999999968335 ], [ 253332.87599999998929, 524559.861000000033528 ], [ 253300.663, 524560.756000000052154 ], [ 253268.287000000011176, 524561.354999999981374 ], [ 253259.884, 524561.493999999947846 ], [ 253242.277, 524621.728 ], [ 253241.684, 524623.589999999967404 ], [ 253234.484, 524650.442999999970198 ], [ 253193.918, 524785.601999999955297 ], [ 253112.087999999988824, 525070.687000000034459 ], [ 253105.149, 525090.32999999995809 ], [ 253098.488000000012107, 525110.586000000010245 ], [ 253046.721, 525298.508999999961816 ], [ 252994.176, 525482.905999999959022 ], [ 252946.38200000001234, 525654.927999999956228 ], [ 252934.975, 525698.35999999998603 ], [ 252923.759, 525738.295999999972992 ], [ 252911.836000000010245, 525782.108 ], [ 252904.317000000010012, 525805.305999999982305 ], [ 252903.326, 525808.878999999957159 ], [ 252901.937, 525813.48699999996461 ], [ 252901.288999999989755, 525815.866999999969266 ], [ 252898.394, 525826.057999999960884 ], [ 252898.12599999998929, 525827.003000000026077 ], [ 252897.619, 525828.787000000011176 ], [ 252893.096, 525844.709000000031665 ], [ 252890.585, 525853.743000000016764 ], [ 252879.165, 525895.128000000026077 ], [ 252871.796, 525921.775000000023283 ], [ 252863.252, 525952.209999999962747 ], [ 252855.745, 525979.631000000052154 ], [ 252847.127, 526010.633999999961816 ], [ 252839.236, 526039.731999999959953 ], [ 252831.309, 526068.390999999945052 ], [ 252823.405, 526096.848 ], [ 252818.109, 526116.462999999988824 ], [ 252809.328, 526147.439000000013039 ], [ 252799.845, 526181.603 ], [ 252791.521, 526211.297999999951571 ], [ 252784.568, 526237.63 ], [ 252776.687, 526264.897 ], [ 252776.59, 526265.234000000054948 ], [ 252776.062, 526267.059 ], [ 252773.883, 526271.32999999995809 ], [ 252773.359, 526273.157 ], [ 252773.263, 526273.493000000016764 ], [ 252760.366, 526318.464999999967404 ], [ 252752.791, 526344.567000000039116 ], [ 252742.324, 526381.902 ], [ 252732.552, 526415.969000000040978 ], [ 252720.128999999986263, 526459.804 ], [ 252708.036, 526502.287000000011176 ], [ 252696.758, 526541.974999999976717 ], [ 252685.106999999989057, 526582.496000000042841 ], [ 252670.079, 526635.170999999972992 ], [ 252665.578, 526650.947999999974854 ], [ 252654.546, 526689.574999999953434 ], [ 252646.295000000012806, 526718.383999999961816 ], [ 252655.098, 526741.187999999965541 ], [ 252661.802, 526758.177000000025146 ], [ 252666.173, 526769.253000000026077 ], [ 253180.746000000013737, 526624.12 ], [ 253293.605000000010477, 526253.251000000047497 ], [ 253133.693, 526204.089999999967404 ], [ 253211.0, 525945.46999999997206 ], [ 253300.858, 525885.981000000028871 ], [ 253248.321999999985565, 525761.49800000002142 ], [ 253231.545000000012806, 525610.73699999996461 ], [ 253257.328, 525469.930000000051223 ], [ 253350.41, 525153.334999999962747 ] ] ], [ [ [ 253214.383, 527631.050999999977648 ], [ 253262.502, 527475.177000000025146 ], [ 252352.24, 527519.684 ], [ 252344.285, 527547.202999999979511 ], [ 252338.777, 527566.53000000002794 ], [ 252334.554, 527581.383000000030734 ], [ 252325.769, 527613.856999999959953 ], [ 252320.488000000012107, 527633.741000000038184 ], [ 252317.443, 527645.52800000004936 ], [ 252308.098, 527679.26 ], [ 252303.359, 527696.224000000045635 ], [ 252275.851, 527793.403999999980442 ], [ 252239.965999999985797, 527920.508999999961816 ], [ 252217.492, 527999.288999999989755 ], [ 252214.149, 528010.334000000031665 ], [ 252209.9363, 528025.624599999981001 ], [ 252209.931000000011409, 528025.643999999971129 ], [ 252209.791999999986729, 528026.150999999954365 ], [ 252272.74900000001071, 528061.599000000045635 ], [ 252352.848, 528106.481000000028871 ], [ 252351.948, 528107.817000000039116 ], [ 252364.324, 528114.23699999996461 ], [ 252365.079999999987194, 528113.189000000013039 ], [ 252412.421, 528138.643999999971129 ], [ 252440.983, 528153.90500000002794 ], [ 252460.642, 528164.473 ], [ 252490.356999999989057, 528180.682000000029802 ], [ 252515.783, 528194.743999999947846 ], [ 252559.177, 528218.199999999953434 ], [ 252582.737, 528231.337999999988824 ], [ 252599.987, 528240.674 ], [ 252658.179, 528273.015999999945052 ], [ 252680.79, 528285.131000000052154 ], [ 252735.5, 528315.28000000002794 ], [ 252812.1, 528357.714000000036322 ], [ 252872.953, 528391.496999999973923 ], [ 252903.029, 528408.060000000055879 ], [ 252911.321, 528412.758999999961816 ], [ 252910.405999999988126, 528414.587999999988824 ], [ 252931.418, 528426.246000000042841 ], [ 252944.377100000012433, 528432.29680000001099 ], [ 253033.786, 528219.086000000010245 ], [ 253188.615, 527744.234000000054948 ], [ 253214.383, 527631.050999999977648 ] ] ], [ [ [ 252758.26, 528854.484000000054948 ], [ 252746.793, 528871.272 ], [ 252726.467, 528902.189999999944121 ], [ 252711.144, 528925.625 ], [ 252706.862, 528932.160000000032596 ], [ 252700.553000000014435, 528941.849999999976717 ], [ 252691.494, 528955.866999999969266 ], [ 252686.394999999989523, 528963.73499999998603 ], [ 252681.973999999987427, 528970.116000000038184 ], [ 252668.146, 528992.055000000051223 ], [ 252655.844000000011874, 529010.67000000004191 ], [ 252629.253999999986263, 529050.555999999982305 ], [ 252598.111, 529099.050999999977648 ], [ 252594.505, 529104.684 ], [ 252592.291, 529107.898000000044703 ], [ 252581.834, 529124.322000000043772 ], [ 252570.394, 529141.189999999944121 ], [ 252557.324, 529160.79500000004191 ], [ 252545.606, 529178.371999999973923 ], [ 252549.50099999998929, 529180.822000000043772 ], [ 252544.143000000010943, 529188.915999999968335 ], [ 252521.965999999985797, 529223.462000000057742 ], [ 252511.363000000012107, 529239.532 ], [ 252503.73499999998603, 529251.618999999947846 ], [ 252496.524, 529262.660999999963678 ], [ 252490.053000000014435, 529272.566 ], [ 252482.364, 529282.64000000001397 ], [ 252472.253999999986263, 529295.417999999946915 ], [ 252468.47, 529300.050000000046566 ], [ 252480.976, 529305.77800000004936 ], [ 252487.268000000010943, 529310.285999999963678 ], [ 252494.475, 529317.020000000018626 ], [ 252501.682, 529324.234000000054948 ], [ 252508.233, 529330.495 ], [ 252515.449, 529338.876000000047497 ], [ 252517.818999999988591, 529342.040999999968335 ], [ 252534.604, 529367.807999999960884 ], [ 252544.405, 529383.517 ], [ 252548.098, 529389.422999999951571 ], [ 252564.564000000013039, 529414.76500000001397 ], [ 252580.441, 529440.21999999997206 ], [ 252602.413, 529479.212999999988824 ], [ 252606.920000000012806, 529486.363000000012107 ], [ 252610.695, 529493.645000000018626 ], [ 252611.771, 529495.412999999942258 ], [ 252612.86799999998766, 529497.603 ], [ 252613.674, 529499.626000000047497 ], [ 252643.303000000014435, 529480.24 ], [ 252660.878999999986263, 529468.633999999961816 ], [ 252708.767, 529437.550000000046566 ], [ 252778.753999999986263, 529392.273999999975786 ], [ 252871.302, 529332.174 ], [ 252890.112, 529319.231999999959953 ], [ 252893.169, 529316.915999999968335 ], [ 252895.674, 529314.327000000048429 ], [ 252898.459, 529310.444000000017695 ], [ 252918.071999999985565, 529275.057000000029802 ], [ 252962.003, 529196.505 ], [ 253027.077, 529078.606000000028871 ], [ 253051.005, 529035.626000000047497 ], [ 252767.1172, 528840.74910000001546 ], [ 252758.26, 528854.484000000054948 ] ] ] ] } },
{ "type": "Feature", "properties": { "buurtcode": "BU01142100", "buurtnaam": "Nieuw-Schoonebeek", "pc6_codes": "7766AD, 7766AE, 7766AM, 7766AN, 7766AP, 7766AR, 7766AT, 7766AV, 7766AZ, 7766BA, 7766BB, 7766BC, 7766BD, 7766BE, 7766BG, 7766BH, 7766BJ, 7766BK, 7766BL, 7766BM, 7766BN, 7766BP, 7766BR, 7766BS, 7766BV, 7766BW", "wijkcode": "WK011421", "gemeentecode": "GM0114", "gemeentenaam": "Emmen", "oppervlakteLandInHa": 62, "AantalInwoners_5": 795, "Mannen_6": 410, "Vrouwen_7": 380, "HuishoudensTotaal_29": 335, "GemiddeldeHuishoudensgrootte_33": 2.3, "Woningvoorraad_35": 352, "NieuwbouwWoningen_36": 1, "NietWoningvoorraad_37": 24, "NieuwbouwNietWoningen_38": 0, "GemiddeldeWOZWaardeVanWoningen_39": 257, "PercentageEengezinswoning_40": 89, "PercentageTussenwoningEengezins_41": 7, "PercentageHoekwoningEengezins_42": 7, "PercentageTweeOnderEenKapWoningEe_43": 34, "PercentageVrijstaandeWoningEengezins_44": 41, "PercentageMeergezinswoning_45": 11, "Koopwoningen_47": 73, "HuurwoningenTotaal_48": 27, "InBezitWoningcorporatie_49": 18, "InBezitOverigeVerhuurders_50": 10, "BouwjaarMeerDanTienJaarGeleden_51": 89, "BouwjaarAfgelopenTienJaar_52": 11, "GemiddeldeElektriciteitslevering_53": 3330, "GemiddeldeElektriciteitsteruglevering_54": 1760, "GemiddeldAardgasverbruik_55": 1050, "AardgasvrijeWoningen_57": 8, "Aardgaswoningen_58": 79, "WoningenMetZonnestroom_59": 69, "WoningenHoofdzElektrVerwarmd_60": 16, "k_20PersonenMetHoogsteInkomen_80": 16.6, "k_20HuishoudensMetHoogsteInkomen_85": 26.3, "MediaanVermogenVanParticuliereHuish_86": 186.1, "PersonenautoSTotaal_104": 510, "PersonenautoSBrandstofBenzine_105": 425, "PersonenautoSOverigeBrandstof_106": 85, "PersonenautoSPerHuishouden_107": 1.5, "Omgevingsadressendichtheid_121": 127, "AantalInstallatiesBijWoningen_5": 161, "OpgesteldVermogenVanZonnepanelen_6": 616, "installaties_per_woning": 0.45738636363636365, "vermogen_per_woning": 1.75, "installaties_per_100_woningen": 45.738636363636367, "vermogen_per_huishouden": 1.8388059701492536, "batterijdruk_score": 1214.4, "koop_zon_score": 0.5037, "eengezins_zon_score": 0.6141, "betaalkracht_zon_score": 128.409, "overige_brandstof_zon_score": 58.65, "lichte_batterij_kansscore": 0.51429343023785024 }, "geometry": { "type": "MultiPolygon", "coordinates": [ [ [ [ 263540.121999999973923, 519405.164999999979045 ], [ 263458.935999999986961, 519143.797000000020489 ], [ 263855.927000000025146, 519020.484 ], [ 263826.382999999972526, 518907.210000000020955 ], [ 263735.141, 518672.099999999976717 ], [ 263637.919999999983702, 518709.830000000016298 ], [ 263614.62, 518662.330000000016298 ], [ 263551.039999999979045, 518686.43 ], [ 263483.549999999988358, 518546.64000000001397 ], [ 263409.590000000025611, 518580.76 ], [ 263332.74800000002142, 518626.556999999971595 ], [ 263254.875, 518675.018999999971129 ], [ 263304.906000000017229, 518735.647 ], [ 263181.897, 518767.642999999981839 ], [ 262762.577, 518914.092 ], [ 262722.98499999998603, 518925.191 ], [ 262738.200000000011642, 518948.71999999997206 ], [ 262792.169999999983702, 519032.18 ], [ 262827.572999999974854, 519131.810999999986961 ], [ 262982.262999999977183, 519578.446 ], [ 263540.121999999973923, 519405.164999999979045 ] ] ] ] } },
{ "type": "Feature", "properties": { "buurtcode": "BU01142101", "buurtnaam": "Westelijk Nieuw-Schoonebeek", "pc6_codes": "7766AA, 7766AB, 7766AC, 7766AD, 7766AL, 7766AM, 7766AW", "wijkcode": "WK011421", "gemeentecode": "GM0114", "gemeentenaam": "Emmen", "oppervlakteLandInHa": 105, "AantalInwoners_5": 205, "Mannen_6": 95, "Vrouwen_7": 110, "HuishoudensTotaal_29": 85, "GemiddeldeHuishoudensgrootte_33": 2.5, "Woningvoorraad_35": 87, "NieuwbouwWoningen_36": 0, "NietWoningvoorraad_37": 8, "NieuwbouwNietWoningen_38": 0, "GemiddeldeWOZWaardeVanWoningen_39": 388, "PercentageEengezinswoning_40": 93, "PercentageTussenwoningEengezins_41": 0, "PercentageHoekwoningEengezins_42": 0, "PercentageTweeOnderEenKapWoningEe_43": 18, "PercentageVrijstaandeWoningEengezins_44": 75, "PercentageMeergezinswoning_45": 7, "Koopwoningen_47": 87, "HuurwoningenTotaal_48": 13, "InBezitWoningcorporatie_49": 0, "InBezitOverigeVerhuurders_50": 13, "BouwjaarMeerDanTienJaarGeleden_51": 94, "BouwjaarAfgelopenTienJaar_52": 6, "GemiddeldeElektriciteitslevering_53": 4350, "GemiddeldeElektriciteitsteruglevering_54": 2460, "GemiddeldAardgasverbruik_55": 1430, "AardgasvrijeWoningen_57": null, "Aardgaswoningen_58": null, "WoningenMetZonnestroom_59": null, "WoningenHoofdzElektrVerwarmd_60": null, "k_20PersonenMetHoogsteInkomen_80": 19.4, "k_20HuishoudensMetHoogsteInkomen_85": null, "MediaanVermogenVanParticuliereHuish_86": null, "PersonenautoSTotaal_104": 100, "PersonenautoSBrandstofBenzine_105": 70, "PersonenautoSOverigeBrandstof_106": 30, "PersonenautoSPerHuishouden_107": 1.2, "Omgevingsadressendichtheid_121": 50, "AantalInstallatiesBijWoningen_5": 31, "OpgesteldVermogenVanZonnepanelen_6": 212, "installaties_per_woning": 0.35632183908045978, "vermogen_per_woning": 2.4367816091954024, "installaties_per_100_woningen": 35.632183908045981, "vermogen_per_huishouden": 2.4941176470588236, "batterijdruk_score": null, "koop_zon_score": null, "eengezins_zon_score": null, "betaalkracht_zon_score": null, "overige_brandstof_zon_score": null, "lichte_batterij_kansscore": null }, "geometry": { "type": "MultiPolygon", "coordinates": [ [ [ [ 262792.184, 519300.528999999980442 ], [ 262741.050999999977648, 519156.065 ], [ 262827.572999999974854, 519131.810999999986961 ], [ 262792.169999999983702, 519032.18 ], [ 262738.200000000011642, 518948.71999999997206 ], [ 262722.98499999998603, 518925.191 ], [ 262361.830000000016298, 518965.080000000016298 ], [ 262374.101000000024214, 518883.842 ], [ 262350.849999999976717, 518880.330000000016298 ], [ 262328.53000000002794, 518859.289999999979045 ], [ 262238.909999999974389, 518832.340000000025611 ], [ 262208.210000000020955, 519013.767 ], [ 261757.541999999986729, 518931.806999999971595 ], [ 261541.041999999986729, 518911.809 ], [ 261272.921, 518906.821999999985565 ], [ 261153.806000000011409, 518907.016 ], [ 259867.06, 518965.993000000016764 ], [ 259774.204, 518972.10999999998603 ], [ 259655.74900000001071, 518986.46999999997206 ], [ 259664.537000000011176, 519086.195 ], [ 259653.88, 519105.228 ], [ 259652.533, 519108.24900000001071 ], [ 259652.09, 519109.424999999988358 ], [ 259651.644, 519110.607000000018161 ], [ 259651.207, 519112.74800000002142 ], [ 259651.171, 519114.98499999998603 ], [ 259651.25700000001234, 519117.962999999988824 ], [ 259651.568, 519121.147 ], [ 259652.128999999986263, 519125.00199999997858 ], [ 259652.609, 519130.381999999983236 ], [ 259653.784000000014203, 519141.918 ], [ 259653.950000000011642, 519143.678000000014435 ], [ 259654.916, 519153.865 ], [ 259657.63, 519182.232000000018161 ], [ 259658.329999999987194, 519188.085000000020955 ], [ 259659.093, 519193.322999999974854 ], [ 259659.530999999988126, 519195.324000000022352 ], [ 259660.31, 519199.136999999987893 ], [ 259661.408, 519203.382999999972526 ], [ 259662.827, 519208.473 ], [ 259664.367, 519213.635 ], [ 259666.839, 519220.614 ], [ 259668.742, 519225.784999999974389 ], [ 259670.986, 519231.278999999980442 ], [ 259672.859, 519235.73599999997532 ], [ 259673.011, 519236.081 ], [ 259676.03, 519241.528 ], [ 259679.241, 519247.205000000016298 ], [ 259682.962, 519253.12 ], [ 259695.631, 519268.64000000001397 ], [ 259704.635, 519279.512999999977183 ], [ 259708.592, 519283.705000000016298 ], [ 259722.191, 519300.097 ], [ 259723.147, 519301.222 ], [ 259727.768000000010943, 519306.662000000011176 ], [ 259729.973, 519306.772999999986496 ], [ 259732.663999999989755, 519307.287000000011176 ], [ 259735.416, 519308.468 ], [ 259739.546, 519310.507999999972526 ], [ 259757.516, 519319.338999999978114 ], [ 259777.980000000010477, 519329.465000000025611 ], [ 259780.788999999989755, 519330.775000000023283 ], [ 259784.078, 519331.951 ], [ 259788.07, 519332.973 ], [ 259792.021, 519333.550999999977648 ], [ 259802.5869, 519335.424 ], [ 259809.497, 519336.512999999977183 ], [ 259825.931000000011409, 519338.854999999981374 ], [ 259834.585, 519341.37400000001071 ], [ 259840.446, 519342.268999999971129 ], [ 259844.962, 519341.674999999988358 ], [ 259848.283, 519342.221000000019558 ], [ 259852.698, 519342.979 ], [ 259857.991, 519343.87699999997858 ], [ 259860.9, 519344.465000000025611 ], [ 259864.033, 519344.939000000013039 ], [ 259868.426, 519345.881999999983236 ], [ 259870.752, 519346.381 ], [ 259871.556000000011409, 519346.695 ], [ 259874.191, 519347.723 ], [ 259877.170000000012806, 519349.420999999972992 ], [ 259892.159000000014203, 519358.479999999981374 ], [ 259911.784000000014203, 519370.098 ], [ 259920.038, 519375.036000000021886 ], [ 259931.255, 519382.081 ], [ 259932.415, 519382.809 ], [ 259935.513, 519384.826 ], [ 259937.337999999988824, 519386.10999999998603 ], [ 259937.481, 519386.210000000020955 ], [ 259940.415, 519387.043 ], [ 259943.37, 519386.479 ], [ 259970.666, 519379.685 ], [ 260000.022999999986496, 519370.585000000020955 ], [ 260011.291999999986729, 519367.338999999978114 ], [ 260016.492, 519365.842 ], [ 260018.54, 519365.25199999997858 ], [ 260021.049999999988358, 519363.01 ], [ 260029.347, 519355.599999999976717 ], [ 260025.363000000012107, 519268.672000000020489 ], [ 261161.133, 519216.615 ], [ 261270.337, 519216.436999999976251 ], [ 261523.903, 519221.153 ], [ 261715.511999999987893, 519238.852000000013504 ], [ 262160.657, 519319.806999999971595 ], [ 262331.577999999979511, 519319.37400000001071 ], [ 262420.87699999997858, 519304.438000000023749 ], [ 262464.142, 519418.745 ], [ 262792.184, 519300.528999999980442 ] ] ] ] } },
{ "type": "Feature", "properties": { "buurtcode": "BU01142102", "buurtnaam": "Oostelijk Nieuw-Schoonebeek", "pc6_codes": "7766AE, 7766AG, 7766AH, 7766AJ, 7766AK, 7766AR, 7766AS, 7766BT", "wijkcode": "WK011421", "gemeentecode": "GM0114", "gemeentenaam": "Emmen", "oppervlakteLandInHa": 156, "AantalInwoners_5": 265, "Mannen_6": 145, "Vrouwen_7": 120, "HuishoudensTotaal_29": 110, "GemiddeldeHuishoudensgrootte_33": 2.5, "Woningvoorraad_35": 107, "NieuwbouwWoningen_36": 0, "NietWoningvoorraad_37": 10, "NieuwbouwNietWoningen_38": 0, "GemiddeldeWOZWaardeVanWoningen_39": 357, "PercentageEengezinswoning_40": 93, "PercentageTussenwoningEengezins_41": 0, "PercentageHoekwoningEengezins_42": 0, "PercentageTweeOnderEenKapWoningEe_43": 22, "PercentageVrijstaandeWoningEengezins_44": 71, "PercentageMeergezinswoning_45": 7, "Koopwoningen_47": 87, "HuurwoningenTotaal_48": 13, "InBezitWoningcorporatie_49": 0, "InBezitOverigeVerhuurders_50": 13, "BouwjaarMeerDanTienJaarGeleden_51": 100, "BouwjaarAfgelopenTienJaar_52": 0, "GemiddeldeElektriciteitslevering_53": 4040, "GemiddeldeElektriciteitsteruglevering_54": 1740, "GemiddeldAardgasverbruik_55": 1480, "AardgasvrijeWoningen_57": null, "Aardgaswoningen_58": null, "WoningenMetZonnestroom_59": null, "WoningenHoofdzElektrVerwarmd_60": null, "k_20PersonenMetHoogsteInkomen_80": 12.8, "k_20HuishoudensMetHoogsteInkomen_85": 19.6, "MediaanVermogenVanParticuliereHuish_86": 328.6, "PersonenautoSTotaal_104": 155, "PersonenautoSBrandstofBenzine_105": 120, "PersonenautoSOverigeBrandstof_106": 35, "PersonenautoSPerHuishouden_107": 1.4, "Omgevingsadressendichtheid_121": 27, "AantalInstallatiesBijWoningen_5": 36, "OpgesteldVermogenVanZonnepanelen_6": 248, "installaties_per_woning": 0.3364485981308411, "vermogen_per_woning": 2.3177570093457942, "installaties_per_100_woningen": 33.644859813084111, "vermogen_per_huishouden": 2.2545454545454544, "batterijdruk_score": null, "koop_zon_score": null, "eengezins_zon_score": null, "betaalkracht_zon_score": null, "overige_brandstof_zon_score": null, "lichte_batterij_kansscore": null }, "geometry": { "type": "MultiPolygon", "coordinates": [ [ [ [ 267857.960000000020955, 518755.599999999976717 ], [ 267857.179, 518738.330000000016298 ], [ 267871.177000000025146, 518738.582999999984168 ], [ 267888.03000000002794, 518737.615999999979977 ], [ 267904.028, 518735.451 ], [ 267910.00199999997858, 518734.946 ], [ 267914.658, 518734.552000000025146 ], [ 267917.25, 518732.69 ], [ 267924.909600000013597, 518637.132900000025984 ], [ 267124.19, 518394.960000000020955 ], [ 266616.32, 518230.789999999979045 ], [ 266199.419999999983702, 518100.840000000025611 ], [ 265888.950000000011642, 517975.37 ], [ 265485.09499999997206, 517992.971000000019558 ], [ 263735.141, 518672.099999999976717 ], [ 263826.382999999972526, 518907.210000000020955 ], [ 264125.766, 518824.717 ], [ 264149.0, 518915.811999999976251 ], [ 264456.32, 518842.532 ], [ 264419.715000000025611, 518689.017999999981839 ], [ 264668.757999999972526, 518633.806999999971595 ], [ 264689.832999999984168, 518728.871999999973923 ], [ 264863.631999999983236, 518692.037000000011176 ], [ 264840.200000000011642, 518581.477000000013504 ], [ 265013.429, 518546.76 ], [ 265002.292000000015832, 518491.186999999976251 ], [ 265883.055999999982305, 518386.65500000002794 ], [ 265867.936999999976251, 518285.38 ], [ 266231.564000000013039, 518346.381999999983236 ], [ 266245.702, 518456.495 ], [ 266375.460000000020955, 518435.849999999976717 ], [ 266395.870999999984633, 518603.5 ], [ 266524.517, 518591.564000000013039 ], [ 266542.353, 518753.674 ], [ 266656.043, 518741.166000000026543 ], [ 266679.885, 518861.242000000027474 ], [ 266826.022999999986496, 518846.382999999972526 ], [ 266814.865999999979977, 518713.457999999984168 ], [ 267236.830000000016298, 518689.28000000002794 ], [ 267243.12400000001071, 518866.088999999978114 ], [ 267871.196999999985565, 519034.838999999978114 ], [ 267857.960000000020955, 518755.599999999976717 ] ] ] ] } },
{ "type": "Feature", "properties": { "buurtcode": "BU01142109", "buurtnaam": "Verspreide huizen Nieuw-Schoonebeek", "pc6_codes": "7766AE, 7766AL, 7766AW, 7766AX, 7766BN, 7766BS", "wijkcode": "WK011421", "gemeentecode": "GM0114", "gemeentenaam": "Emmen", "oppervlakteLandInHa": 1441, "AantalInwoners_5": 35, "Mannen_6": 20, "Vrouwen_7": 15, "HuishoudensTotaal_29": 15, "GemiddeldeHuishoudensgrootte_33": 2.5, "Woningvoorraad_35": 16, "NieuwbouwWoningen_36": 0, "NietWoningvoorraad_37": 5, "NieuwbouwNietWoningen_38": 0, "GemiddeldeWOZWaardeVanWoningen_39": null, "PercentageEengezinswoning_40": null, "PercentageTussenwoningEengezins_41": null, "PercentageHoekwoningEengezins_42": null, "PercentageTweeOnderEenKapWoningEe_43": null, "PercentageVrijstaandeWoningEengezins_44": null, "PercentageMeergezinswoning_45": null, "Koopwoningen_47": null, "HuurwoningenTotaal_48": null, "InBezitWoningcorporatie_49": null, "InBezitOverigeVerhuurders_50": null, "BouwjaarMeerDanTienJaarGeleden_51": null, "BouwjaarAfgelopenTienJaar_52": null, "GemiddeldeElektriciteitslevering_53": 3560, "GemiddeldeElektriciteitsteruglevering_54": 1630, "GemiddeldAardgasverbruik_55": 1170, "AardgasvrijeWoningen_57": null, "Aardgaswoningen_58": null, "WoningenMetZonnestroom_59": null, "WoningenHoofdzElektrVerwarmd_60": null, "k_20PersonenMetHoogsteInkomen_80": null, "k_20HuishoudensMetHoogsteInkomen_85": null, "MediaanVermogenVanParticuliereHuish_86": null, "PersonenautoSTotaal_104": 25, "PersonenautoSBrandstofBenzine_105": 25, "PersonenautoSOverigeBrandstof_106": 5, "PersonenautoSPerHuishouden_107": null, "Omgevingsadressendichtheid_121": 27, "AantalInstallatiesBijWoningen_5": 5, "OpgesteldVermogenVanZonnepanelen_6": 29, "installaties_per_woning": 0.3125, "vermogen_per_woning": 1.8125, "installaties_per_100_woningen": 31.25, "vermogen_per_huishouden": 1.9333333333333333, "batterijdruk_score": null, "koop_zon_score": null, "eengezins_zon_score": null, "betaalkracht_zon_score": null, "overige_brandstof_zon_score": null, "lichte_batterij_kansscore": null }, "geometry": { "type": "MultiPolygon", "coordinates": [ [ [ [ 259290.983, 519131.629000000015367 ], [ 259291.603, 519134.949000000022352 ], [ 259381.138, 519123.033 ], [ 259399.422, 519120.590000000025611 ], [ 259446.348, 519114.321999999985565 ], [ 259470.404, 519111.108 ], [ 259560.916, 519099.106000000028871 ], [ 259652.971, 519086.951 ], [ 259664.537000000011176, 519086.195 ], [ 259655.74900000001071, 518986.46999999997206 ], [ 259774.204, 518972.10999999998603 ], [ 259867.06, 518965.993000000016764 ], [ 261153.806000000011409, 518907.016 ], [ 261272.921, 518906.821999999985565 ], [ 261541.041999999986729, 518911.809 ], [ 261757.541999999986729, 518931.806999999971595 ], [ 262208.210000000020955, 519013.767 ], [ 262238.909999999974389, 518832.340000000025611 ], [ 262328.53000000002794, 518859.289999999979045 ], [ 262350.849999999976717, 518880.330000000016298 ], [ 262374.101000000024214, 518883.842 ], [ 262361.830000000016298, 518965.080000000016298 ], [ 262722.98499999998603, 518925.191 ], [ 262762.577, 518914.092 ], [ 263181.897, 518767.642999999981839 ], [ 263304.906000000017229, 518735.647 ], [ 263254.875, 518675.018999999971129 ], [ 263332.74800000002142, 518626.556999999971595 ], [ 263409.590000000025611, 518580.76 ], [ 263483.549999999988358, 518546.64000000001397 ], [ 263551.039999999979045, 518686.43 ], [ 263614.62, 518662.330000000016298 ], [ 263637.919999999983702, 518709.830000000016298 ], [ 263735.141, 518672.099999999976717 ], [ 265485.09499999997206, 517992.971000000019558 ], [ 265888.950000000011642, 517975.37 ], [ 266199.419999999983702, 518100.840000000025611 ], [ 266616.32, 518230.789999999979045 ], [ 267124.19, 518394.960000000020955 ], [ 267924.909600000013597, 518637.132900000025984 ], [ 267925.62, 518628.270000000018626 ], [ 267534.049999999988358, 518107.789999999979045 ], [ 267155.039999999979045, 517604.64000000001397 ], [ 267018.340000000025611, 517426.200000000011642 ], [ 267017.299999999988358, 517425.28000000002794 ], [ 267007.710000000020955, 517416.770000000018626 ], [ 267005.770000000018626, 517415.039999999979045 ], [ 267004.21999999997206, 517415.14000000001397 ], [ 266984.43, 517419.87 ], [ 266974.78000000002794, 517421.099999999976717 ], [ 266955.07, 517421.580000000016298 ], [ 266945.01, 517421.0 ], [ 266928.24, 517419.539999999979045 ], [ 266901.14000000001397, 517416.03000000002794 ], [ 266867.31, 517411.39000000001397 ], [ 266859.409999999974389, 517411.229999999981374 ], [ 266838.599999999976717, 517413.49 ], [ 266828.49, 517415.5 ], [ 266818.080000000016298, 517418.01 ], [ 266806.039999999979045, 517422.14000000001397 ], [ 266793.700000000011642, 517428.090000000025611 ], [ 266783.12, 517435.06 ], [ 266773.039999999979045, 517443.919999999983702 ], [ 266764.659999999974389, 517453.210000000020955 ], [ 266757.78000000002794, 517461.909999999974389 ], [ 266707.039999999979045, 517533.99 ], [ 266673.35999999998603, 517581.270000000018626 ], [ 266667.44, 517588.78000000002794 ], [ 266661.210000000020955, 517595.53000000002794 ], [ 266654.400000000023283, 517602.39000000001397 ], [ 266647.909999999974389, 517608.669999999983702 ], [ 266640.88, 517614.539999999979045 ], [ 266633.64000000001397, 517619.840000000025611 ], [ 266629.37, 517622.729999999981374 ], [ 266618.539999999979045, 517628.789999999979045 ], [ 266610.39000000001397, 517632.74 ], [ 266602.159999999974389, 517636.340000000025611 ], [ 266593.87, 517639.299999999988358 ], [ 266585.19, 517641.82 ], [ 266576.210000000020955, 517643.919999999983702 ], [ 266567.51, 517645.659999999974389 ], [ 266558.78000000002794, 517646.349999999976717 ], [ 266549.115, 517646.080000000016298 ], [ 266539.62, 517646.39000000001397 ], [ 266530.460000000020955, 517646.289999999979045 ], [ 266448.419999999983702, 517638.799999999988358 ], [ 266442.830000000016298, 517638.28000000002794 ], [ 266280.950000000011642, 517623.080000000016298 ], [ 266258.150000000023283, 517620.93 ], [ 266197.419999999983702, 517615.229999999981374 ], [ 266182.39000000001397, 517614.24 ], [ 266122.94, 517609.82 ], [ 266098.68, 517613.840000000025611 ], [ 266036.229999999981374, 517627.289999999979045 ], [ 265997.96999999997206, 517635.38 ], [ 265913.210000000020955, 517653.669999999983702 ], [ 265615.270000000018626, 517717.93 ], [ 265605.57, 517719.979999999981374 ], [ 265534.49, 517732.13 ], [ 265415.68, 517752.349999999976717 ], [ 265400.539999999979045, 517754.830000000016298 ], [ 265356.87, 517762.200000000011642 ], [ 265204.409999999974389, 517786.60999999998603 ], [ 265199.710000000020955, 517787.32 ], [ 265161.18, 517794.150000000023283 ], [ 265140.590000000025611, 517797.409999999974389 ], [ 265075.35999999998603, 517808.409999999974389 ], [ 265056.549999999988358, 517811.88 ], [ 265037.599999999976717, 517816.229999999981374 ], [ 265027.590000000025611, 517819.13 ], [ 265016.31, 517822.549999999988358 ], [ 265004.950000000011642, 517826.35999999998603 ], [ 265000.049999999988358, 517828.60999999998603 ], [ 264722.289999999979045, 517954.799999999988358 ], [ 264719.413999999989755, 517956.087999999988824 ], [ 264633.340000000025611, 517994.650000000023283 ], [ 264629.10999999998603, 517997.26 ], [ 264627.03000000002794, 517998.64000000001397 ], [ 264619.49, 518003.38 ], [ 264613.03000000002794, 518007.770000000018626 ], [ 264605.62, 518014.0 ], [ 264594.93, 518023.919999999983702 ], [ 264589.479999999981374, 518028.88 ], [ 264584.06, 518034.830000000016298 ], [ 264581.71999999997206, 518037.539999999979045 ], [ 264568.590000000025611, 518053.460000000020955 ], [ 264561.580000000016298, 518064.31 ], [ 264556.0, 518075.43 ], [ 264550.080000000016298, 518087.289999999979045 ], [ 264547.39000000001397, 518092.460000000020955 ], [ 264539.71999999997206, 518109.81 ], [ 264523.89000000001397, 518144.539999999979045 ], [ 264516.57, 518160.32 ], [ 264512.789999999979045, 518168.479999999981374 ], [ 264499.900000000023283, 518196.049999999988358 ], [ 264478.46999999997206, 518243.53000000002794 ], [ 264464.580000000016298, 518266.580000000016298 ], [ 264460.799999999988358, 518270.770000000018626 ], [ 264453.419999999983702, 518277.44 ], [ 264439.849999999976717, 518287.900000000023283 ], [ 264377.06, 518327.76 ], [ 264346.63, 518346.450000000011642 ], [ 264327.87, 518358.12 ], [ 264311.799999999988358, 518367.039999999979045 ], [ 264285.13, 518378.549999999988358 ], [ 264273.60999999998603, 518382.85999999998603 ], [ 264254.020000000018626, 518389.14000000001397 ], [ 264225.700000000011642, 518396.63 ], [ 264214.93, 518398.28000000002794 ], [ 264202.14000000001397, 518400.049999999988358 ], [ 264181.479999999981374, 518402.799999999988358 ], [ 264160.96999999997206, 518404.080000000016298 ], [ 264134.669999999983702, 518403.43 ], [ 264105.580000000016298, 518400.57 ], [ 264077.909999999974389, 518395.39000000001397 ], [ 264039.349999999976717, 518384.700000000011642 ], [ 263999.89000000001397, 518373.75 ], [ 263979.14000000001397, 518367.450000000011642 ], [ 263960.400000000023283, 518362.5 ], [ 263951.659999999974389, 518359.60999999998603 ], [ 263941.57, 518356.919999999983702 ], [ 263929.35999999998603, 518353.51 ], [ 263886.85999999998603, 518342.159999999974389 ], [ 263885.78000000002794, 518341.99 ], [ 263869.76, 518337.12 ], [ 263844.43, 518329.39000000001397 ], [ 263824.75, 518323.99 ], [ 263821.270000000018626, 518323.03000000002794 ], [ 263818.229999999981374, 518322.12 ], [ 263798.950000000011642, 518315.87 ], [ 263797.06, 518315.46999999997206 ], [ 263792.729999999981374, 518314.330000000016298 ], [ 263783.090000000025611, 518311.82 ], [ 263769.03000000002794, 518307.96999999997206 ], [ 263755.520000000018626, 518304.12 ], [ 263743.99, 518301.090000000025611 ], [ 263734.88, 518299.21999999997206 ], [ 263724.43, 518297.63 ], [ 263714.03000000002794, 518296.549999999988358 ], [ 263703.03000000002794, 518295.450000000011642 ], [ 263692.520000000018626, 518295.580000000016298 ], [ 263684.049999999988358, 518295.799999999988358 ], [ 263676.049999999988358, 518296.07 ], [ 263667.21999999997206, 518296.590000000025611 ], [ 263658.12, 518297.799999999988358 ], [ 263649.200000000011642, 518299.099999999976717 ], [ 263641.229999999981374, 518301.159999999974389 ], [ 263634.68, 518302.94 ], [ 263629.01, 518304.900000000023283 ], [ 263623.590000000025611, 518306.799999999988358 ], [ 263610.479999999981374, 518311.85999999998603 ], [ 263595.76, 518318.12 ], [ 263588.19, 518321.24 ], [ 263569.830000000016298, 518329.460000000020955 ], [ 263543.419999999983702, 518341.520000000018626 ], [ 263510.700000000011642, 518355.729999999981374 ], [ 263473.460000000020955, 518372.46999999997206 ], [ 263461.38, 518378.229999999981374 ], [ 263448.56, 518384.0 ], [ 263416.080000000016298, 518398.18 ], [ 263390.96999999997206, 518409.74 ], [ 263364.01, 518421.13 ], [ 263344.210000000020955, 518430.229999999981374 ], [ 263334.21999999997206, 518434.74 ], [ 263312.5, 518444.49 ], [ 263260.99, 518467.229999999981374 ], [ 263233.68, 518479.13 ], [ 263213.159999999974389, 518488.28000000002794 ], [ 263205.0, 518492.10999999998603 ], [ 263196.81, 518495.68 ], [ 263176.26, 518504.81 ], [ 263162.479999999981374, 518510.789999999979045 ], [ 263149.75, 518515.950000000011642 ], [ 263143.94, 518518.349999999976717 ], [ 263140.659999999974389, 518519.96999999997206 ], [ 263136.840000000025611, 518521.74 ], [ 263132.080000000016298, 518523.950000000011642 ], [ 263123.299999999988358, 518528.51 ], [ 263113.799999999988358, 518532.520000000018626 ], [ 263103.78000000002794, 518536.409999999974389 ], [ 263097.44, 518539.150000000023283 ], [ 263089.39000000001397, 518543.200000000011642 ], [ 263081.5, 518547.549999999988358 ], [ 263076.46999999997206, 518550.830000000016298 ], [ 263072.85999999998603, 518553.31 ], [ 263066.82, 518557.979999999981374 ], [ 263060.68, 518563.729999999981374 ], [ 263054.200000000011642, 518569.99 ], [ 263045.62, 518578.409999999974389 ], [ 263006.400000000023283, 518618.56 ], [ 262986.07, 518639.25 ], [ 262976.450000000011642, 518648.979999999981374 ], [ 262967.950000000011642, 518658.349999999976717 ], [ 262958.650000000023283, 518667.919999999983702 ], [ 262951.150000000023283, 518674.63 ], [ 262943.62, 518680.700000000011642 ], [ 262935.35999999998603, 518687.21999999997206 ], [ 262927.24, 518692.770000000018626 ], [ 262898.03000000002794, 518706.289999999979045 ], [ 262885.090000000025611, 518710.93 ], [ 262818.150000000023283, 518731.87 ], [ 262767.349999999976717, 518747.46999999997206 ], [ 262705.950000000011642, 518766.81 ], [ 262648.63, 518784.840000000025611 ], [ 262615.349999999976717, 518795.229999999981374 ], [ 262603.979999999981374, 518798.81 ], [ 262586.87, 518804.200000000011642 ], [ 262549.349999999976717, 518816.200000000011642 ], [ 262540.659999999974389, 518818.460000000020955 ], [ 262535.01, 518819.85999999998603 ], [ 262529.10999999998603, 518820.979999999981374 ], [ 262522.25, 518822.090000000025611 ], [ 262516.830000000016298, 518822.450000000011642 ], [ 262509.200000000011642, 518822.5 ], [ 262502.19, 518822.39000000001397 ], [ 262497.21999999997206, 518821.89000000001397 ], [ 262489.53000000002794, 518820.62 ], [ 262478.93, 518817.900000000023283 ], [ 262467.830000000016298, 518814.049999999988358 ], [ 262459.289999999979045, 518810.099999999976717 ], [ 262451.210000000020955, 518804.19 ], [ 262443.210000000020955, 518797.919999999983702 ], [ 262437.0, 518791.38 ], [ 262425.539999999979045, 518778.799999999988358 ], [ 262410.19, 518758.799999999988358 ], [ 262363.150000000023283, 518695.69 ], [ 262344.51, 518670.960000000020955 ], [ 262302.349999999976717, 518616.349999999976717 ], [ 262265.43, 518568.830000000016298 ], [ 262232.13, 518525.409999999974389 ], [ 262196.090000000025611, 518478.539999999979045 ], [ 262182.650000000023283, 518461.21999999997206 ], [ 262152.10999999998603, 518421.88 ], [ 262148.60999999998603, 518417.539999999979045 ], [ 262142.82, 518411.13 ], [ 262139.450000000011642, 518407.49 ], [ 262134.920000000012806, 518403.340000000025611 ], [ 262130.21, 518399.409999999974389 ], [ 262076.31, 518361.039999999979045 ], [ 262026.019999999989523, 518326.450000000011642 ], [ 262021.85999999998603, 518323.43 ], [ 262014.299999999988358, 518318.5 ], [ 262008.01, 518315.07 ], [ 262002.76, 518312.57 ], [ 261997.21, 518309.74 ], [ 261992.96, 518307.89000000001397 ], [ 261988.76, 518306.31 ], [ 261981.22, 518304.07 ], [ 261973.49, 518302.51 ], [ 261956.950000000011642, 518300.5 ], [ 261882.6, 518300.63 ], [ 261774.019999999989523, 518300.900000000023283 ], [ 261673.670000000012806, 518300.729999999981374 ], [ 261640.26, 518299.99 ], [ 261577.829999999987194, 518299.24 ], [ 261515.730000000010477, 518298.900000000023283 ], [ 261447.920000000012806, 518298.28000000002794 ], [ 261431.519999999989523, 518297.799999999988358 ], [ 261419.81, 518297.51 ], [ 261415.44, 518297.330000000016298 ], [ 261409.549999999988358, 518296.64000000001397 ], [ 261404.89000000001397, 518295.710000000020955 ], [ 261399.62, 518294.0 ], [ 261392.24, 518290.909999999974389 ], [ 261386.88, 518288.049999999988358 ], [ 261381.799999999988358, 518284.849999999976717 ], [ 261376.49, 518280.900000000023283 ], [ 261374.24, 518279.039999999979045 ], [ 261368.65, 518274.07 ], [ 261332.200000000011642, 518242.479999999981374 ], [ 261303.57, 518216.169999999983702 ], [ 261279.980000000010477, 518194.479999999981374 ], [ 261251.85999999998603, 518169.700000000011642 ], [ 261217.420000000012806, 518138.5 ], [ 261181.4, 518106.659999999974389 ], [ 261133.47, 518062.669999999983702 ], [ 261118.59, 518049.020000000018626 ], [ 261072.51, 518007.169999999983702 ], [ 261068.18, 518003.270000000018626 ], [ 261060.670000000012806, 517997.409999999974389 ], [ 261052.799999999988358, 517992.32 ], [ 261047.420000000012806, 517989.5 ], [ 261044.74, 517988.21999999997206 ], [ 261041.920000000012806, 517987.07 ], [ 261039.230000000010477, 517985.919999999983702 ], [ 261037.18, 517985.150000000023283 ], [ 261022.19, 517980.799999999988358 ], [ 260999.89000000001397, 517978.020000000018626 ], [ 260992.26, 517978.5 ], [ 260919.94, 517985.020000000018626 ], [ 260903.555, 517986.378000000026077 ], [ 260873.6, 517988.85999999998603 ], [ 260766.59, 517999.28000000002794 ], [ 260707.37, 518004.64000000001397 ], [ 260664.32, 518006.78000000002794 ], [ 260628.22, 518007.549999999988358 ], [ 260600.700000000011642, 518007.81 ], [ 260560.0, 518007.94 ], [ 260543.87, 518008.830000000016298 ], [ 260508.29, 518009.599999999976717 ], [ 260480.26, 518008.960000000020955 ], [ 260471.04, 518008.06 ], [ 260445.44, 518004.21999999997206 ], [ 260437.89000000001397, 518002.56 ], [ 260412.670000000012806, 517993.729999999981374 ], [ 260394.24, 517987.200000000011642 ], [ 260340.1, 517961.340000000025611 ], [ 260324.71, 517953.950000000011642 ], [ 260259.329999999987194, 517922.56 ], [ 260215.94, 517901.57 ], [ 260170.88, 517880.450000000011642 ], [ 260105.34, 517849.85999999998603 ], [ 260089.47, 517844.21999999997206 ], [ 260073.09, 517840.0 ], [ 260058.5, 517837.18 ], [ 260043.519999999989523, 517835.14000000001397 ], [ 260029.700000000011642, 517834.88 ], [ 260012.670000000012806, 517836.03000000002794 ], [ 260000.0, 517837.82 ], [ 259881.22, 517855.099999999976717 ], [ 259785.34, 517868.93 ], [ 259773.950000000011642, 517870.71999999997206 ], [ 259758.21, 517874.82 ], [ 259743.74, 517879.039999999979045 ], [ 259731.200000000011642, 517884.159999999974389 ], [ 259708.799999999988358, 517895.549999999988358 ], [ 259662.230000000010477, 517920.51 ], [ 259566.46, 517971.840000000025611 ], [ 259543.299999999988358, 517984.26 ], [ 259489.28, 518013.06 ], [ 259464.829999999987194, 518024.960000000020955 ], [ 259449.34, 518033.409999999974389 ], [ 259434.88, 518041.729999999981374 ], [ 259423.49, 518048.0 ], [ 259412.99, 518052.99 ], [ 259401.6, 518057.979999999981374 ], [ 259392.0, 518061.31 ], [ 259381.5, 518064.770000000018626 ], [ 259369.47, 518068.21999999997206 ], [ 259363.269999999989523, 518069.78000000002794 ], [ 259356.670000000012806, 518071.49 ], [ 259345.53, 518073.78000000002794 ], [ 259334.28, 518075.669999999983702 ], [ 259324.9, 518077.270000000018626 ], [ 259317.51, 518078.039999999979045 ], [ 259309.19, 518078.580000000016298 ], [ 259300.0, 518078.85999999998603 ], [ 259291.64000000001397, 518078.849999999976717 ], [ 259284.18, 518078.669999999983702 ], [ 259275.329999999987194, 518077.89000000001397 ], [ 259263.25, 518076.64000000001397 ], [ 259249.60999999998603, 518075.49 ], [ 259133.26, 518063.18 ], [ 258999.88, 518050.409999999974389 ], [ 258956.13, 518046.099999999976717 ], [ 258838.41, 518033.96999999997206 ], [ 258769.04, 518027.580000000016298 ], [ 258748.47, 518025.85999999998603 ], [ 258730.049999999988358, 518024.68 ], [ 258722.4, 518023.85999999998603 ], [ 258716.63, 518023.950000000011642 ], [ 258712.299999999988358, 518024.14000000001397 ], [ 258707.829999999987194, 518024.599999999976717 ], [ 258702.97, 518025.340000000025611 ], [ 258698.69, 518026.169999999983702 ], [ 258694.38, 518027.289999999979045 ], [ 258689.579999999987194, 518028.85999999998603 ], [ 258684.85999999998603, 518030.60999999998603 ], [ 258679.230000000010477, 518033.14000000001397 ], [ 258671.94, 518037.28000000002794 ], [ 258663.93, 518042.71999999997206 ], [ 258662.700000000011642, 518043.729999999981374 ], [ 258590.35999999998603, 518106.43 ], [ 258499.4, 518186.07 ], [ 258497.730000000010477, 518187.51 ], [ 258522.35, 518182.94 ], [ 258791.60999999998603, 518624.840000000025611 ], [ 258772.049999999988358, 518640.35999999998603 ], [ 258764.16, 518645.18 ], [ 258773.329999999987194, 518668.950000000011642 ], [ 258783.75, 518672.210000000020955 ], [ 258791.950000000011642, 518678.700000000011642 ], [ 258902.549999999988358, 518872.82 ], [ 258909.53, 518880.28000000002794 ], [ 258958.66, 518964.87 ], [ 258956.38, 518965.99 ], [ 258960.950000000011642, 518974.14000000001397 ], [ 259041.39000000001397, 518932.580000000016298 ], [ 259093.715, 519000.0 ], [ 259168.47, 519096.32 ], [ 259103.14000000001397, 519142.865 ], [ 259112.529, 519153.038 ], [ 259119.886999999987893, 519161.011 ], [ 259143.576, 519156.10999999998603 ], [ 259151.151000000012573, 519154.543 ], [ 259178.16, 519149.990999999979977 ], [ 259202.274, 519146.56 ], [ 259206.75700000001234, 519145.922000000020489 ], [ 259210.62599999998929, 519142.353 ], [ 259290.983, 519131.629000000015367 ] ] ], [ [ [ 263563.933000000019092, 520274.48499999998603 ], [ 263564.21999999997206, 520275.38 ], [ 263639.340000000025611, 520264.039999999979045 ], [ 263653.18, 520261.919999999983702 ], [ 263662.159999999974389, 520290.659999999974389 ], [ 263662.909999999974389, 520290.169999999983702 ], [ 263672.5, 520283.400000000023283 ], [ 263693.599999999976717, 520279.07 ], [ 263734.13, 520270.789999999979045 ], [ 263757.457, 520265.86099999997532 ], [ 263856.436999999976251, 520245.887999999977183 ], [ 263888.319000000017695, 520239.507999999972526 ], [ 263922.03000000002794, 520232.69 ], [ 263953.349999999976717, 520226.32 ], [ 263977.909999999974389, 520221.5 ], [ 264000.0, 520216.944000000017695 ], [ 264029.949000000022352, 520210.767999999981839 ], [ 264098.173, 520196.699000000022352 ], [ 264149.57, 520186.07 ], [ 264177.457999999984168, 520180.662000000011176 ], [ 264345.28000000002794, 520146.419999999983702 ], [ 264374.550999999977648, 520140.454000000027008 ], [ 264454.74800000002142, 520124.090000000025611 ], [ 264535.039999999979045, 520107.74 ], [ 264603.93, 520093.710000000020955 ], [ 264641.03000000002794, 520086.099999999976717 ], [ 264673.039999999979045, 520079.56 ], [ 264738.632999999972526, 520066.136999999987893 ], [ 264740.299999999988358, 520065.82 ], [ 264810.169999999983702, 520051.460000000020955 ], [ 264836.539999999979045, 520046.07 ], [ 264889.03000000002794, 520035.35999999998603 ], [ 264934.479999999981374, 520026.06 ], [ 264968.46999999997206, 520019.18 ], [ 265032.99, 520005.94 ], [ 265061.930999999982305, 520000.0 ], [ 265088.289999999979045, 519994.590000000025611 ], [ 265128.88, 519986.32 ], [ 265130.78000000002794, 519985.93 ], [ 265193.0, 519973.080000000016298 ], [ 265207.71999999997206, 519970.049999999988358 ], [ 265287.03000000002794, 519953.88 ], [ 265305.020000000018626, 519950.270000000018626 ], [ 265327.18, 519945.460000000020955 ], [ 265367.200000000011642, 519936.799999999988358 ], [ 265401.71999999997206, 519929.31 ], [ 265487.150000000023283, 519912.169999999983702 ], [ 265501.539999999979045, 519909.39000000001397 ], [ 265525.37, 519905.68 ], [ 265549.10999999998603, 519901.99 ], [ 265565.049999999988358, 519899.960000000020955 ], [ 265599.57, 519895.669999999983702 ], [ 265604.849999999976717, 519895.229999999981374 ], [ 265685.549999999988358, 519888.729999999981374 ], [ 265701.32, 519887.44 ], [ 265767.983, 519886.75199999997858 ], [ 265772.88, 519886.62 ], [ 265800.64000000001397, 519886.299999999988358 ], [ 265851.26, 519889.150000000023283 ], [ 265876.789999999979045, 519890.57 ], [ 265895.69, 519891.62 ], [ 265909.03000000002794, 519893.289999999979045 ], [ 265934.599999999976717, 519896.590000000025611 ], [ 266000.0, 519905.011 ], [ 266003.799999999988358, 519905.5 ], [ 266101.31, 519924.659999999974389 ], [ 266118.479999999981374, 519928.03000000002794 ], [ 266150.419999999983702, 519936.18 ], [ 266206.62, 519950.479999999981374 ], [ 266306.159999999974389, 519973.169999999983702 ], [ 266408.520000000018626, 519987.549999999988358 ], [ 266435.090000000025611, 519988.650000000023283 ], [ 266475.599999999976717, 519990.49 ], [ 266507.74, 519991.960000000020955 ], [ 266516.549999999988358, 519991.76 ], [ 266556.590000000025611, 519990.830000000016298 ], [ 266596.26, 519989.950000000011642 ], [ 266635.78000000002794, 519987.210000000020955 ], [ 266675.57, 519983.68 ], [ 266697.950000000011642, 519981.68 ], [ 266715.200000000011642, 519980.0 ], [ 266775.82, 519974.099999999976717 ], [ 266780.270000000018626, 519975.229999999981374 ], [ 266783.460000000020955, 519979.18 ], [ 266785.587999999988824, 520000.0 ], [ 266789.63, 520039.56 ], [ 266801.099999999976717, 520038.57 ], [ 266815.03000000002794, 520037.38 ], [ 266813.080000000016298, 520017.93 ], [ 266878.21999999997206, 520014.57 ], [ 266923.849999999976717, 520012.210000000020955 ], [ 266970.38, 520009.82 ], [ 267131.789999999979045, 520001.479999999981374 ], [ 267136.56, 520001.229999999981374 ], [ 267160.412000000011176, 520000.0 ], [ 267293.44, 519993.14000000001397 ], [ 267338.31, 519990.799999999988358 ], [ 267382.587999999988824, 519988.51500000001397 ], [ 267427.830000000016298, 519986.18 ], [ 267472.60999999998603, 519983.87 ], [ 267560.822999999974854, 519979.32 ], [ 267652.520000000018626, 519974.580000000016298 ], [ 267742.039999999979045, 519969.96999999997206 ], [ 267787.386, 519967.674 ], [ 267832.106000000028871, 519965.364 ], [ 267875.096000000019558, 519963.153999999980442 ], [ 267916.482100000022911, 519961.01400000002468 ], [ 267916.479999999981374, 519960.96999999997206 ], [ 267892.647999999986496, 519474.607000000018161 ], [ 267892.009000000020023, 519461.566999999980908 ], [ 267874.090000000025611, 519095.85999999998603 ], [ 267871.196999999985565, 519034.838999999978114 ], [ 267243.12400000001071, 518866.088999999978114 ], [ 267236.830000000016298, 518689.28000000002794 ], [ 266814.865999999979977, 518713.457999999984168 ], [ 266826.022999999986496, 518846.382999999972526 ], [ 266679.885, 518861.242000000027474 ], [ 266656.043, 518741.166000000026543 ], [ 266542.353, 518753.674 ], [ 266524.517, 518591.564000000013039 ], [ 266395.870999999984633, 518603.5 ], [ 266375.460000000020955, 518435.849999999976717 ], [ 266245.702, 518456.495 ], [ 266231.564000000013039, 518346.381999999983236 ], [ 265867.936999999976251, 518285.38 ], [ 265883.055999999982305, 518386.65500000002794 ], [ 265002.292000000015832, 518491.186999999976251 ], [ 265013.429, 518546.76 ], [ 264840.200000000011642, 518581.477000000013504 ], [ 264863.631999999983236, 518692.037000000011176 ], [ 264689.832999999984168, 518728.871999999973923 ], [ 264668.757999999972526, 518633.806999999971595 ], [ 264419.715000000025611, 518689.017999999981839 ], [ 264456.32, 518842.532 ], [ 264149.0, 518915.811999999976251 ], [ 264125.766, 518824.717 ], [ 263826.382999999972526, 518907.210000000020955 ], [ 263855.927000000025146, 519020.484 ], [ 263458.935999999986961, 519143.797000000020489 ], [ 263540.121999999973923, 519405.164999999979045 ], [ 262982.262999999977183, 519578.446 ], [ 262827.572999999974854, 519131.810999999986961 ], [ 262741.050999999977648, 519156.065 ], [ 262792.184, 519300.528999999980442 ], [ 262464.142, 519418.745 ], [ 262420.87699999997858, 519304.438000000023749 ], [ 262331.577999999979511, 519319.37400000001071 ], [ 262160.657, 519319.806999999971595 ], [ 261715.511999999987893, 519238.852000000013504 ], [ 261523.903, 519221.153 ], [ 261270.337, 519216.436999999976251 ], [ 261161.133, 519216.615 ], [ 260025.363000000012107, 519268.672000000020489 ], [ 260029.347, 519355.599999999976717 ], [ 260031.369, 519359.397999999986496 ], [ 260114.575000000011642, 519515.663 ], [ 260105.468, 519520.962 ], [ 260110.063, 519529.558000000019092 ], [ 260205.922, 519709.195 ], [ 260215.212, 519704.518999999971129 ], [ 260223.99900000001071, 519721.087 ], [ 260231.014, 519754.842 ], [ 260361.215999999985797, 520000.0 ], [ 260362.848, 520003.071999999985565 ], [ 260527.855000000010477, 520313.525000000023283 ], [ 260617.521, 520482.151000000012573 ], [ 260622.603, 520481.058000000019092 ], [ 260623.179, 520480.934 ], [ 260682.089, 520471.282 ], [ 260712.503999999986263, 520467.723999999987427 ], [ 260734.614, 520465.602000000013504 ], [ 260762.715, 520462.90500000002794 ], [ 260793.712999999988824, 520460.218 ], [ 260862.310999999986961, 520454.271 ], [ 260881.731999999989057, 520452.61099999997532 ], [ 260961.997, 520445.75099999998929 ], [ 260970.239, 520445.048 ], [ 261001.844000000011874, 520442.353 ], [ 261029.378999999986263, 520440.005 ], [ 261061.536, 520437.26400000002468 ], [ 261087.471, 520435.200000000011642 ], [ 261145.918, 520430.549999999988358 ], [ 261161.26500000001397, 520429.327999999979511 ], [ 261190.462999999988824, 520426.862000000022817 ], [ 261234.315, 520423.156000000017229 ], [ 261260.941, 520420.907 ], [ 261278.565, 520419.452999999979511 ], [ 261323.01, 520415.82 ], [ 261381.0, 520410.76 ], [ 261407.84, 520408.229999999981374 ], [ 261452.35999999998603, 520404.049999999988358 ], [ 261460.079999999987194, 520403.299999999988358 ], [ 261497.26, 520400.159999999974389 ], [ 261541.66, 520396.37 ], [ 261556.22, 520395.12 ], [ 261585.62, 520392.549999999988358 ], [ 261627.82, 520388.82 ], [ 261659.420000000012806, 520386.049999999988358 ], [ 261671.85, 520385.049999999988358 ], [ 261715.56, 520381.549999999988358 ], [ 261744.10999999998603, 520379.25 ], [ 261768.04, 520373.93 ], [ 261801.275, 520370.881999999983236 ], [ 261805.79, 520370.479999999981374 ], [ 261809.43, 520370.159999999974389 ], [ 261838.894, 520367.541000000026543 ], [ 261845.21, 520366.979999999981374 ], [ 261862.200000000011642, 520365.450000000011642 ], [ 261868.32, 520364.909999999974389 ], [ 261932.18, 520359.62 ], [ 261962.019999999989523, 520357.150000000023283 ], [ 262019.25, 520354.330000000016298 ], [ 262062.03, 520352.21999999997206 ], [ 262107.66, 520351.549999999988358 ], [ 262152.31, 520350.900000000023283 ], [ 262162.13, 520350.770000000018626 ], [ 262196.669999999983702, 520350.39000000001397 ], [ 262240.93, 520349.93 ], [ 262262.63, 520349.700000000011642 ], [ 262285.39000000001397, 520349.409999999974389 ], [ 262338.07, 520348.909999999974389 ], [ 262361.89000000001397, 520348.650000000023283 ], [ 262374.539999999979045, 520348.53000000002794 ], [ 262417.10999999998603, 520348.12 ], [ 262462.590000000025611, 520347.63 ], [ 262562.229999999981374, 520346.35999999998603 ], [ 262568.64000000001397, 520346.289999999979045 ], [ 262662.039999999979045, 520345.25 ], [ 262665.87, 520345.229999999981374 ], [ 262676.0, 520345.159999999974389 ], [ 262680.450000000011642, 520345.14000000001397 ], [ 262814.799999999988358, 520344.07 ], [ 262857.799999999988358, 520343.539999999979045 ], [ 262857.397, 520342.46999999997206 ], [ 262895.18, 520342.159999999974389 ], [ 262900.574000000022352, 520342.091000000014901 ], [ 262905.299999999988358, 520342.03000000002794 ], [ 262942.200000000011642, 520341.75 ], [ 262943.989, 520341.664999999979045 ], [ 262977.669999999983702, 520340.07 ], [ 262987.488000000012107, 520339.583999999973457 ], [ 262997.450000000011642, 520339.090000000025611 ], [ 263028.791000000026543, 520336.598 ], [ 263064.26, 520333.74 ], [ 263066.770000000018626, 520333.43 ], [ 263070.207, 520333.200000000011642 ], [ 263077.099999999976717, 520332.74 ], [ 263110.64000000001397, 520329.580000000016298 ], [ 263122.039999999979045, 520328.39000000001397 ], [ 263136.460000000020955, 520326.349999999976717 ], [ 263149.090000000025611, 520324.75 ], [ 263153.506, 520324.179 ], [ 263160.080000000016298, 520323.330000000016298 ], [ 263194.5, 520319.033999999985099 ], [ 263229.38, 520314.68 ], [ 263236.076, 520313.837999999988824 ], [ 263303.539999999979045, 520305.349999999976717 ], [ 263317.788, 520303.532 ], [ 263340.46999999997206, 520300.700000000011642 ], [ 263348.64000000001397, 520299.700000000011642 ], [ 263368.702999999979511, 520297.153999999980442 ], [ 263369.599999999976717, 520297.039999999979045 ], [ 263392.539999999979045, 520295.039999999979045 ], [ 263399.598, 520294.196 ], [ 263416.960000000020955, 520292.12 ], [ 263426.99, 520290.900000000023283 ], [ 263440.836000000010245, 520289.24800000002142 ], [ 263471.49, 520285.590000000025611 ], [ 263481.793, 520284.37 ], [ 263517.979999999981374, 520280.049999999988358 ], [ 263528.580000000016298, 520278.76 ], [ 263563.933000000019092, 520274.48499999998603 ] ] ] ] } },
{ "type": "Feature", "properties": { "buurtcode": "BU01143200", "buurtnaam": "Weiteveen", "pc6_codes": "7765AA, 7765AB, 7765AC, 7765AD, 7765AE, 7765AG, 7765AH, 7765AJ, 7765AK, 7765AL, 7765AP, 7765AR, 7765AS, 7765AT, 7765AV, 7765AW, 7765AX, 7765AZ, 7765BA, 7765BB, 7765BC, 7765BD, 7765BE, 7765BG, 7765BH, 7765BJ, 7765BK, 7765BL, 7765BM, 7765BN, 7765BP, 7765BS, 7765BT, 7765BV, 7765BW, 7765BX, 7765BZ, 7765CA, 7765CB, 7765CC, 7765CD, 7765CE, 7765CG", "wijkcode": "WK011432", "gemeentecode": "GM0114", "gemeentenaam": "Emmen", "oppervlakteLandInHa": 131, "AantalInwoners_5": 1475, "Mannen_6": 780, "Vrouwen_7": 690, "HuishoudensTotaal_29": 620, "GemiddeldeHuishoudensgrootte_33": 2.3, "Woningvoorraad_35": 596, "NieuwbouwWoningen_36": 0, "NietWoningvoorraad_37": 43, "NieuwbouwNietWoningen_38": 1, "GemiddeldeWOZWaardeVanWoningen_39": 268, "PercentageEengezinswoning_40": 94, "PercentageTussenwoningEengezins_41": 8, "PercentageHoekwoningEengezins_42": 7, "PercentageTweeOnderEenKapWoningEe_43": 31, "PercentageVrijstaandeWoningEengezins_44": 48, "PercentageMeergezinswoning_45": 6, "Koopwoningen_47": 77, "HuurwoningenTotaal_48": 23, "InBezitWoningcorporatie_49": 19, "InBezitOverigeVerhuurders_50": 4, "BouwjaarMeerDanTienJaarGeleden_51": 94, "BouwjaarAfgelopenTienJaar_52": 6, "GemiddeldeElektriciteitslevering_53": 3230, "GemiddeldeElektriciteitsteruglevering_54": 1510, "GemiddeldAardgasverbruik_55": 1120, "AardgasvrijeWoningen_57": 2, "Aardgaswoningen_58": 89, "WoningenMetZonnestroom_59": 61, "WoningenHoofdzElektrVerwarmd_60": 11, "k_20PersonenMetHoogsteInkomen_80": 10.1, "k_20HuishoudensMetHoogsteInkomen_85": 16.0, "MediaanVermogenVanParticuliereHuish_86": 145.7, "PersonenautoSTotaal_104": 855, "PersonenautoSBrandstofBenzine_105": 700, "PersonenautoSOverigeBrandstof_106": 160, "PersonenautoSPerHuishouden_107": 1.4, "Omgevingsadressendichtheid_121": 130, "AantalInstallatiesBijWoningen_5": 289, "OpgesteldVermogenVanZonnepanelen_6": 1074, "installaties_per_woning": 0.4848993288590604, "vermogen_per_woning": 1.8020134228187918, "installaties_per_100_woningen": 48.489932885906043, "vermogen_per_huishouden": 1.732258064516129, "batterijdruk_score": 921.1, "koop_zon_score": 0.4697, "eengezins_zon_score": 0.5734, "betaalkracht_zon_score": 88.877, "overige_brandstof_zon_score": 97.6, "lichte_batterij_kansscore": 0.51040175782654829 }, "geometry": { "type": "MultiPolygon", "coordinates": [ [ [ [ 263906.98499999998603, 522212.004000000015367 ], [ 263903.018999999971129, 522119.245 ], [ 264405.43, 522093.60999999998603 ], [ 264385.011999999987893, 521614.00199999997858 ], [ 264375.349999999976717, 521614.471000000019558 ], [ 264341.693000000028405, 521476.783 ], [ 264108.411000000021886, 521488.092 ], [ 263981.479999999981374, 521078.28000000002794 ], [ 263833.19, 521124.979999999981374 ], [ 263946.245, 521476.463999999978114 ], [ 262451.909999999974389, 521553.549999999988358 ], [ 262345.539999999979045, 521310.789999999979045 ], [ 262105.446999999985565, 521427.996999999973923 ], [ 262189.63, 521611.14000000001397 ], [ 262155.479999999981374, 521626.919999999983702 ], [ 262187.789999999979045, 521696.840000000025611 ], [ 262187.98599999997532, 521704.536000000021886 ], [ 262191.03000000002794, 521823.76 ], [ 262210.278999999980442, 521859.142 ], [ 262223.283, 522095.977000000013504 ], [ 263798.26400000002468, 522014.729999999981374 ], [ 263806.960000000020955, 522217.044 ], [ 263906.98499999998603, 522212.004000000015367 ] ] ] ] } },
{ "type": "Feature", "properties": { "buurtcode": "BU01143201", "buurtnaam": "Westelijk en oostelijk Weiteveen", "pc6_codes": "7765AE, 7765AH, 7765AM, 7765AN", "wijkcode": "WK011432", "gemeentecode": "GM0114", "gemeentenaam": "Emmen", "oppervlakteLandInHa": 33, "AantalInwoners_5": 150, "Mannen_6": 75, "Vrouwen_7": 75, "HuishoudensTotaal_29": 55, "GemiddeldeHuishoudensgrootte_33": 2.8, "Woningvoorraad_35": 53, "NieuwbouwWoningen_36": 1, "NietWoningvoorraad_37": 2, "NieuwbouwNietWoningen_38": 0, "GemiddeldeWOZWaardeVanWoningen_39": 337, "PercentageEengezinswoning_40": 100, "PercentageTussenwoningEengezins_41": 0, "PercentageHoekwoningEengezins_42": 0, "PercentageTweeOnderEenKapWoningEe_43": 15, "PercentageVrijstaandeWoningEengezins_44": 85, "PercentageMeergezinswoning_45": 0, "Koopwoningen_47": 94, "HuurwoningenTotaal_48": 6, "InBezitWoningcorporatie_49": 0, "InBezitOverigeVerhuurders_50": 6, "BouwjaarMeerDanTienJaarGeleden_51": 94, "BouwjaarAfgelopenTienJaar_52": 6, "GemiddeldeElektriciteitslevering_53": 3720, "GemiddeldeElektriciteitsteruglevering_54": 1100, "GemiddeldAardgasverbruik_55": 1080, "AardgasvrijeWoningen_57": null, "Aardgaswoningen_58": null, "WoningenMetZonnestroom_59": null, "WoningenHoofdzElektrVerwarmd_60": null, "k_20PersonenMetHoogsteInkomen_80": 13.0, "k_20HuishoudensMetHoogsteInkomen_85": null, "MediaanVermogenVanParticuliereHuish_86": null, "PersonenautoSTotaal_104": 90, "PersonenautoSBrandstofBenzine_105": 70, "PersonenautoSOverigeBrandstof_106": 20, "PersonenautoSPerHuishouden_107": 1.7, "Omgevingsadressendichtheid_121": 65, "AantalInstallatiesBijWoningen_5": 15, "OpgesteldVermogenVanZonnepanelen_6": 85, "installaties_per_woning": 0.28301886792452829, "vermogen_per_woning": 1.6037735849056605, "installaties_per_100_woningen": 28.30188679245283, "vermogen_per_huishouden": 1.5454545454545454, "batterijdruk_score": null, "koop_zon_score": null, "eengezins_zon_score": null, "betaalkracht_zon_score": null, "overige_brandstof_zon_score": null, "lichte_batterij_kansscore": null }, "geometry": { "type": "MultiPolygon", "coordinates": [ [ [ [ 265356.575000000011642, 521583.450000000011642 ], [ 265356.82, 521588.446 ], [ 265403.106000000028871, 521586.181999999971595 ], [ 265402.85999999998603, 521581.18 ], [ 265401.96999999997206, 521563.150000000023283 ], [ 265410.57, 521562.74 ], [ 265476.710000000020955, 521559.543 ], [ 265476.978, 521566.132999999972526 ], [ 265477.327999999979511, 521574.14000000001397 ], [ 265478.059, 521591.527 ], [ 265495.086000000010245, 521590.636 ], [ 265505.995, 521590.059 ], [ 265513.119, 521589.718999999982771 ], [ 265542.335000000020955, 521588.289999999979045 ], [ 265540.303000000014435, 521546.402 ], [ 265591.270000000018626, 521544.020000000018626 ], [ 265591.047000000020489, 521539.10999999998603 ], [ 265765.039999999979045, 521530.69 ], [ 265815.917000000015832, 521528.096000000019558 ], [ 265861.348999999987427, 521525.778999999980442 ], [ 265841.658, 521415.689000000013039 ], [ 265575.924, 521428.431999999971595 ], [ 265563.694000000017695, 521365.869 ], [ 265272.86099999997532, 521379.968999999982771 ], [ 265275.35999999998603, 521431.520000000018626 ], [ 264341.693000000028405, 521476.783 ], [ 264375.349999999976717, 521614.471000000019558 ], [ 264385.011999999987893, 521614.00199999997858 ], [ 264805.778, 521593.604 ], [ 264967.433000000019092, 521584.092 ], [ 265148.818000000028405, 521575.295999999972992 ], [ 265153.800999999977648, 521672.819000000017695 ], [ 265178.679, 521671.550999999977648 ], [ 265218.767999999981839, 521669.506999999983236 ], [ 265258.507999999972526, 521667.482000000018161 ], [ 265274.506, 521666.666000000026543 ], [ 265303.436999999976251, 521665.88 ], [ 265300.840000000025611, 521586.174999999988358 ], [ 265336.635, 521584.419999999983702 ], [ 265356.575000000011642, 521583.450000000011642 ] ] ], [ [ [ 262155.479999999981374, 521626.919999999983702 ], [ 262189.63, 521611.14000000001397 ], [ 261631.032, 521639.147 ], [ 261595.945, 521569.052000000025146 ], [ 261270.756, 521711.841000000014901 ], [ 261331.7799, 521826.992000000027474 ], [ 261332.017, 521827.62400000001071 ], [ 261337.601, 521837.976000000024214 ], [ 261566.662000000011176, 521735.688000000023749 ], [ 262187.98599999997532, 521704.536000000021886 ], [ 262187.789999999979045, 521696.840000000025611 ], [ 262155.479999999981374, 521626.919999999983702 ] ] ] ] } },
{ "type": "Feature", "properties": { "buurtcode": "BU01143209", "buurtnaam": "Verspreide huizen Weiteveen", "pc6_codes": "7765AC, 7765AE, 7765BN, 7765BP, 7765BR, 7765BX, 7765CZ", "wijkcode": "WK011432", "gemeentecode": "GM0114", "gemeentenaam": "Emmen", "oppervlakteLandInHa": 1131, "AantalInwoners_5": 30, "Mannen_6": 20, "Vrouwen_7": 15, "HuishoudensTotaal_29": 15, "GemiddeldeHuishoudensgrootte_33": 2.1, "Woningvoorraad_35": 14, "NieuwbouwWoningen_36": 1, "NietWoningvoorraad_37": 8, "NieuwbouwNietWoningen_38": 0, "GemiddeldeWOZWaardeVanWoningen_39": null, "PercentageEengezinswoning_40": null, "PercentageTussenwoningEengezins_41": null, "PercentageHoekwoningEengezins_42": null, "PercentageTweeOnderEenKapWoningEe_43": null, "PercentageVrijstaandeWoningEengezins_44": null, "PercentageMeergezinswoning_45": null, "Koopwoningen_47": null, "HuurwoningenTotaal_48": null, "InBezitWoningcorporatie_49": null, "InBezitOverigeVerhuurders_50": null, "BouwjaarMeerDanTienJaarGeleden_51": null, "BouwjaarAfgelopenTienJaar_52": null, "GemiddeldeElektriciteitslevering_53": null, "GemiddeldeElektriciteitsteruglevering_54": null, "GemiddeldAardgasverbruik_55": null, "AardgasvrijeWoningen_57": null, "Aardgaswoningen_58": null, "WoningenMetZonnestroom_59": null, "WoningenHoofdzElektrVerwarmd_60": null, "k_20PersonenMetHoogsteInkomen_80": null, "k_20HuishoudensMetHoogsteInkomen_85": null, "MediaanVermogenVanParticuliereHuish_86": null, "PersonenautoSTotaal_104": 0, "PersonenautoSBrandstofBenzine_105": 0, "PersonenautoSOverigeBrandstof_106": 0, "PersonenautoSPerHuishouden_107": null, "Omgevingsadressendichtheid_121": 42, "AantalInstallatiesBijWoningen_5": 5, "OpgesteldVermogenVanZonnepanelen_6": 33, "installaties_per_woning": 0.35714285714285715, "vermogen_per_woning": 2.3571428571428572, "installaties_per_100_woningen": 35.714285714285715, "vermogen_per_huishouden": 2.2, "batterijdruk_score": null, "koop_zon_score": null, "eengezins_zon_score": null, "betaalkracht_zon_score": null, "overige_brandstof_zon_score": null, "lichte_batterij_kansscore": null }, "geometry": { "type": "MultiPolygon", "coordinates": [ [ [ [ 267988.299999999988358, 521417.325000000011642 ], [ 267987.710000000020955, 521405.340000000025611 ], [ 267944.74, 520531.0 ], [ 267933.88, 520311.210000000020955 ], [ 267925.96999999997206, 520155.460000000020955 ], [ 267916.482100000022911, 519961.01400000002468 ], [ 267875.096000000019558, 519963.153999999980442 ], [ 267832.106000000028871, 519965.364 ], [ 267787.386, 519967.674 ], [ 267742.039999999979045, 519969.96999999997206 ], [ 267652.520000000018626, 519974.580000000016298 ], [ 267560.822999999974854, 519979.32 ], [ 267472.60999999998603, 519983.87 ], [ 267427.830000000016298, 519986.18 ], [ 267382.587999999988824, 519988.51500000001397 ], [ 267338.31, 519990.799999999988358 ], [ 267293.44, 519993.14000000001397 ], [ 267160.412000000011176, 520000.0 ], [ 267136.56, 520001.229999999981374 ], [ 267131.789999999979045, 520001.479999999981374 ], [ 266970.38, 520009.82 ], [ 266923.849999999976717, 520012.210000000020955 ], [ 266878.21999999997206, 520014.57 ], [ 266813.080000000016298, 520017.93 ], [ 266815.03000000002794, 520037.38 ], [ 266801.099999999976717, 520038.57 ], [ 266789.63, 520039.56 ], [ 266785.587999999988824, 520000.0 ], [ 266783.460000000020955, 519979.18 ], [ 266780.270000000018626, 519975.229999999981374 ], [ 266775.82, 519974.099999999976717 ], [ 266715.200000000011642, 519980.0 ], [ 266697.950000000011642, 519981.68 ], [ 266675.57, 519983.68 ], [ 266635.78000000002794, 519987.210000000020955 ], [ 266596.26, 519989.950000000011642 ], [ 266556.590000000025611, 519990.830000000016298 ], [ 266516.549999999988358, 519991.76 ], [ 266507.74, 519991.960000000020955 ], [ 266475.599999999976717, 519990.49 ], [ 266435.090000000025611, 519988.650000000023283 ], [ 266408.520000000018626, 519987.549999999988358 ], [ 266306.159999999974389, 519973.169999999983702 ], [ 266206.62, 519950.479999999981374 ], [ 266150.419999999983702, 519936.18 ], [ 266118.479999999981374, 519928.03000000002794 ], [ 266101.31, 519924.659999999974389 ], [ 266003.799999999988358, 519905.5 ], [ 266000.0, 519905.011 ], [ 265934.599999999976717, 519896.590000000025611 ], [ 265909.03000000002794, 519893.289999999979045 ], [ 265895.69, 519891.62 ], [ 265876.789999999979045, 519890.57 ], [ 265851.26, 519889.150000000023283 ], [ 265800.64000000001397, 519886.299999999988358 ], [ 265772.88, 519886.62 ], [ 265767.983, 519886.75199999997858 ], [ 265701.32, 519887.44 ], [ 265685.549999999988358, 519888.729999999981374 ], [ 265604.849999999976717, 519895.229999999981374 ], [ 265599.57, 519895.669999999983702 ], [ 265565.049999999988358, 519899.960000000020955 ], [ 265549.10999999998603, 519901.99 ], [ 265525.37, 519905.68 ], [ 265501.539999999979045, 519909.39000000001397 ], [ 265487.150000000023283, 519912.169999999983702 ], [ 265401.71999999997206, 519929.31 ], [ 265367.200000000011642, 519936.799999999988358 ], [ 265327.18, 519945.460000000020955 ], [ 265305.020000000018626, 519950.270000000018626 ], [ 265287.03000000002794, 519953.88 ], [ 265207.71999999997206, 519970.049999999988358 ], [ 265193.0, 519973.080000000016298 ], [ 265130.78000000002794, 519985.93 ], [ 265128.88, 519986.32 ], [ 265088.289999999979045, 519994.590000000025611 ], [ 265061.930999999982305, 520000.0 ], [ 265032.99, 520005.94 ], [ 264968.46999999997206, 520019.18 ], [ 264934.479999999981374, 520026.06 ], [ 264889.03000000002794, 520035.35999999998603 ], [ 264836.539999999979045, 520046.07 ], [ 264810.169999999983702, 520051.460000000020955 ], [ 264740.299999999988358, 520065.82 ], [ 264738.632999999972526, 520066.136999999987893 ], [ 264673.039999999979045, 520079.56 ], [ 264641.03000000002794, 520086.099999999976717 ], [ 264603.93, 520093.710000000020955 ], [ 264535.039999999979045, 520107.74 ], [ 264454.74800000002142, 520124.090000000025611 ], [ 264374.550999999977648, 520140.454000000027008 ], [ 264345.28000000002794, 520146.419999999983702 ], [ 264177.457999999984168, 520180.662000000011176 ], [ 264149.57, 520186.07 ], [ 264098.173, 520196.699000000022352 ], [ 264029.949000000022352, 520210.767999999981839 ], [ 264000.0, 520216.944000000017695 ], [ 263977.909999999974389, 520221.5 ], [ 263953.349999999976717, 520226.32 ], [ 263922.03000000002794, 520232.69 ], [ 263888.319000000017695, 520239.507999999972526 ], [ 263856.436999999976251, 520245.887999999977183 ], [ 263757.457, 520265.86099999997532 ], [ 263734.13, 520270.789999999979045 ], [ 263693.599999999976717, 520279.07 ], [ 263672.5, 520283.400000000023283 ], [ 263662.909999999974389, 520290.169999999983702 ], [ 263662.159999999974389, 520290.659999999974389 ], [ 263653.18, 520261.919999999983702 ], [ 263639.340000000025611, 520264.039999999979045 ], [ 263564.21999999997206, 520275.38 ], [ 263563.933000000019092, 520274.48499999998603 ], [ 263528.580000000016298, 520278.76 ], [ 263517.979999999981374, 520280.049999999988358 ], [ 263481.793, 520284.37 ], [ 263471.49, 520285.590000000025611 ], [ 263440.836000000010245, 520289.24800000002142 ], [ 263426.99, 520290.900000000023283 ], [ 263416.960000000020955, 520292.12 ], [ 263399.598, 520294.196 ], [ 263392.539999999979045, 520295.039999999979045 ], [ 263369.599999999976717, 520297.039999999979045 ], [ 263368.702999999979511, 520297.153999999980442 ], [ 263348.64000000001397, 520299.700000000011642 ], [ 263340.46999999997206, 520300.700000000011642 ], [ 263317.788, 520303.532 ], [ 263303.539999999979045, 520305.349999999976717 ], [ 263236.076, 520313.837999999988824 ], [ 263229.38, 520314.68 ], [ 263194.5, 520319.033999999985099 ], [ 263160.080000000016298, 520323.330000000016298 ], [ 263153.506, 520324.179 ], [ 263149.090000000025611, 520324.75 ], [ 263136.460000000020955, 520326.349999999976717 ], [ 263122.039999999979045, 520328.39000000001397 ], [ 263110.64000000001397, 520329.580000000016298 ], [ 263077.099999999976717, 520332.74 ], [ 263070.207, 520333.200000000011642 ], [ 263066.770000000018626, 520333.43 ], [ 263064.26, 520333.74 ], [ 263028.791000000026543, 520336.598 ], [ 262997.450000000011642, 520339.090000000025611 ], [ 262987.488000000012107, 520339.583999999973457 ], [ 262977.669999999983702, 520340.07 ], [ 262943.989, 520341.664999999979045 ], [ 262942.200000000011642, 520341.75 ], [ 262905.299999999988358, 520342.03000000002794 ], [ 262900.574000000022352, 520342.091000000014901 ], [ 262895.18, 520342.159999999974389 ], [ 262857.397, 520342.46999999997206 ], [ 262857.799999999988358, 520343.539999999979045 ], [ 262814.799999999988358, 520344.07 ], [ 262680.450000000011642, 520345.14000000001397 ], [ 262676.0, 520345.159999999974389 ], [ 262665.87, 520345.229999999981374 ], [ 262662.039999999979045, 520345.25 ], [ 262568.64000000001397, 520346.289999999979045 ], [ 262562.229999999981374, 520346.35999999998603 ], [ 262462.590000000025611, 520347.63 ], [ 262417.10999999998603, 520348.12 ], [ 262374.539999999979045, 520348.53000000002794 ], [ 262361.89000000001397, 520348.650000000023283 ], [ 262338.07, 520348.909999999974389 ], [ 262285.39000000001397, 520349.409999999974389 ], [ 262262.63, 520349.700000000011642 ], [ 262240.93, 520349.93 ], [ 262196.669999999983702, 520350.39000000001397 ], [ 262162.13, 520350.770000000018626 ], [ 262152.31, 520350.900000000023283 ], [ 262107.66, 520351.549999999988358 ], [ 262062.03, 520352.21999999997206 ], [ 262019.25, 520354.330000000016298 ], [ 261962.019999999989523, 520357.150000000023283 ], [ 261932.18, 520359.62 ], [ 261868.32, 520364.909999999974389 ], [ 261862.200000000011642, 520365.450000000011642 ], [ 261845.21, 520366.979999999981374 ], [ 261838.894, 520367.541000000026543 ], [ 261809.43, 520370.159999999974389 ], [ 261805.79, 520370.479999999981374 ], [ 261801.275, 520370.881999999983236 ], [ 261768.04, 520373.93 ], [ 261744.10999999998603, 520379.25 ], [ 261715.56, 520381.549999999988358 ], [ 261671.85, 520385.049999999988358 ], [ 261659.420000000012806, 520386.049999999988358 ], [ 261627.82, 520388.82 ], [ 261585.62, 520392.549999999988358 ], [ 261556.22, 520395.12 ], [ 261541.66, 520396.37 ], [ 261497.26, 520400.159999999974389 ], [ 261460.079999999987194, 520403.299999999988358 ], [ 261452.35999999998603, 520404.049999999988358 ], [ 261407.84, 520408.229999999981374 ], [ 261381.0, 520410.76 ], [ 261323.01, 520415.82 ], [ 261278.565, 520419.452999999979511 ], [ 261260.941, 520420.907 ], [ 261234.315, 520423.156000000017229 ], [ 261190.462999999988824, 520426.862000000022817 ], [ 261161.26500000001397, 520429.327999999979511 ], [ 261145.918, 520430.549999999988358 ], [ 261087.471, 520435.200000000011642 ], [ 261061.536, 520437.26400000002468 ], [ 261029.378999999986263, 520440.005 ], [ 261001.844000000011874, 520442.353 ], [ 260970.239, 520445.048 ], [ 260961.997, 520445.75099999998929 ], [ 260881.731999999989057, 520452.61099999997532 ], [ 260862.310999999986961, 520454.271 ], [ 260793.712999999988824, 520460.218 ], [ 260762.715, 520462.90500000002794 ], [ 260734.614, 520465.602000000013504 ], [ 260712.503999999986263, 520467.723999999987427 ], [ 260682.089, 520471.282 ], [ 260623.179, 520480.934 ], [ 260622.603, 520481.058000000019092 ], [ 260617.521, 520482.151000000012573 ], [ 260622.238000000012107, 520491.022 ], [ 260627.386, 520500.704000000027008 ], [ 260629.24, 520504.19 ], [ 260629.505, 520504.688000000023749 ], [ 260652.016, 520547.020000000018626 ], [ 260965.775, 521137.718 ], [ 261208.318999999988591, 521594.304 ], [ 261270.756, 521711.841000000014901 ], [ 261595.945, 521569.052000000025146 ], [ 261631.032, 521639.147 ], [ 262189.63, 521611.14000000001397 ], [ 262105.446999999985565, 521427.996999999973923 ], [ 262345.539999999979045, 521310.789999999979045 ], [ 262451.909999999974389, 521553.549999999988358 ], [ 263946.245, 521476.463999999978114 ], [ 263833.19, 521124.979999999981374 ], [ 263981.479999999981374, 521078.28000000002794 ], [ 264108.411000000021886, 521488.092 ], [ 264341.693000000028405, 521476.783 ], [ 265275.35999999998603, 521431.520000000018626 ], [ 265272.86099999997532, 521379.968999999982771 ], [ 265563.694000000017695, 521365.869 ], [ 265575.924, 521428.431999999971595 ], [ 265841.658, 521415.689000000013039 ], [ 265861.348999999987427, 521525.778999999980442 ], [ 266020.729, 521517.652 ], [ 266036.409999999974389, 521831.840000000025611 ], [ 266100.0, 521828.48599999997532 ], [ 266100.0, 522000.0 ], [ 266100.0, 522431.565 ], [ 266170.554, 522428.163 ], [ 266546.434, 522409.305999999982305 ], [ 266894.896, 522391.799 ], [ 266916.783999999985099, 522390.729 ], [ 267293.919999999983702, 522371.82 ], [ 267667.305999999982305, 522353.104 ], [ 267999.995999999984633, 522336.431999999971595 ], [ 268033.482100000022911, 522334.753000000026077 ], [ 268033.479999999981374, 522334.710000000020955 ], [ 267988.299999999988358, 521417.325000000011642 ] ] ], [ [ [ 264824.848, 522000.0 ], [ 264805.778, 521593.604 ], [ 264385.011999999987893, 521614.00199999997858 ], [ 264405.43, 522093.60999999998603 ], [ 263903.018999999971129, 522119.245 ], [ 263906.98499999998603, 522212.004000000015367 ], [ 263806.960000000020955, 522217.044 ], [ 263798.26400000002468, 522014.729999999981374 ], [ 262223.283, 522095.977000000013504 ], [ 262210.278999999980442, 521859.142 ], [ 262191.03000000002794, 521823.76 ], [ 262187.98599999997532, 521704.536000000021886 ], [ 261566.662000000011176, 521735.688000000023749 ], [ 261337.601, 521837.976000000024214 ], [ 261332.017, 521827.62400000001071 ], [ 261264.226, 521857.977000000013504 ], [ 261230.567000000010012, 521872.887999999977183 ], [ 261154.829999999987194, 521906.684 ], [ 260945.708000000013271, 522000.0 ], [ 260923.009, 522010.129000000015367 ], [ 260909.244, 522016.272 ], [ 260896.396, 522022.005 ], [ 260703.601, 522108.036000000021886 ], [ 260708.416999999986729, 522118.924 ], [ 260749.91, 522211.81 ], [ 260753.519999999989523, 522220.13 ], [ 260758.56, 522231.363000000012107 ], [ 260759.027, 522232.403 ], [ 260765.19, 522246.141 ], [ 260767.979, 522244.903999999980442 ], [ 260863.68, 522459.26 ], [ 260941.85999999998603, 522634.56 ], [ 261000.0, 522769.511 ], [ 261010.718, 522793.401000000012573 ], [ 261222.329999999987194, 522699.169999999983702 ], [ 261231.217, 522695.805 ], [ 261240.97, 522691.60999999998603 ], [ 261250.797, 522688.392 ], [ 261259.81, 522684.979999999981374 ], [ 261269.590999999985797, 522682.129000000015367 ], [ 261278.99, 522679.39000000001397 ], [ 261284.829999999987194, 522678.01 ], [ 261288.64000000001397, 522677.150000000023283 ], [ 261298.519999999989523, 522675.32 ], [ 261308.35999999998603, 522673.88 ], [ 261318.41, 522672.549999999988358 ], [ 261328.38, 522671.46999999997206 ], [ 261338.419, 522670.566999999980908 ], [ 261348.391, 522670.076 ], [ 261565.980000000010477, 522659.36099999997532 ], [ 261740.85, 522650.75 ], [ 261864.43, 522644.669999999983702 ], [ 262070.37, 522634.450000000011642 ], [ 262143.69, 522630.78000000002794 ], [ 262238.824000000022352, 522626.09499999997206 ], [ 262249.429, 522625.572999999974854 ], [ 262254.754000000015367, 522625.310999999986961 ], [ 262263.867000000027474, 522624.862000000022817 ], [ 262385.944000000017695, 522618.818000000028405 ], [ 262389.178000000014435, 522618.658 ], [ 262412.761, 522617.493000000016764 ], [ 262416.356000000028871, 522617.310999999986961 ], [ 263287.659999999974389, 522573.316999999980908 ], [ 263310.813000000023749, 522572.196999999985565 ], [ 263783.705000000016298, 522548.612000000022817 ], [ 263820.23499999998603, 522546.693000000028405 ], [ 263918.460000000020955, 522541.789999999979045 ], [ 263919.484, 522541.738000000012107 ], [ 263928.472, 522541.278999999980442 ], [ 264000.0, 522537.62300000002142 ], [ 264242.351000000024214, 522525.23499999998603 ], [ 264290.770000000018626, 522522.76 ], [ 264671.39000000001397, 522503.37 ], [ 264848.038, 522494.528 ], [ 264848.037000000011176, 522494.51400000002468 ], [ 264847.342, 522479.368000000016764 ], [ 264824.848, 522000.0 ] ] ] ] } },
{ "type": "Feature", "properties": { "buurtcode": "BU01144000", "buurtnaam": "Emmen-Centrum", "pc6_codes": "7811AB, 7811AC, 7811AD, 7811AH, 7811AJ, 7811AK, 7811AL, 7811AM, 7811AN, 7811AP, 7811AR, 7811AS, 7811AT, 7811AV, 7811AW, 7811AX, 7811AZ, 7811BA, 7811CA, 7811CB, 7811CC, 7811CD, 7811CE, 7811CG, 7811CH, 7811CJ, 7811CK, 7811CL, 7811CM, 7811CN, 7811CP, 7811CR, 7811CS, 7811CT, 7811CV, 7811CW, 7811DA, 7811DB, 7811DC, 7811DD, 7811DE, 7811DG, 7811DH, 7811DJ, 7811DL, 7811DM, 7811DN, 7811DP, 7811DS, 7811DT, 7811DV, 7811DW, 7811DX, 7811DZ, 7811EA, 7811EB, 7811EC, 7811ED, 7811EE, 7811EG, 7811EH, 7811EJ, 7811EK, 7811EL, 7811EM, 7811EN, 7811EP, 7811ER, 7811ES, 7811ET, 7811EV, 7811EW, 7811GA, 7811GB, 7811GD, 7811GE, 7811GG, 7811GH, 7811GJ, 7811GK, 7811GL, 7811GM, 7811GN, 7811GP, 7811GR, 7811GS, 7811GT, 7811GV, 7811GW, 7811HA, 7811HB, 7811HC, 7811HD, 7811HE, 7811HG, 7811HH, 7811HJ, 7811HL, 7811HM, 7811HP, 7811HR, 7811HS, 7811HT, 7811HV, 7811HW, 7811HX, 7811HZ, 7811JA, 7811JB, 7811JC, 7811JD, 7811JE, 7811JG, 7811JH, 7811JJ, 7811JK, 7811JL, 7811JM, 7811JN, 7811JP, 7811JR, 7811JS, 7811JT, 7811JX, 7811JZ, 7811KB, 7811KC, 7811KD, 7811KH, 7811KJ, 7811KK, 7811KM, 7811KN, 7811KP, 7811KR, 7811KS, 7811KT, 7811KW, 7811KX, 7811LA, 7811MA, 7811MB, 7811ME, 7811MG, 7811MH, 7811MV, 7811MZ, 7811NA, 7811RA, 7811RB, 7811RC, 7811RD, 7811RE, 7811RG, 7811RH, 7811RJ, 7811XL, 7811XM, 7811XT, 7811XV, 7811XW, 7811XX, 7811XZ, 7812BG, 7815SM", "wijkcode": "WK011440", "gemeentecode": "GM0114", "gemeentenaam": "Emmen", "oppervlakteLandInHa": 124, "AantalInwoners_5": 4660, "Mannen_6": 2185, "Vrouwen_7": 2480, "HuishoudensTotaal_29": 2990, "GemiddeldeHuishoudensgrootte_33": 1.5, "Woningvoorraad_35": 3095, "NieuwbouwWoningen_36": 0, "NietWoningvoorraad_37": 666, "NieuwbouwNietWoningen_38": 0, "GemiddeldeWOZWaardeVanWoningen_39": 228, "PercentageEengezinswoning_40": 13, "PercentageTussenwoningEengezins_41": 4, "PercentageHoekwoningEengezins_42": 2, "PercentageTweeOnderEenKapWoningEe_43": 3, "PercentageVrijstaandeWoningEengezins_44": 4, "PercentageMeergezinswoning_45": 87, "Koopwoningen_47": 41, "HuurwoningenTotaal_48": 59, "InBezitWoningcorporatie_49": 34, "InBezitOverigeVerhuurders_50": 26, "BouwjaarMeerDanTienJaarGeleden_51": 90, "BouwjaarAfgelopenTienJaar_52": 10, "GemiddeldeElektriciteitslevering_53": 1950, "GemiddeldeElektriciteitsteruglevering_54": 270, "GemiddeldAardgasverbruik_55": 670, "AardgasvrijeWoningen_57": 6, "Aardgaswoningen_58": 85, "WoningenMetZonnestroom_59": 14, "WoningenHoofdzElektrVerwarmd_60": 7, "k_20PersonenMetHoogsteInkomen_80": 9.8, "k_20HuishoudensMetHoogsteInkomen_85": 5.0, "MediaanVermogenVanParticuliereHuish_86": 35.8, "PersonenautoSTotaal_104": 2285, "PersonenautoSBrandstofBenzine_105": 1755, "PersonenautoSOverigeBrandstof_106": 530, "PersonenautoSPerHuishouden_107": 0.8, "Omgevingsadressendichtheid_121": 1552, "AantalInstallatiesBijWoningen_5": 297, "OpgesteldVermogenVanZonnepanelen_6": 1099, "installaties_per_woning": 0.095961227786752826, "vermogen_per_woning": 0.35508885298869142, "installaties_per_100_woningen": 9.5961227786752819, "vermogen_per_huishouden": 0.36755852842809367, "batterijdruk_score": 37.8, "koop_zon_score": 0.0574, "eengezins_zon_score": 0.0182, "betaalkracht_zon_score": 5.012, "overige_brandstof_zon_score": 74.2, "lichte_batterij_kansscore": 0.15314377373839219 }, "geometry": { "type": "MultiPolygon", "coordinates": [ [ [ [ 257033.11799999998766, 535228.285999999963678 ], [ 257104.723, 535223.441 ], [ 257063.233, 535113.143999999971129 ], [ 257029.76, 534939.167000000015832 ], [ 257026.356, 534838.895000000018626 ], [ 257024.788, 534635.951 ], [ 257024.585, 534609.731000000028871 ], [ 257042.643000000010943, 534499.613999999943189 ], [ 257145.691, 533995.805999999982305 ], [ 257160.616, 533835.071 ], [ 257161.969000000011874, 533648.73499999998603 ], [ 257148.554, 533499.785000000032596 ], [ 257113.946, 533267.724000000045635 ], [ 256951.772, 533251.817999999970198 ], [ 256832.268000000010943, 533274.853 ], [ 256701.557999999989988, 533275.202999999979511 ], [ 256503.427, 533267.834000000031665 ], [ 256348.098999999987427, 533256.082000000053085 ], [ 256317.384, 533254.405999999959022 ], [ 256329.226, 533290.863999999943189 ], [ 256338.094000000011874, 533343.442000000039116 ], [ 256341.655, 533393.930000000051223 ], [ 256342.420000000012806, 533439.400999999954365 ], [ 256345.459, 533456.513999999966472 ], [ 256353.182999999989988, 533485.87 ], [ 256309.809, 533664.800000000046566 ], [ 256352.291, 533675.270999999949709 ], [ 256289.695, 533924.481000000028871 ], [ 256229.075000000011642, 534071.631999999983236 ], [ 256212.681000000011409, 534123.29500000004191 ], [ 256207.450000000011642, 534139.307999999960884 ], [ 256162.706, 534129.788999999989755 ], [ 256155.988000000012107, 534155.643000000040047 ], [ 256198.286, 534166.442999999970198 ], [ 256195.483, 534176.180000000051223 ], [ 256199.203, 534177.398999999975786 ], [ 256189.977000000013504, 534209.106000000028871 ], [ 256177.044, 534210.878999999957159 ], [ 256133.614, 534496.09699999995064 ], [ 256281.079, 534528.932999999960884 ], [ 256348.294, 534542.770999999949709 ], [ 256465.244, 534550.410000000032596 ], [ 256520.824, 534555.35999999998603 ], [ 256627.316, 534625.773999999975786 ], [ 256723.372, 534693.743000000016764 ], [ 256858.182, 534828.354999999981374 ], [ 256922.50700000001234, 535031.461000000010245 ], [ 256983.027, 535242.640999999945052 ], [ 257033.11799999998766, 535228.285999999963678 ] ] ] ] } },
{ "type": "Feature", "properties": { "buurtcode": "BU01144100", "buurtnaam": "Emmen-omgeving Oude Roswinkelerweg", "pc6_codes": "7815SM, 7822AA, 7822AB, 7822AC, 7822AD, 7822AE, 7822AG, 7822AH, 7822AJ, 7822AK, 7822AL, 7822AM, 7822AN, 7822AP, 7822AR, 7822AS, 7822AT, 7822AV, 7822AW, 7822BA, 7822BB, 7822BD, 7822BE, 7822BG, 7822BJ, 7822BK, 7822BN, 7822BP, 7822CA, 7822CB, 7822CC, 7822CD, 7822CE, 7822CG, 7822CH, 7822EA, 7822EB, 7822EC, 7822ED, 7822EE, 7822EG, 7822EH, 7822EJ, 7822EK, 7822EL, 7822EM, 7822EP", "wijkcode": "WK011441", "gemeentecode": "GM0114", "gemeentenaam": "Emmen", "oppervlakteLandInHa": 94, "AantalInwoners_5": 1460, "Mannen_6": 725, "Vrouwen_7": 745, "HuishoudensTotaal_29": 655, "GemiddeldeHuishoudensgrootte_33": 2.0, "Woningvoorraad_35": 784, "NieuwbouwWoningen_36": 0, "NietWoningvoorraad_37": 48, "NieuwbouwNietWoningen_38": 0, "GemiddeldeWOZWaardeVanWoningen_39": 274, "PercentageEengezinswoning_40": 70, "PercentageTussenwoningEengezins_41": 15, "PercentageHoekwoningEengezins_42": 11, "PercentageTweeOnderEenKapWoningEe_43": 20, "PercentageVrijstaandeWoningEengezins_44": 24, "PercentageMeergezinswoning_45": 30, "Koopwoningen_47": 62, "HuurwoningenTotaal_48": 38, "InBezitWoningcorporatie_49": 31, "InBezitOverigeVerhuurders_50": 7, "BouwjaarMeerDanTienJaarGeleden_51": 96, "BouwjaarAfgelopenTienJaar_52": 4, "GemiddeldeElektriciteitslevering_53": 2620, "GemiddeldeElektriciteitsteruglevering_54": 980, "GemiddeldAardgasverbruik_55": 1000, "AardgasvrijeWoningen_57": 4, "Aardgaswoningen_58": 88, "WoningenMetZonnestroom_59": 48, "WoningenHoofdzElektrVerwarmd_60": 9, "k_20PersonenMetHoogsteInkomen_80": 18.7, "k_20HuishoudensMetHoogsteInkomen_85": 21.7, "MediaanVermogenVanParticuliereHuish_86": 181.0, "PersonenautoSTotaal_104": 760, "PersonenautoSBrandstofBenzine_105": 570, "PersonenautoSOverigeBrandstof_106": 190, "PersonenautoSPerHuishouden_107": 1.2, "Omgevingsadressendichtheid_121": 986, "AantalInstallatiesBijWoningen_5": 282, "OpgesteldVermogenVanZonnepanelen_6": 983, "installaties_per_woning": 0.35969387755102039, "vermogen_per_woning": 1.2538265306122449, "installaties_per_100_woningen": 35.969387755102041, "vermogen_per_huishouden": 1.500763358778626, "batterijdruk_score": 470.4, "koop_zon_score": 0.2976, "eengezins_zon_score": 0.336, "betaalkracht_zon_score": 86.88, "overige_brandstof_zon_score": 91.2, "lichte_batterij_kansscore": 0.39163527645221519 }, "geometry": { "type": "MultiPolygon", "coordinates": [ [ [ [ 257543.299999999988358, 536283.5 ], [ 257581.704999999987194, 536266.61199999996461 ], [ 257613.766, 536242.915000000037253 ], [ 257662.903, 536193.430000000051223 ], [ 257700.538999999989755, 536148.126000000047497 ], [ 257745.843, 536086.792999999946915 ], [ 257768.494, 536046.020000000018626 ], [ 257787.313, 535996.185999999986961 ], [ 257803.691, 535943.912999999942258 ], [ 257829.828, 535846.685999999986961 ], [ 257842.373, 535784.65500000002794 ], [ 257847.601, 535736.912000000011176 ], [ 257855.642, 535623.241000000038184 ], [ 257499.04, 535289.863999999943189 ], [ 257593.924, 535117.331 ], [ 257630.299999999988358, 535071.38 ], [ 257661.5, 535002.810000000055879 ], [ 257659.119, 534937.716000000014901 ], [ 257667.769999999989523, 534893.322000000043772 ], [ 257671.927, 534814.066 ], [ 257672.413999999989755, 534754.397 ], [ 257509.041999999986729, 534745.390999999945052 ], [ 257414.41, 534739.810000000055879 ], [ 257288.623, 534701.525999999954365 ], [ 257178.590999999985797, 534674.177999999956228 ], [ 257024.788, 534635.951 ], [ 257026.356, 534838.895000000018626 ], [ 257029.76, 534939.167000000015832 ], [ 257063.233, 535113.143999999971129 ], [ 257104.723, 535223.441 ], [ 257033.11799999998766, 535228.285999999963678 ], [ 256983.027, 535242.640999999945052 ], [ 257018.596, 535366.758999999961816 ], [ 257118.725, 535717.052999999956228 ], [ 257175.437, 535911.442999999970198 ], [ 257247.54, 536158.34699999995064 ], [ 257302.272, 536346.743999999947846 ], [ 257543.299999999988358, 536283.5 ] ] ] ] } },
{ "type": "Feature", "properties": { "buurtcode": "BU01144101", "buurtnaam": "Emmen over 't spoor", "pc6_codes": "7811HG, 7811HN, 7811KL, 7822EN, 7822GA, 7822GB, 7822GC, 7822GD, 7822GE, 7822GG, 7822GH, 7822GJ, 7822GK, 7822GL, 7822GM, 7822GN, 7822GR, 7822GS, 7822GT, 7822GV, 7822GW, 7822GX, 7822HA, 7822HB, 7822HC, 7822HD, 7822HE, 7822HG, 7822HH, 7822HJ, 7822HK, 7822HL, 7822HM, 7822JA, 7822JB, 7822JC, 7822JD, 7822JE, 7822JG, 7822JH, 7822JJ, 7822JK, 7822JL, 7822JM, 7822JN, 7822JP, 7824AA, 7824AB", "wijkcode": "WK011441", "gemeentecode": "GM0114", "gemeentenaam": "Emmen", "oppervlakteLandInHa": 128, "AantalInwoners_5": 1985, "Mannen_6": 965, "Vrouwen_7": 1015, "HuishoudensTotaal_29": 1005, "GemiddeldeHuishoudensgrootte_33": 1.9, "Woningvoorraad_35": 714, "NieuwbouwWoningen_36": 2, "NietWoningvoorraad_37": 107, "NieuwbouwNietWoningen_38": 1, "GemiddeldeWOZWaardeVanWoningen_39": 321, "PercentageEengezinswoning_40": 76, "PercentageTussenwoningEengezins_41": 15, "PercentageHoekwoningEengezins_42": 6, "PercentageTweeOnderEenKapWoningEe_43": 26, "PercentageVrijstaandeWoningEengezins_44": 30, "PercentageMeergezinswoning_45": 24, "Koopwoningen_47": 60, "HuurwoningenTotaal_48": 40, "InBezitWoningcorporatie_49": 36, "InBezitOverigeVerhuurders_50": 4, "BouwjaarMeerDanTienJaarGeleden_51": 100, "BouwjaarAfgelopenTienJaar_52": 0, "GemiddeldeElektriciteitslevering_53": 2890, "GemiddeldeElektriciteitsteruglevering_54": 1140, "GemiddeldAardgasverbruik_55": 1110, "AardgasvrijeWoningen_57": 2, "Aardgaswoningen_58": 91, "WoningenMetZonnestroom_59": 47, "WoningenHoofdzElektrVerwarmd_60": 9, "k_20PersonenMetHoogsteInkomen_80": 16.0, "k_20HuishoudensMetHoogsteInkomen_85": 14.8, "MediaanVermogenVanParticuliereHuish_86": 7.8, "PersonenautoSTotaal_104": 760, "PersonenautoSBrandstofBenzine_105": 575, "PersonenautoSOverigeBrandstof_106": 185, "PersonenautoSPerHuishouden_107": 0.8, "Omgevingsadressendichtheid_121": 1300, "AantalInstallatiesBijWoningen_5": 166, "OpgesteldVermogenVanZonnepanelen_6": 873, "installaties_per_woning": 0.23249299719887956, "vermogen_per_woning": 1.2226890756302522, "installaties_per_100_woningen": 23.249299719887954, "vermogen_per_huishouden": 0.86865671641791042, "batterijdruk_score": 535.8, "koop_zon_score": 0.282, "eengezins_zon_score": 0.3572, "betaalkracht_zon_score": 3.666, "overige_brandstof_zon_score": 86.95, "lichte_batterij_kansscore": 0.40216465874957275 }, "geometry": { "type": "MultiPolygon", "coordinates": [ [ [ [ 257678.196, 534633.831 ], [ 257752.725, 534416.834000000031665 ], [ 257989.87, 534457.158999999985099 ], [ 258072.53, 534418.462000000057742 ], [ 258157.179, 534063.263999999966472 ], [ 258209.826, 533733.228 ], [ 258056.446, 533552.42000000004191 ], [ 258033.009, 533520.359000000054948 ], [ 257877.839, 533332.412999999942258 ], [ 257762.608, 533328.37300000002142 ], [ 257405.687, 533296.339000000036322 ], [ 257113.946, 533267.724000000045635 ], [ 257148.554, 533499.785000000032596 ], [ 257161.969000000011874, 533648.73499999998603 ], [ 257160.616, 533835.071 ], [ 257145.691, 533995.805999999982305 ], [ 257042.643000000010943, 534499.613999999943189 ], [ 257024.585, 534609.731000000028871 ], [ 257024.788, 534635.951 ], [ 257178.590999999985797, 534674.177999999956228 ], [ 257288.623, 534701.525999999954365 ], [ 257414.41, 534739.810000000055879 ], [ 257509.041999999986729, 534745.390999999945052 ], [ 257672.413999999989755, 534754.397 ], [ 257678.196, 534633.831 ] ] ] ] } },
{ "type": "Feature", "properties": { "buurtcode": "BU01144200", "buurtnaam": "Emmermeer", "pc6_codes": "7814TH, 7814TL, 7814TZ, 7814XB, 7814XC, 7815AA, 7815AB, 7815AL, 7815AM, 7815AN, 7815AT, 7815AV, 7815AW, 7815AX, 7815AZ, 7815BA, 7815BB, 7815BC, 7815BD, 7815BE, 7815BG, 7815BH, 7815CA, 7815CB, 7815CC, 7815CD, 7815CE, 7815CG, 7815CH, 7815CJ, 7815CK, 7815CL, 7815CM, 7815CN, 7815CP, 7815CR, 7815CS, 7815CT, 7815CV, 7815EA, 7815EB, 7815EC, 7815ED, 7815EE, 7815EG, 7815EH, 7815EJ, 7815EK, 7815EL, 7815EM, 7815EN, 7815EP, 7815ER, 7815GA, 7815GB, 7815GC, 7815GD, 7815GE, 7815GG, 7815GH, 7815GJ, 7815GK, 7815GL, 7815GM, 7815GN, 7815GR, 7815GS, 7815GT, 7815GV, 7815GW, 7815GX, 7815GZ, 7815HA, 7815HB, 7815HC, 7815HD, 7815HG, 7815HH, 7815HJ, 7815HK, 7815HN, 7815HP, 7815HR, 7815HS, 7815HT, 7815HV, 7815JA, 7815JB, 7815JJ, 7815JK, 7815JL, 7815JM, 7815JN, 7815JP, 7815JR, 7815JS, 7815JT, 7815JV, 7815KA, 7815KB, 7815KC, 7815KD, 7815KE, 7815KG, 7815KH, 7815KJ, 7815KK, 7815KL, 7815KM, 7815KN, 7815KR, 7815KS, 7815KT, 7815KV, 7815KW, 7815KX, 7815KZ, 7815LB, 7815LD, 7815LE, 7815LG, 7815LL, 7815LM, 7815LN, 7815LP, 7815LS, 7815LT, 7815LV, 7815LW, 7815LX, 7815LZ, 7815NA, 7815NB, 7815NC, 7815ND, 7815NE, 7815NG, 7815NH, 7815PA, 7815PB, 7815PC, 7815PD, 7815PE, 7815PG, 7815PH, 7815PJ, 7815PK, 7815PL, 7815PM, 7815PN, 7815PP, 7815PR, 7815PS, 7815PT, 7815PV, 7815PW, 7815RA, 7815RB, 7815RC, 7815RD, 7815RE, 7815RG, 7815RH, 7815RJ, 7815RK, 7815RL, 7815RM, 7815SB, 7815SC, 7815SE, 7815SG, 7815SH, 7815SJ, 7815SK, 7815SL, 7815SN, 7815SP, 7815SR, 7815ST, 7815SV, 7815TC, 7815VA, 7815VB, 7815VC, 7815VD, 7815VE, 7815VG, 7815VH, 7815VJ, 7815VK, 7815VL, 7815VM, 7815VN, 7815VP, 7815VR, 7815VS, 7815VT, 7815XA, 7815XB, 7815XC, 7815XD, 7815XE, 7815XG, 7815XH, 7815XM, 7815XN, 7815XP, 7815XR, 7815XS, 7815XT, 7815XV, 7815XW, 7815XX, 7815XZ", "wijkcode": "WK011442", "gemeentecode": "GM0114", "gemeentenaam": "Emmen", "oppervlakteLandInHa": 171, "AantalInwoners_5": 6030, "Mannen_6": 2940, "Vrouwen_7": 3090, "HuishoudensTotaal_29": 3185, "GemiddeldeHuishoudensgrootte_33": 1.9, "Woningvoorraad_35": 3319, "NieuwbouwWoningen_36": 51, "NietWoningvoorraad_37": 401, "NieuwbouwNietWoningen_38": 0, "GemiddeldeWOZWaardeVanWoningen_39": 199, "PercentageEengezinswoning_40": 63, "PercentageTussenwoningEengezins_41": 29, "PercentageHoekwoningEengezins_42": 16, "PercentageTweeOnderEenKapWoningEe_43": 11, "PercentageVrijstaandeWoningEengezins_44": 7, "PercentageMeergezinswoning_45": 37, "Koopwoningen_47": 38, "HuurwoningenTotaal_48": 62, "InBezitWoningcorporatie_49": 49, "InBezitOverigeVerhuurders_50": 13, "BouwjaarMeerDanTienJaarGeleden_51": 95, "BouwjaarAfgelopenTienJaar_52": 5, "GemiddeldeElektriciteitslevering_53": 2240, "GemiddeldeElektriciteitsteruglevering_54": 790, "GemiddeldAardgasverbruik_55": 820, "AardgasvrijeWoningen_57": 8, "Aardgaswoningen_58": 87, "WoningenMetZonnestroom_59": 40, "WoningenHoofdzElektrVerwarmd_60": 10, "k_20PersonenMetHoogsteInkomen_80": 9.3, "k_20HuishoudensMetHoogsteInkomen_85": 8.3, "MediaanVermogenVanParticuliereHuish_86": 17.2, "PersonenautoSTotaal_104": 2905, "PersonenautoSBrandstofBenzine_105": 2375, "PersonenautoSOverigeBrandstof_106": 530, "PersonenautoSPerHuishouden_107": 0.9, "Omgevingsadressendichtheid_121": 1342, "AantalInstallatiesBijWoningen_5": 666, "OpgesteldVermogenVanZonnepanelen_6": 2702, "installaties_per_woning": 0.20066285025610123, "vermogen_per_woning": 0.81410063272069899, "installaties_per_100_woningen": 20.066285025610124, "vermogen_per_huishouden": 0.84835164835164834, "batterijdruk_score": 316.0, "koop_zon_score": 0.152, "eengezins_zon_score": 0.252, "betaalkracht_zon_score": 6.88, "overige_brandstof_zon_score": 212.0, "lichte_batterij_kansscore": 0.31415098874560721 }, "geometry": { "type": "MultiPolygon", "coordinates": [ [ [ [ 256867.655, 536323.669 ], [ 257076.396, 536412.037000000011176 ], [ 257302.272, 536346.743999999947846 ], [ 257247.54, 536158.34699999995064 ], [ 257175.437, 535911.442999999970198 ], [ 257118.725, 535717.052999999956228 ], [ 257018.596, 535366.758999999961816 ], [ 256983.027, 535242.640999999945052 ], [ 256922.50700000001234, 535031.461000000010245 ], [ 256858.182, 534828.354999999981374 ], [ 256723.372, 534693.743000000016764 ], [ 256627.316, 534625.773999999975786 ], [ 256520.824, 534555.35999999998603 ], [ 256465.244, 534550.410000000032596 ], [ 256348.294, 534542.770999999949709 ], [ 256281.079, 534528.932999999960884 ], [ 256279.283, 534567.831 ], [ 256251.0, 534634.5 ], [ 256239.825000000011642, 534685.626000000047497 ], [ 256240.245, 534712.420999999972992 ], [ 256283.01, 534711.75 ], [ 256255.589, 534929.554 ], [ 256026.587999999988824, 535610.893999999971129 ], [ 255989.883, 535617.297000000020489 ], [ 255981.949, 535663.23499999998603 ], [ 255948.324, 535799.506999999983236 ], [ 256004.315, 535799.506999999983236 ], [ 256004.315, 535906.473 ], [ 255933.859, 535906.473 ], [ 255894.674, 535956.09699999995064 ], [ 255907.261999999987893, 535965.919 ], [ 255799.236, 536081.398000000044703 ], [ 255879.752, 536156.843 ], [ 255847.051, 536191.761000000056811 ], [ 255948.153, 536388.310000000055879 ], [ 256126.345, 536195.525999999954365 ], [ 256781.030999999988126, 536481.462999999988824 ], [ 256867.655, 536323.669 ] ] ] ] } },
{ "type": "Feature", "properties": { "buurtcode": "BU01144300", "buurtnaam": "Angelslo", "pc6_codes": "7811KL, 7824AB, 7824AC, 7824AD, 7824AE, 7824AG, 7824AH, 7824AJ, 7824AP, 7824AR, 7824AS, 7824AT, 7824AV, 7824AW, 7824AX, 7824AZ, 7824BA, 7824BB, 7824BC, 7824BD, 7824BE, 7824BG, 7824BH, 7824BJ, 7824BK, 7824BL, 7824BM, 7824BN, 7824BP, 7824BR, 7824BS, 7824BT, 7824BV, 7824CA, 7824CB, 7824CD, 7824CE, 7824CG, 7824CH, 7824CJ, 7824CK, 7824CL, 7824CM, 7824CN, 7824CP, 7824CR, 7824CS, 7824CT, 7824CV, 7824CW, 7824CX, 7824EA, 7824EB, 7824EC, 7824ED, 7824EE, 7824EG, 7824EH, 7824EJ, 7824EK, 7824EL, 7824EM, 7824EN, 7824EP, 7824ER, 7824ES, 7824GA, 7824GB, 7824GC, 7824GD, 7824GE, 7824GG, 7824GH, 7824GJ, 7824GK, 7824GL, 7824GM, 7824GN, 7824GP, 7824GR, 7824GS, 7824GT, 7824GV, 7824HA, 7824HB, 7824HC, 7824HD, 7824HE, 7824HG, 7824HH, 7824HJ, 7824HK, 7824JA, 7824JB, 7824JC, 7824JD, 7824JE, 7824JG, 7824JH, 7824JJ, 7824JK, 7824JL, 7824JM, 7824JN, 7824JP, 7824JR, 7824JS, 7824KA, 7824KB, 7824KC, 7824KD, 7824KE, 7824KG, 7824KH, 7824KJ, 7824KK, 7824KL, 7824LA, 7824LB, 7824LC, 7824LD, 7824LE, 7824LH, 7824LJ, 7824LK, 7824LL, 7824LM, 7824NA, 7824NB, 7824NC, 7824ND, 7824NE, 7824NG, 7824NH, 7824NJ, 7824NK, 7824NL, 7824NM, 7824NN, 7824NP, 7824NR, 7824NS, 7824NV, 7824NW, 7824PA, 7824PB, 7824PC, 7824PD, 7824PE, 7824PG, 7824PH, 7824PJ, 7824PK, 7824PL, 7824PM, 7824PN, 7824PP, 7824PR, 7824PS, 7824PT, 7824PV, 7824PW, 7824PX, 7824RA, 7824RB, 7824RC, 7824RD, 7824RE, 7824RG, 7824RH, 7824RJ, 7824RK, 7824RL, 7824RM, 7824RN, 7824RP, 7824RR, 7824RS, 7824RT, 7824RV, 7824RW, 7824RX, 7824RZ, 7824SB, 7824SC, 7824SE, 7824SG, 7824SJ, 7824SK, 7824SL, 7824SM, 7824SN, 7824TA, 7824TB, 7824TC, 7824TD, 7824TE, 7824TG, 7824TH, 7824TJ, 7824TK, 7824TL, 7824TM, 7824VB, 7824VC, 7824VD, 7824VE, 7824VG, 7824VH, 7824VJ, 7824VK, 7824VL, 7824VM, 7824VN, 7824VP, 7824VR, 7824VS, 7824VT, 7824VV, 7824VW, 7824VX, 7824VZ, 7824XA, 7824XB, 7824XC, 7824XD, 7824XE, 7824XG, 7824XH, 7824XJ, 7824XK, 7824XL, 7824XM, 7824XN, 7824XP, 7824XS, 7824XT, 7824XV, 7824XW, 7824XX, 7824XZ, 7825TC", "wijkcode": "WK011443", "gemeentecode": "GM0114", "gemeentenaam": "Emmen", "oppervlakteLandInHa": 241, "AantalInwoners_5": 7695, "Mannen_6": 3865, "Vrouwen_7": 3830, "HuishoudensTotaal_29": 3975, "GemiddeldeHuishoudensgrootte_33": 1.9, "Woningvoorraad_35": 3809, "NieuwbouwWoningen_36": 3, "NietWoningvoorraad_37": 974, "NieuwbouwNietWoningen_38": 0, "GemiddeldeWOZWaardeVanWoningen_39": 184, "PercentageEengezinswoning_40": 73, "PercentageTussenwoningEengezins_41": 47, "PercentageHoekwoningEengezins_42": 17, "PercentageTweeOnderEenKapWoningEe_43": 3, "PercentageVrijstaandeWoningEengezins_44": 6, "PercentageMeergezinswoning_45": 27, "Koopwoningen_47": 46, "HuurwoningenTotaal_48": 54, "InBezitWoningcorporatie_49": 39, "InBezitOverigeVerhuurders_50": 15, "BouwjaarMeerDanTienJaarGeleden_51": 99, "BouwjaarAfgelopenTienJaar_52": 1, "GemiddeldeElektriciteitslevering_53": 2310, "GemiddeldeElektriciteitsteruglevering_54": 780, "GemiddeldAardgasverbruik_55": 920, "AardgasvrijeWoningen_57": 4, "Aardgaswoningen_58": 92, "WoningenMetZonnestroom_59": 41, "WoningenHoofdzElektrVerwarmd_60": 6, "k_20PersonenMetHoogsteInkomen_80": 7.0, "k_20HuishoudensMetHoogsteInkomen_85": 5.8, "MediaanVermogenVanParticuliereHuish_86": 21.4, "PersonenautoSTotaal_104": 3330, "PersonenautoSBrandstofBenzine_105": 2795, "PersonenautoSOverigeBrandstof_106": 535, "PersonenautoSPerHuishouden_107": 0.8, "Omgevingsadressendichtheid_121": 1332, "AantalInstallatiesBijWoningen_5": 811, "OpgesteldVermogenVanZonnepanelen_6": 3268, "installaties_per_woning": 0.21291677605670781, "vermogen_per_woning": 0.85796797059595697, "installaties_per_100_woningen": 21.291677605670781, "vermogen_per_huishouden": 0.82213836477987423, "batterijdruk_score": 319.8, "koop_zon_score": 0.1886, "eengezins_zon_score": 0.2993, "betaalkracht_zon_score": 8.774, "overige_brandstof_zon_score": 219.35, "lichte_batterij_kansscore": 0.35195061077725392 }, "geometry": { "type": "MultiPolygon", "coordinates": [ [ [ [ 260327.913, 534355.501000000047497 ], [ 260312.200000000011642, 534297.310000000055879 ], [ 260350.981999999989057, 534295.099000000045635 ], [ 260345.295000000012806, 534262.562000000034459 ], [ 260280.272, 534052.246000000042841 ], [ 260136.489, 533783.72199999995064 ], [ 259241.028, 532540.685000000055879 ], [ 258859.065, 532859.643999999971129 ], [ 258694.068, 532994.24 ], [ 258611.427, 533055.611000000033528 ], [ 258534.144999999989523, 533097.047999999951571 ], [ 258352.845, 533182.136000000056811 ], [ 258219.24, 533236.424 ], [ 258002.10999999998603, 533325.140999999945052 ], [ 257905.41, 533333.38 ], [ 257877.839, 533332.412999999942258 ], [ 258033.009, 533520.359000000054948 ], [ 258056.446, 533552.42000000004191 ], [ 258209.826, 533733.228 ], [ 258157.179, 534063.263999999966472 ], [ 258823.943, 534168.709000000031665 ], [ 259147.337, 534220.542000000015832 ], [ 259470.685999999986961, 534272.466000000014901 ], [ 259792.958000000013271, 534324.417000000015832 ], [ 259952.589, 534350.142 ], [ 260053.976, 534316.902 ], [ 260309.967, 534357.925999999977648 ], [ 260327.913, 534355.501000000047497 ] ] ] ] } },
{ "type": "Feature", "properties": { "buurtcode": "BU01144400", "buurtnaam": "Emmerhout", "pc6_codes": "7823AA, 7823AB, 7823AC, 7823AD, 7823AE, 7823AG, 7823AH, 7823AJ, 7823AK, 7823AL, 7823AM, 7823AN, 7823AP, 7823AR, 7823AS, 7823AT, 7823BD, 7823BE, 7823BG, 7823BH, 7823BJ, 7823BK, 7823BL, 7823BM, 7823BN, 7823BP, 7823BR, 7823BS, 7823CA, 7823CB, 7823CC, 7823CD, 7823CE, 7823CG, 7823CH, 7823CJ, 7823CK, 7823CL, 7823CM, 7823CN, 7823CR, 7823CS, 7823CT, 7823CV, 7823CW, 7823CX, 7823CZ, 7823EH, 7823EJ, 7823EK, 7823EL, 7823GA, 7823GB, 7823GC, 7823GD, 7823GE, 7823GG, 7823GH, 7823GJ, 7823GK, 7823GL, 7823GM, 7823GN, 7823GP, 7823GR, 7823HC, 7823HD, 7823HE, 7823HG, 7823HH, 7823HJ, 7823HK, 7823HL, 7823HM, 7823HN, 7823HP, 7823JD, 7823JE, 7823JG, 7823JH, 7823JJ, 7823JK, 7823JL, 7823JM, 7823JN, 7823JP, 7823JR, 7823JS, 7823JT, 7823JV, 7823JW, 7823JX, 7823KA, 7823KB, 7823KC, 7823KD, 7823KE, 7823KG, 7823KH, 7823KJ, 7823KK, 7823KL, 7823LC, 7823LD, 7823LE, 7823LG, 7823LH, 7823LJ, 7823LK, 7823LL, 7823LM, 7823LN, 7823LP, 7823LR, 7823NA, 7823NB, 7823ND, 7823NN, 7823NP, 7823NR, 7823NS, 7823NT, 7823PA, 7823PB, 7823PC, 7823PE, 7823PG, 7823PH, 7823PJ, 7823PK, 7823PL, 7823PM, 7823PN, 7823PP, 7823PR, 7823PS, 7823PT, 7823PV, 7823PW, 7823RB, 7823RD, 7823RE, 7823RG, 7823RH, 7823RJ, 7823RK, 7823RL, 7823RM, 7823RN, 7823RP, 7823RR, 7823RS, 7823RT, 7823RV, 7823RW, 7823RX, 7823SB, 7823SC, 7823SE, 7823SG, 7823SH, 7823SJ, 7823SK, 7823SL, 7823SM, 7823SN", "wijkcode": "WK011444", "gemeentecode": "GM0114", "gemeentenaam": "Emmen", "oppervlakteLandInHa": 203, "AantalInwoners_5": 7085, "Mannen_6": 3430, "Vrouwen_7": 3655, "HuishoudensTotaal_29": 3680, "GemiddeldeHuishoudensgrootte_33": 1.9, "Woningvoorraad_35": 3777, "NieuwbouwWoningen_36": 0, "NietWoningvoorraad_37": 952, "NieuwbouwNietWoningen_38": 0, "GemiddeldeWOZWaardeVanWoningen_39": 192, "PercentageEengezinswoning_40": 64, "PercentageTussenwoningEengezins_41": 44, "PercentageHoekwoningEengezins_42": 16, "PercentageTweeOnderEenKapWoningEe_43": 1, "PercentageVrijstaandeWoningEengezins_44": 3, "PercentageMeergezinswoning_45": 36, "Koopwoningen_47": 46, "HuurwoningenTotaal_48": 54, "InBezitWoningcorporatie_49": 43, "InBezitOverigeVerhuurders_50": 11, "BouwjaarMeerDanTienJaarGeleden_51": 99, "BouwjaarAfgelopenTienJaar_52": 1, "GemiddeldeElektriciteitslevering_53": 2170, "GemiddeldeElektriciteitsteruglevering_54": 780, "GemiddeldAardgasverbruik_55": 840, "AardgasvrijeWoningen_57": 7, "Aardgaswoningen_58": 91, "WoningenMetZonnestroom_59": 36, "WoningenHoofdzElektrVerwarmd_60": 9, "k_20PersonenMetHoogsteInkomen_80": 8.0, "k_20HuishoudensMetHoogsteInkomen_85": 6.2, "MediaanVermogenVanParticuliereHuish_86": 30.1, "PersonenautoSTotaal_104": 3315, "PersonenautoSBrandstofBenzine_105": 2795, "PersonenautoSOverigeBrandstof_106": 520, "PersonenautoSPerHuishouden_107": 0.9, "Omgevingsadressendichtheid_121": 1571, "AantalInstallatiesBijWoningen_5": 926, "OpgesteldVermogenVanZonnepanelen_6": 3693, "installaties_per_woning": 0.24516812284882181, "vermogen_per_woning": 0.97776012708498805, "installaties_per_100_woningen": 24.516812284882182, "vermogen_per_huishouden": 1.0035326086956522, "batterijdruk_score": 280.8, "koop_zon_score": 0.1656, "eengezins_zon_score": 0.2304, "betaalkracht_zon_score": 10.836, "overige_brandstof_zon_score": 187.2, "lichte_batterij_kansscore": 0.32368594381651283 }, "geometry": { "type": "MultiPolygon", "coordinates": [ [ [ [ 260032.56, 535677.881000000052154 ], [ 260337.402, 535648.699999999953434 ], [ 260360.483, 535646.491000000038184 ], [ 260400.931000000011409, 535132.550000000046566 ], [ 260406.771, 534937.324999999953434 ], [ 260388.409000000014203, 534509.224999999976717 ], [ 260350.981999999989057, 534295.099000000045635 ], [ 260312.200000000011642, 534297.310000000055879 ], [ 260327.913, 534355.501000000047497 ], [ 260309.967, 534357.925999999977648 ], [ 260053.976, 534316.902 ], [ 259952.589, 534350.142 ], [ 259792.958000000013271, 534324.417000000015832 ], [ 259470.685999999986961, 534272.466000000014901 ], [ 259147.337, 534220.542000000015832 ], [ 258823.943, 534168.709000000031665 ], [ 258734.609, 534528.564000000013039 ], [ 258610.076, 534508.54500000004191 ], [ 258593.245, 534612.229000000050291 ], [ 258707.595, 534632.988999999943189 ], [ 258706.592, 534730.444000000017695 ], [ 258700.424, 534785.197999999974854 ], [ 258694.992, 534831.692999999970198 ], [ 258681.14000000001397, 534892.069999999948777 ], [ 258650.014, 534931.143999999971129 ], [ 258628.923, 534955.101000000024214 ], [ 258618.805, 534974.52800000004936 ], [ 258661.68, 534999.101999999955297 ], [ 258707.873, 535044.402 ], [ 259012.203, 535422.483 ], [ 259124.074, 535541.40500000002794 ], [ 259134.805, 535552.812999999965541 ], [ 259211.325000000011642, 535335.834999999962747 ], [ 259600.432999999989988, 535548.812000000034459 ], [ 259676.571999999985565, 535560.99800000002142 ], [ 259724.919, 535618.236000000033528 ], [ 259701.881, 535709.535000000032596 ], [ 260032.56, 535677.881000000052154 ] ] ] ] } },
{ "type": "Feature", "properties": { "buurtcode": "BU01144500", "buurtnaam": "Emmerschans", "pc6_codes": "7814RP, 7814RR, 7814XW, 7814XX, 7823LS, 7823TA, 7823TB, 7823TC, 7823TD, 7823TE, 7823TG, 7823TH, 7823TJ, 7823TK, 7823TL, 7823TM, 7823TN, 7823TP, 7823TS, 7823TT, 7823TV, 7823VA, 7823VB, 7823VD, 7823VE, 7823VG, 7823VH, 7823VJ, 7823VK, 7823VL, 7823VN, 7823VP, 7823VR, 7823VS, 7823VT, 7823VV", "wijkcode": "WK011445", "gemeentecode": "GM0114", "gemeentenaam": "Emmen", "oppervlakteLandInHa": 65, "AantalInwoners_5": 1185, "Mannen_6": 575, "Vrouwen_7": 610, "HuishoudensTotaal_29": 485, "GemiddeldeHuishoudensgrootte_33": 2.4, "Woningvoorraad_35": 481, "NieuwbouwWoningen_36": 1, "NietWoningvoorraad_37": 54, "NieuwbouwNietWoningen_38": 0, "GemiddeldeWOZWaardeVanWoningen_39": 287, "PercentageEengezinswoning_40": 97, "PercentageTussenwoningEengezins_41": 28, "PercentageHoekwoningEengezins_42": 14, "PercentageTweeOnderEenKapWoningEe_43": 22, "PercentageVrijstaandeWoningEengezins_44": 33, "PercentageMeergezinswoning_45": 3, "Koopwoningen_47": 58, "HuurwoningenTotaal_48": 42, "InBezitWoningcorporatie_49": 35, "InBezitOverigeVerhuurders_50": 7, "BouwjaarMeerDanTienJaarGeleden_51": 93, "BouwjaarAfgelopenTienJaar_52": 7, "GemiddeldeElektriciteitslevering_53": 2780, "GemiddeldeElektriciteitsteruglevering_54": 1660, "GemiddeldAardgasverbruik_55": 1000, "AardgasvrijeWoningen_57": 8, "Aardgaswoningen_58": 86, "WoningenMetZonnestroom_59": 67, "WoningenHoofdzElektrVerwarmd_60": 13, "k_20PersonenMetHoogsteInkomen_80": 13.8, "k_20HuishoudensMetHoogsteInkomen_85": 13.9, "MediaanVermogenVanParticuliereHuish_86": 100.9, "PersonenautoSTotaal_104": 575, "PersonenautoSBrandstofBenzine_105": 460, "PersonenautoSOverigeBrandstof_106": 110, "PersonenautoSPerHuishouden_107": 1.2, "Omgevingsadressendichtheid_121": 841, "AantalInstallatiesBijWoningen_5": 187, "OpgesteldVermogenVanZonnepanelen_6": 856, "installaties_per_woning": 0.38877338877338879, "vermogen_per_woning": 1.7796257796257797, "installaties_per_100_woningen": 38.877338877338879, "vermogen_per_huishouden": 1.7649484536082474, "batterijdruk_score": 1112.2, "koop_zon_score": 0.3886, "eengezins_zon_score": 0.6499, "betaalkracht_zon_score": 67.603, "overige_brandstof_zon_score": 73.7, "lichte_batterij_kansscore": 0.49384853895308234 }, "geometry": { "type": "MultiPolygon", "coordinates": [ [ [ [ 259558.122, 536278.503999999957159 ], [ 259702.752, 536293.013999999966472 ], [ 259716.329, 536123.562999999965541 ], [ 259845.776000000012573, 536133.934 ], [ 259850.786, 535919.839000000036322 ], [ 260225.384, 535929.462999999988824 ], [ 260293.597, 535896.672999999951571 ], [ 260319.471, 535838.412000000011176 ], [ 260337.402, 535648.699999999953434 ], [ 260032.56, 535677.881000000052154 ], [ 259701.881, 535709.535000000032596 ], [ 259724.919, 535618.236000000033528 ], [ 259676.571999999985565, 535560.99800000002142 ], [ 259600.432999999989988, 535548.812000000034459 ], [ 259211.325000000011642, 535335.834999999962747 ], [ 259134.805, 535552.812999999965541 ], [ 259124.074, 535541.40500000002794 ], [ 259022.543, 535843.540999999968335 ], [ 258981.426, 535820.98699999996461 ], [ 258955.587, 535896.70499999995809 ], [ 258993.405999999988126, 535910.096000000019558 ], [ 258952.582, 536025.305000000051223 ], [ 259140.488000000012107, 536151.321 ], [ 259182.654, 536088.26500000001397 ], [ 259544.590999999985797, 536332.582000000053085 ], [ 259558.122, 536278.503999999957159 ] ] ] ] } },
{ "type": "Feature", "properties": { "buurtcode": "BU01144600", "buurtnaam": "Bargeres", "pc6_codes": "7812CA, 7812CB, 7812CC, 7812CD, 7812CE, 7812CG, 7812CH, 7812CJ, 7812DA, 7812DB, 7812DC, 7812DD, 7812DE, 7812EA, 7812EB, 7812EC, 7812ED, 7812EE, 7812EG, 7812EH, 7812EJ, 7812EK, 7812EL, 7812EM, 7812EN, 7812EP, 7812ER, 7812ES, 7812ET, 7812EV, 7812EW, 7812EX, 7812EZ, 7812GA, 7812GB, 7812GC, 7812GD, 7812GE, 7812GG, 7812GH, 7812GJ, 7812GK, 7812GL, 7812GM, 7812HA, 7812HB, 7812HC, 7812HD, 7812HE, 7812HG, 7812HH, 7812HJ, 7812HK, 7812HL, 7812HM, 7812HN, 7812HP, 7812HR, 7812HS, 7812HT, 7812HV, 7812HW, 7812HX, 7812HZ, 7812JA, 7812JB, 7812JC, 7812JD, 7812JE, 7812JG, 7812JL, 7812JM, 7812JN, 7812JP, 7812JR, 7812JS, 7812JT, 7812JV, 7812JW, 7812JX, 7812JZ, 7812KA, 7812KB, 7812KC, 7812KD, 7812KE, 7812KG, 7812LJ, 7812LK, 7812LL, 7812LM, 7812LN, 7812LP, 7812LR, 7812LS, 7812LT, 7812LV, 7812LW, 7812LX, 7812LZ, 7812MA, 7812MB, 7812MC, 7812MD, 7812ME, 7812MG, 7812MH, 7812MK, 7812ML, 7812MN, 7812MP, 7812MR, 7812MS, 7812MT, 7812MV, 7812MX, 7812MZ, 7812NA, 7812NB, 7812NC, 7812ND, 7812NE, 7812NG, 7812NH, 7812NJ, 7812NK, 7812NL, 7812NM, 7812NS, 7812NT, 7812NV, 7812NW, 7812NX, 7812NZ, 7812PA, 7812PB, 7812PC, 7812PD, 7812PE, 7812PG, 7812PH, 7812PJ, 7812PK, 7812PL, 7812PM, 7812PN, 7812PP, 7812PR, 7812PS, 7812PT, 7812RA, 7812RB, 7812RC, 7812RD, 7812RE, 7812RG, 7812RH, 7812RJ, 7812RK, 7812RL, 7812RM, 7812RN, 7812RP, 7812RR, 7812RS, 7812RT, 7812RV, 7812SB, 7812SC, 7812SE, 7812SG, 7812SH, 7812SJ, 7812SK, 7812SL, 7812SM, 7812SN, 7812SP, 7812SR, 7812ST, 7812TA, 7812TB, 7812TC, 7812TD, 7812TE, 7812TG, 7812TH, 7812TJ, 7812TK, 7812TL, 7812TM, 7812TN, 7812TP, 7812TR, 7812TS, 7812TT, 7812TV, 7812VA, 7812VB, 7812VC, 7812VD, 7812VE, 7812VG, 7812VH, 7812VJ, 7812VK, 7812VL, 7812VM, 7812VN, 7812VP, 7812VR, 7812VS, 7812VT, 7812VV, 7812VW, 7814VA", "wijkcode": "WK011446", "gemeentecode": "GM0114", "gemeentenaam": "Emmen", "oppervlakteLandInHa": 244, "AantalInwoners_5": 8900, "Mannen_6": 4370, "Vrouwen_7": 4525, "HuishoudensTotaal_29": 4345, "GemiddeldeHuishoudensgrootte_33": 2.0, "Woningvoorraad_35": 4443, "NieuwbouwWoningen_36": 0, "NietWoningvoorraad_37": 435, "NieuwbouwNietWoningen_38": 1, "GemiddeldeWOZWaardeVanWoningen_39": 200, "PercentageEengezinswoning_40": 79, "PercentageTussenwoningEengezins_41": 46, "PercentageHoekwoningEengezins_42": 25, "PercentageTweeOnderEenKapWoningEe_43": 3, "PercentageVrijstaandeWoningEengezins_44": 5, "PercentageMeergezinswoning_45": 21, "Koopwoningen_47": 56, "HuurwoningenTotaal_48": 44, "InBezitWoningcorporatie_49": 34, "InBezitOverigeVerhuurders_50": 10, "BouwjaarMeerDanTienJaarGeleden_51": 100, "BouwjaarAfgelopenTienJaar_52": 0, "GemiddeldeElektriciteitslevering_53": 2260, "GemiddeldeElektriciteitsteruglevering_54": 830, "GemiddeldAardgasverbruik_55": 940, "AardgasvrijeWoningen_57": 1, "Aardgaswoningen_58": 96, "WoningenMetZonnestroom_59": 52, "WoningenHoofdzElektrVerwarmd_60": 4, "k_20PersonenMetHoogsteInkomen_80": 10.4, "k_20HuishoudensMetHoogsteInkomen_85": 8.7, "MediaanVermogenVanParticuliereHuish_86": 55.8, "PersonenautoSTotaal_104": 4210, "PersonenautoSBrandstofBenzine_105": 3505, "PersonenautoSOverigeBrandstof_106": 710, "PersonenautoSPerHuishouden_107": 1.0, "Omgevingsadressendichtheid_121": 1294, "AantalInstallatiesBijWoningen_5": 1554, "OpgesteldVermogenVanZonnepanelen_6": 4830, "installaties_per_woning": 0.34976367319378798, "vermogen_per_woning": 1.087103308575287, "installaties_per_100_woningen": 34.976367319378795, "vermogen_per_huishouden": 1.1116225546605294, "batterijdruk_score": 431.6, "koop_zon_score": 0.2912, "eengezins_zon_score": 0.4108, "betaalkracht_zon_score": 29.016, "overige_brandstof_zon_score": 369.2, "lichte_batterij_kansscore": 0.41048139342890116 }, "geometry": { "type": "MultiPolygon", "coordinates": [ [ [ [ 256783.43, 532684.851000000024214 ], [ 256832.780999999988126, 532582.243000000016764 ], [ 256870.22, 532499.346000000019558 ], [ 256884.113000000012107, 532431.057999999960884 ], [ 256886.188, 532391.392 ], [ 256836.866, 532044.807000000029802 ], [ 256840.092, 531997.25199999997858 ], [ 256854.489, 531932.037999999942258 ], [ 256899.371000000013737, 531866.049 ], [ 256887.666, 531816.351999999955297 ], [ 256836.73499999998603, 531654.949000000022352 ], [ 256758.363000000012107, 531500.037999999942258 ], [ 256694.131, 531404.878000000026077 ], [ 256603.522999999986496, 531298.228 ], [ 256469.176, 531152.589000000036322 ], [ 256409.149, 531090.758000000030734 ], [ 256390.669, 531071.72199999995064 ], [ 256375.381, 531055.974999999976717 ], [ 256321.13200000001234, 531000.0 ], [ 256000.844000000011874, 530670.363000000012107 ], [ 255447.82, 530109.339999999967404 ], [ 255443.548, 530148.106999999959953 ], [ 255443.237, 530150.927999999956228 ], [ 255427.019, 530258.976999999955297 ], [ 255416.049999999988358, 530345.756000000052154 ], [ 255389.01500000001397, 530628.976000000024214 ], [ 255381.62400000001071, 530700.821 ], [ 255356.416, 530928.54500000004191 ], [ 255355.581, 530965.167999999946915 ], [ 255337.89000000001397, 531091.020000000018626 ], [ 255330.537000000011176, 531156.24 ], [ 255382.295000000012806, 531164.650000000023283 ], [ 255452.576, 531508.538999999989755 ], [ 255465.468, 531619.653999999980442 ], [ 255472.018000000010943, 531780.741999999969266 ], [ 255465.285, 531958.207000000053085 ], [ 255456.37599999998929, 532044.25 ], [ 255445.18, 532118.829000000027008 ], [ 255488.089, 532149.650999999954365 ], [ 255491.964, 532163.368000000016764 ], [ 255498.794, 532161.136999999987893 ], [ 255502.74, 532163.898999999975786 ], [ 255516.155, 532159.559 ], [ 255516.549, 532172.579000000027008 ], [ 255552.453, 532178.496999999973923 ], [ 255567.051, 532190.728 ], [ 255573.758, 532187.966999999945983 ], [ 255622.682, 532196.647 ], [ 255642.01500000001397, 532247.148999999975786 ], [ 255647.144, 532257.011999999987893 ], [ 255652.668, 532265.297999999951571 ], [ 255666.082, 532280.290999999968335 ], [ 255678.313, 532304.358 ], [ 255682.259, 532317.773000000044703 ], [ 255682.259, 532333.554 ], [ 255680.681000000011409, 532354.85999999998603 ], [ 255677.919, 532369.853 ], [ 255675.157, 532377.349000000045635 ], [ 255664.12400000001071, 532409.893000000040047 ], [ 255669.143000000010943, 532411.26500000001397 ], [ 255812.666999999986729, 532521.907 ], [ 255816.37599999998929, 532515.277 ], [ 255819.003, 532510.581 ], [ 255831.165, 532488.844000000040978 ], [ 255858.285, 532489.868000000016764 ], [ 255920.59, 532512.895999999949709 ], [ 255926.366, 532502.341000000014901 ], [ 255927.649, 532500.049 ], [ 255935.071999999985565, 532486.549 ], [ 255970.707, 532483.052000000025146 ], [ 256004.307999999989988, 532504.23699999996461 ], [ 256030.799, 532506.003000000026077 ], [ 256030.208000000013271, 532524.118000000016764 ], [ 256055.951, 532540.46999999997206 ], [ 256053.443, 532614.932000000029802 ], [ 256145.651000000012573, 532618.027 ], [ 256146.053000000014435, 532604.464999999967404 ], [ 256245.37599999998929, 532608.066 ], [ 256245.986, 532626.099999999976717 ], [ 256248.991, 532636.508000000030734 ], [ 256294.62400000001071, 532640.04500000004191 ], [ 256387.212, 532649.966000000014901 ], [ 256397.548, 532623.60999999998603 ], [ 256431.23499999998603, 532630.54500000004191 ], [ 256456.628, 532628.560000000055879 ], [ 256492.777, 532633.680999999982305 ], [ 256535.301, 532654.420999999972992 ], [ 256610.627, 532701.890999999945052 ], [ 256623.21, 532711.385 ], [ 256636.526000000012573, 532718.231999999959953 ], [ 256670.623, 532726.851000000024214 ], [ 256704.331, 532745.238000000012107 ], [ 256717.090999999985797, 532748.609000000054948 ], [ 256733.99, 532758.20499999995809 ], [ 256745.577, 532763.554 ], [ 256783.43, 532684.851000000024214 ] ] ] ] } },
{ "type": "Feature", "properties": { "buurtcode": "BU01144700", "buurtnaam": "Rietlanden", "pc6_codes": "7814VA, 7827AA, 7827AB, 7827AC, 7827AD, 7827AE, 7827AG, 7827AJ, 7827AK, 7827AL, 7827AM, 7827AN, 7827AP, 7827AR, 7827AS, 7827BA, 7827BB, 7827BC, 7827BD, 7827BE, 7827BG, 7827BH, 7827BJ, 7827BK, 7827BL, 7827BM, 7827BN, 7827BP, 7827BR, 7827BS, 7827BT, 7827BV, 7827BW, 7827BX, 7827BZ, 7827CA, 7827CC, 7827CD, 7827CE, 7827DB, 7827DC, 7827DD, 7827DE, 7827DG, 7827DH, 7827DJ, 7827DK, 7827DL, 7827DM, 7827DN, 7827DP, 7827DR, 7827DS, 7827DT, 7827DV, 7827DZ, 7827EA, 7827EB, 7827EC, 7827ED, 7827EE, 7827EG, 7827EH, 7827EJ, 7827EK, 7827GA, 7827GB, 7827GC, 7827GD, 7827GE, 7827GG, 7827GH, 7827GJ, 7827GK, 7827GM, 7827GN, 7827GT, 7827GZ, 7827HA, 7827HB, 7827HC, 7827HD, 7827HG, 7827HH, 7827HJ, 7827HK, 7827HL, 7827HM, 7827HN, 7827HP, 7827HR, 7827HS, 7827HT, 7827HV, 7827HW, 7827HX, 7827JA, 7827JB, 7827JC, 7827JD, 7827JG, 7827JH, 7827JJ, 7827JK, 7827JM, 7827JN, 7827JR, 7827JS, 7827JT, 7827JV, 7827JW, 7827JX, 7827JZ, 7827KA, 7827KC, 7827KE, 7827KG, 7827KJ, 7827LA, 7827LB, 7827LC, 7827LD, 7827LE, 7827LG, 7827LK, 7827LL, 7827LM, 7827LN, 7827LR, 7827LT, 7827LV, 7827NA, 7827ND, 7827NH, 7827NJ, 7827NL, 7827NM, 7827NP, 7827NR, 7827NS, 7827NV, 7827NW, 7827PA, 7827PG, 7827PH, 7827PJ, 7827PM, 7827PR, 7827RA, 7827RB, 7827RC, 7827RD, 7827RE, 7827RG, 7827RH, 7827SB, 7827SC, 7827SE, 7827SG, 7827SH, 7827SL, 7827SP, 7827SV, 7827SW, 7827TA, 7827TB, 7827TE, 7827TG, 7827TK, 7827TL, 7827TP, 7827TR, 7827VA, 7827VC, 7827VE, 7827VG, 7827VJ, 7827VL, 7827VN, 7827XA, 7827XZ, 7827ZA, 7827ZG", "wijkcode": "WK011447", "gemeentecode": "GM0114", "gemeentenaam": "Emmen", "oppervlakteLandInHa": 271, "AantalInwoners_5": 9075, "Mannen_6": 4530, "Vrouwen_7": 4545, "HuishoudensTotaal_29": 3925, "GemiddeldeHuishoudensgrootte_33": 2.3, "Woningvoorraad_35": 3979, "NieuwbouwWoningen_36": 0, "NietWoningvoorraad_37": 82, "NieuwbouwNietWoningen_38": 0, "GemiddeldeWOZWaardeVanWoningen_39": 280, "PercentageEengezinswoning_40": 89, "PercentageTussenwoningEengezins_41": 41, "PercentageHoekwoningEengezins_42": 18, "PercentageTweeOnderEenKapWoningEe_43": 18, "PercentageVrijstaandeWoningEengezins_44": 11, "PercentageMeergezinswoning_45": 11, "Koopwoningen_47": 77, "HuurwoningenTotaal_48": 23, "InBezitWoningcorporatie_49": 12, "InBezitOverigeVerhuurders_50": 11, "BouwjaarMeerDanTienJaarGeleden_51": 100, "BouwjaarAfgelopenTienJaar_52": 0, "GemiddeldeElektriciteitslevering_53": 2640, "GemiddeldeElektriciteitsteruglevering_54": 1270, "GemiddeldAardgasverbruik_55": 880, "AardgasvrijeWoningen_57": 2, "Aardgaswoningen_58": 92, "WoningenMetZonnestroom_59": 59, "WoningenHoofdzElektrVerwarmd_60": 8, "k_20PersonenMetHoogsteInkomen_80": 19.0, "k_20HuishoudensMetHoogsteInkomen_85": 19.5, "MediaanVermogenVanParticuliereHuish_86": 149.1, "PersonenautoSTotaal_104": 4905, "PersonenautoSBrandstofBenzine_105": 3820, "PersonenautoSOverigeBrandstof_106": 1090, "PersonenautoSPerHuishouden_107": 1.2, "Omgevingsadressendichtheid_121": 817, "AantalInstallatiesBijWoningen_5": 1803, "OpgesteldVermogenVanZonnepanelen_6": 6762, "installaties_per_woning": 0.45312892686604672, "vermogen_per_woning": 1.699421965317919, "installaties_per_100_woningen": 45.31289268660467, "vermogen_per_huishouden": 1.7228025477707007, "batterijdruk_score": 749.3, "koop_zon_score": 0.4543, "eengezins_zon_score": 0.5251, "betaalkracht_zon_score": 87.969, "overige_brandstof_zon_score": 643.1, "lichte_batterij_kansscore": 0.50588470246608763 }, "geometry": { "type": "MultiPolygon", "coordinates": [ [ [ [ 256930.354, 530634.85999999998603 ], [ 257008.508, 530495.535000000032596 ], [ 257065.184, 530403.783999999985099 ], [ 257138.592, 530333.422999999951571 ], [ 257230.159000000014203, 530259.38800000003539 ], [ 257351.269999999989523, 530176.390999999945052 ], [ 257346.579999999987194, 530151.439999999944121 ], [ 257337.799999999988358, 530104.819999999948777 ], [ 257332.480000000010477, 530076.560000000055879 ], [ 257335.562, 530076.106999999959953 ], [ 257363.519999999989523, 530072.0 ], [ 257369.29, 530114.560000000055879 ], [ 257411.219000000011874, 530094.142 ], [ 257413.829999999987194, 530092.87 ], [ 257446.99, 530079.310000000055879 ], [ 257458.22, 530074.71999999997206 ], [ 257483.22, 530066.39000000001397 ], [ 257503.28, 530062.99 ], [ 257510.60999999998603, 530016.400000000023283 ], [ 257556.549999999988358, 530025.930000000051223 ], [ 257558.128999999986263, 530019.741000000038184 ], [ 257579.291999999986729, 530024.589000000036322 ], [ 257579.454999999987194, 530022.609000000054948 ], [ 257608.073, 530029.072000000043772 ], [ 257614.079999999987194, 530012.26 ], [ 257618.731, 529999.267 ], [ 257625.63, 529979.959999999962747 ], [ 257628.79, 529971.160000000032596 ], [ 257632.328, 529971.287000000011176 ], [ 257635.361, 529964.587000000057742 ], [ 257639.853, 529953.569999999948777 ], [ 257640.166, 529952.020000000018626 ], [ 257651.06, 529952.410000000032596 ], [ 257651.524, 529938.052000000025146 ], [ 257692.897999999986496, 529957.25 ], [ 257791.646, 529771.623999999952503 ], [ 257648.627, 529707.11199999996461 ], [ 256369.866, 529127.437999999965541 ], [ 256375.25, 528977.861000000033528 ], [ 256386.82, 528963.559 ], [ 256388.547, 528910.46999999997206 ], [ 256391.74299999998766, 528812.26300000003539 ], [ 256268.234, 528779.90500000002794 ], [ 256262.619, 528778.434 ], [ 256227.049, 528768.381000000052154 ], [ 256212.745, 528764.417999999946915 ], [ 256105.62400000001071, 528729.822000000043772 ], [ 256079.255, 528741.280999999959022 ], [ 256007.557999999989988, 528738.812000000034459 ], [ 256000.0, 528738.321 ], [ 255979.943, 528737.751000000047497 ], [ 255949.459, 528736.581 ], [ 255943.481, 528737.611000000033528 ], [ 255938.171, 528739.287999999942258 ], [ 255932.768000000010943, 528742.082000000053085 ], [ 255927.831, 528745.900999999954365 ], [ 255923.826, 528750.185999999986961 ], [ 255920.633, 528754.976000000024214 ], [ 255856.287000000011176, 528894.871999999973923 ], [ 255725.807999999989988, 528835.435000000055879 ], [ 255718.826, 528832.272 ], [ 255600.568999999988591, 528778.709000000031665 ], [ 255615.15, 528859.589999999967404 ], [ 255616.14000000001397, 528903.42000000004191 ], [ 255590.141, 529100.202999999979511 ], [ 255572.34, 529230.770000000018626 ], [ 255528.305, 529521.925999999977648 ], [ 255522.049999999988358, 529583.849999999976717 ], [ 255505.548, 529684.515999999945052 ], [ 255468.959, 529959.236000000033528 ], [ 255447.82, 530109.339999999967404 ], [ 256000.844000000011874, 530670.363000000012107 ], [ 256321.13200000001234, 531000.0 ], [ 256375.381, 531055.974999999976717 ], [ 256390.669, 531071.72199999995064 ], [ 256517.568999999988591, 531095.479000000050291 ], [ 256594.047, 531125.503000000026077 ], [ 256641.753999999986263, 531154.261000000056811 ], [ 256930.354, 530634.85999999998603 ] ] ] ] } },
{ "type": "Feature", "properties": { "buurtcode": "BU01144800", "buurtnaam": "Parc Sandur", "pc6_codes": "7825TN, 7828AA, 7828AD, 7828AE, 7828AG, 7828AH, 7828AK, 7828AL, 7828AM, 7828AN, 7828AP, 7828AR, 7828AS, 7828AT, 7828AV, 7828AW, 7828AX, 7828AZ, 7828BA, 7828BB, 7828BC, 7828BD, 7828BE, 7828BG, 7828BH, 7828BJ, 7828BK, 7828BL, 7828BM, 7828BN, 7828BP, 7828BR, 7828BS, 7828BT, 7828BW, 7828BX, 7828CB, 7828CD, 7828CE, 7828CG, 7828CH, 7828CJ, 7828CK, 7828CL, 7828CM, 7828CN, 7828CP, 7828CR", "wijkcode": "WK011448", "gemeentecode": "GM0114", "gemeentenaam": "Emmen", "oppervlakteLandInHa": 214, "AantalInwoners_5": 2125, "Mannen_6": 1080, "Vrouwen_7": 1045, "HuishoudensTotaal_29": 895, "GemiddeldeHuishoudensgrootte_33": 2.4, "Woningvoorraad_35": 841, "NieuwbouwWoningen_36": 0, "NietWoningvoorraad_37": 346, "NieuwbouwNietWoningen_38": 0, "GemiddeldeWOZWaardeVanWoningen_39": 380, "PercentageEengezinswoning_40": 100, "PercentageTussenwoningEengezins_41": 12, "PercentageHoekwoningEengezins_42": 5, "PercentageTweeOnderEenKapWoningEe_43": 42, "PercentageVrijstaandeWoningEengezins_44": 41, "PercentageMeergezinswoning_45": 0, "Koopwoningen_47": 88, "HuurwoningenTotaal_48": 12, "InBezitWoningcorporatie_49": 0, "InBezitOverigeVerhuurders_50": 12, "BouwjaarMeerDanTienJaarGeleden_51": 99, "BouwjaarAfgelopenTienJaar_52": 1, "GemiddeldeElektriciteitslevering_53": 3230, "GemiddeldeElektriciteitsteruglevering_54": 2080, "GemiddeldAardgasverbruik_55": 960, "AardgasvrijeWoningen_57": 3, "Aardgaswoningen_58": 87, "WoningenMetZonnestroom_59": 72, "WoningenHoofdzElektrVerwarmd_60": 13, "k_20PersonenMetHoogsteInkomen_80": 24.8, "k_20HuishoudensMetHoogsteInkomen_85": 26.8, "MediaanVermogenVanParticuliereHuish_86": 246.0, "PersonenautoSTotaal_104": 1230, "PersonenautoSBrandstofBenzine_105": 855, "PersonenautoSOverigeBrandstof_106": 370, "PersonenautoSPerHuishouden_107": 1.4, "Omgevingsadressendichtheid_121": 350, "AantalInstallatiesBijWoningen_5": 481, "OpgesteldVermogenVanZonnepanelen_6": 2086, "installaties_per_woning": 0.57193816884661119, "vermogen_per_woning": 2.4803804994054697, "installaties_per_100_woningen": 57.193816884661118, "vermogen_per_huishouden": 2.3307262569832403, "batterijdruk_score": 1497.6, "koop_zon_score": 0.6336, "eengezins_zon_score": 0.72, "betaalkracht_zon_score": 177.12, "overige_brandstof_zon_score": 266.4, "lichte_batterij_kansscore": 0.58655731172713965 }, "geometry": { "type": "MultiPolygon", "coordinates": [ [ [ [ 257699.662000000011176, 529609.731999999959953 ], [ 257756.24299999998766, 529635.344000000040978 ], [ 257785.616, 529579.302000000025146 ], [ 257802.487, 529547.113999999943189 ], [ 257827.181000000011409, 529500.0 ], [ 257848.913999999989755, 529458.537000000011176 ], [ 257932.997, 529496.675999999977648 ], [ 257933.229, 529495.547000000020489 ], [ 258000.0, 529372.895000000018626 ], [ 258011.56, 529351.660000000032596 ], [ 258032.670000000012806, 529321.731000000028871 ], [ 258008.592, 529311.299 ], [ 258006.763, 529315.26500000001397 ], [ 258000.202, 529312.307999999960884 ], [ 258002.726, 529306.971000000019558 ], [ 258000.0, 529305.738999999943189 ], [ 257994.337999999988824, 529303.180000000051223 ], [ 257970.115, 529292.233 ], [ 257982.94, 529263.677000000025146 ], [ 258000.0, 529225.694000000017695 ], [ 258000.37, 529224.87 ], [ 258068.634, 529255.562000000034459 ], [ 258084.935999999986961, 529225.202000000048429 ], [ 258128.451, 529143.959000000031665 ], [ 258175.972, 529055.261999999987893 ], [ 258182.826, 529042.48499999998603 ], [ 258138.138, 529021.712999999988824 ], [ 258148.682, 529000.0 ], [ 258151.157, 528994.90300000004936 ], [ 258151.332, 528994.540999999968335 ], [ 258162.098, 528998.981999999959953 ], [ 258164.564000000013039, 529000.0 ], [ 258172.533, 529003.288999999989755 ], [ 258172.016, 529004.528999999980442 ], [ 258197.002, 529016.060000000055879 ], [ 258205.61799999998766, 529000.0 ], [ 258228.88200000001234, 528956.633999999961816 ], [ 258268.881, 528882.116999999969266 ], [ 258270.96, 528877.854000000050291 ], [ 258272.725, 528874.23499999998603 ], [ 258172.954999999987194, 528829.062000000034459 ], [ 258193.11799999998766, 528786.566 ], [ 258283.75099999998929, 528827.601999999955297 ], [ 258299.404, 528792.930999999982305 ], [ 258308.519999999989523, 528797.057999999960884 ], [ 258312.142, 528789.04500000004191 ], [ 258232.769999999989523, 528752.988000000012107 ], [ 258181.99299999998766, 528729.920999999972992 ], [ 258136.041999999986729, 528709.047000000020489 ], [ 258179.364, 528614.28000000002794 ], [ 258219.983, 528525.427000000025146 ], [ 258264.68, 528545.618000000016764 ], [ 258395.638, 528604.775999999954365 ], [ 258397.956, 528599.660999999963678 ], [ 258437.419, 528512.569999999948777 ], [ 258350.866, 528473.591000000014901 ], [ 258301.577, 528453.300999999977648 ], [ 258315.679, 528421.550999999977648 ], [ 258316.215999999985797, 528420.341999999945983 ], [ 258388.4, 528257.817999999970198 ], [ 258402.151000000012573, 528228.427000000025146 ], [ 258432.665, 528243.596000000019558 ], [ 258542.99, 528000.0 ], [ 258570.228, 527939.858 ], [ 258543.513, 527927.783999999985099 ], [ 258514.644999999989523, 527914.685000000055879 ], [ 258491.538999999989755, 527904.277 ], [ 258463.579, 527891.682999999960884 ], [ 258432.013, 527961.050000000046566 ], [ 258333.13200000001234, 527916.528999999980442 ], [ 258364.064000000013039, 527847.226999999955297 ], [ 258368.589, 527837.091000000014901 ], [ 258351.652, 527829.868000000016764 ], [ 258343.170000000012806, 527826.25 ], [ 258252.74, 527786.38 ], [ 258162.46, 527746.189999999944121 ], [ 258071.28, 527705.10999999998603 ], [ 258000.0, 527672.777 ], [ 257981.29, 527664.290000000037253 ], [ 257890.404, 527622.564000000013039 ], [ 257799.85, 527582.96999999997206 ], [ 257733.677, 527553.292000000015832 ], [ 257728.851, 527551.128000000026077 ], [ 257666.116, 527703.072999999974854 ], [ 257496.87599999998929, 527627.087999999988824 ], [ 257199.536, 527622.091000000014901 ], [ 256862.217, 527911.935000000055879 ], [ 256854.721, 528526.604000000050291 ], [ 256472.609, 528201.738999999943189 ], [ 256413.641, 528368.557999999960884 ], [ 256380.176, 528463.229999999981374 ], [ 256346.695, 528557.944999999948777 ], [ 256279.62599999998929, 528747.679 ], [ 256268.234, 528779.90500000002794 ], [ 256391.74299999998766, 528812.26300000003539 ], [ 256388.547, 528910.46999999997206 ], [ 256386.82, 528963.559 ], [ 256375.25, 528977.861000000033528 ], [ 256369.866, 529127.437999999965541 ], [ 257648.627, 529707.11199999996461 ], [ 257699.662000000011176, 529609.731999999959953 ] ] ] ] } },
{ "type": "Feature", "properties": { "buurtcode": "BU01144900", "buurtnaam": "Delftlanden", "pc6_codes": "7813AA, 7813AB, 7813AC, 7813AD, 7813AE, 7813AG, 7813AH, 7813AK, 7813AL, 7813BB, 7813BC, 7813BD, 7813BE, 7813BG, 7813BH, 7813BJ, 7813BK, 7813BP, 7813BR, 7813BS, 7813BT, 7813BV, 7813BW, 7813BZ, 7813CA, 7813CH, 7813CJ, 7813CK, 7813CM, 7813CN, 7813CP, 7813CR, 7813DA, 7813DH, 7813DJ, 7813DK, 7813DL, 7813DM, 7813DN, 7813DP, 7814VG, 7814VH", "wijkcode": "WK011449", "gemeentecode": "GM0114", "gemeentenaam": "Emmen", "oppervlakteLandInHa": 232, "AantalInwoners_5": 2460, "Mannen_6": 1235, "Vrouwen_7": 1225, "HuishoudensTotaal_29": 715, "GemiddeldeHuishoudensgrootte_33": 2.8, "Woningvoorraad_35": 710, "NieuwbouwWoningen_36": 18, "NietWoningvoorraad_37": 10, "NieuwbouwNietWoningen_38": 0, "GemiddeldeWOZWaardeVanWoningen_39": 412, "PercentageEengezinswoning_40": 100, "PercentageTussenwoningEengezins_41": 23, "PercentageHoekwoningEengezins_42": 13, "PercentageTweeOnderEenKapWoningEe_43": 34, "PercentageVrijstaandeWoningEengezins_44": 30, "PercentageMeergezinswoning_45": 0, "Koopwoningen_47": 91, "HuurwoningenTotaal_48": 9, "InBezitWoningcorporatie_49": 0, "InBezitOverigeVerhuurders_50": 9, "BouwjaarMeerDanTienJaarGeleden_51": 41, "BouwjaarAfgelopenTienJaar_52": 59, "GemiddeldeElektriciteitslevering_53": 4020, "GemiddeldeElektriciteitsteruglevering_54": 2850, "GemiddeldAardgasverbruik_55": 460, "AardgasvrijeWoningen_57": 55, "Aardgaswoningen_58": 36, "WoningenMetZonnestroom_59": 82, "WoningenHoofdzElektrVerwarmd_60": 59, "k_20PersonenMetHoogsteInkomen_80": 31.2, "k_20HuishoudensMetHoogsteInkomen_85": 39.4, "MediaanVermogenVanParticuliereHuish_86": 179.5, "PersonenautoSTotaal_104": 1040, "PersonenautoSBrandstofBenzine_105": 740, "PersonenautoSOverigeBrandstof_106": 295, "PersonenautoSPerHuishouden_107": 1.5, "Omgevingsadressendichtheid_121": 354, "AantalInstallatiesBijWoningen_5": 421, "OpgesteldVermogenVanZonnepanelen_6": 2075, "installaties_per_woning": 0.59295774647887323, "vermogen_per_woning": 2.9225352112676055, "installaties_per_100_woningen": 59.29577464788732, "vermogen_per_huishouden": 2.9020979020979021, "batterijdruk_score": 2337.0, "koop_zon_score": 0.7462, "eengezins_zon_score": 0.82, "betaalkracht_zon_score": 147.19, "overige_brandstof_zon_score": 241.9, "lichte_batterij_kansscore": 0.63345619914565654 }, "geometry": { "type": "MultiPolygon", "coordinates": [ [ [ [ 253715.32, 531408.856999999959953 ], [ 254000.174, 531346.593 ], [ 254078.045000000012806, 531320.118999999947846 ], [ 254229.278, 531256.633000000030734 ], [ 254344.128999999986263, 531227.324000000022352 ], [ 254481.041999999986729, 531210.537000000011176 ], [ 254578.253, 531202.466999999945983 ], [ 254799.187, 531188.729000000050291 ], [ 254972.487, 531171.508000000030734 ], [ 255105.625, 531148.108 ], [ 255337.89000000001397, 531091.020000000018626 ], [ 255355.581, 530965.167999999946915 ], [ 255356.416, 530928.54500000004191 ], [ 255381.62400000001071, 530700.821 ], [ 255389.01500000001397, 530628.976000000024214 ], [ 255416.049999999988358, 530345.756000000052154 ], [ 255427.019, 530258.976999999955297 ], [ 255443.237, 530150.927999999956228 ], [ 255443.548, 530148.106999999959953 ], [ 255196.003999999986263, 529895.226000000024214 ], [ 254998.16, 529694.478 ], [ 254854.71, 529549.491000000038184 ], [ 254786.193, 529496.643999999971129 ], [ 254744.181000000011409, 529483.142 ], [ 254701.051, 529472.300999999977648 ], [ 254559.464, 529453.675999999977648 ], [ 254526.946, 529760.87 ], [ 254513.747, 529844.942999999970198 ], [ 254486.11799999998766, 529910.984000000054948 ], [ 254442.739, 529977.057000000029802 ], [ 254385.081, 530028.439999999944121 ], [ 254303.287000000011176, 530071.12 ], [ 254006.451, 530175.468 ], [ 253930.553000000014435, 530201.265999999945052 ], [ 253864.033, 530237.554 ], [ 253816.682, 530276.88 ], [ 253772.636999999987893, 530331.633000000030734 ], [ 253733.693, 530402.773000000044703 ], [ 253712.654, 530483.912999999942258 ], [ 253679.064000000013039, 530774.287000000011176 ], [ 253656.233, 530954.724000000045635 ], [ 253637.725, 531000.0 ], [ 253581.839, 531059.888999999966472 ], [ 253519.662000000011176, 531085.594000000040978 ], [ 253443.76500000001397, 531098.709000000031665 ], [ 253552.102000000013504, 531454.397 ], [ 253715.32, 531408.856999999959953 ] ] ] ] } },
{ "type": "Feature", "properties": { "buurtcode": "BU01145000", "buurtnaam": "Barger-Oosterveld", "pc6_codes": "7825SH, 7825TB, 7825TG, 7825TH, 7825WB, 7826BP, 7826BR, 7826BS, 7826BT, 7826BV, 7826BW, 7826BX, 7826BZ, 7826CA, 7826CB, 7826CC, 7826CD, 7826CE, 7826CG, 7826CH, 7826CJ, 7826CK, 7826CL, 7826CM, 7826CN, 7826CP, 7826CR, 7826CS, 7826CT, 7826CV, 7826CW, 7826CX, 7826DA, 7826DB, 7826EA, 7826EB, 7826EC, 7826ED, 7826EE, 7826EG, 7826EH, 7826EJ, 7826EK, 7826EL, 7826EM, 7826EN, 7826EP, 7826ER, 7826ES, 7826ET, 7826EV, 7826EW, 7826EX, 7826GA, 7826GB, 7826GC, 7826GD, 7826GE, 7826GG, 7826GH, 7826GJ, 7826GK, 7826HA, 7826HB, 7826HC, 7826HD, 7826HE, 7826HG, 7826HH, 7826HJ, 7826HK, 7826HL, 7826HM, 7826HR, 7826HW, 7826HX, 7826HZ, 7826TA, 7826TB, 7826TC, 7826TD, 7826TE", "wijkcode": "WK011450", "gemeentecode": "GM0114", "gemeentenaam": "Emmen", "oppervlakteLandInHa": 193, "AantalInwoners_5": 2990, "Mannen_6": 1540, "Vrouwen_7": 1450, "HuishoudensTotaal_29": 1225, "GemiddeldeHuishoudensgrootte_33": 2.4, "Woningvoorraad_35": 1237, "NieuwbouwWoningen_36": 15, "NietWoningvoorraad_37": 120, "NieuwbouwNietWoningen_38": 0, "GemiddeldeWOZWaardeVanWoningen_39": 313, "PercentageEengezinswoning_40": 97, "PercentageTussenwoningEengezins_41": 9, "PercentageHoekwoningEengezins_42": 7, "PercentageTweeOnderEenKapWoningEe_43": 36, "PercentageVrijstaandeWoningEengezins_44": 45, "PercentageMeergezinswoning_45": 3, "Koopwoningen_47": 82, "HuurwoningenTotaal_48": 18, "InBezitWoningcorporatie_49": 11, "InBezitOverigeVerhuurders_50": 7, "BouwjaarMeerDanTienJaarGeleden_51": 98, "BouwjaarAfgelopenTienJaar_52": 2, "GemiddeldeElektriciteitslevering_53": 3330, "GemiddeldeElektriciteitsteruglevering_54": 1790, "GemiddeldAardgasverbruik_55": 1110, "AardgasvrijeWoningen_57": 3, "Aardgaswoningen_58": 88, "WoningenMetZonnestroom_59": 64, "WoningenHoofdzElektrVerwarmd_60": 11, "k_20PersonenMetHoogsteInkomen_80": 16.7, "k_20HuishoudensMetHoogsteInkomen_85": 25.0, "MediaanVermogenVanParticuliereHuish_86": 205.6, "PersonenautoSTotaal_104": 1785, "PersonenautoSBrandstofBenzine_105": 1390, "PersonenautoSOverigeBrandstof_106": 395, "PersonenautoSPerHuishouden_107": 1.5, "Omgevingsadressendichtheid_121": 372, "AantalInstallatiesBijWoningen_5": 492, "OpgesteldVermogenVanZonnepanelen_6": 2311, "installaties_per_woning": 0.39773645917542444, "vermogen_per_woning": 1.868229587712207, "installaties_per_100_woningen": 39.773645917542446, "vermogen_per_huishouden": 1.8865306122448979, "batterijdruk_score": 1145.6, "koop_zon_score": 0.5248, "eengezins_zon_score": 0.6208, "betaalkracht_zon_score": 131.584, "overige_brandstof_zon_score": 252.8, "lichte_batterij_kansscore": 0.54462901495896643 }, "geometry": { "type": "MultiPolygon", "coordinates": [ [ [ [ 260835.06, 533831.763999999966472 ], [ 260804.101, 533702.533999999985099 ], [ 260973.932999999989988, 533663.294 ], [ 260959.899, 533604.723 ], [ 261073.700000000011642, 533612.810000000055879 ], [ 261238.151000000012573, 533260.520999999949709 ], [ 261658.731999999989057, 533288.643999999971129 ], [ 261808.335, 532990.912000000011176 ], [ 261758.446, 532987.496000000042841 ], [ 261763.585, 532925.85999999998603 ], [ 261663.798, 532919.150000000023283 ], [ 261670.111, 532907.442999999970198 ], [ 261709.691, 532801.101000000024214 ], [ 261725.177, 532809.468 ], [ 261783.461000000010245, 532703.462000000057742 ], [ 261550.651000000012573, 532563.457999999984168 ], [ 261593.956, 532476.386999999987893 ], [ 261351.574, 532101.23699999996461 ], [ 261285.503999999986263, 532061.691 ], [ 261625.768000000010943, 531471.077999999979511 ], [ 261491.929, 531391.001000000047497 ], [ 261467.306000000011409, 531426.194000000017695 ], [ 261435.4, 531408.734000000054948 ], [ 261399.085, 531388.861000000033528 ], [ 261375.459, 531427.957000000053085 ], [ 260942.597, 532047.359000000054948 ], [ 260249.182999999989988, 532607.993999999947846 ], [ 260220.062, 532582.115 ], [ 260100.5, 532681.63 ], [ 260215.799999999988358, 532809.810000000055879 ], [ 260195.152, 532901.85999999998603 ], [ 260449.56, 532938.28000000002794 ], [ 260423.798, 533175.917999999946915 ], [ 260491.725, 533183.282 ], [ 260446.670000000012806, 533599.174 ], [ 260527.738000000012107, 533588.959999999962747 ], [ 260529.079999999987194, 533654.307999999960884 ], [ 260584.959, 533646.46999999997206 ], [ 260635.231, 533858.46999999997206 ], [ 260835.06, 533831.763999999966472 ] ] ] ] } },
{ "type": "Feature", "properties": { "buurtcode": "BU01145100", "buurtnaam": "Weerdinge", "pc6_codes": "7814PB, 7814PC, 7814PD, 7814PE, 7814PG, 7814PH, 7814PJ, 7814PK, 7814PM, 7814PN, 7814PR, 7814PS, 7814PT, 7814PV, 7814PX, 7814PZ, 7814RC, 7814RD, 7814RM, 7814XA, 7814XN, 7814XS, 7814XT, 7814XV, 7814XX, 7815SL, 7822BH", "wijkcode": "WK011451", "gemeentecode": "GM0114", "gemeentenaam": "Emmen", "oppervlakteLandInHa": 126, "AantalInwoners_5": 585, "Mannen_6": 305, "Vrouwen_7": 275, "HuishoudensTotaal_29": 235, "GemiddeldeHuishoudensgrootte_33": 2.4, "Woningvoorraad_35": 241, "NieuwbouwWoningen_36": 4, "NietWoningvoorraad_37": 18, "NieuwbouwNietWoningen_38": 0, "GemiddeldeWOZWaardeVanWoningen_39": 367, "PercentageEengezinswoning_40": 94, "PercentageTussenwoningEengezins_41": 1, "PercentageHoekwoningEengezins_42": 2, "PercentageTweeOnderEenKapWoningEe_43": 15, "PercentageVrijstaandeWoningEengezins_44": 76, "PercentageMeergezinswoning_45": 6, "Koopwoningen_47": 89, "HuurwoningenTotaal_48": 11, "InBezitWoningcorporatie_49": 2, "InBezitOverigeVerhuurders_50": 9, "BouwjaarMeerDanTienJaarGeleden_51": 96, "BouwjaarAfgelopenTienJaar_52": 4, "GemiddeldeElektriciteitslevering_53": 3540, "GemiddeldeElektriciteitsteruglevering_54": 1890, "GemiddeldAardgasverbruik_55": 1300, "AardgasvrijeWoningen_57": 3, "Aardgaswoningen_58": 86, "WoningenMetZonnestroom_59": 64, "WoningenHoofdzElektrVerwarmd_60": 12, "k_20PersonenMetHoogsteInkomen_80": 18.5, "k_20HuishoudensMetHoogsteInkomen_85": 25.6, "MediaanVermogenVanParticuliereHuish_86": 283.9, "PersonenautoSTotaal_104": 370, "PersonenautoSBrandstofBenzine_105": 270, "PersonenautoSOverigeBrandstof_106": 100, "PersonenautoSPerHuishouden_107": 1.6, "Omgevingsadressendichtheid_121": 70, "AantalInstallatiesBijWoningen_5": 112, "OpgesteldVermogenVanZonnepanelen_6": 519, "installaties_per_woning": 0.46473029045643155, "vermogen_per_woning": 2.1535269709543567, "installaties_per_100_woningen": 46.473029045643152, "vermogen_per_huishouden": 2.2085106382978723, "batterijdruk_score": 1209.6, "koop_zon_score": 0.5696, "eengezins_zon_score": 0.6016, "betaalkracht_zon_score": 181.696, "overige_brandstof_zon_score": 64.0, "lichte_batterij_kansscore": 0.55030990095039489 }, "geometry": { "type": "MultiPolygon", "coordinates": [ [ [ [ 258069.184, 538870.267 ], [ 258294.030999999988126, 538736.393999999971129 ], [ 258519.619, 539014.544 ], [ 258789.893000000010943, 538797.912000000011176 ], [ 258877.199, 538643.961000000010245 ], [ 258756.215, 538575.312999999965541 ], [ 258733.377, 538561.613000000012107 ], [ 258572.096, 538659.371000000042841 ], [ 258358.99900000001071, 538259.383000000030734 ], [ 258583.13, 538143.638999999966472 ], [ 258725.556000000011409, 538033.452000000048429 ], [ 258411.259, 537680.035999999963678 ], [ 258391.894999999989523, 537675.001000000047497 ], [ 258312.452, 537463.270000000018626 ], [ 257989.356999999989057, 537345.074999999953434 ], [ 257954.633, 537282.692000000039116 ], [ 257782.64000000001397, 537248.218 ], [ 257695.416, 537231.018000000040047 ], [ 257566.658, 536808.452000000048429 ], [ 257442.538999999989755, 536844.824999999953434 ], [ 257470.696999999985565, 536942.172999999951571 ], [ 257264.191, 536926.109000000054948 ], [ 257285.815, 537133.745 ], [ 257357.986, 537106.435000000055879 ], [ 257400.394999999989523, 537098.37699999997858 ], [ 257429.682, 537273.564999999944121 ], [ 257466.877, 537472.39000000001397 ], [ 257459.200000000011642, 537559.310000000055879 ], [ 257515.642, 537583.981999999959953 ], [ 257591.325000000011642, 537661.533999999985099 ], [ 257827.029, 537843.481999999959953 ], [ 258014.799999999988358, 537959.577000000048429 ], [ 257922.94, 538626.696 ], [ 257993.472, 538710.241000000038184 ], [ 257749.583000000013271, 539126.865 ], [ 257869.139, 539211.995 ], [ 258069.184, 538870.267 ] ] ] ] } },
{ "type": "Feature", "properties": { "buurtcode": "BU01145101", "buurtnaam": "Westenesch", "pc6_codes": "7812BP, 7814TA, 7814TB, 7814TC, 7814TD, 7814TE, 7814TG, 7814XK, 7814XL", "wijkcode": "WK011451", "gemeentecode": "GM0114", "gemeentenaam": "Emmen", "oppervlakteLandInHa": 63, "AantalInwoners_5": 165, "Mannen_6": 90, "Vrouwen_7": 75, "HuishoudensTotaal_29": 70, "GemiddeldeHuishoudensgrootte_33": 2.3, "Woningvoorraad_35": 70, "NieuwbouwWoningen_36": 0, "NietWoningvoorraad_37": 4, "NieuwbouwNietWoningen_38": 0, "GemiddeldeWOZWaardeVanWoningen_39": 560, "PercentageEengezinswoning_40": 87, "PercentageTussenwoningEengezins_41": 0, "PercentageHoekwoningEengezins_42": 0, "PercentageTweeOnderEenKapWoningEe_43": 11, "PercentageVrijstaandeWoningEengezins_44": 76, "PercentageMeergezinswoning_45": 13, "Koopwoningen_47": 87, "HuurwoningenTotaal_48": 13, "InBezitWoningcorporatie_49": 0, "InBezitOverigeVerhuurders_50": 13, "BouwjaarMeerDanTienJaarGeleden_51": 94, "BouwjaarAfgelopenTienJaar_52": 6, "GemiddeldeElektriciteitslevering_53": 4430, "GemiddeldeElektriciteitsteruglevering_54": 2240, "GemiddeldAardgasverbruik_55": 1570, "AardgasvrijeWoningen_57": null, "Aardgaswoningen_58": null, "WoningenMetZonnestroom_59": null, "WoningenHoofdzElektrVerwarmd_60": null, "k_20PersonenMetHoogsteInkomen_80": 27.3, "k_20HuishoudensMetHoogsteInkomen_85": null, "MediaanVermogenVanParticuliereHuish_86": null, "PersonenautoSTotaal_104": 115, "PersonenautoSBrandstofBenzine_105": 70, "PersonenautoSOverigeBrandstof_106": 45, "PersonenautoSPerHuishouden_107": 1.6, "Omgevingsadressendichtheid_121": 159, "AantalInstallatiesBijWoningen_5": 17, "OpgesteldVermogenVanZonnepanelen_6": 111, "installaties_per_woning": 0.24285714285714285, "vermogen_per_woning": 1.5857142857142856, "installaties_per_100_woningen": 24.285714285714285, "vermogen_per_huishouden": 1.5857142857142856, "batterijdruk_score": null, "koop_zon_score": null, "eengezins_zon_score": null, "betaalkracht_zon_score": null, "overige_brandstof_zon_score": null, "lichte_batterij_kansscore": null }, "geometry": { "type": "MultiPolygon", "coordinates": [ [ [ [ 254910.407, 534638.087999999988824 ], [ 255067.344000000011874, 534626.197999999974854 ], [ 255235.64000000001397, 534604.733 ], [ 255323.704999999987194, 534589.753000000026077 ], [ 255304.514, 534483.177000000025146 ], [ 255353.551, 534321.142 ], [ 255421.818, 534290.062999999965541 ], [ 255658.752, 534226.604999999981374 ], [ 255878.052, 534238.939000000013039 ], [ 255891.25700000001234, 534155.160000000032596 ], [ 255802.894, 534144.942000000039116 ], [ 255808.973, 534059.716000000014901 ], [ 255702.144, 534044.187000000034459 ], [ 255706.532, 533985.694000000017695 ], [ 255740.538999999989755, 533910.25 ], [ 255627.801, 533876.908999999985099 ], [ 255442.976, 533792.849000000045635 ], [ 255385.464, 533900.197999999974854 ], [ 255054.177, 533722.711000000010245 ], [ 254855.584, 533969.761999999987893 ], [ 254775.337, 534271.081 ], [ 254737.571, 534275.462999999988824 ], [ 254708.454999999987194, 534277.577000000048429 ], [ 254682.78, 534286.0 ], [ 254628.605000000010477, 534303.287999999942258 ], [ 254639.702, 534472.691 ], [ 254757.309, 534449.853 ], [ 254699.25099999998929, 534649.802000000025146 ], [ 254910.407, 534638.087999999988824 ] ] ] ] } },
{ "type": "Feature", "properties": { "buurtcode": "BU01145109", "buurtnaam": "Verspreide huizen Emmen", "pc6_codes": "7811AX, 7811AZ, 7812BG, 7812BV, 7814RN, 7814RS, 7814RT, 7814TC, 7814TD, 7814TH, 7814TJ, 7814TK, 7814TL, 7814TM, 7814TN, 7814TP, 7814VA, 7814VB, 7814VC, 7814VD, 7814VE, 7814VG, 7814VJ, 7814VK, 7814VL, 7814VM, 7814VN, 7814XA, 7814XB, 7814XC, 7814XD, 7814XK, 7814XL, 7814XM, 7814XN, 7814XP, 7814XV, 7814XW, 7814XX, 7814XZ, 7814ZA, 7814ZZ, 7822BJ, 7823TL, 7823TM, 7825SB, 7825SC, 7825SE, 7825SG, 7825SH, 7825SJ, 7825SK, 7825TA, 7825TB, 7825TC, 7825TD, 7825TG, 7825TH, 7825TK, 7825TL, 7825TM, 7825TW, 7825VA, 7826BP, 7826TE", "wijkcode": "WK011451", "gemeentecode": "GM0114", "gemeentenaam": "Emmen", "oppervlakteLandInHa": 4303, "AantalInwoners_5": 850, "Mannen_6": 430, "Vrouwen_7": 425, "HuishoudensTotaal_29": 360, "GemiddeldeHuishoudensgrootte_33": 2.4, "Woningvoorraad_35": 234, "NieuwbouwWoningen_36": 2, "NietWoningvoorraad_37": 95, "NieuwbouwNietWoningen_38": 0, "GemiddeldeWOZWaardeVanWoningen_39": 400, "PercentageEengezinswoning_40": 98, "PercentageTussenwoningEengezins_41": 0, "PercentageHoekwoningEengezins_42": 0, "PercentageTweeOnderEenKapWoningEe_43": 12, "PercentageVrijstaandeWoningEengezins_44": 86, "PercentageMeergezinswoning_45": 2, "Koopwoningen_47": 82, "HuurwoningenTotaal_48": 18, "InBezitWoningcorporatie_49": 8, "InBezitOverigeVerhuurders_50": 10, "BouwjaarMeerDanTienJaarGeleden_51": 97, "BouwjaarAfgelopenTienJaar_52": 3, "GemiddeldeElektriciteitslevering_53": 3920, "GemiddeldeElektriciteitsteruglevering_54": 2040, "GemiddeldAardgasverbruik_55": 1230, "AardgasvrijeWoningen_57": 9, "Aardgaswoningen_58": 79, "WoningenMetZonnestroom_59": 61, "WoningenHoofdzElektrVerwarmd_60": 18, "k_20PersonenMetHoogsteInkomen_80": 18.4, "k_20HuishoudensMetHoogsteInkomen_85": 24.4, "MediaanVermogenVanParticuliereHuish_86": 165.3, "PersonenautoSTotaal_104": 505, "PersonenautoSBrandstofBenzine_105": 360, "PersonenautoSOverigeBrandstof_106": 145, "PersonenautoSPerHuishouden_107": 1.4, "Omgevingsadressendichtheid_121": 415, "AantalInstallatiesBijWoningen_5": 89, "OpgesteldVermogenVanZonnepanelen_6": 475, "installaties_per_woning": 0.38034188034188032, "vermogen_per_woning": 2.0299145299145298, "installaties_per_100_woningen": 38.034188034188034, "vermogen_per_huishouden": 1.3194444444444444, "batterijdruk_score": 1244.4, "koop_zon_score": 0.5002, "eengezins_zon_score": 0.5978, "betaalkracht_zon_score": 100.833, "overige_brandstof_zon_score": 88.45, "lichte_batterij_kansscore": 0.54343290616162254 }, "geometry": { "type": "MultiPolygon", "coordinates": [ [ [ [ 257969.294, 531103.908000000054017 ], [ 258262.927, 530493.903999999980442 ], [ 258331.702, 530353.197999999974854 ], [ 258663.524, 530486.554 ], [ 258688.651000000012573, 530509.084999999962747 ], [ 258747.094000000011874, 530609.810000000055879 ], [ 258764.926, 530633.256000000052154 ], [ 258804.731, 530681.006000000052154 ], [ 258859.82, 530697.309 ], [ 258891.075000000011642, 530584.207000000053085 ], [ 258887.182, 530580.658000000054017 ], [ 258861.934, 530557.667000000015832 ], [ 258888.877, 530531.030999999959022 ], [ 258894.253, 530525.716999999945983 ], [ 258853.202, 530508.488000000012107 ], [ 258854.310999999986961, 530506.067999999970198 ], [ 258857.941, 530507.75199999997858 ], [ 258860.028, 530503.194999999948777 ], [ 258856.39000000001397, 530501.528999999980442 ], [ 258857.09, 530500.0 ], [ 258858.764, 530496.34699999995064 ], [ 258810.358, 530446.97199999995064 ], [ 258754.897999999986496, 530390.402 ], [ 258739.094000000011874, 530374.01 ], [ 258737.166999999986729, 530372.011000000056811 ], [ 258678.708000000013271, 530434.589999999967404 ], [ 258671.333000000013271, 530431.452999999979511 ], [ 258657.928000000014435, 530425.75199999997858 ], [ 258656.772999999986496, 530425.261000000056811 ], [ 258644.761999999987893, 530420.165999999968335 ], [ 258956.867, 530092.138999999966472 ], [ 258897.143000000010943, 530039.873999999952503 ], [ 258808.575000000011642, 530000.0 ], [ 258406.25, 529818.868999999947846 ], [ 258399.969000000011874, 529816.040999999968335 ], [ 258311.676, 529776.290000000037253 ], [ 258252.96, 529749.856000000028871 ], [ 258202.170000000012806, 529726.99 ], [ 258193.01, 529722.866000000038184 ], [ 258189.693999999988591, 529732.305999999982305 ], [ 258000.0, 529670.15500000002794 ], [ 257984.76500000001397, 529665.162999999942258 ], [ 257759.935999999986961, 530095.962999999988824 ], [ 257924.26500000001397, 530127.589999999967404 ], [ 257892.643000000010943, 530321.35999999998603 ], [ 257713.795000000012806, 530312.788999999989755 ], [ 257495.728, 530799.947999999974854 ], [ 257572.682999999989988, 530829.75199999997858 ], [ 257565.991, 530843.73699999996461 ], [ 257609.0, 530854.761999999987893 ], [ 257585.905999999988126, 530945.944000000017695 ], [ 257573.979, 530942.868999999947846 ], [ 257466.831, 531322.191 ], [ 257153.638, 531236.893000000040047 ], [ 257116.187, 531393.716000000014901 ], [ 257590.217, 531534.907 ], [ 257739.786, 531586.723 ], [ 257842.734, 531371.576 ], [ 257969.294, 531103.908000000054017 ] ] ], [ [ [ 258955.215, 539550.677000000025146 ], [ 258994.03, 539483.12699999997858 ], [ 259001.200000000011642, 539492.113999999943189 ], [ 259003.139, 539494.616000000038184 ], [ 259015.699, 539483.432999999960884 ], [ 259016.00700000001234, 539483.158000000054017 ], [ 259022.692000000010012, 539481.327999999979511 ], [ 259012.295000000012806, 539466.424 ], [ 258994.16, 539443.854000000050291 ], [ 258957.526000000012573, 539398.26 ], [ 258944.945, 539382.601999999955297 ], [ 258936.883, 539372.071 ], [ 258928.261, 539360.647 ], [ 258907.184, 539331.981000000028871 ], [ 258880.545000000012806, 539293.72199999995064 ], [ 258878.362, 539290.596000000019558 ], [ 258874.968, 539285.73499999998603 ], [ 258873.965, 539284.218 ], [ 258813.685, 539189.768999999971129 ], [ 258765.661, 539114.523999999975786 ], [ 258762.295000000012806, 539109.069000000017695 ], [ 258902.641, 539000.0 ], [ 259006.699, 538919.131999999983236 ], [ 259040.241, 538900.837999999988824 ], [ 259043.557999999989988, 538902.175999999977648 ], [ 259045.35999999998603, 538902.26 ], [ 259048.549999999988358, 538902.783999999985099 ], [ 259049.555, 538902.741000000038184 ], [ 259051.397999999986496, 538901.741000000038184 ], [ 259054.864, 538897.427999999956228 ], [ 259058.644, 538890.62 ], [ 259065.911, 538877.447999999974854 ], [ 259071.714, 538866.778999999980442 ], [ 259078.76, 538856.054 ], [ 259080.157, 538853.846000000019558 ], [ 259083.465, 538848.559 ], [ 259088.38200000001234, 538842.647 ], [ 259114.859, 538812.957000000053085 ], [ 259130.744, 538795.410999999963678 ], [ 259133.89000000001397, 538791.935999999986961 ], [ 259135.271, 538790.655999999959022 ], [ 259135.445, 538790.493999999947846 ], [ 258877.199, 538643.961000000010245 ], [ 258789.893000000010943, 538797.912000000011176 ], [ 258519.619, 539014.544 ], [ 258294.030999999988126, 538736.393999999971129 ], [ 258069.184, 538870.267 ], [ 257869.139, 539211.995 ], [ 257749.583000000013271, 539126.865 ], [ 257993.472, 538710.241000000038184 ], [ 257922.94, 538626.696 ], [ 258014.799999999988358, 537959.577000000048429 ], [ 257827.029, 537843.481999999959953 ], [ 257591.325000000011642, 537661.533999999985099 ], [ 257515.642, 537583.981999999959953 ], [ 257459.200000000011642, 537559.310000000055879 ], [ 257466.877, 537472.39000000001397 ], [ 257429.682, 537273.564999999944121 ], [ 257400.394999999989523, 537098.37699999997858 ], [ 257357.986, 537106.435000000055879 ], [ 257285.815, 537133.745 ], [ 257264.191, 536926.109000000054948 ], [ 257470.696999999985565, 536942.172999999951571 ], [ 257442.538999999989755, 536844.824999999953434 ], [ 257566.658, 536808.452000000048429 ], [ 257695.416, 537231.018000000040047 ], [ 257782.64000000001397, 537248.218 ], [ 257954.633, 537282.692000000039116 ], [ 257989.356999999989057, 537345.074999999953434 ], [ 258312.452, 537463.270000000018626 ], [ 258391.894999999989523, 537675.001000000047497 ], [ 258411.259, 537680.035999999963678 ], [ 258725.556000000011409, 538033.452000000048429 ], [ 258583.13, 538143.638999999966472 ], [ 258358.99900000001071, 538259.383000000030734 ], [ 258572.096, 538659.371000000042841 ], [ 258733.377, 538561.613000000012107 ], [ 258756.215, 538575.312999999965541 ], [ 258816.953, 538521.942000000039116 ], [ 258855.746000000013737, 538487.856000000028871 ], [ 258863.258, 538481.255 ], [ 258872.755, 538472.910999999963678 ], [ 258874.526000000012573, 538471.354000000050291 ], [ 258880.831, 538465.995 ], [ 258882.101, 538464.915000000037253 ], [ 258896.087, 538473.309 ], [ 258901.038999999989755, 538474.704000000027008 ], [ 258951.545000000012806, 538431.393999999971129 ], [ 258953.184, 538427.598 ], [ 258956.152, 538423.148999999975786 ], [ 259010.51, 538377.197999999974854 ], [ 259013.448, 538374.36199999996461 ], [ 259027.076, 538362.951 ], [ 259073.441, 538323.091000000014901 ], [ 259060.446, 538312.851999999955297 ], [ 259059.715999999985797, 538311.62699999997858 ], [ 259062.877, 538308.978 ], [ 259057.839, 538305.038999999989755 ], [ 259057.035, 538304.410000000032596 ], [ 259065.116, 538297.435000000055879 ], [ 259157.652, 538217.574000000022352 ], [ 259229.867, 538155.248999999952503 ], [ 259252.674, 538135.566 ], [ 259278.392, 538142.263999999966472 ], [ 259307.125, 538000.0 ], [ 259348.659000000014203, 537794.351000000024214 ], [ 259400.106, 537804.599000000045635 ], [ 259509.306000000011409, 537826.001000000047497 ], [ 259539.261, 537831.871999999973923 ], [ 259659.128999999986263, 537855.854000000050291 ], [ 259694.75099999998929, 537862.979999999981374 ], [ 259699.653, 537863.961000000010245 ], [ 259704.556000000011409, 537864.942000000039116 ], [ 259773.745, 537878.785000000032596 ], [ 259827.12400000001071, 537889.464999999967404 ], [ 259833.670000000012806, 537890.775000000023283 ], [ 259849.552, 537893.952000000048429 ], [ 259868.97, 537897.837000000057742 ], [ 259879.75700000001234, 537899.995 ], [ 259922.733, 537908.593 ], [ 260000.0, 537924.050000000046566 ], [ 260016.264, 537927.304 ], [ 260022.91, 537928.631000000052154 ], [ 260127.288, 537949.51 ], [ 260119.614, 537926.640999999945052 ], [ 260112.566, 537903.571 ], [ 260106.15, 537880.317999999970198 ], [ 260100.371000000013737, 537856.898000000044703 ], [ 260095.233, 537833.329000000027008 ], [ 260090.739, 537809.628999999957159 ], [ 260086.571999999985565, 537783.623999999952503 ], [ 260083.181000000011409, 537757.506000000052154 ], [ 260080.57, 537731.299 ], [ 260078.847, 537706.944999999948777 ], [ 260077.796, 537682.552999999956228 ], [ 260077.419, 537658.142 ], [ 260077.715999999985797, 537633.729000000050291 ], [ 260078.687, 537609.332999999984168 ], [ 260080.329999999987194, 537584.974000000045635 ], [ 260082.646, 537560.669 ], [ 260085.631, 537536.437999999965541 ], [ 260086.312, 537531.567999999970198 ], [ 260087.019999999989523, 537526.701 ], [ 260087.26500000001397, 537525.050999999977648 ], [ 260087.514, 537523.400999999954365 ], [ 260088.006, 537520.179 ], [ 260088.51, 537516.959000000031665 ], [ 260089.288999999989755, 537512.084999999962747 ], [ 260090.089, 537507.214999999967404 ], [ 260090.909000000014203, 537502.339000000036322 ], [ 260091.746000000013737, 537497.466000000014901 ], [ 260092.601, 537492.587000000057742 ], [ 260093.471, 537487.711000000010245 ], [ 260094.356999999989057, 537482.829000000027008 ], [ 260095.253999999986263, 537477.949999999953434 ], [ 260097.083000000013271, 537468.179 ], [ 260098.011999999987893, 537463.287999999942258 ], [ 260098.948, 537458.398000000044703 ], [ 260099.891, 537453.501000000047497 ], [ 260100.837999999988824, 537448.604999999981374 ], [ 260101.79, 537443.699999999953434 ], [ 260102.74299999998766, 537438.79500000004191 ], [ 260124.866, 537323.753000000026077 ], [ 260175.532, 537062.856999999959953 ], [ 260181.759, 537030.79500000004191 ], [ 260188.948, 537000.0 ], [ 260194.814000000013039, 536974.87 ], [ 260200.0, 536952.653999999980442 ], [ 260204.6, 536932.947999999974854 ], [ 260214.738000000012107, 536880.773000000044703 ], [ 260233.1, 536786.275999999954365 ], [ 260250.083000000013271, 536698.88 ], [ 260252.253999999986263, 536687.706 ], [ 260253.560999999986961, 536681.912000000011176 ], [ 260254.807999999989988, 536676.726999999955297 ], [ 260256.518000000010943, 536670.484000000054948 ], [ 260258.408, 536664.402 ], [ 260260.480000000010477, 536658.449999999953434 ], [ 260262.878, 536652.256000000052154 ], [ 260265.453, 536646.23699999996461 ], [ 260268.574, 536639.625 ], [ 260271.449, 536634.062000000034459 ], [ 260275.122, 536627.549 ], [ 260279.557, 536620.40500000002794 ], [ 260284.187, 536613.631999999983236 ], [ 260288.739, 536607.538999999989755 ], [ 260293.956, 536601.133999999961816 ], [ 260296.200000000011642, 536598.54500000004191 ], [ 260345.717, 536604.929 ], [ 260408.041999999986729, 536283.493999999947846 ], [ 260437.671, 536286.223 ], [ 260437.404, 536188.576 ], [ 260328.582, 536179.290999999968335 ], [ 260341.388, 536137.272 ], [ 260342.415, 536139.640999999945052 ], [ 260344.12400000001071, 536141.694999999948777 ], [ 260347.027, 536143.459000000031665 ], [ 260354.310999999986961, 536145.658000000054017 ], [ 260362.679, 536147.927999999956228 ], [ 260371.746000000013737, 536150.606000000028871 ], [ 260380.75700000001234, 536152.241999999969266 ], [ 260386.154, 536153.321 ], [ 260393.85, 536154.267 ], [ 260404.863000000012107, 536155.491000000038184 ], [ 260422.278, 536157.204000000027008 ], [ 260436.12, 536158.618000000016764 ], [ 260447.389, 536159.863999999943189 ], [ 260458.931000000011409, 536161.517 ], [ 260473.915, 536164.066 ], [ 260495.15, 536167.103 ], [ 260522.385, 536170.287999999942258 ], [ 260529.351, 536170.748999999952503 ], [ 260534.207, 536171.459000000031665 ], [ 260542.837, 536172.214000000036322 ], [ 260566.209, 536174.055000000051223 ], [ 260611.589, 536178.086000000010245 ], [ 260653.278, 536181.375 ], [ 260702.893000000010943, 536185.047000000020489 ], [ 260708.288999999989755, 536185.234000000054948 ], [ 260749.209, 536188.851000000024214 ], [ 260814.09, 536193.885 ], [ 260862.883, 536198.084000000031665 ], [ 260914.856999999989057, 536202.255 ], [ 260931.038999999989755, 536203.552999999956228 ], [ 260936.428000000014435, 536203.993999999947846 ], [ 260960.565, 536205.878999999957159 ], [ 260989.337999999988824, 536208.628000000026077 ], [ 261006.285, 536209.746000000042841 ], [ 261013.13, 536210.216000000014901 ], [ 261016.403, 536210.321 ], [ 261019.386999999987893, 536210.275000000023283 ], [ 261022.941, 536209.89000000001397 ], [ 261026.798, 536209.104000000050291 ], [ 261030.74299999998766, 536207.973 ], [ 261034.081, 536206.557999999960884 ], [ 261039.464, 536203.598 ], [ 261042.388, 536202.089999999967404 ], [ 261045.791999999986729, 536200.868999999947846 ], [ 261049.128, 536199.984000000054948 ], [ 261051.891, 536199.287999999942258 ], [ 261052.988000000012107, 536198.741000000038184 ], [ 261067.953, 536199.214000000036322 ], [ 261068.068999999988591, 536185.505 ], [ 261070.209, 536178.532 ], [ 261074.49299999998766, 536168.314999999944121 ], [ 261075.9, 536162.60999999998603 ], [ 261078.818999999988591, 536113.621000000042841 ], [ 261077.950000000011642, 536102.959999999962747 ], [ 261082.767, 536004.207000000053085 ], [ 261082.972, 536000.0 ], [ 261088.409000000014203, 535888.547999999951571 ], [ 261106.774, 535500.0 ], [ 261111.579999999987194, 535398.319999999948777 ], [ 261112.498, 535395.275999999954365 ], [ 261114.24, 535392.714000000036322 ], [ 261100.293, 535376.802999999956228 ], [ 261129.54, 535373.427999999956228 ], [ 261149.134, 535371.724999999976717 ], [ 261503.381, 535342.623999999952503 ], [ 261520.248, 535340.790999999968335 ], [ 261535.665, 535029.731000000028871 ], [ 261535.798, 535026.753999999957159 ], [ 261536.54, 535000.0 ], [ 261536.62, 534997.103 ], [ 261561.654, 534500.0 ], [ 261566.428000000014435, 534405.199000000022352 ], [ 261569.13200000001234, 534359.986000000033528 ], [ 261566.744, 534359.843 ], [ 261570.25700000001234, 534304.148000000044703 ], [ 261570.737, 534293.184 ], [ 261572.445, 534268.728 ], [ 261573.393000000010943, 534256.935999999986961 ], [ 261574.851, 534230.079000000027008 ], [ 261576.046, 534205.231999999959953 ], [ 261576.486, 534205.218 ], [ 261575.903, 534202.856000000028871 ], [ 261574.94, 534199.854000000050291 ], [ 261574.497, 534199.386000000056811 ], [ 261573.233, 534198.047999999951571 ], [ 261571.272999999986496, 534195.993999999947846 ], [ 261569.068, 534194.819000000017695 ], [ 261566.674999999988358, 534193.707999999984168 ], [ 261564.035, 534193.224999999976717 ], [ 261555.852000000013504, 534189.886999999987893 ], [ 261512.744, 534191.256999999983236 ], [ 261488.85999999998603, 534195.924 ], [ 261489.313, 534195.025999999954365 ], [ 261489.475, 534194.707000000053085 ], [ 261587.865, 534000.0 ], [ 261840.528, 533500.0 ], [ 261892.984, 533396.194000000017695 ], [ 262000.0, 533184.417000000015832 ], [ 262067.791999999986729, 533050.261999999987893 ], [ 262092.788999999989755, 533000.0 ], [ 262114.578, 532956.187000000034459 ], [ 262116.434, 532952.456 ], [ 262118.853, 532946.902 ], [ 262123.524, 532936.756999999983236 ], [ 262124.348999999987427, 532934.964999999967404 ], [ 262130.24299999998766, 532925.371000000042841 ], [ 262110.171, 532933.672000000020489 ], [ 262112.038999999989755, 532930.339999999967404 ], [ 262123.138, 532907.731000000028871 ], [ 262144.413999999989755, 532865.169 ], [ 262164.592, 532824.802999999956228 ], [ 262209.613000000012107, 532734.74 ], [ 262255.756, 532642.430999999982305 ], [ 262284.216000000014901, 532585.49800000002142 ], [ 262294.049, 532546.049 ], [ 262295.592, 532539.856999999959953 ], [ 262322.12300000002142, 532433.422000000020489 ], [ 262350.75199999997858, 532318.571 ], [ 262365.282, 532260.280999999959022 ], [ 262380.444000000017695, 532199.456 ], [ 262396.364, 532135.589999999967404 ], [ 262410.01, 532080.84699999995064 ], [ 262410.882999999972526, 532077.343 ], [ 262422.550999999977648, 532030.533999999985099 ], [ 262430.163, 532000.0 ], [ 262440.49900000001071, 531958.535999999963678 ], [ 261625.768000000010943, 531471.077999999979511 ], [ 261285.503999999986263, 532061.691 ], [ 261351.574, 532101.23699999996461 ], [ 261593.956, 532476.386999999987893 ], [ 261550.651000000012573, 532563.457999999984168 ], [ 261783.461000000010245, 532703.462000000057742 ], [ 261725.177, 532809.468 ], [ 261709.691, 532801.101000000024214 ], [ 261670.111, 532907.442999999970198 ], [ 261663.798, 532919.150000000023283 ], [ 261763.585, 532925.85999999998603 ], [ 261758.446, 532987.496000000042841 ], [ 261808.335, 532990.912000000011176 ], [ 261658.731999999989057, 533288.643999999971129 ], [ 261238.151000000012573, 533260.520999999949709 ], [ 261073.700000000011642, 533612.810000000055879 ], [ 260959.899, 533604.723 ], [ 260973.932999999989988, 533663.294 ], [ 260804.101, 533702.533999999985099 ], [ 260835.06, 533831.763999999966472 ], [ 260635.231, 533858.46999999997206 ], [ 260584.959, 533646.46999999997206 ], [ 260529.079999999987194, 533654.307999999960884 ], [ 260527.738000000012107, 533588.959999999962747 ], [ 260446.670000000012806, 533599.174 ], [ 260491.725, 533183.282 ], [ 260423.798, 533175.917999999946915 ], [ 260449.56, 532938.28000000002794 ], [ 260195.152, 532901.85999999998603 ], [ 260215.799999999988358, 532809.810000000055879 ], [ 260100.5, 532681.63 ], [ 260220.062, 532582.115 ], [ 260249.182999999989988, 532607.993999999947846 ], [ 260942.597, 532047.359000000054948 ], [ 261375.459, 531427.957000000053085 ], [ 260719.722, 531032.726000000024214 ], [ 260711.73499999998603, 531027.912000000011176 ], [ 260665.424999999988358, 531000.0 ], [ 260364.741, 530818.770000000018626 ], [ 259712.313, 531509.37699999997858 ], [ 259631.454999999987194, 531671.04500000004191 ], [ 259600.371000000013737, 531763.959999999962747 ], [ 259552.041, 531969.707000000053085 ], [ 259535.701, 532049.846000000019558 ], [ 259490.193, 532184.726999999955297 ], [ 259423.404, 532315.714999999967404 ], [ 259347.331, 532428.246999999973923 ], [ 259241.028, 532540.685000000055879 ], [ 260136.489, 533783.72199999995064 ], [ 260280.272, 534052.246000000042841 ], [ 260345.295000000012806, 534262.562000000034459 ], [ 260350.981999999989057, 534295.099000000045635 ], [ 260388.409000000014203, 534509.224999999976717 ], [ 260406.771, 534937.324999999953434 ], [ 260400.931000000011409, 535132.550000000046566 ], [ 260360.483, 535646.491000000038184 ], [ 260337.402, 535648.699999999953434 ], [ 260319.471, 535838.412000000011176 ], [ 260293.597, 535896.672999999951571 ], [ 260225.384, 535929.462999999988824 ], [ 259850.786, 535919.839000000036322 ], [ 259845.776000000012573, 536133.934 ], [ 259716.329, 536123.562999999965541 ], [ 259702.752, 536293.013999999966472 ], [ 259558.122, 536278.503999999957159 ], [ 259544.590999999985797, 536332.582000000053085 ], [ 259182.654, 536088.26500000001397 ], [ 259140.488000000012107, 536151.321 ], [ 258952.582, 536025.305000000051223 ], [ 258993.405999999988126, 535910.096000000019558 ], [ 258955.587, 535896.70499999995809 ], [ 258981.426, 535820.98699999996461 ], [ 259022.543, 535843.540999999968335 ], [ 259124.074, 535541.40500000002794 ], [ 259012.203, 535422.483 ], [ 258707.873, 535044.402 ], [ 258661.68, 534999.101999999955297 ], [ 258618.805, 534974.52800000004936 ], [ 258628.923, 534955.101000000024214 ], [ 258650.014, 534931.143999999971129 ], [ 258681.14000000001397, 534892.069999999948777 ], [ 258694.992, 534831.692999999970198 ], [ 258700.424, 534785.197999999974854 ], [ 258706.592, 534730.444000000017695 ], [ 258707.595, 534632.988999999943189 ], [ 258593.245, 534612.229000000050291 ], [ 258610.076, 534508.54500000004191 ], [ 258734.609, 534528.564000000013039 ], [ 258823.943, 534168.709000000031665 ], [ 258157.179, 534063.263999999966472 ], [ 258072.53, 534418.462000000057742 ], [ 257989.87, 534457.158999999985099 ], [ 257752.725, 534416.834000000031665 ], [ 257678.196, 534633.831 ], [ 257672.413999999989755, 534754.397 ], [ 257671.927, 534814.066 ], [ 257667.769999999989523, 534893.322000000043772 ], [ 257659.119, 534937.716000000014901 ], [ 257661.5, 535002.810000000055879 ], [ 257630.299999999988358, 535071.38 ], [ 257593.924, 535117.331 ], [ 257499.04, 535289.863999999943189 ], [ 257855.642, 535623.241000000038184 ], [ 257847.601, 535736.912000000011176 ], [ 257842.373, 535784.65500000002794 ], [ 257829.828, 535846.685999999986961 ], [ 257803.691, 535943.912999999942258 ], [ 257787.313, 535996.185999999986961 ], [ 257768.494, 536046.020000000018626 ], [ 257745.843, 536086.792999999946915 ], [ 257700.538999999989755, 536148.126000000047497 ], [ 257662.903, 536193.430000000051223 ], [ 257613.766, 536242.915000000037253 ], [ 257581.704999999987194, 536266.61199999996461 ], [ 257543.299999999988358, 536283.5 ], [ 257302.272, 536346.743999999947846 ], [ 257076.396, 536412.037000000011176 ], [ 256867.655, 536323.669 ], [ 256781.030999999988126, 536481.462999999988824 ], [ 256126.345, 536195.525999999954365 ], [ 255948.153, 536388.310000000055879 ], [ 255847.051, 536191.761000000056811 ], [ 255879.752, 536156.843 ], [ 255799.236, 536081.398000000044703 ], [ 255907.261999999987893, 535965.919 ], [ 255894.674, 535956.09699999995064 ], [ 255933.859, 535906.473 ], [ 256004.315, 535906.473 ], [ 256004.315, 535799.506999999983236 ], [ 255948.324, 535799.506999999983236 ], [ 255981.949, 535663.23499999998603 ], [ 255989.883, 535617.297000000020489 ], [ 256026.587999999988824, 535610.893999999971129 ], [ 256255.589, 534929.554 ], [ 256283.01, 534711.75 ], [ 256240.245, 534712.420999999972992 ], [ 256239.825000000011642, 534685.626000000047497 ], [ 256251.0, 534634.5 ], [ 256279.283, 534567.831 ], [ 256281.079, 534528.932999999960884 ], [ 256133.614, 534496.09699999995064 ], [ 256177.044, 534210.878999999957159 ], [ 256189.977000000013504, 534209.106000000028871 ], [ 256199.203, 534177.398999999975786 ], [ 256195.483, 534176.180000000051223 ], [ 256198.286, 534166.442999999970198 ], [ 256155.988000000012107, 534155.643000000040047 ], [ 256162.706, 534129.788999999989755 ], [ 256207.450000000011642, 534139.307999999960884 ], [ 256212.681000000011409, 534123.29500000004191 ], [ 256229.075000000011642, 534071.631999999983236 ], [ 256289.695, 533924.481000000028871 ], [ 256352.291, 533675.270999999949709 ], [ 256309.809, 533664.800000000046566 ], [ 256353.182999999989988, 533485.87 ], [ 256345.459, 533456.513999999966472 ], [ 256342.420000000012806, 533439.400999999954365 ], [ 256341.655, 533393.930000000051223 ], [ 256338.094000000011874, 533343.442000000039116 ], [ 256329.226, 533290.863999999943189 ], [ 256317.384, 533254.405999999959022 ], [ 256197.185, 533247.84699999995064 ], [ 256137.392, 533231.077999999979511 ], [ 256103.855000000010477, 533211.76500000001397 ], [ 256075.835, 533187.36199999996461 ], [ 256041.746000000013737, 533145.216000000014901 ], [ 255979.062, 533063.834999999962747 ], [ 255940.905, 533092.932999999960884 ], [ 255932.032, 533126.787999999942258 ], [ 255913.723999999987427, 533201.339000000036322 ], [ 255822.113000000012107, 533152.807999999960884 ], [ 255746.169, 533134.199000000022352 ], [ 255679.285, 533117.810999999986961 ], [ 255698.555, 533055.675000000046566 ], [ 255566.678000000014435, 532999.572999999974854 ], [ 255371.772999999986496, 533249.140999999945052 ], [ 255146.665, 533119.99800000002142 ], [ 255250.193999999988591, 532939.73699999996461 ], [ 255103.465, 532896.224000000045635 ], [ 255431.054, 532556.587999999988824 ], [ 255356.562, 532513.871999999973923 ], [ 255391.56, 532360.98699999996461 ], [ 255417.674, 532247.95499999995809 ], [ 255445.18, 532118.829000000027008 ], [ 255456.37599999998929, 532044.25 ], [ 255465.285, 531958.207000000053085 ], [ 255472.018000000010943, 531780.741999999969266 ], [ 255465.468, 531619.653999999980442 ], [ 255452.576, 531508.538999999989755 ], [ 255382.295000000012806, 531164.650000000023283 ], [ 255330.537000000011176, 531156.24 ], [ 255337.89000000001397, 531091.020000000018626 ], [ 255105.625, 531148.108 ], [ 254972.487, 531171.508000000030734 ], [ 254799.187, 531188.729000000050291 ], [ 254578.253, 531202.466999999945983 ], [ 254481.041999999986729, 531210.537000000011176 ], [ 254344.128999999986263, 531227.324000000022352 ], [ 254229.278, 531256.633000000030734 ], [ 254078.045000000012806, 531320.118999999947846 ], [ 254000.174, 531346.593 ], [ 253715.32, 531408.856999999959953 ], [ 253552.102000000013504, 531454.397 ], [ 253443.76500000001397, 531098.709000000031665 ], [ 253519.662000000011176, 531085.594000000040978 ], [ 253581.839, 531059.888999999966472 ], [ 253637.725, 531000.0 ], [ 253656.233, 530954.724000000045635 ], [ 253679.064000000013039, 530774.287000000011176 ], [ 253712.654, 530483.912999999942258 ], [ 253733.693, 530402.773000000044703 ], [ 253772.636999999987893, 530331.633000000030734 ], [ 253816.682, 530276.88 ], [ 253864.033, 530237.554 ], [ 253930.553000000014435, 530201.265999999945052 ], [ 254006.451, 530175.468 ], [ 254303.287000000011176, 530071.12 ], [ 254385.081, 530028.439999999944121 ], [ 254442.739, 529977.057000000029802 ], [ 254486.11799999998766, 529910.984000000054948 ], [ 254513.747, 529844.942999999970198 ], [ 254526.946, 529760.87 ], [ 254559.464, 529453.675999999977648 ], [ 254701.051, 529472.300999999977648 ], [ 254744.181000000011409, 529483.142 ], [ 254786.193, 529496.643999999971129 ], [ 254854.71, 529549.491000000038184 ], [ 254998.16, 529694.478 ], [ 255196.003999999986263, 529895.226000000024214 ], [ 255443.548, 530148.106999999959953 ], [ 255447.82, 530109.339999999967404 ], [ 255468.959, 529959.236000000033528 ], [ 255505.548, 529684.515999999945052 ], [ 255522.049999999988358, 529583.849999999976717 ], [ 255528.305, 529521.925999999977648 ], [ 255572.34, 529230.770000000018626 ], [ 255590.141, 529100.202999999979511 ], [ 255616.14000000001397, 528903.42000000004191 ], [ 255615.15, 528859.589999999967404 ], [ 255600.568999999988591, 528778.709000000031665 ], [ 255718.826, 528832.272 ], [ 255736.634, 528720.935000000055879 ], [ 255694.678000000014435, 528702.076 ], [ 255708.989, 528604.53000000002794 ], [ 255648.873, 528576.876000000047497 ], [ 255643.505, 528588.376000000047497 ], [ 255588.287000000011176, 528580.689000000013039 ], [ 255566.37599999998929, 528579.089000000036322 ], [ 255551.426, 528677.584000000031665 ], [ 255555.231999999989057, 528692.179 ], [ 255565.541, 528763.77800000004936 ], [ 255449.76500000001397, 528746.209999999962747 ], [ 255198.567000000010012, 528695.731999999959953 ], [ 254886.178000000014435, 528632.959000000031665 ], [ 254871.323, 528614.606999999959953 ], [ 254875.071, 528601.128000000026077 ], [ 254881.522, 528570.964999999967404 ], [ 254889.568999999988591, 528530.407 ], [ 254572.136, 528466.628999999957159 ], [ 254542.082, 528460.679 ], [ 254411.49299999998766, 528435.206 ], [ 254302.888, 528413.89000000001397 ], [ 254271.766, 528407.790000000037253 ], [ 254270.452, 528411.832999999984168 ], [ 254264.823, 528410.726000000024214 ], [ 254253.74900000001071, 528408.549 ], [ 254248.916, 528407.599000000045635 ], [ 254240.481, 528405.856000000028871 ], [ 254231.29, 528404.12300000002142 ], [ 254207.62, 528398.753000000026077 ], [ 254159.019999999989523, 528388.912999999942258 ], [ 254098.636999999987893, 528376.687999999965541 ], [ 254033.913999999989755, 528363.652 ], [ 254000.0, 528356.821 ], [ 253978.438, 528352.478 ], [ 253969.831, 528350.743999999947846 ], [ 253928.336000000010245, 528342.386999999987893 ], [ 253878.37599999998929, 528332.324000000022352 ], [ 253852.628999999986263, 528327.13800000003539 ], [ 253826.163, 528321.768000000040047 ], [ 253816.943, 528319.897 ], [ 253803.142, 528378.719000000040978 ], [ 253674.692000000010012, 528348.48499999998603 ], [ 253721.799, 528157.033999999985099 ], [ 253656.62, 528141.615 ], [ 253588.56, 528125.51500000001397 ], [ 253582.93, 528148.689999999944121 ], [ 253481.095, 528121.238000000012107 ], [ 253417.097, 528103.986000000033528 ], [ 253398.899, 528176.794100000057369 ], [ 253390.50099999998929, 528210.392 ], [ 253385.1041, 528232.276100000017323 ], [ 253376.9661, 528264.541899999952875 ], [ 253358.4269, 528338.714099999982864 ], [ 253343.109, 528400.000099999946542 ], [ 253315.701, 528509.652099999948405 ], [ 253313.4161, 528518.79500000004191 ], [ 253312.852000000013504, 528521.051100000040606 ], [ 253311.266, 528527.2210999999661 ], [ 253310.559100000013132, 528529.9719 ], [ 253290.3491, 528608.371999999973923 ], [ 253258.720899999985704, 528592.99910000001546 ], [ 253220.1411, 528746.434099999954924 ], [ 253160.8381, 528985.021900000050664 ], [ 253095.259, 528969.493000000016764 ], [ 253090.59409999998752, 528968.387899999972433 ], [ 253088.5391, 528967.901100000017323 ], [ 253076.673, 528989.39000000001397 ], [ 253070.8381, 528999.999900000053458 ], [ 253051.005, 529035.626000000047497 ], [ 253027.077, 529078.606000000028871 ], [ 252962.003, 529196.505 ], [ 252918.071999999985565, 529275.057000000029802 ], [ 252898.459, 529310.444000000017695 ], [ 252895.674, 529314.327000000048429 ], [ 252893.169, 529316.915999999968335 ], [ 252890.112, 529319.231999999959953 ], [ 252871.302, 529332.174 ], [ 252778.753999999986263, 529392.273999999975786 ], [ 252708.767, 529437.550000000046566 ], [ 252660.878999999986263, 529468.633999999961816 ], [ 252643.303000000014435, 529480.24 ], [ 252613.674, 529499.626000000047497 ], [ 252608.187, 529503.223 ], [ 252611.021, 529510.138999999966472 ], [ 252620.445, 529538.133000000030734 ], [ 252624.234, 529552.986000000033528 ], [ 252628.241, 529574.466000000014901 ], [ 252631.212, 529593.944999999948777 ], [ 252634.48499999998603, 529624.89000000001397 ], [ 252638.446999999985565, 529671.398000000044703 ], [ 252639.423, 529690.898000000044703 ], [ 252640.024, 529702.917000000015832 ], [ 252640.057999999989988, 529703.593 ], [ 252644.755, 529751.24 ], [ 252646.739, 529785.89000000001397 ], [ 252647.372, 529804.040999999968335 ], [ 252648.207, 529812.093 ], [ 252649.521, 529820.974000000045635 ], [ 252651.437, 529831.501000000047497 ], [ 252653.795000000012806, 529842.5 ], [ 252658.218, 529855.397 ], [ 252660.665, 529862.38800000003539 ], [ 252666.924, 529872.201 ], [ 252691.889, 529909.062999999965541 ], [ 252702.291, 529922.37 ], [ 252715.337, 529938.508999999961816 ], [ 252725.076, 529949.001000000047497 ], [ 252740.688, 529965.837999999988824 ], [ 252765.14000000001397, 529995.623999999952503 ], [ 252781.981, 530043.988000000012107 ], [ 252789.067000000010012, 530065.0 ], [ 252791.685999999986961, 530071.386999999987893 ], [ 252800.971, 530090.496000000042841 ], [ 252809.979, 530108.832000000053085 ], [ 252827.913, 530137.631999999983236 ], [ 252837.834, 530151.633999999961816 ], [ 252841.337999999988824, 530155.968 ], [ 252846.961000000010245, 530162.20499999995809 ], [ 252852.541, 530168.185999999986961 ], [ 252859.333000000013271, 530174.361000000033528 ], [ 252886.908, 530200.547000000020489 ], [ 252909.168, 530219.060999999986961 ], [ 252923.835, 530232.24800000002142 ], [ 252937.234, 530247.275999999954365 ], [ 252947.577, 530262.696 ], [ 252955.702, 530274.935000000055879 ], [ 252961.87599999998929, 530286.103 ], [ 252967.511, 530298.935000000055879 ], [ 252969.939000000013039, 530305.091000000014901 ], [ 252971.847, 530310.640999999945052 ], [ 252975.071999999985565, 530323.888999999966472 ], [ 252977.847, 530339.062999999965541 ], [ 252979.494, 530352.589000000036322 ], [ 252980.378999999986263, 530365.143999999971129 ], [ 252980.726, 530373.988000000012107 ], [ 252980.655999999988126, 530383.074999999953434 ], [ 252980.049, 530393.65300000004936 ], [ 252978.506, 530405.773999999975786 ], [ 252977.378999999986263, 530412.797000000020489 ], [ 252975.992, 530419.300000000046566 ], [ 252973.304, 530431.785999999963678 ], [ 252964.253, 530475.702999999979511 ], [ 252958.771, 530499.11199999996461 ], [ 252954.519, 530518.030999999959022 ], [ 252952.945, 530530.265999999945052 ], [ 252952.799999999988358, 530541.158999999985099 ], [ 252953.096, 530544.640999999945052 ], [ 252953.813, 530549.167999999946915 ], [ 252956.208000000013271, 530558.493999999947846 ], [ 252959.106, 530567.685000000055879 ], [ 252963.614, 530579.621000000042841 ], [ 252971.714, 530599.196 ], [ 252981.871000000013737, 530621.689000000013039 ], [ 252986.553000000014435, 530632.613999999943189 ], [ 252990.195, 530642.84499999997206 ], [ 252992.276000000012573, 530649.782 ], [ 252993.663, 530656.892 ], [ 252994.356999999989057, 530663.481000000028871 ], [ 252994.53, 530667.643000000040047 ], [ 252994.182999999989988, 530672.846000000019558 ], [ 252993.575000000011642, 530678.25199999997858 ], [ 252991.891, 530685.709999999962747 ], [ 252988.495, 530701.251000000047497 ], [ 252977.26, 530742.75199999997858 ], [ 252977.053000000014435, 530743.187000000034459 ], [ 252971.187, 530757.386000000056811 ], [ 252971.022, 530757.805999999982305 ], [ 252956.443999999988591, 530814.121999999973923 ], [ 252956.43, 530816.966000000014901 ], [ 252950.238000000012107, 530817.674 ], [ 252792.62400000001071, 530835.702000000048429 ], [ 252791.829, 530835.792999999946915 ], [ 252732.891, 530842.533999999985099 ], [ 252735.029, 530844.797000000020489 ], [ 252758.189000000013039, 530869.307000000029802 ], [ 252797.590999999985797, 530916.098 ], [ 252839.044, 530968.648999999975786 ], [ 252847.307, 530979.498999999952503 ], [ 252877.892, 531019.660999999963678 ], [ 252893.628999999986263, 531041.939999999944121 ], [ 252906.562, 531060.248999999952503 ], [ 252920.586000000010245, 531081.841999999945983 ], [ 252928.894, 531096.910999999963678 ], [ 252934.362, 531107.957000000053085 ], [ 252950.87400000001071, 531154.003999999957159 ], [ 252957.299, 531171.922999999951571 ], [ 252981.717, 531236.783999999985099 ], [ 252983.63, 531241.677000000025146 ], [ 253002.014, 531288.702999999979511 ], [ 253018.325000000011642, 531330.522 ], [ 253037.049, 531378.400000000023283 ], [ 253039.553000000014435, 531384.966000000014901 ], [ 253039.76500000001397, 531385.523000000044703 ], [ 253042.980000000010477, 531393.957999999984168 ], [ 253018.196, 531448.042999999946915 ], [ 253008.329999999987194, 531469.572999999974854 ], [ 253001.123, 531482.412000000011176 ], [ 252997.411, 531488.937999999965541 ], [ 252992.212, 531496.118999999947846 ], [ 252986.965, 531502.383000000030734 ], [ 252980.780999999988126, 531508.903999999980442 ], [ 252973.196, 531515.34699999995064 ], [ 252960.753999999986263, 531524.182000000029802 ], [ 252949.427, 531531.035999999963678 ], [ 252938.805, 531536.231000000028871 ], [ 252930.799999999988358, 531539.192999999970198 ], [ 252920.682, 531542.761000000056811 ], [ 252913.973999999987427, 531544.533999999985099 ], [ 252905.913999999989755, 531545.910999999963678 ], [ 252900.268000000010943, 531546.944000000017695 ], [ 252899.994, 531546.976000000024214 ], [ 252894.003999999986263, 531547.665000000037253 ], [ 252872.383, 531550.621999999973923 ], [ 252860.560999999986961, 531552.952000000048429 ], [ 252860.246000000013737, 531553.013999999966472 ], [ 252849.202, 531556.272 ], [ 252836.344000000011874, 531560.086000000010245 ], [ 252820.904, 531565.712000000057742 ], [ 252811.133, 531570.76500000001397 ], [ 252801.704999999987194, 531576.020000000018626 ], [ 252792.217, 531581.851000000024214 ], [ 252783.791, 531587.557999999960884 ], [ 252776.063, 531593.767 ], [ 252767.81, 531600.216999999945983 ], [ 252758.787000000011176, 531607.616000000038184 ], [ 252749.12599999998929, 531615.839999999967404 ], [ 252726.402, 531635.677000000025146 ], [ 252702.097, 531656.856000000028871 ], [ 252681.354, 531674.978 ], [ 252667.052, 531687.51500000001397 ], [ 252662.375, 531692.246000000042841 ], [ 252658.106999999989057, 531697.268000000040047 ], [ 252650.837, 531705.689999999944121 ], [ 252640.912000000011176, 531718.983 ], [ 252631.62599999998929, 531733.35999999998603 ], [ 252625.079999999987194, 531745.804 ], [ 252620.282, 531756.981999999959953 ], [ 252603.315, 531794.773999999975786 ], [ 252590.301, 531822.072000000043772 ], [ 252578.752, 531844.822999999974854 ], [ 252564.707, 531866.729999999981374 ], [ 252545.134, 531896.599000000045635 ], [ 252516.884, 531937.386999999987893 ], [ 252494.348, 531970.714999999967404 ], [ 252474.066, 531999.726000000024214 ], [ 252462.036, 532017.787000000011176 ], [ 252458.209200000012061, 532024.279199999989942 ], [ 252453.149, 532032.863999999943189 ], [ 252449.498, 532040.163999999989755 ], [ 252443.468, 532054.924 ], [ 252438.4, 532070.768000000040047 ], [ 252435.247, 532084.569999999948777 ], [ 252433.977000000013504, 532092.028999999980442 ], [ 252432.581, 532104.488999999943189 ], [ 252431.755, 532114.405999999959022 ], [ 252431.208000000013271, 532126.778999999980442 ], [ 252431.744, 532139.087000000057742 ], [ 252433.564000000013039, 532151.079000000027008 ], [ 252436.071999999985565, 532165.319000000017695 ], [ 252440.606, 532182.888999999966472 ], [ 252444.991, 532195.123999999952503 ], [ 252449.742, 532206.48499999998603 ], [ 252452.377, 532212.479999999981374 ], [ 252459.116, 532224.484000000054948 ], [ 252466.223999999987427, 532235.917999999946915 ], [ 252477.081, 532249.84499999997206 ], [ 252518.027, 532293.807000000029802 ], [ 252551.228, 532329.483 ], [ 252568.397, 532347.883000000030734 ], [ 252584.587999999988824, 532367.699999999953434 ], [ 252598.022999999986496, 532387.351000000024214 ], [ 252603.527, 532395.447000000043772 ], [ 252610.24900000001071, 532407.140999999945052 ], [ 252621.78, 532430.62699999997858 ], [ 252630.646, 532453.287999999942258 ], [ 252637.522, 532474.657 ], [ 252643.987, 532500.14000000001397 ], [ 252647.487, 532519.829000000027008 ], [ 252649.429, 532534.116000000038184 ], [ 252650.313, 532547.292000000015832 ], [ 252650.465999999985797, 532561.976000000024214 ], [ 252649.471, 532576.118000000016764 ], [ 252647.698, 532595.699999999953434 ], [ 252644.533, 532616.194000000017695 ], [ 252640.188, 532637.37 ], [ 252630.681000000011409, 532669.949000000022352 ], [ 252622.399, 532689.981999999959953 ], [ 252617.472, 532700.473 ], [ 252613.028, 532709.201 ], [ 252606.998, 532720.310999999986961 ], [ 252596.364, 532737.758000000030734 ], [ 252547.345, 532818.111000000033528 ], [ 252510.556000000011409, 532877.816 ], [ 252509.655999999988126, 532879.258999999961816 ], [ 252501.025, 532892.356999999959953 ], [ 252491.487, 532906.726999999955297 ], [ 252479.50700000001234, 532925.827999999979511 ], [ 252468.698, 532943.12300000002142 ], [ 252454.810999999986961, 532965.530999999959022 ], [ 252447.053000000014435, 532977.358 ], [ 252442.856999999989057, 532984.861000000033528 ], [ 252438.66, 532993.12699999997858 ], [ 252435.226, 533000.885 ], [ 252432.135, 533009.028999999980442 ], [ 252429.954999999987194, 533016.932000000029802 ], [ 252428.047, 533025.175999999977648 ], [ 252426.82, 533032.32999999995809 ], [ 252426.153, 533038.449000000022352 ], [ 252425.608, 533048.464999999967404 ], [ 252425.744, 533056.777 ], [ 252426.502, 533066.836000000010245 ], [ 252427.519, 533079.935000000055879 ], [ 252428.691, 533090.935999999986961 ], [ 252429.554, 533100.408999999985099 ], [ 252430.087999999988824, 533110.812000000034459 ], [ 252430.037000000011176, 533123.326 ], [ 252429.529, 533132.736000000033528 ], [ 252428.766, 533142.910000000032596 ], [ 252427.723, 533152.981999999959953 ], [ 252425.287000000011176, 533168.72199999995064 ], [ 252422.89000000001397, 533180.959999999962747 ], [ 252419.431000000011409, 533202.604000000050291 ], [ 252417.777, 533220.535000000032596 ], [ 252416.886999999987893, 533234.652 ], [ 252417.014, 533251.564999999944121 ], [ 252418.413, 533270.768000000040047 ], [ 252421.185, 533292.158000000054017 ], [ 252424.085, 533308.334999999962747 ], [ 252427.391, 533322.959000000031665 ], [ 252430.647, 533335.091999999945983 ], [ 252434.513, 533346.613000000012107 ], [ 252442.11799999998766, 533364.316 ], [ 252449.086000000010245, 533380.618999999947846 ], [ 252459.26, 533403.128000000026077 ], [ 252471.952, 533430.87699999997858 ], [ 252506.76, 533506.184 ], [ 252507.0213, 533506.817799999960698 ], [ 252513.659000000014203, 533522.915000000037253 ], [ 252520.223999999987427, 533538.314000000013039 ], [ 252546.163, 533595.491000000038184 ], [ 252552.980000000010477, 533610.397 ], [ 252560.432999999989988, 533626.212000000057742 ], [ 252566.141, 533637.865 ], [ 252573.413, 533651.680999999982305 ], [ 252582.484, 533667.969000000040978 ], [ 252596.916999999986729, 533691.255 ], [ 252614.913999999989755, 533718.432000000029802 ], [ 252623.684, 533731.647 ], [ 252632.802, 533747.62699999997858 ], [ 252643.992, 533768.650999999954365 ], [ 252652.097, 533785.827000000048429 ], [ 252658.25, 533800.506000000052154 ], [ 252663.89000000001397, 533815.091999999945983 ], [ 252671.984, 533838.01500000001397 ], [ 252685.336000000010245, 533876.069999999948777 ], [ 252727.780999999988126, 533995.589000000036322 ], [ 252755.88200000001234, 534075.910999999963678 ], [ 252762.68, 534094.756999999983236 ], [ 252766.666, 534107.550999999977648 ], [ 252784.196, 534157.11199999996461 ], [ 252796.554, 534189.743000000016764 ], [ 252803.93, 534207.082000000053085 ], [ 252814.549, 534230.638999999966472 ], [ 252824.628, 534250.680999999982305 ], [ 252840.461000000010245, 534279.451 ], [ 252858.225, 534309.957999999984168 ], [ 252891.280999999988126, 534367.072999999974854 ], [ 252933.799, 534439.827000000048429 ], [ 252952.34, 534473.322000000043772 ], [ 252961.774, 534494.459999999962747 ], [ 252970.587, 534518.069000000017695 ], [ 252990.114, 534575.214999999967404 ], [ 253015.255, 534648.993000000016764 ], [ 253039.111, 534719.317999999970198 ], [ 253062.207, 534786.025999999954365 ], [ 253075.568999999988591, 534827.459999999962747 ], [ 253084.526000000012573, 534853.939000000013039 ], [ 253098.603, 534883.025000000023283 ], [ 253111.157, 534907.285000000032596 ], [ 253128.899, 534939.775000000023283 ], [ 253140.670000000012806, 534960.427000000025146 ], [ 253149.302, 534974.924 ], [ 253166.318999999988591, 535004.167000000015832 ], [ 253174.579999999987194, 535018.726000000024214 ], [ 253183.563, 535035.454000000027008 ], [ 253192.797, 535053.520999999949709 ], [ 253204.769, 535078.562000000034459 ], [ 253214.912000000011176, 535099.99800000002142 ], [ 253221.294, 535115.334999999962747 ], [ 253226.869, 535128.758000000030734 ], [ 253234.965, 535149.020999999949709 ], [ 253247.88200000001234, 535185.481999999959953 ], [ 253254.274, 535204.611000000033528 ], [ 253260.121000000013737, 535223.488000000012107 ], [ 253284.079, 535303.942999999970198 ], [ 253300.369, 535360.598 ], [ 253312.62400000001071, 535401.101000000024214 ], [ 253319.412000000011176, 535424.299 ], [ 253335.761, 535474.337000000057742 ], [ 253346.418, 535505.745 ], [ 253353.305, 535523.550999999977648 ], [ 253366.372, 535556.929 ], [ 253375.0492, 535578.936699999962002 ], [ 253385.646, 535605.812999999965541 ], [ 253404.043, 535650.059 ], [ 253424.192000000010012, 535701.712000000057742 ], [ 253439.698, 535740.179 ], [ 253455.957, 535782.452999999979511 ], [ 253465.921, 535809.533999999985099 ], [ 253486.615, 535858.930000000051223 ], [ 253495.324, 535883.780999999959022 ], [ 253505.086000000010245, 535912.099999999976717 ], [ 253506.329999999987194, 535916.694000000017695 ], [ 253511.922, 535947.944000000017695 ], [ 253532.01, 536069.554 ], [ 253537.88, 536104.919 ], [ 253543.22, 536133.968 ], [ 253546.106999999989057, 536146.231999999959953 ], [ 253548.199, 536153.003000000026077 ], [ 253552.14000000001397, 536163.567999999970198 ], [ 253555.173, 536170.224000000045635 ], [ 253563.018000000010943, 536185.435999999986961 ], [ 253565.396, 536189.452000000048429 ], [ 253576.780999999988126, 536205.121999999973923 ], [ 253592.53, 536226.018999999971129 ], [ 253606.334, 536242.768000000040047 ], [ 253609.797, 536246.108 ], [ 253618.221, 536254.233 ], [ 253619.592, 536255.555000000051223 ], [ 253627.139, 536262.834999999962747 ], [ 253635.359, 536270.763999999966472 ], [ 253644.516, 536279.596000000019558 ], [ 253646.98499999998603, 536281.978 ], [ 253647.473, 536282.716000000014901 ], [ 253707.4, 536373.366000000038184 ], [ 253743.279, 536427.702999999979511 ], [ 253757.745, 536449.209000000031665 ], [ 253767.154, 536464.672999999951571 ], [ 253785.747, 536498.297999999951571 ], [ 253807.532, 536541.682000000029802 ], [ 253820.279, 536566.797000000020489 ], [ 253832.307, 536593.256000000052154 ], [ 253841.677, 536615.780999999959022 ], [ 253874.098, 536693.179 ], [ 253879.973999999987427, 536711.412999999942258 ], [ 253888.423, 536738.981999999959953 ], [ 253904.652, 536802.677000000025146 ], [ 253913.843, 536840.194999999948777 ], [ 253937.113000000012107, 536917.599000000045635 ], [ 253947.009, 536937.569999999948777 ], [ 253978.919, 536997.349999999976717 ], [ 254003.603, 537043.327000000048429 ], [ 254009.787000000011176, 537052.952000000048429 ], [ 254016.162000000011176, 537062.745 ], [ 254025.534000000014203, 537075.199000000022352 ], [ 254041.385, 537094.42000000004191 ], [ 254098.337, 537163.743999999947846 ], [ 254130.546, 537202.469000000040978 ], [ 254133.019999999989523, 537205.442999999970198 ], [ 254133.66, 537206.212999999988824 ], [ 254139.641, 537213.53000000002794 ], [ 254140.843, 537215.0 ], [ 254172.212999999988824, 537253.37699999997858 ], [ 254180.188, 537263.506000000052154 ], [ 254184.12400000001071, 537269.386000000056811 ], [ 254184.885, 537270.523000000044703 ], [ 254193.585, 537283.736000000033528 ], [ 254213.182999999989988, 537294.199999999953434 ], [ 254214.862, 537295.09699999995064 ], [ 254221.204999999987194, 537298.484000000054948 ], [ 254258.814000000013039, 537318.712000000057742 ], [ 254334.647, 537360.170999999972992 ], [ 254383.439000000013039, 537386.60999999998603 ], [ 254417.288, 537404.569999999948777 ], [ 254444.355000000010477, 537418.954000000027008 ], [ 254451.964, 537423.699000000022352 ], [ 254453.846, 537424.87300000002142 ], [ 254503.291, 537451.731000000028871 ], [ 254590.25099999998929, 537499.11199999996461 ], [ 254608.279, 537511.351000000024214 ], [ 254630.477000000013504, 537527.886999999987893 ], [ 254657.916999999986729, 537569.216000000014901 ], [ 254670.204999999987194, 537587.756999999983236 ], [ 254692.298, 537621.511999999987893 ], [ 254716.171, 537658.356999999959953 ], [ 254728.772999999986496, 537677.775000000023283 ], [ 254768.91, 537739.040000000037253 ], [ 254809.1, 537800.180000000051223 ], [ 254827.685999999986961, 537828.663999999989755 ], [ 254845.44, 537855.71999999997206 ], [ 254872.217, 537896.349999999976717 ], [ 254882.752, 537912.334000000031665 ], [ 254887.99, 537920.270000000018626 ], [ 254888.91, 537921.300000000046566 ], [ 254889.538999999989755, 537921.773000000044703 ], [ 254890.329999999987194, 537922.25 ], [ 254904.74299999998766, 537930.165000000037253 ], [ 254938.723, 537948.601999999955297 ], [ 254964.12, 537962.35999999998603 ], [ 255000.0, 537981.473 ], [ 255029.99, 537997.449999999953434 ], [ 255042.571, 538004.339000000036322 ], [ 255046.807, 538006.658999999985099 ], [ 255049.057, 538007.851000000024214 ], [ 255084.554, 538026.790000000037253 ], [ 255194.529, 538088.348 ], [ 255745.25, 538391.116000000038184 ], [ 255752.973, 538395.368000000016764 ], [ 255796.729, 538419.457000000053085 ], [ 255853.62599999998929, 538450.49800000002142 ], [ 255950.518000000010943, 538521.75 ], [ 256215.517, 538715.962000000057742 ], [ 256283.976, 538766.162000000011176 ], [ 256396.403, 538848.62699999997858 ], [ 256397.442000000010012, 538849.390999999945052 ], [ 256403.753999999986263, 538853.182999999960884 ], [ 256408.233, 538855.702999999979511 ], [ 256409.402, 538856.572000000043772 ], [ 256583.644999999989523, 538986.165999999968335 ], [ 256594.623, 538993.488999999943189 ], [ 256666.729, 539047.527 ], [ 256673.685999999986961, 539052.636999999987893 ], [ 256685.922, 539061.707999999984168 ], [ 256690.298, 539064.952000000048429 ], [ 256742.844000000011874, 539103.435000000055879 ], [ 256808.066, 539151.435000000055879 ], [ 256857.29, 539187.643000000040047 ], [ 256870.795000000012806, 539197.577000000048429 ], [ 256936.426, 539245.704000000027008 ], [ 256936.921, 539246.067000000039116 ], [ 256970.25, 539270.506000000052154 ], [ 256986.75, 539282.606000000028871 ], [ 257003.24900000001071, 539294.704000000027008 ], [ 257040.465999999985797, 539321.996000000042841 ], [ 257045.143000000010943, 539325.425999999977648 ], [ 257061.566, 539337.468 ], [ 257062.723, 539338.317000000039116 ], [ 257083.921, 539353.804 ], [ 257084.980000000010477, 539354.63800000003539 ], [ 257100.323, 539366.525000000023283 ], [ 257140.037000000011176, 539396.071 ], [ 257159.75, 539410.665999999968335 ], [ 257205.446, 539444.49800000002142 ], [ 257205.797, 539444.758000000030734 ], [ 257219.554, 539454.942999999970198 ], [ 257250.26, 539477.675999999977648 ], [ 257279.88, 539499.738999999943189 ], [ 257306.323, 539519.513999999966472 ], [ 257339.948, 539544.483 ], [ 257359.719000000011874, 539559.185000000055879 ], [ 257412.670000000012806, 539598.652 ], [ 257445.203, 539622.694999999948777 ], [ 257449.214, 539625.667999999946915 ], [ 257458.946, 539632.883000000030734 ], [ 257486.763, 539653.503999999957159 ], [ 257505.16, 539667.140999999945052 ], [ 257506.076, 539667.689000000013039 ], [ 257519.583000000013271, 539675.76500000001397 ], [ 257520.753, 539676.457000000053085 ], [ 257558.19, 539698.608 ], [ 257575.63, 539709.361000000033528 ], [ 257675.934, 539771.207000000053085 ], [ 257675.948899999988498, 539771.216200000024401 ], [ 257689.726, 539745.327999999979511 ], [ 257697.147999999986496, 539731.400999999954365 ], [ 257707.103, 539712.721000000019558 ], [ 257710.719000000011874, 539705.935999999986961 ], [ 257712.198, 539703.160999999963678 ], [ 257738.619, 539653.295999999972992 ], [ 257755.594000000011874, 539621.351000000024214 ], [ 257767.79, 539603.388999999966472 ], [ 257779.24299999998766, 539586.522 ], [ 257805.981999999989057, 539602.238999999943189 ], [ 257806.715999999985797, 539602.67000000004191 ], [ 257813.303000000014435, 539606.542000000015832 ], [ 257857.798, 539632.694999999948777 ], [ 257859.784000000014203, 539633.86199999996461 ], [ 257865.041999999986729, 539636.952000000048429 ], [ 257877.672, 539628.219000000040978 ], [ 257884.362, 539615.912999999942258 ], [ 258000.0, 539683.866999999969266 ], [ 258537.962999999988824, 540000.0 ], [ 258656.875, 540069.878000000026077 ], [ 258656.935, 540069.775999999954365 ], [ 258658.371000000013737, 540067.277 ], [ 258659.859, 540064.687000000034459 ], [ 258660.095, 540064.277 ], [ 258696.971, 539999.968 ], [ 258714.037000000011176, 539970.402 ], [ 258728.327, 539945.533999999985099 ], [ 258729.076, 539944.229999999981374 ], [ 258742.157, 539921.464000000036322 ], [ 258762.24299999998766, 539886.508000000030734 ], [ 258795.276000000012573, 539829.020999999949709 ], [ 258822.695, 539781.304 ], [ 258827.389, 539773.135 ], [ 258843.377, 539745.310999999986961 ], [ 258845.122, 539742.273000000044703 ], [ 258846.228, 539740.348 ], [ 258846.74299999998766, 539739.449999999953434 ], [ 258846.847, 539739.268999999971129 ], [ 258847.002, 539739.001000000047497 ], [ 258847.26, 539738.552999999956228 ], [ 258875.866, 539688.770000000018626 ], [ 258901.703, 539643.804 ], [ 258922.89000000001397, 539606.932000000029802 ], [ 258955.215, 539550.677000000025146 ] ], [ [ 254639.702, 534472.691 ], [ 254628.605000000010477, 534303.287999999942258 ], [ 254682.78, 534286.0 ], [ 254708.454999999987194, 534277.577000000048429 ], [ 254737.571, 534275.462999999988824 ], [ 254775.337, 534271.081 ], [ 254855.584, 533969.761999999987893 ], [ 255054.177, 533722.711000000010245 ], [ 255385.464, 533900.197999999974854 ], [ 255442.976, 533792.849000000045635 ], [ 255627.801, 533876.908999999985099 ], [ 255740.538999999989755, 533910.25 ], [ 255706.532, 533985.694000000017695 ], [ 255702.144, 534044.187000000034459 ], [ 255808.973, 534059.716000000014901 ], [ 255802.894, 534144.942000000039116 ], [ 255891.25700000001234, 534155.160000000032596 ], [ 255878.052, 534238.939000000013039 ], [ 255658.752, 534226.604999999981374 ], [ 255421.818, 534290.062999999965541 ], [ 255353.551, 534321.142 ], [ 255304.514, 534483.177000000025146 ], [ 255323.704999999987194, 534589.753000000026077 ], [ 255235.64000000001397, 534604.733 ], [ 255067.344000000011874, 534626.197999999974854 ], [ 254910.407, 534638.087999999988824 ], [ 254699.25099999998929, 534649.802000000025146 ], [ 254757.309, 534449.853 ], [ 254639.702, 534472.691 ] ] ] ] } },
{ "type": "Feature", "properties": { "buurtcode": "BU01145200", "buurtnaam": "Noordbarge", "pc6_codes": "7811AE, 7811KE, 7811KG, 7811KV, 7811KZ, 7811LB, 7811LC, 7811LD, 7811LE, 7811LG, 7811LH, 7811LJ, 7811LK, 7811LL, 7811LM, 7811LN, 7811LP, 7811LR, 7812AA, 7812AB, 7812AM, 7812AN, 7812AP, 7812AS, 7812AT, 7812AV, 7812AW, 7812AX, 7812AZ, 7812BA, 7812BB, 7812BC, 7812BD, 7812BG, 7812BH, 7812BJ, 7812BK, 7812BL, 7812BM, 7812BN, 7812BP, 7812BR, 7812BS, 7812BT, 7812BV, 7812BW, 7812BX, 7812BZ, 7812NH, 7812NN", "wijkcode": "WK011452", "gemeentecode": "GM0114", "gemeentenaam": "Emmen", "oppervlakteLandInHa": 114, "AantalInwoners_5": 1095, "Mannen_6": 565, "Vrouwen_7": 535, "HuishoudensTotaal_29": 415, "GemiddeldeHuishoudensgrootte_33": 2.3, "Woningvoorraad_35": 402, "NieuwbouwWoningen_36": 2, "NietWoningvoorraad_37": 79, "NieuwbouwNietWoningen_38": 0, "GemiddeldeWOZWaardeVanWoningen_39": 414, "PercentageEengezinswoning_40": 98, "PercentageTussenwoningEengezins_41": 0, "PercentageHoekwoningEengezins_42": 1, "PercentageTweeOnderEenKapWoningEe_43": 26, "PercentageVrijstaandeWoningEengezins_44": 71, "PercentageMeergezinswoning_45": 2, "Koopwoningen_47": 91, "HuurwoningenTotaal_48": 9, "InBezitWoningcorporatie_49": 4, "InBezitOverigeVerhuurders_50": 5, "BouwjaarMeerDanTienJaarGeleden_51": 97, "BouwjaarAfgelopenTienJaar_52": 3, "GemiddeldeElektriciteitslevering_53": 3660, "GemiddeldeElektriciteitsteruglevering_54": 1700, "GemiddeldAardgasverbruik_55": 1320, "AardgasvrijeWoningen_57": 3, "Aardgaswoningen_58": 83, "WoningenMetZonnestroom_59": 61, "WoningenHoofdzElektrVerwarmd_60": 13, "k_20PersonenMetHoogsteInkomen_80": 19.6, "k_20HuishoudensMetHoogsteInkomen_85": 28.6, "MediaanVermogenVanParticuliereHuish_86": 321.9, "PersonenautoSTotaal_104": 710, "PersonenautoSBrandstofBenzine_105": 525, "PersonenautoSOverigeBrandstof_106": 185, "PersonenautoSPerHuishouden_107": 1.7, "Omgevingsadressendichtheid_121": 1028, "AantalInstallatiesBijWoningen_5": 182, "OpgesteldVermogenVanZonnepanelen_6": 929, "installaties_per_woning": 0.45273631840796019, "vermogen_per_woning": 2.310945273631841, "installaties_per_100_woningen": 45.273631840796021, "vermogen_per_huishouden": 2.2385542168674699, "batterijdruk_score": 1037.0, "koop_zon_score": 0.5551, "eengezins_zon_score": 0.5978, "betaalkracht_zon_score": 196.359, "overige_brandstof_zon_score": 112.85, "lichte_batterij_kansscore": 0.55232627491118891 }, "geometry": { "type": "MultiPolygon", "coordinates": [ [ [ [ 256832.268000000010943, 533274.853 ], [ 256951.772, 533251.817999999970198 ], [ 257113.946, 533267.724000000045635 ], [ 257075.527, 533010.109000000054948 ], [ 257052.103, 532862.533999999985099 ], [ 257000.0, 532869.645000000018626 ], [ 256977.282, 532867.13800000003539 ], [ 256960.385, 532862.511000000056811 ], [ 256945.078, 532856.71999999997206 ], [ 256908.873, 532841.890999999945052 ], [ 256825.155999999988126, 532799.714999999967404 ], [ 256783.511, 532780.790999999968335 ], [ 256814.505, 532718.79500000004191 ], [ 256802.158, 532694.263999999966472 ], [ 256783.43, 532684.851000000024214 ], [ 256745.577, 532763.554 ], [ 256733.99, 532758.20499999995809 ], [ 256717.090999999985797, 532748.609000000054948 ], [ 256704.331, 532745.238000000012107 ], [ 256670.623, 532726.851000000024214 ], [ 256636.526000000012573, 532718.231999999959953 ], [ 256623.21, 532711.385 ], [ 256610.627, 532701.890999999945052 ], [ 256535.301, 532654.420999999972992 ], [ 256492.777, 532633.680999999982305 ], [ 256456.628, 532628.560000000055879 ], [ 256431.23499999998603, 532630.54500000004191 ], [ 256397.548, 532623.60999999998603 ], [ 256387.212, 532649.966000000014901 ], [ 256294.62400000001071, 532640.04500000004191 ], [ 256248.991, 532636.508000000030734 ], [ 256245.986, 532626.099999999976717 ], [ 256245.37599999998929, 532608.066 ], [ 256146.053000000014435, 532604.464999999967404 ], [ 256145.651000000012573, 532618.027 ], [ 256053.443, 532614.932000000029802 ], [ 256055.951, 532540.46999999997206 ], [ 256030.208000000013271, 532524.118000000016764 ], [ 256030.799, 532506.003000000026077 ], [ 256004.307999999989988, 532504.23699999996461 ], [ 255970.707, 532483.052000000025146 ], [ 255935.071999999985565, 532486.549 ], [ 255927.649, 532500.049 ], [ 255926.366, 532502.341000000014901 ], [ 255920.59, 532512.895999999949709 ], [ 255858.285, 532489.868000000016764 ], [ 255831.165, 532488.844000000040978 ], [ 255819.003, 532510.581 ], [ 255816.37599999998929, 532515.277 ], [ 255812.666999999986729, 532521.907 ], [ 255669.143000000010943, 532411.26500000001397 ], [ 255664.12400000001071, 532409.893000000040047 ], [ 255675.157, 532377.349000000045635 ], [ 255677.919, 532369.853 ], [ 255680.681000000011409, 532354.85999999998603 ], [ 255682.259, 532333.554 ], [ 255682.259, 532317.773000000044703 ], [ 255678.313, 532304.358 ], [ 255666.082, 532280.290999999968335 ], [ 255652.668, 532265.297999999951571 ], [ 255647.144, 532257.011999999987893 ], [ 255642.01500000001397, 532247.148999999975786 ], [ 255622.682, 532196.647 ], [ 255573.758, 532187.966999999945983 ], [ 255567.051, 532190.728 ], [ 255552.453, 532178.496999999973923 ], [ 255516.549, 532172.579000000027008 ], [ 255516.155, 532159.559 ], [ 255502.74, 532163.898999999975786 ], [ 255498.794, 532161.136999999987893 ], [ 255491.964, 532163.368000000016764 ], [ 255488.089, 532149.650999999954365 ], [ 255445.18, 532118.829000000027008 ], [ 255417.674, 532247.95499999995809 ], [ 255391.56, 532360.98699999996461 ], [ 255356.562, 532513.871999999973923 ], [ 255431.054, 532556.587999999988824 ], [ 255103.465, 532896.224000000045635 ], [ 255250.193999999988591, 532939.73699999996461 ], [ 255146.665, 533119.99800000002142 ], [ 255371.772999999986496, 533249.140999999945052 ], [ 255566.678000000014435, 532999.572999999974854 ], [ 255698.555, 533055.675000000046566 ], [ 255679.285, 533117.810999999986961 ], [ 255746.169, 533134.199000000022352 ], [ 255822.113000000012107, 533152.807999999960884 ], [ 255913.723999999987427, 533201.339000000036322 ], [ 255932.032, 533126.787999999942258 ], [ 255940.905, 533092.932999999960884 ], [ 255979.062, 533063.834999999962747 ], [ 256041.746000000013737, 533145.216000000014901 ], [ 256075.835, 533187.36199999996461 ], [ 256103.855000000010477, 533211.76500000001397 ], [ 256137.392, 533231.077999999979511 ], [ 256197.185, 533247.84699999995064 ], [ 256317.384, 533254.405999999959022 ], [ 256348.098999999987427, 533256.082000000053085 ], [ 256503.427, 533267.834000000031665 ], [ 256701.557999999989988, 533275.202999999979511 ], [ 256832.268000000010943, 533274.853 ] ] ] ] } },
{ "type": "Feature", "properties": { "buurtcode": "BU01145201", "buurtnaam": "Zuidbarge", "pc6_codes": "7812AC, 7812AD, 7812AE, 7812AG, 7812AH, 7812AJ, 7812AK, 7812AL, 7812AR, 7812WB, 7825TE, 7825TK, 7825TN, 7825TR, 7825TS, 7825TT, 7825TV, 7825TX, 7825VC", "wijkcode": "WK011452", "gemeentecode": "GM0114", "gemeentenaam": "Emmen", "oppervlakteLandInHa": 93, "AantalInwoners_5": 400, "Mannen_6": 195, "Vrouwen_7": 205, "HuishoudensTotaal_29": 165, "GemiddeldeHuishoudensgrootte_33": 2.4, "Woningvoorraad_35": 160, "NieuwbouwWoningen_36": 0, "NietWoningvoorraad_37": 13, "NieuwbouwNietWoningen_38": 0, "GemiddeldeWOZWaardeVanWoningen_39": 501, "PercentageEengezinswoning_40": 97, "PercentageTussenwoningEengezins_41": 2, "PercentageHoekwoningEengezins_42": 3, "PercentageTweeOnderEenKapWoningEe_43": 16, "PercentageVrijstaandeWoningEengezins_44": 76, "PercentageMeergezinswoning_45": 3, "Koopwoningen_47": 92, "HuurwoningenTotaal_48": 8, "InBezitWoningcorporatie_49": 0, "InBezitOverigeVerhuurders_50": 8, "BouwjaarMeerDanTienJaarGeleden_51": 92, "BouwjaarAfgelopenTienJaar_52": 8, "GemiddeldeElektriciteitslevering_53": 4210, "GemiddeldeElektriciteitsteruglevering_54": 2150, "GemiddeldAardgasverbruik_55": 1480, "AardgasvrijeWoningen_57": 7, "Aardgaswoningen_58": 79, "WoningenMetZonnestroom_59": 56, "WoningenHoofdzElektrVerwarmd_60": 19, "k_20PersonenMetHoogsteInkomen_80": 26.6, "k_20HuishoudensMetHoogsteInkomen_85": 33.5, "MediaanVermogenVanParticuliereHuish_86": 464.7, "PersonenautoSTotaal_104": 250, "PersonenautoSBrandstofBenzine_105": 165, "PersonenautoSOverigeBrandstof_106": 85, "PersonenautoSPerHuishouden_107": 1.5, "Omgevingsadressendichtheid_121": 644, "AantalInstallatiesBijWoningen_5": 69, "OpgesteldVermogenVanZonnepanelen_6": 419, "installaties_per_woning": 0.43125, "vermogen_per_woning": 2.61875, "installaties_per_100_woningen": 43.125, "vermogen_per_huishouden": 2.5393939393939395, "batterijdruk_score": 1204.0000000000002, "koop_zon_score": 0.5152, "eengezins_zon_score": 0.5432, "betaalkracht_zon_score": 260.232, "overige_brandstof_zon_score": 47.6, "lichte_batterij_kansscore": 0.55354884149326156 }, "geometry": { "type": "MultiPolygon", "coordinates": [ [ [ [ 257153.638, 531236.893000000040047 ], [ 257466.831, 531322.191 ], [ 257573.979, 530942.868999999947846 ], [ 257585.905999999988126, 530945.944000000017695 ], [ 257609.0, 530854.761999999987893 ], [ 257565.991, 530843.73699999996461 ], [ 257572.682999999989988, 530829.75199999997858 ], [ 257495.728, 530799.947999999974854 ], [ 257713.795000000012806, 530312.788999999989755 ], [ 257892.643000000010943, 530321.35999999998603 ], [ 257924.26500000001397, 530127.589999999967404 ], [ 257759.935999999986961, 530095.962999999988824 ], [ 257984.76500000001397, 529665.162999999942258 ], [ 257892.207, 529634.837999999988824 ], [ 257887.997, 529633.459000000031665 ], [ 257871.886, 529620.743999999947846 ], [ 257829.426, 529600.316 ], [ 257785.616, 529579.302000000025146 ], [ 257756.24299999998766, 529635.344000000040978 ], [ 257699.662000000011176, 529609.731999999959953 ], [ 257648.627, 529707.11199999996461 ], [ 257791.646, 529771.623999999952503 ], [ 257692.897999999986496, 529957.25 ], [ 257651.524, 529938.052000000025146 ], [ 257651.06, 529952.410000000032596 ], [ 257640.166, 529952.020000000018626 ], [ 257639.853, 529953.569999999948777 ], [ 257635.361, 529964.587000000057742 ], [ 257632.328, 529971.287000000011176 ], [ 257628.79, 529971.160000000032596 ], [ 257625.63, 529979.959999999962747 ], [ 257618.731, 529999.267 ], [ 257614.079999999987194, 530012.26 ], [ 257608.073, 530029.072000000043772 ], [ 257579.454999999987194, 530022.609000000054948 ], [ 257579.291999999986729, 530024.589000000036322 ], [ 257558.128999999986263, 530019.741000000038184 ], [ 257556.549999999988358, 530025.930000000051223 ], [ 257510.60999999998603, 530016.400000000023283 ], [ 257503.28, 530062.99 ], [ 257483.22, 530066.39000000001397 ], [ 257458.22, 530074.71999999997206 ], [ 257446.99, 530079.310000000055879 ], [ 257413.829999999987194, 530092.87 ], [ 257411.219000000011874, 530094.142 ], [ 257369.29, 530114.560000000055879 ], [ 257363.519999999989523, 530072.0 ], [ 257335.562, 530076.106999999959953 ], [ 257332.480000000010477, 530076.560000000055879 ], [ 257337.799999999988358, 530104.819999999948777 ], [ 257346.579999999987194, 530151.439999999944121 ], [ 257351.269999999989523, 530176.390999999945052 ], [ 257230.159000000014203, 530259.38800000003539 ], [ 257138.592, 530333.422999999951571 ], [ 257065.184, 530403.783999999985099 ], [ 257008.508, 530495.535000000032596 ], [ 256930.354, 530634.85999999998603 ], [ 256641.753999999986263, 531154.261000000056811 ], [ 256664.881, 531168.202999999979511 ], [ 256743.127, 531231.231000000028871 ], [ 256796.467, 531271.761999999987893 ], [ 256855.218, 531308.631000000052154 ], [ 256910.459, 531332.439999999944121 ], [ 257116.187, 531393.716000000014901 ], [ 257153.638, 531236.893000000040047 ] ] ] ] } },
{ "type": "Feature", "properties": { "buurtcode": "BU01145300", "buurtnaam": "Industrieterrein Bargermeer", "pc6_codes": "7812VX, 7812VZ, 7821AA, 7821AB, 7821AC, 7821AD, 7821AE, 7821AG, 7821AH, 7821AJ, 7821AK, 7821AL, 7821AM, 7821AN, 7821AP, 7821AR, 7821AS, 7821AT, 7821AV, 7821AW, 7821AX, 7821BB, 7821BG, 7821CA, 7821CB, 7821CC, 7821CD, 7821CE, 7821CG, 7821CH, 7821CJ, 7822JR, 7825AB, 7825AC, 7825AD, 7825AE, 7825AG, 7825AH, 7825AJ, 7825AK, 7825AL, 7825AM, 7825AN, 7825AP, 7825AR, 7825AT, 7825AV, 7825AW, 7825AX, 7825TG, 7825TJ, 7825TK, 7825TP, 7825VA, 7825VD, 7825VE, 7825VG, 7825VH, 7825VJ, 7825VK, 7825VL, 7825VM, 7825VN, 7825VP, 7825VR, 7825VS, 7825VT, 7825VV, 7825VW, 7825VX, 7825VZ, 7825XE, 7825XG, 7825XH", "wijkcode": "WK011453", "gemeentecode": "GM0114", "gemeentenaam": "Emmen", "oppervlakteLandInHa": 739, "AantalInwoners_5": 30, "Mannen_6": 20, "Vrouwen_7": 15, "HuishoudensTotaal_29": 15, "GemiddeldeHuishoudensgrootte_33": 2.1, "Woningvoorraad_35": 15, "NieuwbouwWoningen_36": 0, "NietWoningvoorraad_37": 1296, "NieuwbouwNietWoningen_38": 32, "GemiddeldeWOZWaardeVanWoningen_39": null, "PercentageEengezinswoning_40": null, "PercentageTussenwoningEengezins_41": null, "PercentageHoekwoningEengezins_42": null, "PercentageTweeOnderEenKapWoningEe_43": null, "PercentageVrijstaandeWoningEengezins_44": null, "PercentageMeergezinswoning_45": null, "Koopwoningen_47": null, "HuurwoningenTotaal_48": null, "InBezitWoningcorporatie_49": null, "InBezitOverigeVerhuurders_50": null, "BouwjaarMeerDanTienJaarGeleden_51": null, "BouwjaarAfgelopenTienJaar_52": null, "GemiddeldeElektriciteitslevering_53": 3580, "GemiddeldeElektriciteitsteruglevering_54": 1610, "GemiddeldAardgasverbruik_55": 1150, "AardgasvrijeWoningen_57": null, "Aardgaswoningen_58": null, "WoningenMetZonnestroom_59": null, "WoningenHoofdzElektrVerwarmd_60": null, "k_20PersonenMetHoogsteInkomen_80": null, "k_20HuishoudensMetHoogsteInkomen_85": null, "MediaanVermogenVanParticuliereHuish_86": null, "PersonenautoSTotaal_104": 755, "PersonenautoSBrandstofBenzine_105": 360, "PersonenautoSOverigeBrandstof_106": 395, "PersonenautoSPerHuishouden_107": null, "Omgevingsadressendichtheid_121": 428, "AantalInstallatiesBijWoningen_5": 5, "OpgesteldVermogenVanZonnepanelen_6": 28, "installaties_per_woning": 0.33333333333333331, "vermogen_per_woning": 1.8666666666666667, "installaties_per_100_woningen": 33.333333333333329, "vermogen_per_huishouden": 1.8666666666666667, "batterijdruk_score": null, "koop_zon_score": null, "eengezins_zon_score": null, "betaalkracht_zon_score": null, "overige_brandstof_zon_score": null, "lichte_batterij_kansscore": null }, "geometry": { "type": "MultiPolygon", "coordinates": [ [ [ [ 258002.10999999998603, 533325.140999999945052 ], [ 258219.24, 533236.424 ], [ 258352.845, 533182.136000000056811 ], [ 258534.144999999989523, 533097.047999999951571 ], [ 258611.427, 533055.611000000033528 ], [ 258694.068, 532994.24 ], [ 258859.065, 532859.643999999971129 ], [ 259241.028, 532540.685000000055879 ], [ 259347.331, 532428.246999999973923 ], [ 259423.404, 532315.714999999967404 ], [ 259490.193, 532184.726999999955297 ], [ 259535.701, 532049.846000000019558 ], [ 259552.041, 531969.707000000053085 ], [ 259600.371000000013737, 531763.959999999962747 ], [ 259631.454999999987194, 531671.04500000004191 ], [ 259712.313, 531509.37699999997858 ], [ 260364.741, 530818.770000000018626 ], [ 260896.445, 530251.979999999981374 ], [ 261191.872, 529937.057000000029802 ], [ 260462.828, 529503.035999999963678 ], [ 260461.115, 529510.537999999942258 ], [ 260383.538, 529594.349000000045635 ], [ 260377.861, 529603.581 ], [ 260349.932, 529575.937999999965541 ], [ 260317.48499999998603, 529529.729999999981374 ], [ 260250.560999999986961, 529600.304 ], [ 260179.506, 529532.941 ], [ 260000.0, 529703.966000000014901 ], [ 259718.696999999985565, 530000.0 ], [ 259607.073, 530117.13 ], [ 259635.826, 530145.363999999943189 ], [ 259572.556000000011409, 530212.22199999995064 ], [ 259627.711000000010245, 530261.71999999997206 ], [ 259620.663999999989755, 530269.197000000043772 ], [ 259589.927, 530301.692000000039116 ], [ 259549.981, 530343.922999999951571 ], [ 259489.87599999998929, 530407.439999999944121 ], [ 259447.685999999986961, 530452.042999999946915 ], [ 259422.73499999998603, 530478.447999999974854 ], [ 259418.793, 530478.697000000043772 ], [ 259398.412000000011176, 530500.0 ], [ 259370.545000000012806, 530529.12699999997858 ], [ 259345.305, 530556.136000000056811 ], [ 259337.038, 530564.738000000012107 ], [ 259315.111, 530587.552999999956228 ], [ 259307.03, 530579.886999999987893 ], [ 259276.96, 530611.451 ], [ 259279.079999999987194, 530613.354999999981374 ], [ 259285.079, 530618.805000000051223 ], [ 259282.214, 530621.787000000011176 ], [ 259206.064000000013039, 530552.658000000054017 ], [ 259200.294, 530547.419 ], [ 259198.764, 530548.741999999969266 ], [ 259197.184, 530547.309 ], [ 259188.76500000001397, 530555.981000000028871 ], [ 259187.168, 530557.645999999949709 ], [ 259178.847, 530566.604999999981374 ], [ 259057.587, 530693.42000000004191 ], [ 258920.65, 530574.42000000004191 ], [ 258912.821999999985565, 530584.761999999987893 ], [ 258905.355000000010477, 530597.223 ], [ 258901.37400000001071, 530606.895999999949709 ], [ 258899.666999999986729, 530615.903999999980442 ], [ 258899.498, 530620.631000000052154 ], [ 258898.935999999986961, 530629.324999999953434 ], [ 258898.133, 530640.474000000045635 ], [ 258897.801, 530650.596000000019558 ], [ 258896.856999999989057, 530657.268999999971129 ], [ 258895.875, 530664.207999999984168 ], [ 258893.655, 530671.26500000001397 ], [ 258889.758, 530678.743999999947846 ], [ 258886.223999999987427, 530683.233 ], [ 258882.188, 530687.305000000051223 ], [ 258874.63200000001234, 530692.900999999954365 ], [ 258866.636, 530696.045999999972992 ], [ 258859.82, 530697.309 ], [ 258804.731, 530681.006000000052154 ], [ 258764.926, 530633.256000000052154 ], [ 258747.094000000011874, 530609.810000000055879 ], [ 258688.651000000012573, 530509.084999999962747 ], [ 258663.524, 530486.554 ], [ 258331.702, 530353.197999999974854 ], [ 258262.927, 530493.903999999980442 ], [ 257969.294, 531103.908000000054017 ], [ 257842.734, 531371.576 ], [ 257739.786, 531586.723 ], [ 257590.217, 531534.907 ], [ 257116.187, 531393.716000000014901 ], [ 256910.459, 531332.439999999944121 ], [ 256855.218, 531308.631000000052154 ], [ 256796.467, 531271.761999999987893 ], [ 256743.127, 531231.231000000028871 ], [ 256664.881, 531168.202999999979511 ], [ 256641.753999999986263, 531154.261000000056811 ], [ 256594.047, 531125.503000000026077 ], [ 256517.568999999988591, 531095.479000000050291 ], [ 256390.669, 531071.72199999995064 ], [ 256409.149, 531090.758000000030734 ], [ 256469.176, 531152.589000000036322 ], [ 256603.522999999986496, 531298.228 ], [ 256694.131, 531404.878000000026077 ], [ 256758.363000000012107, 531500.037999999942258 ], [ 256836.73499999998603, 531654.949000000022352 ], [ 256887.666, 531816.351999999955297 ], [ 256899.371000000013737, 531866.049 ], [ 256854.489, 531932.037999999942258 ], [ 256840.092, 531997.25199999997858 ], [ 256836.866, 532044.807000000029802 ], [ 256886.188, 532391.392 ], [ 256884.113000000012107, 532431.057999999960884 ], [ 256870.22, 532499.346000000019558 ], [ 256832.780999999988126, 532582.243000000016764 ], [ 256783.43, 532684.851000000024214 ], [ 256802.158, 532694.263999999966472 ], [ 256814.505, 532718.79500000004191 ], [ 256783.511, 532780.790999999968335 ], [ 256825.155999999988126, 532799.714999999967404 ], [ 256908.873, 532841.890999999945052 ], [ 256945.078, 532856.71999999997206 ], [ 256960.385, 532862.511000000056811 ], [ 256977.282, 532867.13800000003539 ], [ 257000.0, 532869.645000000018626 ], [ 257052.103, 532862.533999999985099 ], [ 257075.527, 533010.109000000054948 ], [ 257113.946, 533267.724000000045635 ], [ 257405.687, 533296.339000000036322 ], [ 257762.608, 533328.37300000002142 ], [ 257877.839, 533332.412999999942258 ], [ 257905.41, 533333.38 ], [ 258002.10999999998603, 533325.140999999945052 ] ] ] ] } },
{ "type": "Feature", "properties": { "buurtcode": "BU01145301", "buurtnaam": "Bedrijvenpark A37", "pc6_codes": "7825GA, 7825GC, 7825GD, 7825GG, 7825GJ, 7825GK, 7825GL, 7825GS", "wijkcode": "WK011453", "gemeentecode": "GM0114", "gemeentenaam": "Emmen", "oppervlakteLandInHa": 146, "AantalInwoners_5": 0, "Mannen_6": 0, "Vrouwen_7": 0, "HuishoudensTotaal_29": 0, "GemiddeldeHuishoudensgrootte_33": null, "Woningvoorraad_35": 0, "NieuwbouwWoningen_36": 0, "NietWoningvoorraad_37": 40, "NieuwbouwNietWoningen_38": 50, "GemiddeldeWOZWaardeVanWoningen_39": null, "PercentageEengezinswoning_40": null, "PercentageTussenwoningEengezins_41": null, "PercentageHoekwoningEengezins_42": null, "PercentageTweeOnderEenKapWoningEe_43": null, "PercentageVrijstaandeWoningEengezins_44": null, "PercentageMeergezinswoning_45": null, "Koopwoningen_47": null, "HuurwoningenTotaal_48": null, "InBezitWoningcorporatie_49": null, "InBezitOverigeVerhuurders_50": null, "BouwjaarMeerDanTienJaarGeleden_51": null, "BouwjaarAfgelopenTienJaar_52": null, "GemiddeldeElektriciteitslevering_53": null, "GemiddeldeElektriciteitsteruglevering_54": null, "GemiddeldAardgasverbruik_55": null, "AardgasvrijeWoningen_57": null, "Aardgaswoningen_58": null, "WoningenMetZonnestroom_59": null, "WoningenHoofdzElektrVerwarmd_60": null, "k_20PersonenMetHoogsteInkomen_80": null, "k_20HuishoudensMetHoogsteInkomen_85": null, "MediaanVermogenVanParticuliereHuish_86": null, "PersonenautoSTotaal_104": 85, "PersonenautoSBrandstofBenzine_105": 35, "PersonenautoSOverigeBrandstof_106": 50, "PersonenautoSPerHuishouden_107": null, "Omgevingsadressendichtheid_121": 195, "AantalInstallatiesBijWoningen_5": 0, "OpgesteldVermogenVanZonnepanelen_6": 0, "installaties_per_woning": null, "vermogen_per_woning": null, "installaties_per_100_woningen": null, "vermogen_per_huishouden": null, "batterijdruk_score": null, "koop_zon_score": null, "eengezins_zon_score": null, "betaalkracht_zon_score": null, "overige_brandstof_zon_score": null, "lichte_batterij_kansscore": null }, "geometry": { "type": "MultiPolygon", "coordinates": [ [ [ [ 261285.693, 529837.04500000004191 ], [ 262422.913999999989755, 528624.778999999980442 ], [ 262449.066999999980908, 528596.37699999997858 ], [ 262449.185, 528596.25199999997858 ], [ 262511.020000000018626, 528530.75 ], [ 262541.072999999974854, 528499.52800000004936 ], [ 262545.292000000015832, 528495.272 ], [ 262521.705000000016298, 528474.481000000028871 ], [ 262497.49800000002142, 528452.741999999969266 ], [ 262454.88900000002468, 528500.913999999989755 ], [ 262436.256, 528521.393000000040047 ], [ 262427.400000000023283, 528516.412000000011176 ], [ 262401.755, 528501.652 ], [ 262366.332, 528480.435000000055879 ], [ 262320.761999999987893, 528501.468 ], [ 262266.706, 528526.743000000016764 ], [ 262194.384000000020023, 528560.689999999944121 ], [ 262035.821999999985565, 528635.819000000017695 ], [ 262049.924999999988358, 528645.003999999957159 ], [ 262032.214, 528652.199000000022352 ], [ 262016.901000000012573, 528657.549 ], [ 262000.666, 528662.162000000011176 ], [ 261952.88200000001234, 528669.356999999959953 ], [ 261936.277, 528671.017 ], [ 261920.226, 528671.755 ], [ 261903.991, 528671.755 ], [ 261887.755, 528671.202000000048429 ], [ 261869.85999999998603, 528669.542000000015832 ], [ 261849.565, 528667.143000000040047 ], [ 261825.581, 528664.376000000047497 ], [ 261800.859, 528660.317000000039116 ], [ 261777.981999999989057, 528656.62699999997858 ], [ 261753.813, 528651.461000000010245 ], [ 261730.38200000001234, 528646.479999999981374 ], [ 261703.99900000001071, 528640.392 ], [ 261677.432, 528633.75 ], [ 261650.681000000011409, 528626.738999999943189 ], [ 261633.337999999988824, 528621.942000000039116 ], [ 261624.114, 528619.544 ], [ 261597.362, 528612.902 ], [ 261571.348, 528605.522 ], [ 261544.412000000011176, 528597.403999999980442 ], [ 261538.878, 528595.560000000055879 ], [ 261518.952, 528588.733 ], [ 261492.57, 528578.95499999995809 ], [ 261474.12, 528572.312999999965541 ], [ 261455.855000000010477, 528565.48699999996461 ], [ 261436.852000000013504, 528557.554 ], [ 261418.587999999988824, 528550.174 ], [ 261382.427, 528534.861000000033528 ], [ 261363.608, 528527.11199999996461 ], [ 261345.343, 528519.547999999951571 ], [ 261326.894, 528511.615 ], [ 261308.998, 528503.128000000026077 ], [ 261184.465, 528449.993999999947846 ], [ 261182.133, 528449.346000000019558 ], [ 261152.38, 528516.660000000032596 ], [ 261106.908, 528563.452999999979511 ], [ 261036.462, 528637.893000000040047 ], [ 260825.207, 528861.131999999983236 ], [ 260693.793, 529000.0 ], [ 260684.37400000001071, 529009.952999999979511 ], [ 260613.755, 529084.577999999979511 ], [ 260606.684, 529080.348 ], [ 260601.89000000001397, 529085.775999999954365 ], [ 260564.843, 529123.939999999944121 ], [ 260562.464, 529126.447999999974854 ], [ 260543.366, 529146.601999999955297 ], [ 260524.551, 529165.885 ], [ 260522.719000000011874, 529167.763999999966472 ], [ 260520.378, 529170.272 ], [ 260471.526000000012573, 529222.128000000026077 ], [ 260479.231999999989057, 529226.731999999959953 ], [ 260466.863000000012107, 529239.777 ], [ 260489.168, 529252.934 ], [ 260501.416, 529260.268999999971129 ], [ 260440.18, 529329.479999999981374 ], [ 260530.813, 529383.763999999966472 ], [ 260465.113000000012107, 529493.023000000044703 ], [ 260462.828, 529503.035999999963678 ], [ 261191.872, 529937.057000000029802 ], [ 261285.693, 529837.04500000004191 ] ] ] ] } }
]
}
