{
"type": "FeatureCollection",
"name": "Gemert-Bakel",
"crs": { "type": "name", "properties": { "name": "urn:ogc:def:crs:OGC:1.3:CRS84" } },
"features": [
{ "type": "Feature", "properties": { "buurtcode": "BU16520000", "buurtnaam": "Gemert-Centrum", "pc6_codes": "5421AM, 5421AS, 5421BA, 5421BB, 5421BC, 5421BD, 5421BE, 5421BG, 5421BH, 5421BJ, 5421BK, 5421BL, 5421BN, 5421BP, 5421BR, 5421BS, 5421BT, 5421BV, 5421BW, 5421BX, 5421BZ, 5421CA, 5421CB, 5421CC, 5421CD, 5421CE, 5421CG, 5421CH, 5421CJ, 5421CK, 5421CL, 5421CM, 5421CN, 5421CP, 5421CR, 5421CS, 5421CT, 5421CV, 5421CW, 5421CX, 5421CZ, 5421DA, 5421DB, 5421DC, 5421DD, 5421DE, 5421DG, 5421DH, 5421DJ, 5421DL, 5421DN, 5421DP, 5421DR, 5421DV, 5421EA, 5421EB, 5421EC, 5421ED, 5421EE, 5421EG, 5421EH, 5421EN, 5421EV, 5421EZ, 5421HA, 5421HB, 5421HC, 5421HD, 5421HE, 5421HH, 5421HJ, 5421HK, 5421HL, 5421HM, 5421HN, 5421HZ, 5421KA, 5421KB, 5421KD, 5421KE, 5421KH, 5421KJ, 5421KK, 5421KL, 5421KM, 5421KN, 5421KP, 5421KR, 5421KS, 5421KT, 5421KW, 5421KX, 5421LA, 5421LB, 5421LC, 5421LD, 5421LE, 5421LG, 5421LH, 5421LK, 5421LL, 5421LM, 5421LN, 5421LR, 5421LW, 5421LX, 5421LZ, 5421MG, 5421MH, 5421ND, 5421NH, 5421NL, 5421NM, 5421NN, 5421NP, 5421NR, 5421NS, 5421NT, 5421NX, 5421NZ, 5421TP, 5421WB, 5421WC, 5421WD, 5421WE, 5421WG, 5421WM, 5421WR, 5421WT, 5421XT, 5421XX, 5421ZK", "wijkcode": "WK165200", "gemeentecode": "GM1652", "gemeentenaam": "Gemert-Bakel", "oppervlakteLandInHa": 156, "AantalInwoners_5": 4450, "Mannen_6": 2190, "Vrouwen_7": 2255, "HuishoudensTotaal_29": 2195, "GemiddeldeHuishoudensgrootte_33": 2.0, "Woningvoorraad_35": 2205, "NieuwbouwWoningen_36": 8, "NietWoningvoorraad_37": 310, "NieuwbouwNietWoningen_38": 0, "GemiddeldeWOZWaardeVanWoningen_39": 367, "PercentageEengezinswoning_40": 64, "PercentageTussenwoningEengezins_41": 16, "PercentageHoekwoningEengezins_42": 13, "PercentageTweeOnderEenKapWoningEe_43": 20, "PercentageVrijstaandeWoningEengezins_44": 15, "PercentageMeergezinswoning_45": 36, "Koopwoningen_47": 56, "HuurwoningenTotaal_48": 44, "InBezitWoningcorporatie_49": 24, "InBezitOverigeVerhuurders_50": 19, "BouwjaarMeerDanTienJaarGeleden_51": 88, "BouwjaarAfgelopenTienJaar_52": 12, "GemiddeldeElektriciteitslevering_53": 2600, "GemiddeldeElektriciteitsteruglevering_54": 970, "GemiddeldAardgasverbruik_55": 900, "AardgasvrijeWoningen_57": 4, "Aardgaswoningen_58": 92, "WoningenMetZonnestroom_59": 42, "WoningenHoofdzElektrVerwarmd_60": 7, "k_20PersonenMetHoogsteInkomen_80": 14.7, "k_20HuishoudensMetHoogsteInkomen_85": 15.7, "MediaanVermogenVanParticuliereHuish_86": 181.9, "PersonenautoSTotaal_104": 2385, "PersonenautoSBrandstofBenzine_105": 1950, "PersonenautoSOverigeBrandstof_106": 435, "PersonenautoSPerHuishouden_107": 1.1, "Omgevingsadressendichtheid_121": 1330, "AantalInstallatiesBijWoningen_5": 669, "OpgesteldVermogenVanZonnepanelen_6": 2701, "installaties_per_woning": 0.30340136054421768, "vermogen_per_woning": 1.2249433106575964, "installaties_per_100_woningen": 30.34013605442177, "vermogen_per_huishouden": 1.2305239179954441, "batterijdruk_score": 407.4, "koop_zon_score": 0.2352, "eengezins_zon_score": 0.2688, "betaalkracht_zon_score": 76.398, "overige_brandstof_zon_score": 182.7, "lichte_batterij_kansscore": 0.35966956985571896 }, "geometry": { "type": "MultiPolygon", "coordinates": [ [ [ [ 5.677160090654339, 51.562188016916338 ], [ 5.677976374789431, 51.561579133698501 ], [ 5.677949835593941, 51.56154405235111 ], [ 5.678271216474751, 51.561355116884727 ], [ 5.680029369326052, 51.560466183924767 ], [ 5.681608602826622, 51.558857593766874 ], [ 5.681651659196132, 51.558844038215391 ], [ 5.681647611719542, 51.558841865075209 ], [ 5.682068687976454, 51.558590623547566 ], [ 5.682412647203797, 51.558299652325111 ], [ 5.683136841033392, 51.558699704162223 ], [ 5.683564419418681, 51.55879177217377 ], [ 5.684256689698761, 51.558877842697029 ], [ 5.684447611313456, 51.558821050292011 ], [ 5.684496316862943, 51.558827111428521 ], [ 5.687729152962978, 51.558380079037491 ], [ 5.692272732938509, 51.557487412525177 ], [ 5.69209440780784, 51.557337880851534 ], [ 5.691713667601933, 51.556906294132119 ], [ 5.691650315861596, 51.556802253792526 ], [ 5.69166173928366, 51.556725314384657 ], [ 5.691430796099961, 51.556093689149662 ], [ 5.691273243733139, 51.555729638176111 ], [ 5.691079806907513, 51.555538487263277 ], [ 5.690732740034417, 51.5551955115765 ], [ 5.690777780516824, 51.554793743602069 ], [ 5.690870182033716, 51.554728821032562 ], [ 5.690859561386913, 51.554689444171707 ], [ 5.691027293703133, 51.554100250954441 ], [ 5.691194053363575, 51.553601789704118 ], [ 5.691895568507253, 51.552621883400434 ], [ 5.692734058835556, 51.551680378107271 ], [ 5.69416831724378, 51.5501305677369 ], [ 5.694175877231831, 51.550121736282314 ], [ 5.694173034330202, 51.550066337647472 ], [ 5.694116150017344, 51.54983372037055 ], [ 5.694126480519382, 51.549316434408183 ], [ 5.693789035804993, 51.548489706758637 ], [ 5.693188832098995, 51.547655044904914 ], [ 5.693602473526911, 51.547481540798977 ], [ 5.694059982706898, 51.54766138025952 ], [ 5.694097226637752, 51.547533344061748 ], [ 5.693028171175317, 51.547183592403059 ], [ 5.69084601239306, 51.546399969445616 ], [ 5.689364850017432, 51.546080219261121 ], [ 5.68873364081503, 51.546141119254465 ], [ 5.688008588973584, 51.54658989361409 ], [ 5.687754171303323, 51.54735711244394 ], [ 5.6862303297389, 51.547125633592422 ], [ 5.686079452106838, 51.547406353655042 ], [ 5.685808922143231, 51.54771631220629 ], [ 5.685316628085986, 51.547838917695429 ], [ 5.684743796796576, 51.548184755627666 ], [ 5.684153783581352, 51.547937102484553 ], [ 5.683975668503907, 51.548257776211521 ], [ 5.683192835255891, 51.54801060894804 ], [ 5.679682579441724, 51.547178171057112 ], [ 5.679463471456953, 51.547853711164109 ], [ 5.677503808389774, 51.546641478945624 ], [ 5.677287821205153, 51.54692881045446 ], [ 5.677495053505557, 51.547315649119362 ], [ 5.677253923888188, 51.547722704533683 ], [ 5.676494760508163, 51.547789194422371 ], [ 5.676576564885123, 51.549102176884112 ], [ 5.676368808370709, 51.551415428301148 ], [ 5.676793724032707, 51.551381699015906 ], [ 5.676678849563213, 51.552113697070801 ], [ 5.675528793624847, 51.552414647864133 ], [ 5.674480978840629, 51.552512756808532 ], [ 5.674383982849614, 51.552551367909324 ], [ 5.674031977839493, 51.552998013442114 ], [ 5.674036475857744, 51.553923833519519 ], [ 5.673639842469163, 51.554833502903847 ], [ 5.675425606102697, 51.55583499733229 ], [ 5.674190876103924, 51.556465275605298 ], [ 5.675320840990195, 51.557751523577231 ], [ 5.674585963931897, 51.558050801642686 ], [ 5.676187013721451, 51.559920983728105 ], [ 5.675344137747608, 51.561633717857831 ], [ 5.676782104410635, 51.562323973929381 ], [ 5.676793160732127, 51.562307831674758 ], [ 5.676907308759218, 51.56235673000797 ], [ 5.676917787225341, 51.562361219016694 ], [ 5.677160090654339, 51.562188016916338 ] ] ] ] } },
{ "type": "Feature", "properties": { "buurtcode": "BU16520008", "buurtnaam": "Verspreide huizen Broekkant", "pc6_codes": "5421CN, 5421WD, 5421WG, 5421WH, 5421WK, 5421WL, 5421WN, 5421WP, 5421WS, 5421XC, 5421XD, 5421XN, 5421XT, 5421XW, 5421XX, 5421XZ, 5421ZJ, 5421ZK, 5421ZR, 5421ZS, 5421ZX, 5421ZZ, 5425PJ, 5425VA, 5425VB", "wijkcode": "WK165200", "gemeentecode": "GM1652", "gemeentenaam": "Gemert-Bakel", "oppervlakteLandInHa": 408, "AantalInwoners_5": 370, "Mannen_6": 200, "Vrouwen_7": 175, "HuishoudensTotaal_29": 135, "GemiddeldeHuishoudensgrootte_33": 2.7, "Woningvoorraad_35": 137, "NieuwbouwWoningen_36": 2, "NietWoningvoorraad_37": 21, "NieuwbouwNietWoningen_38": 0, "GemiddeldeWOZWaardeVanWoningen_39": 571, "PercentageEengezinswoning_40": 90, "PercentageTussenwoningEengezins_41": 7, "PercentageHoekwoningEengezins_42": 6, "PercentageTweeOnderEenKapWoningEe_43": 17, "PercentageVrijstaandeWoningEengezins_44": 61, "PercentageMeergezinswoning_45": 10, "Koopwoningen_47": 89, "HuurwoningenTotaal_48": 11, "InBezitWoningcorporatie_49": 0, "InBezitOverigeVerhuurders_50": 11, "BouwjaarMeerDanTienJaarGeleden_51": 93, "BouwjaarAfgelopenTienJaar_52": 7, "GemiddeldeElektriciteitslevering_53": 4100, "GemiddeldeElektriciteitsteruglevering_54": 2500, "GemiddeldAardgasverbruik_55": 1330, "AardgasvrijeWoningen_57": 7, "Aardgaswoningen_58": 66, "WoningenMetZonnestroom_59": 57, "WoningenHoofdzElektrVerwarmd_60": 17, "k_20PersonenMetHoogsteInkomen_80": 22.6, "k_20HuishoudensMetHoogsteInkomen_85": 39.4, "MediaanVermogenVanParticuliereHuish_86": 518.2, "PersonenautoSTotaal_104": 225, "PersonenautoSBrandstofBenzine_105": 170, "PersonenautoSOverigeBrandstof_106": 55, "PersonenautoSPerHuishouden_107": 1.6, "Omgevingsadressendichtheid_121": 474, "AantalInstallatiesBijWoningen_5": 49, "OpgesteldVermogenVanZonnepanelen_6": 316, "installaties_per_woning": 0.35766423357664234, "vermogen_per_woning": 2.3065693430656933, "installaties_per_100_woningen": 35.766423357664237, "vermogen_per_huishouden": 2.3407407407407406, "batterijdruk_score": 1424.9999999999998, "koop_zon_score": 0.5073, "eengezins_zon_score": 0.513, "betaalkracht_zon_score": 295.374, "overige_brandstof_zon_score": 31.35, "lichte_batterij_kansscore": 0.54512051767278935 }, "geometry": { "type": "MultiPolygon", "coordinates": [ [ [ [ 5.674031977839493, 51.552998013442114 ], [ 5.674383982849614, 51.552551367909324 ], [ 5.674480978840629, 51.552512756808532 ], [ 5.675528793624847, 51.552414647864133 ], [ 5.676678849563213, 51.552113697070801 ], [ 5.676793724032707, 51.551381699015906 ], [ 5.676368808370709, 51.551415428301148 ], [ 5.676576564885123, 51.549102176884112 ], [ 5.676494760508163, 51.547789194422371 ], [ 5.677253923888188, 51.547722704533683 ], [ 5.677495053505557, 51.547315649119362 ], [ 5.677287821205153, 51.54692881045446 ], [ 5.677503808389774, 51.546641478945624 ], [ 5.679463471456953, 51.547853711164109 ], [ 5.679682579441724, 51.547178171057112 ], [ 5.683192835255891, 51.54801060894804 ], [ 5.683975668503907, 51.548257776211521 ], [ 5.684153783581352, 51.547937102484553 ], [ 5.684743796796576, 51.548184755627666 ], [ 5.685316628085986, 51.547838917695429 ], [ 5.685808922143231, 51.54771631220629 ], [ 5.686079452106838, 51.547406353655042 ], [ 5.6862303297389, 51.547125633592422 ], [ 5.687754171303323, 51.54735711244394 ], [ 5.688008588973584, 51.54658989361409 ], [ 5.68873364081503, 51.546141119254465 ], [ 5.689364850017432, 51.546080219261121 ], [ 5.69084601239306, 51.546399969445616 ], [ 5.693028171175317, 51.547183592403059 ], [ 5.694097226637752, 51.547533344061748 ], [ 5.694235650260506, 51.547057450291121 ], [ 5.696687497912214, 51.547714794201255 ], [ 5.69796305123988, 51.548220045018461 ], [ 5.700086667244988, 51.54938682949193 ], [ 5.702972416357759, 51.550767041325145 ], [ 5.702876609367729, 51.550827291551464 ], [ 5.704188025872003, 51.55150603503774 ], [ 5.705196270566186, 51.552035872667332 ], [ 5.705810803167388, 51.551323531666448 ], [ 5.704268474021935, 51.550025496022947 ], [ 5.703061044936431, 51.548250696436092 ], [ 5.701934043983701, 51.546464152202383 ], [ 5.701324197979708, 51.5458349020575 ], [ 5.698800446157964, 51.543175399695876 ], [ 5.691339976675177, 51.536207502367127 ], [ 5.683478820267427, 51.528640104099573 ], [ 5.682360592222653, 51.527563378008999 ], [ 5.682174232199842, 51.527640631140095 ], [ 5.68219543238597, 51.527651649822189 ], [ 5.682243278100229, 51.52767650844136 ], [ 5.682213053250074, 51.527697762131304 ], [ 5.68215513740684, 51.527744352932004 ], [ 5.682108732869834, 51.527792766293665 ], [ 5.682062348126348, 51.527837584117592 ], [ 5.682004471802744, 51.527876992793608 ], [ 5.681952362427217, 51.527914616113058 ], [ 5.681897387882024, 51.527950421940666 ], [ 5.681822275318185, 51.527980804460775 ], [ 5.681815133083449, 51.527983860655127 ], [ 5.681747145490042, 51.528012984710294 ], [ 5.681680656493157, 51.52804877454048 ], [ 5.681622765159274, 51.528088183063524 ], [ 5.681587979736642, 51.528124036705314 ], [ 5.681565378990152, 51.528158861873585 ], [ 5.681553051364504, 51.528177868040807 ], [ 5.68152687801333, 51.528217340363142 ], [ 5.681480566488951, 51.528251371362146 ], [ 5.681281054335122, 51.528358749380622 ], [ 5.681214512910368, 51.528399932278042 ], [ 5.681069855330865, 51.528493041589186 ], [ 5.680809483364917, 51.528655987125639 ], [ 5.680552026134285, 51.528815338273255 ], [ 5.680031215474788, 51.529150197292118 ], [ 5.679767833190125, 51.529334684890429 ], [ 5.679605666467452, 51.529460096583477 ], [ 5.679417343017422, 51.529621393368565 ], [ 5.679313090030147, 51.529703819684556 ], [ 5.67920013523458, 51.529793422651011 ], [ 5.679066966517086, 51.529888352389314 ], [ 5.678641516494095, 51.530182086252523 ], [ 5.678586556823771, 51.530214303990348 ], [ 5.678514242760412, 51.53025727050948 ], [ 5.678329204160116, 51.530352086112856 ], [ 5.678213571296099, 51.530411133317237 ], [ 5.678103592995447, 51.530484557177083 ], [ 5.677866315291527, 51.530638548754325 ], [ 5.677785297989565, 51.530688682476892 ], [ 5.677686998025128, 51.530740575978896 ], [ 5.677504913325372, 51.53082462348101 ], [ 5.677452820027176, 51.530856851531482 ], [ 5.67739485177196, 51.530912419755786 ], [ 5.677322379067453, 51.530980536219872 ], [ 5.677197945671266, 51.531061123151119 ], [ 5.677056237931845, 51.531138067480704 ], [ 5.676801731524278, 51.531283039068676 ], [ 5.676723559568232, 51.531336778435445 ], [ 5.676642496046711, 51.531395882163785 ], [ 5.676509502969452, 51.531465658229649 ], [ 5.676395938820467, 51.531519961466955 ], [ 5.676382303598934, 51.531526476068876 ], [ 5.676260804513575, 51.531599872779928 ], [ 5.676052519141794, 51.531723380195714 ], [ 5.675910568690094, 51.531839855884868 ], [ 5.675835172065042, 51.53191335386834 ], [ 5.675780065577762, 51.531970738906104 ], [ 5.675759878985045, 51.53199411438964 ], [ 5.675710378146555, 51.532051440596298 ], [ 5.67563201972982, 51.532137502932933 ], [ 5.675582756129644, 51.532182307285041 ], [ 5.6755392838028, 51.532219951324031 ], [ 5.675472748935062, 51.532259333170444 ], [ 5.675371563422596, 51.53230940713253 ], [ 5.675296005336552, 51.532348622385527 ], [ 5.675287141703277, 51.532355394744698 ], [ 5.675163289922297, 51.532431133161246 ], [ 5.675096678616528, 51.532481292391765 ], [ 5.675024237905743, 51.532544023121595 ], [ 5.674969115104773, 51.532601389833872 ], [ 5.674916874644869, 51.532658767394352 ], [ 5.674844001051982, 51.532789767999297 ], [ 5.674836674240499, 51.532802558944233 ], [ 5.674791544087818, 51.532881293979244 ], [ 5.674727498521355, 51.53298176522992 ], [ 5.674637404896136, 51.533101949796425 ], [ 5.67452976154499, 51.533261628735673 ], [ 5.674506061422241, 51.533299349566718 ], [ 5.6744249444446, 51.533428491552769 ], [ 5.674334594581878, 51.533588199672387 ], [ 5.674279335166995, 51.533665332462753 ], [ 5.674174592298396, 51.533821426443126 ], [ 5.674098829088821, 51.533954213422561 ], [ 5.674052230886296, 51.534031369763007 ], [ 5.673999987684269, 51.534088755897862 ], [ 5.673907364991064, 51.534151427627805 ], [ 5.673771448304829, 51.534221198731288 ], [ 5.673716474155777, 51.534257009655391 ], [ 5.673583219270228, 51.534362728666395 ], [ 5.673481868512768, 51.534437960650401 ], [ 5.673403598552427, 51.534509648370666 ], [ 5.67334546830585, 51.534586778757493 ], [ 5.673275613949969, 51.534692638646376 ], [ 5.673214559506759, 51.534776958073664 ], [ 5.673182612978213, 51.534814608941716 ], [ 5.673104400668342, 51.534877316640539 ], [ 5.673023364361382, 51.534931042534907 ], [ 5.672849749399105, 51.535036661737955 ], [ 5.672676151211062, 51.535140491895554 ], [ 5.67258057997405, 51.535213938190267 ], [ 5.672525450853642, 51.535271303742533 ], [ 5.672490423599976, 51.535339505426435 ], [ 5.6724669824647, 51.535400541794388 ], [ 5.672429204587865, 51.535450772851412 ], [ 5.672398143581147, 51.535480430415845 ], [ 5.672219390961053, 51.53557177823388 ], [ 5.67218800196779, 51.535592843379973 ], [ 5.672150217340854, 51.535614508388868 ], [ 5.672100372690389, 51.5356436544144 ], [ 5.672078602720545, 51.535658727587517 ], [ 5.672061008703534, 51.535670896219173 ], [ 5.672029619624761, 51.535691970311177 ], [ 5.671996236624693, 51.535716860451352 ], [ 5.67196659893049, 51.535739125746701 ], [ 5.671923528599017, 51.535784434768587 ], [ 5.671907948911778, 51.535816751048337 ], [ 5.671888658093791, 51.535854856084832 ], [ 5.671874423993043, 51.535876508524389 ], [ 5.671851809419264, 51.53591092731731 ], [ 5.671814719054479, 51.535962945239739 ], [ 5.671777326249905, 51.536047215210694 ], [ 5.671743571115164, 51.536107090061265 ], [ 5.671713783884509, 51.536156159848893 ], [ 5.671674561226284, 51.536208371682847 ], [ 5.671576376964726, 51.536327791531896 ], [ 5.67151796327316, 51.536388139846302 ], [ 5.671434499416679, 51.53648076447945 ], [ 5.671385189882004, 51.5365334591893 ], [ 5.671352687741001, 51.536586409603331 ], [ 5.671324838738117, 51.536634386943817 ], [ 5.671298900730458, 51.536672202439071 ], [ 5.671219077785983, 51.53676177089941 ], [ 5.67110043089189, 51.536905329725947 ], [ 5.671058147352391, 51.53695691958341 ], [ 5.671039127521197, 51.536980920604343 ], [ 5.67098954928414, 51.537059970554324 ], [ 5.670922894490607, 51.537174198657446 ], [ 5.670826169079319, 51.537327070115488 ], [ 5.670767844903316, 51.537418275905218 ], [ 5.670694859984116, 51.537499944335472 ], [ 5.670652161791084, 51.537540685733887 ], [ 5.670602264330198, 51.537575718812455 ], [ 5.670580323401269, 51.537593650511127 ], [ 5.670534396635776, 51.537648296172236 ], [ 5.670496445162691, 51.537696756243754 ], [ 5.670462939746916, 51.537739362887066 ], [ 5.670355069376138, 51.53782744374189 ], [ 5.670251718515348, 51.537919189902816 ], [ 5.670168763358914, 51.538001790021326 ], [ 5.670120758756788, 51.538053905749436 ], [ 5.670085194406181, 51.538106225024961 ], [ 5.670050779340264, 51.538160258339659 ], [ 5.670013396990559, 51.538235449150235 ], [ 5.66997583015692, 51.53833427158478 ], [ 5.669935435631271, 51.538372517278383 ], [ 5.66991924827508, 51.538383999037933 ], [ 5.669847507203137, 51.538425161010075 ], [ 5.669792264276942, 51.53845615279063 ], [ 5.669735095438742, 51.538497315380312 ], [ 5.669617169255832, 51.538589051293179 ], [ 5.669579468988851, 51.538620243235648 ], [ 5.66952545890913, 51.538650216188906 ], [ 5.669443512124878, 51.538691402586046 ], [ 5.669360789860862, 51.538735395261348 ], [ 5.669255845642788, 51.538777805621152 ], [ 5.669156487807928, 51.538819240610465 ], [ 5.669035785863134, 51.538865841581362 ], [ 5.668910425968162, 51.538905154872502 ], [ 5.668882518583043, 51.538914156925699 ], [ 5.668811671152929, 51.538937006200548 ], [ 5.668788335346261, 51.538967309318963 ], [ 5.668756684411738, 51.53901882774327 ], [ 5.668746035432006, 51.539040237442435 ], [ 5.668717888397246, 51.539068727448893 ], [ 5.668646747307423, 51.539109365889139 ], [ 5.668575810898391, 51.539129554591057 ], [ 5.668530699255879, 51.539141914830822 ], [ 5.668459402373787, 51.539152792078674 ], [ 5.668432300636383, 51.539156929218152 ], [ 5.66835849207227, 51.539174212379415 ], [ 5.66828171538048, 51.539212652955321 ], [ 5.668226055879649, 51.539241874226917 ], [ 5.668204809360534, 51.53926049592981 ], [ 5.668165843079434, 51.539294656716393 ], [ 5.668126665134722, 51.539331892120593 ], [ 5.66807463542728, 51.539379378531713 ], [ 5.668062330938993, 51.539391875398998 ], [ 5.667801779706377, 51.539667060410736 ], [ 5.667617418836783, 51.539855752782437 ], [ 5.667504882726367, 51.53998830008593 ], [ 5.66733309976255, 51.540202148028449 ], [ 5.667258417512811, 51.540286119445234 ], [ 5.667225735868424, 51.540322862562206 ], [ 5.667063963804097, 51.540472812684321 ], [ 5.667040527550451, 51.540487133852686 ], [ 5.666914126823867, 51.540564406585709 ], [ 5.666857625695108, 51.54066334524849 ], [ 5.666855579314694, 51.54066693572522 ], [ 5.66685465950206, 51.54066854779677 ], [ 5.666844947823943, 51.540685541641778 ], [ 5.666823670723009, 51.540722805640002 ], [ 5.666363793525884, 51.541528049281538 ], [ 5.666062576095806, 51.542053077384146 ], [ 5.665716149923639, 51.542635200595655 ], [ 5.665034418674341, 51.543807237485687 ], [ 5.664699212990808, 51.544436970734147 ], [ 5.664382605778404, 51.544974075689993 ], [ 5.663839466802067, 51.545886750211608 ], [ 5.662940732438887, 51.547396875097832 ], [ 5.662730119138625, 51.547746158868698 ], [ 5.662553359072361, 51.548039300209354 ], [ 5.662552645378288, 51.548040479405508 ], [ 5.662154011885028, 51.548634669622942 ], [ 5.662084493845545, 51.5487491689168 ], [ 5.661786519970165, 51.549325952532719 ], [ 5.661106142796898, 51.550373469577792 ], [ 5.660827807325455, 51.550791644805443 ], [ 5.660625403192367, 51.55110164298479 ], [ 5.660579430425552, 51.551172050830957 ], [ 5.660478941216047, 51.551325937977275 ], [ 5.660451471979643, 51.551375736444093 ], [ 5.660314267559749, 51.551624476663484 ], [ 5.660272563950143, 51.551700078828226 ], [ 5.659613424686647, 51.553343035093413 ], [ 5.659450610136584, 51.553759210667188 ], [ 5.661003177640713, 51.553653151991732 ], [ 5.662401405550723, 51.553366723282593 ], [ 5.66470491692872, 51.552799482199063 ], [ 5.666860691416954, 51.552359233680178 ], [ 5.672641408650955, 51.553593828972055 ], [ 5.674036475857744, 51.553923833519519 ], [ 5.674031977839493, 51.552998013442114 ] ] ] ] } },
{ "type": "Feature", "properties": { "buurtcode": "BU16520101", "buurtnaam": "Gemert-Noord", "pc6_codes": "5421KC, 5421KG, 5421KW, 5421KZ, 5421LJ, 5421MA, 5421MB, 5421MC, 5421MD, 5421ME, 5421MW, 5421MZ, 5421NA, 5421NB, 5421NC, 5421NE, 5421NG, 5421NK, 5421NV, 5421NW, 5421PA, 5421PB, 5421PD, 5421PE, 5421PG, 5421PH, 5421PJ, 5421PK, 5421PL, 5421PM, 5421PN, 5421PP, 5421PR, 5421PS, 5421PT, 5421RA, 5421RB, 5421RC, 5421RD, 5421RE, 5421RG, 5421RH, 5421RJ, 5421RK, 5421RL, 5421RM, 5421RN, 5421RP, 5421RR, 5421RS, 5421RT, 5421RV, 5421RW, 5421RX, 5421RZ, 5421SB, 5421SC, 5421SE, 5421SG, 5421SH, 5421SJ, 5421SK, 5421SL, 5421SM, 5421SN, 5421SP, 5421SR, 5421ST, 5421SV, 5421SW, 5421SX, 5421SZ, 5421TA, 5421TB, 5421TC, 5421TD, 5421TN, 5421TP, 5421TR, 5421TT, 5421TV, 5421TW, 5421TX, 5421TZ, 5421VA, 5421VB, 5421VC, 5421VD, 5421VE, 5421VG, 5421VH, 5421VJ, 5421VK, 5421VL, 5421VM, 5421VN, 5421VP, 5421VR, 5421VS, 5421VT, 5421VV, 5421VW, 5421VX", "wijkcode": "WK165201", "gemeentecode": "GM1652", "gemeentenaam": "Gemert-Bakel", "oppervlakteLandInHa": 96, "AantalInwoners_5": 3930, "Mannen_6": 1960, "Vrouwen_7": 1970, "HuishoudensTotaal_29": 1770, "GemiddeldeHuishoudensgrootte_33": 2.2, "Woningvoorraad_35": 1794, "NieuwbouwWoningen_36": 1, "NietWoningvoorraad_37": 123, "NieuwbouwNietWoningen_38": 0, "GemiddeldeWOZWaardeVanWoningen_39": 326, "PercentageEengezinswoning_40": 88, "PercentageTussenwoningEengezins_41": 40, "PercentageHoekwoningEengezins_42": 29, "PercentageTweeOnderEenKapWoningEe_43": 13, "PercentageVrijstaandeWoningEengezins_44": 7, "PercentageMeergezinswoning_45": 12, "Koopwoningen_47": 54, "HuurwoningenTotaal_48": 46, "InBezitWoningcorporatie_49": 41, "InBezitOverigeVerhuurders_50": 6, "BouwjaarMeerDanTienJaarGeleden_51": 91, "BouwjaarAfgelopenTienJaar_52": 9, "GemiddeldeElektriciteitslevering_53": 2610, "GemiddeldeElektriciteitsteruglevering_54": 1120, "GemiddeldAardgasverbruik_55": 800, "AardgasvrijeWoningen_57": 13, "Aardgaswoningen_58": 84, "WoningenMetZonnestroom_59": 56, "WoningenHoofdzElektrVerwarmd_60": 16, "k_20PersonenMetHoogsteInkomen_80": 9.2, "k_20HuishoudensMetHoogsteInkomen_85": 10.8, "MediaanVermogenVanParticuliereHuish_86": 131.6, "PersonenautoSTotaal_104": 1965, "PersonenautoSBrandstofBenzine_105": 1665, "PersonenautoSOverigeBrandstof_106": 300, "PersonenautoSPerHuishouden_107": 1.1, "Omgevingsadressendichtheid_121": 1314, "AantalInstallatiesBijWoningen_5": null, "OpgesteldVermogenVanZonnepanelen_6": null, "installaties_per_woning": null, "vermogen_per_woning": null, "installaties_per_100_woningen": null, "vermogen_per_huishouden": null, "batterijdruk_score": 627.2, "koop_zon_score": 0.3024, "eengezins_zon_score": 0.4928, "betaalkracht_zon_score": 73.696, "overige_brandstof_zon_score": 168.00000000000003, "lichte_batterij_kansscore": 0.43361657153805372 }, "geometry": { "type": "MultiPolygon", "coordinates": [ [ [ [ 5.684982111198938, 51.564734787407588 ], [ 5.687917804622066, 51.564646368393916 ], [ 5.689861487611083, 51.564588541325726 ], [ 5.695309534460056, 51.564066440403394 ], [ 5.700335381263788, 51.563608138338552 ], [ 5.701468712985248, 51.563587960756081 ], [ 5.701225424147167, 51.56301334113607 ], [ 5.700776895827467, 51.561954726985789 ], [ 5.700126561000449, 51.560709856795306 ], [ 5.69921550018635, 51.560570160726307 ], [ 5.69800121542612, 51.56014278553581 ], [ 5.696571052722041, 51.559345748567054 ], [ 5.695291898684085, 51.558913179615722 ], [ 5.693843281469423, 51.558373177827121 ], [ 5.692615114410521, 51.557774998798244 ], [ 5.692272732938509, 51.557487412525177 ], [ 5.687729152962978, 51.558380079037491 ], [ 5.684496316862943, 51.558827111428521 ], [ 5.684447611313456, 51.558821050292011 ], [ 5.684256689698761, 51.558877842697029 ], [ 5.683564419418681, 51.55879177217377 ], [ 5.683136841033392, 51.558699704162223 ], [ 5.682412647203797, 51.558299652325111 ], [ 5.682068687976454, 51.558590623547566 ], [ 5.681647611719542, 51.558841865075209 ], [ 5.681651659196132, 51.558844038215391 ], [ 5.681608602826622, 51.558857593766874 ], [ 5.680029369326052, 51.560466183924767 ], [ 5.678271216474751, 51.561355116884727 ], [ 5.677949835593941, 51.56154405235111 ], [ 5.677976374789431, 51.561579133698501 ], [ 5.677160090654339, 51.562188016916338 ], [ 5.676917787225341, 51.562361219016694 ], [ 5.676907308759218, 51.56235673000797 ], [ 5.67633028534033, 51.562945953286764 ], [ 5.675912714424248, 51.563520772669577 ], [ 5.676195912936415, 51.563630066434015 ], [ 5.676550140653186, 51.56403381519921 ], [ 5.677805910609931, 51.564386520626357 ], [ 5.678799976244133, 51.564569689522585 ], [ 5.680775241523509, 51.564177515744653 ], [ 5.681372322565237, 51.56432596137131 ], [ 5.681697312320103, 51.564610251591965 ], [ 5.682259255641949, 51.564772314580786 ], [ 5.684982111198938, 51.564734787407588 ] ] ] ] } },
{ "type": "Feature", "properties": { "buurtcode": "BU16520104", "buurtnaam": "Doonheide", "pc6_codes": "5421PW, 5421SK, 5421XB, 5421ZP, 5422DB, 5422DC, 5422DD, 5422DE, 5422DG, 5422DH, 5422DJ, 5422DK, 5422DL, 5422DM, 5422DN, 5422DP", "wijkcode": "WK165201", "gemeentecode": "GM1652", "gemeentenaam": "Gemert-Bakel", "oppervlakteLandInHa": 41, "AantalInwoners_5": 1240, "Mannen_6": 625, "Vrouwen_7": 610, "HuishoudensTotaal_29": 425, "GemiddeldeHuishoudensgrootte_33": 2.9, "Woningvoorraad_35": 422, "NieuwbouwWoningen_36": 1, "NietWoningvoorraad_37": 5, "NieuwbouwNietWoningen_38": 0, "GemiddeldeWOZWaardeVanWoningen_39": 541, "PercentageEengezinswoning_40": 97, "PercentageTussenwoningEengezins_41": 32, "PercentageHoekwoningEengezins_42": 16, "PercentageTweeOnderEenKapWoningEe_43": 11, "PercentageVrijstaandeWoningEengezins_44": 39, "PercentageMeergezinswoning_45": 3, "Koopwoningen_47": 84, "HuurwoningenTotaal_48": 16, "InBezitWoningcorporatie_49": 5, "InBezitOverigeVerhuurders_50": 11, "BouwjaarMeerDanTienJaarGeleden_51": 66, "BouwjaarAfgelopenTienJaar_52": 34, "GemiddeldeElektriciteitslevering_53": 3830, "GemiddeldeElektriciteitsteruglevering_54": 1830, "GemiddeldAardgasverbruik_55": 1070, "AardgasvrijeWoningen_57": 4, "Aardgaswoningen_58": 89, "WoningenMetZonnestroom_59": 69, "WoningenHoofdzElektrVerwarmd_60": 11, "k_20PersonenMetHoogsteInkomen_80": 27.3, "k_20HuishoudensMetHoogsteInkomen_85": 40.6, "MediaanVermogenVanParticuliereHuish_86": 397.4, "PersonenautoSTotaal_104": 620, "PersonenautoSBrandstofBenzine_105": 460, "PersonenautoSOverigeBrandstof_106": 160, "PersonenautoSPerHuishouden_107": 1.5, "Omgevingsadressendichtheid_121": 931, "AantalInstallatiesBijWoningen_5": null, "OpgesteldVermogenVanZonnepanelen_6": null, "installaties_per_woning": null, "vermogen_per_woning": null, "installaties_per_100_woningen": null, "vermogen_per_huishouden": null, "batterijdruk_score": 1262.7, "koop_zon_score": 0.5796, "eengezins_zon_score": 0.6693, "betaalkracht_zon_score": 274.206, "overige_brandstof_zon_score": 110.4, "lichte_batterij_kansscore": 0.55563696706175747 }, "geometry": { "type": "MultiPolygon", "coordinates": [ [ [ [ 5.698025511576238, 51.568328854626699 ], [ 5.700469598327595, 51.567806321268051 ], [ 5.703306161893594, 51.567115543079119 ], [ 5.704220516158204, 51.56689986539994 ], [ 5.702596754335509, 51.56507619315348 ], [ 5.701901325980027, 51.56358145867064 ], [ 5.701468712985248, 51.563587960756081 ], [ 5.700335381263788, 51.563608138338552 ], [ 5.695309534460056, 51.564066440403394 ], [ 5.689861487611083, 51.564588541325726 ], [ 5.687917804622066, 51.564646368393916 ], [ 5.687562930529592, 51.56703657621663 ], [ 5.696786170214207, 51.567825129865255 ], [ 5.697730707312847, 51.568456322823359 ], [ 5.698025511576238, 51.568328854626699 ] ] ] ] } },
{ "type": "Feature", "properties": { "buurtcode": "BU16520107", "buurtnaam": "Verspreide huizen Kampen-Esdonk", "pc6_codes": "5421KV, 5421MK, 5421ML, 5421NG, 5421NH, 5421NJ, 5421NM, 5421NR, 5421PW, 5421PX, 5421PZ, 5421RH, 5421RS, 5421RV, 5421XA, 5421ZA, 5421ZB, 5421ZC, 5421ZG, 5421ZK, 5421ZL, 5421ZM, 5421ZN, 5421ZP, 5421ZS, 5422EA, 5422EC, 5422ED, 5422EE, 5422EG, 5422EH, 5422EJ, 5422EK, 5422EL, 5422EM, 5422EN, 5422EP", "wijkcode": "WK165201", "gemeentecode": "GM1652", "gemeentenaam": "Gemert-Bakel", "oppervlakteLandInHa": 657, "AantalInwoners_5": 775, "Mannen_6": 405, "Vrouwen_7": 370, "HuishoudensTotaal_29": 280, "GemiddeldeHuishoudensgrootte_33": 2.7, "Woningvoorraad_35": 292, "NieuwbouwWoningen_36": 93, "NietWoningvoorraad_37": 11, "NieuwbouwNietWoningen_38": 0, "GemiddeldeWOZWaardeVanWoningen_39": 576, "PercentageEengezinswoning_40": 97, "PercentageTussenwoningEengezins_41": 20, "PercentageHoekwoningEengezins_42": 15, "PercentageTweeOnderEenKapWoningEe_43": 17, "PercentageVrijstaandeWoningEengezins_44": 45, "PercentageMeergezinswoning_45": 3, "Koopwoningen_47": 85, "HuurwoningenTotaal_48": 15, "InBezitWoningcorporatie_49": 8, "InBezitOverigeVerhuurders_50": 7, "BouwjaarMeerDanTienJaarGeleden_51": 80, "BouwjaarAfgelopenTienJaar_52": 20, "GemiddeldeElektriciteitslevering_53": 3890, "GemiddeldeElektriciteitsteruglevering_54": 2110, "GemiddeldAardgasverbruik_55": 950, "AardgasvrijeWoningen_57": 24, "Aardgaswoningen_58": 62, "WoningenMetZonnestroom_59": 62, "WoningenHoofdzElektrVerwarmd_60": 29, "k_20PersonenMetHoogsteInkomen_80": 27.7, "k_20HuishoudensMetHoogsteInkomen_85": 40.9, "MediaanVermogenVanParticuliereHuish_86": 431.2, "PersonenautoSTotaal_104": 385, "PersonenautoSBrandstofBenzine_105": 295, "PersonenautoSOverigeBrandstof_106": 90, "PersonenautoSPerHuishouden_107": 1.4, "Omgevingsadressendichtheid_121": 504, "AantalInstallatiesBijWoningen_5": null, "OpgesteldVermogenVanZonnepanelen_6": null, "installaties_per_woning": null, "vermogen_per_woning": null, "installaties_per_100_woningen": null, "vermogen_per_huishouden": null, "batterijdruk_score": 1308.2, "koop_zon_score": 0.527, "eengezins_zon_score": 0.6014, "betaalkracht_zon_score": 267.344, "overige_brandstof_zon_score": 55.8, "lichte_batterij_kansscore": 0.55048266265910728 }, "geometry": { "type": "MultiPolygon", "coordinates": [ [ [ [ 5.685419914860534, 51.58351655849556 ], [ 5.6852984881408, 51.583255074376453 ], [ 5.685323549793616, 51.582917936672352 ], [ 5.685578691871884, 51.582670098006666 ], [ 5.686015910271187, 51.582445388464265 ], [ 5.686785137288103, 51.582246511086055 ], [ 5.688236420295442, 51.582033234538741 ], [ 5.687839960074196, 51.581840999592167 ], [ 5.686964370411991, 51.581668812953914 ], [ 5.686091757941378, 51.581468804011045 ], [ 5.684835065953691, 51.581241116252912 ], [ 5.68324665885167, 51.580821843407087 ], [ 5.681934892399209, 51.580543702976037 ], [ 5.680129280144198, 51.580411728684673 ], [ 5.680575467593905, 51.579586182479296 ], [ 5.681288604570071, 51.578319801076717 ], [ 5.68175372407555, 51.577534932713746 ], [ 5.682009121455164, 51.576876994494825 ], [ 5.682151972165728, 51.575550809884938 ], [ 5.682270683862102, 51.574950238067679 ], [ 5.684513382460932, 51.575326569754438 ], [ 5.686645257480566, 51.575708479108357 ], [ 5.68849453108062, 51.576127034185191 ], [ 5.689398203618571, 51.576435650706422 ], [ 5.689127286800165, 51.575625688093176 ], [ 5.688899114533181, 51.574056917373014 ], [ 5.688606230812145, 51.572956564649104 ], [ 5.690575109474127, 51.572939671171653 ], [ 5.693533285852382, 51.572899649037375 ], [ 5.696930367246359, 51.572904175679447 ], [ 5.698644080564105, 51.572916755107705 ], [ 5.69855896806261, 51.572272327028145 ], [ 5.698334637113792, 51.570913953576671 ], [ 5.697979523292732, 51.569379525313025 ], [ 5.697730707312847, 51.568456322823359 ], [ 5.696786170214207, 51.567825129865255 ], [ 5.687562930529592, 51.56703657621663 ], [ 5.687917804622066, 51.564646368393916 ], [ 5.684982111198938, 51.564734787407588 ], [ 5.682259255641949, 51.564772314580786 ], [ 5.681697312320103, 51.564610251591965 ], [ 5.681372322565237, 51.56432596137131 ], [ 5.680775241523509, 51.564177515744653 ], [ 5.678799976244133, 51.564569689522585 ], [ 5.677805910609931, 51.564386520626357 ], [ 5.676550140653186, 51.56403381519921 ], [ 5.676195912936415, 51.563630066434015 ], [ 5.675912714424248, 51.563520772669577 ], [ 5.67633028534033, 51.562945953286764 ], [ 5.676907308759218, 51.56235673000797 ], [ 5.676793160732127, 51.562307831674758 ], [ 5.676782104410635, 51.562323973929381 ], [ 5.675344137747608, 51.561633717857831 ], [ 5.676187013721451, 51.559920983728105 ], [ 5.674585963931897, 51.558050801642686 ], [ 5.675320840990195, 51.557751523577231 ], [ 5.674190876103924, 51.556465275605298 ], [ 5.675425606102697, 51.55583499733229 ], [ 5.673639842469163, 51.554833502903847 ], [ 5.674036475857744, 51.553923833519519 ], [ 5.672641408650955, 51.553593828972055 ], [ 5.666860691416954, 51.552359233680178 ], [ 5.66470491692872, 51.552799482199063 ], [ 5.662401405550723, 51.553366723282593 ], [ 5.661003177640713, 51.553653151991732 ], [ 5.659450610136584, 51.553759210667188 ], [ 5.658946106307822, 51.555048747126442 ], [ 5.658693144983341, 51.555688922474225 ], [ 5.658259462171285, 51.55678640957499 ], [ 5.65760612813735, 51.558387542954542 ], [ 5.657451711890195, 51.558774214225487 ], [ 5.657307537500118, 51.559135234973269 ], [ 5.656940590691168, 51.560054048007942 ], [ 5.6568665203962, 51.560242432199317 ], [ 5.655983526392355, 51.562488256739769 ], [ 5.655649741091304, 51.563351313448727 ], [ 5.655319766931207, 51.564109750608466 ], [ 5.655171156716607, 51.564528827314398 ], [ 5.655151603142108, 51.564587927518474 ], [ 5.65509980053192, 51.564744574469124 ], [ 5.655015601143845, 51.564986067512919 ], [ 5.65491970654293, 51.565232827669973 ], [ 5.654825891203155, 51.56548751095567 ], [ 5.65472696788662, 51.565697936822552 ], [ 5.654496296756527, 51.566202745357444 ], [ 5.654348385056011, 51.566505299638578 ], [ 5.65421856231481, 51.566747372789067 ], [ 5.653996559907164, 51.56715601801924 ], [ 5.653777235441698, 51.567535075099173 ], [ 5.653099156734417, 51.568754913052295 ], [ 5.652893725940265, 51.568863819348202 ], [ 5.652675461207894, 51.56928892063852 ], [ 5.652687558853623, 51.569305522117006 ], [ 5.65271700204331, 51.569343252402241 ], [ 5.652728555455741, 51.569392546772548 ], [ 5.652713945046012, 51.569451833051112 ], [ 5.652681974018972, 51.569509612737519 ], [ 5.65259286544538, 51.569578874879063 ], [ 5.652566711195281, 51.569600390161163 ], [ 5.652546600230381, 51.569616929985195 ], [ 5.652525288761144, 51.569635369133906 ], [ 5.652496898956231, 51.569661851203058 ], [ 5.652485789161521, 51.569678523381157 ], [ 5.652547071081937, 51.569709763517025 ], [ 5.652731545483827, 51.569812228243158 ], [ 5.652787442362515, 51.569842563652742 ], [ 5.652861846188985, 51.569882933207609 ], [ 5.65321025333597, 51.570084438541905 ], [ 5.6532995704589, 51.570136791660772 ], [ 5.653461239270706, 51.570245823941455 ], [ 5.65362150734745, 51.570369187073958 ], [ 5.653750166729475, 51.570498815280544 ], [ 5.654070563929395, 51.570826636294782 ], [ 5.654168473600623, 51.570926869544017 ], [ 5.654528702726227, 51.571296368442589 ], [ 5.654681736208518, 51.571453948422118 ], [ 5.654748220755211, 51.571525327713886 ], [ 5.654878385230702, 51.571671804915127 ], [ 5.654994948069078, 51.57181580532243 ], [ 5.655106752589424, 51.571962423228392 ], [ 5.655212915074627, 51.572113458400317 ], [ 5.655309329853422, 51.572264938311896 ], [ 5.655400230162997, 51.572418030779488 ], [ 5.655442731328916, 51.572497123046162 ], [ 5.655543525587737, 51.57269615155672 ], [ 5.655610946604833, 51.572832623874675 ], [ 5.655685398811981, 51.572979839386072 ], [ 5.655769499045742, 51.573146088568386 ], [ 5.655847625325354, 51.57329484157259 ], [ 5.655887401263395, 51.573361670459477 ], [ 5.655973663921472, 51.573500669977484 ], [ 5.656017738837593, 51.573569924848094 ], [ 5.656094470206154, 51.573678019922603 ], [ 5.65616969201472, 51.573783989913998 ], [ 5.65627926487997, 51.573944454318031 ], [ 5.656439645537573, 51.574180503788135 ], [ 5.656514038952799, 51.574321849322807 ], [ 5.656525274963942, 51.574362937418016 ], [ 5.65655581323861, 51.57447467659145 ], [ 5.656555605499429, 51.574651042991448 ], [ 5.656517496308935, 51.574794841071913 ], [ 5.656432981511229, 51.574934009080238 ], [ 5.656310178689336, 51.575072806805288 ], [ 5.656164670431248, 51.575187468269526 ], [ 5.655989028035895, 51.575290235017015 ], [ 5.655304574833909, 51.575624153311303 ], [ 5.655135312966679, 51.5757062931973 ], [ 5.654823401460311, 51.575858097975384 ], [ 5.654653214008817, 51.57594503021847 ], [ 5.654481717296711, 51.576047353740002 ], [ 5.654346655294526, 51.576146510602193 ], [ 5.65421424064356, 51.576266631726696 ], [ 5.654154949431176, 51.576320420343563 ], [ 5.654095034743497, 51.576381050700483 ], [ 5.654079888920009, 51.576398451329439 ], [ 5.653994297049685, 51.576500982350893 ], [ 5.65379291655761, 51.576779352451418 ], [ 5.653732343047926, 51.576863075907099 ], [ 5.653196102225085, 51.5775995228067 ], [ 5.652942625347666, 51.57794804937928 ], [ 5.652673049796803, 51.578317186932985 ], [ 5.652648396019168, 51.578356828860336 ], [ 5.652603919881038, 51.578423553601311 ], [ 5.652581378934516, 51.578461869386317 ], [ 5.652418764259388, 51.578773038370571 ], [ 5.652283437526537, 51.579031462871455 ], [ 5.652256971335563, 51.579082021016681 ], [ 5.65209742713309, 51.579388589377452 ], [ 5.651806634276474, 51.579944179076101 ], [ 5.651743832196654, 51.580159176392996 ], [ 5.651733987547206, 51.580192888048934 ], [ 5.651695903708278, 51.580386499360813 ], [ 5.651644464953468, 51.580726961076763 ], [ 5.651612723505312, 51.580907371684617 ], [ 5.651582975663217, 51.581100649479495 ], [ 5.65154752601178, 51.581313265705212 ], [ 5.651523290571513, 51.581417705424677 ], [ 5.651419553606321, 51.58202885186482 ], [ 5.651419093103444, 51.582031531515973 ], [ 5.651401560909708, 51.582132639242225 ], [ 5.651383442262293, 51.58223711003599 ], [ 5.651357251390277, 51.58236019653723 ], [ 5.651484713929875, 51.582361418387144 ], [ 5.651487045220031, 51.582367813013676 ], [ 5.65151753249708, 51.582368031685661 ], [ 5.651817456078237, 51.582370139291186 ], [ 5.652144055932565, 51.582404212105708 ], [ 5.653364826054899, 51.582527404154519 ], [ 5.656496047947816, 51.582857257833084 ], [ 5.657171110452628, 51.582940642534233 ], [ 5.657242798293145, 51.582949501454848 ], [ 5.657355707644212, 51.583026281952364 ], [ 5.657371466580297, 51.583034137527356 ], [ 5.657452371367351, 51.583064322990857 ], [ 5.65772106362241, 51.583165677162746 ], [ 5.657875120279811, 51.583150093656236 ], [ 5.658053963960366, 51.583151369082749 ], [ 5.658576826897646, 51.583226729976538 ], [ 5.658965165027382, 51.583237305875883 ], [ 5.659081732539084, 51.583093378494269 ], [ 5.659693075444435, 51.582994427802454 ], [ 5.659777498315635, 51.582980765929314 ], [ 5.660201953845126, 51.582977932314186 ], [ 5.66028285783122, 51.582976538782589 ], [ 5.660370038967808, 51.582968119392021 ], [ 5.660458603275976, 51.582937836364259 ], [ 5.660586140527957, 51.58289130054046 ], [ 5.66088320469613, 51.582935341501695 ], [ 5.661443683902496, 51.582927213983638 ], [ 5.662753715536654, 51.582971834549355 ], [ 5.663065577773641, 51.582969534656279 ], [ 5.663425140901674, 51.582986491665523 ], [ 5.663737861217181, 51.582999495581873 ], [ 5.664423699136154, 51.583028018259299 ], [ 5.665258321446244, 51.583061477249792 ], [ 5.666378876314019, 51.583091919407678 ], [ 5.666926048084578, 51.583108579049679 ], [ 5.667014987650139, 51.583116392942955 ], [ 5.667267093281257, 51.583088984862236 ], [ 5.667353981317117, 51.583091679897173 ], [ 5.668240861672242, 51.583154780608062 ], [ 5.668247501501646, 51.583155250023694 ], [ 5.668445061108106, 51.583161552100833 ], [ 5.669762203392436, 51.583203542249386 ], [ 5.670620619134851, 51.583226829178578 ], [ 5.672187293563094, 51.583274703249899 ], [ 5.672970579953708, 51.583299531402169 ], [ 5.674810936253675, 51.583354790441874 ], [ 5.675703933227501, 51.583378979638013 ], [ 5.676471047832865, 51.583408075894212 ], [ 5.677188503149168, 51.583430638783085 ], [ 5.6786321952482, 51.583474596887392 ], [ 5.678740712025486, 51.583477202550831 ], [ 5.679734672067335, 51.58349310913971 ], [ 5.679850882900433, 51.583498525929613 ], [ 5.679965293844454, 51.583508971758604 ], [ 5.680259143897032, 51.583541034674262 ], [ 5.681263073465756, 51.583650034484776 ], [ 5.681429630437544, 51.583665174536918 ], [ 5.681597934902543, 51.583678332450248 ], [ 5.682140965773227, 51.583706310946845 ], [ 5.682714262635357, 51.583735702497393 ], [ 5.682718721427641, 51.583735772118821 ], [ 5.682848834907405, 51.583737869918792 ], [ 5.682958429258885, 51.58373964198838 ], [ 5.683202546518936, 51.583731590258694 ], [ 5.683574823523585, 51.583702665019196 ], [ 5.683815267665902, 51.583691178679416 ], [ 5.684055245319168, 51.583692205207036 ], [ 5.684330963973781, 51.583700169476288 ], [ 5.685010699903597, 51.583720811774278 ], [ 5.685529466159088, 51.583736232513928 ], [ 5.685419914860534, 51.58351655849556 ] ] ] ] } },
{ "type": "Feature", "properties": { "buurtcode": "BU16520202", "buurtnaam": "Gemert-Oost", "pc6_codes": "5421AA, 5421AB, 5421AC, 5421AD, 5421AE, 5421AG, 5421AH, 5421AJ, 5421AK, 5421AL, 5421AN, 5421AP, 5421AR, 5421AT, 5421AV, 5421AW, 5421AX, 5421AZ, 5421BM, 5421DK, 5421DM, 5421DS, 5421DT, 5421DW, 5421DX, 5421DZ, 5421EH, 5421EJ, 5421EK, 5421EL, 5421EM, 5421EP, 5421ER, 5421ES, 5421ET, 5421EW, 5421EX, 5421GA, 5421GB, 5421GC, 5421GD, 5421GE, 5421GG, 5421GH, 5421GJ, 5421GK, 5421GL, 5421GM, 5421GN, 5421GP, 5421GR, 5421GS, 5421GT, 5421GV, 5421GW, 5421GX, 5421GZ, 5421HN, 5421HP, 5421HR, 5421HS, 5421HT, 5421HV, 5421HW, 5421HX, 5421JA, 5421JB, 5421JC, 5421JD, 5421JE, 5421JG, 5421JH, 5421JJ, 5421JK, 5421JL, 5421JM, 5421JN, 5421JP, 5421JR, 5421JS, 5421JT, 5421JV, 5421JW, 5421JX, 5421JZ, 5421KB, 5421MX, 5421VZ, 5421XB, 5421XM, 5421ZW, 5422AA, 5422AB, 5422AC, 5422AD, 5422AE, 5422AG, 5422AH, 5422AJ, 5422AK, 5422AL, 5422AM, 5422AN, 5422AP, 5422AR, 5422AS, 5422AT, 5422AV, 5422AW, 5422AZ, 5422BA, 5422BB, 5422BC, 5422BD, 5422BE, 5422BG, 5422BH, 5422BJ, 5422BK, 5422BL, 5422BM, 5422BN, 5422BP, 5422BR, 5422BS, 5422BT, 5422BV, 5422BW, 5422BX, 5422BZ, 5422CA, 5422CB, 5422CD, 5422CE, 5422CG, 5422CH, 5422CK, 5422CL, 5422CM, 5422CP, 5422CR, 5422CS, 5422CT, 5422CV", "wijkcode": "WK165202", "gemeentecode": "GM1652", "gemeentenaam": "Gemert-Bakel", "oppervlakteLandInHa": 121, "AantalInwoners_5": 6085, "Mannen_6": 3050, "Vrouwen_7": 3035, "HuishoudensTotaal_29": 2510, "GemiddeldeHuishoudensgrootte_33": 2.4, "Woningvoorraad_35": 2534, "NieuwbouwWoningen_36": 2, "NietWoningvoorraad_37": 64, "NieuwbouwNietWoningen_38": 0, "GemiddeldeWOZWaardeVanWoningen_39": 367, "PercentageEengezinswoning_40": 91, "PercentageTussenwoningEengezins_41": 35, "PercentageHoekwoningEengezins_42": 23, "PercentageTweeOnderEenKapWoningEe_43": 17, "PercentageVrijstaandeWoningEengezins_44": 16, "PercentageMeergezinswoning_45": 9, "Koopwoningen_47": 67, "HuurwoningenTotaal_48": 33, "InBezitWoningcorporatie_49": 31, "InBezitOverigeVerhuurders_50": 2, "BouwjaarMeerDanTienJaarGeleden_51": 97, "BouwjaarAfgelopenTienJaar_52": 3, "GemiddeldeElektriciteitslevering_53": 2880, "GemiddeldeElektriciteitsteruglevering_54": 1410, "GemiddeldAardgasverbruik_55": 870, "AardgasvrijeWoningen_57": 6, "Aardgaswoningen_58": 87, "WoningenMetZonnestroom_59": 61, "WoningenHoofdzElektrVerwarmd_60": 12, "k_20PersonenMetHoogsteInkomen_80": 16.7, "k_20HuishoudensMetHoogsteInkomen_85": 20.6, "MediaanVermogenVanParticuliereHuish_86": 214.5, "PersonenautoSTotaal_104": 3315, "PersonenautoSBrandstofBenzine_105": 2660, "PersonenautoSOverigeBrandstof_106": 655, "PersonenautoSPerHuishouden_107": 1.3, "Omgevingsadressendichtheid_121": 1254, "AantalInstallatiesBijWoningen_5": null, "OpgesteldVermogenVanZonnepanelen_6": null, "installaties_per_woning": null, "vermogen_per_woning": null, "installaties_per_100_woningen": null, "vermogen_per_huishouden": null, "batterijdruk_score": 860.1, "koop_zon_score": 0.4087, "eengezins_zon_score": 0.5551, "betaalkracht_zon_score": 130.845, "overige_brandstof_zon_score": 399.55, "lichte_batterij_kansscore": 0.49024976464500059 }, "geometry": { "type": "MultiPolygon", "coordinates": [ [ [ [ 5.702647008206458, 51.560246340699429 ], [ 5.703981437144793, 51.559930935486037 ], [ 5.70705261230649, 51.558621739439076 ], [ 5.70705846729903, 51.557821732666532 ], [ 5.708498125676554, 51.557904017022281 ], [ 5.708650627666202, 51.554590432359774 ], [ 5.708630794709639, 51.55457359184787 ], [ 5.708662234028591, 51.553874835390737 ], [ 5.708601874688625, 51.553312674275936 ], [ 5.707517834944629, 51.552627804555932 ], [ 5.706404226440881, 51.552314543959611 ], [ 5.705654162372007, 51.552160947306774 ], [ 5.705347215507305, 51.55211515959612 ], [ 5.705196270566186, 51.552035872667332 ], [ 5.704188025872003, 51.55150603503774 ], [ 5.702876609367729, 51.550827291551464 ], [ 5.702972416357759, 51.550767041325145 ], [ 5.700086667244988, 51.54938682949193 ], [ 5.69796305123988, 51.548220045018461 ], [ 5.696687497912214, 51.547714794201255 ], [ 5.694235650260506, 51.547057450291121 ], [ 5.694097226637752, 51.547533344061748 ], [ 5.694059982706898, 51.54766138025952 ], [ 5.693602473526911, 51.547481540798977 ], [ 5.693188832098995, 51.547655044904914 ], [ 5.693789035804993, 51.548489706758637 ], [ 5.694126480519382, 51.549316434408183 ], [ 5.694116150017344, 51.54983372037055 ], [ 5.694173034330202, 51.550066337647472 ], [ 5.694175877231831, 51.550121736282314 ], [ 5.69416831724378, 51.5501305677369 ], [ 5.692734058835556, 51.551680378107271 ], [ 5.691895568507253, 51.552621883400434 ], [ 5.691194053363575, 51.553601789704118 ], [ 5.691027293703133, 51.554100250954441 ], [ 5.690859561386913, 51.554689444171707 ], [ 5.690870182033716, 51.554728821032562 ], [ 5.690777780516824, 51.554793743602069 ], [ 5.690732740034417, 51.5551955115765 ], [ 5.691079806907513, 51.555538487263277 ], [ 5.691273243733139, 51.555729638176111 ], [ 5.691430796099961, 51.556093689149662 ], [ 5.69166173928366, 51.556725314384657 ], [ 5.691650315861596, 51.556802253792526 ], [ 5.691713667601933, 51.556906294132119 ], [ 5.69209440780784, 51.557337880851534 ], [ 5.692272732938509, 51.557487412525177 ], [ 5.692615114410521, 51.557774998798244 ], [ 5.693843281469423, 51.558373177827121 ], [ 5.695291898684085, 51.558913179615722 ], [ 5.696571052722041, 51.559345748567054 ], [ 5.69800121542612, 51.56014278553581 ], [ 5.69921550018635, 51.560570160726307 ], [ 5.700126561000449, 51.560709856795306 ], [ 5.702647008206458, 51.560246340699429 ] ] ] ] } },
{ "type": "Feature", "properties": { "buurtcode": "BU16520203", "buurtnaam": "Industrieterrein Scheiweg", "pc6_codes": "5421XB, 5421XH, 5421XL, 5422VG, 5422VH, 5422VJ, 5422VK, 5422VL, 5422VM, 5422VN, 5422VP, 5422VR, 5422VS, 5422VT, 5422VV, 5422VW, 5422VX, 5422VZ, 5422WX, 5423SB", "wijkcode": "WK165202", "gemeentecode": "GM1652", "gemeentenaam": "Gemert-Bakel", "oppervlakteLandInHa": 89, "AantalInwoners_5": 130, "Mannen_6": 70, "Vrouwen_7": 55, "HuishoudensTotaal_29": 50, "GemiddeldeHuishoudensgrootte_33": 2.6, "Woningvoorraad_35": 47, "NieuwbouwWoningen_36": 0, "NietWoningvoorraad_37": 122, "NieuwbouwNietWoningen_38": 0, "GemiddeldeWOZWaardeVanWoningen_39": 440, "PercentageEengezinswoning_40": 85, "PercentageTussenwoningEengezins_41": 0, "PercentageHoekwoningEengezins_42": 15, "PercentageTweeOnderEenKapWoningEe_43": 9, "PercentageVrijstaandeWoningEengezins_44": 62, "PercentageMeergezinswoning_45": 15, "Koopwoningen_47": 72, "HuurwoningenTotaal_48": 28, "InBezitWoningcorporatie_49": 0, "InBezitOverigeVerhuurders_50": 28, "BouwjaarMeerDanTienJaarGeleden_51": 98, "BouwjaarAfgelopenTienJaar_52": 2, "GemiddeldeElektriciteitslevering_53": 4700, "GemiddeldeElektriciteitsteruglevering_54": 2740, "GemiddeldAardgasverbruik_55": 1400, "AardgasvrijeWoningen_57": null, "Aardgaswoningen_58": null, "WoningenMetZonnestroom_59": null, "WoningenHoofdzElektrVerwarmd_60": null, "k_20PersonenMetHoogsteInkomen_80": 19.0, "k_20HuishoudensMetHoogsteInkomen_85": null, "MediaanVermogenVanParticuliereHuish_86": null, "PersonenautoSTotaal_104": 175, "PersonenautoSBrandstofBenzine_105": 110, "PersonenautoSOverigeBrandstof_106": 65, "PersonenautoSPerHuishouden_107": null, "Omgevingsadressendichtheid_121": 449, "AantalInstallatiesBijWoningen_5": null, "OpgesteldVermogenVanZonnepanelen_6": null, "installaties_per_woning": null, "vermogen_per_woning": null, "installaties_per_100_woningen": null, "vermogen_per_huishouden": null, "batterijdruk_score": null, "koop_zon_score": null, "eengezins_zon_score": null, "betaalkracht_zon_score": null, "overige_brandstof_zon_score": null, "lichte_batterij_kansscore": null }, "geometry": { "type": "MultiPolygon", "coordinates": [ [ [ [ 5.726955066734924, 51.566468550757442 ], [ 5.722631353317827, 51.566099869859485 ], [ 5.715977627489016, 51.565832831879995 ], [ 5.714835396797792, 51.56384701976647 ], [ 5.714306236715919, 51.56387097428086 ], [ 5.713903843771142, 51.563849628658197 ], [ 5.713365010041469, 51.563718832951714 ], [ 5.712878095716164, 51.563412048506244 ], [ 5.712621587616412, 51.56302512743126 ], [ 5.712527718028348, 51.562598427592157 ], [ 5.712814245939621, 51.561139781076839 ], [ 5.711828987349978, 51.561312465520359 ], [ 5.70974845405228, 51.561970748688566 ], [ 5.70902119268498, 51.560906755326748 ], [ 5.705817753553402, 51.561653449763767 ], [ 5.706185527830448, 51.562267325945136 ], [ 5.701225424147167, 51.56301334113607 ], [ 5.701468712985248, 51.563587960756081 ], [ 5.701901325980027, 51.56358145867064 ], [ 5.702596754335509, 51.56507619315348 ], [ 5.704220516158204, 51.56689986539994 ], [ 5.704573293919553, 51.566816325213487 ], [ 5.705011542777393, 51.567385071040967 ], [ 5.705662356624292, 51.568055481000854 ], [ 5.706165133636068, 51.567989502556124 ], [ 5.706889883561696, 51.567858872391888 ], [ 5.707636008936763, 51.567723964318226 ], [ 5.708480539659561, 51.567833160814345 ], [ 5.709501398341463, 51.567986526826338 ], [ 5.711075514947879, 51.568263630860699 ], [ 5.713631506001997, 51.568687972606853 ], [ 5.716278157923448, 51.569083351871171 ], [ 5.718382637913281, 51.569481894796951 ], [ 5.720798221817129, 51.569826423200531 ], [ 5.72299452571629, 51.570167036958395 ], [ 5.72378428564846, 51.570264482812597 ], [ 5.724915886120983, 51.570565988597686 ], [ 5.72559677831308, 51.570751094928944 ], [ 5.726955066734924, 51.566468550757442 ] ] ] ] } },
{ "type": "Feature", "properties": { "buurtcode": "BU16520209", "buurtnaam": "Verspreide huizen Rooije Hoef", "pc6_codes": "5421AZ, 5421WV, 5421WW, 5421WZ, 5421XB, 5421XE, 5421XG, 5421XH, 5421XJ, 5421XL, 5421XP, 5421XR, 5421XS, 5421ZE, 5421ZH, 5421ZT, 5421ZV, 5421ZW, 5421ZX, 5422VB, 5422VC, 5422VD, 5422VE, 5422VX, 5422VZ, 5422WT, 5422WV, 5422WX, 5422WZ", "wijkcode": "WK165202", "gemeentecode": "GM1652", "gemeentenaam": "Gemert-Bakel", "oppervlakteLandInHa": 416, "AantalInwoners_5": 235, "Mannen_6": 125, "Vrouwen_7": 115, "HuishoudensTotaal_29": 80, "GemiddeldeHuishoudensgrootte_33": 3.0, "Woningvoorraad_35": 80, "NieuwbouwWoningen_36": 1, "NietWoningvoorraad_37": 74, "NieuwbouwNietWoningen_38": 1, "GemiddeldeWOZWaardeVanWoningen_39": 618, "PercentageEengezinswoning_40": 90, "PercentageTussenwoningEengezins_41": 0, "PercentageHoekwoningEengezins_42": 0, "PercentageTweeOnderEenKapWoningEe_43": 14, "PercentageVrijstaandeWoningEengezins_44": 76, "PercentageMeergezinswoning_45": 10, "Koopwoningen_47": 80, "HuurwoningenTotaal_48": 20, "InBezitWoningcorporatie_49": 0, "InBezitOverigeVerhuurders_50": 20, "BouwjaarMeerDanTienJaarGeleden_51": 85, "BouwjaarAfgelopenTienJaar_52": 15, "GemiddeldeElektriciteitslevering_53": 4420, "GemiddeldeElektriciteitsteruglevering_54": 3190, "GemiddeldAardgasverbruik_55": 1430, "AardgasvrijeWoningen_57": null, "Aardgaswoningen_58": null, "WoningenMetZonnestroom_59": null, "WoningenHoofdzElektrVerwarmd_60": null, "k_20PersonenMetHoogsteInkomen_80": 19.6, "k_20HuishoudensMetHoogsteInkomen_85": null, "MediaanVermogenVanParticuliereHuish_86": null, "PersonenautoSTotaal_104": 135, "PersonenautoSBrandstofBenzine_105": 90, "PersonenautoSOverigeBrandstof_106": 40, "PersonenautoSPerHuishouden_107": 1.7, "Omgevingsadressendichtheid_121": 273, "AantalInstallatiesBijWoningen_5": 50, "OpgesteldVermogenVanZonnepanelen_6": 491, "installaties_per_woning": 0.625, "vermogen_per_woning": 6.1375, "installaties_per_100_woningen": 62.5, "vermogen_per_huishouden": 6.1375, "batterijdruk_score": null, "koop_zon_score": null, "eengezins_zon_score": null, "betaalkracht_zon_score": null, "overige_brandstof_zon_score": null, "lichte_batterij_kansscore": null }, "geometry": { "type": "MultiPolygon", "coordinates": [ [ [ [ 5.742877023017376, 51.575015169824844 ], [ 5.744711511096014, 51.572007357606452 ], [ 5.745360791199381, 51.570773078808685 ], [ 5.745200042153535, 51.569937625495285 ], [ 5.747783440918518, 51.568143464713323 ], [ 5.748083120765664, 51.567909676275612 ], [ 5.749243261103943, 51.567086432672646 ], [ 5.750139987964, 51.56629995069035 ], [ 5.749544468896917, 51.56634028236023 ], [ 5.747999564401248, 51.56647090493135 ], [ 5.74869261745549, 51.565321021659557 ], [ 5.749903010413811, 51.56354902932727 ], [ 5.751561105135744, 51.560801481706839 ], [ 5.751810346970239, 51.560412505617421 ], [ 5.751282863494626, 51.560272859546245 ], [ 5.749620945507864, 51.559832245547078 ], [ 5.747713500809978, 51.559340118368056 ], [ 5.745938049752596, 51.558951205967389 ], [ 5.744233100601712, 51.558411872910682 ], [ 5.740982010819303, 51.557552205263725 ], [ 5.740656125920487, 51.557792724646134 ], [ 5.739295311871215, 51.557205046055785 ], [ 5.739346699963663, 51.556743904330439 ], [ 5.738241444675966, 51.556281356164277 ], [ 5.735439782357696, 51.556841704078316 ], [ 5.728886074498686, 51.558198684379228 ], [ 5.718140560022459, 51.55507825106195 ], [ 5.708076082711806, 51.552258611618043 ], [ 5.706161160125237, 51.551618358202361 ], [ 5.705810803167388, 51.551323531666448 ], [ 5.705196270566186, 51.552035872667332 ], [ 5.705347215507305, 51.55211515959612 ], [ 5.705654162372007, 51.552160947306774 ], [ 5.706404226440881, 51.552314543959611 ], [ 5.707517834944629, 51.552627804555932 ], [ 5.708601874688625, 51.553312674275936 ], [ 5.708662234028591, 51.553874835390737 ], [ 5.708630794709639, 51.55457359184787 ], [ 5.708650627666202, 51.554590432359774 ], [ 5.708498125676554, 51.557904017022281 ], [ 5.70705846729903, 51.557821732666532 ], [ 5.70705261230649, 51.558621739439076 ], [ 5.703981437144793, 51.559930935486037 ], [ 5.702647008206458, 51.560246340699429 ], [ 5.700126561000449, 51.560709856795306 ], [ 5.700776895827467, 51.561954726985789 ], [ 5.701225424147167, 51.56301334113607 ], [ 5.706185527830448, 51.562267325945136 ], [ 5.705817753553402, 51.561653449763767 ], [ 5.70902119268498, 51.560906755326748 ], [ 5.70974845405228, 51.561970748688566 ], [ 5.711828987349978, 51.561312465520359 ], [ 5.712814245939621, 51.561139781076839 ], [ 5.712527718028348, 51.562598427592157 ], [ 5.712621587616412, 51.56302512743126 ], [ 5.712878095716164, 51.563412048506244 ], [ 5.713365010041469, 51.563718832951714 ], [ 5.713903843771142, 51.563849628658197 ], [ 5.714306236715919, 51.56387097428086 ], [ 5.714835396797792, 51.56384701976647 ], [ 5.715977627489016, 51.565832831879995 ], [ 5.722631353317827, 51.566099869859485 ], [ 5.726955066734924, 51.566468550757442 ], [ 5.72559677831308, 51.570751094928944 ], [ 5.726903252082703, 51.571106849976736 ], [ 5.729331840946081, 51.571810710828203 ], [ 5.731899928130571, 51.572621130647107 ], [ 5.735275262806978, 51.573552966685973 ], [ 5.738072151923595, 51.574485883025737 ], [ 5.739883804848547, 51.575025928144072 ], [ 5.740762242712035, 51.575004452939496 ], [ 5.741871919041891, 51.57503788770736 ], [ 5.742877023017376, 51.575015169824844 ] ] ] ] } },
{ "type": "Feature", "properties": { "buurtcode": "BU16520300", "buurtnaam": "Handel", "pc6_codes": "5423RZ, 5423SG, 5423SH, 5423SJ, 5423SK, 5423SL, 5423SM, 5423SN, 5423SP, 5423SR, 5423ST, 5423SV, 5423SW, 5423SX, 5423SZ, 5423TA, 5423TB, 5423TC, 5423TD, 5423TE, 5423TG, 5423TH, 5423TJ, 5423TK, 5423TL, 5423TM, 5423TN, 5423TP, 5423TR, 5423TS, 5423TT, 5423TV, 5423TW, 5423TX, 5423TZ, 5423VG, 5423VL, 5423VN, 5423VV, 5423XG", "wijkcode": "WK165203", "gemeentecode": "GM1652", "gemeentenaam": "Gemert-Bakel", "oppervlakteLandInHa": 63, "AantalInwoners_5": 1395, "Mannen_6": 710, "Vrouwen_7": 680, "HuishoudensTotaal_29": 615, "GemiddeldeHuishoudensgrootte_33": 2.3, "Woningvoorraad_35": 609, "NieuwbouwWoningen_36": 14, "NietWoningvoorraad_37": 29, "NieuwbouwNietWoningen_38": 0, "GemiddeldeWOZWaardeVanWoningen_39": 386, "PercentageEengezinswoning_40": 88, "PercentageTussenwoningEengezins_41": 17, "PercentageHoekwoningEengezins_42": 18, "PercentageTweeOnderEenKapWoningEe_43": 22, "PercentageVrijstaandeWoningEengezins_44": 30, "PercentageMeergezinswoning_45": 12, "Koopwoningen_47": 64, "HuurwoningenTotaal_48": 36, "InBezitWoningcorporatie_49": 21, "InBezitOverigeVerhuurders_50": 15, "BouwjaarMeerDanTienJaarGeleden_51": 92, "BouwjaarAfgelopenTienJaar_52": 8, "GemiddeldeElektriciteitslevering_53": 3140, "GemiddeldeElektriciteitsteruglevering_54": 1350, "GemiddeldAardgasverbruik_55": 990, "AardgasvrijeWoningen_57": 9, "Aardgaswoningen_58": 85, "WoningenMetZonnestroom_59": 53, "WoningenHoofdzElektrVerwarmd_60": 12, "k_20PersonenMetHoogsteInkomen_80": 15.0, "k_20HuishoudensMetHoogsteInkomen_85": 19.5, "MediaanVermogenVanParticuliereHuish_86": 274.3, "PersonenautoSTotaal_104": 780, "PersonenautoSBrandstofBenzine_105": 625, "PersonenautoSOverigeBrandstof_106": 155, "PersonenautoSPerHuishouden_107": 1.3, "Omgevingsadressendichtheid_121": 245, "AantalInstallatiesBijWoningen_5": 80, "OpgesteldVermogenVanZonnepanelen_6": 366, "installaties_per_woning": 0.13136288998357964, "vermogen_per_woning": 0.60098522167487689, "installaties_per_100_woningen": 13.136288998357964, "vermogen_per_huishouden": 0.59512195121951217, "batterijdruk_score": 715.5, "koop_zon_score": 0.3392, "eengezins_zon_score": 0.4664, "betaalkracht_zon_score": 145.379, "overige_brandstof_zon_score": 82.15, "lichte_batterij_kansscore": 0.45169593088869658 }, "geometry": { "type": "MultiPolygon", "coordinates": [ [ [ [ 5.710632682400085, 51.584261842319961 ], [ 5.711293840220896, 51.584315065968681 ], [ 5.711950554065354, 51.583117753273228 ], [ 5.713974810248813, 51.583310703514577 ], [ 5.715163900245826, 51.582360755661739 ], [ 5.718070532450271, 51.580303150267419 ], [ 5.718539441998575, 51.579905477934027 ], [ 5.719524277439812, 51.577653833437552 ], [ 5.719459130544871, 51.577038296129672 ], [ 5.718811842772509, 51.576710925599976 ], [ 5.717277173156811, 51.576542801237757 ], [ 5.716968618106537, 51.576174295565174 ], [ 5.716316223819022, 51.576132877108968 ], [ 5.715887343129118, 51.576266385599361 ], [ 5.715327315748743, 51.576218522059264 ], [ 5.714836684476519, 51.576010350943399 ], [ 5.714229140500678, 51.575373858808781 ], [ 5.713230926605013, 51.573974418989941 ], [ 5.711943170812967, 51.573836995808108 ], [ 5.71365983762997, 51.575851848375265 ], [ 5.712497870021062, 51.575944134287496 ], [ 5.710802503038483, 51.575897437702537 ], [ 5.709227148946896, 51.575895609518803 ], [ 5.709078345795643, 51.577701052239007 ], [ 5.708569643028826, 51.579394846354234 ], [ 5.70695988975362, 51.581277889112634 ], [ 5.705468282514757, 51.583149913420449 ], [ 5.707241982851873, 51.584036630843691 ], [ 5.708371565214329, 51.58589593495271 ], [ 5.708413182127638, 51.58587731205931 ], [ 5.708507247058591, 51.585834887755112 ], [ 5.708612199851482, 51.585783498720993 ], [ 5.708753344886714, 51.585716495617525 ], [ 5.70887301437952, 51.585646764980304 ], [ 5.708936220259855, 51.585613216158528 ], [ 5.709050945120627, 51.585552325795909 ], [ 5.709057064322313, 51.585550484248458 ], [ 5.70911159042392, 51.585534136528885 ], [ 5.709194503381802, 51.585538860841737 ], [ 5.70924032573251, 51.585556621969133 ], [ 5.709351329710427, 51.585599650250217 ], [ 5.70967848514904, 51.585779518466225 ], [ 5.70978821328567, 51.585835754167292 ], [ 5.709610888886781, 51.586025571262972 ], [ 5.709393237320129, 51.586258545872894 ], [ 5.70943524338547, 51.58626505467992 ], [ 5.709972702067731, 51.586348268707276 ], [ 5.710632682400085, 51.584261842319961 ] ] ] ] } },
{ "type": "Feature", "properties": { "buurtcode": "BU16520308", "buurtnaam": "Verspreide huizen Verreheide", "pc6_codes": "5421PW, 5421ZL, 5423EA, 5423SB, 5423SC, 5423SE, 5423SX, 5423VG, 5423XA, 5423XB, 5423XC, 5423XD, 5423XE, 5423XG, 5423XH, 5423XJ, 5423XK", "wijkcode": "WK165203", "gemeentecode": "GM1652", "gemeentenaam": "Gemert-Bakel", "oppervlakteLandInHa": 264, "AantalInwoners_5": 205, "Mannen_6": 105, "Vrouwen_7": 105, "HuishoudensTotaal_29": 80, "GemiddeldeHuishoudensgrootte_33": 2.7, "Woningvoorraad_35": 76, "NieuwbouwWoningen_36": 1, "NietWoningvoorraad_37": 12, "NieuwbouwNietWoningen_38": 0, "GemiddeldeWOZWaardeVanWoningen_39": 534, "PercentageEengezinswoning_40": 92, "PercentageTussenwoningEengezins_41": 1, "PercentageHoekwoningEengezins_42": 3, "PercentageTweeOnderEenKapWoningEe_43": 11, "PercentageVrijstaandeWoningEengezins_44": 78, "PercentageMeergezinswoning_45": 8, "Koopwoningen_47": 83, "HuurwoningenTotaal_48": 17, "InBezitWoningcorporatie_49": 0, "InBezitOverigeVerhuurders_50": 17, "BouwjaarMeerDanTienJaarGeleden_51": 96, "BouwjaarAfgelopenTienJaar_52": 4, "GemiddeldeElektriciteitslevering_53": 4080, "GemiddeldeElektriciteitsteruglevering_54": 2320, "GemiddeldAardgasverbruik_55": 1350, "AardgasvrijeWoningen_57": null, "Aardgaswoningen_58": null, "WoningenMetZonnestroom_59": null, "WoningenHoofdzElektrVerwarmd_60": null, "k_20PersonenMetHoogsteInkomen_80": 23.3, "k_20HuishoudensMetHoogsteInkomen_85": null, "MediaanVermogenVanParticuliereHuish_86": null, "PersonenautoSTotaal_104": 90, "PersonenautoSBrandstofBenzine_105": 65, "PersonenautoSOverigeBrandstof_106": 25, "PersonenautoSPerHuishouden_107": 1.2, "Omgevingsadressendichtheid_121": 205, "AantalInstallatiesBijWoningen_5": null, "OpgesteldVermogenVanZonnepanelen_6": null, "installaties_per_woning": null, "vermogen_per_woning": null, "installaties_per_100_woningen": null, "vermogen_per_huishouden": null, "batterijdruk_score": null, "koop_zon_score": null, "eengezins_zon_score": null, "betaalkracht_zon_score": null, "overige_brandstof_zon_score": null, "lichte_batterij_kansscore": null }, "geometry": { "type": "MultiPolygon", "coordinates": [ [ [ [ 5.70619295522056, 51.587055179615994 ], [ 5.70621671955911, 51.587038656548344 ], [ 5.70652279763502, 51.586825940410392 ], [ 5.706756819923641, 51.586663298477319 ], [ 5.7069898210905, 51.586501368967184 ], [ 5.707179629506304, 51.58636944448785 ], [ 5.707432357161403, 51.586244996628992 ], [ 5.707580130965186, 51.586172242033534 ], [ 5.70763602240882, 51.586144736360566 ], [ 5.707708468507162, 51.586126048056762 ], [ 5.707718317397261, 51.586123135690912 ], [ 5.707747989718912, 51.586115845414753 ], [ 5.707903377480837, 51.586069100623519 ], [ 5.708069558066317, 51.586022388911573 ], [ 5.708174377830441, 51.585986730758087 ], [ 5.708268470652596, 51.585942068399305 ], [ 5.708371565214329, 51.58589593495271 ], [ 5.707241982851873, 51.584036630843691 ], [ 5.705468282514757, 51.583149913420449 ], [ 5.70695988975362, 51.581277889112634 ], [ 5.708569643028826, 51.579394846354234 ], [ 5.709078345795643, 51.577701052239007 ], [ 5.709227148946896, 51.575895609518803 ], [ 5.710802503038483, 51.575897437702537 ], [ 5.712497870021062, 51.575944134287496 ], [ 5.71365983762997, 51.575851848375265 ], [ 5.711943170812967, 51.573836995808108 ], [ 5.70746593649265, 51.568564870618694 ], [ 5.706889883561696, 51.567858872391888 ], [ 5.706165133636068, 51.567989502556124 ], [ 5.705662356624292, 51.568055481000854 ], [ 5.705011542777393, 51.567385071040967 ], [ 5.704573293919553, 51.566816325213487 ], [ 5.704220516158204, 51.56689986539994 ], [ 5.703306161893594, 51.567115543079119 ], [ 5.700469598327595, 51.567806321268051 ], [ 5.698025511576238, 51.568328854626699 ], [ 5.697730707312847, 51.568456322823359 ], [ 5.697979523292732, 51.569379525313025 ], [ 5.698334637113792, 51.570913953576671 ], [ 5.69855896806261, 51.572272327028145 ], [ 5.698644080564105, 51.572916755107705 ], [ 5.696930367246359, 51.572904175679447 ], [ 5.693533285852382, 51.572899649037375 ], [ 5.690575109474127, 51.572939671171653 ], [ 5.688606230812145, 51.572956564649104 ], [ 5.688899114533181, 51.574056917373014 ], [ 5.689127286800165, 51.575625688093176 ], [ 5.689398203618571, 51.576435650706422 ], [ 5.68849453108062, 51.576127034185191 ], [ 5.686645257480566, 51.575708479108357 ], [ 5.684513382460932, 51.575326569754438 ], [ 5.682270683862102, 51.574950238067679 ], [ 5.682151972165728, 51.575550809884938 ], [ 5.682009121455164, 51.576876994494825 ], [ 5.68175372407555, 51.577534932713746 ], [ 5.681288604570071, 51.578319801076717 ], [ 5.680575467593905, 51.579586182479296 ], [ 5.680129280144198, 51.580411728684673 ], [ 5.681934892399209, 51.580543702976037 ], [ 5.68324665885167, 51.580821843407087 ], [ 5.684835065953691, 51.581241116252912 ], [ 5.686091757941378, 51.581468804011045 ], [ 5.686964370411991, 51.581668812953914 ], [ 5.687839960074196, 51.581840999592167 ], [ 5.688236420295442, 51.582033234538741 ], [ 5.686785137288103, 51.582246511086055 ], [ 5.686015910271187, 51.582445388464265 ], [ 5.685578691871884, 51.582670098006666 ], [ 5.685323549793616, 51.582917936672352 ], [ 5.6852984881408, 51.583255074376453 ], [ 5.685419914860534, 51.58351655849556 ], [ 5.685529466159088, 51.583736232513928 ], [ 5.685678239306529, 51.583740654321659 ], [ 5.685688285364167, 51.583741257864673 ], [ 5.685877140109904, 51.583752658273106 ], [ 5.685911098120003, 51.583753910777034 ], [ 5.686640766013641, 51.583786766330832 ], [ 5.687102538532974, 51.583806709885259 ], [ 5.687360222355663, 51.583817836848112 ], [ 5.688080681293452, 51.583849817198896 ], [ 5.688798917280592, 51.583881493235722 ], [ 5.689518673884636, 51.583913862041349 ], [ 5.690195586982155, 51.583943056665184 ], [ 5.691192147029181, 51.583987344115663 ], [ 5.691593172375891, 51.58400289319065 ], [ 5.691998518196351, 51.584012910599128 ], [ 5.69369130542872, 51.5840374443098 ], [ 5.694411817504118, 51.584048379078162 ], [ 5.695121777033141, 51.584058465316538 ], [ 5.695399366367389, 51.584062937936203 ], [ 5.695685467559264, 51.584067270574401 ], [ 5.698853734675324, 51.584110458500213 ], [ 5.699385896218445, 51.584116534536754 ], [ 5.699451917830878, 51.584139180289782 ], [ 5.699455432226672, 51.584140384364979 ], [ 5.701542674714237, 51.584856270372832 ], [ 5.701590996385338, 51.584872940143846 ], [ 5.702216636123849, 51.585088816263017 ], [ 5.702251087930708, 51.585100705240215 ], [ 5.702397920381514, 51.585151355762065 ], [ 5.70282408663094, 51.585298401180346 ], [ 5.703104548319763, 51.585494449579741 ], [ 5.703438312923327, 51.58572775479815 ], [ 5.703588978696159, 51.5858330803296 ], [ 5.703592255632874, 51.585835372548885 ], [ 5.704156808657819, 51.58623048432446 ], [ 5.704381647342413, 51.586346681638112 ], [ 5.704393662869266, 51.586325489770722 ], [ 5.705464500971433, 51.586820369091605 ], [ 5.705468785896255, 51.586822343910917 ], [ 5.705674235918033, 51.586899221312159 ], [ 5.705722831672642, 51.586917407712505 ], [ 5.705736315199483, 51.586922449541106 ], [ 5.705988828571757, 51.587016941670164 ], [ 5.70605864414897, 51.587030171235703 ], [ 5.706060175715424, 51.587030463681884 ], [ 5.706063007604146, 51.587030995273267 ], [ 5.706126234655995, 51.5870429753774 ], [ 5.70619245260563, 51.587055522556184 ], [ 5.70619295522056, 51.587055179615994 ] ] ] ] } },
{ "type": "Feature", "properties": { "buurtcode": "BU16520309", "buurtnaam": "Verspreide huizen Heereveld", "pc6_codes": "5423RZ, 5423SV, 5423SW, 5423VA, 5423VB, 5423VG, 5423VM, 5423VN, 5423VP, 5423VR, 5423VS, 5423VT, 5423VV, 5423VW", "wijkcode": "WK165203", "gemeentecode": "GM1652", "gemeentenaam": "Gemert-Bakel", "oppervlakteLandInHa": 328, "AantalInwoners_5": 270, "Mannen_6": 145, "Vrouwen_7": 125, "HuishoudensTotaal_29": 100, "GemiddeldeHuishoudensgrootte_33": 2.7, "Woningvoorraad_35": 91, "NieuwbouwWoningen_36": 0, "NietWoningvoorraad_37": 57, "NieuwbouwNietWoningen_38": 1, "GemiddeldeWOZWaardeVanWoningen_39": 533, "PercentageEengezinswoning_40": 93, "PercentageTussenwoningEengezins_41": 0, "PercentageHoekwoningEengezins_42": 0, "PercentageTweeOnderEenKapWoningEe_43": 10, "PercentageVrijstaandeWoningEengezins_44": 84, "PercentageMeergezinswoning_45": 7, "Koopwoningen_47": 88, "HuurwoningenTotaal_48": 12, "InBezitWoningcorporatie_49": 0, "InBezitOverigeVerhuurders_50": 12, "BouwjaarMeerDanTienJaarGeleden_51": 93, "BouwjaarAfgelopenTienJaar_52": 7, "GemiddeldeElektriciteitslevering_53": 4190, "GemiddeldeElektriciteitsteruglevering_54": 2300, "GemiddeldAardgasverbruik_55": 1360, "AardgasvrijeWoningen_57": 7, "Aardgaswoningen_58": 73, "WoningenMetZonnestroom_59": 42, "WoningenHoofdzElektrVerwarmd_60": 14, "k_20PersonenMetHoogsteInkomen_80": 19.4, "k_20HuishoudensMetHoogsteInkomen_85": null, "MediaanVermogenVanParticuliereHuish_86": null, "PersonenautoSTotaal_104": 160, "PersonenautoSBrandstofBenzine_105": 125, "PersonenautoSOverigeBrandstof_106": 35, "PersonenautoSPerHuishouden_107": 1.6, "Omgevingsadressendichtheid_121": 98, "AantalInstallatiesBijWoningen_5": 40, "OpgesteldVermogenVanZonnepanelen_6": 276, "installaties_per_woning": 0.43956043956043955, "vermogen_per_woning": 3.0329670329670328, "installaties_per_100_woningen": 43.956043956043956, "vermogen_per_huishouden": 2.76, "batterijdruk_score": 966.0, "koop_zon_score": 0.3696, "eengezins_zon_score": 0.3906, "betaalkracht_zon_score": null, "overige_brandstof_zon_score": 14.7, "lichte_batterij_kansscore": 0.51299562261979559 }, "geometry": { "type": "MultiPolygon", "coordinates": [ [ [ [ 5.733989489283136, 51.588395371913371 ], [ 5.73677567470401, 51.584460716153522 ], [ 5.742247394276536, 51.576012017141792 ], [ 5.742877023017376, 51.575015169824844 ], [ 5.741871919041891, 51.57503788770736 ], [ 5.740762242712035, 51.575004452939496 ], [ 5.739883804848547, 51.575025928144072 ], [ 5.738072151923595, 51.574485883025737 ], [ 5.735275262806978, 51.573552966685973 ], [ 5.731899928130571, 51.572621130647107 ], [ 5.729331840946081, 51.571810710828203 ], [ 5.726903252082703, 51.571106849976736 ], [ 5.72559677831308, 51.570751094928944 ], [ 5.724915886120983, 51.570565988597686 ], [ 5.72378428564846, 51.570264482812597 ], [ 5.72299452571629, 51.570167036958395 ], [ 5.720798221817129, 51.569826423200531 ], [ 5.718382637913281, 51.569481894796951 ], [ 5.716278157923448, 51.569083351871171 ], [ 5.713631506001997, 51.568687972606853 ], [ 5.711075514947879, 51.568263630860699 ], [ 5.709501398341463, 51.567986526826338 ], [ 5.708480539659561, 51.567833160814345 ], [ 5.707636008936763, 51.567723964318226 ], [ 5.706889883561696, 51.567858872391888 ], [ 5.70746593649265, 51.568564870618694 ], [ 5.711943170812967, 51.573836995808108 ], [ 5.713230926605013, 51.573974418989941 ], [ 5.714229140500678, 51.575373858808781 ], [ 5.714836684476519, 51.576010350943399 ], [ 5.715327315748743, 51.576218522059264 ], [ 5.715887343129118, 51.576266385599361 ], [ 5.716316223819022, 51.576132877108968 ], [ 5.716968618106537, 51.576174295565174 ], [ 5.717277173156811, 51.576542801237757 ], [ 5.718811842772509, 51.576710925599976 ], [ 5.719459130544871, 51.577038296129672 ], [ 5.719524277439812, 51.577653833437552 ], [ 5.718539441998575, 51.579905477934027 ], [ 5.718070532450271, 51.580303150267419 ], [ 5.715163900245826, 51.582360755661739 ], [ 5.713974810248813, 51.583310703514577 ], [ 5.711950554065354, 51.583117753273228 ], [ 5.711293840220896, 51.584315065968681 ], [ 5.710632682400085, 51.584261842319961 ], [ 5.709972702067731, 51.586348268707276 ], [ 5.710252153277612, 51.586391534571561 ], [ 5.710690379548132, 51.586458123632873 ], [ 5.710686786000804, 51.58649443869907 ], [ 5.71077744458, 51.586512650378275 ], [ 5.71096962834406, 51.586551263614545 ], [ 5.71095814101074, 51.586593470141125 ], [ 5.711720065031684, 51.58674126036253 ], [ 5.711741943080342, 51.586683249840043 ], [ 5.712255616460331, 51.58679696666335 ], [ 5.712267189816641, 51.586770948310665 ], [ 5.712654014931314, 51.586842077423711 ], [ 5.714894378586798, 51.587233537143391 ], [ 5.716054111267851, 51.58743616426333 ], [ 5.716304650471656, 51.587479934782763 ], [ 5.716857195215671, 51.587572713242984 ], [ 5.718193302008062, 51.587806722209486 ], [ 5.719378204122521, 51.588017694441007 ], [ 5.721383296219912, 51.588382399995545 ], [ 5.722809505707483, 51.588639603907218 ], [ 5.724486782933609, 51.588939391391257 ], [ 5.725202776018629, 51.589075891755755 ], [ 5.729318186767475, 51.589783871478105 ], [ 5.729341073928446, 51.589787804424958 ], [ 5.729478996775753, 51.589811526995163 ], [ 5.729494970148044, 51.589814274782796 ], [ 5.730411602362333, 51.589971782171318 ], [ 5.73262065541847, 51.590375334304561 ], [ 5.733989489283136, 51.588395371913371 ] ] ] ] } },
{ "type": "Feature", "properties": { "buurtcode": "BU16520400", "buurtnaam": "De Mortel", "pc6_codes": "5425PE, 5425PK, 5425PL, 5425PM, 5425RG, 5425RH, 5425RJ, 5425VD, 5425VE, 5425VH, 5425VJ, 5425VK, 5425VL, 5425VM, 5425VN, 5425VP, 5425VR, 5425VS, 5425VT, 5425VV, 5425VW, 5425VX, 5425VZ, 5425WB", "wijkcode": "WK165204", "gemeentecode": "GM1652", "gemeentenaam": "Gemert-Bakel", "oppervlakteLandInHa": 33, "AantalInwoners_5": 880, "Mannen_6": 460, "Vrouwen_7": 420, "HuishoudensTotaal_29": 375, "GemiddeldeHuishoudensgrootte_33": 2.3, "Woningvoorraad_35": 385, "NieuwbouwWoningen_36": 2, "NietWoningvoorraad_37": 26, "NieuwbouwNietWoningen_38": 0, "GemiddeldeWOZWaardeVanWoningen_39": 410, "PercentageEengezinswoning_40": 94, "PercentageTussenwoningEengezins_41": 12, "PercentageHoekwoningEengezins_42": 11, "PercentageTweeOnderEenKapWoningEe_43": 28, "PercentageVrijstaandeWoningEengezins_44": 42, "PercentageMeergezinswoning_45": 6, "Koopwoningen_47": 79, "HuurwoningenTotaal_48": 21, "InBezitWoningcorporatie_49": 16, "InBezitOverigeVerhuurders_50": 5, "BouwjaarMeerDanTienJaarGeleden_51": 96, "BouwjaarAfgelopenTienJaar_52": 4, "GemiddeldeElektriciteitslevering_53": 3190, "GemiddeldeElektriciteitsteruglevering_54": 1450, "GemiddeldAardgasverbruik_55": 1050, "AardgasvrijeWoningen_57": 3, "Aardgaswoningen_58": 92, "WoningenMetZonnestroom_59": 53, "WoningenHoofdzElektrVerwarmd_60": 8, "k_20PersonenMetHoogsteInkomen_80": 16.1, "k_20HuishoudensMetHoogsteInkomen_85": 22.7, "MediaanVermogenVanParticuliereHuish_86": 335.6, "PersonenautoSTotaal_104": 550, "PersonenautoSBrandstofBenzine_105": 435, "PersonenautoSOverigeBrandstof_106": 115, "PersonenautoSPerHuishouden_107": 1.5, "Omgevingsadressendichtheid_121": 175, "AantalInstallatiesBijWoningen_5": 634, "OpgesteldVermogenVanZonnepanelen_6": 2894, "installaties_per_woning": 1.6467532467532469, "vermogen_per_woning": 7.5168831168831165, "installaties_per_100_woningen": 164.67532467532467, "vermogen_per_huishouden": 7.7173333333333334, "batterijdruk_score": 768.5, "koop_zon_score": 0.4187, "eengezins_zon_score": 0.4982, "betaalkracht_zon_score": 177.868, "overige_brandstof_zon_score": 60.95, "lichte_batterij_kansscore": 0.49587615521272327 }, "geometry": { "type": "MultiPolygon", "coordinates": [ [ [ [ 5.707245795996591, 51.542880372696814 ], [ 5.708051462308687, 51.542240808543241 ], [ 5.70925355240357, 51.541828515106005 ], [ 5.711141254471693, 51.541325264933675 ], [ 5.712294075988227, 51.541872337237493 ], [ 5.71348895586623, 51.54105890059401 ], [ 5.71484996761543, 51.540302007958601 ], [ 5.715830999000746, 51.539205160449249 ], [ 5.714661354378289, 51.538726709713806 ], [ 5.714666141911877, 51.538721001962003 ], [ 5.714042360031074, 51.538605030201708 ], [ 5.714810475047097, 51.537614471200413 ], [ 5.714541889282262, 51.53755683125862 ], [ 5.7112779488925, 51.536651617702034 ], [ 5.711138576703473, 51.537098066595192 ], [ 5.709825544661551, 51.536900299590698 ], [ 5.708379665334208, 51.536863837239771 ], [ 5.707429344954725, 51.537000433292143 ], [ 5.706754774453437, 51.537215201372163 ], [ 5.706541111367771, 51.537576175095793 ], [ 5.706798365165174, 51.538289227766079 ], [ 5.705759162603114, 51.538506110998306 ], [ 5.70596680566601, 51.53892239409894 ], [ 5.704789589771543, 51.539180936583705 ], [ 5.704852112316596, 51.539683289050018 ], [ 5.705410766091802, 51.540822486311015 ], [ 5.705583733343747, 51.541076586632869 ], [ 5.705579311126223, 51.541952850323369 ], [ 5.705528864742544, 51.542146814150215 ], [ 5.706336463105307, 51.542182368680265 ], [ 5.707034803071076, 51.543208193182181 ], [ 5.707245795996591, 51.542880372696814 ] ] ] ] } },
{ "type": "Feature", "properties": { "buurtcode": "BU16520408", "buurtnaam": "Verspreide huizen Milschot-Tereyken", "pc6_codes": "5425PB, 5425PC, 5425PE, 5425PG, 5425PH, 5425PJ, 5425PM, 5425VA, 5425VB, 5425VC, 5425VD, 5425VG, 5425WC", "wijkcode": "WK165204", "gemeentecode": "GM1652", "gemeentenaam": "Gemert-Bakel", "oppervlakteLandInHa": 283, "AantalInwoners_5": 315, "Mannen_6": 160, "Vrouwen_7": 150, "HuishoudensTotaal_29": 105, "GemiddeldeHuishoudensgrootte_33": 3.0, "Woningvoorraad_35": 101, "NieuwbouwWoningen_36": 0, "NietWoningvoorraad_37": 8, "NieuwbouwNietWoningen_38": 0, "GemiddeldeWOZWaardeVanWoningen_39": 621, "PercentageEengezinswoning_40": 96, "PercentageTussenwoningEengezins_41": 2, "PercentageHoekwoningEengezins_42": 5, "PercentageTweeOnderEenKapWoningEe_43": 29, "PercentageVrijstaandeWoningEengezins_44": 60, "PercentageMeergezinswoning_45": 4, "Koopwoningen_47": 91, "HuurwoningenTotaal_48": 9, "InBezitWoningcorporatie_49": 0, "InBezitOverigeVerhuurders_50": 9, "BouwjaarMeerDanTienJaarGeleden_51": 52, "BouwjaarAfgelopenTienJaar_52": 48, "GemiddeldeElektriciteitslevering_53": 4920, "GemiddeldeElektriciteitsteruglevering_54": 3200, "GemiddeldAardgasverbruik_55": 940, "AardgasvrijeWoningen_57": 36, "Aardgaswoningen_58": 41, "WoningenMetZonnestroom_59": 70, "WoningenHoofdzElektrVerwarmd_60": 36, "k_20PersonenMetHoogsteInkomen_80": 28.3, "k_20HuishoudensMetHoogsteInkomen_85": 44.2, "MediaanVermogenVanParticuliereHuish_86": 517.5, "PersonenautoSTotaal_104": 195, "PersonenautoSBrandstofBenzine_105": 135, "PersonenautoSOverigeBrandstof_106": 55, "PersonenautoSPerHuishouden_107": 1.9, "Omgevingsadressendichtheid_121": 163, "AantalInstallatiesBijWoningen_5": 40, "OpgesteldVermogenVanZonnepanelen_6": 290, "installaties_per_woning": 0.39603960396039606, "vermogen_per_woning": 2.8712871287128712, "installaties_per_100_woningen": 39.603960396039604, "vermogen_per_huishouden": 2.7619047619047619, "batterijdruk_score": 2240.0, "koop_zon_score": 0.637, "eengezins_zon_score": 0.672, "betaalkracht_zon_score": 362.25, "overige_brandstof_zon_score": 38.5, "lichte_batterij_kansscore": 0.60732253787480961 }, "geometry": { "type": "MultiPolygon", "coordinates": [ [ [ [ 5.70330617382859, 51.545571411463833 ], [ 5.704397229375949, 51.545142333729252 ], [ 5.705624429537204, 51.544569337266118 ], [ 5.706611250311871, 51.543866369361425 ], [ 5.707034803071076, 51.543208193182181 ], [ 5.706336463105307, 51.542182368680265 ], [ 5.705528864742544, 51.542146814150215 ], [ 5.705579311126223, 51.541952850323369 ], [ 5.705583733343747, 51.541076586632869 ], [ 5.705410766091802, 51.540822486311015 ], [ 5.704852112316596, 51.539683289050018 ], [ 5.704789589771543, 51.539180936583705 ], [ 5.70596680566601, 51.53892239409894 ], [ 5.705759162603114, 51.538506110998306 ], [ 5.706798365165174, 51.538289227766079 ], [ 5.706541111367771, 51.537576175095793 ], [ 5.706754774453437, 51.537215201372163 ], [ 5.707429344954725, 51.537000433292143 ], [ 5.708379665334208, 51.536863837239771 ], [ 5.709825544661551, 51.536900299590698 ], [ 5.711959900151089, 51.533441888569151 ], [ 5.712294820526618, 51.532097148944231 ], [ 5.711895761942472, 51.52708426018183 ], [ 5.713091025167957, 51.526189364931057 ], [ 5.712844366405104, 51.52617376116612 ], [ 5.712652895856856, 51.526161655159079 ], [ 5.712296737876938, 51.526135681353487 ], [ 5.711926088264702, 51.526098229567737 ], [ 5.709805052712209, 51.525899055163471 ], [ 5.709082473762328, 51.525827454664203 ], [ 5.708380408488073, 51.52575916402526 ], [ 5.707809291778896, 51.525709610603172 ], [ 5.707182094623061, 51.525657399140059 ], [ 5.706823164821929, 51.525620461747202 ], [ 5.706530205951434, 51.525583623280291 ], [ 5.70618413603341, 51.525550299954709 ], [ 5.705991024468042, 51.525528355698405 ], [ 5.705760383235895, 51.52551634445161 ], [ 5.705408337293593, 51.525465339116252 ], [ 5.704971508318512, 51.525428607429106 ], [ 5.70468019138947, 51.525400748540029 ], [ 5.70298838897425, 51.525173316430283 ], [ 5.699250178282606, 51.524711462025991 ], [ 5.698891289328513, 51.524678432722403 ], [ 5.698383648053566, 51.52462304585071 ], [ 5.698145704950077, 51.524595870644696 ], [ 5.697886221269298, 51.524579427235707 ], [ 5.697670026916847, 51.524571855920463 ], [ 5.697484113980522, 51.524580496611335 ], [ 5.697165864372907, 51.524596789937341 ], [ 5.696771422348031, 51.524665251605505 ], [ 5.696246025071424, 51.524746418098658 ], [ 5.695987037604796, 51.524803002176427 ], [ 5.695739457889516, 51.524848600129026 ], [ 5.695385597367904, 51.524925938533158 ], [ 5.695166753706707, 51.524959661769309 ], [ 5.694806989254721, 51.525029991135519 ], [ 5.694591115905949, 51.525069885181651 ], [ 5.694385324972757, 51.525103010791156 ], [ 5.694110632377036, 51.525168339353499 ], [ 5.693842888595702, 51.525229154678101 ], [ 5.693587560070252, 51.525261848086316 ], [ 5.693353378321199, 51.525291675623308 ], [ 5.692815907946595, 51.525286904087707 ], [ 5.692568133589845, 51.525304406198181 ], [ 5.692376696321925, 51.525329344281076 ], [ 5.69055892454681, 51.525648685396852 ], [ 5.689675083474341, 51.52580097714381 ], [ 5.684837552642749, 51.526646828276881 ], [ 5.684468905696807, 51.526706193889211 ], [ 5.684077636365963, 51.52678359321115 ], [ 5.683636148501106, 51.526929376927413 ], [ 5.683350027041478, 51.52704161833654 ], [ 5.683329778992836, 51.527052424643756 ], [ 5.682360592222653, 51.527563378008999 ], [ 5.683478820267427, 51.528640104099573 ], [ 5.691339976675177, 51.536207502367127 ], [ 5.698800446157964, 51.543175399695876 ], [ 5.701324197979708, 51.5458349020575 ], [ 5.70330617382859, 51.545571411463833 ] ] ] ] } },
{ "type": "Feature", "properties": { "buurtcode": "BU16520409", "buurtnaam": "Verspreide huizen Mortelse Peel", "pc6_codes": "5425PA, 5425PC, 5425PD, 5425RA, 5425RC, 5425RD, 5425RE, 5425RK, 5425RL, 5425RM, 5425RN, 5425RP, 5425RR, 5425RS, 5425RT, 5425RW, 5425RX, 5425RZ, 5425VG, 5425VS, 5425VZ, 5425WB, 5425XK, 5425XL, 5425XM, 5425XN, 5425XP, 5425XR, 5425XS, 5425XT, 5425XV, 5425XX, 5425XZ", "wijkcode": "WK165204", "gemeentecode": "GM1652", "gemeentenaam": "Gemert-Bakel", "oppervlakteLandInHa": 992, "AantalInwoners_5": 505, "Mannen_6": 260, "Vrouwen_7": 245, "HuishoudensTotaal_29": 170, "GemiddeldeHuishoudensgrootte_33": 3.0, "Woningvoorraad_35": 170, "NieuwbouwWoningen_36": 1, "NietWoningvoorraad_37": 22, "NieuwbouwNietWoningen_38": 2, "GemiddeldeWOZWaardeVanWoningen_39": 637, "PercentageEengezinswoning_40": 95, "PercentageTussenwoningEengezins_41": 0, "PercentageHoekwoningEengezins_42": 0, "PercentageTweeOnderEenKapWoningEe_43": 15, "PercentageVrijstaandeWoningEengezins_44": 79, "PercentageMeergezinswoning_45": 5, "Koopwoningen_47": 89, "HuurwoningenTotaal_48": 11, "InBezitWoningcorporatie_49": 0, "InBezitOverigeVerhuurders_50": 11, "BouwjaarMeerDanTienJaarGeleden_51": 89, "BouwjaarAfgelopenTienJaar_52": 11, "GemiddeldeElektriciteitslevering_53": 4920, "GemiddeldeElektriciteitsteruglevering_54": 3360, "GemiddeldAardgasverbruik_55": 1260, "AardgasvrijeWoningen_57": 19, "Aardgaswoningen_58": 30, "WoningenMetZonnestroom_59": 56, "WoningenHoofdzElektrVerwarmd_60": 21, "k_20PersonenMetHoogsteInkomen_80": 21.4, "k_20HuishoudensMetHoogsteInkomen_85": 47.0, "MediaanVermogenVanParticuliereHuish_86": 658.6, "PersonenautoSTotaal_104": 270, "PersonenautoSBrandstofBenzine_105": 170, "PersonenautoSOverigeBrandstof_106": 95, "PersonenautoSPerHuishouden_107": 1.6, "Omgevingsadressendichtheid_121": 129, "AantalInstallatiesBijWoningen_5": 91, "OpgesteldVermogenVanZonnepanelen_6": 665, "installaties_per_woning": 0.53529411764705881, "vermogen_per_woning": 3.9117647058823528, "installaties_per_100_woningen": 53.529411764705884, "vermogen_per_huishouden": 3.9117647058823528, "batterijdruk_score": 1881.6, "koop_zon_score": 0.4984, "eengezins_zon_score": 0.532, "betaalkracht_zon_score": 368.816, "overige_brandstof_zon_score": 53.2, "lichte_batterij_kansscore": 0.5786459210543905 }, "geometry": { "type": "MultiPolygon", "coordinates": [ [ [ [ 5.753797009333008, 51.557310530737716 ], [ 5.756091963396489, 51.553670193294579 ], [ 5.758939405119383, 51.549070476253966 ], [ 5.76113027719673, 51.545665758247615 ], [ 5.762517324950116, 51.543423124919784 ], [ 5.762670094026544, 51.543075726060103 ], [ 5.762515163100019, 51.542998134765199 ], [ 5.756190726578009, 51.53973825806132 ], [ 5.751001694862508, 51.537055963713662 ], [ 5.750296726498948, 51.536682599407705 ], [ 5.747521988111481, 51.535214239426573 ], [ 5.746176165453081, 51.534528220865269 ], [ 5.744368678600459, 51.533605962187934 ], [ 5.741901526189059, 51.532346076829533 ], [ 5.741682800469229, 51.532193090125602 ], [ 5.741253014543401, 51.531974171103329 ], [ 5.736533661897657, 51.529613685444858 ], [ 5.73483543999878, 51.528765671285775 ], [ 5.734470882163737, 51.528587824521153 ], [ 5.734279973273972, 51.528503842731567 ], [ 5.734110839445365, 51.528440581387194 ], [ 5.733540981875609, 51.528150983770615 ], [ 5.733374798527149, 51.528090521577873 ], [ 5.731313297339841, 51.527987627474857 ], [ 5.728698235488798, 51.527869463574554 ], [ 5.723328666405449, 51.527648811507561 ], [ 5.722968291255754, 51.527633556414017 ], [ 5.722528780611273, 51.52763481950754 ], [ 5.721922116257764, 51.527625043056567 ], [ 5.722507810507928, 51.52576972697485 ], [ 5.722247045382797, 51.52576513808787 ], [ 5.722052350245321, 51.525743224911842 ], [ 5.721840735009409, 51.525777820557039 ], [ 5.721642162323263, 51.52581012948913 ], [ 5.721518965578085, 51.525927335263859 ], [ 5.721376991639064, 51.526002179729765 ], [ 5.721171566540429, 51.526082823466645 ], [ 5.720978385842322, 51.526083375886998 ], [ 5.720731899666083, 51.526060766316711 ], [ 5.720468799769925, 51.525952810218783 ], [ 5.720214053103998, 51.525816740954561 ], [ 5.720023604489761, 51.525759699775975 ], [ 5.719804454394573, 51.525749649318172 ], [ 5.719590017685316, 51.525798855537317 ], [ 5.719400008574953, 51.525832543004064 ], [ 5.71784521993512, 51.525819821325904 ], [ 5.717652057489452, 51.525822334920363 ], [ 5.717507171311749, 51.525899990080887 ], [ 5.717343928629601, 51.526054102600298 ], [ 5.717185325177395, 51.526227301835263 ], [ 5.715942028862391, 51.526883331985879 ], [ 5.715606263394209, 51.527063207457545 ], [ 5.715424023347484, 51.527176078472088 ], [ 5.714451626851019, 51.527030495609871 ], [ 5.713421839678962, 51.526887592648293 ], [ 5.713185110545481, 51.526844152660445 ], [ 5.71294152455592, 51.526817866452767 ], [ 5.71308591022506, 51.52666915024448 ], [ 5.713395678963045, 51.526223064875339 ], [ 5.713091025167957, 51.526189364931057 ], [ 5.711895761942472, 51.52708426018183 ], [ 5.712294820526618, 51.532097148944231 ], [ 5.711959900151089, 51.533441888569151 ], [ 5.709825544661551, 51.536900299590698 ], [ 5.711138576703473, 51.537098066595192 ], [ 5.7112779488925, 51.536651617702034 ], [ 5.714541889282262, 51.53755683125862 ], [ 5.714810475047097, 51.537614471200413 ], [ 5.714042360031074, 51.538605030201708 ], [ 5.714666141911877, 51.538721001962003 ], [ 5.714661354378289, 51.538726709713806 ], [ 5.715830999000746, 51.539205160449249 ], [ 5.71484996761543, 51.540302007958601 ], [ 5.71348895586623, 51.54105890059401 ], [ 5.712294075988227, 51.541872337237493 ], [ 5.711141254471693, 51.541325264933675 ], [ 5.70925355240357, 51.541828515106005 ], [ 5.708051462308687, 51.542240808543241 ], [ 5.707245795996591, 51.542880372696814 ], [ 5.707034803071076, 51.543208193182181 ], [ 5.706611250311871, 51.543866369361425 ], [ 5.705624429537204, 51.544569337266118 ], [ 5.704397229375949, 51.545142333729252 ], [ 5.70330617382859, 51.545571411463833 ], [ 5.701324197979708, 51.5458349020575 ], [ 5.701934043983701, 51.546464152202383 ], [ 5.703061044936431, 51.548250696436092 ], [ 5.704268474021935, 51.550025496022947 ], [ 5.705810803167388, 51.551323531666448 ], [ 5.706161160125237, 51.551618358202361 ], [ 5.708076082711806, 51.552258611618043 ], [ 5.718140560022459, 51.55507825106195 ], [ 5.728886074498686, 51.558198684379228 ], [ 5.735439782357696, 51.556841704078316 ], [ 5.738241444675966, 51.556281356164277 ], [ 5.739346699963663, 51.556743904330439 ], [ 5.739295311871215, 51.557205046055785 ], [ 5.740656125920487, 51.557792724646134 ], [ 5.740982010819303, 51.557552205263725 ], [ 5.744233100601712, 51.558411872910682 ], [ 5.745938049752596, 51.558951205967389 ], [ 5.747713500809978, 51.559340118368056 ], [ 5.749620945507864, 51.559832245547078 ], [ 5.751282863494626, 51.560272859546245 ], [ 5.751810346970239, 51.560412505617421 ], [ 5.753797009333008, 51.557310530737716 ] ] ] ] } },
{ "type": "Feature", "properties": { "buurtcode": "BU16520500", "buurtnaam": "Elsendorp", "pc6_codes": "5424SB, 5424SM, 5424SV, 5424SZ, 5424TB, 5424TD, 5424TE, 5424TG, 5424TH, 5424TJ, 5424TK, 5424TL, 5424TS, 5424TT, 5424TV, 5424TW, 5424VA, 5424VB, 5424VV, 5424VW, 5424VX, 5424VZ", "wijkcode": "WK165205", "gemeentecode": "GM1652", "gemeentenaam": "Gemert-Bakel", "oppervlakteLandInHa": 31, "AantalInwoners_5": 560, "Mannen_6": 290, "Vrouwen_7": 275, "HuishoudensTotaal_29": 260, "GemiddeldeHuishoudensgrootte_33": 2.2, "Woningvoorraad_35": 263, "NieuwbouwWoningen_36": 0, "NietWoningvoorraad_37": 23, "NieuwbouwNietWoningen_38": 0, "GemiddeldeWOZWaardeVanWoningen_39": 365, "PercentageEengezinswoning_40": 90, "PercentageTussenwoningEengezins_41": 11, "PercentageHoekwoningEengezins_42": 11, "PercentageTweeOnderEenKapWoningEe_43": 38, "PercentageVrijstaandeWoningEengezins_44": 30, "PercentageMeergezinswoning_45": 10, "Koopwoningen_47": 71, "HuurwoningenTotaal_48": 28, "InBezitWoningcorporatie_49": 21, "InBezitOverigeVerhuurders_50": 6, "BouwjaarMeerDanTienJaarGeleden_51": 94, "BouwjaarAfgelopenTienJaar_52": 6, "GemiddeldeElektriciteitslevering_53": 3410, "GemiddeldeElektriciteitsteruglevering_54": 1340, "GemiddeldAardgasverbruik_55": 980, "AardgasvrijeWoningen_57": 10, "Aardgaswoningen_58": 82, "WoningenMetZonnestroom_59": 48, "WoningenHoofdzElektrVerwarmd_60": 15, "k_20PersonenMetHoogsteInkomen_80": 17.0, "k_20HuishoudensMetHoogsteInkomen_85": 19.2, "MediaanVermogenVanParticuliereHuish_86": 212.5, "PersonenautoSTotaal_104": 310, "PersonenautoSBrandstofBenzine_105": 240, "PersonenautoSOverigeBrandstof_106": 70, "PersonenautoSPerHuishouden_107": 1.2, "Omgevingsadressendichtheid_121": 136, "AantalInstallatiesBijWoningen_5": 202, "OpgesteldVermogenVanZonnepanelen_6": 984, "installaties_per_woning": 0.76806083650190116, "vermogen_per_woning": 3.7414448669201521, "installaties_per_100_woningen": 76.806083650190118, "vermogen_per_huishouden": 3.7846153846153845, "batterijdruk_score": 643.2, "koop_zon_score": 0.3408, "eengezins_zon_score": 0.432, "betaalkracht_zon_score": 102.0, "overige_brandstof_zon_score": 33.6, "lichte_batterij_kansscore": 0.45790755115589699 }, "geometry": { "type": "MultiPolygon", "coordinates": [ [ [ [ 5.769971380765722, 51.583405028538124 ], [ 5.770249672698956, 51.582882773986391 ], [ 5.770291306913086, 51.582687415330966 ], [ 5.770573197596589, 51.582245203041488 ], [ 5.77218023328384, 51.582393570572762 ], [ 5.772660264223598, 51.582508840934551 ], [ 5.773030711715066, 51.581614088076222 ], [ 5.773398633676774, 51.580609793762065 ], [ 5.773714565182161, 51.579749487990618 ], [ 5.774045379947111, 51.579129018102726 ], [ 5.774324932619854, 51.578578097928691 ], [ 5.771828194510699, 51.578124268121996 ], [ 5.769785814153508, 51.577842493008198 ], [ 5.769023588154431, 51.57777672789603 ], [ 5.768506349417854, 51.57767954145087 ], [ 5.767598245629298, 51.577608625955392 ], [ 5.767471959989954, 51.578032345835119 ], [ 5.766735603260666, 51.577960303706504 ], [ 5.766088953575177, 51.578075602794648 ], [ 5.765975787462359, 51.578344787512677 ], [ 5.766185625887794, 51.57861180051227 ], [ 5.765960531816961, 51.578785280851463 ], [ 5.765364660667791, 51.57877457083498 ], [ 5.765107996742362, 51.579136632373526 ], [ 5.764899512448531, 51.579573256816523 ], [ 5.764897129145583, 51.579801633311639 ], [ 5.765090975769236, 51.580205497563711 ], [ 5.765621471590286, 51.580159678873322 ], [ 5.765421583515124, 51.580572962466732 ], [ 5.765101304886846, 51.580931016800236 ], [ 5.764962680363687, 51.581257585518969 ], [ 5.765587818837353, 51.581313989364382 ], [ 5.765404399629868, 51.581972721604096 ], [ 5.765178884535692, 51.582449850531418 ], [ 5.765766901186463, 51.582540362354337 ], [ 5.765638379912679, 51.582861842077776 ], [ 5.767067876977744, 51.583184167843179 ], [ 5.768339318776992, 51.583394070727252 ], [ 5.769626293117542, 51.583546325781349 ], [ 5.76992948237018, 51.583569490283942 ], [ 5.769971380765722, 51.583405028538124 ] ] ] ] } },
{ "type": "Feature", "properties": { "buurtcode": "BU16520509", "buurtnaam": "Verspreide huizen Elsendorp", "pc6_codes": "5424SB, 5424SC, 5424SE, 5424SG, 5424SH, 5424SJ, 5424SM, 5424SN, 5424SP, 5424ST, 5424SV, 5424SW, 5424TA, 5424TB, 5424TC, 5424TD, 5424TE, 5424TL, 5424TM, 5424TN, 5424TP, 5424TR, 5424TX, 5424TZ, 5424VV, 5424VW, 5424VX, 5424VZ", "wijkcode": "WK165205", "gemeentecode": "GM1652", "gemeentenaam": "Gemert-Bakel", "oppervlakteLandInHa": 1719, "AantalInwoners_5": 545, "Mannen_6": 290, "Vrouwen_7": 260, "HuishoudensTotaal_29": 190, "GemiddeldeHuishoudensgrootte_33": 2.8, "Woningvoorraad_35": 197, "NieuwbouwWoningen_36": 0, "NietWoningvoorraad_37": 139, "NieuwbouwNietWoningen_38": 52, "GemiddeldeWOZWaardeVanWoningen_39": 565, "PercentageEengezinswoning_40": 97, "PercentageTussenwoningEengezins_41": 1, "PercentageHoekwoningEengezins_42": 1, "PercentageTweeOnderEenKapWoningEe_43": 8, "PercentageVrijstaandeWoningEengezins_44": 87, "PercentageMeergezinswoning_45": 3, "Koopwoningen_47": 79, "HuurwoningenTotaal_48": 21, "InBezitWoningcorporatie_49": 0, "InBezitOverigeVerhuurders_50": 21, "BouwjaarMeerDanTienJaarGeleden_51": 93, "BouwjaarAfgelopenTienJaar_52": 7, "GemiddeldeElektriciteitslevering_53": 4350, "GemiddeldeElektriciteitsteruglevering_54": 2890, "GemiddeldAardgasverbruik_55": 1290, "AardgasvrijeWoningen_57": 16, "Aardgaswoningen_58": 55, "WoningenMetZonnestroom_59": 48, "WoningenHoofdzElektrVerwarmd_60": 19, "k_20PersonenMetHoogsteInkomen_80": 23.7, "k_20HuishoudensMetHoogsteInkomen_85": 41.1, "MediaanVermogenVanParticuliereHuish_86": 573.7, "PersonenautoSTotaal_104": 330, "PersonenautoSBrandstofBenzine_105": 240, "PersonenautoSOverigeBrandstof_106": 85, "PersonenautoSPerHuishouden_107": 1.7, "Omgevingsadressendichtheid_121": 79, "AantalInstallatiesBijWoningen_5": 59, "OpgesteldVermogenVanZonnepanelen_6": 404, "installaties_per_woning": 0.29949238578680204, "vermogen_per_woning": 2.0507614213197969, "installaties_per_100_woningen": 29.949238578680205, "vermogen_per_huishouden": 2.1263157894736842, "batterijdruk_score": 1387.2, "koop_zon_score": 0.3792, "eengezins_zon_score": 0.4656, "betaalkracht_zon_score": 275.376, "overige_brandstof_zon_score": 40.8, "lichte_batterij_kansscore": 0.53290526284968287 }, "geometry": { "type": "MultiPolygon", "coordinates": [ [ [ [ 5.786708850824779, 51.598133963255265 ], [ 5.78671335816248, 51.598122981680596 ], [ 5.78705385008182, 51.5972921637577 ], [ 5.787504369805005, 51.596213734759509 ], [ 5.787763316321691, 51.595583353424381 ], [ 5.787868204515956, 51.595328066372844 ], [ 5.788342399901255, 51.594191261204635 ], [ 5.7889400527132, 51.593439643560785 ], [ 5.789023246416254, 51.593335017126734 ], [ 5.790273132169357, 51.591763026715128 ], [ 5.790456895062398, 51.591529316631863 ], [ 5.790630553431419, 51.591308458972584 ], [ 5.791263728487005, 51.590503151964356 ], [ 5.791275942623557, 51.590487622257086 ], [ 5.791296206475985, 51.59046209628108 ], [ 5.792115217812689, 51.58943034642698 ], [ 5.792629238744492, 51.588781919346715 ], [ 5.793797985272659, 51.587316381676217 ], [ 5.793802579931896, 51.587310621928111 ], [ 5.793833174424063, 51.587270830485181 ], [ 5.794094631008053, 51.586930849702995 ], [ 5.794395700914179, 51.586550074525448 ], [ 5.794555293736491, 51.586348243941679 ], [ 5.794677034601283, 51.586194265994607 ], [ 5.794946394065107, 51.585853599519453 ], [ 5.795430289326803, 51.585241588081111 ], [ 5.795432999895784, 51.585238153926866 ], [ 5.795861298428473, 51.58468809603923 ], [ 5.796046596017342, 51.584450119881531 ], [ 5.796605106884011, 51.583733411904952 ], [ 5.796906213753663, 51.583347020992363 ], [ 5.797027890182965, 51.583190874473829 ], [ 5.797046759756135, 51.583166646729097 ], [ 5.797077937878846, 51.583126600679762 ], [ 5.798372297507169, 51.581464307389304 ], [ 5.800586009598316, 51.578621772437423 ], [ 5.800605540286697, 51.578611932646169 ], [ 5.800726199823192, 51.578551173681142 ], [ 5.801411376319556, 51.578206098370643 ], [ 5.803369549257947, 51.577220821435979 ], [ 5.804395530621147, 51.576704484244708 ], [ 5.805593262730424, 51.576102553074954 ], [ 5.805714048275651, 51.57604125813242 ], [ 5.806855779865387, 51.575463388421738 ], [ 5.807706277024976, 51.575032163660104 ], [ 5.808538708957652, 51.574609950531617 ], [ 5.808929784352073, 51.574411417754639 ], [ 5.809538574799128, 51.574102515823427 ], [ 5.809580725511396, 51.574081129481975 ], [ 5.786249932785498, 51.557560918517616 ], [ 5.783977366248553, 51.555930189512438 ], [ 5.780874083289994, 51.553729470237094 ], [ 5.775984762343279, 51.550205142692533 ], [ 5.774469056914061, 51.549143332197211 ], [ 5.772715511856345, 51.548263746632927 ], [ 5.767033557326618, 51.545295307250406 ], [ 5.762670094026544, 51.543075726060103 ], [ 5.762517324950116, 51.543423124919784 ], [ 5.76113027719673, 51.545665758247615 ], [ 5.758939405119383, 51.549070476253966 ], [ 5.756091963396489, 51.553670193294579 ], [ 5.753797009333008, 51.557310530737716 ], [ 5.751810346970239, 51.560412505617421 ], [ 5.751561105135744, 51.560801481706839 ], [ 5.749903010413811, 51.56354902932727 ], [ 5.74869261745549, 51.565321021659557 ], [ 5.747999564401248, 51.56647090493135 ], [ 5.749544468896917, 51.56634028236023 ], [ 5.750139987964, 51.56629995069035 ], [ 5.749243261103943, 51.567086432672646 ], [ 5.748083120765664, 51.567909676275612 ], [ 5.747783440918518, 51.568143464713323 ], [ 5.745200042153535, 51.569937625495285 ], [ 5.745360791199381, 51.570773078808685 ], [ 5.744711511096014, 51.572007357606452 ], [ 5.742877023017376, 51.575015169824844 ], [ 5.742247394276536, 51.576012017141792 ], [ 5.73677567470401, 51.584460716153522 ], [ 5.733989489283136, 51.588395371913371 ], [ 5.73262065541847, 51.590375334304561 ], [ 5.73299023692314, 51.590442844554303 ], [ 5.734082999929895, 51.590582858356278 ], [ 5.734568588949187, 51.590649190499263 ], [ 5.736838749119965, 51.590959279939419 ], [ 5.73876723510375, 51.591219028457751 ], [ 5.740235548849929, 51.591417997591044 ], [ 5.740362228303354, 51.591433623655497 ], [ 5.741022569467122, 51.59153028584759 ], [ 5.742431230105771, 51.5917253631279 ], [ 5.743742513190952, 51.591902662362287 ], [ 5.74470770189012, 51.592035181930434 ], [ 5.745647043345762, 51.59215768754931 ], [ 5.747203785711659, 51.592368342853099 ], [ 5.750473958088593, 51.592824834357877 ], [ 5.751642889942172, 51.592988671911179 ], [ 5.753248688686912, 51.593207120737262 ], [ 5.754389201370805, 51.593366237910878 ], [ 5.757036164254732, 51.593725519292434 ], [ 5.757777452412683, 51.593829641974942 ], [ 5.758545705481761, 51.593935930450087 ], [ 5.758588124653503, 51.593941800094029 ], [ 5.758614587420398, 51.593946506959639 ], [ 5.7586384198117, 51.593950745779686 ], [ 5.758695103081651, 51.593960830676544 ], [ 5.758881181277675, 51.593993964535471 ], [ 5.758965426035993, 51.594008968334556 ], [ 5.759014771372978, 51.594016460717654 ], [ 5.759070850227676, 51.594024974340861 ], [ 5.765724978713336, 51.595035152677717 ], [ 5.765795091265884, 51.59504579288793 ], [ 5.767706639427695, 51.595335905780502 ], [ 5.76961258723148, 51.595626437250928 ], [ 5.769820373907701, 51.595658107441551 ], [ 5.770722202496033, 51.595795572717556 ], [ 5.770997453734171, 51.595836592361536 ], [ 5.771883989447453, 51.59596873267531 ], [ 5.772757712505026, 51.596098940025414 ], [ 5.773645905746015, 51.596231304228326 ], [ 5.773757479405072, 51.596247932855128 ], [ 5.775923418870383, 51.596575577488082 ], [ 5.777163911612767, 51.59676316470447 ], [ 5.778223828777826, 51.596921617485819 ], [ 5.778349669617525, 51.596940432186614 ], [ 5.778354713175687, 51.596941197322757 ], [ 5.779004396131652, 51.597039973109723 ], [ 5.779719657499939, 51.597148035102428 ], [ 5.780632337786799, 51.597281711267264 ], [ 5.781455870333782, 51.597408472127725 ], [ 5.782437775351743, 51.597556462351768 ], [ 5.783420498366604, 51.597706481997896 ], [ 5.784380352224328, 51.597853245301103 ], [ 5.785543875296081, 51.598031279534403 ], [ 5.786539887750357, 51.598186764737335 ], [ 5.786577118233074, 51.598192579048614 ], [ 5.786678360218215, 51.598208376742356 ], [ 5.786678405436074, 51.5982082669261 ], [ 5.786708850824779, 51.598133963255265 ] ], [ [ 5.768339318776992, 51.583394070727252 ], [ 5.767067876977744, 51.583184167843179 ], [ 5.765638379912679, 51.582861842077776 ], [ 5.765766901186463, 51.582540362354337 ], [ 5.765178884535692, 51.582449850531418 ], [ 5.765404399629868, 51.581972721604096 ], [ 5.765587818837353, 51.581313989364382 ], [ 5.764962680363687, 51.581257585518969 ], [ 5.765101304886846, 51.580931016800236 ], [ 5.765421583515124, 51.580572962466732 ], [ 5.765621471590286, 51.580159678873322 ], [ 5.765090975769236, 51.580205497563711 ], [ 5.764897129145583, 51.579801633311639 ], [ 5.764899512448531, 51.579573256816523 ], [ 5.765107996742362, 51.579136632373526 ], [ 5.765364660667791, 51.57877457083498 ], [ 5.765960531816961, 51.578785280851463 ], [ 5.766185625887794, 51.57861180051227 ], [ 5.765975787462359, 51.578344787512677 ], [ 5.766088953575177, 51.578075602794648 ], [ 5.766735603260666, 51.577960303706504 ], [ 5.767471959989954, 51.578032345835119 ], [ 5.767598245629298, 51.577608625955392 ], [ 5.768506349417854, 51.57767954145087 ], [ 5.769023588154431, 51.57777672789603 ], [ 5.769785814153508, 51.577842493008198 ], [ 5.771828194510699, 51.578124268121996 ], [ 5.774324932619854, 51.578578097928691 ], [ 5.774045379947111, 51.579129018102726 ], [ 5.773714565182161, 51.579749487990618 ], [ 5.773398633676774, 51.580609793762065 ], [ 5.773030711715066, 51.581614088076222 ], [ 5.772660264223598, 51.582508840934551 ], [ 5.77218023328384, 51.582393570572762 ], [ 5.770573197596589, 51.582245203041488 ], [ 5.770291306913086, 51.582687415330966 ], [ 5.770249672698956, 51.582882773986391 ], [ 5.769971380765722, 51.583405028538124 ], [ 5.76992948237018, 51.583569490283942 ], [ 5.769626293117542, 51.583546325781349 ], [ 5.768339318776992, 51.583394070727252 ] ] ] ] } },
{ "type": "Feature", "properties": { "buurtcode": "BU16520600", "buurtnaam": "Bakel", "pc6_codes": "5761AA, 5761AB, 5761AC, 5761AD, 5761AH, 5761AJ, 5761AK, 5761AL, 5761AM, 5761AN, 5761AP, 5761AR, 5761AS, 5761AT, 5761AV, 5761AW, 5761AX, 5761AZ, 5761BA, 5761BB, 5761BC, 5761BD, 5761BE, 5761BG, 5761BH, 5761BJ, 5761BK, 5761BL, 5761BM, 5761BN, 5761BP, 5761BR, 5761BS, 5761BT, 5761BV, 5761BW, 5761BX, 5761BZ, 5761CA, 5761CB, 5761CC, 5761CD, 5761CE, 5761CG, 5761CH, 5761CJ, 5761CK, 5761CL, 5761CM, 5761CN, 5761CP, 5761CR, 5761CS, 5761CT, 5761CV, 5761CW, 5761CX, 5761CZ, 5761DA, 5761DC, 5761EA, 5761EB, 5761EC, 5761ED, 5761EE, 5761EG, 5761EH, 5761EJ, 5761EK, 5761EL, 5761EM, 5761EN, 5761EP, 5761ER, 5761ES, 5761ET, 5761EV, 5761EW, 5761EX, 5761EZ, 5761GA, 5761GB, 5761GC, 5761GD, 5761GH, 5761GJ, 5761GK, 5761GL, 5761GM, 5761GN, 5761GP, 5761GR, 5761GW, 5761HA, 5761HB, 5761HC, 5761HD, 5761HE, 5761HG, 5761HH, 5761HJ, 5761HK, 5761HL, 5761HM, 5761HN, 5761HP, 5761JA, 5761JB, 5761JC, 5761JD, 5761JE, 5761JG, 5761JH, 5761JJ, 5761PD, 5761PK, 5761PN, 5761RN, 5761RP, 5761RW", "wijkcode": "WK165206", "gemeentecode": "GM1652", "gemeentenaam": "Gemert-Bakel", "oppervlakteLandInHa": 229, "AantalInwoners_5": 4275, "Mannen_6": 2130, "Vrouwen_7": 2145, "HuishoudensTotaal_29": 1900, "GemiddeldeHuishoudensgrootte_33": 2.2, "Woningvoorraad_35": 1912, "NieuwbouwWoningen_36": 11, "NietWoningvoorraad_37": 132, "NieuwbouwNietWoningen_38": 0, "GemiddeldeWOZWaardeVanWoningen_39": 405, "PercentageEengezinswoning_40": 82, "PercentageTussenwoningEengezins_41": 16, "PercentageHoekwoningEengezins_42": 15, "PercentageTweeOnderEenKapWoningEe_43": 22, "PercentageVrijstaandeWoningEengezins_44": 28, "PercentageMeergezinswoning_45": 18, "Koopwoningen_47": 73, "HuurwoningenTotaal_48": 27, "InBezitWoningcorporatie_49": 15, "InBezitOverigeVerhuurders_50": 12, "BouwjaarMeerDanTienJaarGeleden_51": 95, "BouwjaarAfgelopenTienJaar_52": 5, "GemiddeldeElektriciteitslevering_53": 3030, "GemiddeldeElektriciteitsteruglevering_54": 1160, "GemiddeldAardgasverbruik_55": 1000, "AardgasvrijeWoningen_57": 4, "Aardgaswoningen_58": 90, "WoningenMetZonnestroom_59": 47, "WoningenHoofdzElektrVerwarmd_60": 9, "k_20PersonenMetHoogsteInkomen_80": 17.8, "k_20HuishoudensMetHoogsteInkomen_85": 21.6, "MediaanVermogenVanParticuliereHuish_86": 288.2, "PersonenautoSTotaal_104": 2500, "PersonenautoSBrandstofBenzine_105": 2065, "PersonenautoSOverigeBrandstof_106": 440, "PersonenautoSPerHuishouden_107": 1.3, "Omgevingsadressendichtheid_121": 602, "AantalInstallatiesBijWoningen_5": 140, "OpgesteldVermogenVanZonnepanelen_6": 607, "installaties_per_woning": 0.073221757322175729, "vermogen_per_woning": 0.31746861924686193, "installaties_per_100_woningen": 7.3221757322175733, "vermogen_per_huishouden": 0.3194736842105263, "batterijdruk_score": 545.2, "koop_zon_score": 0.3431, "eengezins_zon_score": 0.3854, "betaalkracht_zon_score": 135.454, "overige_brandstof_zon_score": 206.8, "lichte_batterij_kansscore": 0.44524119765937142 }, "geometry": { "type": "MultiPolygon", "coordinates": [ [ [ [ 5.754220286434135, 51.510451129439261 ], [ 5.75718064111692, 51.509939821233296 ], [ 5.757209062914331, 51.509753777136147 ], [ 5.757237256041369, 51.509567452407211 ], [ 5.757295686817426, 51.509418391595496 ], [ 5.757353512491017, 51.509194895332492 ], [ 5.75738208266262, 51.50902738993301 ], [ 5.757350330732368, 51.508804176804013 ], [ 5.757229227586579, 51.508581247836638 ], [ 5.756744073909966, 51.507596553781653 ], [ 5.756412383333015, 51.507132437403847 ], [ 5.756231347962093, 51.506872337151293 ], [ 5.75595463022101, 51.505831363836315 ], [ 5.755890766215753, 51.50531050051093 ], [ 5.755707779196304, 51.504808553406363 ], [ 5.755704461701575, 51.504399295941433 ], [ 5.755611726467292, 51.504008579511058 ], [ 5.755488835613081, 51.503562340467809 ], [ 5.755427844558318, 51.50339511714575 ], [ 5.755217876866779, 51.503228365406542 ], [ 5.755007235244721, 51.503005716381438 ], [ 5.754946248159044, 51.502838493692934 ], [ 5.7549134213354, 51.502397026380692 ], [ 5.754912931094351, 51.50239197177163 ], [ 5.755085614205144, 51.497589119992725 ], [ 5.753500097641786, 51.497809485706583 ], [ 5.750949847856076, 51.498458200253424 ], [ 5.75005632025733, 51.498706370966673 ], [ 5.749244936504116, 51.498299909495188 ], [ 5.748069090977824, 51.498753431031069 ], [ 5.747523706386042, 51.498836912501368 ], [ 5.747585879969757, 51.498414106132579 ], [ 5.746309920402059, 51.497492169882399 ], [ 5.746312038682095, 51.497362879547801 ], [ 5.743834489641911, 51.49679997456461 ], [ 5.743834206876411, 51.496763739216703 ], [ 5.743771975750243, 51.496842356814874 ], [ 5.743099567727266, 51.496662654734919 ], [ 5.742752177866246, 51.497467932184691 ], [ 5.740779493463251, 51.497376682712257 ], [ 5.736670095267258, 51.497205915279721 ], [ 5.734287697771797, 51.496887464530694 ], [ 5.732751846119044, 51.496424046407462 ], [ 5.732682654362056, 51.497120034174195 ], [ 5.731582729602852, 51.498448558108251 ], [ 5.729048744739692, 51.500029312372888 ], [ 5.728025259007853, 51.49954101798933 ], [ 5.727277001942608, 51.500677462337165 ], [ 5.727005508328465, 51.501927683318165 ], [ 5.726898820502504, 51.503250176761121 ], [ 5.726976070385184, 51.503378601846563 ], [ 5.729357703171977, 51.506308142841895 ], [ 5.730044103530114, 51.50737859348007 ], [ 5.73184905061899, 51.506865415276749 ], [ 5.737274730920138, 51.506736349056716 ], [ 5.739321486376515, 51.508254059815137 ], [ 5.745474666740848, 51.508602187531132 ], [ 5.745844355089393, 51.508079014967052 ], [ 5.747005451236212, 51.507955554806109 ], [ 5.749608869831012, 51.510959916217523 ], [ 5.754220286434135, 51.510451129439261 ] ] ] ] } },
{ "type": "Feature", "properties": { "buurtcode": "BU16520608", "buurtnaam": "Verspreide huizen Grotelse Heide en Esp", "pc6_codes": "5761BH, 5761CA, 5761PW, 5761PX, 5761PZ, 5761RA, 5761RB, 5761RC, 5761RD, 5761RE, 5761RG, 5761RH, 5761RJ, 5761RK, 5761RL, 5761RM, 5761RT, 5761RV", "wijkcode": "WK165206", "gemeentecode": "GM1652", "gemeentenaam": "Gemert-Bakel", "oppervlakteLandInHa": 1336, "AantalInwoners_5": 1110, "Mannen_6": 625, "Vrouwen_7": 485, "HuishoudensTotaal_29": 565, "GemiddeldeHuishoudensgrootte_33": 2.0, "Woningvoorraad_35": 145, "NieuwbouwWoningen_36": 1, "NietWoningvoorraad_37": 349, "NieuwbouwNietWoningen_38": 0, "GemiddeldeWOZWaardeVanWoningen_39": 556, "PercentageEengezinswoning_40": 86, "PercentageTussenwoningEengezins_41": 0, "PercentageHoekwoningEengezins_42": 0, "PercentageTweeOnderEenKapWoningEe_43": 15, "PercentageVrijstaandeWoningEengezins_44": 71, "PercentageMeergezinswoning_45": 14, "Koopwoningen_47": 86, "HuurwoningenTotaal_48": 14, "InBezitWoningcorporatie_49": 0, "InBezitOverigeVerhuurders_50": 14, "BouwjaarMeerDanTienJaarGeleden_51": 95, "BouwjaarAfgelopenTienJaar_52": 5, "GemiddeldeElektriciteitslevering_53": 4210, "GemiddeldeElektriciteitsteruglevering_54": 1960, "GemiddeldAardgasverbruik_55": 1500, "AardgasvrijeWoningen_57": 9, "Aardgaswoningen_58": 54, "WoningenMetZonnestroom_59": 50, "WoningenHoofdzElektrVerwarmd_60": 11, "k_20PersonenMetHoogsteInkomen_80": 11.0, "k_20HuishoudensMetHoogsteInkomen_85": 14.1, "MediaanVermogenVanParticuliereHuish_86": 6.4, "PersonenautoSTotaal_104": 550, "PersonenautoSBrandstofBenzine_105": 435, "PersonenautoSOverigeBrandstof_106": 115, "PersonenautoSPerHuishouden_107": 1.0, "Omgevingsadressendichtheid_121": 120, "AantalInstallatiesBijWoningen_5": null, "OpgesteldVermogenVanZonnepanelen_6": null, "installaties_per_woning": null, "vermogen_per_woning": null, "installaties_per_100_woningen": null, "vermogen_per_huishouden": null, "batterijdruk_score": 980.0, "koop_zon_score": 0.43, "eengezins_zon_score": 0.43, "betaalkracht_zon_score": 3.2, "overige_brandstof_zon_score": 57.5, "lichte_batterij_kansscore": 0.502594769931338 }, "geometry": { "type": "MultiPolygon", "coordinates": [ [ [ [ 5.752009888182272, 51.536065185879167 ], [ 5.754060761258056, 51.535358485982051 ], [ 5.754785069868698, 51.535087388766193 ], [ 5.75480972560548, 51.5349336610875 ], [ 5.755066084061983, 51.534554486327565 ], [ 5.755377858698309, 51.533899857447054 ], [ 5.75583684558489, 51.533266672098307 ], [ 5.756315957117997, 51.532644938494464 ], [ 5.756832046053736, 51.532113815948755 ], [ 5.757513527536443, 51.531569525877948 ], [ 5.758531445739362, 51.530919106949682 ], [ 5.758969216260363, 51.53050872814061 ], [ 5.759320388579846, 51.529945815749791 ], [ 5.759704915814529, 51.529552738046092 ], [ 5.760565512488065, 51.528892971959237 ], [ 5.760868456670849, 51.528575431573707 ], [ 5.761267975330406, 51.528091571380443 ], [ 5.761619659272474, 51.527214045599493 ], [ 5.762010528389321, 51.526038923394147 ], [ 5.762090711910234, 51.525278277248788 ], [ 5.762086562488412, 51.524420712319632 ], [ 5.76197133939613, 51.523553672069482 ], [ 5.761722869742878, 51.523127505791933 ], [ 5.761079604849798, 51.522357380910726 ], [ 5.760198897601025, 51.521264418744593 ], [ 5.759252649439739, 51.520080084564967 ], [ 5.758397710850573, 51.518603322124491 ], [ 5.757372044948885, 51.516500411943973 ], [ 5.756392750182988, 51.514413638034078 ], [ 5.755858857961547, 51.513253253101418 ], [ 5.755232097899195, 51.512156642181047 ], [ 5.754220286434135, 51.510451129439261 ], [ 5.749608869831012, 51.510959916217523 ], [ 5.747005451236212, 51.507955554806109 ], [ 5.745844355089393, 51.508079014967052 ], [ 5.745474666740848, 51.508602187531132 ], [ 5.739321486376515, 51.508254059815137 ], [ 5.737274730920138, 51.506736349056716 ], [ 5.73184905061899, 51.506865415276749 ], [ 5.730044103530114, 51.50737859348007 ], [ 5.729357703171977, 51.506308142841895 ], [ 5.726976070385184, 51.503378601846563 ], [ 5.723902355632553, 51.502974873029878 ], [ 5.711914572932765, 51.501489750036995 ], [ 5.710666669665131, 51.501603888689075 ], [ 5.708181467327903, 51.501827628499754 ], [ 5.708187099025445, 51.501849102293612 ], [ 5.708205836895785, 51.501920555857417 ], [ 5.70820790903683, 51.501928460213101 ], [ 5.708233367372739, 51.502025647909782 ], [ 5.708180583233939, 51.502035923353667 ], [ 5.708033060866271, 51.502064652370144 ], [ 5.706865891473549, 51.502291925310324 ], [ 5.704907863858828, 51.502673170178916 ], [ 5.702536572134719, 51.503134833682651 ], [ 5.702527884093358, 51.50313644815526 ], [ 5.701677258773164, 51.503294544313604 ], [ 5.700369179610671, 51.503521610425814 ], [ 5.700072923915899, 51.503565011397157 ], [ 5.699244899457987, 51.5036692498538 ], [ 5.699057420795365, 51.503697076583641 ], [ 5.698900932841283, 51.503728505614347 ], [ 5.698706100472084, 51.503776216432541 ], [ 5.697634649929928, 51.504064686978047 ], [ 5.693677491111946, 51.505129950301345 ], [ 5.693128163401243, 51.505277817268279 ], [ 5.692236605224939, 51.505517784825081 ], [ 5.69181394894011, 51.505631543949256 ], [ 5.691813057565101, 51.505631788970312 ], [ 5.69089286300304, 51.505879982701956 ], [ 5.690737857195342, 51.505921787833465 ], [ 5.690077328860288, 51.506099933796854 ], [ 5.689946907681717, 51.506135112331414 ], [ 5.689329650803177, 51.506301591336246 ], [ 5.689233002261251, 51.506327656997676 ], [ 5.688626250469125, 51.506491291627881 ], [ 5.687940788234673, 51.506676150478725 ], [ 5.686945798368851, 51.506944469590501 ], [ 5.685610356003593, 51.507304580701422 ], [ 5.685312632801383, 51.507384864434371 ], [ 5.684948881658662, 51.507482951669516 ], [ 5.684275065075703, 51.507664640153735 ], [ 5.684144016599926, 51.507699975580536 ], [ 5.68444170041435, 51.508509476005628 ], [ 5.684441803183405, 51.508509772370552 ], [ 5.684811888283789, 51.509516155362235 ], [ 5.685199272168903, 51.510563715081297 ], [ 5.685524975318558, 51.511444439349354 ], [ 5.685733449873289, 51.512008108076117 ], [ 5.685771202194863, 51.512110473525318 ], [ 5.685799655509885, 51.512187568593582 ], [ 5.686005011325856, 51.512735973021293 ], [ 5.685488492826127, 51.512845643705184 ], [ 5.685047252698645, 51.51293932692019 ], [ 5.684897625977026, 51.512971097107098 ], [ 5.684652288380095, 51.513038337690652 ], [ 5.684248409544998, 51.513149046107102 ], [ 5.684234777206139, 51.513152784135812 ], [ 5.684070046240361, 51.513227800293052 ], [ 5.684421149092167, 51.514054117287827 ], [ 5.684870075859977, 51.515068271948877 ], [ 5.684887915512711, 51.515108531704215 ], [ 5.684957885403797, 51.515277448325207 ], [ 5.685257532291318, 51.516000829759456 ], [ 5.685262187269966, 51.516012053725206 ], [ 5.685256748921375, 51.516024166376496 ], [ 5.685013664852575, 51.516565177323407 ], [ 5.684930788713116, 51.516797134900983 ], [ 5.684721175517682, 51.51725840213615 ], [ 5.684550338776957, 51.517657440448971 ], [ 5.684520505715003, 51.517779223164183 ], [ 5.684424313398718, 51.517802092632735 ], [ 5.684337428108115, 51.517822754082715 ], [ 5.683772597467298, 51.517848540781756 ], [ 5.683448875954253, 51.517868059228164 ], [ 5.682985823622153, 51.517941187827603 ], [ 5.68270111383191, 51.517984686014984 ], [ 5.682483795285102, 51.518027240031316 ], [ 5.682322891022356, 51.518071268993737 ], [ 5.682165443504807, 51.518101868901724 ], [ 5.682041722546608, 51.518141183333519 ], [ 5.681937614768803, 51.518196789532809 ], [ 5.681741353512533, 51.518274174057325 ], [ 5.681575592875671, 51.518389449517329 ], [ 5.681442908265133, 51.518651111885866 ], [ 5.681347655614293, 51.518779593413434 ], [ 5.681132626296903, 51.519221344300007 ], [ 5.680863777297401, 51.519495618301974 ], [ 5.680620281069436, 51.519722727283096 ], [ 5.680327823930447, 51.520016834457032 ], [ 5.680230466839438, 51.520099199433133 ], [ 5.680155913670253, 51.520189920503576 ], [ 5.680064371204888, 51.520356359817391 ], [ 5.679976318017541, 51.520617198374431 ], [ 5.679869834698194, 51.520804088281942 ], [ 5.679698549477698, 51.521177943138397 ], [ 5.679545746521812, 51.521482215050327 ], [ 5.679340796489875, 51.521811093424233 ], [ 5.679185397007407, 51.522066284185001 ], [ 5.678957934533748, 51.522496026156972 ], [ 5.677846853704047, 51.522365225964485 ], [ 5.677762446611331, 51.522371925903364 ], [ 5.677694350149505, 51.522398890611115 ], [ 5.677636605492887, 51.522449388841146 ], [ 5.677574419922158, 51.522578342249417 ], [ 5.677608722466704, 51.522827773530942 ], [ 5.677591616896844, 51.52295141933967 ], [ 5.67753633614162, 51.523277108628868 ], [ 5.677093202661052, 51.523905403534428 ], [ 5.676738165593231, 51.524354253106708 ], [ 5.676606402344609, 51.524403469210966 ], [ 5.676254679279076, 51.524468663536965 ], [ 5.67486369044813, 51.524725732654737 ], [ 5.674675347752896, 51.524824343896356 ], [ 5.674519905854046, 51.524953282541112 ], [ 5.674458418801748, 51.524959923671453 ], [ 5.674439627107219, 51.524961956404653 ], [ 5.674425664078945, 51.525524861365369 ], [ 5.674445038778828, 51.52553067431046 ], [ 5.674491035613654, 51.525544466603755 ], [ 5.67453869553102, 51.525775618832924 ], [ 5.674564888025555, 51.525827275178003 ], [ 5.674620999414857, 51.525865878221744 ], [ 5.674672497426081, 51.525888178160464 ], [ 5.674846106360335, 51.525881089937123 ], [ 5.675116770136639, 51.525842832124255 ], [ 5.67530676845621, 51.5257911819063 ], [ 5.675608982682102, 51.525781447039279 ], [ 5.675982501401533, 51.525776964191742 ], [ 5.676099462315997, 51.525760468245259 ], [ 5.676344372694714, 51.525769560712966 ], [ 5.676425434101296, 51.525759166767479 ], [ 5.677499782615308, 51.52567671680422 ], [ 5.677607058430949, 51.525680369066215 ], [ 5.678440287870546, 51.525708738071955 ], [ 5.678677744338867, 51.525735138448361 ], [ 5.678831808964356, 51.525783643089831 ], [ 5.679090253644729, 51.525840255059435 ], [ 5.679485121207144, 51.525857109663875 ], [ 5.680521390447326, 51.525856416294694 ], [ 5.680831198625567, 51.525949317461361 ], [ 5.681073890267172, 51.526131904966292 ], [ 5.681053512310124, 51.526247397787323 ], [ 5.680855737650604, 51.526470769559147 ], [ 5.680476700067653, 51.526565384298436 ], [ 5.680334053400566, 51.5266009871292 ], [ 5.677703042532879, 51.527257714065769 ], [ 5.677744591075316, 51.527454273810889 ], [ 5.677780777949128, 51.527839851666691 ], [ 5.677885048184154, 51.527963024529484 ], [ 5.678280043153016, 51.528296050425304 ], [ 5.678373946343848, 51.528357253836184 ], [ 5.678788628316089, 51.528395391526907 ], [ 5.679132114200256, 51.528389706246443 ], [ 5.679340986263457, 51.528363332367725 ], [ 5.680081339046108, 51.528193973591932 ], [ 5.680822108173389, 51.527989553245241 ], [ 5.681419587501188, 51.527796347688408 ], [ 5.681842887615304, 51.527659461343518 ], [ 5.682104989705832, 51.527604642835144 ], [ 5.682174232199842, 51.527640631140095 ], [ 5.682360592222653, 51.527563378008999 ], [ 5.683329778992836, 51.527052424643756 ], [ 5.683350027041478, 51.52704161833654 ], [ 5.683636148501106, 51.526929376927413 ], [ 5.684077636365963, 51.52678359321115 ], [ 5.684468905696807, 51.526706193889211 ], [ 5.684837552642749, 51.526646828276881 ], [ 5.689675083474341, 51.52580097714381 ], [ 5.69055892454681, 51.525648685396852 ], [ 5.692376696321925, 51.525329344281076 ], [ 5.692568133589845, 51.525304406198181 ], [ 5.692815907946595, 51.525286904087707 ], [ 5.693353378321199, 51.525291675623308 ], [ 5.693587560070252, 51.525261848086316 ], [ 5.693842888595702, 51.525229154678101 ], [ 5.694110632377036, 51.525168339353499 ], [ 5.694385324972757, 51.525103010791156 ], [ 5.694591115905949, 51.525069885181651 ], [ 5.694806989254721, 51.525029991135519 ], [ 5.695166753706707, 51.524959661769309 ], [ 5.695385597367904, 51.524925938533158 ], [ 5.695739457889516, 51.524848600129026 ], [ 5.695987037604796, 51.524803002176427 ], [ 5.696246025071424, 51.524746418098658 ], [ 5.696771422348031, 51.524665251605505 ], [ 5.697165864372907, 51.524596789937341 ], [ 5.697484113980522, 51.524580496611335 ], [ 5.697670026916847, 51.524571855920463 ], [ 5.697886221269298, 51.524579427235707 ], [ 5.698145704950077, 51.524595870644696 ], [ 5.698383648053566, 51.52462304585071 ], [ 5.698891289328513, 51.524678432722403 ], [ 5.699250178282606, 51.524711462025991 ], [ 5.70298838897425, 51.525173316430283 ], [ 5.70468019138947, 51.525400748540029 ], [ 5.704971508318512, 51.525428607429106 ], [ 5.705408337293593, 51.525465339116252 ], [ 5.705760383235895, 51.52551634445161 ], [ 5.705991024468042, 51.525528355698405 ], [ 5.70618413603341, 51.525550299954709 ], [ 5.706530205951434, 51.525583623280291 ], [ 5.706823164821929, 51.525620461747202 ], [ 5.707182094623061, 51.525657399140059 ], [ 5.707809291778896, 51.525709610603172 ], [ 5.708380408488073, 51.52575916402526 ], [ 5.709082473762328, 51.525827454664203 ], [ 5.709805052712209, 51.525899055163471 ], [ 5.711926088264702, 51.526098229567737 ], [ 5.712296737876938, 51.526135681353487 ], [ 5.712652895856856, 51.526161655159079 ], [ 5.712844366405104, 51.52617376116612 ], [ 5.713091025167957, 51.526189364931057 ], [ 5.713395678963045, 51.526223064875339 ], [ 5.71308591022506, 51.52666915024448 ], [ 5.71294152455592, 51.526817866452767 ], [ 5.713185110545481, 51.526844152660445 ], [ 5.713421839678962, 51.526887592648293 ], [ 5.714451626851019, 51.527030495609871 ], [ 5.715424023347484, 51.527176078472088 ], [ 5.715606263394209, 51.527063207457545 ], [ 5.715942028862391, 51.526883331985879 ], [ 5.717185325177395, 51.526227301835263 ], [ 5.717343928629601, 51.526054102600298 ], [ 5.717507171311749, 51.525899990080887 ], [ 5.717652057489452, 51.525822334920363 ], [ 5.71784521993512, 51.525819821325904 ], [ 5.719400008574953, 51.525832543004064 ], [ 5.719590017685316, 51.525798855537317 ], [ 5.719804454394573, 51.525749649318172 ], [ 5.720023604489761, 51.525759699775975 ], [ 5.720214053103998, 51.525816740954561 ], [ 5.720468799769925, 51.525952810218783 ], [ 5.720731899666083, 51.526060766316711 ], [ 5.720978385842322, 51.526083375886998 ], [ 5.721171566540429, 51.526082823466645 ], [ 5.721376991639064, 51.526002179729765 ], [ 5.721518965578085, 51.525927335263859 ], [ 5.721642162323263, 51.52581012948913 ], [ 5.721840735009409, 51.525777820557039 ], [ 5.722052350245321, 51.525743224911842 ], [ 5.722247045382797, 51.52576513808787 ], [ 5.722507810507928, 51.52576972697485 ], [ 5.721922116257764, 51.527625043056567 ], [ 5.722528780611273, 51.52763481950754 ], [ 5.722968291255754, 51.527633556414017 ], [ 5.723328666405449, 51.527648811507561 ], [ 5.728698235488798, 51.527869463574554 ], [ 5.731313297339841, 51.527987627474857 ], [ 5.733374798527149, 51.528090521577873 ], [ 5.733540981875609, 51.528150983770615 ], [ 5.734110839445365, 51.528440581387194 ], [ 5.734279973273972, 51.528503842731567 ], [ 5.734470882163737, 51.528587824521153 ], [ 5.73483543999878, 51.528765671285775 ], [ 5.736533661897657, 51.529613685444858 ], [ 5.741253014543401, 51.531974171103329 ], [ 5.741682800469229, 51.532193090125602 ], [ 5.741901526189059, 51.532346076829533 ], [ 5.744368678600459, 51.533605962187934 ], [ 5.746176165453081, 51.534528220865269 ], [ 5.747521988111481, 51.535214239426573 ], [ 5.750296726498948, 51.536682599407705 ], [ 5.752009888182272, 51.536065185879167 ] ] ] ] } },
{ "type": "Feature", "properties": { "buurtcode": "BU16520609", "buurtnaam": "Verspreide huizen ten zuidwesten van Bakel", "pc6_codes": "5761DB, 5761DC, 5761DD, 5761GS, 5761GT, 5761GV, 5761GW, 5761PA, 5761PC, 5761PD, 5761PE, 5761PG, 5761PH, 5761PJ, 5761PK, 5761PL, 5761PM, 5761PN, 5761PP, 5761PR, 5761PS, 5761PT, 5761PV, 5761RX", "wijkcode": "WK165206", "gemeentecode": "GM1652", "gemeentenaam": "Gemert-Bakel", "oppervlakteLandInHa": 502, "AantalInwoners_5": 705, "Mannen_6": 365, "Vrouwen_7": 340, "HuishoudensTotaal_29": 240, "GemiddeldeHuishoudensgrootte_33": 2.9, "Woningvoorraad_35": 241, "NieuwbouwWoningen_36": 1, "NietWoningvoorraad_37": 19, "NieuwbouwNietWoningen_38": 0, "GemiddeldeWOZWaardeVanWoningen_39": 542, "PercentageEengezinswoning_40": 97, "PercentageTussenwoningEengezins_41": 3, "PercentageHoekwoningEengezins_42": 4, "PercentageTweeOnderEenKapWoningEe_43": 38, "PercentageVrijstaandeWoningEengezins_44": 53, "PercentageMeergezinswoning_45": 3, "Koopwoningen_47": 92, "HuurwoningenTotaal_48": 8, "InBezitWoningcorporatie_49": 0, "InBezitOverigeVerhuurders_50": 8, "BouwjaarMeerDanTienJaarGeleden_51": 73, "BouwjaarAfgelopenTienJaar_52": 27, "GemiddeldeElektriciteitslevering_53": 4340, "GemiddeldeElektriciteitsteruglevering_54": 2140, "GemiddeldAardgasverbruik_55": 1050, "AardgasvrijeWoningen_57": 20, "Aardgaswoningen_58": 56, "WoningenMetZonnestroom_59": 54, "WoningenHoofdzElektrVerwarmd_60": 25, "k_20PersonenMetHoogsteInkomen_80": 22.9, "k_20HuishoudensMetHoogsteInkomen_85": 39.7, "MediaanVermogenVanParticuliereHuish_86": 460.4, "PersonenautoSTotaal_104": 395, "PersonenautoSBrandstofBenzine_105": 315, "PersonenautoSOverigeBrandstof_106": 80, "PersonenautoSPerHuishouden_107": 1.6, "Omgevingsadressendichtheid_121": 344, "AantalInstallatiesBijWoningen_5": 27, "OpgesteldVermogenVanZonnepanelen_6": 186, "installaties_per_woning": 0.11203319502074689, "vermogen_per_woning": 0.77178423236514526, "installaties_per_100_woningen": 11.20331950207469, "vermogen_per_huishouden": 0.775, "batterijdruk_score": 1155.6, "koop_zon_score": 0.4968, "eengezins_zon_score": 0.5238, "betaalkracht_zon_score": 248.616, "overige_brandstof_zon_score": 43.2, "lichte_batterij_kansscore": 0.54917201888441403 }, "geometry": { "type": "MultiPolygon", "coordinates": [ [ [ [ 5.726898820502504, 51.503250176761121 ], [ 5.727005508328465, 51.501927683318165 ], [ 5.727277001942608, 51.500677462337165 ], [ 5.728025259007853, 51.49954101798933 ], [ 5.729048744739692, 51.500029312372888 ], [ 5.731582729602852, 51.498448558108251 ], [ 5.732682654362056, 51.497120034174195 ], [ 5.732751846119044, 51.496424046407462 ], [ 5.734287697771797, 51.496887464530694 ], [ 5.736670095267258, 51.497205915279721 ], [ 5.740779493463251, 51.497376682712257 ], [ 5.742752177866246, 51.497467932184691 ], [ 5.743099567727266, 51.496662654734919 ], [ 5.743771975750243, 51.496842356814874 ], [ 5.743834206876411, 51.496763739216703 ], [ 5.743834489641911, 51.49679997456461 ], [ 5.746312038682095, 51.497362879547801 ], [ 5.746309920402059, 51.497492169882399 ], [ 5.747585879969757, 51.498414106132579 ], [ 5.747523706386042, 51.498836912501368 ], [ 5.748069090977824, 51.498753431031069 ], [ 5.749244936504116, 51.498299909495188 ], [ 5.75005632025733, 51.498706370966673 ], [ 5.750949847856076, 51.498458200253424 ], [ 5.753500097641786, 51.497809485706583 ], [ 5.755085614205144, 51.497589119992725 ], [ 5.755155953483265, 51.495632530947574 ], [ 5.76408782117515, 51.491591966941137 ], [ 5.765184683907971, 51.49108448882005 ], [ 5.766206809445672, 51.49043960314502 ], [ 5.766863891356532, 51.490025109260053 ], [ 5.76825622852026, 51.488970850907059 ], [ 5.768058096390799, 51.488916647573312 ], [ 5.768003757487699, 51.488906344043897 ], [ 5.767881815409802, 51.488890472298202 ], [ 5.767702295512652, 51.48887812299877 ], [ 5.767114497192654, 51.488839678706114 ], [ 5.766928753449971, 51.488821649624569 ], [ 5.76688942678906, 51.488817588838266 ], [ 5.766791767790592, 51.488799111110254 ], [ 5.766670069228337, 51.488776100255684 ], [ 5.766459508283245, 51.488720668117459 ], [ 5.766261284411168, 51.488649366371114 ], [ 5.764952139294213, 51.48811126746584 ], [ 5.764740489638677, 51.488035062803583 ], [ 5.764517412623679, 51.487974948581581 ], [ 5.764285673685135, 51.487927598956276 ], [ 5.764043200155102, 51.487898323920177 ], [ 5.763906170757981, 51.48788737763158 ], [ 5.763803981224539, 51.487884741189795 ], [ 5.763561331231044, 51.487888013916191 ], [ 5.763495020541418, 51.487893980550332 ], [ 5.763413285773733, 51.487901219341317 ], [ 5.763291914458387, 51.487915543103441 ], [ 5.763230121200513, 51.48792283434841 ], [ 5.762970899964375, 51.487981997235671 ], [ 5.76268530195037, 51.488048255630233 ], [ 5.762533339047303, 51.488078856746142 ], [ 5.762383941336643, 51.488106276394767 ], [ 5.76223101827232, 51.488125248786965 ], [ 5.762088988921384, 51.488131332098867 ], [ 5.761957017132367, 51.488126129049633 ], [ 5.76178888950035, 51.48811188240218 ], [ 5.761692928658356, 51.488098114047872 ], [ 5.761175193501249, 51.488021347747811 ], [ 5.76071274407245, 51.487949337021867 ], [ 5.760217120664453, 51.487873493450984 ], [ 5.760076215824142, 51.487849836005793 ], [ 5.759965111212407, 51.487838038210072 ], [ 5.759856187682879, 51.487834116458622 ], [ 5.759754983778143, 51.487835751960709 ], [ 5.759618419505161, 51.487841014823545 ], [ 5.759515956830628, 51.487854213640667 ], [ 5.75938634036951, 51.487878060732349 ], [ 5.759273229826054, 51.487900884269614 ], [ 5.758900299520193, 51.487973712916506 ], [ 5.758587644361754, 51.48802793064953 ], [ 5.758423970771572, 51.488059992888012 ], [ 5.758297328587804, 51.488079703479805 ], [ 5.75818110630343, 51.488088315684394 ], [ 5.758017201290983, 51.488092054605701 ], [ 5.757893971029774, 51.488090549508414 ], [ 5.757794260340622, 51.48808468196701 ], [ 5.757635330099042, 51.488068125983567 ], [ 5.757492583847875, 51.488046331934036 ], [ 5.75629331013377, 51.487882015160523 ], [ 5.755901064948936, 51.487826635160836 ], [ 5.755710059339814, 51.487794276842187 ], [ 5.755562060802777, 51.487758402698141 ], [ 5.755478707234058, 51.487734764764802 ], [ 5.755366431706254, 51.48769374393985 ], [ 5.755165551850952, 51.487597533003154 ], [ 5.754705493930546, 51.487367172523044 ], [ 5.75458854188803, 51.487319163462224 ], [ 5.754482695379396, 51.487287775441587 ], [ 5.754377030010036, 51.487264539530429 ], [ 5.754220454005867, 51.487239468162876 ], [ 5.754085966010566, 51.487230677635239 ], [ 5.753854458176025, 51.487233382802614 ], [ 5.75364925156409, 51.487241029617344 ], [ 5.752534061840703, 51.487285820561212 ], [ 5.75232313789581, 51.487287963865782 ], [ 5.752092006406605, 51.487273019490942 ], [ 5.751891134652539, 51.487243157684283 ], [ 5.751637196215925, 51.487181326582693 ], [ 5.751534670357631, 51.487152586185992 ], [ 5.751308428335917, 51.487077454466771 ], [ 5.751205159161159, 51.487047529588999 ], [ 5.751119905805573, 51.487027130417481 ], [ 5.75083607378232, 51.486942892022022 ], [ 5.750720972923771, 51.486907880013341 ], [ 5.750449890211346, 51.486806360588041 ], [ 5.75020304116691, 51.486697798888528 ], [ 5.750039445590428, 51.48661524288233 ], [ 5.749947717356288, 51.486584346181516 ], [ 5.749765568869345, 51.4865132002259 ], [ 5.749621876109426, 51.486461871547462 ], [ 5.749446429057487, 51.486409508694592 ], [ 5.74934928618866, 51.486378358671992 ], [ 5.749249020368368, 51.486354589012976 ], [ 5.749121216825844, 51.486333187818047 ], [ 5.748669282100134, 51.486246292412275 ], [ 5.748211440768528, 51.486169597759393 ], [ 5.748063357733359, 51.48614343120196 ], [ 5.747909940640679, 51.486121802274454 ], [ 5.747870424562215, 51.486115128944739 ], [ 5.747560021047136, 51.486077409470582 ], [ 5.747477688936549, 51.4860672997021 ], [ 5.746478242694754, 51.48596740640901 ], [ 5.746338613943519, 51.48595235765422 ], [ 5.746074317060173, 51.485898735086309 ], [ 5.746010433174026, 51.485892864155367 ], [ 5.745948173818336, 51.48588669156706 ], [ 5.742461693742603, 51.48556342737939 ], [ 5.742356068407737, 51.48555507479842 ], [ 5.741929526248546, 51.485520381427769 ], [ 5.739368617008719, 51.485343824812631 ], [ 5.739080975121603, 51.485315641039115 ], [ 5.738831507804202, 51.485286568495034 ], [ 5.738728977872329, 51.485272459513865 ], [ 5.738695400748655, 51.48526646631079 ], [ 5.738612070742415, 51.485251598268796 ], [ 5.738517511064233, 51.485231137038724 ], [ 5.738095651257471, 51.485136370915939 ], [ 5.737999994412009, 51.485113593476783 ], [ 5.737597258539188, 51.485002336679052 ], [ 5.737397865553794, 51.484943205220581 ], [ 5.737158334633556, 51.484867268048333 ], [ 5.737054034861537, 51.484825019221262 ], [ 5.736410950425806, 51.484504115691003 ], [ 5.736298552638772, 51.484453252265595 ], [ 5.736239865060067, 51.484429940306363 ], [ 5.736178874775632, 51.484412352031235 ], [ 5.736094258947714, 51.484383445659624 ], [ 5.735955821662934, 51.48435183270422 ], [ 5.735844601588539, 51.484326780929251 ], [ 5.735742510008139, 51.484313108468108 ], [ 5.735608635737049, 51.484303890352543 ], [ 5.735559291257609, 51.484304891609654 ], [ 5.735425897066928, 51.484307599883685 ], [ 5.735334419747075, 51.484309454864118 ], [ 5.735194156816862, 51.484313855268539 ], [ 5.735045496186403, 51.484330864747839 ], [ 5.734860995809854, 51.48436968858816 ], [ 5.734809438382734, 51.48438066461253 ], [ 5.734738023281083, 51.484398594109678 ], [ 5.734684011342822, 51.484416193087334 ], [ 5.734656495199009, 51.484421344665449 ], [ 5.734566177899201, 51.484463905503105 ], [ 5.73446135797054, 51.48451148918344 ], [ 5.734327885063794, 51.484581315208509 ], [ 5.734261579947835, 51.484618060579365 ], [ 5.732899722544811, 51.485548202057323 ], [ 5.732774357827097, 51.485628555023808 ], [ 5.732600383736777, 51.485744413371982 ], [ 5.732544041457731, 51.485772076627022 ], [ 5.732511759224268, 51.485788666463989 ], [ 5.732474378476872, 51.485805010705775 ], [ 5.732251273804245, 51.485882173644441 ], [ 5.732125508730661, 51.485919498097331 ], [ 5.73189780149574, 51.486005015493134 ], [ 5.731793166780294, 51.486032272720834 ], [ 5.731108823331591, 51.486152807938943 ], [ 5.730943128032944, 51.486181898274509 ], [ 5.730854496421513, 51.486189332335421 ], [ 5.730697969224941, 51.486200903276448 ], [ 5.730428547452672, 51.486217579146725 ], [ 5.730347829092845, 51.486220513164518 ], [ 5.730041921826603, 51.486231156138068 ], [ 5.729879878559636, 51.486236791657582 ], [ 5.729513100479269, 51.486249553555304 ], [ 5.729411857444261, 51.486249472994345 ], [ 5.729368510485748, 51.486244206882184 ], [ 5.729303927461893, 51.486240863680877 ], [ 5.729178751058651, 51.486226722820923 ], [ 5.729057778958004, 51.486208776270907 ], [ 5.728905783708136, 51.486175909291624 ], [ 5.728865420959933, 51.486165402820603 ], [ 5.728667048434328, 51.486109030992871 ], [ 5.72861719544679, 51.486094354477146 ], [ 5.728510089525762, 51.486042002923554 ], [ 5.728386512763455, 51.485974220863341 ], [ 5.728305061014217, 51.485929236764527 ], [ 5.728142555431435, 51.485836588596705 ], [ 5.727886681267574, 51.485682001941569 ], [ 5.727517740099754, 51.485457093235532 ], [ 5.727173865566641, 51.485253063034001 ], [ 5.727010131439189, 51.485149504572298 ], [ 5.726775433077149, 51.485012876195853 ], [ 5.726455282847528, 51.484819282648886 ], [ 5.726223125143417, 51.484685045766078 ], [ 5.725730089331687, 51.484410379825675 ], [ 5.725639515790466, 51.484363505741122 ], [ 5.725528110819467, 51.484310894268404 ], [ 5.725441973816803, 51.48427783181323 ], [ 5.72540412351938, 51.48426024274579 ], [ 5.725281966585222, 51.484221441905746 ], [ 5.72516130448229, 51.484182286048579 ], [ 5.724997243822656, 51.484138302932472 ], [ 5.724827353891832, 51.484113859946355 ], [ 5.724732349337742, 51.484106009011249 ], [ 5.724495457674616, 51.484089363797885 ], [ 5.724409497290383, 51.484083850487977 ], [ 5.724368101066341, 51.484085021795643 ], [ 5.724334260819702, 51.484083942055243 ], [ 5.724258626702292, 51.484086713360206 ], [ 5.724175099823025, 51.484089031008658 ], [ 5.724130822977804, 51.484090030777026 ], [ 5.724056868653491, 51.48409606899331 ], [ 5.723866498330286, 51.484120986843074 ], [ 5.723781214629403, 51.484134931688587 ], [ 5.723672362416427, 51.484156521925769 ], [ 5.723602506490166, 51.484173631122204 ], [ 5.723567698279107, 51.484183780856547 ], [ 5.723355971191351, 51.484244930030187 ], [ 5.722763729577062, 51.48447875934967 ], [ 5.722552718729762, 51.484565136324598 ], [ 5.722344130716123, 51.484669771026361 ], [ 5.722177997414485, 51.484770382376801 ], [ 5.721826028757112, 51.485033575133457 ], [ 5.72171770585638, 51.48513146722199 ], [ 5.72163011809265, 51.485237713217273 ], [ 5.721566457059644, 51.485328178310418 ], [ 5.72142923874253, 51.485586844172204 ], [ 5.721362604309719, 51.485739106088737 ], [ 5.720859234255851, 51.486889160352042 ], [ 5.720788006405739, 51.487018307094907 ], [ 5.720685022559366, 51.487158043371011 ], [ 5.720553626361149, 51.487291200090134 ], [ 5.720430980703872, 51.487390606019041 ], [ 5.718907541061436, 51.488474356145971 ], [ 5.718744169090461, 51.488579458035595 ], [ 5.718622969896923, 51.488643253646337 ], [ 5.718487501932082, 51.488701139114404 ], [ 5.718349037879512, 51.488752965546915 ], [ 5.718203934523928, 51.488800639885987 ], [ 5.718016314477687, 51.488842582936954 ], [ 5.715395540836209, 51.489393404929416 ], [ 5.715237676618993, 51.489431268822635 ], [ 5.715114877582892, 51.489463883438091 ], [ 5.714976671369058, 51.489510383815599 ], [ 5.714792729506758, 51.489580041508574 ], [ 5.713314957002401, 51.490356553583311 ], [ 5.712984683828362, 51.490525899348697 ], [ 5.712956995973806, 51.490540096108454 ], [ 5.712438943924385, 51.490884370473211 ], [ 5.712193313404054, 51.491188513588291 ], [ 5.712073871082928, 51.491500484655326 ], [ 5.712094631291499, 51.491927300546138 ], [ 5.712598390868712, 51.493668537409832 ], [ 5.712664584644185, 51.493903677132487 ], [ 5.712672409752922, 51.494312911073116 ], [ 5.7124958386775, 51.494631064244942 ], [ 5.712423985293116, 51.494711983085956 ], [ 5.711994362659163, 51.495018831520809 ], [ 5.711664808874559, 51.495155172088147 ], [ 5.709972578748678, 51.495693973603643 ], [ 5.70964487147184, 51.495822159569755 ], [ 5.709357274974044, 51.495981874125107 ], [ 5.707865086492727, 51.4969600895271 ], [ 5.707316362715373, 51.497218223418834 ], [ 5.706658679241628, 51.497341642738419 ], [ 5.705048215182106, 51.497463342641282 ], [ 5.705047981509916, 51.497532915819967 ], [ 5.70504564861251, 51.498332197402064 ], [ 5.705198438890867, 51.498516588845021 ], [ 5.705397198131214, 51.498746067921857 ], [ 5.705613692277924, 51.498978284771241 ], [ 5.70578840769682, 51.499167020083249 ], [ 5.705995704168201, 51.499401418620735 ], [ 5.70620771989857, 51.499630770218864 ], [ 5.707248655390541, 51.499199339030355 ], [ 5.707329113470736, 51.499172332030312 ], [ 5.707474744833961, 51.49913606755014 ], [ 5.707497874039397, 51.499250610004154 ], [ 5.707519610867362, 51.499310594863715 ], [ 5.707923325695579, 51.500843371793174 ], [ 5.708181467327903, 51.501827628499754 ], [ 5.710666669665131, 51.501603888689075 ], [ 5.711914572932765, 51.501489750036995 ], [ 5.723902355632553, 51.502974873029878 ], [ 5.726976070385184, 51.503378601846563 ], [ 5.726898820502504, 51.503250176761121 ] ] ] ] } },
{ "type": "Feature", "properties": { "buurtcode": "BU16520700", "buurtnaam": "Milheeze", "pc6_codes": "5763AD, 5763AE, 5763AG, 5763AH, 5763AJ, 5763AK, 5763AL, 5763AM, 5763AN, 5763AP, 5763AR, 5763AS, 5763AT, 5763AV, 5763AW, 5763AX, 5763AZ, 5763BA, 5763BB, 5763BC, 5763BD, 5763BE, 5763BG, 5763BH, 5763BJ, 5763BK, 5763BL, 5763BM, 5763BN, 5763BP, 5763BT, 5763BV, 5763BW, 5763BX, 5763CA, 5763CB, 5763CC, 5763CD, 5763CE, 5763CG, 5763DA, 5763DZ, 5763PJ", "wijkcode": "WK165207", "gemeentecode": "GM1652", "gemeentenaam": "Gemert-Bakel", "oppervlakteLandInHa": 65, "AantalInwoners_5": 1430, "Mannen_6": 730, "Vrouwen_7": 700, "HuishoudensTotaal_29": 630, "GemiddeldeHuishoudensgrootte_33": 2.3, "Woningvoorraad_35": 613, "NieuwbouwWoningen_36": 0, "NietWoningvoorraad_37": 23, "NieuwbouwNietWoningen_38": 0, "GemiddeldeWOZWaardeVanWoningen_39": 394, "PercentageEengezinswoning_40": 84, "PercentageTussenwoningEengezins_41": 9, "PercentageHoekwoningEengezins_42": 10, "PercentageTweeOnderEenKapWoningEe_43": 33, "PercentageVrijstaandeWoningEengezins_44": 32, "PercentageMeergezinswoning_45": 16, "Koopwoningen_47": 79, "HuurwoningenTotaal_48": 21, "InBezitWoningcorporatie_49": 17, "InBezitOverigeVerhuurders_50": 4, "BouwjaarMeerDanTienJaarGeleden_51": 94, "BouwjaarAfgelopenTienJaar_52": 6, "GemiddeldeElektriciteitslevering_53": 3310, "GemiddeldeElektriciteitsteruglevering_54": 1330, "GemiddeldAardgasverbruik_55": 1010, "AardgasvrijeWoningen_57": 4, "Aardgaswoningen_58": 89, "WoningenMetZonnestroom_59": 46, "WoningenHoofdzElektrVerwarmd_60": 9, "k_20PersonenMetHoogsteInkomen_80": 15.9, "k_20HuishoudensMetHoogsteInkomen_85": 22.4, "MediaanVermogenVanParticuliereHuish_86": 297.4, "PersonenautoSTotaal_104": 895, "PersonenautoSBrandstofBenzine_105": 745, "PersonenautoSOverigeBrandstof_106": 155, "PersonenautoSPerHuishouden_107": 1.4, "Omgevingsadressendichtheid_121": 243, "AantalInstallatiesBijWoningen_5": null, "OpgesteldVermogenVanZonnepanelen_6": null, "installaties_per_woning": null, "vermogen_per_woning": null, "installaties_per_100_woningen": null, "vermogen_per_huishouden": null, "batterijdruk_score": 611.8, "koop_zon_score": 0.3634, "eengezins_zon_score": 0.3864, "betaalkracht_zon_score": 136.804, "overige_brandstof_zon_score": 71.3, "lichte_batterij_kansscore": 0.45911873031149603 }, "geometry": { "type": "MultiPolygon", "coordinates": [ [ [ [ 5.789831626004609, 51.506711275951851 ], [ 5.7894042033691, 51.505613877153941 ], [ 5.788846129488231, 51.503736030335226 ], [ 5.788747591388091, 51.503408561994341 ], [ 5.788584255332349, 51.502470643509653 ], [ 5.785296832531386, 51.502226151000755 ], [ 5.78521576640174, 51.501601277380495 ], [ 5.784372628440887, 51.501604149421624 ], [ 5.784220893856867, 51.500320407829619 ], [ 5.782197598715898, 51.50046449545858 ], [ 5.782138257389233, 51.500429718417912 ], [ 5.779178975363964, 51.500439694198455 ], [ 5.779002526944649, 51.497825409298954 ], [ 5.777119211264662, 51.49780783956907 ], [ 5.776250766790783, 51.499983034836568 ], [ 5.774213416505384, 51.500162357543083 ], [ 5.774019329842135, 51.500416723944127 ], [ 5.771891986611724, 51.500817466499484 ], [ 5.772441124373032, 51.501104375873695 ], [ 5.772923518456898, 51.501785212152157 ], [ 5.772802774321368, 51.502424296011434 ], [ 5.772725638198936, 51.503246967912645 ], [ 5.774085578881462, 51.50325996655355 ], [ 5.773952390715953, 51.504082824139701 ], [ 5.775607572138898, 51.504191066076395 ], [ 5.775582223707643, 51.504506118950943 ], [ 5.775907376231643, 51.504543048129577 ], [ 5.775908878943863, 51.504576455116087 ], [ 5.783378457929599, 51.506014819786564 ], [ 5.790370389861543, 51.508128793494933 ], [ 5.789831626004609, 51.506711275951851 ] ] ] ] } },
{ "type": "Feature", "properties": { "buurtcode": "BU16520708", "buurtnaam": "Verspreide huizen Groote Peel", "pc6_codes": "5763AA, 5763AB, 5763AC, 5763NA, 5763PA, 5763PB, 5763PC, 5763PD, 5763PE, 5763PG, 5763PH, 5763PJ, 5763PZ, 5763RD", "wijkcode": "WK165207", "gemeentecode": "GM1652", "gemeentenaam": "Gemert-Bakel", "oppervlakteLandInHa": 1000, "AantalInwoners_5": 290, "Mannen_6": 150, "Vrouwen_7": 135, "HuishoudensTotaal_29": 105, "GemiddeldeHuishoudensgrootte_33": 2.6, "Woningvoorraad_35": 102, "NieuwbouwWoningen_36": 0, "NietWoningvoorraad_37": 18, "NieuwbouwNietWoningen_38": 0, "GemiddeldeWOZWaardeVanWoningen_39": 563, "PercentageEengezinswoning_40": 96, "PercentageTussenwoningEengezins_41": 0, "PercentageHoekwoningEengezins_42": 0, "PercentageTweeOnderEenKapWoningEe_43": 4, "PercentageVrijstaandeWoningEengezins_44": 92, "PercentageMeergezinswoning_45": 4, "Koopwoningen_47": 77, "HuurwoningenTotaal_48": 23, "InBezitWoningcorporatie_49": 0, "InBezitOverigeVerhuurders_50": 23, "BouwjaarMeerDanTienJaarGeleden_51": 95, "BouwjaarAfgelopenTienJaar_52": 5, "GemiddeldeElektriciteitslevering_53": 4850, "GemiddeldeElektriciteitsteruglevering_54": 2910, "GemiddeldAardgasverbruik_55": 1510, "AardgasvrijeWoningen_57": 10, "Aardgaswoningen_58": 49, "WoningenMetZonnestroom_59": 53, "WoningenHoofdzElektrVerwarmd_60": 15, "k_20PersonenMetHoogsteInkomen_80": 27.1, "k_20HuishoudensMetHoogsteInkomen_85": 43.9, "MediaanVermogenVanParticuliereHuish_86": 608.0, "PersonenautoSTotaal_104": 185, "PersonenautoSBrandstofBenzine_105": 120, "PersonenautoSOverigeBrandstof_106": 65, "PersonenautoSPerHuishouden_107": 1.7, "Omgevingsadressendichtheid_121": 60, "AantalInstallatiesBijWoningen_5": null, "OpgesteldVermogenVanZonnepanelen_6": null, "installaties_per_woning": null, "vermogen_per_woning": null, "installaties_per_100_woningen": null, "vermogen_per_huishouden": null, "batterijdruk_score": 1542.3, "koop_zon_score": 0.4081, "eengezins_zon_score": 0.5088, "betaalkracht_zon_score": 322.24, "overige_brandstof_zon_score": 34.45, "lichte_batterij_kansscore": 0.53712957414589524 }, "geometry": { "type": "MultiPolygon", "coordinates": [ [ [ [ 5.840369108875395, 51.526302957467571 ], [ 5.84166817145073, 51.526225156568294 ], [ 5.842662620026682, 51.526082798666799 ], [ 5.844447983556136, 51.525800822223779 ], [ 5.846509713689202, 51.525486269261179 ], [ 5.847519134706268, 51.525269373414389 ], [ 5.847686043728229, 51.525295242008887 ], [ 5.848700896530773, 51.520909151898572 ], [ 5.849165222488593, 51.518902113996234 ], [ 5.851018875655202, 51.510844068512682 ], [ 5.851188392962814, 51.510107015993349 ], [ 5.851201082173973, 51.510051819522012 ], [ 5.851216585530923, 51.509984432094726 ], [ 5.851373821495346, 51.509300778144748 ], [ 5.851852451088398, 51.507219504055477 ], [ 5.851857071215252, 51.507199422750212 ], [ 5.8518876186431, 51.507066600069891 ], [ 5.85188925970723, 51.50705945646073 ], [ 5.852202003783251, 51.505699406904064 ], [ 5.852218703932558, 51.505626801064693 ], [ 5.85242460114912, 51.504731356056176 ], [ 5.852438845811765, 51.504669402660213 ], [ 5.852524271242265, 51.504297826229582 ], [ 5.85255213975022, 51.50417664547615 ], [ 5.85257370273587, 51.504144424682536 ], [ 5.850398415753551, 51.503709535114737 ], [ 5.849027995140413, 51.503435531375153 ], [ 5.846713823290782, 51.502972619370581 ], [ 5.844933321184996, 51.502617520644996 ], [ 5.843262888990226, 51.502284607524089 ], [ 5.841958236908209, 51.502024241557798 ], [ 5.840518123601177, 51.501737124299083 ], [ 5.83922009177106, 51.501477439181194 ], [ 5.837779108426514, 51.501190570243928 ], [ 5.837275260717298, 51.501090051246543 ], [ 5.836680170614337, 51.500971328674098 ], [ 5.835030357842216, 51.500643171468532 ], [ 5.833790047958137, 51.500396031614507 ], [ 5.832284050163539, 51.500095770734411 ], [ 5.830596472129752, 51.499759182677408 ], [ 5.830496179374774, 51.499740075999505 ], [ 5.830483336633195, 51.499737491068814 ], [ 5.829534857726495, 51.499546995145323 ], [ 5.828200531007861, 51.499281437724882 ], [ 5.826790438270927, 51.499000878573057 ], [ 5.825903332291167, 51.498827443389594 ], [ 5.824966427531986, 51.498656417477562 ], [ 5.824119053433227, 51.498502388258466 ], [ 5.823457909429817, 51.498374012004334 ], [ 5.823358417857381, 51.498355219809923 ], [ 5.822717287741156, 51.498225991548892 ], [ 5.821284139708107, 51.497940022870438 ], [ 5.820025246892441, 51.497688707379957 ], [ 5.818549931847696, 51.497394493052468 ], [ 5.817380481031698, 51.497161065690115 ], [ 5.816993273462331, 51.497083777696197 ], [ 5.815814854394914, 51.496847482324085 ], [ 5.814709768070451, 51.496627176137054 ], [ 5.811131966734638, 51.495910744484277 ], [ 5.808578657596741, 51.495397987343701 ], [ 5.805464306074112, 51.494766512572724 ], [ 5.803254735313622, 51.494311696648097 ], [ 5.801464320573032, 51.493931621429944 ], [ 5.801337990181572, 51.493895215927445 ], [ 5.80098663206403, 51.493871302689165 ], [ 5.800654695309756, 51.493948272174023 ], [ 5.800383304383298, 51.494058015066635 ], [ 5.799796710792021, 51.494185105742062 ], [ 5.799028050219506, 51.494097016343666 ], [ 5.798905460951251, 51.494066491627144 ], [ 5.796954536045828, 51.49358425304748 ], [ 5.796707841492811, 51.493506125852569 ], [ 5.79472700448727, 51.492831712886712 ], [ 5.794417558939671, 51.49269020462561 ], [ 5.794191427079618, 51.492500054594359 ], [ 5.793862441585238, 51.492145543880675 ], [ 5.793464728583917, 51.49185974774759 ], [ 5.792935693885913, 51.491697471755593 ], [ 5.792533471587449, 51.491630033657096 ], [ 5.792380237528067, 51.491604345607975 ], [ 5.792378593596011, 51.491604072664487 ], [ 5.792053710738263, 51.49154959580634 ], [ 5.791947459554401, 51.491531780128206 ], [ 5.791838180177981, 51.491513462494787 ], [ 5.791641324048603, 51.491480395747757 ], [ 5.791541740678508, 51.491793051018931 ], [ 5.79139686490071, 51.492503663367387 ], [ 5.791277546563433, 51.49317907518914 ], [ 5.791061202540617, 51.493621114522746 ], [ 5.790632408427936, 51.494311359678498 ], [ 5.78999862676177, 51.49558629835068 ], [ 5.789467151701889, 51.496551611645984 ], [ 5.789028864076754, 51.497624746887567 ], [ 5.788921888932827, 51.498378483532221 ], [ 5.788693701385915, 51.499191906969784 ], [ 5.788613802009833, 51.499572517615441 ], [ 5.788630281656921, 51.500011785322847 ], [ 5.788567881743481, 51.50061593047495 ], [ 5.788524646891939, 51.501122537643163 ], [ 5.788515943961968, 51.501487734852716 ], [ 5.788529908197804, 51.501718584918649 ], [ 5.788584255332349, 51.502470643509653 ], [ 5.788747591388091, 51.503408561994341 ], [ 5.788846129488231, 51.503736030335226 ], [ 5.7894042033691, 51.505613877153941 ], [ 5.789831626004609, 51.506711275951851 ], [ 5.790370389861543, 51.508128793494933 ], [ 5.7904399651629, 51.508487258317182 ], [ 5.790492684866023, 51.509406455097796 ], [ 5.790484612905815, 51.510120243768114 ], [ 5.790628145118071, 51.510695869578242 ], [ 5.790693250144842, 51.511386933471996 ], [ 5.790769424860081, 51.511854084890324 ], [ 5.791002803868155, 51.512331365801174 ], [ 5.791196218448147, 51.512718334584378 ], [ 5.791380073937437, 51.513447470450579 ], [ 5.79167024443327, 51.51433550715501 ], [ 5.791912274232367, 51.515149833463539 ], [ 5.791996639108277, 51.515548696122522 ], [ 5.79212540485668, 51.515953586267322 ], [ 5.792626166572551, 51.516850720880548 ], [ 5.793164414719432, 51.517758677551598 ], [ 5.793800509946503, 51.518957301857725 ], [ 5.794421582612173, 51.520259343594432 ], [ 5.794512109054038, 51.520538522288518 ], [ 5.794705079767964, 51.520868745414717 ], [ 5.796231641440476, 51.520462566029835 ], [ 5.79943374748755, 51.519405802934415 ], [ 5.802218692629528, 51.518461952091485 ], [ 5.804604723741457, 51.517676763238732 ], [ 5.807200592114851, 51.516855097126957 ], [ 5.809322909326958, 51.516100254507379 ], [ 5.811632928550231, 51.515252556335653 ], [ 5.813537134970154, 51.514586631394756 ], [ 5.815430721883526, 51.513898242341988 ], [ 5.816447788400627, 51.513572879396285 ], [ 5.817073792004854, 51.513360182911285 ], [ 5.817862525771689, 51.513431995801334 ], [ 5.819794861532668, 51.513799569721321 ], [ 5.821906438463914, 51.514358860162211 ], [ 5.822663694825718, 51.51459620555881 ], [ 5.823256654957273, 51.514835564766734 ], [ 5.823759465008608, 51.515133123132948 ], [ 5.82526181549663, 51.516162044182188 ], [ 5.82722711039094, 51.517660267936222 ], [ 5.829146720468325, 51.519216215403091 ], [ 5.831876696929823, 51.521231125984869 ], [ 5.834785890742448, 51.523450061468623 ], [ 5.83654142363268, 51.524664944694614 ], [ 5.837753376420983, 51.525388362692034 ], [ 5.838532640260321, 51.525796869584816 ], [ 5.839367528273523, 51.526137177662335 ], [ 5.839849271946801, 51.526331097708415 ], [ 5.840369108875395, 51.526302957467571 ] ] ] ] } },
{ "type": "Feature", "properties": { "buurtcode": "BU16520709", "buurtnaam": "Verspreide huizen Milheeze", "pc6_codes": "5761PA, 5761PB, 5761RL, 5761RN, 5761RP, 5761RR, 5761RS, 5761RZ, 5763AE, 5763AG, 5763BE, 5763BH, 5763BK, 5763BP, 5763BR, 5763BS, 5763BX, 5763BZ, 5763DA, 5763DB, 5763DD, 5763DE, 5763DG, 5763PK, 5763PL, 5763PM, 5763PN, 5763PP, 5763PR, 5763PS, 5763PT, 5763PV, 5763PW, 5763PX, 5763RC", "wijkcode": "WK165207", "gemeentecode": "GM1652", "gemeentenaam": "Gemert-Bakel", "oppervlakteLandInHa": 826, "AantalInwoners_5": 570, "Mannen_6": 305, "Vrouwen_7": 265, "HuishoudensTotaal_29": 195, "GemiddeldeHuishoudensgrootte_33": 2.9, "Woningvoorraad_35": 203, "NieuwbouwWoningen_36": 4, "NietWoningvoorraad_37": 134, "NieuwbouwNietWoningen_38": 3, "GemiddeldeWOZWaardeVanWoningen_39": 570, "PercentageEengezinswoning_40": 99, "PercentageTussenwoningEengezins_41": 4, "PercentageHoekwoningEengezins_42": 7, "PercentageTweeOnderEenKapWoningEe_43": 26, "PercentageVrijstaandeWoningEengezins_44": 62, "PercentageMeergezinswoning_45": 1, "Koopwoningen_47": 97, "HuurwoningenTotaal_48": 3, "InBezitWoningcorporatie_49": 0, "InBezitOverigeVerhuurders_50": 3, "BouwjaarMeerDanTienJaarGeleden_51": 77, "BouwjaarAfgelopenTienJaar_52": 23, "GemiddeldeElektriciteitslevering_53": 4270, "GemiddeldeElektriciteitsteruglevering_54": 2620, "GemiddeldAardgasverbruik_55": 1160, "AardgasvrijeWoningen_57": 13, "Aardgaswoningen_58": 65, "WoningenMetZonnestroom_59": 56, "WoningenHoofdzElektrVerwarmd_60": 17, "k_20PersonenMetHoogsteInkomen_80": 26.2, "k_20HuishoudensMetHoogsteInkomen_85": 44.6, "MediaanVermogenVanParticuliereHuish_86": 545.5, "PersonenautoSTotaal_104": 270, "PersonenautoSBrandstofBenzine_105": 205, "PersonenautoSOverigeBrandstof_106": 65, "PersonenautoSPerHuishouden_107": 1.4, "Omgevingsadressendichtheid_121": 153, "AantalInstallatiesBijWoningen_5": null, "OpgesteldVermogenVanZonnepanelen_6": null, "installaties_per_woning": null, "vermogen_per_woning": null, "installaties_per_100_woningen": null, "vermogen_per_huishouden": null, "batterijdruk_score": 1467.2, "koop_zon_score": 0.5432, "eengezins_zon_score": 0.5544, "betaalkracht_zon_score": 305.48, "overige_brandstof_zon_score": 36.4, "lichte_batterij_kansscore": 0.58076016577648693 }, "geometry": { "type": "MultiPolygon", "coordinates": [ [ [ [ 5.755629937039149, 51.534770965052033 ], [ 5.757813733829541, 51.533919960336441 ], [ 5.760936660352844, 51.532842318737238 ], [ 5.763665197268828, 51.531825976435876 ], [ 5.766832453598283, 51.530724438155929 ], [ 5.770607380923984, 51.529445539207785 ], [ 5.774508298380711, 51.528073685120027 ], [ 5.778280772448295, 51.526691175807628 ], [ 5.782297298422136, 51.525255470627314 ], [ 5.784484011264249, 51.524512099729961 ], [ 5.788438791424465, 51.523139314238087 ], [ 5.791501903851541, 51.521981000560146 ], [ 5.794304165693515, 51.520974357463814 ], [ 5.794705079767964, 51.520868745414717 ], [ 5.794512109054038, 51.520538522288518 ], [ 5.794421582612173, 51.520259343594432 ], [ 5.793800509946503, 51.518957301857725 ], [ 5.793164414719432, 51.517758677551598 ], [ 5.792626166572551, 51.516850720880548 ], [ 5.79212540485668, 51.515953586267322 ], [ 5.791996639108277, 51.515548696122522 ], [ 5.791912274232367, 51.515149833463539 ], [ 5.79167024443327, 51.51433550715501 ], [ 5.791380073937437, 51.513447470450579 ], [ 5.791196218448147, 51.512718334584378 ], [ 5.791002803868155, 51.512331365801174 ], [ 5.790769424860081, 51.511854084890324 ], [ 5.790693250144842, 51.511386933471996 ], [ 5.790628145118071, 51.510695869578242 ], [ 5.790484612905815, 51.510120243768114 ], [ 5.790492684866023, 51.509406455097796 ], [ 5.7904399651629, 51.508487258317182 ], [ 5.790370389861543, 51.508128793494933 ], [ 5.783378457929599, 51.506014819786564 ], [ 5.775908878943863, 51.504576455116087 ], [ 5.775907376231643, 51.504543048129577 ], [ 5.775582223707643, 51.504506118950943 ], [ 5.775607572138898, 51.504191066076395 ], [ 5.773952390715953, 51.504082824139701 ], [ 5.774085578881462, 51.50325996655355 ], [ 5.772725638198936, 51.503246967912645 ], [ 5.772802774321368, 51.502424296011434 ], [ 5.772923518456898, 51.501785212152157 ], [ 5.772441124373032, 51.501104375873695 ], [ 5.771891986611724, 51.500817466499484 ], [ 5.774019329842135, 51.500416723944127 ], [ 5.774213416505384, 51.500162357543083 ], [ 5.776250766790783, 51.499983034836568 ], [ 5.777119211264662, 51.49780783956907 ], [ 5.779002526944649, 51.497825409298954 ], [ 5.779178975363964, 51.500439694198455 ], [ 5.782138257389233, 51.500429718417912 ], [ 5.782197598715898, 51.50046449545858 ], [ 5.784220893856867, 51.500320407829619 ], [ 5.784372628440887, 51.501604149421624 ], [ 5.78521576640174, 51.501601277380495 ], [ 5.785296832531386, 51.502226151000755 ], [ 5.788584255332349, 51.502470643509653 ], [ 5.788529908197804, 51.501718584918649 ], [ 5.788515943961968, 51.501487734852716 ], [ 5.788524646891939, 51.501122537643163 ], [ 5.788567881743481, 51.50061593047495 ], [ 5.788630281656921, 51.500011785322847 ], [ 5.788613802009833, 51.499572517615441 ], [ 5.788693701385915, 51.499191906969784 ], [ 5.788921888932827, 51.498378483532221 ], [ 5.789028864076754, 51.497624746887567 ], [ 5.789467151701889, 51.496551611645984 ], [ 5.78999862676177, 51.49558629835068 ], [ 5.790632408427936, 51.494311359678498 ], [ 5.791061202540617, 51.493621114522746 ], [ 5.791277546563433, 51.49317907518914 ], [ 5.79139686490071, 51.492503663367387 ], [ 5.791541740678508, 51.491793051018931 ], [ 5.791641324048603, 51.491480395747757 ], [ 5.791385228371142, 51.491437378372659 ], [ 5.791057149777971, 51.491371377260002 ], [ 5.790793773643538, 51.491310994166511 ], [ 5.790232833861867, 51.491179755536542 ], [ 5.78990315217523, 51.491107932020824 ], [ 5.789768435370598, 51.491075390153043 ], [ 5.789609495943175, 51.491039165374119 ], [ 5.78948843843778, 51.49101411763673 ], [ 5.789207272828826, 51.490957378801262 ], [ 5.788997005913942, 51.490923208634818 ], [ 5.788640365430231, 51.490873326001811 ], [ 5.788093188847828, 51.490797697035603 ], [ 5.787418735901382, 51.490700021224633 ], [ 5.786694099971852, 51.490595097611795 ], [ 5.786501995320491, 51.490567692226264 ], [ 5.786255660497568, 51.490544687694445 ], [ 5.786025648470598, 51.49053253020174 ], [ 5.785670528159055, 51.490522309607719 ], [ 5.785100353782975, 51.490509468574402 ], [ 5.785007864027523, 51.490507087266515 ], [ 5.78487576846293, 51.490503654341296 ], [ 5.784285658631693, 51.490484944694387 ], [ 5.783964790634116, 51.490459510270938 ], [ 5.783747005039266, 51.490439189892378 ], [ 5.783318020023328, 51.490400817690642 ], [ 5.782659853536284, 51.490337872520719 ], [ 5.782466675148459, 51.490317394458074 ], [ 5.781756323832583, 51.490253713076882 ], [ 5.781583002173654, 51.490238236065288 ], [ 5.781042174592141, 51.490180206517294 ], [ 5.780880991637668, 51.490164741430384 ], [ 5.780621402277777, 51.490141913554126 ], [ 5.780468956586336, 51.490134427407618 ], [ 5.780224936476442, 51.49013704722784 ], [ 5.779882650806957, 51.490158621894246 ], [ 5.779582553331018, 51.490186921108062 ], [ 5.779424118709112, 51.490201242430111 ], [ 5.779162588392588, 51.490223792973822 ], [ 5.778956603611267, 51.490234138540416 ], [ 5.778835627752014, 51.490236027730205 ], [ 5.778650295003835, 51.490228487773521 ], [ 5.77847216493821, 51.490202918936369 ], [ 5.778381834342013, 51.490185280246685 ], [ 5.778293883279558, 51.490164721162479 ], [ 5.778112935361462, 51.490109444461986 ], [ 5.777900442453815, 51.490034282148713 ], [ 5.777604982249516, 51.489921833112696 ], [ 5.776426433393381, 51.489499991480017 ], [ 5.774756500009843, 51.488894908613034 ], [ 5.774557044346561, 51.48882260928567 ], [ 5.774420472008486, 51.488776348082659 ], [ 5.774151984347616, 51.488699710828286 ], [ 5.773961131537389, 51.48866528745318 ], [ 5.773826437000319, 51.488648403506666 ], [ 5.773650228756473, 51.488637841137908 ], [ 5.773439372597735, 51.488638440340026 ], [ 5.771583598959169, 51.488753394390251 ], [ 5.770951382441297, 51.488793686227638 ], [ 5.770464987844855, 51.488823455393181 ], [ 5.769523693147435, 51.488880448515054 ], [ 5.769349337609388, 51.488896731917421 ], [ 5.769004873556103, 51.48893271774056 ], [ 5.768499770252533, 51.489013694794266 ], [ 5.768465168107018, 51.489016765142686 ], [ 5.768418552302282, 51.4890208994426 ], [ 5.768380882290496, 51.48900495064278 ], [ 5.76825622852026, 51.488970850907059 ], [ 5.766863891356532, 51.490025109260053 ], [ 5.766206809445672, 51.49043960314502 ], [ 5.765184683907971, 51.49108448882005 ], [ 5.76408782117515, 51.491591966941137 ], [ 5.755155953483265, 51.495632530947574 ], [ 5.755085614205144, 51.497589119992725 ], [ 5.754912931094351, 51.50239197177163 ], [ 5.7549134213354, 51.502397026380692 ], [ 5.754946248159044, 51.502838493692934 ], [ 5.755007235244721, 51.503005716381438 ], [ 5.755217876866779, 51.503228365406542 ], [ 5.755427844558318, 51.50339511714575 ], [ 5.755488835613081, 51.503562340467809 ], [ 5.755611726467292, 51.504008579511058 ], [ 5.755704461701575, 51.504399295941433 ], [ 5.755707779196304, 51.504808553406363 ], [ 5.755890766215753, 51.50531050051093 ], [ 5.75595463022101, 51.505831363836315 ], [ 5.756231347962093, 51.506872337151293 ], [ 5.756412383333015, 51.507132437403847 ], [ 5.756744073909966, 51.507596553781653 ], [ 5.757229227586579, 51.508581247836638 ], [ 5.757350330732368, 51.508804176804013 ], [ 5.75738208266262, 51.50902738993301 ], [ 5.757353512491017, 51.509194895332492 ], [ 5.757295686817426, 51.509418391595496 ], [ 5.757237256041369, 51.509567452407211 ], [ 5.757209062914331, 51.509753777136147 ], [ 5.75718064111692, 51.509939821233296 ], [ 5.754220286434135, 51.510451129439261 ], [ 5.755232097899195, 51.512156642181047 ], [ 5.755858857961547, 51.513253253101418 ], [ 5.756392750182988, 51.514413638034078 ], [ 5.757372044948885, 51.516500411943973 ], [ 5.758397710850573, 51.518603322124491 ], [ 5.759252649439739, 51.520080084564967 ], [ 5.760198897601025, 51.521264418744593 ], [ 5.761079604849798, 51.522357380910726 ], [ 5.761722869742878, 51.523127505791933 ], [ 5.76197133939613, 51.523553672069482 ], [ 5.762086562488412, 51.524420712319632 ], [ 5.762090711910234, 51.525278277248788 ], [ 5.762010528389321, 51.526038923394147 ], [ 5.761619659272474, 51.527214045599493 ], [ 5.761267975330406, 51.528091571380443 ], [ 5.760868456670849, 51.528575431573707 ], [ 5.760565512488065, 51.528892971959237 ], [ 5.759704915814529, 51.529552738046092 ], [ 5.759320388579846, 51.529945815749791 ], [ 5.758969216260363, 51.53050872814061 ], [ 5.758531445739362, 51.530919106949682 ], [ 5.757513527536443, 51.531569525877948 ], [ 5.756832046053736, 51.532113815948755 ], [ 5.756315957117997, 51.532644938494464 ], [ 5.75583684558489, 51.533266672098307 ], [ 5.755377858698309, 51.533899857447054 ], [ 5.755066084061983, 51.534554486327565 ], [ 5.75480972560548, 51.5349336610875 ], [ 5.754785069868698, 51.535087388766193 ], [ 5.755629937039149, 51.534770965052033 ] ] ] ] } },
{ "type": "Feature", "properties": { "buurtcode": "BU16520800", "buurtnaam": "De Rips", "pc6_codes": "5764PC, 5764PD, 5764PE, 5764PG, 5764PH, 5764PJ, 5764PP, 5764PR, 5764PS, 5764PT, 5764PV, 5764PW, 5764PX, 5764PZ, 5764RA, 5764RB, 5764RC, 5764RD, 5764RE, 5764RR, 5764RS, 5764RT, 5764RV, 5764RW, 5764RX, 5764RZ, 5764SB, 5764SC, 5764SE, 5764SG, 5764SH", "wijkcode": "WK165208", "gemeentecode": "GM1652", "gemeentenaam": "Gemert-Bakel", "oppervlakteLandInHa": 38, "AantalInwoners_5": 860, "Mannen_6": 445, "Vrouwen_7": 415, "HuishoudensTotaal_29": 375, "GemiddeldeHuishoudensgrootte_33": 2.3, "Woningvoorraad_35": 375, "NieuwbouwWoningen_36": 9, "NietWoningvoorraad_37": 22, "NieuwbouwNietWoningen_38": 0, "GemiddeldeWOZWaardeVanWoningen_39": 350, "PercentageEengezinswoning_40": 83, "PercentageTussenwoningEengezins_41": 7, "PercentageHoekwoningEengezins_42": 6, "PercentageTweeOnderEenKapWoningEe_43": 29, "PercentageVrijstaandeWoningEengezins_44": 41, "PercentageMeergezinswoning_45": 17, "Koopwoningen_47": 73, "HuurwoningenTotaal_48": 27, "InBezitWoningcorporatie_49": 21, "InBezitOverigeVerhuurders_50": 6, "BouwjaarMeerDanTienJaarGeleden_51": 97, "BouwjaarAfgelopenTienJaar_52": 3, "GemiddeldeElektriciteitslevering_53": 3160, "GemiddeldeElektriciteitsteruglevering_54": 1350, "GemiddeldAardgasverbruik_55": 1000, "AardgasvrijeWoningen_57": 6, "Aardgaswoningen_58": 90, "WoningenMetZonnestroom_59": 50, "WoningenHoofdzElektrVerwarmd_60": 9, "k_20PersonenMetHoogsteInkomen_80": 14.3, "k_20HuishoudensMetHoogsteInkomen_85": 20.8, "MediaanVermogenVanParticuliereHuish_86": 248.9, "PersonenautoSTotaal_104": 605, "PersonenautoSBrandstofBenzine_105": 455, "PersonenautoSOverigeBrandstof_106": 150, "PersonenautoSPerHuishouden_107": 1.6, "Omgevingsadressendichtheid_121": 133, "AantalInstallatiesBijWoningen_5": null, "OpgesteldVermogenVanZonnepanelen_6": null, "installaties_per_woning": null, "vermogen_per_woning": null, "installaties_per_100_woningen": null, "vermogen_per_huishouden": null, "batterijdruk_score": 675.0, "koop_zon_score": 0.365, "eengezins_zon_score": 0.415, "betaalkracht_zon_score": 124.45, "overige_brandstof_zon_score": 75.0, "lichte_batterij_kansscore": 0.45360770856844967 }, "geometry": { "type": "MultiPolygon", "coordinates": [ [ [ [ 5.810774503084844, 51.554509140286633 ], [ 5.810504146227007, 51.553905068770248 ], [ 5.811736020201317, 51.55351548704099 ], [ 5.811112635735722, 51.552912418879416 ], [ 5.820442810331614, 51.550292246146 ], [ 5.819547106065157, 51.548920010853237 ], [ 5.815056435765858, 51.549982045738986 ], [ 5.813982967956782, 51.54844525157543 ], [ 5.814512039920311, 51.548388541863652 ], [ 5.813264614739472, 51.547127656695935 ], [ 5.808688958360208, 51.548519530407312 ], [ 5.808506738388101, 51.547915134273083 ], [ 5.805601421645946, 51.548640742447546 ], [ 5.806764437001779, 51.550342178355422 ], [ 5.807203481691742, 51.550120657621157 ], [ 5.808194569971973, 51.552317637233067 ], [ 5.808383950174141, 51.553692509080932 ], [ 5.808972115845192, 51.554872682382047 ], [ 5.810774503084844, 51.554509140286633 ] ] ] ] } },
{ "type": "Feature", "properties": { "buurtcode": "BU16520809", "buurtnaam": "Verspreide huizen Rips", "pc6_codes": "5764PA, 5764PB, 5764PC, 5764PD, 5764PE, 5764PH, 5764PJ, 5764PK, 5764PL, 5764PM, 5764PN, 5764PP, 5764RC, 5764RD, 5764RE, 5764RG, 5764RH, 5764RJ, 5764RK, 5764RL, 5764RM, 5764RN, 5764RP, 5764SJ", "wijkcode": "WK165208", "gemeentecode": "GM1652", "gemeentenaam": "Gemert-Bakel", "oppervlakteLandInHa": 2513, "AantalInwoners_5": 310, "Mannen_6": 165, "Vrouwen_7": 145, "HuishoudensTotaal_29": 115, "GemiddeldeHuishoudensgrootte_33": 2.7, "Woningvoorraad_35": 116, "NieuwbouwWoningen_36": 1, "NietWoningvoorraad_37": 11, "NieuwbouwNietWoningen_38": 0, "GemiddeldeWOZWaardeVanWoningen_39": 581, "PercentageEengezinswoning_40": 100, "PercentageTussenwoningEengezins_41": 0, "PercentageHoekwoningEengezins_42": 0, "PercentageTweeOnderEenKapWoningEe_43": 12, "PercentageVrijstaandeWoningEengezins_44": 88, "PercentageMeergezinswoning_45": 0, "Koopwoningen_47": 80, "HuurwoningenTotaal_48": 19, "InBezitWoningcorporatie_49": 0, "InBezitOverigeVerhuurders_50": 19, "BouwjaarMeerDanTienJaarGeleden_51": 95, "BouwjaarAfgelopenTienJaar_52": 5, "GemiddeldeElektriciteitslevering_53": 4440, "GemiddeldeElektriciteitsteruglevering_54": 2570, "GemiddeldAardgasverbruik_55": 1400, "AardgasvrijeWoningen_57": null, "Aardgaswoningen_58": null, "WoningenMetZonnestroom_59": null, "WoningenHoofdzElektrVerwarmd_60": null, "k_20PersonenMetHoogsteInkomen_80": 20.8, "k_20HuishoudensMetHoogsteInkomen_85": 43.6, "MediaanVermogenVanParticuliereHuish_86": 649.8, "PersonenautoSTotaal_104": 165, "PersonenautoSBrandstofBenzine_105": 115, "PersonenautoSOverigeBrandstof_106": 45, "PersonenautoSPerHuishouden_107": 1.4, "Omgevingsadressendichtheid_121": 43, "AantalInstallatiesBijWoningen_5": null, "OpgesteldVermogenVanZonnepanelen_6": null, "installaties_per_woning": null, "vermogen_per_woning": null, "installaties_per_100_woningen": null, "vermogen_per_huishouden": null, "batterijdruk_score": null, "koop_zon_score": null, "eengezins_zon_score": null, "betaalkracht_zon_score": null, "overige_brandstof_zon_score": null, "lichte_batterij_kansscore": null }, "geometry": { "type": "MultiPolygon", "coordinates": [ [ [ [ 5.811819542650362, 51.572935202299533 ], [ 5.813048392305591, 51.572311615976119 ], [ 5.813519278456144, 51.572072651276684 ], [ 5.813601410226433, 51.572030967635833 ], [ 5.813711392874843, 51.571975159915041 ], [ 5.817658412941204, 51.569971963515577 ], [ 5.820216135396969, 51.568673685910547 ], [ 5.820552893915647, 51.568558541572031 ], [ 5.820623000450569, 51.568550326536744 ], [ 5.82081160810232, 51.568528242635978 ], [ 5.82087236413461, 51.568521122817472 ], [ 5.820929864152288, 51.568514392579388 ], [ 5.821139434218022, 51.568489848327182 ], [ 5.821438473835444, 51.568454822982375 ], [ 5.821454811116772, 51.568452838682866 ], [ 5.822576707457181, 51.568316682587827 ], [ 5.822785417199322, 51.5682913511747 ], [ 5.828791711373288, 51.567562163950249 ], [ 5.828836759579693, 51.567556690350578 ], [ 5.828881404201836, 51.567551245225204 ], [ 5.828881851043304, 51.567551216569981 ], [ 5.829039987766741, 51.567531994082515 ], [ 5.83613679276115, 51.566669989694191 ], [ 5.836333559381393, 51.566646078578131 ], [ 5.837416730265784, 51.566514467943257 ], [ 5.837921183050012, 51.566453161627209 ], [ 5.837921788074294, 51.566453087383579 ], [ 5.837940414471364, 51.566450831272689 ], [ 5.837962440432581, 51.566448148562934 ], [ 5.837977422169395, 51.566446328976326 ], [ 5.838238464254839, 51.566414616135013 ], [ 5.838612543178553, 51.564813063541052 ], [ 5.83881433151846, 51.563906248233884 ], [ 5.839120740203197, 51.562553142588541 ], [ 5.83962765898686, 51.560353762847598 ], [ 5.839779471593385, 51.559698895007209 ], [ 5.839798440798868, 51.559617051145253 ], [ 5.839956815497386, 51.55893383414513 ], [ 5.840439591385713, 51.556795523077312 ], [ 5.840516604320734, 51.5564543989124 ], [ 5.841092004986599, 51.553950360470758 ], [ 5.841172675563081, 51.553598192394155 ], [ 5.841627415768619, 51.551613116088369 ], [ 5.842028135310832, 51.549853820057244 ], [ 5.842278941056722, 51.548842231591962 ], [ 5.842468586692323, 51.548077306868002 ], [ 5.842505822066502, 51.547914447767617 ], [ 5.8427521828269, 51.546836970035045 ], [ 5.842794678372265, 51.546651133090201 ], [ 5.842898402839345, 51.546201184106906 ], [ 5.843499570787389, 51.543593039906234 ], [ 5.843779283420701, 51.542379177997489 ], [ 5.844267189886619, 51.540240063272108 ], [ 5.844551731861189, 51.538994530847994 ], [ 5.84466420991788, 51.538509804189758 ], [ 5.844667083255902, 51.538497415444901 ], [ 5.844680441831758, 51.538439853182886 ], [ 5.844682748744978, 51.538429902603838 ], [ 5.84472209158108, 51.538260319790787 ], [ 5.844724743871178, 51.538248884716218 ], [ 5.844733971803122, 51.538209118349442 ], [ 5.844811882788097, 51.537873281532818 ], [ 5.845129050649899, 51.536495682854621 ], [ 5.845397914553953, 51.535322263090421 ], [ 5.845434581000927, 51.535162218546532 ], [ 5.845916210071933, 51.533053286172091 ], [ 5.845960419831645, 51.532858488288497 ], [ 5.846366676026435, 51.531068006176852 ], [ 5.846942677818522, 51.528574033231791 ], [ 5.847148331011582, 51.527685342128734 ], [ 5.847318368519753, 51.526957464758688 ], [ 5.847333588608985, 51.526892281321565 ], [ 5.847480858703724, 51.526261769582391 ], [ 5.847496543986461, 51.526191343846449 ], [ 5.847601086165469, 51.525721728116402 ], [ 5.847661798811696, 51.525449057778118 ], [ 5.847665740427458, 51.525431334403095 ], [ 5.847668221605799, 51.525420223516186 ], [ 5.847680912567161, 51.525317441078641 ], [ 5.847685164336061, 51.525299042323638 ], [ 5.847686043728229, 51.525295242008887 ], [ 5.847519134706268, 51.525269373414389 ], [ 5.846509713689202, 51.525486269261179 ], [ 5.844447983556136, 51.525800822223779 ], [ 5.842662620026682, 51.526082798666799 ], [ 5.84166817145073, 51.526225156568294 ], [ 5.840369108875395, 51.526302957467571 ], [ 5.839849271946801, 51.526331097708415 ], [ 5.839367528273523, 51.526137177662335 ], [ 5.838532640260321, 51.525796869584816 ], [ 5.837753376420983, 51.525388362692034 ], [ 5.83654142363268, 51.524664944694614 ], [ 5.834785890742448, 51.523450061468623 ], [ 5.831876696929823, 51.521231125984869 ], [ 5.829146720468325, 51.519216215403091 ], [ 5.82722711039094, 51.517660267936222 ], [ 5.82526181549663, 51.516162044182188 ], [ 5.823759465008608, 51.515133123132948 ], [ 5.823256654957273, 51.514835564766734 ], [ 5.822663694825718, 51.51459620555881 ], [ 5.821906438463914, 51.514358860162211 ], [ 5.819794861532668, 51.513799569721321 ], [ 5.817862525771689, 51.513431995801334 ], [ 5.817073792004854, 51.513360182911285 ], [ 5.816447788400627, 51.513572879396285 ], [ 5.815430721883526, 51.513898242341988 ], [ 5.813537134970154, 51.514586631394756 ], [ 5.811632928550231, 51.515252556335653 ], [ 5.809322909326958, 51.516100254507379 ], [ 5.807200592114851, 51.516855097126957 ], [ 5.804604723741457, 51.517676763238732 ], [ 5.802218692629528, 51.518461952091485 ], [ 5.79943374748755, 51.519405802934415 ], [ 5.796231641440476, 51.520462566029835 ], [ 5.794705079767964, 51.520868745414717 ], [ 5.794304165693515, 51.520974357463814 ], [ 5.791501903851541, 51.521981000560146 ], [ 5.788438791424465, 51.523139314238087 ], [ 5.784484011264249, 51.524512099729961 ], [ 5.782297298422136, 51.525255470627314 ], [ 5.778280772448295, 51.526691175807628 ], [ 5.774508298380711, 51.528073685120027 ], [ 5.770607380923984, 51.529445539207785 ], [ 5.766832453598283, 51.530724438155929 ], [ 5.763665197268828, 51.531825976435876 ], [ 5.760936660352844, 51.532842318737238 ], [ 5.757813733829541, 51.533919960336441 ], [ 5.755629937039149, 51.534770965052033 ], [ 5.754785069868698, 51.535087388766193 ], [ 5.754060761258056, 51.535358485982051 ], [ 5.752009888182272, 51.536065185879167 ], [ 5.750296726498948, 51.536682599407705 ], [ 5.751001694862508, 51.537055963713662 ], [ 5.756190726578009, 51.53973825806132 ], [ 5.762515163100019, 51.542998134765199 ], [ 5.762670094026544, 51.543075726060103 ], [ 5.767033557326618, 51.545295307250406 ], [ 5.772715511856345, 51.548263746632927 ], [ 5.774469056914061, 51.549143332197211 ], [ 5.775984762343279, 51.550205142692533 ], [ 5.780874083289994, 51.553729470237094 ], [ 5.783977366248553, 51.555930189512438 ], [ 5.786249932785498, 51.557560918517616 ], [ 5.809580725511396, 51.574081129481975 ], [ 5.811589036245806, 51.573062097155223 ], [ 5.811819542650362, 51.572935202299533 ] ], [ [ 5.808194569971973, 51.552317637233067 ], [ 5.807203481691742, 51.550120657621157 ], [ 5.806764437001779, 51.550342178355422 ], [ 5.805601421645946, 51.548640742447546 ], [ 5.808506738388101, 51.547915134273083 ], [ 5.808688958360208, 51.548519530407312 ], [ 5.813264614739472, 51.547127656695935 ], [ 5.814512039920311, 51.548388541863652 ], [ 5.813982967956782, 51.54844525157543 ], [ 5.815056435765858, 51.549982045738986 ], [ 5.819547106065157, 51.548920010853237 ], [ 5.820442810331614, 51.550292246146 ], [ 5.811112635735722, 51.552912418879416 ], [ 5.811736020201317, 51.55351548704099 ], [ 5.810504146227007, 51.553905068770248 ], [ 5.810774503084844, 51.554509140286633 ], [ 5.808972115845192, 51.554872682382047 ], [ 5.808383950174141, 51.553692509080932 ], [ 5.808194569971973, 51.552317637233067 ] ] ] ] } }
]
}
