{
"type": "FeatureCollection",
"name": "Opsterland",
"crs": { "type": "name", "properties": { "name": "urn:ogc:def:crs:EPSG::28992" } },
"features": [
{ "type": "Feature", "properties": { "buurtcode": "BU00860101", "buurtnaam": "Bakkeveen-Centrum", "pc6_codes": "9243JD, 9243JK, 9243JL, 9243JM, 9243JS, 9243JT, 9243JV, 9243JZ, 9243KA, 9243KB, 9243KC, 9243KJ, 9243KZ", "wijkcode": "WK008601", "gemeentecode": "GM0086", "gemeentenaam": "Opsterland", "oppervlakteLandInHa": 24, "AantalInwoners_5": 380, "Mannen_6": 195, "Vrouwen_7": 190, "HuishoudensTotaal_29": 155, "GemiddeldeHuishoudensgrootte_33": 2.4, "Woningvoorraad_35": 155, "NieuwbouwWoningen_36": 0, "NietWoningvoorraad_37": 13, "NieuwbouwNietWoningen_38": 0, "GemiddeldeWOZWaardeVanWoningen_39": null, "PercentageEengezinswoning_40": 94, "PercentageTussenwoningEengezins_41": 5, "PercentageHoekwoningEengezins_42": 5, "PercentageTweeOnderEenKapWoningEe_43": 2, "PercentageVrijstaandeWoningEengezins_44": 82, "PercentageMeergezinswoning_45": 6, "Koopwoningen_47": 91, "HuurwoningenTotaal_48": 9, "InBezitWoningcorporatie_49": 0, "InBezitOverigeVerhuurders_50": 9, "BouwjaarMeerDanTienJaarGeleden_51": 99, "BouwjaarAfgelopenTienJaar_52": 1, "GemiddeldeElektriciteitslevering_53": 3090, "GemiddeldeElektriciteitsteruglevering_54": 1510, "GemiddeldAardgasverbruik_55": 1290, "AardgasvrijeWoningen_57": 4, "Aardgaswoningen_58": 86, "WoningenMetZonnestroom_59": 54, "WoningenHoofdzElektrVerwarmd_60": 12, "k_20PersonenMetHoogsteInkomen_80": 22.2, "k_20HuishoudensMetHoogsteInkomen_85": 38.6, "MediaanVermogenVanParticuliereHuish_86": 361.3, "PersonenautoSTotaal_104": 245, "PersonenautoSBrandstofBenzine_105": 155, "PersonenautoSOverigeBrandstof_106": 85, "PersonenautoSPerHuishouden_107": 1.6, "Omgevingsadressendichtheid_121": 215, "AantalInstallatiesBijWoningen_5": 71, "OpgesteldVermogenVanZonnepanelen_6": 315, "installaties_per_woning": 0.45806451612903226, "vermogen_per_woning": 2.032258064516129, "installaties_per_100_woningen": 45.806451612903224, "vermogen_per_huishouden": 2.032258064516129, "batterijdruk_score": 815.4, "koop_zon_score": 0.4914, "eengezins_zon_score": 0.5076, "betaalkracht_zon_score": 195.102, "overige_brandstof_zon_score": 45.9, "lichte_batterij_kansscore": 0.52307842302284302 }, "geometry": { "type": "MultiPolygon", "coordinates": [ [ [ [ 212811.51, 567033.672999999951571 ], [ 212811.581, 567032.974999999976717 ], [ 212833.9, 567003.392 ], [ 212835.26, 567002.660000000032596 ], [ 212861.095, 566963.724999999976717 ], [ 212871.347, 566950.140999999945052 ], [ 212878.049, 566941.008999999961816 ], [ 212888.852000000013504, 566925.020000000018626 ], [ 212889.965999999985797, 566925.817999999970198 ], [ 212906.780999999988126, 566905.29500000004191 ], [ 213011.74900000001071, 566985.95499999995809 ], [ 213070.543, 566908.800999999977648 ], [ 212991.0682, 566849.1901 ], [ 212984.3131, 566844.123299999977462 ], [ 212985.885, 566842.150000000023283 ], [ 213002.74900000001071, 566816.645999999949709 ], [ 213034.557, 566773.142 ], [ 213042.920099999988452, 566761.703800000017509 ], [ 213025.403499999985797, 566748.749399999971502 ], [ 213035.3941, 566735.9264 ], [ 213032.25, 566733.650999999954365 ], [ 213041.397999999986496, 566720.42000000004191 ], [ 213080.013, 566671.925999999977648 ], [ 213083.3215, 566667.771100000012666 ], [ 213071.5288, 566663.0884 ], [ 213075.432999999989988, 566657.761000000056811 ], [ 213097.541, 566634.229999999981374 ], [ 213118.356, 566609.913999999989755 ], [ 213119.329900000011548, 566608.776300000026822 ], [ 213109.6348, 566601.645200000028126 ], [ 213110.943, 566600.241999999969266 ], [ 213137.184, 566563.077999999979511 ], [ 213149.37400000001071, 566545.814000000013039 ], [ 213160.513, 566530.042000000015832 ], [ 213163.506400000012945, 566525.803599999984726 ], [ 213179.573, 566537.1507 ], [ 213181.863000000012107, 566532.532 ], [ 213191.492, 566517.89000000001397 ], [ 213201.279, 566504.957000000053085 ], [ 213206.462999999988824, 566498.025999999954365 ], [ 213210.859, 566490.312000000034459 ], [ 213223.899, 566471.187999999965541 ], [ 213232.07, 566459.26300000003539 ], [ 213256.6, 566426.361000000033528 ], [ 213277.279, 566398.621999999973923 ], [ 213313.481, 566350.064999999944121 ], [ 213319.837, 566341.540000000037253 ], [ 213325.731999999989057, 566345.425000000046566 ], [ 213326.926, 566343.652 ], [ 213341.191, 566322.476000000024214 ], [ 213344.1723, 566318.05039999994915 ], [ 213339.746699999988778, 566315.069200000027195 ], [ 213342.753, 566310.51 ], [ 213352.345, 566296.197999999974854 ], [ 213355.439000000013039, 566298.714999999967404 ], [ 213367.843, 566281.542999999946915 ], [ 213394.269, 566244.959999999962747 ], [ 213427.891, 566198.412000000011176 ], [ 213429.557, 566196.253000000026077 ], [ 213433.928000000014435, 566191.92000000004191 ], [ 213435.405, 566191.228 ], [ 213436.741, 566190.866000000038184 ], [ 213435.704999999987194, 566187.834000000031665 ], [ 213437.01500000001397, 566185.01 ], [ 213446.538, 566171.582000000053085 ], [ 213454.158, 566161.184 ], [ 213468.272, 566142.300999999977648 ], [ 213477.218, 566130.331 ], [ 213482.691, 566134.272 ], [ 213488.597, 566123.495 ], [ 213498.135, 566111.393999999971129 ], [ 213499.693, 566109.417000000015832 ], [ 213507.85999999998603, 566099.055000000051223 ], [ 213525.244, 566075.062000000034459 ], [ 213528.5228, 566070.5366 ], [ 213535.9625, 566075.927000000025146 ], [ 213538.545000000012806, 566072.462000000057742 ], [ 213565.415, 566035.413999999989755 ], [ 213581.753999999986263, 566045.883999999961816 ], [ 213591.594000000011874, 566032.265999999945052 ], [ 213650.815, 565952.261000000056811 ], [ 213679.567000000010012, 565913.407 ], [ 213650.844000000011874, 565892.15300000004936 ], [ 213681.881, 565850.00199999997858 ], [ 213695.72, 565859.925000000046566 ], [ 213707.125, 565844.089999999967404 ], [ 213707.595, 565839.758999999961816 ], [ 213706.63, 565833.947999999974854 ], [ 213698.862, 565827.621000000042841 ], [ 213731.49, 565783.54500000004191 ], [ 213746.2385, 565766.6385 ], [ 213749.698899999988498, 565763.900000000023283 ], [ 213693.5379, 565721.108499999972992 ], [ 213391.6432, 566130.722199999960139 ], [ 213313.3007, 566074.364199999952689 ], [ 213306.635, 566083.270000000018626 ], [ 213205.4524, 566218.4569 ], [ 213194.712999999988824, 566210.373999999952503 ], [ 213188.617, 566218.650999999954365 ], [ 213151.38200000001234, 566192.702999999979511 ], [ 213128.247, 566225.081 ], [ 213125.109, 566229.194000000017695 ], [ 213122.1641, 566233.333100000047125 ], [ 213023.5237, 566161.547299999976531 ], [ 213011.786, 566177.782 ], [ 213003.310999999986961, 566189.503999999957159 ], [ 212969.836000000010245, 566235.804 ], [ 212946.044, 566266.297000000020489 ], [ 212876.0122, 566358.605699999956414 ], [ 213001.673, 566447.241999999969266 ], [ 212962.486, 566499.5 ], [ 213013.193999999988591, 566536.201 ], [ 212975.693999999988591, 566586.162999999942258 ], [ 212966.7432, 566598.0884 ], [ 212943.598999999987427, 566580.697999999974854 ], [ 212927.843, 566600.853 ], [ 212900.346, 566638.128999999957159 ], [ 212873.606, 566619.826 ], [ 212852.465999999985797, 566650.601000000024214 ], [ 212876.373, 566668.29500000004191 ], [ 212873.471, 566672.098 ], [ 212874.891299999988405, 566673.181800000020303 ], [ 212871.932999999989988, 566677.431499999947846 ], [ 212835.491799999988871, 566726.705100000021048 ], [ 212871.921, 566752.439000000013039 ], [ 212863.079, 566767.12300000002142 ], [ 212884.48499999998603, 566782.153999999980442 ], [ 212902.986800000013318, 566795.1457 ], [ 212743.9252, 567012.625299999956042 ], [ 212798.16, 567050.76300000003539 ], [ 212798.9007, 567051.2931 ], [ 212811.51, 567033.672999999951571 ] ] ] ] } },
{ "type": "Feature", "properties": { "buurtcode": "BU00860102", "buurtnaam": "Bakkeveen-De Kampen", "pc6_codes": "9243JA, 9243JB, 9243JC, 9243JD, 9243JE, 9243JG, 9243JH, 9243JJ, 9243JK, 9243JN, 9243JP, 9243JR, 9243JS, 9243KD, 9243KE, 9243KG, 9243KH, 9243KK, 9243KL, 9243KM, 9243KN, 9243KP, 9243KR, 9243KS, 9243KT, 9243KV, 9243KW, 9243KX, 9243SJ, 9243SK", "wijkcode": "WK008601", "gemeentecode": "GM0086", "gemeentenaam": "Opsterland", "oppervlakteLandInHa": 45, "AantalInwoners_5": 1085, "Mannen_6": 550, "Vrouwen_7": 535, "HuishoudensTotaal_29": 495, "GemiddeldeHuishoudensgrootte_33": 2.2, "Woningvoorraad_35": 505, "NieuwbouwWoningen_36": 0, "NietWoningvoorraad_37": 12, "NieuwbouwNietWoningen_38": 0, "GemiddeldeWOZWaardeVanWoningen_39": null, "PercentageEengezinswoning_40": 93, "PercentageTussenwoningEengezins_41": 20, "PercentageHoekwoningEengezins_42": 16, "PercentageTweeOnderEenKapWoningEe_43": 23, "PercentageVrijstaandeWoningEengezins_44": 34, "PercentageMeergezinswoning_45": 7, "Koopwoningen_47": 72, "HuurwoningenTotaal_48": 28, "InBezitWoningcorporatie_49": 24, "InBezitOverigeVerhuurders_50": 4, "BouwjaarMeerDanTienJaarGeleden_51": 100, "BouwjaarAfgelopenTienJaar_52": 0, "GemiddeldeElektriciteitslevering_53": 2440, "GemiddeldeElektriciteitsteruglevering_54": 970, "GemiddeldAardgasverbruik_55": 1020, "AardgasvrijeWoningen_57": 1, "Aardgaswoningen_58": 94, "WoningenMetZonnestroom_59": 47, "WoningenHoofdzElektrVerwarmd_60": 6, "k_20PersonenMetHoogsteInkomen_80": 13.0, "k_20HuishoudensMetHoogsteInkomen_85": 14.9, "MediaanVermogenVanParticuliereHuish_86": 178.3, "PersonenautoSTotaal_104": 645, "PersonenautoSBrandstofBenzine_105": 490, "PersonenautoSOverigeBrandstof_106": 155, "PersonenautoSPerHuishouden_107": 1.3, "Omgevingsadressendichtheid_121": 223, "AantalInstallatiesBijWoningen_5": 157, "OpgesteldVermogenVanZonnepanelen_6": 603, "installaties_per_woning": 0.31089108910891089, "vermogen_per_woning": 1.194059405940594, "installaties_per_100_woningen": 31.089108910891088, "vermogen_per_huishouden": 1.2181818181818183, "batterijdruk_score": 455.9, "koop_zon_score": 0.3384, "eengezins_zon_score": 0.4371, "betaalkracht_zon_score": 83.801, "overige_brandstof_zon_score": 72.85, "lichte_batterij_kansscore": 0.45472911992188569 }, "geometry": { "type": "MultiPolygon", "coordinates": [ [ [ [ 213459.024, 566976.934 ], [ 213513.344699999986915, 566914.212900000042282 ], [ 213600.0056, 566814.150099999969825 ], [ 213654.738600000011502, 566750.952799999970011 ], [ 213661.0881, 566741.100800000014715 ], [ 213681.49110000001383, 566709.193300000042655 ], [ 213703.2937, 566683.981299999984913 ], [ 213761.1392, 566613.313899999950081 ], [ 213767.657, 566604.458300000056624 ], [ 213776.479400000011083, 566594.800200000056066 ], [ 213782.106, 566598.525000000023283 ], [ 213961.798, 566385.246999999973923 ], [ 213899.237, 566349.473 ], [ 213728.9215, 566217.34250000002794 ], [ 213697.351, 566192.848 ], [ 213735.453, 566140.169 ], [ 213601.813, 566044.905999999959022 ], [ 213591.594000000011874, 566032.265999999945052 ], [ 213581.753999999986263, 566045.883999999961816 ], [ 213565.415, 566035.413999999989755 ], [ 213538.545000000012806, 566072.462000000057742 ], [ 213535.9625, 566075.927000000025146 ], [ 213528.5228, 566070.5366 ], [ 213525.244, 566075.062000000034459 ], [ 213507.85999999998603, 566099.055000000051223 ], [ 213499.693, 566109.417000000015832 ], [ 213498.135, 566111.393999999971129 ], [ 213488.597, 566123.495 ], [ 213482.691, 566134.272 ], [ 213477.218, 566130.331 ], [ 213468.272, 566142.300999999977648 ], [ 213454.158, 566161.184 ], [ 213446.538, 566171.582000000053085 ], [ 213437.01500000001397, 566185.01 ], [ 213435.704999999987194, 566187.834000000031665 ], [ 213436.741, 566190.866000000038184 ], [ 213435.405, 566191.228 ], [ 213433.928000000014435, 566191.92000000004191 ], [ 213429.557, 566196.253000000026077 ], [ 213427.891, 566198.412000000011176 ], [ 213394.269, 566244.959999999962747 ], [ 213367.843, 566281.542999999946915 ], [ 213355.439000000013039, 566298.714999999967404 ], [ 213352.345, 566296.197999999974854 ], [ 213342.753, 566310.51 ], [ 213339.746699999988778, 566315.069200000027195 ], [ 213344.1723, 566318.05039999994915 ], [ 213341.191, 566322.476000000024214 ], [ 213326.926, 566343.652 ], [ 213325.731999999989057, 566345.425000000046566 ], [ 213319.837, 566341.540000000037253 ], [ 213313.481, 566350.064999999944121 ], [ 213277.279, 566398.621999999973923 ], [ 213256.6, 566426.361000000033528 ], [ 213232.07, 566459.26300000003539 ], [ 213223.899, 566471.187999999965541 ], [ 213210.859, 566490.312000000034459 ], [ 213206.462999999988824, 566498.025999999954365 ], [ 213201.279, 566504.957000000053085 ], [ 213191.492, 566517.89000000001397 ], [ 213181.863000000012107, 566532.532 ], [ 213179.573, 566537.1507 ], [ 213163.506400000012945, 566525.803599999984726 ], [ 213160.513, 566530.042000000015832 ], [ 213149.37400000001071, 566545.814000000013039 ], [ 213137.184, 566563.077999999979511 ], [ 213110.943, 566600.241999999969266 ], [ 213109.6348, 566601.645200000028126 ], [ 213119.329900000011548, 566608.776300000026822 ], [ 213118.356, 566609.913999999989755 ], [ 213097.541, 566634.229999999981374 ], [ 213075.432999999989988, 566657.761000000056811 ], [ 213071.5288, 566663.0884 ], [ 213083.3215, 566667.771100000012666 ], [ 213080.013, 566671.925999999977648 ], [ 213041.397999999986496, 566720.42000000004191 ], [ 213032.25, 566733.650999999954365 ], [ 213035.3941, 566735.9264 ], [ 213025.403499999985797, 566748.749399999971502 ], [ 213042.920099999988452, 566761.703800000017509 ], [ 213399.4906, 567029.150999999954365 ], [ 213408.1655, 567035.65769999998156 ], [ 213459.024, 566976.934 ] ] ] ] } },
{ "type": "Feature", "properties": { "buurtcode": "BU00860103", "buurtnaam": "Bakkeveen-Buitengebied", "pc6_codes": "9243JW, 9243JX, 9243JZ, 9243KA, 9243KC, 9243SC, 9243SE, 9243SG, 9243SH, 9243SK, 9243SL, 9243WB, 9243WC, 9243WD, 9243WE, 9243WG, 9243WH", "wijkcode": "WK008601", "gemeentecode": "GM0086", "gemeentenaam": "Opsterland", "oppervlakteLandInHa": 1956, "AantalInwoners_5": 445, "Mannen_6": 235, "Vrouwen_7": 210, "HuishoudensTotaal_29": 170, "GemiddeldeHuishoudensgrootte_33": 2.6, "Woningvoorraad_35": 169, "NieuwbouwWoningen_36": 1, "NietWoningvoorraad_37": 85, "NieuwbouwNietWoningen_38": 0, "GemiddeldeWOZWaardeVanWoningen_39": null, "PercentageEengezinswoning_40": 100, "PercentageTussenwoningEengezins_41": 0, "PercentageHoekwoningEengezins_42": 0, "PercentageTweeOnderEenKapWoningEe_43": 8, "PercentageVrijstaandeWoningEengezins_44": 92, "PercentageMeergezinswoning_45": 0, "Koopwoningen_47": 89, "HuurwoningenTotaal_48": 11, "InBezitWoningcorporatie_49": 1, "InBezitOverigeVerhuurders_50": 10, "BouwjaarMeerDanTienJaarGeleden_51": 93, "BouwjaarAfgelopenTienJaar_52": 7, "GemiddeldeElektriciteitslevering_53": 3890, "GemiddeldeElektriciteitsteruglevering_54": 2620, "GemiddeldAardgasverbruik_55": 1420, "AardgasvrijeWoningen_57": 5, "Aardgaswoningen_58": 86, "WoningenMetZonnestroom_59": 53, "WoningenHoofdzElektrVerwarmd_60": 12, "k_20PersonenMetHoogsteInkomen_80": 21.7, "k_20HuishoudensMetHoogsteInkomen_85": 36.6, "MediaanVermogenVanParticuliereHuish_86": 501.0, "PersonenautoSTotaal_104": 325, "PersonenautoSBrandstofBenzine_105": 205, "PersonenautoSOverigeBrandstof_106": 120, "PersonenautoSPerHuishouden_107": 1.9, "Omgevingsadressendichtheid_121": 80, "AantalInstallatiesBijWoningen_5": 47, "OpgesteldVermogenVanZonnepanelen_6": 285, "installaties_per_woning": 0.27810650887573962, "vermogen_per_woning": 1.6863905325443787, "installaties_per_100_woningen": 27.810650887573964, "vermogen_per_huishouden": 1.6764705882352942, "batterijdruk_score": 1388.6, "koop_zon_score": 0.4717, "eengezins_zon_score": 0.53, "betaalkracht_zon_score": 265.53, "overige_brandstof_zon_score": 63.6, "lichte_batterij_kansscore": 0.56173061129920421 }, "geometry": { "type": "MultiPolygon", "coordinates": [ [ [ [ 215685.779, 568424.599000000045635 ], [ 215768.736, 568393.555999999982305 ], [ 215774.264, 568391.393000000040047 ], [ 215777.497, 568390.128000000026077 ], [ 215780.597, 568388.915000000037253 ], [ 215780.665, 568388.89000000001397 ], [ 215811.99, 568377.160000000032596 ], [ 215858.69, 568359.810000000055879 ], [ 215863.700000000011642, 568357.959999999962747 ], [ 215892.99, 568346.67000000004191 ], [ 215901.079999999987194, 568343.616999999969266 ], [ 216003.663999999989755, 568304.996000000042841 ], [ 216082.784000000014203, 568275.47199999995064 ], [ 216100.033, 568269.093 ], [ 216161.231999999989057, 568246.042000000015832 ], [ 216161.718, 568245.861000000033528 ], [ 216195.924999999988358, 568233.108 ], [ 216201.272999999986496, 568231.09499999997206 ], [ 216201.514, 568231.005 ], [ 216241.151000000012573, 568216.209999999962747 ], [ 216241.309, 568216.150999999954365 ], [ 216291.522, 568197.488999999943189 ], [ 216320.723, 568186.599999999976717 ], [ 216394.609, 568158.944000000017695 ], [ 216400.952, 568156.441 ], [ 216424.894, 568147.285999999963678 ], [ 216431.441, 568144.707999999984168 ], [ 216487.413999999989755, 568123.054 ], [ 216574.196, 568090.758999999961816 ], [ 216574.755, 568090.479000000050291 ], [ 216581.511, 568087.756999999983236 ], [ 216664.530999999988126, 568056.78000000002794 ], [ 216664.840999999985797, 568056.665000000037253 ], [ 216755.377, 568022.956 ], [ 216755.468, 568022.922000000020489 ], [ 216760.41, 568021.09699999995064 ], [ 216786.116, 568011.606000000028871 ], [ 216849.731, 567987.900999999954365 ], [ 216915.731999999989057, 567963.305999999982305 ], [ 216949.253999999986263, 567951.027 ], [ 216962.04, 567946.27800000004936 ], [ 216977.415, 567940.567000000039116 ], [ 216979.646, 567939.738000000012107 ], [ 216999.486, 567932.368999999947846 ], [ 217043.013, 567915.932000000029802 ], [ 217058.344000000011874, 567910.143000000040047 ], [ 217107.57, 567891.554 ], [ 217108.416, 567891.23499999998603 ], [ 217122.165, 567886.042999999946915 ], [ 217161.923, 567871.028999999980442 ], [ 217148.413, 567840.439999999944121 ], [ 217131.335, 567802.817999999970198 ], [ 217112.478, 567759.849999999976717 ], [ 217110.352000000013504, 567755.006000000052154 ], [ 217109.201, 567752.381999999983236 ], [ 217108.902, 567751.701 ], [ 217106.346, 567745.878000000026077 ], [ 217100.696, 567733.003999999957159 ], [ 217093.191, 567716.038999999989755 ], [ 217087.661, 567703.12300000002142 ], [ 217077.332, 567679.547000000020489 ], [ 217076.121000000013737, 567676.951 ], [ 217074.028, 567672.464000000036322 ], [ 217066.005, 567655.267 ], [ 217051.090999999985797, 567622.572000000043772 ], [ 217042.385, 567603.207000000053085 ], [ 217042.045000000012806, 567602.449999999953434 ], [ 217033.97, 567584.488000000012107 ], [ 217017.096, 567546.952999999979511 ], [ 217006.323, 567522.231999999959953 ], [ 217001.060999999986961, 567509.787000000011176 ], [ 216995.047, 567495.566 ], [ 216982.413, 567465.804 ], [ 216979.79, 567459.319999999948777 ], [ 216956.071999999985565, 567400.697999999974854 ], [ 216941.692000000010012, 567365.900999999954365 ], [ 216931.653, 567341.783000000054017 ], [ 216925.908, 567327.981000000028871 ], [ 216917.219000000011874, 567309.868000000016764 ], [ 216916.147, 567307.633999999961816 ], [ 216910.07, 567294.966999999945983 ], [ 216865.19, 567201.419 ], [ 216854.462999999988824, 567179.059 ], [ 216813.193, 567091.748999999952503 ], [ 216805.446999999985565, 567074.37 ], [ 216728.994, 566902.843 ], [ 216682.274, 566798.881000000052154 ], [ 216682.189000000013039, 566798.692000000039116 ], [ 216679.704, 566793.162999999942258 ], [ 216641.920000000012806, 566709.086000000010245 ], [ 216563.837999999988824, 566534.020000000018626 ], [ 216524.014, 566444.471000000019558 ], [ 216518.231, 566431.468 ], [ 216518.087, 566431.143999999971129 ], [ 216536.530999999988126, 566425.037000000011176 ], [ 216663.672, 566379.88 ], [ 216678.929, 566374.493000000016764 ], [ 216833.652, 566319.863000000012107 ], [ 216881.812, 566303.018000000040047 ], [ 217008.59, 566258.674 ], [ 217206.498, 566188.535999999963678 ], [ 217344.61799999998766, 566140.106000000028871 ], [ 217353.25, 566137.079000000027008 ], [ 217399.51, 566120.807999999960884 ], [ 217402.782, 566119.652 ], [ 217403.068, 566119.550999999977648 ], [ 217456.544, 566100.662999999942258 ], [ 217462.896, 566098.405999999959022 ], [ 217472.958000000013271, 566094.832000000053085 ], [ 217505.355000000010477, 566083.322000000043772 ], [ 217601.91, 566049.437999999965541 ], [ 217711.288, 566010.810000000055879 ], [ 217796.813, 565980.817000000039116 ], [ 217869.787000000011176, 565955.447999999974854 ], [ 217954.26, 565925.682000000029802 ], [ 218028.19, 565899.613000000012107 ], [ 218112.325000000011642, 565870.111000000033528 ], [ 218162.718, 565852.20499999995809 ], [ 218207.953, 565836.263999999966472 ], [ 218258.894, 565818.478 ], [ 218321.223999999987427, 565796.658999999985099 ], [ 218315.832, 565794.631999999983236 ], [ 218234.492, 565764.062000000034459 ], [ 218223.663, 565759.991999999969266 ], [ 218146.057999999989988, 565730.826 ], [ 218143.614, 565729.603 ], [ 218036.6, 565690.216000000014901 ], [ 218032.384, 565688.663999999989755 ], [ 218030.894, 565686.939999999944121 ], [ 218024.105000000010477, 565684.25 ], [ 217980.991, 565668.10999999998603 ], [ 217897.14000000001397, 565636.381999999983236 ], [ 217894.23499999998603, 565635.283000000054017 ], [ 217891.575000000011642, 565634.533000000054017 ], [ 217891.032, 565634.322999999974854 ], [ 217850.894999999989523, 565618.858 ], [ 217810.429, 565603.596000000019558 ], [ 217750.307999999989988, 565581.542999999946915 ], [ 217690.619, 565558.645999999949709 ], [ 217610.719000000011874, 565528.184 ], [ 217581.695, 565516.834999999962747 ], [ 217577.998, 565515.390999999945052 ], [ 217525.672, 565495.756999999983236 ], [ 217519.835, 565493.062999999965541 ], [ 217471.486, 565475.339000000036322 ], [ 217463.568999999988591, 565472.327999999979511 ], [ 217349.744, 565429.042999999946915 ], [ 217340.837, 565425.655999999959022 ], [ 217332.86799999998766, 565422.258000000030734 ], [ 217299.807999999989988, 565409.802999999956228 ], [ 217266.299999999988358, 565397.179 ], [ 217247.519999999989523, 565390.103 ], [ 217237.89000000001397, 565386.51500000001397 ], [ 217202.46, 565373.961000000010245 ], [ 217194.998, 565371.185000000055879 ], [ 217183.149, 565366.712000000057742 ], [ 217173.163999999989755, 565362.942999999970198 ], [ 217154.779, 565355.34499999997206 ], [ 217146.337999999988824, 565351.856999999959953 ], [ 217137.587999999988824, 565348.37 ], [ 217131.644, 565345.961000000010245 ], [ 217128.347, 565344.621999999973923 ], [ 217119.886999999987893, 565339.886000000056811 ], [ 217116.649, 565338.633999999961816 ], [ 217081.498, 565325.01 ], [ 217018.152, 565300.888999999966472 ], [ 216926.327, 565265.381000000052154 ], [ 216913.655, 565260.48499999998603 ], [ 216904.579999999987194, 565256.996999999973923 ], [ 216892.704999999987194, 565252.540000000037253 ], [ 216867.280999999988126, 565242.844000000040978 ], [ 216815.719000000011874, 565223.699000000022352 ], [ 216735.034000000014203, 565193.892 ], [ 216690.644, 565176.285999999963678 ], [ 216689.839, 565175.966999999945983 ], [ 216641.397, 565157.566 ], [ 216593.116, 565139.253999999957159 ], [ 216582.774, 565135.611000000033528 ], [ 216565.214, 565129.172000000020489 ], [ 216543.769999999989523, 565120.3528 ], [ 216495.202, 565100.378000000026077 ], [ 216492.56, 565099.125 ], [ 216488.309, 565097.108 ], [ 216478.247, 565092.336000000010245 ], [ 216395.779, 565060.275999999954365 ], [ 216384.708000000013271, 565056.986000000033528 ], [ 216364.1, 565050.089999999967404 ], [ 216341.678000000014435, 565041.501000000047497 ], [ 216299.78, 565026.167999999946915 ], [ 216275.50700000001234, 565017.165999999968335 ], [ 216241.502, 565004.288999999989755 ], [ 216207.306000000011409, 564991.662000000011176 ], [ 216186.347, 564983.890999999945052 ], [ 216158.299999999988358, 564973.214000000036322 ], [ 216128.736, 564962.334999999962747 ], [ 216110.147999999986496, 564955.594000000040978 ], [ 216099.12400000001071, 564951.59699999995064 ], [ 216073.48499999998603, 564942.064000000013039 ], [ 216046.176, 564931.851000000024214 ], [ 216021.432999999989988, 564922.942999999970198 ], [ 216001.277, 564915.606000000028871 ], [ 215984.336000000010245, 564909.37300000002142 ], [ 215978.393000000010943, 564907.226000000024214 ], [ 215966.938, 564903.087999999988824 ], [ 215945.397, 564895.01300000003539 ], [ 215924.247, 564887.337000000057742 ], [ 215897.753999999986263, 564877.827999999979511 ], [ 215866.943, 564866.731999999959953 ], [ 215842.421, 564857.951 ], [ 215818.59, 564849.461000000010245 ], [ 215811.734, 564846.903999999980442 ], [ 215797.364, 564841.545999999972992 ], [ 215773.082, 564832.371999999973923 ], [ 215734.06, 564818.24800000002142 ], [ 215700.578, 564805.390999999945052 ], [ 215666.096, 564792.824999999953434 ], [ 215664.362, 564792.158000000054017 ], [ 215634.615, 564781.47199999995064 ], [ 215616.409000000014203, 564774.513999999966472 ], [ 215587.459, 564764.003000000026077 ], [ 215566.528, 564756.613000000012107 ], [ 215549.796, 564750.501000000047497 ], [ 215539.201, 564746.606999999959953 ], [ 215535.695, 564745.425999999977648 ], [ 215459.14000000001397, 564716.890999999945052 ], [ 215383.798, 564687.709999999962747 ], [ 215374.489, 564684.104000000050291 ], [ 215366.202, 564681.062000000034459 ], [ 215303.62, 564657.37300000002142 ], [ 215297.1, 564655.106999999959953 ], [ 215295.298, 564654.424 ], [ 215241.587999999988824, 564634.079000000027008 ], [ 215235.965999999985797, 564632.001000000047497 ], [ 215210.229, 564622.53000000002794 ], [ 215194.43, 564616.326 ], [ 215156.296, 564601.351999999955297 ], [ 215083.169, 564573.24800000002142 ], [ 215076.652, 564570.822999999974854 ], [ 215040.46, 564557.057000000029802 ], [ 215026.214, 564551.636999999987893 ], [ 215015.918, 564547.74 ], [ 215015.299, 564547.035000000032596 ], [ 214944.662000000011176, 564519.292000000015832 ], [ 214943.87, 564518.991999999969266 ], [ 214943.051, 564507.98499999998603 ], [ 214937.796, 564429.535000000032596 ], [ 214937.730000000010477, 564428.288999999989755 ], [ 214936.737, 564409.871000000042841 ], [ 214936.587999999988824, 564407.738999999943189 ], [ 214934.772999999986496, 564391.65300000004936 ], [ 214932.353, 564362.287999999942258 ], [ 214930.316, 564342.518999999971129 ], [ 214926.937, 564296.930000000051223 ], [ 214920.866, 564216.640999999945052 ], [ 214918.207, 564182.702000000048429 ], [ 214917.565, 564174.503999999957159 ], [ 214914.871000000013737, 564140.109000000054948 ], [ 214909.826, 564080.432000000029802 ], [ 214909.785, 564079.48699999996461 ], [ 214909.605000000010477, 564075.34699999995064 ], [ 214909.481, 564073.824999999953434 ], [ 214905.989, 564030.62 ], [ 214905.462, 564026.341000000014901 ], [ 214904.693, 564016.97199999995064 ], [ 214904.545000000012806, 564015.572999999974854 ], [ 214902.674999999988358, 563997.900999999954365 ], [ 214901.903, 563986.408000000054017 ], [ 214899.452, 563950.753999999957159 ], [ 214895.696, 563903.892 ], [ 214894.918, 563892.221000000019558 ], [ 214893.669, 563874.658000000054017 ], [ 214892.011999999987893, 563855.412000000011176 ], [ 214891.85, 563853.255 ], [ 214843.922, 563827.36199999996461 ], [ 214843.869, 563827.334000000031665 ], [ 214840.478, 563825.087999999988824 ], [ 214833.655999999988126, 563821.272 ], [ 214830.99299999998766, 563819.826 ], [ 214823.678000000014435, 563815.856000000028871 ], [ 214822.647999999986496, 563815.488999999943189 ], [ 214822.318, 563815.434 ], [ 214816.169, 563811.662999999942258 ], [ 214810.837, 563808.841999999945983 ], [ 214801.721, 563804.207000000053085 ], [ 214795.178000000014435, 563800.952000000048429 ], [ 214793.885, 563800.309 ], [ 214782.342, 563794.316 ], [ 214781.405999999988126, 563793.84499999997206 ], [ 214765.329999999987194, 563785.76 ], [ 214756.604, 563781.417000000015832 ], [ 214750.202, 563778.047000000020489 ], [ 214749.856999999989057, 563777.939999999944121 ], [ 214749.530999999988126, 563777.839000000036322 ], [ 214748.96, 563777.393000000040047 ], [ 214744.991, 563775.393000000040047 ], [ 214744.424, 563775.209999999962747 ], [ 214740.551, 563773.15500000002794 ], [ 214739.471, 563772.604999999981374 ], [ 214730.484, 563768.033999999985099 ], [ 214720.388, 563763.059 ], [ 214715.252, 563760.721000000019558 ], [ 214714.916999999986729, 563760.468 ], [ 214713.377, 563759.312999999965541 ], [ 214709.829, 563757.729999999981374 ], [ 214704.473999999987427, 563755.25199999997858 ], [ 214703.358, 563754.626000000047497 ], [ 214699.614, 563752.537999999942258 ], [ 214697.926, 563751.65500000002794 ], [ 214697.005, 563751.140999999945052 ], [ 214694.846, 563749.934 ], [ 214693.691, 563749.288999999989755 ], [ 214689.47, 563746.90500000002794 ], [ 214685.364, 563744.557999999960884 ], [ 214680.356, 563741.723 ], [ 214674.704, 563738.564000000013039 ], [ 214667.31, 563734.430000000051223 ], [ 214659.663, 563729.827000000048429 ], [ 214659.247, 563729.587000000057742 ], [ 214658.446, 563729.094000000040978 ], [ 214655.123, 563727.212999999988824 ], [ 214652.215, 563725.567000000039116 ], [ 214649.284000000014203, 563723.908999999985099 ], [ 214643.560999999986961, 563720.574999999953434 ], [ 214617.176, 563705.268999999971129 ], [ 214590.418, 563690.290999999968335 ], [ 214587.980000000010477, 563688.925999999977648 ], [ 214578.0, 563683.339999999967404 ], [ 214555.35999999998603, 563670.667000000015832 ], [ 214544.827, 563664.772 ], [ 214544.079999999987194, 563661.587999999988824 ], [ 214537.863000000012107, 563657.461000000010245 ], [ 214532.209, 563653.20499999995809 ], [ 214530.483, 563652.22199999995064 ], [ 214522.687, 563647.85999999998603 ], [ 214519.181000000011409, 563645.878999999957159 ], [ 214517.038, 563644.667999999946915 ], [ 214515.215999999985797, 563643.63800000003539 ], [ 214514.894999999989523, 563643.457000000053085 ], [ 214514.315, 563643.128999999957159 ], [ 214504.68, 563638.221000000019558 ], [ 214499.125, 563635.275999999954365 ], [ 214498.623, 563628.599999999976717 ], [ 214497.989, 563621.74 ], [ 214497.872, 563619.805999999982305 ], [ 214497.793, 563618.770999999949709 ], [ 214489.774, 563619.288999999989755 ], [ 214486.66, 563619.268000000040047 ], [ 214481.033, 563619.229999999981374 ], [ 214477.231999999989057, 563619.20499999995809 ], [ 214455.435999999986961, 563617.392 ], [ 214450.162000000011176, 563616.14000000001397 ], [ 214438.49900000001071, 563613.371000000042841 ], [ 214425.096, 563608.273999999975786 ], [ 214420.805, 563606.12 ], [ 214407.74900000001071, 563599.564999999944121 ], [ 214394.312, 563591.025999999954365 ], [ 214335.87, 563550.660000000032596 ], [ 214260.263, 563500.163999999989755 ], [ 214254.945, 563496.606999999959953 ], [ 214211.202, 563467.773000000044703 ], [ 214203.943999999988591, 563463.050999999977648 ], [ 214189.408, 563453.527 ], [ 214184.114, 563450.069000000017695 ], [ 214135.445, 563419.206 ], [ 214119.173, 563409.006999999983236 ], [ 214073.066, 563380.066 ], [ 214044.385, 563362.069000000017695 ], [ 214039.154, 563359.01500000001397 ], [ 213982.371000000013737, 563325.753000000026077 ], [ 213976.267, 563320.599999999976717 ], [ 213969.785, 563315.12699999997858 ], [ 213932.719000000011874, 563275.594000000040978 ], [ 213908.978, 563259.363000000012107 ], [ 213765.815, 563172.576 ], [ 213628.863000000012107, 563089.599999999976717 ], [ 213535.246000000013737, 563037.79500000004191 ], [ 213471.412000000011176, 563002.47199999995064 ], [ 213435.962, 562982.854999999981374 ], [ 213324.69, 562922.077999999979511 ], [ 213242.454, 562877.160000000032596 ], [ 213230.635, 562870.61199999996461 ], [ 213206.34, 562857.437000000034459 ], [ 213190.266, 562848.555000000051223 ], [ 213156.704999999987194, 562829.09499999997206 ], [ 213152.942000000010012, 562827.01859999995213 ], [ 212637.586000000010245, 563641.22199999995064 ], [ 213002.472, 563703.839999999967404 ], [ 213026.75, 563804.925000000046566 ], [ 213314.666999999986729, 563910.072000000043772 ], [ 210658.172, 566278.354999999981374 ], [ 210682.428000000014435, 566311.520000000018626 ], [ 210729.064000000013039, 566355.962999999988824 ], [ 210840.461000000010245, 566396.425999999977648 ], [ 210910.704, 566445.408999999985099 ], [ 210980.949, 566506.459000000031665 ], [ 211033.454, 566536.277 ], [ 211129.949, 566563.25199999997858 ], [ 211219.348, 566562.542000000015832 ], [ 211300.943999999988591, 566577.449999999953434 ], [ 211371.897, 566604.427000000025146 ], [ 211527.286, 566706.65300000004936 ], [ 211724.534000000014203, 566894.064999999944121 ], [ 211800.453, 567009.777 ], [ 212024.663, 567260.371999999973923 ], [ 212057.302, 567372.533999999985099 ], [ 212134.641, 567449.912999999942258 ], [ 212243.199, 567528.712000000057742 ], [ 212323.196999999985565, 567586.554 ], [ 212422.586000000010245, 567450.84699999995064 ], [ 213005.479, 567787.777 ], [ 213036.678000000014435, 567735.133000000030734 ], [ 213217.696999999985565, 567845.324000000022352 ], [ 213240.759, 567826.125 ], [ 213297.303000000014435, 567838.474000000045635 ], [ 213343.711000000010245, 567698.297000000020489 ], [ 213401.839, 567732.810000000055879 ], [ 213615.577, 567782.275999999954365 ], [ 213999.602000000013504, 567870.459000000031665 ], [ 214182.806000000011409, 567908.932999999960884 ], [ 214392.88, 567954.123999999952503 ], [ 214643.777, 568042.307000000029802 ], [ 215101.178000000014435, 568210.216999999945983 ], [ 215616.593, 568401.898999999975786 ], [ 215682.036400000011781, 568426.187599999946542 ], [ 215684.315, 568425.21999999997206 ], [ 215685.779, 568424.599000000045635 ] ], [ [ 212743.9252, 567012.625299999956042 ], [ 212902.986800000013318, 566795.1457 ], [ 212884.48499999998603, 566782.153999999980442 ], [ 212863.079, 566767.12300000002142 ], [ 212871.921, 566752.439000000013039 ], [ 212835.491799999988871, 566726.705100000021048 ], [ 212871.932999999989988, 566677.431499999947846 ], [ 212874.891299999988405, 566673.181800000020303 ], [ 212873.471, 566672.098 ], [ 212876.373, 566668.29500000004191 ], [ 212852.465999999985797, 566650.601000000024214 ], [ 212873.606, 566619.826 ], [ 212900.346, 566638.128999999957159 ], [ 212927.843, 566600.853 ], [ 212943.598999999987427, 566580.697999999974854 ], [ 212966.7432, 566598.0884 ], [ 212975.693999999988591, 566586.162999999942258 ], [ 213013.193999999988591, 566536.201 ], [ 212962.486, 566499.5 ], [ 213001.673, 566447.241999999969266 ], [ 212876.0122, 566358.605699999956414 ], [ 212946.044, 566266.297000000020489 ], [ 212969.836000000010245, 566235.804 ], [ 213003.310999999986961, 566189.503999999957159 ], [ 213011.786, 566177.782 ], [ 213023.5237, 566161.547299999976531 ], [ 213122.1641, 566233.333100000047125 ], [ 213125.109, 566229.194000000017695 ], [ 213128.247, 566225.081 ], [ 213151.38200000001234, 566192.702999999979511 ], [ 213188.617, 566218.650999999954365 ], [ 213194.712999999988824, 566210.373999999952503 ], [ 213205.4524, 566218.4569 ], [ 213306.635, 566083.270000000018626 ], [ 213313.3007, 566074.364199999952689 ], [ 213391.6432, 566130.722199999960139 ], [ 213693.5379, 565721.108499999972992 ], [ 213749.698899999988498, 565763.900000000023283 ], [ 213746.2385, 565766.6385 ], [ 213731.49, 565783.54500000004191 ], [ 213698.862, 565827.621000000042841 ], [ 213706.63, 565833.947999999974854 ], [ 213707.595, 565839.758999999961816 ], [ 213707.125, 565844.089999999967404 ], [ 213695.72, 565859.925000000046566 ], [ 213681.881, 565850.00199999997858 ], [ 213650.844000000011874, 565892.15300000004936 ], [ 213679.567000000010012, 565913.407 ], [ 213650.815, 565952.261000000056811 ], [ 213591.594000000011874, 566032.265999999945052 ], [ 213601.813, 566044.905999999959022 ], [ 213735.453, 566140.169 ], [ 213697.351, 566192.848 ], [ 213728.9215, 566217.34250000002794 ], [ 213899.237, 566349.473 ], [ 213961.798, 566385.246999999973923 ], [ 213782.106, 566598.525000000023283 ], [ 213776.479400000011083, 566594.800200000056066 ], [ 213767.657, 566604.458300000056624 ], [ 213761.1392, 566613.313899999950081 ], [ 213703.2937, 566683.981299999984913 ], [ 213681.49110000001383, 566709.193300000042655 ], [ 213661.0881, 566741.100800000014715 ], [ 213654.738600000011502, 566750.952799999970011 ], [ 213600.0056, 566814.150099999969825 ], [ 213513.344699999986915, 566914.212900000042282 ], [ 213459.024, 566976.934 ], [ 213408.1655, 567035.65769999998156 ], [ 213399.4906, 567029.150999999954365 ], [ 213042.920099999988452, 566761.703800000017509 ], [ 213034.557, 566773.142 ], [ 213002.74900000001071, 566816.645999999949709 ], [ 212985.885, 566842.150000000023283 ], [ 212984.3131, 566844.123299999977462 ], [ 212991.0682, 566849.1901 ], [ 213070.543, 566908.800999999977648 ], [ 213011.74900000001071, 566985.95499999995809 ], [ 212906.780999999988126, 566905.29500000004191 ], [ 212889.965999999985797, 566925.817999999970198 ], [ 212888.852000000013504, 566925.020000000018626 ], [ 212878.049, 566941.008999999961816 ], [ 212871.347, 566950.140999999945052 ], [ 212861.095, 566963.724999999976717 ], [ 212835.26, 567002.660000000032596 ], [ 212833.9, 567003.392 ], [ 212811.581, 567032.974999999976717 ], [ 212811.51, 567033.672999999951571 ], [ 212798.9007, 567051.2931 ], [ 212798.16, 567050.76300000003539 ], [ 212743.9252, 567012.625299999956042 ] ] ] ] } },
{ "type": "Feature", "properties": { "buurtcode": "BU00860201", "buurtnaam": "Beetsterzwaag-Centrum", "pc6_codes": "9244BV, 9244CL, 9244CM, 9244CN, 9244CP, 9244CR, 9244EA, 9244EH, 9244EK, 9244GB, 9244GC", "wijkcode": "WK008602", "gemeentecode": "GM0086", "gemeentenaam": "Opsterland", "oppervlakteLandInHa": 14, "AantalInwoners_5": 170, "Mannen_6": 80, "Vrouwen_7": 90, "HuishoudensTotaal_29": 75, "GemiddeldeHuishoudensgrootte_33": 2.1, "Woningvoorraad_35": 102, "NieuwbouwWoningen_36": 0, "NietWoningvoorraad_37": 46, "NieuwbouwNietWoningen_38": 0, "GemiddeldeWOZWaardeVanWoningen_39": null, "PercentageEengezinswoning_40": 49, "PercentageTussenwoningEengezins_41": 6, "PercentageHoekwoningEengezins_42": 2, "PercentageTweeOnderEenKapWoningEe_43": 11, "PercentageVrijstaandeWoningEengezins_44": 30, "PercentageMeergezinswoning_45": 51, "Koopwoningen_47": 54, "HuurwoningenTotaal_48": 45, "InBezitWoningcorporatie_49": 0, "InBezitOverigeVerhuurders_50": 45, "BouwjaarMeerDanTienJaarGeleden_51": 100, "BouwjaarAfgelopenTienJaar_52": 0, "GemiddeldeElektriciteitslevering_53": 2410, "GemiddeldeElektriciteitsteruglevering_54": 560, "GemiddeldAardgasverbruik_55": 1240, "AardgasvrijeWoningen_57": 1, "Aardgaswoningen_58": 80, "WoningenMetZonnestroom_59": 24, "WoningenHoofdzElektrVerwarmd_60": 5, "k_20PersonenMetHoogsteInkomen_80": 23.3, "k_20HuishoudensMetHoogsteInkomen_85": null, "MediaanVermogenVanParticuliereHuish_86": null, "PersonenautoSTotaal_104": 120, "PersonenautoSBrandstofBenzine_105": 75, "PersonenautoSOverigeBrandstof_106": 45, "PersonenautoSPerHuishouden_107": 1.6, "Omgevingsadressendichtheid_121": 605, "AantalInstallatiesBijWoningen_5": 10, "OpgesteldVermogenVanZonnepanelen_6": 41, "installaties_per_woning": 0.098039215686274508, "vermogen_per_woning": 0.40196078431372551, "installaties_per_100_woningen": 9.8039215686274517, "vermogen_per_huishouden": 0.54666666666666663, "batterijdruk_score": 134.4, "koop_zon_score": 0.1296, "eengezins_zon_score": 0.1176, "betaalkracht_zon_score": null, "overige_brandstof_zon_score": 10.8, "lichte_batterij_kansscore": 0.27095561704383936 }, "geometry": { "type": "MultiPolygon", "coordinates": [ [ [ [ 201451.7771, 563864.554 ], [ 201462.169, 563864.72199999995064 ], [ 201461.965, 563868.59699999995064 ], [ 201470.117, 563868.25 ], [ 201476.87, 563867.962000000057742 ], [ 201478.34, 563867.898999999975786 ], [ 201484.533, 563867.635 ], [ 201492.798, 563867.283000000054017 ], [ 201498.677, 563867.033000000054017 ], [ 201507.832, 563866.643000000040047 ], [ 201514.812, 563869.230800000019372 ], [ 201516.1932, 563865.505200000014156 ], [ 201530.029, 563865.650000000023283 ], [ 201544.859, 563865.770499999984168 ], [ 201559.689000000013039, 563865.890999999945052 ], [ 201564.5654, 563865.930599999963306 ], [ 201563.784000000014203, 563885.311499999952503 ], [ 201563.154199999989942, 563900.932000000029802 ], [ 201573.4, 563900.71999999997206 ], [ 201617.908300000010058, 563899.798900000052527 ], [ 201618.63, 563876.12 ], [ 201621.0746, 563816.653599999961443 ], [ 201659.933500000013737, 563815.739500000025146 ], [ 201673.3914, 563815.4229 ], [ 201669.524899999989429, 563763.4253 ], [ 201659.511, 563762.892 ], [ 201622.761, 563760.935000000055879 ], [ 201623.505, 563744.826 ], [ 201591.315, 563743.278999999980442 ], [ 201590.547, 563761.214999999967404 ], [ 201562.051, 563760.351000000024214 ], [ 201560.549999999988358, 563809.84699999995064 ], [ 201560.597, 563812.147 ], [ 201560.653, 563813.645999999949709 ], [ 201560.8101, 563817.8504 ], [ 201525.7372, 563817.97199999995064 ], [ 201526.498, 563808.843 ], [ 201527.131499999988591, 563779.42090000002645 ], [ 201522.479, 563779.121999999973923 ], [ 201499.6103, 563775.4275 ], [ 201492.5215, 563771.434099999954924 ], [ 201484.181699999986449, 563762.195599999977276 ], [ 201480.1905, 563756.592900000046939 ], [ 201478.9015, 563751.38800000003539 ], [ 201478.861, 563746.962000000057742 ], [ 201478.762599999987287, 563736.211000000010245 ], [ 201464.2207, 563736.34409999998752 ], [ 201466.574499999987893, 563701.773500000010245 ], [ 201466.8953, 563686.85750000004191 ], [ 201469.41, 563686.957999999984168 ], [ 201470.383, 563662.608 ], [ 201471.053000000014435, 563640.917000000015832 ], [ 201476.14000000001397, 563519.258000000030734 ], [ 201467.2052, 563518.79680000001099 ], [ 201442.685, 563517.530999999959022 ], [ 201403.198, 563526.444000000017695 ], [ 201402.467, 563548.484000000054948 ], [ 201402.394999999989523, 563550.64000000001397 ], [ 201401.893000000010943, 563563.939999999944121 ], [ 201371.049999999988358, 563562.189999999944121 ], [ 201370.14000000001397, 563586.272 ], [ 201370.119, 563586.827000000048429 ], [ 201369.261999999987893, 563613.143999999971129 ], [ 201368.869, 563659.708499999949709 ], [ 201368.821999999985565, 563682.910000000032596 ], [ 201364.653, 563745.628999999957159 ], [ 201364.6019, 563746.398399999947287 ], [ 201364.372, 563749.86199999996461 ], [ 201342.16, 563749.064000000013039 ], [ 201333.097, 563748.738000000012107 ], [ 201330.878, 563748.658000000054017 ], [ 201330.363000000012107, 563766.493000000016764 ], [ 201323.674999999988358, 563766.101000000024214 ], [ 201304.84, 563767.706 ], [ 201302.9846, 563767.8641 ], [ 201299.9742, 563762.357199999969453 ], [ 201295.208600000012666, 563758.483 ], [ 201289.0134, 563756.5161 ], [ 201283.9767, 563754.917000000015832 ], [ 201279.204999999987194, 563762.654499999945983 ], [ 201267.5078, 563768.52800000004936 ], [ 201250.2575, 563766.40749999997206 ], [ 201226.0667, 563763.433899999945424 ], [ 201215.28, 563759.766300000017509 ], [ 201196.5155, 563749.127199999988079 ], [ 201184.2685, 563744.398500000010245 ], [ 201170.379599999985658, 563739.035900000017136 ], [ 201168.631, 563742.719000000040978 ], [ 201166.3652, 563747.491599999950267 ], [ 201156.1698, 563751.590100000030361 ], [ 201150.3149, 563755.098099999944679 ], [ 201143.1665, 563761.109500000020489 ], [ 201141.8117, 563765.71840000001248 ], [ 201139.844000000011874, 563765.660000000032596 ], [ 201129.742, 563765.35999999998603 ], [ 201128.516, 563798.074000000022352 ], [ 201126.799999999988358, 563797.829000000027008 ], [ 201117.972, 563797.280999999959022 ], [ 201115.612, 563797.196 ], [ 201115.442000000010012, 563800.805000000051223 ], [ 201108.386999999987893, 563800.596000000019558 ], [ 201096.931000000011409, 563800.358 ], [ 201097.01, 563797.278999999980442 ], [ 201097.351, 563784.042999999946915 ], [ 201097.704, 563770.336000000010245 ], [ 201089.036, 563769.991999999969266 ], [ 201084.19, 563769.800000000046566 ], [ 201077.275, 563769.525000000023283 ], [ 201065.619, 563763.765999999945052 ], [ 201060.894999999989523, 563762.99 ], [ 201051.725, 563761.991999999969266 ], [ 201046.446, 563761.790999999968335 ], [ 201046.853, 563757.886999999987893 ], [ 201044.575000000011642, 563757.648999999975786 ], [ 201044.798, 563753.63 ], [ 201045.348999999987427, 563744.001000000047497 ], [ 201047.11799999998766, 563730.005 ], [ 201047.823, 563718.542000000015832 ], [ 201053.538999999989755, 563720.944000000017695 ], [ 201054.239, 563687.843 ], [ 201055.066, 563652.555999999982305 ], [ 201057.037000000011176, 563568.457000000053085 ], [ 201059.689000000013039, 563455.292000000015832 ], [ 201035.19, 563454.040000000037253 ], [ 201033.07, 563479.160000000032596 ], [ 201011.31, 563478.895000000018626 ], [ 200999.0915, 563478.727500000037253 ], [ 200994.293, 563478.645000000018626 ], [ 200991.086000000010245, 563606.642 ], [ 200990.309, 563681.40300000004936 ], [ 200989.69, 563718.552999999956228 ], [ 200989.51, 563730.97199999995064 ], [ 200958.99299999998766, 563733.449999999953434 ], [ 200946.037000000011176, 563734.50199999997858 ], [ 200932.477000000013504, 563735.603 ], [ 200922.682, 563736.3983 ], [ 200919.639399999985471, 563698.653700000024401 ], [ 200877.6183, 563698.653700000024401 ], [ 200875.7977, 563718.117699999944307 ], [ 200873.530999999988126, 563742.351000000024214 ], [ 200867.2487, 563788.64379999996163 ], [ 200875.919, 563790.800999999977648 ], [ 200886.5325, 563794.830500000040047 ], [ 200960.98430000001099, 563804.937599999946542 ], [ 200957.805, 563886.473 ], [ 201070.424, 563891.770999999949709 ], [ 201070.666999999986729, 563886.103 ], [ 201081.628, 563886.591000000014901 ], [ 201080.833000000013271, 563903.577999999979511 ], [ 201076.302, 563905.326 ], [ 201073.606999999989057, 563911.429 ], [ 201071.62400000001071, 563919.295999999972992 ], [ 201071.498, 563923.63 ], [ 201071.79, 563927.415000000037253 ], [ 201072.0835, 563929.287999999942258 ], [ 201072.377, 563931.160999999963678 ], [ 201072.912000000011176, 563933.710500000044703 ], [ 201073.446999999985565, 563936.26 ], [ 201074.014, 563938.403999999980442 ], [ 201074.581, 563940.547999999951571 ], [ 201075.5155, 563942.699000000022352 ], [ 201076.450000000011642, 563944.849999999976717 ], [ 201084.861, 563959.74 ], [ 201085.583000000013271, 563964.415000000037253 ], [ 201126.386, 563964.930999999982305 ], [ 201127.3335, 563945.136999999987893 ], [ 201128.280999999988126, 563925.343 ], [ 201130.498, 563898.425000000046566 ], [ 201128.083000000013271, 563898.268999999971129 ], [ 201128.59340000001248, 563885.935399999958463 ], [ 201159.566, 563886.351999999955297 ], [ 201186.950000000011642, 563886.844000000040978 ], [ 201201.669, 563887.184 ], [ 201205.0074, 563887.2611 ], [ 201205.0074, 563869.620800000033341 ], [ 201216.204999999987194, 563869.598 ], [ 201216.1495, 563863.584400000050664 ], [ 201219.301, 563863.587999999988824 ], [ 201228.859, 563863.599000000045635 ], [ 201231.525, 563860.57999999995809 ], [ 201244.122, 563860.922999999951571 ], [ 201244.155999999988126, 563859.62 ], [ 201244.703, 563859.625 ], [ 201251.449, 563859.687999999965541 ], [ 201258.24299999998766, 563859.75199999997858 ], [ 201257.343, 563873.128000000026077 ], [ 201256.459, 563886.26300000003539 ], [ 201268.358799999987241, 563887.073899999959394 ], [ 201268.6233, 563879.611900000018068 ], [ 201271.299999999988358, 563879.631000000052154 ], [ 201278.314000000013039, 563879.680999999982305 ], [ 201278.505, 563874.437999999965541 ], [ 201285.019, 563874.275999999954365 ], [ 201285.65, 563829.761999999987893 ], [ 201297.102000000013504, 563829.601999999955297 ], [ 201308.805, 563828.628000000026077 ], [ 201310.5246, 563828.522699999972247 ], [ 201310.6527, 563833.212700000032783 ], [ 201311.421200000011595, 563861.3454 ], [ 201319.935, 563860.993000000016764 ], [ 201319.94, 563861.11199999996461 ], [ 201324.76500000001397, 563860.783000000054017 ], [ 201324.294, 563850.01300000003539 ], [ 201329.85999999998603, 563849.822000000043772 ], [ 201340.125300000014249, 563850.04480000003241 ], [ 201339.3781, 563872.1202 ], [ 201339.0078, 563883.06050000002142 ], [ 201339.8659, 563883.0895 ], [ 201338.6545, 563918.879500000039116 ], [ 201337.602000000013504, 563949.974399999948218 ], [ 201337.0063, 563966.782400000025518 ], [ 201345.8805, 563967.537499999976717 ], [ 201350.794499999989057, 563968.583499999949709 ], [ 201389.8744, 563976.616900000022724 ], [ 201402.3841, 563978.494399999966845 ], [ 201448.982500000012806, 563979.64179999998305 ], [ 201451.7771, 563864.554 ] ] ] ] } },
{ "type": "Feature", "properties": { "buurtcode": "BU00860202", "buurtnaam": "Beetsterzwaag-Merkelân", "pc6_codes": "9244CR, 9244CS, 9244CT, 9244CV, 9244CW, 9244CX, 9244CZ, 9244EA, 9244EB, 9244EC, 9244ED, 9244EE, 9244EG, 9244EH, 9244EJ, 9244EK, 9244EL, 9244EM, 9244EZ, 9244GB", "wijkcode": "WK008602", "gemeentecode": "GM0086", "gemeentenaam": "Opsterland", "oppervlakteLandInHa": 27, "AantalInwoners_5": 645, "Mannen_6": 310, "Vrouwen_7": 345, "HuishoudensTotaal_29": 300, "GemiddeldeHuishoudensgrootte_33": 2.0, "Woningvoorraad_35": 335, "NieuwbouwWoningen_36": 56, "NietWoningvoorraad_37": 73, "NieuwbouwNietWoningen_38": 3, "GemiddeldeWOZWaardeVanWoningen_39": 369, "PercentageEengezinswoning_40": 73, "PercentageTussenwoningEengezins_41": 4, "PercentageHoekwoningEengezins_42": 4, "PercentageTweeOnderEenKapWoningEe_43": 23, "PercentageVrijstaandeWoningEengezins_44": 42, "PercentageMeergezinswoning_45": 27, "Koopwoningen_47": 60, "HuurwoningenTotaal_48": 40, "InBezitWoningcorporatie_49": 24, "InBezitOverigeVerhuurders_50": 16, "BouwjaarMeerDanTienJaarGeleden_51": 93, "BouwjaarAfgelopenTienJaar_52": 7, "GemiddeldeElektriciteitslevering_53": 2530, "GemiddeldeElektriciteitsteruglevering_54": 940, "GemiddeldAardgasverbruik_55": 980, "AardgasvrijeWoningen_57": 8, "Aardgaswoningen_58": 83, "WoningenMetZonnestroom_59": 39, "WoningenHoofdzElektrVerwarmd_60": 14, "k_20PersonenMetHoogsteInkomen_80": 18.5, "k_20HuishoudensMetHoogsteInkomen_85": 17.7, "MediaanVermogenVanParticuliereHuish_86": 265.0, "PersonenautoSTotaal_104": 365, "PersonenautoSBrandstofBenzine_105": 270, "PersonenautoSOverigeBrandstof_106": 95, "PersonenautoSPerHuishouden_107": 1.2, "Omgevingsadressendichtheid_121": 543, "AantalInstallatiesBijWoningen_5": 86, "OpgesteldVermogenVanZonnepanelen_6": 332, "installaties_per_woning": 0.25671641791044775, "vermogen_per_woning": 0.991044776119403, "installaties_per_100_woningen": 25.671641791044774, "vermogen_per_huishouden": 1.1066666666666667, "batterijdruk_score": 366.6, "koop_zon_score": 0.234, "eengezins_zon_score": 0.2847, "betaalkracht_zon_score": 103.35, "overige_brandstof_zon_score": 37.05, "lichte_batterij_kansscore": 0.37280465121312056 }, "geometry": { "type": "MultiPolygon", "coordinates": [ [ [ [ 201560.8101, 563817.8504 ], [ 201560.653, 563813.645999999949709 ], [ 201560.597, 563812.147 ], [ 201560.549999999988358, 563809.84699999995064 ], [ 201562.051, 563760.351000000024214 ], [ 201590.547, 563761.214999999967404 ], [ 201591.315, 563743.278999999980442 ], [ 201623.505, 563744.826 ], [ 201622.761, 563760.935000000055879 ], [ 201659.511, 563762.892 ], [ 201669.524899999989429, 563763.4253 ], [ 201673.3914, 563815.4229 ], [ 201719.8763, 563814.495699999970384 ], [ 201722.121000000013737, 563762.611000000033528 ], [ 201723.432999999989988, 563732.287999999942258 ], [ 201724.728, 563702.341999999945983 ], [ 201726.063, 563671.481999999959953 ], [ 201727.337999999988824, 563641.993000000016764 ], [ 201727.612, 563632.562999999965541 ], [ 201728.522, 563600.392 ], [ 201729.34, 563571.488000000012107 ], [ 201730.157, 563542.633999999961816 ], [ 201730.752, 563521.60999999998603 ], [ 201727.593, 563521.805000000051223 ], [ 201727.922, 563512.647 ], [ 201728.973999999987427, 563483.395000000018626 ], [ 201730.033, 563453.937999999965541 ], [ 201731.008, 563433.344000000040978 ], [ 201731.215, 563417.618999999947846 ], [ 201732.259, 563380.834000000031665 ], [ 201673.549, 563380.005 ], [ 201645.424, 563379.978 ], [ 201645.106, 563390.057999999960884 ], [ 201617.981, 563387.39000000001397 ], [ 201595.84, 563384.601999999955297 ], [ 201573.303000000014435, 563382.26 ], [ 201548.761999999987893, 563379.709000000031665 ], [ 201550.147, 563365.734000000054948 ], [ 201537.649, 563364.082999999984168 ], [ 201509.488000000012107, 563360.363999999943189 ], [ 201474.1642, 563355.699099999968894 ], [ 201471.894999999989523, 563407.824799999943934 ], [ 201466.634499999985565, 563407.540000000037253 ], [ 201429.029100000014296, 563409.18550000002142 ], [ 201418.3745, 563407.237500000046566 ], [ 201412.7878, 563406.216099999961443 ], [ 201375.290199999988545, 563405.321099999942817 ], [ 201349.183500000013737, 563404.698100000037812 ], [ 201339.9232, 563404.477100000018254 ], [ 201330.663, 563404.2561 ], [ 201308.0545, 563403.716499999980442 ], [ 201297.8773, 563402.821899999980815 ], [ 201287.8174, 563400.470300000044517 ], [ 201275.620499999989988, 563402.243499999982305 ], [ 201260.400400000013178, 563398.8014 ], [ 201234.859900000010384, 563398.8014 ], [ 201224.2267, 563392.647400000016205 ], [ 201222.1417, 563395.35930000001099 ], [ 201214.036499999987427, 563397.9669 ], [ 201136.3203, 563396.871700000017881 ], [ 201105.3871, 563394.3528 ], [ 201086.7725, 563388.53249999997206 ], [ 201053.3136, 563378.070700000040233 ], [ 201000.7731, 563361.642600000021048 ], [ 200959.3982, 563352.7513 ], [ 200939.513, 563354.566800000029616 ], [ 200916.991, 563356.622899999958463 ], [ 200923.0569, 563423.06539999996312 ], [ 200922.506499999988591, 563449.915000000037253 ], [ 200913.9515, 563494.270099999965169 ], [ 200907.0712, 563529.9425 ], [ 200907.0712, 563553.202599999960512 ], [ 200916.5968, 563660.908999999985099 ], [ 200919.639399999985471, 563698.653700000024401 ], [ 200922.682, 563736.3983 ], [ 200932.477000000013504, 563735.603 ], [ 200946.037000000011176, 563734.50199999997858 ], [ 200958.99299999998766, 563733.449999999953434 ], [ 200989.51, 563730.97199999995064 ], [ 200989.69, 563718.552999999956228 ], [ 200990.309, 563681.40300000004936 ], [ 200991.086000000010245, 563606.642 ], [ 200994.293, 563478.645000000018626 ], [ 200999.0915, 563478.727500000037253 ], [ 201011.31, 563478.895000000018626 ], [ 201033.07, 563479.160000000032596 ], [ 201035.19, 563454.040000000037253 ], [ 201059.689000000013039, 563455.292000000015832 ], [ 201057.037000000011176, 563568.457000000053085 ], [ 201055.066, 563652.555999999982305 ], [ 201054.239, 563687.843 ], [ 201053.538999999989755, 563720.944000000017695 ], [ 201047.823, 563718.542000000015832 ], [ 201047.11799999998766, 563730.005 ], [ 201045.348999999987427, 563744.001000000047497 ], [ 201044.798, 563753.63 ], [ 201044.575000000011642, 563757.648999999975786 ], [ 201046.853, 563757.886999999987893 ], [ 201046.446, 563761.790999999968335 ], [ 201051.725, 563761.991999999969266 ], [ 201060.894999999989523, 563762.99 ], [ 201065.619, 563763.765999999945052 ], [ 201077.275, 563769.525000000023283 ], [ 201084.19, 563769.800000000046566 ], [ 201089.036, 563769.991999999969266 ], [ 201097.704, 563770.336000000010245 ], [ 201097.351, 563784.042999999946915 ], [ 201097.01, 563797.278999999980442 ], [ 201096.931000000011409, 563800.358 ], [ 201108.386999999987893, 563800.596000000019558 ], [ 201115.442000000010012, 563800.805000000051223 ], [ 201115.612, 563797.196 ], [ 201117.972, 563797.280999999959022 ], [ 201126.799999999988358, 563797.829000000027008 ], [ 201128.516, 563798.074000000022352 ], [ 201129.742, 563765.35999999998603 ], [ 201139.844000000011874, 563765.660000000032596 ], [ 201141.8117, 563765.71840000001248 ], [ 201143.1665, 563761.109500000020489 ], [ 201150.3149, 563755.098099999944679 ], [ 201156.1698, 563751.590100000030361 ], [ 201166.3652, 563747.491599999950267 ], [ 201168.631, 563742.719000000040978 ], [ 201170.379599999985658, 563739.035900000017136 ], [ 201184.2685, 563744.398500000010245 ], [ 201196.5155, 563749.127199999988079 ], [ 201215.28, 563759.766300000017509 ], [ 201226.0667, 563763.433899999945424 ], [ 201250.2575, 563766.40749999997206 ], [ 201267.5078, 563768.52800000004936 ], [ 201279.204999999987194, 563762.654499999945983 ], [ 201283.9767, 563754.917000000015832 ], [ 201289.0134, 563756.5161 ], [ 201295.208600000012666, 563758.483 ], [ 201299.9742, 563762.357199999969453 ], [ 201302.9846, 563767.8641 ], [ 201304.84, 563767.706 ], [ 201323.674999999988358, 563766.101000000024214 ], [ 201330.363000000012107, 563766.493000000016764 ], [ 201330.878, 563748.658000000054017 ], [ 201333.097, 563748.738000000012107 ], [ 201342.16, 563749.064000000013039 ], [ 201364.372, 563749.86199999996461 ], [ 201364.6019, 563746.398399999947287 ], [ 201364.653, 563745.628999999957159 ], [ 201368.821999999985565, 563682.910000000032596 ], [ 201368.869, 563659.708499999949709 ], [ 201369.261999999987893, 563613.143999999971129 ], [ 201370.119, 563586.827000000048429 ], [ 201370.14000000001397, 563586.272 ], [ 201371.049999999988358, 563562.189999999944121 ], [ 201401.893000000010943, 563563.939999999944121 ], [ 201402.394999999989523, 563550.64000000001397 ], [ 201402.467, 563548.484000000054948 ], [ 201403.198, 563526.444000000017695 ], [ 201442.685, 563517.530999999959022 ], [ 201467.2052, 563518.79680000001099 ], [ 201476.14000000001397, 563519.258000000030734 ], [ 201471.053000000014435, 563640.917000000015832 ], [ 201470.383, 563662.608 ], [ 201469.41, 563686.957999999984168 ], [ 201466.8953, 563686.85750000004191 ], [ 201466.574499999987893, 563701.773500000010245 ], [ 201464.2207, 563736.34409999998752 ], [ 201478.762599999987287, 563736.211000000010245 ], [ 201478.861, 563746.962000000057742 ], [ 201478.9015, 563751.38800000003539 ], [ 201480.1905, 563756.592900000046939 ], [ 201484.181699999986449, 563762.195599999977276 ], [ 201492.5215, 563771.434099999954924 ], [ 201499.6103, 563775.4275 ], [ 201522.479, 563779.121999999973923 ], [ 201527.131499999988591, 563779.42090000002645 ], [ 201526.498, 563808.843 ], [ 201525.7372, 563817.97199999995064 ], [ 201560.8101, 563817.8504 ] ] ] ] } },
{ "type": "Feature", "properties": { "buurtcode": "BU00860203", "buurtnaam": "Beetsterzwaag-Skeakel", "pc6_codes": "9244AD, 9244AE, 9244AH, 9244AN, 9244AP, 9244AR, 9244AS, 9244AT, 9244AV, 9244AW, 9244AX, 9244AZ, 9244BA, 9244BB, 9244BC, 9244BD, 9244BE, 9244BG, 9244BH, 9244BJ, 9244BK, 9244BL, 9244BM, 9244BN, 9244BP, 9244BR, 9244BS, 9244BT, 9244BV, 9244BX, 9244CA, 9244CB, 9244CC, 9244CD, 9244CE, 9244CG, 9244CH, 9244CK, 9244CL, 9244CM, 9244DA, 9244DB, 9244DC, 9244GC, 9244GH, 9244JH", "wijkcode": "WK008602", "gemeentecode": "GM0086", "gemeentenaam": "Opsterland", "oppervlakteLandInHa": 49, "AantalInwoners_5": 1140, "Mannen_6": 530, "Vrouwen_7": 610, "HuishoudensTotaal_29": 585, "GemiddeldeHuishoudensgrootte_33": 1.9, "Woningvoorraad_35": 599, "NieuwbouwWoningen_36": 0, "NietWoningvoorraad_37": 36, "NieuwbouwNietWoningen_38": 0, "GemiddeldeWOZWaardeVanWoningen_39": 326, "PercentageEengezinswoning_40": 71, "PercentageTussenwoningEengezins_41": 9, "PercentageHoekwoningEengezins_42": 7, "PercentageTweeOnderEenKapWoningEe_43": 18, "PercentageVrijstaandeWoningEengezins_44": 37, "PercentageMeergezinswoning_45": 29, "Koopwoningen_47": 59, "HuurwoningenTotaal_48": 41, "InBezitWoningcorporatie_49": 34, "InBezitOverigeVerhuurders_50": 7, "BouwjaarMeerDanTienJaarGeleden_51": 91, "BouwjaarAfgelopenTienJaar_52": 9, "GemiddeldeElektriciteitslevering_53": 2360, "GemiddeldeElektriciteitsteruglevering_54": 850, "GemiddeldAardgasverbruik_55": 830, "AardgasvrijeWoningen_57": 10, "Aardgaswoningen_58": 86, "WoningenMetZonnestroom_59": 39, "WoningenHoofdzElektrVerwarmd_60": 14, "k_20PersonenMetHoogsteInkomen_80": 16.2, "k_20HuishoudensMetHoogsteInkomen_85": 17.9, "MediaanVermogenVanParticuliereHuish_86": 188.9, "PersonenautoSTotaal_104": 665, "PersonenautoSBrandstofBenzine_105": 505, "PersonenautoSOverigeBrandstof_106": 160, "PersonenautoSPerHuishouden_107": 1.1, "Omgevingsadressendichtheid_121": 555, "AantalInstallatiesBijWoningen_5": 183, "OpgesteldVermogenVanZonnepanelen_6": 701, "installaties_per_woning": 0.30550918196994992, "vermogen_per_woning": 1.1702838063439065, "installaties_per_100_woningen": 30.550918196994992, "vermogen_per_huishouden": 1.1982905982905983, "batterijdruk_score": 331.5, "koop_zon_score": 0.2301, "eengezins_zon_score": 0.2769, "betaalkracht_zon_score": 73.671, "overige_brandstof_zon_score": 62.4, "lichte_batterij_kansscore": 0.36535413877892925 }, "geometry": { "type": "MultiPolygon", "coordinates": [ [ [ [ 201514.226499999989755, 564605.086499999975786 ], [ 201514.565, 564601.363000000012107 ], [ 201518.5993, 564526.579900000011548 ], [ 201521.030999999988126, 564478.609500000020489 ], [ 201522.346500000014203, 564450.934499999973923 ], [ 201524.1043, 564413.954000000027008 ], [ 201525.112499999988358, 564392.7437 ], [ 201524.623400000011316, 564375.9597 ], [ 201581.454999999987194, 564379.162999999942258 ], [ 201616.287000000011176, 564380.533000000054017 ], [ 201653.706, 564382.008999999961816 ], [ 201690.041999999986729, 564383.285999999963678 ], [ 201695.439000000013039, 564383.476000000024214 ], [ 201698.432999999989988, 564316.743000000016764 ], [ 201706.760100000014063, 564131.141199999954551 ], [ 201705.9872, 564110.597300000023097 ], [ 201708.2806, 564075.1335 ], [ 201708.972, 564060.646500000031665 ], [ 201708.963500000012573, 564059.595500000054017 ], [ 201709.2333, 564054.7164000000339 ], [ 201697.505, 564052.515999999945052 ], [ 201698.4565, 564021.721499999985099 ], [ 201699.408, 563990.927000000025146 ], [ 201712.207, 563991.37699999997858 ], [ 201718.364, 563824.810999999986961 ], [ 201719.8763, 563814.495699999970384 ], [ 201673.3914, 563815.4229 ], [ 201659.933500000013737, 563815.739500000025146 ], [ 201621.0746, 563816.653599999961443 ], [ 201618.63, 563876.12 ], [ 201617.908300000010058, 563899.798900000052527 ], [ 201573.4, 563900.71999999997206 ], [ 201563.154199999989942, 563900.932000000029802 ], [ 201563.784000000014203, 563885.311499999952503 ], [ 201564.5654, 563865.930599999963306 ], [ 201559.689000000013039, 563865.890999999945052 ], [ 201544.859, 563865.770499999984168 ], [ 201530.029, 563865.650000000023283 ], [ 201516.1932, 563865.505200000014156 ], [ 201514.812, 563869.230800000019372 ], [ 201507.832, 563866.643000000040047 ], [ 201498.677, 563867.033000000054017 ], [ 201492.798, 563867.283000000054017 ], [ 201484.533, 563867.635 ], [ 201478.34, 563867.898999999975786 ], [ 201476.87, 563867.962000000057742 ], [ 201470.117, 563868.25 ], [ 201461.965, 563868.59699999995064 ], [ 201462.169, 563864.72199999995064 ], [ 201451.7771, 563864.554 ], [ 201448.982500000012806, 563979.64179999998305 ], [ 201402.3841, 563978.494399999966845 ], [ 201389.8744, 563976.616900000022724 ], [ 201350.794499999989057, 563968.583499999949709 ], [ 201345.8805, 563967.537499999976717 ], [ 201337.0063, 563966.782400000025518 ], [ 201337.602000000013504, 563949.974399999948218 ], [ 201338.6545, 563918.879500000039116 ], [ 201339.8659, 563883.0895 ], [ 201339.0078, 563883.06050000002142 ], [ 201339.3781, 563872.1202 ], [ 201340.125300000014249, 563850.04480000003241 ], [ 201329.85999999998603, 563849.822000000043772 ], [ 201324.294, 563850.01300000003539 ], [ 201324.76500000001397, 563860.783000000054017 ], [ 201319.94, 563861.11199999996461 ], [ 201319.935, 563860.993000000016764 ], [ 201311.421200000011595, 563861.3454 ], [ 201310.6527, 563833.212700000032783 ], [ 201310.5246, 563828.522699999972247 ], [ 201308.805, 563828.628000000026077 ], [ 201297.102000000013504, 563829.601999999955297 ], [ 201285.65, 563829.761999999987893 ], [ 201285.019, 563874.275999999954365 ], [ 201278.505, 563874.437999999965541 ], [ 201278.314000000013039, 563879.680999999982305 ], [ 201271.299999999988358, 563879.631000000052154 ], [ 201268.6233, 563879.611900000018068 ], [ 201268.358799999987241, 563887.073899999959394 ], [ 201256.459, 563886.26300000003539 ], [ 201257.343, 563873.128000000026077 ], [ 201258.24299999998766, 563859.75199999997858 ], [ 201251.449, 563859.687999999965541 ], [ 201244.703, 563859.625 ], [ 201244.155999999988126, 563859.62 ], [ 201244.122, 563860.922999999951571 ], [ 201231.525, 563860.57999999995809 ], [ 201228.859, 563863.599000000045635 ], [ 201219.301, 563863.587999999988824 ], [ 201216.1495, 563863.584400000050664 ], [ 201216.204999999987194, 563869.598 ], [ 201205.0074, 563869.620800000033341 ], [ 201205.0074, 563887.2611 ], [ 201201.669, 563887.184 ], [ 201186.950000000011642, 563886.844000000040978 ], [ 201159.566, 563886.351999999955297 ], [ 201128.59340000001248, 563885.935399999958463 ], [ 201128.083000000013271, 563898.268999999971129 ], [ 201130.498, 563898.425000000046566 ], [ 201128.280999999988126, 563925.343 ], [ 201127.3335, 563945.136999999987893 ], [ 201126.386, 563964.930999999982305 ], [ 201085.583000000013271, 563964.415000000037253 ], [ 201084.861, 563959.74 ], [ 201076.450000000011642, 563944.849999999976717 ], [ 201075.5155, 563942.699000000022352 ], [ 201074.581, 563940.547999999951571 ], [ 201074.014, 563938.403999999980442 ], [ 201073.446999999985565, 563936.26 ], [ 201072.912000000011176, 563933.710500000044703 ], [ 201072.377, 563931.160999999963678 ], [ 201072.0835, 563929.287999999942258 ], [ 201071.79, 563927.415000000037253 ], [ 201071.498, 563923.63 ], [ 201071.62400000001071, 563919.295999999972992 ], [ 201073.606999999989057, 563911.429 ], [ 201076.302, 563905.326 ], [ 201080.833000000013271, 563903.577999999979511 ], [ 201081.628, 563886.591000000014901 ], [ 201070.666999999986729, 563886.103 ], [ 201070.424, 563891.770999999949709 ], [ 200957.805, 563886.473 ], [ 200960.98430000001099, 563804.937599999946542 ], [ 200886.5325, 563794.830500000040047 ], [ 200875.919, 563790.800999999977648 ], [ 200867.2487, 563788.64379999996163 ], [ 200837.5122, 563793.389700000057928 ], [ 200799.2014, 563791.564400000032037 ], [ 200777.9594, 563792.165700000012293 ], [ 200782.047, 563812.128000000026077 ], [ 200800.500300000014249, 563902.246099999989383 ], [ 200802.942700000014156, 563912.915000000037253 ], [ 200807.47, 563922.034300000057556 ], [ 200812.1648, 563935.448699999949895 ], [ 200852.559, 564073.045999999972992 ], [ 200848.052300000010291, 564076.384199999971315 ], [ 200793.176, 564117.03249999997206 ], [ 200812.146, 564172.651500000036322 ], [ 200829.31, 564222.49 ], [ 200840.941, 564254.870499999960884 ], [ 200891.46, 564395.446 ], [ 200934.65, 564378.697999999974854 ], [ 200976.107599999988452, 564379.668599999975413 ], [ 200977.731, 564310.885 ], [ 200980.084, 564211.160000000032596 ], [ 200980.9915, 564168.86179999995511 ], [ 200981.9063, 564126.223400000017136 ], [ 201008.8414, 564127.027800000039861 ], [ 201049.706199999985984, 564124.837399999960326 ], [ 201074.886999999987893, 564119.342900000046939 ], [ 201074.606999999989057, 564132.756000000052154 ], [ 201073.5355, 564184.09250000002794 ], [ 201076.269, 564184.158500000019558 ], [ 201073.412000000011176, 564310.367500000051223 ], [ 201166.87400000001071, 564310.084000000031665 ], [ 201166.62, 564349.865 ], [ 201166.424999999988358, 564372.873999999952503 ], [ 201164.0325, 564442.211499999975786 ], [ 201161.700000000011642, 564509.802999999956228 ], [ 201160.9, 564517.422000000020489 ], [ 201156.442000000010012, 564570.653999999980442 ], [ 201156.4383, 564572.897099999943748 ], [ 201183.553000000014435, 564573.479000000050291 ], [ 201253.687199999985751, 564574.9841 ], [ 201252.670000000012806, 564578.489900000044145 ], [ 201252.292500000010477, 564586.490499999956228 ], [ 201253.3252, 564588.801300000050105 ], [ 201257.99299999998766, 564589.773500000010245 ], [ 201272.215, 564593.2635 ], [ 201277.133, 564593.682999999960884 ], [ 201319.3805, 564595.030999999959022 ], [ 201323.99299999998766, 564595.268000000040047 ], [ 201333.3867, 564595.750699999975041 ], [ 201347.0049, 564603.023799999966286 ], [ 201365.613099999987753, 564615.253600000054576 ], [ 201379.113000000012107, 564618.7217 ], [ 201413.8695, 564621.203499999945052 ], [ 201418.669, 564621.3295 ], [ 201458.5515, 564620.603499999968335 ], [ 201462.664500000013504, 564620.68949999997858 ], [ 201512.5185, 564621.731900000013411 ], [ 201514.226499999989755, 564605.086499999975786 ] ] ] ] } },
{ "type": "Feature", "properties": { "buurtcode": "BU00860204", "buurtnaam": "Beetsterzwaag-Talant", "pc6_codes": "9244EW, 9244JB, 9244JD, 9244JG", "wijkcode": "WK008602", "gemeentecode": "GM0086", "gemeentenaam": "Opsterland", "oppervlakteLandInHa": 17, "AantalInwoners_5": 280, "Mannen_6": 170, "Vrouwen_7": 110, "HuishoudensTotaal_29": 0, "GemiddeldeHuishoudensgrootte_33": 2.0, "Woningvoorraad_35": 298, "NieuwbouwWoningen_36": 0, "NietWoningvoorraad_37": 46, "NieuwbouwNietWoningen_38": 0, "GemiddeldeWOZWaardeVanWoningen_39": null, "PercentageEengezinswoning_40": 0, "PercentageTussenwoningEengezins_41": 0, "PercentageHoekwoningEengezins_42": 0, "PercentageTweeOnderEenKapWoningEe_43": 0, "PercentageVrijstaandeWoningEengezins_44": 0, "PercentageMeergezinswoning_45": 100, "Koopwoningen_47": 0, "HuurwoningenTotaal_48": 100, "InBezitWoningcorporatie_49": 0, "InBezitOverigeVerhuurders_50": 100, "BouwjaarMeerDanTienJaarGeleden_51": 11, "BouwjaarAfgelopenTienJaar_52": 89, "GemiddeldeElektriciteitslevering_53": 1180, "GemiddeldeElektriciteitsteruglevering_54": 0, "GemiddeldAardgasverbruik_55": 380, "AardgasvrijeWoningen_57": 0, "Aardgaswoningen_58": 0, "WoningenMetZonnestroom_59": 0, "WoningenHoofdzElektrVerwarmd_60": 0, "k_20PersonenMetHoogsteInkomen_80": null, "k_20HuishoudensMetHoogsteInkomen_85": null, "MediaanVermogenVanParticuliereHuish_86": null, "PersonenautoSTotaal_104": 0, "PersonenautoSBrandstofBenzine_105": 0, "PersonenautoSOverigeBrandstof_106": 0, "PersonenautoSPerHuishouden_107": null, "Omgevingsadressendichtheid_121": 422, "AantalInstallatiesBijWoningen_5": 0, "OpgesteldVermogenVanZonnepanelen_6": 0, "installaties_per_woning": 0.0, "vermogen_per_woning": 0.0, "installaties_per_100_woningen": 0.0, "vermogen_per_huishouden": null, "batterijdruk_score": 0.0, "koop_zon_score": 0.0, "eengezins_zon_score": 0.0, "betaalkracht_zon_score": null, "overige_brandstof_zon_score": 0.0, "lichte_batterij_kansscore": 0.0 }, "geometry": { "type": "MultiPolygon", "coordinates": [ [ [ [ 201466.634499999985565, 563407.540000000037253 ], [ 201471.894999999989523, 563407.824799999943934 ], [ 201474.1642, 563355.699099999968894 ], [ 201509.488000000012107, 563360.363999999943189 ], [ 201537.649, 563364.082999999984168 ], [ 201550.147, 563365.734000000054948 ], [ 201548.761999999987893, 563379.709000000031665 ], [ 201573.303000000014435, 563382.26 ], [ 201595.84, 563384.601999999955297 ], [ 201617.981, 563387.39000000001397 ], [ 201645.106, 563390.057999999960884 ], [ 201645.424, 563379.978 ], [ 201673.549, 563380.005 ], [ 201732.259, 563380.834000000031665 ], [ 201737.782, 563210.174 ], [ 201740.810999999986961, 563110.383299999986775 ], [ 201728.6245, 563091.194600000046194 ], [ 201729.8377, 563069.693300000042655 ], [ 201502.1855, 563037.351000000024214 ], [ 201490.399, 563036.685999999986961 ], [ 201466.036, 563036.991000000038184 ], [ 201441.673, 563037.295999999972992 ], [ 201433.2095, 563036.795999999972992 ], [ 201424.746000000013737, 563036.295999999972992 ], [ 201410.9265, 563034.708499999949709 ], [ 201397.106999999989057, 563033.121000000042841 ], [ 201377.5705, 563029.992500000051223 ], [ 201358.034000000014203, 563026.863999999943189 ], [ 201348.791, 563026.09499999997206 ], [ 201335.11799999998766, 563025.366999999969266 ], [ 201321.445, 563024.638999999966472 ], [ 201318.738000000012107, 563024.26 ], [ 201297.886, 563021.339000000036322 ], [ 201280.476, 563018.900000000023283 ], [ 201235.598300000012387, 563011.2881 ], [ 201236.4523, 563048.551499999943189 ], [ 201238.328700000012759, 563130.4312 ], [ 201238.3388, 563253.834200000041164 ], [ 201235.7275, 563332.736299999989569 ], [ 201235.044, 563353.386500000022352 ], [ 201233.555, 563359.331499999971129 ], [ 201232.066, 563365.276500000036322 ], [ 201224.5225, 563390.580500000040047 ], [ 201224.2267, 563392.647400000016205 ], [ 201234.859900000010384, 563398.8014 ], [ 201260.400400000013178, 563398.8014 ], [ 201275.620499999989988, 563402.243499999982305 ], [ 201287.8174, 563400.470300000044517 ], [ 201297.8773, 563402.821899999980815 ], [ 201308.0545, 563403.716499999980442 ], [ 201330.663, 563404.2561 ], [ 201339.9232, 563404.477100000018254 ], [ 201349.183500000013737, 563404.698100000037812 ], [ 201375.290199999988545, 563405.321099999942817 ], [ 201412.7878, 563406.216099999961443 ], [ 201418.3745, 563407.237500000046566 ], [ 201429.029100000014296, 563409.18550000002142 ], [ 201466.634499999985565, 563407.540000000037253 ] ] ] ] } },
{ "type": "Feature", "properties": { "buurtcode": "BU00860205", "buurtnaam": "Beetsterzwaag-Hup strjitten", "pc6_codes": "9244EN, 9244EP, 9244ER, 9244ES, 9244ET, 9244EV, 9244EW, 9244EX", "wijkcode": "WK008602", "gemeentecode": "GM0086", "gemeentenaam": "Opsterland", "oppervlakteLandInHa": 14, "AantalInwoners_5": 290, "Mannen_6": 135, "Vrouwen_7": 150, "HuishoudensTotaal_29": 120, "GemiddeldeHuishoudensgrootte_33": 2.4, "Woningvoorraad_35": 120, "NieuwbouwWoningen_36": 0, "NietWoningvoorraad_37": 2, "NieuwbouwNietWoningen_38": 0, "GemiddeldeWOZWaardeVanWoningen_39": 421, "PercentageEengezinswoning_40": 100, "PercentageTussenwoningEengezins_41": 18, "PercentageHoekwoningEengezins_42": 7, "PercentageTweeOnderEenKapWoningEe_43": 33, "PercentageVrijstaandeWoningEengezins_44": 42, "PercentageMeergezinswoning_45": 0, "Koopwoningen_47": 95, "HuurwoningenTotaal_48": 5, "InBezitWoningcorporatie_49": 5, "InBezitOverigeVerhuurders_50": 0, "BouwjaarMeerDanTienJaarGeleden_51": 100, "BouwjaarAfgelopenTienJaar_52": 0, "GemiddeldeElektriciteitslevering_53": 3020, "GemiddeldeElektriciteitsteruglevering_54": 1640, "GemiddeldAardgasverbruik_55": 1230, "AardgasvrijeWoningen_57": 6, "Aardgaswoningen_58": 81, "WoningenMetZonnestroom_59": 58, "WoningenHoofdzElektrVerwarmd_60": 19, "k_20PersonenMetHoogsteInkomen_80": 22.0, "k_20HuishoudensMetHoogsteInkomen_85": 26.4, "MediaanVermogenVanParticuliereHuish_86": 327.7, "PersonenautoSTotaal_104": 150, "PersonenautoSBrandstofBenzine_105": 100, "PersonenautoSOverigeBrandstof_106": 50, "PersonenautoSPerHuishouden_107": 1.2, "Omgevingsadressendichtheid_121": 464, "AantalInstallatiesBijWoningen_5": 55, "OpgesteldVermogenVanZonnepanelen_6": 232, "installaties_per_woning": 0.45833333333333331, "vermogen_per_woning": 1.9333333333333333, "installaties_per_100_woningen": 45.833333333333329, "vermogen_per_huishouden": 1.9333333333333333, "batterijdruk_score": 951.2, "koop_zon_score": 0.551, "eengezins_zon_score": 0.58, "betaalkracht_zon_score": 190.066, "overige_brandstof_zon_score": 28.999999999999996, "lichte_batterij_kansscore": 0.55421267053291756 }, "geometry": { "type": "MultiPolygon", "coordinates": [ [ [ [ 201222.1417, 563395.35930000001099 ], [ 201224.2267, 563392.647400000016205 ], [ 201224.5225, 563390.580500000040047 ], [ 201232.066, 563365.276500000036322 ], [ 201233.555, 563359.331499999971129 ], [ 201235.044, 563353.386500000022352 ], [ 201235.7275, 563332.736299999989569 ], [ 201238.3388, 563253.834200000041164 ], [ 201238.328700000012759, 563130.4312 ], [ 201236.4523, 563048.551499999943189 ], [ 201235.598300000012387, 563011.2881 ], [ 201103.03090000001248, 562993.576800000038929 ], [ 201041.3688, 562990.656300000031479 ], [ 201005.1935, 562987.915999999968335 ], [ 200988.866799999988871, 562986.679200000013225 ], [ 200965.2175, 562981.498499999986961 ], [ 200877.144, 562964.10750000004191 ], [ 200871.252100000012433, 562962.944099999964237 ], [ 200870.692000000010012, 562977.384500000043772 ], [ 200866.179899999988265, 563066.090199999976903 ], [ 200866.5969, 563087.159899999969639 ], [ 200866.9107, 563103.018399999942631 ], [ 200878.1097, 563227.554899999988265 ], [ 200889.1825, 563344.466499999980442 ], [ 200890.5624, 563359.0357 ], [ 200916.991, 563356.622899999958463 ], [ 200939.513, 563354.566800000029616 ], [ 200959.3982, 563352.7513 ], [ 201000.7731, 563361.642600000021048 ], [ 201053.3136, 563378.070700000040233 ], [ 201086.7725, 563388.53249999997206 ], [ 201105.3871, 563394.3528 ], [ 201136.3203, 563396.871700000017881 ], [ 201214.036499999987427, 563397.9669 ], [ 201222.1417, 563395.35930000001099 ] ] ] ] } },
{ "type": "Feature", "properties": { "buurtcode": "BU00860206", "buurtnaam": "Beetsterzwaag-Singels", "pc6_codes": "9244AA, 9244AB, 9244AC, 9244AG, 9244AJ, 9244AK, 9244AL, 9244AM, 9244BX, 9244BZ, 9244HA, 9244HD, 9244HE, 9244HG, 9244HH", "wijkcode": "WK008602", "gemeentecode": "GM0086", "gemeentenaam": "Opsterland", "oppervlakteLandInHa": 14, "AantalInwoners_5": 610, "Mannen_6": 285, "Vrouwen_7": 320, "HuishoudensTotaal_29": 295, "GemiddeldeHuishoudensgrootte_33": 2.0, "Woningvoorraad_35": 304, "NieuwbouwWoningen_36": 0, "NietWoningvoorraad_37": 1, "NieuwbouwNietWoningen_38": 0, "GemiddeldeWOZWaardeVanWoningen_39": 274, "PercentageEengezinswoning_40": 83, "PercentageTussenwoningEengezins_41": 35, "PercentageHoekwoningEengezins_42": 14, "PercentageTweeOnderEenKapWoningEe_43": 22, "PercentageVrijstaandeWoningEengezins_44": 12, "PercentageMeergezinswoning_45": 17, "Koopwoningen_47": 64, "HuurwoningenTotaal_48": 36, "InBezitWoningcorporatie_49": 29, "InBezitOverigeVerhuurders_50": 7, "BouwjaarMeerDanTienJaarGeleden_51": 100, "BouwjaarAfgelopenTienJaar_52": 0, "GemiddeldeElektriciteitslevering_53": 2310, "GemiddeldeElektriciteitsteruglevering_54": 920, "GemiddeldAardgasverbruik_55": 940, "AardgasvrijeWoningen_57": 1, "Aardgaswoningen_58": 95, "WoningenMetZonnestroom_59": 41, "WoningenHoofdzElektrVerwarmd_60": 5, "k_20PersonenMetHoogsteInkomen_80": 15.7, "k_20HuishoudensMetHoogsteInkomen_85": 14.4, "MediaanVermogenVanParticuliereHuish_86": 142.7, "PersonenautoSTotaal_104": 370, "PersonenautoSBrandstofBenzine_105": 280, "PersonenautoSOverigeBrandstof_106": 85, "PersonenautoSPerHuishouden_107": 1.2, "Omgevingsadressendichtheid_121": 437, "AantalInstallatiesBijWoningen_5": 93, "OpgesteldVermogenVanZonnepanelen_6": 356, "installaties_per_woning": 0.30592105263157893, "vermogen_per_woning": 1.1710526315789473, "installaties_per_100_woningen": 30.592105263157894, "vermogen_per_huishouden": 1.2067796610169492, "batterijdruk_score": 377.2, "koop_zon_score": 0.2624, "eengezins_zon_score": 0.3403, "betaalkracht_zon_score": 58.507, "overige_brandstof_zon_score": 34.85, "lichte_batterij_kansscore": 0.40405100599542598 }, "geometry": { "type": "MultiPolygon", "coordinates": [ [ [ [ 201500.5736, 565009.17429999995511 ], [ 201501.1693, 564999.339799999957904 ], [ 201503.303000000014435, 564929.146500000031665 ], [ 201501.7495, 564913.145499999984168 ], [ 201503.404, 564860.498499999986961 ], [ 201505.9655, 564844.628000000026077 ], [ 201507.987499999988358, 564772.786500000045635 ], [ 201510.177, 564751.841000000014901 ], [ 201510.0771, 564726.272499999962747 ], [ 201507.470899999985704, 564717.615100000053644 ], [ 201508.929, 564672.302000000025146 ], [ 201509.0765, 564667.163500000024214 ], [ 201511.535, 564631.246999999973923 ], [ 201512.0215, 564626.576 ], [ 201512.5185, 564621.731900000013411 ], [ 201462.664500000013504, 564620.68949999997858 ], [ 201458.5515, 564620.603499999968335 ], [ 201418.669, 564621.3295 ], [ 201413.8695, 564621.203499999945052 ], [ 201379.113000000012107, 564618.7217 ], [ 201365.613099999987753, 564615.253600000054576 ], [ 201347.0049, 564603.023799999966286 ], [ 201333.3867, 564595.750699999975041 ], [ 201323.99299999998766, 564595.268000000040047 ], [ 201319.3805, 564595.030999999959022 ], [ 201277.133, 564593.682999999960884 ], [ 201272.215, 564593.2635 ], [ 201257.99299999998766, 564589.773500000010245 ], [ 201253.3252, 564588.801300000050105 ], [ 201252.292500000010477, 564586.490499999956228 ], [ 201252.670000000012806, 564578.489900000044145 ], [ 201253.687199999985751, 564574.9841 ], [ 201183.553000000014435, 564573.479000000050291 ], [ 201156.4383, 564572.897099999943748 ], [ 201156.36799999998766, 564615.25199999997858 ], [ 201155.657, 564627.3785 ], [ 201152.997, 564713.733 ], [ 201148.952, 564867.775999999954365 ], [ 201182.894, 564867.32999999995809 ], [ 201182.995, 564871.704000000027008 ], [ 201183.389, 564888.692999999970198 ], [ 201183.5725, 564906.386000000056811 ], [ 201183.611, 564930.184 ], [ 201182.888, 564960.527 ], [ 201181.6164, 565001.8554 ], [ 201239.44, 565002.915999999968335 ], [ 201245.136900000012247, 565003.020499999984168 ], [ 201248.347799999988638, 564998.6311 ], [ 201253.3516, 564994.0416 ], [ 201262.1084, 565001.7304 ], [ 201269.8525, 565004.054899999988265 ], [ 201296.8376, 565004.352900000056252 ], [ 201345.729400000011083, 565006.573199999984354 ], [ 201345.8969, 565002.885400000028312 ], [ 201395.54, 565004.442999999970198 ], [ 201411.348, 565007.163999999989755 ], [ 201493.84, 565009.615 ], [ 201500.5736, 565009.17429999995511 ] ] ] ] } },
{ "type": "Feature", "properties": { "buurtcode": "BU00860207", "buurtnaam": "Beetsterzwaag-Roekebosk", "pc6_codes": "9244AA, 9244AB, 9244CH, 9244HA, 9244HB, 9244HC, 9244HJ, 9244HK, 9244HL, 9244HM, 9244HN, 9244HP", "wijkcode": "WK008602", "gemeentecode": "GM0086", "gemeentenaam": "Opsterland", "oppervlakteLandInHa": 17, "AantalInwoners_5": 370, "Mannen_6": 185, "Vrouwen_7": 185, "HuishoudensTotaal_29": 155, "GemiddeldeHuishoudensgrootte_33": 2.3, "Woningvoorraad_35": 161, "NieuwbouwWoningen_36": 0, "NietWoningvoorraad_37": 1, "NieuwbouwNietWoningen_38": 0, "GemiddeldeWOZWaardeVanWoningen_39": 500, "PercentageEengezinswoning_40": 100, "PercentageTussenwoningEengezins_41": 1, "PercentageHoekwoningEengezins_42": 1, "PercentageTweeOnderEenKapWoningEe_43": 21, "PercentageVrijstaandeWoningEengezins_44": 76, "PercentageMeergezinswoning_45": 0, "Koopwoningen_47": 99, "HuurwoningenTotaal_48": 1, "InBezitWoningcorporatie_49": 0, "InBezitOverigeVerhuurders_50": 1, "BouwjaarMeerDanTienJaarGeleden_51": 100, "BouwjaarAfgelopenTienJaar_52": 0, "GemiddeldeElektriciteitslevering_53": 3400, "GemiddeldeElektriciteitsteruglevering_54": 2000, "GemiddeldAardgasverbruik_55": 1140, "AardgasvrijeWoningen_57": 5, "Aardgaswoningen_58": 88, "WoningenMetZonnestroom_59": 71, "WoningenHoofdzElektrVerwarmd_60": 12, "k_20PersonenMetHoogsteInkomen_80": 30.5, "k_20HuishoudensMetHoogsteInkomen_85": 37.3, "MediaanVermogenVanParticuliereHuish_86": 487.2, "PersonenautoSTotaal_104": 195, "PersonenautoSBrandstofBenzine_105": 130, "PersonenautoSOverigeBrandstof_106": 65, "PersonenautoSPerHuishouden_107": 1.2, "Omgevingsadressendichtheid_121": 311, "AantalInstallatiesBijWoningen_5": 96, "OpgesteldVermogenVanZonnepanelen_6": 469, "installaties_per_woning": 0.59627329192546585, "vermogen_per_woning": 2.9130434782608696, "installaties_per_100_woningen": 59.627329192546583, "vermogen_per_huishouden": 3.0258064516129033, "batterijdruk_score": 1420.0, "koop_zon_score": 0.7029, "eengezins_zon_score": 0.71, "betaalkracht_zon_score": 345.912, "overige_brandstof_zon_score": 46.15, "lichte_batterij_kansscore": 0.59886694788326911 }, "geometry": { "type": "MultiPolygon", "coordinates": [ [ [ [ 201182.712, 565142.27800000004936 ], [ 201203.144999999989523, 565140.998999999952503 ], [ 201216.676, 565140.34699999995064 ], [ 201225.633, 565139.915000000037253 ], [ 201239.99299999998766, 565139.643999999971129 ], [ 201249.612, 565138.560000000055879 ], [ 201271.693, 565137.883000000030734 ], [ 201286.324, 565139.101999999955297 ], [ 201315.494, 565138.900000000023283 ], [ 201336.127, 565139.949000000022352 ], [ 201350.815, 565141.348 ], [ 201361.307, 565140.299 ], [ 201379.166999999986729, 565140.044 ], [ 201383.401000000012573, 565139.984000000054948 ], [ 201420.53, 565139.226999999955297 ], [ 201442.125, 565137.711000000010245 ], [ 201445.546, 565137.736000000033528 ], [ 201493.272, 565138.089999999967404 ], [ 201506.49299999998766, 565137.680000000051223 ], [ 201538.854, 565136.677000000025146 ], [ 201542.144999999989523, 565136.574999999953434 ], [ 201607.688, 565134.300999999977648 ], [ 201659.593, 565133.165000000037253 ], [ 201661.866, 565132.785999999963678 ], [ 201663.381, 565131.270000000018626 ], [ 201663.827, 565129.302999999956228 ], [ 201664.159000000014203, 565127.839999999967404 ], [ 201666.052, 565085.378000000026077 ], [ 201667.945, 565042.915999999968335 ], [ 201670.065, 565004.419 ], [ 201672.845, 564947.09050000004936 ], [ 201673.894999999989523, 564926.618999999947846 ], [ 201676.6, 564861.979000000050291 ], [ 201678.5655, 564814.051499999943189 ], [ 201679.305, 564797.339000000036322 ], [ 201681.043, 564776.584999999962747 ], [ 201681.654, 564771.435999999986961 ], [ 201682.404, 564748.444000000017695 ], [ 201687.185999999986961, 564616.388999999966472 ], [ 201689.413, 564561.902 ], [ 201690.5833, 564539.773599999956787 ], [ 201688.959899999987101, 564539.711299999966286 ], [ 201689.598, 564523.084999999962747 ], [ 201692.095, 564458.020999999949709 ], [ 201695.439000000013039, 564383.476000000024214 ], [ 201690.041999999986729, 564383.285999999963678 ], [ 201653.706, 564382.008999999961816 ], [ 201616.287000000011176, 564380.533000000054017 ], [ 201581.454999999987194, 564379.162999999942258 ], [ 201524.623400000011316, 564375.9597 ], [ 201525.112499999988358, 564392.7437 ], [ 201524.1043, 564413.954000000027008 ], [ 201522.346500000014203, 564450.934499999973923 ], [ 201521.030999999988126, 564478.609500000020489 ], [ 201518.5993, 564526.579900000011548 ], [ 201514.565, 564601.363000000012107 ], [ 201514.226499999989755, 564605.086499999975786 ], [ 201512.5185, 564621.731900000013411 ], [ 201512.0215, 564626.576 ], [ 201511.535, 564631.246999999973923 ], [ 201509.0765, 564667.163500000024214 ], [ 201508.929, 564672.302000000025146 ], [ 201507.470899999985704, 564717.615100000053644 ], [ 201510.0771, 564726.272499999962747 ], [ 201510.177, 564751.841000000014901 ], [ 201507.987499999988358, 564772.786500000045635 ], [ 201505.9655, 564844.628000000026077 ], [ 201503.404, 564860.498499999986961 ], [ 201501.7495, 564913.145499999984168 ], [ 201503.303000000014435, 564929.146500000031665 ], [ 201501.1693, 564999.339799999957904 ], [ 201500.5736, 565009.17429999995511 ], [ 201493.84, 565009.615 ], [ 201411.348, 565007.163999999989755 ], [ 201395.54, 565004.442999999970198 ], [ 201345.8969, 565002.885400000028312 ], [ 201345.729400000011083, 565006.573199999984354 ], [ 201296.8376, 565004.352900000056252 ], [ 201269.8525, 565004.054899999988265 ], [ 201262.1084, 565001.7304 ], [ 201253.3516, 564994.0416 ], [ 201248.347799999988638, 564998.6311 ], [ 201245.136900000012247, 565003.020499999984168 ], [ 201239.44, 565002.915999999968335 ], [ 201181.6164, 565001.8554 ], [ 201178.3475, 565067.314000000013039 ], [ 201174.53, 565143.758000000030734 ], [ 201182.712, 565142.27800000004936 ] ] ] ] } },
{ "type": "Feature", "properties": { "buurtcode": "BU00860208", "buurtnaam": "Beetsterzwaag-Olterterp", "pc6_codes": "9246TL, 9246TM, 9246TN, 9246WJ, 9246WK", "wijkcode": "WK008602", "gemeentecode": "GM0086", "gemeentenaam": "Opsterland", "oppervlakteLandInHa": 619, "AantalInwoners_5": 70, "Mannen_6": 35, "Vrouwen_7": 35, "HuishoudensTotaal_29": 30, "GemiddeldeHuishoudensgrootte_33": 2.3, "Woningvoorraad_35": 32, "NieuwbouwWoningen_36": 0, "NietWoningvoorraad_37": 4, "NieuwbouwNietWoningen_38": 0, "GemiddeldeWOZWaardeVanWoningen_39": 546, "PercentageEengezinswoning_40": 81, "PercentageTussenwoningEengezins_41": 0, "PercentageHoekwoningEengezins_42": 0, "PercentageTweeOnderEenKapWoningEe_43": 0, "PercentageVrijstaandeWoningEengezins_44": 81, "PercentageMeergezinswoning_45": 19, "Koopwoningen_47": 81, "HuurwoningenTotaal_48": 19, "InBezitWoningcorporatie_49": 0, "InBezitOverigeVerhuurders_50": 19, "BouwjaarMeerDanTienJaarGeleden_51": 88, "BouwjaarAfgelopenTienJaar_52": 13, "GemiddeldeElektriciteitslevering_53": 4120, "GemiddeldeElektriciteitsteruglevering_54": 2650, "GemiddeldAardgasverbruik_55": 1430, "AardgasvrijeWoningen_57": null, "Aardgaswoningen_58": null, "WoningenMetZonnestroom_59": null, "WoningenHoofdzElektrVerwarmd_60": null, "k_20PersonenMetHoogsteInkomen_80": null, "k_20HuishoudensMetHoogsteInkomen_85": null, "MediaanVermogenVanParticuliereHuish_86": null, "PersonenautoSTotaal_104": 65, "PersonenautoSBrandstofBenzine_105": 40, "PersonenautoSOverigeBrandstof_106": 25, "PersonenautoSPerHuishouden_107": null, "Omgevingsadressendichtheid_121": 29, "AantalInstallatiesBijWoningen_5": 10, "OpgesteldVermogenVanZonnepanelen_6": 58, "installaties_per_woning": 0.3125, "vermogen_per_woning": 1.8125, "installaties_per_100_woningen": 31.25, "vermogen_per_huishouden": 1.9333333333333333, "batterijdruk_score": null, "koop_zon_score": null, "eengezins_zon_score": null, "betaalkracht_zon_score": null, "overige_brandstof_zon_score": null, "lichte_batterij_kansscore": null }, "geometry": { "type": "MultiPolygon", "coordinates": [ [ [ [ 204129.054, 566448.775999999954365 ], [ 204170.85999999998603, 566432.910000000032596 ], [ 204211.223, 566401.180000000051223 ], [ 204244.696, 566362.772 ], [ 204328.88, 566195.968 ], [ 204445.351, 565944.981999999959953 ], [ 204379.451, 565894.540999999968335 ], [ 204458.367, 565733.456 ], [ 205090.577, 564456.937000000034459 ], [ 205061.747, 564442.513999999966472 ], [ 205113.655, 564346.663999999989755 ], [ 205120.037000000011176, 564316.888999999966472 ], [ 205120.585, 564314.098 ], [ 205133.825000000011642, 564246.35999999998603 ], [ 205165.538999999989755, 564191.550999999977648 ], [ 205148.239, 564171.35999999998603 ], [ 205135.266, 564136.743999999947846 ], [ 205094.903, 564123.761999999987893 ], [ 205100.669, 564084.819999999948777 ], [ 205084.81, 564061.743999999947846 ], [ 205067.513, 564057.415999999968335 ], [ 205053.097, 564042.993000000016764 ], [ 205063.187, 564012.70499999995809 ], [ 205044.446999999985565, 563992.511999999987893 ], [ 205028.59, 563982.415000000037253 ], [ 205014.174, 563969.435000000055879 ], [ 205028.59, 563931.934 ], [ 205022.824, 563865.587999999988824 ], [ 204979.913, 563753.584000000031665 ], [ 204975.252, 563738.663999999989755 ], [ 204975.252, 563709.819000000017695 ], [ 204986.785, 563663.662999999942258 ], [ 204955.068999999988591, 563608.856000000028871 ], [ 204949.305, 563556.932000000029802 ], [ 204937.772, 563502.125 ], [ 204937.772, 563453.087000000057742 ], [ 204888.759, 563370.87300000002142 ], [ 204870.017, 563382.412000000011176 ], [ 204852.72, 563380.96999999997206 ], [ 204821.003999999986263, 563363.662000000011176 ], [ 204806.587999999988824, 563326.162999999942258 ], [ 204799.381, 563320.392 ], [ 204784.965, 563340.584999999962747 ], [ 204761.899, 563331.930999999982305 ], [ 204744.602000000013504, 563290.104000000050291 ], [ 204718.653, 563303.084000000031665 ], [ 204695.589, 563288.660999999963678 ], [ 204672.522999999986496, 563298.758000000030734 ], [ 204666.75700000001234, 563248.277 ], [ 204623.51, 563256.930999999982305 ], [ 204571.614, 563256.930999999982305 ], [ 204574.498, 563222.314999999944121 ], [ 204482.046, 563211.868000000016764 ], [ 204284.024, 563455.96999999997206 ], [ 204218.022, 563517.886000000056811 ], [ 202038.057, 564258.756999999983236 ], [ 202001.283, 565121.729700000025332 ], [ 202007.93085, 565119.78504999994766 ], [ 202008.189000000013039, 565110.229999999981374 ], [ 202020.852000000013504, 565116.189999999944121 ], [ 202048.123, 565129.731000000028871 ], [ 202054.563, 565133.462000000057742 ], [ 202058.8289, 565136.12320000003092 ], [ 202067.057, 565141.256000000052154 ], [ 202071.01, 565143.72199999995064 ], [ 202113.211000000010245, 565180.623999999952503 ], [ 202163.99900000001071, 565223.35999999998603 ], [ 202311.644, 565339.055999999982305 ], [ 202429.187, 565430.892 ], [ 202530.193999999988591, 565508.90300000004936 ], [ 202574.166999999986729, 565543.457000000053085 ], [ 202610.56, 565571.724999999976717 ], [ 202615.48499999998603, 565575.550999999977648 ], [ 202634.689000000013039, 565584.544 ], [ 202649.826, 565593.28000000002794 ], [ 202654.904, 565596.209999999962747 ], [ 202682.032, 565611.866999999969266 ], [ 202774.468, 565665.868999999947846 ], [ 202778.575000000011642, 565668.268000000040047 ], [ 202856.912000000011176, 565714.033999999985099 ], [ 202891.169, 565736.277 ], [ 202901.99, 565730.067000000039116 ], [ 202910.087, 565730.988999999943189 ], [ 202911.252, 565729.437999999965541 ], [ 202912.688, 565730.65300000004936 ], [ 202975.163, 565783.508000000030734 ], [ 203004.187, 565808.319000000017695 ], [ 203008.837, 565812.29500000004191 ], [ 203022.271, 565825.084999999962747 ], [ 203049.291, 565850.812000000034459 ], [ 203095.256, 565895.273999999975786 ], [ 203096.503, 565897.24800000002142 ], [ 203102.228, 565906.312000000034459 ], [ 203115.576, 565927.591000000014901 ], [ 203131.889, 565953.97199999995064 ], [ 203148.87599999998929, 565980.893999999971129 ], [ 203164.446, 566006.643000000040047 ], [ 203172.564000000013039, 566018.697000000043772 ], [ 203186.685, 566041.136000000056811 ], [ 203191.913999999989755, 566049.704000000027008 ], [ 203195.227000000013504, 566055.131999999983236 ], [ 203196.844000000011874, 566057.782 ], [ 203199.689000000013039, 566062.444000000017695 ], [ 203212.918, 566084.234000000054948 ], [ 203214.104, 566086.187999999965541 ], [ 203230.98499999998603, 566113.662999999942258 ], [ 203235.494, 566120.694000000017695 ], [ 203248.215, 566141.545999999972992 ], [ 203261.476, 566163.170999999972992 ], [ 203274.496000000013737, 566184.064999999944121 ], [ 203289.628999999986263, 566208.212000000057742 ], [ 203296.567000000010012, 566219.663999999989755 ], [ 203303.796, 566232.189999999944121 ], [ 203330.796, 566276.834000000031665 ], [ 203349.443999999988591, 566305.822000000043772 ], [ 203359.503999999986263, 566321.702000000048429 ], [ 203373.352000000013504, 566343.559 ], [ 203381.018000000010943, 566355.658999999985099 ], [ 203399.693, 566384.969000000040978 ], [ 203400.452, 566386.207000000053085 ], [ 203405.641, 566394.665999999968335 ], [ 203406.1709, 566395.531100000021979 ], [ 203621.847, 566367.297000000020489 ], [ 203707.959, 566364.371000000042841 ], [ 204051.209, 566455.98699999996461 ], [ 204082.924999999988358, 566455.98699999996461 ], [ 204129.054, 566448.775999999954365 ] ] ] ] } },
{ "type": "Feature", "properties": { "buurtcode": "BU00860209", "buurtnaam": "Beetsterzwaag-Buitengebied", "pc6_codes": "9244BW, 9244BZ, 9244CC, 9244CJ, 9244CK, 9244GA, 9244GC, 9244GD, 9244GE, 9244GH", "wijkcode": "WK008602", "gemeentecode": "GM0086", "gemeentenaam": "Opsterland", "oppervlakteLandInHa": 1288, "AantalInwoners_5": 140, "Mannen_6": 75, "Vrouwen_7": 60, "HuishoudensTotaal_29": 50, "GemiddeldeHuishoudensgrootte_33": 2.6, "Woningvoorraad_35": 58, "NieuwbouwWoningen_36": 0, "NietWoningvoorraad_37": 14, "NieuwbouwNietWoningen_38": 0, "GemiddeldeWOZWaardeVanWoningen_39": 525, "PercentageEengezinswoning_40": 97, "PercentageTussenwoningEengezins_41": 0, "PercentageHoekwoningEengezins_42": 0, "PercentageTweeOnderEenKapWoningEe_43": 3, "PercentageVrijstaandeWoningEengezins_44": 93, "PercentageMeergezinswoning_45": 3, "Koopwoningen_47": 67, "HuurwoningenTotaal_48": 31, "InBezitWoningcorporatie_49": 0, "InBezitOverigeVerhuurders_50": 31, "BouwjaarMeerDanTienJaarGeleden_51": 98, "BouwjaarAfgelopenTienJaar_52": 2, "GemiddeldeElektriciteitslevering_53": 4000, "GemiddeldeElektriciteitsteruglevering_54": 1930, "GemiddeldAardgasverbruik_55": 1640, "AardgasvrijeWoningen_57": null, "Aardgaswoningen_58": null, "WoningenMetZonnestroom_59": null, "WoningenHoofdzElektrVerwarmd_60": null, "k_20PersonenMetHoogsteInkomen_80": 29.7, "k_20HuishoudensMetHoogsteInkomen_85": null, "MediaanVermogenVanParticuliereHuish_86": null, "PersonenautoSTotaal_104": 105, "PersonenautoSBrandstofBenzine_105": 75, "PersonenautoSOverigeBrandstof_106": 35, "PersonenautoSPerHuishouden_107": 2.1, "Omgevingsadressendichtheid_121": 209, "AantalInstallatiesBijWoningen_5": 13, "OpgesteldVermogenVanZonnepanelen_6": 68, "installaties_per_woning": 0.22413793103448276, "vermogen_per_woning": 1.1724137931034482, "installaties_per_100_woningen": 22.413793103448278, "vermogen_per_huishouden": 1.36, "batterijdruk_score": null, "koop_zon_score": null, "eengezins_zon_score": null, "betaalkracht_zon_score": null, "overige_brandstof_zon_score": null, "lichte_batterij_kansscore": null }, "geometry": { "type": "MultiPolygon", "coordinates": [ [ [ [ 199547.139, 565308.236000000033528 ], [ 199565.057999999989988, 565307.444000000017695 ], [ 199591.685, 565306.299 ], [ 199613.764, 565305.152 ], [ 199613.723, 565305.101999999955297 ], [ 199643.472, 565303.826 ], [ 199672.693, 565302.212999999988824 ], [ 199679.41, 565301.959999999962747 ], [ 199692.728, 565301.153999999980442 ], [ 199733.31, 565298.699999999953434 ], [ 199736.044, 565298.64000000001397 ], [ 199739.106, 565298.572000000043772 ], [ 199748.329999999987194, 565298.24 ], [ 199758.234, 565297.724000000045635 ], [ 199786.293, 565295.881999999983236 ], [ 199791.75, 565295.54500000004191 ], [ 199805.325000000011642, 565294.878999999957159 ], [ 199827.696999999985565, 565293.381999999983236 ], [ 199856.34, 565291.72199999995064 ], [ 199859.604, 565291.429 ], [ 199874.511, 565290.378000000026077 ], [ 199886.601, 565289.765999999945052 ], [ 199908.689000000013039, 565288.522 ], [ 199909.016, 565288.503999999957159 ], [ 199936.717, 565287.047999999951571 ], [ 199963.098, 565285.709000000031665 ], [ 199966.285, 565285.566 ], [ 199991.687, 565284.425000000046566 ], [ 200014.663, 565282.73499999998603 ], [ 200037.717, 565281.314000000013039 ], [ 200047.384, 565281.42000000004191 ], [ 200052.34, 565281.165000000037253 ], [ 200081.541, 565279.660000000032596 ], [ 200092.497, 565279.096000000019558 ], [ 200128.984, 565276.663999999989755 ], [ 200132.47, 565276.432000000029802 ], [ 200147.818999999988591, 565275.408000000054017 ], [ 200149.859, 565275.246000000042841 ], [ 200152.178000000014435, 565274.61199999996461 ], [ 200184.954, 565272.865 ], [ 200329.327, 565265.170999999972992 ], [ 200349.534000000014203, 565264.094000000040978 ], [ 200350.123, 565264.082999999984168 ], [ 200352.920000000012806, 565264.03000000002794 ], [ 200372.305, 565262.988999999943189 ], [ 200385.571999999985565, 565262.275999999954365 ], [ 200386.163, 565262.243999999947846 ], [ 200413.488000000012107, 565260.476000000024214 ], [ 200440.272999999986496, 565258.741999999969266 ], [ 200462.631, 565257.343 ], [ 200473.81, 565256.643000000040047 ], [ 200485.014, 565255.770000000018626 ], [ 200500.297, 565254.702000000048429 ], [ 200521.324, 565253.299 ], [ 200526.560999999986961, 565252.86199999996461 ], [ 200538.784000000014203, 565251.843 ], [ 200568.712999999988824, 565250.63800000003539 ], [ 200573.469000000011874, 565250.422000000020489 ], [ 200600.996000000013737, 565249.169 ], [ 200602.196999999985565, 565249.116000000038184 ], [ 200624.891, 565248.10999999998603 ], [ 200642.76, 565247.98699999996461 ], [ 200649.044, 565247.788999999989755 ], [ 200654.984, 565247.305000000051223 ], [ 200659.532, 565246.97199999995064 ], [ 200663.793, 565246.981999999959953 ], [ 200667.796, 565247.234000000054948 ], [ 200670.99299999998766, 565247.283999999985099 ], [ 200674.231, 565247.530999999959022 ], [ 200676.980000000010477, 565247.163999999989755 ], [ 200681.987, 565245.748999999952503 ], [ 200687.333000000013271, 565244.48699999996461 ], [ 200691.306000000011409, 565243.908999999985099 ], [ 200693.391, 565243.566 ], [ 200694.682999999989988, 565243.300999999977648 ], [ 200696.593, 565242.849000000045635 ], [ 200699.028, 565242.094000000040978 ], [ 200701.706, 565241.59699999995064 ], [ 200704.932999999989988, 565241.54500000004191 ], [ 200709.083000000013271, 565242.158000000054017 ], [ 200715.214, 565243.26500000001397 ], [ 200721.836000000010245, 565244.12 ], [ 200722.661908, 565244.190701000043191 ], [ 200723.076, 565244.226000000024214 ], [ 200727.103, 565244.569999999948777 ], [ 200733.589, 565245.12 ], [ 200738.428000000014435, 565245.474999999976717 ], [ 200743.961000000010245, 565245.672000000020489 ], [ 200749.49, 565245.768000000040047 ], [ 200752.481, 565245.658999999985099 ], [ 200754.744100000010803, 565245.2807 ], [ 200755.293, 565245.189000000013039 ], [ 200757.87, 565244.662000000011176 ], [ 200760.787000000011176, 565243.422999999951571 ], [ 200764.142, 565241.435999999986961 ], [ 200769.575000000011642, 565238.008000000030734 ], [ 200781.733, 565230.072999999974854 ], [ 200788.897999999986496, 565225.783000000054017 ], [ 200795.189000000013039, 565222.157 ], [ 200799.239, 565220.562999999965541 ], [ 200802.834, 565219.147 ], [ 200810.807999999989988, 565216.059 ], [ 200817.161, 565213.196 ], [ 200823.121000000013737, 565210.547999999951571 ], [ 200831.909000000014203, 565206.099000000045635 ], [ 200837.36799999998766, 565203.300999999977648 ], [ 200845.856, 565198.795999999972992 ], [ 200847.403, 565198.032 ], [ 200852.918, 565195.307999999960884 ], [ 200859.579, 565191.802000000025146 ], [ 200863.928000000014435, 565189.679 ], [ 200871.524, 565185.339000000036322 ], [ 200875.728, 565183.300000000046566 ], [ 200886.371000000013737, 565178.13800000003539 ], [ 200899.949, 565171.714999999967404 ], [ 200911.805, 565166.452999999979511 ], [ 200926.543, 565159.77800000004936 ], [ 200945.976, 565153.783000000054017 ], [ 200970.227000000013504, 565144.67000000004191 ], [ 200981.805, 565144.812000000034459 ], [ 201011.551, 565145.175999999977648 ], [ 201035.033, 565146.343 ], [ 201073.291999999986729, 565150.397 ], [ 201094.465, 565149.589000000036322 ], [ 201112.93, 565151.728 ], [ 201112.571, 565154.209000000031665 ], [ 201132.212, 565154.179 ], [ 201140.016, 565154.167000000015832 ], [ 201163.006, 565151.849000000045635 ], [ 201163.006, 565145.843 ], [ 201174.53, 565143.758000000030734 ], [ 201178.3475, 565067.314000000013039 ], [ 201181.6164, 565001.8554 ], [ 201182.888, 564960.527 ], [ 201183.611, 564930.184 ], [ 201183.5725, 564906.386000000056811 ], [ 201183.389, 564888.692999999970198 ], [ 201182.995, 564871.704000000027008 ], [ 201182.894, 564867.32999999995809 ], [ 201148.952, 564867.775999999954365 ], [ 201152.997, 564713.733 ], [ 201155.657, 564627.3785 ], [ 201156.36799999998766, 564615.25199999997858 ], [ 201156.4383, 564572.897099999943748 ], [ 201156.442000000010012, 564570.653999999980442 ], [ 201160.9, 564517.422000000020489 ], [ 201161.700000000011642, 564509.802999999956228 ], [ 201164.0325, 564442.211499999975786 ], [ 201166.424999999988358, 564372.873999999952503 ], [ 201166.62, 564349.865 ], [ 201166.87400000001071, 564310.084000000031665 ], [ 201073.412000000011176, 564310.367500000051223 ], [ 201076.269, 564184.158500000019558 ], [ 201073.5355, 564184.09250000002794 ], [ 201074.606999999989057, 564132.756000000052154 ], [ 201074.886999999987893, 564119.342900000046939 ], [ 201049.706199999985984, 564124.837399999960326 ], [ 201008.8414, 564127.027800000039861 ], [ 200981.9063, 564126.223400000017136 ], [ 200980.9915, 564168.86179999995511 ], [ 200980.084, 564211.160000000032596 ], [ 200977.731, 564310.885 ], [ 200976.107599999988452, 564379.668599999975413 ], [ 200934.65, 564378.697999999974854 ], [ 200891.46, 564395.446 ], [ 200840.941, 564254.870499999960884 ], [ 200829.31, 564222.49 ], [ 200812.146, 564172.651500000036322 ], [ 200793.176, 564117.03249999997206 ], [ 200848.052300000010291, 564076.384199999971315 ], [ 200852.559, 564073.045999999972992 ], [ 200812.1648, 563935.448699999949895 ], [ 200807.47, 563922.034300000057556 ], [ 200802.942700000014156, 563912.915000000037253 ], [ 200800.500300000014249, 563902.246099999989383 ], [ 200782.047, 563812.128000000026077 ], [ 200777.9594, 563792.165700000012293 ], [ 200799.2014, 563791.564400000032037 ], [ 200837.5122, 563793.389700000057928 ], [ 200867.2487, 563788.64379999996163 ], [ 200873.530999999988126, 563742.351000000024214 ], [ 200875.7977, 563718.117699999944307 ], [ 200877.6183, 563698.653700000024401 ], [ 200919.639399999985471, 563698.653700000024401 ], [ 200916.5968, 563660.908999999985099 ], [ 200907.0712, 563553.202599999960512 ], [ 200907.0712, 563529.9425 ], [ 200913.9515, 563494.270099999965169 ], [ 200922.506499999988591, 563449.915000000037253 ], [ 200923.0569, 563423.06539999996312 ], [ 200916.991, 563356.622899999958463 ], [ 200890.5624, 563359.0357 ], [ 200889.1825, 563344.466499999980442 ], [ 200878.1097, 563227.554899999988265 ], [ 200866.9107, 563103.018399999942631 ], [ 200866.5969, 563087.159899999969639 ], [ 200866.179899999988265, 563066.090199999976903 ], [ 200870.692000000010012, 562977.384500000043772 ], [ 200871.252100000012433, 562962.944099999964237 ], [ 200877.144, 562964.10750000004191 ], [ 200965.2175, 562981.498499999986961 ], [ 200988.866799999988871, 562986.679200000013225 ], [ 201005.1935, 562987.915999999968335 ], [ 201041.3688, 562990.656300000031479 ], [ 201103.03090000001248, 562993.576800000038929 ], [ 201235.598300000012387, 563011.2881 ], [ 201280.476, 563018.900000000023283 ], [ 201297.886, 563021.339000000036322 ], [ 201318.738000000012107, 563024.26 ], [ 201321.445, 563024.638999999966472 ], [ 201335.11799999998766, 563025.366999999969266 ], [ 201348.791, 563026.09499999997206 ], [ 201358.034000000014203, 563026.863999999943189 ], [ 201377.5705, 563029.992500000051223 ], [ 201397.106999999989057, 563033.121000000042841 ], [ 201410.9265, 563034.708499999949709 ], [ 201424.746000000013737, 563036.295999999972992 ], [ 201433.2095, 563036.795999999972992 ], [ 201441.673, 563037.295999999972992 ], [ 201466.036, 563036.991000000038184 ], [ 201490.399, 563036.685999999986961 ], [ 201502.1855, 563037.351000000024214 ], [ 201729.8377, 563069.693300000042655 ], [ 201728.6245, 563091.194600000046194 ], [ 201740.810999999986961, 563110.383299999986775 ], [ 201737.782, 563210.174 ], [ 201732.259, 563380.834000000031665 ], [ 201731.215, 563417.618999999947846 ], [ 201731.008, 563433.344000000040978 ], [ 201730.033, 563453.937999999965541 ], [ 201728.973999999987427, 563483.395000000018626 ], [ 201727.922, 563512.647 ], [ 201727.593, 563521.805000000051223 ], [ 201730.752, 563521.60999999998603 ], [ 201730.157, 563542.633999999961816 ], [ 201729.34, 563571.488000000012107 ], [ 201728.522, 563600.392 ], [ 201727.612, 563632.562999999965541 ], [ 201727.337999999988824, 563641.993000000016764 ], [ 201726.063, 563671.481999999959953 ], [ 201724.728, 563702.341999999945983 ], [ 201723.432999999989988, 563732.287999999942258 ], [ 201722.121000000013737, 563762.611000000033528 ], [ 201719.8763, 563814.495699999970384 ], [ 201718.364, 563824.810999999986961 ], [ 201712.207, 563991.37699999997858 ], [ 201699.408, 563990.927000000025146 ], [ 201698.4565, 564021.721499999985099 ], [ 201697.505, 564052.515999999945052 ], [ 201709.2333, 564054.7164000000339 ], [ 201708.963500000012573, 564059.595500000054017 ], [ 201708.972, 564060.646500000031665 ], [ 201708.2806, 564075.1335 ], [ 201705.9872, 564110.597300000023097 ], [ 201706.760100000014063, 564131.141199999954551 ], [ 201698.432999999989988, 564316.743000000016764 ], [ 201695.439000000013039, 564383.476000000024214 ], [ 201692.095, 564458.020999999949709 ], [ 201689.598, 564523.084999999962747 ], [ 201688.959899999987101, 564539.711299999966286 ], [ 201690.5833, 564539.773599999956787 ], [ 201689.413, 564561.902 ], [ 201687.185999999986961, 564616.388999999966472 ], [ 201682.404, 564748.444000000017695 ], [ 201681.654, 564771.435999999986961 ], [ 201681.043, 564776.584999999962747 ], [ 201679.305, 564797.339000000036322 ], [ 201678.5655, 564814.051499999943189 ], [ 201676.6, 564861.979000000050291 ], [ 201673.894999999989523, 564926.618999999947846 ], [ 201672.845, 564947.09050000004936 ], [ 201670.065, 565004.419 ], [ 201667.945, 565042.915999999968335 ], [ 201666.052, 565085.378000000026077 ], [ 201664.159000000014203, 565127.839999999967404 ], [ 201663.827, 565129.302999999956228 ], [ 201680.823, 565129.116999999969266 ], [ 201681.981, 565129.104000000050291 ], [ 201698.889, 565128.919 ], [ 201731.19, 565128.564999999944121 ], [ 201757.861, 565127.888999999966472 ], [ 201827.171, 565126.133000000030734 ], [ 201831.821, 565126.01500000001397 ], [ 201836.877, 565125.886999999987893 ], [ 201861.381, 565125.547000000020489 ], [ 201879.491, 565125.29500000004191 ], [ 201915.413, 565124.795999999972992 ], [ 201994.469000000011874, 565123.723 ], [ 202001.283, 565121.729700000025332 ], [ 202038.057, 564258.756999999983236 ], [ 204218.022, 563517.886000000056811 ], [ 204284.024, 563455.96999999997206 ], [ 204482.046, 563211.868000000016764 ], [ 204457.730000000010477, 563212.218 ], [ 204333.755, 563119.910000000032596 ], [ 204250.144, 563096.834000000031665 ], [ 204229.962999999988824, 563029.044 ], [ 204204.014, 563018.947999999974854 ], [ 204189.598, 563031.930000000051223 ], [ 204124.728, 563036.256000000052154 ], [ 204097.339, 562978.562999999965541 ], [ 204046.883, 562949.718 ], [ 203954.62400000001071, 562977.121000000042841 ], [ 203935.884, 562967.025999999954365 ], [ 203917.142, 562903.562999999965541 ], [ 203871.013, 562906.447999999974854 ], [ 203811.909000000014203, 562889.14000000001397 ], [ 203732.622, 562825.679 ], [ 203659.102000000013504, 562811.255 ], [ 203608.613000000012107, 562821.574000000022352 ], [ 203428.818, 562767.066 ], [ 203287.878999999986263, 562701.660000000032596 ], [ 203099.134, 562567.422000000020489 ], [ 202899.81, 562538.133999999961816 ], [ 202864.827, 562509.658999999985099 ], [ 202820.894, 562447.013999999966472 ], [ 202714.941, 562360.45499999995809 ], [ 202489.583000000013271, 562187.983 ], [ 202458.666999999986729, 562170.082999999984168 ], [ 202233.309, 562109.878999999957159 ], [ 202109.649, 562121.268999999971129 ], [ 202023.41, 562078.964999999967404 ], [ 201937.046, 562002.005 ], [ 201780.840999999985797, 561801.866999999969266 ], [ 201714.128999999986263, 561753.866999999969266 ], [ 201649.858, 561748.986000000033528 ], [ 201609.178000000014435, 561722.138999999966472 ], [ 201558.547, 561717.748999999952503 ], [ 201383.63, 561684.393999999971129 ], [ 201118.409000000014203, 561673.816 ], [ 200844.047, 561646.648999999975786 ], [ 200759.437, 561606.783999999985099 ], [ 200682.962, 561584.005 ], [ 200624.259, 561509.48499999998603 ], [ 200565.442000000010012, 561513.116000000038184 ], [ 200492.459, 561517.621999999973923 ], [ 200392.392, 561592.468 ], [ 200346.831, 561681.147 ], [ 200336.2555, 561690.095800000010058 ], [ 200302.1024, 561672.347199999960139 ], [ 200232.932, 561636.400999999954365 ], [ 200180.865, 561636.400999999954365 ], [ 200136.11799999998766, 561709.62300000002142 ], [ 200094.434199999988778, 561706.312999999965541 ], [ 200084.863000000012107, 561705.552999999956228 ], [ 200035.237, 561661.621000000042841 ], [ 200008.517, 561646.548799999989569 ], [ 199971.778, 561625.824999999953434 ], [ 199936.795000000012806, 561581.079000000027008 ], [ 199847.185999999986961, 561556.663999999989755 ], [ 199778.465, 561510.145000000018626 ], [ 199716.128, 561546.589000000036322 ], [ 199686.026099999988219, 561608.41890000004787 ], [ 199671.3836, 561615.740600000019185 ], [ 199651.8503, 561592.73679999995511 ], [ 199634.771, 561572.62300000002142 ], [ 199611.405999999988126, 561569.993999999947846 ], [ 199593.28, 561571.809 ], [ 199596.535, 561632.827000000048429 ], [ 199629.984399999986636, 561691.1999 ], [ 199638.0264, 561705.234000000054948 ], [ 199642.908, 561742.657 ], [ 199594.094000000011874, 561784.962999999988824 ], [ 199570.5, 561792.285000000032596 ], [ 199480.195100000011735, 561710.9288 ], [ 199499.721, 561657.233 ], [ 199486.414500000013504, 561648.916699999943376 ], [ 199460.670000000012806, 561632.827000000048429 ], [ 199371.991, 561652.351000000024214 ], [ 199320.019, 561629.9192 ], [ 199181.617, 561570.182999999960884 ], [ 199142.37599999998929, 561597.523000000044703 ], [ 198891.798, 561655.285999999963678 ], [ 198811.085, 561708.826200000010431 ], [ 198809.6263, 561709.79390000004787 ], [ 198746.170000000012806, 561722.812000000034459 ], [ 198732.339, 561756.981000000028871 ], [ 198759.185999999986961, 561848.912999999942258 ], [ 198686.652, 561972.091000000014901 ], [ 198621.5666, 562022.531100000021979 ], [ 198618.0693, 562023.4769 ], [ 198462.108, 562065.652 ], [ 198331.123, 562135.618999999947846 ], [ 198203.645500000013271, 562280.7021 ], [ 198183.869, 562303.209999999962747 ], [ 198184.555, 562334.45499999995809 ], [ 198213.845, 562400.351999999955297 ], [ 198193.073299999989104, 562451.701800000038929 ], [ 198184.5552, 562472.760099999955855 ], [ 198355.405, 562593.981999999959953 ], [ 198566.805, 562982.381000000052154 ], [ 198653.793, 563124.917999999946915 ], [ 198893.191, 563468.702000000048429 ], [ 198643.26500000001397, 563663.957999999984168 ], [ 198792.859, 563861.810999999986961 ], [ 198490.092, 564122.501000000047497 ], [ 199491.967, 565305.178700000047684 ], [ 199493.146, 565305.123999999952503 ], [ 199505.37599999998929, 565303.692000000039116 ], [ 199522.371000000013737, 565301.746000000042841 ], [ 199528.702, 565301.378999999957159 ], [ 199531.557999999989988, 565301.545999999972992 ], [ 199533.655, 565302.283000000054017 ], [ 199535.584, 565304.011000000056811 ], [ 199538.986, 565307.042000000015832 ], [ 199540.824, 565308.128000000026077 ], [ 199543.003, 565308.319999999948777 ], [ 199547.139, 565308.236000000033528 ] ] ] ] } },
{ "type": "Feature", "properties": { "buurtcode": "BU00860401", "buurtnaam": "Frieschepalen-Kom", "pc6_codes": "9249MA, 9249MB, 9249MC, 9249NA, 9249NB, 9249NC, 9249ND, 9249NE, 9249NG, 9249NH, 9249NJ, 9249NK, 9249NL, 9249NM, 9249NN, 9249NP, 9249NR, 9249NS, 9249NT, 9249NV, 9249NX", "wijkcode": "WK008604", "gemeentecode": "GM0086", "gemeentenaam": "Opsterland", "oppervlakteLandInHa": 45, "AantalInwoners_5": 830, "Mannen_6": 425, "Vrouwen_7": 405, "HuishoudensTotaal_29": 325, "GemiddeldeHuishoudensgrootte_33": 2.6, "Woningvoorraad_35": 326, "NieuwbouwWoningen_36": 5, "NietWoningvoorraad_37": 11, "NieuwbouwNietWoningen_38": 0, "GemiddeldeWOZWaardeVanWoningen_39": 329, "PercentageEengezinswoning_40": 94, "PercentageTussenwoningEengezins_41": 7, "PercentageHoekwoningEengezins_42": 7, "PercentageTweeOnderEenKapWoningEe_43": 25, "PercentageVrijstaandeWoningEengezins_44": 55, "PercentageMeergezinswoning_45": 6, "Koopwoningen_47": 84, "HuurwoningenTotaal_48": 16, "InBezitWoningcorporatie_49": 12, "InBezitOverigeVerhuurders_50": 4, "BouwjaarMeerDanTienJaarGeleden_51": 97, "BouwjaarAfgelopenTienJaar_52": 3, "GemiddeldeElektriciteitslevering_53": 3130, "GemiddeldeElektriciteitsteruglevering_54": 1590, "GemiddeldAardgasverbruik_55": 1010, "AardgasvrijeWoningen_57": 5, "Aardgaswoningen_58": 85, "WoningenMetZonnestroom_59": 59, "WoningenHoofdzElektrVerwarmd_60": 14, "k_20PersonenMetHoogsteInkomen_80": 16.3, "k_20HuishoudensMetHoogsteInkomen_85": 23.8, "MediaanVermogenVanParticuliereHuish_86": 222.4, "PersonenautoSTotaal_104": 515, "PersonenautoSBrandstofBenzine_105": 390, "PersonenautoSOverigeBrandstof_106": 125, "PersonenautoSPerHuishouden_107": 1.6, "Omgevingsadressendichtheid_121": 112, "AantalInstallatiesBijWoningen_5": 117, "OpgesteldVermogenVanZonnepanelen_6": 500, "installaties_per_woning": 0.35889570552147237, "vermogen_per_woning": 1.5337423312883436, "installaties_per_100_woningen": 35.889570552147241, "vermogen_per_huishouden": 1.5384615384615385, "batterijdruk_score": 938.1, "koop_zon_score": 0.4956, "eengezins_zon_score": 0.5546, "betaalkracht_zon_score": 131.216, "overige_brandstof_zon_score": 73.75, "lichte_batterij_kansscore": 0.52209300389362157 }, "geometry": { "type": "MultiPolygon", "coordinates": [ [ [ [ 209825.596, 570163.87699999997858 ], [ 209834.676, 570163.503999999957159 ], [ 209834.918, 570163.493999999947846 ], [ 209836.579999999987194, 570163.435999999986961 ], [ 209840.9982, 570163.1213 ], [ 209839.3295, 570150.34230000001844 ], [ 209838.0785, 570130.315700000035577 ], [ 209838.7574, 570040.824499999987893 ], [ 209936.366, 570030.557000000029802 ], [ 209920.104, 569980.160999999963678 ], [ 209842.4975, 569986.225499999942258 ], [ 209859.5529, 569831.010099999955855 ], [ 209865.013, 569831.35999999998603 ], [ 209873.065, 569831.876000000047497 ], [ 209885.4957, 569829.625 ], [ 209886.59, 569824.410999999963678 ], [ 209886.9981, 569781.656700000050478 ], [ 209910.139, 569777.962000000057742 ], [ 209924.903, 569825.991000000038184 ], [ 209959.6546, 569815.459099999978207 ], [ 209930.759, 569719.505 ], [ 209979.134, 569701.180000000051223 ], [ 209988.709299999987707, 569731.910599999944679 ], [ 209995.193999999988591, 569730.006000000052154 ], [ 210014.104, 569724.452000000048429 ], [ 210013.9766, 569716.222799999988638 ], [ 210035.568, 569709.547000000020489 ], [ 210039.041, 569719.547999999951571 ], [ 210081.797, 569707.071 ], [ 210085.986, 569718.724000000045635 ], [ 210205.952, 569674.773999999975786 ], [ 210264.191, 569659.865 ], [ 210312.018000000010943, 569645.488999999943189 ], [ 210307.931000000011409, 569631.810999999986961 ], [ 210396.146, 569605.498999999952503 ], [ 210402.2996, 569628.68480000004638 ], [ 210421.005, 569622.665000000037253 ], [ 210428.149, 569617.241000000038184 ], [ 210429.679, 569613.474000000045635 ], [ 210446.709, 569608.008000000030734 ], [ 210457.385, 569607.187000000034459 ], [ 210461.7243, 569599.786700000055134 ], [ 210459.170000000012806, 569586.415000000037253 ], [ 210448.919, 569553.608 ], [ 210444.7384, 569540.228499999968335 ], [ 210272.7931, 569593.650499999988824 ], [ 210265.954, 569571.63800000003539 ], [ 210255.454, 569537.84250000002794 ], [ 210170.0588, 569569.328499999945052 ], [ 210161.0823, 569540.180500000016764 ], [ 210157.78, 569541.303500000038184 ], [ 210103.2635, 569559.84250000002794 ], [ 210009.9037, 569587.274800000013784 ], [ 210005.5253, 569583.937099999981001 ], [ 209999.1441, 569571.602900000056252 ], [ 209992.22640000001411, 569550.753099999972619 ], [ 209960.4124, 569454.866700000013225 ], [ 209961.7825, 569453.197799999965355 ], [ 210000.402299999987008, 569440.699799999943934 ], [ 209995.969000000011874, 569425.903999999980442 ], [ 209997.081, 569425.452999999979511 ], [ 209976.659000000014203, 569360.886000000056811 ], [ 209923.980000000010477, 569188.807000000029802 ], [ 209900.731, 569112.302000000025146 ], [ 209865.1243, 568998.048900000052527 ], [ 209861.8703, 568984.876700000022538 ], [ 209802.2073, 568792.782200000016019 ], [ 209796.4737, 568772.681100000045262 ], [ 209698.4032, 568807.414699999964796 ], [ 209685.4064, 568772.446400000015274 ], [ 209684.0, 568763.324999999953434 ], [ 209680.5546, 568751.759199999971315 ], [ 209649.409000000014203, 568759.88800000003539 ], [ 209577.928000000014435, 568778.544 ], [ 209576.681000000011409, 568770.157 ], [ 209568.198, 568733.408000000054017 ], [ 209535.948, 568741.15300000004936 ], [ 209524.847, 568705.736000000033528 ], [ 209570.647, 568693.037000000011176 ], [ 209560.858, 568657.511999999987893 ], [ 209513.847, 568669.001000000047497 ], [ 209509.696999999985565, 568652.060999999986961 ], [ 209503.8185, 568633.343 ], [ 209492.954999999987194, 568597.802999999956228 ], [ 209491.1, 568592.542999999946915 ], [ 209487.1105, 568583.52800000004936 ], [ 209523.2024, 568572.7596 ], [ 209515.74299999998766, 568543.675000000046566 ], [ 209497.892, 568549.640999999945052 ], [ 209499.078, 568553.792000000015832 ], [ 209479.064000000013039, 568560.299 ], [ 209470.028, 568531.133000000030734 ], [ 209508.193999999988591, 568521.20499999995809 ], [ 209502.0, 568494.246999999973923 ], [ 209489.7892, 568497.551699999952689 ], [ 209488.146, 568492.331 ], [ 209478.215999999985797, 568460.780999999959022 ], [ 209452.671, 568468.819000000017695 ], [ 209450.434, 568459.337999999988824 ], [ 209432.673, 568465.751000000047497 ], [ 209389.565, 568482.613999999943189 ], [ 209403.109, 568523.057000000029802 ], [ 209445.661, 568507.96999999997206 ], [ 209453.538999999989755, 568532.98699999996461 ], [ 209469.106, 568582.706 ], [ 209415.026000000012573, 568607.447000000043772 ], [ 209443.776000000012573, 568682.216000000014901 ], [ 209424.630899999989197, 568690.973099999944679 ], [ 209428.859, 568702.25 ], [ 209432.777, 568700.780999999959022 ], [ 209444.837, 568729.437999999965541 ], [ 209436.429, 568732.785999999963678 ], [ 209436.8389, 568739.745 ], [ 209450.153, 568733.402 ], [ 209480.288, 568816.447999999974854 ], [ 209468.798700000013923, 568821.734599999967031 ], [ 209482.369, 568854.831 ], [ 209477.950000000011642, 568857.084999999962747 ], [ 209482.6152, 568868.76879999996163 ], [ 209548.168, 568835.7267 ], [ 209550.894999999989523, 568843.978 ], [ 209566.824499999987893, 568892.1779 ], [ 209512.8191, 568918.111299999989569 ], [ 209514.549999999988358, 568922.111000000033528 ], [ 209525.071, 568946.42249999998603 ], [ 209531.6128, 568961.1727 ], [ 209545.228, 568954.479999999981374 ], [ 209552.9, 568975.42000000004191 ], [ 209560.876500000013039, 568998.350100000039674 ], [ 209595.949, 568982.604999999981374 ], [ 209600.764, 568998.152 ], [ 209567.026000000012573, 569013.550999999977648 ], [ 209575.815, 569038.214999999967404 ], [ 209535.671, 569052.577700000023469 ], [ 209551.5017, 569097.92070000001695 ], [ 209544.681000000011409, 569100.908000000054017 ], [ 209551.266, 569120.934 ], [ 209582.5078, 569108.630099999951199 ], [ 209584.2879, 569110.886599999968894 ], [ 209592.161, 569132.758000000030734 ], [ 209593.906500000011874, 569137.606999999959953 ], [ 209608.57, 569181.273000000044703 ], [ 209609.843, 569185.064999999944121 ], [ 209616.272999999986496, 569182.810999999986961 ], [ 209622.606999999989057, 569201.577999999979511 ], [ 209617.397999999986496, 569203.400999999954365 ], [ 209628.316, 569234.241000000038184 ], [ 209649.113699999987148, 569227.033700000029057 ], [ 209662.962999999988824, 569276.339000000036322 ], [ 209639.269999999989523, 569283.582999999984168 ], [ 209645.397999999986496, 569303.824000000022352 ], [ 209697.196, 569284.827999999979511 ], [ 209704.458000000013271, 569302.956 ], [ 209669.704, 569316.954000000027008 ], [ 209673.6, 569330.511000000056811 ], [ 209652.4398, 569337.231099999975413 ], [ 209661.6114, 569367.598800000036135 ], [ 209699.0639, 569485.541300000040792 ], [ 209639.3732, 569502.20499999995809 ], [ 209579.477000000013504, 569517.853 ], [ 209536.6972, 569529.1115 ], [ 209493.9174, 569540.37 ], [ 209515.616, 569608.4007 ], [ 209541.545099999988452, 569692.783999999985099 ], [ 209567.4742, 569777.167299999971874 ], [ 209632.817799999989802, 569764.352700000046752 ], [ 209636.307999999989988, 569776.943899999954738 ], [ 209671.0752, 569770.237700000056066 ], [ 209679.619, 569798.645000000018626 ], [ 209683.763, 569805.897 ], [ 209689.467299999989336, 569825.161899999948218 ], [ 209721.545000000012806, 569816.88 ], [ 209705.907, 569762.640999999945052 ], [ 209753.12400000001071, 569753.45499999995809 ], [ 209758.395500000013271, 569771.151500000036322 ], [ 209767.741, 569804.01300000003539 ], [ 209784.3137, 569856.527400000020862 ], [ 209815.522, 569962.608 ], [ 209812.924, 569963.660999999963678 ], [ 209811.4845, 569964.244500000029802 ], [ 209813.9289, 569969.253400000045076 ], [ 209817.5031, 569974.805000000051223 ], [ 209825.2982, 569982.093600000021979 ], [ 209830.4723, 569988.5307 ], [ 209824.136999999987893, 569989.001000000047497 ], [ 209769.5589, 569995.411399999982677 ], [ 209780.116, 570027.054 ], [ 209784.662000000011176, 570025.599999999976717 ], [ 209801.828, 570082.878999999957159 ], [ 209751.954, 570084.125 ], [ 209761.459, 570115.726000000024214 ], [ 209787.114, 570108.270000000018626 ], [ 209795.941, 570138.037999999942258 ], [ 209796.680400000012014, 570165.062999999965541 ], [ 209825.596, 570163.87699999997858 ] ] ] ] } },
{ "type": "Feature", "properties": { "buurtcode": "BU00860402", "buurtnaam": "Frieschepalen-Buitengebied", "pc6_codes": "9249NB, 9249NC, 9249ND, 9249NE, 9249NR, 9249NS, 9249NV, 9249NW, 9249SB", "wijkcode": "WK008604", "gemeentecode": "GM0086", "gemeentenaam": "Opsterland", "oppervlakteLandInHa": 392, "AantalInwoners_5": 160, "Mannen_6": 80, "Vrouwen_7": 75, "HuishoudensTotaal_29": 60, "GemiddeldeHuishoudensgrootte_33": 2.8, "Woningvoorraad_35": 54, "NieuwbouwWoningen_36": 0, "NietWoningvoorraad_37": 3, "NieuwbouwNietWoningen_38": 0, "GemiddeldeWOZWaardeVanWoningen_39": 482, "PercentageEengezinswoning_40": 100, "PercentageTussenwoningEengezins_41": 0, "PercentageHoekwoningEengezins_42": 0, "PercentageTweeOnderEenKapWoningEe_43": 2, "PercentageVrijstaandeWoningEengezins_44": 98, "PercentageMeergezinswoning_45": 0, "Koopwoningen_47": 94, "HuurwoningenTotaal_48": 6, "InBezitWoningcorporatie_49": 0, "InBezitOverigeVerhuurders_50": 6, "BouwjaarMeerDanTienJaarGeleden_51": 91, "BouwjaarAfgelopenTienJaar_52": 9, "GemiddeldeElektriciteitslevering_53": 4170, "GemiddeldeElektriciteitsteruglevering_54": 1610, "GemiddeldAardgasverbruik_55": 1260, "AardgasvrijeWoningen_57": null, "Aardgaswoningen_58": null, "WoningenMetZonnestroom_59": null, "WoningenHoofdzElektrVerwarmd_60": null, "k_20PersonenMetHoogsteInkomen_80": 20.8, "k_20HuishoudensMetHoogsteInkomen_85": null, "MediaanVermogenVanParticuliereHuish_86": null, "PersonenautoSTotaal_104": 45, "PersonenautoSBrandstofBenzine_105": 30, "PersonenautoSOverigeBrandstof_106": 15, "PersonenautoSPerHuishouden_107": 0.8, "Omgevingsadressendichtheid_121": 62, "AantalInstallatiesBijWoningen_5": 19, "OpgesteldVermogenVanZonnepanelen_6": 120, "installaties_per_woning": 0.35185185185185186, "vermogen_per_woning": 2.2222222222222223, "installaties_per_100_woningen": 35.185185185185183, "vermogen_per_huishouden": 2.0, "batterijdruk_score": null, "koop_zon_score": null, "eengezins_zon_score": null, "betaalkracht_zon_score": null, "overige_brandstof_zon_score": null, "lichte_batterij_kansscore": null }, "geometry": { "type": "MultiPolygon", "coordinates": [ [ [ [ 208940.016, 571032.093 ], [ 208994.38, 570974.699999999953434 ], [ 208999.589, 570969.20499999995809 ], [ 209042.21, 570924.245 ], [ 209070.200000000011642, 570894.718 ], [ 209102.125, 570861.042000000015832 ], [ 209115.56, 570846.868999999947846 ], [ 209122.200000000011642, 570840.17000000004191 ], [ 209131.905999999988126, 570829.807999999960884 ], [ 209136.288, 570825.13 ], [ 209190.43, 570767.32999999995809 ], [ 209191.496000000013737, 570766.20499999995809 ], [ 209195.862, 570761.596000000019558 ], [ 209260.734, 570693.108 ], [ 209296.166, 570655.701 ], [ 209320.0, 570630.540000000037253 ], [ 209374.552, 570572.947000000043772 ], [ 209388.307, 570558.425999999977648 ], [ 209416.155999999988126, 570529.025000000023283 ], [ 209427.274, 570517.287999999942258 ], [ 209437.995, 570505.96999999997206 ], [ 209464.891, 570477.574000000022352 ], [ 209484.0, 570457.400000000023283 ], [ 209504.404, 570435.858 ], [ 209526.193, 570412.854999999981374 ], [ 209574.967, 570361.363000000012107 ], [ 209578.326899999985471, 570357.815799999982119 ], [ 209700.487, 570228.848 ], [ 209741.271, 570185.790999999968335 ], [ 209759.060999999986961, 570166.606000000028871 ], [ 209796.680400000012014, 570165.062999999965541 ], [ 209795.941, 570138.037999999942258 ], [ 209787.114, 570108.270000000018626 ], [ 209761.459, 570115.726000000024214 ], [ 209751.954, 570084.125 ], [ 209801.828, 570082.878999999957159 ], [ 209784.662000000011176, 570025.599999999976717 ], [ 209780.116, 570027.054 ], [ 209769.5589, 569995.411399999982677 ], [ 209824.136999999987893, 569989.001000000047497 ], [ 209830.4723, 569988.5307 ], [ 209825.2982, 569982.093600000021979 ], [ 209817.5031, 569974.805000000051223 ], [ 209813.9289, 569969.253400000045076 ], [ 209811.4845, 569964.244500000029802 ], [ 209812.924, 569963.660999999963678 ], [ 209815.522, 569962.608 ], [ 209784.3137, 569856.527400000020862 ], [ 209767.741, 569804.01300000003539 ], [ 209758.395500000013271, 569771.151500000036322 ], [ 209753.12400000001071, 569753.45499999995809 ], [ 209705.907, 569762.640999999945052 ], [ 209721.545000000012806, 569816.88 ], [ 209689.467299999989336, 569825.161899999948218 ], [ 209683.763, 569805.897 ], [ 209679.619, 569798.645000000018626 ], [ 209671.0752, 569770.237700000056066 ], [ 209636.307999999989988, 569776.943899999954738 ], [ 209632.817799999989802, 569764.352700000046752 ], [ 209567.4742, 569777.167299999971874 ], [ 209541.545099999988452, 569692.783999999985099 ], [ 209515.616, 569608.4007 ], [ 209493.9174, 569540.37 ], [ 209536.6972, 569529.1115 ], [ 209579.477000000013504, 569517.853 ], [ 209639.3732, 569502.20499999995809 ], [ 209699.0639, 569485.541300000040792 ], [ 209661.6114, 569367.598800000036135 ], [ 209652.4398, 569337.231099999975413 ], [ 209673.6, 569330.511000000056811 ], [ 209669.704, 569316.954000000027008 ], [ 209704.458000000013271, 569302.956 ], [ 209697.196, 569284.827999999979511 ], [ 209645.397999999986496, 569303.824000000022352 ], [ 209639.269999999989523, 569283.582999999984168 ], [ 209662.962999999988824, 569276.339000000036322 ], [ 209649.113699999987148, 569227.033700000029057 ], [ 209628.316, 569234.241000000038184 ], [ 209617.397999999986496, 569203.400999999954365 ], [ 209622.606999999989057, 569201.577999999979511 ], [ 209616.272999999986496, 569182.810999999986961 ], [ 209609.843, 569185.064999999944121 ], [ 209608.57, 569181.273000000044703 ], [ 209593.906500000011874, 569137.606999999959953 ], [ 209592.161, 569132.758000000030734 ], [ 209584.2879, 569110.886599999968894 ], [ 209582.5078, 569108.630099999951199 ], [ 209551.266, 569120.934 ], [ 209544.681000000011409, 569100.908000000054017 ], [ 209551.5017, 569097.92070000001695 ], [ 209535.671, 569052.577700000023469 ], [ 209575.815, 569038.214999999967404 ], [ 209567.026000000012573, 569013.550999999977648 ], [ 209600.764, 568998.152 ], [ 209595.949, 568982.604999999981374 ], [ 209560.876500000013039, 568998.350100000039674 ], [ 209552.9, 568975.42000000004191 ], [ 209545.228, 568954.479999999981374 ], [ 209531.6128, 568961.1727 ], [ 209525.071, 568946.42249999998603 ], [ 209514.549999999988358, 568922.111000000033528 ], [ 209512.8191, 568918.111299999989569 ], [ 209566.824499999987893, 568892.1779 ], [ 209550.894999999989523, 568843.978 ], [ 209548.168, 568835.7267 ], [ 209482.6152, 568868.76879999996163 ], [ 209477.950000000011642, 568857.084999999962747 ], [ 209482.369, 568854.831 ], [ 209468.798700000013923, 568821.734599999967031 ], [ 209480.288, 568816.447999999974854 ], [ 209450.153, 568733.402 ], [ 209436.8389, 568739.745 ], [ 209436.429, 568732.785999999963678 ], [ 209444.837, 568729.437999999965541 ], [ 209432.777, 568700.780999999959022 ], [ 209428.859, 568702.25 ], [ 209424.630899999989197, 568690.973099999944679 ], [ 209443.776000000012573, 568682.216000000014901 ], [ 209415.026000000012573, 568607.447000000043772 ], [ 209469.106, 568582.706 ], [ 209453.538999999989755, 568532.98699999996461 ], [ 209445.661, 568507.96999999997206 ], [ 209403.109, 568523.057000000029802 ], [ 209389.565, 568482.613999999943189 ], [ 209432.673, 568465.751000000047497 ], [ 209450.434, 568459.337999999988824 ], [ 209452.671, 568468.819000000017695 ], [ 209478.215999999985797, 568460.780999999959022 ], [ 209488.146, 568492.331 ], [ 209489.7892, 568497.551699999952689 ], [ 209502.0, 568494.246999999973923 ], [ 209508.193999999988591, 568521.20499999995809 ], [ 209470.028, 568531.133000000030734 ], [ 209479.064000000013039, 568560.299 ], [ 209499.078, 568553.792000000015832 ], [ 209497.892, 568549.640999999945052 ], [ 209515.74299999998766, 568543.675000000046566 ], [ 209523.2024, 568572.7596 ], [ 209487.1105, 568583.52800000004936 ], [ 209491.1, 568592.542999999946915 ], [ 209492.954999999987194, 568597.802999999956228 ], [ 209503.8185, 568633.343 ], [ 209509.696999999985565, 568652.060999999986961 ], [ 209513.847, 568669.001000000047497 ], [ 209560.858, 568657.511999999987893 ], [ 209570.647, 568693.037000000011176 ], [ 209524.847, 568705.736000000033528 ], [ 209535.948, 568741.15300000004936 ], [ 209568.198, 568733.408000000054017 ], [ 209576.681000000011409, 568770.157 ], [ 209577.928000000014435, 568778.544 ], [ 209649.409000000014203, 568759.88800000003539 ], [ 209680.5546, 568751.759199999971315 ], [ 209684.0, 568763.324999999953434 ], [ 209685.4064, 568772.446400000015274 ], [ 209698.4032, 568807.414699999964796 ], [ 209796.4737, 568772.681100000045262 ], [ 209802.2073, 568792.782200000016019 ], [ 209861.8703, 568984.876700000022538 ], [ 209865.1243, 568998.048900000052527 ], [ 209900.731, 569112.302000000025146 ], [ 209923.980000000010477, 569188.807000000029802 ], [ 209976.659000000014203, 569360.886000000056811 ], [ 209997.081, 569425.452999999979511 ], [ 209995.969000000011874, 569425.903999999980442 ], [ 210000.402299999987008, 569440.699799999943934 ], [ 209961.7825, 569453.197799999965355 ], [ 209960.4124, 569454.866700000013225 ], [ 209992.22640000001411, 569550.753099999972619 ], [ 209999.1441, 569571.602900000056252 ], [ 210005.5253, 569583.937099999981001 ], [ 210009.9037, 569587.274800000013784 ], [ 210103.2635, 569559.84250000002794 ], [ 210157.78, 569541.303500000038184 ], [ 210161.0823, 569540.180500000016764 ], [ 210170.0588, 569569.328499999945052 ], [ 210255.454, 569537.84250000002794 ], [ 210265.954, 569571.63800000003539 ], [ 210272.7931, 569593.650499999988824 ], [ 210444.7384, 569540.228499999968335 ], [ 210448.919, 569553.608 ], [ 210459.170000000012806, 569586.415000000037253 ], [ 210461.7243, 569599.786700000055134 ], [ 210457.385, 569607.187000000034459 ], [ 210446.709, 569608.008000000030734 ], [ 210429.679, 569613.474000000045635 ], [ 210428.149, 569617.241000000038184 ], [ 210421.005, 569622.665000000037253 ], [ 210402.2996, 569628.68480000004638 ], [ 210396.146, 569605.498999999952503 ], [ 210307.931000000011409, 569631.810999999986961 ], [ 210312.018000000010943, 569645.488999999943189 ], [ 210264.191, 569659.865 ], [ 210205.952, 569674.773999999975786 ], [ 210085.986, 569718.724000000045635 ], [ 210081.797, 569707.071 ], [ 210039.041, 569719.547999999951571 ], [ 210035.568, 569709.547000000020489 ], [ 210013.9766, 569716.222799999988638 ], [ 210014.104, 569724.452000000048429 ], [ 209995.193999999988591, 569730.006000000052154 ], [ 209988.709299999987707, 569731.910599999944679 ], [ 209979.134, 569701.180000000051223 ], [ 209930.759, 569719.505 ], [ 209959.6546, 569815.459099999978207 ], [ 209924.903, 569825.991000000038184 ], [ 209910.139, 569777.962000000057742 ], [ 209886.9981, 569781.656700000050478 ], [ 209886.59, 569824.410999999963678 ], [ 209885.4957, 569829.625 ], [ 209873.065, 569831.876000000047497 ], [ 209865.013, 569831.35999999998603 ], [ 209859.5529, 569831.010099999955855 ], [ 209842.4975, 569986.225499999942258 ], [ 209920.104, 569980.160999999963678 ], [ 209936.366, 570030.557000000029802 ], [ 209838.7574, 570040.824499999987893 ], [ 209838.0785, 570130.315700000035577 ], [ 209839.3295, 570150.34230000001844 ], [ 209840.9982, 570163.1213 ], [ 209844.259, 570162.888999999966472 ], [ 209846.347, 570162.805000000051223 ], [ 209941.932, 570158.979000000050291 ], [ 210209.979, 570148.25 ], [ 210213.902, 570147.979000000050291 ], [ 210277.404, 570144.832999999984168 ], [ 210279.662000000011176, 570144.714999999967404 ], [ 210282.4405, 570144.5699 ], [ 210303.239, 570143.484000000054948 ], [ 210416.171, 570138.59499999997206 ], [ 210457.772, 570136.618000000016764 ], [ 210565.284000000014203, 570133.32999999995809 ], [ 210672.432, 570128.427000000025146 ], [ 210795.658, 570122.98499999998603 ], [ 210859.957, 570119.976999999955297 ], [ 210904.582, 570117.89000000001397 ], [ 210918.471, 570117.32999999995809 ], [ 210932.394999999989523, 570116.768000000040047 ], [ 210935.399, 570116.658999999985099 ], [ 210937.442000000010012, 570116.363000000012107 ], [ 210940.276000000012573, 570115.702000000048429 ], [ 210963.87400000001071, 570108.76500000001397 ], [ 211092.153, 570069.322999999974854 ], [ 211141.321999999985565, 570056.255 ], [ 211160.829, 570050.941 ], [ 210670.954999999987194, 568492.339999999967404 ], [ 210551.276000000012573, 568529.917999999946915 ], [ 210477.283, 568295.22199999995064 ], [ 210213.797, 568392.515999999945052 ], [ 210225.731999999989057, 568434.537999999942258 ], [ 210040.989, 568506.559 ], [ 210029.805, 568495.022 ], [ 209890.959, 568048.194000000017695 ], [ 209840.719000000011874, 568059.63 ], [ 209812.534000000014203, 567969.361000000033528 ], [ 209774.14000000001397, 567982.022 ], [ 209611.313, 567473.241999999969266 ], [ 209177.616, 567611.555999999982305 ], [ 209233.268000000010943, 567793.145999999949709 ], [ 209232.603, 567828.48699999996461 ], [ 209265.438, 567931.03000000002794 ], [ 208757.738000000012107, 568084.594000000040978 ], [ 209249.445, 569678.816 ], [ 208748.503999999986263, 569802.182000000029802 ], [ 208799.676, 569976.125 ], [ 208852.106, 570149.85999999998603 ], [ 208944.38, 570455.628000000026077 ], [ 208770.696, 570465.888999999966472 ], [ 208938.652899999986403, 571033.531899999943562 ], [ 208940.016, 571032.093 ] ] ] ] } },
{ "type": "Feature", "properties": { "buurtcode": "BU00860501", "buurtnaam": "Gorredijk-Centrum", "pc6_codes": "8401AJ, 8401AL, 8401AR, 8401AS, 8401AT, 8401AV, 8401AW, 8401AX, 8401BL, 8401BM, 8401BN, 8401BP, 8401BR, 8401BS, 8401BT, 8401BV, 8401BW, 8401BX, 8401BZ, 8401CA, 8401CB, 8401CC, 8401CD, 8401CE, 8401CG, 8401CH, 8401CL, 8401CN, 8401CP, 8401CR, 8401CS, 8401CT, 8401CV, 8401CW, 8401CX, 8401CZ, 8401DA, 8401DB, 8401DC, 8401DD, 8401DE, 8401DG, 8401DH, 8401DJ, 8401DK, 8401DL, 8401DM, 8401DP, 8401DR, 8401DS, 8401DV, 8401DW, 8401DX, 8401DZ, 8401EA, 8401EZ, 8401PX, 8401VK, 8401VL, 8401VV", "wijkcode": "WK008605", "gemeentecode": "GM0086", "gemeentenaam": "Opsterland", "oppervlakteLandInHa": 39, "AantalInwoners_5": 1425, "Mannen_6": 695, "Vrouwen_7": 735, "HuishoudensTotaal_29": 780, "GemiddeldeHuishoudensgrootte_33": 1.8, "Woningvoorraad_35": 817, "NieuwbouwWoningen_36": 0, "NietWoningvoorraad_37": 164, "NieuwbouwNietWoningen_38": 0, "GemiddeldeWOZWaardeVanWoningen_39": 253, "PercentageEengezinswoning_40": 70, "PercentageTussenwoningEengezins_41": 11, "PercentageHoekwoningEengezins_42": 9, "PercentageTweeOnderEenKapWoningEe_43": 19, "PercentageVrijstaandeWoningEengezins_44": 31, "PercentageMeergezinswoning_45": 30, "Koopwoningen_47": 54, "HuurwoningenTotaal_48": 46, "InBezitWoningcorporatie_49": 31, "InBezitOverigeVerhuurders_50": 14, "BouwjaarMeerDanTienJaarGeleden_51": 95, "BouwjaarAfgelopenTienJaar_52": 5, "GemiddeldeElektriciteitslevering_53": 2220, "GemiddeldeElektriciteitsteruglevering_54": 570, "GemiddeldAardgasverbruik_55": 910, "AardgasvrijeWoningen_57": 9, "Aardgaswoningen_58": 87, "WoningenMetZonnestroom_59": 24, "WoningenHoofdzElektrVerwarmd_60": 11, "k_20PersonenMetHoogsteInkomen_80": 11.4, "k_20HuishoudensMetHoogsteInkomen_85": 9.8, "MediaanVermogenVanParticuliereHuish_86": 92.2, "PersonenautoSTotaal_104": 735, "PersonenautoSBrandstofBenzine_105": 570, "PersonenautoSOverigeBrandstof_106": 165, "PersonenautoSPerHuishouden_107": 0.9, "Omgevingsadressendichtheid_121": 871, "AantalInstallatiesBijWoningen_5": 163, "OpgesteldVermogenVanZonnepanelen_6": 772, "installaties_per_woning": 0.19951040391676866, "vermogen_per_woning": 0.94492044063647496, "installaties_per_100_woningen": 19.951040391676866, "vermogen_per_huishouden": 0.98974358974358978, "batterijdruk_score": 136.8, "koop_zon_score": 0.1296, "eengezins_zon_score": 0.168, "betaalkracht_zon_score": 22.128, "overige_brandstof_zon_score": 39.6, "lichte_batterij_kansscore": 0.31536155301836816 }, "geometry": { "type": "MultiPolygon", "coordinates": [ [ [ [ 200309.6399, 558358.183599999989383 ], [ 200337.14000000001397, 558249.641500000027008 ], [ 200339.815299999987474, 558239.0821 ], [ 200382.6144, 558249.925599999958649 ], [ 200384.054, 558244.236000000033528 ], [ 200389.231, 558223.775999999954365 ], [ 200394.682999999989988, 558202.158000000054017 ], [ 200408.263, 558205.584000000031665 ], [ 200418.163, 558161.770999999949709 ], [ 200406.920000000012806, 558159.047000000020489 ], [ 200411.99900000001071, 558138.900000000023283 ], [ 200417.579999999987194, 558114.038999999989755 ], [ 200418.573, 558110.979999999981374 ], [ 200419.846, 558107.113999999943189 ], [ 200420.61799999998766, 558104.770000000018626 ], [ 200428.573, 558075.731999999959953 ], [ 200431.253999999986263, 558065.108 ], [ 200431.691, 558065.111000000033528 ], [ 200435.329, 558051.251000000047497 ], [ 200437.616, 558042.484000000054948 ], [ 200440.775, 558030.520000000018626 ], [ 200443.11799999998766, 558021.297999999951571 ], [ 200446.079999999987194, 558009.726000000024214 ], [ 200448.32, 558001.042999999946915 ], [ 200450.786, 557992.655999999959022 ], [ 200454.978, 557977.802999999956228 ], [ 200459.006, 557961.111000000033528 ], [ 200459.832, 557957.827999999979511 ], [ 200461.691, 557950.444000000017695 ], [ 200464.628999999986263, 557938.601999999955297 ], [ 200466.049999999988358, 557933.082999999984168 ], [ 200468.209, 557924.697999999974854 ], [ 200459.836000000010245, 557922.13800000003539 ], [ 200448.365, 557918.631999999983236 ], [ 200438.802, 557915.777 ], [ 200429.502, 557913.006999999983236 ], [ 200422.0868, 557910.79839999997057 ], [ 200434.5981, 557862.967700000037439 ], [ 200458.8905, 557868.849999999976717 ], [ 200474.79680000001099, 557873.13890000001993 ], [ 200489.0871, 557820.215300000039861 ], [ 200481.799999999988358, 557818.167000000015832 ], [ 200487.038999999989755, 557797.839000000036322 ], [ 200493.234, 557799.471000000019558 ], [ 200503.670000000012806, 557802.900999999954365 ], [ 200510.950000000011642, 557777.179 ], [ 200511.431000000011409, 557777.316 ], [ 200514.038, 557768.101999999955297 ], [ 200502.073, 557764.716000000014901 ], [ 200504.393000000010943, 557756.515999999945052 ], [ 200491.09, 557752.736000000033528 ], [ 200477.787000000011176, 557748.956 ], [ 200474.972, 557748.077000000048429 ], [ 200473.169, 557747.621000000042841 ], [ 200465.3105, 557745.6335 ], [ 200474.3791, 557713.712300000013784 ], [ 200508.280999999988126, 557723.189999999944121 ], [ 200513.509, 557705.488999999943189 ], [ 200479.0098, 557696.59340000001248 ], [ 200491.4401, 557649.934400000027381 ], [ 200497.7715, 557631.3787 ], [ 200498.8608, 557625.282200000016019 ], [ 200498.763, 557624.2232 ], [ 200514.247, 557617.23699999996461 ], [ 200514.592, 557617.981000000028871 ], [ 200534.625, 557605.569000000017695 ], [ 200525.679, 557591.207000000053085 ], [ 200522.7336, 557586.478400000021793 ], [ 200530.557, 557581.133000000030734 ], [ 200510.4742, 557551.707900000037625 ], [ 200575.136, 557508.0 ], [ 200593.2679, 557495.743800000054762 ], [ 200587.713500000012573, 557480.44019999995362 ], [ 200613.115, 557461.648999999975786 ], [ 200611.128999999986263, 557459.310999999986961 ], [ 200637.287000000011176, 557439.540999999968335 ], [ 200650.843, 557429.309 ], [ 200658.073, 557423.59499999997206 ], [ 200657.840999999985797, 557423.238000000012107 ], [ 200660.192000000010012, 557421.47199999995064 ], [ 200660.372, 557421.596000000019558 ], [ 200670.324, 557414.089999999967404 ], [ 200670.57, 557414.413999999989755 ], [ 200681.161, 557407.050000000046566 ], [ 200685.894, 557403.662999999942258 ], [ 200694.38, 557397.452000000048429 ], [ 200699.916999999986729, 557393.400000000023283 ], [ 200707.828, 557387.609000000054948 ], [ 200707.454999999987194, 557386.917000000015832 ], [ 200716.965, 557379.79500000004191 ], [ 200720.8081, 557377.0233 ], [ 200721.426, 557377.908000000054017 ], [ 200723.35, 557376.432999999960884 ], [ 200723.796, 557377.062999999965541 ], [ 200725.329, 557376.00199999997858 ], [ 200726.627, 557375.103 ], [ 200739.965999999985797, 557365.865 ], [ 200741.115, 557365.069999999948777 ], [ 200750.63, 557357.949999999953434 ], [ 200757.482500000012806, 557353.0845 ], [ 200759.672, 557351.645000000018626 ], [ 200759.424999999988358, 557351.272 ], [ 200764.32, 557348.123999999952503 ], [ 200769.946, 557344.167999999946915 ], [ 200773.4021, 557349.083100000047125 ], [ 200783.6895, 557341.8493 ], [ 200855.994100000010803, 557289.840300000039861 ], [ 200871.87, 557276.70719999994617 ], [ 200897.642, 557258.18460000003688 ], [ 200914.573, 557282.386999999987893 ], [ 200941.456, 557264.851000000024214 ], [ 200936.937, 557257.647 ], [ 200933.303000000014435, 557252.832500000018626 ], [ 200926.6232, 557244.005 ], [ 200931.459, 557240.429 ], [ 200982.496000000013737, 557204.331699999980628 ], [ 201050.152299999987008, 557158.228699999977835 ], [ 201060.9778, 557150.851999999955297 ], [ 201071.402, 557166.302000000025146 ], [ 201090.603, 557151.601000000024214 ], [ 201086.828, 557145.042999999946915 ], [ 201100.402, 557136.115 ], [ 201099.303000000014435, 557134.444000000017695 ], [ 201109.0331, 557128.81339999998454 ], [ 201081.108799999987241, 557083.3859 ], [ 201163.0116, 557030.384100000024773 ], [ 201254.6693, 556971.069600000046194 ], [ 201271.270599999988917, 556979.694299999973737 ], [ 201296.8111, 556986.7219 ], [ 201382.641200000012759, 556948.177600000053644 ], [ 201436.1318, 556910.9571 ], [ 201489.6225, 556873.7365 ], [ 201469.6355, 556845.012600000016391 ], [ 201446.339, 556861.223 ], [ 201436.236, 556868.253000000026077 ], [ 201427.033, 556875.464000000036322 ], [ 201417.829999999987194, 556882.675000000046566 ], [ 201408.979499999986729, 556889.707999999984168 ], [ 201404.573, 556893.123999999952503 ], [ 201398.552, 556896.439000000013039 ], [ 201395.872, 556898.142 ], [ 201394.759, 556899.064999999944121 ], [ 201392.059, 556901.140999999945052 ], [ 201381.075000000011642, 556905.743999999947846 ], [ 201377.533, 556907.228 ], [ 201357.798, 556914.75 ], [ 201332.513, 556924.444999999948777 ], [ 201258.168, 556951.337000000057742 ], [ 201253.32, 556943.150000000023283 ], [ 201251.195, 556939.939999999944121 ], [ 201249.07, 556936.728 ], [ 201243.96, 556928.349999999976717 ], [ 201240.511, 556921.865 ], [ 201225.594000000011874, 556931.545999999972992 ], [ 201213.177, 556939.603 ], [ 201204.18, 556945.441 ], [ 201195.389, 556951.145000000018626 ], [ 201188.348999999987427, 556955.712999999988824 ], [ 201181.631, 556960.072000000043772 ], [ 201175.086000000010245, 556964.425999999977648 ], [ 201168.950000000011642, 556968.65500000002794 ], [ 201163.062, 556972.711000000010245 ], [ 201153.509, 556979.294 ], [ 201143.465, 556986.214999999967404 ], [ 201132.517, 556993.758999999961816 ], [ 201112.8824, 557006.212399999960326 ], [ 201089.336000000010245, 557021.985600000014529 ], [ 201081.377100000012433, 557010.1043 ], [ 201075.9706, 557002.033500000019558 ], [ 201071.87599999998929, 556995.920999999972992 ], [ 201069.5565, 556992.173500000033528 ], [ 201047.552, 556957.089000000036322 ], [ 201040.364, 556945.861000000033528 ], [ 201032.660299999988638, 556951.06429999996908 ], [ 201031.25, 556948.871000000042841 ], [ 201029.723, 556946.488999999943189 ], [ 201025.21, 556939.047000000020489 ], [ 201018.65, 556928.228 ], [ 201013.579, 556919.865 ], [ 201013.1025, 556919.146500000031665 ], [ 201006.301, 556908.893999999971129 ], [ 201000.647, 556899.116000000038184 ], [ 200995.174, 556889.650000000023283 ], [ 200994.872, 556884.158000000054017 ], [ 200976.383, 556851.586000000010245 ], [ 201006.915, 556830.733 ], [ 201022.768000000010943, 556853.268000000040047 ], [ 201065.011, 556824.437000000034459 ], [ 201050.623, 556800.853 ], [ 201071.214, 556786.753000000026077 ], [ 201076.2667, 556782.99710000003688 ], [ 201072.4705, 556777.821499999961816 ], [ 201028.3561, 556717.678300000028685 ], [ 200987.051, 556746.587999999988824 ], [ 200907.6059, 556802.192099999985658 ], [ 200946.334200000012061, 556862.911899999948218 ], [ 200876.6152, 556909.670099999988452 ], [ 200860.3977, 556920.893000000040047 ], [ 200865.21, 556927.84699999995064 ], [ 200901.303000000014435, 556980.003000000026077 ], [ 200927.123499999986961, 556961.09499999997206 ], [ 200952.943999999988591, 556942.187000000034459 ], [ 200953.115, 556942.488000000012107 ], [ 200963.987, 556961.604999999981374 ], [ 200968.438, 556969.432000000029802 ], [ 200967.0025, 556970.314000000013039 ], [ 201005.0048, 557037.23679999995511 ], [ 201005.7694, 557040.432799999951385 ], [ 201000.875, 557043.832000000053085 ], [ 200963.244, 557069.136000000056811 ], [ 200989.2471, 557107.603400000021793 ], [ 200973.795000000012806, 557118.587000000057742 ], [ 200842.8283, 557211.680700000026263 ], [ 200828.221, 557191.175999999977648 ], [ 200806.839, 557206.033000000054017 ], [ 200796.678000000014435, 557213.017 ], [ 200768.127, 557231.645999999949709 ], [ 200773.832, 557241.392 ], [ 200768.36799999998766, 557245.261999999987893 ], [ 200767.098, 557246.162999999942258 ], [ 200769.74299999998766, 557249.851999999955297 ], [ 200749.404, 557264.554 ], [ 200731.807, 557277.273000000044703 ], [ 200719.259, 557286.343 ], [ 200719.817000000010012, 557287.167000000015832 ], [ 200702.9524, 557299.103 ], [ 200687.5123, 557275.9301 ], [ 200674.885100000014063, 557263.23320000001695 ], [ 200641.309, 557215.216499999980442 ], [ 200583.7285, 557132.8715 ], [ 200574.9951, 557120.022899999981746 ], [ 200560.3525, 557130.105499999946915 ], [ 200308.7885, 557303.327999999979511 ], [ 200285.076899999985471, 557316.482899999944493 ], [ 200273.0485, 557325.815500000026077 ], [ 200267.344000000011874, 557330.2415 ], [ 200254.7302, 557340.2106 ], [ 200217.8841, 557364.853899999987334 ], [ 200217.48430000001099, 557365.1213 ], [ 200085.0081, 557453.723499999963678 ], [ 200095.6285, 557470.449999999953434 ], [ 200116.68049999998766, 557499.725899999961257 ], [ 200090.096, 557518.984000000054948 ], [ 200099.064000000013039, 557532.314999999944121 ], [ 200096.74299999998766, 557533.951 ], [ 200105.627, 557546.628000000026077 ], [ 200096.44, 557554.25 ], [ 200129.188, 557602.245 ], [ 200051.361, 557658.49800000002142 ], [ 200068.709, 557684.724999999976717 ], [ 200063.415, 557688.386000000056811 ], [ 200074.04, 557703.834999999962747 ], [ 200072.049999999988358, 557711.667000000015832 ], [ 200097.427, 557748.283000000054017 ], [ 200095.631, 557749.518000000040047 ], [ 200099.41, 557755.01300000003539 ], [ 200103.3904, 557760.800799999968149 ], [ 200098.7697, 557764.263099999981932 ], [ 200112.954999999987194, 557783.194499999983236 ], [ 200157.244100000010803, 557842.301899999962188 ], [ 200162.003, 557838.873999999952503 ], [ 200257.435999999986961, 557770.131999999983236 ], [ 200279.405999999988126, 557811.491999999969266 ], [ 200304.717, 557859.73699999996461 ], [ 200321.7385, 557863.996000000042841 ], [ 200351.174, 557871.381000000052154 ], [ 200373.083000000013271, 557876.895000000018626 ], [ 200371.623, 557882.729999999981374 ], [ 200370.14000000001397, 557888.65500000002794 ], [ 200368.742, 557894.24 ], [ 200365.932, 557905.464999999967404 ], [ 200364.36799999998766, 557911.712999999988824 ], [ 200362.831, 557917.84499999997206 ], [ 200361.276000000012573, 557924.045999999972992 ], [ 200358.353, 557936.055000000051223 ], [ 200355.904, 557946.28000000002794 ], [ 200353.442000000010012, 557956.51 ], [ 200350.87, 557967.135 ], [ 200348.503999999986263, 557976.912000000011176 ], [ 200394.329999999987194, 557988.660000000032596 ], [ 200388.302, 558012.446 ], [ 200387.505, 558013.74800000002142 ], [ 200386.538, 558014.358 ], [ 200384.057999999989988, 558014.966999999945983 ], [ 200381.983, 558014.778999999980442 ], [ 200367.397, 558011.048500000033528 ], [ 200352.810999999986961, 558007.317999999970198 ], [ 200330.7836, 558001.444400000036694 ], [ 200333.519999999989523, 558016.006999999983236 ], [ 200337.022999999986496, 558034.648999999975786 ], [ 200331.029, 558058.462000000057742 ], [ 200331.44, 558058.574000000022352 ], [ 200331.321, 558059.087000000057742 ], [ 200333.047, 558059.491000000038184 ], [ 200330.752, 558068.996999999973923 ], [ 200329.901000000012573, 558068.800999999977648 ], [ 200327.88, 558077.300000000046566 ], [ 200325.465, 558087.457000000053085 ], [ 200320.777, 558107.170999999972992 ], [ 200318.503, 558116.731999999959953 ], [ 200314.814000000013039, 558130.415000000037253 ], [ 200310.93, 558144.464000000036322 ], [ 200308.079999999987194, 558154.770999999949709 ], [ 200305.886999999987893, 558162.951 ], [ 200303.111, 558174.422000000020489 ], [ 200300.707, 558184.356000000028871 ], [ 200298.758, 558192.412000000011176 ], [ 200296.767, 558200.64000000001397 ], [ 200294.236, 558210.927000000025146 ], [ 200291.399, 558222.366000000038184 ], [ 200288.641, 558233.48499999998603 ], [ 200285.054, 558247.947999999974854 ], [ 200281.416, 558262.601999999955297 ], [ 200278.653, 558273.734000000054948 ], [ 200275.647, 558285.841000000014901 ], [ 200273.081, 558296.082999999984168 ], [ 200270.094000000011874, 558307.912000000011176 ], [ 200266.942000000010012, 558320.395999999949709 ], [ 200262.698, 558337.794 ], [ 200259.905999999988126, 558350.37 ], [ 200273.965999999985797, 558353.822999999974854 ], [ 200273.907, 558354.319000000017695 ], [ 200284.769999999989523, 558356.971000000019558 ], [ 200284.842, 558356.677000000025146 ], [ 200300.228, 558360.508000000030734 ], [ 200300.280999999988126, 558360.287000000011176 ], [ 200301.99299999998766, 558360.707999999984168 ], [ 200308.6568, 558362.346800000057556 ], [ 200309.6399, 558358.183599999989383 ] ] ] ] } },
{ "type": "Feature", "properties": { "buurtcode": "BU00860502", "buurtnaam": "Gorredijk-De Kromten", "pc6_codes": "8401BL, 8401CE, 8401CH, 8401CK, 8401CL, 8401CM, 8401DM, 8401DN, 8401GA, 8401GB, 8401GC, 8401GD, 8401JA, 8401JB, 8401JC, 8401JD, 8401JE, 8401JG, 8401JH, 8401JJ", "wijkcode": "WK008605", "gemeentecode": "GM0086", "gemeentenaam": "Opsterland", "oppervlakteLandInHa": 118, "AantalInwoners_5": 170, "Mannen_6": 95, "Vrouwen_7": 85, "HuishoudensTotaal_29": 75, "GemiddeldeHuishoudensgrootte_33": 2.4, "Woningvoorraad_35": 64, "NieuwbouwWoningen_36": 0, "NietWoningvoorraad_37": 315, "NieuwbouwNietWoningen_38": 36, "GemiddeldeWOZWaardeVanWoningen_39": 433, "PercentageEengezinswoning_40": 95, "PercentageTussenwoningEengezins_41": 0, "PercentageHoekwoningEengezins_42": 0, "PercentageTweeOnderEenKapWoningEe_43": 3, "PercentageVrijstaandeWoningEengezins_44": 92, "PercentageMeergezinswoning_45": 5, "Koopwoningen_47": 94, "HuurwoningenTotaal_48": 6, "InBezitWoningcorporatie_49": 0, "InBezitOverigeVerhuurders_50": 6, "BouwjaarMeerDanTienJaarGeleden_51": 95, "BouwjaarAfgelopenTienJaar_52": 5, "GemiddeldeElektriciteitslevering_53": 4070, "GemiddeldeElektriciteitsteruglevering_54": 3040, "GemiddeldAardgasverbruik_55": 1130, "AardgasvrijeWoningen_57": null, "Aardgaswoningen_58": null, "WoningenMetZonnestroom_59": null, "WoningenHoofdzElektrVerwarmd_60": null, "k_20PersonenMetHoogsteInkomen_80": 22.4, "k_20HuishoudensMetHoogsteInkomen_85": null, "MediaanVermogenVanParticuliereHuish_86": null, "PersonenautoSTotaal_104": 190, "PersonenautoSBrandstofBenzine_105": 110, "PersonenautoSOverigeBrandstof_106": 80, "PersonenautoSPerHuishouden_107": null, "Omgevingsadressendichtheid_121": 589, "AantalInstallatiesBijWoningen_5": 23, "OpgesteldVermogenVanZonnepanelen_6": 164, "installaties_per_woning": 0.359375, "vermogen_per_woning": 2.5625, "installaties_per_100_woningen": 35.9375, "vermogen_per_huishouden": 2.1866666666666665, "batterijdruk_score": null, "koop_zon_score": null, "eengezins_zon_score": null, "betaalkracht_zon_score": null, "overige_brandstof_zon_score": null, "lichte_batterij_kansscore": null }, "geometry": { "type": "MultiPolygon", "coordinates": [ [ [ [ 200564.00700000001234, 558725.253999999957159 ], [ 200572.089100000011967, 558727.51500000001397 ], [ 200577.700000000011642, 558707.51 ], [ 200587.519999999989523, 558710.060000000055879 ], [ 200613.6, 558623.51500000001397 ], [ 200615.9197, 558615.8173 ], [ 200452.264, 558532.135200000018813 ], [ 200378.2357, 558494.282299999962561 ], [ 200348.4465, 558483.2315 ], [ 200334.604499999986729, 558478.51 ], [ 200323.666, 558475.139500000048429 ], [ 200284.581, 558464.294899999978952 ], [ 200302.761999999987893, 558387.307999999960884 ], [ 200308.6568, 558362.346800000057556 ], [ 200301.99299999998766, 558360.707999999984168 ], [ 200300.280999999988126, 558360.287000000011176 ], [ 200300.228, 558360.508000000030734 ], [ 200284.842, 558356.677000000025146 ], [ 200284.769999999989523, 558356.971000000019558 ], [ 200273.907, 558354.319000000017695 ], [ 200273.965999999985797, 558353.822999999974854 ], [ 200259.905999999988126, 558350.37 ], [ 200262.698, 558337.794 ], [ 200266.942000000010012, 558320.395999999949709 ], [ 200270.094000000011874, 558307.912000000011176 ], [ 200273.081, 558296.082999999984168 ], [ 200275.647, 558285.841000000014901 ], [ 200278.653, 558273.734000000054948 ], [ 200281.416, 558262.601999999955297 ], [ 200285.054, 558247.947999999974854 ], [ 200288.641, 558233.48499999998603 ], [ 200291.399, 558222.366000000038184 ], [ 200294.236, 558210.927000000025146 ], [ 200296.767, 558200.64000000001397 ], [ 200298.758, 558192.412000000011176 ], [ 200300.707, 558184.356000000028871 ], [ 200303.111, 558174.422000000020489 ], [ 200305.886999999987893, 558162.951 ], [ 200308.079999999987194, 558154.770999999949709 ], [ 200310.93, 558144.464000000036322 ], [ 200314.814000000013039, 558130.415000000037253 ], [ 200318.503, 558116.731999999959953 ], [ 200320.777, 558107.170999999972992 ], [ 200325.465, 558087.457000000053085 ], [ 200327.88, 558077.300000000046566 ], [ 200329.901000000012573, 558068.800999999977648 ], [ 200330.752, 558068.996999999973923 ], [ 200333.047, 558059.491000000038184 ], [ 200331.321, 558059.087000000057742 ], [ 200331.44, 558058.574000000022352 ], [ 200331.029, 558058.462000000057742 ], [ 200337.022999999986496, 558034.648999999975786 ], [ 200333.519999999989523, 558016.006999999983236 ], [ 200330.7836, 558001.444400000036694 ], [ 200352.810999999986961, 558007.317999999970198 ], [ 200367.397, 558011.048500000033528 ], [ 200381.983, 558014.778999999980442 ], [ 200384.057999999989988, 558014.966999999945983 ], [ 200386.538, 558014.358 ], [ 200387.505, 558013.74800000002142 ], [ 200388.302, 558012.446 ], [ 200394.329999999987194, 557988.660000000032596 ], [ 200348.503999999986263, 557976.912000000011176 ], [ 200350.87, 557967.135 ], [ 200353.442000000010012, 557956.51 ], [ 200355.904, 557946.28000000002794 ], [ 200358.353, 557936.055000000051223 ], [ 200361.276000000012573, 557924.045999999972992 ], [ 200362.831, 557917.84499999997206 ], [ 200364.36799999998766, 557911.712999999988824 ], [ 200365.932, 557905.464999999967404 ], [ 200368.742, 557894.24 ], [ 200370.14000000001397, 557888.65500000002794 ], [ 200371.623, 557882.729999999981374 ], [ 200373.083000000013271, 557876.895000000018626 ], [ 200351.174, 557871.381000000052154 ], [ 200321.7385, 557863.996000000042841 ], [ 200304.717, 557859.73699999996461 ], [ 200279.405999999988126, 557811.491999999969266 ], [ 200257.435999999986961, 557770.131999999983236 ], [ 200162.003, 557838.873999999952503 ], [ 200157.244100000010803, 557842.301899999962188 ], [ 200112.954999999987194, 557783.194499999983236 ], [ 200098.7697, 557764.263099999981932 ], [ 200103.3904, 557760.800799999968149 ], [ 200099.41, 557755.01300000003539 ], [ 200095.631, 557749.518000000040047 ], [ 200097.427, 557748.283000000054017 ], [ 200072.049999999988358, 557711.667000000015832 ], [ 200074.04, 557703.834999999962747 ], [ 200063.415, 557688.386000000056811 ], [ 200068.709, 557684.724999999976717 ], [ 200051.361, 557658.49800000002142 ], [ 200129.188, 557602.245 ], [ 200096.44, 557554.25 ], [ 200105.627, 557546.628000000026077 ], [ 200096.74299999998766, 557533.951 ], [ 200099.064000000013039, 557532.314999999944121 ], [ 200090.096, 557518.984000000054948 ], [ 200116.68049999998766, 557499.725899999961257 ], [ 200095.6285, 557470.449999999953434 ], [ 200085.0081, 557453.723499999963678 ], [ 199921.972, 557562.966499999980442 ], [ 199889.0905, 557585.025000000023283 ], [ 199710.7596, 557704.466000000014901 ], [ 199599.475799999985611, 557777.297099999967031 ], [ 199543.473999999987427, 557812.270000000018626 ], [ 199503.0956, 557835.717900000046939 ], [ 199463.169, 557854.492899999953806 ], [ 199425.7443, 557868.678399999975227 ], [ 199388.423799999989569, 557880.777800000039861 ], [ 199349.5397, 557889.852399999974295 ], [ 199310.2532, 557895.720300000044517 ], [ 199257.295699999987846, 557899.475300000049174 ], [ 199140.4747, 557907.758599999942817 ], [ 199079.2125, 557912.102500000037253 ], [ 199048.4888, 557916.0599 ], [ 199012.9405, 557922.109599999967031 ], [ 198989.0679, 557927.846400000038557 ], [ 198964.778400000010151, 557930.76859999995213 ], [ 198953.886300000012852, 557929.5492 ], [ 198959.886, 557950.70499999995809 ], [ 198879.945, 558002.113499999977648 ], [ 198800.0041, 558053.520800000056624 ], [ 198807.8448, 558058.646799999987707 ], [ 199083.1469, 558238.62789999996312 ], [ 199645.8136, 558293.094000000040978 ], [ 199592.7462, 558791.509199999971315 ], [ 199851.50700000001234, 558856.082999999984168 ], [ 200190.7329, 558941.469200000050478 ], [ 200483.0142, 559014.765999999945052 ], [ 200564.00700000001234, 558725.253999999957159 ] ] ] ] } },
{ "type": "Feature", "properties": { "buurtcode": "BU00860503", "buurtnaam": "Gorredijk-IJ buurt", "pc6_codes": "8401DS, 8401DT, 8401EB, 8401EC, 8401ED, 8401EE, 8401EG, 8401EH, 8401EJ, 8401EL, 8401EM, 8401EN, 8401NZ, 8401PA, 8401PB, 8401PC, 8401PD, 8401PE, 8401PG, 8401PH, 8401PJ, 8401PK, 8401PL, 8401PM, 8401PN, 8401PR, 8401PS, 8401PV, 8401PW, 8401VM, 8401VN, 8401VP, 8401WB, 8401WC, 8401WD, 8401WG, 8401WH, 8401WJ, 8401WX, 8401XC, 8401XD, 8401XE, 8401XG, 8401XH", "wijkcode": "WK008605", "gemeentecode": "GM0086", "gemeentenaam": "Opsterland", "oppervlakteLandInHa": 40, "AantalInwoners_5": 1640, "Mannen_6": 785, "Vrouwen_7": 855, "HuishoudensTotaal_29": 800, "GemiddeldeHuishoudensgrootte_33": 2.0, "Woningvoorraad_35": 790, "NieuwbouwWoningen_36": 2, "NietWoningvoorraad_37": 65, "NieuwbouwNietWoningen_38": 0, "GemiddeldeWOZWaardeVanWoningen_39": 239, "PercentageEengezinswoning_40": 75, "PercentageTussenwoningEengezins_41": 37, "PercentageHoekwoningEengezins_42": 23, "PercentageTweeOnderEenKapWoningEe_43": 9, "PercentageVrijstaandeWoningEengezins_44": 7, "PercentageMeergezinswoning_45": 25, "Koopwoningen_47": 60, "HuurwoningenTotaal_48": 40, "InBezitWoningcorporatie_49": 37, "InBezitOverigeVerhuurders_50": 3, "BouwjaarMeerDanTienJaarGeleden_51": 99, "BouwjaarAfgelopenTienJaar_52": 1, "GemiddeldeElektriciteitslevering_53": 2230, "GemiddeldeElektriciteitsteruglevering_54": 660, "GemiddeldAardgasverbruik_55": 870, "AardgasvrijeWoningen_57": 1, "Aardgaswoningen_58": 96, "WoningenMetZonnestroom_59": 30, "WoningenHoofdzElektrVerwarmd_60": 4, "k_20PersonenMetHoogsteInkomen_80": 9.3, "k_20HuishoudensMetHoogsteInkomen_85": 8.4, "MediaanVermogenVanParticuliereHuish_86": 89.8, "PersonenautoSTotaal_104": 890, "PersonenautoSBrandstofBenzine_105": 720, "PersonenautoSOverigeBrandstof_106": 165, "PersonenautoSPerHuishouden_107": 1.1, "Omgevingsadressendichtheid_121": 905, "AantalInstallatiesBijWoningen_5": 171, "OpgesteldVermogenVanZonnepanelen_6": 660, "installaties_per_woning": 0.21645569620253163, "vermogen_per_woning": 0.83544303797468356, "installaties_per_100_woningen": 21.645569620253163, "vermogen_per_huishouden": 0.825, "batterijdruk_score": 198.0, "koop_zon_score": 0.18, "eengezins_zon_score": 0.225, "betaalkracht_zon_score": 26.94, "overige_brandstof_zon_score": 49.5, "lichte_batterij_kansscore": 0.35195895561577079 }, "geometry": { "type": "MultiPolygon", "coordinates": [ [ [ [ 200869.394, 558725.957000000053085 ], [ 200872.170000000012806, 558714.246000000042841 ], [ 200879.416, 558672.496999999973923 ], [ 200880.44, 558666.900999999954365 ], [ 200882.8161, 558647.566100000054576 ], [ 200888.2965, 558635.1091 ], [ 200890.5687, 558619.2036 ], [ 200890.398500000010245, 558614.673700000043027 ], [ 200888.253999999986263, 558609.973600000026636 ], [ 200887.5252, 558604.764899999951012 ], [ 200902.793, 558515.746000000042841 ], [ 200906.476, 558497.785000000032596 ], [ 200912.4608, 558464.534699999960139 ], [ 200914.724500000011176, 558459.826099999947473 ], [ 200930.4509, 558461.852599999983795 ], [ 200933.1911, 558458.395600000047125 ], [ 200950.711000000010245, 558346.96550000004936 ], [ 200951.1105, 558345.307000000029802 ], [ 200960.9767, 558286.932599999941885 ], [ 200980.714, 558207.92449999996461 ], [ 200983.1366, 558205.29500000004191 ], [ 200993.874099999986356, 558178.905799999949522 ], [ 200997.218, 558157.768000000040047 ], [ 200998.2525, 558141.303700000047684 ], [ 201012.0875, 558085.113000000012107 ], [ 201025.692099999985658, 558035.594700000016019 ], [ 201019.2795, 558033.67000000004191 ], [ 201013.424, 558031.912499999976717 ], [ 200965.0655, 558017.574099999968894 ], [ 200912.802, 558000.533999999985099 ], [ 200892.964, 557993.233 ], [ 200810.016, 557956.849500000011176 ], [ 200805.3315, 557954.579000000027008 ], [ 200712.288999999989755, 557909.349999999976717 ], [ 200699.706199999985984, 557903.4793 ], [ 200689.19, 557902.378999999957159 ], [ 200649.417500000010477, 557898.21750000002794 ], [ 200628.024, 557895.984000000054948 ], [ 200569.93849999998929, 557890.07750000001397 ], [ 200551.758, 557887.52800000004936 ], [ 200515.7471, 557884.180599999963306 ], [ 200474.79680000001099, 557873.13890000001993 ], [ 200458.8905, 557868.849999999976717 ], [ 200434.5981, 557862.967700000037439 ], [ 200422.0868, 557910.79839999997057 ], [ 200429.502, 557913.006999999983236 ], [ 200438.802, 557915.777 ], [ 200448.365, 557918.631999999983236 ], [ 200459.836000000010245, 557922.13800000003539 ], [ 200468.209, 557924.697999999974854 ], [ 200466.049999999988358, 557933.082999999984168 ], [ 200464.628999999986263, 557938.601999999955297 ], [ 200461.691, 557950.444000000017695 ], [ 200459.832, 557957.827999999979511 ], [ 200459.006, 557961.111000000033528 ], [ 200454.978, 557977.802999999956228 ], [ 200450.786, 557992.655999999959022 ], [ 200448.32, 558001.042999999946915 ], [ 200446.079999999987194, 558009.726000000024214 ], [ 200443.11799999998766, 558021.297999999951571 ], [ 200440.775, 558030.520000000018626 ], [ 200437.616, 558042.484000000054948 ], [ 200435.329, 558051.251000000047497 ], [ 200431.691, 558065.111000000033528 ], [ 200431.253999999986263, 558065.108 ], [ 200428.573, 558075.731999999959953 ], [ 200420.61799999998766, 558104.770000000018626 ], [ 200419.846, 558107.113999999943189 ], [ 200418.573, 558110.979999999981374 ], [ 200417.579999999987194, 558114.038999999989755 ], [ 200411.99900000001071, 558138.900000000023283 ], [ 200406.920000000012806, 558159.047000000020489 ], [ 200418.163, 558161.770999999949709 ], [ 200408.263, 558205.584000000031665 ], [ 200394.682999999989988, 558202.158000000054017 ], [ 200389.231, 558223.775999999954365 ], [ 200384.054, 558244.236000000033528 ], [ 200382.6144, 558249.925599999958649 ], [ 200339.815299999987474, 558239.0821 ], [ 200337.14000000001397, 558249.641500000027008 ], [ 200309.6399, 558358.183599999989383 ], [ 200308.6568, 558362.346800000057556 ], [ 200302.761999999987893, 558387.307999999960884 ], [ 200284.581, 558464.294899999978952 ], [ 200323.666, 558475.139500000048429 ], [ 200334.604499999986729, 558478.51 ], [ 200348.4465, 558483.2315 ], [ 200378.2357, 558494.282299999962561 ], [ 200452.264, 558532.135200000018813 ], [ 200615.9197, 558615.8173 ], [ 200647.207499999989523, 558631.471000000019558 ], [ 200735.2629, 558674.827200000057928 ], [ 200863.685399999987567, 558738.537800000049174 ], [ 200869.394, 558725.957000000053085 ] ] ] ] } },
{ "type": "Feature", "properties": { "buurtcode": "BU00860504", "buurtnaam": "Gorredijk-Bloemenwijk", "pc6_codes": "8401DT, 8401MA, 8401MB, 8401MC, 8401MD, 8401ME, 8401MG, 8401MH, 8401MJ, 8401NZ, 8401PA, 8401PP, 8401PW, 8401XA, 8401XB, 8401XJ, 8401XK, 8401XL, 8401XM, 8401XN, 8401XP, 8401XW, 8401XX", "wijkcode": "WK008605", "gemeentecode": "GM0086", "gemeentenaam": "Opsterland", "oppervlakteLandInHa": 26, "AantalInwoners_5": 685, "Mannen_6": 340, "Vrouwen_7": 345, "HuishoudensTotaal_29": 285, "GemiddeldeHuishoudensgrootte_33": 2.4, "Woningvoorraad_35": 285, "NieuwbouwWoningen_36": 0, "NietWoningvoorraad_37": 4, "NieuwbouwNietWoningen_38": 0, "GemiddeldeWOZWaardeVanWoningen_39": 360, "PercentageEengezinswoning_40": 99, "PercentageTussenwoningEengezins_41": 17, "PercentageHoekwoningEengezins_42": 11, "PercentageTweeOnderEenKapWoningEe_43": 30, "PercentageVrijstaandeWoningEengezins_44": 42, "PercentageMeergezinswoning_45": 1, "Koopwoningen_47": 91, "HuurwoningenTotaal_48": 9, "InBezitWoningcorporatie_49": 8, "InBezitOverigeVerhuurders_50": 1, "BouwjaarMeerDanTienJaarGeleden_51": 100, "BouwjaarAfgelopenTienJaar_52": 0, "GemiddeldeElektriciteitslevering_53": 2850, "GemiddeldeElektriciteitsteruglevering_54": 1700, "GemiddeldAardgasverbruik_55": 940, "AardgasvrijeWoningen_57": 3, "Aardgaswoningen_58": 88, "WoningenMetZonnestroom_59": 67, "WoningenHoofdzElektrVerwarmd_60": 12, "k_20PersonenMetHoogsteInkomen_80": 18.4, "k_20HuishoudensMetHoogsteInkomen_85": 24.7, "MediaanVermogenVanParticuliereHuish_86": 282.9, "PersonenautoSTotaal_104": 340, "PersonenautoSBrandstofBenzine_105": 265, "PersonenautoSOverigeBrandstof_106": 80, "PersonenautoSPerHuishouden_107": 1.2, "Omgevingsadressendichtheid_121": 739, "AantalInstallatiesBijWoningen_5": 151, "OpgesteldVermogenVanZonnepanelen_6": 609, "installaties_per_woning": 0.52982456140350875, "vermogen_per_woning": 2.1368421052631579, "installaties_per_100_woningen": 52.982456140350877, "vermogen_per_huishouden": 2.1368421052631579, "batterijdruk_score": 1139.0, "koop_zon_score": 0.6097, "eengezins_zon_score": 0.6633, "betaalkracht_zon_score": 189.543, "overige_brandstof_zon_score": 53.6, "lichte_batterij_kansscore": 0.56447360618600151 }, "geometry": { "type": "MultiPolygon", "coordinates": [ [ [ [ 201218.386, 558633.491999999969266 ], [ 201217.9131, 558633.389500000048429 ], [ 201221.538, 558618.957000000053085 ], [ 201278.147, 558393.569000000017695 ], [ 201372.65, 558010.89249999995809 ], [ 201374.474599999986822, 558003.629700000048615 ], [ 201372.0194, 558002.188100000028498 ], [ 201364.3604, 557999.190900000045076 ], [ 201354.965399999986403, 557996.942999999970198 ], [ 201334.6777, 557993.4349 ], [ 201317.3418, 557991.183300000033341 ], [ 201308.457400000013877, 557990.740600000019185 ], [ 201300.628300000011222, 557991.081200000015087 ], [ 201291.029, 557992.716000000014901 ], [ 201277.072699999989709, 557996.4965 ], [ 201267.405300000013085, 557999.800200000056066 ], [ 201258.589799999987008, 558003.461400000029244 ], [ 201253.7894, 558006.1692 ], [ 201225.1661, 558022.315300000016578 ], [ 201220.7069, 558024.6653 ], [ 201215.3286, 558026.9473 ], [ 201210.7357, 558027.669 ], [ 201201.8148, 558027.594399999943562 ], [ 201194.536, 558027.533500000019558 ], [ 201176.682999999989988, 558030.432000000029802 ], [ 201131.99110000001383, 558038.409100000048056 ], [ 201110.865, 558041.440500000026077 ], [ 201094.1255, 558042.667499999981374 ], [ 201065.7682, 558042.033700000029057 ], [ 201035.2921, 558038.476099999970756 ], [ 201025.692099999985658, 558035.594700000016019 ], [ 201012.0875, 558085.113000000012107 ], [ 200998.2525, 558141.303700000047684 ], [ 200997.218, 558157.768000000040047 ], [ 200993.874099999986356, 558178.905799999949522 ], [ 200983.1366, 558205.29500000004191 ], [ 200980.714, 558207.92449999996461 ], [ 200960.9767, 558286.932599999941885 ], [ 200951.1105, 558345.307000000029802 ], [ 200950.711000000010245, 558346.96550000004936 ], [ 200933.1911, 558458.395600000047125 ], [ 200930.4509, 558461.852599999983795 ], [ 200914.724500000011176, 558459.826099999947473 ], [ 200912.4608, 558464.534699999960139 ], [ 200906.476, 558497.785000000032596 ], [ 200902.793, 558515.746000000042841 ], [ 200887.5252, 558604.764899999951012 ], [ 200888.253999999986263, 558609.973600000026636 ], [ 200890.398500000010245, 558614.673700000043027 ], [ 200890.5687, 558619.2036 ], [ 200888.2965, 558635.1091 ], [ 200882.8161, 558647.566100000054576 ], [ 200880.44, 558666.900999999954365 ], [ 200879.416, 558672.496999999973923 ], [ 200872.170000000012806, 558714.246000000042841 ], [ 200869.394, 558725.957000000053085 ], [ 200863.685399999987567, 558738.537800000049174 ], [ 200922.215999999985797, 558767.812200000043958 ], [ 200998.524800000013784, 558797.852199999964796 ], [ 201051.545000000012806, 558814.76 ], [ 201098.6775, 558828.855499999946915 ], [ 201156.066, 558846.235499999951571 ], [ 201160.6684, 558847.380600000033155 ], [ 201159.138, 558853.535000000032596 ], [ 201161.666, 558854.422000000020489 ], [ 201218.386, 558633.491999999969266 ] ] ] ] } },
{ "type": "Feature", "properties": { "buurtcode": "BU00860505", "buurtnaam": "Gorredijk-Loevestein", "pc6_codes": "8401LA, 8401LB, 8401LC, 8401LD, 8401MK, 8401MN, 8401MP, 8401MR, 8401MS, 8401MT, 8401MV, 8401MX, 8401MZ, 8401NA, 8401NB, 8401NC, 8401ND, 8401NE, 8401NG, 8401NH, 8401NK, 8401NN, 8401WP, 8401WR, 8401XA", "wijkcode": "WK008605", "gemeentecode": "GM0086", "gemeentenaam": "Opsterland", "oppervlakteLandInHa": 40, "AantalInwoners_5": 1060, "Mannen_6": 535, "Vrouwen_7": 525, "HuishoudensTotaal_29": 415, "GemiddeldeHuishoudensgrootte_33": 2.6, "Woningvoorraad_35": 410, "NieuwbouwWoningen_36": 10, "NietWoningvoorraad_37": 6, "NieuwbouwNietWoningen_38": 0, "GemiddeldeWOZWaardeVanWoningen_39": 412, "PercentageEengezinswoning_40": 89, "PercentageTussenwoningEengezins_41": 20, "PercentageHoekwoningEengezins_42": 12, "PercentageTweeOnderEenKapWoningEe_43": 23, "PercentageVrijstaandeWoningEengezins_44": 34, "PercentageMeergezinswoning_45": 11, "Koopwoningen_47": 86, "HuurwoningenTotaal_48": 14, "InBezitWoningcorporatie_49": 8, "InBezitOverigeVerhuurders_50": 6, "BouwjaarMeerDanTienJaarGeleden_51": 73, "BouwjaarAfgelopenTienJaar_52": 27, "GemiddeldeElektriciteitslevering_53": 3380, "GemiddeldeElektriciteitsteruglevering_54": 1990, "GemiddeldAardgasverbruik_55": 700, "AardgasvrijeWoningen_57": 18, "Aardgaswoningen_58": 73, "WoningenMetZonnestroom_59": 69, "WoningenHoofdzElektrVerwarmd_60": 27, "k_20PersonenMetHoogsteInkomen_80": 27.1, "k_20HuishoudensMetHoogsteInkomen_85": 34.5, "MediaanVermogenVanParticuliereHuish_86": 276.7, "PersonenautoSTotaal_104": 595, "PersonenautoSBrandstofBenzine_105": 405, "PersonenautoSOverigeBrandstof_106": 190, "PersonenautoSPerHuishouden_107": 1.4, "Omgevingsadressendichtheid_121": 746, "AantalInstallatiesBijWoningen_5": 179, "OpgesteldVermogenVanZonnepanelen_6": 705, "installaties_per_woning": 0.43658536585365854, "vermogen_per_woning": 1.7195121951219512, "installaties_per_100_woningen": 43.658536585365852, "vermogen_per_huishouden": 1.6987951807228916, "batterijdruk_score": 1373.1, "koop_zon_score": 0.5934, "eengezins_zon_score": 0.6141, "betaalkracht_zon_score": 190.923, "overige_brandstof_zon_score": 131.1, "lichte_batterij_kansscore": 0.54878390560084434 }, "geometry": { "type": "MultiPolygon", "coordinates": [ [ [ [ 201681.2622, 558149.558899999945424 ], [ 201794.554200000013225, 557805.867399999988265 ], [ 201813.6567, 557741.3225 ], [ 201739.9001, 557616.267800000030547 ], [ 201742.6004, 557594.035799999954179 ], [ 201772.913999999989755, 557492.163399999961257 ], [ 201520.8658, 557417.162800000049174 ], [ 201439.524, 557395.609000000054948 ], [ 201437.4468, 557404.3922 ], [ 201374.0269, 557389.3933 ], [ 201366.8437, 557388.462199999950826 ], [ 201337.4382, 557387.219000000040978 ], [ 201320.5204, 557386.5037 ], [ 201308.844699999986915, 557387.040200000046752 ], [ 201302.8877, 557386.920999999972992 ], [ 201295.5607, 557385.788500000024214 ], [ 201285.184199999988778, 557382.142800000030547 ], [ 201270.7403, 557375.077999999979511 ], [ 201243.953, 557361.976000000024214 ], [ 201216.0703, 557343.7391 ], [ 201210.358, 557374.339000000036322 ], [ 201185.0655, 557512.635 ], [ 201183.978, 557518.58129999996163 ], [ 201175.393000000010943, 557566.841000000014901 ], [ 201170.57, 557593.427000000025146 ], [ 201163.097, 557633.336000000010245 ], [ 201156.6362, 557664.095500000054017 ], [ 201151.4073, 557679.0958999999566 ], [ 201130.319599999987986, 557672.777899999986403 ], [ 201117.4199, 557668.913199999951757 ], [ 201111.138100000011036, 557694.115800000028685 ], [ 201096.5103, 557752.803700000047684 ], [ 201059.625, 557898.821 ], [ 201055.476, 557920.335700000054203 ], [ 201040.7958, 557964.4569 ], [ 201039.4471, 557990.142100000055507 ], [ 201043.8255, 558004.536199999973178 ], [ 201035.2921, 558038.476099999970756 ], [ 201065.7682, 558042.033700000029057 ], [ 201094.1255, 558042.667499999981374 ], [ 201110.865, 558041.440500000026077 ], [ 201131.99110000001383, 558038.409100000048056 ], [ 201176.682999999989988, 558030.432000000029802 ], [ 201194.536, 558027.533500000019558 ], [ 201201.8148, 558027.594399999943562 ], [ 201210.7357, 558027.669 ], [ 201215.3286, 558026.9473 ], [ 201220.7069, 558024.6653 ], [ 201225.1661, 558022.315300000016578 ], [ 201253.7894, 558006.1692 ], [ 201258.589799999987008, 558003.461400000029244 ], [ 201267.405300000013085, 557999.800200000056066 ], [ 201277.072699999989709, 557996.4965 ], [ 201291.029, 557992.716000000014901 ], [ 201300.628300000011222, 557991.081200000015087 ], [ 201308.457400000013877, 557990.740600000019185 ], [ 201317.3418, 557991.183300000033341 ], [ 201334.6777, 557993.4349 ], [ 201354.965399999986403, 557996.942999999970198 ], [ 201364.3604, 557999.190900000045076 ], [ 201372.0194, 558002.188100000028498 ], [ 201374.474599999986822, 558003.629700000048615 ], [ 201379.269900000013877, 558006.445399999967776 ], [ 201395.6601, 558017.633799999952316 ], [ 201402.808500000013737, 558023.4153 ], [ 201413.5736, 558033.096499999985099 ], [ 201421.84529999998631, 558042.769199999980628 ], [ 201427.4246, 558049.293599999975413 ], [ 201432.8101, 558057.87210000003688 ], [ 201439.3032, 558070.388700000010431 ], [ 201445.6954, 558081.12210000003688 ], [ 201452.590900000010151, 558090.9682 ], [ 201459.6031, 558098.6655 ], [ 201469.6108, 558107.3846 ], [ 201471.925500000012107, 558110.381799999973737 ], [ 201473.6275, 558114.468800000031479 ], [ 201474.036, 558119.066800000029616 ], [ 201486.886, 558122.599500000011176 ], [ 201528.2014, 558136.598899999982677 ], [ 201578.7352, 558158.13800000003539 ], [ 201641.4919, 558170.7328 ], [ 201681.0797, 558174.566100000054576 ], [ 201681.2622, 558149.558899999945424 ] ] ] ] } },
{ "type": "Feature", "properties": { "buurtcode": "BU00860506", "buurtnaam": "Gorredijk-Groene Long", "pc6_codes": "8401BT, 8401DP, 8401PX, 8401PZ, 8401RA, 8401RB, 8401RD, 8401RE, 8401RG, 8401RH, 8401RJ, 8401RK, 8401RL, 8401RM, 8401RN, 8401RP, 8401RR, 8401RS, 8401RT, 8401RV, 8401RW, 8401RX, 8401RZ, 8401SB, 8401SC, 8401SE, 8401SG, 8401SH, 8401SJ, 8401SK, 8401SL, 8401SM, 8401SR, 8401ST, 8401SV, 8401SW, 8401SX, 8401SZ, 8401TA, 8401TB, 8401TC, 8401TD, 8401TE, 8401TG, 8401TH, 8401TJ, 8401TK, 8401TL, 8401TM, 8401TP, 8401TR, 8401TS, 8401TT, 8401TV, 8401TW, 8401TX, 8401TZ, 8401VA, 8401VB, 8401VC, 8401VD, 8401VE, 8401VG, 8401VH, 8401VJ, 8401VK, 8401VL", "wijkcode": "WK008605", "gemeentecode": "GM0086", "gemeentenaam": "Opsterland", "oppervlakteLandInHa": 43, "AantalInwoners_5": 1775, "Mannen_6": 875, "Vrouwen_7": 900, "HuishoudensTotaal_29": 840, "GemiddeldeHuishoudensgrootte_33": 2.1, "Woningvoorraad_35": 862, "NieuwbouwWoningen_36": 0, "NietWoningvoorraad_37": 102, "NieuwbouwNietWoningen_38": 0, "GemiddeldeWOZWaardeVanWoningen_39": 224, "PercentageEengezinswoning_40": 89, "PercentageTussenwoningEengezins_41": 34, "PercentageHoekwoningEengezins_42": 27, "PercentageTweeOnderEenKapWoningEe_43": 20, "PercentageVrijstaandeWoningEengezins_44": 8, "PercentageMeergezinswoning_45": 11, "Koopwoningen_47": 40, "HuurwoningenTotaal_48": 60, "InBezitWoningcorporatie_49": 55, "InBezitOverigeVerhuurders_50": 5, "BouwjaarMeerDanTienJaarGeleden_51": 89, "BouwjaarAfgelopenTienJaar_52": 11, "GemiddeldeElektriciteitslevering_53": 2380, "GemiddeldeElektriciteitsteruglevering_54": 1170, "GemiddeldAardgasverbruik_55": 780, "AardgasvrijeWoningen_57": 19, "Aardgaswoningen_58": 78, "WoningenMetZonnestroom_59": 51, "WoningenHoofdzElektrVerwarmd_60": 20, "k_20PersonenMetHoogsteInkomen_80": 4.7, "k_20HuishoudensMetHoogsteInkomen_85": 3.6, "MediaanVermogenVanParticuliereHuish_86": 26.4, "PersonenautoSTotaal_104": 855, "PersonenautoSBrandstofBenzine_105": 690, "PersonenautoSOverigeBrandstof_106": 165, "PersonenautoSPerHuishouden_107": 1.0, "Omgevingsadressendichtheid_121": 993, "AantalInstallatiesBijWoningen_5": 346, "OpgesteldVermogenVanZonnepanelen_6": 1569, "installaties_per_woning": 0.40139211136890951, "vermogen_per_woning": 1.8201856148491879, "installaties_per_100_woningen": 40.13921113689095, "vermogen_per_huishouden": 1.8678571428571429, "batterijdruk_score": 596.7, "koop_zon_score": 0.204, "eengezins_zon_score": 0.4539, "betaalkracht_zon_score": 13.464, "overige_brandstof_zon_score": 84.15, "lichte_batterij_kansscore": 0.3966775703343855 }, "geometry": { "type": "MultiPolygon", "coordinates": [ [ [ [ 201043.8255, 558004.536199999973178 ], [ 201039.4471, 557990.142100000055507 ], [ 201040.7958, 557964.4569 ], [ 201055.476, 557920.335700000054203 ], [ 201059.625, 557898.821 ], [ 201096.5103, 557752.803700000047684 ], [ 201111.138100000011036, 557694.115800000028685 ], [ 201117.4199, 557668.913199999951757 ], [ 201130.319599999987986, 557672.777899999986403 ], [ 201151.4073, 557679.0958999999566 ], [ 201156.6362, 557664.095500000054017 ], [ 201163.097, 557633.336000000010245 ], [ 201170.57, 557593.427000000025146 ], [ 201175.393000000010943, 557566.841000000014901 ], [ 201183.978, 557518.58129999996163 ], [ 201185.0655, 557512.635 ], [ 201210.358, 557374.339000000036322 ], [ 201216.0703, 557343.7391 ], [ 201216.825000000011642, 557339.696 ], [ 201230.394999999989523, 557271.5908 ], [ 201231.422, 557265.863000000012107 ], [ 201250.3604, 557160.235600000014529 ], [ 201250.8029, 557151.788999999989755 ], [ 201245.9352, 557139.425599999958649 ], [ 201236.0785, 557120.6877 ], [ 201223.492300000012619, 557103.601099999970756 ], [ 201213.216699999989942, 557090.483800000045449 ], [ 201208.279, 557085.788999999989755 ], [ 201207.476, 557085.025499999988824 ], [ 201203.519999999989523, 557082.371000000042841 ], [ 201185.931000000011409, 557059.797999999951571 ], [ 201163.0116, 557030.384100000024773 ], [ 201081.108799999987241, 557083.3859 ], [ 201109.0331, 557128.81339999998454 ], [ 201099.303000000014435, 557134.444000000017695 ], [ 201100.402, 557136.115 ], [ 201086.828, 557145.042999999946915 ], [ 201090.603, 557151.601000000024214 ], [ 201071.402, 557166.302000000025146 ], [ 201060.9778, 557150.851999999955297 ], [ 201050.152299999987008, 557158.228699999977835 ], [ 200982.496000000013737, 557204.331699999980628 ], [ 200931.459, 557240.429 ], [ 200926.6232, 557244.005 ], [ 200933.303000000014435, 557252.832500000018626 ], [ 200936.937, 557257.647 ], [ 200941.456, 557264.851000000024214 ], [ 200914.573, 557282.386999999987893 ], [ 200897.642, 557258.18460000003688 ], [ 200871.87, 557276.70719999994617 ], [ 200855.994100000010803, 557289.840300000039861 ], [ 200783.6895, 557341.8493 ], [ 200773.4021, 557349.083100000047125 ], [ 200769.946, 557344.167999999946915 ], [ 200764.32, 557348.123999999952503 ], [ 200759.424999999988358, 557351.272 ], [ 200759.672, 557351.645000000018626 ], [ 200757.482500000012806, 557353.0845 ], [ 200750.63, 557357.949999999953434 ], [ 200741.115, 557365.069999999948777 ], [ 200739.965999999985797, 557365.865 ], [ 200726.627, 557375.103 ], [ 200725.329, 557376.00199999997858 ], [ 200723.796, 557377.062999999965541 ], [ 200723.35, 557376.432999999960884 ], [ 200721.426, 557377.908000000054017 ], [ 200720.8081, 557377.0233 ], [ 200716.965, 557379.79500000004191 ], [ 200707.454999999987194, 557386.917000000015832 ], [ 200707.828, 557387.609000000054948 ], [ 200699.916999999986729, 557393.400000000023283 ], [ 200694.38, 557397.452000000048429 ], [ 200685.894, 557403.662999999942258 ], [ 200681.161, 557407.050000000046566 ], [ 200670.57, 557414.413999999989755 ], [ 200670.324, 557414.089999999967404 ], [ 200660.372, 557421.596000000019558 ], [ 200660.192000000010012, 557421.47199999995064 ], [ 200657.840999999985797, 557423.238000000012107 ], [ 200658.073, 557423.59499999997206 ], [ 200650.843, 557429.309 ], [ 200637.287000000011176, 557439.540999999968335 ], [ 200611.128999999986263, 557459.310999999986961 ], [ 200613.115, 557461.648999999975786 ], [ 200587.713500000012573, 557480.44019999995362 ], [ 200593.2679, 557495.743800000054762 ], [ 200575.136, 557508.0 ], [ 200510.4742, 557551.707900000037625 ], [ 200530.557, 557581.133000000030734 ], [ 200522.7336, 557586.478400000021793 ], [ 200525.679, 557591.207000000053085 ], [ 200534.625, 557605.569000000017695 ], [ 200514.592, 557617.981000000028871 ], [ 200514.247, 557617.23699999996461 ], [ 200498.763, 557624.2232 ], [ 200498.8608, 557625.282200000016019 ], [ 200497.7715, 557631.3787 ], [ 200491.4401, 557649.934400000027381 ], [ 200479.0098, 557696.59340000001248 ], [ 200513.509, 557705.488999999943189 ], [ 200508.280999999988126, 557723.189999999944121 ], [ 200474.3791, 557713.712300000013784 ], [ 200465.3105, 557745.6335 ], [ 200473.169, 557747.621000000042841 ], [ 200474.972, 557748.077000000048429 ], [ 200477.787000000011176, 557748.956 ], [ 200491.09, 557752.736000000033528 ], [ 200504.393000000010943, 557756.515999999945052 ], [ 200502.073, 557764.716000000014901 ], [ 200514.038, 557768.101999999955297 ], [ 200511.431000000011409, 557777.316 ], [ 200510.950000000011642, 557777.179 ], [ 200503.670000000012806, 557802.900999999954365 ], [ 200493.234, 557799.471000000019558 ], [ 200487.038999999989755, 557797.839000000036322 ], [ 200481.799999999988358, 557818.167000000015832 ], [ 200489.0871, 557820.215300000039861 ], [ 200474.79680000001099, 557873.13890000001993 ], [ 200515.7471, 557884.180599999963306 ], [ 200551.758, 557887.52800000004936 ], [ 200569.93849999998929, 557890.07750000001397 ], [ 200628.024, 557895.984000000054948 ], [ 200649.417500000010477, 557898.21750000002794 ], [ 200689.19, 557902.378999999957159 ], [ 200699.706199999985984, 557903.4793 ], [ 200712.288999999989755, 557909.349999999976717 ], [ 200805.3315, 557954.579000000027008 ], [ 200810.016, 557956.849500000011176 ], [ 200892.964, 557993.233 ], [ 200912.802, 558000.533999999985099 ], [ 200965.0655, 558017.574099999968894 ], [ 201013.424, 558031.912499999976717 ], [ 201019.2795, 558033.67000000004191 ], [ 201025.692099999985658, 558035.594700000016019 ], [ 201035.2921, 558038.476099999970756 ], [ 201043.8255, 558004.536199999973178 ] ] ] ] } },
{ "type": "Feature", "properties": { "buurtcode": "BU00860507", "buurtnaam": "Gorredijk-Miente", "pc6_codes": "8401AA, 8401AB, 8401AD, 8401AE, 8401AG, 8401AH, 8401AK, 8401AM, 8401AN, 8401AP, 8401BB, 8401BH, 8401BJ, 8401DC, 8401HG, 8401HH, 8401HJ, 8401ZA, 8401ZB, 8401ZD", "wijkcode": "WK008605", "gemeentecode": "GM0086", "gemeentenaam": "Opsterland", "oppervlakteLandInHa": 43, "AantalInwoners_5": 410, "Mannen_6": 190, "Vrouwen_7": 220, "HuishoudensTotaal_29": 165, "GemiddeldeHuishoudensgrootte_33": 2.1, "Woningvoorraad_35": 213, "NieuwbouwWoningen_36": 0, "NietWoningvoorraad_37": 13, "NieuwbouwNietWoningen_38": 0, "GemiddeldeWOZWaardeVanWoningen_39": 314, "PercentageEengezinswoning_40": 67, "PercentageTussenwoningEengezins_41": 4, "PercentageHoekwoningEengezins_42": 4, "PercentageTweeOnderEenKapWoningEe_43": 7, "PercentageVrijstaandeWoningEengezins_44": 52, "PercentageMeergezinswoning_45": 33, "Koopwoningen_47": 62, "HuurwoningenTotaal_48": 38, "InBezitWoningcorporatie_49": 36, "InBezitOverigeVerhuurders_50": 3, "BouwjaarMeerDanTienJaarGeleden_51": 100, "BouwjaarAfgelopenTienJaar_52": 0, "GemiddeldeElektriciteitslevering_53": 2540, "GemiddeldeElektriciteitsteruglevering_54": 1370, "GemiddeldAardgasverbruik_55": 840, "AardgasvrijeWoningen_57": 25, "Aardgaswoningen_58": 69, "WoningenMetZonnestroom_59": 59, "WoningenHoofdzElektrVerwarmd_60": 31, "k_20PersonenMetHoogsteInkomen_80": 15.8, "k_20HuishoudensMetHoogsteInkomen_85": 18.7, "MediaanVermogenVanParticuliereHuish_86": 286.8, "PersonenautoSTotaal_104": 200, "PersonenautoSBrandstofBenzine_105": 150, "PersonenautoSOverigeBrandstof_106": 50, "PersonenautoSPerHuishouden_107": 1.2, "Omgevingsadressendichtheid_121": 666, "AantalInstallatiesBijWoningen_5": 92, "OpgesteldVermogenVanZonnepanelen_6": 345, "installaties_per_woning": 0.431924882629108, "vermogen_per_woning": 1.619718309859155, "installaties_per_100_woningen": 43.1924882629108, "vermogen_per_huishouden": 2.0909090909090908, "batterijdruk_score": 808.3, "koop_zon_score": 0.3658, "eengezins_zon_score": 0.3953, "betaalkracht_zon_score": 169.212, "overige_brandstof_zon_score": 29.5, "lichte_batterij_kansscore": 0.41642046274070965 }, "geometry": { "type": "MultiPolygon", "coordinates": [ [ [ [ 200254.7302, 557340.2106 ], [ 200267.344000000011874, 557330.2415 ], [ 200273.0485, 557325.815500000026077 ], [ 200285.076899999985471, 557316.482899999944493 ], [ 200308.7885, 557303.327999999979511 ], [ 200560.3525, 557130.105499999946915 ], [ 200574.9951, 557120.022899999981746 ], [ 200583.7285, 557132.8715 ], [ 200641.309, 557215.216499999980442 ], [ 200674.885100000014063, 557263.23320000001695 ], [ 200687.5123, 557275.9301 ], [ 200702.9524, 557299.103 ], [ 200719.817000000010012, 557287.167000000015832 ], [ 200719.259, 557286.343 ], [ 200731.807, 557277.273000000044703 ], [ 200749.404, 557264.554 ], [ 200769.74299999998766, 557249.851999999955297 ], [ 200767.098, 557246.162999999942258 ], [ 200768.36799999998766, 557245.261999999987893 ], [ 200773.832, 557241.392 ], [ 200768.127, 557231.645999999949709 ], [ 200796.678000000014435, 557213.017 ], [ 200806.839, 557206.033000000054017 ], [ 200828.221, 557191.175999999977648 ], [ 200842.8283, 557211.680700000026263 ], [ 200973.795000000012806, 557118.587000000057742 ], [ 200989.2471, 557107.603400000021793 ], [ 200963.244, 557069.136000000056811 ], [ 201000.875, 557043.832000000053085 ], [ 201005.7694, 557040.432799999951385 ], [ 201005.0048, 557037.23679999995511 ], [ 200967.0025, 556970.314000000013039 ], [ 200968.438, 556969.432000000029802 ], [ 200963.987, 556961.604999999981374 ], [ 200953.115, 556942.488000000012107 ], [ 200952.943999999988591, 556942.187000000034459 ], [ 200927.123499999986961, 556961.09499999997206 ], [ 200901.303000000014435, 556980.003000000026077 ], [ 200865.21, 556927.84699999995064 ], [ 200860.3977, 556920.893000000040047 ], [ 200876.6152, 556909.670099999988452 ], [ 200946.334200000012061, 556862.911899999948218 ], [ 200907.6059, 556802.192099999985658 ], [ 200867.709, 556740.277 ], [ 200836.9552, 556692.550900000031106 ], [ 200764.6393, 556574.965399999986403 ], [ 200599.1935, 556689.3628 ], [ 200362.915, 556853.709999999962747 ], [ 200314.4828, 556788.471600000048056 ], [ 200062.2893, 556964.420599999953993 ], [ 200038.828799999988405, 556930.6128 ], [ 200026.3332, 556939.283999999985099 ], [ 199950.6655, 556991.79280000005383 ], [ 199953.084, 556995.27800000004936 ], [ 199974.4615, 557026.084000000031665 ], [ 199933.1245, 557054.28000000002794 ], [ 199911.962999999988824, 557068.82999999995809 ], [ 199930.5105, 557094.335500000044703 ], [ 199941.593, 557109.822000000043772 ], [ 199954.0, 557127.846000000019558 ], [ 199958.356900000013411, 557134.1753 ], [ 199992.456, 557110.241000000038184 ], [ 200022.43, 557090.089999999967404 ], [ 200030.53, 557101.449999999953434 ], [ 200063.25, 557078.439999999944121 ], [ 200077.106, 557098.712999999988824 ], [ 200088.866, 557115.407 ], [ 200047.51500000001397, 557144.991999999969266 ], [ 200082.144, 557191.841999999945983 ], [ 200046.909000000014203, 557215.723 ], [ 200065.269, 557240.99 ], [ 200122.547, 557202.572999999974854 ], [ 200145.28, 557231.432999999960884 ], [ 200143.971, 557231.90300000004936 ], [ 200142.832, 557231.604000000050291 ], [ 200151.033, 557242.697000000043772 ], [ 200152.3893, 557244.53159999998752 ], [ 200139.794, 557253.263999999966472 ], [ 200177.988000000012107, 557307.822000000043772 ], [ 200217.8841, 557364.853899999987334 ], [ 200254.7302, 557340.2106 ] ] ] ] } },
{ "type": "Feature", "properties": { "buurtcode": "BU00860508", "buurtnaam": "Gorredijk-Buitengebied", "pc6_codes": "8401AL, 8401AR, 8401AW, 8401AX, 8401AZ, 8401BA, 8401BB, 8401BC, 8401BD, 8401BE, 8401BG, 8401BH, 8401BK, 8401BL, 8401DN, 8401NL", "wijkcode": "WK008605", "gemeentecode": "GM0086", "gemeentenaam": "Opsterland", "oppervlakteLandInHa": 964, "AantalInwoners_5": 350, "Mannen_6": 185, "Vrouwen_7": 165, "HuishoudensTotaal_29": 140, "GemiddeldeHuishoudensgrootte_33": 2.4, "Woningvoorraad_35": 143, "NieuwbouwWoningen_36": 1, "NietWoningvoorraad_37": 7, "NieuwbouwNietWoningen_38": 0, "GemiddeldeWOZWaardeVanWoningen_39": 476, "PercentageEengezinswoning_40": 100, "PercentageTussenwoningEengezins_41": 0, "PercentageHoekwoningEengezins_42": 0, "PercentageTweeOnderEenKapWoningEe_43": 4, "PercentageVrijstaandeWoningEengezins_44": 96, "PercentageMeergezinswoning_45": 0, "Koopwoningen_47": 99, "HuurwoningenTotaal_48": 1, "InBezitWoningcorporatie_49": 0, "InBezitOverigeVerhuurders_50": 1, "BouwjaarMeerDanTienJaarGeleden_51": 99, "BouwjaarAfgelopenTienJaar_52": 1, "GemiddeldeElektriciteitslevering_53": 3890, "GemiddeldeElektriciteitsteruglevering_54": 2520, "GemiddeldAardgasverbruik_55": 1250, "AardgasvrijeWoningen_57": 8, "Aardgaswoningen_58": 80, "WoningenMetZonnestroom_59": 58, "WoningenHoofdzElektrVerwarmd_60": 19, "k_20PersonenMetHoogsteInkomen_80": 23.1, "k_20HuishoudensMetHoogsteInkomen_85": 32.2, "MediaanVermogenVanParticuliereHuish_86": 437.0, "PersonenautoSTotaal_104": 205, "PersonenautoSBrandstofBenzine_105": 145, "PersonenautoSOverigeBrandstof_106": 65, "PersonenautoSPerHuishouden_107": 1.4, "Omgevingsadressendichtheid_121": 118, "AantalInstallatiesBijWoningen_5": 52, "OpgesteldVermogenVanZonnepanelen_6": 280, "installaties_per_woning": 0.36363636363636365, "vermogen_per_woning": 1.9580419580419581, "installaties_per_100_woningen": 36.363636363636367, "vermogen_per_huishouden": 2.0, "batterijdruk_score": 1461.6, "koop_zon_score": 0.5742, "eengezins_zon_score": 0.58, "betaalkracht_zon_score": 253.46, "overige_brandstof_zon_score": 37.7, "lichte_batterij_kansscore": 0.587874162890484 }, "geometry": { "type": "MultiPolygon", "coordinates": [ [ [ [ 201551.234, 558688.13 ], [ 201558.59, 558665.843 ], [ 201564.934, 558644.555000000051223 ], [ 201572.327, 558622.194000000017695 ], [ 201579.245, 558601.12699999997858 ], [ 201585.839, 558580.020999999949709 ], [ 201595.821999999985565, 558551.310000000055879 ], [ 201717.481999999989057, 558178.136000000056811 ], [ 201713.075000000011642, 558174.768000000040047 ], [ 201707.078, 558170.716999999945983 ], [ 201703.143000000010943, 558166.555999999982305 ], [ 201698.546, 558161.219000000040978 ], [ 201696.155999999988126, 558156.949000000022352 ], [ 201695.459, 558152.165999999968335 ], [ 201695.461000000010245, 558146.865 ], [ 201696.274, 558141.567000000039116 ], [ 201698.302, 558135.496999999973923 ], [ 201701.655, 558125.707999999984168 ], [ 201704.344000000011874, 558120.263999999966472 ], [ 201706.518000000010943, 558114.782 ], [ 201707.920000000012806, 558108.675999999977648 ], [ 201710.794, 558098.483 ], [ 201712.085, 558095.871000000042841 ], [ 201713.302, 558092.633000000030734 ], [ 201714.665, 558086.966999999945983 ], [ 201720.12, 558070.005 ], [ 201730.073, 558039.615 ], [ 201738.218, 558013.785000000032596 ], [ 201742.589, 558000.0 ], [ 201751.929, 557970.554 ], [ 201764.385, 557935.675000000046566 ], [ 201769.34, 557921.162999999942258 ], [ 201775.658, 557903.185999999986961 ], [ 201778.658, 557894.074999999953434 ], [ 201781.082, 557887.574999999953434 ], [ 201782.969000000011874, 557881.528999999980442 ], [ 201784.827, 557873.90500000002794 ], [ 201787.977000000013504, 557864.169 ], [ 201790.473, 557856.449000000022352 ], [ 201792.029, 557850.39000000001397 ], [ 201794.212, 557844.633999999961816 ], [ 201796.366, 557838.158000000054017 ], [ 201798.480000000010477, 557830.724999999976717 ], [ 201802.846, 557817.005 ], [ 201807.717, 557801.849999999976717 ], [ 201811.885, 557790.821 ], [ 201814.884, 557782.224999999976717 ], [ 201817.739, 557774.964999999967404 ], [ 201819.244, 557770.952999999979511 ], [ 201820.182, 557766.790999999968335 ], [ 201821.24, 557763.589999999967404 ], [ 201822.937, 557759.599000000045635 ], [ 201824.611, 557755.571 ], [ 201825.954999999987194, 557752.076 ], [ 201826.912000000011176, 557748.496000000042841 ], [ 201827.359, 557744.763999999966472 ], [ 201827.337999999988824, 557740.224999999976717 ], [ 201827.171, 557737.488999999943189 ], [ 201827.019, 557736.09499999997206 ], [ 201826.823, 557734.319000000017695 ], [ 201825.859, 557730.148999999975786 ], [ 201824.399, 557727.832999999984168 ], [ 201822.49, 557725.736000000033528 ], [ 201820.526000000012573, 557723.743999999947846 ], [ 201818.946999999985565, 557722.229000000050291 ], [ 201837.87, 557663.942000000039116 ], [ 202206.984, 556487.228 ], [ 202328.663, 556529.008000000030734 ], [ 202481.026000000012573, 556576.077999999979511 ], [ 202539.12400000001071, 556416.194999999948777 ], [ 202624.060999999986961, 556443.172000000020489 ], [ 202624.094000000011874, 556443.184400000027381 ], [ 202626.51500000001397, 556439.015999999945052 ], [ 202627.127, 556437.978 ], [ 202676.165, 556354.942999999970198 ], [ 202685.78, 556339.109000000054948 ], [ 202709.479, 556298.207000000053085 ], [ 202757.371000000013737, 556218.042999999946915 ], [ 202780.405999999988126, 556179.486000000033528 ], [ 202783.275, 556174.76500000001397 ], [ 202784.15, 556173.324999999953434 ], [ 202845.605000000010477, 556072.177000000025146 ], [ 202839.139, 556068.297999999951571 ], [ 202831.157, 556063.696 ], [ 202830.668, 556063.415000000037253 ], [ 202813.717, 556053.226999999955297 ], [ 202811.837999999988824, 556052.099000000045635 ], [ 202796.258, 556042.538999999989755 ], [ 202777.097, 556073.64000000001397 ], [ 202761.12, 556099.755 ], [ 202757.337, 556095.5 ], [ 202747.602000000013504, 556082.228 ], [ 202731.321999999985565, 556057.941 ], [ 202716.052, 556035.466999999945983 ], [ 202706.681000000011409, 556021.87 ], [ 202700.396, 556012.123999999952503 ], [ 202698.663, 556009.435999999986961 ], [ 202690.945, 555998.091000000014901 ], [ 202690.226, 555997.033999999985099 ], [ 202627.633, 555910.145999999949709 ], [ 202647.953, 555875.70499999995809 ], [ 202651.151000000012573, 555870.285000000032596 ], [ 202679.291, 555822.589999999967404 ], [ 202681.803000000014435, 555818.197999999974854 ], [ 202695.836000000010245, 555794.071 ], [ 202699.714, 555787.410999999963678 ], [ 202693.181000000011409, 555782.076 ], [ 202676.984, 555768.206 ], [ 202664.601, 555757.834999999962747 ], [ 202662.261, 555755.875 ], [ 202651.131, 555746.214999999967404 ], [ 202636.795000000012806, 555733.773000000044703 ], [ 202634.073, 555731.402 ], [ 202630.448, 555728.297000000020489 ], [ 202606.723999999987427, 555707.608 ], [ 202580.101, 555684.392 ], [ 202580.056000000011409, 555684.353 ], [ 202579.778, 555684.741000000038184 ], [ 202578.639, 555683.817999999970198 ], [ 202561.185999999986961, 555669.677999999956228 ], [ 202550.779, 555682.559 ], [ 202552.18, 555679.118999999947846 ], [ 202552.477000000013504, 555673.572999999974854 ], [ 202552.272999999986496, 555671.895999999949709 ], [ 202551.986, 555669.540000000037253 ], [ 202550.579, 555665.814000000013039 ], [ 202534.415, 555639.599999999976717 ], [ 202516.893000000010943, 555611.895000000018626 ], [ 202500.15, 555586.224000000045635 ], [ 202498.693, 555584.300000000046566 ], [ 202494.348, 555578.01 ], [ 202492.336000000010245, 555575.25199999997858 ], [ 202483.144999999989523, 555563.787999999942258 ], [ 202460.246000000013737, 555547.03000000002794 ], [ 202433.855000000010477, 555528.26500000001397 ], [ 202431.25099999998929, 555526.412999999942258 ], [ 202429.780999999988126, 555528.63800000003539 ], [ 202423.846, 555524.343 ], [ 202422.035, 555523.033000000054017 ], [ 202413.813, 555517.082999999984168 ], [ 202412.752, 555516.363000000012107 ], [ 202385.994, 555497.12 ], [ 202373.799, 555488.800999999977648 ], [ 202368.972, 555485.508000000030734 ], [ 202365.372, 555483.052000000025146 ], [ 202359.162000000011176, 555480.040000000037253 ], [ 202354.768000000010943, 555477.883000000030734 ], [ 202340.108, 555471.419 ], [ 202329.366, 555467.341000000014901 ], [ 202327.87, 555466.773000000044703 ], [ 202316.909000000014203, 555462.724000000045635 ], [ 202294.48499999998603, 555455.900999999954365 ], [ 202266.345, 555447.169 ], [ 202256.41, 555444.420999999972992 ], [ 202238.043, 555439.341000000014901 ], [ 202231.208000000013271, 555437.449999999953434 ], [ 202228.527, 555436.707999999984168 ], [ 202199.248, 555429.917999999946915 ], [ 202192.88200000001234, 555428.756000000052154 ], [ 202181.87400000001071, 555425.038999999989755 ], [ 202168.027, 555422.077000000048429 ], [ 202155.673, 555418.718 ], [ 202143.965, 555416.011999999987893 ], [ 202135.60999999998603, 555413.591999999945983 ], [ 202131.469000000011874, 555412.478 ], [ 202126.401000000012573, 555410.074000000022352 ], [ 202109.263, 555400.462999999988824 ], [ 202101.432, 555395.32999999995809 ], [ 202088.045000000012806, 555387.158999999985099 ], [ 202080.815, 555384.148000000044703 ], [ 202075.783, 555381.596000000019558 ], [ 202068.586000000010245, 555377.702000000048429 ], [ 202062.302, 555375.191 ], [ 202056.00099999998929, 555372.783999999985099 ], [ 202049.307, 555370.339000000036322 ], [ 202041.848, 555368.508000000030734 ], [ 202035.761999999987893, 555367.660000000032596 ], [ 202030.106, 555367.180000000051223 ], [ 202023.075000000011642, 555368.435000000055879 ], [ 202020.39000000001397, 555369.535999999963678 ], [ 202018.916, 555370.14000000001397 ], [ 202002.019, 555382.692000000039116 ], [ 202000.0, 555384.111000000033528 ], [ 201979.897, 555398.246999999973923 ], [ 201944.206, 555423.79500000004191 ], [ 201903.43, 555379.072000000043772 ], [ 201903.198, 555378.817000000039116 ], [ 201892.881, 555367.442000000039116 ], [ 201861.913999999989755, 555333.300999999977648 ], [ 201838.544, 555349.576 ], [ 201832.327, 555353.905999999959022 ], [ 201822.13200000001234, 555361.006000000052154 ], [ 201819.276000000012573, 555359.839999999967404 ], [ 201816.644999999989523, 555358.050999999977648 ], [ 201813.568999999988591, 555354.579000000027008 ], [ 201806.50700000001234, 555345.736000000033528 ], [ 201797.62, 555335.48499999998603 ], [ 201790.545000000012806, 555326.506000000052154 ], [ 201772.952, 555307.694000000017695 ], [ 201755.139, 555288.508000000030734 ], [ 201740.525, 555273.770999999949709 ], [ 201739.079999999987194, 555272.469000000040978 ], [ 201725.241, 555259.998999999952503 ], [ 201724.787000000011176, 555257.761999999987893 ], [ 201722.932, 555255.61199999996461 ], [ 201715.712999999988824, 555248.187000000034459 ], [ 201701.718, 555235.226999999955297 ], [ 201674.450000000011642, 555208.474999999976717 ], [ 201664.32, 555199.366000000038184 ], [ 201637.827, 555172.581 ], [ 201622.25, 555157.533000000054017 ], [ 201622.111, 555157.398999999975786 ], [ 201614.366, 555149.042000000015832 ], [ 201582.481999999989057, 555117.881999999983236 ], [ 201568.149, 555105.069999999948777 ], [ 201555.295000000012806, 555093.285999999963678 ], [ 201551.625, 555089.922000000020489 ], [ 201521.856, 555060.52800000004936 ], [ 201512.511, 555052.493000000016764 ], [ 201504.714, 555046.033000000054017 ], [ 201503.429, 555044.968 ], [ 201453.855000000010477, 555002.476999999955297 ], [ 201450.965, 555000.0 ], [ 201441.054, 554991.505 ], [ 201401.392, 554959.180000000051223 ], [ 201400.602000000013504, 554958.535999999963678 ], [ 201393.337999999988824, 554952.964999999967404 ], [ 201366.953, 554927.530999999959022 ], [ 201362.568, 554923.625 ], [ 201362.193999999988591, 554923.292000000015832 ], [ 201354.38, 554916.332000000053085 ], [ 201346.437, 554909.13800000003539 ], [ 201338.935999999986961, 554902.34499999997206 ], [ 201319.728, 554883.22199999995064 ], [ 201307.221, 554870.103 ], [ 201303.784000000014203, 554866.419 ], [ 201299.954, 554864.099999999976717 ], [ 201295.821, 554857.751000000047497 ], [ 201289.75, 554848.015999999945052 ], [ 201289.473, 554847.571 ], [ 201289.14000000001397, 554846.946 ], [ 201283.021, 554835.476000000024214 ], [ 201281.51, 554831.444999999948777 ], [ 201279.829, 554826.042999999946915 ], [ 201270.972, 554805.832999999984168 ], [ 201259.272999999986496, 554779.091999999945983 ], [ 201252.587, 554766.932000000029802 ], [ 201248.875, 554761.839000000036322 ], [ 201236.159000000014203, 554746.731000000028871 ], [ 201217.396, 554726.314999999944121 ], [ 201197.146, 554704.287999999942258 ], [ 201181.704999999987194, 554687.093 ], [ 201178.907, 554684.148999999975786 ], [ 201173.396, 554678.351000000024214 ], [ 201162.739, 554666.099000000045635 ], [ 201147.88200000001234, 554651.849999999976717 ], [ 201136.516, 554639.613999999943189 ], [ 201129.519999999989523, 554631.175000000046566 ], [ 201124.336000000010245, 554626.302999999956228 ], [ 201123.562, 554625.27800000004936 ], [ 201119.505, 554619.903999999980442 ], [ 201103.829, 554603.82999999995809 ], [ 201075.995, 554574.520000000018626 ], [ 201063.483, 554561.469000000040978 ], [ 201056.564000000013039, 554554.253000000026077 ], [ 201055.465999999985797, 554553.150999999954365 ], [ 201049.505, 554547.17000000004191 ], [ 200975.684, 554473.087999999988824 ], [ 200951.325000000011642, 554448.62699999997858 ], [ 200934.972, 554432.003000000026077 ], [ 200931.431000000011409, 554428.40300000004936 ], [ 200881.200000000011642, 554378.591000000014901 ], [ 200864.385, 554362.194999999948777 ], [ 200855.386, 554353.979999999981374 ], [ 200849.821999999985565, 554349.540999999968335 ], [ 200837.174, 554340.385 ], [ 200818.337999999988824, 554326.520999999949709 ], [ 200817.541999999986729, 554325.935000000055879 ], [ 200808.122, 554318.307999999960884 ], [ 200806.25, 554316.792000000015832 ], [ 200804.968, 554315.606000000028871 ], [ 200803.11799999998766, 554314.158999999985099 ], [ 200748.019999999989523, 554272.812000000034459 ], [ 200706.465, 554239.827000000048429 ], [ 200699.386999999987893, 554234.209000000031665 ], [ 200698.636999999987893, 554233.613999999943189 ], [ 200671.668, 554270.20499999995809 ], [ 200653.829, 554294.408000000054017 ], [ 200623.704999999987194, 554263.417999999946915 ], [ 200617.16, 554257.493000000016764 ], [ 200598.48499999998603, 554242.25 ], [ 200590.339, 554235.601000000024214 ], [ 200564.703, 554213.706 ], [ 200564.119, 554213.207999999984168 ], [ 200530.384, 554184.398000000044703 ], [ 200494.595, 554155.613000000012107 ], [ 200501.448, 554145.48499999998603 ], [ 200454.033, 554107.922999999951571 ], [ 200451.185999999986961, 554105.667000000015832 ], [ 200449.162000000011176, 554104.314999999944121 ], [ 200389.881, 554063.854000000050291 ], [ 200389.663, 554063.702000000048429 ], [ 200356.924, 554040.881999999983236 ], [ 200309.233, 554008.447000000043772 ], [ 200282.378999999986263, 553990.013999999966472 ], [ 200281.736, 553989.587000000057742 ], [ 200268.715999999985797, 553980.942000000039116 ], [ 200258.858, 553976.025999999954365 ], [ 200219.647, 553956.473 ], [ 200211.313, 553952.282 ], [ 200189.865, 553941.49800000002142 ], [ 200181.458000000013271, 553937.270999999949709 ], [ 200149.077, 553921.087999999988824 ], [ 200136.498, 553914.87699999997858 ], [ 200124.989, 553909.194999999948777 ], [ 200123.2451, 553908.335199999972247 ], [ 200123.24299999998766, 553908.339000000036322 ], [ 199923.785, 554266.224999999976717 ], [ 199917.369, 554269.552999999956228 ], [ 199909.525, 554269.790000000037253 ], [ 199893.168, 554262.011999999987893 ], [ 199075.102000000013504, 555729.425999999977648 ], [ 198994.7262, 555873.488600000040606 ], [ 198961.2966, 555855.429099999950267 ], [ 198451.962999999988824, 556798.20499999995809 ], [ 198472.908, 556808.797000000020489 ], [ 198220.663, 557260.922000000020489 ], [ 198675.051, 557464.167000000015832 ], [ 198828.413, 557584.738999999943189 ], [ 198937.195700000011129, 557870.6971 ], [ 198953.886300000012852, 557929.5492 ], [ 198964.778400000010151, 557930.76859999995213 ], [ 198989.0679, 557927.846400000038557 ], [ 199012.9405, 557922.109599999967031 ], [ 199048.4888, 557916.0599 ], [ 199079.2125, 557912.102500000037253 ], [ 199140.4747, 557907.758599999942817 ], [ 199257.295699999987846, 557899.475300000049174 ], [ 199310.2532, 557895.720300000044517 ], [ 199349.5397, 557889.852399999974295 ], [ 199388.423799999989569, 557880.777800000039861 ], [ 199425.7443, 557868.678399999975227 ], [ 199463.169, 557854.492899999953806 ], [ 199503.0956, 557835.717900000046939 ], [ 199543.473999999987427, 557812.270000000018626 ], [ 199599.475799999985611, 557777.297099999967031 ], [ 199710.7596, 557704.466000000014901 ], [ 199889.0905, 557585.025000000023283 ], [ 199921.972, 557562.966499999980442 ], [ 200085.0081, 557453.723499999963678 ], [ 200217.48430000001099, 557365.1213 ], [ 200217.8841, 557364.853899999987334 ], [ 200177.988000000012107, 557307.822000000043772 ], [ 200139.794, 557253.263999999966472 ], [ 200152.3893, 557244.53159999998752 ], [ 200151.033, 557242.697000000043772 ], [ 200142.832, 557231.604000000050291 ], [ 200143.971, 557231.90300000004936 ], [ 200145.28, 557231.432999999960884 ], [ 200122.547, 557202.572999999974854 ], [ 200065.269, 557240.99 ], [ 200046.909000000014203, 557215.723 ], [ 200082.144, 557191.841999999945983 ], [ 200047.51500000001397, 557144.991999999969266 ], [ 200088.866, 557115.407 ], [ 200077.106, 557098.712999999988824 ], [ 200063.25, 557078.439999999944121 ], [ 200030.53, 557101.449999999953434 ], [ 200022.43, 557090.089999999967404 ], [ 199992.456, 557110.241000000038184 ], [ 199958.356900000013411, 557134.1753 ], [ 199954.0, 557127.846000000019558 ], [ 199941.593, 557109.822000000043772 ], [ 199930.5105, 557094.335500000044703 ], [ 199911.962999999988824, 557068.82999999995809 ], [ 199933.1245, 557054.28000000002794 ], [ 199974.4615, 557026.084000000031665 ], [ 199953.084, 556995.27800000004936 ], [ 199950.6655, 556991.79280000005383 ], [ 200026.3332, 556939.283999999985099 ], [ 200038.828799999988405, 556930.6128 ], [ 200062.2893, 556964.420599999953993 ], [ 200314.4828, 556788.471600000048056 ], [ 200362.915, 556853.709999999962747 ], [ 200599.1935, 556689.3628 ], [ 200764.6393, 556574.965399999986403 ], [ 200836.9552, 556692.550900000031106 ], [ 200867.709, 556740.277 ], [ 200907.6059, 556802.192099999985658 ], [ 200987.051, 556746.587999999988824 ], [ 201028.3561, 556717.678300000028685 ], [ 201072.4705, 556777.821499999961816 ], [ 201076.2667, 556782.99710000003688 ], [ 201071.214, 556786.753000000026077 ], [ 201050.623, 556800.853 ], [ 201065.011, 556824.437000000034459 ], [ 201022.768000000010943, 556853.268000000040047 ], [ 201006.915, 556830.733 ], [ 200976.383, 556851.586000000010245 ], [ 200994.872, 556884.158000000054017 ], [ 200995.174, 556889.650000000023283 ], [ 201000.647, 556899.116000000038184 ], [ 201006.301, 556908.893999999971129 ], [ 201013.1025, 556919.146500000031665 ], [ 201013.579, 556919.865 ], [ 201018.65, 556928.228 ], [ 201025.21, 556939.047000000020489 ], [ 201029.723, 556946.488999999943189 ], [ 201031.25, 556948.871000000042841 ], [ 201032.660299999988638, 556951.06429999996908 ], [ 201040.364, 556945.861000000033528 ], [ 201047.552, 556957.089000000036322 ], [ 201069.5565, 556992.173500000033528 ], [ 201071.87599999998929, 556995.920999999972992 ], [ 201075.9706, 557002.033500000019558 ], [ 201081.377100000012433, 557010.1043 ], [ 201089.336000000010245, 557021.985600000014529 ], [ 201112.8824, 557006.212399999960326 ], [ 201132.517, 556993.758999999961816 ], [ 201143.465, 556986.214999999967404 ], [ 201153.509, 556979.294 ], [ 201163.062, 556972.711000000010245 ], [ 201168.950000000011642, 556968.65500000002794 ], [ 201175.086000000010245, 556964.425999999977648 ], [ 201181.631, 556960.072000000043772 ], [ 201188.348999999987427, 556955.712999999988824 ], [ 201195.389, 556951.145000000018626 ], [ 201204.18, 556945.441 ], [ 201213.177, 556939.603 ], [ 201225.594000000011874, 556931.545999999972992 ], [ 201240.511, 556921.865 ], [ 201243.96, 556928.349999999976717 ], [ 201249.07, 556936.728 ], [ 201251.195, 556939.939999999944121 ], [ 201253.32, 556943.150000000023283 ], [ 201258.168, 556951.337000000057742 ], [ 201332.513, 556924.444999999948777 ], [ 201357.798, 556914.75 ], [ 201377.533, 556907.228 ], [ 201381.075000000011642, 556905.743999999947846 ], [ 201392.059, 556901.140999999945052 ], [ 201394.759, 556899.064999999944121 ], [ 201395.872, 556898.142 ], [ 201398.552, 556896.439000000013039 ], [ 201404.573, 556893.123999999952503 ], [ 201408.979499999986729, 556889.707999999984168 ], [ 201417.829999999987194, 556882.675000000046566 ], [ 201427.033, 556875.464000000036322 ], [ 201436.236, 556868.253000000026077 ], [ 201446.339, 556861.223 ], [ 201469.6355, 556845.012600000016391 ], [ 201489.6225, 556873.7365 ], [ 201436.1318, 556910.9571 ], [ 201382.641200000012759, 556948.177600000053644 ], [ 201296.8111, 556986.7219 ], [ 201271.270599999988917, 556979.694299999973737 ], [ 201254.6693, 556971.069600000046194 ], [ 201163.0116, 557030.384100000024773 ], [ 201185.931000000011409, 557059.797999999951571 ], [ 201203.519999999989523, 557082.371000000042841 ], [ 201207.476, 557085.025499999988824 ], [ 201208.279, 557085.788999999989755 ], [ 201213.216699999989942, 557090.483800000045449 ], [ 201223.492300000012619, 557103.601099999970756 ], [ 201236.0785, 557120.6877 ], [ 201245.9352, 557139.425599999958649 ], [ 201250.8029, 557151.788999999989755 ], [ 201250.3604, 557160.235600000014529 ], [ 201231.422, 557265.863000000012107 ], [ 201230.394999999989523, 557271.5908 ], [ 201216.825000000011642, 557339.696 ], [ 201216.0703, 557343.7391 ], [ 201243.953, 557361.976000000024214 ], [ 201270.7403, 557375.077999999979511 ], [ 201285.184199999988778, 557382.142800000030547 ], [ 201295.5607, 557385.788500000024214 ], [ 201302.8877, 557386.920999999972992 ], [ 201308.844699999986915, 557387.040200000046752 ], [ 201320.5204, 557386.5037 ], [ 201337.4382, 557387.219000000040978 ], [ 201366.8437, 557388.462199999950826 ], [ 201374.0269, 557389.3933 ], [ 201437.4468, 557404.3922 ], [ 201439.524, 557395.609000000054948 ], [ 201520.8658, 557417.162800000049174 ], [ 201772.913999999989755, 557492.163399999961257 ], [ 201742.6004, 557594.035799999954179 ], [ 201739.9001, 557616.267800000030547 ], [ 201813.6567, 557741.3225 ], [ 201794.554200000013225, 557805.867399999988265 ], [ 201681.2622, 558149.558899999945424 ], [ 201681.0797, 558174.566100000054576 ], [ 201641.4919, 558170.7328 ], [ 201578.7352, 558158.13800000003539 ], [ 201528.2014, 558136.598899999982677 ], [ 201486.886, 558122.599500000011176 ], [ 201474.036, 558119.066800000029616 ], [ 201473.6275, 558114.468800000031479 ], [ 201471.925500000012107, 558110.381799999973737 ], [ 201469.6108, 558107.3846 ], [ 201459.6031, 558098.6655 ], [ 201452.590900000010151, 558090.9682 ], [ 201445.6954, 558081.12210000003688 ], [ 201439.3032, 558070.388700000010431 ], [ 201432.8101, 558057.87210000003688 ], [ 201427.4246, 558049.293599999975413 ], [ 201421.84529999998631, 558042.769199999980628 ], [ 201413.5736, 558033.096499999985099 ], [ 201402.808500000013737, 558023.4153 ], [ 201395.6601, 558017.633799999952316 ], [ 201379.269900000013877, 558006.445399999967776 ], [ 201374.474599999986822, 558003.629700000048615 ], [ 201372.65, 558010.89249999995809 ], [ 201278.147, 558393.569000000017695 ], [ 201221.538, 558618.957000000053085 ], [ 201217.9131, 558633.389500000048429 ], [ 201218.386, 558633.491999999969266 ], [ 201233.60999999998603, 558636.773000000044703 ], [ 201243.519, 558637.633999999961816 ], [ 201258.922, 558640.756999999983236 ], [ 201277.017, 558644.743000000016764 ], [ 201276.261999999987893, 558650.559 ], [ 201262.97, 558700.461000000010245 ], [ 201300.613000000012107, 558712.476000000024214 ], [ 201303.562, 558701.582999999984168 ], [ 201409.494, 558731.810999999986961 ], [ 201426.214, 558737.746000000042841 ], [ 201457.22, 558749.892 ], [ 201487.837, 558761.895000000018626 ], [ 201521.638199999986682, 558774.329400000046007 ], [ 201526.62, 558759.871000000042841 ], [ 201535.244, 558735.685999999986961 ], [ 201543.441, 558711.062000000034459 ], [ 201551.234, 558688.13 ] ] ], [ [ [ 200735.2629, 558674.827200000057928 ], [ 200647.207499999989523, 558631.471000000019558 ], [ 200615.9197, 558615.8173 ], [ 200613.6, 558623.51500000001397 ], [ 200587.519999999989523, 558710.060000000055879 ], [ 200577.700000000011642, 558707.51 ], [ 200572.089100000011967, 558727.51500000001397 ], [ 200564.00700000001234, 558725.253999999957159 ], [ 200483.0142, 559014.765999999945052 ], [ 200488.026000000012573, 559016.022800000035204 ], [ 201081.6728, 559164.895999999949709 ], [ 201140.676100000011502, 558927.7402 ], [ 201159.138, 558853.535000000032596 ], [ 201160.6684, 558847.380600000033155 ], [ 201156.066, 558846.235499999951571 ], [ 201098.6775, 558828.855499999946915 ], [ 201051.545000000012806, 558814.76 ], [ 200998.524800000013784, 558797.852199999964796 ], [ 200922.215999999985797, 558767.812200000043958 ], [ 200863.685399999987567, 558738.537800000049174 ], [ 200735.2629, 558674.827200000057928 ] ] ] ] } },
{ "type": "Feature", "properties": { "buurtcode": "BU00860601", "buurtnaam": "Hemrik-Kom", "pc6_codes": "8409JA, 8409JC, 8409JD, 8409JG, 8409JH, 8409JJ, 8409JK, 8409JL, 8409JP, 8409JR, 8409JS, 8409JT, 8409JV, 8409JW", "wijkcode": "WK008606", "gemeentecode": "GM0086", "gemeentenaam": "Opsterland", "oppervlakteLandInHa": 43, "AantalInwoners_5": 470, "Mannen_6": 245, "Vrouwen_7": 230, "HuishoudensTotaal_29": 205, "GemiddeldeHuishoudensgrootte_33": 2.3, "Woningvoorraad_35": 216, "NieuwbouwWoningen_36": 0, "NietWoningvoorraad_37": 7, "NieuwbouwNietWoningen_38": 0, "GemiddeldeWOZWaardeVanWoningen_39": 337, "PercentageEengezinswoning_40": 92, "PercentageTussenwoningEengezins_41": 1, "PercentageHoekwoningEengezins_42": 1, "PercentageTweeOnderEenKapWoningEe_43": 25, "PercentageVrijstaandeWoningEengezins_44": 65, "PercentageMeergezinswoning_45": 8, "Koopwoningen_47": 76, "HuurwoningenTotaal_48": 24, "InBezitWoningcorporatie_49": 13, "InBezitOverigeVerhuurders_50": 11, "BouwjaarMeerDanTienJaarGeleden_51": 95, "BouwjaarAfgelopenTienJaar_52": 5, "GemiddeldeElektriciteitslevering_53": 2870, "GemiddeldeElektriciteitsteruglevering_54": 1180, "GemiddeldAardgasverbruik_55": 910, "AardgasvrijeWoningen_57": 6, "Aardgaswoningen_58": 84, "WoningenMetZonnestroom_59": 44, "WoningenHoofdzElektrVerwarmd_60": 14, "k_20PersonenMetHoogsteInkomen_80": 13.0, "k_20HuishoudensMetHoogsteInkomen_85": 19.6, "MediaanVermogenVanParticuliereHuish_86": 213.8, "PersonenautoSTotaal_104": 305, "PersonenautoSBrandstofBenzine_105": 220, "PersonenautoSOverigeBrandstof_106": 85, "PersonenautoSPerHuishouden_107": 1.5, "Omgevingsadressendichtheid_121": 78, "AantalInstallatiesBijWoningen_5": 71, "OpgesteldVermogenVanZonnepanelen_6": 318, "installaties_per_woning": 0.32870370370370372, "vermogen_per_woning": 1.4722222222222223, "installaties_per_100_woningen": 32.870370370370374, "vermogen_per_huishouden": 1.551219512195122, "batterijdruk_score": 519.2, "koop_zon_score": 0.3344, "eengezins_zon_score": 0.4048, "betaalkracht_zon_score": 94.072, "overige_brandstof_zon_score": 37.4, "lichte_batterij_kansscore": 0.45955461349903348 }, "geometry": { "type": "MultiPolygon", "coordinates": [ [ [ [ 206339.287000000011176, 561387.115 ], [ 206339.439000000013039, 561382.702999999979511 ], [ 206337.354, 561377.78000000002794 ], [ 206333.94, 561373.52800000004936 ], [ 206330.8905, 561371.74 ], [ 206326.641, 561354.018000000040047 ], [ 206315.7802, 561356.6252 ], [ 206294.1519, 561358.929800000041723 ], [ 206278.366, 561358.423900000052527 ], [ 206255.7849, 561353.460300000035204 ], [ 206250.415, 561351.669 ], [ 206231.8981, 561344.552000000025146 ], [ 206254.217, 561304.711000000010245 ], [ 206210.291999999986729, 561284.228 ], [ 206195.109, 561317.59699999995064 ], [ 206173.416999999986729, 561308.371999999973923 ], [ 206175.926, 561303.848 ], [ 206208.1147, 561245.750099999946542 ], [ 206156.5325, 561220.983499999972992 ], [ 206147.5104, 561237.183899999945424 ], [ 206099.335, 561212.131999999983236 ], [ 206105.919400000013411, 561201.340699999942444 ], [ 206077.030999999988126, 561183.51 ], [ 206047.3271, 561165.175900000031106 ], [ 206035.690299999987474, 561158.10820000001695 ], [ 206016.693, 561189.322000000043772 ], [ 205970.727000000013504, 561196.959999999962747 ], [ 205966.02359999998589, 561192.389199999975972 ], [ 205959.791, 561188.513999999966472 ], [ 205956.446999999985565, 561186.52800000004936 ], [ 205964.73499999998603, 561172.327999999979511 ], [ 205940.182, 561158.449999999953434 ], [ 205915.37, 561199.557999999960884 ], [ 205912.681000000011409, 561207.01500000001397 ], [ 205906.198, 561204.23699999996461 ], [ 205901.784000000014203, 561201.802000000025146 ], [ 205897.849599999986822, 561199.378999999957159 ], [ 205891.432999999989988, 561194.952000000048429 ], [ 205880.473999999987427, 561190.537999999942258 ], [ 205837.531500000011874, 561174.369599999976344 ], [ 205827.170000000012806, 561171.385 ], [ 205729.747, 561138.27800000004936 ], [ 205706.106, 561130.652 ], [ 205687.383, 561124.1065 ], [ 205670.964, 561117.702000000048429 ], [ 205666.4735, 561115.723499999963678 ], [ 205649.219000000011874, 561108.246000000042841 ], [ 205689.9505, 561037.927999999956228 ], [ 205681.487, 561033.37300000002142 ], [ 205632.799999999988358, 561004.052000000025146 ], [ 205606.9755, 561043.471400000038557 ], [ 205592.2205, 561061.735699999961071 ], [ 205589.467, 561061.471000000019558 ], [ 205582.546, 561049.927999999956228 ], [ 205579.807, 561046.275000000023283 ], [ 205577.067000000010012, 561042.46999999997206 ], [ 205573.566, 561037.599000000045635 ], [ 205569.957, 561032.317999999970198 ], [ 205564.934, 561025.468 ], [ 205562.49900000001071, 561021.511000000056811 ], [ 205550.6255, 561004.614500000025146 ], [ 205544.299999999988358, 560995.677000000025146 ], [ 205531.43, 560977.131000000052154 ], [ 205526.8145, 560970.563500000047497 ], [ 205513.335, 560951.368999999947846 ], [ 205508.563, 560944.282 ], [ 205492.4707, 560921.456699999980628 ], [ 205497.915100000012899, 560917.5492 ], [ 205501.1227, 560914.281399999978021 ], [ 205504.0387, 560909.402899999986403 ], [ 205507.207, 560894.17000000004191 ], [ 205509.681000000011409, 560887.21999999997206 ], [ 205523.597, 560862.525000000023283 ], [ 205541.782, 560831.84699999995064 ], [ 205555.365, 560810.211000000010245 ], [ 205568.1311, 560787.004100000020117 ], [ 205571.9073, 560779.54949999996461 ], [ 205572.2281, 560772.743099999963306 ], [ 205570.795099999988452, 560765.936699999962002 ], [ 205566.5961, 560759.901399999973364 ], [ 205567.359, 560757.354000000050291 ], [ 205587.398500000010245, 560723.523999999975786 ], [ 205597.965, 560705.79500000004191 ], [ 205608.946, 560687.194499999983236 ], [ 205629.1925, 560653.155999999959022 ], [ 205638.458000000013271, 560637.718 ], [ 205651.272, 560617.220300000044517 ], [ 205644.856999999989057, 560610.966000000014901 ], [ 205625.432, 560599.599000000045635 ], [ 205607.740500000014435, 560590.128999999957159 ], [ 205584.027, 560577.287499999976717 ], [ 205571.025, 560570.008000000030734 ], [ 205561.74, 560585.75 ], [ 205460.428000000014435, 560533.604999999981374 ], [ 205453.13200000001234, 560545.427999999956228 ], [ 205434.366, 560577.699999999953434 ], [ 205417.564000000013039, 560571.270000000018626 ], [ 205404.817000000010012, 560566.437000000034459 ], [ 205386.989, 560559.677000000025146 ], [ 205357.701, 560548.571 ], [ 205350.116, 560545.694999999948777 ], [ 205346.046, 560544.152 ], [ 205344.077, 560543.40500000002794 ], [ 205340.628999999986263, 560542.098 ], [ 205338.254599999985658, 560546.013999999966472 ], [ 205319.666999999986729, 560576.991999999969266 ], [ 205293.517, 560621.040000000037253 ], [ 205265.8345, 560667.586499999975786 ], [ 205250.033, 560694.417000000015832 ], [ 205220.884, 560743.912000000011176 ], [ 205207.678000000014435, 560767.006999999983236 ], [ 205205.5515, 560770.919499999959953 ], [ 205203.424999999988358, 560774.832000000053085 ], [ 205192.165, 560775.506000000052154 ], [ 205192.25, 560778.564999999944121 ], [ 205173.209, 560780.427000000025146 ], [ 205148.659000000014203, 560782.88800000003539 ], [ 205141.4, 560783.631999999983236 ], [ 205114.03, 560785.78000000002794 ], [ 205052.345, 560790.420999999972992 ], [ 205011.184, 560792.724000000045635 ], [ 205008.24, 560797.939999999944121 ], [ 204999.85, 560798.74 ], [ 204984.445, 560799.231000000028871 ], [ 204980.737, 560799.349000000045635 ], [ 204980.4, 560799.35999999998603 ], [ 204981.049999999988358, 560794.28000000002794 ], [ 204966.441, 560792.148999999975786 ], [ 204960.799999999988358, 560791.626000000047497 ], [ 204953.337, 560791.788999999989755 ], [ 204942.139, 560792.305999999982305 ], [ 204930.671, 560792.821 ], [ 204928.394999999989523, 560792.939999999944121 ], [ 204918.708000000013271, 560792.743000000016764 ], [ 204874.157, 560794.160999999963678 ], [ 204833.47, 560795.645000000018626 ], [ 204827.199, 560796.069999999948777 ], [ 204815.189000000013039, 560796.307999999960884 ], [ 204801.489899999985937, 560796.679899999988265 ], [ 204800.741, 560822.163999999989755 ], [ 204798.305, 560827.300200000056066 ], [ 204771.2255, 560873.01879999996163 ], [ 204736.0498, 560932.951299999956973 ], [ 204705.741199999989476, 560983.960500000044703 ], [ 204695.687100000010105, 561000.956600000034086 ], [ 204656.815299999987474, 561066.062000000034459 ], [ 204636.7249, 561100.22019999998156 ], [ 204617.4878, 561132.429400000022724 ], [ 204615.678699999989476, 561135.821 ], [ 204615.021700000012061, 561137.15480000001844 ], [ 204698.64000000001397, 561182.819000000017695 ], [ 204721.479, 561145.327000000048429 ], [ 204792.381, 561025.087000000057742 ], [ 204858.516, 561061.11199999996461 ], [ 204801.778, 561155.834000000031665 ], [ 204870.37599999998929, 561197.51300000003539 ], [ 204875.565, 561190.996000000042841 ], [ 204954.214, 561060.572000000043772 ], [ 205020.413999999989755, 561099.843 ], [ 205022.375, 561096.439999999944121 ], [ 205034.318999999988591, 561103.275000000023283 ], [ 205098.266, 561140.125 ], [ 205083.098999999987427, 561165.145999999949709 ], [ 205126.826, 561190.517 ], [ 205147.582, 561155.871000000042841 ], [ 205149.3608, 561157.118000000016764 ], [ 205149.767, 561156.422999999951571 ], [ 205263.146, 560964.17249999998603 ], [ 205266.328, 560959.346000000019558 ], [ 205294.481, 560972.447999999974854 ], [ 205301.625, 560959.74800000002142 ], [ 205329.722, 560975.108 ], [ 205308.3607, 561011.34499999997206 ], [ 205309.614, 561012.018999999971129 ], [ 205355.043, 561040.976999999955297 ], [ 205354.779, 561041.435000000055879 ], [ 205359.627, 561044.231000000028871 ], [ 205387.01, 561060.537999999942258 ], [ 205370.19, 561088.98699999996461 ], [ 205346.247, 561128.638999999966472 ], [ 205352.162000000011176, 561131.01300000003539 ], [ 205375.176, 561144.971000000019558 ], [ 205388.113000000012107, 561155.552000000025146 ], [ 205378.151000000012573, 561172.748999999952503 ], [ 205382.489, 561175.136000000056811 ], [ 205387.619, 561172.868000000016764 ], [ 205395.384499999985565, 561171.3395 ], [ 205398.215, 561171.211000000010245 ], [ 205405.891, 561173.15949999995064 ], [ 205408.623, 561174.040000000037253 ], [ 205415.195, 561177.410999999963678 ], [ 205419.111, 561181.90300000004936 ], [ 205422.141, 561186.48699999996461 ], [ 205423.348, 561191.209999999962747 ], [ 205423.354, 561195.14000000001397 ], [ 205427.9858, 561197.6949 ], [ 205468.2155, 561130.552000000025146 ], [ 205471.995, 561131.255 ], [ 205479.215, 561134.935999999986961 ], [ 205488.292500000010477, 561141.64000000001397 ], [ 205492.8313, 561144.991999999969266 ], [ 205500.781500000011874, 561152.830500000040047 ], [ 205507.7415, 561158.958800000022165 ], [ 205512.4615, 561161.912499999976717 ], [ 205516.1325, 561163.468499999959022 ], [ 205521.708000000013271, 561165.511500000022352 ], [ 205526.962999999988824, 561167.837000000057742 ], [ 205531.603, 561171.365 ], [ 205536.174999999988358, 561175.788999999989755 ], [ 205538.359, 561176.951 ], [ 205540.212999999988824, 561177.937400000053458 ], [ 205523.048, 561209.7204 ], [ 205619.115, 561269.119599999976344 ], [ 205652.2002, 561289.912800000049174 ], [ 205728.0325, 561160.674899999983609 ], [ 205742.6495, 561165.841999999945983 ], [ 205784.313, 561180.569999999948777 ], [ 205812.635, 561189.783999999985099 ], [ 205844.715, 561201.133999999961816 ], [ 205848.5535, 561202.724000000045635 ], [ 205864.354, 561209.508000000030734 ], [ 205882.192000000010012, 561217.10999999998603 ], [ 205894.06349999998929, 561221.052000000025146 ], [ 205905.935, 561224.993999999947846 ], [ 205918.218, 561229.709000000031665 ], [ 205927.672, 561233.337999999988824 ], [ 205903.602000000013504, 561275.351000000024214 ], [ 205992.079999999987194, 561309.054 ], [ 205993.9269, 561310.764500000048429 ], [ 206031.827, 561325.42449999996461 ], [ 205995.968, 561385.356999999959953 ], [ 206042.358, 561412.393000000040047 ], [ 206077.736, 561352.544299999950454 ], [ 206085.38389999998617, 561340.036300000036135 ], [ 206086.420000000012806, 561340.564999999944121 ], [ 206115.824, 561355.571 ], [ 206145.324, 561370.26500000001397 ], [ 206146.502100000012433, 561370.818899999954738 ], [ 206134.9552, 561393.773500000010245 ], [ 206138.975100000010571, 561395.755499999970198 ], [ 206192.975100000010571, 561419.790400000056252 ], [ 206203.940200000011828, 561398.9081 ], [ 206205.555, 561398.133999999961816 ], [ 206210.5768, 561389.0808 ], [ 206306.8203, 561442.517800000030547 ], [ 206339.287000000011176, 561387.115 ] ] ] ] } },
{ "type": "Feature", "properties": { "buurtcode": "BU00860602", "buurtnaam": "Hemrik-Buitengebied", "pc6_codes": "8409CH, 8409CJ, 8409CK, 8409CL, 8409CM, 8409CN, 8409CP, 8409CR, 8409CS, 8409CT, 8409CV, 8409CW, 8409JE, 8409JG, 8409JK, 8409JM, 8409JN, 8409JW", "wijkcode": "WK008606", "gemeentecode": "GM0086", "gemeentenaam": "Opsterland", "oppervlakteLandInHa": 1041, "AantalInwoners_5": 275, "Mannen_6": 140, "Vrouwen_7": 135, "HuishoudensTotaal_29": 120, "GemiddeldeHuishoudensgrootte_33": 2.3, "Woningvoorraad_35": 115, "NieuwbouwWoningen_36": 2, "NietWoningvoorraad_37": 12, "NieuwbouwNietWoningen_38": 0, "GemiddeldeWOZWaardeVanWoningen_39": 438, "PercentageEengezinswoning_40": 100, "PercentageTussenwoningEengezins_41": 1, "PercentageHoekwoningEengezins_42": 2, "PercentageTweeOnderEenKapWoningEe_43": 3, "PercentageVrijstaandeWoningEengezins_44": 94, "PercentageMeergezinswoning_45": 0, "Koopwoningen_47": 89, "HuurwoningenTotaal_48": 11, "InBezitWoningcorporatie_49": 6, "InBezitOverigeVerhuurders_50": 5, "BouwjaarMeerDanTienJaarGeleden_51": 99, "BouwjaarAfgelopenTienJaar_52": 1, "GemiddeldeElektriciteitslevering_53": 3420, "GemiddeldeElektriciteitsteruglevering_54": 1580, "GemiddeldAardgasverbruik_55": 1210, "AardgasvrijeWoningen_57": 3, "Aardgaswoningen_58": 85, "WoningenMetZonnestroom_59": 50, "WoningenHoofdzElektrVerwarmd_60": 12, "k_20PersonenMetHoogsteInkomen_80": 20.3, "k_20HuishoudensMetHoogsteInkomen_85": 27.1, "MediaanVermogenVanParticuliereHuish_86": 383.9, "PersonenautoSTotaal_104": 175, "PersonenautoSBrandstofBenzine_105": 120, "PersonenautoSOverigeBrandstof_106": 55, "PersonenautoSPerHuishouden_107": 1.5, "Omgevingsadressendichtheid_121": 47, "AantalInstallatiesBijWoningen_5": 38, "OpgesteldVermogenVanZonnepanelen_6": 179, "installaties_per_woning": 0.33043478260869563, "vermogen_per_woning": 1.5565217391304347, "installaties_per_100_woningen": 33.043478260869563, "vermogen_per_huishouden": 1.4916666666666667, "batterijdruk_score": 790.0, "koop_zon_score": 0.445, "eengezins_zon_score": 0.5, "betaalkracht_zon_score": 191.95, "overige_brandstof_zon_score": 27.5, "lichte_batterij_kansscore": 0.52456929112156292 }, "geometry": { "type": "MultiPolygon", "coordinates": [ [ [ [ 205368.081100000010338, 563375.199099999968894 ], [ 205321.949, 563236.738099999958649 ], [ 205396.3871, 563209.4891 ], [ 206394.783, 561591.410000000032596 ], [ 206456.222199999989243, 561631.4401 ], [ 206481.62599999998929, 561592.451 ], [ 206481.7501, 561592.5281 ], [ 206531.6771, 561514.034899999969639 ], [ 206435.122200000012526, 561456.225100000039674 ], [ 206765.339100000011967, 560929.838100000051782 ], [ 206695.551100000011502, 560885.125099999946542 ], [ 206786.5801, 560721.341099999961443 ], [ 206844.2421, 560605.95609999995213 ], [ 206969.971, 560565.647 ], [ 207615.209200000012061, 559505.125600000028498 ], [ 207615.2112, 559505.122199999983422 ], [ 207590.89000000001397, 559502.503000000026077 ], [ 207575.335, 559498.905999999959022 ], [ 207557.704, 559491.743000000016764 ], [ 207544.07, 559486.564000000013039 ], [ 207535.831, 559483.074000000022352 ], [ 207529.979, 559481.00199999997858 ], [ 207476.528, 559460.319000000017695 ], [ 207471.519999999989523, 559458.224000000045635 ], [ 207470.044, 559457.606999999959953 ], [ 207446.804, 559448.148999999975786 ], [ 207407.231999999989057, 559432.258999999961816 ], [ 207402.472, 559430.246999999973923 ], [ 207382.702, 559421.892 ], [ 207361.557, 559412.95499999995809 ], [ 207360.359, 559412.471000000019558 ], [ 207336.151000000012573, 559402.691 ], [ 207327.733, 559399.290999999968335 ], [ 207298.429, 559387.258000000030734 ], [ 207269.054, 559374.667000000015832 ], [ 207226.855000000010477, 559355.645000000018626 ], [ 207211.477000000013504, 559348.635 ], [ 207178.450000000011642, 559333.577999999979511 ], [ 207172.945, 559331.116000000038184 ], [ 207160.085, 559325.363999999943189 ], [ 207120.505, 559308.898000000044703 ], [ 207086.987, 559296.172999999951571 ], [ 207082.649, 559294.525000000023283 ], [ 207077.221, 559292.464000000036322 ], [ 207045.897, 559280.459000000031665 ], [ 207035.209, 559276.26 ], [ 207006.708000000013271, 559265.062000000034459 ], [ 206982.115, 559256.579000000027008 ], [ 206975.418, 559254.268999999971129 ], [ 206946.044, 559242.839999999967404 ], [ 206886.644999999989523, 559219.687000000034459 ], [ 206876.185999999986961, 559215.929 ], [ 206862.560999999986961, 559211.033999999985099 ], [ 206861.519999999989523, 559210.648000000044703 ], [ 206823.854, 559196.675999999977648 ], [ 206771.1, 559178.62699999997858 ], [ 206769.193, 559177.98699999996461 ], [ 206761.708000000013271, 559175.474999999976717 ], [ 206760.096, 559175.368000000016764 ], [ 206744.35999999998603, 559174.321 ], [ 206703.060999999986961, 559170.395999999949709 ], [ 206690.450000000011642, 559169.197000000043772 ], [ 206650.948, 559164.912999999942258 ], [ 206647.457, 559164.515999999945052 ], [ 206632.397, 559162.800999999977648 ], [ 206581.312, 559157.604999999981374 ], [ 206566.149, 559155.988999999943189 ], [ 206539.980000000010477, 559153.121000000042841 ], [ 206529.428000000014435, 559152.01500000001397 ], [ 206517.678000000014435, 559151.594000000040978 ], [ 206483.358, 559148.733 ], [ 206453.836000000010245, 559145.341000000014901 ], [ 206433.139, 559143.185000000055879 ], [ 206432.457, 559143.113999999943189 ], [ 206419.335, 559141.746999999973923 ], [ 206404.431000000011409, 559140.194000000017695 ], [ 206388.619, 559138.316 ], [ 206365.445, 559135.562999999965541 ], [ 206337.318999999988591, 559132.532 ], [ 206316.983, 559130.469000000040978 ], [ 206293.264, 559127.613999999943189 ], [ 206290.503, 559127.282 ], [ 206289.316, 559127.059 ], [ 206287.454, 559126.709999999962747 ], [ 206279.543, 559125.226999999955297 ], [ 206267.885, 559120.049 ], [ 206240.804, 559108.633999999961816 ], [ 206213.665, 559096.309 ], [ 206190.356, 559086.40500000002794 ], [ 206178.162000000011176, 559081.224000000045635 ], [ 206143.88, 559066.434 ], [ 206096.31, 559044.653999999980442 ], [ 206093.755, 559043.484000000054948 ], [ 206092.506, 559042.912000000011176 ], [ 206092.715, 559042.341000000014901 ], [ 206089.99900000001071, 559041.032 ], [ 206088.188, 559040.160000000032596 ], [ 206083.662000000011176, 559037.978 ], [ 206070.59, 559031.675999999977648 ], [ 205997.594000000011874, 558996.486000000033528 ], [ 205942.74900000001071, 558970.047000000020489 ], [ 205923.432, 558960.73499999998603 ], [ 205918.633, 558958.420999999972992 ], [ 205914.797, 558956.572000000043772 ], [ 205914.057999999989988, 558956.236000000033528 ], [ 205904.096, 558951.712999999988824 ], [ 205892.207, 558946.251000000047497 ], [ 205891.976, 558946.145000000018626 ], [ 205878.799999999988358, 558940.091999999945983 ], [ 205854.38, 558928.903999999980442 ], [ 205832.518000000010943, 558918.574999999953434 ], [ 205826.622, 558915.856000000028871 ], [ 205816.214, 558911.055000000051223 ], [ 205784.011, 558896.851999999955297 ], [ 205781.122, 558895.337999999988824 ], [ 205779.801, 558893.851999999955297 ], [ 205775.363000000012107, 558891.90300000004936 ], [ 205769.806000000011409, 558889.462999999988824 ], [ 205767.848, 558888.601999999955297 ], [ 205762.435999999986961, 558885.827999999979511 ], [ 205755.855000000010477, 558882.623999999952503 ], [ 205746.866, 558879.179 ], [ 205709.977000000013504, 558861.468 ], [ 205707.467, 558867.464000000036322 ], [ 205693.66, 558861.662999999942258 ], [ 205655.202, 558845.503999999957159 ], [ 205636.163999999989755, 558837.682000000029802 ], [ 205580.253999999986263, 558814.714000000036322 ], [ 205579.659000000014203, 558814.46999999997206 ], [ 205548.159000000014203, 558801.792999999946915 ], [ 205524.962, 558793.841999999945983 ], [ 205515.791999999986729, 558790.471000000019558 ], [ 205512.35999999998603, 558789.65300000004936 ], [ 205511.511999999987893, 558789.40500000002794 ], [ 205505.019999999989523, 558787.511000000056811 ], [ 205499.405, 558785.71999999997206 ], [ 205483.032, 558780.498999999952503 ], [ 205446.073, 558769.424 ], [ 205440.065, 558767.63800000003539 ], [ 204632.835, 560014.356999999959953 ], [ 204586.625, 559986.800999999977648 ], [ 204035.666999999986729, 560820.131999999983236 ], [ 204080.340999999985797, 560830.175000000046566 ], [ 204047.25700000001234, 560887.716000000014901 ], [ 204006.125, 560864.817000000039116 ], [ 202899.81, 562538.133999999961816 ], [ 203099.134, 562567.422000000020489 ], [ 203287.878999999986263, 562701.660000000032596 ], [ 203428.818, 562767.066 ], [ 203608.613000000012107, 562821.574000000022352 ], [ 203659.102000000013504, 562811.255 ], [ 203732.622, 562825.679 ], [ 203811.909000000014203, 562889.14000000001397 ], [ 203871.013, 562906.447999999974854 ], [ 203917.142, 562903.562999999965541 ], [ 203935.884, 562967.025999999954365 ], [ 203954.62400000001071, 562977.121000000042841 ], [ 204046.883, 562949.718 ], [ 204097.339, 562978.562999999965541 ], [ 204124.728, 563036.256000000052154 ], [ 204189.598, 563031.930000000051223 ], [ 204204.014, 563018.947999999974854 ], [ 204229.962999999988824, 563029.044 ], [ 204250.144, 563096.834000000031665 ], [ 204333.755, 563119.910000000032596 ], [ 204457.730000000010477, 563212.218 ], [ 204482.046, 563211.868000000016764 ], [ 204574.498, 563222.314999999944121 ], [ 204571.614, 563256.930999999982305 ], [ 204623.51, 563256.930999999982305 ], [ 204666.75700000001234, 563248.277 ], [ 204672.522999999986496, 563298.758000000030734 ], [ 204695.589, 563288.660999999963678 ], [ 204718.653, 563303.084000000031665 ], [ 204744.602000000013504, 563290.104000000050291 ], [ 204761.899, 563331.930999999982305 ], [ 204784.965, 563340.584999999962747 ], [ 204799.381, 563320.392 ], [ 204806.587999999988824, 563326.162999999942258 ], [ 204821.003999999986263, 563363.662000000011176 ], [ 204852.72, 563380.96999999997206 ], [ 204870.017, 563382.412000000011176 ], [ 204888.759, 563370.87300000002142 ], [ 204937.772, 563453.087000000057742 ], [ 204937.772, 563502.125 ], [ 204949.305, 563556.932000000029802 ], [ 204955.068999999988591, 563608.856000000028871 ], [ 204986.785, 563663.662999999942258 ], [ 204975.252, 563709.819000000017695 ], [ 204975.252, 563738.663999999989755 ], [ 204979.913, 563753.584000000031665 ], [ 205144.0911, 563751.550000000046566 ], [ 205368.081100000010338, 563375.199099999968894 ] ], [ [ 206205.555, 561398.133999999961816 ], [ 206203.940200000011828, 561398.9081 ], [ 206192.975100000010571, 561419.790400000056252 ], [ 206138.975100000010571, 561395.755499999970198 ], [ 206134.9552, 561393.773500000010245 ], [ 206146.502100000012433, 561370.818899999954738 ], [ 206145.324, 561370.26500000001397 ], [ 206115.824, 561355.571 ], [ 206086.420000000012806, 561340.564999999944121 ], [ 206085.38389999998617, 561340.036300000036135 ], [ 206077.736, 561352.544299999950454 ], [ 206042.358, 561412.393000000040047 ], [ 205995.968, 561385.356999999959953 ], [ 206031.827, 561325.42449999996461 ], [ 205993.9269, 561310.764500000048429 ], [ 205992.079999999987194, 561309.054 ], [ 205903.602000000013504, 561275.351000000024214 ], [ 205927.672, 561233.337999999988824 ], [ 205918.218, 561229.709000000031665 ], [ 205905.935, 561224.993999999947846 ], [ 205894.06349999998929, 561221.052000000025146 ], [ 205882.192000000010012, 561217.10999999998603 ], [ 205864.354, 561209.508000000030734 ], [ 205848.5535, 561202.724000000045635 ], [ 205844.715, 561201.133999999961816 ], [ 205812.635, 561189.783999999985099 ], [ 205784.313, 561180.569999999948777 ], [ 205742.6495, 561165.841999999945983 ], [ 205728.0325, 561160.674899999983609 ], [ 205652.2002, 561289.912800000049174 ], [ 205619.115, 561269.119599999976344 ], [ 205523.048, 561209.7204 ], [ 205540.212999999988824, 561177.937400000053458 ], [ 205538.359, 561176.951 ], [ 205536.174999999988358, 561175.788999999989755 ], [ 205531.603, 561171.365 ], [ 205526.962999999988824, 561167.837000000057742 ], [ 205521.708000000013271, 561165.511500000022352 ], [ 205516.1325, 561163.468499999959022 ], [ 205512.4615, 561161.912499999976717 ], [ 205507.7415, 561158.958800000022165 ], [ 205500.781500000011874, 561152.830500000040047 ], [ 205492.8313, 561144.991999999969266 ], [ 205488.292500000010477, 561141.64000000001397 ], [ 205479.215, 561134.935999999986961 ], [ 205471.995, 561131.255 ], [ 205468.2155, 561130.552000000025146 ], [ 205427.9858, 561197.6949 ], [ 205423.354, 561195.14000000001397 ], [ 205423.348, 561191.209999999962747 ], [ 205422.141, 561186.48699999996461 ], [ 205419.111, 561181.90300000004936 ], [ 205415.195, 561177.410999999963678 ], [ 205408.623, 561174.040000000037253 ], [ 205405.891, 561173.15949999995064 ], [ 205398.215, 561171.211000000010245 ], [ 205395.384499999985565, 561171.3395 ], [ 205387.619, 561172.868000000016764 ], [ 205382.489, 561175.136000000056811 ], [ 205378.151000000012573, 561172.748999999952503 ], [ 205388.113000000012107, 561155.552000000025146 ], [ 205375.176, 561144.971000000019558 ], [ 205352.162000000011176, 561131.01300000003539 ], [ 205346.247, 561128.638999999966472 ], [ 205370.19, 561088.98699999996461 ], [ 205387.01, 561060.537999999942258 ], [ 205359.627, 561044.231000000028871 ], [ 205354.779, 561041.435000000055879 ], [ 205355.043, 561040.976999999955297 ], [ 205309.614, 561012.018999999971129 ], [ 205308.3607, 561011.34499999997206 ], [ 205329.722, 560975.108 ], [ 205301.625, 560959.74800000002142 ], [ 205294.481, 560972.447999999974854 ], [ 205266.328, 560959.346000000019558 ], [ 205263.146, 560964.17249999998603 ], [ 205149.767, 561156.422999999951571 ], [ 205149.3608, 561157.118000000016764 ], [ 205147.582, 561155.871000000042841 ], [ 205126.826, 561190.517 ], [ 205083.098999999987427, 561165.145999999949709 ], [ 205098.266, 561140.125 ], [ 205034.318999999988591, 561103.275000000023283 ], [ 205022.375, 561096.439999999944121 ], [ 205020.413999999989755, 561099.843 ], [ 204954.214, 561060.572000000043772 ], [ 204875.565, 561190.996000000042841 ], [ 204870.37599999998929, 561197.51300000003539 ], [ 204801.778, 561155.834000000031665 ], [ 204858.516, 561061.11199999996461 ], [ 204792.381, 561025.087000000057742 ], [ 204721.479, 561145.327000000048429 ], [ 204698.64000000001397, 561182.819000000017695 ], [ 204615.021700000012061, 561137.15480000001844 ], [ 204615.678699999989476, 561135.821 ], [ 204617.4878, 561132.429400000022724 ], [ 204636.7249, 561100.22019999998156 ], [ 204656.815299999987474, 561066.062000000034459 ], [ 204695.687100000010105, 561000.956600000034086 ], [ 204705.741199999989476, 560983.960500000044703 ], [ 204736.0498, 560932.951299999956973 ], [ 204771.2255, 560873.01879999996163 ], [ 204798.305, 560827.300200000056066 ], [ 204800.741, 560822.163999999989755 ], [ 204801.489899999985937, 560796.679899999988265 ], [ 204815.189000000013039, 560796.307999999960884 ], [ 204827.199, 560796.069999999948777 ], [ 204833.47, 560795.645000000018626 ], [ 204874.157, 560794.160999999963678 ], [ 204918.708000000013271, 560792.743000000016764 ], [ 204928.394999999989523, 560792.939999999944121 ], [ 204930.671, 560792.821 ], [ 204942.139, 560792.305999999982305 ], [ 204953.337, 560791.788999999989755 ], [ 204960.799999999988358, 560791.626000000047497 ], [ 204966.441, 560792.148999999975786 ], [ 204981.049999999988358, 560794.28000000002794 ], [ 204980.4, 560799.35999999998603 ], [ 204980.737, 560799.349000000045635 ], [ 204984.445, 560799.231000000028871 ], [ 204999.85, 560798.74 ], [ 205008.24, 560797.939999999944121 ], [ 205011.184, 560792.724000000045635 ], [ 205052.345, 560790.420999999972992 ], [ 205114.03, 560785.78000000002794 ], [ 205141.4, 560783.631999999983236 ], [ 205148.659000000014203, 560782.88800000003539 ], [ 205173.209, 560780.427000000025146 ], [ 205192.25, 560778.564999999944121 ], [ 205192.165, 560775.506000000052154 ], [ 205203.424999999988358, 560774.832000000053085 ], [ 205205.5515, 560770.919499999959953 ], [ 205207.678000000014435, 560767.006999999983236 ], [ 205220.884, 560743.912000000011176 ], [ 205250.033, 560694.417000000015832 ], [ 205265.8345, 560667.586499999975786 ], [ 205293.517, 560621.040000000037253 ], [ 205319.666999999986729, 560576.991999999969266 ], [ 205338.254599999985658, 560546.013999999966472 ], [ 205340.628999999986263, 560542.098 ], [ 205344.077, 560543.40500000002794 ], [ 205346.046, 560544.152 ], [ 205350.116, 560545.694999999948777 ], [ 205357.701, 560548.571 ], [ 205386.989, 560559.677000000025146 ], [ 205404.817000000010012, 560566.437000000034459 ], [ 205417.564000000013039, 560571.270000000018626 ], [ 205434.366, 560577.699999999953434 ], [ 205453.13200000001234, 560545.427999999956228 ], [ 205460.428000000014435, 560533.604999999981374 ], [ 205561.74, 560585.75 ], [ 205571.025, 560570.008000000030734 ], [ 205584.027, 560577.287499999976717 ], [ 205607.740500000014435, 560590.128999999957159 ], [ 205625.432, 560599.599000000045635 ], [ 205644.856999999989057, 560610.966000000014901 ], [ 205651.272, 560617.220300000044517 ], [ 205638.458000000013271, 560637.718 ], [ 205629.1925, 560653.155999999959022 ], [ 205608.946, 560687.194499999983236 ], [ 205597.965, 560705.79500000004191 ], [ 205587.398500000010245, 560723.523999999975786 ], [ 205567.359, 560757.354000000050291 ], [ 205566.5961, 560759.901399999973364 ], [ 205570.795099999988452, 560765.936699999962002 ], [ 205572.2281, 560772.743099999963306 ], [ 205571.9073, 560779.54949999996461 ], [ 205568.1311, 560787.004100000020117 ], [ 205555.365, 560810.211000000010245 ], [ 205541.782, 560831.84699999995064 ], [ 205523.597, 560862.525000000023283 ], [ 205509.681000000011409, 560887.21999999997206 ], [ 205507.207, 560894.17000000004191 ], [ 205504.0387, 560909.402899999986403 ], [ 205501.1227, 560914.281399999978021 ], [ 205497.915100000012899, 560917.5492 ], [ 205492.4707, 560921.456699999980628 ], [ 205508.563, 560944.282 ], [ 205513.335, 560951.368999999947846 ], [ 205526.8145, 560970.563500000047497 ], [ 205531.43, 560977.131000000052154 ], [ 205544.299999999988358, 560995.677000000025146 ], [ 205550.6255, 561004.614500000025146 ], [ 205562.49900000001071, 561021.511000000056811 ], [ 205564.934, 561025.468 ], [ 205569.957, 561032.317999999970198 ], [ 205573.566, 561037.599000000045635 ], [ 205577.067000000010012, 561042.46999999997206 ], [ 205579.807, 561046.275000000023283 ], [ 205582.546, 561049.927999999956228 ], [ 205589.467, 561061.471000000019558 ], [ 205592.2205, 561061.735699999961071 ], [ 205606.9755, 561043.471400000038557 ], [ 205632.799999999988358, 561004.052000000025146 ], [ 205681.487, 561033.37300000002142 ], [ 205689.9505, 561037.927999999956228 ], [ 205649.219000000011874, 561108.246000000042841 ], [ 205666.4735, 561115.723499999963678 ], [ 205670.964, 561117.702000000048429 ], [ 205687.383, 561124.1065 ], [ 205706.106, 561130.652 ], [ 205729.747, 561138.27800000004936 ], [ 205827.170000000012806, 561171.385 ], [ 205837.531500000011874, 561174.369599999976344 ], [ 205880.473999999987427, 561190.537999999942258 ], [ 205891.432999999989988, 561194.952000000048429 ], [ 205897.849599999986822, 561199.378999999957159 ], [ 205901.784000000014203, 561201.802000000025146 ], [ 205906.198, 561204.23699999996461 ], [ 205912.681000000011409, 561207.01500000001397 ], [ 205915.37, 561199.557999999960884 ], [ 205940.182, 561158.449999999953434 ], [ 205964.73499999998603, 561172.327999999979511 ], [ 205956.446999999985565, 561186.52800000004936 ], [ 205959.791, 561188.513999999966472 ], [ 205966.02359999998589, 561192.389199999975972 ], [ 205970.727000000013504, 561196.959999999962747 ], [ 206016.693, 561189.322000000043772 ], [ 206035.690299999987474, 561158.10820000001695 ], [ 206047.3271, 561165.175900000031106 ], [ 206077.030999999988126, 561183.51 ], [ 206105.919400000013411, 561201.340699999942444 ], [ 206099.335, 561212.131999999983236 ], [ 206147.5104, 561237.183899999945424 ], [ 206156.5325, 561220.983499999972992 ], [ 206208.1147, 561245.750099999946542 ], [ 206175.926, 561303.848 ], [ 206173.416999999986729, 561308.371999999973923 ], [ 206195.109, 561317.59699999995064 ], [ 206210.291999999986729, 561284.228 ], [ 206254.217, 561304.711000000010245 ], [ 206231.8981, 561344.552000000025146 ], [ 206250.415, 561351.669 ], [ 206255.7849, 561353.460300000035204 ], [ 206278.366, 561358.423900000052527 ], [ 206294.1519, 561358.929800000041723 ], [ 206315.7802, 561356.6252 ], [ 206326.641, 561354.018000000040047 ], [ 206330.8905, 561371.74 ], [ 206333.94, 561373.52800000004936 ], [ 206337.354, 561377.78000000002794 ], [ 206339.439000000013039, 561382.702999999979511 ], [ 206339.287000000011176, 561387.115 ], [ 206306.8203, 561442.517800000030547 ], [ 206210.5768, 561389.0808 ], [ 206205.555, 561398.133999999961816 ] ] ] ] } },
{ "type": "Feature", "properties": { "buurtcode": "BU00860701", "buurtnaam": "Jonkerslân-Kom", "pc6_codes": "8403BA, 8403BB, 8403BC, 8403BJ", "wijkcode": "WK008607", "gemeentecode": "GM0086", "gemeentenaam": "Opsterland", "oppervlakteLandInHa": 10, "AantalInwoners_5": 145, "Mannen_6": 70, "Vrouwen_7": 75, "HuishoudensTotaal_29": 60, "GemiddeldeHuishoudensgrootte_33": 2.5, "Woningvoorraad_35": 59, "NieuwbouwWoningen_36": 0, "NietWoningvoorraad_37": 2, "NieuwbouwNietWoningen_38": 0, "GemiddeldeWOZWaardeVanWoningen_39": 383, "PercentageEengezinswoning_40": 100, "PercentageTussenwoningEengezins_41": 0, "PercentageHoekwoningEengezins_42": 0, "PercentageTweeOnderEenKapWoningEe_43": 20, "PercentageVrijstaandeWoningEengezins_44": 80, "PercentageMeergezinswoning_45": 0, "Koopwoningen_47": 100, "HuurwoningenTotaal_48": 0, "InBezitWoningcorporatie_49": 0, "InBezitOverigeVerhuurders_50": 0, "BouwjaarMeerDanTienJaarGeleden_51": 100, "BouwjaarAfgelopenTienJaar_52": 0, "GemiddeldeElektriciteitslevering_53": 3530, "GemiddeldeElektriciteitsteruglevering_54": 1560, "GemiddeldAardgasverbruik_55": 1060, "AardgasvrijeWoningen_57": null, "Aardgaswoningen_58": null, "WoningenMetZonnestroom_59": null, "WoningenHoofdzElektrVerwarmd_60": null, "k_20PersonenMetHoogsteInkomen_80": 14.0, "k_20HuishoudensMetHoogsteInkomen_85": null, "MediaanVermogenVanParticuliereHuish_86": null, "PersonenautoSTotaal_104": 95, "PersonenautoSBrandstofBenzine_105": 65, "PersonenautoSOverigeBrandstof_106": 30, "PersonenautoSPerHuishouden_107": 1.6, "Omgevingsadressendichtheid_121": 34, "AantalInstallatiesBijWoningen_5": 27, "OpgesteldVermogenVanZonnepanelen_6": 120, "installaties_per_woning": 0.4576271186440678, "vermogen_per_woning": 2.0338983050847457, "installaties_per_100_woningen": 45.762711864406782, "vermogen_per_huishouden": 2.0, "batterijdruk_score": null, "koop_zon_score": null, "eengezins_zon_score": null, "betaalkracht_zon_score": null, "overige_brandstof_zon_score": null, "lichte_batterij_kansscore": null }, "geometry": { "type": "MultiPolygon", "coordinates": [ [ [ [ 198802.367, 555017.65500000002794 ], [ 198816.022, 554978.932999999960884 ], [ 198826.439600000012433, 554972.891199999954551 ], [ 198841.778, 554929.976000000024214 ], [ 198870.5827, 554940.271100000012666 ], [ 198884.1095, 554945.29749999998603 ], [ 198899.215999999985797, 554950.363499999977648 ], [ 198916.752, 554956.111000000033528 ], [ 198930.9117, 554960.751900000032037 ], [ 198923.5529, 554983.20409999997355 ], [ 198915.741, 555013.964999999967404 ], [ 198907.9291, 555044.725899999961257 ], [ 198915.209, 555046.243999999947846 ], [ 198927.248, 555074.25199999997858 ], [ 198938.353, 555083.62699999997858 ], [ 198961.495, 555093.392 ], [ 198978.011999999987893, 555098.378999999957159 ], [ 198976.337999999988824, 555102.316 ], [ 198979.995, 555103.956 ], [ 198972.128, 555123.038999999989755 ], [ 198975.011999999987893, 555123.069999999948777 ], [ 198979.922, 555119.981999999959953 ], [ 198983.412000000011176, 555108.265999999945052 ], [ 198999.146, 555115.076 ], [ 199019.218, 555122.292999999946915 ], [ 199030.340999999985797, 555124.814999999944121 ], [ 199040.807999999989988, 555123.319999999948777 ], [ 199055.875, 555112.248999999952503 ], [ 199067.926, 555096.033999999985099 ], [ 199077.786, 555066.892 ], [ 199052.616, 555055.961000000010245 ], [ 199062.835, 555032.202000000048429 ], [ 199038.481999999989057, 555022.511999999987893 ], [ 199049.8793, 554993.868099999963306 ], [ 199055.4076, 554996.213299999944866 ], [ 199057.889, 554990.363999999943189 ], [ 199066.847, 554969.24800000002142 ], [ 199070.058500000013737, 554960.800000000046566 ], [ 199073.269999999989523, 554952.351999999955297 ], [ 199064.318, 554948.412999999942258 ], [ 199058.566, 554946.4865 ], [ 199052.814000000013039, 554944.560000000055879 ], [ 199045.791, 554942.600499999942258 ], [ 199038.768000000010943, 554940.640999999945052 ], [ 199034.101499999989755, 554939.172999999951571 ], [ 199029.435, 554937.70499999995809 ], [ 199025.304, 554935.464999999967404 ], [ 199023.544, 554932.807999999960884 ], [ 199022.407, 554929.782 ], [ 199022.3715, 554927.830500000040047 ], [ 199004.5197, 554921.020099999965169 ], [ 199004.299999999988358, 554917.8752 ], [ 199008.14069999998901, 554907.800999999977648 ], [ 199029.3922, 554852.057200000039302 ], [ 198984.506, 554835.261999999987893 ], [ 198979.25700000001234, 554833.452999999979511 ], [ 198968.171, 554829.631999999983236 ], [ 198953.711000000010245, 554867.533999999985099 ], [ 198943.897, 554895.077999999979511 ], [ 198872.029, 554872.093 ], [ 198854.711000000010245, 554866.554 ], [ 198871.325000000011642, 554819.047000000020489 ], [ 198823.419, 554805.853 ], [ 198806.37, 554803.234000000054948 ], [ 198779.422, 554794.957000000053085 ], [ 198779.975, 554793.175999999977648 ], [ 198756.598999999987427, 554787.898999999975786 ], [ 198743.904, 554785.189999999944121 ], [ 198735.335, 554783.748999999952503 ], [ 198727.032, 554781.854999999981374 ], [ 198719.469000000011874, 554779.598 ], [ 198712.619, 554777.189999999944121 ], [ 198708.864, 554776.101999999955297 ], [ 198704.144, 554775.322999999974854 ], [ 198690.477000000013504, 554821.800000000046566 ], [ 198668.033, 554814.638999999966472 ], [ 198665.399, 554811.675999999977648 ], [ 198644.331, 554804.76300000003539 ], [ 198641.038999999989755, 554813.322000000043772 ], [ 198630.505, 554839.327999999979511 ], [ 198629.704999999987194, 554842.745 ], [ 198628.633, 554845.64000000001397 ], [ 198627.2465, 554849.566 ], [ 198636.9199, 554852.945700000040233 ], [ 198635.85999999998603, 554856.49800000002142 ], [ 198627.11799999998766, 554888.395999999949709 ], [ 198665.598, 554899.165999999968335 ], [ 198668.208099999988917, 554899.846000000019558 ], [ 198661.831, 554921.378000000026077 ], [ 198658.104, 554933.962000000057742 ], [ 198650.363000000012107, 554960.101000000024214 ], [ 198642.736, 554985.949000000022352 ], [ 198634.198, 555015.336000000010245 ], [ 198627.258, 555039.003999999957159 ], [ 198625.641, 555044.349000000045635 ], [ 198615.708000000013271, 555077.175999999977648 ], [ 198681.365, 555095.966000000014901 ], [ 198682.0202, 555097.575199999962933 ], [ 198673.9187, 555122.489300000015646 ], [ 198700.551, 555129.312000000034459 ], [ 198756.949, 555144.32999999995809 ], [ 198758.03959999998915, 555144.681499999947846 ], [ 198802.367, 555017.65500000002794 ] ] ] ] } },
{ "type": "Feature", "properties": { "buurtcode": "BU00860702", "buurtnaam": "Jonkerslân-Buitengebied", "pc6_codes": "8403BA, 8403BB, 8403BD, 8403BE, 8403BG, 8403BH, 8403BK", "wijkcode": "WK008607", "gemeentecode": "GM0086", "gemeentenaam": "Opsterland", "oppervlakteLandInHa": 456, "AantalInwoners_5": 120, "Mannen_6": 60, "Vrouwen_7": 55, "HuishoudensTotaal_29": 50, "GemiddeldeHuishoudensgrootte_33": 2.4, "Woningvoorraad_35": 53, "NieuwbouwWoningen_36": 0, "NietWoningvoorraad_37": 5, "NieuwbouwNietWoningen_38": 0, "GemiddeldeWOZWaardeVanWoningen_39": 477, "PercentageEengezinswoning_40": 100, "PercentageTussenwoningEengezins_41": 0, "PercentageHoekwoningEengezins_42": 0, "PercentageTweeOnderEenKapWoningEe_43": 0, "PercentageVrijstaandeWoningEengezins_44": 100, "PercentageMeergezinswoning_45": 0, "Koopwoningen_47": 96, "HuurwoningenTotaal_48": 4, "InBezitWoningcorporatie_49": 0, "InBezitOverigeVerhuurders_50": 4, "BouwjaarMeerDanTienJaarGeleden_51": 100, "BouwjaarAfgelopenTienJaar_52": 0, "GemiddeldeElektriciteitslevering_53": 3930, "GemiddeldeElektriciteitsteruglevering_54": 1870, "GemiddeldAardgasverbruik_55": 1100, "AardgasvrijeWoningen_57": null, "Aardgaswoningen_58": null, "WoningenMetZonnestroom_59": null, "WoningenHoofdzElektrVerwarmd_60": null, "k_20PersonenMetHoogsteInkomen_80": 21.6, "k_20HuishoudensMetHoogsteInkomen_85": null, "MediaanVermogenVanParticuliereHuish_86": null, "PersonenautoSTotaal_104": 80, "PersonenautoSBrandstofBenzine_105": 50, "PersonenautoSOverigeBrandstof_106": 25, "PersonenautoSPerHuishouden_107": null, "Omgevingsadressendichtheid_121": 32, "AantalInstallatiesBijWoningen_5": 23, "OpgesteldVermogenVanZonnepanelen_6": 121, "installaties_per_woning": 0.43396226415094341, "vermogen_per_woning": 2.2830188679245285, "installaties_per_100_woningen": 43.39622641509434, "vermogen_per_huishouden": 2.42, "batterijdruk_score": null, "koop_zon_score": null, "eengezins_zon_score": null, "betaalkracht_zon_score": null, "overige_brandstof_zon_score": null, "lichte_batterij_kansscore": null }, "geometry": { "type": "MultiPolygon", "coordinates": [ [ [ [ 199909.525, 554269.790000000037253 ], [ 199917.369, 554269.552999999956228 ], [ 199923.785, 554266.224999999976717 ], [ 200123.24299999998766, 553908.339000000036322 ], [ 200123.2451, 553908.335199999972247 ], [ 200114.931000000011409, 553904.236000000033528 ], [ 200078.506, 553885.70499999995809 ], [ 200076.631, 553884.768999999971129 ], [ 200072.415, 553882.663999999989755 ], [ 200062.094000000011874, 553877.51 ], [ 200016.392, 553854.636000000056811 ], [ 200001.134, 553847.081 ], [ 200000.547, 553846.790000000037253 ], [ 199997.59, 553845.326 ], [ 199997.245, 553845.15500000002794 ], [ 199994.644, 553843.866999999969266 ], [ 199994.046, 553843.571 ], [ 199990.002, 553841.569000000017695 ], [ 199943.672, 553818.326 ], [ 199932.238000000012107, 553812.608 ], [ 199887.730000000010477, 553790.351000000024214 ], [ 199878.809, 553785.966999999945983 ], [ 199876.418, 553784.807999999960884 ], [ 199867.128, 553780.351000000024214 ], [ 199821.166999999986729, 553758.949999999953434 ], [ 199819.9, 553758.36199999996461 ], [ 199813.424, 553755.358 ], [ 199784.343, 553741.868000000016764 ], [ 199763.009, 553731.998999999952503 ], [ 199753.791999999986729, 553727.74 ], [ 199723.956, 553713.979000000050291 ], [ 199704.587999999988824, 553705.047000000020489 ], [ 199679.973999999987427, 553693.52800000004936 ], [ 199672.244, 553689.910000000032596 ], [ 199631.076, 553671.067999999970198 ], [ 199623.215, 553667.386999999987893 ], [ 199621.674, 553666.665999999968335 ], [ 199621.63200000001234, 553666.645999999949709 ], [ 199619.98499999998603, 553665.875 ], [ 199597.217, 553655.214999999967404 ], [ 199564.269999999989523, 553639.971000000019558 ], [ 199551.706, 553634.158000000054017 ], [ 199532.282, 553624.645000000018626 ], [ 199518.00700000001234, 553617.78000000002794 ], [ 199510.123, 553613.988000000012107 ], [ 199475.901000000012573, 553597.52800000004936 ], [ 199450.616, 553585.424 ], [ 199448.287000000011176, 553584.341000000014901 ], [ 199440.522, 553580.726999999955297 ], [ 199439.239, 553580.13 ], [ 199428.494, 553575.275000000023283 ], [ 199395.718, 553560.51300000003539 ], [ 199389.979, 553557.927999999956228 ], [ 199385.671, 553555.988000000012107 ], [ 199347.356999999989057, 553538.229000000050291 ], [ 199346.676, 553537.913999999989755 ], [ 199346.303000000014435, 553538.976000000024214 ], [ 199322.875, 553527.591999999945983 ], [ 199281.165, 553508.317999999970198 ], [ 199253.095, 553495.34699999995064 ], [ 199245.752, 553491.939999999944121 ], [ 199198.9, 553470.199999999953434 ], [ 199178.75099999998929, 553460.969000000040978 ], [ 199177.208000000013271, 553460.261999999987893 ], [ 199176.134, 553459.770000000018626 ], [ 199150.81, 553448.167999999946915 ], [ 199150.128, 553448.033000000054017 ], [ 199149.892, 553447.986000000033528 ], [ 199149.824, 553447.973 ], [ 199147.797, 553447.572999999974854 ], [ 199129.318, 553443.925999999977648 ], [ 199102.657, 553439.066 ], [ 199077.01, 553434.39000000001397 ], [ 199046.237, 553428.643000000040047 ], [ 199043.060999999986961, 553428.050000000046566 ], [ 199042.972, 553428.033000000054017 ], [ 199034.388, 553426.429 ], [ 198997.905999999988126, 553419.615 ], [ 198980.818999999988591, 553416.38800000003539 ], [ 198977.502, 553415.761999999987893 ], [ 198969.976, 553414.341000000014901 ], [ 198941.702, 553409.00199999997858 ], [ 198922.50099999998929, 553405.413999999989755 ], [ 198919.048, 553404.768999999971129 ], [ 198915.142, 553404.038999999989755 ], [ 198887.422, 553398.85999999998603 ], [ 198855.538999999989755, 553392.831 ], [ 198852.643000000010943, 553392.283000000054017 ], [ 198787.172, 553380.20499999995809 ], [ 198787.133, 553380.197999999974854 ], [ 198725.605000000010477, 553368.84699999995064 ], [ 198690.450000000011642, 553362.268999999971129 ], [ 198682.261, 553360.743000000016764 ], [ 198673.543, 553359.118000000016764 ], [ 198668.157, 553358.113999999943189 ], [ 198663.712, 553357.285999999963678 ], [ 198661.033, 553356.787000000011176 ], [ 198607.036, 553346.724999999976717 ], [ 198602.818, 553345.939000000013039 ], [ 198563.296, 553338.560999999986961 ], [ 198557.355000000010477, 553337.452000000048429 ], [ 198553.475, 553336.728 ], [ 198551.555, 553336.37 ], [ 198498.451, 553326.457000000053085 ], [ 198491.393000000010943, 553325.138999999966472 ], [ 198489.071, 553324.697000000043772 ], [ 198458.772, 553318.935999999986961 ], [ 198456.469000000011874, 553318.49800000002142 ], [ 198455.143000000010943, 553318.246000000042841 ], [ 198447.146, 553316.724999999976717 ], [ 198445.323, 553316.378000000026077 ], [ 198416.469000000011874, 553310.892 ], [ 198404.199, 553308.643000000040047 ], [ 198400.795000000012806, 553308.018999999971129 ], [ 198398.093, 553307.523999999975786 ], [ 198339.055, 553296.702999999979511 ], [ 198330.855000000010477, 553295.160000000032596 ], [ 198324.535, 553293.96999999997206 ], [ 198323.003999999986263, 553293.682000000029802 ], [ 198281.28, 553285.829000000027008 ], [ 198256.389, 553281.143999999971129 ], [ 198209.47, 553272.422999999951571 ], [ 198206.294, 553271.832999999984168 ], [ 198204.692000000010012, 553271.535000000032596 ], [ 198202.636999999987893, 553271.153999999980442 ], [ 198155.304, 553262.371999999973923 ], [ 198129.021, 553257.496000000042841 ], [ 198096.764, 553251.493000000016764 ], [ 198094.397999999986496, 553251.052999999956228 ], [ 198092.067000000010012, 553250.618999999947846 ], [ 198080.263, 553248.422999999951571 ], [ 198013.26, 553235.77800000004936 ], [ 197996.122, 553232.601999999955297 ], [ 197991.446, 553231.73499999998603 ], [ 197983.21, 553230.209000000031665 ], [ 197977.325000000011642, 553229.180000000051223 ], [ 197976.528, 553244.942000000039116 ], [ 197975.074, 553274.974000000045635 ], [ 197974.098999999987427, 553290.125 ], [ 197973.50700000001234, 553299.689999999944121 ], [ 197966.96, 553301.060000000055879 ], [ 197929.564000000013039, 553309.576 ], [ 197921.848, 553311.332999999984168 ], [ 197875.230000000010477, 553321.949999999953434 ], [ 197860.206, 553325.366000000038184 ], [ 197856.666999999986729, 553326.170999999972992 ], [ 197815.806000000011409, 553335.461000000010245 ], [ 197814.71, 553335.709999999962747 ], [ 197751.68, 553350.052000000025146 ], [ 197627.1, 553378.400000000023283 ], [ 197566.696, 553392.143999999971129 ], [ 197564.21, 553392.709999999962747 ], [ 197509.777, 553402.694000000017695 ], [ 197453.791999999986729, 553412.962000000057742 ], [ 197434.837999999988824, 553416.438500000047497 ], [ 197520.403, 554659.37300000002142 ], [ 197556.881499999988591, 555292.207000000053085 ], [ 197725.514, 555287.381000000052154 ], [ 197726.011999999987893, 555490.8565 ], [ 197729.1825, 555492.033799999975599 ], [ 197881.6705, 555548.636900000041351 ], [ 198061.9407, 555494.877100000041537 ], [ 198674.913999999989755, 555577.037999999942258 ], [ 199075.102000000013504, 555729.425999999977648 ], [ 199893.168, 554262.011999999987893 ], [ 199909.525, 554269.790000000037253 ] ], [ [ 198712.619, 554777.189999999944121 ], [ 198719.469000000011874, 554779.598 ], [ 198727.032, 554781.854999999981374 ], [ 198735.335, 554783.748999999952503 ], [ 198743.904, 554785.189999999944121 ], [ 198756.598999999987427, 554787.898999999975786 ], [ 198779.975, 554793.175999999977648 ], [ 198779.422, 554794.957000000053085 ], [ 198806.37, 554803.234000000054948 ], [ 198823.419, 554805.853 ], [ 198871.325000000011642, 554819.047000000020489 ], [ 198854.711000000010245, 554866.554 ], [ 198872.029, 554872.093 ], [ 198943.897, 554895.077999999979511 ], [ 198953.711000000010245, 554867.533999999985099 ], [ 198968.171, 554829.631999999983236 ], [ 198979.25700000001234, 554833.452999999979511 ], [ 198984.506, 554835.261999999987893 ], [ 199029.3922, 554852.057200000039302 ], [ 199008.14069999998901, 554907.800999999977648 ], [ 199004.299999999988358, 554917.8752 ], [ 199004.5197, 554921.020099999965169 ], [ 199022.3715, 554927.830500000040047 ], [ 199022.407, 554929.782 ], [ 199023.544, 554932.807999999960884 ], [ 199025.304, 554935.464999999967404 ], [ 199029.435, 554937.70499999995809 ], [ 199034.101499999989755, 554939.172999999951571 ], [ 199038.768000000010943, 554940.640999999945052 ], [ 199045.791, 554942.600499999942258 ], [ 199052.814000000013039, 554944.560000000055879 ], [ 199058.566, 554946.4865 ], [ 199064.318, 554948.412999999942258 ], [ 199073.269999999989523, 554952.351999999955297 ], [ 199070.058500000013737, 554960.800000000046566 ], [ 199066.847, 554969.24800000002142 ], [ 199057.889, 554990.363999999943189 ], [ 199055.4076, 554996.213299999944866 ], [ 199049.8793, 554993.868099999963306 ], [ 199038.481999999989057, 555022.511999999987893 ], [ 199062.835, 555032.202000000048429 ], [ 199052.616, 555055.961000000010245 ], [ 199077.786, 555066.892 ], [ 199067.926, 555096.033999999985099 ], [ 199055.875, 555112.248999999952503 ], [ 199040.807999999989988, 555123.319999999948777 ], [ 199030.340999999985797, 555124.814999999944121 ], [ 199019.218, 555122.292999999946915 ], [ 198999.146, 555115.076 ], [ 198983.412000000011176, 555108.265999999945052 ], [ 198979.922, 555119.981999999959953 ], [ 198975.011999999987893, 555123.069999999948777 ], [ 198972.128, 555123.038999999989755 ], [ 198979.995, 555103.956 ], [ 198976.337999999988824, 555102.316 ], [ 198978.011999999987893, 555098.378999999957159 ], [ 198961.495, 555093.392 ], [ 198938.353, 555083.62699999997858 ], [ 198927.248, 555074.25199999997858 ], [ 198915.209, 555046.243999999947846 ], [ 198907.9291, 555044.725899999961257 ], [ 198915.741, 555013.964999999967404 ], [ 198923.5529, 554983.20409999997355 ], [ 198930.9117, 554960.751900000032037 ], [ 198916.752, 554956.111000000033528 ], [ 198899.215999999985797, 554950.363499999977648 ], [ 198884.1095, 554945.29749999998603 ], [ 198870.5827, 554940.271100000012666 ], [ 198841.778, 554929.976000000024214 ], [ 198826.439600000012433, 554972.891199999954551 ], [ 198816.022, 554978.932999999960884 ], [ 198802.367, 555017.65500000002794 ], [ 198758.03959999998915, 555144.681499999947846 ], [ 198756.949, 555144.32999999995809 ], [ 198700.551, 555129.312000000034459 ], [ 198673.9187, 555122.489300000015646 ], [ 198682.0202, 555097.575199999962933 ], [ 198681.365, 555095.966000000014901 ], [ 198615.708000000013271, 555077.175999999977648 ], [ 198625.641, 555044.349000000045635 ], [ 198627.258, 555039.003999999957159 ], [ 198634.198, 555015.336000000010245 ], [ 198642.736, 554985.949000000022352 ], [ 198650.363000000012107, 554960.101000000024214 ], [ 198658.104, 554933.962000000057742 ], [ 198661.831, 554921.378000000026077 ], [ 198668.208099999988917, 554899.846000000019558 ], [ 198665.598, 554899.165999999968335 ], [ 198627.11799999998766, 554888.395999999949709 ], [ 198635.85999999998603, 554856.49800000002142 ], [ 198636.9199, 554852.945700000040233 ], [ 198627.2465, 554849.566 ], [ 198628.633, 554845.64000000001397 ], [ 198629.704999999987194, 554842.745 ], [ 198630.505, 554839.327999999979511 ], [ 198641.038999999989755, 554813.322000000043772 ], [ 198644.331, 554804.76300000003539 ], [ 198665.399, 554811.675999999977648 ], [ 198668.033, 554814.638999999966472 ], [ 198690.477000000013504, 554821.800000000046566 ], [ 198704.144, 554775.322999999974854 ], [ 198708.864, 554776.101999999955297 ], [ 198712.619, 554777.189999999944121 ] ] ] ] } },
{ "type": "Feature", "properties": { "buurtcode": "BU00860801", "buurtnaam": "Langezwaag-Kom", "pc6_codes": "8404BJ, 8404BV, 8404GA, 8404GB, 8404GC, 8404GD, 8404GG, 8404GH, 8404GJ, 8404GK, 8404GL, 8404GM, 8404GN, 8404GP, 8404GR, 8404GS, 8404GV, 8404GW, 8404GX, 8404GZ, 8404HA", "wijkcode": "WK008608", "gemeentecode": "GM0086", "gemeentenaam": "Opsterland", "oppervlakteLandInHa": 50, "AantalInwoners_5": 720, "Mannen_6": 385, "Vrouwen_7": 335, "HuishoudensTotaal_29": 295, "GemiddeldeHuishoudensgrootte_33": 2.4, "Woningvoorraad_35": 292, "NieuwbouwWoningen_36": 5, "NietWoningvoorraad_37": 11, "NieuwbouwNietWoningen_38": 0, "GemiddeldeWOZWaardeVanWoningen_39": 326, "PercentageEengezinswoning_40": 98, "PercentageTussenwoningEengezins_41": 7, "PercentageHoekwoningEengezins_42": 5, "PercentageTweeOnderEenKapWoningEe_43": 35, "PercentageVrijstaandeWoningEengezins_44": 52, "PercentageMeergezinswoning_45": 2, "Koopwoningen_47": 76, "HuurwoningenTotaal_48": 24, "InBezitWoningcorporatie_49": 20, "InBezitOverigeVerhuurders_50": 4, "BouwjaarMeerDanTienJaarGeleden_51": 97, "BouwjaarAfgelopenTienJaar_52": 3, "GemiddeldeElektriciteitslevering_53": 3120, "GemiddeldeElektriciteitsteruglevering_54": 1210, "GemiddeldAardgasverbruik_55": 1060, "AardgasvrijeWoningen_57": 3, "Aardgaswoningen_58": 91, "WoningenMetZonnestroom_59": 45, "WoningenHoofdzElektrVerwarmd_60": 9, "k_20PersonenMetHoogsteInkomen_80": 14.8, "k_20HuishoudensMetHoogsteInkomen_85": 20.1, "MediaanVermogenVanParticuliereHuish_86": 215.4, "PersonenautoSTotaal_104": 475, "PersonenautoSBrandstofBenzine_105": 350, "PersonenautoSOverigeBrandstof_106": 125, "PersonenautoSPerHuishouden_107": 1.6, "Omgevingsadressendichtheid_121": 94, "AantalInstallatiesBijWoningen_5": 96, "OpgesteldVermogenVanZonnepanelen_6": 469, "installaties_per_woning": 0.32876712328767121, "vermogen_per_woning": 1.6061643835616439, "installaties_per_100_woningen": 32.87671232876712, "vermogen_per_huishouden": 1.5898305084745763, "batterijdruk_score": 544.5, "koop_zon_score": 0.342, "eengezins_zon_score": 0.441, "betaalkracht_zon_score": 96.93, "overige_brandstof_zon_score": 56.25, "lichte_batterij_kansscore": 0.47512619292681046 }, "geometry": { "type": "MultiPolygon", "coordinates": [ [ [ [ 196393.7036, 555646.1742 ], [ 196394.47, 555648.947000000043772 ], [ 196405.182, 555646.253999999957159 ], [ 196407.799999999988358, 555645.596000000019558 ], [ 196448.976, 555634.150999999954365 ], [ 196467.293, 555629.060000000055879 ], [ 196485.586000000010245, 555623.976000000024214 ], [ 196506.772, 555618.087000000057742 ], [ 196523.575000000011642, 555613.417000000015832 ], [ 196703.0589, 555567.742100000032224 ], [ 196674.5403, 555455.675900000031106 ], [ 196674.23499999998603, 555454.476000000024214 ], [ 196654.25, 555375.942999999970198 ], [ 196639.538999999989755, 555315.22199999995064 ], [ 196627.244, 555265.042000000015832 ], [ 196619.670000000012806, 555233.871000000042841 ], [ 196672.951, 555218.51 ], [ 196679.810999999986961, 555214.57999999995809 ], [ 196680.008, 555214.547999999951571 ], [ 196693.75700000001234, 555212.292000000015832 ], [ 196698.717, 555211.520999999949709 ], [ 196711.041, 555209.996000000042841 ], [ 196718.965999999985797, 555208.79500000004191 ], [ 196727.372, 555206.15300000004936 ], [ 196764.334, 555195.712000000057742 ], [ 196766.943999999988591, 555197.143999999971129 ], [ 196780.585, 555256.01300000003539 ], [ 196809.017, 555250.321 ], [ 196822.981, 555308.12 ], [ 196856.362, 555300.057999999960884 ], [ 196851.509, 555278.12300000002142 ], [ 196847.51500000001397, 555260.318500000052154 ], [ 196849.6636, 555256.659100000048056 ], [ 196853.4165, 555254.930599999963306 ], [ 196905.152800000010757, 555294.134500000043772 ], [ 196914.752100000012433, 555282.32460000005085 ], [ 196892.8562, 555187.929099999950267 ], [ 196920.831, 555183.555000000051223 ], [ 196932.356999999989057, 555181.550999999977648 ], [ 196942.881, 555179.295999999972992 ], [ 196949.96720000001369, 555177.1679 ], [ 196920.573, 555049.1544 ], [ 196946.575000000011642, 555043.738999999943189 ], [ 196975.981999999989057, 555037.882499999948777 ], [ 197009.2388, 555031.393000000040047 ], [ 197005.817000000010012, 555018.861000000033528 ], [ 197004.886999999987893, 555015.45499999995809 ], [ 196999.025, 554992.804 ], [ 196990.3847, 554953.402099999948405 ], [ 196930.525, 554966.006999999983236 ], [ 196929.654, 554961.927999999956228 ], [ 196907.123, 554966.962999999988824 ], [ 196902.483, 554946.189000000013039 ], [ 196883.676, 554950.353 ], [ 196858.865, 554840.199000000022352 ], [ 196815.9, 554850.523999999975786 ], [ 196862.72, 555048.752100000041537 ], [ 196811.8475, 555063.891199999954551 ], [ 196801.3119, 555067.355800000019372 ], [ 196778.7416, 554970.031399999978021 ], [ 196737.8767, 554979.508200000040233 ], [ 196715.506, 554981.569999999948777 ], [ 196687.288, 554988.628000000026077 ], [ 196681.019999999989523, 554964.11199999996461 ], [ 196659.187899999989895, 554968.401100000017323 ], [ 196685.017, 555073.23499999998603 ], [ 196647.628999999986263, 555081.968 ], [ 196650.125, 555100.57550000003539 ], [ 196625.939600000012433, 555103.496000000042841 ], [ 196618.122200000012526, 555075.288199999951757 ], [ 196561.567099999985658, 555088.371700000017881 ], [ 196566.857599999988452, 555111.240699999965727 ], [ 196551.88, 555115.476999999955297 ], [ 196470.6227, 555132.131500000017695 ], [ 196461.98499999998603, 555095.714099999982864 ], [ 196455.62599999998929, 555062.2768 ], [ 196444.63, 555064.62 ], [ 196437.43, 555064.258000000030734 ], [ 196432.0105, 555066.008999999961816 ], [ 196430.9235, 555068.243000000016764 ], [ 196440.024, 555108.726999999955297 ], [ 196395.815, 555119.606000000028871 ], [ 196377.969000000011874, 555049.868999999947846 ], [ 196323.634499999985565, 555063.2733 ], [ 196333.231300000014016, 555093.867699999944307 ], [ 196292.3948, 555103.714000000036322 ], [ 196256.6152, 555110.729599999962375 ], [ 196248.619, 555111.278999999980442 ], [ 196240.99, 555114.020999999949709 ], [ 196219.56349999998929, 555117.6385 ], [ 196209.7937, 555077.249300000024959 ], [ 196195.057299999985844, 555078.968600000021979 ], [ 196169.479, 555081.952999999979511 ], [ 196167.098, 555083.292000000015832 ], [ 196167.916999999986729, 555088.652 ], [ 196177.878999999986263, 555122.12 ], [ 196195.131, 555175.589000000036322 ], [ 196202.207499999989523, 555200.550999999977648 ], [ 196216.0801, 555209.6276 ], [ 196206.355000000010477, 555222.070900000049733 ], [ 196187.7529, 555207.532299999962561 ], [ 196126.919, 555159.98699999996461 ], [ 196123.881, 555158.74 ], [ 196113.923700000013923, 555158.023599999956787 ], [ 196070.0878, 555159.28269999998156 ], [ 196052.9913, 555160.176699999952689 ], [ 196038.5754, 555162.79929999995511 ], [ 196035.7894, 555164.21840000001248 ], [ 196036.060999999986961, 555165.540000000037253 ], [ 196037.381, 555194.99 ], [ 196035.301, 555212.62 ], [ 196033.590999999985797, 555226.35999999998603 ], [ 196032.391, 555229.770000000018626 ], [ 196029.681000000011409, 555235.62 ], [ 196027.571, 555242.01 ], [ 196026.201, 555247.42000000004191 ], [ 196023.321, 555253.589999999967404 ], [ 196021.340999999985797, 555298.819999999948777 ], [ 196021.041, 555311.12 ], [ 196023.50099999998929, 555324.650000000023283 ], [ 196032.797, 555355.457999999984168 ], [ 196057.491, 555437.300000000046566 ], [ 196059.891, 555439.660000000032596 ], [ 196077.491, 555485.38 ], [ 196104.011, 555553.99 ], [ 196110.939000000013039, 555571.677999999956228 ], [ 196133.1575, 555628.403500000014901 ], [ 196144.1979, 555624.487199999974109 ], [ 196171.7452, 555706.445100000011735 ], [ 196172.051799999986542, 555707.400200000032783 ], [ 196393.7036, 555646.1742 ] ] ], [ [ [ 197729.0535, 555835.565700000035577 ], [ 197731.5375, 555622.146500000031665 ], [ 197729.8902, 555531.1152 ], [ 197729.1825, 555492.033799999975599 ], [ 197726.011999999987893, 555490.8565 ], [ 197634.90659999998752, 555457.038300000014715 ], [ 197567.3344, 555473.555900000035763 ], [ 197572.407, 555551.52800000004936 ], [ 197573.747, 555600.142 ], [ 197557.987, 555602.32999999995809 ], [ 197534.397, 555604.682999999960884 ], [ 197514.867, 555606.613999999943189 ], [ 197504.666, 555607.62300000002142 ], [ 197478.528, 555610.564000000013039 ], [ 197442.892, 555614.38 ], [ 197434.577, 555615.179 ], [ 197416.385, 555617.163999999989755 ], [ 197405.604, 555618.143999999971129 ], [ 197399.068999999988591, 555617.49 ], [ 197391.228, 555615.202999999979511 ], [ 197383.386999999987893, 555611.935999999986961 ], [ 197368.854, 555613.52800000004936 ], [ 197364.302399999985937, 555603.126599999959581 ], [ 197356.64790000001085, 555597.510099999955855 ], [ 197313.5786, 555587.094200000050478 ], [ 197301.4334, 555580.7119 ], [ 197295.8154, 555577.7596 ], [ 197261.314600000012433, 555552.178599999984726 ], [ 197266.127, 555632.549 ], [ 197266.461000000010245, 555638.07999999995809 ], [ 197267.0845, 555648.405600000056438 ], [ 197176.7894, 555660.236000000033528 ], [ 197080.954999999987194, 555675.3493 ], [ 197008.1355, 555685.8358 ], [ 197017.328, 555730.170999999972992 ], [ 197036.962, 555812.606000000028871 ], [ 197038.9872, 555821.108800000045449 ], [ 197081.0633, 555811.087300000013784 ], [ 197148.712999999988824, 555795.425999999977648 ], [ 197226.589, 555778.162999999942258 ], [ 197216.863000000012107, 555728.767 ], [ 197280.3025, 555712.552400000044145 ], [ 197279.871000000013737, 555710.26 ], [ 197293.647999999986496, 555707.427000000025146 ], [ 197292.587, 555701.167999999946915 ], [ 197300.584, 555699.821 ], [ 197304.612, 555696.40500000002794 ], [ 197311.5575, 555694.089999999967404 ], [ 197328.028, 555687.674 ], [ 197351.920000000012806, 555700.566 ], [ 197352.8105, 555701.021599999978207 ], [ 197355.3231, 555720.126500000013039 ], [ 197361.741, 555755.07999999995809 ], [ 197383.932, 555751.877499999944121 ], [ 197385.7603, 555751.613699999987148 ], [ 197379.356999999989057, 555707.121000000042841 ], [ 197380.548, 555705.930000000051223 ], [ 197445.635, 555693.892 ], [ 197450.7609, 555692.944000000017695 ], [ 197449.241, 555679.569999999948777 ], [ 197464.141, 555676.71999999997206 ], [ 197486.651000000012573, 555673.10999999998603 ], [ 197520.471, 555668.949999999953434 ], [ 197523.693999999988591, 555702.792000000015832 ], [ 197580.461000000010245, 555699.5 ], [ 197636.655, 555696.523000000044703 ], [ 197647.846, 555772.949999999953434 ], [ 197658.471, 555845.51 ], [ 197700.971, 555840.53000000002794 ], [ 197708.7715, 555839.616000000038184 ], [ 197710.219000000011874, 555849.618999999947846 ], [ 197723.4539, 555849.214799999957904 ], [ 197729.0535, 555835.565700000035577 ] ] ] ] } },
{ "type": "Feature", "properties": { "buurtcode": "BU00860802", "buurtnaam": "Langezwaag-Buitengebied", "pc6_codes": "8404BJ, 8404BK, 8404BL, 8404BM, 8404BN, 8404BP, 8404BR, 8404BS, 8404GA, 8404GB, 8404GC, 8404GD, 8404GE, 8404GG", "wijkcode": "WK008608", "gemeentecode": "GM0086", "gemeentenaam": "Opsterland", "oppervlakteLandInHa": 1258, "AantalInwoners_5": 340, "Mannen_6": 175, "Vrouwen_7": 165, "HuishoudensTotaal_29": 125, "GemiddeldeHuishoudensgrootte_33": 2.7, "Woningvoorraad_35": 124, "NieuwbouwWoningen_36": 0, "NietWoningvoorraad_37": 6, "NieuwbouwNietWoningen_38": 0, "GemiddeldeWOZWaardeVanWoningen_39": 500, "PercentageEengezinswoning_40": 98, "PercentageTussenwoningEengezins_41": 0, "PercentageHoekwoningEengezins_42": 0, "PercentageTweeOnderEenKapWoningEe_43": 2, "PercentageVrijstaandeWoningEengezins_44": 97, "PercentageMeergezinswoning_45": 2, "Koopwoningen_47": 92, "HuurwoningenTotaal_48": 8, "InBezitWoningcorporatie_49": 6, "InBezitOverigeVerhuurders_50": 2, "BouwjaarMeerDanTienJaarGeleden_51": 99, "BouwjaarAfgelopenTienJaar_52": 1, "GemiddeldeElektriciteitslevering_53": 3960, "GemiddeldeElektriciteitsteruglevering_54": 2240, "GemiddeldAardgasverbruik_55": 1290, "AardgasvrijeWoningen_57": null, "Aardgaswoningen_58": null, "WoningenMetZonnestroom_59": null, "WoningenHoofdzElektrVerwarmd_60": null, "k_20PersonenMetHoogsteInkomen_80": 25.5, "k_20HuishoudensMetHoogsteInkomen_85": 39.0, "MediaanVermogenVanParticuliereHuish_86": 406.3, "PersonenautoSTotaal_104": 165, "PersonenautoSBrandstofBenzine_105": 100, "PersonenautoSOverigeBrandstof_106": 60, "PersonenautoSPerHuishouden_107": 1.3, "Omgevingsadressendichtheid_121": 60, "AantalInstallatiesBijWoningen_5": 39, "OpgesteldVermogenVanZonnepanelen_6": 210, "installaties_per_woning": 0.31451612903225806, "vermogen_per_woning": 1.6935483870967742, "installaties_per_100_woningen": 31.451612903225808, "vermogen_per_huishouden": 1.68, "batterijdruk_score": null, "koop_zon_score": null, "eengezins_zon_score": null, "betaalkracht_zon_score": null, "overige_brandstof_zon_score": null, "lichte_batterij_kansscore": null }, "geometry": { "type": "MultiPolygon", "coordinates": [ [ [ [ 196470.586000000010245, 558237.371999999973923 ], [ 196925.775499999988824, 558169.171500000054948 ], [ 197380.965, 558100.971000000019558 ], [ 197404.4394, 558112.197999999974854 ], [ 197606.0649, 558080.429899999988265 ], [ 197807.6899, 558048.660999999963678 ], [ 197801.454999999987194, 558009.121999999973923 ], [ 198099.038999999989755, 557960.388999999966472 ], [ 198112.2881, 558000.668500000028871 ], [ 198524.741700000013225, 557935.682999999960884 ], [ 198730.9689, 557903.1901 ], [ 198937.195700000011129, 557870.6971 ], [ 198828.413, 557584.738999999943189 ], [ 198675.051, 557464.167000000015832 ], [ 198220.663, 557260.922000000020489 ], [ 198472.908, 556808.797000000020489 ], [ 198451.962999999988824, 556798.20499999995809 ], [ 198961.2966, 555855.429099999950267 ], [ 198994.7262, 555873.488600000040606 ], [ 199075.102000000013504, 555729.425999999977648 ], [ 198674.913999999989755, 555577.037999999942258 ], [ 198061.9407, 555494.877100000041537 ], [ 197881.6705, 555548.636900000041351 ], [ 197729.1825, 555492.033799999975599 ], [ 197729.8902, 555531.1152 ], [ 197731.5375, 555622.146500000031665 ], [ 197729.0535, 555835.565700000035577 ], [ 197723.4539, 555849.214799999957904 ], [ 197710.219000000011874, 555849.618999999947846 ], [ 197708.7715, 555839.616000000038184 ], [ 197700.971, 555840.53000000002794 ], [ 197658.471, 555845.51 ], [ 197647.846, 555772.949999999953434 ], [ 197636.655, 555696.523000000044703 ], [ 197580.461000000010245, 555699.5 ], [ 197523.693999999988591, 555702.792000000015832 ], [ 197520.471, 555668.949999999953434 ], [ 197486.651000000012573, 555673.10999999998603 ], [ 197464.141, 555676.71999999997206 ], [ 197449.241, 555679.569999999948777 ], [ 197450.7609, 555692.944000000017695 ], [ 197445.635, 555693.892 ], [ 197380.548, 555705.930000000051223 ], [ 197379.356999999989057, 555707.121000000042841 ], [ 197385.7603, 555751.613699999987148 ], [ 197383.932, 555751.877499999944121 ], [ 197361.741, 555755.07999999995809 ], [ 197355.3231, 555720.126500000013039 ], [ 197352.8105, 555701.021599999978207 ], [ 197351.920000000012806, 555700.566 ], [ 197328.028, 555687.674 ], [ 197311.5575, 555694.089999999967404 ], [ 197304.612, 555696.40500000002794 ], [ 197300.584, 555699.821 ], [ 197292.587, 555701.167999999946915 ], [ 197293.647999999986496, 555707.427000000025146 ], [ 197279.871000000013737, 555710.26 ], [ 197280.3025, 555712.552400000044145 ], [ 197216.863000000012107, 555728.767 ], [ 197226.589, 555778.162999999942258 ], [ 197148.712999999988824, 555795.425999999977648 ], [ 197081.0633, 555811.087300000013784 ], [ 197038.9872, 555821.108800000045449 ], [ 197036.962, 555812.606000000028871 ], [ 197017.328, 555730.170999999972992 ], [ 197008.1355, 555685.8358 ], [ 197080.954999999987194, 555675.3493 ], [ 197176.7894, 555660.236000000033528 ], [ 197267.0845, 555648.405600000056438 ], [ 197266.461000000010245, 555638.07999999995809 ], [ 197266.127, 555632.549 ], [ 197261.314600000012433, 555552.178599999984726 ], [ 197295.8154, 555577.7596 ], [ 197301.4334, 555580.7119 ], [ 197313.5786, 555587.094200000050478 ], [ 197356.64790000001085, 555597.510099999955855 ], [ 197364.302399999985937, 555603.126599999959581 ], [ 197368.854, 555613.52800000004936 ], [ 197383.386999999987893, 555611.935999999986961 ], [ 197391.228, 555615.202999999979511 ], [ 197399.068999999988591, 555617.49 ], [ 197405.604, 555618.143999999971129 ], [ 197416.385, 555617.163999999989755 ], [ 197434.577, 555615.179 ], [ 197442.892, 555614.38 ], [ 197478.528, 555610.564000000013039 ], [ 197504.666, 555607.62300000002142 ], [ 197514.867, 555606.613999999943189 ], [ 197534.397, 555604.682999999960884 ], [ 197557.987, 555602.32999999995809 ], [ 197573.747, 555600.142 ], [ 197572.407, 555551.52800000004936 ], [ 197567.3344, 555473.555900000035763 ], [ 197634.90659999998752, 555457.038300000014715 ], [ 197726.011999999987893, 555490.8565 ], [ 197725.514, 555287.381000000052154 ], [ 197556.881499999988591, 555292.207000000053085 ], [ 197520.403, 554659.37300000002142 ], [ 197434.837999999988824, 553416.438500000047497 ], [ 197396.75099999998929, 553423.424 ], [ 197276.587, 553445.462999999988824 ], [ 197269.102000000013504, 553446.836000000010245 ], [ 197267.598, 553447.11199999996461 ], [ 197201.173, 553459.29500000004191 ], [ 197142.26, 553470.099999999976717 ], [ 197137.689000000013039, 553470.939000000013039 ], [ 197076.88200000001234, 553482.101000000024214 ], [ 197019.053000000014435, 553492.716999999945983 ], [ 196970.011999999987893, 553501.719000000040978 ], [ 196919.956, 553510.907 ], [ 196869.230000000010477, 553520.218 ], [ 196815.546, 553530.072000000043772 ], [ 196753.737, 553541.417999999946915 ], [ 196751.22, 553541.88 ], [ 196701.533, 553551.0 ], [ 196613.333000000013271, 553567.187999999965541 ], [ 196574.973, 553574.229000000050291 ], [ 196528.727000000013504, 553582.716999999945983 ], [ 196476.954, 553592.21999999997206 ], [ 196426.016, 553601.569000000017695 ], [ 196383.034000000014203, 553609.457999999984168 ], [ 196338.976, 553617.54500000004191 ], [ 196295.166999999986729, 553625.586000000010245 ], [ 196263.452, 553631.407 ], [ 196261.921, 553631.687999999965541 ], [ 196261.13, 553631.832999999984168 ], [ 196224.203, 553638.611000000033528 ], [ 196172.576, 553648.087000000057742 ], [ 196115.807999999989988, 553658.506999999983236 ], [ 196078.125, 553665.424 ], [ 196019.005, 553676.275000000023283 ], [ 195956.734, 553687.704000000027008 ], [ 195918.399, 553694.74 ], [ 195880.241, 553701.582000000053085 ], [ 195833.647, 553710.126000000047497 ], [ 195785.753, 553718.908000000054017 ], [ 195738.75700000001234, 553727.525000000023283 ], [ 195679.744, 553738.346000000019558 ], [ 195635.31, 553746.493000000016764 ], [ 195593.653, 553754.131000000052154 ], [ 195547.051, 553762.675999999977648 ], [ 195500.988000000012107, 553771.121999999973923 ], [ 195454.431000000011409, 553779.658999999985099 ], [ 195451.1, 553780.270000000018626 ], [ 195407.902, 553788.768000000040047 ], [ 195366.511, 553796.910999999963678 ], [ 195360.505, 553798.093 ], [ 195306.621000000013737, 553808.694000000017695 ], [ 195247.688, 553820.287999999942258 ], [ 195173.837, 553834.817000000039116 ], [ 195137.182999999989988, 553842.02800000004936 ], [ 195100.533, 553849.238000000012107 ], [ 195097.93, 553849.75 ], [ 195043.719000000011874, 553860.400000000023283 ], [ 194985.165, 553871.903999999980442 ], [ 194940.573, 553880.663999999989755 ], [ 194902.804, 553888.084000000031665 ], [ 194863.340999999985797, 553895.837000000057742 ], [ 194814.36799999998766, 553905.457999999984168 ], [ 194806.528, 553906.99800000002142 ], [ 194746.921, 553918.707999999984168 ], [ 194694.528, 553929.001000000047497 ], [ 194686.9, 553930.5 ], [ 194661.094000000011874, 553933.895999999949709 ], [ 194659.59, 553934.094000000040978 ], [ 194639.169, 553936.782 ], [ 194535.365, 553950.442999999970198 ], [ 194477.247, 553958.091999999945983 ], [ 194418.519, 553965.821 ], [ 194359.64000000001397, 553973.569999999948777 ], [ 194358.54, 553973.756000000052154 ], [ 194299.75700000001234, 553983.699999999953434 ], [ 194195.649, 554001.312000000034459 ], [ 194144.810999999986961, 554009.912000000011176 ], [ 194100.00700000001234, 554017.491000000038184 ], [ 194053.921, 554025.287000000011176 ], [ 193995.062, 554035.243999999947846 ], [ 193842.327, 554061.082999999984168 ], [ 193784.201, 554070.915999999968335 ], [ 193671.446999999985565, 554089.991000000038184 ], [ 193613.62599999998929, 554099.773000000044703 ], [ 193534.060999999986961, 554113.233 ], [ 193452.839, 554126.974000000045635 ], [ 193444.29, 554128.42000000004191 ], [ 193350.733, 554144.282 ], [ 193365.022, 554166.003999999957159 ], [ 193371.534000000014203, 554175.90300000004936 ], [ 193374.38, 554180.229999999981374 ], [ 193393.911, 554209.603 ], [ 193394.920000000012806, 554211.12 ], [ 193397.38, 554214.64000000001397 ], [ 193414.108, 554231.354999999981374 ], [ 193419.871000000013737, 554239.378000000026077 ], [ 193425.297, 554244.248999999952503 ], [ 193429.522999999986496, 554249.363999999943189 ], [ 193433.909000000014203, 554255.339000000036322 ], [ 193450.968, 554283.74 ], [ 193473.293, 554320.363000000012107 ], [ 193492.921, 554351.027 ], [ 193494.685, 554353.783000000054017 ], [ 193517.950000000011642, 554391.108 ], [ 193519.408, 554393.628999999957159 ], [ 193526.062, 554405.131000000052154 ], [ 193547.098999999987427, 554440.143000000040047 ], [ 193553.258, 554450.265999999945052 ], [ 193567.647999999986496, 554473.917999999946915 ], [ 193584.201, 554500.35999999998603 ], [ 193590.378, 554510.226999999955297 ], [ 193622.958000000013271, 554563.25199999997858 ], [ 193629.659000000014203, 554574.09699999995064 ], [ 193637.866, 554587.381000000052154 ], [ 193643.158, 554595.854000000050291 ], [ 193647.343, 554602.856999999959953 ], [ 193651.065, 554608.691 ], [ 193653.919, 554613.50199999997858 ], [ 193656.777, 554620.22199999995064 ], [ 193659.682, 554626.962999999988824 ], [ 193663.059, 554632.692000000039116 ], [ 193663.9915, 554634.3234 ], [ 193796.287000000011176, 554567.231000000028871 ], [ 193917.182, 554554.14000000001397 ], [ 194006.366, 554518.562000000034459 ], [ 194308.98499999998603, 554687.537999999942258 ], [ 194669.445, 554571.030999999959022 ], [ 194843.469000000011874, 554980.142 ], [ 194894.228, 554987.731999999959953 ], [ 195475.416, 556467.912999999942258 ], [ 195725.415, 556313.738999999943189 ], [ 196314.054, 557937.079000000027008 ], [ 196121.478, 558153.052999999956228 ], [ 196171.4573, 558260.322000000043772 ], [ 196321.022, 558248.84699999995064 ], [ 196470.586000000010245, 558237.371999999973923 ] ], [ [ 196144.1979, 555624.487199999974109 ], [ 196133.1575, 555628.403500000014901 ], [ 196110.939000000013039, 555571.677999999956228 ], [ 196104.011, 555553.99 ], [ 196077.491, 555485.38 ], [ 196059.891, 555439.660000000032596 ], [ 196057.491, 555437.300000000046566 ], [ 196032.797, 555355.457999999984168 ], [ 196023.50099999998929, 555324.650000000023283 ], [ 196021.041, 555311.12 ], [ 196021.340999999985797, 555298.819999999948777 ], [ 196023.321, 555253.589999999967404 ], [ 196026.201, 555247.42000000004191 ], [ 196027.571, 555242.01 ], [ 196029.681000000011409, 555235.62 ], [ 196032.391, 555229.770000000018626 ], [ 196033.590999999985797, 555226.35999999998603 ], [ 196035.301, 555212.62 ], [ 196037.381, 555194.99 ], [ 196036.060999999986961, 555165.540000000037253 ], [ 196035.7894, 555164.21840000001248 ], [ 196038.5754, 555162.79929999995511 ], [ 196052.9913, 555160.176699999952689 ], [ 196070.0878, 555159.28269999998156 ], [ 196113.923700000013923, 555158.023599999956787 ], [ 196123.881, 555158.74 ], [ 196126.919, 555159.98699999996461 ], [ 196187.7529, 555207.532299999962561 ], [ 196206.355000000010477, 555222.070900000049733 ], [ 196216.0801, 555209.6276 ], [ 196202.207499999989523, 555200.550999999977648 ], [ 196195.131, 555175.589000000036322 ], [ 196177.878999999986263, 555122.12 ], [ 196167.916999999986729, 555088.652 ], [ 196167.098, 555083.292000000015832 ], [ 196169.479, 555081.952999999979511 ], [ 196195.057299999985844, 555078.968600000021979 ], [ 196209.7937, 555077.249300000024959 ], [ 196219.56349999998929, 555117.6385 ], [ 196240.99, 555114.020999999949709 ], [ 196248.619, 555111.278999999980442 ], [ 196256.6152, 555110.729599999962375 ], [ 196292.3948, 555103.714000000036322 ], [ 196333.231300000014016, 555093.867699999944307 ], [ 196323.634499999985565, 555063.2733 ], [ 196377.969000000011874, 555049.868999999947846 ], [ 196395.815, 555119.606000000028871 ], [ 196440.024, 555108.726999999955297 ], [ 196430.9235, 555068.243000000016764 ], [ 196432.0105, 555066.008999999961816 ], [ 196437.43, 555064.258000000030734 ], [ 196444.63, 555064.62 ], [ 196455.62599999998929, 555062.2768 ], [ 196461.98499999998603, 555095.714099999982864 ], [ 196470.6227, 555132.131500000017695 ], [ 196551.88, 555115.476999999955297 ], [ 196566.857599999988452, 555111.240699999965727 ], [ 196561.567099999985658, 555088.371700000017881 ], [ 196618.122200000012526, 555075.288199999951757 ], [ 196625.939600000012433, 555103.496000000042841 ], [ 196650.125, 555100.57550000003539 ], [ 196647.628999999986263, 555081.968 ], [ 196685.017, 555073.23499999998603 ], [ 196659.187899999989895, 554968.401100000017323 ], [ 196681.019999999989523, 554964.11199999996461 ], [ 196687.288, 554988.628000000026077 ], [ 196715.506, 554981.569999999948777 ], [ 196737.8767, 554979.508200000040233 ], [ 196778.7416, 554970.031399999978021 ], [ 196801.3119, 555067.355800000019372 ], [ 196811.8475, 555063.891199999954551 ], [ 196862.72, 555048.752100000041537 ], [ 196815.9, 554850.523999999975786 ], [ 196858.865, 554840.199000000022352 ], [ 196883.676, 554950.353 ], [ 196902.483, 554946.189000000013039 ], [ 196907.123, 554966.962999999988824 ], [ 196929.654, 554961.927999999956228 ], [ 196930.525, 554966.006999999983236 ], [ 196990.3847, 554953.402099999948405 ], [ 196999.025, 554992.804 ], [ 197004.886999999987893, 555015.45499999995809 ], [ 197005.817000000010012, 555018.861000000033528 ], [ 197009.2388, 555031.393000000040047 ], [ 196975.981999999989057, 555037.882499999948777 ], [ 196946.575000000011642, 555043.738999999943189 ], [ 196920.573, 555049.1544 ], [ 196949.96720000001369, 555177.1679 ], [ 196942.881, 555179.295999999972992 ], [ 196932.356999999989057, 555181.550999999977648 ], [ 196920.831, 555183.555000000051223 ], [ 196892.8562, 555187.929099999950267 ], [ 196914.752100000012433, 555282.32460000005085 ], [ 196905.152800000010757, 555294.134500000043772 ], [ 196853.4165, 555254.930599999963306 ], [ 196849.6636, 555256.659100000048056 ], [ 196847.51500000001397, 555260.318500000052154 ], [ 196851.509, 555278.12300000002142 ], [ 196856.362, 555300.057999999960884 ], [ 196822.981, 555308.12 ], [ 196809.017, 555250.321 ], [ 196780.585, 555256.01300000003539 ], [ 196766.943999999988591, 555197.143999999971129 ], [ 196764.334, 555195.712000000057742 ], [ 196727.372, 555206.15300000004936 ], [ 196718.965999999985797, 555208.79500000004191 ], [ 196711.041, 555209.996000000042841 ], [ 196698.717, 555211.520999999949709 ], [ 196693.75700000001234, 555212.292000000015832 ], [ 196680.008, 555214.547999999951571 ], [ 196679.810999999986961, 555214.57999999995809 ], [ 196672.951, 555218.51 ], [ 196619.670000000012806, 555233.871000000042841 ], [ 196627.244, 555265.042000000015832 ], [ 196639.538999999989755, 555315.22199999995064 ], [ 196654.25, 555375.942999999970198 ], [ 196674.23499999998603, 555454.476000000024214 ], [ 196674.5403, 555455.675900000031106 ], [ 196703.0589, 555567.742100000032224 ], [ 196523.575000000011642, 555613.417000000015832 ], [ 196506.772, 555618.087000000057742 ], [ 196485.586000000010245, 555623.976000000024214 ], [ 196467.293, 555629.060000000055879 ], [ 196448.976, 555634.150999999954365 ], [ 196407.799999999988358, 555645.596000000019558 ], [ 196405.182, 555646.253999999957159 ], [ 196394.47, 555648.947000000043772 ], [ 196393.7036, 555646.1742 ], [ 196172.051799999986542, 555707.400200000032783 ], [ 196171.7452, 555706.445100000011735 ], [ 196144.1979, 555624.487199999974109 ] ] ] ] } },
{ "type": "Feature", "properties": { "buurtcode": "BU00860901", "buurtnaam": "Lippenhuizen-Kom", "pc6_codes": "8408HA, 8408HB, 8408HG, 8408HH, 8408HJ, 8408HK, 8408HL, 8408HM, 8408HN, 8408HP, 8408HR, 8408HS, 8408HT, 8408HV, 8408HW, 8408HX, 8408HZ, 8408JA, 8408JB, 8408JC, 8408JG, 8408JH, 8408JJ, 8408JK, 8408JL, 8408KA, 8408KB, 8408KC", "wijkcode": "WK008609", "gemeentecode": "GM0086", "gemeentenaam": "Opsterland", "oppervlakteLandInHa": 58, "AantalInwoners_5": 940, "Mannen_6": 480, "Vrouwen_7": 465, "HuishoudensTotaal_29": 420, "GemiddeldeHuishoudensgrootte_33": 2.2, "Woningvoorraad_35": 424, "NieuwbouwWoningen_36": 3, "NietWoningvoorraad_37": 18, "NieuwbouwNietWoningen_38": 0, "GemiddeldeWOZWaardeVanWoningen_39": 329, "PercentageEengezinswoning_40": 95, "PercentageTussenwoningEengezins_41": 5, "PercentageHoekwoningEengezins_42": 5, "PercentageTweeOnderEenKapWoningEe_43": 32, "PercentageVrijstaandeWoningEengezins_44": 53, "PercentageMeergezinswoning_45": 5, "Koopwoningen_47": 75, "HuurwoningenTotaal_48": 25, "InBezitWoningcorporatie_49": 20, "InBezitOverigeVerhuurders_50": 5, "BouwjaarMeerDanTienJaarGeleden_51": 95, "BouwjaarAfgelopenTienJaar_52": 5, "GemiddeldeElektriciteitslevering_53": 2740, "GemiddeldeElektriciteitsteruglevering_54": 1190, "GemiddeldAardgasverbruik_55": 1000, "AardgasvrijeWoningen_57": 5, "Aardgaswoningen_58": 89, "WoningenMetZonnestroom_59": 50, "WoningenHoofdzElektrVerwarmd_60": 9, "k_20PersonenMetHoogsteInkomen_80": 14.5, "k_20HuishoudensMetHoogsteInkomen_85": 16.9, "MediaanVermogenVanParticuliereHuish_86": 190.0, "PersonenautoSTotaal_104": 565, "PersonenautoSBrandstofBenzine_105": 440, "PersonenautoSOverigeBrandstof_106": 125, "PersonenautoSPerHuishouden_107": 1.3, "Omgevingsadressendichtheid_121": 155, "AantalInstallatiesBijWoningen_5": 174, "OpgesteldVermogenVanZonnepanelen_6": 742, "installaties_per_woning": 0.41037735849056606, "vermogen_per_woning": 1.75, "installaties_per_100_woningen": 41.037735849056602, "vermogen_per_huishouden": 1.7666666666666666, "batterijdruk_score": 595.0, "koop_zon_score": 0.375, "eengezins_zon_score": 0.475, "betaalkracht_zon_score": 95.0, "overige_brandstof_zon_score": 62.5, "lichte_batterij_kansscore": 0.47654899234960996 }, "geometry": { "type": "MultiPolygon", "coordinates": [ [ [ [ 202866.465, 559944.305999999982305 ], [ 202885.596, 559916.020999999949709 ], [ 202898.733, 559898.70499999995809 ], [ 202907.964, 559886.988000000012107 ], [ 202938.211000000010245, 559850.111000000033528 ], [ 202944.415, 559841.04500000004191 ], [ 202948.31, 559837.03000000002794 ], [ 202950.64000000001397, 559834.14000000001397 ], [ 202953.405, 559831.413999999989755 ], [ 202929.161, 559806.386999999987893 ], [ 202900.804, 559777.278999999980442 ], [ 202895.225, 559771.550999999977648 ], [ 202892.246000000013737, 559767.118999999947846 ], [ 202891.372, 559762.525999999954365 ], [ 202891.481, 559757.059 ], [ 202893.778, 559752.466000000014901 ], [ 202899.114, 559743.893999999971129 ], [ 202905.788, 559733.419 ], [ 202925.725, 559701.707000000053085 ], [ 202927.337, 559698.843 ], [ 202927.780999999988126, 559696.202999999979511 ], [ 202930.431000000011409, 559696.87 ], [ 202934.488000000012107, 559697.273000000044703 ], [ 202937.981, 559696.351999999955297 ], [ 202941.318999999988591, 559693.398999999975786 ], [ 202954.090999999985797, 559673.496999999973923 ], [ 202974.163, 559645.765999999945052 ], [ 202976.571999999985565, 559640.437999999965541 ], [ 202974.730000000010477, 559632.491000000038184 ], [ 202969.608, 559626.180000000051223 ], [ 202962.856999999989057, 559619.38800000003539 ], [ 202956.234, 559613.653999999980442 ], [ 202949.518000000010943, 559606.800999999977648 ], [ 202944.077, 559601.413999999989755 ], [ 202937.174, 559596.861000000033528 ], [ 202930.547, 559591.736000000033528 ], [ 202927.163, 559587.277 ], [ 202924.87599999998929, 559585.331 ], [ 202923.457, 559584.886999999987893 ], [ 202916.673, 559582.765999999945052 ], [ 202889.94, 559566.444000000017695 ], [ 202882.003999999986263, 559562.062000000034459 ], [ 202859.454999999987194, 559598.042999999946915 ], [ 202846.163, 559619.64000000001397 ], [ 202752.853, 559549.015999999945052 ], [ 202765.168, 559529.314000000013039 ], [ 202786.259, 559497.392 ], [ 202788.0504, 559494.0993 ], [ 202754.722, 559471.184299999964423 ], [ 202762.312, 559460.578899999964051 ], [ 202670.3602, 559401.472900000051595 ], [ 202698.4448, 559356.735699999961071 ], [ 202717.5771, 559327.163999999989755 ], [ 202701.314600000012433, 559318.193699999945238 ], [ 202673.8976, 559303.2781 ], [ 202655.2523, 559293.115800000028685 ], [ 202651.2611, 559290.850800000014715 ], [ 202638.274899999989429, 559283.698500000056811 ], [ 202623.562, 559274.998999999952503 ], [ 202630.332, 559263.263999999966472 ], [ 202655.598999999987427, 559219.491999999969266 ], [ 202675.329999999987194, 559185.309 ], [ 202697.218, 559149.322000000043772 ], [ 202717.962, 559115.587000000057742 ], [ 202732.64000000001397, 559091.422999999951571 ], [ 202741.198, 559076.956 ], [ 202755.201, 559053.685999999986961 ], [ 202772.989, 559024.932999999960884 ], [ 202778.448800000012852, 559015.5379 ], [ 202774.223, 559013.12699999997858 ], [ 202660.647999999986496, 558945.859500000020489 ], [ 202634.897999999986496, 558989.13800000003539 ], [ 202578.2753, 558954.9131 ], [ 202604.9633, 558909.3469 ], [ 202631.4625, 558862.112500000046566 ], [ 202633.1845, 558858.993000000016764 ], [ 202628.971, 558856.596000000019558 ], [ 202625.465, 558854.601999999955297 ], [ 202573.863000000012107, 558825.253000000026077 ], [ 202585.089, 558804.731000000028871 ], [ 202544.534000000014203, 558782.13800000003539 ], [ 202487.877, 558884.321 ], [ 202426.79, 558996.386999999987893 ], [ 202424.35999999998603, 558997.863000000012107 ], [ 202400.704, 558985.792000000015832 ], [ 202376.067000000010012, 558973.449999999953434 ], [ 202351.284000000014203, 558961.037999999942258 ], [ 202415.00700000001234, 558842.849999999976717 ], [ 202409.196999999985565, 558840.145499999984168 ], [ 202385.9585, 558827.847500000032596 ], [ 202368.8699, 558819.043500000028871 ], [ 202359.48499999998603, 558814.175000000046566 ], [ 202342.021, 558805.15500000002794 ], [ 202315.242, 558791.425000000046566 ], [ 202298.922, 558783.185000000055879 ], [ 202282.427, 558815.917000000015832 ], [ 202282.269, 558816.248999999952503 ], [ 202272.7475, 558812.093 ], [ 202249.981, 558801.559 ], [ 202240.0435, 558796.765999999945052 ], [ 202221.681000000011409, 558787.626000000047497 ], [ 202217.8295, 558795.54749999998603 ], [ 202210.481999999989057, 558810.660000000032596 ], [ 202207.098, 558808.878999999957159 ], [ 202190.82, 558800.312999999965541 ], [ 202183.018000000010943, 558796.207000000053085 ], [ 202163.468, 558785.824000000022352 ], [ 202158.831, 558783.361000000033528 ], [ 202141.022999999986496, 558819.01 ], [ 202119.772999999986496, 558865.386000000056811 ], [ 202106.223999999987427, 558894.834999999962747 ], [ 202099.0955, 558909.476999999955297 ], [ 202094.6024, 558918.87300000002142 ], [ 202091.967, 558924.118999999947846 ], [ 202071.7615, 558965.470500000054017 ], [ 202028.5865, 559059.8295 ], [ 202017.774, 559082.082999999984168 ], [ 201972.2305, 559067.387800000025891 ], [ 201922.12599999998929, 559053.042000000015832 ], [ 201942.937100000010105, 559009.18550000002142 ], [ 201949.296200000011595, 558991.766500000027008 ], [ 201973.914500000013504, 558936.362700000056066 ], [ 201980.814699999988079, 558919.704000000027008 ], [ 201992.4645, 558891.578899999964051 ], [ 201897.0263, 558852.047200000029989 ], [ 201878.8743, 558895.37300000002142 ], [ 201797.56150000001071, 558865.124399999971502 ], [ 201780.107599999988452, 558855.20050000003539 ], [ 201726.6187, 558837.632600000011735 ], [ 201710.829, 558876.728400000021793 ], [ 201512.9247, 558806.929600000032224 ], [ 201523.5287, 558774.956 ], [ 201521.638199999986682, 558774.329400000046007 ], [ 201487.837, 558761.895000000018626 ], [ 201457.22, 558749.892 ], [ 201426.214, 558737.746000000042841 ], [ 201409.494, 558731.810999999986961 ], [ 201303.562, 558701.582999999984168 ], [ 201300.613000000012107, 558712.476000000024214 ], [ 201262.97, 558700.461000000010245 ], [ 201276.261999999987893, 558650.559 ], [ 201277.017, 558644.743000000016764 ], [ 201258.922, 558640.756999999983236 ], [ 201243.519, 558637.633999999961816 ], [ 201233.60999999998603, 558636.773000000044703 ], [ 201218.386, 558633.491999999969266 ], [ 201161.666, 558854.422000000020489 ], [ 201159.138, 558853.535000000032596 ], [ 201140.676100000011502, 558927.7402 ], [ 201243.780999999988126, 558953.65500000002794 ], [ 201253.928000000014435, 558918.044 ], [ 201298.704999999987194, 558930.033999999985099 ], [ 201351.038, 558945.76 ], [ 201392.144, 558957.422000000020489 ], [ 201456.339, 558975.983 ], [ 201484.415, 558983.615 ], [ 201491.919, 558958.98499999998603 ], [ 201560.383, 558980.441 ], [ 201560.255, 558991.378999999957159 ], [ 201561.923, 559000.0 ], [ 201563.39000000001397, 559010.259500000043772 ], [ 201562.9215, 559016.571 ], [ 201592.712, 559027.011999999987893 ], [ 201607.748, 559041.593 ], [ 201612.785, 559045.15500000002794 ], [ 201618.096, 559048.258000000030734 ], [ 201638.339, 559055.439999999944121 ], [ 201647.068999999988591, 559059.045999999972992 ], [ 201646.4369, 559060.8075 ], [ 201654.899, 559063.913999999989755 ], [ 201680.029, 559073.591000000014901 ], [ 201692.8488, 559078.527600000030361 ], [ 201700.372, 559058.976000000024214 ], [ 201749.161499999987427, 559074.746000000042841 ], [ 201741.89000000001397, 559091.976000000024214 ], [ 201789.776000000012573, 559109.753000000026077 ], [ 201795.1244, 559097.918599999975413 ], [ 201804.32, 559076.606999999959953 ], [ 201816.837999999988824, 559044.782 ], [ 201847.568, 559053.57999999995809 ], [ 201846.321, 559057.398000000044703 ], [ 201835.606, 559088.646100000012666 ], [ 201836.933599999989383, 559090.6215 ], [ 201871.657, 559106.417999999946915 ], [ 201871.639399999985471, 559110.57570000004489 ], [ 201860.2768, 559136.181699999957345 ], [ 201862.24, 559136.902 ], [ 201879.852000000013504, 559144.506999999983236 ], [ 201920.462, 559161.030999999959022 ], [ 201967.5535, 559181.037200000020675 ], [ 201970.208600000012666, 559180.798799999989569 ], [ 201976.533, 559168.932000000029802 ], [ 201989.934100000013132, 559140.64179999998305 ], [ 201991.191, 559141.15500000002794 ], [ 201995.258, 559143.163999999989755 ], [ 202020.704999999987194, 559153.59699999995064 ], [ 202035.248499999986961, 559159.899500000057742 ], [ 202028.913999999989755, 559172.280099999974482 ], [ 202031.013, 559173.084999999962747 ], [ 202067.695, 559189.415999999968335 ], [ 202077.4527, 559169.693699999945238 ], [ 202096.685300000011921, 559178.0381 ], [ 202101.905999999988126, 559166.988999999943189 ], [ 202103.31150000001071, 559166.532400000025518 ], [ 202116.35, 559171.104999999981374 ], [ 202130.071999999985565, 559176.2095 ], [ 202129.568999999988591, 559177.518000000040047 ], [ 202133.797, 559178.138999999966472 ], [ 202155.454, 559183.180000000051223 ], [ 202162.775, 559185.388999999966472 ], [ 202163.704, 559185.812999999965541 ], [ 202153.8819, 559203.8822 ], [ 202207.48499999998603, 559232.484000000054948 ], [ 202197.104499999986729, 559251.476000000024214 ], [ 202219.51, 559264.172000000020489 ], [ 202221.177399999985937, 559265.116900000022724 ], [ 202230.3965, 559248.149500000057742 ], [ 202234.3001, 559246.980499999946915 ], [ 202248.869799999985844, 559254.301800000015646 ], [ 202273.2849, 559267.158999999985099 ], [ 202305.988699999987148, 559284.3247 ], [ 202309.0863, 559292.371099999989383 ], [ 202298.2071, 559312.584099999978207 ], [ 202305.35, 559317.123999999952503 ], [ 202339.456, 559338.802999999956228 ], [ 202340.956, 559339.591999999945983 ], [ 202352.91, 559345.878999999957159 ], [ 202354.655, 559346.797000000020489 ], [ 202361.337, 559349.976999999955297 ], [ 202364.51500000001397, 559352.153999999980442 ], [ 202373.057999999989988, 559358.01 ], [ 202377.321, 559360.932000000029802 ], [ 202387.843, 559367.770999999949709 ], [ 202392.788999999989755, 559370.98499999998603 ], [ 202386.086000000010245, 559384.26 ], [ 202385.901000000012573, 559386.449000000022352 ], [ 202386.852000000013504, 559389.091999999945983 ], [ 202388.872, 559390.724999999976717 ], [ 202392.918, 559393.153999999980442 ], [ 202397.480000000010477, 559395.398999999975786 ], [ 202417.394999999989523, 559405.930000000051223 ], [ 202437.707, 559417.662999999942258 ], [ 202466.5718, 559434.945300000021234 ], [ 202469.8714, 559437.791300000040792 ], [ 202470.465300000010757, 559441.364399999962188 ], [ 202472.106, 559441.71999999997206 ], [ 202474.375, 559441.7731 ], [ 202477.071, 559442.175999999977648 ], [ 202480.75700000001234, 559442.930999999982305 ], [ 202484.8009, 559445.276300000026822 ], [ 202499.1171, 559456.097300000023097 ], [ 202499.6617, 559458.121399999945424 ], [ 202494.907700000010664, 559466.264500000048429 ], [ 202492.3421, 559470.860600000014529 ], [ 202494.421, 559472.098 ], [ 202524.276000000012573, 559489.275000000023283 ], [ 202520.073, 559495.900999999954365 ], [ 202517.941400000010617, 559499.816400000010617 ], [ 202528.185, 559505.359000000054948 ], [ 202536.74299999998766, 559510.261999999987893 ], [ 202542.939000000013039, 559514.648999999975786 ], [ 202547.8658, 559518.137299999943934 ], [ 202546.5106, 559524.329000000027008 ], [ 202542.1024, 559532.971499999985099 ], [ 202555.1384, 559541.492899999953806 ], [ 202568.824499999987893, 559551.300500000012107 ], [ 202571.465999999985797, 559555.778999999980442 ], [ 202579.669, 559561.003999999957159 ], [ 202593.50700000001234, 559569.246000000042841 ], [ 202603.788999999989755, 559575.27800000004936 ], [ 202606.256, 559577.358 ], [ 202615.8799, 559589.184499999973923 ], [ 202622.128, 559594.474999999976717 ], [ 202631.81, 559602.199999999953434 ], [ 202638.054, 559606.910000000032596 ], [ 202644.901000000012573, 559612.017 ], [ 202657.825000000011642, 559620.464999999967404 ], [ 202658.968, 559618.714000000036322 ], [ 202693.623, 559643.537000000011176 ], [ 202686.994, 559651.962999999988824 ], [ 202689.321, 559653.702000000048429 ], [ 202701.4, 559662.726000000024214 ], [ 202709.252, 559653.615 ], [ 202725.734, 559635.297999999951571 ], [ 202726.881, 559634.023000000044703 ], [ 202750.521100000012666, 559660.0914000000339 ], [ 202750.7394, 559663.229900000034831 ], [ 202728.3867, 559694.5148 ], [ 202725.229499999986729, 559700.6539000000339 ], [ 202731.57, 559704.167000000015832 ], [ 202741.54, 559712.37699999997858 ], [ 202772.44, 559682.236000000033528 ], [ 202786.035, 559695.966000000014901 ], [ 202785.214, 559696.78000000002794 ], [ 202780.934, 559702.76 ], [ 202770.628, 559717.307999999960884 ], [ 202757.291999999986729, 559737.408999999985099 ], [ 202755.687, 559739.697999999974854 ], [ 202756.682, 559740.332999999984168 ], [ 202776.090999999985797, 559757.631999999983236 ], [ 202776.884, 559761.99800000002142 ], [ 202796.6122, 559773.591299999970943 ], [ 202804.583000000013271, 559762.491999999969266 ], [ 202818.234, 559742.270999999949709 ], [ 202822.674999999988358, 559734.564999999944121 ], [ 202828.659000000014203, 559740.555000000051223 ], [ 202869.065, 559782.890999999945052 ], [ 202869.477000000013504, 559783.177000000025146 ], [ 202868.302, 559785.785999999963678 ], [ 202851.098, 559809.76 ], [ 202836.277, 559831.224000000045635 ], [ 202824.090999999985797, 559849.40500000002794 ], [ 202807.923, 559873.337000000057742 ], [ 202787.886, 559901.192999999970198 ], [ 202804.543, 559913.76 ], [ 202828.157, 559932.177999999956228 ], [ 202858.174999999988358, 559955.986000000033528 ], [ 202866.465, 559944.305999999982305 ] ] ] ] } },
{ "type": "Feature", "properties": { "buurtcode": "BU00860902", "buurtnaam": "Lippenhuizen-Buitengebied", "pc6_codes": "8408CA, 8408CB, 8408CC, 8408CD, 8408CE, 8408CG, 8408CH, 8408CJ, 8408HC, 8408HD, 8408HE, 8408HR, 8408JD", "wijkcode": "WK008609", "gemeentecode": "GM0086", "gemeentenaam": "Opsterland", "oppervlakteLandInHa": 1549, "AantalInwoners_5": 370, "Mannen_6": 190, "Vrouwen_7": 180, "HuishoudensTotaal_29": 150, "GemiddeldeHuishoudensgrootte_33": 2.5, "Woningvoorraad_35": 147, "NieuwbouwWoningen_36": 0, "NietWoningvoorraad_37": 8, "NieuwbouwNietWoningen_38": 0, "GemiddeldeWOZWaardeVanWoningen_39": 466, "PercentageEengezinswoning_40": 100, "PercentageTussenwoningEengezins_41": 0, "PercentageHoekwoningEengezins_42": 0, "PercentageTweeOnderEenKapWoningEe_43": 4, "PercentageVrijstaandeWoningEengezins_44": 96, "PercentageMeergezinswoning_45": 0, "Koopwoningen_47": 96, "HuurwoningenTotaal_48": 4, "InBezitWoningcorporatie_49": 0, "InBezitOverigeVerhuurders_50": 4, "BouwjaarMeerDanTienJaarGeleden_51": 96, "BouwjaarAfgelopenTienJaar_52": 4, "GemiddeldeElektriciteitslevering_53": 3640, "GemiddeldeElektriciteitsteruglevering_54": 2110, "GemiddeldAardgasverbruik_55": 1280, "AardgasvrijeWoningen_57": 3, "Aardgaswoningen_58": 88, "WoningenMetZonnestroom_59": 58, "WoningenHoofdzElektrVerwarmd_60": 12, "k_20PersonenMetHoogsteInkomen_80": 19.6, "k_20HuishoudensMetHoogsteInkomen_85": 29.7, "MediaanVermogenVanParticuliereHuish_86": 471.3, "PersonenautoSTotaal_104": 245, "PersonenautoSBrandstofBenzine_105": 165, "PersonenautoSOverigeBrandstof_106": 80, "PersonenautoSPerHuishouden_107": 1.7, "Omgevingsadressendichtheid_121": 83, "AantalInstallatiesBijWoningen_5": 57, "OpgesteldVermogenVanZonnepanelen_6": 271, "installaties_per_woning": 0.38775510204081631, "vermogen_per_woning": 1.8435374149659864, "installaties_per_100_woningen": 38.775510204081634, "vermogen_per_huishouden": 1.8066666666666666, "batterijdruk_score": 1223.8, "koop_zon_score": 0.5568, "eengezins_zon_score": 0.58, "betaalkracht_zon_score": 273.354, "overige_brandstof_zon_score": 46.4, "lichte_batterij_kansscore": 0.57030621801861325 }, "geometry": { "type": "MultiPolygon", "coordinates": [ [ [ [ 204006.125, 560864.817000000039116 ], [ 204047.25700000001234, 560887.716000000014901 ], [ 204080.340999999985797, 560830.175000000046566 ], [ 204035.666999999986729, 560820.131999999983236 ], [ 204586.625, 559986.800999999977648 ], [ 204632.835, 560014.356999999959953 ], [ 205440.065, 558767.63800000003539 ], [ 205431.628, 558765.13 ], [ 205411.351, 558759.103 ], [ 205404.946, 558757.199999999953434 ], [ 205404.367, 558757.02800000004936 ], [ 205393.729, 558753.800999999977648 ], [ 205382.017, 558750.24800000002142 ], [ 205370.828, 558746.853 ], [ 205370.166, 558746.660999999963678 ], [ 205369.984, 558746.601999999955297 ], [ 205357.571, 558742.609000000054948 ], [ 205339.238000000012107, 558736.685999999986961 ], [ 205321.085, 558730.726000000024214 ], [ 205296.845, 558722.447999999974854 ], [ 205295.852000000013504, 558723.925999999977648 ], [ 205266.087, 558713.283999999985099 ], [ 205250.702, 558708.066 ], [ 205244.075000000011642, 558705.599000000045635 ], [ 205240.738000000012107, 558704.145000000018626 ], [ 205234.586000000010245, 558701.464000000036322 ], [ 205202.837999999988824, 558691.040999999968335 ], [ 205198.074, 558689.57999999995809 ], [ 205178.722, 558683.643000000040047 ], [ 205174.204, 558682.136000000056811 ], [ 205174.021, 558682.074999999953434 ], [ 205172.182, 558681.462000000057742 ], [ 205172.108, 558681.437000000034459 ], [ 205169.226, 558680.476000000024214 ], [ 205135.832, 558668.685000000055879 ], [ 205113.171, 558660.858 ], [ 205109.307, 558659.523000000044703 ], [ 205107.753, 558658.986000000033528 ], [ 205081.921, 558649.675999999977648 ], [ 205082.255, 558648.517 ], [ 205070.891, 558644.40500000002794 ], [ 205065.435, 558642.430999999982305 ], [ 205047.759, 558635.598 ], [ 205036.684, 558631.537999999942258 ], [ 205017.834, 558624.628000000026077 ], [ 205002.586000000010245, 558618.518999999971129 ], [ 205001.746000000013737, 558618.182999999960884 ], [ 204999.467, 558617.270000000018626 ], [ 204998.049999999988358, 558616.631000000052154 ], [ 204973.005, 558605.341000000014901 ], [ 204957.199, 558598.143999999971129 ], [ 204937.423, 558586.966000000014901 ], [ 204937.373, 558586.937999999965541 ], [ 204936.372, 558586.371999999973923 ], [ 204932.805, 558583.821 ], [ 204915.746000000013737, 558565.174 ], [ 204902.805, 558552.471000000019558 ], [ 204897.643000000010943, 558547.403999999980442 ], [ 204888.556000000011409, 558538.773000000044703 ], [ 204883.053000000014435, 558533.694000000017695 ], [ 204873.218, 558524.616000000038184 ], [ 204858.943, 558511.064000000013039 ], [ 204840.355000000010477, 558493.417000000015832 ], [ 204822.913, 558477.13800000003539 ], [ 204826.861, 558471.028999999980442 ], [ 204827.566, 558469.937000000034459 ], [ 204830.166, 558465.912999999942258 ], [ 204797.71, 558437.569999999948777 ], [ 204775.867, 558418.495 ], [ 204775.614, 558418.273999999975786 ], [ 204772.840999999985797, 558415.853 ], [ 204782.427, 558402.434 ], [ 204782.43, 558401.658000000054017 ], [ 204782.752, 558391.111000000033528 ], [ 204785.139, 558378.582999999984168 ], [ 204786.521, 558371.332999999984168 ], [ 204791.242, 558342.743000000016764 ], [ 204792.608, 558336.319000000017695 ], [ 204794.810999999986961, 558330.287000000011176 ], [ 204796.472, 558326.628000000026077 ], [ 204799.733, 558319.452000000048429 ], [ 204803.09, 558312.724000000045635 ], [ 204813.26500000001397, 558291.631000000052154 ], [ 204813.64000000001397, 558290.954000000027008 ], [ 204819.453, 558280.461000000010245 ], [ 204823.942000000010012, 558269.95499999995809 ], [ 204829.595, 558259.98499999998603 ], [ 204833.352000000013504, 558253.594000000040978 ], [ 204834.416, 558251.783999999985099 ], [ 204835.071999999985565, 558250.667999999946915 ], [ 204841.083000000013271, 558240.079000000027008 ], [ 204843.535, 558235.437000000034459 ], [ 204836.280999999988126, 558230.680999999982305 ], [ 204835.85, 558230.398999999975786 ], [ 204832.029, 558227.893999999971129 ], [ 204830.862, 558227.128999999957159 ], [ 204816.858, 558217.62699999997858 ], [ 204805.055, 558209.483 ], [ 204790.952, 558200.0 ], [ 204757.371000000013737, 558178.057999999960884 ], [ 204757.252, 558177.979999999981374 ], [ 204754.309, 558175.802999999956228 ], [ 204751.29, 558173.667000000015832 ], [ 204717.946999999985565, 558148.900999999954365 ], [ 204714.274, 558146.184 ], [ 204712.606, 558144.949999999953434 ], [ 204688.585, 558127.179 ], [ 204677.104, 558118.685000000055879 ], [ 204670.19, 558113.569999999948777 ], [ 204666.997, 558111.207000000053085 ], [ 204654.692000000010012, 558102.104000000050291 ], [ 204647.976, 558097.768999999971129 ], [ 204644.97, 558095.829000000027008 ], [ 204631.394999999989523, 558088.444000000017695 ], [ 204630.117, 558087.748999999952503 ], [ 204615.973999999987427, 558079.444999999948777 ], [ 204597.559, 558065.821 ], [ 204596.162000000011176, 558064.787999999942258 ], [ 204590.715999999985797, 558060.555000000051223 ], [ 204583.03, 558054.582000000053085 ], [ 204578.442000000010012, 558049.498999999952503 ], [ 204571.432, 558039.783999999985099 ], [ 204570.335, 558038.326 ], [ 204564.907, 558031.113999999943189 ], [ 204539.492, 558018.317999999970198 ], [ 204515.458000000013271, 558006.233 ], [ 204503.983, 558000.0 ], [ 204494.522999999986496, 557994.861000000033528 ], [ 204470.228, 557982.365 ], [ 204458.623, 557975.147 ], [ 204446.047, 557969.01 ], [ 204427.872, 557959.657 ], [ 204406.339, 557948.283999999985099 ], [ 204398.391, 557943.907 ], [ 204351.188, 557920.452999999979511 ], [ 204345.721, 557917.358 ], [ 204333.777, 557911.133999999961816 ], [ 204317.432, 557903.268999999971129 ], [ 204305.415, 557897.283000000054017 ], [ 204304.328, 557896.746000000042841 ], [ 204290.28, 557889.949999999953434 ], [ 204269.15, 557878.819999999948777 ], [ 204247.26, 557868.03000000002794 ], [ 204245.276000000012573, 557866.309 ], [ 204242.35, 557863.82999999995809 ], [ 204234.85, 557859.209999999962747 ], [ 204225.24, 557853.63 ], [ 204222.09, 557851.275999999954365 ], [ 204218.211000000010245, 557848.37699999997858 ], [ 204205.1, 557835.74 ], [ 204193.59, 557826.479999999981374 ], [ 204187.1, 557820.731999999959953 ], [ 204184.777, 557818.674 ], [ 204182.21, 557816.400000000023283 ], [ 204171.812, 557807.932000000029802 ], [ 204169.12, 557805.74 ], [ 204160.81, 557800.930000000051223 ], [ 204153.07, 557794.229999999981374 ], [ 204149.269, 557791.412000000011176 ], [ 204147.748, 557790.077999999979511 ], [ 204124.116, 557771.084000000031665 ], [ 204110.408, 557761.576 ], [ 204104.184, 557755.868999999947846 ], [ 204081.799999999988358, 557738.912000000011176 ], [ 204074.728, 557733.523999999975786 ], [ 204064.889, 557726.02800000004936 ], [ 204049.117, 557714.37300000002142 ], [ 204044.324, 557709.964000000036322 ], [ 204040.229, 557706.733 ], [ 204036.598, 557703.868999999947846 ], [ 204032.672, 557700.714000000036322 ], [ 204019.556000000011409, 557690.12699999997858 ], [ 204013.094000000011874, 557684.745 ], [ 204012.921, 557684.601000000024214 ], [ 204011.101, 557683.084999999962747 ], [ 204000.0, 557674.386999999987893 ], [ 203999.691, 557674.145000000018626 ], [ 203991.494, 557667.429 ], [ 203985.279, 557661.522 ], [ 203978.902, 557655.167999999946915 ], [ 203978.348, 557653.218 ], [ 203975.715, 557649.417000000015832 ], [ 203966.903, 557640.23499999998603 ], [ 203952.689000000013039, 557625.01500000001397 ], [ 203949.837999999988824, 557621.868000000016764 ], [ 203940.462, 557611.517 ], [ 203937.198, 557607.912999999942258 ], [ 203935.642, 557606.194999999948777 ], [ 203932.931000000011409, 557603.202000000048429 ], [ 203911.011, 557579.952999999979511 ], [ 203907.661, 557575.738000000012107 ], [ 203906.328, 557574.060999999986961 ], [ 203880.151000000012573, 557545.615 ], [ 203877.873, 557543.48699999996461 ], [ 203866.965999999985797, 557531.435000000055879 ], [ 203855.961000000010245, 557519.321 ], [ 203850.086000000010245, 557513.035999999963678 ], [ 203850.486, 557512.439999999944121 ], [ 203846.998, 557508.665999999968335 ], [ 203828.456, 557488.604999999981374 ], [ 203827.318999999988591, 557487.937999999965541 ], [ 203820.143000000010943, 557479.241000000038184 ], [ 203808.062, 557465.444999999948777 ], [ 203807.437, 557465.780999999959022 ], [ 203801.178000000014435, 557459.660000000032596 ], [ 203796.222, 557454.34699999995064 ], [ 203788.498, 557446.770000000018626 ], [ 203787.423, 557445.714999999967404 ], [ 203787.157, 557445.454000000027008 ], [ 203787.454, 557444.87 ], [ 203784.214, 557442.99800000002142 ], [ 203771.079, 557434.204000000027008 ], [ 203761.972, 557428.201 ], [ 203755.297, 557424.035000000032596 ], [ 203754.195, 557423.322999999974854 ], [ 203749.852000000013504, 557420.517 ], [ 203745.759, 557418.106000000028871 ], [ 203743.9, 557417.017 ], [ 203737.99, 557413.554 ], [ 203734.464, 557411.675999999977648 ], [ 203729.104, 557408.49 ], [ 203725.859, 557406.560999999986961 ], [ 203716.157, 557400.71999999997206 ], [ 203706.803000000014435, 557395.726000000024214 ], [ 203706.742, 557395.701 ], [ 203705.491, 557395.185000000055879 ], [ 203699.051, 557392.532 ], [ 203694.450000000011642, 557389.351999999955297 ], [ 203677.865, 557380.501000000047497 ], [ 203669.50700000001234, 557375.807999999960884 ], [ 203655.96, 557368.201 ], [ 203630.776000000012573, 557353.371000000042841 ], [ 203607.237, 557339.256999999983236 ], [ 203599.231999999989057, 557331.96999999997206 ], [ 203583.269999999989523, 557322.834000000031665 ], [ 203568.075000000011642, 557312.934 ], [ 203551.51500000001397, 557302.851000000024214 ], [ 203544.75099999998929, 557298.162999999942258 ], [ 203535.577, 557292.618999999947846 ], [ 203529.245, 557288.459999999962747 ], [ 203518.655999999988126, 557281.95499999995809 ], [ 203506.060999999986961, 557273.981000000028871 ], [ 203490.337999999988824, 557264.292999999946915 ], [ 203489.252, 557263.623999999952503 ], [ 203485.614, 557261.54500000004191 ], [ 203479.074, 557257.841000000014901 ], [ 203464.707, 557249.471000000019558 ], [ 203459.689000000013039, 557245.214999999967404 ], [ 203443.97, 557236.299 ], [ 203436.25700000001234, 557231.645999999949709 ], [ 203405.495, 557212.976000000024214 ], [ 203372.949, 557193.439999999944121 ], [ 203350.669, 557179.679 ], [ 203346.003999999986263, 557173.863000000012107 ], [ 203345.973999999987427, 557173.826 ], [ 203342.506, 557169.886000000056811 ], [ 203334.394999999989523, 557161.647 ], [ 203322.365, 557149.616999999969266 ], [ 203308.065, 557134.858 ], [ 203296.721, 557123.297000000020489 ], [ 203291.163, 557117.383000000030734 ], [ 203288.76, 557113.785999999963678 ], [ 203285.312, 557108.22199999995064 ], [ 203280.801, 557099.560999999986961 ], [ 203275.889, 557089.493999999947846 ], [ 203273.835, 557083.892 ], [ 203267.081, 557074.952000000048429 ], [ 203264.324, 557066.577000000048429 ], [ 203259.783, 557056.022 ], [ 203253.681000000011409, 557041.927000000025146 ], [ 203248.701, 557031.441 ], [ 203243.691, 557020.628000000026077 ], [ 203239.403, 557011.745 ], [ 203235.693999999988591, 557005.165999999968335 ], [ 203232.739, 557000.866000000038184 ], [ 203231.888, 557000.0 ], [ 203228.153, 556996.199000000022352 ], [ 203219.402, 556988.964000000036322 ], [ 203199.840999999985797, 556973.837999999988824 ], [ 203177.356, 556956.214999999967404 ], [ 203154.306000000011409, 556939.035000000032596 ], [ 203145.813, 556933.025000000023283 ], [ 203136.863000000012107, 556928.13800000003539 ], [ 203130.598999999987427, 556922.231000000028871 ], [ 203108.856999999989057, 556904.67000000004191 ], [ 203087.429, 556887.854999999981374 ], [ 203075.4, 556878.947000000043772 ], [ 203062.174999999988358, 556868.812999999965541 ], [ 203057.562, 556864.782 ], [ 203031.155999999988126, 556844.336000000010245 ], [ 203028.111, 556840.851000000024214 ], [ 203019.049, 556833.827999999979511 ], [ 203010.948, 556829.128000000026077 ], [ 203009.170000000012806, 556827.574999999953434 ], [ 202982.922, 556808.001000000047497 ], [ 202967.399, 556796.182999999960884 ], [ 202951.863000000012107, 556783.991000000038184 ], [ 202935.415, 556771.175000000046566 ], [ 202921.166999999986729, 556760.74 ], [ 202909.378999999986263, 556752.35999999998603 ], [ 202910.098999999987427, 556746.346000000019558 ], [ 202914.356, 556734.648000000044703 ], [ 202915.25, 556731.219000000040978 ], [ 202915.307999999989988, 556728.219000000040978 ], [ 202914.486, 556725.027 ], [ 202912.643000000010943, 556721.248999999952503 ], [ 202908.011999999987893, 556714.111000000033528 ], [ 202900.528, 556703.65300000004936 ], [ 202892.904, 556693.209999999962747 ], [ 202879.615, 556675.517 ], [ 202861.196, 556651.091000000014901 ], [ 202848.950000000011642, 556634.707999999984168 ], [ 202842.348, 556626.339999999967404 ], [ 202833.635, 556614.832999999984168 ], [ 202818.788999999989755, 556595.212999999988824 ], [ 202818.021, 556594.228 ], [ 202807.975, 556581.337999999988824 ], [ 202801.063, 556573.006999999983236 ], [ 202794.885, 556564.087000000057742 ], [ 202778.833000000013271, 556547.861000000033528 ], [ 202772.941, 556541.87699999997858 ], [ 202767.807999999989988, 556536.665000000037253 ], [ 202750.587999999988824, 556520.042000000015832 ], [ 202735.88, 556505.047999999951571 ], [ 202719.678000000014435, 556489.13 ], [ 202711.158, 556480.844000000040978 ], [ 202707.211000000010245, 556477.837000000057742 ], [ 202703.032, 556475.618999999947846 ], [ 202697.087999999988824, 556473.216999999945983 ], [ 202683.178000000014435, 556468.491000000038184 ], [ 202671.825000000011642, 556464.859000000054948 ], [ 202659.97, 556461.066 ], [ 202640.002, 556454.57999999995809 ], [ 202631.528, 556451.827000000048429 ], [ 202621.288999999989755, 556448.01300000003539 ], [ 202624.094000000011874, 556443.184400000027381 ], [ 202624.060999999986961, 556443.172000000020489 ], [ 202539.12400000001071, 556416.194999999948777 ], [ 202481.026000000012573, 556576.077999999979511 ], [ 202328.663, 556529.008000000030734 ], [ 202206.984, 556487.228 ], [ 201837.87, 557663.942000000039116 ], [ 201818.946999999985565, 557722.229000000050291 ], [ 201820.526000000012573, 557723.743999999947846 ], [ 201822.49, 557725.736000000033528 ], [ 201824.399, 557727.832999999984168 ], [ 201825.859, 557730.148999999975786 ], [ 201826.823, 557734.319000000017695 ], [ 201827.019, 557736.09499999997206 ], [ 201827.171, 557737.488999999943189 ], [ 201827.337999999988824, 557740.224999999976717 ], [ 201827.359, 557744.763999999966472 ], [ 201826.912000000011176, 557748.496000000042841 ], [ 201825.954999999987194, 557752.076 ], [ 201824.611, 557755.571 ], [ 201822.937, 557759.599000000045635 ], [ 201821.24, 557763.589999999967404 ], [ 201820.182, 557766.790999999968335 ], [ 201819.244, 557770.952999999979511 ], [ 201817.739, 557774.964999999967404 ], [ 201814.884, 557782.224999999976717 ], [ 201811.885, 557790.821 ], [ 201807.717, 557801.849999999976717 ], [ 201802.846, 557817.005 ], [ 201798.480000000010477, 557830.724999999976717 ], [ 201796.366, 557838.158000000054017 ], [ 201794.212, 557844.633999999961816 ], [ 201792.029, 557850.39000000001397 ], [ 201790.473, 557856.449000000022352 ], [ 201787.977000000013504, 557864.169 ], [ 201784.827, 557873.90500000002794 ], [ 201782.969000000011874, 557881.528999999980442 ], [ 201781.082, 557887.574999999953434 ], [ 201778.658, 557894.074999999953434 ], [ 201775.658, 557903.185999999986961 ], [ 201769.34, 557921.162999999942258 ], [ 201764.385, 557935.675000000046566 ], [ 201751.929, 557970.554 ], [ 201742.589, 558000.0 ], [ 201738.218, 558013.785000000032596 ], [ 201730.073, 558039.615 ], [ 201720.12, 558070.005 ], [ 201714.665, 558086.966999999945983 ], [ 201713.302, 558092.633000000030734 ], [ 201712.085, 558095.871000000042841 ], [ 201710.794, 558098.483 ], [ 201707.920000000012806, 558108.675999999977648 ], [ 201706.518000000010943, 558114.782 ], [ 201704.344000000011874, 558120.263999999966472 ], [ 201701.655, 558125.707999999984168 ], [ 201698.302, 558135.496999999973923 ], [ 201696.274, 558141.567000000039116 ], [ 201695.461000000010245, 558146.865 ], [ 201695.459, 558152.165999999968335 ], [ 201696.155999999988126, 558156.949000000022352 ], [ 201698.546, 558161.219000000040978 ], [ 201703.143000000010943, 558166.555999999982305 ], [ 201707.078, 558170.716999999945983 ], [ 201713.075000000011642, 558174.768000000040047 ], [ 201717.481999999989057, 558178.136000000056811 ], [ 201595.821999999985565, 558551.310000000055879 ], [ 201585.839, 558580.020999999949709 ], [ 201579.245, 558601.12699999997858 ], [ 201572.327, 558622.194000000017695 ], [ 201564.934, 558644.555000000051223 ], [ 201558.59, 558665.843 ], [ 201551.234, 558688.13 ], [ 201543.441, 558711.062000000034459 ], [ 201535.244, 558735.685999999986961 ], [ 201526.62, 558759.871000000042841 ], [ 201521.638199999986682, 558774.329400000046007 ], [ 201523.5287, 558774.956 ], [ 201512.9247, 558806.929600000032224 ], [ 201710.829, 558876.728400000021793 ], [ 201726.6187, 558837.632600000011735 ], [ 201780.107599999988452, 558855.20050000003539 ], [ 201797.56150000001071, 558865.124399999971502 ], [ 201878.8743, 558895.37300000002142 ], [ 201897.0263, 558852.047200000029989 ], [ 201992.4645, 558891.578899999964051 ], [ 201980.814699999988079, 558919.704000000027008 ], [ 201973.914500000013504, 558936.362700000056066 ], [ 201949.296200000011595, 558991.766500000027008 ], [ 201942.937100000010105, 559009.18550000002142 ], [ 201922.12599999998929, 559053.042000000015832 ], [ 201972.2305, 559067.387800000025891 ], [ 202017.774, 559082.082999999984168 ], [ 202028.5865, 559059.8295 ], [ 202071.7615, 558965.470500000054017 ], [ 202091.967, 558924.118999999947846 ], [ 202094.6024, 558918.87300000002142 ], [ 202099.0955, 558909.476999999955297 ], [ 202106.223999999987427, 558894.834999999962747 ], [ 202119.772999999986496, 558865.386000000056811 ], [ 202141.022999999986496, 558819.01 ], [ 202158.831, 558783.361000000033528 ], [ 202163.468, 558785.824000000022352 ], [ 202183.018000000010943, 558796.207000000053085 ], [ 202190.82, 558800.312999999965541 ], [ 202207.098, 558808.878999999957159 ], [ 202210.481999999989057, 558810.660000000032596 ], [ 202217.8295, 558795.54749999998603 ], [ 202221.681000000011409, 558787.626000000047497 ], [ 202240.0435, 558796.765999999945052 ], [ 202249.981, 558801.559 ], [ 202272.7475, 558812.093 ], [ 202282.269, 558816.248999999952503 ], [ 202282.427, 558815.917000000015832 ], [ 202298.922, 558783.185000000055879 ], [ 202315.242, 558791.425000000046566 ], [ 202342.021, 558805.15500000002794 ], [ 202359.48499999998603, 558814.175000000046566 ], [ 202368.8699, 558819.043500000028871 ], [ 202385.9585, 558827.847500000032596 ], [ 202409.196999999985565, 558840.145499999984168 ], [ 202415.00700000001234, 558842.849999999976717 ], [ 202351.284000000014203, 558961.037999999942258 ], [ 202376.067000000010012, 558973.449999999953434 ], [ 202400.704, 558985.792000000015832 ], [ 202424.35999999998603, 558997.863000000012107 ], [ 202426.79, 558996.386999999987893 ], [ 202487.877, 558884.321 ], [ 202544.534000000014203, 558782.13800000003539 ], [ 202585.089, 558804.731000000028871 ], [ 202573.863000000012107, 558825.253000000026077 ], [ 202625.465, 558854.601999999955297 ], [ 202628.971, 558856.596000000019558 ], [ 202633.1845, 558858.993000000016764 ], [ 202631.4625, 558862.112500000046566 ], [ 202604.9633, 558909.3469 ], [ 202578.2753, 558954.9131 ], [ 202634.897999999986496, 558989.13800000003539 ], [ 202660.647999999986496, 558945.859500000020489 ], [ 202774.223, 559013.12699999997858 ], [ 202778.448800000012852, 559015.5379 ], [ 202772.989, 559024.932999999960884 ], [ 202755.201, 559053.685999999986961 ], [ 202741.198, 559076.956 ], [ 202732.64000000001397, 559091.422999999951571 ], [ 202717.962, 559115.587000000057742 ], [ 202697.218, 559149.322000000043772 ], [ 202675.329999999987194, 559185.309 ], [ 202655.598999999987427, 559219.491999999969266 ], [ 202630.332, 559263.263999999966472 ], [ 202623.562, 559274.998999999952503 ], [ 202638.274899999989429, 559283.698500000056811 ], [ 202651.2611, 559290.850800000014715 ], [ 202655.2523, 559293.115800000028685 ], [ 202673.8976, 559303.2781 ], [ 202701.314600000012433, 559318.193699999945238 ], [ 202717.5771, 559327.163999999989755 ], [ 202698.4448, 559356.735699999961071 ], [ 202670.3602, 559401.472900000051595 ], [ 202762.312, 559460.578899999964051 ], [ 202754.722, 559471.184299999964423 ], [ 202788.0504, 559494.0993 ], [ 202786.259, 559497.392 ], [ 202765.168, 559529.314000000013039 ], [ 202752.853, 559549.015999999945052 ], [ 202846.163, 559619.64000000001397 ], [ 202859.454999999987194, 559598.042999999946915 ], [ 202882.003999999986263, 559562.062000000034459 ], [ 202889.94, 559566.444000000017695 ], [ 202916.673, 559582.765999999945052 ], [ 202923.457, 559584.886999999987893 ], [ 202924.87599999998929, 559585.331 ], [ 202927.163, 559587.277 ], [ 202930.547, 559591.736000000033528 ], [ 202937.174, 559596.861000000033528 ], [ 202944.077, 559601.413999999989755 ], [ 202949.518000000010943, 559606.800999999977648 ], [ 202956.234, 559613.653999999980442 ], [ 202962.856999999989057, 559619.38800000003539 ], [ 202969.608, 559626.180000000051223 ], [ 202974.730000000010477, 559632.491000000038184 ], [ 202976.571999999985565, 559640.437999999965541 ], [ 202974.163, 559645.765999999945052 ], [ 202954.090999999985797, 559673.496999999973923 ], [ 202941.318999999988591, 559693.398999999975786 ], [ 202937.981, 559696.351999999955297 ], [ 202934.488000000012107, 559697.273000000044703 ], [ 202930.431000000011409, 559696.87 ], [ 202927.780999999988126, 559696.202999999979511 ], [ 202927.337, 559698.843 ], [ 202925.725, 559701.707000000053085 ], [ 202905.788, 559733.419 ], [ 202899.114, 559743.893999999971129 ], [ 202893.778, 559752.466000000014901 ], [ 202891.481, 559757.059 ], [ 202891.372, 559762.525999999954365 ], [ 202892.246000000013737, 559767.118999999947846 ], [ 202895.225, 559771.550999999977648 ], [ 202900.804, 559777.278999999980442 ], [ 202929.161, 559806.386999999987893 ], [ 202953.405, 559831.413999999989755 ], [ 202950.64000000001397, 559834.14000000001397 ], [ 202948.31, 559837.03000000002794 ], [ 202944.415, 559841.04500000004191 ], [ 202938.211000000010245, 559850.111000000033528 ], [ 202907.964, 559886.988000000012107 ], [ 202898.733, 559898.70499999995809 ], [ 202885.596, 559916.020999999949709 ], [ 202866.465, 559944.305999999982305 ], [ 202858.174999999988358, 559955.986000000033528 ], [ 202828.157, 559932.177999999956228 ], [ 202804.543, 559913.76 ], [ 202787.886, 559901.192999999970198 ], [ 202807.923, 559873.337000000057742 ], [ 202824.090999999985797, 559849.40500000002794 ], [ 202836.277, 559831.224000000045635 ], [ 202851.098, 559809.76 ], [ 202868.302, 559785.785999999963678 ], [ 202869.477000000013504, 559783.177000000025146 ], [ 202869.065, 559782.890999999945052 ], [ 202828.659000000014203, 559740.555000000051223 ], [ 202822.674999999988358, 559734.564999999944121 ], [ 202818.234, 559742.270999999949709 ], [ 202804.583000000013271, 559762.491999999969266 ], [ 202796.6122, 559773.591299999970943 ], [ 202776.884, 559761.99800000002142 ], [ 202776.090999999985797, 559757.631999999983236 ], [ 202756.682, 559740.332999999984168 ], [ 202755.687, 559739.697999999974854 ], [ 202757.291999999986729, 559737.408999999985099 ], [ 202770.628, 559717.307999999960884 ], [ 202780.934, 559702.76 ], [ 202785.214, 559696.78000000002794 ], [ 202786.035, 559695.966000000014901 ], [ 202772.44, 559682.236000000033528 ], [ 202741.54, 559712.37699999997858 ], [ 202731.57, 559704.167000000015832 ], [ 202725.229499999986729, 559700.6539000000339 ], [ 202728.3867, 559694.5148 ], [ 202750.7394, 559663.229900000034831 ], [ 202750.521100000012666, 559660.0914000000339 ], [ 202726.881, 559634.023000000044703 ], [ 202725.734, 559635.297999999951571 ], [ 202709.252, 559653.615 ], [ 202701.4, 559662.726000000024214 ], [ 202689.321, 559653.702000000048429 ], [ 202686.994, 559651.962999999988824 ], [ 202693.623, 559643.537000000011176 ], [ 202658.968, 559618.714000000036322 ], [ 202657.825000000011642, 559620.464999999967404 ], [ 202644.901000000012573, 559612.017 ], [ 202638.054, 559606.910000000032596 ], [ 202631.81, 559602.199999999953434 ], [ 202622.128, 559594.474999999976717 ], [ 202615.8799, 559589.184499999973923 ], [ 202606.256, 559577.358 ], [ 202603.788999999989755, 559575.27800000004936 ], [ 202593.50700000001234, 559569.246000000042841 ], [ 202579.669, 559561.003999999957159 ], [ 202571.465999999985797, 559555.778999999980442 ], [ 202568.824499999987893, 559551.300500000012107 ], [ 202555.1384, 559541.492899999953806 ], [ 202542.1024, 559532.971499999985099 ], [ 202546.5106, 559524.329000000027008 ], [ 202547.8658, 559518.137299999943934 ], [ 202542.939000000013039, 559514.648999999975786 ], [ 202536.74299999998766, 559510.261999999987893 ], [ 202528.185, 559505.359000000054948 ], [ 202517.941400000010617, 559499.816400000010617 ], [ 202520.073, 559495.900999999954365 ], [ 202524.276000000012573, 559489.275000000023283 ], [ 202494.421, 559472.098 ], [ 202492.3421, 559470.860600000014529 ], [ 202494.907700000010664, 559466.264500000048429 ], [ 202499.6617, 559458.121399999945424 ], [ 202499.1171, 559456.097300000023097 ], [ 202484.8009, 559445.276300000026822 ], [ 202480.75700000001234, 559442.930999999982305 ], [ 202477.071, 559442.175999999977648 ], [ 202474.375, 559441.7731 ], [ 202472.106, 559441.71999999997206 ], [ 202470.465300000010757, 559441.364399999962188 ], [ 202469.8714, 559437.791300000040792 ], [ 202466.5718, 559434.945300000021234 ], [ 202437.707, 559417.662999999942258 ], [ 202417.394999999989523, 559405.930000000051223 ], [ 202397.480000000010477, 559395.398999999975786 ], [ 202392.918, 559393.153999999980442 ], [ 202388.872, 559390.724999999976717 ], [ 202386.852000000013504, 559389.091999999945983 ], [ 202385.901000000012573, 559386.449000000022352 ], [ 202386.086000000010245, 559384.26 ], [ 202392.788999999989755, 559370.98499999998603 ], [ 202387.843, 559367.770999999949709 ], [ 202377.321, 559360.932000000029802 ], [ 202373.057999999989988, 559358.01 ], [ 202364.51500000001397, 559352.153999999980442 ], [ 202361.337, 559349.976999999955297 ], [ 202354.655, 559346.797000000020489 ], [ 202352.91, 559345.878999999957159 ], [ 202340.956, 559339.591999999945983 ], [ 202339.456, 559338.802999999956228 ], [ 202305.35, 559317.123999999952503 ], [ 202298.2071, 559312.584099999978207 ], [ 202309.0863, 559292.371099999989383 ], [ 202305.988699999987148, 559284.3247 ], [ 202273.2849, 559267.158999999985099 ], [ 202248.869799999985844, 559254.301800000015646 ], [ 202234.3001, 559246.980499999946915 ], [ 202230.3965, 559248.149500000057742 ], [ 202221.177399999985937, 559265.116900000022724 ], [ 202219.51, 559264.172000000020489 ], [ 202197.104499999986729, 559251.476000000024214 ], [ 202207.48499999998603, 559232.484000000054948 ], [ 202153.8819, 559203.8822 ], [ 202163.704, 559185.812999999965541 ], [ 202162.775, 559185.388999999966472 ], [ 202155.454, 559183.180000000051223 ], [ 202133.797, 559178.138999999966472 ], [ 202129.568999999988591, 559177.518000000040047 ], [ 202130.071999999985565, 559176.2095 ], [ 202116.35, 559171.104999999981374 ], [ 202103.31150000001071, 559166.532400000025518 ], [ 202101.905999999988126, 559166.988999999943189 ], [ 202096.685300000011921, 559178.0381 ], [ 202077.4527, 559169.693699999945238 ], [ 202067.695, 559189.415999999968335 ], [ 202031.013, 559173.084999999962747 ], [ 202028.913999999989755, 559172.280099999974482 ], [ 202035.248499999986961, 559159.899500000057742 ], [ 202020.704999999987194, 559153.59699999995064 ], [ 201995.258, 559143.163999999989755 ], [ 201991.191, 559141.15500000002794 ], [ 201989.934100000013132, 559140.64179999998305 ], [ 201976.533, 559168.932000000029802 ], [ 201970.208600000012666, 559180.798799999989569 ], [ 201967.5535, 559181.037200000020675 ], [ 201920.462, 559161.030999999959022 ], [ 201879.852000000013504, 559144.506999999983236 ], [ 201862.24, 559136.902 ], [ 201860.2768, 559136.181699999957345 ], [ 201871.639399999985471, 559110.57570000004489 ], [ 201871.657, 559106.417999999946915 ], [ 201836.933599999989383, 559090.6215 ], [ 201835.606, 559088.646100000012666 ], [ 201846.321, 559057.398000000044703 ], [ 201847.568, 559053.57999999995809 ], [ 201816.837999999988824, 559044.782 ], [ 201804.32, 559076.606999999959953 ], [ 201795.1244, 559097.918599999975413 ], [ 201789.776000000012573, 559109.753000000026077 ], [ 201741.89000000001397, 559091.976000000024214 ], [ 201749.161499999987427, 559074.746000000042841 ], [ 201700.372, 559058.976000000024214 ], [ 201692.8488, 559078.527600000030361 ], [ 201680.029, 559073.591000000014901 ], [ 201654.899, 559063.913999999989755 ], [ 201646.4369, 559060.8075 ], [ 201647.068999999988591, 559059.045999999972992 ], [ 201638.339, 559055.439999999944121 ], [ 201618.096, 559048.258000000030734 ], [ 201612.785, 559045.15500000002794 ], [ 201607.748, 559041.593 ], [ 201592.712, 559027.011999999987893 ], [ 201562.9215, 559016.571 ], [ 201563.39000000001397, 559010.259500000043772 ], [ 201561.923, 559000.0 ], [ 201560.255, 558991.378999999957159 ], [ 201560.383, 558980.441 ], [ 201491.919, 558958.98499999998603 ], [ 201484.415, 558983.615 ], [ 201456.339, 558975.983 ], [ 201392.144, 558957.422000000020489 ], [ 201351.038, 558945.76 ], [ 201298.704999999987194, 558930.033999999985099 ], [ 201253.928000000014435, 558918.044 ], [ 201243.780999999988126, 558953.65500000002794 ], [ 201140.676100000011502, 558927.7402 ], [ 201081.6728, 559164.895999999949709 ], [ 200838.706, 560169.23499999998603 ], [ 200811.807999999989988, 560163.528999999980442 ], [ 200691.31150000001071, 560679.376900000032037 ], [ 200681.064000000013039, 560676.655999999959022 ], [ 200649.671, 560662.741999999969266 ], [ 200632.241, 560744.959999999962747 ], [ 200710.8253, 560766.363800000050105 ], [ 200606.0172, 561168.778599999961443 ], [ 200587.958000000013271, 561238.116999999969266 ], [ 200636.448, 561227.462999999988824 ], [ 200648.986800000013318, 561224.09409999998752 ], [ 200565.442000000010012, 561513.116000000038184 ], [ 200624.259, 561509.48499999998603 ], [ 200682.962, 561584.005 ], [ 200759.437, 561606.783999999985099 ], [ 200844.047, 561646.648999999975786 ], [ 201118.409000000014203, 561673.816 ], [ 201383.63, 561684.393999999971129 ], [ 201558.547, 561717.748999999952503 ], [ 201609.178000000014435, 561722.138999999966472 ], [ 201649.858, 561748.986000000033528 ], [ 201714.128999999986263, 561753.866999999969266 ], [ 201780.840999999985797, 561801.866999999969266 ], [ 201937.046, 562002.005 ], [ 202023.41, 562078.964999999967404 ], [ 202109.649, 562121.268999999971129 ], [ 202233.309, 562109.878999999957159 ], [ 202458.666999999986729, 562170.082999999984168 ], [ 202489.583000000013271, 562187.983 ], [ 202714.941, 562360.45499999995809 ], [ 202820.894, 562447.013999999966472 ], [ 202864.827, 562509.658999999985099 ], [ 202899.81, 562538.133999999961816 ], [ 204006.125, 560864.817000000039116 ] ] ] ] } },
{ "type": "Feature", "properties": { "buurtcode": "BU00861001", "buurtnaam": "Luxwoude-Kom", "pc6_codes": "8405BV, 8405BW, 8405GN, 8405GP, 8405GR, 8405GS, 8405GV", "wijkcode": "WK008610", "gemeentecode": "GM0086", "gemeentenaam": "Opsterland", "oppervlakteLandInHa": 16, "AantalInwoners_5": 295, "Mannen_6": 150, "Vrouwen_7": 145, "HuishoudensTotaal_29": 120, "GemiddeldeHuishoudensgrootte_33": 2.5, "Woningvoorraad_35": 117, "NieuwbouwWoningen_36": 0, "NietWoningvoorraad_37": 3, "NieuwbouwNietWoningen_38": 0, "GemiddeldeWOZWaardeVanWoningen_39": 355, "PercentageEengezinswoning_40": 100, "PercentageTussenwoningEengezins_41": 2, "PercentageHoekwoningEengezins_42": 2, "PercentageTweeOnderEenKapWoningEe_43": 26, "PercentageVrijstaandeWoningEengezins_44": 71, "PercentageMeergezinswoning_45": 0, "Koopwoningen_47": 85, "HuurwoningenTotaal_48": 15, "InBezitWoningcorporatie_49": 13, "InBezitOverigeVerhuurders_50": 3, "BouwjaarMeerDanTienJaarGeleden_51": 98, "BouwjaarAfgelopenTienJaar_52": 2, "GemiddeldeElektriciteitslevering_53": 3240, "GemiddeldeElektriciteitsteruglevering_54": 1470, "GemiddeldAardgasverbruik_55": 1000, "AardgasvrijeWoningen_57": 3, "Aardgaswoningen_58": 90, "WoningenMetZonnestroom_59": 52, "WoningenHoofdzElektrVerwarmd_60": 10, "k_20PersonenMetHoogsteInkomen_80": 18.2, "k_20HuishoudensMetHoogsteInkomen_85": 20.2, "MediaanVermogenVanParticuliereHuish_86": 225.2, "PersonenautoSTotaal_104": 175, "PersonenautoSBrandstofBenzine_105": 115, "PersonenautoSOverigeBrandstof_106": 60, "PersonenautoSPerHuishouden_107": 1.5, "Omgevingsadressendichtheid_121": 47, "AantalInstallatiesBijWoningen_5": 54, "OpgesteldVermogenVanZonnepanelen_6": 196, "installaties_per_woning": 0.46153846153846156, "vermogen_per_woning": 1.6752136752136753, "installaties_per_100_woningen": 46.153846153846153, "vermogen_per_huishouden": 1.6333333333333333, "batterijdruk_score": 764.4, "koop_zon_score": 0.442, "eengezins_zon_score": 0.52, "betaalkracht_zon_score": 117.104, "overige_brandstof_zon_score": 31.2, "lichte_batterij_kansscore": 0.51748291026720672 }, "geometry": { "type": "MultiPolygon", "coordinates": [ [ [ [ 195136.212, 557119.709999999962747 ], [ 195137.834800000011455, 557118.9841 ], [ 195143.280999999988126, 557116.9865 ], [ 195116.085, 557054.699999999953434 ], [ 195108.769999999989523, 557039.939999999944121 ], [ 195153.043, 557037.628999999957159 ], [ 195134.587999999988824, 556992.149500000057742 ], [ 195115.980000000010477, 556950.729999999981374 ], [ 195106.827, 556929.334999999962747 ], [ 195127.454999999987194, 556921.819499999983236 ], [ 195148.158, 556914.332999999984168 ], [ 195135.397999999986496, 556885.052999999956228 ], [ 195126.277, 556862.991000000038184 ], [ 195145.303000000014435, 556855.12 ], [ 195127.314000000013039, 556816.040999999968335 ], [ 195104.179, 556764.805999999982305 ], [ 195093.62, 556740.919 ], [ 195107.32, 556735.13 ], [ 195125.438, 556727.339999999967404 ], [ 195121.35, 556718.089999999967404 ], [ 195141.53, 556707.680000000051223 ], [ 195159.32, 556698.199999999953434 ], [ 195167.12, 556696.26 ], [ 195183.043, 556687.5725 ], [ 195191.35, 556683.040000000037253 ], [ 195203.230000000010477, 556675.660000000032596 ], [ 195197.200000000011642, 556662.729999999981374 ], [ 195185.0418, 556634.869399999966845 ], [ 195121.71040000001085, 556669.9793 ], [ 195076.094000000011874, 556695.2683 ], [ 195072.93, 556688.63 ], [ 195064.3105, 556670.545999999972992 ], [ 195055.691, 556652.462000000057742 ], [ 195044.769, 556629.331 ], [ 195029.979499999986729, 556596.812200000043958 ], [ 195023.905, 556599.398000000044703 ], [ 195028.49299999998766, 556620.348 ], [ 195029.689000000013039, 556628.593 ], [ 195029.996000000013737, 556635.479999999981374 ], [ 195028.143000000010943, 556640.714999999967404 ], [ 195027.295000000012806, 556642.125 ], [ 195025.225, 556645.567000000039116 ], [ 195019.971, 556650.099000000045635 ], [ 195013.064000000013039, 556654.194999999948777 ], [ 195007.122, 556657.872500000055879 ], [ 195001.18, 556661.550000000046566 ], [ 195003.8106, 556667.7964 ], [ 195006.4411, 556674.0427 ], [ 195007.0755, 556679.109199999948032 ], [ 195000.1428, 556682.979599999962375 ], [ 194993.21, 556686.849999999976717 ], [ 194972.587999999988824, 556697.61199999996461 ], [ 194964.907, 556695.814999999944121 ], [ 194953.6291, 556673.2842 ], [ 194942.3511, 556650.753400000045076 ], [ 194912.69, 556666.92000000004191 ], [ 194871.56, 556591.665000000037253 ], [ 194830.43, 556516.410000000032596 ], [ 194811.35, 556526.339999999967404 ], [ 194790.049999999988358, 556489.13 ], [ 194775.5, 556500.0 ], [ 194732.498499999986961, 556530.501000000047497 ], [ 194689.497, 556561.00199999997858 ], [ 194690.361, 556562.37300000002142 ], [ 194684.1, 556568.135 ], [ 194675.245499999989988, 556576.283999999985099 ], [ 194666.391, 556584.432999999960884 ], [ 194645.998, 556603.493000000016764 ], [ 194605.093, 556641.663999999989755 ], [ 194594.054, 556651.312999999965541 ], [ 194579.669499999989057, 556663.303500000038184 ], [ 194565.285200000012992, 556675.293799999984913 ], [ 194613.438, 556733.060999999986961 ], [ 194638.464, 556763.834999999962747 ], [ 194662.189000000013039, 556792.082999999984168 ], [ 194692.755, 556828.182000000029802 ], [ 194718.494, 556859.294 ], [ 194729.0, 556871.699999999953434 ], [ 194767.74, 556918.430000000051223 ], [ 194772.59409999998752, 556924.080899999942631 ], [ 194776.146100000012666, 556917.787400000030175 ], [ 194779.262599999987287, 556912.265400000032969 ], [ 194786.9479, 556898.648500000010245 ], [ 194796.5704, 556879.948800000012852 ], [ 194806.193, 556861.248999999952503 ], [ 194809.5758, 556853.2267 ], [ 194812.958699999988312, 556845.20429999998305 ], [ 194830.1178, 556863.396700000041164 ], [ 194847.277299999987008, 556881.588699999963865 ], [ 194849.1477, 556883.5712 ], [ 194849.916999999986729, 556882.268000000040047 ], [ 194850.881, 556880.635 ], [ 194857.494, 556875.272 ], [ 194856.159000000014203, 556873.194999999948777 ], [ 194859.199, 556872.082000000053085 ], [ 194859.279, 556870.444000000017695 ], [ 194865.9895, 556865.277499999967404 ], [ 194874.418, 556858.883999999961816 ], [ 194865.556000000011409, 556844.711000000010245 ], [ 194852.4148, 556822.554899999988265 ], [ 194867.2053, 556812.1054 ], [ 194878.285299999988638, 556806.979500000015832 ], [ 194898.8368, 556802.03249999997206 ], [ 194910.810300000011921, 556800.363600000040606 ], [ 194915.1845, 556802.177200000034645 ], [ 194918.143000000010943, 556808.464000000036322 ], [ 194919.861, 556812.518000000040047 ], [ 194926.278, 556822.808500000042841 ], [ 194932.807999999989988, 556829.892 ], [ 194943.408, 556840.5 ], [ 194950.309, 556848.381000000052154 ], [ 194960.413, 556863.321 ], [ 194968.544, 556882.255 ], [ 194975.518000000010943, 556898.589000000036322 ], [ 194990.377, 556932.211000000010245 ], [ 194995.582, 556944.166500000050291 ], [ 195006.541, 556970.457000000053085 ], [ 195025.907, 557014.65749999997206 ], [ 195039.846, 557047.359000000054948 ], [ 195053.451, 557078.726999999955297 ], [ 195059.457, 557096.378999999957159 ], [ 195060.884, 557101.372500000055879 ], [ 195062.310999999986961, 557106.366000000038184 ], [ 195063.0067, 557109.8787 ], [ 195084.136999999987893, 557111.15300000004936 ], [ 195120.801, 557113.363999999943189 ], [ 195120.801, 557120.253999999957159 ], [ 195122.614, 557121.704000000027008 ], [ 195136.212, 557119.709999999962747 ] ] ] ] } },
{ "type": "Feature", "properties": { "buurtcode": "BU00861002", "buurtnaam": "Luxwoude-Buitengebied", "pc6_codes": "8405BP, 8405BR, 8405BT, 8405BX, 8405GR, 8405GT, 8405GV", "wijkcode": "WK008610", "gemeentecode": "GM0086", "gemeentenaam": "Opsterland", "oppervlakteLandInHa": 488, "AantalInwoners_5": 140, "Mannen_6": 80, "Vrouwen_7": 65, "HuishoudensTotaal_29": 45, "GemiddeldeHuishoudensgrootte_33": 2.9, "Woningvoorraad_35": 52, "NieuwbouwWoningen_36": 0, "NietWoningvoorraad_37": 2, "NieuwbouwNietWoningen_38": 0, "GemiddeldeWOZWaardeVanWoningen_39": 501, "PercentageEengezinswoning_40": 100, "PercentageTussenwoningEengezins_41": 0, "PercentageHoekwoningEengezins_42": 0, "PercentageTweeOnderEenKapWoningEe_43": 0, "PercentageVrijstaandeWoningEengezins_44": 100, "PercentageMeergezinswoning_45": 0, "Koopwoningen_47": 96, "HuurwoningenTotaal_48": 4, "InBezitWoningcorporatie_49": 0, "InBezitOverigeVerhuurders_50": 4, "BouwjaarMeerDanTienJaarGeleden_51": 90, "BouwjaarAfgelopenTienJaar_52": 10, "GemiddeldeElektriciteitslevering_53": 3950, "GemiddeldeElektriciteitsteruglevering_54": 1730, "GemiddeldAardgasverbruik_55": 1330, "AardgasvrijeWoningen_57": null, "Aardgaswoningen_58": null, "WoningenMetZonnestroom_59": null, "WoningenHoofdzElektrVerwarmd_60": null, "k_20PersonenMetHoogsteInkomen_80": 25.2, "k_20HuishoudensMetHoogsteInkomen_85": null, "MediaanVermogenVanParticuliereHuish_86": null, "PersonenautoSTotaal_104": 90, "PersonenautoSBrandstofBenzine_105": 65, "PersonenautoSOverigeBrandstof_106": 25, "PersonenautoSPerHuishouden_107": null, "Omgevingsadressendichtheid_121": 25, "AantalInstallatiesBijWoningen_5": 15, "OpgesteldVermogenVanZonnepanelen_6": 74, "installaties_per_woning": 0.28846153846153844, "vermogen_per_woning": 1.4230769230769231, "installaties_per_100_woningen": 28.846153846153843, "vermogen_per_huishouden": 1.6444444444444444, "batterijdruk_score": null, "koop_zon_score": null, "eengezins_zon_score": null, "betaalkracht_zon_score": null, "overige_brandstof_zon_score": null, "lichte_batterij_kansscore": null }, "geometry": { "type": "MultiPolygon", "coordinates": [ [ [ [ 195239.032, 557845.743999999947846 ], [ 195489.529, 557940.469000000040978 ], [ 195708.842, 558017.871999999973923 ], [ 196019.911, 558085.60999999998603 ], [ 196098.337, 558262.098 ], [ 196171.4573, 558260.322000000043772 ], [ 196121.478, 558153.052999999956228 ], [ 196314.054, 557937.079000000027008 ], [ 195725.415, 556313.738999999943189 ], [ 195475.416, 556467.912999999942258 ], [ 194894.228, 554987.731999999959953 ], [ 194843.469000000011874, 554980.142 ], [ 194669.445, 554571.030999999959022 ], [ 194308.98499999998603, 554687.537999999942258 ], [ 194006.366, 554518.562000000034459 ], [ 193917.182, 554554.14000000001397 ], [ 193796.287000000011176, 554567.231000000028871 ], [ 193663.9915, 554634.3234 ], [ 193666.514, 554638.73699999996461 ], [ 193674.147999999986496, 554651.557999999960884 ], [ 193681.84, 554664.013999999966472 ], [ 193686.527, 554671.981000000028871 ], [ 193689.935999999986961, 554677.481000000028871 ], [ 193693.72, 554683.587000000057742 ], [ 193736.983, 554754.783999999985099 ], [ 193770.188, 554809.10999999998603 ], [ 193792.708000000013271, 554846.106999999959953 ], [ 193800.945, 554860.275000000023283 ], [ 193768.840999999985797, 554894.121000000042841 ], [ 193733.263, 554931.557999999960884 ], [ 193704.144999999989523, 554963.098 ], [ 193684.717, 554983.520000000018626 ], [ 193673.922, 554994.962999999988824 ], [ 193669.448, 554999.49 ], [ 193664.454, 555005.008000000030734 ], [ 193660.547, 555010.361000000033528 ], [ 193656.671, 555016.008999999961816 ], [ 193653.639, 555021.770999999949709 ], [ 193651.09, 555028.655999999959022 ], [ 193649.575000000011642, 555034.172999999951571 ], [ 193648.886, 555039.121999999973923 ], [ 193649.101, 555044.937999999965541 ], [ 193652.702, 555050.272 ], [ 193658.64000000001397, 555058.65300000004936 ], [ 193671.238000000012107, 555076.432000000029802 ], [ 193688.272999999986496, 555101.324000000022352 ], [ 193695.524, 555111.919 ], [ 193730.219000000011874, 555162.932999999960884 ], [ 193763.348, 555210.721000000019558 ], [ 193781.997, 555237.52800000004936 ], [ 193806.511999999987893, 555273.603 ], [ 193830.601, 555308.471000000019558 ], [ 193843.859, 555328.922999999951571 ], [ 193860.191, 555352.636000000056811 ], [ 193878.958000000013271, 555380.226999999955297 ], [ 193880.090999999985797, 555381.893000000040047 ], [ 193896.422, 555404.790000000037253 ], [ 193916.12599999998929, 555433.493000000016764 ], [ 193924.767, 555446.148999999975786 ], [ 193982.897, 555531.770000000018626 ], [ 193987.643000000010943, 555538.716999999945983 ], [ 193989.477000000013504, 555541.947000000043772 ], [ 193993.753, 555548.837000000057742 ], [ 193994.943999999988591, 555550.755 ], [ 194010.128999999986263, 555572.118000000016764 ], [ 194029.356999999989057, 555600.098 ], [ 194036.443999999988591, 555610.410999999963678 ], [ 194068.844000000011874, 555655.87699999997858 ], [ 194079.119, 555671.571 ], [ 194092.907, 555691.138999999966472 ], [ 194099.669, 555701.224000000045635 ], [ 194105.462999999988824, 555709.866000000038184 ], [ 194119.046, 555730.12300000002142 ], [ 194122.480000000010477, 555735.243999999947846 ], [ 194136.778, 555756.00199999997858 ], [ 194148.932, 555773.908999999985099 ], [ 194164.885, 555796.400000000023283 ], [ 194176.163999999989755, 555812.826 ], [ 194189.168, 555831.072000000043772 ], [ 194196.522, 555841.01500000001397 ], [ 194202.553000000014435, 555842.991999999969266 ], [ 194208.256, 555844.591999999945983 ], [ 194214.920000000012806, 555845.574999999953434 ], [ 194221.363000000012107, 555846.790999999968335 ], [ 194225.924999999988358, 555847.353 ], [ 194231.518000000010943, 555848.226999999955297 ], [ 194235.978, 555849.246999999973923 ], [ 194239.50700000001234, 555851.175999999977648 ], [ 194240.964, 555852.978 ], [ 194243.399, 555855.687000000034459 ], [ 194246.401000000012573, 555860.062000000034459 ], [ 194250.195, 555866.653999999980442 ], [ 194266.891, 555891.566 ], [ 194285.489, 555920.278999999980442 ], [ 194307.782, 555953.804 ], [ 194324.621000000013737, 555979.174099999945611 ], [ 194341.068999999988591, 556004.40500000002794 ], [ 194359.343, 556033.694000000017695 ], [ 194362.908, 556039.09499999997206 ], [ 194371.51, 556052.128999999957159 ], [ 194391.609, 556081.804 ], [ 194392.524, 556083.136000000056811 ], [ 194408.163999999989755, 556105.898999999975786 ], [ 194412.9392, 556112.953499999945052 ], [ 194431.855000000010477, 556140.898000000044703 ], [ 194461.239, 556183.819000000017695 ], [ 194478.815, 556209.283999999985099 ], [ 194488.052, 556220.302999999956228 ], [ 194494.047, 556227.234000000054948 ], [ 194495.496000000013737, 556228.910000000032596 ], [ 194502.212999999988824, 556236.265999999945052 ], [ 194504.354, 556238.611000000033528 ], [ 194506.166999999986729, 556240.59699999995064 ], [ 194510.85999999998603, 556246.050000000046566 ], [ 194516.843, 556252.10999999998603 ], [ 194525.025, 556262.62699999997858 ], [ 194552.464, 556301.802999999956228 ], [ 194583.633, 556346.636000000056811 ], [ 194585.272, 556349.150000000023283 ], [ 194586.096, 556352.807000000029802 ], [ 194585.282, 556356.819999999948777 ], [ 194583.653, 556360.542000000015832 ], [ 194580.578, 556366.246000000042841 ], [ 194577.117, 556371.952999999979511 ], [ 194576.782, 556372.462000000057742 ], [ 194575.415, 556374.542999999946915 ], [ 194567.601, 556383.37300000002142 ], [ 194559.63200000001234, 556390.481000000028871 ], [ 194549.479, 556399.12 ], [ 194539.521, 556407.944000000017695 ], [ 194527.633, 556419.47199999995064 ], [ 194514.579, 556433.665000000037253 ], [ 194502.075000000011642, 556449.349999999976717 ], [ 194471.709, 556490.180000000051223 ], [ 194462.472, 556502.023000000044703 ], [ 194442.709, 556528.995 ], [ 194473.582, 556566.087000000057742 ], [ 194521.128, 556622.319999999948777 ], [ 194565.285200000012992, 556675.293799999984913 ], [ 194579.669499999989057, 556663.303500000038184 ], [ 194594.054, 556651.312999999965541 ], [ 194605.093, 556641.663999999989755 ], [ 194645.998, 556603.493000000016764 ], [ 194666.391, 556584.432999999960884 ], [ 194675.245499999989988, 556576.283999999985099 ], [ 194684.1, 556568.135 ], [ 194690.361, 556562.37300000002142 ], [ 194689.497, 556561.00199999997858 ], [ 194732.498499999986961, 556530.501000000047497 ], [ 194775.5, 556500.0 ], [ 194790.049999999988358, 556489.13 ], [ 194811.35, 556526.339999999967404 ], [ 194830.43, 556516.410000000032596 ], [ 194871.56, 556591.665000000037253 ], [ 194912.69, 556666.92000000004191 ], [ 194942.3511, 556650.753400000045076 ], [ 194953.6291, 556673.2842 ], [ 194964.907, 556695.814999999944121 ], [ 194972.587999999988824, 556697.61199999996461 ], [ 194993.21, 556686.849999999976717 ], [ 195000.1428, 556682.979599999962375 ], [ 195007.0755, 556679.109199999948032 ], [ 195006.4411, 556674.0427 ], [ 195003.8106, 556667.7964 ], [ 195001.18, 556661.550000000046566 ], [ 195007.122, 556657.872500000055879 ], [ 195013.064000000013039, 556654.194999999948777 ], [ 195019.971, 556650.099000000045635 ], [ 195025.225, 556645.567000000039116 ], [ 195027.295000000012806, 556642.125 ], [ 195028.143000000010943, 556640.714999999967404 ], [ 195029.996000000013737, 556635.479999999981374 ], [ 195029.689000000013039, 556628.593 ], [ 195028.49299999998766, 556620.348 ], [ 195023.905, 556599.398000000044703 ], [ 195029.979499999986729, 556596.812200000043958 ], [ 195044.769, 556629.331 ], [ 195055.691, 556652.462000000057742 ], [ 195064.3105, 556670.545999999972992 ], [ 195072.93, 556688.63 ], [ 195076.094000000011874, 556695.2683 ], [ 195121.71040000001085, 556669.9793 ], [ 195185.0418, 556634.869399999966845 ], [ 195197.200000000011642, 556662.729999999981374 ], [ 195203.230000000010477, 556675.660000000032596 ], [ 195191.35, 556683.040000000037253 ], [ 195183.043, 556687.5725 ], [ 195167.12, 556696.26 ], [ 195159.32, 556698.199999999953434 ], [ 195141.53, 556707.680000000051223 ], [ 195121.35, 556718.089999999967404 ], [ 195125.438, 556727.339999999967404 ], [ 195107.32, 556735.13 ], [ 195093.62, 556740.919 ], [ 195104.179, 556764.805999999982305 ], [ 195127.314000000013039, 556816.040999999968335 ], [ 195145.303000000014435, 556855.12 ], [ 195126.277, 556862.991000000038184 ], [ 195135.397999999986496, 556885.052999999956228 ], [ 195148.158, 556914.332999999984168 ], [ 195127.454999999987194, 556921.819499999983236 ], [ 195106.827, 556929.334999999962747 ], [ 195115.980000000010477, 556950.729999999981374 ], [ 195134.587999999988824, 556992.149500000057742 ], [ 195153.043, 557037.628999999957159 ], [ 195108.769999999989523, 557039.939999999944121 ], [ 195116.085, 557054.699999999953434 ], [ 195143.280999999988126, 557116.9865 ], [ 195137.834800000011455, 557118.9841 ], [ 195136.212, 557119.709999999962747 ], [ 195122.614, 557121.704000000027008 ], [ 195120.801, 557120.253999999957159 ], [ 195120.801, 557113.363999999943189 ], [ 195084.136999999987893, 557111.15300000004936 ], [ 195063.0067, 557109.8787 ], [ 195062.310999999986961, 557106.366000000038184 ], [ 195060.884, 557101.372500000055879 ], [ 195059.457, 557096.378999999957159 ], [ 195053.451, 557078.726999999955297 ], [ 195039.846, 557047.359000000054948 ], [ 195025.907, 557014.65749999997206 ], [ 195006.541, 556970.457000000053085 ], [ 194995.582, 556944.166500000050291 ], [ 194990.377, 556932.211000000010245 ], [ 194975.518000000010943, 556898.589000000036322 ], [ 194968.544, 556882.255 ], [ 194960.413, 556863.321 ], [ 194950.309, 556848.381000000052154 ], [ 194943.408, 556840.5 ], [ 194932.807999999989988, 556829.892 ], [ 194926.278, 556822.808500000042841 ], [ 194919.861, 556812.518000000040047 ], [ 194918.143000000010943, 556808.464000000036322 ], [ 194915.1845, 556802.177200000034645 ], [ 194910.810300000011921, 556800.363600000040606 ], [ 194898.8368, 556802.03249999997206 ], [ 194878.285299999988638, 556806.979500000015832 ], [ 194867.2053, 556812.1054 ], [ 194852.4148, 556822.554899999988265 ], [ 194865.556000000011409, 556844.711000000010245 ], [ 194874.418, 556858.883999999961816 ], [ 194865.9895, 556865.277499999967404 ], [ 194859.279, 556870.444000000017695 ], [ 194859.199, 556872.082000000053085 ], [ 194856.159000000014203, 556873.194999999948777 ], [ 194857.494, 556875.272 ], [ 194850.881, 556880.635 ], [ 194849.916999999986729, 556882.268000000040047 ], [ 194849.1477, 556883.5712 ], [ 194847.277299999987008, 556881.588699999963865 ], [ 194830.1178, 556863.396700000041164 ], [ 194812.958699999988312, 556845.20429999998305 ], [ 194809.5758, 556853.2267 ], [ 194806.193, 556861.248999999952503 ], [ 194796.5704, 556879.948800000012852 ], [ 194786.9479, 556898.648500000010245 ], [ 194779.262599999987287, 556912.265400000032969 ], [ 194776.146100000012666, 556917.787400000030175 ], [ 194772.59409999998752, 556924.080899999942631 ], [ 194776.549, 556928.685000000055879 ], [ 194764.892, 556945.488999999943189 ], [ 194755.927, 556958.032 ], [ 194753.215, 556961.827000000048429 ], [ 194743.74299999998766, 556974.601000000024214 ], [ 194734.97, 556985.986000000033528 ], [ 194732.871000000013737, 556989.444999999948777 ], [ 194727.331, 556997.643000000040047 ], [ 194723.649, 557003.091000000014901 ], [ 194709.068999999988591, 557025.371999999973923 ], [ 194693.706, 557049.836000000010245 ], [ 194684.776000000012573, 557068.067000000039116 ], [ 194675.329999999987194, 557086.194999999948777 ], [ 194666.467, 557100.660999999963678 ], [ 194655.191, 557119.910000000032596 ], [ 194633.722, 557164.060000000055879 ], [ 194631.579999999987194, 557168.180999999982305 ], [ 194626.915, 557178.65500000002794 ], [ 194623.258, 557189.680000000051223 ], [ 194618.670000000012806, 557202.576 ], [ 194611.799, 557214.008000000030734 ], [ 194601.215999999985797, 557233.699000000022352 ], [ 194593.059, 557247.837000000057742 ], [ 194585.158, 557261.941 ], [ 194578.222, 557272.974000000045635 ], [ 194567.809, 557284.077999999979511 ], [ 194566.641, 557285.060000000055879 ], [ 194558.358, 557292.025000000023283 ], [ 194547.25700000001234, 557303.533000000054017 ], [ 194531.775, 557320.136999999987893 ], [ 194517.836000000010245, 557334.591000000014901 ], [ 194504.366, 557348.322000000043772 ], [ 194496.193999999988591, 557357.441 ], [ 194488.258, 557364.103 ], [ 194475.12400000001071, 557374.662000000011176 ], [ 194464.269, 557383.663999999989755 ], [ 194455.421, 557391.827000000048429 ], [ 194448.729, 557400.802999999956228 ], [ 194444.315, 557409.618000000016764 ], [ 194440.752, 557419.584999999962747 ], [ 194438.99900000001071, 557434.506999999983236 ], [ 194439.334, 557445.738000000012107 ], [ 194439.025, 557447.072999999974854 ], [ 194438.181000000011409, 557449.498999999952503 ], [ 194436.405, 557454.072999999974854 ], [ 194433.63200000001234, 557460.272 ], [ 194430.420000000012806, 557466.729000000050291 ], [ 194422.699, 557479.885 ], [ 194418.073, 557487.834999999962747 ], [ 194413.25700000001234, 557497.616000000038184 ], [ 194405.918, 557510.738000000012107 ], [ 194398.943999999988591, 557523.533000000054017 ], [ 194392.378, 557536.628999999957159 ], [ 194388.41, 557545.665000000037253 ], [ 194383.54, 557557.913999999989755 ], [ 194380.284000000014203, 557566.78000000002794 ], [ 194376.461000000010245, 557576.946 ], [ 194373.883, 557584.86199999996461 ], [ 194371.329999999987194, 557593.660000000032596 ], [ 194368.64000000001397, 557603.75 ], [ 194366.611, 557610.023000000044703 ], [ 194363.57, 557609.03000000002794 ], [ 194360.170000000012806, 557620.300000000046566 ], [ 194356.0, 557638.479999999981374 ], [ 194354.53, 557645.459999999962747 ], [ 194356.628, 557646.13800000003539 ], [ 194354.32, 557653.430000000051223 ], [ 194352.63, 557661.650000000023283 ], [ 194351.019999999989523, 557670.979999999981374 ], [ 194349.441, 557685.241000000038184 ], [ 194347.748, 557698.621000000042841 ], [ 194347.203, 557705.998999999952503 ], [ 194345.44, 557715.841999999945983 ], [ 194344.038, 557720.390999999945052 ], [ 194344.01500000001397, 557720.466999999945983 ], [ 194341.998, 557725.853 ], [ 194337.859, 557736.094000000040978 ], [ 194331.37400000001071, 557752.881999999983236 ], [ 194327.927, 557761.084000000031665 ], [ 194323.952, 557770.292000000015832 ], [ 194323.405999999988126, 557773.218 ], [ 194322.445, 557779.560000000055879 ], [ 194322.401000000012573, 557784.814000000013039 ], [ 194322.74, 557786.111000000033528 ], [ 194325.639, 557792.959999999962747 ], [ 194327.843, 557798.554 ], [ 194329.163999999989755, 557801.071 ], [ 194329.489, 557801.584000000031665 ], [ 194332.571, 557806.446 ], [ 194338.748, 557815.537000000011176 ], [ 194346.280999999988126, 557825.946 ], [ 194350.522999999986496, 557831.121999999973923 ], [ 194353.024, 557833.101000000024214 ], [ 194355.487, 557834.554 ], [ 194358.063, 557836.060000000055879 ], [ 194360.91, 557837.285000000032596 ], [ 194364.003, 557838.310999999986961 ], [ 194366.229, 557838.826 ], [ 194368.369, 557839.231999999959953 ], [ 194370.101, 557840.033000000054017 ], [ 194372.055, 557840.885 ], [ 194374.598999999987427, 557842.170999999972992 ], [ 194375.858, 557842.868999999947846 ], [ 194376.899, 557843.819999999948777 ], [ 194378.415, 557844.957000000053085 ], [ 194379.853, 557846.37300000002142 ], [ 194380.935999999986961, 557848.099000000045635 ], [ 194381.604, 557849.832999999984168 ], [ 194382.198, 557852.121999999973923 ], [ 194382.288, 557854.115 ], [ 194382.413999999989755, 557856.579000000027008 ], [ 194380.871000000013737, 557863.52800000004936 ], [ 194377.297, 557876.017 ], [ 194377.059, 557876.765999999945052 ], [ 194373.011999999987893, 557889.49800000002142 ], [ 194369.22, 557900.202999999979511 ], [ 194364.951, 557911.761000000056811 ], [ 194361.310999999986961, 557921.616999999969266 ], [ 194360.805, 557922.98699999996461 ], [ 194353.946, 557941.841999999945983 ], [ 194347.055, 557960.055000000051223 ], [ 194341.272, 557976.937999999965541 ], [ 194333.323, 558000.0 ], [ 194331.843, 558004.290999999968335 ], [ 194322.752, 558031.094000000040978 ], [ 194321.366, 558035.837000000057742 ], [ 194316.102000000013504, 558053.85999999998603 ], [ 194310.717, 558070.900000000023283 ], [ 194307.57, 558085.459999999962747 ], [ 194305.465, 558097.093 ], [ 194301.095, 558115.25199999997858 ], [ 194296.423, 558138.876000000047497 ], [ 194291.538999999989755, 558162.527 ], [ 194290.577, 558167.12 ], [ 194290.43, 558167.824000000022352 ], [ 194289.346, 558173.00199999997858 ], [ 194286.75, 558179.290999999968335 ], [ 194283.458000000013271, 558186.386999999987893 ], [ 194279.291999999986729, 558195.51 ], [ 194275.305, 558202.258999999961816 ], [ 194271.082, 558209.143999999971129 ], [ 194266.74, 558215.935000000055879 ], [ 194266.457, 558216.363000000012107 ], [ 194262.526000000012573, 558222.312000000034459 ], [ 194257.545000000012806, 558228.025000000023283 ], [ 194251.843, 558234.65500000002794 ], [ 194248.551, 558238.236000000033528 ], [ 194247.085, 558239.832000000053085 ], [ 194263.242, 558242.589099999982864 ], [ 194281.856999999989057, 558245.648000000044703 ], [ 194283.909000000014203, 558245.98499999998603 ], [ 194317.639, 558251.398999999975786 ], [ 194368.661, 558259.991000000038184 ], [ 194403.337999999988824, 558266.46999999997206 ], [ 194414.784000000014203, 558268.118999999947846 ], [ 194434.552, 558271.189999999944121 ], [ 194476.592, 558278.42000000004191 ], [ 194539.332, 558288.515999999945052 ], [ 194557.703, 558291.452000000048429 ], [ 194563.63, 558292.398999999975786 ], [ 194564.961000000010245, 558292.61199999996461 ], [ 194594.35999999998603, 558297.488999999943189 ], [ 194592.096, 558304.21999999997206 ], [ 194589.030999999988126, 558315.089999999967404 ], [ 194588.894999999989523, 558315.574000000022352 ], [ 194586.634, 558324.478 ], [ 194585.287000000011176, 558326.728 ], [ 194577.74299999998766, 558335.591000000014901 ], [ 194572.421, 558357.533000000054017 ], [ 194570.198, 558368.163999999989755 ], [ 194569.948, 558387.530999999959022 ], [ 194569.923, 558394.562999999965541 ], [ 194569.85999999998603, 558412.466000000014901 ], [ 194576.50099999998929, 558432.300999999977648 ], [ 194586.913, 558464.419 ], [ 194591.962999999988824, 558479.898000000044703 ], [ 194603.549, 558515.410000000032596 ], [ 194617.108, 558557.881999999983236 ], [ 194627.988000000012107, 558566.560000000055879 ], [ 194631.718, 558584.508999999961816 ], [ 194638.367, 558618.38800000003539 ], [ 194641.69, 558635.77800000004936 ], [ 194645.909000000014203, 558657.853 ], [ 194654.503, 558702.53000000002794 ], [ 194655.941, 558710.106000000028871 ], [ 194661.532, 558739.572999999974854 ], [ 194674.586000000010245, 558767.446 ], [ 194704.087999999988824, 558829.616000000038184 ], [ 194709.369199999986449, 558837.300700000021607 ], [ 195401.044, 558891.111000000033528 ], [ 195239.032, 557845.743999999947846 ] ] ] ] } },
{ "type": "Feature", "properties": { "buurtcode": "BU00861101", "buurtnaam": "Nij Beets-Kom", "pc6_codes": "9245HA, 9245HB, 9245HD, 9245HE, 9245HH, 9245HJ, 9245HK, 9245HL, 9245HM, 9245HN, 9245HP, 9245HR, 9245HS, 9245HT, 9245HV, 9245HW, 9245HX, 9245HZ, 9245JA, 9245JB, 9245JC, 9245JD, 9245JE, 9245VA, 9245VB, 9245VC, 9245VK", "wijkcode": "WK008611", "gemeentecode": "GM0086", "gemeentenaam": "Opsterland", "oppervlakteLandInHa": 119, "AantalInwoners_5": 1190, "Mannen_6": 605, "Vrouwen_7": 585, "HuishoudensTotaal_29": 500, "GemiddeldeHuishoudensgrootte_33": 2.4, "Woningvoorraad_35": 493, "NieuwbouwWoningen_36": 0, "NietWoningvoorraad_37": 44, "NieuwbouwNietWoningen_38": 0, "GemiddeldeWOZWaardeVanWoningen_39": 346, "PercentageEengezinswoning_40": 96, "PercentageTussenwoningEengezins_41": 4, "PercentageHoekwoningEengezins_42": 5, "PercentageTweeOnderEenKapWoningEe_43": 21, "PercentageVrijstaandeWoningEengezins_44": 66, "PercentageMeergezinswoning_45": 4, "Koopwoningen_47": 79, "HuurwoningenTotaal_48": 21, "InBezitWoningcorporatie_49": 17, "InBezitOverigeVerhuurders_50": 3, "BouwjaarMeerDanTienJaarGeleden_51": 99, "BouwjaarAfgelopenTienJaar_52": 1, "GemiddeldeElektriciteitslevering_53": 2860, "GemiddeldeElektriciteitsteruglevering_54": 1270, "GemiddeldAardgasverbruik_55": 1080, "AardgasvrijeWoningen_57": 2, "Aardgaswoningen_58": 88, "WoningenMetZonnestroom_59": 48, "WoningenHoofdzElektrVerwarmd_60": 9, "k_20PersonenMetHoogsteInkomen_80": 15.4, "k_20HuishoudensMetHoogsteInkomen_85": 22.9, "MediaanVermogenVanParticuliereHuish_86": 266.0, "PersonenautoSTotaal_104": 735, "PersonenautoSBrandstofBenzine_105": 515, "PersonenautoSOverigeBrandstof_106": 220, "PersonenautoSPerHuishouden_107": 1.5, "Omgevingsadressendichtheid_121": 131, "AantalInstallatiesBijWoningen_5": 172, "OpgesteldVermogenVanZonnepanelen_6": 730, "installaties_per_woning": 0.34888438133874239, "vermogen_per_woning": 1.4807302231237323, "installaties_per_100_woningen": 34.888438133874239, "vermogen_per_huishouden": 1.46, "batterijdruk_score": 609.6, "koop_zon_score": 0.3792, "eengezins_zon_score": 0.4608, "betaalkracht_zon_score": 127.68, "overige_brandstof_zon_score": 105.6, "lichte_batterij_kansscore": 0.4865340187431057 }, "geometry": { "type": "MultiPolygon", "coordinates": [ [ [ [ 195663.4633, 565914.680999999982305 ], [ 195659.3289, 565909.0954 ], [ 195659.4064, 565903.14179999998305 ], [ 195647.7716, 565882.820500000030734 ], [ 195695.638, 565847.474000000045635 ], [ 195723.275, 565887.11199999996461 ], [ 195724.858, 565887.638999999966472 ], [ 195726.442000000010012, 565887.11199999996461 ], [ 195760.209, 565860.973 ], [ 195756.21, 565855.807000000029802 ], [ 195761.730000000010477, 565851.971000000019558 ], [ 195829.076, 565801.241000000038184 ], [ 195852.367, 565831.199000000022352 ], [ 195923.393000000010943, 565923.968 ], [ 195966.53, 565890.601000000024214 ], [ 195947.301, 565865.394500000053085 ], [ 195928.568, 565840.991000000038184 ], [ 195886.163, 565785.781500000040978 ], [ 195880.439000000013039, 565779.272 ], [ 195923.6734, 565748.213699999963865 ], [ 195935.7628, 565740.459200000041164 ], [ 195940.313, 565738.45499999995809 ], [ 195934.528, 565716.145999999949709 ], [ 195931.817799999989802, 565708.859700000029989 ], [ 195932.4156, 565704.3665 ], [ 195934.479, 565701.631999999983236 ], [ 195952.12400000001071, 565687.392 ], [ 195987.147, 565730.559 ], [ 196020.915, 565706.202000000048429 ], [ 196043.261, 565690.087999999988824 ], [ 196049.472, 565696.104999999981374 ], [ 196064.7612, 565682.766500000027008 ], [ 196066.513199999986682, 565682.690300000016578 ], [ 196066.3046, 565677.8948 ], [ 196065.158399999985704, 565668.8504 ], [ 196067.8724, 565663.417299999971874 ], [ 196095.0495, 565638.617500000051223 ], [ 196129.1965, 565607.773500000010245 ], [ 196176.339, 565658.125 ], [ 196192.511, 565658.388999999966472 ], [ 196222.746000000013737, 565631.67000000004191 ], [ 196224.4744, 565630.142600000021048 ], [ 196204.721, 565609.167000000015832 ], [ 196255.991, 565556.106000000028871 ], [ 196239.138, 565539.939999999944121 ], [ 196268.634499999985565, 565514.277899999986403 ], [ 196284.7787, 565497.768200000049546 ], [ 196293.915, 565488.425200000056066 ], [ 196318.967, 565465.001000000047497 ], [ 196323.7043999999878, 565460.571400000015274 ], [ 196318.967, 565455.834000000031665 ], [ 196317.242, 565454.109000000054948 ], [ 196297.612, 565434.273000000044703 ], [ 196334.604499999986729, 565404.827000000048429 ], [ 196388.4732, 565363.671500000054948 ], [ 196393.011999999987893, 565359.772 ], [ 196430.24299999998766, 565391.415000000037253 ], [ 196460.682, 565419.104999999981374 ], [ 196461.8033, 565417.881500000017695 ], [ 196537.674399999988964, 565335.094700000016019 ], [ 196497.36799999998766, 565299.562999999965541 ], [ 196498.852000000013504, 565298.425999999977648 ], [ 196502.817000000010012, 565292.861000000033528 ], [ 196526.6172, 565267.081800000043586 ], [ 196548.1815, 565243.657800000044517 ], [ 196555.091600000014296, 565249.6777 ], [ 196638.670000000012806, 565166.832999999984168 ], [ 196671.9334, 565130.369500000029802 ], [ 196684.6114, 565117.197700000018813 ], [ 196681.0074, 565113.4386 ], [ 196713.529, 565080.51500000001397 ], [ 196681.049999999988358, 565047.814999999944121 ], [ 196667.199, 565034.037999999942258 ], [ 196660.72640000001411, 565027.599999999976717 ], [ 196685.121000000013737, 565002.212999999988824 ], [ 196716.5185, 564974.911500000045635 ], [ 196728.654, 564967.302000000025146 ], [ 196735.788, 564959.294 ], [ 196736.89000000001397, 564951.359000000054948 ], [ 196735.127, 564947.50199999997858 ], [ 196723.506, 564934.665000000037253 ], [ 196725.929, 564928.981999999959953 ], [ 196752.323, 564904.398000000044703 ], [ 196769.340999999985797, 564889.00199999997858 ], [ 196799.3641, 564918.499700000043958 ], [ 196848.6527, 564869.1409 ], [ 196914.916, 564935.677799999946728 ], [ 196923.494, 564926.022099999943748 ], [ 196929.6297, 564920.717399999964982 ], [ 196937.3142, 564915.234000000054948 ], [ 196942.386999999987893, 564912.878600000054576 ], [ 196947.361299999989569, 564907.205300000030547 ], [ 196968.312, 564885.275000000023283 ], [ 197011.157, 564840.846000000019558 ], [ 197033.285, 564817.898999999975786 ], [ 197034.021, 564820.608 ], [ 197036.066, 564824.094000000040978 ], [ 197048.813, 564834.912999999942258 ], [ 197056.869, 564828.420999999972992 ], [ 197069.856999999989057, 564815.319000000017695 ], [ 197085.973, 564797.167999999946915 ], [ 197100.412000000011176, 564810.084000000031665 ], [ 197110.0525, 564799.305999999982305 ], [ 197119.008, 564788.947000000043772 ], [ 197146.464199999987613, 564773.39179999998305 ], [ 197150.812, 564771.643000000040047 ], [ 197153.10999999998603, 564772.187000000034459 ], [ 197181.221, 564796.506999999983236 ], [ 197197.118500000011409, 564788.201 ], [ 197241.003, 564830.420999999972992 ], [ 197253.4429, 564816.62679999996908 ], [ 197271.611, 564833.261000000056811 ], [ 197284.746000000013737, 564822.113000000012107 ], [ 197295.594000000011874, 564810.73499999998603 ], [ 197284.348999999987427, 564801.474999999976717 ], [ 197285.275, 564798.697000000043772 ], [ 197277.867, 564789.832999999984168 ], [ 197276.593, 564787.060999999986961 ], [ 197286.871000000013737, 564778.642 ], [ 197325.116, 564747.038999999989755 ], [ 197333.897, 564754.233 ], [ 197355.275, 564734.351999999955297 ], [ 197356.51500000001397, 564732.287000000011176 ], [ 197356.329, 564729.962999999988824 ], [ 197355.533, 564726.805000000051223 ], [ 197355.29, 564724.790000000037253 ], [ 197357.136, 564722.113000000012107 ], [ 197380.766, 564704.62699999997858 ], [ 197387.450000000011642, 564699.444000000017695 ], [ 197393.704999999987194, 564697.300000000046566 ], [ 197405.590999999985797, 564694.530999999959022 ], [ 197434.011999999987893, 564719.810999999986961 ], [ 197481.691, 564761.662999999942258 ], [ 197494.476, 564772.849000000045635 ], [ 197499.12400000001071, 564776.064999999944121 ], [ 197503.413, 564778.566 ], [ 197509.489, 564781.603 ], [ 197515.924999999988358, 564783.567999999970198 ], [ 197525.935, 564785.712000000057742 ], [ 197538.087999999988824, 564786.24800000002142 ], [ 197550.602000000013504, 564786.427000000025146 ], [ 197554.886, 564786.777 ], [ 197560.096, 564788.196 ], [ 197566.116, 564790.697999999974854 ], [ 197572.067000000010012, 564793.604000000050291 ], [ 197580.657, 564801.177000000025146 ], [ 197581.875, 564802.258999999961816 ], [ 197600.4015, 564781.889300000038929 ], [ 197626.763100000011036, 564751.875299999956042 ], [ 197626.2801, 564749.1091 ], [ 197610.2048, 564736.06449999997858 ], [ 197606.971, 564733.612300000037067 ], [ 197605.122, 564734.194999999948777 ], [ 197579.173, 564764.09699999995064 ], [ 197562.774, 564750.0 ], [ 197557.097, 564744.138999999966472 ], [ 197572.88, 564726.567000000039116 ], [ 197641.7727, 564649.4754 ], [ 197657.074, 564632.886000000056811 ], [ 197660.727000000013504, 564629.395000000018626 ], [ 197662.957, 564629.3665 ], [ 197671.881, 564636.484000000054948 ], [ 197674.1255, 564636.067000000039116 ], [ 197720.894999999989523, 564604.133999999961816 ], [ 197728.997, 564607.194999999948777 ], [ 197730.1662, 564601.824999999953434 ], [ 197919.298100000014529, 564662.04859999998007 ], [ 197920.586000000010245, 564657.873999999952503 ], [ 197902.498, 564634.07999999995809 ], [ 197773.657, 564506.797000000020489 ], [ 197771.81, 564506.806499999947846 ], [ 197754.798, 564524.51 ], [ 197736.429, 564530.042999999946915 ], [ 197735.352000000013504, 564527.207000000053085 ], [ 197700.586000000010245, 564492.01749999995809 ], [ 197697.4235, 564490.378000000026077 ], [ 197692.1794, 564493.3384 ], [ 197642.217, 564534.202999999979511 ], [ 197540.605000000010477, 564437.331 ], [ 197512.518000000010943, 564466.5185 ], [ 197502.038999999989755, 564477.935999999986961 ], [ 197502.744, 564479.571 ], [ 197523.5691, 564499.157 ], [ 197495.1843, 564527.528599999961443 ], [ 197424.66, 564460.584999999962747 ], [ 197342.01500000001397, 564383.359000000054948 ], [ 197202.429, 564252.052000000025146 ], [ 197172.49, 564290.307999999960884 ], [ 197166.301, 564297.310999999986961 ], [ 197155.8421, 564307.038900000043213 ], [ 197151.743500000011409, 564308.104500000015832 ], [ 197125.962, 564285.407 ], [ 197119.454999999987194, 564279.527 ], [ 197098.284000000014203, 564259.941 ], [ 197067.305, 564230.621000000042841 ], [ 197066.28, 564230.035000000032596 ], [ 197063.480000000010477, 564232.99 ], [ 197047.978, 564249.354000000050291 ], [ 197023.231999999989057, 564274.674 ], [ 197019.3595, 564278.90300000004936 ], [ 197006.378, 564293.081 ], [ 197023.13200000001234, 564308.498999999952503 ], [ 197029.4326, 564314.150099999969825 ], [ 197036.215, 564320.365499999956228 ], [ 197049.298, 564332.231999999959953 ], [ 197009.263, 564377.662999999942258 ], [ 196858.666999999986729, 564547.336000000010245 ], [ 196912.456, 564597.721000000019558 ], [ 196882.625, 564615.507499999948777 ], [ 196857.146, 564592.821 ], [ 196841.468499999988126, 564602.29500000004191 ], [ 196819.582, 564583.199999999953434 ], [ 196776.878, 564621.084999999962747 ], [ 196724.59, 564570.268999999971129 ], [ 196685.786, 564612.059 ], [ 196707.263, 564632.567999999970198 ], [ 196684.038, 564652.533000000054017 ], [ 196710.13200000001234, 564680.126000000047497 ], [ 196686.198, 564683.822000000043772 ], [ 196648.506, 564690.212000000057742 ], [ 196637.37400000001071, 564691.753999999957159 ], [ 196545.7566, 564599.6298 ], [ 196477.91, 564652.643000000040047 ], [ 196375.049, 564547.75199999997858 ], [ 196300.842, 564619.662000000011176 ], [ 196294.029199999989942, 564613.583699999959208 ], [ 196260.493500000011409, 564644.015499999979511 ], [ 196231.791, 564672.47199999995064 ], [ 196108.554, 564550.463499999954365 ], [ 196022.253999999986263, 564465.131999999983236 ], [ 195986.49900000001071, 564500.42449999996461 ], [ 195973.01500000001397, 564513.398000000044703 ], [ 195973.57, 564516.86199999996461 ], [ 196052.988699999987148, 564595.391300000017509 ], [ 195906.003999999986263, 564743.903999999980442 ], [ 195850.105000000010477, 564693.856000000028871 ], [ 195819.5906, 564728.249599999981001 ], [ 195800.479, 564710.128999999957159 ], [ 195795.799, 564710.712999999988824 ], [ 195789.51, 564717.145000000018626 ], [ 195770.79, 564700.773000000044703 ], [ 195765.481999999989057, 564695.557000000029802 ], [ 195752.856999999989057, 564683.152 ], [ 195682.51, 564619.974999999976717 ], [ 195675.547, 564614.263999999966472 ], [ 195654.835, 564608.373999999952503 ], [ 195649.731, 564606.368999999947846 ], [ 195638.659000000014203, 564601.650999999954365 ], [ 195631.225, 564594.807000000029802 ], [ 195607.74900000001071, 564571.927999999956228 ], [ 195559.426, 564529.299 ], [ 195531.873, 564504.707000000053085 ], [ 195413.731, 564396.597900000051595 ], [ 195413.51, 564392.969000000040978 ], [ 195430.7948, 564374.307000000029802 ], [ 195430.1991, 564369.121599999954924 ], [ 195403.745, 564341.907 ], [ 195368.416, 564378.199999999953434 ], [ 195288.661400000011781, 564307.417499999981374 ], [ 195299.473999999987427, 564293.618000000016764 ], [ 195271.567000000010012, 564269.199000000022352 ], [ 195224.94639999998617, 564226.852599999983795 ], [ 195236.014, 564213.251000000047497 ], [ 195228.878, 564205.455100000021048 ], [ 195224.7677, 564203.071 ], [ 195211.543199999985518, 564197.945100000011735 ], [ 195189.94, 564195.099000000045635 ], [ 195174.019, 564210.888999999966472 ], [ 195161.4664, 564223.338299999944866 ], [ 195271.285800000012387, 564321.506500000017695 ], [ 195228.613000000012107, 564370.810999999986961 ], [ 195228.685, 564371.927999999956228 ], [ 195254.812, 564395.966000000014901 ], [ 195260.0758, 564401.950100000016391 ], [ 195259.428000000014435, 564404.682000000029802 ], [ 195243.615, 564424.413999999989755 ], [ 195243.581, 564425.635 ], [ 195245.3172, 564427.348099999944679 ], [ 195293.75, 564471.383000000030734 ], [ 195351.853, 564524.457999999984168 ], [ 195412.0967, 564578.970800000010058 ], [ 195347.950000000011642, 564650.78000000002794 ], [ 195404.85999999998603, 564706.099999999976717 ], [ 195540.85, 564837.78000000002794 ], [ 195545.984900000010384, 564843.853400000021793 ], [ 195540.202, 564845.0712 ], [ 195511.0878, 564851.202399999951012 ], [ 195505.215, 564852.34499999997206 ], [ 195500.13200000001234, 564851.57999999995809 ], [ 195494.758, 564850.993999999947846 ], [ 195490.048, 564850.85999999998603 ], [ 195486.454999999987194, 564851.074000000022352 ], [ 195483.456, 564852.368999999947846 ], [ 195481.7655, 564853.417999999946915 ], [ 195480.075000000011642, 564854.466999999945983 ], [ 195476.413999999989755, 564856.285000000032596 ], [ 195473.48499999998603, 564857.371000000042841 ], [ 195471.954999999987194, 564857.680000000051223 ], [ 195466.776000000012573, 564858.726999999955297 ], [ 195440.666999999986729, 564862.85999999998603 ], [ 195426.348, 564865.12699999997858 ], [ 195415.9959, 564852.665400000056252 ], [ 195386.743599999987055, 564826.157 ], [ 195370.228, 564828.76300000003539 ], [ 195325.598999999987427, 564835.805000000051223 ], [ 195327.509, 564852.45499999995809 ], [ 195300.394, 564858.873999999952503 ], [ 195293.6992, 564861.302200000034645 ], [ 195295.9625, 564867.56050000002142 ], [ 195278.75, 564874.169 ], [ 195213.5343, 564885.579000000027008 ], [ 195133.4817, 564897.722599999979138 ], [ 195126.643000000010943, 564897.767 ], [ 195124.837999999988824, 564896.687000000034459 ], [ 195123.651000000012573, 564896.305000000051223 ], [ 195121.731999999989057, 564896.307999999960884 ], [ 195107.709, 564897.721000000019558 ], [ 195082.837999999988824, 564900.439999999944121 ], [ 195057.967, 564903.158999999985099 ], [ 195051.305, 564904.074000000022352 ], [ 195049.005, 564905.890999999945052 ], [ 195049.18, 564906.832999999984168 ], [ 195068.828, 564938.206 ], [ 195069.926, 564939.932999999960884 ], [ 195075.424999999988358, 564952.507899999967776 ], [ 195162.479499999986729, 564943.256199999945238 ], [ 195163.855000000010477, 564952.471000000019558 ], [ 195188.949, 564987.273999999975786 ], [ 195219.803000000014435, 565029.074999999953434 ], [ 195291.897999999986496, 564982.930000000051223 ], [ 195302.424, 564976.365 ], [ 195313.022, 564989.145000000018626 ], [ 195365.928000000014435, 564954.145999999949709 ], [ 195371.856900000013411, 564950.065799999982119 ], [ 195378.446999999985565, 564959.5773 ], [ 195380.779799999989336, 564964.435199999948964 ], [ 195385.7844, 564986.1825 ], [ 195391.791399999987334, 564996.3358 ], [ 195394.794, 564998.704900000011548 ], [ 195406.0069, 564994.585199999972247 ], [ 195446.772, 564979.608 ], [ 195431.722, 564962.819000000017695 ], [ 195411.282, 564938.738999999943189 ], [ 195408.3125, 564935.533000000054017 ], [ 195405.343, 564932.327000000048429 ], [ 195403.559, 564928.562000000034459 ], [ 195402.108, 564917.944000000017695 ], [ 195420.47, 564914.635 ], [ 195439.043, 564911.871000000042841 ], [ 195482.78, 564903.687000000034459 ], [ 195551.329, 564892.858 ], [ 195617.245, 564881.846000000019558 ], [ 195770.75, 565033.312000000034459 ], [ 195772.509, 565035.047999999951571 ], [ 195780.908, 565043.336000000010245 ], [ 195822.556000000011409, 565084.430999999982305 ], [ 195930.731999999989057, 565191.349999999976717 ], [ 195940.009, 565200.520000000018626 ], [ 195940.138, 565200.647 ], [ 195955.623, 565192.929 ], [ 195958.983, 565191.082999999984168 ], [ 195964.071999999985565, 565188.493000000016764 ], [ 195969.636, 565185.415999999968335 ], [ 195979.87, 565179.417999999946915 ], [ 195983.166999999986729, 565177.214000000036322 ], [ 195988.877, 565173.996999999973923 ], [ 195991.336000000010245, 565172.469000000040978 ], [ 196000.0, 565167.169 ], [ 196003.927, 565164.824000000022352 ], [ 196027.652, 565152.263999999966472 ], [ 196045.182, 565142.302999999956228 ], [ 196055.202, 565136.300000000046566 ], [ 196066.318, 565129.145999999949709 ], [ 196078.019, 565121.435999999986961 ], [ 196079.622, 565120.066 ], [ 196101.856, 565144.032600000035018 ], [ 196128.6513, 565171.2339 ], [ 196134.9498, 565177.628000000026077 ], [ 196152.8405, 565159.98699999996461 ], [ 196177.778400000010151, 565135.3972 ], [ 196326.4089, 565269.881599999964237 ], [ 196340.7164, 565298.802000000025146 ], [ 196340.7164, 565330.353699999977835 ], [ 196318.5247, 565352.870499999960884 ], [ 195919.0096, 565652.510400000028312 ], [ 195876.62, 565600.680000000051223 ], [ 195827.915, 565638.381000000052154 ], [ 195811.215399999986403, 565653.034899999969639 ], [ 195813.263, 565654.763999999966472 ], [ 195812.089, 565656.758000000030734 ], [ 195810.965, 565658.209999999962747 ], [ 195804.608, 565663.596000000019558 ], [ 195797.582, 565668.326 ], [ 195794.022999999986496, 565669.403999999980442 ], [ 195779.952, 565680.256999999983236 ], [ 195776.248, 565684.365 ], [ 195765.605000000010477, 565691.701 ], [ 195708.502, 565733.767 ], [ 195697.286400000011781, 565742.029199999989942 ], [ 195706.203, 565754.133200000040233 ], [ 195680.4107, 565773.133599999942817 ], [ 195668.3909, 565767.643700000015087 ], [ 195649.7322, 565779.934299999964423 ], [ 195628.50700000001234, 565748.582999999984168 ], [ 195605.326, 565765.136000000056811 ], [ 195590.198299999989104, 565773.128900000010617 ], [ 195562.358, 565794.126000000047497 ], [ 195583.294, 565827.491000000038184 ], [ 195563.458000000013271, 565840.562000000034459 ], [ 195570.372, 565852.432999999960884 ], [ 195571.4, 565855.104000000050291 ], [ 195570.964, 565856.76300000003539 ], [ 195557.525, 565865.599999999976717 ], [ 195550.3297, 565868.117300000041723 ], [ 195542.923, 565857.038700000033714 ], [ 195519.9705, 565873.32999999995809 ], [ 195523.703, 565879.748799999943003 ], [ 195516.0196, 565884.2166000000434 ], [ 195483.782100000011269, 565902.962500000023283 ], [ 195502.214, 565932.976999999955297 ], [ 195505.309, 565937.711000000010245 ], [ 195510.394, 565943.88 ], [ 195515.442000000010012, 565952.371999999973923 ], [ 195570.8948, 565910.928199999965727 ], [ 195581.299999999988358, 565925.033000000054017 ], [ 195587.846, 565933.169 ], [ 195608.555, 565955.3236 ], [ 195663.4633, 565914.680999999982305 ] ] ] ] } },
{ "type": "Feature", "properties": { "buurtcode": "BU00861102", "buurtnaam": "Nij Beets-Buitengebied", "pc6_codes": "9245HA, 9245HB, 9245HC, 9245HD, 9245HE, 9245HG, 9245HN, 9245HX, 9245VC, 9245VD, 9245VE, 9245VG, 9245VH, 9245VJ, 9245VK", "wijkcode": "WK008611", "gemeentecode": "GM0086", "gemeentenaam": "Opsterland", "oppervlakteLandInHa": 1734, "AantalInwoners_5": 455, "Mannen_6": 250, "Vrouwen_7": 200, "HuishoudensTotaal_29": 185, "GemiddeldeHuishoudensgrootte_33": 2.4, "Woningvoorraad_35": 172, "NieuwbouwWoningen_36": 2, "NietWoningvoorraad_37": 13, "NieuwbouwNietWoningen_38": 0, "GemiddeldeWOZWaardeVanWoningen_39": 458, "PercentageEengezinswoning_40": 99, "PercentageTussenwoningEengezins_41": 0, "PercentageHoekwoningEengezins_42": 0, "PercentageTweeOnderEenKapWoningEe_43": 7, "PercentageVrijstaandeWoningEengezins_44": 92, "PercentageMeergezinswoning_45": 1, "Koopwoningen_47": 79, "HuurwoningenTotaal_48": 21, "InBezitWoningcorporatie_49": 14, "InBezitOverigeVerhuurders_50": 7, "BouwjaarMeerDanTienJaarGeleden_51": 98, "BouwjaarAfgelopenTienJaar_52": 2, "GemiddeldeElektriciteitslevering_53": 3750, "GemiddeldeElektriciteitsteruglevering_54": 2040, "GemiddeldAardgasverbruik_55": 1220, "AardgasvrijeWoningen_57": 4, "Aardgaswoningen_58": 88, "WoningenMetZonnestroom_59": 56, "WoningenHoofdzElektrVerwarmd_60": 11, "k_20PersonenMetHoogsteInkomen_80": 19.4, "k_20HuishoudensMetHoogsteInkomen_85": 29.2, "MediaanVermogenVanParticuliereHuish_86": 379.6, "PersonenautoSTotaal_104": 250, "PersonenautoSBrandstofBenzine_105": 155, "PersonenautoSOverigeBrandstof_106": 95, "PersonenautoSPerHuishouden_107": 1.4, "Omgevingsadressendichtheid_121": 30, "AantalInstallatiesBijWoningen_5": 66, "OpgesteldVermogenVanZonnepanelen_6": 327, "installaties_per_woning": 0.38372093023255816, "vermogen_per_woning": 1.9011627906976745, "installaties_per_100_woningen": 38.372093023255815, "vermogen_per_huishouden": 1.7675675675675675, "batterijdruk_score": 1142.4, "koop_zon_score": 0.4424, "eengezins_zon_score": 0.5544, "betaalkracht_zon_score": 212.576, "overige_brandstof_zon_score": 53.2, "lichte_batterij_kansscore": 0.52855068295915231 }, "geometry": { "type": "MultiPolygon", "coordinates": [ [ [ [ 195971.081, 566180.292000000015832 ], [ 195981.873, 566152.359000000054948 ], [ 195982.508, 566150.716000000014901 ], [ 195999.41, 566142.00199999997858 ], [ 196049.742, 566143.533000000054017 ], [ 196093.989, 566144.584999999962747 ], [ 196133.511, 566148.01 ], [ 196135.078, 566148.145999999949709 ], [ 196163.113000000012107, 566150.574999999953434 ], [ 196185.623, 566152.304 ], [ 196199.15, 566153.343 ], [ 196228.685999999986961, 566155.613000000012107 ], [ 196252.872, 566111.87 ], [ 196255.595, 566106.944999999948777 ], [ 196291.678000000014435, 566098.042000000015832 ], [ 196294.94, 566088.581 ], [ 196298.793, 566077.408999999985099 ], [ 196321.075000000011642, 566059.87699999997858 ], [ 196333.204, 566059.302000000025146 ], [ 196394.763, 566056.441 ], [ 196403.747, 566056.023000000044703 ], [ 196407.893000000010943, 566055.768999999971129 ], [ 196407.798, 566054.797999999951571 ], [ 196479.596, 566033.069999999948777 ], [ 196501.045000000012806, 566026.444000000017695 ], [ 196512.092, 566022.966999999945983 ], [ 196527.323, 566018.172999999951571 ], [ 196549.964, 566010.738000000012107 ], [ 196560.125, 566007.832999999984168 ], [ 196568.639, 566005.143000000040047 ], [ 196575.442000000010012, 566002.505 ], [ 196579.128, 566000.996000000042841 ], [ 196586.211000000010245, 565998.802999999956228 ], [ 196616.226, 565990.180999999982305 ], [ 196630.34, 565986.462000000057742 ], [ 196660.013, 565970.885 ], [ 196741.201, 565924.73499999998603 ], [ 196792.998, 565896.528999999980442 ], [ 196850.093, 565865.0 ], [ 196899.057, 565838.944000000017695 ], [ 196923.195, 565824.444000000017695 ], [ 197000.0, 565785.809 ], [ 197071.556000000011409, 565747.73699999996461 ], [ 197074.51500000001397, 565746.209000000031665 ], [ 197083.295000000012806, 565741.417000000015832 ], [ 197114.968, 565724.560000000055879 ], [ 197142.723999999987427, 565709.866000000038184 ], [ 197158.91, 565701.234000000054948 ], [ 197185.008, 565687.52800000004936 ], [ 197186.65, 565686.712000000057742 ], [ 197208.927, 565675.018999999971129 ], [ 197227.104, 565664.650999999954365 ], [ 197238.005, 565658.207000000053085 ], [ 197239.62599999998929, 565659.73499999998603 ], [ 197242.905, 565662.375 ], [ 197260.536, 565677.008000000030734 ], [ 197296.894999999989523, 565707.821 ], [ 197323.548, 565729.60999999998603 ], [ 197340.984, 565744.229000000050291 ], [ 197342.484, 565745.305999999982305 ], [ 197355.99, 565757.104999999981374 ], [ 197358.304, 565759.354999999981374 ], [ 197359.454999999987194, 565760.474000000045635 ], [ 197362.888, 565763.810999999986961 ], [ 197367.06, 565765.944999999948777 ], [ 197371.459, 565766.954000000027008 ], [ 197373.889, 565766.133999999961816 ], [ 197376.196999999985565, 565765.354999999981374 ], [ 197379.24, 565763.187000000034459 ], [ 197383.193, 565756.518000000040047 ], [ 197383.712999999988824, 565755.76300000003539 ], [ 197387.104, 565750.832999999984168 ], [ 197394.728, 565739.75 ], [ 197398.71, 565734.111000000033528 ], [ 197408.003, 565720.775999999954365 ], [ 197425.498, 565698.229000000050291 ], [ 197427.776000000012573, 565695.15300000004936 ], [ 197446.544, 565670.824999999953434 ], [ 197454.264, 565660.667999999946915 ], [ 197459.056000000011409, 565657.962000000057742 ], [ 197461.285, 565658.228 ], [ 197465.138, 565658.687999999965541 ], [ 197472.734, 565660.24 ], [ 197476.94, 565660.65300000004936 ], [ 197480.851, 565658.729999999981374 ], [ 197483.554, 565654.898000000044703 ], [ 197485.054, 565646.131000000052154 ], [ 197484.524, 565634.537999999942258 ], [ 197484.4, 565627.728 ], [ 197484.351, 565625.062999999965541 ], [ 197485.566, 565621.712000000057742 ], [ 197489.553000000014435, 565617.991000000038184 ], [ 197499.255, 565607.160999999963678 ], [ 197504.597, 565600.706 ], [ 197514.559, 565588.669 ], [ 197521.758, 565579.241000000038184 ], [ 197524.199, 565574.420999999972992 ], [ 197527.530999999988126, 565567.843 ], [ 197531.832, 565555.343 ], [ 197536.046, 565548.261999999987893 ], [ 197550.181000000011409, 565532.251000000047497 ], [ 197563.677, 565514.87 ], [ 197568.036, 565507.018000000040047 ], [ 197569.840999999985797, 565500.273000000044703 ], [ 197571.04, 565495.792999999946915 ], [ 197573.552, 565484.464000000036322 ], [ 197575.35, 565479.484000000054948 ], [ 197577.26, 565474.194000000017695 ], [ 197580.828, 565468.569999999948777 ], [ 197585.634, 565463.728 ], [ 197593.46, 565461.72199999995064 ], [ 197599.162000000011176, 565460.881000000052154 ], [ 197601.297, 565460.566 ], [ 197607.153, 565457.751000000047497 ], [ 197612.843, 565451.375 ], [ 197626.747, 565434.650000000023283 ], [ 197642.146, 565416.65300000004936 ], [ 197647.155, 565410.726000000024214 ], [ 197662.101, 565393.040999999968335 ], [ 197675.378, 565378.895999999949709 ], [ 197678.761999999987893, 565375.294 ], [ 197690.185, 565366.535999999963678 ], [ 197698.114, 565361.484000000054948 ], [ 197705.272999999986496, 565356.922000000020489 ], [ 197738.367, 565358.503999999957159 ], [ 197802.030999999988126, 565360.97199999995064 ], [ 197805.897999999986496, 565361.09699999995064 ], [ 197805.867, 565361.996000000042841 ], [ 197823.950000000011642, 565361.682000000029802 ], [ 197824.802, 565361.709999999962747 ], [ 197829.856999999989057, 565361.87300000002142 ], [ 197869.612, 565363.160000000032596 ], [ 197913.94, 565364.202999999979511 ], [ 197919.787000000011176, 565364.341000000014901 ], [ 197983.331, 565367.045999999972992 ], [ 198023.337, 565368.946 ], [ 198033.634, 565369.435000000055879 ], [ 198063.791, 565371.64000000001397 ], [ 198066.602000000013504, 565371.846000000019558 ], [ 198084.1, 565375.78000000002794 ], [ 198117.852000000013504, 565383.459000000031665 ], [ 198146.019, 565390.118999999947846 ], [ 198171.981999999989057, 565395.650999999954365 ], [ 198182.928000000014435, 565405.196 ], [ 198196.516, 565417.04500000004191 ], [ 198195.59, 565420.111000000033528 ], [ 198222.908, 565414.419 ], [ 198233.413999999989755, 565412.229999999981374 ], [ 198243.775, 565410.071 ], [ 198246.201, 565412.856000000028871 ], [ 198320.568, 565407.662000000011176 ], [ 198362.636, 565403.900999999954365 ], [ 198389.476, 565400.275999999954365 ], [ 198442.858, 565395.074999999953434 ], [ 198504.518000000010943, 565388.511000000056811 ], [ 198570.165, 565382.679 ], [ 198621.411, 565378.185000000055879 ], [ 198633.46, 565377.802000000025146 ], [ 198638.01500000001397, 565377.657 ], [ 198641.636999999987893, 565377.542000000015832 ], [ 198650.516, 565377.26 ], [ 198657.244, 565371.712000000057742 ], [ 198660.161, 565368.861000000033528 ], [ 198661.731, 565367.326 ], [ 198663.149, 565367.572000000043772 ], [ 198665.987, 565366.886000000056811 ], [ 198682.328, 565362.461000000010245 ], [ 198688.94, 565361.12699999997858 ], [ 198695.654, 565360.312000000034459 ], [ 198702.99, 565359.983 ], [ 198710.844000000011874, 565359.655999999959022 ], [ 198714.920000000012806, 565359.743999999947846 ], [ 198719.805, 565359.849000000045635 ], [ 198730.321999999985565, 565360.150999999954365 ], [ 198749.525, 565359.988000000012107 ], [ 198773.884, 565359.351999999955297 ], [ 198782.293, 565358.922000000020489 ], [ 198784.946, 565358.533999999985099 ], [ 198785.788, 565358.410999999963678 ], [ 198789.18, 565357.935000000055879 ], [ 198797.729, 565356.709000000031665 ], [ 198808.284000000014203, 565355.660999999963678 ], [ 198820.222, 565355.135 ], [ 198838.32, 565353.758000000030734 ], [ 198850.674999999988358, 565352.437999999965541 ], [ 198852.267, 565352.398000000044703 ], [ 198855.185999999986961, 565352.324000000022352 ], [ 198865.727000000013504, 565352.057000000029802 ], [ 198896.766, 565350.087999999988824 ], [ 198929.329999999987194, 565347.464999999967404 ], [ 198947.706, 565345.912999999942258 ], [ 198973.01, 565344.20499999995809 ], [ 198993.795000000012806, 565343.22199999995064 ], [ 199000.0, 565342.903999999980442 ], [ 199013.195, 565342.226000000024214 ], [ 199018.286, 565341.964000000036322 ], [ 199034.78, 565340.748999999952503 ], [ 199056.958000000013271, 565339.547999999951571 ], [ 199071.796, 565338.557000000029802 ], [ 199083.18, 565337.797000000020489 ], [ 199112.601, 565336.049 ], [ 199121.345, 565335.427999999956228 ], [ 199130.897999999986496, 565334.748999999952503 ], [ 199142.46, 565333.819999999948777 ], [ 199154.367, 565333.297000000020489 ], [ 199162.903, 565332.636000000056811 ], [ 199169.72, 565332.305999999982305 ], [ 199180.454999999987194, 565331.785000000032596 ], [ 199204.158, 565329.957000000053085 ], [ 199215.383, 565329.304 ], [ 199220.421, 565329.493000000016764 ], [ 199225.666, 565329.885 ], [ 199234.478, 565329.560999999986961 ], [ 199248.522999999986496, 565328.506999999983236 ], [ 199268.481, 565326.544 ], [ 199278.174, 565325.905999999959022 ], [ 199283.886, 565325.373999999952503 ], [ 199288.268000000010943, 565324.481000000028871 ], [ 199292.204, 565323.285999999963678 ], [ 199295.318999999988591, 565321.587999999988824 ], [ 199298.057, 565319.689999999944121 ], [ 199299.843, 565318.317000000039116 ], [ 199300.793, 565317.587000000057742 ], [ 199304.494, 565316.701 ], [ 199308.779, 565316.285000000032596 ], [ 199312.353, 565316.351999999955297 ], [ 199319.769999999989523, 565316.212999999988824 ], [ 199328.747, 565315.343 ], [ 199341.393000000010943, 565313.962000000057742 ], [ 199355.293, 565311.886999999987893 ], [ 199364.435999999986961, 565310.709999999962747 ], [ 199370.48499999998603, 565309.765999999945052 ], [ 199374.805, 565309.520000000018626 ], [ 199378.853, 565309.412999999942258 ], [ 199382.359, 565309.447000000043772 ], [ 199385.622, 565309.042000000015832 ], [ 199389.079999999987194, 565307.680999999982305 ], [ 199392.019999999989523, 565305.474000000045635 ], [ 199393.761999999987893, 565310.696 ], [ 199406.82, 565308.53000000002794 ], [ 199413.791, 565307.952000000048429 ], [ 199420.797, 565307.476000000024214 ], [ 199430.9, 565306.96999999997206 ], [ 199442.464, 565306.314000000013039 ], [ 199452.64000000001397, 565306.283000000054017 ], [ 199459.346, 565306.422999999951571 ], [ 199476.21, 565305.913999999989755 ], [ 199490.693999999988591, 565305.238000000012107 ], [ 199491.967, 565305.178700000047684 ], [ 198490.092, 564122.501000000047497 ], [ 198792.859, 563861.810999999986961 ], [ 198643.26500000001397, 563663.957999999984168 ], [ 198893.191, 563468.702000000048429 ], [ 198653.793, 563124.917999999946915 ], [ 198566.805, 562982.381000000052154 ], [ 198566.8016, 562982.378299999982119 ], [ 198456.177, 562893.109000000054948 ], [ 198381.429, 562882.552999999956228 ], [ 197806.7697, 562910.7757 ], [ 197648.85999999998603, 562918.530999999959022 ], [ 197502.0703, 563007.67180000001099 ], [ 197144.271, 563224.952000000048429 ], [ 196513.035, 563401.241999999969266 ], [ 196057.3731, 562635.461200000019744 ], [ 194130.028, 563544.207000000053085 ], [ 193247.1164, 563114.419299999950454 ], [ 193246.677, 563122.356999999959953 ], [ 193227.285, 563121.647 ], [ 193192.93, 563120.48699999996461 ], [ 193174.926, 563120.07999999995809 ], [ 193149.521, 563119.398000000044703 ], [ 193126.668, 563118.675000000046566 ], [ 193103.962999999988824, 563118.353 ], [ 193086.71, 563117.746999999973923 ], [ 193063.855000000010477, 563117.424 ], [ 192995.358, 563110.65500000002794 ], [ 192931.193, 563109.849000000045635 ], [ 192858.729, 563108.267 ], [ 192767.066, 563104.474000000045635 ], [ 192703.50700000001234, 563102.170999999972992 ], [ 192644.644999999989523, 563101.082000000053085 ], [ 192603.693, 563098.001000000047497 ], [ 192542.534000000014203, 563095.755 ], [ 192466.475, 563092.36199999996461 ], [ 192395.163999999989755, 563089.783000000054017 ], [ 192329.044, 563090.322000000043772 ], [ 192285.131, 563090.782 ], [ 192277.074, 563092.305999999982305 ], [ 192254.556000000011409, 563095.834000000031665 ], [ 192242.49, 563099.895999999949709 ], [ 192251.98499999998603, 563117.77800000004936 ], [ 192253.094000000011874, 563119.792000000015832 ], [ 192261.505, 563135.057999999960884 ], [ 192269.288, 563149.185999999986961 ], [ 192282.712999999988824, 563173.631000000052154 ], [ 192294.651000000012573, 563193.770000000018626 ], [ 192301.913, 563206.194999999948777 ], [ 192309.434, 563216.018999999971129 ], [ 192316.994, 563228.995 ], [ 192320.617, 563237.606999999959953 ], [ 192323.494, 563244.966999999945983 ], [ 192325.373, 563251.822999999974854 ], [ 192330.1, 563274.589999999967404 ], [ 192333.99900000001071, 563290.854000000050291 ], [ 192341.276000000012573, 563314.229000000050291 ], [ 192346.919, 563332.199000000022352 ], [ 192348.344000000011874, 563335.341000000014901 ], [ 192352.111, 563343.64000000001397 ], [ 192358.776000000012573, 563361.704000000027008 ], [ 192365.566, 563385.613999999943189 ], [ 192377.976, 563426.332000000053085 ], [ 192392.595, 563475.033000000054017 ], [ 192400.844000000011874, 563501.160999999963678 ], [ 192414.562, 563544.957999999984168 ], [ 192432.807999999989988, 563601.209999999962747 ], [ 192450.818, 563657.067999999970198 ], [ 192463.597, 563697.180000000051223 ], [ 192469.788999999989755, 563716.544 ], [ 192470.859, 563719.988999999943189 ], [ 192471.083000000013271, 563720.709999999962747 ], [ 192475.920000000012806, 563736.280999999959022 ], [ 192479.305, 563749.106000000028871 ], [ 192482.365, 563761.599999999976717 ], [ 192484.768000000010943, 563772.61199999996461 ], [ 192484.893000000010943, 563773.179 ], [ 192491.687, 563803.949000000022352 ], [ 192499.286, 563836.584999999962747 ], [ 192500.764, 563842.930999999982305 ], [ 192504.026000000012573, 563855.143000000040047 ], [ 192510.097, 563876.60999999998603 ], [ 192510.26500000001397, 563877.204000000027008 ], [ 192515.269999999989523, 563894.897 ], [ 192515.840999999985797, 563896.915999999968335 ], [ 192518.861, 563907.594000000040978 ], [ 192523.230000000010477, 563923.089999999967404 ], [ 192536.131, 563967.991000000038184 ], [ 192541.12400000001071, 563984.812000000034459 ], [ 192553.97, 564031.817000000039116 ], [ 192553.439000000013039, 564041.415999999968335 ], [ 192548.065, 564048.398999999975786 ], [ 192549.397, 564103.201 ], [ 192545.106999999989057, 564109.371000000042841 ], [ 192530.712999999988824, 564130.493000000016764 ], [ 192518.359, 564148.481999999959953 ], [ 192510.567000000010012, 564159.677999999956228 ], [ 192504.896, 564167.824999999953434 ], [ 192480.715999999985797, 564202.863999999943189 ], [ 192477.113000000012107, 564208.192999999970198 ], [ 192461.799999999988358, 564230.84499999997206 ], [ 192445.404, 564254.459000000031665 ], [ 192443.093, 564257.856999999959953 ], [ 192442.25, 564259.096000000019558 ], [ 192431.62599999998929, 564274.714999999967404 ], [ 192415.700000000011642, 564297.973 ], [ 192413.522999999986496, 564301.152 ], [ 192394.920000000012806, 564328.361000000033528 ], [ 192378.81, 564351.579000000027008 ], [ 192362.028, 564375.647 ], [ 192353.992, 564387.763999999966472 ], [ 192345.087999999988824, 564404.371999999973923 ], [ 192344.315, 564405.812999999965541 ], [ 192341.884, 564410.34699999995064 ], [ 192311.182, 564387.005 ], [ 192279.897999999986496, 564362.674 ], [ 192245.696, 564337.214000000036322 ], [ 192229.886, 564326.033999999985099 ], [ 192199.658, 564304.180000000051223 ], [ 192169.622, 564281.697000000043772 ], [ 192130.016, 564257.979000000050291 ], [ 192125.687, 564264.444000000017695 ], [ 192122.863000000012107, 564268.660999999963678 ], [ 192118.959, 564273.297999999951571 ], [ 192114.516, 564278.866999999969266 ], [ 192110.918, 564282.437000000034459 ], [ 192108.038, 564283.837999999988824 ], [ 192103.631, 564285.321 ], [ 192098.428000000014435, 564285.324999999953434 ], [ 192094.386999999987893, 564283.577999999979511 ], [ 192082.106999999989057, 564279.072000000043772 ], [ 192068.748, 564273.344000000040978 ], [ 192063.605000000010477, 564271.138999999966472 ], [ 192061.546, 564270.329000000027008 ], [ 192059.541999999986729, 564269.540000000037253 ], [ 192057.837999999988824, 564269.799 ], [ 192056.327, 564270.898000000044703 ], [ 192046.090999999985797, 564285.234000000054948 ], [ 192045.428000000014435, 564286.09499999997206 ], [ 192031.142, 564303.54500000004191 ], [ 192020.837, 564312.101999999955297 ], [ 192011.653, 564319.574000000022352 ], [ 192003.927, 564324.839999999967404 ], [ 191994.777, 564329.729000000050291 ], [ 191988.916999999986729, 564332.202000000048429 ], [ 191988.487, 564332.341000000014901 ], [ 191980.602000000013504, 564334.89000000001397 ], [ 191966.087999999988824, 564342.832000000053085 ], [ 191949.093, 564353.270999999949709 ], [ 191932.916, 564364.878000000026077 ], [ 191914.497, 564378.533000000054017 ], [ 191898.628999999986263, 564392.292999999946915 ], [ 191879.017, 564409.525999999954365 ], [ 191864.116, 564421.327999999979511 ], [ 191853.025, 564429.542000000015832 ], [ 191844.222, 564436.449999999953434 ], [ 191838.127, 564441.802000000025146 ], [ 191832.571999999985565, 564448.865 ], [ 191827.896, 564457.398000000044703 ], [ 191822.779, 564466.913999999989755 ], [ 191815.776000000012573, 564476.40300000004936 ], [ 191809.881, 564483.973 ], [ 191798.23499999998603, 564501.606000000028871 ], [ 191781.378999999986263, 564525.180999999982305 ], [ 191776.62, 564531.204000000027008 ], [ 191770.758, 564539.76300000003539 ], [ 191765.603, 564549.983 ], [ 191761.725, 564547.701 ], [ 191755.731, 564544.962000000057742 ], [ 191750.077, 564552.238000000012107 ], [ 191735.074, 564572.554 ], [ 191724.173, 564586.491999999969266 ], [ 191715.700000000011642, 564598.731000000028871 ], [ 191713.305, 564601.805999999982305 ], [ 191700.478, 564618.270000000018626 ], [ 191673.577, 564655.11199999996461 ], [ 191654.592, 564680.052000000025146 ], [ 191597.498, 564756.006999999983236 ], [ 191588.574, 564767.143999999971129 ], [ 191570.36799999998766, 564793.042999999946915 ], [ 191559.252, 564808.956 ], [ 191558.024, 564810.714000000036322 ], [ 191557.494, 564811.393999999971129 ], [ 191554.62599999998929, 564815.072999999974854 ], [ 191493.66, 564893.294 ], [ 191469.049999999988358, 564929.243999999947846 ], [ 191445.894, 564967.898000000044703 ], [ 191445.351, 564968.805999999982305 ], [ 191439.435999999986961, 564977.582999999984168 ], [ 191428.791, 564999.854999999981374 ], [ 191417.708000000013271, 565022.868999999947846 ], [ 191411.978, 565034.807999999960884 ], [ 191411.663, 565035.49 ], [ 191411.468, 565035.822000000043772 ], [ 191409.165, 565040.09699999995064 ], [ 191408.351, 565042.733 ], [ 191408.217, 565043.165999999968335 ], [ 191409.594000000011874, 565052.527 ], [ 191412.639, 565061.093 ], [ 191414.945, 565065.71999999997206 ], [ 191417.551, 565070.150999999954365 ], [ 191422.13, 565071.569000000017695 ], [ 191426.864, 565071.983 ], [ 191433.437, 565071.535000000032596 ], [ 191449.557, 565069.285999999963678 ], [ 191460.0, 565068.915999999968335 ], [ 191478.649, 565070.973 ], [ 191492.888, 565072.081 ], [ 191505.804, 565073.731000000028871 ], [ 191512.13200000001234, 565076.300999999977648 ], [ 191512.478, 565076.442000000039116 ], [ 191520.018000000010943, 565081.212000000057742 ], [ 191523.144, 565083.189000000013039 ], [ 191526.321, 565083.792000000015832 ], [ 191529.229, 565085.018999999971129 ], [ 191532.025, 565086.533000000054017 ], [ 191532.922, 565089.207999999984168 ], [ 191534.437, 565093.224999999976717 ], [ 191534.174999999988358, 565101.682000000029802 ], [ 191534.083000000013271, 565118.947999999974854 ], [ 191534.318, 565130.947999999974854 ], [ 191534.901000000012573, 565144.334000000031665 ], [ 191535.987, 565159.251000000047497 ], [ 191536.766, 565166.932999999960884 ], [ 191537.261, 565169.95499999995809 ], [ 191539.026000000012573, 565171.98699999996461 ], [ 191541.38200000001234, 565173.5 ], [ 191544.852000000013504, 565174.988999999943189 ], [ 191549.813, 565176.591000000014901 ], [ 191562.56, 565181.175999999977648 ], [ 191558.66, 565191.005 ], [ 191556.564000000013039, 565196.837000000057742 ], [ 191554.996000000013737, 565202.449999999953434 ], [ 191554.157, 565206.851000000024214 ], [ 191553.93, 565211.106999999959953 ], [ 191553.894, 565216.62699999997858 ], [ 191553.888, 565221.684 ], [ 191553.655999999988126, 565226.493999999947846 ], [ 191553.019999999989523, 565230.165999999968335 ], [ 191551.730000000010477, 565235.692000000039116 ], [ 191550.389, 565240.361000000033528 ], [ 191548.547, 565245.615 ], [ 191546.248, 565252.339000000036322 ], [ 191542.362, 565262.92000000004191 ], [ 191537.603, 565274.809 ], [ 191534.246000000013737, 565283.849000000045635 ], [ 191532.794, 565288.978 ], [ 191532.62400000001071, 565289.910000000032596 ], [ 191532.651000000012573, 565290.799 ], [ 191533.211000000010245, 565291.633000000030734 ], [ 191534.263, 565292.434 ], [ 191538.934, 565294.204000000027008 ], [ 191546.371000000013737, 565296.780999999959022 ], [ 191569.502, 565303.00199999997858 ], [ 191585.48499999998603, 565307.947000000043772 ], [ 191613.38, 565314.956 ], [ 191645.271, 565324.022 ], [ 191674.128, 565331.827999999979511 ], [ 191700.968, 565339.270999999949709 ], [ 191725.465, 565345.912000000011176 ], [ 191744.631, 565350.724999999976717 ], [ 191762.869, 565354.924 ], [ 191777.149, 565358.74 ], [ 191774.413, 565364.496999999973923 ], [ 191765.495, 565380.381999999983236 ], [ 191755.824, 565399.76300000003539 ], [ 191754.366, 565402.569999999948777 ], [ 191752.079999999987194, 565406.969000000040978 ], [ 191744.584, 565421.398000000044703 ], [ 191732.163, 565446.687000000034459 ], [ 191726.75, 565457.109000000054948 ], [ 191718.318, 565473.343 ], [ 191708.313, 565493.457000000053085 ], [ 191699.405999999988126, 565510.775000000023283 ], [ 191694.373, 565520.268999999971129 ], [ 191681.280999999988126, 565544.969000000040978 ], [ 191668.38, 565571.946 ], [ 191667.121000000013737, 565574.018000000040047 ], [ 191666.28, 565574.827999999979511 ], [ 191664.098999999987427, 565576.34499999997206 ], [ 191572.855000000010477, 565603.680000000051223 ], [ 191571.859, 565605.236000000033528 ], [ 191571.442000000010012, 565606.496999999973923 ], [ 191572.068, 565607.976000000024214 ], [ 191574.921, 565612.716999999945983 ], [ 191594.356, 565639.986000000033528 ], [ 191605.938, 565657.593 ], [ 191609.806000000011409, 565663.47199999995064 ], [ 191613.718, 565670.351999999955297 ], [ 191615.714, 565675.226000000024214 ], [ 191614.714, 565677.410000000032596 ], [ 191615.549999999988358, 565681.517 ], [ 191616.926, 565685.381000000052154 ], [ 191618.774, 565688.721000000019558 ], [ 191620.03, 565692.662999999942258 ], [ 191620.298, 565695.62300000002142 ], [ 191615.519999999989523, 565694.395999999949709 ], [ 191614.981999999989057, 565694.258000000030734 ], [ 191612.904, 565694.033999999985099 ], [ 191609.948, 565694.040999999968335 ], [ 191604.733, 565695.709000000031665 ], [ 191604.604, 565708.26500000001397 ], [ 191604.602000000013504, 565708.577999999979511 ], [ 191604.445, 565733.598 ], [ 191604.101, 565762.23699999996461 ], [ 191603.902, 565789.716999999945983 ], [ 191603.549, 565812.319000000017695 ], [ 191602.905, 565829.653999999980442 ], [ 191601.853, 565835.50199999997858 ], [ 191596.381, 565835.645999999949709 ], [ 191568.022999999986496, 565838.38800000003539 ], [ 191527.517, 565842.849999999976717 ], [ 191494.158, 565846.331 ], [ 191453.9, 565851.53000000002794 ], [ 191421.288, 565855.317999999970198 ], [ 191403.269, 565856.949000000022352 ], [ 191361.519999999989523, 565861.723 ], [ 191322.26, 565866.302999999956228 ], [ 191297.856, 565869.238999999943189 ], [ 191282.170000000012806, 565870.944999999948777 ], [ 191270.711000000010245, 565871.741999999969266 ], [ 191262.681000000011409, 565872.65500000002794 ], [ 191256.051, 565873.636999999987893 ], [ 191249.997, 565874.37 ], [ 191246.067000000010012, 565874.988999999943189 ], [ 191243.12599999998929, 565875.5 ], [ 191240.846, 565875.795999999972992 ], [ 191239.073, 565875.89000000001397 ], [ 191237.364, 565875.827999999979511 ], [ 191234.99299999998766, 565874.895000000018626 ], [ 191232.182, 565874.147 ], [ 191229.075000000011642, 565867.797999999951571 ], [ 191226.225, 565863.292000000015832 ], [ 191222.996000000013737, 565858.856000000028871 ], [ 191221.903, 565857.295999999972992 ], [ 191212.291, 565864.11199999996461 ], [ 191218.483, 565869.571 ], [ 191229.049, 565879.562999999965541 ], [ 191229.543, 565880.363000000012107 ], [ 191230.233, 565881.081 ], [ 191231.362, 565882.054 ], [ 191234.12599999998929, 565883.483 ], [ 191237.079999999987194, 565885.282 ], [ 191239.595, 565886.952000000048429 ], [ 191242.861, 565889.682000000029802 ], [ 191246.142, 565892.780999999959022 ], [ 191248.864, 565895.809 ], [ 191252.272, 565899.341999999945983 ], [ 191255.127, 565902.495 ], [ 191258.215999999985797, 565906.272 ], [ 191260.432999999989988, 565909.067000000039116 ], [ 191262.347, 565912.381999999983236 ], [ 191264.685999999986961, 565916.25 ], [ 191267.054, 565920.927000000025146 ], [ 191269.172, 565924.937999999965541 ], [ 191270.237, 565926.843 ], [ 191273.13200000001234, 565931.066 ], [ 191277.305, 565936.432000000029802 ], [ 191284.038, 565943.971000000019558 ], [ 191291.726, 565952.01300000003539 ], [ 191301.060999999986961, 565961.692999999970198 ], [ 191309.372, 565969.616000000038184 ], [ 191312.299, 565972.589000000036322 ], [ 191317.928000000014435, 565978.307000000029802 ], [ 191325.144, 565986.84499999997206 ], [ 191331.522999999986496, 565994.996999999973923 ], [ 191336.431000000011409, 566001.20499999995809 ], [ 191339.37, 566005.212999999988824 ], [ 191341.508, 566009.834000000031665 ], [ 191344.37, 566016.680999999982305 ], [ 191346.761, 566022.657 ], [ 191348.641, 566030.060999999986961 ], [ 191349.296, 566034.430000000051223 ], [ 191349.959, 566037.412000000011176 ], [ 191350.138, 566041.895000000018626 ], [ 191350.185999999986961, 566045.45499999995809 ], [ 191350.067000000010012, 566049.88800000003539 ], [ 191349.598, 566054.954000000027008 ], [ 191348.965, 566060.310000000055879 ], [ 191348.114, 566066.300999999977648 ], [ 191347.274, 566071.299 ], [ 191346.932999999989988, 566076.478 ], [ 191346.878999999986263, 566079.773000000044703 ], [ 191347.12, 566082.495 ], [ 191347.432, 566085.280999999959022 ], [ 191348.082, 566088.216000000014901 ], [ 191350.684, 566095.158000000054017 ], [ 191351.99900000001071, 566098.549 ], [ 191353.450000000011642, 566103.175000000046566 ], [ 191356.204, 566113.429 ], [ 191358.44, 566120.545999999972992 ], [ 191359.978, 566124.37300000002142 ], [ 191361.5, 566126.723 ], [ 191363.019, 566128.702000000048429 ], [ 191365.097, 566131.035999999963678 ], [ 191367.073, 566133.495 ], [ 191368.928000000014435, 566130.464000000036322 ], [ 191369.442000000010012, 566129.625 ], [ 191375.946, 566130.875 ], [ 191376.497, 566130.895999999949709 ], [ 191378.566, 566130.973 ], [ 191380.91, 566130.927999999956228 ], [ 191381.38, 566130.971000000019558 ], [ 191382.952, 566131.116000000038184 ], [ 191387.465999999985797, 566131.790000000037253 ], [ 191389.94, 566132.160000000032596 ], [ 191394.888, 566132.898999999975786 ], [ 191394.179, 566139.202000000048429 ], [ 191393.25099999998929, 566146.040000000037253 ], [ 191393.215999999985797, 566152.226999999955297 ], [ 191393.226, 566157.400999999954365 ], [ 191402.891, 566161.457999999984168 ], [ 191410.383, 566164.603 ], [ 191420.574, 566167.952000000048429 ], [ 191428.411, 566169.84499999997206 ], [ 191438.489, 566171.45499999995809 ], [ 191445.388, 566172.283000000054017 ], [ 191450.513, 566172.410999999963678 ], [ 191454.647, 566172.209999999962747 ], [ 191460.334, 566171.812000000034459 ], [ 191465.769999999989523, 566171.564000000013039 ], [ 191471.844000000011874, 566171.432000000029802 ], [ 191478.159000000014203, 566171.481000000028871 ], [ 191484.389, 566171.724000000045635 ], [ 191490.309, 566172.13800000003539 ], [ 191494.926, 566172.73699999996461 ], [ 191499.003, 566173.658999999985099 ], [ 191503.538, 566174.981000000028871 ], [ 191507.389, 566176.133000000030734 ], [ 191513.581, 566178.25 ], [ 191520.248, 566179.669 ], [ 191526.408, 566180.175999999977648 ], [ 191531.74299999998766, 566180.11199999996461 ], [ 191534.908, 566180.091999999945983 ], [ 191537.364, 566179.322999999974854 ], [ 191542.006, 566178.726999999955297 ], [ 191549.937, 566177.912000000011176 ], [ 191559.682, 566176.729000000050291 ], [ 191572.054, 566175.672000000020489 ], [ 191586.413, 566174.336000000010245 ], [ 191605.10999999998603, 566172.738999999943189 ], [ 191619.825000000011642, 566171.390999999945052 ], [ 191636.891, 566169.893000000040047 ], [ 191647.272999999986496, 566168.979999999981374 ], [ 191660.915, 566167.587999999988824 ], [ 191672.192000000010012, 566166.770999999949709 ], [ 191682.309, 566165.957999999984168 ], [ 191690.43, 566165.187000000034459 ], [ 191697.912000000011176, 566164.206 ], [ 191707.50099999998929, 566163.265999999945052 ], [ 191715.252, 566162.930999999982305 ], [ 191725.253999999986263, 566162.094000000040978 ], [ 191737.065, 566160.922999999951571 ], [ 191753.445, 566159.167999999946915 ], [ 191761.62599999998929, 566157.665000000037253 ], [ 191772.69, 566156.049 ], [ 191785.942000000010012, 566154.537000000011176 ], [ 191798.424999999988358, 566152.932000000029802 ], [ 191806.264, 566151.707999999984168 ], [ 191816.207, 566150.236000000033528 ], [ 191823.942000000010012, 566149.062999999965541 ], [ 191832.062, 566148.011999999987893 ], [ 191840.627, 566147.170999999972992 ], [ 191849.519999999989523, 566146.46999999997206 ], [ 191857.644999999989523, 566145.770000000018626 ], [ 191868.173, 566144.777 ], [ 191878.674, 566143.723 ], [ 191887.367, 566142.449999999953434 ], [ 191894.355000000010477, 566141.297000000020489 ], [ 191900.248, 566140.365 ], [ 191904.24900000001071, 566140.253999999957159 ], [ 191908.522999999986496, 566139.966000000014901 ], [ 191915.256, 566139.006999999983236 ], [ 191921.189000000013039, 566137.836000000010245 ], [ 191926.480000000010477, 566136.59699999995064 ], [ 191934.725, 566134.449000000022352 ], [ 191940.715, 566133.294 ], [ 191945.687, 566132.392 ], [ 191949.535, 566132.349999999976717 ], [ 191954.619, 566132.692000000039116 ], [ 191959.079, 566133.152 ], [ 191962.987, 566133.783999999985099 ], [ 191965.670000000012806, 566133.819000000017695 ], [ 191969.241, 566133.461000000010245 ], [ 191974.807999999989988, 566132.430000000051223 ], [ 191983.331, 566130.930999999982305 ], [ 192103.51500000001397, 566117.74 ], [ 192214.971, 566105.603 ], [ 192271.475, 566099.365 ], [ 192339.498, 566090.748999999952503 ], [ 192407.66, 566082.733 ], [ 192410.211000000010245, 566082.432999999960884 ], [ 192410.307, 566082.452999999979511 ], [ 192413.791999999986729, 566081.937000000034459 ], [ 192425.473999999987427, 566079.653999999980442 ], [ 192439.371000000013737, 566077.702999999979511 ], [ 192458.429, 566075.339999999967404 ], [ 192478.206, 566073.228 ], [ 192503.981999999989057, 566070.454000000027008 ], [ 192526.954, 566067.648999999975786 ], [ 192547.306000000011409, 566064.49 ], [ 192570.956, 566061.45499999995809 ], [ 192584.714, 566060.368999999947846 ], [ 192606.573, 566058.246999999973923 ], [ 192624.57, 566055.755 ], [ 192635.098999999987427, 566053.934 ], [ 192647.969000000011874, 566052.755 ], [ 192648.336000000010245, 566052.729999999981374 ], [ 192666.562, 566051.491999999969266 ], [ 192706.038, 566047.643999999971129 ], [ 192708.780999999988126, 566047.226000000024214 ], [ 192724.268000000010943, 566044.863999999943189 ], [ 192745.288999999989755, 566042.356999999959953 ], [ 192746.01500000001397, 566042.270000000018626 ], [ 192756.837, 566040.979999999981374 ], [ 192779.480000000010477, 566038.442999999970198 ], [ 192814.085, 566034.27800000004936 ], [ 192825.557999999989988, 566032.897 ], [ 192869.094000000011874, 566028.011000000056811 ], [ 192906.96, 566023.172999999951571 ], [ 192926.818999999988591, 566020.363999999943189 ], [ 192965.72, 566016.13 ], [ 193000.0, 566012.486000000033528 ], [ 193037.63, 566008.351000000024214 ], [ 193054.291, 566006.268000000040047 ], [ 193065.971, 566004.947999999974854 ], [ 193074.133, 566004.297999999951571 ], [ 193104.326, 566000.647 ], [ 193150.060999999986961, 565995.116000000038184 ], [ 193189.432999999989988, 565990.343 ], [ 193210.442000000010012, 565987.795999999972992 ], [ 193229.532, 565986.10999999998603 ], [ 193236.647999999986496, 565984.935999999986961 ], [ 193248.168, 565983.462000000057742 ], [ 193260.532, 565981.694999999948777 ], [ 193283.633, 565979.441 ], [ 193300.144, 565977.441 ], [ 193392.518000000010943, 565966.304 ], [ 193393.343, 565966.20499999995809 ], [ 193398.88, 565965.481999999959953 ], [ 193449.948, 565960.712000000057742 ], [ 193499.096, 565954.772 ], [ 193499.10999999998603, 565954.770000000018626 ], [ 193548.979, 565948.741999999969266 ], [ 193630.043, 565938.944000000017695 ], [ 193640.627, 565937.663999999989755 ], [ 193643.286, 565937.343 ], [ 193647.579, 565936.824000000022352 ], [ 193746.291999999986729, 565924.892 ], [ 193746.47, 565924.87 ], [ 193846.115, 565912.826 ], [ 194040.277, 565889.339999999967404 ], [ 194041.532, 565889.189000000013039 ], [ 194047.405, 565888.479000000050291 ], [ 194052.053000000014435, 565887.934 ], [ 194056.635, 565887.36199999996461 ], [ 194156.073, 565874.954000000027008 ], [ 194203.172, 565869.993999999947846 ], [ 194203.642, 565869.947000000043772 ], [ 194247.886999999987893, 565864.506000000052154 ], [ 194261.530999999988126, 565862.827999999979511 ], [ 194262.008, 565862.773000000044703 ], [ 194289.279, 565859.665999999968335 ], [ 194339.358, 565853.794 ], [ 194402.509, 565845.775999999954365 ], [ 194402.853, 565845.738000000012107 ], [ 194457.935, 565839.71999999997206 ], [ 194501.589, 565834.491999999969266 ], [ 194515.375, 565832.816 ], [ 194527.365, 565831.488000000012107 ], [ 194535.657, 565830.496999999973923 ], [ 194540.834, 565830.072999999974854 ], [ 194542.979, 565829.966999999945983 ], [ 194543.953, 565829.856000000028871 ], [ 194555.543, 565828.535000000032596 ], [ 194567.894, 565826.886999999987893 ], [ 194570.764, 565826.439999999944121 ], [ 194577.661, 565825.366000000038184 ], [ 194659.19, 565815.484000000054948 ], [ 194697.172, 565811.011000000056811 ], [ 194723.844000000011874, 565807.810000000055879 ], [ 194760.733, 565803.476999999955297 ], [ 194789.048, 565799.952999999979511 ], [ 194794.181000000011409, 565799.175999999977648 ], [ 194799.60999999998603, 565799.006999999983236 ], [ 194799.671, 565799.005 ], [ 194803.854, 565798.876000000047497 ], [ 194807.946, 565800.150999999954365 ], [ 194811.386, 565800.959999999962747 ], [ 194812.407, 565801.316 ], [ 194814.748, 565801.435000000055879 ], [ 194817.122, 565801.275000000023283 ], [ 194819.666, 565801.104000000050291 ], [ 194823.848, 565799.718 ], [ 194830.373, 565798.24800000002142 ], [ 194838.215, 565796.481999999959953 ], [ 194844.524, 565794.746999999973923 ], [ 194849.852000000013504, 565793.282 ], [ 194859.973, 565791.035999999963678 ], [ 194872.869, 565787.481000000028871 ], [ 194889.552, 565781.033000000054017 ], [ 194890.76500000001397, 565780.422999999951571 ], [ 194896.670000000012806, 565777.449999999953434 ], [ 194904.611, 565773.633000000030734 ], [ 194908.63200000001234, 565772.40300000004936 ], [ 194909.533, 565772.12699999997858 ], [ 194913.471, 565772.047000000020489 ], [ 194917.805, 565773.142 ], [ 194919.703, 565773.621999999973923 ], [ 194925.992, 565777.113000000012107 ], [ 194936.76, 565786.363000000012107 ], [ 194943.700000000011642, 565791.334999999962747 ], [ 194945.815, 565792.851000000024214 ], [ 194952.065, 565799.538999999989755 ], [ 194955.759, 565804.51300000003539 ], [ 194958.84, 565810.397 ], [ 194961.266, 565815.677999999956228 ], [ 194962.062, 565819.652 ], [ 194964.424999999988358, 565831.731000000028871 ], [ 194967.685, 565849.337999999988824 ], [ 194967.774, 565857.074000000022352 ], [ 194965.863000000012107, 565865.285000000032596 ], [ 194963.759, 565872.616000000038184 ], [ 194963.392, 565879.412000000011176 ], [ 194964.488000000012107, 565886.174 ], [ 194965.366, 565890.337999999988824 ], [ 194969.04, 565899.571 ], [ 194975.878999999986263, 565914.572000000043772 ], [ 194983.385, 565932.758999999961816 ], [ 194988.813, 565943.430000000051223 ], [ 194994.828, 565954.917000000015832 ], [ 195005.113000000012107, 565973.059 ], [ 195012.931000000011409, 565985.978 ], [ 195020.939000000013039, 565998.511000000056811 ], [ 195032.994, 566016.011999999987893 ], [ 195043.108, 566028.810000000055879 ], [ 195046.693999999988591, 566033.348 ], [ 195047.127, 566033.964999999967404 ], [ 195055.786, 566046.312999999965541 ], [ 195059.174, 566049.716000000014901 ], [ 195063.238000000012107, 566052.604999999981374 ], [ 195067.503999999986263, 566054.547999999951571 ], [ 195070.928000000014435, 566055.36199999996461 ], [ 195075.225, 566055.932999999960884 ], [ 195099.427, 566055.258999999961816 ], [ 195104.842, 566055.201 ], [ 195142.00099999998929, 566054.804 ], [ 195155.212, 566054.439999999944121 ], [ 195159.932999999989988, 566055.753000000026077 ], [ 195165.239, 566058.491000000038184 ], [ 195172.1, 566063.758000000030734 ], [ 195172.497, 566064.714000000036322 ], [ 195176.878, 566072.229999999981374 ], [ 195180.166999999986729, 566078.294 ], [ 195181.699, 566082.532 ], [ 195182.193999999988591, 566088.133999999961816 ], [ 195184.486, 566092.861000000033528 ], [ 195184.891, 566094.599999999976717 ], [ 195185.239, 566096.096000000019558 ], [ 195185.987, 566099.305000000051223 ], [ 195188.002, 566106.425000000046566 ], [ 195191.74299999998766, 566117.317999999970198 ], [ 195195.956, 566129.248999999952503 ], [ 195196.87400000001071, 566131.719000000040978 ], [ 195197.573, 566133.598 ], [ 195199.636, 566137.26500000001397 ], [ 195202.587, 566141.094000000040978 ], [ 195206.799999999988358, 566145.52800000004936 ], [ 195212.301, 566150.716999999945983 ], [ 195214.544, 566152.402 ], [ 195217.6, 566154.699000000022352 ], [ 195218.068999999988591, 566155.050999999977648 ], [ 195218.446, 566155.24 ], [ 195221.534000000014203, 566156.787999999942258 ], [ 195224.787099999986822, 566159.054200000013225 ], [ 195224.992, 566159.197000000043772 ], [ 195232.193999999988591, 566161.802000000025146 ], [ 195239.467, 566162.37699999997858 ], [ 195252.488000000012107, 566160.691 ], [ 195253.486, 566160.562000000034459 ], [ 195262.668198, 566159.062887000036426 ], [ 195278.715, 566156.442999999970198 ], [ 195280.328, 566156.206 ], [ 195314.14000000001397, 566151.243000000016764 ], [ 195338.922, 566147.040000000037253 ], [ 195351.37599999998929, 566143.927000000025146 ], [ 195363.019, 566153.231999999959953 ], [ 195365.99, 566155.606000000028871 ], [ 195368.608, 566157.697999999974854 ], [ 195373.397999999986496, 566159.035000000032596 ], [ 195375.63200000001234, 566159.077999999979511 ], [ 195381.114, 566159.182000000029802 ], [ 195397.104, 566156.839000000036322 ], [ 195427.937, 566153.003000000026077 ], [ 195442.574, 566151.243999999947846 ], [ 195445.396, 566150.90500000002794 ], [ 195471.585, 566147.76 ], [ 195536.538, 566139.474000000045635 ], [ 195594.12599999998929, 566132.226000000024214 ], [ 195612.51500000001397, 566129.53000000002794 ], [ 195621.383, 566131.745 ], [ 195629.551, 566133.785000000032596 ], [ 195646.711000000010245, 566138.069999999948777 ], [ 195657.655, 566148.381000000052154 ], [ 195658.894999999989523, 566149.550000000046566 ], [ 195662.123, 566152.675000000046566 ], [ 195666.761999999987893, 566157.165000000037253 ], [ 195679.951, 566160.574999999953434 ], [ 195735.438, 566156.525000000023283 ], [ 195748.169, 566155.658999999985099 ], [ 195749.062, 566155.802000000025146 ], [ 195759.206, 566157.425999999977648 ], [ 195782.971, 566161.231000000028871 ], [ 195814.093, 566174.596000000019558 ], [ 195819.465, 566176.90300000004936 ], [ 195878.983, 566168.192000000039116 ], [ 195902.101, 566158.932999999960884 ], [ 195906.741, 566158.875 ], [ 195934.131, 566180.616999999969266 ], [ 195944.101, 566188.530999999959022 ], [ 195966.734, 566186.851999999955297 ], [ 195971.081, 566180.292000000015832 ] ], [ [ 195581.299999999988358, 565925.033000000054017 ], [ 195570.8948, 565910.928199999965727 ], [ 195515.442000000010012, 565952.371999999973923 ], [ 195510.394, 565943.88 ], [ 195505.309, 565937.711000000010245 ], [ 195502.214, 565932.976999999955297 ], [ 195483.782100000011269, 565902.962500000023283 ], [ 195516.0196, 565884.2166000000434 ], [ 195523.703, 565879.748799999943003 ], [ 195519.9705, 565873.32999999995809 ], [ 195542.923, 565857.038700000033714 ], [ 195550.3297, 565868.117300000041723 ], [ 195557.525, 565865.599999999976717 ], [ 195570.964, 565856.76300000003539 ], [ 195571.4, 565855.104000000050291 ], [ 195570.372, 565852.432999999960884 ], [ 195563.458000000013271, 565840.562000000034459 ], [ 195583.294, 565827.491000000038184 ], [ 195562.358, 565794.126000000047497 ], [ 195590.198299999989104, 565773.128900000010617 ], [ 195605.326, 565765.136000000056811 ], [ 195628.50700000001234, 565748.582999999984168 ], [ 195649.7322, 565779.934299999964423 ], [ 195668.3909, 565767.643700000015087 ], [ 195680.4107, 565773.133599999942817 ], [ 195706.203, 565754.133200000040233 ], [ 195697.286400000011781, 565742.029199999989942 ], [ 195708.502, 565733.767 ], [ 195765.605000000010477, 565691.701 ], [ 195776.248, 565684.365 ], [ 195779.952, 565680.256999999983236 ], [ 195794.022999999986496, 565669.403999999980442 ], [ 195797.582, 565668.326 ], [ 195804.608, 565663.596000000019558 ], [ 195810.965, 565658.209999999962747 ], [ 195812.089, 565656.758000000030734 ], [ 195813.263, 565654.763999999966472 ], [ 195811.215399999986403, 565653.034899999969639 ], [ 195827.915, 565638.381000000052154 ], [ 195876.62, 565600.680000000051223 ], [ 195919.0096, 565652.510400000028312 ], [ 196318.5247, 565352.870499999960884 ], [ 196340.7164, 565330.353699999977835 ], [ 196340.7164, 565298.802000000025146 ], [ 196326.4089, 565269.881599999964237 ], [ 196177.778400000010151, 565135.3972 ], [ 196152.8405, 565159.98699999996461 ], [ 196134.9498, 565177.628000000026077 ], [ 196128.6513, 565171.2339 ], [ 196101.856, 565144.032600000035018 ], [ 196079.622, 565120.066 ], [ 196078.019, 565121.435999999986961 ], [ 196066.318, 565129.145999999949709 ], [ 196055.202, 565136.300000000046566 ], [ 196045.182, 565142.302999999956228 ], [ 196027.652, 565152.263999999966472 ], [ 196003.927, 565164.824000000022352 ], [ 196000.0, 565167.169 ], [ 195991.336000000010245, 565172.469000000040978 ], [ 195988.877, 565173.996999999973923 ], [ 195983.166999999986729, 565177.214000000036322 ], [ 195979.87, 565179.417999999946915 ], [ 195969.636, 565185.415999999968335 ], [ 195964.071999999985565, 565188.493000000016764 ], [ 195958.983, 565191.082999999984168 ], [ 195955.623, 565192.929 ], [ 195940.138, 565200.647 ], [ 195940.009, 565200.520000000018626 ], [ 195930.731999999989057, 565191.349999999976717 ], [ 195822.556000000011409, 565084.430999999982305 ], [ 195780.908, 565043.336000000010245 ], [ 195772.509, 565035.047999999951571 ], [ 195770.75, 565033.312000000034459 ], [ 195617.245, 564881.846000000019558 ], [ 195551.329, 564892.858 ], [ 195482.78, 564903.687000000034459 ], [ 195439.043, 564911.871000000042841 ], [ 195420.47, 564914.635 ], [ 195402.108, 564917.944000000017695 ], [ 195403.559, 564928.562000000034459 ], [ 195405.343, 564932.327000000048429 ], [ 195408.3125, 564935.533000000054017 ], [ 195411.282, 564938.738999999943189 ], [ 195431.722, 564962.819000000017695 ], [ 195446.772, 564979.608 ], [ 195406.0069, 564994.585199999972247 ], [ 195394.794, 564998.704900000011548 ], [ 195391.791399999987334, 564996.3358 ], [ 195385.7844, 564986.1825 ], [ 195380.779799999989336, 564964.435199999948964 ], [ 195378.446999999985565, 564959.5773 ], [ 195371.856900000013411, 564950.065799999982119 ], [ 195365.928000000014435, 564954.145999999949709 ], [ 195313.022, 564989.145000000018626 ], [ 195302.424, 564976.365 ], [ 195291.897999999986496, 564982.930000000051223 ], [ 195219.803000000014435, 565029.074999999953434 ], [ 195188.949, 564987.273999999975786 ], [ 195163.855000000010477, 564952.471000000019558 ], [ 195162.479499999986729, 564943.256199999945238 ], [ 195075.424999999988358, 564952.507899999967776 ], [ 195069.926, 564939.932999999960884 ], [ 195068.828, 564938.206 ], [ 195049.18, 564906.832999999984168 ], [ 195049.005, 564905.890999999945052 ], [ 195051.305, 564904.074000000022352 ], [ 195057.967, 564903.158999999985099 ], [ 195082.837999999988824, 564900.439999999944121 ], [ 195107.709, 564897.721000000019558 ], [ 195121.731999999989057, 564896.307999999960884 ], [ 195123.651000000012573, 564896.305000000051223 ], [ 195124.837999999988824, 564896.687000000034459 ], [ 195126.643000000010943, 564897.767 ], [ 195133.4817, 564897.722599999979138 ], [ 195213.5343, 564885.579000000027008 ], [ 195278.75, 564874.169 ], [ 195295.9625, 564867.56050000002142 ], [ 195293.6992, 564861.302200000034645 ], [ 195300.394, 564858.873999999952503 ], [ 195327.509, 564852.45499999995809 ], [ 195325.598999999987427, 564835.805000000051223 ], [ 195370.228, 564828.76300000003539 ], [ 195386.743599999987055, 564826.157 ], [ 195415.9959, 564852.665400000056252 ], [ 195426.348, 564865.12699999997858 ], [ 195440.666999999986729, 564862.85999999998603 ], [ 195466.776000000012573, 564858.726999999955297 ], [ 195471.954999999987194, 564857.680000000051223 ], [ 195473.48499999998603, 564857.371000000042841 ], [ 195476.413999999989755, 564856.285000000032596 ], [ 195480.075000000011642, 564854.466999999945983 ], [ 195481.7655, 564853.417999999946915 ], [ 195483.456, 564852.368999999947846 ], [ 195486.454999999987194, 564851.074000000022352 ], [ 195490.048, 564850.85999999998603 ], [ 195494.758, 564850.993999999947846 ], [ 195500.13200000001234, 564851.57999999995809 ], [ 195505.215, 564852.34499999997206 ], [ 195511.0878, 564851.202399999951012 ], [ 195540.202, 564845.0712 ], [ 195545.984900000010384, 564843.853400000021793 ], [ 195540.85, 564837.78000000002794 ], [ 195404.85999999998603, 564706.099999999976717 ], [ 195347.950000000011642, 564650.78000000002794 ], [ 195412.0967, 564578.970800000010058 ], [ 195351.853, 564524.457999999984168 ], [ 195293.75, 564471.383000000030734 ], [ 195245.3172, 564427.348099999944679 ], [ 195243.581, 564425.635 ], [ 195243.615, 564424.413999999989755 ], [ 195259.428000000014435, 564404.682000000029802 ], [ 195260.0758, 564401.950100000016391 ], [ 195254.812, 564395.966000000014901 ], [ 195228.685, 564371.927999999956228 ], [ 195228.613000000012107, 564370.810999999986961 ], [ 195271.285800000012387, 564321.506500000017695 ], [ 195161.4664, 564223.338299999944866 ], [ 195174.019, 564210.888999999966472 ], [ 195189.94, 564195.099000000045635 ], [ 195211.543199999985518, 564197.945100000011735 ], [ 195224.7677, 564203.071 ], [ 195228.878, 564205.455100000021048 ], [ 195236.014, 564213.251000000047497 ], [ 195224.94639999998617, 564226.852599999983795 ], [ 195271.567000000010012, 564269.199000000022352 ], [ 195299.473999999987427, 564293.618000000016764 ], [ 195288.661400000011781, 564307.417499999981374 ], [ 195368.416, 564378.199999999953434 ], [ 195403.745, 564341.907 ], [ 195430.1991, 564369.121599999954924 ], [ 195430.7948, 564374.307000000029802 ], [ 195413.51, 564392.969000000040978 ], [ 195413.731, 564396.597900000051595 ], [ 195531.873, 564504.707000000053085 ], [ 195559.426, 564529.299 ], [ 195607.74900000001071, 564571.927999999956228 ], [ 195631.225, 564594.807000000029802 ], [ 195638.659000000014203, 564601.650999999954365 ], [ 195649.731, 564606.368999999947846 ], [ 195654.835, 564608.373999999952503 ], [ 195675.547, 564614.263999999966472 ], [ 195682.51, 564619.974999999976717 ], [ 195752.856999999989057, 564683.152 ], [ 195765.481999999989057, 564695.557000000029802 ], [ 195770.79, 564700.773000000044703 ], [ 195789.51, 564717.145000000018626 ], [ 195795.799, 564710.712999999988824 ], [ 195800.479, 564710.128999999957159 ], [ 195819.5906, 564728.249599999981001 ], [ 195850.105000000010477, 564693.856000000028871 ], [ 195906.003999999986263, 564743.903999999980442 ], [ 196052.988699999987148, 564595.391300000017509 ], [ 195973.57, 564516.86199999996461 ], [ 195973.01500000001397, 564513.398000000044703 ], [ 195986.49900000001071, 564500.42449999996461 ], [ 196022.253999999986263, 564465.131999999983236 ], [ 196108.554, 564550.463499999954365 ], [ 196231.791, 564672.47199999995064 ], [ 196260.493500000011409, 564644.015499999979511 ], [ 196294.029199999989942, 564613.583699999959208 ], [ 196300.842, 564619.662000000011176 ], [ 196375.049, 564547.75199999997858 ], [ 196477.91, 564652.643000000040047 ], [ 196545.7566, 564599.6298 ], [ 196637.37400000001071, 564691.753999999957159 ], [ 196648.506, 564690.212000000057742 ], [ 196686.198, 564683.822000000043772 ], [ 196710.13200000001234, 564680.126000000047497 ], [ 196684.038, 564652.533000000054017 ], [ 196707.263, 564632.567999999970198 ], [ 196685.786, 564612.059 ], [ 196724.59, 564570.268999999971129 ], [ 196776.878, 564621.084999999962747 ], [ 196819.582, 564583.199999999953434 ], [ 196841.468499999988126, 564602.29500000004191 ], [ 196857.146, 564592.821 ], [ 196882.625, 564615.507499999948777 ], [ 196912.456, 564597.721000000019558 ], [ 196858.666999999986729, 564547.336000000010245 ], [ 197009.263, 564377.662999999942258 ], [ 197049.298, 564332.231999999959953 ], [ 197036.215, 564320.365499999956228 ], [ 197029.4326, 564314.150099999969825 ], [ 197023.13200000001234, 564308.498999999952503 ], [ 197006.378, 564293.081 ], [ 197019.3595, 564278.90300000004936 ], [ 197023.231999999989057, 564274.674 ], [ 197047.978, 564249.354000000050291 ], [ 197063.480000000010477, 564232.99 ], [ 197066.28, 564230.035000000032596 ], [ 197067.305, 564230.621000000042841 ], [ 197098.284000000014203, 564259.941 ], [ 197119.454999999987194, 564279.527 ], [ 197125.962, 564285.407 ], [ 197151.743500000011409, 564308.104500000015832 ], [ 197155.8421, 564307.038900000043213 ], [ 197166.301, 564297.310999999986961 ], [ 197172.49, 564290.307999999960884 ], [ 197202.429, 564252.052000000025146 ], [ 197342.01500000001397, 564383.359000000054948 ], [ 197424.66, 564460.584999999962747 ], [ 197495.1843, 564527.528599999961443 ], [ 197523.5691, 564499.157 ], [ 197502.744, 564479.571 ], [ 197502.038999999989755, 564477.935999999986961 ], [ 197512.518000000010943, 564466.5185 ], [ 197540.605000000010477, 564437.331 ], [ 197642.217, 564534.202999999979511 ], [ 197692.1794, 564493.3384 ], [ 197697.4235, 564490.378000000026077 ], [ 197700.586000000010245, 564492.01749999995809 ], [ 197735.352000000013504, 564527.207000000053085 ], [ 197736.429, 564530.042999999946915 ], [ 197754.798, 564524.51 ], [ 197771.81, 564506.806499999947846 ], [ 197773.657, 564506.797000000020489 ], [ 197902.498, 564634.07999999995809 ], [ 197920.586000000010245, 564657.873999999952503 ], [ 197919.298100000014529, 564662.04859999998007 ], [ 197730.1662, 564601.824999999953434 ], [ 197728.997, 564607.194999999948777 ], [ 197720.894999999989523, 564604.133999999961816 ], [ 197674.1255, 564636.067000000039116 ], [ 197671.881, 564636.484000000054948 ], [ 197662.957, 564629.3665 ], [ 197660.727000000013504, 564629.395000000018626 ], [ 197657.074, 564632.886000000056811 ], [ 197641.7727, 564649.4754 ], [ 197572.88, 564726.567000000039116 ], [ 197557.097, 564744.138999999966472 ], [ 197562.774, 564750.0 ], [ 197579.173, 564764.09699999995064 ], [ 197605.122, 564734.194999999948777 ], [ 197606.971, 564733.612300000037067 ], [ 197610.2048, 564736.06449999997858 ], [ 197626.2801, 564749.1091 ], [ 197626.763100000011036, 564751.875299999956042 ], [ 197600.4015, 564781.889300000038929 ], [ 197581.875, 564802.258999999961816 ], [ 197580.657, 564801.177000000025146 ], [ 197572.067000000010012, 564793.604000000050291 ], [ 197566.116, 564790.697999999974854 ], [ 197560.096, 564788.196 ], [ 197554.886, 564786.777 ], [ 197550.602000000013504, 564786.427000000025146 ], [ 197538.087999999988824, 564786.24800000002142 ], [ 197525.935, 564785.712000000057742 ], [ 197515.924999999988358, 564783.567999999970198 ], [ 197509.489, 564781.603 ], [ 197503.413, 564778.566 ], [ 197499.12400000001071, 564776.064999999944121 ], [ 197494.476, 564772.849000000045635 ], [ 197481.691, 564761.662999999942258 ], [ 197434.011999999987893, 564719.810999999986961 ], [ 197405.590999999985797, 564694.530999999959022 ], [ 197393.704999999987194, 564697.300000000046566 ], [ 197387.450000000011642, 564699.444000000017695 ], [ 197380.766, 564704.62699999997858 ], [ 197357.136, 564722.113000000012107 ], [ 197355.29, 564724.790000000037253 ], [ 197355.533, 564726.805000000051223 ], [ 197356.329, 564729.962999999988824 ], [ 197356.51500000001397, 564732.287000000011176 ], [ 197355.275, 564734.351999999955297 ], [ 197333.897, 564754.233 ], [ 197325.116, 564747.038999999989755 ], [ 197286.871000000013737, 564778.642 ], [ 197276.593, 564787.060999999986961 ], [ 197277.867, 564789.832999999984168 ], [ 197285.275, 564798.697000000043772 ], [ 197284.348999999987427, 564801.474999999976717 ], [ 197295.594000000011874, 564810.73499999998603 ], [ 197284.746000000013737, 564822.113000000012107 ], [ 197271.611, 564833.261000000056811 ], [ 197253.4429, 564816.62679999996908 ], [ 197241.003, 564830.420999999972992 ], [ 197197.118500000011409, 564788.201 ], [ 197181.221, 564796.506999999983236 ], [ 197153.10999999998603, 564772.187000000034459 ], [ 197150.812, 564771.643000000040047 ], [ 197146.464199999987613, 564773.39179999998305 ], [ 197119.008, 564788.947000000043772 ], [ 197110.0525, 564799.305999999982305 ], [ 197100.412000000011176, 564810.084000000031665 ], [ 197085.973, 564797.167999999946915 ], [ 197069.856999999989057, 564815.319000000017695 ], [ 197056.869, 564828.420999999972992 ], [ 197048.813, 564834.912999999942258 ], [ 197036.066, 564824.094000000040978 ], [ 197034.021, 564820.608 ], [ 197033.285, 564817.898999999975786 ], [ 197011.157, 564840.846000000019558 ], [ 196968.312, 564885.275000000023283 ], [ 196947.361299999989569, 564907.205300000030547 ], [ 196942.386999999987893, 564912.878600000054576 ], [ 196937.3142, 564915.234000000054948 ], [ 196929.6297, 564920.717399999964982 ], [ 196923.494, 564926.022099999943748 ], [ 196914.916, 564935.677799999946728 ], [ 196848.6527, 564869.1409 ], [ 196799.3641, 564918.499700000043958 ], [ 196769.340999999985797, 564889.00199999997858 ], [ 196752.323, 564904.398000000044703 ], [ 196725.929, 564928.981999999959953 ], [ 196723.506, 564934.665000000037253 ], [ 196735.127, 564947.50199999997858 ], [ 196736.89000000001397, 564951.359000000054948 ], [ 196735.788, 564959.294 ], [ 196728.654, 564967.302000000025146 ], [ 196716.5185, 564974.911500000045635 ], [ 196685.121000000013737, 565002.212999999988824 ], [ 196660.72640000001411, 565027.599999999976717 ], [ 196667.199, 565034.037999999942258 ], [ 196681.049999999988358, 565047.814999999944121 ], [ 196713.529, 565080.51500000001397 ], [ 196681.0074, 565113.4386 ], [ 196684.6114, 565117.197700000018813 ], [ 196671.9334, 565130.369500000029802 ], [ 196638.670000000012806, 565166.832999999984168 ], [ 196555.091600000014296, 565249.6777 ], [ 196548.1815, 565243.657800000044517 ], [ 196526.6172, 565267.081800000043586 ], [ 196502.817000000010012, 565292.861000000033528 ], [ 196498.852000000013504, 565298.425999999977648 ], [ 196497.36799999998766, 565299.562999999965541 ], [ 196537.674399999988964, 565335.094700000016019 ], [ 196461.8033, 565417.881500000017695 ], [ 196460.682, 565419.104999999981374 ], [ 196430.24299999998766, 565391.415000000037253 ], [ 196393.011999999987893, 565359.772 ], [ 196388.4732, 565363.671500000054948 ], [ 196334.604499999986729, 565404.827000000048429 ], [ 196297.612, 565434.273000000044703 ], [ 196317.242, 565454.109000000054948 ], [ 196318.967, 565455.834000000031665 ], [ 196323.7043999999878, 565460.571400000015274 ], [ 196318.967, 565465.001000000047497 ], [ 196293.915, 565488.425200000056066 ], [ 196284.7787, 565497.768200000049546 ], [ 196268.634499999985565, 565514.277899999986403 ], [ 196239.138, 565539.939999999944121 ], [ 196255.991, 565556.106000000028871 ], [ 196204.721, 565609.167000000015832 ], [ 196224.4744, 565630.142600000021048 ], [ 196222.746000000013737, 565631.67000000004191 ], [ 196192.511, 565658.388999999966472 ], [ 196176.339, 565658.125 ], [ 196129.1965, 565607.773500000010245 ], [ 196095.0495, 565638.617500000051223 ], [ 196067.8724, 565663.417299999971874 ], [ 196065.158399999985704, 565668.8504 ], [ 196066.3046, 565677.8948 ], [ 196066.513199999986682, 565682.690300000016578 ], [ 196064.7612, 565682.766500000027008 ], [ 196049.472, 565696.104999999981374 ], [ 196043.261, 565690.087999999988824 ], [ 196020.915, 565706.202000000048429 ], [ 195987.147, 565730.559 ], [ 195952.12400000001071, 565687.392 ], [ 195934.479, 565701.631999999983236 ], [ 195932.4156, 565704.3665 ], [ 195931.817799999989802, 565708.859700000029989 ], [ 195934.528, 565716.145999999949709 ], [ 195940.313, 565738.45499999995809 ], [ 195935.7628, 565740.459200000041164 ], [ 195923.6734, 565748.213699999963865 ], [ 195880.439000000013039, 565779.272 ], [ 195886.163, 565785.781500000040978 ], [ 195928.568, 565840.991000000038184 ], [ 195947.301, 565865.394500000053085 ], [ 195966.53, 565890.601000000024214 ], [ 195923.393000000010943, 565923.968 ], [ 195852.367, 565831.199000000022352 ], [ 195829.076, 565801.241000000038184 ], [ 195761.730000000010477, 565851.971000000019558 ], [ 195756.21, 565855.807000000029802 ], [ 195760.209, 565860.973 ], [ 195726.442000000010012, 565887.11199999996461 ], [ 195724.858, 565887.638999999966472 ], [ 195723.275, 565887.11199999996461 ], [ 195695.638, 565847.474000000045635 ], [ 195647.7716, 565882.820500000030734 ], [ 195659.4064, 565903.14179999998305 ], [ 195659.3289, 565909.0954 ], [ 195663.4633, 565914.680999999982305 ], [ 195608.555, 565955.3236 ], [ 195587.846, 565933.169 ], [ 195581.299999999988358, 565925.033000000054017 ] ] ] ] } },
{ "type": "Feature", "properties": { "buurtcode": "BU00861301", "buurtnaam": "Siegerswoude-Kom", "pc6_codes": "9248KS, 9248SB, 9248SC, 9248SJ, 9248SK, 9248SL, 9248SM, 9248SN, 9248SP, 9248SR, 9248ST, 9248SV, 9248SW", "wijkcode": "WK008613", "gemeentecode": "GM0086", "gemeentenaam": "Opsterland", "oppervlakteLandInHa": 26, "AantalInwoners_5": 380, "Mannen_6": 200, "Vrouwen_7": 180, "HuishoudensTotaal_29": 145, "GemiddeldeHuishoudensgrootte_33": 2.6, "Woningvoorraad_35": 136, "NieuwbouwWoningen_36": 0, "NietWoningvoorraad_37": 8, "NieuwbouwNietWoningen_38": 0, "GemiddeldeWOZWaardeVanWoningen_39": 366, "PercentageEengezinswoning_40": 99, "PercentageTussenwoningEengezins_41": 3, "PercentageHoekwoningEengezins_42": 3, "PercentageTweeOnderEenKapWoningEe_43": 7, "PercentageVrijstaandeWoningEengezins_44": 85, "PercentageMeergezinswoning_45": 1, "Koopwoningen_47": 94, "HuurwoningenTotaal_48": 6, "InBezitWoningcorporatie_49": 4, "InBezitOverigeVerhuurders_50": 2, "BouwjaarMeerDanTienJaarGeleden_51": 100, "BouwjaarAfgelopenTienJaar_52": 0, "GemiddeldeElektriciteitslevering_53": 3490, "GemiddeldeElektriciteitsteruglevering_54": 1600, "GemiddeldAardgasverbruik_55": 1240, "AardgasvrijeWoningen_57": 2, "Aardgaswoningen_58": 87, "WoningenMetZonnestroom_59": 56, "WoningenHoofdzElektrVerwarmd_60": 12, "k_20PersonenMetHoogsteInkomen_80": 15.2, "k_20HuishoudensMetHoogsteInkomen_85": 26.2, "MediaanVermogenVanParticuliereHuish_86": 279.2, "PersonenautoSTotaal_104": 260, "PersonenautoSBrandstofBenzine_105": 185, "PersonenautoSOverigeBrandstof_106": 75, "PersonenautoSPerHuishouden_107": 1.8, "Omgevingsadressendichtheid_121": 101, "AantalInstallatiesBijWoningen_5": 57, "OpgesteldVermogenVanZonnepanelen_6": 259, "installaties_per_woning": 0.41911764705882354, "vermogen_per_woning": 1.9044117647058822, "installaties_per_100_woningen": 41.911764705882355, "vermogen_per_huishouden": 1.7862068965517242, "batterijdruk_score": 896.00000000000011, "koop_zon_score": 0.5264, "eengezins_zon_score": 0.5544, "betaalkracht_zon_score": 156.352, "overige_brandstof_zon_score": 42.000000000000007, "lichte_batterij_kansscore": 0.54549938097975148 }, "geometry": { "type": "MultiPolygon", "coordinates": [ [ [ [ 212442.707, 568680.285999999963678 ], [ 212448.695, 568678.358 ], [ 212443.328, 568661.589999999967404 ], [ 212441.957, 568658.037000000011176 ], [ 212469.041, 568649.160999999963678 ], [ 212454.8848, 568599.259399999980815 ], [ 212458.328, 568598.123999999952503 ], [ 212430.461000000010245, 568513.613999999943189 ], [ 212430.46, 568505.14000000001397 ], [ 212431.108, 568501.253000000026077 ], [ 212432.996000000013737, 568497.70499999995809 ], [ 212435.535, 568494.439000000013039 ], [ 212437.923100000014529, 568493.5429 ], [ 212444.570700000011129, 568491.371999999973923 ], [ 212447.2395, 568490.500499999965541 ], [ 212480.450000000011642, 568479.65500000002794 ], [ 212489.761, 568479.897 ], [ 212518.457, 568481.697999999974854 ], [ 212519.82, 568459.979999999981374 ], [ 212510.700000000011642, 568456.040000000037253 ], [ 212502.31, 568450.790000000037253 ], [ 212495.38, 568445.430000000051223 ], [ 212486.635, 568435.71999999997206 ], [ 212480.450000000011642, 568426.24 ], [ 212476.075699999986682, 568417.302600000053644 ], [ 212450.64000000001397, 568338.694999999948777 ], [ 212426.834, 568265.123999999952503 ], [ 212424.04, 568256.810000000055879 ], [ 212422.421, 568252.86199999996461 ], [ 212419.59, 568246.319999999948777 ], [ 212414.299999999988358, 568235.520000000018626 ], [ 212410.22, 568228.35999999998603 ], [ 212398.4197, 568208.867500000051223 ], [ 212394.008, 568201.731999999959953 ], [ 212330.767, 568099.447000000043772 ], [ 212419.517, 568071.836000000010245 ], [ 212403.50700000001234, 568023.981999999959953 ], [ 212304.69, 568057.098 ], [ 212292.614899999985937, 568061.106600000057369 ], [ 212281.9817, 568045.043599999975413 ], [ 212235.552, 568069.976000000024214 ], [ 212275.4235, 568140.470500000054017 ], [ 212308.603, 568244.925999999977648 ], [ 212329.0305, 568309.778500000014901 ], [ 212351.173, 568379.655999999959022 ], [ 212388.484, 568500.439000000013039 ], [ 212390.945, 568504.99800000002142 ], [ 212367.304, 568512.0 ], [ 212297.084, 568529.047999999951571 ], [ 212327.593, 568626.805999999982305 ], [ 212265.205599999986589, 568642.7071 ], [ 212281.594000000011874, 568700.008999999961816 ], [ 212345.25099999998929, 568681.802999999956228 ], [ 212353.2255, 568709.09699999995064 ], [ 212442.707, 568680.285999999963678 ] ] ], [ [ [ 213026.791999999986729, 568701.479999999981374 ], [ 213098.85, 568701.520999999949709 ], [ 213106.049, 568677.148000000044703 ], [ 213104.989, 568675.922999999951571 ], [ 213110.669, 568656.696 ], [ 213131.229, 568588.0 ], [ 213165.084, 568476.946 ], [ 213185.458000000013271, 568403.184 ], [ 213179.163, 568404.741000000038184 ], [ 213161.2873, 568412.758900000015274 ], [ 213161.62, 568411.398999999975786 ], [ 213170.677, 568374.381000000052154 ], [ 213147.022999999986496, 568369.353 ], [ 213138.908, 568403.770999999949709 ], [ 213134.4315, 568424.220699999947101 ], [ 213091.212999999988824, 568443.756000000052154 ], [ 213070.1515, 568450.320700000040233 ], [ 213050.191499999986263, 568459.243999999947846 ], [ 212981.024, 568490.165999999968335 ], [ 212977.654, 568442.76 ], [ 212977.456800000014482, 568430.485600000014529 ], [ 212978.041999999986729, 568419.729000000050291 ], [ 212979.345, 568412.400000000023283 ], [ 212984.9626, 568390.7452 ], [ 212987.881499999988591, 568377.498400000040419 ], [ 212973.2869, 568378.958699999959208 ], [ 212946.049, 568385.4523 ], [ 212923.839, 568392.518000000040047 ], [ 212860.557, 568412.650000000023283 ], [ 212866.815, 568432.172000000020489 ], [ 212835.583000000013271, 568440.069999999948777 ], [ 212835.12599999998929, 568483.0455 ], [ 212834.635100000014063, 568495.8565 ], [ 212885.473999999987427, 568499.37699999997858 ], [ 212887.079999999987194, 568501.439999999944121 ], [ 212888.685999999986961, 568503.503000000026077 ], [ 212959.217, 568719.231999999959953 ], [ 213025.495, 568698.087999999988824 ], [ 213026.791999999986729, 568701.479999999981374 ] ] ], [ [ [ 213181.788999999989755, 569931.374900000053458 ], [ 213182.355000000010477, 569925.706 ], [ 213200.975, 569927.564999999944121 ], [ 213206.693999999988591, 569880.033000000054017 ], [ 213148.6677, 569873.6541000000434 ], [ 213146.940200000011828, 569875.978600000031292 ], [ 213141.956, 569921.672999999951571 ], [ 213137.54680000001099, 569921.306699999957345 ], [ 213088.776000000012573, 569915.731000000028871 ], [ 213091.691, 569877.812999999965541 ], [ 213063.106, 569871.062999999965541 ], [ 213070.696999999985565, 569789.660999999963678 ], [ 213070.8105, 569785.2415 ], [ 213093.961000000010245, 569788.674 ], [ 213108.3953, 569790.326899999985471 ], [ 213119.997, 569710.167000000015832 ], [ 213137.9848, 569713.968899999978021 ], [ 213180.635, 569720.479000000050291 ], [ 213188.9705, 569640.12320000003092 ], [ 213239.579999999987194, 569645.251200000056997 ], [ 213244.277, 569598.895999999949709 ], [ 213305.184, 569590.572999999974854 ], [ 213301.9198, 569549.368600000045262 ], [ 213220.138, 569567.543799999984913 ], [ 213201.8947, 569569.369100000010803 ], [ 213193.685300000011921, 569568.456400000024587 ], [ 213179.638, 569560.424899999983609 ], [ 213139.1214, 569525.5492 ], [ 213135.719000000011874, 569530.398999999975786 ], [ 213101.2165, 569579.578499999945052 ], [ 213024.894, 569560.893999999971129 ], [ 213017.5882, 569559.234199999948032 ], [ 213015.7308, 569572.324299999978393 ], [ 213004.432, 569570.721000000019558 ], [ 212957.75099999998929, 569564.09699999995064 ], [ 212954.1941, 569577.3944 ], [ 212958.437100000010105, 569578.653399999951944 ], [ 212956.147999999986496, 569586.368000000016764 ], [ 212941.968499999988126, 569634.154499999945983 ], [ 212938.042599999986123, 569633.253200000035577 ], [ 212928.8291, 569662.7698 ], [ 212959.536, 569674.001000000047497 ], [ 212955.671, 569711.03000000002794 ], [ 212947.9622, 569756.420200000051409 ], [ 212920.328100000013364, 569751.389199999975972 ], [ 212918.2634, 569750.899199999985285 ], [ 212916.710499999986496, 569757.442999999970198 ], [ 212901.115, 569904.023999999975786 ], [ 212875.4406, 569901.806899999966845 ], [ 212867.17860000001383, 569901.927299999981187 ], [ 212855.473, 570030.540900000021793 ], [ 212875.182, 570032.701 ], [ 212951.259, 570041.596000000019558 ], [ 212953.519, 570041.883999999961816 ], [ 212962.903, 570043.079000000027008 ], [ 212963.203, 570043.116999999969266 ], [ 212963.522999999986496, 570043.15300000004936 ], [ 212984.291, 570045.457000000053085 ], [ 213012.079, 570048.795999999972992 ], [ 213016.987, 570049.282 ], [ 213057.008, 570053.974999999976717 ], [ 213058.76, 570054.180000000051223 ], [ 213063.895599999988917, 570054.694999999948777 ], [ 213074.696, 570055.77800000004936 ], [ 213074.73499999998603, 570055.782 ], [ 213089.541, 570057.267 ], [ 213094.619, 570057.584000000031665 ], [ 213094.919, 570057.603 ], [ 213101.655999999988126, 570057.822999999974854 ], [ 213105.771, 570058.439000000013039 ], [ 213106.681000000011409, 570058.522 ], [ 213145.04749999998603, 570063.26500000001397 ], [ 213145.1705, 570062.059 ], [ 213157.614, 569940.052000000025146 ], [ 213158.3008, 569929.029899999964982 ], [ 213181.788999999989755, 569931.374900000053458 ] ] ] ] } },
{ "type": "Feature", "properties": { "buurtcode": "BU00861302", "buurtnaam": "Siegerswoude-Buitengebied", "pc6_codes": "9248KS, 9248KT, 9248KV, 9248KW, 9248KX, 9248KZ, 9248SE, 9248SG, 9248SH, 9248SJ, 9248SK, 9248SL, 9248SM, 9248SN, 9248SP, 9248SR, 9248SW, 9248SX, 9248SZ, 9248WP, 9248WR", "wijkcode": "WK008613", "gemeentecode": "GM0086", "gemeentenaam": "Opsterland", "oppervlakteLandInHa": 1429, "AantalInwoners_5": 455, "Mannen_6": 230, "Vrouwen_7": 225, "HuishoudensTotaal_29": 170, "GemiddeldeHuishoudensgrootte_33": 2.7, "Woningvoorraad_35": 169, "NieuwbouwWoningen_36": 0, "NietWoningvoorraad_37": 11, "NieuwbouwNietWoningen_38": 0, "GemiddeldeWOZWaardeVanWoningen_39": 439, "PercentageEengezinswoning_40": 99, "PercentageTussenwoningEengezins_41": 0, "PercentageHoekwoningEengezins_42": 0, "PercentageTweeOnderEenKapWoningEe_43": 1, "PercentageVrijstaandeWoningEengezins_44": 98, "PercentageMeergezinswoning_45": 1, "Koopwoningen_47": 88, "HuurwoningenTotaal_48": 12, "InBezitWoningcorporatie_49": 4, "InBezitOverigeVerhuurders_50": 8, "BouwjaarMeerDanTienJaarGeleden_51": 96, "BouwjaarAfgelopenTienJaar_52": 4, "GemiddeldeElektriciteitslevering_53": 3710, "GemiddeldeElektriciteitsteruglevering_54": 1930, "GemiddeldAardgasverbruik_55": 1330, "AardgasvrijeWoningen_57": 4, "Aardgaswoningen_58": 82, "WoningenMetZonnestroom_59": 53, "WoningenHoofdzElektrVerwarmd_60": 13, "k_20PersonenMetHoogsteInkomen_80": 17.5, "k_20HuishoudensMetHoogsteInkomen_85": 33.9, "MediaanVermogenVanParticuliereHuish_86": 426.7, "PersonenautoSTotaal_104": 270, "PersonenautoSBrandstofBenzine_105": 175, "PersonenautoSOverigeBrandstof_106": 90, "PersonenautoSPerHuishouden_107": 1.6, "Omgevingsadressendichtheid_121": 31, "AantalInstallatiesBijWoningen_5": 43, "OpgesteldVermogenVanZonnepanelen_6": 225, "installaties_per_woning": 0.25443786982248523, "vermogen_per_woning": 1.331360946745562, "installaties_per_100_woningen": 25.443786982248522, "vermogen_per_huishouden": 1.3235294117647058, "batterijdruk_score": 1022.9, "koop_zon_score": 0.4664, "eengezins_zon_score": 0.5247, "betaalkracht_zon_score": 226.151, "overige_brandstof_zon_score": 47.7, "lichte_batterij_kansscore": 0.53728785746430208 }, "geometry": { "type": "MultiPolygon", "coordinates": [ [ [ [ 213428.109, 570083.910999999963678 ], [ 213429.22, 570083.854999999981374 ], [ 213467.047, 570083.712999999988824 ], [ 213469.851, 570084.378000000026077 ], [ 213470.411, 570084.511000000056811 ], [ 213469.855000000010477, 570084.34699999995064 ], [ 213512.886999999987893, 570083.38800000003539 ], [ 213544.479, 570079.481999999959953 ], [ 213552.662000000011176, 570078.542000000015832 ], [ 213617.585, 570060.454000000027008 ], [ 213618.06, 570057.383999999961816 ], [ 213618.741, 570056.022 ], [ 213622.722, 570053.469000000040978 ], [ 213625.565, 570052.087999999988824 ], [ 213642.731999999989057, 570043.738000000012107 ], [ 213682.392, 570024.216000000014901 ], [ 213683.37599999998929, 570019.069999999948777 ], [ 213683.753999999986263, 570018.540999999968335 ], [ 213705.74900000001071, 570007.40500000002794 ], [ 213713.457, 570003.523999999975786 ], [ 213730.801, 569996.006000000052154 ], [ 213742.446999999985565, 569991.46999999997206 ], [ 213742.568999999988591, 569991.385 ], [ 213752.033, 569987.667999999946915 ], [ 213756.612, 569986.125 ], [ 213769.72, 569981.707999999984168 ], [ 213787.621000000013737, 569976.018999999971129 ], [ 213790.682999999989988, 569974.873999999952503 ], [ 213836.480000000010477, 569957.75199999997858 ], [ 213875.801, 569943.050999999977648 ], [ 213888.47, 569938.459999999962747 ], [ 213890.285, 569938.317999999970198 ], [ 213926.185999999986961, 569925.023000000044703 ], [ 213953.196, 569915.187000000034459 ], [ 213964.033, 569911.24 ], [ 214054.855000000010477, 569878.045999999972992 ], [ 214068.784000000014203, 569872.949999999953434 ], [ 214097.943, 569862.280999999959022 ], [ 214112.66, 569856.863999999943189 ], [ 214117.611, 569855.006999999983236 ], [ 214120.96, 569853.751000000047497 ], [ 214121.583000000013271, 569853.513999999966472 ], [ 214124.172, 569852.53000000002794 ], [ 214138.533, 569847.069000000017695 ], [ 214168.886, 569835.52800000004936 ], [ 214169.502, 569835.294 ], [ 214184.435, 569829.616000000038184 ], [ 214185.193, 569829.322000000043772 ], [ 214234.64000000001397, 569810.135 ], [ 214248.791, 569804.572999999974854 ], [ 214248.962, 569804.506000000052154 ], [ 214285.73499999998603, 569790.052999999956228 ], [ 214312.006, 569780.116000000038184 ], [ 214328.861, 569772.893000000040047 ], [ 214330.97, 569771.915999999968335 ], [ 214342.696999999985565, 569766.48499999998603 ], [ 214372.208000000013271, 569751.658999999985099 ], [ 214374.949, 569750.229000000050291 ], [ 214390.823, 569740.255 ], [ 214407.226, 569727.471000000019558 ], [ 214425.761, 569712.559 ], [ 214426.315, 569712.113000000012107 ], [ 214430.26, 569708.991999999969266 ], [ 214455.133, 569689.34699999995064 ], [ 214498.586000000010245, 569654.209000000031665 ], [ 214546.271, 569615.996000000042841 ], [ 214549.212999999988824, 569613.533000000054017 ], [ 214562.16, 569603.26300000003539 ], [ 214565.593, 569600.517 ], [ 214569.950000000011642, 569597.033000000054017 ], [ 214591.562, 569579.76500000001397 ], [ 214623.421, 569554.309 ], [ 214672.727000000013504, 569514.913999999989755 ], [ 214677.806000000011409, 569510.854999999981374 ], [ 214687.01500000001397, 569505.442999999970198 ], [ 214690.829, 569502.449999999953434 ], [ 214777.639, 569430.270000000018626 ], [ 214805.389, 569405.618999999947846 ], [ 214816.021, 569396.346000000019558 ], [ 214846.929, 569369.39000000001397 ], [ 214865.18, 569350.059 ], [ 214870.038999999989755, 569346.199999999953434 ], [ 214941.49, 569302.189999999944121 ], [ 214979.18, 569280.900000000023283 ], [ 214993.478, 569269.351000000024214 ], [ 215024.622, 569226.133000000030734 ], [ 215029.439000000013039, 569219.449000000022352 ], [ 215131.389, 569077.810000000055879 ], [ 215135.884, 569071.677999999956228 ], [ 215165.139, 569030.930000000051223 ], [ 215182.889, 569006.569999999948777 ], [ 215189.018000000010943, 568997.981999999959953 ], [ 215200.409000000014203, 568982.020000000018626 ], [ 215218.15, 568957.67000000004191 ], [ 215246.729, 568919.099000000045635 ], [ 215252.464, 568909.939000000013039 ], [ 215252.53, 568909.832999999984168 ], [ 215272.677, 568882.645000000018626 ], [ 215289.313, 568860.552999999956228 ], [ 215307.121000000013737, 568836.90300000004936 ], [ 215326.019, 568811.707999999984168 ], [ 215354.38, 568772.402 ], [ 215354.798, 568771.851999999955297 ], [ 215361.208000000013271, 568763.415000000037253 ], [ 215377.639, 568741.788999999989755 ], [ 215381.878999999986263, 568741.079000000027008 ], [ 215384.131, 568736.589000000036322 ], [ 215506.56, 568492.881999999983236 ], [ 215597.439000000013039, 568462.10999999998603 ], [ 215682.036400000011781, 568426.187599999946542 ], [ 215616.593, 568401.898999999975786 ], [ 215101.178000000014435, 568210.216999999945983 ], [ 214643.777, 568042.307000000029802 ], [ 214392.88, 567954.123999999952503 ], [ 214182.806000000011409, 567908.932999999960884 ], [ 213999.602000000013504, 567870.459000000031665 ], [ 213615.577, 567782.275999999954365 ], [ 213401.839, 567732.810000000055879 ], [ 213343.711000000010245, 567698.297000000020489 ], [ 213297.303000000014435, 567838.474000000045635 ], [ 213240.759, 567826.125 ], [ 213217.696999999985565, 567845.324000000022352 ], [ 213036.678000000014435, 567735.133000000030734 ], [ 213005.479, 567787.777 ], [ 212422.586000000010245, 567450.84699999995064 ], [ 212323.196999999985565, 567586.554 ], [ 212243.199, 567528.712000000057742 ], [ 212134.641, 567449.912999999942258 ], [ 212057.302, 567372.533999999985099 ], [ 212024.663, 567260.371999999973923 ], [ 211800.453, 567009.777 ], [ 211724.534000000014203, 566894.064999999944121 ], [ 211527.286, 566706.65300000004936 ], [ 211371.897, 566604.427000000025146 ], [ 211300.943999999988591, 566577.449999999953434 ], [ 211219.348, 566562.542000000015832 ], [ 211129.949, 566563.25199999997858 ], [ 211033.454, 566536.277 ], [ 210980.949, 566506.459000000031665 ], [ 210910.704, 566445.408999999985099 ], [ 210840.461000000010245, 566396.425999999977648 ], [ 210729.064000000013039, 566355.962999999988824 ], [ 210682.428000000014435, 566311.520000000018626 ], [ 210658.172, 566278.354999999981374 ], [ 210655.274, 566263.675999999977648 ], [ 210646.759, 566227.47199999995064 ], [ 210633.279, 566194.106000000028871 ], [ 210615.541, 566160.741000000038184 ], [ 210587.16, 566130.216000000014901 ], [ 210445.962999999988824, 566047.158000000054017 ], [ 210371.462, 566004.562999999965541 ], [ 210299.090999999985797, 565963.39000000001397 ], [ 210226.719000000011874, 565931.444000000017695 ], [ 210169.957, 565915.116999999969266 ], [ 210096.87599999998929, 565908.728 ], [ 210025.921, 565910.856999999959953 ], [ 209959.227000000013504, 565887.430000000051223 ], [ 209920.204, 565859.746000000042841 ], [ 209891.821999999985565, 565827.089999999967404 ], [ 209864.15, 565780.236000000033528 ], [ 209850.668, 565718.474000000045635 ], [ 209832.931000000011409, 565665.231000000028871 ], [ 209803.84, 565611.991000000038184 ], [ 209774.74900000001071, 565570.106000000028871 ], [ 209733.597, 565526.802000000025146 ], [ 209691.026000000012573, 565492.726999999955297 ], [ 209644.196, 565462.910999999963678 ], [ 209592.402, 565441.615 ], [ 209461.848999999987427, 565409.669 ], [ 209388.768000000010943, 565380.562999999965541 ], [ 209300.785, 565337.96999999997206 ], [ 209219.899, 565291.826 ], [ 209124.69, 565220.47199999995064 ], [ 208800.96, 566326.70499999995809 ], [ 208991.810999999986961, 566978.459000000031665 ], [ 209177.616, 567611.555999999982305 ], [ 209611.313, 567473.241999999969266 ], [ 209774.14000000001397, 567982.022 ], [ 209812.534000000014203, 567969.361000000033528 ], [ 209840.719000000011874, 568059.63 ], [ 209890.959, 568048.194000000017695 ], [ 210029.805, 568495.022 ], [ 210040.989, 568506.559 ], [ 210225.731999999989057, 568434.537999999942258 ], [ 210213.797, 568392.515999999945052 ], [ 210477.283, 568295.22199999995064 ], [ 210551.276000000012573, 568529.917999999946915 ], [ 210670.954999999987194, 568492.339999999967404 ], [ 211160.829, 570050.941 ], [ 211164.832, 570050.464000000036322 ], [ 211229.342, 570033.768999999971129 ], [ 211231.965, 570033.327999999979511 ], [ 211240.179, 570031.947000000043772 ], [ 211263.797, 570030.375 ], [ 211263.097, 570027.434 ], [ 211273.74, 570026.564000000013039 ], [ 211291.647, 570024.709000000031665 ], [ 211325.651000000012573, 570020.984000000054948 ], [ 211343.972, 570018.819000000017695 ], [ 211345.788999999989755, 570018.613000000012107 ], [ 211358.041999999986729, 570017.224999999976717 ], [ 211403.369, 570010.731999999959953 ], [ 211477.976, 570001.044 ], [ 211514.296, 569996.099999999976717 ], [ 211548.128999999986263, 569990.895000000018626 ], [ 211586.647, 569985.775999999954365 ], [ 211655.614, 569976.523000000044703 ], [ 211674.584, 569973.890999999945052 ], [ 211702.471, 569969.87300000002142 ], [ 211725.418, 569966.410000000032596 ], [ 211736.737, 569964.702000000048429 ], [ 211824.538999999989755, 569959.557999999960884 ], [ 211851.831, 569957.354999999981374 ], [ 211857.889, 569957.197000000043772 ], [ 211874.628, 569957.691 ], [ 211887.431000000011409, 569957.829000000027008 ], [ 211894.057999999989988, 569957.900000000023283 ], [ 211931.989, 569958.508000000030734 ], [ 211961.854, 569959.023000000044703 ], [ 211996.176, 569959.275999999954365 ], [ 212059.371699999988778, 569960.056300000054762 ], [ 212065.826, 569960.136000000056811 ], [ 212066.366, 569960.136000000056811 ], [ 212094.66, 569960.153999999980442 ], [ 212142.241, 569961.346000000019558 ], [ 212188.264, 569963.388999999966472 ], [ 212214.165, 569964.930999999982305 ], [ 212263.918, 569967.758999999961816 ], [ 212278.871000000013737, 569968.442000000039116 ], [ 212337.693999999988591, 569971.10999999998603 ], [ 212342.548, 569971.317000000039116 ], [ 212342.731999999989057, 569971.327000000048429 ], [ 212343.865, 569976.441 ], [ 212347.521, 569976.849000000045635 ], [ 212352.053000000014435, 569977.327999999979511 ], [ 212377.392, 569980.074000000022352 ], [ 212383.729, 569980.761000000056811 ], [ 212417.549999999988358, 569982.979999999981374 ], [ 212423.5, 569984.050000000046566 ], [ 212431.356, 569985.650999999954365 ], [ 212431.427, 569985.665000000037253 ], [ 212432.579999999987194, 569985.900000000023283 ], [ 212437.44, 569986.729999999981374 ], [ 212440.616, 569986.687999999965541 ], [ 212441.96, 569986.67000000004191 ], [ 212452.704, 569987.942999999970198 ], [ 212476.932, 569990.814000000013039 ], [ 212483.82, 569991.63 ], [ 212537.450000000011642, 569997.03000000002794 ], [ 212582.593, 570002.256999999983236 ], [ 212583.74, 570002.39000000001397 ], [ 212638.076, 570007.961000000010245 ], [ 212671.78, 570010.449000000022352 ], [ 212679.907, 570011.020000000018626 ], [ 212704.809, 570012.770000000018626 ], [ 212704.950000000011642, 570012.782 ], [ 212716.136, 570013.714000000036322 ], [ 212761.24299999998766, 570020.204000000027008 ], [ 212817.727000000013504, 570026.403999999980442 ], [ 212855.473, 570030.540900000021793 ], [ 212867.17860000001383, 569901.927299999981187 ], [ 212875.4406, 569901.806899999966845 ], [ 212901.115, 569904.023999999975786 ], [ 212916.710499999986496, 569757.442999999970198 ], [ 212918.2634, 569750.899199999985285 ], [ 212920.328100000013364, 569751.389199999975972 ], [ 212947.9622, 569756.420200000051409 ], [ 212955.671, 569711.03000000002794 ], [ 212959.536, 569674.001000000047497 ], [ 212928.8291, 569662.7698 ], [ 212938.042599999986123, 569633.253200000035577 ], [ 212941.968499999988126, 569634.154499999945983 ], [ 212956.147999999986496, 569586.368000000016764 ], [ 212958.437100000010105, 569578.653399999951944 ], [ 212954.1941, 569577.3944 ], [ 212957.75099999998929, 569564.09699999995064 ], [ 213004.432, 569570.721000000019558 ], [ 213015.7308, 569572.324299999978393 ], [ 213017.5882, 569559.234199999948032 ], [ 213024.894, 569560.893999999971129 ], [ 213101.2165, 569579.578499999945052 ], [ 213135.719000000011874, 569530.398999999975786 ], [ 213139.1214, 569525.5492 ], [ 213179.638, 569560.424899999983609 ], [ 213193.685300000011921, 569568.456400000024587 ], [ 213201.8947, 569569.369100000010803 ], [ 213220.138, 569567.543799999984913 ], [ 213301.9198, 569549.368600000045262 ], [ 213305.184, 569590.572999999974854 ], [ 213244.277, 569598.895999999949709 ], [ 213239.579999999987194, 569645.251200000056997 ], [ 213188.9705, 569640.12320000003092 ], [ 213180.635, 569720.479000000050291 ], [ 213137.9848, 569713.968899999978021 ], [ 213119.997, 569710.167000000015832 ], [ 213108.3953, 569790.326899999985471 ], [ 213093.961000000010245, 569788.674 ], [ 213070.8105, 569785.2415 ], [ 213070.696999999985565, 569789.660999999963678 ], [ 213063.106, 569871.062999999965541 ], [ 213091.691, 569877.812999999965541 ], [ 213088.776000000012573, 569915.731000000028871 ], [ 213137.54680000001099, 569921.306699999957345 ], [ 213141.956, 569921.672999999951571 ], [ 213146.940200000011828, 569875.978600000031292 ], [ 213148.6677, 569873.6541000000434 ], [ 213206.693999999988591, 569880.033000000054017 ], [ 213200.975, 569927.564999999944121 ], [ 213182.355000000010477, 569925.706 ], [ 213181.788999999989755, 569931.374900000053458 ], [ 213158.3008, 569929.029899999964982 ], [ 213157.614, 569940.052000000025146 ], [ 213145.1705, 570062.059 ], [ 213145.04749999998603, 570063.26500000001397 ], [ 213145.201, 570063.283999999985099 ], [ 213236.355000000010477, 570072.942000000039116 ], [ 213264.547, 570076.368000000016764 ], [ 213280.956, 570078.459000000031665 ], [ 213307.49900000001071, 570081.849000000045635 ], [ 213330.786, 570084.601000000024214 ], [ 213348.639, 570084.939999999944121 ], [ 213382.954999999987194, 570085.560999999986961 ], [ 213409.0, 570084.88 ], [ 213428.109, 570083.910999999963678 ] ], [ [ 212476.075699999986682, 568417.302600000053644 ], [ 212480.450000000011642, 568426.24 ], [ 212486.635, 568435.71999999997206 ], [ 212495.38, 568445.430000000051223 ], [ 212502.31, 568450.790000000037253 ], [ 212510.700000000011642, 568456.040000000037253 ], [ 212519.82, 568459.979999999981374 ], [ 212518.457, 568481.697999999974854 ], [ 212489.761, 568479.897 ], [ 212480.450000000011642, 568479.65500000002794 ], [ 212447.2395, 568490.500499999965541 ], [ 212444.570700000011129, 568491.371999999973923 ], [ 212437.923100000014529, 568493.5429 ], [ 212435.535, 568494.439000000013039 ], [ 212432.996000000013737, 568497.70499999995809 ], [ 212431.108, 568501.253000000026077 ], [ 212430.46, 568505.14000000001397 ], [ 212430.461000000010245, 568513.613999999943189 ], [ 212458.328, 568598.123999999952503 ], [ 212454.8848, 568599.259399999980815 ], [ 212469.041, 568649.160999999963678 ], [ 212441.957, 568658.037000000011176 ], [ 212443.328, 568661.589999999967404 ], [ 212448.695, 568678.358 ], [ 212442.707, 568680.285999999963678 ], [ 212353.2255, 568709.09699999995064 ], [ 212345.25099999998929, 568681.802999999956228 ], [ 212281.594000000011874, 568700.008999999961816 ], [ 212265.205599999986589, 568642.7071 ], [ 212327.593, 568626.805999999982305 ], [ 212297.084, 568529.047999999951571 ], [ 212367.304, 568512.0 ], [ 212390.945, 568504.99800000002142 ], [ 212388.484, 568500.439000000013039 ], [ 212351.173, 568379.655999999959022 ], [ 212329.0305, 568309.778500000014901 ], [ 212308.603, 568244.925999999977648 ], [ 212275.4235, 568140.470500000054017 ], [ 212235.552, 568069.976000000024214 ], [ 212281.9817, 568045.043599999975413 ], [ 212292.614899999985937, 568061.106600000057369 ], [ 212304.69, 568057.098 ], [ 212403.50700000001234, 568023.981999999959953 ], [ 212419.517, 568071.836000000010245 ], [ 212330.767, 568099.447000000043772 ], [ 212394.008, 568201.731999999959953 ], [ 212398.4197, 568208.867500000051223 ], [ 212410.22, 568228.35999999998603 ], [ 212414.299999999988358, 568235.520000000018626 ], [ 212419.59, 568246.319999999948777 ], [ 212422.421, 568252.86199999996461 ], [ 212424.04, 568256.810000000055879 ], [ 212426.834, 568265.123999999952503 ], [ 212450.64000000001397, 568338.694999999948777 ], [ 212476.075699999986682, 568417.302600000053644 ] ], [ [ 212888.685999999986961, 568503.503000000026077 ], [ 212887.079999999987194, 568501.439999999944121 ], [ 212885.473999999987427, 568499.37699999997858 ], [ 212834.635100000014063, 568495.8565 ], [ 212835.12599999998929, 568483.0455 ], [ 212835.583000000013271, 568440.069999999948777 ], [ 212866.815, 568432.172000000020489 ], [ 212860.557, 568412.650000000023283 ], [ 212923.839, 568392.518000000040047 ], [ 212946.049, 568385.4523 ], [ 212973.2869, 568378.958699999959208 ], [ 212987.881499999988591, 568377.498400000040419 ], [ 212984.9626, 568390.7452 ], [ 212979.345, 568412.400000000023283 ], [ 212978.041999999986729, 568419.729000000050291 ], [ 212977.456800000014482, 568430.485600000014529 ], [ 212977.654, 568442.76 ], [ 212981.024, 568490.165999999968335 ], [ 213050.191499999986263, 568459.243999999947846 ], [ 213070.1515, 568450.320700000040233 ], [ 213091.212999999988824, 568443.756000000052154 ], [ 213134.4315, 568424.220699999947101 ], [ 213138.908, 568403.770999999949709 ], [ 213147.022999999986496, 568369.353 ], [ 213170.677, 568374.381000000052154 ], [ 213161.62, 568411.398999999975786 ], [ 213161.2873, 568412.758900000015274 ], [ 213179.163, 568404.741000000038184 ], [ 213185.458000000013271, 568403.184 ], [ 213165.084, 568476.946 ], [ 213131.229, 568588.0 ], [ 213110.669, 568656.696 ], [ 213104.989, 568675.922999999951571 ], [ 213106.049, 568677.148000000044703 ], [ 213098.85, 568701.520999999949709 ], [ 213026.791999999986729, 568701.479999999981374 ], [ 213025.495, 568698.087999999988824 ], [ 212959.217, 568719.231999999959953 ], [ 212888.685999999986961, 568503.503000000026077 ] ] ] ] } },
{ "type": "Feature", "properties": { "buurtcode": "BU00861401", "buurtnaam": "Terwispel-Kom", "pc6_codes": "8407AB, 8407DA, 8407DX, 8407DZ, 8407EE, 8407EG, 8407EH, 8407EJ, 8407EK, 8407EM, 8407EN, 8407EP, 8407ER, 8407ES, 8407ET, 8407EZ", "wijkcode": "WK008614", "gemeentecode": "GM0086", "gemeentenaam": "Opsterland", "oppervlakteLandInHa": 52, "AantalInwoners_5": 620, "Mannen_6": 320, "Vrouwen_7": 300, "HuishoudensTotaal_29": 255, "GemiddeldeHuishoudensgrootte_33": 2.4, "Woningvoorraad_35": 252, "NieuwbouwWoningen_36": 1, "NietWoningvoorraad_37": 7, "NieuwbouwNietWoningen_38": 0, "GemiddeldeWOZWaardeVanWoningen_39": 328, "PercentageEengezinswoning_40": 99, "PercentageTussenwoningEengezins_41": 9, "PercentageHoekwoningEengezins_42": 10, "PercentageTweeOnderEenKapWoningEe_43": 23, "PercentageVrijstaandeWoningEengezins_44": 56, "PercentageMeergezinswoning_45": 1, "Koopwoningen_47": 77, "HuurwoningenTotaal_48": 23, "InBezitWoningcorporatie_49": 21, "InBezitOverigeVerhuurders_50": 2, "BouwjaarMeerDanTienJaarGeleden_51": 99, "BouwjaarAfgelopenTienJaar_52": 1, "GemiddeldeElektriciteitslevering_53": 3030, "GemiddeldeElektriciteitsteruglevering_54": 1390, "GemiddeldAardgasverbruik_55": 990, "AardgasvrijeWoningen_57": 3, "Aardgaswoningen_58": 91, "WoningenMetZonnestroom_59": 57, "WoningenHoofdzElektrVerwarmd_60": 9, "k_20PersonenMetHoogsteInkomen_80": 13.1, "k_20HuishoudensMetHoogsteInkomen_85": 22.1, "MediaanVermogenVanParticuliereHuish_86": 219.0, "PersonenautoSTotaal_104": 350, "PersonenautoSBrandstofBenzine_105": 255, "PersonenautoSOverigeBrandstof_106": 95, "PersonenautoSPerHuishouden_107": 1.4, "Omgevingsadressendichtheid_121": 125, "AantalInstallatiesBijWoningen_5": 87, "OpgesteldVermogenVanZonnepanelen_6": 400, "installaties_per_woning": 0.34523809523809523, "vermogen_per_woning": 1.5873015873015872, "installaties_per_100_woningen": 34.523809523809526, "vermogen_per_huishouden": 1.5686274509803921, "batterijdruk_score": 792.3, "koop_zon_score": 0.4389, "eengezins_zon_score": 0.5643, "betaalkracht_zon_score": 124.83, "overige_brandstof_zon_score": 54.15, "lichte_batterij_kansscore": 0.50779166420013355 }, "geometry": { "type": "MultiPolygon", "coordinates": [ [ [ [ 199382.536, 559699.689999999944121 ], [ 199387.644, 559698.488999999943189 ], [ 199399.861, 559692.783000000054017 ], [ 199404.976, 559690.518999999971129 ], [ 199423.761, 559682.202999999979511 ], [ 199436.634, 559676.503999999957159 ], [ 199445.033, 559672.785999999963678 ], [ 199448.214, 559671.378000000026077 ], [ 199479.851, 559657.143000000040047 ], [ 199487.916999999986729, 559653.513999999966472 ], [ 199511.43, 559642.934 ], [ 199528.241, 559635.37 ], [ 199544.833000000013271, 559628.106999999959953 ], [ 199552.172, 559624.893999999971129 ], [ 199555.272999999986496, 559623.381000000052154 ], [ 199564.552, 559618.719000000040978 ], [ 199578.503, 559611.709000000031665 ], [ 199586.298, 559607.792999999946915 ], [ 199598.854, 559602.827000000048429 ], [ 199629.027, 559591.177000000025146 ], [ 199648.549, 559582.77800000004936 ], [ 199659.945, 559577.572000000043772 ], [ 199670.742, 559572.799 ], [ 199680.178000000014435, 559568.49800000002142 ], [ 199689.981999999989057, 559563.660999999963678 ], [ 199705.321999999985565, 559556.094000000040978 ], [ 199719.654, 559548.932000000029802 ], [ 199729.397999999986496, 559544.062000000034459 ], [ 199745.924, 559537.148000000044703 ], [ 199768.022, 559527.51 ], [ 199778.752, 559522.528999999980442 ], [ 199787.772, 559518.283000000054017 ], [ 199804.333000000013271, 559510.687000000034459 ], [ 199814.125, 559506.294 ], [ 199820.528, 559503.452999999979511 ], [ 199826.513, 559500.797999999951571 ], [ 199833.209, 559498.363999999943189 ], [ 199850.067000000010012, 559491.807000000029802 ], [ 199862.787000000011176, 559486.663999999989755 ], [ 199883.154, 559478.081 ], [ 199893.372, 559473.381000000052154 ], [ 199902.38200000001234, 559469.236000000033528 ], [ 199908.028, 559466.773999999975786 ], [ 199923.328, 559460.979999999981374 ], [ 199938.261, 559454.158000000054017 ], [ 199959.028, 559444.405999999959022 ], [ 199969.886999999987893, 559439.657 ], [ 199990.230000000010477, 559429.902 ], [ 199992.9831000000122, 559435.6433 ], [ 200036.1789, 559414.929800000041723 ], [ 200047.038299999985611, 559409.722500000032596 ], [ 200053.704, 559403.238499999977648 ], [ 200057.6763, 559397.556800000020303 ], [ 200059.4879, 559386.761599999968894 ], [ 200054.6656, 559382.29390000004787 ], [ 200047.337, 559380.728 ], [ 200040.0084, 559379.162099999957718 ], [ 200043.467, 559363.924 ], [ 200054.329999999987194, 559345.030999999959022 ], [ 200058.581, 559335.270000000018626 ], [ 200061.258, 559326.768000000040047 ], [ 199990.252, 559314.01500000001397 ], [ 199980.714799999987008, 559355.3077 ], [ 199966.251500000013039, 559352.623400000040419 ], [ 199932.652, 559342.814000000013039 ], [ 199929.244, 559341.968 ], [ 199926.89000000001397, 559341.383000000030734 ], [ 199924.495, 559340.787999999942258 ], [ 199921.99299999998766, 559340.165999999968335 ], [ 199916.060999999986961, 559338.692999999970198 ], [ 199909.106, 559336.966000000014901 ], [ 199899.381, 559334.550000000046566 ], [ 199894.848999999987427, 559333.424 ], [ 199892.143000000010943, 559332.75199999997858 ], [ 199888.715, 559332.238999999943189 ], [ 199881.033, 559331.089000000036322 ], [ 199879.193, 559330.812999999965541 ], [ 199874.443, 559330.63 ], [ 199860.272999999986496, 559330.400000000023283 ], [ 199846.093, 559330.337000000057742 ], [ 199836.779, 559330.152 ], [ 199828.85999999998603, 559329.925999999977648 ], [ 199818.50099999998929, 559329.638999999966472 ], [ 199813.643000000010943, 559329.51 ], [ 199803.771, 559329.248999999952503 ], [ 199791.202, 559328.78000000002794 ], [ 199781.352000000013504, 559328.412999999942258 ], [ 199776.011999999987893, 559328.214000000036322 ], [ 199775.575000000011642, 559328.202999999979511 ], [ 199773.182999999989988, 559328.147 ], [ 199775.662000000011176, 559312.593 ], [ 199778.234, 559298.792000000015832 ], [ 199781.896, 559279.157 ], [ 199785.105000000010477, 559260.628999999957159 ], [ 199789.351, 559237.028999999980442 ], [ 199795.369, 559208.371999999973923 ], [ 199798.89000000001397, 559188.912999999942258 ], [ 199803.662000000011176, 559162.258999999961816 ], [ 199807.907, 559138.349000000045635 ], [ 199811.954999999987194, 559117.28000000002794 ], [ 199814.026000000012573, 559105.479999999981374 ], [ 199815.214, 559098.550000000046566 ], [ 199815.778, 559096.177999999956228 ], [ 199817.799999999988358, 559092.881999999983236 ], [ 199819.566, 559081.36199999996461 ], [ 199821.541, 559071.346000000019558 ], [ 199823.976, 559060.930999999982305 ], [ 199824.445, 559057.758000000030734 ], [ 199813.488000000012107, 559055.817000000039116 ], [ 199798.799999999988358, 559053.405999999959022 ], [ 199795.726, 559052.902 ], [ 199765.416999999986729, 559047.927000000025146 ], [ 199738.442000000010012, 559043.5 ], [ 199628.938, 559025.527 ], [ 199630.753999999986263, 559012.609000000054948 ], [ 199631.476, 559007.481000000028871 ], [ 199632.204999999987194, 559002.292000000015832 ], [ 199632.541999999986729, 558999.895999999949709 ], [ 199633.381, 558993.930999999982305 ], [ 199630.99299999998766, 558993.699000000022352 ], [ 199629.01, 558993.506999999983236 ], [ 199625.448, 558993.160000000032596 ], [ 199623.785, 558992.998999999952503 ], [ 199622.50099999998929, 558992.873999999952503 ], [ 199622.68, 558991.484000000054948 ], [ 199624.658, 558976.136000000056811 ], [ 199626.553000000014435, 558961.425999999977648 ], [ 199627.734, 558952.261999999987893 ], [ 199628.564000000013039, 558945.817000000039116 ], [ 199629.35, 558939.723 ], [ 199630.555, 558930.371999999973923 ], [ 199610.581, 558927.988999999943189 ], [ 199595.182, 558926.555999999982305 ], [ 199585.538999999989755, 558925.819000000017695 ], [ 199568.10999999998603, 558924.488000000012107 ], [ 199565.948, 558945.937000000034459 ], [ 199564.734, 558959.381999999983236 ], [ 199563.764, 558971.560000000055879 ], [ 199562.155, 558980.327000000048429 ], [ 199561.461000000010245, 558987.466000000014901 ], [ 199561.698, 558991.140999999945052 ], [ 199561.681000000011409, 558997.150000000023283 ], [ 199561.378999999986263, 559000.0 ], [ 199560.557, 559007.758000000030734 ], [ 199558.230000000010477, 559030.540999999968335 ], [ 199556.565, 559042.011999999987893 ], [ 199553.14000000001397, 559068.359000000054948 ], [ 199550.117, 559094.642 ], [ 199545.853, 559133.435000000055879 ], [ 199543.613000000012107, 559157.755 ], [ 199542.098, 559167.358 ], [ 199540.997, 559171.255 ], [ 199509.356999999989057, 559166.424 ], [ 199451.946999999985565, 559160.261999999987893 ], [ 199447.5057, 559209.599599999957718 ], [ 199336.777, 559202.349000000045635 ], [ 199298.537000000011176, 559199.84499999997206 ], [ 199278.479, 559198.532 ], [ 199267.390099999989616, 559197.064200000022538 ], [ 199266.7064, 559216.655600000056438 ], [ 199264.971, 559216.59499999997206 ], [ 199189.3524, 559213.955899999942631 ], [ 199189.1585, 559205.47199999995064 ], [ 199006.5731, 559209.645200000028126 ], [ 199002.946, 559146.603 ], [ 198924.0317, 559151.1433 ], [ 198923.693300000013551, 559187.146100000012666 ], [ 198895.446, 559188.37699999997858 ], [ 198852.418, 559190.25199999997858 ], [ 198828.3118, 559190.9251 ], [ 198819.393000000010943, 559083.118999999947846 ], [ 198779.245, 559086.927000000025146 ], [ 198715.231, 559093.12 ], [ 198710.418, 559048.408000000054017 ], [ 198622.954, 559061.425000000046566 ], [ 198634.6206, 559148.363099999958649 ], [ 198632.9876, 559152.039299999945797 ], [ 198632.231, 559164.991000000038184 ], [ 198633.253, 559175.018000000040047 ], [ 198626.051, 559176.250499999965541 ], [ 198618.848999999987427, 559177.483 ], [ 198563.85999999998603, 559187.62 ], [ 198563.950000000011642, 559192.199999999953434 ], [ 198527.03, 559198.14000000001397 ], [ 198524.480000000010477, 559183.03000000002794 ], [ 198524.01, 559176.959999999962747 ], [ 198523.54, 559170.89000000001397 ], [ 198453.606, 559185.101999999955297 ], [ 198456.664500000013504, 559202.582000000053085 ], [ 198458.742, 559214.608 ], [ 198461.328, 559226.594000000040978 ], [ 198462.711000000010245, 559234.385 ], [ 198463.495, 559240.417999999946915 ], [ 198464.628, 559256.447000000043772 ], [ 198465.2431, 559265.148799999966286 ], [ 198501.5725, 559262.544600000022911 ], [ 198535.6606, 559261.012800000025891 ], [ 198578.0964, 559261.124500000034459 ], [ 198579.324499999987893, 559267.459000000031665 ], [ 198579.388799999986077, 559267.790599999949336 ], [ 198571.37599999998929, 559267.841000000014901 ], [ 198590.44, 559379.207999999984168 ], [ 198659.18849999998929, 559369.797999999951571 ], [ 198682.114, 559533.587000000057742 ], [ 198682.652200000011362, 559536.158700000029057 ], [ 199114.947699999989709, 559485.021199999959208 ], [ 199114.4254, 559399.238000000012107 ], [ 199135.9909, 559399.714799999957904 ], [ 199174.065800000011222, 559400.556600000010803 ], [ 199173.825000000011642, 559415.464999999967404 ], [ 199173.50099999998929, 559435.099000000045635 ], [ 199203.6035, 559435.900499999988824 ], [ 199219.315, 559436.729000000050291 ], [ 199247.04, 559438.189999999944121 ], [ 199244.57, 559520.74 ], [ 199284.37, 559522.050000000046566 ], [ 199281.87, 559586.84499999997206 ], [ 199279.37, 559651.64000000001397 ], [ 199331.105000000010477, 559652.604999999981374 ], [ 199382.84, 559653.569999999948777 ], [ 199378.8291, 559701.350499999942258 ], [ 199382.536, 559699.689999999944121 ] ] ] ] } },
{ "type": "Feature", "properties": { "buurtcode": "BU00861402", "buurtnaam": "Terwispel-Buitengebied", "pc6_codes": "8407AA, 8407AB, 8407AC, 8407AD, 8407AE, 8407AG, 8407AH, 8407AJ, 8407EA, 8407EB, 8407EC, 8407ED, 8407EE, 8407EL, 8407EM, 8407EN, 8407EV, 8407EW, 8407GG", "wijkcode": "WK008614", "gemeentecode": "GM0086", "gemeentenaam": "Opsterland", "oppervlakteLandInHa": 1561, "AantalInwoners_5": 385, "Mannen_6": 210, "Vrouwen_7": 180, "HuishoudensTotaal_29": 145, "GemiddeldeHuishoudensgrootte_33": 2.7, "Woningvoorraad_35": 147, "NieuwbouwWoningen_36": 0, "NietWoningvoorraad_37": 10, "NieuwbouwNietWoningen_38": 0, "GemiddeldeWOZWaardeVanWoningen_39": 464, "PercentageEengezinswoning_40": 100, "PercentageTussenwoningEengezins_41": 0, "PercentageHoekwoningEengezins_42": 0, "PercentageTweeOnderEenKapWoningEe_43": 5, "PercentageVrijstaandeWoningEengezins_44": 95, "PercentageMeergezinswoning_45": 0, "Koopwoningen_47": 97, "HuurwoningenTotaal_48": 3, "InBezitWoningcorporatie_49": 0, "InBezitOverigeVerhuurders_50": 3, "BouwjaarMeerDanTienJaarGeleden_51": 96, "BouwjaarAfgelopenTienJaar_52": 4, "GemiddeldeElektriciteitslevering_53": 3760, "GemiddeldeElektriciteitsteruglevering_54": 1600, "GemiddeldAardgasverbruik_55": 1250, "AardgasvrijeWoningen_57": 5, "Aardgaswoningen_58": 83, "WoningenMetZonnestroom_59": 51, "WoningenHoofdzElektrVerwarmd_60": 14, "k_20PersonenMetHoogsteInkomen_80": 18.7, "k_20HuishoudensMetHoogsteInkomen_85": 34.0, "MediaanVermogenVanParticuliereHuish_86": 409.8, "PersonenautoSTotaal_104": 265, "PersonenautoSBrandstofBenzine_105": 175, "PersonenautoSOverigeBrandstof_106": 90, "PersonenautoSPerHuishouden_107": 1.8, "Omgevingsadressendichtheid_121": 62, "AantalInstallatiesBijWoningen_5": 54, "OpgesteldVermogenVanZonnepanelen_6": 295, "installaties_per_woning": 0.36734693877551022, "vermogen_per_woning": 2.0068027210884352, "installaties_per_100_woningen": 36.734693877551024, "vermogen_per_huishouden": 2.0344827586206895, "batterijdruk_score": 816.0, "koop_zon_score": 0.4947, "eengezins_zon_score": 0.51, "betaalkracht_zon_score": 208.998, "overige_brandstof_zon_score": 45.9, "lichte_batterij_kansscore": 0.5437640479404926 }, "geometry": { "type": "MultiPolygon", "coordinates": [ [ [ [ 197502.0703, 563007.67180000001099 ], [ 197648.85999999998603, 562918.530999999959022 ], [ 197806.7697, 562910.7757 ], [ 198381.429, 562882.552999999956228 ], [ 198456.177, 562893.109000000054948 ], [ 198566.8016, 562982.378299999982119 ], [ 198566.805, 562982.381000000052154 ], [ 198355.405, 562593.981999999959953 ], [ 198184.5552, 562472.760099999955855 ], [ 198193.073299999989104, 562451.701800000038929 ], [ 198213.845, 562400.351999999955297 ], [ 198184.555, 562334.45499999995809 ], [ 198183.869, 562303.209999999962747 ], [ 198203.645500000013271, 562280.7021 ], [ 198331.123, 562135.618999999947846 ], [ 198462.108, 562065.652 ], [ 198618.0693, 562023.4769 ], [ 198621.5666, 562022.531100000021979 ], [ 198686.652, 561972.091000000014901 ], [ 198759.185999999986961, 561848.912999999942258 ], [ 198732.339, 561756.981000000028871 ], [ 198746.170000000012806, 561722.812000000034459 ], [ 198809.6263, 561709.79390000004787 ], [ 198811.085, 561708.826200000010431 ], [ 198891.798, 561655.285999999963678 ], [ 199142.37599999998929, 561597.523000000044703 ], [ 199181.617, 561570.182999999960884 ], [ 199320.019, 561629.9192 ], [ 199371.991, 561652.351000000024214 ], [ 199460.670000000012806, 561632.827000000048429 ], [ 199486.414500000013504, 561648.916699999943376 ], [ 199499.721, 561657.233 ], [ 199480.195100000011735, 561710.9288 ], [ 199570.5, 561792.285000000032596 ], [ 199594.094000000011874, 561784.962999999988824 ], [ 199642.908, 561742.657 ], [ 199638.0264, 561705.234000000054948 ], [ 199629.984399999986636, 561691.1999 ], [ 199596.535, 561632.827000000048429 ], [ 199593.28, 561571.809 ], [ 199611.405999999988126, 561569.993999999947846 ], [ 199634.771, 561572.62300000002142 ], [ 199651.8503, 561592.73679999995511 ], [ 199671.3836, 561615.740600000019185 ], [ 199686.026099999988219, 561608.41890000004787 ], [ 199716.128, 561546.589000000036322 ], [ 199778.465, 561510.145000000018626 ], [ 199847.185999999986961, 561556.663999999989755 ], [ 199936.795000000012806, 561581.079000000027008 ], [ 199971.778, 561625.824999999953434 ], [ 200008.517, 561646.548799999989569 ], [ 200035.237, 561661.621000000042841 ], [ 200084.863000000012107, 561705.552999999956228 ], [ 200094.434199999988778, 561706.312999999965541 ], [ 200136.11799999998766, 561709.62300000002142 ], [ 200180.865, 561636.400999999954365 ], [ 200232.932, 561636.400999999954365 ], [ 200302.1024, 561672.347199999960139 ], [ 200336.2555, 561690.095800000010058 ], [ 200346.831, 561681.147 ], [ 200392.392, 561592.468 ], [ 200492.459, 561517.621999999973923 ], [ 200565.442000000010012, 561513.116000000038184 ], [ 200648.986800000013318, 561224.09409999998752 ], [ 200636.448, 561227.462999999988824 ], [ 200587.958000000013271, 561238.116999999969266 ], [ 200606.0172, 561168.778599999961443 ], [ 200710.8253, 560766.363800000050105 ], [ 200632.241, 560744.959999999962747 ], [ 200649.671, 560662.741999999969266 ], [ 200681.064000000013039, 560676.655999999959022 ], [ 200691.31150000001071, 560679.376900000032037 ], [ 200811.807999999989988, 560163.528999999980442 ], [ 200838.706, 560169.23499999998603 ], [ 201081.6728, 559164.895999999949709 ], [ 200488.026000000012573, 559016.022800000035204 ], [ 200483.0142, 559014.765999999945052 ], [ 200190.7329, 558941.469200000050478 ], [ 199851.50700000001234, 558856.082999999984168 ], [ 199592.7462, 558791.509199999971315 ], [ 199645.8136, 558293.094000000040978 ], [ 199083.1469, 558238.62789999996312 ], [ 198807.8448, 558058.646799999987707 ], [ 198800.0041, 558053.520800000056624 ], [ 198879.945, 558002.113499999977648 ], [ 198959.886, 557950.70499999995809 ], [ 198953.886300000012852, 557929.5492 ], [ 198937.195700000011129, 557870.6971 ], [ 198730.9689, 557903.1901 ], [ 198524.741700000013225, 557935.682999999960884 ], [ 198112.2881, 558000.668500000028871 ], [ 198099.038999999989755, 557960.388999999966472 ], [ 197801.454999999987194, 558009.121999999973923 ], [ 197807.6899, 558048.660999999963678 ], [ 197606.0649, 558080.429899999988265 ], [ 197404.4394, 558112.197999999974854 ], [ 197380.965, 558100.971000000019558 ], [ 196925.775499999988824, 558169.171500000054948 ], [ 196470.586000000010245, 558237.371999999973923 ], [ 196321.022, 558248.84699999995064 ], [ 196171.4573, 558260.322000000043772 ], [ 196098.337, 558262.098 ], [ 196478.0856, 559009.075100000016391 ], [ 196771.5336, 559586.296100000035949 ], [ 196560.479, 559688.689000000013039 ], [ 196422.165, 559744.787000000011176 ], [ 196081.908300000010058, 559816.202900000032969 ], [ 196109.5152, 559863.115499999956228 ], [ 196193.516, 560005.856999999959953 ], [ 196143.022, 560354.196 ], [ 196150.8769, 560405.476000000024214 ], [ 196659.772, 560761.077999999979511 ], [ 197103.256, 561222.084999999962747 ], [ 197020.018000000010943, 561285.797999999951571 ], [ 197203.6826, 561529.441100000054576 ], [ 197379.192799999989802, 561762.266700000036508 ], [ 197441.489, 562047.118999999947846 ], [ 196410.2789, 562485.452399999951012 ], [ 196057.3731, 562635.461200000019744 ], [ 196513.035, 563401.241999999969266 ], [ 197144.271, 563224.952000000048429 ], [ 197502.0703, 563007.67180000001099 ] ], [ [ 199331.105000000010477, 559652.604999999981374 ], [ 199279.37, 559651.64000000001397 ], [ 199281.87, 559586.84499999997206 ], [ 199284.37, 559522.050000000046566 ], [ 199244.57, 559520.74 ], [ 199247.04, 559438.189999999944121 ], [ 199219.315, 559436.729000000050291 ], [ 199203.6035, 559435.900499999988824 ], [ 199173.50099999998929, 559435.099000000045635 ], [ 199173.825000000011642, 559415.464999999967404 ], [ 199174.065800000011222, 559400.556600000010803 ], [ 199135.9909, 559399.714799999957904 ], [ 199114.4254, 559399.238000000012107 ], [ 199114.947699999989709, 559485.021199999959208 ], [ 198682.652200000011362, 559536.158700000029057 ], [ 198682.114, 559533.587000000057742 ], [ 198659.18849999998929, 559369.797999999951571 ], [ 198590.44, 559379.207999999984168 ], [ 198571.37599999998929, 559267.841000000014901 ], [ 198579.388799999986077, 559267.790599999949336 ], [ 198579.324499999987893, 559267.459000000031665 ], [ 198578.0964, 559261.124500000034459 ], [ 198535.6606, 559261.012800000025891 ], [ 198501.5725, 559262.544600000022911 ], [ 198465.2431, 559265.148799999966286 ], [ 198464.628, 559256.447000000043772 ], [ 198463.495, 559240.417999999946915 ], [ 198462.711000000010245, 559234.385 ], [ 198461.328, 559226.594000000040978 ], [ 198458.742, 559214.608 ], [ 198456.664500000013504, 559202.582000000053085 ], [ 198453.606, 559185.101999999955297 ], [ 198523.54, 559170.89000000001397 ], [ 198524.01, 559176.959999999962747 ], [ 198524.480000000010477, 559183.03000000002794 ], [ 198527.03, 559198.14000000001397 ], [ 198563.950000000011642, 559192.199999999953434 ], [ 198563.85999999998603, 559187.62 ], [ 198618.848999999987427, 559177.483 ], [ 198626.051, 559176.250499999965541 ], [ 198633.253, 559175.018000000040047 ], [ 198632.231, 559164.991000000038184 ], [ 198632.9876, 559152.039299999945797 ], [ 198634.6206, 559148.363099999958649 ], [ 198622.954, 559061.425000000046566 ], [ 198710.418, 559048.408000000054017 ], [ 198715.231, 559093.12 ], [ 198779.245, 559086.927000000025146 ], [ 198819.393000000010943, 559083.118999999947846 ], [ 198828.3118, 559190.9251 ], [ 198852.418, 559190.25199999997858 ], [ 198895.446, 559188.37699999997858 ], [ 198923.693300000013551, 559187.146100000012666 ], [ 198924.0317, 559151.1433 ], [ 199002.946, 559146.603 ], [ 199006.5731, 559209.645200000028126 ], [ 199189.1585, 559205.47199999995064 ], [ 199189.3524, 559213.955899999942631 ], [ 199264.971, 559216.59499999997206 ], [ 199266.7064, 559216.655600000056438 ], [ 199267.390099999989616, 559197.064200000022538 ], [ 199278.479, 559198.532 ], [ 199298.537000000011176, 559199.84499999997206 ], [ 199336.777, 559202.349000000045635 ], [ 199447.5057, 559209.599599999957718 ], [ 199451.946999999985565, 559160.261999999987893 ], [ 199509.356999999989057, 559166.424 ], [ 199540.997, 559171.255 ], [ 199542.098, 559167.358 ], [ 199543.613000000012107, 559157.755 ], [ 199545.853, 559133.435000000055879 ], [ 199550.117, 559094.642 ], [ 199553.14000000001397, 559068.359000000054948 ], [ 199556.565, 559042.011999999987893 ], [ 199558.230000000010477, 559030.540999999968335 ], [ 199560.557, 559007.758000000030734 ], [ 199561.378999999986263, 559000.0 ], [ 199561.681000000011409, 558997.150000000023283 ], [ 199561.698, 558991.140999999945052 ], [ 199561.461000000010245, 558987.466000000014901 ], [ 199562.155, 558980.327000000048429 ], [ 199563.764, 558971.560000000055879 ], [ 199564.734, 558959.381999999983236 ], [ 199565.948, 558945.937000000034459 ], [ 199568.10999999998603, 558924.488000000012107 ], [ 199585.538999999989755, 558925.819000000017695 ], [ 199595.182, 558926.555999999982305 ], [ 199610.581, 558927.988999999943189 ], [ 199630.555, 558930.371999999973923 ], [ 199629.35, 558939.723 ], [ 199628.564000000013039, 558945.817000000039116 ], [ 199627.734, 558952.261999999987893 ], [ 199626.553000000014435, 558961.425999999977648 ], [ 199624.658, 558976.136000000056811 ], [ 199622.68, 558991.484000000054948 ], [ 199622.50099999998929, 558992.873999999952503 ], [ 199623.785, 558992.998999999952503 ], [ 199625.448, 558993.160000000032596 ], [ 199629.01, 558993.506999999983236 ], [ 199630.99299999998766, 558993.699000000022352 ], [ 199633.381, 558993.930999999982305 ], [ 199632.541999999986729, 558999.895999999949709 ], [ 199632.204999999987194, 559002.292000000015832 ], [ 199631.476, 559007.481000000028871 ], [ 199630.753999999986263, 559012.609000000054948 ], [ 199628.938, 559025.527 ], [ 199738.442000000010012, 559043.5 ], [ 199765.416999999986729, 559047.927000000025146 ], [ 199795.726, 559052.902 ], [ 199798.799999999988358, 559053.405999999959022 ], [ 199813.488000000012107, 559055.817000000039116 ], [ 199824.445, 559057.758000000030734 ], [ 199823.976, 559060.930999999982305 ], [ 199821.541, 559071.346000000019558 ], [ 199819.566, 559081.36199999996461 ], [ 199817.799999999988358, 559092.881999999983236 ], [ 199815.778, 559096.177999999956228 ], [ 199815.214, 559098.550000000046566 ], [ 199814.026000000012573, 559105.479999999981374 ], [ 199811.954999999987194, 559117.28000000002794 ], [ 199807.907, 559138.349000000045635 ], [ 199803.662000000011176, 559162.258999999961816 ], [ 199798.89000000001397, 559188.912999999942258 ], [ 199795.369, 559208.371999999973923 ], [ 199789.351, 559237.028999999980442 ], [ 199785.105000000010477, 559260.628999999957159 ], [ 199781.896, 559279.157 ], [ 199778.234, 559298.792000000015832 ], [ 199775.662000000011176, 559312.593 ], [ 199773.182999999989988, 559328.147 ], [ 199775.575000000011642, 559328.202999999979511 ], [ 199776.011999999987893, 559328.214000000036322 ], [ 199781.352000000013504, 559328.412999999942258 ], [ 199791.202, 559328.78000000002794 ], [ 199803.771, 559329.248999999952503 ], [ 199813.643000000010943, 559329.51 ], [ 199818.50099999998929, 559329.638999999966472 ], [ 199828.85999999998603, 559329.925999999977648 ], [ 199836.779, 559330.152 ], [ 199846.093, 559330.337000000057742 ], [ 199860.272999999986496, 559330.400000000023283 ], [ 199874.443, 559330.63 ], [ 199879.193, 559330.812999999965541 ], [ 199881.033, 559331.089000000036322 ], [ 199888.715, 559332.238999999943189 ], [ 199892.143000000010943, 559332.75199999997858 ], [ 199894.848999999987427, 559333.424 ], [ 199899.381, 559334.550000000046566 ], [ 199909.106, 559336.966000000014901 ], [ 199916.060999999986961, 559338.692999999970198 ], [ 199921.99299999998766, 559340.165999999968335 ], [ 199924.495, 559340.787999999942258 ], [ 199926.89000000001397, 559341.383000000030734 ], [ 199929.244, 559341.968 ], [ 199932.652, 559342.814000000013039 ], [ 199966.251500000013039, 559352.623400000040419 ], [ 199980.714799999987008, 559355.3077 ], [ 199990.252, 559314.01500000001397 ], [ 200061.258, 559326.768000000040047 ], [ 200058.581, 559335.270000000018626 ], [ 200054.329999999987194, 559345.030999999959022 ], [ 200043.467, 559363.924 ], [ 200040.0084, 559379.162099999957718 ], [ 200047.337, 559380.728 ], [ 200054.6656, 559382.29390000004787 ], [ 200059.4879, 559386.761599999968894 ], [ 200057.6763, 559397.556800000020303 ], [ 200053.704, 559403.238499999977648 ], [ 200047.038299999985611, 559409.722500000032596 ], [ 200036.1789, 559414.929800000041723 ], [ 199992.9831000000122, 559435.6433 ], [ 199990.230000000010477, 559429.902 ], [ 199969.886999999987893, 559439.657 ], [ 199959.028, 559444.405999999959022 ], [ 199938.261, 559454.158000000054017 ], [ 199923.328, 559460.979999999981374 ], [ 199908.028, 559466.773999999975786 ], [ 199902.38200000001234, 559469.236000000033528 ], [ 199893.372, 559473.381000000052154 ], [ 199883.154, 559478.081 ], [ 199862.787000000011176, 559486.663999999989755 ], [ 199850.067000000010012, 559491.807000000029802 ], [ 199833.209, 559498.363999999943189 ], [ 199826.513, 559500.797999999951571 ], [ 199820.528, 559503.452999999979511 ], [ 199814.125, 559506.294 ], [ 199804.333000000013271, 559510.687000000034459 ], [ 199787.772, 559518.283000000054017 ], [ 199778.752, 559522.528999999980442 ], [ 199768.022, 559527.51 ], [ 199745.924, 559537.148000000044703 ], [ 199729.397999999986496, 559544.062000000034459 ], [ 199719.654, 559548.932000000029802 ], [ 199705.321999999985565, 559556.094000000040978 ], [ 199689.981999999989057, 559563.660999999963678 ], [ 199680.178000000014435, 559568.49800000002142 ], [ 199670.742, 559572.799 ], [ 199659.945, 559577.572000000043772 ], [ 199648.549, 559582.77800000004936 ], [ 199629.027, 559591.177000000025146 ], [ 199598.854, 559602.827000000048429 ], [ 199586.298, 559607.792999999946915 ], [ 199578.503, 559611.709000000031665 ], [ 199564.552, 559618.719000000040978 ], [ 199555.272999999986496, 559623.381000000052154 ], [ 199552.172, 559624.893999999971129 ], [ 199544.833000000013271, 559628.106999999959953 ], [ 199528.241, 559635.37 ], [ 199511.43, 559642.934 ], [ 199487.916999999986729, 559653.513999999966472 ], [ 199479.851, 559657.143000000040047 ], [ 199448.214, 559671.378000000026077 ], [ 199445.033, 559672.785999999963678 ], [ 199436.634, 559676.503999999957159 ], [ 199423.761, 559682.202999999979511 ], [ 199404.976, 559690.518999999971129 ], [ 199399.861, 559692.783000000054017 ], [ 199387.644, 559698.488999999943189 ], [ 199382.536, 559699.689999999944121 ], [ 199378.8291, 559701.350499999942258 ], [ 199382.84, 559653.569999999948777 ], [ 199331.105000000010477, 559652.604999999981374 ] ] ] ] } },
{ "type": "Feature", "properties": { "buurtcode": "BU00861501", "buurtnaam": "Tijnje-Kom", "pc6_codes": "8406AA, 8406AB, 8406AC, 8406AJ, 8406AK, 8406AM, 8406AN, 8406AV, 8406AW, 8406AZ, 8406EA, 8406EB, 8406EC, 8406ED, 8406EE, 8406EG, 8406EH, 8406EJ, 8406EK, 8406EL, 8406EM, 8406EN, 8406EP, 8406ER, 8406ES, 8406ET, 8406EV, 8406EW, 8406EX, 8406EZ, 8406GA, 8406GB, 8406HA, 8406HB", "wijkcode": "WK008615", "gemeentecode": "GM0086", "gemeentenaam": "Opsterland", "oppervlakteLandInHa": 64, "AantalInwoners_5": 1055, "Mannen_6": 550, "Vrouwen_7": 505, "HuishoudensTotaal_29": 455, "GemiddeldeHuishoudensgrootte_33": 2.3, "Woningvoorraad_35": 451, "NieuwbouwWoningen_36": 0, "NietWoningvoorraad_37": 29, "NieuwbouwNietWoningen_38": 1, "GemiddeldeWOZWaardeVanWoningen_39": 302, "PercentageEengezinswoning_40": 95, "PercentageTussenwoningEengezins_41": 11, "PercentageHoekwoningEengezins_42": 7, "PercentageTweeOnderEenKapWoningEe_43": 24, "PercentageVrijstaandeWoningEengezins_44": 53, "PercentageMeergezinswoning_45": 5, "Koopwoningen_47": 75, "HuurwoningenTotaal_48": 25, "InBezitWoningcorporatie_49": 22, "InBezitOverigeVerhuurders_50": 4, "BouwjaarMeerDanTienJaarGeleden_51": 99, "BouwjaarAfgelopenTienJaar_52": 1, "GemiddeldeElektriciteitslevering_53": 2720, "GemiddeldeElektriciteitsteruglevering_54": 1010, "GemiddeldAardgasverbruik_55": 990, "AardgasvrijeWoningen_57": 3, "Aardgaswoningen_58": 92, "WoningenMetZonnestroom_59": 40, "WoningenHoofdzElektrVerwarmd_60": 7, "k_20PersonenMetHoogsteInkomen_80": 12.3, "k_20HuishoudensMetHoogsteInkomen_85": 13.8, "MediaanVermogenVanParticuliereHuish_86": 191.2, "PersonenautoSTotaal_104": 595, "PersonenautoSBrandstofBenzine_105": 415, "PersonenautoSOverigeBrandstof_106": 180, "PersonenautoSPerHuishouden_107": 1.3, "Omgevingsadressendichtheid_121": 154, "AantalInstallatiesBijWoningen_5": 140, "OpgesteldVermogenVanZonnepanelen_6": 587, "installaties_per_woning": 0.31042128603104213, "vermogen_per_woning": 1.3015521064301552, "installaties_per_100_woningen": 31.042128603104214, "vermogen_per_huishouden": 1.2901098901098902, "batterijdruk_score": 404.0, "koop_zon_score": 0.3, "eengezins_zon_score": 0.38, "betaalkracht_zon_score": 76.48, "overige_brandstof_zon_score": 72.0, "lichte_batterij_kansscore": 0.45232463267752199 }, "geometry": { "type": "MultiPolygon", "coordinates": [ [ [ [ 195230.19, 561157.339999999967404 ], [ 195256.1117, 561149.95409999997355 ], [ 195275.7072, 561144.819000000017695 ], [ 195297.195700000011129, 561140.09250000002794 ], [ 195305.2524, 561138.692599999951199 ], [ 195305.0, 561137.24 ], [ 195298.09, 561097.46999999997206 ], [ 195291.435999999986961, 561063.991000000038184 ], [ 195329.461000000010245, 561054.604000000050291 ], [ 195331.578, 561054.079000000027008 ], [ 195334.715999999985797, 561053.378999999957159 ], [ 195339.021, 561052.417999999946915 ], [ 195342.103, 561051.729999999981374 ], [ 195352.47, 561049.062999999965541 ], [ 195362.201, 561046.559 ], [ 195388.623, 561040.209999999962747 ], [ 195404.465, 561036.75199999997858 ], [ 195403.864, 561033.483 ], [ 195416.057, 561031.241999999969266 ], [ 195453.708000000013271, 561022.672999999951571 ], [ 195482.717, 561015.910000000032596 ], [ 195469.76500000001397, 560962.28000000002794 ], [ 195468.066, 560955.057000000029802 ], [ 195466.302, 560947.560000000055879 ], [ 195464.756, 560941.24800000002142 ], [ 195463.314000000013039, 560934.856999999959953 ], [ 195455.144999999989523, 560901.924 ], [ 195452.37, 560890.572999999974854 ], [ 195451.159000000014203, 560885.616000000038184 ], [ 195452.326, 560884.537000000011176 ], [ 195459.321, 560878.067000000039116 ], [ 195466.727000000013504, 560871.767 ], [ 195475.00099999998929, 560866.582999999984168 ], [ 195481.916, 560862.893000000040047 ], [ 195483.81, 560861.881999999983236 ], [ 195493.23499999998603, 560856.971000000019558 ], [ 195497.396, 560854.273000000044703 ], [ 195499.986, 560852.03000000002794 ], [ 195502.067000000010012, 560847.447999999974854 ], [ 195503.824, 560844.839000000036322 ], [ 195507.022, 560843.147 ], [ 195518.573, 560837.677999999956228 ], [ 195524.109, 560835.540999999968335 ], [ 195530.082, 560834.525000000023283 ], [ 195550.962999999988824, 560830.866999999969266 ], [ 195565.772999999986496, 560827.692000000039116 ], [ 195563.317000000010012, 560813.106999999959953 ], [ 195563.796, 560811.476999999955297 ], [ 195565.299999999988358, 560810.400000000023283 ], [ 195577.24900000001071, 560805.072000000043772 ], [ 195582.635, 560802.733 ], [ 195587.476, 560800.527 ], [ 195594.106999999989057, 560796.98499999998603 ], [ 195600.339, 560792.97199999995064 ], [ 195608.386999999987893, 560786.973 ], [ 195611.685999999986961, 560784.128000000026077 ], [ 195616.435999999986961, 560780.316 ], [ 195619.535, 560777.358 ], [ 195621.767, 560775.126000000047497 ], [ 195626.479, 560770.356999999959953 ], [ 195627.886999999987893, 560769.03000000002794 ], [ 195628.995, 560767.986000000033528 ], [ 195631.905, 560766.542999999946915 ], [ 195639.696999999985565, 560763.888999999966472 ], [ 195647.692000000010012, 560761.763999999966472 ], [ 195651.223, 560761.197999999974854 ], [ 195652.658, 560761.724999999976717 ], [ 195653.294, 560763.062999999965541 ], [ 195655.423, 560778.229000000050291 ], [ 195658.392, 560796.462999999988824 ], [ 195659.438, 560802.435999999986961 ], [ 195662.5828, 560818.993099999963306 ], [ 195663.3663, 560819.1594 ], [ 195664.386999999987893, 560819.376000000047497 ], [ 195676.848999999987427, 560822.020999999949709 ], [ 195689.969000000011874, 560820.224000000045635 ], [ 195703.642, 560816.216999999945983 ], [ 195712.815, 560811.39000000001397 ], [ 195716.64000000001397, 560810.699999999953434 ], [ 195730.7391, 560808.465899999951944 ], [ 195724.022, 560773.508000000030734 ], [ 195723.1555, 560769.003999999957159 ], [ 195723.1552, 560769.000099999946542 ], [ 195718.884, 560746.768000000040047 ], [ 195721.481999999989057, 560746.768000000040047 ], [ 195722.503999999986263, 560746.535999999963678 ], [ 195750.051, 560735.532 ], [ 195754.609, 560733.711000000010245 ], [ 195785.24900000001071, 560721.47199999995064 ], [ 195821.878999999986263, 560706.23499999998603 ], [ 195892.412000000011176, 560676.613000000012107 ], [ 195949.996000000013737, 560653.36199999996461 ], [ 195981.5276, 560640.205300000030547 ], [ 195947.24900000001071, 560408.822999999974854 ], [ 195936.282, 560409.90949999995064 ], [ 195918.916999999986729, 560411.629500000039116 ], [ 195900.047, 560413.459000000031665 ], [ 195886.442000000010012, 560415.153999999980442 ], [ 195884.083000000013271, 560383.425999999977648 ], [ 195881.799, 560345.937000000034459 ], [ 195932.427, 560345.50199999997858 ], [ 195933.722, 560335.290000000037253 ], [ 195940.114, 560293.34699999995064 ], [ 195944.9855, 560262.224500000011176 ], [ 195949.321, 560235.892 ], [ 195951.093, 560227.148000000044703 ], [ 195954.114, 560207.20499999995809 ], [ 195955.8965, 560198.006000000052154 ], [ 195959.6397, 560178.68839999998454 ], [ 195932.99, 560173.508000000030734 ], [ 195892.873, 560165.20499999995809 ], [ 195851.317000000010012, 560156.121999999973923 ], [ 195852.803000000014435, 560144.006000000052154 ], [ 195855.88, 560120.165999999968335 ], [ 195856.76, 560111.731000000028871 ], [ 195860.443, 560081.608 ], [ 195862.045000000012806, 560068.827000000048429 ], [ 195862.242, 560055.035999999963678 ], [ 195863.049999999988358, 560049.665999999968335 ], [ 195863.972, 560038.339999999967404 ], [ 195864.631, 560014.572999999974854 ], [ 195865.449, 559990.680999999982305 ], [ 195851.193999999988591, 559984.663999999989755 ], [ 195833.302, 559976.145000000018626 ], [ 195795.995, 559955.922999999951571 ], [ 195774.827, 559945.13 ], [ 195772.443999999988591, 559943.145000000018626 ], [ 195771.61799999998766, 559941.547999999951571 ], [ 195771.706, 559937.042999999946915 ], [ 195772.676, 559924.672000000020489 ], [ 195772.086000000010245, 559924.682000000029802 ], [ 195764.761, 559924.814000000013039 ], [ 195754.951, 559925.295999999972992 ], [ 195744.964, 559926.780999999959022 ], [ 195731.127, 559929.22199999995064 ], [ 195699.426, 559935.368999999947846 ], [ 195652.01, 559945.038999999989755 ], [ 195643.396, 559902.951 ], [ 195644.146, 559896.851000000024214 ], [ 195644.7088, 559893.275999999954365 ], [ 195645.566, 559893.272 ], [ 195647.503, 559893.26300000003539 ], [ 195648.969000000011874, 559893.150999999954365 ], [ 195649.652, 559893.098499999963678 ], [ 195653.5906, 559873.716800000052899 ], [ 195660.233, 559873.309 ], [ 195665.619, 559849.600499999942258 ], [ 195665.612, 559849.599999999976717 ], [ 195651.885, 559847.687999999965541 ], [ 195599.56, 559840.697000000043772 ], [ 195553.726, 559835.0 ], [ 195533.85, 559795.790000000037253 ], [ 195531.2726, 559790.4802 ], [ 195516.9524, 559788.177000000025146 ], [ 195519.1243, 559769.609900000039488 ], [ 195510.59340000001248, 559766.727300000027753 ], [ 195512.7826, 559742.722199999960139 ], [ 195514.402, 559736.082000000053085 ], [ 195514.413999999989755, 559736.082999999984168 ], [ 195518.722, 559699.564999999944121 ], [ 195518.717, 559698.716999999945983 ], [ 195518.435999999986961, 559697.995 ], [ 195517.26, 559697.650000000023283 ], [ 195454.691, 559692.26300000003539 ], [ 195453.889, 559691.897 ], [ 195453.271, 559691.13 ], [ 195452.922, 559689.388999999966472 ], [ 195443.865, 559639.800999999977648 ], [ 195441.799999999988358, 559628.900000000023283 ], [ 195438.282, 559610.326 ], [ 195420.88, 559613.785999999963678 ], [ 195420.877, 559613.770999999949709 ], [ 195405.799999999988358, 559616.783999999985099 ], [ 195388.354, 559621.540000000037253 ], [ 195394.981, 559653.189000000013039 ], [ 195403.97, 559695.560000000055879 ], [ 195352.769999999989523, 559709.64000000001397 ], [ 195361.9302, 559741.0013 ], [ 195393.479400000011083, 559733.064999999944121 ], [ 195398.734, 559756.767 ], [ 195400.655999999988126, 559766.226999999955297 ], [ 195403.891, 559779.536100000026636 ], [ 195404.450000000011642, 559781.839999999967404 ], [ 195415.61799999998766, 559778.718 ], [ 195429.462999999988824, 559804.59699999995064 ], [ 195388.885, 559825.96999999997206 ], [ 195419.899, 559889.386000000056811 ], [ 195427.829999999987194, 559902.334000000031665 ], [ 195435.1282, 559908.2585 ], [ 195442.59, 559921.792000000015832 ], [ 195445.71, 559928.883999999961816 ], [ 195446.403, 559934.25 ], [ 195454.9582, 559956.919299999950454 ], [ 195466.76500000001397, 559953.437000000034459 ], [ 195477.922, 559950.687000000034459 ], [ 195492.3665, 559947.5 ], [ 195508.454, 559944.187000000034459 ], [ 195517.491, 559942.363000000012107 ], [ 195518.081, 559945.356999999959953 ], [ 195521.6201, 559944.642 ], [ 195530.95250000001397, 559995.837500000023283 ], [ 195537.5498, 560032.0291000000434 ], [ 195567.802, 560209.934 ], [ 195581.979, 560292.288999999989755 ], [ 195472.125, 560304.623999999952503 ], [ 195477.2958, 560332.999300000024959 ], [ 195483.994, 560372.613000000012107 ], [ 195454.670000000012806, 560379.439999999944121 ], [ 195423.14000000001397, 560386.01 ], [ 195363.372, 560398.976000000024214 ], [ 195356.356, 560366.59499999997206 ], [ 195334.99900000001071, 560257.714000000036322 ], [ 195324.468, 560259.067000000039116 ], [ 195290.567000000010012, 560264.826 ], [ 195274.87599999998929, 560267.765999999945052 ], [ 195252.89000000001397, 560272.218 ], [ 195228.551, 560276.986000000033528 ], [ 195203.894999999989523, 560281.817000000039116 ], [ 195203.9, 560281.846000000019558 ], [ 195201.0, 560282.417999999946915 ], [ 195201.827, 560286.64000000001397 ], [ 195221.847, 560388.841000000014901 ], [ 195253.828, 560552.153999999980442 ], [ 195269.469000000011874, 560635.131000000052154 ], [ 195284.432999999989988, 560708.314999999944121 ], [ 195241.859, 560716.586000000010245 ], [ 195256.62599999998929, 560790.261000000056811 ], [ 195251.358, 560791.321 ], [ 195249.503, 560791.822000000043772 ], [ 195242.682, 560793.665000000037253 ], [ 195229.056000000011409, 560796.897 ], [ 195224.0, 560797.84499999997206 ], [ 195224.416, 560799.993999999947846 ], [ 195208.321, 560804.037999999942258 ], [ 195197.962999999988824, 560749.981000000028871 ], [ 195195.51500000001397, 560750.474999999976717 ], [ 195177.659000000014203, 560754.084000000031665 ], [ 195150.586000000010245, 560759.555000000051223 ], [ 195142.24900000001071, 560711.449999999953434 ], [ 195136.335, 560677.344000000040978 ], [ 195124.73499999998603, 560679.348 ], [ 195122.434, 560679.738999999943189 ], [ 195120.668, 560689.572000000043772 ], [ 195119.562, 560696.518000000040047 ], [ 195117.956, 560705.066 ], [ 195116.079, 560713.099000000045635 ], [ 195113.497, 560722.356000000028871 ], [ 195111.408, 560729.062999999965541 ], [ 195109.136999999987893, 560735.20499999995809 ], [ 195103.313, 560749.665000000037253 ], [ 195099.282, 560758.035999999963678 ], [ 195097.087, 560761.718 ], [ 195094.043, 560766.810000000055879 ], [ 195092.142, 560770.238000000012107 ], [ 195089.832, 560773.598 ], [ 195086.772, 560778.020000000018626 ], [ 195082.195, 560784.322000000043772 ], [ 195076.25, 560791.834000000031665 ], [ 195074.291, 560794.26500000001397 ], [ 195070.165, 560799.383000000030734 ], [ 195066.575000000011642, 560803.180000000051223 ], [ 195062.41, 560807.483 ], [ 195056.633, 560812.941 ], [ 195053.090999999985797, 560815.854000000050291 ], [ 195050.670000000012806, 560818.327000000048429 ], [ 195034.34, 560826.435799999977462 ], [ 195014.94, 560821.12 ], [ 195009.995, 560791.074999999953434 ], [ 194994.976, 560706.415000000037253 ], [ 194924.711000000010245, 560717.525999999954365 ], [ 194885.090999999985797, 560724.243000000016764 ], [ 194886.3015, 560732.878999999957159 ], [ 194887.4848, 560741.321 ], [ 194858.049999999988358, 560747.310000000055879 ], [ 194792.138, 560760.721000000019558 ], [ 194805.733, 560834.816 ], [ 194812.18, 560869.790999999968335 ], [ 194832.835, 560865.5305 ], [ 194843.830599999986589, 560863.2624 ], [ 194848.051, 560883.508999999961816 ], [ 194866.35, 560971.29500000004191 ], [ 194887.975, 560957.209999999962747 ], [ 194898.726, 560950.238999999943189 ], [ 194914.522, 560940.461000000010245 ], [ 194948.462, 560918.388999999966472 ], [ 194948.582, 560918.939999999944121 ], [ 194954.894, 560915.035000000032596 ], [ 194967.932999999989988, 560907.304 ], [ 194978.468, 560902.822000000043772 ], [ 194989.073, 560899.898999999975786 ], [ 195004.369, 560896.042999999946915 ], [ 195031.421, 560889.459000000031665 ], [ 195053.642, 560884.86199999996461 ], [ 195070.192000000010012, 560881.437999999965541 ], [ 195078.231, 560879.775000000023283 ], [ 195079.619, 560879.483 ], [ 195079.62, 560879.48699999996461 ], [ 195087.81, 560877.792999999946915 ], [ 195128.505, 560869.59499999997206 ], [ 195140.1312, 560929.087300000013784 ], [ 195179.5441, 561129.195500000030734 ], [ 195192.0148, 561114.805500000016764 ], [ 195193.91, 561124.21999999997206 ], [ 195198.07, 561144.885 ], [ 195202.230000000010477, 561165.550000000046566 ], [ 195230.19, 561157.339999999967404 ] ] ] ] } },
{ "type": "Feature", "properties": { "buurtcode": "BU00861502", "buurtnaam": "Tijnje-Buitengebied", "pc6_codes": "8406AA, 8406AD, 8406AE, 8406AG, 8406AH, 8406AJ, 8406AK, 8406AL, 8406AM, 8406AN, 8406AP, 8406AR, 8406AS, 8406AT, 8406AW, 8406AZ, 8406EA, 8406ET", "wijkcode": "WK008615", "gemeentecode": "GM0086", "gemeentenaam": "Opsterland", "oppervlakteLandInHa": 1249, "AantalInwoners_5": 555, "Mannen_6": 295, "Vrouwen_7": 265, "HuishoudensTotaal_29": 220, "GemiddeldeHuishoudensgrootte_33": 2.5, "Woningvoorraad_35": 195, "NieuwbouwWoningen_36": 1, "NietWoningvoorraad_37": 12, "NieuwbouwNietWoningen_38": 0, "GemiddeldeWOZWaardeVanWoningen_39": 475, "PercentageEengezinswoning_40": 98, "PercentageTussenwoningEengezins_41": 0, "PercentageHoekwoningEengezins_42": 0, "PercentageTweeOnderEenKapWoningEe_43": 7, "PercentageVrijstaandeWoningEengezins_44": 91, "PercentageMeergezinswoning_45": 2, "Koopwoningen_47": 88, "HuurwoningenTotaal_48": 12, "InBezitWoningcorporatie_49": 8, "InBezitOverigeVerhuurders_50": 4, "BouwjaarMeerDanTienJaarGeleden_51": 99, "BouwjaarAfgelopenTienJaar_52": 1, "GemiddeldeElektriciteitslevering_53": 3480, "GemiddeldeElektriciteitsteruglevering_54": 1900, "GemiddeldAardgasverbruik_55": 1250, "AardgasvrijeWoningen_57": 4, "Aardgaswoningen_58": 89, "WoningenMetZonnestroom_59": 59, "WoningenHoofdzElektrVerwarmd_60": 11, "k_20PersonenMetHoogsteInkomen_80": 18.3, "k_20HuishoudensMetHoogsteInkomen_85": 31.3, "MediaanVermogenVanParticuliereHuish_86": 360.7, "PersonenautoSTotaal_104": 375, "PersonenautoSBrandstofBenzine_105": 265, "PersonenautoSOverigeBrandstof_106": 115, "PersonenautoSPerHuishouden_107": 1.7, "Omgevingsadressendichtheid_121": 42, "AantalInstallatiesBijWoningen_5": 80, "OpgesteldVermogenVanZonnepanelen_6": 384, "installaties_per_woning": 0.41025641025641024, "vermogen_per_woning": 1.9692307692307693, "installaties_per_100_woningen": 41.025641025641022, "vermogen_per_huishouden": 1.7454545454545454, "batterijdruk_score": 1121.0, "koop_zon_score": 0.5192, "eengezins_zon_score": 0.5782, "betaalkracht_zon_score": 212.813, "overige_brandstof_zon_score": 67.85, "lichte_batterij_kansscore": 0.54686316819973635 }, "geometry": { "type": "MultiPolygon", "coordinates": [ [ [ [ 196410.2789, 562485.452399999951012 ], [ 197441.489, 562047.118999999947846 ], [ 197379.192799999989802, 561762.266700000036508 ], [ 197203.6826, 561529.441100000054576 ], [ 197020.018000000010943, 561285.797999999951571 ], [ 197103.256, 561222.084999999962747 ], [ 196659.772, 560761.077999999979511 ], [ 196150.8769, 560405.476000000024214 ], [ 196143.022, 560354.196 ], [ 196193.516, 560005.856999999959953 ], [ 196109.5152, 559863.115499999956228 ], [ 196081.908300000010058, 559816.202900000032969 ], [ 196422.165, 559744.787000000011176 ], [ 196560.479, 559688.689000000013039 ], [ 196771.5336, 559586.296100000035949 ], [ 196478.0856, 559009.075100000016391 ], [ 196098.337, 558262.098 ], [ 196019.911, 558085.60999999998603 ], [ 195708.842, 558017.871999999973923 ], [ 195489.529, 557940.469000000040978 ], [ 195239.032, 557845.743999999947846 ], [ 195401.044, 558891.111000000033528 ], [ 194709.369199999986449, 558837.300700000021607 ], [ 194712.579999999987194, 558841.973 ], [ 194719.483, 558851.363999999943189 ], [ 194721.858, 558854.542999999946915 ], [ 194723.536, 558857.12699999997858 ], [ 194724.78, 558861.121999999973923 ], [ 194726.348999999987427, 558868.23499999998603 ], [ 194729.293, 558883.400000000023283 ], [ 194734.166, 558907.214999999967404 ], [ 194740.274, 558939.228 ], [ 194741.774, 558946.48699999996461 ], [ 194742.147999999986496, 558947.515999999945052 ], [ 194744.079999999987194, 558952.827999999979511 ], [ 194751.060999999986961, 558970.091999999945983 ], [ 194755.935999999986961, 558981.76300000003539 ], [ 194759.119, 558990.275999999954365 ], [ 194762.738000000012107, 559000.540000000037253 ], [ 194767.62599999998929, 559017.348 ], [ 194769.077, 559022.429 ], [ 194774.323, 559040.797999999951571 ], [ 194784.484, 559075.626000000047497 ], [ 194788.471, 559089.424 ], [ 194790.00099999998929, 559094.71999999997206 ], [ 194796.509, 559117.77800000004936 ], [ 194801.192000000010012, 559136.567999999970198 ], [ 194808.097, 559174.957000000053085 ], [ 194810.076, 559185.761000000056811 ], [ 194813.526000000012573, 559199.51500000001397 ], [ 194818.399, 559216.518000000040047 ], [ 194824.195, 559236.741000000038184 ], [ 194830.309, 559259.125 ], [ 194834.228, 559272.973 ], [ 194838.715, 559289.540000000037253 ], [ 194844.384, 559309.060999999986961 ], [ 194855.596, 559348.753000000026077 ], [ 194864.142, 559379.640999999945052 ], [ 194869.541999999986729, 559398.99800000002142 ], [ 194872.047, 559407.976000000024214 ], [ 194894.209, 559480.761999999987893 ], [ 194904.325000000011642, 559507.574000000022352 ], [ 194915.980000000010477, 559538.633999999961816 ], [ 194918.352000000013504, 559541.667999999946915 ], [ 194923.712, 559548.047000000020489 ], [ 194932.336000000010245, 559567.85999999998603 ], [ 194937.299999999988358, 559579.204000000027008 ], [ 194938.981999999989057, 559583.047000000020489 ], [ 194947.453, 559604.047999999951571 ], [ 194955.912000000011176, 559624.474999999976717 ], [ 194968.133, 559655.827000000048429 ], [ 194971.883, 559666.390999999945052 ], [ 194979.468, 559690.969000000040978 ], [ 194992.364, 559731.988000000012107 ], [ 195006.986, 559779.952999999979511 ], [ 195013.278, 559797.645999999949709 ], [ 195024.337, 559832.419 ], [ 195043.99, 559894.908999999985099 ], [ 195047.04, 559905.005 ], [ 195052.719000000011874, 559923.807999999960884 ], [ 195062.241, 559954.305999999982305 ], [ 195064.079999999987194, 559960.62300000002142 ], [ 195071.19, 559975.761999999987893 ], [ 195074.477000000013504, 559984.094000000040978 ], [ 195075.469000000011874, 559990.961000000010245 ], [ 195078.076, 560002.621999999973923 ], [ 195077.011999999987893, 560012.34499999997206 ], [ 195074.393000000010943, 560023.256000000052154 ], [ 195071.991, 560032.616000000038184 ], [ 195066.915, 560045.95499999995809 ], [ 195063.869, 560054.351000000024214 ], [ 195057.096, 560073.018999999971129 ], [ 195045.182999999989988, 560104.334999999962747 ], [ 195044.21, 560106.376000000047497 ], [ 195043.623, 560107.606000000028871 ], [ 195035.082, 560125.51300000003539 ], [ 195027.924999999988358, 560129.775000000023283 ], [ 194982.767, 560152.780999999959022 ], [ 194926.408, 560181.520000000018626 ], [ 194902.12400000001071, 560193.724000000045635 ], [ 194871.185, 560209.272 ], [ 194823.88200000001234, 560233.142 ], [ 194793.420000000012806, 560248.773000000044703 ], [ 194771.975, 560259.775999999954365 ], [ 194718.419, 560286.354999999981374 ], [ 194717.915, 560286.604999999981374 ], [ 194715.147, 560288.035000000032596 ], [ 194692.471, 560298.618999999947846 ], [ 194685.200000000011642, 560302.937000000034459 ], [ 194691.988000000012107, 560329.415999999968335 ], [ 194693.022, 560333.613999999943189 ], [ 194698.96, 560357.714999999967404 ], [ 194703.237, 560376.221000000019558 ], [ 194707.878999999986263, 560400.292999999946915 ], [ 194710.856, 560416.770999999949709 ], [ 194710.848999999987427, 560419.74800000002142 ], [ 194710.846, 560421.069999999948777 ], [ 194709.38, 560424.376000000047497 ], [ 194706.373, 560427.393000000040047 ], [ 194692.264, 560436.425000000046566 ], [ 194659.980000000010477, 560457.672999999951571 ], [ 194636.193, 560474.169 ], [ 194601.563, 560498.184 ], [ 194577.279, 560514.359000000054948 ], [ 194576.756, 560514.707000000053085 ], [ 194570.412000000011176, 560518.932999999960884 ], [ 194569.15, 560519.481000000028871 ], [ 194538.399, 560532.834000000031665 ], [ 194517.682999999989988, 560541.136999999987893 ], [ 194439.534000000014203, 560573.712999999988824 ], [ 194364.071, 560605.684 ], [ 194321.946999999985565, 560623.145999999949709 ], [ 194294.492, 560624.064000000013039 ], [ 194268.834, 560624.783000000054017 ], [ 194220.60999999998603, 560646.353 ], [ 194155.313, 560677.770000000018626 ], [ 194134.758, 560687.785000000032596 ], [ 194065.76, 560721.12300000002142 ], [ 194000.696999999985565, 560752.256000000052154 ], [ 193955.598, 560774.01300000003539 ], [ 193955.646, 560774.115 ], [ 193950.992, 560776.459999999962747 ], [ 193950.407, 560776.755 ], [ 193943.848, 560780.059 ], [ 193914.371000000013737, 560794.334999999962747 ], [ 193893.238000000012107, 560804.294 ], [ 193886.325000000011642, 560806.783999999985099 ], [ 193865.303000000014435, 560815.425000000046566 ], [ 193842.121000000013737, 560825.87300000002142 ], [ 193845.965, 560808.395000000018626 ], [ 193846.016, 560808.175000000046566 ], [ 193833.567000000010012, 560805.518000000040047 ], [ 193825.96, 560838.586000000010245 ], [ 193823.43, 560846.71999999997206 ], [ 193822.332, 560851.069000000017695 ], [ 193776.938, 560871.77800000004936 ], [ 193730.084, 560894.78000000002794 ], [ 193724.153, 560897.560000000055879 ], [ 193704.049, 560906.983 ], [ 193655.267, 560930.140999999945052 ], [ 193599.828, 560956.878999999957159 ], [ 193560.115, 560975.88 ], [ 193538.609, 560986.049 ], [ 193503.316, 561002.912999999942258 ], [ 193452.149, 561027.062999999965541 ], [ 193394.722, 561054.702000000048429 ], [ 193342.329, 561079.893999999971129 ], [ 193303.563, 561097.993000000016764 ], [ 193275.992, 561111.226999999955297 ], [ 193243.633, 561126.932000000029802 ], [ 193238.875, 561129.241000000038184 ], [ 193204.769999999989523, 561145.209999999962747 ], [ 193185.00099999998929, 561155.337000000057742 ], [ 193171.796, 561161.638999999966472 ], [ 193140.76500000001397, 561176.462000000057742 ], [ 193100.255, 561195.733 ], [ 193069.342, 561210.48699999996461 ], [ 193006.779, 561239.890999999945052 ], [ 193000.0, 561243.163999999989755 ], [ 192951.642, 561266.476000000024214 ], [ 192901.489, 561290.986000000033528 ], [ 192896.592, 561293.38 ], [ 192928.085, 561357.638999999966472 ], [ 192928.38200000001234, 561358.243999999947846 ], [ 192928.359, 561358.351999999955297 ], [ 192928.653, 561359.51300000003539 ], [ 192936.393000000010943, 561376.837000000057742 ], [ 192956.564000000013039, 561420.876000000047497 ], [ 192930.554, 561432.976999999955297 ], [ 192892.826, 561450.226999999955297 ], [ 192879.771, 561455.665000000037253 ], [ 192842.229, 561473.371999999973923 ], [ 192792.594000000011874, 561496.589000000036322 ], [ 192785.104, 561500.0 ], [ 192747.623, 561517.069999999948777 ], [ 192747.359, 561517.192000000039116 ], [ 192688.394, 561544.462000000057742 ], [ 192668.598, 561553.78000000002794 ], [ 192632.488000000012107, 561570.777 ], [ 192581.299, 561594.895000000018626 ], [ 192548.519999999989523, 561610.392 ], [ 192542.627, 561613.177999999956228 ], [ 192536.701, 561616.118999999947846 ], [ 192508.048, 561630.339000000036322 ], [ 192488.4, 561640.015999999945052 ], [ 192466.343, 561650.881000000052154 ], [ 192453.742, 561657.040999999968335 ], [ 192406.616, 561678.549 ], [ 192342.217, 561708.85999999998603 ], [ 192294.946, 561729.968 ], [ 192273.065, 561739.871000000042841 ], [ 192272.9, 561739.946 ], [ 192268.1875, 561742.078499999945052 ], [ 192268.16, 561742.091000000014901 ], [ 192268.378999999986263, 561742.468 ], [ 192264.518000000010943, 561743.937000000034459 ], [ 192256.119, 561747.133000000030734 ], [ 192251.669, 561749.444000000017695 ], [ 192230.575000000011642, 561758.435999999986961 ], [ 192213.635, 561766.0 ], [ 192195.201, 561775.802000000025146 ], [ 192175.783, 561787.505 ], [ 192152.391, 561801.081 ], [ 192127.525, 561815.917999999946915 ], [ 192106.93, 561829.802000000025146 ], [ 192095.43, 561836.278999999980442 ], [ 192088.825000000011642, 561840.491999999969266 ], [ 192084.655, 561844.219000000040978 ], [ 192082.703, 561847.297999999951571 ], [ 192082.537000000011176, 561849.278999999980442 ], [ 192082.693999999988591, 561850.888999999966472 ], [ 192083.151000000012573, 561853.197000000043772 ], [ 192088.769999999989523, 561861.939999999944121 ], [ 192113.726, 561900.491000000038184 ], [ 192115.814000000013039, 561904.72199999995064 ], [ 192117.307999999989988, 561908.721000000019558 ], [ 192117.587999999988824, 561912.00199999997858 ], [ 192116.871000000013737, 561914.790999999968335 ], [ 192113.916, 561917.59699999995064 ], [ 192109.484, 561920.28000000002794 ], [ 192099.571, 561924.552000000025146 ], [ 192074.719000000011874, 561937.121999999973923 ], [ 192047.439000000013039, 561951.407 ], [ 192027.668, 561961.905999999959022 ], [ 192023.804, 561964.567999999970198 ], [ 192021.927, 561967.018999999971129 ], [ 192021.242, 561969.777 ], [ 192021.701, 561975.14000000001397 ], [ 192023.980000000010477, 561993.327999999979511 ], [ 192024.924999999988358, 562003.140999999945052 ], [ 192023.503999999986263, 562003.702999999979511 ], [ 192025.228, 562012.59499999997206 ], [ 192013.587999999988824, 562020.719000000040978 ], [ 192012.189000000013039, 562030.354000000050291 ], [ 192004.073, 562033.191 ], [ 192004.614, 562036.165000000037253 ], [ 192002.34, 562036.699999999953434 ], [ 191995.019999999989523, 562038.42000000004191 ], [ 191981.0, 562046.050000000046566 ], [ 191970.44, 562053.040000000037253 ], [ 191961.29, 562056.569999999948777 ], [ 191952.64000000001397, 562061.400000000023283 ], [ 191939.5, 562071.270000000018626 ], [ 191939.28, 562071.910000000032596 ], [ 191946.87, 562074.089999999967404 ], [ 191967.47, 562076.020000000018626 ], [ 191984.75, 562077.410000000032596 ], [ 191995.15, 562078.01 ], [ 192004.329999999987194, 562078.099999999976717 ], [ 192008.508, 562078.055999999982305 ], [ 192028.84, 562078.75 ], [ 192047.163999999989755, 562079.118999999947846 ], [ 192073.958000000013271, 562079.596000000019558 ], [ 192098.418, 562080.214999999967404 ], [ 192124.614, 562080.648999999975786 ], [ 192146.475, 562080.523000000044703 ], [ 192169.848, 562080.363999999943189 ], [ 192190.253999999986263, 562080.555000000051223 ], [ 192211.498, 562081.329000000027008 ], [ 192234.813, 562082.523999999975786 ], [ 192278.097, 562085.255 ], [ 192320.725, 562087.689000000013039 ], [ 192327.827, 562088.135 ], [ 192332.915, 562088.45499999995809 ], [ 192338.434, 562088.802000000025146 ], [ 192337.299, 562102.984000000054948 ], [ 192335.554, 562117.657 ], [ 192334.527, 562131.116999999969266 ], [ 192333.431000000011409, 562146.434 ], [ 192332.153, 562158.25 ], [ 192330.608, 562166.155999999959022 ], [ 192327.303000000014435, 562172.294 ], [ 192323.172, 562178.824999999953434 ], [ 192319.795000000012806, 562183.85999999998603 ], [ 192317.505, 562187.408000000054017 ], [ 192314.188, 562199.912999999942258 ], [ 192312.809, 562208.125 ], [ 192312.318, 562214.419 ], [ 192312.221, 562221.682999999960884 ], [ 192312.214, 562226.001000000047497 ], [ 192313.682999999989988, 562241.618999999947846 ], [ 192313.881, 562245.787999999942258 ], [ 192312.959, 562272.593 ], [ 192312.719000000011874, 562279.560000000055879 ], [ 192312.939000000013039, 562282.153999999980442 ], [ 192312.096, 562284.378000000026077 ], [ 192306.796, 562297.060000000055879 ], [ 192304.446, 562318.913999999989755 ], [ 192303.663999999989755, 562326.180999999982305 ], [ 192299.423, 562350.817000000039116 ], [ 192299.134, 562352.635 ], [ 192296.261999999987893, 562370.691 ], [ 192295.753999999986263, 562382.067999999970198 ], [ 192294.886999999987893, 562401.462000000057742 ], [ 192294.536, 562416.294 ], [ 192295.226, 562421.738999999943189 ], [ 192295.977000000013504, 562426.37300000002142 ], [ 192297.619, 562428.98699999996461 ], [ 192299.528, 562430.537000000011176 ], [ 192302.458000000013271, 562431.795999999972992 ], [ 192305.799999999988358, 562432.653999999980442 ], [ 192336.203, 562434.741000000038184 ], [ 192341.121000000013737, 562435.518000000040047 ], [ 192343.801, 562436.469000000040978 ], [ 192346.169, 562437.924 ], [ 192348.128999999986263, 562439.525000000023283 ], [ 192349.68, 562441.324000000022352 ], [ 192350.50700000001234, 562444.02800000004936 ], [ 192347.421, 562477.317000000039116 ], [ 192347.979, 562488.858 ], [ 192349.182999999989988, 562493.802999999956228 ], [ 192350.155, 562497.067000000039116 ], [ 192352.412000000011176, 562499.283000000054017 ], [ 192358.152, 562503.12 ], [ 192364.99299999998766, 562508.292999999946915 ], [ 192368.296, 562512.047000000020489 ], [ 192369.459, 562515.687999999965541 ], [ 192370.011, 562535.108 ], [ 192370.606999999989057, 562559.336000000010245 ], [ 192371.420000000012806, 562582.299 ], [ 192371.559, 562587.229000000050291 ], [ 192371.834, 562596.954000000027008 ], [ 192372.50700000001234, 562604.854000000050291 ], [ 192373.43, 562610.381999999983236 ], [ 192374.35, 562614.091000000014901 ], [ 192381.174, 562615.035000000032596 ], [ 192387.310999999986961, 562615.598 ], [ 192397.997, 562615.375 ], [ 192413.958000000013271, 562614.927000000025146 ], [ 192441.833000000013271, 562615.093 ], [ 192467.443, 562615.625 ], [ 192486.328, 562615.792999999946915 ], [ 192510.823, 562616.98499999998603 ], [ 192546.844000000011874, 562619.469000000040978 ], [ 192584.64000000001397, 562620.991000000038184 ], [ 192622.755, 562622.59499999997206 ], [ 192639.212999999988824, 562623.304 ], [ 192645.862, 562624.437000000034459 ], [ 192649.315, 562626.174 ], [ 192651.242, 562629.76300000003539 ], [ 192651.99299999998766, 562634.707000000053085 ], [ 192651.449, 562651.435000000055879 ], [ 192648.465, 562679.797999999951571 ], [ 192648.252, 562692.665999999968335 ], [ 192648.769999999989523, 562698.062999999965541 ], [ 192650.85, 562704.687000000034459 ], [ 192651.071999999985565, 562704.871999999973923 ], [ 192655.378, 562708.457000000053085 ], [ 192660.321, 562710.236000000033528 ], [ 192665.413, 562710.973 ], [ 192674.090999999985797, 562711.054 ], [ 192723.662000000011176, 562713.267 ], [ 192738.886999999987893, 562713.59499999997206 ], [ 192759.511999999987893, 562714.038999999989755 ], [ 192816.777, 562715.881999999983236 ], [ 192874.163, 562718.694000000017695 ], [ 192911.043, 562719.692999999970198 ], [ 192923.278, 562720.51300000003539 ], [ 192928.946999999985565, 562722.060999999986961 ], [ 192929.571999999985565, 562722.231999999959953 ], [ 192933.997, 562726.684 ], [ 192936.011999999987893, 562735.984000000054948 ], [ 192938.011999999987893, 562753.663999999989755 ], [ 192938.943, 562776.376000000047497 ], [ 192939.242, 562795.51 ], [ 192937.805, 562812.074999999953434 ], [ 192937.339, 562815.175000000046566 ], [ 192935.211000000010245, 562829.324000000022352 ], [ 192934.752, 562840.402 ], [ 192937.103, 562848.07999999995809 ], [ 192940.006, 562850.777 ], [ 192942.844000000011874, 562853.413999999989755 ], [ 192952.438, 562858.462999999988824 ], [ 192959.105000000010477, 562865.919 ], [ 192964.176, 562880.684 ], [ 192972.348, 562905.591000000014901 ], [ 192977.196999999985565, 562928.506999999983236 ], [ 192979.861, 562948.118999999947846 ], [ 192989.659000000014203, 562948.773000000044703 ], [ 193000.0, 562949.795999999972992 ], [ 193005.04, 562950.427999999956228 ], [ 193013.916999999986729, 562951.09699999995064 ], [ 193020.394999999989523, 562951.439999999944121 ], [ 193030.161, 562952.153999999980442 ], [ 193042.096, 562952.991999999969266 ], [ 193050.576, 562953.886999999987893 ], [ 193058.241, 562954.07999999995809 ], [ 193069.756, 562954.321 ], [ 193087.913, 562955.006000000052154 ], [ 193105.672, 562955.949999999953434 ], [ 193116.522, 562956.807999999960884 ], [ 193125.956, 562957.616000000038184 ], [ 193129.608, 562957.76 ], [ 193148.567000000010012, 562957.466999999945983 ], [ 193157.748, 562957.449000000022352 ], [ 193166.317000000010012, 562965.052999999956228 ], [ 193175.587, 562978.540999999968335 ], [ 193179.76500000001397, 562989.01300000003539 ], [ 193186.424, 563000.128000000026077 ], [ 193189.12, 563007.532 ], [ 193199.021, 563023.162000000011176 ], [ 193206.115, 563039.770000000018626 ], [ 193215.88, 563058.040999999968335 ], [ 193223.269, 563071.554 ], [ 193235.225, 563094.702000000048429 ], [ 193236.641, 563097.442999999970198 ], [ 193239.182, 563099.834999999962747 ], [ 193247.117, 563114.405999999959022 ], [ 193247.1164, 563114.419299999950454 ], [ 194130.028, 563544.207000000053085 ], [ 196057.3731, 562635.461200000019744 ], [ 196410.2789, 562485.452399999951012 ] ], [ [ 195193.91, 561124.21999999997206 ], [ 195192.0148, 561114.805500000016764 ], [ 195179.5441, 561129.195500000030734 ], [ 195140.1312, 560929.087300000013784 ], [ 195128.505, 560869.59499999997206 ], [ 195087.81, 560877.792999999946915 ], [ 195079.62, 560879.48699999996461 ], [ 195079.619, 560879.483 ], [ 195078.231, 560879.775000000023283 ], [ 195070.192000000010012, 560881.437999999965541 ], [ 195053.642, 560884.86199999996461 ], [ 195031.421, 560889.459000000031665 ], [ 195004.369, 560896.042999999946915 ], [ 194989.073, 560899.898999999975786 ], [ 194978.468, 560902.822000000043772 ], [ 194967.932999999989988, 560907.304 ], [ 194954.894, 560915.035000000032596 ], [ 194948.582, 560918.939999999944121 ], [ 194948.462, 560918.388999999966472 ], [ 194914.522, 560940.461000000010245 ], [ 194898.726, 560950.238999999943189 ], [ 194887.975, 560957.209999999962747 ], [ 194866.35, 560971.29500000004191 ], [ 194848.051, 560883.508999999961816 ], [ 194843.830599999986589, 560863.2624 ], [ 194832.835, 560865.5305 ], [ 194812.18, 560869.790999999968335 ], [ 194805.733, 560834.816 ], [ 194792.138, 560760.721000000019558 ], [ 194858.049999999988358, 560747.310000000055879 ], [ 194887.4848, 560741.321 ], [ 194886.3015, 560732.878999999957159 ], [ 194885.090999999985797, 560724.243000000016764 ], [ 194924.711000000010245, 560717.525999999954365 ], [ 194994.976, 560706.415000000037253 ], [ 195009.995, 560791.074999999953434 ], [ 195014.94, 560821.12 ], [ 195034.34, 560826.435799999977462 ], [ 195050.670000000012806, 560818.327000000048429 ], [ 195053.090999999985797, 560815.854000000050291 ], [ 195056.633, 560812.941 ], [ 195062.41, 560807.483 ], [ 195066.575000000011642, 560803.180000000051223 ], [ 195070.165, 560799.383000000030734 ], [ 195074.291, 560794.26500000001397 ], [ 195076.25, 560791.834000000031665 ], [ 195082.195, 560784.322000000043772 ], [ 195086.772, 560778.020000000018626 ], [ 195089.832, 560773.598 ], [ 195092.142, 560770.238000000012107 ], [ 195094.043, 560766.810000000055879 ], [ 195097.087, 560761.718 ], [ 195099.282, 560758.035999999963678 ], [ 195103.313, 560749.665000000037253 ], [ 195109.136999999987893, 560735.20499999995809 ], [ 195111.408, 560729.062999999965541 ], [ 195113.497, 560722.356000000028871 ], [ 195116.079, 560713.099000000045635 ], [ 195117.956, 560705.066 ], [ 195119.562, 560696.518000000040047 ], [ 195120.668, 560689.572000000043772 ], [ 195122.434, 560679.738999999943189 ], [ 195124.73499999998603, 560679.348 ], [ 195136.335, 560677.344000000040978 ], [ 195142.24900000001071, 560711.449999999953434 ], [ 195150.586000000010245, 560759.555000000051223 ], [ 195177.659000000014203, 560754.084000000031665 ], [ 195195.51500000001397, 560750.474999999976717 ], [ 195197.962999999988824, 560749.981000000028871 ], [ 195208.321, 560804.037999999942258 ], [ 195224.416, 560799.993999999947846 ], [ 195224.0, 560797.84499999997206 ], [ 195229.056000000011409, 560796.897 ], [ 195242.682, 560793.665000000037253 ], [ 195249.503, 560791.822000000043772 ], [ 195251.358, 560791.321 ], [ 195256.62599999998929, 560790.261000000056811 ], [ 195241.859, 560716.586000000010245 ], [ 195284.432999999989988, 560708.314999999944121 ], [ 195269.469000000011874, 560635.131000000052154 ], [ 195253.828, 560552.153999999980442 ], [ 195221.847, 560388.841000000014901 ], [ 195201.827, 560286.64000000001397 ], [ 195201.0, 560282.417999999946915 ], [ 195203.9, 560281.846000000019558 ], [ 195203.894999999989523, 560281.817000000039116 ], [ 195228.551, 560276.986000000033528 ], [ 195252.89000000001397, 560272.218 ], [ 195274.87599999998929, 560267.765999999945052 ], [ 195290.567000000010012, 560264.826 ], [ 195324.468, 560259.067000000039116 ], [ 195334.99900000001071, 560257.714000000036322 ], [ 195356.356, 560366.59499999997206 ], [ 195363.372, 560398.976000000024214 ], [ 195423.14000000001397, 560386.01 ], [ 195454.670000000012806, 560379.439999999944121 ], [ 195483.994, 560372.613000000012107 ], [ 195477.2958, 560332.999300000024959 ], [ 195472.125, 560304.623999999952503 ], [ 195581.979, 560292.288999999989755 ], [ 195567.802, 560209.934 ], [ 195537.5498, 560032.0291000000434 ], [ 195530.95250000001397, 559995.837500000023283 ], [ 195521.6201, 559944.642 ], [ 195518.081, 559945.356999999959953 ], [ 195517.491, 559942.363000000012107 ], [ 195508.454, 559944.187000000034459 ], [ 195492.3665, 559947.5 ], [ 195477.922, 559950.687000000034459 ], [ 195466.76500000001397, 559953.437000000034459 ], [ 195454.9582, 559956.919299999950454 ], [ 195446.403, 559934.25 ], [ 195445.71, 559928.883999999961816 ], [ 195442.59, 559921.792000000015832 ], [ 195435.1282, 559908.2585 ], [ 195427.829999999987194, 559902.334000000031665 ], [ 195419.899, 559889.386000000056811 ], [ 195388.885, 559825.96999999997206 ], [ 195429.462999999988824, 559804.59699999995064 ], [ 195415.61799999998766, 559778.718 ], [ 195404.450000000011642, 559781.839999999967404 ], [ 195403.891, 559779.536100000026636 ], [ 195400.655999999988126, 559766.226999999955297 ], [ 195398.734, 559756.767 ], [ 195393.479400000011083, 559733.064999999944121 ], [ 195361.9302, 559741.0013 ], [ 195352.769999999989523, 559709.64000000001397 ], [ 195403.97, 559695.560000000055879 ], [ 195394.981, 559653.189000000013039 ], [ 195388.354, 559621.540000000037253 ], [ 195405.799999999988358, 559616.783999999985099 ], [ 195420.877, 559613.770999999949709 ], [ 195420.88, 559613.785999999963678 ], [ 195438.282, 559610.326 ], [ 195441.799999999988358, 559628.900000000023283 ], [ 195443.865, 559639.800999999977648 ], [ 195452.922, 559689.388999999966472 ], [ 195453.271, 559691.13 ], [ 195453.889, 559691.897 ], [ 195454.691, 559692.26300000003539 ], [ 195517.26, 559697.650000000023283 ], [ 195518.435999999986961, 559697.995 ], [ 195518.717, 559698.716999999945983 ], [ 195518.722, 559699.564999999944121 ], [ 195514.413999999989755, 559736.082999999984168 ], [ 195514.402, 559736.082000000053085 ], [ 195512.7826, 559742.722199999960139 ], [ 195510.59340000001248, 559766.727300000027753 ], [ 195519.1243, 559769.609900000039488 ], [ 195516.9524, 559788.177000000025146 ], [ 195531.2726, 559790.4802 ], [ 195533.85, 559795.790000000037253 ], [ 195553.726, 559835.0 ], [ 195599.56, 559840.697000000043772 ], [ 195651.885, 559847.687999999965541 ], [ 195665.612, 559849.599999999976717 ], [ 195665.619, 559849.600499999942258 ], [ 195660.233, 559873.309 ], [ 195653.5906, 559873.716800000052899 ], [ 195649.652, 559893.098499999963678 ], [ 195648.969000000011874, 559893.150999999954365 ], [ 195647.503, 559893.26300000003539 ], [ 195645.566, 559893.272 ], [ 195644.7088, 559893.275999999954365 ], [ 195644.146, 559896.851000000024214 ], [ 195643.396, 559902.951 ], [ 195652.01, 559945.038999999989755 ], [ 195699.426, 559935.368999999947846 ], [ 195731.127, 559929.22199999995064 ], [ 195744.964, 559926.780999999959022 ], [ 195754.951, 559925.295999999972992 ], [ 195764.761, 559924.814000000013039 ], [ 195772.086000000010245, 559924.682000000029802 ], [ 195772.676, 559924.672000000020489 ], [ 195771.706, 559937.042999999946915 ], [ 195771.61799999998766, 559941.547999999951571 ], [ 195772.443999999988591, 559943.145000000018626 ], [ 195774.827, 559945.13 ], [ 195795.995, 559955.922999999951571 ], [ 195833.302, 559976.145000000018626 ], [ 195851.193999999988591, 559984.663999999989755 ], [ 195865.449, 559990.680999999982305 ], [ 195864.631, 560014.572999999974854 ], [ 195863.972, 560038.339999999967404 ], [ 195863.049999999988358, 560049.665999999968335 ], [ 195862.242, 560055.035999999963678 ], [ 195862.045000000012806, 560068.827000000048429 ], [ 195860.443, 560081.608 ], [ 195856.76, 560111.731000000028871 ], [ 195855.88, 560120.165999999968335 ], [ 195852.803000000014435, 560144.006000000052154 ], [ 195851.317000000010012, 560156.121999999973923 ], [ 195892.873, 560165.20499999995809 ], [ 195932.99, 560173.508000000030734 ], [ 195959.6397, 560178.68839999998454 ], [ 195955.8965, 560198.006000000052154 ], [ 195954.114, 560207.20499999995809 ], [ 195951.093, 560227.148000000044703 ], [ 195949.321, 560235.892 ], [ 195944.9855, 560262.224500000011176 ], [ 195940.114, 560293.34699999995064 ], [ 195933.722, 560335.290000000037253 ], [ 195932.427, 560345.50199999997858 ], [ 195881.799, 560345.937000000034459 ], [ 195884.083000000013271, 560383.425999999977648 ], [ 195886.442000000010012, 560415.153999999980442 ], [ 195900.047, 560413.459000000031665 ], [ 195918.916999999986729, 560411.629500000039116 ], [ 195936.282, 560409.90949999995064 ], [ 195947.24900000001071, 560408.822999999974854 ], [ 195981.5276, 560640.205300000030547 ], [ 195949.996000000013737, 560653.36199999996461 ], [ 195892.412000000011176, 560676.613000000012107 ], [ 195821.878999999986263, 560706.23499999998603 ], [ 195785.24900000001071, 560721.47199999995064 ], [ 195754.609, 560733.711000000010245 ], [ 195750.051, 560735.532 ], [ 195722.503999999986263, 560746.535999999963678 ], [ 195721.481999999989057, 560746.768000000040047 ], [ 195718.884, 560746.768000000040047 ], [ 195723.1552, 560769.000099999946542 ], [ 195723.1555, 560769.003999999957159 ], [ 195724.022, 560773.508000000030734 ], [ 195730.7391, 560808.465899999951944 ], [ 195716.64000000001397, 560810.699999999953434 ], [ 195712.815, 560811.39000000001397 ], [ 195703.642, 560816.216999999945983 ], [ 195689.969000000011874, 560820.224000000045635 ], [ 195676.848999999987427, 560822.020999999949709 ], [ 195664.386999999987893, 560819.376000000047497 ], [ 195663.3663, 560819.1594 ], [ 195662.5828, 560818.993099999963306 ], [ 195659.438, 560802.435999999986961 ], [ 195658.392, 560796.462999999988824 ], [ 195655.423, 560778.229000000050291 ], [ 195653.294, 560763.062999999965541 ], [ 195652.658, 560761.724999999976717 ], [ 195651.223, 560761.197999999974854 ], [ 195647.692000000010012, 560761.763999999966472 ], [ 195639.696999999985565, 560763.888999999966472 ], [ 195631.905, 560766.542999999946915 ], [ 195628.995, 560767.986000000033528 ], [ 195627.886999999987893, 560769.03000000002794 ], [ 195626.479, 560770.356999999959953 ], [ 195621.767, 560775.126000000047497 ], [ 195619.535, 560777.358 ], [ 195616.435999999986961, 560780.316 ], [ 195611.685999999986961, 560784.128000000026077 ], [ 195608.386999999987893, 560786.973 ], [ 195600.339, 560792.97199999995064 ], [ 195594.106999999989057, 560796.98499999998603 ], [ 195587.476, 560800.527 ], [ 195582.635, 560802.733 ], [ 195577.24900000001071, 560805.072000000043772 ], [ 195565.299999999988358, 560810.400000000023283 ], [ 195563.796, 560811.476999999955297 ], [ 195563.317000000010012, 560813.106999999959953 ], [ 195565.772999999986496, 560827.692000000039116 ], [ 195550.962999999988824, 560830.866999999969266 ], [ 195530.082, 560834.525000000023283 ], [ 195524.109, 560835.540999999968335 ], [ 195518.573, 560837.677999999956228 ], [ 195507.022, 560843.147 ], [ 195503.824, 560844.839000000036322 ], [ 195502.067000000010012, 560847.447999999974854 ], [ 195499.986, 560852.03000000002794 ], [ 195497.396, 560854.273000000044703 ], [ 195493.23499999998603, 560856.971000000019558 ], [ 195483.81, 560861.881999999983236 ], [ 195481.916, 560862.893000000040047 ], [ 195475.00099999998929, 560866.582999999984168 ], [ 195466.727000000013504, 560871.767 ], [ 195459.321, 560878.067000000039116 ], [ 195452.326, 560884.537000000011176 ], [ 195451.159000000014203, 560885.616000000038184 ], [ 195452.37, 560890.572999999974854 ], [ 195455.144999999989523, 560901.924 ], [ 195463.314000000013039, 560934.856999999959953 ], [ 195464.756, 560941.24800000002142 ], [ 195466.302, 560947.560000000055879 ], [ 195468.066, 560955.057000000029802 ], [ 195469.76500000001397, 560962.28000000002794 ], [ 195482.717, 561015.910000000032596 ], [ 195453.708000000013271, 561022.672999999951571 ], [ 195416.057, 561031.241999999969266 ], [ 195403.864, 561033.483 ], [ 195404.465, 561036.75199999997858 ], [ 195388.623, 561040.209999999962747 ], [ 195362.201, 561046.559 ], [ 195352.47, 561049.062999999965541 ], [ 195342.103, 561051.729999999981374 ], [ 195339.021, 561052.417999999946915 ], [ 195334.715999999985797, 561053.378999999957159 ], [ 195331.578, 561054.079000000027008 ], [ 195329.461000000010245, 561054.604000000050291 ], [ 195291.435999999986961, 561063.991000000038184 ], [ 195298.09, 561097.46999999997206 ], [ 195305.0, 561137.24 ], [ 195305.2524, 561138.692599999951199 ], [ 195297.195700000011129, 561140.09250000002794 ], [ 195275.7072, 561144.819000000017695 ], [ 195256.1117, 561149.95409999997355 ], [ 195230.19, 561157.339999999967404 ], [ 195202.230000000010477, 561165.550000000046566 ], [ 195198.07, 561144.885 ], [ 195193.91, 561124.21999999997206 ] ] ] ] } },
{ "type": "Feature", "properties": { "buurtcode": "BU00861601", "buurtnaam": "Ureterp-Centrum", "pc6_codes": "9247AJ, 9247AK, 9247AL, 9247AM, 9247AW, 9247AX, 9247AZ, 9247BA, 9247BB, 9247BC, 9247BD, 9247BE, 9247BH, 9247BK, 9247BW, 9247BX, 9247BZ, 9247EN, 9247EP, 9247ER", "wijkcode": "WK008616", "gemeentecode": "GM0086", "gemeentenaam": "Opsterland", "oppervlakteLandInHa": 20, "AantalInwoners_5": 515, "Mannen_6": 250, "Vrouwen_7": 260, "HuishoudensTotaal_29": 255, "GemiddeldeHuishoudensgrootte_33": 2.0, "Woningvoorraad_35": 257, "NieuwbouwWoningen_36": 5, "NietWoningvoorraad_37": 49, "NieuwbouwNietWoningen_38": 0, "GemiddeldeWOZWaardeVanWoningen_39": 283, "PercentageEengezinswoning_40": 75, "PercentageTussenwoningEengezins_41": 12, "PercentageHoekwoningEengezins_42": 8, "PercentageTweeOnderEenKapWoningEe_43": 13, "PercentageVrijstaandeWoningEengezins_44": 42, "PercentageMeergezinswoning_45": 25, "Koopwoningen_47": 57, "HuurwoningenTotaal_48": 43, "InBezitWoningcorporatie_49": 37, "InBezitOverigeVerhuurders_50": 6, "BouwjaarMeerDanTienJaarGeleden_51": 98, "BouwjaarAfgelopenTienJaar_52": 2, "GemiddeldeElektriciteitslevering_53": 2510, "GemiddeldeElektriciteitsteruglevering_54": 1020, "GemiddeldAardgasverbruik_55": 1090, "AardgasvrijeWoningen_57": 2, "Aardgaswoningen_58": 89, "WoningenMetZonnestroom_59": 39, "WoningenHoofdzElektrVerwarmd_60": 10, "k_20PersonenMetHoogsteInkomen_80": 10.7, "k_20HuishoudensMetHoogsteInkomen_85": 12.7, "MediaanVermogenVanParticuliereHuish_86": 118.6, "PersonenautoSTotaal_104": 310, "PersonenautoSBrandstofBenzine_105": 240, "PersonenautoSOverigeBrandstof_106": 70, "PersonenautoSPerHuishouden_107": 1.2, "Omgevingsadressendichtheid_121": 575, "AantalInstallatiesBijWoningen_5": 55, "OpgesteldVermogenVanZonnepanelen_6": 264, "installaties_per_woning": 0.2140077821011673, "vermogen_per_woning": 1.027237354085603, "installaties_per_100_woningen": 21.40077821011673, "vermogen_per_huishouden": 1.0352941176470589, "batterijdruk_score": 397.8, "koop_zon_score": 0.2223, "eengezins_zon_score": 0.2925, "betaalkracht_zon_score": 46.254, "overige_brandstof_zon_score": 27.3, "lichte_batterij_kansscore": 0.37267234192068777 }, "geometry": { "type": "MultiPolygon", "coordinates": [ [ [ [ 207915.2812, 568056.316800000029616 ], [ 207919.1714, 568055.771900000050664 ], [ 207926.64069999998901, 568054.1322 ], [ 207933.029, 568052.091999999945983 ], [ 207951.180400000012014, 568046.727199999964796 ], [ 207931.0043, 567978.5914000000339 ], [ 207976.394, 567964.305000000051223 ], [ 207973.128999999986263, 567951.663999999989755 ], [ 207997.574, 567949.822000000043772 ], [ 207998.495, 567964.723 ], [ 208011.3555, 567964.093299999949522 ], [ 208012.2645, 567967.136500000022352 ], [ 208030.331, 568027.620299999951385 ], [ 208041.027, 568024.761999999987893 ], [ 208095.460499999986496, 568010.358800000045449 ], [ 208077.169499999989057, 567947.944999999948777 ], [ 208071.2275, 567924.371999999973923 ], [ 208069.261999999987893, 567912.704000000027008 ], [ 208069.261999999987893, 567897.214400000055321 ], [ 208038.104, 567898.207000000053085 ], [ 207926.480000000010477, 567901.31449999997858 ], [ 207917.119799999985844, 567901.471600000048056 ], [ 207902.29680000001099, 567852.399100000038743 ], [ 207883.4, 567855.949999999953434 ], [ 207851.8518, 567862.621399999945424 ], [ 207847.3449, 567847.702000000048429 ], [ 207829.372, 567852.133999999961816 ], [ 207802.364, 567858.452999999979511 ], [ 207801.147999999986496, 567858.734000000054948 ], [ 207801.011999999987893, 567858.268000000040047 ], [ 207792.247, 567860.51300000003539 ], [ 207780.777, 567863.449999999953434 ], [ 207767.854, 567866.758999999961816 ], [ 207757.7982, 567869.367199999978766 ], [ 207755.435999999986961, 567860.555999999982305 ], [ 207750.443, 567841.932000000029802 ], [ 207755.522, 567840.506000000052154 ], [ 207753.030999999988126, 567831.466999999945983 ], [ 207750.782, 567823.304 ], [ 207748.497, 567815.01300000003539 ], [ 207746.245, 567806.841000000014901 ], [ 207743.965, 567798.566 ], [ 207741.405999999988126, 567789.275999999954365 ], [ 207737.595, 567774.866999999969266 ], [ 207734.394, 567763.354000000050291 ], [ 207732.698, 567757.255499999970198 ], [ 207730.852000000013504, 567750.616999999969266 ], [ 207729.5583, 567745.964700000011362 ], [ 207734.253, 567744.642 ], [ 207731.695, 567735.410999999963678 ], [ 207729.418, 567727.194999999948777 ], [ 207727.141, 567718.976000000024214 ], [ 207724.864, 567710.755 ], [ 207722.582, 567702.518999999971129 ], [ 207718.554, 567687.981000000028871 ], [ 207717.817000000010012, 567685.320900000049733 ], [ 207714.4616, 567686.621999999973923 ], [ 207711.0752, 567693.823800000012852 ], [ 207709.5889, 567694.29839999997057 ], [ 207706.481, 567683.432000000029802 ], [ 207704.728, 567677.307000000029802 ], [ 207702.975, 567671.180999999982305 ], [ 207701.231999999989057, 567665.087999999988824 ], [ 207698.627, 567655.983 ], [ 207695.984, 567646.746000000042841 ], [ 207694.247, 567640.675999999977648 ], [ 207690.758, 567628.481000000028871 ], [ 207689.022999999986496, 567622.417000000015832 ], [ 207686.424999999988358, 567613.337000000057742 ], [ 207683.839, 567604.299 ], [ 207682.083000000013271, 567598.160999999963678 ], [ 207680.34, 567592.069000000017695 ], [ 207678.582, 567585.925000000046566 ], [ 207676.836000000010245, 567579.822999999974854 ], [ 207674.143000000010943, 567570.408000000054017 ], [ 207640.6869, 567579.94019999995362 ], [ 207674.459, 567701.216999999945983 ], [ 207675.739, 567705.729500000015832 ], [ 207694.4416, 567771.663500000024214 ], [ 207632.9389, 567787.535200000042096 ], [ 207628.013199999986682, 567785.396900000050664 ], [ 207624.347, 567779.889500000048429 ], [ 207623.733799999987241, 567778.96840000001248 ], [ 207567.799300000013318, 567794.862700000056066 ], [ 207559.723300000012387, 567797.15749999997206 ], [ 207558.6851, 567802.968699999968521 ], [ 207553.2047, 567806.187200000043958 ], [ 207425.557, 567840.902299999957904 ], [ 207310.337, 567841.977900000056252 ], [ 207304.1929, 567813.319999999948777 ], [ 207301.7655, 567814.585500000044703 ], [ 207249.828, 567821.534100000048056 ], [ 207233.774, 567839.787499999976717 ], [ 207182.4504, 567851.319200000027195 ], [ 207183.388, 567855.773999999975786 ], [ 207175.230000000010477, 567857.491000000038184 ], [ 207134.49299999998766, 567858.96999999997206 ], [ 207130.579, 567843.856999999959953 ], [ 207107.85999999998603, 567844.432000000029802 ], [ 207052.3259, 567847.1886 ], [ 207049.6998, 567836.430900000035763 ], [ 206990.185399999987567, 567852.695100000011735 ], [ 206986.003, 567834.48499999998603 ], [ 206909.560999999986961, 567846.679 ], [ 206855.62, 567855.814999999944121 ], [ 206806.12599999998929, 567863.513999999966472 ], [ 206803.668, 567844.672999999951571 ], [ 206772.589, 567849.790000000037253 ], [ 206767.1965, 567850.5035 ], [ 206777.6115, 567931.413500000024214 ], [ 206778.611299999989569, 567939.1803 ], [ 206778.3485, 567953.365 ], [ 206775.696, 567953.403999999980442 ], [ 206782.8981, 568015.140200000023469 ], [ 206793.902, 568014.587999999988824 ], [ 206812.204, 568012.170999999972992 ], [ 206812.776000000012573, 568016.081 ], [ 206826.834, 568014.361000000033528 ], [ 206828.203799999988405, 568014.193399999989197 ], [ 206828.0362, 568012.8236 ], [ 206834.791999999986729, 568012.354000000050291 ], [ 206909.354, 568009.957000000053085 ], [ 206924.009499999985565, 568008.9828 ], [ 206924.427, 568008.95499999995809 ], [ 206913.314000000013039, 567958.761000000056811 ], [ 206911.074, 567948.680000000051223 ], [ 206910.299, 567945.196 ], [ 206908.1006, 567935.659600000013597 ], [ 207006.8595, 567932.188500000047497 ], [ 207043.056699999986449, 567930.298300000024028 ], [ 207043.3125, 567937.613999999943189 ], [ 207043.8065, 567951.742500000051223 ], [ 207045.5277, 567992.674600000027567 ], [ 207059.4707, 568049.129900000058115 ], [ 207076.4712, 568046.876200000056997 ], [ 207124.084800000011455, 568041.3358 ], [ 207147.302, 568036.7805 ], [ 207221.172, 568025.417499999981374 ], [ 207226.49, 568024.597500000032596 ], [ 207310.294, 568010.566499999957159 ], [ 207330.1655, 568007.724000000045635 ], [ 207338.693, 568008.091999999945983 ], [ 207345.74299999998766, 568006.432000000029802 ], [ 207352.525, 568004.694999999948777 ], [ 207367.628, 568000.625 ], [ 207379.945, 567997.305000000051223 ], [ 207394.978, 567993.231999999959953 ], [ 207415.353, 567988.40500000002794 ], [ 207411.946999999985565, 567975.24800000002142 ], [ 207456.891, 567962.64000000001397 ], [ 207455.416, 567956.974000000045635 ], [ 207461.305, 567955.550000000046566 ], [ 207467.016, 567954.157 ], [ 207472.685999999986961, 567952.76300000003539 ], [ 207473.114, 567954.135 ], [ 207481.297, 567952.233 ], [ 207480.46, 567947.557999999960884 ], [ 207494.855000000010477, 567943.118999999947846 ], [ 207497.113099999987753, 567942.4227 ], [ 207500.2238, 567954.143999999971129 ], [ 207520.122, 567948.59699999995064 ], [ 207521.473, 567953.591000000014901 ], [ 207535.835, 567950.866000000038184 ], [ 207560.480699999985518, 567946.189800000051036 ], [ 207562.62, 567953.947000000043772 ], [ 207564.827, 567962.030999999959022 ], [ 207573.051, 567959.810000000055879 ], [ 207577.445, 567958.386000000056811 ], [ 207576.291, 567954.272 ], [ 207587.169, 567951.393000000040047 ], [ 207586.634, 567949.538999999989755 ], [ 207587.519999999989523, 567946.97199999995064 ], [ 207585.992, 567941.790000000037253 ], [ 207589.980000000010477, 567940.593 ], [ 207589.546, 567938.687999999965541 ], [ 207597.002, 567936.560000000055879 ], [ 207605.7407, 567934.065900000045076 ], [ 207612.1325, 567956.461499999975786 ], [ 207614.956, 567956.559 ], [ 207616.404, 567956.609000000054948 ], [ 207622.897, 567956.116999999969266 ], [ 207663.146, 567953.064000000013039 ], [ 207664.38200000001234, 567968.148999999975786 ], [ 207676.93, 567967.435000000055879 ], [ 207676.397, 567966.268000000040047 ], [ 207698.37400000001071, 567965.268000000040047 ], [ 207708.247, 567964.819000000017695 ], [ 207734.712, 567963.682999999960884 ], [ 207741.548, 567960.810999999986961 ], [ 207742.327, 567960.755 ], [ 207751.481999999989057, 567960.098 ], [ 207762.096, 567959.336000000010245 ], [ 207773.682, 567958.505 ], [ 207778.024, 567958.192999999970198 ], [ 207779.823, 567958.587000000057742 ], [ 207793.022399999987101, 567958.245899999979883 ], [ 207799.9325, 567958.893000000040047 ], [ 207812.2549, 567959.1655 ], [ 207817.553000000014435, 567958.889500000048429 ], [ 207821.020500000013271, 567959.03000000002794 ], [ 207829.342899999988731, 567957.769100000034086 ], [ 207830.682999999989988, 567957.677999999956228 ], [ 207828.78959999998915, 567950.928700000047684 ], [ 207866.9738, 567943.597500000032596 ], [ 207870.089100000011967, 567942.999399999971502 ], [ 207901.053699999989476, 568050.816800000029616 ], [ 207904.664500000013504, 568049.618000000016764 ], [ 207906.515099999989616, 568055.192099999985658 ], [ 207908.6677, 568056.84230000001844 ], [ 207915.2812, 568056.316800000029616 ] ] ] ] } },
{ "type": "Feature", "properties": { "buurtcode": "BU00861602", "buurtnaam": "Ureterp-Buorfinne", "pc6_codes": "9247BE, 9247BG, 9247BH, 9247BJ, 9247BL, 9247BN, 9247BP, 9247BR, 9247BS, 9247BT, 9247BV, 9247BZ, 9247DC, 9247DD, 9247DE, 9247DG, 9247DH, 9247DJ, 9247DK, 9247DL, 9247DM, 9247DN, 9247DP, 9247DR, 9247DS, 9247DT, 9247DV, 9247DW, 9247EA, 9247EB, 9247EC, 9247ED, 9247EE, 9247EG, 9247EH, 9247EJ, 9247EK, 9247EL, 9247EM, 9247ES, 9247WL", "wijkcode": "WK008616", "gemeentecode": "GM0086", "gemeentenaam": "Opsterland", "oppervlakteLandInHa": 51, "AantalInwoners_5": 1570, "Mannen_6": 760, "Vrouwen_7": 815, "HuishoudensTotaal_29": 655, "GemiddeldeHuishoudensgrootte_33": 2.2, "Woningvoorraad_35": 782, "NieuwbouwWoningen_36": 0, "NietWoningvoorraad_37": 21, "NieuwbouwNietWoningen_38": 0, "GemiddeldeWOZWaardeVanWoningen_39": null, "PercentageEengezinswoning_40": 74, "PercentageTussenwoningEengezins_41": 27, "PercentageHoekwoningEengezins_42": 17, "PercentageTweeOnderEenKapWoningEe_43": 18, "PercentageVrijstaandeWoningEengezins_44": 12, "PercentageMeergezinswoning_45": 26, "Koopwoningen_47": 58, "HuurwoningenTotaal_48": 42, "InBezitWoningcorporatie_49": 36, "InBezitOverigeVerhuurders_50": 5, "BouwjaarMeerDanTienJaarGeleden_51": 100, "BouwjaarAfgelopenTienJaar_52": 0, "GemiddeldeElektriciteitslevering_53": 2130, "GemiddeldeElektriciteitsteruglevering_54": 1080, "GemiddeldAardgasverbruik_55": 820, "AardgasvrijeWoningen_57": 4, "Aardgaswoningen_58": 89, "WoningenMetZonnestroom_59": 49, "WoningenHoofdzElektrVerwarmd_60": 10, "k_20PersonenMetHoogsteInkomen_80": 11.1, "k_20HuishoudensMetHoogsteInkomen_85": 12.2, "MediaanVermogenVanParticuliereHuish_86": 148.8, "PersonenautoSTotaal_104": 790, "PersonenautoSBrandstofBenzine_105": 630, "PersonenautoSOverigeBrandstof_106": 160, "PersonenautoSPerHuishouden_107": 1.2, "Omgevingsadressendichtheid_121": 542, "AantalInstallatiesBijWoningen_5": 304, "OpgesteldVermogenVanZonnepanelen_6": 1093, "installaties_per_woning": 0.38874680306905368, "vermogen_per_woning": 1.3976982097186701, "installaties_per_100_woningen": 38.874680306905368, "vermogen_per_huishouden": 1.668702290076336, "batterijdruk_score": 529.2, "koop_zon_score": 0.2842, "eengezins_zon_score": 0.3626, "betaalkracht_zon_score": 72.912, "overige_brandstof_zon_score": 78.4, "lichte_batterij_kansscore": 0.39599194541673588 }, "geometry": { "type": "MultiPolygon", "coordinates": [ [ [ [ 207175.230000000010477, 567857.491000000038184 ], [ 207183.388, 567855.773999999975786 ], [ 207182.4504, 567851.319200000027195 ], [ 207233.774, 567839.787499999976717 ], [ 207249.828, 567821.534100000048056 ], [ 207301.7655, 567814.585500000044703 ], [ 207304.1929, 567813.319999999948777 ], [ 207310.337, 567841.977900000056252 ], [ 207425.557, 567840.902299999957904 ], [ 207553.2047, 567806.187200000043958 ], [ 207558.6851, 567802.968699999968521 ], [ 207559.723300000012387, 567797.15749999997206 ], [ 207567.799300000013318, 567794.862700000056066 ], [ 207623.733799999987241, 567778.96840000001248 ], [ 207624.347, 567779.889500000048429 ], [ 207628.013199999986682, 567785.396900000050664 ], [ 207632.9389, 567787.535200000042096 ], [ 207694.4416, 567771.663500000024214 ], [ 207675.739, 567705.729500000015832 ], [ 207674.459, 567701.216999999945983 ], [ 207640.6869, 567579.94019999995362 ], [ 207623.328700000012759, 567519.113099999958649 ], [ 207617.8025, 567514.523599999956787 ], [ 207617.858, 567512.121000000042841 ], [ 207618.0121, 567505.449099999968894 ], [ 207607.1704, 567464.039899999974295 ], [ 207596.334800000011455, 567428.093 ], [ 207562.6483, 567317.8371 ], [ 207550.913, 567277.336800000048243 ], [ 207545.448800000012852, 567258.786399999982677 ], [ 207542.1288, 567245.2317 ], [ 207517.009, 567158.666500000050291 ], [ 207500.0018, 567103.0233 ], [ 207484.057999999989988, 567050.85930000001099 ], [ 207479.2592, 567035.158700000029057 ], [ 207476.937899999989895, 567035.230100000044331 ], [ 207345.4977, 567038.549600000027567 ], [ 207113.505, 567044.408500000019558 ], [ 207087.7379, 567045.24 ], [ 207043.00099999998929, 567047.62410000001546 ], [ 207002.3148, 567050.365899999975227 ], [ 206946.978299999987939, 567055.3874 ], [ 206924.163, 567057.7119 ], [ 206912.546899999986636, 567058.427200000034645 ], [ 206894.6164, 567058.069600000046194 ], [ 206882.769900000013877, 567056.758299999986775 ], [ 206882.769900000013877, 567063.516199999954551 ], [ 206906.434, 567167.106000000028871 ], [ 206969.5116, 567423.695500000030734 ], [ 207008.802399999985937, 567583.5244 ], [ 206934.3991, 567603.790700000012293 ], [ 206933.9315, 567607.711000000010245 ], [ 206939.8199, 567635.290900000021793 ], [ 206942.275, 567647.239500000025146 ], [ 206948.503999999986263, 567681.148000000044703 ], [ 206952.465, 567698.810000000055879 ], [ 206956.426, 567716.47199999995064 ], [ 206966.821999999985565, 567757.53000000002794 ], [ 206978.821999999985565, 567805.591999999945983 ], [ 206986.003, 567834.48499999998603 ], [ 206990.185399999987567, 567852.695100000011735 ], [ 207049.6998, 567836.430900000035763 ], [ 207052.3259, 567847.1886 ], [ 207107.85999999998603, 567844.432000000029802 ], [ 207130.579, 567843.856999999959953 ], [ 207134.49299999998766, 567858.96999999997206 ], [ 207175.230000000010477, 567857.491000000038184 ] ] ] ] } },
{ "type": "Feature", "properties": { "buurtcode": "BU00861603", "buurtnaam": "Ureterp-Gilden", "pc6_codes": "9247BW, 9247CW, 9247CX", "wijkcode": "WK008616", "gemeentecode": "GM0086", "gemeentenaam": "Opsterland", "oppervlakteLandInHa": 11, "AantalInwoners_5": 95, "Mannen_6": 50, "Vrouwen_7": 50, "HuishoudensTotaal_29": 35, "GemiddeldeHuishoudensgrootte_33": 2.8, "Woningvoorraad_35": 34, "NieuwbouwWoningen_36": 0, "NietWoningvoorraad_37": 16, "NieuwbouwNietWoningen_38": 0, "GemiddeldeWOZWaardeVanWoningen_39": 413, "PercentageEengezinswoning_40": 97, "PercentageTussenwoningEengezins_41": 0, "PercentageHoekwoningEengezins_42": 0, "PercentageTweeOnderEenKapWoningEe_43": 12, "PercentageVrijstaandeWoningEengezins_44": 85, "PercentageMeergezinswoning_45": 3, "Koopwoningen_47": 85, "HuurwoningenTotaal_48": 15, "InBezitWoningcorporatie_49": 6, "InBezitOverigeVerhuurders_50": 9, "BouwjaarMeerDanTienJaarGeleden_51": 97, "BouwjaarAfgelopenTienJaar_52": 3, "GemiddeldeElektriciteitslevering_53": 3860, "GemiddeldeElektriciteitsteruglevering_54": 2340, "GemiddeldAardgasverbruik_55": 990, "AardgasvrijeWoningen_57": null, "Aardgaswoningen_58": null, "WoningenMetZonnestroom_59": null, "WoningenHoofdzElektrVerwarmd_60": null, "k_20PersonenMetHoogsteInkomen_80": null, "k_20HuishoudensMetHoogsteInkomen_85": null, "MediaanVermogenVanParticuliereHuish_86": null, "PersonenautoSTotaal_104": 150, "PersonenautoSBrandstofBenzine_105": 95, "PersonenautoSOverigeBrandstof_106": 55, "PersonenautoSPerHuishouden_107": null, "Omgevingsadressendichtheid_121": 523, "AantalInstallatiesBijWoningen_5": 9, "OpgesteldVermogenVanZonnepanelen_6": 84, "installaties_per_woning": 0.26470588235294118, "vermogen_per_woning": 2.4705882352941178, "installaties_per_100_woningen": 26.47058823529412, "vermogen_per_huishouden": 2.4, "batterijdruk_score": null, "koop_zon_score": null, "eengezins_zon_score": null, "betaalkracht_zon_score": null, "overige_brandstof_zon_score": null, "lichte_batterij_kansscore": null }, "geometry": { "type": "MultiPolygon", "coordinates": [ [ [ [ 207926.480000000010477, 567901.31449999997858 ], [ 208038.104, 567898.207000000053085 ], [ 208069.261999999987893, 567897.214400000055321 ], [ 208086.195, 567896.675000000046566 ], [ 208139.1949, 567895.3051 ], [ 208121.179, 567834.944999999948777 ], [ 208110.435999999986961, 567799.091999999945983 ], [ 208105.78, 567783.554 ], [ 208101.233, 567768.378999999957159 ], [ 208096.609, 567752.912000000011176 ], [ 208091.904, 567737.167999999946915 ], [ 208086.196, 567718.067999999970198 ], [ 208080.366, 567698.560000000055879 ], [ 208074.53, 567679.030999999959022 ], [ 208068.954999999987194, 567660.074000000022352 ], [ 208063.19, 567640.322000000043772 ], [ 208057.424, 567620.59699999995064 ], [ 208028.636999999987893, 567523.285000000032596 ], [ 208027.3708, 567519.004599999985658 ], [ 207990.0883, 567531.51 ], [ 207963.74299999998766, 567537.017 ], [ 207950.026000000012573, 567540.160999999963678 ], [ 207918.621099999989383, 567550.55039999994915 ], [ 207829.1324, 567577.0960999999661 ], [ 207775.9469, 567591.666300000040792 ], [ 207727.215399999986403, 567603.600899999961257 ], [ 207729.35999999998603, 567611.12300000002142 ], [ 207730.63, 567615.57999999995809 ], [ 207744.691, 567664.922000000020489 ], [ 207745.715, 567667.987500000046566 ], [ 207743.5146, 567675.356999999959953 ], [ 207717.817000000010012, 567685.320900000049733 ], [ 207718.554, 567687.981000000028871 ], [ 207722.582, 567702.518999999971129 ], [ 207724.864, 567710.755 ], [ 207727.141, 567718.976000000024214 ], [ 207729.418, 567727.194999999948777 ], [ 207731.695, 567735.410999999963678 ], [ 207734.253, 567744.642 ], [ 207729.5583, 567745.964700000011362 ], [ 207730.852000000013504, 567750.616999999969266 ], [ 207732.698, 567757.255499999970198 ], [ 207734.394, 567763.354000000050291 ], [ 207737.595, 567774.866999999969266 ], [ 207741.405999999988126, 567789.275999999954365 ], [ 207743.965, 567798.566 ], [ 207746.245, 567806.841000000014901 ], [ 207748.497, 567815.01300000003539 ], [ 207750.782, 567823.304 ], [ 207753.030999999988126, 567831.466999999945983 ], [ 207755.522, 567840.506000000052154 ], [ 207750.443, 567841.932000000029802 ], [ 207755.435999999986961, 567860.555999999982305 ], [ 207757.7982, 567869.367199999978766 ], [ 207767.854, 567866.758999999961816 ], [ 207780.777, 567863.449999999953434 ], [ 207792.247, 567860.51300000003539 ], [ 207801.011999999987893, 567858.268000000040047 ], [ 207801.147999999986496, 567858.734000000054948 ], [ 207802.364, 567858.452999999979511 ], [ 207829.372, 567852.133999999961816 ], [ 207847.3449, 567847.702000000048429 ], [ 207851.8518, 567862.621399999945424 ], [ 207883.4, 567855.949999999953434 ], [ 207902.29680000001099, 567852.399100000038743 ], [ 207917.119799999985844, 567901.471600000048056 ], [ 207926.480000000010477, 567901.31449999997858 ] ] ] ] } },
{ "type": "Feature", "properties": { "buurtcode": "BU00861604", "buurtnaam": "Ureterp-De Ekers", "pc6_codes": "9247AB, 9247AC, 9247AD, 9247AE, 9247AG, 9247AH, 9247AM, 9247AN, 9247AP, 9247AR, 9247AS, 9247AT, 9247AV, 9247AW, 9247AZ", "wijkcode": "WK008616", "gemeentecode": "GM0086", "gemeentenaam": "Opsterland", "oppervlakteLandInHa": 11, "AantalInwoners_5": 520, "Mannen_6": 250, "Vrouwen_7": 275, "HuishoudensTotaal_29": 225, "GemiddeldeHuishoudensgrootte_33": 2.3, "Woningvoorraad_35": 234, "NieuwbouwWoningen_36": 0, "NietWoningvoorraad_37": 14, "NieuwbouwNietWoningen_38": 0, "GemiddeldeWOZWaardeVanWoningen_39": 238, "PercentageEengezinswoning_40": 89, "PercentageTussenwoningEengezins_41": 18, "PercentageHoekwoningEengezins_42": 10, "PercentageTweeOnderEenKapWoningEe_43": 34, "PercentageVrijstaandeWoningEengezins_44": 27, "PercentageMeergezinswoning_45": 11, "Koopwoningen_47": 47, "HuurwoningenTotaal_48": 53, "InBezitWoningcorporatie_49": 48, "InBezitOverigeVerhuurders_50": 5, "BouwjaarMeerDanTienJaarGeleden_51": 99, "BouwjaarAfgelopenTienJaar_52": 1, "GemiddeldeElektriciteitslevering_53": 2280, "GemiddeldeElektriciteitsteruglevering_54": 960, "GemiddeldAardgasverbruik_55": 990, "AardgasvrijeWoningen_57": 2, "Aardgaswoningen_58": 91, "WoningenMetZonnestroom_59": 57, "WoningenHoofdzElektrVerwarmd_60": 9, "k_20PersonenMetHoogsteInkomen_80": 6.3, "k_20HuishoudensMetHoogsteInkomen_85": 9.0, "MediaanVermogenVanParticuliereHuish_86": 38.1, "PersonenautoSTotaal_104": 300, "PersonenautoSBrandstofBenzine_105": 245, "PersonenautoSOverigeBrandstof_106": 55, "PersonenautoSPerHuishouden_107": 1.3, "Omgevingsadressendichtheid_121": 549, "AantalInstallatiesBijWoningen_5": 75, "OpgesteldVermogenVanZonnepanelen_6": 219, "installaties_per_woning": 0.32051282051282054, "vermogen_per_woning": 0.9358974358974359, "installaties_per_100_woningen": 32.051282051282051, "vermogen_per_huishouden": 0.97333333333333338, "batterijdruk_score": 547.2, "koop_zon_score": 0.2679, "eengezins_zon_score": 0.5073, "betaalkracht_zon_score": 21.717, "overige_brandstof_zon_score": 31.35, "lichte_batterij_kansscore": 0.41467607322834504 }, "geometry": { "type": "MultiPolygon", "coordinates": [ [ [ [ 207148.379500000010012, 568212.243000000016764 ], [ 207174.347, 568205.72199999995064 ], [ 207219.025, 568187.670999999972992 ], [ 207239.6215, 568178.942999999970198 ], [ 207278.081, 568162.511000000056811 ], [ 207296.832499999989523, 568156.2365 ], [ 207353.9735, 568141.82550000003539 ], [ 207363.958099999988917, 568139.0967 ], [ 207375.229, 568141.050999999977648 ], [ 207386.4999, 568143.005299999960698 ], [ 207399.51, 568143.34250000002794 ], [ 207417.835, 568143.8175 ], [ 207435.7171, 568140.998299999977462 ], [ 207457.008, 568136.025499999988824 ], [ 207463.60999999998603, 568134.483499999972992 ], [ 207533.166999999986729, 568117.896500000031665 ], [ 207560.861, 568111.216499999980442 ], [ 207637.886, 568092.378000000026077 ], [ 207658.503999999986263, 568087.598 ], [ 207756.574499999987893, 568063.510499999974854 ], [ 207762.725100000010571, 568061.424400000018068 ], [ 207766.769900000013877, 568065.434699999983422 ], [ 207771.0424, 568071.032800000044517 ], [ 207800.6175, 568066.8225 ], [ 207810.312, 568066.062999999965541 ], [ 207820.169499999989057, 568067.131500000017695 ], [ 207824.592, 568067.175000000046566 ], [ 207830.122, 568065.731999999959953 ], [ 207835.227000000013504, 568063.17000000004191 ], [ 207842.0245, 568061.037499999976717 ], [ 207860.034000000014203, 568057.310999999986961 ], [ 207867.2015, 568056.4595 ], [ 207870.916, 568056.233 ], [ 207881.6157, 568054.852300000027753 ], [ 207896.565, 568052.307000000029802 ], [ 207901.053699999989476, 568050.816800000029616 ], [ 207870.089100000011967, 567942.999399999971502 ], [ 207866.9738, 567943.597500000032596 ], [ 207828.78959999998915, 567950.928700000047684 ], [ 207830.682999999989988, 567957.677999999956228 ], [ 207829.342899999988731, 567957.769100000034086 ], [ 207821.020500000013271, 567959.03000000002794 ], [ 207817.553000000014435, 567958.889500000048429 ], [ 207812.2549, 567959.1655 ], [ 207799.9325, 567958.893000000040047 ], [ 207793.022399999987101, 567958.245899999979883 ], [ 207779.823, 567958.587000000057742 ], [ 207778.024, 567958.192999999970198 ], [ 207773.682, 567958.505 ], [ 207762.096, 567959.336000000010245 ], [ 207751.481999999989057, 567960.098 ], [ 207742.327, 567960.755 ], [ 207741.548, 567960.810999999986961 ], [ 207734.712, 567963.682999999960884 ], [ 207708.247, 567964.819000000017695 ], [ 207698.37400000001071, 567965.268000000040047 ], [ 207676.397, 567966.268000000040047 ], [ 207676.93, 567967.435000000055879 ], [ 207664.38200000001234, 567968.148999999975786 ], [ 207663.146, 567953.064000000013039 ], [ 207622.897, 567956.116999999969266 ], [ 207616.404, 567956.609000000054948 ], [ 207614.956, 567956.559 ], [ 207612.1325, 567956.461499999975786 ], [ 207605.7407, 567934.065900000045076 ], [ 207597.002, 567936.560000000055879 ], [ 207589.546, 567938.687999999965541 ], [ 207589.980000000010477, 567940.593 ], [ 207585.992, 567941.790000000037253 ], [ 207587.519999999989523, 567946.97199999995064 ], [ 207586.634, 567949.538999999989755 ], [ 207587.169, 567951.393000000040047 ], [ 207576.291, 567954.272 ], [ 207577.445, 567958.386000000056811 ], [ 207573.051, 567959.810000000055879 ], [ 207564.827, 567962.030999999959022 ], [ 207562.62, 567953.947000000043772 ], [ 207560.480699999985518, 567946.189800000051036 ], [ 207535.835, 567950.866000000038184 ], [ 207521.473, 567953.591000000014901 ], [ 207520.122, 567948.59699999995064 ], [ 207500.2238, 567954.143999999971129 ], [ 207497.113099999987753, 567942.4227 ], [ 207494.855000000010477, 567943.118999999947846 ], [ 207480.46, 567947.557999999960884 ], [ 207481.297, 567952.233 ], [ 207473.114, 567954.135 ], [ 207472.685999999986961, 567952.76300000003539 ], [ 207467.016, 567954.157 ], [ 207461.305, 567955.550000000046566 ], [ 207455.416, 567956.974000000045635 ], [ 207456.891, 567962.64000000001397 ], [ 207411.946999999985565, 567975.24800000002142 ], [ 207415.353, 567988.40500000002794 ], [ 207394.978, 567993.231999999959953 ], [ 207379.945, 567997.305000000051223 ], [ 207367.628, 568000.625 ], [ 207352.525, 568004.694999999948777 ], [ 207345.74299999998766, 568006.432000000029802 ], [ 207338.693, 568008.091999999945983 ], [ 207330.1655, 568007.724000000045635 ], [ 207310.294, 568010.566499999957159 ], [ 207226.49, 568024.597500000032596 ], [ 207221.172, 568025.417499999981374 ], [ 207147.302, 568036.7805 ], [ 207124.084800000011455, 568041.3358 ], [ 207076.4712, 568046.876200000056997 ], [ 207077.666, 568052.023000000044703 ], [ 207084.098999999987427, 568079.73499999998603 ], [ 207092.354, 568077.799 ], [ 207094.738000000012107, 568087.922000000020489 ], [ 207096.843, 568096.865 ], [ 207097.11799999998766, 568098.033000000054017 ], [ 207099.50099999998929, 568108.15500000002794 ], [ 207101.46, 568116.476000000024214 ], [ 207103.865, 568118.172999999951571 ], [ 207107.785, 568134.481000000028871 ], [ 207111.394999999989523, 568149.5 ], [ 207114.638, 568163.961000000010245 ], [ 207118.424999999988358, 568179.616999999969266 ], [ 207102.846, 568183.128000000026077 ], [ 207103.745, 568186.98699999996461 ], [ 207111.87599999998929, 568220.92449999996461 ], [ 207148.379500000010012, 568212.243000000016764 ] ] ] ] } },
{ "type": "Feature", "properties": { "buurtcode": "BU00861605", "buurtnaam": "Ureterp-Fûgelliet", "pc6_codes": "9247AA, 9247AM, 9247AV, 9247BA, 9247CS, 9247GA, 9247GB, 9247GC, 9247GD, 9247GE, 9247GG, 9247GH, 9247GJ, 9247GK, 9247GL, 9247GM, 9247GN, 9247GP, 9247GR, 9247GS, 9247GT, 9247GV, 9247GW, 9247GX, 9247GZ", "wijkcode": "WK008616", "gemeentecode": "GM0086", "gemeentenaam": "Opsterland", "oppervlakteLandInHa": 41, "AantalInwoners_5": 1185, "Mannen_6": 565, "Vrouwen_7": 615, "HuishoudensTotaal_29": 415, "GemiddeldeHuishoudensgrootte_33": 2.8, "Woningvoorraad_35": 421, "NieuwbouwWoningen_36": 3, "NietWoningvoorraad_37": 5, "NieuwbouwNietWoningen_38": 0, "GemiddeldeWOZWaardeVanWoningen_39": 407, "PercentageEengezinswoning_40": 97, "PercentageTussenwoningEengezins_41": 8, "PercentageHoekwoningEengezins_42": 7, "PercentageTweeOnderEenKapWoningEe_43": 36, "PercentageVrijstaandeWoningEengezins_44": 46, "PercentageMeergezinswoning_45": 3, "Koopwoningen_47": 90, "HuurwoningenTotaal_48": 10, "InBezitWoningcorporatie_49": 9, "InBezitOverigeVerhuurders_50": 2, "BouwjaarMeerDanTienJaarGeleden_51": 80, "BouwjaarAfgelopenTienJaar_52": 20, "GemiddeldeElektriciteitslevering_53": 3180, "GemiddeldeElektriciteitsteruglevering_54": 2040, "GemiddeldAardgasverbruik_55": 830, "AardgasvrijeWoningen_57": 12, "Aardgaswoningen_58": 76, "WoningenMetZonnestroom_59": 74, "WoningenHoofdzElektrVerwarmd_60": 21, "k_20PersonenMetHoogsteInkomen_80": 21.4, "k_20HuishoudensMetHoogsteInkomen_85": 33.0, "MediaanVermogenVanParticuliereHuish_86": 300.4, "PersonenautoSTotaal_104": 600, "PersonenautoSBrandstofBenzine_105": 430, "PersonenautoSOverigeBrandstof_106": 175, "PersonenautoSPerHuishouden_107": 1.4, "Omgevingsadressendichtheid_121": 515, "AantalInstallatiesBijWoningen_5": 267, "OpgesteldVermogenVanZonnepanelen_6": 1127, "installaties_per_woning": 0.63420427553444181, "vermogen_per_woning": 2.6769596199524939, "installaties_per_100_woningen": 63.420427553444178, "vermogen_per_huishouden": 2.7156626506024097, "batterijdruk_score": 1509.6, "koop_zon_score": 0.666, "eengezins_zon_score": 0.7178, "betaalkracht_zon_score": 222.296, "overige_brandstof_zon_score": 129.5, "lichte_batterij_kansscore": 0.58396224008310482 }, "geometry": { "type": "MultiPolygon", "coordinates": [ [ [ [ 208112.0875, 568563.777400000020862 ], [ 208090.9975, 568496.712500000023283 ], [ 208069.131499999988591, 568423.75269999995362 ], [ 208064.6221, 568406.461200000019744 ], [ 208064.4206000000122, 568392.043199999956414 ], [ 208069.2826, 568377.524500000057742 ], [ 208077.9487, 568359.880099999951199 ], [ 208080.4049, 568344.800500000012107 ], [ 208078.125, 568331.069400000036694 ], [ 208065.8794, 568286.596400000038557 ], [ 208060.8358, 568269.101600000052713 ], [ 208034.214700000011362, 568176.759899999946356 ], [ 208023.882600000011735, 568157.631199999945238 ], [ 208014.3635, 568148.022 ], [ 207997.996699999988778, 568137.487199999974109 ], [ 207982.880899999989197, 568129.455700000049546 ], [ 207970.870400000014342, 568109.151599999982864 ], [ 207966.0884, 568093.990899999975227 ], [ 207951.180400000012014, 568046.727199999964796 ], [ 207933.029, 568052.091999999945983 ], [ 207926.64069999998901, 568054.1322 ], [ 207919.1714, 568055.771900000050664 ], [ 207915.2812, 568056.316800000029616 ], [ 207908.6677, 568056.84230000001844 ], [ 207906.515099999989616, 568055.192099999985658 ], [ 207904.664500000013504, 568049.618000000016764 ], [ 207901.053699999989476, 568050.816800000029616 ], [ 207896.565, 568052.307000000029802 ], [ 207881.6157, 568054.852300000027753 ], [ 207870.916, 568056.233 ], [ 207867.2015, 568056.4595 ], [ 207860.034000000014203, 568057.310999999986961 ], [ 207842.0245, 568061.037499999976717 ], [ 207835.227000000013504, 568063.17000000004191 ], [ 207830.122, 568065.731999999959953 ], [ 207824.592, 568067.175000000046566 ], [ 207820.169499999989057, 568067.131500000017695 ], [ 207810.312, 568066.062999999965541 ], [ 207800.6175, 568066.8225 ], [ 207771.0424, 568071.032800000044517 ], [ 207766.769900000013877, 568065.434699999983422 ], [ 207762.725100000010571, 568061.424400000018068 ], [ 207756.574499999987893, 568063.510499999974854 ], [ 207658.503999999986263, 568087.598 ], [ 207637.886, 568092.378000000026077 ], [ 207560.861, 568111.216499999980442 ], [ 207533.166999999986729, 568117.896500000031665 ], [ 207463.60999999998603, 568134.483499999972992 ], [ 207457.008, 568136.025499999988824 ], [ 207435.7171, 568140.998299999977462 ], [ 207417.835, 568143.8175 ], [ 207399.51, 568143.34250000002794 ], [ 207386.4999, 568143.005299999960698 ], [ 207375.229, 568141.050999999977648 ], [ 207363.958099999988917, 568139.0967 ], [ 207353.9735, 568141.82550000003539 ], [ 207296.832499999989523, 568156.2365 ], [ 207278.081, 568162.511000000056811 ], [ 207239.6215, 568178.942999999970198 ], [ 207219.025, 568187.670999999972992 ], [ 207174.347, 568205.72199999995064 ], [ 207148.379500000010012, 568212.243000000016764 ], [ 207111.87599999998929, 568220.92449999996461 ], [ 207103.745, 568186.98699999996461 ], [ 207102.846, 568183.128000000026077 ], [ 207118.424999999988358, 568179.616999999969266 ], [ 207114.638, 568163.961000000010245 ], [ 207111.394999999989523, 568149.5 ], [ 207107.785, 568134.481000000028871 ], [ 207103.865, 568118.172999999951571 ], [ 207101.46, 568116.476000000024214 ], [ 207099.50099999998929, 568108.15500000002794 ], [ 207097.11799999998766, 568098.033000000054017 ], [ 207096.843, 568096.865 ], [ 207094.738000000012107, 568087.922000000020489 ], [ 207092.354, 568077.799 ], [ 207084.098999999987427, 568079.73499999998603 ], [ 207077.666, 568052.023000000044703 ], [ 207076.4712, 568046.876200000056997 ], [ 207059.4707, 568049.129900000058115 ], [ 207045.5277, 567992.674600000027567 ], [ 207043.8065, 567951.742500000051223 ], [ 207043.3125, 567937.613999999943189 ], [ 207043.056699999986449, 567930.298300000024028 ], [ 207006.8595, 567932.188500000047497 ], [ 206908.1006, 567935.659600000013597 ], [ 206910.299, 567945.196 ], [ 206911.074, 567948.680000000051223 ], [ 206913.314000000013039, 567958.761000000056811 ], [ 206924.427, 568008.95499999995809 ], [ 206924.009499999985565, 568008.9828 ], [ 206928.0535, 568041.286500000045635 ], [ 206929.25, 568052.913999999989755 ], [ 206930.8285, 568062.630499999970198 ], [ 206931.894999999989523, 568068.674 ], [ 206959.1965, 568211.435999999986961 ], [ 206972.482500000012806, 568284.103 ], [ 206991.191, 568383.334000000031665 ], [ 206992.212, 568389.961000000010245 ], [ 207005.509, 568460.150999999954365 ], [ 207018.8401, 568530.197999999974854 ], [ 207019.602000000013504, 568533.826 ], [ 207026.169, 568566.814999999944121 ], [ 207154.174999999988358, 568550.299 ], [ 207162.018699999985984, 568548.383000000030734 ], [ 207154.7837, 568519.627199999988079 ], [ 207230.243500000011409, 568517.146500000031665 ], [ 207295.50700000001234, 568515.001000000047497 ], [ 207285.543, 568473.300999999977648 ], [ 207365.69, 568454.584999999962747 ], [ 207457.576, 568433.125 ], [ 207476.5384, 568427.45519999996759 ], [ 207490.6564, 568421.673700000043027 ], [ 207505.668, 568407.011399999959394 ], [ 207517.1236, 568395.822200000053272 ], [ 207524.35930000001099, 568394.152499999967404 ], [ 207530.394, 568416.952000000048429 ], [ 207547.551, 568481.778999999980442 ], [ 207552.833099999988917, 568500.6261 ], [ 207559.214, 568498.941 ], [ 207568.393000000010943, 568496.517 ], [ 207565.776000000012573, 568487.148999999975786 ], [ 207598.290199999988545, 568478.534899999969639 ], [ 207599.473999999987427, 568482.6078 ], [ 207645.954999999987194, 568470.246000000042841 ], [ 207653.365, 568468.275999999954365 ], [ 207673.397, 568462.947999999974854 ], [ 207693.458000000013271, 568457.613000000012107 ], [ 207713.431000000011409, 568452.185999999986961 ], [ 207733.367, 568446.951 ], [ 207750.668, 568441.309 ], [ 207782.114299999986542, 568432.745299999951385 ], [ 207863.419, 568410.603800000040792 ], [ 207844.738000000012107, 568345.464000000036322 ], [ 207936.729, 568323.829000000027008 ], [ 207979.179, 568462.119500000029802 ], [ 208019.1421, 568592.308199999970384 ], [ 208112.0875, 568563.777400000020862 ] ] ] ] } },
{ "type": "Feature", "properties": { "buurtcode": "BU00861606", "buurtnaam": "Ureterp-Drachten-Azeven", "pc6_codes": "9207HA, 9207HB, 9207HC, 9207HD, 9207HE, 9207HG", "wijkcode": "WK008616", "gemeentecode": "GM0086", "gemeentenaam": "Opsterland", "oppervlakteLandInHa": 69, "AantalInwoners_5": 0, "Mannen_6": 0, "Vrouwen_7": 0, "HuishoudensTotaal_29": 0, "GemiddeldeHuishoudensgrootte_33": null, "Woningvoorraad_35": 0, "NieuwbouwWoningen_36": 0, "NietWoningvoorraad_37": 41, "NieuwbouwNietWoningen_38": 0, "GemiddeldeWOZWaardeVanWoningen_39": null, "PercentageEengezinswoning_40": null, "PercentageTussenwoningEengezins_41": null, "PercentageHoekwoningEengezins_42": null, "PercentageTweeOnderEenKapWoningEe_43": null, "PercentageVrijstaandeWoningEengezins_44": null, "PercentageMeergezinswoning_45": null, "Koopwoningen_47": null, "HuurwoningenTotaal_48": null, "InBezitWoningcorporatie_49": null, "InBezitOverigeVerhuurders_50": null, "BouwjaarMeerDanTienJaarGeleden_51": null, "BouwjaarAfgelopenTienJaar_52": null, "GemiddeldeElektriciteitslevering_53": null, "GemiddeldeElektriciteitsteruglevering_54": null, "GemiddeldAardgasverbruik_55": null, "AardgasvrijeWoningen_57": null, "Aardgaswoningen_58": null, "WoningenMetZonnestroom_59": null, "WoningenHoofdzElektrVerwarmd_60": null, "k_20PersonenMetHoogsteInkomen_80": null, "k_20HuishoudensMetHoogsteInkomen_85": null, "MediaanVermogenVanParticuliereHuish_86": null, "PersonenautoSTotaal_104": 55, "PersonenautoSBrandstofBenzine_105": 10, "PersonenautoSOverigeBrandstof_106": 45, "PersonenautoSPerHuishouden_107": null, "Omgevingsadressendichtheid_121": 179, "AantalInstallatiesBijWoningen_5": 0, "OpgesteldVermogenVanZonnepanelen_6": 0, "installaties_per_woning": null, "vermogen_per_woning": null, "installaties_per_100_woningen": null, "vermogen_per_huishouden": null, "batterijdruk_score": null, "koop_zon_score": null, "eengezins_zon_score": null, "betaalkracht_zon_score": null, "overige_brandstof_zon_score": null, "lichte_batterij_kansscore": null }, "geometry": { "type": "MultiPolygon", "coordinates": [ [ [ [ 204874.877, 568714.189999999944121 ], [ 204887.715999999985797, 568713.912000000011176 ], [ 204903.904, 568712.517 ], [ 204923.747, 568711.368999999947846 ], [ 204931.074, 568710.582000000053085 ], [ 204939.877, 568709.586000000010245 ], [ 204943.367, 568709.064999999944121 ], [ 204950.397, 568708.018000000040047 ], [ 204957.536, 568706.951 ], [ 204962.674, 568706.170999999972992 ], [ 204968.421, 568705.253999999957159 ], [ 204975.508, 568704.020999999949709 ], [ 204984.763, 568702.310999999986961 ], [ 204998.918, 568699.79500000004191 ], [ 205014.097, 568697.138999999966472 ], [ 205031.373, 568693.973 ], [ 205051.511, 568689.99800000002142 ], [ 205076.913, 568684.302000000025146 ], [ 205090.223999999987427, 568680.273000000044703 ], [ 205100.28, 568676.636000000056811 ], [ 205113.119, 568671.287999999942258 ], [ 205125.538999999989755, 568664.738999999943189 ], [ 205136.835, 568657.49800000002142 ], [ 205148.1, 568649.613000000012107 ], [ 205160.112, 568640.310000000055879 ], [ 205171.6, 568630.549 ], [ 205180.457, 568622.317999999970198 ], [ 205192.488000000012107, 568610.067000000039116 ], [ 205202.401000000012573, 568598.910000000032596 ], [ 205211.839, 568587.177999999956228 ], [ 205222.169, 568572.883999999961816 ], [ 205231.567000000010012, 568558.229000000050291 ], [ 205236.801, 568549.211000000010245 ], [ 205254.365, 568512.37300000002142 ], [ 205270.19, 568471.415000000037253 ], [ 205278.731, 568447.212000000057742 ], [ 205287.878, 568418.983 ], [ 205294.408, 568396.76500000001397 ], [ 205299.147999999986496, 568380.638999999966472 ], [ 205305.855000000010477, 568352.579000000027008 ], [ 205313.366, 568318.089000000036322 ], [ 205314.64000000001397, 568310.979999999981374 ], [ 205315.958000000013271, 568308.64000000001397 ], [ 205316.932999999989988, 568304.26300000003539 ], [ 205318.521, 568297.113000000012107 ], [ 205323.533, 568274.564999999944121 ], [ 205327.72, 568253.337000000057742 ], [ 205331.702, 568227.67000000004191 ], [ 205335.663999999989755, 568200.577000000048429 ], [ 205340.037000000011176, 568162.343 ], [ 205342.087, 568144.417000000015832 ], [ 205342.938, 568134.937999999965541 ], [ 205344.622, 568115.049 ], [ 205345.848999999987427, 568097.202000000048429 ], [ 205346.746000000013737, 568073.34499999997206 ], [ 205347.351, 568057.506000000052154 ], [ 205348.155, 568036.505 ], [ 205348.995, 568011.04500000004191 ], [ 205349.756, 567987.184 ], [ 205350.269, 567969.488999999943189 ], [ 205350.674999999988358, 567952.258000000030734 ], [ 205351.076, 567935.268999999971129 ], [ 205351.6, 567913.060000000055879 ], [ 205353.01500000001397, 567882.09699999995064 ], [ 205353.557999999989988, 567871.25199999997858 ], [ 205354.829999999987194, 567845.792000000015832 ], [ 205356.36799999998766, 567826.866999999969266 ], [ 205358.177, 567806.74800000002142 ], [ 205360.209, 567784.116000000038184 ], [ 205362.287000000011176, 567765.123999999952503 ], [ 205365.495, 567741.866000000038184 ], [ 205369.344000000011874, 567713.949999999953434 ], [ 205372.439000000013039, 567691.493999999947846 ], [ 205380.10999999998603, 567656.429 ], [ 205385.594000000011874, 567630.462999999988824 ], [ 205388.462, 567614.334999999962747 ], [ 205397.668, 567578.949000000022352 ], [ 205348.747, 567572.834000000031665 ], [ 205335.405999999988126, 567569.5 ], [ 205325.954, 567565.60999999998603 ], [ 205293.157, 567551.712999999988824 ], [ 205268.14000000001397, 567540.59699999995064 ], [ 205222.0, 567520.032 ], [ 205196.98499999998603, 567585.62 ], [ 205155.846, 567568.944000000017695 ], [ 205152.178000000014435, 567576.413999999989755 ], [ 205134.465999999985797, 567621.508999999961816 ], [ 205116.049, 567666.366999999969266 ], [ 205098.248, 567712.501000000047497 ], [ 204850.54, 567617.184 ], [ 204812.139, 567707.920999999972992 ], [ 204790.65, 567760.099000000045635 ], [ 204780.97, 567782.055999999982305 ], [ 204746.728, 567864.691 ], [ 204716.74, 567937.643000000040047 ], [ 204699.975, 567976.837000000057742 ], [ 204649.913, 568093.941 ], [ 204588.516, 568241.26500000001397 ], [ 204559.945, 568309.734000000054948 ], [ 204556.403, 568321.066 ], [ 204542.23499999998603, 568353.175000000046566 ], [ 204510.12, 568429.199000000022352 ], [ 204477.921, 568506.052000000025146 ], [ 204459.6575, 568549.647899999981746 ], [ 204549.473, 568606.155999999959022 ], [ 204627.748, 568653.709000000031665 ], [ 204668.097, 568679.12300000002142 ], [ 204673.776000000012573, 568682.702000000048429 ], [ 204682.219000000011874, 568687.628000000026077 ], [ 204689.802, 568691.557000000029802 ], [ 204697.666, 568695.24800000002142 ], [ 204705.728, 568698.307999999960884 ], [ 204714.807, 568701.011999999987893 ], [ 204722.877, 568703.285999999963678 ], [ 204730.318999999988591, 568705.692999999970198 ], [ 204737.256, 568707.915999999968335 ], [ 204744.177, 568710.028999999980442 ], [ 204750.348999999987427, 568711.160000000032596 ], [ 204755.522, 568711.452000000048429 ], [ 204760.649, 568711.824000000022352 ], [ 204766.028, 568712.272 ], [ 204771.657, 568712.606999999959953 ], [ 204776.907, 568712.756999999983236 ], [ 204782.046, 568712.73499999998603 ], [ 204787.154, 568712.856000000028871 ], [ 204791.903, 568713.074000000022352 ], [ 204794.587, 568713.353899999987334 ], [ 204797.566, 568713.354000000050291 ], [ 204798.404, 568713.074999999953434 ], [ 204800.358, 568713.354000000050291 ], [ 204803.987, 568714.189999999944121 ], [ 204807.056000000011409, 568714.74800000002142 ], [ 204809.01, 568714.74800000002142 ], [ 204809.57, 568714.74800000002142 ], [ 204811.801, 568714.74800000002142 ], [ 204815.708000000013271, 568714.74800000002142 ], [ 204819.337, 568714.74800000002142 ], [ 204820.733, 568714.74800000002142 ], [ 204822.965999999985797, 568715.02800000004936 ], [ 204826.593, 568715.02800000004936 ], [ 204827.989, 568715.02800000004936 ], [ 204830.78, 568715.02800000004936 ], [ 204835.805, 568715.02800000004936 ], [ 204843.339, 568715.02800000004936 ], [ 204850.875, 568715.02800000004936 ], [ 204858.691, 568715.02800000004936 ], [ 204866.505, 568715.02800000004936 ], [ 204874.877, 568714.189999999944121 ] ] ] ] } },
{ "type": "Feature", "properties": { "buurtcode": "BU00861607", "buurtnaam": "Ureterp-Buitengebied", "pc6_codes": "9247AX, 9247BB, 9247BX, 9247CA, 9247CB, 9247CC, 9247CD, 9247CE, 9247CH, 9247CJ, 9247CK, 9247CL, 9247CM, 9247CN, 9247CP, 9247CR, 9247CS, 9247CT, 9247CV, 9247CW, 9247CZ, 9247GT, 9247SE, 9247TM, 9247TS, 9247TT, 9247WK, 9247WL, 9247WN", "wijkcode": "WK008616", "gemeentecode": "GM0086", "gemeentenaam": "Opsterland", "oppervlakteLandInHa": 2375, "AantalInwoners_5": 1015, "Mannen_6": 555, "Vrouwen_7": 460, "HuishoudensTotaal_29": 380, "GemiddeldeHuishoudensgrootte_33": 2.6, "Woningvoorraad_35": 400, "NieuwbouwWoningen_36": 2, "NietWoningvoorraad_37": 29, "NieuwbouwNietWoningen_38": 0, "GemiddeldeWOZWaardeVanWoningen_39": 455, "PercentageEengezinswoning_40": 93, "PercentageTussenwoningEengezins_41": 0, "PercentageHoekwoningEengezins_42": 0, "PercentageTweeOnderEenKapWoningEe_43": 4, "PercentageVrijstaandeWoningEengezins_44": 90, "PercentageMeergezinswoning_45": 7, "Koopwoningen_47": 84, "HuurwoningenTotaal_48": 16, "InBezitWoningcorporatie_49": 5, "InBezitOverigeVerhuurders_50": 12, "BouwjaarMeerDanTienJaarGeleden_51": 92, "BouwjaarAfgelopenTienJaar_52": 8, "GemiddeldeElektriciteitslevering_53": 3580, "GemiddeldeElektriciteitsteruglevering_54": 1850, "GemiddeldAardgasverbruik_55": 1200, "AardgasvrijeWoningen_57": 5, "Aardgaswoningen_58": 77, "WoningenMetZonnestroom_59": 50, "WoningenHoofdzElektrVerwarmd_60": 16, "k_20PersonenMetHoogsteInkomen_80": 18.2, "k_20HuishoudensMetHoogsteInkomen_85": 32.8, "MediaanVermogenVanParticuliereHuish_86": 406.4, "PersonenautoSTotaal_104": 535, "PersonenautoSBrandstofBenzine_105": 380, "PersonenautoSOverigeBrandstof_106": 155, "PersonenautoSPerHuishouden_107": 1.4, "Omgevingsadressendichtheid_121": 118, "AantalInstallatiesBijWoningen_5": 124, "OpgesteldVermogenVanZonnepanelen_6": 692, "installaties_per_woning": 0.31, "vermogen_per_woning": 1.73, "installaties_per_100_woningen": 31.0, "vermogen_per_huishouden": 1.8210526315789475, "batterijdruk_score": 925.0, "koop_zon_score": 0.42, "eengezins_zon_score": 0.465, "betaalkracht_zon_score": 203.2, "overige_brandstof_zon_score": 77.5, "lichte_batterij_kansscore": 0.51012594531871103 }, "geometry": { "type": "MultiPolygon", "coordinates": [ [ [ [ 208523.519, 571566.964999999967404 ], [ 208533.875, 571551.51500000001397 ], [ 208535.545000000012806, 571549.023000000044703 ], [ 208555.0, 571520.0 ], [ 208590.0, 571455.0 ], [ 208592.565, 571452.209000000031665 ], [ 208592.636, 571452.131000000052154 ], [ 208603.87599999998929, 571439.90300000004936 ], [ 208718.50099999998929, 571315.184 ], [ 208734.579999999987194, 571297.689999999944121 ], [ 208728.642, 571292.050000000046566 ], [ 208724.006, 571287.647 ], [ 208710.115, 571274.454000000027008 ], [ 208710.128, 571274.441 ], [ 208712.804, 571271.62300000002142 ], [ 208716.247, 571267.99800000002142 ], [ 208777.018000000010943, 571204.013999999966472 ], [ 208795.064000000013039, 571185.013999999966472 ], [ 208795.443999999988591, 571184.613999999943189 ], [ 208814.575000000011642, 571164.47199999995064 ], [ 208827.326, 571151.047000000020489 ], [ 208830.435, 571147.773999999975786 ], [ 208831.721, 571146.42000000004191 ], [ 208931.723, 571040.84699999995064 ], [ 208938.652899999986403, 571033.531899999943562 ], [ 208770.696, 570465.888999999966472 ], [ 208944.38, 570455.628000000026077 ], [ 208852.106, 570149.85999999998603 ], [ 208799.676, 569976.125 ], [ 208748.503999999986263, 569802.182000000029802 ], [ 209249.445, 569678.816 ], [ 208757.738000000012107, 568084.594000000040978 ], [ 209265.438, 567931.03000000002794 ], [ 209232.603, 567828.48699999996461 ], [ 209233.268000000010943, 567793.145999999949709 ], [ 209177.616, 567611.555999999982305 ], [ 208991.810999999986961, 566978.459000000031665 ], [ 208800.96, 566326.70499999995809 ], [ 209124.69, 565220.47199999995064 ], [ 209085.087999999988824, 565185.343 ], [ 209030.454, 565125.0 ], [ 208963.049999999988358, 565068.209999999962747 ], [ 208903.449, 565029.875 ], [ 208859.459, 565007.158000000054017 ], [ 208785.670000000012806, 564978.054 ], [ 208716.136999999987893, 564951.785999999963678 ], [ 208622.478, 564909.90300000004936 ], [ 208596.935, 564885.767 ], [ 208564.296, 564831.104999999981374 ], [ 208530.24, 564799.158999999985099 ], [ 208502.568, 564784.961000000010245 ], [ 208440.839, 564759.40500000002794 ], [ 208366.337999999988824, 564732.427999999956228 ], [ 208298.223999999987427, 564712.550999999977648 ], [ 208227.272, 564701.90300000004936 ], [ 208195.343, 564700.483 ], [ 208132.903, 564706.871999999973923 ], [ 208070.465999999985797, 564723.908000000054017 ], [ 208030.731, 564738.816 ], [ 207987.451, 564753.724000000045635 ], [ 207988.16, 564753.724000000045635 ], [ 207939.913, 564761.533999999985099 ], [ 207906.566, 564765.792999999946915 ], [ 207846.256, 564758.694999999948777 ], [ 207790.912000000011176, 564748.04500000004191 ], [ 207739.826, 564726.748999999952503 ], [ 207680.935, 564703.322000000043772 ], [ 207624.884, 564686.285000000032596 ], [ 207558.897, 564673.506000000052154 ], [ 207500.715, 564669.956 ], [ 207447.5, 564670.667999999946915 ], [ 207404.929, 564678.476000000024214 ], [ 207365.904, 564695.513999999966472 ], [ 207323.333000000013271, 564721.069999999948777 ], [ 207216.903, 564804.837999999988824 ], [ 207184.26500000001397, 564830.393000000040047 ], [ 207145.951, 564847.432000000029802 ], [ 207109.055, 564851.692000000039116 ], [ 207080.673, 564852.400999999954365 ], [ 207048.746000000013737, 564844.591999999945983 ], [ 207002.627, 564822.586000000010245 ], [ 206984.888, 564799.868000000016764 ], [ 206949.413, 564767.214999999967404 ], [ 206891.94, 564731.008000000030734 ], [ 206842.983, 564714.682000000029802 ], [ 206756.420000000012806, 564698.354999999981374 ], [ 206701.786, 564674.927999999956228 ], [ 206627.995, 564630.913999999989755 ], [ 206563.429, 564612.456 ], [ 206498.152, 564576.25199999997858 ], [ 206459.128999999986263, 564532.947999999974854 ], [ 206418.684, 564458.408999999985099 ], [ 206363.343, 564402.326 ], [ 206305.871000000013737, 564368.962999999988824 ], [ 206227.821999999985565, 564354.052999999956228 ], [ 206120.682999999989988, 564346.95499999995809 ], [ 205971.681000000011409, 564322.109000000054948 ], [ 205907.824, 564302.231999999959953 ], [ 205856.738000000012107, 564285.90300000004936 ], [ 205813.458000000013271, 564280.934 ], [ 205772.304, 564283.773999999975786 ], [ 205734.700000000011642, 564293.712000000057742 ], [ 205703.429, 564308.875 ], [ 205626.75700000001234, 564383.253000000026077 ], [ 205478.586000000010245, 564562.457999999984168 ], [ 205401.222, 564483.962999999988824 ], [ 205384.192000000010012, 564456.275999999954365 ], [ 205362.196999999985565, 564442.790000000037253 ], [ 205267.829999999987194, 564340.564000000013039 ], [ 205237.32, 564335.59499999997206 ], [ 205189.782, 564318.557000000029802 ], [ 205186.943999999988591, 564312.167999999946915 ], [ 205196.168, 564290.87 ], [ 205192.621000000013737, 564281.643000000040047 ], [ 205184.815, 564280.930999999982305 ], [ 205163.53, 564300.099000000045635 ], [ 205145.082, 564320.687000000034459 ], [ 205137.987, 564322.106999999959953 ], [ 205120.585, 564314.098 ], [ 205120.037000000011176, 564316.888999999966472 ], [ 205113.655, 564346.663999999989755 ], [ 205061.747, 564442.513999999966472 ], [ 205090.577, 564456.937000000034459 ], [ 204458.367, 565733.456 ], [ 204379.451, 565894.540999999968335 ], [ 204445.351, 565944.981999999959953 ], [ 204328.88, 566195.968 ], [ 204244.696, 566362.772 ], [ 204211.223, 566401.180000000051223 ], [ 204170.85999999998603, 566432.910000000032596 ], [ 204129.054, 566448.775999999954365 ], [ 204082.924999999988358, 566455.98699999996461 ], [ 204051.209, 566455.98699999996461 ], [ 203707.959, 566364.371000000042841 ], [ 203621.847, 566367.297000000020489 ], [ 203406.1709, 566395.531100000021979 ], [ 203412.957, 566406.61199999996461 ], [ 203428.75, 566432.400000000023283 ], [ 203459.096, 566482.177000000025146 ], [ 203476.294, 566512.005 ], [ 203476.621000000013737, 566511.956 ], [ 203477.844000000011874, 566512.145000000018626 ], [ 203478.255, 566512.207999999984168 ], [ 203479.11799999998766, 566513.182999999960884 ], [ 203486.333000000013271, 566526.32999999995809 ], [ 203488.049, 566528.878999999957159 ], [ 203505.791999999986729, 566555.731999999959953 ], [ 203509.529, 566561.386000000056811 ], [ 203511.144999999989523, 566563.932999999960884 ], [ 203523.276000000012573, 566583.042000000015832 ], [ 203534.545000000012806, 566600.270000000018626 ], [ 203561.834, 566642.988999999943189 ], [ 203563.185, 566645.398999999975786 ], [ 203563.639, 566645.922999999951571 ], [ 203564.682, 566647.125 ], [ 203567.545000000012806, 566650.555000000051223 ], [ 203584.348, 566677.13800000003539 ], [ 203606.302, 566714.40300000004936 ], [ 203626.348, 566748.756999999983236 ], [ 203637.674, 566768.98499999998603 ], [ 203639.798, 566776.106999999959953 ], [ 203641.809, 566779.545999999972992 ], [ 203646.488000000012107, 566789.064000000013039 ], [ 203665.702, 566828.148000000044703 ], [ 203706.24, 566912.256000000052154 ], [ 203713.582, 566927.538999999989755 ], [ 203715.873, 566932.365 ], [ 203795.098, 567099.245 ], [ 203814.255, 567139.598 ], [ 203826.438, 567165.26 ], [ 203830.62, 567174.069000000017695 ], [ 203834.799999999988358, 567182.875 ], [ 203839.821, 567193.746000000042841 ], [ 203872.62599999998929, 567269.410000000032596 ], [ 203896.884, 567325.603 ], [ 203919.846, 567379.224999999976717 ], [ 203958.846, 567471.052999999956228 ], [ 203986.677, 567536.665000000037253 ], [ 204022.897999999986496, 567621.422000000020489 ], [ 204027.1, 567631.027 ], [ 204037.144, 567653.983 ], [ 204052.651000000012573, 567693.319000000017695 ], [ 204057.796, 567704.998999999952503 ], [ 204066.383, 567723.055999999982305 ], [ 204079.241, 567749.302000000025146 ], [ 204082.305, 567756.496000000042841 ], [ 204083.571, 567759.466999999945983 ], [ 204088.446, 567771.069999999948777 ], [ 204098.894, 567795.935000000055879 ], [ 204102.621000000013737, 567806.819000000017695 ], [ 204104.307999999989988, 567813.04500000004191 ], [ 204111.799, 567829.424 ], [ 204127.576, 567869.277 ], [ 204131.065, 567879.446 ], [ 204134.692000000010012, 567890.017 ], [ 204142.298, 567905.99800000002142 ], [ 204155.544, 567933.827000000048429 ], [ 204156.816, 567936.846000000019558 ], [ 204179.788999999989755, 567991.371999999973923 ], [ 204203.413999999989755, 568045.70499999995809 ], [ 204217.128999999986263, 568076.712999999988824 ], [ 204223.668, 568092.0 ], [ 204225.661, 568096.613999999943189 ], [ 204254.237, 568162.77800000004936 ], [ 204271.62400000001071, 568203.033999999985099 ], [ 204283.3461, 568230.155099999974482 ], [ 204286.085, 568236.491999999969266 ], [ 204308.435, 568290.724999999976717 ], [ 204320.434, 568318.65300000004936 ], [ 204336.579, 568357.089999999967404 ], [ 204346.334, 568380.316 ], [ 204350.99900000001071, 568391.420999999972992 ], [ 204372.448, 568442.087000000057742 ], [ 204384.44, 568469.883999999961816 ], [ 204392.658, 568488.162000000011176 ], [ 204402.342, 568494.174 ], [ 204413.2079, 568520.423900000052527 ], [ 204459.6575, 568549.647899999981746 ], [ 204477.921, 568506.052000000025146 ], [ 204510.12, 568429.199000000022352 ], [ 204542.23499999998603, 568353.175000000046566 ], [ 204556.403, 568321.066 ], [ 204559.945, 568309.734000000054948 ], [ 204588.516, 568241.26500000001397 ], [ 204649.913, 568093.941 ], [ 204699.975, 567976.837000000057742 ], [ 204716.74, 567937.643000000040047 ], [ 204746.728, 567864.691 ], [ 204780.97, 567782.055999999982305 ], [ 204790.65, 567760.099000000045635 ], [ 204812.139, 567707.920999999972992 ], [ 204850.54, 567617.184 ], [ 205098.248, 567712.501000000047497 ], [ 205116.049, 567666.366999999969266 ], [ 205134.465999999985797, 567621.508999999961816 ], [ 205152.178000000014435, 567576.413999999989755 ], [ 205155.846, 567568.944000000017695 ], [ 205196.98499999998603, 567585.62 ], [ 205222.0, 567520.032 ], [ 205268.14000000001397, 567540.59699999995064 ], [ 205293.157, 567551.712999999988824 ], [ 205325.954, 567565.60999999998603 ], [ 205335.405999999988126, 567569.5 ], [ 205348.747, 567572.834000000031665 ], [ 205397.668, 567578.949000000022352 ], [ 205388.462, 567614.334999999962747 ], [ 205385.594000000011874, 567630.462999999988824 ], [ 205380.10999999998603, 567656.429 ], [ 205372.439000000013039, 567691.493999999947846 ], [ 205369.344000000011874, 567713.949999999953434 ], [ 205365.495, 567741.866000000038184 ], [ 205362.287000000011176, 567765.123999999952503 ], [ 205360.209, 567784.116000000038184 ], [ 205358.177, 567806.74800000002142 ], [ 205356.36799999998766, 567826.866999999969266 ], [ 205354.829999999987194, 567845.792000000015832 ], [ 205353.557999999989988, 567871.25199999997858 ], [ 205353.01500000001397, 567882.09699999995064 ], [ 205351.6, 567913.060000000055879 ], [ 205351.076, 567935.268999999971129 ], [ 205350.674999999988358, 567952.258000000030734 ], [ 205350.269, 567969.488999999943189 ], [ 205349.756, 567987.184 ], [ 205348.995, 568011.04500000004191 ], [ 205348.155, 568036.505 ], [ 205347.351, 568057.506000000052154 ], [ 205346.746000000013737, 568073.34499999997206 ], [ 205345.848999999987427, 568097.202000000048429 ], [ 205344.622, 568115.049 ], [ 205342.938, 568134.937999999965541 ], [ 205342.087, 568144.417000000015832 ], [ 205340.037000000011176, 568162.343 ], [ 205335.663999999989755, 568200.577000000048429 ], [ 205331.702, 568227.67000000004191 ], [ 205327.72, 568253.337000000057742 ], [ 205323.533, 568274.564999999944121 ], [ 205318.521, 568297.113000000012107 ], [ 205316.932999999989988, 568304.26300000003539 ], [ 205315.958000000013271, 568308.64000000001397 ], [ 205314.64000000001397, 568310.979999999981374 ], [ 205313.366, 568318.089000000036322 ], [ 205305.855000000010477, 568352.579000000027008 ], [ 205299.147999999986496, 568380.638999999966472 ], [ 205294.408, 568396.76500000001397 ], [ 205287.878, 568418.983 ], [ 205278.731, 568447.212000000057742 ], [ 205270.19, 568471.415000000037253 ], [ 205254.365, 568512.37300000002142 ], [ 205236.801, 568549.211000000010245 ], [ 205231.567000000010012, 568558.229000000050291 ], [ 205222.169, 568572.883999999961816 ], [ 205211.839, 568587.177999999956228 ], [ 205202.401000000012573, 568598.910000000032596 ], [ 205192.488000000012107, 568610.067000000039116 ], [ 205180.457, 568622.317999999970198 ], [ 205171.6, 568630.549 ], [ 205160.112, 568640.310000000055879 ], [ 205148.1, 568649.613000000012107 ], [ 205136.835, 568657.49800000002142 ], [ 205125.538999999989755, 568664.738999999943189 ], [ 205113.119, 568671.287999999942258 ], [ 205100.28, 568676.636000000056811 ], [ 205090.223999999987427, 568680.273000000044703 ], [ 205076.913, 568684.302000000025146 ], [ 205051.511, 568689.99800000002142 ], [ 205031.373, 568693.973 ], [ 205014.097, 568697.138999999966472 ], [ 204998.918, 568699.79500000004191 ], [ 204984.763, 568702.310999999986961 ], [ 204975.508, 568704.020999999949709 ], [ 204968.421, 568705.253999999957159 ], [ 204962.674, 568706.170999999972992 ], [ 204957.536, 568706.951 ], [ 204950.397, 568708.018000000040047 ], [ 204943.367, 568709.064999999944121 ], [ 204939.877, 568709.586000000010245 ], [ 204931.074, 568710.582000000053085 ], [ 204923.747, 568711.368999999947846 ], [ 204903.904, 568712.517 ], [ 204887.715999999985797, 568713.912000000011176 ], [ 204874.877, 568714.189999999944121 ], [ 204866.505, 568715.02800000004936 ], [ 204858.691, 568715.02800000004936 ], [ 204850.875, 568715.02800000004936 ], [ 204843.339, 568715.02800000004936 ], [ 204835.805, 568715.02800000004936 ], [ 204830.78, 568715.02800000004936 ], [ 204827.989, 568715.02800000004936 ], [ 204826.593, 568715.02800000004936 ], [ 204822.965999999985797, 568715.02800000004936 ], [ 204820.733, 568714.74800000002142 ], [ 204819.337, 568714.74800000002142 ], [ 204815.708000000013271, 568714.74800000002142 ], [ 204811.801, 568714.74800000002142 ], [ 204809.57, 568714.74800000002142 ], [ 204809.01, 568714.74800000002142 ], [ 204807.056000000011409, 568714.74800000002142 ], [ 204803.987, 568714.189999999944121 ], [ 204800.358, 568713.354000000050291 ], [ 204798.404, 568713.074999999953434 ], [ 204797.566, 568713.354000000050291 ], [ 204794.587, 568713.353899999987334 ], [ 204796.842, 568713.589000000036322 ], [ 204801.452, 568714.15500000002794 ], [ 204805.801, 568715.288999999989755 ], [ 204809.49299999998766, 568716.633999999961816 ], [ 204812.242, 568718.145000000018626 ], [ 204815.549999999988358, 568720.39000000001397 ], [ 204818.056000000011409, 568722.611000000033528 ], [ 204820.783, 568724.941 ], [ 204828.644, 568728.38 ], [ 204829.029, 568729.052000000025146 ], [ 204835.365, 568740.113000000012107 ], [ 204834.682, 568743.383999999961816 ], [ 204838.688, 568750.027 ], [ 204840.920000000012806, 568752.981999999959953 ], [ 204846.334, 568757.567000000039116 ], [ 204853.57, 568762.211000000010245 ], [ 204860.122, 568766.126000000047497 ], [ 204861.709, 568763.878000000026077 ], [ 204863.525, 568764.701 ], [ 204878.929, 568771.685999999986961 ], [ 204879.191, 568771.805000000051223 ], [ 204877.909000000014203, 568774.714000000036322 ], [ 204882.931000000011409, 568778.140999999945052 ], [ 204886.029, 568779.805999999982305 ], [ 204889.706, 568781.339999999967404 ], [ 204893.839, 568782.853 ], [ 204900.0155, 568784.853699999977835 ], [ 204941.566, 568798.312999999965541 ], [ 204950.189000000013039, 568794.799 ], [ 204961.138, 568798.959999999962747 ], [ 204965.313, 568806.067999999970198 ], [ 204968.546, 568807.182000000029802 ], [ 204972.449, 568809.26300000003539 ], [ 204977.168, 568812.782 ], [ 204982.022999999986496, 568817.305000000051223 ], [ 204985.628999999986263, 568822.564000000013039 ], [ 204988.315, 568828.648999999975786 ], [ 204990.041, 568834.493000000016764 ], [ 204991.614, 568840.716000000014901 ], [ 204993.62400000001071, 568848.207000000053085 ], [ 204995.957, 568855.033999999985099 ], [ 204998.026000000012573, 568860.62300000002142 ], [ 204999.848, 568865.131000000052154 ], [ 205001.57, 568869.104000000050291 ], [ 205003.136, 568873.158000000054017 ], [ 205005.602000000013504, 568877.61199999996461 ], [ 205008.475, 568881.951 ], [ 205011.959, 568886.032 ], [ 205015.628, 568889.84499999997206 ], [ 205019.469000000011874, 568893.577000000048429 ], [ 205024.810999999986961, 568898.047999999951571 ], [ 205031.693999999988591, 568902.582000000053085 ], [ 205037.258, 568905.792999999946915 ], [ 205053.788, 568915.746999999973923 ], [ 205066.322699999989709, 568923.338299999944866 ], [ 205068.117, 568924.425000000046566 ], [ 205071.262207, 568926.262188000022434 ], [ 205074.489, 568928.147 ], [ 205088.603, 568936.932999999960884 ], [ 205106.103, 568947.322999999974854 ], [ 205125.721, 568958.072999999974854 ], [ 205157.203, 568976.984000000054948 ], [ 205191.85999999998603, 568998.184 ], [ 205207.924, 569008.011000000056811 ], [ 205273.758, 569049.0 ], [ 205297.74, 569063.327000000048429 ], [ 205331.907, 569084.898000000044703 ], [ 205338.516, 569088.812000000034459 ], [ 205342.428000000014435, 569091.321 ], [ 205347.631, 569094.023999999975786 ], [ 205351.206, 569095.410000000032596 ], [ 205352.831, 569095.832000000053085 ], [ 205355.549, 569095.996000000042841 ], [ 205357.778, 569096.028999999980442 ], [ 205360.0, 569096.46999999997206 ], [ 205362.50700000001234, 569097.01500000001397 ], [ 205365.969000000011874, 569097.51 ], [ 205371.927, 569097.968 ], [ 205376.328, 569098.317999999970198 ], [ 205378.174999999988358, 569098.829000000027008 ], [ 205379.899, 569099.48499999998603 ], [ 205381.04, 569100.025999999954365 ], [ 205381.995, 569100.682000000029802 ], [ 205383.230000000010477, 569101.253000000026077 ], [ 205384.587, 569102.339000000036322 ], [ 205385.223, 569102.780999999959022 ], [ 205385.638, 569103.118000000016764 ], [ 205385.919, 569103.457999999984168 ], [ 205389.340999999985797, 569103.827000000048429 ], [ 205395.737, 569105.01500000001397 ], [ 205400.844000000011874, 569106.90300000004936 ], [ 205406.769999999989523, 569110.113000000012107 ], [ 205409.6776, 569111.992500000051223 ], [ 205419.026000000012573, 569118.035000000032596 ], [ 205423.209, 569121.542999999946915 ], [ 205426.99900000001071, 569125.734000000054948 ], [ 205427.723999999987427, 569126.912999999942258 ], [ 205433.837999999988824, 569130.976999999955297 ], [ 205434.871000000013737, 569131.567999999970198 ], [ 205437.182999999989988, 569133.37300000002142 ], [ 205439.030999999988126, 569135.501000000047497 ], [ 205440.442000000010012, 569136.947000000043772 ], [ 205442.321, 569139.059 ], [ 205444.443, 569141.495 ], [ 205447.798, 569146.731000000028871 ], [ 205450.278, 569151.356999999959953 ], [ 205452.244, 569155.381000000052154 ], [ 205452.892, 569156.38800000003539 ], [ 205456.035, 569159.650999999954365 ], [ 205458.00700000001234, 569161.582999999984168 ], [ 205463.559, 569168.226999999955297 ], [ 205472.128, 569176.672999999951571 ], [ 205482.274, 569184.962999999988824 ], [ 205482.475, 569185.082999999984168 ], [ 205499.949, 569195.506000000052154 ], [ 205541.412000000011176, 569220.430999999982305 ], [ 205574.777, 569240.765999999945052 ], [ 205602.082, 569257.873999999952503 ], [ 205629.848, 569275.996999999973923 ], [ 205647.11799999998766, 569287.255 ], [ 205657.872, 569295.084000000031665 ], [ 205684.878, 569313.92000000004191 ], [ 205711.885, 569333.212999999988824 ], [ 205739.456, 569353.214999999967404 ], [ 205773.404, 569380.047999999951571 ], [ 205800.787000000011176, 569402.40300000004936 ], [ 205823.105000000010477, 569422.642 ], [ 205857.85999999998603, 569453.773999999975786 ], [ 205885.163999999989755, 569478.199999999953434 ], [ 205902.261, 569493.858 ], [ 205927.997, 569519.116000000038184 ], [ 205930.375, 569521.047000000020489 ], [ 205958.008, 569548.672999999951571 ], [ 206003.231, 569596.643999999971129 ], [ 206036.336000000010245, 569633.62699999997858 ], [ 206082.176, 569687.599999999976717 ], [ 206094.695864, 569702.557246000040323 ], [ 206127.586000000010245, 569741.849999999976717 ], [ 206185.49299999998766, 569812.21999999997206 ], [ 206244.737, 569883.809 ], [ 206304.079999999987194, 569956.187000000034459 ], [ 206381.241, 570049.707999999984168 ], [ 206446.932, 570129.660000000032596 ], [ 206448.365, 570132.576 ], [ 206452.953, 570138.147 ], [ 206455.065, 570139.559 ], [ 206458.421, 570143.643000000040047 ], [ 206511.614, 570207.417999999946915 ], [ 206513.809, 570210.050000000046566 ], [ 206542.641, 570244.915999999968335 ], [ 206582.746000000013737, 570295.569000000017695 ], [ 206656.837, 570386.177999999956228 ], [ 206704.774, 570444.277 ], [ 206729.04, 570474.180000000051223 ], [ 206746.432999999989988, 570494.101000000024214 ], [ 206758.545000000012806, 570508.307999999960884 ], [ 206766.318999999988591, 570516.90300000004936 ], [ 206773.556000000011409, 570523.523999999975786 ], [ 206780.134, 570529.897 ], [ 206786.964, 570538.082000000053085 ], [ 206795.307999999989988, 570545.142 ], [ 206805.07, 570552.37 ], [ 206814.054, 570557.290999999968335 ], [ 206822.843, 570561.162999999942258 ], [ 206826.526000000012573, 570562.444000000017695 ], [ 206832.337, 570568.462999999988824 ], [ 206832.661, 570568.807000000029802 ], [ 206847.76500000001397, 570584.839999999967404 ], [ 206874.405999999988126, 570610.790999999968335 ], [ 206900.94, 570635.479999999981374 ], [ 206928.128999999986263, 570659.819999999948777 ], [ 206949.029, 570678.263999999966472 ], [ 206982.07, 570707.273000000044703 ], [ 206996.598999999987427, 570719.956 ], [ 207000.809, 570723.631999999983236 ], [ 207019.247, 570739.125 ], [ 207031.813, 570748.424 ], [ 207034.294, 570750.26 ], [ 207055.785, 570766.290000000037253 ], [ 207079.685999999986961, 570782.008000000030734 ], [ 207108.003999999986263, 570801.044 ], [ 207120.345, 570809.098 ], [ 207133.204999999987194, 570817.491999999969266 ], [ 207161.541, 570836.773000000044703 ], [ 207197.805, 570862.169 ], [ 207226.681000000011409, 570881.86199999996461 ], [ 207230.556000000011409, 570884.505 ], [ 207264.824, 570907.962000000057742 ], [ 207302.386, 570933.59499999997206 ], [ 207313.212, 570931.95499999995809 ], [ 207320.834, 570930.800000000046566 ], [ 207342.61799999998766, 570927.055000000051223 ], [ 207344.003999999986263, 570935.093 ], [ 207347.54, 570959.096000000019558 ], [ 207347.983, 570961.439999999944121 ], [ 207359.458000000013271, 570960.09699999995064 ], [ 207359.706, 570961.17000000004191 ], [ 207361.074, 570967.093 ], [ 207364.014, 570972.780999999959022 ], [ 207367.074, 570976.663999999989755 ], [ 207373.594000000011874, 570983.050000000046566 ], [ 207378.549999999988358, 570986.785999999963678 ], [ 207380.719000000011874, 570986.777 ], [ 207386.085, 570989.442999999970198 ], [ 207388.88200000001234, 570990.832000000053085 ], [ 207396.245, 570995.70499999995809 ], [ 207405.29, 571002.537000000011176 ], [ 207418.096, 571011.040999999968335 ], [ 207429.606999999989057, 571018.245 ], [ 207436.881, 571022.069000000017695 ], [ 207441.452, 571023.959000000031665 ], [ 207445.552, 571025.474999999976717 ], [ 207448.141, 571026.549 ], [ 207455.136999999987893, 571028.937999999965541 ], [ 207466.143000000010943, 571031.809 ], [ 207474.747, 571033.158999999985099 ], [ 207482.024, 571033.572000000043772 ], [ 207488.006, 571033.817999999970198 ], [ 207491.432, 571033.805000000051223 ], [ 207502.74900000001071, 571033.474000000045635 ], [ 207506.354, 571033.14000000001397 ], [ 207508.488000000012107, 571043.48499999998603 ], [ 207514.47, 571043.121000000042841 ], [ 207538.071, 571041.099000000045635 ], [ 207542.943, 571040.714000000036322 ], [ 207584.343, 571036.182000000029802 ], [ 207614.666, 571033.275999999954365 ], [ 207616.302, 571033.059 ], [ 207637.429, 571141.626000000047497 ], [ 207637.79, 571143.221000000019558 ], [ 207643.231999999989057, 571167.305000000051223 ], [ 207644.666999999986729, 571167.003000000026077 ], [ 207649.134, 571166.062000000034459 ], [ 207651.74299999998766, 571165.674 ], [ 207654.225, 571165.258999999961816 ], [ 207656.774, 571164.952000000048429 ], [ 207659.692000000010012, 571164.817999999970198 ], [ 207662.453, 571165.099999999976717 ], [ 207668.477000000013504, 571166.381000000052154 ], [ 207672.538999999989755, 571167.348 ], [ 207676.453, 571168.148999999975786 ], [ 207680.475, 571168.898000000044703 ], [ 207684.715999999985797, 571169.606999999959953 ], [ 207687.803000000014435, 571170.174 ], [ 207690.696, 571170.591000000014901 ], [ 207694.356999999989057, 571170.381000000052154 ], [ 207701.623, 571170.23699999996461 ], [ 207705.19, 571180.256000000052154 ], [ 207704.795000000012806, 571180.378000000026077 ], [ 207680.078, 571190.037999999942258 ], [ 207702.957, 571204.920999999972992 ], [ 207726.157, 571220.57999999995809 ], [ 207752.144, 571237.162999999942258 ], [ 207763.401000000012573, 571244.268000000040047 ], [ 207763.008, 571241.196 ], [ 207769.393000000010943, 571243.947999999974854 ], [ 207771.39000000001397, 571244.809 ], [ 207782.218, 571251.427999999956228 ], [ 207824.858, 571279.533999999985099 ], [ 207862.098999999987427, 571304.211000000010245 ], [ 207876.385, 571313.677000000025146 ], [ 207939.461000000010245, 571354.787000000011176 ], [ 207982.367, 571383.258999999961816 ], [ 208061.693999999988591, 571434.628999999957159 ], [ 208093.328, 571454.927000000025146 ], [ 208094.1, 571455.437999999965541 ], [ 208134.44, 571482.116000000038184 ], [ 208197.035, 571523.569000000017695 ], [ 208239.994, 571551.90500000002794 ], [ 208276.878999999986263, 571575.925000000046566 ], [ 208302.49299999998766, 571592.680999999982305 ], [ 208303.682999999989988, 571593.351999999955297 ], [ 208305.878999999986263, 571593.545999999972992 ], [ 208309.256, 571592.937999999965541 ], [ 208317.008, 571591.040000000037253 ], [ 208329.568, 571588.305999999982305 ], [ 208338.778, 571585.767 ], [ 208344.848999999987427, 571584.187999999965541 ], [ 208347.693, 571583.351999999955297 ], [ 208351.439000000013039, 571582.087999999988824 ], [ 208359.084, 571579.508999999961816 ], [ 208363.036, 571593.87300000002142 ], [ 208367.375, 571607.812999999965541 ], [ 208368.34, 571611.378999999957159 ], [ 208369.424999999988358, 571614.780999999959022 ], [ 208370.553000000014435, 571617.783999999985099 ], [ 208376.095, 571631.322000000043772 ], [ 208419.111, 571659.731000000028871 ], [ 208420.49299999998766, 571660.643999999971129 ], [ 208421.284000000014203, 571661.202000000048429 ], [ 208447.812, 571679.908999999985099 ], [ 208521.848, 571569.459000000031665 ], [ 208523.519, 571566.964999999967404 ] ], [ [ 207936.729, 568323.829000000027008 ], [ 207844.738000000012107, 568345.464000000036322 ], [ 207863.419, 568410.603800000040792 ], [ 207782.114299999986542, 568432.745299999951385 ], [ 207750.668, 568441.309 ], [ 207733.367, 568446.951 ], [ 207713.431000000011409, 568452.185999999986961 ], [ 207693.458000000013271, 568457.613000000012107 ], [ 207673.397, 568462.947999999974854 ], [ 207653.365, 568468.275999999954365 ], [ 207645.954999999987194, 568470.246000000042841 ], [ 207599.473999999987427, 568482.6078 ], [ 207598.290199999988545, 568478.534899999969639 ], [ 207565.776000000012573, 568487.148999999975786 ], [ 207568.393000000010943, 568496.517 ], [ 207559.214, 568498.941 ], [ 207552.833099999988917, 568500.6261 ], [ 207547.551, 568481.778999999980442 ], [ 207530.394, 568416.952000000048429 ], [ 207524.35930000001099, 568394.152499999967404 ], [ 207517.1236, 568395.822200000053272 ], [ 207505.668, 568407.011399999959394 ], [ 207490.6564, 568421.673700000043027 ], [ 207476.5384, 568427.45519999996759 ], [ 207457.576, 568433.125 ], [ 207365.69, 568454.584999999962747 ], [ 207285.543, 568473.300999999977648 ], [ 207295.50700000001234, 568515.001000000047497 ], [ 207230.243500000011409, 568517.146500000031665 ], [ 207154.7837, 568519.627199999988079 ], [ 207162.018699999985984, 568548.383000000030734 ], [ 207154.174999999988358, 568550.299 ], [ 207026.169, 568566.814999999944121 ], [ 207019.602000000013504, 568533.826 ], [ 207018.8401, 568530.197999999974854 ], [ 207005.509, 568460.150999999954365 ], [ 206992.212, 568389.961000000010245 ], [ 206991.191, 568383.334000000031665 ], [ 206972.482500000012806, 568284.103 ], [ 206959.1965, 568211.435999999986961 ], [ 206931.894999999989523, 568068.674 ], [ 206930.8285, 568062.630499999970198 ], [ 206929.25, 568052.913999999989755 ], [ 206928.0535, 568041.286500000045635 ], [ 206924.009499999985565, 568008.9828 ], [ 206909.354, 568009.957000000053085 ], [ 206834.791999999986729, 568012.354000000050291 ], [ 206828.0362, 568012.8236 ], [ 206828.203799999988405, 568014.193399999989197 ], [ 206826.834, 568014.361000000033528 ], [ 206812.776000000012573, 568016.081 ], [ 206812.204, 568012.170999999972992 ], [ 206793.902, 568014.587999999988824 ], [ 206782.8981, 568015.140200000023469 ], [ 206775.696, 567953.403999999980442 ], [ 206778.3485, 567953.365 ], [ 206778.611299999989569, 567939.1803 ], [ 206777.6115, 567931.413500000024214 ], [ 206767.1965, 567850.5035 ], [ 206772.589, 567849.790000000037253 ], [ 206803.668, 567844.672999999951571 ], [ 206806.12599999998929, 567863.513999999966472 ], [ 206855.62, 567855.814999999944121 ], [ 206909.560999999986961, 567846.679 ], [ 206986.003, 567834.48499999998603 ], [ 206978.821999999985565, 567805.591999999945983 ], [ 206966.821999999985565, 567757.53000000002794 ], [ 206956.426, 567716.47199999995064 ], [ 206952.465, 567698.810000000055879 ], [ 206948.503999999986263, 567681.148000000044703 ], [ 206942.275, 567647.239500000025146 ], [ 206939.8199, 567635.290900000021793 ], [ 206933.9315, 567607.711000000010245 ], [ 206934.3991, 567603.790700000012293 ], [ 207008.802399999985937, 567583.5244 ], [ 206969.5116, 567423.695500000030734 ], [ 206906.434, 567167.106000000028871 ], [ 206882.769900000013877, 567063.516199999954551 ], [ 206882.769900000013877, 567056.758299999986775 ], [ 206894.6164, 567058.069600000046194 ], [ 206912.546899999986636, 567058.427200000034645 ], [ 206924.163, 567057.7119 ], [ 206946.978299999987939, 567055.3874 ], [ 207002.3148, 567050.365899999975227 ], [ 207043.00099999998929, 567047.62410000001546 ], [ 207087.7379, 567045.24 ], [ 207113.505, 567044.408500000019558 ], [ 207345.4977, 567038.549600000027567 ], [ 207476.937899999989895, 567035.230100000044331 ], [ 207479.2592, 567035.158700000029057 ], [ 207484.057999999989988, 567050.85930000001099 ], [ 207500.0018, 567103.0233 ], [ 207517.009, 567158.666500000050291 ], [ 207542.1288, 567245.2317 ], [ 207545.448800000012852, 567258.786399999982677 ], [ 207550.913, 567277.336800000048243 ], [ 207562.6483, 567317.8371 ], [ 207596.334800000011455, 567428.093 ], [ 207607.1704, 567464.039899999974295 ], [ 207618.0121, 567505.449099999968894 ], [ 207617.858, 567512.121000000042841 ], [ 207617.8025, 567514.523599999956787 ], [ 207623.328700000012759, 567519.113099999958649 ], [ 207640.6869, 567579.94019999995362 ], [ 207674.143000000010943, 567570.408000000054017 ], [ 207676.836000000010245, 567579.822999999974854 ], [ 207678.582, 567585.925000000046566 ], [ 207680.34, 567592.069000000017695 ], [ 207682.083000000013271, 567598.160999999963678 ], [ 207683.839, 567604.299 ], [ 207686.424999999988358, 567613.337000000057742 ], [ 207689.022999999986496, 567622.417000000015832 ], [ 207690.758, 567628.481000000028871 ], [ 207694.247, 567640.675999999977648 ], [ 207695.984, 567646.746000000042841 ], [ 207698.627, 567655.983 ], [ 207701.231999999989057, 567665.087999999988824 ], [ 207702.975, 567671.180999999982305 ], [ 207704.728, 567677.307000000029802 ], [ 207706.481, 567683.432000000029802 ], [ 207709.5889, 567694.29839999997057 ], [ 207711.0752, 567693.823800000012852 ], [ 207714.4616, 567686.621999999973923 ], [ 207717.817000000010012, 567685.320900000049733 ], [ 207743.5146, 567675.356999999959953 ], [ 207745.715, 567667.987500000046566 ], [ 207744.691, 567664.922000000020489 ], [ 207730.63, 567615.57999999995809 ], [ 207729.35999999998603, 567611.12300000002142 ], [ 207727.215399999986403, 567603.600899999961257 ], [ 207775.9469, 567591.666300000040792 ], [ 207829.1324, 567577.0960999999661 ], [ 207918.621099999989383, 567550.55039999994915 ], [ 207950.026000000012573, 567540.160999999963678 ], [ 207963.74299999998766, 567537.017 ], [ 207990.0883, 567531.51 ], [ 208027.3708, 567519.004599999985658 ], [ 208028.636999999987893, 567523.285000000032596 ], [ 208057.424, 567620.59699999995064 ], [ 208063.19, 567640.322000000043772 ], [ 208068.954999999987194, 567660.074000000022352 ], [ 208074.53, 567679.030999999959022 ], [ 208080.366, 567698.560000000055879 ], [ 208086.196, 567718.067999999970198 ], [ 208091.904, 567737.167999999946915 ], [ 208096.609, 567752.912000000011176 ], [ 208101.233, 567768.378999999957159 ], [ 208105.78, 567783.554 ], [ 208110.435999999986961, 567799.091999999945983 ], [ 208121.179, 567834.944999999948777 ], [ 208139.1949, 567895.3051 ], [ 208086.195, 567896.675000000046566 ], [ 208069.261999999987893, 567897.214400000055321 ], [ 208069.261999999987893, 567912.704000000027008 ], [ 208071.2275, 567924.371999999973923 ], [ 208077.169499999989057, 567947.944999999948777 ], [ 208095.460499999986496, 568010.358800000045449 ], [ 208041.027, 568024.761999999987893 ], [ 208030.331, 568027.620299999951385 ], [ 208012.2645, 567967.136500000022352 ], [ 208011.3555, 567964.093299999949522 ], [ 207998.495, 567964.723 ], [ 207997.574, 567949.822000000043772 ], [ 207973.128999999986263, 567951.663999999989755 ], [ 207976.394, 567964.305000000051223 ], [ 207931.0043, 567978.5914000000339 ], [ 207951.180400000012014, 568046.727199999964796 ], [ 207966.0884, 568093.990899999975227 ], [ 207970.870400000014342, 568109.151599999982864 ], [ 207982.880899999989197, 568129.455700000049546 ], [ 207997.996699999988778, 568137.487199999974109 ], [ 208014.3635, 568148.022 ], [ 208023.882600000011735, 568157.631199999945238 ], [ 208034.214700000011362, 568176.759899999946356 ], [ 208060.8358, 568269.101600000052713 ], [ 208065.8794, 568286.596400000038557 ], [ 208078.125, 568331.069400000036694 ], [ 208080.4049, 568344.800500000012107 ], [ 208077.9487, 568359.880099999951199 ], [ 208069.2826, 568377.524500000057742 ], [ 208064.4206000000122, 568392.043199999956414 ], [ 208064.6221, 568406.461200000019744 ], [ 208069.131499999988591, 568423.75269999995362 ], [ 208090.9975, 568496.712500000023283 ], [ 208112.0875, 568563.777400000020862 ], [ 208019.1421, 568592.308199999970384 ], [ 207979.179, 568462.119500000029802 ], [ 207936.729, 568323.829000000027008 ] ] ] ] } },
{ "type": "Feature", "properties": { "buurtcode": "BU00861701", "buurtnaam": "Wijnjewoude-Centrum", "pc6_codes": "9241EA, 9241EB, 9241EC, 9241GA, 9241GB, 9241GC, 9241GD, 9241GE, 9241GG, 9241GH, 9241GJ, 9241GK, 9241GL, 9241GM, 9241GR, 9241GS, 9241HA", "wijkcode": "WK008617", "gemeentecode": "GM0086", "gemeentenaam": "Opsterland", "oppervlakteLandInHa": 26, "AantalInwoners_5": 565, "Mannen_6": 280, "Vrouwen_7": 290, "HuishoudensTotaal_29": 245, "GemiddeldeHuishoudensgrootte_33": 2.3, "Woningvoorraad_35": 250, "NieuwbouwWoningen_36": 0, "NietWoningvoorraad_37": 14, "NieuwbouwNietWoningen_38": 0, "GemiddeldeWOZWaardeVanWoningen_39": 285, "PercentageEengezinswoning_40": 80, "PercentageTussenwoningEengezins_41": 7, "PercentageHoekwoningEengezins_42": 6, "PercentageTweeOnderEenKapWoningEe_43": 18, "PercentageVrijstaandeWoningEengezins_44": 49, "PercentageMeergezinswoning_45": 20, "Koopwoningen_47": 62, "HuurwoningenTotaal_48": 38, "InBezitWoningcorporatie_49": 32, "InBezitOverigeVerhuurders_50": 6, "BouwjaarMeerDanTienJaarGeleden_51": 98, "BouwjaarAfgelopenTienJaar_52": 2, "GemiddeldeElektriciteitslevering_53": 2820, "GemiddeldeElektriciteitsteruglevering_54": 1550, "GemiddeldAardgasverbruik_55": 990, "AardgasvrijeWoningen_57": 4, "Aardgaswoningen_58": 82, "WoningenMetZonnestroom_59": 72, "WoningenHoofdzElektrVerwarmd_60": 17, "k_20PersonenMetHoogsteInkomen_80": 14.5, "k_20HuishoudensMetHoogsteInkomen_85": 12.3, "MediaanVermogenVanParticuliereHuish_86": 154.6, "PersonenautoSTotaal_104": 415, "PersonenautoSBrandstofBenzine_105": 320, "PersonenautoSOverigeBrandstof_106": 95, "PersonenautoSPerHuishouden_107": 1.7, "Omgevingsadressendichtheid_121": 175, "AantalInstallatiesBijWoningen_5": 109, "OpgesteldVermogenVanZonnepanelen_6": 528, "installaties_per_woning": 0.436, "vermogen_per_woning": 2.112, "installaties_per_100_woningen": 43.6, "vermogen_per_huishouden": 2.1551020408163266, "batterijdruk_score": 1116.0, "koop_zon_score": 0.4464, "eengezins_zon_score": 0.576, "betaalkracht_zon_score": 111.312, "overige_brandstof_zon_score": 68.4, "lichte_batterij_kansscore": 0.47440926881773809 }, "geometry": { "type": "MultiPolygon", "coordinates": [ [ [ [ 210464.568399999989197, 564273.883799999952316 ], [ 210431.0008, 564236.8554 ], [ 210418.337, 564222.278999999980442 ], [ 210433.35999999998603, 564208.821 ], [ 210378.104, 564148.805999999982305 ], [ 210373.563, 564152.37300000002142 ], [ 210349.034000000014203, 564125.383999999961816 ], [ 210334.907, 564138.025000000023283 ], [ 210308.628, 564108.488999999943189 ], [ 210316.116, 564100.76500000001397 ], [ 210290.228, 564078.974000000045635 ], [ 210280.174, 564071.82999999995809 ], [ 210276.99900000001071, 564070.903999999980442 ], [ 210251.079999999987194, 564049.322999999974854 ], [ 210247.541999999986729, 564046.687000000034459 ], [ 210222.82, 564067.935000000055879 ], [ 210187.622, 564032.452999999979511 ], [ 210159.953, 564004.231000000028871 ], [ 210116.662000000011176, 564043.297000000020489 ], [ 210109.1662, 564050.0612 ], [ 210099.9726, 564042.819000000017695 ], [ 210097.7452, 564040.912099999957718 ], [ 210073.3994, 564020.068399999989197 ], [ 210083.428000000014435, 564007.305000000051223 ], [ 210085.5963, 563999.311699999962002 ], [ 210086.5345, 563982.3099 ], [ 210085.492, 563960.822999999974854 ], [ 210079.559700000012526, 563938.71840000001248 ], [ 210070.4902, 563918.066 ], [ 210059.839100000011967, 563898.446699999971315 ], [ 210036.7291, 563865.287499999976717 ], [ 210022.7302, 563845.201200000010431 ], [ 209991.873, 563820.406399999978021 ], [ 209967.13389999998617, 563801.709599999943748 ], [ 209953.685999999986961, 563789.192999999970198 ], [ 209945.8675, 563778.866799999959767 ], [ 209941.6721, 563766.6886 ], [ 209941.8763, 563755.210700000054203 ], [ 209944.03959999998915, 563744.302799999946728 ], [ 209948.9204, 563724.083100000047125 ], [ 209952.315899999986868, 563710.016700000036508 ], [ 209951.0649, 563698.036500000045635 ], [ 209948.146, 563690.10930000001099 ], [ 209941.4742, 563680.870899999979883 ], [ 209912.5092, 563650.225100000039674 ], [ 209876.404799999989336, 563609.826 ], [ 209850.7303, 563581.097300000023097 ], [ 209840.6034, 563570.547600000048988 ], [ 209830.4766, 563559.997899999958463 ], [ 209817.252100000012433, 563548.613699999987148 ], [ 209802.776600000011967, 563538.838800000026822 ], [ 209789.152800000010757, 563528.78449999995064 ], [ 209769.7331000000122, 563515.552600000053644 ], [ 209757.941400000010617, 563504.931899999966845 ], [ 209746.4413, 563493.022699999972247 ], [ 209719.9551, 563465.59409999998752 ], [ 209711.1984, 563459.648700000019744 ], [ 209701.9204, 563458.2927 ], [ 209692.4339, 563459.3358 ], [ 209606.847, 563483.4303 ], [ 209587.7698, 563489.271399999968708 ], [ 209568.5405, 563500.128600000054576 ], [ 209553.785299999988638, 563480.4055 ], [ 209540.4416, 563462.569200000027195 ], [ 209522.6154, 563441.499599999981001 ], [ 209435.068999999988591, 563347.964400000055321 ], [ 209372.3267, 563278.484000000054948 ], [ 209283.0338, 563192.925900000031106 ], [ 209317.989, 563158.270000000018626 ], [ 209344.57, 563130.885 ], [ 209285.884, 563080.484000000054948 ], [ 209283.983, 563078.860499999951571 ], [ 209279.133299999986775, 563084.5392 ], [ 209278.372, 563088.97199999995064 ], [ 209278.6325, 563099.3835 ], [ 209279.969000000011874, 563111.800999999977648 ], [ 209281.987, 563122.37699999997858 ], [ 209280.51, 563124.53000000002794 ], [ 209280.738000000012107, 563131.199999999953434 ], [ 209279.532, 563138.187000000034459 ], [ 209276.2275, 563145.463499999954365 ], [ 209272.968, 563150.312000000034459 ], [ 209269.945, 563154.356000000028871 ], [ 209267.968, 563157.0 ], [ 209263.165, 563162.275999999954365 ], [ 209257.6389, 563168.346299999975599 ], [ 209216.743500000011409, 563131.117199999978766 ], [ 209205.099500000011176, 563142.1335 ], [ 209167.018000000010943, 563178.807999999960884 ], [ 209176.198200000013458, 563185.326699999975972 ], [ 209179.772399999987101, 563185.7694 ], [ 209188.9291, 563191.525400000042282 ], [ 209202.766299999988405, 563201.870800000033341 ], [ 209214.859, 563205.029699999955483 ], [ 209224.979, 563206.478 ], [ 209246.4719, 563227.906100000021979 ], [ 209241.184, 563233.615 ], [ 209308.677, 563295.057999999960884 ], [ 209316.2909, 563301.989399999962188 ], [ 209259.4953, 563357.5688 ], [ 209284.358, 563381.758999999961816 ], [ 209300.3013, 563397.271100000012666 ], [ 209272.7281, 563425.610800000024028 ], [ 209314.2066, 563465.967399999964982 ], [ 209401.166999999986729, 563381.564000000013039 ], [ 209409.958000000013271, 563390.006000000052154 ], [ 209417.84, 563397.907 ], [ 209425.722, 563405.807999999960884 ], [ 209436.9355, 563417.339000000036322 ], [ 209448.7415, 563429.535999999963678 ], [ 209452.577, 563434.23499999998603 ], [ 209459.856, 563441.973 ], [ 209480.5435, 563464.023000000044703 ], [ 209501.231, 563486.072999999974854 ], [ 209481.731, 563505.096000000019558 ], [ 209498.649, 563523.116999999969266 ], [ 209516.185, 563506.930999999982305 ], [ 209536.551700000010896, 563536.443899999954738 ], [ 209480.738600000011502, 563589.207399999955669 ], [ 209472.652, 563597.358 ], [ 209473.9049, 563598.2698 ], [ 209504.429, 563607.924 ], [ 209508.439000000013039, 563609.961000000010245 ], [ 209531.426, 563615.481000000028871 ], [ 209551.136999999987893, 563616.275000000023283 ], [ 209549.6025, 563624.229599999962375 ], [ 209519.284000000014203, 563659.0405 ], [ 209512.8639, 563665.544499999959953 ], [ 209513.407, 563666.044 ], [ 209526.43, 563679.90300000004936 ], [ 209538.846, 563693.072999999974854 ], [ 209546.537000000011176, 563700.854999999981374 ], [ 209576.807999999989988, 563732.337000000057742 ], [ 209600.166999999986729, 563710.920999999972992 ], [ 209618.833000000013271, 563729.133000000030734 ], [ 209625.74299999998766, 563735.457000000053085 ], [ 209640.647999999986496, 563749.307000000029802 ], [ 209662.869, 563770.091999999945983 ], [ 209664.264, 563771.332000000053085 ], [ 209669.304, 563775.812000000034459 ], [ 209686.25700000001234, 563791.224999999976717 ], [ 209696.029, 563799.692000000039116 ], [ 209699.355000000010477, 563802.589000000036322 ], [ 209706.43, 563809.371999999973923 ], [ 209708.397999999986496, 563811.258000000030734 ], [ 209715.549, 563817.795999999972992 ], [ 209723.717, 563825.084000000031665 ], [ 209725.087999999988824, 563825.645000000018626 ], [ 209691.899, 563855.319999999948777 ], [ 209667.7336, 563876.926800000015646 ], [ 209669.234, 563878.623999999952503 ], [ 209705.901000000012573, 563919.699000000022352 ], [ 209708.269999999989523, 563925.341000000014901 ], [ 209708.7143, 563926.399100000038743 ], [ 209699.087, 563934.137800000025891 ], [ 209671.6655, 563956.610499999951571 ], [ 209653.647, 563971.584999999962747 ], [ 209649.443, 563974.929 ], [ 209648.810999999986961, 563976.743999999947846 ], [ 209649.786, 563978.898999999975786 ], [ 209652.889, 563983.883999999961816 ], [ 209659.689000000013039, 563992.497500000055879 ], [ 209660.2171, 563993.166500000050291 ], [ 209671.655, 563993.165000000037253 ], [ 209673.256, 563994.48499999998603 ], [ 209684.1257, 564006.8358 ], [ 209702.8932, 563990.5906 ], [ 209705.65, 563993.731000000028871 ], [ 209708.692000000010012, 563994.128000000026077 ], [ 209747.536499999987427, 563957.939099999959581 ], [ 209781.942000000010012, 563986.957000000053085 ], [ 209821.4711, 563951.997899999958463 ], [ 209827.272999999986496, 563957.946 ], [ 209843.942000000010012, 563941.888999999966472 ], [ 209861.661, 563961.837000000057742 ], [ 209878.084, 563947.631999999983236 ], [ 209889.0719, 563960.3356 ], [ 209906.301, 563944.922000000020489 ], [ 209936.635, 563971.886000000056811 ], [ 209942.496099999989383, 563977.096000000019558 ], [ 209939.503, 563980.238999999943189 ], [ 209948.996000000013737, 563989.669 ], [ 209982.046899999986636, 564022.500600000028498 ], [ 209988.2134, 564028.6261 ], [ 209955.5918, 564057.381799999973737 ], [ 209962.0551, 564062.388400000054389 ], [ 210017.522, 564108.310000000055879 ], [ 210025.4134, 564114.84340000001248 ], [ 210063.814000000013039, 564079.432999999960884 ], [ 210099.878, 564118.407 ], [ 210107.283, 564111.677000000025146 ], [ 210138.981999999989057, 564145.287999999942258 ], [ 210114.116, 564167.343 ], [ 210171.473, 564230.800000000046566 ], [ 210252.557999999989988, 564157.509500000043772 ], [ 210401.2904, 564258.968100000056438 ], [ 210449.909699999989243, 564292.134100000024773 ], [ 210464.568399999989197, 564273.883799999952316 ] ] ] ] } },
{ "type": "Feature", "properties": { "buurtcode": "BU00861702", "buurtnaam": "Wijnjewoude-Gentiaan", "pc6_codes": "9241ED, 9241EE, 9241EG, 9241EH, 9241EJ, 9241EK, 9241EL, 9241EM, 9241EN, 9241EP, 9241ER, 9241GE, 9241GN, 9241GP, 9241GS, 9241GT, 9241GV", "wijkcode": "WK008617", "gemeentecode": "GM0086", "gemeentenaam": "Opsterland", "oppervlakteLandInHa": 29, "AantalInwoners_5": 670, "Mannen_6": 345, "Vrouwen_7": 325, "HuishoudensTotaal_29": 275, "GemiddeldeHuishoudensgrootte_33": 2.4, "Woningvoorraad_35": 275, "NieuwbouwWoningen_36": 0, "NietWoningvoorraad_37": 3, "NieuwbouwNietWoningen_38": 0, "GemiddeldeWOZWaardeVanWoningen_39": 304, "PercentageEengezinswoning_40": 99, "PercentageTussenwoningEengezins_41": 13, "PercentageHoekwoningEengezins_42": 12, "PercentageTweeOnderEenKapWoningEe_43": 36, "PercentageVrijstaandeWoningEengezins_44": 38, "PercentageMeergezinswoning_45": 1, "Koopwoningen_47": 70, "HuurwoningenTotaal_48": 30, "InBezitWoningcorporatie_49": 28, "InBezitOverigeVerhuurders_50": 2, "BouwjaarMeerDanTienJaarGeleden_51": 98, "BouwjaarAfgelopenTienJaar_52": 2, "GemiddeldeElektriciteitslevering_53": 2730, "GemiddeldeElektriciteitsteruglevering_54": 1150, "GemiddeldAardgasverbruik_55": 930, "AardgasvrijeWoningen_57": 4, "Aardgaswoningen_58": 81, "WoningenMetZonnestroom_59": 60, "WoningenHoofdzElektrVerwarmd_60": 19, "k_20PersonenMetHoogsteInkomen_80": 13.8, "k_20HuishoudensMetHoogsteInkomen_85": 17.0, "MediaanVermogenVanParticuliereHuish_86": 152.0, "PersonenautoSTotaal_104": 375, "PersonenautoSBrandstofBenzine_105": 300, "PersonenautoSOverigeBrandstof_106": 75, "PersonenautoSPerHuishouden_107": 1.4, "Omgevingsadressendichtheid_121": 182, "AantalInstallatiesBijWoningen_5": 111, "OpgesteldVermogenVanZonnepanelen_6": 430, "installaties_per_woning": 0.40363636363636363, "vermogen_per_woning": 1.5636363636363637, "installaties_per_100_woningen": 40.36363636363636, "vermogen_per_huishouden": 1.5636363636363637, "batterijdruk_score": 690.0, "koop_zon_score": 0.42, "eengezins_zon_score": 0.594, "betaalkracht_zon_score": 91.2, "overige_brandstof_zon_score": 45.0, "lichte_batterij_kansscore": 0.49251236799273845 }, "geometry": { "type": "MultiPolygon", "coordinates": [ [ [ [ 210123.4541, 564018.546500000054948 ], [ 210294.8773, 563863.496599999954924 ], [ 210442.157700000010664, 563730.283500000019558 ], [ 210449.0289, 563724.810599999967963 ], [ 210416.1911, 563685.2789000000339 ], [ 210396.5479, 563659.7241 ], [ 210379.928000000014435, 563641.962399999960326 ], [ 210365.0951, 563629.326499999966472 ], [ 210339.241799999988871, 563612.160799999954179 ], [ 210319.703, 563600.597900000051595 ], [ 210311.661, 563592.849500000011176 ], [ 210297.96, 563576.577799999970011 ], [ 210279.314699999988079, 563556.268099999986589 ], [ 210241.056000000011409, 563521.4301 ], [ 210229.815, 563511.194200000027195 ], [ 210226.708000000013271, 563510.547000000020489 ], [ 210222.517499999987194, 563506.152499999967404 ], [ 210167.821999999985565, 563445.408000000054017 ], [ 210155.1158, 563431.296500000054948 ], [ 210146.8143, 563438.771300000022165 ], [ 210089.1316, 563375.864900000044145 ], [ 210086.1531, 563377.235800000024028 ], [ 210044.6181, 563414.755899999989197 ], [ 210041.669400000013411, 563414.606900000013411 ], [ 210004.623499999986961, 563374.419 ], [ 209994.1065, 563383.17249999998603 ], [ 209993.469000000011874, 563382.582000000053085 ], [ 209972.131, 563362.390999999945052 ], [ 209943.939000000013039, 563335.310000000055879 ], [ 209918.024, 563309.927000000025146 ], [ 209899.585, 563291.447999999974854 ], [ 209894.748499999986961, 563289.91890000004787 ], [ 209820.6065, 563218.317099999985658 ], [ 209803.3694, 563202.242399999988265 ], [ 209729.4052, 563273.236599999945611 ], [ 209663.5253, 563336.471200000029057 ], [ 209651.5773, 563348.698300000047311 ], [ 209649.6711, 563348.187400000053458 ], [ 209646.4033, 563349.209200000041164 ], [ 209635.034000000014203, 563359.256599999964237 ], [ 209631.7321, 563361.436299999943003 ], [ 209629.315299999987474, 563361.4704 ], [ 209623.0094, 563357.766500000027008 ], [ 209588.30360000001383, 563331.649699999950826 ], [ 209569.956100000010338, 563317.889899999951012 ], [ 209568.2882, 563318.196499999961816 ], [ 209550.5789, 563334.3319 ], [ 209493.640099999989616, 563389.409600000013597 ], [ 209492.700000000011642, 563388.371999999973923 ], [ 209445.813, 563337.359000000054948 ], [ 209435.068999999988591, 563347.964400000055321 ], [ 209522.6154, 563441.499599999981001 ], [ 209540.4416, 563462.569200000027195 ], [ 209553.785299999988638, 563480.4055 ], [ 209568.5405, 563500.128600000054576 ], [ 209587.7698, 563489.271399999968708 ], [ 209606.847, 563483.4303 ], [ 209692.4339, 563459.3358 ], [ 209701.9204, 563458.2927 ], [ 209711.1984, 563459.648700000019744 ], [ 209719.9551, 563465.59409999998752 ], [ 209746.4413, 563493.022699999972247 ], [ 209757.941400000010617, 563504.931899999966845 ], [ 209769.7331000000122, 563515.552600000053644 ], [ 209789.152800000010757, 563528.78449999995064 ], [ 209802.776600000011967, 563538.838800000026822 ], [ 209817.252100000012433, 563548.613699999987148 ], [ 209830.4766, 563559.997899999958463 ], [ 209840.6034, 563570.547600000048988 ], [ 209850.7303, 563581.097300000023097 ], [ 209876.404799999989336, 563609.826 ], [ 209912.5092, 563650.225100000039674 ], [ 209941.4742, 563680.870899999979883 ], [ 209948.146, 563690.10930000001099 ], [ 209951.0649, 563698.036500000045635 ], [ 209952.315899999986868, 563710.016700000036508 ], [ 209948.9204, 563724.083100000047125 ], [ 209944.03959999998915, 563744.302799999946728 ], [ 209941.8763, 563755.210700000054203 ], [ 209941.6721, 563766.6886 ], [ 209945.8675, 563778.866799999959767 ], [ 209953.685999999986961, 563789.192999999970198 ], [ 209967.13389999998617, 563801.709599999943748 ], [ 209991.873, 563820.406399999978021 ], [ 210022.7302, 563845.201200000010431 ], [ 210036.7291, 563865.287499999976717 ], [ 210059.839100000011967, 563898.446699999971315 ], [ 210070.4902, 563918.066 ], [ 210079.559700000012526, 563938.71840000001248 ], [ 210085.492, 563960.822999999974854 ], [ 210086.5345, 563982.3099 ], [ 210085.5963, 563999.311699999962002 ], [ 210083.428000000014435, 564007.305000000051223 ], [ 210073.3994, 564020.068399999989197 ], [ 210097.7452, 564040.912099999957718 ], [ 210123.4541, 564018.546500000054948 ] ] ] ] } },
{ "type": "Feature", "properties": { "buurtcode": "BU00861703", "buurtnaam": "Wijnjewoude-Buitengebied-Kleine Groningen", "pc6_codes": "9241GD, 9241GR, 9241GS, 9241GW, 9241GX, 9241GZ, 9241HA, 9241HB, 9241HC, 9241HD, 9241HE, 9241HG, 9241HH, 9241HJ, 9241HK, 9241HL, 9241HM, 9241HN, 9241HP, 9241HR, 9241HS, 9241WB, 9241WC, 9241WD, 9241WE, 9241WG, 9241WH, 9241WJ, 9241WK, 9241WL, 9241WN, 9241WP, 9241WR, 9241WS", "wijkcode": "WK008617", "gemeentecode": "GM0086", "gemeentenaam": "Opsterland", "oppervlakteLandInHa": 2772, "AantalInwoners_5": 870, "Mannen_6": 435, "Vrouwen_7": 430, "HuishoudensTotaal_29": 345, "GemiddeldeHuishoudensgrootte_33": 2.5, "Woningvoorraad_35": 340, "NieuwbouwWoningen_36": 2, "NietWoningvoorraad_37": 44, "NieuwbouwNietWoningen_38": 1, "GemiddeldeWOZWaardeVanWoningen_39": 432, "PercentageEengezinswoning_40": 94, "PercentageTussenwoningEengezins_41": 1, "PercentageHoekwoningEengezins_42": 1, "PercentageTweeOnderEenKapWoningEe_43": 3, "PercentageVrijstaandeWoningEengezins_44": 91, "PercentageMeergezinswoning_45": 6, "Koopwoningen_47": 93, "HuurwoningenTotaal_48": 7, "InBezitWoningcorporatie_49": 0, "InBezitOverigeVerhuurders_50": 7, "BouwjaarMeerDanTienJaarGeleden_51": 97, "BouwjaarAfgelopenTienJaar_52": 3, "GemiddeldeElektriciteitslevering_53": 3720, "GemiddeldeElektriciteitsteruglevering_54": 1820, "GemiddeldAardgasverbruik_55": 1230, "AardgasvrijeWoningen_57": 5, "Aardgaswoningen_58": 72, "WoningenMetZonnestroom_59": 52, "WoningenHoofdzElektrVerwarmd_60": 19, "k_20PersonenMetHoogsteInkomen_80": 21.1, "k_20HuishoudensMetHoogsteInkomen_85": 27.6, "MediaanVermogenVanParticuliereHuish_86": 360.1, "PersonenautoSTotaal_104": 510, "PersonenautoSBrandstofBenzine_105": 345, "PersonenautoSOverigeBrandstof_106": 165, "PersonenautoSPerHuishouden_107": 1.5, "Omgevingsadressendichtheid_121": 49, "AantalInstallatiesBijWoningen_5": 111, "OpgesteldVermogenVanZonnepanelen_6": 593, "installaties_per_woning": 0.32647058823529412, "vermogen_per_woning": 1.7441176470588236, "installaties_per_100_woningen": 32.647058823529413, "vermogen_per_huishouden": 1.7188405797101449, "batterijdruk_score": 946.4, "koop_zon_score": 0.4836, "eengezins_zon_score": 0.4888, "betaalkracht_zon_score": 187.252, "overige_brandstof_zon_score": 85.8, "lichte_batterij_kansscore": 0.5334365890934043 }, "geometry": { "type": "MultiPolygon", "coordinates": [ [ [ [ 213026.75, 563804.925000000046566 ], [ 213002.472, 563703.839999999967404 ], [ 212637.586000000010245, 563641.22199999995064 ], [ 213152.942000000010012, 562827.01859999995213 ], [ 213113.611, 562805.317999999970198 ], [ 213079.69, 562786.685000000055879 ], [ 213073.873, 562783.49 ], [ 213039.691, 562765.157 ], [ 213002.772, 562746.452999999979511 ], [ 213000.0, 562744.844000000040978 ], [ 212976.9209, 562731.4508 ], [ 212968.214, 562726.398000000044703 ], [ 212963.152, 562723.753000000026077 ], [ 212936.793, 562709.961000000010245 ], [ 212899.653, 562689.805000000051223 ], [ 212856.301, 562666.157 ], [ 212828.135, 562650.621000000042841 ], [ 212800.255, 562636.419 ], [ 212756.336000000010245, 562612.59699999995064 ], [ 212718.89000000001397, 562592.365 ], [ 212662.995, 562562.057999999960884 ], [ 212660.652, 562561.074999999953434 ], [ 212658.434, 562559.988000000012107 ], [ 212628.755, 562544.020000000018626 ], [ 212627.929, 562526.375 ], [ 212597.761999999987893, 562511.351000000024214 ], [ 212578.00700000001234, 562501.038999999989755 ], [ 212572.726, 562497.946 ], [ 212509.359, 562464.670999999972992 ], [ 212489.35, 562454.032 ], [ 212478.918, 562448.593 ], [ 212436.99, 562427.59699999995064 ], [ 212427.269999999989523, 562422.050999999977648 ], [ 212393.919, 562405.444999999948777 ], [ 212382.726, 562399.70499999995809 ], [ 212338.821999999985565, 562377.996000000042841 ], [ 212332.980000000010477, 562374.495 ], [ 212314.828, 562364.73699999996461 ], [ 212286.348, 562350.167999999946915 ], [ 212253.334, 562333.064999999944121 ], [ 212213.10999999998603, 562312.040000000037253 ], [ 212170.452, 562290.329000000027008 ], [ 212138.920000000012806, 562273.949999999953434 ], [ 212133.839, 562270.964999999967404 ], [ 212116.282, 562261.966000000014901 ], [ 212111.170000000012806, 562259.011999999987893 ], [ 212077.345, 562241.087999999988824 ], [ 212074.544, 562239.537999999942258 ], [ 212063.628, 562233.682000000029802 ], [ 212057.083000000013271, 562230.162999999942258 ], [ 212016.996000000013737, 562208.802000000025146 ], [ 211990.756, 562194.430999999982305 ], [ 211969.788, 562183.243999999947846 ], [ 211956.443999999988591, 562177.378000000026077 ], [ 211932.13200000001234, 562164.040000000037253 ], [ 211907.064000000013039, 562149.888999999966472 ], [ 211903.362, 562147.925000000046566 ], [ 211879.948, 562135.408000000054017 ], [ 211867.443, 562128.723 ], [ 211860.698, 562124.849999999976717 ], [ 211838.071, 562113.437000000034459 ], [ 211832.362, 562110.167999999946915 ], [ 211749.038999999989755, 562065.46999999997206 ], [ 211742.915, 562062.12699999997858 ], [ 211701.259, 562039.62300000002142 ], [ 211614.352000000013504, 561992.816 ], [ 211607.044, 561989.631000000052154 ], [ 211566.662000000011176, 561966.846000000019558 ], [ 211556.717, 561962.12 ], [ 211542.679, 561954.559 ], [ 211511.813, 561937.932999999960884 ], [ 211505.696, 561934.268000000040047 ], [ 211462.054, 561911.27800000004936 ], [ 211450.575000000011642, 561904.495 ], [ 211362.5, 561857.25199999997858 ], [ 211354.797, 561853.074000000022352 ], [ 211341.422, 561845.939999999944121 ], [ 211264.221, 561804.709000000031665 ], [ 211260.69, 561802.96999999997206 ], [ 211188.07, 561763.949999999953434 ], [ 211169.60999999998603, 561754.459999999962747 ], [ 211161.87, 561750.560000000055879 ], [ 211134.89000000001397, 561735.699999999953434 ], [ 211132.916, 561734.915000000037253 ], [ 211125.552, 561731.297000000020489 ], [ 211109.49, 561722.488999999943189 ], [ 211094.965999999985797, 561714.523999999975786 ], [ 211090.692000000010012, 561712.037999999942258 ], [ 211088.503, 561710.76500000001397 ], [ 211066.968, 561699.282 ], [ 211048.518000000010943, 561689.927999999956228 ], [ 211040.685, 561686.87300000002142 ], [ 211037.619, 561686.199000000022352 ], [ 211035.872, 561685.814999999944121 ], [ 211033.843, 561685.038999999989755 ], [ 211030.446999999985565, 561684.682999999960884 ], [ 211023.351, 561683.745 ], [ 211011.468, 561682.979000000050291 ], [ 210993.924999999988358, 561683.689000000013039 ], [ 210972.71, 561684.849999999976717 ], [ 210947.348999999987427, 561685.905999999959022 ], [ 210946.225, 561685.927999999956228 ], [ 210938.51, 561685.62 ], [ 210922.24, 561686.28000000002794 ], [ 210908.14000000001397, 561685.310000000055879 ], [ 210886.829999999987194, 561682.040000000037253 ], [ 210877.950000000011642, 561680.53000000002794 ], [ 210876.266, 561680.381999999983236 ], [ 210842.041, 561674.587999999988824 ], [ 210837.087999999988824, 561673.62699999997858 ], [ 210816.371000000013737, 561669.589999999967404 ], [ 210797.39000000001397, 561666.319999999948777 ], [ 210764.1, 561660.314000000013039 ], [ 210745.339, 561656.23699999996461 ], [ 210723.755, 561650.158999999985099 ], [ 210704.014, 561644.615 ], [ 210672.568999999988591, 561633.589000000036322 ], [ 210651.741, 561625.77800000004936 ], [ 210639.356, 561620.976000000024214 ], [ 210638.988000000012107, 561622.189999999944121 ], [ 210635.16, 561620.71999999997206 ], [ 210533.84, 561581.800000000046566 ], [ 210531.94, 561580.520000000018626 ], [ 210529.76, 561578.069999999948777 ], [ 210527.84, 561572.939999999944121 ], [ 210527.43, 561569.949999999953434 ], [ 210538.07, 561551.660000000032596 ], [ 210529.965999999985797, 561547.728 ], [ 210529.671, 561548.243000000016764 ], [ 210526.200000000011642, 561545.807999999960884 ], [ 210513.541, 561537.675999999977648 ], [ 210511.804, 561536.560000000055879 ], [ 210501.085, 561529.674 ], [ 210494.909000000014203, 561525.707000000053085 ], [ 210489.352000000013504, 561521.672999999951571 ], [ 210416.378, 561475.814999999944121 ], [ 210384.687, 561455.077999999979511 ], [ 210384.12, 561420.910000000032596 ], [ 210383.256, 561392.086000000010245 ], [ 210382.533, 561353.812000000034459 ], [ 210354.904, 561364.75199999997858 ], [ 210319.496000000013737, 561378.959999999962747 ], [ 210288.116, 561391.581 ], [ 210287.924, 561391.660000000032596 ], [ 210280.521, 561394.63800000003539 ], [ 210257.919, 561403.658000000054017 ], [ 210248.674999999988358, 561407.273999999975786 ], [ 210239.638, 561410.810000000055879 ], [ 210226.568, 561415.922999999951571 ], [ 210191.263, 561430.177000000025146 ], [ 210141.429, 561449.871000000042841 ], [ 210113.619, 561460.327999999979511 ], [ 210112.399, 561460.787000000011176 ], [ 210091.939000000013039, 561468.787999999942258 ], [ 210064.09, 561479.677999999956228 ], [ 210055.965999999985797, 561482.854999999981374 ], [ 210049.261999999987893, 561485.424 ], [ 210048.946999999985565, 561485.554 ], [ 210003.836000000010245, 561504.147 ], [ 209970.277, 561517.337999999988824 ], [ 209945.965999999985797, 561527.167999999946915 ], [ 209936.378, 561531.04500000004191 ], [ 209908.445, 561541.991999999969266 ], [ 209907.973, 561543.224999999976717 ], [ 209882.149, 561536.78000000002794 ], [ 209870.385, 561533.844000000040978 ], [ 209851.538999999989755, 561529.297999999951571 ], [ 209830.747, 561524.447999999974854 ], [ 209814.082, 561520.947999999974854 ], [ 209802.231999999989057, 561517.952999999979511 ], [ 209786.486, 561514.621999999973923 ], [ 209757.535, 561507.821 ], [ 209741.473999999987427, 561504.089000000036322 ], [ 209736.682999999989988, 561502.613999999943189 ], [ 209733.237, 561500.873999999952503 ], [ 209730.799999999988358, 561499.425000000046566 ], [ 209730.191, 561499.103 ], [ 209718.481999999989057, 561492.908000000054017 ], [ 209677.621000000013737, 561472.060999999986961 ], [ 209676.783, 561471.650999999954365 ], [ 209672.840999999985797, 561469.72199999995064 ], [ 209636.814000000013039, 561452.09499999997206 ], [ 209616.589, 561441.726000000024214 ], [ 209593.53, 561430.27800000004936 ], [ 209557.877, 561412.366000000038184 ], [ 209546.534000000014203, 561406.241000000038184 ], [ 209525.063, 561346.118000000016764 ], [ 209524.666, 561345.008000000030734 ], [ 209524.594000000011874, 561344.805000000051223 ], [ 209521.321, 561335.638999999966472 ], [ 209520.577, 561333.346000000019558 ], [ 209520.545000000012806, 561333.246999999973923 ], [ 209519.872, 561331.172000000020489 ], [ 209516.96, 561322.194000000017695 ], [ 209510.715, 561303.966000000014901 ], [ 209509.655999999988126, 561299.584999999962747 ], [ 209509.631, 561299.481999999959953 ], [ 209509.6, 561299.356999999959953 ], [ 209509.596, 561299.339000000036322 ], [ 209504.604, 561265.753000000026077 ], [ 209501.899, 561246.501000000047497 ], [ 209501.456, 561243.26 ], [ 209500.423, 561236.045999999972992 ], [ 209499.086000000010245, 561226.562000000034459 ], [ 209498.24900000001071, 561217.85999999998603 ], [ 209496.76500000001397, 561211.542000000015832 ], [ 209492.013, 561180.245 ], [ 209487.068999999988591, 561149.37 ], [ 209484.073, 561132.177999999956228 ], [ 209482.239, 561129.067999999970198 ], [ 209478.853, 561124.341000000014901 ], [ 209473.286, 561115.895999999949709 ], [ 209472.32, 561114.430999999982305 ], [ 209462.63200000001234, 561099.685999999986961 ], [ 209450.009, 561080.728 ], [ 209441.932999999989988, 561068.26300000003539 ], [ 209440.636999999987893, 561066.603 ], [ 209439.604, 561065.560999999986961 ], [ 209438.165, 561064.582999999984168 ], [ 209433.155, 561062.498999999952503 ], [ 209423.087, 561058.45499999995809 ], [ 209397.840999999985797, 561048.853 ], [ 209356.284000000014203, 561033.464999999967404 ], [ 209353.739, 561032.49 ], [ 209337.369, 561026.638999999966472 ], [ 209307.279, 561015.99800000002142 ], [ 209301.328, 561013.479000000050291 ], [ 209297.785, 561011.555999999982305 ], [ 209295.083000000013271, 561008.829000000027008 ], [ 209292.355000000010477, 561005.410999999963678 ], [ 209288.935999999986961, 561000.0 ], [ 209283.816, 560991.895999999949709 ], [ 209275.345, 560977.922000000020489 ], [ 209267.009, 560963.415000000037253 ], [ 209263.611, 560956.797999999951571 ], [ 209240.949, 560847.822999999974854 ], [ 209240.837, 560847.285999999963678 ], [ 209240.62400000001071, 560846.118000000016764 ], [ 209236.522999999986496, 560840.403999999980442 ], [ 209230.021, 560830.919 ], [ 209214.481, 560808.537000000011176 ], [ 209194.755, 560780.023000000044703 ], [ 209182.473, 560762.312999999965541 ], [ 209179.535, 560757.10999999998603 ], [ 209178.187, 560754.72199999995064 ], [ 209176.105000000010477, 560752.77800000004936 ], [ 209162.560999999986961, 560740.133000000030734 ], [ 209139.586000000010245, 560719.403999999980442 ], [ 209119.907, 560700.935999999986961 ], [ 209101.529, 560684.398000000044703 ], [ 209081.967, 560667.511000000056811 ], [ 209071.094000000011874, 560657.745 ], [ 209054.68, 560643.219000000040978 ], [ 209032.723999999987427, 560623.393999999971129 ], [ 209006.329999999987194, 560600.118000000016764 ], [ 208999.123, 560593.12699999997858 ], [ 208991.827, 560586.469000000040978 ], [ 208972.324, 560568.807000000029802 ], [ 208968.077, 560564.055999999982305 ], [ 208965.937, 560560.723 ], [ 208956.76500000001397, 560540.10999999998603 ], [ 208944.957, 560514.474999999976717 ], [ 208930.937, 560484.238999999943189 ], [ 208920.052, 560461.555000000051223 ], [ 208918.994, 560459.349999999976717 ], [ 208902.733, 560423.533000000054017 ], [ 208893.438, 560403.228 ], [ 208890.703, 560397.952999999979511 ], [ 208888.267, 560394.707999999984168 ], [ 208875.634, 560382.268000000040047 ], [ 208857.937, 560366.96999999997206 ], [ 208839.424, 560351.194000000017695 ], [ 208832.174, 560345.0 ], [ 208830.364, 560343.729000000050291 ], [ 208822.74900000001071, 560338.38800000003539 ], [ 208821.019999999989523, 560337.175000000046566 ], [ 208756.657, 560282.702000000048429 ], [ 208711.173, 560243.984000000054948 ], [ 208694.886, 560229.378000000026077 ], [ 208677.979, 560214.87699999997858 ], [ 208673.797, 560209.979000000050291 ], [ 208656.73499999998603, 560189.081 ], [ 208640.135, 560168.748999999952503 ], [ 208641.302, 560166.672999999951571 ], [ 208635.47, 560156.865 ], [ 208634.712, 560155.589000000036322 ], [ 208634.616, 560155.427999999956228 ], [ 208614.759, 560137.542999999946915 ], [ 208612.946999999985565, 560135.934 ], [ 208603.439000000013039, 560127.493000000016764 ], [ 208591.279, 560109.366999999969266 ], [ 208577.060999999986961, 560087.96999999997206 ], [ 208575.093, 560085.261999999987893 ], [ 208438.98499999998603, 559983.775000000023283 ], [ 208438.538, 559983.442000000039116 ], [ 208421.222, 559970.530999999959022 ], [ 208410.927, 559962.854999999981374 ], [ 208409.958000000013271, 559962.131999999983236 ], [ 208404.987, 559958.425999999977648 ], [ 208404.951, 559958.398999999975786 ], [ 208404.462999999988824, 559958.035000000032596 ], [ 208403.409000000014203, 559957.248999999952503 ], [ 208316.85, 559892.707000000053085 ], [ 208237.234, 559833.343 ], [ 208236.606, 559832.873999999952503 ], [ 208236.399, 559832.71999999997206 ], [ 208218.026000000012573, 559819.020999999949709 ], [ 208201.514, 559806.709000000031665 ], [ 208201.416, 559806.636000000056811 ], [ 208200.393000000010943, 559805.87300000002142 ], [ 208196.492, 559802.82999999995809 ], [ 207992.19, 559643.459999999962747 ], [ 207990.655, 559642.261999999987893 ], [ 207987.418, 559639.73699999996461 ], [ 207984.862, 559637.743000000016764 ], [ 207983.62, 559636.773999999975786 ], [ 207960.855000000010477, 559623.468 ], [ 207935.972, 559609.26 ], [ 207926.585, 559603.900999999954365 ], [ 207895.306000000011409, 559585.783000000054017 ], [ 207874.712999999988824, 559573.466999999945983 ], [ 207866.87599999998929, 559569.008000000030734 ], [ 207859.117, 559565.753999999957159 ], [ 207838.192000000010012, 559557.51500000001397 ], [ 207816.986, 559548.925999999977648 ], [ 207798.692000000010012, 559542.814999999944121 ], [ 207780.29, 559535.128999999957159 ], [ 207760.030999999988126, 559527.378000000026077 ], [ 207750.525, 559523.386000000056811 ], [ 207749.996000000013737, 559523.163999999989755 ], [ 207748.548, 559522.604000000050291 ], [ 207747.809, 559522.319000000017695 ], [ 207746.685999999986961, 559522.072999999974854 ], [ 207742.285, 559521.111000000033528 ], [ 207737.325000000011642, 559520.027 ], [ 207710.636, 559517.258000000030734 ], [ 207683.98499999998603, 559514.427000000025146 ], [ 207652.952, 559510.067000000039116 ], [ 207631.446, 559506.871000000042841 ], [ 207630.745, 559506.79500000004191 ], [ 207615.2112, 559505.122199999983422 ], [ 207615.209200000012061, 559505.125600000028498 ], [ 206969.971, 560565.647 ], [ 206844.2421, 560605.95609999995213 ], [ 206786.5801, 560721.341099999961443 ], [ 206695.551100000011502, 560885.125099999946542 ], [ 206765.339100000011967, 560929.838100000051782 ], [ 206435.122200000012526, 561456.225100000039674 ], [ 206531.6771, 561514.034899999969639 ], [ 206481.7501, 561592.5281 ], [ 206481.62599999998929, 561592.451 ], [ 206456.222199999989243, 561631.4401 ], [ 206394.783, 561591.410000000032596 ], [ 205396.3871, 563209.4891 ], [ 205321.949, 563236.738099999958649 ], [ 205368.081100000010338, 563375.199099999968894 ], [ 205144.0911, 563751.550000000046566 ], [ 204979.913, 563753.584000000031665 ], [ 205022.824, 563865.587999999988824 ], [ 205028.59, 563931.934 ], [ 205014.174, 563969.435000000055879 ], [ 205028.59, 563982.415000000037253 ], [ 205044.446999999985565, 563992.511999999987893 ], [ 205063.187, 564012.70499999995809 ], [ 205053.097, 564042.993000000016764 ], [ 205067.513, 564057.415999999968335 ], [ 205084.81, 564061.743999999947846 ], [ 205100.669, 564084.819999999948777 ], [ 205094.903, 564123.761999999987893 ], [ 205135.266, 564136.743999999947846 ], [ 205148.239, 564171.35999999998603 ], [ 205165.538999999989755, 564191.550999999977648 ], [ 205133.825000000011642, 564246.35999999998603 ], [ 205120.585, 564314.098 ], [ 205137.987, 564322.106999999959953 ], [ 205145.082, 564320.687000000034459 ], [ 205163.53, 564300.099000000045635 ], [ 205184.815, 564280.930999999982305 ], [ 205192.621000000013737, 564281.643000000040047 ], [ 205196.168, 564290.87 ], [ 205186.943999999988591, 564312.167999999946915 ], [ 205189.782, 564318.557000000029802 ], [ 205237.32, 564335.59499999997206 ], [ 205267.829999999987194, 564340.564000000013039 ], [ 205362.196999999985565, 564442.790000000037253 ], [ 205384.192000000010012, 564456.275999999954365 ], [ 205401.222, 564483.962999999988824 ], [ 205478.586000000010245, 564562.457999999984168 ], [ 205626.75700000001234, 564383.253000000026077 ], [ 205703.429, 564308.875 ], [ 205734.700000000011642, 564293.712000000057742 ], [ 205772.304, 564283.773999999975786 ], [ 205813.458000000013271, 564280.934 ], [ 205856.738000000012107, 564285.90300000004936 ], [ 205907.824, 564302.231999999959953 ], [ 205971.681000000011409, 564322.109000000054948 ], [ 206120.682999999989988, 564346.95499999995809 ], [ 206227.821999999985565, 564354.052999999956228 ], [ 206305.871000000013737, 564368.962999999988824 ], [ 206363.343, 564402.326 ], [ 206418.684, 564458.408999999985099 ], [ 206459.128999999986263, 564532.947999999974854 ], [ 206498.152, 564576.25199999997858 ], [ 206563.429, 564612.456 ], [ 206627.995, 564630.913999999989755 ], [ 206701.786, 564674.927999999956228 ], [ 206756.420000000012806, 564698.354999999981374 ], [ 206842.983, 564714.682000000029802 ], [ 206891.94, 564731.008000000030734 ], [ 206949.413, 564767.214999999967404 ], [ 206984.888, 564799.868000000016764 ], [ 207002.627, 564822.586000000010245 ], [ 207048.746000000013737, 564844.591999999945983 ], [ 207080.673, 564852.400999999954365 ], [ 207109.055, 564851.692000000039116 ], [ 207145.951, 564847.432000000029802 ], [ 207184.26500000001397, 564830.393000000040047 ], [ 207216.903, 564804.837999999988824 ], [ 207323.333000000013271, 564721.069999999948777 ], [ 207365.904, 564695.513999999966472 ], [ 207404.929, 564678.476000000024214 ], [ 207447.5, 564670.667999999946915 ], [ 207500.715, 564669.956 ], [ 207558.897, 564673.506000000052154 ], [ 207624.884, 564686.285000000032596 ], [ 207680.935, 564703.322000000043772 ], [ 207739.826, 564726.748999999952503 ], [ 207790.912000000011176, 564748.04500000004191 ], [ 207846.256, 564758.694999999948777 ], [ 207906.566, 564765.792999999946915 ], [ 207939.913, 564761.533999999985099 ], [ 207988.16, 564753.724000000045635 ], [ 207987.451, 564753.724000000045635 ], [ 208030.731, 564738.816 ], [ 208070.465999999985797, 564723.908000000054017 ], [ 208132.903, 564706.871999999973923 ], [ 208195.343, 564700.483 ], [ 208227.272, 564701.90300000004936 ], [ 208298.223999999987427, 564712.550999999977648 ], [ 208366.337999999988824, 564732.427999999956228 ], [ 208440.839, 564759.40500000002794 ], [ 208502.568, 564784.961000000010245 ], [ 208530.24, 564799.158999999985099 ], [ 208564.296, 564831.104999999981374 ], [ 208596.935, 564885.767 ], [ 208622.478, 564909.90300000004936 ], [ 208716.136999999987893, 564951.785999999963678 ], [ 208785.670000000012806, 564978.054 ], [ 208859.459, 565007.158000000054017 ], [ 208903.449, 565029.875 ], [ 208963.049999999988358, 565068.209999999962747 ], [ 209030.454, 565125.0 ], [ 209085.087999999988824, 565185.343 ], [ 209124.69, 565220.47199999995064 ], [ 209219.899, 565291.826 ], [ 209300.785, 565337.96999999997206 ], [ 209388.768000000010943, 565380.562999999965541 ], [ 209461.848999999987427, 565409.669 ], [ 209592.402, 565441.615 ], [ 209644.196, 565462.910999999963678 ], [ 209691.026000000012573, 565492.726999999955297 ], [ 209733.597, 565526.802000000025146 ], [ 209774.74900000001071, 565570.106000000028871 ], [ 209803.84, 565611.991000000038184 ], [ 209832.931000000011409, 565665.231000000028871 ], [ 209850.668, 565718.474000000045635 ], [ 209864.15, 565780.236000000033528 ], [ 209891.821999999985565, 565827.089999999967404 ], [ 209920.204, 565859.746000000042841 ], [ 209959.227000000013504, 565887.430000000051223 ], [ 210025.921, 565910.856999999959953 ], [ 210096.87599999998929, 565908.728 ], [ 210169.957, 565915.116999999969266 ], [ 210226.719000000011874, 565931.444000000017695 ], [ 210299.090999999985797, 565963.39000000001397 ], [ 210371.462, 566004.562999999965541 ], [ 210445.962999999988824, 566047.158000000054017 ], [ 210587.16, 566130.216000000014901 ], [ 210615.541, 566160.741000000038184 ], [ 210633.279, 566194.106000000028871 ], [ 210646.759, 566227.47199999995064 ], [ 210655.274, 566263.675999999977648 ], [ 210658.172, 566278.354999999981374 ], [ 213314.666999999986729, 563910.072000000043772 ], [ 213026.75, 563804.925000000046566 ] ], [ [ 210222.82, 564067.935000000055879 ], [ 210247.541999999986729, 564046.687000000034459 ], [ 210251.079999999987194, 564049.322999999974854 ], [ 210276.99900000001071, 564070.903999999980442 ], [ 210280.174, 564071.82999999995809 ], [ 210290.228, 564078.974000000045635 ], [ 210316.116, 564100.76500000001397 ], [ 210308.628, 564108.488999999943189 ], [ 210334.907, 564138.025000000023283 ], [ 210349.034000000014203, 564125.383999999961816 ], [ 210373.563, 564152.37300000002142 ], [ 210378.104, 564148.805999999982305 ], [ 210433.35999999998603, 564208.821 ], [ 210418.337, 564222.278999999980442 ], [ 210431.0008, 564236.8554 ], [ 210464.568399999989197, 564273.883799999952316 ], [ 210449.909699999989243, 564292.134100000024773 ], [ 210401.2904, 564258.968100000056438 ], [ 210252.557999999989988, 564157.509500000043772 ], [ 210171.473, 564230.800000000046566 ], [ 210114.116, 564167.343 ], [ 210138.981999999989057, 564145.287999999942258 ], [ 210107.283, 564111.677000000025146 ], [ 210099.878, 564118.407 ], [ 210063.814000000013039, 564079.432999999960884 ], [ 210025.4134, 564114.84340000001248 ], [ 210017.522, 564108.310000000055879 ], [ 209962.0551, 564062.388400000054389 ], [ 209955.5918, 564057.381799999973737 ], [ 209988.2134, 564028.6261 ], [ 209982.046899999986636, 564022.500600000028498 ], [ 209948.996000000013737, 563989.669 ], [ 209939.503, 563980.238999999943189 ], [ 209942.496099999989383, 563977.096000000019558 ], [ 209936.635, 563971.886000000056811 ], [ 209906.301, 563944.922000000020489 ], [ 209889.0719, 563960.3356 ], [ 209878.084, 563947.631999999983236 ], [ 209861.661, 563961.837000000057742 ], [ 209843.942000000010012, 563941.888999999966472 ], [ 209827.272999999986496, 563957.946 ], [ 209821.4711, 563951.997899999958463 ], [ 209781.942000000010012, 563986.957000000053085 ], [ 209747.536499999987427, 563957.939099999959581 ], [ 209708.692000000010012, 563994.128000000026077 ], [ 209705.65, 563993.731000000028871 ], [ 209702.8932, 563990.5906 ], [ 209684.1257, 564006.8358 ], [ 209673.256, 563994.48499999998603 ], [ 209671.655, 563993.165000000037253 ], [ 209660.2171, 563993.166500000050291 ], [ 209659.689000000013039, 563992.497500000055879 ], [ 209652.889, 563983.883999999961816 ], [ 209649.786, 563978.898999999975786 ], [ 209648.810999999986961, 563976.743999999947846 ], [ 209649.443, 563974.929 ], [ 209653.647, 563971.584999999962747 ], [ 209671.6655, 563956.610499999951571 ], [ 209699.087, 563934.137800000025891 ], [ 209708.7143, 563926.399100000038743 ], [ 209708.269999999989523, 563925.341000000014901 ], [ 209705.901000000012573, 563919.699000000022352 ], [ 209669.234, 563878.623999999952503 ], [ 209667.7336, 563876.926800000015646 ], [ 209691.899, 563855.319999999948777 ], [ 209725.087999999988824, 563825.645000000018626 ], [ 209723.717, 563825.084000000031665 ], [ 209715.549, 563817.795999999972992 ], [ 209708.397999999986496, 563811.258000000030734 ], [ 209706.43, 563809.371999999973923 ], [ 209699.355000000010477, 563802.589000000036322 ], [ 209696.029, 563799.692000000039116 ], [ 209686.25700000001234, 563791.224999999976717 ], [ 209669.304, 563775.812000000034459 ], [ 209664.264, 563771.332000000053085 ], [ 209662.869, 563770.091999999945983 ], [ 209640.647999999986496, 563749.307000000029802 ], [ 209625.74299999998766, 563735.457000000053085 ], [ 209618.833000000013271, 563729.133000000030734 ], [ 209600.166999999986729, 563710.920999999972992 ], [ 209576.807999999989988, 563732.337000000057742 ], [ 209546.537000000011176, 563700.854999999981374 ], [ 209538.846, 563693.072999999974854 ], [ 209526.43, 563679.90300000004936 ], [ 209513.407, 563666.044 ], [ 209512.8639, 563665.544499999959953 ], [ 209519.284000000014203, 563659.0405 ], [ 209549.6025, 563624.229599999962375 ], [ 209551.136999999987893, 563616.275000000023283 ], [ 209531.426, 563615.481000000028871 ], [ 209508.439000000013039, 563609.961000000010245 ], [ 209504.429, 563607.924 ], [ 209473.9049, 563598.2698 ], [ 209472.652, 563597.358 ], [ 209480.738600000011502, 563589.207399999955669 ], [ 209536.551700000010896, 563536.443899999954738 ], [ 209516.185, 563506.930999999982305 ], [ 209498.649, 563523.116999999969266 ], [ 209481.731, 563505.096000000019558 ], [ 209501.231, 563486.072999999974854 ], [ 209480.5435, 563464.023000000044703 ], [ 209459.856, 563441.973 ], [ 209452.577, 563434.23499999998603 ], [ 209448.7415, 563429.535999999963678 ], [ 209436.9355, 563417.339000000036322 ], [ 209425.722, 563405.807999999960884 ], [ 209417.84, 563397.907 ], [ 209409.958000000013271, 563390.006000000052154 ], [ 209401.166999999986729, 563381.564000000013039 ], [ 209314.2066, 563465.967399999964982 ], [ 209272.7281, 563425.610800000024028 ], [ 209300.3013, 563397.271100000012666 ], [ 209284.358, 563381.758999999961816 ], [ 209259.4953, 563357.5688 ], [ 209316.2909, 563301.989399999962188 ], [ 209308.677, 563295.057999999960884 ], [ 209241.184, 563233.615 ], [ 209246.4719, 563227.906100000021979 ], [ 209224.979, 563206.478 ], [ 209214.859, 563205.029699999955483 ], [ 209202.766299999988405, 563201.870800000033341 ], [ 209188.9291, 563191.525400000042282 ], [ 209179.772399999987101, 563185.7694 ], [ 209176.198200000013458, 563185.326699999975972 ], [ 209167.018000000010943, 563178.807999999960884 ], [ 209205.099500000011176, 563142.1335 ], [ 209216.743500000011409, 563131.117199999978766 ], [ 209257.6389, 563168.346299999975599 ], [ 209263.165, 563162.275999999954365 ], [ 209267.968, 563157.0 ], [ 209269.945, 563154.356000000028871 ], [ 209272.968, 563150.312000000034459 ], [ 209276.2275, 563145.463499999954365 ], [ 209279.532, 563138.187000000034459 ], [ 209280.738000000012107, 563131.199999999953434 ], [ 209280.51, 563124.53000000002794 ], [ 209281.987, 563122.37699999997858 ], [ 209279.969000000011874, 563111.800999999977648 ], [ 209278.6325, 563099.3835 ], [ 209278.372, 563088.97199999995064 ], [ 209279.133299999986775, 563084.5392 ], [ 209283.983, 563078.860499999951571 ], [ 209285.884, 563080.484000000054948 ], [ 209344.57, 563130.885 ], [ 209317.989, 563158.270000000018626 ], [ 209283.0338, 563192.925900000031106 ], [ 209372.3267, 563278.484000000054948 ], [ 209435.068999999988591, 563347.964400000055321 ], [ 209445.813, 563337.359000000054948 ], [ 209492.700000000011642, 563388.371999999973923 ], [ 209493.640099999989616, 563389.409600000013597 ], [ 209550.5789, 563334.3319 ], [ 209568.2882, 563318.196499999961816 ], [ 209569.956100000010338, 563317.889899999951012 ], [ 209588.30360000001383, 563331.649699999950826 ], [ 209623.0094, 563357.766500000027008 ], [ 209629.315299999987474, 563361.4704 ], [ 209631.7321, 563361.436299999943003 ], [ 209635.034000000014203, 563359.256599999964237 ], [ 209646.4033, 563349.209200000041164 ], [ 209649.6711, 563348.187400000053458 ], [ 209651.5773, 563348.698300000047311 ], [ 209663.5253, 563336.471200000029057 ], [ 209729.4052, 563273.236599999945611 ], [ 209803.3694, 563202.242399999988265 ], [ 209820.6065, 563218.317099999985658 ], [ 209894.748499999986961, 563289.91890000004787 ], [ 209899.585, 563291.447999999974854 ], [ 209918.024, 563309.927000000025146 ], [ 209943.939000000013039, 563335.310000000055879 ], [ 209972.131, 563362.390999999945052 ], [ 209993.469000000011874, 563382.582000000053085 ], [ 209994.1065, 563383.17249999998603 ], [ 210004.623499999986961, 563374.419 ], [ 210041.669400000013411, 563414.606900000013411 ], [ 210044.6181, 563414.755899999989197 ], [ 210086.1531, 563377.235800000024028 ], [ 210089.1316, 563375.864900000044145 ], [ 210146.8143, 563438.771300000022165 ], [ 210155.1158, 563431.296500000054948 ], [ 210167.821999999985565, 563445.408000000054017 ], [ 210222.517499999987194, 563506.152499999967404 ], [ 210226.708000000013271, 563510.547000000020489 ], [ 210229.815, 563511.194200000027195 ], [ 210241.056000000011409, 563521.4301 ], [ 210279.314699999988079, 563556.268099999986589 ], [ 210297.96, 563576.577799999970011 ], [ 210311.661, 563592.849500000011176 ], [ 210319.703, 563600.597900000051595 ], [ 210339.241799999988871, 563612.160799999954179 ], [ 210365.0951, 563629.326499999966472 ], [ 210379.928000000014435, 563641.962399999960326 ], [ 210396.5479, 563659.7241 ], [ 210416.1911, 563685.2789000000339 ], [ 210449.0289, 563724.810599999967963 ], [ 210442.157700000010664, 563730.283500000019558 ], [ 210294.8773, 563863.496599999954924 ], [ 210123.4541, 564018.546500000054948 ], [ 210097.7452, 564040.912099999957718 ], [ 210099.9726, 564042.819000000017695 ], [ 210109.1662, 564050.0612 ], [ 210116.662000000011176, 564043.297000000020489 ], [ 210159.953, 564004.231000000028871 ], [ 210187.622, 564032.452999999979511 ], [ 210222.82, 564067.935000000055879 ] ] ] ] } }
]
}
