{
"type": "FeatureCollection",
"name": "Pijnacker-Nootdorp",
"crs": { "type": "name", "properties": { "name": "urn:ogc:def:crs:EPSG::28992" } },
"features": [
{ "type": "Feature", "properties": { "buurtcode": "BU19260101", "buurtnaam": "Pijnacker-Centrum/Dorp", "pc6_codes": "2641AA, 2641BD, 2641BE, 2641BL, 2641BM, 2641BN, 2641BZ, 2641CB, 2641DK, 2641DL, 2641DM, 2641DN, 2641DP, 2641DR, 2641DS, 2641DT, 2641DV, 2641DW, 2641DX, 2641DZ, 2641EA, 2641EB, 2641EC, 2641ED, 2641EE, 2641EG, 2641EH, 2641EJ, 2641EL, 2641EM, 2641EN, 2641EP, 2641ER, 2641ES, 2641ET, 2641EV, 2641EW, 2641EX, 2641EZ, 2641GA, 2641GB, 2641GC, 2641GD, 2641GE, 2641GG, 2641GH, 2641GJ, 2641GK, 2641GL, 2641GM, 2641GN, 2641GP, 2641GR, 2641GS, 2641GT, 2641GV, 2641GX, 2641GZ, 2641HA, 2641HB, 2641HC, 2641HD, 2641HE, 2641HG, 2641HH, 2641HJ, 2641HK, 2641HL, 2641HM, 2641HN, 2641HP, 2641HR, 2641HS, 2641HT, 2641HV, 2641HW, 2641HX, 2641HZ, 2641JA, 2641JB, 2641JC, 2641JD, 2641JE, 2641JG, 2641JH, 2641JJ, 2641JK, 2641JL, 2641JM, 2641JP, 2641JR, 2641JS, 2641JT, 2641JV, 2641JW, 2641JX, 2641JZ, 2641RH, 2641RJ, 2641RL, 2641RM, 2641RN, 2641RP, 2641RR, 2641RS, 2641RT, 2641RV, 2641RW, 2641RX, 2641RZ", "wijkcode": "WK192601", "gemeentecode": "GM1926", "gemeentenaam": "Pijnacker-Nootdorp", "oppervlakteLandInHa": 67, "AantalInwoners_5": 4190, "Mannen_6": 2055, "Vrouwen_7": 2135, "HuishoudensTotaal_29": 1890, "GemiddeldeHuishoudensgrootte_33": 2.2, "Woningvoorraad_35": 1898, "NieuwbouwWoningen_36": 1, "NietWoningvoorraad_37": 208, "NieuwbouwNietWoningen_38": 0, "GemiddeldeWOZWaardeVanWoningen_39": 440, "PercentageEengezinswoning_40": 69, "PercentageTussenwoningEengezins_41": 43, "PercentageHoekwoningEengezins_42": 17, "PercentageTweeOnderEenKapWoningEe_43": 5, "PercentageVrijstaandeWoningEengezins_44": 4, "PercentageMeergezinswoning_45": 31, "Koopwoningen_47": 72, "HuurwoningenTotaal_48": 28, "InBezitWoningcorporatie_49": 16, "InBezitOverigeVerhuurders_50": 12, "BouwjaarMeerDanTienJaarGeleden_51": 95, "BouwjaarAfgelopenTienJaar_52": 5, "GemiddeldeElektriciteitslevering_53": 2430, "GemiddeldeElektriciteitsteruglevering_54": 730, "GemiddeldAardgasverbruik_55": 820, "AardgasvrijeWoningen_57": 3, "Aardgaswoningen_58": 90, "WoningenMetZonnestroom_59": 34, "WoningenHoofdzElektrVerwarmd_60": 6, "k_20PersonenMetHoogsteInkomen_80": 23.7, "k_20HuishoudensMetHoogsteInkomen_85": 23.6, "MediaanVermogenVanParticuliereHuish_86": 324.7, "PersonenautoSTotaal_104": 1925, "PersonenautoSBrandstofBenzine_105": 1575, "PersonenautoSOverigeBrandstof_106": 355, "PersonenautoSPerHuishouden_107": 1.0, "Omgevingsadressendichtheid_121": 1809, "AantalInstallatiesBijWoningen_5": 527, "OpgesteldVermogenVanZonnepanelen_6": 1887, "installaties_per_woning": 0.27766069546891464, "vermogen_per_woning": 0.99420442571127499, "installaties_per_100_woningen": 27.766069546891465, "vermogen_per_huishouden": 0.99841269841269842, "batterijdruk_score": 248.2, "koop_zon_score": 0.2448, "eengezins_zon_score": 0.2346, "betaalkracht_zon_score": 110.398, "overige_brandstof_zon_score": 120.7, "lichte_batterij_kansscore": 0.37733160580535963 }, "geometry": { "type": "MultiPolygon", "coordinates": [ [ [ [ 89711.50109999999404, 448508.631 ], [ 89711.502999999996973, 448508.62599999998929 ], [ 89730.401299999997718, 448515.8727 ], [ 89730.422999999995227, 448515.881 ], [ 89737.112200000003213, 448498.085299999976996 ], [ 89741.986000000004424, 448485.119 ], [ 89742.217000000004191, 448484.058000000019092 ], [ 89742.11699999999837, 448483.007999999972526 ], [ 89741.826, 448482.197999999974854 ], [ 89741.197, 448481.395000000018626 ], [ 89740.416100000002189, 448480.864799999981187 ], [ 89740.138000000006286, 448480.675999999977648 ], [ 89751.285000000003492, 448487.777 ], [ 89755.351999999998952, 448490.175999999977648 ], [ 89759.885200000004261, 448492.848899999982677 ], [ 89762.501799999998184, 448485.9988 ], [ 89765.293399999995017, 448478.7668999999878 ], [ 89787.566099999996368, 448421.067900000023656 ], [ 89805.040800000002491, 448376.883900000015274 ], [ 89818.589600000006612, 448341.3846 ], [ 89825.727400000003399, 448323.5209 ], [ 89842.951400000005378, 448279.8946 ], [ 89855.906000000002678, 448246.232000000018161 ], [ 89887.608099999997648, 448164.472599999979138 ], [ 89902.273400000005495, 448124.816899999976158 ], [ 89903.2941, 448122.1116 ], [ 89906.877699999997276, 448112.613399999972899 ], [ 89920.9658999999956, 448075.273700000019744 ], [ 89949.347500000003492, 447999.72019999998156 ], [ 89963.333700000002864, 447961.934 ], [ 89991.403099999995902, 447886.099800000025425 ], [ 89996.955199999996694, 447871.661499999987427 ], [ 90004.933099999994738, 447851.1778 ], [ 90021.00010000000475, 447809.924999999988358 ], [ 90052.43300000000454, 447725.189599999983329 ], [ 90077.260599999994156, 447660.013700000010431 ], [ 90092.576100000005681, 447619.57760000001872 ], [ 90066.209499999997206, 447610.2744 ], [ 90041.622499999997672, 447601.6752 ], [ 90017.435299999997369, 447593.2158 ], [ 89977.568, 447581.715000000025611 ], [ 89891.516900000002352, 447559.5037 ], [ 89871.84780000000319, 447560.0819 ], [ 89862.689199999993434, 447560.351100000028964 ], [ 89847.7114, 447567.2929 ], [ 89741.643100000001141, 447531.226199999975506 ], [ 89718.760500000003958, 447526.774900000018533 ], [ 89683.655400000003283, 447526.162200000020675 ], [ 89661.672900000005029, 447521.7266 ], [ 89573.2454, 447491.782200000016019 ], [ 89459.824900000006892, 447453.374300000024959 ], [ 89452.960600000005797, 447451.886500000022352 ], [ 89449.475300000005518, 447460.553000000014435 ], [ 89385.668399999995017, 447619.213899999973364 ], [ 89313.839200000002165, 447825.965299999981653 ], [ 89211.3885, 448101.0712 ], [ 89199.368400000006659, 448098.346599999989849 ], [ 89037.6884, 448033.466599999985192 ], [ 89008.466400000004796, 448021.716599999985192 ], [ 88801.232399999993504, 447938.3846 ], [ 88799.280400000003283, 447942.8846 ], [ 88798.233399999997346, 447942.7096 ], [ 88797.87840000000142, 447942.652599999972153 ], [ 88797.606400000004214, 447942.618599999987055 ], [ 88797.354399999996531, 447942.603599999973085 ], [ 88797.1014, 447942.604600000020582 ], [ 88796.849400000006426, 447942.621600000013132 ], [ 88796.598400000002584, 447942.6546 ], [ 88796.350399999995716, 447942.7036 ], [ 88796.1054, 447942.767600000021048 ], [ 88795.865399999995134, 447942.847599999979138 ], [ 88795.630399999994552, 447942.941600000020117 ], [ 88795.40240000000631, 447943.0516 ], [ 88795.151400000002468, 447943.181600000010803 ], [ 88794.867400000002817, 447943.353599999973085 ], [ 88794.791400000001886, 447943.4006 ], [ 88794.5824, 447943.543599999975413 ], [ 88794.383400000006077, 447943.6986 ], [ 88794.194399999993038, 447943.8666 ], [ 88794.015400000003865, 447944.0456000000122 ], [ 88793.849400000006426, 447944.2366 ], [ 88793.694399999993038, 447944.43660000001546 ], [ 88793.553400000004331, 447944.646599999978207 ], [ 88793.425399999992806, 447944.864599999971688 ], [ 88793.31239999999525, 447945.0906 ], [ 88793.084400000007008, 447945.581599999975879 ], [ 88782.3554, 447972.3026 ], [ 88769.055399999997462, 448010.2146 ], [ 88763.183399999994435, 448021.308599999989383 ], [ 88760.361399999994319, 448031.728599999973085 ], [ 88761.172399999995832, 448038.0296 ], [ 88763.079400000002352, 448042.353599999973085 ], [ 88759.955499999996391, 448049.150000000023283 ], [ 88749.392399999996996, 448067.8246 ], [ 88737.231400000004214, 448092.6606 ], [ 88738.295400000002701, 448096.485600000014529 ], [ 88744.454400000002352, 448099.347599999979138 ], [ 88751.535699999993085, 448102.640399999974761 ], [ 88752.125400000004447, 448102.914600000018254 ], [ 88759.266399999993155, 448106.232599999988452 ], [ 88774.649399999994785, 448113.3836 ], [ 88782.4654, 448117.012600000016391 ], [ 88791.339399999997113, 448121.140599999984261 ], [ 88790.4994, 448122.971599999989849 ], [ 88796.973400000002584, 448125.6726 ], [ 88804.516399999993155, 448128.819599999987986 ], [ 88812.21940000000177, 448132.034600000013597 ], [ 88819.731400000004214, 448135.168599999975413 ], [ 88827.1964, 448138.28259999997681 ], [ 88834.822400000004563, 448141.4646 ], [ 88842.3554, 448144.607599999988452 ], [ 88849.890400000003865, 448147.751600000017788 ], [ 88851.3995, 448148.3811 ], [ 88857.684399999998277, 448151.0026 ], [ 88865.743400000006659, 448154.365600000019185 ], [ 88873.71940000000177, 448157.6936 ], [ 88881.042400000005728, 448160.7486 ], [ 88888.506399999998393, 448163.863599999982398 ], [ 88896.164399999994203, 448167.058599999989383 ], [ 88904.076400000005378, 448170.359600000025239 ], [ 88911.5283999999956, 448173.468600000021979 ], [ 88919.867400000002817, 448176.939599999983329 ], [ 88927.708400000003166, 448180.219600000011269 ], [ 88935.488400000002002, 448183.4656 ], [ 88943.282399999996414, 448186.717599999974482 ], [ 88958.714399999997113, 448193.1556 ], [ 88974.360400000005029, 448199.683599999989383 ], [ 88982.087400000003981, 448202.90759999997681 ], [ 89020.64539999999397, 448218.995600000023842 ], [ 89040.584400000007008, 448227.314599999983329 ], [ 89039.534400000004098, 448229.787599999981467 ], [ 89047.669399999998859, 448233.0686 ], [ 89047.581399999995483, 448233.2966 ], [ 89066.796400000006543, 448240.9276 ], [ 89066.428400000004331, 448241.569599999987986 ], [ 89080.728400000007241, 448247.40759999997681 ], [ 89081.9033999999956, 448244.5306 ], [ 89089.2794, 448247.5736 ], [ 89095.95339999999851, 448250.326599999971222 ], [ 89101.631399999998393, 448252.669600000022911 ], [ 89110.122399999992922, 448256.179599999974016 ], [ 89114.109400000001187, 448257.82760000001872 ], [ 89120.988400000002002, 448260.6556 ], [ 89134.81140000000596, 448226.1546 ], [ 89134.833799999993062, 448226.161100000026636 ], [ 89134.835000000006403, 448226.158 ], [ 89143.207800000003772, 448228.5786 ], [ 89143.50340000000142, 448227.9206000000122 ], [ 89143.524600000004284, 448227.929400000022724 ], [ 89143.527000000001863, 448227.924 ], [ 89151.785999999992782, 448231.352000000013504 ], [ 89154.581300000005285, 448232.183399999979883 ], [ 89175.669999999998254, 448238.456 ], [ 89160.799, 448277.26500000001397 ], [ 89180.30000000000291, 448285.718999999982771 ], [ 89191.331000000005588, 448290.576 ], [ 89199.559999999997672, 448294.201 ], [ 89209.964999999996508, 448298.835000000020955 ], [ 89216.411999999996624, 448301.795999999972992 ], [ 89222.820999999996275, 448304.71999999997206 ], [ 89227.936000000001513, 448306.794999999983702 ], [ 89233.592000000004191, 448309.234 ], [ 89235.493000000002212, 448310.25199999997858 ], [ 89240.696200000005774, 448312.288500000024214 ], [ 89240.717999999993481, 448312.297000000020489 ], [ 89241.06600000000617, 448311.272999999986496 ], [ 89245.025200000003679, 448313.6693 ], [ 89245.043000000005122, 448313.68 ], [ 89252.235, 448304.591000000014901 ], [ 89254.691300000005867, 448300.675500000012107 ], [ 89254.695999999996275, 448300.668 ], [ 89259.119999999995343, 448303.202 ], [ 89263.845799999995506, 448307.25199999997858 ], [ 89263.861000000004424, 448307.26500000001397 ], [ 89271.43300000000454, 448298.543 ], [ 89273.50800000000163, 448295.457 ], [ 89280.1299, 448284.4131 ], [ 89280.13300000000163, 448284.408 ], [ 89293.387300000002142, 448289.8688 ], [ 89293.081999999994878, 448291.193000000028405 ], [ 89291.49199999999837, 448295.561999999976251 ], [ 89294.68300000000454, 448303.658999999985099 ], [ 89294.589999999996508, 448305.971000000019558 ], [ 89302.975999999995111, 448309.292000000015832 ], [ 89294.479999999995925, 448330.418 ], [ 89290.559999999997672, 448338.544 ], [ 89308.520999999993364, 448346.028 ], [ 89330.513000000006286, 448355.147 ], [ 89376.64, 448374.436999999976251 ], [ 89394.656600000002072, 448381.539600000018254 ], [ 89394.678, 448381.548 ], [ 89398.391699999992852, 448373.0442 ], [ 89398.394, 448373.038999999989755 ], [ 89418.14, 448380.987000000022817 ], [ 89414.418000000005122, 448389.775000000023283 ], [ 89458.432, 448407.184 ], [ 89475.251600000003236, 448413.626800000027288 ], [ 89475.273000000001048, 448413.635 ], [ 89485.727599999998347, 448390.5612 ], [ 89485.729999999995925, 448390.555999999982305 ], [ 89491.384999999994761, 448392.838999999978114 ], [ 89491.498000000006869, 448396.851000000024214 ], [ 89510.396500000002561, 448404.208600000012666 ], [ 89510.418000000005122, 448404.217 ], [ 89518.6397, 448384.413500000024214 ], [ 89518.642000000007101, 448384.408 ], [ 89535.914999999993597, 448391.582 ], [ 89554.801999999996042, 448399.76400000002468 ], [ 89537.221000000005006, 448426.321999999985565 ], [ 89523.137799999996787, 448460.406299999973271 ], [ 89528.214999999996508, 448462.704000000027008 ], [ 89584.369999999995343, 448486.268999999971129 ], [ 89612.462599999998929, 448498.085299999976996 ], [ 89624.235, 448503.037000000011176 ], [ 89641.929000000003725, 448510.618000000016764 ], [ 89649.106, 448513.693000000028405 ], [ 89656.17500000000291, 448516.723 ], [ 89670.077000000004773, 448522.68 ], [ 89701.160600000002887, 448535.9509 ], [ 89701.182, 448535.960000000020955 ], [ 89711.50109999999404, 448508.631 ] ] ] ] } },
{ "type": "Feature", "properties": { "buurtcode": "BU19260102", "buurtnaam": "Pijnacker Noord", "pc6_codes": "2641AA, 2641AB, 2641AC, 2641AD, 2641AE, 2641AG, 2641AH, 2641AJ, 2641AK, 2641AL, 2641AM, 2641AN, 2641AP, 2641AR, 2641AS, 2641AT, 2641AV, 2641AW, 2641AX, 2641BA, 2641BB, 2641BC, 2641BD, 2641BH, 2641CA, 2641CB, 2641CC, 2641CD, 2641CE, 2641CG, 2641CH, 2641CJ, 2641CK, 2641CL, 2641CM, 2641CN, 2641CP, 2641CR, 2641CS, 2641CT, 2641CV, 2641CW, 2641CX, 2641CZ, 2641DA, 2641DB, 2641DC, 2641DD, 2641DE, 2641DG, 2641DH, 2641DJ, 2641TA, 2641TB, 2641TC, 2641TD, 2641TE, 2641TG, 2641TH, 2641TJ, 2641TK, 2641TL, 2641TM, 2641TN, 2641TP, 2641TR, 2641VA, 2641VB, 2641VC, 2641VD, 2641VE, 2641VG, 2641VH, 2641VJ, 2641VK, 2641VL, 2641VM, 2641VN, 2641WB, 2641WC, 2641WD, 2641WE, 2641WG, 2641WH, 2641WJ, 2641WK, 2641WL, 2641WM, 2641WN, 2641WP, 2641WS, 2641WT, 2641XA, 2641XB, 2641XD, 2641XE, 2641XG, 2641XH, 2641XJ, 2641XK, 2641XL, 2641XM, 2641XN, 2641XP, 2641XR, 2641XS, 2641XT, 2641XV, 2641XW, 2641ZB, 2641ZC, 2641ZD, 2641ZE, 2641ZG, 2641ZH, 2641ZJ, 2641ZK, 2641ZL, 2641ZM, 2641ZN, 2641ZP, 2641ZR, 2641ZS, 2641ZT, 2641ZV", "wijkcode": "WK192601", "gemeentecode": "GM1926", "gemeentenaam": "Pijnacker-Nootdorp", "oppervlakteLandInHa": 64, "AantalInwoners_5": 4025, "Mannen_6": 1925, "Vrouwen_7": 2105, "HuishoudensTotaal_29": 1905, "GemiddeldeHuishoudensgrootte_33": 2.1, "Woningvoorraad_35": 1904, "NieuwbouwWoningen_36": 0, "NietWoningvoorraad_37": 506, "NieuwbouwNietWoningen_38": 4, "GemiddeldeWOZWaardeVanWoningen_39": 359, "PercentageEengezinswoning_40": 58, "PercentageTussenwoningEengezins_41": 40, "PercentageHoekwoningEengezins_42": 14, "PercentageTweeOnderEenKapWoningEe_43": 2, "PercentageVrijstaandeWoningEengezins_44": 2, "PercentageMeergezinswoning_45": 42, "Koopwoningen_47": 55, "HuurwoningenTotaal_48": 45, "InBezitWoningcorporatie_49": 38, "InBezitOverigeVerhuurders_50": 6, "BouwjaarMeerDanTienJaarGeleden_51": 96, "BouwjaarAfgelopenTienJaar_52": 4, "GemiddeldeElektriciteitslevering_53": 2410, "GemiddeldeElektriciteitsteruglevering_54": 540, "GemiddeldAardgasverbruik_55": 640, "AardgasvrijeWoningen_57": 18, "Aardgaswoningen_58": 69, "WoningenMetZonnestroom_59": 30, "WoningenHoofdzElektrVerwarmd_60": 3, "k_20PersonenMetHoogsteInkomen_80": 16.8, "k_20HuishoudensMetHoogsteInkomen_85": 15.7, "MediaanVermogenVanParticuliereHuish_86": 167.3, "PersonenautoSTotaal_104": 1710, "PersonenautoSBrandstofBenzine_105": 1465, "PersonenautoSOverigeBrandstof_106": 245, "PersonenautoSPerHuishouden_107": 0.9, "Omgevingsadressendichtheid_121": 1271, "AantalInstallatiesBijWoningen_5": 402, "OpgesteldVermogenVanZonnepanelen_6": 1229, "installaties_per_woning": 0.2111344537815126, "vermogen_per_woning": 0.64548319327731096, "installaties_per_100_woningen": 21.113445378151262, "vermogen_per_huishouden": 0.64514435695538053, "batterijdruk_score": 162.0, "koop_zon_score": 0.165, "eengezins_zon_score": 0.174, "betaalkracht_zon_score": 50.19, "overige_brandstof_zon_score": 73.5, "lichte_batterij_kansscore": 0.30590730927651977 }, "geometry": { "type": "MultiPolygon", "coordinates": [ [ [ [ 89086.93399999999383, 449532.708600000012666 ], [ 89122.9807, 449478.087899999984074 ], [ 89161.016300000002957, 449424.5458000000217 ], [ 89202.293900000004214, 449369.293699999980163 ], [ 89242.081600000004983, 449316.585199999972247 ], [ 89249.463399999993271, 449306.470900000014808 ], [ 89279.35120000000461, 449265.519299999985378 ], [ 89313.973299999997835, 449218.904199999989942 ], [ 89375.655199999993783, 449135.6605 ], [ 89409.522599999996601, 449090.879200000024866 ], [ 89443.82499999999709, 449044.178300000028685 ], [ 89478.617499999993015, 448997.004000000015367 ], [ 89552.539999999993597, 448897.993299999972805 ], [ 89587.868799999996554, 448847.696500000020023 ], [ 89618.581000000005588, 448799.647999999986496 ], [ 89674.346099999995204, 448701.123299999977462 ], [ 89696.927599999995437, 448654.217699999979232 ], [ 89720.220499999995809, 448594.1545 ], [ 89751.562300000005052, 448514.6374 ], [ 89759.885200000004261, 448492.848899999982677 ], [ 89755.351999999998952, 448490.175999999977648 ], [ 89751.285000000003492, 448487.777 ], [ 89740.138000000006286, 448480.675999999977648 ], [ 89740.416100000002189, 448480.864799999981187 ], [ 89741.197, 448481.395000000018626 ], [ 89741.826, 448482.197999999974854 ], [ 89742.11699999999837, 448483.007999999972526 ], [ 89742.217000000004191, 448484.058000000019092 ], [ 89741.986000000004424, 448485.119 ], [ 89737.112200000003213, 448498.085299999976996 ], [ 89730.422999999995227, 448515.881 ], [ 89730.401299999997718, 448515.8727 ], [ 89711.502999999996973, 448508.62599999998929 ], [ 89711.50109999999404, 448508.631 ], [ 89701.182, 448535.960000000020955 ], [ 89701.160600000002887, 448535.9509 ], [ 89670.077000000004773, 448522.68 ], [ 89656.17500000000291, 448516.723 ], [ 89649.106, 448513.693000000028405 ], [ 89641.929000000003725, 448510.618000000016764 ], [ 89624.235, 448503.037000000011176 ], [ 89612.462599999998929, 448498.085299999976996 ], [ 89584.369999999995343, 448486.268999999971129 ], [ 89528.214999999996508, 448462.704000000027008 ], [ 89523.137799999996787, 448460.406299999973271 ], [ 89537.221000000005006, 448426.321999999985565 ], [ 89554.801999999996042, 448399.76400000002468 ], [ 89535.914999999993597, 448391.582 ], [ 89518.642000000007101, 448384.408 ], [ 89518.6397, 448384.413500000024214 ], [ 89510.418000000005122, 448404.217 ], [ 89510.396500000002561, 448404.208600000012666 ], [ 89491.498000000006869, 448396.851000000024214 ], [ 89491.384999999994761, 448392.838999999978114 ], [ 89485.729999999995925, 448390.555999999982305 ], [ 89485.727599999998347, 448390.5612 ], [ 89475.273000000001048, 448413.635 ], [ 89475.251600000003236, 448413.626800000027288 ], [ 89458.432, 448407.184 ], [ 89414.418000000005122, 448389.775000000023283 ], [ 89418.14, 448380.987000000022817 ], [ 89398.394, 448373.038999999989755 ], [ 89398.391699999992852, 448373.0442 ], [ 89394.678, 448381.548 ], [ 89394.656600000002072, 448381.539600000018254 ], [ 89376.64, 448374.436999999976251 ], [ 89330.513000000006286, 448355.147 ], [ 89308.520999999993364, 448346.028 ], [ 89290.559999999997672, 448338.544 ], [ 89294.479999999995925, 448330.418 ], [ 89302.975999999995111, 448309.292000000015832 ], [ 89294.589999999996508, 448305.971000000019558 ], [ 89294.68300000000454, 448303.658999999985099 ], [ 89291.49199999999837, 448295.561999999976251 ], [ 89293.081999999994878, 448291.193000000028405 ], [ 89293.387300000002142, 448289.8688 ], [ 89280.13300000000163, 448284.408 ], [ 89280.1299, 448284.4131 ], [ 89273.50800000000163, 448295.457 ], [ 89271.43300000000454, 448298.543 ], [ 89263.861000000004424, 448307.26500000001397 ], [ 89263.845799999995506, 448307.25199999997858 ], [ 89259.119999999995343, 448303.202 ], [ 89254.695999999996275, 448300.668 ], [ 89254.691300000005867, 448300.675500000012107 ], [ 89252.235, 448304.591000000014901 ], [ 89245.043000000005122, 448313.68 ], [ 89245.025200000003679, 448313.6693 ], [ 89241.06600000000617, 448311.272999999986496 ], [ 89240.717999999993481, 448312.297000000020489 ], [ 89240.696200000005774, 448312.288500000024214 ], [ 89235.493000000002212, 448310.25199999997858 ], [ 89233.592000000004191, 448309.234 ], [ 89227.936000000001513, 448306.794999999983702 ], [ 89222.820999999996275, 448304.71999999997206 ], [ 89216.411999999996624, 448301.795999999972992 ], [ 89209.964999999996508, 448298.835000000020955 ], [ 89199.559999999997672, 448294.201 ], [ 89191.331000000005588, 448290.576 ], [ 89180.30000000000291, 448285.718999999982771 ], [ 89160.799, 448277.26500000001397 ], [ 89175.669999999998254, 448238.456 ], [ 89154.581300000005285, 448232.183399999979883 ], [ 89111.591, 448375.591699999989942 ], [ 89092.104500000001281, 448448.132600000011735 ], [ 88980.513099999996484, 448727.297100000025239 ], [ 88942.607600000003004, 448811.229500000015832 ], [ 88909.596300000004703, 448875.7256 ], [ 88882.175399999992806, 448918.194599999987986 ], [ 88804.636599999997998, 449035.92349999997532 ], [ 88799.056800000005751, 449042.958800000022165 ], [ 88799.07499999999709, 449042.968999999982771 ], [ 88795.168999999994412, 449049.449000000022352 ], [ 88794.415999999997439, 449050.601000000024214 ], [ 88789.164999999993597, 449057.857000000018161 ], [ 88788.902000000001863, 449058.341000000014901 ], [ 88788.464000000007218, 449058.777 ], [ 88782.619999999995343, 449068.420999999972992 ], [ 88775.202999999994063, 449079.511 ], [ 88762.35899999999674, 449104.060999999986961 ], [ 88755.244000000006054, 449120.853 ], [ 88750.18399999999383, 449135.789999999979045 ], [ 88744.879, 449147.543 ], [ 88737.585999999995693, 449163.759000000020023 ], [ 88730.796000000002095, 449182.531000000017229 ], [ 88730.103000000002794, 449185.908999999985099 ], [ 88731.13300000000163, 449187.933000000019092 ], [ 88730.580000000001746, 449189.82 ], [ 88728.399999999994179, 449190.577 ], [ 88727.069000000003143, 449193.365999999979977 ], [ 88719.323000000003958, 449216.583999999973457 ], [ 88717.10899999999674, 449223.454000000027008 ], [ 88703.263999999995576, 449264.4557 ], [ 88775.556500000006054, 449319.930600000021514 ], [ 88968.946500000005472, 449463.801099999982398 ], [ 89041.8122, 449516.2391 ], [ 89080.436700000005658, 449542.885599999979604 ], [ 89086.93399999999383, 449532.708600000012666 ] ] ] ] } },
{ "type": "Feature", "properties": { "buurtcode": "BU19260103", "buurtnaam": "Koningshof", "pc6_codes": "2641GT, 2641GW, 2641JN, 2641LA, 2641LB, 2641LC, 2641LD, 2641LE, 2641LG, 2641LH, 2641LJ, 2641LK, 2641LL, 2641LM, 2641LN, 2641LP, 2641LR, 2641LS, 2641LT, 2641LV, 2641LW, 2641LX, 2641LZ, 2641MA, 2641MB, 2641MC, 2641MD, 2641ME, 2641MG, 2641MH, 2641MJ, 2641MK, 2641ML, 2641MN, 2641MP, 2641MR, 2641MS, 2641MT, 2641MV, 2641MX, 2641MZ, 2641RK, 2641SN, 2641SP, 2641SR, 2641ST, 2641SV, 2641SW, 2641SX, 2641SZ, 2641TS, 2641TT, 2641TV, 2641TW, 2641TX, 2641TZ, 2641VP, 2641VR, 2641VS, 2641VT, 2641VV, 2641VW, 2641VX, 2641VZ, 2641XX, 2641XZ", "wijkcode": "WK192601", "gemeentecode": "GM1926", "gemeentenaam": "Pijnacker-Nootdorp", "oppervlakteLandInHa": 34, "AantalInwoners_5": 2385, "Mannen_6": 1190, "Vrouwen_7": 1195, "HuishoudensTotaal_29": 1010, "GemiddeldeHuishoudensgrootte_33": 2.4, "Woningvoorraad_35": 1009, "NieuwbouwWoningen_36": 0, "NietWoningvoorraad_37": 13, "NieuwbouwNietWoningen_38": 0, "GemiddeldeWOZWaardeVanWoningen_39": 445, "PercentageEengezinswoning_40": 96, "PercentageTussenwoningEengezins_41": 62, "PercentageHoekwoningEengezins_42": 30, "PercentageTweeOnderEenKapWoningEe_43": 3, "PercentageVrijstaandeWoningEengezins_44": 2, "PercentageMeergezinswoning_45": 4, "Koopwoningen_47": 83, "HuurwoningenTotaal_48": 17, "InBezitWoningcorporatie_49": 16, "InBezitOverigeVerhuurders_50": 1, "BouwjaarMeerDanTienJaarGeleden_51": 100, "BouwjaarAfgelopenTienJaar_52": 0, "GemiddeldeElektriciteitslevering_53": 2540, "GemiddeldeElektriciteitsteruglevering_54": 990, "GemiddeldAardgasverbruik_55": 870, "AardgasvrijeWoningen_57": 1, "Aardgaswoningen_58": 95, "WoningenMetZonnestroom_59": 48, "WoningenHoofdzElektrVerwarmd_60": 5, "k_20PersonenMetHoogsteInkomen_80": 28.0, "k_20HuishoudensMetHoogsteInkomen_85": 30.7, "MediaanVermogenVanParticuliereHuish_86": 356.9, "PersonenautoSTotaal_104": 1170, "PersonenautoSBrandstofBenzine_105": 935, "PersonenautoSOverigeBrandstof_106": 240, "PersonenautoSPerHuishouden_107": 1.2, "Omgevingsadressendichtheid_121": 1995, "AantalInstallatiesBijWoningen_5": 366, "OpgesteldVermogenVanZonnepanelen_6": 1276, "installaties_per_woning": 0.36273538156590684, "vermogen_per_woning": 1.2646184340931614, "installaties_per_100_woningen": 36.273538156590682, "vermogen_per_huishouden": 1.2633663366336634, "batterijdruk_score": 475.2, "koop_zon_score": 0.3984, "eengezins_zon_score": 0.4608, "betaalkracht_zon_score": 171.312, "overige_brandstof_zon_score": 115.2, "lichte_batterij_kansscore": 0.48680609994328561 }, "geometry": { "type": "MultiPolygon", "coordinates": [ [ [ [ 90094.181800000005751, 447615.3382 ], [ 90133.260599999994156, 447510.062099999981001 ], [ 90163.037299999996321, 447430.743100000021514 ], [ 90206.526299999997718, 447314.0723 ], [ 90228.6345, 447257.6739 ], [ 90249.864199999996345, 447199.556700000015553 ], [ 90271.185599999997066, 447142.690300000016578 ], [ 90275.535499999998137, 447130.8543 ], [ 89986.062999999994645, 447026.3773 ], [ 89965.475399999995716, 447021.8001 ], [ 89908.860700000004726, 447003.0968 ], [ 89811.374599999995553, 446981.993000000016764 ], [ 89793.745899999994435, 446977.04570000001695 ], [ 89787.908899999994901, 446973.147699999972247 ], [ 89784.800399999992806, 446969.422100000025239 ], [ 89766.838600000002771, 446947.8945 ], [ 89722.008300000001327, 446930.662399999971967 ], [ 89640.8548, 446901.73499999998603 ], [ 89640.733800000001793, 446901.691899999976158 ], [ 89640.612899999992806, 446901.648800000024494 ], [ 89633.017000000007101, 446899.3418 ], [ 89629.937699999994948, 446908.796299999987241 ], [ 89601.364400000005844, 446994.218600000021979 ], [ 89501.55439999999362, 447268.65759999997681 ], [ 89473.156300000002375, 447347.1056 ], [ 89469.482699999993201, 447377.223999999987427 ], [ 89452.960600000005797, 447451.886500000022352 ], [ 89459.824900000006892, 447453.374300000024959 ], [ 89573.2454, 447491.782200000016019 ], [ 89661.672900000005029, 447521.7266 ], [ 89683.655400000003283, 447526.162200000020675 ], [ 89718.760500000003958, 447526.774900000018533 ], [ 89741.643100000001141, 447531.226199999975506 ], [ 89847.7114, 447567.2929 ], [ 89862.689199999993434, 447560.351100000028964 ], [ 89871.84780000000319, 447560.0819 ], [ 89891.516900000002352, 447559.5037 ], [ 89977.568, 447581.715000000025611 ], [ 90017.435299999997369, 447593.2158 ], [ 90041.622499999997672, 447601.6752 ], [ 90066.209499999997206, 447610.2744 ], [ 90092.576100000005681, 447619.57760000001872 ], [ 90094.181800000005751, 447615.3382 ] ] ] ] } },
{ "type": "Feature", "properties": { "buurtcode": "BU19260104", "buurtnaam": "Klapwijk", "pc6_codes": "2641RA, 2641RB, 2642AA, 2642AB, 2642AC, 2642AD, 2642AE, 2642AG, 2642AH, 2642AT, 2642AV, 2642AX, 2642BA, 2642BD, 2642BE, 2642BG, 2642BH, 2642BJ, 2642BK, 2642BL, 2642BM, 2642BN, 2642BP, 2642BR, 2642BS, 2642BV, 2642BW, 2642BX, 2642BZ, 2642CA, 2642CB, 2642CC, 2642CD, 2642CE, 2642CG, 2642CH, 2642CK, 2642CL, 2642CM, 2642CN, 2642CP, 2642CR, 2642CS, 2642CT, 2642CV, 2642CW, 2642CX, 2642CZ, 2642DA, 2642DB, 2642DC, 2642DD, 2642DE, 2642DG, 2642DL, 2642DM, 2642DN, 2642DP, 2642DR, 2642DS, 2642DT, 2642KN, 2642RA", "wijkcode": "WK192601", "gemeentecode": "GM1926", "gemeentenaam": "Pijnacker-Nootdorp", "oppervlakteLandInHa": 60, "AantalInwoners_5": 3835, "Mannen_6": 1955, "Vrouwen_7": 1880, "HuishoudensTotaal_29": 1460, "GemiddeldeHuishoudensgrootte_33": 2.6, "Woningvoorraad_35": 1431, "NieuwbouwWoningen_36": 0, "NietWoningvoorraad_37": 5, "NieuwbouwNietWoningen_38": 0, "GemiddeldeWOZWaardeVanWoningen_39": 456, "PercentageEengezinswoning_40": 94, "PercentageTussenwoningEengezins_41": 68, "PercentageHoekwoningEengezins_42": 23, "PercentageTweeOnderEenKapWoningEe_43": 1, "PercentageVrijstaandeWoningEengezins_44": 2, "PercentageMeergezinswoning_45": 6, "Koopwoningen_47": 92, "HuurwoningenTotaal_48": 8, "InBezitWoningcorporatie_49": 7, "InBezitOverigeVerhuurders_50": 1, "BouwjaarMeerDanTienJaarGeleden_51": 100, "BouwjaarAfgelopenTienJaar_52": 0, "GemiddeldeElektriciteitslevering_53": 2720, "GemiddeldeElektriciteitsteruglevering_54": 1150, "GemiddeldAardgasverbruik_55": 780, "AardgasvrijeWoningen_57": 1, "Aardgaswoningen_58": 96, "WoningenMetZonnestroom_59": 57, "WoningenHoofdzElektrVerwarmd_60": 4, "k_20PersonenMetHoogsteInkomen_80": 30.5, "k_20HuishoudensMetHoogsteInkomen_85": 41.6, "MediaanVermogenVanParticuliereHuish_86": 378.7, "PersonenautoSTotaal_104": 1855, "PersonenautoSBrandstofBenzine_105": 1470, "PersonenautoSOverigeBrandstof_106": 380, "PersonenautoSPerHuishouden_107": 1.3, "Omgevingsadressendichtheid_121": 1774, "AantalInstallatiesBijWoningen_5": 627, "OpgesteldVermogenVanZonnepanelen_6": 2126, "installaties_per_woning": 0.43815513626834379, "vermogen_per_woning": 1.4856743535988819, "installaties_per_100_woningen": 43.815513626834381, "vermogen_per_huishouden": 1.4561643835616438, "batterijdruk_score": 655.5, "koop_zon_score": 0.5244, "eengezins_zon_score": 0.5358, "betaalkracht_zon_score": 215.859, "overige_brandstof_zon_score": 216.6, "lichte_batterij_kansscore": 0.52589392952780689 }, "geometry": { "type": "MultiPolygon", "coordinates": [ [ [ [ 90737.680800000001909, 447857.985700000019278 ], [ 90782.6207, 447744.6776 ], [ 90783.926399999996647, 447743.42359999998007 ], [ 90785.2264, 447741.9536 ], [ 90785.63640000000305, 447740.913600000028964 ], [ 90785.776400000002468, 447739.153600000019651 ], [ 90785.8364, 447737.3136 ], [ 90786.096399999994901, 447734.973600000026636 ], [ 90785.856400000004214, 447732.603599999973085 ], [ 90786.0864, 447730.543599999975413 ], [ 90786.4574, 447728.793599999975413 ], [ 90786.647400000001653, 447726.6336 ], [ 90787.167400000005728, 447724.783600000024308 ], [ 90809.129400000005262, 447665.483599999977741 ], [ 90814.2494, 447652.744599999976344 ], [ 90816.289399999994203, 447646.054599999974016 ], [ 90816.009399999995367, 447643.8846 ], [ 90815.619399999995949, 447643.004599999985658 ], [ 90816.6394, 447642.854600000020582 ], [ 90818.1394, 447641.8846 ], [ 90819.079400000002352, 447641.034600000013597 ], [ 90820.7494, 447637.8246 ], [ 90821.579400000002352, 447635.6346 ], [ 90822.349400000006426, 447634.114599999971688 ], [ 90823.51940000000468, 447630.6546 ], [ 90823.850399999995716, 447629.3346 ], [ 90830.151400000002468, 447603.934599999978673 ], [ 90830.464399999997113, 447603.440599999972619 ], [ 90832.691399999996065, 447599.924600000027567 ], [ 90834.191399999996065, 447597.7746 ], [ 90834.591400000004796, 447596.2046 ], [ 90834.651400000002468, 447594.874599999981001 ], [ 90834.471399999994901, 447593.684599999978673 ], [ 90833.81140000000596, 447592.8346 ], [ 90833.141399999993155, 447592.0146 ], [ 90835.431400000001304, 447590.7046 ], [ 90837.201400000005378, 447588.314599999983329 ], [ 90837.791400000001886, 447586.554599999974016 ], [ 90838.791400000001886, 447582.9546 ], [ 90842.103400000007241, 447573.716599999985192 ], [ 90850.222399999998743, 447551.064599999983329 ], [ 90860.483399999997346, 447522.374599999981001 ], [ 90864.263399999996182, 447513.244599999976344 ], [ 90864.9234, 447511.164600000018254 ], [ 90866.114400000005844, 447507.624599999981001 ], [ 90867.024399999994785, 447505.444599999987986 ], [ 90867.974400000006426, 447502.284600000013597 ], [ 90870.164399999994203, 447497.5856 ], [ 90873.34440000000177, 447491.255599999974947 ], [ 90875.84440000000177, 447491.205599999986589 ], [ 90876.744399999995949, 447488.9056 ], [ 90874.854399999996531, 447487.2156 ], [ 90878.834400000007008, 447477.6056 ], [ 90879.3744, 447476.075599999981932 ], [ 90879.835399999996298, 447473.9656 ], [ 90880.065400000006775, 447471.93560000002617 ], [ 90879.845400000005611, 447469.065599999972619 ], [ 90879.455400000006193, 447467.8356 ], [ 90880.8554, 447467.255599999974947 ], [ 90882.8554, 447464.635599999979604 ], [ 90883.545400000002701, 447463.1556 ], [ 90884.3554, 447461.375600000028498 ], [ 90892.216400000004796, 447439.765599999984261 ], [ 90893.006399999998393, 447437.505599999974947 ], [ 90893.910399999993388, 447434.3626 ], [ 90893.166400000001886, 447429.4056 ], [ 90894.876399999993737, 447428.5356 ], [ 90895.606400000004214, 447427.93560000002617 ], [ 90896.466400000004796, 447426.995600000023842 ], [ 90896.93640000000596, 447425.9156 ], [ 90898.736399999994319, 447422.325599999981932 ], [ 90900.5864, 447422.1656 ], [ 90901.816399999996065, 447419.575599999981932 ], [ 90900.346399999994901, 447417.93560000002617 ], [ 90908.947400000004563, 447398.4756 ], [ 90909.367400000002817, 447397.075599999981932 ], [ 90909.537400000001071, 447396.0456000000122 ], [ 90909.697400000004563, 447394.825599999981932 ], [ 90909.467399999994086, 447393.7956000000122 ], [ 90909.137400000006892, 447393.0456000000122 ], [ 90908.675399999992806, 447392.4546 ], [ 90910.366399999998976, 447391.713600000017323 ], [ 90913.4562, 447383.7596 ], [ 90311.756399999998393, 447161.897600000025705 ], [ 90275.535499999998137, 447130.8543 ], [ 90271.185599999997066, 447142.690300000016578 ], [ 90249.864199999996345, 447199.556700000015553 ], [ 90228.6345, 447257.6739 ], [ 90206.526299999997718, 447314.0723 ], [ 90163.037299999996321, 447430.743100000021514 ], [ 90133.260599999994156, 447510.062099999981001 ], [ 90094.181800000005751, 447615.3382 ], [ 90092.576100000005681, 447619.57760000001872 ], [ 90077.260599999994156, 447660.013700000010431 ], [ 90052.43300000000454, 447725.189599999983329 ], [ 90021.00010000000475, 447809.924999999988358 ], [ 90004.933099999994738, 447851.1778 ], [ 89996.955199999996694, 447871.661499999987427 ], [ 89991.403099999995902, 447886.099800000025425 ], [ 89963.333700000002864, 447961.934 ], [ 89971.904599999994389, 447965.153400000010151 ], [ 90093.411399999997229, 448015.1996 ], [ 90232.507400000002235, 448076.043599999975413 ], [ 90291.775399999998626, 448101.825599999981932 ], [ 90593.638699999995879, 448229.228400000021793 ], [ 90737.680800000001909, 447857.985700000019278 ] ] ] ] } },
{ "type": "Feature", "properties": { "buurtcode": "BU19260105", "buurtnaam": "Tolhek", "pc6_codes": "2642DV, 2642DW, 2642JA, 2642JB, 2642JC, 2642JD, 2642JE, 2642JG, 2642JH, 2642JJ, 2642JK, 2642JL, 2642JM, 2642JN, 2642JP, 2642JR, 2642JS, 2642JT, 2642JV, 2642JW, 2642JX, 2642JZ, 2642KA, 2642KB, 2642KC, 2642KD, 2642KE, 2642KG, 2642KH, 2642KP, 2642KR, 2642KS, 2642KT, 2642LA, 2642LB, 2642LC, 2642LD, 2642LE, 2642LG, 2642LJ, 2642LP", "wijkcode": "WK192601", "gemeentecode": "GM1926", "gemeentenaam": "Pijnacker-Nootdorp", "oppervlakteLandInHa": 55, "AantalInwoners_5": 3060, "Mannen_6": 1545, "Vrouwen_7": 1515, "HuishoudensTotaal_29": 1150, "GemiddeldeHuishoudensgrootte_33": 2.7, "Woningvoorraad_35": 1144, "NieuwbouwWoningen_36": 0, "NietWoningvoorraad_37": 14, "NieuwbouwNietWoningen_38": 0, "GemiddeldeWOZWaardeVanWoningen_39": 507, "PercentageEengezinswoning_40": 79, "PercentageTussenwoningEengezins_41": 49, "PercentageHoekwoningEengezins_42": 19, "PercentageTweeOnderEenKapWoningEe_43": 8, "PercentageVrijstaandeWoningEengezins_44": 4, "PercentageMeergezinswoning_45": 21, "Koopwoningen_47": 78, "HuurwoningenTotaal_48": 22, "InBezitWoningcorporatie_49": 16, "InBezitOverigeVerhuurders_50": 6, "BouwjaarMeerDanTienJaarGeleden_51": 98, "BouwjaarAfgelopenTienJaar_52": 2, "GemiddeldeElektriciteitslevering_53": 2840, "GemiddeldeElektriciteitsteruglevering_54": 1080, "GemiddeldAardgasverbruik_55": 660, "AardgasvrijeWoningen_57": 1, "Aardgaswoningen_58": 96, "WoningenMetZonnestroom_59": 48, "WoningenHoofdzElektrVerwarmd_60": 4, "k_20PersonenMetHoogsteInkomen_80": 33.9, "k_20HuishoudensMetHoogsteInkomen_85": 44.8, "MediaanVermogenVanParticuliereHuish_86": 315.8, "PersonenautoSTotaal_104": 1395, "PersonenautoSBrandstofBenzine_105": 1110, "PersonenautoSOverigeBrandstof_106": 280, "PersonenautoSPerHuishouden_107": 1.2, "Omgevingsadressendichtheid_121": 1499, "AantalInstallatiesBijWoningen_5": 458, "OpgesteldVermogenVanZonnepanelen_6": 1721, "installaties_per_woning": 0.40034965034965037, "vermogen_per_woning": 1.5043706293706294, "installaties_per_100_woningen": 40.034965034965033, "vermogen_per_huishouden": 1.4965217391304348, "batterijdruk_score": 518.4, "koop_zon_score": 0.3744, "eengezins_zon_score": 0.3792, "betaalkracht_zon_score": 151.584, "overige_brandstof_zon_score": 134.4, "lichte_batterij_kansscore": 0.4461092811026644 }, "geometry": { "type": "MultiPolygon", "coordinates": [ [ [ [ 90916.767399999996996, 447375.235600000014529 ], [ 90919.7696, 447367.5626 ], [ 90950.055399999997462, 447290.158600000024308 ], [ 90955.3894, 447279.794600000022911 ], [ 90957.560400000002119, 447273.995600000023842 ], [ 90958.876399999993737, 447269.543599999975413 ], [ 90960.55439999999362, 447264.56160000001546 ], [ 90961.9274, 447261.749599999981001 ], [ 90962.350399999995716, 447261.3136 ], [ 90962.858399999997346, 447261.103599999973085 ], [ 90963.750400000004447, 447261.017600000021048 ], [ 90965.616399999998976, 447261.059599999978673 ], [ 90967.205400000006193, 447257.853599999973085 ], [ 90965.7684, 447256.228599999973085 ], [ 90965.225399999995716, 447255.1126 ], [ 90964.8894, 447250.999599999981001 ], [ 90965.52740000000631, 447247.771599999978207 ], [ 90965.2834, 447245.490600000019185 ], [ 90963.4084, 447242.990600000019185 ], [ 90964.6544, 447242.982599999988452 ], [ 90966.216400000004796, 447242.292599999986123 ], [ 90967.979399999996531, 447241.080599999986589 ], [ 90969.202399999994668, 447239.564599999983329 ], [ 90970.388399999996182, 447237.319599999987986 ], [ 90972.015400000003865, 447233.151599999982864 ], [ 90975.12840000000142, 447224.0796 ], [ 90978.667400000005728, 447212.501600000017788 ], [ 90978.706399999995483, 447212.229600000020582 ], [ 90980.2644, 447207.571600000024773 ], [ 90979.39440000000468, 447203.632600000011735 ], [ 90983.357399999993504, 447193.163600000028964 ], [ 90985.463399999993271, 447192.9226 ], [ 90986.32839999999851, 447192.565599999972619 ], [ 90987.638399999996182, 447191.506600000022445 ], [ 90989.556400000001304, 447186.8026 ], [ 90992.030400000003283, 447187.772600000025705 ], [ 90992.234400000001187, 447187.8506 ], [ 90996.648400000005495, 447176.32760000001872 ], [ 91020.610400000005029, 447116.43660000001546 ], [ 91032.184399999998277, 447113.721599999989849 ], [ 91079.202399999994668, 447098.341599999985192 ], [ 91092.593399999997928, 447092.211599999980535 ], [ 91092.6103, 447092.203900000022259 ], [ 91091.055999999996857, 447089.754000000015367 ], [ 91089.493000000002212, 447084.087999999988824 ], [ 91087.361000000004424, 447079.076 ], [ 91084.803, 447074.173 ], [ 91080.114000000001397, 447067.744 ], [ 91077.555999999996857, 447062.51400000002468 ], [ 91076.134999999994761, 447058.919 ], [ 91075.56600000000617, 447054.56 ], [ 91074.998000000006869, 447049.143999999971129 ], [ 91074.714000000007218, 447044.677000000025146 ], [ 91073.861000000004424, 447040.210000000020955 ], [ 91072.299, 447034.544 ], [ 91070.024999999994179, 447028.441999999980908 ], [ 91068.178, 447021.794999999983702 ], [ 91070.167000000001281, 447012.316 ], [ 91071.445999999996275, 447005.01500000001397 ], [ 91071.588000000003376, 447000.548 ], [ 91071.304000000003725, 446998.26 ], [ 91070.592999999993481, 446995.208999999973457 ], [ 91069.172000000005937, 446991.286000000021886 ], [ 91066.614000000001397, 446985.185 ], [ 91063.914000000004307, 446978.647999999986496 ], [ 91063.203999999997905, 446973.636 ], [ 91061.775999999998021, 446966.118000000016764 ], [ 91056.885999999998603, 446957.680999999982305 ], [ 91055.664000000004307, 446950.717 ], [ 91055.489000000001397, 446947.636999999987893 ], [ 91056.361999999993714, 446937.86099999997532 ], [ 91053.917000000001281, 446931.968999999982771 ], [ 91045.709000000002561, 446924.335000000020955 ], [ 91041.69199999999546, 446919.114 ], [ 91038.198999999993248, 446913.756999999983236 ], [ 91034.861999999993714, 446910.727000000013504 ], [ 91031.285000000003492, 446908.158999999985099 ], [ 91021.387000000002445, 446902.305 ], [ 91023.005000000004657, 446890.723 ], [ 91026.672999999995227, 446878.938000000023749 ], [ 91027.210000000006403, 446871.245 ], [ 91027.210000000006403, 446866.527 ], [ 91025.296000000002095, 446864.137999999977183 ], [ 91018.248000000006869, 446860.827 ], [ 91020.674, 446854.74900000001071 ], [ 91021.885999999998603, 446851.713999999978114 ], [ 91028.767000000007101, 446844.336000000010245 ], [ 91029.270000000004075, 446843.795999999972992 ], [ 91035.357999999992899, 446837.268999999971129 ], [ 91038.212, 446834.208999999973457 ], [ 91041.028999999994994, 446829.88900000002468 ], [ 91043.462, 446823.99800000002142 ], [ 91050.248000000006869, 446812.805999999982305 ], [ 91054.346000000005006, 446806.326 ], [ 91056.010999999998603, 446800.533 ], [ 91059.084000000002561, 446790.322999999974854 ], [ 91061.388999999995576, 446786.691 ], [ 91072.911999999996624, 446774.32 ], [ 91073.948999999993248, 446773.827 ], [ 91079.494000000006054, 446771.194000000017695 ], [ 91088.312999999994645, 446767.632999999972526 ], [ 91099.676999999996042, 446763.909999999974389 ], [ 91102.112999999997555, 446761.342 ], [ 91106.164000000004307, 446756.829000000027008 ], [ 91109.157999999995809, 446752.007999999972526 ], [ 91111.957999999998719, 446746.234 ], [ 91112.657000000006519, 446742.287000000011176 ], [ 91127.130999999993946, 446701.343 ], [ 91132.277000000001863, 446694.564000000013039 ], [ 91143.057, 446686.571 ], [ 91152.618000000002212, 446680.298 ], [ 91162.001999999993131, 446675.517 ], [ 91165.419999999998254, 446674.036000000021886 ], [ 91173.114000000001397, 446670.702 ], [ 91178.17500000000291, 446668.15500000002794 ], [ 91180.876000000003842, 446667.216000000014901 ], [ 91183.043999999994412, 446665.797000000020489 ], [ 91184.619000000006054, 446663.38 ], [ 91184.043999999994412, 446661.283999999985099 ], [ 91182.464000000007218, 446659.13 ], [ 91179.588000000003376, 446658.018999999971129 ], [ 91183.907000000006519, 446651.593999999982771 ], [ 91196.126000000003842, 446655.169 ], [ 91196.43399999999383, 446653.370999999984633 ], [ 91205.697, 446656.134000000020023 ], [ 91208.775999999998021, 446657.050999999977648 ], [ 91222.998000000006869, 446661.286000000021886 ], [ 91230.354000000006636, 446660.402 ], [ 91234.796000000002095, 446662.746999999973923 ], [ 91238.032000000006519, 446664.193000000028405 ], [ 91241.80899999999383, 446665.62599999998929 ], [ 91245.695999999996275, 446666.302000000025146 ], [ 91250.160000000003492, 446665.913999999989755 ], [ 91254.097999999998137, 446664.555999999982305 ], [ 91257.25, 446662.006999999983236 ], [ 91259.384000000005472, 446659.62300000002142 ], [ 91260.243000000002212, 446657.566 ], [ 91260.482999999992899, 446655.340000000025611 ], [ 91253.11699999999837, 446627.454000000027008 ], [ 91243.31699999999546, 446588.466000000014901 ], [ 91238.481, 446569.62599999998929 ], [ 91235.297999999995227, 446559.063000000023749 ], [ 91232.885999999998603, 446554.977000000013504 ], [ 91231.384999999994761, 446553.767999999981839 ], [ 91230.392000000007101, 446553.48599999997532 ], [ 91232.343999999997322, 446552.321999999985565 ], [ 91233.92500000000291, 446549.413 ], [ 91234.740000000005239, 446544.217 ], [ 91236.899999999994179, 446535.941 ], [ 91239.059999999997672, 446528.044 ], [ 91239.437999999994645, 446515.24800000002142 ], [ 91240.221999999994296, 446505.164999999979045 ], [ 91239.205000000001746, 446501.788999999989755 ], [ 91237.803, 446500.809 ], [ 91236.5, 446500.441 ], [ 91237.051999999996042, 446499.060999999986961 ], [ 91238.303, 446495.64000000001397 ], [ 91238.680999999996857, 446492.591000000014901 ], [ 91237.538, 446488.288 ], [ 91240.547000000005937, 446481.608 ], [ 91243.789999999993597, 446476.734 ], [ 91245.035000000003492, 446473.043 ], [ 91244.464000000007218, 446463.103 ], [ 91244.251000000003842, 446461.343999999982771 ], [ 91243.519, 446460.022 ], [ 91240.407000000006519, 446458.742000000027474 ], [ 91242.695999999996275, 446459.12300000002142 ], [ 91244.417000000001281, 446458.059 ], [ 91245.369999999995343, 446457.487000000022817 ], [ 91246.781000000002678, 446455.576 ], [ 91246.506999999997788, 446440.5 ], [ 91246.664000000004307, 446423.768999999971129 ], [ 91245.464000000007218, 446406.038999999989755 ], [ 91243.812000000005355, 446389.157 ], [ 91244.121, 446388.86099999997532 ], [ 91243.350000000005821, 446387.449000000022352 ], [ 91233.50800000000163, 446378.37599999998929 ], [ 91224.448000000003958, 446373.271 ], [ 91215.354999999995925, 446369.106000000028871 ], [ 91206.612999999997555, 446366.26 ], [ 91164.076, 446354.218999999982771 ], [ 91155.957999999998719, 446351.920999999972992 ], [ 91147.67500000000291, 446342.229999999981374 ], [ 91118.015, 446334.505 ], [ 91089.606, 446327.106000000028871 ], [ 91028.735, 446311.253000000026077 ], [ 91024.142000000007101, 446310.054 ], [ 90957.18399999999383, 446292.576 ], [ 90956.36699999999837, 446292.363000000012107 ], [ 90957.142999999996391, 446289.304 ], [ 90955.581999999994878, 446288.893999999971129 ], [ 90953.929000000003725, 446288.460000000020955 ], [ 90953.303, 446291.012999999977183 ], [ 90908.811000000001513, 446280.23499999998603 ], [ 90897.69999999999709, 446277.544 ], [ 90896.603000000002794, 446277.278 ], [ 90887.792000000001281, 446275.143999999971129 ], [ 90844.687000000005355, 446265.169 ], [ 90842.892000000007101, 446264.754000000015367 ], [ 90837.665999999997439, 446262.096000000019558 ], [ 90836.861999999993714, 446261.621999999973923 ], [ 90800.642000000007101, 446252.455000000016298 ], [ 90797.31699999999546, 446250.554 ], [ 90791.365999999994528, 446245.585000000020955 ], [ 90775.389200000005076, 446242.2794 ], [ 90738.896800000002258, 446348.9524 ], [ 90717.434500000003027, 446413.468799999973271 ], [ 90708.917799999995623, 446435.064699999988079 ], [ 90692.796900000001187, 446459.803699999989476 ], [ 90673.145900000003166, 446489.7366 ], [ 90651.873600000006263, 446513.3295 ], [ 90594.971999999994296, 446574.1607 ], [ 90570.4663, 446606.339900000020862 ], [ 90552.643899999995483, 446635.548799999989569 ], [ 90542.0, 446659.311899999971502 ], [ 90532.346300000004703, 446686.0454 ], [ 90515.266499999997905, 446741.322600000014063 ], [ 90511.785600000002887, 446751.9046 ], [ 90502.317500000004657, 446777.524199999985285 ], [ 90487.6976, 446808.156399999978021 ], [ 90476.976299999994808, 446827.788799999980256 ], [ 90450.825800000005984, 446863.6163 ], [ 90423.342099999994389, 446901.298799999989569 ], [ 90379.254799999995157, 446963.573800000012852 ], [ 90355.950700000001234, 447009.5844 ], [ 90335.933099999994738, 447064.558200000028592 ], [ 90320.108300000007148, 447117.845800000010058 ], [ 90311.756399999998393, 447161.897600000025705 ], [ 90913.4562, 447383.7596 ], [ 90916.767399999996996, 447375.235600000014529 ] ] ] ] } },
{ "type": "Feature", "properties": { "buurtcode": "BU19260106", "buurtnaam": "Keijzershof Erven", "pc6_codes": "2643HA, 2643HB, 2643HC, 2643HD, 2643HE, 2643HG, 2643HH, 2643HJ, 2643HK, 2643HL, 2643HM, 2643HN, 2643HP, 2643HR, 2643HS, 2643HT, 2643HV, 2643HW, 2643HX, 2643HZ, 2643JA, 2643JC, 2643JD, 2643JE, 2643JG, 2643JH, 2643JJ, 2643KB, 2643KC, 2643KD, 2643KJ", "wijkcode": "WK192601", "gemeentecode": "GM1926", "gemeentenaam": "Pijnacker-Nootdorp", "oppervlakteLandInHa": 23, "AantalInwoners_5": 2325, "Mannen_6": 1105, "Vrouwen_7": 1220, "HuishoudensTotaal_29": 940, "GemiddeldeHuishoudensgrootte_33": 2.4, "Woningvoorraad_35": 1001, "NieuwbouwWoningen_36": 0, "NietWoningvoorraad_37": 39, "NieuwbouwNietWoningen_38": 0, "GemiddeldeWOZWaardeVanWoningen_39": 421, "PercentageEengezinswoning_40": 48, "PercentageTussenwoningEengezins_41": 34, "PercentageHoekwoningEengezins_42": 10, "PercentageTweeOnderEenKapWoningEe_43": 3, "PercentageVrijstaandeWoningEengezins_44": 0, "PercentageMeergezinswoning_45": 52, "Koopwoningen_47": 32, "HuurwoningenTotaal_48": 68, "InBezitWoningcorporatie_49": 55, "InBezitOverigeVerhuurders_50": 13, "BouwjaarMeerDanTienJaarGeleden_51": 96, "BouwjaarAfgelopenTienJaar_52": 4, "GemiddeldeElektriciteitslevering_53": 2500, "GemiddeldeElektriciteitsteruglevering_54": 650, "GemiddeldAardgasverbruik_55": 450, "AardgasvrijeWoningen_57": 32, "Aardgaswoningen_58": 48, "WoningenMetZonnestroom_59": 30, "WoningenHoofdzElektrVerwarmd_60": 52, "k_20PersonenMetHoogsteInkomen_80": 24.2, "k_20HuishoudensMetHoogsteInkomen_85": 24.6, "MediaanVermogenVanParticuliereHuish_86": 43.9, "PersonenautoSTotaal_104": 880, "PersonenautoSBrandstofBenzine_105": 700, "PersonenautoSOverigeBrandstof_106": 175, "PersonenautoSPerHuishouden_107": 0.9, "Omgevingsadressendichtheid_121": 1743, "AantalInstallatiesBijWoningen_5": 277, "OpgesteldVermogenVanZonnepanelen_6": 979, "installaties_per_woning": 0.27672327672327673, "vermogen_per_woning": 0.97802197802197799, "installaties_per_100_woningen": 27.672327672327672, "vermogen_per_huishouden": 1.0414893617021277, "batterijdruk_score": 195.0, "koop_zon_score": 0.096, "eengezins_zon_score": 0.144, "betaalkracht_zon_score": 13.17, "overige_brandstof_zon_score": 52.5, "lichte_batterij_kansscore": 0.24184679996766456 }, "geometry": { "type": "MultiPolygon", "coordinates": [ [ [ [ 90279.885500000003958, 447119.0184 ], [ 90290.871899999998277, 447088.407400000025518 ], [ 90298.329199999992852, 447064.5746 ], [ 90306.998500000001513, 447029.8603 ], [ 90313.6967, 447003.96999999997206 ], [ 90319.2451, 446972.3813 ], [ 90329.284400000004098, 446911.229500000015832 ], [ 90340.219500000006519, 446844.3013 ], [ 90347.226899999994203, 446800.6997 ], [ 90360.146399999997811, 446717.679400000022724 ], [ 90370.349400000006426, 446660.164700000023004 ], [ 90370.04649999999674, 446658.001600000017788 ], [ 90374.633700000005774, 446627.4239 ], [ 90365.455799999996088, 446624.527500000025611 ], [ 90303.766300000002957, 446604.706100000010338 ], [ 90266.442800000004354, 446588.1975 ], [ 90259.110100000005332, 446580.337400000018533 ], [ 90158.576100000005681, 446551.324000000022352 ], [ 90008.925300000002608, 446505.727000000013504 ], [ 89992.896299999993062, 446497.39159999997355 ], [ 89957.692899999994552, 446479.814599999983329 ], [ 89961.694199999998091, 446482.853400000021793 ], [ 89977.412800000005518, 446492.394099999975879 ], [ 89982.498399999996764, 446504.396699999982957 ], [ 89981.7794, 446513.0832 ], [ 89950.052800000004936, 446597.250400000018999 ], [ 89915.185899999996764, 446687.9815 ], [ 89890.18300000000454, 446744.4669 ], [ 89871.393899999995483, 446780.826200000010431 ], [ 89851.295599999997648, 446827.185300000011921 ], [ 89831.510299999994459, 446888.1114 ], [ 89794.626199999998789, 446945.256700000027195 ], [ 89785.148700000005192, 446962.133099999977276 ], [ 89784.800399999992806, 446969.422100000025239 ], [ 89787.908899999994901, 446973.147699999972247 ], [ 89793.745899999994435, 446977.04570000001695 ], [ 89811.374599999995553, 446981.993000000016764 ], [ 89908.860700000004726, 447003.0968 ], [ 89965.475399999995716, 447021.8001 ], [ 89986.062999999994645, 447026.3773 ], [ 90275.535499999998137, 447130.8543 ], [ 90279.885500000003958, 447119.0184 ] ] ] ] } },
{ "type": "Feature", "properties": { "buurtcode": "BU19260107", "buurtnaam": "Ackerswoude", "pc6_codes": "2641BG, 2641BP, 2641BR, 2641BS, 2641BT, 2641BV, 2641BW, 2641BX, 2641EK, 2641KC, 2641KK, 2641KL, 2641KN, 2641KX, 2641KZ, 2641MM, 2641PX, 2641PZ, 2641RC, 2641RE, 2641RG, 2641SJ, 2641SK, 2641WZ, 2641ZW, 2641ZX, 2642AJ, 2642AL, 2642AM, 2642AS, 2642CJ, 2642EA, 2642EB, 2642EC, 2642ED, 2642EE, 2642EG, 2642ZT, 2642ZV, 2642ZW, 2642ZX, 2642ZZ", "wijkcode": "WK192601", "gemeentecode": "GM1926", "gemeentenaam": "Pijnacker-Nootdorp", "oppervlakteLandInHa": 48, "AantalInwoners_5": 3485, "Mannen_6": 1735, "Vrouwen_7": 1745, "HuishoudensTotaal_29": 1070, "GemiddeldeHuishoudensgrootte_33": 3.2, "Woningvoorraad_35": 1070, "NieuwbouwWoningen_36": 3, "NietWoningvoorraad_37": 9, "NieuwbouwNietWoningen_38": 0, "GemiddeldeWOZWaardeVanWoningen_39": 731, "PercentageEengezinswoning_40": 96, "PercentageTussenwoningEengezins_41": 42, "PercentageHoekwoningEengezins_42": 20, "PercentageTweeOnderEenKapWoningEe_43": 21, "PercentageVrijstaandeWoningEengezins_44": 12, "PercentageMeergezinswoning_45": 4, "Koopwoningen_47": 94, "HuurwoningenTotaal_48": 6, "InBezitWoningcorporatie_49": 0, "InBezitOverigeVerhuurders_50": 6, "BouwjaarMeerDanTienJaarGeleden_51": 4, "BouwjaarAfgelopenTienJaar_52": 96, "GemiddeldeElektriciteitslevering_53": 3810, "GemiddeldeElektriciteitsteruglevering_54": 1900, "GemiddeldAardgasverbruik_55": 540, "AardgasvrijeWoningen_57": 27, "Aardgaswoningen_58": 69, "WoningenMetZonnestroom_59": 90, "WoningenHoofdzElektrVerwarmd_60": 31, "k_20PersonenMetHoogsteInkomen_80": 50.3, "k_20HuishoudensMetHoogsteInkomen_85": 69.5, "MediaanVermogenVanParticuliereHuish_86": 511.4, "PersonenautoSTotaal_104": 1285, "PersonenautoSBrandstofBenzine_105": 940, "PersonenautoSOverigeBrandstof_106": 345, "PersonenautoSPerHuishouden_107": 1.2, "Omgevingsadressendichtheid_121": 1550, "AantalInstallatiesBijWoningen_5": 1165, "OpgesteldVermogenVanZonnepanelen_6": 3233, "installaties_per_woning": 1.0887850467289719, "vermogen_per_woning": 3.0214953271028038, "installaties_per_100_woningen": 108.87850467289719, "vermogen_per_huishouden": 3.0214953271028038, "batterijdruk_score": 1710.0, "koop_zon_score": 0.846, "eengezins_zon_score": 0.864, "betaalkracht_zon_score": 460.26, "overige_brandstof_zon_score": 310.5, "lichte_batterij_kansscore": 0.62092139493109932 }, "geometry": { "type": "MultiPolygon", "coordinates": [ [ [ [ 90292.3943, 448937.936899999971502 ], [ 90292.413400000004913, 448937.8947 ], [ 90370.51140000000305, 448764.8516 ], [ 90374.112399999998161, 448756.724600000015926 ], [ 90382.468399999997928, 448759.0246 ], [ 90387.488400000002002, 448750.1336 ], [ 90393.000400000004447, 448738.4806 ], [ 90401.498399999996764, 448718.441600000020117 ], [ 90403.481400000004214, 448712.1926 ], [ 90404.284400000004098, 448707.336599999980535 ], [ 90403.2454, 448706.1666 ], [ 90405.860400000005029, 448704.2806 ], [ 90407.248399999996764, 448702.485600000014529 ], [ 90409.788400000004913, 448697.375600000028498 ], [ 90413.967399999994086, 448685.2146 ], [ 90414.209400000007008, 448684.745600000023842 ], [ 90414.197400000004563, 448683.833600000012666 ], [ 90414.243400000006659, 448683.1176 ], [ 90413.800399999992806, 448680.462600000028033 ], [ 90415.262400000006892, 448679.5686 ], [ 90416.756399999998393, 448675.914600000018254 ], [ 90418.659400000004098, 448675.735600000014529 ], [ 90419.412400000001071, 448673.9916 ], [ 90418.482399999993504, 448672.352599999983795 ], [ 90429.970400000005611, 448645.462600000028033 ], [ 90430.845400000005611, 448642.4756 ], [ 90431.248399999996764, 448638.9216 ], [ 90432.603400000007241, 448638.092599999974482 ], [ 90433.425399999992806, 448637.45260000001872 ], [ 90433.621400000003632, 448637.1006 ], [ 90435.487399999998161, 448633.276599999982864 ], [ 90453.882400000002235, 448584.895599999988917 ], [ 90454.640400000003865, 448581.271599999978207 ], [ 90454.5283999999956, 448577.707600000023376 ], [ 90453.9384, 448575.2426 ], [ 90455.84440000000177, 448574.681600000010803 ], [ 90457.742400000002817, 448573.325599999981932 ], [ 90462.915399999998044, 448564.125600000028498 ], [ 90467.076400000005378, 448554.621600000013132 ], [ 90477.308399999994435, 448526.76659999997355 ], [ 90480.065400000006775, 448517.918599999975413 ], [ 90480.085399999996298, 448516.526599999982864 ], [ 90479.540399999998044, 448512.9156 ], [ 90480.088399999993271, 448513.027599999972153 ], [ 90481.615399999995134, 448512.664600000018254 ], [ 90482.716400000004796, 448511.6986 ], [ 90488.0283999999956, 448499.996600000013132 ], [ 90489.206399999995483, 448497.401599999982864 ], [ 90490.920400000002701, 448493.021599999978207 ], [ 90503.741399999998976, 448460.594600000011269 ], [ 90504.3324, 448455.2906 ], [ 90506.347399999998743, 448453.413600000028964 ], [ 90509.00340000000142, 448450.124599999981001 ], [ 90510.595400000005611, 448446.591599999985192 ], [ 90516.375400000004447, 448431.167599999986123 ], [ 90522.296400000006543, 448412.5246 ], [ 90523.6014, 448408.412599999981467 ], [ 90533.8646, 448383.2854 ], [ 90568.093599999992875, 448295.0661 ], [ 90593.638699999995879, 448229.228400000021793 ], [ 90291.775399999998626, 448101.825599999981932 ], [ 90232.507400000002235, 448076.043599999975413 ], [ 90093.411399999997229, 448015.1996 ], [ 89971.904599999994389, 447965.153400000010151 ], [ 89963.333700000002864, 447961.934 ], [ 89949.347500000003492, 447999.72019999998156 ], [ 89920.9658999999956, 448075.273700000019744 ], [ 89906.877699999997276, 448112.613399999972899 ], [ 89903.2941, 448122.1116 ], [ 89902.273400000005495, 448124.816899999976158 ], [ 89887.608099999997648, 448164.472599999979138 ], [ 89855.906000000002678, 448246.232000000018161 ], [ 89842.951400000005378, 448279.8946 ], [ 89825.727400000003399, 448323.5209 ], [ 89818.589600000006612, 448341.3846 ], [ 89805.040800000002491, 448376.883900000015274 ], [ 89787.566099999996368, 448421.067900000023656 ], [ 89765.293399999995017, 448478.7668999999878 ], [ 89778.884900000004563, 448483.994400000025053 ], [ 89801.992899999997462, 448498.699499999987893 ], [ 89813.021800000002258, 448515.767899999977089 ], [ 89816.435400000002119, 448526.5342 ], [ 89806.456999999994878, 448558.570300000021234 ], [ 89799.03979999999865, 448583.0026 ], [ 89755.926399999996647, 448708.23320000001695 ], [ 89897.935500000006869, 448770.697999999974854 ], [ 89899.559399999998277, 448767.6016 ], [ 89899.580100000006496, 448767.6105 ], [ 89907.879400000005262, 448771.143600000010338 ], [ 89922.016399999993155, 448778.51659999997355 ], [ 89969.581399999995483, 448800.2046 ], [ 90020.684399999998277, 448821.727599999983795 ], [ 90111.7834, 448859.912599999981467 ], [ 90206.482399999993504, 448900.396599999978207 ], [ 90292.391699999992852, 448937.942700000014156 ], [ 90292.3943, 448937.936899999971502 ] ] ] ] } },
{ "type": "Feature", "properties": { "buurtcode": "BU19260108", "buurtnaam": "Keijzershof Boszoom", "pc6_codes": "2643JX, 2643JZ, 2643KE, 2643KG, 2643KH, 2643KK, 2643KL, 2643KM, 2643KN, 2643KP, 2643KR, 2643KS, 2643KT, 2643KV, 2643KW, 2643KX, 2643KZ, 2643LA, 2643LN, 2643LR, 2643LS, 2643LT, 2643LV, 2643LW, 2643LX, 2643LZ", "wijkcode": "WK192601", "gemeentecode": "GM1926", "gemeentenaam": "Pijnacker-Nootdorp", "oppervlakteLandInHa": 25, "AantalInwoners_5": 2355, "Mannen_6": 1180, "Vrouwen_7": 1180, "HuishoudensTotaal_29": 830, "GemiddeldeHuishoudensgrootte_33": 2.8, "Woningvoorraad_35": 808, "NieuwbouwWoningen_36": 0, "NietWoningvoorraad_37": 3, "NieuwbouwNietWoningen_38": 0, "GemiddeldeWOZWaardeVanWoningen_39": 520, "PercentageEengezinswoning_40": 76, "PercentageTussenwoningEengezins_41": 45, "PercentageHoekwoningEengezins_42": 26, "PercentageTweeOnderEenKapWoningEe_43": 3, "PercentageVrijstaandeWoningEengezins_44": 1, "PercentageMeergezinswoning_45": 24, "Koopwoningen_47": 59, "HuurwoningenTotaal_48": 41, "InBezitWoningcorporatie_49": 11, "InBezitOverigeVerhuurders_50": 29, "BouwjaarMeerDanTienJaarGeleden_51": 21, "BouwjaarAfgelopenTienJaar_52": 79, "GemiddeldeElektriciteitslevering_53": 2780, "GemiddeldeElektriciteitsteruglevering_54": 980, "GemiddeldAardgasverbruik_55": 560, "AardgasvrijeWoningen_57": 13, "Aardgaswoningen_58": 85, "WoningenMetZonnestroom_59": 62, "WoningenHoofdzElektrVerwarmd_60": 15, "k_20PersonenMetHoogsteInkomen_80": 38.9, "k_20HuishoudensMetHoogsteInkomen_85": 40.3, "MediaanVermogenVanParticuliereHuish_86": 233.7, "PersonenautoSTotaal_104": 890, "PersonenautoSBrandstofBenzine_105": 690, "PersonenautoSOverigeBrandstof_106": 200, "PersonenautoSPerHuishouden_107": 1.1, "Omgevingsadressendichtheid_121": 1291, "AantalInstallatiesBijWoningen_5": 543, "OpgesteldVermogenVanZonnepanelen_6": 1158, "installaties_per_woning": 0.67202970297029707, "vermogen_per_woning": 1.4331683168316831, "installaties_per_100_woningen": 67.202970297029708, "vermogen_per_huishouden": 1.3951807228915662, "batterijdruk_score": 607.6, "koop_zon_score": 0.3658, "eengezins_zon_score": 0.4712, "betaalkracht_zon_score": 144.894, "overige_brandstof_zon_score": 124.0, "lichte_batterij_kansscore": 0.42581172109270915 }, "geometry": { "type": "MultiPolygon", "coordinates": [ [ [ [ 90379.17160000000149, 446597.174500000022817 ], [ 90384.3695, 446566.147400000016205 ], [ 90388.739499999996042, 446543.51 ], [ 90393.834300000002258, 446518.386699999973644 ], [ 90408.474499999996624, 446453.9082 ], [ 90425.851299999994808, 446388.795999999972992 ], [ 90440.8312, 446337.3837 ], [ 90445.546400000006543, 446320.9986 ], [ 90466.015, 446260.9374 ], [ 90492.530799999993178, 446189.882999999972526 ], [ 90482.956399999995483, 446187.554599999974016 ], [ 90280.724400000006426, 446138.971599999989849 ], [ 90084.9234, 446091.642600000021048 ], [ 90030.157099999996717, 446077.9302 ], [ 89946.705199999996694, 446094.8799 ], [ 89848.897200000006706, 446144.7094 ], [ 89836.772400000001653, 446159.914999999979045 ], [ 89843.285600000002887, 446179.208999999973457 ], [ 89842.910600000002887, 446200.6948 ], [ 89822.587899999998626, 446253.8089 ], [ 89812.2103000000061, 446277.741199999989476 ], [ 89779.8986, 446326.9766 ], [ 89778.704199999992852, 446335.343 ], [ 89778.024600000004284, 446344.2427 ], [ 89816.632800000006682, 446384.7561 ], [ 89876.489000000001397, 446439.2698 ], [ 89957.692899999994552, 446479.814599999983329 ], [ 89992.896299999993062, 446497.39159999997355 ], [ 90008.925300000002608, 446505.727000000013504 ], [ 90158.576100000005681, 446551.324000000022352 ], [ 90259.110100000005332, 446580.337400000018533 ], [ 90266.442800000004354, 446588.1975 ], [ 90303.766300000002957, 446604.706100000010338 ], [ 90365.455799999996088, 446624.527500000025611 ], [ 90374.633700000005774, 446627.4239 ], [ 90379.17160000000149, 446597.174500000022817 ] ] ] ] } },
{ "type": "Feature", "properties": { "buurtcode": "BU19260109", "buurtnaam": "Keijzershof Eilanden", "pc6_codes": "2643KA, 2643MA, 2643MB, 2643MC, 2643MD, 2643ME, 2643MG, 2643MH, 2643MJ", "wijkcode": "WK192601", "gemeentecode": "GM1926", "gemeentenaam": "Pijnacker-Nootdorp", "oppervlakteLandInHa": 22, "AantalInwoners_5": 810, "Mannen_6": 415, "Vrouwen_7": 395, "HuishoudensTotaal_29": 270, "GemiddeldeHuishoudensgrootte_33": 3.0, "Woningvoorraad_35": 265, "NieuwbouwWoningen_36": 0, "NietWoningvoorraad_37": 12, "NieuwbouwNietWoningen_38": 0, "GemiddeldeWOZWaardeVanWoningen_39": 658, "PercentageEengezinswoning_40": 89, "PercentageTussenwoningEengezins_41": 41, "PercentageHoekwoningEengezins_42": 29, "PercentageTweeOnderEenKapWoningEe_43": 8, "PercentageVrijstaandeWoningEengezins_44": 10, "PercentageMeergezinswoning_45": 11, "Koopwoningen_47": 89, "HuurwoningenTotaal_48": 11, "InBezitWoningcorporatie_49": 11, "InBezitOverigeVerhuurders_50": 0, "BouwjaarMeerDanTienJaarGeleden_51": 0, "BouwjaarAfgelopenTienJaar_52": 100, "GemiddeldeElektriciteitslevering_53": 3040, "GemiddeldeElektriciteitsteruglevering_54": 1550, "GemiddeldAardgasverbruik_55": 50, "AardgasvrijeWoningen_57": 97, "Aardgaswoningen_58": 0, "WoningenMetZonnestroom_59": 99, "WoningenHoofdzElektrVerwarmd_60": 97, "k_20PersonenMetHoogsteInkomen_80": 48.0, "k_20HuishoudensMetHoogsteInkomen_85": 64.8, "MediaanVermogenVanParticuliereHuish_86": 352.9, "PersonenautoSTotaal_104": 295, "PersonenautoSBrandstofBenzine_105": 220, "PersonenautoSOverigeBrandstof_106": 75, "PersonenautoSPerHuishouden_107": 1.1, "Omgevingsadressendichtheid_121": 1546, "AantalInstallatiesBijWoningen_5": 295, "OpgesteldVermogenVanZonnepanelen_6": 959, "installaties_per_woning": 1.1132075471698113, "vermogen_per_woning": 3.6188679245283017, "installaties_per_100_woningen": 111.32075471698113, "vermogen_per_huishouden": 3.5518518518518518, "batterijdruk_score": 1534.5, "koop_zon_score": 0.8811, "eengezins_zon_score": 0.8811, "betaalkracht_zon_score": 349.371, "overige_brandstof_zon_score": 74.25, "lichte_batterij_kansscore": 0.60005637953675006 }, "geometry": { "type": "MultiPolygon", "coordinates": [ [ [ [ 89785.148700000005192, 446962.133099999977276 ], [ 89794.626199999998789, 446945.256700000027195 ], [ 89831.510299999994459, 446888.1114 ], [ 89851.295599999997648, 446827.185300000011921 ], [ 89871.393899999995483, 446780.826200000010431 ], [ 89890.18300000000454, 446744.4669 ], [ 89915.185899999996764, 446687.9815 ], [ 89950.052800000004936, 446597.250400000018999 ], [ 89981.7794, 446513.0832 ], [ 89982.498399999996764, 446504.396699999982957 ], [ 89977.412800000005518, 446492.394099999975879 ], [ 89961.694199999998091, 446482.853400000021793 ], [ 89957.692899999994552, 446479.814599999983329 ], [ 89876.489000000001397, 446439.2698 ], [ 89816.632800000006682, 446384.7561 ], [ 89778.024600000004284, 446344.2427 ], [ 89778.704199999992852, 446335.343 ], [ 89779.8986, 446326.9766 ], [ 89812.2103000000061, 446277.741199999989476 ], [ 89822.587899999998626, 446253.8089 ], [ 89842.910600000002887, 446200.6948 ], [ 89843.285600000002887, 446179.208999999973457 ], [ 89836.772400000001653, 446159.914999999979045 ], [ 89811.26140000000305, 446191.9081 ], [ 89743.542499999995925, 446275.393600000010338 ], [ 89666.915599999992992, 446377.1297 ], [ 89547.874599999995553, 446518.618599999987055 ], [ 89470.620599999994738, 446585.985900000028778 ], [ 89399.7783999999956, 446637.513199999986682 ], [ 89298.6115, 446668.878099999972619 ], [ 89307.825500000006286, 446703.396799999987707 ], [ 89344.99649999999383, 446753.128299999982119 ], [ 89384.877800000002026, 446788.182299999985844 ], [ 89385.6762000000017, 446812.737499999988358 ], [ 89373.8652, 446856.7058 ], [ 89502.047099999996135, 446859.564000000013039 ], [ 89633.017000000007101, 446899.3418 ], [ 89640.612899999992806, 446901.648800000024494 ], [ 89640.733800000001793, 446901.691899999976158 ], [ 89640.8548, 446901.73499999998603 ], [ 89722.008300000001327, 446930.662399999971967 ], [ 89766.838600000002771, 446947.8945 ], [ 89784.800399999992806, 446969.422100000025239 ], [ 89785.148700000005192, 446962.133099999977276 ] ] ] ] } },
{ "type": "Feature", "properties": { "buurtcode": "BU19260110", "buurtnaam": "Tuindershof", "pc6_codes": "2641ND, 2641RX, 2643MV, 2643MW, 2643MX, 2643MZ, 2643NA, 2643NB, 2643NC, 2643ND, 2643NE, 2643NG, 2643NH, 2643NJ, 2643NK, 2643NL, 2643NP, 2643NR, 2643NS, 2643NT, 2643NW, 2643NX, 2643NZ", "wijkcode": "WK192601", "gemeentecode": "GM1926", "gemeentenaam": "Pijnacker-Nootdorp", "oppervlakteLandInHa": 25, "AantalInwoners_5": 620, "Mannen_6": 300, "Vrouwen_7": 320, "HuishoudensTotaal_29": 260, "GemiddeldeHuishoudensgrootte_33": 2.4, "Woningvoorraad_35": 288, "NieuwbouwWoningen_36": 154, "NietWoningvoorraad_37": 3, "NieuwbouwNietWoningen_38": 0, "GemiddeldeWOZWaardeVanWoningen_39": 520, "PercentageEengezinswoning_40": 60, "PercentageTussenwoningEengezins_41": 38, "PercentageHoekwoningEengezins_42": 14, "PercentageTweeOnderEenKapWoningEe_43": 4, "PercentageVrijstaandeWoningEengezins_44": 4, "PercentageMeergezinswoning_45": 40, "Koopwoningen_47": 59, "HuurwoningenTotaal_48": 41, "InBezitWoningcorporatie_49": 23, "InBezitOverigeVerhuurders_50": 18, "BouwjaarMeerDanTienJaarGeleden_51": 4, "BouwjaarAfgelopenTienJaar_52": 96, "GemiddeldeElektriciteitslevering_53": 2610, "GemiddeldeElektriciteitsteruglevering_54": 650, "GemiddeldAardgasverbruik_55": 50, "AardgasvrijeWoningen_57": 95, "Aardgaswoningen_58": 4, "WoningenMetZonnestroom_59": 43, "WoningenHoofdzElektrVerwarmd_60": 96, "k_20PersonenMetHoogsteInkomen_80": 33.4, "k_20HuishoudensMetHoogsteInkomen_85": 40.8, "MediaanVermogenVanParticuliereHuish_86": 188.2, "PersonenautoSTotaal_104": 260, "PersonenautoSBrandstofBenzine_105": 220, "PersonenautoSOverigeBrandstof_106": 40, "PersonenautoSPerHuishouden_107": 1.0, "Omgevingsadressendichtheid_121": 1058, "AantalInstallatiesBijWoningen_5": null, "OpgesteldVermogenVanZonnepanelen_6": null, "installaties_per_woning": null, "vermogen_per_woning": null, "installaties_per_100_woningen": null, "vermogen_per_huishouden": null, "batterijdruk_score": 279.5, "koop_zon_score": 0.2537, "eengezins_zon_score": 0.258, "betaalkracht_zon_score": 80.926, "overige_brandstof_zon_score": 17.2, "lichte_batterij_kansscore": 0.34346479732099494 }, "geometry": { "type": "MultiPolygon", "coordinates": [ [ [ [ 89452.960600000005797, 447451.886500000022352 ], [ 89469.482699999993201, 447377.223999999987427 ], [ 89473.156300000002375, 447347.1056 ], [ 89501.55439999999362, 447268.65759999997681 ], [ 89601.364400000005844, 446994.218600000021979 ], [ 89629.937699999994948, 446908.796299999987241 ], [ 89633.017000000007101, 446899.3418 ], [ 89502.047099999996135, 446859.564000000013039 ], [ 89373.8652, 446856.7058 ], [ 89307.681400000001304, 446833.4117 ], [ 89276.911300000007031, 446863.617099999974016 ], [ 89248.085999999995693, 446892.335000000020955 ], [ 89181.521399999997811, 446964.0219 ], [ 89151.438899999993737, 446993.096000000019558 ], [ 89117.154999999998836, 447030.236900000018068 ], [ 89103.5423, 447046.706699999980628 ], [ 89083.891499999997905, 447072.733 ], [ 89074.1014, 447086.8308 ], [ 89067.052500000005239, 447099.832 ], [ 89061.100099999996019, 447114.478 ], [ 89009.117400000002817, 447248.935400000016671 ], [ 88993.055500000002212, 447293.296900000015739 ], [ 89005.928, 447299.232100000022911 ], [ 89013.025800000003073, 447304.739 ], [ 89072.378299999996671, 447327.011500000022352 ], [ 89199.756899999993038, 447373.9888 ], [ 89214.67149999999674, 447381.6373 ], [ 89231.498200000001816, 447392.918899999989662 ], [ 89277.3894, 447410.235600000014529 ], [ 89372.099600000001374, 447444.5942 ], [ 89384.599799999996321, 447445.3556 ], [ 89393.522100000001956, 447445.656299999973271 ], [ 89400.339200000002165, 447446.759100000024773 ], [ 89449.475300000005518, 447460.553000000014435 ], [ 89452.960600000005797, 447451.886500000022352 ] ] ] ] } },
{ "type": "Feature", "properties": { "buurtcode": "BU19260111", "buurtnaam": "Zuidpolder Oude Leede", "pc6_codes": "2641NC, 2641ND, 2641NE, 2641NG, 2641NH, 2641NJ, 2641NL, 2641NM, 2641NN, 2641NP, 2641NR, 2641NS, 2641NT, 2641NV, 2641NW, 2641NX, 2641NZ, 2641PW, 2641RD, 2641RX, 2641SC, 2641SE, 2641SG, 2641SH, 2642SB", "wijkcode": "WK192601", "gemeentecode": "GM1926", "gemeentenaam": "Pijnacker-Nootdorp", "oppervlakteLandInHa": 653, "AantalInwoners_5": 940, "Mannen_6": 480, "Vrouwen_7": 460, "HuishoudensTotaal_29": 360, "GemiddeldeHuishoudensgrootte_33": 2.6, "Woningvoorraad_35": 346, "NieuwbouwWoningen_36": 5, "NietWoningvoorraad_37": 28, "NieuwbouwNietWoningen_38": 0, "GemiddeldeWOZWaardeVanWoningen_39": 693, "PercentageEengezinswoning_40": 96, "PercentageTussenwoningEengezins_41": 7, "PercentageHoekwoningEengezins_42": 6, "PercentageTweeOnderEenKapWoningEe_43": 11, "PercentageVrijstaandeWoningEengezins_44": 73, "PercentageMeergezinswoning_45": 4, "Koopwoningen_47": 88, "HuurwoningenTotaal_48": 12, "InBezitWoningcorporatie_49": 3, "InBezitOverigeVerhuurders_50": 9, "BouwjaarMeerDanTienJaarGeleden_51": 82, "BouwjaarAfgelopenTienJaar_52": 18, "GemiddeldeElektriciteitslevering_53": 3970, "GemiddeldeElektriciteitsteruglevering_54": 2310, "GemiddeldAardgasverbruik_55": 990, "AardgasvrijeWoningen_57": 15, "Aardgaswoningen_58": 68, "WoningenMetZonnestroom_59": 57, "WoningenHoofdzElektrVerwarmd_60": 25, "k_20PersonenMetHoogsteInkomen_80": 29.9, "k_20HuishoudensMetHoogsteInkomen_85": 42.8, "MediaanVermogenVanParticuliereHuish_86": 613.7, "PersonenautoSTotaal_104": 525, "PersonenautoSBrandstofBenzine_105": 400, "PersonenautoSOverigeBrandstof_106": 125, "PersonenautoSPerHuishouden_107": 1.4, "Omgevingsadressendichtheid_121": 361, "AantalInstallatiesBijWoningen_5": 158, "OpgesteldVermogenVanZonnepanelen_6": 907, "installaties_per_woning": 0.45664739884393063, "vermogen_per_woning": 2.6213872832369942, "installaties_per_100_woningen": 45.664739884393065, "vermogen_per_huishouden": 2.5194444444444444, "batterijdruk_score": 1316.7, "koop_zon_score": 0.5016, "eengezins_zon_score": 0.5472, "betaalkracht_zon_score": 349.809, "overige_brandstof_zon_score": 71.25, "lichte_batterij_kansscore": 0.55087222467284236 }, "geometry": { "type": "MultiPolygon", "coordinates": [ [ [ [ 89313.839200000002165, 447825.965299999981653 ], [ 89385.668399999995017, 447619.213899999973364 ], [ 89449.475300000005518, 447460.553000000014435 ], [ 89400.339200000002165, 447446.759100000024773 ], [ 89393.522100000001956, 447445.656299999973271 ], [ 89384.599799999996321, 447445.3556 ], [ 89372.099600000001374, 447444.5942 ], [ 89277.3894, 447410.235600000014529 ], [ 89231.498200000001816, 447392.918899999989662 ], [ 89214.67149999999674, 447381.6373 ], [ 89199.756899999993038, 447373.9888 ], [ 89072.378299999996671, 447327.011500000022352 ], [ 89013.025800000003073, 447304.739 ], [ 89005.928, 447299.232100000022911 ], [ 88993.055500000002212, 447293.296900000015739 ], [ 89009.117400000002817, 447248.935400000016671 ], [ 89061.100099999996019, 447114.478 ], [ 89067.052500000005239, 447099.832 ], [ 89074.1014, 447086.8308 ], [ 89083.891499999997905, 447072.733 ], [ 89103.5423, 447046.706699999980628 ], [ 89117.154999999998836, 447030.236900000018068 ], [ 89151.438899999993737, 446993.096000000019558 ], [ 89181.521399999997811, 446964.0219 ], [ 89248.085999999995693, 446892.335000000020955 ], [ 89276.911300000007031, 446863.617099999974016 ], [ 89307.681400000001304, 446833.4117 ], [ 89373.8652, 446856.7058 ], [ 89385.6762000000017, 446812.737499999988358 ], [ 89384.877800000002026, 446788.182299999985844 ], [ 89344.99649999999383, 446753.128299999982119 ], [ 89307.825500000006286, 446703.396799999987707 ], [ 89298.6115, 446668.878099999972619 ], [ 89399.7783999999956, 446637.513199999986682 ], [ 89470.620599999994738, 446585.985900000028778 ], [ 89547.874599999995553, 446518.618599999987055 ], [ 89666.915599999992992, 446377.1297 ], [ 89743.542499999995925, 446275.393600000010338 ], [ 89811.26140000000305, 446191.9081 ], [ 89836.772400000001653, 446159.914999999979045 ], [ 89848.897200000006706, 446144.7094 ], [ 89946.705199999996694, 446094.8799 ], [ 90030.157099999996717, 446077.9302 ], [ 90084.9234, 446091.642600000021048 ], [ 90280.724400000006426, 446138.971599999989849 ], [ 90482.956399999995483, 446187.554599999974016 ], [ 90492.530799999993178, 446189.882999999972526 ], [ 90501.193400000003749, 446191.989599999971688 ], [ 90507.8934, 446193.618599999987055 ], [ 90526.705400000006193, 446198.1936 ], [ 90534.244399999995949, 446200.026599999982864 ], [ 90569.731400000004214, 446208.65659999998752 ], [ 90570.974400000006426, 446208.958600000012666 ], [ 90607.914399999994203, 446217.941600000020117 ], [ 90607.2794, 446215.558599999989383 ], [ 90611.182400000005146, 446206.368599999987055 ], [ 90615.255399999994552, 446206.20260000001872 ], [ 90622.183399999994435, 446204.434599999978673 ], [ 90626.94539999999688, 446206.90759999997681 ], [ 90626.96020000000135, 446206.9153 ], [ 90626.970000000001164, 446206.912000000011176 ], [ 90632.144, 446193.681999999971595 ], [ 90666.031000000002678, 446109.286000000021886 ], [ 90712.854999999995925, 445991.443000000028405 ], [ 90725.823999999993248, 445958.994 ], [ 90726.754, 445956.315 ], [ 90728.19199999999546, 445953.994 ], [ 90729.578999999997905, 445951.571 ], [ 90731.121, 445948.541000000026543 ], [ 90733.471999999994296, 445946.631 ], [ 90736.077000000004773, 445944.821999999985565 ], [ 90741.444000000003143, 445940.397 ], [ 90747.267000000007101, 445936.12599999998929 ], [ 90756.982999999992899, 445917.494 ], [ 90753.235, 445914.435 ], [ 90764.904999999998836, 445901.587999999988824 ], [ 90783.528000000005704, 445882.653 ], [ 90794.061000000001513, 445872.99 ], [ 90812.092999999993481, 445859.875 ], [ 90831.549, 445846.82 ], [ 90835.332999999998719, 445844.577999999979511 ], [ 90832.475999999995111, 445841.507999999972526 ], [ 90830.8413, 445839.75189999997383 ], [ 90829.081999999994878, 445837.862000000022817 ], [ 90826.979000000006636, 445835.602000000013504 ], [ 90814.737999999997555, 445821.668 ], [ 90803.351999999998952, 445809.276000000012573 ], [ 90803.304000000003725, 445809.223 ], [ 90770.209000000002561, 445773.204000000027008 ], [ 90765.76600000000326, 445769.805 ], [ 90760.395999999993364, 445765.696 ], [ 90711.301999999996042, 445717.36099999997532 ], [ 90703.716, 445708.158 ], [ 90703.664000000004307, 445708.093999999982771 ], [ 90699.135999999998603, 445702.599999999976717 ], [ 90699.111999999993714, 445702.571 ], [ 90696.540999999997439, 445699.451 ], [ 90695.89100000000326, 445698.14000000001397 ], [ 90690.748999999996158, 445691.74 ], [ 90678.148000000001048, 445676.054 ], [ 90674.556299999996554, 445671.583099999988917 ], [ 90671.906000000002678, 445668.283999999985099 ], [ 90644.652000000001863, 445631.24800000002142 ], [ 90564.323000000003958, 445524.436999999976251 ], [ 90474.785999999992782, 445415.395000000018626 ], [ 90462.338000000003376, 445387.85999999998603 ], [ 90446.447, 445326.837 ], [ 90446.039000000004307, 445325.271 ], [ 90445.106, 445321.688000000023749 ], [ 90444.82499999999709, 445320.609 ], [ 90441.729000000006636, 445308.721000000019558 ], [ 90433.971000000005006, 445301.684 ], [ 90424.404999999998836, 445293.006999999983236 ], [ 90398.653999999994994, 445269.647999999986496 ], [ 90397.926000000006752, 445268.988000000012107 ], [ 90393.144, 445264.650000000023283 ], [ 90386.424, 445258.554 ], [ 90370.703999999997905, 445244.294999999983702 ], [ 90356.356, 445231.28000000002794 ], [ 90350.497000000003027, 445225.966000000014901 ], [ 90334.592999999993481, 445211.539999999979045 ], [ 90190.160000000003492, 445080.528 ], [ 90120.830000000001746, 445017.64000000001397 ], [ 90106.334000000002561, 445004.490999999979977 ], [ 90093.940000000002328, 444993.24800000002142 ], [ 90080.657000000006519, 444981.200000000011642 ], [ 90045.342999999993481, 444949.167000000015832 ], [ 90009.73399999999674, 444916.867000000027474 ], [ 89974.494999999995343, 444884.902 ], [ 89939.049, 444852.74900000001071 ], [ 89903.14, 444820.177000000025146 ], [ 89843.510999999998603, 444766.088999999978114 ], [ 89811.254, 444736.830000000016298 ], [ 89810.952000000004773, 444736.555999999982305 ], [ 89744.619000000006054, 444676.386 ], [ 89714.960999999995693, 444649.484 ], [ 89676.736000000004424, 444614.810999999986961 ], [ 89637.877999999996973, 444579.564000000013039 ], [ 89606.73399999999674, 444551.314000000013039 ], [ 89606.654999999998836, 444551.242000000027474 ], [ 89569.938999999998487, 444517.938000000023749 ], [ 89532.648000000001048, 444484.112000000022817 ], [ 89495.703999999997905, 444450.599999999976717 ], [ 89467.797000000005937, 444425.286000000021886 ], [ 89440.076, 444400.141 ], [ 89411.956999999994878, 444374.635 ], [ 89378.377999999996973, 444344.175999999977648 ], [ 89344.195999999996275, 444313.169999999983702 ], [ 89310.61, 444282.704000000027008 ], [ 89281.100000000005821, 444255.935999999986961 ], [ 89251.922000000005937, 444229.468999999982771 ], [ 89208.997000000003027, 444190.533 ], [ 89166.198000000003958, 444151.711000000010245 ], [ 89143.841, 444131.430999999982305 ], [ 89089.448999999993248, 444082.093 ], [ 89083.591, 444076.778999999980442 ], [ 89034.053, 444031.843999999982771 ], [ 89014.31699999999546, 444013.941999999980908 ], [ 88977.532999999995809, 443980.576 ], [ 88950.421000000002095, 443955.983 ], [ 88936.713000000003376, 443958.088999999978114 ], [ 88924.929999999993015, 443959.900000000023283 ], [ 88911.542000000001281, 443957.607000000018161 ], [ 88901.909, 443948.772 ], [ 88896.945999999996275, 443946.163999999989755 ], [ 88882.947, 443931.282 ], [ 88864.625, 443915.147 ], [ 88856.854999999995925, 443905.441 ], [ 88854.502999999996973, 443900.641 ], [ 88852.013000000006286, 443894.184 ], [ 88856.013999999995576, 443879.156000000017229 ], [ 88854.464000000007218, 443877.854 ], [ 88846.726999999998952, 443871.354 ], [ 88840.894, 443866.452999999979511 ], [ 88841.053, 443866.259000000020023 ], [ 88853.570000000006985, 443850.994 ], [ 88962.918000000005122, 443717.63 ], [ 88963.320000000006985, 443717.14000000001397 ], [ 88987.532999999995809, 443687.609 ], [ 89002.771999999997206, 443665.336000000010245 ], [ 89015.402000000001863, 443644.913 ], [ 89050.379, 443602.362000000022817 ], [ 89067.30000000000291, 443580.722 ], [ 89068.731, 443578.891 ], [ 89074.350000000005821, 443571.704000000027008 ], [ 89075.467999999993481, 443570.275000000023283 ], [ 89076.648000000001048, 443568.76400000002468 ], [ 89089.388999999995576, 443552.46999999997206 ], [ 89071.172000000005937, 443533.131 ], [ 89062.793999999994412, 443524.237000000022817 ], [ 89019.247000000003027, 443491.90500000002794 ], [ 88954.956999999994878, 443453.554 ], [ 88899.410000000003492, 443414.12400000001071 ], [ 88812.535000000003492, 443362.463999999978114 ], [ 88726.294999999998254, 443301.678000000014435 ], [ 88626.615000000005239, 443237.732000000018161 ], [ 88600.255000000004657, 443218.271 ], [ 88542.645000000004075, 443182.128000000026077 ], [ 88440.345000000001164, 443128.292000000015832 ], [ 88265.248000000006869, 443016.197999999974854 ], [ 88154.743000000002212, 442944.291000000026543 ], [ 88055.823000000003958, 442880.087 ], [ 87998.395000000004075, 442841.934 ], [ 87941.767999999996391, 442808.580000000016298 ], [ 87877.736000000004424, 442763.632999999972526 ], [ 87814.906000000002678, 442725.683000000019092 ], [ 87749.873999999996158, 442680.337 ], [ 87703.774999999994179, 442650.990999999979977 ], [ 87699.085000000006403, 442661.619 ], [ 87698.763000000006286, 442662.348999999987427 ], [ 87692.354999999995925, 442676.870999999984633 ], [ 87691.93399999999383, 442677.645000000018626 ], [ 87689.917000000001281, 442681.35999999998603 ], [ 87689.756999999997788, 442681.675999999977648 ], [ 87681.668000000005122, 442697.648999999975786 ], [ 87666.975000000005821, 442727.316999999980908 ], [ 87662.902000000001863, 442735.292000000015832 ], [ 87661.153099999995902, 442739.2648 ], [ 87684.535399999993388, 442755.1397 ], [ 87687.016399999993155, 442756.8237 ], [ 87713.405400000003283, 442774.6887 ], [ 87746.6544, 442796.344700000016019 ], [ 87788.0864, 442823.065699999977369 ], [ 87914.456399999995483, 442904.386699999973644 ], [ 87951.1394, 442928.8507 ], [ 87999.9764, 442960.3077 ], [ 88060.109400000001187, 442999.039700000023004 ], [ 88147.0184, 443055.018700000015087 ], [ 88253.329800000006799, 443122.618499999982305 ], [ 88246.781400000007125, 443133.9057 ], [ 88239.372399999992922, 443145.216699999989942 ], [ 88238.125400000004447, 443145.5087 ], [ 88236.338399999993271, 443148.4487 ], [ 88236.806400000001304, 443150.2487 ], [ 88226.758400000006077, 443165.790700000012293 ], [ 88214.2264, 443185.0797 ], [ 88200.231400000004214, 443207.7707 ], [ 88197.767399999996996, 443207.77970000001369 ], [ 88194.876399999993737, 443209.006700000027195 ], [ 88188.825400000001537, 443215.7977 ], [ 88171.097399999998743, 443248.6457 ], [ 88160.972399999998743, 443265.843700000026729 ], [ 88131.348400000002584, 443319.0697 ], [ 88128.405400000003283, 443324.358699999982491 ], [ 88127.162400000001071, 443328.555700000026263 ], [ 88128.241399999998976, 443331.842699999979232 ], [ 88128.701400000005378, 443336.01569999998901 ], [ 88127.944399999993038, 443338.6127 ], [ 88126.834400000007008, 443342.42070000001695 ], [ 88118.4654, 443351.331699999980628 ], [ 88115.110400000005029, 443352.842699999979232 ], [ 88110.686199999996461, 443352.607299999974202 ], [ 88110.6734, 443352.6067 ], [ 88104.545599999997648, 443351.076 ], [ 88104.536399999997229, 443351.0737 ], [ 88101.183399999994435, 443350.8247 ], [ 88099.119399999995949, 443351.1447 ], [ 88097.656400000007125, 443353.581699999980628 ], [ 88093.0484, 443361.2587 ], [ 88031.498399999996764, 443472.121700000017881 ], [ 88016.204400000002352, 443499.996700000017881 ], [ 87999.9764, 443529.5737 ], [ 87981.074399999997695, 443564.023700000019744 ], [ 87975.585399999996298, 443565.2437 ], [ 87969.637000000002445, 443565.094700000016019 ], [ 87969.615999999994528, 443565.092699999979232 ], [ 87924.399999999994179, 443557.963999999978114 ], [ 87915.254700000004959, 443556.17239999998128 ], [ 87911.218999999997322, 443557.371999999973923 ], [ 87908.513000000006286, 443560.791000000026543 ], [ 87908.490300000004936, 443560.786499999987427 ], [ 87906.915599999992992, 443560.4756 ], [ 87904.926999999996042, 443563.131 ], [ 87905.445000000006985, 443564.031000000017229 ], [ 87904.529999999998836, 443565.517999999981839 ], [ 87904.126999999993131, 443567.19 ], [ 87904.278999999994994, 443569.25099999998929 ], [ 87904.915999999997439, 443571.033 ], [ 87906.765, 443573.993000000016764 ], [ 87911.918999999994412, 443581.609 ], [ 87917.438999999998487, 443588.447999999974854 ], [ 87921.570000000006985, 443593.157 ], [ 87925.857000000003609, 443597.443000000028405 ], [ 87930.993000000002212, 443601.783 ], [ 87936.952000000004773, 443606.150000000023283 ], [ 87951.156000000002678, 443617.021 ], [ 87965.430999999996857, 443629.48499999998603 ], [ 87973.176000000006752, 443636.788 ], [ 87981.474000000001979, 443645.813000000023749 ], [ 87992.047000000005937, 443657.256999999983236 ], [ 88000.0, 443665.262999999977183 ], [ 88005.721000000005006, 443670.768999999971129 ], [ 88012.278999999994994, 443677.656000000017229 ], [ 88018.932, 443685.898999999975786 ], [ 88030.888000000006286, 443699.261999999987893 ], [ 88038.612999999997555, 443708.311999999976251 ], [ 88044.422999999995227, 443715.994 ], [ 88048.740999999994528, 443721.356000000028871 ], [ 88051.778999999994994, 443724.648999999975786 ], [ 88055.342999999993481, 443727.482000000018161 ], [ 88059.513000000006286, 443729.835000000020955 ], [ 88063.445000000006985, 443731.925999999977648 ], [ 88069.668000000005122, 443734.648999999975786 ], [ 88078.415999999997439, 443738.672000000020489 ], [ 88080.642999999996391, 443739.9277 ], [ 88059.797999999995227, 443783.783999999985099 ], [ 88031.346000000005006, 443845.797000000020489 ], [ 88014.270000000004075, 443881.762999999977183 ], [ 88002.197, 443909.721000000019558 ], [ 87990.126999999993131, 443935.708999999973457 ], [ 87985.911999999996624, 443944.841000000014901 ], [ 87971.591, 443973.629000000015367 ], [ 87959.244999999995343, 444000.0 ], [ 87956.69199999999546, 444005.454000000027008 ], [ 87956.669599999993807, 444005.448099999979604 ], [ 87951.156000000002678, 444003.977000000013504 ], [ 87946.971000000005006, 444003.313000000023749 ], [ 87946.959900000001653, 444003.31170000002021 ], [ 87937.782000000006519, 444002.161000000021886 ], [ 87937.775699999998324, 444002.159800000023097 ], [ 87926.539999999993597, 444000.0 ], [ 87912.649000000004889, 443997.330599999986589 ], [ 87910.705000000001746, 444000.0 ], [ 87909.618000000002212, 444001.493000000016764 ], [ 87906.247000000003027, 444006.120999999984633 ], [ 87899.210000000006403, 444022.745 ], [ 87893.142999999996391, 444046.223999999987427 ], [ 87892.657999999995809, 444057.534999999974389 ], [ 87896.054999999993015, 444064.560999999986961 ], [ 87902.122000000003027, 444071.759000000020023 ], [ 87929.301000000006752, 444092.837999999988824 ], [ 88000.0, 444159.07 ], [ 88036.804000000003725, 444193.778999999980442 ], [ 88047.237999999997555, 444199.777 ], [ 88065.195999999996275, 444206.289999999979045 ], [ 88083.153999999994994, 444211.602000000013504 ], [ 88112.517000000007101, 444216.914999999979045 ], [ 88134.531000000002678, 444220.146 ], [ 88130.331999999994878, 444240.01400000002468 ], [ 88125.184999999997672, 444262.767999999981839 ], [ 88118.172000000005937, 444284.316999999980908 ], [ 88097.989000000001397, 444332.568000000028405 ], [ 88078.751999999993131, 444379.88 ], [ 88076.623999999996158, 444385.936999999976251 ], [ 88067.440000000002328, 444412.082999999984168 ], [ 88066.452000000004773, 444414.896 ], [ 88061.540999999997439, 444428.875 ], [ 88067.740099999995437, 444430.6409 ], [ 88063.773000000001048, 444439.920999999972992 ], [ 88060.509000000005472, 444448.517 ], [ 88048.354999999995925, 444478.863000000012107 ], [ 88130.023000000001048, 444500.0 ], [ 88165.179999999993015, 444508.602000000013504 ], [ 88148.243000000002212, 444551.822999999974854 ], [ 88132.303, 444592.270000000018626 ], [ 88136.868000000002212, 444593.422000000020489 ], [ 88141.305999999996857, 444594.830000000016298 ], [ 88162.232999999992899, 444600.734 ], [ 88202.61, 444611.446999999985565 ], [ 88240.130000000004657, 444621.343 ], [ 88264.865000000005239, 444628.152 ], [ 88286.027000000001863, 444633.716000000014901 ], [ 88311.11, 444639.392 ], [ 88331.623999999996158, 444644.756999999983236 ], [ 88346.558300000004238, 444649.124399999971502 ], [ 88346.557400000005146, 444649.127700000011828 ], [ 88352.757400000002235, 444651.0075 ], [ 88339.239400000005844, 444694.3916999999783 ], [ 88333.9614, 444708.477699999988545 ], [ 88326.615399999995134, 444731.7157 ], [ 88314.254400000005262, 444769.176700000010896 ], [ 88301.782399999996414, 444806.488699999987148 ], [ 88289.5484, 444843.760699999984354 ], [ 88289.26940000000468, 444844.6117 ], [ 88284.2783999999956, 444859.815699999977369 ], [ 88277.487399999998161, 444882.0627 ], [ 88265.6544, 444919.2057 ], [ 88252.896399999997811, 444955.892700000025798 ], [ 88240.32839999999851, 444994.729700000025332 ], [ 88228.110400000005029, 445032.211699999985285 ], [ 88217.174400000003516, 445066.461699999985285 ], [ 88202.854399999996531, 445111.3077 ], [ 88209.172399999995832, 445118.8677 ], [ 88195.968399999997928, 445182.518700000015087 ], [ 88235.051399999996647, 445192.597699999983888 ], [ 88256.281400000007125, 445197.722699999983888 ], [ 88255.917400000005728, 445201.021699999982957 ], [ 88281.151400000002468, 445208.1727 ], [ 88282.273400000005495, 445205.1287 ], [ 88300.076400000005378, 445209.366700000013225 ], [ 88342.338399999993271, 445220.103699999977835 ], [ 88367.405400000003283, 445226.472699999983888 ], [ 88463.983399999997346, 445251.054699999978766 ], [ 88451.5104, 445304.958700000017416 ], [ 88439.7264, 445362.054699999978766 ], [ 88395.030400000003283, 445580.505699999979697 ], [ 88383.0294, 445626.300700000021607 ], [ 88328.475399999995716, 445833.497199999983422 ], [ 88448.780400000003283, 445863.238699999987148 ], [ 88447.621400000003632, 445868.102699999988545 ], [ 88446.049400000003516, 445874.6987 ], [ 88437.104399999996531, 445915.355700000014622 ], [ 88436.371400000003632, 445919.800700000021607 ], [ 88435.850399999995716, 445922.9607 ], [ 88432.252399999997579, 445974.805700000026263 ], [ 88437.30439999999362, 445976.005699999979697 ], [ 88486.092399999994086, 445987.603699999977835 ], [ 88534.8364, 445999.996700000017881 ], [ 88574.771399999997811, 446010.164700000023004 ], [ 88561.876399999993737, 446056.0467 ], [ 88550.991399999998976, 446094.7757 ], [ 88513.118400000006659, 446083.2967 ], [ 88503.002399999997579, 446131.741700000013225 ], [ 88599.997399999992922, 446158.93670000002021 ], [ 88629.477400000003399, 446167.3617 ], [ 88616.577399999994668, 446215.349700000020675 ], [ 88588.490399999995134, 446284.67070000001695 ], [ 88584.504400000005262, 446283.402699999976903 ], [ 88584.026400000002468, 446284.565699999977369 ], [ 88554.968399999997928, 446355.305700000026263 ], [ 88532.662400000001071, 446409.6077 ], [ 88529.0104, 446412.076699999975972 ], [ 88508.150399999998626, 446467.1987 ], [ 88480.024399999994785, 446456.6017 ], [ 88477.706399999995483, 446456.29570000001695 ], [ 88474.839399999997113, 446457.43670000002021 ], [ 88473.8024, 446458.6017 ], [ 88472.825400000001537, 446459.6987 ], [ 88469.9044, 446467.189699999988079 ], [ 88458.617400000002817, 446499.996700000017881 ], [ 88453.881399999998393, 446513.763700000010431 ], [ 88414.023400000005495, 446499.996700000017881 ], [ 88339.193, 446474.131899999978486 ], [ 88317.228400000007241, 446499.996700000017881 ], [ 88300.572400000004563, 446519.610700000019278 ], [ 88293.472399999998743, 446530.589700000011362 ], [ 88293.294399999998859, 446530.864699999976438 ], [ 88277.835399999996298, 446566.0147 ], [ 88308.978400000007241, 446576.853699999977835 ], [ 88296.542400000005728, 446614.553699999989476 ], [ 88254.02039999999397, 446600.1127 ], [ 88239.879400000005262, 446658.882700000016484 ], [ 88199.515400000003865, 446645.673699999984819 ], [ 88183.366399999998976, 446692.474700000020675 ], [ 88193.440400000006775, 446695.8947 ], [ 88164.966400000004796, 446783.430700000026263 ], [ 88054.670400000002701, 446746.6017 ], [ 87999.9764, 446728.5627 ], [ 87983.127399999997579, 446723.005699999979697 ], [ 87902.900399999998626, 446696.54570000001695 ], [ 87847.884399999995367, 446676.7057 ], [ 87839.400299999993877, 446673.646100000012666 ], [ 87821.347399999998743, 446723.5577 ], [ 87804.940400000006775, 446768.9177 ], [ 87793.657399999996414, 446800.1127 ], [ 87783.235400000005029, 446828.925700000021607 ], [ 87739.796400000006543, 446813.6337 ], [ 87728.4954, 446846.5797 ], [ 87723.295400000002701, 446844.7057 ], [ 87719.286399999997229, 446855.7377 ], [ 87706.577399999994668, 446890.713700000022072 ], [ 87701.56239999999525, 446904.513700000010431 ], [ 87684.112399999998161, 446952.5367 ], [ 87667.0634, 446999.452700000023469 ], [ 87593.072400000004563, 446972.7547 ], [ 87410.257400000002235, 446906.859699999971781 ], [ 87410.20339999999851, 446907.146699999982957 ], [ 87410.0824, 446907.7927 ], [ 87409.964399999997113, 446908.41970000002766 ], [ 87376.69539999999688, 446982.0747 ], [ 87368.069399999993038, 446999.996700000017881 ], [ 87360.838399999993271, 447017.556700000015553 ], [ 87334.1533999999956, 447082.356199999980163 ], [ 87334.369099999996251, 447082.925700000021607 ], [ 87492.5392, 447140.463999999978114 ], [ 87447.16479999999865, 447267.234 ], [ 87447.237999999997555, 447267.5674 ], [ 87479.5827, 447279.196899999980815 ], [ 87508.224600000001374, 447289.4951 ], [ 87570.640400000003865, 447311.93670000002021 ], [ 87589.838399999993271, 447318.7437 ], [ 87600.974400000006426, 447322.66970000002766 ], [ 87607.629400000005262, 447304.147699999972247 ], [ 87627.087400000003981, 447249.996700000017881 ], [ 87636.477400000003399, 447223.864699999976438 ], [ 87646.0334, 447197.4387 ], [ 87646.556400000001304, 447197.631700000027195 ], [ 87711.87840000000142, 447221.7707 ], [ 87793.955400000006193, 447251.849700000020675 ], [ 87877.940400000006775, 447282.050700000021607 ], [ 87962.21940000000177, 447311.7967 ], [ 88048.0484, 447342.684699999983422 ], [ 88025.117400000002817, 447406.3897 ], [ 88082.685400000002119, 447426.8797 ], [ 88173.323399999993853, 447460.109699999971781 ], [ 88192.006299999993644, 447466.9474 ], [ 88180.14539999999397, 447499.996700000017881 ], [ 88169.6584, 447529.1447 ], [ 88202.9044, 447541.1947 ], [ 88214.072400000004563, 447545.241700000013225 ], [ 88225.323399999993853, 447514.110700000019278 ], [ 88314.535399999993388, 447545.903700000024401 ], [ 88331.1204, 447499.996700000017881 ], [ 88348.224400000006426, 447452.652699999976903 ], [ 88348.246400000003632, 447452.6605 ], [ 88348.248000000006869, 447452.656000000017229 ], [ 88437.892999999996391, 447484.740999999979977 ], [ 88440.309999999997672, 447485.606000000028871 ], [ 88450.009999999994761, 447489.077999999979511 ], [ 88477.410999999992782, 447498.684 ], [ 88531.702000000004773, 447517.694000000017695 ], [ 88516.706999999994878, 447555.924 ], [ 88504.101999999998952, 447587.097 ], [ 88562.13300000000163, 447607.496999999973923 ], [ 88625.68399999999383, 447629.837 ], [ 88635.591, 447633.329000000027008 ], [ 88651.917000000001281, 447639.082999999984168 ], [ 88653.803, 447639.74800000002142 ], [ 88675.716, 447647.472 ], [ 88714.570000000006985, 447661.310999999986961 ], [ 88775.837, 447682.827999999979511 ], [ 88807.661999999996624, 447694.112000000022817 ], [ 88786.575400000001537, 447751.2476 ], [ 88813.005000000004657, 447760.848999999987427 ], [ 88808.654999999998836, 447773.142999999981839 ], [ 88808.63300000000163, 447773.135100000014063 ], [ 88808.631399999998393, 447773.1397 ], [ 88783.357900000002701, 447764.026300000026822 ], [ 88783.335900000005495, 447764.0184 ], [ 88768.344899999996414, 447808.4252 ], [ 88768.343399999997928, 447808.429699999978766 ], [ 88734.110400000005029, 447796.320699999982025 ], [ 88641.676399999996647, 447763.8187 ], [ 88606.156400000007125, 447751.5367 ], [ 88589.886499999993248, 447745.868399999977555 ], [ 88589.864400000005844, 447745.860700000019278 ], [ 88574.319900000002235, 447790.4541999999783 ], [ 88573.44999999999709, 447790.142999999981839 ], [ 88573.448399999993853, 447790.147500000020955 ], [ 88557.429000000003725, 447836.172000000020489 ], [ 88561.001999999993131, 447837.468 ], [ 88656.879, 447872.231000000028871 ], [ 88630.596999999994296, 447939.556999999971595 ], [ 88668.315000000002328, 447954.287000000011176 ], [ 88655.023000000001048, 447988.319000000017695 ], [ 88692.356, 448003.14000000001397 ], [ 88695.284400000004098, 448004.3087 ], [ 88694.869000000006054, 448005.488000000012107 ], [ 88705.716700000004494, 448010.674799999978859 ], [ 88716.564400000002934, 448015.8617 ], [ 88717.724400000006426, 448016.40470000001369 ], [ 88718.884399999995367, 448016.947700000018813 ], [ 88715.622399999992922, 448024.1337 ], [ 88716.418399999995017, 448024.778600000019651 ], [ 88715.012400000006892, 448029.396599999978207 ], [ 88722.4654, 448032.4376 ], [ 88722.467600000003586, 448032.452800000028219 ], [ 88759.955499999996391, 448049.150000000023283 ], [ 88763.079400000002352, 448042.353599999973085 ], [ 88761.172399999995832, 448038.0296 ], [ 88760.361399999994319, 448031.728599999973085 ], [ 88763.183399999994435, 448021.308599999989383 ], [ 88769.055399999997462, 448010.2146 ], [ 88782.3554, 447972.3026 ], [ 88793.084400000007008, 447945.581599999975879 ], [ 88793.31239999999525, 447945.0906 ], [ 88793.425399999992806, 447944.864599999971688 ], [ 88793.553400000004331, 447944.646599999978207 ], [ 88793.694399999993038, 447944.43660000001546 ], [ 88793.849400000006426, 447944.2366 ], [ 88794.015400000003865, 447944.0456000000122 ], [ 88794.194399999993038, 447943.8666 ], [ 88794.383400000006077, 447943.6986 ], [ 88794.5824, 447943.543599999975413 ], [ 88794.791400000001886, 447943.4006 ], [ 88794.867400000002817, 447943.353599999973085 ], [ 88795.151400000002468, 447943.181600000010803 ], [ 88795.40240000000631, 447943.0516 ], [ 88795.630399999994552, 447942.941600000020117 ], [ 88795.865399999995134, 447942.847599999979138 ], [ 88796.1054, 447942.767600000021048 ], [ 88796.350399999995716, 447942.7036 ], [ 88796.598400000002584, 447942.6546 ], [ 88796.849400000006426, 447942.621600000013132 ], [ 88797.1014, 447942.604600000020582 ], [ 88797.354399999996531, 447942.603599999973085 ], [ 88797.606400000004214, 447942.618599999987055 ], [ 88797.87840000000142, 447942.652599999972153 ], [ 88798.233399999997346, 447942.7096 ], [ 88799.280400000003283, 447942.8846 ], [ 88801.232399999993504, 447938.3846 ], [ 89008.466400000004796, 448021.716599999985192 ], [ 89037.6884, 448033.466599999985192 ], [ 89199.368400000006659, 448098.346599999989849 ], [ 89211.3885, 448101.0712 ], [ 89313.839200000002165, 447825.965299999981653 ] ] ] ] } },
{ "type": "Feature", "properties": { "buurtcode": "BU19260112", "buurtnaam": "Pijnacker Oost", "pc6_codes": "2641KN, 2641NK, 2641PA, 2641PB, 2641PC, 2641PD, 2641PE, 2641PG, 2641PH, 2641PJ, 2641PK, 2641PL, 2641PM, 2641PR, 2641PS, 2641PT, 2641PV, 2641PX, 2641PZ, 2641RB, 2641SB, 2642KN, 2642MA", "wijkcode": "WK192601", "gemeentecode": "GM1926", "gemeentenaam": "Pijnacker-Nootdorp", "oppervlakteLandInHa": 632, "AantalInwoners_5": 725, "Mannen_6": 370, "Vrouwen_7": 355, "HuishoudensTotaal_29": 280, "GemiddeldeHuishoudensgrootte_33": 2.6, "Woningvoorraad_35": 279, "NieuwbouwWoningen_36": 3, "NietWoningvoorraad_37": 53, "NieuwbouwNietWoningen_38": 2, "GemiddeldeWOZWaardeVanWoningen_39": 818, "PercentageEengezinswoning_40": 98, "PercentageTussenwoningEengezins_41": 0, "PercentageHoekwoningEengezins_42": 0, "PercentageTweeOnderEenKapWoningEe_43": 7, "PercentageVrijstaandeWoningEengezins_44": 91, "PercentageMeergezinswoning_45": 2, "Koopwoningen_47": 87, "HuurwoningenTotaal_48": 13, "InBezitWoningcorporatie_49": 0, "InBezitOverigeVerhuurders_50": 13, "BouwjaarMeerDanTienJaarGeleden_51": 82, "BouwjaarAfgelopenTienJaar_52": 18, "GemiddeldeElektriciteitslevering_53": 4540, "GemiddeldeElektriciteitsteruglevering_54": 2900, "GemiddeldAardgasverbruik_55": 1130, "AardgasvrijeWoningen_57": 20, "Aardgaswoningen_58": 67, "WoningenMetZonnestroom_59": 61, "WoningenHoofdzElektrVerwarmd_60": 29, "k_20PersonenMetHoogsteInkomen_80": 27.6, "k_20HuishoudensMetHoogsteInkomen_85": 45.5, "MediaanVermogenVanParticuliereHuish_86": 870.3, "PersonenautoSTotaal_104": 430, "PersonenautoSBrandstofBenzine_105": 295, "PersonenautoSOverigeBrandstof_106": 135, "PersonenautoSPerHuishouden_107": 1.6, "Omgevingsadressendichtheid_121": 665, "AantalInstallatiesBijWoningen_5": 111, "OpgesteldVermogenVanZonnepanelen_6": 708, "installaties_per_woning": 0.39784946236559138, "vermogen_per_woning": 2.5376344086021505, "installaties_per_100_woningen": 39.784946236559136, "vermogen_per_huishouden": 2.5285714285714285, "batterijdruk_score": 1769.0, "koop_zon_score": 0.5307, "eengezins_zon_score": 0.5978, "betaalkracht_zon_score": 530.883, "overige_brandstof_zon_score": 82.35, "lichte_batterij_kansscore": 0.57807608634075325 }, "geometry": { "type": "MultiPolygon", "coordinates": [ [ [ [ 89893.767999999996391, 451755.572999999974854 ], [ 89953.339999999996508, 451746.353 ], [ 89999.481, 451739.212 ], [ 90045.740000000005239, 451732.053000000014435 ], [ 90093.953999999997905, 451724.590000000025611 ], [ 90140.207999999998719, 451717.431999999971595 ], [ 90187.436000000001513, 451710.121999999973923 ], [ 90198.792000000001281, 451708.364 ], [ 90203.214000000007218, 451707.696 ], [ 90232.932, 451703.210000000020955 ], [ 90279.50800000000163, 451696.178000000014435 ], [ 90328.604999999995925, 451688.76500000001397 ], [ 90373.138000000006286, 451682.041000000026543 ], [ 90422.717000000004191, 451674.555999999982305 ], [ 90470.834000000002561, 451667.291000000026543 ], [ 90514.426999999996042, 451660.708999999973457 ], [ 90562.001999999993131, 451653.526000000012573 ], [ 90610.414999999993597, 451646.217 ], [ 90656.842000000004191, 451639.207 ], [ 90702.839000000007218, 451632.261999999987893 ], [ 90750.979000000006636, 451624.994 ], [ 90784.474000000001979, 451531.957 ], [ 90875.05899999999383, 451280.349999999976717 ], [ 90876.820999999996275, 451275.457 ], [ 90979.914999999993597, 450989.104 ], [ 91006.928, 450914.072999999974854 ], [ 91140.096999999994296, 450544.181999999971595 ], [ 91178.478000000002794, 450558.204000000027008 ], [ 91180.811000000001513, 450551.816999999980908 ], [ 91197.970000000001164, 450504.852000000013504 ], [ 91221.509000000005472, 450440.423 ], [ 91300.523000000001048, 450462.717 ], [ 91302.982999999992899, 450463.411000000021886 ], [ 91310.232199999998556, 450465.456400000024587 ], [ 91340.068, 450473.875 ], [ 91421.835999999995693, 450496.947999999974854 ], [ 91501.559999999997672, 450519.444000000017695 ], [ 91544.459000000002561, 450525.74800000002142 ], [ 91587.043999999994412, 450532.005 ], [ 91671.929999999993015, 450544.478 ], [ 91685.384000000005472, 450546.455000000016298 ], [ 91738.388999999995576, 450554.243000000016764 ], [ 91742.532000000006519, 450554.852000000013504 ], [ 91754.676999999996042, 450556.636999999987893 ], [ 91795.584000000002561, 450562.647 ], [ 91879.153999999994994, 450574.927000000025146 ], [ 92005.43399999999383, 450593.482000000018161 ], [ 92044.520999999993364, 450607.571999999985565 ], [ 92122.888000000006286, 450635.822999999974854 ], [ 92128.754, 450618.411000000021886 ], [ 92132.193, 450608.202999999979511 ], [ 92136.775999999998021, 450594.598999999987427 ], [ 92142.36699999999837, 450578.004000000015367 ], [ 92148.084000000002561, 450561.037000000011176 ], [ 92153.790999999997439, 450544.098 ], [ 92159.517000000007101, 450527.102000000013504 ], [ 92162.154999999998836, 450519.271 ], [ 92165.232999999992899, 450510.136 ], [ 92170.932, 450493.218999999982771 ], [ 92177.111999999993714, 450474.875 ], [ 92178.763000000006286, 450469.973999999987427 ], [ 92180.875, 450470.305 ], [ 92201.517000000007101, 450473.541000000026543 ], [ 92204.013999999995576, 450473.789999999979045 ], [ 92211.224000000001979, 450445.885 ], [ 92221.547999999995227, 450411.710000000020955 ], [ 92221.975000000005821, 450406.191999999980908 ], [ 92222.229999999995925, 450402.409999999974389 ], [ 92215.831000000005588, 450399.787000000011176 ], [ 92221.421000000002095, 450386.886 ], [ 92229.260999999998603, 450389.129000000015367 ], [ 92231.591, 450389.794999999983702 ], [ 92238.464000000007218, 450366.342 ], [ 92242.010999999998603, 450355.559 ], [ 92260.831999999994878, 450361.115999999979977 ], [ 92261.619999999995343, 450361.348999999987427 ], [ 92263.415999999997439, 450355.678000000014435 ], [ 92263.914000000004307, 450354.053000000014435 ], [ 92270.656000000002678, 450332.055 ], [ 92273.746, 450321.973999999987427 ], [ 92275.32499999999709, 450316.822999999974854 ], [ 92278.471999999994296, 450307.01500000001397 ], [ 92280.301000000006752, 450301.621999999973923 ], [ 92281.695999999996275, 450297.512999999977183 ], [ 92284.823999999993248, 450290.413999999989755 ], [ 92283.553, 450289.982000000018161 ], [ 92281.201, 450289.184 ], [ 92306.13300000000163, 450210.045999999972992 ], [ 92306.142000000007101, 450210.017999999981839 ], [ 92309.513000000006286, 450211.13 ], [ 92311.695000000006985, 450204.121999999973923 ], [ 92316.413, 450188.968999999982771 ], [ 92320.349000000001979, 450176.329000000027008 ], [ 92324.710999999995693, 450162.322999999974854 ], [ 92324.581999999994878, 450162.281000000017229 ], [ 92328.275999999998021, 450150.920999999972992 ], [ 92332.130999999993946, 450139.071999999985565 ], [ 92334.06600000000617, 450132.76500000001397 ], [ 92336.323000000003958, 450125.412000000011176 ], [ 92341.18300000000454, 450109.576 ], [ 92342.290999999997439, 450106.315 ], [ 92348.202000000004773, 450088.923 ], [ 92349.680999999996857, 450084.572999999974854 ], [ 92361.167000000001281, 450050.778 ], [ 92361.271999999997206, 450050.468 ], [ 92373.059999999997672, 450013.579000000027008 ], [ 92377.922999999995227, 449997.436999999976251 ], [ 92411.205000000001746, 449920.401000000012573 ], [ 92417.384000000005472, 449906.098999999987427 ], [ 92426.826, 449887.536000000021886 ], [ 92429.592000000004191, 449880.571999999985565 ], [ 92441.024999999994179, 449851.783999999985099 ], [ 92449.698000000003958, 449829.57 ], [ 92461.845000000001164, 449798.456 ], [ 92465.035999999992782, 449791.13 ], [ 92467.985, 449784.362000000022817 ], [ 92471.396999999997206, 449776.528 ], [ 92472.498999999996158, 449774.00099999998929 ], [ 92472.968999999997322, 449772.717 ], [ 92473.725999999995111, 449770.648999999975786 ], [ 92489.418999999994412, 449727.797000000020489 ], [ 92490.369999999995343, 449725.200000000011642 ], [ 92490.929000000003725, 449724.093999999982771 ], [ 92497.318, 449711.451 ], [ 92499.849000000001979, 449706.44 ], [ 92505.05000000000291, 449696.150000000023283 ], [ 92511.14100000000326, 449683.063000000023749 ], [ 92525.456999999994878, 449652.347 ], [ 92523.895000000004075, 449651.103 ], [ 92519.623999999996158, 449647.702 ], [ 92516.86699999999837, 449645.119 ], [ 92515.645999999993364, 449643.974999999976717 ], [ 92506.922999999995227, 449635.802000000025146 ], [ 92506.50800000000163, 449635.413 ], [ 92504.159, 449633.212 ], [ 92477.832999999998719, 449608.547000000020489 ], [ 92456.115999999994528, 449588.199000000022352 ], [ 92439.601999999998952, 449572.01 ], [ 92438.062000000005355, 449570.5 ], [ 92377.05000000000291, 449515.44 ], [ 92217.248000000006869, 449369.707999999984168 ], [ 92208.972999999998137, 449362.162000000011176 ], [ 92206.464000000007218, 449359.896 ], [ 92206.413, 449359.849999999976717 ], [ 92148.918999999994412, 449307.919999999983702 ], [ 92148.896999999997206, 449307.900000000023283 ], [ 92143.404999999998836, 449302.94 ], [ 92102.843999999997322, 449266.656000000017229 ], [ 91998.899999999994179, 449173.669999999983702 ], [ 91956.967999999993481, 449135.89000000001397 ], [ 91955.023000000001048, 449133.799999999988358 ], [ 91953.706000000005588, 449131.38 ], [ 91950.330000000001746, 449124.837 ], [ 91942.17500000000291, 449110.729999999981374 ], [ 91939.263000000006286, 449106.033 ], [ 91931.752999999996973, 449095.207999999984168 ], [ 91922.376999999993131, 449081.957999999984168 ], [ 91921.070999999996275, 449079.836000000010245 ], [ 91919.695000000006985, 449077.06 ], [ 91916.490000000005239, 449066.37400000001071 ], [ 91916.335999999995693, 449065.86099999997532 ], [ 91915.626000000003842, 449063.492000000027474 ], [ 91915.619000000006054, 449063.46999999997206 ], [ 91914.301000000006752, 449059.075000000011642 ], [ 91913.44999999999709, 449054.939000000013039 ], [ 91913.419999999998254, 449054.822999999974854 ], [ 91912.55899999999383, 449051.503000000026077 ], [ 91912.498999999996158, 449051.272999999986496 ], [ 91910.930999999996857, 449045.229 ], [ 91908.898000000001048, 449037.39000000001397 ], [ 91908.650999999998021, 449030.881999999983236 ], [ 91909.232999999992899, 449028.276000000012573 ], [ 91913.962, 449009.496999999973923 ], [ 91915.032000000006519, 449007.381 ], [ 91914.301999999996042, 449005.794999999983702 ], [ 91913.456000000005588, 449003.824000000022352 ], [ 91911.717999999993481, 449001.468999999982771 ], [ 91906.599000000001979, 448996.979 ], [ 91867.020000000004075, 448962.261999999987893 ], [ 91861.351999999998952, 448958.272999999986496 ], [ 91859.990000000005239, 448957.462999999988824 ], [ 91858.505000000004657, 448956.821999999985565 ], [ 91856.763999999995576, 448956.333999999973457 ], [ 91854.975000000005821, 448956.207999999984168 ], [ 91846.80000000000291, 448956.343999999982771 ], [ 91841.951, 448955.506 ], [ 91831.854000000006636, 448952.335000000020955 ], [ 91823.369000000006054, 448950.446999999985565 ], [ 91820.990000000005239, 448949.63 ], [ 91818.693, 448947.292000000015832 ], [ 91809.222999999998137, 448925.271 ], [ 91806.865000000005239, 448922.923 ], [ 91802.937000000005355, 448920.960000000020955 ], [ 91786.981, 448913.523999999975786 ], [ 91779.42500000000291, 448907.76500000001397 ], [ 91774.195999999996275, 448904.794 ], [ 91771.807, 448903.731000000028871 ], [ 91765.464000000007218, 448901.556999999971595 ], [ 91735.286999999996624, 448892.055999999982305 ], [ 91713.123999999996158, 448888.01 ], [ 91707.373000000006869, 448887.512999999977183 ], [ 91699.69199999999546, 448887.419 ], [ 91694.063999999998487, 448886.397 ], [ 91692.403999999994994, 448885.913 ], [ 91687.104999999995925, 448884.284999999974389 ], [ 91675.11, 448880.056999999971595 ], [ 91661.623000000006869, 448873.659999999974389 ], [ 91656.002999999996973, 448868.44 ], [ 91648.301000000006752, 448859.607000000018161 ], [ 91644.362999999997555, 448856.146 ], [ 91643.781000000002678, 448855.635 ], [ 91636.14100000000326, 448848.922000000020489 ], [ 91635.885999999998603, 448848.697999999974854 ], [ 91631.23399999999674, 448846.03000000002794 ], [ 91621.299, 448841.119 ], [ 91607.460000000006403, 448835.604999999981374 ], [ 91600.895000000004075, 448833.738000000012107 ], [ 91596.286999999996624, 448832.805999999982305 ], [ 91593.760999999998603, 448832.901000000012573 ], [ 91589.974000000001979, 448832.825000000011642 ], [ 91581.631999999997788, 448833.117000000027474 ], [ 91571.410999999992782, 448833.223 ], [ 91566.577000000004773, 448831.957999999984168 ], [ 91566.349000000001979, 448831.871999999973923 ], [ 91561.371, 448829.99800000002142 ], [ 91554.031000000002678, 448827.814000000013039 ], [ 91553.728000000002794, 448827.656000000017229 ], [ 91544.879, 448823.037000000011176 ], [ 91539.698000000003958, 448820.487000000022817 ], [ 91535.100000000005821, 448818.429 ], [ 91520.31600000000617, 448813.858 ], [ 91518.721000000005006, 448813.668 ], [ 91511.626999999993131, 448812.822999999974854 ], [ 91485.505000000004657, 448808.829000000027008 ], [ 91479.601999999998952, 448807.925999999977648 ], [ 91478.513999999995576, 448807.759000000020023 ], [ 91474.885999999998603, 448807.204000000027008 ], [ 91474.418999999994412, 448807.132999999972526 ], [ 91472.61699999999837, 448806.545999999972992 ], [ 91463.94999999999709, 448803.718999999982771 ], [ 91457.121, 448800.840000000025611 ], [ 91451.748999999996158, 448798.463999999978114 ], [ 91450.212, 448797.25199999997858 ], [ 91445.887000000002445, 448793.838999999978114 ], [ 91440.156000000002678, 448786.979999999981374 ], [ 91434.288, 448778.507999999972526 ], [ 91429.217000000004191, 448770.726000000024214 ], [ 91428.693, 448769.922000000020489 ], [ 91412.05899999999383, 448742.604999999981374 ], [ 91410.346999999994296, 448739.802000000025146 ], [ 91403.362999999997555, 448728.368000000016764 ], [ 91402.604999999995925, 448727.128000000026077 ], [ 91400.31699999999546, 448723.419999999983702 ], [ 91399.30800000000454, 448720.851000000024214 ], [ 91398.725999999995111, 448718.471000000019558 ], [ 91399.347999999998137, 448716.597 ], [ 91399.607999999992899, 448715.213999999978114 ], [ 91399.31600000000617, 448713.298 ], [ 91394.30000000000291, 448709.849999999976717 ], [ 91387.430999999996857, 448705.12699999997858 ], [ 91381.012000000002445, 448711.115999999979977 ], [ 91376.036999999996624, 448712.055999999982305 ], [ 91371.062000000005355, 448710.854 ], [ 91367.017999999996391, 448708.385 ], [ 91364.290999999997439, 448704.553000000014435 ], [ 91363.767999999996391, 448702.239 ], [ 91363.61699999999837, 448697.413 ], [ 91359.881999999997788, 448695.419999999983702 ], [ 91353.672999999995227, 448693.564000000013039 ], [ 91345.168999999994412, 448691.086000000010245 ], [ 91336.744999999995343, 448690.083999999973457 ], [ 91325.126000000003842, 448688.702999999979511 ], [ 91317.184999999997672, 448686.158999999985099 ], [ 91314.331000000005588, 448684.572999999974854 ], [ 91308.540999999997439, 448679.68 ], [ 91303.847999999998137, 448675.642999999981839 ], [ 91298.035999999992782, 448672.244 ], [ 91283.494000000006054, 448664.177000000025146 ], [ 91277.735, 448661.096000000019558 ], [ 91273.240999999994528, 448659.304 ], [ 91260.657999999995809, 448655.343999999982771 ], [ 91255.884000000005472, 448653.841000000014901 ], [ 91252.751999999993131, 448652.229 ], [ 91240.688999999998487, 448643.818000000028405 ], [ 91233.729000000006636, 448641.102000000013504 ], [ 91231.782999999995809, 448640.099999999976717 ], [ 91227.193, 448637.737000000022817 ], [ 91218.702000000004773, 448629.949000000022352 ], [ 91213.921000000002095, 448628.354999999981374 ], [ 91208.05899999999383, 448626.495999999984633 ], [ 91201.460000000006403, 448625.009000000020023 ], [ 91198.107000000003609, 448624.53000000002794 ], [ 91179.672000000005937, 448621.897999999986496 ], [ 91172.872000000003027, 448616.311999999976251 ], [ 91172.30800000000454, 448615.848999999987427 ], [ 91167.573000000003958, 448610.745999999984633 ], [ 91165.702999999994063, 448606.482000000018161 ], [ 91163.838000000003376, 448602.104999999981374 ], [ 91162.75, 448598.011 ], [ 91162.106, 448586.949000000022352 ], [ 91161.456000000005588, 448575.799999999988358 ], [ 91161.577999999994063, 448572.677000000025146 ], [ 91162.604000000006636, 448571.583999999973457 ], [ 91163.394, 448570.599999999976717 ], [ 91178.785999999992782, 448568.967 ], [ 91179.341, 448568.908 ], [ 91179.694000000003143, 448568.870999999984633 ], [ 91183.635999999998603, 448568.455000000016298 ], [ 91187.813999999998487, 448566.550999999977648 ], [ 91190.661999999996624, 448565.759000000020023 ], [ 91191.712, 448563.833999999973457 ], [ 91193.68300000000454, 448561.62599999998929 ], [ 91195.273000000001048, 448559.369 ], [ 91196.422999999995227, 448557.25099999998929 ], [ 91196.809999999997672, 448556.313000000023749 ], [ 91197.195999999996275, 448555.379000000015367 ], [ 91198.39, 448552.137999999977183 ], [ 91198.43399999999383, 448551.98499999998603 ], [ 91199.165999999997439, 448549.457 ], [ 91199.187999999994645, 448549.38 ], [ 91199.76600000000326, 448546.310999999986961 ], [ 91200.395000000004075, 448543.506999999983236 ], [ 91200.703999999997905, 448540.621999999973923 ], [ 91200.672000000005937, 448538.597 ], [ 91200.932, 448536.017 ], [ 91200.839999999996508, 448532.797000000020489 ], [ 91200.486000000004424, 448529.87300000002142 ], [ 91200.051000000006752, 448524.468 ], [ 91199.630999999993946, 448521.761 ], [ 91199.438999999998487, 448520.238000000012107 ], [ 91199.271999999997206, 448519.245999999984633 ], [ 91199.138000000006286, 448518.205000000016298 ], [ 91198.532000000006519, 448515.556999999971595 ], [ 91197.668999999994412, 448512.170999999972992 ], [ 91196.914000000004307, 448509.483 ], [ 91196.167000000001281, 448506.717 ], [ 91194.993000000002212, 448502.597 ], [ 91191.948999999993248, 448493.772 ], [ 91190.531000000002678, 448489.553000000014435 ], [ 91189.869999999995343, 448487.483 ], [ 91189.164999999993597, 448484.131 ], [ 91188.468999999997322, 448480.685 ], [ 91188.277000000001863, 448478.017 ], [ 91188.277000000001863, 448475.777 ], [ 91188.161999999996624, 448472.987000000022817 ], [ 91187.222999999998137, 448467.50099999998929 ], [ 91187.30800000000454, 448466.711000000010245 ], [ 91188.51600000000326, 448462.87699999997858 ], [ 91189.028999999994994, 448461.211000000010245 ], [ 91189.668999999994412, 448458.906000000017229 ], [ 91191.296000000002095, 448452.732000000018161 ], [ 91191.607999999992899, 448446.99800000002142 ], [ 91191.906000000002678, 448442.386999999987893 ], [ 91191.906000000002678, 448439.930999999982305 ], [ 91192.118000000002212, 448436.044 ], [ 91191.975000000005821, 448435.12 ], [ 91192.896999999997206, 448430.913999999989755 ], [ 91194.805999999996857, 448420.808000000019092 ], [ 91196.214000000007218, 448414.862000000022817 ], [ 91197.354999999995925, 448410.039999999979045 ], [ 91199.36, 448401.935 ], [ 91200.353000000002794, 448399.01400000002468 ], [ 91201.029999999998836, 448397.608 ], [ 91202.054000000003725, 448395.994 ], [ 91203.899000000004889, 448394.471000000019558 ], [ 91205.698000000003958, 448393.027 ], [ 91210.246, 448390.48599999997532 ], [ 91212.517000000007101, 448389.51400000002468 ], [ 91213.292000000001281, 448389.183000000019092 ], [ 91218.540999999997439, 448385.625 ], [ 91220.532000000006519, 448384.153 ], [ 91222.43300000000454, 448382.240999999979977 ], [ 91225.168000000005122, 448379.463999999978114 ], [ 91226.755000000004657, 448377.723 ], [ 91228.159, 448376.283999999985099 ], [ 91228.975000000005821, 448374.756 ], [ 91229.763999999995576, 448373.163999999989755 ], [ 91230.163, 448371.784999999974389 ], [ 91230.376000000003842, 448370.843 ], [ 91230.804000000003725, 448369.01400000002468 ], [ 91231.354999999995925, 448362.507999999972526 ], [ 91231.645000000004075, 448359.478 ], [ 91231.862999999997555, 448357.315 ], [ 91232.785999999992782, 448351.593999999982771 ], [ 91233.339999999996508, 448347.944000000017695 ], [ 91234.032000000006519, 448344.162000000011176 ], [ 91235.502999999996973, 448337.096000000019558 ], [ 91237.259999999994761, 448328.659999999974389 ], [ 91239.06600000000617, 448318.775000000023283 ], [ 91240.975999999995111, 448305.402 ], [ 91241.19100000000617, 448303.183000000019092 ], [ 91241.262000000002445, 448301.555 ], [ 91240.981, 448300.049 ], [ 91240.740000000005239, 448298.641 ], [ 91240.532000000006519, 448297.21999999997206 ], [ 91240.017999999996391, 448295.75 ], [ 91239.422000000005937, 448293.837 ], [ 91238.754, 448292.157 ], [ 91237.312999999994645, 448288.533 ], [ 91234.012000000002445, 448279.593 ], [ 91233.702999999994063, 448278.727000000013504 ], [ 91231.410999999992782, 448269.477000000013504 ], [ 91231.39, 448268.479999999981374 ], [ 91231.31699999999546, 448265.044999999983702 ], [ 91231.070000000006985, 448263.07 ], [ 91228.710000000006403, 448255.924999999988358 ], [ 91223.486000000004424, 448240.112000000022817 ], [ 91222.74199999999837, 448236.450000000011642 ], [ 91222.312000000005355, 448233.766 ], [ 91221.842000000004191, 448229.841000000014901 ], [ 91221.570999999996275, 448224.56 ], [ 91221.752999999996973, 448219.174 ], [ 91221.98399999999674, 448217.044 ], [ 91222.19100000000617, 448214.903999999980442 ], [ 91222.589999999996508, 448212.954000000027008 ], [ 91223.180999999996857, 448210.298 ], [ 91224.153999999994994, 448207.26 ], [ 91224.962, 448204.85999999998603 ], [ 91225.86, 448202.634000000020023 ], [ 91227.042000000001281, 448200.311999999976251 ], [ 91228.313999999998487, 448198.163999999989755 ], [ 91229.896999999997206, 448195.98599999997532 ], [ 91230.982000000003609, 448194.65500000002794 ], [ 91234.002999999996973, 448191.977000000013504 ], [ 91235.785999999992782, 448190.347 ], [ 91237.410000000003492, 448189.028999999980442 ], [ 91239.145000000004075, 448187.704000000027008 ], [ 91243.111000000004424, 448184.532 ], [ 91244.971000000005006, 448183.233 ], [ 91247.309999999997672, 448181.704000000027008 ], [ 91249.754, 448180.24800000002142 ], [ 91251.728000000002794, 448179.189000000013039 ], [ 91253.847999999998137, 448178.10999999998603 ], [ 91256.528000000005704, 448176.863000000012107 ], [ 91258.353000000002794, 448175.996999999973923 ], [ 91263.395999999993364, 448173.517 ], [ 91267.055999999996857, 448171.628000000026077 ], [ 91269.362999999997555, 448170.303000000014435 ], [ 91272.945000000006985, 448167.646 ], [ 91276.732999999992899, 448164.316999999980908 ], [ 91282.028999999994994, 448159.43 ], [ 91286.520999999993364, 448154.009000000020023 ], [ 91289.395000000004075, 448150.017999999981839 ], [ 91293.535000000003492, 448143.577 ], [ 91294.562999999994645, 448141.298 ], [ 91294.801999999996042, 448140.039999999979045 ], [ 91294.971000000005006, 448138.754000000015367 ], [ 91295.315000000002328, 448136.806999999971595 ], [ 91295.619999999995343, 448130.87599999998929 ], [ 91295.687000000005355, 448129.169999999983702 ], [ 91295.702999999994063, 448128.756 ], [ 91296.171000000002095, 448116.867000000027474 ], [ 91296.217000000004191, 448113.516 ], [ 91295.948000000003958, 448110.520000000018626 ], [ 91295.688999999998487, 448108.056999999971595 ], [ 91295.455000000001746, 448105.822999999974854 ], [ 91294.456000000005588, 448098.683000000019092 ], [ 91294.339000000007218, 448098.03000000002794 ], [ 91292.591, 448088.291000000026543 ], [ 91293.525999999998021, 448084.650000000023283 ], [ 91294.364000000001397, 448079.115 ], [ 91296.735, 448071.560999999986961 ], [ 91299.743000000002212, 448062.697999999974854 ], [ 91300.084000000002561, 448061.974999999976717 ], [ 91304.225000000005821, 448053.205000000016298 ], [ 91310.55800000000454, 448046.62300000002142 ], [ 91313.489000000001397, 448041.391 ], [ 91313.955000000001746, 448038.793 ], [ 91312.36, 448036.098 ], [ 91308.804000000003725, 448030.865 ], [ 91308.240999999994528, 448029.052000000025146 ], [ 91307.235, 448025.816 ], [ 91306.778000000005704, 448022.46999999997206 ], [ 91305.847999999998137, 448019.544999999983702 ], [ 91303.273000000001048, 448017.106000000028871 ], [ 91301.384000000005472, 448014.864 ], [ 91297.631999999997788, 448012.222 ], [ 91295.062999999994645, 448009.670999999972992 ], [ 91290.407999999995809, 448006.706 ], [ 91284.246, 448003.025000000023283 ], [ 91278.474000000001979, 448001.13900000002468 ], [ 91273.896999999997206, 447997.213999999978114 ], [ 91267.820000000006985, 447992.843 ], [ 91263.006999999997788, 447987.98499999998603 ], [ 91257.929000000003725, 447981.496999999973923 ], [ 91255.385999999998603, 447977.354999999981374 ], [ 91251.853000000002794, 447975.601000000024214 ], [ 91251.985, 447970.968999999982771 ], [ 91251.642000000007101, 447967.590000000025611 ], [ 91251.350999999995111, 447962.931999999971595 ], [ 91251.517999999996391, 447958.518999999971129 ], [ 91251.218999999997322, 447953.848999999987427 ], [ 91250.657000000006519, 447950.609 ], [ 91249.818, 447948.577999999979511 ], [ 91248.115999999994528, 447945.452999999979511 ], [ 91246.265, 447942.147 ], [ 91245.069000000003143, 447940.147 ], [ 91242.652000000001863, 447935.995999999984633 ], [ 91241.996, 447934.49900000001071 ], [ 91241.398000000001048, 447932.754000000015367 ], [ 91240.788, 447930.744 ], [ 91240.615999999994528, 447928.327 ], [ 91240.755999999993946, 447925.962 ], [ 91241.44100000000617, 447921.368000000016764 ], [ 91242.717000000004191, 447913.742000000027474 ], [ 91246.292000000001281, 447906.821999999985565 ], [ 91247.664999999993597, 447901.76500000001397 ], [ 91248.547000000005937, 447893.159999999974389 ], [ 91249.89100000000326, 447885.12 ], [ 91250.75, 447881.156000000017229 ], [ 91253.156000000002678, 447877.237000000022817 ], [ 91255.963000000003376, 447873.745999999984633 ], [ 91257.929000000003725, 447868.927000000025146 ], [ 91259.255000000004657, 447864.272 ], [ 91259.273000000001048, 447863.174 ], [ 91262.55000000000291, 447856.919999999983702 ], [ 91264.849000000001979, 447855.718 ], [ 91268.44100000000617, 447853.798 ], [ 91269.623999999996158, 447850.840000000025611 ], [ 91270.943, 447846.679 ], [ 91271.457999999998719, 447844.074000000022352 ], [ 91272.025999999998021, 447841.202999999979511 ], [ 91275.226999999998952, 447835.200000000011642 ], [ 91277.831000000005588, 447833.647999999986496 ], [ 91279.861999999993714, 447832.189000000013039 ], [ 91281.206000000005588, 447831.223 ], [ 91286.698999999993248, 447827.125 ], [ 91292.203999999997905, 447823.568000000028405 ], [ 91295.875, 447821.07 ], [ 91299.944000000003143, 447817.092 ], [ 91302.252999999996973, 447813.325000000011642 ], [ 91303.509000000005472, 447810.281000000017229 ], [ 91303.736000000004424, 447805.988000000012107 ], [ 91304.462, 447799.302000000025146 ], [ 91305.528000000005704, 447795.591000000014901 ], [ 91305.92500000000291, 447794.207 ], [ 91309.159, 447786.884000000020023 ], [ 91313.005000000004657, 447781.367000000027474 ], [ 91315.600999999995111, 447776.87699999997858 ], [ 91319.111000000004424, 447771.722 ], [ 91321.596000000005006, 447767.226000000024214 ], [ 91325.520999999993364, 447761.131 ], [ 91327.81600000000617, 447757.587 ], [ 91329.312000000005355, 447756.097 ], [ 91331.557, 447753.859 ], [ 91335.509999999994761, 447749.98599999997532 ], [ 91340.614000000001397, 447746.00199999997858 ], [ 91349.644, 447738.592 ], [ 91356.327000000004773, 447732.951 ], [ 91359.462, 447730.504000000015367 ], [ 91362.206999999994878, 447728.362000000022817 ], [ 91365.553, 447726.09499999997206 ], [ 91369.64, 447723.325000000011642 ], [ 91373.205000000001746, 447721.088999999978114 ], [ 91375.710999999995693, 447718.925999999977648 ], [ 91377.907000000006519, 447716.297000000020489 ], [ 91379.176000000006752, 447714.554 ], [ 91381.60899999999674, 447711.332 ], [ 91382.799, 447709.025000000023283 ], [ 91382.88300000000163, 447707.572999999974854 ], [ 91384.285000000003492, 447706.645000000018626 ], [ 91387.50800000000163, 447706.027 ], [ 91391.01600000000326, 447705.178000000014435 ], [ 91393.746, 447704.935 ], [ 91394.996, 447703.908999999985099 ], [ 91395.578999999997905, 447701.588999999978114 ], [ 91394.597999999998137, 447698.794 ], [ 91392.615000000005239, 447695.068000000028405 ], [ 91391.501000000003842, 447694.128000000026077 ], [ 91390.400999999998021, 447692.582 ], [ 91389.517999999996391, 447689.637999999977183 ], [ 91389.443, 447685.528 ], [ 91389.494999999995343, 447683.109 ], [ 91390.899000000004889, 447677.87599999998929 ], [ 91392.515, 447673.642 ], [ 91394.619000000006054, 447670.288999999989755 ], [ 91395.229999999995925, 447669.46999999997206 ], [ 91395.93399999999383, 447668.527 ], [ 91398.36699999999837, 447666.803000000014435 ], [ 91400.615999999994528, 447664.080000000016298 ], [ 91402.754, 447660.466000000014901 ], [ 91404.936000000001513, 447656.289999999979045 ], [ 91405.338000000003376, 447650.739 ], [ 91404.99199999999837, 447645.272999999986496 ], [ 91406.148000000001048, 447641.324000000022352 ], [ 91408.873000000006869, 447637.313000000023749 ], [ 91414.24199999999837, 447631.131 ], [ 91419.342000000004191, 447624.989 ], [ 91422.892000000007101, 447620.283999999985099 ], [ 91425.591, 447614.824000000022352 ], [ 91427.259000000005472, 447610.565 ], [ 91427.781000000002678, 447608.912000000011176 ], [ 91428.892999999996391, 447600.693000000028405 ], [ 91429.203999999997905, 447598.403999999980442 ], [ 91429.31699999999546, 447597.571999999985565 ], [ 91431.918999999994412, 447588.85999999998603 ], [ 91433.38300000000163, 447583.956 ], [ 91433.951, 447582.054 ], [ 91438.55800000000454, 447574.270000000018626 ], [ 91441.395999999993364, 447569.474999999976717 ], [ 91448.248000000006869, 447559.585000000020955 ], [ 91450.237999999997555, 447555.838999999978114 ], [ 91451.743000000002212, 447553.007999999972526 ], [ 91453.350999999995111, 447549.694000000017695 ], [ 91453.490999999994528, 447548.087999999988824 ], [ 91451.743000000002212, 447546.079000000027008 ], [ 91448.107999999992899, 447542.667000000015832 ], [ 91446.080000000001746, 447540.908999999985099 ], [ 91434.963000000003376, 447533.128000000026077 ], [ 91418.881999999997788, 447521.731000000028871 ], [ 91411.040999999997439, 447515.637999999977183 ], [ 91409.513000000006286, 447514.451 ], [ 91403.918999999994412, 447509.531000000017229 ], [ 91398.186000000001513, 447502.702999999979511 ], [ 91396.019, 447497.632999999972526 ], [ 91393.432, 447493.266 ], [ 91389.096999999994296, 447487.542000000015832 ], [ 91385.600999999995111, 447484.831 ], [ 91381.755000000004657, 447483.425999999977648 ], [ 91376.930999999996857, 447482.822999999974854 ], [ 91371.967000000004191, 447482.221000000019558 ], [ 91369.169999999998254, 447481.316999999980908 ], [ 91367.282000000006519, 447479.761 ], [ 91365.884000000005472, 447477.652 ], [ 91364.765, 447473.886999999987893 ], [ 91362.597999999998137, 447470.120999999984633 ], [ 91360.850000000005821, 447467.912000000011176 ], [ 91356.024999999994179, 447464.246999999973923 ], [ 91353.577999999994063, 447462.740999999979977 ], [ 91351.130999999993946, 447460.482000000018161 ], [ 91349.592999999993481, 447458.121999999973923 ], [ 91347.565000000002328, 447454.507999999972526 ], [ 91344.978000000002794, 447447.479 ], [ 91343.509999999994761, 447445.21999999997206 ], [ 91341.622000000003027, 447443.011 ], [ 91338.895000000004075, 447441.455000000016298 ], [ 91335.539000000004307, 447440.049 ], [ 91328.267999999996391, 447438.995 ], [ 91325.400999999998021, 447437.588999999978114 ], [ 91323.582999999998719, 447435.931999999971595 ], [ 91322.534, 447434.326 ], [ 91321.904999999998836, 447431.966000000014901 ], [ 91321.555999999996857, 447414.093999999982771 ], [ 91320.717000000004191, 447408.672000000020489 ], [ 91319.509000000005472, 447399.651000000012573 ], [ 91318.198999999993248, 447390.246999999973923 ], [ 91317.850000000005821, 447382.315 ], [ 91318.269, 447371.973 ], [ 91318.460999999995693, 447368.612000000022817 ], [ 91318.759000000005472, 447363.386999999987893 ], [ 91315.682, 447358.216000000014901 ], [ 91308.967000000004191, 447345.170999999972992 ], [ 91302.226999999998952, 447332.079000000027008 ], [ 91293.69999999999709, 447316.840000000025611 ], [ 91289.862999999997555, 447310.63 ], [ 91280.19999999999709, 447297.336000000010245 ], [ 91275.937000000005355, 447292.542000000015832 ], [ 91263.714999999996508, 447280.882999999972526 ], [ 91258.172999999995227, 447275.108 ], [ 91249.505000000004657, 447265.957 ], [ 91241.403999999994994, 447257.924999999988358 ], [ 91235.436000000001513, 447253.131 ], [ 91224.209000000002561, 447245.177000000025146 ], [ 91213.551999999996042, 447237.44 ], [ 91205.452000000004773, 447230.24900000001071 ], [ 91198.346999999994296, 447222.731000000028871 ], [ 91193.373000000006869, 447217.065 ], [ 91189.251999999993131, 447210.745 ], [ 91186.835999999995693, 447205.297000000020489 ], [ 91186.694000000003143, 447199.413 ], [ 91187.972999999998137, 447191.708999999973457 ], [ 91188.967999999993481, 447185.38900000002468 ], [ 91189.251999999993131, 447177.979999999981374 ], [ 91188.540999999997439, 447173.403999999980442 ], [ 91185.698999999993248, 447166.538999999989755 ], [ 91182.004, 447160.65500000002794 ], [ 91177.88300000000163, 447155.207 ], [ 91173.194000000003143, 447149.650000000023283 ], [ 91166.657000000006519, 447143.44 ], [ 91159.978000000002794, 447137.882999999972526 ], [ 91151.167000000001281, 447131.672000000020489 ], [ 91140.509000000005472, 447124.044999999983702 ], [ 91133.546000000002095, 447119.50099999998929 ], [ 91124.735, 447115.577999999979511 ], [ 91112.656000000002678, 447109.476000000024214 ], [ 91102.56699999999546, 447102.393999999971129 ], [ 91097.167000000001281, 447097.272999999986496 ], [ 91093.614000000001397, 447093.786000000021886 ], [ 91092.6103, 447092.203900000022259 ], [ 91092.593399999997928, 447092.211599999980535 ], [ 91079.202399999994668, 447098.341599999985192 ], [ 91032.184399999998277, 447113.721599999989849 ], [ 91020.610400000005029, 447116.43660000001546 ], [ 90996.648400000005495, 447176.32760000001872 ], [ 90992.234400000001187, 447187.8506 ], [ 90992.030400000003283, 447187.772600000025705 ], [ 90989.556400000001304, 447186.8026 ], [ 90987.638399999996182, 447191.506600000022445 ], [ 90986.32839999999851, 447192.565599999972619 ], [ 90985.463399999993271, 447192.9226 ], [ 90983.357399999993504, 447193.163600000028964 ], [ 90979.39440000000468, 447203.632600000011735 ], [ 90980.2644, 447207.571600000024773 ], [ 90978.706399999995483, 447212.229600000020582 ], [ 90978.667400000005728, 447212.501600000017788 ], [ 90975.12840000000142, 447224.0796 ], [ 90972.015400000003865, 447233.151599999982864 ], [ 90970.388399999996182, 447237.319599999987986 ], [ 90969.202399999994668, 447239.564599999983329 ], [ 90967.979399999996531, 447241.080599999986589 ], [ 90966.216400000004796, 447242.292599999986123 ], [ 90964.6544, 447242.982599999988452 ], [ 90963.4084, 447242.990600000019185 ], [ 90965.2834, 447245.490600000019185 ], [ 90965.52740000000631, 447247.771599999978207 ], [ 90964.8894, 447250.999599999981001 ], [ 90965.225399999995716, 447255.1126 ], [ 90965.7684, 447256.228599999973085 ], [ 90967.205400000006193, 447257.853599999973085 ], [ 90965.616399999998976, 447261.059599999978673 ], [ 90963.750400000004447, 447261.017600000021048 ], [ 90962.858399999997346, 447261.103599999973085 ], [ 90962.350399999995716, 447261.3136 ], [ 90961.9274, 447261.749599999981001 ], [ 90960.55439999999362, 447264.56160000001546 ], [ 90958.876399999993737, 447269.543599999975413 ], [ 90957.560400000002119, 447273.995600000023842 ], [ 90955.3894, 447279.794600000022911 ], [ 90950.055399999997462, 447290.158600000024308 ], [ 90919.7696, 447367.5626 ], [ 90916.767399999996996, 447375.235600000014529 ], [ 90913.4562, 447383.7596 ], [ 90910.366399999998976, 447391.713600000017323 ], [ 90908.675399999992806, 447392.4546 ], [ 90909.137400000006892, 447393.0456000000122 ], [ 90909.467399999994086, 447393.7956000000122 ], [ 90909.697400000004563, 447394.825599999981932 ], [ 90909.537400000001071, 447396.0456000000122 ], [ 90909.367400000002817, 447397.075599999981932 ], [ 90908.947400000004563, 447398.4756 ], [ 90900.346399999994901, 447417.93560000002617 ], [ 90901.816399999996065, 447419.575599999981932 ], [ 90900.5864, 447422.1656 ], [ 90898.736399999994319, 447422.325599999981932 ], [ 90896.93640000000596, 447425.9156 ], [ 90896.466400000004796, 447426.995600000023842 ], [ 90895.606400000004214, 447427.93560000002617 ], [ 90894.876399999993737, 447428.5356 ], [ 90893.166400000001886, 447429.4056 ], [ 90893.910399999993388, 447434.3626 ], [ 90893.006399999998393, 447437.505599999974947 ], [ 90892.216400000004796, 447439.765599999984261 ], [ 90884.3554, 447461.375600000028498 ], [ 90883.545400000002701, 447463.1556 ], [ 90882.8554, 447464.635599999979604 ], [ 90880.8554, 447467.255599999974947 ], [ 90879.455400000006193, 447467.8356 ], [ 90879.845400000005611, 447469.065599999972619 ], [ 90880.065400000006775, 447471.93560000002617 ], [ 90879.835399999996298, 447473.9656 ], [ 90879.3744, 447476.075599999981932 ], [ 90878.834400000007008, 447477.6056 ], [ 90874.854399999996531, 447487.2156 ], [ 90876.744399999995949, 447488.9056 ], [ 90875.84440000000177, 447491.205599999986589 ], [ 90873.34440000000177, 447491.255599999974947 ], [ 90870.164399999994203, 447497.5856 ], [ 90867.974400000006426, 447502.284600000013597 ], [ 90867.024399999994785, 447505.444599999987986 ], [ 90866.114400000005844, 447507.624599999981001 ], [ 90864.9234, 447511.164600000018254 ], [ 90864.263399999996182, 447513.244599999976344 ], [ 90860.483399999997346, 447522.374599999981001 ], [ 90850.222399999998743, 447551.064599999983329 ], [ 90842.103400000007241, 447573.716599999985192 ], [ 90838.791400000001886, 447582.9546 ], [ 90837.791400000001886, 447586.554599999974016 ], [ 90837.201400000005378, 447588.314599999983329 ], [ 90835.431400000001304, 447590.7046 ], [ 90833.141399999993155, 447592.0146 ], [ 90833.81140000000596, 447592.8346 ], [ 90834.471399999994901, 447593.684599999978673 ], [ 90834.651400000002468, 447594.874599999981001 ], [ 90834.591400000004796, 447596.2046 ], [ 90834.191399999996065, 447597.7746 ], [ 90832.691399999996065, 447599.924600000027567 ], [ 90830.464399999997113, 447603.440599999972619 ], [ 90830.151400000002468, 447603.934599999978673 ], [ 90823.850399999995716, 447629.3346 ], [ 90823.51940000000468, 447630.6546 ], [ 90822.349400000006426, 447634.114599999971688 ], [ 90821.579400000002352, 447635.6346 ], [ 90820.7494, 447637.8246 ], [ 90819.079400000002352, 447641.034600000013597 ], [ 90818.1394, 447641.8846 ], [ 90816.6394, 447642.854600000020582 ], [ 90815.619399999995949, 447643.004599999985658 ], [ 90816.009399999995367, 447643.8846 ], [ 90816.289399999994203, 447646.054599999974016 ], [ 90814.2494, 447652.744599999976344 ], [ 90809.129400000005262, 447665.483599999977741 ], [ 90787.167400000005728, 447724.783600000024308 ], [ 90786.647400000001653, 447726.6336 ], [ 90786.4574, 447728.793599999975413 ], [ 90786.0864, 447730.543599999975413 ], [ 90785.856400000004214, 447732.603599999973085 ], [ 90786.096399999994901, 447734.973600000026636 ], [ 90785.8364, 447737.3136 ], [ 90785.776400000002468, 447739.153600000019651 ], [ 90785.63640000000305, 447740.913600000028964 ], [ 90785.2264, 447741.9536 ], [ 90783.926399999996647, 447743.42359999998007 ], [ 90782.6207, 447744.6776 ], [ 90737.680800000001909, 447857.985700000019278 ], [ 90593.638699999995879, 448229.228400000021793 ], [ 90568.093599999992875, 448295.0661 ], [ 90533.8646, 448383.2854 ], [ 90523.6014, 448408.412599999981467 ], [ 90522.296400000006543, 448412.5246 ], [ 90516.375400000004447, 448431.167599999986123 ], [ 90510.595400000005611, 448446.591599999985192 ], [ 90509.00340000000142, 448450.124599999981001 ], [ 90506.347399999998743, 448453.413600000028964 ], [ 90504.3324, 448455.2906 ], [ 90503.741399999998976, 448460.594600000011269 ], [ 90490.920400000002701, 448493.021599999978207 ], [ 90489.206399999995483, 448497.401599999982864 ], [ 90488.0283999999956, 448499.996600000013132 ], [ 90482.716400000004796, 448511.6986 ], [ 90481.615399999995134, 448512.664600000018254 ], [ 90480.088399999993271, 448513.027599999972153 ], [ 90479.540399999998044, 448512.9156 ], [ 90480.085399999996298, 448516.526599999982864 ], [ 90480.065400000006775, 448517.918599999975413 ], [ 90477.308399999994435, 448526.76659999997355 ], [ 90467.076400000005378, 448554.621600000013132 ], [ 90462.915399999998044, 448564.125600000028498 ], [ 90457.742400000002817, 448573.325599999981932 ], [ 90455.84440000000177, 448574.681600000010803 ], [ 90453.9384, 448575.2426 ], [ 90454.5283999999956, 448577.707600000023376 ], [ 90454.640400000003865, 448581.271599999978207 ], [ 90453.882400000002235, 448584.895599999988917 ], [ 90435.487399999998161, 448633.276599999982864 ], [ 90433.621400000003632, 448637.1006 ], [ 90433.425399999992806, 448637.45260000001872 ], [ 90432.603400000007241, 448638.092599999974482 ], [ 90431.248399999996764, 448638.9216 ], [ 90430.845400000005611, 448642.4756 ], [ 90429.970400000005611, 448645.462600000028033 ], [ 90418.482399999993504, 448672.352599999983795 ], [ 90419.412400000001071, 448673.9916 ], [ 90418.659400000004098, 448675.735600000014529 ], [ 90416.756399999998393, 448675.914600000018254 ], [ 90415.262400000006892, 448679.5686 ], [ 90413.800399999992806, 448680.462600000028033 ], [ 90414.243400000006659, 448683.1176 ], [ 90414.197400000004563, 448683.833600000012666 ], [ 90414.209400000007008, 448684.745600000023842 ], [ 90413.967399999994086, 448685.2146 ], [ 90409.788400000004913, 448697.375600000028498 ], [ 90407.248399999996764, 448702.485600000014529 ], [ 90405.860400000005029, 448704.2806 ], [ 90403.2454, 448706.1666 ], [ 90404.284400000004098, 448707.336599999980535 ], [ 90403.481400000004214, 448712.1926 ], [ 90401.498399999996764, 448718.441600000020117 ], [ 90393.000400000004447, 448738.4806 ], [ 90387.488400000002002, 448750.1336 ], [ 90382.468399999997928, 448759.0246 ], [ 90374.112399999998161, 448756.724600000015926 ], [ 90370.51140000000305, 448764.8516 ], [ 90292.413400000004913, 448937.8947 ], [ 90292.3943, 448937.936899999971502 ], [ 90297.679999999993015, 448940.246999999973923 ], [ 90415.642000000007101, 448992.934100000013132 ], [ 90482.642600000006496, 449023.011699999973644 ], [ 90602.577999999994063, 449078.6362 ], [ 90604.228000000002794, 449160.205000000016298 ], [ 90733.137000000002445, 449220.384299999976065 ], [ 90754.721699999994598, 449230.4608 ], [ 90760.46469999999681, 449233.14179999998305 ], [ 90771.098199999993085, 449238.105900000024121 ], [ 90774.996299999998882, 449239.925600000016857 ], [ 90794.830400000006193, 449249.184799999988172 ], [ 90494.645000000004075, 449777.371600000013132 ], [ 90515.020000000004075, 449788.909999999974389 ], [ 90522.792000000001281, 449793.297000000020489 ], [ 90518.493000000002212, 449801.408999999985099 ], [ 90491.596000000005006, 449852.161000000021886 ], [ 90494.474000000001979, 449855.458999999973457 ], [ 90495.327999999994063, 449856.528999999980442 ], [ 90493.122000000003027, 449858.543 ], [ 90490.449399999997695, 449860.9829 ], [ 90487.776899999997113, 449863.4228 ], [ 90487.539000000004307, 449863.64000000001397 ], [ 90480.8637000000017, 449860.599800000025425 ], [ 90474.776700000002165, 449855.590299999981653 ], [ 90468.880699999994249, 449850.0394 ], [ 90461.175600000002305, 449844.093600000021979 ], [ 90226.1826, 449708.875500000023749 ], [ 89825.0285, 449479.7746 ], [ 89724.3903, 449421.721399999980349 ], [ 89609.489799999995739, 449356.246099999989383 ], [ 89606.53070000000298, 449354.106000000028871 ], [ 89603.49989999999525, 449350.8751 ], [ 89600.535600000002887, 449346.229500000015832 ], [ 89589.710500000001048, 449358.9288 ], [ 89574.478199999997742, 449380.623399999982212 ], [ 89570.051399999996647, 449385.7536 ], [ 89539.233699999997043, 449416.571300000010524 ], [ 89509.550300000002608, 449446.3492 ], [ 89506.625, 449444.553100000019185 ], [ 89468.082599999994272, 449424.012500000011642 ], [ 89360.198499999998603, 449366.2107 ], [ 89318.266699999992852, 449343.744599999976344 ], [ 89284.491299999994226, 449325.648500000010245 ], [ 89249.463399999993271, 449306.470900000014808 ], [ 89242.081600000004983, 449316.585199999972247 ], [ 89202.293900000004214, 449369.293699999980163 ], [ 89161.016300000002957, 449424.5458000000217 ], [ 89122.9807, 449478.087899999984074 ], [ 89086.93399999999383, 449532.708600000012666 ], [ 89080.436700000005658, 449542.885599999979604 ], [ 89077.604399999996531, 449547.321899999980815 ], [ 89076.132299999997485, 449547.7157 ], [ 89075.793600000004517, 449550.142700000025798 ], [ 89072.635699999998906, 449555.1913 ], [ 89057.770900000003166, 449579.674799999978859 ], [ 89041.754100000005565, 449607.071600000024773 ], [ 89029.162500000005821, 449629.071300000010524 ], [ 89016.49189999999362, 449651.919600000022911 ], [ 89004.399600000004284, 449674.517 ], [ 88980.949200000002747, 449720.119599999976344 ], [ 88967.849700000006123, 449746.7207 ], [ 88958.155199999993783, 449767.040800000017043 ], [ 88936.454899999996996, 449814.9129 ], [ 88903.792199999996228, 449894.973799999977928 ], [ 88872.892200000002049, 449972.819299999973737 ], [ 88793.364700000005541, 450177.0195 ], [ 88791.2794, 450181.824499999987893 ], [ 88798.857900000002701, 450186.872900000016671 ], [ 88799.308300000004238, 450187.1729 ], [ 88799.311799999995856, 450187.1753 ], [ 88799.544399999998859, 450187.3297 ], [ 88800.113400000002002, 450187.708700000017416 ], [ 88803.3704, 450189.8787 ], [ 88883.9574, 450243.293699999980163 ], [ 88980.833400000003166, 450306.7977 ], [ 88990.568400000003749, 450313.178699999989476 ], [ 88999.9764, 450319.321699999971315 ], [ 89002.68640000000596, 450321.0907 ], [ 89016.575400000001537, 450328.934699999983422 ], [ 89023.372399999992922, 450331.54570000001695 ], [ 89027.0674, 450332.9657 ], [ 89036.524399999994785, 450336.3687 ], [ 89042.180399999997462, 450338.40470000001369 ], [ 89045.236399999994319, 450339.903700000024401 ], [ 89042.416400000001886, 450352.007700000016484 ], [ 89042.07039999999688, 450353.489699999976438 ], [ 89139.722399999998743, 450416.875699999975041 ], [ 89267.7783999999956, 450499.996700000017881 ], [ 89373.205400000006193, 450568.429699999978766 ], [ 89585.462400000003981, 450708.5687 ], [ 89590.17939999999362, 450711.7707 ], [ 89597.331399999995483, 450716.5247 ], [ 89605.627399999997579, 450722.0857 ], [ 89608.498399999996764, 450724.012700000021141 ], [ 89719.858399999997346, 450798.7707 ], [ 89876.121400000003632, 450903.673699999984819 ], [ 89883.123399999996764, 450908.374699999985751 ], [ 89959.682400000005146, 450959.5747 ], [ 90020.123399999996764, 450999.996700000017881 ], [ 90136.805399999997462, 451078.0307 ], [ 90116.638399999996182, 451134.41970000002766 ], [ 90048.0104, 451326.3077 ], [ 89999.9764, 451460.615700000023935 ], [ 89992.42939999999362, 451481.717699999979232 ], [ 89985.842399999994086, 451499.996700000017881 ], [ 89894.736399999994319, 451752.815699999977369 ], [ 89893.7445, 451755.569599999987986 ], [ 89893.741800000003423, 451755.5772 ], [ 89893.767999999996391, 451755.572999999974854 ] ] ] ] } },
{ "type": "Feature", "properties": { "buurtcode": "BU19260113", "buurtnaam": "Noordpolder Pijnacker", "pc6_codes": "2641AZ, 2641BJ, 2641BK, 2641NA, 2641NB, 2641ZA, 2641ZZ", "wijkcode": "WK192601", "gemeentecode": "GM1926", "gemeentenaam": "Pijnacker-Nootdorp", "oppervlakteLandInHa": 219, "AantalInwoners_5": 220, "Mannen_6": 100, "Vrouwen_7": 115, "HuishoudensTotaal_29": 110, "GemiddeldeHuishoudensgrootte_33": 2.1, "Woningvoorraad_35": 75, "NieuwbouwWoningen_36": 0, "NietWoningvoorraad_37": 51, "NieuwbouwNietWoningen_38": 0, "GemiddeldeWOZWaardeVanWoningen_39": 622, "PercentageEengezinswoning_40": 100, "PercentageTussenwoningEengezins_41": 13, "PercentageHoekwoningEengezins_42": 11, "PercentageTweeOnderEenKapWoningEe_43": 16, "PercentageVrijstaandeWoningEengezins_44": 60, "PercentageMeergezinswoning_45": 0, "Koopwoningen_47": 63, "HuurwoningenTotaal_48": 37, "InBezitWoningcorporatie_49": 0, "InBezitOverigeVerhuurders_50": 37, "BouwjaarMeerDanTienJaarGeleden_51": 75, "BouwjaarAfgelopenTienJaar_52": 25, "GemiddeldeElektriciteitslevering_53": 4070, "GemiddeldeElektriciteitsteruglevering_54": 2100, "GemiddeldAardgasverbruik_55": 1020, "AardgasvrijeWoningen_57": null, "Aardgaswoningen_58": null, "WoningenMetZonnestroom_59": null, "WoningenHoofdzElektrVerwarmd_60": null, "k_20PersonenMetHoogsteInkomen_80": 17.6, "k_20HuishoudensMetHoogsteInkomen_85": 20.4, "MediaanVermogenVanParticuliereHuish_86": 308.1, "PersonenautoSTotaal_104": 100, "PersonenautoSBrandstofBenzine_105": 70, "PersonenautoSOverigeBrandstof_106": 30, "PersonenautoSPerHuishouden_107": 0.9, "Omgevingsadressendichtheid_121": 694, "AantalInstallatiesBijWoningen_5": 13, "OpgesteldVermogenVanZonnepanelen_6": 66, "installaties_per_woning": 0.17333333333333334, "vermogen_per_woning": 0.88, "installaties_per_100_woningen": 17.333333333333336, "vermogen_per_huishouden": 0.6, "batterijdruk_score": null, "koop_zon_score": null, "eengezins_zon_score": null, "betaalkracht_zon_score": null, "overige_brandstof_zon_score": null, "lichte_batterij_kansscore": null }, "geometry": { "type": "MultiPolygon", "coordinates": [ [ [ [ 88732.94539999999688, 450197.358699999982491 ], [ 88745.646399999997811, 450187.702700000023469 ], [ 88757.285399999993388, 450179.52970000001369 ], [ 88764.401400000002468, 450174.2707 ], [ 88770.806400000001304, 450170.447700000018813 ], [ 88773.407399999996414, 450170.6557 ], [ 88775.759399999995367, 450171.4867 ], [ 88783.787400000001071, 450176.833700000017416 ], [ 88791.2794, 450181.824499999987893 ], [ 88793.364700000005541, 450177.0195 ], [ 88872.892200000002049, 449972.819299999973737 ], [ 88903.792199999996228, 449894.973799999977928 ], [ 88936.454899999996996, 449814.9129 ], [ 88958.155199999993783, 449767.040800000017043 ], [ 88967.849700000006123, 449746.7207 ], [ 88980.949200000002747, 449720.119599999976344 ], [ 89004.399600000004284, 449674.517 ], [ 89016.49189999999362, 449651.919600000022911 ], [ 89029.162500000005821, 449629.071300000010524 ], [ 89041.754100000005565, 449607.071600000024773 ], [ 89057.770900000003166, 449579.674799999978859 ], [ 89072.635699999998906, 449555.1913 ], [ 89075.793600000004517, 449550.142700000025798 ], [ 89076.132299999997485, 449547.7157 ], [ 89077.604399999996531, 449547.321899999980815 ], [ 89080.436700000005658, 449542.885599999979604 ], [ 89041.8122, 449516.2391 ], [ 88968.946500000005472, 449463.801099999982398 ], [ 88775.556500000006054, 449319.930600000021514 ], [ 88703.263999999995576, 449264.4557 ], [ 88717.10899999999674, 449223.454000000027008 ], [ 88719.323000000003958, 449216.583999999973457 ], [ 88727.069000000003143, 449193.365999999979977 ], [ 88728.399999999994179, 449190.577 ], [ 88730.580000000001746, 449189.82 ], [ 88731.13300000000163, 449187.933000000019092 ], [ 88730.103000000002794, 449185.908999999985099 ], [ 88730.796000000002095, 449182.531000000017229 ], [ 88737.585999999995693, 449163.759000000020023 ], [ 88744.879, 449147.543 ], [ 88750.18399999999383, 449135.789999999979045 ], [ 88755.244000000006054, 449120.853 ], [ 88762.35899999999674, 449104.060999999986961 ], [ 88775.202999999994063, 449079.511 ], [ 88782.619999999995343, 449068.420999999972992 ], [ 88788.464000000007218, 449058.777 ], [ 88788.902000000001863, 449058.341000000014901 ], [ 88789.164999999993597, 449057.857000000018161 ], [ 88794.415999999997439, 449050.601000000024214 ], [ 88795.168999999994412, 449049.449000000022352 ], [ 88799.07499999999709, 449042.968999999982771 ], [ 88799.056800000005751, 449042.958800000022165 ], [ 88804.636599999997998, 449035.92349999997532 ], [ 88882.175399999992806, 448918.194599999987986 ], [ 88909.596300000004703, 448875.7256 ], [ 88942.607600000003004, 448811.229500000015832 ], [ 88980.513099999996484, 448727.297100000025239 ], [ 89092.104500000001281, 448448.132600000011735 ], [ 89111.591, 448375.591699999989942 ], [ 89154.581300000005285, 448232.183399999979883 ], [ 89151.785999999992782, 448231.352000000013504 ], [ 89143.527000000001863, 448227.924 ], [ 89143.524600000004284, 448227.929400000022724 ], [ 89143.50340000000142, 448227.9206000000122 ], [ 89143.207800000003772, 448228.5786 ], [ 89134.835000000006403, 448226.158 ], [ 89134.833799999993062, 448226.161100000026636 ], [ 89134.81140000000596, 448226.1546 ], [ 89120.988400000002002, 448260.6556 ], [ 89114.109400000001187, 448257.82760000001872 ], [ 89110.122399999992922, 448256.179599999974016 ], [ 89101.631399999998393, 448252.669600000022911 ], [ 89095.95339999999851, 448250.326599999971222 ], [ 89089.2794, 448247.5736 ], [ 89081.9033999999956, 448244.5306 ], [ 89080.728400000007241, 448247.40759999997681 ], [ 89066.428400000004331, 448241.569599999987986 ], [ 89066.796400000006543, 448240.9276 ], [ 89047.581399999995483, 448233.2966 ], [ 89047.669399999998859, 448233.0686 ], [ 89039.534400000004098, 448229.787599999981467 ], [ 89040.584400000007008, 448227.314599999983329 ], [ 89020.64539999999397, 448218.995600000023842 ], [ 88982.087400000003981, 448202.90759999997681 ], [ 88974.360400000005029, 448199.683599999989383 ], [ 88958.714399999997113, 448193.1556 ], [ 88943.282399999996414, 448186.717599999974482 ], [ 88935.488400000002002, 448183.4656 ], [ 88927.708400000003166, 448180.219600000011269 ], [ 88919.867400000002817, 448176.939599999983329 ], [ 88911.5283999999956, 448173.468600000021979 ], [ 88904.076400000005378, 448170.359600000025239 ], [ 88896.164399999994203, 448167.058599999989383 ], [ 88888.506399999998393, 448163.863599999982398 ], [ 88881.042400000005728, 448160.7486 ], [ 88873.71940000000177, 448157.6936 ], [ 88865.743400000006659, 448154.365600000019185 ], [ 88857.684399999998277, 448151.0026 ], [ 88851.3995, 448148.3811 ], [ 88849.890400000003865, 448147.751600000017788 ], [ 88842.3554, 448144.607599999988452 ], [ 88834.822400000004563, 448141.4646 ], [ 88827.1964, 448138.28259999997681 ], [ 88819.731400000004214, 448135.168599999975413 ], [ 88812.21940000000177, 448132.034600000013597 ], [ 88804.516399999993155, 448128.819599999987986 ], [ 88796.973400000002584, 448125.6726 ], [ 88790.4994, 448122.971599999989849 ], [ 88791.339399999997113, 448121.140599999984261 ], [ 88782.4654, 448117.012600000016391 ], [ 88774.649399999994785, 448113.3836 ], [ 88759.266399999993155, 448106.232599999988452 ], [ 88752.125400000004447, 448102.914600000018254 ], [ 88751.535699999993085, 448102.640399999974761 ], [ 88744.454400000002352, 448099.347599999979138 ], [ 88738.295400000002701, 448096.485600000014529 ], [ 88737.231400000004214, 448092.6606 ], [ 88749.392399999996996, 448067.8246 ], [ 88759.955499999996391, 448049.150000000023283 ], [ 88722.467600000003586, 448032.452800000028219 ], [ 88722.4654, 448032.4376 ], [ 88715.012400000006892, 448029.396599999978207 ], [ 88716.418399999995017, 448024.778600000019651 ], [ 88715.622399999992922, 448024.1337 ], [ 88707.460399999996298, 448017.51569999998901 ], [ 88664.178400000004331, 447999.996700000017881 ], [ 88536.588399999993271, 447948.352699999988545 ], [ 88499.9764, 447933.495700000028592 ], [ 88331.579400000002352, 447865.162699999986216 ], [ 88144.1253, 447791.2302 ], [ 88143.867499999993015, 447791.1286 ], [ 88111.943400000003749, 447856.349600000015926 ], [ 88107.76940000000468, 447864.868599999987055 ], [ 88086.833400000003166, 447907.5196 ], [ 88062.096399999994901, 447958.755599999974947 ], [ 88039.161399999997229, 448006.2596 ], [ 88038.314400000002934, 448005.913600000028964 ], [ 87989.343399999997928, 447985.164600000018254 ], [ 87935.025399999998626, 447962.1496 ], [ 87906.7604, 447950.0676 ], [ 87862.073399999993853, 447931.2046 ], [ 87789.9044, 447900.875600000028498 ], [ 87787.282399999996414, 447899.8886 ], [ 87732.233399999997346, 447876.9276 ], [ 87709.850399999995716, 447867.4326 ], [ 87630.850399999995716, 447833.9536 ], [ 87554.259399999995367, 447802.042599999986123 ], [ 87532.569399999993038, 447844.332600000023376 ], [ 87526.384399999995367, 447841.484600000025239 ], [ 87522.236399999994319, 447850.5256 ], [ 87502.296400000006543, 447893.984600000025239 ], [ 87483.125400000004447, 447935.767600000021048 ], [ 87476.752399999997579, 447932.67359999998007 ], [ 87451.627399999997579, 447985.271599999978207 ], [ 87457.8854, 447988.461599999980535 ], [ 87452.901400000002468, 448000.607599999988452 ], [ 87412.354399999996531, 448099.418599999975413 ], [ 87430.808399999994435, 448108.368599999987055 ], [ 87497.397400000001653, 448142.380599999974947 ], [ 87586.815400000006775, 448187.9876 ], [ 87504.6137000000017, 448347.874599999981001 ], [ 87498.781400000007125, 448359.218600000021979 ], [ 87483.792400000005728, 448388.374599999981001 ], [ 87501.448399999993853, 448398.494599999976344 ], [ 87509.069399999993038, 448383.7046 ], [ 87522.7454, 448357.1666 ], [ 87575.621400000003632, 448254.5576 ], [ 87600.720400000005611, 448205.8506 ], [ 87602.262400000006892, 448206.6446 ], [ 87606.084400000007008, 448199.2206 ], [ 87604.544399999998859, 448198.4276 ], [ 87604.7022, 448198.121900000027381 ], [ 87767.334400000007008, 448278.694599999987986 ], [ 87766.116399999998976, 448281.056600000010803 ], [ 87885.415399999998044, 448342.893600000010338 ], [ 87886.64539999999397, 448340.5086 ], [ 87980.587400000003981, 448388.374599999981001 ], [ 88031.231400000004214, 448414.179599999974016 ], [ 88122.56239999999525, 448460.870600000023842 ], [ 88186.960399999996298, 448494.1006 ], [ 88112.2154, 448635.626600000017788 ], [ 88101.341400000004796, 448629.607599999988452 ], [ 87906.702399999994668, 448522.739599999971688 ], [ 87882.815400000006775, 448556.485600000014529 ], [ 87861.126399999993737, 448585.613599999982398 ], [ 87859.896399999997811, 448587.2866 ], [ 87859.608399999997346, 448588.56160000001546 ], [ 87860.5334, 448590.104600000020582 ], [ 87862.072400000004563, 448591.9766 ], [ 87863.040399999998044, 448593.841599999985192 ], [ 87862.849400000006426, 448594.717599999974482 ], [ 87821.3934, 448665.6556 ], [ 87820.111399999994319, 448667.843600000021979 ], [ 87817.21940000000177, 448666.1396 ], [ 87700.4033999999956, 448597.305600000021514 ], [ 87663.108399999997346, 448656.2956000000122 ], [ 87660.356400000004214, 448660.648600000014994 ], [ 87686.247399999992922, 448677.0636 ], [ 87660.110400000005029, 448719.126600000017788 ], [ 87663.151599999997416, 448721.0883 ], [ 87840.588399999993271, 448835.543599999975413 ], [ 87845.406400000007125, 448839.0306 ], [ 87886.165399999998044, 448865.814599999983329 ], [ 87987.960399999996298, 448931.376600000017788 ], [ 88049.184399999998277, 448971.164600000018254 ], [ 88059.471399999994901, 448958.7416 ], [ 88068.827399999994668, 448966.2146 ], [ 88118.854399999996531, 448968.6996 ], [ 88123.397400000001653, 448972.2476 ], [ 88101.307400000005146, 448999.996600000013132 ], [ 88074.989400000005844, 449033.0576 ], [ 88032.462400000003981, 449079.4006 ], [ 88001.524399999994785, 449113.114599999971688 ], [ 88001.478400000007241, 449113.5626 ], [ 87999.9764, 449114.5456000000122 ], [ 87997.380399999994552, 449116.244599999976344 ], [ 87989.199399999997695, 449123.467599999974482 ], [ 87990.447400000004563, 449126.39159999997355 ], [ 87988.709400000007008, 449127.808599999989383 ], [ 87985.412400000001071, 449126.2266 ], [ 87959.4654, 449149.816600000020117 ], [ 87859.500400000004447, 449242.592599999974482 ], [ 87854.831399999995483, 449246.9266 ], [ 87833.18640000000596, 449266.7976 ], [ 87832.702399999994668, 449267.2416 ], [ 87803.994399999995949, 449290.512600000016391 ], [ 87736.93640000000596, 449344.868599999987055 ], [ 87672.978400000007241, 449397.1066 ], [ 87635.6152, 449427.6227 ], [ 87634.366399999998976, 449428.642600000021048 ], [ 87635.539099999994505, 449429.406299999973271 ], [ 87644.601500000004307, 449435.307099999976344 ], [ 87644.8404, 449435.462699999974575 ], [ 87680.88640000000305, 449458.9327 ], [ 87680.8937, 449458.9375 ], [ 87684.712400000003981, 449461.423699999984819 ], [ 87691.131399999998393, 449465.603699999977835 ], [ 87692.031400000007125, 449466.272699999972247 ], [ 87692.164900000003399, 449466.371999999973923 ], [ 87694.287400000001071, 449467.9497 ], [ 87699.5674, 449471.2547 ], [ 87738.229399999996531, 449496.533700000029057 ], [ 87743.6884, 449499.996700000017881 ], [ 87743.6967, 449500.00199999997858 ], [ 87770.243400000006659, 449516.843700000026729 ], [ 87791.636599999997998, 449530.772300000011455 ], [ 87791.6434, 449530.776699999987613 ], [ 87831.00340000000142, 449556.762700000021141 ], [ 87883.210399999996298, 449590.5087 ], [ 87948.237399999998161, 449632.396699999982957 ], [ 87992.497399999992922, 449661.385699999984354 ], [ 87999.9764, 449665.626700000022538 ], [ 88002.107399999993504, 449666.8357 ], [ 88016.282399999996414, 449676.877700000011828 ], [ 88044.850399999995716, 449696.284700000018347 ], [ 88074.70339999999851, 449715.521699999982957 ], [ 88111.737399999998161, 449739.1347 ], [ 88148.538400000004913, 449762.549699999974109 ], [ 88181.202399999994668, 449783.994699999981094 ], [ 88215.441399999996065, 449806.3077 ], [ 88255.468399999997928, 449832.733699999982491 ], [ 88285.4954, 449853.972699999983888 ], [ 88305.555399999997462, 449866.887700000021141 ], [ 88344.789399999994203, 449892.147699999972247 ], [ 88344.794699999998556, 449892.151200000022072 ], [ 88350.549400000003516, 449895.9057 ], [ 88351.4234, 449896.4767 ], [ 88358.2114, 449901.0197 ], [ 88366.9865, 449906.891 ], [ 88366.9994, 449906.8997 ], [ 88374.325400000001537, 449911.8027 ], [ 88490.762400000006892, 449989.718700000026729 ], [ 88493.9033999999956, 449999.996700000017881 ], [ 88508.595400000005611, 450048.0697 ], [ 88512.240399999995134, 450054.4487 ], [ 88517.134399999995367, 450060.326699999975972 ], [ 88522.073399999993853, 450064.146699999982957 ], [ 88523.092399999994086, 450064.934699999983422 ], [ 88533.0484, 450071.8727 ], [ 88717.708400000003166, 450191.398700000019744 ], [ 88729.911399999997229, 450199.2977 ], [ 88732.94539999999688, 450197.358699999982491 ] ] ] ] } },
{ "type": "Feature", "properties": { "buurtcode": "BU19260114", "buurtnaam": "De Boezem", "pc6_codes": "2641KC, 2641KD, 2641KG, 2641KH, 2641KM, 2641KP, 2641KR, 2641KS, 2641KT, 2641KV, 2641KW, 2641PH, 2641PM, 2641PP, 2641WV, 2641WW, 2642AK, 2642AN, 2642AP, 2642AR", "wijkcode": "WK192601", "gemeentecode": "GM1926", "gemeentenaam": "Pijnacker-Nootdorp", "oppervlakteLandInHa": 74, "AantalInwoners_5": 230, "Mannen_6": 115, "Vrouwen_7": 110, "HuishoudensTotaal_29": 95, "GemiddeldeHuishoudensgrootte_33": 2.4, "Woningvoorraad_35": 87, "NieuwbouwWoningen_36": 0, "NietWoningvoorraad_37": 389, "NieuwbouwNietWoningen_38": 8, "GemiddeldeWOZWaardeVanWoningen_39": 628, "PercentageEengezinswoning_40": 97, "PercentageTussenwoningEengezins_41": 13, "PercentageHoekwoningEengezins_42": 9, "PercentageTweeOnderEenKapWoningEe_43": 16, "PercentageVrijstaandeWoningEengezins_44": 59, "PercentageMeergezinswoning_45": 3, "Koopwoningen_47": 87, "HuurwoningenTotaal_48": 13, "InBezitWoningcorporatie_49": 0, "InBezitOverigeVerhuurders_50": 13, "BouwjaarMeerDanTienJaarGeleden_51": 79, "BouwjaarAfgelopenTienJaar_52": 21, "GemiddeldeElektriciteitslevering_53": 3900, "GemiddeldeElektriciteitsteruglevering_54": 2150, "GemiddeldAardgasverbruik_55": 1030, "AardgasvrijeWoningen_57": 7, "Aardgaswoningen_58": 81, "WoningenMetZonnestroom_59": 64, "WoningenHoofdzElektrVerwarmd_60": 16, "k_20PersonenMetHoogsteInkomen_80": 36.5, "k_20HuishoudensMetHoogsteInkomen_85": null, "MediaanVermogenVanParticuliereHuish_86": null, "PersonenautoSTotaal_104": 300, "PersonenautoSBrandstofBenzine_105": 180, "PersonenautoSOverigeBrandstof_106": 120, "PersonenautoSPerHuishouden_107": null, "Omgevingsadressendichtheid_121": 1096, "AantalInstallatiesBijWoningen_5": 43, "OpgesteldVermogenVanZonnepanelen_6": 215, "installaties_per_woning": 0.4942528735632184, "vermogen_per_woning": 2.4712643678160919, "installaties_per_100_woningen": 49.425287356321839, "vermogen_per_huishouden": 2.263157894736842, "batterijdruk_score": 1376.0, "koop_zon_score": 0.5568, "eengezins_zon_score": 0.6208, "betaalkracht_zon_score": null, "overige_brandstof_zon_score": 76.8, "lichte_batterij_kansscore": 0.56016639773499066 }, "geometry": { "type": "MultiPolygon", "coordinates": [ [ [ [ 90487.776899999997113, 449863.4228 ], [ 90490.449399999997695, 449860.9829 ], [ 90493.122000000003027, 449858.543 ], [ 90495.327999999994063, 449856.528999999980442 ], [ 90494.474000000001979, 449855.458999999973457 ], [ 90491.596000000005006, 449852.161000000021886 ], [ 90518.493000000002212, 449801.408999999985099 ], [ 90522.792000000001281, 449793.297000000020489 ], [ 90515.020000000004075, 449788.909999999974389 ], [ 90494.645000000004075, 449777.371600000013132 ], [ 90794.830400000006193, 449249.184799999988172 ], [ 90774.996299999998882, 449239.925600000016857 ], [ 90771.098199999993085, 449238.105900000024121 ], [ 90760.46469999999681, 449233.14179999998305 ], [ 90754.721699999994598, 449230.4608 ], [ 90733.137000000002445, 449220.384299999976065 ], [ 90604.228000000002794, 449160.205000000016298 ], [ 90602.577999999994063, 449078.6362 ], [ 90482.642600000006496, 449023.011699999973644 ], [ 90415.642000000007101, 448992.934100000013132 ], [ 90297.679999999993015, 448940.246999999973923 ], [ 90292.3943, 448937.936899999971502 ], [ 90292.391699999992852, 448937.942700000014156 ], [ 90206.482399999993504, 448900.396599999978207 ], [ 90111.7834, 448859.912599999981467 ], [ 90020.684399999998277, 448821.727599999983795 ], [ 89969.581399999995483, 448800.2046 ], [ 89922.016399999993155, 448778.51659999997355 ], [ 89907.879400000005262, 448771.143600000010338 ], [ 89899.580100000006496, 448767.6105 ], [ 89899.559399999998277, 448767.6016 ], [ 89897.935500000006869, 448770.697999999974854 ], [ 89755.926399999996647, 448708.23320000001695 ], [ 89696.467300000003888, 448875.527300000016112 ], [ 89639.442800000004354, 449050.5737 ], [ 89634.71940000000177, 449079.963999999978114 ], [ 89634.504100000005565, 449079.8418 ], [ 89634.684299999993527, 449080.182099999976344 ], [ 89618.033800000004703, 449200.412000000011176 ], [ 89609.873300000006566, 449245.838999999978114 ], [ 89607.334600000001956, 449261.230900000024121 ], [ 89602.5101, 449287.932900000014342 ], [ 89596.2742, 449327.867199999978766 ], [ 89596.019799999994575, 449332.039600000018254 ], [ 89597.179699999993318, 449338.415900000021793 ], [ 89598.28530000000319, 449342.702800000028219 ], [ 89600.535600000002887, 449346.229500000015832 ], [ 89603.49989999999525, 449350.8751 ], [ 89606.53070000000298, 449354.106000000028871 ], [ 89609.489799999995739, 449356.246099999989383 ], [ 89724.3903, 449421.721399999980349 ], [ 89825.0285, 449479.7746 ], [ 90226.1826, 449708.875500000023749 ], [ 90461.175600000002305, 449844.093600000021979 ], [ 90468.880699999994249, 449850.0394 ], [ 90474.776700000002165, 449855.590299999981653 ], [ 90480.8637000000017, 449860.599800000025425 ], [ 90487.539000000004307, 449863.64000000001397 ], [ 90487.776899999997113, 449863.4228 ] ] ] ] } },
{ "type": "Feature", "properties": { "buurtcode": "BU19260115", "buurtnaam": "De Scheg", "pc6_codes": "2641KA, 2641KB, 2641KE, 2641KJ, 2641PA, 2641PN, 2643RA, 2643RB, 2643RC, 2643RD, 2643RE, 2643RG, 2643RH", "wijkcode": "WK192601", "gemeentecode": "GM1926", "gemeentenaam": "Pijnacker-Nootdorp", "oppervlakteLandInHa": 15, "AantalInwoners_5": 205, "Mannen_6": 95, "Vrouwen_7": 105, "HuishoudensTotaal_29": 90, "GemiddeldeHuishoudensgrootte_33": 2.3, "Woningvoorraad_35": 98, "NieuwbouwWoningen_36": 52, "NietWoningvoorraad_37": 2, "NieuwbouwNietWoningen_38": 0, "GemiddeldeWOZWaardeVanWoningen_39": 539, "PercentageEengezinswoning_40": 100, "PercentageTussenwoningEengezins_41": 29, "PercentageHoekwoningEengezins_42": 16, "PercentageTweeOnderEenKapWoningEe_43": 31, "PercentageVrijstaandeWoningEengezins_44": 24, "PercentageMeergezinswoning_45": 0, "Koopwoningen_47": 95, "HuurwoningenTotaal_48": 5, "InBezitWoningcorporatie_49": 0, "InBezitOverigeVerhuurders_50": 5, "BouwjaarMeerDanTienJaarGeleden_51": 93, "BouwjaarAfgelopenTienJaar_52": 1, "GemiddeldeElektriciteitslevering_53": 2770, "GemiddeldeElektriciteitsteruglevering_54": 1180, "GemiddeldAardgasverbruik_55": 1110, "AardgasvrijeWoningen_57": null, "Aardgaswoningen_58": null, "WoningenMetZonnestroom_59": null, "WoningenHoofdzElektrVerwarmd_60": null, "k_20PersonenMetHoogsteInkomen_80": 29.6, "k_20HuishoudensMetHoogsteInkomen_85": null, "MediaanVermogenVanParticuliereHuish_86": null, "PersonenautoSTotaal_104": 100, "PersonenautoSBrandstofBenzine_105": 80, "PersonenautoSOverigeBrandstof_106": 20, "PersonenautoSPerHuishouden_107": 1.1, "Omgevingsadressendichtheid_121": 1569, "AantalInstallatiesBijWoningen_5": null, "OpgesteldVermogenVanZonnepanelen_6": null, "installaties_per_woning": null, "vermogen_per_woning": null, "installaties_per_100_woningen": null, "vermogen_per_huishouden": null, "batterijdruk_score": null, "koop_zon_score": null, "eengezins_zon_score": null, "betaalkracht_zon_score": null, "overige_brandstof_zon_score": null, "lichte_batterij_kansscore": null }, "geometry": { "type": "MultiPolygon", "coordinates": [ [ [ [ 89539.233699999997043, 449416.571300000010524 ], [ 89570.051399999996647, 449385.7536 ], [ 89574.478199999997742, 449380.623399999982212 ], [ 89589.710500000001048, 449358.9288 ], [ 89600.535600000002887, 449346.229500000015832 ], [ 89598.28530000000319, 449342.702800000028219 ], [ 89597.179699999993318, 449338.415900000021793 ], [ 89596.019799999994575, 449332.039600000018254 ], [ 89596.2742, 449327.867199999978766 ], [ 89602.5101, 449287.932900000014342 ], [ 89607.334600000001956, 449261.230900000024121 ], [ 89609.873300000006566, 449245.838999999978114 ], [ 89618.033800000004703, 449200.412000000011176 ], [ 89634.684299999993527, 449080.182099999976344 ], [ 89634.504100000005565, 449079.8418 ], [ 89634.71940000000177, 449079.963999999978114 ], [ 89639.442800000004354, 449050.5737 ], [ 89696.467300000003888, 448875.527300000016112 ], [ 89755.926399999996647, 448708.23320000001695 ], [ 89799.03979999999865, 448583.0026 ], [ 89806.456999999994878, 448558.570300000021234 ], [ 89816.435400000002119, 448526.5342 ], [ 89813.021800000002258, 448515.767899999977089 ], [ 89801.992899999997462, 448498.699499999987893 ], [ 89778.884900000004563, 448483.994400000025053 ], [ 89765.293399999995017, 448478.7668999999878 ], [ 89762.501799999998184, 448485.9988 ], [ 89759.885200000004261, 448492.848899999982677 ], [ 89751.562300000005052, 448514.6374 ], [ 89720.220499999995809, 448594.1545 ], [ 89696.927599999995437, 448654.217699999979232 ], [ 89674.346099999995204, 448701.123299999977462 ], [ 89618.581000000005588, 448799.647999999986496 ], [ 89587.868799999996554, 448847.696500000020023 ], [ 89552.539999999993597, 448897.993299999972805 ], [ 89478.617499999993015, 448997.004000000015367 ], [ 89443.82499999999709, 449044.178300000028685 ], [ 89409.522599999996601, 449090.879200000024866 ], [ 89375.655199999993783, 449135.6605 ], [ 89313.973299999997835, 449218.904199999989942 ], [ 89279.35120000000461, 449265.519299999985378 ], [ 89249.463399999993271, 449306.470900000014808 ], [ 89284.491299999994226, 449325.648500000010245 ], [ 89318.266699999992852, 449343.744599999976344 ], [ 89360.198499999998603, 449366.2107 ], [ 89468.082599999994272, 449424.012500000011642 ], [ 89506.625, 449444.553100000019185 ], [ 89509.550300000002608, 449446.3492 ], [ 89539.233699999997043, 449416.571300000010524 ] ] ] ] } },
{ "type": "Feature", "properties": { "buurtcode": "BU19260116", "buurtnaam": "Tolhek Centrumlijn", "pc6_codes": "2642KJ, 2642KK, 2642KL, 2642KM, 2642KV, 2642KW, 2642LH, 2642LK, 2642LL, 2642LM, 2642LN, 2642LR, 2642LS, 2642RB", "wijkcode": "WK192601", "gemeentecode": "GM1926", "gemeentenaam": "Pijnacker-Nootdorp", "oppervlakteLandInHa": 17, "AantalInwoners_5": 580, "Mannen_6": 290, "Vrouwen_7": 295, "HuishoudensTotaal_29": 225, "GemiddeldeHuishoudensgrootte_33": 2.6, "Woningvoorraad_35": 222, "NieuwbouwWoningen_36": 0, "NietWoningvoorraad_37": 2, "NieuwbouwNietWoningen_38": 0, "GemiddeldeWOZWaardeVanWoningen_39": 378, "PercentageEengezinswoning_40": 74, "PercentageTussenwoningEengezins_41": 55, "PercentageHoekwoningEengezins_42": 19, "PercentageTweeOnderEenKapWoningEe_43": 0, "PercentageVrijstaandeWoningEengezins_44": 0, "PercentageMeergezinswoning_45": 26, "Koopwoningen_47": 52, "HuurwoningenTotaal_48": 48, "InBezitWoningcorporatie_49": 46, "InBezitOverigeVerhuurders_50": 1, "BouwjaarMeerDanTienJaarGeleden_51": 100, "BouwjaarAfgelopenTienJaar_52": 0, "GemiddeldeElektriciteitslevering_53": 2290, "GemiddeldeElektriciteitsteruglevering_54": 750, "GemiddeldAardgasverbruik_55": 580, "AardgasvrijeWoningen_57": 0, "Aardgaswoningen_58": 97, "WoningenMetZonnestroom_59": 36, "WoningenHoofdzElektrVerwarmd_60": 3, "k_20PersonenMetHoogsteInkomen_80": 23.8, "k_20HuishoudensMetHoogsteInkomen_85": 29.5, "MediaanVermogenVanParticuliereHuish_86": 125.0, "PersonenautoSTotaal_104": 240, "PersonenautoSBrandstofBenzine_105": 210, "PersonenautoSOverigeBrandstof_106": 30, "PersonenautoSPerHuishouden_107": 1.1, "Omgevingsadressendichtheid_121": 1414, "AantalInstallatiesBijWoningen_5": null, "OpgesteldVermogenVanZonnepanelen_6": null, "installaties_per_woning": null, "vermogen_per_woning": null, "installaties_per_100_woningen": null, "vermogen_per_huishouden": null, "batterijdruk_score": 270.0, "koop_zon_score": 0.1872, "eengezins_zon_score": 0.2664, "betaalkracht_zon_score": 45.0, "overige_brandstof_zon_score": 10.8, "lichte_batterij_kansscore": 0.34617435556650383 }, "geometry": { "type": "MultiPolygon", "coordinates": [ [ [ [ 90320.108300000007148, 447117.845800000010058 ], [ 90335.933099999994738, 447064.558200000028592 ], [ 90355.950700000001234, 447009.5844 ], [ 90379.254799999995157, 446963.573800000012852 ], [ 90423.342099999994389, 446901.298799999989569 ], [ 90450.825800000005984, 446863.6163 ], [ 90476.976299999994808, 446827.788799999980256 ], [ 90487.6976, 446808.156399999978021 ], [ 90502.317500000004657, 446777.524199999985285 ], [ 90511.785600000002887, 446751.9046 ], [ 90515.266499999997905, 446741.322600000014063 ], [ 90532.346300000004703, 446686.0454 ], [ 90542.0, 446659.311899999971502 ], [ 90552.643899999995483, 446635.548799999989569 ], [ 90570.4663, 446606.339900000020862 ], [ 90594.971999999994296, 446574.1607 ], [ 90651.873600000006263, 446513.3295 ], [ 90673.145900000003166, 446489.7366 ], [ 90692.796900000001187, 446459.803699999989476 ], [ 90708.917799999995623, 446435.064699999988079 ], [ 90717.434500000003027, 446413.468799999973271 ], [ 90738.896800000002258, 446348.9524 ], [ 90775.389200000005076, 446242.2794 ], [ 90702.25, 446227.145000000018626 ], [ 90677.634000000005472, 446222.218999999982771 ], [ 90666.097999999998137, 446219.911000000021886 ], [ 90653.850000000005821, 446216.547000000020489 ], [ 90638.467000000004191, 446212.322999999974854 ], [ 90636.176999999996042, 446211.694000000017695 ], [ 90626.970000000001164, 446206.912000000011176 ], [ 90626.96020000000135, 446206.9153 ], [ 90626.94539999999688, 446206.90759999997681 ], [ 90622.183399999994435, 446204.434599999978673 ], [ 90615.255399999994552, 446206.20260000001872 ], [ 90611.182400000005146, 446206.368599999987055 ], [ 90607.2794, 446215.558599999989383 ], [ 90607.914399999994203, 446217.941600000020117 ], [ 90570.974400000006426, 446208.958600000012666 ], [ 90569.731400000004214, 446208.65659999998752 ], [ 90534.244399999995949, 446200.026599999982864 ], [ 90526.705400000006193, 446198.1936 ], [ 90507.8934, 446193.618599999987055 ], [ 90501.193400000003749, 446191.989599999971688 ], [ 90492.530799999993178, 446189.882999999972526 ], [ 90466.015, 446260.9374 ], [ 90445.546400000006543, 446320.9986 ], [ 90440.8312, 446337.3837 ], [ 90425.851299999994808, 446388.795999999972992 ], [ 90408.474499999996624, 446453.9082 ], [ 90393.834300000002258, 446518.386699999973644 ], [ 90388.739499999996042, 446543.51 ], [ 90384.3695, 446566.147400000016205 ], [ 90379.17160000000149, 446597.174500000022817 ], [ 90374.633700000005774, 446627.4239 ], [ 90370.04649999999674, 446658.001600000017788 ], [ 90370.349400000006426, 446660.164700000023004 ], [ 90360.146399999997811, 446717.679400000022724 ], [ 90347.226899999994203, 446800.6997 ], [ 90340.219500000006519, 446844.3013 ], [ 90329.284400000004098, 446911.229500000015832 ], [ 90319.2451, 446972.3813 ], [ 90313.6967, 447003.96999999997206 ], [ 90306.998500000001513, 447029.8603 ], [ 90298.329199999992852, 447064.5746 ], [ 90290.871899999998277, 447088.407400000025518 ], [ 90279.885500000003958, 447119.0184 ], [ 90275.535499999998137, 447130.8543 ], [ 90311.756399999998393, 447161.897600000025705 ], [ 90320.108300000007148, 447117.845800000010058 ] ] ] ] } },
{ "type": "Feature", "properties": { "buurtcode": "BU19260221", "buurtnaam": "Nootdorp CentrumWest", "pc6_codes": "2631AC, 2631AD, 2631AE, 2631AG, 2631AH, 2631AJ, 2631AK, 2631AL, 2631AM, 2631AN, 2631AP, 2631AR, 2631AS, 2631AT, 2631AV, 2631AW, 2631AX, 2631AZ, 2631BA, 2631BB, 2631BC, 2631BD, 2631BE, 2631BG, 2631BH, 2631BJ, 2631BK, 2631BL, 2631BM, 2631BN, 2631BP, 2631BR, 2631BS, 2631BT, 2631BV, 2631BW, 2631BX, 2631BZ, 2631CA, 2631CB, 2631CD, 2631CE, 2631CR, 2631CT, 2631CV, 2631CW, 2631CX, 2631EA, 2631EB, 2631EC, 2631ED, 2631EE, 2631GB, 2631GC, 2632GA, 2632GB, 2632GC, 2632GD, 2632GE, 2632GG, 2632GJ, 2632GK, 2632GL, 2632GM, 2632GN, 2632GP, 2632GR, 2632GS", "wijkcode": "WK192602", "gemeentecode": "GM1926", "gemeentenaam": "Pijnacker-Nootdorp", "oppervlakteLandInHa": 31, "AantalInwoners_5": 2085, "Mannen_6": 965, "Vrouwen_7": 1120, "HuishoudensTotaal_29": 1010, "GemiddeldeHuishoudensgrootte_33": 1.9, "Woningvoorraad_35": 1054, "NieuwbouwWoningen_36": 6, "NietWoningvoorraad_37": 235, "NieuwbouwNietWoningen_38": 1, "GemiddeldeWOZWaardeVanWoningen_39": 402, "PercentageEengezinswoning_40": 45, "PercentageTussenwoningEengezins_41": 23, "PercentageHoekwoningEengezins_42": 13, "PercentageTweeOnderEenKapWoningEe_43": 7, "PercentageVrijstaandeWoningEengezins_44": 2, "PercentageMeergezinswoning_45": 55, "Koopwoningen_47": 58, "HuurwoningenTotaal_48": 42, "InBezitWoningcorporatie_49": 26, "InBezitOverigeVerhuurders_50": 17, "BouwjaarMeerDanTienJaarGeleden_51": 95, "BouwjaarAfgelopenTienJaar_52": 5, "GemiddeldeElektriciteitslevering_53": 2260, "GemiddeldeElektriciteitsteruglevering_54": 440, "GemiddeldAardgasverbruik_55": 680, "AardgasvrijeWoningen_57": 14, "Aardgaswoningen_58": 84, "WoningenMetZonnestroom_59": 21, "WoningenHoofdzElektrVerwarmd_60": 3, "k_20PersonenMetHoogsteInkomen_80": 21.8, "k_20HuishoudensMetHoogsteInkomen_85": 17.4, "MediaanVermogenVanParticuliereHuish_86": 220.9, "PersonenautoSTotaal_104": 985, "PersonenautoSBrandstofBenzine_105": 795, "PersonenautoSOverigeBrandstof_106": 190, "PersonenautoSPerHuishouden_107": 1.0, "Omgevingsadressendichtheid_121": 2153, "AantalInstallatiesBijWoningen_5": 144, "OpgesteldVermogenVanZonnepanelen_6": 528, "installaties_per_woning": 0.13662239089184061, "vermogen_per_woning": 0.50094876660341559, "installaties_per_100_woningen": 13.662239089184061, "vermogen_per_huishouden": 0.52277227722772279, "batterijdruk_score": 92.4, "koop_zon_score": 0.1218, "eengezins_zon_score": 0.0945, "betaalkracht_zon_score": 46.389, "overige_brandstof_zon_score": 39.9, "lichte_batterij_kansscore": 0.26405086086779955 }, "geometry": { "type": "MultiPolygon", "coordinates": [ [ [ [ 86918.383499999996275, 451400.632099999987986 ], [ 86982.838799999997718, 451338.2597 ], [ 87014.588399999993271, 451305.911100000026636 ], [ 87042.08169999999518, 451277.899099999980535 ], [ 87101.324500000002445, 451210.086499999975786 ], [ 87120.327000000004773, 451185.1225 ], [ 87120.8422, 451184.20250000001397 ], [ 87136.364400000005844, 451156.484600000025239 ], [ 87143.121700000003329, 451146.1726 ], [ 87143.7494, 451145.2146 ], [ 87145.472399999998743, 451142.5856 ], [ 87148.8854, 451137.3776 ], [ 87153.091199999995297, 451130.960000000020955 ], [ 87153.1051, 451130.9534 ], [ 87145.453999999997905, 451123.115 ], [ 87105.534, 451091.253000000026077 ], [ 87060.909, 451058.007999999972526 ], [ 87039.285999999992782, 451043.164999999979045 ], [ 87019.731, 451029.76400000002468 ], [ 86999.236999999993714, 451014.549999999988358 ], [ 86968.971000000005006, 450986.767999999981839 ], [ 86967.57039999999688, 450985.076599999971222 ], [ 86957.250400000004447, 450957.592599999974482 ], [ 86957.275699999998324, 450957.6005 ], [ 86957.274000000004889, 450957.596000000019558 ], [ 86950.679999999993015, 450952.413 ], [ 86936.091, 450941.195 ], [ 86906.510999999998603, 450917.408999999985099 ], [ 86891.092999999993481, 450905.577 ], [ 86872.039999999993597, 450892.239 ], [ 86829.229999999995925, 450863.179 ], [ 86822.26589999999851, 450859.1262 ], [ 86808.28179999999702, 450871.052399999985937 ], [ 86808.271999999997206, 450871.060799999977462 ], [ 86779.253899999996065, 450895.8088 ], [ 86657.474900000001071, 450812.788899999985006 ], [ 86386.667700000005425, 450628.17249999998603 ], [ 86383.717999999993481, 450638.564000000013039 ], [ 86378.24199999999837, 450657.863000000012107 ], [ 86380.106, 450668.537000000011176 ], [ 86377.856, 450677.506 ], [ 86377.073999999993248, 450679.245 ], [ 86376.456999999994878, 450680.615999999979977 ], [ 86373.00800000000163, 450688.28000000002794 ], [ 86353.010999999998603, 450723.759000000020023 ], [ 86328.519, 450778.90500000002794 ], [ 86303.407999999995809, 450831.909999999974389 ], [ 86297.304000000003725, 450841.965000000025611 ], [ 86297.295400000002701, 450841.979500000015832 ], [ 86295.230899999995017, 450852.713700000022072 ], [ 86295.528999999994994, 450861.952899999974761 ], [ 86296.4231, 450873.57650000002468 ], [ 86299.105500000005122, 450885.200100000016391 ], [ 86304.172099999996135, 450895.631500000017695 ], [ 86308.890100000004168, 450902.7083 ], [ 86311.819499999997788, 450901.822700000018813 ], [ 86324.725600000005215, 450900.152500000025611 ], [ 86331.406400000007125, 450902.885599999979604 ], [ 86337.327999999994063, 450906.52970000001369 ], [ 86341.7313, 450911.084800000011455 ], [ 86351.600699999995413, 450919.587600000028033 ], [ 86368.3027, 450935.530399999988731 ], [ 86381.057, 450945.7035 ], [ 86386.544500000003609, 450947.882800000021234 ], [ 86533.363400000002002, 451122.098600000026636 ], [ 86538.44539999999688, 451127.823099999979604 ], [ 86645.020099999994272, 451254.150299999979325 ], [ 86702.154899999994086, 451322.059400000027381 ], [ 86768.767399999996996, 451401.233599999977741 ], [ 86802.00109999999404, 451440.225900000019465 ], [ 86835.919800000003306, 451480.430999999982305 ], [ 86918.383499999996275, 451400.632099999987986 ] ] ] ] } },
{ "type": "Feature", "properties": { "buurtcode": "BU19260222", "buurtnaam": "Vrouwtjeslant / Nieuweveen", "pc6_codes": "2631GB, 2631GC, 2631GD, 2631GE, 2631GG, 2631GH, 2631GJ, 2631GK, 2631GL, 2631GM, 2631GN, 2631GP, 2631GR, 2631GS, 2631GT, 2631GV, 2631GW, 2631GX, 2631GZ, 2631HC, 2631HE, 2631HH, 2631HJ, 2631HK, 2631HL, 2631HM, 2631HN, 2631HP, 2631HR, 2631HS, 2631HT, 2631HV, 2631HW, 2631HX, 2631HZ, 2631JA, 2631JB, 2631JC, 2631JD, 2631JE, 2631JG, 2631JH, 2631JJ, 2631JK, 2631JL, 2631JM, 2631JN, 2631JP, 2631JR, 2631JS, 2631PK, 2631PV, 2631PW, 2632AA, 2632AB, 2632AC, 2632AD, 2632AE, 2632AG, 2632AH, 2632AJ, 2632AK, 2632AL, 2632AM, 2632AN, 2632AP, 2632AR, 2632AS, 2632AT", "wijkcode": "WK192602", "gemeentecode": "GM1926", "gemeentenaam": "Pijnacker-Nootdorp", "oppervlakteLandInHa": 39, "AantalInwoners_5": 2905, "Mannen_6": 1430, "Vrouwen_7": 1475, "HuishoudensTotaal_29": 1160, "GemiddeldeHuishoudensgrootte_33": 2.5, "Woningvoorraad_35": 1157, "NieuwbouwWoningen_36": 0, "NietWoningvoorraad_37": 43, "NieuwbouwNietWoningen_38": 0, "GemiddeldeWOZWaardeVanWoningen_39": 442, "PercentageEengezinswoning_40": 88, "PercentageTussenwoningEengezins_41": 58, "PercentageHoekwoningEengezins_42": 25, "PercentageTweeOnderEenKapWoningEe_43": 2, "PercentageVrijstaandeWoningEengezins_44": 2, "PercentageMeergezinswoning_45": 12, "Koopwoningen_47": 71, "HuurwoningenTotaal_48": 29, "InBezitWoningcorporatie_49": 27, "InBezitOverigeVerhuurders_50": 2, "BouwjaarMeerDanTienJaarGeleden_51": 100, "BouwjaarAfgelopenTienJaar_52": 0, "GemiddeldeElektriciteitslevering_53": 2580, "GemiddeldeElektriciteitsteruglevering_54": 840, "GemiddeldAardgasverbruik_55": 630, "AardgasvrijeWoningen_57": 35, "Aardgaswoningen_58": 64, "WoningenMetZonnestroom_59": 49, "WoningenHoofdzElektrVerwarmd_60": 5, "k_20PersonenMetHoogsteInkomen_80": 23.7, "k_20HuishoudensMetHoogsteInkomen_85": 30.8, "MediaanVermogenVanParticuliereHuish_86": 307.7, "PersonenautoSTotaal_104": 1240, "PersonenautoSBrandstofBenzine_105": 1035, "PersonenautoSOverigeBrandstof_106": 200, "PersonenautoSPerHuishouden_107": 1.1, "Omgevingsadressendichtheid_121": 1906, "AantalInstallatiesBijWoningen_5": 464, "OpgesteldVermogenVanZonnepanelen_6": 1358, "installaties_per_woning": 0.4010371650821089, "vermogen_per_woning": 1.1737251512532412, "installaties_per_100_woningen": 40.103716508210887, "vermogen_per_huishouden": 1.1706896551724137, "batterijdruk_score": 411.6, "koop_zon_score": 0.3479, "eengezins_zon_score": 0.4312, "betaalkracht_zon_score": 150.773, "overige_brandstof_zon_score": 98.0, "lichte_batterij_kansscore": 0.4437713170523051 }, "geometry": { "type": "MultiPolygon", "coordinates": [ [ [ [ 87330.775399999998626, 451998.503900000010617 ], [ 87714.872399999992922, 451761.5406 ], [ 87613.559399999998277, 451611.9596 ], [ 87558.169399999998859, 451530.082600000023376 ], [ 87530.93739999999525, 451489.8236 ], [ 87525.6066, 451468.466599999985192 ], [ 87513.9856, 451438.477000000013504 ], [ 87497.491399999998976, 451400.2403 ], [ 87494.41710000000603, 451392.335000000020955 ], [ 87143.121700000003329, 451146.1726 ], [ 87136.364400000005844, 451156.484600000025239 ], [ 87120.8422, 451184.20250000001397 ], [ 87120.327000000004773, 451185.1225 ], [ 87101.324500000002445, 451210.086499999975786 ], [ 87042.08169999999518, 451277.899099999980535 ], [ 87014.588399999993271, 451305.911100000026636 ], [ 86982.838799999997718, 451338.2597 ], [ 86918.383499999996275, 451400.632099999987986 ], [ 86835.919800000003306, 451480.430999999982305 ], [ 87179.201799999995274, 451887.336300000024494 ], [ 87180.406400000007125, 451888.7476 ], [ 87182.741399999998976, 451891.5319 ], [ 87186.199200000002747, 451895.655199999979232 ], [ 87186.213000000003376, 451895.647 ], [ 87192.224000000001979, 451902.814000000013039 ], [ 87197.246, 451908.803000000014435 ], [ 87208.313999999998487, 451922.00099999998929 ], [ 87209.107999999992899, 451922.946999999985565 ], [ 87211.021999999997206, 451925.289999999979045 ], [ 87238.019, 451957.385 ], [ 87257.053, 451980.01400000002468 ], [ 87268.156000000002678, 451993.213999999978114 ], [ 87285.236000000004424, 452013.520000000018626 ], [ 87292.478600000002189, 452022.130500000028405 ], [ 87330.775399999998626, 451998.503900000010617 ] ] ] ] } },
{ "type": "Feature", "properties": { "buurtcode": "BU19260223", "buurtnaam": "Achter het Raadhuis", "pc6_codes": "2631CE, 2631DA, 2631DB, 2631DC, 2631DD, 2631DE, 2631DG, 2631DH, 2631DJ, 2631DK, 2631DL, 2631DM, 2631DN, 2631DP, 2631DR, 2631DS, 2631DT, 2631DV, 2631DW, 2631DX, 2631DZ, 2631HG, 2631PA, 2631PE, 2631PH, 2631PX, 2631SB, 2631SC, 2631SE, 2631SG, 2631SH, 2631SJ, 2631SK, 2631SL, 2631SM, 2631SN, 2631SP, 2631SR, 2631ST, 2631SV, 2631SW, 2631TA, 2631TB, 2631TC, 2631TD, 2631TG, 2631TH, 2631TJ, 2631TK, 2631TL, 2631TM, 2631TP, 2631TR, 2631TS, 2631TT, 2631TV, 2631TW, 2631TX, 2631TZ, 2631VA, 2631VB, 2631VC, 2631VD, 2631VE, 2631VG, 2631VH, 2631VJ, 2631VK, 2631VL, 2631VM, 2631VN, 2631VP, 2631VR, 2631VS, 2631VT, 2631VV, 2631VW, 2631VX, 2631WB, 2631WC, 2631WD, 2631WE, 2631WG, 2631WH, 2631WM", "wijkcode": "WK192602", "gemeentecode": "GM1926", "gemeentenaam": "Pijnacker-Nootdorp", "oppervlakteLandInHa": 61, "AantalInwoners_5": 4310, "Mannen_6": 2210, "Vrouwen_7": 2100, "HuishoudensTotaal_29": 1685, "GemiddeldeHuishoudensgrootte_33": 2.5, "Woningvoorraad_35": 1693, "NieuwbouwWoningen_36": 0, "NietWoningvoorraad_37": 7, "NieuwbouwNietWoningen_38": 0, "GemiddeldeWOZWaardeVanWoningen_39": 512, "PercentageEengezinswoning_40": 86, "PercentageTussenwoningEengezins_41": 55, "PercentageHoekwoningEengezins_42": 23, "PercentageTweeOnderEenKapWoningEe_43": 4, "PercentageVrijstaandeWoningEengezins_44": 4, "PercentageMeergezinswoning_45": 14, "Koopwoningen_47": 83, "HuurwoningenTotaal_48": 17, "InBezitWoningcorporatie_49": 12, "InBezitOverigeVerhuurders_50": 5, "BouwjaarMeerDanTienJaarGeleden_51": 92, "BouwjaarAfgelopenTienJaar_52": 8, "GemiddeldeElektriciteitslevering_53": 2870, "GemiddeldeElektriciteitsteruglevering_54": 1160, "GemiddeldAardgasverbruik_55": 750, "AardgasvrijeWoningen_57": 8, "Aardgaswoningen_58": 88, "WoningenMetZonnestroom_59": 60, "WoningenHoofdzElektrVerwarmd_60": 12, "k_20PersonenMetHoogsteInkomen_80": 30.8, "k_20HuishoudensMetHoogsteInkomen_85": 42.5, "MediaanVermogenVanParticuliereHuish_86": 414.6, "PersonenautoSTotaal_104": 2090, "PersonenautoSBrandstofBenzine_105": 1685, "PersonenautoSOverigeBrandstof_106": 405, "PersonenautoSPerHuishouden_107": 1.2, "Omgevingsadressendichtheid_121": 1506, "AantalInstallatiesBijWoningen_5": 878, "OpgesteldVermogenVanZonnepanelen_6": 2790, "installaties_per_woning": 0.51860602480803308, "vermogen_per_woning": 1.6479621972829297, "installaties_per_100_woningen": 51.860602480803308, "vermogen_per_huishouden": 1.6557863501483681, "batterijdruk_score": 696.0, "koop_zon_score": 0.498, "eengezins_zon_score": 0.516, "betaalkracht_zon_score": 248.76, "overige_brandstof_zon_score": 243.0, "lichte_batterij_kansscore": 0.49862364141764226 }, "geometry": { "type": "MultiPolygon", "coordinates": [ [ [ [ 87496.5383, 451391.646100000012666 ], [ 87500.205000000001746, 451389.722 ], [ 87504.395999999993364, 451386.275299999979325 ], [ 87615.138200000001234, 451219.433499999984633 ], [ 87616.8741, 451216.818199999979697 ], [ 87728.320200000001932, 451046.471399999980349 ], [ 87729.815400000006775, 451039.304300000017975 ], [ 87734.091, 451031.263199999986682 ], [ 87805.3759, 450918.0894 ], [ 87854.517099999997299, 450841.079900000011548 ], [ 87935.596900000004098, 450716.602599999983795 ], [ 87919.4041, 450705.42180000001099 ], [ 87874.529800000003888, 450666.221299999975599 ], [ 87843.5821, 450627.5366 ], [ 87804.897400000001653, 450598.136300000012852 ], [ 87758.475699999995413, 450558.935799999977462 ], [ 87743.517600000006496, 450550.167200000025332 ], [ 87671.822, 450509.9351 ], [ 87625.400299999993877, 450492.3981 ], [ 87591.873600000006263, 450466.6083000000217 ], [ 87540.809800000002724, 450425.8604 ], [ 87512.44100000000617, 450398.5232 ], [ 87509.861999999993714, 450384.5967 ], [ 87509.861999999993714, 450367.059599999978673 ], [ 87486.933600000003935, 450356.500500000023749 ], [ 87403.504100000005565, 450399.972699999983888 ], [ 87324.356100000004517, 450442.881500000017695 ], [ 87226.873600000006263, 450497.8918999999878 ], [ 87197.964399999997113, 450515.001600000017788 ], [ 87178.079899999996996, 450528.399800000013784 ], [ 87158.342099999994389, 450545.0587 ], [ 87135.251199999998789, 450567.157200000016019 ], [ 87109.371199999994133, 450591.548799999989569 ], [ 87079.113200000007055, 450621.769299999985378 ], [ 86994.693299999998999, 450698.389199999975972 ], [ 86911.159199999994598, 450776.755500000028405 ], [ 86844.172000000005937, 450840.4436 ], [ 86822.26589999999851, 450859.1262 ], [ 86829.229999999995925, 450863.179 ], [ 86872.039999999993597, 450892.239 ], [ 86891.092999999993481, 450905.577 ], [ 86906.510999999998603, 450917.408999999985099 ], [ 86936.091, 450941.195 ], [ 86950.679999999993015, 450952.413 ], [ 86957.274000000004889, 450957.596000000019558 ], [ 86957.275699999998324, 450957.6005 ], [ 86957.250400000004447, 450957.592599999974482 ], [ 86967.57039999999688, 450985.076599999971222 ], [ 86968.971000000005006, 450986.767999999981839 ], [ 86999.236999999993714, 451014.549999999988358 ], [ 87019.731, 451029.76400000002468 ], [ 87039.285999999992782, 451043.164999999979045 ], [ 87060.909, 451058.007999999972526 ], [ 87105.534, 451091.253000000026077 ], [ 87145.453999999997905, 451123.115 ], [ 87153.1051, 451130.9534 ], [ 87153.091199999995297, 451130.960000000020955 ], [ 87148.8854, 451137.3776 ], [ 87145.472399999998743, 451142.5856 ], [ 87143.7494, 451145.2146 ], [ 87143.121700000003329, 451146.1726 ], [ 87494.41710000000603, 451392.335000000020955 ], [ 87496.5383, 451391.646100000012666 ] ] ] ] } },
{ "type": "Feature", "properties": { "buurtcode": "BU19260224", "buurtnaam": "’s-Gravenhout", "pc6_codes": "2631PH, 2631PM, 2631PT, 2631WJ, 2631WK, 2631WL, 2631WN, 2631WP, 2631WR, 2631WS, 2631WT, 2631WV, 2631WX, 2631WZ, 2631XA, 2631XB, 2631XC, 2631XD, 2631XE, 2631XG, 2631XH, 2631XJ", "wijkcode": "WK192602", "gemeentecode": "GM1926", "gemeentenaam": "Pijnacker-Nootdorp", "oppervlakteLandInHa": 43, "AantalInwoners_5": 1805, "Mannen_6": 895, "Vrouwen_7": 905, "HuishoudensTotaal_29": 605, "GemiddeldeHuishoudensgrootte_33": 3.0, "Woningvoorraad_35": 597, "NieuwbouwWoningen_36": 0, "NietWoningvoorraad_37": 10, "NieuwbouwNietWoningen_38": 0, "GemiddeldeWOZWaardeVanWoningen_39": 724, "PercentageEengezinswoning_40": 87, "PercentageTussenwoningEengezins_41": 36, "PercentageHoekwoningEengezins_42": 16, "PercentageTweeOnderEenKapWoningEe_43": 20, "PercentageVrijstaandeWoningEengezins_44": 14, "PercentageMeergezinswoning_45": 13, "Koopwoningen_47": 85, "HuurwoningenTotaal_48": 15, "InBezitWoningcorporatie_49": 8, "InBezitOverigeVerhuurders_50": 7, "BouwjaarMeerDanTienJaarGeleden_51": 99, "BouwjaarAfgelopenTienJaar_52": 1, "GemiddeldeElektriciteitslevering_53": 3650, "GemiddeldeElektriciteitsteruglevering_54": 1420, "GemiddeldAardgasverbruik_55": 950, "AardgasvrijeWoningen_57": 2, "Aardgaswoningen_58": 92, "WoningenMetZonnestroom_59": 57, "WoningenHoofdzElektrVerwarmd_60": 8, "k_20PersonenMetHoogsteInkomen_80": 39.4, "k_20HuishoudensMetHoogsteInkomen_85": 61.3, "MediaanVermogenVanParticuliereHuish_86": 596.8, "PersonenautoSTotaal_104": 855, "PersonenautoSBrandstofBenzine_105": 610, "PersonenautoSOverigeBrandstof_106": 245, "PersonenautoSPerHuishouden_107": 1.4, "Omgevingsadressendichtheid_121": 993, "AantalInstallatiesBijWoningen_5": 258, "OpgesteldVermogenVanZonnepanelen_6": 1025, "installaties_per_woning": 0.43216080402010049, "vermogen_per_woning": 1.7169179229480738, "installaties_per_100_woningen": 43.21608040201005, "vermogen_per_huishouden": 1.6942148760330578, "batterijdruk_score": 809.4, "koop_zon_score": 0.4845, "eengezins_zon_score": 0.4959, "betaalkracht_zon_score": 340.176, "overige_brandstof_zon_score": 139.65, "lichte_batterij_kansscore": 0.50330413467334512 }, "geometry": { "type": "MultiPolygon", "coordinates": [ [ [ [ 88304.580300000001444, 451440.255 ], [ 88445.817899999994552, 451070.136300000012852 ], [ 88439.326499999995576, 451065.9633 ], [ 88370.725600000005215, 451018.51 ], [ 88296.966799999994691, 450965.383099999977276 ], [ 88116.953999999997905, 450843.139399999985471 ], [ 87962.731, 450735.337999999988824 ], [ 87935.596900000004098, 450716.602599999983795 ], [ 87854.517099999997299, 450841.079900000011548 ], [ 87805.3759, 450918.0894 ], [ 87734.091, 451031.263199999986682 ], [ 87729.815400000006775, 451039.304300000017975 ], [ 87728.320200000001932, 451046.471399999980349 ], [ 87616.8741, 451216.818199999979697 ], [ 87615.138200000001234, 451219.433499999984633 ], [ 88171.5438, 451788.8824 ], [ 88304.580300000001444, 451440.255 ] ] ] ] } },
{ "type": "Feature", "properties": { "buurtcode": "BU19260225", "buurtnaam": "De Venen Centrum", "pc6_codes": "2631CC, 2631CD, 2631CH, 2631CL, 2631CN, 2631CZ, 2631EV, 2631EW, 2631EX, 2631EZ, 2631LA, 2631LB, 2631LC, 2631LD, 2631LE, 2631LG, 2631LH, 2631LJ, 2631LK, 2631LN, 2631LP, 2631ML, 2631MN, 2631MP, 2631MR, 2631MS, 2631MT, 2631MV, 2631MW, 2631MX, 2631ND, 2631NE, 2631NG, 2631NH, 2632DA, 2632DE, 2632DG, 2632DH, 2632DJ, 2632DK, 2632DL, 2632DM, 2632DN, 2632DP, 2632DV, 2632EA, 2632EH, 2632EJ, 2632EK, 2632EL, 2632EM, 2632EN, 2632EP, 2632ER", "wijkcode": "WK192602", "gemeentecode": "GM1926", "gemeentenaam": "Pijnacker-Nootdorp", "oppervlakteLandInHa": 39, "AantalInwoners_5": 3240, "Mannen_6": 1565, "Vrouwen_7": 1680, "HuishoudensTotaal_29": 1175, "GemiddeldeHuishoudensgrootte_33": 2.8, "Woningvoorraad_35": 1149, "NieuwbouwWoningen_36": 1, "NietWoningvoorraad_37": 12, "NieuwbouwNietWoningen_38": 0, "GemiddeldeWOZWaardeVanWoningen_39": 526, "PercentageEengezinswoning_40": 72, "PercentageTussenwoningEengezins_41": 41, "PercentageHoekwoningEengezins_42": 8, "PercentageTweeOnderEenKapWoningEe_43": 10, "PercentageVrijstaandeWoningEengezins_44": 12, "PercentageMeergezinswoning_45": 28, "Koopwoningen_47": 58, "HuurwoningenTotaal_48": 42, "InBezitWoningcorporatie_49": 26, "InBezitOverigeVerhuurders_50": 17, "BouwjaarMeerDanTienJaarGeleden_51": 99, "BouwjaarAfgelopenTienJaar_52": 1, "GemiddeldeElektriciteitslevering_53": 2910, "GemiddeldeElektriciteitsteruglevering_54": 970, "GemiddeldAardgasverbruik_55": 90, "AardgasvrijeWoningen_57": 93, "Aardgaswoningen_58": 6, "WoningenMetZonnestroom_59": 49, "WoningenHoofdzElektrVerwarmd_60": 10, "k_20PersonenMetHoogsteInkomen_80": 29.3, "k_20HuishoudensMetHoogsteInkomen_85": 38.2, "MediaanVermogenVanParticuliereHuish_86": 208.1, "PersonenautoSTotaal_104": 1255, "PersonenautoSBrandstofBenzine_105": 980, "PersonenautoSOverigeBrandstof_106": 275, "PersonenautoSPerHuishouden_107": 1.1, "Omgevingsadressendichtheid_121": 2344, "AantalInstallatiesBijWoningen_5": 499, "OpgesteldVermogenVanZonnepanelen_6": 1601, "installaties_per_woning": 0.43429068755439515, "vermogen_per_woning": 1.3933855526544821, "installaties_per_100_woningen": 43.429068755439516, "vermogen_per_huishouden": 1.3625531914893616, "batterijdruk_score": 475.3, "koop_zon_score": 0.2842, "eengezins_zon_score": 0.3528, "betaalkracht_zon_score": 101.969, "overige_brandstof_zon_score": 134.75, "lichte_batterij_kansscore": 0.39084645560781417 }, "geometry": { "type": "MultiPolygon", "coordinates": [ [ [ [ 86702.154899999994086, 451322.059400000027381 ], [ 86645.020099999994272, 451254.150299999979325 ], [ 86538.44539999999688, 451127.823099999979604 ], [ 86533.363400000002002, 451122.098600000026636 ], [ 86386.544500000003609, 450947.882800000021234 ], [ 86381.057, 450945.7035 ], [ 86368.3027, 450935.530399999988731 ], [ 86351.600699999995413, 450919.587600000028033 ], [ 86341.7313, 450911.084800000011455 ], [ 86337.327999999994063, 450906.52970000001369 ], [ 86331.406400000007125, 450902.885599999979604 ], [ 86324.725600000005215, 450900.152500000025611 ], [ 86311.819499999997788, 450901.822700000018813 ], [ 86308.890100000004168, 450902.7083 ], [ 86305.290500000002794, 450903.7966 ], [ 86279.277700000006007, 450918.761 ], [ 86180.827000000004773, 450973.018999999971129 ], [ 85773.662400000001071, 451183.68 ], [ 85808.031000000002678, 451219.772999999986496 ], [ 85999.996, 451421.369 ], [ 86097.453999999997905, 451523.717 ], [ 86304.466, 451741.113000000012107 ], [ 86312.334700000006706, 451749.3761 ], [ 86702.154899999994086, 451322.059400000027381 ] ] ] ] } },
{ "type": "Feature", "properties": { "buurtcode": "BU19260226", "buurtnaam": "De Venen / Craeyenburch", "pc6_codes": "2631KA, 2631KB, 2631KC, 2631KD, 2631KE, 2631KH, 2631KJ, 2631KK, 2631KL, 2631KN, 2631LL, 2631MA, 2631MB, 2631MC, 2631MD, 2631ME, 2631MG, 2631MH, 2631MJ, 2631MK, 2631MM, 2631MZ, 2631NB, 2631NC, 2631ND, 2631NE, 2631NH, 2631NJ, 2631NK, 2631NL, 2631NM, 2631NN, 2631NP, 2631NR, 2631NS, 2631NT, 2631NV, 2631NW, 2631NZ, 2631SX, 2631SZ", "wijkcode": "WK192602", "gemeentecode": "GM1926", "gemeentenaam": "Pijnacker-Nootdorp", "oppervlakteLandInHa": 56, "AantalInwoners_5": 2130, "Mannen_6": 1095, "Vrouwen_7": 1035, "HuishoudensTotaal_29": 615, "GemiddeldeHuishoudensgrootte_33": 2.9, "Woningvoorraad_35": 666, "NieuwbouwWoningen_36": 0, "NietWoningvoorraad_37": 26, "NieuwbouwNietWoningen_38": 1, "GemiddeldeWOZWaardeVanWoningen_39": 668, "PercentageEengezinswoning_40": 70, "PercentageTussenwoningEengezins_41": 29, "PercentageHoekwoningEengezins_42": 5, "PercentageTweeOnderEenKapWoningEe_43": 10, "PercentageVrijstaandeWoningEengezins_44": 27, "PercentageMeergezinswoning_45": 30, "Koopwoningen_47": 61, "HuurwoningenTotaal_48": 39, "InBezitWoningcorporatie_49": 25, "InBezitOverigeVerhuurders_50": 15, "BouwjaarMeerDanTienJaarGeleden_51": 96, "BouwjaarAfgelopenTienJaar_52": 4, "GemiddeldeElektriciteitslevering_53": 3570, "GemiddeldeElektriciteitsteruglevering_54": 1160, "GemiddeldAardgasverbruik_55": 520, "AardgasvrijeWoningen_57": 40, "Aardgaswoningen_58": 51, "WoningenMetZonnestroom_59": 43, "WoningenHoofdzElektrVerwarmd_60": 12, "k_20PersonenMetHoogsteInkomen_80": 32.9, "k_20HuishoudensMetHoogsteInkomen_85": 47.6, "MediaanVermogenVanParticuliereHuish_86": 363.1, "PersonenautoSTotaal_104": 780, "PersonenautoSBrandstofBenzine_105": 560, "PersonenautoSOverigeBrandstof_106": 220, "PersonenautoSPerHuishouden_107": 1.3, "Omgevingsadressendichtheid_121": 2240, "AantalInstallatiesBijWoningen_5": 248, "OpgesteldVermogenVanZonnepanelen_6": 1106, "installaties_per_woning": 0.37237237237237236, "vermogen_per_woning": 1.6606606606606606, "installaties_per_100_woningen": 37.237237237237238, "vermogen_per_huishouden": 1.7983739837398374, "batterijdruk_score": 498.8, "koop_zon_score": 0.2623, "eengezins_zon_score": 0.301, "betaalkracht_zon_score": 156.133, "overige_brandstof_zon_score": 94.6, "lichte_batterij_kansscore": 0.38535941556850245 }, "geometry": { "type": "MultiPolygon", "coordinates": [ [ [ [ 86180.827000000004773, 450973.018999999971129 ], [ 86279.277700000006007, 450918.761 ], [ 86305.290500000002794, 450903.7966 ], [ 86308.890100000004168, 450902.7083 ], [ 86304.172099999996135, 450895.631500000017695 ], [ 86299.105500000005122, 450885.200100000016391 ], [ 86296.4231, 450873.57650000002468 ], [ 86295.528999999994994, 450861.952899999974761 ], [ 86295.230899999995017, 450852.713700000022072 ], [ 86297.295400000002701, 450841.979500000015832 ], [ 86297.304000000003725, 450841.965000000025611 ], [ 86303.407999999995809, 450831.909999999974389 ], [ 86328.519, 450778.90500000002794 ], [ 86353.010999999998603, 450723.759000000020023 ], [ 86373.00800000000163, 450688.28000000002794 ], [ 86376.456999999994878, 450680.615999999979977 ], [ 86377.073999999993248, 450679.245 ], [ 86377.856, 450677.506 ], [ 86380.106, 450668.537000000011176 ], [ 86378.24199999999837, 450657.863000000012107 ], [ 86383.717999999993481, 450638.564000000013039 ], [ 86386.667700000005425, 450628.17249999998603 ], [ 86388.621, 450621.291000000026543 ], [ 86388.274000000004889, 450618.781000000017229 ], [ 86386.425399999992806, 450616.254100000020117 ], [ 86386.421000000002095, 450616.24800000002142 ], [ 86388.779299999994691, 450617.041399999987334 ], [ 86383.1348, 450606.0307 ], [ 86372.915699999997742, 450550.875 ], [ 86358.559399999998277, 450485.6313 ], [ 86348.486999999993714, 450487.335000000020955 ], [ 86315.0, 450493.0 ], [ 86193.0, 450412.0 ], [ 85972.0, 450262.0 ], [ 85932.544999999998254, 450251.158 ], [ 85925.05000000000291, 450245.930999999982305 ], [ 85916.146999999997206, 450239.722 ], [ 85880.63300000000163, 450214.957 ], [ 85879.706000000005588, 450216.24800000002142 ], [ 85858.44199999999546, 450244.952 ], [ 85855.42500000000291, 450250.691 ], [ 85851.154999999998836, 450258.886 ], [ 85847.910999999992782, 450265.112000000022817 ], [ 85832.039000000004307, 450284.544999999983702 ], [ 85800.707999999998719, 450322.297000000020489 ], [ 85780.982000000003609, 450343.909999999974389 ], [ 85718.638000000006286, 450412.587999999988824 ], [ 85597.080000000001746, 450547.76 ], [ 85536.218999999997322, 450616.09499999997206 ], [ 85464.17500000000291, 450695.742000000027474 ], [ 85393.827000000004773, 450774.093 ], [ 85393.479000000006636, 450774.479 ], [ 85394.334799999996903, 450775.378399999986868 ], [ 85395.207999999998719, 450776.295999999972992 ], [ 85396.769, 450777.936999999976251 ], [ 85393.259999999994761, 450784.049999999988358 ], [ 85395.55000000000291, 450786.229999999981374 ], [ 85399.190000000002328, 450789.94 ], [ 85670.607000000003609, 451075.454000000027008 ], [ 85773.662400000001071, 451183.68 ], [ 86180.827000000004773, 450973.018999999971129 ] ] ] ] } },
{ "type": "Feature", "properties": { "buurtcode": "BU19260227", "buurtnaam": "De Venen Oost", "pc6_codes": "2631CH, 2631CJ, 2631CK, 2631CL, 2631CM, 2631CP, 2631GA, 2631HA, 2631HB, 2631HD, 2631HE, 2632BE, 2632BG, 2632BH, 2632BJ, 2632BK, 2632BL, 2632BM, 2632BN, 2632BS, 2632CA, 2632CB, 2632CC, 2632DB, 2632DC, 2632DD, 2632DS, 2632DT, 2632EB, 2632EC, 2632ED, 2632EE, 2632EG", "wijkcode": "WK192602", "gemeentecode": "GM1926", "gemeentenaam": "Pijnacker-Nootdorp", "oppervlakteLandInHa": 32, "AantalInwoners_5": 1745, "Mannen_6": 835, "Vrouwen_7": 910, "HuishoudensTotaal_29": 705, "GemiddeldeHuishoudensgrootte_33": 2.5, "Woningvoorraad_35": 686, "NieuwbouwWoningen_36": 0, "NietWoningvoorraad_37": 43, "NieuwbouwNietWoningen_38": 1, "GemiddeldeWOZWaardeVanWoningen_39": 484, "PercentageEengezinswoning_40": 50, "PercentageTussenwoningEengezins_41": 23, "PercentageHoekwoningEengezins_42": 10, "PercentageTweeOnderEenKapWoningEe_43": 8, "PercentageVrijstaandeWoningEengezins_44": 8, "PercentageMeergezinswoning_45": 50, "Koopwoningen_47": 72, "HuurwoningenTotaal_48": 28, "InBezitWoningcorporatie_49": 12, "InBezitOverigeVerhuurders_50": 15, "BouwjaarMeerDanTienJaarGeleden_51": 96, "BouwjaarAfgelopenTienJaar_52": 4, "GemiddeldeElektriciteitslevering_53": 2700, "GemiddeldeElektriciteitsteruglevering_54": 850, "GemiddeldAardgasverbruik_55": 320, "AardgasvrijeWoningen_57": 72, "Aardgaswoningen_58": 27, "WoningenMetZonnestroom_59": 42, "WoningenHoofdzElektrVerwarmd_60": 6, "k_20PersonenMetHoogsteInkomen_80": 31.6, "k_20HuishoudensMetHoogsteInkomen_85": 33.5, "MediaanVermogenVanParticuliereHuish_86": 252.4, "PersonenautoSTotaal_104": 775, "PersonenautoSBrandstofBenzine_105": 610, "PersonenautoSOverigeBrandstof_106": 165, "PersonenautoSPerHuishouden_107": 1.1, "Omgevingsadressendichtheid_121": 2105, "AantalInstallatiesBijWoningen_5": 240, "OpgesteldVermogenVanZonnepanelen_6": 767, "installaties_per_woning": 0.3498542274052478, "vermogen_per_woning": 1.1180758017492711, "installaties_per_100_woningen": 34.985422740524783, "vermogen_per_huishouden": 1.0879432624113474, "batterijdruk_score": 357.0, "koop_zon_score": 0.3024, "eengezins_zon_score": 0.21, "betaalkracht_zon_score": 106.008, "overige_brandstof_zon_score": 69.3, "lichte_batterij_kansscore": 0.35544236109917626 }, "geometry": { "type": "MultiPolygon", "coordinates": [ [ [ [ 86930.332999999998719, 452199.0 ], [ 86933.0, 452197.0 ], [ 86934.0, 452185.0 ], [ 86935.549, 452182.338999999978114 ], [ 86939.604000000006636, 452175.371999999973923 ], [ 86941.725999999995111, 452174.906000000017229 ], [ 86942.979999999995925, 452174.63 ], [ 86944.979999999995925, 452174.909999999974389 ], [ 86948.429999999993015, 452174.450000000011642 ], [ 86948.630000000004657, 452174.330000000016298 ], [ 86950.774999999994179, 452173.49800000002142 ], [ 86950.94199999999546, 452173.44 ], [ 86952.100000000005821, 452173.039999999979045 ], [ 86953.580000000001746, 452172.159999999974389 ], [ 86954.036999999996624, 452171.813000000023749 ], [ 86954.330000000001746, 452171.590000000025611 ], [ 86955.5, 452170.53000000002794 ], [ 86956.94999999999709, 452168.69 ], [ 86958.100000000005821, 452166.200000000011642 ], [ 86958.710000000006403, 452163.159999999974389 ], [ 86958.770000000004075, 452161.12 ], [ 86958.149999999994179, 452158.5 ], [ 86957.600000000005821, 452156.74 ], [ 86957.179999999993015, 452154.5 ], [ 86956.297000000005937, 452150.983 ], [ 86955.546000000002095, 452147.569000000017695 ], [ 86955.710000000006403, 452146.68 ], [ 86955.945000000006985, 452145.805999999982305 ], [ 86956.247000000003027, 452144.954000000027008 ], [ 86957.174, 452142.392999999981839 ], [ 86957.955000000001746, 452141.506 ], [ 86969.862999999997555, 452128.049 ], [ 86982.725999999995111, 452113.544999999983702 ], [ 86986.592000000004191, 452109.185999999986961 ], [ 86995.765, 452098.869 ], [ 87001.369999999995343, 452092.537000000011176 ], [ 87082.353000000002794, 452001.162000000011176 ], [ 87170.660000000003492, 451901.650000000023283 ], [ 87171.225000000005821, 451901.066 ], [ 87171.835000000006403, 451900.528999999980442 ], [ 87172.486000000004424, 451900.043 ], [ 87173.172999999995227, 451899.609 ], [ 87173.892999999996391, 451899.232000000018161 ], [ 87174.64100000000326, 451898.913999999989755 ], [ 87175.410999999992782, 451898.656000000017229 ], [ 87176.19999999999709, 451898.460000000020955 ], [ 87177.903000000005704, 451898.212 ], [ 87179.595000000001164, 451897.903 ], [ 87181.274999999994179, 451897.533 ], [ 87182.94100000000617, 451897.101000000024214 ], [ 87184.589999999996508, 451896.60999999998603 ], [ 87186.199200000002747, 451895.655199999979232 ], [ 87182.741399999998976, 451891.5319 ], [ 87180.406400000007125, 451888.7476 ], [ 87179.201799999995274, 451887.336300000024494 ], [ 86835.919800000003306, 451480.430999999982305 ], [ 86802.00109999999404, 451440.225900000019465 ], [ 86768.767399999996996, 451401.233599999977741 ], [ 86702.154899999994086, 451322.059400000027381 ], [ 86312.334700000006706, 451749.3761 ], [ 86328.674, 451766.534999999974389 ], [ 86330.282999999995809, 451768.224800000025425 ], [ 86451.111999999993714, 451895.118000000016764 ], [ 86456.006999999997788, 451900.259000000020023 ], [ 86458.339999999996508, 451897.11099999997532 ], [ 86459.778000000005704, 451895.348 ], [ 86464.429000000003725, 451889.647 ], [ 86480.618000000002212, 451870.512999999977183 ], [ 86489.046000000002095, 451860.822999999974854 ], [ 86492.986999999993714, 451857.135 ], [ 86493.351999999998952, 451856.712 ], [ 86496.671000000002095, 451852.857000000018161 ], [ 86497.512000000002445, 451851.881 ], [ 86500.088000000003376, 451848.286000000021886 ], [ 86503.251000000003842, 451844.079000000027008 ], [ 86506.547000000005937, 451840.771 ], [ 86511.017000000007101, 451835.99 ], [ 86518.073000000003958, 451828.213999999978114 ], [ 86525.131999999997788, 451821.288999999989755 ], [ 86528.122000000003027, 451818.195 ], [ 86534.986000000004424, 451810.51500000001397 ], [ 86557.73399999999674, 451785.474999999976717 ], [ 86564.672999999995227, 451777.569000000017695 ], [ 86566.588000000003376, 451775.121999999973923 ], [ 86569.392999999996391, 451771.218999999982771 ], [ 86575.676999999996042, 451764.180999999982305 ], [ 86580.415999999997439, 451772.303000000014435 ], [ 86598.149000000004889, 451802.699000000022352 ], [ 86601.30899999999383, 451799.674999999988358 ], [ 86602.804000000003725, 451802.53000000002794 ], [ 86624.017999999996391, 451843.026000000012573 ], [ 86627.577999999994063, 451846.031000000017229 ], [ 86627.819000000003143, 451846.407 ], [ 86647.612999999997555, 451883.50199999997858 ], [ 86647.695999999996275, 451883.658 ], [ 86651.331999999994878, 451890.471000000019558 ], [ 86658.368000000002212, 451903.657 ], [ 86658.380999999993946, 451903.681999999971595 ], [ 86664.282999999995809, 451914.743000000016764 ], [ 86664.288, 451914.75199999997858 ], [ 86671.850999999995111, 451928.925999999977648 ], [ 86680.94100000000617, 451945.960000000020955 ], [ 86685.751000000003842, 451950.343 ], [ 86696.845000000001164, 451960.451 ], [ 86699.399999999994179, 451962.78000000002794 ], [ 86687.309999999997672, 451974.853 ], [ 86678.501000000003842, 451984.238000000012107 ], [ 86683.307, 451990.423 ], [ 86686.769, 451994.245999999984633 ], [ 86701.751000000003842, 452010.791000000026543 ], [ 86705.853000000002794, 452015.795999999972992 ], [ 86709.807, 452020.621999999973923 ], [ 86718.25800000000163, 452031.104 ], [ 86732.687999999994645, 452050.00099999998929 ], [ 86734.728000000002794, 452053.222 ], [ 86742.850000000005821, 452066.044999999983702 ], [ 86748.615999999994528, 452074.62300000002142 ], [ 86751.577999999994063, 452079.028999999980442 ], [ 86760.509000000005472, 452090.917000000015832 ], [ 86761.138000000006286, 452091.755 ], [ 86762.646999999997206, 452093.76400000002468 ], [ 86768.289000000004307, 452101.273999999975786 ], [ 86780.180999999996857, 452116.531000000017229 ], [ 86799.327000000004773, 452098.223999999987427 ], [ 86816.565000000002328, 452081.574000000022352 ], [ 86822.042000000001281, 452087.51400000002468 ], [ 86822.532999999995809, 452088.075000000011642 ], [ 86824.664999999993597, 452090.511999999987893 ], [ 86837.832999999998719, 452105.033999999985099 ], [ 86840.434999999997672, 452107.903 ], [ 86836.94100000000617, 452111.191 ], [ 86841.919999999998254, 452117.302000000025146 ], [ 86847.38300000000163, 452122.318000000028405 ], [ 86859.621, 452133.556999999971595 ], [ 86861.19999999999709, 452135.148999999975786 ], [ 86849.822, 452149.685 ], [ 86849.489000000001397, 452150.11099999997532 ], [ 86848.165999999997439, 452151.800999999977648 ], [ 86847.843999999997322, 452152.212999999988824 ], [ 86867.937000000005355, 452162.147999999986496 ], [ 86885.009999999994761, 452178.223999999987427 ], [ 86893.07499999999709, 452190.588999999978114 ], [ 86904.350999999995111, 452207.87400000001071 ], [ 86909.0, 452215.0 ], [ 86930.332999999998719, 452199.0 ] ] ] ] } },
{ "type": "Feature", "properties": { "buurtcode": "BU19260231", "buurtnaam": "Buitengebied Nootdorp", "pc6_codes": "2631AA, 2631AB, 2631CG, 2631NA, 2631NB, 2631PA, 2631PB, 2631PC, 2631PD, 2631PH, 2631PJ, 2631PM, 2631PP, 2631PR, 2631PS, 2631XD", "wijkcode": "WK192602", "gemeentecode": "GM1926", "gemeentenaam": "Pijnacker-Nootdorp", "oppervlakteLandInHa": 352, "AantalInwoners_5": 560, "Mannen_6": 280, "Vrouwen_7": 280, "HuishoudensTotaal_29": 250, "GemiddeldeHuishoudensgrootte_33": 2.2, "Woningvoorraad_35": 213, "NieuwbouwWoningen_36": 3, "NietWoningvoorraad_37": 25, "NieuwbouwNietWoningen_38": 0, "GemiddeldeWOZWaardeVanWoningen_39": 705, "PercentageEengezinswoning_40": 98, "PercentageTussenwoningEengezins_41": 3, "PercentageHoekwoningEengezins_42": 2, "PercentageTweeOnderEenKapWoningEe_43": 15, "PercentageVrijstaandeWoningEengezins_44": 77, "PercentageMeergezinswoning_45": 2, "Koopwoningen_47": 83, "HuurwoningenTotaal_48": 17, "InBezitWoningcorporatie_49": 0, "InBezitOverigeVerhuurders_50": 16, "BouwjaarMeerDanTienJaarGeleden_51": 95, "BouwjaarAfgelopenTienJaar_52": 5, "GemiddeldeElektriciteitslevering_53": 3920, "GemiddeldeElektriciteitsteruglevering_54": 2550, "GemiddeldAardgasverbruik_55": 1290, "AardgasvrijeWoningen_57": 2, "Aardgaswoningen_58": 88, "WoningenMetZonnestroom_59": 56, "WoningenHoofdzElektrVerwarmd_60": 10, "k_20PersonenMetHoogsteInkomen_80": 24.3, "k_20HuishoudensMetHoogsteInkomen_85": 32.5, "MediaanVermogenVanParticuliereHuish_86": 540.0, "PersonenautoSTotaal_104": 310, "PersonenautoSBrandstofBenzine_105": 245, "PersonenautoSOverigeBrandstof_106": 65, "PersonenautoSPerHuishouden_107": 1.2, "Omgevingsadressendichtheid_121": 864, "AantalInstallatiesBijWoningen_5": 75, "OpgesteldVermogenVanZonnepanelen_6": 447, "installaties_per_woning": 0.352112676056338, "vermogen_per_woning": 2.0985915492957745, "installaties_per_100_woningen": 35.2112676056338, "vermogen_per_huishouden": 1.788, "batterijdruk_score": 1428.0000000000002, "koop_zon_score": 0.4648, "eengezins_zon_score": 0.5488, "betaalkracht_zon_score": 302.4, "overige_brandstof_zon_score": 36.4, "lichte_batterij_kansscore": 0.54873996375628487 }, "geometry": { "type": "MultiPolygon", "coordinates": [ [ [ [ 89068.895000000004075, 451897.468 ], [ 89082.236000000004424, 451895.702 ], [ 89107.850000000005821, 451892.041000000026543 ], [ 89128.164000000004307, 451889.745999999984633 ], [ 89145.30899999999383, 451887.528999999980442 ], [ 89161.705000000001746, 451885.381999999983236 ], [ 89182.938999999998487, 451882.642 ], [ 89200.865999999994528, 451880.288 ], [ 89217.827999999994063, 451878.305999999982305 ], [ 89220.232000000003609, 451878.025000000023283 ], [ 89240.93300000000454, 451874.787000000011176 ], [ 89269.752999999996973, 451870.494 ], [ 89306.134999999994761, 451865.645000000018626 ], [ 89311.832999999998719, 451864.865999999979977 ], [ 89338.986999999993714, 451861.15500000002794 ], [ 89374.600999999995111, 451856.313000000023749 ], [ 89395.532999999995809, 451853.384000000020023 ], [ 89408.206000000005588, 451851.60999999998603 ], [ 89421.611999999993714, 451845.542000000015832 ], [ 89425.354999999995925, 451843.848 ], [ 89430.214000000007218, 451841.647999999986496 ], [ 89487.126000000003842, 451815.886 ], [ 89502.964999999996508, 451811.901000000012573 ], [ 89509.260999999998603, 451810.185 ], [ 89519.587, 451807.370999999984633 ], [ 89739.288, 451780.166000000026543 ], [ 89740.259999999994761, 451780.011 ], [ 89893.741800000003423, 451755.5772 ], [ 89893.7445, 451755.569599999987986 ], [ 89894.736399999994319, 451752.815699999977369 ], [ 89985.842399999994086, 451499.996700000017881 ], [ 89992.42939999999362, 451481.717699999979232 ], [ 89999.9764, 451460.615700000023935 ], [ 90048.0104, 451326.3077 ], [ 90116.638399999996182, 451134.41970000002766 ], [ 90136.805399999997462, 451078.0307 ], [ 90020.123399999996764, 450999.996700000017881 ], [ 89959.682400000005146, 450959.5747 ], [ 89883.123399999996764, 450908.374699999985751 ], [ 89876.121400000003632, 450903.673699999984819 ], [ 89719.858399999997346, 450798.7707 ], [ 89608.498399999996764, 450724.012700000021141 ], [ 89605.627399999997579, 450722.0857 ], [ 89597.331399999995483, 450716.5247 ], [ 89590.17939999999362, 450711.7707 ], [ 89585.462400000003981, 450708.5687 ], [ 89373.205400000006193, 450568.429699999978766 ], [ 89267.7783999999956, 450499.996700000017881 ], [ 89139.722399999998743, 450416.875699999975041 ], [ 89042.07039999999688, 450353.489699999976438 ], [ 89042.416400000001886, 450352.007700000016484 ], [ 89045.236399999994319, 450339.903700000024401 ], [ 89042.180399999997462, 450338.40470000001369 ], [ 89036.524399999994785, 450336.3687 ], [ 89027.0674, 450332.9657 ], [ 89023.372399999992922, 450331.54570000001695 ], [ 89016.575400000001537, 450328.934699999983422 ], [ 89002.68640000000596, 450321.0907 ], [ 88999.9764, 450319.321699999971315 ], [ 88990.568400000003749, 450313.178699999989476 ], [ 88980.833400000003166, 450306.7977 ], [ 88883.9574, 450243.293699999980163 ], [ 88803.3704, 450189.8787 ], [ 88800.113400000002002, 450187.708700000017416 ], [ 88799.544399999998859, 450187.3297 ], [ 88799.311799999995856, 450187.1753 ], [ 88799.308300000004238, 450187.1729 ], [ 88798.857900000002701, 450186.872900000016671 ], [ 88791.2794, 450181.824499999987893 ], [ 88783.787400000001071, 450176.833700000017416 ], [ 88775.759399999995367, 450171.4867 ], [ 88773.407399999996414, 450170.6557 ], [ 88770.806400000001304, 450170.447700000018813 ], [ 88764.401400000002468, 450174.2707 ], [ 88757.285399999993388, 450179.52970000001369 ], [ 88745.646399999997811, 450187.702700000023469 ], [ 88732.94539999999688, 450197.358699999982491 ], [ 88729.911399999997229, 450199.2977 ], [ 88717.708400000003166, 450191.398700000019744 ], [ 88533.0484, 450071.8727 ], [ 88523.092399999994086, 450064.934699999983422 ], [ 88522.073399999993853, 450064.146699999982957 ], [ 88517.134399999995367, 450060.326699999975972 ], [ 88512.240399999995134, 450054.4487 ], [ 88508.595400000005611, 450048.0697 ], [ 88493.9033999999956, 449999.996700000017881 ], [ 88490.762400000006892, 449989.718700000026729 ], [ 88374.325400000001537, 449911.8027 ], [ 88366.9994, 449906.8997 ], [ 88366.9865, 449906.891 ], [ 88358.2114, 449901.0197 ], [ 88351.4234, 449896.4767 ], [ 88350.549400000003516, 449895.9057 ], [ 88344.794699999998556, 449892.151200000022072 ], [ 88344.789399999994203, 449892.147699999972247 ], [ 88305.555399999997462, 449866.887700000021141 ], [ 88285.4954, 449853.972699999983888 ], [ 88255.468399999997928, 449832.733699999982491 ], [ 88215.441399999996065, 449806.3077 ], [ 88181.202399999994668, 449783.994699999981094 ], [ 88148.538400000004913, 449762.549699999974109 ], [ 88111.737399999998161, 449739.1347 ], [ 88074.70339999999851, 449715.521699999982957 ], [ 88044.850399999995716, 449696.284700000018347 ], [ 88016.282399999996414, 449676.877700000011828 ], [ 88002.107399999993504, 449666.8357 ], [ 87999.9764, 449665.626700000022538 ], [ 87992.497399999992922, 449661.385699999984354 ], [ 87948.237399999998161, 449632.396699999982957 ], [ 87883.210399999996298, 449590.5087 ], [ 87831.00340000000142, 449556.762700000021141 ], [ 87791.6434, 449530.776699999987613 ], [ 87791.636599999997998, 449530.772300000011455 ], [ 87770.243400000006659, 449516.843700000026729 ], [ 87743.6967, 449500.00199999997858 ], [ 87743.6884, 449499.996700000017881 ], [ 87738.229399999996531, 449496.533700000029057 ], [ 87699.5674, 449471.2547 ], [ 87694.287400000001071, 449467.9497 ], [ 87692.164900000003399, 449466.371999999973923 ], [ 87692.031400000007125, 449466.272699999972247 ], [ 87691.131399999998393, 449465.603699999977835 ], [ 87684.712400000003981, 449461.423699999984819 ], [ 87680.8937, 449458.9375 ], [ 87680.88640000000305, 449458.9327 ], [ 87644.8404, 449435.462699999974575 ], [ 87644.601500000004307, 449435.307099999976344 ], [ 87635.539099999994505, 449429.406299999973271 ], [ 87634.366399999998976, 449428.642600000021048 ], [ 87627.193400000003749, 449434.4426 ], [ 87622.486399999994319, 449438.440599999972619 ], [ 87617.02039999999397, 449442.2036 ], [ 87608.047399999995832, 449448.756600000022445 ], [ 87602.827399999994668, 449452.474600000015926 ], [ 87594.1244, 449459.8176 ], [ 87588.921400000006543, 449464.3736 ], [ 87583.647400000001653, 449469.664600000018254 ], [ 87576.3554, 449476.434599999978673 ], [ 87572.366399999998976, 449480.0257 ], [ 87572.241699999998673, 449480.1103 ], [ 87565.0334, 449485.1016 ], [ 87547.2604, 449499.996600000013132 ], [ 87523.045400000002701, 449520.819599999987986 ], [ 87510.3404, 449532.397600000025705 ], [ 87499.115399999995134, 449542.5096 ], [ 87491.59440000000177, 449549.0356 ], [ 87485.871400000003632, 449553.772600000025705 ], [ 87480.361399999994319, 449558.5456000000122 ], [ 87476.335399999996298, 449561.68560000002617 ], [ 87472.583400000003166, 449564.28159999998752 ], [ 87472.431400000001304, 449564.3727 ], [ 87466.244399999995949, 449568.0796 ], [ 87458.80439999999362, 449572.114599999971688 ], [ 87453.806400000001304, 449574.76659999997355 ], [ 87446.451400000005378, 449577.996600000013132 ], [ 87439.118400000006659, 449581.5686 ], [ 87429.752399999997579, 449586.344600000011269 ], [ 87420.790399999998044, 449591.093600000021979 ], [ 87407.576400000005378, 449598.256600000022445 ], [ 87396.682400000005146, 449603.9426 ], [ 87388.776400000002468, 449608.142600000021048 ], [ 87380.7604, 449612.28159999998752 ], [ 87373.044399999998859, 449616.148600000014994 ], [ 87365.762400000006892, 449620.4926 ], [ 87361.530299999998533, 449622.602499999979045 ], [ 87358.722399999998743, 449623.989699999976438 ], [ 87349.247399999992922, 449628.727699999988545 ], [ 87345.432400000005146, 449630.837699999974575 ], [ 87343.316399999996065, 449632.007600000011735 ], [ 87334.57839999999851, 449636.42359999998007 ], [ 87321.865399999995134, 449643.402599999972153 ], [ 87312.286399999997229, 449648.5096 ], [ 87307.974400000006426, 449650.458600000012666 ], [ 87304.149399999994785, 449653.273700000019744 ], [ 87294.750400000004447, 449658.330599999986589 ], [ 87287.102400000003399, 449662.300600000016857 ], [ 87281.7494, 449665.571600000024773 ], [ 87281.121400000003632, 449666.1016 ], [ 87279.95339999999851, 449666.957600000023376 ], [ 87273.367400000002817, 449669.7586 ], [ 87264.422399999995832, 449673.722599999979138 ], [ 87256.4654, 449678.575599999981932 ], [ 87248.899399999994785, 449683.679599999974016 ], [ 87242.508400000006077, 449686.7437 ], [ 87237.913400000004913, 449689.566700000024866 ], [ 87230.281400000007125, 449693.543699999980163 ], [ 87223.042400000005728, 449696.662599999981467 ], [ 87220.8174, 449697.621700000017881 ], [ 87217.5334, 449698.555700000026263 ], [ 87211.470400000005611, 449701.110700000019278 ], [ 87202.784400000004098, 449705.6827 ], [ 87195.547399999995832, 449709.919600000022911 ], [ 87189.242400000002817, 449713.3946 ], [ 87183.697400000004563, 449717.364599999971688 ], [ 87177.113400000002002, 449721.496600000013132 ], [ 87171.507400000002235, 449723.993599999987055 ], [ 87159.884399999995367, 449728.6276 ], [ 87148.197400000004563, 449733.9436 ], [ 87135.593399999997928, 449739.831599999975879 ], [ 87125.091400000004796, 449745.1996 ], [ 87112.038400000004913, 449752.659600000013597 ], [ 87101.9044, 449758.771599999978207 ], [ 87083.122399999992922, 449768.272600000025705 ], [ 87055.4384, 449781.879599999985658 ], [ 87029.133400000006077, 449794.7146 ], [ 87003.666400000001886, 449807.000600000028498 ], [ 86999.9764, 449809.127700000011828 ], [ 86991.175399999992806, 449814.200599999981932 ], [ 86980.305399999997462, 449820.331599999975879 ], [ 86968.89440000000468, 449826.398600000014994 ], [ 86956.390400000003865, 449833.7256 ], [ 86948.926399999996647, 449837.461599999980535 ], [ 86944.141399999993155, 449839.9447 ], [ 86938.375400000004447, 449842.463700000022072 ], [ 86932.734400000001187, 449844.533700000029057 ], [ 86929.053400000004331, 449846.190599999972619 ], [ 86922.794399999998859, 449849.6766 ], [ 86919.204400000002352, 449851.7596 ], [ 86918.827399999994668, 449851.940599999972619 ], [ 86916.065400000006775, 449853.262600000016391 ], [ 86911.728400000007241, 449853.939599999983329 ], [ 86904.146399999997811, 449855.178599999984726 ], [ 86895.39440000000468, 449857.2146 ], [ 86890.963399999993271, 449858.371600000013132 ], [ 86888.414399999994203, 449858.6776 ], [ 86884.96940000000177, 449857.8996 ], [ 86877.486399999994319, 449855.663699999975506 ], [ 86873.481400000004214, 449854.466599999985192 ], [ 86865.739400000005844, 449852.659600000013597 ], [ 86861.376399999993737, 449851.222599999979138 ], [ 86857.774399999994785, 449849.418599999975413 ], [ 86841.628700000001118, 449879.1409 ], [ 86841.615000000005239, 449879.212999999988824 ], [ 86836.777000000001863, 449888.12 ], [ 86837.225000000005821, 449890.202 ], [ 86835.5, 449892.847 ], [ 86834.082999999998719, 449891.939000000013039 ], [ 86831.649000000004889, 449895.386999999987893 ], [ 86828.532999999995809, 449899.315 ], [ 86820.687999999994645, 449910.26400000002468 ], [ 86817.532000000006519, 449915.62400000001071 ], [ 86812.509000000005472, 449923.451 ], [ 86812.486000000004424, 449923.496999999973923 ], [ 86811.502999999996973, 449925.438000000023749 ], [ 86809.252999999996973, 449928.25099999998929 ], [ 86807.865000000005239, 449929.98599999997532 ], [ 86805.865999999994528, 449931.202999999979511 ], [ 86802.581999999994878, 449934.191999999980908 ], [ 86795.688999999998487, 449942.292000000015832 ], [ 86793.025999999998021, 449945.693000000028405 ], [ 86788.654999999998836, 449951.273999999975786 ], [ 86783.486000000004424, 449959.384000000020023 ], [ 86777.040999999997439, 449969.352000000013504 ], [ 86774.368000000002212, 449973.952 ], [ 86772.743000000002212, 449976.74800000002142 ], [ 86764.702000000004773, 449992.482000000018161 ], [ 86762.369000000006054, 449995.723999999987427 ], [ 86760.459000000002561, 449998.418 ], [ 86758.39100000000326, 450001.336000000010245 ], [ 86755.81600000000617, 450006.210000000020955 ], [ 86755.466, 450006.783 ], [ 86742.186000000001513, 450028.544 ], [ 86731.782000000006519, 450045.957999999984168 ], [ 86731.538, 450046.367000000027474 ], [ 86723.432, 450060.381999999983236 ], [ 86717.434999999997672, 450071.503000000026077 ], [ 86717.131999999997788, 450072.939000000013039 ], [ 86714.243000000002212, 450077.827 ], [ 86711.885999999998603, 450080.685 ], [ 86711.32499999999709, 450081.365999999979977 ], [ 86707.168999999994412, 450086.03000000002794 ], [ 86699.568, 450097.358 ], [ 86695.573000000003958, 450103.59499999997206 ], [ 86690.773000000001048, 450109.902 ], [ 86684.99199999999837, 450117.642 ], [ 86682.156000000002678, 450120.865999999979977 ], [ 86676.976999999998952, 450126.857000000018161 ], [ 86676.770999999993364, 450127.09499999997206 ], [ 86675.729999999995925, 450128.700000000011642 ], [ 86669.462, 450138.367000000027474 ], [ 86664.778999999994994, 450145.669 ], [ 86662.046000000002095, 450150.213999999978114 ], [ 86659.880000000004657, 450153.815 ], [ 86657.630999999993946, 450156.875 ], [ 86651.38300000000163, 450164.467 ], [ 86650.576, 450165.449000000022352 ], [ 86646.297999999995227, 450171.550999999977648 ], [ 86645.167000000001281, 450173.164999999979045 ], [ 86640.127999999996973, 450181.081 ], [ 86640.076, 450181.150000000023283 ], [ 86636.873999999996158, 450185.424999999988358 ], [ 86634.165999999997439, 450189.041000000026543 ], [ 86632.622000000003027, 450190.99800000002142 ], [ 86629.080000000001746, 450195.488000000012107 ], [ 86624.414000000004307, 450201.804 ], [ 86621.615999999994528, 450206.961000000010245 ], [ 86619.952000000004773, 450210.316 ], [ 86615.161999999996624, 450217.40500000002794 ], [ 86614.789999999993597, 450217.923 ], [ 86611.054000000003725, 450223.12300000002142 ], [ 86609.659, 450225.24 ], [ 86607.561000000001513, 450228.424 ], [ 86607.331000000005588, 450228.772999999986496 ], [ 86605.029999999998836, 450232.262999999977183 ], [ 86602.688999999998487, 450235.811999999976251 ], [ 86594.621, 450248.048 ], [ 86587.19199999999546, 450259.580000000016298 ], [ 86585.976999999998952, 450261.465000000025611 ], [ 86575.587, 450276.212999999988824 ], [ 86566.762000000002445, 450288.348 ], [ 86565.652000000001863, 450289.875 ], [ 86559.884000000005472, 450297.441 ], [ 86548.894, 450313.245 ], [ 86543.736999999993714, 450320.661000000021886 ], [ 86537.928, 450328.76500000001397 ], [ 86534.085999999995693, 450335.172000000020489 ], [ 86531.073999999993248, 450340.086000000010245 ], [ 86530.907000000006519, 450340.456 ], [ 86530.523000000001048, 450341.309 ], [ 86529.857000000003609, 450342.402 ], [ 86528.44199999999546, 450343.87699999997858 ], [ 86524.555999999996857, 450348.596000000019558 ], [ 86519.388999999995576, 450355.429 ], [ 86511.149999999994179, 450367.511999999987893 ], [ 86504.205000000001746, 450377.193000000028405 ], [ 86493.467000000004191, 450392.163 ], [ 86488.013999999995576, 450399.821 ], [ 86487.998000000006869, 450399.843999999982771 ], [ 86471.607000000003609, 450424.452999999979511 ], [ 86465.853000000002794, 450433.092 ], [ 86464.736000000004424, 450435.017999999981839 ], [ 86459.475999999995111, 450444.087999999988824 ], [ 86455.584000000002561, 450450.799999999988358 ], [ 86454.327000000004773, 450452.686999999976251 ], [ 86452.085999999995693, 450456.050999999977648 ], [ 86441.637000000002445, 450471.737000000022817 ], [ 86437.005999999993946, 450478.689000000013039 ], [ 86432.843999999997322, 450484.457999999984168 ], [ 86428.709000000002561, 450481.445 ], [ 86425.081000000005588, 450478.802000000025146 ], [ 86421.621, 450483.63900000002468 ], [ 86415.203999999997905, 450492.612000000022817 ], [ 86410.710000000006403, 450498.897 ], [ 86408.529999999998836, 450502.037000000011176 ], [ 86406.364000000001397, 450505.158 ], [ 86404.702999999994063, 450507.552000000025146 ], [ 86397.377999999996973, 450502.495999999984633 ], [ 86368.377999999996973, 450482.48499999998603 ], [ 86365.956000000005588, 450480.813000000023749 ], [ 86366.217000000004191, 450484.336000000010245 ], [ 86358.559399999998277, 450485.6313 ], [ 86372.915699999997742, 450550.875 ], [ 86383.1348, 450606.0307 ], [ 86388.779299999994691, 450617.041399999987334 ], [ 86386.421000000002095, 450616.24800000002142 ], [ 86386.425399999992806, 450616.254100000020117 ], [ 86388.274000000004889, 450618.781000000017229 ], [ 86388.621, 450621.291000000026543 ], [ 86386.667700000005425, 450628.17249999998603 ], [ 86657.474900000001071, 450812.788899999985006 ], [ 86779.253899999996065, 450895.8088 ], [ 86808.271999999997206, 450871.060799999977462 ], [ 86808.28179999999702, 450871.052399999985937 ], [ 86822.26589999999851, 450859.1262 ], [ 86844.172000000005937, 450840.4436 ], [ 86911.159199999994598, 450776.755500000028405 ], [ 86994.693299999998999, 450698.389199999975972 ], [ 87079.113200000007055, 450621.769299999985378 ], [ 87109.371199999994133, 450591.548799999989569 ], [ 87135.251199999998789, 450567.157200000016019 ], [ 87158.342099999994389, 450545.0587 ], [ 87178.079899999996996, 450528.399800000013784 ], [ 87197.964399999997113, 450515.001600000017788 ], [ 87226.873600000006263, 450497.8918999999878 ], [ 87324.356100000004517, 450442.881500000017695 ], [ 87403.504100000005565, 450399.972699999983888 ], [ 87486.933600000003935, 450356.500500000023749 ], [ 87509.861999999993714, 450367.059599999978673 ], [ 87509.861999999993714, 450384.5967 ], [ 87512.44100000000617, 450398.5232 ], [ 87540.809800000002724, 450425.8604 ], [ 87591.873600000006263, 450466.6083000000217 ], [ 87625.400299999993877, 450492.3981 ], [ 87671.822, 450509.9351 ], [ 87743.517600000006496, 450550.167200000025332 ], [ 87758.475699999995413, 450558.935799999977462 ], [ 87804.897400000001653, 450598.136300000012852 ], [ 87843.5821, 450627.5366 ], [ 87874.529800000003888, 450666.221299999975599 ], [ 87919.4041, 450705.42180000001099 ], [ 87935.596900000004098, 450716.602599999983795 ], [ 87962.731, 450735.337999999988824 ], [ 88116.953999999997905, 450843.139399999985471 ], [ 88296.966799999994691, 450965.383099999977276 ], [ 88370.725600000005215, 451018.51 ], [ 88439.326499999995576, 451065.9633 ], [ 88445.817899999994552, 451070.136300000012852 ], [ 88304.580300000001444, 451440.255 ], [ 88857.422399999995832, 451823.698800000012852 ], [ 88863.755099999994854, 451824.130500000028405 ], [ 88874.830100000006496, 451829.399800000013784 ], [ 88874.884399999995367, 451829.43560000002617 ], [ 88874.8903, 451829.428399999975227 ], [ 88875.7166, 451829.821500000020023 ], [ 88890.3992, 451836.656399999978021 ], [ 88903.574800000002142, 451835.60720000002766 ], [ 88919.038199999995413, 451829.115800000028685 ], [ 88926.758799999995972, 451826.509499999985565 ], [ 88935.912200000006123, 451825.572800000023562 ], [ 88951.386100000003353, 451828.949499999987893 ], [ 89057.808099999994738, 451898.504499999980908 ], [ 89057.815600000001723, 451898.509399999980815 ], [ 89068.895000000004075, 451897.468 ] ] ] ] } },
{ "type": "Feature", "properties": { "buurtcode": "BU19260232", "buurtnaam": "Oostambacht / Heronpark", "pc6_codes": "2631PE, 2631PG, 2631PK, 2631PL, 2631PM, 2631PN, 2631RE, 2631RG, 2631RH, 2631RJ, 2631RK, 2631RL, 2631RR, 2631RS, 2631RT, 2631RV, 2631XD, 2632BA, 2632BB, 2632BC, 2632BD", "wijkcode": "WK192602", "gemeentecode": "GM1926", "gemeentenaam": "Pijnacker-Nootdorp", "oppervlakteLandInHa": 60, "AantalInwoners_5": 190, "Mannen_6": 105, "Vrouwen_7": 90, "HuishoudensTotaal_29": 65, "GemiddeldeHuishoudensgrootte_33": 2.9, "Woningvoorraad_35": 65, "NieuwbouwWoningen_36": 0, "NietWoningvoorraad_37": 311, "NieuwbouwNietWoningen_38": 0, "GemiddeldeWOZWaardeVanWoningen_39": 575, "PercentageEengezinswoning_40": 91, "PercentageTussenwoningEengezins_41": 2, "PercentageHoekwoningEengezins_42": 8, "PercentageTweeOnderEenKapWoningEe_43": 23, "PercentageVrijstaandeWoningEengezins_44": 58, "PercentageMeergezinswoning_45": 9, "Koopwoningen_47": 88, "HuurwoningenTotaal_48": 12, "InBezitWoningcorporatie_49": 0, "InBezitOverigeVerhuurders_50": 12, "BouwjaarMeerDanTienJaarGeleden_51": 92, "BouwjaarAfgelopenTienJaar_52": 8, "GemiddeldeElektriciteitslevering_53": 4830, "GemiddeldeElektriciteitsteruglevering_54": 3000, "GemiddeldAardgasverbruik_55": 1220, "AardgasvrijeWoningen_57": null, "Aardgaswoningen_58": null, "WoningenMetZonnestroom_59": null, "WoningenHoofdzElektrVerwarmd_60": null, "k_20PersonenMetHoogsteInkomen_80": 31.9, "k_20HuishoudensMetHoogsteInkomen_85": null, "MediaanVermogenVanParticuliereHuish_86": null, "PersonenautoSTotaal_104": 330, "PersonenautoSBrandstofBenzine_105": 185, "PersonenautoSOverigeBrandstof_106": 145, "PersonenautoSPerHuishouden_107": null, "Omgevingsadressendichtheid_121": 1255, "AantalInstallatiesBijWoningen_5": 23, "OpgesteldVermogenVanZonnepanelen_6": 160, "installaties_per_woning": 0.35384615384615387, "vermogen_per_woning": 2.4615384615384617, "installaties_per_100_woningen": 35.384615384615387, "vermogen_per_huishouden": 2.4615384615384617, "batterijdruk_score": null, "koop_zon_score": null, "eengezins_zon_score": null, "betaalkracht_zon_score": null, "overige_brandstof_zon_score": null, "lichte_batterij_kansscore": null }, "geometry": { "type": "MultiPolygon", "coordinates": [ [ [ [ 87405.00800000000163, 452145.299999999988358 ], [ 87418.138000000006286, 452129.00099999998929 ], [ 87473.654999999998836, 452117.174999999988358 ], [ 87475.981, 452114.330000000016298 ], [ 87547.830000000001746, 452101.443000000028405 ], [ 87546.328999999997905, 452099.88 ], [ 87578.315000000002328, 452095.167000000015832 ], [ 87624.61699999999837, 452088.011999999987893 ], [ 87625.710000000006403, 452086.646 ], [ 87637.217999999993481, 452085.174 ], [ 87675.201, 452080.14000000001397 ], [ 87688.93300000000454, 452078.401000000012573 ], [ 87698.627999999996973, 452077.174 ], [ 87771.14, 452067.994 ], [ 87815.357000000003609, 452062.231000000028871 ], [ 87860.445999999996275, 452056.313000000023749 ], [ 87912.0, 452049.466000000014901 ], [ 87912.077000000004773, 452049.528999999980442 ], [ 87913.179000000003725, 452051.180999999982305 ], [ 87929.017000000007101, 452048.993000000016764 ], [ 87926.475000000005821, 452045.262999999977183 ], [ 87948.410999999992782, 452042.472 ], [ 87956.06600000000617, 452041.488000000012107 ], [ 87998.498999999996158, 452036.032 ], [ 88049.705000000001746, 452029.35999999998603 ], [ 88055.786999999996624, 452028.632999999972526 ], [ 88056.417000000001281, 452027.913999999989755 ], [ 88062.089999999996508, 452027.199000000022352 ], [ 88065.203999999997905, 452026.806999999971595 ], [ 88066.759000000005472, 452026.612000000022817 ], [ 88068.910000000003492, 452027.473999999987427 ], [ 88069.168999999994412, 452026.916000000026543 ], [ 88074.93300000000454, 452028.99900000001071 ], [ 88074.676999999996042, 452029.681999999971595 ], [ 88077.462, 452030.826 ], [ 88077.570000000006985, 452030.24800000002142 ], [ 88078.301999999996042, 452030.477000000013504 ], [ 88079.229999999995925, 452027.973 ], [ 88078.422000000005937, 452027.722 ], [ 88079.260999999998603, 452025.596000000019558 ], [ 88078.630000000004657, 452025.414999999979045 ], [ 88078.793999999994412, 452025.034999999974389 ], [ 88079.914999999993597, 452024.87699999997858 ], [ 88083.142000000007101, 452024.458999999973457 ], [ 88101.345000000001164, 452022.101000000024214 ], [ 88101.159, 452022.581 ], [ 88126.081999999994878, 452019.503000000026077 ], [ 88171.607000000003609, 452013.571999999985565 ], [ 88241.398000000001048, 452004.356000000028871 ], [ 88294.479999999995925, 451997.742000000027474 ], [ 88303.955000000001746, 451996.561999999976251 ], [ 88298.747000000003027, 451992.183000000019092 ], [ 88296.822, 451990.565 ], [ 88328.024999999994179, 451986.620999999984633 ], [ 88396.096000000005006, 451977.581 ], [ 88474.342000000004191, 451967.493000000016764 ], [ 88529.755000000004657, 451960.12300000002142 ], [ 88622.149000000004889, 451948.022 ], [ 88714.073000000003958, 451936.10999999998603 ], [ 88796.137000000002445, 451925.142 ], [ 88800.301000000006752, 451924.585000000020955 ], [ 88803.914999999993597, 451924.10999999998603 ], [ 88805.797000000005937, 451923.863000000012107 ], [ 88865.600999999995111, 451916.007999999972526 ], [ 88865.93399999999383, 451918.618000000016764 ], [ 88866.475999999995111, 451922.865999999979977 ], [ 88937.80800000000454, 451913.597 ], [ 88940.501000000003842, 451915.900000000023283 ], [ 88994.452000000004773, 451908.346000000019558 ], [ 89015.282000000006519, 451905.429 ], [ 89023.407000000006519, 451911.228 ], [ 89027.043000000005122, 451908.656000000017229 ], [ 89037.871, 451900.384000000020023 ], [ 89057.815600000001723, 451898.509399999980815 ], [ 89057.808099999994738, 451898.504499999980908 ], [ 88951.386100000003353, 451828.949499999987893 ], [ 88935.912200000006123, 451825.572800000023562 ], [ 88926.758799999995972, 451826.509499999985565 ], [ 88919.038199999995413, 451829.115800000028685 ], [ 88903.574800000002142, 451835.60720000002766 ], [ 88890.3992, 451836.656399999978021 ], [ 88875.7166, 451829.821500000020023 ], [ 88874.8903, 451829.428399999975227 ], [ 88874.884399999995367, 451829.43560000002617 ], [ 88874.830100000006496, 451829.399800000013784 ], [ 88863.755099999994854, 451824.130500000028405 ], [ 88857.422399999995832, 451823.698800000012852 ], [ 88304.580300000001444, 451440.255 ], [ 88171.5438, 451788.8824 ], [ 87615.138200000001234, 451219.433499999984633 ], [ 87504.395999999993364, 451386.275299999979325 ], [ 87500.205000000001746, 451389.722 ], [ 87496.5383, 451391.646100000012666 ], [ 87494.41710000000603, 451392.335000000020955 ], [ 87497.491399999998976, 451400.2403 ], [ 87513.9856, 451438.477000000013504 ], [ 87525.6066, 451468.466599999985192 ], [ 87530.93739999999525, 451489.8236 ], [ 87558.169399999998859, 451530.082600000023376 ], [ 87613.559399999998277, 451611.9596 ], [ 87714.872399999992922, 451761.5406 ], [ 87330.775399999998626, 451998.503900000010617 ], [ 87292.478600000002189, 452022.130500000028405 ], [ 87296.853000000002794, 452027.331 ], [ 87316.884999999994761, 452051.146 ], [ 87337.289999999993597, 452075.40500000002794 ], [ 87345.74199999999837, 452085.452999999979511 ], [ 87355.479999999995925, 452097.03000000002794 ], [ 87361.039999999993597, 452103.641 ], [ 87362.126000000003842, 452104.931999999971595 ], [ 87382.051399999996647, 452128.619599999976344 ], [ 87383.247000000003027, 452130.041000000026543 ], [ 87400.642000000007101, 452150.721000000019558 ], [ 87405.00800000000163, 452145.299999999988358 ] ] ] ] } },
{ "type": "Feature", "properties": { "buurtcode": "BU19260341", "buurtnaam": "Oud-Delfgauw", "pc6_codes": "2645AA, 2645AB, 2645AC, 2645AD, 2645AE, 2645AG, 2645AH, 2645AJ, 2645AK, 2645AL, 2645AM, 2645AN, 2645AP, 2645AR, 2645AS, 2645AT, 2645BA, 2645BB, 2645BC, 2645BD, 2645BG, 2645BN, 2645BP, 2645CA, 2645CC, 2645GE, 2645NA, 2645NB, 2645NC, 2645ND, 2645NE, 2645NG, 2645NH, 2645NJ, 2645NK, 2645NL, 2645NM, 2645NN, 2645NP, 2645NR, 2645NS, 2645NT, 2645NV, 2645NW, 2645NX", "wijkcode": "WK192603", "gemeentecode": "GM1926", "gemeentenaam": "Pijnacker-Nootdorp", "oppervlakteLandInHa": 33, "AantalInwoners_5": 2065, "Mannen_6": 1045, "Vrouwen_7": 1025, "HuishoudensTotaal_29": 920, "GemiddeldeHuishoudensgrootte_33": 2.2, "Woningvoorraad_35": 791, "NieuwbouwWoningen_36": 0, "NietWoningvoorraad_37": 48, "NieuwbouwNietWoningen_38": 0, "GemiddeldeWOZWaardeVanWoningen_39": 469, "PercentageEengezinswoning_40": 90, "PercentageTussenwoningEengezins_41": 50, "PercentageHoekwoningEengezins_42": 25, "PercentageTweeOnderEenKapWoningEe_43": 9, "PercentageVrijstaandeWoningEengezins_44": 6, "PercentageMeergezinswoning_45": 10, "Koopwoningen_47": 70, "HuurwoningenTotaal_48": 30, "InBezitWoningcorporatie_49": 18, "InBezitOverigeVerhuurders_50": 11, "BouwjaarMeerDanTienJaarGeleden_51": 95, "BouwjaarAfgelopenTienJaar_52": 5, "GemiddeldeElektriciteitslevering_53": 2650, "GemiddeldeElektriciteitsteruglevering_54": 1050, "GemiddeldAardgasverbruik_55": 860, "AardgasvrijeWoningen_57": 1, "Aardgaswoningen_58": 94, "WoningenMetZonnestroom_59": 50, "WoningenHoofdzElektrVerwarmd_60": 5, "k_20PersonenMetHoogsteInkomen_80": 24.1, "k_20HuishoudensMetHoogsteInkomen_85": 27.6, "MediaanVermogenVanParticuliereHuish_86": 244.0, "PersonenautoSTotaal_104": 855, "PersonenautoSBrandstofBenzine_105": 675, "PersonenautoSOverigeBrandstof_106": 185, "PersonenautoSPerHuishouden_107": 0.9, "Omgevingsadressendichtheid_121": 1048, "AantalInstallatiesBijWoningen_5": 318, "OpgesteldVermogenVanZonnepanelen_6": 960, "installaties_per_woning": 0.40202275600505688, "vermogen_per_woning": 1.2136536030341341, "installaties_per_100_woningen": 40.202275600505686, "vermogen_per_huishouden": 1.0434782608695652, "batterijdruk_score": 525.0, "koop_zon_score": 0.35, "eengezins_zon_score": 0.45, "betaalkracht_zon_score": 122.0, "overige_brandstof_zon_score": 92.5, "lichte_batterij_kansscore": 0.45356725615217008 }, "geometry": { "type": "MultiPolygon", "coordinates": [ [ [ [ 86960.024399999994785, 447640.137600000016391 ], [ 86967.292400000005728, 447621.593600000021979 ], [ 86971.307400000005146, 447612.370600000023842 ], [ 86981.32839999999851, 447586.1126 ], [ 86981.960399999996298, 447584.746600000013132 ], [ 86982.860400000005029, 447584.1056 ], [ 86984.274399999994785, 447583.5476 ], [ 86985.416400000001886, 447581.419600000022911 ], [ 86984.8174, 447580.488599999982398 ], [ 86984.42939999999362, 447579.718600000021979 ], [ 86984.3934, 447578.6716 ], [ 86984.641399999993155, 447577.5956 ], [ 86986.536399999997229, 447572.216599999985192 ], [ 86988.534400000004098, 447567.091599999985192 ], [ 86994.034400000004098, 447552.978599999973085 ], [ 86994.909400000004098, 447551.620600000023842 ], [ 86995.489400000005844, 447550.887600000016391 ], [ 86996.3324, 447550.468600000021979 ], [ 86997.295400000002701, 447550.2316 ], [ 86997.69539999999688, 447550.32760000001872 ], [ 86998.443400000003749, 447548.7316 ], [ 86997.912400000001071, 447547.90759999997681 ], [ 86997.5864, 447546.8346 ], [ 86997.67939999999362, 447545.020599999988917 ], [ 86997.76940000000468, 447543.504599999985658 ], [ 86998.848400000002584, 447540.184599999978673 ], [ 87006.091400000004796, 447521.042599999986123 ], [ 87010.39440000000468, 447509.7966 ], [ 87017.021399999997811, 447491.836599999980535 ], [ 87017.530400000003283, 447490.722599999979138 ], [ 87018.096399999994901, 447489.955599999986589 ], [ 87019.122399999992922, 447489.4166 ], [ 87019.876399999993737, 447489.1546 ], [ 87020.421400000006543, 447488.869599999976344 ], [ 87021.292400000005728, 447487.021599999978207 ], [ 87020.755399999994552, 447486.358599999977741 ], [ 87020.410399999993388, 447485.549600000027567 ], [ 87020.387400000006892, 447484.7526 ], [ 87020.4954, 447483.7596 ], [ 87020.6924, 447482.746600000013132 ], [ 87021.199399999997695, 447481.277599999972153 ], [ 87022.9464, 447477.283600000024308 ], [ 87032.236399999994319, 447454.857599999988452 ], [ 87035.560400000002119, 447446.669600000022911 ], [ 87044.026400000002468, 447424.832600000023376 ], [ 87050.641399999993155, 447408.471599999989849 ], [ 87060.479399999996531, 447383.832600000023376 ], [ 87063.838699999992969, 447373.9855 ], [ 87197.970199999996112, 447430.0097 ], [ 87199.288400000004913, 447426.482599999988452 ], [ 87203.335500000001048, 447415.653999999980442 ], [ 87229.580100000006496, 447425.991800000017975 ], [ 87231.856400000004214, 447427.119599999976344 ], [ 87285.467399999994086, 447449.2146 ], [ 87327.024399999994785, 447465.8175 ], [ 87401.1097, 447259.055899999977555 ], [ 87446.126399999993737, 447267.1677 ], [ 87468.493400000006659, 447204.676700000010896 ], [ 87480.8744, 447170.0847 ], [ 87491.262400000006892, 447141.0637 ], [ 87478.375400000004447, 447136.398700000019744 ], [ 87423.771399999997811, 447116.609699999971781 ], [ 87333.596399999994901, 447083.708700000017416 ], [ 87328.774399999994785, 447083.164600000018254 ], [ 87266.160399999993388, 447060.9326 ], [ 87217.610400000005029, 447043.6716 ], [ 87171.513399999996182, 447027.3836 ], [ 87148.3514, 447018.974600000015926 ], [ 87099.606400000004214, 447001.5676 ], [ 87075.612399999998161, 446992.843600000021979 ], [ 87051.846399999994901, 446983.624399999971502 ], [ 87048.998399999996764, 446982.5196 ], [ 87044.02719999999681, 446980.7232 ], [ 86966.729500000001281, 447181.9509 ], [ 86954.630399999994552, 447177.620600000023842 ], [ 86926.684399999998277, 447167.592599999974482 ], [ 86917.290399999998044, 447164.221599999989849 ], [ 86908.815400000006775, 447161.180600000021514 ], [ 86900.341400000004796, 447158.1396 ], [ 86891.867400000002817, 447155.099600000015926 ], [ 86883.392399999996996, 447152.058599999989383 ], [ 86872.829400000002352, 447148.268600000010338 ], [ 86862.280400000003283, 447144.483599999977741 ], [ 86853.807400000005146, 447141.4436 ], [ 86845.3324, 447138.402599999972153 ], [ 86836.901400000002468, 447135.249599999981001 ], [ 86828.478400000007241, 447132.075599999981932 ], [ 86817.982399999993504, 447128.224600000015926 ], [ 86807.350399999995716, 447124.458600000012666 ], [ 86798.863400000002002, 447121.45260000001872 ], [ 86790.372399999992922, 447118.445599999977276 ], [ 86781.883400000006077, 447115.4386 ], [ 86773.4234, 447112.4426 ], [ 86763.448399999993853, 447108.9106 ], [ 86756.508400000006077, 447128.506600000022445 ], [ 86749.481400000004214, 447125.978599999973085 ], [ 86748.626399999993737, 447123.228599999973085 ], [ 86747.025399999998626, 447122.640599999984261 ], [ 86703.781400000007125, 447107.0306 ], [ 86698.38640000000305, 447122.0786 ], [ 86677.912400000001071, 447114.7376 ], [ 86678.1054, 447114.181600000010803 ], [ 86655.776400000002468, 447106.227599999983795 ], [ 86645.757400000002235, 447134.4266 ], [ 86643.068, 447141.3798 ], [ 86466.607300000003306, 447077.748499999986961 ], [ 86462.126999999993131, 447089.739 ], [ 86461.982999999992899, 447090.12400000001071 ], [ 86457.892999999996391, 447101.07 ], [ 86457.349000000001979, 447102.523999999975786 ], [ 86456.535000000003492, 447104.702999999979511 ], [ 86456.087, 447105.903 ], [ 86452.909, 447114.407 ], [ 86450.43300000000454, 447121.033999999985099 ], [ 86447.369999999995343, 447129.232000000018161 ], [ 86446.035000000003492, 447132.805 ], [ 86444.304000000003725, 447137.438000000023749 ], [ 86441.237999999997555, 447145.643999999971129 ], [ 86439.547999999995227, 447150.168 ], [ 86438.160000000003492, 447153.881999999983236 ], [ 86438.089000000007218, 447154.071999999985565 ], [ 86435.535000000003492, 447160.907 ], [ 86431.6731, 447171.245 ], [ 86455.968999999997322, 447181.995999999984633 ], [ 86436.561000000001513, 447226.104999999981374 ], [ 86422.44100000000617, 447258.195 ], [ 86422.414999999993597, 447258.254000000015367 ], [ 86423.281000000002678, 447258.62400000001071 ], [ 86469.085000000006403, 447278.202999999979511 ], [ 86470.922999999995227, 447278.989 ], [ 86485.478000000002794, 447285.211000000010245 ], [ 86485.505000000004657, 447285.223 ], [ 86493.752999999996973, 447288.821 ], [ 86502.001999999993131, 447292.419 ], [ 86510.254, 447296.018999999971129 ], [ 86518.501000000003842, 447299.617000000027474 ], [ 86526.75, 447303.216000000014901 ], [ 86534.998999999996158, 447306.815 ], [ 86540.025999999998021, 447309.007999999972526 ], [ 86543.25, 447310.413999999989755 ], [ 86548.350000000005821, 447312.63900000002468 ], [ 86551.5, 447314.007999999972526 ], [ 86559.755000000004657, 447317.59499999997206 ], [ 86568.00800000000163, 447321.180999999982305 ], [ 86576.263000000006286, 447324.767999999981839 ], [ 86584.517999999996391, 447328.354999999981374 ], [ 86592.771999999997206, 447331.941 ], [ 86601.025999999998021, 447335.528 ], [ 86604.580000000001746, 447337.071999999985565 ], [ 86606.892999999996391, 447338.093999999982771 ], [ 86609.270000000004075, 447339.145000000018626 ], [ 86617.5, 447342.783999999985099 ], [ 86625.732999999992899, 447346.424 ], [ 86633.964000000007218, 447350.063000000023749 ], [ 86642.195000000006985, 447353.702 ], [ 86643.400999999998021, 447354.23499999998603 ], [ 86652.019, 447357.674 ], [ 86653.322, 447358.194000000017695 ], [ 86683.5, 447370.237000000022817 ], [ 86702.520000000004075, 447377.674 ], [ 86721.505000000004657, 447384.581 ], [ 86740.160999999992782, 447392.104999999981374 ], [ 86791.369999999995343, 447418.488000000012107 ], [ 86791.554999999993015, 447428.332 ], [ 86801.471000000005006, 447432.840000000025611 ], [ 86809.118000000002212, 447436.316999999980908 ], [ 86815.909, 447439.544999999983702 ], [ 86821.538, 447441.90500000002794 ], [ 86826.231, 447443.87300000002142 ], [ 86848.782000000006519, 447453.587999999988824 ], [ 86848.64, 447454.004000000015367 ], [ 86846.702000000004773, 447459.678000000014435 ], [ 86843.89100000000326, 447467.800999999977648 ], [ 86841.915999999997439, 447473.577999999979511 ], [ 86841.637000000002445, 447474.393999999971129 ], [ 86840.917000000001281, 447476.5 ], [ 86836.206999999994878, 447487.791000000026543 ], [ 86835.955000000001746, 447488.396 ], [ 86833.339000000007218, 447494.37599999998929 ], [ 86832.777000000001863, 447495.625 ], [ 86831.142000000007101, 447499.261 ], [ 86830.998999999996158, 447499.587 ], [ 86828.36699999999837, 447505.587999999988824 ], [ 86823.642000000007101, 447515.153 ], [ 86818.361000000004424, 447526.163999999989755 ], [ 86817.481, 447527.988000000012107 ], [ 86815.614000000001397, 447531.854999999981374 ], [ 86811.731, 447539.506 ], [ 86811.271999999997206, 447540.814000000013039 ], [ 86804.706000000005588, 447559.526000000012573 ], [ 86801.964000000007218, 447567.856000000028871 ], [ 86790.998000000006869, 447596.120999999984633 ], [ 86788.339999999996508, 447602.761 ], [ 86783.900999999998021, 447613.851000000024214 ], [ 86782.702000000004773, 447616.846000000019558 ], [ 86776.244000000006054, 447637.566 ], [ 86775.549, 447639.797000000020489 ], [ 86769.435599999997066, 447656.510200000018813 ], [ 86811.575100000001839, 447675.748499999986961 ], [ 86837.217499999998836, 447687.45529999997234 ], [ 86924.991800000003423, 447727.527599999972153 ], [ 86960.024399999994785, 447640.137600000016391 ] ] ] ] } },
{ "type": "Feature", "properties": { "buurtcode": "BU19260342", "buurtnaam": "Emerald Noord", "pc6_codes": "2645BA, 2645BG, 2645GA, 2645GB, 2645GC, 2645GD, 2645GE, 2645GG, 2645GH, 2645GJ, 2645GK, 2645GL, 2645GM, 2645GN, 2645GP, 2645GR, 2645GS, 2645HJ, 2645HK", "wijkcode": "WK192603", "gemeentecode": "GM1926", "gemeentenaam": "Pijnacker-Nootdorp", "oppervlakteLandInHa": 21, "AantalInwoners_5": 1390, "Mannen_6": 690, "Vrouwen_7": 700, "HuishoudensTotaal_29": 600, "GemiddeldeHuishoudensgrootte_33": 2.3, "Woningvoorraad_35": 591, "NieuwbouwWoningen_36": 0, "NietWoningvoorraad_37": 0, "NieuwbouwNietWoningen_38": 0, "GemiddeldeWOZWaardeVanWoningen_39": 497, "PercentageEengezinswoning_40": 71, "PercentageTussenwoningEengezins_41": 51, "PercentageHoekwoningEengezins_42": 14, "PercentageTweeOnderEenKapWoningEe_43": 4, "PercentageVrijstaandeWoningEengezins_44": 3, "PercentageMeergezinswoning_45": 29, "Koopwoningen_47": 84, "HuurwoningenTotaal_48": 16, "InBezitWoningcorporatie_49": 14, "InBezitOverigeVerhuurders_50": 3, "BouwjaarMeerDanTienJaarGeleden_51": 99, "BouwjaarAfgelopenTienJaar_52": 1, "GemiddeldeElektriciteitslevering_53": 2520, "GemiddeldeElektriciteitsteruglevering_54": 790, "GemiddeldAardgasverbruik_55": 680, "AardgasvrijeWoningen_57": 1, "Aardgaswoningen_58": 94, "WoningenMetZonnestroom_59": 38, "WoningenHoofdzElektrVerwarmd_60": 6, "k_20PersonenMetHoogsteInkomen_80": 31.6, "k_20HuishoudensMetHoogsteInkomen_85": 38.1, "MediaanVermogenVanParticuliereHuish_86": 417.5, "PersonenautoSTotaal_104": 655, "PersonenautoSBrandstofBenzine_105": 505, "PersonenautoSOverigeBrandstof_106": 150, "PersonenautoSPerHuishouden_107": 1.1, "Omgevingsadressendichtheid_121": 1599, "AantalInstallatiesBijWoningen_5": 175, "OpgesteldVermogenVanZonnepanelen_6": 611, "installaties_per_woning": 0.29610829103214892, "vermogen_per_woning": 1.0338409475465313, "installaties_per_100_woningen": 29.610829103214893, "vermogen_per_huishouden": 1.0183333333333333, "batterijdruk_score": 300.2, "koop_zon_score": 0.3192, "eengezins_zon_score": 0.2698, "betaalkracht_zon_score": 158.65, "overige_brandstof_zon_score": 57.0, "lichte_batterij_kansscore": 0.4114460924068335 }, "geometry": { "type": "MultiPolygon", "coordinates": [ [ [ [ 87044.02719999999681, 446980.7232 ], [ 87055.05800000000454, 446952.006899999978486 ], [ 87149.555099999997765, 446720.364500000025146 ], [ 87195.4767, 446608.726199999975506 ], [ 87222.31260000000475, 446532.53159999998752 ], [ 87242.875700000004144, 446477.8372 ], [ 87245.756999999997788, 446470.990999999979977 ], [ 87186.917799999995623, 446449.3246 ], [ 87161.446599999995669, 446500.5197 ], [ 87104.214099999997416, 446587.3174 ], [ 87075.801900000005844, 446636.3654 ], [ 87018.063699999998789, 446706.5639 ], [ 86980.043399999995017, 446679.3494 ], [ 86961.474600000001374, 446703.303399999975227 ], [ 86888.8805, 446787.182199999981094 ], [ 86811.1362999999983, 446846.743299999972805 ], [ 86732.944099999993341, 446887.402899999986403 ], [ 86560.111600000003818, 446825.25079999997979 ], [ 86406.782600000005914, 446945.848899999982677 ], [ 86403.962, 446956.109 ], [ 86402.517999999996391, 446960.548 ], [ 86402.56699999999546, 446960.695 ], [ 86418.137000000002445, 447007.018999999971129 ], [ 86426.163, 447030.897 ], [ 86426.648000000001048, 447032.340000000025611 ], [ 86418.417000000001281, 447057.802000000025146 ], [ 86418.19199999999546, 447058.49900000001071 ], [ 86417.513000000006286, 447060.599999999976717 ], [ 86418.157999999995809, 447060.825000000011642 ], [ 86466.60899999999674, 447077.744 ], [ 86466.607300000003306, 447077.748499999986961 ], [ 86643.068, 447141.3798 ], [ 86645.757400000002235, 447134.4266 ], [ 86655.776400000002468, 447106.227599999983795 ], [ 86678.1054, 447114.181600000010803 ], [ 86677.912400000001071, 447114.7376 ], [ 86698.38640000000305, 447122.0786 ], [ 86703.781400000007125, 447107.0306 ], [ 86747.025399999998626, 447122.640599999984261 ], [ 86748.626399999993737, 447123.228599999973085 ], [ 86749.481400000004214, 447125.978599999973085 ], [ 86756.508400000006077, 447128.506600000022445 ], [ 86763.448399999993853, 447108.9106 ], [ 86773.4234, 447112.4426 ], [ 86781.883400000006077, 447115.4386 ], [ 86790.372399999992922, 447118.445599999977276 ], [ 86798.863400000002002, 447121.45260000001872 ], [ 86807.350399999995716, 447124.458600000012666 ], [ 86817.982399999993504, 447128.224600000015926 ], [ 86828.478400000007241, 447132.075599999981932 ], [ 86836.901400000002468, 447135.249599999981001 ], [ 86845.3324, 447138.402599999972153 ], [ 86853.807400000005146, 447141.4436 ], [ 86862.280400000003283, 447144.483599999977741 ], [ 86872.829400000002352, 447148.268600000010338 ], [ 86883.392399999996996, 447152.058599999989383 ], [ 86891.867400000002817, 447155.099600000015926 ], [ 86900.341400000004796, 447158.1396 ], [ 86908.815400000006775, 447161.180600000021514 ], [ 86917.290399999998044, 447164.221599999989849 ], [ 86926.684399999998277, 447167.592599999974482 ], [ 86954.630399999994552, 447177.620600000023842 ], [ 86966.729500000001281, 447181.9509 ], [ 87044.02719999999681, 446980.7232 ] ] ] ] } },
{ "type": "Feature", "properties": { "buurtcode": "BU19260343", "buurtnaam": "Emerald Centrum", "pc6_codes": "2645BR, 2645EX, 2645EZ, 2645GT, 2645GV, 2645GX, 2645GZ, 2645HA, 2645HB, 2645HC, 2645HD, 2645HE, 2645HH, 2645HV, 2645HW, 2645HX, 2645HZ, 2645JA, 2645JB, 2645JC, 2645JD, 2645JE, 2645JG, 2645JH, 2645JJ, 2645JK, 2645JL, 2645JM, 2645JN, 2645JP, 2645JS, 2645JT, 2645JV, 2645JW, 2645JX, 2645KA, 2645KB, 2645KC, 2645KD, 2645KE, 2645KG, 2645KH, 2645KJ, 2645KK, 2645KL, 2645KM, 2645KN, 2645MH, 2645MJ", "wijkcode": "WK192603", "gemeentecode": "GM1926", "gemeentenaam": "Pijnacker-Nootdorp", "oppervlakteLandInHa": 40, "AantalInwoners_5": 3105, "Mannen_6": 1590, "Vrouwen_7": 1515, "HuishoudensTotaal_29": 1215, "GemiddeldeHuishoudensgrootte_33": 2.6, "Woningvoorraad_35": 1156, "NieuwbouwWoningen_36": 0, "NietWoningvoorraad_37": 40, "NieuwbouwNietWoningen_38": 0, "GemiddeldeWOZWaardeVanWoningen_39": 459, "PercentageEengezinswoning_40": 78, "PercentageTussenwoningEengezins_41": 63, "PercentageHoekwoningEengezins_42": 14, "PercentageTweeOnderEenKapWoningEe_43": 0, "PercentageVrijstaandeWoningEengezins_44": 1, "PercentageMeergezinswoning_45": 22, "Koopwoningen_47": 74, "HuurwoningenTotaal_48": 26, "InBezitWoningcorporatie_49": 24, "InBezitOverigeVerhuurders_50": 3, "BouwjaarMeerDanTienJaarGeleden_51": 100, "BouwjaarAfgelopenTienJaar_52": 0, "GemiddeldeElektriciteitslevering_53": 2610, "GemiddeldeElektriciteitsteruglevering_54": 850, "GemiddeldAardgasverbruik_55": 670, "AardgasvrijeWoningen_57": 1, "Aardgaswoningen_58": 95, "WoningenMetZonnestroom_59": 46, "WoningenHoofdzElektrVerwarmd_60": 5, "k_20PersonenMetHoogsteInkomen_80": 31.8, "k_20HuishoudensMetHoogsteInkomen_85": 44.2, "MediaanVermogenVanParticuliereHuish_86": 318.9, "PersonenautoSTotaal_104": 1285, "PersonenautoSBrandstofBenzine_105": 1005, "PersonenautoSOverigeBrandstof_106": 280, "PersonenautoSPerHuishouden_107": 1.1, "Omgevingsadressendichtheid_121": 1682, "AantalInstallatiesBijWoningen_5": 425, "OpgesteldVermogenVanZonnepanelen_6": 1448, "installaties_per_woning": 0.36764705882352944, "vermogen_per_woning": 1.2525951557093427, "installaties_per_100_woningen": 36.764705882352942, "vermogen_per_huishouden": 1.1917695473251029, "batterijdruk_score": 391.0, "koop_zon_score": 0.3404, "eengezins_zon_score": 0.3588, "betaalkracht_zon_score": 146.694, "overige_brandstof_zon_score": 128.8, "lichte_batterij_kansscore": 0.42547147446485772 }, "geometry": { "type": "MultiPolygon", "coordinates": [ [ [ [ 86560.111600000003818, 446825.25079999997979 ], [ 86732.944099999993341, 446887.402899999986403 ], [ 86811.1362999999983, 446846.743299999972805 ], [ 86888.8805, 446787.182199999981094 ], [ 86961.474600000001374, 446703.303399999975227 ], [ 86980.043399999995017, 446679.3494 ], [ 87018.063699999998789, 446706.5639 ], [ 87075.801900000005844, 446636.3654 ], [ 87104.214099999997416, 446587.3174 ], [ 87161.446599999995669, 446500.5197 ], [ 87186.917799999995623, 446449.3246 ], [ 87135.549799999993411, 446430.760200000018813 ], [ 87066.655400000003283, 446422.123299999977462 ], [ 86975.5104, 446400.489200000010896 ], [ 86955.17609999999695, 446393.7598 ], [ 86938.266399999993155, 446388.268099999986589 ], [ 86726.912200000006123, 446309.716299999970943 ], [ 86393.674199999994016, 446182.461399999971036 ], [ 86393.063999999998487, 446184.886 ], [ 86391.232000000003609, 446192.161000000021886 ], [ 86376.095000000001164, 446252.283 ], [ 86365.593999999997322, 446296.635 ], [ 86328.118000000002212, 446444.118000000016764 ], [ 86297.482000000003609, 446567.21999999997206 ], [ 86278.130999999993946, 446644.974999999976717 ], [ 86278.032999999995809, 446645.369 ], [ 86274.020999999993364, 446661.490999999979977 ], [ 86248.528999999994994, 446747.421099999977741 ], [ 86255.850000000005821, 446750.017 ], [ 86261.994999999995343, 446752.196 ], [ 86266.308300000004238, 446753.7254 ], [ 86270.019, 446755.041000000026543 ], [ 86350.093999999997322, 446783.433000000019092 ], [ 86356.527000000001863, 446785.713999999978114 ], [ 86376.05899999999383, 446792.64000000001397 ], [ 86427.60899999999674, 446810.919 ], [ 86428.065000000002328, 446811.081 ], [ 86435.356, 446813.666000000026543 ], [ 86437.660999999992782, 446818.066 ], [ 86434.032000000006519, 446827.968999999982771 ], [ 86431.462, 446835.216000000014901 ], [ 86428.918999999994412, 446842.387999999977183 ], [ 86421.232000000003609, 446864.065 ], [ 86431.357999999992899, 446867.653 ], [ 86430.373999999996158, 446870.773999999975786 ], [ 86407.39100000000326, 446943.636 ], [ 86406.782600000005914, 446945.848899999982677 ], [ 86560.111600000003818, 446825.25079999997979 ] ] ] ] } },
{ "type": "Feature", "properties": { "buurtcode": "BU19260344", "buurtnaam": "Emerald Zuid", "pc6_codes": "2645BH, 2645BT, 2645GW, 2645KP, 2645KR, 2645KS, 2645KT, 2645KV, 2645KW, 2645KX, 2645KZ, 2645LA, 2645LB, 2645LC, 2645LD, 2645LE, 2645LG, 2645LH, 2645LJ, 2645LK, 2645LL, 2645LM, 2645LN, 2645LP, 2645LR, 2645LS, 2645LT, 2645LV, 2645LW, 2645LX, 2645LZ, 2645MA, 2645MB, 2645MC, 2645MD, 2645ME, 2645MG", "wijkcode": "WK192603", "gemeentecode": "GM1926", "gemeentenaam": "Pijnacker-Nootdorp", "oppervlakteLandInHa": 35, "AantalInwoners_5": 1910, "Mannen_6": 1000, "Vrouwen_7": 910, "HuishoudensTotaal_29": 725, "GemiddeldeHuishoudensgrootte_33": 2.6, "Woningvoorraad_35": 720, "NieuwbouwWoningen_36": 0, "NietWoningvoorraad_37": 103, "NieuwbouwNietWoningen_38": 0, "GemiddeldeWOZWaardeVanWoningen_39": 492, "PercentageEengezinswoning_40": 65, "PercentageTussenwoningEengezins_41": 45, "PercentageHoekwoningEengezins_42": 8, "PercentageTweeOnderEenKapWoningEe_43": 8, "PercentageVrijstaandeWoningEengezins_44": 4, "PercentageMeergezinswoning_45": 35, "Koopwoningen_47": 70, "HuurwoningenTotaal_48": 30, "InBezitWoningcorporatie_49": 26, "InBezitOverigeVerhuurders_50": 4, "BouwjaarMeerDanTienJaarGeleden_51": 100, "BouwjaarAfgelopenTienJaar_52": 0, "GemiddeldeElektriciteitslevering_53": 2820, "GemiddeldeElektriciteitsteruglevering_54": 1040, "GemiddeldAardgasverbruik_55": 620, "AardgasvrijeWoningen_57": 8, "Aardgaswoningen_58": 90, "WoningenMetZonnestroom_59": 46, "WoningenHoofdzElektrVerwarmd_60": 10, "k_20PersonenMetHoogsteInkomen_80": 32.2, "k_20HuishoudensMetHoogsteInkomen_85": 45.0, "MediaanVermogenVanParticuliereHuish_86": 296.6, "PersonenautoSTotaal_104": 855, "PersonenautoSBrandstofBenzine_105": 675, "PersonenautoSOverigeBrandstof_106": 180, "PersonenautoSPerHuishouden_107": 1.2, "Omgevingsadressendichtheid_121": 1354, "AantalInstallatiesBijWoningen_5": 272, "OpgesteldVermogenVanZonnepanelen_6": 1061, "installaties_per_woning": 0.37777777777777777, "vermogen_per_woning": 1.4736111111111112, "installaties_per_100_woningen": 37.777777777777779, "vermogen_per_huishouden": 1.463448275862069, "batterijdruk_score": 478.4, "koop_zon_score": 0.322, "eengezins_zon_score": 0.299, "betaalkracht_zon_score": 136.436, "overige_brandstof_zon_score": 82.8, "lichte_batterij_kansscore": 0.39519043354332284 }, "geometry": { "type": "MultiPolygon", "coordinates": [ [ [ [ 87265.198199999998906, 446424.798100000014529 ], [ 87343.035699999993085, 446223.3493 ], [ 87389.105299999995623, 446101.679500000027474 ], [ 87046.6443, 445989.7132 ], [ 86815.102700000003097, 445922.866199999989476 ], [ 86720.054900000002817, 445910.076300000015181 ], [ 86543.21480000000156, 445894.393600000010338 ], [ 86537.742899999997462, 445897.523700000019744 ], [ 86528.759699999995064, 445900.117099999974016 ], [ 86523.8609, 445902.519199999980628 ], [ 86513.1097, 445907.662300000025425 ], [ 86504.402600000001257, 445911.064100000017788 ], [ 86488.453099999998813, 445915.4057 ], [ 86470.7892, 445916.163500000024214 ], [ 86460.184299999993527, 445915.035800000012387 ], [ 86418.24199999999837, 446084.881999999983236 ], [ 86402.715800000005402, 446146.550500000012107 ], [ 86394.184999999997672, 446180.431999999971595 ], [ 86393.674199999994016, 446182.461399999971036 ], [ 86726.912200000006123, 446309.716299999970943 ], [ 86938.266399999993155, 446388.268099999986589 ], [ 86955.17609999999695, 446393.7598 ], [ 86975.5104, 446400.489200000010896 ], [ 87066.655400000003283, 446422.123299999977462 ], [ 87135.549799999993411, 446430.760200000018813 ], [ 87186.917799999995623, 446449.3246 ], [ 87245.756999999997788, 446470.990999999979977 ], [ 87265.198199999998906, 446424.798100000014529 ] ] ] ] } },
{ "type": "Feature", "properties": { "buurtcode": "BU19260351", "buurtnaam": "Ruyven", "pc6_codes": "2645BH, 2645BS, 2645BV, 2645EC, 2645ED, 2645EE, 2645EG, 2645EH, 2645EJ, 2645EK, 2645EL", "wijkcode": "WK192603", "gemeentecode": "GM1926", "gemeentenaam": "Pijnacker-Nootdorp", "oppervlakteLandInHa": 60, "AantalInwoners_5": 15, "Mannen_6": 10, "Vrouwen_7": 5, "HuishoudensTotaal_29": 5, "GemiddeldeHuishoudensgrootte_33": 3.4, "Woningvoorraad_35": 5, "NieuwbouwWoningen_36": 0, "NietWoningvoorraad_37": 87, "NieuwbouwNietWoningen_38": 0, "GemiddeldeWOZWaardeVanWoningen_39": null, "PercentageEengezinswoning_40": null, "PercentageTussenwoningEengezins_41": null, "PercentageHoekwoningEengezins_42": null, "PercentageTweeOnderEenKapWoningEe_43": null, "PercentageVrijstaandeWoningEengezins_44": null, "PercentageMeergezinswoning_45": null, "Koopwoningen_47": null, "HuurwoningenTotaal_48": null, "InBezitWoningcorporatie_49": null, "InBezitOverigeVerhuurders_50": null, "BouwjaarMeerDanTienJaarGeleden_51": null, "BouwjaarAfgelopenTienJaar_52": null, "GemiddeldeElektriciteitslevering_53": null, "GemiddeldeElektriciteitsteruglevering_54": null, "GemiddeldAardgasverbruik_55": null, "AardgasvrijeWoningen_57": null, "Aardgaswoningen_58": null, "WoningenMetZonnestroom_59": null, "WoningenHoofdzElektrVerwarmd_60": null, "k_20PersonenMetHoogsteInkomen_80": null, "k_20HuishoudensMetHoogsteInkomen_85": null, "MediaanVermogenVanParticuliereHuish_86": null, "PersonenautoSTotaal_104": 415, "PersonenautoSBrandstofBenzine_105": 205, "PersonenautoSOverigeBrandstof_106": 210, "PersonenautoSPerHuishouden_107": null, "Omgevingsadressendichtheid_121": 375, "AantalInstallatiesBijWoningen_5": 4, "OpgesteldVermogenVanZonnepanelen_6": 20, "installaties_per_woning": 0.8, "vermogen_per_woning": 4.0, "installaties_per_100_woningen": 80.0, "vermogen_per_huishouden": 4.0, "batterijdruk_score": null, "koop_zon_score": null, "eengezins_zon_score": null, "betaalkracht_zon_score": null, "overige_brandstof_zon_score": null, "lichte_batterij_kansscore": null }, "geometry": { "type": "MultiPolygon", "coordinates": [ [ [ [ 87411.595499999995809, 446042.28279999998631 ], [ 87490.734299999996438, 445839.966200000024401 ], [ 87559.98399999999674, 445667.3051 ], [ 87571.899000000004889, 445638.126800000027288 ], [ 87635.4234, 445481.783799999975599 ], [ 87629.966400000004796, 445480.2206 ], [ 87506.069399999993038, 445450.1706000000122 ], [ 87417.93739999999525, 445428.8246 ], [ 87370.678400000004331, 445416.860600000014529 ], [ 87300.426399999996647, 445400.308599999989383 ], [ 87276.580400000006193, 445394.6126 ], [ 87230.819399999993038, 445382.897600000025705 ], [ 87186.56239999999525, 445371.934599999978673 ], [ 87086.608399999997346, 445347.429599999974016 ], [ 86974.356400000004214, 445318.303599999984726 ], [ 86878.107399999993504, 445294.8726 ], [ 86629.842499999998836, 445234.898700000019744 ], [ 86629.059999999997672, 445238.039999999979045 ], [ 86596.25, 445369.450000000011642 ], [ 86491.138999999995576, 445790.232000000018161 ], [ 86494.945999999996275, 445791.656000000017229 ], [ 86487.231199999994715, 445818.867099999974016 ], [ 86461.660000000003492, 445909.06 ], [ 86460.184299999993527, 445915.035800000012387 ], [ 86470.7892, 445916.163500000024214 ], [ 86488.453099999998813, 445915.4057 ], [ 86504.402600000001257, 445911.064100000017788 ], [ 86513.1097, 445907.662300000025425 ], [ 86523.8609, 445902.519199999980628 ], [ 86528.759699999995064, 445900.117099999974016 ], [ 86537.742899999997462, 445897.523700000019744 ], [ 86543.21480000000156, 445894.393600000010338 ], [ 86720.054900000002817, 445910.076300000015181 ], [ 86815.102700000003097, 445922.866199999989476 ], [ 87046.6443, 445989.7132 ], [ 87389.105299999995623, 446101.679500000027474 ], [ 87411.595499999995809, 446042.28279999998631 ] ] ] ] } },
{ "type": "Feature", "properties": { "buurtcode": "BU19260352", "buurtnaam": "Zuidpolder Delfgauw", "pc6_codes": "2645BD, 2645BE, 2645BH, 2645BJ, 2645BK, 2645BS, 2645CA, 2645CC, 2645CD, 2645EB", "wijkcode": "WK192603", "gemeentecode": "GM1926", "gemeentenaam": "Pijnacker-Nootdorp", "oppervlakteLandInHa": 459, "AantalInwoners_5": 295, "Mannen_6": 155, "Vrouwen_7": 135, "HuishoudensTotaal_29": 125, "GemiddeldeHuishoudensgrootte_33": 2.3, "Woningvoorraad_35": 115, "NieuwbouwWoningen_36": 2, "NietWoningvoorraad_37": 21, "NieuwbouwNietWoningen_38": 0, "GemiddeldeWOZWaardeVanWoningen_39": 751, "PercentageEengezinswoning_40": 97, "PercentageTussenwoningEengezins_41": 3, "PercentageHoekwoningEengezins_42": 2, "PercentageTweeOnderEenKapWoningEe_43": 10, "PercentageVrijstaandeWoningEengezins_44": 82, "PercentageMeergezinswoning_45": 3, "Koopwoningen_47": 82, "HuurwoningenTotaal_48": 18, "InBezitWoningcorporatie_49": 0, "InBezitOverigeVerhuurders_50": 18, "BouwjaarMeerDanTienJaarGeleden_51": 93, "BouwjaarAfgelopenTienJaar_52": 7, "GemiddeldeElektriciteitslevering_53": 4260, "GemiddeldeElektriciteitsteruglevering_54": 2260, "GemiddeldAardgasverbruik_55": 1290, "AardgasvrijeWoningen_57": 8, "Aardgaswoningen_58": 67, "WoningenMetZonnestroom_59": 55, "WoningenHoofdzElektrVerwarmd_60": 21, "k_20PersonenMetHoogsteInkomen_80": 30.2, "k_20HuishoudensMetHoogsteInkomen_85": 41.8, "MediaanVermogenVanParticuliereHuish_86": 725.0, "PersonenautoSTotaal_104": 200, "PersonenautoSBrandstofBenzine_105": 155, "PersonenautoSOverigeBrandstof_106": 45, "PersonenautoSPerHuishouden_107": 1.6, "Omgevingsadressendichtheid_121": 281, "AantalInstallatiesBijWoningen_5": 42, "OpgesteldVermogenVanZonnepanelen_6": 233, "installaties_per_woning": 0.36521739130434783, "vermogen_per_woning": 2.026086956521739, "installaties_per_100_woningen": 36.521739130434781, "vermogen_per_huishouden": 1.864, "batterijdruk_score": 1243.0, "koop_zon_score": 0.451, "eengezins_zon_score": 0.5335, "betaalkracht_zon_score": 398.75, "overige_brandstof_zon_score": 24.75, "lichte_batterij_kansscore": 0.53401766610588841 }, "geometry": { "type": "MultiPolygon", "coordinates": [ [ [ [ 88718.884399999995367, 448016.947700000018813 ], [ 88717.724400000006426, 448016.40470000001369 ], [ 88716.564400000002934, 448015.8617 ], [ 88705.716700000004494, 448010.674799999978859 ], [ 88694.869000000006054, 448005.488000000012107 ], [ 88695.284400000004098, 448004.3087 ], [ 88692.356, 448003.14000000001397 ], [ 88655.023000000001048, 447988.319000000017695 ], [ 88668.315000000002328, 447954.287000000011176 ], [ 88630.596999999994296, 447939.556999999971595 ], [ 88656.879, 447872.231000000028871 ], [ 88561.001999999993131, 447837.468 ], [ 88557.429000000003725, 447836.172000000020489 ], [ 88573.448399999993853, 447790.147500000020955 ], [ 88573.44999999999709, 447790.142999999981839 ], [ 88574.319900000002235, 447790.4541999999783 ], [ 88589.864400000005844, 447745.860700000019278 ], [ 88589.886499999993248, 447745.868399999977555 ], [ 88606.156400000007125, 447751.5367 ], [ 88641.676399999996647, 447763.8187 ], [ 88734.110400000005029, 447796.320699999982025 ], [ 88768.343399999997928, 447808.429699999978766 ], [ 88768.344899999996414, 447808.4252 ], [ 88783.335900000005495, 447764.0184 ], [ 88783.357900000002701, 447764.026300000026822 ], [ 88808.631399999998393, 447773.1397 ], [ 88808.63300000000163, 447773.135100000014063 ], [ 88808.654999999998836, 447773.142999999981839 ], [ 88813.005000000004657, 447760.848999999987427 ], [ 88786.575400000001537, 447751.2476 ], [ 88807.661999999996624, 447694.112000000022817 ], [ 88775.837, 447682.827999999979511 ], [ 88714.570000000006985, 447661.310999999986961 ], [ 88675.716, 447647.472 ], [ 88653.803, 447639.74800000002142 ], [ 88651.917000000001281, 447639.082999999984168 ], [ 88635.591, 447633.329000000027008 ], [ 88625.68399999999383, 447629.837 ], [ 88562.13300000000163, 447607.496999999973923 ], [ 88504.101999999998952, 447587.097 ], [ 88516.706999999994878, 447555.924 ], [ 88531.702000000004773, 447517.694000000017695 ], [ 88477.410999999992782, 447498.684 ], [ 88450.009999999994761, 447489.077999999979511 ], [ 88440.309999999997672, 447485.606000000028871 ], [ 88437.892999999996391, 447484.740999999979977 ], [ 88348.248000000006869, 447452.656000000017229 ], [ 88348.246400000003632, 447452.6605 ], [ 88348.224400000006426, 447452.652699999976903 ], [ 88331.1204, 447499.996700000017881 ], [ 88314.535399999993388, 447545.903700000024401 ], [ 88225.323399999993853, 447514.110700000019278 ], [ 88214.072400000004563, 447545.241700000013225 ], [ 88202.9044, 447541.1947 ], [ 88169.6584, 447529.1447 ], [ 88180.14539999999397, 447499.996700000017881 ], [ 88192.006299999993644, 447466.9474 ], [ 88173.323399999993853, 447460.109699999971781 ], [ 88082.685400000002119, 447426.8797 ], [ 88025.117400000002817, 447406.3897 ], [ 88048.0484, 447342.684699999983422 ], [ 87962.21940000000177, 447311.7967 ], [ 87877.940400000006775, 447282.050700000021607 ], [ 87793.955400000006193, 447251.849700000020675 ], [ 87711.87840000000142, 447221.7707 ], [ 87646.556400000001304, 447197.631700000027195 ], [ 87646.0334, 447197.4387 ], [ 87636.477400000003399, 447223.864699999976438 ], [ 87627.087400000003981, 447249.996700000017881 ], [ 87607.629400000005262, 447304.147699999972247 ], [ 87600.974400000006426, 447322.66970000002766 ], [ 87589.838399999993271, 447318.7437 ], [ 87570.640400000003865, 447311.93670000002021 ], [ 87508.224600000001374, 447289.4951 ], [ 87479.5827, 447279.196899999980815 ], [ 87447.237999999997555, 447267.5674 ], [ 87447.16479999999865, 447267.234 ], [ 87492.5392, 447140.463999999978114 ], [ 87334.369099999996251, 447082.925700000021607 ], [ 87334.1533999999956, 447082.356199999980163 ], [ 87360.838399999993271, 447017.556700000015553 ], [ 87368.069399999993038, 446999.996700000017881 ], [ 87376.69539999999688, 446982.0747 ], [ 87409.964399999997113, 446908.41970000002766 ], [ 87410.0824, 446907.7927 ], [ 87410.20339999999851, 446907.146699999982957 ], [ 87410.257400000002235, 446906.859699999971781 ], [ 87593.072400000004563, 446972.7547 ], [ 87667.0634, 446999.452700000023469 ], [ 87684.112399999998161, 446952.5367 ], [ 87701.56239999999525, 446904.513700000010431 ], [ 87706.577399999994668, 446890.713700000022072 ], [ 87719.286399999997229, 446855.7377 ], [ 87723.295400000002701, 446844.7057 ], [ 87728.4954, 446846.5797 ], [ 87739.796400000006543, 446813.6337 ], [ 87783.235400000005029, 446828.925700000021607 ], [ 87793.657399999996414, 446800.1127 ], [ 87804.940400000006775, 446768.9177 ], [ 87821.347399999998743, 446723.5577 ], [ 87839.400299999993877, 446673.646100000012666 ], [ 87847.884399999995367, 446676.7057 ], [ 87902.900399999998626, 446696.54570000001695 ], [ 87983.127399999997579, 446723.005699999979697 ], [ 87999.9764, 446728.5627 ], [ 88054.670400000002701, 446746.6017 ], [ 88164.966400000004796, 446783.430700000026263 ], [ 88193.440400000006775, 446695.8947 ], [ 88183.366399999998976, 446692.474700000020675 ], [ 88199.515400000003865, 446645.673699999984819 ], [ 88239.879400000005262, 446658.882700000016484 ], [ 88254.02039999999397, 446600.1127 ], [ 88296.542400000005728, 446614.553699999989476 ], [ 88308.978400000007241, 446576.853699999977835 ], [ 88277.835399999996298, 446566.0147 ], [ 88293.294399999998859, 446530.864699999976438 ], [ 88293.472399999998743, 446530.589700000011362 ], [ 88300.572400000004563, 446519.610700000019278 ], [ 88317.228400000007241, 446499.996700000017881 ], [ 88339.193, 446474.131899999978486 ], [ 88414.023400000005495, 446499.996700000017881 ], [ 88453.881399999998393, 446513.763700000010431 ], [ 88458.617400000002817, 446499.996700000017881 ], [ 88469.9044, 446467.189699999988079 ], [ 88472.825400000001537, 446459.6987 ], [ 88473.8024, 446458.6017 ], [ 88474.839399999997113, 446457.43670000002021 ], [ 88477.706399999995483, 446456.29570000001695 ], [ 88480.024399999994785, 446456.6017 ], [ 88508.150399999998626, 446467.1987 ], [ 88529.0104, 446412.076699999975972 ], [ 88532.662400000001071, 446409.6077 ], [ 88554.968399999997928, 446355.305700000026263 ], [ 88584.026400000002468, 446284.565699999977369 ], [ 88584.504400000005262, 446283.402699999976903 ], [ 88588.490399999995134, 446284.67070000001695 ], [ 88616.577399999994668, 446215.349700000020675 ], [ 88629.477400000003399, 446167.3617 ], [ 88599.997399999992922, 446158.93670000002021 ], [ 88503.002399999997579, 446131.741700000013225 ], [ 88513.118400000006659, 446083.2967 ], [ 88550.991399999998976, 446094.7757 ], [ 88561.876399999993737, 446056.0467 ], [ 88574.771399999997811, 446010.164700000023004 ], [ 88534.8364, 445999.996700000017881 ], [ 88486.092399999994086, 445987.603699999977835 ], [ 88437.30439999999362, 445976.005699999979697 ], [ 88432.252399999997579, 445974.805700000026263 ], [ 88435.850399999995716, 445922.9607 ], [ 88436.371400000003632, 445919.800700000021607 ], [ 88437.104399999996531, 445915.355700000014622 ], [ 88446.049400000003516, 445874.6987 ], [ 88447.621400000003632, 445868.102699999988545 ], [ 88448.780400000003283, 445863.238699999987148 ], [ 88328.475399999995716, 445833.497199999983422 ], [ 88383.0294, 445626.300700000021607 ], [ 88395.030400000003283, 445580.505699999979697 ], [ 88439.7264, 445362.054699999978766 ], [ 88451.5104, 445304.958700000017416 ], [ 88463.983399999997346, 445251.054699999978766 ], [ 88367.405400000003283, 445226.472699999983888 ], [ 88342.338399999993271, 445220.103699999977835 ], [ 88300.076400000005378, 445209.366700000013225 ], [ 88282.273400000005495, 445205.1287 ], [ 88281.151400000002468, 445208.1727 ], [ 88255.917400000005728, 445201.021699999982957 ], [ 88256.281400000007125, 445197.722699999983888 ], [ 88235.051399999996647, 445192.597699999983888 ], [ 88195.968399999997928, 445182.518700000015087 ], [ 88209.172399999995832, 445118.8677 ], [ 88202.854399999996531, 445111.3077 ], [ 88217.174400000003516, 445066.461699999985285 ], [ 88228.110400000005029, 445032.211699999985285 ], [ 88240.32839999999851, 444994.729700000025332 ], [ 88252.896399999997811, 444955.892700000025798 ], [ 88265.6544, 444919.2057 ], [ 88277.487399999998161, 444882.0627 ], [ 88284.2783999999956, 444859.815699999977369 ], [ 88289.26940000000468, 444844.6117 ], [ 88289.5484, 444843.760699999984354 ], [ 88301.782399999996414, 444806.488699999987148 ], [ 88314.254400000005262, 444769.176700000010896 ], [ 88326.615399999995134, 444731.7157 ], [ 88333.9614, 444708.477699999988545 ], [ 88339.239400000005844, 444694.3916999999783 ], [ 88352.757400000002235, 444651.0075 ], [ 88346.557400000005146, 444649.127700000011828 ], [ 88346.558300000004238, 444649.124399999971502 ], [ 88331.623999999996158, 444644.756999999983236 ], [ 88311.11, 444639.392 ], [ 88286.027000000001863, 444633.716000000014901 ], [ 88264.865000000005239, 444628.152 ], [ 88240.130000000004657, 444621.343 ], [ 88202.61, 444611.446999999985565 ], [ 88162.232999999992899, 444600.734 ], [ 88141.305999999996857, 444594.830000000016298 ], [ 88136.868000000002212, 444593.422000000020489 ], [ 88132.303, 444592.270000000018626 ], [ 88148.243000000002212, 444551.822999999974854 ], [ 88165.179999999993015, 444508.602000000013504 ], [ 88130.023000000001048, 444500.0 ], [ 88048.354999999995925, 444478.863000000012107 ], [ 88060.509000000005472, 444448.517 ], [ 88063.773000000001048, 444439.920999999972992 ], [ 88067.740099999995437, 444430.6409 ], [ 88061.540999999997439, 444428.875 ], [ 88066.452000000004773, 444414.896 ], [ 88067.440000000002328, 444412.082999999984168 ], [ 88076.623999999996158, 444385.936999999976251 ], [ 88078.751999999993131, 444379.88 ], [ 88097.989000000001397, 444332.568000000028405 ], [ 88118.172000000005937, 444284.316999999980908 ], [ 88125.184999999997672, 444262.767999999981839 ], [ 88130.331999999994878, 444240.01400000002468 ], [ 88134.531000000002678, 444220.146 ], [ 88112.517000000007101, 444216.914999999979045 ], [ 88083.153999999994994, 444211.602000000013504 ], [ 88065.195999999996275, 444206.289999999979045 ], [ 88047.237999999997555, 444199.777 ], [ 88036.804000000003725, 444193.778999999980442 ], [ 88000.0, 444159.07 ], [ 87929.301000000006752, 444092.837999999988824 ], [ 87902.122000000003027, 444071.759000000020023 ], [ 87896.054999999993015, 444064.560999999986961 ], [ 87892.657999999995809, 444057.534999999974389 ], [ 87893.142999999996391, 444046.223999999987427 ], [ 87899.210000000006403, 444022.745 ], [ 87906.247000000003027, 444006.120999999984633 ], [ 87909.618000000002212, 444001.493000000016764 ], [ 87910.705000000001746, 444000.0 ], [ 87912.649000000004889, 443997.330599999986589 ], [ 87926.539999999993597, 444000.0 ], [ 87937.775699999998324, 444002.159800000023097 ], [ 87937.782000000006519, 444002.161000000021886 ], [ 87946.959900000001653, 444003.31170000002021 ], [ 87946.971000000005006, 444003.313000000023749 ], [ 87951.156000000002678, 444003.977000000013504 ], [ 87956.669599999993807, 444005.448099999979604 ], [ 87956.69199999999546, 444005.454000000027008 ], [ 87959.244999999995343, 444000.0 ], [ 87971.591, 443973.629000000015367 ], [ 87985.911999999996624, 443944.841000000014901 ], [ 87990.126999999993131, 443935.708999999973457 ], [ 88002.197, 443909.721000000019558 ], [ 88014.270000000004075, 443881.762999999977183 ], [ 88031.346000000005006, 443845.797000000020489 ], [ 88059.797999999995227, 443783.783999999985099 ], [ 88080.642999999996391, 443739.9277 ], [ 88078.415999999997439, 443738.672000000020489 ], [ 88069.668000000005122, 443734.648999999975786 ], [ 88063.445000000006985, 443731.925999999977648 ], [ 88059.513000000006286, 443729.835000000020955 ], [ 88055.342999999993481, 443727.482000000018161 ], [ 88051.778999999994994, 443724.648999999975786 ], [ 88048.740999999994528, 443721.356000000028871 ], [ 88044.422999999995227, 443715.994 ], [ 88038.612999999997555, 443708.311999999976251 ], [ 88030.888000000006286, 443699.261999999987893 ], [ 88018.932, 443685.898999999975786 ], [ 88012.278999999994994, 443677.656000000017229 ], [ 88005.721000000005006, 443670.768999999971129 ], [ 88000.0, 443665.262999999977183 ], [ 87992.047000000005937, 443657.256999999983236 ], [ 87981.474000000001979, 443645.813000000023749 ], [ 87973.176000000006752, 443636.788 ], [ 87965.430999999996857, 443629.48499999998603 ], [ 87951.156000000002678, 443617.021 ], [ 87936.952000000004773, 443606.150000000023283 ], [ 87930.993000000002212, 443601.783 ], [ 87925.857000000003609, 443597.443000000028405 ], [ 87921.570000000006985, 443593.157 ], [ 87917.438999999998487, 443588.447999999974854 ], [ 87911.918999999994412, 443581.609 ], [ 87906.765, 443573.993000000016764 ], [ 87904.915999999997439, 443571.033 ], [ 87904.278999999994994, 443569.25099999998929 ], [ 87904.126999999993131, 443567.19 ], [ 87904.529999999998836, 443565.517999999981839 ], [ 87905.445000000006985, 443564.031000000017229 ], [ 87904.926999999996042, 443563.131 ], [ 87906.915599999992992, 443560.4756 ], [ 87908.490300000004936, 443560.786499999987427 ], [ 87908.513000000006286, 443560.791000000026543 ], [ 87911.218999999997322, 443557.371999999973923 ], [ 87915.254700000004959, 443556.17239999998128 ], [ 87924.399999999994179, 443557.963999999978114 ], [ 87969.615999999994528, 443565.092699999979232 ], [ 87969.637000000002445, 443565.094700000016019 ], [ 87975.585399999996298, 443565.2437 ], [ 87981.074399999997695, 443564.023700000019744 ], [ 87999.9764, 443529.5737 ], [ 88016.204400000002352, 443499.996700000017881 ], [ 88031.498399999996764, 443472.121700000017881 ], [ 88093.0484, 443361.2587 ], [ 88097.656400000007125, 443353.581699999980628 ], [ 88099.119399999995949, 443351.1447 ], [ 88101.183399999994435, 443350.8247 ], [ 88104.536399999997229, 443351.0737 ], [ 88104.545599999997648, 443351.076 ], [ 88110.6734, 443352.6067 ], [ 88110.686199999996461, 443352.607299999974202 ], [ 88115.110400000005029, 443352.842699999979232 ], [ 88118.4654, 443351.331699999980628 ], [ 88126.834400000007008, 443342.42070000001695 ], [ 88127.944399999993038, 443338.6127 ], [ 88128.701400000005378, 443336.01569999998901 ], [ 88128.241399999998976, 443331.842699999979232 ], [ 88127.162400000001071, 443328.555700000026263 ], [ 88128.405400000003283, 443324.358699999982491 ], [ 88131.348400000002584, 443319.0697 ], [ 88160.972399999998743, 443265.843700000026729 ], [ 88171.097399999998743, 443248.6457 ], [ 88188.825400000001537, 443215.7977 ], [ 88194.876399999993737, 443209.006700000027195 ], [ 88197.767399999996996, 443207.77970000001369 ], [ 88200.231400000004214, 443207.7707 ], [ 88214.2264, 443185.0797 ], [ 88226.758400000006077, 443165.790700000012293 ], [ 88236.806400000001304, 443150.2487 ], [ 88236.338399999993271, 443148.4487 ], [ 88238.125400000004447, 443145.5087 ], [ 88239.372399999992922, 443145.216699999989942 ], [ 88246.781400000007125, 443133.9057 ], [ 88253.329800000006799, 443122.618499999982305 ], [ 88147.0184, 443055.018700000015087 ], [ 88060.109400000001187, 442999.039700000023004 ], [ 87999.9764, 442960.3077 ], [ 87951.1394, 442928.8507 ], [ 87914.456399999995483, 442904.386699999973644 ], [ 87788.0864, 442823.065699999977369 ], [ 87746.6544, 442796.344700000016019 ], [ 87713.405400000003283, 442774.6887 ], [ 87687.016399999993155, 442756.8237 ], [ 87684.535399999993388, 442755.1397 ], [ 87661.153099999995902, 442739.2648 ], [ 87660.38300000000163, 442741.01400000002468 ], [ 87653.534, 442756.081 ], [ 87634.94999999999709, 442797.456 ], [ 87620.831999999994878, 442827.781000000017229 ], [ 87616.834000000002561, 442836.066999999980908 ], [ 87614.467999999993481, 442840.756999999983236 ], [ 87589.313999999998487, 442891.309 ], [ 87574.596000000005006, 442920.909999999974389 ], [ 87565.39, 442941.003000000026077 ], [ 87552.861999999993714, 442969.587999999988824 ], [ 87550.847999999998137, 442972.233 ], [ 87548.244999999995343, 442974.601000000024214 ], [ 87544.846999999994296, 442976.43 ], [ 87538.407000000006519, 442980.033999999985099 ], [ 87533.707999999998719, 442982.632999999972526 ], [ 87523.672999999995227, 442990.956 ], [ 87519.330000000001746, 442995.268999999971129 ], [ 87514.077999999994063, 443000.811999999976251 ], [ 87511.43399999999383, 443003.271 ], [ 87507.710000000006403, 443006.382999999972526 ], [ 87501.871, 443010.821999999985565 ], [ 87491.289000000004307, 443019.607000000018161 ], [ 87488.760999999998603, 443022.286000000021886 ], [ 87486.591, 443025.852000000013504 ], [ 87485.218999999997322, 443029.13 ], [ 87479.343999999997322, 443049.185 ], [ 87462.510999999998603, 443073.76 ], [ 87460.138999999995576, 443077.286000000021886 ], [ 87453.432, 443089.935 ], [ 87451.25800000000163, 443095.156000000017229 ], [ 87449.748000000006869, 443099.196999999985565 ], [ 87446.437000000005355, 443110.84499999997206 ], [ 87441.229999999995925, 443128.065 ], [ 87439.202000000004773, 443135.564000000013039 ], [ 87437.350000000005821, 443140.218 ], [ 87434.051000000006752, 443147.837999999988824 ], [ 87429.799, 443157.607000000018161 ], [ 87424.823000000003958, 443167.976000000024214 ], [ 87421.017000000007101, 443176.794999999983702 ], [ 87418.342000000004191, 443183.438000000023749 ], [ 87416.121, 443189.465000000025611 ], [ 87400.519, 443204.12300000002142 ], [ 87386.176999999996042, 443256.935999999986961 ], [ 87382.5, 443272.776000000012573 ], [ 87360.229999999995925, 443366.5 ], [ 87340.979000000006636, 443465.674999999988358 ], [ 87330.243000000002212, 443508.802000000025146 ], [ 87317.820000000006985, 443554.229999999981374 ], [ 87313.794999999998254, 443570.458999999973457 ], [ 87307.55800000000454, 443595.757999999972526 ], [ 87302.451, 443615.234 ], [ 87289.531000000002678, 443661.369 ], [ 87281.260999999998603, 443691.23599999997532 ], [ 87272.251999999993131, 443721.972 ], [ 87268.188999999998487, 443739.343 ], [ 87264.888000000006286, 443751.436999999976251 ], [ 87260.515, 443767.115 ], [ 87257.031000000002678, 443778.483 ], [ 87256.751999999993131, 443779.392999999981839 ], [ 87254.674, 443786.170999999972992 ], [ 87237.55800000000454, 443785.066999999980908 ], [ 87212.714999999996508, 443784.021 ], [ 87196.365000000005239, 443782.897999999986496 ], [ 87190.726999999998952, 443782.930999999982305 ], [ 87189.015, 443783.158 ], [ 87181.652000000001863, 443784.136 ], [ 87174.698999999993248, 443784.403 ], [ 87166.410000000003492, 443785.46999999997206 ], [ 87162.30000000000291, 443786.270000000018626 ], [ 87154.190000000002328, 443787.38 ], [ 87147.932, 443787.87699999997858 ], [ 87145.174, 443787.87699999997858 ], [ 87142.020000000004075, 443787.479999999981374 ], [ 87136.55000000000291, 443786.60999999998603 ], [ 87131.034, 443786.385 ], [ 87126.947, 443786.691 ], [ 87123.065000000002328, 443787.407 ], [ 87119.794999999998254, 443788.73499999998603 ], [ 87117.460000000006403, 443790.68 ], [ 87114.720000000001164, 443793.76 ], [ 87113.365000000005239, 443795.912000000011176 ], [ 87112.779999999998836, 443796.840000000025611 ], [ 87111.470000000001164, 443798.789999999979045 ], [ 87108.898000000001048, 443801.305 ], [ 87107.820999999996275, 443802.359 ], [ 87095.581999999994878, 443799.973 ], [ 87084.854999999995925, 443798.337999999988824 ], [ 87073.217000000004191, 443796.832 ], [ 87072.697, 443796.805999999982305 ], [ 87065.490000000005239, 443796.805999999982305 ], [ 87057.121, 443834.414999999979045 ], [ 87061.006999999997788, 443835.324000000022352 ], [ 87049.031000000002678, 443878.367000000027474 ], [ 86979.544999999998254, 443861.606000000028871 ], [ 86975.243000000002212, 443860.569000000017695 ], [ 86972.428, 443859.89000000001397 ], [ 86910.842999999993481, 444106.569000000017695 ], [ 86909.562000000005355, 444111.699000000022352 ], [ 86897.180999999996857, 444161.291000000026543 ], [ 86885.736000000004424, 444207.134000000020023 ], [ 86885.664000000004307, 444207.423 ], [ 86884.376999999993131, 444212.577 ], [ 86882.732999999992899, 444219.163 ], [ 86867.517999999996391, 444280.104999999981374 ], [ 86858.524999999994179, 444316.12699999997858 ], [ 86834.286999999996624, 444413.215000000025611 ], [ 86811.86, 444503.045999999972992 ], [ 86800.232999999992899, 444549.617000000027474 ], [ 86788.815000000002328, 444596.909999999974389 ], [ 86768.395000000004075, 444678.744 ], [ 86758.907999999995809, 444716.759000000020023 ], [ 86757.94999999999709, 444720.599999999976717 ], [ 86745.553, 444770.368000000016764 ], [ 86744.24210000000312, 444775.631999999983236 ], [ 86743.998000000006869, 444776.612000000022817 ], [ 86743.179999999993015, 444779.896 ], [ 86725.861999999993714, 444849.419 ], [ 86711.313999999998487, 444907.821999999985565 ], [ 86709.338000000003376, 444915.754000000015367 ], [ 86629.842499999998836, 445234.898700000019744 ], [ 86878.107399999993504, 445294.8726 ], [ 86974.356400000004214, 445318.303599999984726 ], [ 87086.608399999997346, 445347.429599999974016 ], [ 87186.56239999999525, 445371.934599999978673 ], [ 87230.819399999993038, 445382.897600000025705 ], [ 87276.580400000006193, 445394.6126 ], [ 87300.426399999996647, 445400.308599999989383 ], [ 87370.678400000004331, 445416.860600000014529 ], [ 87417.93739999999525, 445428.8246 ], [ 87506.069399999993038, 445450.1706000000122 ], [ 87629.966400000004796, 445480.2206 ], [ 87635.4234, 445481.783799999975599 ], [ 87571.899000000004889, 445638.126800000027288 ], [ 87559.98399999999674, 445667.3051 ], [ 87490.734299999996438, 445839.966200000024401 ], [ 87411.595499999995809, 446042.28279999998631 ], [ 87389.105299999995623, 446101.679500000027474 ], [ 87343.035699999993085, 446223.3493 ], [ 87265.198199999998906, 446424.798100000014529 ], [ 87245.756999999997788, 446470.990999999979977 ], [ 87242.875700000004144, 446477.8372 ], [ 87222.31260000000475, 446532.53159999998752 ], [ 87195.4767, 446608.726199999975506 ], [ 87149.555099999997765, 446720.364500000025146 ], [ 87055.05800000000454, 446952.006899999978486 ], [ 87044.02719999999681, 446980.7232 ], [ 87048.998399999996764, 446982.5196 ], [ 87051.846399999994901, 446983.624399999971502 ], [ 87075.612399999998161, 446992.843600000021979 ], [ 87099.606400000004214, 447001.5676 ], [ 87148.3514, 447018.974600000015926 ], [ 87171.513399999996182, 447027.3836 ], [ 87217.610400000005029, 447043.6716 ], [ 87266.160399999993388, 447060.9326 ], [ 87328.774399999994785, 447083.164600000018254 ], [ 87333.596399999994901, 447083.708700000017416 ], [ 87423.771399999997811, 447116.609699999971781 ], [ 87478.375400000004447, 447136.398700000019744 ], [ 87491.262400000006892, 447141.0637 ], [ 87480.8744, 447170.0847 ], [ 87468.493400000006659, 447204.676700000010896 ], [ 87446.126399999993737, 447267.1677 ], [ 87401.1097, 447259.055899999977555 ], [ 87327.024399999994785, 447465.8175 ], [ 87357.791400000001886, 447478.109600000025239 ], [ 87429.231400000004214, 447506.738599999982398 ], [ 87494.674400000003516, 447532.803599999984726 ], [ 87544.122399999992922, 447552.208600000012666 ], [ 87591.630399999994552, 447570.8676 ], [ 87672.9994, 447603.1346 ], [ 87769.507400000002235, 447641.903600000019651 ], [ 87864.002399999997579, 447679.6176 ], [ 87873.341400000004796, 447683.3126 ], [ 87999.9764, 447734.0296 ], [ 88115.041200000006938, 447779.759399999980815 ], [ 88143.867499999993015, 447791.1286 ], [ 88144.1253, 447791.2302 ], [ 88331.579400000002352, 447865.162699999986216 ], [ 88499.9764, 447933.495700000028592 ], [ 88536.588399999993271, 447948.352699999988545 ], [ 88664.178400000004331, 447999.996700000017881 ], [ 88707.460399999996298, 448017.51569999998901 ], [ 88715.622399999992922, 448024.1337 ], [ 88718.884399999995367, 448016.947700000018813 ] ] ] ] } },
{ "type": "Feature", "properties": { "buurtcode": "BU19260353", "buurtnaam": "Noordpolder Delfgauw", "pc6_codes": "2645AC, 2645AW, 2645AX, 2645BC, 2645BL, 2645BM, 2645CB", "wijkcode": "WK192603", "gemeentecode": "GM1926", "gemeentenaam": "Pijnacker-Nootdorp", "oppervlakteLandInHa": 293, "AantalInwoners_5": 195, "Mannen_6": 95, "Vrouwen_7": 100, "HuishoudensTotaal_29": 80, "GemiddeldeHuishoudensgrootte_33": 2.4, "Woningvoorraad_35": 73, "NieuwbouwWoningen_36": 0, "NietWoningvoorraad_37": 11, "NieuwbouwNietWoningen_38": 0, "GemiddeldeWOZWaardeVanWoningen_39": 919, "PercentageEengezinswoning_40": 97, "PercentageTussenwoningEengezins_41": 0, "PercentageHoekwoningEengezins_42": 0, "PercentageTweeOnderEenKapWoningEe_43": 7, "PercentageVrijstaandeWoningEengezins_44": 90, "PercentageMeergezinswoning_45": 3, "Koopwoningen_47": 90, "HuurwoningenTotaal_48": 10, "InBezitWoningcorporatie_49": 0, "InBezitOverigeVerhuurders_50": 10, "BouwjaarMeerDanTienJaarGeleden_51": 88, "BouwjaarAfgelopenTienJaar_52": 12, "GemiddeldeElektriciteitslevering_53": 4940, "GemiddeldeElektriciteitsteruglevering_54": 3450, "GemiddeldAardgasverbruik_55": 1270, "AardgasvrijeWoningen_57": null, "Aardgaswoningen_58": null, "WoningenMetZonnestroom_59": null, "WoningenHoofdzElektrVerwarmd_60": null, "k_20PersonenMetHoogsteInkomen_80": 25.6, "k_20HuishoudensMetHoogsteInkomen_85": null, "MediaanVermogenVanParticuliereHuish_86": null, "PersonenautoSTotaal_104": 100, "PersonenautoSBrandstofBenzine_105": 70, "PersonenautoSOverigeBrandstof_106": 30, "PersonenautoSPerHuishouden_107": 1.2, "Omgevingsadressendichtheid_121": 351, "AantalInstallatiesBijWoningen_5": 30, "OpgesteldVermogenVanZonnepanelen_6": 332, "installaties_per_woning": 0.41095890410958902, "vermogen_per_woning": 4.5479452054794525, "installaties_per_100_woningen": 41.095890410958901, "vermogen_per_huishouden": 4.15, "batterijdruk_score": null, "koop_zon_score": null, "eengezins_zon_score": null, "betaalkracht_zon_score": null, "overige_brandstof_zon_score": null, "lichte_batterij_kansscore": null }, "geometry": { "type": "MultiPolygon", "coordinates": [ [ [ [ 86857.774399999994785, 449849.418599999975413 ], [ 86861.376399999993737, 449851.222599999979138 ], [ 86865.739400000005844, 449852.659600000013597 ], [ 86873.481400000004214, 449854.466599999985192 ], [ 86877.486399999994319, 449855.663699999975506 ], [ 86884.96940000000177, 449857.8996 ], [ 86888.414399999994203, 449858.6776 ], [ 86890.963399999993271, 449858.371600000013132 ], [ 86895.39440000000468, 449857.2146 ], [ 86904.146399999997811, 449855.178599999984726 ], [ 86911.728400000007241, 449853.939599999983329 ], [ 86916.065400000006775, 449853.262600000016391 ], [ 86918.827399999994668, 449851.940599999972619 ], [ 86919.204400000002352, 449851.7596 ], [ 86922.794399999998859, 449849.6766 ], [ 86929.053400000004331, 449846.190599999972619 ], [ 86932.734400000001187, 449844.533700000029057 ], [ 86938.375400000004447, 449842.463700000022072 ], [ 86944.141399999993155, 449839.9447 ], [ 86948.926399999996647, 449837.461599999980535 ], [ 86956.390400000003865, 449833.7256 ], [ 86968.89440000000468, 449826.398600000014994 ], [ 86980.305399999997462, 449820.331599999975879 ], [ 86991.175399999992806, 449814.200599999981932 ], [ 86999.9764, 449809.127700000011828 ], [ 87003.666400000001886, 449807.000600000028498 ], [ 87029.133400000006077, 449794.7146 ], [ 87055.4384, 449781.879599999985658 ], [ 87083.122399999992922, 449768.272600000025705 ], [ 87101.9044, 449758.771599999978207 ], [ 87112.038400000004913, 449752.659600000013597 ], [ 87125.091400000004796, 449745.1996 ], [ 87135.593399999997928, 449739.831599999975879 ], [ 87148.197400000004563, 449733.9436 ], [ 87159.884399999995367, 449728.6276 ], [ 87171.507400000002235, 449723.993599999987055 ], [ 87177.113400000002002, 449721.496600000013132 ], [ 87183.697400000004563, 449717.364599999971688 ], [ 87189.242400000002817, 449713.3946 ], [ 87195.547399999995832, 449709.919600000022911 ], [ 87202.784400000004098, 449705.6827 ], [ 87211.470400000005611, 449701.110700000019278 ], [ 87217.5334, 449698.555700000026263 ], [ 87220.8174, 449697.621700000017881 ], [ 87223.042400000005728, 449696.662599999981467 ], [ 87230.281400000007125, 449693.543699999980163 ], [ 87237.913400000004913, 449689.566700000024866 ], [ 87242.508400000006077, 449686.7437 ], [ 87248.899399999994785, 449683.679599999974016 ], [ 87256.4654, 449678.575599999981932 ], [ 87264.422399999995832, 449673.722599999979138 ], [ 87273.367400000002817, 449669.7586 ], [ 87279.95339999999851, 449666.957600000023376 ], [ 87281.121400000003632, 449666.1016 ], [ 87281.7494, 449665.571600000024773 ], [ 87287.102400000003399, 449662.300600000016857 ], [ 87294.750400000004447, 449658.330599999986589 ], [ 87304.149399999994785, 449653.273700000019744 ], [ 87307.974400000006426, 449650.458600000012666 ], [ 87312.286399999997229, 449648.5096 ], [ 87321.865399999995134, 449643.402599999972153 ], [ 87334.57839999999851, 449636.42359999998007 ], [ 87343.316399999996065, 449632.007600000011735 ], [ 87345.432400000005146, 449630.837699999974575 ], [ 87349.247399999992922, 449628.727699999988545 ], [ 87358.722399999998743, 449623.989699999976438 ], [ 87361.530299999998533, 449622.602499999979045 ], [ 87365.762400000006892, 449620.4926 ], [ 87373.044399999998859, 449616.148600000014994 ], [ 87380.7604, 449612.28159999998752 ], [ 87388.776400000002468, 449608.142600000021048 ], [ 87396.682400000005146, 449603.9426 ], [ 87407.576400000005378, 449598.256600000022445 ], [ 87420.790399999998044, 449591.093600000021979 ], [ 87429.752399999997579, 449586.344600000011269 ], [ 87439.118400000006659, 449581.5686 ], [ 87446.451400000005378, 449577.996600000013132 ], [ 87453.806400000001304, 449574.76659999997355 ], [ 87458.80439999999362, 449572.114599999971688 ], [ 87466.244399999995949, 449568.0796 ], [ 87472.431400000001304, 449564.3727 ], [ 87472.583400000003166, 449564.28159999998752 ], [ 87476.335399999996298, 449561.68560000002617 ], [ 87480.361399999994319, 449558.5456000000122 ], [ 87485.871400000003632, 449553.772600000025705 ], [ 87491.59440000000177, 449549.0356 ], [ 87499.115399999995134, 449542.5096 ], [ 87510.3404, 449532.397600000025705 ], [ 87523.045400000002701, 449520.819599999987986 ], [ 87547.2604, 449499.996600000013132 ], [ 87565.0334, 449485.1016 ], [ 87572.241699999998673, 449480.1103 ], [ 87572.366399999998976, 449480.0257 ], [ 87576.3554, 449476.434599999978673 ], [ 87583.647400000001653, 449469.664600000018254 ], [ 87588.921400000006543, 449464.3736 ], [ 87594.1244, 449459.8176 ], [ 87602.827399999994668, 449452.474600000015926 ], [ 87608.047399999995832, 449448.756600000022445 ], [ 87617.02039999999397, 449442.2036 ], [ 87622.486399999994319, 449438.440599999972619 ], [ 87627.193400000003749, 449434.4426 ], [ 87634.366399999998976, 449428.642600000021048 ], [ 87635.6152, 449427.6227 ], [ 87672.978400000007241, 449397.1066 ], [ 87736.93640000000596, 449344.868599999987055 ], [ 87803.994399999995949, 449290.512600000016391 ], [ 87832.702399999994668, 449267.2416 ], [ 87833.18640000000596, 449266.7976 ], [ 87854.831399999995483, 449246.9266 ], [ 87859.500400000004447, 449242.592599999974482 ], [ 87959.4654, 449149.816600000020117 ], [ 87985.412400000001071, 449126.2266 ], [ 87988.709400000007008, 449127.808599999989383 ], [ 87990.447400000004563, 449126.39159999997355 ], [ 87989.199399999997695, 449123.467599999974482 ], [ 87997.380399999994552, 449116.244599999976344 ], [ 87999.9764, 449114.5456000000122 ], [ 88001.478400000007241, 449113.5626 ], [ 88001.524399999994785, 449113.114599999971688 ], [ 88032.462400000003981, 449079.4006 ], [ 88074.989400000005844, 449033.0576 ], [ 88101.307400000005146, 448999.996600000013132 ], [ 88123.397400000001653, 448972.2476 ], [ 88118.854399999996531, 448968.6996 ], [ 88068.827399999994668, 448966.2146 ], [ 88059.471399999994901, 448958.7416 ], [ 88049.184399999998277, 448971.164600000018254 ], [ 87987.960399999996298, 448931.376600000017788 ], [ 87886.165399999998044, 448865.814599999983329 ], [ 87845.406400000007125, 448839.0306 ], [ 87840.588399999993271, 448835.543599999975413 ], [ 87663.151599999997416, 448721.0883 ], [ 87660.110400000005029, 448719.126600000017788 ], [ 87686.247399999992922, 448677.0636 ], [ 87660.356400000004214, 448660.648600000014994 ], [ 87663.108399999997346, 448656.2956000000122 ], [ 87700.4033999999956, 448597.305600000021514 ], [ 87817.21940000000177, 448666.1396 ], [ 87820.111399999994319, 448667.843600000021979 ], [ 87821.3934, 448665.6556 ], [ 87862.849400000006426, 448594.717599999974482 ], [ 87863.040399999998044, 448593.841599999985192 ], [ 87862.072400000004563, 448591.9766 ], [ 87860.5334, 448590.104600000020582 ], [ 87859.608399999997346, 448588.56160000001546 ], [ 87859.896399999997811, 448587.2866 ], [ 87861.126399999993737, 448585.613599999982398 ], [ 87882.815400000006775, 448556.485600000014529 ], [ 87906.702399999994668, 448522.739599999971688 ], [ 88101.341400000004796, 448629.607599999988452 ], [ 88112.2154, 448635.626600000017788 ], [ 88186.960399999996298, 448494.1006 ], [ 88122.56239999999525, 448460.870600000023842 ], [ 88031.231400000004214, 448414.179599999974016 ], [ 87980.587400000003981, 448388.374599999981001 ], [ 87886.64539999999397, 448340.5086 ], [ 87885.415399999998044, 448342.893600000010338 ], [ 87766.116399999998976, 448281.056600000010803 ], [ 87767.334400000007008, 448278.694599999987986 ], [ 87604.7022, 448198.121900000027381 ], [ 87604.544399999998859, 448198.4276 ], [ 87606.084400000007008, 448199.2206 ], [ 87602.262400000006892, 448206.6446 ], [ 87600.720400000005611, 448205.8506 ], [ 87575.621400000003632, 448254.5576 ], [ 87522.7454, 448357.1666 ], [ 87509.069399999993038, 448383.7046 ], [ 87501.448399999993853, 448398.494599999976344 ], [ 87483.792400000005728, 448388.374599999981001 ], [ 87498.781400000007125, 448359.218600000021979 ], [ 87504.6137000000017, 448347.874599999981001 ], [ 87586.815400000006775, 448187.9876 ], [ 87497.397400000001653, 448142.380599999974947 ], [ 87430.808399999994435, 448108.368599999987055 ], [ 87412.354399999996531, 448099.418599999975413 ], [ 87452.901400000002468, 448000.607599999988452 ], [ 87457.8854, 447988.461599999980535 ], [ 87451.627399999997579, 447985.271599999978207 ], [ 87476.752399999997579, 447932.67359999998007 ], [ 87483.125400000004447, 447935.767600000021048 ], [ 87502.296400000006543, 447893.984600000025239 ], [ 87522.236399999994319, 447850.5256 ], [ 87526.384399999995367, 447841.484600000025239 ], [ 87532.569399999993038, 447844.332600000023376 ], [ 87554.259399999995367, 447802.042599999986123 ], [ 87630.850399999995716, 447833.9536 ], [ 87709.850399999995716, 447867.4326 ], [ 87732.233399999997346, 447876.9276 ], [ 87787.282399999996414, 447899.8886 ], [ 87789.9044, 447900.875600000028498 ], [ 87862.073399999993853, 447931.2046 ], [ 87906.7604, 447950.0676 ], [ 87935.025399999998626, 447962.1496 ], [ 87989.343399999997928, 447985.164600000018254 ], [ 88038.314400000002934, 448005.913600000028964 ], [ 88039.161399999997229, 448006.2596 ], [ 88062.096399999994901, 447958.755599999974947 ], [ 88086.833400000003166, 447907.5196 ], [ 88107.76940000000468, 447864.868599999987055 ], [ 88111.943400000003749, 447856.349600000015926 ], [ 88143.867499999993015, 447791.1286 ], [ 88115.041200000006938, 447779.759399999980815 ], [ 87999.9764, 447734.0296 ], [ 87873.341400000004796, 447683.3126 ], [ 87864.002399999997579, 447679.6176 ], [ 87769.507400000002235, 447641.903600000019651 ], [ 87672.9994, 447603.1346 ], [ 87591.630399999994552, 447570.8676 ], [ 87544.122399999992922, 447552.208600000012666 ], [ 87494.674400000003516, 447532.803599999984726 ], [ 87429.231400000004214, 447506.738599999982398 ], [ 87357.791400000001886, 447478.109600000025239 ], [ 87327.024399999994785, 447465.8175 ], [ 87285.467399999994086, 447449.2146 ], [ 87231.856400000004214, 447427.119599999976344 ], [ 87229.580100000006496, 447425.991800000017975 ], [ 87203.335500000001048, 447415.653999999980442 ], [ 87199.288400000004913, 447426.482599999988452 ], [ 87197.970199999996112, 447430.0097 ], [ 87063.838699999992969, 447373.9855 ], [ 87060.479399999996531, 447383.832600000023376 ], [ 87050.641399999993155, 447408.471599999989849 ], [ 87044.026400000002468, 447424.832600000023376 ], [ 87035.560400000002119, 447446.669600000022911 ], [ 87032.236399999994319, 447454.857599999988452 ], [ 87022.9464, 447477.283600000024308 ], [ 87021.199399999997695, 447481.277599999972153 ], [ 87020.6924, 447482.746600000013132 ], [ 87020.4954, 447483.7596 ], [ 87020.387400000006892, 447484.7526 ], [ 87020.410399999993388, 447485.549600000027567 ], [ 87020.755399999994552, 447486.358599999977741 ], [ 87021.292400000005728, 447487.021599999978207 ], [ 87020.421400000006543, 447488.869599999976344 ], [ 87019.876399999993737, 447489.1546 ], [ 87019.122399999992922, 447489.4166 ], [ 87018.096399999994901, 447489.955599999986589 ], [ 87017.530400000003283, 447490.722599999979138 ], [ 87017.021399999997811, 447491.836599999980535 ], [ 87010.39440000000468, 447509.7966 ], [ 87006.091400000004796, 447521.042599999986123 ], [ 86998.848400000002584, 447540.184599999978673 ], [ 86997.76940000000468, 447543.504599999985658 ], [ 86997.67939999999362, 447545.020599999988917 ], [ 86997.5864, 447546.8346 ], [ 86997.912400000001071, 447547.90759999997681 ], [ 86998.443400000003749, 447548.7316 ], [ 86997.69539999999688, 447550.32760000001872 ], [ 86997.295400000002701, 447550.2316 ], [ 86996.3324, 447550.468600000021979 ], [ 86995.489400000005844, 447550.887600000016391 ], [ 86994.909400000004098, 447551.620600000023842 ], [ 86994.034400000004098, 447552.978599999973085 ], [ 86988.534400000004098, 447567.091599999985192 ], [ 86986.536399999997229, 447572.216599999985192 ], [ 86984.641399999993155, 447577.5956 ], [ 86984.3934, 447578.6716 ], [ 86984.42939999999362, 447579.718600000021979 ], [ 86984.8174, 447580.488599999982398 ], [ 86985.416400000001886, 447581.419600000022911 ], [ 86984.274399999994785, 447583.5476 ], [ 86982.860400000005029, 447584.1056 ], [ 86981.960399999996298, 447584.746600000013132 ], [ 86981.32839999999851, 447586.1126 ], [ 86971.307400000005146, 447612.370600000023842 ], [ 86967.292400000005728, 447621.593600000021979 ], [ 86960.024399999994785, 447640.137600000016391 ], [ 86924.991800000003423, 447727.527599999972153 ], [ 86837.217499999998836, 447687.45529999997234 ], [ 86811.575100000001839, 447675.748499999986961 ], [ 86769.435599999997066, 447656.510200000018813 ], [ 86769.055999999996857, 447657.548 ], [ 86764.967999999993481, 447668.726000000024214 ], [ 86763.429000000003725, 447672.912000000011176 ], [ 86758.296000000002095, 447686.87599999998929 ], [ 86755.394, 447694.768999999971129 ], [ 86741.929999999993015, 447731.393999999971129 ], [ 86734.693, 447751.080000000016298 ], [ 86731.05899999999383, 447761.412000000011176 ], [ 86724.857999999992899, 447779.049 ], [ 86717.070999999996275, 447801.193000000028405 ], [ 86712.095000000001164, 447812.869 ], [ 86710.861000000004424, 447816.184 ], [ 86710.623999999996158, 447816.821 ], [ 86708.89100000000326, 447820.848999999987427 ], [ 86688.966, 447867.150000000023283 ], [ 86679.296000000002095, 447889.62 ], [ 86672.475999999995111, 447905.467 ], [ 86664.195999999996275, 447924.707 ], [ 86658.349000000001979, 447938.294 ], [ 86648.674, 447962.403999999980442 ], [ 86647.525999999998021, 447965.26400000002468 ], [ 86647.51600000000326, 447965.289999999979045 ], [ 86635.14, 447996.131 ], [ 86627.835999999995693, 448014.332 ], [ 86622.92500000000291, 448026.571 ], [ 86621.934999999997672, 448029.038999999989755 ], [ 86614.179000000003725, 448047.245999999984633 ], [ 86609.94100000000617, 448057.194000000017695 ], [ 86601.455600000001141, 448077.115700000023935 ], [ 86598.832999999998719, 448083.272999999986496 ], [ 86593.865999999994528, 448094.934 ], [ 86593.512000000002445, 448095.76500000001397 ], [ 86581.61699999999837, 448123.243000000016764 ], [ 86572.169999999998254, 448145.066999999980908 ], [ 86568.051999999996042, 448154.579000000027008 ], [ 86557.532000000006519, 448178.881 ], [ 86554.553, 448185.762999999977183 ], [ 86553.835000000006403, 448187.590000000025611 ], [ 86549.812000000005355, 448198.337999999988824 ], [ 86547.801000000006752, 448204.935 ], [ 86545.001000000003842, 448214.809 ], [ 86544.354000000006636, 448216.914999999979045 ], [ 86539.861000000004424, 448228.169 ], [ 86539.411999999996624, 448229.294 ], [ 86536.943, 448235.479999999981374 ], [ 86530.481, 448251.666000000026543 ], [ 86526.642000000007101, 448261.281000000017229 ], [ 86525.376000000003842, 448264.455000000016298 ], [ 86524.89100000000326, 448265.63 ], [ 86514.130999999993946, 448289.833999999973457 ], [ 86512.540999999997439, 448293.411000000021886 ], [ 86507.690000000002328, 448304.321 ], [ 86506.11699999999837, 448308.044999999983702 ], [ 86503.714999999996508, 448313.729999999981374 ], [ 86503.591, 448314.022999999986496 ], [ 86502.55800000000454, 448316.46999999997206 ], [ 86502.247000000003027, 448317.771 ], [ 86500.089000000007218, 448326.802000000025146 ], [ 86498.857999999992899, 448331.956 ], [ 86495.928, 448344.217 ], [ 86493.721000000005006, 448353.451 ], [ 86491.063999999998487, 448364.57 ], [ 86483.994000000006054, 448388.908 ], [ 86481.845000000001164, 448396.308000000019092 ], [ 86476.907999999995809, 448408.142 ], [ 86465.513000000006286, 448435.456 ], [ 86440.195000000006985, 448489.619 ], [ 86427.976999999998952, 448521.403999999980442 ], [ 86409.714000000007218, 448572.003000000026077 ], [ 86406.534, 448585.186999999976251 ], [ 86406.44999999999709, 448585.537000000011176 ], [ 86407.830000000001746, 448586.49900000001071 ], [ 86393.164999999993597, 448621.776000000012573 ], [ 86385.305999999996857, 448633.609 ], [ 86371.070999999996275, 448658.036000000021886 ], [ 86355.48399999999674, 448689.283999999985099 ], [ 86349.667000000001281, 448701.0 ], [ 86316.307, 448768.701 ], [ 86299.452000000004773, 448802.233 ], [ 86296.481, 448806.332999999984168 ], [ 86284.149000000004889, 448822.507999999972526 ], [ 86264.937000000005355, 448847.458999999973457 ], [ 86239.907999999995809, 448879.534999999974389 ], [ 86235.786999999996624, 448884.086000000010245 ], [ 86232.535999999992782, 448886.414999999979045 ], [ 86216.104000000006636, 448897.818000000028405 ], [ 86189.997000000003027, 448916.028999999980442 ], [ 86109.968999999997322, 448971.023999999975786 ], [ 86043.364000000001397, 449017.26400000002468 ], [ 86035.176999999996042, 449023.006 ], [ 86031.345000000001164, 449026.243000000016764 ], [ 86027.804999999993015, 449029.886 ], [ 86021.307, 449037.98599999997532 ], [ 86019.61699999999837, 449039.847 ], [ 86010.410000000003492, 449051.867000000027474 ], [ 86009.603000000002794, 449052.955000000016298 ], [ 85997.216, 449068.784999999974389 ], [ 85972.779999999998836, 449100.658 ], [ 85960.476999999998952, 449116.541000000026543 ], [ 85949.524999999994179, 449133.28000000002794 ], [ 85947.224000000001979, 449136.617000000027474 ], [ 85939.595000000001164, 449148.729999999981374 ], [ 85931.318, 449161.870999999984633 ], [ 85928.063999999998487, 449167.038 ], [ 85926.055999999996857, 449170.218999999982771 ], [ 85913.18300000000454, 449190.619 ], [ 85913.130999999993946, 449190.702 ], [ 85904.299, 449204.744 ], [ 85902.361999999993714, 449207.825000000011642 ], [ 85862.902000000001863, 449181.625 ], [ 85862.8992, 449181.629399999976158 ], [ 85861.732000000003609, 449183.468 ], [ 85858.555999999996857, 449188.467 ], [ 85857.971000000005006, 449189.386999999987893 ], [ 86002.502999999996973, 449286.806999999971595 ], [ 86043.057, 449312.343999999982771 ], [ 86064.93300000000454, 449329.39000000001397 ], [ 86135.331000000005588, 449373.359 ], [ 86146.015, 449379.958999999973457 ], [ 86158.975999999995111, 449384.797000000020489 ], [ 86174.201, 449392.009000000020023 ], [ 86179.25, 449395.370999999984633 ], [ 86190.536999999996624, 449404.292000000015832 ], [ 86216.971000000005006, 449436.606000000028871 ], [ 86219.81600000000617, 449439.767 ], [ 86231.702000000004773, 449442.022999999986496 ], [ 86289.956999999994878, 449480.93 ], [ 86309.373999999996158, 449492.07 ], [ 86370.357999999992899, 449533.150000000023283 ], [ 86422.904999999998836, 449566.461000000010245 ], [ 86458.388000000006286, 449591.422000000020489 ], [ 86473.737999999997555, 449599.806999999971595 ], [ 86515.918000000005122, 449629.028999999980442 ], [ 86546.569000000003143, 449652.468999999982771 ], [ 86607.021999999997206, 449694.683000000019092 ], [ 86696.163, 449758.025000000023283 ], [ 86740.049, 449789.15500000002794 ], [ 86783.853000000002794, 449818.768999999971129 ], [ 86822.69199999999546, 449848.729 ], [ 86826.554999999993015, 449852.397 ], [ 86838.839999999996508, 449864.063000000023749 ], [ 86841.225999999995111, 449867.683000000019092 ], [ 86842.26600000000326, 449871.370999999984633 ], [ 86842.395999999993364, 449875.106000000028871 ], [ 86841.628700000001118, 449879.1409 ], [ 86857.774399999994785, 449849.418599999975413 ] ] ] ] } }
]
}
