{
"type": "FeatureCollection",
"name": "Tiel",
"crs": { "type": "name", "properties": { "name": "urn:ogc:def:crs:OGC:1.3:CRS84" } },
"features": [
{ "type": "Feature", "properties": { "buurtcode": "BU02810000", "buurtnaam": "Binnenstad", "pc6_codes": "4001AA, 4001AB, 4001AJ, 4001AK, 4001AL, 4001AM, 4001AN, 4001AP, 4001AR, 4001AS, 4001AT, 4001AV, 4001AW, 4001AZ, 4001BA, 4001BB, 4001BC, 4001BD, 4001BE, 4001BG, 4001BH, 4001BJ, 4001JM, 4001JN, 4001KV, 4001KW, 4001KX, 4001KZ, 4001LA, 4001LB, 4001LC, 4001LD, 4001LE, 4001LG, 4001LH, 4001LJ, 4001LK, 4001LL, 4001LM, 4001LN, 4001LP, 4001LR, 4001LS, 4001LT, 4001LV, 4001LW, 4001LX, 4001LZ, 4001MA, 4001MB, 4001MC, 4001MD, 4001ME, 4001MG, 4001MH, 4001MJ, 4001MK, 4001MR, 4001MS, 4001MV, 4001MW, 4001MX, 4001MZ, 4001NA, 4001NB, 4001NC, 4001ND, 4001NE, 4001NG, 4001NH, 4001NW, 4001NX, 4001NZ, 4001PC", "wijkcode": "WK028100", "gemeentecode": "GM0281", "gemeentenaam": "Tiel", "oppervlakteLandInHa": 28, "AantalInwoners_5": 2150, "Mannen_6": 1145, "Vrouwen_7": 1010, "HuishoudensTotaal_29": 1485, "GemiddeldeHuishoudensgrootte_33": 1.4, "Woningvoorraad_35": 1476, "NieuwbouwWoningen_36": 3, "NietWoningvoorraad_37": 358, "NieuwbouwNietWoningen_38": 0, "GemiddeldeWOZWaardeVanWoningen_39": 248, "PercentageEengezinswoning_40": 12, "PercentageTussenwoningEengezins_41": 9, "PercentageHoekwoningEengezins_42": 3, "PercentageTweeOnderEenKapWoningEe_43": 0, "PercentageVrijstaandeWoningEengezins_44": 0, "PercentageMeergezinswoning_45": 88, "Koopwoningen_47": 25, "HuurwoningenTotaal_48": 75, "InBezitWoningcorporatie_49": 27, "InBezitOverigeVerhuurders_50": 48, "BouwjaarMeerDanTienJaarGeleden_51": 98, "BouwjaarAfgelopenTienJaar_52": 2, "GemiddeldeElektriciteitslevering_53": 1940, "GemiddeldeElektriciteitsteruglevering_54": 60, "GemiddeldAardgasverbruik_55": 690, "AardgasvrijeWoningen_57": 5, "Aardgaswoningen_58": 88, "WoningenMetZonnestroom_59": 6, "WoningenHoofdzElektrVerwarmd_60": 6, "k_20PersonenMetHoogsteInkomen_80": 11.5, "k_20HuishoudensMetHoogsteInkomen_85": 4.5, "MediaanVermogenVanParticuliereHuish_86": 6.7, "PersonenautoSTotaal_104": 1030, "PersonenautoSBrandstofBenzine_105": 850, "PersonenautoSOverigeBrandstof_106": 175, "PersonenautoSPerHuishouden_107": 0.7, "Omgevingsadressendichtheid_121": 2285, "AantalInstallatiesBijWoningen_5": 53, "OpgesteldVermogenVanZonnepanelen_6": 177, "installaties_per_woning": 0.035907859078590787, "vermogen_per_woning": 0.11991869918699187, "installaties_per_100_woningen": 3.5907859078590789, "vermogen_per_huishouden": 0.1191919191919192, "batterijdruk_score": 3.6, "koop_zon_score": 0.015, "eengezins_zon_score": 0.0072, "betaalkracht_zon_score": 0.402, "overige_brandstof_zon_score": 10.5, "lichte_batterij_kansscore": 0.090819382940247523 }, "geometry": { "type": "MultiPolygon", "coordinates": [ [ [ [ 5.438306303342214, 51.889264008619683 ], [ 5.43836010176084, 51.889248309553153 ], [ 5.438424949304075, 51.889205174272284 ], [ 5.438605179036057, 51.889022874824569 ], [ 5.438715841213461, 51.888905264772703 ], [ 5.439038090042565, 51.888993051396369 ], [ 5.439255777207453, 51.888736725686236 ], [ 5.439465126389566, 51.888489884132305 ], [ 5.439551941894909, 51.88832338673155 ], [ 5.43960445220216, 51.888134057286159 ], [ 5.43961749313425, 51.888013287486871 ], [ 5.439625325598849, 51.887946373354396 ], [ 5.439656858970781, 51.887856602171304 ], [ 5.439706856112981, 51.887773350896531 ], [ 5.439780567232231, 51.88767866483763 ], [ 5.439896442076107, 51.887566008352472 ], [ 5.440349052317821, 51.887758028283713 ], [ 5.441020624042481, 51.887238685560725 ], [ 5.441381912742652, 51.886959711177255 ], [ 5.441509647497507, 51.88686027297252 ], [ 5.44118094372615, 51.886704761219292 ], [ 5.441065373551867, 51.886678362789439 ], [ 5.44097830130256, 51.886659788952976 ], [ 5.440777275027576, 51.886643226687831 ], [ 5.440764510666803, 51.886556040707084 ], [ 5.440721680864531, 51.886475137801717 ], [ 5.44066301303762, 51.886386993054145 ], [ 5.440461699525589, 51.886127467864341 ], [ 5.440285778497974, 51.88592475299906 ], [ 5.440093091230554, 51.885728021755163 ], [ 5.439939417569115, 51.885598772906249 ], [ 5.439684051734886, 51.885397562465648 ], [ 5.439628604464503, 51.885351542077473 ], [ 5.439479666731607, 51.885209554090039 ], [ 5.439341554626853, 51.88525565999776 ], [ 5.43924663413322, 51.88528999076506 ], [ 5.439183354649631, 51.885314511971863 ], [ 5.439131132765582, 51.885321393210589 ], [ 5.439053569333529, 51.885310650620326 ], [ 5.438985478509098, 51.885279331385348 ], [ 5.438947456222737, 51.88524603847992 ], [ 5.438896741911497, 51.885187280141729 ], [ 5.43883498240759, 51.885156936848787 ], [ 5.43875677253313, 51.885134438559078 ], [ 5.438603224113992, 51.885108054418815 ], [ 5.438334123092621, 51.885068005360473 ], [ 5.437943953495713, 51.885030947388806 ], [ 5.43785689789826, 51.885023147293303 ], [ 5.437665367531174, 51.884998737801268 ], [ 5.437015525617849, 51.884857941236433 ], [ 5.436657768097047, 51.884789514929167 ], [ 5.436467832251162, 51.884773920326289 ], [ 5.436007302879321, 51.884797625698283 ], [ 5.435656237653133, 51.884768380711364 ], [ 5.435320673884084, 51.884731291411484 ], [ 5.435084836715539, 51.884711794535356 ], [ 5.434888582962296, 51.884707955751786 ], [ 5.434333239590285, 51.88471797701137 ], [ 5.434224036118049, 51.884718020930798 ], [ 5.434021464425643, 51.884726919647768 ], [ 5.43374927242379, 51.884750539783774 ], [ 5.433572047526552, 51.884781960395131 ], [ 5.433243561642715, 51.884853607221245 ], [ 5.432817933538235, 51.884959579568083 ], [ 5.432105282856383, 51.885142566474116 ], [ 5.431574271426053, 51.885278945235875 ], [ 5.431366987624249, 51.885326048593264 ], [ 5.431052096373713, 51.885389846361718 ], [ 5.430657285387672, 51.885458081747608 ], [ 5.430203122894295, 51.885530746388071 ], [ 5.430043302516199, 51.885561175549796 ], [ 5.430002167905635, 51.885577845008925 ], [ 5.429948384560454, 51.885606275760857 ], [ 5.429815517133314, 51.885689597152457 ], [ 5.42967159329962, 51.885796434878522 ], [ 5.429625746817548, 51.885850334520562 ], [ 5.429581494045721, 51.885916969077442 ], [ 5.429540431671265, 51.886009074381896 ], [ 5.429521505333557, 51.88607961864313 ], [ 5.429513648504962, 51.886139381937085 ], [ 5.429512147603512, 51.886226574297901 ], [ 5.429536197152478, 51.886552801014624 ], [ 5.429592069348, 51.887057318701764 ], [ 5.429636709206524, 51.887398232857002 ], [ 5.429649416565524, 51.887446233805086 ], [ 5.429689045910469, 51.887509897860298 ], [ 5.429749223321546, 51.887546124868564 ], [ 5.429815730247094, 51.887578430646727 ], [ 5.42983025933313, 51.887583658337 ], [ 5.429921810525604, 51.887616599389247 ], [ 5.430064623423825, 51.887665531546055 ], [ 5.43057204839576, 51.88782111434017 ], [ 5.430830107431595, 51.887890576093476 ], [ 5.431081837437906, 51.887961999099666 ], [ 5.43118634938684, 51.888011923969152 ], [ 5.43126712555489, 51.888066756302386 ], [ 5.431314640497748, 51.888099067480709 ], [ 5.431335715791264, 51.888122571101633 ], [ 5.43138652254677, 51.888283220293296 ], [ 5.431432679321076, 51.888541839968219 ], [ 5.431451792823622, 51.8886642927813 ], [ 5.431483379685757, 51.88878362103577 ], [ 5.431523411000149, 51.888848938154965 ], [ 5.431645148553137, 51.888921877789087 ], [ 5.431736041297778, 51.888962010100833 ], [ 5.431823118091436, 51.888984509674636 ], [ 5.431856360421182, 51.888988415889898 ], [ 5.431886434580459, 51.888986444066155 ], [ 5.431921248045612, 51.888979572705793 ], [ 5.431984536173545, 51.888956036943249 ], [ 5.432134848553131, 51.88890111751946 ], [ 5.432283596476876, 51.888866770000774 ], [ 5.432879585646953, 51.888772489976589 ], [ 5.433279971545713, 51.888711592889031 ], [ 5.433689856009177, 51.888654609557975 ], [ 5.43441325623693, 51.888563209350394 ], [ 5.434707617090652, 51.888525861672157 ], [ 5.435082684423359, 51.888474765943506 ], [ 5.435656665563548, 51.888385377640688 ], [ 5.436406773744687, 51.888262604738784 ], [ 5.436631147522394, 51.88877880383275 ], [ 5.436752218363201, 51.889052083811961 ], [ 5.43691841398689, 51.88905495342793 ], [ 5.437184341433483, 51.889068555436737 ], [ 5.437398042873519, 51.889088058484212 ], [ 5.437569012153455, 51.889110517803921 ], [ 5.437774827790229, 51.889154514845657 ], [ 5.437977015455189, 51.889210268882117 ], [ 5.43814167728027, 51.889252323672522 ], [ 5.43824299321632, 51.889266975403771 ], [ 5.438306303342214, 51.889264008619683 ] ] ] ] } },
{ "type": "Feature", "properties": { "buurtcode": "BU02810001", "buurtnaam": "Sterrebos", "pc6_codes": "4001AE, 4001AG, 4001DA, 4001DB, 4001DC, 4001DD, 4001DE, 4001DG, 4001DH, 4001DJ, 4001DK, 4001DL, 4001DM, 4001JD, 4001JE, 4001JG, 4001JP, 4001JR, 4001JS, 4001JT, 4001JW, 4001JX, 4001JZ, 4001KA, 4001KB, 4001KC, 4001KD, 4001LM, 4001ML, 4001MN, 4001MP, 4001NE, 4001NJ, 4001NK, 4001NL, 4001NM, 4001NN, 4001NP, 4001NR, 4001NS, 4001NT, 4001NV, 4001PB, 4001RK, 4001RL, 4001RM, 4001RR", "wijkcode": "WK028100", "gemeentecode": "GM0281", "gemeentenaam": "Tiel", "oppervlakteLandInHa": 32, "AantalInwoners_5": 1475, "Mannen_6": 730, "Vrouwen_7": 745, "HuishoudensTotaal_29": 795, "GemiddeldeHuishoudensgrootte_33": 1.8, "Woningvoorraad_35": 811, "NieuwbouwWoningen_36": 0, "NietWoningvoorraad_37": 87, "NieuwbouwNietWoningen_38": 0, "GemiddeldeWOZWaardeVanWoningen_39": 310, "PercentageEengezinswoning_40": 70, "PercentageTussenwoningEengezins_41": 38, "PercentageHoekwoningEengezins_42": 18, "PercentageTweeOnderEenKapWoningEe_43": 10, "PercentageVrijstaandeWoningEengezins_44": 4, "PercentageMeergezinswoning_45": 30, "Koopwoningen_47": 63, "HuurwoningenTotaal_48": 37, "InBezitWoningcorporatie_49": 19, "InBezitOverigeVerhuurders_50": 18, "BouwjaarMeerDanTienJaarGeleden_51": 83, "BouwjaarAfgelopenTienJaar_52": 17, "GemiddeldeElektriciteitslevering_53": 2200, "GemiddeldeElektriciteitsteruglevering_54": 310, "GemiddeldAardgasverbruik_55": 740, "AardgasvrijeWoningen_57": 14, "Aardgaswoningen_58": 84, "WoningenMetZonnestroom_59": 20, "WoningenHoofdzElektrVerwarmd_60": 15, "k_20PersonenMetHoogsteInkomen_80": 16.7, "k_20HuishoudensMetHoogsteInkomen_85": 9.7, "MediaanVermogenVanParticuliereHuish_86": 128.4, "PersonenautoSTotaal_104": 790, "PersonenautoSBrandstofBenzine_105": 665, "PersonenautoSOverigeBrandstof_106": 125, "PersonenautoSPerHuishouden_107": 1.0, "Omgevingsadressendichtheid_121": 2020, "AantalInstallatiesBijWoningen_5": 97, "OpgesteldVermogenVanZonnepanelen_6": 278, "installaties_per_woning": 0.11960542540073983, "vermogen_per_woning": 0.34278668310727495, "installaties_per_100_woningen": 11.960542540073984, "vermogen_per_huishouden": 0.34968553459119495, "batterijdruk_score": 62.0, "koop_zon_score": 0.126, "eengezins_zon_score": 0.14, "betaalkracht_zon_score": 25.68, "overige_brandstof_zon_score": 25.0, "lichte_batterij_kansscore": 0.31715216695278448 }, "geometry": { "type": "MultiPolygon", "coordinates": [ [ [ [ 5.429722446914935, 51.887622656405213 ], [ 5.429796434394635, 51.887598197527993 ], [ 5.42983025933313, 51.887583658337 ], [ 5.429815730247094, 51.887578430646727 ], [ 5.429749223321546, 51.887546124868564 ], [ 5.429689045910469, 51.887509897860298 ], [ 5.429649416565524, 51.887446233805086 ], [ 5.429636709206524, 51.887398232857002 ], [ 5.429592069348, 51.887057318701764 ], [ 5.429536197152478, 51.886552801014624 ], [ 5.429512147603512, 51.886226574297901 ], [ 5.429513648504962, 51.886139381937085 ], [ 5.429521505333557, 51.88607961864313 ], [ 5.429540431671265, 51.886009074381896 ], [ 5.429581494045721, 51.885916969077442 ], [ 5.429625746817548, 51.885850334520562 ], [ 5.42967159329962, 51.885796434878522 ], [ 5.429815517133314, 51.885689597152457 ], [ 5.429948384560454, 51.885606275760857 ], [ 5.430002167905635, 51.885577845008925 ], [ 5.430043302516199, 51.885561175549796 ], [ 5.430203122894295, 51.885530746388071 ], [ 5.430657285387672, 51.885458081747608 ], [ 5.431052096373713, 51.885389846361718 ], [ 5.431366987624249, 51.885326048593264 ], [ 5.431574271426053, 51.885278945235875 ], [ 5.432105282856383, 51.885142566474116 ], [ 5.432817933538235, 51.884959579568083 ], [ 5.433243561642715, 51.884853607221245 ], [ 5.433572047526552, 51.884781960395131 ], [ 5.43374927242379, 51.884750539783774 ], [ 5.434021464425643, 51.884726919647768 ], [ 5.434224036118049, 51.884718020930798 ], [ 5.434333239590285, 51.88471797701137 ], [ 5.434888582962296, 51.884707955751786 ], [ 5.435084836715539, 51.884711794535356 ], [ 5.435320673884084, 51.884731291411484 ], [ 5.435656237653133, 51.884768380711364 ], [ 5.436007302879321, 51.884797625698283 ], [ 5.436467832251162, 51.884773920326289 ], [ 5.436657768097047, 51.884789514929167 ], [ 5.437015525617849, 51.884857941236433 ], [ 5.437665367531174, 51.884998737801268 ], [ 5.43785689789826, 51.885023147293303 ], [ 5.437943953495713, 51.885030947388806 ], [ 5.438334123092621, 51.885068005360473 ], [ 5.438603224113992, 51.885108054418815 ], [ 5.43875677253313, 51.885134438559078 ], [ 5.43883498240759, 51.885156936848787 ], [ 5.438896741911497, 51.885187280141729 ], [ 5.438947456222737, 51.88524603847992 ], [ 5.438985478509098, 51.885279331385348 ], [ 5.439053569333529, 51.885310650620326 ], [ 5.439131132765582, 51.885321393210589 ], [ 5.439183354649631, 51.885314511971863 ], [ 5.43924663413322, 51.88528999076506 ], [ 5.439341554626853, 51.88525565999776 ], [ 5.439479666731607, 51.885209554090039 ], [ 5.439628604464503, 51.885351542077473 ], [ 5.439684051734886, 51.885397562465648 ], [ 5.439939417569115, 51.885598772906249 ], [ 5.440093091230554, 51.885728021755163 ], [ 5.440285778497974, 51.88592475299906 ], [ 5.440461699525589, 51.886127467864341 ], [ 5.44066301303762, 51.886386993054145 ], [ 5.440721680864531, 51.886475137801717 ], [ 5.440764510666803, 51.886556040707084 ], [ 5.440777275027576, 51.886643226687831 ], [ 5.44097830130256, 51.886659788952976 ], [ 5.441065373551867, 51.886678362789439 ], [ 5.44118094372615, 51.886704761219292 ], [ 5.441509647497507, 51.88686027297252 ], [ 5.441630323250233, 51.886766329754309 ], [ 5.442074716298399, 51.88642689527132 ], [ 5.442458658556197, 51.886130388744959 ], [ 5.444983559157166, 51.884203301749444 ], [ 5.444895351898193, 51.884158044226432 ], [ 5.444288486554285, 51.883846555616358 ], [ 5.443357808258402, 51.88337028435285 ], [ 5.442435288690796, 51.882898513969252 ], [ 5.441612122327681, 51.882478651538108 ], [ 5.441150430203809, 51.882244441388821 ], [ 5.441021171854478, 51.882175039311448 ], [ 5.440867430485725, 51.882096597099498 ], [ 5.440704950685038, 51.882009619796762 ], [ 5.440508948841001, 51.881884403342461 ], [ 5.439895605207197, 51.881495577580409 ], [ 5.439149724153697, 51.881025670113821 ], [ 5.438633370544112, 51.880707874114165 ], [ 5.43812347175104, 51.880389371939202 ], [ 5.437526791206589, 51.880020282777053 ], [ 5.436820340568935, 51.879545759454324 ], [ 5.43614222631571, 51.879086356311184 ], [ 5.436046226912643, 51.879019114488777 ], [ 5.433805107606964, 51.880507247470362 ], [ 5.43308184611621, 51.880989133412321 ], [ 5.43322903226854, 51.88109929371943 ], [ 5.433368478550622, 51.881207059715194 ], [ 5.433461454504472, 51.881290883816625 ], [ 5.433589330017464, 51.881436990106074 ], [ 5.433647444688125, 51.881494471486512 ], [ 5.433775338810045, 51.881657350623087 ], [ 5.433930300345335, 51.881793860634509 ], [ 5.432752108479944, 51.882532299261747 ], [ 5.432380748530636, 51.882740897060231 ], [ 5.431839159055508, 51.883028626964965 ], [ 5.431533605240637, 51.883251573728778 ], [ 5.431253328397932, 51.883206155653049 ], [ 5.43081974396265, 51.883124853556744 ], [ 5.430606813724867, 51.883074616256877 ], [ 5.430258361929345, 51.882969320380433 ], [ 5.42973568284077, 51.88280897789722 ], [ 5.42876116453684, 51.882483469143338 ], [ 5.428331411599992, 51.882347048356465 ], [ 5.428073455317252, 51.882274706579842 ], [ 5.42802182773532, 51.882365965693602 ], [ 5.427967563971982, 51.882466932162473 ], [ 5.427853988823481, 51.8827267028596 ], [ 5.427821791324713, 51.882810837295544 ], [ 5.427755720895279, 51.883007498045984 ], [ 5.427681198472388, 51.883249378193796 ], [ 5.427593162653515, 51.883577488558686 ], [ 5.427535574461842, 51.883763630831204 ], [ 5.427518641692453, 51.883824626736534 ], [ 5.427511889777765, 51.883871947936363 ], [ 5.427515327713636, 51.883917163262581 ], [ 5.427549508134415, 51.884146387122783 ], [ 5.42758544514519, 51.884438702785431 ], [ 5.427597429309366, 51.884541749428649 ], [ 5.427648776188026, 51.884967605090864 ], [ 5.427679596843793, 51.885236789294922 ], [ 5.427703544668485, 51.885420800109671 ], [ 5.42771896573057, 51.885566958778554 ], [ 5.427722466327024, 51.885679472104272 ], [ 5.427727676776628, 51.885806706758828 ], [ 5.427726032071765, 51.885865593221908 ], [ 5.427710822919719, 51.885953928227266 ], [ 5.427688847840232, 51.886075914138594 ], [ 5.427658419691379, 51.886242067834623 ], [ 5.427641495202655, 51.886311475876575 ], [ 5.427607619955388, 51.886422950478384 ], [ 5.427511014878425, 51.886675353435564 ], [ 5.427439838154076, 51.88686781004634 ], [ 5.427298445589308, 51.887202051309885 ], [ 5.428142316575642, 51.8873666788893 ], [ 5.428813485419425, 51.887513036625542 ], [ 5.429163879474928, 51.887592317635885 ], [ 5.42944615005373, 51.887634972463779 ], [ 5.429613911753076, 51.88763796599909 ], [ 5.429722446914935, 51.887622656405213 ] ] ] ] } },
{ "type": "Feature", "properties": { "buurtcode": "BU02810002", "buurtnaam": "Hertogenwijk", "pc6_codes": "4001JT, 4001JV, 4001KE, 4001KG, 4001KH, 4001KJ, 4001KK, 4001KL, 4001KM, 4001KN, 4001KP, 4001KR, 4001KS, 4001KT, 4001PA, 4001PB, 4001RA, 4001RB, 4001RC, 4001RD, 4001RE, 4001RG, 4001RH, 4001RJ, 4001RM, 4001RN, 4001RP, 4001RS, 4001RT, 4001RV, 4001RW, 4001RX, 4001RZ, 4001SB, 4001SC, 4001SG, 4001SH, 4001SJ, 4001SK, 4001SL, 4001SM, 4001SN, 4001SP, 4001SR, 4001ST, 4001TA, 4001TB, 4001TC, 4001TD, 4001TE, 4001TH, 4001TJ, 4001TK, 4001TL, 4001TM, 4006TN", "wijkcode": "WK028100", "gemeentecode": "GM0281", "gemeentenaam": "Tiel", "oppervlakteLandInHa": 36, "AantalInwoners_5": 2290, "Mannen_6": 1170, "Vrouwen_7": 1120, "HuishoudensTotaal_29": 1015, "GemiddeldeHuishoudensgrootte_33": 2.1, "Woningvoorraad_35": 1046, "NieuwbouwWoningen_36": 0, "NietWoningvoorraad_37": 206, "NieuwbouwNietWoningen_38": 0, "GemiddeldeWOZWaardeVanWoningen_39": 262, "PercentageEengezinswoning_40": 43, "PercentageTussenwoningEengezins_41": 26, "PercentageHoekwoningEengezins_42": 14, "PercentageTweeOnderEenKapWoningEe_43": 1, "PercentageVrijstaandeWoningEengezins_44": 2, "PercentageMeergezinswoning_45": 57, "Koopwoningen_47": 24, "HuurwoningenTotaal_48": 76, "InBezitWoningcorporatie_49": 68, "InBezitOverigeVerhuurders_50": 7, "BouwjaarMeerDanTienJaarGeleden_51": 93, "BouwjaarAfgelopenTienJaar_52": 7, "GemiddeldeElektriciteitslevering_53": 2190, "GemiddeldeElektriciteitsteruglevering_54": 290, "GemiddeldAardgasverbruik_55": 810, "AardgasvrijeWoningen_57": 3, "Aardgaswoningen_58": 74, "WoningenMetZonnestroom_59": 22, "WoningenHoofdzElektrVerwarmd_60": 25, "k_20PersonenMetHoogsteInkomen_80": 5.7, "k_20HuishoudensMetHoogsteInkomen_85": 8.4, "MediaanVermogenVanParticuliereHuish_86": 9.3, "PersonenautoSTotaal_104": 840, "PersonenautoSBrandstofBenzine_105": 685, "PersonenautoSOverigeBrandstof_106": 155, "PersonenautoSPerHuishouden_107": 0.8, "Omgevingsadressendichtheid_121": 1630, "AantalInstallatiesBijWoningen_5": 134, "OpgesteldVermogenVanZonnepanelen_6": 348, "installaties_per_woning": 0.12810707456978968, "vermogen_per_woning": 0.33269598470363287, "installaties_per_100_woningen": 12.810707456978967, "vermogen_per_huishouden": 0.34285714285714286, "batterijdruk_score": 63.8, "koop_zon_score": 0.0528, "eengezins_zon_score": 0.0946, "betaalkracht_zon_score": 2.046, "overige_brandstof_zon_score": 34.1, "lichte_batterij_kansscore": 0.18910430029706604 }, "geometry": { "type": "MultiPolygon", "coordinates": [ [ [ [ 5.431839159055508, 51.883028626964965 ], [ 5.432380748530636, 51.882740897060231 ], [ 5.432752108479944, 51.882532299261747 ], [ 5.433930300345335, 51.881793860634509 ], [ 5.433775338810045, 51.881657350623087 ], [ 5.433647444688125, 51.881494471486512 ], [ 5.433589330017464, 51.881436990106074 ], [ 5.433461454504472, 51.881290883816625 ], [ 5.433368478550622, 51.881207059715194 ], [ 5.43322903226854, 51.88109929371943 ], [ 5.43308184611621, 51.880989133412321 ], [ 5.433805107606964, 51.880507247470362 ], [ 5.436046226912643, 51.879019114488777 ], [ 5.435874846627556, 51.878899070727854 ], [ 5.434813589461793, 51.878150580447262 ], [ 5.434691591921318, 51.878064534670493 ], [ 5.434637150040207, 51.878026140748588 ], [ 5.434093880785253, 51.877639503181911 ], [ 5.433538118546493, 51.87722603795158 ], [ 5.433340439305553, 51.877052627441827 ], [ 5.431892667456359, 51.877591193071403 ], [ 5.42879992989812, 51.878224415977385 ], [ 5.427180019019067, 51.878130640500046 ], [ 5.421474099759117, 51.87765982116526 ], [ 5.421286270283485, 51.878590616373799 ], [ 5.4211395523814, 51.879253805001674 ], [ 5.420947358462234, 51.880206151983316 ], [ 5.421474419970467, 51.880324621695372 ], [ 5.421969903349514, 51.880429900020737 ], [ 5.422395728964022, 51.880539989805229 ], [ 5.423069324924351, 51.880733862213155 ], [ 5.423677121513451, 51.880915771696095 ], [ 5.425502490247977, 51.881480649047731 ], [ 5.427557102424549, 51.882117299443451 ], [ 5.427913290485306, 51.882229789488903 ], [ 5.428073455317252, 51.882274706579842 ], [ 5.428331411599992, 51.882347048356465 ], [ 5.42876116453684, 51.882483469143338 ], [ 5.42973568284077, 51.88280897789722 ], [ 5.430258361929345, 51.882969320380433 ], [ 5.430606813724867, 51.883074616256877 ], [ 5.43081974396265, 51.883124853556744 ], [ 5.431253328397932, 51.883206155653049 ], [ 5.431533605240637, 51.883251573728778 ], [ 5.431839159055508, 51.883028626964965 ] ] ] ] } },
{ "type": "Feature", "properties": { "buurtcode": "BU02810003", "buurtnaam": "Burgemeesterswijk", "pc6_codes": "4001AG, 4001DM, 4001DN, 4001DP, 4001DR, 4001DS, 4001DT, 4001DV, 4001DW, 4001DX, 4001DZ, 4001EA, 4001EB, 4001EC, 4001ED, 4001EE, 4001JZ, 4001VB, 4001VC, 4001VD, 4001VE, 4001VG, 4001VH, 4001VJ, 4001VK, 4001VL, 4001VM, 4001VN, 4001VP, 4001VS, 4001VT, 4001VV, 4001WB, 4001WC, 4001WG, 4001WH, 4001WJ, 4001WK, 4001WL, 4001WN, 4001WP", "wijkcode": "WK028100", "gemeentecode": "GM0281", "gemeentenaam": "Tiel", "oppervlakteLandInHa": 34, "AantalInwoners_5": 1415, "Mannen_6": 710, "Vrouwen_7": 705, "HuishoudensTotaal_29": 625, "GemiddeldeHuishoudensgrootte_33": 2.3, "Woningvoorraad_35": 632, "NieuwbouwWoningen_36": 0, "NietWoningvoorraad_37": 153, "NieuwbouwNietWoningen_38": 0, "GemiddeldeWOZWaardeVanWoningen_39": 305, "PercentageEengezinswoning_40": 78, "PercentageTussenwoningEengezins_41": 25, "PercentageHoekwoningEengezins_42": 19, "PercentageTweeOnderEenKapWoningEe_43": 26, "PercentageVrijstaandeWoningEengezins_44": 8, "PercentageMeergezinswoning_45": 22, "Koopwoningen_47": 62, "HuurwoningenTotaal_48": 38, "InBezitWoningcorporatie_49": 33, "InBezitOverigeVerhuurders_50": 5, "BouwjaarMeerDanTienJaarGeleden_51": 97, "BouwjaarAfgelopenTienJaar_52": 3, "GemiddeldeElektriciteitslevering_53": 2470, "GemiddeldeElektriciteitsteruglevering_54": 680, "GemiddeldAardgasverbruik_55": 1020, "AardgasvrijeWoningen_57": 0, "Aardgaswoningen_58": 95, "WoningenMetZonnestroom_59": 34, "WoningenHoofdzElektrVerwarmd_60": 2, "k_20PersonenMetHoogsteInkomen_80": 16.6, "k_20HuishoudensMetHoogsteInkomen_85": 17.6, "MediaanVermogenVanParticuliereHuish_86": 155.4, "PersonenautoSTotaal_104": 645, "PersonenautoSBrandstofBenzine_105": 525, "PersonenautoSOverigeBrandstof_106": 120, "PersonenautoSPerHuishouden_107": 1.0, "Omgevingsadressendichtheid_121": 1945, "AantalInstallatiesBijWoningen_5": 133, "OpgesteldVermogenVanZonnepanelen_6": 551, "installaties_per_woning": 0.21044303797468356, "vermogen_per_woning": 0.87183544303797467, "installaties_per_100_woningen": 21.044303797468356, "vermogen_per_huishouden": 0.8816, "batterijdruk_score": 231.2, "koop_zon_score": 0.2108, "eengezins_zon_score": 0.2652, "betaalkracht_zon_score": 52.836, "overige_brandstof_zon_score": 40.8, "lichte_batterij_kansscore": 0.36974215531074817 }, "geometry": { "type": "MultiPolygon", "coordinates": [ [ [ [ 5.427439838154076, 51.88686781004634 ], [ 5.427511014878425, 51.886675353435564 ], [ 5.427607619955388, 51.886422950478384 ], [ 5.427641495202655, 51.886311475876575 ], [ 5.427658419691379, 51.886242067834623 ], [ 5.427688847840232, 51.886075914138594 ], [ 5.427710822919719, 51.885953928227266 ], [ 5.427726032071765, 51.885865593221908 ], [ 5.427727676776628, 51.885806706758828 ], [ 5.427722466327024, 51.885679472104272 ], [ 5.42771896573057, 51.885566958778554 ], [ 5.427703544668485, 51.885420800109671 ], [ 5.427679596843793, 51.885236789294922 ], [ 5.427648776188026, 51.884967605090864 ], [ 5.427597429309366, 51.884541749428649 ], [ 5.42758544514519, 51.884438702785431 ], [ 5.427549508134415, 51.884146387122783 ], [ 5.427515327713636, 51.883917163262581 ], [ 5.427511889777765, 51.883871947936363 ], [ 5.427518641692453, 51.883824626736534 ], [ 5.427535574461842, 51.883763630831204 ], [ 5.427593162653515, 51.883577488558686 ], [ 5.427681198472388, 51.883249378193796 ], [ 5.427755720895279, 51.883007498045984 ], [ 5.427821791324713, 51.882810837295544 ], [ 5.427853988823481, 51.8827267028596 ], [ 5.427967563971982, 51.882466932162473 ], [ 5.42802182773532, 51.882365965693602 ], [ 5.428073455317252, 51.882274706579842 ], [ 5.427913290485306, 51.882229789488903 ], [ 5.427557102424549, 51.882117299443451 ], [ 5.425502490247977, 51.881480649047731 ], [ 5.423677121513451, 51.880915771696095 ], [ 5.423069324924351, 51.880733862213155 ], [ 5.422395728964022, 51.880539989805229 ], [ 5.421969903349514, 51.880429900020737 ], [ 5.421474419970467, 51.880324621695372 ], [ 5.420947358462234, 51.880206151983316 ], [ 5.420825737207571, 51.880498472989743 ], [ 5.420466077735759, 51.88156086675184 ], [ 5.419559249573826, 51.884235704352747 ], [ 5.419008837518499, 51.885838652200924 ], [ 5.41916325049058, 51.885900471985821 ], [ 5.419745613150779, 51.886123257740849 ], [ 5.420051603352651, 51.886242280476111 ], [ 5.420394095765024, 51.886346021846038 ], [ 5.420714852959406, 51.886413120492563 ], [ 5.420981324699844, 51.886464962856365 ], [ 5.421232974091759, 51.886486268517835 ], [ 5.421543834637277, 51.886513663804934 ], [ 5.421899090247317, 51.886525774895524 ], [ 5.422209941918849, 51.886540952436881 ], [ 5.422491204371099, 51.886574463416537 ], [ 5.423177097653879, 51.886662822315969 ], [ 5.426298698491241, 51.887077172943037 ], [ 5.427298445589308, 51.887202051309885 ], [ 5.427439838154076, 51.88686781004634 ] ] ] ] } },
{ "type": "Feature", "properties": { "buurtcode": "BU02810004", "buurtnaam": "Stationsbuurt", "pc6_codes": "4001AC, 4001AD, 4001AE, 4001AH, 4001CA, 4001CB, 4001CC, 4001CD, 4001CE, 4001CH, 4001CJ, 4001CK, 4001CL, 4001CM, 4001CN, 4001CP, 4001CR, 4001CS, 4001CT, 4001CV, 4001CW, 4001CX, 4001WD, 4001WE, 4001WM, 4001WV, 4001WW, 4001WX, 4001WZ, 4001XE, 4001XH, 4001XJ, 4001XK, 4001XL, 4001XM", "wijkcode": "WK028100", "gemeentecode": "GM0281", "gemeentenaam": "Tiel", "oppervlakteLandInHa": 32, "AantalInwoners_5": 1000, "Mannen_6": 505, "Vrouwen_7": 495, "HuishoudensTotaal_29": 530, "GemiddeldeHuishoudensgrootte_33": 1.9, "Woningvoorraad_35": 502, "NieuwbouwWoningen_36": 0, "NietWoningvoorraad_37": 100, "NieuwbouwNietWoningen_38": 0, "GemiddeldeWOZWaardeVanWoningen_39": 376, "PercentageEengezinswoning_40": 64, "PercentageTussenwoningEengezins_41": 14, "PercentageHoekwoningEengezins_42": 11, "PercentageTweeOnderEenKapWoningEe_43": 25, "PercentageVrijstaandeWoningEengezins_44": 15, "PercentageMeergezinswoning_45": 36, "Koopwoningen_47": 66, "HuurwoningenTotaal_48": 33, "InBezitWoningcorporatie_49": 16, "InBezitOverigeVerhuurders_50": 17, "BouwjaarMeerDanTienJaarGeleden_51": 85, "BouwjaarAfgelopenTienJaar_52": 15, "GemiddeldeElektriciteitslevering_53": 2680, "GemiddeldeElektriciteitsteruglevering_54": 540, "GemiddeldAardgasverbruik_55": 930, "AardgasvrijeWoningen_57": 15, "Aardgaswoningen_58": 80, "WoningenMetZonnestroom_59": 27, "WoningenHoofdzElektrVerwarmd_60": 17, "k_20PersonenMetHoogsteInkomen_80": 22.7, "k_20HuishoudensMetHoogsteInkomen_85": 20.2, "MediaanVermogenVanParticuliereHuish_86": 198.2, "PersonenautoSTotaal_104": 535, "PersonenautoSBrandstofBenzine_105": 420, "PersonenautoSOverigeBrandstof_106": 115, "PersonenautoSPerHuishouden_107": 1.0, "Omgevingsadressendichtheid_121": 2482, "AantalInstallatiesBijWoningen_5": 92, "OpgesteldVermogenVanZonnepanelen_6": 428, "installaties_per_woning": 0.18326693227091634, "vermogen_per_woning": 0.85258964143426297, "installaties_per_100_woningen": 18.326693227091635, "vermogen_per_huishouden": 0.8075471698113208, "batterijdruk_score": 145.8, "koop_zon_score": 0.1782, "eengezins_zon_score": 0.1728, "betaalkracht_zon_score": 53.514, "overige_brandstof_zon_score": 31.05, "lichte_batterij_kansscore": 0.3316135289500971 }, "geometry": { "type": "MultiPolygon", "coordinates": [ [ [ [ 5.427563233344245, 51.891971389915312 ], [ 5.427631849422162, 51.891896607966771 ], [ 5.42774305632838, 51.891776371853339 ], [ 5.427811682441821, 51.891713316809287 ], [ 5.428043135806335, 51.891521212327937 ], [ 5.428303421762775, 51.891264600022467 ], [ 5.428540065208772, 51.891054902651696 ], [ 5.428838844917636, 51.890813300355646 ], [ 5.429058113320856, 51.890643185330219 ], [ 5.429165788277411, 51.890552997851358 ], [ 5.429305388008503, 51.890413693984627 ], [ 5.429340880103683, 51.890379233601642 ], [ 5.42937044303013, 51.890333049226101 ], [ 5.429377523077543, 51.890306661559755 ], [ 5.429375132427744, 51.890283942729802 ], [ 5.429347865716134, 51.890252436924762 ], [ 5.429301642750077, 51.890207745826714 ], [ 5.42928623052449, 51.890187961860207 ], [ 5.429286202985669, 51.89015864567461 ], [ 5.429300387909906, 51.890132255456848 ], [ 5.429329964351091, 51.890103661162158 ], [ 5.429427137145221, 51.890037413025084 ], [ 5.429943336790569, 51.889726425939394 ], [ 5.430400142780974, 51.889467469235647 ], [ 5.430510784788605, 51.889431907528639 ], [ 5.430819344711879, 51.889323964941077 ], [ 5.4310959422064, 51.889228718703748 ], [ 5.431085645805692, 51.889177980085066 ], [ 5.431036329784255, 51.88904733582546 ], [ 5.43117153667137, 51.888985124802268 ], [ 5.431523411000149, 51.888848938154965 ], [ 5.431483379685757, 51.88878362103577 ], [ 5.431451792823622, 51.8886642927813 ], [ 5.431432679321076, 51.888541839968219 ], [ 5.43138652254677, 51.888283220293296 ], [ 5.431335715791264, 51.888122571101633 ], [ 5.431314640497748, 51.888099067480709 ], [ 5.43126712555489, 51.888066756302386 ], [ 5.43118634938684, 51.888011923969152 ], [ 5.431081837437906, 51.887961999099666 ], [ 5.430830107431595, 51.887890576093476 ], [ 5.43057204839576, 51.88782111434017 ], [ 5.430064623423825, 51.887665531546055 ], [ 5.429921810525604, 51.887616599389247 ], [ 5.42983025933313, 51.887583658337 ], [ 5.429796434394635, 51.887598197527993 ], [ 5.429722446914935, 51.887622656405213 ], [ 5.429613911753076, 51.88763796599909 ], [ 5.42944615005373, 51.887634972463779 ], [ 5.429163879474928, 51.887592317635885 ], [ 5.428813485419425, 51.887513036625542 ], [ 5.428142316575642, 51.8873666788893 ], [ 5.427298445589308, 51.887202051309885 ], [ 5.426298698491241, 51.887077172943037 ], [ 5.423177097653879, 51.886662822315969 ], [ 5.422491204371099, 51.886574463416537 ], [ 5.422209941918849, 51.886540952436881 ], [ 5.421899090247317, 51.886525774895524 ], [ 5.421543834637277, 51.886513663804934 ], [ 5.421232974091759, 51.886486268517835 ], [ 5.420981324699844, 51.886464962856365 ], [ 5.420714852959406, 51.886413120492563 ], [ 5.420394095765024, 51.886346021846038 ], [ 5.420051603352651, 51.886242280476111 ], [ 5.419745613150779, 51.886123257740849 ], [ 5.41916325049058, 51.885900471985821 ], [ 5.419008837518499, 51.885838652200924 ], [ 5.418309447004999, 51.885558646672955 ], [ 5.41788502418413, 51.885396893248597 ], [ 5.41747047318184, 51.885238189952247 ], [ 5.417115156867315, 51.885116118899283 ], [ 5.416562948413656, 51.884939122232865 ], [ 5.415729768300842, 51.885928846124358 ], [ 5.415690761990436, 51.885968647708395 ], [ 5.416675895877182, 51.886474009006719 ], [ 5.417537141620556, 51.886919156524868 ], [ 5.418724077235409, 51.887528690605201 ], [ 5.419129823371367, 51.887733808263981 ], [ 5.419796796982589, 51.888074190417626 ], [ 5.420450848558936, 51.888408999708659 ], [ 5.421385516443282, 51.888888704711647 ], [ 5.422889135497022, 51.889660394260154 ], [ 5.423583169475283, 51.890017240085506 ], [ 5.424404578423436, 51.890439071598337 ], [ 5.425174149056704, 51.890830670404561 ], [ 5.426170303797272, 51.891344165314095 ], [ 5.426733112434502, 51.891631071294086 ], [ 5.427491596780856, 51.892023459468696 ], [ 5.427563233344245, 51.891971389915312 ] ] ] ] } },
{ "type": "Feature", "properties": { "buurtcode": "BU02810005", "buurtnaam": "Santwijck", "pc6_codes": "4001AX, 4001CE, 4001EG, 4001EL, 4001EN, 4001EP, 4001ER, 4001ES, 4001ET, 4001EW, 4001EX, 4001GC, 4001GJ, 4001GK, 4001GS, 4001GV, 4001HA, 4001HB, 4001HC, 4001HD, 4001HE, 4001HG, 4001HH, 4001HJ, 4001HK, 4001HL, 4001HM, 4001HN, 4001HP, 4001HR, 4001HS, 4001HT, 4001HV, 4001HW, 4001JB, 4001XA, 4001XB, 4001XC, 4001XD, 4001XE, 4001XG, 4001XM, 4001XN", "wijkcode": "WK028100", "gemeentecode": "GM0281", "gemeentenaam": "Tiel", "oppervlakteLandInHa": 26, "AantalInwoners_5": 1480, "Mannen_6": 700, "Vrouwen_7": 770, "HuishoudensTotaal_29": 715, "GemiddeldeHuishoudensgrootte_33": 1.9, "Woningvoorraad_35": 770, "NieuwbouwWoningen_36": 0, "NietWoningvoorraad_37": 162, "NieuwbouwNietWoningen_38": 0, "GemiddeldeWOZWaardeVanWoningen_39": 300, "PercentageEengezinswoning_40": 69, "PercentageTussenwoningEengezins_41": 34, "PercentageHoekwoningEengezins_42": 20, "PercentageTweeOnderEenKapWoningEe_43": 8, "PercentageVrijstaandeWoningEengezins_44": 6, "PercentageMeergezinswoning_45": 31, "Koopwoningen_47": 58, "HuurwoningenTotaal_48": 42, "InBezitWoningcorporatie_49": 25, "InBezitOverigeVerhuurders_50": 17, "BouwjaarMeerDanTienJaarGeleden_51": 100, "BouwjaarAfgelopenTienJaar_52": 0, "GemiddeldeElektriciteitslevering_53": 2310, "GemiddeldeElektriciteitsteruglevering_54": 400, "GemiddeldAardgasverbruik_55": 880, "AardgasvrijeWoningen_57": 0, "Aardgaswoningen_58": 98, "WoningenMetZonnestroom_59": 20, "WoningenHoofdzElektrVerwarmd_60": 2, "k_20PersonenMetHoogsteInkomen_80": 13.0, "k_20HuishoudensMetHoogsteInkomen_85": 10.5, "MediaanVermogenVanParticuliereHuish_86": 115.5, "PersonenautoSTotaal_104": 680, "PersonenautoSBrandstofBenzine_105": 570, "PersonenautoSOverigeBrandstof_106": 105, "PersonenautoSPerHuishouden_107": 0.9, "Omgevingsadressendichtheid_121": 2493, "AantalInstallatiesBijWoningen_5": 86, "OpgesteldVermogenVanZonnepanelen_6": 392, "installaties_per_woning": 0.11168831168831168, "vermogen_per_woning": 0.50909090909090904, "installaties_per_100_woningen": 11.168831168831169, "vermogen_per_huishouden": 0.54825174825174827, "batterijdruk_score": 80.0, "koop_zon_score": 0.116, "eengezins_zon_score": 0.138, "betaalkracht_zon_score": 23.1, "overige_brandstof_zon_score": 21.0, "lichte_batterij_kansscore": 0.30739668026919897 }, "geometry": { "type": "MultiPolygon", "coordinates": [ [ [ [ 5.431743076687751, 51.893478175054845 ], [ 5.431793602391429, 51.893437918869928 ], [ 5.432027887545048, 51.893190447562972 ], [ 5.432263623080352, 51.892950427407577 ], [ 5.43269665001533, 51.892561304510323 ], [ 5.433022630605311, 51.892279519590723 ], [ 5.433513394140451, 51.89185162433224 ], [ 5.433874273642075, 51.891565353334279 ], [ 5.434048470763893, 51.891440102107111 ], [ 5.434176006302342, 51.891365539013918 ], [ 5.434416647876382, 51.891231319009925 ], [ 5.434690970494861, 51.891073241626593 ], [ 5.434806467134098, 51.890998682727748 ], [ 5.434878631218707, 51.890933082017575 ], [ 5.434933944615242, 51.890871958907589 ], [ 5.434970070098983, 51.890879395462107 ], [ 5.435179640915295, 51.890965744718265 ], [ 5.435316948219422, 51.891023808422545 ], [ 5.435526555721593, 51.891142941815929 ], [ 5.435784352811731, 51.891291860002184 ], [ 5.436075412896866, 51.89147205915225 ], [ 5.436554820623348, 51.891698376326055 ], [ 5.436778851715137, 51.891789187398942 ], [ 5.436735627575417, 51.891895012188847 ], [ 5.436714066556632, 51.891994868569903 ], [ 5.436719084744444, 51.892178167234881 ], [ 5.436741131709373, 51.892517934834615 ], [ 5.436748489686836, 51.892640131938592 ], [ 5.436726949551627, 51.89275787139308 ], [ 5.436702949854917, 51.892830903259039 ], [ 5.436616425085039, 51.892975493880584 ], [ 5.436537111087962, 51.893108160237006 ], [ 5.437779767626118, 51.893262616839152 ], [ 5.438128521631407, 51.893302683758733 ], [ 5.438137564414643, 51.893217834025343 ], [ 5.438146345200452, 51.893072490558971 ], [ 5.438199688401101, 51.892779019646838 ], [ 5.438235186550457, 51.892527082350995 ], [ 5.438283871224739, 51.892073046690683 ], [ 5.438274329394391, 51.89154982839279 ], [ 5.438307257664599, 51.891007211887093 ], [ 5.438405150650469, 51.890560076478522 ], [ 5.438554257754165, 51.889920516134794 ], [ 5.438645579231553, 51.889597961012285 ], [ 5.438670790095271, 51.889545350473654 ], [ 5.438766764046888, 51.889380589784295 ], [ 5.438838189975856, 51.889261518320829 ], [ 5.439012348640251, 51.889023360511324 ], [ 5.439038090042565, 51.888993051396369 ], [ 5.438715841213461, 51.888905264772703 ], [ 5.438605179036057, 51.889022874824569 ], [ 5.438424949304075, 51.889205174272284 ], [ 5.43836010176084, 51.889248309553153 ], [ 5.438306303342214, 51.889264008619683 ], [ 5.43824299321632, 51.889266975403771 ], [ 5.43814167728027, 51.889252323672522 ], [ 5.437977015455189, 51.889210268882117 ], [ 5.437774827790229, 51.889154514845657 ], [ 5.437569012153455, 51.889110517803921 ], [ 5.437398042873519, 51.889088058484212 ], [ 5.437184341433483, 51.889068555436737 ], [ 5.43691841398689, 51.88905495342793 ], [ 5.436752218363201, 51.889052083811961 ], [ 5.436631147522394, 51.88877880383275 ], [ 5.436406773744687, 51.888262604738784 ], [ 5.435656665563548, 51.888385377640688 ], [ 5.435082684423359, 51.888474765943506 ], [ 5.434707617090652, 51.888525861672157 ], [ 5.43441325623693, 51.888563209350394 ], [ 5.433689856009177, 51.888654609557975 ], [ 5.433279971545713, 51.888711592889031 ], [ 5.432879585646953, 51.888772489976589 ], [ 5.432283596476876, 51.888866770000774 ], [ 5.432134848553131, 51.88890111751946 ], [ 5.431984536173545, 51.888956036943249 ], [ 5.431921248045612, 51.888979572705793 ], [ 5.431886434580459, 51.888986444066155 ], [ 5.431856360421182, 51.888988415889898 ], [ 5.431823118091436, 51.888984509674636 ], [ 5.431736041297778, 51.888962010100833 ], [ 5.431645148553137, 51.888921877789087 ], [ 5.431523411000149, 51.888848938154965 ], [ 5.43117153667137, 51.888985124802268 ], [ 5.431036329784255, 51.88904733582546 ], [ 5.431085645805692, 51.889177980085066 ], [ 5.4310959422064, 51.889228718703748 ], [ 5.430819344711879, 51.889323964941077 ], [ 5.430510784788605, 51.889431907528639 ], [ 5.430400142780974, 51.889467469235647 ], [ 5.429943336790569, 51.889726425939394 ], [ 5.429427137145221, 51.890037413025084 ], [ 5.429329964351091, 51.890103661162158 ], [ 5.429300387909906, 51.890132255456848 ], [ 5.429286202985669, 51.89015864567461 ], [ 5.42928623052449, 51.890187961860207 ], [ 5.429301642750077, 51.890207745826714 ], [ 5.429347865716134, 51.890252436924762 ], [ 5.429375132427744, 51.890283942729802 ], [ 5.429377523077543, 51.890306661559755 ], [ 5.42937044303013, 51.890333049226101 ], [ 5.429340880103683, 51.890379233601642 ], [ 5.429305388008503, 51.890413693984627 ], [ 5.429165788277411, 51.890552997851358 ], [ 5.429058113320856, 51.890643185330219 ], [ 5.428838844917636, 51.890813300355646 ], [ 5.428540065208772, 51.891054902651696 ], [ 5.428303421762775, 51.891264600022467 ], [ 5.428043135806335, 51.891521212327937 ], [ 5.427811682441821, 51.891713316809287 ], [ 5.42774305632838, 51.891776371853339 ], [ 5.427631849422162, 51.891896607966771 ], [ 5.427563233344245, 51.891971389915312 ], [ 5.427491596780856, 51.892023459468696 ], [ 5.428418709636658, 51.89250306777663 ], [ 5.429484988256504, 51.893043229231722 ], [ 5.430316435447372, 51.893470588374626 ], [ 5.430655166922308, 51.893644656016683 ], [ 5.430999436266555, 51.893826397498565 ], [ 5.431743076687751, 51.893478175054845 ] ] ] ] } },
{ "type": "Feature", "properties": { "buurtcode": "BU02810006", "buurtnaam": "De Lok", "pc6_codes": "4001CG, 4001EH, 4001EM, 4001ET, 4001EV, 4001EX, 4001EZ, 4001GA, 4001GB, 4001GD, 4001GE, 4001GG, 4001GH, 4001GK, 4001GL, 4001GM, 4001GN, 4001GP, 4001GR, 4001GT, 4001GW, 4001HX, 4001HZ, 4001JA, 4001JB, 4001JC, 4001ZA, 4001ZB, 4001ZC, 4001ZD, 4001ZE, 4001ZG, 4001ZH, 4001ZJ, 4001ZK, 4001ZL, 4001ZM, 4001ZN, 4001ZP", "wijkcode": "WK028100", "gemeentecode": "GM0281", "gemeentenaam": "Tiel", "oppervlakteLandInHa": 18, "AantalInwoners_5": 1145, "Mannen_6": 565, "Vrouwen_7": 575, "HuishoudensTotaal_29": 570, "GemiddeldeHuishoudensgrootte_33": 2.0, "Woningvoorraad_35": 561, "NieuwbouwWoningen_36": 0, "NietWoningvoorraad_37": 100, "NieuwbouwNietWoningen_38": 0, "GemiddeldeWOZWaardeVanWoningen_39": 276, "PercentageEengezinswoning_40": 94, "PercentageTussenwoningEengezins_41": 55, "PercentageHoekwoningEengezins_42": 31, "PercentageTweeOnderEenKapWoningEe_43": 5, "PercentageVrijstaandeWoningEengezins_44": 3, "PercentageMeergezinswoning_45": 6, "Koopwoningen_47": 33, "HuurwoningenTotaal_48": 67, "InBezitWoningcorporatie_49": 63, "InBezitOverigeVerhuurders_50": 4, "BouwjaarMeerDanTienJaarGeleden_51": 89, "BouwjaarAfgelopenTienJaar_52": 11, "GemiddeldeElektriciteitslevering_53": 2330, "GemiddeldeElektriciteitsteruglevering_54": 540, "GemiddeldAardgasverbruik_55": 790, "AardgasvrijeWoningen_57": 2, "Aardgaswoningen_58": 92, "WoningenMetZonnestroom_59": 36, "WoningenHoofdzElektrVerwarmd_60": 4, "k_20PersonenMetHoogsteInkomen_80": 6.8, "k_20HuishoudensMetHoogsteInkomen_85": 5.9, "MediaanVermogenVanParticuliereHuish_86": 18.3, "PersonenautoSTotaal_104": 570, "PersonenautoSBrandstofBenzine_105": 475, "PersonenautoSOverigeBrandstof_106": 95, "PersonenautoSPerHuishouden_107": 1.0, "Omgevingsadressendichtheid_121": 2486, "AantalInstallatiesBijWoningen_5": 205, "OpgesteldVermogenVanZonnepanelen_6": 616, "installaties_per_woning": 0.36541889483065954, "vermogen_per_woning": 1.0980392156862746, "installaties_per_100_woningen": 36.541889483065951, "vermogen_per_huishouden": 1.0807017543859649, "batterijdruk_score": 194.4, "koop_zon_score": 0.1188, "eengezins_zon_score": 0.3384, "betaalkracht_zon_score": 6.588, "overige_brandstof_zon_score": 34.2, "lichte_batterij_kansscore": 0.34326063966910902 }, "geometry": { "type": "MultiPolygon", "coordinates": [ [ [ [ 5.436859529037831, 51.896990293616838 ], [ 5.436890790186546, 51.896940449337002 ], [ 5.436939886360102, 51.896839383158671 ], [ 5.436962173148798, 51.896767395550363 ], [ 5.436991121376612, 51.896651111763092 ], [ 5.43700669874439, 51.896579126997075 ], [ 5.437033452449856, 51.896501601591304 ], [ 5.437084803684698, 51.896417143828707 ], [ 5.43717193496678, 51.896328519093103 ], [ 5.437455703634571, 51.896068170773496 ], [ 5.437574128976641, 51.895961536865208 ], [ 5.437645643285667, 51.895908907563594 ], [ 5.437748476261544, 51.895860416390356 ], [ 5.437902736325996, 51.895798060920328 ], [ 5.438104577082211, 51.89568308605557 ], [ 5.438191734727107, 51.895619375157821 ], [ 5.438285588474276, 51.895543204415752 ], [ 5.438341407887335, 51.895457359947784 ], [ 5.438365908533963, 51.895367377452736 ], [ 5.438294208178265, 51.895255289838218 ], [ 5.438202354555714, 51.895122447128642 ], [ 5.438170971661854, 51.895061557096994 ], [ 5.438161937210074, 51.894984046989165 ], [ 5.438143785024852, 51.894755663551798 ], [ 5.43814349400616, 51.894499589326664 ], [ 5.438122900427267, 51.894091262419771 ], [ 5.438114093504326, 51.893548710130901 ], [ 5.438122073353709, 51.893363180406347 ], [ 5.438128521631407, 51.893302683758733 ], [ 5.437779767626118, 51.893262616839152 ], [ 5.436537111087962, 51.893108160237006 ], [ 5.436616425085039, 51.892975493880584 ], [ 5.436702949854917, 51.892830903259039 ], [ 5.436726949551627, 51.89275787139308 ], [ 5.436748489686836, 51.892640131938592 ], [ 5.436741131709373, 51.892517934834615 ], [ 5.436719084744444, 51.892178167234881 ], [ 5.436714066556632, 51.891994868569903 ], [ 5.436735627575417, 51.891895012188847 ], [ 5.436778851715137, 51.891789187398942 ], [ 5.436554820623348, 51.891698376326055 ], [ 5.436075412896866, 51.89147205915225 ], [ 5.435784352811731, 51.891291860002184 ], [ 5.435526555721593, 51.891142941815929 ], [ 5.435316948219422, 51.891023808422545 ], [ 5.435179640915295, 51.890965744718265 ], [ 5.434970070098983, 51.890879395462107 ], [ 5.434933944615242, 51.890871958907589 ], [ 5.434878631218707, 51.890933082017575 ], [ 5.434806467134098, 51.890998682727748 ], [ 5.434690970494861, 51.891073241626593 ], [ 5.434416647876382, 51.891231319009925 ], [ 5.434176006302342, 51.891365539013918 ], [ 5.434048470763893, 51.891440102107111 ], [ 5.433874273642075, 51.891565353334279 ], [ 5.433513394140451, 51.89185162433224 ], [ 5.433022630605311, 51.892279519590723 ], [ 5.43269665001533, 51.892561304510323 ], [ 5.432263623080352, 51.892950427407577 ], [ 5.432027887545048, 51.893190447562972 ], [ 5.431793602391429, 51.893437918869928 ], [ 5.431743076687751, 51.893478175054845 ], [ 5.430999436266555, 51.893826397498565 ], [ 5.431308009952416, 51.893989292211067 ], [ 5.43206687248636, 51.89441424750455 ], [ 5.432599131779591, 51.894719132428826 ], [ 5.433093868350413, 51.895008573399302 ], [ 5.433532147972534, 51.895268488357345 ], [ 5.433822182384326, 51.895442407003358 ], [ 5.435744288442585, 51.896590483533018 ], [ 5.436320124849398, 51.896928732099127 ], [ 5.436721844594732, 51.897153566484697 ], [ 5.436859529037831, 51.896990293616838 ] ] ] ] } },
{ "type": "Feature", "properties": { "buurtcode": "BU02810007", "buurtnaam": "Het Ooij", "pc6_codes": "4005AB, 4005AC, 4005AD, 4005AE, 4005AG, 4005AK, 4005AL, 4005AM, 4005AN, 4005AR, 4005AS, 4005AT, 4005AV, 4005AW, 4005AX, 4005AZ, 4005BA, 4005BB, 4005BC, 4005BD, 4005BE, 4005BG, 4005CB, 4005CC, 4005CE, 4005CG, 4005CH, 4005CJ, 4005CK, 4005CL, 4005CM, 4005CN, 4005CP, 4005CR, 4005CS, 4005CT, 4005CV, 4005CW, 4005CX, 4005CZ, 4005DA, 4005DB, 4005EN, 4005EP, 4005ER, 4005ES, 4005ET, 4005EV, 4005EW, 4005EX, 4005EZ, 4005GC, 4005GD, 4005GE, 4005GH, 4005GL, 4005GW, 4005VA, 4005VB, 4005VC, 4005VD, 4005VE, 4005VG, 4005VH, 4005VJ, 4005VK, 4005VL, 4005VM, 4005VN, 4005VP, 4005VR, 4005VS, 4005VT, 4005VV, 4005VW, 4005VX, 4005VZ", "wijkcode": "WK028100", "gemeentecode": "GM0281", "gemeentenaam": "Tiel", "oppervlakteLandInHa": 42, "AantalInwoners_5": 3110, "Mannen_6": 1520, "Vrouwen_7": 1595, "HuishoudensTotaal_29": 1360, "GemiddeldeHuishoudensgrootte_33": 2.3, "Woningvoorraad_35": 1306, "NieuwbouwWoningen_36": 0, "NietWoningvoorraad_37": 62, "NieuwbouwNietWoningen_38": 1, "GemiddeldeWOZWaardeVanWoningen_39": 298, "PercentageEengezinswoning_40": 88, "PercentageTussenwoningEengezins_41": 58, "PercentageHoekwoningEengezins_42": 22, "PercentageTweeOnderEenKapWoningEe_43": 3, "PercentageVrijstaandeWoningEengezins_44": 4, "PercentageMeergezinswoning_45": 12, "Koopwoningen_47": 41, "HuurwoningenTotaal_48": 59, "InBezitWoningcorporatie_49": 54, "InBezitOverigeVerhuurders_50": 5, "BouwjaarMeerDanTienJaarGeleden_51": 94, "BouwjaarAfgelopenTienJaar_52": 6, "GemiddeldeElektriciteitslevering_53": 2540, "GemiddeldeElektriciteitsteruglevering_54": 690, "GemiddeldAardgasverbruik_55": 850, "AardgasvrijeWoningen_57": 3, "Aardgaswoningen_58": 92, "WoningenMetZonnestroom_59": 41, "WoningenHoofdzElektrVerwarmd_60": 8, "k_20PersonenMetHoogsteInkomen_80": 9.4, "k_20HuishoudensMetHoogsteInkomen_85": 10.2, "MediaanVermogenVanParticuliereHuish_86": 21.2, "PersonenautoSTotaal_104": 1450, "PersonenautoSBrandstofBenzine_105": 1220, "PersonenautoSOverigeBrandstof_106": 230, "PersonenautoSPerHuishouden_107": 1.1, "Omgevingsadressendichtheid_121": 1630, "AantalInstallatiesBijWoningen_5": 339, "OpgesteldVermogenVanZonnepanelen_6": 1079, "installaties_per_woning": 0.25957120980091886, "vermogen_per_woning": 0.8261868300153139, "installaties_per_100_woningen": 25.957120980091887, "vermogen_per_huishouden": 0.79338235294117643, "batterijdruk_score": 282.9, "koop_zon_score": 0.1681, "eengezins_zon_score": 0.3608, "betaalkracht_zon_score": 8.692, "overige_brandstof_zon_score": 94.3, "lichte_batterij_kansscore": 0.36397164664478299 }, "geometry": { "type": "MultiPolygon", "coordinates": [ [ [ [ 5.443858538725099, 51.900169608171119 ], [ 5.4438997438073, 51.899818437870344 ], [ 5.443925418815147, 51.899538149416621 ], [ 5.443917398783289, 51.899370631599908 ], [ 5.443888615631979, 51.899253059098136 ], [ 5.443831166621137, 51.899108115864742 ], [ 5.443763329264733, 51.898982507805485 ], [ 5.443716375874716, 51.898903602607334 ], [ 5.443176677794993, 51.898203171567204 ], [ 5.443033288269873, 51.898021221972819 ], [ 5.443540677514998, 51.897872785709886 ], [ 5.444217189052411, 51.897672721779259 ], [ 5.444472182680165, 51.897598501624778 ], [ 5.444646501250399, 51.897538817697324 ], [ 5.44481040536559, 51.897475917233152 ], [ 5.444922251734532, 51.897414652000585 ], [ 5.44504968291753, 51.897327606873873 ], [ 5.445177074035811, 51.897209956536848 ], [ 5.445262854259623, 51.897121321080874 ], [ 5.445363174546291, 51.897003684850482 ], [ 5.445420309363681, 51.896903787697667 ], [ 5.445448884960562, 51.89686189350369 ], [ 5.445636307854241, 51.896873075068754 ], [ 5.445935643984489, 51.896876147683365 ], [ 5.446099620044521, 51.89687123236547 ], [ 5.446419738108717, 51.89684368820479 ], [ 5.44665656365446, 51.89681618457017 ], [ 5.446882969950535, 51.896780631368287 ], [ 5.447115865942192, 51.896735411111557 ], [ 5.447467152308025, 51.896659523564367 ], [ 5.448122872355718, 51.896509382182941 ], [ 5.448767121264934, 51.896347967367099 ], [ 5.448673194518958, 51.8961853279039 ], [ 5.448584379837146, 51.895951811291646 ], [ 5.448555599146157, 51.895842293375473 ], [ 5.44852932808175, 51.895665121141747 ], [ 5.448508242080583, 51.895471838285921 ], [ 5.448495018666837, 51.895318820608473 ], [ 5.448497259595768, 51.895054651135744 ], [ 5.448502310103069, 51.894940283389872 ], [ 5.44852263159717, 51.89457462493516 ], [ 5.448537859085386, 51.894289508635666 ], [ 5.448589068965884, 51.893672552117344 ], [ 5.447763952868458, 51.893629489921224 ], [ 5.447357897606406, 51.89360392700965 ], [ 5.446679312643581, 51.893557560465993 ], [ 5.446067624267557, 51.893515989408108 ], [ 5.445827088669965, 51.893480672818008 ], [ 5.445517270510146, 51.893405120036491 ], [ 5.444900230879854, 51.893247568839072 ], [ 5.444121706070473, 51.893091821424967 ], [ 5.443386722764759, 51.892957504805047 ], [ 5.443078968378632, 51.892902134084494 ], [ 5.443251771936191, 51.892555833594464 ], [ 5.442757162365547, 51.892469086903922 ], [ 5.442504237242868, 51.892428836613277 ], [ 5.441850862772263, 51.892334106558302 ], [ 5.441114190451683, 51.892226525637106 ], [ 5.440849462123441, 51.89219120998672 ], [ 5.440118006720802, 51.892088451631437 ], [ 5.440120851872961, 51.892294630813652 ], [ 5.440129025283459, 51.892603897811433 ], [ 5.440108370300797, 51.892744044382823 ], [ 5.440056517637593, 51.892914811037784 ], [ 5.439934689966483, 51.893336891044164 ], [ 5.439869905074903, 51.893576927135911 ], [ 5.439841404789096, 51.893688083665474 ], [ 5.439581160238993, 51.893710751952753 ], [ 5.439424997910894, 51.893710821694064 ], [ 5.438793490828457, 51.89363217369425 ], [ 5.438114093504326, 51.893548710130901 ], [ 5.438122900427267, 51.894091262419771 ], [ 5.43814349400616, 51.894499589326664 ], [ 5.438143785024852, 51.894755663551798 ], [ 5.438161937210074, 51.894984046989165 ], [ 5.438170971661854, 51.895061557096994 ], [ 5.438202354555714, 51.895122447128642 ], [ 5.438294208178265, 51.895255289838218 ], [ 5.438365908533963, 51.895367377452736 ], [ 5.438341407887335, 51.895457359947784 ], [ 5.438285588474276, 51.895543204415752 ], [ 5.438191734727107, 51.895619375157821 ], [ 5.438104577082211, 51.89568308605557 ], [ 5.437902736325996, 51.895798060920328 ], [ 5.437748476261544, 51.895860416390356 ], [ 5.437645643285667, 51.895908907563594 ], [ 5.437574128976641, 51.895961536865208 ], [ 5.437455703634571, 51.896068170773496 ], [ 5.43717193496678, 51.896328519093103 ], [ 5.437084803684698, 51.896417143828707 ], [ 5.437033452449856, 51.896501601591304 ], [ 5.43700669874439, 51.896579126997075 ], [ 5.436991121376612, 51.896651111763092 ], [ 5.436962173148798, 51.896767395550363 ], [ 5.436939886360102, 51.896839383158671 ], [ 5.436890790186546, 51.896940449337002 ], [ 5.436859529037831, 51.896990293616838 ], [ 5.436721844594732, 51.897153566484697 ], [ 5.437184776879089, 51.897412656471246 ], [ 5.437973942778212, 51.897830315959027 ], [ 5.438494292868524, 51.898099294423837 ], [ 5.439020542524693, 51.898363552715907 ], [ 5.439807576832162, 51.898737458438937 ], [ 5.440475445039358, 51.899044314752018 ], [ 5.441115612982099, 51.899327865321936 ], [ 5.442244232630939, 51.899792248222617 ], [ 5.443224352795784, 51.900180572361272 ], [ 5.443782801997738, 51.900389848536356 ], [ 5.443803928946379, 51.900397353427749 ], [ 5.443858538725099, 51.900169608171119 ] ] ] ] } },
{ "type": "Feature", "properties": { "buurtcode": "BU02810009", "buurtnaam": "Latenstein", "pc6_codes": "4001LZ, 4005AA, 4005AB, 4005AH, 4005AJ, 4005AP, 4005AR, 4005CA, 4005CB, 4005DC, 4005DD, 4005DE, 4005EA, 4005EB, 4005EC, 4005ED, 4005EE, 4005EG, 4005EH, 4005EJ, 4005EK, 4005EL, 4005EM, 4005EN, 4005EP, 4005EZ, 4005GA, 4005GB, 4005GG, 4005GJ, 4005GK, 4005GM, 4005GN, 4005GP, 4005GR, 4005GS, 4005GT, 4005GV, 4005GX, 4005GZ, 4005HA, 4005HB, 4005HC, 4005HD, 4005HE, 4005HG, 4005JA, 4005LA, 4005LB, 4005LC, 4005LD, 4005LE, 4005LG, 4005LH, 4005LJ, 4005MA, 4005MC, 4005MD, 4005MG, 4005MJ, 4005MK, 4005ML, 4005MN, 4005MP, 4005MR, 4005VB, 4005VG", "wijkcode": "WK028100", "gemeentecode": "GM0281", "gemeentenaam": "Tiel", "oppervlakteLandInHa": 145, "AantalInwoners_5": 2845, "Mannen_6": 1425, "Vrouwen_7": 1420, "HuishoudensTotaal_29": 1230, "GemiddeldeHuishoudensgrootte_33": 2.3, "Woningvoorraad_35": 1186, "NieuwbouwWoningen_36": 0, "NietWoningvoorraad_37": 328, "NieuwbouwNietWoningen_38": 186, "GemiddeldeWOZWaardeVanWoningen_39": 406, "PercentageEengezinswoning_40": 70, "PercentageTussenwoningEengezins_41": 43, "PercentageHoekwoningEengezins_42": 14, "PercentageTweeOnderEenKapWoningEe_43": 7, "PercentageVrijstaandeWoningEengezins_44": 5, "PercentageMeergezinswoning_45": 30, "Koopwoningen_47": 85, "HuurwoningenTotaal_48": 14, "InBezitWoningcorporatie_49": 4, "InBezitOverigeVerhuurders_50": 10, "BouwjaarMeerDanTienJaarGeleden_51": 86, "BouwjaarAfgelopenTienJaar_52": 14, "GemiddeldeElektriciteitslevering_53": 2950, "GemiddeldeElektriciteitsteruglevering_54": 890, "GemiddeldAardgasverbruik_55": 740, "AardgasvrijeWoningen_57": 9, "Aardgaswoningen_58": 87, "WoningenMetZonnestroom_59": 42, "WoningenHoofdzElektrVerwarmd_60": 13, "k_20PersonenMetHoogsteInkomen_80": 21.2, "k_20HuishoudensMetHoogsteInkomen_85": 23.8, "MediaanVermogenVanParticuliereHuish_86": 243.0, "PersonenautoSTotaal_104": 1810, "PersonenautoSBrandstofBenzine_105": 1180, "PersonenautoSOverigeBrandstof_106": 630, "PersonenautoSPerHuishouden_107": 1.5, "Omgevingsadressendichtheid_121": 1559, "AantalInstallatiesBijWoningen_5": 413, "OpgesteldVermogenVanZonnepanelen_6": 1342, "installaties_per_woning": 0.34822934232715008, "vermogen_per_woning": 1.1315345699831365, "installaties_per_100_woningen": 34.822934232715006, "vermogen_per_huishouden": 1.0910569105691057, "batterijdruk_score": 373.8, "koop_zon_score": 0.357, "eengezins_zon_score": 0.294, "betaalkracht_zon_score": 102.06, "overige_brandstof_zon_score": 264.6, "lichte_batterij_kansscore": 0.43080143803655052 }, "geometry": { "type": "MultiPolygon", "coordinates": [ [ [ [ 5.456130789451899, 51.903548617622249 ], [ 5.456200670146288, 51.903427405605264 ], [ 5.456208292994132, 51.90341421532181 ], [ 5.456236225876173, 51.903370201279202 ], [ 5.456241632708654, 51.903361686200427 ], [ 5.456320863673186, 51.903236019406009 ], [ 5.456440750264475, 51.903025308472486 ], [ 5.456439805446039, 51.90302509331201 ], [ 5.45614726168665, 51.902958905326216 ], [ 5.455540954908018, 51.902821721827557 ], [ 5.455616031997506, 51.902696597218039 ], [ 5.455764837124495, 51.902439149030151 ], [ 5.455820844054498, 51.902348676244195 ], [ 5.455846296386709, 51.902307548976019 ], [ 5.455849047145024, 51.902301012889822 ], [ 5.455877399125781, 51.902255731333831 ], [ 5.455912678059282, 51.902198392434642 ], [ 5.455935338319309, 51.902165383194614 ], [ 5.455986617341295, 51.902090669543142 ], [ 5.455987480885238, 51.902085276071816 ], [ 5.456066046284085, 51.901962450112691 ], [ 5.456070102871803, 51.901954717813304 ], [ 5.456114608575203, 51.901869383942689 ], [ 5.456182047908058, 51.901759094097827 ], [ 5.456209845490825, 51.901712788120996 ], [ 5.456241629235479, 51.901660268891582 ], [ 5.456300473906051, 51.901564455160084 ], [ 5.456778700979987, 51.900785913452971 ], [ 5.456832441796501, 51.900698425616092 ], [ 5.456846357462673, 51.900677205017367 ], [ 5.456877683998835, 51.90063997493737 ], [ 5.456924375426596, 51.900579186426938 ], [ 5.456976280934543, 51.900507788627799 ], [ 5.457002030844687, 51.900435148024549 ], [ 5.457047597304923, 51.900398628479451 ], [ 5.457084133442319, 51.900348092589347 ], [ 5.457111942173817, 51.900291449865136 ], [ 5.457153644066487, 51.900199385033716 ], [ 5.457226117395098, 51.900087347833193 ], [ 5.457304690810935, 51.899974048579274 ], [ 5.457393089898254, 51.899826228403626 ], [ 5.457461491242104, 51.89971257560034 ], [ 5.457545865036962, 51.899592801142369 ], [ 5.457608477016406, 51.899493892499002 ], [ 5.457738621609927, 51.899284297503065 ], [ 5.457915807771443, 51.898989824642058 ], [ 5.457922517239052, 51.898978675129342 ], [ 5.458138594701252, 51.898628541004364 ], [ 5.458236428460201, 51.898478287620385 ], [ 5.458295121222734, 51.898383605461397 ], [ 5.458369039686808, 51.898270308291039 ], [ 5.45847512084498, 51.898099556416334 ], [ 5.458567725784238, 51.897951732759822 ], [ 5.45863945579273, 51.897833583073762 ], [ 5.458727725503615, 51.897701131885803 ], [ 5.458820754754925, 51.897547105849327 ], [ 5.458854005925691, 51.897495621333924 ], [ 5.458920755863625, 51.897392266525081 ], [ 5.45897466898661, 51.897308642520791 ], [ 5.459024868536446, 51.897219672739453 ], [ 5.45902899747871, 51.897212344761002 ], [ 5.459119855769202, 51.897064791369161 ], [ 5.459182458028552, 51.896964174083735 ], [ 5.45923028763846, 51.896892687871556 ], [ 5.459338963969112, 51.896713574487201 ], [ 5.459439832279799, 51.89655819487205 ], [ 5.459534165154823, 51.896404706738956 ], [ 5.45964805101408, 51.896214264606606 ], [ 5.459753245974525, 51.896040545942313 ], [ 5.459784803795285, 51.895988115734376 ], [ 5.459843830030009, 51.895906007167788 ], [ 5.459940137479661, 51.89578031822716 ], [ 5.460240715040259, 51.895496739770493 ], [ 5.460266462844619, 51.895472410420112 ], [ 5.460275340400556, 51.895464027806959 ], [ 5.460410302314084, 51.895336750408063 ], [ 5.460429871123074, 51.895265227407776 ], [ 5.460436760211091, 51.895240235677825 ], [ 5.460487193708307, 51.895057526296554 ], [ 5.46048746811013, 51.895056528425599 ], [ 5.46052977932991, 51.894900024944782 ], [ 5.460589023416907, 51.894686345363034 ], [ 5.460687017541602, 51.894333772474639 ], [ 5.460759564465048, 51.894171416540203 ], [ 5.460966197751845, 51.893649164441477 ], [ 5.460983421197817, 51.893605634124711 ], [ 5.460992849525343, 51.893587948233666 ], [ 5.461000224166585, 51.893575872324497 ], [ 5.461027271450094, 51.893485792678959 ], [ 5.461056690148176, 51.893415521711958 ], [ 5.461086202646688, 51.893340513851605 ], [ 5.461190524455542, 51.893164511355494 ], [ 5.461277546767407, 51.89303453971749 ], [ 5.461409227886332, 51.892818189288668 ], [ 5.461498979298506, 51.892679011747745 ], [ 5.461510367820005, 51.892660974027237 ], [ 5.461659756562081, 51.892602967702906 ], [ 5.461661774005051, 51.8926018608622 ], [ 5.461729724645023, 51.892571068752112 ], [ 5.461813684715454, 51.892540625944754 ], [ 5.461912577650544, 51.892509616286766 ], [ 5.462007878830354, 51.89247655950836 ], [ 5.462102143523323, 51.892440555156817 ], [ 5.462181730376607, 51.892410078926865 ], [ 5.462263322091302, 51.892371053498728 ], [ 5.462319325232302, 51.892345679644663 ], [ 5.462913450192757, 51.892024298732977 ], [ 5.463176151013665, 51.891883740711584 ], [ 5.463566028120402, 51.89133888704805 ], [ 5.463571055206376, 51.891305222635829 ], [ 5.463634884898251, 51.89087820140481 ], [ 5.463674239345197, 51.890614980678862 ], [ 5.463698673278503, 51.890453220483273 ], [ 5.463735704346314, 51.890207968827646 ], [ 5.463742872142005, 51.890160541934804 ], [ 5.463916745752456, 51.889008947466401 ], [ 5.462676285667952, 51.888890900583711 ], [ 5.460605216335511, 51.888653010516556 ], [ 5.459103248735184, 51.888488278372279 ], [ 5.458111351391962, 51.888369500225501 ], [ 5.457839723237407, 51.888326376650809 ], [ 5.457141585317883, 51.888215529316334 ], [ 5.456525330332727, 51.888112727873619 ], [ 5.455394006823739, 51.887892405535965 ], [ 5.454409777954833, 51.887680005583967 ], [ 5.453434548815731, 51.887437490508859 ], [ 5.452453544198939, 51.887161659941633 ], [ 5.451234787762414, 51.886795277464138 ], [ 5.451230675331457, 51.886794039327285 ], [ 5.450597195445035, 51.886576831185465 ], [ 5.449583964715105, 51.886205592333205 ], [ 5.449031920868245, 51.8859933657928 ], [ 5.448283993971375, 51.88571397955586 ], [ 5.447579589188014, 51.885421047733146 ], [ 5.446879193831819, 51.885132576817703 ], [ 5.44583665202815, 51.884646036665352 ], [ 5.445343569860315, 51.884388012813162 ], [ 5.444983559157166, 51.884203301749444 ], [ 5.442458658556197, 51.886130388744959 ], [ 5.442074716298399, 51.88642689527132 ], [ 5.441630323250233, 51.886766329754309 ], [ 5.441509647497507, 51.88686027297252 ], [ 5.441381912742652, 51.886959711177255 ], [ 5.441020624042481, 51.887238685560725 ], [ 5.440349052317821, 51.887758028283713 ], [ 5.439896442076107, 51.887566008352472 ], [ 5.439780567232231, 51.88767866483763 ], [ 5.439706856112981, 51.887773350896531 ], [ 5.439656858970781, 51.887856602171304 ], [ 5.439625325598849, 51.887946373354396 ], [ 5.43961749313425, 51.888013287486871 ], [ 5.43960445220216, 51.888134057286159 ], [ 5.439551941894909, 51.88832338673155 ], [ 5.439465126389566, 51.888489884132305 ], [ 5.439255777207453, 51.888736725686236 ], [ 5.439038090042565, 51.888993051396369 ], [ 5.439012348640251, 51.889023360511324 ], [ 5.438838189975856, 51.889261518320829 ], [ 5.438766764046888, 51.889380589784295 ], [ 5.438670790095271, 51.889545350473654 ], [ 5.438645579231553, 51.889597961012285 ], [ 5.438554257754165, 51.889920516134794 ], [ 5.438405150650469, 51.890560076478522 ], [ 5.438307257664599, 51.891007211887093 ], [ 5.438274329394391, 51.89154982839279 ], [ 5.438283871224739, 51.892073046690683 ], [ 5.438235186550457, 51.892527082350995 ], [ 5.438199688401101, 51.892779019646838 ], [ 5.438146345200452, 51.893072490558971 ], [ 5.438137564414643, 51.893217834025343 ], [ 5.438128521631407, 51.893302683758733 ], [ 5.438122073353709, 51.893363180406347 ], [ 5.438114093504326, 51.893548710130901 ], [ 5.438793490828457, 51.89363217369425 ], [ 5.439424997910894, 51.893710821694064 ], [ 5.439581160238993, 51.893710751952753 ], [ 5.439841404789096, 51.893688083665474 ], [ 5.439869905074903, 51.893576927135911 ], [ 5.439934689966483, 51.893336891044164 ], [ 5.440056517637593, 51.892914811037784 ], [ 5.440108370300797, 51.892744044382823 ], [ 5.440129025283459, 51.892603897811433 ], [ 5.440120851872961, 51.892294630813652 ], [ 5.440118006720802, 51.892088451631437 ], [ 5.440849462123441, 51.89219120998672 ], [ 5.441114190451683, 51.892226525637106 ], [ 5.441850862772263, 51.892334106558302 ], [ 5.442504237242868, 51.892428836613277 ], [ 5.442757162365547, 51.892469086903922 ], [ 5.443251771936191, 51.892555833594464 ], [ 5.443078968378632, 51.892902134084494 ], [ 5.443386722764759, 51.892957504805047 ], [ 5.444121706070473, 51.893091821424967 ], [ 5.444900230879854, 51.893247568839072 ], [ 5.445517270510146, 51.893405120036491 ], [ 5.445827088669965, 51.893480672818008 ], [ 5.446067624267557, 51.893515989408108 ], [ 5.446679312643581, 51.893557560465993 ], [ 5.447357897606406, 51.89360392700965 ], [ 5.447763952868458, 51.893629489921224 ], [ 5.448589068965884, 51.893672552117344 ], [ 5.448537859085386, 51.894289508635666 ], [ 5.44852263159717, 51.89457462493516 ], [ 5.448502310103069, 51.894940283389872 ], [ 5.448497259595768, 51.895054651135744 ], [ 5.448495018666837, 51.895318820608473 ], [ 5.448508242080583, 51.895471838285921 ], [ 5.44852932808175, 51.895665121141747 ], [ 5.448555599146157, 51.895842293375473 ], [ 5.448584379837146, 51.895951811291646 ], [ 5.448673194518958, 51.8961853279039 ], [ 5.448767121264934, 51.896347967367099 ], [ 5.448122872355718, 51.896509382182941 ], [ 5.447467152308025, 51.896659523564367 ], [ 5.447115865942192, 51.896735411111557 ], [ 5.446882969950535, 51.896780631368287 ], [ 5.44665656365446, 51.89681618457017 ], [ 5.446419738108717, 51.89684368820479 ], [ 5.446099620044521, 51.89687123236547 ], [ 5.445935643984489, 51.896876147683365 ], [ 5.445636307854241, 51.896873075068754 ], [ 5.445448884960562, 51.89686189350369 ], [ 5.445420309363681, 51.896903787697667 ], [ 5.445363174546291, 51.897003684850482 ], [ 5.445262854259623, 51.897121321080874 ], [ 5.445177074035811, 51.897209956536848 ], [ 5.44504968291753, 51.897327606873873 ], [ 5.444922251734532, 51.897414652000585 ], [ 5.44481040536559, 51.897475917233152 ], [ 5.444646501250399, 51.897538817697324 ], [ 5.444472182680165, 51.897598501624778 ], [ 5.444217189052411, 51.897672721779259 ], [ 5.443540677514998, 51.897872785709886 ], [ 5.443033288269873, 51.898021221972819 ], [ 5.443176677794993, 51.898203171567204 ], [ 5.443716375874716, 51.898903602607334 ], [ 5.443763329264733, 51.898982507805485 ], [ 5.443831166621137, 51.899108115864742 ], [ 5.443888615631979, 51.899253059098136 ], [ 5.443917398783289, 51.899370631599908 ], [ 5.443925418815147, 51.899538149416621 ], [ 5.4438997438073, 51.899818437870344 ], [ 5.443858538725099, 51.900169608171119 ], [ 5.443803928946379, 51.900397353427749 ], [ 5.444783644768427, 51.900745354116076 ], [ 5.445438221483034, 51.900965414087572 ], [ 5.446339074171966, 51.901258011171265 ], [ 5.447664689982223, 51.901655727299577 ], [ 5.448930387904174, 51.90200718750517 ], [ 5.450132045548408, 51.902308833890224 ], [ 5.450246718666106, 51.902337619219935 ], [ 5.451978099987335, 51.902757320825287 ], [ 5.452246291528872, 51.902822251879385 ], [ 5.452469204197995, 51.902876432403175 ], [ 5.453147690171738, 51.903036380025519 ], [ 5.453277406146902, 51.903067088207386 ], [ 5.453503655134312, 51.903120652785525 ], [ 5.45453038683479, 51.903369599917944 ], [ 5.454572114543764, 51.903379263501321 ], [ 5.456040316159692, 51.903703474008488 ], [ 5.456130789451899, 51.903548617622249 ] ] ] ] } },
{ "type": "Feature", "properties": { "buurtcode": "BU02810010", "buurtnaam": "Tiel-West", "pc6_codes": "4001WE, 4006BJ, 4006EA, 4006EB, 4006EC, 4006ED, 4006EE, 4006EG, 4006EJ, 4006EK, 4006EL, 4006EM, 4006EN, 4006EP, 4006ER, 4006ES, 4006ET, 4006EV, 4006EW, 4006EX, 4006EZ, 4006GA, 4006GB, 4006GC, 4006GD, 4006GE, 4006GG, 4006GH, 4006GJ, 4006GK, 4006GL, 4006WC", "wijkcode": "WK028100", "gemeentecode": "GM0281", "gemeentenaam": "Tiel", "oppervlakteLandInHa": 47, "AantalInwoners_5": 1060, "Mannen_6": 535, "Vrouwen_7": 525, "HuishoudensTotaal_29": 500, "GemiddeldeHuishoudensgrootte_33": 2.1, "Woningvoorraad_35": 453, "NieuwbouwWoningen_36": 0, "NietWoningvoorraad_37": 158, "NieuwbouwNietWoningen_38": 0, "GemiddeldeWOZWaardeVanWoningen_39": 265, "PercentageEengezinswoning_40": 39, "PercentageTussenwoningEengezins_41": 26, "PercentageHoekwoningEengezins_42": 12, "PercentageTweeOnderEenKapWoningEe_43": 0, "PercentageVrijstaandeWoningEengezins_44": 0, "PercentageMeergezinswoning_45": 61, "Koopwoningen_47": 33, "HuurwoningenTotaal_48": 67, "InBezitWoningcorporatie_49": 62, "InBezitOverigeVerhuurders_50": 5, "BouwjaarMeerDanTienJaarGeleden_51": 100, "BouwjaarAfgelopenTienJaar_52": 0, "GemiddeldeElektriciteitslevering_53": 2000, "GemiddeldeElektriciteitsteruglevering_54": 380, "GemiddeldAardgasverbruik_55": 870, "AardgasvrijeWoningen_57": 0, "Aardgaswoningen_58": 82, "WoningenMetZonnestroom_59": 19, "WoningenHoofdzElektrVerwarmd_60": 17, "k_20PersonenMetHoogsteInkomen_80": 5.8, "k_20HuishoudensMetHoogsteInkomen_85": 8.9, "MediaanVermogenVanParticuliereHuish_86": 11.9, "PersonenautoSTotaal_104": 465, "PersonenautoSBrandstofBenzine_105": 380, "PersonenautoSOverigeBrandstof_106": 85, "PersonenautoSPerHuishouden_107": 0.9, "Omgevingsadressendichtheid_121": 1382, "AantalInstallatiesBijWoningen_5": 46, "OpgesteldVermogenVanZonnepanelen_6": 138, "installaties_per_woning": 0.10154525386313466, "vermogen_per_woning": 0.30463576158940397, "installaties_per_100_woningen": 10.154525386313466, "vermogen_per_huishouden": 0.276, "batterijdruk_score": 72.2, "koop_zon_score": 0.0627, "eengezins_zon_score": 0.0741, "betaalkracht_zon_score": 2.261, "overige_brandstof_zon_score": 16.15, "lichte_batterij_kansscore": 0.19446659041101036 }, "geometry": { "type": "MultiPolygon", "coordinates": [ [ [ [ 5.415729768300842, 51.885928846124358 ], [ 5.416562948413656, 51.884939122232865 ], [ 5.417115156867315, 51.885116118899283 ], [ 5.41747047318184, 51.885238189952247 ], [ 5.41788502418413, 51.885396893248597 ], [ 5.418309447004999, 51.885558646672955 ], [ 5.419008837518499, 51.885838652200924 ], [ 5.419559249573826, 51.884235704352747 ], [ 5.420466077735759, 51.88156086675184 ], [ 5.420825737207571, 51.880498472989743 ], [ 5.420947358462234, 51.880206151983316 ], [ 5.420185530027496, 51.880057912436648 ], [ 5.418909802866539, 51.879780635891152 ], [ 5.418163494314967, 51.879621540920908 ], [ 5.416457679235758, 51.879280632869389 ], [ 5.415648882884756, 51.879098780075246 ], [ 5.414873195642432, 51.878948773791173 ], [ 5.414454115260326, 51.878882878473448 ], [ 5.414031363132815, 51.878821534178641 ], [ 5.413524089721075, 51.878794341417539 ], [ 5.413167540696074, 51.878796697118176 ], [ 5.41273014162442, 51.878828652638973 ], [ 5.412333187678849, 51.878881077666357 ], [ 5.411987696581072, 51.878940318841664 ], [ 5.411671620497049, 51.87901548189766 ], [ 5.411410679468568, 51.879088356836661 ], [ 5.411109318685238, 51.879193099409413 ], [ 5.410694045300139, 51.879370684703481 ], [ 5.410455180032316, 51.879491342051899 ], [ 5.410242050907121, 51.879625647954555 ], [ 5.41003259628982, 51.879759951849785 ], [ 5.409595328251815, 51.88007635281793 ], [ 5.408860416198316, 51.880620371729854 ], [ 5.408210005196947, 51.881107480278821 ], [ 5.407403177517476, 51.881712162248135 ], [ 5.407499913930525, 51.881760191471059 ], [ 5.408271912617892, 51.882156012226005 ], [ 5.409301436149712, 51.882687510696748 ], [ 5.410449570926586, 51.88327777525145 ], [ 5.411217706973067, 51.883672946365756 ], [ 5.413501977629354, 51.884845922295696 ], [ 5.414116527949261, 51.885161042977451 ], [ 5.415690761990436, 51.885968647708395 ], [ 5.415729768300842, 51.885928846124358 ] ] ] ] } },
{ "type": "Feature", "properties": { "buurtcode": "BU02810011", "buurtnaam": "Wadenoijenlaan e.o.", "pc6_codes": "4001TE, 4006AA, 4006AB, 4006AC, 4006AD, 4006AE, 4006AG, 4006AH, 4006AJ, 4006AK, 4006AL, 4006AM, 4006AN, 4006AP, 4006AR, 4006AS, 4006AT, 4006AV, 4006AW, 4006BA, 4006BB, 4006BE, 4006BG, 4006BK, 4006BL, 4006BM, 4006CA, 4006CB, 4006CC, 4006CD, 4006CE, 4006CG, 4006CH, 4006CJ, 4006CK, 4006CL, 4006CM, 4006CN, 4006CP, 4006CR, 4006ET, 4006PD, 4006XA, 4006XB, 4006XC, 4006XD, 4006XE, 4006XG, 4006XH, 4006XJ, 4006XK, 4006XL, 4006XM, 4006XN, 4006XP, 4006XR, 4006XS, 4006XT, 4006XV, 4006XW, 4006XX", "wijkcode": "WK028100", "gemeentecode": "GM0281", "gemeentenaam": "Tiel", "oppervlakteLandInHa": 49, "AantalInwoners_5": 2395, "Mannen_6": 1180, "Vrouwen_7": 1215, "HuishoudensTotaal_29": 1215, "GemiddeldeHuishoudensgrootte_33": 2.0, "Woningvoorraad_35": 1180, "NieuwbouwWoningen_36": 0, "NietWoningvoorraad_37": 242, "NieuwbouwNietWoningen_38": 0, "GemiddeldeWOZWaardeVanWoningen_39": 242, "PercentageEengezinswoning_40": 40, "PercentageTussenwoningEengezins_41": 28, "PercentageHoekwoningEengezins_42": 11, "PercentageTweeOnderEenKapWoningEe_43": 1, "PercentageVrijstaandeWoningEengezins_44": 1, "PercentageMeergezinswoning_45": 60, "Koopwoningen_47": 18, "HuurwoningenTotaal_48": 82, "InBezitWoningcorporatie_49": 81, "InBezitOverigeVerhuurders_50": 1, "BouwjaarMeerDanTienJaarGeleden_51": 98, "BouwjaarAfgelopenTienJaar_52": 2, "GemiddeldeElektriciteitslevering_53": 2060, "GemiddeldeElektriciteitsteruglevering_54": 780, "GemiddeldAardgasverbruik_55": 780, "AardgasvrijeWoningen_57": 2, "Aardgaswoningen_58": 91, "WoningenMetZonnestroom_59": 45, "WoningenHoofdzElektrVerwarmd_60": 9, "k_20PersonenMetHoogsteInkomen_80": 5.9, "k_20HuishoudensMetHoogsteInkomen_85": 7.3, "MediaanVermogenVanParticuliereHuish_86": 7.6, "PersonenautoSTotaal_104": 990, "PersonenautoSBrandstofBenzine_105": 830, "PersonenautoSOverigeBrandstof_106": 160, "PersonenautoSPerHuishouden_107": 0.8, "Omgevingsadressendichtheid_121": 1289, "AantalInstallatiesBijWoningen_5": 665, "OpgesteldVermogenVanZonnepanelen_6": 2002, "installaties_per_woning": 0.56355932203389836, "vermogen_per_woning": 1.6966101694915254, "installaties_per_100_woningen": 56.355932203389834, "vermogen_per_huishouden": 1.6477366255144033, "batterijdruk_score": 351.0, "koop_zon_score": 0.081, "eengezins_zon_score": 0.18, "betaalkracht_zon_score": 3.42, "overige_brandstof_zon_score": 72.0, "lichte_batterij_kansscore": 0.23133393675872721 }, "geometry": { "type": "MultiPolygon", "coordinates": [ [ [ [ 5.408210005196947, 51.881107480278821 ], [ 5.408860416198316, 51.880620371729854 ], [ 5.409595328251815, 51.88007635281793 ], [ 5.41003259628982, 51.879759951849785 ], [ 5.410242050907121, 51.879625647954555 ], [ 5.410455180032316, 51.879491342051899 ], [ 5.410694045300139, 51.879370684703481 ], [ 5.411109318685238, 51.879193099409413 ], [ 5.411410679468568, 51.879088356836661 ], [ 5.411671620497049, 51.87901548189766 ], [ 5.411987696581072, 51.878940318841664 ], [ 5.412333187678849, 51.878881077666357 ], [ 5.41273014162442, 51.878828652638973 ], [ 5.413167540696074, 51.878796697118176 ], [ 5.413524089721075, 51.878794341417539 ], [ 5.414031363132815, 51.878821534178641 ], [ 5.414454115260326, 51.878882878473448 ], [ 5.414873195642432, 51.878948773791173 ], [ 5.415648882884756, 51.879098780075246 ], [ 5.416457679235758, 51.879280632869389 ], [ 5.418163494314967, 51.879621540920908 ], [ 5.418909802866539, 51.879780635891152 ], [ 5.420185530027496, 51.880057912436648 ], [ 5.420947358462234, 51.880206151983316 ], [ 5.4211395523814, 51.879253805001674 ], [ 5.421286270283485, 51.878590616373799 ], [ 5.421474099759117, 51.87765982116526 ], [ 5.416125572586219, 51.877218233327625 ], [ 5.415449013915704, 51.87716235688039 ], [ 5.404016418664667, 51.876223519631353 ], [ 5.400909610870602, 51.87596346105699 ], [ 5.398502580550514, 51.875761918919274 ], [ 5.395277370010648, 51.875484736746877 ], [ 5.395575467706788, 51.875637734115863 ], [ 5.395823697733065, 51.875765709235033 ], [ 5.396427023094814, 51.876073815705965 ], [ 5.39828341666603, 51.877027742850196 ], [ 5.402179133547157, 51.87903476289442 ], [ 5.407305231219397, 51.881663530938326 ], [ 5.407403177517476, 51.881712162248135 ], [ 5.408210005196947, 51.881107480278821 ] ] ] ] } },
{ "type": "Feature", "properties": { "buurtcode": "BU02810100", "buurtnaam": "Elzenpas", "pc6_codes": "4002AA, 4002AB, 4002AC, 4002AD, 4002AE, 4002AG, 4002AH, 4002AJ, 4002AK, 4002AL, 4002AN, 4002AP, 4002AR, 4002AS, 4002AT, 4002AV, 4002AW, 4002AX, 4002AZ, 4002GB, 4002GC, 4002GD, 4002GE, 4002GG, 4002GH, 4002GJ, 4002GK, 4002GL, 4002GM, 4002GN, 4002GP, 4002GR, 4002GS, 4002GT, 4002GV, 4002GW, 4002GZ, 4002HA, 4002HB, 4002HC, 4002HD, 4002HE, 4002HG, 4002WB, 4002WC, 4002WD, 4002WE, 4002WH, 4002WJ, 4002WK, 4002WL, 4002WN, 4002WP, 4002XH, 4002XL, 4003CA, 4003CC, 4003CK, 4003EG, 4003EL, 4003EM, 4003EN, 4003ER, 4003EZ, 4003LE, 4003WR, 4003WS, 4003WT, 4003WV, 4003WX, 4006WG", "wijkcode": "WK028101", "gemeentecode": "GM0281", "gemeentenaam": "Tiel", "oppervlakteLandInHa": 113, "AantalInwoners_5": 3030, "Mannen_6": 1430, "Vrouwen_7": 1595, "HuishoudensTotaal_29": 1275, "GemiddeldeHuishoudensgrootte_33": 2.2, "Woningvoorraad_35": 1219, "NieuwbouwWoningen_36": 0, "NietWoningvoorraad_37": 200, "NieuwbouwNietWoningen_38": 2, "GemiddeldeWOZWaardeVanWoningen_39": 423, "PercentageEengezinswoning_40": 92, "PercentageTussenwoningEengezins_41": 40, "PercentageHoekwoningEengezins_42": 21, "PercentageTweeOnderEenKapWoningEe_43": 14, "PercentageVrijstaandeWoningEengezins_44": 17, "PercentageMeergezinswoning_45": 8, "Koopwoningen_47": 69, "HuurwoningenTotaal_48": 31, "InBezitWoningcorporatie_49": 26, "InBezitOverigeVerhuurders_50": 5, "BouwjaarMeerDanTienJaarGeleden_51": 100, "BouwjaarAfgelopenTienJaar_52": 0, "GemiddeldeElektriciteitslevering_53": 3090, "GemiddeldeElektriciteitsteruglevering_54": 950, "GemiddeldAardgasverbruik_55": 1090, "AardgasvrijeWoningen_57": 1, "Aardgaswoningen_58": 94, "WoningenMetZonnestroom_59": 37, "WoningenHoofdzElektrVerwarmd_60": 6, "k_20PersonenMetHoogsteInkomen_80": 20.5, "k_20HuishoudensMetHoogsteInkomen_85": 22.8, "MediaanVermogenVanParticuliereHuish_86": 218.7, "PersonenautoSTotaal_104": 1445, "PersonenautoSBrandstofBenzine_105": 1135, "PersonenautoSOverigeBrandstof_106": 315, "PersonenautoSPerHuishouden_107": 1.1, "Omgevingsadressendichtheid_121": 1612, "AantalInstallatiesBijWoningen_5": 283, "OpgesteldVermogenVanZonnepanelen_6": 1251, "installaties_per_woning": 0.2321575061525841, "vermogen_per_woning": 1.0262510254306809, "installaties_per_100_woningen": 23.215750615258411, "vermogen_per_huishouden": 0.98117647058823532, "batterijdruk_score": 351.5, "koop_zon_score": 0.2553, "eengezins_zon_score": 0.3404, "betaalkracht_zon_score": 80.919, "overige_brandstof_zon_score": 116.55, "lichte_batterij_kansscore": 0.42897503359258982 }, "geometry": { "type": "MultiPolygon", "coordinates": [ [ [ [ 5.424718744938117, 51.900251360871778 ], [ 5.424760847465395, 51.90013179072627 ], [ 5.424813865521753, 51.899996273652789 ], [ 5.424901398476983, 51.899862854982956 ], [ 5.424963404485347, 51.899795406742584 ], [ 5.42507230302064, 51.899716217194111 ], [ 5.425230930728811, 51.899619420435045 ], [ 5.425533911407158, 51.899354005638536 ], [ 5.425891265081504, 51.898968374563808 ], [ 5.425982375881659, 51.898868668011261 ], [ 5.42603204616229, 51.898780701253344 ], [ 5.426065088146285, 51.898641436714001 ], [ 5.426076876118232, 51.89857840161001 ], [ 5.426102875322832, 51.898512430702823 ], [ 5.426185715966532, 51.898439110923363 ], [ 5.426278042591771, 51.898376049832365 ], [ 5.426341958289487, 51.898330587335188 ], [ 5.426358499427993, 51.898282209590825 ], [ 5.426358459690596, 51.898236768471335 ], [ 5.426329981350443, 51.898175213694728 ], [ 5.426270689763822, 51.898091680283322 ], [ 5.42623983046327, 51.89801693238671 ], [ 5.426242119616522, 51.897924585163572 ], [ 5.426270454434332, 51.897821967328269 ], [ 5.426364973519035, 51.897559551725536 ], [ 5.42640510033166, 51.89739829667171 ], [ 5.426452406072307, 51.897320592427754 ], [ 5.426521021695989, 51.897235551063496 ], [ 5.426542283129509, 51.897169580740396 ], [ 5.426539828516674, 51.897072837131418 ], [ 5.426523118443112, 51.896924793219682 ], [ 5.426520611280544, 51.896766484410279 ], [ 5.426506310698339, 51.896665346811162 ], [ 5.426446983521296, 51.896539305216962 ], [ 5.426413753008377, 51.896460160181405 ], [ 5.426427868416082, 51.89635021890907 ], [ 5.426441981185587, 51.896237345657561 ], [ 5.426411130744622, 51.896169927726824 ], [ 5.426351830118799, 51.896073202240139 ], [ 5.426325698215821, 51.895985260666556 ], [ 5.426342181964717, 51.895873852617164 ], [ 5.426339624081129, 51.895658375642242 ], [ 5.426296831024729, 51.895476626253746 ], [ 5.426218356702203, 51.895118989898727 ], [ 5.426203981824123, 51.894932833915703 ], [ 5.426213327967975, 51.894784781229092 ], [ 5.426225068913426, 51.894667510805441 ], [ 5.426272233972625, 51.8944314960534 ], [ 5.426361945637651, 51.894097255681501 ], [ 5.426456398546444, 51.893768877590688 ], [ 5.426484671113254, 51.893598831371207 ], [ 5.426616988418375, 51.893238192248013 ], [ 5.426697344709055, 51.893043209290333 ], [ 5.426813228020161, 51.8928496802382 ], [ 5.426945691376232, 51.892659076514683 ], [ 5.427104215724621, 51.892478725674898 ], [ 5.427194128039711, 51.89238048359303 ], [ 5.427265109338328, 51.892301304884768 ], [ 5.427347901451428, 51.892185475048699 ], [ 5.42740703066872, 51.892094573304377 ], [ 5.427440156848787, 51.892060847760902 ], [ 5.427491596780856, 51.892023459468696 ], [ 5.426733112434502, 51.891631071294086 ], [ 5.426170303797272, 51.891344165314095 ], [ 5.425174149056704, 51.890830670404561 ], [ 5.424404578423436, 51.890439071598337 ], [ 5.423583169475283, 51.890017240085506 ], [ 5.422889135497022, 51.889660394260154 ], [ 5.421385516443282, 51.888888704711647 ], [ 5.420450848558936, 51.888408999708659 ], [ 5.419796796982589, 51.888074190417626 ], [ 5.419129823371367, 51.887733808263981 ], [ 5.418724077235409, 51.887528690605201 ], [ 5.417537141620556, 51.886919156524868 ], [ 5.416675895877182, 51.886474009006719 ], [ 5.415690761990436, 51.885968647708395 ], [ 5.415645945002838, 51.886014380270069 ], [ 5.415438820174629, 51.886170187723778 ], [ 5.414753446830127, 51.886891111643124 ], [ 5.414413199347494, 51.887217975978828 ], [ 5.413685200153297, 51.887667091345364 ], [ 5.413399139123736, 51.887865670335771 ], [ 5.413088408624647, 51.888070361639436 ], [ 5.41279739574234, 51.888247561607926 ], [ 5.412259756244149, 51.888574463662991 ], [ 5.412067374379633, 51.888669180243781 ], [ 5.411800988970361, 51.888779183232302 ], [ 5.411509911801998, 51.888858650358543 ], [ 5.411278034228646, 51.888913671700074 ], [ 5.410957325423389, 51.888947332962502 ], [ 5.410666213435034, 51.888962662079607 ], [ 5.410384960710182, 51.888959664094898 ], [ 5.410162914105271, 51.888944436916425 ], [ 5.41006948857361, 51.889579700649769 ], [ 5.409936675061816, 51.890392107681485 ], [ 5.409877738331407, 51.890935742331841 ], [ 5.409863030227761, 51.891122043572452 ], [ 5.409863135627617, 51.891329719665109 ], [ 5.409917559412808, 51.891613737064361 ], [ 5.410021333629276, 51.891903854119718 ], [ 5.410120118028475, 51.89208707709362 ], [ 5.410278146916354, 51.892325264211109 ], [ 5.410450977349037, 51.892554284605254 ], [ 5.410653390253297, 51.892731379777459 ], [ 5.410880474652054, 51.892902361155592 ], [ 5.411142098968942, 51.893064173253023 ], [ 5.411239174115056, 51.893121947950995 ], [ 5.411403721858953, 51.89321987632826 ], [ 5.411857832228792, 51.893433565758698 ], [ 5.412193464906997, 51.893561765242815 ], [ 5.412756115232427, 51.89371740045295 ], [ 5.413244730978637, 51.893845563339248 ], [ 5.413871557853019, 51.894031719251245 ], [ 5.414054186035651, 51.894098867494712 ], [ 5.414444148089436, 51.894285074578328 ], [ 5.415021746392009, 51.894645318144867 ], [ 5.41558952437286, 51.895069696218314 ], [ 5.416145248112676, 51.895497314787931 ], [ 5.416582120333612, 51.895928468780596 ], [ 5.416867812127414, 51.896271328197521 ], [ 5.417119915838595, 51.896603804161359 ], [ 5.417405678584448, 51.897034993626875 ], [ 5.417683097314186, 51.897538927578829 ], [ 5.417826050869634, 51.89785584112677 ], [ 5.418002775580636, 51.898437739757817 ], [ 5.418070188089206, 51.898785849591356 ], [ 5.418137734615253, 51.899326208659105 ], [ 5.418224863419989, 51.900275982847766 ], [ 5.419903767047919, 51.900366387664576 ], [ 5.424354699261974, 51.900595366637873 ], [ 5.42454919190545, 51.900605877610083 ], [ 5.424718744938117, 51.900251360871778 ] ] ] ] } },
{ "type": "Feature", "properties": { "buurtcode": "BU02810101", "buurtnaam": "Westroijen", "pc6_codes": "4003AA, 4003AB, 4003AC, 4003AD, 4003AE, 4003AG, 4003AH, 4003AJ, 4003AK, 4003AL, 4003AM, 4003AN, 4003AP, 4003AR, 4003AS, 4003AT, 4003AV, 4003AW, 4003AX, 4003AZ, 4003BA, 4003BB, 4003BC, 4003BD, 4003BE, 4003BG, 4003BH, 4003BJ, 4003BK, 4003BL, 4003BM, 4003BN, 4003BP, 4003BS, 4003BT, 4003BV, 4003BW, 4003BX, 4003XA, 4003XB, 4003XC, 4003XD, 4003XG", "wijkcode": "WK028101", "gemeentecode": "GM0281", "gemeentenaam": "Tiel", "oppervlakteLandInHa": 69, "AantalInwoners_5": 2120, "Mannen_6": 1080, "Vrouwen_7": 1045, "HuishoudensTotaal_29": 845, "GemiddeldeHuishoudensgrootte_33": 2.5, "Woningvoorraad_35": 804, "NieuwbouwWoningen_36": 0, "NietWoningvoorraad_37": 130, "NieuwbouwNietWoningen_38": 0, "GemiddeldeWOZWaardeVanWoningen_39": 283, "PercentageEengezinswoning_40": 98, "PercentageTussenwoningEengezins_41": 68, "PercentageHoekwoningEengezins_42": 30, "PercentageTweeOnderEenKapWoningEe_43": 0, "PercentageVrijstaandeWoningEengezins_44": 0, "PercentageMeergezinswoning_45": 2, "Koopwoningen_47": 44, "HuurwoningenTotaal_48": 56, "InBezitWoningcorporatie_49": 53, "InBezitOverigeVerhuurders_50": 3, "BouwjaarMeerDanTienJaarGeleden_51": 100, "BouwjaarAfgelopenTienJaar_52": 0, "GemiddeldeElektriciteitslevering_53": 2500, "GemiddeldeElektriciteitsteruglevering_54": 890, "GemiddeldAardgasverbruik_55": 860, "AardgasvrijeWoningen_57": 0, "Aardgaswoningen_58": 95, "WoningenMetZonnestroom_59": 56, "WoningenHoofdzElektrVerwarmd_60": 4, "k_20PersonenMetHoogsteInkomen_80": 8.4, "k_20HuishoudensMetHoogsteInkomen_85": 12.8, "MediaanVermogenVanParticuliereHuish_86": 31.1, "PersonenautoSTotaal_104": 1060, "PersonenautoSBrandstofBenzine_105": 795, "PersonenautoSOverigeBrandstof_106": 270, "PersonenautoSPerHuishouden_107": 1.3, "Omgevingsadressendichtheid_121": 1633, "AantalInstallatiesBijWoningen_5": 356, "OpgesteldVermogenVanZonnepanelen_6": 969, "installaties_per_woning": 0.44278606965174128, "vermogen_per_woning": 1.205223880597015, "installaties_per_100_woningen": 44.278606965174127, "vermogen_per_huishouden": 1.1467455621301774, "batterijdruk_score": 498.4, "koop_zon_score": 0.2464, "eengezins_zon_score": 0.5488, "betaalkracht_zon_score": 17.416, "overige_brandstof_zon_score": 151.2, "lichte_batterij_kansscore": 0.42644943097876487 }, "geometry": { "type": "MultiPolygon", "coordinates": [ [ [ [ 5.450132045548408, 51.902308833890224 ], [ 5.448930387904174, 51.90200718750517 ], [ 5.447664689982223, 51.901655727299577 ], [ 5.446339074171966, 51.901258011171265 ], [ 5.445438221483034, 51.900965414087572 ], [ 5.444783644768427, 51.900745354116076 ], [ 5.443803928946379, 51.900397353427749 ], [ 5.443782801997738, 51.900389848536356 ], [ 5.443224352795784, 51.900180572361272 ], [ 5.442244232630939, 51.899792248222617 ], [ 5.441115612982099, 51.899327865321936 ], [ 5.440475445039358, 51.899044314752018 ], [ 5.439807576832162, 51.898737458438937 ], [ 5.439020542524693, 51.898363552715907 ], [ 5.438494292868524, 51.898099294423837 ], [ 5.437973942778212, 51.897830315959027 ], [ 5.437184776879089, 51.897412656471246 ], [ 5.436721844594732, 51.897153566484697 ], [ 5.436320124849398, 51.896928732099127 ], [ 5.435744288442585, 51.896590483533018 ], [ 5.433822182384326, 51.895442407003358 ], [ 5.433532147972534, 51.895268488357345 ], [ 5.433093868350413, 51.895008573399302 ], [ 5.432599131779591, 51.894719132428826 ], [ 5.43206687248636, 51.89441424750455 ], [ 5.431308009952416, 51.893989292211067 ], [ 5.430999436266555, 51.893826397498565 ], [ 5.430655166922308, 51.893644656016683 ], [ 5.430316435447372, 51.893470588374626 ], [ 5.429484988256504, 51.893043229231722 ], [ 5.428418709636658, 51.89250306777663 ], [ 5.427491596780856, 51.892023459468696 ], [ 5.427440156848787, 51.892060847760902 ], [ 5.42740703066872, 51.892094573304377 ], [ 5.427347901451428, 51.892185475048699 ], [ 5.427265109338328, 51.892301304884768 ], [ 5.427194128039711, 51.89238048359303 ], [ 5.427104215724621, 51.892478725674898 ], [ 5.426945691376232, 51.892659076514683 ], [ 5.426813228020161, 51.8928496802382 ], [ 5.426697344709055, 51.893043209290333 ], [ 5.426616988418375, 51.893238192248013 ], [ 5.426484671113254, 51.893598831371207 ], [ 5.426456398546444, 51.893768877590688 ], [ 5.426361945637651, 51.894097255681501 ], [ 5.426272233972625, 51.8944314960534 ], [ 5.426225068913426, 51.894667510805441 ], [ 5.426213327967975, 51.894784781229092 ], [ 5.426203981824123, 51.894932833915703 ], [ 5.426218356702203, 51.895118989898727 ], [ 5.426296831024729, 51.895476626253746 ], [ 5.426339624081129, 51.895658375642242 ], [ 5.426342181964717, 51.895873852617164 ], [ 5.426325698215821, 51.895985260666556 ], [ 5.426351830118799, 51.896073202240139 ], [ 5.426411130744622, 51.896169927726824 ], [ 5.426441981185587, 51.896237345657561 ], [ 5.426427868416082, 51.89635021890907 ], [ 5.426413753008377, 51.896460160181405 ], [ 5.426446983521296, 51.896539305216962 ], [ 5.426506310698339, 51.896665346811162 ], [ 5.426520611280544, 51.896766484410279 ], [ 5.426523118443112, 51.896924793219682 ], [ 5.426539828516674, 51.897072837131418 ], [ 5.426542283129509, 51.897169580740396 ], [ 5.426521021695989, 51.897235551063496 ], [ 5.426452406072307, 51.897320592427754 ], [ 5.42640510033166, 51.89739829667171 ], [ 5.426364973519035, 51.897559551725536 ], [ 5.426270454434332, 51.897821967328269 ], [ 5.426242119616522, 51.897924585163572 ], [ 5.42623983046327, 51.89801693238671 ], [ 5.426270689763822, 51.898091680283322 ], [ 5.426329981350443, 51.898175213694728 ], [ 5.426358459690596, 51.898236768471335 ], [ 5.426358499427993, 51.898282209590825 ], [ 5.426341958289487, 51.898330587335188 ], [ 5.426278042591771, 51.898376049832365 ], [ 5.426185715966532, 51.898439110923363 ], [ 5.426102875322832, 51.898512430702823 ], [ 5.426076876118232, 51.89857840161001 ], [ 5.426065088146285, 51.898641436714001 ], [ 5.42603204616229, 51.898780701253344 ], [ 5.425982375881659, 51.898868668011261 ], [ 5.425891265081504, 51.898968374563808 ], [ 5.425533911407158, 51.899354005638536 ], [ 5.425230930728811, 51.899619420435045 ], [ 5.42507230302064, 51.899716217194111 ], [ 5.424963404485347, 51.899795406742584 ], [ 5.424901398476983, 51.899862854982956 ], [ 5.424813865521753, 51.899996273652789 ], [ 5.424760847465395, 51.90013179072627 ], [ 5.424718744938117, 51.900251360871778 ], [ 5.42454919190545, 51.900605877610083 ], [ 5.42735562281521, 51.900757509656806 ], [ 5.431984985424765, 51.900995734091509 ], [ 5.432355215698616, 51.901014186815715 ], [ 5.434373348225288, 51.901114748246812 ], [ 5.437963687596497, 51.901309968762938 ], [ 5.4418099454822, 51.901504960544656 ], [ 5.444705470887895, 51.901661389361529 ], [ 5.44513199746763, 51.901693519948779 ], [ 5.445763437370226, 51.901750125181138 ], [ 5.446430436706851, 51.901819645872791 ], [ 5.446714809458375, 51.901855723623491 ], [ 5.447392294372266, 51.901947225138045 ], [ 5.448017522375499, 51.902043923529526 ], [ 5.448293551526164, 51.902091644299951 ], [ 5.448661592806514, 51.902157426671387 ], [ 5.449184384622756, 51.90225288002069 ], [ 5.449772018965708, 51.902370288048346 ], [ 5.450070797814191, 51.902432518442495 ], [ 5.450132045548408, 51.902308833890224 ] ] ] ] } },
{ "type": "Feature", "properties": { "buurtcode": "BU02810102", "buurtnaam": "Rauwenhof e.o.", "pc6_codes": "4003CH, 4003CJ, 4003JM, 4006MA, 4006MC, 4006PE", "wijkcode": "WK028101", "gemeentecode": "GM0281", "gemeentenaam": "Tiel", "oppervlakteLandInHa": 88, "AantalInwoners_5": 70, "Mannen_6": 40, "Vrouwen_7": 35, "HuishoudensTotaal_29": 35, "GemiddeldeHuishoudensgrootte_33": 2.1, "Woningvoorraad_35": 24, "NieuwbouwWoningen_36": 1, "NietWoningvoorraad_37": 4, "NieuwbouwNietWoningen_38": 0, "GemiddeldeWOZWaardeVanWoningen_39": 588, "PercentageEengezinswoning_40": 92, "PercentageTussenwoningEengezins_41": 0, "PercentageHoekwoningEengezins_42": 0, "PercentageTweeOnderEenKapWoningEe_43": 25, "PercentageVrijstaandeWoningEengezins_44": 67, "PercentageMeergezinswoning_45": 8, "Koopwoningen_47": 75, "HuurwoningenTotaal_48": 25, "InBezitWoningcorporatie_49": 0, "InBezitOverigeVerhuurders_50": 25, "BouwjaarMeerDanTienJaarGeleden_51": 100, "BouwjaarAfgelopenTienJaar_52": 0, "GemiddeldeElektriciteitslevering_53": 3750, "GemiddeldeElektriciteitsteruglevering_54": 1710, "GemiddeldAardgasverbruik_55": 1460, "AardgasvrijeWoningen_57": null, "Aardgaswoningen_58": null, "WoningenMetZonnestroom_59": null, "WoningenHoofdzElektrVerwarmd_60": null, "k_20PersonenMetHoogsteInkomen_80": null, "k_20HuishoudensMetHoogsteInkomen_85": null, "MediaanVermogenVanParticuliereHuish_86": null, "PersonenautoSTotaal_104": 40, "PersonenautoSBrandstofBenzine_105": 30, "PersonenautoSOverigeBrandstof_106": 5, "PersonenautoSPerHuishouden_107": null, "Omgevingsadressendichtheid_121": 834, "AantalInstallatiesBijWoningen_5": 11, "OpgesteldVermogenVanZonnepanelen_6": 62, "installaties_per_woning": 0.45833333333333331, "vermogen_per_woning": 2.5833333333333335, "installaties_per_100_woningen": 45.833333333333329, "vermogen_per_huishouden": 1.7714285714285714, "batterijdruk_score": null, "koop_zon_score": null, "eengezins_zon_score": null, "betaalkracht_zon_score": null, "overige_brandstof_zon_score": null, "lichte_batterij_kansscore": null }, "geometry": { "type": "MultiPolygon", "coordinates": [ [ [ [ 5.404966597619199, 51.898717628276074 ], [ 5.404815382444722, 51.898519146981634 ], [ 5.404651834993914, 51.89832830107995 ], [ 5.40458393389973, 51.898213790714692 ], [ 5.404463576678289, 51.898043933800281 ], [ 5.404346293094492, 51.89784353863616 ], [ 5.40428147432345, 51.897719482983717 ], [ 5.404216648617908, 51.897576339789516 ], [ 5.404019080884048, 51.897127823815921 ], [ 5.403954239634164, 51.896938872609759 ], [ 5.403892484028772, 51.896755647352457 ], [ 5.403843094347149, 51.896643041191261 ], [ 5.40363010203796, 51.896165897249645 ], [ 5.403466479618161, 51.895732646552133 ], [ 5.403370758568879, 51.895431086049747 ], [ 5.403352112867401, 51.895041713666352 ], [ 5.403341886873132, 51.894894132920712 ], [ 5.403324209864458, 51.894638982363873 ], [ 5.40329941429937, 51.894303055102043 ], [ 5.403271550812111, 51.894007211484286 ], [ 5.403237576364023, 51.893869789847848 ], [ 5.403222125098001, 51.893785809071574 ], [ 5.403107822301418, 51.89324948050848 ], [ 5.403070769533283, 51.893125420312863 ], [ 5.402975043260746, 51.892781867927987 ], [ 5.402953403663283, 51.892638718977366 ], [ 5.402950265511381, 51.892486022857874 ], [ 5.402950125041476, 51.892089014003915 ], [ 5.402965440695957, 51.891793163472755 ], [ 5.402999199359504, 51.891329345457869 ], [ 5.402989843676209, 51.891037316466956 ], [ 5.40297438921208, 51.890936157217737 ], [ 5.402897142518357, 51.890512436546139 ], [ 5.402863153722331, 51.890323480406295 ], [ 5.402841504933658, 51.890149791892298 ], [ 5.40284764667349, 51.890075351881066 ], [ 5.40289375506038, 51.889651614493729 ], [ 5.402890607902125, 51.889472197037506 ], [ 5.402865882348735, 51.889313778225329 ], [ 5.402831908665657, 51.889164904411423 ], [ 5.402773262199756, 51.889010307454704 ], [ 5.402625135504854, 51.888703026651847 ], [ 5.402520225750035, 51.888519806195653 ], [ 5.402390632536011, 51.888296504701657 ], [ 5.402307300207979, 51.88808464993086 ], [ 5.402260985859217, 51.887907147137085 ], [ 5.402236255482426, 51.887729641530385 ], [ 5.402242347567778, 51.887506323115318 ], [ 5.402229963647235, 51.887357446296207 ], [ 5.402177487182644, 51.887197121768928 ], [ 5.40214661394094, 51.887086421480021 ], [ 5.402152732040292, 51.886939451376122 ], [ 5.402229714806573, 51.886620687932769 ], [ 5.402245094483082, 51.886509981670514 ], [ 5.402238914819923, 51.886473717416877 ], [ 5.402192588895724, 51.886256131280469 ], [ 5.402143183423867, 51.886053815722349 ], [ 5.402127727283009, 51.885941204315621 ], [ 5.402140024773724, 51.885830498453267 ], [ 5.402192403694291, 51.88570642632947 ], [ 5.402278703830418, 51.885599528205731 ], [ 5.402402013180046, 51.885505985378153 ], [ 5.402540738707065, 51.885412441285169 ], [ 5.402651713173292, 51.885320808933422 ], [ 5.402688676793347, 51.885206281497048 ], [ 5.402670151353911, 51.885133753844414 ], [ 5.402617710161859, 51.88507650000129 ], [ 5.402492977784117, 51.884972015004571 ], [ 5.40275456306354, 51.884853892117881 ], [ 5.402866933646001, 51.884797150120967 ], [ 5.40314007970729, 51.884657970638969 ], [ 5.40321960035358, 51.884613006565658 ], [ 5.403415805023952, 51.884486680384121 ], [ 5.40355063986228, 51.884396754314501 ], [ 5.403664725904633, 51.884306831926644 ], [ 5.40377189587076, 51.884223330749812 ], [ 5.403865239408736, 51.884154816737421 ], [ 5.403965500406854, 51.884089513170579 ], [ 5.404141824534632, 51.883983525542249 ], [ 5.404250730889046, 51.883921430190632 ], [ 5.404877367596374, 51.883557962467584 ], [ 5.405112976485902, 51.883411291427478 ], [ 5.405273731005124, 51.883297812742164 ], [ 5.405420653230821, 51.88318754661924 ], [ 5.405693755872047, 51.882986282622909 ], [ 5.406254297679139, 51.882570157366274 ], [ 5.406533957540403, 51.882358614907851 ], [ 5.406917668746941, 51.882073844548856 ], [ 5.407403177517476, 51.881712162248135 ], [ 5.407305231219397, 51.881663530938326 ], [ 5.402179133547157, 51.87903476289442 ], [ 5.39828341666603, 51.877027742850196 ], [ 5.396427023094814, 51.876073815705965 ], [ 5.395823697733065, 51.875765709235033 ], [ 5.395575467706788, 51.875637734115863 ], [ 5.395277370010648, 51.875484736746877 ], [ 5.392708074056289, 51.874165988398339 ], [ 5.39260525409231, 51.874228973465208 ], [ 5.392577346819067, 51.874249899556581 ], [ 5.392496601865276, 51.874206257031567 ], [ 5.391926276066405, 51.873903448207635 ], [ 5.391436713771682, 51.873644262836628 ], [ 5.39140467883475, 51.873629136715223 ], [ 5.391446133439759, 51.873598296293018 ], [ 5.391420052301797, 51.873584617069177 ], [ 5.391349834848928, 51.873635456620981 ], [ 5.39125096878702, 51.873719294126772 ], [ 5.391187951867143, 51.873769244379062 ], [ 5.391128535256128, 51.87381051176969 ], [ 5.390996297852113, 51.873883519309928 ], [ 5.390849394534008, 51.873967061470147 ], [ 5.390720220971218, 51.874049632154303 ], [ 5.390614614255124, 51.874124364178996 ], [ 5.390555951931955, 51.874167914284278 ], [ 5.39049441484947, 51.874218771935865 ], [ 5.390432137107006, 51.874270474476909 ], [ 5.390277435275521, 51.874378077832105 ], [ 5.390237940410212, 51.874421321644562 ], [ 5.390207200817191, 51.87445017493328 ], [ 5.390188963602853, 51.874472592253554 ], [ 5.39022479015767, 51.874527384885234 ], [ 5.390245834954486, 51.874554159570167 ], [ 5.390250816594193, 51.874565556603038 ], [ 5.390260387862144, 51.874589159626161 ], [ 5.390239347736421, 51.874607981709303 ], [ 5.390220834080855, 51.874623514001094 ], [ 5.390143947953541, 51.87468993063441 ], [ 5.390163158697479, 51.87469541388878 ], [ 5.390023890629411, 51.874796660863055 ], [ 5.389727655104855, 51.874802232679237 ], [ 5.389563610286195, 51.874871229638934 ], [ 5.389491151009505, 51.874922824035451 ], [ 5.389407438058548, 51.87498675955473 ], [ 5.389241179306349, 51.874973110457461 ], [ 5.38884954761796, 51.874935231452795 ], [ 5.388629256074176, 51.874916287300664 ], [ 5.388351735548429, 51.874895383939204 ], [ 5.387941750335618, 51.874866023022385 ], [ 5.387796419396949, 51.874855597618769 ], [ 5.38762660530751, 51.874841397073183 ], [ 5.38733135497688, 51.874812977166194 ], [ 5.386872230701896, 51.874770390833568 ], [ 5.386606561362751, 51.874750481065668 ], [ 5.386315799269336, 51.874729545878488 ], [ 5.386170236858899, 51.874716359051774 ], [ 5.385869382927355, 51.874691027403863 ], [ 5.385627399051709, 51.87466620804036 ], [ 5.385403915785898, 51.87463873688754 ], [ 5.38516052414128, 51.874607525858458 ], [ 5.384923057636429, 51.87457450778269 ], [ 5.38467825843656, 51.874536905044607 ], [ 5.384351661936353, 51.874482500813741 ], [ 5.384204257684737, 51.874453546022998 ], [ 5.38405906074097, 51.874426433705388 ], [ 5.383907983098613, 51.87439563584698 ], [ 5.383677388734553, 51.874342131089939 ], [ 5.383220267893039, 51.874231704793189 ], [ 5.383771955292157, 51.874488220660048 ], [ 5.384064620457072, 51.874675652541974 ], [ 5.385370772820601, 51.875561790201189 ], [ 5.386199413262625, 51.87611937039113 ], [ 5.386733132724419, 51.87650180724787 ], [ 5.387149798265415, 51.876778979836594 ], [ 5.38753672629475, 51.876943401821613 ], [ 5.387878724544937, 51.877055690714258 ], [ 5.388236756134773, 51.877135000371723 ], [ 5.388598331589627, 51.877190714600879 ], [ 5.388631930267776, 51.877193379180838 ], [ 5.389398755538005, 51.877254194595849 ], [ 5.389757629638273, 51.877266671583911 ], [ 5.390061800211106, 51.877302122992582 ], [ 5.390438599253666, 51.877366468918908 ], [ 5.390752985548938, 51.87746671489807 ], [ 5.391115737332476, 51.877619099494396 ], [ 5.391829519663831, 51.877975782215316 ], [ 5.392141812129126, 51.878116355054814 ], [ 5.392365306399723, 51.878178777858956 ], [ 5.392558344498931, 51.878216690580132 ], [ 5.39274889726459, 51.878236464716551 ], [ 5.392934451631106, 51.878234810688959 ], [ 5.393101327988908, 51.878218308663271 ], [ 5.393212786053987, 51.878200541976739 ], [ 5.393350959537726, 51.878140384930987 ], [ 5.39360148266886, 51.878007982533234 ], [ 5.393658406934713, 51.877981958210739 ], [ 5.3940107551587, 51.877821523634353 ], [ 5.394376939241255, 51.877741297824741 ], [ 5.394660227106059, 51.877739276289773 ], [ 5.394980118332149, 51.877776763269985 ], [ 5.395344273795317, 51.877889640116202 ], [ 5.395959260284725, 51.878134220578623 ], [ 5.397075245221702, 51.878665491798202 ], [ 5.39746571109362, 51.878892070771144 ], [ 5.397728309969842, 51.87906849645352 ], [ 5.397845804708089, 51.879204837289095 ], [ 5.397887315341579, 51.879403340028773 ], [ 5.397880460445441, 51.87958380770953 ], [ 5.397818354237469, 51.879922681238796 ], [ 5.397808087479345, 51.880351801469367 ], [ 5.397880684678576, 51.880520236373457 ], [ 5.398022373839036, 51.880698676851601 ], [ 5.398381754621823, 51.880989387118547 ], [ 5.39911782454809, 51.881612939672898 ], [ 5.399645593355212, 51.882059215990452 ], [ 5.399954124493235, 51.882320687921052 ], [ 5.400164939982918, 51.882525193194837 ], [ 5.400417244870407, 51.882801878357732 ], [ 5.400759416441686, 51.883230949027073 ], [ 5.40096681102994, 51.883525677727434 ], [ 5.401201876777324, 51.883860507581787 ], [ 5.401233030385232, 51.884040970765945 ], [ 5.401239893465971, 51.884202912005996 ], [ 5.401223373124702, 51.884414129887389 ], [ 5.401162622680841, 51.884802377498765 ], [ 5.401184822395478, 51.885006265238218 ], [ 5.401218491022315, 51.885283648842808 ], [ 5.401259709879031, 51.885459221140813 ], [ 5.401323218427556, 51.885843301082204 ], [ 5.40132324978183, 51.885942028462786 ], [ 5.40128393059095, 51.886034001426651 ], [ 5.401207473983436, 51.886136800763488 ], [ 5.401133191979559, 51.886227420654919 ], [ 5.400964942805029, 51.886353213867757 ], [ 5.400840401117711, 51.886438437557302 ], [ 5.400715842375119, 51.886516892933486 ], [ 5.400580362657099, 51.886603465862031 ], [ 5.400442708865598, 51.886707619975965 ], [ 5.400324701992248, 51.886794181623898 ], [ 5.400232939571402, 51.88687263277005 ], [ 5.400136798050439, 51.886978139083133 ], [ 5.400045047049302, 51.887098511460302 ], [ 5.399971783762921, 51.887209533909108 ], [ 5.399929088049957, 51.887291943236256 ], [ 5.39990651800174, 51.887402339875493 ], [ 5.399886452896161, 51.887536051855783 ], [ 5.399904082473262, 51.887672869655525 ], [ 5.399961906271953, 51.88782056785216 ], [ 5.400039838298018, 51.887927844360291 ], [ 5.40016801285825, 51.888027339442068 ], [ 5.400290126223433, 51.888111465094177 ], [ 5.400462828753577, 51.888229102173476 ], [ 5.40059837190253, 51.888335930382432 ], [ 5.400661766435207, 51.888396782743527 ], [ 5.400718613080642, 51.888463045883022 ], [ 5.400742688489403, 51.888530661964239 ], [ 5.400762392422366, 51.888648325335254 ], [ 5.400766791141354, 51.888734882028572 ], [ 5.40072746960537, 51.88883090849027 ], [ 5.400631335904059, 51.888924236051025 ], [ 5.400533005533805, 51.889008099118172 ], [ 5.400373484160215, 51.889117666576695 ], [ 5.400165871239081, 51.889244820290045 ], [ 5.400071905001678, 51.889305690442569 ], [ 5.39986866500553, 51.889394975491086 ], [ 5.39968508186207, 51.88943556852454 ], [ 5.399457768704552, 51.889465344904359 ], [ 5.39927199679662, 51.889477534538145 ], [ 5.399147411240185, 51.889492423060986 ], [ 5.399070930844197, 51.889546530516775 ], [ 5.399038160730164, 51.889604688081313 ], [ 5.399025060856611, 51.889669602821897 ], [ 5.399036014162164, 51.889785910126157 ], [ 5.399097238747311, 51.889880578372306 ], [ 5.39919781836048, 51.889986054527334 ], [ 5.399350836438201, 51.890083417676443 ], [ 5.399521348233119, 51.890140205646127 ], [ 5.399696213430524, 51.890179402823968 ], [ 5.399827361257258, 51.890191558757699 ], [ 5.40006123327706, 51.890180720155449 ], [ 5.400279804103052, 51.890153640981239 ], [ 5.400461210526499, 51.89015632586657 ], [ 5.400590188091238, 51.890196884179232 ], [ 5.400668897955524, 51.8902590919852 ], [ 5.400714833137973, 51.890363224022728 ], [ 5.400738898328726, 51.890441661984802 ], [ 5.400725831536745, 51.890608009702532 ], [ 5.400695260254442, 51.890727027142994 ], [ 5.400669061503387, 51.890798711758229 ], [ 5.40061445284025, 51.890932607572672 ], [ 5.400557652651913, 51.89102593049487 ], [ 5.400463689684746, 51.891108444735217 ], [ 5.400400310823379, 51.891161195214877 ], [ 5.400258259377923, 51.891228830150531 ], [ 5.400089967185244, 51.891284297695236 ], [ 5.399869216750645, 51.89132895783392 ], [ 5.399698740355758, 51.891358727551371 ], [ 5.399456122641999, 51.891395272847404 ], [ 5.399281260100064, 51.891430453369296 ], [ 5.399141393484649, 51.891475094693504 ], [ 5.398990585220053, 51.89156437278298 ], [ 5.398868205459287, 51.891653647818394 ], [ 5.398785177545331, 51.891738856092502 ], [ 5.398726177569136, 51.891826767392118 ], [ 5.398704359089026, 51.891998535659688 ], [ 5.398710992335642, 51.892256849274673 ], [ 5.39875260380004, 51.892558437979531 ], [ 5.39875263022179, 51.892659870747629 ], [ 5.398728603756639, 51.892777529760409 ], [ 5.398689298323256, 51.892910074878444 ], [ 5.398636200463699, 51.893076615026786 ], [ 5.398621176914737, 51.893124164521673 ], [ 5.398534927339428, 51.89346249192598 ], [ 5.398535013831767, 51.893800810834435 ], [ 5.398520711099378, 51.89411241796423 ], [ 5.398348103494492, 51.894441855198608 ], [ 5.398031624408554, 51.894833621462517 ], [ 5.397772695972555, 51.895269891569598 ], [ 5.397643304241164, 51.895741770008613 ], [ 5.397684004449507, 51.896076985085628 ], [ 5.397756335458864, 51.896237023796779 ], [ 5.397848213908804, 51.896422901064213 ], [ 5.398045494360219, 51.896662286431955 ], [ 5.398109185891244, 51.896715598911896 ], [ 5.398354828426115, 51.896924283316913 ], [ 5.398507686942511, 51.897051147019596 ], [ 5.398760205621772, 51.897261330938854 ], [ 5.399029761363993, 51.89749774935256 ], [ 5.399236147606152, 51.897677215006546 ], [ 5.399393853200843, 51.897818341435666 ], [ 5.399481831309574, 51.897944275881081 ], [ 5.399552151717967, 51.89804517080281 ], [ 5.399602300607831, 51.898131174266304 ], [ 5.399670754720176, 51.898263519292279 ], [ 5.399690817647439, 51.89830415133175 ], [ 5.403596797514024, 51.89900716100901 ], [ 5.405413559914918, 51.899297698461382 ], [ 5.404966597619199, 51.898717628276074 ] ] ] ] } },
{ "type": "Feature", "properties": { "buurtcode": "BU02810103", "buurtnaam": "Rauwenhof", "pc6_codes": "4003CG, 4003CH, 4003DA, 4003DB, 4003DC, 4003DD, 4003DE, 4003DG, 4003DH, 4003DJ, 4003DK, 4003DL, 4003DM, 4003DN, 4003DP, 4003DR, 4003DS, 4003DT, 4003DV, 4003DW, 4003DX, 4003DZ, 4003KA, 4003KB, 4003KC, 4003KD, 4003KE, 4003KG, 4003KH, 4003KJ, 4003KK, 4003KL, 4003KM, 4003KN, 4003KP, 4003KR, 4003KS, 4003KT, 4003KV, 4003KW, 4003KX, 4003KZ, 4003LA, 4003LB, 4003LC, 4003LD, 4003ZA, 4003ZB, 4003ZD, 4003ZE, 4003ZG, 4003ZH, 4003ZJ, 4003ZK, 4003ZL, 4003ZN, 4003ZP, 4003ZR, 4003ZS, 4003ZT, 4003ZV, 4003ZW, 4003ZX, 4006MA, 4006WG", "wijkcode": "WK028101", "gemeentecode": "GM0281", "gemeentenaam": "Tiel", "oppervlakteLandInHa": 78, "AantalInwoners_5": 2840, "Mannen_6": 1380, "Vrouwen_7": 1465, "HuishoudensTotaal_29": 1405, "GemiddeldeHuishoudensgrootte_33": 2.0, "Woningvoorraad_35": 1410, "NieuwbouwWoningen_36": 0, "NietWoningvoorraad_37": 26, "NieuwbouwNietWoningen_38": 0, "GemiddeldeWOZWaardeVanWoningen_39": 333, "PercentageEengezinswoning_40": 77, "PercentageTussenwoningEengezins_41": 40, "PercentageHoekwoningEengezins_42": 20, "PercentageTweeOnderEenKapWoningEe_43": 10, "PercentageVrijstaandeWoningEengezins_44": 8, "PercentageMeergezinswoning_45": 23, "Koopwoningen_47": 45, "HuurwoningenTotaal_48": 55, "InBezitWoningcorporatie_49": 49, "InBezitOverigeVerhuurders_50": 6, "BouwjaarMeerDanTienJaarGeleden_51": 98, "BouwjaarAfgelopenTienJaar_52": 2, "GemiddeldeElektriciteitslevering_53": 2410, "GemiddeldeElektriciteitsteruglevering_54": 870, "GemiddeldAardgasverbruik_55": 770, "AardgasvrijeWoningen_57": 1, "Aardgaswoningen_58": 96, "WoningenMetZonnestroom_59": 44, "WoningenHoofdzElektrVerwarmd_60": 4, "k_20PersonenMetHoogsteInkomen_80": 14.4, "k_20HuishoudensMetHoogsteInkomen_85": 15.5, "MediaanVermogenVanParticuliereHuish_86": 46.8, "PersonenautoSTotaal_104": 1500, "PersonenautoSBrandstofBenzine_105": 1235, "PersonenautoSOverigeBrandstof_106": 270, "PersonenautoSPerHuishouden_107": 1.1, "Omgevingsadressendichtheid_121": 990, "AantalInstallatiesBijWoningen_5": 395, "OpgesteldVermogenVanZonnepanelen_6": 1454, "installaties_per_woning": 0.28014184397163122, "vermogen_per_woning": 1.0312056737588653, "installaties_per_100_woningen": 28.01418439716312, "vermogen_per_huishouden": 1.0348754448398576, "batterijdruk_score": 382.8, "koop_zon_score": 0.198, "eengezins_zon_score": 0.3388, "betaalkracht_zon_score": 20.592, "overige_brandstof_zon_score": 118.8, "lichte_batterij_kansscore": 0.36187223040156435 }, "geometry": { "type": "MultiPolygon", "coordinates": [ [ [ [ 5.403468062413903, 51.894867664631612 ], [ 5.404750118192888, 51.89461056542121 ], [ 5.405101960625141, 51.89454200227518 ], [ 5.40577717409016, 51.894402429855845 ], [ 5.405917512977179, 51.894369375454772 ], [ 5.406200159238733, 51.894291032777836 ], [ 5.406422322363658, 51.894228603279736 ], [ 5.406619978014319, 51.894175964787706 ], [ 5.406813681458424, 51.894129443153318 ], [ 5.407207015684728, 51.894032728891602 ], [ 5.407771119574209, 51.893887046599609 ], [ 5.407984584279157, 51.893831956407581 ], [ 5.408487213093108, 51.893702186382008 ], [ 5.408949134857443, 51.89360912365381 ], [ 5.409277238937679, 51.893533211687654 ], [ 5.409563838881529, 51.893475657246192 ], [ 5.409719979456894, 51.893434032130799 ], [ 5.409880069351609, 51.893380172987882 ], [ 5.410059915473829, 51.893307957481959 ], [ 5.410274145952298, 51.893216161121856 ], [ 5.410386800645871, 51.893178213627301 ], [ 5.410503409320217, 51.8931427118453 ], [ 5.410633864738136, 51.893125558543133 ], [ 5.410805833734375, 51.893114513230593 ], [ 5.411239174115056, 51.893121947950995 ], [ 5.411142098968942, 51.893064173253023 ], [ 5.410880474652054, 51.892902361155592 ], [ 5.410653390253297, 51.892731379777459 ], [ 5.410450977349037, 51.892554284605254 ], [ 5.410278146916354, 51.892325264211109 ], [ 5.410120118028475, 51.89208707709362 ], [ 5.410021333629276, 51.891903854119718 ], [ 5.409917559412808, 51.891613737064361 ], [ 5.409863135627617, 51.891329719665109 ], [ 5.409863030227761, 51.891122043572452 ], [ 5.409877738331407, 51.890935742331841 ], [ 5.409936675061816, 51.890392107681485 ], [ 5.41006948857361, 51.889579700649769 ], [ 5.410162914105271, 51.888944436916425 ], [ 5.410384960710182, 51.888959664094898 ], [ 5.410666213435034, 51.888962662079607 ], [ 5.410957325423389, 51.888947332962502 ], [ 5.411278034228646, 51.888913671700074 ], [ 5.411509911801998, 51.888858650358543 ], [ 5.411800988970361, 51.888779183232302 ], [ 5.412067374379633, 51.888669180243781 ], [ 5.412259756244149, 51.888574463662991 ], [ 5.41279739574234, 51.888247561607926 ], [ 5.413088408624647, 51.888070361639436 ], [ 5.413399139123736, 51.887865670335771 ], [ 5.413685200153297, 51.887667091345364 ], [ 5.414413199347494, 51.887217975978828 ], [ 5.414753446830127, 51.886891111643124 ], [ 5.415438820174629, 51.886170187723778 ], [ 5.415645945002838, 51.886014380270069 ], [ 5.415690761990436, 51.885968647708395 ], [ 5.414116527949261, 51.885161042977451 ], [ 5.413501977629354, 51.884845922295696 ], [ 5.411217706973067, 51.883672946365756 ], [ 5.410449570926586, 51.88327777525145 ], [ 5.409301436149712, 51.882687510696748 ], [ 5.408271912617892, 51.882156012226005 ], [ 5.407499913930525, 51.881760191471059 ], [ 5.407403177517476, 51.881712162248135 ], [ 5.406917668746941, 51.882073844548856 ], [ 5.406533957540403, 51.882358614907851 ], [ 5.406254297679139, 51.882570157366274 ], [ 5.405693755872047, 51.882986282622909 ], [ 5.405420653230821, 51.88318754661924 ], [ 5.405273731005124, 51.883297812742164 ], [ 5.405112976485902, 51.883411291427478 ], [ 5.404877367596374, 51.883557962467584 ], [ 5.404250730889046, 51.883921430190632 ], [ 5.404141824534632, 51.883983525542249 ], [ 5.403965500406854, 51.884089513170579 ], [ 5.403865239408736, 51.884154816737421 ], [ 5.40377189587076, 51.884223330749812 ], [ 5.403664725904633, 51.884306831926644 ], [ 5.40355063986228, 51.884396754314501 ], [ 5.403415805023952, 51.884486680384121 ], [ 5.40321960035358, 51.884613006565658 ], [ 5.40314007970729, 51.884657970638969 ], [ 5.402866933646001, 51.884797150120967 ], [ 5.40275456306354, 51.884853892117881 ], [ 5.402492977784117, 51.884972015004571 ], [ 5.402617710161859, 51.88507650000129 ], [ 5.402670151353911, 51.885133753844414 ], [ 5.402688676793347, 51.885206281497048 ], [ 5.402651713173292, 51.885320808933422 ], [ 5.402540738707065, 51.885412441285169 ], [ 5.402402013180046, 51.885505985378153 ], [ 5.402278703830418, 51.885599528205731 ], [ 5.402192403694291, 51.88570642632947 ], [ 5.402140024773724, 51.885830498453267 ], [ 5.402127727283009, 51.885941204315621 ], [ 5.402143183423867, 51.886053815722349 ], [ 5.402192588895724, 51.886256131280469 ], [ 5.402238914819923, 51.886473717416877 ], [ 5.402245094483082, 51.886509981670514 ], [ 5.402229714806573, 51.886620687932769 ], [ 5.402152732040292, 51.886939451376122 ], [ 5.40214661394094, 51.887086421480021 ], [ 5.402177487182644, 51.887197121768928 ], [ 5.402229963647235, 51.887357446296207 ], [ 5.402242347567778, 51.887506323115318 ], [ 5.402236255482426, 51.887729641530385 ], [ 5.402260985859217, 51.887907147137085 ], [ 5.402307300207979, 51.88808464993086 ], [ 5.402390632536011, 51.888296504701657 ], [ 5.402520225750035, 51.888519806195653 ], [ 5.402625135504854, 51.888703026651847 ], [ 5.402773262199756, 51.889010307454704 ], [ 5.402831908665657, 51.889164904411423 ], [ 5.402865882348735, 51.889313778225329 ], [ 5.402890607902125, 51.889472197037506 ], [ 5.40289375506038, 51.889651614493729 ], [ 5.40284764667349, 51.890075351881066 ], [ 5.402841504933658, 51.890149791892298 ], [ 5.402863153722331, 51.890323480406295 ], [ 5.402897142518357, 51.890512436546139 ], [ 5.40297438921208, 51.890936157217737 ], [ 5.402989843676209, 51.891037316466956 ], [ 5.402999199359504, 51.891329345457869 ], [ 5.402965440695957, 51.891793163472755 ], [ 5.402950125041476, 51.892089014003915 ], [ 5.402950265511381, 51.892486022857874 ], [ 5.402953403663283, 51.892638718977366 ], [ 5.402975043260746, 51.892781867927987 ], [ 5.403070769533283, 51.893125420312863 ], [ 5.403107822301418, 51.89324948050848 ], [ 5.403222125098001, 51.893785809071574 ], [ 5.403237576364023, 51.893869789847848 ], [ 5.403271550812111, 51.894007211484286 ], [ 5.40329941429937, 51.894303055102043 ], [ 5.403324209864458, 51.894638982363873 ], [ 5.403341886873132, 51.894894132920712 ], [ 5.403468062413903, 51.894867664631612 ] ] ] ] } },
{ "type": "Feature", "properties": { "buurtcode": "BU02810104", "buurtnaam": "Drumpt", "pc6_codes": "4003CA, 4003CB, 4003CC, 4003CD, 4003CE, 4003CH, 4003CM, 4003DA, 4003DC, 4003EA, 4003EC, 4003EE, 4003EP, 4003GA, 4003GB, 4003GC, 4003GD, 4003GE, 4003GG, 4003GH, 4003GJ, 4003GK, 4003GL, 4003GM, 4003GN, 4003GP, 4003GR, 4003GS, 4003GT, 4003GV, 4003HA, 4003HB, 4003HC, 4003HD, 4003HE, 4003HG, 4003JM, 4003TA, 4003TB, 4003TC, 4003TD, 4003TE, 4003TG, 4003TH, 4003TJ, 4003TK, 4003TL, 4003TM, 4003TN, 4003VA, 4003VB, 4003VC, 4003VD, 4003VE, 4003VG, 4003VH, 4003VJ, 4003VK, 4003VL, 4003VM, 4003VN", "wijkcode": "WK028101", "gemeentecode": "GM0281", "gemeentenaam": "Tiel", "oppervlakteLandInHa": 58, "AantalInwoners_5": 2060, "Mannen_6": 1045, "Vrouwen_7": 1015, "HuishoudensTotaal_29": 900, "GemiddeldeHuishoudensgrootte_33": 2.3, "Woningvoorraad_35": 895, "NieuwbouwWoningen_36": 0, "NietWoningvoorraad_37": 64, "NieuwbouwNietWoningen_38": 0, "GemiddeldeWOZWaardeVanWoningen_39": 403, "PercentageEengezinswoning_40": 98, "PercentageTussenwoningEengezins_41": 46, "PercentageHoekwoningEengezins_42": 24, "PercentageTweeOnderEenKapWoningEe_43": 16, "PercentageVrijstaandeWoningEengezins_44": 13, "PercentageMeergezinswoning_45": 2, "Koopwoningen_47": 68, "HuurwoningenTotaal_48": 32, "InBezitWoningcorporatie_49": 30, "InBezitOverigeVerhuurders_50": 2, "BouwjaarMeerDanTienJaarGeleden_51": 100, "BouwjaarAfgelopenTienJaar_52": 0, "GemiddeldeElektriciteitslevering_53": 2910, "GemiddeldeElektriciteitsteruglevering_54": 1240, "GemiddeldAardgasverbruik_55": 910, "AardgasvrijeWoningen_57": 0, "Aardgaswoningen_58": 94, "WoningenMetZonnestroom_59": 61, "WoningenHoofdzElektrVerwarmd_60": 6, "k_20PersonenMetHoogsteInkomen_80": 20.0, "k_20HuishoudensMetHoogsteInkomen_85": 22.8, "MediaanVermogenVanParticuliereHuish_86": 229.5, "PersonenautoSTotaal_104": 1035, "PersonenautoSBrandstofBenzine_105": 825, "PersonenautoSOverigeBrandstof_106": 210, "PersonenautoSPerHuishouden_107": 1.1, "Omgevingsadressendichtheid_121": 959, "AantalInstallatiesBijWoningen_5": 371, "OpgesteldVermogenVanZonnepanelen_6": 1379, "installaties_per_woning": 0.41452513966480448, "vermogen_per_woning": 1.540782122905028, "installaties_per_100_woningen": 41.452513966480446, "vermogen_per_huishouden": 1.5322222222222222, "batterijdruk_score": 756.4, "koop_zon_score": 0.4148, "eengezins_zon_score": 0.5978, "betaalkracht_zon_score": 139.995, "overige_brandstof_zon_score": 128.1, "lichte_batterij_kansscore": 0.4934917732368107 }, "geometry": { "type": "MultiPolygon", "coordinates": [ [ [ [ 5.418137734615253, 51.899326208659105 ], [ 5.418070188089206, 51.898785849591356 ], [ 5.418002775580636, 51.898437739757817 ], [ 5.417826050869634, 51.89785584112677 ], [ 5.417683097314186, 51.897538927578829 ], [ 5.417405678584448, 51.897034993626875 ], [ 5.417119915838595, 51.896603804161359 ], [ 5.416867812127414, 51.896271328197521 ], [ 5.416582120333612, 51.895928468780596 ], [ 5.416145248112676, 51.895497314787931 ], [ 5.41558952437286, 51.895069696218314 ], [ 5.415021746392009, 51.894645318144867 ], [ 5.414444148089436, 51.894285074578328 ], [ 5.414054186035651, 51.894098867494712 ], [ 5.413871557853019, 51.894031719251245 ], [ 5.413244730978637, 51.893845563339248 ], [ 5.412756115232427, 51.89371740045295 ], [ 5.412193464906997, 51.893561765242815 ], [ 5.411857832228792, 51.893433565758698 ], [ 5.411403721858953, 51.89321987632826 ], [ 5.411239174115056, 51.893121947950995 ], [ 5.410805833734375, 51.893114513230593 ], [ 5.410633864738136, 51.893125558543133 ], [ 5.410503409320217, 51.8931427118453 ], [ 5.410386800645871, 51.893178213627301 ], [ 5.410274145952298, 51.893216161121856 ], [ 5.410059915473829, 51.893307957481959 ], [ 5.409880069351609, 51.893380172987882 ], [ 5.409719979456894, 51.893434032130799 ], [ 5.409563838881529, 51.893475657246192 ], [ 5.409277238937679, 51.893533211687654 ], [ 5.408949134857443, 51.89360912365381 ], [ 5.408487213093108, 51.893702186382008 ], [ 5.407984584279157, 51.893831956407581 ], [ 5.407771119574209, 51.893887046599609 ], [ 5.407207015684728, 51.894032728891602 ], [ 5.406813681458424, 51.894129443153318 ], [ 5.406619978014319, 51.894175964787706 ], [ 5.406422322363658, 51.894228603279736 ], [ 5.406200159238733, 51.894291032777836 ], [ 5.405917512977179, 51.894369375454772 ], [ 5.40577717409016, 51.894402429855845 ], [ 5.405101960625141, 51.89454200227518 ], [ 5.404750118192888, 51.89461056542121 ], [ 5.403468062413903, 51.894867664631612 ], [ 5.403341886873132, 51.894894132920712 ], [ 5.403352112867401, 51.895041713666352 ], [ 5.403370758568879, 51.895431086049747 ], [ 5.403466479618161, 51.895732646552133 ], [ 5.40363010203796, 51.896165897249645 ], [ 5.403843094347149, 51.896643041191261 ], [ 5.403892484028772, 51.896755647352457 ], [ 5.403954239634164, 51.896938872609759 ], [ 5.404019080884048, 51.897127823815921 ], [ 5.404216648617908, 51.897576339789516 ], [ 5.40428147432345, 51.897719482983717 ], [ 5.404346293094492, 51.89784353863616 ], [ 5.404463576678289, 51.898043933800281 ], [ 5.40458393389973, 51.898213790714692 ], [ 5.404651834993914, 51.89832830107995 ], [ 5.404815382444722, 51.898519146981634 ], [ 5.404966597619199, 51.898717628276074 ], [ 5.405413559914918, 51.899297698461382 ], [ 5.405605131866321, 51.899328332741725 ], [ 5.407892617216428, 51.899620632370528 ], [ 5.409676072433792, 51.899793032636694 ], [ 5.410870208039229, 51.899883960054389 ], [ 5.411467269682503, 51.899917424810198 ], [ 5.413367017700764, 51.900017773897709 ], [ 5.41724407982854, 51.900223158841989 ], [ 5.418224863419989, 51.900275982847766 ], [ 5.418137734615253, 51.899326208659105 ] ] ] ] } },
{ "type": "Feature", "properties": { "buurtcode": "BU02810107", "buurtnaam": "Industrieterrein Medel", "pc6_codes": "4004LA, 4004LC, 4004LE, 4004LG, 4004LH, 4004LK, 4004LL, 4004LM, 4004LN, 4004LR, 4004LS, 4004LT, 4004LV, 4004LW, 4004LX, 4004LZ, 4004MA, 4004MB, 4004MC", "wijkcode": "WK028101", "gemeentecode": "GM0281", "gemeentenaam": "Tiel", "oppervlakteLandInHa": 272, "AantalInwoners_5": 5, "Mannen_6": 0, "Vrouwen_7": 5, "HuishoudensTotaal_29": 5, "GemiddeldeHuishoudensgrootte_33": 1.7, "Woningvoorraad_35": 1, "NieuwbouwWoningen_36": 0, "NietWoningvoorraad_37": 137, "NieuwbouwNietWoningen_38": 1, "GemiddeldeWOZWaardeVanWoningen_39": null, "PercentageEengezinswoning_40": null, "PercentageTussenwoningEengezins_41": null, "PercentageHoekwoningEengezins_42": null, "PercentageTweeOnderEenKapWoningEe_43": null, "PercentageVrijstaandeWoningEengezins_44": null, "PercentageMeergezinswoning_45": null, "Koopwoningen_47": null, "HuurwoningenTotaal_48": null, "InBezitWoningcorporatie_49": null, "InBezitOverigeVerhuurders_50": null, "BouwjaarMeerDanTienJaarGeleden_51": null, "BouwjaarAfgelopenTienJaar_52": null, "GemiddeldeElektriciteitslevering_53": null, "GemiddeldeElektriciteitsteruglevering_54": null, "GemiddeldAardgasverbruik_55": null, "AardgasvrijeWoningen_57": null, "Aardgaswoningen_58": null, "WoningenMetZonnestroom_59": null, "WoningenHoofdzElektrVerwarmd_60": null, "k_20PersonenMetHoogsteInkomen_80": null, "k_20HuishoudensMetHoogsteInkomen_85": null, "MediaanVermogenVanParticuliereHuish_86": null, "PersonenautoSTotaal_104": 130, "PersonenautoSBrandstofBenzine_105": 55, "PersonenautoSOverigeBrandstof_106": 70, "PersonenautoSPerHuishouden_107": null, "Omgevingsadressendichtheid_121": 62, "AantalInstallatiesBijWoningen_5": 0, "OpgesteldVermogenVanZonnepanelen_6": 0, "installaties_per_woning": 0.0, "vermogen_per_woning": 0.0, "installaties_per_100_woningen": 0.0, "vermogen_per_huishouden": 0.0, "batterijdruk_score": null, "koop_zon_score": null, "eengezins_zon_score": null, "betaalkracht_zon_score": null, "overige_brandstof_zon_score": null, "lichte_batterij_kansscore": null }, "geometry": { "type": "MultiPolygon", "coordinates": [ [ [ [ 5.453439342666632, 51.922677467248505 ], [ 5.4534288127179, 51.922673931826893 ], [ 5.453403726025203, 51.922666809325179 ], [ 5.453387330027861, 51.922658073015704 ], [ 5.453379761120297, 51.92264164676849 ], [ 5.453376494419274, 51.922624732727058 ], [ 5.453377320909774, 51.9226036098745 ], [ 5.453408143567753, 51.92252789343592 ], [ 5.453513219534442, 51.922294445161654 ], [ 5.453569114406848, 51.922167436528184 ], [ 5.453615257550294, 51.922091315874013 ], [ 5.453628180125871, 51.922061503515799 ], [ 5.453637191166397, 51.92204072656402 ], [ 5.453655551295504, 51.921991882995663 ], [ 5.453678660747491, 51.92193045318092 ], [ 5.453729119583205, 51.921784922762825 ], [ 5.453761598226811, 51.921660237294056 ], [ 5.453763676343816, 51.92165003444984 ], [ 5.453801485958828, 51.921464126964835 ], [ 5.453810987558795, 51.921431224568892 ], [ 5.453813287845997, 51.921414028738042 ], [ 5.453817643560059, 51.921400723651885 ], [ 5.453869347185851, 51.921164339212957 ], [ 5.453872754610344, 51.921148760635958 ], [ 5.453882314805326, 51.921086925018599 ], [ 5.453883612062228, 51.921079517961765 ], [ 5.45388761937255, 51.921056793383151 ], [ 5.453897268213737, 51.920966635733151 ], [ 5.453903448210714, 51.92087032310252 ], [ 5.453907570315496, 51.920778236119531 ], [ 5.453913835975188, 51.920690677994408 ], [ 5.45391623059079, 51.920609944153931 ], [ 5.45392225059912, 51.920552694551716 ], [ 5.45392244496243, 51.920517253763627 ], [ 5.454057962865407, 51.920534586806568 ], [ 5.454141474879894, 51.920545280115206 ], [ 5.454231544917182, 51.920557407735529 ], [ 5.45425111461474, 51.920560039091463 ], [ 5.454482737444074, 51.920590808009614 ], [ 5.454611931591611, 51.920607523853192 ], [ 5.454642114797189, 51.920611488290675 ], [ 5.454802698858936, 51.920632203612854 ], [ 5.454933797736794, 51.920649079792938 ], [ 5.455115259963382, 51.920672317311883 ], [ 5.455213966199066, 51.920685194189694 ], [ 5.455360608434562, 51.920704550621885 ], [ 5.455432766595844, 51.920714162034329 ], [ 5.455443060392352, 51.920715549222429 ], [ 5.455548935102624, 51.920729671013419 ], [ 5.455608618698373, 51.920737635750704 ], [ 5.455725921183586, 51.920753161869769 ], [ 5.455859172571019, 51.920770323383621 ], [ 5.456000842240422, 51.9207885673855 ], [ 5.456140476542658, 51.92080655175404 ], [ 5.456219918688243, 51.920816787577792 ], [ 5.456401382492159, 51.920840175910342 ], [ 5.456545975067612, 51.920858848966105 ], [ 5.456703609557386, 51.920879266823086 ], [ 5.456798638496384, 51.920891811984355 ], [ 5.456920288981273, 51.920907864637286 ], [ 5.457000822449882, 51.920918575661609 ], [ 5.457182448598077, 51.920943005328731 ], [ 5.457275210023527, 51.920955479551985 ], [ 5.457396992198674, 51.920971864198087 ], [ 5.457496572729809, 51.920985250965771 ], [ 5.457699178776528, 51.921011824435389 ], [ 5.457868561878793, 51.921033608868143 ], [ 5.458092496780573, 51.92106241586643 ], [ 5.458278673236106, 51.92108636471103 ], [ 5.45845333463865, 51.921108792255595 ], [ 5.45861834165523, 51.921129724382929 ], [ 5.45865255274899, 51.92113406284377 ], [ 5.458776050043186, 51.921149716967449 ], [ 5.458805070607935, 51.921153393421413 ], [ 5.458954724349325, 51.921172366023661 ], [ 5.459121069442694, 51.92119345841494 ], [ 5.459286353605285, 51.921214596164262 ], [ 5.459411000747214, 51.92123088707973 ], [ 5.459515714306229, 51.921244574576207 ], [ 5.459669164550919, 51.921264712400188 ], [ 5.459800502520482, 51.921283335712943 ], [ 5.45993454303779, 51.921301130283588 ], [ 5.460081290674618, 51.921320238077591 ], [ 5.460245441368381, 51.921341042617279 ], [ 5.460347858206247, 51.92135444317887 ], [ 5.460445289564031, 51.92136813438929 ], [ 5.460562559314051, 51.921388275662778 ], [ 5.460569131686532, 51.92138942204717 ], [ 5.460734764164113, 51.921418224520146 ], [ 5.460830282392481, 51.921435224287556 ], [ 5.461046058663782, 51.921477099698087 ], [ 5.46112702299993, 51.921492238831675 ], [ 5.461185159729276, 51.921504165531083 ], [ 5.461371338770448, 51.92155393272121 ], [ 5.461598903865121, 51.921612481854332 ], [ 5.461643748402242, 51.921620767528637 ], [ 5.462049385306941, 51.921216532369158 ], [ 5.462028095924274, 51.921211719263781 ], [ 5.462011994624361, 51.921206048961139 ], [ 5.462124417467275, 51.921100482077662 ], [ 5.46213133845152, 51.921092774723824 ], [ 5.462304748698786, 51.920931180860173 ], [ 5.4623815394948, 51.920859000932751 ], [ 5.462629314712555, 51.920904313398339 ], [ 5.462978477380821, 51.921050399074886 ], [ 5.463615074717326, 51.921317934794899 ], [ 5.463616117487557, 51.921093901935059 ], [ 5.463626817390759, 51.92083870050454 ], [ 5.463627130017204, 51.920825963947159 ], [ 5.463859238112447, 51.92086392265044 ], [ 5.463854998410789, 51.920875295560904 ], [ 5.464025208729915, 51.920903326405096 ], [ 5.464354051591306, 51.920955044656786 ], [ 5.464631612656659, 51.920999371560121 ], [ 5.464680177019122, 51.921006826701387 ], [ 5.464743960795316, 51.921014172890139 ], [ 5.464832534551574, 51.921024657514366 ], [ 5.464895281670575, 51.921029334796252 ], [ 5.464982741747415, 51.921034642811726 ], [ 5.465055382185324, 51.921035870945843 ], [ 5.465126158988786, 51.921035383517136 ], [ 5.465193660668371, 51.921032345560079 ], [ 5.465251771925623, 51.92102935875517 ], [ 5.465277062993042, 51.921028074577876 ], [ 5.46528920057524, 51.921027904708666 ], [ 5.465321090225924, 51.921026085821438 ], [ 5.465354215590183, 51.921024338008124 ], [ 5.465360114361111, 51.9210226173211 ], [ 5.465401459871996, 51.921016603584562 ], [ 5.465442124154732, 51.921011731795971 ], [ 5.46550813705862, 51.920996929029066 ], [ 5.465579875339528, 51.920981034820485 ], [ 5.465675778700215, 51.92096009098033 ], [ 5.465788762587295, 51.920931082143774 ], [ 5.465888404333957, 51.920903421400226 ], [ 5.465978313543361, 51.920879703964154 ], [ 5.466033087801559, 51.920863937718885 ], [ 5.466055825621102, 51.920857378985758 ], [ 5.466164696292203, 51.920828974765485 ], [ 5.466326671700951, 51.920786216343068 ], [ 5.466429483704279, 51.920759685520927 ], [ 5.466450827773444, 51.920754170290088 ], [ 5.466539638772398, 51.920726273628333 ], [ 5.466750040555398, 51.920670952228818 ], [ 5.46682541951477, 51.920651135911186 ], [ 5.467588831238638, 51.920446438004944 ], [ 5.467693063068785, 51.920418125428206 ], [ 5.468110250563642, 51.920304784133165 ], [ 5.468752951902357, 51.920136986732508 ], [ 5.469372917825774, 51.919971233086372 ], [ 5.469677782630192, 51.919892434806954 ], [ 5.469686223844469, 51.919890145854524 ], [ 5.469730128844062, 51.919877738144834 ], [ 5.469713061639728, 51.91985298751198 ], [ 5.469703604406442, 51.919840284772995 ], [ 5.469699743443629, 51.919835433831409 ], [ 5.469691936900298, 51.919827143163239 ], [ 5.469680411074397, 51.919811997071974 ], [ 5.469493932022218, 51.919560214248364 ], [ 5.469317157894775, 51.919320432635686 ], [ 5.469125653129891, 51.919068419036762 ], [ 5.468974845400911, 51.91886150678171 ], [ 5.468859086654541, 51.918703717713072 ], [ 5.468756356213465, 51.918571895527883 ], [ 5.468740646146776, 51.918549507717564 ], [ 5.468721744526029, 51.918522565077673 ], [ 5.46866935353265, 51.918447909074793 ], [ 5.468645628253478, 51.918414093757086 ], [ 5.468905998627359, 51.918347696187197 ], [ 5.469352028316892, 51.918232721448469 ], [ 5.469720689482807, 51.918136755704424 ], [ 5.469728970095058, 51.918134260131353 ], [ 5.469735435349519, 51.918132619719444 ], [ 5.469782477607822, 51.918119850248537 ], [ 5.469776605633874, 51.918112142458767 ], [ 5.46977286167429, 51.918107606025131 ], [ 5.469650331756001, 51.917943638565568 ], [ 5.469546509507706, 51.917803314934069 ], [ 5.469419960117525, 51.917642154386428 ], [ 5.469356870673761, 51.917567299450269 ], [ 5.469222965335552, 51.917412732230837 ], [ 5.469096750032265, 51.917266132070921 ], [ 5.468960016239051, 51.917113813585779 ], [ 5.468825168094352, 51.916966823663316 ], [ 5.468750661579832, 51.916879024261597 ], [ 5.468642205224377, 51.916761218621595 ], [ 5.468518039359459, 51.91662860213544 ], [ 5.468396737992767, 51.916496199251235 ], [ 5.468282147828893, 51.916377318929023 ], [ 5.468155850308791, 51.916246276473245 ], [ 5.468018290912384, 51.916108194846025 ], [ 5.467889812331777, 51.915975832329231 ], [ 5.467762556063307, 51.915851917793645 ], [ 5.467607820873185, 51.915698603389508 ], [ 5.467464905207283, 51.915562556124662 ], [ 5.467323034502027, 51.915425168719381 ], [ 5.467213058378984, 51.915323155150972 ], [ 5.467143610941611, 51.91525712082673 ], [ 5.467123278474898, 51.915225235351549 ], [ 5.46711929885234, 51.915202353954733 ], [ 5.467126774275485, 51.915156050335277 ], [ 5.467154109229055, 51.915072045404791 ], [ 5.467175428593493, 51.914972728574476 ], [ 5.467204209729393, 51.914868472094263 ], [ 5.467234527134234, 51.914769985020129 ], [ 5.467253036437604, 51.914716941652642 ], [ 5.467259905633969, 51.914697549286423 ], [ 5.467271171383667, 51.914665902919509 ], [ 5.467498217838395, 51.914701610844432 ], [ 5.467755308106006, 51.914745944404991 ], [ 5.467906207819285, 51.91477245489947 ], [ 5.467966396511369, 51.914781590479173 ], [ 5.468009754415389, 51.914782648191974 ], [ 5.468047583394772, 51.914756259553705 ], [ 5.468087782413209, 51.9147062391324 ], [ 5.468172674683628, 51.914608082679308 ], [ 5.468207775321281, 51.91456800675175 ], [ 5.468245689744907, 51.914524720060108 ], [ 5.468320669665598, 51.914434983358682 ], [ 5.468369383915372, 51.914376247323958 ], [ 5.468425886606116, 51.914308508625673 ], [ 5.468481881994361, 51.914241633124178 ], [ 5.468519358892721, 51.914197816337932 ], [ 5.468577441276816, 51.914127829404393 ], [ 5.468552602748944, 51.91411999988442 ], [ 5.468616025749633, 51.914045721825829 ], [ 5.468633946316639, 51.914021701738712 ], [ 5.469052532441417, 51.913521905695532 ], [ 5.469094413356485, 51.913478849649643 ], [ 5.469143050541695, 51.913418828018052 ], [ 5.469234693271452, 51.913311048621509 ], [ 5.469241376632247, 51.91330188490754 ], [ 5.469279365439515, 51.913252719498544 ], [ 5.469298724367136, 51.913228797171435 ], [ 5.469302898366582, 51.913222376630344 ], [ 5.469340751708415, 51.913178676159255 ], [ 5.469430569631942, 51.91307494260208 ], [ 5.469509488667018, 51.91298014196871 ], [ 5.469573648114544, 51.912904999990346 ], [ 5.46958741353907, 51.912890240582456 ], [ 5.46959659489904, 51.91288016727836 ], [ 5.469691834440387, 51.912745761755239 ], [ 5.469791284318114, 51.912632942994875 ], [ 5.469877824659654, 51.912534172916558 ], [ 5.469880404502871, 51.912530297156529 ], [ 5.469904345542504, 51.912501014491873 ], [ 5.4699360936393, 51.912465227800837 ], [ 5.469936746059489, 51.912464364467333 ], [ 5.469960348990591, 51.912433041693724 ], [ 5.469990229332261, 51.912393265516776 ], [ 5.470019647995553, 51.912347485498138 ], [ 5.470049413362033, 51.912300599670552 ], [ 5.470089485012552, 51.912246965354022 ], [ 5.470124116982341, 51.912191141733288 ], [ 5.47015721136421, 51.912129108299396 ], [ 5.47019713506924, 51.912066359950089 ], [ 5.470231137609462, 51.91201610946532 ], [ 5.470254717639532, 51.911964805736403 ], [ 5.470282251486997, 51.911913921650033 ], [ 5.470306907709231, 51.911863066560763 ], [ 5.47033250985327, 51.91180507411385 ], [ 5.470356800558851, 51.911753104727616 ], [ 5.4703860395955, 51.911697096095814 ], [ 5.470402622873374, 51.911658299972771 ], [ 5.470423884133991, 51.911618574736544 ], [ 5.470433630302768, 51.911599836277631 ], [ 5.470443939009218, 51.91157880541121 ], [ 5.470519429713119, 51.911424791825716 ], [ 5.470581827116338, 51.911435865963973 ], [ 5.470719257381559, 51.911461204966038 ], [ 5.470868580028371, 51.911488683519245 ], [ 5.470927008963721, 51.911499194044545 ], [ 5.471095318273191, 51.911529831611077 ], [ 5.471165058793464, 51.911542778734017 ], [ 5.4712761618507, 51.911563839539319 ], [ 5.471413245347398, 51.911589843109823 ], [ 5.47147441033334, 51.911602229945665 ], [ 5.471534209085943, 51.91161454582587 ], [ 5.471596850805215, 51.911623884514462 ], [ 5.4716581262827, 51.91163315224739 ], [ 5.471777465922083, 51.911651941604632 ], [ 5.471827097477883, 51.911659734581974 ], [ 5.47189030722392, 51.911669656941449 ], [ 5.47199201745152, 51.911688108267008 ], [ 5.472069201027618, 51.911701831451147 ], [ 5.472112365281034, 51.911709593034551 ], [ 5.472125231684142, 51.911711902691096 ], [ 5.472151327964252, 51.911716593642886 ], [ 5.472163928593162, 51.911586245694558 ], [ 5.472172681568718, 51.911488563883573 ], [ 5.47219128477724, 51.911274081421404 ], [ 5.472213751434177, 51.911012425734704 ], [ 5.472236451398611, 51.910743651159017 ], [ 5.472253835721832, 51.910499822861588 ], [ 5.472264997475119, 51.910354420579033 ], [ 5.472273223445427, 51.910247301447164 ], [ 5.472297377210938, 51.909979190909098 ], [ 5.472316128307469, 51.909751378676688 ], [ 5.472317903918515, 51.909729778583355 ], [ 5.472339914689127, 51.909504372829261 ], [ 5.472358210316054, 51.909251196016072 ], [ 5.472379057022739, 51.908979321742166 ], [ 5.472404190155062, 51.90868429056254 ], [ 5.472407658331774, 51.908643364459024 ], [ 5.472420890834036, 51.908486932015705 ], [ 5.472421132402807, 51.908484046606127 ], [ 5.472421686682265, 51.908477475779314 ], [ 5.472424799322639, 51.908440657571056 ], [ 5.47244363487472, 51.908173836124298 ], [ 5.472451035788485, 51.908068874732592 ], [ 5.47244437727056, 51.908067414484634 ], [ 5.472225316234368, 51.908004592703676 ], [ 5.471612698944153, 51.907850580828367 ], [ 5.471405819192737, 51.90780386471674 ], [ 5.471042059212052, 51.907714656105661 ], [ 5.47101264734423, 51.907707441572235 ], [ 5.470554016885885, 51.907598902527042 ], [ 5.469927462177498, 51.90744598833696 ], [ 5.469618761869306, 51.90737628595042 ], [ 5.469579351432809, 51.907368511823719 ], [ 5.469561412692422, 51.907365081916559 ], [ 5.469453773205044, 51.907340628476909 ], [ 5.469188938733918, 51.90727475914121 ], [ 5.467692148625265, 51.906934062075401 ], [ 5.466714127753045, 51.906704440869952 ], [ 5.465716742373558, 51.90646435315535 ], [ 5.464676939570327, 51.906218262866012 ], [ 5.462945210258914, 51.905805439565832 ], [ 5.461234056650061, 51.905434561956611 ], [ 5.459804421866797, 51.905121468751943 ], [ 5.458771452930379, 51.904892876048009 ], [ 5.458670427521444, 51.904917241966366 ], [ 5.458642395174772, 51.904925285578976 ], [ 5.458563678683555, 51.904942842675105 ], [ 5.458526498508056, 51.904946056138421 ], [ 5.458064688137901, 51.904986037399027 ], [ 5.457820341432534, 51.90498304794356 ], [ 5.457744734188966, 51.904982122732562 ], [ 5.45727514160417, 51.904952545343427 ], [ 5.456572864484537, 51.904811847190778 ], [ 5.455669046976244, 51.904538829544613 ], [ 5.455525791731956, 51.904562075908608 ], [ 5.455552190462257, 51.904530718416098 ], [ 5.455578042258063, 51.904493294153433 ], [ 5.455609584695642, 51.904452280243632 ], [ 5.455659759014329, 51.904365756814649 ], [ 5.45568308507858, 51.904330194575294 ], [ 5.455692706160513, 51.90431219443424 ], [ 5.455704515134987, 51.90429008537366 ], [ 5.455789800315921, 51.9041304757014 ], [ 5.45582533736736, 51.90406985597307 ], [ 5.455830902716023, 51.904060370087898 ], [ 5.455853048170454, 51.904022642330837 ], [ 5.4560173698424, 51.903742750053141 ], [ 5.456040316159692, 51.903703474008488 ], [ 5.454572114543764, 51.903379263501321 ], [ 5.45453038683479, 51.903369599917944 ], [ 5.453503655134312, 51.903120652785525 ], [ 5.453277406146902, 51.903067088207386 ], [ 5.452112058515895, 51.90519317350833 ], [ 5.45128978274004, 51.906572974837502 ], [ 5.448382214653376, 51.910905393395282 ], [ 5.448135416553795, 51.911197405027636 ], [ 5.447878984074641, 51.911486224891561 ], [ 5.447613025921533, 51.911771731526748 ], [ 5.4473376537178, 51.912053804368895 ], [ 5.447052982005915, 51.912332324648595 ], [ 5.446759132607792, 51.912607175389319 ], [ 5.446456227358216, 51.912878241411278 ], [ 5.446144395369486, 51.91314540753018 ], [ 5.445823764316088, 51.913408562157038 ], [ 5.445494472058351, 51.913667594596085 ], [ 5.445156656468915, 51.913922395049916 ], [ 5.44481045834311, 51.914172857314853 ], [ 5.444456024301207, 51.914418875184104 ], [ 5.444093503885198, 51.914660345146054 ], [ 5.443723048105369, 51.914897166384954 ], [ 5.44334481379722, 51.915129238082571 ], [ 5.442958957813399, 51.915356463915259 ], [ 5.442565645737625, 51.915578746657012 ], [ 5.442165041718366, 51.915795994476206 ], [ 5.433771045992023, 51.919824276640519 ], [ 5.434077488579208, 51.920070736276614 ], [ 5.434247779447432, 51.920223728922991 ], [ 5.43434033386804, 51.920295588727519 ], [ 5.434428402376545, 51.920358848511356 ], [ 5.434619475018437, 51.920477497114568 ], [ 5.434769453240125, 51.920553692618213 ], [ 5.434943644663874, 51.920625482808219 ], [ 5.434982396787828, 51.920637691026748 ], [ 5.435002127767685, 51.920642644490293 ], [ 5.435004032438096, 51.920643039196015 ], [ 5.435111731762619, 51.920670427332361 ], [ 5.435895383159923, 51.920792164614724 ], [ 5.436444482531771, 51.920849720528096 ], [ 5.436815039781006, 51.9208736077384 ], [ 5.436827309321949, 51.920874402495492 ], [ 5.437277531886518, 51.920903467656558 ], [ 5.437586037040457, 51.920916808762591 ], [ 5.43786783930304, 51.920917469201093 ], [ 5.438220830303076, 51.920909109732783 ], [ 5.438466643829726, 51.920899933280388 ], [ 5.438843853329744, 51.920880020426928 ], [ 5.439028569722877, 51.920870267501918 ], [ 5.439770644610162, 51.920841587946533 ], [ 5.439926803963552, 51.920837931464852 ], [ 5.440099605389072, 51.92083259544863 ], [ 5.440394257733736, 51.920845890495613 ], [ 5.44075902790826, 51.920878846031606 ], [ 5.441082223896742, 51.920911145441629 ], [ 5.441505946560929, 51.920973490079938 ], [ 5.441801337852078, 51.921019489500608 ], [ 5.441953636952879, 51.921044504643852 ], [ 5.442196376765344, 51.921089224364998 ], [ 5.442326509654429, 51.921115337004231 ], [ 5.443065598021029, 51.921289673638626 ], [ 5.443521443614163, 51.92139109457981 ], [ 5.443648847535893, 51.92140745481445 ], [ 5.443801210068897, 51.921423290528992 ], [ 5.443898215343871, 51.921425796301087 ], [ 5.444068350348902, 51.921402676981756 ], [ 5.444193240167079, 51.921373701112202 ], [ 5.44435526094385, 51.921314416603821 ], [ 5.444410704125348, 51.921292494173976 ], [ 5.44461916765888, 51.921210050863621 ], [ 5.445050846909004, 51.921011422944304 ], [ 5.445286185893295, 51.920895510908082 ], [ 5.445583523340768, 51.920759101282997 ], [ 5.445746528072586, 51.920688336363455 ], [ 5.445958564209625, 51.920607371945621 ], [ 5.446088133761879, 51.92056923268386 ], [ 5.446222254278236, 51.920543153220621 ], [ 5.446344245042764, 51.920534256274152 ], [ 5.44653147648286, 51.920537990639879 ], [ 5.446664863143818, 51.920539729680996 ], [ 5.446672843666596, 51.920539833490821 ], [ 5.446979556690049, 51.920571603729364 ], [ 5.447155833502743, 51.920601165933306 ], [ 5.447300567666041, 51.920631310310469 ], [ 5.447443461296572, 51.920665455227216 ], [ 5.447556698956493, 51.920708765284502 ], [ 5.447772952181003, 51.920803380909426 ], [ 5.44790664354792, 51.920879208538082 ], [ 5.448147100852309, 51.921026886556874 ], [ 5.448298428754208, 51.921115270141193 ], [ 5.448611322664777, 51.921304578957354 ], [ 5.448893564053042, 51.9214744974404 ], [ 5.449078305829844, 51.921577684050561 ], [ 5.449250053078216, 51.921670612666688 ], [ 5.449431069837606, 51.921759536339053 ], [ 5.449596284081943, 51.921826213237033 ], [ 5.449725296397397, 51.921878069616376 ], [ 5.449948010529868, 51.921938980832685 ], [ 5.450188354955021, 51.922007872709223 ], [ 5.450529819038642, 51.922077833041882 ], [ 5.450878699539301, 51.922148929861677 ], [ 5.451500360161891, 51.922268340991501 ], [ 5.451767597410261, 51.922324083051215 ], [ 5.45197917937841, 51.922373590458513 ], [ 5.452120228824513, 51.922412862993973 ], [ 5.453222698097058, 51.922716292847632 ], [ 5.45338451700927, 51.922761358576139 ], [ 5.453439342666632, 51.922677467248505 ] ] ] ] } },
{ "type": "Feature", "properties": { "buurtcode": "BU02810108", "buurtnaam": "Veluwe", "pc6_codes": "4003EH, 4003EJ, 4003EK, 4003JK, 4003JL, 4004JH, 4004JW", "wijkcode": "WK028101", "gemeentecode": "GM0281", "gemeentenaam": "Tiel", "oppervlakteLandInHa": 215, "AantalInwoners_5": 185, "Mannen_6": 85, "Vrouwen_7": 100, "HuishoudensTotaal_29": 80, "GemiddeldeHuishoudensgrootte_33": 2.4, "Woningvoorraad_35": 78, "NieuwbouwWoningen_36": 0, "NietWoningvoorraad_37": 3, "NieuwbouwNietWoningen_38": 1, "GemiddeldeWOZWaardeVanWoningen_39": 633, "PercentageEengezinswoning_40": 97, "PercentageTussenwoningEengezins_41": 1, "PercentageHoekwoningEengezins_42": 3, "PercentageTweeOnderEenKapWoningEe_43": 18, "PercentageVrijstaandeWoningEengezins_44": 76, "PercentageMeergezinswoning_45": 3, "Koopwoningen_47": 91, "HuurwoningenTotaal_48": 9, "InBezitWoningcorporatie_49": 1, "InBezitOverigeVerhuurders_50": 8, "BouwjaarMeerDanTienJaarGeleden_51": 96, "BouwjaarAfgelopenTienJaar_52": 4, "GemiddeldeElektriciteitslevering_53": 3780, "GemiddeldeElektriciteitsteruglevering_54": 1990, "GemiddeldAardgasverbruik_55": 1250, "AardgasvrijeWoningen_57": null, "Aardgaswoningen_58": null, "WoningenMetZonnestroom_59": null, "WoningenHoofdzElektrVerwarmd_60": null, "k_20PersonenMetHoogsteInkomen_80": 33.1, "k_20HuishoudensMetHoogsteInkomen_85": null, "MediaanVermogenVanParticuliereHuish_86": null, "PersonenautoSTotaal_104": 115, "PersonenautoSBrandstofBenzine_105": 85, "PersonenautoSOverigeBrandstof_106": 30, "PersonenautoSPerHuishouden_107": 1.5, "Omgevingsadressendichtheid_121": 435, "AantalInstallatiesBijWoningen_5": 28, "OpgesteldVermogenVanZonnepanelen_6": 191, "installaties_per_woning": 0.35897435897435898, "vermogen_per_woning": 2.4487179487179489, "installaties_per_100_woningen": 35.897435897435898, "vermogen_per_huishouden": 2.3875, "batterijdruk_score": null, "koop_zon_score": null, "eengezins_zon_score": null, "betaalkracht_zon_score": null, "overige_brandstof_zon_score": null, "lichte_batterij_kansscore": null }, "geometry": { "type": "MultiPolygon", "coordinates": [ [ [ [ 5.42419157218686, 51.916328059744416 ], [ 5.424326577202736, 51.915973551649714 ], [ 5.424576742978193, 51.915331002249559 ], [ 5.424735577802975, 51.914927252844578 ], [ 5.424878502207998, 51.914535817745218 ], [ 5.425160411523794, 51.913807100698584 ], [ 5.425366865762943, 51.913263026379006 ], [ 5.425489917194297, 51.912908519797405 ], [ 5.4256525855601, 51.912354612588921 ], [ 5.425791346877915, 51.911768712993961 ], [ 5.425882452299519, 51.911291137501507 ], [ 5.42593390628717, 51.910976039669293 ], [ 5.426037870695811, 51.910190762760081 ], [ 5.426093222272044, 51.909784585447412 ], [ 5.426231608643441, 51.908782678727576 ], [ 5.426294751930712, 51.908191879681034 ], [ 5.426377796526651, 51.907610920537721 ], [ 5.426421354162247, 51.90737459544696 ], [ 5.426468956397162, 51.907212114773785 ], [ 5.42665548360969, 51.906682813906407 ], [ 5.426858007888319, 51.906249508273177 ], [ 5.42709631621622, 51.905796497674608 ], [ 5.427272704917216, 51.905510894509007 ], [ 5.427527034327083, 51.905188341326465 ], [ 5.427749604530353, 51.904942107194081 ], [ 5.428528739433534, 51.904255054462482 ], [ 5.429194171286936, 51.903673885918323 ], [ 5.429635405688561, 51.903297105647553 ], [ 5.430132280974203, 51.902871071844586 ], [ 5.430908982677106, 51.902211082983534 ], [ 5.432200820849058, 51.901147192722917 ], [ 5.432355215698616, 51.901014186815715 ], [ 5.431984985424765, 51.900995734091509 ], [ 5.42735562281521, 51.900757509656806 ], [ 5.42454919190545, 51.900605877610083 ], [ 5.424354699261974, 51.900595366637873 ], [ 5.419903767047919, 51.900366387664576 ], [ 5.418224863419989, 51.900275982847766 ], [ 5.41724407982854, 51.900223158841989 ], [ 5.413367017700764, 51.900017773897709 ], [ 5.411467269682503, 51.899917424810198 ], [ 5.410870208039229, 51.899883960054389 ], [ 5.409676072433792, 51.899793032636694 ], [ 5.407892617216428, 51.899620632370528 ], [ 5.405605131866321, 51.899328332741725 ], [ 5.405413559914918, 51.899297698461382 ], [ 5.403596797514024, 51.89900716100901 ], [ 5.399690817647439, 51.89830415133175 ], [ 5.399716808939596, 51.898356790165849 ], [ 5.399762863350098, 51.898450061020199 ], [ 5.399793639250043, 51.898512974714841 ], [ 5.399824415236375, 51.898575889299792 ], [ 5.39988734136981, 51.898679436358456 ], [ 5.399956329320841, 51.898792932736598 ], [ 5.399966708093087, 51.898810090212784 ], [ 5.400039301585499, 51.898930129607876 ], [ 5.400109925950288, 51.899022431358198 ], [ 5.400136218956546, 51.89905529855217 ], [ 5.400136829408473, 51.899056062487503 ], [ 5.400178674448504, 51.89910830665805 ], [ 5.400183717892958, 51.899114400144377 ], [ 5.400257145913592, 51.899202998320987 ], [ 5.400283467903113, 51.899234885755988 ], [ 5.400361820996728, 51.899320876710725 ], [ 5.400369465698019, 51.899328497900605 ], [ 5.400400319897948, 51.899356663648838 ], [ 5.400433137460751, 51.8993910670277 ], [ 5.400498277768715, 51.899456638035318 ], [ 5.400576918207404, 51.899529209317308 ], [ 5.400667765327439, 51.899607360848968 ], [ 5.400839845581473, 51.899775376550423 ], [ 5.40092088312988, 51.899843507110091 ], [ 5.400967071827421, 51.899888263248833 ], [ 5.401013932798414, 51.899945315248203 ], [ 5.401061172083429, 51.900003733400979 ], [ 5.401111843601544, 51.900072137095556 ], [ 5.401156734149894, 51.900145844544149 ], [ 5.4011909544489, 51.900201648619266 ], [ 5.401209998959108, 51.900235532115843 ], [ 5.401228933016741, 51.900287652829888 ], [ 5.401260577295989, 51.900421214749763 ], [ 5.40127683821546, 51.900519832117006 ], [ 5.401280190346073, 51.900552315330835 ], [ 5.401280785094914, 51.900595117416565 ], [ 5.401280070419237, 51.90063240984923 ], [ 5.401279763524633, 51.90067269532728 ], [ 5.401277227059058, 51.90069242489448 ], [ 5.401276187462966, 51.900713107037163 ], [ 5.401272767073888, 51.900740413825559 ], [ 5.401268953419519, 51.900764700601634 ], [ 5.401267727564341, 51.900793705907482 ], [ 5.40126017195369, 51.900839331296496 ], [ 5.401248577268132, 51.901023637236278 ], [ 5.401257513720114, 51.901163233019311 ], [ 5.401257665725542, 51.901184436336102 ], [ 5.401257587068145, 51.901211383186954 ], [ 5.401256634016907, 51.901230123850688 ], [ 5.401255928790277, 51.901251444118593 ], [ 5.401255849657054, 51.90127688992775 ], [ 5.401256862186512, 51.901308384712159 ], [ 5.401260824653193, 51.901340966720312 ], [ 5.401264202244681, 51.901361917974484 ], [ 5.401270665154938, 51.901398508448779 ], [ 5.401277024663182, 51.901429723948205 ], [ 5.401268894703294, 51.901497307752763 ], [ 5.401265171709822, 51.901532802890785 ], [ 5.401266412380843, 51.901550545589885 ], [ 5.40126518343088, 51.901569843559137 ], [ 5.401268927187189, 51.901599935840991 ], [ 5.401268935491692, 51.901626172606406 ], [ 5.401273927868574, 51.901653181759258 ], [ 5.401298889526737, 51.90169561236462 ], [ 5.401322611515518, 51.90172339223178 ], [ 5.401330097968184, 51.901734195224314 ], [ 5.401351302839172, 51.901751162500524 ], [ 5.401366272574405, 51.90176273757023 ], [ 5.401388740858306, 51.901777394699664 ], [ 5.401412124208899, 51.901790964131912 ], [ 5.401645039171965, 51.901869879398426 ], [ 5.401877480498664, 51.90192004976916 ], [ 5.401904538401687, 51.901928144781508 ], [ 5.401985364484168, 51.901955557743946 ], [ 5.402065652755788, 51.901982098857111 ], [ 5.402139840178897, 51.902013853897216 ], [ 5.40223632073294, 51.902056382946455 ], [ 5.402321916176573, 51.902092639519168 ], [ 5.402403982292721, 51.902132959189736 ], [ 5.402501308587684, 51.90218269650385 ], [ 5.402578145449849, 51.902226854732312 ], [ 5.402652309273075, 51.902272127811152 ], [ 5.402719441518523, 51.902320125227853 ], [ 5.40277820276002, 51.902363350955547 ], [ 5.402849059794677, 51.902424848181923 ], [ 5.402918556971184, 51.902502776108506 ], [ 5.40302600728482, 51.90262005847363 ], [ 5.403243430915918, 51.902915868632107 ], [ 5.403284860893018, 51.902965675906287 ], [ 5.403405776353257, 51.903104312185 ], [ 5.403525772610727, 51.903230625547231 ], [ 5.403780373920891, 51.903492426840785 ], [ 5.404011495790074, 51.903714017449573 ], [ 5.404041272404195, 51.903760509463268 ], [ 5.404055303425753, 51.903783778062028 ], [ 5.404066571021302, 51.903800215974726 ], [ 5.40407177480968, 51.903804862155802 ], [ 5.404076179677278, 51.9038102275141 ], [ 5.404123805446513, 51.903870334144969 ], [ 5.404163796783858, 51.90391504496354 ], [ 5.40419774406828, 51.903961599246358 ], [ 5.4042207438406, 51.903992884050844 ], [ 5.404240465610035, 51.904039701060107 ], [ 5.40425597044856, 51.904078653948162 ], [ 5.40427017106376, 51.904126820001203 ], [ 5.404287208364203, 51.904183129007656 ], [ 5.40430425975844, 51.904238188639773 ], [ 5.404309949179639, 51.90429636886909 ], [ 5.404312824416025, 51.904367070170082 ], [ 5.404310005909103, 51.904444028142542 ], [ 5.404301532413573, 51.904514722121839 ], [ 5.404293046043878, 51.90458980237684 ], [ 5.404273211827879, 51.904667383034258 ], [ 5.404267572280523, 51.904739334950868 ], [ 5.404261912908325, 51.90479751684223 ], [ 5.404264776687188, 51.904876352524212 ], [ 5.404267649729834, 51.904941418176975 ], [ 5.404284686135974, 51.904994599260583 ], [ 5.404310238107954, 51.905048399280368 ], [ 5.404321660761036, 51.905070220216807 ], [ 5.404331527440767, 51.905089068062054 ], [ 5.404371259116708, 51.905135360776285 ], [ 5.404429448948974, 51.905190405319253 ], [ 5.404470588403452, 51.905231682337444 ], [ 5.4045088764039, 51.905264214180406 ], [ 5.40455145192137, 51.905298623919805 ], [ 5.404612469676232, 51.905338028363516 ], [ 5.404662137112872, 51.90537368637068 ], [ 5.404713211703549, 51.90540307932249 ], [ 5.404777063352198, 51.905442483253893 ], [ 5.404857930579261, 51.905480015011399 ], [ 5.404982493356682, 51.90551658729175 ], [ 5.40521788632028, 51.905587153948552 ], [ 5.405358266605258, 51.905604659266459 ], [ 5.405414768844288, 51.905614942009514 ], [ 5.405454717252339, 51.905618881604326 ], [ 5.405500405416159, 51.905622451764863 ], [ 5.405548447310322, 51.905625140686624 ], [ 5.405614594926419, 51.905626855994804 ], [ 5.405686801714023, 51.905627545641742 ], [ 5.40575182982661, 51.90562783191583 ], [ 5.405800467029823, 51.905629325200181 ], [ 5.405863563253088, 51.90563148128053 ], [ 5.405909658186568, 51.905634682697773 ], [ 5.405970342759518, 51.905638142406879 ], [ 5.406020259882755, 51.90564233187424 ], [ 5.406165782700593, 51.905654972743733 ], [ 5.406294307345945, 51.905675768578377 ], [ 5.406430175884301, 51.90570910169366 ], [ 5.40653676519355, 51.905745675290348 ], [ 5.406657179092791, 51.905793733488274 ], [ 5.406787379384424, 51.905856494723174 ], [ 5.406934658667831, 51.905928582743883 ], [ 5.407213751935753, 51.906061264892593 ], [ 5.407514805378492, 51.90619682778496 ], [ 5.407707650609698, 51.906284339738228 ], [ 5.407962308645573, 51.906391201109145 ], [ 5.408074604948886, 51.906444274748779 ], [ 5.408172264723416, 51.906521034996324 ], [ 5.408278071739733, 51.906617163403482 ], [ 5.408393649783727, 51.90675491459951 ], [ 5.408546681340181, 51.906932117317226 ], [ 5.408667140950081, 51.907064105866631 ], [ 5.408816891400241, 51.90721332835853 ], [ 5.408989443481805, 51.907362546399227 ], [ 5.40922871135064, 51.907537574889453 ], [ 5.409411003483322, 51.907659520068918 ], [ 5.409539594066276, 51.907768559122793 ], [ 5.409625872173622, 51.907857517403883 ], [ 5.409695885896393, 51.90794001619544 ], [ 5.409747999146698, 51.908028261906566 ], [ 5.409782211111461, 51.908120816438618 ], [ 5.409795275919562, 51.908207640544354 ], [ 5.40978880832969, 51.908292302259291 ], [ 5.409770958292496, 51.908398493068461 ], [ 5.40973523881305, 51.908544163782274 ], [ 5.409696260953062, 51.90868409161002 ], [ 5.409681648819361, 51.908756566798132 ], [ 5.409675176962393, 51.908833336805905 ], [ 5.409675225386904, 51.908929493241196 ], [ 5.409688297089811, 51.909029943555581 ], [ 5.409720857331808, 51.909131109167888 ], [ 5.409763225743762, 51.9092293966292 ], [ 5.409797420855502, 51.909286798048221 ], [ 5.409862548336704, 51.909357819659476 ], [ 5.409935797566671, 51.909424534273697 ], [ 5.410033463693521, 51.909494839371149 ], [ 5.410155529729259, 51.909563692478805 ], [ 5.410279233513432, 51.909623224306642 ], [ 5.410401296177107, 51.909684194452154 ], [ 5.410531497488521, 51.909745144867031 ], [ 5.410669848817122, 51.909827638363808 ], [ 5.41074636178546, 51.909906548884614 ], [ 5.410819636865785, 51.909990484448777 ], [ 5.410892906444974, 51.910090922416934 ], [ 5.410933636115406, 51.910189218765048 ], [ 5.410949966367181, 51.910289668259963 ], [ 5.410940268559063, 51.910418112495975 ], [ 5.410922394384792, 51.910530046954321 ], [ 5.410888315746994, 51.910669255083995 ], [ 5.410862352815496, 51.910820658626619 ], [ 5.410862421652959, 51.910950530000044 ], [ 5.410875524759851, 51.911104082795688 ], [ 5.410899986826645, 51.911246137295109 ], [ 5.410945646907662, 51.911431250232766 ], [ 5.410992938925368, 51.911623544435542 ], [ 5.411045091951685, 51.911773493927654 ], [ 5.411077683183541, 51.911841654230138 ], [ 5.411121661798529, 51.911896896060014 ], [ 5.411180260774567, 51.91195141580949 ], [ 5.41125678119375, 51.912008808080365 ], [ 5.411357701179131, 51.912061880889198 ], [ 5.411476509012458, 51.912109215382536 ], [ 5.411619733383738, 51.912156544650472 ], [ 5.41168790827269, 51.912179782997654 ], [ 5.411756446639326, 51.912203147064339 ], [ 5.41188503554493, 51.912249049952742 ], [ 5.412018498232948, 51.912303553428714 ], [ 5.412178001299971, 51.912376701823277 ], [ 5.412350526586234, 51.912449128135634 ], [ 5.412542597021697, 51.912541647701659 ], [ 5.412698859555571, 51.912612647896445 ], [ 5.412822556864233, 51.912665723455653 ], [ 5.41297067436668, 51.912724528007224 ], [ 5.413133436816575, 51.912773999307554 ], [ 5.413297807836758, 51.912814859270576 ], [ 5.413460557055648, 51.912840655046061 ], [ 5.413655847491658, 51.912866443229781 ], [ 5.41385437532576, 51.912885776780179 ], [ 5.414103369239598, 51.912912972097679 ], [ 5.414362116928473, 51.912942339778645 ], [ 5.414611121151048, 51.912985326388657 ], [ 5.414876395386279, 51.913038366479348 ], [ 5.415109137755736, 51.913082074945613 ], [ 5.415315793817375, 51.913104981411841 ], [ 5.415542002143242, 51.913111380330662 ], [ 5.415800734001798, 51.913112755409657 ], [ 5.416078994681468, 51.913106943475753 ], [ 5.416295429867307, 51.913103303473996 ], [ 5.416647016104708, 51.913101444726692 ], [ 5.417041220977507, 51.913129639779712 ], [ 5.41733472438421, 51.91316220983289 ], [ 5.417760992144768, 51.913233322124341 ], [ 5.418016438455159, 51.913295534706911 ], [ 5.418226613514401, 51.913359367655886 ], [ 5.418476292846261, 51.913444680592796 ], [ 5.41880202372433, 51.91356324699877 ], [ 5.419225898535552, 51.913734474828637 ], [ 5.419563865609918, 51.913885528319582 ], [ 5.419886377775693, 51.914046319440153 ], [ 5.420124406867775, 51.914189741210514 ], [ 5.420262453799812, 51.91428999324053 ], [ 5.420318144129715, 51.914342513847416 ], [ 5.420620256675909, 51.914640145947992 ], [ 5.42075245838312, 51.914848165571122 ], [ 5.420868782519836, 51.915031198663108 ], [ 5.421186235931184, 51.915556605253144 ], [ 5.42133861838305, 51.915901539122096 ], [ 5.421356832802015, 51.915942771921038 ], [ 5.421412661374115, 51.916038660290582 ], [ 5.421466712649172, 51.916109975262934 ], [ 5.421525736557997, 51.916183320096337 ], [ 5.421578061277719, 51.916239283582968 ], [ 5.421629699205827, 51.916290330672467 ], [ 5.421691946726436, 51.916340116255235 ], [ 5.421749208146143, 51.91638889659297 ], [ 5.4218237239867, 51.916439460459202 ], [ 5.421903546343969, 51.916491451836237 ], [ 5.421985995072662, 51.916537483164774 ], [ 5.422103339736983, 51.916598784061364 ], [ 5.422246027254498, 51.916670413743603 ], [ 5.422276504539869, 51.916685711606732 ], [ 5.422987338247887, 51.917013927134178 ], [ 5.423559170784523, 51.917256334814098 ], [ 5.423801026055129, 51.917351049532797 ], [ 5.42419157218686, 51.916328059744416 ] ] ] ] } },
{ "type": "Feature", "properties": { "buurtcode": "BU02810109", "buurtnaam": "Industrieterrein Kellen", "pc6_codes": "4003BZ, 4004JA, 4004JB, 4004JC, 4004JD, 4004JE, 4004JG, 4004JJ, 4004JK, 4004JL, 4004JM, 4004JN, 4004JP, 4004JR, 4004JS, 4004JT, 4004JV, 4004JW, 4004JX, 4004JZ, 4004KA, 4004KB, 4004KC, 4004KD, 4004KE, 4004KG", "wijkcode": "WK028101", "gemeentecode": "GM0281", "gemeentenaam": "Tiel", "oppervlakteLandInHa": 245, "AantalInwoners_5": 40, "Mannen_6": 20, "Vrouwen_7": 20, "HuishoudensTotaal_29": 20, "GemiddeldeHuishoudensgrootte_33": 2.2, "Woningvoorraad_35": 18, "NieuwbouwWoningen_36": 0, "NietWoningvoorraad_37": 454, "NieuwbouwNietWoningen_38": 47, "GemiddeldeWOZWaardeVanWoningen_39": null, "PercentageEengezinswoning_40": null, "PercentageTussenwoningEengezins_41": null, "PercentageHoekwoningEengezins_42": null, "PercentageTweeOnderEenKapWoningEe_43": null, "PercentageVrijstaandeWoningEengezins_44": null, "PercentageMeergezinswoning_45": null, "Koopwoningen_47": null, "HuurwoningenTotaal_48": null, "InBezitWoningcorporatie_49": null, "InBezitOverigeVerhuurders_50": null, "BouwjaarMeerDanTienJaarGeleden_51": null, "BouwjaarAfgelopenTienJaar_52": null, "GemiddeldeElektriciteitslevering_53": 3350, "GemiddeldeElektriciteitsteruglevering_54": 810, "GemiddeldAardgasverbruik_55": 1480, "AardgasvrijeWoningen_57": null, "Aardgaswoningen_58": null, "WoningenMetZonnestroom_59": null, "WoningenHoofdzElektrVerwarmd_60": null, "k_20PersonenMetHoogsteInkomen_80": null, "k_20HuishoudensMetHoogsteInkomen_85": null, "MediaanVermogenVanParticuliereHuish_86": null, "PersonenautoSTotaal_104": 940, "PersonenautoSBrandstofBenzine_105": 625, "PersonenautoSOverigeBrandstof_106": 315, "PersonenautoSPerHuishouden_107": null, "Omgevingsadressendichtheid_121": 283, "AantalInstallatiesBijWoningen_5": 3, "OpgesteldVermogenVanZonnepanelen_6": 5, "installaties_per_woning": 0.16666666666666666, "vermogen_per_woning": 0.27777777777777779, "installaties_per_100_woningen": 16.666666666666664, "vermogen_per_huishouden": 0.25, "batterijdruk_score": null, "koop_zon_score": null, "eengezins_zon_score": null, "betaalkracht_zon_score": null, "overige_brandstof_zon_score": null, "lichte_batterij_kansscore": null }, "geometry": { "type": "MultiPolygon", "coordinates": [ [ [ [ 5.442165041718366, 51.915795994476206 ], [ 5.442565645737625, 51.915578746657012 ], [ 5.442958957813399, 51.915356463915259 ], [ 5.44334481379722, 51.915129238082571 ], [ 5.443723048105369, 51.914897166384954 ], [ 5.444093503885198, 51.914660345146054 ], [ 5.444456024301207, 51.914418875184104 ], [ 5.44481045834311, 51.914172857314853 ], [ 5.445156656468915, 51.913922395049916 ], [ 5.445494472058351, 51.913667594596085 ], [ 5.445823764316088, 51.913408562157038 ], [ 5.446144395369486, 51.91314540753018 ], [ 5.446456227358216, 51.912878241411278 ], [ 5.446759132607792, 51.912607175389319 ], [ 5.447052982005915, 51.912332324648595 ], [ 5.4473376537178, 51.912053804368895 ], [ 5.447613025921533, 51.911771731526748 ], [ 5.447878984074641, 51.911486224891561 ], [ 5.448135416553795, 51.911197405027636 ], [ 5.448382214653376, 51.910905393395282 ], [ 5.45128978274004, 51.906572974837502 ], [ 5.452112058515895, 51.90519317350833 ], [ 5.453277406146902, 51.903067088207386 ], [ 5.453147690171738, 51.903036380025519 ], [ 5.452469204197995, 51.902876432403175 ], [ 5.452246291528872, 51.902822251879385 ], [ 5.451978099987335, 51.902757320825287 ], [ 5.450246718666106, 51.902337619219935 ], [ 5.450132045548408, 51.902308833890224 ], [ 5.450070797814191, 51.902432518442495 ], [ 5.449772018965708, 51.902370288048346 ], [ 5.449184384622756, 51.90225288002069 ], [ 5.448661592806514, 51.902157426671387 ], [ 5.448293551526164, 51.902091644299951 ], [ 5.448017522375499, 51.902043923529526 ], [ 5.447392294372266, 51.901947225138045 ], [ 5.446714809458375, 51.901855723623491 ], [ 5.446430436706851, 51.901819645872791 ], [ 5.445763437370226, 51.901750125181138 ], [ 5.44513199746763, 51.901693519948779 ], [ 5.444705470887895, 51.901661389361529 ], [ 5.4418099454822, 51.901504960544656 ], [ 5.437963687596497, 51.901309968762938 ], [ 5.434373348225288, 51.901114748246812 ], [ 5.432355215698616, 51.901014186815715 ], [ 5.432200820849058, 51.901147192722917 ], [ 5.430908982677106, 51.902211082983534 ], [ 5.430132280974203, 51.902871071844586 ], [ 5.429635405688561, 51.903297105647553 ], [ 5.429194171286936, 51.903673885918323 ], [ 5.428528739433534, 51.904255054462482 ], [ 5.427749604530353, 51.904942107194081 ], [ 5.427527034327083, 51.905188341326465 ], [ 5.427272704917216, 51.905510894509007 ], [ 5.42709631621622, 51.905796497674608 ], [ 5.426858007888319, 51.906249508273177 ], [ 5.42665548360969, 51.906682813906407 ], [ 5.426468956397162, 51.907212114773785 ], [ 5.426421354162247, 51.90737459544696 ], [ 5.426377796526651, 51.907610920537721 ], [ 5.426294751930712, 51.908191879681034 ], [ 5.426231608643441, 51.908782678727576 ], [ 5.426093222272044, 51.909784585447412 ], [ 5.426037870695811, 51.910190762760081 ], [ 5.42593390628717, 51.910976039669293 ], [ 5.425882452299519, 51.911291137501507 ], [ 5.425791346877915, 51.911768712993961 ], [ 5.4256525855601, 51.912354612588921 ], [ 5.425489917194297, 51.912908519797405 ], [ 5.425366865762943, 51.913263026379006 ], [ 5.425160411523794, 51.913807100698584 ], [ 5.424878502207998, 51.914535817745218 ], [ 5.424735577802975, 51.914927252844578 ], [ 5.424576742978193, 51.915331002249559 ], [ 5.424326577202736, 51.915973551649714 ], [ 5.42419157218686, 51.916328059744416 ], [ 5.423801026055129, 51.917351049532797 ], [ 5.424169168614926, 51.917503743098464 ], [ 5.425101198604369, 51.917900294299606 ], [ 5.425231066793402, 51.917945373197931 ], [ 5.42581543796888, 51.918170526329419 ], [ 5.425841173938534, 51.918180045383096 ], [ 5.425878556554521, 51.918193883932318 ], [ 5.426163851365073, 51.918285793055787 ], [ 5.426233899607843, 51.918304429327534 ], [ 5.426314254793872, 51.918324455292598 ], [ 5.426482214821506, 51.918360199251623 ], [ 5.426709908656838, 51.918403949331413 ], [ 5.42734607052351, 51.918501138558646 ], [ 5.427781719420476, 51.918553264010903 ], [ 5.427858692333797, 51.918561012138902 ], [ 5.428164892522716, 51.918585883738686 ], [ 5.428311188038536, 51.918596088048488 ], [ 5.428517783870756, 51.918597705104048 ], [ 5.428799009042446, 51.918603196202895 ], [ 5.429050390877774, 51.918606728873613 ], [ 5.429214507947787, 51.918602131022851 ], [ 5.429329551815367, 51.918596454045556 ], [ 5.429597412102127, 51.918579450445939 ], [ 5.429855629662105, 51.918556742208793 ], [ 5.430610557756596, 51.918460416269319 ], [ 5.430937355914661, 51.918426022443875 ], [ 5.431049402197599, 51.918417693367743 ], [ 5.431164463911974, 51.918416104242404 ], [ 5.431340564784598, 51.918419049054684 ], [ 5.431473254847018, 51.918428877049998 ], [ 5.431544254906721, 51.918437460930051 ], [ 5.431578300787467, 51.91844114220391 ], [ 5.431632439663242, 51.918449732419688 ], [ 5.431702180643722, 51.918463799516388 ], [ 5.431793486074113, 51.918486082612979 ], [ 5.43186843454804, 51.918503814834978 ], [ 5.431971670761969, 51.918537553263818 ], [ 5.432028856500759, 51.918554869725561 ], [ 5.432097182042194, 51.918577673711425 ], [ 5.432181174443027, 51.918612381075633 ], [ 5.432268909091618, 51.918653513540228 ], [ 5.432331418645114, 51.91868874139324 ], [ 5.432403616427782, 51.918731299887739 ], [ 5.432446899725279, 51.918756288490918 ], [ 5.432495273086028, 51.918798155047895 ], [ 5.432532559514515, 51.918829311880025 ], [ 5.432787868435455, 51.919033605632265 ], [ 5.432844414943048, 51.919078848445103 ], [ 5.433134248511764, 51.919310757864295 ], [ 5.43328018610319, 51.919428825938652 ], [ 5.433435493405002, 51.919554472620632 ], [ 5.433627119856192, 51.919708383540829 ], [ 5.43368080238425, 51.919751613714524 ], [ 5.433754590577016, 51.919811041690636 ], [ 5.433771045992023, 51.919824276640519 ], [ 5.442165041718366, 51.915795994476206 ] ] ] ] } },
{ "type": "Feature", "properties": { "buurtcode": "BU02810200", "buurtnaam": "Wadenoijen", "pc6_codes": "4014MA, 4014MB, 4014MC, 4014MD, 4014MG, 4014MH, 4014MJ, 4014MK, 4014MM, 4014MN, 4014MP, 4014MR, 4014MS, 4014MT, 4014MV, 4014MX, 4014MZ, 4014NP, 4014NS", "wijkcode": "WK028102", "gemeentecode": "GM0281", "gemeentenaam": "Tiel", "oppervlakteLandInHa": 93, "AantalInwoners_5": 695, "Mannen_6": 355, "Vrouwen_7": 345, "HuishoudensTotaal_29": 290, "GemiddeldeHuishoudensgrootte_33": 2.4, "Woningvoorraad_35": 283, "NieuwbouwWoningen_36": 0, "NietWoningvoorraad_37": 15, "NieuwbouwNietWoningen_38": 0, "GemiddeldeWOZWaardeVanWoningen_39": 421, "PercentageEengezinswoning_40": 97, "PercentageTussenwoningEengezins_41": 31, "PercentageHoekwoningEengezins_42": 19, "PercentageTweeOnderEenKapWoningEe_43": 18, "PercentageVrijstaandeWoningEengezins_44": 30, "PercentageMeergezinswoning_45": 3, "Koopwoningen_47": 70, "HuurwoningenTotaal_48": 30, "InBezitWoningcorporatie_49": 29, "InBezitOverigeVerhuurders_50": 2, "BouwjaarMeerDanTienJaarGeleden_51": 98, "BouwjaarAfgelopenTienJaar_52": 2, "GemiddeldeElektriciteitslevering_53": 3240, "GemiddeldeElektriciteitsteruglevering_54": 1420, "GemiddeldAardgasverbruik_55": 1010, "AardgasvrijeWoningen_57": 2, "Aardgaswoningen_58": 91, "WoningenMetZonnestroom_59": 59, "WoningenHoofdzElektrVerwarmd_60": 8, "k_20PersonenMetHoogsteInkomen_80": 20.3, "k_20HuishoudensMetHoogsteInkomen_85": 21.8, "MediaanVermogenVanParticuliereHuish_86": 221.1, "PersonenautoSTotaal_104": 430, "PersonenautoSBrandstofBenzine_105": 355, "PersonenautoSOverigeBrandstof_106": 75, "PersonenautoSPerHuishouden_107": 1.5, "Omgevingsadressendichtheid_121": 178, "AantalInstallatiesBijWoningen_5": 90, "OpgesteldVermogenVanZonnepanelen_6": 448, "installaties_per_woning": 0.31802120141342755, "vermogen_per_woning": 1.5830388692579505, "installaties_per_100_woningen": 31.802120141342755, "vermogen_per_huishouden": 1.5448275862068965, "batterijdruk_score": 837.8, "koop_zon_score": 0.413, "eengezins_zon_score": 0.5723, "betaalkracht_zon_score": 130.449, "overige_brandstof_zon_score": 44.25, "lichte_batterij_kansscore": 0.49430457578494619 }, "geometry": { "type": "MultiPolygon", "coordinates": [ [ [ [ 5.352850958290404, 51.878218656920431 ], [ 5.352977230413011, 51.878201301247195 ], [ 5.353097379884941, 51.878176051941495 ], [ 5.353190847131498, 51.878156412513981 ], [ 5.353212721505196, 51.878151816806167 ], [ 5.353304445666665, 51.878132554294794 ], [ 5.353407592071223, 51.878103084273903 ], [ 5.353466362656082, 51.878086292966245 ], [ 5.353474874656168, 51.878083859569664 ], [ 5.353592956222748, 51.878143638485845 ], [ 5.353663266452081, 51.878115003785595 ], [ 5.353729785082416, 51.878087904967238 ], [ 5.35378264837445, 51.878066374991633 ], [ 5.353941518997706, 51.877973104233291 ], [ 5.354404733415308, 51.877744679347671 ], [ 5.35533389862572, 51.877526921711834 ], [ 5.356061719112115, 51.877371384625739 ], [ 5.356588233952551, 51.877249335348026 ], [ 5.357405057403465, 51.877129758090369 ], [ 5.357977978200275, 51.877053240025425 ], [ 5.358535421865978, 51.876991087704056 ], [ 5.359069640512336, 51.876909755161329 ], [ 5.359460609523951, 51.876878703150659 ], [ 5.359700584437482, 51.876883550018384 ], [ 5.360021823964174, 51.876938731628272 ], [ 5.36043593163325, 51.877070594651769 ], [ 5.360671994238211, 51.877161681397268 ], [ 5.360958374537685, 51.87725757860386 ], [ 5.361271880663714, 51.877307964309416 ], [ 5.361550554017632, 51.87734875110678 ], [ 5.361682162506226, 51.877360752010418 ], [ 5.361995695496875, 51.877365619033739 ], [ 5.362301481609944, 51.877382447017062 ], [ 5.362638193059829, 51.877466369309296 ], [ 5.362870400540989, 51.877555068929887 ], [ 5.363090982136417, 51.877660519912361 ], [ 5.36330767085478, 51.8777971231412 ], [ 5.363532110865658, 51.877943318035406 ], [ 5.36374109281178, 51.878020020885771 ], [ 5.363907507813011, 51.878072761168688 ], [ 5.36413586658798, 51.878115931782993 ], [ 5.364522971208912, 51.87810163433813 ], [ 5.365084278302041, 51.878046633333895 ], [ 5.365827525363192, 51.87795572652302 ], [ 5.366059805000368, 51.87790546072663 ], [ 5.366315325687561, 51.877814464496254 ], [ 5.36657861373664, 51.877630034781909 ], [ 5.36668319504283, 51.877488702940887 ], [ 5.366818817194869, 51.877172490984016 ], [ 5.366942808224429, 51.87691136616651 ], [ 5.367031887014409, 51.876777221989776 ], [ 5.367221621042943, 51.876638295016818 ], [ 5.367461637205198, 51.876547301751195 ], [ 5.367755863949849, 51.876453907143279 ], [ 5.368127487386379, 51.876370115701697 ], [ 5.368626846180456, 51.876281552412429 ], [ 5.369184267215571, 51.876178623545229 ], [ 5.369517906975867, 51.876105329246428 ], [ 5.369655923375901, 51.876066061885979 ], [ 5.370135808491144, 51.875882978195101 ], [ 5.370270312753611, 51.875834712315516 ], [ 5.370671937875185, 51.875684718248976 ], [ 5.371030611013691, 51.875559210084667 ], [ 5.37152865324263, 51.8754137194382 ], [ 5.372361635495971, 51.875170629974228 ], [ 5.372676247175576, 51.875072957025537 ], [ 5.373445283507012, 51.874911034385178 ], [ 5.373509644489896, 51.87490501156396 ], [ 5.373976250660004, 51.874847287572209 ], [ 5.375050661357604, 51.874693468467008 ], [ 5.375810301741553, 51.874590222997263 ], [ 5.376354955600464, 51.874525584982969 ], [ 5.376749743218837, 51.874480912408444 ], [ 5.377169002345501, 51.874484813359487 ], [ 5.377462995505713, 51.87451212618717 ], [ 5.377863179561444, 51.874559652329523 ], [ 5.37825674235056, 51.874609046180147 ], [ 5.37855750605742, 51.874625166335512 ], [ 5.378848412854122, 51.874625375736279 ], [ 5.379182467421659, 51.874598415668643 ], [ 5.379455825451431, 51.874561293065746 ], [ 5.379784161976014, 51.87449921361452 ], [ 5.380390261052661, 51.87435114920487 ], [ 5.381073144421488, 51.874203561969821 ], [ 5.381608818415053, 51.874085095142107 ], [ 5.381798177896196, 51.874059847507546 ], [ 5.382106609502723, 51.874047618793675 ], [ 5.382342273113759, 51.874055888704696 ], [ 5.382606453498233, 51.874094117240283 ], [ 5.383220267893039, 51.874231704793189 ], [ 5.383677388734553, 51.874342131089939 ], [ 5.383907983098613, 51.87439563584698 ], [ 5.38405906074097, 51.874426433705388 ], [ 5.384204257684737, 51.874453546022998 ], [ 5.384351661936353, 51.874482500813741 ], [ 5.38467825843656, 51.874536905044607 ], [ 5.384923057636429, 51.87457450778269 ], [ 5.38516052414128, 51.874607525858458 ], [ 5.385403915785898, 51.87463873688754 ], [ 5.385627399051709, 51.87466620804036 ], [ 5.385869382927355, 51.874691027403863 ], [ 5.386170236858899, 51.874716359051774 ], [ 5.386315799269336, 51.874729545878488 ], [ 5.386606561362751, 51.874750481065668 ], [ 5.386872230701896, 51.874770390833568 ], [ 5.38733135497688, 51.874812977166194 ], [ 5.38762660530751, 51.874841397073183 ], [ 5.387796419396949, 51.874855597618769 ], [ 5.387941750335618, 51.874866023022385 ], [ 5.388351735548429, 51.874895383939204 ], [ 5.388629256074176, 51.874916287300664 ], [ 5.38884954761796, 51.874935231452795 ], [ 5.389241179306349, 51.874973110457461 ], [ 5.389407438058548, 51.87498675955473 ], [ 5.389491151009505, 51.874922824035451 ], [ 5.389563610286195, 51.874871229638934 ], [ 5.389727655104855, 51.874802232679237 ], [ 5.390023890629411, 51.874796660863055 ], [ 5.390163158697479, 51.87469541388878 ], [ 5.390143947953541, 51.87468993063441 ], [ 5.390220834080855, 51.874623514001094 ], [ 5.390239347736421, 51.874607981709303 ], [ 5.390260387862144, 51.874589159626161 ], [ 5.390250816594193, 51.874565556603038 ], [ 5.390245834954486, 51.874554159570167 ], [ 5.39022479015767, 51.874527384885234 ], [ 5.390188963602853, 51.874472592253554 ], [ 5.390207200817191, 51.87445017493328 ], [ 5.390237940410212, 51.874421321644562 ], [ 5.390277435275521, 51.874378077832105 ], [ 5.390432137107006, 51.874270474476909 ], [ 5.39049441484947, 51.874218771935865 ], [ 5.390555951931955, 51.874167914284278 ], [ 5.390614614255124, 51.874124364178996 ], [ 5.390720220971218, 51.874049632154303 ], [ 5.390849394534008, 51.873967061470147 ], [ 5.390996297852113, 51.873883519309928 ], [ 5.391128535256128, 51.87381051176969 ], [ 5.391187951867143, 51.873769244379062 ], [ 5.39125096878702, 51.873719294126772 ], [ 5.391349834848928, 51.873635456620981 ], [ 5.391420052301797, 51.873584617069177 ], [ 5.391482220993722, 51.873537870155111 ], [ 5.391332952061483, 51.873461812178697 ], [ 5.39055626212573, 51.873064973781368 ], [ 5.389836908795356, 51.872727585619145 ], [ 5.389157411706461, 51.872406389251523 ], [ 5.388222207942226, 51.872008282452057 ], [ 5.387330858132994, 51.871655408030847 ], [ 5.38646582259414, 51.871329672546686 ], [ 5.385735228910115, 51.87106274543946 ], [ 5.384369036971631, 51.870610312933337 ], [ 5.383258566717302, 51.870284547945857 ], [ 5.381877805666378, 51.869899946776719 ], [ 5.380777590192869, 51.869635234310742 ], [ 5.380156624192159, 51.869485903745009 ], [ 5.378965837467795, 51.869232478938152 ], [ 5.377670589491188, 51.86899599919667 ], [ 5.377334541026834, 51.868943944873855 ], [ 5.376523643572934, 51.868823986290217 ], [ 5.37557028947644, 51.868710794454159 ], [ 5.374302358672647, 51.868578795386235 ], [ 5.373899791650164, 51.869040771760339 ], [ 5.373431657427991, 51.869592188108989 ], [ 5.373041256023773, 51.870058928492199 ], [ 5.372910630249444, 51.870249593530176 ], [ 5.372865038759366, 51.870356382625907 ], [ 5.37285873015297, 51.870461305985174 ], [ 5.372868106171277, 51.870579832344475 ], [ 5.372880622710305, 51.870694472535426 ], [ 5.372977695978984, 51.87134345710124 ], [ 5.373102986073881, 51.872206084348441 ], [ 5.368659536804571, 51.872551343955941 ], [ 5.369234629574196, 51.874959004805575 ], [ 5.368969003374561, 51.874974880725802 ], [ 5.368566276252016, 51.875009300801018 ], [ 5.368162263358969, 51.875043720187286 ], [ 5.367588164171329, 51.875083414136341 ], [ 5.367211134923482, 51.87512844450935 ], [ 5.36681697637576, 51.875154902687044 ], [ 5.366418535935511, 51.875176053893597 ], [ 5.365879982515079, 51.875236966212569 ], [ 5.365545792059367, 51.875284651396861 ], [ 5.365160196492991, 51.875319062925335 ], [ 5.364770322884513, 51.875337557687345 ], [ 5.364466137744994, 51.875348110310462 ], [ 5.364020570189118, 51.875363938519229 ], [ 5.363724949782021, 51.875382448245588 ], [ 5.363420768271584, 51.87538503991842 ], [ 5.362766563294436, 51.875392863883789 ], [ 5.362445240334728, 51.875403407729692 ], [ 5.361704048427568, 51.875440385358466 ], [ 5.360844844132671, 51.875466473279936 ], [ 5.360529931951333, 51.875466402623609 ], [ 5.360107307872913, 51.875435521535131 ], [ 5.359651550009911, 51.875378975890314 ], [ 5.358847752943241, 51.875291560512416 ], [ 5.357826348754402, 51.875137311601591 ], [ 5.357439417186302, 51.875085211094785 ], [ 5.356744134764578, 51.875001456965414 ], [ 5.356444177817269, 51.874979091811852 ], [ 5.356138222165296, 51.874954867330402 ], [ 5.355835273256732, 51.874919498252673 ], [ 5.355649328496474, 51.874865588089676 ], [ 5.355538357749851, 51.874839557012756 ], [ 5.355409361695465, 51.87485066604264 ], [ 5.355217366247811, 51.874869186711372 ], [ 5.355004381860576, 51.874874700660513 ], [ 5.354746410669321, 51.874869058163398 ], [ 5.354392457792406, 51.874850387775943 ], [ 5.354227472314486, 51.87485034090016 ], [ 5.354146470957804, 51.874865176807702 ], [ 5.354098451524396, 51.87489673656448 ], [ 5.354005363596184, 51.87502857692548 ], [ 5.351474996709938, 51.878158111223243 ], [ 5.351643515762276, 51.878175110468213 ], [ 5.351861255264082, 51.878189548176699 ], [ 5.352073336000089, 51.878216387651172 ], [ 5.352267372528003, 51.878234080300736 ], [ 5.352521217330266, 51.878246235452394 ], [ 5.352850958290404, 51.878218656920431 ] ] ] ] } },
{ "type": "Feature", "properties": { "buurtcode": "BU02810201", "buurtnaam": "Kapel-Avezaath", "pc6_codes": "4013CJ, 4013CK, 4013CP, 4013CR, 4013CS, 4013CT, 4013CV, 4013NE, 4013NG, 4013NH, 4013NJ, 4013NK, 4013NL, 4013NM, 4013NN", "wijkcode": "WK028102", "gemeentecode": "GM0281", "gemeentenaam": "Tiel", "oppervlakteLandInHa": 178, "AantalInwoners_5": 505, "Mannen_6": 250, "Vrouwen_7": 255, "HuishoudensTotaal_29": 205, "GemiddeldeHuishoudensgrootte_33": 2.5, "Woningvoorraad_35": 206, "NieuwbouwWoningen_36": 0, "NietWoningvoorraad_37": 11, "NieuwbouwNietWoningen_38": 0, "GemiddeldeWOZWaardeVanWoningen_39": 481, "PercentageEengezinswoning_40": 98, "PercentageTussenwoningEengezins_41": 10, "PercentageHoekwoningEengezins_42": 8, "PercentageTweeOnderEenKapWoningEe_43": 28, "PercentageVrijstaandeWoningEengezins_44": 52, "PercentageMeergezinswoning_45": 2, "Koopwoningen_47": 84, "HuurwoningenTotaal_48": 16, "InBezitWoningcorporatie_49": 13, "InBezitOverigeVerhuurders_50": 3, "BouwjaarMeerDanTienJaarGeleden_51": 94, "BouwjaarAfgelopenTienJaar_52": 6, "GemiddeldeElektriciteitslevering_53": 3640, "GemiddeldeElektriciteitsteruglevering_54": 1930, "GemiddeldAardgasverbruik_55": 1080, "AardgasvrijeWoningen_57": 1, "Aardgaswoningen_58": 86, "WoningenMetZonnestroom_59": 62, "WoningenHoofdzElektrVerwarmd_60": 14, "k_20PersonenMetHoogsteInkomen_80": 23.9, "k_20HuishoudensMetHoogsteInkomen_85": 34.7, "MediaanVermogenVanParticuliereHuish_86": 346.7, "PersonenautoSTotaal_104": 290, "PersonenautoSBrandstofBenzine_105": 230, "PersonenautoSOverigeBrandstof_106": 60, "PersonenautoSPerHuishouden_107": 1.4, "Omgevingsadressendichtheid_121": 151, "AantalInstallatiesBijWoningen_5": 70, "OpgesteldVermogenVanZonnepanelen_6": 384, "installaties_per_woning": 0.33980582524271846, "vermogen_per_woning": 1.8640776699029127, "installaties_per_100_woningen": 33.980582524271846, "vermogen_per_huishouden": 1.8731707317073172, "batterijdruk_score": 1196.6, "koop_zon_score": 0.5208, "eengezins_zon_score": 0.6076, "betaalkracht_zon_score": 214.954, "overige_brandstof_zon_score": 37.2, "lichte_batterij_kansscore": 0.54475852354281995 }, "geometry": { "type": "MultiPolygon", "coordinates": [ [ [ [ 5.376639708448432, 51.886824764224258 ], [ 5.376716102956371, 51.886735975649721 ], [ 5.376795578827084, 51.886637048502465 ], [ 5.376878717117263, 51.886527443528671 ], [ 5.376979393135602, 51.886389976298673 ], [ 5.377083992097279, 51.886244500745953 ], [ 5.377238721077882, 51.886011123810228 ], [ 5.377373266733358, 51.885808089474082 ], [ 5.377553727556608, 51.885528397561373 ], [ 5.377616321862186, 51.885427994399507 ], [ 5.377871246980813, 51.885004558188449 ], [ 5.378033559120968, 51.884723030480465 ], [ 5.378142226873242, 51.884531084795924 ], [ 5.378181485939283, 51.88446174308843 ], [ 5.378463858312311, 51.884527890905908 ], [ 5.37881323046996, 51.884618517873839 ], [ 5.379218482179484, 51.884698406525985 ], [ 5.379232468794412, 51.884701903901885 ], [ 5.379527407906334, 51.884777595560763 ], [ 5.379670339713322, 51.884810321995509 ], [ 5.379875110464039, 51.884861850156902 ], [ 5.379984241592904, 51.884658717769767 ], [ 5.38002254107244, 51.884587371001373 ], [ 5.380184114550034, 51.884289220910411 ], [ 5.380323981483913, 51.88402417322915 ], [ 5.380437502256326, 51.8838402432389 ], [ 5.38050245594461, 51.883734993959997 ], [ 5.380635349254564, 51.883550480608967 ], [ 5.380720303108267, 51.883436801275082 ], [ 5.380786195873347, 51.883358543729805 ], [ 5.380949676054532, 51.883164379109672 ], [ 5.381037729274406, 51.88312696267765 ], [ 5.381274364788859, 51.883344350117667 ], [ 5.381493932365071, 51.883536994195509 ], [ 5.381601745495988, 51.883636761200279 ], [ 5.381719994152177, 51.883742269400464 ], [ 5.381899684433704, 51.883910221854791 ], [ 5.382139496204523, 51.884125879219852 ], [ 5.382222865981363, 51.884090375316056 ], [ 5.38274644977414, 51.883409199850028 ], [ 5.382956392914222, 51.883137733902402 ], [ 5.383036197521825, 51.883036106010621 ], [ 5.383229460871862, 51.882796978874744 ], [ 5.383460720685915, 51.882508983220085 ], [ 5.383638887899496, 51.882287534909274 ], [ 5.383816923023333, 51.882060801200872 ], [ 5.38388434829597, 51.881976951226306 ], [ 5.384080038197687, 51.882025106614385 ], [ 5.38417609646782, 51.882055678185637 ], [ 5.3842554092536, 51.882081161907749 ], [ 5.384517282643649, 51.882170996839328 ], [ 5.384553446203635, 51.882184480052224 ], [ 5.3846327446844, 51.882214116110994 ], [ 5.384842331776374, 51.882045931242025 ], [ 5.384871378742845, 51.882058119909438 ], [ 5.384960581940886, 51.882098460988956 ], [ 5.385062900036721, 51.882144716519832 ], [ 5.385197504221, 51.882205191954078 ], [ 5.385363153342661, 51.882074639449904 ], [ 5.385588626237872, 51.881899586414207 ], [ 5.385906498953602, 51.881646317721653 ], [ 5.386306964688377, 51.881326697104264 ], [ 5.38660835961638, 51.881082711299719 ], [ 5.386667397901112, 51.881034633104875 ], [ 5.386806228145121, 51.880921596647624 ], [ 5.387123622342996, 51.880665205689333 ], [ 5.38720249831685, 51.880600355045246 ], [ 5.387391067758723, 51.880445315499188 ], [ 5.38744270487061, 51.880407600439007 ], [ 5.387477967064612, 51.880381845246255 ], [ 5.387813885646505, 51.880573980936113 ], [ 5.388592162420007, 51.880045841558179 ], [ 5.388522022077177, 51.880019121156131 ], [ 5.388198600632316, 51.879897910415558 ], [ 5.387924131468719, 51.87980808376102 ], [ 5.387467850810099, 51.879687953224149 ], [ 5.387140937532635, 51.879601372389132 ], [ 5.387203728871508, 51.879533372248709 ], [ 5.387255982168032, 51.879464422929857 ], [ 5.387437967192533, 51.879241737365518 ], [ 5.387541964052135, 51.87911465141552 ], [ 5.387986583254843, 51.878556097807937 ], [ 5.388202324756813, 51.878286006465082 ], [ 5.387904625063196, 51.878199029265282 ], [ 5.387863032300432, 51.878186877383882 ], [ 5.387846578154768, 51.87818030705138 ], [ 5.388035380125343, 51.877935455330253 ], [ 5.388631930267776, 51.877193379180838 ], [ 5.388598331589627, 51.877190714600879 ], [ 5.388236756134773, 51.877135000371723 ], [ 5.387878724544937, 51.877055690714258 ], [ 5.38753672629475, 51.876943401821613 ], [ 5.387149798265415, 51.876778979836594 ], [ 5.386733132724419, 51.87650180724787 ], [ 5.386199413262625, 51.87611937039113 ], [ 5.385370772820601, 51.875561790201189 ], [ 5.384064620457072, 51.874675652541974 ], [ 5.383771955292157, 51.874488220660048 ], [ 5.383220267893039, 51.874231704793189 ], [ 5.382606453498233, 51.874094117240283 ], [ 5.382342273113759, 51.874055888704696 ], [ 5.382106609502723, 51.874047618793675 ], [ 5.381798177896196, 51.874059847507546 ], [ 5.381608818415053, 51.874085095142107 ], [ 5.381073144421488, 51.874203561969821 ], [ 5.380390261052661, 51.87435114920487 ], [ 5.379784161976014, 51.87449921361452 ], [ 5.379455825451431, 51.874561293065746 ], [ 5.379182467421659, 51.874598415668643 ], [ 5.378848412854122, 51.874625375736279 ], [ 5.37855750605742, 51.874625166335512 ], [ 5.37825674235056, 51.874609046180147 ], [ 5.377863179561444, 51.874559652329523 ], [ 5.377462995505713, 51.87451212618717 ], [ 5.377169002345501, 51.874484813359487 ], [ 5.376749743218837, 51.874480912408444 ], [ 5.376354955600464, 51.874525584982969 ], [ 5.375810301741553, 51.874590222997263 ], [ 5.375050661357604, 51.874693468467008 ], [ 5.373976250660004, 51.874847287572209 ], [ 5.373509644489896, 51.87490501156396 ], [ 5.373445283507012, 51.874911034385178 ], [ 5.372676247175576, 51.875072957025537 ], [ 5.372361635495971, 51.875170629974228 ], [ 5.37152865324263, 51.8754137194382 ], [ 5.371030611013691, 51.875559210084667 ], [ 5.370671937875185, 51.875684718248976 ], [ 5.370270312753611, 51.875834712315516 ], [ 5.370135808491144, 51.875882978195101 ], [ 5.369655923375901, 51.876066061885979 ], [ 5.369517906975867, 51.876105329246428 ], [ 5.369184267215571, 51.876178623545229 ], [ 5.368626846180456, 51.876281552412429 ], [ 5.368127487386379, 51.876370115701697 ], [ 5.367755863949849, 51.876453907143279 ], [ 5.367461637205198, 51.876547301751195 ], [ 5.367221621042943, 51.876638295016818 ], [ 5.367031887014409, 51.876777221989776 ], [ 5.366942808224429, 51.87691136616651 ], [ 5.366818817194869, 51.877172490984016 ], [ 5.36668319504283, 51.877488702940887 ], [ 5.36657861373664, 51.877630034781909 ], [ 5.366315325687561, 51.877814464496254 ], [ 5.366059805000368, 51.87790546072663 ], [ 5.365827525363192, 51.87795572652302 ], [ 5.365084278302041, 51.878046633333895 ], [ 5.364522971208912, 51.87810163433813 ], [ 5.36413586658798, 51.878115931782993 ], [ 5.363907507813011, 51.878072761168688 ], [ 5.36374109281178, 51.878020020885771 ], [ 5.363532110865658, 51.877943318035406 ], [ 5.36330767085478, 51.8777971231412 ], [ 5.363090982136417, 51.877660519912361 ], [ 5.362870400540989, 51.877555068929887 ], [ 5.362638193059829, 51.877466369309296 ], [ 5.362301481609944, 51.877382447017062 ], [ 5.361995695496875, 51.877365619033739 ], [ 5.361682162506226, 51.877360752010418 ], [ 5.361550554017632, 51.87734875110678 ], [ 5.361271880663714, 51.877307964309416 ], [ 5.360958374537685, 51.87725757860386 ], [ 5.360671994238211, 51.877161681397268 ], [ 5.36043593163325, 51.877070594651769 ], [ 5.360021823964174, 51.876938731628272 ], [ 5.359700584437482, 51.876883550018384 ], [ 5.359460609523951, 51.876878703150659 ], [ 5.359069640512336, 51.876909755161329 ], [ 5.358535421865978, 51.876991087704056 ], [ 5.357977978200275, 51.877053240025425 ], [ 5.357405057403465, 51.877129758090369 ], [ 5.356588233952551, 51.877249335348026 ], [ 5.356061719112115, 51.877371384625739 ], [ 5.35533389862572, 51.877526921711834 ], [ 5.354404733415308, 51.877744679347671 ], [ 5.353941518997706, 51.877973104233291 ], [ 5.35378264837445, 51.878066374991633 ], [ 5.354420597322348, 51.878400190602491 ], [ 5.354695652209518, 51.878566217645485 ], [ 5.359263613393201, 51.880909701245329 ], [ 5.359369833150091, 51.880964195393425 ], [ 5.35953873058964, 51.88109940106316 ], [ 5.359602341386334, 51.881150325650438 ], [ 5.359948966165163, 51.881427784929826 ], [ 5.361445593024084, 51.882114952196027 ], [ 5.361895816682836, 51.882322139753036 ], [ 5.362027197020355, 51.882326742844526 ], [ 5.362071624669387, 51.882328298283191 ], [ 5.362303304959964, 51.882336409801184 ], [ 5.36316036200352, 51.882713061885944 ], [ 5.363290060407943, 51.882769696459491 ], [ 5.363402247180505, 51.882818678328221 ], [ 5.363938688008848, 51.883052939104978 ], [ 5.36462950492018, 51.88335954678913 ], [ 5.366072828059251, 51.883993209322142 ], [ 5.366521337402804, 51.884193727450871 ], [ 5.367420224455521, 51.884601131564814 ], [ 5.367708159852835, 51.884737064302904 ], [ 5.369017127669965, 51.885336620699228 ], [ 5.369061889383489, 51.885357137940069 ], [ 5.369367848087471, 51.885090718374755 ], [ 5.369591501729831, 51.885120850000362 ], [ 5.370131046179289, 51.885209503120144 ], [ 5.370775055627211, 51.885321386824643 ], [ 5.371118175347608, 51.885384209853896 ], [ 5.371411283721225, 51.885443585418464 ], [ 5.371827743179326, 51.885548553216424 ], [ 5.371986103433829, 51.885588990365441 ], [ 5.372647327518366, 51.885769661482271 ], [ 5.373061011038679, 51.885884944019161 ], [ 5.373942559974607, 51.886130989504345 ], [ 5.374356526840455, 51.886248848042435 ], [ 5.374775498814165, 51.886364984384748 ], [ 5.375086672859348, 51.886447571204812 ], [ 5.375515232450298, 51.886568866057637 ], [ 5.375709716672071, 51.886626501710118 ], [ 5.375956990081377, 51.886703919864473 ], [ 5.376571860601065, 51.886906248727101 ], [ 5.376639708448432, 51.886824764224258 ] ] ] ] } },
{ "type": "Feature", "properties": { "buurtcode": "BU02810208", "buurtnaam": "Kapel-Avezaath e.o.", "pc6_codes": "4013CL, 4013CM, 4013CN, 4013CP, 4013CS, 4013NM, 4013NN, 4013NP, 4017BA, 4017BB, 4017CK, 4017NR", "wijkcode": "WK028102", "gemeentecode": "GM0281", "gemeentenaam": "Tiel", "oppervlakteLandInHa": 231, "AantalInwoners_5": 355, "Mannen_6": 185, "Vrouwen_7": 175, "HuishoudensTotaal_29": 115, "GemiddeldeHuishoudensgrootte_33": 2.7, "Woningvoorraad_35": 101, "NieuwbouwWoningen_36": 0, "NietWoningvoorraad_37": 58, "NieuwbouwNietWoningen_38": 0, "GemiddeldeWOZWaardeVanWoningen_39": 653, "PercentageEengezinswoning_40": 92, "PercentageTussenwoningEengezins_41": 0, "PercentageHoekwoningEengezins_42": 0, "PercentageTweeOnderEenKapWoningEe_43": 5, "PercentageVrijstaandeWoningEengezins_44": 87, "PercentageMeergezinswoning_45": 8, "Koopwoningen_47": 89, "HuurwoningenTotaal_48": 11, "InBezitWoningcorporatie_49": 0, "InBezitOverigeVerhuurders_50": 11, "BouwjaarMeerDanTienJaarGeleden_51": 98, "BouwjaarAfgelopenTienJaar_52": 2, "GemiddeldeElektriciteitslevering_53": 4560, "GemiddeldeElektriciteitsteruglevering_54": 2490, "GemiddeldAardgasverbruik_55": 1310, "AardgasvrijeWoningen_57": 7, "Aardgaswoningen_58": 82, "WoningenMetZonnestroom_59": 58, "WoningenHoofdzElektrVerwarmd_60": 14, "k_20PersonenMetHoogsteInkomen_80": 29.4, "k_20HuishoudensMetHoogsteInkomen_85": 42.4, "MediaanVermogenVanParticuliereHuish_86": 515.1, "PersonenautoSTotaal_104": 190, "PersonenautoSBrandstofBenzine_105": 130, "PersonenautoSOverigeBrandstof_106": 55, "PersonenautoSPerHuishouden_107": 1.6, "Omgevingsadressendichtheid_121": 257, "AantalInstallatiesBijWoningen_5": 33, "OpgesteldVermogenVanZonnepanelen_6": 258, "installaties_per_woning": 0.32673267326732675, "vermogen_per_woning": 2.5544554455445545, "installaties_per_100_woningen": 32.673267326732677, "vermogen_per_huishouden": 2.2434782608695651, "batterijdruk_score": 1444.2, "koop_zon_score": 0.5162, "eengezins_zon_score": 0.5336, "betaalkracht_zon_score": 298.758, "overige_brandstof_zon_score": 31.9, "lichte_batterij_kansscore": 0.55083191738418913 }, "geometry": { "type": "MultiPolygon", "coordinates": [ [ [ [ 5.399793639250043, 51.898512974714841 ], [ 5.399762863350098, 51.898450061020199 ], [ 5.399716808939596, 51.898356790165849 ], [ 5.399690817647439, 51.89830415133175 ], [ 5.399670754720176, 51.898263519292279 ], [ 5.399602300607831, 51.898131174266304 ], [ 5.399552151717967, 51.89804517080281 ], [ 5.399481831309574, 51.897944275881081 ], [ 5.399393853200843, 51.897818341435666 ], [ 5.399236147606152, 51.897677215006546 ], [ 5.399029761363993, 51.89749774935256 ], [ 5.398760205621772, 51.897261330938854 ], [ 5.398507686942511, 51.897051147019596 ], [ 5.398354828426115, 51.896924283316913 ], [ 5.398109185891244, 51.896715598911896 ], [ 5.398045494360219, 51.896662286431955 ], [ 5.397848213908804, 51.896422901064213 ], [ 5.397756335458864, 51.896237023796779 ], [ 5.397684004449507, 51.896076985085628 ], [ 5.397643304241164, 51.895741770008613 ], [ 5.397772695972555, 51.895269891569598 ], [ 5.398031624408554, 51.894833621462517 ], [ 5.398348103494492, 51.894441855198608 ], [ 5.398520711099378, 51.89411241796423 ], [ 5.398535013831767, 51.893800810834435 ], [ 5.398534927339428, 51.89346249192598 ], [ 5.398621176914737, 51.893124164521673 ], [ 5.398636200463699, 51.893076615026786 ], [ 5.398689298323256, 51.892910074878444 ], [ 5.398728603756639, 51.892777529760409 ], [ 5.39875263022179, 51.892659870747629 ], [ 5.39875260380004, 51.892558437979531 ], [ 5.398710992335642, 51.892256849274673 ], [ 5.398704359089026, 51.891998535659688 ], [ 5.398726177569136, 51.891826767392118 ], [ 5.398785177545331, 51.891738856092502 ], [ 5.398868205459287, 51.891653647818394 ], [ 5.398990585220053, 51.89156437278298 ], [ 5.399141393484649, 51.891475094693504 ], [ 5.399281260100064, 51.891430453369296 ], [ 5.399456122641999, 51.891395272847404 ], [ 5.399698740355758, 51.891358727551371 ], [ 5.399869216750645, 51.89132895783392 ], [ 5.400089967185244, 51.891284297695236 ], [ 5.400258259377923, 51.891228830150531 ], [ 5.400400310823379, 51.891161195214877 ], [ 5.400463689684746, 51.891108444735217 ], [ 5.400557652651913, 51.89102593049487 ], [ 5.40061445284025, 51.890932607572672 ], [ 5.400669061503387, 51.890798711758229 ], [ 5.400695260254442, 51.890727027142994 ], [ 5.400725831536745, 51.890608009702532 ], [ 5.400738898328726, 51.890441661984802 ], [ 5.400714833137973, 51.890363224022728 ], [ 5.400668897955524, 51.8902590919852 ], [ 5.400590188091238, 51.890196884179232 ], [ 5.400461210526499, 51.89015632586657 ], [ 5.400279804103052, 51.890153640981239 ], [ 5.40006123327706, 51.890180720155449 ], [ 5.399827361257258, 51.890191558757699 ], [ 5.399696213430524, 51.890179402823968 ], [ 5.399521348233119, 51.890140205646127 ], [ 5.399350836438201, 51.890083417676443 ], [ 5.39919781836048, 51.889986054527334 ], [ 5.399097238747311, 51.889880578372306 ], [ 5.399036014162164, 51.889785910126157 ], [ 5.399025060856611, 51.889669602821897 ], [ 5.399038160730164, 51.889604688081313 ], [ 5.399070930844197, 51.889546530516775 ], [ 5.399147411240185, 51.889492423060986 ], [ 5.39927199679662, 51.889477534538145 ], [ 5.399457768704552, 51.889465344904359 ], [ 5.39968508186207, 51.88943556852454 ], [ 5.39986866500553, 51.889394975491086 ], [ 5.400071905001678, 51.889305690442569 ], [ 5.400165871239081, 51.889244820290045 ], [ 5.400373484160215, 51.889117666576695 ], [ 5.400533005533805, 51.889008099118172 ], [ 5.400631335904059, 51.888924236051025 ], [ 5.40072746960537, 51.88883090849027 ], [ 5.400766791141354, 51.888734882028572 ], [ 5.400762392422366, 51.888648325335254 ], [ 5.400742688489403, 51.888530661964239 ], [ 5.400718613080642, 51.888463045883022 ], [ 5.400661766435207, 51.888396782743527 ], [ 5.40059837190253, 51.888335930382432 ], [ 5.400462828753577, 51.888229102173476 ], [ 5.400290126223433, 51.888111465094177 ], [ 5.40016801285825, 51.888027339442068 ], [ 5.400039838298018, 51.887927844360291 ], [ 5.399961906271953, 51.88782056785216 ], [ 5.399904082473262, 51.887672869655525 ], [ 5.399886452896161, 51.887536051855783 ], [ 5.39990651800174, 51.887402339875493 ], [ 5.399929088049957, 51.887291943236256 ], [ 5.399971783762921, 51.887209533909108 ], [ 5.400045047049302, 51.887098511460302 ], [ 5.400136798050439, 51.886978139083133 ], [ 5.400232939571402, 51.88687263277005 ], [ 5.400324701992248, 51.886794181623898 ], [ 5.400442708865598, 51.886707619975965 ], [ 5.400580362657099, 51.886603465862031 ], [ 5.400715842375119, 51.886516892933486 ], [ 5.400840401117711, 51.886438437557302 ], [ 5.400964942805029, 51.886353213867757 ], [ 5.401133191979559, 51.886227420654919 ], [ 5.401207473983436, 51.886136800763488 ], [ 5.40128393059095, 51.886034001426651 ], [ 5.40132324978183, 51.885942028462786 ], [ 5.401323218427556, 51.885843301082204 ], [ 5.401259709879031, 51.885459221140813 ], [ 5.401218491022315, 51.885283648842808 ], [ 5.401184822395478, 51.885006265238218 ], [ 5.401162622680841, 51.884802377498765 ], [ 5.401223373124702, 51.884414129887389 ], [ 5.401239893465971, 51.884202912005996 ], [ 5.401233030385232, 51.884040970765945 ], [ 5.401201876777324, 51.883860507581787 ], [ 5.40096681102994, 51.883525677727434 ], [ 5.400759416441686, 51.883230949027073 ], [ 5.400417244870407, 51.882801878357732 ], [ 5.400164939982918, 51.882525193194837 ], [ 5.399954124493235, 51.882320687921052 ], [ 5.399645593355212, 51.882059215990452 ], [ 5.39911782454809, 51.881612939672898 ], [ 5.398381754621823, 51.880989387118547 ], [ 5.398022373839036, 51.880698676851601 ], [ 5.397880684678576, 51.880520236373457 ], [ 5.397808087479345, 51.880351801469367 ], [ 5.397818354237469, 51.879922681238796 ], [ 5.397880460445441, 51.87958380770953 ], [ 5.397887315341579, 51.879403340028773 ], [ 5.397845804708089, 51.879204837289095 ], [ 5.397728309969842, 51.87906849645352 ], [ 5.39746571109362, 51.878892070771144 ], [ 5.397075245221702, 51.878665491798202 ], [ 5.395959260284725, 51.878134220578623 ], [ 5.395344273795317, 51.877889640116202 ], [ 5.394980118332149, 51.877776763269985 ], [ 5.394660227106059, 51.877739276289773 ], [ 5.394376939241255, 51.877741297824741 ], [ 5.3940107551587, 51.877821523634353 ], [ 5.393658406934713, 51.877981958210739 ], [ 5.39360148266886, 51.878007982533234 ], [ 5.393350959537726, 51.878140384930987 ], [ 5.393212786053987, 51.878200541976739 ], [ 5.393101327988908, 51.878218308663271 ], [ 5.392934451631106, 51.878234810688959 ], [ 5.39274889726459, 51.878236464716551 ], [ 5.392558344498931, 51.878216690580132 ], [ 5.392365306399723, 51.878178777858956 ], [ 5.392141812129126, 51.878116355054814 ], [ 5.391829519663831, 51.877975782215316 ], [ 5.391115737332476, 51.877619099494396 ], [ 5.390752985548938, 51.87746671489807 ], [ 5.390438599253666, 51.877366468918908 ], [ 5.390061800211106, 51.877302122992582 ], [ 5.389757629638273, 51.877266671583911 ], [ 5.389398755538005, 51.877254194595849 ], [ 5.388631930267776, 51.877193379180838 ], [ 5.388035380125343, 51.877935455330253 ], [ 5.387846578154768, 51.87818030705138 ], [ 5.387863032300432, 51.878186877383882 ], [ 5.387904625063196, 51.878199029265282 ], [ 5.388202324756813, 51.878286006465082 ], [ 5.387986583254843, 51.878556097807937 ], [ 5.387541964052135, 51.87911465141552 ], [ 5.387437967192533, 51.879241737365518 ], [ 5.387255982168032, 51.879464422929857 ], [ 5.387203728871508, 51.879533372248709 ], [ 5.387140937532635, 51.879601372389132 ], [ 5.387467850810099, 51.879687953224149 ], [ 5.387924131468719, 51.87980808376102 ], [ 5.388198600632316, 51.879897910415558 ], [ 5.388522022077177, 51.880019121156131 ], [ 5.388592162420007, 51.880045841558179 ], [ 5.387813885646505, 51.880573980936113 ], [ 5.387477967064612, 51.880381845246255 ], [ 5.38744270487061, 51.880407600439007 ], [ 5.387391067758723, 51.880445315499188 ], [ 5.38720249831685, 51.880600355045246 ], [ 5.387123622342996, 51.880665205689333 ], [ 5.386806228145121, 51.880921596647624 ], [ 5.386667397901112, 51.881034633104875 ], [ 5.38660835961638, 51.881082711299719 ], [ 5.386306964688377, 51.881326697104264 ], [ 5.385906498953602, 51.881646317721653 ], [ 5.385588626237872, 51.881899586414207 ], [ 5.385363153342661, 51.882074639449904 ], [ 5.385197504221, 51.882205191954078 ], [ 5.385062900036721, 51.882144716519832 ], [ 5.384960581940886, 51.882098460988956 ], [ 5.384871378742845, 51.882058119909438 ], [ 5.384842331776374, 51.882045931242025 ], [ 5.3846327446844, 51.882214116110994 ], [ 5.384553446203635, 51.882184480052224 ], [ 5.384517282643649, 51.882170996839328 ], [ 5.3842554092536, 51.882081161907749 ], [ 5.38417609646782, 51.882055678185637 ], [ 5.384080038197687, 51.882025106614385 ], [ 5.38388434829597, 51.881976951226306 ], [ 5.383816923023333, 51.882060801200872 ], [ 5.383638887899496, 51.882287534909274 ], [ 5.383460720685915, 51.882508983220085 ], [ 5.383229460871862, 51.882796978874744 ], [ 5.383036197521825, 51.883036106010621 ], [ 5.382956392914222, 51.883137733902402 ], [ 5.38274644977414, 51.883409199850028 ], [ 5.382222865981363, 51.884090375316056 ], [ 5.382139496204523, 51.884125879219852 ], [ 5.381899684433704, 51.883910221854791 ], [ 5.381719994152177, 51.883742269400464 ], [ 5.381601745495988, 51.883636761200279 ], [ 5.381493932365071, 51.883536994195509 ], [ 5.381274364788859, 51.883344350117667 ], [ 5.381037729274406, 51.88312696267765 ], [ 5.380949676054532, 51.883164379109672 ], [ 5.380786195873347, 51.883358543729805 ], [ 5.380720303108267, 51.883436801275082 ], [ 5.380635349254564, 51.883550480608967 ], [ 5.38050245594461, 51.883734993959997 ], [ 5.380437502256326, 51.8838402432389 ], [ 5.380323981483913, 51.88402417322915 ], [ 5.380184114550034, 51.884289220910411 ], [ 5.38002254107244, 51.884587371001373 ], [ 5.379984241592904, 51.884658717769767 ], [ 5.379875110464039, 51.884861850156902 ], [ 5.379670339713322, 51.884810321995509 ], [ 5.379527407906334, 51.884777595560763 ], [ 5.379232468794412, 51.884701903901885 ], [ 5.379218482179484, 51.884698406525985 ], [ 5.37881323046996, 51.884618517873839 ], [ 5.378463858312311, 51.884527890905908 ], [ 5.378181485939283, 51.88446174308843 ], [ 5.378142226873242, 51.884531084795924 ], [ 5.378033559120968, 51.884723030480465 ], [ 5.377871246980813, 51.885004558188449 ], [ 5.377616321862186, 51.885427994399507 ], [ 5.377553727556608, 51.885528397561373 ], [ 5.377373266733358, 51.885808089474082 ], [ 5.377238721077882, 51.886011123810228 ], [ 5.377083992097279, 51.886244500745953 ], [ 5.376979393135602, 51.886389976298673 ], [ 5.376878717117263, 51.886527443528671 ], [ 5.376795578827084, 51.886637048502465 ], [ 5.376716102956371, 51.886735975649721 ], [ 5.376639708448432, 51.886824764224258 ], [ 5.376571860601065, 51.886906248727101 ], [ 5.375956990081377, 51.886703919864473 ], [ 5.375709716672071, 51.886626501710118 ], [ 5.375515232450298, 51.886568866057637 ], [ 5.375086672859348, 51.886447571204812 ], [ 5.374775498814165, 51.886364984384748 ], [ 5.374356526840455, 51.886248848042435 ], [ 5.373942559974607, 51.886130989504345 ], [ 5.373061011038679, 51.885884944019161 ], [ 5.372647327518366, 51.885769661482271 ], [ 5.371986103433829, 51.885588990365441 ], [ 5.371827743179326, 51.885548553216424 ], [ 5.371411283721225, 51.885443585418464 ], [ 5.371118175347608, 51.885384209853896 ], [ 5.370775055627211, 51.885321386824643 ], [ 5.370131046179289, 51.885209503120144 ], [ 5.369591501729831, 51.885120850000362 ], [ 5.369367848087471, 51.885090718374755 ], [ 5.369061889383489, 51.885357137940069 ], [ 5.370354652535477, 51.885949675918788 ], [ 5.370636913584656, 51.886080162730202 ], [ 5.371446756517284, 51.886465610005502 ], [ 5.371635799665252, 51.886557405385965 ], [ 5.371887220005769, 51.886677656460257 ], [ 5.372029879201368, 51.886745257724463 ], [ 5.374471663370709, 51.887906795305952 ], [ 5.374600634718112, 51.887966814844567 ], [ 5.374632930917937, 51.888051865442037 ], [ 5.375974629257129, 51.888695318186194 ], [ 5.377314855777962, 51.889336400496482 ], [ 5.377518404165681, 51.889434731046109 ], [ 5.377788099160671, 51.889565019826804 ], [ 5.379268478283704, 51.890243167402602 ], [ 5.380084878722759, 51.890613248290471 ], [ 5.381065982705038, 51.891082706448678 ], [ 5.382051523077308, 51.891554448584301 ], [ 5.382626947873017, 51.891831868014187 ], [ 5.382507922965162, 51.891888579553623 ], [ 5.382477298663969, 51.891903166352783 ], [ 5.382624653382336, 51.891972094138893 ], [ 5.382761010645982, 51.892035882738035 ], [ 5.38288782735935, 51.892095207260226 ], [ 5.383003602866697, 51.892149365700035 ], [ 5.383105967708013, 51.892065643312542 ], [ 5.383990212224422, 51.892497421759039 ], [ 5.38479845427577, 51.892891612092363 ], [ 5.385572745927401, 51.893270210745058 ], [ 5.385416252194551, 51.893396709766776 ], [ 5.38620469353752, 51.893749786693057 ], [ 5.386706589869107, 51.893979322918327 ], [ 5.386762782587277, 51.894005029547266 ], [ 5.387114947359656, 51.894166090850803 ], [ 5.388528658870662, 51.894826684079995 ], [ 5.389205616528576, 51.895146638327461 ], [ 5.389895310040821, 51.895460224650051 ], [ 5.38993715222181, 51.895479251812255 ], [ 5.390006148311671, 51.895510619184073 ], [ 5.390717675198965, 51.895834141146842 ], [ 5.391528082499271, 51.896206317588941 ], [ 5.39154996309465, 51.89621528705257 ], [ 5.391590571525777, 51.896231922789354 ], [ 5.392341113735604, 51.896539452213098 ], [ 5.392431761239514, 51.896576596639555 ], [ 5.392468350602888, 51.896631881851846 ], [ 5.392507904418025, 51.896691661053318 ], [ 5.392573759862728, 51.896791176180677 ], [ 5.392590587053053, 51.896816621200848 ], [ 5.392605669051926, 51.896839393187499 ], [ 5.392606368006076, 51.896840448378171 ], [ 5.392761601353738, 51.896806950595504 ], [ 5.393210156873429, 51.896710160088318 ], [ 5.39336793246636, 51.896784538680777 ], [ 5.393411593637288, 51.896805119476348 ], [ 5.394518534393509, 51.897220645197422 ], [ 5.395258674923534, 51.897492356298613 ], [ 5.395577676046841, 51.897608569941347 ], [ 5.39651161844755, 51.897824297879765 ], [ 5.396605305226458, 51.897845943046235 ], [ 5.397481224925957, 51.898044716092123 ], [ 5.397770962654672, 51.898172826846825 ], [ 5.399081270205413, 51.898322291717442 ], [ 5.399255525314203, 51.898353220360221 ], [ 5.399465988840534, 51.898390571537092 ], [ 5.3994720073667, 51.898403217404521 ], [ 5.39953014300025, 51.898525316964879 ], [ 5.399637719926487, 51.898537709297905 ], [ 5.399824415236375, 51.898575889299792 ], [ 5.399793639250043, 51.898512974714841 ] ] ] ] } },
{ "type": "Feature", "properties": { "buurtcode": "BU02810209", "buurtnaam": "Wadenoijen e.o.", "pc6_codes": "4014ME, 4014MG, 4014MH, 4014MJ, 4014ML, 4014MW, 4014MX, 4014NA, 4014NB, 4014NC, 4014ND, 4014PG, 4014PT, 4014PV, 4014PW, 4014PZ, 4014RA", "wijkcode": "WK028102", "gemeentecode": "GM0281", "gemeentenaam": "Tiel", "oppervlakteLandInHa": 576, "AantalInwoners_5": 440, "Mannen_6": 220, "Vrouwen_7": 220, "HuishoudensTotaal_29": 160, "GemiddeldeHuishoudensgrootte_33": 2.7, "Woningvoorraad_35": 155, "NieuwbouwWoningen_36": 0, "NietWoningvoorraad_37": 11, "NieuwbouwNietWoningen_38": 1, "GemiddeldeWOZWaardeVanWoningen_39": 617, "PercentageEengezinswoning_40": 99, "PercentageTussenwoningEengezins_41": 0, "PercentageHoekwoningEengezins_42": 0, "PercentageTweeOnderEenKapWoningEe_43": 10, "PercentageVrijstaandeWoningEengezins_44": 90, "PercentageMeergezinswoning_45": 1, "Koopwoningen_47": 92, "HuurwoningenTotaal_48": 8, "InBezitWoningcorporatie_49": 0, "InBezitOverigeVerhuurders_50": 8, "BouwjaarMeerDanTienJaarGeleden_51": 99, "BouwjaarAfgelopenTienJaar_52": 1, "GemiddeldeElektriciteitslevering_53": 4570, "GemiddeldeElektriciteitsteruglevering_54": 2300, "GemiddeldAardgasverbruik_55": 1400, "AardgasvrijeWoningen_57": 1, "Aardgaswoningen_58": 91, "WoningenMetZonnestroom_59": 57, "WoningenHoofdzElektrVerwarmd_60": 7, "k_20PersonenMetHoogsteInkomen_80": 24.5, "k_20HuishoudensMetHoogsteInkomen_85": 41.5, "MediaanVermogenVanParticuliereHuish_86": 527.3, "PersonenautoSTotaal_104": 260, "PersonenautoSBrandstofBenzine_105": 190, "PersonenautoSOverigeBrandstof_106": 70, "PersonenautoSPerHuishouden_107": 1.6, "Omgevingsadressendichtheid_121": 87, "AantalInstallatiesBijWoningen_5": 41, "OpgesteldVermogenVanZonnepanelen_6": 269, "installaties_per_woning": 0.26451612903225807, "vermogen_per_woning": 1.735483870967742, "installaties_per_100_woningen": 26.451612903225808, "vermogen_per_huishouden": 1.68125, "batterijdruk_score": 1311.0, "koop_zon_score": 0.5244, "eengezins_zon_score": 0.5643, "betaalkracht_zon_score": 300.561, "overige_brandstof_zon_score": 39.9, "lichte_batterij_kansscore": 0.56361317886152473 }, "geometry": { "type": "MultiPolygon", "coordinates": [ [ [ [ 5.354005363596184, 51.87502857692548 ], [ 5.354098451524396, 51.87489673656448 ], [ 5.354146470957804, 51.874865176807702 ], [ 5.354227472314486, 51.87485034090016 ], [ 5.354392457792406, 51.874850387775943 ], [ 5.354746410669321, 51.874869058163398 ], [ 5.355004381860576, 51.874874700660513 ], [ 5.355217366247811, 51.874869186711372 ], [ 5.355409361695465, 51.87485066604264 ], [ 5.355538357749851, 51.874839557012756 ], [ 5.355649328496474, 51.874865588089676 ], [ 5.355835273256732, 51.874919498252673 ], [ 5.356138222165296, 51.874954867330402 ], [ 5.356444177817269, 51.874979091811852 ], [ 5.356744134764578, 51.875001456965414 ], [ 5.357439417186302, 51.875085211094785 ], [ 5.357826348754402, 51.875137311601591 ], [ 5.358847752943241, 51.875291560512416 ], [ 5.359651550009911, 51.875378975890314 ], [ 5.360107307872913, 51.875435521535131 ], [ 5.360529931951333, 51.875466402623609 ], [ 5.360844844132671, 51.875466473279936 ], [ 5.361704048427568, 51.875440385358466 ], [ 5.362445240334728, 51.875403407729692 ], [ 5.362766563294436, 51.875392863883789 ], [ 5.363420768271584, 51.87538503991842 ], [ 5.363724949782021, 51.875382448245588 ], [ 5.364020570189118, 51.875363938519229 ], [ 5.364466137744994, 51.875348110310462 ], [ 5.364770322884513, 51.875337557687345 ], [ 5.365160196492991, 51.875319062925335 ], [ 5.365545792059367, 51.875284651396861 ], [ 5.365879982515079, 51.875236966212569 ], [ 5.366418535935511, 51.875176053893597 ], [ 5.36681697637576, 51.875154902687044 ], [ 5.367211134923482, 51.87512844450935 ], [ 5.367588164171329, 51.875083414136341 ], [ 5.368162263358969, 51.875043720187286 ], [ 5.368566276252016, 51.875009300801018 ], [ 5.368969003374561, 51.874974880725802 ], [ 5.369234629574196, 51.874959004805575 ], [ 5.368659536804571, 51.872551343955941 ], [ 5.373102986073881, 51.872206084348441 ], [ 5.372977695978984, 51.87134345710124 ], [ 5.372880622710305, 51.870694472535426 ], [ 5.372868106171277, 51.870579832344475 ], [ 5.37285873015297, 51.870461305985174 ], [ 5.372865038759366, 51.870356382625907 ], [ 5.372910630249444, 51.870249593530176 ], [ 5.373041256023773, 51.870058928492199 ], [ 5.373431657427991, 51.869592188108989 ], [ 5.373899791650164, 51.869040771760339 ], [ 5.374302358672647, 51.868578795386235 ], [ 5.37557028947644, 51.868710794454159 ], [ 5.376523643572934, 51.868823986290217 ], [ 5.377334541026834, 51.868943944873855 ], [ 5.377670589491188, 51.86899599919667 ], [ 5.378965837467795, 51.869232478938152 ], [ 5.380156624192159, 51.869485903745009 ], [ 5.380777590192869, 51.869635234310742 ], [ 5.381877805666378, 51.869899946776719 ], [ 5.383258566717302, 51.870284547945857 ], [ 5.384369036971631, 51.870610312933337 ], [ 5.385735228910115, 51.87106274543946 ], [ 5.38646582259414, 51.871329672546686 ], [ 5.387330858132994, 51.871655408030847 ], [ 5.388222207942226, 51.872008282452057 ], [ 5.389157411706461, 51.872406389251523 ], [ 5.389836908795356, 51.872727585619145 ], [ 5.39055626212573, 51.873064973781368 ], [ 5.391332952061483, 51.873461812178697 ], [ 5.391482220993722, 51.873537870155111 ], [ 5.391420052301797, 51.873584617069177 ], [ 5.391446133439759, 51.873598296293018 ], [ 5.39140467883475, 51.873629136715223 ], [ 5.391436713771682, 51.873644262836628 ], [ 5.391926276066405, 51.873903448207635 ], [ 5.392496601865276, 51.874206257031567 ], [ 5.392577346819067, 51.874249899556581 ], [ 5.39260525409231, 51.874228973465208 ], [ 5.392708074056289, 51.874165988398339 ], [ 5.392783879128864, 51.874119551134868 ], [ 5.392856519098311, 51.874156947892203 ], [ 5.393028651972243, 51.87403442865179 ], [ 5.392951445025963, 51.873940864316552 ], [ 5.392816636629785, 51.873874968778956 ], [ 5.392714952777242, 51.873820792238583 ], [ 5.392676251415426, 51.873800264815387 ], [ 5.3919763386152, 51.873448449142018 ], [ 5.39176416103043, 51.873341532995738 ], [ 5.391723441977526, 51.873319818882223 ], [ 5.392060607208475, 51.873087016829999 ], [ 5.392256609159056, 51.872953567901675 ], [ 5.392244047857141, 51.872946881159855 ], [ 5.391539377863471, 51.872586225752798 ], [ 5.39095195505344, 51.872285571780552 ], [ 5.391059762945743, 51.872198759075751 ], [ 5.39055557459602, 51.871960126733022 ], [ 5.389912964111661, 51.871657534896357 ], [ 5.389693293733313, 51.871565877313159 ], [ 5.387912165266452, 51.870878046880769 ], [ 5.387381131964099, 51.870672747689419 ], [ 5.387495476652273, 51.870559962008798 ], [ 5.387041027504668, 51.870396159968131 ], [ 5.38554156398085, 51.869836825954984 ], [ 5.385301134918813, 51.869709718965233 ], [ 5.38529194502377, 51.869717879314877 ], [ 5.385165609361395, 51.869656577998121 ], [ 5.385119682617607, 51.869706722135277 ], [ 5.385040317448239, 51.869673429013289 ], [ 5.38502559470251, 51.869666390915775 ], [ 5.38556929265797, 51.869076118706666 ], [ 5.386034047025775, 51.86856941659925 ], [ 5.386414868026528, 51.868175102045605 ], [ 5.387063604509013, 51.867529572164891 ], [ 5.387146363140471, 51.867449719956142 ], [ 5.387161027411491, 51.867454951139202 ], [ 5.387233105553666, 51.867381584845134 ], [ 5.385521214476327, 51.866604826830525 ], [ 5.383808284924426, 51.865827545801444 ], [ 5.381973067439096, 51.864998641570956 ], [ 5.380137917552285, 51.864169708573158 ], [ 5.379272819561747, 51.863784824303941 ], [ 5.378407737818584, 51.863399932744187 ], [ 5.378267318289876, 51.863344707111402 ], [ 5.378255425914457, 51.863356723601662 ], [ 5.378230210247212, 51.863348254718758 ], [ 5.377865024270485, 51.863238497389197 ], [ 5.377820428148285, 51.863227384337478 ], [ 5.377651572432603, 51.863159203566923 ], [ 5.377341283255681, 51.863037224870368 ], [ 5.377047124538387, 51.862916505089849 ], [ 5.376889999222267, 51.862857833858349 ], [ 5.3765865261068, 51.862722110614243 ], [ 5.376301026014192, 51.862592545225652 ], [ 5.375890507075445, 51.862388795741545 ], [ 5.375464752770303, 51.86216889130877 ], [ 5.375209965244761, 51.862032872668649 ], [ 5.375003960577548, 51.861938905835459 ], [ 5.374763115150538, 51.86184567204473 ], [ 5.374601827199061, 51.861797504651818 ], [ 5.374449450357252, 51.861759395920998 ], [ 5.374083235148116, 51.861670839127655 ], [ 5.373589742403295, 51.8615568387292 ], [ 5.373121321968622, 51.86144694689078 ], [ 5.372699761201265, 51.861348986412679 ], [ 5.372642117215131, 51.86133831921326 ], [ 5.372022153523508, 51.861241194686734 ], [ 5.371498112683964, 51.861168321116352 ], [ 5.371255124241753, 51.861133261226421 ], [ 5.371198759020875, 51.861120750884488 ], [ 5.370988313244968, 51.86105890963632 ], [ 5.370848909034643, 51.86101135127798 ], [ 5.370559289035845, 51.86090893403162 ], [ 5.370273458645872, 51.860808197426309 ], [ 5.370118368071875, 51.86074764783644 ], [ 5.369860078554379, 51.860645979402761 ], [ 5.369601382332545, 51.860547923643651 ], [ 5.369233385178524, 51.860389125700301 ], [ 5.369104707012236, 51.860356074041292 ], [ 5.368918271657557, 51.860310995958145 ], [ 5.368833022288661, 51.860292242124004 ], [ 5.36844724337835, 51.860212437299623 ], [ 5.368306963896666, 51.860187885879 ], [ 5.368157548513633, 51.860175350206241 ], [ 5.368064673208486, 51.860169016445923 ], [ 5.367861617927745, 51.860158287357223 ], [ 5.367804074189934, 51.860157073510081 ], [ 5.367590070148609, 51.860153928300051 ], [ 5.367340005108667, 51.860154246147459 ], [ 5.367166850360864, 51.860152868722757 ], [ 5.367003149751253, 51.860143070600067 ], [ 5.366889827736675, 51.860120868034372 ], [ 5.366896584117951, 51.860139645794767 ], [ 5.366893478367157, 51.860137802656283 ], [ 5.366887672529367, 51.860135914112817 ], [ 5.366883826161595, 51.860134664076107 ], [ 5.366880632953211, 51.860133620882792 ], [ 5.366841501617551, 51.86012090467338 ], [ 5.366817814915204, 51.860110761771303 ], [ 5.366806523097464, 51.860105924109831 ], [ 5.366665619536817, 51.860051700174523 ], [ 5.366052604184611, 51.859937827038891 ], [ 5.36598848961858, 51.859926175687114 ], [ 5.365772398959914, 51.859886893740885 ], [ 5.365711129077224, 51.85987676177897 ], [ 5.365637853392522, 51.859867858997369 ], [ 5.365547957171734, 51.859856939745441 ], [ 5.365219052757263, 51.859829905136095 ], [ 5.364785301002031, 51.859791407648849 ], [ 5.364736033989836, 51.859786733362846 ], [ 5.364444641733553, 51.85975910148553 ], [ 5.364127309386991, 51.859730142542979 ], [ 5.364007831067375, 51.859715243497774 ], [ 5.363879343542506, 51.859689646452445 ], [ 5.363680221418331, 51.859630652611919 ], [ 5.363473387405179, 51.859551828649387 ], [ 5.36312755640405, 51.859340659020944 ], [ 5.362832180043947, 51.859197522397835 ], [ 5.362644586633997, 51.859113298954291 ], [ 5.36244276480031, 51.859034752849716 ], [ 5.361313855274515, 51.858682312537091 ], [ 5.360794449665142, 51.85853302739514 ], [ 5.360502675878534, 51.858456354345059 ], [ 5.360069656851245, 51.858362426585515 ], [ 5.359890038207175, 51.858355760797977 ], [ 5.359712724680135, 51.858354038849548 ], [ 5.359701000009895, 51.858370754400227 ], [ 5.359285013664071, 51.858390026644777 ], [ 5.359057735723262, 51.858411230085522 ], [ 5.358524272999941, 51.85842491679729 ], [ 5.35851872781212, 51.858424942415411 ], [ 5.358185609704637, 51.858427063168179 ], [ 5.358153107758058, 51.8584274866163 ], [ 5.3579533637643, 51.858430079873798 ], [ 5.357567202057904, 51.858434477742705 ], [ 5.356884549601596, 51.85843603016896 ], [ 5.35687594019546, 51.858438005388557 ], [ 5.356868412627154, 51.858450236561602 ], [ 5.356488663408727, 51.858438219853845 ], [ 5.356140412133841, 51.858429580831825 ], [ 5.356078557901019, 51.858430867845108 ], [ 5.355827282320271, 51.858411206776395 ], [ 5.3555103251402, 51.858386206464331 ], [ 5.355217503799914, 51.85836806094202 ], [ 5.355221587992286, 51.85836076353079 ], [ 5.354905744314779, 51.858322333333902 ], [ 5.354544151137001, 51.858297444025666 ], [ 5.35428171283078, 51.858279502316812 ], [ 5.354156930469723, 51.858282083040024 ], [ 5.353947896629801, 51.858284603963149 ], [ 5.353741751512092, 51.85828707140346 ], [ 5.353507662206383, 51.858309898044432 ], [ 5.353424083563246, 51.858322412856836 ], [ 5.353372727133599, 51.858339664710947 ], [ 5.353272902921389, 51.858374097275806 ], [ 5.353212247209604, 51.858403103111151 ], [ 5.353100264958304, 51.858447814666931 ], [ 5.352985492761276, 51.858495985810819 ], [ 5.352875845236014, 51.858524105385662 ], [ 5.352735735486124, 51.858542499585766 ], [ 5.352534560404183, 51.858555105186468 ], [ 5.352405317761512, 51.858561511762872 ], [ 5.352282992696994, 51.858557682545417 ], [ 5.352123234563286, 51.858548458069826 ], [ 5.351897086725823, 51.858529883646732 ], [ 5.351474358346636, 51.858496175992258 ], [ 5.35130134736697, 51.858486901441694 ], [ 5.350801664258611, 51.85845988219431 ], [ 5.350225630999875, 51.858427668621253 ], [ 5.349896401080052, 51.858414280195127 ], [ 5.349755800427133, 51.858410891978096 ], [ 5.349665351143491, 51.858409856530578 ], [ 5.349424265391888, 51.858394283676368 ], [ 5.349337861485992, 51.858398822032669 ], [ 5.349293622008182, 51.858426599713809 ], [ 5.349275691363799, 51.858447707518756 ], [ 5.348981907174217, 51.858660932527975 ], [ 5.348850002756603, 51.85872396974883 ], [ 5.348523640859864, 51.8588514973274 ], [ 5.348493646864344, 51.858855388416792 ], [ 5.348368201143557, 51.858850610322719 ], [ 5.348104941726928, 51.858841256363327 ], [ 5.348012644386811, 51.858827698296885 ], [ 5.347923144349562, 51.858802492223816 ], [ 5.347741828383012, 51.858694850447598 ], [ 5.347731091930309, 51.858688474133032 ], [ 5.347618707541181, 51.858621761078091 ], [ 5.347189308532384, 51.858353395586228 ], [ 5.347154140897822, 51.858331416183795 ], [ 5.347015017667845, 51.858250536852665 ], [ 5.347005906083583, 51.858245446355482 ], [ 5.346406301888132, 51.857910164679453 ], [ 5.346102591100168, 51.857742516830214 ], [ 5.345815977332257, 51.857532718955461 ], [ 5.345789111954901, 51.857513061043754 ], [ 5.345787429243718, 51.8575118290522 ], [ 5.345703032673791, 51.857450058572105 ], [ 5.345172255656944, 51.857221558084696 ], [ 5.344983428151918, 51.857150698557959 ], [ 5.344848248821162, 51.857113519292298 ], [ 5.344630307992264, 51.857053578534142 ], [ 5.344496738015419, 51.857034376093821 ], [ 5.344411818165853, 51.85702216611412 ], [ 5.344030821453291, 51.856949347579771 ], [ 5.343854938160534, 51.856915729605618 ], [ 5.343569453095991, 51.856861163997422 ], [ 5.343197574982503, 51.856788283214392 ], [ 5.343193293687534, 51.856787445701436 ], [ 5.342808035978693, 51.85671194308383 ], [ 5.342790790096587, 51.856742847435804 ], [ 5.342759483434439, 51.856798302587286 ], [ 5.342618582717559, 51.857045832774439 ], [ 5.342387192061074, 51.857436629263155 ], [ 5.342334005669444, 51.857510079587328 ], [ 5.342307483981673, 51.857540512940432 ], [ 5.342260828606839, 51.857556476397164 ], [ 5.342057596370617, 51.857551913540654 ], [ 5.341726563410985, 51.857550339134519 ], [ 5.341459367344271, 51.857552662561424 ], [ 5.341287942883514, 51.857559040518346 ], [ 5.341169259619275, 51.857560459309468 ], [ 5.341028043238666, 51.857566246466639 ], [ 5.340653809487005, 51.857636531727842 ], [ 5.34023547932537, 51.85763302206157 ], [ 5.339912655322911, 51.857623796749444 ], [ 5.339547247948174, 51.857608755864007 ], [ 5.33894354832194, 51.857593391764752 ], [ 5.338889025896565, 51.857594088484348 ], [ 5.338726326254131, 51.857869783436762 ], [ 5.338647848826759, 51.858022094222036 ], [ 5.338534174793792, 51.858263689412944 ], [ 5.338461797925643, 51.858438167792286 ], [ 5.338346866450013, 51.858726492561516 ], [ 5.337504143401967, 51.858525331931212 ], [ 5.336485460238796, 51.858288217216675 ], [ 5.335821600092733, 51.858130472054818 ], [ 5.335331956862365, 51.858018397754215 ], [ 5.335194118474388, 51.85800075580994 ], [ 5.334854291547578, 51.857969119166363 ], [ 5.334250936340784, 51.857929606431462 ], [ 5.333357962806345, 51.85785058968014 ], [ 5.333173945122978, 51.857813104986072 ], [ 5.33303191919213, 51.857778281893324 ], [ 5.332916526978684, 51.857734087097668 ], [ 5.332782947647063, 51.857676931609817 ], [ 5.332685848786481, 51.857630408074144 ], [ 5.332606153697919, 51.857584692488388 ], [ 5.332088246148887, 51.857295359749585 ], [ 5.332041672436601, 51.85731300899031 ], [ 5.331892566928967, 51.857395317052188 ], [ 5.33175386030139, 51.85744903795927 ], [ 5.331615225728978, 51.857373218996912 ], [ 5.331613934740322, 51.857372472356509 ], [ 5.331478583935881, 51.85729444365402 ], [ 5.330182074897511, 51.857169514441516 ], [ 5.328366477642928, 51.856988108659642 ], [ 5.328294337175868, 51.856975039515625 ], [ 5.328290440942049, 51.857017478642327 ], [ 5.328146419236394, 51.858586302403388 ], [ 5.328084725147967, 51.859262597846339 ], [ 5.328075207121413, 51.859325466387091 ], [ 5.328362411806811, 51.859350238268476 ], [ 5.328358765796146, 51.859407744635682 ], [ 5.328357875999918, 51.859477852210965 ], [ 5.32835718148952, 51.859520645268972 ], [ 5.328355794339491, 51.859604793253574 ], [ 5.328341914947015, 51.85981753092404 ], [ 5.328338876408276, 51.860054812127032 ], [ 5.328335063938592, 51.860150841455095 ], [ 5.328338249062796, 51.860558157842171 ], [ 5.328340322642626, 51.860849389483477 ], [ 5.328347990863067, 51.861158627517511 ], [ 5.328331460376003, 51.861255414481789 ], [ 5.328326804952886, 51.861396609685379 ], [ 5.328303495580322, 51.861392688108417 ], [ 5.328293856597243, 51.861392395660189 ], [ 5.328164750153853, 51.861552170303312 ], [ 5.328112404297126, 51.861727272481225 ], [ 5.328049450460141, 51.861909973422151 ], [ 5.328047778445857, 51.861922978681427 ], [ 5.328031167497544, 51.862312991512667 ], [ 5.328033222292714, 51.862606020750057 ], [ 5.328029978587202, 51.862632975089724 ], [ 5.328035752568871, 51.862691393078315 ], [ 5.328051219649184, 51.862764430942924 ], [ 5.328061170090936, 51.86290395263017 ], [ 5.328064113018603, 51.862984678200966 ], [ 5.328073691932983, 51.863075411102258 ], [ 5.328083920207551, 51.86328001733672 ], [ 5.328091547788066, 51.86338646083405 ], [ 5.328095036310497, 51.86350515332974 ], [ 5.32810766761652, 51.863792821804338 ], [ 5.328102947026221, 51.864193707396332 ], [ 5.32808934082878, 51.864517315945037 ], [ 5.32805630867267, 51.864686108940951 ], [ 5.328044514043951, 51.864734891600499 ], [ 5.328032600558072, 51.864796797141402 ], [ 5.328382841001747, 51.864894711570578 ], [ 5.328976443853964, 51.865044608124407 ], [ 5.329239762306091, 51.865112312192053 ], [ 5.329517085809598, 51.865184660500795 ], [ 5.329669726973132, 51.865222477113292 ], [ 5.32974219157087, 51.865242529473953 ], [ 5.329667061559243, 51.865605045507309 ], [ 5.329654907431442, 51.865663679340841 ], [ 5.329651617369902, 51.86568203187376 ], [ 5.329644972096552, 51.865712894502245 ], [ 5.32963765492749, 51.865746920688942 ], [ 5.329562245516824, 51.866110892603146 ], [ 5.329543850024828, 51.866190744778585 ], [ 5.329542054217471, 51.866198581710137 ], [ 5.329750220460329, 51.866268891179772 ], [ 5.329961321487971, 51.866338132096551 ], [ 5.329947817218501, 51.866351050728831 ], [ 5.330000845012605, 51.866369664332943 ], [ 5.330228612019143, 51.866452305451034 ], [ 5.33036045369079, 51.866500861118105 ], [ 5.33052199986855, 51.866561933682576 ], [ 5.330751168057215, 51.866651828028637 ], [ 5.330980839386954, 51.866746485972996 ], [ 5.331127873596724, 51.866815082980388 ], [ 5.331401746126569, 51.86695343535456 ], [ 5.331727813669134, 51.867117293553278 ], [ 5.332071101728549, 51.867294191959267 ], [ 5.332354193437735, 51.867437678743862 ], [ 5.332561199117833, 51.867539540644145 ], [ 5.332583545225893, 51.867550534727634 ], [ 5.332742153420191, 51.867633507384653 ], [ 5.332909966095251, 51.867717517725445 ], [ 5.333047871369821, 51.867788184410443 ], [ 5.333059234047555, 51.867793052311455 ], [ 5.333078125798638, 51.867803244752636 ], [ 5.333226340767143, 51.867885609759227 ], [ 5.334005468112947, 51.868343586169466 ], [ 5.334013765767589, 51.868349881735156 ], [ 5.334171046252777, 51.868442981680523 ], [ 5.334379937692435, 51.868566224402592 ], [ 5.334480388201816, 51.868624019308548 ], [ 5.334571561674366, 51.868681261696629 ], [ 5.334802204562254, 51.868817852034041 ], [ 5.335077572386743, 51.868976725761705 ], [ 5.335454213624159, 51.869201401855449 ], [ 5.335594624585929, 51.869284973849318 ], [ 5.335650185647426, 51.86931537866765 ], [ 5.335830660665061, 51.869421402727248 ], [ 5.336038546582249, 51.869543078076234 ], [ 5.336048325511401, 51.869549589859758 ], [ 5.336062741478064, 51.869602752988953 ], [ 5.336063144416849, 51.869605944014189 ], [ 5.336073015086094, 51.86968531508294 ], [ 5.336078603732948, 51.869725081794982 ], [ 5.336103017950506, 51.869898998220748 ], [ 5.336117101009787, 51.869989885135375 ], [ 5.336444165545049, 51.86997336217204 ], [ 5.336447548868075, 51.869973192851724 ], [ 5.336583099657002, 51.869966339158012 ], [ 5.336588218974711, 51.869984821323612 ], [ 5.336592981919197, 51.869997398015926 ], [ 5.336609823727661, 51.870050355385565 ], [ 5.336610156587501, 51.870051335254324 ], [ 5.33661089468514, 51.870053492765742 ], [ 5.336639493077771, 51.870136485123069 ], [ 5.33663984036822, 51.870137545892675 ], [ 5.336647641276733, 51.870160172817066 ], [ 5.336665645611524, 51.870212411611597 ], [ 5.336697148856815, 51.870320779198273 ], [ 5.336703223906935, 51.870341652658134 ], [ 5.336740557151618, 51.870456494313125 ], [ 5.336774889527662, 51.870554220928433 ], [ 5.336822735333093, 51.870708417872407 ], [ 5.336878351271659, 51.870887308998597 ], [ 5.336943583538662, 51.871089151349906 ], [ 5.336990120050543, 51.871207430373737 ], [ 5.337001844641788, 51.871253617301171 ], [ 5.33701101039493, 51.87128970027802 ], [ 5.337031613125965, 51.871369525235238 ], [ 5.337082014994208, 51.871511786671583 ], [ 5.3371161067577, 51.871618375543314 ], [ 5.337158392443792, 51.871747348772026 ], [ 5.337192536296204, 51.871859672181095 ], [ 5.337224066111371, 51.871946224990467 ], [ 5.337231550851662, 51.87196643388166 ], [ 5.337242423325809, 51.871995749364935 ], [ 5.33726099436788, 51.872035782173548 ], [ 5.337266759803941, 51.872048206458793 ], [ 5.337277264596709, 51.872068650322738 ], [ 5.337281423050237, 51.872076741561813 ], [ 5.337294074961811, 51.872098939053892 ], [ 5.337331190309818, 51.872177108106307 ], [ 5.337364947928964, 51.872245379599129 ], [ 5.33741282020811, 51.87232636651391 ], [ 5.33742208162946, 51.872342028059045 ], [ 5.337476737812334, 51.872460256370672 ], [ 5.337570485212533, 51.872590653319094 ], [ 5.337605252737344, 51.872639061005373 ], [ 5.337646873455159, 51.872727775133008 ], [ 5.337701206531361, 51.872797322526999 ], [ 5.337765533885213, 51.872876671343491 ], [ 5.337830733020916, 51.872955741851612 ], [ 5.337912915170481, 51.873054189229094 ], [ 5.337986653177488, 51.87314652097259 ], [ 5.338015696648119, 51.873184985075582 ], [ 5.338068448509721, 51.873240779526235 ], [ 5.338249123379084, 51.873396532192501 ], [ 5.33830331429516, 51.873438053703303 ], [ 5.338326094351713, 51.87345460163791 ], [ 5.338525500310703, 51.873599503768176 ], [ 5.338631315641988, 51.873680100630061 ], [ 5.338840486280727, 51.87387502616712 ], [ 5.338915035970775, 51.8739446442017 ], [ 5.339023936308968, 51.874034158369035 ], [ 5.339038966278944, 51.874020043884741 ], [ 5.339039329519433, 51.874019846290466 ], [ 5.339149173384842, 51.873960011040467 ], [ 5.339474498869891, 51.87380158054561 ], [ 5.339759605444034, 51.873692020359144 ], [ 5.339923935431512, 51.873641419318176 ], [ 5.340310523050723, 51.873550009897123 ], [ 5.34081393818935, 51.873451211914784 ], [ 5.341152972084474, 51.873396722931389 ], [ 5.341238575070802, 51.873394985649838 ], [ 5.341424886907158, 51.873430481074877 ], [ 5.341664877551531, 51.873485986948054 ], [ 5.341863297143945, 51.87355388919746 ], [ 5.341925943676865, 51.873580087225491 ], [ 5.341956364108395, 51.873595738559217 ], [ 5.342402021909803, 51.874042726450782 ], [ 5.342537977738484, 51.874151698329136 ], [ 5.342711954267132, 51.874271991692616 ], [ 5.342863571574175, 51.874359990396599 ], [ 5.343104280136442, 51.874490222357011 ], [ 5.343204969554877, 51.874566345980881 ], [ 5.343447828228965, 51.87481767746273 ], [ 5.343504333052732, 51.874935804741334 ], [ 5.343578385144958, 51.875108919942065 ], [ 5.343666165214439, 51.875262301847258 ], [ 5.343830689688404, 51.875509594775096 ], [ 5.343886536011335, 51.875604630664817 ], [ 5.343949038169635, 51.875755468356445 ], [ 5.344035340192508, 51.876120883499205 ], [ 5.344060233503555, 51.876269945637468 ], [ 5.344062428044788, 51.876389760515409 ], [ 5.344103548348991, 51.876669833083092 ], [ 5.344146120477888, 51.876813751356856 ], [ 5.344343867357884, 51.877074349341108 ], [ 5.344428304029998, 51.877161332836373 ], [ 5.344866813704478, 51.87745861739247 ], [ 5.345241988137009, 51.877624765428926 ], [ 5.345607532145049, 51.877701547177544 ], [ 5.346024453992889, 51.877702691210807 ], [ 5.346264864723435, 51.877678596388009 ], [ 5.346391306368306, 51.877651558464372 ], [ 5.346635348784287, 51.877561031606483 ], [ 5.346761598489933, 51.877504448671878 ], [ 5.347020685530763, 51.877380049262598 ], [ 5.347128494283433, 51.877336115176135 ], [ 5.347328202351973, 51.877272590636288 ], [ 5.347402540768023, 51.87725714688036 ], [ 5.347484672161963, 51.877247853700375 ], [ 5.347850186375417, 51.877226332398109 ], [ 5.348156345682754, 51.877224232019579 ], [ 5.348757512948461, 51.877183775414274 ], [ 5.349059124061773, 51.877167325870737 ], [ 5.349337298099369, 51.877148522084951 ], [ 5.349501228768201, 51.877161005413654 ], [ 5.349744908143323, 51.877199858574848 ], [ 5.349847301976026, 51.877220204604654 ], [ 5.349869616459646, 51.877227671958771 ], [ 5.350077251744432, 51.877337943047941 ], [ 5.350111511846104, 51.877370779100737 ], [ 5.350216850532109, 51.877484397334428 ], [ 5.350336720744405, 51.877658619138444 ], [ 5.350477410493483, 51.877805145356163 ], [ 5.350572714773194, 51.877884577632777 ], [ 5.350646708525824, 51.877936031638917 ], [ 5.350733271704835, 51.877978411300553 ], [ 5.350848782916201, 51.878015110227281 ], [ 5.350986647786434, 51.87806573878111 ], [ 5.351054191145693, 51.87808484165614 ], [ 5.35130019302782, 51.878133058104886 ], [ 5.351449306964257, 51.878155520204167 ], [ 5.351474996709938, 51.878158111223243 ], [ 5.354005363596184, 51.87502857692548 ] ] ] ] } },
{ "type": "Feature", "properties": { "buurtcode": "BU02810300", "buurtnaam": "Passewaaij-Noord-West", "pc6_codes": "4007WB, 4007WC, 4007WD, 4007WE, 4007WG, 4007WH, 4007WJ, 4007WK, 4007WL, 4007WP, 4007WR, 4007WV, 4007WX, 4007WZ, 4007XA, 4007XB, 4007XC, 4007XD, 4007XE, 4007XG, 4007XH, 4007XJ, 4007XK, 4007XL, 4007XM, 4007XN, 4007XP, 4007XZ, 4007ZE, 4007ZJ", "wijkcode": "WK028103", "gemeentecode": "GM0281", "gemeentenaam": "Tiel", "oppervlakteLandInHa": 27, "AantalInwoners_5": 1330, "Mannen_6": 675, "Vrouwen_7": 655, "HuishoudensTotaal_29": 515, "GemiddeldeHuishoudensgrootte_33": 2.6, "Woningvoorraad_35": 506, "NieuwbouwWoningen_36": 0, "NietWoningvoorraad_37": 0, "NieuwbouwNietWoningen_38": 0, "GemiddeldeWOZWaardeVanWoningen_39": 417, "PercentageEengezinswoning_40": 100, "PercentageTussenwoningEengezins_41": 46, "PercentageHoekwoningEengezins_42": 17, "PercentageTweeOnderEenKapWoningEe_43": 25, "PercentageVrijstaandeWoningEengezins_44": 12, "PercentageMeergezinswoning_45": 0, "Koopwoningen_47": 93, "HuurwoningenTotaal_48": 7, "InBezitWoningcorporatie_49": 5, "InBezitOverigeVerhuurders_50": 2, "BouwjaarMeerDanTienJaarGeleden_51": 100, "BouwjaarAfgelopenTienJaar_52": 0, "GemiddeldeElektriciteitslevering_53": 3300, "GemiddeldeElektriciteitsteruglevering_54": 1310, "GemiddeldAardgasverbruik_55": 860, "AardgasvrijeWoningen_57": 1, "Aardgaswoningen_58": 92, "WoningenMetZonnestroom_59": 59, "WoningenHoofdzElektrVerwarmd_60": 8, "k_20PersonenMetHoogsteInkomen_80": 24.6, "k_20HuishoudensMetHoogsteInkomen_85": 30.8, "MediaanVermogenVanParticuliereHuish_86": 284.2, "PersonenautoSTotaal_104": 695, "PersonenautoSBrandstofBenzine_105": 540, "PersonenautoSOverigeBrandstof_106": 155, "PersonenautoSPerHuishouden_107": 1.4, "Omgevingsadressendichtheid_121": 1070, "AantalInstallatiesBijWoningen_5": 205, "OpgesteldVermogenVanZonnepanelen_6": 829, "installaties_per_woning": 0.40513833992094861, "vermogen_per_woning": 1.6383399209486167, "installaties_per_100_woningen": 40.51383399209486, "vermogen_per_huishouden": 1.6097087378640778, "batterijdruk_score": 772.9, "koop_zon_score": 0.5487, "eengezins_zon_score": 0.59, "betaalkracht_zon_score": 167.678, "overige_brandstof_zon_score": 91.45, "lichte_batterij_kansscore": 0.54454152973429548 }, "geometry": { "type": "MultiPolygon", "coordinates": [ [ [ [ 5.401027617257097, 51.875400502485363 ], [ 5.399970370136349, 51.875315595215596 ], [ 5.400110146877592, 51.874682486804247 ], [ 5.400156245629975, 51.874455315769524 ], [ 5.400148949485995, 51.874428237521158 ], [ 5.400080874669605, 51.874286830316777 ], [ 5.400095443406748, 51.874255236606722 ], [ 5.400195006432087, 51.874059651680078 ], [ 5.400199858756383, 51.87403257207189 ], [ 5.400202274507286, 51.873985935084995 ], [ 5.400194978719188, 51.873964874507635 ], [ 5.399832694567064, 51.873081826158383 ], [ 5.399667327991829, 51.872559814046205 ], [ 5.399604085235217, 51.872302566518712 ], [ 5.399562721643445, 51.87209345888644 ], [ 5.399560282723979, 51.87205885686258 ], [ 5.399701201362947, 51.872057338008538 ], [ 5.399919865820846, 51.872045278884343 ], [ 5.40017253953721, 51.872006135583909 ], [ 5.400430063213149, 51.87194442514371 ], [ 5.400485939471025, 51.87192937502958 ], [ 5.400363249682851, 51.871188337241342 ], [ 5.39867319045225, 51.871307411480991 ], [ 5.398556791425018, 51.870491104829114 ], [ 5.398509270019439, 51.870507431349793 ], [ 5.398298043552849, 51.870546631828688 ], [ 5.398044572514364, 51.8705760485254 ], [ 5.397843892916662, 51.870585864418302 ], [ 5.397627367980057, 51.870579349642 ], [ 5.397416125403061, 51.870559782976123 ], [ 5.397269379765679, 51.870540597724883 ], [ 5.397141513786002, 51.870523880654609 ], [ 5.396713736036398, 51.870445556606235 ], [ 5.396439122266742, 51.870393329873828 ], [ 5.396233163692522, 51.870360691655918 ], [ 5.396037762759925, 51.870334586768408 ], [ 5.395879332510041, 51.87032153879052 ], [ 5.395715706432076, 51.87032008590095 ], [ 5.395631127135228, 51.870318294458549 ], [ 5.395493826709082, 51.870321567180874 ], [ 5.395277322089155, 51.870337905338651 ], [ 5.395071361167052, 51.870367310478215 ], [ 5.394912939081811, 51.870399975733037 ], [ 5.394743963275365, 51.870439166978869 ], [ 5.394596098414785, 51.870481628368893 ], [ 5.394442964643159, 51.870537149916743 ], [ 5.394321512250649, 51.870586134803851 ], [ 5.394205344388181, 51.870631856486725 ], [ 5.39402052235394, 51.870752679470613 ], [ 5.39367201529029, 51.87098453510076 ], [ 5.391539377863471, 51.872586225752798 ], [ 5.392244047857141, 51.872946881159855 ], [ 5.392256609159056, 51.872953567901675 ], [ 5.392060607208475, 51.873087016829999 ], [ 5.391723441977526, 51.873319818882223 ], [ 5.39176416103043, 51.873341532995738 ], [ 5.3919763386152, 51.873448449142018 ], [ 5.392676251415426, 51.873800264815387 ], [ 5.392714952777242, 51.873820792238583 ], [ 5.392816636629785, 51.873874968778956 ], [ 5.392951445025963, 51.873940864316552 ], [ 5.393028651972243, 51.87403442865179 ], [ 5.392856519098311, 51.874156947892203 ], [ 5.392783879128864, 51.874119551134868 ], [ 5.392708074056289, 51.874165988398339 ], [ 5.395277370010648, 51.875484736746877 ], [ 5.398502580550514, 51.875761918919274 ], [ 5.400909610870602, 51.87596346105699 ], [ 5.401027617257097, 51.875400502485363 ] ] ] ] } },
{ "type": "Feature", "properties": { "buurtcode": "BU02810301", "buurtnaam": "Passewaaij-Noord-Oost", "pc6_codes": "4006PD, 4007TA, 4007TB, 4007VA, 4007VB, 4007VC, 4007VD, 4007VE, 4007VG, 4007VH, 4007VJ, 4007VK, 4007VL, 4007VM, 4007VN, 4007VP, 4007VR, 4007VS, 4007VT, 4007VV, 4007VW, 4007VX, 4007ZA, 4007ZB, 4007ZC, 4007ZD, 4007ZE, 4007ZH, 4007ZK, 4007ZL, 4007ZM, 4007ZN, 4007ZP, 4007ZT, 4007ZV, 4007ZW, 4007ZX, 4007ZZ", "wijkcode": "WK028103", "gemeentecode": "GM0281", "gemeentenaam": "Tiel", "oppervlakteLandInHa": 60, "AantalInwoners_5": 2655, "Mannen_6": 1365, "Vrouwen_7": 1290, "HuishoudensTotaal_29": 985, "GemiddeldeHuishoudensgrootte_33": 2.6, "Woningvoorraad_35": 967, "NieuwbouwWoningen_36": 0, "NietWoningvoorraad_37": 13, "NieuwbouwNietWoningen_38": 0, "GemiddeldeWOZWaardeVanWoningen_39": 399, "PercentageEengezinswoning_40": 98, "PercentageTussenwoningEengezins_41": 55, "PercentageHoekwoningEengezins_42": 26, "PercentageTweeOnderEenKapWoningEe_43": 12, "PercentageVrijstaandeWoningEengezins_44": 5, "PercentageMeergezinswoning_45": 2, "Koopwoningen_47": 84, "HuurwoningenTotaal_48": 16, "InBezitWoningcorporatie_49": 13, "InBezitOverigeVerhuurders_50": 3, "BouwjaarMeerDanTienJaarGeleden_51": 100, "BouwjaarAfgelopenTienJaar_52": 0, "GemiddeldeElektriciteitslevering_53": 3080, "GemiddeldeElektriciteitsteruglevering_54": 1170, "GemiddeldAardgasverbruik_55": 850, "AardgasvrijeWoningen_57": 1, "Aardgaswoningen_58": 94, "WoningenMetZonnestroom_59": 58, "WoningenHoofdzElektrVerwarmd_60": 6, "k_20PersonenMetHoogsteInkomen_80": 23.9, "k_20HuishoudensMetHoogsteInkomen_85": 31.2, "MediaanVermogenVanParticuliereHuish_86": 255.9, "PersonenautoSTotaal_104": 1300, "PersonenautoSBrandstofBenzine_105": 1055, "PersonenautoSOverigeBrandstof_106": 240, "PersonenautoSPerHuishouden_107": 1.3, "Omgevingsadressendichtheid_121": 1237, "AantalInstallatiesBijWoningen_5": 380, "OpgesteldVermogenVanZonnepanelen_6": 1352, "installaties_per_woning": 0.39296794208893487, "vermogen_per_woning": 1.3981385729058946, "installaties_per_100_woningen": 39.296794208893488, "vermogen_per_huishouden": 1.3725888324873097, "batterijdruk_score": 678.6, "koop_zon_score": 0.4872, "eengezins_zon_score": 0.5684, "betaalkracht_zon_score": 148.422, "overige_brandstof_zon_score": 139.2, "lichte_batterij_kansscore": 0.51800090513809083 }, "geometry": { "type": "MultiPolygon", "coordinates": [ [ [ [ 5.416188671081406, 51.876930489576665 ], [ 5.416247768871852, 51.876677719359286 ], [ 5.416425081014379, 51.875952022530107 ], [ 5.41654656410088, 51.875448519476237 ], [ 5.41654979599503, 51.875356793030029 ], [ 5.416539866384078, 51.875275261726706 ], [ 5.416506898980704, 51.875208004237457 ], [ 5.416497009517268, 51.875187623942779 ], [ 5.416457474169015, 51.875144827956497 ], [ 5.416403784313697, 51.875090231157692 ], [ 5.41624603222677, 51.874991301184011 ], [ 5.416135829143416, 51.874933819574885 ], [ 5.415978101419123, 51.874870998845225 ], [ 5.4158311780093, 51.874814863451817 ], [ 5.415556796189957, 51.87473602208054 ], [ 5.415295384299988, 51.874673226463329 ], [ 5.415096621070338, 51.874617102611253 ], [ 5.414891371657821, 51.874551616844599 ], [ 5.414759575835958, 51.874502163818299 ], [ 5.414578726500696, 51.874420623125182 ], [ 5.414351844216963, 51.874298969975911 ], [ 5.414045002806511, 51.87411581435066 ], [ 5.413766253508498, 51.87394468776872 ], [ 5.41349183276996, 51.873786933245782 ], [ 5.413254157406282, 51.873667955317288 ], [ 5.412694768628022, 51.873399256623273 ], [ 5.412133010910964, 51.873130554863948 ], [ 5.411121430775699, 51.872646618756704 ], [ 5.410040303152932, 51.872129251949566 ], [ 5.409709747747318, 51.871970162077403 ], [ 5.409504498215775, 51.871864544872047 ], [ 5.409359738748768, 51.871778977726372 ], [ 5.409212809305518, 51.871673348909376 ], [ 5.409102603002632, 51.871574399415103 ], [ 5.409001027809562, 51.871454050637624 ], [ 5.408767591167678, 51.871117062185547 ], [ 5.408631419372202, 51.870912460381639 ], [ 5.408489830756273, 51.870673088133337 ], [ 5.40838174340772, 51.870477843117413 ], [ 5.408271475599779, 51.870238463997453 ], [ 5.408143892663042, 51.869918842053075 ], [ 5.408044390472758, 51.86960055239819 ], [ 5.40801646745609, 51.869500741312095 ], [ 5.40784735890522, 51.869522331658423 ], [ 5.407473743167257, 51.869551724325596 ], [ 5.407147496204128, 51.869597400810868 ], [ 5.406710160261632, 51.869695238931087 ], [ 5.406425028617305, 51.869747535391717 ], [ 5.406271902225609, 51.869776943354509 ], [ 5.406055393694541, 51.869806371285904 ], [ 5.405870572197664, 51.869809663826764 ], [ 5.405717415709763, 51.869806425531721 ], [ 5.402041903272846, 51.869611034468065 ], [ 5.401915158101494, 51.869604516092153 ], [ 5.401846512274242, 51.869611059269417 ], [ 5.401804282162121, 51.869630650113344 ], [ 5.401973741943483, 51.871081736279351 ], [ 5.400437008215524, 51.871183139899038 ], [ 5.400363249682851, 51.871188337241342 ], [ 5.400485939471025, 51.87192937502958 ], [ 5.400430063213149, 51.87194442514371 ], [ 5.40017253953721, 51.872006135583909 ], [ 5.399919865820846, 51.872045278884343 ], [ 5.399701201362947, 51.872057338008538 ], [ 5.399560282723979, 51.87205885686258 ], [ 5.399562721643445, 51.87209345888644 ], [ 5.399604085235217, 51.872302566518712 ], [ 5.399667327991829, 51.872559814046205 ], [ 5.399832694567064, 51.873081826158383 ], [ 5.400194978719188, 51.873964874507635 ], [ 5.400202274507286, 51.873985935084995 ], [ 5.400199858756383, 51.87403257207189 ], [ 5.400195006432087, 51.874059651680078 ], [ 5.400095443406748, 51.874255236606722 ], [ 5.400080874669605, 51.874286830316777 ], [ 5.400148949485995, 51.874428237521158 ], [ 5.400156245629975, 51.874455315769524 ], [ 5.400110146877592, 51.874682486804247 ], [ 5.399970370136349, 51.875315595215596 ], [ 5.401027617257097, 51.875400502485363 ], [ 5.400909610870602, 51.87596346105699 ], [ 5.404016418664667, 51.876223519631353 ], [ 5.415449013915704, 51.87716235688039 ], [ 5.416125572586219, 51.877218233327625 ], [ 5.416188671081406, 51.876930489576665 ] ] ] ] } },
{ "type": "Feature", "properties": { "buurtcode": "BU02810302", "buurtnaam": "Passewaaij-Zuid-West", "pc6_codes": "4007NA, 4007NB, 4007NC, 4007ND, 4007NE, 4007NG, 4007NH, 4007NJ, 4007NK, 4007NL, 4007NM, 4007NN, 4007NP, 4007NR, 4007NS, 4007NT, 4007NV, 4007NW, 4007NX, 4007NZ, 4007RA, 4007RB, 4007RC, 4007RD, 4007RE, 4007RG, 4007RH, 4007RJ, 4007RK, 4007RL, 4007RM, 4007RN, 4007RP, 4007RR, 4007RS, 4007SB, 4007SC, 4007SE, 4007SG, 4007SH, 4007SJ, 4007SK, 4007SL, 4007SM, 4007SN, 4007SP, 4007SR, 4007ST, 4007SV, 4007SW, 4007SX, 4007SZ", "wijkcode": "WK028103", "gemeentecode": "GM0281", "gemeentenaam": "Tiel", "oppervlakteLandInHa": 42, "AantalInwoners_5": 2580, "Mannen_6": 1315, "Vrouwen_7": 1265, "HuishoudensTotaal_29": 970, "GemiddeldeHuishoudensgrootte_33": 2.7, "Woningvoorraad_35": 943, "NieuwbouwWoningen_36": 0, "NietWoningvoorraad_37": 1, "NieuwbouwNietWoningen_38": 0, "GemiddeldeWOZWaardeVanWoningen_39": 414, "PercentageEengezinswoning_40": 99, "PercentageTussenwoningEengezins_41": 68, "PercentageHoekwoningEengezins_42": 20, "PercentageTweeOnderEenKapWoningEe_43": 5, "PercentageVrijstaandeWoningEengezins_44": 6, "PercentageMeergezinswoning_45": 1, "Koopwoningen_47": 82, "HuurwoningenTotaal_48": 18, "InBezitWoningcorporatie_49": 17, "InBezitOverigeVerhuurders_50": 1, "BouwjaarMeerDanTienJaarGeleden_51": 100, "BouwjaarAfgelopenTienJaar_52": 0, "GemiddeldeElektriciteitslevering_53": 3190, "GemiddeldeElektriciteitsteruglevering_54": 960, "GemiddeldAardgasverbruik_55": 830, "AardgasvrijeWoningen_57": 1, "Aardgaswoningen_58": 94, "WoningenMetZonnestroom_59": 43, "WoningenHoofdzElektrVerwarmd_60": 6, "k_20PersonenMetHoogsteInkomen_80": 23.0, "k_20HuishoudensMetHoogsteInkomen_85": 35.3, "MediaanVermogenVanParticuliereHuish_86": 260.2, "PersonenautoSTotaal_104": 1290, "PersonenautoSBrandstofBenzine_105": 990, "PersonenautoSOverigeBrandstof_106": 300, "PersonenautoSPerHuishouden_107": 1.3, "Omgevingsadressendichtheid_121": 833, "AantalInstallatiesBijWoningen_5": 273, "OpgesteldVermogenVanZonnepanelen_6": 1155, "installaties_per_woning": 0.28950159066808057, "vermogen_per_woning": 1.2248144220572641, "installaties_per_100_woningen": 28.950159066808055, "vermogen_per_huishouden": 1.1907216494845361, "batterijdruk_score": 412.8, "koop_zon_score": 0.3526, "eengezins_zon_score": 0.4257, "betaalkracht_zon_score": 111.886, "overige_brandstof_zon_score": 129.0, "lichte_batterij_kansscore": 0.48099896692044919 }, "geometry": { "type": "MultiPolygon", "coordinates": [ [ [ [ 5.39367201529029, 51.87098453510076 ], [ 5.39402052235394, 51.870752679470613 ], [ 5.394205344388181, 51.870631856486725 ], [ 5.394321512250649, 51.870586134803851 ], [ 5.394442964643159, 51.870537149916743 ], [ 5.394596098414785, 51.870481628368893 ], [ 5.394743963275365, 51.870439166978869 ], [ 5.394912939081811, 51.870399975733037 ], [ 5.395071361167052, 51.870367310478215 ], [ 5.395277322089155, 51.870337905338651 ], [ 5.395493826709082, 51.870321567180874 ], [ 5.395631127135228, 51.870318294458549 ], [ 5.395715706432076, 51.87032008590095 ], [ 5.395879332510041, 51.87032153879052 ], [ 5.396037762759925, 51.870334586768408 ], [ 5.396233163692522, 51.870360691655918 ], [ 5.396439122266742, 51.870393329873828 ], [ 5.396713736036398, 51.870445556606235 ], [ 5.397141513786002, 51.870523880654609 ], [ 5.397269379765679, 51.870540597724883 ], [ 5.397331180740694, 51.870054772446565 ], [ 5.397397104708989, 51.869761299258123 ], [ 5.397523023538894, 51.86949382475877 ], [ 5.397522972474648, 51.869274652023016 ], [ 5.397504910563118, 51.868996045687602 ], [ 5.397414809069429, 51.868490843227811 ], [ 5.397312684609288, 51.867870484373341 ], [ 5.397336645640849, 51.867718176235428 ], [ 5.397282595288576, 51.86745071667054 ], [ 5.397090390832064, 51.866373447179093 ], [ 5.396984504734275, 51.865823286925426 ], [ 5.396277578820752, 51.865925927400959 ], [ 5.395563110714738, 51.865985451721301 ], [ 5.394460169778061, 51.866110738313239 ], [ 5.393539580288628, 51.866287179550106 ], [ 5.392511392922819, 51.866587306803495 ], [ 5.391836758433048, 51.866940069155213 ], [ 5.391800776125046, 51.866911552502458 ], [ 5.391575279339067, 51.866700374736531 ], [ 5.391262403072608, 51.866391459893819 ], [ 5.391098921914237, 51.866243110856779 ], [ 5.390907253068131, 51.866051128754201 ], [ 5.390749409873854, 51.865860889901654 ], [ 5.390602835125353, 51.865625272988297 ], [ 5.39044498665525, 51.865366966112369 ], [ 5.390124362366305, 51.864836607796114 ], [ 5.390016591898097, 51.864657377288545 ], [ 5.389973815885483, 51.864684382859267 ], [ 5.389885405442218, 51.864767158428279 ], [ 5.389847413920337, 51.864808963995628 ], [ 5.389805313711451, 51.864851452759289 ], [ 5.389772213928043, 51.864880692522519 ], [ 5.389607962805444, 51.865024563196243 ], [ 5.38932235812744, 51.865290919820325 ], [ 5.389146998441695, 51.865455283413453 ], [ 5.389052806997215, 51.865546471513035 ], [ 5.388930915131578, 51.865666746169374 ], [ 5.388738813718986, 51.865858847349564 ], [ 5.388243323708041, 51.86636970426796 ], [ 5.388199900033746, 51.866439831523579 ], [ 5.388146632203132, 51.866497788680178 ], [ 5.387974414428017, 51.866677754178077 ], [ 5.387659186418614, 51.867007195897756 ], [ 5.387549584443424, 51.867128358875178 ], [ 5.387464663869614, 51.867216705334094 ], [ 5.387445600613344, 51.867236452723404 ], [ 5.387295591194499, 51.867386962431759 ], [ 5.387248518897535, 51.867365894821319 ], [ 5.387233105553666, 51.867381584845134 ], [ 5.387161027411491, 51.867454951139202 ], [ 5.387146363140471, 51.867449719956142 ], [ 5.387063604509013, 51.867529572164891 ], [ 5.386414868026528, 51.868175102045605 ], [ 5.386034047025775, 51.86856941659925 ], [ 5.38556929265797, 51.869076118706666 ], [ 5.38502559470251, 51.869666390915775 ], [ 5.385040317448239, 51.869673429013289 ], [ 5.385119682617607, 51.869706722135277 ], [ 5.385165609361395, 51.869656577998121 ], [ 5.38529194502377, 51.869717879314877 ], [ 5.385301134918813, 51.869709718965233 ], [ 5.38554156398085, 51.869836825954984 ], [ 5.387041027504668, 51.870396159968131 ], [ 5.387495476652273, 51.870559962008798 ], [ 5.387381131964099, 51.870672747689419 ], [ 5.387912165266452, 51.870878046880769 ], [ 5.389693293733313, 51.871565877313159 ], [ 5.389912964111661, 51.871657534896357 ], [ 5.39055557459602, 51.871960126733022 ], [ 5.391059762945743, 51.872198759075751 ], [ 5.39095195505344, 51.872285571780552 ], [ 5.391539377863471, 51.872586225752798 ], [ 5.39367201529029, 51.87098453510076 ] ] ] ] } },
{ "type": "Feature", "properties": { "buurtcode": "BU02810303", "buurtnaam": "Passewaaij-Zuid-Oost", "pc6_codes": "4007HA, 4007HB, 4007HC, 4007HD, 4007HE, 4007HG, 4007HH, 4007HJ, 4007HK, 4007HL, 4007HM, 4007HN, 4007HP, 4007HR, 4007HS, 4007HT, 4007HW, 4007HZ, 4007JA, 4007JB, 4007JC, 4007JD, 4007JE, 4007JG, 4007JH, 4007JJ, 4007LA, 4007LB, 4007LC, 4007LD, 4007LE, 4007LG, 4007LH, 4007LJ, 4007LK, 4007LL, 4007LM, 4007LN, 4007LP, 4007MA, 4007MB, 4007MC, 4007MD, 4007ME, 4007MG, 4007MH, 4007MJ, 4007MK, 4007ML, 4007MN, 4007MP, 4007PJ, 4007SB, 4007TC, 4007TE, 4007TG, 4007TJ, 4007TK, 4007TL, 4007TM, 4007TN, 4007TP, 4007TR, 4007TS, 4007TV", "wijkcode": "WK028103", "gemeentecode": "GM0281", "gemeentenaam": "Tiel", "oppervlakteLandInHa": 44, "AantalInwoners_5": 2775, "Mannen_6": 1390, "Vrouwen_7": 1385, "HuishoudensTotaal_29": 1105, "GemiddeldeHuishoudensgrootte_33": 2.5, "Woningvoorraad_35": 1071, "NieuwbouwWoningen_36": 1, "NietWoningvoorraad_37": 47, "NieuwbouwNietWoningen_38": 0, "GemiddeldeWOZWaardeVanWoningen_39": 414, "PercentageEengezinswoning_40": 72, "PercentageTussenwoningEengezins_41": 43, "PercentageHoekwoningEengezins_42": 17, "PercentageTweeOnderEenKapWoningEe_43": 4, "PercentageVrijstaandeWoningEengezins_44": 8, "PercentageMeergezinswoning_45": 28, "Koopwoningen_47": 77, "HuurwoningenTotaal_48": 23, "InBezitWoningcorporatie_49": 12, "InBezitOverigeVerhuurders_50": 11, "BouwjaarMeerDanTienJaarGeleden_51": 74, "BouwjaarAfgelopenTienJaar_52": 26, "GemiddeldeElektriciteitslevering_53": 2990, "GemiddeldeElektriciteitsteruglevering_54": 990, "GemiddeldAardgasverbruik_55": 520, "AardgasvrijeWoningen_57": 27, "Aardgaswoningen_58": 67, "WoningenMetZonnestroom_59": 47, "WoningenHoofdzElektrVerwarmd_60": 19, "k_20PersonenMetHoogsteInkomen_80": 25.0, "k_20HuishoudensMetHoogsteInkomen_85": 30.1, "MediaanVermogenVanParticuliereHuish_86": 234.2, "PersonenautoSTotaal_104": 1290, "PersonenautoSBrandstofBenzine_105": 1020, "PersonenautoSOverigeBrandstof_106": 265, "PersonenautoSPerHuishouden_107": 1.2, "Omgevingsadressendichtheid_121": 950, "AantalInstallatiesBijWoningen_5": 402, "OpgesteldVermogenVanZonnepanelen_6": 1335, "installaties_per_woning": 0.37535014005602241, "vermogen_per_woning": 1.2464985994397759, "installaties_per_100_woningen": 37.535014005602243, "vermogen_per_huishouden": 1.2081447963800904, "batterijdruk_score": 465.3, "koop_zon_score": 0.3619, "eengezins_zon_score": 0.3384, "betaalkracht_zon_score": 110.074, "overige_brandstof_zon_score": 124.55, "lichte_batterij_kansscore": 0.42524721154452072 }, "geometry": { "type": "MultiPolygon", "coordinates": [ [ [ [ 5.400363249682851, 51.871188337241342 ], [ 5.400437008215524, 51.871183139899038 ], [ 5.401973741943483, 51.871081736279351 ], [ 5.401804282162121, 51.869630650113344 ], [ 5.401846512274242, 51.869611059269417 ], [ 5.401915158101494, 51.869604516092153 ], [ 5.402041903272846, 51.869611034468065 ], [ 5.405717415709763, 51.869806425531721 ], [ 5.405870572197664, 51.869809663826764 ], [ 5.406055393694541, 51.869806371285904 ], [ 5.406271902225609, 51.869776943354509 ], [ 5.406425028617305, 51.869747535391717 ], [ 5.406710160261632, 51.869695238931087 ], [ 5.407147496204128, 51.869597400810868 ], [ 5.407473743167257, 51.869551724325596 ], [ 5.40784735890522, 51.869522331658423 ], [ 5.40801646745609, 51.869500741312095 ], [ 5.407975144919729, 51.869321042711945 ], [ 5.407890745258432, 51.868961289830423 ], [ 5.40784096132065, 51.868727249347408 ], [ 5.407821462114367, 51.868596185253814 ], [ 5.407825737166045, 51.868499889128209 ], [ 5.407840791308127, 51.868359456687614 ], [ 5.407877376356159, 51.868078590643869 ], [ 5.407903199211066, 51.867872622496812 ], [ 5.407950563523508, 51.86755029411065 ], [ 5.407991448782805, 51.867227966848375 ], [ 5.408028015958396, 51.866909652713296 ], [ 5.408060316378212, 51.866705020803899 ], [ 5.408116277714718, 51.866295758493429 ], [ 5.408146389321553, 51.866032279548868 ], [ 5.408163551583195, 51.865787527373769 ], [ 5.408165556239558, 51.86545584473857 ], [ 5.408171882381726, 51.865132186079066 ], [ 5.408180420259901, 51.864918196135704 ], [ 5.408177630790579, 51.864737820929108 ], [ 5.408178356598109, 51.864700512099837 ], [ 5.408163409336432, 51.86464932633465 ], [ 5.408147325157863, 51.864628711829631 ], [ 5.408110573438986, 51.864596725421215 ], [ 5.408079569222372, 51.864579667563163 ], [ 5.408012971758008, 51.864551952322799 ], [ 5.407955567130349, 51.864542720776747 ], [ 5.40788668389826, 51.864538467172629 ], [ 5.407764999655118, 51.864549864326428 ], [ 5.407394206569258, 51.864581921301394 ], [ 5.40715083150031, 51.864591205924015 ], [ 5.406223244111122, 51.864608424557147 ], [ 5.404907623146574, 51.864617518883975 ], [ 5.403897360698827, 51.864592074050861 ], [ 5.403465705173011, 51.864586447426632 ], [ 5.402900889683075, 51.864606431507134 ], [ 5.402505985521701, 51.864643453130569 ], [ 5.401927418942822, 51.864743060923281 ], [ 5.401408554011319, 51.864868253698134 ], [ 5.400742750746385, 51.865030431256237 ], [ 5.400250547394715, 51.865143939075026 ], [ 5.398744333223727, 51.865481933672285 ], [ 5.397417211349644, 51.865749301720591 ], [ 5.396984504734275, 51.865823286925426 ], [ 5.397090390832064, 51.866373447179093 ], [ 5.397282595288576, 51.86745071667054 ], [ 5.397336645640849, 51.867718176235428 ], [ 5.397312684609288, 51.867870484373341 ], [ 5.397414809069429, 51.868490843227811 ], [ 5.397504910563118, 51.868996045687602 ], [ 5.397522972474648, 51.869274652023016 ], [ 5.397523023538894, 51.86949382475877 ], [ 5.397397104708989, 51.869761299258123 ], [ 5.397331180740694, 51.870054772446565 ], [ 5.397269379765679, 51.870540597724883 ], [ 5.397416125403061, 51.870559782976123 ], [ 5.397627367980057, 51.870579349642 ], [ 5.397843892916662, 51.870585864418302 ], [ 5.398044572514364, 51.8705760485254 ], [ 5.398298043552849, 51.870546631828688 ], [ 5.398509270019439, 51.870507431349793 ], [ 5.398556791425018, 51.870491104829114 ], [ 5.39867319045225, 51.871307411480991 ], [ 5.400363249682851, 51.871188337241342 ] ] ] ] } },
{ "type": "Feature", "properties": { "buurtcode": "BU02810304", "buurtnaam": "Passewaaij e.o.", "pc6_codes": "4006PD, 4007PA, 4007PB, 4007PC, 4007PJ, 4007PK, 4007PL, 4007PM, 4007VZ", "wijkcode": "WK028103", "gemeentecode": "GM0281", "gemeentenaam": "Tiel", "oppervlakteLandInHa": 145, "AantalInwoners_5": 155, "Mannen_6": 80, "Vrouwen_7": 75, "HuishoudensTotaal_29": 65, "GemiddeldeHuishoudensgrootte_33": 2.5, "Woningvoorraad_35": 58, "NieuwbouwWoningen_36": 2, "NietWoningvoorraad_37": 3, "NieuwbouwNietWoningen_38": 0, "GemiddeldeWOZWaardeVanWoningen_39": 689, "PercentageEengezinswoning_40": 100, "PercentageTussenwoningEengezins_41": 14, "PercentageHoekwoningEengezins_42": 3, "PercentageTweeOnderEenKapWoningEe_43": 3, "PercentageVrijstaandeWoningEengezins_44": 79, "PercentageMeergezinswoning_45": 0, "Koopwoningen_47": 93, "HuurwoningenTotaal_48": 7, "InBezitWoningcorporatie_49": 0, "InBezitOverigeVerhuurders_50": 7, "BouwjaarMeerDanTienJaarGeleden_51": 83, "BouwjaarAfgelopenTienJaar_52": 17, "GemiddeldeElektriciteitslevering_53": 4330, "GemiddeldeElektriciteitsteruglevering_54": 2430, "GemiddeldAardgasverbruik_55": 1110, "AardgasvrijeWoningen_57": null, "Aardgaswoningen_58": null, "WoningenMetZonnestroom_59": null, "WoningenHoofdzElektrVerwarmd_60": null, "k_20PersonenMetHoogsteInkomen_80": 31.3, "k_20HuishoudensMetHoogsteInkomen_85": null, "MediaanVermogenVanParticuliereHuish_86": null, "PersonenautoSTotaal_104": 85, "PersonenautoSBrandstofBenzine_105": 65, "PersonenautoSOverigeBrandstof_106": 25, "PersonenautoSPerHuishouden_107": 1.4, "Omgevingsadressendichtheid_121": 931, "AantalInstallatiesBijWoningen_5": 28, "OpgesteldVermogenVanZonnepanelen_6": 137, "installaties_per_woning": 0.48275862068965519, "vermogen_per_woning": 2.3620689655172415, "installaties_per_100_woningen": 48.275862068965516, "vermogen_per_huishouden": 2.1076923076923078, "batterijdruk_score": null, "koop_zon_score": null, "eengezins_zon_score": null, "betaalkracht_zon_score": null, "overige_brandstof_zon_score": null, "lichte_batterij_kansscore": null }, "geometry": { "type": "MultiPolygon", "coordinates": [ [ [ [ 5.431892667456359, 51.877591193071403 ], [ 5.433340439305553, 51.877052627441827 ], [ 5.432810879131586, 51.876588073279791 ], [ 5.432177953324055, 51.876039807065972 ], [ 5.431672482394901, 51.875605964072996 ], [ 5.430986455137048, 51.875018324796358 ], [ 5.430398592792664, 51.8745033157156 ], [ 5.430132562972074, 51.874246815503952 ], [ 5.429506074200954, 51.873648889968777 ], [ 5.429050215464896, 51.873199099329085 ], [ 5.426023096718827, 51.870115104273928 ], [ 5.424839884205538, 51.86866534406694 ], [ 5.424073779226365, 51.867765291911454 ], [ 5.423255300274772, 51.866803671892292 ], [ 5.422978267758916, 51.866424163449928 ], [ 5.420953745345328, 51.866694792540997 ], [ 5.419653610801958, 51.866869056844898 ], [ 5.419489885275692, 51.8673979565528 ], [ 5.419409664241157, 51.867534690926171 ], [ 5.419040850199498, 51.868085964296831 ], [ 5.418553897058029, 51.868077700910604 ], [ 5.417870378928375, 51.868066692813009 ], [ 5.417363042685849, 51.868082230887843 ], [ 5.416941214980379, 51.868083246881014 ], [ 5.416884517324853, 51.868083396129734 ], [ 5.416549427446795, 51.868083984164059 ], [ 5.416568891062443, 51.868049392247983 ], [ 5.416585829691758, 51.868019133330101 ], [ 5.416600143268247, 51.867993369226419 ], [ 5.416441251586742, 51.867961716331273 ], [ 5.416331980136753, 51.867939857101533 ], [ 5.416296606728952, 51.867932819083933 ], [ 5.416215695108501, 51.867916606324648 ], [ 5.416227899702733, 51.86788262747298 ], [ 5.416229182146477, 51.867867571731907 ], [ 5.416223088861284, 51.867852552878503 ], [ 5.416197755661478, 51.867836704688521 ], [ 5.415845628506283, 51.867824648389472 ], [ 5.415754285832301, 51.867820787811034 ], [ 5.415691532698726, 51.867818888629365 ], [ 5.415695183315635, 51.867758099785178 ], [ 5.415704808099489, 51.86761910217902 ], [ 5.415716766643307, 51.867474216655111 ], [ 5.415721960370303, 51.867353879861128 ], [ 5.415720644532913, 51.867248438289089 ], [ 5.415721270803178, 51.867160379637909 ], [ 5.41572351340985, 51.867102530309886 ], [ 5.415727740470166, 51.867082961720492 ], [ 5.415734547479379, 51.867056462511322 ], [ 5.415739640918758, 51.866983916594094 ], [ 5.415757104343402, 51.866660944261561 ], [ 5.415773294945764, 51.866391398760236 ], [ 5.415794560704045, 51.86606674465262 ], [ 5.415792871723943, 51.865991027509835 ], [ 5.415791611821675, 51.865927884912558 ], [ 5.415769827317474, 51.8658037706154 ], [ 5.41570821954364, 51.865567024486367 ], [ 5.415662106951717, 51.86538131019261 ], [ 5.415661316481714, 51.865371126624815 ], [ 5.415401936861192, 51.86538302717392 ], [ 5.415212940717424, 51.865390038617015 ], [ 5.415043108028599, 51.86539579581148 ], [ 5.41491679867084, 51.865397021312987 ], [ 5.414778700196822, 51.865397979814844 ], [ 5.41464575555703, 51.865398622351712 ], [ 5.414517862006138, 51.865397115348919 ], [ 5.414444774249419, 51.865393653952275 ], [ 5.414226714987755, 51.865381471547636 ], [ 5.414196339001788, 51.865375681113981 ], [ 5.413787195963895, 51.865375559308156 ], [ 5.413469432217083, 51.865376278421969 ], [ 5.413344950812445, 51.865375146882862 ], [ 5.413323347859753, 51.865375870785734 ], [ 5.412937694489904, 51.865373835236902 ], [ 5.412504944428668, 51.86537348047159 ], [ 5.412549751999038, 51.864199408022962 ], [ 5.41253035560748, 51.864201407641602 ], [ 5.412315656043218, 51.8642146129502 ], [ 5.41179518211692, 51.86423591828666 ], [ 5.411639144009688, 51.864238989132055 ], [ 5.411607813513753, 51.864237917093917 ], [ 5.411441214204892, 51.864228864647608 ], [ 5.411411393536974, 51.864227684383465 ], [ 5.411317721417316, 51.864224333170895 ], [ 5.411165366757191, 51.864219681661758 ], [ 5.411057685069052, 51.86421687241841 ], [ 5.410915305657265, 51.864214699319099 ], [ 5.410781869672957, 51.864213117467884 ], [ 5.410657855369728, 51.864210535867208 ], [ 5.410527713833887, 51.864206723962162 ], [ 5.410377190873532, 51.864206484327035 ], [ 5.410226913743966, 51.86420434791571 ], [ 5.410062612582352, 51.864202915151452 ], [ 5.409900112537331, 51.864203198574927 ], [ 5.409753699220771, 51.864204997687999 ], [ 5.409603759600102, 51.864209961183441 ], [ 5.409450524995447, 51.864216210445477 ], [ 5.409265178343137, 51.864226240683038 ], [ 5.409132879125634, 51.864233492257206 ], [ 5.409019977147641, 51.864243184874567 ], [ 5.408876762909645, 51.864255858157321 ], [ 5.408716199040815, 51.864267509801643 ], [ 5.408567874073794, 51.864279734235254 ], [ 5.408441500791359, 51.864292961173597 ], [ 5.408399255420517, 51.864297489989035 ], [ 5.408405510335594, 51.862087594288951 ], [ 5.405286786209751, 51.86228576452325 ], [ 5.40395300284786, 51.862370535317808 ], [ 5.403927964584416, 51.862262058914347 ], [ 5.400508713596881, 51.862563079289181 ], [ 5.400501156119748, 51.862530200890582 ], [ 5.397610769475206, 51.862838948801858 ], [ 5.397658718295148, 51.862956528739531 ], [ 5.396620458767967, 51.863078220997608 ], [ 5.395627220134293, 51.863305765181643 ], [ 5.39538175059266, 51.863371559380795 ], [ 5.391948044346712, 51.864198381619538 ], [ 5.391437616870833, 51.864315960030723 ], [ 5.390059367859318, 51.864630370803347 ], [ 5.390016591898097, 51.864657377288545 ], [ 5.390124362366305, 51.864836607796114 ], [ 5.39044498665525, 51.865366966112369 ], [ 5.390602835125353, 51.865625272988297 ], [ 5.390749409873854, 51.865860889901654 ], [ 5.390907253068131, 51.866051128754201 ], [ 5.391098921914237, 51.866243110856779 ], [ 5.391262403072608, 51.866391459893819 ], [ 5.391575279339067, 51.866700374736531 ], [ 5.391800776125046, 51.866911552502458 ], [ 5.391836758433048, 51.866940069155213 ], [ 5.392511392922819, 51.866587306803495 ], [ 5.393539580288628, 51.866287179550106 ], [ 5.394460169778061, 51.866110738313239 ], [ 5.395563110714738, 51.865985451721301 ], [ 5.396277578820752, 51.865925927400959 ], [ 5.396984504734275, 51.865823286925426 ], [ 5.397417211349644, 51.865749301720591 ], [ 5.398744333223727, 51.865481933672285 ], [ 5.400250547394715, 51.865143939075026 ], [ 5.400742750746385, 51.865030431256237 ], [ 5.401408554011319, 51.864868253698134 ], [ 5.401927418942822, 51.864743060923281 ], [ 5.402505985521701, 51.864643453130569 ], [ 5.402900889683075, 51.864606431507134 ], [ 5.403465705173011, 51.864586447426632 ], [ 5.403897360698827, 51.864592074050861 ], [ 5.404907623146574, 51.864617518883975 ], [ 5.406223244111122, 51.864608424557147 ], [ 5.40715083150031, 51.864591205924015 ], [ 5.407394206569258, 51.864581921301394 ], [ 5.407764999655118, 51.864549864326428 ], [ 5.40788668389826, 51.864538467172629 ], [ 5.407955567130349, 51.864542720776747 ], [ 5.408012971758008, 51.864551952322799 ], [ 5.408079569222372, 51.864579667563163 ], [ 5.408110573438986, 51.864596725421215 ], [ 5.408147325157863, 51.864628711829631 ], [ 5.408163409336432, 51.86464932633465 ], [ 5.408178356598109, 51.864700512099837 ], [ 5.408177630790579, 51.864737820929108 ], [ 5.408180420259901, 51.864918196135704 ], [ 5.408171882381726, 51.865132186079066 ], [ 5.408165556239558, 51.86545584473857 ], [ 5.408163551583195, 51.865787527373769 ], [ 5.408146389321553, 51.866032279548868 ], [ 5.408116277714718, 51.866295758493429 ], [ 5.408060316378212, 51.866705020803899 ], [ 5.408028015958396, 51.866909652713296 ], [ 5.407991448782805, 51.867227966848375 ], [ 5.407950563523508, 51.86755029411065 ], [ 5.407903199211066, 51.867872622496812 ], [ 5.407877376356159, 51.868078590643869 ], [ 5.407840791308127, 51.868359456687614 ], [ 5.407825737166045, 51.868499889128209 ], [ 5.407821462114367, 51.868596185253814 ], [ 5.40784096132065, 51.868727249347408 ], [ 5.407890745258432, 51.868961289830423 ], [ 5.407975144919729, 51.869321042711945 ], [ 5.40801646745609, 51.869500741312095 ], [ 5.408044390472758, 51.86960055239819 ], [ 5.408143892663042, 51.869918842053075 ], [ 5.408271475599779, 51.870238463997453 ], [ 5.40838174340772, 51.870477843117413 ], [ 5.408489830756273, 51.870673088133337 ], [ 5.408631419372202, 51.870912460381639 ], [ 5.408767591167678, 51.871117062185547 ], [ 5.409001027809562, 51.871454050637624 ], [ 5.409102603002632, 51.871574399415103 ], [ 5.409212809305518, 51.871673348909376 ], [ 5.409359738748768, 51.871778977726372 ], [ 5.409504498215775, 51.871864544872047 ], [ 5.409709747747318, 51.871970162077403 ], [ 5.410040303152932, 51.872129251949566 ], [ 5.411121430775699, 51.872646618756704 ], [ 5.412133010910964, 51.873130554863948 ], [ 5.412694768628022, 51.873399256623273 ], [ 5.413254157406282, 51.873667955317288 ], [ 5.41349183276996, 51.873786933245782 ], [ 5.413766253508498, 51.87394468776872 ], [ 5.414045002806511, 51.87411581435066 ], [ 5.414351844216963, 51.874298969975911 ], [ 5.414578726500696, 51.874420623125182 ], [ 5.414759575835958, 51.874502163818299 ], [ 5.414891371657821, 51.874551616844599 ], [ 5.415096621070338, 51.874617102611253 ], [ 5.415295384299988, 51.874673226463329 ], [ 5.415556796189957, 51.87473602208054 ], [ 5.4158311780093, 51.874814863451817 ], [ 5.415978101419123, 51.874870998845225 ], [ 5.416135829143416, 51.874933819574885 ], [ 5.41624603222677, 51.874991301184011 ], [ 5.416403784313697, 51.875090231157692 ], [ 5.416457474169015, 51.875144827956497 ], [ 5.416497009517268, 51.875187623942779 ], [ 5.416506898980704, 51.875208004237457 ], [ 5.416539866384078, 51.875275261726706 ], [ 5.41654979599503, 51.875356793030029 ], [ 5.41654656410088, 51.875448519476237 ], [ 5.416425081014379, 51.875952022530107 ], [ 5.416247768871852, 51.876677719359286 ], [ 5.416188671081406, 51.876930489576665 ], [ 5.416125572586219, 51.877218233327625 ], [ 5.421474099759117, 51.87765982116526 ], [ 5.427180019019067, 51.878130640500046 ], [ 5.42879992989812, 51.878224415977385 ], [ 5.431892667456359, 51.877591193071403 ] ] ] ] } },
{ "type": "Feature", "properties": { "buurtcode": "BU02810305", "buurtnaam": "Zennewijnen", "pc6_codes": "4062PL, 4062PM, 4062PP, 4062PR", "wijkcode": "WK028103", "gemeentecode": "GM0281", "gemeentenaam": "Tiel", "oppervlakteLandInHa": 74, "AantalInwoners_5": 105, "Mannen_6": 60, "Vrouwen_7": 50, "HuishoudensTotaal_29": 45, "GemiddeldeHuishoudensgrootte_33": 2.3, "Woningvoorraad_35": 39, "NieuwbouwWoningen_36": 0, "NietWoningvoorraad_37": 1, "NieuwbouwNietWoningen_38": 0, "GemiddeldeWOZWaardeVanWoningen_39": 631, "PercentageEengezinswoning_40": 100, "PercentageTussenwoningEengezins_41": 5, "PercentageHoekwoningEengezins_42": 5, "PercentageTweeOnderEenKapWoningEe_43": 5, "PercentageVrijstaandeWoningEengezins_44": 85, "PercentageMeergezinswoning_45": 0, "Koopwoningen_47": 90, "HuurwoningenTotaal_48": 10, "InBezitWoningcorporatie_49": 0, "InBezitOverigeVerhuurders_50": 10, "BouwjaarMeerDanTienJaarGeleden_51": 90, "BouwjaarAfgelopenTienJaar_52": 10, "GemiddeldeElektriciteitslevering_53": 3990, "GemiddeldeElektriciteitsteruglevering_54": 2060, "GemiddeldAardgasverbruik_55": 1350, "AardgasvrijeWoningen_57": null, "Aardgaswoningen_58": null, "WoningenMetZonnestroom_59": null, "WoningenHoofdzElektrVerwarmd_60": null, "k_20PersonenMetHoogsteInkomen_80": null, "k_20HuishoudensMetHoogsteInkomen_85": null, "MediaanVermogenVanParticuliereHuish_86": null, "PersonenautoSTotaal_104": 80, "PersonenautoSBrandstofBenzine_105": 60, "PersonenautoSOverigeBrandstof_106": 20, "PersonenautoSPerHuishouden_107": null, "Omgevingsadressendichtheid_121": 201, "AantalInstallatiesBijWoningen_5": 22, "OpgesteldVermogenVanZonnepanelen_6": 111, "installaties_per_woning": 0.5641025641025641, "vermogen_per_woning": 2.8461538461538463, "installaties_per_100_woningen": 56.410256410256409, "vermogen_per_huishouden": 2.4666666666666668, "batterijdruk_score": null, "koop_zon_score": null, "eengezins_zon_score": null, "betaalkracht_zon_score": null, "overige_brandstof_zon_score": null, "lichte_batterij_kansscore": null }, "geometry": { "type": "MultiPolygon", "coordinates": [ [ [ [ 5.419409664241157, 51.867534690926171 ], [ 5.419489885275692, 51.8673979565528 ], [ 5.419653610801958, 51.866869056844898 ], [ 5.420953745345328, 51.866694792540997 ], [ 5.422978267758916, 51.866424163449928 ], [ 5.422839081589527, 51.866229626050171 ], [ 5.422663768666983, 51.865991264337296 ], [ 5.422482310217019, 51.865745219202132 ], [ 5.422295506728566, 51.865493764418829 ], [ 5.422095373284961, 51.865218287544991 ], [ 5.421899937647554, 51.864950502924316 ], [ 5.421803004539339, 51.864807024217924 ], [ 5.421658704645608, 51.864613916936193 ], [ 5.421502525607127, 51.864395861394762 ], [ 5.421365041383952, 51.864208144731748 ], [ 5.421260736170116, 51.864064299198859 ], [ 5.421096118544196, 51.863836304483456 ], [ 5.421044884446931, 51.863758884984563 ], [ 5.4208681392307, 51.863520997315838 ], [ 5.420790005820329, 51.863387327573079 ], [ 5.420631165464539, 51.863132338609454 ], [ 5.42050799211875, 51.862929849013639 ], [ 5.420204773778776, 51.862432476598713 ], [ 5.420153985803684, 51.86234547502476 ], [ 5.420037923842758, 51.862134228288497 ], [ 5.419953631848406, 51.861969603927946 ], [ 5.419786755597938, 51.861670447431237 ], [ 5.419589740679989, 51.861306403379729 ], [ 5.419535369835791, 51.861199825959623 ], [ 5.419395913714959, 51.860950079069823 ], [ 5.419303244209386, 51.860777340074108 ], [ 5.41914561986528, 51.86051320756448 ], [ 5.418998333208378, 51.860248955173262 ], [ 5.418828330251935, 51.859944360168903 ], [ 5.418673745630172, 51.859659651908864 ], [ 5.418608272938871, 51.85955183664052 ], [ 5.418475342029901, 51.859297907283199 ], [ 5.418229328973713, 51.858832692411234 ], [ 5.417824935662464, 51.858091891713727 ], [ 5.417774144881023, 51.857986867477571 ], [ 5.417683140584804, 51.857768636800913 ], [ 5.417654831867865, 51.857700746391373 ], [ 5.417502740097135, 51.85732360892861 ], [ 5.41746684866554, 51.857225321925782 ], [ 5.417429006394957, 51.857139816812548 ], [ 5.417406197809774, 51.857068805965653 ], [ 5.417383144626967, 51.857022441161746 ], [ 5.417369626093249, 51.856972802140319 ], [ 5.41735670955328, 51.856890184799703 ], [ 5.416936250061124, 51.855449374221621 ], [ 5.416685075322646, 51.85484850538662 ], [ 5.416017504243941, 51.853297115965802 ], [ 5.415978821803357, 51.853227367091243 ], [ 5.415234177553451, 51.851801019555595 ], [ 5.413480456145354, 51.852234215719768 ], [ 5.412236749577279, 51.852540559837827 ], [ 5.411535545539905, 51.852716834551828 ], [ 5.411030265674749, 51.853029579931885 ], [ 5.410247948112294, 51.853498442558156 ], [ 5.409883981513611, 51.85375724296162 ], [ 5.40985088559924, 51.853780933640323 ], [ 5.409751257510009, 51.853666891078923 ], [ 5.409648382732048, 51.853705470861819 ], [ 5.409570408222619, 51.853701683790021 ], [ 5.409521942687723, 51.853699329151311 ], [ 5.409382946681441, 51.853808473984913 ], [ 5.40932511569494, 51.853857920778481 ], [ 5.409233230332506, 51.853931202042141 ], [ 5.40919250812842, 51.853943523742039 ], [ 5.408679048195406, 51.854090264069164 ], [ 5.408633115284663, 51.854103395484564 ], [ 5.408494306622359, 51.854186392182172 ], [ 5.408513067042361, 51.854201722838141 ], [ 5.408268836821376, 51.854315730255031 ], [ 5.408165934698125, 51.854363764460331 ], [ 5.408096027473262, 51.854386832078113 ], [ 5.408383930008624, 51.854727519461484 ], [ 5.409213602643505, 51.855724009243055 ], [ 5.409384884854305, 51.855932434006796 ], [ 5.409588290019039, 51.856167331955277 ], [ 5.409751692037559, 51.856360878413341 ], [ 5.409087428244833, 51.856535480104803 ], [ 5.408583312198798, 51.856675360115219 ], [ 5.407995403194275, 51.856834452005174 ], [ 5.407371714624117, 51.85700632854612 ], [ 5.407357592607951, 51.857010223834067 ], [ 5.407656378230131, 51.857381632197843 ], [ 5.407831181043989, 51.857608808208724 ], [ 5.407978678725684, 51.857799693977938 ], [ 5.408106525540908, 51.857996065962126 ], [ 5.408228091920593, 51.858185329172883 ], [ 5.408349660774192, 51.858374592252957 ], [ 5.408456343715569, 51.858596215878862 ], [ 5.408532362796783, 51.85874337587336 ], [ 5.408578273594355, 51.858886434579112 ], [ 5.408599271651129, 51.858947513562065 ], [ 5.408157542477838, 51.858974654088733 ], [ 5.408223179749044, 51.859194124493094 ], [ 5.408344734711358, 51.85960901508993 ], [ 5.40842543737256, 51.859882781973383 ], [ 5.408174960855951, 51.859887157903508 ], [ 5.408284520307824, 51.860596698601775 ], [ 5.408364855710398, 51.861094278308386 ], [ 5.408423283141169, 51.861459570946074 ], [ 5.408493900271552, 51.86193159669353 ], [ 5.408520652921069, 51.862081049558178 ], [ 5.408405510335594, 51.862087594288951 ], [ 5.408399255420517, 51.864297489989035 ], [ 5.408441500791359, 51.864292961173597 ], [ 5.408567874073794, 51.864279734235254 ], [ 5.408716199040815, 51.864267509801643 ], [ 5.408876762909645, 51.864255858157321 ], [ 5.409019977147641, 51.864243184874567 ], [ 5.409132879125634, 51.864233492257206 ], [ 5.409265178343137, 51.864226240683038 ], [ 5.409450524995447, 51.864216210445477 ], [ 5.409603759600102, 51.864209961183441 ], [ 5.409753699220771, 51.864204997687999 ], [ 5.409900112537331, 51.864203198574927 ], [ 5.410062612582352, 51.864202915151452 ], [ 5.410226913743966, 51.86420434791571 ], [ 5.410377190873532, 51.864206484327035 ], [ 5.410527713833887, 51.864206723962162 ], [ 5.410657855369728, 51.864210535867208 ], [ 5.410781869672957, 51.864213117467884 ], [ 5.410915305657265, 51.864214699319099 ], [ 5.411057685069052, 51.86421687241841 ], [ 5.411165366757191, 51.864219681661758 ], [ 5.411317721417316, 51.864224333170895 ], [ 5.411411393536974, 51.864227684383465 ], [ 5.411441214204892, 51.864228864647608 ], [ 5.411607813513753, 51.864237917093917 ], [ 5.411639144009688, 51.864238989132055 ], [ 5.41179518211692, 51.86423591828666 ], [ 5.412315656043218, 51.8642146129502 ], [ 5.41253035560748, 51.864201407641602 ], [ 5.412549751999038, 51.864199408022962 ], [ 5.412504944428668, 51.86537348047159 ], [ 5.412937694489904, 51.865373835236902 ], [ 5.413323347859753, 51.865375870785734 ], [ 5.413344950812445, 51.865375146882862 ], [ 5.413469432217083, 51.865376278421969 ], [ 5.413787195963895, 51.865375559308156 ], [ 5.414196339001788, 51.865375681113981 ], [ 5.414226714987755, 51.865381471547636 ], [ 5.414444774249419, 51.865393653952275 ], [ 5.414517862006138, 51.865397115348919 ], [ 5.41464575555703, 51.865398622351712 ], [ 5.414778700196822, 51.865397979814844 ], [ 5.41491679867084, 51.865397021312987 ], [ 5.415043108028599, 51.86539579581148 ], [ 5.415212940717424, 51.865390038617015 ], [ 5.415401936861192, 51.86538302717392 ], [ 5.415661316481714, 51.865371126624815 ], [ 5.415662106951717, 51.86538131019261 ], [ 5.41570821954364, 51.865567024486367 ], [ 5.415769827317474, 51.8658037706154 ], [ 5.415791611821675, 51.865927884912558 ], [ 5.415792871723943, 51.865991027509835 ], [ 5.415794560704045, 51.86606674465262 ], [ 5.415773294945764, 51.866391398760236 ], [ 5.415757104343402, 51.866660944261561 ], [ 5.415739640918758, 51.866983916594094 ], [ 5.415734547479379, 51.867056462511322 ], [ 5.415727740470166, 51.867082961720492 ], [ 5.41572351340985, 51.867102530309886 ], [ 5.415721270803178, 51.867160379637909 ], [ 5.415720644532913, 51.867248438289089 ], [ 5.415721960370303, 51.867353879861128 ], [ 5.415716766643307, 51.867474216655111 ], [ 5.415704808099489, 51.86761910217902 ], [ 5.415695183315635, 51.867758099785178 ], [ 5.415691532698726, 51.867818888629365 ], [ 5.415754285832301, 51.867820787811034 ], [ 5.415845628506283, 51.867824648389472 ], [ 5.416197755661478, 51.867836704688521 ], [ 5.416223088861284, 51.867852552878503 ], [ 5.416229182146477, 51.867867571731907 ], [ 5.416227899702733, 51.86788262747298 ], [ 5.416215695108501, 51.867916606324648 ], [ 5.416296606728952, 51.867932819083933 ], [ 5.416331980136753, 51.867939857101533 ], [ 5.416441251586742, 51.867961716331273 ], [ 5.416600143268247, 51.867993369226419 ], [ 5.416585829691758, 51.868019133330101 ], [ 5.416568891062443, 51.868049392247983 ], [ 5.416549427446795, 51.868083984164059 ], [ 5.416884517324853, 51.868083396129734 ], [ 5.416941214980379, 51.868083246881014 ], [ 5.417363042685849, 51.868082230887843 ], [ 5.417870378928375, 51.868066692813009 ], [ 5.418553897058029, 51.868077700910604 ], [ 5.419040850199498, 51.868085964296831 ], [ 5.419409664241157, 51.867534690926171 ] ] ] ] } },
{ "type": "Feature", "properties": { "buurtcode": "BU02810306", "buurtnaam": "Zennewijnen e.o.", "pc6_codes": "4062PM, 4062PN, 4062PP, 4062PS", "wijkcode": "WK028103", "gemeentecode": "GM0281", "gemeentenaam": "Tiel", "oppervlakteLandInHa": 184, "AantalInwoners_5": 55, "Mannen_6": 30, "Vrouwen_7": 20, "HuishoudensTotaal_29": 20, "GemiddeldeHuishoudensgrootte_33": 2.7, "Woningvoorraad_35": 21, "NieuwbouwWoningen_36": 0, "NietWoningvoorraad_37": 2, "NieuwbouwNietWoningen_38": 0, "GemiddeldeWOZWaardeVanWoningen_39": 676, "PercentageEengezinswoning_40": 100, "PercentageTussenwoningEengezins_41": 0, "PercentageHoekwoningEengezins_42": 0, "PercentageTweeOnderEenKapWoningEe_43": 0, "PercentageVrijstaandeWoningEengezins_44": 100, "PercentageMeergezinswoning_45": 0, "Koopwoningen_47": 86, "HuurwoningenTotaal_48": 14, "InBezitWoningcorporatie_49": 0, "InBezitOverigeVerhuurders_50": 14, "BouwjaarMeerDanTienJaarGeleden_51": 95, "BouwjaarAfgelopenTienJaar_52": 5, "GemiddeldeElektriciteitslevering_53": 4180, "GemiddeldeElektriciteitsteruglevering_54": 3050, "GemiddeldAardgasverbruik_55": 1160, "AardgasvrijeWoningen_57": null, "Aardgaswoningen_58": null, "WoningenMetZonnestroom_59": null, "WoningenHoofdzElektrVerwarmd_60": null, "k_20PersonenMetHoogsteInkomen_80": null, "k_20HuishoudensMetHoogsteInkomen_85": null, "MediaanVermogenVanParticuliereHuish_86": null, "PersonenautoSTotaal_104": 35, "PersonenautoSBrandstofBenzine_105": 30, "PersonenautoSOverigeBrandstof_106": 10, "PersonenautoSPerHuishouden_107": null, "Omgevingsadressendichtheid_121": 304, "AantalInstallatiesBijWoningen_5": 6, "OpgesteldVermogenVanZonnepanelen_6": 28, "installaties_per_woning": 0.2857142857142857, "vermogen_per_woning": 1.3333333333333333, "installaties_per_100_woningen": 28.571428571428569, "vermogen_per_huishouden": 1.4, "batterijdruk_score": null, "koop_zon_score": null, "eengezins_zon_score": null, "betaalkracht_zon_score": null, "overige_brandstof_zon_score": null, "lichte_batterij_kansscore": null }, "geometry": { "type": "MultiPolygon", "coordinates": [ [ [ [ 5.387445600613344, 51.867236452723404 ], [ 5.387464663869614, 51.867216705334094 ], [ 5.387549584443424, 51.867128358875178 ], [ 5.387659186418614, 51.867007195897756 ], [ 5.387974414428017, 51.866677754178077 ], [ 5.388146632203132, 51.866497788680178 ], [ 5.388199900033746, 51.866439831523579 ], [ 5.388243323708041, 51.86636970426796 ], [ 5.388738813718986, 51.865858847349564 ], [ 5.388930915131578, 51.865666746169374 ], [ 5.389052806997215, 51.865546471513035 ], [ 5.389146998441695, 51.865455283413453 ], [ 5.38932235812744, 51.865290919820325 ], [ 5.389607962805444, 51.865024563196243 ], [ 5.389772213928043, 51.864880692522519 ], [ 5.389805313711451, 51.864851452759289 ], [ 5.389847413920337, 51.864808963995628 ], [ 5.389885405442218, 51.864767158428279 ], [ 5.389973815885483, 51.864684382859267 ], [ 5.390016591898097, 51.864657377288545 ], [ 5.390059367859318, 51.864630370803347 ], [ 5.391437616870833, 51.864315960030723 ], [ 5.391948044346712, 51.864198381619538 ], [ 5.39538175059266, 51.863371559380795 ], [ 5.395627220134293, 51.863305765181643 ], [ 5.396620458767967, 51.863078220997608 ], [ 5.397658718295148, 51.862956528739531 ], [ 5.397610769475206, 51.862838948801858 ], [ 5.400501156119748, 51.862530200890582 ], [ 5.400508713596881, 51.862563079289181 ], [ 5.403927964584416, 51.862262058914347 ], [ 5.40395300284786, 51.862370535317808 ], [ 5.405286786209751, 51.86228576452325 ], [ 5.408405510335594, 51.862087594288951 ], [ 5.408520652921069, 51.862081049558178 ], [ 5.408493900271552, 51.86193159669353 ], [ 5.408423283141169, 51.861459570946074 ], [ 5.408364855710398, 51.861094278308386 ], [ 5.408284520307824, 51.860596698601775 ], [ 5.408174960855951, 51.859887157903508 ], [ 5.40842543737256, 51.859882781973383 ], [ 5.408344734711358, 51.85960901508993 ], [ 5.408223179749044, 51.859194124493094 ], [ 5.408157542477838, 51.858974654088733 ], [ 5.408599271651129, 51.858947513562065 ], [ 5.408578273594355, 51.858886434579112 ], [ 5.408532362796783, 51.85874337587336 ], [ 5.408456343715569, 51.858596215878862 ], [ 5.408349660774192, 51.858374592252957 ], [ 5.408228091920593, 51.858185329172883 ], [ 5.408106525540908, 51.857996065962126 ], [ 5.407978678725684, 51.857799693977938 ], [ 5.407831181043989, 51.857608808208724 ], [ 5.407656378230131, 51.857381632197843 ], [ 5.407357592607951, 51.857010223834067 ], [ 5.407371714624117, 51.85700632854612 ], [ 5.407995403194275, 51.856834452005174 ], [ 5.408583312198798, 51.856675360115219 ], [ 5.409087428244833, 51.856535480104803 ], [ 5.409751692037559, 51.856360878413341 ], [ 5.409588290019039, 51.856167331955277 ], [ 5.409384884854305, 51.855932434006796 ], [ 5.409213602643505, 51.855724009243055 ], [ 5.408383930008624, 51.854727519461484 ], [ 5.408096027473262, 51.854386832078113 ], [ 5.40809077356322, 51.854387830724626 ], [ 5.408040759829439, 51.854397376296959 ], [ 5.407976755869853, 51.854411481425664 ], [ 5.407930294539998, 51.854413080636398 ], [ 5.40792837119831, 51.854412816721826 ], [ 5.40788972292274, 51.854407515086422 ], [ 5.407718406996575, 51.854413981029637 ], [ 5.407622567636404, 51.854418959428422 ], [ 5.407091284667013, 51.854429280090656 ], [ 5.406818532127605, 51.854420931263377 ], [ 5.406479081446801, 51.85440690325489 ], [ 5.406451793104873, 51.854405963996015 ], [ 5.406360130410292, 51.854402806237829 ], [ 5.406209218385865, 51.854400368175561 ], [ 5.406072569865825, 51.854421342199018 ], [ 5.406030770251022, 51.854428917139458 ], [ 5.405927156488026, 51.854447683504866 ], [ 5.405828330537735, 51.854461631269501 ], [ 5.405776021069341, 51.854466798929217 ], [ 5.405560824842742, 51.854505419963658 ], [ 5.405357477435669, 51.854520723035897 ], [ 5.404967723316949, 51.854483993982988 ], [ 5.404818141860896, 51.854469896069759 ], [ 5.404760152695573, 51.854464260168179 ], [ 5.404493611083954, 51.854414190177771 ], [ 5.404466233793527, 51.854408351832561 ], [ 5.404270771904442, 51.854357947183409 ], [ 5.404053723188638, 51.854297712109485 ], [ 5.403822413456632, 51.854215861747292 ], [ 5.40352754826403, 51.85410498757566 ], [ 5.403211942970326, 51.853994088556156 ], [ 5.403202492834802, 51.853991168651305 ], [ 5.403177641372988, 51.853984889229508 ], [ 5.403113495818579, 51.854011566396764 ], [ 5.403033238653886, 51.854037760355297 ], [ 5.403029871623652, 51.854038857389916 ], [ 5.40267432320561, 51.854094138550821 ], [ 5.402273281122875, 51.854139132912437 ], [ 5.401945051302527, 51.85416108858773 ], [ 5.401680798926343, 51.854172528029331 ], [ 5.401512301182389, 51.854186175226957 ], [ 5.401364377910081, 51.854176557883832 ], [ 5.401164923854643, 51.854156205515359 ], [ 5.400401645538262, 51.85409334063354 ], [ 5.400361956763581, 51.854124058257739 ], [ 5.400337187353045, 51.85414876997698 ], [ 5.400182794180084, 51.854200218571059 ], [ 5.400130130901657, 51.854237723755169 ], [ 5.400053876803416, 51.854311067992043 ], [ 5.399913162818669, 51.854438043622203 ], [ 5.399781086457328, 51.854572244758941 ], [ 5.399670250048051, 51.854622079030008 ], [ 5.399612162236889, 51.854625428922965 ], [ 5.399546523876046, 51.854618784572807 ], [ 5.399430184493576, 51.854557936951508 ], [ 5.398950725218547, 51.854327867440851 ], [ 5.398688101252968, 51.854188367997196 ], [ 5.398231848213534, 51.85397435537633 ], [ 5.397816012644436, 51.853778484706488 ], [ 5.397261466854815, 51.853528101524631 ], [ 5.396830968959611, 51.853348335714763 ], [ 5.396539086484171, 51.853232059723915 ], [ 5.396435081132677, 51.853188483692257 ], [ 5.39607633484599, 51.853082701260419 ], [ 5.395870857782731, 51.853027897085823 ], [ 5.395598558245169, 51.852979991490393 ], [ 5.395349324984553, 51.85294476616366 ], [ 5.395239158724986, 51.852933502547259 ], [ 5.395090112589248, 51.853026299376175 ], [ 5.394485713748969, 51.853352498729585 ], [ 5.394275632103331, 51.853452210399475 ], [ 5.393677500136457, 51.853735315146615 ], [ 5.39346458378182, 51.853829623535937 ], [ 5.39287546616122, 51.854084005984951 ], [ 5.392822983545784, 51.85410533788248 ], [ 5.392770515166498, 51.854124872090388 ], [ 5.392697797942421, 51.854138933361611 ], [ 5.392633933128919, 51.854140455450164 ], [ 5.392402156603006, 51.854101699614446 ], [ 5.391984965629671, 51.854031591006958 ], [ 5.391898542634206, 51.854010831581135 ], [ 5.391863646716664, 51.853987490335243 ], [ 5.391860682824522, 51.853960525475863 ], [ 5.391688171616977, 51.853923635352466 ], [ 5.391663915790309, 51.854047810048925 ], [ 5.391615217620891, 51.854178744915664 ], [ 5.391584337034925, 51.854246868644331 ], [ 5.391553338397937, 51.854296656182342 ], [ 5.391530234568185, 51.854334443993977 ], [ 5.391495810167085, 51.854382829468335 ], [ 5.39145964338973, 51.854425938850255 ], [ 5.391375856630556, 51.854504419054571 ], [ 5.391319775429496, 51.854550036869874 ], [ 5.391208120024001, 51.854633875008815 ], [ 5.391072021615858, 51.854724473104312 ], [ 5.389690726503598, 51.855577935989935 ], [ 5.389127884629446, 51.855911441182144 ], [ 5.387950573701653, 51.856610666984281 ], [ 5.386627240291325, 51.857370515728192 ], [ 5.386275388050359, 51.857570926610265 ], [ 5.385881029145619, 51.857804233282998 ], [ 5.384954305874244, 51.858337803266402 ], [ 5.384788628326605, 51.858437633502518 ], [ 5.384731882882362, 51.85847232732462 ], [ 5.384690481343297, 51.858499570108023 ], [ 5.384675151867308, 51.858507012131085 ], [ 5.384651809788065, 51.858508126210914 ], [ 5.384634681067565, 51.858501114970437 ], [ 5.384521204210982, 51.858570493449584 ], [ 5.38432885743774, 51.858688371009464 ], [ 5.383895921445223, 51.858948554155212 ], [ 5.383712630256639, 51.859057936978346 ], [ 5.383044768569918, 51.85947021944056 ], [ 5.382737320162062, 51.85966001495111 ], [ 5.382606822918023, 51.859740716229396 ], [ 5.382502659851766, 51.859806300026918 ], [ 5.38248654539805, 51.859816456205508 ], [ 5.38225542627077, 51.859955676101848 ], [ 5.381727302084611, 51.860273803981976 ], [ 5.381314762255818, 51.86052405537518 ], [ 5.381028786247839, 51.860699690828696 ], [ 5.380432960368148, 51.861059254512867 ], [ 5.380381318619774, 51.861091456743729 ], [ 5.380306404466583, 51.861133949245051 ], [ 5.379857906109374, 51.861374054602528 ], [ 5.379619541153338, 51.861514239578803 ], [ 5.379573603663382, 51.861545731735681 ], [ 5.379410322446835, 51.861670928518443 ], [ 5.379148665816273, 51.861911303801215 ], [ 5.378921999933358, 51.862194968656276 ], [ 5.378872917446695, 51.862270889573615 ], [ 5.378846953401789, 51.862309034185564 ], [ 5.378804609593801, 51.862369423730378 ], [ 5.378766965050365, 51.862453075356342 ], [ 5.378756461551842, 51.862493180488663 ], [ 5.378472157830598, 51.863222606964079 ], [ 5.378463688494864, 51.863251557713795 ], [ 5.378414971344516, 51.863380716255023 ], [ 5.378410889778088, 51.863391555864879 ], [ 5.378407737818584, 51.863399932744187 ], [ 5.379272819561747, 51.863784824303941 ], [ 5.380137917552285, 51.864169708573158 ], [ 5.381973067439096, 51.864998641570956 ], [ 5.383808284924426, 51.865827545801444 ], [ 5.385521214476327, 51.866604826830525 ], [ 5.387233105553666, 51.867381584845134 ], [ 5.387248518897535, 51.867365894821319 ], [ 5.387295591194499, 51.867386962431759 ], [ 5.387445600613344, 51.867236452723404 ] ] ] ] } }
]
}
