{
"type": "FeatureCollection",
"name": "Tubbergen",
"crs": { "type": "name", "properties": { "name": "urn:ogc:def:crs:OGC:1.3:CRS84" } },
"features": [
{ "type": "Feature", "properties": { "buurtcode": "BU01830001", "buurtnaam": "Tubbergen noord", "pc6_codes": "7651BT, 7651GA, 7651GB, 7651GC, 7651GD, 7651GE, 7651GG, 7651GH, 7651GJ, 7651GK, 7651GL, 7651GM, 7651GN, 7651GP, 7651GR, 7651GS, 7651GT, 7651GV, 7651HA, 7651HB, 7651HC, 7651HD, 7651HE, 7651HG, 7651HH, 7651HJ, 7651KR, 7651KT, 7651KV, 7651KX, 7651LB, 7651LD, 7651LL, 7651LZ", "wijkcode": "WK018300", "gemeentecode": "GM0183", "gemeentenaam": "Tubbergen", "oppervlakteLandInHa": 56, "AantalInwoners_5": 1440, "Mannen_6": 690, "Vrouwen_7": 750, "HuishoudensTotaal_29": 520, "GemiddeldeHuishoudensgrootte_33": 2.5, "Woningvoorraad_35": 676, "NieuwbouwWoningen_36": 0, "NietWoningvoorraad_37": 27, "NieuwbouwNietWoningen_38": 0, "GemiddeldeWOZWaardeVanWoningen_39": 380, "PercentageEengezinswoning_40": 60, "PercentageTussenwoningEengezins_41": 12, "PercentageHoekwoningEengezins_42": 5, "PercentageTweeOnderEenKapWoningEe_43": 15, "PercentageVrijstaandeWoningEengezins_44": 28, "PercentageMeergezinswoning_45": 40, "Koopwoningen_47": 51, "HuurwoningenTotaal_48": 49, "InBezitWoningcorporatie_49": 20, "InBezitOverigeVerhuurders_50": 28, "BouwjaarMeerDanTienJaarGeleden_51": 91, "BouwjaarAfgelopenTienJaar_52": 9, "GemiddeldeElektriciteitslevering_53": 2980, "GemiddeldeElektriciteitsteruglevering_54": 1590, "GemiddeldAardgasverbruik_55": 880, "AardgasvrijeWoningen_57": 14, "Aardgaswoningen_58": 65, "WoningenMetZonnestroom_59": 48, "WoningenHoofdzElektrVerwarmd_60": 29, "k_20PersonenMetHoogsteInkomen_80": 19.0, "k_20HuishoudensMetHoogsteInkomen_85": 28.5, "MediaanVermogenVanParticuliereHuish_86": 296.6, "PersonenautoSTotaal_104": 730, "PersonenautoSBrandstofBenzine_105": 590, "PersonenautoSOverigeBrandstof_106": 145, "PersonenautoSPerHuishouden_107": 1.4, "Omgevingsadressendichtheid_121": 613, "AantalInstallatiesBijWoningen_5": null, "OpgesteldVermogenVanZonnepanelen_6": null, "installaties_per_woning": null, "vermogen_per_woning": null, "installaties_per_100_woningen": null, "vermogen_per_huishouden": null, "batterijdruk_score": 763.2, "koop_zon_score": 0.2448, "eengezins_zon_score": 0.288, "betaalkracht_zon_score": 142.368, "overige_brandstof_zon_score": 69.6, "lichte_batterij_kansscore": 0.36644589317460952 }, "geometry": { "type": "MultiPolygon", "coordinates": [ [ [ [ 6.792489611943454, 52.414976825362693 ], [ 6.79244461624068, 52.414937503564474 ], [ 6.792404679315999, 52.414879712924396 ], [ 6.792255523275365, 52.414735380950269 ], [ 6.792441040226891, 52.414601585472845 ], [ 6.792704553768416, 52.414482825153158 ], [ 6.793720094830448, 52.414025129531169 ], [ 6.793573462975306, 52.413897371278097 ], [ 6.793543072163765, 52.413868941490335 ], [ 6.796502070328208, 52.412431235559538 ], [ 6.796519553806857, 52.412422740812815 ], [ 6.796532742388273, 52.412416332217973 ], [ 6.796535105467121, 52.412416037129269 ], [ 6.79682934065933, 52.412289207418475 ], [ 6.797217556013156, 52.412121872203812 ], [ 6.797611467454727, 52.411952094827761 ], [ 6.797829476011001, 52.411858127951113 ], [ 6.798909631242075, 52.411405843338279 ], [ 6.798667754104947, 52.411259686249998 ], [ 6.798455852526802, 52.411143874979381 ], [ 6.798192388262748, 52.411024183429262 ], [ 6.797916873850598, 52.410910627622521 ], [ 6.797693687422167, 52.410824907846987 ], [ 6.79703262258702, 52.410603596039174 ], [ 6.796465658164514, 52.41041411589115 ], [ 6.795975793697786, 52.410261163546643 ], [ 6.795798752920583, 52.410220578902283 ], [ 6.795489578806659, 52.410165087531098 ], [ 6.795237650718526, 52.410138125166633 ], [ 6.794910995192173, 52.410110552278908 ], [ 6.79409327762204, 52.410123266849681 ], [ 6.792937279442952, 52.410128008567135 ], [ 6.792521121223924, 52.410135944336339 ], [ 6.792138197995728, 52.410110530018379 ], [ 6.791465302735975, 52.41005559854031 ], [ 6.791121651656313, 52.410032711118852 ], [ 6.790659332700955, 52.409975278183346 ], [ 6.790245890243285, 52.409914269289757 ], [ 6.789770020388179, 52.409892943670343 ], [ 6.787809108605868, 52.409850246201437 ], [ 6.787550036956585, 52.409868289094135 ], [ 6.787233810194279, 52.409937937922656 ], [ 6.787006487519582, 52.410030501414894 ], [ 6.786208236270721, 52.410504294549334 ], [ 6.785798441187427, 52.410248495672228 ], [ 6.785583797555129, 52.410122207873357 ], [ 6.785389785495222, 52.410028631222872 ], [ 6.785161872205452, 52.40994743820017 ], [ 6.784920402545899, 52.40990235493809 ], [ 6.783954016550612, 52.409780569757167 ], [ 6.783550804961685, 52.409735766374858 ], [ 6.783198399114071, 52.409668021329267 ], [ 6.783015744385233, 52.409623738296347 ], [ 6.782921710485712, 52.409593390018649 ], [ 6.782765753914956, 52.40954130254579 ], [ 6.782505451135978, 52.409442510675007 ], [ 6.782074267467019, 52.409284316346564 ], [ 6.781735427043955, 52.409180457029542 ], [ 6.781456341782281, 52.409107348969179 ], [ 6.781233719723661, 52.409193854139104 ], [ 6.780874074911034, 52.409284967657314 ], [ 6.780310354071633, 52.409429411015658 ], [ 6.779956921235073, 52.409562391505311 ], [ 6.77965735350742, 52.4096947365909 ], [ 6.779503377998127, 52.409783427076938 ], [ 6.778782838390883, 52.410238281154633 ], [ 6.778589761483625, 52.410191980793236 ], [ 6.778457256566435, 52.410326419719929 ], [ 6.778442894939245, 52.410338220679222 ], [ 6.778142170212076, 52.410583312917524 ], [ 6.778080496977852, 52.410632196772958 ], [ 6.778048125634628, 52.41065941892807 ], [ 6.778054541108335, 52.410663193411999 ], [ 6.777910240941806, 52.410775372310134 ], [ 6.777907180168809, 52.410845465818596 ], [ 6.77780269541813, 52.410929055945502 ], [ 6.77768378938392, 52.411078135857828 ], [ 6.777621997787017, 52.411159660441818 ], [ 6.77756109649976, 52.411266738261254 ], [ 6.777413363774389, 52.411486034121367 ], [ 6.77726663541791, 52.411733155834185 ], [ 6.77716331566092, 52.411951831082298 ], [ 6.777164878705649, 52.41195226935826 ], [ 6.777162508245831, 52.411953737165035 ], [ 6.777125678320538, 52.412039157158823 ], [ 6.777418080956014, 52.412108209061458 ], [ 6.777898136876289, 52.412164234178036 ], [ 6.778177979238623, 52.412190879459558 ], [ 6.778816345600164, 52.412247773671503 ], [ 6.779075933530384, 52.412270911098062 ], [ 6.779450380029213, 52.412304283932848 ], [ 6.780008343776609, 52.412350395849252 ], [ 6.78034253034838, 52.412381664164357 ], [ 6.780526637306223, 52.412397969677123 ], [ 6.780765390452493, 52.412423429440594 ], [ 6.780756615678743, 52.412569640589524 ], [ 6.780759274496001, 52.412604613815716 ], [ 6.780764010673659, 52.412627921388044 ], [ 6.78079575398508, 52.412691814890621 ], [ 6.7808519584356, 52.412797780428477 ], [ 6.780709921701957, 52.413524985537677 ], [ 6.780708408585176, 52.413532021683835 ], [ 6.780731719244789, 52.413533794978392 ], [ 6.780952758089299, 52.413550611745869 ], [ 6.781151816940702, 52.413565755183789 ], [ 6.78185677783897, 52.413619384549193 ], [ 6.782434979420821, 52.413663367294525 ], [ 6.78242476306916, 52.413765994290259 ], [ 6.782419595230606, 52.41381788735918 ], [ 6.782391080835774, 52.41410423421911 ], [ 6.782387836008397, 52.414136824860996 ], [ 6.78236957683304, 52.414314970395296 ], [ 6.782072840676975, 52.41435264996155 ], [ 6.782081312589536, 52.414440569756849 ], [ 6.782088605371449, 52.414516257298885 ], [ 6.782093130790238, 52.414563221838023 ], [ 6.782220125652705, 52.414556366807737 ], [ 6.782271858111638, 52.414553574916944 ], [ 6.782342006040815, 52.414550994801225 ], [ 6.782345455137265, 52.414552456169503 ], [ 6.782372933057629, 52.414551311769394 ], [ 6.783519457547297, 52.414503571995802 ], [ 6.784718896248731, 52.414434439132727 ], [ 6.784922770977762, 52.414432140766415 ], [ 6.785112353228903, 52.414433902860928 ], [ 6.785581287196041, 52.414438253712234 ], [ 6.78567331551131, 52.414444510656402 ], [ 6.78574264231361, 52.41444921993336 ], [ 6.785792288420529, 52.414437675514073 ], [ 6.785764216892922, 52.413599743492078 ], [ 6.785807482377084, 52.41357940350597 ], [ 6.785861221517488, 52.413570004836842 ], [ 6.785990367371484, 52.413562385054995 ], [ 6.78608406331686, 52.413558204108888 ], [ 6.786107210100749, 52.413554317224161 ], [ 6.786181378568081, 52.413544168306522 ], [ 6.786915535772367, 52.413434466303883 ], [ 6.786964837379593, 52.413427042258597 ], [ 6.787094860529386, 52.413407204291744 ], [ 6.787185780307932, 52.413393338544452 ], [ 6.787330227000837, 52.413373608440281 ], [ 6.787379660794168, 52.413362884717337 ], [ 6.78760674018859, 52.41331361119488 ], [ 6.787786990050865, 52.413275147197012 ], [ 6.788118456314527, 52.413439225280229 ], [ 6.788183309695005, 52.413471328662034 ], [ 6.788384649898525, 52.413568846446914 ], [ 6.788489992454712, 52.41362147796773 ], [ 6.788605059589971, 52.413685967212665 ], [ 6.788660213536396, 52.41372346416933 ], [ 6.788709597239696, 52.413759267615958 ], [ 6.788767600279132, 52.413801318618034 ], [ 6.789070391396206, 52.413991844650084 ], [ 6.789133024399855, 52.414048855332013 ], [ 6.789295225386115, 52.414185423299891 ], [ 6.789406929833455, 52.414248549363549 ], [ 6.789531321989407, 52.414308468926194 ], [ 6.789682589138343, 52.414361526318622 ], [ 6.789773338739632, 52.414385871432465 ], [ 6.790036255326504, 52.414470558363561 ], [ 6.790271167345109, 52.41454683056071 ], [ 6.790451546474727, 52.414603730764412 ], [ 6.790601367560031, 52.414651446887888 ], [ 6.790733146536069, 52.414693426169698 ], [ 6.790854163294141, 52.414733950870378 ], [ 6.790992698848259, 52.414766933019948 ], [ 6.791267509796503, 52.414812132847167 ], [ 6.792567697334007, 52.415056886598883 ], [ 6.792489611943454, 52.414976825362693 ] ] ] ] } },
{ "type": "Feature", "properties": { "buurtcode": "BU01830002", "buurtnaam": "Tubbergen west", "pc6_codes": "7651AA, 7651AB, 7651AC, 7651AD, 7651AE, 7651AG, 7651AH, 7651AJ, 7651AK, 7651AL, 7651AM, 7651AN, 7651AP, 7651AR, 7651AS, 7651AW, 7651AZ, 7651BP, 7651CA, 7651CB, 7651CD, 7651CE, 7651CG, 7651CH, 7651CJ, 7651CK, 7651CL, 7651CM, 7651CN, 7651CP, 7651CR, 7651CS, 7651CT, 7651CV, 7651CW, 7651CX, 7651CZ, 7651DA, 7651DB, 7651EA, 7651EB, 7651EC, 7651ED, 7651EE, 7651EG, 7651EH, 7651EJ, 7651EK, 7651EL, 7651EM, 7651EN, 7651EP, 7651ER, 7651ES, 7651ET, 7651EV, 7651EW, 7651EX, 7651EZ, 7651KA, 7651KB, 7651KC, 7651KE, 7651KW, 7651LJ, 7651LR, 7651NA, 7651NC, 7651ND, 7651NG, 7651NH, 7651NM, 7651NN, 7651NR", "wijkcode": "WK018300", "gemeentecode": "GM0183", "gemeentenaam": "Tubbergen", "oppervlakteLandInHa": 59, "AantalInwoners_5": 1810, "Mannen_6": 875, "Vrouwen_7": 935, "HuishoudensTotaal_29": 870, "GemiddeldeHuishoudensgrootte_33": 2.1, "Woningvoorraad_35": 861, "NieuwbouwWoningen_36": 18, "NietWoningvoorraad_37": 124, "NieuwbouwNietWoningen_38": 1, "GemiddeldeWOZWaardeVanWoningen_39": 344, "PercentageEengezinswoning_40": 69, "PercentageTussenwoningEengezins_41": 12, "PercentageHoekwoningEengezins_42": 11, "PercentageTweeOnderEenKapWoningEe_43": 21, "PercentageVrijstaandeWoningEengezins_44": 24, "PercentageMeergezinswoning_45": 31, "Koopwoningen_47": 59, "HuurwoningenTotaal_48": 40, "InBezitWoningcorporatie_49": 24, "InBezitOverigeVerhuurders_50": 16, "BouwjaarMeerDanTienJaarGeleden_51": 93, "BouwjaarAfgelopenTienJaar_52": 7, "GemiddeldeElektriciteitslevering_53": 2850, "GemiddeldeElektriciteitsteruglevering_54": 1250, "GemiddeldAardgasverbruik_55": 920, "AardgasvrijeWoningen_57": 8, "Aardgaswoningen_58": 81, "WoningenMetZonnestroom_59": 50, "WoningenHoofdzElektrVerwarmd_60": 18, "k_20PersonenMetHoogsteInkomen_80": 13.3, "k_20HuishoudensMetHoogsteInkomen_85": 15.9, "MediaanVermogenVanParticuliereHuish_86": 170.8, "PersonenautoSTotaal_104": 940, "PersonenautoSBrandstofBenzine_105": 790, "PersonenautoSOverigeBrandstof_106": 150, "PersonenautoSPerHuishouden_107": 1.1, "Omgevingsadressendichtheid_121": 647, "AantalInstallatiesBijWoningen_5": null, "OpgesteldVermogenVanZonnepanelen_6": null, "installaties_per_woning": null, "vermogen_per_woning": null, "installaties_per_100_woningen": null, "vermogen_per_huishouden": null, "batterijdruk_score": 625.0, "koop_zon_score": 0.295, "eengezins_zon_score": 0.345, "betaalkracht_zon_score": 85.4, "overige_brandstof_zon_score": 75.0, "lichte_batterij_kansscore": 0.39472170568244669 }, "geometry": { "type": "MultiPolygon", "coordinates": [ [ [ [ 6.779503377998127, 52.409783427076938 ], [ 6.77965735350742, 52.4096947365909 ], [ 6.779956921235073, 52.409562391505311 ], [ 6.780310354071633, 52.409429411015658 ], [ 6.780874074911034, 52.409284967657314 ], [ 6.781233719723661, 52.409193854139104 ], [ 6.781456341782281, 52.409107348969179 ], [ 6.781735427043955, 52.409180457029542 ], [ 6.782074267467019, 52.409284316346564 ], [ 6.782505451135978, 52.409442510675007 ], [ 6.782765753914956, 52.40954130254579 ], [ 6.782921710485712, 52.409593390018649 ], [ 6.783015744385233, 52.409623738296347 ], [ 6.783198399114071, 52.409668021329267 ], [ 6.783550804961685, 52.409735766374858 ], [ 6.783954016550612, 52.409780569757167 ], [ 6.784345031548958, 52.408656301406488 ], [ 6.784610364253141, 52.407918149779334 ], [ 6.784700114049239, 52.407759021171081 ], [ 6.784945532819422, 52.407482137941777 ], [ 6.785590694783873, 52.406768478787804 ], [ 6.785691544516334, 52.40668825295603 ], [ 6.786057039842612, 52.406531135141208 ], [ 6.785860141379006, 52.406366172106559 ], [ 6.785777162780407, 52.406330269059907 ], [ 6.785325263901107, 52.406206516136535 ], [ 6.784699714993009, 52.406040025170491 ], [ 6.784719977108296, 52.405997799922027 ], [ 6.785057295000089, 52.405445652692791 ], [ 6.785101903561951, 52.405455067501521 ], [ 6.785403781977335, 52.404965871787731 ], [ 6.785422054918, 52.404970213256178 ], [ 6.785553636906469, 52.404717965093077 ], [ 6.785569759006245, 52.404672993093207 ], [ 6.785092625024317, 52.404567979493251 ], [ 6.785694713653069, 52.403446481726412 ], [ 6.786080052767677, 52.402691101392882 ], [ 6.786112501533172, 52.402627489811096 ], [ 6.786131701586206, 52.402553497332228 ], [ 6.786186074005371, 52.402365806684131 ], [ 6.786570523126574, 52.402400780236754 ], [ 6.786606736605401, 52.40228127552551 ], [ 6.786720536497657, 52.401838792741387 ], [ 6.786450187822672, 52.401836774766927 ], [ 6.786463343553961, 52.401590320356576 ], [ 6.785194952536329, 52.40158271585765 ], [ 6.785195359828331, 52.401554180971601 ], [ 6.784660718850237, 52.401551477206709 ], [ 6.784605616030236, 52.401551201770054 ], [ 6.784558003171444, 52.401548583545015 ], [ 6.784546398143092, 52.401169405355105 ], [ 6.784355157060916, 52.401173352230472 ], [ 6.784327922638464, 52.400426399547769 ], [ 6.783466998169485, 52.400575125673427 ], [ 6.783528307115752, 52.399650240261153 ], [ 6.783531436866167, 52.399603147593339 ], [ 6.783539958202436, 52.399440864282028 ], [ 6.783528068600224, 52.399398865566852 ], [ 6.783377028178132, 52.398877451597642 ], [ 6.783342563456745, 52.398806784519735 ], [ 6.782998134888378, 52.398905534437752 ], [ 6.782678758007285, 52.398986977867033 ], [ 6.782631908264718, 52.399073192233345 ], [ 6.782581508018279, 52.399245892580382 ], [ 6.782568344002748, 52.399319215606326 ], [ 6.78256546376485, 52.399347204353752 ], [ 6.782555859475089, 52.399440700965044 ], [ 6.78254409780333, 52.399740340649039 ], [ 6.78254264590421, 52.399868394328081 ], [ 6.782524944636436, 52.400212410987805 ], [ 6.782513768967158, 52.400442634926421 ], [ 6.782481170653021, 52.400742009551934 ], [ 6.7824131084391, 52.401075806252749 ], [ 6.782410428192345, 52.401192634924527 ], [ 6.782404467996978, 52.401193764928259 ], [ 6.782384903035713, 52.40119747321107 ], [ 6.782306749772849, 52.401212285278639 ], [ 6.782224596852379, 52.401350670424684 ], [ 6.782166988010156, 52.401447709635363 ], [ 6.781817204455074, 52.401792231622963 ], [ 6.781476510111696, 52.402005500702614 ], [ 6.781272265969165, 52.402099770079957 ], [ 6.781249142476134, 52.402093480620962 ], [ 6.781099474385101, 52.402156815233994 ], [ 6.780949353720784, 52.402215121323962 ], [ 6.780773880333221, 52.402275703147367 ], [ 6.78059024180644, 52.402329010090362 ], [ 6.780427793719072, 52.402369213582645 ], [ 6.780246578109359, 52.402401457980062 ], [ 6.780052239597757, 52.402427654299004 ], [ 6.779005870483595, 52.402544048459028 ], [ 6.777870738654457, 52.402670015199156 ], [ 6.777640677597204, 52.402741813159295 ], [ 6.777110898408237, 52.402797983744243 ], [ 6.777103882161852, 52.402798722284288 ], [ 6.77669378259349, 52.402842582701595 ], [ 6.776664443901813, 52.402838666390323 ], [ 6.776457629008423, 52.402867349234889 ], [ 6.776133537266156, 52.402922692695277 ], [ 6.775871474313477, 52.402987321109798 ], [ 6.775752971529249, 52.403022229702813 ], [ 6.775658554887483, 52.403051022071317 ], [ 6.775572166145683, 52.403081814582904 ], [ 6.775502358894505, 52.403109931727272 ], [ 6.775426258085003, 52.403142625943488 ], [ 6.775341204033799, 52.403183191287148 ], [ 6.775227576051136, 52.403239093637502 ], [ 6.775109281635427, 52.403312111058824 ], [ 6.775005209608762, 52.403379397666917 ], [ 6.77498924942158, 52.403389714967439 ], [ 6.774887592875285, 52.403469377507669 ], [ 6.774799790615203, 52.403539061968381 ], [ 6.774706127717306, 52.403624338459366 ], [ 6.77463740040117, 52.403694949798862 ], [ 6.774620872586584, 52.403721166549673 ], [ 6.774439154244332, 52.403964904735112 ], [ 6.774364043326209, 52.404097878511941 ], [ 6.774355452257751, 52.404113098090384 ], [ 6.774323286710105, 52.404170040570691 ], [ 6.774314807233336, 52.404185070076565 ], [ 6.774285092432459, 52.404237678265019 ], [ 6.774259583828807, 52.404282875457 ], [ 6.774196181919566, 52.404395616891392 ], [ 6.774319655516396, 52.404405567997486 ], [ 6.774417132390569, 52.404419931385782 ], [ 6.774491463950913, 52.404433882755093 ], [ 6.774445481882864, 52.404588837690874 ], [ 6.774395361991943, 52.404754807244046 ], [ 6.774351369765925, 52.404901990591242 ], [ 6.774305390149628, 52.405045323087009 ], [ 6.774273034417362, 52.405158159235491 ], [ 6.774247270626661, 52.405242621855308 ], [ 6.774207266870055, 52.405373120398288 ], [ 6.774184509768594, 52.405446599593027 ], [ 6.774166480497898, 52.40551524143401 ], [ 6.774100942384393, 52.40565355355681 ], [ 6.774282920696495, 52.405693434775181 ], [ 6.774433150386752, 52.405726640593166 ], [ 6.7744575443868, 52.405731703031599 ], [ 6.774550060991838, 52.405750897424873 ], [ 6.774776643892555, 52.405797897389569 ], [ 6.774630996493705, 52.406066498063673 ], [ 6.77449502931603, 52.406336769356649 ], [ 6.774584204183742, 52.40635382493457 ], [ 6.775640425119834, 52.406590187006401 ], [ 6.77568610932343, 52.4065997185808 ], [ 6.776558160821046, 52.406796470815742 ], [ 6.7763463230574, 52.407045614107972 ], [ 6.776212591163671, 52.407012173095772 ], [ 6.775894339884766, 52.407502131299402 ], [ 6.775921412568526, 52.40751083748841 ], [ 6.776610264462289, 52.407673017531593 ], [ 6.776323659101042, 52.407947586051797 ], [ 6.776306350770355, 52.407964166441062 ], [ 6.776174998628102, 52.408098254072229 ], [ 6.776126017057886, 52.408146208746679 ], [ 6.776000727056229, 52.408268871490975 ], [ 6.775955692592563, 52.408312455352394 ], [ 6.775866636139565, 52.408398640371615 ], [ 6.775757520904714, 52.408503712007835 ], [ 6.775678462439455, 52.408578777517093 ], [ 6.775645026461715, 52.408608373729287 ], [ 6.775605150635362, 52.408634153356935 ], [ 6.775560230350809, 52.408666401028384 ], [ 6.775533978150404, 52.408674322230937 ], [ 6.77548393823791, 52.408680167307054 ], [ 6.775681774547403, 52.408790825946639 ], [ 6.775705632915563, 52.408802653887754 ], [ 6.775803976190844, 52.408879009772775 ], [ 6.775956634141576, 52.409002386390121 ], [ 6.776046478806345, 52.409082365306539 ], [ 6.776217225716925, 52.409221016869743 ], [ 6.77635537776096, 52.409335925052801 ], [ 6.776425589134168, 52.409388799528841 ], [ 6.776530134359181, 52.409451464248498 ], [ 6.77663743975018, 52.40950793027293 ], [ 6.776799286427225, 52.409575495317547 ], [ 6.777006244544175, 52.409652481101425 ], [ 6.777270143071203, 52.40974532821842 ], [ 6.777388495188785, 52.409787488780779 ], [ 6.777502287741273, 52.409827203916947 ], [ 6.777859746685353, 52.409947283392995 ], [ 6.77811899488336, 52.410035626009829 ], [ 6.77836841851498, 52.410120002644 ], [ 6.778502952780799, 52.41016581013988 ], [ 6.778589761483625, 52.410191980793236 ], [ 6.778782838390883, 52.410238281154633 ], [ 6.779503377998127, 52.409783427076938 ] ] ] ] } },
{ "type": "Feature", "properties": { "buurtcode": "BU01830003", "buurtnaam": "Tubbergen oost", "pc6_codes": "7651AT, 7651AV, 7651AX, 7651BA, 7651BB, 7651BD, 7651BE, 7651BG, 7651BH, 7651BJ, 7651BK, 7651BL, 7651BM, 7651BN, 7651BR, 7651BS, 7651BV, 7651BW, 7651BZ, 7651JA, 7651JB, 7651JC, 7651JD, 7651JE, 7651JG, 7651JH, 7651JJ, 7651JK, 7651JL, 7651JM, 7651JN, 7651JP, 7651JR, 7651JS, 7651JT, 7651JV, 7651JW, 7651JX, 7651KJ, 7651KM, 7651KS, 7651KW, 7651KX, 7651MA, 7651MC, 7651MD, 7651MG, 7651MH, 7651MJ, 7651MK, 7651MN, 7651MP, 7651MS, 7651MT, 7651MX, 7651MZ, 7651RA, 7651RC, 7651RD, 7651RG, 7651RH, 7651RJ, 7651RL", "wijkcode": "WK018300", "gemeentecode": "GM0183", "gemeentenaam": "Tubbergen", "oppervlakteLandInHa": 47, "AantalInwoners_5": 1810, "Mannen_6": 905, "Vrouwen_7": 905, "HuishoudensTotaal_29": 740, "GemiddeldeHuishoudensgrootte_33": 2.4, "Woningvoorraad_35": 767, "NieuwbouwWoningen_36": 0, "NietWoningvoorraad_37": 15, "NieuwbouwNietWoningen_38": 0, "GemiddeldeWOZWaardeVanWoningen_39": 368, "PercentageEengezinswoning_40": 90, "PercentageTussenwoningEengezins_41": 27, "PercentageHoekwoningEengezins_42": 21, "PercentageTweeOnderEenKapWoningEe_43": 18, "PercentageVrijstaandeWoningEengezins_44": 25, "PercentageMeergezinswoning_45": 10, "Koopwoningen_47": 70, "HuurwoningenTotaal_48": 30, "InBezitWoningcorporatie_49": 28, "InBezitOverigeVerhuurders_50": 2, "BouwjaarMeerDanTienJaarGeleden_51": 94, "BouwjaarAfgelopenTienJaar_52": 6, "GemiddeldeElektriciteitslevering_53": 3000, "GemiddeldeElektriciteitsteruglevering_54": 1640, "GemiddeldAardgasverbruik_55": 970, "AardgasvrijeWoningen_57": 4, "Aardgaswoningen_58": 79, "WoningenMetZonnestroom_59": 60, "WoningenHoofdzElektrVerwarmd_60": 20, "k_20PersonenMetHoogsteInkomen_80": 14.4, "k_20HuishoudensMetHoogsteInkomen_85": 27.3, "MediaanVermogenVanParticuliereHuish_86": 256.0, "PersonenautoSTotaal_104": 1050, "PersonenautoSBrandstofBenzine_105": 900, "PersonenautoSOverigeBrandstof_106": 150, "PersonenautoSPerHuishouden_107": 1.4, "Omgevingsadressendichtheid_121": 702, "AantalInstallatiesBijWoningen_5": null, "OpgesteldVermogenVanZonnepanelen_6": null, "installaties_per_woning": null, "vermogen_per_woning": null, "installaties_per_100_woningen": null, "vermogen_per_huishouden": null, "batterijdruk_score": 984.0, "koop_zon_score": 0.42, "eengezins_zon_score": 0.54, "betaalkracht_zon_score": 153.6, "overige_brandstof_zon_score": 90.0, "lichte_batterij_kansscore": 0.489977116937858 }, "geometry": { "type": "MultiPolygon", "coordinates": [ [ [ [ 6.787006487519582, 52.410030501414894 ], [ 6.787233810194279, 52.409937937922656 ], [ 6.787550036956585, 52.409868289094135 ], [ 6.787809108605868, 52.409850246201437 ], [ 6.789770020388179, 52.409892943670343 ], [ 6.790245890243285, 52.409914269289757 ], [ 6.790659332700955, 52.409975278183346 ], [ 6.791121651656313, 52.410032711118852 ], [ 6.791465302735975, 52.41005559854031 ], [ 6.792138197995728, 52.410110530018379 ], [ 6.792521121223924, 52.410135944336339 ], [ 6.792937279442952, 52.410128008567135 ], [ 6.79409327762204, 52.410123266849681 ], [ 6.794910995192173, 52.410110552278908 ], [ 6.795237650718526, 52.410138125166633 ], [ 6.795489578806659, 52.410165087531098 ], [ 6.795798752920583, 52.410220578902283 ], [ 6.795975793697786, 52.410261163546643 ], [ 6.796554558734062, 52.409624205352486 ], [ 6.796687908227274, 52.409509258159517 ], [ 6.796722521244218, 52.409479422565099 ], [ 6.796890159355371, 52.409334918441928 ], [ 6.797222295699627, 52.40873339574086 ], [ 6.797176641118532, 52.408330320280328 ], [ 6.797161285864603, 52.408176724622955 ], [ 6.797144414511931, 52.40802582564271 ], [ 6.797127738818685, 52.407871373793775 ], [ 6.797111275381942, 52.407725431701337 ], [ 6.797100393541876, 52.407637544016325 ], [ 6.797084605764065, 52.407603305321999 ], [ 6.797140105580154, 52.407602465576687 ], [ 6.797202561415718, 52.407601520499007 ], [ 6.79732935494296, 52.407599601540788 ], [ 6.797812101337219, 52.407592294472451 ], [ 6.797844210613713, 52.407413099874525 ], [ 6.79797472576963, 52.406684584279851 ], [ 6.798025698845694, 52.406472895409124 ], [ 6.798092714421156, 52.406194570904475 ], [ 6.798076126625918, 52.406190588822881 ], [ 6.798071447383667, 52.406070465723893 ], [ 6.798012664742938, 52.406063741501249 ], [ 6.797987042314165, 52.406060810872518 ], [ 6.797862069554497, 52.406039513551718 ], [ 6.797727400627145, 52.406018799023961 ], [ 6.797501806937845, 52.405967832813161 ], [ 6.797234195695634, 52.40590351499133 ], [ 6.797142137011015, 52.405881446515394 ], [ 6.796708179140373, 52.40577654861832 ], [ 6.796644611252534, 52.40576103491383 ], [ 6.796353507866564, 52.405688590340269 ], [ 6.796157943220875, 52.40564038327264 ], [ 6.796022269141703, 52.405605239345803 ], [ 6.796002341813144, 52.405600077846223 ], [ 6.795877399018821, 52.405560243406697 ], [ 6.795768476911656, 52.405518582303337 ], [ 6.795474119270509, 52.405390381491344 ], [ 6.795154503158919, 52.405247138423221 ], [ 6.794932385969611, 52.405147654505079 ], [ 6.794828055306207, 52.405100942942148 ], [ 6.794463613763026, 52.404939433796969 ], [ 6.794364486491501, 52.404893268519828 ], [ 6.793809121137256, 52.404642863044984 ], [ 6.793706717225588, 52.404597140644057 ], [ 6.793537832556312, 52.404522014821133 ], [ 6.793508251248662, 52.404487400177814 ], [ 6.793433103255725, 52.404415996705453 ], [ 6.793299855777708, 52.404335674281462 ], [ 6.792119472424821, 52.403806769843044 ], [ 6.792099661323931, 52.403792398302571 ], [ 6.792087048882008, 52.403764044826467 ], [ 6.792048058692579, 52.403556455261558 ], [ 6.792048412601486, 52.403539812997224 ], [ 6.791295203423167, 52.403816204511308 ], [ 6.790147529743168, 52.404435741223928 ], [ 6.789215923045653, 52.404942060146254 ], [ 6.788089886677467, 52.405566590136978 ], [ 6.787226711646679, 52.40605891031182 ], [ 6.787018631630112, 52.406153577295299 ], [ 6.786057039842612, 52.406531135141208 ], [ 6.785691544516334, 52.40668825295603 ], [ 6.785590694783873, 52.406768478787804 ], [ 6.784945532819422, 52.407482137941777 ], [ 6.784700114049239, 52.407759021171081 ], [ 6.784610364253141, 52.407918149779334 ], [ 6.784345031548958, 52.408656301406488 ], [ 6.783954016550612, 52.409780569757167 ], [ 6.784920402545899, 52.40990235493809 ], [ 6.785161872205452, 52.40994743820017 ], [ 6.785389785495222, 52.410028631222872 ], [ 6.785583797555129, 52.410122207873357 ], [ 6.785798441187427, 52.410248495672228 ], [ 6.786208236270721, 52.410504294549334 ], [ 6.787006487519582, 52.410030501414894 ] ] ] ] } },
{ "type": "Feature", "properties": { "buurtcode": "BU01830009", "buurtnaam": "Verspreide huizen Tubbergen", "pc6_codes": "7651KB, 7651KC, 7651KD, 7651KH, 7651KJ, 7651KK, 7651KL, 7651KM, 7651KN, 7651KP, 7651KR, 7651KS, 7651KV, 7651KX, 7651KZ, 7651LA, 7651LB, 7651LC, 7651LE, 7651LG, 7651LH, 7651LJ, 7651LK, 7651LL, 7651LM, 7651LN, 7651LP, 7651LR, 7651LS, 7651LT, 7651LV, 7651LW, 7651LX, 7651NB, 7651ND, 7651NE, 7651NH, 7651NJ, 7651NK, 7651NL, 7651NP, 7651NR, 7651NS", "wijkcode": "WK018300", "gemeentecode": "GM0183", "gemeentenaam": "Tubbergen", "oppervlakteLandInHa": 1570, "AantalInwoners_5": 780, "Mannen_6": 415, "Vrouwen_7": 365, "HuishoudensTotaal_29": 295, "GemiddeldeHuishoudensgrootte_33": 2.7, "Woningvoorraad_35": 299, "NieuwbouwWoningen_36": 5, "NietWoningvoorraad_37": 32, "NieuwbouwNietWoningen_38": 1, "GemiddeldeWOZWaardeVanWoningen_39": 533, "PercentageEengezinswoning_40": 62, "PercentageTussenwoningEengezins_41": 1, "PercentageHoekwoningEengezins_42": 0, "PercentageTweeOnderEenKapWoningEe_43": 8, "PercentageVrijstaandeWoningEengezins_44": 53, "PercentageMeergezinswoning_45": 38, "Koopwoningen_47": 72, "HuurwoningenTotaal_48": 28, "InBezitWoningcorporatie_49": 0, "InBezitOverigeVerhuurders_50": 28, "BouwjaarMeerDanTienJaarGeleden_51": 92, "BouwjaarAfgelopenTienJaar_52": 8, "GemiddeldeElektriciteitslevering_53": 4040, "GemiddeldeElektriciteitsteruglevering_54": 2550, "GemiddeldAardgasverbruik_55": 1290, "AardgasvrijeWoningen_57": 8, "Aardgaswoningen_58": 70, "WoningenMetZonnestroom_59": 46, "WoningenHoofdzElektrVerwarmd_60": 16, "k_20PersonenMetHoogsteInkomen_80": 18.2, "k_20HuishoudensMetHoogsteInkomen_85": 35.2, "MediaanVermogenVanParticuliereHuish_86": 571.8, "PersonenautoSTotaal_104": 385, "PersonenautoSBrandstofBenzine_105": 280, "PersonenautoSOverigeBrandstof_106": 105, "PersonenautoSPerHuishouden_107": 1.3, "Omgevingsadressendichtheid_121": 134, "AantalInstallatiesBijWoningen_5": 114, "OpgesteldVermogenVanZonnepanelen_6": 727, "installaties_per_woning": 0.38127090301003347, "vermogen_per_woning": 2.4314381270903009, "installaties_per_100_woningen": 38.127090301003349, "vermogen_per_huishouden": 2.464406779661017, "batterijdruk_score": 1173.0, "koop_zon_score": 0.3312, "eengezins_zon_score": 0.2852, "betaalkracht_zon_score": 263.028, "overige_brandstof_zon_score": 48.3, "lichte_batterij_kansscore": 0.435445742318261 }, "geometry": { "type": "MultiPolygon", "coordinates": [ [ [ [ 6.792721308237745, 52.429080190642836 ], [ 6.792885106462876, 52.428942716050415 ], [ 6.794060991307419, 52.428007373705789 ], [ 6.795305477850075, 52.428237103457917 ], [ 6.796301138329631, 52.42842642845882 ], [ 6.797167505293037, 52.428589788056627 ], [ 6.79771978374171, 52.428694042497447 ], [ 6.797774877261336, 52.428704954787968 ], [ 6.798755141271172, 52.428890820249428 ], [ 6.799819986921069, 52.429090679993074 ], [ 6.800551408890509, 52.429227948285586 ], [ 6.801664083880313, 52.429437683638888 ], [ 6.802266516513344, 52.429551232585808 ], [ 6.802292332479531, 52.429556101628641 ], [ 6.803415912319731, 52.429755461272535 ], [ 6.803988176678018, 52.429856993837753 ], [ 6.804289771261368, 52.429905430304608 ], [ 6.805385978478149, 52.430125593030787 ], [ 6.80608344768144, 52.43030447393182 ], [ 6.806084134074051, 52.430331386758716 ], [ 6.807190273411008, 52.430513994139453 ], [ 6.807176498641336, 52.430441710629303 ], [ 6.807162507024782, 52.43042728975869 ], [ 6.807136657715063, 52.430376499075344 ], [ 6.807119228064319, 52.430350254375554 ], [ 6.807061061484944, 52.430287698407362 ], [ 6.805667178982051, 52.42883107600796 ], [ 6.80472417216544, 52.427843446123433 ], [ 6.804635248896054, 52.427750992240824 ], [ 6.803986975350583, 52.427068427984182 ], [ 6.803040353976348, 52.426080810223112 ], [ 6.802349426897875, 52.425345704939119 ], [ 6.802342203453054, 52.425338222790195 ], [ 6.802229688096491, 52.425221761644607 ], [ 6.80186819274896, 52.424836466280745 ], [ 6.80200060295408, 52.424781438017668 ], [ 6.803972415660412, 52.42489740720459 ], [ 6.803289189098089, 52.423630795889117 ], [ 6.803169447937863, 52.423408814100064 ], [ 6.803114664872931, 52.423307240892278 ], [ 6.80227527648529, 52.421750969964769 ], [ 6.802236949551295, 52.421676992702032 ], [ 6.802237051425364, 52.421675580263035 ], [ 6.805302568058597, 52.421985013225672 ], [ 6.808895775337589, 52.422348392804743 ], [ 6.80894070863426, 52.422278415819228 ], [ 6.808844377406876, 52.422217999723237 ], [ 6.808969091631654, 52.422073097130223 ], [ 6.809201279462588, 52.421912144589726 ], [ 6.80954296895546, 52.421742937256177 ], [ 6.811424168981395, 52.420805855911738 ], [ 6.81213545702649, 52.420449527335904 ], [ 6.811162477110955, 52.419878223723302 ], [ 6.811017615605485, 52.41977981343193 ], [ 6.811065713679469, 52.419639748623105 ], [ 6.811173384032798, 52.419065514727151 ], [ 6.811100483992212, 52.418807876430989 ], [ 6.813933855350681, 52.416810624906383 ], [ 6.812507865737963, 52.416382927767536 ], [ 6.812366115152219, 52.416227906798532 ], [ 6.811957950056816, 52.416114553948098 ], [ 6.811370779086863, 52.415934499203232 ], [ 6.810058876021808, 52.415541625280653 ], [ 6.810441705893349, 52.414365033119722 ], [ 6.810453263597193, 52.414334044985402 ], [ 6.810875139749164, 52.413045755415467 ], [ 6.811300150155652, 52.411747808183897 ], [ 6.811339219982424, 52.411628507581995 ], [ 6.811372446826638, 52.411532746754823 ], [ 6.811577472099883, 52.411556132199401 ], [ 6.812008906977503, 52.411604163811859 ], [ 6.812489786989686, 52.41166075820788 ], [ 6.812884655179396, 52.411701568401796 ], [ 6.812891430422242, 52.41170244861933 ], [ 6.81309008003962, 52.411728182364861 ], [ 6.813164085603391, 52.411736711351644 ], [ 6.813198708066949, 52.411668888066004 ], [ 6.813274819237528, 52.411526003752051 ], [ 6.813323704082572, 52.411428202088246 ], [ 6.813339642529957, 52.411413286617815 ], [ 6.813505072862022, 52.411100922823245 ], [ 6.81360036997253, 52.410938598282705 ], [ 6.813707942581957, 52.410737573177499 ], [ 6.813948847261689, 52.410287940592966 ], [ 6.813973104669502, 52.41023927104208 ], [ 6.814074394493593, 52.410046815587357 ], [ 6.814125987486641, 52.409948774159183 ], [ 6.814157161424371, 52.409894897645451 ], [ 6.814425486832086, 52.409413877461894 ], [ 6.814618699979998, 52.409067873770098 ], [ 6.814654483929314, 52.409004296635914 ], [ 6.81490344281592, 52.4085078233486 ], [ 6.815223582065455, 52.407883390470978 ], [ 6.815954864452383, 52.40839421556209 ], [ 6.816275881068051, 52.408594969796638 ], [ 6.816843769385836, 52.408904023074477 ], [ 6.817204480083372, 52.409054282310784 ], [ 6.819793320213281, 52.409875865754842 ], [ 6.819962524395025, 52.409894321756198 ], [ 6.821494639967286, 52.41005214977919 ], [ 6.821490381208915, 52.409876193077118 ], [ 6.821510756311381, 52.40979913758413 ], [ 6.821667427172708, 52.409546831665331 ], [ 6.821719192839898, 52.409465998097076 ], [ 6.821918837166391, 52.409154196109554 ], [ 6.822318590091375, 52.408526126955202 ], [ 6.822460745454027, 52.408298777713703 ], [ 6.822824491370961, 52.407649498199021 ], [ 6.823187504433941, 52.407123443879037 ], [ 6.823710792471718, 52.406354303001713 ], [ 6.821543024474122, 52.405731947527599 ], [ 6.821516685908276, 52.40572510257649 ], [ 6.821175999656261, 52.405622793583404 ], [ 6.820855202069378, 52.405526445026901 ], [ 6.82058652872086, 52.405445752177719 ], [ 6.820506756483781, 52.405422699999491 ], [ 6.819919022196749, 52.405252834261667 ], [ 6.819860216578991, 52.405232754895266 ], [ 6.819258805125885, 52.405055635707527 ], [ 6.818969281954144, 52.404970373449792 ], [ 6.818641951591412, 52.404874862006501 ], [ 6.818635466971847, 52.404872486481338 ], [ 6.818592498706955, 52.404858102639004 ], [ 6.818519611445058, 52.40482473672256 ], [ 6.818509604754764, 52.404812516162934 ], [ 6.818502274317867, 52.404793063274901 ], [ 6.818257021798204, 52.404720100017848 ], [ 6.817951833445727, 52.404629298819948 ], [ 6.817511682613671, 52.404498347714735 ], [ 6.81726260495208, 52.404423792681911 ], [ 6.816169604668998, 52.404095228884692 ], [ 6.816596329764435, 52.403062252350146 ], [ 6.816663084972331, 52.402888907664163 ], [ 6.816748107934937, 52.402692825581425 ], [ 6.816848361324919, 52.402451400112376 ], [ 6.816909136858158, 52.402296374587543 ], [ 6.816972569528974, 52.402131258540003 ], [ 6.817080561742928, 52.401853308022432 ], [ 6.817136289895464, 52.401704042166223 ], [ 6.817230057080103, 52.401472141790549 ], [ 6.817319041836001, 52.401241440660606 ], [ 6.817296598582801, 52.400640536001099 ], [ 6.817289273377774, 52.400374962321727 ], [ 6.817287413683775, 52.400198562809209 ], [ 6.817282655470687, 52.399783088843506 ], [ 6.817281470955511, 52.399552497029006 ], [ 6.817276878846552, 52.399455321296522 ], [ 6.817269566870566, 52.399248407916843 ], [ 6.817264729254392, 52.399037114088934 ], [ 6.817263301802612, 52.3990106505006 ], [ 6.817257099665357, 52.39889546279079 ], [ 6.817256540808767, 52.39888497968041 ], [ 6.817255619034911, 52.398866896478637 ], [ 6.817253340553608, 52.398821809508398 ], [ 6.817249492112859, 52.398745388771566 ], [ 6.817242453767883, 52.398558777625098 ], [ 6.817232328225388, 52.398345722928454 ], [ 6.817227752326916, 52.398260421105142 ], [ 6.817227959501059, 52.398196283925145 ], [ 6.817227921085169, 52.398193273160452 ], [ 6.817226739238483, 52.398080191076623 ], [ 6.817226882916921, 52.397952180654158 ], [ 6.817117697177761, 52.397689814724551 ], [ 6.81694561495523, 52.397279759215913 ], [ 6.81687197765983, 52.397113907324986 ], [ 6.816826088724357, 52.39700194040006 ], [ 6.816813380805356, 52.397000655663561 ], [ 6.816802853821721, 52.39699591987727 ], [ 6.81678443820694, 52.396988519807813 ], [ 6.816768271508368, 52.396968391483071 ], [ 6.816760048184555, 52.396957632382488 ], [ 6.816773951983572, 52.396826588370061 ], [ 6.816795314889791, 52.396648020670931 ], [ 6.816788066605616, 52.396570031964849 ], [ 6.816808297718654, 52.39648252491827 ], [ 6.816819146179221, 52.396433935585989 ], [ 6.816823255788769, 52.396415575883665 ], [ 6.816828409517034, 52.396396331663652 ], [ 6.816848192382324, 52.396320892915185 ], [ 6.817477495891835, 52.39640969575818 ], [ 6.817589515414441, 52.396303866106528 ], [ 6.818143402495015, 52.395133695664406 ], [ 6.818363435669984, 52.394792887969679 ], [ 6.818397110563303, 52.394740498903083 ], [ 6.818437626048153, 52.394691092285434 ], [ 6.818441828370555, 52.394686088676451 ], [ 6.818706586302974, 52.394370824886714 ], [ 6.819049420460588, 52.393947353311432 ], [ 6.819085700670115, 52.393901970708875 ], [ 6.81892814310017, 52.393907822463859 ], [ 6.818189043397131, 52.393860966047171 ], [ 6.818177963014323, 52.393878655022469 ], [ 6.817922126022247, 52.393923293367607 ], [ 6.817748154771302, 52.393955957617699 ], [ 6.81760526827264, 52.393948389884443 ], [ 6.817487137037752, 52.393881565663349 ], [ 6.817417688649202, 52.393840804806089 ], [ 6.817138297696347, 52.393680126336719 ], [ 6.81662282542191, 52.393391197250779 ], [ 6.816004789979878, 52.393046281561546 ], [ 6.815426006921447, 52.392726830652947 ], [ 6.815320806070249, 52.392678967370493 ], [ 6.815302310226534, 52.392694084866008 ], [ 6.815241818529563, 52.392780198758409 ], [ 6.815105435459627, 52.392971093065306 ], [ 6.814908678679103, 52.393241807354599 ], [ 6.814706659111971, 52.393519353271849 ], [ 6.81455968112961, 52.393730419549271 ], [ 6.814380741015317, 52.393973322586987 ], [ 6.814171214953524, 52.394271200644454 ], [ 6.813880299109408, 52.394677672442853 ], [ 6.813623423186081, 52.395036686212869 ], [ 6.813579512939938, 52.395090815170029 ], [ 6.813503863125892, 52.395191915175047 ], [ 6.813470228616894, 52.395235250644092 ], [ 6.81362591989489, 52.395282165635727 ], [ 6.813591271937947, 52.395333270634211 ], [ 6.813506521426374, 52.395309168245817 ], [ 6.813444826789592, 52.395290585761778 ], [ 6.8132315203221, 52.395226279242067 ], [ 6.812938913304544, 52.395138244359039 ], [ 6.812682681124668, 52.395061842635407 ], [ 6.812404069860303, 52.39497899520336 ], [ 6.812352715056146, 52.39496344272051 ], [ 6.812300114076889, 52.39494751870172 ], [ 6.812013412512884, 52.394860695855108 ], [ 6.811611945804472, 52.39474203091676 ], [ 6.811173656361671, 52.394614126703118 ], [ 6.810766906053048, 52.394493221369878 ], [ 6.810498886615103, 52.394414655602979 ], [ 6.810125557032245, 52.394302119269568 ], [ 6.809860917804837, 52.394224419306504 ], [ 6.809513186405395, 52.394121011599367 ], [ 6.809289523437719, 52.394055501145814 ], [ 6.808901584532219, 52.393940349990046 ], [ 6.808609086403348, 52.393852420072484 ], [ 6.808557469901966, 52.393847862327981 ], [ 6.80826366662391, 52.393814481893642 ], [ 6.80783324536673, 52.393764106694846 ], [ 6.807754312893567, 52.393695346288176 ], [ 6.807611624826732, 52.393675090017837 ], [ 6.807343081530577, 52.393642186236391 ], [ 6.806995066799708, 52.393598378899199 ], [ 6.806608976320201, 52.393549319253488 ], [ 6.806426154530116, 52.393527439416559 ], [ 6.806231324199666, 52.393499456080974 ], [ 6.806106183926888, 52.393494888720703 ], [ 6.806017778045973, 52.393481197837247 ], [ 6.805793086121267, 52.393451198662838 ], [ 6.805891260359425, 52.393832807264289 ], [ 6.805938660486623, 52.394049370977619 ], [ 6.805867051887359, 52.394131703022545 ], [ 6.805731599043981, 52.394130009390629 ], [ 6.805525122306104, 52.394095836370234 ], [ 6.805397432277469, 52.394076386494319 ], [ 6.805368152823331, 52.394071928293776 ], [ 6.805126446236392, 52.394031453059334 ], [ 6.804890380320194, 52.393992752472109 ], [ 6.804692541035651, 52.393960766693503 ], [ 6.804470752838514, 52.393925588676709 ], [ 6.804204377992852, 52.393884193429457 ], [ 6.804009147168163, 52.393851959563158 ], [ 6.803974027366205, 52.393845890028032 ], [ 6.803967695190568, 52.393851421970432 ], [ 6.803946397481183, 52.39388151943885 ], [ 6.803882183411553, 52.39395948312535 ], [ 6.803829932820987, 52.394038472142618 ], [ 6.803709502890153, 52.393981360692877 ], [ 6.803621464415206, 52.393951133354101 ], [ 6.803518493875277, 52.393922163251254 ], [ 6.803407694413823, 52.393893268743241 ], [ 6.803221118828423, 52.393848175032488 ], [ 6.80319072973634, 52.393751981637621 ], [ 6.803133758100881, 52.393728798027304 ], [ 6.803116082220512, 52.393752703732694 ], [ 6.803081930344671, 52.393789327796384 ], [ 6.803053489740729, 52.39381478246338 ], [ 6.803009510848713, 52.393849195959767 ], [ 6.80299724872894, 52.393867796469536 ], [ 6.802937461975716, 52.393880205833732 ], [ 6.802835557669009, 52.393879986312662 ], [ 6.802639786258609, 52.393871729592298 ], [ 6.802571784585557, 52.39386892020778 ], [ 6.802547933110435, 52.393855443643616 ], [ 6.802508270382012, 52.393866299828574 ], [ 6.802333149722778, 52.393895512393541 ], [ 6.802097391320024, 52.393932128098008 ], [ 6.801933397634511, 52.393958267760233 ], [ 6.80189993498019, 52.393963135061789 ], [ 6.801790541239037, 52.393899085327213 ], [ 6.801724773058194, 52.393864985984791 ], [ 6.801631987539824, 52.393813501638164 ], [ 6.801497355919476, 52.393744980175335 ], [ 6.801310023201876, 52.393645241079113 ], [ 6.801241266359035, 52.393609550215409 ], [ 6.801132328913729, 52.393513701317545 ], [ 6.80098229340791, 52.393382792761791 ], [ 6.80077534101434, 52.393201777407263 ], [ 6.800599833804308, 52.393111513930386 ], [ 6.800478423236561, 52.3930492424318 ], [ 6.800232787867409, 52.392960813394758 ], [ 6.799980396699628, 52.392871062242229 ], [ 6.799858724971516, 52.392828199887056 ], [ 6.799673504070213, 52.392693071409738 ], [ 6.799436578664676, 52.392521930456446 ], [ 6.799398552258887, 52.392494222442629 ], [ 6.799057253485966, 52.39228438895978 ], [ 6.798903167510935, 52.39219941355941 ], [ 6.798815594096834, 52.392159586180227 ], [ 6.798756722654532, 52.392127362515581 ], [ 6.798689790220609, 52.392088843959549 ], [ 6.798564644617565, 52.392011540980725 ], [ 6.798431058219601, 52.391929844140371 ], [ 6.798267867806798, 52.391826954080763 ], [ 6.798173635495997, 52.391770837148812 ], [ 6.798036083751446, 52.391688683767804 ], [ 6.797844208654136, 52.391565272185652 ], [ 6.797729099126594, 52.39149991160523 ], [ 6.797618339430869, 52.391433645158322 ], [ 6.797534079428377, 52.39138243360167 ], [ 6.797397168551865, 52.391301413423896 ], [ 6.797348651474389, 52.39127269716159 ], [ 6.79737818900212, 52.391265037455149 ], [ 6.797415368390645, 52.391250050781025 ], [ 6.797227862494601, 52.391182100509965 ], [ 6.797132704399407, 52.391148977952192 ], [ 6.79706409549724, 52.391125094122195 ], [ 6.797039254857758, 52.39111644620278 ], [ 6.796906375582012, 52.391070190766499 ], [ 6.796858952824419, 52.391053685934956 ], [ 6.796738352602983, 52.391011922265051 ], [ 6.796523097338724, 52.390937110341035 ], [ 6.796164735912494, 52.390814087118393 ], [ 6.795901758907831, 52.39072206240364 ], [ 6.795664358696706, 52.390641490031669 ], [ 6.795584750278772, 52.390614473328377 ], [ 6.795304907516571, 52.390518234509784 ], [ 6.795123282040929, 52.390456206472265 ], [ 6.795002020340662, 52.390414790494631 ], [ 6.795001999404779, 52.390359105630125 ], [ 6.795009898328829, 52.390303910839911 ], [ 6.794973154896342, 52.390235512218744 ], [ 6.794934387451629, 52.390180629724235 ], [ 6.794886636005899, 52.390146788783476 ], [ 6.794568103257669, 52.389960015551289 ], [ 6.794267726496371, 52.389785088519503 ], [ 6.79387229025889, 52.389553043536836 ], [ 6.793733030476099, 52.389486033553851 ], [ 6.793726406279093, 52.389482849360995 ], [ 6.79343185218204, 52.38938332033549 ], [ 6.793185485853433, 52.389299002413686 ], [ 6.792943157242783, 52.389217818040095 ], [ 6.792630595265345, 52.389111354873229 ], [ 6.79231834469657, 52.388996132184445 ], [ 6.792241476534246, 52.38896502682551 ], [ 6.792191801761417, 52.388940385127178 ], [ 6.792150202269246, 52.388913265551167 ], [ 6.792141715125155, 52.388905995539105 ], [ 6.792115125535611, 52.388919497580041 ], [ 6.792033165784001, 52.388940946624075 ], [ 6.7915932702383, 52.388916782486007 ], [ 6.791195348275974, 52.388721045638121 ], [ 6.791015314863092, 52.388705140564824 ], [ 6.790998651216696, 52.388666075481375 ], [ 6.790995920724886, 52.388620696874135 ], [ 6.790981951125828, 52.388511317071746 ], [ 6.79098549923223, 52.388373361129069 ], [ 6.790988654340993, 52.38833336886924 ], [ 6.790986405287711, 52.388320343926516 ], [ 6.79097499356806, 52.388310250104936 ], [ 6.790961741651623, 52.388303746625944 ], [ 6.790929766325007, 52.388297959568256 ], [ 6.790879433261654, 52.388293765474458 ], [ 6.790849306660722, 52.388290221628139 ], [ 6.790812198273901, 52.388282859462265 ], [ 6.790699723314852, 52.388257865196145 ], [ 6.790618483683655, 52.388237093722111 ], [ 6.790514043033364, 52.388199509708429 ], [ 6.790433510849657, 52.38816952527732 ], [ 6.790274256766745, 52.388106865146305 ], [ 6.790118682526392, 52.388044412873619 ], [ 6.789979635994238, 52.387981485879109 ], [ 6.78995904087523, 52.387973658085912 ], [ 6.789824091940348, 52.387926457545284 ], [ 6.78972884503584, 52.387892449276841 ], [ 6.789491608210117, 52.387795305551698 ], [ 6.789247741664284, 52.387689179262928 ], [ 6.789078529748604, 52.387613493995431 ], [ 6.788962307497549, 52.387564695420807 ], [ 6.788902361817021, 52.387538493107314 ], [ 6.78881667606333, 52.387508065252163 ], [ 6.788704167107888, 52.387469820150514 ], [ 6.78861667440227, 52.387446352834246 ], [ 6.788600128863903, 52.387443456609311 ], [ 6.788541363982088, 52.387440179331946 ], [ 6.78843891076502, 52.387443028180385 ], [ 6.788378666511788, 52.387442213265324 ], [ 6.788329476759198, 52.387448584277678 ], [ 6.788286191697665, 52.387462354996991 ], [ 6.788241437576763, 52.387482632939331 ], [ 6.788152379897681, 52.387535120449442 ], [ 6.788080141334469, 52.387568029171632 ], [ 6.787950322817887, 52.387622140493903 ], [ 6.787912948068798, 52.387644892763937 ], [ 6.787894295998992, 52.387667378524455 ], [ 6.787855538728503, 52.38771843461145 ], [ 6.787846436430598, 52.387740474776692 ], [ 6.787835902493883, 52.387774855405262 ], [ 6.78783015562562, 52.387811489486225 ], [ 6.787824719431148, 52.38783238964551 ], [ 6.787821491324664, 52.38785575354941 ], [ 6.787799154390207, 52.38787646717563 ], [ 6.787776775855027, 52.387885639784372 ], [ 6.787630322953002, 52.387880631062657 ], [ 6.787608236609642, 52.387856748691945 ], [ 6.787459743858038, 52.387693274942706 ], [ 6.787245103023283, 52.387461595075635 ], [ 6.787004473468366, 52.387194950472242 ], [ 6.786839958372779, 52.387011971175369 ], [ 6.786675926064083, 52.386834001647095 ], [ 6.786552207796312, 52.38669887189544 ], [ 6.786356268651359, 52.386797708975124 ], [ 6.785988077172505, 52.38698632024694 ], [ 6.78575296515782, 52.387106428083236 ], [ 6.785465697048237, 52.387005328220106 ], [ 6.785084554582088, 52.386870657917434 ], [ 6.784520498345353, 52.386668393502717 ], [ 6.783900529352078, 52.386448251503957 ], [ 6.783295213104905, 52.386233704221823 ], [ 6.78287499096936, 52.386082660971582 ], [ 6.782683800832507, 52.386015720159179 ], [ 6.782667357135142, 52.386009963502616 ], [ 6.782429941731363, 52.385925455014316 ], [ 6.782129814081995, 52.385820426857691 ], [ 6.781647315907529, 52.385651281883369 ], [ 6.781335857829683, 52.385540398746024 ], [ 6.781232722236149, 52.385503681151 ], [ 6.780801420395425, 52.385350684734505 ], [ 6.780439368918031, 52.385223774831431 ], [ 6.779964110539298, 52.385303264264998 ], [ 6.778480831351323, 52.385548410403793 ], [ 6.77737080087611, 52.385735339276053 ], [ 6.77664128412461, 52.385856524552153 ], [ 6.776097650561854, 52.385951254782398 ], [ 6.775502876454224, 52.386053000267417 ], [ 6.775457364938942, 52.386062369954892 ], [ 6.775390624420588, 52.386074047014766 ], [ 6.775197357883422, 52.386107881810801 ], [ 6.774846863591728, 52.386167694302245 ], [ 6.774708834253013, 52.386191253814744 ], [ 6.774495605782899, 52.386228018063065 ], [ 6.774096362905889, 52.386296642296152 ], [ 6.774084980211396, 52.386298600373081 ], [ 6.774047514887802, 52.386305034808878 ], [ 6.773865769745077, 52.38633624255116 ], [ 6.773748497985104, 52.386356070140977 ], [ 6.773450977583872, 52.386408004031367 ], [ 6.773267971961173, 52.3864379222507 ], [ 6.773053395671353, 52.386473000800699 ], [ 6.773009299534012, 52.386480213658615 ], [ 6.772965100866187, 52.38648743668908 ], [ 6.772708739194151, 52.386530823967746 ], [ 6.772457054485525, 52.386572987421509 ], [ 6.772389326309664, 52.386584135012853 ], [ 6.772083132196936, 52.386634557967888 ], [ 6.771709547651967, 52.386702739046562 ], [ 6.771343682431565, 52.386769759013973 ], [ 6.770936429227866, 52.386842798719435 ], [ 6.770597779527272, 52.38690497688961 ], [ 6.770595792967959, 52.386905341677526 ], [ 6.770594755912504, 52.386905533571827 ], [ 6.770426434037083, 52.386936291466924 ], [ 6.770424535026637, 52.386936637251495 ], [ 6.770356334414235, 52.386949155470944 ], [ 6.77019041164636, 52.386979597354888 ], [ 6.769909246960093, 52.387030063762374 ], [ 6.769444115537087, 52.38711137881544 ], [ 6.768970782538602, 52.387192616983853 ], [ 6.768609218727796, 52.387255083872688 ], [ 6.768034929724357, 52.387351977211033 ], [ 6.767459498057858, 52.387450939472636 ], [ 6.766568344631709, 52.387603861206017 ], [ 6.7662259441783, 52.387666268221807 ], [ 6.766113863977859, 52.387689326546081 ], [ 6.765987374227652, 52.387708687481961 ], [ 6.765878970936857, 52.387725275848929 ], [ 6.765502554680969, 52.387788023016562 ], [ 6.765463093479464, 52.387794603795044 ], [ 6.765381510808885, 52.38780820077676 ], [ 6.764763347639366, 52.387913364148517 ], [ 6.764203540861091, 52.388008793812034 ], [ 6.763750711247114, 52.388087147721819 ], [ 6.763309220409027, 52.388169718580841 ], [ 6.762962238474724, 52.388231531143717 ], [ 6.762862025555701, 52.38824937882071 ], [ 6.762503965266234, 52.388312613148273 ], [ 6.762267737777966, 52.388354044833854 ], [ 6.761783778298253, 52.388440698765855 ], [ 6.761658856946926, 52.38846291320079 ], [ 6.761530487408949, 52.388485742813018 ], [ 6.761302078834561, 52.388527333455343 ], [ 6.761170221801455, 52.388547623411611 ], [ 6.761105097488149, 52.388557646641601 ], [ 6.760925178750678, 52.388583896353246 ], [ 6.760709576144551, 52.388613040729382 ], [ 6.76054994565027, 52.388634074727349 ], [ 6.760531363423897, 52.388636519511117 ], [ 6.76037297237983, 52.388658680449048 ], [ 6.76006544524814, 52.388700152802258 ], [ 6.759313871591014, 52.388800003352969 ], [ 6.75916124629877, 52.388820046408647 ], [ 6.758939002387639, 52.388849237549955 ], [ 6.758619445370872, 52.388892769106256 ], [ 6.758593170269993, 52.388896345397406 ], [ 6.758399415003045, 52.388921825718406 ], [ 6.758172175982684, 52.388951522707778 ], [ 6.758022715785708, 52.388971806276381 ], [ 6.757961342975126, 52.388980139394725 ], [ 6.757840071792701, 52.388994604218134 ], [ 6.757528053078608, 52.389038728659223 ], [ 6.757271907957493, 52.389072956246721 ], [ 6.756865457459288, 52.389128212225586 ], [ 6.756698118024404, 52.389150444791369 ], [ 6.756633416732344, 52.38915852808924 ], [ 6.756409823467614, 52.389186471651911 ], [ 6.756091825809198, 52.389226895195904 ], [ 6.75600666643304, 52.38923759672911 ], [ 6.755761900953246, 52.389268363634322 ], [ 6.755701567825342, 52.389277088042824 ], [ 6.755436219489602, 52.389315480906028 ], [ 6.755154047734854, 52.389356692279726 ], [ 6.75502149640088, 52.389374169916074 ], [ 6.754902991700559, 52.389389795236028 ], [ 6.754835348043413, 52.389398720521449 ], [ 6.75442732966805, 52.389451918801598 ], [ 6.754223219262864, 52.38948001069641 ], [ 6.754117609171747, 52.389494551489072 ], [ 6.754020889801302, 52.389507740103774 ], [ 6.753727147029985, 52.389547796286394 ], [ 6.753415260431274, 52.389594550956012 ], [ 6.753413167478021, 52.389594808817449 ], [ 6.753275989622971, 52.389611421043142 ], [ 6.753259405871662, 52.389613428136727 ], [ 6.752815690981866, 52.389673558538625 ], [ 6.751892192705913, 52.389796782934347 ], [ 6.751886675550125, 52.389797484735084 ], [ 6.751880032792949, 52.389798370296816 ], [ 6.751816136836776, 52.389806900082434 ], [ 6.751586903821116, 52.38983748822816 ], [ 6.751078168651893, 52.389905570400082 ], [ 6.750637033808911, 52.389964746015785 ], [ 6.750427662211567, 52.389992460469848 ], [ 6.75025338458901, 52.390016210944701 ], [ 6.750217534626675, 52.390020920325242 ], [ 6.749801162182444, 52.390075609974708 ], [ 6.749327508524591, 52.39014139312566 ], [ 6.748699553079302, 52.390229425356353 ], [ 6.748337602922775, 52.39027287725817 ], [ 6.748282771073895, 52.390279512158536 ], [ 6.747708222242674, 52.390349064569001 ], [ 6.747018426620246, 52.390442014241756 ], [ 6.746878592537063, 52.390460797809482 ], [ 6.746750302606755, 52.390478028417995 ], [ 6.746745605809902, 52.390478657635157 ], [ 6.746672243034568, 52.390488515811207 ], [ 6.746577347977693, 52.390500967252379 ], [ 6.746277682306311, 52.390391456975635 ], [ 6.745953177542819, 52.390273431195382 ], [ 6.745613968069871, 52.390150135160511 ], [ 6.745357675009792, 52.390056367307878 ], [ 6.745342441026091, 52.390051139925639 ], [ 6.744932963849881, 52.389910563023875 ], [ 6.744573279554283, 52.389785818015078 ], [ 6.744464697184866, 52.389748052407484 ], [ 6.744251097108202, 52.389673765405426 ], [ 6.744077528568352, 52.389613266138468 ], [ 6.743745391525501, 52.38949749711864 ], [ 6.743550706603831, 52.389429122345604 ], [ 6.743415842666781, 52.389381751456185 ], [ 6.743338005016193, 52.389354329045609 ], [ 6.742062244681692, 52.390325139904689 ], [ 6.74110489060243, 52.389963443062534 ], [ 6.741043388195444, 52.390100387162732 ], [ 6.740914660753283, 52.390387050613093 ], [ 6.740574813121511, 52.390759973771523 ], [ 6.740228435920741, 52.390625778231176 ], [ 6.740062844463538, 52.39080434233211 ], [ 6.739808753366962, 52.390709764355002 ], [ 6.739614676044645, 52.390618428224855 ], [ 6.739528128437568, 52.390586743344905 ], [ 6.73921024788814, 52.390981361729494 ], [ 6.739050002820543, 52.391180276460489 ], [ 6.738950372951576, 52.391303956126393 ], [ 6.738924244090747, 52.391296047882712 ], [ 6.738377025572772, 52.391130504773393 ], [ 6.738299838263329, 52.391228957310972 ], [ 6.738237956272953, 52.391307055651502 ], [ 6.738196277318984, 52.39135966535202 ], [ 6.738127146582892, 52.391454942719321 ], [ 6.738078494668544, 52.391523173280554 ], [ 6.73805368964893, 52.391566395000083 ], [ 6.738044490029679, 52.39158993332159 ], [ 6.738034008705191, 52.391616731161051 ], [ 6.738023418915816, 52.391658765951895 ], [ 6.737900143700722, 52.391674922959517 ], [ 6.737044004330695, 52.391787114049905 ], [ 6.736393033674295, 52.391874507091259 ], [ 6.736238823258277, 52.391899131664154 ], [ 6.736236249978483, 52.391899062115165 ], [ 6.733398367792607, 52.392249296601427 ], [ 6.73335357966938, 52.392254435069297 ], [ 6.733295087269629, 52.392261149557839 ], [ 6.732974732285524, 52.39229789705221 ], [ 6.732204252947295, 52.392386274959719 ], [ 6.732167400314677, 52.392390504848741 ], [ 6.731984237624077, 52.392393214966063 ], [ 6.731987167205075, 52.392409379162615 ], [ 6.731956903929613, 52.392409003868693 ], [ 6.731956051239406, 52.39240898658943 ], [ 6.732005125684491, 52.392603140385411 ], [ 6.731862617802873, 52.392613639990785 ], [ 6.731866227032678, 52.392629445913357 ], [ 6.731868124838304, 52.392637756797768 ], [ 6.731866622145442, 52.392672478892436 ], [ 6.731868130712157, 52.392690717624177 ], [ 6.7318794851213, 52.392729347534797 ], [ 6.731912639923793, 52.392824016481036 ], [ 6.731961281074439, 52.392958382968793 ], [ 6.731991154774433, 52.393028685088275 ], [ 6.732010854851425, 52.3930527934575 ], [ 6.73204021203159, 52.393076064036094 ], [ 6.732073144292211, 52.393095617650062 ], [ 6.73219837111299, 52.393143551357255 ], [ 6.732287082210406, 52.393359753159459 ], [ 6.732344899414787, 52.393516576635037 ], [ 6.732432783279396, 52.3937393583968 ], [ 6.732512937162681, 52.393920934266554 ], [ 6.732571632680393, 52.394019537411509 ], [ 6.732595151743815, 52.394053741433332 ], [ 6.732644449538097, 52.394125431589075 ], [ 6.732706913851048, 52.394206841567076 ], [ 6.732772634632226, 52.394286614525399 ], [ 6.732812554076847, 52.394320901745836 ], [ 6.732845327306877, 52.394355494900736 ], [ 6.733213526548523, 52.394681559442247 ], [ 6.733588716935835, 52.39501266685501 ], [ 6.733620748232915, 52.395038765013396 ], [ 6.734235407239536, 52.39554537269963 ], [ 6.735191886663578, 52.396331118883765 ], [ 6.73529439116273, 52.396414183916534 ], [ 6.735392589465111, 52.396485136314247 ], [ 6.73545859903265, 52.396540329663743 ], [ 6.735601258194221, 52.396643512040505 ], [ 6.735697225700977, 52.396710175066531 ], [ 6.735860316472083, 52.396818859134868 ], [ 6.736092065611999, 52.396960108441952 ], [ 6.736230792846971, 52.397045061031385 ], [ 6.736484567058779, 52.39720114148642 ], [ 6.736610926896679, 52.397280904347987 ], [ 6.736667300927363, 52.397314427464337 ], [ 6.736737658893088, 52.397362739203423 ], [ 6.736822426980302, 52.397424872900935 ], [ 6.736919043307877, 52.397487635489398 ], [ 6.737037430267108, 52.39755693617424 ], [ 6.73722350718549, 52.397701229850099 ], [ 6.737444927294773, 52.397887052007405 ], [ 6.737510830864223, 52.397947773438133 ], [ 6.737557347562555, 52.397998684678306 ], [ 6.737673771020343, 52.398122073623981 ], [ 6.737905774250285, 52.398330515394001 ], [ 6.738076278756457, 52.39848196058395 ], [ 6.738110096080356, 52.398510077585293 ], [ 6.738193138925691, 52.398579106292942 ], [ 6.738252408034467, 52.398635669392867 ], [ 6.73829051262012, 52.398670406965664 ], [ 6.73837705291669, 52.398760617740521 ], [ 6.738435778617939, 52.398834516992238 ], [ 6.738468098751147, 52.39888434948579 ], [ 6.738488706246952, 52.398908617223782 ], [ 6.738506707554366, 52.398929822623984 ], [ 6.738527792871266, 52.39900732443698 ], [ 6.738530011035151, 52.399068475595492 ], [ 6.738530602147148, 52.39911771744017 ], [ 6.738530635490894, 52.399120737232323 ], [ 6.738511702767338, 52.399205805807817 ], [ 6.738353135300332, 52.399807650175624 ], [ 6.738319560646396, 52.399952291514531 ], [ 6.738316629858003, 52.400005555495959 ], [ 6.738332275745516, 52.400109474001688 ], [ 6.738366686823114, 52.400236980174924 ], [ 6.738399719531325, 52.40031158613791 ], [ 6.738418422351365, 52.40035384384975 ], [ 6.738477826947559, 52.400430656623008 ], [ 6.738522422641537, 52.400488321880282 ], [ 6.738630937925147, 52.400589661220558 ], [ 6.738720189346499, 52.400663104011464 ], [ 6.738916231375838, 52.400777466115919 ], [ 6.73906501011611, 52.400851730094139 ], [ 6.73983341101355, 52.401231306410622 ], [ 6.739896879490675, 52.401262544759284 ], [ 6.740236234419334, 52.401425864082988 ], [ 6.740658862173488, 52.401621092867828 ], [ 6.740742085115425, 52.401654334113417 ], [ 6.740782009424545, 52.40166912235037 ], [ 6.740809416780949, 52.401679703195782 ], [ 6.740947522830436, 52.401722869428148 ], [ 6.741072032994768, 52.401763062939267 ], [ 6.741613382413792, 52.401915610047212 ], [ 6.741975036005058, 52.402010499745167 ], [ 6.741986136126719, 52.402018345624064 ], [ 6.741988947533919, 52.40202377852787 ], [ 6.742796865610877, 52.402238598850552 ], [ 6.742831882068117, 52.402249523563718 ], [ 6.743131155817851, 52.402335245520391 ], [ 6.743299177791215, 52.402390111159029 ], [ 6.743396733385658, 52.40243057503244 ], [ 6.743398356735463, 52.402429837348315 ], [ 6.743553522217796, 52.402383979699302 ], [ 6.743651785268684, 52.401858260548025 ], [ 6.744637197503062, 52.401957787119549 ], [ 6.744718858371291, 52.401920761530697 ], [ 6.74489690122247, 52.401939124097119 ], [ 6.746752722299213, 52.402160403574776 ], [ 6.746638407940084, 52.402588118218034 ], [ 6.746602973850359, 52.40273217214822 ], [ 6.746680016260111, 52.40261123557449 ], [ 6.746840956531158, 52.402488364727873 ], [ 6.746883156848548, 52.402469489385425 ], [ 6.74892811689666, 52.402437852141766 ], [ 6.748894851384692, 52.402570457345057 ], [ 6.748808100413945, 52.402925139261463 ], [ 6.748670255891732, 52.403480827844696 ], [ 6.748668914707836, 52.403482137628252 ], [ 6.748670299808414, 52.40348225652999 ], [ 6.748664232689786, 52.403517714485709 ], [ 6.748623060822106, 52.403704405112123 ], [ 6.748559456807772, 52.403976035405961 ], [ 6.74945795962812, 52.404226235969823 ], [ 6.749837544027344, 52.404331924622404 ], [ 6.752094973557883, 52.404960474015851 ], [ 6.75197522511806, 52.405456498169087 ], [ 6.751973505328498, 52.405457443820488 ], [ 6.751975269143864, 52.405457926852158 ], [ 6.751946918976498, 52.405575258495666 ], [ 6.751872010460989, 52.405867694731143 ], [ 6.751784372546402, 52.406216869940586 ], [ 6.75170837242872, 52.40651067587865 ], [ 6.751687189975591, 52.406596419717445 ], [ 6.751642496156121, 52.406777237433126 ], [ 6.751549294304579, 52.407147249182714 ], [ 6.751922613991109, 52.407247071030405 ], [ 6.753410875792351, 52.407654692161138 ], [ 6.753961099263576, 52.407795279106161 ], [ 6.753974730009232, 52.407798807098295 ], [ 6.754219357490194, 52.407862112334435 ], [ 6.754419296295308, 52.407920863513908 ], [ 6.754419273074054, 52.407923919912612 ], [ 6.754419239926865, 52.407929511216544 ], [ 6.754418473387862, 52.408032268973528 ], [ 6.754217091537223, 52.408095339222839 ], [ 6.754050499159963, 52.408136992138303 ], [ 6.753985704354766, 52.408154387017717 ], [ 6.75264850283241, 52.408513449848805 ], [ 6.752377623556088, 52.408591268668893 ], [ 6.752302481570387, 52.408617770527414 ], [ 6.752203504682136, 52.408669238833852 ], [ 6.752194307207776, 52.408672688627114 ], [ 6.753219937320464, 52.408802017950855 ], [ 6.753535853446031, 52.408840987950768 ], [ 6.754008722214075, 52.40890016757912 ], [ 6.75418579754025, 52.408922329763179 ], [ 6.754730988918423, 52.408990756780547 ], [ 6.755333896247483, 52.409069956950766 ], [ 6.755934238472299, 52.409151691543741 ], [ 6.756867542588491, 52.409279117365422 ], [ 6.757230452256151, 52.40932890456466 ], [ 6.757450568052068, 52.409371039968306 ], [ 6.757654614150675, 52.409379294080274 ], [ 6.757840565680415, 52.409406031166156 ], [ 6.757944917246872, 52.409421038668242 ], [ 6.758358113778645, 52.409481799646038 ], [ 6.758755194820435, 52.409539950399406 ], [ 6.759157875766452, 52.409598061911034 ], [ 6.759517121248476, 52.409650383434503 ], [ 6.759827297764017, 52.409695371704188 ], [ 6.759946808741263, 52.409710983729695 ], [ 6.759873917538149, 52.409791521903834 ], [ 6.760099539010044, 52.409976948172982 ], [ 6.760282427488051, 52.410122348840694 ], [ 6.760413246603661, 52.410243778197049 ], [ 6.760475319349945, 52.410346184808688 ], [ 6.760497056015761, 52.410398713917601 ], [ 6.760530111334314, 52.410474014763977 ], [ 6.760556518705457, 52.410559603783248 ], [ 6.760589714514612, 52.410664071069043 ], [ 6.760615174006461, 52.410700134759146 ], [ 6.760660993203368, 52.410760905723421 ], [ 6.760728712159618, 52.410877547612024 ], [ 6.76076688779839, 52.410918398520813 ], [ 6.760909160611763, 52.411099990167315 ], [ 6.760937306668392, 52.411138773140806 ], [ 6.760958933886083, 52.41116973972467 ], [ 6.761028696944345, 52.411216722858271 ], [ 6.761068233637409, 52.411232254903766 ], [ 6.76111700511684, 52.411241279885985 ], [ 6.761203401071008, 52.411280474540227 ], [ 6.761238085017831, 52.411295460601124 ], [ 6.761251817404071, 52.411307894313808 ], [ 6.761270873084649, 52.411373928339408 ], [ 6.761280733869831, 52.411430226518156 ], [ 6.761302055812555, 52.411480710885961 ], [ 6.76132802903022, 52.411556030773419 ], [ 6.761345262134926, 52.411591272933066 ], [ 6.761376868134781, 52.411618375384023 ], [ 6.761378568503384, 52.411618697218913 ], [ 6.761397930007908, 52.411690786005899 ], [ 6.761438176653692, 52.411768960399648 ], [ 6.761666780471708, 52.41216641772742 ], [ 6.761634987029572, 52.412262102121836 ], [ 6.761651712753661, 52.412291399656638 ], [ 6.761570870663466, 52.412324661067842 ], [ 6.761198553375293, 52.412491837644794 ], [ 6.761144532073866, 52.412486576912535 ], [ 6.761123292830086, 52.412570938870175 ], [ 6.761106147274035, 52.412647010758839 ], [ 6.761104613283539, 52.412746325858549 ], [ 6.761106312226127, 52.412826188024283 ], [ 6.76118786355085, 52.413021804965616 ], [ 6.761365666971969, 52.41330549001573 ], [ 6.761405598881497, 52.413381528766749 ], [ 6.761538640695997, 52.413602569967338 ], [ 6.761595673748817, 52.413715703963511 ], [ 6.761687192652488, 52.41385819897409 ], [ 6.761637591871405, 52.413884590007711 ], [ 6.761645572786979, 52.413895921910864 ], [ 6.761799868598675, 52.414114918399882 ], [ 6.761937154000728, 52.414270337911297 ], [ 6.762033570985675, 52.414397234469462 ], [ 6.762062276867204, 52.414462940579774 ], [ 6.762109289115099, 52.414720997332857 ], [ 6.762110815618534, 52.414740332106732 ], [ 6.762119650635233, 52.414852533335647 ], [ 6.762074803263538, 52.414992737174501 ], [ 6.76196184239444, 52.415114235445898 ], [ 6.761877476914982, 52.415195150621656 ], [ 6.761913969480191, 52.415214780596642 ], [ 6.762108565093259, 52.415228817765879 ], [ 6.762463070886259, 52.415826435316824 ], [ 6.762670793526414, 52.415786423378215 ], [ 6.762670679613086, 52.415834334037015 ], [ 6.762817775367491, 52.41580181242184 ], [ 6.763197294857481, 52.415767767685892 ], [ 6.763410328430953, 52.416000326547177 ], [ 6.763498613905047, 52.416090481070064 ], [ 6.763512998940063, 52.416117693218908 ], [ 6.763522600262023, 52.416178758171526 ], [ 6.76351792025747, 52.416345048081347 ], [ 6.763534503134331, 52.416490246256672 ], [ 6.763570649470013, 52.416806522133648 ], [ 6.76357157993351, 52.416814699950216 ], [ 6.763599183367016, 52.416983841536059 ], [ 6.763537141146466, 52.417396034552119 ], [ 6.763509013642046, 52.417673471510021 ], [ 6.763413734787931, 52.418004460991341 ], [ 6.763407953476821, 52.418025148059847 ], [ 6.763421325895047, 52.418027806095232 ], [ 6.764019828970987, 52.418146671980246 ], [ 6.764320199264438, 52.418233524045526 ], [ 6.764479054897202, 52.418340627687968 ], [ 6.764949426638428, 52.418542083307294 ], [ 6.765266286639048, 52.418685297542709 ], [ 6.765746996955091, 52.4187983435299 ], [ 6.766054316546953, 52.418874413899523 ], [ 6.766076750690305, 52.418856472080869 ], [ 6.766409525416904, 52.418953970641681 ], [ 6.76629844224892, 52.41908188694741 ], [ 6.766212754983461, 52.419312445072975 ], [ 6.766140630744097, 52.419449839971918 ], [ 6.766050058174771, 52.419509437407818 ], [ 6.766011044276438, 52.419551580845912 ], [ 6.766044794214613, 52.419681226221627 ], [ 6.766047002430799, 52.419682737564941 ], [ 6.766220186121198, 52.419689287221445 ], [ 6.766283048697747, 52.419710469455595 ], [ 6.766347197623833, 52.419717254889207 ], [ 6.766479267415082, 52.41971363144053 ], [ 6.766634295344654, 52.419705102305713 ], [ 6.766931226238176, 52.419666938255794 ], [ 6.767017760096282, 52.419656087531337 ], [ 6.767203052705809, 52.419638414158058 ], [ 6.767204606592689, 52.419638270210363 ], [ 6.767466484876375, 52.419935267409961 ], [ 6.767708768573934, 52.420042724737755 ], [ 6.767784737277254, 52.420073515045623 ], [ 6.768196033802502, 52.42015785077156 ], [ 6.76856314939801, 52.420230296123862 ], [ 6.768743058774625, 52.420263837385754 ], [ 6.769059986005329, 52.420314682762069 ], [ 6.76909192003714, 52.420319442645031 ], [ 6.769148594449483, 52.420327877807708 ], [ 6.769184030346281, 52.420354861615991 ], [ 6.76924232984741, 52.420382854986528 ], [ 6.769364792481024, 52.420437344018801 ], [ 6.769472828772907, 52.420477107162704 ], [ 6.769533857702524, 52.420501158484491 ], [ 6.769617690789852, 52.420519604344868 ], [ 6.769708921311273, 52.420537181781008 ], [ 6.769802889193572, 52.420534134258602 ], [ 6.769878616259355, 52.42052651768055 ], [ 6.770118814600786, 52.420485978850188 ], [ 6.77019302147821, 52.420517237634705 ], [ 6.77034028576508, 52.420528838957431 ], [ 6.770491807020036, 52.420519995190396 ], [ 6.770572748649578, 52.42050141406007 ], [ 6.77058282062979, 52.42053438352881 ], [ 6.770677777167749, 52.420613308991307 ], [ 6.770722134952526, 52.420667468592441 ], [ 6.770789973532888, 52.420771069929614 ], [ 6.770799440639134, 52.420795498266536 ], [ 6.770814903610372, 52.42088146457148 ], [ 6.770813123952706, 52.420994804924533 ], [ 6.770788277612277, 52.421047966275815 ], [ 6.77075293528386, 52.421100701933995 ], [ 6.770715150976479, 52.421133637208122 ], [ 6.770624644574378, 52.42118444649892 ], [ 6.770621811180794, 52.421184578471497 ], [ 6.770509364873305, 52.421229612591553 ], [ 6.77020364556221, 52.421260130988813 ], [ 6.769926690289584, 52.421213208380337 ], [ 6.769837308561931, 52.421183322074384 ], [ 6.769758011301872, 52.421182108526224 ], [ 6.769620977864598, 52.421200642736324 ], [ 6.769529693698852, 52.42119928132 ], [ 6.769336123480304, 52.421234079330354 ], [ 6.769192972128501, 52.421229961211836 ], [ 6.769144571679354, 52.421247829089332 ], [ 6.769011273245895, 52.421565010797082 ], [ 6.769027492420991, 52.421686608342746 ], [ 6.769070458997329, 52.421732497269211 ], [ 6.769198445624529, 52.42183242241682 ], [ 6.769268640578051, 52.422108560572049 ], [ 6.769316862068172, 52.422233263205619 ], [ 6.769311078162127, 52.422330551589027 ], [ 6.769314337139527, 52.422355349105949 ], [ 6.769460426275863, 52.422471323127269 ], [ 6.769335409590413, 52.422515567979538 ], [ 6.76926008242506, 52.422542226390838 ], [ 6.769096660604737, 52.422531791966648 ], [ 6.768845278611751, 52.42257476016372 ], [ 6.768440511326609, 52.422494997507208 ], [ 6.76771539063783, 52.422635845403363 ], [ 6.76758986054811, 52.422845215209342 ], [ 6.767538089736721, 52.422946032655801 ], [ 6.767424916438842, 52.422995341833079 ], [ 6.767194098238187, 52.422983092481765 ], [ 6.767264856546089, 52.423167289581976 ], [ 6.767421463860339, 52.423377838542308 ], [ 6.767661414613572, 52.423616853593721 ], [ 6.768312941284433, 52.424286280002896 ], [ 6.76903697100498, 52.425003125855682 ], [ 6.769233623751183, 52.425176711474627 ], [ 6.76959929809837, 52.42514559493155 ], [ 6.76972686554027, 52.425147009226833 ], [ 6.769697993655853, 52.425962532443485 ], [ 6.7732360574226, 52.426259827281719 ], [ 6.773668819793961, 52.426302491676665 ], [ 6.773151413565224, 52.42676857570904 ], [ 6.773151251676837, 52.426769979827426 ], [ 6.773151458301908, 52.426770004375413 ], [ 6.77332211431482, 52.426822154720995 ], [ 6.773382371474755, 52.426793045487592 ], [ 6.773451453366561, 52.426764012709384 ], [ 6.773529032227825, 52.4267339815732 ], [ 6.773621949464085, 52.426696040631242 ], [ 6.773714786490577, 52.426664931902224 ], [ 6.773790422484887, 52.426639543484278 ], [ 6.773876008629833, 52.426610730712547 ], [ 6.773967250384761, 52.426585033629543 ], [ 6.774035205189138, 52.426566979813302 ], [ 6.774101418634508, 52.426549665437747 ], [ 6.77416522517793, 52.4265343746832 ], [ 6.774227085273308, 52.426518908938604 ], [ 6.774256005094649, 52.426510372643008 ], [ 6.774287621892778, 52.426503440683661 ], [ 6.774296344041678, 52.426501181267717 ], [ 6.774301856274856, 52.426498779671334 ], [ 6.774322740582119, 52.426489546467565 ], [ 6.77433914099721, 52.426487376896006 ], [ 6.77436568395364, 52.426480414452627 ], [ 6.774414405339686, 52.42646797884553 ], [ 6.774465088739355, 52.426452464107385 ], [ 6.774515246122488, 52.426438933004562 ], [ 6.774561903994638, 52.426426341733929 ], [ 6.774617036280945, 52.426412033223855 ], [ 6.774654399714465, 52.426403146238989 ], [ 6.774730523149972, 52.426383018831729 ], [ 6.774795395774199, 52.426369854535544 ], [ 6.774856429848363, 52.426356195859157 ], [ 6.774920629940149, 52.426340342787384 ], [ 6.774991031522305, 52.426325315878159 ], [ 6.775050719593481, 52.426315627864504 ], [ 6.775109842239679, 52.426306665535876 ], [ 6.775129459306802, 52.426303918843232 ], [ 6.775179332689481, 52.426300098492923 ], [ 6.775212822670389, 52.42629898693518 ], [ 6.7752353779286, 52.426299909103179 ], [ 6.775235898989228, 52.426316055546266 ], [ 6.777021338094328, 52.426483861070757 ], [ 6.777084748671598, 52.426694331617021 ], [ 6.777133377087344, 52.426866711035103 ], [ 6.777296869201939, 52.427358213700217 ], [ 6.777438555199223, 52.427783141679555 ], [ 6.777462072733461, 52.427865228367288 ], [ 6.777551492316278, 52.42818171973385 ], [ 6.777564890245031, 52.428288509061716 ], [ 6.777549705066171, 52.42849133574358 ], [ 6.777519485554584, 52.428798355188171 ], [ 6.777513586324299, 52.428915294454526 ], [ 6.777479231071895, 52.429213787261077 ], [ 6.77864111807736, 52.429323629332764 ], [ 6.779425848415229, 52.429397606792151 ], [ 6.77969800574707, 52.429428878875648 ], [ 6.77992206095406, 52.429450720597849 ], [ 6.78024799912321, 52.429484460115077 ], [ 6.780435259390051, 52.429503848263764 ], [ 6.780447336928347, 52.429582473497341 ], [ 6.781002846396841, 52.429640817785817 ], [ 6.781005486626226, 52.429639672127919 ], [ 6.781002248156638, 52.429561122703944 ], [ 6.781158029155731, 52.429518526058224 ], [ 6.784582115778819, 52.429594618160912 ], [ 6.784654121637948, 52.429461285232925 ], [ 6.790495885433733, 52.430749529898726 ], [ 6.790654060739637, 52.430761714067017 ], [ 6.791115405531684, 52.430383209370376 ], [ 6.792721308237745, 52.429080190642836 ] ], [ [ 6.790992698848259, 52.414766933019948 ], [ 6.790854163294141, 52.414733950870378 ], [ 6.790733146536069, 52.414693426169698 ], [ 6.790601367560031, 52.414651446887888 ], [ 6.790451546474727, 52.414603730764412 ], [ 6.790271167345109, 52.41454683056071 ], [ 6.790036255326504, 52.414470558363561 ], [ 6.789773338739632, 52.414385871432465 ], [ 6.789682589138343, 52.414361526318622 ], [ 6.789531321989407, 52.414308468926194 ], [ 6.789406929833455, 52.414248549363549 ], [ 6.789295225386115, 52.414185423299891 ], [ 6.789133024399855, 52.414048855332013 ], [ 6.789070391396206, 52.413991844650084 ], [ 6.788767600279132, 52.413801318618034 ], [ 6.788709597239696, 52.413759267615958 ], [ 6.788660213536396, 52.41372346416933 ], [ 6.788605059589971, 52.413685967212665 ], [ 6.788489992454712, 52.41362147796773 ], [ 6.788384649898525, 52.413568846446914 ], [ 6.788183309695005, 52.413471328662034 ], [ 6.788118456314527, 52.413439225280229 ], [ 6.787786990050865, 52.413275147197012 ], [ 6.78760674018859, 52.41331361119488 ], [ 6.787379660794168, 52.413362884717337 ], [ 6.787330227000837, 52.413373608440281 ], [ 6.787185780307932, 52.413393338544452 ], [ 6.787094860529386, 52.413407204291744 ], [ 6.786964837379593, 52.413427042258597 ], [ 6.786915535772367, 52.413434466303883 ], [ 6.786181378568081, 52.413544168306522 ], [ 6.786107210100749, 52.413554317224161 ], [ 6.78608406331686, 52.413558204108888 ], [ 6.785990367371484, 52.413562385054995 ], [ 6.785861221517488, 52.413570004836842 ], [ 6.785807482377084, 52.41357940350597 ], [ 6.785764216892922, 52.413599743492078 ], [ 6.785792288420529, 52.414437675514073 ], [ 6.78574264231361, 52.41444921993336 ], [ 6.78567331551131, 52.414444510656402 ], [ 6.785581287196041, 52.414438253712234 ], [ 6.785112353228903, 52.414433902860928 ], [ 6.784922770977762, 52.414432140766415 ], [ 6.784718896248731, 52.414434439132727 ], [ 6.783519457547297, 52.414503571995802 ], [ 6.782372933057629, 52.414551311769394 ], [ 6.782345455137265, 52.414552456169503 ], [ 6.782342006040815, 52.414550994801225 ], [ 6.782271858111638, 52.414553574916944 ], [ 6.782220125652705, 52.414556366807737 ], [ 6.782093130790238, 52.414563221838023 ], [ 6.782088605371449, 52.414516257298885 ], [ 6.782081312589536, 52.414440569756849 ], [ 6.782072840676975, 52.41435264996155 ], [ 6.78236957683304, 52.414314970395296 ], [ 6.782387836008397, 52.414136824860996 ], [ 6.782391080835774, 52.41410423421911 ], [ 6.782419595230606, 52.41381788735918 ], [ 6.78242476306916, 52.413765994290259 ], [ 6.782434979420821, 52.413663367294525 ], [ 6.78185677783897, 52.413619384549193 ], [ 6.781151816940702, 52.413565755183789 ], [ 6.780952758089299, 52.413550611745869 ], [ 6.780731719244789, 52.413533794978392 ], [ 6.780708408585176, 52.413532021683835 ], [ 6.780709921701957, 52.413524985537677 ], [ 6.7808519584356, 52.412797780428477 ], [ 6.78079575398508, 52.412691814890621 ], [ 6.780764010673659, 52.412627921388044 ], [ 6.780759274496001, 52.412604613815716 ], [ 6.780756615678743, 52.412569640589524 ], [ 6.780765390452493, 52.412423429440594 ], [ 6.780526637306223, 52.412397969677123 ], [ 6.78034253034838, 52.412381664164357 ], [ 6.780008343776609, 52.412350395849252 ], [ 6.779450380029213, 52.412304283932848 ], [ 6.779075933530384, 52.412270911098062 ], [ 6.778816345600164, 52.412247773671503 ], [ 6.778177979238623, 52.412190879459558 ], [ 6.777898136876289, 52.412164234178036 ], [ 6.777418080956014, 52.412108209061458 ], [ 6.777125678320538, 52.412039157158823 ], [ 6.777162508245831, 52.411953737165035 ], [ 6.777164878705649, 52.41195226935826 ], [ 6.77716331566092, 52.411951831082298 ], [ 6.77726663541791, 52.411733155834185 ], [ 6.777413363774389, 52.411486034121367 ], [ 6.77756109649976, 52.411266738261254 ], [ 6.777621997787017, 52.411159660441818 ], [ 6.77768378938392, 52.411078135857828 ], [ 6.77780269541813, 52.410929055945502 ], [ 6.777907180168809, 52.410845465818596 ], [ 6.777910240941806, 52.410775372310134 ], [ 6.778054541108335, 52.410663193411999 ], [ 6.778048125634628, 52.41065941892807 ], [ 6.778080496977852, 52.410632196772958 ], [ 6.778142170212076, 52.410583312917524 ], [ 6.778442894939245, 52.410338220679222 ], [ 6.778457256566435, 52.410326419719929 ], [ 6.778589761483625, 52.410191980793236 ], [ 6.778502952780799, 52.41016581013988 ], [ 6.77836841851498, 52.410120002644 ], [ 6.77811899488336, 52.410035626009829 ], [ 6.777859746685353, 52.409947283392995 ], [ 6.777502287741273, 52.409827203916947 ], [ 6.777388495188785, 52.409787488780779 ], [ 6.777270143071203, 52.40974532821842 ], [ 6.777006244544175, 52.409652481101425 ], [ 6.776799286427225, 52.409575495317547 ], [ 6.77663743975018, 52.40950793027293 ], [ 6.776530134359181, 52.409451464248498 ], [ 6.776425589134168, 52.409388799528841 ], [ 6.77635537776096, 52.409335925052801 ], [ 6.776217225716925, 52.409221016869743 ], [ 6.776046478806345, 52.409082365306539 ], [ 6.775956634141576, 52.409002386390121 ], [ 6.775803976190844, 52.408879009772775 ], [ 6.775705632915563, 52.408802653887754 ], [ 6.775681774547403, 52.408790825946639 ], [ 6.77548393823791, 52.408680167307054 ], [ 6.775533978150404, 52.408674322230937 ], [ 6.775560230350809, 52.408666401028384 ], [ 6.775605150635362, 52.408634153356935 ], [ 6.775645026461715, 52.408608373729287 ], [ 6.775678462439455, 52.408578777517093 ], [ 6.775757520904714, 52.408503712007835 ], [ 6.775866636139565, 52.408398640371615 ], [ 6.775955692592563, 52.408312455352394 ], [ 6.776000727056229, 52.408268871490975 ], [ 6.776126017057886, 52.408146208746679 ], [ 6.776174998628102, 52.408098254072229 ], [ 6.776306350770355, 52.407964166441062 ], [ 6.776323659101042, 52.407947586051797 ], [ 6.776610264462289, 52.407673017531593 ], [ 6.775921412568526, 52.40751083748841 ], [ 6.775894339884766, 52.407502131299402 ], [ 6.776212591163671, 52.407012173095772 ], [ 6.7763463230574, 52.407045614107972 ], [ 6.776558160821046, 52.406796470815742 ], [ 6.77568610932343, 52.4065997185808 ], [ 6.775640425119834, 52.406590187006401 ], [ 6.774584204183742, 52.40635382493457 ], [ 6.77449502931603, 52.406336769356649 ], [ 6.774630996493705, 52.406066498063673 ], [ 6.774776643892555, 52.405797897389569 ], [ 6.774550060991838, 52.405750897424873 ], [ 6.7744575443868, 52.405731703031599 ], [ 6.774433150386752, 52.405726640593166 ], [ 6.774282920696495, 52.405693434775181 ], [ 6.774100942384393, 52.40565355355681 ], [ 6.774166480497898, 52.40551524143401 ], [ 6.774184509768594, 52.405446599593027 ], [ 6.774207266870055, 52.405373120398288 ], [ 6.774247270626661, 52.405242621855308 ], [ 6.774273034417362, 52.405158159235491 ], [ 6.774305390149628, 52.405045323087009 ], [ 6.774351369765925, 52.404901990591242 ], [ 6.774395361991943, 52.404754807244046 ], [ 6.774445481882864, 52.404588837690874 ], [ 6.774491463950913, 52.404433882755093 ], [ 6.774417132390569, 52.404419931385782 ], [ 6.774319655516396, 52.404405567997486 ], [ 6.774196181919566, 52.404395616891392 ], [ 6.774259583828807, 52.404282875457 ], [ 6.774285092432459, 52.404237678265019 ], [ 6.774314807233336, 52.404185070076565 ], [ 6.774323286710105, 52.404170040570691 ], [ 6.774355452257751, 52.404113098090384 ], [ 6.774364043326209, 52.404097878511941 ], [ 6.774439154244332, 52.403964904735112 ], [ 6.774620872586584, 52.403721166549673 ], [ 6.77463740040117, 52.403694949798862 ], [ 6.774706127717306, 52.403624338459366 ], [ 6.774799790615203, 52.403539061968381 ], [ 6.774887592875285, 52.403469377507669 ], [ 6.77498924942158, 52.403389714967439 ], [ 6.775005209608762, 52.403379397666917 ], [ 6.775109281635427, 52.403312111058824 ], [ 6.775227576051136, 52.403239093637502 ], [ 6.775341204033799, 52.403183191287148 ], [ 6.775426258085003, 52.403142625943488 ], [ 6.775502358894505, 52.403109931727272 ], [ 6.775572166145683, 52.403081814582904 ], [ 6.775658554887483, 52.403051022071317 ], [ 6.775752971529249, 52.403022229702813 ], [ 6.775871474313477, 52.402987321109798 ], [ 6.776133537266156, 52.402922692695277 ], [ 6.776457629008423, 52.402867349234889 ], [ 6.776664443901813, 52.402838666390323 ], [ 6.77669378259349, 52.402842582701595 ], [ 6.777103882161852, 52.402798722284288 ], [ 6.777110898408237, 52.402797983744243 ], [ 6.777640677597204, 52.402741813159295 ], [ 6.777870738654457, 52.402670015199156 ], [ 6.779005870483595, 52.402544048459028 ], [ 6.780052239597757, 52.402427654299004 ], [ 6.780246578109359, 52.402401457980062 ], [ 6.780427793719072, 52.402369213582645 ], [ 6.78059024180644, 52.402329010090362 ], [ 6.780773880333221, 52.402275703147367 ], [ 6.780949353720784, 52.402215121323962 ], [ 6.781099474385101, 52.402156815233994 ], [ 6.781249142476134, 52.402093480620962 ], [ 6.781272265969165, 52.402099770079957 ], [ 6.781476510111696, 52.402005500702614 ], [ 6.781817204455074, 52.401792231622963 ], [ 6.782166988010156, 52.401447709635363 ], [ 6.782224596852379, 52.401350670424684 ], [ 6.782306749772849, 52.401212285278639 ], [ 6.782384903035713, 52.40119747321107 ], [ 6.782404467996978, 52.401193764928259 ], [ 6.782410428192345, 52.401192634924527 ], [ 6.7824131084391, 52.401075806252749 ], [ 6.782481170653021, 52.400742009551934 ], [ 6.782513768967158, 52.400442634926421 ], [ 6.782524944636436, 52.400212410987805 ], [ 6.78254264590421, 52.399868394328081 ], [ 6.78254409780333, 52.399740340649039 ], [ 6.782555859475089, 52.399440700965044 ], [ 6.78256546376485, 52.399347204353752 ], [ 6.782568344002748, 52.399319215606326 ], [ 6.782581508018279, 52.399245892580382 ], [ 6.782631908264718, 52.399073192233345 ], [ 6.782678758007285, 52.398986977867033 ], [ 6.782998134888378, 52.398905534437752 ], [ 6.783342563456745, 52.398806784519735 ], [ 6.783991420048948, 52.398620750343788 ], [ 6.784103788706603, 52.398594597761956 ], [ 6.784293981611282, 52.3985815310634 ], [ 6.784450751127336, 52.398572418057903 ], [ 6.784623336458415, 52.398566704644175 ], [ 6.784875826931496, 52.39857239630679 ], [ 6.7865187612965, 52.398709968763264 ], [ 6.786752635893118, 52.39872741974218 ], [ 6.787556235103968, 52.398781395174971 ], [ 6.788254218290074, 52.398835626367536 ], [ 6.788839092306132, 52.398878554552816 ], [ 6.789327790946653, 52.398914088679817 ], [ 6.789548213472764, 52.398930803592073 ], [ 6.789944546283182, 52.398961847273164 ], [ 6.790747795393935, 52.399026762477604 ], [ 6.791599665966701, 52.398685453532551 ], [ 6.79165695950422, 52.398702885188207 ], [ 6.791784323634592, 52.398741635449397 ], [ 6.793626232898085, 52.399325948177939 ], [ 6.794349930561156, 52.399378669546969 ], [ 6.795563014849638, 52.401041087151029 ], [ 6.793359440272892, 52.40177642505688 ], [ 6.79403066442792, 52.402647473541833 ], [ 6.794066792185419, 52.402694354445352 ], [ 6.793877784321623, 52.402757287411831 ], [ 6.793853974125541, 52.402765214289147 ], [ 6.793831977401376, 52.402772538946394 ], [ 6.793296828568233, 52.402972844778574 ], [ 6.793192708740742, 52.403011815819831 ], [ 6.792727474597031, 52.403196700093154 ], [ 6.79258371672478, 52.403252770220206 ], [ 6.792392373172195, 52.403348254074061 ], [ 6.7922906378742, 52.403403932946169 ], [ 6.792068764230772, 52.403525360392102 ], [ 6.792048412601486, 52.403539812997224 ], [ 6.792048058692579, 52.403556455261558 ], [ 6.792087048882008, 52.403764044826467 ], [ 6.792099661323931, 52.403792398302571 ], [ 6.792119472424821, 52.403806769843044 ], [ 6.793299855777708, 52.404335674281462 ], [ 6.793433103255725, 52.404415996705453 ], [ 6.793508251248662, 52.404487400177814 ], [ 6.793537832556312, 52.404522014821133 ], [ 6.793706717225588, 52.404597140644057 ], [ 6.793809121137256, 52.404642863044984 ], [ 6.794364486491501, 52.404893268519828 ], [ 6.794463613763026, 52.404939433796969 ], [ 6.794828055306207, 52.405100942942148 ], [ 6.794932385969611, 52.405147654505079 ], [ 6.795154503158919, 52.405247138423221 ], [ 6.795474119270509, 52.405390381491344 ], [ 6.795768476911656, 52.405518582303337 ], [ 6.795877399018821, 52.405560243406697 ], [ 6.796002341813144, 52.405600077846223 ], [ 6.796022269141703, 52.405605239345803 ], [ 6.796157943220875, 52.40564038327264 ], [ 6.796353507866564, 52.405688590340269 ], [ 6.796644611252534, 52.40576103491383 ], [ 6.796708179140373, 52.40577654861832 ], [ 6.797142137011015, 52.405881446515394 ], [ 6.797234195695634, 52.40590351499133 ], [ 6.797501806937845, 52.405967832813161 ], [ 6.797727400627145, 52.406018799023961 ], [ 6.797862069554497, 52.406039513551718 ], [ 6.797987042314165, 52.406060810872518 ], [ 6.798012664742938, 52.406063741501249 ], [ 6.798071447383667, 52.406070465723893 ], [ 6.798076126625918, 52.406190588822881 ], [ 6.798092714421156, 52.406194570904475 ], [ 6.798025698845694, 52.406472895409124 ], [ 6.79797472576963, 52.406684584279851 ], [ 6.797844210613713, 52.407413099874525 ], [ 6.797812101337219, 52.407592294472451 ], [ 6.79732935494296, 52.407599601540788 ], [ 6.797202561415718, 52.407601520499007 ], [ 6.797140105580154, 52.407602465576687 ], [ 6.797084605764065, 52.407603305321999 ], [ 6.797100393541876, 52.407637544016325 ], [ 6.797111275381942, 52.407725431701337 ], [ 6.797127738818685, 52.407871373793775 ], [ 6.797144414511931, 52.40802582564271 ], [ 6.797161285864603, 52.408176724622955 ], [ 6.797176641118532, 52.408330320280328 ], [ 6.797222295699627, 52.40873339574086 ], [ 6.796890159355371, 52.409334918441928 ], [ 6.796722521244218, 52.409479422565099 ], [ 6.796687908227274, 52.409509258159517 ], [ 6.796554558734062, 52.409624205352486 ], [ 6.795975793697786, 52.410261163546643 ], [ 6.796465658164514, 52.41041411589115 ], [ 6.79703262258702, 52.410603596039174 ], [ 6.797693687422167, 52.410824907846987 ], [ 6.797916873850598, 52.410910627622521 ], [ 6.798192388262748, 52.411024183429262 ], [ 6.798455852526802, 52.411143874979381 ], [ 6.798667754104947, 52.411259686249998 ], [ 6.798909631242075, 52.411405843338279 ], [ 6.797829476011001, 52.411858127951113 ], [ 6.797611467454727, 52.411952094827761 ], [ 6.797217556013156, 52.412121872203812 ], [ 6.79682934065933, 52.412289207418475 ], [ 6.796535105467121, 52.412416037129269 ], [ 6.796532742388273, 52.412416332217973 ], [ 6.796519553806857, 52.412422740812815 ], [ 6.796502070328208, 52.412431235559538 ], [ 6.793543072163765, 52.413868941490335 ], [ 6.793573462975306, 52.413897371278097 ], [ 6.793720094830448, 52.414025129531169 ], [ 6.792704553768416, 52.414482825153158 ], [ 6.792441040226891, 52.414601585472845 ], [ 6.792255523275365, 52.414735380950269 ], [ 6.792404679315999, 52.414879712924396 ], [ 6.79244461624068, 52.414937503564474 ], [ 6.792489611943454, 52.414976825362693 ], [ 6.792567697334007, 52.415056886598883 ], [ 6.791267509796503, 52.414812132847167 ], [ 6.790992698848259, 52.414766933019948 ] ] ] ] } },
{ "type": "Feature", "properties": { "buurtcode": "BU01830050", "buurtnaam": "Tubbergen industrie Boskamp", "pc6_codes": "7651AA, 7651AB, 7651AL, 7651AM, 7651AN, 7651AP, 7651AW, 7651AX, 7651BC, 7651DC, 7651DD, 7651DE, 7651DG, 7651DH, 7651KE, 7651KL", "wijkcode": "WK018300", "gemeentecode": "GM0183", "gemeentenaam": "Tubbergen", "oppervlakteLandInHa": 42, "AantalInwoners_5": 25, "Mannen_6": 15, "Vrouwen_7": 10, "HuishoudensTotaal_29": 10, "GemiddeldeHuishoudensgrootte_33": 2.1, "Woningvoorraad_35": 11, "NieuwbouwWoningen_36": 17, "NietWoningvoorraad_37": 153, "NieuwbouwNietWoningen_38": 0, "GemiddeldeWOZWaardeVanWoningen_39": null, "PercentageEengezinswoning_40": null, "PercentageTussenwoningEengezins_41": null, "PercentageHoekwoningEengezins_42": null, "PercentageTweeOnderEenKapWoningEe_43": null, "PercentageVrijstaandeWoningEengezins_44": null, "PercentageMeergezinswoning_45": null, "Koopwoningen_47": null, "HuurwoningenTotaal_48": null, "InBezitWoningcorporatie_49": null, "InBezitOverigeVerhuurders_50": null, "BouwjaarMeerDanTienJaarGeleden_51": null, "BouwjaarAfgelopenTienJaar_52": null, "GemiddeldeElektriciteitslevering_53": 3040, "GemiddeldeElektriciteitsteruglevering_54": 890, "GemiddeldAardgasverbruik_55": 1050, "AardgasvrijeWoningen_57": null, "Aardgaswoningen_58": null, "WoningenMetZonnestroom_59": null, "WoningenHoofdzElektrVerwarmd_60": null, "k_20PersonenMetHoogsteInkomen_80": null, "k_20HuishoudensMetHoogsteInkomen_85": null, "MediaanVermogenVanParticuliereHuish_86": null, "PersonenautoSTotaal_104": 95, "PersonenautoSBrandstofBenzine_105": 60, "PersonenautoSOverigeBrandstof_106": 35, "PersonenautoSPerHuishouden_107": null, "Omgevingsadressendichtheid_121": 491, "AantalInstallatiesBijWoningen_5": null, "OpgesteldVermogenVanZonnepanelen_6": null, "installaties_per_woning": null, "vermogen_per_woning": null, "installaties_per_100_woningen": null, "vermogen_per_huishouden": null, "batterijdruk_score": null, "koop_zon_score": null, "eengezins_zon_score": null, "betaalkracht_zon_score": null, "overige_brandstof_zon_score": null, "lichte_batterij_kansscore": null }, "geometry": { "type": "MultiPolygon", "coordinates": [ [ [ [ 6.787018631630112, 52.406153577295299 ], [ 6.787226711646679, 52.40605891031182 ], [ 6.788089886677467, 52.405566590136978 ], [ 6.789215923045653, 52.404942060146254 ], [ 6.790147529743168, 52.404435741223928 ], [ 6.791295203423167, 52.403816204511308 ], [ 6.792048412601486, 52.403539812997224 ], [ 6.792068764230772, 52.403525360392102 ], [ 6.7922906378742, 52.403403932946169 ], [ 6.792392373172195, 52.403348254074061 ], [ 6.79258371672478, 52.403252770220206 ], [ 6.792727474597031, 52.403196700093154 ], [ 6.793192708740742, 52.403011815819831 ], [ 6.793296828568233, 52.402972844778574 ], [ 6.793831977401376, 52.402772538946394 ], [ 6.793853974125541, 52.402765214289147 ], [ 6.793877784321623, 52.402757287411831 ], [ 6.794066792185419, 52.402694354445352 ], [ 6.79403066442792, 52.402647473541833 ], [ 6.793359440272892, 52.40177642505688 ], [ 6.795563014849638, 52.401041087151029 ], [ 6.794349930561156, 52.399378669546969 ], [ 6.793626232898085, 52.399325948177939 ], [ 6.791784323634592, 52.398741635449397 ], [ 6.79165695950422, 52.398702885188207 ], [ 6.791599665966701, 52.398685453532551 ], [ 6.790747795393935, 52.399026762477604 ], [ 6.789944546283182, 52.398961847273164 ], [ 6.789548213472764, 52.398930803592073 ], [ 6.789327790946653, 52.398914088679817 ], [ 6.788839092306132, 52.398878554552816 ], [ 6.788254218290074, 52.398835626367536 ], [ 6.787556235103968, 52.398781395174971 ], [ 6.786752635893118, 52.39872741974218 ], [ 6.7865187612965, 52.398709968763264 ], [ 6.784875826931496, 52.39857239630679 ], [ 6.784623336458415, 52.398566704644175 ], [ 6.784450751127336, 52.398572418057903 ], [ 6.784293981611282, 52.3985815310634 ], [ 6.784103788706603, 52.398594597761956 ], [ 6.783991420048948, 52.398620750343788 ], [ 6.783342563456745, 52.398806784519735 ], [ 6.783377028178132, 52.398877451597642 ], [ 6.783528068600224, 52.399398865566852 ], [ 6.783539958202436, 52.399440864282028 ], [ 6.783531436866167, 52.399603147593339 ], [ 6.783528307115752, 52.399650240261153 ], [ 6.783466998169485, 52.400575125673427 ], [ 6.784327922638464, 52.400426399547769 ], [ 6.784355157060916, 52.401173352230472 ], [ 6.784546398143092, 52.401169405355105 ], [ 6.784558003171444, 52.401548583545015 ], [ 6.784605616030236, 52.401551201770054 ], [ 6.784660718850237, 52.401551477206709 ], [ 6.785195359828331, 52.401554180971601 ], [ 6.785194952536329, 52.40158271585765 ], [ 6.786463343553961, 52.401590320356576 ], [ 6.786450187822672, 52.401836774766927 ], [ 6.786720536497657, 52.401838792741387 ], [ 6.786606736605401, 52.40228127552551 ], [ 6.786570523126574, 52.402400780236754 ], [ 6.786186074005371, 52.402365806684131 ], [ 6.786131701586206, 52.402553497332228 ], [ 6.786112501533172, 52.402627489811096 ], [ 6.786080052767677, 52.402691101392882 ], [ 6.785694713653069, 52.403446481726412 ], [ 6.785092625024317, 52.404567979493251 ], [ 6.785569759006245, 52.404672993093207 ], [ 6.785553636906469, 52.404717965093077 ], [ 6.785422054918, 52.404970213256178 ], [ 6.785403781977335, 52.404965871787731 ], [ 6.785101903561951, 52.405455067501521 ], [ 6.785057295000089, 52.405445652692791 ], [ 6.784719977108296, 52.405997799922027 ], [ 6.784699714993009, 52.406040025170491 ], [ 6.785325263901107, 52.406206516136535 ], [ 6.785777162780407, 52.406330269059907 ], [ 6.785860141379006, 52.406366172106559 ], [ 6.786057039842612, 52.406531135141208 ], [ 6.787018631630112, 52.406153577295299 ] ] ] ] } },
{ "type": "Feature", "properties": { "buurtcode": "BU01830101", "buurtnaam": "Albergen noord", "pc6_codes": "7665AA, 7665AB, 7665AC, 7665AD, 7665AE, 7665AG, 7665AH, 7665AJ, 7665AK, 7665AL, 7665AM, 7665AN, 7665AP, 7665AR, 7665AS, 7665AT, 7665AV, 7665AW, 7665AX, 7665AZ, 7665BA, 7665BB, 7665BC, 7665CA, 7665CB, 7665CC, 7665CD, 7665CE, 7665DC, 7665DE, 7665RC, 7665RJ, 7665RV, 7665RW, 7665RX, 7665SC, 7665SE, 7665TJ, 7665TM, 7665TX", "wijkcode": "WK018301", "gemeentecode": "GM0183", "gemeentenaam": "Tubbergen", "oppervlakteLandInHa": 45, "AantalInwoners_5": 935, "Mannen_6": 465, "Vrouwen_7": 475, "HuishoudensTotaal_29": 425, "GemiddeldeHuishoudensgrootte_33": 2.2, "Woningvoorraad_35": 442, "NieuwbouwWoningen_36": 1, "NietWoningvoorraad_37": 30, "NieuwbouwNietWoningen_38": 0, "GemiddeldeWOZWaardeVanWoningen_39": 358, "PercentageEengezinswoning_40": 90, "PercentageTussenwoningEengezins_41": 14, "PercentageHoekwoningEengezins_42": 14, "PercentageTweeOnderEenKapWoningEe_43": 23, "PercentageVrijstaandeWoningEengezins_44": 40, "PercentageMeergezinswoning_45": 10, "Koopwoningen_47": 74, "HuurwoningenTotaal_48": 25, "InBezitWoningcorporatie_49": 19, "InBezitOverigeVerhuurders_50": 6, "BouwjaarMeerDanTienJaarGeleden_51": 100, "BouwjaarAfgelopenTienJaar_52": 0, "GemiddeldeElektriciteitslevering_53": 2960, "GemiddeldeElektriciteitsteruglevering_54": 1370, "GemiddeldAardgasverbruik_55": 1200, "AardgasvrijeWoningen_57": 4, "Aardgaswoningen_58": 82, "WoningenMetZonnestroom_59": 44, "WoningenHoofdzElektrVerwarmd_60": 13, "k_20PersonenMetHoogsteInkomen_80": 12.4, "k_20HuishoudensMetHoogsteInkomen_85": 16.5, "MediaanVermogenVanParticuliereHuish_86": 271.4, "PersonenautoSTotaal_104": 600, "PersonenautoSBrandstofBenzine_105": 495, "PersonenautoSOverigeBrandstof_106": 105, "PersonenautoSPerHuishouden_107": 1.4, "Omgevingsadressendichtheid_121": 319, "AantalInstallatiesBijWoningen_5": null, "OpgesteldVermogenVanZonnepanelen_6": null, "installaties_per_woning": null, "vermogen_per_woning": null, "installaties_per_100_woningen": null, "vermogen_per_huishouden": null, "batterijdruk_score": 602.8, "koop_zon_score": 0.3256, "eengezins_zon_score": 0.396, "betaalkracht_zon_score": 119.416, "overige_brandstof_zon_score": 46.2, "lichte_batterij_kansscore": 0.45739090826342699 }, "geometry": { "type": "MultiPolygon", "coordinates": [ [ [ [ 6.759951089829507, 52.375853660130367 ], [ 6.759965426227627, 52.375792065147714 ], [ 6.759967708301775, 52.375782285951068 ], [ 6.760003819623053, 52.375627169062724 ], [ 6.760009370109388, 52.37560332330672 ], [ 6.76002708529215, 52.375527246993769 ], [ 6.760056218008422, 52.375402134373381 ], [ 6.759627124675822, 52.375367525146608 ], [ 6.759715146544266, 52.374917474441155 ], [ 6.760846025093097, 52.375007858116263 ], [ 6.761001045955742, 52.375010274333178 ], [ 6.76125998219383, 52.375492378760292 ], [ 6.761395452808443, 52.375488046242175 ], [ 6.761697041765453, 52.375189092779138 ], [ 6.761806554428629, 52.375080536274083 ], [ 6.761894622133725, 52.374993237141275 ], [ 6.761941594690519, 52.374948853641328 ], [ 6.761945123769975, 52.374950032410851 ], [ 6.762069728005945, 52.374991652383763 ], [ 6.762133076601376, 52.375001262388182 ], [ 6.76232062429956, 52.374906949177792 ], [ 6.762409278978537, 52.374776454856026 ], [ 6.762472909739512, 52.374595869644786 ], [ 6.762366983335421, 52.374553541377715 ], [ 6.762366477813169, 52.374553200288474 ], [ 6.762551774178101, 52.374378685159705 ], [ 6.762555098776026, 52.37437961730059 ], [ 6.763480079584143, 52.374761453900014 ], [ 6.763522203095188, 52.374663598471727 ], [ 6.763536231624532, 52.374669835269692 ], [ 6.763894667038892, 52.3748237232953 ], [ 6.763909252559408, 52.374830394016186 ], [ 6.763904557918408, 52.374835760948741 ], [ 6.764064446115675, 52.374902925019541 ], [ 6.764243608296703, 52.37497807847577 ], [ 6.76445797115392, 52.375068125264228 ], [ 6.76452610708445, 52.375018846366444 ], [ 6.764532192618939, 52.375014948153641 ], [ 6.764719717707988, 52.374894829311351 ], [ 6.764837640375081, 52.374819293584778 ], [ 6.764996230785135, 52.374730544591074 ], [ 6.765114160357513, 52.3747010908532 ], [ 6.765311159350981, 52.374652714585032 ], [ 6.7652833774672, 52.374614621310336 ], [ 6.765254449208537, 52.374514847451266 ], [ 6.765239539171332, 52.374312165934541 ], [ 6.765278766504044, 52.374050893966455 ], [ 6.76531442721871, 52.373813374792043 ], [ 6.765946950109415, 52.373806007176888 ], [ 6.766498784731714, 52.373833824504871 ], [ 6.7673531329136, 52.373900264098637 ], [ 6.768728452737682, 52.374075395364279 ], [ 6.768793788155879, 52.373927458755027 ], [ 6.768837289262557, 52.373731802504381 ], [ 6.768840781208407, 52.373389168013084 ], [ 6.768849460803482, 52.373269809920224 ], [ 6.768845245820923, 52.372566240255196 ], [ 6.768864873351616, 52.372513971872358 ], [ 6.768909086452326, 52.37245491130065 ], [ 6.769287553810518, 52.372094887636905 ], [ 6.76921121305137, 52.372071831494083 ], [ 6.768788325627056, 52.371907592980556 ], [ 6.768696649011023, 52.371932321551562 ], [ 6.768415087405804, 52.371601264253741 ], [ 6.768503551359048, 52.371589391293533 ], [ 6.768293965813905, 52.371341717734623 ], [ 6.768025652343325, 52.371024644145358 ], [ 6.767917659913699, 52.370897015139427 ], [ 6.767820577104179, 52.370769312686342 ], [ 6.767782366464068, 52.370775942717472 ], [ 6.767627518369109, 52.370639484872321 ], [ 6.767272913032373, 52.370541922726929 ], [ 6.767164880988072, 52.370294492005115 ], [ 6.766989122393936, 52.370261437000252 ], [ 6.766727109702257, 52.370310436691724 ], [ 6.765976746356844, 52.370460933872792 ], [ 6.765117459297403, 52.370635615830771 ], [ 6.764886995381288, 52.370804599195168 ], [ 6.764699574845457, 52.370783644121524 ], [ 6.76438848935388, 52.370783516668546 ], [ 6.763980268011624, 52.37079689601731 ], [ 6.763740983180623, 52.370836614333349 ], [ 6.763654563463114, 52.37079181316026 ], [ 6.763580728795078, 52.370684555864813 ], [ 6.763391354137482, 52.370650758624826 ], [ 6.762847796689364, 52.370643424918669 ], [ 6.762369526831168, 52.370633268918823 ], [ 6.76262067237839, 52.37039291985181 ], [ 6.761884770095889, 52.370176812915126 ], [ 6.761496585047965, 52.370022033977548 ], [ 6.761339131622756, 52.369573285042613 ], [ 6.761221123151099, 52.369237439770195 ], [ 6.761116943217367, 52.369070042067065 ], [ 6.761004894837102, 52.368926446019422 ], [ 6.760924328633822, 52.368687642808453 ], [ 6.760853454595825, 52.368436070934685 ], [ 6.760713717970623, 52.368459187680457 ], [ 6.760035595687452, 52.368557366454262 ], [ 6.760044125912697, 52.368643154515865 ], [ 6.759578175761868, 52.368665314358452 ], [ 6.759563271133366, 52.368639707629598 ], [ 6.759425028488037, 52.368645850133063 ], [ 6.759017056808913, 52.36870751488275 ], [ 6.759172038253473, 52.368987459824652 ], [ 6.758767377471885, 52.36934395319507 ], [ 6.759059064782208, 52.369451220105724 ], [ 6.759285809433408, 52.369546067307624 ], [ 6.759473749792938, 52.369638730401775 ], [ 6.75950013477313, 52.369656865630503 ], [ 6.759439872667853, 52.369710461154561 ], [ 6.759179146657473, 52.369917123268422 ], [ 6.759040010645881, 52.370027409685399 ], [ 6.758902091991137, 52.370136720029059 ], [ 6.758755688981762, 52.370253292532333 ], [ 6.758619199589895, 52.370378468986907 ], [ 6.758491038501498, 52.370510847583972 ], [ 6.758299922099916, 52.370708332509032 ], [ 6.758702756542116, 52.370784742359341 ], [ 6.75878229718483, 52.370817448059675 ], [ 6.758528391236185, 52.371097012361112 ], [ 6.758462400637812, 52.371189983980265 ], [ 6.758220707183591, 52.371864579482718 ], [ 6.757554428526126, 52.371753745089812 ], [ 6.75708340112102, 52.371693336774548 ], [ 6.756820285523533, 52.371675305665889 ], [ 6.75673209897808, 52.371691838076998 ], [ 6.75667050543199, 52.371703384061021 ], [ 6.7565127972875, 52.371875462902537 ], [ 6.75607489028565, 52.371772515773849 ], [ 6.755083071218253, 52.371573225057539 ], [ 6.754764600665834, 52.371279916126355 ], [ 6.754463143488286, 52.371092236282102 ], [ 6.753947556450943, 52.370771238750955 ], [ 6.753479397247813, 52.370573851241282 ], [ 6.75334113126747, 52.370529271787859 ], [ 6.753288866510742, 52.370581372234888 ], [ 6.753128823711228, 52.37074755982772 ], [ 6.753073176356908, 52.370809478007871 ], [ 6.753068211340365, 52.370815011222547 ], [ 6.753042099248023, 52.370851048927186 ], [ 6.753024858331536, 52.370889032755947 ], [ 6.753016857127647, 52.370928149477677 ], [ 6.752987959627977, 52.371061020252426 ], [ 6.752973350043262, 52.371139517159037 ], [ 6.752940265552869, 52.371396049509492 ], [ 6.751808542130811, 52.371368014654763 ], [ 6.75181012715447, 52.371386683845394 ], [ 6.751833179358219, 52.371616219939582 ], [ 6.751940620067547, 52.371620380409283 ], [ 6.752082718085791, 52.371626085305117 ], [ 6.752060479380491, 52.371709413395834 ], [ 6.752021657994868, 52.371854867443027 ], [ 6.752020338624515, 52.371859809355684 ], [ 6.7520054731161, 52.371915507479756 ], [ 6.75198399253607, 52.371995993573258 ], [ 6.751978014398289, 52.372018381412545 ], [ 6.752322516683614, 52.372031771226446 ], [ 6.752655371095091, 52.372044706580695 ], [ 6.753046886761826, 52.372080664407576 ], [ 6.753038609909604, 52.372290115328461 ], [ 6.752974499996332, 52.37258260987663 ], [ 6.753037240055462, 52.372616501172786 ], [ 6.753194781185243, 52.372639994891365 ], [ 6.753350917360166, 52.3726283768532 ], [ 6.753598580339404, 52.372568753941813 ], [ 6.753761236931736, 52.372530938959727 ], [ 6.753918696423789, 52.37249161704689 ], [ 6.753936292394211, 52.372498023203931 ], [ 6.755030772350836, 52.372545871413266 ], [ 6.755339536159211, 52.372593874703753 ], [ 6.755363670932691, 52.372597627098799 ], [ 6.755432923284254, 52.372599783699449 ], [ 6.755548490984816, 52.372714086881807 ], [ 6.75567155965479, 52.372693140353419 ], [ 6.755721245225561, 52.372831665682618 ], [ 6.755793487922132, 52.373001552312466 ], [ 6.755865817998807, 52.373179959159472 ], [ 6.755883178722552, 52.373216638945102 ], [ 6.755906828017615, 52.373354251844077 ], [ 6.755914756218607, 52.373520181147562 ], [ 6.755916782897215, 52.373557757373142 ], [ 6.755922001184479, 52.373573128791605 ], [ 6.755934504194554, 52.373609961830262 ], [ 6.755978531768442, 52.373660597309787 ], [ 6.756071453184552, 52.373740667850086 ], [ 6.756250654234177, 52.373897523785239 ], [ 6.756341980751857, 52.373978372112042 ], [ 6.756374764878064, 52.374004842012802 ], [ 6.756420078798958, 52.374011697444466 ], [ 6.756454002804187, 52.374013066717552 ], [ 6.756619343378647, 52.374020203355066 ], [ 6.756635143438761, 52.374014889778017 ], [ 6.756775508765932, 52.373976124153138 ], [ 6.75679948862772, 52.373966039973908 ], [ 6.756862507510044, 52.373959836510544 ], [ 6.756959459433997, 52.373975924100343 ], [ 6.75729283295072, 52.374035303942293 ], [ 6.757599873775255, 52.374089150536022 ], [ 6.757594839348053, 52.374110152473122 ], [ 6.757378345138393, 52.374695530562001 ], [ 6.758018063243091, 52.374785917229715 ], [ 6.758070439037347, 52.374793276298128 ], [ 6.757923359982197, 52.375190149509883 ], [ 6.75784251446278, 52.375409304168834 ], [ 6.757514113669971, 52.376271589323409 ], [ 6.7578771258496, 52.376288722808752 ], [ 6.759324248322065, 52.37635701152103 ], [ 6.75946407854186, 52.376363609470879 ], [ 6.759828723523496, 52.376380818722673 ], [ 6.759951089829507, 52.375853660130367 ] ] ] ] } },
{ "type": "Feature", "properties": { "buurtcode": "BU01830102", "buurtnaam": "Albergen zuid", "pc6_codes": "7665BD, 7665DA, 7665DB, 7665DC, 7665DE, 7665DG, 7665DH, 7665DJ, 7665DK, 7665DL, 7665DM, 7665DN, 7665DP, 7665DR, 7665DS, 7665DT, 7665DV, 7665EA, 7665EB, 7665EC, 7665ED, 7665EE, 7665EG, 7665EH, 7665EJ, 7665EK, 7665EL, 7665EM, 7665EN, 7665ER, 7665ES, 7665ET, 7665GA, 7665GB, 7665GC, 7665TJ, 7665TK, 7665TX, 7665VD, 7665VE, 7665VJ, 7665VK", "wijkcode": "WK018301", "gemeentecode": "GM0183", "gemeentenaam": "Tubbergen", "oppervlakteLandInHa": 39, "AantalInwoners_5": 1305, "Mannen_6": 695, "Vrouwen_7": 610, "HuishoudensTotaal_29": 440, "GemiddeldeHuishoudensgrootte_33": 2.9, "Woningvoorraad_35": 455, "NieuwbouwWoningen_36": 6, "NietWoningvoorraad_37": 3, "NieuwbouwNietWoningen_38": 0, "GemiddeldeWOZWaardeVanWoningen_39": 463, "PercentageEengezinswoning_40": 91, "PercentageTussenwoningEengezins_41": 9, "PercentageHoekwoningEengezins_42": 9, "PercentageTweeOnderEenKapWoningEe_43": 27, "PercentageVrijstaandeWoningEengezins_44": 46, "PercentageMeergezinswoning_45": 9, "Koopwoningen_47": 84, "HuurwoningenTotaal_48": 16, "InBezitWoningcorporatie_49": 13, "InBezitOverigeVerhuurders_50": 3, "BouwjaarMeerDanTienJaarGeleden_51": 80, "BouwjaarAfgelopenTienJaar_52": 20, "GemiddeldeElektriciteitslevering_53": 3700, "GemiddeldeElektriciteitsteruglevering_54": 2350, "GemiddeldAardgasverbruik_55": 1010, "AardgasvrijeWoningen_57": 7, "Aardgaswoningen_58": 73, "WoningenMetZonnestroom_59": 74, "WoningenHoofdzElektrVerwarmd_60": 26, "k_20PersonenMetHoogsteInkomen_80": 21.3, "k_20HuishoudensMetHoogsteInkomen_85": 42.3, "MediaanVermogenVanParticuliereHuish_86": 413.6, "PersonenautoSTotaal_104": 715, "PersonenautoSBrandstofBenzine_105": 565, "PersonenautoSOverigeBrandstof_106": 150, "PersonenautoSPerHuishouden_107": 1.6, "Omgevingsadressendichtheid_121": 324, "AantalInstallatiesBijWoningen_5": null, "OpgesteldVermogenVanZonnepanelen_6": null, "installaties_per_woning": null, "vermogen_per_woning": null, "installaties_per_100_woningen": null, "vermogen_per_huishouden": null, "batterijdruk_score": 1739.0, "koop_zon_score": 0.6216, "eengezins_zon_score": 0.6734, "betaalkracht_zon_score": 306.064, "overige_brandstof_zon_score": 111.0, "lichte_batterij_kansscore": 0.56846773742847856 }, "geometry": { "type": "MultiPolygon", "coordinates": [ [ [ [ 6.770192720303437, 52.372735327041696 ], [ 6.770244739130862, 52.372717460777992 ], [ 6.771171826760417, 52.372344377042481 ], [ 6.77118247179351, 52.372340540209557 ], [ 6.771207508774642, 52.372331519355996 ], [ 6.771217718152339, 52.372327840423097 ], [ 6.771677821168832, 52.372134774085353 ], [ 6.771740108627252, 52.372110467949099 ], [ 6.77261264676898, 52.371769929818406 ], [ 6.772646263657923, 52.371756808227765 ], [ 6.771323215825639, 52.370556207520792 ], [ 6.771930092422443, 52.370139743390027 ], [ 6.771965198295741, 52.370112734966114 ], [ 6.772242013918552, 52.369915321912011 ], [ 6.772619973479167, 52.369647176536745 ], [ 6.773159299096113, 52.369277051521777 ], [ 6.774339054817727, 52.368469559512604 ], [ 6.774233088341631, 52.368395386274898 ], [ 6.774304898571395, 52.368118995180183 ], [ 6.774348878815342, 52.36797349149407 ], [ 6.774384691908508, 52.367840586845887 ], [ 6.774576948010763, 52.367297373364543 ], [ 6.772863759316575, 52.367243326759819 ], [ 6.772287504207211, 52.366734255634981 ], [ 6.77192911451203, 52.366416114636856 ], [ 6.771834564175999, 52.36634746229884 ], [ 6.76966132481625, 52.366810697503354 ], [ 6.769504259650611, 52.366844774081748 ], [ 6.769421182123589, 52.366862797962476 ], [ 6.769361218199596, 52.36687580755553 ], [ 6.768844549807438, 52.366982803701688 ], [ 6.768825929974512, 52.366977375299918 ], [ 6.768793247778719, 52.366967067518779 ], [ 6.767445327456302, 52.366540331324082 ], [ 6.76738616866241, 52.366521470021922 ], [ 6.767375106039966, 52.36651794244829 ], [ 6.767264701085521, 52.366482743175581 ], [ 6.767110220041052, 52.36643204352314 ], [ 6.766892209349066, 52.366360493552271 ], [ 6.766887700864524, 52.366359014444214 ], [ 6.766782991845181, 52.366324639993131 ], [ 6.767072548278235, 52.365922881084408 ], [ 6.767079337155907, 52.36591346173973 ], [ 6.767086285074704, 52.365903821215305 ], [ 6.767099135088897, 52.365885992353668 ], [ 6.767099841720631, 52.365885012432784 ], [ 6.76710114786039, 52.36588333788368 ], [ 6.766424450188304, 52.365697632163865 ], [ 6.766324923560483, 52.36567369213558 ], [ 6.766289081079178, 52.365665069936341 ], [ 6.765984518027095, 52.366086514469274 ], [ 6.76558399547902, 52.366653173154027 ], [ 6.765053173761657, 52.36739003518634 ], [ 6.765049958508003, 52.367394354847193 ], [ 6.765025925418581, 52.36742665247808 ], [ 6.76471514642445, 52.367862429960496 ], [ 6.764673053361386, 52.367870983743764 ], [ 6.763702769419502, 52.368068160393996 ], [ 6.763682577498265, 52.368023676463608 ], [ 6.763151151936833, 52.368137514857175 ], [ 6.762491652708199, 52.368278784439568 ], [ 6.762233473919984, 52.368334086508312 ], [ 6.762060004425943, 52.367842532407067 ], [ 6.762294560433563, 52.367801380175315 ], [ 6.762140342941106, 52.367460864357462 ], [ 6.761962852128651, 52.367299799586448 ], [ 6.760614455531371, 52.367157148790284 ], [ 6.760472834411188, 52.36715532733151 ], [ 6.760575236913901, 52.367421869159784 ], [ 6.760854362868592, 52.368235322009625 ], [ 6.760853454595825, 52.368436070934685 ], [ 6.760924328633822, 52.368687642808453 ], [ 6.761004894837102, 52.368926446019422 ], [ 6.761116943217367, 52.369070042067065 ], [ 6.761221123151099, 52.369237439770195 ], [ 6.761339131622756, 52.369573285042613 ], [ 6.761496585047965, 52.370022033977548 ], [ 6.761884770095889, 52.370176812915126 ], [ 6.76262067237839, 52.37039291985181 ], [ 6.762369526831168, 52.370633268918823 ], [ 6.762847796689364, 52.370643424918669 ], [ 6.763391354137482, 52.370650758624826 ], [ 6.763580728795078, 52.370684555864813 ], [ 6.763654563463114, 52.37079181316026 ], [ 6.763740983180623, 52.370836614333349 ], [ 6.763980268011624, 52.37079689601731 ], [ 6.76438848935388, 52.370783516668546 ], [ 6.764699574845457, 52.370783644121524 ], [ 6.764886995381288, 52.370804599195168 ], [ 6.765117459297403, 52.370635615830771 ], [ 6.765976746356844, 52.370460933872792 ], [ 6.766727109702257, 52.370310436691724 ], [ 6.766989122393936, 52.370261437000252 ], [ 6.767164880988072, 52.370294492005115 ], [ 6.767272913032373, 52.370541922726929 ], [ 6.767627518369109, 52.370639484872321 ], [ 6.767782366464068, 52.370775942717472 ], [ 6.767820577104179, 52.370769312686342 ], [ 6.767917659913699, 52.370897015139427 ], [ 6.768025652343325, 52.371024644145358 ], [ 6.768293965813905, 52.371341717734623 ], [ 6.768503551359048, 52.371589391293533 ], [ 6.768415087405804, 52.371601264253741 ], [ 6.768696649011023, 52.371932321551562 ], [ 6.768788325627056, 52.371907592980556 ], [ 6.76921121305137, 52.372071831494083 ], [ 6.769287553810518, 52.372094887636905 ], [ 6.768909086452326, 52.37245491130065 ], [ 6.768864873351616, 52.372513971872358 ], [ 6.768845245820923, 52.372566240255196 ], [ 6.768849460803482, 52.373269809920224 ], [ 6.770192720303437, 52.372735327041696 ] ] ] ] } },
{ "type": "Feature", "properties": { "buurtcode": "BU01830109", "buurtnaam": "Verspreide huizen Albergen", "pc6_codes": "7665RA, 7665RB, 7665RC, 7665RD, 7665RE, 7665RG, 7665RH, 7665RJ, 7665RK, 7665RL, 7665RM, 7665RN, 7665RP, 7665RR, 7665RS, 7665RT, 7665RV, 7665RX, 7665RZ, 7665SB, 7665SC, 7665SE, 7665SJ, 7665SK, 7665SL, 7665SM, 7665SN, 7665SP, 7665SR, 7665ST, 7665SV, 7665SW, 7665SX, 7665SZ, 7665TA, 7665TB, 7665TC, 7665TD, 7665TE, 7665TG, 7665TH, 7665TK, 7665TL, 7665TN, 7665TP, 7665TR, 7665TS, 7665TV, 7665TW, 7665TX, 7665VA, 7665VB, 7665VC, 7665VD, 7665VE, 7665VG, 7665VH", "wijkcode": "WK018301", "gemeentecode": "GM0183", "gemeentenaam": "Tubbergen", "oppervlakteLandInHa": 2073, "AantalInwoners_5": 1255, "Mannen_6": 655, "Vrouwen_7": 600, "HuishoudensTotaal_29": 480, "GemiddeldeHuishoudensgrootte_33": 2.6, "Woningvoorraad_35": 502, "NieuwbouwWoningen_36": 4, "NietWoningvoorraad_37": 27, "NieuwbouwNietWoningen_38": 0, "GemiddeldeWOZWaardeVanWoningen_39": 497, "PercentageEengezinswoning_40": 59, "PercentageTussenwoningEengezins_41": 0, "PercentageHoekwoningEengezins_42": 0, "PercentageTweeOnderEenKapWoningEe_43": 14, "PercentageVrijstaandeWoningEengezins_44": 45, "PercentageMeergezinswoning_45": 41, "Koopwoningen_47": 75, "HuurwoningenTotaal_48": 25, "InBezitWoningcorporatie_49": 0, "InBezitOverigeVerhuurders_50": 25, "BouwjaarMeerDanTienJaarGeleden_51": 94, "BouwjaarAfgelopenTienJaar_52": 6, "GemiddeldeElektriciteitslevering_53": 4100, "GemiddeldeElektriciteitsteruglevering_54": 2360, "GemiddeldAardgasverbruik_55": 1330, "AardgasvrijeWoningen_57": 6, "Aardgaswoningen_58": 71, "WoningenMetZonnestroom_59": 47, "WoningenHoofdzElektrVerwarmd_60": 14, "k_20PersonenMetHoogsteInkomen_80": 16.2, "k_20HuishoudensMetHoogsteInkomen_85": 37.8, "MediaanVermogenVanParticuliereHuish_86": 525.5, "PersonenautoSTotaal_104": 810, "PersonenautoSBrandstofBenzine_105": 645, "PersonenautoSOverigeBrandstof_106": 165, "PersonenautoSPerHuishouden_107": 1.7, "Omgevingsadressendichtheid_121": 77, "AantalInstallatiesBijWoningen_5": 177, "OpgesteldVermogenVanZonnepanelen_6": 1194, "installaties_per_woning": 0.35258964143426297, "vermogen_per_woning": 2.3784860557768925, "installaties_per_100_woningen": 35.258964143426297, "vermogen_per_huishouden": 2.4875, "batterijdruk_score": 1109.2, "koop_zon_score": 0.3525, "eengezins_zon_score": 0.2773, "betaalkracht_zon_score": 246.985, "overige_brandstof_zon_score": 77.55, "lichte_batterij_kansscore": 0.4330210046778199 }, "geometry": { "type": "MultiPolygon", "coordinates": [ [ [ [ 6.746745605809902, 52.390478657635157 ], [ 6.746750302606755, 52.390478028417995 ], [ 6.746878592537063, 52.390460797809482 ], [ 6.747018426620246, 52.390442014241756 ], [ 6.747708222242674, 52.390349064569001 ], [ 6.748282771073895, 52.390279512158536 ], [ 6.748337602922775, 52.39027287725817 ], [ 6.748699553079302, 52.390229425356353 ], [ 6.749327508524591, 52.39014139312566 ], [ 6.749801162182444, 52.390075609974708 ], [ 6.750217534626675, 52.390020920325242 ], [ 6.75025338458901, 52.390016210944701 ], [ 6.750427662211567, 52.389992460469848 ], [ 6.750637033808911, 52.389964746015785 ], [ 6.751078168651893, 52.389905570400082 ], [ 6.751586903821116, 52.38983748822816 ], [ 6.751816136836776, 52.389806900082434 ], [ 6.751880032792949, 52.389798370296816 ], [ 6.751886675550125, 52.389797484735084 ], [ 6.751892192705913, 52.389796782934347 ], [ 6.752815690981866, 52.389673558538625 ], [ 6.753259405871662, 52.389613428136727 ], [ 6.753275989622971, 52.389611421043142 ], [ 6.753413167478021, 52.389594808817449 ], [ 6.753415260431274, 52.389594550956012 ], [ 6.753727147029985, 52.389547796286394 ], [ 6.754020889801302, 52.389507740103774 ], [ 6.754117609171747, 52.389494551489072 ], [ 6.754223219262864, 52.38948001069641 ], [ 6.75442732966805, 52.389451918801598 ], [ 6.754835348043413, 52.389398720521449 ], [ 6.754902991700559, 52.389389795236028 ], [ 6.75502149640088, 52.389374169916074 ], [ 6.755154047734854, 52.389356692279726 ], [ 6.755436219489602, 52.389315480906028 ], [ 6.755701567825342, 52.389277088042824 ], [ 6.755761900953246, 52.389268363634322 ], [ 6.75600666643304, 52.38923759672911 ], [ 6.756091825809198, 52.389226895195904 ], [ 6.756409823467614, 52.389186471651911 ], [ 6.756633416732344, 52.38915852808924 ], [ 6.756698118024404, 52.389150444791369 ], [ 6.756865457459288, 52.389128212225586 ], [ 6.757271907957493, 52.389072956246721 ], [ 6.757528053078608, 52.389038728659223 ], [ 6.757840071792701, 52.388994604218134 ], [ 6.757961342975126, 52.388980139394725 ], [ 6.758022715785708, 52.388971806276381 ], [ 6.758172175982684, 52.388951522707778 ], [ 6.758399415003045, 52.388921825718406 ], [ 6.758593170269993, 52.388896345397406 ], [ 6.758619445370872, 52.388892769106256 ], [ 6.758939002387639, 52.388849237549955 ], [ 6.75916124629877, 52.388820046408647 ], [ 6.759313871591014, 52.388800003352969 ], [ 6.76006544524814, 52.388700152802258 ], [ 6.76037297237983, 52.388658680449048 ], [ 6.760531363423897, 52.388636519511117 ], [ 6.76054994565027, 52.388634074727349 ], [ 6.760709576144551, 52.388613040729382 ], [ 6.760925178750678, 52.388583896353246 ], [ 6.761105097488149, 52.388557646641601 ], [ 6.761170221801455, 52.388547623411611 ], [ 6.761302078834561, 52.388527333455343 ], [ 6.761530487408949, 52.388485742813018 ], [ 6.761658856946926, 52.38846291320079 ], [ 6.761783778298253, 52.388440698765855 ], [ 6.762267737777966, 52.388354044833854 ], [ 6.762503965266234, 52.388312613148273 ], [ 6.762862025555701, 52.38824937882071 ], [ 6.762962238474724, 52.388231531143717 ], [ 6.763309220409027, 52.388169718580841 ], [ 6.763750711247114, 52.388087147721819 ], [ 6.764203540861091, 52.388008793812034 ], [ 6.764763347639366, 52.387913364148517 ], [ 6.765381510808885, 52.38780820077676 ], [ 6.765463093479464, 52.387794603795044 ], [ 6.765502554680969, 52.387788023016562 ], [ 6.765878970936857, 52.387725275848929 ], [ 6.765987374227652, 52.387708687481961 ], [ 6.766113863977859, 52.387689326546081 ], [ 6.7662259441783, 52.387666268221807 ], [ 6.766568344631709, 52.387603861206017 ], [ 6.767459498057858, 52.387450939472636 ], [ 6.768034929724357, 52.387351977211033 ], [ 6.768609218727796, 52.387255083872688 ], [ 6.768970782538602, 52.387192616983853 ], [ 6.769444115537087, 52.38711137881544 ], [ 6.769909246960093, 52.387030063762374 ], [ 6.77019041164636, 52.386979597354888 ], [ 6.770356334414235, 52.386949155470944 ], [ 6.770424535026637, 52.386936637251495 ], [ 6.770426434037083, 52.386936291466924 ], [ 6.770594755912504, 52.386905533571827 ], [ 6.770595792967959, 52.386905341677526 ], [ 6.770597779527272, 52.38690497688961 ], [ 6.770936429227866, 52.386842798719435 ], [ 6.771343682431565, 52.386769759013973 ], [ 6.771709547651967, 52.386702739046562 ], [ 6.772083132196936, 52.386634557967888 ], [ 6.772389326309664, 52.386584135012853 ], [ 6.772457054485525, 52.386572987421509 ], [ 6.772708739194151, 52.386530823967746 ], [ 6.772965100866187, 52.38648743668908 ], [ 6.773009299534012, 52.386480213658615 ], [ 6.773053395671353, 52.386473000800699 ], [ 6.773267971961173, 52.3864379222507 ], [ 6.773450977583872, 52.386408004031367 ], [ 6.773748497985104, 52.386356070140977 ], [ 6.773865769745077, 52.38633624255116 ], [ 6.774047514887802, 52.386305034808878 ], [ 6.774084980211396, 52.386298600373081 ], [ 6.774096362905889, 52.386296642296152 ], [ 6.774495605782899, 52.386228018063065 ], [ 6.774708834253013, 52.386191253814744 ], [ 6.774846863591728, 52.386167694302245 ], [ 6.775197357883422, 52.386107881810801 ], [ 6.775390624420588, 52.386074047014766 ], [ 6.775457364938942, 52.386062369954892 ], [ 6.775502876454224, 52.386053000267417 ], [ 6.776097650561854, 52.385951254782398 ], [ 6.77664128412461, 52.385856524552153 ], [ 6.77737080087611, 52.385735339276053 ], [ 6.778480831351323, 52.385548410403793 ], [ 6.779964110539298, 52.385303264264998 ], [ 6.780439368918031, 52.385223774831431 ], [ 6.78047564881811, 52.385093254263268 ], [ 6.780540465409754, 52.384848537831211 ], [ 6.780653686775798, 52.38444970642481 ], [ 6.780675826925602, 52.384364286770683 ], [ 6.780710939824287, 52.384239676426738 ], [ 6.780772846831451, 52.384003416478521 ], [ 6.780826122111334, 52.383807536512279 ], [ 6.780882599953779, 52.383591591960005 ], [ 6.780629298427489, 52.383449352772224 ], [ 6.780405973624761, 52.383321861225468 ], [ 6.780026758776678, 52.383106793196703 ], [ 6.779327577591552, 52.382713439593118 ], [ 6.77893270630828, 52.382485015279222 ], [ 6.779588672301987, 52.382154875163394 ], [ 6.780141638088002, 52.381890006107596 ], [ 6.779777058967229, 52.381495161678515 ], [ 6.779549138944227, 52.381258878352867 ], [ 6.77944944962938, 52.381153346108334 ], [ 6.779468055928088, 52.381147590188675 ], [ 6.779253309837298, 52.38092563214277 ], [ 6.779219398255332, 52.380876215570083 ], [ 6.779217353337181, 52.38085881051348 ], [ 6.7793319726433, 52.380823817623799 ], [ 6.779344923264238, 52.380812438393278 ], [ 6.779296995152994, 52.380788633749034 ], [ 6.779288637791246, 52.380770413058741 ], [ 6.779272573428819, 52.38076590091309 ], [ 6.779458298931992, 52.380445147381998 ], [ 6.779753656174138, 52.379943904661232 ], [ 6.779857486485625, 52.379771322113818 ], [ 6.779931896889708, 52.37964600675479 ], [ 6.779996827902592, 52.379535490456881 ], [ 6.780077728194014, 52.379396570604257 ], [ 6.7801775317364, 52.379219792454421 ], [ 6.780224737238599, 52.379135120452034 ], [ 6.780416345376055, 52.378785127577629 ], [ 6.780497138430056, 52.378636806461138 ], [ 6.780644640702726, 52.378362702775675 ], [ 6.780919170396478, 52.377845962691794 ], [ 6.780952735014478, 52.377783931776335 ], [ 6.781040547389394, 52.37762166696043 ], [ 6.781157191153278, 52.377404761629712 ], [ 6.781272048278153, 52.377190394052562 ], [ 6.781399040571566, 52.376951883502876 ], [ 6.781446480008675, 52.376869194687004 ], [ 6.781510210303327, 52.376758107311723 ], [ 6.782052420877318, 52.376859654512231 ], [ 6.782399104434973, 52.376931046222758 ], [ 6.782386970727384, 52.376939854395765 ], [ 6.782392205796862, 52.376940988179385 ], [ 6.782748796222926, 52.377018176660719 ], [ 6.78280039224426, 52.377013469368997 ], [ 6.782835107403585, 52.376836943941285 ], [ 6.782836593024833, 52.376754913313249 ], [ 6.782869589575537, 52.376761247750373 ], [ 6.782886694980203, 52.376131349974457 ], [ 6.78289939925095, 52.375581854233801 ], [ 6.782916645345602, 52.375581498030762 ], [ 6.782925803119744, 52.374950633154782 ], [ 6.782937316373157, 52.374156693883442 ], [ 6.782963302700737, 52.372945983123387 ], [ 6.782991913072028, 52.37199683118363 ], [ 6.783001575326083, 52.371704340727121 ], [ 6.783002922679724, 52.371663641831923 ], [ 6.783003703131198, 52.371639920350098 ], [ 6.783003978385913, 52.371635602511802 ], [ 6.783008564626701, 52.371563440803271 ], [ 6.783015504842353, 52.371286649787926 ], [ 6.783025447413058, 52.370972286390021 ], [ 6.783033748880841, 52.370599272859266 ], [ 6.783036900745172, 52.370410193604016 ], [ 6.783042323619775, 52.370261995286207 ], [ 6.783042960473962, 52.370236046284653 ], [ 6.783046465157038, 52.370093623378445 ], [ 6.78305473312726, 52.3697601336454 ], [ 6.783062053470355, 52.369496830132725 ], [ 6.783064729947339, 52.369106552553717 ], [ 6.783078002460465, 52.368688087109817 ], [ 6.783081184728185, 52.368628247496879 ], [ 6.783090770115844, 52.368448089997315 ], [ 6.783099641518508, 52.368082943678409 ], [ 6.783107779415192, 52.367847953944263 ], [ 6.783106781997849, 52.36775004238222 ], [ 6.783123798225572, 52.367743414694708 ], [ 6.783190194591637, 52.367722676397854 ], [ 6.783238412011961, 52.365950246824433 ], [ 6.783239673954749, 52.365940425217005 ], [ 6.783154249026102, 52.365943410577643 ], [ 6.783160686004192, 52.365734633999303 ], [ 6.783170474613303, 52.365529242580998 ], [ 6.783178412971226, 52.365363027950842 ], [ 6.783518998897948, 52.365389535044869 ], [ 6.783568717122863, 52.365219321719785 ], [ 6.783355289925193, 52.36520438408381 ], [ 6.783186703322889, 52.365189339514885 ], [ 6.783189021974562, 52.365140790917415 ], [ 6.783381797219119, 52.364962462838385 ], [ 6.78359135789912, 52.364767001537487 ], [ 6.783787232997913, 52.364603746257607 ], [ 6.783992069455043, 52.36440385458053 ], [ 6.784061045305397, 52.364349575236247 ], [ 6.784201319505291, 52.364228063180832 ], [ 6.784419065651102, 52.364030247507067 ], [ 6.784607901293753, 52.3638474245137 ], [ 6.784959358572168, 52.363970877482082 ], [ 6.785214480619287, 52.364063584596444 ], [ 6.785405493867079, 52.364159934143352 ], [ 6.785741617243193, 52.364261678411111 ], [ 6.785826393478117, 52.364214492146743 ], [ 6.785917441374663, 52.364192508047822 ], [ 6.785740286667598, 52.364039788856203 ], [ 6.785603337450014, 52.363941596401837 ], [ 6.785312821983292, 52.363771834304949 ], [ 6.784988620392999, 52.363609822261445 ], [ 6.784963395616076, 52.36362475393706 ], [ 6.784949776520796, 52.363607269906346 ], [ 6.785087489825174, 52.363514128525757 ], [ 6.785196582830994, 52.363452579025889 ], [ 6.785263259870136, 52.363413499118991 ], [ 6.784831146079892, 52.363261894256887 ], [ 6.784449236423188, 52.36313266124079 ], [ 6.784215350663786, 52.363043611886432 ], [ 6.783981825652893, 52.362966917348061 ], [ 6.78388101219608, 52.363089033064917 ], [ 6.783805528971001, 52.363199577812395 ], [ 6.783757680725164, 52.3632547042887 ], [ 6.783601984649269, 52.363447813468632 ], [ 6.783534753716858, 52.363360705929715 ], [ 6.783619539032702, 52.363236856100521 ], [ 6.78377477478178, 52.363064588236483 ], [ 6.783937905683501, 52.362851202299183 ], [ 6.783875133765463, 52.362807296171269 ], [ 6.783813140195259, 52.36273635165297 ], [ 6.783822636038909, 52.362652311609125 ], [ 6.783829777858335, 52.362637117219421 ], [ 6.783861949141487, 52.362568629709365 ], [ 6.783907740846832, 52.362483199409354 ], [ 6.783985178520977, 52.362384406759425 ], [ 6.784101222387217, 52.362097958533653 ], [ 6.784257221201948, 52.361747829492181 ], [ 6.784446902022947, 52.361345140707769 ], [ 6.784272109119575, 52.361227249861415 ], [ 6.784110795280718, 52.361150835525365 ], [ 6.783927378608889, 52.361049971817607 ], [ 6.783758542598522, 52.360947254829995 ], [ 6.78361193490599, 52.36088319655974 ], [ 6.783425887252464, 52.360822740615959 ], [ 6.783051184477821, 52.360742550703733 ], [ 6.783066043518733, 52.36060730142237 ], [ 6.783101943150809, 52.360416585989249 ], [ 6.783179238236055, 52.36020884281799 ], [ 6.783237258992942, 52.360108023512915 ], [ 6.783399478738436, 52.360115916041394 ], [ 6.783394440346125, 52.360106090565615 ], [ 6.782581005838309, 52.358519668020641 ], [ 6.782537679033445, 52.358435145390608 ], [ 6.782329793698303, 52.358029678258632 ], [ 6.781988420518219, 52.357363843223645 ], [ 6.781956779484041, 52.357302112929375 ], [ 6.779818426172782, 52.353130865942717 ], [ 6.779787260508829, 52.353070055313005 ], [ 6.778989970339814, 52.351514575706233 ], [ 6.778322385786172, 52.350212109269449 ], [ 6.776932988053908, 52.349028431340507 ], [ 6.776837919096726, 52.348947435842646 ], [ 6.776357364973737, 52.348540459979851 ], [ 6.776223363320826, 52.348429188614844 ], [ 6.774968976202635, 52.347387534120188 ], [ 6.774928952481015, 52.347354295808231 ], [ 6.774575809261833, 52.347061027029021 ], [ 6.774468202126585, 52.34697166436279 ], [ 6.774165651039941, 52.346720416764789 ], [ 6.773978606036298, 52.346563274963998 ], [ 6.773759682670685, 52.346503333491249 ], [ 6.770325594252517, 52.345578261690626 ], [ 6.770310896342618, 52.345574298722951 ], [ 6.770271100293747, 52.345563734838443 ], [ 6.770247711365449, 52.345557347641254 ], [ 6.769965950919163, 52.34548045302536 ], [ 6.769775412181495, 52.34542861288007 ], [ 6.769379326266882, 52.345320846381895 ], [ 6.76922763048431, 52.345279571693212 ], [ 6.768300113584343, 52.345027205155723 ], [ 6.767553918622826, 52.344824167225461 ], [ 6.765371227395089, 52.344229466373484 ], [ 6.765258470561713, 52.344201710460041 ], [ 6.765247141622776, 52.344198921101295 ], [ 6.764540949855196, 52.343987712923159 ], [ 6.764120381976316, 52.343863926453288 ], [ 6.764106010801349, 52.343859104987772 ], [ 6.764094693517792, 52.343855740104061 ], [ 6.763742724433199, 52.343751297546831 ], [ 6.763429955160346, 52.343669480979678 ], [ 6.763163737238905, 52.343595598473236 ], [ 6.762930703344813, 52.343533068728242 ], [ 6.762780285681586, 52.343485757517755 ], [ 6.762634361593482, 52.343437099485861 ], [ 6.762519518483581, 52.343369850709195 ], [ 6.762399792464799, 52.343293732766234 ], [ 6.762179911562339, 52.343155911691269 ], [ 6.761849630636841, 52.342942079061949 ], [ 6.761552389878688, 52.342753389673533 ], [ 6.761427836759525, 52.342661569576933 ], [ 6.761324585588611, 52.342576117599215 ], [ 6.761105715748339, 52.342388727851393 ], [ 6.760898009151215, 52.342208695686111 ], [ 6.760723998065801, 52.342058465086495 ], [ 6.760577181470443, 52.341942812798138 ], [ 6.760491279243558, 52.341694201652629 ], [ 6.760388453787659, 52.341396645427288 ], [ 6.760381345394199, 52.341376080797993 ], [ 6.759700269767431, 52.339404968938723 ], [ 6.75958821870455, 52.339080651650377 ], [ 6.759557821465471, 52.338992689875376 ], [ 6.759522312530034, 52.338521623881782 ], [ 6.759507478533045, 52.338324762549455 ], [ 6.759407773841783, 52.337001974864584 ], [ 6.759377024296435, 52.336594080355745 ], [ 6.759362904398571, 52.336414100528664 ], [ 6.759334719029836, 52.336054940221302 ], [ 6.759184889079886, 52.334145102285554 ], [ 6.759148974531679, 52.333687227017059 ], [ 6.75914324199428, 52.333614277821006 ], [ 6.759142440753158, 52.333604021951928 ], [ 6.759042624100168, 52.332165315144756 ], [ 6.759036325448346, 52.332074511820927 ], [ 6.75903535255931, 52.332060599513277 ], [ 6.758945331589086, 52.332015351593277 ], [ 6.758554732585679, 52.331866713087834 ], [ 6.75747759824722, 52.331456286369097 ], [ 6.755915174054049, 52.33086091489001 ], [ 6.755545775405201, 52.330720147045746 ], [ 6.754961937090574, 52.330497660721825 ], [ 6.753988213007919, 52.330126581829255 ], [ 6.753772201608625, 52.330044260300689 ], [ 6.753707931085526, 52.330036391753097 ], [ 6.75265699707233, 52.329907650161061 ], [ 6.752210699368506, 52.329852982296543 ], [ 6.751518073874986, 52.329768130167658 ], [ 6.751131041182547, 52.329720711574467 ], [ 6.750679165360314, 52.329665347239136 ], [ 6.750555604325988, 52.329736677331489 ], [ 6.750336290163597, 52.329863286267262 ], [ 6.750188970097724, 52.329948337000594 ], [ 6.749953896489663, 52.330084034692334 ], [ 6.748798696747779, 52.331265231100566 ], [ 6.748446114416199, 52.331625738780261 ], [ 6.74837324697923, 52.331700240269797 ], [ 6.747686783234628, 52.332400605252204 ], [ 6.747641752256778, 52.332446543396685 ], [ 6.747625703587753, 52.33246292572737 ], [ 6.747608842315456, 52.332480130884534 ], [ 6.74758499812032, 52.332504463538839 ], [ 6.747473508587005, 52.332618204116713 ], [ 6.747406040031767, 52.332687042884828 ], [ 6.746683676045563, 52.333423994241244 ], [ 6.746279301449323, 52.333836532936921 ], [ 6.746012626056141, 52.334108576200641 ], [ 6.745777550063761, 52.334348381770127 ], [ 6.745728574181928, 52.334398355452862 ], [ 6.745515934783898, 52.33461527808543 ], [ 6.745469405632828, 52.3346627516501 ], [ 6.745415063832966, 52.334718171073227 ], [ 6.745413100381392, 52.334720180132656 ], [ 6.745071912285126, 52.334994470094841 ], [ 6.744116480832449, 52.335762565787221 ], [ 6.74383640264366, 52.335987710596825 ], [ 6.743684933390735, 52.336109465489969 ], [ 6.743530903376431, 52.336163303736669 ], [ 6.742982334838254, 52.336354995026163 ], [ 6.742607177687096, 52.336486090015235 ], [ 6.741686255782572, 52.336807902014542 ], [ 6.741652789009454, 52.336819602089946 ], [ 6.74158601484964, 52.336842937465526 ], [ 6.741227416290815, 52.336968247391056 ], [ 6.740576654271739, 52.33719564090984 ], [ 6.740183231909146, 52.33733311233371 ], [ 6.740181184648747, 52.337333827885139 ], [ 6.739657401602081, 52.337516842453908 ], [ 6.738983372675928, 52.337744978500915 ], [ 6.738975690773705, 52.337747151682848 ], [ 6.738966044660596, 52.33774987764815 ], [ 6.738933662090756, 52.337759640963021 ], [ 6.738901564956064, 52.337769140333826 ], [ 6.738893464203624, 52.337771534026572 ], [ 6.738878644787892, 52.337775928088895 ], [ 6.738836610686045, 52.33778872301248 ], [ 6.736738283343948, 52.338521237777371 ], [ 6.736551897861041, 52.338586312299412 ], [ 6.736294190753098, 52.338682698776957 ], [ 6.73594687012668, 52.338812609809779 ], [ 6.735662505899859, 52.338918970721068 ], [ 6.735435265894253, 52.339003960802657 ], [ 6.735088041549348, 52.339133823224465 ], [ 6.734497262467082, 52.339354782288765 ], [ 6.734216116401737, 52.339391413534791 ], [ 6.73395223284713, 52.339425798124637 ], [ 6.733753585132164, 52.339451673197978 ], [ 6.733642319077401, 52.339466171268228 ], [ 6.733383930890343, 52.33949984483705 ], [ 6.733256044837452, 52.339516509219877 ], [ 6.732435138938809, 52.339623457132134 ], [ 6.73134206810198, 52.339765860935223 ], [ 6.729611081392323, 52.339991343115209 ], [ 6.727378674240874, 52.34028209539747 ], [ 6.727058545439758, 52.340323789396209 ], [ 6.726972760830833, 52.340334711623818 ], [ 6.726317554406414, 52.340420288244218 ], [ 6.725946026935294, 52.340468664450633 ], [ 6.725764216659311, 52.340495000613465 ], [ 6.725610533216899, 52.340517260947699 ], [ 6.724791851363544, 52.34063588754529 ], [ 6.724648161375595, 52.340656703279883 ], [ 6.724278108788875, 52.340710315922252 ], [ 6.721738520437428, 52.341078203410923 ], [ 6.720845661946201, 52.341207535967243 ], [ 6.720373520970717, 52.341275923187453 ], [ 6.720128536498681, 52.341311403046916 ], [ 6.71991902963819, 52.341341745621264 ], [ 6.719349905530803, 52.341424174138183 ], [ 6.718909979525739, 52.341487887068993 ], [ 6.718802137085572, 52.341503824670369 ], [ 6.718233599574092, 52.341587841162337 ], [ 6.717628225862029, 52.341677302905289 ], [ 6.716954543125528, 52.341776850761768 ], [ 6.71622539359028, 52.341884586468439 ], [ 6.715429248483218, 52.342002220461389 ], [ 6.713641401913327, 52.342266352810363 ], [ 6.712336364276589, 52.342657462033536 ], [ 6.712091801090228, 52.34273060989463 ], [ 6.711965337331809, 52.342768439448861 ], [ 6.711959984237376, 52.342770036465524 ], [ 6.711534436184261, 52.342897317344125 ], [ 6.711367096498872, 52.342947370067286 ], [ 6.711089984091653, 52.343030048647599 ], [ 6.710473204895229, 52.343214054026554 ], [ 6.709740892061069, 52.343434583548159 ], [ 6.709840798438287, 52.343525348562196 ], [ 6.710040272693558, 52.343707789982375 ], [ 6.710256830924319, 52.343905455541041 ], [ 6.710324910549349, 52.343967327032829 ], [ 6.710528305373174, 52.344152159718185 ], [ 6.71052933064499, 52.344153074080154 ], [ 6.710596868182273, 52.34421495148306 ], [ 6.7106007910779, 52.344218539012914 ], [ 6.710757609279602, 52.344362194002329 ], [ 6.710768804834108, 52.344371452893583 ], [ 6.710776344042419, 52.344377696551582 ], [ 6.710794988375862, 52.344393119211766 ], [ 6.710849702756532, 52.344438385092893 ], [ 6.71115456050936, 52.344690565907335 ], [ 6.711542866805784, 52.345017253539055 ], [ 6.711816338647533, 52.345241901239717 ], [ 6.711893809672925, 52.345305536319643 ], [ 6.712006807775438, 52.345398957387786 ], [ 6.712153827140988, 52.34543191705351 ], [ 6.712208553267615, 52.345445542090808 ], [ 6.712262027640167, 52.345464430504755 ], [ 6.71233134853171, 52.3454944670899 ], [ 6.712381209582195, 52.345515715004375 ], [ 6.712431895804583, 52.345538544646857 ], [ 6.712492351403763, 52.345554801963509 ], [ 6.712547387862542, 52.345567506525114 ], [ 6.712771060085352, 52.345612550232254 ], [ 6.71301308628808, 52.345659311377844 ], [ 6.71308211585439, 52.345675643080192 ], [ 6.71314071206569, 52.345700388232103 ], [ 6.713197400173697, 52.345715797545211 ], [ 6.713455424095343, 52.345785101804289 ], [ 6.713612088284261, 52.345848486030334 ], [ 6.713723358243238, 52.345890320940129 ], [ 6.713998443200845, 52.345973023560511 ], [ 6.714212648688841, 52.346038557043919 ], [ 6.714523800588818, 52.346126768378426 ], [ 6.714884790136336, 52.346204927501084 ], [ 6.714874458640741, 52.346230472399121 ], [ 6.714849321682514, 52.346258107044306 ], [ 6.714788202376361, 52.346282514106058 ], [ 6.714716687048924, 52.346315109628691 ], [ 6.71468976553422, 52.346337065451614 ], [ 6.714657884473497, 52.346379669958012 ], [ 6.714624216207392, 52.346424352915129 ], [ 6.71457299228452, 52.346468001414394 ], [ 6.714522237404294, 52.346498386345949 ], [ 6.714334149869884, 52.346643182781563 ], [ 6.714138006621303, 52.346798397245941 ], [ 6.714287526401769, 52.34695350017568 ], [ 6.714356767667812, 52.347020983262496 ], [ 6.714437131662376, 52.347086894336897 ], [ 6.714489073770638, 52.34712020778192 ], [ 6.714613792661826, 52.347201297274488 ], [ 6.714739340234918, 52.347276220102813 ], [ 6.714866439578569, 52.347352464694545 ], [ 6.715040089395732, 52.347443179717509 ], [ 6.715067815765629, 52.347467713150415 ], [ 6.715084430415105, 52.347482411871979 ], [ 6.715088274952125, 52.347485811373495 ], [ 6.715134003597542, 52.347526286345875 ], [ 6.715144648414316, 52.347535721797826 ], [ 6.715767651500482, 52.348087021287341 ], [ 6.716371926998928, 52.348617764171408 ], [ 6.717023270293993, 52.349195839558092 ], [ 6.717534666434486, 52.349651342885032 ], [ 6.717634539477372, 52.349739989480319 ], [ 6.717990303142912, 52.350055741564013 ], [ 6.71801426520715, 52.350077008837843 ], [ 6.718453006080005, 52.350466413988066 ], [ 6.718476318745993, 52.350487059271558 ], [ 6.718763717806466, 52.350741574597343 ], [ 6.718925108014469, 52.35088428661355 ], [ 6.719716422511612, 52.351584015245422 ], [ 6.719982783332571, 52.351818405312315 ], [ 6.720563189813231, 52.352329126665886 ], [ 6.720483978055912, 52.353144617092624 ], [ 6.720483909455361, 52.353145265049491 ], [ 6.720458627146587, 52.353405430202365 ], [ 6.720422256745463, 52.353779723492423 ], [ 6.720364246124428, 52.354373260338953 ], [ 6.720357539562772, 52.354443663195582 ], [ 6.720316892185418, 52.354870102832081 ], [ 6.720251605413586, 52.355555243984881 ], [ 6.720250121075094, 52.355570820077844 ], [ 6.720174193307073, 52.356367477401683 ], [ 6.720094087388003, 52.357183956643695 ], [ 6.719964122568547, 52.358508550635563 ], [ 6.719917378132162, 52.358984918467549 ], [ 6.719909914105491, 52.359060938674737 ], [ 6.71989630064479, 52.359197611659269 ], [ 6.719873360993136, 52.359427979522536 ], [ 6.719833919162592, 52.35983668829271 ], [ 6.719807586371527, 52.360109529742601 ], [ 6.71973759120647, 52.360834893080877 ], [ 6.719717113376982, 52.361047076031355 ], [ 6.719706099428616, 52.361141302226279 ], [ 6.719693372965648, 52.361288967236312 ], [ 6.719318841583, 52.361485811313067 ], [ 6.718785764895006, 52.361769605999491 ], [ 6.718537698498826, 52.361902346373306 ], [ 6.718222445692717, 52.36207281233154 ], [ 6.71804938682225, 52.362165373530928 ], [ 6.717370356375356, 52.363402907055914 ], [ 6.717285307884747, 52.363560840742274 ], [ 6.716720085521977, 52.364595493343089 ], [ 6.716505828928179, 52.364982479390079 ], [ 6.71646087918323, 52.365063657369191 ], [ 6.716426916802021, 52.365126366095701 ], [ 6.716195271673099, 52.365554076586378 ], [ 6.716020752305519, 52.365869445987769 ], [ 6.716012394688306, 52.365884548165752 ], [ 6.715993162226274, 52.365920422054188 ], [ 6.715978408021051, 52.365947958129532 ], [ 6.715977741838499, 52.365949197376928 ], [ 6.716483614637728, 52.36607772443643 ], [ 6.717181447076833, 52.366255003855002 ], [ 6.717168909868919, 52.366275656834972 ], [ 6.717276894110466, 52.366305498800905 ], [ 6.717296108686464, 52.366336608206275 ], [ 6.717481500876127, 52.366437722615331 ], [ 6.717569460126987, 52.366539123250092 ], [ 6.717830537092046, 52.366471505428258 ], [ 6.71792102157248, 52.366636957390575 ], [ 6.718028780741394, 52.366826079823213 ], [ 6.718428830848959, 52.366756115576635 ], [ 6.718692566170148, 52.366701229811518 ], [ 6.719436999658937, 52.366908955496754 ], [ 6.719683571049421, 52.366977755655569 ], [ 6.721519099803737, 52.367483500397093 ], [ 6.721710778639369, 52.367537841398864 ], [ 6.721912983776916, 52.367594040861775 ], [ 6.722097858408965, 52.367646219820223 ], [ 6.722298690219231, 52.367701643122992 ], [ 6.722844135864713, 52.367852177663345 ], [ 6.722847482363449, 52.367853101674392 ], [ 6.722968868006989, 52.367885429889228 ], [ 6.722870081299066, 52.367973492122623 ], [ 6.722799268891386, 52.368050371259201 ], [ 6.72200227200547, 52.368825421009078 ], [ 6.721964975554516, 52.368860627740489 ], [ 6.721928350325851, 52.368895206672391 ], [ 6.7219256086455, 52.368897790370227 ], [ 6.721834266222892, 52.368984014934853 ], [ 6.721709039036805, 52.369102216627731 ], [ 6.72156243559251, 52.369240605012365 ], [ 6.72135731468863, 52.369434222986925 ], [ 6.721124456454594, 52.369653851766174 ], [ 6.720994933430479, 52.369777287524869 ], [ 6.720956039795419, 52.369814615262037 ], [ 6.720855444225986, 52.369911163395393 ], [ 6.720709617952641, 52.370053595773932 ], [ 6.72054367759529, 52.370212811661936 ], [ 6.720399579969235, 52.37035223993059 ], [ 6.720216127688045, 52.370528874844133 ], [ 6.720069506409848, 52.370670398499328 ], [ 6.719951773196965, 52.370782221768394 ], [ 6.719818713092862, 52.370909363357676 ], [ 6.719697799213868, 52.371025338969723 ], [ 6.719606759651229, 52.371110201016492 ], [ 6.719559575237645, 52.371154174327039 ], [ 6.719382543900208, 52.371324299715376 ], [ 6.719274686806973, 52.371431597670998 ], [ 6.719164181658408, 52.371538269157753 ], [ 6.719052588559089, 52.371653716691661 ], [ 6.720590750075369, 52.372162697374414 ], [ 6.721153709528353, 52.372348970173725 ], [ 6.721736432088012, 52.372541776904086 ], [ 6.722774380371931, 52.372885199016906 ], [ 6.723533627175276, 52.373136399240714 ], [ 6.72475126154065, 52.373539248262098 ], [ 6.724774492023143, 52.373546931648526 ], [ 6.725088887384987, 52.373649839084841 ], [ 6.725554565083923, 52.373802270112719 ], [ 6.725774705800572, 52.373758252781322 ], [ 6.725839405933254, 52.373745350318913 ], [ 6.725983367548737, 52.373958559146963 ], [ 6.726002715738337, 52.373996209380302 ], [ 6.725956097275833, 52.374004835527252 ], [ 6.726084334879963, 52.374066943389231 ], [ 6.726215917961093, 52.374130397510704 ], [ 6.726310982246726, 52.374175577353803 ], [ 6.726387039320858, 52.374211417294362 ], [ 6.726570822143586, 52.37429927770485 ], [ 6.72663904490365, 52.374334891550426 ], [ 6.726798215916818, 52.374410661813528 ], [ 6.726951829970526, 52.374470683766262 ], [ 6.727125919726656, 52.374567219231658 ], [ 6.727272042540105, 52.374647091603293 ], [ 6.727394694859144, 52.374716703902791 ], [ 6.727499444933414, 52.374774671809284 ], [ 6.727610908870084, 52.374832698409847 ], [ 6.727692647838484, 52.374878603360763 ], [ 6.72778004943032, 52.37492768900831 ], [ 6.727792434947418, 52.374934640739745 ], [ 6.727939314633489, 52.375015663260996 ], [ 6.728119370242782, 52.375116525143248 ], [ 6.72832551286723, 52.375231544856469 ], [ 6.728480206044982, 52.375317359000768 ], [ 6.728641632816124, 52.375407267347775 ], [ 6.728710973156106, 52.375447667281954 ], [ 6.728878381232478, 52.375501759700938 ], [ 6.728993591867232, 52.375536911405561 ], [ 6.729154314619836, 52.375588948929973 ], [ 6.729383248431391, 52.375661992123746 ], [ 6.729663651258288, 52.375751691250713 ], [ 6.729687127106557, 52.375760134936264 ], [ 6.729804594728796, 52.375798478189402 ], [ 6.730008557678397, 52.375862626075843 ], [ 6.730329593568205, 52.375964644433793 ], [ 6.730473698294078, 52.376011017183963 ], [ 6.730553700806594, 52.37603676939375 ], [ 6.730720363489136, 52.376091317129536 ], [ 6.731025396158937, 52.376188086159253 ], [ 6.7312845349207, 52.376271847747404 ], [ 6.731344873192211, 52.376291818347696 ], [ 6.731709630821427, 52.376412446262066 ], [ 6.731807215750468, 52.376444020270597 ], [ 6.73189159984583, 52.376471330770642 ], [ 6.731911279622467, 52.376477587969788 ], [ 6.732073938235825, 52.376529302952555 ], [ 6.732127575891602, 52.376546239233782 ], [ 6.732214876178204, 52.376573804001801 ], [ 6.732312201126534, 52.376605982792213 ], [ 6.732378580500583, 52.376629947074342 ], [ 6.732094356820515, 52.37663881322176 ], [ 6.731814229944093, 52.376648135503061 ], [ 6.731645266990189, 52.376651996629441 ], [ 6.731619902064542, 52.376659745348817 ], [ 6.731551988781233, 52.376690763595832 ], [ 6.731487053068324, 52.376724076038506 ], [ 6.731331828501165, 52.376827428706527 ], [ 6.7311440095027, 52.376966548563949 ], [ 6.730998919656269, 52.377071421619597 ], [ 6.730914745322868, 52.377130992266807 ], [ 6.730774201743892, 52.37723858191687 ], [ 6.730632867010111, 52.37734480511174 ], [ 6.730490863713074, 52.37745467611618 ], [ 6.730379864224184, 52.377542703244863 ], [ 6.730300302975255, 52.377612063635667 ], [ 6.730266104957013, 52.377594923895138 ], [ 6.730183795371246, 52.377657933463112 ], [ 6.729923390173796, 52.377857901066015 ], [ 6.729800218532663, 52.377955341995097 ], [ 6.729788291509061, 52.378007206886707 ], [ 6.729774334422328, 52.378022115567148 ], [ 6.729455876714773, 52.378260322110393 ], [ 6.729439227743478, 52.378269769224282 ], [ 6.729438996834358, 52.378279120021027 ], [ 6.729465654340873, 52.378342627990307 ], [ 6.729575443380607, 52.378631104367855 ], [ 6.72968848762447, 52.378923714438734 ], [ 6.729633083442862, 52.379002247362642 ], [ 6.729602426790864, 52.37904920114584 ], [ 6.729566141790574, 52.379094124407139 ], [ 6.729523416649042, 52.379131552272163 ], [ 6.729469502377122, 52.379168603658471 ], [ 6.729396534046056, 52.37920845084561 ], [ 6.729304420378121, 52.379258753146082 ], [ 6.729147509366125, 52.379345672716951 ], [ 6.728983927519456, 52.379433989031014 ], [ 6.728775931536029, 52.379547662135813 ], [ 6.72863590439728, 52.379621778573203 ], [ 6.728574174298221, 52.379654450775313 ], [ 6.727990805998345, 52.379968310349398 ], [ 6.727643602183238, 52.380155781992173 ], [ 6.727416361906956, 52.380280286159156 ], [ 6.727307122700762, 52.380336120028048 ], [ 6.727221960359838, 52.380380867877001 ], [ 6.726752621460226, 52.380636118574316 ], [ 6.726517986889678, 52.3807654506479 ], [ 6.726346679463296, 52.380863854970009 ], [ 6.72611956738428, 52.38099770328887 ], [ 6.726092133579552, 52.381009042677235 ], [ 6.72604290900339, 52.381043477638272 ], [ 6.726081653339092, 52.381084171287462 ], [ 6.726327701909566, 52.381278544070739 ], [ 6.726465172372673, 52.381387359880165 ], [ 6.726620480307676, 52.381496324225672 ], [ 6.726888872906617, 52.381652223374225 ], [ 6.727198894650705, 52.381802733841127 ], [ 6.727477793223901, 52.38193141203157 ], [ 6.727645429251665, 52.382009764018726 ], [ 6.727894485206618, 52.382125916499973 ], [ 6.728000131413361, 52.382172602136698 ], [ 6.728223775163412, 52.382271217372818 ], [ 6.728502679090909, 52.382392594360219 ], [ 6.728738240121397, 52.382482057993236 ], [ 6.728772184475121, 52.382479066541187 ], [ 6.72906044266151, 52.382418810932016 ], [ 6.729587157066721, 52.382787996459292 ], [ 6.729495101116386, 52.38283462181267 ], [ 6.729668805356164, 52.382966132791012 ], [ 6.729792127629886, 52.383077819844011 ], [ 6.729874348296922, 52.383156014014943 ], [ 6.729992102472938, 52.383284608710802 ], [ 6.730081852465461, 52.38339359324447 ], [ 6.730152553770997, 52.383501229825754 ], [ 6.730229246118136, 52.383614110661846 ], [ 6.730282034779637, 52.383713770771905 ], [ 6.730268660979497, 52.383740708629439 ], [ 6.730345532717418, 52.383754793387027 ], [ 6.7303570083653, 52.383783489679075 ], [ 6.730472972674909, 52.384073441028228 ], [ 6.730632581429062, 52.384432666586001 ], [ 6.730789503104596, 52.384753567970897 ], [ 6.730826221056113, 52.384831343192538 ], [ 6.732422750636309, 52.384315176077287 ], [ 6.732871062231373, 52.384169318074264 ], [ 6.7336203125873, 52.383925079494382 ], [ 6.735763455229607, 52.383231467795966 ], [ 6.735809345341399, 52.383216509176101 ], [ 6.735854110105683, 52.3832659399582 ], [ 6.736676869351945, 52.382997743309346 ], [ 6.737027825740432, 52.382885275446384 ], [ 6.73685473308767, 52.383140180601018 ], [ 6.736719689047187, 52.383330598638885 ], [ 6.736390103159619, 52.383801621253411 ], [ 6.736077977395693, 52.384246610540011 ], [ 6.735868548355815, 52.384545037668303 ], [ 6.735732385340918, 52.384736132366832 ], [ 6.735562747053041, 52.384979517582657 ], [ 6.735528936169609, 52.385033295209752 ], [ 6.73549505533363, 52.385087190474977 ], [ 6.735226785679384, 52.38550687805111 ], [ 6.734910834188576, 52.38598672943224 ], [ 6.734622820753136, 52.386400986432321 ], [ 6.734594837861204, 52.386439722364472 ], [ 6.734557493842174, 52.386488982665554 ], [ 6.734670082432173, 52.386523772366374 ], [ 6.735156697540106, 52.38667412149222 ], [ 6.735490102457304, 52.386779419145292 ], [ 6.735674301194492, 52.386837589560855 ], [ 6.736242335506181, 52.387015320858218 ], [ 6.736722298468862, 52.387167815807672 ], [ 6.736802278704943, 52.3871930158734 ], [ 6.737357055578836, 52.387367827917828 ], [ 6.737446303297326, 52.387395816181339 ], [ 6.737803072542136, 52.387507690201225 ], [ 6.738073096043789, 52.387592176076353 ], [ 6.738285244057551, 52.387658544719031 ], [ 6.738731654827954, 52.387799082183257 ], [ 6.739177034209061, 52.387936537673973 ], [ 6.739261758511068, 52.387963533568303 ], [ 6.739667060623352, 52.388092699075301 ], [ 6.740451925934503, 52.388344542807744 ], [ 6.740776198610188, 52.388460734478699 ], [ 6.74102544610104, 52.388550044463052 ], [ 6.741465519080449, 52.388702302478322 ], [ 6.74166252803236, 52.388769539455559 ], [ 6.741790977434261, 52.388813372294187 ], [ 6.742225197356245, 52.388961901296426 ], [ 6.742644484483154, 52.389110608708542 ], [ 6.743048724814538, 52.389252412949567 ], [ 6.743338005016193, 52.389354329045609 ], [ 6.743415842666781, 52.389381751456185 ], [ 6.743550706603831, 52.389429122345604 ], [ 6.743745391525501, 52.38949749711864 ], [ 6.744077528568352, 52.389613266138468 ], [ 6.744251097108202, 52.389673765405426 ], [ 6.744464697184866, 52.389748052407484 ], [ 6.744573279554283, 52.389785818015078 ], [ 6.744932963849881, 52.389910563023875 ], [ 6.745342441026091, 52.390051139925639 ], [ 6.745357675009792, 52.390056367307878 ], [ 6.745613968069871, 52.390150135160511 ], [ 6.745953177542819, 52.390273431195382 ], [ 6.746277682306311, 52.390391456975635 ], [ 6.746577347977693, 52.390500967252379 ], [ 6.746672243034568, 52.390488515811207 ], [ 6.746745605809902, 52.390478657635157 ] ], [ [ 6.759324248322065, 52.37635701152103 ], [ 6.7578771258496, 52.376288722808752 ], [ 6.757514113669971, 52.376271589323409 ], [ 6.75784251446278, 52.375409304168834 ], [ 6.757923359982197, 52.375190149509883 ], [ 6.758070439037347, 52.374793276298128 ], [ 6.758018063243091, 52.374785917229715 ], [ 6.757378345138393, 52.374695530562001 ], [ 6.757594839348053, 52.374110152473122 ], [ 6.757599873775255, 52.374089150536022 ], [ 6.75729283295072, 52.374035303942293 ], [ 6.756959459433997, 52.373975924100343 ], [ 6.756862507510044, 52.373959836510544 ], [ 6.75679948862772, 52.373966039973908 ], [ 6.756775508765932, 52.373976124153138 ], [ 6.756635143438761, 52.374014889778017 ], [ 6.756619343378647, 52.374020203355066 ], [ 6.756454002804187, 52.374013066717552 ], [ 6.756420078798958, 52.374011697444466 ], [ 6.756374764878064, 52.374004842012802 ], [ 6.756341980751857, 52.373978372112042 ], [ 6.756250654234177, 52.373897523785239 ], [ 6.756071453184552, 52.373740667850086 ], [ 6.755978531768442, 52.373660597309787 ], [ 6.755934504194554, 52.373609961830262 ], [ 6.755922001184479, 52.373573128791605 ], [ 6.755916782897215, 52.373557757373142 ], [ 6.755914756218607, 52.373520181147562 ], [ 6.755906828017615, 52.373354251844077 ], [ 6.755883178722552, 52.373216638945102 ], [ 6.755865817998807, 52.373179959159472 ], [ 6.755793487922132, 52.373001552312466 ], [ 6.755721245225561, 52.372831665682618 ], [ 6.75567155965479, 52.372693140353419 ], [ 6.755548490984816, 52.372714086881807 ], [ 6.755432923284254, 52.372599783699449 ], [ 6.755363670932691, 52.372597627098799 ], [ 6.755339536159211, 52.372593874703753 ], [ 6.755030772350836, 52.372545871413266 ], [ 6.753936292394211, 52.372498023203931 ], [ 6.753918696423789, 52.37249161704689 ], [ 6.753761236931736, 52.372530938959727 ], [ 6.753598580339404, 52.372568753941813 ], [ 6.753350917360166, 52.3726283768532 ], [ 6.753194781185243, 52.372639994891365 ], [ 6.753037240055462, 52.372616501172786 ], [ 6.752974499996332, 52.37258260987663 ], [ 6.753038609909604, 52.372290115328461 ], [ 6.753046886761826, 52.372080664407576 ], [ 6.752655371095091, 52.372044706580695 ], [ 6.752322516683614, 52.372031771226446 ], [ 6.751978014398289, 52.372018381412545 ], [ 6.75198399253607, 52.371995993573258 ], [ 6.7520054731161, 52.371915507479756 ], [ 6.752020338624515, 52.371859809355684 ], [ 6.752021657994868, 52.371854867443027 ], [ 6.752060479380491, 52.371709413395834 ], [ 6.752082718085791, 52.371626085305117 ], [ 6.751940620067547, 52.371620380409283 ], [ 6.751833179358219, 52.371616219939582 ], [ 6.75181012715447, 52.371386683845394 ], [ 6.751808542130811, 52.371368014654763 ], [ 6.752940265552869, 52.371396049509492 ], [ 6.752973350043262, 52.371139517159037 ], [ 6.752987959627977, 52.371061020252426 ], [ 6.753016857127647, 52.370928149477677 ], [ 6.753024858331536, 52.370889032755947 ], [ 6.753042099248023, 52.370851048927186 ], [ 6.753068211340365, 52.370815011222547 ], [ 6.753073176356908, 52.370809478007871 ], [ 6.753128823711228, 52.37074755982772 ], [ 6.753288866510742, 52.370581372234888 ], [ 6.75334113126747, 52.370529271787859 ], [ 6.753392348758862, 52.370478217105827 ], [ 6.753488239801753, 52.37037234865393 ], [ 6.753522847806741, 52.370336014096253 ], [ 6.753532466324387, 52.370315752201307 ], [ 6.753536572823799, 52.370294802495408 ], [ 6.75353272253674, 52.370248111177645 ], [ 6.753520691126186, 52.370201943980611 ], [ 6.75350061555247, 52.370156836844089 ], [ 6.753467490012812, 52.370060240374762 ], [ 6.753420708334956, 52.369943657916743 ], [ 6.753364816654867, 52.369814982967497 ], [ 6.753325265339059, 52.369733345907441 ], [ 6.75326934159806, 52.369618387119544 ], [ 6.753260671637297, 52.369600564664943 ], [ 6.753230752132898, 52.369546985127897 ], [ 6.753204749436664, 52.369500420083448 ], [ 6.753175771977251, 52.369456440361944 ], [ 6.753000035750388, 52.369063604812034 ], [ 6.752991254982854, 52.36904217825392 ], [ 6.752567498008085, 52.36909692246752 ], [ 6.752251180311166, 52.369137786817866 ], [ 6.752248540294977, 52.369131835301857 ], [ 6.752250006090653, 52.369042271303584 ], [ 6.752300848051629, 52.368834236693196 ], [ 6.752337682691169, 52.368758100045063 ], [ 6.752480015542471, 52.368431714628016 ], [ 6.752335127293704, 52.368051286105548 ], [ 6.752727621643399, 52.367792620169354 ], [ 6.753581853858675, 52.367963548741749 ], [ 6.753760816703752, 52.367893141065821 ], [ 6.754008071868125, 52.367822115083605 ], [ 6.754075805166393, 52.367798582308431 ], [ 6.754310350685501, 52.367749248393679 ], [ 6.754566062918712, 52.367710617644626 ], [ 6.754764442746922, 52.367676136572413 ], [ 6.754978004259557, 52.367408357915714 ], [ 6.754999680788998, 52.367386543475725 ], [ 6.755025031391842, 52.36736101917387 ], [ 6.755062317573814, 52.36731522581433 ], [ 6.755307568320675, 52.367012227420666 ], [ 6.755456472041043, 52.367047026771466 ], [ 6.755565419944797, 52.367072487624313 ], [ 6.756044047394517, 52.367184342301755 ], [ 6.756074954523644, 52.36719156492547 ], [ 6.756365718156728, 52.367259514504241 ], [ 6.757146591970836, 52.367441994200306 ], [ 6.757228357220412, 52.367461101321958 ], [ 6.757281347442606, 52.367467672447432 ], [ 6.757727854168019, 52.367523039667979 ], [ 6.758041791493006, 52.367561967301519 ], [ 6.758129849611737, 52.367366840661312 ], [ 6.758225196031679, 52.367155562195002 ], [ 6.758226116450339, 52.367153511095701 ], [ 6.758237870433425, 52.367131975509224 ], [ 6.758456814687547, 52.366730855221128 ], [ 6.758468351713967, 52.366709718524056 ], [ 6.75865060633863, 52.366071683513745 ], [ 6.759128926057125, 52.365722552632178 ], [ 6.759621422671951, 52.365984975279709 ], [ 6.759663699725848, 52.366001653339993 ], [ 6.759724542025275, 52.366006628475468 ], [ 6.759813811317215, 52.366003983983475 ], [ 6.759887632582186, 52.36599894786653 ], [ 6.759902328060869, 52.365990786426899 ], [ 6.760061963229258, 52.366006195397937 ], [ 6.760261213253408, 52.366593013923762 ], [ 6.760472834411188, 52.36715532733151 ], [ 6.760614455531371, 52.367157148790284 ], [ 6.761962852128651, 52.367299799586448 ], [ 6.762140342941106, 52.367460864357462 ], [ 6.762294560433563, 52.367801380175315 ], [ 6.762060004425943, 52.367842532407067 ], [ 6.762233473919984, 52.368334086508312 ], [ 6.762491652708199, 52.368278784439568 ], [ 6.763151151936833, 52.368137514857175 ], [ 6.763682577498265, 52.368023676463608 ], [ 6.763702769419502, 52.368068160393996 ], [ 6.764673053361386, 52.367870983743764 ], [ 6.76471514642445, 52.367862429960496 ], [ 6.765025925418581, 52.36742665247808 ], [ 6.765049958508003, 52.367394354847193 ], [ 6.765053173761657, 52.36739003518634 ], [ 6.76558399547902, 52.366653173154027 ], [ 6.765984518027095, 52.366086514469274 ], [ 6.766289081079178, 52.365665069936341 ], [ 6.766324923560483, 52.36567369213558 ], [ 6.766424450188304, 52.365697632163865 ], [ 6.76710114786039, 52.36588333788368 ], [ 6.767099841720631, 52.365885012432784 ], [ 6.767099135088897, 52.365885992353668 ], [ 6.767086285074704, 52.365903821215305 ], [ 6.767079337155907, 52.36591346173973 ], [ 6.767072548278235, 52.365922881084408 ], [ 6.766782991845181, 52.366324639993131 ], [ 6.766887700864524, 52.366359014444214 ], [ 6.766892209349066, 52.366360493552271 ], [ 6.767110220041052, 52.36643204352314 ], [ 6.767264701085521, 52.366482743175581 ], [ 6.767375106039966, 52.36651794244829 ], [ 6.76738616866241, 52.366521470021922 ], [ 6.767445327456302, 52.366540331324082 ], [ 6.768793247778719, 52.366967067518779 ], [ 6.768825929974512, 52.366977375299918 ], [ 6.768844549807438, 52.366982803701688 ], [ 6.769361218199596, 52.36687580755553 ], [ 6.769421182123589, 52.366862797962476 ], [ 6.769504259650611, 52.366844774081748 ], [ 6.76966132481625, 52.366810697503354 ], [ 6.771834564175999, 52.36634746229884 ], [ 6.77192911451203, 52.366416114636856 ], [ 6.772287504207211, 52.366734255634981 ], [ 6.772863759316575, 52.367243326759819 ], [ 6.774576948010763, 52.367297373364543 ], [ 6.774384691908508, 52.367840586845887 ], [ 6.774348878815342, 52.36797349149407 ], [ 6.774304898571395, 52.368118995180183 ], [ 6.774233088341631, 52.368395386274898 ], [ 6.774339054817727, 52.368469559512604 ], [ 6.773159299096113, 52.369277051521777 ], [ 6.772619973479167, 52.369647176536745 ], [ 6.772242013918552, 52.369915321912011 ], [ 6.771965198295741, 52.370112734966114 ], [ 6.771930092422443, 52.370139743390027 ], [ 6.771323215825639, 52.370556207520792 ], [ 6.772646263657923, 52.371756808227765 ], [ 6.77261264676898, 52.371769929818406 ], [ 6.771740108627252, 52.372110467949099 ], [ 6.771677821168832, 52.372134774085353 ], [ 6.771217718152339, 52.372327840423097 ], [ 6.771207508774642, 52.372331519355996 ], [ 6.77118247179351, 52.372340540209557 ], [ 6.771171826760417, 52.372344377042481 ], [ 6.770244739130862, 52.372717460777992 ], [ 6.770192720303437, 52.372735327041696 ], [ 6.768849460803482, 52.373269809920224 ], [ 6.768840781208407, 52.373389168013084 ], [ 6.768837289262557, 52.373731802504381 ], [ 6.768793788155879, 52.373927458755027 ], [ 6.768728452737682, 52.374075395364279 ], [ 6.7673531329136, 52.373900264098637 ], [ 6.766498784731714, 52.373833824504871 ], [ 6.765946950109415, 52.373806007176888 ], [ 6.76531442721871, 52.373813374792043 ], [ 6.765278766504044, 52.374050893966455 ], [ 6.765239539171332, 52.374312165934541 ], [ 6.765254449208537, 52.374514847451266 ], [ 6.7652833774672, 52.374614621310336 ], [ 6.765311159350981, 52.374652714585032 ], [ 6.765114160357513, 52.3747010908532 ], [ 6.764996230785135, 52.374730544591074 ], [ 6.764837640375081, 52.374819293584778 ], [ 6.764719717707988, 52.374894829311351 ], [ 6.764532192618939, 52.375014948153641 ], [ 6.76452610708445, 52.375018846366444 ], [ 6.76445797115392, 52.375068125264228 ], [ 6.764243608296703, 52.37497807847577 ], [ 6.764064446115675, 52.374902925019541 ], [ 6.763904557918408, 52.374835760948741 ], [ 6.763909252559408, 52.374830394016186 ], [ 6.763894667038892, 52.3748237232953 ], [ 6.763536231624532, 52.374669835269692 ], [ 6.763522203095188, 52.374663598471727 ], [ 6.763480079584143, 52.374761453900014 ], [ 6.762555098776026, 52.37437961730059 ], [ 6.762551774178101, 52.374378685159705 ], [ 6.762366477813169, 52.374553200288474 ], [ 6.762366983335421, 52.374553541377715 ], [ 6.762472909739512, 52.374595869644786 ], [ 6.762409278978537, 52.374776454856026 ], [ 6.76232062429956, 52.374906949177792 ], [ 6.762133076601376, 52.375001262388182 ], [ 6.762069728005945, 52.374991652383763 ], [ 6.761945123769975, 52.374950032410851 ], [ 6.761941594690519, 52.374948853641328 ], [ 6.761894622133725, 52.374993237141275 ], [ 6.761806554428629, 52.375080536274083 ], [ 6.761697041765453, 52.375189092779138 ], [ 6.761395452808443, 52.375488046242175 ], [ 6.76125998219383, 52.375492378760292 ], [ 6.761001045955742, 52.375010274333178 ], [ 6.760846025093097, 52.375007858116263 ], [ 6.759715146544266, 52.374917474441155 ], [ 6.759627124675822, 52.375367525146608 ], [ 6.760056218008422, 52.375402134373381 ], [ 6.76002708529215, 52.375527246993769 ], [ 6.760009370109388, 52.37560332330672 ], [ 6.760003819623053, 52.375627169062724 ], [ 6.759967708301775, 52.375782285951068 ], [ 6.759965426227627, 52.375792065147714 ], [ 6.759951089829507, 52.375853660130367 ], [ 6.759828723523496, 52.376380818722673 ], [ 6.75946407854186, 52.376363609470879 ], [ 6.759324248322065, 52.37635701152103 ] ] ] ] } },
{ "type": "Feature", "properties": { "buurtcode": "BU01830150", "buurtnaam": "Albergen industrie", "pc6_codes": "7665AN, 7665AV, 7665AW, 7665AX, 7665CE, 7665PZ, 7665SE, 7665SG, 7665SH, 7665ST, 7665TM, 7665TN", "wijkcode": "WK018301", "gemeentecode": "GM0183", "gemeentenaam": "Tubbergen", "oppervlakteLandInHa": 21, "AantalInwoners_5": 55, "Mannen_6": 25, "Vrouwen_7": 30, "HuishoudensTotaal_29": 20, "GemiddeldeHuishoudensgrootte_33": 2.3, "Woningvoorraad_35": 23, "NieuwbouwWoningen_36": 0, "NietWoningvoorraad_37": 47, "NieuwbouwNietWoningen_38": 0, "GemiddeldeWOZWaardeVanWoningen_39": 426, "PercentageEengezinswoning_40": 91, "PercentageTussenwoningEengezins_41": 0, "PercentageHoekwoningEengezins_42": 0, "PercentageTweeOnderEenKapWoningEe_43": 35, "PercentageVrijstaandeWoningEengezins_44": 57, "PercentageMeergezinswoning_45": 9, "Koopwoningen_47": 70, "HuurwoningenTotaal_48": 22, "InBezitWoningcorporatie_49": 9, "InBezitOverigeVerhuurders_50": 13, "BouwjaarMeerDanTienJaarGeleden_51": 100, "BouwjaarAfgelopenTienJaar_52": 0, "GemiddeldeElektriciteitslevering_53": 3250, "GemiddeldeElektriciteitsteruglevering_54": 1820, "GemiddeldAardgasverbruik_55": 1430, "AardgasvrijeWoningen_57": null, "Aardgaswoningen_58": null, "WoningenMetZonnestroom_59": null, "WoningenHoofdzElektrVerwarmd_60": null, "k_20PersonenMetHoogsteInkomen_80": null, "k_20HuishoudensMetHoogsteInkomen_85": null, "MediaanVermogenVanParticuliereHuish_86": null, "PersonenautoSTotaal_104": 45, "PersonenautoSBrandstofBenzine_105": 25, "PersonenautoSOverigeBrandstof_106": 20, "PersonenautoSPerHuishouden_107": null, "Omgevingsadressendichtheid_121": 316, "AantalInstallatiesBijWoningen_5": null, "OpgesteldVermogenVanZonnepanelen_6": null, "installaties_per_woning": null, "vermogen_per_woning": null, "installaties_per_100_woningen": null, "vermogen_per_huishouden": null, "batterijdruk_score": null, "koop_zon_score": null, "eengezins_zon_score": null, "betaalkracht_zon_score": null, "overige_brandstof_zon_score": null, "lichte_batterij_kansscore": null }, "geometry": { "type": "MultiPolygon", "coordinates": [ [ [ [ 6.758462400637812, 52.371189983980265 ], [ 6.758528391236185, 52.371097012361112 ], [ 6.75878229718483, 52.370817448059675 ], [ 6.758702756542116, 52.370784742359341 ], [ 6.758299922099916, 52.370708332509032 ], [ 6.758491038501498, 52.370510847583972 ], [ 6.758619199589895, 52.370378468986907 ], [ 6.758755688981762, 52.370253292532333 ], [ 6.758902091991137, 52.370136720029059 ], [ 6.759040010645881, 52.370027409685399 ], [ 6.759179146657473, 52.369917123268422 ], [ 6.759439872667853, 52.369710461154561 ], [ 6.75950013477313, 52.369656865630503 ], [ 6.759473749792938, 52.369638730401775 ], [ 6.759285809433408, 52.369546067307624 ], [ 6.759059064782208, 52.369451220105724 ], [ 6.758767377471885, 52.36934395319507 ], [ 6.759172038253473, 52.368987459824652 ], [ 6.759017056808913, 52.36870751488275 ], [ 6.759425028488037, 52.368645850133063 ], [ 6.759563271133366, 52.368639707629598 ], [ 6.759578175761868, 52.368665314358452 ], [ 6.760044125912697, 52.368643154515865 ], [ 6.760035595687452, 52.368557366454262 ], [ 6.760713717970623, 52.368459187680457 ], [ 6.760853454595825, 52.368436070934685 ], [ 6.760854362868592, 52.368235322009625 ], [ 6.760575236913901, 52.367421869159784 ], [ 6.760472834411188, 52.36715532733151 ], [ 6.760261213253408, 52.366593013923762 ], [ 6.760061963229258, 52.366006195397937 ], [ 6.759902328060869, 52.365990786426899 ], [ 6.759887632582186, 52.36599894786653 ], [ 6.759813811317215, 52.366003983983475 ], [ 6.759724542025275, 52.366006628475468 ], [ 6.759663699725848, 52.366001653339993 ], [ 6.759621422671951, 52.365984975279709 ], [ 6.759128926057125, 52.365722552632178 ], [ 6.75865060633863, 52.366071683513745 ], [ 6.758468351713967, 52.366709718524056 ], [ 6.758456814687547, 52.366730855221128 ], [ 6.758237870433425, 52.367131975509224 ], [ 6.758226116450339, 52.367153511095701 ], [ 6.758225196031679, 52.367155562195002 ], [ 6.758129849611737, 52.367366840661312 ], [ 6.758041791493006, 52.367561967301519 ], [ 6.757727854168019, 52.367523039667979 ], [ 6.757281347442606, 52.367467672447432 ], [ 6.757228357220412, 52.367461101321958 ], [ 6.757146591970836, 52.367441994200306 ], [ 6.756365718156728, 52.367259514504241 ], [ 6.756074954523644, 52.36719156492547 ], [ 6.756044047394517, 52.367184342301755 ], [ 6.755565419944797, 52.367072487624313 ], [ 6.755456472041043, 52.367047026771466 ], [ 6.755307568320675, 52.367012227420666 ], [ 6.755062317573814, 52.36731522581433 ], [ 6.755025031391842, 52.36736101917387 ], [ 6.754999680788998, 52.367386543475725 ], [ 6.754978004259557, 52.367408357915714 ], [ 6.754764442746922, 52.367676136572413 ], [ 6.754566062918712, 52.367710617644626 ], [ 6.754310350685501, 52.367749248393679 ], [ 6.754075805166393, 52.367798582308431 ], [ 6.754008071868125, 52.367822115083605 ], [ 6.753760816703752, 52.367893141065821 ], [ 6.753581853858675, 52.367963548741749 ], [ 6.752727621643399, 52.367792620169354 ], [ 6.752335127293704, 52.368051286105548 ], [ 6.752480015542471, 52.368431714628016 ], [ 6.752337682691169, 52.368758100045063 ], [ 6.752300848051629, 52.368834236693196 ], [ 6.752250006090653, 52.369042271303584 ], [ 6.752248540294977, 52.369131835301857 ], [ 6.752251180311166, 52.369137786817866 ], [ 6.752567498008085, 52.36909692246752 ], [ 6.752991254982854, 52.36904217825392 ], [ 6.753000035750388, 52.369063604812034 ], [ 6.753175771977251, 52.369456440361944 ], [ 6.753204749436664, 52.369500420083448 ], [ 6.753230752132898, 52.369546985127897 ], [ 6.753260671637297, 52.369600564664943 ], [ 6.75326934159806, 52.369618387119544 ], [ 6.753325265339059, 52.369733345907441 ], [ 6.753364816654867, 52.369814982967497 ], [ 6.753420708334956, 52.369943657916743 ], [ 6.753467490012812, 52.370060240374762 ], [ 6.75350061555247, 52.370156836844089 ], [ 6.753520691126186, 52.370201943980611 ], [ 6.75353272253674, 52.370248111177645 ], [ 6.753536572823799, 52.370294802495408 ], [ 6.753532466324387, 52.370315752201307 ], [ 6.753522847806741, 52.370336014096253 ], [ 6.753488239801753, 52.37037234865393 ], [ 6.753392348758862, 52.370478217105827 ], [ 6.75334113126747, 52.370529271787859 ], [ 6.753479397247813, 52.370573851241282 ], [ 6.753947556450943, 52.370771238750955 ], [ 6.754463143488286, 52.371092236282102 ], [ 6.754764600665834, 52.371279916126355 ], [ 6.755083071218253, 52.371573225057539 ], [ 6.75607489028565, 52.371772515773849 ], [ 6.7565127972875, 52.371875462902537 ], [ 6.75667050543199, 52.371703384061021 ], [ 6.75673209897808, 52.371691838076998 ], [ 6.756820285523533, 52.371675305665889 ], [ 6.75708340112102, 52.371693336774548 ], [ 6.757554428526126, 52.371753745089812 ], [ 6.758220707183591, 52.371864579482718 ], [ 6.758462400637812, 52.371189983980265 ] ] ] ] } },
{ "type": "Feature", "properties": { "buurtcode": "BU01830200", "buurtnaam": "Harbrinkhoek kern", "pc6_codes": "7615NA, 7615NB, 7615NK, 7615NL, 7615NN, 7615NP, 7615NR, 7615NS, 7615NT, 7615NV, 7615NW, 7615NX, 7615NZ, 7615PA, 7615PB, 7615PC, 7615PD, 7615PV, 7615PW, 7615PZ, 7615RA, 7615RB, 7615RC, 7615RD, 7615RE, 7615RG, 7615RH, 7615RJ, 7615RK, 7615RL, 7615RM, 7615RN, 7615RZ", "wijkcode": "WK018302", "gemeentecode": "GM0183", "gemeentenaam": "Tubbergen", "oppervlakteLandInHa": 47, "AantalInwoners_5": 1065, "Mannen_6": 545, "Vrouwen_7": 520, "HuishoudensTotaal_29": 405, "GemiddeldeHuishoudensgrootte_33": 2.6, "Woningvoorraad_35": 408, "NieuwbouwWoningen_36": 0, "NietWoningvoorraad_37": 23, "NieuwbouwNietWoningen_38": 4, "GemiddeldeWOZWaardeVanWoningen_39": 422, "PercentageEengezinswoning_40": 95, "PercentageTussenwoningEengezins_41": 10, "PercentageHoekwoningEengezins_42": 11, "PercentageTweeOnderEenKapWoningEe_43": 26, "PercentageVrijstaandeWoningEengezins_44": 49, "PercentageMeergezinswoning_45": 5, "Koopwoningen_47": 85, "HuurwoningenTotaal_48": 15, "InBezitWoningcorporatie_49": 10, "InBezitOverigeVerhuurders_50": 4, "BouwjaarMeerDanTienJaarGeleden_51": 93, "BouwjaarAfgelopenTienJaar_52": 7, "GemiddeldeElektriciteitslevering_53": 3490, "GemiddeldeElektriciteitsteruglevering_54": 1850, "GemiddeldAardgasverbruik_55": 1090, "AardgasvrijeWoningen_57": 5, "Aardgaswoningen_58": 81, "WoningenMetZonnestroom_59": 56, "WoningenHoofdzElektrVerwarmd_60": 15, "k_20PersonenMetHoogsteInkomen_80": 16.7, "k_20HuishoudensMetHoogsteInkomen_85": 29.2, "MediaanVermogenVanParticuliereHuish_86": 332.3, "PersonenautoSTotaal_104": 740, "PersonenautoSBrandstofBenzine_105": 595, "PersonenautoSOverigeBrandstof_106": 145, "PersonenautoSPerHuishouden_107": 1.8, "Omgevingsadressendichtheid_121": 188, "AantalInstallatiesBijWoningen_5": 150, "OpgesteldVermogenVanZonnepanelen_6": 833, "installaties_per_woning": 0.36764705882352944, "vermogen_per_woning": 2.0416666666666665, "installaties_per_100_woningen": 36.764705882352942, "vermogen_per_huishouden": 2.05679012345679, "batterijdruk_score": 1036.0, "koop_zon_score": 0.476, "eengezins_zon_score": 0.532, "betaalkracht_zon_score": 186.088, "overige_brandstof_zon_score": 81.2, "lichte_batterij_kansscore": 0.52794950067821711 }, "geometry": { "type": "MultiPolygon", "coordinates": [ [ [ [ 6.719188783986624, 52.38772306094986 ], [ 6.719188707856929, 52.387444885329309 ], [ 6.71919853811781, 52.38725386314038 ], [ 6.71922323706726, 52.387251544784732 ], [ 6.719984870252407, 52.387188698230915 ], [ 6.720367216315516, 52.387024781864504 ], [ 6.720497129327726, 52.386962537644614 ], [ 6.720370231764481, 52.386868166446945 ], [ 6.720370692202054, 52.386850754832054 ], [ 6.720376248696017, 52.386841591288317 ], [ 6.720399872142401, 52.386819941325243 ], [ 6.720893327645983, 52.386728280488846 ], [ 6.721072259997827, 52.386694633325206 ], [ 6.721116397393073, 52.386687052909238 ], [ 6.721201469102892, 52.386670899830484 ], [ 6.722150253587059, 52.386497313341415 ], [ 6.722306938468823, 52.386466209097328 ], [ 6.72240470115725, 52.386448567301542 ], [ 6.722504187722653, 52.386430609352971 ], [ 6.722590416938368, 52.386415362642595 ], [ 6.722921521624083, 52.386355753486448 ], [ 6.723252625411542, 52.386296143406646 ], [ 6.72333432063133, 52.386281091145335 ], [ 6.723641989527518, 52.386225780389374 ], [ 6.723764199306017, 52.386203813859261 ], [ 6.723851748261267, 52.386188077620368 ], [ 6.723926791516944, 52.386174592174065 ], [ 6.723981188861069, 52.386164809454705 ], [ 6.72399628191644, 52.386162086231337 ], [ 6.724060672006202, 52.386150464804807 ], [ 6.724342921374161, 52.386098450492298 ], [ 6.724431847159724, 52.386082057379035 ], [ 6.724454320258989, 52.386077569849824 ], [ 6.724533684379336, 52.386061725126346 ], [ 6.724663551447525, 52.386447837658721 ], [ 6.725429887174102, 52.386421729096853 ], [ 6.726069224366884, 52.386401510511945 ], [ 6.725854033328454, 52.38584454709472 ], [ 6.726126322577404, 52.385791688346636 ], [ 6.726196160039283, 52.385775150276928 ], [ 6.726241171769909, 52.38572412506069 ], [ 6.726325076933342, 52.385644696226706 ], [ 6.726478974322277, 52.385619009315874 ], [ 6.726791518916564, 52.385561010455142 ], [ 6.727016130838109, 52.385520140715116 ], [ 6.726745384357717, 52.385455799497691 ], [ 6.726285067014566, 52.385346412274053 ], [ 6.726433541435346, 52.385108259944793 ], [ 6.726243369231067, 52.385063230285539 ], [ 6.725751533518164, 52.384946777484963 ], [ 6.725624210726091, 52.384908986493208 ], [ 6.725222452180554, 52.384809197999068 ], [ 6.725080097975929, 52.384773449576414 ], [ 6.72499687962173, 52.384883872401751 ], [ 6.724982663185563, 52.384880581455455 ], [ 6.724225371114827, 52.384705033524099 ], [ 6.724197914455263, 52.384698665134316 ], [ 6.723284112036993, 52.384482953461692 ], [ 6.723332414730599, 52.384413701951793 ], [ 6.723468871541091, 52.384220389428201 ], [ 6.723595475112615, 52.384036976581932 ], [ 6.723665893536964, 52.383938933670443 ], [ 6.723571734791842, 52.38391513432191 ], [ 6.723381931849437, 52.383868927429425 ], [ 6.723088598152705, 52.383796940934033 ], [ 6.722775008831022, 52.383720580115096 ], [ 6.722411888312318, 52.383633525297796 ], [ 6.722458657512682, 52.383568601474707 ], [ 6.722458981721134, 52.383568148386622 ], [ 6.722481148205877, 52.383537382877748 ], [ 6.72254092612463, 52.383454416831817 ], [ 6.722999324326384, 52.382818180671457 ], [ 6.72297250453162, 52.38280458156769 ], [ 6.722766334550458, 52.382700036266527 ], [ 6.722342785870612, 52.382485260804714 ], [ 6.722136769548649, 52.382380791790162 ], [ 6.722055060740947, 52.382340545493889 ], [ 6.722009798418365, 52.382402805038289 ], [ 6.721729136492175, 52.382788849782933 ], [ 6.721182207511121, 52.382619379655672 ], [ 6.720421373196422, 52.382383848679318 ], [ 6.719868355968226, 52.382248542115867 ], [ 6.719573576003446, 52.382176266676566 ], [ 6.719393684736789, 52.382132485662559 ], [ 6.718449082155181, 52.381900942985666 ], [ 6.71838589397668, 52.381885471503537 ], [ 6.718308035292707, 52.381866407743736 ], [ 6.718006139836748, 52.381792487141894 ], [ 6.717986818434837, 52.381787757061332 ], [ 6.717386877436865, 52.381640982092733 ], [ 6.71712930375541, 52.381578788342964 ], [ 6.716955186587595, 52.381534399457578 ], [ 6.716823128415828, 52.381500441010374 ], [ 6.716683797553138, 52.38146250126097 ], [ 6.716617819899829, 52.381444537075531 ], [ 6.716511570348715, 52.381414000683364 ], [ 6.716475543154123, 52.38143667908313 ], [ 6.716438133377586, 52.381463705507265 ], [ 6.716386861252509, 52.381487435975281 ], [ 6.716348696921377, 52.381503999118209 ], [ 6.716310402292698, 52.381520626632067 ], [ 6.716198548375955, 52.381569180715474 ], [ 6.716090257430222, 52.381616058759995 ], [ 6.715968293826958, 52.381674793368589 ], [ 6.715918430072193, 52.381695541577592 ], [ 6.715828816177963, 52.381738767063567 ], [ 6.715748453057276, 52.381778949366925 ], [ 6.715673576535453, 52.381814980216092 ], [ 6.71558114098718, 52.381865526938689 ], [ 6.715520321870619, 52.381896177534529 ], [ 6.715448875065884, 52.381934911269958 ], [ 6.715376631316117, 52.381972053932671 ], [ 6.715315846378411, 52.382003854578166 ], [ 6.715254591394157, 52.382032226819511 ], [ 6.715189360338028, 52.382065659281182 ], [ 6.715132502263558, 52.382091258576729 ], [ 6.715071569622012, 52.382116669854042 ], [ 6.715006490626134, 52.382140968086141 ], [ 6.714928071258073, 52.382169101261468 ], [ 6.714860980583508, 52.382114484073497 ], [ 6.714563418005245, 52.381879344979914 ], [ 6.714412643045348, 52.381757945898094 ], [ 6.714294267179018, 52.38166776031035 ], [ 6.714268258898857, 52.38165176458341 ], [ 6.714165499900566, 52.381610706247479 ], [ 6.714100305211395, 52.381585454714994 ], [ 6.71405034033591, 52.381566101515794 ], [ 6.713925736836599, 52.381515634105149 ], [ 6.713851573526337, 52.381485724406069 ], [ 6.713736762225904, 52.381439973917153 ], [ 6.713594212467723, 52.381484815696368 ], [ 6.713416149497112, 52.381541596607107 ], [ 6.713227371631812, 52.381602587106087 ], [ 6.713144083513196, 52.381630009618029 ], [ 6.712893849429051, 52.381710249514185 ], [ 6.712656553516712, 52.381786496860471 ], [ 6.712313473165496, 52.381865411245265 ], [ 6.712189504696179, 52.381946940568653 ], [ 6.712067422911302, 52.382027227986441 ], [ 6.711950188045766, 52.38210235460059 ], [ 6.711748770519623, 52.38225329553994 ], [ 6.71184128417018, 52.382297535739461 ], [ 6.712050913963692, 52.382397778964773 ], [ 6.71202015612395, 52.382423372222242 ], [ 6.712036851291576, 52.382432003160105 ], [ 6.712074324879206, 52.382520993271029 ], [ 6.712093947847754, 52.382567613193963 ], [ 6.712141622452565, 52.382668120337584 ], [ 6.711533183307692, 52.382733616390389 ], [ 6.710995958471057, 52.382790834305183 ], [ 6.710452042317318, 52.382848331317234 ], [ 6.709911125308496, 52.382906942841402 ], [ 6.710340044658062, 52.384116319707076 ], [ 6.710092282026195, 52.38414436416997 ], [ 6.709966519062106, 52.384159082727301 ], [ 6.709857420603639, 52.384171851368031 ], [ 6.709686734490671, 52.384191825689427 ], [ 6.709476756901994, 52.384217684903092 ], [ 6.709420783126133, 52.384224577947101 ], [ 6.709326969521092, 52.384236131771871 ], [ 6.709336689702713, 52.384260799343181 ], [ 6.709617994152054, 52.384974798770457 ], [ 6.709678391220395, 52.385128107478003 ], [ 6.70993323328481, 52.38572260547334 ], [ 6.711394585616324, 52.385557801094798 ], [ 6.712051203393921, 52.385484935510206 ], [ 6.713658945383715, 52.385305610711519 ], [ 6.713892272340413, 52.385512223182367 ], [ 6.714323722209127, 52.38591050694702 ], [ 6.714870187884552, 52.386403501807322 ], [ 6.715007079467409, 52.386526995808076 ], [ 6.715133016201786, 52.386640607350685 ], [ 6.71480235455674, 52.386783567847381 ], [ 6.714924988550223, 52.386895250845228 ], [ 6.714958100064905, 52.386901584916437 ], [ 6.715164019672952, 52.387090345402491 ], [ 6.715608162625404, 52.387061393604078 ], [ 6.71560820789484, 52.387061433544709 ], [ 6.715704394047555, 52.38714744002327 ], [ 6.715726306021645, 52.387145113229451 ], [ 6.715853199068505, 52.387135230668193 ], [ 6.716181826847216, 52.387109636190942 ], [ 6.716727017042495, 52.387073015405839 ], [ 6.71676054849125, 52.387070319708116 ], [ 6.71721454579242, 52.387047664546728 ], [ 6.71754561827607, 52.38702574210425 ], [ 6.717671284693124, 52.387531250590733 ], [ 6.718032441724122, 52.387485168871606 ], [ 6.718013644666825, 52.387860105845007 ], [ 6.719188783986624, 52.38772306094986 ] ] ] ] } },
{ "type": "Feature", "properties": { "buurtcode": "BU01830209", "buurtnaam": "Verspreide huizen Harbrinkhoek", "pc6_codes": "7615NA, 7615NB, 7615NC, 7615ND, 7615NE, 7615NG, 7615NH, 7615NJ, 7615NK, 7615NL, 7615NM, 7615NN, 7615NP, 7615NX, 7615PE, 7615PG, 7615PH, 7615PJ, 7615PK, 7615PL, 7615PM, 7615PN, 7615PP, 7615PR, 7615PS, 7615PT, 7615PV, 7615PW, 7615PX", "wijkcode": "WK018302", "gemeentecode": "GM0183", "gemeentenaam": "Tubbergen", "oppervlakteLandInHa": 452, "AantalInwoners_5": 550, "Mannen_6": 270, "Vrouwen_7": 280, "HuishoudensTotaal_29": 205, "GemiddeldeHuishoudensgrootte_33": 2.7, "Woningvoorraad_35": 210, "NieuwbouwWoningen_36": 0, "NietWoningvoorraad_37": 8, "NieuwbouwNietWoningen_38": 0, "GemiddeldeWOZWaardeVanWoningen_39": 517, "PercentageEengezinswoning_40": 56, "PercentageTussenwoningEengezins_41": 0, "PercentageHoekwoningEengezins_42": 0, "PercentageTweeOnderEenKapWoningEe_43": 13, "PercentageVrijstaandeWoningEengezins_44": 43, "PercentageMeergezinswoning_45": 44, "Koopwoningen_47": 77, "HuurwoningenTotaal_48": 22, "InBezitWoningcorporatie_49": 0, "InBezitOverigeVerhuurders_50": 22, "BouwjaarMeerDanTienJaarGeleden_51": 96, "BouwjaarAfgelopenTienJaar_52": 4, "GemiddeldeElektriciteitslevering_53": 4080, "GemiddeldeElektriciteitsteruglevering_54": 1990, "GemiddeldAardgasverbruik_55": 1290, "AardgasvrijeWoningen_57": 6, "Aardgaswoningen_58": 73, "WoningenMetZonnestroom_59": 44, "WoningenHoofdzElektrVerwarmd_60": 11, "k_20PersonenMetHoogsteInkomen_80": 17.5, "k_20HuishoudensMetHoogsteInkomen_85": 38.9, "MediaanVermogenVanParticuliereHuish_86": 519.5, "PersonenautoSTotaal_104": 235, "PersonenautoSBrandstofBenzine_105": 185, "PersonenautoSOverigeBrandstof_106": 50, "PersonenautoSPerHuishouden_107": 1.2, "Omgevingsadressendichtheid_121": 118, "AantalInstallatiesBijWoningen_5": 83, "OpgesteldVermogenVanZonnepanelen_6": 529, "installaties_per_woning": 0.39523809523809522, "vermogen_per_woning": 2.519047619047619, "installaties_per_100_woningen": 39.523809523809526, "vermogen_per_huishouden": 2.5804878048780489, "batterijdruk_score": 875.6, "koop_zon_score": 0.3388, "eengezins_zon_score": 0.2464, "betaalkracht_zon_score": 228.58, "overige_brandstof_zon_score": 22.0, "lichte_batterij_kansscore": 0.4123136806339277 }, "geometry": { "type": "MultiPolygon", "coordinates": [ [ [ [ 6.725071679664393, 52.396494828099947 ], [ 6.725167034420084, 52.396447360320593 ], [ 6.725176704617863, 52.396442549994433 ], [ 6.725325846873375, 52.396365198318058 ], [ 6.725365560372216, 52.396345612703833 ], [ 6.725391099005554, 52.396328614227244 ], [ 6.725469764262095, 52.396288552691864 ], [ 6.72549684685923, 52.396274511962439 ], [ 6.725604492713854, 52.39622244653043 ], [ 6.725685337392798, 52.396179636664044 ], [ 6.725804481884254, 52.396122506299093 ], [ 6.725946570402363, 52.396048604300631 ], [ 6.726068272447231, 52.395986662808333 ], [ 6.726172145299311, 52.395932805843977 ], [ 6.726299070156463, 52.395870616274671 ], [ 6.72631624995715, 52.39586828265692 ], [ 6.726523922219407, 52.395725135971958 ], [ 6.726564725718498, 52.395703730904593 ], [ 6.726647735362518, 52.39565337241217 ], [ 6.726748998146737, 52.395599742207274 ], [ 6.726843977375475, 52.395551153713825 ], [ 6.726950140380159, 52.395500694786236 ], [ 6.726965301961885, 52.395489449247378 ], [ 6.726969792894696, 52.395487331044706 ], [ 6.727024695128486, 52.395461334875002 ], [ 6.727156696163607, 52.395386341076978 ], [ 6.727338128296473, 52.39529492267841 ], [ 6.727528160267201, 52.395204152680115 ], [ 6.72777340106959, 52.39507912184812 ], [ 6.727800901045363, 52.395068725221506 ], [ 6.727889929721828, 52.39502313353556 ], [ 6.728033540972871, 52.394952195930529 ], [ 6.72813393852651, 52.394888534040675 ], [ 6.728170491219381, 52.394864120429766 ], [ 6.728196890180095, 52.394846482380068 ], [ 6.728264591742434, 52.394794372563261 ], [ 6.728326344678024, 52.394737970626061 ], [ 6.728478497659673, 52.394594451613138 ], [ 6.728534176511101, 52.394542729534173 ], [ 6.728565759989492, 52.394513383426137 ], [ 6.728628790582492, 52.394459411744428 ], [ 6.728712140369923, 52.394400544682689 ], [ 6.728924996699287, 52.394270889693281 ], [ 6.728928417831011, 52.394263534195225 ], [ 6.729080299349885, 52.39418393540155 ], [ 6.729217300727455, 52.394113700439426 ], [ 6.729337506691954, 52.394052653327385 ], [ 6.729479302808222, 52.393989878165996 ], [ 6.729631602434344, 52.393921716398218 ], [ 6.72956618184578, 52.393888984692147 ], [ 6.729594297226247, 52.393876630131615 ], [ 6.729581062486355, 52.393854928912084 ], [ 6.729670827471785, 52.39378043811611 ], [ 6.729789995086557, 52.39371232827142 ], [ 6.7298836757258, 52.393624525715666 ], [ 6.729958997651713, 52.393561218537158 ], [ 6.730045289929086, 52.3934662368574 ], [ 6.730112443643848, 52.39340443344372 ], [ 6.730161035892368, 52.39336187843341 ], [ 6.730220796988476, 52.393318918043228 ], [ 6.730265923162463, 52.39333554734322 ], [ 6.730410539466362, 52.393242815959056 ], [ 6.730564919018558, 52.393151312900173 ], [ 6.730698411770129, 52.39306972741543 ], [ 6.731105650937879, 52.392824174183218 ], [ 6.731161729325578, 52.392782405651104 ], [ 6.731211725162925, 52.392738225294394 ], [ 6.731247029778524, 52.392701843049267 ], [ 6.731256062555154, 52.392692536155046 ], [ 6.731291823973778, 52.392646998304492 ], [ 6.731309439809922, 52.392534620437232 ], [ 6.731340885210804, 52.392406876804614 ], [ 6.731432671418159, 52.392413241169358 ], [ 6.731527124348451, 52.392413552809856 ], [ 6.731688923585994, 52.392409369218569 ], [ 6.731882605422766, 52.392408086109363 ], [ 6.731956051239406, 52.39240898658943 ], [ 6.731956903929613, 52.392409003868693 ], [ 6.731987167205075, 52.392409379162615 ], [ 6.731984237624077, 52.392393214966063 ], [ 6.732167400314677, 52.392390504848741 ], [ 6.732204252947295, 52.392386274959719 ], [ 6.732974732285524, 52.39229789705221 ], [ 6.733295087269629, 52.392261149557839 ], [ 6.73335357966938, 52.392254435069297 ], [ 6.733398367792607, 52.392249296601427 ], [ 6.736236249978483, 52.391899062115165 ], [ 6.736238823258277, 52.391899131664154 ], [ 6.736393033674295, 52.391874507091259 ], [ 6.737044004330695, 52.391787114049905 ], [ 6.737900143700722, 52.391674922959517 ], [ 6.738023418915816, 52.391658765951895 ], [ 6.738034008705191, 52.391616731161051 ], [ 6.738044490029679, 52.39158993332159 ], [ 6.73805368964893, 52.391566395000083 ], [ 6.738078494668544, 52.391523173280554 ], [ 6.738127146582892, 52.391454942719321 ], [ 6.738196277318984, 52.39135966535202 ], [ 6.738237956272953, 52.391307055651502 ], [ 6.738299838263329, 52.391228957310972 ], [ 6.738377025572772, 52.391130504773393 ], [ 6.738924244090747, 52.391296047882712 ], [ 6.738950372951576, 52.391303956126393 ], [ 6.739050002820543, 52.391180276460489 ], [ 6.73921024788814, 52.390981361729494 ], [ 6.739528128437568, 52.390586743344905 ], [ 6.739614676044645, 52.390618428224855 ], [ 6.739808753366962, 52.390709764355002 ], [ 6.740062844463538, 52.39080434233211 ], [ 6.740228435920741, 52.390625778231176 ], [ 6.740574813121511, 52.390759973771523 ], [ 6.740914660753283, 52.390387050613093 ], [ 6.741043388195444, 52.390100387162732 ], [ 6.74110489060243, 52.389963443062534 ], [ 6.742062244681692, 52.390325139904689 ], [ 6.743338005016193, 52.389354329045609 ], [ 6.743048724814538, 52.389252412949567 ], [ 6.742644484483154, 52.389110608708542 ], [ 6.742225197356245, 52.388961901296426 ], [ 6.741790977434261, 52.388813372294187 ], [ 6.74166252803236, 52.388769539455559 ], [ 6.741465519080449, 52.388702302478322 ], [ 6.74102544610104, 52.388550044463052 ], [ 6.740776198610188, 52.388460734478699 ], [ 6.740451925934503, 52.388344542807744 ], [ 6.739667060623352, 52.388092699075301 ], [ 6.739261758511068, 52.387963533568303 ], [ 6.739177034209061, 52.387936537673973 ], [ 6.738731654827954, 52.387799082183257 ], [ 6.738285244057551, 52.387658544719031 ], [ 6.738073096043789, 52.387592176076353 ], [ 6.737803072542136, 52.387507690201225 ], [ 6.737446303297326, 52.387395816181339 ], [ 6.737357055578836, 52.387367827917828 ], [ 6.736802278704943, 52.3871930158734 ], [ 6.736722298468862, 52.387167815807672 ], [ 6.736242335506181, 52.387015320858218 ], [ 6.735674301194492, 52.386837589560855 ], [ 6.735490102457304, 52.386779419145292 ], [ 6.735156697540106, 52.38667412149222 ], [ 6.734670082432173, 52.386523772366374 ], [ 6.734557493842174, 52.386488982665554 ], [ 6.734594837861204, 52.386439722364472 ], [ 6.734622820753136, 52.386400986432321 ], [ 6.734910834188576, 52.38598672943224 ], [ 6.735226785679384, 52.38550687805111 ], [ 6.73549505533363, 52.385087190474977 ], [ 6.735528936169609, 52.385033295209752 ], [ 6.735562747053041, 52.384979517582657 ], [ 6.735732385340918, 52.384736132366832 ], [ 6.735868548355815, 52.384545037668303 ], [ 6.736077977395693, 52.384246610540011 ], [ 6.736390103159619, 52.383801621253411 ], [ 6.736719689047187, 52.383330598638885 ], [ 6.73685473308767, 52.383140180601018 ], [ 6.737027825740432, 52.382885275446384 ], [ 6.736676869351945, 52.382997743309346 ], [ 6.735854110105683, 52.3832659399582 ], [ 6.735809345341399, 52.383216509176101 ], [ 6.735763455229607, 52.383231467795966 ], [ 6.7336203125873, 52.383925079494382 ], [ 6.732871062231373, 52.384169318074264 ], [ 6.732422750636309, 52.384315176077287 ], [ 6.730826221056113, 52.384831343192538 ], [ 6.730789503104596, 52.384753567970897 ], [ 6.730632581429062, 52.384432666586001 ], [ 6.730472972674909, 52.384073441028228 ], [ 6.7303570083653, 52.383783489679075 ], [ 6.730345532717418, 52.383754793387027 ], [ 6.730268660979497, 52.383740708629439 ], [ 6.730282034779637, 52.383713770771905 ], [ 6.730229246118136, 52.383614110661846 ], [ 6.730152553770997, 52.383501229825754 ], [ 6.730081852465461, 52.38339359324447 ], [ 6.729992102472938, 52.383284608710802 ], [ 6.729874348296922, 52.383156014014943 ], [ 6.729792127629886, 52.383077819844011 ], [ 6.729668805356164, 52.382966132791012 ], [ 6.729495101116386, 52.38283462181267 ], [ 6.729587157066721, 52.382787996459292 ], [ 6.72906044266151, 52.382418810932016 ], [ 6.728772184475121, 52.382479066541187 ], [ 6.728738240121397, 52.382482057993236 ], [ 6.728502679090909, 52.382392594360219 ], [ 6.728223775163412, 52.382271217372818 ], [ 6.728000131413361, 52.382172602136698 ], [ 6.727894485206618, 52.382125916499973 ], [ 6.727645429251665, 52.382009764018726 ], [ 6.727477793223901, 52.38193141203157 ], [ 6.727198894650705, 52.381802733841127 ], [ 6.726888872906617, 52.381652223374225 ], [ 6.726620480307676, 52.381496324225672 ], [ 6.726465172372673, 52.381387359880165 ], [ 6.726327701909566, 52.381278544070739 ], [ 6.726081653339092, 52.381084171287462 ], [ 6.72604290900339, 52.381043477638272 ], [ 6.726092133579552, 52.381009042677235 ], [ 6.72611956738428, 52.38099770328887 ], [ 6.726346679463296, 52.380863854970009 ], [ 6.726517986889678, 52.3807654506479 ], [ 6.726752621460226, 52.380636118574316 ], [ 6.727221960359838, 52.380380867877001 ], [ 6.727307122700762, 52.380336120028048 ], [ 6.727416361906956, 52.380280286159156 ], [ 6.727643602183238, 52.380155781992173 ], [ 6.727990805998345, 52.379968310349398 ], [ 6.728574174298221, 52.379654450775313 ], [ 6.72863590439728, 52.379621778573203 ], [ 6.728775931536029, 52.379547662135813 ], [ 6.728983927519456, 52.379433989031014 ], [ 6.729147509366125, 52.379345672716951 ], [ 6.729304420378121, 52.379258753146082 ], [ 6.729396534046056, 52.37920845084561 ], [ 6.729469502377122, 52.379168603658471 ], [ 6.729523416649042, 52.379131552272163 ], [ 6.729566141790574, 52.379094124407139 ], [ 6.729602426790864, 52.37904920114584 ], [ 6.729633083442862, 52.379002247362642 ], [ 6.72968848762447, 52.378923714438734 ], [ 6.729575443380607, 52.378631104367855 ], [ 6.729465654340873, 52.378342627990307 ], [ 6.729438996834358, 52.378279120021027 ], [ 6.729439227743478, 52.378269769224282 ], [ 6.729455876714773, 52.378260322110393 ], [ 6.729774334422328, 52.378022115567148 ], [ 6.729788291509061, 52.378007206886707 ], [ 6.729800218532663, 52.377955341995097 ], [ 6.729923390173796, 52.377857901066015 ], [ 6.730183795371246, 52.377657933463112 ], [ 6.730266104957013, 52.377594923895138 ], [ 6.730300302975255, 52.377612063635667 ], [ 6.730379864224184, 52.377542703244863 ], [ 6.730490863713074, 52.37745467611618 ], [ 6.730632867010111, 52.37734480511174 ], [ 6.730774201743892, 52.37723858191687 ], [ 6.730914745322868, 52.377130992266807 ], [ 6.730998919656269, 52.377071421619597 ], [ 6.7311440095027, 52.376966548563949 ], [ 6.731331828501165, 52.376827428706527 ], [ 6.731487053068324, 52.376724076038506 ], [ 6.731551988781233, 52.376690763595832 ], [ 6.731619902064542, 52.376659745348817 ], [ 6.731645266990189, 52.376651996629441 ], [ 6.731814229944093, 52.376648135503061 ], [ 6.732094356820515, 52.37663881322176 ], [ 6.732378580500583, 52.376629947074342 ], [ 6.732312201126534, 52.376605982792213 ], [ 6.732214876178204, 52.376573804001801 ], [ 6.732127575891602, 52.376546239233782 ], [ 6.732073938235825, 52.376529302952555 ], [ 6.731911279622467, 52.376477587969788 ], [ 6.73189159984583, 52.376471330770642 ], [ 6.731807215750468, 52.376444020270597 ], [ 6.731709630821427, 52.376412446262066 ], [ 6.731344873192211, 52.376291818347696 ], [ 6.7312845349207, 52.376271847747404 ], [ 6.731025396158937, 52.376188086159253 ], [ 6.730720363489136, 52.376091317129536 ], [ 6.730553700806594, 52.37603676939375 ], [ 6.730473698294078, 52.376011017183963 ], [ 6.730329593568205, 52.375964644433793 ], [ 6.730008557678397, 52.375862626075843 ], [ 6.729804594728796, 52.375798478189402 ], [ 6.729687127106557, 52.375760134936264 ], [ 6.729663651258288, 52.375751691250713 ], [ 6.729383248431391, 52.375661992123746 ], [ 6.729154314619836, 52.375588948929973 ], [ 6.728993591867232, 52.375536911405561 ], [ 6.728878381232478, 52.375501759700938 ], [ 6.728710973156106, 52.375447667281954 ], [ 6.728641632816124, 52.375407267347775 ], [ 6.728480206044982, 52.375317359000768 ], [ 6.72832551286723, 52.375231544856469 ], [ 6.728119370242782, 52.375116525143248 ], [ 6.727939314633489, 52.375015663260996 ], [ 6.727792434947418, 52.374934640739745 ], [ 6.72778004943032, 52.37492768900831 ], [ 6.727692647838484, 52.374878603360763 ], [ 6.727610908870084, 52.374832698409847 ], [ 6.727499444933414, 52.374774671809284 ], [ 6.727394694859144, 52.374716703902791 ], [ 6.727272042540105, 52.374647091603293 ], [ 6.727125919726656, 52.374567219231658 ], [ 6.726951829970526, 52.374470683766262 ], [ 6.726798215916818, 52.374410661813528 ], [ 6.72663904490365, 52.374334891550426 ], [ 6.726570822143586, 52.37429927770485 ], [ 6.726387039320858, 52.374211417294362 ], [ 6.726310982246726, 52.374175577353803 ], [ 6.726215917961093, 52.374130397510704 ], [ 6.726084334879963, 52.374066943389231 ], [ 6.725956097275833, 52.374004835527252 ], [ 6.726002715738337, 52.373996209380302 ], [ 6.725983367548737, 52.373958559146963 ], [ 6.725839405933254, 52.373745350318913 ], [ 6.725774705800572, 52.373758252781322 ], [ 6.725554565083923, 52.373802270112719 ], [ 6.725088887384987, 52.373649839084841 ], [ 6.724774492023143, 52.373546931648526 ], [ 6.72475126154065, 52.373539248262098 ], [ 6.723533627175276, 52.373136399240714 ], [ 6.722774380371931, 52.372885199016906 ], [ 6.721736432088012, 52.372541776904086 ], [ 6.721153709528353, 52.372348970173725 ], [ 6.720590750075369, 52.372162697374414 ], [ 6.719052588559089, 52.371653716691661 ], [ 6.719164181658408, 52.371538269157753 ], [ 6.719274686806973, 52.371431597670998 ], [ 6.719382543900208, 52.371324299715376 ], [ 6.719559575237645, 52.371154174327039 ], [ 6.719606759651229, 52.371110201016492 ], [ 6.719697799213868, 52.371025338969723 ], [ 6.719818713092862, 52.370909363357676 ], [ 6.719951773196965, 52.370782221768394 ], [ 6.720069506409848, 52.370670398499328 ], [ 6.720216127688045, 52.370528874844133 ], [ 6.720399579969235, 52.37035223993059 ], [ 6.72054367759529, 52.370212811661936 ], [ 6.720709617952641, 52.370053595773932 ], [ 6.720855444225986, 52.369911163395393 ], [ 6.720956039795419, 52.369814615262037 ], [ 6.720994933430479, 52.369777287524869 ], [ 6.721124456454594, 52.369653851766174 ], [ 6.72135731468863, 52.369434222986925 ], [ 6.72156243559251, 52.369240605012365 ], [ 6.721709039036805, 52.369102216627731 ], [ 6.721834266222892, 52.368984014934853 ], [ 6.7219256086455, 52.368897790370227 ], [ 6.721928350325851, 52.368895206672391 ], [ 6.721964975554516, 52.368860627740489 ], [ 6.72200227200547, 52.368825421009078 ], [ 6.722799268891386, 52.368050371259201 ], [ 6.722870081299066, 52.367973492122623 ], [ 6.722968868006989, 52.367885429889228 ], [ 6.722847482363449, 52.367853101674392 ], [ 6.722844135864713, 52.367852177663345 ], [ 6.722298690219231, 52.367701643122992 ], [ 6.722097858408965, 52.367646219820223 ], [ 6.721912983776916, 52.367594040861775 ], [ 6.721710778639369, 52.367537841398864 ], [ 6.721519099803737, 52.367483500397093 ], [ 6.719683571049421, 52.366977755655569 ], [ 6.719436999658937, 52.366908955496754 ], [ 6.718692566170148, 52.366701229811518 ], [ 6.718428830848959, 52.366756115576635 ], [ 6.718028780741394, 52.366826079823213 ], [ 6.71792102157248, 52.366636957390575 ], [ 6.717830537092046, 52.366471505428258 ], [ 6.717569460126987, 52.366539123250092 ], [ 6.717481500876127, 52.366437722615331 ], [ 6.717296108686464, 52.366336608206275 ], [ 6.717276894110466, 52.366305498800905 ], [ 6.717168909868919, 52.366275656834972 ], [ 6.717181447076833, 52.366255003855002 ], [ 6.716483614637728, 52.36607772443643 ], [ 6.715977741838499, 52.365949197376928 ], [ 6.715927774344721, 52.36604238602888 ], [ 6.715926661703721, 52.366044456919994 ], [ 6.715884830797063, 52.366122471579835 ], [ 6.71577167225393, 52.366325662813601 ], [ 6.715744237772801, 52.366376459989787 ], [ 6.715707176061859, 52.366445081841078 ], [ 6.715661337100323, 52.366549118554957 ], [ 6.715607236000279, 52.366686164370329 ], [ 6.715562019246471, 52.366800692772792 ], [ 6.715495717198803, 52.366961335819454 ], [ 6.715495471010635, 52.366961940821263 ], [ 6.715455878558044, 52.367057871481016 ], [ 6.715434392703515, 52.367112179272141 ], [ 6.715349867227744, 52.367325781942057 ], [ 6.715320306601591, 52.367397797155149 ], [ 6.715207305422243, 52.367673110744342 ], [ 6.715146427924078, 52.367815409797345 ], [ 6.715145453776252, 52.367817694852633 ], [ 6.715058628955513, 52.368036985003883 ], [ 6.715015164519161, 52.368141471160975 ], [ 6.71493430458717, 52.368335894641007 ], [ 6.714931668671977, 52.368342512881085 ], [ 6.714872493507343, 52.368491210538735 ], [ 6.714852554618346, 52.368541321129314 ], [ 6.714714539821144, 52.368878432939425 ], [ 6.714687885016029, 52.368945553409276 ], [ 6.714592474303936, 52.369185748120223 ], [ 6.714534593453716, 52.36933066481344 ], [ 6.714512012125648, 52.369387204873192 ], [ 6.714468420208086, 52.369496348318293 ], [ 6.714437819550138, 52.369572960019831 ], [ 6.714345525316919, 52.369804032027254 ], [ 6.714207494487628, 52.370164414824607 ], [ 6.714149554762576, 52.370307938705103 ], [ 6.714029792466815, 52.370604638732836 ], [ 6.713936404825312, 52.370841025886413 ], [ 6.713805856330347, 52.371171446026437 ], [ 6.713736242293995, 52.371361212149317 ], [ 6.713716874424137, 52.371409877919575 ], [ 6.713710031097216, 52.371427059974252 ], [ 6.713630043402523, 52.37162795336112 ], [ 6.713595377675847, 52.371715064118185 ], [ 6.713578533737235, 52.371759746577872 ], [ 6.713578342455881, 52.371760225118614 ], [ 6.713562193970336, 52.371803120033832 ], [ 6.713516792453825, 52.371923599992172 ], [ 6.713334791461554, 52.372397308432319 ], [ 6.713268805630568, 52.372569065299025 ], [ 6.713175449054457, 52.372803815418948 ], [ 6.713110522118181, 52.372968297507342 ], [ 6.713000612501883, 52.373246746807546 ], [ 6.712977749595231, 52.373304314356176 ], [ 6.712765994758454, 52.373837356292327 ], [ 6.712709950091055, 52.37395665172523 ], [ 6.712685631542358, 52.374020572480148 ], [ 6.712675760462822, 52.374046543281537 ], [ 6.71266896114382, 52.374171318468932 ], [ 6.7126628956722, 52.374279869975489 ], [ 6.712668799930269, 52.374349627391574 ], [ 6.712669840530048, 52.374356923478828 ], [ 6.712723215142596, 52.374727878947105 ], [ 6.712735387439049, 52.374820118576409 ], [ 6.712752343485675, 52.374997678457099 ], [ 6.712764890919602, 52.375200195153397 ], [ 6.713102714321526, 52.375717183919853 ], [ 6.713392748178239, 52.376154456956179 ], [ 6.713465766126815, 52.376262733458255 ], [ 6.713461500913501, 52.376273333885997 ], [ 6.713442731390888, 52.376319988378782 ], [ 6.713423228369482, 52.376373545351896 ], [ 6.713419732457522, 52.376394150468698 ], [ 6.7134222005425, 52.376422643671404 ], [ 6.713465297475715, 52.376489071922862 ], [ 6.713415432522846, 52.376497351946639 ], [ 6.713388191477667, 52.376498457198657 ], [ 6.713188114820904, 52.376503108031471 ], [ 6.713055103511587, 52.37651082735993 ], [ 6.712926507935173, 52.376508555671258 ], [ 6.712810950911117, 52.376509598412127 ], [ 6.712681141939629, 52.376509479337258 ], [ 6.712585274896637, 52.37650886315091 ], [ 6.712519646640887, 52.376509157674207 ], [ 6.712507457485581, 52.376539163322271 ], [ 6.712507078526678, 52.376539751825661 ], [ 6.712498348867316, 52.376574446739255 ], [ 6.712492342227193, 52.376619654796343 ], [ 6.712483534437155, 52.376660579688718 ], [ 6.712480765999254, 52.376669671207786 ], [ 6.712453652929009, 52.376704536023468 ], [ 6.712438378617441, 52.37671388443394 ], [ 6.712423843726849, 52.376714559544126 ], [ 6.71239216271921, 52.376715031149089 ], [ 6.712321862505127, 52.376701041044633 ], [ 6.712251520254711, 52.376686134531397 ], [ 6.712178566386124, 52.376670825762467 ], [ 6.711981485477274, 52.376629787870456 ], [ 6.711945091258868, 52.376622932469182 ], [ 6.711836810199086, 52.3766025538566 ], [ 6.711776159038704, 52.376587062195554 ], [ 6.711745121498666, 52.376581540013518 ], [ 6.711719651132649, 52.376578499292357 ], [ 6.711679327635844, 52.376577278699543 ], [ 6.711624233612167, 52.376580151413165 ], [ 6.711593572227569, 52.376587218020603 ], [ 6.711579329496632, 52.376594721099245 ], [ 6.711570200954216, 52.376601834367023 ], [ 6.711495376868905, 52.376672378315959 ], [ 6.711384172999915, 52.376763598581412 ], [ 6.711249646141177, 52.376868616514145 ], [ 6.711145939785405, 52.376951743815532 ], [ 6.711049943413167, 52.377022560273609 ], [ 6.710877709711828, 52.37702813614942 ], [ 6.710785768058537, 52.376987843832779 ], [ 6.710282726065261, 52.377015877323942 ], [ 6.710170781834873, 52.376963808367371 ], [ 6.710007345120292, 52.376887164752063 ], [ 6.709824522259104, 52.376876003824535 ], [ 6.709695677183833, 52.376871304484126 ], [ 6.709549761294304, 52.376868926044246 ], [ 6.709379607440903, 52.376866908100446 ], [ 6.709258372672718, 52.376866222064585 ], [ 6.709100216412081, 52.376865615733166 ], [ 6.708961903275576, 52.37686699877024 ], [ 6.708233617930355, 52.376895257663691 ], [ 6.708097747054849, 52.376900529660944 ], [ 6.707337276891105, 52.377129172744709 ], [ 6.707217954609977, 52.377165109799321 ], [ 6.707183885877836, 52.377177642373269 ], [ 6.70716749091998, 52.377178993749979 ], [ 6.707150729968312, 52.377180385160742 ], [ 6.707109469534373, 52.377182732942906 ], [ 6.707105275951116, 52.377182968473562 ], [ 6.707083304866511, 52.377184490789645 ], [ 6.707047363111873, 52.377197259040415 ], [ 6.707021408800744, 52.377207561786044 ], [ 6.707108625163414, 52.377791144632894 ], [ 6.707935166683652, 52.377745681560974 ], [ 6.708056095146076, 52.3784930732674 ], [ 6.708061866569841, 52.378530994670449 ], [ 6.70815583723201, 52.379144999646641 ], [ 6.708155579218205, 52.379264973330365 ], [ 6.708137405061591, 52.379339718608634 ], [ 6.708064849307585, 52.379620774844987 ], [ 6.709454884666902, 52.379771488416466 ], [ 6.709432432478473, 52.379802713962164 ], [ 6.710435179313367, 52.379993858416235 ], [ 6.710409521995523, 52.380064813638377 ], [ 6.710680397696265, 52.380163445951212 ], [ 6.709619646379548, 52.38098362052974 ], [ 6.70963971739487, 52.380993184849217 ], [ 6.709411189189505, 52.381160526010675 ], [ 6.709265813300223, 52.381320016688562 ], [ 6.708781233429205, 52.381848178230982 ], [ 6.708769098186092, 52.381842686874272 ], [ 6.70790977905259, 52.382780189124787 ], [ 6.707762038055908, 52.382941510917753 ], [ 6.707693554634774, 52.383015891534278 ], [ 6.706579592031525, 52.3825867230752 ], [ 6.704804142075489, 52.38188769307326 ], [ 6.703466105220098, 52.381364847294421 ], [ 6.703326837494986, 52.381616881704794 ], [ 6.703127037856359, 52.381978457929939 ], [ 6.703024926895996, 52.382163229949917 ], [ 6.702897974328515, 52.382392978240354 ], [ 6.702805712077097, 52.382559937546702 ], [ 6.70240687862498, 52.383281654379665 ], [ 6.702405260547722, 52.383284548705461 ], [ 6.702359339512722, 52.383370117905187 ], [ 6.702193072186289, 52.383657829079276 ], [ 6.702031708278628, 52.383938582287428 ], [ 6.701885986752023, 52.384192591262021 ], [ 6.701742718567487, 52.384437251629294 ], [ 6.701510737273191, 52.384839936334785 ], [ 6.701491556134689, 52.3848732542492 ], [ 6.701411304021319, 52.385009441383119 ], [ 6.701394814170241, 52.385037417149256 ], [ 6.701326015575711, 52.385157117839029 ], [ 6.70129560466449, 52.385210038638121 ], [ 6.701241448478922, 52.38530585585687 ], [ 6.701198961476406, 52.385381049553011 ], [ 6.701183733552391, 52.385407995567483 ], [ 6.701182263268704, 52.385410429816083 ], [ 6.70109197326309, 52.38555941101464 ], [ 6.701071666326156, 52.385592930108231 ], [ 6.701040743453678, 52.385647332439355 ], [ 6.701021808278115, 52.385680645738887 ], [ 6.701004088724693, 52.385711259756022 ], [ 6.700994195233513, 52.385728366963498 ], [ 6.70092165553365, 52.385852764990574 ], [ 6.70081021045847, 52.38604389446018 ], [ 6.70075825084419, 52.38613508489891 ], [ 6.700701987994955, 52.386239203689122 ], [ 6.700683763749259, 52.386271638943661 ], [ 6.700605522618474, 52.38641091318425 ], [ 6.700495826411094, 52.386608602543475 ], [ 6.700422511993791, 52.386739174976029 ], [ 6.700324636880659, 52.386915933448051 ], [ 6.700227965160149, 52.387087222415595 ], [ 6.700224216180278, 52.387094562721494 ], [ 6.700172661409813, 52.387188094390801 ], [ 6.700166555941703, 52.387199200078832 ], [ 6.700144156732057, 52.387239995974994 ], [ 6.699998078785677, 52.387503525136204 ], [ 6.699969811164822, 52.387554516197291 ], [ 6.699950531205874, 52.387589039389837 ], [ 6.699870468565495, 52.387732441048776 ], [ 6.69980425189669, 52.387851303120527 ], [ 6.699730516956547, 52.387983686425294 ], [ 6.699664684454925, 52.388101159907968 ], [ 6.699629772807076, 52.38816346025326 ], [ 6.699590918202161, 52.388234001876754 ], [ 6.699445173549297, 52.388498587207366 ], [ 6.699092240273795, 52.389136435849309 ], [ 6.698953655158708, 52.389386990880581 ], [ 6.698687844326781, 52.389868001940975 ], [ 6.69863327280922, 52.389966545924487 ], [ 6.698294110650934, 52.390579026335281 ], [ 6.698147445712736, 52.390826928259735 ], [ 6.698102964417272, 52.390902106810813 ], [ 6.698089797832558, 52.390924364477506 ], [ 6.697974852546666, 52.39111869362285 ], [ 6.697897298139853, 52.391249967371564 ], [ 6.697881643088213, 52.391274032299997 ], [ 6.697938697270263, 52.391453486340552 ], [ 6.698154918233516, 52.392170913709428 ], [ 6.698317726468592, 52.392704720746117 ], [ 6.698386782322707, 52.392931141656241 ], [ 6.698409094517563, 52.393004915281814 ], [ 6.698517761321869, 52.393364323483219 ], [ 6.698531721930591, 52.393409084651005 ], [ 6.698592301444275, 52.393603213554989 ], [ 6.698594720023342, 52.393610961862926 ], [ 6.6986215700382, 52.393697044437999 ], [ 6.698635303416249, 52.393741071047927 ], [ 6.699014107479972, 52.393767614818756 ], [ 6.699451168013129, 52.393796594689704 ], [ 6.699767886429894, 52.393816381741452 ], [ 6.700512579525314, 52.393862916640352 ], [ 6.700805599357514, 52.393881220054418 ], [ 6.701258688259293, 52.393904118914037 ], [ 6.701402144749708, 52.393911371147929 ], [ 6.701573363897635, 52.393923833937606 ], [ 6.701578480018543, 52.39392145808457 ], [ 6.701667184622786, 52.39392602808708 ], [ 6.701999990284392, 52.393944704729122 ], [ 6.702496381045607, 52.393972564983855 ], [ 6.702732415282664, 52.393987137331408 ], [ 6.702742763438867, 52.393987777373013 ], [ 6.702955208428819, 52.394003591173515 ], [ 6.702964887108483, 52.394002962260927 ], [ 6.703036398113944, 52.394006931348187 ], [ 6.703813285498149, 52.394052800045138 ], [ 6.703903154147182, 52.394058946405323 ], [ 6.705156111800108, 52.394136435190724 ], [ 6.705557724169583, 52.394158434577378 ], [ 6.706471136573236, 52.394208464114534 ], [ 6.706729702158505, 52.394220710041893 ], [ 6.70681130811844, 52.394225175552499 ], [ 6.706875485252189, 52.394232010534346 ], [ 6.706921725197459, 52.394238946575406 ], [ 6.707302816646977, 52.394323189945837 ], [ 6.708478332249713, 52.394587103219735 ], [ 6.708619917856108, 52.394614762679559 ], [ 6.708636248926016, 52.394617951097423 ], [ 6.709155786247891, 52.394755859843301 ], [ 6.709372625730838, 52.394817293015294 ], [ 6.709496261432596, 52.394865268334115 ], [ 6.709850889617459, 52.39500229241348 ], [ 6.710302806016362, 52.395170353289821 ], [ 6.710487184276671, 52.395238924626767 ], [ 6.710658308561169, 52.395250404629003 ], [ 6.710820445911152, 52.395261571392808 ], [ 6.711105510341522, 52.395274769934147 ], [ 6.711126760841302, 52.395274406440926 ], [ 6.71240123315888, 52.395316001509961 ], [ 6.712580376193376, 52.395322903677041 ], [ 6.713209211735183, 52.395344040887387 ], [ 6.713332256884559, 52.395349026495666 ], [ 6.713334990549545, 52.395351503685447 ], [ 6.713383941334763, 52.395352717082218 ], [ 6.713456016042254, 52.395353320845288 ], [ 6.713461286472995, 52.395354151668684 ], [ 6.713465713364978, 52.395354290833261 ], [ 6.713477625857157, 52.39535465174567 ], [ 6.713490479759512, 52.395355047052732 ], [ 6.713519790824275, 52.395355950098654 ], [ 6.713541954125154, 52.395356627608749 ], [ 6.713568528877271, 52.395356437727891 ], [ 6.714064502319894, 52.39537789940448 ], [ 6.714210565873207, 52.39538021716308 ], [ 6.714418509624221, 52.39538911275973 ], [ 6.714551483182558, 52.395391981339245 ], [ 6.714569479702371, 52.395392372799456 ], [ 6.715249286329573, 52.395417341053552 ], [ 6.715563064211833, 52.395430044965664 ], [ 6.715794159865495, 52.395438264886579 ], [ 6.716635069086504, 52.395468185446774 ], [ 6.716729983367661, 52.395470445295558 ], [ 6.71700469148703, 52.395479701104449 ], [ 6.717567110263854, 52.395498648950309 ], [ 6.717681403543186, 52.395500357679268 ], [ 6.717881154949112, 52.395508449406385 ], [ 6.718493061450798, 52.395533236452593 ], [ 6.718513216086994, 52.395534052473735 ], [ 6.718776462151247, 52.395544709456637 ], [ 6.718868540552168, 52.395546469164792 ], [ 6.718890049621687, 52.395546883376902 ], [ 6.719453553937292, 52.395567176327894 ], [ 6.719544427291862, 52.395570881618177 ], [ 6.719550499149432, 52.395571972809385 ], [ 6.719696032868709, 52.39559816345426 ], [ 6.720820848487441, 52.395800585262023 ], [ 6.721733765384839, 52.395956280720199 ], [ 6.722235194195572, 52.396040396090676 ], [ 6.722309541282252, 52.396053948370039 ], [ 6.72300233663491, 52.39618023387866 ], [ 6.723769558753931, 52.396305989697382 ], [ 6.72423498993008, 52.396388939051263 ], [ 6.724241504846997, 52.396390096908313 ], [ 6.724375881464494, 52.396414493278257 ], [ 6.724483397423045, 52.396431085211724 ], [ 6.724794962752042, 52.396479177812488 ], [ 6.72502806591059, 52.39651956320921 ], [ 6.725036466315004, 52.396515522286094 ], [ 6.725071679664393, 52.396494828099947 ] ], [ [ 6.717671284693124, 52.387531250590733 ], [ 6.71754561827607, 52.38702574210425 ], [ 6.71721454579242, 52.387047664546728 ], [ 6.71676054849125, 52.387070319708116 ], [ 6.716727017042495, 52.387073015405839 ], [ 6.716181826847216, 52.387109636190942 ], [ 6.715853199068505, 52.387135230668193 ], [ 6.715726306021645, 52.387145113229451 ], [ 6.715704394047555, 52.38714744002327 ], [ 6.71560820789484, 52.387061433544709 ], [ 6.715608162625404, 52.387061393604078 ], [ 6.715164019672952, 52.387090345402491 ], [ 6.714958100064905, 52.386901584916437 ], [ 6.714924988550223, 52.386895250845228 ], [ 6.71480235455674, 52.386783567847381 ], [ 6.715133016201786, 52.386640607350685 ], [ 6.715007079467409, 52.386526995808076 ], [ 6.714870187884552, 52.386403501807322 ], [ 6.714323722209127, 52.38591050694702 ], [ 6.713892272340413, 52.385512223182367 ], [ 6.713658945383715, 52.385305610711519 ], [ 6.712051203393921, 52.385484935510206 ], [ 6.711394585616324, 52.385557801094798 ], [ 6.70993323328481, 52.38572260547334 ], [ 6.709678391220395, 52.385128107478003 ], [ 6.709617994152054, 52.384974798770457 ], [ 6.709336689702713, 52.384260799343181 ], [ 6.709326969521092, 52.384236131771871 ], [ 6.709420783126133, 52.384224577947101 ], [ 6.709476756901994, 52.384217684903092 ], [ 6.709686734490671, 52.384191825689427 ], [ 6.709857420603639, 52.384171851368031 ], [ 6.709966519062106, 52.384159082727301 ], [ 6.710092282026195, 52.38414436416997 ], [ 6.710340044658062, 52.384116319707076 ], [ 6.709911125308496, 52.382906942841402 ], [ 6.710452042317318, 52.382848331317234 ], [ 6.710995958471057, 52.382790834305183 ], [ 6.711533183307692, 52.382733616390389 ], [ 6.712141622452565, 52.382668120337584 ], [ 6.712093947847754, 52.382567613193963 ], [ 6.712074324879206, 52.382520993271029 ], [ 6.712036851291576, 52.382432003160105 ], [ 6.71202015612395, 52.382423372222242 ], [ 6.712050913963692, 52.382397778964773 ], [ 6.71184128417018, 52.382297535739461 ], [ 6.711748770519623, 52.38225329553994 ], [ 6.711950188045766, 52.38210235460059 ], [ 6.712067422911302, 52.382027227986441 ], [ 6.712189504696179, 52.381946940568653 ], [ 6.712313473165496, 52.381865411245265 ], [ 6.712656553516712, 52.381786496860471 ], [ 6.712893849429051, 52.381710249514185 ], [ 6.713144083513196, 52.381630009618029 ], [ 6.713227371631812, 52.381602587106087 ], [ 6.713416149497112, 52.381541596607107 ], [ 6.713594212467723, 52.381484815696368 ], [ 6.713736762225904, 52.381439973917153 ], [ 6.713851573526337, 52.381485724406069 ], [ 6.713925736836599, 52.381515634105149 ], [ 6.71405034033591, 52.381566101515794 ], [ 6.714100305211395, 52.381585454714994 ], [ 6.714165499900566, 52.381610706247479 ], [ 6.714268258898857, 52.38165176458341 ], [ 6.714294267179018, 52.38166776031035 ], [ 6.714412643045348, 52.381757945898094 ], [ 6.714563418005245, 52.381879344979914 ], [ 6.714860980583508, 52.382114484073497 ], [ 6.714928071258073, 52.382169101261468 ], [ 6.715006490626134, 52.382140968086141 ], [ 6.715071569622012, 52.382116669854042 ], [ 6.715132502263558, 52.382091258576729 ], [ 6.715189360338028, 52.382065659281182 ], [ 6.715254591394157, 52.382032226819511 ], [ 6.715315846378411, 52.382003854578166 ], [ 6.715376631316117, 52.381972053932671 ], [ 6.715448875065884, 52.381934911269958 ], [ 6.715520321870619, 52.381896177534529 ], [ 6.71558114098718, 52.381865526938689 ], [ 6.715673576535453, 52.381814980216092 ], [ 6.715748453057276, 52.381778949366925 ], [ 6.715828816177963, 52.381738767063567 ], [ 6.715918430072193, 52.381695541577592 ], [ 6.715968293826958, 52.381674793368589 ], [ 6.716090257430222, 52.381616058759995 ], [ 6.716198548375955, 52.381569180715474 ], [ 6.716310402292698, 52.381520626632067 ], [ 6.716348696921377, 52.381503999118209 ], [ 6.716386861252509, 52.381487435975281 ], [ 6.716438133377586, 52.381463705507265 ], [ 6.716475543154123, 52.38143667908313 ], [ 6.716511570348715, 52.381414000683364 ], [ 6.716617819899829, 52.381444537075531 ], [ 6.716683797553138, 52.38146250126097 ], [ 6.716823128415828, 52.381500441010374 ], [ 6.716955186587595, 52.381534399457578 ], [ 6.71712930375541, 52.381578788342964 ], [ 6.717386877436865, 52.381640982092733 ], [ 6.717986818434837, 52.381787757061332 ], [ 6.718006139836748, 52.381792487141894 ], [ 6.718308035292707, 52.381866407743736 ], [ 6.71838589397668, 52.381885471503537 ], [ 6.718449082155181, 52.381900942985666 ], [ 6.719393684736789, 52.382132485662559 ], [ 6.719573576003446, 52.382176266676566 ], [ 6.719868355968226, 52.382248542115867 ], [ 6.720421373196422, 52.382383848679318 ], [ 6.721182207511121, 52.382619379655672 ], [ 6.721729136492175, 52.382788849782933 ], [ 6.722009798418365, 52.382402805038289 ], [ 6.722055060740947, 52.382340545493889 ], [ 6.722136769548649, 52.382380791790162 ], [ 6.722342785870612, 52.382485260804714 ], [ 6.722766334550458, 52.382700036266527 ], [ 6.72297250453162, 52.38280458156769 ], [ 6.722999324326384, 52.382818180671457 ], [ 6.72254092612463, 52.383454416831817 ], [ 6.722481148205877, 52.383537382877748 ], [ 6.722458981721134, 52.383568148386622 ], [ 6.722458657512682, 52.383568601474707 ], [ 6.722411888312318, 52.383633525297796 ], [ 6.722775008831022, 52.383720580115096 ], [ 6.723088598152705, 52.383796940934033 ], [ 6.723381931849437, 52.383868927429425 ], [ 6.723571734791842, 52.38391513432191 ], [ 6.723665893536964, 52.383938933670443 ], [ 6.723595475112615, 52.384036976581932 ], [ 6.723468871541091, 52.384220389428201 ], [ 6.723332414730599, 52.384413701951793 ], [ 6.723284112036993, 52.384482953461692 ], [ 6.724197914455263, 52.384698665134316 ], [ 6.724225371114827, 52.384705033524099 ], [ 6.724982663185563, 52.384880581455455 ], [ 6.72499687962173, 52.384883872401751 ], [ 6.725080097975929, 52.384773449576414 ], [ 6.725222452180554, 52.384809197999068 ], [ 6.725624210726091, 52.384908986493208 ], [ 6.725751533518164, 52.384946777484963 ], [ 6.726243369231067, 52.385063230285539 ], [ 6.726433541435346, 52.385108259944793 ], [ 6.726285067014566, 52.385346412274053 ], [ 6.726745384357717, 52.385455799497691 ], [ 6.727016130838109, 52.385520140715116 ], [ 6.726791518916564, 52.385561010455142 ], [ 6.726478974322277, 52.385619009315874 ], [ 6.726325076933342, 52.385644696226706 ], [ 6.726241171769909, 52.38572412506069 ], [ 6.726196160039283, 52.385775150276928 ], [ 6.726126322577404, 52.385791688346636 ], [ 6.725854033328454, 52.38584454709472 ], [ 6.726069224366884, 52.386401510511945 ], [ 6.725429887174102, 52.386421729096853 ], [ 6.724663551447525, 52.386447837658721 ], [ 6.724533684379336, 52.386061725126346 ], [ 6.724454320258989, 52.386077569849824 ], [ 6.724431847159724, 52.386082057379035 ], [ 6.724342921374161, 52.386098450492298 ], [ 6.724060672006202, 52.386150464804807 ], [ 6.72399628191644, 52.386162086231337 ], [ 6.723981188861069, 52.386164809454705 ], [ 6.723926791516944, 52.386174592174065 ], [ 6.723851748261267, 52.386188077620368 ], [ 6.723764199306017, 52.386203813859261 ], [ 6.723641989527518, 52.386225780389374 ], [ 6.72333432063133, 52.386281091145335 ], [ 6.723252625411542, 52.386296143406646 ], [ 6.722921521624083, 52.386355753486448 ], [ 6.722590416938368, 52.386415362642595 ], [ 6.722504187722653, 52.386430609352971 ], [ 6.72240470115725, 52.386448567301542 ], [ 6.722306938468823, 52.386466209097328 ], [ 6.722150253587059, 52.386497313341415 ], [ 6.721201469102892, 52.386670899830484 ], [ 6.721116397393073, 52.386687052909238 ], [ 6.721072259997827, 52.386694633325206 ], [ 6.720893327645983, 52.386728280488846 ], [ 6.720399872142401, 52.386819941325243 ], [ 6.720376248696017, 52.386841591288317 ], [ 6.720370692202054, 52.386850754832054 ], [ 6.720370231764481, 52.386868166446945 ], [ 6.720497129327726, 52.386962537644614 ], [ 6.720367216315516, 52.387024781864504 ], [ 6.719984870252407, 52.387188698230915 ], [ 6.71922323706726, 52.387251544784732 ], [ 6.71919853811781, 52.38725386314038 ], [ 6.719188707856929, 52.387444885329309 ], [ 6.719188783986624, 52.38772306094986 ], [ 6.718013644666825, 52.387860105845007 ], [ 6.718032441724122, 52.387485168871606 ], [ 6.717671284693124, 52.387531250590733 ] ] ] ] } },
{ "type": "Feature", "properties": { "buurtcode": "BU01830301", "buurtnaam": "Geesteren noord", "pc6_codes": "7678AT, 7678AW, 7678AX, 7678BA, 7678BB, 7678BC, 7678BD, 7678BE, 7678BG, 7678BH, 7678BJ, 7678BK, 7678BL, 7678BM, 7678BN, 7678BP, 7678BR, 7678BS, 7678BT, 7678BV, 7678BW, 7678BX, 7678BZ, 7678DA, 7678DB, 7678DC, 7678DD, 7678DE, 7678DG, 7678DH, 7678DJ, 7678DK, 7678DL, 7678DM, 7678DN, 7678DP, 7678RX, 7678SZ, 7678TA, 7678TB, 7678TT, 7678VC, 7678VE, 7678VG, 7678VH, 7678VJ, 7678VK, 7678VV, 7678VW, 7678VX", "wijkcode": "WK018303", "gemeentecode": "GM0183", "gemeentenaam": "Tubbergen", "oppervlakteLandInHa": 63, "AantalInwoners_5": 1570, "Mannen_6": 795, "Vrouwen_7": 780, "HuishoudensTotaal_29": 580, "GemiddeldeHuishoudensgrootte_33": 2.7, "Woningvoorraad_35": 627, "NieuwbouwWoningen_36": 7, "NietWoningvoorraad_37": 18, "NieuwbouwNietWoningen_38": 1, "GemiddeldeWOZWaardeVanWoningen_39": 421, "PercentageEengezinswoning_40": 84, "PercentageTussenwoningEengezins_41": 15, "PercentageHoekwoningEengezins_42": 12, "PercentageTweeOnderEenKapWoningEe_43": 21, "PercentageVrijstaandeWoningEengezins_44": 37, "PercentageMeergezinswoning_45": 16, "Koopwoningen_47": 75, "HuurwoningenTotaal_48": 25, "InBezitWoningcorporatie_49": 13, "InBezitOverigeVerhuurders_50": 12, "BouwjaarMeerDanTienJaarGeleden_51": 84, "BouwjaarAfgelopenTienJaar_52": 16, "GemiddeldeElektriciteitslevering_53": 3400, "GemiddeldeElektriciteitsteruglevering_54": 1810, "GemiddeldAardgasverbruik_55": 950, "AardgasvrijeWoningen_57": 9, "Aardgaswoningen_58": 68, "WoningenMetZonnestroom_59": 60, "WoningenHoofdzElektrVerwarmd_60": 25, "k_20PersonenMetHoogsteInkomen_80": 18.1, "k_20HuishoudensMetHoogsteInkomen_85": 33.1, "MediaanVermogenVanParticuliereHuish_86": 373.0, "PersonenautoSTotaal_104": 2145, "PersonenautoSBrandstofBenzine_105": 1390, "PersonenautoSOverigeBrandstof_106": 755, "PersonenautoSPerHuishouden_107": null, "Omgevingsadressendichtheid_121": 361, "AantalInstallatiesBijWoningen_5": null, "OpgesteldVermogenVanZonnepanelen_6": null, "installaties_per_woning": null, "vermogen_per_woning": null, "installaties_per_100_woningen": null, "vermogen_per_huishouden": null, "batterijdruk_score": 1086.0, "koop_zon_score": 0.45, "eengezins_zon_score": 0.504, "betaalkracht_zon_score": 223.8, "overige_brandstof_zon_score": 453.0, "lichte_batterij_kansscore": 0.50355822259395266 }, "geometry": { "type": "MultiPolygon", "coordinates": [ [ [ [ 6.733985815637714, 52.428978693329796 ], [ 6.734244395923788, 52.428907637650525 ], [ 6.7345498854543, 52.428875300792235 ], [ 6.734491971398671, 52.428656728876405 ], [ 6.73474181323868, 52.428640880276212 ], [ 6.734721634830284, 52.428553147903862 ], [ 6.734503451962768, 52.428082760334512 ], [ 6.733864388372084, 52.428172731606537 ], [ 6.733456319298183, 52.427286866009098 ], [ 6.73432650916377, 52.427089812343027 ], [ 6.734795241554402, 52.426847290277884 ], [ 6.7342944424095, 52.426651715520038 ], [ 6.734228083947135, 52.426559924101639 ], [ 6.7341534194636, 52.426280707932342 ], [ 6.733410477571915, 52.425962924148578 ], [ 6.733022752602833, 52.42596471479748 ], [ 6.732757221036572, 52.425879643913511 ], [ 6.733176683696319, 52.425360265215168 ], [ 6.733319407929023, 52.425186143849174 ], [ 6.732880170448343, 52.425155576498668 ], [ 6.733001350426087, 52.424888462034581 ], [ 6.733057713421246, 52.424766050946097 ], [ 6.733442603604209, 52.424821215034903 ], [ 6.733563276040209, 52.424490956622009 ], [ 6.733631619339829, 52.424404098101533 ], [ 6.733734072203098, 52.424273888247384 ], [ 6.733798332919952, 52.424208283635288 ], [ 6.733848576942623, 52.424218406944775 ], [ 6.733951487294717, 52.424243168772335 ], [ 6.734192206617028, 52.424294398583754 ], [ 6.734615359650695, 52.424386580786177 ], [ 6.734978884340554, 52.424465435884848 ], [ 6.735098064124084, 52.424486065605691 ], [ 6.735163503343932, 52.424494606023025 ], [ 6.735484010332168, 52.424529599628045 ], [ 6.735931819983064, 52.424577200855232 ], [ 6.73613284756602, 52.424600537818414 ], [ 6.736313976772392, 52.424612128344521 ], [ 6.736431598612564, 52.424612001917573 ], [ 6.736635030257952, 52.424607113533952 ], [ 6.737357252239426, 52.424601336458103 ], [ 6.737418615263668, 52.424601068369505 ], [ 6.737439107497058, 52.424599971848778 ], [ 6.737850489207539, 52.424589582449904 ], [ 6.738117852910051, 52.424595189137484 ], [ 6.738203212763211, 52.424598332238112 ], [ 6.738401770329749, 52.424606215231734 ], [ 6.738442523487325, 52.424605597483598 ], [ 6.738719086844189, 52.424591979183923 ], [ 6.738994089678609, 52.424578782533565 ], [ 6.739169648343713, 52.424570580136411 ], [ 6.739838046121624, 52.424539556602774 ], [ 6.739889312594467, 52.424540786781833 ], [ 6.739939091481764, 52.424548379856105 ], [ 6.739976123376056, 52.424559554833223 ], [ 6.740008215056381, 52.424575445898981 ], [ 6.740367161431754, 52.424800913373993 ], [ 6.740492752868381, 52.424801743526295 ], [ 6.740723177174344, 52.424551529368891 ], [ 6.740955185213315, 52.424383470105653 ], [ 6.740978537697229, 52.42436258880096 ], [ 6.74142494998936, 52.423974468032668 ], [ 6.741496488731876, 52.423912276075242 ], [ 6.741679164993547, 52.423778423627844 ], [ 6.741896118351508, 52.423662533480041 ], [ 6.742114205237094, 52.423567860958272 ], [ 6.742310197540246, 52.423484388908314 ], [ 6.742549788194937, 52.423382359563114 ], [ 6.74262742752684, 52.423338460731969 ], [ 6.742638745922341, 52.423328767358015 ], [ 6.742664662888277, 52.423306547620015 ], [ 6.742679181111774, 52.42328563583736 ], [ 6.742715572251775, 52.423252563856167 ], [ 6.742732487984356, 52.423235525666435 ], [ 6.742748526638814, 52.423218173924269 ], [ 6.742777886181591, 52.423182584705486 ], [ 6.742800374199854, 52.423144133968471 ], [ 6.742883559954281, 52.423006565382941 ], [ 6.742904315372678, 52.42294400103718 ], [ 6.74290497088547, 52.422943273548931 ], [ 6.742905520804993, 52.422940634501131 ], [ 6.742968184858603, 52.422752020045259 ], [ 6.743000129145071, 52.422713903250717 ], [ 6.743150641301945, 52.422634329194047 ], [ 6.743322211481998, 52.422438714914982 ], [ 6.743984618374973, 52.421461602338802 ], [ 6.743759312996631, 52.42140517328302 ], [ 6.742536820078238, 52.421220998787021 ], [ 6.742617284577877, 52.420993395025889 ], [ 6.742614883023943, 52.420971139831749 ], [ 6.742596044791773, 52.420946969424101 ], [ 6.742558578996342, 52.420936719773643 ], [ 6.742534754787008, 52.420932650941786 ], [ 6.742510656726996, 52.42092924140514 ], [ 6.742486328630757, 52.42092648167354 ], [ 6.742461830109943, 52.420924398030415 ], [ 6.74241249732718, 52.420922230034705 ], [ 6.742383330910058, 52.420921826722747 ], [ 6.742323867988719, 52.420922525111777 ], [ 6.742250334710237, 52.420924166467344 ], [ 6.742191599613988, 52.420928469869544 ], [ 6.742119372834751, 52.42093821287903 ], [ 6.742049586104458, 52.420951784028624 ], [ 6.742004399080296, 52.420963060286027 ], [ 6.741950179441812, 52.420977037550401 ], [ 6.741914160439749, 52.420987157234428 ], [ 6.741551948200318, 52.42064457472037 ], [ 6.7412908617651, 52.420401524929602 ], [ 6.741282002531412, 52.420397922930682 ], [ 6.7412715920362, 52.420399264406569 ], [ 6.740540533457585, 52.420692279894979 ], [ 6.74049173886567, 52.420702895691122 ], [ 6.74020653356467, 52.42021216038183 ], [ 6.740190226180041, 52.420186082075062 ], [ 6.740211381830729, 52.420114884581544 ], [ 6.739614006696748, 52.420409311647113 ], [ 6.73920994673307, 52.420582530974592 ], [ 6.73808145526137, 52.420879929176103 ], [ 6.737743412279455, 52.420957549282498 ], [ 6.737219101715523, 52.421003043631153 ], [ 6.73635385537833, 52.421031345467114 ], [ 6.735151498537995, 52.421026594697643 ], [ 6.734193546884922, 52.420982171217538 ], [ 6.731517612311579, 52.420838702488467 ], [ 6.729916333558363, 52.420751489750295 ], [ 6.729038672533675, 52.420761108105033 ], [ 6.728481183509078, 52.420728845286945 ], [ 6.727791341692181, 52.420694400900388 ], [ 6.727831563232031, 52.421953115794231 ], [ 6.724238366839356, 52.422028629052392 ], [ 6.724245179485726, 52.422685452884721 ], [ 6.724245238052741, 52.422722925459148 ], [ 6.724246110158502, 52.423366576140872 ], [ 6.724561218343442, 52.423362146493425 ], [ 6.725050431061732, 52.42338818010343 ], [ 6.725314329316411, 52.42340222310203 ], [ 6.725557480006187, 52.423405497992526 ], [ 6.725588104761691, 52.423541615988817 ], [ 6.725668013191595, 52.423901872623169 ], [ 6.725262165944366, 52.423963146517835 ], [ 6.725263115219054, 52.423966533462114 ], [ 6.725437340317611, 52.424588615181484 ], [ 6.725437124681902, 52.424591549680187 ], [ 6.725807179998448, 52.424516527312477 ], [ 6.725969428571441, 52.424484905399801 ], [ 6.726353766274077, 52.424409982330396 ], [ 6.726390920051175, 52.424512490038936 ], [ 6.726700181840399, 52.425019101567344 ], [ 6.726762720277166, 52.425049395744281 ], [ 6.72684325706805, 52.425072448283736 ], [ 6.726820336605346, 52.425095835052545 ], [ 6.727817326738532, 52.425584209382215 ], [ 6.727545417055167, 52.425831433616743 ], [ 6.727127962851787, 52.426211590473073 ], [ 6.726978860325977, 52.426347862608331 ], [ 6.72699923740657, 52.426358957666196 ], [ 6.727043211757391, 52.42649092434317 ], [ 6.727551413229842, 52.426850989952698 ], [ 6.727960072614163, 52.427154132276669 ], [ 6.728897882372442, 52.426985368199105 ], [ 6.729681896799383, 52.426845206691397 ], [ 6.729705553001531, 52.426880029832695 ], [ 6.730338087751693, 52.427816263764448 ], [ 6.731203841809258, 52.427652870151825 ], [ 6.731825502492128, 52.427541906794552 ], [ 6.732063301750769, 52.427997865479483 ], [ 6.732697222570677, 52.427873789693436 ], [ 6.732722072933989, 52.427924434704565 ], [ 6.733055767777002, 52.428550488911277 ], [ 6.733716506970972, 52.428367046436904 ], [ 6.733858959736019, 52.428672340859549 ], [ 6.732929110258097, 52.428980257384353 ], [ 6.732992860373662, 52.429058679004847 ], [ 6.733185358830165, 52.429277690774875 ], [ 6.733985815637714, 52.428978693329796 ] ] ] ] } },
{ "type": "Feature", "properties": { "buurtcode": "BU01830302", "buurtnaam": "Geesteren zuid", "pc6_codes": "7678AA, 7678AB, 7678AC, 7678AD, 7678AE, 7678AG, 7678AH, 7678AJ, 7678AK, 7678AL, 7678AM, 7678AN, 7678AP, 7678AR, 7678AS, 7678AT, 7678AV, 7678AX, 7678AZ, 7678CC, 7678CD, 7678CE, 7678CG, 7678CH, 7678CJ, 7678CK, 7678CL, 7678CM, 7678SB, 7678SC, 7678SE, 7678VA, 7678VZ", "wijkcode": "WK018303", "gemeentecode": "GM0183", "gemeentenaam": "Tubbergen", "oppervlakteLandInHa": 27, "AantalInwoners_5": 870, "Mannen_6": 440, "Vrouwen_7": 430, "HuishoudensTotaal_29": 410, "GemiddeldeHuishoudensgrootte_33": 2.1, "Woningvoorraad_35": 420, "NieuwbouwWoningen_36": 0, "NietWoningvoorraad_37": 34, "NieuwbouwNietWoningen_38": 0, "GemiddeldeWOZWaardeVanWoningen_39": 358, "PercentageEengezinswoning_40": 77, "PercentageTussenwoningEengezins_41": 14, "PercentageHoekwoningEengezins_42": 12, "PercentageTweeOnderEenKapWoningEe_43": 22, "PercentageVrijstaandeWoningEengezins_44": 29, "PercentageMeergezinswoning_45": 23, "Koopwoningen_47": 70, "HuurwoningenTotaal_48": 29, "InBezitWoningcorporatie_49": 20, "InBezitOverigeVerhuurders_50": 10, "BouwjaarMeerDanTienJaarGeleden_51": 95, "BouwjaarAfgelopenTienJaar_52": 5, "GemiddeldeElektriciteitslevering_53": 2870, "GemiddeldeElektriciteitsteruglevering_54": 1150, "GemiddeldAardgasverbruik_55": 1020, "AardgasvrijeWoningen_57": 3, "Aardgaswoningen_58": 83, "WoningenMetZonnestroom_59": 39, "WoningenHoofdzElektrVerwarmd_60": 14, "k_20PersonenMetHoogsteInkomen_80": 10.2, "k_20HuishoudensMetHoogsteInkomen_85": 18.0, "MediaanVermogenVanParticuliereHuish_86": 272.2, "PersonenautoSTotaal_104": 525, "PersonenautoSBrandstofBenzine_105": 455, "PersonenautoSOverigeBrandstof_106": 70, "PersonenautoSPerHuishouden_107": 1.3, "Omgevingsadressendichtheid_121": 374, "AantalInstallatiesBijWoningen_5": null, "OpgesteldVermogenVanZonnepanelen_6": null, "installaties_per_woning": null, "vermogen_per_woning": null, "installaties_per_100_woningen": null, "vermogen_per_huishouden": null, "batterijdruk_score": 448.5, "koop_zon_score": 0.273, "eengezins_zon_score": 0.3003, "betaalkracht_zon_score": 106.158, "overige_brandstof_zon_score": 27.3, "lichte_batterij_kansscore": 0.40642414567249147 }, "geometry": { "type": "MultiPolygon", "coordinates": [ [ [ [ 6.737219101715523, 52.421003043631153 ], [ 6.737743412279455, 52.420957549282498 ], [ 6.73808145526137, 52.420879929176103 ], [ 6.73920994673307, 52.420582530974592 ], [ 6.739614006696748, 52.420409311647113 ], [ 6.740211381830729, 52.420114884581544 ], [ 6.740268081988085, 52.420040665310914 ], [ 6.740293936181198, 52.419955329021747 ], [ 6.740278513031755, 52.419826384369841 ], [ 6.740205584757447, 52.41967170625221 ], [ 6.740197450639468, 52.419654253484651 ], [ 6.740099103219123, 52.419443264649281 ], [ 6.74003309006967, 52.419299788086796 ], [ 6.740010855069245, 52.419249544269199 ], [ 6.739986964353318, 52.419172057012702 ], [ 6.739967142765791, 52.419068483368058 ], [ 6.739967026535113, 52.418976154051471 ], [ 6.739967705455198, 52.418899743405838 ], [ 6.740021702990869, 52.418712774538264 ], [ 6.7400389049466, 52.418713977554582 ], [ 6.740812841375796, 52.418783508975793 ], [ 6.741109698594003, 52.418633718560557 ], [ 6.741050044712724, 52.418585286952222 ], [ 6.740941408305438, 52.418504220432972 ], [ 6.740775593659976, 52.418340357407722 ], [ 6.740874499217872, 52.418295425558128 ], [ 6.740954818527562, 52.418253348732371 ], [ 6.740999948085078, 52.418205660775108 ], [ 6.741298810787018, 52.418171188351977 ], [ 6.74130099852215, 52.418150912068526 ], [ 6.741324999513377, 52.418016141523367 ], [ 6.741384239465873, 52.417863134674377 ], [ 6.741448786803568, 52.41773134665906 ], [ 6.741386539304003, 52.417720603431981 ], [ 6.740975052385371, 52.417651601737546 ], [ 6.74095163278788, 52.417666952294347 ], [ 6.740925649915651, 52.417680687237571 ], [ 6.740897422131095, 52.417692641131943 ], [ 6.74086726889689, 52.417702684484119 ], [ 6.740741411693421, 52.417720392376062 ], [ 6.740474131990021, 52.417755002276529 ], [ 6.740377884587003, 52.417767449269526 ], [ 6.740175045380479, 52.417781065483716 ], [ 6.739754861536995, 52.417744454879831 ], [ 6.739762441754277, 52.417659730062347 ], [ 6.739093694061493, 52.417594919140853 ], [ 6.739071621607212, 52.417682379177464 ], [ 6.739020643821385, 52.417922308902767 ], [ 6.738912096141302, 52.417911862779384 ], [ 6.738629116678292, 52.417896450095483 ], [ 6.738299313181061, 52.417853526606095 ], [ 6.738092592380965, 52.417835840371382 ], [ 6.738073193475432, 52.417833158347563 ], [ 6.737944104817074, 52.417844257559636 ], [ 6.737806253636433, 52.417628845624982 ], [ 6.737728677269843, 52.417303076560678 ], [ 6.737704202910453, 52.417141228744704 ], [ 6.737680190112728, 52.41698486767563 ], [ 6.737657180712698, 52.41693368845354 ], [ 6.737628935329781, 52.416870856821618 ], [ 6.737547255766396, 52.416761354586704 ], [ 6.737489153057933, 52.416758268869742 ], [ 6.737484161419152, 52.416758002197135 ], [ 6.736630999562751, 52.416705993571711 ], [ 6.733048682287604, 52.416486729814302 ], [ 6.732918159546315, 52.416590426619166 ], [ 6.732923476426183, 52.416765350250529 ], [ 6.732954152385868, 52.417207589732826 ], [ 6.73306892452264, 52.417864898376344 ], [ 6.732856815123945, 52.417882713365238 ], [ 6.731757073671331, 52.417873793834303 ], [ 6.731758695376706, 52.417801336583935 ], [ 6.730891517051451, 52.417792828954767 ], [ 6.731408707798533, 52.418676661002465 ], [ 6.731275515787298, 52.418790200776449 ], [ 6.731330744902662, 52.418866395583308 ], [ 6.731388543806341, 52.418967858603963 ], [ 6.731424993135709, 52.419066786464832 ], [ 6.73142837355501, 52.419091934043422 ], [ 6.731457603904168, 52.41930848724531 ], [ 6.731462821084325, 52.419347159734244 ], [ 6.731465193177864, 52.419364759376464 ], [ 6.731470086319137, 52.419400990654339 ], [ 6.731497215029923, 52.419551708509196 ], [ 6.731510229165696, 52.419616691891569 ], [ 6.731026245940188, 52.419630939592771 ], [ 6.73082876894683, 52.419636074554909 ], [ 6.730384912283261, 52.419647626217113 ], [ 6.729372655496728, 52.419665196924676 ], [ 6.729185838225246, 52.419668437589579 ], [ 6.729163697977256, 52.419835767758563 ], [ 6.72915776547601, 52.41988061596885 ], [ 6.729137537685246, 52.420033443889849 ], [ 6.729055153841164, 52.420570994109859 ], [ 6.729038672533675, 52.420761108105033 ], [ 6.729916333558363, 52.420751489750295 ], [ 6.731517612311579, 52.420838702488467 ], [ 6.734193546884922, 52.420982171217538 ], [ 6.735151498537995, 52.421026594697643 ], [ 6.73635385537833, 52.421031345467114 ], [ 6.737219101715523, 52.421003043631153 ] ] ] ] } },
{ "type": "Feature", "properties": { "buurtcode": "BU01830309", "buurtnaam": "Verspreide huizen Geesteren", "pc6_codes": "7678PB, 7678RA, 7678RB, 7678RC, 7678RE, 7678RG, 7678RH, 7678RJ, 7678RK, 7678RL, 7678RM, 7678RN, 7678RP, 7678RR, 7678RS, 7678RT, 7678RV, 7678RZ, 7678SC, 7678SE, 7678SG, 7678SH, 7678SJ, 7678SK, 7678SL, 7678SM, 7678SN, 7678SP, 7678SR, 7678ST, 7678SV, 7678SW, 7678SX, 7678SZ, 7678TA, 7678TB, 7678TC, 7678TD, 7678TE, 7678TG, 7678TH, 7678TJ, 7678TK, 7678TL, 7678TM, 7678TN, 7678TP, 7678TR, 7678TS, 7678TV, 7678VA, 7678VB, 7678VC, 7678VD, 7678VG, 7678VJ, 7678VK, 7678VL, 7678VM, 7678VN, 7678VP, 7678VR, 7678VS, 7678VT, 7678VX, 7678WD", "wijkcode": "WK018303", "gemeentecode": "GM0183", "gemeentenaam": "Tubbergen", "oppervlakteLandInHa": 3075, "AantalInwoners_5": 1795, "Mannen_6": 945, "Vrouwen_7": 855, "HuishoudensTotaal_29": 660, "GemiddeldeHuishoudensgrootte_33": 2.7, "Woningvoorraad_35": 687, "NieuwbouwWoningen_36": 5, "NietWoningvoorraad_37": 37, "NieuwbouwNietWoningen_38": 1, "GemiddeldeWOZWaardeVanWoningen_39": 502, "PercentageEengezinswoning_40": 57, "PercentageTussenwoningEengezins_41": 0, "PercentageHoekwoningEengezins_42": 0, "PercentageTweeOnderEenKapWoningEe_43": 16, "PercentageVrijstaandeWoningEengezins_44": 41, "PercentageMeergezinswoning_45": 43, "Koopwoningen_47": 73, "HuurwoningenTotaal_48": 27, "InBezitWoningcorporatie_49": 0, "InBezitOverigeVerhuurders_50": 27, "BouwjaarMeerDanTienJaarGeleden_51": 94, "BouwjaarAfgelopenTienJaar_52": 6, "GemiddeldeElektriciteitslevering_53": 4000, "GemiddeldeElektriciteitsteruglevering_54": 2330, "GemiddeldAardgasverbruik_55": 1360, "AardgasvrijeWoningen_57": 4, "Aardgaswoningen_58": 73, "WoningenMetZonnestroom_59": 42, "WoningenHoofdzElektrVerwarmd_60": 10, "k_20PersonenMetHoogsteInkomen_80": 15.9, "k_20HuishoudensMetHoogsteInkomen_85": 32.9, "MediaanVermogenVanParticuliereHuish_86": 519.7, "PersonenautoSTotaal_104": 1030, "PersonenautoSBrandstofBenzine_105": 795, "PersonenautoSOverigeBrandstof_106": 235, "PersonenautoSPerHuishouden_107": 1.6, "Omgevingsadressendichtheid_121": 72, "AantalInstallatiesBijWoningen_5": 107, "OpgesteldVermogenVanZonnepanelen_6": 922, "installaties_per_woning": 0.15574963609898107, "vermogen_per_woning": 1.3420669577874818, "installaties_per_100_woningen": 15.574963609898107, "vermogen_per_huishouden": 1.396969696969697, "batterijdruk_score": 978.6, "koop_zon_score": 0.3066, "eengezins_zon_score": 0.2394, "betaalkracht_zon_score": 218.274, "overige_brandstof_zon_score": 98.7, "lichte_batterij_kansscore": 0.41539031629547729 }, "geometry": { "type": "MultiPolygon", "coordinates": [ [ [ [ 6.696458079944113, 52.450876702424885 ], [ 6.696343405756983, 52.450774467535595 ], [ 6.696453530803386, 52.450723023300547 ], [ 6.696657447632754, 52.450620548722888 ], [ 6.697258829416919, 52.450292555050964 ], [ 6.697716655102449, 52.450032355045188 ], [ 6.697926398767656, 52.449914731154607 ], [ 6.698315335767592, 52.449693671490188 ], [ 6.698507100564521, 52.449808830650248 ], [ 6.698748725007356, 52.449953800595516 ], [ 6.698546310412127, 52.450069960620546 ], [ 6.698756307903636, 52.450213491878927 ], [ 6.69896876958062, 52.450358712284483 ], [ 6.699311572521999, 52.450172460036057 ], [ 6.699509540048968, 52.45006315220688 ], [ 6.699961600503573, 52.449813937206876 ], [ 6.700200756774748, 52.449967281847627 ], [ 6.700825301587447, 52.449591661892107 ], [ 6.701375834973501, 52.449264956687735 ], [ 6.701533778609666, 52.449171486531675 ], [ 6.702036985011387, 52.448908438062801 ], [ 6.702670393207462, 52.448586020258148 ], [ 6.703212880532086, 52.448309659054452 ], [ 6.70369387420827, 52.44806706512022 ], [ 6.704236501503099, 52.447794346861791 ], [ 6.704309358837985, 52.447751183319149 ], [ 6.704353419745212, 52.447725067393833 ], [ 6.705055859851355, 52.447371497019859 ], [ 6.705891710676855, 52.446950219531125 ], [ 6.706666035995884, 52.446561799913013 ], [ 6.707812557835877, 52.445983516188228 ], [ 6.707761228568397, 52.445889223971548 ], [ 6.70775847685352, 52.445884266039627 ], [ 6.707932644047732, 52.445783208745461 ], [ 6.70864406838129, 52.445370426101263 ], [ 6.709353171754993, 52.444959175011249 ], [ 6.709970060945085, 52.444598583520026 ], [ 6.710346996772341, 52.444378668926682 ], [ 6.71096791104842, 52.444017451853689 ], [ 6.711746626458458, 52.443560699434251 ], [ 6.712386336757914, 52.443189844609783 ], [ 6.712783624068879, 52.442956283544362 ], [ 6.712991502141606, 52.442836756540757 ], [ 6.71384524043085, 52.443294439101074 ], [ 6.713864182970608, 52.443304635652588 ], [ 6.713904833397796, 52.443326498856777 ], [ 6.714213146453941, 52.443492397961634 ], [ 6.714522029759271, 52.443658595496423 ], [ 6.714533272788934, 52.443664644625919 ], [ 6.714830435875057, 52.443820087617915 ], [ 6.715245361320308, 52.444037111314536 ], [ 6.715769986163774, 52.444317980129362 ], [ 6.716099928115622, 52.444495838221336 ], [ 6.716113628639338, 52.444502884326013 ], [ 6.716577458455949, 52.444741313747841 ], [ 6.716889881211966, 52.44490624305493 ], [ 6.716963426817349, 52.444862560491401 ], [ 6.717034082635291, 52.444877380443728 ], [ 6.717049817687217, 52.444884080019456 ], [ 6.717108080087447, 52.444813504568302 ], [ 6.717124969507371, 52.444793036947615 ], [ 6.717134606471444, 52.444781360582866 ], [ 6.717169027626128, 52.444728031980603 ], [ 6.717222274279661, 52.444652587080043 ], [ 6.717527482725083, 52.444298258666727 ], [ 6.717871161117341, 52.443899246974063 ], [ 6.717975517210388, 52.443781125542529 ], [ 6.718259800055156, 52.443447434014736 ], [ 6.71845546722516, 52.443218752405699 ], [ 6.718718519466987, 52.442911517687577 ], [ 6.718982773788316, 52.443012751062412 ], [ 6.719123264185868, 52.443067538550245 ], [ 6.719743329970029, 52.443312037057758 ], [ 6.720073210043636, 52.443441661597554 ], [ 6.720151575887706, 52.443472707067365 ], [ 6.720233589109307, 52.443505194548791 ], [ 6.720458027671787, 52.443592131529186 ], [ 6.720768038400289, 52.443713915077147 ], [ 6.721102648834118, 52.4438480137444 ], [ 6.721333200743895, 52.443937567818594 ], [ 6.721587780253098, 52.444035605625182 ], [ 6.721878410435461, 52.444151555328553 ], [ 6.722072571492832, 52.444225922892812 ], [ 6.722129324505163, 52.444246496293168 ], [ 6.72215918831279, 52.444257323511501 ], [ 6.722440308373328, 52.444370484715897 ], [ 6.722475003302127, 52.444382003453221 ], [ 6.7225311637248, 52.444403886674671 ], [ 6.723032516816182, 52.444599244701941 ], [ 6.72316400642121, 52.444651800923161 ], [ 6.723263730936692, 52.444690980794782 ], [ 6.723446548930483, 52.444762211226887 ], [ 6.72375711673012, 52.444885329045981 ], [ 6.723783543447653, 52.444895808129047 ], [ 6.723955784143251, 52.444962572977076 ], [ 6.724454457883352, 52.445159384466891 ], [ 6.72467133939592, 52.445243459624621 ], [ 6.7249182886698, 52.445339194549845 ], [ 6.725240089926642, 52.445463817601933 ], [ 6.725569180111066, 52.445590083245023 ], [ 6.725634382185223, 52.445615098736603 ], [ 6.725723594177266, 52.44564798652128 ], [ 6.726216873315599, 52.445829831847007 ], [ 6.726333263511658, 52.44587268587027 ], [ 6.726551529754189, 52.445956103794749 ], [ 6.72677428056508, 52.446039425675046 ], [ 6.726870371637876, 52.446074994298883 ], [ 6.726958867632636, 52.446107979145978 ], [ 6.727279253569195, 52.446227749953572 ], [ 6.727471902164443, 52.44622100464062 ], [ 6.729464406825127, 52.446151177395016 ], [ 6.729719551335934, 52.446142237273889 ], [ 6.73110005303989, 52.446092654660895 ], [ 6.731818618812834, 52.446066848347527 ], [ 6.732031377225471, 52.446059202230721 ], [ 6.732285266319204, 52.446050127010153 ], [ 6.733544876769506, 52.446007416223217 ], [ 6.733699610180041, 52.446020803430855 ], [ 6.733702960782873, 52.445971400429706 ], [ 6.733718990145759, 52.445851392365746 ], [ 6.733744481122998, 52.445684608390735 ], [ 6.73376471970848, 52.445503304727538 ], [ 6.733795354288319, 52.445236824566315 ], [ 6.733816408778005, 52.445042711952908 ], [ 6.733842747034918, 52.4448264724601 ], [ 6.733848641738367, 52.444778020271521 ], [ 6.733877140429818, 52.444555446260651 ], [ 6.733909031165349, 52.444284367583691 ], [ 6.733924897926228, 52.444144559582291 ], [ 6.733928495948637, 52.444112959994726 ], [ 6.733948811304617, 52.443949686324387 ], [ 6.733959005217046, 52.443889293437877 ], [ 6.733962769166308, 52.443864595143573 ], [ 6.734000101096641, 52.443608483345542 ], [ 6.73404269842408, 52.443276511469655 ], [ 6.734082571075175, 52.443004838558544 ], [ 6.734088320918587, 52.442946329827514 ], [ 6.734088057680968, 52.442937200482966 ], [ 6.734095362869979, 52.442880498737921 ], [ 6.734102089037979, 52.442815408295708 ], [ 6.735263106773992, 52.443125358424339 ], [ 6.735854618091489, 52.443283260113681 ], [ 6.735883491481486, 52.443261026394396 ], [ 6.736396282246313, 52.443400613050898 ], [ 6.737086545070051, 52.443591252761898 ], [ 6.737391466081597, 52.443675353297522 ], [ 6.73751051247188, 52.443708188867561 ], [ 6.737499963695992, 52.443719688569985 ], [ 6.737957807137883, 52.44384714006668 ], [ 6.737972746925932, 52.443836372261039 ], [ 6.738378851659002, 52.443946722612345 ], [ 6.738751524996263, 52.444047979067726 ], [ 6.738785623252174, 52.444057648231897 ], [ 6.738816679635162, 52.444066453236978 ], [ 6.739138301908826, 52.444157261972173 ], [ 6.739265444501649, 52.444193571853802 ], [ 6.739683728127471, 52.444311859473139 ], [ 6.740301074635417, 52.444539078373033 ], [ 6.740740994185167, 52.444697473687562 ], [ 6.741080413818398, 52.44480861266576 ], [ 6.741200263344071, 52.44484971382429 ], [ 6.741508765867806, 52.444936378604488 ], [ 6.741672057266436, 52.444981405051621 ], [ 6.741748334353789, 52.444998887569689 ], [ 6.741877264641714, 52.445027614886484 ], [ 6.742010085233614, 52.445058481790191 ], [ 6.742112689220969, 52.445081586457988 ], [ 6.7423214717354, 52.445123943507369 ], [ 6.74243528447124, 52.44514702755523 ], [ 6.742588993059614, 52.445176899841854 ], [ 6.742679409972495, 52.445194471681617 ], [ 6.742907055293548, 52.445241258967947 ], [ 6.743128703343996, 52.445287215604303 ], [ 6.743309736759732, 52.445327398679403 ], [ 6.74341842513471, 52.445353156107331 ], [ 6.743518159134907, 52.445379042911789 ], [ 6.743660319014311, 52.445418897458921 ], [ 6.743765523444488, 52.445455750353787 ], [ 6.74379529296014, 52.445466177749097 ], [ 6.743990520326256, 52.445560946416499 ], [ 6.744070338607153, 52.44561180626178 ], [ 6.744157810276345, 52.445667108618011 ], [ 6.744242736260314, 52.445733406078297 ], [ 6.744315383418721, 52.445791682541611 ], [ 6.744411770309909, 52.445882468191492 ], [ 6.744451881289729, 52.445949458641579 ], [ 6.744522609315255, 52.446070775563022 ], [ 6.744553609929326, 52.446134247971131 ], [ 6.744585531547122, 52.446220540689957 ], [ 6.744619959271465, 52.446331451240589 ], [ 6.744659268250218, 52.446452337054659 ], [ 6.744682420048284, 52.446543332351986 ], [ 6.744695746865812, 52.446580212407021 ], [ 6.744707691573643, 52.446613279182039 ], [ 6.744734576647086, 52.446685949020299 ], [ 6.74475895853451, 52.446770521383471 ], [ 6.744813352452446, 52.446931377073405 ], [ 6.744840875931637, 52.447019562762804 ], [ 6.744853116331791, 52.447063214622702 ], [ 6.74486935971011, 52.447094937773478 ], [ 6.744900984904494, 52.447173926121813 ], [ 6.744918915770736, 52.447246725489094 ], [ 6.744930663412093, 52.447315056502333 ], [ 6.744964619789976, 52.447433558661828 ], [ 6.744973118748387, 52.447476084874594 ], [ 6.744989613465879, 52.447586436787233 ], [ 6.744993487988496, 52.447609142354118 ], [ 6.74500894434128, 52.44769476972791 ], [ 6.745013321691101, 52.447741522836523 ], [ 6.74530986494339, 52.447667752831244 ], [ 6.746763035228041, 52.447336011658308 ], [ 6.747151630477152, 52.447259769458569 ], [ 6.749320934594466, 52.447470762830953 ], [ 6.751168165127824, 52.447521473866402 ], [ 6.751603265268807, 52.447529003142705 ], [ 6.75217112755851, 52.44759981776874 ], [ 6.752798517406417, 52.447641737547755 ], [ 6.753283156739207, 52.447768066515145 ], [ 6.755472410718543, 52.448390078462225 ], [ 6.756242231350108, 52.448583050600064 ], [ 6.756453394496233, 52.448915173152145 ], [ 6.756839665232762, 52.449491296755994 ], [ 6.757073958873176, 52.449692151766243 ], [ 6.757084489755499, 52.449720092251333 ], [ 6.757121599761076, 52.449726503474515 ], [ 6.757393743051108, 52.449904367979471 ], [ 6.757753912495952, 52.450033448547146 ], [ 6.757950627679448, 52.450049743261289 ], [ 6.760096793303394, 52.444581686638926 ], [ 6.760097382324895, 52.444581706778976 ], [ 6.760248309968306, 52.44458657330258 ], [ 6.761021974661965, 52.444611572281318 ], [ 6.761714948696024, 52.444636324891484 ], [ 6.761769406558884, 52.444638272791671 ], [ 6.761769891532997, 52.44463683798341 ], [ 6.76495542433147, 52.444749010280646 ], [ 6.76783185358058, 52.441426919862195 ], [ 6.769713677294283, 52.439242833197554 ], [ 6.7698552439237, 52.439059296942951 ], [ 6.76808415352241, 52.438856660545753 ], [ 6.768081201969308, 52.438857755603664 ], [ 6.767307922144195, 52.438773186710691 ], [ 6.766763375931744, 52.438711009476016 ], [ 6.766698695148462, 52.438703619039345 ], [ 6.766638044173713, 52.438696693992092 ], [ 6.766487368639656, 52.438679482512981 ], [ 6.766545109910947, 52.43858647050579 ], [ 6.765936546307093, 52.43851682829893 ], [ 6.76490285828858, 52.438402474934684 ], [ 6.764749426768261, 52.438385500046742 ], [ 6.764747724696764, 52.437992593052414 ], [ 6.764751044868968, 52.437268281546523 ], [ 6.764745090776254, 52.4367586352529 ], [ 6.764743213434024, 52.436598183914477 ], [ 6.764733237158817, 52.436076962084719 ], [ 6.764730627788204, 52.43594070751665 ], [ 6.764721673118167, 52.435453234862393 ], [ 6.764713867179565, 52.435028165541958 ], [ 6.76487190248571, 52.435034669078931 ], [ 6.768680499962446, 52.435151137116641 ], [ 6.769179716732708, 52.434350434721033 ], [ 6.769180643748818, 52.434350450871634 ], [ 6.769311760270348, 52.434135990279195 ], [ 6.769413805863639, 52.433973004866672 ], [ 6.769488088652071, 52.43385438745284 ], [ 6.769905947554361, 52.433189100347128 ], [ 6.770008884126068, 52.433020881577967 ], [ 6.770077974325031, 52.432907969202482 ], [ 6.770385592303337, 52.432420431302155 ], [ 6.770414413176827, 52.432373767505553 ], [ 6.770588331162964, 52.432092181982178 ], [ 6.770717483991939, 52.431883072797305 ], [ 6.770732197409621, 52.431858389024974 ], [ 6.770763146188672, 52.431806432956861 ], [ 6.77100174032859, 52.431406034973691 ], [ 6.771114121087444, 52.431217022003473 ], [ 6.771349090926563, 52.430821780080727 ], [ 6.77138931685996, 52.430758524602908 ], [ 6.771498712264518, 52.430586534566586 ], [ 6.771692762694062, 52.43028144940029 ], [ 6.771693250372147, 52.430219008839842 ], [ 6.771693726474531, 52.430158078499701 ], [ 6.771685950194651, 52.4300965884498 ], [ 6.771684561049455, 52.430085557689345 ], [ 6.771681906188044, 52.429998812711005 ], [ 6.771849253943077, 52.429998932899323 ], [ 6.771907780031283, 52.430003156493413 ], [ 6.772128857303952, 52.430015870390868 ], [ 6.772552095666547, 52.430046749565108 ], [ 6.772809251684342, 52.430060145814437 ], [ 6.773248818119966, 52.430082714783573 ], [ 6.773624147315912, 52.430106510434825 ], [ 6.774071266647748, 52.430135441774709 ], [ 6.774524797035791, 52.430161995257265 ], [ 6.774705165349412, 52.430175432839782 ], [ 6.774952035179225, 52.430191362878105 ], [ 6.775367452392952, 52.430221245022395 ], [ 6.775441064318467, 52.430226800160504 ], [ 6.77560205949661, 52.430239546600575 ], [ 6.775966672873217, 52.430266201983954 ], [ 6.776473169409149, 52.430319308570461 ], [ 6.776648014552584, 52.430346947076174 ], [ 6.776926900097262, 52.43039333738588 ], [ 6.777311408445478, 52.430462487098332 ], [ 6.777314112745883, 52.430454949866629 ], [ 6.777318474993294, 52.430419672286952 ], [ 6.77734345655019, 52.430270248975418 ], [ 6.777362804519084, 52.430127336609317 ], [ 6.777450298923093, 52.429428873921125 ], [ 6.777466776708464, 52.429321940678427 ], [ 6.777479231071895, 52.429213787261077 ], [ 6.777513586324299, 52.428915294454526 ], [ 6.777519485554584, 52.428798355188171 ], [ 6.777549705066171, 52.42849133574358 ], [ 6.777564890245031, 52.428288509061716 ], [ 6.777551492316278, 52.42818171973385 ], [ 6.777462072733461, 52.427865228367288 ], [ 6.777438555199223, 52.427783141679555 ], [ 6.777296869201939, 52.427358213700217 ], [ 6.777133377087344, 52.426866711035103 ], [ 6.777084748671598, 52.426694331617021 ], [ 6.777021338094328, 52.426483861070757 ], [ 6.775235898989228, 52.426316055546266 ], [ 6.7752353779286, 52.426299909103179 ], [ 6.775212822670389, 52.42629898693518 ], [ 6.775179332689481, 52.426300098492923 ], [ 6.775129459306802, 52.426303918843232 ], [ 6.775109842239679, 52.426306665535876 ], [ 6.775050719593481, 52.426315627864504 ], [ 6.774991031522305, 52.426325315878159 ], [ 6.774920629940149, 52.426340342787384 ], [ 6.774856429848363, 52.426356195859157 ], [ 6.774795395774199, 52.426369854535544 ], [ 6.774730523149972, 52.426383018831729 ], [ 6.774654399714465, 52.426403146238989 ], [ 6.774617036280945, 52.426412033223855 ], [ 6.774561903994638, 52.426426341733929 ], [ 6.774515246122488, 52.426438933004562 ], [ 6.774465088739355, 52.426452464107385 ], [ 6.774414405339686, 52.42646797884553 ], [ 6.77436568395364, 52.426480414452627 ], [ 6.77433914099721, 52.426487376896006 ], [ 6.774322740582119, 52.426489546467565 ], [ 6.774301856274856, 52.426498779671334 ], [ 6.774296344041678, 52.426501181267717 ], [ 6.774287621892778, 52.426503440683661 ], [ 6.774256005094649, 52.426510372643008 ], [ 6.774227085273308, 52.426518908938604 ], [ 6.77416522517793, 52.4265343746832 ], [ 6.774101418634508, 52.426549665437747 ], [ 6.774035205189138, 52.426566979813302 ], [ 6.773967250384761, 52.426585033629543 ], [ 6.773876008629833, 52.426610730712547 ], [ 6.773790422484887, 52.426639543484278 ], [ 6.773714786490577, 52.426664931902224 ], [ 6.773621949464085, 52.426696040631242 ], [ 6.773529032227825, 52.4267339815732 ], [ 6.773451453366561, 52.426764012709384 ], [ 6.773382371474755, 52.426793045487592 ], [ 6.77332211431482, 52.426822154720995 ], [ 6.773151458301908, 52.426770004375413 ], [ 6.773151251676837, 52.426769979827426 ], [ 6.773151413565224, 52.42676857570904 ], [ 6.773668819793961, 52.426302491676665 ], [ 6.7732360574226, 52.426259827281719 ], [ 6.769697993655853, 52.425962532443485 ], [ 6.76972686554027, 52.425147009226833 ], [ 6.76959929809837, 52.42514559493155 ], [ 6.769233623751183, 52.425176711474627 ], [ 6.76903697100498, 52.425003125855682 ], [ 6.768312941284433, 52.424286280002896 ], [ 6.767661414613572, 52.423616853593721 ], [ 6.767421463860339, 52.423377838542308 ], [ 6.767264856546089, 52.423167289581976 ], [ 6.767194098238187, 52.422983092481765 ], [ 6.767424916438842, 52.422995341833079 ], [ 6.767538089736721, 52.422946032655801 ], [ 6.76758986054811, 52.422845215209342 ], [ 6.76771539063783, 52.422635845403363 ], [ 6.768440511326609, 52.422494997507208 ], [ 6.768845278611751, 52.42257476016372 ], [ 6.769096660604737, 52.422531791966648 ], [ 6.76926008242506, 52.422542226390838 ], [ 6.769335409590413, 52.422515567979538 ], [ 6.769460426275863, 52.422471323127269 ], [ 6.769314337139527, 52.422355349105949 ], [ 6.769311078162127, 52.422330551589027 ], [ 6.769316862068172, 52.422233263205619 ], [ 6.769268640578051, 52.422108560572049 ], [ 6.769198445624529, 52.42183242241682 ], [ 6.769070458997329, 52.421732497269211 ], [ 6.769027492420991, 52.421686608342746 ], [ 6.769011273245895, 52.421565010797082 ], [ 6.769144571679354, 52.421247829089332 ], [ 6.769192972128501, 52.421229961211836 ], [ 6.769336123480304, 52.421234079330354 ], [ 6.769529693698852, 52.42119928132 ], [ 6.769620977864598, 52.421200642736324 ], [ 6.769758011301872, 52.421182108526224 ], [ 6.769837308561931, 52.421183322074384 ], [ 6.769926690289584, 52.421213208380337 ], [ 6.77020364556221, 52.421260130988813 ], [ 6.770509364873305, 52.421229612591553 ], [ 6.770621811180794, 52.421184578471497 ], [ 6.770624644574378, 52.42118444649892 ], [ 6.770715150976479, 52.421133637208122 ], [ 6.77075293528386, 52.421100701933995 ], [ 6.770788277612277, 52.421047966275815 ], [ 6.770813123952706, 52.420994804924533 ], [ 6.770814903610372, 52.42088146457148 ], [ 6.770799440639134, 52.420795498266536 ], [ 6.770789973532888, 52.420771069929614 ], [ 6.770722134952526, 52.420667468592441 ], [ 6.770677777167749, 52.420613308991307 ], [ 6.77058282062979, 52.42053438352881 ], [ 6.770572748649578, 52.42050141406007 ], [ 6.770491807020036, 52.420519995190396 ], [ 6.77034028576508, 52.420528838957431 ], [ 6.77019302147821, 52.420517237634705 ], [ 6.770118814600786, 52.420485978850188 ], [ 6.769878616259355, 52.42052651768055 ], [ 6.769802889193572, 52.420534134258602 ], [ 6.769708921311273, 52.420537181781008 ], [ 6.769617690789852, 52.420519604344868 ], [ 6.769533857702524, 52.420501158484491 ], [ 6.769472828772907, 52.420477107162704 ], [ 6.769364792481024, 52.420437344018801 ], [ 6.76924232984741, 52.420382854986528 ], [ 6.769184030346281, 52.420354861615991 ], [ 6.769148594449483, 52.420327877807708 ], [ 6.76909192003714, 52.420319442645031 ], [ 6.769059986005329, 52.420314682762069 ], [ 6.768743058774625, 52.420263837385754 ], [ 6.76856314939801, 52.420230296123862 ], [ 6.768196033802502, 52.42015785077156 ], [ 6.767784737277254, 52.420073515045623 ], [ 6.767708768573934, 52.420042724737755 ], [ 6.767466484876375, 52.419935267409961 ], [ 6.767204606592689, 52.419638270210363 ], [ 6.767203052705809, 52.419638414158058 ], [ 6.767017760096282, 52.419656087531337 ], [ 6.766931226238176, 52.419666938255794 ], [ 6.766634295344654, 52.419705102305713 ], [ 6.766479267415082, 52.41971363144053 ], [ 6.766347197623833, 52.419717254889207 ], [ 6.766283048697747, 52.419710469455595 ], [ 6.766220186121198, 52.419689287221445 ], [ 6.766047002430799, 52.419682737564941 ], [ 6.766044794214613, 52.419681226221627 ], [ 6.766011044276438, 52.419551580845912 ], [ 6.766050058174771, 52.419509437407818 ], [ 6.766140630744097, 52.419449839971918 ], [ 6.766212754983461, 52.419312445072975 ], [ 6.76629844224892, 52.41908188694741 ], [ 6.766409525416904, 52.418953970641681 ], [ 6.766076750690305, 52.418856472080869 ], [ 6.766054316546953, 52.418874413899523 ], [ 6.765746996955091, 52.4187983435299 ], [ 6.765266286639048, 52.418685297542709 ], [ 6.764949426638428, 52.418542083307294 ], [ 6.764479054897202, 52.418340627687968 ], [ 6.764320199264438, 52.418233524045526 ], [ 6.764019828970987, 52.418146671980246 ], [ 6.763421325895047, 52.418027806095232 ], [ 6.763407953476821, 52.418025148059847 ], [ 6.763413734787931, 52.418004460991341 ], [ 6.763509013642046, 52.417673471510021 ], [ 6.763537141146466, 52.417396034552119 ], [ 6.763599183367016, 52.416983841536059 ], [ 6.76357157993351, 52.416814699950216 ], [ 6.763570649470013, 52.416806522133648 ], [ 6.763534503134331, 52.416490246256672 ], [ 6.76351792025747, 52.416345048081347 ], [ 6.763522600262023, 52.416178758171526 ], [ 6.763512998940063, 52.416117693218908 ], [ 6.763498613905047, 52.416090481070064 ], [ 6.763410328430953, 52.416000326547177 ], [ 6.763197294857481, 52.415767767685892 ], [ 6.762817775367491, 52.41580181242184 ], [ 6.762670679613086, 52.415834334037015 ], [ 6.762670793526414, 52.415786423378215 ], [ 6.762463070886259, 52.415826435316824 ], [ 6.762108565093259, 52.415228817765879 ], [ 6.761913969480191, 52.415214780596642 ], [ 6.761877476914982, 52.415195150621656 ], [ 6.76196184239444, 52.415114235445898 ], [ 6.762074803263538, 52.414992737174501 ], [ 6.762119650635233, 52.414852533335647 ], [ 6.762110815618534, 52.414740332106732 ], [ 6.762109289115099, 52.414720997332857 ], [ 6.762062276867204, 52.414462940579774 ], [ 6.762033570985675, 52.414397234469462 ], [ 6.761937154000728, 52.414270337911297 ], [ 6.761799868598675, 52.414114918399882 ], [ 6.761645572786979, 52.413895921910864 ], [ 6.761637591871405, 52.413884590007711 ], [ 6.761687192652488, 52.41385819897409 ], [ 6.761595673748817, 52.413715703963511 ], [ 6.761538640695997, 52.413602569967338 ], [ 6.761405598881497, 52.413381528766749 ], [ 6.761365666971969, 52.41330549001573 ], [ 6.76118786355085, 52.413021804965616 ], [ 6.761106312226127, 52.412826188024283 ], [ 6.761104613283539, 52.412746325858549 ], [ 6.761106147274035, 52.412647010758839 ], [ 6.761123292830086, 52.412570938870175 ], [ 6.761144532073866, 52.412486576912535 ], [ 6.761198553375293, 52.412491837644794 ], [ 6.761570870663466, 52.412324661067842 ], [ 6.761651712753661, 52.412291399656638 ], [ 6.761634987029572, 52.412262102121836 ], [ 6.761666780471708, 52.41216641772742 ], [ 6.761438176653692, 52.411768960399648 ], [ 6.761397930007908, 52.411690786005899 ], [ 6.761378568503384, 52.411618697218913 ], [ 6.761376868134781, 52.411618375384023 ], [ 6.761345262134926, 52.411591272933066 ], [ 6.76132802903022, 52.411556030773419 ], [ 6.761302055812555, 52.411480710885961 ], [ 6.761280733869831, 52.411430226518156 ], [ 6.761270873084649, 52.411373928339408 ], [ 6.761251817404071, 52.411307894313808 ], [ 6.761238085017831, 52.411295460601124 ], [ 6.761203401071008, 52.411280474540227 ], [ 6.76111700511684, 52.411241279885985 ], [ 6.761068233637409, 52.411232254903766 ], [ 6.761028696944345, 52.411216722858271 ], [ 6.760958933886083, 52.41116973972467 ], [ 6.760937306668392, 52.411138773140806 ], [ 6.760909160611763, 52.411099990167315 ], [ 6.76076688779839, 52.410918398520813 ], [ 6.760728712159618, 52.410877547612024 ], [ 6.760660993203368, 52.410760905723421 ], [ 6.760615174006461, 52.410700134759146 ], [ 6.760589714514612, 52.410664071069043 ], [ 6.760556518705457, 52.410559603783248 ], [ 6.760530111334314, 52.410474014763977 ], [ 6.760497056015761, 52.410398713917601 ], [ 6.760475319349945, 52.410346184808688 ], [ 6.760413246603661, 52.410243778197049 ], [ 6.760282427488051, 52.410122348840694 ], [ 6.760099539010044, 52.409976948172982 ], [ 6.759873917538149, 52.409791521903834 ], [ 6.759946808741263, 52.409710983729695 ], [ 6.759827297764017, 52.409695371704188 ], [ 6.759517121248476, 52.409650383434503 ], [ 6.759157875766452, 52.409598061911034 ], [ 6.758755194820435, 52.409539950399406 ], [ 6.758358113778645, 52.409481799646038 ], [ 6.757944917246872, 52.409421038668242 ], [ 6.757840565680415, 52.409406031166156 ], [ 6.757654614150675, 52.409379294080274 ], [ 6.757450568052068, 52.409371039968306 ], [ 6.757230452256151, 52.40932890456466 ], [ 6.756867542588491, 52.409279117365422 ], [ 6.755934238472299, 52.409151691543741 ], [ 6.755333896247483, 52.409069956950766 ], [ 6.754730988918423, 52.408990756780547 ], [ 6.75418579754025, 52.408922329763179 ], [ 6.754008722214075, 52.40890016757912 ], [ 6.753535853446031, 52.408840987950768 ], [ 6.753219937320464, 52.408802017950855 ], [ 6.752194307207776, 52.408672688627114 ], [ 6.752203504682136, 52.408669238833852 ], [ 6.752302481570387, 52.408617770527414 ], [ 6.752377623556088, 52.408591268668893 ], [ 6.75264850283241, 52.408513449848805 ], [ 6.753985704354766, 52.408154387017717 ], [ 6.754050499159963, 52.408136992138303 ], [ 6.754217091537223, 52.408095339222839 ], [ 6.754418473387862, 52.408032268973528 ], [ 6.754419239926865, 52.407929511216544 ], [ 6.754419273074054, 52.407923919912612 ], [ 6.754419296295308, 52.407920863513908 ], [ 6.754219357490194, 52.407862112334435 ], [ 6.753974730009232, 52.407798807098295 ], [ 6.753961099263576, 52.407795279106161 ], [ 6.753410875792351, 52.407654692161138 ], [ 6.751922613991109, 52.407247071030405 ], [ 6.751549294304579, 52.407147249182714 ], [ 6.751642496156121, 52.406777237433126 ], [ 6.751687189975591, 52.406596419717445 ], [ 6.75170837242872, 52.40651067587865 ], [ 6.751784372546402, 52.406216869940586 ], [ 6.751872010460989, 52.405867694731143 ], [ 6.751946918976498, 52.405575258495666 ], [ 6.751975269143864, 52.405457926852158 ], [ 6.751973505328498, 52.405457443820488 ], [ 6.75197522511806, 52.405456498169087 ], [ 6.752094973557883, 52.404960474015851 ], [ 6.749837544027344, 52.404331924622404 ], [ 6.74945795962812, 52.404226235969823 ], [ 6.748559456807772, 52.403976035405961 ], [ 6.748623060822106, 52.403704405112123 ], [ 6.748664232689786, 52.403517714485709 ], [ 6.748670299808414, 52.40348225652999 ], [ 6.748668914707836, 52.403482137628252 ], [ 6.748670255891732, 52.403480827844696 ], [ 6.748808100413945, 52.402925139261463 ], [ 6.748894851384692, 52.402570457345057 ], [ 6.74892811689666, 52.402437852141766 ], [ 6.746883156848548, 52.402469489385425 ], [ 6.746840956531158, 52.402488364727873 ], [ 6.746680016260111, 52.40261123557449 ], [ 6.746602973850359, 52.40273217214822 ], [ 6.746638407940084, 52.402588118218034 ], [ 6.746752722299213, 52.402160403574776 ], [ 6.74489690122247, 52.401939124097119 ], [ 6.744718858371291, 52.401920761530697 ], [ 6.744637197503062, 52.401957787119549 ], [ 6.743651785268684, 52.401858260548025 ], [ 6.743553522217796, 52.402383979699302 ], [ 6.743398356735463, 52.402429837348315 ], [ 6.743396733385658, 52.40243057503244 ], [ 6.743299177791215, 52.402390111159029 ], [ 6.743131155817851, 52.402335245520391 ], [ 6.742831882068117, 52.402249523563718 ], [ 6.742796865610877, 52.402238598850552 ], [ 6.741988947533919, 52.40202377852787 ], [ 6.741986136126719, 52.402018345624064 ], [ 6.741975036005058, 52.402010499745167 ], [ 6.741613382413792, 52.401915610047212 ], [ 6.741072032994768, 52.401763062939267 ], [ 6.740947522830436, 52.401722869428148 ], [ 6.740809416780949, 52.401679703195782 ], [ 6.740782009424545, 52.40166912235037 ], [ 6.740742085115425, 52.401654334113417 ], [ 6.740658862173488, 52.401621092867828 ], [ 6.740236234419334, 52.401425864082988 ], [ 6.739896879490675, 52.401262544759284 ], [ 6.73983341101355, 52.401231306410622 ], [ 6.73906501011611, 52.400851730094139 ], [ 6.738916231375838, 52.400777466115919 ], [ 6.738720189346499, 52.400663104011464 ], [ 6.738630937925147, 52.400589661220558 ], [ 6.738522422641537, 52.400488321880282 ], [ 6.738477826947559, 52.400430656623008 ], [ 6.738418422351365, 52.40035384384975 ], [ 6.738399719531325, 52.40031158613791 ], [ 6.738366686823114, 52.400236980174924 ], [ 6.738332275745516, 52.400109474001688 ], [ 6.738316629858003, 52.400005555495959 ], [ 6.738319560646396, 52.399952291514531 ], [ 6.738353135300332, 52.399807650175624 ], [ 6.738511702767338, 52.399205805807817 ], [ 6.738530635490894, 52.399120737232323 ], [ 6.738530602147148, 52.39911771744017 ], [ 6.738530011035151, 52.399068475595492 ], [ 6.738527792871266, 52.39900732443698 ], [ 6.738506707554366, 52.398929822623984 ], [ 6.738488706246952, 52.398908617223782 ], [ 6.738468098751147, 52.39888434948579 ], [ 6.738435778617939, 52.398834516992238 ], [ 6.73837705291669, 52.398760617740521 ], [ 6.73829051262012, 52.398670406965664 ], [ 6.738252408034467, 52.398635669392867 ], [ 6.738193138925691, 52.398579106292942 ], [ 6.738110096080356, 52.398510077585293 ], [ 6.738076278756457, 52.39848196058395 ], [ 6.737905774250285, 52.398330515394001 ], [ 6.737673771020343, 52.398122073623981 ], [ 6.737557347562555, 52.397998684678306 ], [ 6.737510830864223, 52.397947773438133 ], [ 6.737444927294773, 52.397887052007405 ], [ 6.73722350718549, 52.397701229850099 ], [ 6.737037430267108, 52.39755693617424 ], [ 6.736919043307877, 52.397487635489398 ], [ 6.736822426980302, 52.397424872900935 ], [ 6.736737658893088, 52.397362739203423 ], [ 6.736667300927363, 52.397314427464337 ], [ 6.736610926896679, 52.397280904347987 ], [ 6.736484567058779, 52.39720114148642 ], [ 6.736230792846971, 52.397045061031385 ], [ 6.736092065611999, 52.396960108441952 ], [ 6.735860316472083, 52.396818859134868 ], [ 6.735697225700977, 52.396710175066531 ], [ 6.735601258194221, 52.396643512040505 ], [ 6.73545859903265, 52.396540329663743 ], [ 6.735392589465111, 52.396485136314247 ], [ 6.73529439116273, 52.396414183916534 ], [ 6.735191886663578, 52.396331118883765 ], [ 6.734235407239536, 52.39554537269963 ], [ 6.733620748232915, 52.395038765013396 ], [ 6.733588716935835, 52.39501266685501 ], [ 6.733213526548523, 52.394681559442247 ], [ 6.732845327306877, 52.394355494900736 ], [ 6.732812554076847, 52.394320901745836 ], [ 6.732772634632226, 52.394286614525399 ], [ 6.732706913851048, 52.394206841567076 ], [ 6.732644449538097, 52.394125431589075 ], [ 6.732595151743815, 52.394053741433332 ], [ 6.732571632680393, 52.394019537411509 ], [ 6.732512937162681, 52.393920934266554 ], [ 6.732432783279396, 52.3937393583968 ], [ 6.732344899414787, 52.393516576635037 ], [ 6.732287082210406, 52.393359753159459 ], [ 6.73219837111299, 52.393143551357255 ], [ 6.732073144292211, 52.393095617650062 ], [ 6.73204021203159, 52.393076064036094 ], [ 6.732010854851425, 52.3930527934575 ], [ 6.731991154774433, 52.393028685088275 ], [ 6.731961281074439, 52.392958382968793 ], [ 6.731912639923793, 52.392824016481036 ], [ 6.7318794851213, 52.392729347534797 ], [ 6.731868130712157, 52.392690717624177 ], [ 6.731866622145442, 52.392672478892436 ], [ 6.731868124838304, 52.392637756797768 ], [ 6.731866227032678, 52.392629445913357 ], [ 6.731862617802873, 52.392613639990785 ], [ 6.732005125684491, 52.392603140385411 ], [ 6.731956051239406, 52.39240898658943 ], [ 6.731882605422766, 52.392408086109363 ], [ 6.731688923585994, 52.392409369218569 ], [ 6.731527124348451, 52.392413552809856 ], [ 6.731432671418159, 52.392413241169358 ], [ 6.731340885210804, 52.392406876804614 ], [ 6.731309439809922, 52.392534620437232 ], [ 6.731291823973778, 52.392646998304492 ], [ 6.731256062555154, 52.392692536155046 ], [ 6.731247029778524, 52.392701843049267 ], [ 6.731211725162925, 52.392738225294394 ], [ 6.731161729325578, 52.392782405651104 ], [ 6.731105650937879, 52.392824174183218 ], [ 6.730698411770129, 52.39306972741543 ], [ 6.730564919018558, 52.393151312900173 ], [ 6.730410539466362, 52.393242815959056 ], [ 6.730265923162463, 52.39333554734322 ], [ 6.730220796988476, 52.393318918043228 ], [ 6.730161035892368, 52.39336187843341 ], [ 6.730112443643848, 52.39340443344372 ], [ 6.730045289929086, 52.3934662368574 ], [ 6.729958997651713, 52.393561218537158 ], [ 6.7298836757258, 52.393624525715666 ], [ 6.729789995086557, 52.39371232827142 ], [ 6.729670827471785, 52.39378043811611 ], [ 6.729581062486355, 52.393854928912084 ], [ 6.729594297226247, 52.393876630131615 ], [ 6.72956618184578, 52.393888984692147 ], [ 6.729631602434344, 52.393921716398218 ], [ 6.729479302808222, 52.393989878165996 ], [ 6.729337506691954, 52.394052653327385 ], [ 6.729217300727455, 52.394113700439426 ], [ 6.729080299349885, 52.39418393540155 ], [ 6.728928417831011, 52.394263534195225 ], [ 6.728924996699287, 52.394270889693281 ], [ 6.728712140369923, 52.394400544682689 ], [ 6.728628790582492, 52.394459411744428 ], [ 6.728565759989492, 52.394513383426137 ], [ 6.728534176511101, 52.394542729534173 ], [ 6.728478497659673, 52.394594451613138 ], [ 6.728326344678024, 52.394737970626061 ], [ 6.728264591742434, 52.394794372563261 ], [ 6.728196890180095, 52.394846482380068 ], [ 6.728170491219381, 52.394864120429766 ], [ 6.72813393852651, 52.394888534040675 ], [ 6.728033540972871, 52.394952195930529 ], [ 6.727889929721828, 52.39502313353556 ], [ 6.727800901045363, 52.395068725221506 ], [ 6.72777340106959, 52.39507912184812 ], [ 6.727528160267201, 52.395204152680115 ], [ 6.727338128296473, 52.39529492267841 ], [ 6.727156696163607, 52.395386341076978 ], [ 6.727024695128486, 52.395461334875002 ], [ 6.726969792894696, 52.395487331044706 ], [ 6.726965301961885, 52.395489449247378 ], [ 6.726950140380159, 52.395500694786236 ], [ 6.726843977375475, 52.395551153713825 ], [ 6.726748998146737, 52.395599742207274 ], [ 6.726647735362518, 52.39565337241217 ], [ 6.726564725718498, 52.395703730904593 ], [ 6.726523922219407, 52.395725135971958 ], [ 6.72631624995715, 52.39586828265692 ], [ 6.726299070156463, 52.395870616274671 ], [ 6.726172145299311, 52.395932805843977 ], [ 6.726068272447231, 52.395986662808333 ], [ 6.725946570402363, 52.396048604300631 ], [ 6.725804481884254, 52.396122506299093 ], [ 6.725685337392798, 52.396179636664044 ], [ 6.725604492713854, 52.39622244653043 ], [ 6.72549684685923, 52.396274511962439 ], [ 6.725469764262095, 52.396288552691864 ], [ 6.725391099005554, 52.396328614227244 ], [ 6.725365560372216, 52.396345612703833 ], [ 6.725325846873375, 52.396365198318058 ], [ 6.725176704617863, 52.396442549994433 ], [ 6.725167034420084, 52.396447360320593 ], [ 6.725071679664393, 52.396494828099947 ], [ 6.725036466315004, 52.396515522286094 ], [ 6.72502806591059, 52.39651956320921 ], [ 6.724794962752042, 52.396479177812488 ], [ 6.724483397423045, 52.396431085211724 ], [ 6.724375881464494, 52.396414493278257 ], [ 6.724241504846997, 52.396390096908313 ], [ 6.72423498993008, 52.396388939051263 ], [ 6.723769558753931, 52.396305989697382 ], [ 6.72300233663491, 52.39618023387866 ], [ 6.722309541282252, 52.396053948370039 ], [ 6.722235194195572, 52.396040396090676 ], [ 6.721733765384839, 52.395956280720199 ], [ 6.720820848487441, 52.395800585262023 ], [ 6.719696032868709, 52.39559816345426 ], [ 6.719550499149432, 52.395571972809385 ], [ 6.719544427291862, 52.395570881618177 ], [ 6.719453553937292, 52.395567176327894 ], [ 6.718890049621687, 52.395546883376902 ], [ 6.718868540552168, 52.395546469164792 ], [ 6.718776462151247, 52.395544709456637 ], [ 6.718513216086994, 52.395534052473735 ], [ 6.718493061450798, 52.395533236452593 ], [ 6.717881154949112, 52.395508449406385 ], [ 6.717681403543186, 52.395500357679268 ], [ 6.717567110263854, 52.395498648950309 ], [ 6.71700469148703, 52.395479701104449 ], [ 6.716729983367661, 52.395470445295558 ], [ 6.716635069086504, 52.395468185446774 ], [ 6.715794159865495, 52.395438264886579 ], [ 6.715563064211833, 52.395430044965664 ], [ 6.715249286329573, 52.395417341053552 ], [ 6.714569479702371, 52.395392372799456 ], [ 6.714551483182558, 52.395391981339245 ], [ 6.714418509624221, 52.39538911275973 ], [ 6.714210565873207, 52.39538021716308 ], [ 6.714064502319894, 52.39537789940448 ], [ 6.713568528877271, 52.395356437727891 ], [ 6.713541954125154, 52.395356627608749 ], [ 6.713519790824275, 52.395355950098654 ], [ 6.713490479759512, 52.395355047052732 ], [ 6.713477625857157, 52.39535465174567 ], [ 6.713465713364978, 52.395354290833261 ], [ 6.713461286472995, 52.395354151668684 ], [ 6.713456016042254, 52.395353320845288 ], [ 6.713383941334763, 52.395352717082218 ], [ 6.713334990549545, 52.395351503685447 ], [ 6.713332256884559, 52.395349026495666 ], [ 6.713209211735183, 52.395344040887387 ], [ 6.712580376193376, 52.395322903677041 ], [ 6.71240123315888, 52.395316001509961 ], [ 6.711126760841302, 52.395274406440926 ], [ 6.711105510341522, 52.395274769934147 ], [ 6.710820445911152, 52.395261571392808 ], [ 6.710658308561169, 52.395250404629003 ], [ 6.710487184276671, 52.395238924626767 ], [ 6.710302806016362, 52.395170353289821 ], [ 6.709850889617459, 52.39500229241348 ], [ 6.709496261432596, 52.394865268334115 ], [ 6.709372625730838, 52.394817293015294 ], [ 6.709155786247891, 52.394755859843301 ], [ 6.708636248926016, 52.394617951097423 ], [ 6.708619917856108, 52.394614762679559 ], [ 6.708478332249713, 52.394587103219735 ], [ 6.707302816646977, 52.394323189945837 ], [ 6.706921725197459, 52.394238946575406 ], [ 6.706875485252189, 52.394232010534346 ], [ 6.70681130811844, 52.394225175552499 ], [ 6.706729702158505, 52.394220710041893 ], [ 6.706471136573236, 52.394208464114534 ], [ 6.705557724169583, 52.394158434577378 ], [ 6.705156111800108, 52.394136435190724 ], [ 6.703903154147182, 52.394058946405323 ], [ 6.703813285498149, 52.394052800045138 ], [ 6.703036398113944, 52.394006931348187 ], [ 6.702964887108483, 52.394002962260927 ], [ 6.702955208428819, 52.394003591173515 ], [ 6.702742763438867, 52.393987777373013 ], [ 6.702732415282664, 52.393987137331408 ], [ 6.702496381045607, 52.393972564983855 ], [ 6.701999990284392, 52.393944704729122 ], [ 6.701667184622786, 52.39392602808708 ], [ 6.701578480018543, 52.39392145808457 ], [ 6.701573363897635, 52.393923833937606 ], [ 6.701402144749708, 52.393911371147929 ], [ 6.701258688259293, 52.393904118914037 ], [ 6.700805599357514, 52.393881220054418 ], [ 6.700512579525314, 52.393862916640352 ], [ 6.699767886429894, 52.393816381741452 ], [ 6.699451168013129, 52.393796594689704 ], [ 6.699014107479972, 52.393767614818756 ], [ 6.698635303416249, 52.393741071047927 ], [ 6.698211979567191, 52.394097814695229 ], [ 6.697373096201586, 52.394804748513593 ], [ 6.696906686304712, 52.395197783471659 ], [ 6.696810560111805, 52.395277730428496 ], [ 6.696465316659229, 52.39556483231496 ], [ 6.695458773195969, 52.39640183663532 ], [ 6.69525634121482, 52.396570163865455 ], [ 6.694878134642659, 52.396884662642535 ], [ 6.69473878354029, 52.397001354058162 ], [ 6.694732517145813, 52.397006600669805 ], [ 6.694611663242883, 52.397107798118093 ], [ 6.694195353211652, 52.397456413445674 ], [ 6.693928990076202, 52.397679465213564 ], [ 6.693769080819071, 52.397812732499936 ], [ 6.693332415367181, 52.398176616103335 ], [ 6.692893376168125, 52.398542465717867 ], [ 6.692600636513986, 52.398786406973329 ], [ 6.692462201125366, 52.398899669830946 ], [ 6.692140216141712, 52.399163122847327 ], [ 6.691804294705943, 52.39943798216359 ], [ 6.691635119566326, 52.399576391094485 ], [ 6.691607450639968, 52.399599391997704 ], [ 6.691070930979766, 52.400045263774871 ], [ 6.690613867995379, 52.400425091414434 ], [ 6.690188713953924, 52.400778400416456 ], [ 6.689900559697525, 52.401017861835058 ], [ 6.689738665127908, 52.401152394651163 ], [ 6.689317872143828, 52.401502056976369 ], [ 6.689232232277384, 52.401573217196379 ], [ 6.68842958636137, 52.402240172301589 ], [ 6.687599874346885, 52.402929593652686 ], [ 6.686651202935751, 52.403708240254375 ], [ 6.686031150540677, 52.404217151415786 ], [ 6.685718256269089, 52.404479479652856 ], [ 6.685488452913726, 52.404672142786666 ], [ 6.685475198830128, 52.40468324512014 ], [ 6.685361307622744, 52.404778729486878 ], [ 6.685335244758749, 52.404800587676419 ], [ 6.684793536549559, 52.40525471993039 ], [ 6.683892583236103, 52.406010025478842 ], [ 6.682982159564417, 52.406773220497101 ], [ 6.681954628597593, 52.407634557880343 ], [ 6.680924417483381, 52.408498081401554 ], [ 6.680574032579741, 52.40879177035039 ], [ 6.680446439158429, 52.408900423751987 ], [ 6.680394049211776, 52.408943475587108 ], [ 6.680080513429746, 52.409201202045331 ], [ 6.679866955902565, 52.409380580081717 ], [ 6.679787750271442, 52.409447114701166 ], [ 6.679582099809047, 52.409614972513161 ], [ 6.679401546658867, 52.409765513878632 ], [ 6.6793228851583, 52.409831098441117 ], [ 6.679205774926617, 52.409932517152292 ], [ 6.679120493436284, 52.409996915416571 ], [ 6.678555853756955, 52.410439681699984 ], [ 6.678366346418047, 52.410588341591861 ], [ 6.678366188193, 52.41058846016761 ], [ 6.678191624227779, 52.410725397620212 ], [ 6.678065419437933, 52.410777702305971 ], [ 6.677755742599317, 52.411059298616394 ], [ 6.677564033145399, 52.411234461258488 ], [ 6.677677881105214, 52.411309353098908 ], [ 6.677394141598263, 52.411516798307318 ], [ 6.677229858347567, 52.41165468289126 ], [ 6.677083622224182, 52.411795022253528 ], [ 6.676900492543033, 52.41194601013072 ], [ 6.676576030577367, 52.412215081444025 ], [ 6.67645212650261, 52.412317838638437 ], [ 6.676400990133711, 52.412359284005703 ], [ 6.676208277219127, 52.412515498530048 ], [ 6.676102103589378, 52.412607824447853 ], [ 6.676074434390721, 52.412631873191749 ], [ 6.675841590801249, 52.412842140194321 ], [ 6.67569377139327, 52.412878345401687 ], [ 6.675676755167806, 52.412898736669028 ], [ 6.675576772461241, 52.413018499491827 ], [ 6.675520566283151, 52.41308581454647 ], [ 6.675491560201667, 52.413110920356011 ], [ 6.675347027436229, 52.413223761127846 ], [ 6.675353057174324, 52.413290560863857 ], [ 6.675358462896811, 52.41335056310519 ], [ 6.675337779768777, 52.41346319806825 ], [ 6.675327007295915, 52.413521884205551 ], [ 6.675349761373139, 52.413599171340437 ], [ 6.675394399983488, 52.413664229767157 ], [ 6.675402975000442, 52.413689672763631 ], [ 6.675441417620853, 52.413853492114086 ], [ 6.675442245886129, 52.413942082574486 ], [ 6.675428805737779, 52.413953032941883 ], [ 6.675381621354594, 52.413991468641889 ], [ 6.675296640587797, 52.414030279505852 ], [ 6.675218658053918, 52.414058021275594 ], [ 6.675068652943924, 52.414148108412945 ], [ 6.674927605416099, 52.414272775505609 ], [ 6.674820190601586, 52.414311029997535 ], [ 6.674589544803452, 52.414332979774549 ], [ 6.674429169027666, 52.414355639386123 ], [ 6.674422601406759, 52.414355746730912 ], [ 6.674267915405579, 52.414358219068163 ], [ 6.674198140134065, 52.414368469254974 ], [ 6.673954032476985, 52.41442443268425 ], [ 6.673985313831143, 52.414456819825418 ], [ 6.674191743032703, 52.414601511176649 ], [ 6.674192962535058, 52.414629811632196 ], [ 6.674175061247079, 52.414664809574937 ], [ 6.673954316056107, 52.414743241958199 ], [ 6.673763210251716, 52.414711575626782 ], [ 6.673621570774386, 52.414718408593174 ], [ 6.67356050433416, 52.414757749379177 ], [ 6.673528098422454, 52.414803025804012 ], [ 6.673511018589764, 52.414854176000375 ], [ 6.673448261366662, 52.4148919980614 ], [ 6.673137065082591, 52.414882344505187 ], [ 6.672985325819369, 52.414862842281437 ], [ 6.672758466495222, 52.414833575951555 ], [ 6.67261311692072, 52.414824026037977 ], [ 6.672630920228761, 52.414890419418633 ], [ 6.672634417563632, 52.414936959739009 ], [ 6.672618778780537, 52.414990188469488 ], [ 6.672486824542199, 52.415245626057747 ], [ 6.672456052405129, 52.415305203082319 ], [ 6.672407724386717, 52.415362615650658 ], [ 6.672324256661287, 52.415437020247062 ], [ 6.672332459120159, 52.41554539515564 ], [ 6.672351972879163, 52.415802900921953 ], [ 6.672239243790155, 52.415926187719101 ], [ 6.672221963435458, 52.416010507346371 ], [ 6.672175118343808, 52.416067894723263 ], [ 6.672155004094498, 52.416086485417068 ], [ 6.67199006397797, 52.416225160462488 ], [ 6.671820471498028, 52.416298269886511 ], [ 6.671629312361548, 52.41636983326223 ], [ 6.671601179071311, 52.416410478658598 ], [ 6.671116737318378, 52.416541516542729 ], [ 6.67108796648957, 52.4167720951055 ], [ 6.671080083584121, 52.416835342548474 ], [ 6.6708346152579, 52.41699911285427 ], [ 6.670757130476288, 52.417038719980987 ], [ 6.670618609326064, 52.417121953434808 ], [ 6.670546233223727, 52.417138000208141 ], [ 6.670349959269609, 52.417125592688578 ], [ 6.670263278273122, 52.417159861105461 ], [ 6.670190712265133, 52.417209436703786 ], [ 6.669907089668131, 52.4172275557872 ], [ 6.669847985129249, 52.417231332936304 ], [ 6.669840866008598, 52.417235760461338 ], [ 6.669766496530135, 52.417281966675453 ], [ 6.669673052662335, 52.417367497217157 ], [ 6.669671715511708, 52.417440596922845 ], [ 6.669808131014376, 52.417590062867092 ], [ 6.669816930327658, 52.417759831609104 ], [ 6.669817290893173, 52.417762128751356 ], [ 6.669817671621646, 52.417764614433068 ], [ 6.669830526742044, 52.417776007406104 ], [ 6.66983300095205, 52.417778191771376 ], [ 6.66984188789993, 52.417786068288606 ], [ 6.669856629255912, 52.417799139649532 ], [ 6.669978105149215, 52.417906818035611 ], [ 6.670047267560692, 52.418045659736741 ], [ 6.670225848211664, 52.418152000194169 ], [ 6.670313540500883, 52.418602981194411 ], [ 6.670317098230738, 52.418703415716749 ], [ 6.670307511147051, 52.418728201915592 ], [ 6.670292281181374, 52.41876219950894 ], [ 6.670210663773319, 52.41890484983314 ], [ 6.670452975995246, 52.419122702501369 ], [ 6.670548206178084, 52.419111396757408 ], [ 6.670605728142038, 52.41913256144349 ], [ 6.6706800200344, 52.419120619607867 ], [ 6.670791422165663, 52.419143815900554 ], [ 6.670809561714092, 52.419234007300197 ], [ 6.670875608477274, 52.419411254042352 ], [ 6.670916466094584, 52.419552289608653 ], [ 6.670956219897945, 52.41962026989372 ], [ 6.67112468401984, 52.419735877933462 ], [ 6.671295758685741, 52.419756458345191 ], [ 6.671352903764325, 52.419808681908115 ], [ 6.67144146287051, 52.419862317546254 ], [ 6.671536786338163, 52.419937793639605 ], [ 6.671836377485539, 52.420211514839366 ], [ 6.671879779719937, 52.420255698731765 ], [ 6.671827719074953, 52.420346813248948 ], [ 6.671630050462662, 52.420587825662523 ], [ 6.671515804461021, 52.420695290319827 ], [ 6.671552038297887, 52.420747785498875 ], [ 6.671563065785183, 52.420806099910152 ], [ 6.671627703486497, 52.420901153010441 ], [ 6.67174110596827, 52.420980954065215 ], [ 6.672007409712526, 52.42136929722119 ], [ 6.672153930400479, 52.421497977402488 ], [ 6.672323674759713, 52.421565158016456 ], [ 6.672626995994507, 52.421774892841043 ], [ 6.672655536624536, 52.421821098365974 ], [ 6.672551305171628, 52.422084620846412 ], [ 6.672631594644852, 52.422157553709397 ], [ 6.672762580856912, 52.422170855065197 ], [ 6.67277872744558, 52.422172495466889 ], [ 6.672819902071483, 52.422176327023507 ], [ 6.673048546642924, 52.42224247173661 ], [ 6.673105142840648, 52.422195144207365 ], [ 6.67313196939978, 52.42210893220949 ], [ 6.673316677211612, 52.422049858778429 ], [ 6.673396312278949, 52.422081505235568 ], [ 6.673435683575603, 52.422097149027074 ], [ 6.673454603170797, 52.422104664641566 ], [ 6.673621110599499, 52.422080546789573 ], [ 6.673669269246727, 52.422033804996801 ], [ 6.673671671323519, 52.422031468869051 ], [ 6.673711349613783, 52.42197066234295 ], [ 6.673724608597372, 52.421963498321979 ], [ 6.673768539728155, 52.421939758948227 ], [ 6.673834773451491, 52.421956468049494 ], [ 6.673902739894985, 52.421973607712331 ], [ 6.673993548283901, 52.422048223080395 ], [ 6.674256561160691, 52.422048403218973 ], [ 6.674343319569515, 52.422092924011196 ], [ 6.674372824411242, 52.422126714573032 ], [ 6.674477149231259, 52.422251518081247 ], [ 6.674529440743006, 52.422407582700359 ], [ 6.67458438844368, 52.422449213237797 ], [ 6.674598841546801, 52.422478052919566 ], [ 6.674629853964767, 52.42250906757171 ], [ 6.674774474894292, 52.4226392662924 ], [ 6.674853031598916, 52.422696441758447 ], [ 6.675013421036253, 52.42279349906142 ], [ 6.67507345483208, 52.422851235331855 ], [ 6.675074562847638, 52.42285227763012 ], [ 6.675186206006028, 52.422957277553458 ], [ 6.675285478630983, 52.423009364689293 ], [ 6.675322167032539, 52.42302673586088 ], [ 6.675417429510984, 52.423071864488342 ], [ 6.675465159224381, 52.423111955209954 ], [ 6.675541938368124, 52.423187306261745 ], [ 6.675601257727832, 52.423231567342988 ], [ 6.67565859924235, 52.423268488358914 ], [ 6.675704388547833, 52.42328433123901 ], [ 6.675812062779155, 52.423332551380383 ], [ 6.675828916561245, 52.423343819310496 ], [ 6.675891383338644, 52.42338557417559 ], [ 6.675965515759684, 52.423451785521692 ], [ 6.676063583912789, 52.423540198522524 ], [ 6.676099085396501, 52.423574849215768 ], [ 6.676141452301872, 52.423594324560433 ], [ 6.676167203588496, 52.423599608166413 ], [ 6.676548611569566, 52.423654789469154 ], [ 6.676003492101764, 52.423805751502634 ], [ 6.675461169506123, 52.423955943518266 ], [ 6.675149231567582, 52.424033167354082 ], [ 6.674573460842247, 52.424231106153677 ], [ 6.674235447369037, 52.424354721786479 ], [ 6.673998974914795, 52.424646890451001 ], [ 6.67412389466794, 52.424794139379031 ], [ 6.674173524241042, 52.424850497058323 ], [ 6.674185810016629, 52.424864448475311 ], [ 6.674204563606791, 52.424890482007235 ], [ 6.674207981713071, 52.424896537242823 ], [ 6.67422200289175, 52.424921374598149 ], [ 6.67421127077647, 52.424963386430747 ], [ 6.674201567011861, 52.424991715640004 ], [ 6.674180579301647, 52.425025380768979 ], [ 6.674156478746606, 52.425044527401752 ], [ 6.674112412171259, 52.425074326575661 ], [ 6.673999234948505, 52.425140857418384 ], [ 6.673980142221734, 52.425160309143727 ], [ 6.673960891079337, 52.425184427597131 ], [ 6.673967193617978, 52.42520701004117 ], [ 6.673986888987918, 52.425225483068367 ], [ 6.67401033448891, 52.425250557819517 ], [ 6.6741012973062, 52.425300408224132 ], [ 6.674193002819035, 52.425354555961519 ], [ 6.674204537357809, 52.425365926863165 ], [ 6.674229241764491, 52.425431256188915 ], [ 6.67425367189041, 52.425469452331896 ], [ 6.674255548301493, 52.425528926551479 ], [ 6.67423950588516, 52.425598671550638 ], [ 6.67427244086156, 52.42561736019924 ], [ 6.674333579926624, 52.425653341739988 ], [ 6.674391931225962, 52.425675870858505 ], [ 6.674476627814545, 52.425703848252489 ], [ 6.674510247262011, 52.425716237475449 ], [ 6.674568332889034, 52.425748836469722 ], [ 6.674629514193366, 52.425786255554264 ], [ 6.674665880604588, 52.425811189728726 ], [ 6.674705272678256, 52.425829439542099 ], [ 6.674765385234244, 52.42584224179744 ], [ 6.674868443986514, 52.425855457994253 ], [ 6.674892414779124, 52.425869246346593 ], [ 6.674893410079619, 52.425871617467315 ], [ 6.674927474966757, 52.425952880293607 ], [ 6.674936657611338, 52.425972348332031 ], [ 6.674968936933618, 52.426040750097407 ], [ 6.674876274806572, 52.426195388284178 ], [ 6.674886359408907, 52.426249901508292 ], [ 6.674918758550913, 52.426302707006172 ], [ 6.674937332660022, 52.426321524641395 ], [ 6.674955277258452, 52.426338919953224 ], [ 6.674972125476557, 52.426367652640629 ], [ 6.674973703203444, 52.426370332024057 ], [ 6.674989177820486, 52.426392787722804 ], [ 6.674997021889225, 52.426432952752528 ], [ 6.674975435568363, 52.426447056646509 ], [ 6.674923568329374, 52.426487232705355 ], [ 6.67491337564671, 52.426515935807316 ], [ 6.674922201119531, 52.426524639555851 ], [ 6.674961382494835, 52.426535116561439 ], [ 6.675011075824729, 52.426552121729372 ], [ 6.67506845962523, 52.426578741801634 ], [ 6.675112022395212, 52.426605880661022 ], [ 6.675135686549283, 52.426626800147361 ], [ 6.675149154895059, 52.426642455401648 ], [ 6.675171074981248, 52.426655484002964 ], [ 6.675180067762773, 52.426678019150451 ], [ 6.675177611615646, 52.426709325693885 ], [ 6.675158285933866, 52.42673795735049 ], [ 6.675095060683145, 52.426807217800132 ], [ 6.675084665315301, 52.426864326645564 ], [ 6.67510896348842, 52.426913094473441 ], [ 6.675133775344343, 52.426950711023125 ], [ 6.675140389423388, 52.426971842873563 ], [ 6.675181750434882, 52.42700314034068 ], [ 6.675226735662774, 52.427020025837635 ], [ 6.675260290373749, 52.427021054147041 ], [ 6.675330471225713, 52.42701749550146 ], [ 6.675417179097574, 52.426990189325892 ], [ 6.67546620714918, 52.426970169095014 ], [ 6.675526749162963, 52.426934015159773 ], [ 6.675606359824118, 52.426905365864485 ], [ 6.675656428052315, 52.426907445846219 ], [ 6.675703197927566, 52.426925021837469 ], [ 6.675728900223692, 52.426945730277318 ], [ 6.675755247327538, 52.426967878838589 ], [ 6.675775414089209, 52.42701562185438 ], [ 6.6757794763208, 52.427074344201394 ], [ 6.675779772150834, 52.427076929658988 ], [ 6.675781124127235, 52.42708851905013 ], [ 6.675807672145256, 52.427107968876577 ], [ 6.675827933657919, 52.427132700398751 ], [ 6.675851047089704, 52.427154884120505 ], [ 6.675913534312757, 52.427185034659765 ], [ 6.676038826903079, 52.42724514342131 ], [ 6.67608640150061, 52.427266099156192 ], [ 6.676107507488918, 52.427275388258685 ], [ 6.676138383874632, 52.427301073843047 ], [ 6.676240654890994, 52.427393638567395 ], [ 6.676269767517248, 52.42741934331336 ], [ 6.676293353791444, 52.427429477269754 ], [ 6.676335212215223, 52.427432374386377 ], [ 6.676383413725862, 52.427431427295154 ], [ 6.676439481534119, 52.427410781744044 ], [ 6.676506487949724, 52.42738353641618 ], [ 6.676602917018966, 52.427356294335588 ], [ 6.676663494052861, 52.427347095827393 ], [ 6.676794460991625, 52.427340995950729 ], [ 6.676918057297135, 52.427334257110616 ], [ 6.676961824070171, 52.427427368372115 ], [ 6.677013587005113, 52.42750473464519 ], [ 6.677052197738295, 52.427515765477594 ], [ 6.677100106583524, 52.427523441215293 ], [ 6.677186880501631, 52.427523628725581 ], [ 6.677440965116586, 52.427539736946557 ], [ 6.677464492873392, 52.427546338844664 ], [ 6.677552021649464, 52.427570903557459 ], [ 6.677582058760378, 52.427579870390637 ], [ 6.677626750646893, 52.427593198751133 ], [ 6.677638795267401, 52.427596797737209 ], [ 6.677701271600538, 52.427643657011117 ], [ 6.677769567969041, 52.42770554446232 ], [ 6.677885939703594, 52.427831723794291 ], [ 6.677887515374247, 52.427895335933918 ], [ 6.677887342966657, 52.427993294050168 ], [ 6.677856029425204, 52.428058558914437 ], [ 6.677810904313334, 52.428157968618834 ], [ 6.677803416698519, 52.428188619956629 ], [ 6.67780167138269, 52.42828407843551 ], [ 6.677778269310449, 52.428434090143938 ], [ 6.677758951452304, 52.428471530826087 ], [ 6.677731638614074, 52.428507099130719 ], [ 6.677683780011004, 52.428552625780334 ], [ 6.677690615360638, 52.428615084014005 ], [ 6.677821444256542, 52.428733717374762 ], [ 6.677883415860518, 52.428805057627237 ], [ 6.677905021450496, 52.428829926957818 ], [ 6.677900549673448, 52.428854073743523 ], [ 6.677889469495444, 52.428873978079828 ], [ 6.677877367861146, 52.428890118392985 ], [ 6.677843930595926, 52.428899219526755 ], [ 6.677819961438908, 52.428905745658454 ], [ 6.677705888778882, 52.428950285969563 ], [ 6.677569106837983, 52.428993132061493 ], [ 6.677536444651882, 52.429001083129258 ], [ 6.677459545089037, 52.429057748144402 ], [ 6.677306415155221, 52.429172868420963 ], [ 6.677377298560323, 52.42918169601915 ], [ 6.677420011107785, 52.429192142753294 ], [ 6.677427129970766, 52.42920229407261 ], [ 6.677422413941239, 52.429245310267795 ], [ 6.677361723318098, 52.429328377516306 ], [ 6.677348962053834, 52.429376883399996 ], [ 6.677436063347421, 52.429567235963447 ], [ 6.677417449044966, 52.429591006457848 ], [ 6.677350387884723, 52.429702726373073 ], [ 6.677320166937377, 52.42974803377318 ], [ 6.677268163320228, 52.429870357798485 ], [ 6.677247975294653, 52.429891098316816 ], [ 6.677004219153464, 52.43011733169967 ], [ 6.676844973335353, 52.430267483000364 ], [ 6.67680059301834, 52.430309340048794 ], [ 6.676765701015411, 52.430342240152797 ], [ 6.676638075331446, 52.430455248172969 ], [ 6.676576841695874, 52.430514231831246 ], [ 6.676667636344336, 52.4307097490167 ], [ 6.676631376606105, 52.430741648269496 ], [ 6.676535566789518, 52.430847433644452 ], [ 6.67648170863764, 52.430907226817538 ], [ 6.676451415408931, 52.430932948920976 ], [ 6.676389483914788, 52.430988704222578 ], [ 6.676242173343486, 52.431094420666881 ], [ 6.676185637278175, 52.431134998564971 ], [ 6.676141509540641, 52.43117144155125 ], [ 6.676050885035743, 52.431246303743102 ], [ 6.675715480321831, 52.431523336488503 ], [ 6.67471282288338, 52.432351684557183 ], [ 6.674675629390284, 52.432382415842262 ], [ 6.674401540398968, 52.432625916453397 ], [ 6.67438578598716, 52.432655587730615 ], [ 6.674223012823119, 52.433153293866546 ], [ 6.674187220438039, 52.433263081107789 ], [ 6.674127408668856, 52.433446546900811 ], [ 6.674000531493542, 52.433674838518158 ], [ 6.673951395613487, 52.433763243299381 ], [ 6.673823534344973, 52.434000237212011 ], [ 6.673770996749843, 52.434097613366468 ], [ 6.673711720839222, 52.434222720112018 ], [ 6.673641740607001, 52.434336267086273 ], [ 6.67356256134191, 52.43443843567011 ], [ 6.673518592467778, 52.434494695400055 ], [ 6.673495270799899, 52.434587367795871 ], [ 6.673493788009076, 52.434644118935026 ], [ 6.673491591280004, 52.434729937454186 ], [ 6.673512319381911, 52.434803022092929 ], [ 6.673559791441115, 52.434858154026095 ], [ 6.673798097995651, 52.435091943966846 ], [ 6.673873308467966, 52.435158243750166 ], [ 6.673892727091573, 52.435184243118613 ], [ 6.674076384300458, 52.435368371727527 ], [ 6.674083077564943, 52.435392199277466 ], [ 6.674283924235826, 52.435579718228844 ], [ 6.674503349526041, 52.435777425588732 ], [ 6.674465392559094, 52.435805270781849 ], [ 6.673945413728455, 52.43618688852559 ], [ 6.673773251899722, 52.436305653105578 ], [ 6.673699967571945, 52.436373952176709 ], [ 6.673648821766323, 52.4364353323747 ], [ 6.673571841352822, 52.436533333343014 ], [ 6.673457452169328, 52.436698839130514 ], [ 6.673426558385066, 52.436759244295139 ], [ 6.673424995264768, 52.436816778272636 ], [ 6.673394534937438, 52.436872873259063 ], [ 6.673431520676246, 52.436973969103448 ], [ 6.673427126665899, 52.436983194005983 ], [ 6.673390804336065, 52.437030903506738 ], [ 6.673301570444687, 52.437123311681951 ], [ 6.673228222136881, 52.43719808280192 ], [ 6.673161222549542, 52.437260551694976 ], [ 6.67308256042045, 52.437326580724957 ], [ 6.673016034024242, 52.437381053676269 ], [ 6.67297981856311, 52.437410704116019 ], [ 6.672872255073766, 52.437496947082572 ], [ 6.672704030175399, 52.437692770073276 ], [ 6.672644186639802, 52.437766711138977 ], [ 6.672647900915603, 52.437817104935398 ], [ 6.672646595389806, 52.437901259826035 ], [ 6.672634304324863, 52.437973804013289 ], [ 6.672620173935845, 52.438007843732237 ], [ 6.672615514144284, 52.438019066916652 ], [ 6.672574213572589, 52.438069122211331 ], [ 6.672538466652018, 52.438133157164934 ], [ 6.672532189506855, 52.438144397893829 ], [ 6.672524055554358, 52.438163613531451 ], [ 6.672524283208456, 52.438209928454178 ], [ 6.672529579528089, 52.438300609214473 ], [ 6.672535835948175, 52.438351433836004 ], [ 6.672546225137694, 52.438377953837637 ], [ 6.672566111912494, 52.438415489478224 ], [ 6.672608971484819, 52.438478824325522 ], [ 6.672606898483551, 52.438553271035943 ], [ 6.672589725909378, 52.438656249073063 ], [ 6.672574529982849, 52.438736141342467 ], [ 6.672550693873148, 52.438817322816078 ], [ 6.672548891970861, 52.438876297487738 ], [ 6.672553747204861, 52.438891543118281 ], [ 6.672551601952639, 52.438917435099384 ], [ 6.672553717819622, 52.438939640532439 ], [ 6.672557563436943, 52.438960128383975 ], [ 6.672563790119148, 52.438984104877086 ], [ 6.672586882633779, 52.439034773780364 ], [ 6.672624540462646, 52.439104834474691 ], [ 6.672703237352222, 52.439255013144333 ], [ 6.672810146794408, 52.439420956912322 ], [ 6.67284161632336, 52.439498715870627 ], [ 6.672856858103263, 52.439542899376391 ], [ 6.672971262236739, 52.439725785749602 ], [ 6.673041881499858, 52.43986667692883 ], [ 6.673003286443301, 52.440090844818165 ], [ 6.672992541372772, 52.440164963181466 ], [ 6.672974018716376, 52.440292835866877 ], [ 6.67299298409169, 52.440326965827161 ], [ 6.673030402011719, 52.440490940097234 ], [ 6.673019327838509, 52.440570437108775 ], [ 6.673012762461769, 52.440656284942143 ], [ 6.673019010267353, 52.440692611278109 ], [ 6.673031959499169, 52.440756072851016 ], [ 6.673049218706044, 52.440801834368649 ], [ 6.673136716919899, 52.440962172998631 ], [ 6.673195385485069, 52.441065783950393 ], [ 6.673283092153287, 52.441129530560801 ], [ 6.673302005390112, 52.441142619125941 ], [ 6.67338049469809, 52.441196911029337 ], [ 6.673383473801997, 52.441202244777912 ], [ 6.673390596978281, 52.441215038872997 ], [ 6.673391230837972, 52.441227229288366 ], [ 6.67338505195952, 52.441271708193547 ], [ 6.673372531082251, 52.441310026969688 ], [ 6.673360121977572, 52.441336506771144 ], [ 6.673342640835981, 52.441350421881886 ], [ 6.673318748511176, 52.441397286258962 ], [ 6.673323392587839, 52.441423464074418 ], [ 6.673324238652044, 52.441428281675108 ], [ 6.673333944839586, 52.441450997921038 ], [ 6.673357131329217, 52.441474466662385 ], [ 6.67337869727156, 52.44149430369125 ], [ 6.673410637595664, 52.44151126863661 ], [ 6.673452936112426, 52.441531887264375 ], [ 6.673500247852726, 52.441554950228785 ], [ 6.673568534015792, 52.441586099728731 ], [ 6.673660849073406, 52.441620610600907 ], [ 6.673759066377675, 52.441653232654424 ], [ 6.673829948224937, 52.441672471115425 ], [ 6.673878826016038, 52.441686150980807 ], [ 6.673914431569154, 52.441696118941692 ], [ 6.6739770293628, 52.441721316732242 ], [ 6.67398713496859, 52.441725386588139 ], [ 6.674032703813855, 52.441747677291715 ], [ 6.674095301301373, 52.44178802951383 ], [ 6.674109014522618, 52.441817012048006 ], [ 6.674119373281086, 52.441838885218964 ], [ 6.674129778097464, 52.441869926085317 ], [ 6.674142550409799, 52.441908024114007 ], [ 6.674170886826381, 52.442043783115722 ], [ 6.674264862336118, 52.442083749439654 ], [ 6.674370712810688, 52.442120845200662 ], [ 6.674444970115243, 52.442151920339171 ], [ 6.67461287682756, 52.4422243672213 ], [ 6.674646482128776, 52.442238868893 ], [ 6.67467805220996, 52.442249141146284 ], [ 6.674702136649469, 52.442265013637346 ], [ 6.674717750214917, 52.442275881744237 ], [ 6.674727758838618, 52.442280150337361 ], [ 6.674929932473828, 52.442377661616803 ], [ 6.674933733015805, 52.442379876402271 ], [ 6.674949499992204, 52.442386410389112 ], [ 6.675068594766897, 52.442435801557473 ], [ 6.675174647454839, 52.442479285183538 ], [ 6.675230940459675, 52.442509656291413 ], [ 6.67529935049714, 52.442544461751758 ], [ 6.675361882188968, 52.442582980391215 ], [ 6.675474301106687, 52.442683929463527 ], [ 6.675633029506085, 52.44282999108276 ], [ 6.675690117799932, 52.443160863450601 ], [ 6.675741514206969, 52.443302348590656 ], [ 6.67574759163869, 52.443319099839677 ], [ 6.675790066907791, 52.443430022457946 ], [ 6.675849754701791, 52.443518808099469 ], [ 6.675909189048055, 52.443599390033619 ], [ 6.67596022610715, 52.443651749737398 ], [ 6.676046607915334, 52.443733827163875 ], [ 6.676111690687285, 52.443804289499916 ], [ 6.676143303982268, 52.443856887405261 ], [ 6.67617980402805, 52.443922213679151 ], [ 6.676183400166829, 52.443928008043237 ], [ 6.676192769767676, 52.443943141487736 ], [ 6.676212943825756, 52.443975702788997 ], [ 6.67626917853226, 52.44404991959653 ], [ 6.676310656210695, 52.444084136654851 ], [ 6.676360914263998, 52.444112757240084 ], [ 6.676441066623188, 52.444141025534542 ], [ 6.676510373844324, 52.444157538085783 ], [ 6.676593041509454, 52.444171163722466 ], [ 6.676672292604986, 52.444172035954928 ], [ 6.676681098777291, 52.444171364849801 ], [ 6.676828880991784, 52.444160102729057 ], [ 6.67698561734475, 52.444152742794671 ], [ 6.677236221975715, 52.444136028316692 ], [ 6.677483851955888, 52.444121727637146 ], [ 6.677536144712839, 52.444118713265333 ], [ 6.677753742541108, 52.444144414029893 ], [ 6.67777758993205, 52.44414906193964 ], [ 6.677784173186547, 52.444150347479393 ], [ 6.677819944284343, 52.444157319333002 ], [ 6.677921169807656, 52.444189896226504 ], [ 6.677931227581279, 52.444197840285199 ], [ 6.677961054059216, 52.444221379616842 ], [ 6.678186838425646, 52.444360235626711 ], [ 6.678221047305607, 52.444381713732206 ], [ 6.678408124743885, 52.444499149223532 ], [ 6.678547086076126, 52.444588813305572 ], [ 6.678645187956041, 52.444650384356613 ], [ 6.678765809646813, 52.444709903156401 ], [ 6.678844060511357, 52.44474046464358 ], [ 6.678887753504342, 52.444760284163777 ], [ 6.678923013606566, 52.444772905993709 ], [ 6.67894040589125, 52.444779134107044 ], [ 6.679007887492426, 52.444791494482985 ], [ 6.679021276435914, 52.444793110228176 ], [ 6.679079777580234, 52.444800175424461 ], [ 6.679211478534366, 52.444809390559904 ], [ 6.679238239930456, 52.444811049207431 ], [ 6.679336944603861, 52.444817163492566 ], [ 6.67942545185457, 52.444822651868286 ], [ 6.679690566100152, 52.444853862072236 ], [ 6.679855414705148, 52.444878390697426 ], [ 6.680174643979018, 52.444926608730185 ], [ 6.680240676655143, 52.444941716703845 ], [ 6.680379092068381, 52.444992905149554 ], [ 6.680471204410067, 52.445046216797792 ], [ 6.680595080727661, 52.445120331397717 ], [ 6.680684333287595, 52.445180963720915 ], [ 6.680713058398507, 52.445199966248872 ], [ 6.680769515274905, 52.445265369882073 ], [ 6.680801530034957, 52.445300785301995 ], [ 6.680823010820165, 52.445332621485989 ], [ 6.680976509181821, 52.445475964741 ], [ 6.681136697789797, 52.445575425117369 ], [ 6.68124759848674, 52.445651415524274 ], [ 6.681303123950796, 52.445689459305378 ], [ 6.681630595476633, 52.445837615698906 ], [ 6.681741291154164, 52.445864827669197 ], [ 6.681758611968409, 52.445869087688003 ], [ 6.681858651820258, 52.445889063442664 ], [ 6.68194058104944, 52.445905434921897 ], [ 6.682082751393899, 52.445941506769451 ], [ 6.68213542255127, 52.445954872160321 ], [ 6.682178608853751, 52.445965833425696 ], [ 6.682348156735163, 52.446036121298654 ], [ 6.682475841411959, 52.446105958779199 ], [ 6.682579065912635, 52.446157799063826 ], [ 6.682679035235552, 52.44620145043649 ], [ 6.682793853189373, 52.446241281061695 ], [ 6.682858226822459, 52.446265942463931 ], [ 6.68296222346225, 52.446272301490971 ], [ 6.683060906823467, 52.446273037850752 ], [ 6.683205698406846, 52.446265953189297 ], [ 6.683446280247157, 52.446263285343676 ], [ 6.683538886227056, 52.446260438491677 ], [ 6.683622735642522, 52.446264985992379 ], [ 6.683741085748706, 52.446273722015867 ], [ 6.68378911018596, 52.446279587242316 ], [ 6.683891915848352, 52.446268395086491 ], [ 6.68403946362888, 52.446253971642115 ], [ 6.684209181491587, 52.44623108089754 ], [ 6.684307310225104, 52.446216416111717 ], [ 6.68435246399951, 52.446209665808908 ], [ 6.684475601377528, 52.44620909059693 ], [ 6.684510960667012, 52.446224999462729 ], [ 6.684527428073593, 52.446225726980359 ], [ 6.684618923400492, 52.446235673000686 ], [ 6.684744999904965, 52.446252547832522 ], [ 6.684842438900988, 52.446261511767212 ], [ 6.685022739389535, 52.446291481793395 ], [ 6.685166917556095, 52.446313631849293 ], [ 6.685269083232433, 52.446330768072563 ], [ 6.685369737090642, 52.446347012941047 ], [ 6.685483938728254, 52.446366749587249 ], [ 6.685628400307529, 52.446398037220135 ], [ 6.685870596606137, 52.446448333603811 ], [ 6.685959429044288, 52.446469264688297 ], [ 6.686482851454414, 52.446574901574436 ], [ 6.686539832046901, 52.446580658486397 ], [ 6.686735156423517, 52.446613202633138 ], [ 6.686831326226057, 52.44662949545102 ], [ 6.687103314045243, 52.44667579525639 ], [ 6.687271593689261, 52.446704069115704 ], [ 6.687370951624642, 52.446726717295626 ], [ 6.687581827850376, 52.446764320664052 ], [ 6.687606924749812, 52.446768854024832 ], [ 6.687665781891659, 52.446787389339889 ], [ 6.687829484244761, 52.446812054358503 ], [ 6.688122332115856, 52.44685629819103 ], [ 6.688499166214943, 52.446909658980282 ], [ 6.688869950027354, 52.446960343573728 ], [ 6.689167756879302, 52.447020062382741 ], [ 6.689322449959877, 52.447045649490974 ], [ 6.689354060865785, 52.447050876709035 ], [ 6.689491287987822, 52.447041126041498 ], [ 6.68962370701177, 52.447020462169036 ], [ 6.68968138755621, 52.447007990309956 ], [ 6.689975681272562, 52.446944379339321 ], [ 6.690035014853524, 52.446929102712723 ], [ 6.690084215498513, 52.446924903385437 ], [ 6.690197643456787, 52.446934729768557 ], [ 6.690205622292988, 52.446935424014974 ], [ 6.690275276845958, 52.4469504146997 ], [ 6.690360774734009, 52.446973895944417 ], [ 6.690400935381835, 52.446992401851844 ], [ 6.690416862980719, 52.446999758974378 ], [ 6.690483759496481, 52.447036468989175 ], [ 6.690522303529729, 52.447061014896107 ], [ 6.691930435346022, 52.447318136210583 ], [ 6.69208232103691, 52.44734750062932 ], [ 6.692249637990127, 52.447427209948493 ], [ 6.692030887162725, 52.447774694641467 ], [ 6.69204802924157, 52.44779028956507 ], [ 6.692068657466841, 52.447806870775281 ], [ 6.692086776531423, 52.447822670656301 ], [ 6.69209934980798, 52.447835484530344 ], [ 6.692113020098281, 52.447849580657049 ], [ 6.692127884870207, 52.447861281688695 ], [ 6.692131771152514, 52.447864861229462 ], [ 6.692141732824419, 52.447873919727371 ], [ 6.692182350841957, 52.447906379056874 ], [ 6.692491115885144, 52.448154115018461 ], [ 6.69262898165965, 52.448263109038223 ], [ 6.692798393060441, 52.448327900671934 ], [ 6.692908243705483, 52.44837088632918 ], [ 6.692975425172527, 52.448397174210619 ], [ 6.693098120994899, 52.44844969868489 ], [ 6.693178409579217, 52.448484434941555 ], [ 6.693495458921927, 52.448635271460674 ], [ 6.693556009722185, 52.448660175992778 ], [ 6.69387216896924, 52.448781790906473 ], [ 6.693874917028668, 52.449023711575997 ], [ 6.693855491774186, 52.449164424186463 ], [ 6.693854180213114, 52.449181777360749 ], [ 6.693861819327721, 52.449196353269649 ], [ 6.693887541834456, 52.449225479787977 ], [ 6.693914762101708, 52.449255506604075 ], [ 6.69395404939379, 52.449294622473346 ], [ 6.694047596727542, 52.449376715853617 ], [ 6.694092875282996, 52.44941644871782 ], [ 6.69415156771803, 52.449462055861808 ], [ 6.694217984773653, 52.449513671932401 ], [ 6.69433730949629, 52.449629187401349 ], [ 6.694387210731776, 52.449681956332931 ], [ 6.694437156429092, 52.449740207704608 ], [ 6.694473468421967, 52.44978116290806 ], [ 6.694481940905128, 52.449807001092516 ], [ 6.694485608854562, 52.449839516769849 ], [ 6.69448683862092, 52.449867187611027 ], [ 6.69448725636803, 52.449943539838422 ], [ 6.694493577290325, 52.450042918246687 ], [ 6.694502627705655, 52.45010971039261 ], [ 6.694523149352517, 52.450160942811017 ], [ 6.694540081450408, 52.4502032173991 ], [ 6.694553265224166, 52.450236140418809 ], [ 6.694575215782308, 52.450290916485287 ], [ 6.69462656034192, 52.450364109112598 ], [ 6.694666437934975, 52.450405222658418 ], [ 6.694677972216826, 52.450433103371793 ], [ 6.694672623948773, 52.450476630502884 ], [ 6.694674272482891, 52.450503532700729 ], [ 6.694654715201378, 52.450551126595023 ], [ 6.694660731199108, 52.450570996578804 ], [ 6.694686377030414, 52.450602460766959 ], [ 6.694752444695908, 52.450696919320791 ], [ 6.694789542100863, 52.450749973193403 ], [ 6.694832353411784, 52.45081117943311 ], [ 6.694871284558887, 52.450842155403159 ], [ 6.694934063716187, 52.450868158211335 ], [ 6.694971403328233, 52.450885606130306 ], [ 6.69504546609755, 52.450911592201727 ], [ 6.695095401136459, 52.450929107789875 ], [ 6.695116600575607, 52.450936558903216 ], [ 6.695146764566807, 52.450947164873192 ], [ 6.695177002904903, 52.450957796980205 ], [ 6.695215373181743, 52.450971287519117 ], [ 6.695311590052121, 52.450996201923132 ], [ 6.695357281873692, 52.451008029620162 ], [ 6.69539571356499, 52.451018121791442 ], [ 6.695501759047144, 52.451044060070814 ], [ 6.695507612734004, 52.451045496506609 ], [ 6.695650543155121, 52.451080456254488 ], [ 6.69580159984445, 52.451129509849153 ], [ 6.695801704057001, 52.451129543932915 ], [ 6.695809929964051, 52.450939671786642 ], [ 6.696458079944113, 52.450876702424885 ] ], [ [ 6.732929110258097, 52.428980257384353 ], [ 6.733858959736019, 52.428672340859549 ], [ 6.733716506970972, 52.428367046436904 ], [ 6.733055767777002, 52.428550488911277 ], [ 6.732722072933989, 52.427924434704565 ], [ 6.732697222570677, 52.427873789693436 ], [ 6.732063301750769, 52.427997865479483 ], [ 6.731825502492128, 52.427541906794552 ], [ 6.731203841809258, 52.427652870151825 ], [ 6.730338087751693, 52.427816263764448 ], [ 6.729705553001531, 52.426880029832695 ], [ 6.729681896799383, 52.426845206691397 ], [ 6.728897882372442, 52.426985368199105 ], [ 6.727960072614163, 52.427154132276669 ], [ 6.727551413229842, 52.426850989952698 ], [ 6.727043211757391, 52.42649092434317 ], [ 6.72699923740657, 52.426358957666196 ], [ 6.726978860325977, 52.426347862608331 ], [ 6.727127962851787, 52.426211590473073 ], [ 6.727545417055167, 52.425831433616743 ], [ 6.727817326738532, 52.425584209382215 ], [ 6.726820336605346, 52.425095835052545 ], [ 6.72684325706805, 52.425072448283736 ], [ 6.726762720277166, 52.425049395744281 ], [ 6.726700181840399, 52.425019101567344 ], [ 6.726390920051175, 52.424512490038936 ], [ 6.726353766274077, 52.424409982330396 ], [ 6.725969428571441, 52.424484905399801 ], [ 6.725807179998448, 52.424516527312477 ], [ 6.725437124681902, 52.424591549680187 ], [ 6.725437340317611, 52.424588615181484 ], [ 6.725263115219054, 52.423966533462114 ], [ 6.725262165944366, 52.423963146517835 ], [ 6.725668013191595, 52.423901872623169 ], [ 6.725588104761691, 52.423541615988817 ], [ 6.725557480006187, 52.423405497992526 ], [ 6.725314329316411, 52.42340222310203 ], [ 6.725050431061732, 52.42338818010343 ], [ 6.724561218343442, 52.423362146493425 ], [ 6.724246110158502, 52.423366576140872 ], [ 6.724245238052741, 52.422722925459148 ], [ 6.724245179485726, 52.422685452884721 ], [ 6.724238366839356, 52.422028629052392 ], [ 6.727831563232031, 52.421953115794231 ], [ 6.727791341692181, 52.420694400900388 ], [ 6.724609817162221, 52.420528210591769 ], [ 6.723099311491393, 52.420452964485591 ], [ 6.723098503366646, 52.420301318862606 ], [ 6.723186310983764, 52.419850990927223 ], [ 6.723364317007217, 52.41985583198904 ], [ 6.723637473083085, 52.418780074429108 ], [ 6.72082759172871, 52.418872408757665 ], [ 6.721143091602871, 52.417615668711122 ], [ 6.721159294425802, 52.417552323676411 ], [ 6.721357321431019, 52.416739820167678 ], [ 6.719162268195841, 52.416525937463661 ], [ 6.719194783806445, 52.415847170144062 ], [ 6.719216716548677, 52.415756773702896 ], [ 6.719447744963301, 52.415771418462661 ], [ 6.719450911743698, 52.415771625526766 ], [ 6.719474182433129, 52.415773098515785 ], [ 6.721562949182917, 52.415904651249051 ], [ 6.721726228608889, 52.415934513932719 ], [ 6.725891835528386, 52.416249996606631 ], [ 6.72606718559167, 52.416340048083789 ], [ 6.726072422534302, 52.416403751006591 ], [ 6.7261274128226, 52.417072581725641 ], [ 6.726230922296395, 52.41759321503222 ], [ 6.727243347478749, 52.41755700865243 ], [ 6.727748971567517, 52.417576534978309 ], [ 6.73005014008598, 52.417641949208353 ], [ 6.730079052212014, 52.417720316218492 ], [ 6.730629710818747, 52.417741854365104 ], [ 6.730705236046363, 52.417791000941541 ], [ 6.730891517051451, 52.417792828954767 ], [ 6.731758695376706, 52.417801336583935 ], [ 6.731757073671331, 52.417873793834303 ], [ 6.732856815123945, 52.417882713365238 ], [ 6.73306892452264, 52.417864898376344 ], [ 6.732954152385868, 52.417207589732826 ], [ 6.732923476426183, 52.416765350250529 ], [ 6.732918159546315, 52.416590426619166 ], [ 6.733048682287604, 52.416486729814302 ], [ 6.736630999562751, 52.416705993571711 ], [ 6.737484161419152, 52.416758002197135 ], [ 6.737489153057933, 52.416758268869742 ], [ 6.737547255766396, 52.416761354586704 ], [ 6.737628935329781, 52.416870856821618 ], [ 6.737657180712698, 52.41693368845354 ], [ 6.737680190112728, 52.41698486767563 ], [ 6.737704202910453, 52.417141228744704 ], [ 6.737728677269843, 52.417303076560678 ], [ 6.737806253636433, 52.417628845624982 ], [ 6.737944104817074, 52.417844257559636 ], [ 6.738073193475432, 52.417833158347563 ], [ 6.738092592380965, 52.417835840371382 ], [ 6.738299313181061, 52.417853526606095 ], [ 6.738629116678292, 52.417896450095483 ], [ 6.738912096141302, 52.417911862779384 ], [ 6.739020643821385, 52.417922308902767 ], [ 6.739071621607212, 52.417682379177464 ], [ 6.739093694061493, 52.417594919140853 ], [ 6.739762441754277, 52.417659730062347 ], [ 6.739754861536995, 52.417744454879831 ], [ 6.740175045380479, 52.417781065483716 ], [ 6.740377884587003, 52.417767449269526 ], [ 6.740474131990021, 52.417755002276529 ], [ 6.740741411693421, 52.417720392376062 ], [ 6.74086726889689, 52.417702684484119 ], [ 6.740897422131095, 52.417692641131943 ], [ 6.740925649915651, 52.417680687237571 ], [ 6.74095163278788, 52.417666952294347 ], [ 6.740975052385371, 52.417651601737546 ], [ 6.741386539304003, 52.417720603431981 ], [ 6.741448786803568, 52.41773134665906 ], [ 6.741384239465873, 52.417863134674377 ], [ 6.741324999513377, 52.418016141523367 ], [ 6.74130099852215, 52.418150912068526 ], [ 6.741298810787018, 52.418171188351977 ], [ 6.740999948085078, 52.418205660775108 ], [ 6.740954818527562, 52.418253348732371 ], [ 6.740874499217872, 52.418295425558128 ], [ 6.740775593659976, 52.418340357407722 ], [ 6.740941408305438, 52.418504220432972 ], [ 6.741050044712724, 52.418585286952222 ], [ 6.741109698594003, 52.418633718560557 ], [ 6.740812841375796, 52.418783508975793 ], [ 6.7400389049466, 52.418713977554582 ], [ 6.740021702990869, 52.418712774538264 ], [ 6.739967705455198, 52.418899743405838 ], [ 6.739967026535113, 52.418976154051471 ], [ 6.739967142765791, 52.419068483368058 ], [ 6.739986964353318, 52.419172057012702 ], [ 6.740010855069245, 52.419249544269199 ], [ 6.74003309006967, 52.419299788086796 ], [ 6.740099103219123, 52.419443264649281 ], [ 6.740197450639468, 52.419654253484651 ], [ 6.740205584757447, 52.41967170625221 ], [ 6.740278513031755, 52.419826384369841 ], [ 6.740293936181198, 52.419955329021747 ], [ 6.740268081988085, 52.420040665310914 ], [ 6.740211381830729, 52.420114884581544 ], [ 6.740190226180041, 52.420186082075062 ], [ 6.74020653356467, 52.42021216038183 ], [ 6.74049173886567, 52.420702895691122 ], [ 6.740540533457585, 52.420692279894979 ], [ 6.7412715920362, 52.420399264406569 ], [ 6.741282002531412, 52.420397922930682 ], [ 6.7412908617651, 52.420401524929602 ], [ 6.741551948200318, 52.42064457472037 ], [ 6.741914160439749, 52.420987157234428 ], [ 6.741950179441812, 52.420977037550401 ], [ 6.742004399080296, 52.420963060286027 ], [ 6.742049586104458, 52.420951784028624 ], [ 6.742119372834751, 52.42093821287903 ], [ 6.742191599613988, 52.420928469869544 ], [ 6.742250334710237, 52.420924166467344 ], [ 6.742323867988719, 52.420922525111777 ], [ 6.742383330910058, 52.420921826722747 ], [ 6.74241249732718, 52.420922230034705 ], [ 6.742461830109943, 52.420924398030415 ], [ 6.742486328630757, 52.42092648167354 ], [ 6.742510656726996, 52.42092924140514 ], [ 6.742534754787008, 52.420932650941786 ], [ 6.742558578996342, 52.420936719773643 ], [ 6.742596044791773, 52.420946969424101 ], [ 6.742614883023943, 52.420971139831749 ], [ 6.742617284577877, 52.420993395025889 ], [ 6.742536820078238, 52.421220998787021 ], [ 6.743759312996631, 52.42140517328302 ], [ 6.743984618374973, 52.421461602338802 ], [ 6.743322211481998, 52.422438714914982 ], [ 6.743150641301945, 52.422634329194047 ], [ 6.743000129145071, 52.422713903250717 ], [ 6.742968184858603, 52.422752020045259 ], [ 6.742905520804993, 52.422940634501131 ], [ 6.74290497088547, 52.422943273548931 ], [ 6.742904315372678, 52.42294400103718 ], [ 6.742883559954281, 52.423006565382941 ], [ 6.742800374199854, 52.423144133968471 ], [ 6.742777886181591, 52.423182584705486 ], [ 6.742748526638814, 52.423218173924269 ], [ 6.742732487984356, 52.423235525666435 ], [ 6.742715572251775, 52.423252563856167 ], [ 6.742679181111774, 52.42328563583736 ], [ 6.742664662888277, 52.423306547620015 ], [ 6.742638745922341, 52.423328767358015 ], [ 6.74262742752684, 52.423338460731969 ], [ 6.742549788194937, 52.423382359563114 ], [ 6.742310197540246, 52.423484388908314 ], [ 6.742114205237094, 52.423567860958272 ], [ 6.741896118351508, 52.423662533480041 ], [ 6.741679164993547, 52.423778423627844 ], [ 6.741496488731876, 52.423912276075242 ], [ 6.74142494998936, 52.423974468032668 ], [ 6.740978537697229, 52.42436258880096 ], [ 6.740955185213315, 52.424383470105653 ], [ 6.740723177174344, 52.424551529368891 ], [ 6.740492752868381, 52.424801743526295 ], [ 6.740367161431754, 52.424800913373993 ], [ 6.740008215056381, 52.424575445898981 ], [ 6.739976123376056, 52.424559554833223 ], [ 6.739939091481764, 52.424548379856105 ], [ 6.739889312594467, 52.424540786781833 ], [ 6.739838046121624, 52.424539556602774 ], [ 6.739169648343713, 52.424570580136411 ], [ 6.738994089678609, 52.424578782533565 ], [ 6.738719086844189, 52.424591979183923 ], [ 6.738442523487325, 52.424605597483598 ], [ 6.738401770329749, 52.424606215231734 ], [ 6.738203212763211, 52.424598332238112 ], [ 6.738117852910051, 52.424595189137484 ], [ 6.737850489207539, 52.424589582449904 ], [ 6.737439107497058, 52.424599971848778 ], [ 6.737418615263668, 52.424601068369505 ], [ 6.737357252239426, 52.424601336458103 ], [ 6.736635030257952, 52.424607113533952 ], [ 6.736431598612564, 52.424612001917573 ], [ 6.736313976772392, 52.424612128344521 ], [ 6.73613284756602, 52.424600537818414 ], [ 6.735931819983064, 52.424577200855232 ], [ 6.735484010332168, 52.424529599628045 ], [ 6.735163503343932, 52.424494606023025 ], [ 6.735098064124084, 52.424486065605691 ], [ 6.734978884340554, 52.424465435884848 ], [ 6.734615359650695, 52.424386580786177 ], [ 6.734192206617028, 52.424294398583754 ], [ 6.733951487294717, 52.424243168772335 ], [ 6.733848576942623, 52.424218406944775 ], [ 6.733798332919952, 52.424208283635288 ], [ 6.733734072203098, 52.424273888247384 ], [ 6.733631619339829, 52.424404098101533 ], [ 6.733563276040209, 52.424490956622009 ], [ 6.733442603604209, 52.424821215034903 ], [ 6.733057713421246, 52.424766050946097 ], [ 6.733001350426087, 52.424888462034581 ], [ 6.732880170448343, 52.425155576498668 ], [ 6.733319407929023, 52.425186143849174 ], [ 6.733176683696319, 52.425360265215168 ], [ 6.732757221036572, 52.425879643913511 ], [ 6.733022752602833, 52.42596471479748 ], [ 6.733410477571915, 52.425962924148578 ], [ 6.7341534194636, 52.426280707932342 ], [ 6.734228083947135, 52.426559924101639 ], [ 6.7342944424095, 52.426651715520038 ], [ 6.734795241554402, 52.426847290277884 ], [ 6.73432650916377, 52.427089812343027 ], [ 6.733456319298183, 52.427286866009098 ], [ 6.733864388372084, 52.428172731606537 ], [ 6.734503451962768, 52.428082760334512 ], [ 6.734721634830284, 52.428553147903862 ], [ 6.73474181323868, 52.428640880276212 ], [ 6.734491971398671, 52.428656728876405 ], [ 6.7345498854543, 52.428875300792235 ], [ 6.734244395923788, 52.428907637650525 ], [ 6.733985815637714, 52.428978693329796 ], [ 6.733185358830165, 52.429277690774875 ], [ 6.732992860373662, 52.429058679004847 ], [ 6.732929110258097, 52.428980257384353 ] ] ] ] } },
{ "type": "Feature", "properties": { "buurtcode": "BU01830350", "buurtnaam": "Geesteren industrie Lutkeberg", "pc6_codes": "7678AJ, 7678AZ, 7678CA, 7678CB, 7678CN, 7678RL, 7678VA, 7678WB, 7678WC", "wijkcode": "WK018303", "gemeentecode": "GM0183", "gemeentenaam": "Tubbergen", "oppervlakteLandInHa": 25, "AantalInwoners_5": 50, "Mannen_6": 25, "Vrouwen_7": 20, "HuishoudensTotaal_29": 15, "GemiddeldeHuishoudensgrootte_33": 2.8, "Woningvoorraad_35": 19, "NieuwbouwWoningen_36": 0, "NietWoningvoorraad_37": 62, "NieuwbouwNietWoningen_38": 0, "GemiddeldeWOZWaardeVanWoningen_39": null, "PercentageEengezinswoning_40": null, "PercentageTussenwoningEengezins_41": null, "PercentageHoekwoningEengezins_42": null, "PercentageTweeOnderEenKapWoningEe_43": null, "PercentageVrijstaandeWoningEengezins_44": null, "PercentageMeergezinswoning_45": null, "Koopwoningen_47": null, "HuurwoningenTotaal_48": null, "InBezitWoningcorporatie_49": null, "InBezitOverigeVerhuurders_50": null, "BouwjaarMeerDanTienJaarGeleden_51": null, "BouwjaarAfgelopenTienJaar_52": null, "GemiddeldeElektriciteitslevering_53": 5270, "GemiddeldeElektriciteitsteruglevering_54": 2320, "GemiddeldAardgasverbruik_55": 1410, "AardgasvrijeWoningen_57": null, "Aardgaswoningen_58": null, "WoningenMetZonnestroom_59": null, "WoningenHoofdzElektrVerwarmd_60": null, "k_20PersonenMetHoogsteInkomen_80": null, "k_20HuishoudensMetHoogsteInkomen_85": null, "MediaanVermogenVanParticuliereHuish_86": null, "PersonenautoSTotaal_104": 65, "PersonenautoSBrandstofBenzine_105": 35, "PersonenautoSOverigeBrandstof_106": 30, "PersonenautoSPerHuishouden_107": null, "Omgevingsadressendichtheid_121": 299, "AantalInstallatiesBijWoningen_5": null, "OpgesteldVermogenVanZonnepanelen_6": null, "installaties_per_woning": null, "vermogen_per_woning": null, "installaties_per_100_woningen": null, "vermogen_per_huishouden": null, "batterijdruk_score": null, "koop_zon_score": null, "eengezins_zon_score": null, "betaalkracht_zon_score": null, "overige_brandstof_zon_score": null, "lichte_batterij_kansscore": null }, "geometry": { "type": "MultiPolygon", "coordinates": [ [ [ [ 6.729055153841164, 52.420570994109859 ], [ 6.729137537685246, 52.420033443889849 ], [ 6.72915776547601, 52.41988061596885 ], [ 6.729163697977256, 52.419835767758563 ], [ 6.729185838225246, 52.419668437589579 ], [ 6.729372655496728, 52.419665196924676 ], [ 6.730384912283261, 52.419647626217113 ], [ 6.73082876894683, 52.419636074554909 ], [ 6.731026245940188, 52.419630939592771 ], [ 6.731510229165696, 52.419616691891569 ], [ 6.731497215029923, 52.419551708509196 ], [ 6.731470086319137, 52.419400990654339 ], [ 6.731465193177864, 52.419364759376464 ], [ 6.731462821084325, 52.419347159734244 ], [ 6.731457603904168, 52.41930848724531 ], [ 6.73142837355501, 52.419091934043422 ], [ 6.731424993135709, 52.419066786464832 ], [ 6.731388543806341, 52.418967858603963 ], [ 6.731330744902662, 52.418866395583308 ], [ 6.731275515787298, 52.418790200776449 ], [ 6.731408707798533, 52.418676661002465 ], [ 6.730891517051451, 52.417792828954767 ], [ 6.730705236046363, 52.417791000941541 ], [ 6.730629710818747, 52.417741854365104 ], [ 6.730079052212014, 52.417720316218492 ], [ 6.73005014008598, 52.417641949208353 ], [ 6.727748971567517, 52.417576534978309 ], [ 6.727243347478749, 52.41755700865243 ], [ 6.726230922296395, 52.41759321503222 ], [ 6.7261274128226, 52.417072581725641 ], [ 6.726072422534302, 52.416403751006591 ], [ 6.72606718559167, 52.416340048083789 ], [ 6.725891835528386, 52.416249996606631 ], [ 6.721726228608889, 52.415934513932719 ], [ 6.721562949182917, 52.415904651249051 ], [ 6.719474182433129, 52.415773098515785 ], [ 6.719450911743698, 52.415771625526766 ], [ 6.719447744963301, 52.415771418462661 ], [ 6.719216716548677, 52.415756773702896 ], [ 6.719194783806445, 52.415847170144062 ], [ 6.719162268195841, 52.416525937463661 ], [ 6.721357321431019, 52.416739820167678 ], [ 6.721159294425802, 52.417552323676411 ], [ 6.721143091602871, 52.417615668711122 ], [ 6.72082759172871, 52.418872408757665 ], [ 6.723637473083085, 52.418780074429108 ], [ 6.723364317007217, 52.41985583198904 ], [ 6.723186310983764, 52.419850990927223 ], [ 6.723098503366646, 52.420301318862606 ], [ 6.723099311491393, 52.420452964485591 ], [ 6.724609817162221, 52.420528210591769 ], [ 6.727791341692181, 52.420694400900388 ], [ 6.728481183509078, 52.420728845286945 ], [ 6.729038672533675, 52.420761108105033 ], [ 6.729055153841164, 52.420570994109859 ] ] ] ] } },
{ "type": "Feature", "properties": { "buurtcode": "BU01830400", "buurtnaam": "Langeveen kern", "pc6_codes": "7679TH, 7679TJ, 7679TK, 7679TL, 7679TM, 7679TN, 7679TP, 7679TR, 7679TS, 7679TT, 7679TV, 7679TX, 7679TZ, 7679VG, 7679VH, 7679VJ, 7679VK, 7679VL, 7679VM, 7679VS, 7679VW, 7679VX, 7679WB, 7679WC, 7679WD, 7679WE, 7679WG", "wijkcode": "WK018304", "gemeentecode": "GM0183", "gemeentenaam": "Tubbergen", "oppervlakteLandInHa": 49, "AantalInwoners_5": 665, "Mannen_6": 345, "Vrouwen_7": 325, "HuishoudensTotaal_29": 270, "GemiddeldeHuishoudensgrootte_33": 2.5, "Woningvoorraad_35": 267, "NieuwbouwWoningen_36": 11, "NietWoningvoorraad_37": 15, "NieuwbouwNietWoningen_38": 0, "GemiddeldeWOZWaardeVanWoningen_39": 382, "PercentageEengezinswoning_40": 97, "PercentageTussenwoningEengezins_41": 12, "PercentageHoekwoningEengezins_42": 11, "PercentageTweeOnderEenKapWoningEe_43": 24, "PercentageVrijstaandeWoningEengezins_44": 50, "PercentageMeergezinswoning_45": 3, "Koopwoningen_47": 79, "HuurwoningenTotaal_48": 21, "InBezitWoningcorporatie_49": 13, "InBezitOverigeVerhuurders_50": 8, "BouwjaarMeerDanTienJaarGeleden_51": 96, "BouwjaarAfgelopenTienJaar_52": 4, "GemiddeldeElektriciteitslevering_53": 3220, "GemiddeldeElektriciteitsteruglevering_54": 1510, "GemiddeldAardgasverbruik_55": 1140, "AardgasvrijeWoningen_57": 3, "Aardgaswoningen_58": 78, "WoningenMetZonnestroom_59": 51, "WoningenHoofdzElektrVerwarmd_60": 20, "k_20PersonenMetHoogsteInkomen_80": 13.3, "k_20HuishoudensMetHoogsteInkomen_85": 22.2, "MediaanVermogenVanParticuliereHuish_86": 276.9, "PersonenautoSTotaal_104": 395, "PersonenautoSBrandstofBenzine_105": 310, "PersonenautoSOverigeBrandstof_106": 85, "PersonenautoSPerHuishouden_107": 1.5, "Omgevingsadressendichtheid_121": 106, "AantalInstallatiesBijWoningen_5": 92, "OpgesteldVermogenVanZonnepanelen_6": 450, "installaties_per_woning": 0.34456928838951312, "vermogen_per_woning": 1.6853932584269662, "installaties_per_100_woningen": 34.456928838951313, "vermogen_per_huishouden": 1.6666666666666667, "batterijdruk_score": 770.1, "koop_zon_score": 0.4029, "eengezins_zon_score": 0.4947, "betaalkracht_zon_score": 141.219, "overige_brandstof_zon_score": 43.35, "lichte_batterij_kansscore": 0.499078423022843 }, "geometry": { "type": "MultiPolygon", "coordinates": [ [ [ [ 6.713009972203031, 52.471129649618391 ], [ 6.713047671612176, 52.471098166585158 ], [ 6.713494688772256, 52.471101542572534 ], [ 6.71369554049002, 52.470926006861951 ], [ 6.713721852147422, 52.470894005685039 ], [ 6.713741165267541, 52.470860195258396 ], [ 6.714035788655734, 52.470815658519356 ], [ 6.714483969062765, 52.470906539033933 ], [ 6.714671382742112, 52.470944454895729 ], [ 6.715117207129907, 52.471035799854469 ], [ 6.714998766649826, 52.470467907006054 ], [ 6.715011603372656, 52.470393015350602 ], [ 6.715005461230103, 52.470320835095649 ], [ 6.714965361413829, 52.469849220522242 ], [ 6.714964606251561, 52.469840249531586 ], [ 6.714961490709896, 52.469804636284799 ], [ 6.715010821465173, 52.469805953241703 ], [ 6.715014461201682, 52.469745094889511 ], [ 6.715025173889353, 52.469565935949994 ], [ 6.715010491650692, 52.469565660001997 ], [ 6.715010056090448, 52.469561449303427 ], [ 6.714988031188796, 52.469348571153006 ], [ 6.714983686153141, 52.469307794335585 ], [ 6.714981023149003, 52.469282836305574 ], [ 6.714977932421011, 52.469253928153442 ], [ 6.71496748587674, 52.469156035232189 ], [ 6.714893626820267, 52.469154912136652 ], [ 6.714874312655855, 52.468973948503873 ], [ 6.714861784931516, 52.468857715498835 ], [ 6.714861152878349, 52.46885186211572 ], [ 6.714987292864328, 52.468735504867148 ], [ 6.715085551885642, 52.468718449555588 ], [ 6.71540557033889, 52.468662901534813 ], [ 6.715905061193038, 52.468577144025467 ], [ 6.716015346052737, 52.46855820037198 ], [ 6.716566916318934, 52.468463487904508 ], [ 6.716961463036867, 52.468396241654311 ], [ 6.717125903398366, 52.468391178715599 ], [ 6.717097512552409, 52.468211524344184 ], [ 6.717065926687778, 52.468011613495825 ], [ 6.717062530873622, 52.46796233199678 ], [ 6.717056116170937, 52.467906630666569 ], [ 6.717052867372212, 52.467878380480336 ], [ 6.717039478941669, 52.467706806441328 ], [ 6.717021580502132, 52.467531588747519 ], [ 6.717018288274991, 52.467502871646495 ], [ 6.717466780132511, 52.46748552442137 ], [ 6.717424137584583, 52.467094034809044 ], [ 6.716963248434737, 52.466986797305637 ], [ 6.716939359134573, 52.466897641071519 ], [ 6.716933735292174, 52.466854521868825 ], [ 6.716939502620916, 52.46682804011305 ], [ 6.716942697392628, 52.466823234099252 ], [ 6.716949837338452, 52.466812490994819 ], [ 6.716974937156561, 52.466774071392017 ], [ 6.717327005471967, 52.466036573303661 ], [ 6.717524433665679, 52.465639413840108 ], [ 6.717787530488984, 52.465110294315224 ], [ 6.718384911858085, 52.465271472218816 ], [ 6.718465396665776, 52.465113099453895 ], [ 6.718559274525428, 52.464926433321502 ], [ 6.718581851278579, 52.464881525057699 ], [ 6.718678118494891, 52.464682850362095 ], [ 6.718049269696245, 52.464584631920218 ], [ 6.718049044809166, 52.464584347713924 ], [ 6.718081650022689, 52.464518771234069 ], [ 6.718256427079251, 52.464163270001222 ], [ 6.718531954594685, 52.463602812668064 ], [ 6.718652264624922, 52.463567817279852 ], [ 6.718702470791426, 52.463571064319865 ], [ 6.719181368308037, 52.463602023176819 ], [ 6.719385870670219, 52.463611926381688 ], [ 6.719945297600154, 52.463639230929928 ], [ 6.72005548078893, 52.463644616288477 ], [ 6.720392441121001, 52.463662829898297 ], [ 6.720437376313644, 52.463665982696817 ], [ 6.720540363778159, 52.463669525025608 ], [ 6.720949839335392, 52.463683622420319 ], [ 6.721321911964216, 52.463696431656061 ], [ 6.72206579047109, 52.463722939490808 ], [ 6.722707946956453, 52.463747829551693 ], [ 6.723294666302767, 52.463768757029122 ], [ 6.723730074763319, 52.463779478409428 ], [ 6.723852800168109, 52.463783604227864 ], [ 6.723970734104986, 52.46378617592908 ], [ 6.724047300036501, 52.46378784611796 ], [ 6.724150275505119, 52.46378123747256 ], [ 6.724248515396091, 52.463766457718322 ], [ 6.724345021010425, 52.46374348199204 ], [ 6.72449459499884, 52.463695269986665 ], [ 6.724746372036959, 52.463613968329028 ], [ 6.724878163513848, 52.463573096066312 ], [ 6.724895330203487, 52.463346012717786 ], [ 6.72494083316462, 52.462592166598675 ], [ 6.724964390155749, 52.462207935752424 ], [ 6.724255321415985, 52.462212913185951 ], [ 6.724095391751412, 52.461885874335479 ], [ 6.724044502623044, 52.461888219133989 ], [ 6.723896052244863, 52.461895044040809 ], [ 6.723841502517184, 52.461896388277545 ], [ 6.723625148372831, 52.46190009208938 ], [ 6.723616586876243, 52.461900238972866 ], [ 6.723604699892077, 52.461900442232675 ], [ 6.723596397849075, 52.461900847753313 ], [ 6.723529922847274, 52.461904098850759 ], [ 6.723490495530288, 52.461872259556372 ], [ 6.723289836321186, 52.461710219105846 ], [ 6.723045941284386, 52.461510321788701 ], [ 6.722948114368477, 52.461430140863229 ], [ 6.722778692765479, 52.461530591830801 ], [ 6.721700942654567, 52.460579868833008 ], [ 6.721840120240406, 52.460454592285501 ], [ 6.722008387499087, 52.460503636545731 ], [ 6.722186501006626, 52.460286958608521 ], [ 6.722096193410547, 52.460255229117969 ], [ 6.722435320995809, 52.45984753413957 ], [ 6.721199040298156, 52.459532380514666 ], [ 6.721162884933447, 52.459516734105193 ], [ 6.721030956904078, 52.459459326660401 ], [ 6.720887920857235, 52.459397082450764 ], [ 6.720626154664166, 52.459519368069792 ], [ 6.720538745426418, 52.459486069565337 ], [ 6.72043639107592, 52.459447078658492 ], [ 6.720136235945398, 52.459332733242206 ], [ 6.720045076258553, 52.459298005151339 ], [ 6.719995382322337, 52.459325898890953 ], [ 6.719882119036304, 52.459389474455286 ], [ 6.719874537889612, 52.459396110506525 ], [ 6.719676721020392, 52.459569088852881 ], [ 6.719388434562466, 52.459820173487294 ], [ 6.71918326323089, 52.459998896373101 ], [ 6.718844802017437, 52.460291957909767 ], [ 6.718818787457868, 52.46031448769061 ], [ 6.718170385128332, 52.460878166632398 ], [ 6.717881309158613, 52.46112915289617 ], [ 6.71785809155594, 52.461149305060012 ], [ 6.71783167221391, 52.461172108811049 ], [ 6.717391677876768, 52.461551957000601 ], [ 6.717217892708024, 52.461703259747033 ], [ 6.717110758700939, 52.461796530837923 ], [ 6.71698597399112, 52.461905738675497 ], [ 6.716756018138923, 52.46210700862698 ], [ 6.716499241380562, 52.462327140117111 ], [ 6.716484264273743, 52.462339981834361 ], [ 6.716307794190183, 52.462516723650488 ], [ 6.71593083024674, 52.462892623346889 ], [ 6.71576365450787, 52.463060001982946 ], [ 6.715740725664214, 52.463082972845328 ], [ 6.715740511479301, 52.463083190969257 ], [ 6.715476370742145, 52.463347562930743 ], [ 6.715090169098489, 52.463733864075536 ], [ 6.714989261184452, 52.46383434401784 ], [ 6.71498746072827, 52.463836134914551 ], [ 6.714942093368011, 52.463881306802392 ], [ 6.714761251656985, 52.464063326415641 ], [ 6.714562921697024, 52.464263356712301 ], [ 6.714507982749729, 52.464319143122232 ], [ 6.714361659974321, 52.464467751917581 ], [ 6.714273788392203, 52.464556984489121 ], [ 6.714045111386985, 52.464747789966282 ], [ 6.71391054382653, 52.464839989894799 ], [ 6.713874886310835, 52.464864532026482 ], [ 6.713368372567507, 52.465215806704315 ], [ 6.71311252258953, 52.465388991398243 ], [ 6.712749577843236, 52.465578411044845 ], [ 6.71239844685337, 52.465756021464919 ], [ 6.712099712265229, 52.465876903277405 ], [ 6.711759426763133, 52.46602075576503 ], [ 6.711705006060916, 52.466043924954256 ], [ 6.711661020022081, 52.466062195657067 ], [ 6.711650529953027, 52.466067211586825 ], [ 6.711318621198352, 52.466203391912998 ], [ 6.711189028026243, 52.466263199852513 ], [ 6.710991364156278, 52.466354422164223 ], [ 6.710828505312425, 52.466429472632846 ], [ 6.710809028738133, 52.466449084504596 ], [ 6.710620665516705, 52.466646237118994 ], [ 6.710465593939192, 52.466814973787727 ], [ 6.710437600367599, 52.466847375057263 ], [ 6.710313962276474, 52.466990503047867 ], [ 6.710121425903268, 52.467215565551015 ], [ 6.709903602707904, 52.467471111068143 ], [ 6.709762408610891, 52.467636358056197 ], [ 6.709591332290166, 52.468005039135868 ], [ 6.709615603637291, 52.468010028356971 ], [ 6.709669062778874, 52.468021016156484 ], [ 6.709626084697395, 52.46810160961568 ], [ 6.709585976813525, 52.46817680493789 ], [ 6.70947371823043, 52.468387304530573 ], [ 6.709421841168168, 52.468484580842656 ], [ 6.709405616700945, 52.468515002524327 ], [ 6.709380712589507, 52.46856169301833 ], [ 6.70930697518353, 52.468699925341326 ], [ 6.709221060986478, 52.468831455934271 ], [ 6.709331073499679, 52.468994324282264 ], [ 6.709613399360599, 52.469035101926735 ], [ 6.709602833327619, 52.469057141703395 ], [ 6.709580793745189, 52.469100208495149 ], [ 6.709531220419219, 52.469194564857389 ], [ 6.709478769771773, 52.469178467498203 ], [ 6.709041237524597, 52.469407941867672 ], [ 6.709049753960684, 52.469417608322054 ], [ 6.709105941504251, 52.469481392757856 ], [ 6.709265927573705, 52.469663008232494 ], [ 6.709282351425158, 52.469681655793138 ], [ 6.709356304009142, 52.469765600742868 ], [ 6.709403823743521, 52.469820538242608 ], [ 6.709613875897585, 52.470063390183149 ], [ 6.709647461093729, 52.470101701659523 ], [ 6.709737765201399, 52.470204743662364 ], [ 6.71014994327758, 52.470236810669505 ], [ 6.710995508258775, 52.470302591988364 ], [ 6.711105736073455, 52.470311166288255 ], [ 6.711399918394759, 52.47036494749797 ], [ 6.711117495973129, 52.470567196242655 ], [ 6.711095206705739, 52.470579689251288 ], [ 6.711208105662253, 52.470647394581512 ], [ 6.711765402437296, 52.470758799495904 ], [ 6.712147272520209, 52.470834869952483 ], [ 6.712355039405123, 52.470875628790836 ], [ 6.712590893234166, 52.470924360529487 ], [ 6.712594106281036, 52.471002065556512 ], [ 6.712610037203712, 52.471048878937673 ], [ 6.712641240356259, 52.471076358194132 ], [ 6.7127349225257, 52.471096424366444 ], [ 6.712946886674684, 52.471135733043376 ], [ 6.713009972203031, 52.471129649618391 ] ] ] ] } },
{ "type": "Feature", "properties": { "buurtcode": "BU01830409", "buurtnaam": "Verspreide huizen Langeveen", "pc6_codes": "7679TA, 7679TB, 7679TC, 7679TD, 7679TE, 7679TG, 7679TH, 7679TK, 7679TL, 7679TM, 7679TS, 7679TW, 7679VA, 7679VB, 7679VC, 7679VD, 7679VE, 7679VG, 7679VH, 7679VJ, 7679VK, 7679VN, 7679VP, 7679VR, 7679VS, 7679VT, 7679VV, 7679VZ, 7679WH", "wijkcode": "WK018304", "gemeentecode": "GM0183", "gemeentenaam": "Tubbergen", "oppervlakteLandInHa": 937, "AantalInwoners_5": 630, "Mannen_6": 335, "Vrouwen_7": 295, "HuishoudensTotaal_29": 230, "GemiddeldeHuishoudensgrootte_33": 2.7, "Woningvoorraad_35": 231, "NieuwbouwWoningen_36": 0, "NietWoningvoorraad_37": 13, "NieuwbouwNietWoningen_38": 0, "GemiddeldeWOZWaardeVanWoningen_39": 478, "PercentageEengezinswoning_40": 61, "PercentageTussenwoningEengezins_41": 0, "PercentageHoekwoningEengezins_42": 1, "PercentageTweeOnderEenKapWoningEe_43": 13, "PercentageVrijstaandeWoningEengezins_44": 47, "PercentageMeergezinswoning_45": 39, "Koopwoningen_47": 77, "HuurwoningenTotaal_48": 23, "InBezitWoningcorporatie_49": 0, "InBezitOverigeVerhuurders_50": 23, "BouwjaarMeerDanTienJaarGeleden_51": 92, "BouwjaarAfgelopenTienJaar_52": 8, "GemiddeldeElektriciteitslevering_53": 4140, "GemiddeldeElektriciteitsteruglevering_54": 2370, "GemiddeldAardgasverbruik_55": 1310, "AardgasvrijeWoningen_57": 7, "Aardgaswoningen_58": 72, "WoningenMetZonnestroom_59": 43, "WoningenHoofdzElektrVerwarmd_60": 13, "k_20PersonenMetHoogsteInkomen_80": 17.9, "k_20HuishoudensMetHoogsteInkomen_85": 38.4, "MediaanVermogenVanParticuliereHuish_86": 466.9, "PersonenautoSTotaal_104": 400, "PersonenautoSBrandstofBenzine_105": 290, "PersonenautoSOverigeBrandstof_106": 110, "PersonenautoSPerHuishouden_107": 1.8, "Omgevingsadressendichtheid_121": 49, "AantalInstallatiesBijWoningen_5": 26, "OpgesteldVermogenVanZonnepanelen_6": 210, "installaties_per_woning": 0.11255411255411256, "vermogen_per_woning": 0.90909090909090906, "installaties_per_100_woningen": 11.255411255411255, "vermogen_per_huishouden": 0.91304347826086951, "batterijdruk_score": 1019.1, "koop_zon_score": 0.3311, "eengezins_zon_score": 0.2623, "betaalkracht_zon_score": 200.767, "overige_brandstof_zon_score": 47.3, "lichte_batterij_kansscore": 0.43233915944370294 }, "geometry": { "type": "MultiPolygon", "coordinates": [ [ [ [ 6.720459295039262, 52.477179362113802 ], [ 6.721458016635863, 52.477130562047222 ], [ 6.72206061441518, 52.477101108837445 ], [ 6.723771405198971, 52.477017482881145 ], [ 6.726932881107753, 52.475602066952838 ], [ 6.729910973153335, 52.474268630420987 ], [ 6.731342896066063, 52.473627442724414 ], [ 6.731709599993358, 52.473463307132178 ], [ 6.733418660821878, 52.472698297719354 ], [ 6.734942072975927, 52.472016351272522 ], [ 6.735091752650852, 52.471949339012291 ], [ 6.735113199763744, 52.471939738119779 ], [ 6.735902999916886, 52.471586019004135 ], [ 6.738179586523645, 52.470566353387426 ], [ 6.738180428639899, 52.470565975261323 ], [ 6.738797818198825, 52.470289434983059 ], [ 6.740550441831302, 52.469504372410086 ], [ 6.742946465862588, 52.468431709211018 ], [ 6.744837240535658, 52.467585173965048 ], [ 6.744968860688159, 52.467527236429795 ], [ 6.747196266210391, 52.466547443294886 ], [ 6.747684841244216, 52.46633252067231 ], [ 6.748103873150537, 52.466148182449338 ], [ 6.748983875367233, 52.465761051558871 ], [ 6.749061630842475, 52.465726846708002 ], [ 6.749386909851426, 52.465583741744737 ], [ 6.750953916273438, 52.464894288145693 ], [ 6.752734435075189, 52.464110841345693 ], [ 6.752776608652673, 52.46410214889076 ], [ 6.752878327958674, 52.464081175079563 ], [ 6.756615082210877, 52.463310507321097 ], [ 6.756142365945461, 52.462750950029822 ], [ 6.755776811936278, 52.462319426670128 ], [ 6.755690773669719, 52.462217843252169 ], [ 6.755655353480589, 52.462176024200637 ], [ 6.75555526436522, 52.462057866311206 ], [ 6.755374363193571, 52.461844311375572 ], [ 6.755233617325278, 52.461678147507612 ], [ 6.754894335442599, 52.461277607222932 ], [ 6.754845903704136, 52.461220414925712 ], [ 6.754133226046529, 52.46037903368606 ], [ 6.754044678939663, 52.460304102028886 ], [ 6.753999212242808, 52.460213752494155 ], [ 6.753873900495621, 52.460065754594275 ], [ 6.753753430307747, 52.459923453386061 ], [ 6.753249597751257, 52.459328361781395 ], [ 6.752823755533168, 52.458825355583564 ], [ 6.752107096747184, 52.457978803879776 ], [ 6.75169546731313, 52.457492555373321 ], [ 6.750982380112453, 52.456650189444893 ], [ 6.750357394957258, 52.455911845699305 ], [ 6.750254189619361, 52.455835345101939 ], [ 6.75025016995741, 52.45582379614531 ], [ 6.750201238023942, 52.455683149299169 ], [ 6.750180703548082, 52.455570669415977 ], [ 6.750200744668003, 52.455457093616069 ], [ 6.750254742057526, 52.45534726193614 ], [ 6.750345250976121, 52.455247706555532 ], [ 6.7506025044802, 52.455020662968884 ], [ 6.750685013913973, 52.454924165565416 ], [ 6.750734591249683, 52.454818968647736 ], [ 6.750744922329671, 52.454724560132625 ], [ 6.7507146126831, 52.454724549368336 ], [ 6.75059361464005, 52.454645449384195 ], [ 6.750448417552118, 52.454544992304839 ], [ 6.750318975374915, 52.454339403786847 ], [ 6.750277257949852, 52.454263795815059 ], [ 6.750236753709403, 52.454230887347897 ], [ 6.750208914578686, 52.454212205836107 ], [ 6.749968668358729, 52.454036142385391 ], [ 6.749785111832227, 52.453864334312925 ], [ 6.749384193901095, 52.453553230946888 ], [ 6.749269123051864, 52.453458115852122 ], [ 6.749226383013008, 52.453422787867602 ], [ 6.749145595902086, 52.45337169986378 ], [ 6.749044439174331, 52.453300307137781 ], [ 6.74897410205807, 52.453249332616871 ], [ 6.74887734114385, 52.453181637446647 ], [ 6.748752811966876, 52.453090819205251 ], [ 6.748707427466044, 52.453056546115718 ], [ 6.748619537915332, 52.452991679062627 ], [ 6.748547492751635, 52.45293441397304 ], [ 6.748453730320114, 52.452859888688266 ], [ 6.748386377578308, 52.452802102191342 ], [ 6.748337260909838, 52.452756015971502 ], [ 6.748300242200457, 52.452714365922652 ], [ 6.748234026242124, 52.452643784599275 ], [ 6.748187589341957, 52.452585802683757 ], [ 6.748122398826787, 52.452497852677851 ], [ 6.748102191090044, 52.452469878779148 ], [ 6.747974714785097, 52.452510290102083 ], [ 6.747914555408477, 52.452442389536884 ], [ 6.747979961320222, 52.45230592066337 ], [ 6.747964069402297, 52.452284800364751 ], [ 6.747915713949943, 52.452211299216152 ], [ 6.747890877138433, 52.452177751624106 ], [ 6.747783625500042, 52.452028119796203 ], [ 6.747709031764588, 52.451924745367265 ], [ 6.747688555515061, 52.451886590481934 ], [ 6.746802127589258, 52.450631351455968 ], [ 6.746820360813773, 52.450617641465726 ], [ 6.746187380527829, 52.449810794298664 ], [ 6.745282085533498, 52.448728870497391 ], [ 6.745200166985713, 52.448575332594672 ], [ 6.745164816340252, 52.448485259237565 ], [ 6.745058369774789, 52.448031075400984 ], [ 6.745013321691101, 52.447741522836523 ], [ 6.74500894434128, 52.44769476972791 ], [ 6.744993487988496, 52.447609142354118 ], [ 6.744989613465879, 52.447586436787233 ], [ 6.744973118748387, 52.447476084874594 ], [ 6.744964619789976, 52.447433558661828 ], [ 6.744930663412093, 52.447315056502333 ], [ 6.744918915770736, 52.447246725489094 ], [ 6.744900984904494, 52.447173926121813 ], [ 6.74486935971011, 52.447094937773478 ], [ 6.744853116331791, 52.447063214622702 ], [ 6.744840875931637, 52.447019562762804 ], [ 6.744813352452446, 52.446931377073405 ], [ 6.74475895853451, 52.446770521383471 ], [ 6.744734576647086, 52.446685949020299 ], [ 6.744707691573643, 52.446613279182039 ], [ 6.744695746865812, 52.446580212407021 ], [ 6.744682420048284, 52.446543332351986 ], [ 6.744659268250218, 52.446452337054659 ], [ 6.744619959271465, 52.446331451240589 ], [ 6.744585531547122, 52.446220540689957 ], [ 6.744553609929326, 52.446134247971131 ], [ 6.744522609315255, 52.446070775563022 ], [ 6.744451881289729, 52.445949458641579 ], [ 6.744411770309909, 52.445882468191492 ], [ 6.744315383418721, 52.445791682541611 ], [ 6.744242736260314, 52.445733406078297 ], [ 6.744157810276345, 52.445667108618011 ], [ 6.744070338607153, 52.44561180626178 ], [ 6.743990520326256, 52.445560946416499 ], [ 6.74379529296014, 52.445466177749097 ], [ 6.743765523444488, 52.445455750353787 ], [ 6.743660319014311, 52.445418897458921 ], [ 6.743518159134907, 52.445379042911789 ], [ 6.74341842513471, 52.445353156107331 ], [ 6.743309736759732, 52.445327398679403 ], [ 6.743128703343996, 52.445287215604303 ], [ 6.742907055293548, 52.445241258967947 ], [ 6.742679409972495, 52.445194471681617 ], [ 6.742588993059614, 52.445176899841854 ], [ 6.74243528447124, 52.44514702755523 ], [ 6.7423214717354, 52.445123943507369 ], [ 6.742112689220969, 52.445081586457988 ], [ 6.742010085233614, 52.445058481790191 ], [ 6.741877264641714, 52.445027614886484 ], [ 6.741748334353789, 52.444998887569689 ], [ 6.741672057266436, 52.444981405051621 ], [ 6.741508765867806, 52.444936378604488 ], [ 6.741200263344071, 52.44484971382429 ], [ 6.741080413818398, 52.44480861266576 ], [ 6.740740994185167, 52.444697473687562 ], [ 6.740301074635417, 52.444539078373033 ], [ 6.739683728127471, 52.444311859473139 ], [ 6.739265444501649, 52.444193571853802 ], [ 6.739138301908826, 52.444157261972173 ], [ 6.738816679635162, 52.444066453236978 ], [ 6.738785623252174, 52.444057648231897 ], [ 6.738751524996263, 52.444047979067726 ], [ 6.738378851659002, 52.443946722612345 ], [ 6.737972746925932, 52.443836372261039 ], [ 6.737957807137883, 52.44384714006668 ], [ 6.737499963695992, 52.443719688569985 ], [ 6.73751051247188, 52.443708188867561 ], [ 6.737391466081597, 52.443675353297522 ], [ 6.737086545070051, 52.443591252761898 ], [ 6.736396282246313, 52.443400613050898 ], [ 6.735883491481486, 52.443261026394396 ], [ 6.735854618091489, 52.443283260113681 ], [ 6.735263106773992, 52.443125358424339 ], [ 6.734102089037979, 52.442815408295708 ], [ 6.734095362869979, 52.442880498737921 ], [ 6.734088057680968, 52.442937200482966 ], [ 6.734088320918587, 52.442946329827514 ], [ 6.734082571075175, 52.443004838558544 ], [ 6.73404269842408, 52.443276511469655 ], [ 6.734000101096641, 52.443608483345542 ], [ 6.733962769166308, 52.443864595143573 ], [ 6.733959005217046, 52.443889293437877 ], [ 6.733948811304617, 52.443949686324387 ], [ 6.733928495948637, 52.444112959994726 ], [ 6.733924897926228, 52.444144559582291 ], [ 6.733909031165349, 52.444284367583691 ], [ 6.733877140429818, 52.444555446260651 ], [ 6.733848641738367, 52.444778020271521 ], [ 6.733842747034918, 52.4448264724601 ], [ 6.733816408778005, 52.445042711952908 ], [ 6.733795354288319, 52.445236824566315 ], [ 6.73376471970848, 52.445503304727538 ], [ 6.733744481122998, 52.445684608390735 ], [ 6.733718990145759, 52.445851392365746 ], [ 6.733702960782873, 52.445971400429706 ], [ 6.733699610180041, 52.446020803430855 ], [ 6.733544876769506, 52.446007416223217 ], [ 6.732285266319204, 52.446050127010153 ], [ 6.732031377225471, 52.446059202230721 ], [ 6.731818618812834, 52.446066848347527 ], [ 6.73110005303989, 52.446092654660895 ], [ 6.729719551335934, 52.446142237273889 ], [ 6.729464406825127, 52.446151177395016 ], [ 6.727471902164443, 52.44622100464062 ], [ 6.727279253569195, 52.446227749953572 ], [ 6.726958867632636, 52.446107979145978 ], [ 6.726870371637876, 52.446074994298883 ], [ 6.72677428056508, 52.446039425675046 ], [ 6.726551529754189, 52.445956103794749 ], [ 6.726333263511658, 52.44587268587027 ], [ 6.726216873315599, 52.445829831847007 ], [ 6.725723594177266, 52.44564798652128 ], [ 6.725634382185223, 52.445615098736603 ], [ 6.725569180111066, 52.445590083245023 ], [ 6.725240089926642, 52.445463817601933 ], [ 6.7249182886698, 52.445339194549845 ], [ 6.72467133939592, 52.445243459624621 ], [ 6.724454457883352, 52.445159384466891 ], [ 6.723955784143251, 52.444962572977076 ], [ 6.723783543447653, 52.444895808129047 ], [ 6.72375711673012, 52.444885329045981 ], [ 6.723446548930483, 52.444762211226887 ], [ 6.723263730936692, 52.444690980794782 ], [ 6.72316400642121, 52.444651800923161 ], [ 6.723032516816182, 52.444599244701941 ], [ 6.7225311637248, 52.444403886674671 ], [ 6.722475003302127, 52.444382003453221 ], [ 6.722440308373328, 52.444370484715897 ], [ 6.72215918831279, 52.444257323511501 ], [ 6.722129324505163, 52.444246496293168 ], [ 6.722072571492832, 52.444225922892812 ], [ 6.721878410435461, 52.444151555328553 ], [ 6.721587780253098, 52.444035605625182 ], [ 6.721333200743895, 52.443937567818594 ], [ 6.721102648834118, 52.4438480137444 ], [ 6.720768038400289, 52.443713915077147 ], [ 6.720458027671787, 52.443592131529186 ], [ 6.720233589109307, 52.443505194548791 ], [ 6.720151575887706, 52.443472707067365 ], [ 6.720073210043636, 52.443441661597554 ], [ 6.719743329970029, 52.443312037057758 ], [ 6.719123264185868, 52.443067538550245 ], [ 6.718982773788316, 52.443012751062412 ], [ 6.718718519466987, 52.442911517687577 ], [ 6.71845546722516, 52.443218752405699 ], [ 6.718259800055156, 52.443447434014736 ], [ 6.717975517210388, 52.443781125542529 ], [ 6.717871161117341, 52.443899246974063 ], [ 6.717527482725083, 52.444298258666727 ], [ 6.717222274279661, 52.444652587080043 ], [ 6.717169027626128, 52.444728031980603 ], [ 6.717134606471444, 52.444781360582866 ], [ 6.717124969507371, 52.444793036947615 ], [ 6.717108080087447, 52.444813504568302 ], [ 6.717049817687217, 52.444884080019456 ], [ 6.717034082635291, 52.444877380443728 ], [ 6.716963426817349, 52.444862560491401 ], [ 6.716889881211966, 52.44490624305493 ], [ 6.716577458455949, 52.444741313747841 ], [ 6.716113628639338, 52.444502884326013 ], [ 6.716099928115622, 52.444495838221336 ], [ 6.715769986163774, 52.444317980129362 ], [ 6.715245361320308, 52.444037111314536 ], [ 6.714830435875057, 52.443820087617915 ], [ 6.714533272788934, 52.443664644625919 ], [ 6.714522029759271, 52.443658595496423 ], [ 6.714213146453941, 52.443492397961634 ], [ 6.713904833397796, 52.443326498856777 ], [ 6.713864182970608, 52.443304635652588 ], [ 6.71384524043085, 52.443294439101074 ], [ 6.712991502141606, 52.442836756540757 ], [ 6.712783624068879, 52.442956283544362 ], [ 6.712386336757914, 52.443189844609783 ], [ 6.711746626458458, 52.443560699434251 ], [ 6.71096791104842, 52.444017451853689 ], [ 6.710346996772341, 52.444378668926682 ], [ 6.709970060945085, 52.444598583520026 ], [ 6.709353171754993, 52.444959175011249 ], [ 6.70864406838129, 52.445370426101263 ], [ 6.707932644047732, 52.445783208745461 ], [ 6.70775847685352, 52.445884266039627 ], [ 6.707761228568397, 52.445889223971548 ], [ 6.707812557835877, 52.445983516188228 ], [ 6.706666035995884, 52.446561799913013 ], [ 6.705891710676855, 52.446950219531125 ], [ 6.705055859851355, 52.447371497019859 ], [ 6.704353419745212, 52.447725067393833 ], [ 6.704309358837985, 52.447751183319149 ], [ 6.704236501503099, 52.447794346861791 ], [ 6.70369387420827, 52.44806706512022 ], [ 6.703212880532086, 52.448309659054452 ], [ 6.702670393207462, 52.448586020258148 ], [ 6.702036985011387, 52.448908438062801 ], [ 6.701533778609666, 52.449171486531675 ], [ 6.701375834973501, 52.449264956687735 ], [ 6.700825301587447, 52.449591661892107 ], [ 6.700200756774748, 52.449967281847627 ], [ 6.699961600503573, 52.449813937206876 ], [ 6.699509540048968, 52.45006315220688 ], [ 6.699311572521999, 52.450172460036057 ], [ 6.69896876958062, 52.450358712284483 ], [ 6.698756307903636, 52.450213491878927 ], [ 6.698546310412127, 52.450069960620546 ], [ 6.698748725007356, 52.449953800595516 ], [ 6.698507100564521, 52.449808830650248 ], [ 6.698315335767592, 52.449693671490188 ], [ 6.697926398767656, 52.449914731154607 ], [ 6.697716655102449, 52.450032355045188 ], [ 6.697258829416919, 52.450292555050964 ], [ 6.696657447632754, 52.450620548722888 ], [ 6.696453530803386, 52.450723023300547 ], [ 6.696343405756983, 52.450774467535595 ], [ 6.696458079944113, 52.450876702424885 ], [ 6.695809929964051, 52.450939671786642 ], [ 6.695801704057001, 52.451129543932915 ], [ 6.695840979220331, 52.451142287944315 ], [ 6.695899254051041, 52.451161212158667 ], [ 6.695961346685666, 52.451181379522772 ], [ 6.696058783175775, 52.451234054148067 ], [ 6.696116031656572, 52.451278292964645 ], [ 6.696125181377445, 52.451285363769294 ], [ 6.69614329306827, 52.451296839680261 ], [ 6.696189350529631, 52.451330945374636 ], [ 6.696217453175263, 52.451355892439835 ], [ 6.696228230230577, 52.451369579629386 ], [ 6.696278156175283, 52.451432980834767 ], [ 6.696310365029391, 52.451473881943507 ], [ 6.696385676476853, 52.451568830714635 ], [ 6.696398721729775, 52.451586079216838 ], [ 6.696412036855645, 52.451603001151774 ], [ 6.696427919632518, 52.451623166508128 ], [ 6.696465283343549, 52.451653314368684 ], [ 6.69651040229464, 52.451684023690291 ], [ 6.696547758557496, 52.451709443685843 ], [ 6.696577631844495, 52.451734550869752 ], [ 6.696618498642239, 52.451774187722641 ], [ 6.696623868221492, 52.451773678961466 ], [ 6.696902827216961, 52.451753382993765 ], [ 6.696965392369412, 52.451743756909828 ], [ 6.697013028511482, 52.451734259868964 ], [ 6.697050309907821, 52.451730315285864 ], [ 6.697170931985184, 52.451708371293329 ], [ 6.697254375863364, 52.451695844658751 ], [ 6.697390057663148, 52.451680178651173 ], [ 6.697540476442105, 52.45165343754261 ], [ 6.697576166462046, 52.451644944261126 ], [ 6.697588518432265, 52.451663108135932 ], [ 6.697599918912588, 52.451685902593518 ], [ 6.697610365287125, 52.451706784074247 ], [ 6.697624190544562, 52.45172402381877 ], [ 6.697647052571164, 52.451744857870239 ], [ 6.697665088212876, 52.451749278462948 ], [ 6.697695134023946, 52.45175635263918 ], [ 6.697725258793818, 52.45176708423211 ], [ 6.69774795053722, 52.451779686731172 ], [ 6.697816168080361, 52.451885346408098 ], [ 6.697862351368936, 52.451956895936981 ], [ 6.69793259305919, 52.452096087025652 ], [ 6.697947257759298, 52.452125757456081 ], [ 6.697995087262124, 52.452222555243488 ], [ 6.698023433416489, 52.452289915669098 ], [ 6.698097186953719, 52.452453741090615 ], [ 6.698108614299693, 52.452479411504342 ], [ 6.698147435297544, 52.452566601371835 ], [ 6.69821043310872, 52.452646485778871 ], [ 6.698233335254612, 52.452669143929462 ], [ 6.698324196738338, 52.452724145569782 ], [ 6.698390710316616, 52.452758338666683 ], [ 6.698433055482478, 52.452781752379089 ], [ 6.698464917817058, 52.452803421475288 ], [ 6.698513735388313, 52.452849621149852 ], [ 6.698583891017313, 52.452914837901368 ], [ 6.698720242628844, 52.453046672364323 ], [ 6.698843270624233, 52.453160326719164 ], [ 6.698879920791764, 52.453196575895767 ], [ 6.698899916401677, 52.453222906414645 ], [ 6.698920410231684, 52.453272978886957 ], [ 6.698939077984687, 52.453306622716198 ], [ 6.698948339322271, 52.453320254534724 ], [ 6.698971478832518, 52.453353866831911 ], [ 6.698997473672659, 52.453381065718091 ], [ 6.699144213147591, 52.453492497779116 ], [ 6.699157821428839, 52.45350337593041 ], [ 6.69925805767096, 52.453612428450676 ], [ 6.699349231604735, 52.453716035369936 ], [ 6.699420876909819, 52.453811535185913 ], [ 6.699497704950869, 52.453957231955975 ], [ 6.699525823103352, 52.45404108834483 ], [ 6.699525527714095, 52.454101044541524 ], [ 6.699525436397001, 52.454117800013407 ], [ 6.699519862231682, 52.454146130405164 ], [ 6.699509851239769, 52.454178150253888 ], [ 6.699448902312231, 52.454306308344492 ], [ 6.699436156990404, 52.454354771364727 ], [ 6.699433730295169, 52.454394967594027 ], [ 6.699436443268028, 52.454478961521914 ], [ 6.699450489955733, 52.454519973036668 ], [ 6.699493552415303, 52.454604670631866 ], [ 6.699579694492999, 52.454773139774929 ], [ 6.699599664625332, 52.454810472312481 ], [ 6.69958360648894, 52.454837040233343 ], [ 6.699559986051788, 52.454858164013459 ], [ 6.699534830359515, 52.454875646495246 ], [ 6.699450399731228, 52.45492997288396 ], [ 6.699350541395091, 52.454993449502823 ], [ 6.699343450749179, 52.454997950333969 ], [ 6.699188182264862, 52.455096645877298 ], [ 6.699136342579865, 52.455130701782458 ], [ 6.699096426001247, 52.455161965082382 ], [ 6.699086364559035, 52.455190318158586 ], [ 6.699079640949223, 52.455242408708465 ], [ 6.699068841405537, 52.455426917158242 ], [ 6.699052265211345, 52.455730163934746 ], [ 6.699039536556322, 52.455982080053936 ], [ 6.699038444961652, 52.455992401879421 ], [ 6.699002590986246, 52.456331276474856 ], [ 6.69897004350511, 52.456563385705564 ], [ 6.698953082124508, 52.456631957508215 ], [ 6.698935833874898, 52.456680443322234 ], [ 6.698918224714396, 52.456703370008746 ], [ 6.698914113530897, 52.456728960659653 ], [ 6.698914316147241, 52.45674323205715 ], [ 6.698914687147217, 52.456769132630136 ], [ 6.698916990088557, 52.456795182597773 ], [ 6.698934895076033, 52.456822902488085 ], [ 6.698954578778385, 52.456840149132006 ], [ 6.698977261168766, 52.456858288386584 ], [ 6.698997959802619, 52.456873042979176 ], [ 6.699001431950757, 52.456875512316387 ], [ 6.699009028919186, 52.456884596423883 ], [ 6.69902201605203, 52.456904757535376 ], [ 6.699315120011194, 52.457169700466089 ], [ 6.69961502907578, 52.457440221044131 ], [ 6.699682043139837, 52.457525704919099 ], [ 6.699707091437656, 52.457653773395741 ], [ 6.699722386917439, 52.457731857323751 ], [ 6.699762810047503, 52.457917371376936 ], [ 6.699850561975688, 52.458048610300374 ], [ 6.699954836215611, 52.458191665691068 ], [ 6.69995708234308, 52.458203883060243 ], [ 6.699975139094144, 52.458302097426916 ], [ 6.699998400776972, 52.458406123577163 ], [ 6.700053275867909, 52.458541106215371 ], [ 6.700183523989918, 52.458815023924146 ], [ 6.700299189428157, 52.459011568822071 ], [ 6.700326522798514, 52.459065367344351 ], [ 6.700456543695954, 52.459293374334337 ], [ 6.700615872731246, 52.459527159502116 ], [ 6.700809404967839, 52.459811116286133 ], [ 6.701411125260444, 52.46060331896836 ], [ 6.701551071118199, 52.460843591770427 ], [ 6.701629976782754, 52.46089665620385 ], [ 6.701590534311367, 52.460952893880204 ], [ 6.701615271961453, 52.461016796929506 ], [ 6.701594666912622, 52.461162701024492 ], [ 6.701726708085301, 52.461252819606941 ], [ 6.701769989468888, 52.461289569601796 ], [ 6.702006535448296, 52.46147950466213 ], [ 6.702006865759761, 52.461479725708287 ], [ 6.702167290768307, 52.461588512468751 ], [ 6.702168480427296, 52.461589425077022 ], [ 6.702273237737974, 52.461670012452927 ], [ 6.7023815366742, 52.461826117212681 ], [ 6.702913116992736, 52.462406604153948 ], [ 6.702916228433268, 52.462410281833421 ], [ 6.702922199899195, 52.462417100677392 ], [ 6.703007219266621, 52.462514247522535 ], [ 6.703335601494603, 52.462889490523736 ], [ 6.703370837574021, 52.462929744896798 ], [ 6.70339863982417, 52.462961515843695 ], [ 6.703427326115809, 52.462994310635516 ], [ 6.703503452025243, 52.463081327066334 ], [ 6.703630187714096, 52.463226215089477 ], [ 6.703860278854205, 52.463497743306533 ], [ 6.703873365056558, 52.463513183862148 ], [ 6.704189448031051, 52.463880139014897 ], [ 6.704784390646622, 52.464545681178649 ], [ 6.705560199529335, 52.465432661017545 ], [ 6.705997665340701, 52.465915056790799 ], [ 6.706727820310092, 52.466750707112283 ], [ 6.706831319353464, 52.466869157522133 ], [ 6.706940405548064, 52.467005304072508 ], [ 6.70698073241672, 52.467053671184757 ], [ 6.707192377680623, 52.467299017385649 ], [ 6.707490775569902, 52.467640651659373 ], [ 6.707763276979722, 52.467952291712635 ], [ 6.708050551264981, 52.468281905167252 ], [ 6.708091579592091, 52.468328547299301 ], [ 6.708529944006046, 52.468826797420824 ], [ 6.708701419698778, 52.469021696292884 ], [ 6.709041237524597, 52.469407941867672 ], [ 6.709478769771773, 52.469178467498203 ], [ 6.709531220419219, 52.469194564857389 ], [ 6.709580793745189, 52.469100208495149 ], [ 6.709602833327619, 52.469057141703395 ], [ 6.709613399360599, 52.469035101926735 ], [ 6.709331073499679, 52.468994324282264 ], [ 6.709221060986478, 52.468831455934271 ], [ 6.70930697518353, 52.468699925341326 ], [ 6.709380712589507, 52.46856169301833 ], [ 6.709405616700945, 52.468515002524327 ], [ 6.709421841168168, 52.468484580842656 ], [ 6.70947371823043, 52.468387304530573 ], [ 6.709585976813525, 52.46817680493789 ], [ 6.709626084697395, 52.46810160961568 ], [ 6.709669062778874, 52.468021016156484 ], [ 6.709615603637291, 52.468010028356971 ], [ 6.709591332290166, 52.468005039135868 ], [ 6.709762408610891, 52.467636358056197 ], [ 6.709903602707904, 52.467471111068143 ], [ 6.710121425903268, 52.467215565551015 ], [ 6.710313962276474, 52.466990503047867 ], [ 6.710437600367599, 52.466847375057263 ], [ 6.710465593939192, 52.466814973787727 ], [ 6.710620665516705, 52.466646237118994 ], [ 6.710809028738133, 52.466449084504596 ], [ 6.710828505312425, 52.466429472632846 ], [ 6.710991364156278, 52.466354422164223 ], [ 6.711189028026243, 52.466263199852513 ], [ 6.711318621198352, 52.466203391912998 ], [ 6.711650529953027, 52.466067211586825 ], [ 6.711661020022081, 52.466062195657067 ], [ 6.711705006060916, 52.466043924954256 ], [ 6.711759426763133, 52.46602075576503 ], [ 6.712099712265229, 52.465876903277405 ], [ 6.71239844685337, 52.465756021464919 ], [ 6.712749577843236, 52.465578411044845 ], [ 6.71311252258953, 52.465388991398243 ], [ 6.713368372567507, 52.465215806704315 ], [ 6.713874886310835, 52.464864532026482 ], [ 6.71391054382653, 52.464839989894799 ], [ 6.714045111386985, 52.464747789966282 ], [ 6.714273788392203, 52.464556984489121 ], [ 6.714361659974321, 52.464467751917581 ], [ 6.714507982749729, 52.464319143122232 ], [ 6.714562921697024, 52.464263356712301 ], [ 6.714761251656985, 52.464063326415641 ], [ 6.714942093368011, 52.463881306802392 ], [ 6.71498746072827, 52.463836134914551 ], [ 6.714989261184452, 52.46383434401784 ], [ 6.715090169098489, 52.463733864075536 ], [ 6.715476370742145, 52.463347562930743 ], [ 6.715740511479301, 52.463083190969257 ], [ 6.715740725664214, 52.463082972845328 ], [ 6.71576365450787, 52.463060001982946 ], [ 6.71593083024674, 52.462892623346889 ], [ 6.716307794190183, 52.462516723650488 ], [ 6.716484264273743, 52.462339981834361 ], [ 6.716499241380562, 52.462327140117111 ], [ 6.716756018138923, 52.46210700862698 ], [ 6.71698597399112, 52.461905738675497 ], [ 6.717110758700939, 52.461796530837923 ], [ 6.717217892708024, 52.461703259747033 ], [ 6.717391677876768, 52.461551957000601 ], [ 6.71783167221391, 52.461172108811049 ], [ 6.71785809155594, 52.461149305060012 ], [ 6.717881309158613, 52.46112915289617 ], [ 6.718170385128332, 52.460878166632398 ], [ 6.718818787457868, 52.46031448769061 ], [ 6.718844802017437, 52.460291957909767 ], [ 6.71918326323089, 52.459998896373101 ], [ 6.719388434562466, 52.459820173487294 ], [ 6.719676721020392, 52.459569088852881 ], [ 6.719874537889612, 52.459396110506525 ], [ 6.719882119036304, 52.459389474455286 ], [ 6.719995382322337, 52.459325898890953 ], [ 6.720045076258553, 52.459298005151339 ], [ 6.720136235945398, 52.459332733242206 ], [ 6.72043639107592, 52.459447078658492 ], [ 6.720538745426418, 52.459486069565337 ], [ 6.720626154664166, 52.459519368069792 ], [ 6.720887920857235, 52.459397082450764 ], [ 6.721030956904078, 52.459459326660401 ], [ 6.721162884933447, 52.459516734105193 ], [ 6.721199040298156, 52.459532380514666 ], [ 6.722435320995809, 52.45984753413957 ], [ 6.722096193410547, 52.460255229117969 ], [ 6.722186501006626, 52.460286958608521 ], [ 6.722008387499087, 52.460503636545731 ], [ 6.721840120240406, 52.460454592285501 ], [ 6.721700942654567, 52.460579868833008 ], [ 6.722778692765479, 52.461530591830801 ], [ 6.722948114368477, 52.461430140863229 ], [ 6.723045941284386, 52.461510321788701 ], [ 6.723289836321186, 52.461710219105846 ], [ 6.723490495530288, 52.461872259556372 ], [ 6.723529922847274, 52.461904098850759 ], [ 6.723596397849075, 52.461900847753313 ], [ 6.723604699892077, 52.461900442232675 ], [ 6.723616586876243, 52.461900238972866 ], [ 6.723625148372831, 52.46190009208938 ], [ 6.723841502517184, 52.461896388277545 ], [ 6.723896052244863, 52.461895044040809 ], [ 6.724044502623044, 52.461888219133989 ], [ 6.724095391751412, 52.461885874335479 ], [ 6.724255321415985, 52.462212913185951 ], [ 6.724964390155749, 52.462207935752424 ], [ 6.72494083316462, 52.462592166598675 ], [ 6.724895330203487, 52.463346012717786 ], [ 6.724878163513848, 52.463573096066312 ], [ 6.724746372036959, 52.463613968329028 ], [ 6.72449459499884, 52.463695269986665 ], [ 6.724345021010425, 52.46374348199204 ], [ 6.724248515396091, 52.463766457718322 ], [ 6.724150275505119, 52.46378123747256 ], [ 6.724047300036501, 52.46378784611796 ], [ 6.723970734104986, 52.46378617592908 ], [ 6.723852800168109, 52.463783604227864 ], [ 6.723730074763319, 52.463779478409428 ], [ 6.723294666302767, 52.463768757029122 ], [ 6.722707946956453, 52.463747829551693 ], [ 6.72206579047109, 52.463722939490808 ], [ 6.721321911964216, 52.463696431656061 ], [ 6.720949839335392, 52.463683622420319 ], [ 6.720540363778159, 52.463669525025608 ], [ 6.720437376313644, 52.463665982696817 ], [ 6.720392441121001, 52.463662829898297 ], [ 6.72005548078893, 52.463644616288477 ], [ 6.719945297600154, 52.463639230929928 ], [ 6.719385870670219, 52.463611926381688 ], [ 6.719181368308037, 52.463602023176819 ], [ 6.718702470791426, 52.463571064319865 ], [ 6.718652264624922, 52.463567817279852 ], [ 6.718531954594685, 52.463602812668064 ], [ 6.718256427079251, 52.464163270001222 ], [ 6.718081650022689, 52.464518771234069 ], [ 6.718049044809166, 52.464584347713924 ], [ 6.718049269696245, 52.464584631920218 ], [ 6.718678118494891, 52.464682850362095 ], [ 6.718581851278579, 52.464881525057699 ], [ 6.718559274525428, 52.464926433321502 ], [ 6.718465396665776, 52.465113099453895 ], [ 6.718384911858085, 52.465271472218816 ], [ 6.717787530488984, 52.465110294315224 ], [ 6.717524433665679, 52.465639413840108 ], [ 6.717327005471967, 52.466036573303661 ], [ 6.716974937156561, 52.466774071392017 ], [ 6.716949837338452, 52.466812490994819 ], [ 6.716942697392628, 52.466823234099252 ], [ 6.716939502620916, 52.46682804011305 ], [ 6.716933735292174, 52.466854521868825 ], [ 6.716939359134573, 52.466897641071519 ], [ 6.716963248434737, 52.466986797305637 ], [ 6.717424137584583, 52.467094034809044 ], [ 6.717466780132511, 52.46748552442137 ], [ 6.717018288274991, 52.467502871646495 ], [ 6.717021580502132, 52.467531588747519 ], [ 6.717039478941669, 52.467706806441328 ], [ 6.717052867372212, 52.467878380480336 ], [ 6.717056116170937, 52.467906630666569 ], [ 6.717062530873622, 52.46796233199678 ], [ 6.717065926687778, 52.468011613495825 ], [ 6.717097512552409, 52.468211524344184 ], [ 6.717125903398366, 52.468391178715599 ], [ 6.716961463036867, 52.468396241654311 ], [ 6.716566916318934, 52.468463487904508 ], [ 6.716015346052737, 52.46855820037198 ], [ 6.715905061193038, 52.468577144025467 ], [ 6.71540557033889, 52.468662901534813 ], [ 6.715085551885642, 52.468718449555588 ], [ 6.714987292864328, 52.468735504867148 ], [ 6.714861152878349, 52.46885186211572 ], [ 6.714861784931516, 52.468857715498835 ], [ 6.714874312655855, 52.468973948503873 ], [ 6.714893626820267, 52.469154912136652 ], [ 6.71496748587674, 52.469156035232189 ], [ 6.714977932421011, 52.469253928153442 ], [ 6.714981023149003, 52.469282836305574 ], [ 6.714983686153141, 52.469307794335585 ], [ 6.714988031188796, 52.469348571153006 ], [ 6.715010056090448, 52.469561449303427 ], [ 6.715010491650692, 52.469565660001997 ], [ 6.715025173889353, 52.469565935949994 ], [ 6.715014461201682, 52.469745094889511 ], [ 6.715010821465173, 52.469805953241703 ], [ 6.714961490709896, 52.469804636284799 ], [ 6.714964606251561, 52.469840249531586 ], [ 6.714965361413829, 52.469849220522242 ], [ 6.715005461230103, 52.470320835095649 ], [ 6.715011603372656, 52.470393015350602 ], [ 6.714998766649826, 52.470467907006054 ], [ 6.715117207129907, 52.471035799854469 ], [ 6.714671382742112, 52.470944454895729 ], [ 6.714483969062765, 52.470906539033933 ], [ 6.714035788655734, 52.470815658519356 ], [ 6.713741165267541, 52.470860195258396 ], [ 6.713721852147422, 52.470894005685039 ], [ 6.71369554049002, 52.470926006861951 ], [ 6.713494688772256, 52.471101542572534 ], [ 6.713047671612176, 52.471098166585158 ], [ 6.713009972203031, 52.471129649618391 ], [ 6.712946886674684, 52.471135733043376 ], [ 6.7127349225257, 52.471096424366444 ], [ 6.712641240356259, 52.471076358194132 ], [ 6.712610037203712, 52.471048878937673 ], [ 6.712594106281036, 52.471002065556512 ], [ 6.712590893234166, 52.470924360529487 ], [ 6.712355039405123, 52.470875628790836 ], [ 6.712147272520209, 52.470834869952483 ], [ 6.711765402437296, 52.470758799495904 ], [ 6.711208105662253, 52.470647394581512 ], [ 6.711095206705739, 52.470579689251288 ], [ 6.711117495973129, 52.470567196242655 ], [ 6.711399918394759, 52.47036494749797 ], [ 6.711105736073455, 52.470311166288255 ], [ 6.710995508258775, 52.470302591988364 ], [ 6.71014994327758, 52.470236810669505 ], [ 6.709737765201399, 52.470204743662364 ], [ 6.709769231871448, 52.470240643328914 ], [ 6.71008252734998, 52.470599218907317 ], [ 6.710367736525956, 52.470879332619823 ], [ 6.710450306370737, 52.470960421249991 ], [ 6.710452929567516, 52.470962989620119 ], [ 6.710497361302363, 52.471006626753663 ], [ 6.710678501293709, 52.471184531044443 ], [ 6.711994111168424, 52.472476584067017 ], [ 6.712033344141003, 52.472515110394134 ], [ 6.712040396021892, 52.472522033559102 ], [ 6.712935735879115, 52.473401203032068 ], [ 6.714302465849611, 52.474743179450243 ], [ 6.714307167488488, 52.474747791804667 ], [ 6.714390030182879, 52.474829323879192 ], [ 6.714687355093338, 52.475121857537651 ], [ 6.715390248669701, 52.475819404453652 ], [ 6.716602372485611, 52.477029294317816 ], [ 6.716726271972128, 52.477152969696874 ], [ 6.717706685885529, 52.478131550248548 ], [ 6.720459295039262, 52.477179362113802 ] ] ] ] } },
{ "type": "Feature", "properties": { "buurtcode": "BU01830500", "buurtnaam": "Vasse kern", "pc6_codes": "7661PA, 7661PD, 7661PE, 7661PG, 7661PH, 7661PJ, 7661PK, 7661RA, 7661RC, 7661RD, 7661RE, 7661RG, 7661RH, 7661RJ, 7661RK, 7661RL, 7661RM, 7661RV, 7661RW, 7661RX, 7661RZ, 7661SB", "wijkcode": "WK018305", "gemeentecode": "GM0183", "gemeentenaam": "Tubbergen", "oppervlakteLandInHa": 35, "AantalInwoners_5": 780, "Mannen_6": 415, "Vrouwen_7": 370, "HuishoudensTotaal_29": 315, "GemiddeldeHuishoudensgrootte_33": 2.5, "Woningvoorraad_35": 324, "NieuwbouwWoningen_36": 1, "NietWoningvoorraad_37": 22, "NieuwbouwNietWoningen_38": 0, "GemiddeldeWOZWaardeVanWoningen_39": 412, "PercentageEengezinswoning_40": 83, "PercentageTussenwoningEengezins_41": 6, "PercentageHoekwoningEengezins_42": 7, "PercentageTweeOnderEenKapWoningEe_43": 21, "PercentageVrijstaandeWoningEengezins_44": 48, "PercentageMeergezinswoning_45": 17, "Koopwoningen_47": 81, "HuurwoningenTotaal_48": 18, "InBezitWoningcorporatie_49": 8, "InBezitOverigeVerhuurders_50": 10, "BouwjaarMeerDanTienJaarGeleden_51": 94, "BouwjaarAfgelopenTienJaar_52": 6, "GemiddeldeElektriciteitslevering_53": 3400, "GemiddeldeElektriciteitsteruglevering_54": 1780, "GemiddeldAardgasverbruik_55": 1070, "AardgasvrijeWoningen_57": 5, "Aardgaswoningen_58": 83, "WoningenMetZonnestroom_59": 50, "WoningenHoofdzElektrVerwarmd_60": 12, "k_20PersonenMetHoogsteInkomen_80": 15.7, "k_20HuishoudensMetHoogsteInkomen_85": 25.9, "MediaanVermogenVanParticuliereHuish_86": 352.1, "PersonenautoSTotaal_104": 465, "PersonenautoSBrandstofBenzine_105": 365, "PersonenautoSOverigeBrandstof_106": 95, "PersonenautoSPerHuishouden_107": 1.5, "Omgevingsadressendichtheid_121": 128, "AantalInstallatiesBijWoningen_5": 114, "OpgesteldVermogenVanZonnepanelen_6": 660, "installaties_per_woning": 0.35185185185185186, "vermogen_per_woning": 2.0370370370370372, "installaties_per_100_woningen": 35.185185185185183, "vermogen_per_huishouden": 2.0952380952380953, "batterijdruk_score": 890.0, "koop_zon_score": 0.405, "eengezins_zon_score": 0.415, "betaalkracht_zon_score": 176.05, "overige_brandstof_zon_score": 47.5, "lichte_batterij_kansscore": 0.48104707545554481 }, "geometry": { "type": "MultiPolygon", "coordinates": [ [ [ [ 6.83550767067535, 52.437358967690635 ], [ 6.835620495373563, 52.436927523768567 ], [ 6.83562471223659, 52.436911400407787 ], [ 6.835646950145338, 52.436524569320774 ], [ 6.835569805951871, 52.436226116832209 ], [ 6.835493200524083, 52.436155728086405 ], [ 6.835046116653603, 52.436123036346913 ], [ 6.83504660458131, 52.435637235894518 ], [ 6.835051665078762, 52.435504814473425 ], [ 6.835046739469518, 52.435502740758778 ], [ 6.835026124416152, 52.435494062448512 ], [ 6.834915750153894, 52.435434983075346 ], [ 6.834828935030252, 52.435364698012421 ], [ 6.834788430829917, 52.435319533077426 ], [ 6.834779765551486, 52.435309870945773 ], [ 6.834751435270009, 52.435266978784888 ], [ 6.834748649208723, 52.435262736005413 ], [ 6.834701582848809, 52.435169463686414 ], [ 6.83469964854701, 52.435165632067751 ], [ 6.834679000239072, 52.435103463223676 ], [ 6.834677853416379, 52.43510001119288 ], [ 6.834586904524659, 52.434637772760517 ], [ 6.834912177458432, 52.434627505750825 ], [ 6.834992527472815, 52.434622766436981 ], [ 6.834960341416579, 52.434412617358497 ], [ 6.834944054291239, 52.434310821569234 ], [ 6.834943816145572, 52.434309386286827 ], [ 6.834928381981714, 52.434217476634885 ], [ 6.834928274669258, 52.434216893680542 ], [ 6.834907895395015, 52.434099246874808 ], [ 6.834913737183255, 52.434098896828246 ], [ 6.834894183608637, 52.433979514094823 ], [ 6.834861877288612, 52.433782292200313 ], [ 6.834796606664524, 52.433509857442971 ], [ 6.835203937466158, 52.43341918315771 ], [ 6.835220946563561, 52.433415397725796 ], [ 6.835276806486314, 52.433402966612611 ], [ 6.835272440405915, 52.433389536924558 ], [ 6.835268549745483, 52.433377602538719 ], [ 6.83526225612971, 52.433358299821236 ], [ 6.8352107134313, 52.433200198301861 ], [ 6.83511320951227, 52.432987126334901 ], [ 6.835046058515106, 52.432878734329229 ], [ 6.834984897889278, 52.432779473506464 ], [ 6.83478333982003, 52.432493255511673 ], [ 6.834745463898636, 52.432439340288383 ], [ 6.834596291873323, 52.432469393112832 ], [ 6.834470617920756, 52.432490658919889 ], [ 6.834442011924226, 52.432493096510562 ], [ 6.834413129222917, 52.43249300895117 ], [ 6.834384564004702, 52.432490397970781 ], [ 6.834333255332349, 52.432485343963833 ], [ 6.834281483273164, 52.432482578727843 ], [ 6.83424175996455, 52.432483682432753 ], [ 6.834202613536888, 52.432487946697982 ], [ 6.834084501065743, 52.432511996108289 ], [ 6.834039999587125, 52.432520022787223 ], [ 6.833994235550895, 52.432524697700423 ], [ 6.833947881739864, 52.432525952404937 ], [ 6.833900035067725, 52.432522882879596 ], [ 6.833853601823011, 52.432515184865473 ], [ 6.833808064804451, 52.432500127619306 ], [ 6.833767222621201, 52.432480680463691 ], [ 6.83375375189887, 52.432470784810711 ], [ 6.833743107779311, 52.432459677116555 ], [ 6.833735576493858, 52.43244765590709 ], [ 6.833731361245358, 52.432435044092557 ], [ 6.833730574564651, 52.43242218007223 ], [ 6.833737813131599, 52.432375533762702 ], [ 6.833749061468391, 52.432329185448033 ], [ 6.833716966218359, 52.432327991790849 ], [ 6.833668814488529, 52.432322196028686 ], [ 6.833598259670844, 52.432313703044912 ], [ 6.833573370316283, 52.432310707211101 ], [ 6.833560652370296, 52.432309442290538 ], [ 6.833518348962273, 52.432305211899141 ], [ 6.833230835992027, 52.432276462600626 ], [ 6.833186667382173, 52.432272035537004 ], [ 6.833127703150445, 52.432266126157536 ], [ 6.833075588441856, 52.43244446904496 ], [ 6.833065074362313, 52.432472938776975 ], [ 6.833053809179466, 52.432518929474 ], [ 6.833017383451767, 52.432643470374707 ], [ 6.83296765266705, 52.432813784146781 ], [ 6.832383291046821, 52.432766623387458 ], [ 6.832368663213902, 52.432966710646468 ], [ 6.832362197809404, 52.43302001164593 ], [ 6.831692235379293, 52.433018997109031 ], [ 6.831464935141372, 52.433018991250918 ], [ 6.831464936162912, 52.433020824933827 ], [ 6.831464919092277, 52.433264344374862 ], [ 6.831464915893857, 52.433309666349636 ], [ 6.831464359419818, 52.433386159799078 ], [ 6.831462429834183, 52.433539719343976 ], [ 6.831462036758754, 52.433570932909191 ], [ 6.831464892904513, 52.43365308088557 ], [ 6.831464931647472, 52.433654222877152 ], [ 6.831464935137338, 52.433655726644368 ], [ 6.831464952094774, 52.433663500765661 ], [ 6.831464988133534, 52.433680015267612 ], [ 6.831464901307378, 52.433735301334764 ], [ 6.83111744094279, 52.433769911918816 ], [ 6.831048164642297, 52.433773208476794 ], [ 6.830180078133881, 52.433812739141793 ], [ 6.830006775547105, 52.433805901008242 ], [ 6.829999735314122, 52.433805623617161 ], [ 6.829937435302845, 52.433803721779043 ], [ 6.829935150544874, 52.433803560844183 ], [ 6.829790915943763, 52.433798857321428 ], [ 6.829781887902017, 52.433793903935658 ], [ 6.829753805890758, 52.433793320092263 ], [ 6.82966989327921, 52.433791510529581 ], [ 6.82950964527883, 52.433784113598712 ], [ 6.829486091348392, 52.433782580181671 ], [ 6.829470444218683, 52.433781560820911 ], [ 6.829318938238786, 52.433771694062266 ], [ 6.829268953361915, 52.433769786659234 ], [ 6.829192957803756, 52.433766998584517 ], [ 6.829316218685883, 52.433029487203584 ], [ 6.829335494947242, 52.432914213349818 ], [ 6.829201030928452, 52.432917128548254 ], [ 6.829058537112107, 52.432920218639985 ], [ 6.828988770835994, 52.432920581562847 ], [ 6.828926913687301, 52.432920903010661 ], [ 6.828852390717507, 52.432921289591789 ], [ 6.828773622794677, 52.432921969583631 ], [ 6.828228582392374, 52.432927576826373 ], [ 6.828155161773252, 52.432928757641889 ], [ 6.827642384945097, 52.432939053705361 ], [ 6.827562583750614, 52.432940656011645 ], [ 6.827199435957184, 52.432947945878048 ], [ 6.827022858415725, 52.432951385842038 ], [ 6.826961881779685, 52.432952193534071 ], [ 6.826951224540729, 52.432952928009591 ], [ 6.826920604113424, 52.432953542883382 ], [ 6.826851906163659, 52.432954921666706 ], [ 6.826829599597291, 52.432955368954559 ], [ 6.826799411241708, 52.432955974950239 ], [ 6.826767972478176, 52.43305213607151 ], [ 6.826763846254043, 52.433064759604058 ], [ 6.826723168958202, 52.433189179284838 ], [ 6.826686831841709, 52.433300324732905 ], [ 6.826460612115203, 52.433383315702883 ], [ 6.826420889017425, 52.43339774880387 ], [ 6.826340243540142, 52.433374818708252 ], [ 6.826331818230848, 52.433372601988275 ], [ 6.82618412279824, 52.433333727866902 ], [ 6.82564814461435, 52.433135412480382 ], [ 6.825611773519009, 52.433121357190892 ], [ 6.825611238236519, 52.433121131782805 ], [ 6.825444533117397, 52.433053151195296 ], [ 6.825372357987175, 52.433023519901475 ], [ 6.825353006401535, 52.43301556705525 ], [ 6.825243318075263, 52.43297007665776 ], [ 6.825167415439829, 52.432938597475314 ], [ 6.825133495953349, 52.43292308667283 ], [ 6.825129373103904, 52.432921843248856 ], [ 6.825124986791642, 52.432921000323198 ], [ 6.825057266828671, 52.432892914744563 ], [ 6.824922828950785, 52.432837160071124 ], [ 6.824861400055958, 52.432811684743399 ], [ 6.824799503716944, 52.432785896857808 ], [ 6.824308655708147, 52.43258138735677 ], [ 6.824281214899125, 52.432569954082112 ], [ 6.8241499619104, 52.432514985066319 ], [ 6.824077935921109, 52.432484819954524 ], [ 6.82406538418595, 52.432479562819161 ], [ 6.824062071455841, 52.432478175599904 ], [ 6.824039419029185, 52.432468688662937 ], [ 6.8238836536672, 52.432403453185195 ], [ 6.823868497439881, 52.432397105830361 ], [ 6.823848743340925, 52.432388832233364 ], [ 6.823822311609639, 52.432377761443597 ], [ 6.823780701376472, 52.432360335462484 ], [ 6.823751241738958, 52.432347997120743 ], [ 6.82374088616815, 52.432343660724804 ], [ 6.823684097394888, 52.43231987592273 ], [ 6.823556717657862, 52.432266527588276 ], [ 6.823540950270743, 52.432259924234607 ], [ 6.823506358877441, 52.432245607628005 ], [ 6.823466220896417, 52.432228995139702 ], [ 6.823429742407813, 52.432213896905168 ], [ 6.823424329970139, 52.432211656932473 ], [ 6.823422051818415, 52.432213689932084 ], [ 6.8232469243718, 52.432369994436151 ], [ 6.821665034988335, 52.431697673049563 ], [ 6.821567762857606, 52.431661583906724 ], [ 6.82148033638159, 52.431624359744738 ], [ 6.820903301270656, 52.432234117868362 ], [ 6.820396390346812, 52.432045889989986 ], [ 6.819459544076241, 52.431698006922531 ], [ 6.818839684467429, 52.432327265634981 ], [ 6.818640193135512, 52.432523984923712 ], [ 6.818640239347848, 52.432525413565614 ], [ 6.819336369559079, 52.432657312375412 ], [ 6.820334408625738, 52.432842399186015 ], [ 6.822735284985915, 52.433278644323174 ], [ 6.822634306540805, 52.433676098340911 ], [ 6.82248329871306, 52.433758107256772 ], [ 6.822078400591479, 52.435306558408904 ], [ 6.822347806406825, 52.435351950495118 ], [ 6.822342531074761, 52.435365601700411 ], [ 6.822332894972221, 52.435390539792756 ], [ 6.822685306030795, 52.435440173950859 ], [ 6.822891343189402, 52.435469192189856 ], [ 6.823031731521997, 52.435488973559579 ], [ 6.823238848587805, 52.435521026170768 ], [ 6.824076499686266, 52.435067104237028 ], [ 6.824093950999917, 52.435055467031489 ], [ 6.82425877063582, 52.435027817506807 ], [ 6.824319088900851, 52.435017698849464 ], [ 6.824387267827245, 52.435006262329125 ], [ 6.825362488411786, 52.434842672939666 ], [ 6.825366424107179, 52.434844668285535 ], [ 6.825378002414521, 52.43485053844919 ], [ 6.825693844818113, 52.435010668738094 ], [ 6.825740363265042, 52.435034252834569 ], [ 6.825799376812254, 52.435064171403951 ], [ 6.825904995817799, 52.435117718762825 ], [ 6.825962317729145, 52.435146624997714 ], [ 6.826002183102337, 52.435166728482145 ], [ 6.826009463307401, 52.435170400023203 ], [ 6.826012062017909, 52.435171711368547 ], [ 6.826071345790385, 52.43520160674732 ], [ 6.826090963009537, 52.435211498711013 ], [ 6.826106031821945, 52.435219098076054 ], [ 6.826161673385839, 52.43524715721896 ], [ 6.826169808871892, 52.435251259705367 ], [ 6.826226963699411, 52.435280082451449 ], [ 6.826235069269188, 52.435284169117253 ], [ 6.826247377945153, 52.435290376389233 ], [ 6.826282713047668, 52.435308195060109 ], [ 6.826363305667404, 52.435348836272702 ], [ 6.826363522487982, 52.435348945997106 ], [ 6.82642366949096, 52.435379276553881 ], [ 6.826426322027137, 52.435380614202344 ], [ 6.826487923979423, 52.435411678504103 ], [ 6.826500933992555, 52.435418239472895 ], [ 6.826552849900426, 52.435444418326135 ], [ 6.826563983418547, 52.435450033108417 ], [ 6.826616775655141, 52.435476655214707 ], [ 6.82662169793918, 52.435479136504476 ], [ 6.826624959087911, 52.435480782256079 ], [ 6.826644607953038, 52.435490689924677 ], [ 6.82665532060518, 52.435496115657017 ], [ 6.826665355893001, 52.435501199060724 ], [ 6.826673692444584, 52.435505421316009 ], [ 6.826747516270581, 52.435542812417722 ], [ 6.826826535090544, 52.435582835147919 ], [ 6.826837494568189, 52.435588387301493 ], [ 6.826888122731861, 52.43561402975498 ], [ 6.827063155789379, 52.435702682708282 ], [ 6.827085497895601, 52.435714674404799 ], [ 6.827364161564753, 52.43586424198255 ], [ 6.827462655894555, 52.435909432417148 ], [ 6.827521070378061, 52.435944730866076 ], [ 6.82754698991469, 52.435960394004979 ], [ 6.827562616361893, 52.435969837178888 ], [ 6.827605726541186, 52.435988009457645 ], [ 6.827633745971453, 52.435999821457138 ], [ 6.827730487011719, 52.436034959366886 ], [ 6.827861451099624, 52.436082265156671 ], [ 6.827960192191319, 52.436115580818878 ], [ 6.828273135090071, 52.436214065503862 ], [ 6.828389561074848, 52.436248515771439 ], [ 6.828422232164852, 52.436258185617341 ], [ 6.82848360040027, 52.436276349373735 ], [ 6.82853295904014, 52.436290957682104 ], [ 6.828793843930286, 52.436369869627775 ], [ 6.828894093793682, 52.436400293373929 ], [ 6.828932291551125, 52.436411885914957 ], [ 6.829057118206706, 52.436449502478233 ], [ 6.829458097833624, 52.436570337900079 ], [ 6.829482602437722, 52.436577167582655 ], [ 6.829496693639854, 52.436581093061989 ], [ 6.829555942353174, 52.436597599392229 ], [ 6.830188105581613, 52.436786298042243 ], [ 6.830517063257335, 52.436885509420165 ], [ 6.830732442005607, 52.436950920461022 ], [ 6.832128890166723, 52.437138981379782 ], [ 6.832365370218137, 52.437170828971233 ], [ 6.832443384507632, 52.437182236658828 ], [ 6.832567049737746, 52.437202147908913 ], [ 6.833151338502306, 52.437299735704258 ], [ 6.833398502990516, 52.437333536206829 ], [ 6.833731634224542, 52.437385773976388 ], [ 6.834028741405786, 52.437413552108502 ], [ 6.83427468968747, 52.437426763548729 ], [ 6.834489162501407, 52.437426453516728 ], [ 6.834680119464378, 52.437419005775311 ], [ 6.834901708411652, 52.437416689854388 ], [ 6.835010684866691, 52.437417482933228 ], [ 6.83506580682922, 52.43742014403292 ], [ 6.835068032690343, 52.437420251658139 ], [ 6.835423524271765, 52.43743120493729 ], [ 6.83550767067535, 52.437358967690635 ] ] ] ] } },
{ "type": "Feature", "properties": { "buurtcode": "BU01830508", "buurtnaam": "Verspreide huizen Vasse", "pc6_codes": "7661PB, 7661PC, 7661PL, 7661PM, 7661RA, 7661RB, 7661RH, 7661RJ, 7661RK, 7661RL, 7661RM, 7661RN, 7661RP, 7661RR, 7661RS, 7661RT, 7661RV", "wijkcode": "WK018305", "gemeentecode": "GM0183", "gemeentenaam": "Tubbergen", "oppervlakteLandInHa": 743, "AantalInwoners_5": 210, "Mannen_6": 115, "Vrouwen_7": 95, "HuishoudensTotaal_29": 70, "GemiddeldeHuishoudensgrootte_33": 2.9, "Woningvoorraad_35": 97, "NieuwbouwWoningen_36": 1, "NietWoningvoorraad_37": 9, "NieuwbouwNietWoningen_38": 0, "GemiddeldeWOZWaardeVanWoningen_39": 478, "PercentageEengezinswoning_40": 69, "PercentageTussenwoningEengezins_41": 0, "PercentageHoekwoningEengezins_42": 0, "PercentageTweeOnderEenKapWoningEe_43": 15, "PercentageVrijstaandeWoningEengezins_44": 44, "PercentageMeergezinswoning_45": 31, "Koopwoningen_47": 78, "HuurwoningenTotaal_48": 22, "InBezitWoningcorporatie_49": 0, "InBezitOverigeVerhuurders_50": 22, "BouwjaarMeerDanTienJaarGeleden_51": 90, "BouwjaarAfgelopenTienJaar_52": 10, "GemiddeldeElektriciteitslevering_53": 3960, "GemiddeldeElektriciteitsteruglevering_54": 2440, "GemiddeldAardgasverbruik_55": 1170, "AardgasvrijeWoningen_57": null, "Aardgaswoningen_58": null, "WoningenMetZonnestroom_59": null, "WoningenHoofdzElektrVerwarmd_60": null, "k_20PersonenMetHoogsteInkomen_80": 25.1, "k_20HuishoudensMetHoogsteInkomen_85": null, "MediaanVermogenVanParticuliereHuish_86": null, "PersonenautoSTotaal_104": 90, "PersonenautoSBrandstofBenzine_105": 60, "PersonenautoSOverigeBrandstof_106": 35, "PersonenautoSPerHuishouden_107": 1.3, "Omgevingsadressendichtheid_121": 53, "AantalInstallatiesBijWoningen_5": 17, "OpgesteldVermogenVanZonnepanelen_6": 134, "installaties_per_woning": 0.17525773195876287, "vermogen_per_woning": 1.3814432989690721, "installaties_per_100_woningen": 17.525773195876287, "vermogen_per_huishouden": 1.9142857142857144, "batterijdruk_score": null, "koop_zon_score": null, "eengezins_zon_score": null, "betaalkracht_zon_score": null, "overige_brandstof_zon_score": null, "lichte_batterij_kansscore": null }, "geometry": { "type": "MultiPolygon", "coordinates": [ [ [ [ 6.844194553521137, 52.440290609617875 ], [ 6.846701193534622, 52.439590418435841 ], [ 6.846703747561794, 52.439591151010696 ], [ 6.847050692725325, 52.439690147442739 ], [ 6.847545885868323, 52.439831441086234 ], [ 6.847649453776135, 52.439860995635016 ], [ 6.847771567508885, 52.439895840514396 ], [ 6.84834932329299, 52.44006068803666 ], [ 6.848451848203452, 52.439782076509381 ], [ 6.848810565898014, 52.438807183913895 ], [ 6.84883967724209, 52.438728047567629 ], [ 6.849038100795541, 52.438189251041372 ], [ 6.849094257889472, 52.43803840140405 ], [ 6.849111968845081, 52.437990848215421 ], [ 6.849232220012984, 52.437694372182754 ], [ 6.849391841331423, 52.437300844160191 ], [ 6.849626291994785, 52.436717745668595 ], [ 6.849916443138708, 52.435996134625036 ], [ 6.85006090783981, 52.4356334172153 ], [ 6.850089317477721, 52.435562100344669 ], [ 6.850105817086441, 52.435520674261539 ], [ 6.850130587008668, 52.435458489934454 ], [ 6.849983022714522, 52.435421777567271 ], [ 6.84998562876592, 52.43540896341085 ], [ 6.850055956384265, 52.435110406137326 ], [ 6.850098619327615, 52.434937295621936 ], [ 6.850121238516904, 52.434843875038013 ], [ 6.850130585944839, 52.434806321528164 ], [ 6.850148780596166, 52.434765018315559 ], [ 6.850169943893602, 52.434722761584787 ], [ 6.850205408379623, 52.434659339529823 ], [ 6.85026376250153, 52.434560956218384 ], [ 6.850349838973773, 52.434440342885466 ], [ 6.850424840677675, 52.434349079670071 ], [ 6.850429021638982, 52.434338978620019 ], [ 6.85044200440838, 52.434323312681862 ], [ 6.850503992999662, 52.434246807862394 ], [ 6.850557664570601, 52.434192311299256 ], [ 6.850662311498364, 52.43409340979958 ], [ 6.850740901879587, 52.434022200840126 ], [ 6.850801859207775, 52.433961232138529 ], [ 6.850878828709476, 52.433886384693956 ], [ 6.85092516776971, 52.433836544834648 ], [ 6.850958494281404, 52.433801463462508 ], [ 6.850995642212392, 52.433735638324904 ], [ 6.851002629690906, 52.433723246397214 ], [ 6.851147230521569, 52.433456705147442 ], [ 6.851232649584078, 52.433299910576714 ], [ 6.851205377406872, 52.433292157786141 ], [ 6.851236278363001, 52.433281573646646 ], [ 6.851284766521689, 52.433263383378268 ], [ 6.851338936934831, 52.433238695906653 ], [ 6.851391353293248, 52.433208555950621 ], [ 6.851427726589416, 52.433186910890306 ], [ 6.851448987155605, 52.433161875118607 ], [ 6.851476484711131, 52.43314221840631 ], [ 6.85150939492846, 52.433110584698419 ], [ 6.851557582886207, 52.433085998044916 ], [ 6.851590492503731, 52.433086346249958 ], [ 6.851613072059812, 52.433089617653749 ], [ 6.851643237993423, 52.433095491882959 ], [ 6.851670300268141, 52.433098680888875 ], [ 6.851712326040021, 52.433102529825604 ], [ 6.851785731983339, 52.433105837946037 ], [ 6.851883081557132, 52.433109640964268 ], [ 6.851886515159331, 52.433054758214318 ], [ 6.851884011369433, 52.433032874630072 ], [ 6.851874836083804, 52.432996484817522 ], [ 6.851851597208362, 52.432946632984695 ], [ 6.851839800948526, 52.432928360919455 ], [ 6.851817773477982, 52.43289422439355 ], [ 6.851806813567907, 52.432883447580537 ], [ 6.851729150669114, 52.432820821491312 ], [ 6.851681068728539, 52.43278327674814 ], [ 6.851622491472328, 52.432744989833246 ], [ 6.851511934758652, 52.432682024203991 ], [ 6.85147997011548, 52.432669781185936 ], [ 6.851439864466681, 52.432643059061554 ], [ 6.851345785101398, 52.432580716557041 ], [ 6.851341207446203, 52.432577483262151 ], [ 6.851256143929796, 52.432517384294322 ], [ 6.851267974034327, 52.432482460644465 ], [ 6.851309459486263, 52.432474442274142 ], [ 6.851328755017381, 52.432471363328716 ], [ 6.851341934011979, 52.432465654375157 ], [ 6.851361394929493, 52.432466240785416 ], [ 6.851389821141093, 52.432466662438749 ], [ 6.851455459650611, 52.432463702742353 ], [ 6.851560919606481, 52.432449104682185 ], [ 6.851592119493358, 52.432444907740027 ], [ 6.851703891064232, 52.432437503411748 ], [ 6.85147800163643, 52.431950742349748 ], [ 6.851645563842597, 52.431534865168132 ], [ 6.851960124854434, 52.430775660658931 ], [ 6.852159251869333, 52.430266969957906 ], [ 6.852183858898075, 52.430206701700357 ], [ 6.852293533353667, 52.42993801090357 ], [ 6.852335427994003, 52.429835380543821 ], [ 6.852560989326608, 52.429282811527123 ], [ 6.852564675271608, 52.429273777179027 ], [ 6.852816065744987, 52.42864256005398 ], [ 6.852959678134422, 52.428274176787099 ], [ 6.853077469574407, 52.427972027372924 ], [ 6.853350917256309, 52.427229848334179 ], [ 6.853355841651288, 52.427216484023333 ], [ 6.853410845550107, 52.427062302207105 ], [ 6.853409791280825, 52.427054890548852 ], [ 6.853406399410966, 52.427031067400542 ], [ 6.853348619355528, 52.426625149473509 ], [ 6.853348506164958, 52.426624395819402 ], [ 6.853345607122406, 52.426604350832143 ], [ 6.853331427183697, 52.426506539965757 ], [ 6.853302250727644, 52.426317777761803 ], [ 6.853299723918213, 52.426301422542451 ], [ 6.853271108918538, 52.426116284831643 ], [ 6.853214235707521, 52.425756315059139 ], [ 6.853204501440228, 52.425699482801072 ], [ 6.853200819423384, 52.425677991320768 ], [ 6.853189664376154, 52.425612889015383 ], [ 6.853132224747957, 52.425248207091926 ], [ 6.853101521586375, 52.425048812025345 ], [ 6.853096670118108, 52.425017312551915 ], [ 6.853091386579101, 52.424982977979184 ], [ 6.853073195331485, 52.424864794253558 ], [ 6.853071319990493, 52.424852565790388 ], [ 6.853043286281779, 52.424726656692883 ], [ 6.853005450115194, 52.424442379155934 ], [ 6.852948490122497, 52.424014383329464 ], [ 6.852893321424927, 52.423613807956393 ], [ 6.852882453584221, 52.423535147001431 ], [ 6.85284789517818, 52.423292959107791 ], [ 6.852825226176221, 52.423121203794963 ], [ 6.852820289341167, 52.423078676150851 ], [ 6.852811069261579, 52.422999149848295 ], [ 6.852807332999121, 52.422972454527432 ], [ 6.852798939054627, 52.422912549448583 ], [ 6.852778544067002, 52.42276683337721 ], [ 6.852753060185201, 52.422578429732901 ], [ 6.85275192932683, 52.422570030248053 ], [ 6.852735455471724, 52.422448148773263 ], [ 6.852721661873193, 52.422359258830816 ], [ 6.852719337639067, 52.422344123554119 ], [ 6.85271645923194, 52.422324240080933 ], [ 6.852635212709757, 52.421761569266025 ], [ 6.852585873253075, 52.421423654047167 ], [ 6.852499006224032, 52.420771030154846 ], [ 6.852491827484303, 52.420727379658636 ], [ 6.852470290460354, 52.420596401209416 ], [ 6.852395435616619, 52.420202217280426 ], [ 6.852378236558515, 52.420095679515192 ], [ 6.852362497731338, 52.419998166376224 ], [ 6.852256738672566, 52.419356894999765 ], [ 6.852199401650983, 52.419019698664492 ], [ 6.852179471740535, 52.418897248565614 ], [ 6.852134245583011, 52.418619452930685 ], [ 6.852068248888343, 52.418208871466582 ], [ 6.852057718563363, 52.418150098337655 ], [ 6.851836317248877, 52.41691388804751 ], [ 6.851734951490164, 52.416284525643 ], [ 6.851721021471627, 52.416198055171336 ], [ 6.851720299769553, 52.416193569712064 ], [ 6.851712805568673, 52.416147001691904 ], [ 6.851706824329708, 52.416111507101633 ], [ 6.851664451129114, 52.415859338833798 ], [ 6.8516441265598, 52.415732866502069 ], [ 6.851527190603058, 52.414831237718083 ], [ 6.851494890249546, 52.414582207706879 ], [ 6.851157436284383, 52.414572096893679 ], [ 6.850620654469743, 52.414553734013737 ], [ 6.849645989229605, 52.414520390849781 ], [ 6.849540297458319, 52.414516905083325 ], [ 6.84694518093519, 52.414427944256005 ], [ 6.84540865119016, 52.41437532487376 ], [ 6.84472779749782, 52.414352003758339 ], [ 6.844599467831691, 52.414347605709082 ], [ 6.844194626415808, 52.414333738140627 ], [ 6.842793922995834, 52.414285741687635 ], [ 6.842374204141187, 52.41427135864658 ], [ 6.842104786417644, 52.414262120813305 ], [ 6.840956049535449, 52.414225397633963 ], [ 6.840767925360482, 52.414218448606171 ], [ 6.840732587539022, 52.414217138557277 ], [ 6.840614280465874, 52.414213970472453 ], [ 6.840604890571644, 52.414213627295155 ], [ 6.83902220096136, 52.414156404088914 ], [ 6.838950674137736, 52.414153820341987 ], [ 6.838190769052926, 52.414025013018232 ], [ 6.836802467036144, 52.413790421185247 ], [ 6.835717911519781, 52.413605823721774 ], [ 6.835051356824588, 52.413492816210365 ], [ 6.83434819143839, 52.413373600728683 ], [ 6.834221144362458, 52.413396177977965 ], [ 6.833422342413964, 52.41353786437157 ], [ 6.833404784736532, 52.413542177671673 ], [ 6.833229426315901, 52.413575348335137 ], [ 6.83322678255629, 52.413575866011527 ], [ 6.833227231407254, 52.413573856040955 ], [ 6.832793462067398, 52.413644320600135 ], [ 6.832543457720299, 52.413681116080724 ], [ 6.832380551725437, 52.413698609930336 ], [ 6.832289175582809, 52.413700354292295 ], [ 6.831788193348153, 52.413695051303606 ], [ 6.831121681589505, 52.413684951267506 ], [ 6.831150080428513, 52.413588901881035 ], [ 6.831150820737261, 52.413588614202858 ], [ 6.831150629715679, 52.413588616532174 ], [ 6.831171429522698, 52.413518286693431 ], [ 6.830207704724015, 52.413229406274844 ], [ 6.829753165998643, 52.413026073170919 ], [ 6.829041938839699, 52.41270689822251 ], [ 6.829100726143304, 52.412545418841162 ], [ 6.828802044728036, 52.412498367982998 ], [ 6.828719761391453, 52.412485401204421 ], [ 6.828077536521656, 52.412390341612806 ], [ 6.827770124413004, 52.412274118226406 ], [ 6.826096688110494, 52.411646655912413 ], [ 6.825954386238616, 52.411593293086931 ], [ 6.825305211051796, 52.411351526045507 ], [ 6.824797139401012, 52.411162307443547 ], [ 6.823132758405873, 52.410546747765494 ], [ 6.822503527628332, 52.410315303444165 ], [ 6.82189865545467, 52.410092819076141 ], [ 6.821494639967286, 52.41005214977919 ], [ 6.819962524395025, 52.409894321756198 ], [ 6.819793320213281, 52.409875865754842 ], [ 6.817204480083372, 52.409054282310784 ], [ 6.816843769385836, 52.408904023074477 ], [ 6.816275881068051, 52.408594969796638 ], [ 6.815954864452383, 52.40839421556209 ], [ 6.815223582065455, 52.407883390470978 ], [ 6.81490344281592, 52.4085078233486 ], [ 6.814654483929314, 52.409004296635914 ], [ 6.814618699979998, 52.409067873770098 ], [ 6.814425486832086, 52.409413877461894 ], [ 6.814157161424371, 52.409894897645451 ], [ 6.814125987486641, 52.409948774159183 ], [ 6.814074394493593, 52.410046815587357 ], [ 6.813973104669502, 52.41023927104208 ], [ 6.813948847261689, 52.410287940592966 ], [ 6.813707942581957, 52.410737573177499 ], [ 6.81360036997253, 52.410938598282705 ], [ 6.813505072862022, 52.411100922823245 ], [ 6.813339642529957, 52.411413286617815 ], [ 6.813323704082572, 52.411428202088246 ], [ 6.813274819237528, 52.411526003752051 ], [ 6.813198708066949, 52.411668888066004 ], [ 6.813164085603391, 52.411736711351644 ], [ 6.81309008003962, 52.411728182364861 ], [ 6.812891430422242, 52.41170244861933 ], [ 6.812884655179396, 52.411701568401796 ], [ 6.812489786989686, 52.41166075820788 ], [ 6.812008906977503, 52.411604163811859 ], [ 6.811577472099883, 52.411556132199401 ], [ 6.811372446826638, 52.411532746754823 ], [ 6.811339219982424, 52.411628507581995 ], [ 6.811300150155652, 52.411747808183897 ], [ 6.810875139749164, 52.413045755415467 ], [ 6.810453263597193, 52.414334044985402 ], [ 6.810441705893349, 52.414365033119722 ], [ 6.810058876021808, 52.415541625280653 ], [ 6.811370779086863, 52.415934499203232 ], [ 6.811957950056816, 52.416114553948098 ], [ 6.812366115152219, 52.416227906798532 ], [ 6.812507865737963, 52.416382927767536 ], [ 6.813933855350681, 52.416810624906383 ], [ 6.811100483992212, 52.418807876430989 ], [ 6.811173384032798, 52.419065514727151 ], [ 6.811065713679469, 52.419639748623105 ], [ 6.811017615605485, 52.41977981343193 ], [ 6.811162477110955, 52.419878223723302 ], [ 6.81213545702649, 52.420449527335904 ], [ 6.811424168981395, 52.420805855911738 ], [ 6.80954296895546, 52.421742937256177 ], [ 6.809201279462588, 52.421912144589726 ], [ 6.808969091631654, 52.422073097130223 ], [ 6.808844377406876, 52.422217999723237 ], [ 6.80894070863426, 52.422278415819228 ], [ 6.808895775337589, 52.422348392804743 ], [ 6.805302568058597, 52.421985013225672 ], [ 6.802237051425364, 52.421675580263035 ], [ 6.802236949551295, 52.421676992702032 ], [ 6.80227527648529, 52.421750969964769 ], [ 6.803114664872931, 52.423307240892278 ], [ 6.803169447937863, 52.423408814100064 ], [ 6.803289189098089, 52.423630795889117 ], [ 6.803972415660412, 52.42489740720459 ], [ 6.80200060295408, 52.424781438017668 ], [ 6.80186819274896, 52.424836466280745 ], [ 6.802229688096491, 52.425221761644607 ], [ 6.802342203453054, 52.425338222790195 ], [ 6.802349426897875, 52.425345704939119 ], [ 6.803040353976348, 52.426080810223112 ], [ 6.803986975350583, 52.427068427984182 ], [ 6.804635248896054, 52.427750992240824 ], [ 6.80472417216544, 52.427843446123433 ], [ 6.805667178982051, 52.42883107600796 ], [ 6.807061061484944, 52.430287698407362 ], [ 6.807119228064319, 52.430350254375554 ], [ 6.807136657715063, 52.430376499075344 ], [ 6.807162507024782, 52.43042728975869 ], [ 6.807176498641336, 52.430441710629303 ], [ 6.807323565732704, 52.430379354864307 ], [ 6.808143885894635, 52.430060540330537 ], [ 6.808726303281484, 52.429832628423206 ], [ 6.808605414742767, 52.430747489717824 ], [ 6.808655530585775, 52.430746106290748 ], [ 6.808682414193572, 52.430746170179162 ], [ 6.808821421161701, 52.430746515351103 ], [ 6.809033363515098, 52.43073988157056 ], [ 6.809297824115308, 52.430738899962385 ], [ 6.809522009975398, 52.430739399131383 ], [ 6.809587963058697, 52.430744863263158 ], [ 6.809652666508745, 52.43075674229798 ], [ 6.809746032163034, 52.430775521939516 ], [ 6.809818188141181, 52.430786385547471 ], [ 6.809897546606775, 52.430790744691656 ], [ 6.81032425208552, 52.430812144267009 ], [ 6.811312716706468, 52.430869476764549 ], [ 6.811373921982918, 52.430906978684028 ], [ 6.811425367665223, 52.430923609372911 ], [ 6.811433216685969, 52.430933546353991 ], [ 6.81143672964198, 52.430947202850227 ], [ 6.811441623581618, 52.430997372704617 ], [ 6.811434479213193, 52.43104497272958 ], [ 6.811415588829932, 52.431176767056733 ], [ 6.811408680235281, 52.431191483682206 ], [ 6.813531797807259, 52.431581006683345 ], [ 6.813553262798139, 52.431584945917812 ], [ 6.81369502107393, 52.431611705932298 ], [ 6.814412751517264, 52.431747184518791 ], [ 6.815330917643195, 52.431922471148113 ], [ 6.815955254015635, 52.432031309423046 ], [ 6.816296691138506, 52.432090830339007 ], [ 6.817187334760393, 52.432244484387866 ], [ 6.817195830763883, 52.432246179556167 ], [ 6.817719455875952, 52.432350948038923 ], [ 6.818640239347848, 52.432525413565614 ], [ 6.818640193135512, 52.432523984923712 ], [ 6.818839684467429, 52.432327265634981 ], [ 6.819459544076241, 52.431698006922531 ], [ 6.820396390346812, 52.432045889989986 ], [ 6.820903301270656, 52.432234117868362 ], [ 6.82148033638159, 52.431624359744738 ], [ 6.821567762857606, 52.431661583906724 ], [ 6.821665034988335, 52.431697673049563 ], [ 6.8232469243718, 52.432369994436151 ], [ 6.823422051818415, 52.432213689932084 ], [ 6.823424329970139, 52.432211656932473 ], [ 6.823429742407813, 52.432213896905168 ], [ 6.823466220896417, 52.432228995139702 ], [ 6.823506358877441, 52.432245607628005 ], [ 6.823540950270743, 52.432259924234607 ], [ 6.823556717657862, 52.432266527588276 ], [ 6.823684097394888, 52.43231987592273 ], [ 6.82374088616815, 52.432343660724804 ], [ 6.823751241738958, 52.432347997120743 ], [ 6.823780701376472, 52.432360335462484 ], [ 6.823822311609639, 52.432377761443597 ], [ 6.823848743340925, 52.432388832233364 ], [ 6.823868497439881, 52.432397105830361 ], [ 6.8238836536672, 52.432403453185195 ], [ 6.824039419029185, 52.432468688662937 ], [ 6.824062071455841, 52.432478175599904 ], [ 6.82406538418595, 52.432479562819161 ], [ 6.824077935921109, 52.432484819954524 ], [ 6.8241499619104, 52.432514985066319 ], [ 6.824281214899125, 52.432569954082112 ], [ 6.824308655708147, 52.43258138735677 ], [ 6.824799503716944, 52.432785896857808 ], [ 6.824861400055958, 52.432811684743399 ], [ 6.824922828950785, 52.432837160071124 ], [ 6.825057266828671, 52.432892914744563 ], [ 6.825124986791642, 52.432921000323198 ], [ 6.825129373103904, 52.432921843248856 ], [ 6.825133495953349, 52.43292308667283 ], [ 6.825167415439829, 52.432938597475314 ], [ 6.825243318075263, 52.43297007665776 ], [ 6.825353006401535, 52.43301556705525 ], [ 6.825372357987175, 52.433023519901475 ], [ 6.825444533117397, 52.433053151195296 ], [ 6.825611238236519, 52.433121131782805 ], [ 6.825611773519009, 52.433121357190892 ], [ 6.82564814461435, 52.433135412480382 ], [ 6.82618412279824, 52.433333727866902 ], [ 6.826331818230848, 52.433372601988275 ], [ 6.826340243540142, 52.433374818708252 ], [ 6.826420889017425, 52.43339774880387 ], [ 6.826460612115203, 52.433383315702883 ], [ 6.826686831841709, 52.433300324732905 ], [ 6.826723168958202, 52.433189179284838 ], [ 6.826763846254043, 52.433064759604058 ], [ 6.826767972478176, 52.43305213607151 ], [ 6.826799411241708, 52.432955974950239 ], [ 6.826829599597291, 52.432955368954559 ], [ 6.826851906163659, 52.432954921666706 ], [ 6.826920604113424, 52.432953542883382 ], [ 6.826951224540729, 52.432952928009591 ], [ 6.826961881779685, 52.432952193534071 ], [ 6.827022858415725, 52.432951385842038 ], [ 6.827199435957184, 52.432947945878048 ], [ 6.827562583750614, 52.432940656011645 ], [ 6.827642384945097, 52.432939053705361 ], [ 6.828155161773252, 52.432928757641889 ], [ 6.828228582392374, 52.432927576826373 ], [ 6.828773622794677, 52.432921969583631 ], [ 6.828852390717507, 52.432921289591789 ], [ 6.828926913687301, 52.432920903010661 ], [ 6.828988770835994, 52.432920581562847 ], [ 6.829058537112107, 52.432920218639985 ], [ 6.829201030928452, 52.432917128548254 ], [ 6.829335494947242, 52.432914213349818 ], [ 6.829316218685883, 52.433029487203584 ], [ 6.829192957803756, 52.433766998584517 ], [ 6.829268953361915, 52.433769786659234 ], [ 6.829318938238786, 52.433771694062266 ], [ 6.829470444218683, 52.433781560820911 ], [ 6.829486091348392, 52.433782580181671 ], [ 6.82950964527883, 52.433784113598712 ], [ 6.82966989327921, 52.433791510529581 ], [ 6.829753805890758, 52.433793320092263 ], [ 6.829781887902017, 52.433793903935658 ], [ 6.829790915943763, 52.433798857321428 ], [ 6.829935150544874, 52.433803560844183 ], [ 6.829937435302845, 52.433803721779043 ], [ 6.829999735314122, 52.433805623617161 ], [ 6.830006775547105, 52.433805901008242 ], [ 6.830180078133881, 52.433812739141793 ], [ 6.831048164642297, 52.433773208476794 ], [ 6.83111744094279, 52.433769911918816 ], [ 6.831464901307378, 52.433735301334764 ], [ 6.831464988133534, 52.433680015267612 ], [ 6.831464952094774, 52.433663500765661 ], [ 6.831464935137338, 52.433655726644368 ], [ 6.831464931647472, 52.433654222877152 ], [ 6.831464892904513, 52.43365308088557 ], [ 6.831462036758754, 52.433570932909191 ], [ 6.831462429834183, 52.433539719343976 ], [ 6.831464359419818, 52.433386159799078 ], [ 6.831464915893857, 52.433309666349636 ], [ 6.831464919092277, 52.433264344374862 ], [ 6.831464936162912, 52.433020824933827 ], [ 6.831464935141372, 52.433018991250918 ], [ 6.831692235379293, 52.433018997109031 ], [ 6.832362197809404, 52.43302001164593 ], [ 6.832368663213902, 52.432966710646468 ], [ 6.832383291046821, 52.432766623387458 ], [ 6.83296765266705, 52.432813784146781 ], [ 6.833017383451767, 52.432643470374707 ], [ 6.833053809179466, 52.432518929474 ], [ 6.833065074362313, 52.432472938776975 ], [ 6.833075588441856, 52.43244446904496 ], [ 6.833127703150445, 52.432266126157536 ], [ 6.833186667382173, 52.432272035537004 ], [ 6.833230835992027, 52.432276462600626 ], [ 6.833518348962273, 52.432305211899141 ], [ 6.833560652370296, 52.432309442290538 ], [ 6.833573370316283, 52.432310707211101 ], [ 6.833598259670844, 52.432313703044912 ], [ 6.833668814488529, 52.432322196028686 ], [ 6.833716966218359, 52.432327991790849 ], [ 6.833749061468391, 52.432329185448033 ], [ 6.833737813131599, 52.432375533762702 ], [ 6.833730574564651, 52.43242218007223 ], [ 6.833731361245358, 52.432435044092557 ], [ 6.833735576493858, 52.43244765590709 ], [ 6.833743107779311, 52.432459677116555 ], [ 6.83375375189887, 52.432470784810711 ], [ 6.833767222621201, 52.432480680463691 ], [ 6.833808064804451, 52.432500127619306 ], [ 6.833853601823011, 52.432515184865473 ], [ 6.833900035067725, 52.432522882879596 ], [ 6.833947881739864, 52.432525952404937 ], [ 6.833994235550895, 52.432524697700423 ], [ 6.834039999587125, 52.432520022787223 ], [ 6.834084501065743, 52.432511996108289 ], [ 6.834202613536888, 52.432487946697982 ], [ 6.83424175996455, 52.432483682432753 ], [ 6.834281483273164, 52.432482578727843 ], [ 6.834333255332349, 52.432485343963833 ], [ 6.834384564004702, 52.432490397970781 ], [ 6.834413129222917, 52.43249300895117 ], [ 6.834442011924226, 52.432493096510562 ], [ 6.834470617920756, 52.432490658919889 ], [ 6.834596291873323, 52.432469393112832 ], [ 6.834745463898636, 52.432439340288383 ], [ 6.83478333982003, 52.432493255511673 ], [ 6.834984897889278, 52.432779473506464 ], [ 6.835046058515106, 52.432878734329229 ], [ 6.83511320951227, 52.432987126334901 ], [ 6.8352107134313, 52.433200198301861 ], [ 6.83526225612971, 52.433358299821236 ], [ 6.835268549745483, 52.433377602538719 ], [ 6.835272440405915, 52.433389536924558 ], [ 6.835276806486314, 52.433402966612611 ], [ 6.835220946563561, 52.433415397725796 ], [ 6.835203937466158, 52.43341918315771 ], [ 6.834796606664524, 52.433509857442971 ], [ 6.834861877288612, 52.433782292200313 ], [ 6.834894183608637, 52.433979514094823 ], [ 6.834913737183255, 52.434098896828246 ], [ 6.834907895395015, 52.434099246874808 ], [ 6.834928274669258, 52.434216893680542 ], [ 6.834928381981714, 52.434217476634885 ], [ 6.834943816145572, 52.434309386286827 ], [ 6.834944054291239, 52.434310821569234 ], [ 6.834960341416579, 52.434412617358497 ], [ 6.834992527472815, 52.434622766436981 ], [ 6.834912177458432, 52.434627505750825 ], [ 6.834586904524659, 52.434637772760517 ], [ 6.834677853416379, 52.43510001119288 ], [ 6.834679000239072, 52.435103463223676 ], [ 6.83469964854701, 52.435165632067751 ], [ 6.834701582848809, 52.435169463686414 ], [ 6.834748649208723, 52.435262736005413 ], [ 6.834751435270009, 52.435266978784888 ], [ 6.834779765551486, 52.435309870945773 ], [ 6.834788430829917, 52.435319533077426 ], [ 6.834828935030252, 52.435364698012421 ], [ 6.834915750153894, 52.435434983075346 ], [ 6.835026124416152, 52.435494062448512 ], [ 6.835046739469518, 52.435502740758778 ], [ 6.835051665078762, 52.435504814473425 ], [ 6.83504660458131, 52.435637235894518 ], [ 6.835046116653603, 52.436123036346913 ], [ 6.835493200524083, 52.436155728086405 ], [ 6.835569805951871, 52.436226116832209 ], [ 6.835646950145338, 52.436524569320774 ], [ 6.83562471223659, 52.436911400407787 ], [ 6.835620495373563, 52.436927523768567 ], [ 6.83550767067535, 52.437358967690635 ], [ 6.835423524271765, 52.43743120493729 ], [ 6.835068032690343, 52.437420251658139 ], [ 6.83506580682922, 52.43742014403292 ], [ 6.835010684866691, 52.437417482933228 ], [ 6.834901708411652, 52.437416689854388 ], [ 6.834680119464378, 52.437419005775311 ], [ 6.834489162501407, 52.437426453516728 ], [ 6.83427468968747, 52.437426763548729 ], [ 6.834028741405786, 52.437413552108502 ], [ 6.833731634224542, 52.437385773976388 ], [ 6.833398502990516, 52.437333536206829 ], [ 6.833151338502306, 52.437299735704258 ], [ 6.832567049737746, 52.437202147908913 ], [ 6.832443384507632, 52.437182236658828 ], [ 6.832365370218137, 52.437170828971233 ], [ 6.832128890166723, 52.437138981379782 ], [ 6.830732442005607, 52.436950920461022 ], [ 6.830517063257335, 52.436885509420165 ], [ 6.830188105581613, 52.436786298042243 ], [ 6.829555942353174, 52.436597599392229 ], [ 6.829496693639854, 52.436581093061989 ], [ 6.829482602437722, 52.436577167582655 ], [ 6.829458097833624, 52.436570337900079 ], [ 6.829057118206706, 52.436449502478233 ], [ 6.828932291551125, 52.436411885914957 ], [ 6.828894093793682, 52.436400293373929 ], [ 6.828793843930286, 52.436369869627775 ], [ 6.82853295904014, 52.436290957682104 ], [ 6.82848360040027, 52.436276349373735 ], [ 6.828422232164852, 52.436258185617341 ], [ 6.828389561074848, 52.436248515771439 ], [ 6.828273135090071, 52.436214065503862 ], [ 6.827960192191319, 52.436115580818878 ], [ 6.827861451099624, 52.436082265156671 ], [ 6.827730487011719, 52.436034959366886 ], [ 6.827633745971453, 52.435999821457138 ], [ 6.827605726541186, 52.435988009457645 ], [ 6.827562616361893, 52.435969837178888 ], [ 6.82754698991469, 52.435960394004979 ], [ 6.827521070378061, 52.435944730866076 ], [ 6.827462655894555, 52.435909432417148 ], [ 6.827364161564753, 52.43586424198255 ], [ 6.827085497895601, 52.435714674404799 ], [ 6.827063155789379, 52.435702682708282 ], [ 6.826888122731861, 52.43561402975498 ], [ 6.826837494568189, 52.435588387301493 ], [ 6.826826535090544, 52.435582835147919 ], [ 6.826747516270581, 52.435542812417722 ], [ 6.826673692444584, 52.435505421316009 ], [ 6.826665355893001, 52.435501199060724 ], [ 6.82665532060518, 52.435496115657017 ], [ 6.826644607953038, 52.435490689924677 ], [ 6.826624959087911, 52.435480782256079 ], [ 6.82662169793918, 52.435479136504476 ], [ 6.826616775655141, 52.435476655214707 ], [ 6.826563983418547, 52.435450033108417 ], [ 6.826552849900426, 52.435444418326135 ], [ 6.826500933992555, 52.435418239472895 ], [ 6.826487923979423, 52.435411678504103 ], [ 6.826426322027137, 52.435380614202344 ], [ 6.82642366949096, 52.435379276553881 ], [ 6.826363522487982, 52.435348945997106 ], [ 6.826363305667404, 52.435348836272702 ], [ 6.826282713047668, 52.435308195060109 ], [ 6.826247377945153, 52.435290376389233 ], [ 6.826235069269188, 52.435284169117253 ], [ 6.826226963699411, 52.435280082451449 ], [ 6.826169808871892, 52.435251259705367 ], [ 6.826161673385839, 52.43524715721896 ], [ 6.826106031821945, 52.435219098076054 ], [ 6.826090963009537, 52.435211498711013 ], [ 6.826071345790385, 52.43520160674732 ], [ 6.826012062017909, 52.435171711368547 ], [ 6.826009463307401, 52.435170400023203 ], [ 6.826002183102337, 52.435166728482145 ], [ 6.825962317729145, 52.435146624997714 ], [ 6.825904995817799, 52.435117718762825 ], [ 6.825799376812254, 52.435064171403951 ], [ 6.825740363265042, 52.435034252834569 ], [ 6.825693844818113, 52.435010668738094 ], [ 6.825378002414521, 52.43485053844919 ], [ 6.825366424107179, 52.434844668285535 ], [ 6.825362488411786, 52.434842672939666 ], [ 6.824387267827245, 52.435006262329125 ], [ 6.824319088900851, 52.435017698849464 ], [ 6.82425877063582, 52.435027817506807 ], [ 6.824093950999917, 52.435055467031489 ], [ 6.824076499686266, 52.435067104237028 ], [ 6.823238848587805, 52.435521026170768 ], [ 6.823667801450945, 52.43558740933441 ], [ 6.823638291702267, 52.435672809123183 ], [ 6.824329866611795, 52.43585172713415 ], [ 6.825635309346782, 52.436198827473127 ], [ 6.827058196809005, 52.436564000544436 ], [ 6.826663195120534, 52.437105470679008 ], [ 6.82699734973185, 52.437089580619244 ], [ 6.827176769653371, 52.437128954460796 ], [ 6.827246142546387, 52.437257656122632 ], [ 6.827528849363339, 52.437376815808165 ], [ 6.827518946157988, 52.437390670933205 ], [ 6.827921495391892, 52.43759210214133 ], [ 6.828311549220911, 52.437704201621351 ], [ 6.829078038913026, 52.437838900348275 ], [ 6.829312790440607, 52.437895287238099 ], [ 6.829415052612958, 52.437113266621623 ], [ 6.830453768483869, 52.437233352023156 ], [ 6.830501441661243, 52.436945861081441 ], [ 6.830649114264565, 52.436970470540167 ], [ 6.831984668162549, 52.437167841376777 ], [ 6.834578745748861, 52.437554994028083 ], [ 6.835932755939452, 52.43775074682403 ], [ 6.836544158827217, 52.4378391235416 ], [ 6.836544930960101, 52.437017223014827 ], [ 6.836548053129237, 52.436280982924302 ], [ 6.836547813836766, 52.435906390524025 ], [ 6.836904384732852, 52.436030098370686 ], [ 6.837374375857813, 52.436193153529963 ], [ 6.837558330177821, 52.436265687444319 ], [ 6.837746897093187, 52.436350595977409 ], [ 6.837851404286161, 52.436405666425735 ], [ 6.837960748349518, 52.436466951664386 ], [ 6.838051910704142, 52.436523641543126 ], [ 6.838113088124151, 52.436565184110862 ], [ 6.838155129844031, 52.436581567935725 ], [ 6.838216092560253, 52.436594133487127 ], [ 6.838246762594089, 52.436601011689127 ], [ 6.838259004538815, 52.436604313395954 ], [ 6.838431818380953, 52.43671913947999 ], [ 6.838612458339155, 52.436824125668601 ], [ 6.839131148932955, 52.437145021227586 ], [ 6.839211213438362, 52.43719509573404 ], [ 6.839254909656713, 52.437222425119522 ], [ 6.839323742778727, 52.437265482210741 ], [ 6.83960742797735, 52.437438974057116 ], [ 6.839734206055201, 52.437516843830551 ], [ 6.83984741853824, 52.437589171992563 ], [ 6.839952348518577, 52.437652469093713 ], [ 6.840201652084064, 52.43780447569776 ], [ 6.84027838447463, 52.437851093759413 ], [ 6.840541781056944, 52.438029982805823 ], [ 6.8408719268144, 52.43825459573916 ], [ 6.840973645153589, 52.438325248173278 ], [ 6.840983233011718, 52.438331907996869 ], [ 6.841373943962904, 52.43861402311564 ], [ 6.841686452586665, 52.438848603076281 ], [ 6.841952225471699, 52.439053778815634 ], [ 6.842230205161761, 52.439261527620815 ], [ 6.842328544332968, 52.439344678771732 ], [ 6.842339044903607, 52.439354032878363 ], [ 6.842466181851043, 52.439484083827104 ], [ 6.842475009870026, 52.439493116897346 ], [ 6.842478642795532, 52.439494456529836 ], [ 6.842624782230879, 52.439548445116635 ], [ 6.844061440271129, 52.440328597034807 ], [ 6.844194553521137, 52.440290609617875 ] ] ] ] } },
{ "type": "Feature", "properties": { "buurtcode": "BU01830600", "buurtnaam": "Reutum kern", "pc6_codes": "7667NA, 7667NB, 7667PA, 7667PB, 7667PC, 7667PD, 7667PE, 7667PG, 7667PM, 7667PN, 7667PP, 7667PR, 7667PS, 7667PT, 7667PV, 7667PW, 7667PX, 7667PZ, 7667RH, 7667SJ, 7667TA, 7667TC, 7667TE, 7667TG, 7667TH", "wijkcode": "WK018306", "gemeentecode": "GM0183", "gemeentenaam": "Tubbergen", "oppervlakteLandInHa": 43, "AantalInwoners_5": 700, "Mannen_6": 365, "Vrouwen_7": 335, "HuishoudensTotaal_29": 280, "GemiddeldeHuishoudensgrootte_33": 2.5, "Woningvoorraad_35": 278, "NieuwbouwWoningen_36": 2, "NietWoningvoorraad_37": 22, "NieuwbouwNietWoningen_38": 0, "GemiddeldeWOZWaardeVanWoningen_39": 438, "PercentageEengezinswoning_40": 86, "PercentageTussenwoningEengezins_41": 5, "PercentageHoekwoningEengezins_42": 3, "PercentageTweeOnderEenKapWoningEe_43": 27, "PercentageVrijstaandeWoningEengezins_44": 51, "PercentageMeergezinswoning_45": 14, "Koopwoningen_47": 83, "HuurwoningenTotaal_48": 16, "InBezitWoningcorporatie_49": 4, "InBezitOverigeVerhuurders_50": 12, "BouwjaarMeerDanTienJaarGeleden_51": 92, "BouwjaarAfgelopenTienJaar_52": 8, "GemiddeldeElektriciteitslevering_53": 3450, "GemiddeldeElektriciteitsteruglevering_54": 1710, "GemiddeldAardgasverbruik_55": 1150, "AardgasvrijeWoningen_57": 7, "Aardgaswoningen_58": 75, "WoningenMetZonnestroom_59": 52, "WoningenHoofdzElektrVerwarmd_60": 15, "k_20PersonenMetHoogsteInkomen_80": 17.9, "k_20HuishoudensMetHoogsteInkomen_85": 29.1, "MediaanVermogenVanParticuliereHuish_86": 383.4, "PersonenautoSTotaal_104": 405, "PersonenautoSBrandstofBenzine_105": 325, "PersonenautoSOverigeBrandstof_106": 80, "PersonenautoSPerHuishouden_107": 1.4, "Omgevingsadressendichtheid_121": 107, "AantalInstallatiesBijWoningen_5": 92, "OpgesteldVermogenVanZonnepanelen_6": 515, "installaties_per_woning": 0.33093525179856115, "vermogen_per_woning": 1.8525179856115108, "installaties_per_100_woningen": 33.093525179856115, "vermogen_per_huishouden": 1.8392857142857142, "batterijdruk_score": 889.2, "koop_zon_score": 0.4316, "eengezins_zon_score": 0.4472, "betaalkracht_zon_score": 199.368, "overige_brandstof_zon_score": 41.6, "lichte_batterij_kansscore": 0.49276220647460167 }, "geometry": { "type": "MultiPolygon", "coordinates": [ [ [ [ 6.842180500499791, 52.397488718791344 ], [ 6.842378799798463, 52.3975060289333 ], [ 6.842403798562875, 52.397390276851247 ], [ 6.842431326329631, 52.397262811843746 ], [ 6.842471254207489, 52.397107067576336 ], [ 6.842482604696495, 52.397066738274866 ], [ 6.842558676615079, 52.39687617561848 ], [ 6.842678676259773, 52.396658106463335 ], [ 6.842845821506063, 52.396404279837547 ], [ 6.843093654344558, 52.396030314228277 ], [ 6.843412404615516, 52.396136532476355 ], [ 6.843597979586347, 52.396198371123944 ], [ 6.843872571593772, 52.396289872026259 ], [ 6.844041071645224, 52.396100636597637 ], [ 6.844061955094305, 52.396076025362568 ], [ 6.844058668983715, 52.396074981754552 ], [ 6.844240407872229, 52.395686660192283 ], [ 6.844336478073099, 52.395481385344333 ], [ 6.844549083565096, 52.395118074828318 ], [ 6.845051041358534, 52.394265889360085 ], [ 6.845056443422949, 52.394249793109218 ], [ 6.845318940567087, 52.393737341052244 ], [ 6.845343740563909, 52.393688924823195 ], [ 6.845367706626975, 52.393642136844292 ], [ 6.845383478390282, 52.393611692559432 ], [ 6.845493662092887, 52.393399011258744 ], [ 6.845524152223893, 52.39334014551995 ], [ 6.845533998213202, 52.393313857825078 ], [ 6.84578255862007, 52.393031656304167 ], [ 6.845782517789183, 52.393031397929789 ], [ 6.845806814869703, 52.393007363617741 ], [ 6.845831705353093, 52.392982744008464 ], [ 6.845848232539985, 52.392981598332184 ], [ 6.846473890009809, 52.393153279442565 ], [ 6.846573255260983, 52.393180545390827 ], [ 6.846621560612165, 52.393150359620286 ], [ 6.8466606568462, 52.393125320199701 ], [ 6.846767124385858, 52.393057130817212 ], [ 6.846967655232028, 52.392928707000635 ], [ 6.846581793639565, 52.392720715890292 ], [ 6.846661520627733, 52.392657162792034 ], [ 6.846791506236891, 52.392548441435103 ], [ 6.846818538864407, 52.39252152462403 ], [ 6.846865323586512, 52.392468356041128 ], [ 6.846896234234602, 52.39242901740343 ], [ 6.846922800659775, 52.392383406006502 ], [ 6.846948825839728, 52.392323776944082 ], [ 6.846464517696655, 52.392298003392263 ], [ 6.846463907900845, 52.392298135853892 ], [ 6.846489678053493, 52.392264961393806 ], [ 6.846543450695126, 52.392195731887966 ], [ 6.846712717645083, 52.391977823806421 ], [ 6.846848958658289, 52.391802426267375 ], [ 6.847284948295494, 52.391241127589034 ], [ 6.847312122629271, 52.391206149536075 ], [ 6.847314997856692, 52.391202446636967 ], [ 6.847152165417495, 52.391175807722561 ], [ 6.847210172192112, 52.391093623122131 ], [ 6.847331053055452, 52.390922355102511 ], [ 6.847780236345478, 52.39028595731142 ], [ 6.847827799133416, 52.390218569182267 ], [ 6.847872266736957, 52.390155566214617 ], [ 6.847947902374349, 52.390041059237866 ], [ 6.848190200689933, 52.389674264744023 ], [ 6.848490771558827, 52.389323775130059 ], [ 6.84857449336369, 52.389226146850916 ], [ 6.848217910202122, 52.388937182588066 ], [ 6.848616992004503, 52.388662383984673 ], [ 6.848742061706727, 52.388576425796678 ], [ 6.848763466949122, 52.388561716468246 ], [ 6.849146248105107, 52.388181574194604 ], [ 6.849184468654337, 52.388143616066479 ], [ 6.849221066499817, 52.388113384080455 ], [ 6.84926573993028, 52.388083456829733 ], [ 6.84932582816051, 52.388057333780566 ], [ 6.849298767921259, 52.387944594119652 ], [ 6.849291480662044, 52.387926773916611 ], [ 6.84927814194413, 52.387908327334202 ], [ 6.849269705907554, 52.387898969009768 ], [ 6.849253938452792, 52.387885990658802 ], [ 6.849240987451336, 52.387877379340999 ], [ 6.849231779110826, 52.387872576197921 ], [ 6.849079543145947, 52.38780564709414 ], [ 6.849049604443085, 52.387794001497348 ], [ 6.849005533405305, 52.387782064805947 ], [ 6.848977994380024, 52.387776937908349 ], [ 6.848931014119412, 52.38777224884479 ], [ 6.848923321832819, 52.387773320024046 ], [ 6.848876452684428, 52.387754941397198 ], [ 6.848865183812045, 52.387748151974058 ], [ 6.848848256435744, 52.387737015320035 ], [ 6.848819809512756, 52.387702536729748 ], [ 6.848814375386241, 52.387695950310167 ], [ 6.848682338202988, 52.387629822973018 ], [ 6.848652469992928, 52.387654740214572 ], [ 6.848566675567096, 52.38756082365007 ], [ 6.848492022870248, 52.387554832905671 ], [ 6.848391622266862, 52.387587866708465 ], [ 6.84816681987376, 52.387661832140012 ], [ 6.848167497767363, 52.38766501480233 ], [ 6.848146290662593, 52.387970905254335 ], [ 6.848107713866549, 52.388073476341177 ], [ 6.847315019609955, 52.387609187286706 ], [ 6.84706768238879, 52.387470462926267 ], [ 6.847067062698009, 52.387470114612206 ], [ 6.845981705834153, 52.386841308232441 ], [ 6.845940616080368, 52.386820807781028 ], [ 6.845894940252951, 52.386804247000654 ], [ 6.845444462162918, 52.386667370012681 ], [ 6.843945367205104, 52.386226618044546 ], [ 6.843902544671047, 52.386232906899757 ], [ 6.843796378472267, 52.386236604470518 ], [ 6.843799392229692, 52.386238904473302 ], [ 6.843799815879946, 52.386242854336274 ], [ 6.843358259146503, 52.386857234256269 ], [ 6.842434836985041, 52.388142259716886 ], [ 6.842435644206848, 52.388152523996069 ], [ 6.842569125370413, 52.388962785788848 ], [ 6.842670472845038, 52.38957799354376 ], [ 6.842639369077759, 52.389585117593256 ], [ 6.8427376542305, 52.390171611307593 ], [ 6.842753216678054, 52.390264475609328 ], [ 6.842769171581002, 52.390359713518663 ], [ 6.842684203926391, 52.390485747582247 ], [ 6.842609195988248, 52.390680180744141 ], [ 6.843010740296982, 52.391137779671304 ], [ 6.843160367558451, 52.391307229950208 ], [ 6.843111886712939, 52.3913663792869 ], [ 6.842866170890542, 52.391675424847051 ], [ 6.842842518981759, 52.391710312685177 ], [ 6.843743688621072, 52.391901233741585 ], [ 6.843641112839689, 52.392096806731743 ], [ 6.843635700865138, 52.392100675581055 ], [ 6.843394533931499, 52.392627258057665 ], [ 6.843378454191422, 52.392665260947965 ], [ 6.843370433307728, 52.392684214517963 ], [ 6.843361962594279, 52.392704234298826 ], [ 6.843335299330339, 52.392768787245977 ], [ 6.843318918341197, 52.392808445972896 ], [ 6.843282368690609, 52.392894388010447 ], [ 6.843281074232481, 52.39289693607715 ], [ 6.843081559091429, 52.393289448086669 ], [ 6.84308040969231, 52.393289748965444 ], [ 6.842991602530786, 52.393285663601247 ], [ 6.842952890602263, 52.393352872494617 ], [ 6.842778889581183, 52.393539613262639 ], [ 6.842551144659887, 52.39337817376002 ], [ 6.841757848111261, 52.393017078799424 ], [ 6.84175539065521, 52.393018710798806 ], [ 6.841650022831221, 52.393057699977057 ], [ 6.841428008814408, 52.393138023348371 ], [ 6.841393507970362, 52.39315051014033 ], [ 6.841091469828256, 52.393259973293198 ], [ 6.840978804897664, 52.393300772838259 ], [ 6.840908672724257, 52.393516996581248 ], [ 6.840850239259273, 52.393698847291923 ], [ 6.840823617929797, 52.393873134273193 ], [ 6.840544490435271, 52.393855698520966 ], [ 6.840380307784355, 52.393845848906224 ], [ 6.840363720428367, 52.393843650723504 ], [ 6.840353179587886, 52.393894139817156 ], [ 6.84031265589605, 52.394082257581026 ], [ 6.840308610091194, 52.394112563510845 ], [ 6.840281770718379, 52.394313873312882 ], [ 6.840254599222858, 52.394357227182738 ], [ 6.839886062361943, 52.394265947758413 ], [ 6.83959737109631, 52.394194438207279 ], [ 6.839453740563902, 52.394158860016056 ], [ 6.839378343424833, 52.39414018310773 ], [ 6.839353732457639, 52.394134100278791 ], [ 6.838420905798683, 52.393905697257914 ], [ 6.838093332643438, 52.394354783352732 ], [ 6.837975211111575, 52.394516734786009 ], [ 6.837770408677347, 52.394456466863112 ], [ 6.837743682389174, 52.394483428123642 ], [ 6.837603314948878, 52.394576809351186 ], [ 6.837506897897526, 52.394574980289477 ], [ 6.837206269473742, 52.394559791971218 ], [ 6.837148249595868, 52.394554102620013 ], [ 6.837020850721534, 52.394550323641909 ], [ 6.836986750052701, 52.394556251401838 ], [ 6.836967239538936, 52.394563960024378 ], [ 6.836928356486554, 52.394586737383179 ], [ 6.836905150087674, 52.394612662980656 ], [ 6.83689074251727, 52.394761005122923 ], [ 6.836893233232233, 52.394761144509246 ], [ 6.836982680985587, 52.394766146174589 ], [ 6.836982239209638, 52.394798399742371 ], [ 6.836955715222405, 52.395057908930362 ], [ 6.836984943099349, 52.395059141997976 ], [ 6.837285381367475, 52.395071876600085 ], [ 6.837538038660507, 52.395082584600452 ], [ 6.837751903811027, 52.395091648746714 ], [ 6.837799077245929, 52.395093647788578 ], [ 6.837845935806962, 52.395095633591545 ], [ 6.837913474269906, 52.39509797808747 ], [ 6.837954568029647, 52.395150786965267 ], [ 6.838091932309202, 52.395514425629287 ], [ 6.838077578835008, 52.395558916248902 ], [ 6.838084971341096, 52.39558049760263 ], [ 6.838112031866008, 52.395621244683561 ], [ 6.838112377174387, 52.395621648542104 ], [ 6.838116340406378, 52.395626278629202 ], [ 6.838209955295587, 52.395819550509664 ], [ 6.838355338903084, 52.396095926334667 ], [ 6.838510544099039, 52.396413242332621 ], [ 6.83853397745278, 52.396461566384971 ], [ 6.838575961991776, 52.396563478836278 ], [ 6.838594353600349, 52.396735981793348 ], [ 6.838473131014108, 52.396959949274724 ], [ 6.838326485029404, 52.397087490089866 ], [ 6.838335883806969, 52.39709041398784 ], [ 6.838443707892883, 52.397123959723992 ], [ 6.839173020130315, 52.3973508466703 ], [ 6.838933747571641, 52.398621936208357 ], [ 6.841926208171779, 52.398769508904458 ], [ 6.842180500499791, 52.397488718791344 ] ] ] ] } },
{ "type": "Feature", "properties": { "buurtcode": "BU01830609", "buurtnaam": "Verspreide huizen Reutum", "pc6_codes": "7667PB, 7667PC, 7667PE, 7667PG, 7667PH, 7667PJ, 7667PK, 7667PL, 7667PM, 7667PV, 7667RC, 7667RE, 7667RH, 7667RJ, 7667RK, 7667RL, 7667RM, 7667RP, 7667RR, 7667RS, 7667RT, 7667RV, 7667RW, 7667SC, 7667SE, 7667SG, 7667SH, 7667SJ, 7667SK, 7667SM", "wijkcode": "WK018306", "gemeentecode": "GM0183", "gemeentenaam": "Tubbergen", "oppervlakteLandInHa": 1165, "AantalInwoners_5": 565, "Mannen_6": 305, "Vrouwen_7": 265, "HuishoudensTotaal_29": 235, "GemiddeldeHuishoudensgrootte_33": 2.4, "Woningvoorraad_35": 247, "NieuwbouwWoningen_36": 3, "NietWoningvoorraad_37": 70, "NieuwbouwNietWoningen_38": 0, "GemiddeldeWOZWaardeVanWoningen_39": 420, "PercentageEengezinswoning_40": 73, "PercentageTussenwoningEengezins_41": 0, "PercentageHoekwoningEengezins_42": 0, "PercentageTweeOnderEenKapWoningEe_43": 12, "PercentageVrijstaandeWoningEengezins_44": 61, "PercentageMeergezinswoning_45": 27, "Koopwoningen_47": 61, "HuurwoningenTotaal_48": 39, "InBezitWoningcorporatie_49": 0, "InBezitOverigeVerhuurders_50": 39, "BouwjaarMeerDanTienJaarGeleden_51": 96, "BouwjaarAfgelopenTienJaar_52": 4, "GemiddeldeElektriciteitslevering_53": 3980, "GemiddeldeElektriciteitsteruglevering_54": 2140, "GemiddeldAardgasverbruik_55": 1390, "AardgasvrijeWoningen_57": 5, "Aardgaswoningen_58": 58, "WoningenMetZonnestroom_59": 35, "WoningenHoofdzElektrVerwarmd_60": 8, "k_20PersonenMetHoogsteInkomen_80": 14.9, "k_20HuishoudensMetHoogsteInkomen_85": 29.6, "MediaanVermogenVanParticuliereHuish_86": 432.0, "PersonenautoSTotaal_104": 350, "PersonenautoSBrandstofBenzine_105": 265, "PersonenautoSOverigeBrandstof_106": 85, "PersonenautoSPerHuishouden_107": 1.5, "Omgevingsadressendichtheid_121": 55, "AantalInstallatiesBijWoningen_5": 41, "OpgesteldVermogenVanZonnepanelen_6": 291, "installaties_per_woning": 0.16599190283400811, "vermogen_per_woning": 1.1781376518218623, "installaties_per_100_woningen": 16.599190283400812, "vermogen_per_huishouden": 1.2382978723404254, "batterijdruk_score": 749.0, "koop_zon_score": 0.2135, "eengezins_zon_score": 0.2555, "betaalkracht_zon_score": 151.2, "overige_brandstof_zon_score": 29.75, "lichte_batterij_kansscore": 0.40126024120466114 }, "geometry": { "type": "MultiPolygon", "coordinates": [ [ [ [ 6.862338188747549, 52.407816150606514 ], [ 6.86234693927241, 52.407655739755988 ], [ 6.862359067674627, 52.407433389908704 ], [ 6.862355755999065, 52.407363534225446 ], [ 6.862359394503263, 52.407297151516836 ], [ 6.862590018373782, 52.403087461524912 ], [ 6.862597986738941, 52.40294195918969 ], [ 6.862604502862826, 52.40282300992336 ], [ 6.862620548712076, 52.402698081188447 ], [ 6.862628222338826, 52.402632852617046 ], [ 6.862673603735836, 52.402248141108458 ], [ 6.862681201321448, 52.402183722467299 ], [ 6.862687735026372, 52.402128395786136 ], [ 6.862720095745508, 52.401037873863636 ], [ 6.862722245739228, 52.400965657880924 ], [ 6.862744597642901, 52.400844776346609 ], [ 6.8627498986791, 52.400731720846025 ], [ 6.862761946706628, 52.400548576339936 ], [ 6.862847744669481, 52.399243912478674 ], [ 6.862849831508836, 52.399212155931899 ], [ 6.862872474641837, 52.398835826382985 ], [ 6.862886598699576, 52.398601221871665 ], [ 6.86288749965084, 52.398586361108329 ], [ 6.862893383236573, 52.398471842093407 ], [ 6.862894796657994, 52.398441487201822 ], [ 6.862914546062457, 52.398015368607325 ], [ 6.862950873265507, 52.397485231393738 ], [ 6.863002525326372, 52.396731449865321 ], [ 6.863057414999044, 52.395930229738653 ], [ 6.863063794157771, 52.395837223719639 ], [ 6.863065611889243, 52.395810630085961 ], [ 6.863067363023369, 52.39578512493042 ], [ 6.863096320097317, 52.395362450833211 ], [ 6.863098998644786, 52.395323325026929 ], [ 6.86313061505596, 52.394861848903524 ], [ 6.863199060657998, 52.393862552273497 ], [ 6.863222251728542, 52.393523995426285 ], [ 6.863240422363491, 52.393258796083117 ], [ 6.863268230503698, 52.392864351970829 ], [ 6.863275325803826, 52.392764199812142 ], [ 6.863276203046177, 52.392751721362444 ], [ 6.863446189821404, 52.390349906196498 ], [ 6.863451274585539, 52.390278066915343 ], [ 6.863487214163746, 52.389770162829329 ], [ 6.863567341360577, 52.388637756197994 ], [ 6.863592468620107, 52.388319543437959 ], [ 6.863614658362484, 52.388038401318141 ], [ 6.863606917605529, 52.387739061562648 ], [ 6.863590690962583, 52.387111833737393 ], [ 6.863583786443092, 52.386845077045024 ], [ 6.863574883713638, 52.38643897322838 ], [ 6.863571399822917, 52.386325145998505 ], [ 6.863571157060316, 52.386317418619932 ], [ 6.863513808833351, 52.384446125751097 ], [ 6.863512921707027, 52.38441729160261 ], [ 6.863509624333594, 52.384309933971856 ], [ 6.863506027063833, 52.384093032980772 ], [ 6.863477138634973, 52.383250095404691 ], [ 6.863466411074783, 52.382846477008421 ], [ 6.863466172898073, 52.382837563039075 ], [ 6.863466148055716, 52.382836817274288 ], [ 6.863428107643156, 52.381450060175773 ], [ 6.863425478217511, 52.381354361683172 ], [ 6.863423470868984, 52.381280866887138 ], [ 6.863418341404225, 52.381092470557263 ], [ 6.863374617387257, 52.379584353413897 ], [ 6.863343109226811, 52.378535989434461 ], [ 6.863342538049682, 52.378517075011587 ], [ 6.863338453683102, 52.378381205424162 ], [ 6.863336465504125, 52.378315332898595 ], [ 6.86333591677656, 52.378297092359283 ], [ 6.863327369992441, 52.37801267460393 ], [ 6.863267155488836, 52.376299357744941 ], [ 6.863252440032502, 52.37586362638811 ], [ 6.863251884994445, 52.375847399424131 ], [ 6.863222800663896, 52.374986314412183 ], [ 6.863213337849453, 52.374706096709261 ], [ 6.863209631220025, 52.374596101252592 ], [ 6.863203112566665, 52.374402975882447 ], [ 6.863203642914018, 52.374239380899418 ], [ 6.863200512071301, 52.374050959382622 ], [ 6.863198462144841, 52.373926758817376 ], [ 6.863185728386135, 52.373158800964916 ], [ 6.86317878967915, 52.372789400083704 ], [ 6.863218207191702, 52.372324912009965 ], [ 6.863221269268778, 52.37228896328314 ], [ 6.863225066665125, 52.37224422325869 ], [ 6.86327053480536, 52.371783731596004 ], [ 6.863294568460394, 52.37154048060993 ], [ 6.863397134236381, 52.370429470981811 ], [ 6.863457146890752, 52.369729342985124 ], [ 6.863465987794112, 52.369358010138818 ], [ 6.863468963147342, 52.369233027653486 ], [ 6.863526684736802, 52.366719970140331 ], [ 6.863527757924422, 52.366673259519061 ], [ 6.86354725058882, 52.365824070454657 ], [ 6.863551945022561, 52.365619748533035 ], [ 6.863569142761187, 52.364871002730716 ], [ 6.863569698830514, 52.364846689851923 ], [ 6.863584537816897, 52.363731199885073 ], [ 6.863252602354673, 52.363585541502971 ], [ 6.863245196508993, 52.363582290026216 ], [ 6.86150994669805, 52.362820795175587 ], [ 6.861412974427457, 52.362778236588888 ], [ 6.861191876246057, 52.362681475279139 ], [ 6.861051121640304, 52.362619973928616 ], [ 6.860564227344776, 52.362407230644841 ], [ 6.860276717696267, 52.362281604351601 ], [ 6.859709003478833, 52.362033530740675 ], [ 6.857802744520112, 52.361200545546907 ], [ 6.855673739513544, 52.360287723161385 ], [ 6.855673690060825, 52.360287737258503 ], [ 6.855494712933269, 52.360338970383381 ], [ 6.855402807057642, 52.360370160729914 ], [ 6.854907663259808, 52.360621250984636 ], [ 6.854407855569381, 52.360873107063732 ], [ 6.854057630448995, 52.361049595555912 ], [ 6.853985123921791, 52.361084526334011 ], [ 6.853784831183047, 52.361181032852038 ], [ 6.853745897127118, 52.361199798820962 ], [ 6.85285725902138, 52.361639777214279 ], [ 6.851789003897883, 52.362168678881581 ], [ 6.85178537723884, 52.362168678829697 ], [ 6.851219290919808, 52.362168089150153 ], [ 6.850852757223572, 52.362179904925846 ], [ 6.850695332780747, 52.362182274725754 ], [ 6.849471875709541, 52.362200646593415 ], [ 6.849111047459897, 52.362206058295243 ], [ 6.849083929294867, 52.362209206873487 ], [ 6.849056644807822, 52.362211764235475 ], [ 6.849029222761135, 52.362213712048131 ], [ 6.849001707186467, 52.362215049767286 ], [ 6.848974127734842, 52.362215786015462 ], [ 6.848946513464906, 52.3622159114447 ], [ 6.848918923381384, 52.362215434314905 ], [ 6.848746981994525, 52.362216605569216 ], [ 6.848612571404021, 52.362220495070737 ], [ 6.847563311543044, 52.362240695487067 ], [ 6.84628773393232, 52.362259686693783 ], [ 6.845102894654132, 52.362277312393317 ], [ 6.844851060097333, 52.362281053421924 ], [ 6.843913167202881, 52.362294995392119 ], [ 6.843616234409697, 52.362299414869845 ], [ 6.843289829134174, 52.362305949137799 ], [ 6.840926106355353, 52.362353253275806 ], [ 6.840548439041512, 52.362372670587874 ], [ 6.839842647955924, 52.362408951738885 ], [ 6.839702324887566, 52.362416157659332 ], [ 6.838180186424521, 52.362494394089914 ], [ 6.836285472370904, 52.362591754435243 ], [ 6.836230791009963, 52.36259573201626 ], [ 6.836176035957169, 52.362599252043566 ], [ 6.836121192537154, 52.362602314696808 ], [ 6.83601163277907, 52.362609184444338 ], [ 6.835902165745292, 52.3626166462182 ], [ 6.835792821079131, 52.362624708644418 ], [ 6.835662703911638, 52.362636036530112 ], [ 6.833791173628245, 52.362869181951417 ], [ 6.832397160827329, 52.363042820636075 ], [ 6.831139971934967, 52.363199402219998 ], [ 6.829662318504417, 52.363383422515071 ], [ 6.828754331562868, 52.363496493655227 ], [ 6.828554874826694, 52.363521332705893 ], [ 6.827926076984649, 52.363612488103612 ], [ 6.82775792388524, 52.363636872719688 ], [ 6.825451464107714, 52.363971351307988 ], [ 6.824679036215599, 52.364083354350015 ], [ 6.823703093808684, 52.364224861644168 ], [ 6.823586292390762, 52.364241794325757 ], [ 6.820373912995586, 52.364707500570937 ], [ 6.818717253282768, 52.364947637024507 ], [ 6.817720679544689, 52.365092085820116 ], [ 6.817929178749052, 52.365253349882167 ], [ 6.817773418672594, 52.365290828834056 ], [ 6.81767259191442, 52.365328812021225 ], [ 6.817757251233161, 52.365408687728412 ], [ 6.81752203295964, 52.365459261860252 ], [ 6.817036873823253, 52.365495507695975 ], [ 6.817002517311557, 52.365477405926768 ], [ 6.816969332283441, 52.365486526059314 ], [ 6.816948223897853, 52.365510421666784 ], [ 6.816912049281813, 52.365577106231996 ], [ 6.816824791196278, 52.365650223751715 ], [ 6.816786230602767, 52.36568253696322 ], [ 6.816752467888006, 52.365710180940908 ], [ 6.816501570237476, 52.365748178353428 ], [ 6.816445883818059, 52.365756221819076 ], [ 6.816444388894182, 52.365764509571946 ], [ 6.816052248333295, 52.365935178811284 ], [ 6.816037869853917, 52.365967442450781 ], [ 6.816045333033824, 52.365998543459675 ], [ 6.81671003061486, 52.367264632231716 ], [ 6.81764123972791, 52.367338277879881 ], [ 6.817981612977408, 52.36736975832887 ], [ 6.818114604882558, 52.367380518746884 ], [ 6.818597471607048, 52.367419568619042 ], [ 6.81862911442556, 52.367430871276071 ], [ 6.81872807929981, 52.367435157211013 ], [ 6.819541805965315, 52.367523377794413 ], [ 6.819570007864177, 52.367528160028684 ], [ 6.820013475125428, 52.367609802601329 ], [ 6.81996937916995, 52.367753905691885 ], [ 6.820649330653412, 52.367750165009859 ], [ 6.820993772039109, 52.3677487963988 ], [ 6.821236146164726, 52.367940547795641 ], [ 6.821405311416142, 52.368078947612183 ], [ 6.821435742875007, 52.368091351854829 ], [ 6.821487443851007, 52.368154329967219 ], [ 6.821679111227328, 52.368343216423071 ], [ 6.821790473323363, 52.368454181463527 ], [ 6.821999465155835, 52.368635612398677 ], [ 6.822540588569562, 52.369091487864672 ], [ 6.822813794761173, 52.369326134209651 ], [ 6.823275693412547, 52.369684081691609 ], [ 6.823280243811971, 52.369689006265567 ], [ 6.823748263626057, 52.37009921047472 ], [ 6.823802054363701, 52.37010504736552 ], [ 6.823846732534282, 52.370142824222405 ], [ 6.823911142470887, 52.370224388660567 ], [ 6.823974328600624, 52.370280871181521 ], [ 6.824108391829808, 52.370390066313021 ], [ 6.824628631471517, 52.370811057775541 ], [ 6.825030308184478, 52.371132426528035 ], [ 6.825309866020123, 52.371356086638315 ], [ 6.825869119309917, 52.371811457216019 ], [ 6.826502557402772, 52.372318201830723 ], [ 6.826910448133103, 52.37264917869016 ], [ 6.827004704960935, 52.372704364755897 ], [ 6.827127735919862, 52.372773223166085 ], [ 6.827330980336241, 52.372859154830671 ], [ 6.827732020364346, 52.373039074505286 ], [ 6.827818596004549, 52.373085157888383 ], [ 6.827908960766608, 52.373133496213171 ], [ 6.827991304437772, 52.373197572651286 ], [ 6.828369523002306, 52.373525076613745 ], [ 6.828712050594662, 52.373832007314789 ], [ 6.828767170443544, 52.373880360830277 ], [ 6.828823900206941, 52.373931247529633 ], [ 6.828859301238515, 52.373972533317541 ], [ 6.829070359449196, 52.374268165599617 ], [ 6.829093677020166, 52.374358767313154 ], [ 6.829141989902483, 52.374557676206329 ], [ 6.829144680523669, 52.374666578758017 ], [ 6.829113624381297, 52.37479275549277 ], [ 6.829016740263873, 52.375283304425714 ], [ 6.82893448286576, 52.37566729253485 ], [ 6.82892121999704, 52.37572824538789 ], [ 6.828882509176387, 52.375819611754231 ], [ 6.828839890965649, 52.375880257031824 ], [ 6.828643595994912, 52.376137273898529 ], [ 6.828530872978601, 52.376280993486255 ], [ 6.828237311674406, 52.376657217152101 ], [ 6.827911751150113, 52.377079393796407 ], [ 6.827851458534345, 52.377162555053047 ], [ 6.827751071308306, 52.377298689921965 ], [ 6.82772306103293, 52.377356064794341 ], [ 6.827586572584496, 52.377722329677027 ], [ 6.827387968706542, 52.378226995698952 ], [ 6.827349055604018, 52.378325860589996 ], [ 6.827197400603645, 52.378727770252866 ], [ 6.827052419300786, 52.379102793889608 ], [ 6.826951582154596, 52.379363652952385 ], [ 6.82673852893414, 52.379926327259149 ], [ 6.826711313830211, 52.37996802470056 ], [ 6.826696584704845, 52.380013812979797 ], [ 6.82668272326408, 52.380056921031994 ], [ 6.826668565529255, 52.380101309094073 ], [ 6.826593057235647, 52.380338048386555 ], [ 6.826450440963739, 52.380806570673258 ], [ 6.826313847823978, 52.38115261015335 ], [ 6.826290855658182, 52.38121084943387 ], [ 6.826156201367891, 52.381551984196072 ], [ 6.826008704880902, 52.381925643506264 ], [ 6.825951807172842, 52.382046722004063 ], [ 6.825908022579974, 52.382164503982764 ], [ 6.825892232607393, 52.382199833087732 ], [ 6.825871125368693, 52.382259154973319 ], [ 6.825824337825819, 52.382371777896225 ], [ 6.825732249062069, 52.382610704516892 ], [ 6.82562998666585, 52.382866599672511 ], [ 6.825551325389219, 52.383073488693448 ], [ 6.825473105994781, 52.383270026187461 ], [ 6.825393814064753, 52.383467484515883 ], [ 6.82538473489918, 52.383484206109777 ], [ 6.82531366785489, 52.383679380153609 ], [ 6.825221465411792, 52.383935341391101 ], [ 6.825142356996314, 52.384153013045285 ], [ 6.825064447005134, 52.384360557693 ], [ 6.825010038191259, 52.384515960514818 ], [ 6.824975540144423, 52.384610420206158 ], [ 6.824839845659421, 52.384963583698401 ], [ 6.824807239155864, 52.385048447300939 ], [ 6.824772867528881, 52.385107885096595 ], [ 6.824575243072964, 52.385618456807315 ], [ 6.824528628605502, 52.385738888230044 ], [ 6.824344242806423, 52.386215276161131 ], [ 6.824317192652139, 52.386250921498231 ], [ 6.823888043370785, 52.386816293753569 ], [ 6.82385232987416, 52.386887891360324 ], [ 6.823777541967613, 52.387078327378795 ], [ 6.823678065722214, 52.387290761855731 ], [ 6.823648313993185, 52.387314709459162 ], [ 6.82366991701001, 52.387329431574472 ], [ 6.823807281301619, 52.387392501604047 ], [ 6.823838897731011, 52.38741156957591 ], [ 6.824022800524663, 52.387507153185254 ], [ 6.824059380781754, 52.387526160844132 ], [ 6.823747429656665, 52.387963026320463 ], [ 6.823412074437297, 52.387825774385441 ], [ 6.823333171060062, 52.388008098188472 ], [ 6.82327108192126, 52.388151683069829 ], [ 6.823140473390633, 52.388444018363089 ], [ 6.823061304192468, 52.388575136145519 ], [ 6.823043428910069, 52.388604737269347 ], [ 6.82302434710104, 52.388632015945333 ], [ 6.822937517189649, 52.388754795093845 ], [ 6.822810446849727, 52.388926556636058 ], [ 6.822662037838803, 52.389118558836287 ], [ 6.822658615873689, 52.389123130673759 ], [ 6.822646816160195, 52.389138932202599 ], [ 6.822477930116273, 52.389362373495594 ], [ 6.822243572338496, 52.389678707184736 ], [ 6.821981406253335, 52.390044707777349 ], [ 6.821937426713728, 52.390103038610619 ], [ 6.821930874170831, 52.390112115785996 ], [ 6.821682029315546, 52.390447275525773 ], [ 6.821475405553572, 52.390742929860878 ], [ 6.82135249313918, 52.390920940415377 ], [ 6.821344908377425, 52.390931270509995 ], [ 6.821294505487991, 52.391000006989813 ], [ 6.821223548231917, 52.39108554975352 ], [ 6.821064452426492, 52.39129824549854 ], [ 6.820544911990637, 52.391983935061504 ], [ 6.820524265302294, 52.392011528868018 ], [ 6.820339315891373, 52.392258666900766 ], [ 6.820276501448416, 52.392355777867337 ], [ 6.820268696334057, 52.392365670104276 ], [ 6.820160470523907, 52.392502890276575 ], [ 6.819611577938281, 52.393219573313552 ], [ 6.819263641889635, 52.393679422959437 ], [ 6.819122602660562, 52.393855825517655 ], [ 6.819085700670115, 52.393901970708875 ], [ 6.819049420460588, 52.393947353311432 ], [ 6.818706586302974, 52.394370824886714 ], [ 6.818441828370555, 52.394686088676451 ], [ 6.818437626048153, 52.394691092285434 ], [ 6.818397110563303, 52.394740498903083 ], [ 6.818363435669984, 52.394792887969679 ], [ 6.818143402495015, 52.395133695664406 ], [ 6.817589515414441, 52.396303866106528 ], [ 6.817477495891835, 52.39640969575818 ], [ 6.817476125844681, 52.396410952757783 ], [ 6.817477542017735, 52.396411124411543 ], [ 6.817505829351794, 52.396444841005483 ], [ 6.81759192802894, 52.396498272529215 ], [ 6.817684740916296, 52.396528458860999 ], [ 6.817936870832428, 52.396579218610036 ], [ 6.818788996530684, 52.396752862784489 ], [ 6.819291215663128, 52.396866986019461 ], [ 6.819951012522703, 52.397012719195558 ], [ 6.819979065731479, 52.397006869572486 ], [ 6.820890991985785, 52.397194363713908 ], [ 6.821704162488896, 52.397367712776102 ], [ 6.821986584403516, 52.397422016005933 ], [ 6.821991911025462, 52.397423146952789 ], [ 6.822102487293521, 52.397475793190459 ], [ 6.822140068269024, 52.397554951056009 ], [ 6.822138571930888, 52.397597216327902 ], [ 6.822053836894849, 52.397980355195948 ], [ 6.822148843393343, 52.397936534060356 ], [ 6.822261474941149, 52.39787930371056 ], [ 6.82240958868971, 52.397978397943575 ], [ 6.822582815153927, 52.398046167332446 ], [ 6.822801155585534, 52.398124391640408 ], [ 6.82335330796955, 52.398329280960226 ], [ 6.823785614567447, 52.398485680578986 ], [ 6.824072973576524, 52.398599469484289 ], [ 6.82445787545682, 52.398745772377943 ], [ 6.82501275061127, 52.398953479432592 ], [ 6.825570265202957, 52.399159039496695 ], [ 6.826975553672018, 52.399688150231611 ], [ 6.827027799881979, 52.399651227221455 ], [ 6.827786783183591, 52.399111927044551 ], [ 6.828440864275761, 52.398646483158664 ], [ 6.828679823581568, 52.398476436794567 ], [ 6.828794502785031, 52.39831617301833 ], [ 6.828795505432641, 52.398316277662943 ], [ 6.829831314034346, 52.39870721057401 ], [ 6.829961219732107, 52.398755128627215 ], [ 6.830342200316289, 52.398890925520519 ], [ 6.830923628151596, 52.399116160091062 ], [ 6.83107405041018, 52.399173993033799 ], [ 6.831166465001937, 52.399209531067747 ], [ 6.831174228835585, 52.399212384687502 ], [ 6.83153718534242, 52.399345898749083 ], [ 6.832088633233522, 52.399543673201684 ], [ 6.832448792114596, 52.399661083815175 ], [ 6.83281479744532, 52.39976981071905 ], [ 6.833478312494655, 52.399974920420789 ], [ 6.833830473663283, 52.400084352671087 ], [ 6.83395644413801, 52.400124458301057 ], [ 6.833967475634265, 52.40012476394196 ], [ 6.833968592019654, 52.400125199737666 ], [ 6.834104652476497, 52.400023411055734 ], [ 6.834114786758904, 52.400050235525796 ], [ 6.834159160013701, 52.400100416822347 ], [ 6.834248371568663, 52.400140333204376 ], [ 6.834612308358107, 52.400281286654398 ], [ 6.834678562389385, 52.400305788999233 ], [ 6.834927002105855, 52.400422661402352 ], [ 6.835459600051569, 52.400726205978899 ], [ 6.83551776411884, 52.400650671932276 ], [ 6.83574239127614, 52.400370898855385 ], [ 6.836205841225613, 52.399796786533209 ], [ 6.836331078819258, 52.399868350335474 ], [ 6.836575283113611, 52.400011113871287 ], [ 6.836751434870504, 52.400130530363086 ], [ 6.836978977568242, 52.400290809460728 ], [ 6.837183915494865, 52.40043478069822 ], [ 6.837399386636269, 52.40058578661624 ], [ 6.837496219628686, 52.40065413758888 ], [ 6.837729394003691, 52.400817042916835 ], [ 6.837785133749768, 52.400856063389142 ], [ 6.837824193755466, 52.400890587082642 ], [ 6.837932310188976, 52.400976759020182 ], [ 6.837936386019559, 52.40098230009292 ], [ 6.838270865665883, 52.401019288671243 ], [ 6.839789450314627, 52.401187138435802 ], [ 6.840197219806406, 52.401258143751747 ], [ 6.840197941528545, 52.401256849499127 ], [ 6.840226618360813, 52.400825611530436 ], [ 6.842084268730415, 52.4009081911978 ], [ 6.842085995606079, 52.401016691523544 ], [ 6.842084910536205, 52.401018107107475 ], [ 6.842086042531678, 52.401018120162988 ], [ 6.842087339114407, 52.401099650444635 ], [ 6.842088844006251, 52.401238526581857 ], [ 6.842259166717892, 52.401260864903634 ], [ 6.842283938806276, 52.401905784043116 ], [ 6.842006942519162, 52.40309349548663 ], [ 6.844050342413514, 52.403644486934922 ], [ 6.844711522017379, 52.403794884459622 ], [ 6.84525625201336, 52.403842667326245 ], [ 6.848755023391507, 52.403960849858933 ], [ 6.848938026765089, 52.404006285122826 ], [ 6.849072963708915, 52.404038992221672 ], [ 6.849194208722429, 52.404068740142627 ], [ 6.849616890661069, 52.404212203541249 ], [ 6.85033494823775, 52.404444537215518 ], [ 6.850791168290709, 52.404590440447315 ], [ 6.85139373593446, 52.404779682886712 ], [ 6.851723305155467, 52.404888721680862 ], [ 6.851814547430284, 52.404911934671929 ], [ 6.852276245358325, 52.405046753220446 ], [ 6.852756398221209, 52.405184011224136 ], [ 6.853045840846259, 52.40526965984828 ], [ 6.853569589261387, 52.405424640071935 ], [ 6.85401893630561, 52.405606454457057 ], [ 6.855492990606423, 52.406072239244359 ], [ 6.856874816237604, 52.406493182040968 ], [ 6.857517822938369, 52.406688543440531 ], [ 6.857659095665348, 52.406731463346134 ], [ 6.85793025669983, 52.406816581145435 ], [ 6.859637329512577, 52.407352364391876 ], [ 6.859788412449507, 52.407399780032257 ], [ 6.859978573793422, 52.407459464511653 ], [ 6.860750007684934, 52.408539084261811 ], [ 6.861030405559829, 52.408411450062744 ], [ 6.862338188747549, 52.407816150606514 ] ], [ [ 6.839173020130315, 52.3973508466703 ], [ 6.838443707892883, 52.397123959723992 ], [ 6.838335883806969, 52.39709041398784 ], [ 6.838326485029404, 52.397087490089866 ], [ 6.838473131014108, 52.396959949274724 ], [ 6.838594353600349, 52.396735981793348 ], [ 6.838575961991776, 52.396563478836278 ], [ 6.83853397745278, 52.396461566384971 ], [ 6.838510544099039, 52.396413242332621 ], [ 6.838355338903084, 52.396095926334667 ], [ 6.838209955295587, 52.395819550509664 ], [ 6.838116340406378, 52.395626278629202 ], [ 6.838112377174387, 52.395621648542104 ], [ 6.838112031866008, 52.395621244683561 ], [ 6.838084971341096, 52.39558049760263 ], [ 6.838077578835008, 52.395558916248902 ], [ 6.838091932309202, 52.395514425629287 ], [ 6.837954568029647, 52.395150786965267 ], [ 6.837913474269906, 52.39509797808747 ], [ 6.837845935806962, 52.395095633591545 ], [ 6.837799077245929, 52.395093647788578 ], [ 6.837751903811027, 52.395091648746714 ], [ 6.837538038660507, 52.395082584600452 ], [ 6.837285381367475, 52.395071876600085 ], [ 6.836984943099349, 52.395059141997976 ], [ 6.836955715222405, 52.395057908930362 ], [ 6.836982239209638, 52.394798399742371 ], [ 6.836982680985587, 52.394766146174589 ], [ 6.836893233232233, 52.394761144509246 ], [ 6.83689074251727, 52.394761005122923 ], [ 6.836905150087674, 52.394612662980656 ], [ 6.836928356486554, 52.394586737383179 ], [ 6.836967239538936, 52.394563960024378 ], [ 6.836986750052701, 52.394556251401838 ], [ 6.837020850721534, 52.394550323641909 ], [ 6.837148249595868, 52.394554102620013 ], [ 6.837206269473742, 52.394559791971218 ], [ 6.837506897897526, 52.394574980289477 ], [ 6.837603314948878, 52.394576809351186 ], [ 6.837743682389174, 52.394483428123642 ], [ 6.837770408677347, 52.394456466863112 ], [ 6.837975211111575, 52.394516734786009 ], [ 6.838093332643438, 52.394354783352732 ], [ 6.838420905798683, 52.393905697257914 ], [ 6.839353732457639, 52.394134100278791 ], [ 6.839378343424833, 52.39414018310773 ], [ 6.839453740563902, 52.394158860016056 ], [ 6.83959737109631, 52.394194438207279 ], [ 6.839886062361943, 52.394265947758413 ], [ 6.840254599222858, 52.394357227182738 ], [ 6.840281770718379, 52.394313873312882 ], [ 6.840308610091194, 52.394112563510845 ], [ 6.84031265589605, 52.394082257581026 ], [ 6.840353179587886, 52.393894139817156 ], [ 6.840363720428367, 52.393843650723504 ], [ 6.840380307784355, 52.393845848906224 ], [ 6.840544490435271, 52.393855698520966 ], [ 6.840823617929797, 52.393873134273193 ], [ 6.840850239259273, 52.393698847291923 ], [ 6.840908672724257, 52.393516996581248 ], [ 6.840978804897664, 52.393300772838259 ], [ 6.841091469828256, 52.393259973293198 ], [ 6.841393507970362, 52.39315051014033 ], [ 6.841428008814408, 52.393138023348371 ], [ 6.841650022831221, 52.393057699977057 ], [ 6.84175539065521, 52.393018710798806 ], [ 6.841757848111261, 52.393017078799424 ], [ 6.842551144659887, 52.39337817376002 ], [ 6.842778889581183, 52.393539613262639 ], [ 6.842952890602263, 52.393352872494617 ], [ 6.842991602530786, 52.393285663601247 ], [ 6.84308040969231, 52.393289748965444 ], [ 6.843081559091429, 52.393289448086669 ], [ 6.843281074232481, 52.39289693607715 ], [ 6.843282368690609, 52.392894388010447 ], [ 6.843318918341197, 52.392808445972896 ], [ 6.843335299330339, 52.392768787245977 ], [ 6.843361962594279, 52.392704234298826 ], [ 6.843370433307728, 52.392684214517963 ], [ 6.843378454191422, 52.392665260947965 ], [ 6.843394533931499, 52.392627258057665 ], [ 6.843635700865138, 52.392100675581055 ], [ 6.843641112839689, 52.392096806731743 ], [ 6.843743688621072, 52.391901233741585 ], [ 6.842842518981759, 52.391710312685177 ], [ 6.842866170890542, 52.391675424847051 ], [ 6.843111886712939, 52.3913663792869 ], [ 6.843160367558451, 52.391307229950208 ], [ 6.843010740296982, 52.391137779671304 ], [ 6.842609195988248, 52.390680180744141 ], [ 6.842684203926391, 52.390485747582247 ], [ 6.842769171581002, 52.390359713518663 ], [ 6.842753216678054, 52.390264475609328 ], [ 6.8427376542305, 52.390171611307593 ], [ 6.842639369077759, 52.389585117593256 ], [ 6.842670472845038, 52.38957799354376 ], [ 6.842569125370413, 52.388962785788848 ], [ 6.842435644206848, 52.388152523996069 ], [ 6.842434836985041, 52.388142259716886 ], [ 6.843358259146503, 52.386857234256269 ], [ 6.843799815879946, 52.386242854336274 ], [ 6.843799392229692, 52.386238904473302 ], [ 6.843796378472267, 52.386236604470518 ], [ 6.843902544671047, 52.386232906899757 ], [ 6.843945367205104, 52.386226618044546 ], [ 6.845444462162918, 52.386667370012681 ], [ 6.845894940252951, 52.386804247000654 ], [ 6.845940616080368, 52.386820807781028 ], [ 6.845981705834153, 52.386841308232441 ], [ 6.847067062698009, 52.387470114612206 ], [ 6.84706768238879, 52.387470462926267 ], [ 6.847315019609955, 52.387609187286706 ], [ 6.848107713866549, 52.388073476341177 ], [ 6.848146290662593, 52.387970905254335 ], [ 6.848167497767363, 52.38766501480233 ], [ 6.84816681987376, 52.387661832140012 ], [ 6.848391622266862, 52.387587866708465 ], [ 6.848492022870248, 52.387554832905671 ], [ 6.848566675567096, 52.38756082365007 ], [ 6.848652469992928, 52.387654740214572 ], [ 6.848682338202988, 52.387629822973018 ], [ 6.848814375386241, 52.387695950310167 ], [ 6.848819809512756, 52.387702536729748 ], [ 6.848848256435744, 52.387737015320035 ], [ 6.848865183812045, 52.387748151974058 ], [ 6.848876452684428, 52.387754941397198 ], [ 6.848923321832819, 52.387773320024046 ], [ 6.848931014119412, 52.38777224884479 ], [ 6.848977994380024, 52.387776937908349 ], [ 6.849005533405305, 52.387782064805947 ], [ 6.849049604443085, 52.387794001497348 ], [ 6.849079543145947, 52.38780564709414 ], [ 6.849231779110826, 52.387872576197921 ], [ 6.849240987451336, 52.387877379340999 ], [ 6.849253938452792, 52.387885990658802 ], [ 6.849269705907554, 52.387898969009768 ], [ 6.84927814194413, 52.387908327334202 ], [ 6.849291480662044, 52.387926773916611 ], [ 6.849298767921259, 52.387944594119652 ], [ 6.84932582816051, 52.388057333780566 ], [ 6.84926573993028, 52.388083456829733 ], [ 6.849221066499817, 52.388113384080455 ], [ 6.849184468654337, 52.388143616066479 ], [ 6.849146248105107, 52.388181574194604 ], [ 6.848763466949122, 52.388561716468246 ], [ 6.848742061706727, 52.388576425796678 ], [ 6.848616992004503, 52.388662383984673 ], [ 6.848217910202122, 52.388937182588066 ], [ 6.84857449336369, 52.389226146850916 ], [ 6.848490771558827, 52.389323775130059 ], [ 6.848190200689933, 52.389674264744023 ], [ 6.847947902374349, 52.390041059237866 ], [ 6.847872266736957, 52.390155566214617 ], [ 6.847827799133416, 52.390218569182267 ], [ 6.847780236345478, 52.39028595731142 ], [ 6.847331053055452, 52.390922355102511 ], [ 6.847210172192112, 52.391093623122131 ], [ 6.847152165417495, 52.391175807722561 ], [ 6.847314997856692, 52.391202446636967 ], [ 6.847312122629271, 52.391206149536075 ], [ 6.847284948295494, 52.391241127589034 ], [ 6.846848958658289, 52.391802426267375 ], [ 6.846712717645083, 52.391977823806421 ], [ 6.846543450695126, 52.392195731887966 ], [ 6.846489678053493, 52.392264961393806 ], [ 6.846463907900845, 52.392298135853892 ], [ 6.846464517696655, 52.392298003392263 ], [ 6.846948825839728, 52.392323776944082 ], [ 6.846922800659775, 52.392383406006502 ], [ 6.846896234234602, 52.39242901740343 ], [ 6.846865323586512, 52.392468356041128 ], [ 6.846818538864407, 52.39252152462403 ], [ 6.846791506236891, 52.392548441435103 ], [ 6.846661520627733, 52.392657162792034 ], [ 6.846581793639565, 52.392720715890292 ], [ 6.846967655232028, 52.392928707000635 ], [ 6.846767124385858, 52.393057130817212 ], [ 6.8466606568462, 52.393125320199701 ], [ 6.846621560612165, 52.393150359620286 ], [ 6.846573255260983, 52.393180545390827 ], [ 6.846473890009809, 52.393153279442565 ], [ 6.845848232539985, 52.392981598332184 ], [ 6.845831705353093, 52.392982744008464 ], [ 6.845806814869703, 52.393007363617741 ], [ 6.845782517789183, 52.393031397929789 ], [ 6.84578255862007, 52.393031656304167 ], [ 6.845533998213202, 52.393313857825078 ], [ 6.845524152223893, 52.39334014551995 ], [ 6.845493662092887, 52.393399011258744 ], [ 6.845383478390282, 52.393611692559432 ], [ 6.845367706626975, 52.393642136844292 ], [ 6.845343740563909, 52.393688924823195 ], [ 6.845318940567087, 52.393737341052244 ], [ 6.845056443422949, 52.394249793109218 ], [ 6.845051041358534, 52.394265889360085 ], [ 6.844549083565096, 52.395118074828318 ], [ 6.844336478073099, 52.395481385344333 ], [ 6.844240407872229, 52.395686660192283 ], [ 6.844058668983715, 52.396074981754552 ], [ 6.844061955094305, 52.396076025362568 ], [ 6.844041071645224, 52.396100636597637 ], [ 6.843872571593772, 52.396289872026259 ], [ 6.843597979586347, 52.396198371123944 ], [ 6.843412404615516, 52.396136532476355 ], [ 6.843093654344558, 52.396030314228277 ], [ 6.842845821506063, 52.396404279837547 ], [ 6.842678676259773, 52.396658106463335 ], [ 6.842558676615079, 52.39687617561848 ], [ 6.842482604696495, 52.397066738274866 ], [ 6.842471254207489, 52.397107067576336 ], [ 6.842431326329631, 52.397262811843746 ], [ 6.842403798562875, 52.397390276851247 ], [ 6.842378799798463, 52.3975060289333 ], [ 6.842180500499791, 52.397488718791344 ], [ 6.841926208171779, 52.398769508904458 ], [ 6.838933747571641, 52.398621936208357 ], [ 6.839173020130315, 52.3973508466703 ] ] ] ] } },
{ "type": "Feature", "properties": { "buurtcode": "BU01830700", "buurtnaam": "Fleringen kern", "pc6_codes": "7666LA, 7666LB, 7666LC, 7666LD, 7666LE, 7666LG, 7666LH, 7666LJ, 7666LL, 7666NB, 7666NJ, 7666NK, 7666NM, 7666NN, 7666NP, 7666NR, 7666NS, 7666NT", "wijkcode": "WK018307", "gemeentecode": "GM0183", "gemeentenaam": "Tubbergen", "oppervlakteLandInHa": 20, "AantalInwoners_5": 505, "Mannen_6": 265, "Vrouwen_7": 245, "HuishoudensTotaal_29": 175, "GemiddeldeHuishoudensgrootte_33": 2.8, "Woningvoorraad_35": 180, "NieuwbouwWoningen_36": 18, "NietWoningvoorraad_37": 10, "NieuwbouwNietWoningen_38": 0, "GemiddeldeWOZWaardeVanWoningen_39": 448, "PercentageEengezinswoning_40": 95, "PercentageTussenwoningEengezins_41": 6, "PercentageHoekwoningEengezins_42": 7, "PercentageTweeOnderEenKapWoningEe_43": 27, "PercentageVrijstaandeWoningEengezins_44": 56, "PercentageMeergezinswoning_45": 5, "Koopwoningen_47": 91, "HuurwoningenTotaal_48": 9, "InBezitWoningcorporatie_49": 6, "InBezitOverigeVerhuurders_50": 3, "BouwjaarMeerDanTienJaarGeleden_51": 91, "BouwjaarAfgelopenTienJaar_52": 9, "GemiddeldeElektriciteitslevering_53": 3670, "GemiddeldeElektriciteitsteruglevering_54": 2040, "GemiddeldAardgasverbruik_55": 1180, "AardgasvrijeWoningen_57": 4, "Aardgaswoningen_58": 80, "WoningenMetZonnestroom_59": 62, "WoningenHoofdzElektrVerwarmd_60": 17, "k_20PersonenMetHoogsteInkomen_80": 19.6, "k_20HuishoudensMetHoogsteInkomen_85": 40.4, "MediaanVermogenVanParticuliereHuish_86": 367.8, "PersonenautoSTotaal_104": 315, "PersonenautoSBrandstofBenzine_105": 240, "PersonenautoSOverigeBrandstof_106": 75, "PersonenautoSPerHuishouden_107": 1.8, "Omgevingsadressendichtheid_121": 78, "AantalInstallatiesBijWoningen_5": 87, "OpgesteldVermogenVanZonnepanelen_6": 539, "installaties_per_woning": 0.48333333333333334, "vermogen_per_woning": 2.9944444444444445, "installaties_per_100_woningen": 48.333333333333336, "vermogen_per_huishouden": 3.08, "batterijdruk_score": 1264.8, "koop_zon_score": 0.5642, "eengezins_zon_score": 0.589, "betaalkracht_zon_score": 228.036, "overige_brandstof_zon_score": 46.5, "lichte_batterij_kansscore": 0.55619779367816413 }, "geometry": { "type": "MultiPolygon", "coordinates": [ [ [ [ 6.804886693249891, 52.384575404074198 ], [ 6.804924638931078, 52.384594724807826 ], [ 6.805074600564598, 52.384531975780227 ], [ 6.805322934886299, 52.384435976106488 ], [ 6.805439484559362, 52.384389114535324 ], [ 6.805552757046952, 52.384350022441694 ], [ 6.805616917613356, 52.384339752458089 ], [ 6.805624380947016, 52.384334269769226 ], [ 6.805768969687215, 52.384271233670347 ], [ 6.805814992958643, 52.384249648391723 ], [ 6.805870172559133, 52.384220402797951 ], [ 6.805905219997205, 52.384195533315427 ], [ 6.805921900940399, 52.384182928897097 ], [ 6.805976267183482, 52.384147095259927 ], [ 6.806102053353724, 52.384129991916389 ], [ 6.806137472332138, 52.384145498965367 ], [ 6.806168507972168, 52.384108112125098 ], [ 6.806207199979636, 52.384061504510576 ], [ 6.806227242854187, 52.384039343352647 ], [ 6.806260624882716, 52.384002432623795 ], [ 6.806341027229941, 52.38391352988269 ], [ 6.806362092882077, 52.383890237337553 ], [ 6.806391998614762, 52.383854597012594 ], [ 6.806502803224498, 52.383737506730981 ], [ 6.806517061328496, 52.383722053979177 ], [ 6.806521679592825, 52.383717047594793 ], [ 6.806528254229215, 52.383709921573256 ], [ 6.806540188256662, 52.383696987470948 ], [ 6.806568056992209, 52.383666782753089 ], [ 6.806589661981698, 52.383643366842783 ], [ 6.80681214656664, 52.383637774498382 ], [ 6.806867070893423, 52.383629034827791 ], [ 6.80690154483599, 52.383612891006365 ], [ 6.806921314392077, 52.383603629164327 ], [ 6.806950050754986, 52.383558331719911 ], [ 6.806954123220214, 52.383240215886936 ], [ 6.807095013823676, 52.383128862980975 ], [ 6.807196541088882, 52.383048719208062 ], [ 6.807202468296219, 52.383044041360343 ], [ 6.807322142565932, 52.382963756158055 ], [ 6.807403291643839, 52.382911618471667 ], [ 6.807530031850109, 52.382824030295197 ], [ 6.807609732477326, 52.382771172765686 ], [ 6.807824852631726, 52.382645822492144 ], [ 6.807888178621548, 52.382609152304589 ], [ 6.807962368129477, 52.382566320221443 ], [ 6.808032237344301, 52.382526650063262 ], [ 6.808101112842826, 52.38248760302772 ], [ 6.808128293478402, 52.382475669534074 ], [ 6.808140832138861, 52.382470164398939 ], [ 6.808161273507205, 52.382461216972054 ], [ 6.808161489155156, 52.382461116405608 ], [ 6.808196912487564, 52.382445441691779 ], [ 6.808222480951093, 52.382434127980687 ], [ 6.808378681024416, 52.382371011199446 ], [ 6.808508348784603, 52.382318614619052 ], [ 6.808544489321029, 52.382304378375835 ], [ 6.808548100160065, 52.382306308045116 ], [ 6.80859328000291, 52.382288300314443 ], [ 6.808591095978293, 52.382286019129538 ], [ 6.808679255281354, 52.382251292065448 ], [ 6.808824792080579, 52.382193701397462 ], [ 6.808864088337005, 52.382177791196057 ], [ 6.808872455408238, 52.382174403503896 ], [ 6.808922092121348, 52.382154301661778 ], [ 6.808924916900782, 52.382153157618191 ], [ 6.808947889213313, 52.382143852459073 ], [ 6.808965064426806, 52.38213434277688 ], [ 6.809007051159366, 52.382114341783129 ], [ 6.809075639782409, 52.382088376253513 ], [ 6.809151677346153, 52.382071615566034 ], [ 6.809266498765632, 52.382142835522913 ], [ 6.809366992370288, 52.38220516866425 ], [ 6.810381383407128, 52.382834348519793 ], [ 6.811053155567148, 52.383251002177857 ], [ 6.811607317310782, 52.383594706245951 ], [ 6.812548605530414, 52.382922000198661 ], [ 6.812600783886929, 52.382853247783522 ], [ 6.812821544520279, 52.382562362424473 ], [ 6.812571264799898, 52.382402033011466 ], [ 6.812337124870954, 52.38225203458105 ], [ 6.811839468795085, 52.382005882087924 ], [ 6.811797814565236, 52.381974949767468 ], [ 6.811779204185704, 52.381941618720788 ], [ 6.81177985943815, 52.3819099074679 ], [ 6.811860180260908, 52.381584095750981 ], [ 6.81185558372558, 52.381536151083395 ], [ 6.811803970071035, 52.381520096400614 ], [ 6.811629572424746, 52.381468372534606 ], [ 6.81135405198911, 52.381407670209008 ], [ 6.811227189901058, 52.381372702290598 ], [ 6.810643842258798, 52.38122770168787 ], [ 6.810580402964421, 52.381216347803644 ], [ 6.810512944818292, 52.381201518621339 ], [ 6.810408553318199, 52.381180122296541 ], [ 6.810294753048186, 52.381158479461902 ], [ 6.810172902729668, 52.381133158025193 ], [ 6.810038148542859, 52.381108530919356 ], [ 6.809838954200973, 52.381071554672538 ], [ 6.80964343990389, 52.381039387794914 ], [ 6.809521417723057, 52.381017843037711 ], [ 6.809414102004339, 52.380996840535062 ], [ 6.80934792880062, 52.380985410982426 ], [ 6.809316362435365, 52.380981295902288 ], [ 6.809301481009713, 52.380979874714576 ], [ 6.809218205021943, 52.380968749466795 ], [ 6.809189678673966, 52.380964157377996 ], [ 6.809194223383843, 52.380946026377963 ], [ 6.809197271228526, 52.38093389088764 ], [ 6.809065847044742, 52.380911379976482 ], [ 6.809067787212471, 52.380903176896368 ], [ 6.8087122951826, 52.380841994599017 ], [ 6.80862181331279, 52.380827482225953 ], [ 6.808341614978792, 52.380779914066331 ], [ 6.808260458219477, 52.380764909221682 ], [ 6.807829327947858, 52.380682956958331 ], [ 6.807580434958931, 52.380626411693385 ], [ 6.80714864859446, 52.380530774966942 ], [ 6.806938161643383, 52.380484104648332 ], [ 6.806882950929211, 52.38047185907817 ], [ 6.806357361910256, 52.380350606693469 ], [ 6.806336557364096, 52.380345807173242 ], [ 6.806334978423403, 52.380345443184886 ], [ 6.806331382499305, 52.380344613494429 ], [ 6.806233277486725, 52.380321978588256 ], [ 6.806229054142362, 52.380321004507465 ], [ 6.806150865962655, 52.380302967581599 ], [ 6.806049295552305, 52.380279536319584 ], [ 6.806008229693377, 52.380270062790615 ], [ 6.806003222059036, 52.380268907542217 ], [ 6.805888251238922, 52.380340830404208 ], [ 6.805872006189561, 52.380350992762956 ], [ 6.805865422451236, 52.380355114823111 ], [ 6.805857188357304, 52.380360267001386 ], [ 6.805837870970334, 52.380366637871546 ], [ 6.805761742090151, 52.380413764256112 ], [ 6.805720175305935, 52.380433801320571 ], [ 6.805708761638501, 52.380438604181656 ], [ 6.80566915792026, 52.380455266691634 ], [ 6.805575818577156, 52.380476160596487 ], [ 6.805374381731796, 52.380515787948838 ], [ 6.805280708628446, 52.380526258663018 ], [ 6.805274223872062, 52.380526728271597 ], [ 6.805197469357736, 52.380532289692461 ], [ 6.805114241562195, 52.380538680075844 ], [ 6.805078170968494, 52.380541959847434 ], [ 6.805043647000846, 52.380545098832727 ], [ 6.80497150237626, 52.380550817015525 ], [ 6.804906628690254, 52.380552678175285 ], [ 6.804810132634435, 52.380555446609414 ], [ 6.80466871345058, 52.380561095469808 ], [ 6.804602783475409, 52.380557210918433 ], [ 6.804536356686219, 52.380552213180358 ], [ 6.804510020978674, 52.380550231934528 ], [ 6.804439867189426, 52.380544897651177 ], [ 6.804414016723963, 52.380542932146454 ], [ 6.804340042973411, 52.380535548267872 ], [ 6.804326112233719, 52.380533989231139 ], [ 6.804261618336421, 52.380526779434234 ], [ 6.804253830342264, 52.380525538750277 ], [ 6.80422861944584, 52.380521524201924 ], [ 6.804210152701323, 52.380518583058155 ], [ 6.804184236080232, 52.380514455601684 ], [ 6.804148231259563, 52.380508721280201 ], [ 6.804072316951721, 52.380495539352026 ], [ 6.804071718722699, 52.380495435053255 ], [ 6.804025479036063, 52.380485940080909 ], [ 6.804023230105244, 52.380485478015203 ], [ 6.803536098217093, 52.380375946923081 ], [ 6.803471824195036, 52.380361494527001 ], [ 6.803441350257901, 52.38035462234722 ], [ 6.803323412531506, 52.380328031808112 ], [ 6.803290463590621, 52.380319596397243 ], [ 6.803244884815443, 52.380307926925767 ], [ 6.803219062404969, 52.380301316338254 ], [ 6.803217733859179, 52.380306168181598 ], [ 6.803197727299787, 52.380379252384046 ], [ 6.803186401349463, 52.380420601312125 ], [ 6.802667113723806, 52.380866830258036 ], [ 6.80247658299687, 52.381030546710384 ], [ 6.802437491554876, 52.381050379519181 ], [ 6.802376257232289, 52.381123000135929 ], [ 6.802277688393231, 52.381228627946712 ], [ 6.802023401886541, 52.381514713754243 ], [ 6.802001845701824, 52.381538965098507 ], [ 6.801881505298611, 52.381674352075613 ], [ 6.801707712770463, 52.381865370005663 ], [ 6.801676119890074, 52.38190009357583 ], [ 6.80165132184353, 52.381927349880904 ], [ 6.801640703083201, 52.381940285745976 ], [ 6.80176089293077, 52.38196337691361 ], [ 6.802660325547511, 52.382136176580424 ], [ 6.802656466992619, 52.382140877998147 ], [ 6.802655885905599, 52.382141586968643 ], [ 6.802702401772337, 52.382150716036449 ], [ 6.802914981353139, 52.382192435845454 ], [ 6.802957841760881, 52.382200848090356 ], [ 6.80297405613449, 52.382204030308749 ], [ 6.803004267577527, 52.382209959241258 ], [ 6.80303972090728, 52.382216186807611 ], [ 6.80304794665808, 52.382216178293902 ], [ 6.803036439228406, 52.382229242669702 ], [ 6.803032261777316, 52.382233984768476 ], [ 6.803000709160025, 52.382269806639371 ], [ 6.802991067115125, 52.382280751621536 ], [ 6.802980068542503, 52.382293238220072 ], [ 6.802942037056284, 52.382337312839681 ], [ 6.802857872573683, 52.38243543847264 ], [ 6.802818444094705, 52.382473863252869 ], [ 6.802775906996177, 52.382515314855986 ], [ 6.80271081724289, 52.382578753877276 ], [ 6.802475490761843, 52.382781558673678 ], [ 6.802337466183277, 52.382877644799542 ], [ 6.802139556060695, 52.383001475846065 ], [ 6.801917869263859, 52.383136107581826 ], [ 6.801842248139079, 52.383187222569617 ], [ 6.801811424668407, 52.383222053817256 ], [ 6.801831738292023, 52.383227968316916 ], [ 6.801896776502484, 52.383244296532176 ], [ 6.801925186291534, 52.383251428399085 ], [ 6.801975224489166, 52.383264475198445 ], [ 6.801959847962983, 52.383296567240109 ], [ 6.801989434202153, 52.383308661197923 ], [ 6.802011361161014, 52.38331762334159 ], [ 6.802253510484673, 52.383396157558657 ], [ 6.802260610766788, 52.383398895135414 ], [ 6.802271410413693, 52.383402568255853 ], [ 6.80230877107556, 52.383415274801465 ], [ 6.802333471262995, 52.383423675190983 ], [ 6.802448759705462, 52.383462883582787 ], [ 6.802466935919552, 52.383469066228571 ], [ 6.802489910242658, 52.383476872392684 ], [ 6.802619700617557, 52.383533464025192 ], [ 6.802621129232079, 52.383534086040449 ], [ 6.802627119192959, 52.38353669125587 ], [ 6.802645952292881, 52.383544903767266 ], [ 6.802665190290386, 52.383553283118474 ], [ 6.802670647130467, 52.383555661898932 ], [ 6.802699982784255, 52.383567441375725 ], [ 6.80282772660627, 52.383616557949672 ], [ 6.802854532551688, 52.383626859333887 ], [ 6.802866828920166, 52.383633007077719 ], [ 6.802870156417284, 52.383634670645201 ], [ 6.802886079511893, 52.38364265185816 ], [ 6.803029515594599, 52.383714580022328 ], [ 6.803054275560632, 52.383727002910447 ], [ 6.803185920496107, 52.383793041389012 ], [ 6.803187129728884, 52.383793647145772 ], [ 6.80321666933533, 52.38380784652314 ], [ 6.803351031124367, 52.383874994786822 ], [ 6.803538105262036, 52.383968485559926 ], [ 6.803883305127617, 52.384154645990321 ], [ 6.804010016895885, 52.38422298620489 ], [ 6.804011915249317, 52.384224009770868 ], [ 6.804014664019128, 52.384225166976897 ], [ 6.80419455157625, 52.384300918073755 ], [ 6.804205068672791, 52.384306401140812 ], [ 6.804228047967632, 52.384318382185192 ], [ 6.804354096681982, 52.384384101666605 ], [ 6.804545407729882, 52.384483851142818 ], [ 6.804734121599358, 52.384582242658659 ], [ 6.804788956221028, 52.384610832606946 ], [ 6.804789573210694, 52.384611154205437 ], [ 6.804847703500842, 52.384641461954914 ], [ 6.804886693249891, 52.384575404074198 ] ] ] ] } },
{ "type": "Feature", "properties": { "buurtcode": "BU01830709", "buurtnaam": "Verspreide huizen Fleringen", "pc6_codes": "7666LG, 7666LH, 7666LK, 7666LM, 7666LN, 7666LP, 7666LR, 7666LS, 7666LT, 7666LV, 7666LW, 7666LX, 7666LZ, 7666NA, 7666NB, 7666NC, 7666ND, 7666NG, 7666NH, 7666NJ, 7666NL, 7666NR", "wijkcode": "WK018307", "gemeentecode": "GM0183", "gemeentenaam": "Tubbergen", "oppervlakteLandInHa": 910, "AantalInwoners_5": 400, "Mannen_6": 225, "Vrouwen_7": 175, "HuishoudensTotaal_29": 145, "GemiddeldeHuishoudensgrootte_33": 2.7, "Woningvoorraad_35": 155, "NieuwbouwWoningen_36": 4, "NietWoningvoorraad_37": 18, "NieuwbouwNietWoningen_38": 0, "GemiddeldeWOZWaardeVanWoningen_39": 502, "PercentageEengezinswoning_40": 55, "PercentageTussenwoningEengezins_41": 0, "PercentageHoekwoningEengezins_42": 0, "PercentageTweeOnderEenKapWoningEe_43": 17, "PercentageVrijstaandeWoningEengezins_44": 39, "PercentageMeergezinswoning_45": 45, "Koopwoningen_47": 66, "HuurwoningenTotaal_48": 33, "InBezitWoningcorporatie_49": 0, "InBezitOverigeVerhuurders_50": 33, "BouwjaarMeerDanTienJaarGeleden_51": 94, "BouwjaarAfgelopenTienJaar_52": 6, "GemiddeldeElektriciteitslevering_53": 3950, "GemiddeldeElektriciteitsteruglevering_54": 2090, "GemiddeldAardgasverbruik_55": 1370, "AardgasvrijeWoningen_57": 5, "Aardgaswoningen_58": 75, "WoningenMetZonnestroom_59": 39, "WoningenHoofdzElektrVerwarmd_60": 12, "k_20PersonenMetHoogsteInkomen_80": 18.5, "k_20HuishoudensMetHoogsteInkomen_85": 35.4, "MediaanVermogenVanParticuliereHuish_86": 551.0, "PersonenautoSTotaal_104": 210, "PersonenautoSBrandstofBenzine_105": 150, "PersonenautoSOverigeBrandstof_106": 60, "PersonenautoSPerHuishouden_107": 1.4, "Omgevingsadressendichtheid_121": 43, "AantalInstallatiesBijWoningen_5": 24, "OpgesteldVermogenVanZonnepanelen_6": 156, "installaties_per_woning": 0.15483870967741936, "vermogen_per_woning": 1.0064516129032257, "installaties_per_100_woningen": 15.483870967741936, "vermogen_per_huishouden": 1.0758620689655172, "batterijdruk_score": 815.1, "koop_zon_score": 0.2574, "eengezins_zon_score": 0.2145, "betaalkracht_zon_score": 214.89, "overige_brandstof_zon_score": 23.4, "lichte_batterij_kansscore": 0.3813761281604246 }, "geometry": { "type": "MultiPolygon", "coordinates": [ [ [ [ 6.813470228616894, 52.395235250644092 ], [ 6.813503863125892, 52.395191915175047 ], [ 6.813579512939938, 52.395090815170029 ], [ 6.813623423186081, 52.395036686212869 ], [ 6.813880299109408, 52.394677672442853 ], [ 6.814171214953524, 52.394271200644454 ], [ 6.814380741015317, 52.393973322586987 ], [ 6.81455968112961, 52.393730419549271 ], [ 6.814706659111971, 52.393519353271849 ], [ 6.814908678679103, 52.393241807354599 ], [ 6.815105435459627, 52.392971093065306 ], [ 6.815241818529563, 52.392780198758409 ], [ 6.815302310226534, 52.392694084866008 ], [ 6.815320806070249, 52.392678967370493 ], [ 6.815426006921447, 52.392726830652947 ], [ 6.816004789979878, 52.393046281561546 ], [ 6.81662282542191, 52.393391197250779 ], [ 6.817138297696347, 52.393680126336719 ], [ 6.817417688649202, 52.393840804806089 ], [ 6.817487137037752, 52.393881565663349 ], [ 6.81760526827264, 52.393948389884443 ], [ 6.817748154771302, 52.393955957617699 ], [ 6.817922126022247, 52.393923293367607 ], [ 6.818177963014323, 52.393878655022469 ], [ 6.818189043397131, 52.393860966047171 ], [ 6.81892814310017, 52.393907822463859 ], [ 6.819085700670115, 52.393901970708875 ], [ 6.819122602660562, 52.393855825517655 ], [ 6.819263641889635, 52.393679422959437 ], [ 6.819611577938281, 52.393219573313552 ], [ 6.820160470523907, 52.392502890276575 ], [ 6.820268696334057, 52.392365670104276 ], [ 6.820276501448416, 52.392355777867337 ], [ 6.820339315891373, 52.392258666900766 ], [ 6.820524265302294, 52.392011528868018 ], [ 6.820544911990637, 52.391983935061504 ], [ 6.821064452426492, 52.39129824549854 ], [ 6.821223548231917, 52.39108554975352 ], [ 6.821294505487991, 52.391000006989813 ], [ 6.821344908377425, 52.390931270509995 ], [ 6.82135249313918, 52.390920940415377 ], [ 6.821475405553572, 52.390742929860878 ], [ 6.821682029315546, 52.390447275525773 ], [ 6.821930874170831, 52.390112115785996 ], [ 6.821937426713728, 52.390103038610619 ], [ 6.821981406253335, 52.390044707777349 ], [ 6.822243572338496, 52.389678707184736 ], [ 6.822477930116273, 52.389362373495594 ], [ 6.822646816160195, 52.389138932202599 ], [ 6.822658615873689, 52.389123130673759 ], [ 6.822662037838803, 52.389118558836287 ], [ 6.822810446849727, 52.388926556636058 ], [ 6.822937517189649, 52.388754795093845 ], [ 6.82302434710104, 52.388632015945333 ], [ 6.823043428910069, 52.388604737269347 ], [ 6.823061304192468, 52.388575136145519 ], [ 6.823140473390633, 52.388444018363089 ], [ 6.82327108192126, 52.388151683069829 ], [ 6.823333171060062, 52.388008098188472 ], [ 6.823412074437297, 52.387825774385441 ], [ 6.823747429656665, 52.387963026320463 ], [ 6.824059380781754, 52.387526160844132 ], [ 6.824022800524663, 52.387507153185254 ], [ 6.823838897731011, 52.38741156957591 ], [ 6.823807281301619, 52.387392501604047 ], [ 6.82366991701001, 52.387329431574472 ], [ 6.823648313993185, 52.387314709459162 ], [ 6.823678065722214, 52.387290761855731 ], [ 6.823777541967613, 52.387078327378795 ], [ 6.82385232987416, 52.386887891360324 ], [ 6.823888043370785, 52.386816293753569 ], [ 6.824317192652139, 52.386250921498231 ], [ 6.824344242806423, 52.386215276161131 ], [ 6.824528628605502, 52.385738888230044 ], [ 6.824575243072964, 52.385618456807315 ], [ 6.824772867528881, 52.385107885096595 ], [ 6.824807239155864, 52.385048447300939 ], [ 6.824839845659421, 52.384963583698401 ], [ 6.824975540144423, 52.384610420206158 ], [ 6.825010038191259, 52.384515960514818 ], [ 6.825064447005134, 52.384360557693 ], [ 6.825142356996314, 52.384153013045285 ], [ 6.825221465411792, 52.383935341391101 ], [ 6.82531366785489, 52.383679380153609 ], [ 6.82538473489918, 52.383484206109777 ], [ 6.825393814064753, 52.383467484515883 ], [ 6.825473105994781, 52.383270026187461 ], [ 6.825551325389219, 52.383073488693448 ], [ 6.82562998666585, 52.382866599672511 ], [ 6.825732249062069, 52.382610704516892 ], [ 6.825824337825819, 52.382371777896225 ], [ 6.825871125368693, 52.382259154973319 ], [ 6.825892232607393, 52.382199833087732 ], [ 6.825908022579974, 52.382164503982764 ], [ 6.825951807172842, 52.382046722004063 ], [ 6.826008704880902, 52.381925643506264 ], [ 6.826156201367891, 52.381551984196072 ], [ 6.826290855658182, 52.38121084943387 ], [ 6.826313847823978, 52.38115261015335 ], [ 6.826450440963739, 52.380806570673258 ], [ 6.826593057235647, 52.380338048386555 ], [ 6.826668565529255, 52.380101309094073 ], [ 6.82668272326408, 52.380056921031994 ], [ 6.826696584704845, 52.380013812979797 ], [ 6.826711313830211, 52.37996802470056 ], [ 6.82673852893414, 52.379926327259149 ], [ 6.826951582154596, 52.379363652952385 ], [ 6.827052419300786, 52.379102793889608 ], [ 6.827197400603645, 52.378727770252866 ], [ 6.827349055604018, 52.378325860589996 ], [ 6.827387968706542, 52.378226995698952 ], [ 6.827586572584496, 52.377722329677027 ], [ 6.82772306103293, 52.377356064794341 ], [ 6.827751071308306, 52.377298689921965 ], [ 6.827851458534345, 52.377162555053047 ], [ 6.827911751150113, 52.377079393796407 ], [ 6.828237311674406, 52.376657217152101 ], [ 6.828530872978601, 52.376280993486255 ], [ 6.828643595994912, 52.376137273898529 ], [ 6.828839890965649, 52.375880257031824 ], [ 6.828882509176387, 52.375819611754231 ], [ 6.82892121999704, 52.37572824538789 ], [ 6.82893448286576, 52.37566729253485 ], [ 6.829016740263873, 52.375283304425714 ], [ 6.829113624381297, 52.37479275549277 ], [ 6.829144680523669, 52.374666578758017 ], [ 6.829141989902483, 52.374557676206329 ], [ 6.829093677020166, 52.374358767313154 ], [ 6.829070359449196, 52.374268165599617 ], [ 6.828859301238515, 52.373972533317541 ], [ 6.828823900206941, 52.373931247529633 ], [ 6.828767170443544, 52.373880360830277 ], [ 6.828712050594662, 52.373832007314789 ], [ 6.828369523002306, 52.373525076613745 ], [ 6.827991304437772, 52.373197572651286 ], [ 6.827908960766608, 52.373133496213171 ], [ 6.827818596004549, 52.373085157888383 ], [ 6.827732020364346, 52.373039074505286 ], [ 6.827330980336241, 52.372859154830671 ], [ 6.827127735919862, 52.372773223166085 ], [ 6.827004704960935, 52.372704364755897 ], [ 6.826910448133103, 52.37264917869016 ], [ 6.826502557402772, 52.372318201830723 ], [ 6.825869119309917, 52.371811457216019 ], [ 6.825309866020123, 52.371356086638315 ], [ 6.825030308184478, 52.371132426528035 ], [ 6.824628631471517, 52.370811057775541 ], [ 6.824108391829808, 52.370390066313021 ], [ 6.823974328600624, 52.370280871181521 ], [ 6.823911142470887, 52.370224388660567 ], [ 6.823846732534282, 52.370142824222405 ], [ 6.823802054363701, 52.37010504736552 ], [ 6.823748263626057, 52.37009921047472 ], [ 6.823280243811971, 52.369689006265567 ], [ 6.823275693412547, 52.369684081691609 ], [ 6.822813794761173, 52.369326134209651 ], [ 6.822540588569562, 52.369091487864672 ], [ 6.821999465155835, 52.368635612398677 ], [ 6.821790473323363, 52.368454181463527 ], [ 6.821679111227328, 52.368343216423071 ], [ 6.821487443851007, 52.368154329967219 ], [ 6.821435742875007, 52.368091351854829 ], [ 6.821405311416142, 52.368078947612183 ], [ 6.821236146164726, 52.367940547795641 ], [ 6.820993772039109, 52.3677487963988 ], [ 6.820649330653412, 52.367750165009859 ], [ 6.81996937916995, 52.367753905691885 ], [ 6.820013475125428, 52.367609802601329 ], [ 6.819570007864177, 52.367528160028684 ], [ 6.819541805965315, 52.367523377794413 ], [ 6.81872807929981, 52.367435157211013 ], [ 6.81862911442556, 52.367430871276071 ], [ 6.818597471607048, 52.367419568619042 ], [ 6.818114604882558, 52.367380518746884 ], [ 6.817981612977408, 52.36736975832887 ], [ 6.81764123972791, 52.367338277879881 ], [ 6.81671003061486, 52.367264632231716 ], [ 6.816045333033824, 52.365998543459675 ], [ 6.816037869853917, 52.365967442450781 ], [ 6.816052248333295, 52.365935178811284 ], [ 6.816444388894182, 52.365764509571946 ], [ 6.816445883818059, 52.365756221819076 ], [ 6.816501570237476, 52.365748178353428 ], [ 6.816752467888006, 52.365710180940908 ], [ 6.816786230602767, 52.36568253696322 ], [ 6.816824791196278, 52.365650223751715 ], [ 6.816912049281813, 52.365577106231996 ], [ 6.816948223897853, 52.365510421666784 ], [ 6.816969332283441, 52.365486526059314 ], [ 6.817002517311557, 52.365477405926768 ], [ 6.817036873823253, 52.365495507695975 ], [ 6.81752203295964, 52.365459261860252 ], [ 6.817757251233161, 52.365408687728412 ], [ 6.81767259191442, 52.365328812021225 ], [ 6.817773418672594, 52.365290828834056 ], [ 6.817929178749052, 52.365253349882167 ], [ 6.817720679544689, 52.365092085820116 ], [ 6.817683337343317, 52.365097499097423 ], [ 6.81738722435128, 52.365018920059924 ], [ 6.817300501871929, 52.364995906127014 ], [ 6.816416516343547, 52.364761300603682 ], [ 6.812697339767883, 52.363774180215827 ], [ 6.809232360735372, 52.362854370432125 ], [ 6.809137731343538, 52.362829251443998 ], [ 6.809127113816218, 52.362826448696502 ], [ 6.808993921844301, 52.362791087370418 ], [ 6.808367238098631, 52.362624701177936 ], [ 6.808328898167176, 52.362614527944842 ], [ 6.807690713061321, 52.362445085327529 ], [ 6.807587747923207, 52.362417746080226 ], [ 6.807293706485185, 52.362339675379957 ], [ 6.806833424834791, 52.362217468226731 ], [ 6.806781929401645, 52.362212324266153 ], [ 6.806730713995127, 52.362207212878751 ], [ 6.806198232622011, 52.362154040449497 ], [ 6.805098953200176, 52.362044252481532 ], [ 6.803491110157142, 52.361883653047506 ], [ 6.800832288776328, 52.361618038136662 ], [ 6.79771862732286, 52.361306793683219 ], [ 6.797601719964488, 52.361296857890771 ], [ 6.79760157127139, 52.361296845281238 ], [ 6.797467202187705, 52.361285431214547 ], [ 6.797108344982429, 52.361249707998681 ], [ 6.796766397282384, 52.361215669890974 ], [ 6.793985123911536, 52.360935782998226 ], [ 6.793748645631244, 52.360911987746604 ], [ 6.793640128471804, 52.360903632807158 ], [ 6.793355361191222, 52.360881705164438 ], [ 6.793309396504323, 52.360878170533425 ], [ 6.793020110979823, 52.360855891288303 ], [ 6.792707438695575, 52.360831812753133 ], [ 6.791609968038659, 52.360747289749973 ], [ 6.791248475655733, 52.360719391351282 ], [ 6.791190585875101, 52.360713426627065 ], [ 6.790589345709858, 52.360667328242762 ], [ 6.789775390291836, 52.360604926175562 ], [ 6.78975197412981, 52.360603127356818 ], [ 6.788836953860183, 52.360532964061534 ], [ 6.785240790085279, 52.360257139032129 ], [ 6.78503503998101, 52.360241412765895 ], [ 6.783399478738436, 52.360115916041394 ], [ 6.783237258992942, 52.360108023512915 ], [ 6.783179238236055, 52.36020884281799 ], [ 6.783101943150809, 52.360416585989249 ], [ 6.783066043518733, 52.36060730142237 ], [ 6.783051184477821, 52.360742550703733 ], [ 6.783425887252464, 52.360822740615959 ], [ 6.78361193490599, 52.36088319655974 ], [ 6.783758542598522, 52.360947254829995 ], [ 6.783927378608889, 52.361049971817607 ], [ 6.784110795280718, 52.361150835525365 ], [ 6.784272109119575, 52.361227249861415 ], [ 6.784446902022947, 52.361345140707769 ], [ 6.784257221201948, 52.361747829492181 ], [ 6.784101222387217, 52.362097958533653 ], [ 6.783985178520977, 52.362384406759425 ], [ 6.783907740846832, 52.362483199409354 ], [ 6.783861949141487, 52.362568629709365 ], [ 6.783829777858335, 52.362637117219421 ], [ 6.783822636038909, 52.362652311609125 ], [ 6.783813140195259, 52.36273635165297 ], [ 6.783875133765463, 52.362807296171269 ], [ 6.783937905683501, 52.362851202299183 ], [ 6.78377477478178, 52.363064588236483 ], [ 6.783619539032702, 52.363236856100521 ], [ 6.783534753716858, 52.363360705929715 ], [ 6.783601984649269, 52.363447813468632 ], [ 6.783757680725164, 52.3632547042887 ], [ 6.783805528971001, 52.363199577812395 ], [ 6.78388101219608, 52.363089033064917 ], [ 6.783981825652893, 52.362966917348061 ], [ 6.784215350663786, 52.363043611886432 ], [ 6.784449236423188, 52.36313266124079 ], [ 6.784831146079892, 52.363261894256887 ], [ 6.785263259870136, 52.363413499118991 ], [ 6.785196582830994, 52.363452579025889 ], [ 6.785087489825174, 52.363514128525757 ], [ 6.784949776520796, 52.363607269906346 ], [ 6.784963395616076, 52.36362475393706 ], [ 6.784988620392999, 52.363609822261445 ], [ 6.785312821983292, 52.363771834304949 ], [ 6.785603337450014, 52.363941596401837 ], [ 6.785740286667598, 52.364039788856203 ], [ 6.785917441374663, 52.364192508047822 ], [ 6.785826393478117, 52.364214492146743 ], [ 6.785741617243193, 52.364261678411111 ], [ 6.785405493867079, 52.364159934143352 ], [ 6.785214480619287, 52.364063584596444 ], [ 6.784959358572168, 52.363970877482082 ], [ 6.784607901293753, 52.3638474245137 ], [ 6.784419065651102, 52.364030247507067 ], [ 6.784201319505291, 52.364228063180832 ], [ 6.784061045305397, 52.364349575236247 ], [ 6.783992069455043, 52.36440385458053 ], [ 6.783787232997913, 52.364603746257607 ], [ 6.78359135789912, 52.364767001537487 ], [ 6.783381797219119, 52.364962462838385 ], [ 6.783189021974562, 52.365140790917415 ], [ 6.783186703322889, 52.365189339514885 ], [ 6.783355289925193, 52.36520438408381 ], [ 6.783568717122863, 52.365219321719785 ], [ 6.783518998897948, 52.365389535044869 ], [ 6.783178412971226, 52.365363027950842 ], [ 6.783170474613303, 52.365529242580998 ], [ 6.783160686004192, 52.365734633999303 ], [ 6.783154249026102, 52.365943410577643 ], [ 6.783239673954749, 52.365940425217005 ], [ 6.783238412011961, 52.365950246824433 ], [ 6.783190194591637, 52.367722676397854 ], [ 6.783123798225572, 52.367743414694708 ], [ 6.783106781997849, 52.36775004238222 ], [ 6.783107779415192, 52.367847953944263 ], [ 6.783099641518508, 52.368082943678409 ], [ 6.783090770115844, 52.368448089997315 ], [ 6.783081184728185, 52.368628247496879 ], [ 6.783078002460465, 52.368688087109817 ], [ 6.783064729947339, 52.369106552553717 ], [ 6.783062053470355, 52.369496830132725 ], [ 6.78305473312726, 52.3697601336454 ], [ 6.783046465157038, 52.370093623378445 ], [ 6.783042960473962, 52.370236046284653 ], [ 6.783042323619775, 52.370261995286207 ], [ 6.783036900745172, 52.370410193604016 ], [ 6.783033748880841, 52.370599272859266 ], [ 6.783025447413058, 52.370972286390021 ], [ 6.783015504842353, 52.371286649787926 ], [ 6.783008564626701, 52.371563440803271 ], [ 6.783003978385913, 52.371635602511802 ], [ 6.783003703131198, 52.371639920350098 ], [ 6.783002922679724, 52.371663641831923 ], [ 6.783001575326083, 52.371704340727121 ], [ 6.782991913072028, 52.37199683118363 ], [ 6.782963302700737, 52.372945983123387 ], [ 6.782937316373157, 52.374156693883442 ], [ 6.782925803119744, 52.374950633154782 ], [ 6.782916645345602, 52.375581498030762 ], [ 6.78289939925095, 52.375581854233801 ], [ 6.782886694980203, 52.376131349974457 ], [ 6.782869589575537, 52.376761247750373 ], [ 6.782836593024833, 52.376754913313249 ], [ 6.782835107403585, 52.376836943941285 ], [ 6.78280039224426, 52.377013469368997 ], [ 6.782748796222926, 52.377018176660719 ], [ 6.782392205796862, 52.376940988179385 ], [ 6.782386970727384, 52.376939854395765 ], [ 6.782399104434973, 52.376931046222758 ], [ 6.782052420877318, 52.376859654512231 ], [ 6.781510210303327, 52.376758107311723 ], [ 6.781446480008675, 52.376869194687004 ], [ 6.781399040571566, 52.376951883502876 ], [ 6.781272048278153, 52.377190394052562 ], [ 6.781157191153278, 52.377404761629712 ], [ 6.781040547389394, 52.37762166696043 ], [ 6.780952735014478, 52.377783931776335 ], [ 6.780919170396478, 52.377845962691794 ], [ 6.780644640702726, 52.378362702775675 ], [ 6.780497138430056, 52.378636806461138 ], [ 6.780416345376055, 52.378785127577629 ], [ 6.780224737238599, 52.379135120452034 ], [ 6.7801775317364, 52.379219792454421 ], [ 6.780077728194014, 52.379396570604257 ], [ 6.779996827902592, 52.379535490456881 ], [ 6.779931896889708, 52.37964600675479 ], [ 6.779857486485625, 52.379771322113818 ], [ 6.779753656174138, 52.379943904661232 ], [ 6.779458298931992, 52.380445147381998 ], [ 6.779272573428819, 52.38076590091309 ], [ 6.779288637791246, 52.380770413058741 ], [ 6.779296995152994, 52.380788633749034 ], [ 6.779344923264238, 52.380812438393278 ], [ 6.7793319726433, 52.380823817623799 ], [ 6.779217353337181, 52.38085881051348 ], [ 6.779219398255332, 52.380876215570083 ], [ 6.779253309837298, 52.38092563214277 ], [ 6.779468055928088, 52.381147590188675 ], [ 6.77944944962938, 52.381153346108334 ], [ 6.779549138944227, 52.381258878352867 ], [ 6.779777058967229, 52.381495161678515 ], [ 6.780141638088002, 52.381890006107596 ], [ 6.779588672301987, 52.382154875163394 ], [ 6.77893270630828, 52.382485015279222 ], [ 6.779327577591552, 52.382713439593118 ], [ 6.780026758776678, 52.383106793196703 ], [ 6.780405973624761, 52.383321861225468 ], [ 6.780629298427489, 52.383449352772224 ], [ 6.780882599953779, 52.383591591960005 ], [ 6.780826122111334, 52.383807536512279 ], [ 6.780772846831451, 52.384003416478521 ], [ 6.780710939824287, 52.384239676426738 ], [ 6.780675826925602, 52.384364286770683 ], [ 6.780653686775798, 52.38444970642481 ], [ 6.780540465409754, 52.384848537831211 ], [ 6.78047564881811, 52.385093254263268 ], [ 6.780439368918031, 52.385223774831431 ], [ 6.780801420395425, 52.385350684734505 ], [ 6.781232722236149, 52.385503681151 ], [ 6.781335857829683, 52.385540398746024 ], [ 6.781647315907529, 52.385651281883369 ], [ 6.782129814081995, 52.385820426857691 ], [ 6.782429941731363, 52.385925455014316 ], [ 6.782667357135142, 52.386009963502616 ], [ 6.782683800832507, 52.386015720159179 ], [ 6.78287499096936, 52.386082660971582 ], [ 6.783295213104905, 52.386233704221823 ], [ 6.783900529352078, 52.386448251503957 ], [ 6.784520498345353, 52.386668393502717 ], [ 6.785084554582088, 52.386870657917434 ], [ 6.785465697048237, 52.387005328220106 ], [ 6.78575296515782, 52.387106428083236 ], [ 6.785988077172505, 52.38698632024694 ], [ 6.786356268651359, 52.386797708975124 ], [ 6.786552207796312, 52.38669887189544 ], [ 6.786675926064083, 52.386834001647095 ], [ 6.786839958372779, 52.387011971175369 ], [ 6.787004473468366, 52.387194950472242 ], [ 6.787245103023283, 52.387461595075635 ], [ 6.787459743858038, 52.387693274942706 ], [ 6.787608236609642, 52.387856748691945 ], [ 6.787630322953002, 52.387880631062657 ], [ 6.787776775855027, 52.387885639784372 ], [ 6.787799154390207, 52.38787646717563 ], [ 6.787821491324664, 52.38785575354941 ], [ 6.787824719431148, 52.38783238964551 ], [ 6.78783015562562, 52.387811489486225 ], [ 6.787835902493883, 52.387774855405262 ], [ 6.787846436430598, 52.387740474776692 ], [ 6.787855538728503, 52.38771843461145 ], [ 6.787894295998992, 52.387667378524455 ], [ 6.787912948068798, 52.387644892763937 ], [ 6.787950322817887, 52.387622140493903 ], [ 6.788080141334469, 52.387568029171632 ], [ 6.788152379897681, 52.387535120449442 ], [ 6.788241437576763, 52.387482632939331 ], [ 6.788286191697665, 52.387462354996991 ], [ 6.788329476759198, 52.387448584277678 ], [ 6.788378666511788, 52.387442213265324 ], [ 6.78843891076502, 52.387443028180385 ], [ 6.788541363982088, 52.387440179331946 ], [ 6.788600128863903, 52.387443456609311 ], [ 6.78861667440227, 52.387446352834246 ], [ 6.788704167107888, 52.387469820150514 ], [ 6.78881667606333, 52.387508065252163 ], [ 6.788902361817021, 52.387538493107314 ], [ 6.788962307497549, 52.387564695420807 ], [ 6.789078529748604, 52.387613493995431 ], [ 6.789247741664284, 52.387689179262928 ], [ 6.789491608210117, 52.387795305551698 ], [ 6.78972884503584, 52.387892449276841 ], [ 6.789824091940348, 52.387926457545284 ], [ 6.78995904087523, 52.387973658085912 ], [ 6.789979635994238, 52.387981485879109 ], [ 6.790118682526392, 52.388044412873619 ], [ 6.790274256766745, 52.388106865146305 ], [ 6.790433510849657, 52.38816952527732 ], [ 6.790514043033364, 52.388199509708429 ], [ 6.790618483683655, 52.388237093722111 ], [ 6.790699723314852, 52.388257865196145 ], [ 6.790812198273901, 52.388282859462265 ], [ 6.790849306660722, 52.388290221628139 ], [ 6.790879433261654, 52.388293765474458 ], [ 6.790929766325007, 52.388297959568256 ], [ 6.790961741651623, 52.388303746625944 ], [ 6.79097499356806, 52.388310250104936 ], [ 6.790986405287711, 52.388320343926516 ], [ 6.790988654340993, 52.38833336886924 ], [ 6.79098549923223, 52.388373361129069 ], [ 6.790981951125828, 52.388511317071746 ], [ 6.790995920724886, 52.388620696874135 ], [ 6.790998651216696, 52.388666075481375 ], [ 6.791015314863092, 52.388705140564824 ], [ 6.791195348275974, 52.388721045638121 ], [ 6.7915932702383, 52.388916782486007 ], [ 6.792033165784001, 52.388940946624075 ], [ 6.792115125535611, 52.388919497580041 ], [ 6.792141715125155, 52.388905995539105 ], [ 6.792150202269246, 52.388913265551167 ], [ 6.792191801761417, 52.388940385127178 ], [ 6.792241476534246, 52.38896502682551 ], [ 6.79231834469657, 52.388996132184445 ], [ 6.792630595265345, 52.389111354873229 ], [ 6.792943157242783, 52.389217818040095 ], [ 6.793185485853433, 52.389299002413686 ], [ 6.79343185218204, 52.38938332033549 ], [ 6.793726406279093, 52.389482849360995 ], [ 6.793733030476099, 52.389486033553851 ], [ 6.79387229025889, 52.389553043536836 ], [ 6.794267726496371, 52.389785088519503 ], [ 6.794568103257669, 52.389960015551289 ], [ 6.794886636005899, 52.390146788783476 ], [ 6.794934387451629, 52.390180629724235 ], [ 6.794973154896342, 52.390235512218744 ], [ 6.795009898328829, 52.390303910839911 ], [ 6.795001999404779, 52.390359105630125 ], [ 6.795002020340662, 52.390414790494631 ], [ 6.795123282040929, 52.390456206472265 ], [ 6.795304907516571, 52.390518234509784 ], [ 6.795584750278772, 52.390614473328377 ], [ 6.795664358696706, 52.390641490031669 ], [ 6.795901758907831, 52.39072206240364 ], [ 6.796164735912494, 52.390814087118393 ], [ 6.796523097338724, 52.390937110341035 ], [ 6.796738352602983, 52.391011922265051 ], [ 6.796858952824419, 52.391053685934956 ], [ 6.796906375582012, 52.391070190766499 ], [ 6.797039254857758, 52.39111644620278 ], [ 6.79706409549724, 52.391125094122195 ], [ 6.797132704399407, 52.391148977952192 ], [ 6.797227862494601, 52.391182100509965 ], [ 6.797415368390645, 52.391250050781025 ], [ 6.79737818900212, 52.391265037455149 ], [ 6.797348651474389, 52.39127269716159 ], [ 6.797397168551865, 52.391301413423896 ], [ 6.797534079428377, 52.39138243360167 ], [ 6.797618339430869, 52.391433645158322 ], [ 6.797729099126594, 52.39149991160523 ], [ 6.797844208654136, 52.391565272185652 ], [ 6.798036083751446, 52.391688683767804 ], [ 6.798173635495997, 52.391770837148812 ], [ 6.798267867806798, 52.391826954080763 ], [ 6.798431058219601, 52.391929844140371 ], [ 6.798564644617565, 52.392011540980725 ], [ 6.798689790220609, 52.392088843959549 ], [ 6.798756722654532, 52.392127362515581 ], [ 6.798815594096834, 52.392159586180227 ], [ 6.798903167510935, 52.39219941355941 ], [ 6.799057253485966, 52.39228438895978 ], [ 6.799398552258887, 52.392494222442629 ], [ 6.799436578664676, 52.392521930456446 ], [ 6.799673504070213, 52.392693071409738 ], [ 6.799858724971516, 52.392828199887056 ], [ 6.799980396699628, 52.392871062242229 ], [ 6.800232787867409, 52.392960813394758 ], [ 6.800478423236561, 52.3930492424318 ], [ 6.800599833804308, 52.393111513930386 ], [ 6.80077534101434, 52.393201777407263 ], [ 6.80098229340791, 52.393382792761791 ], [ 6.801132328913729, 52.393513701317545 ], [ 6.801241266359035, 52.393609550215409 ], [ 6.801310023201876, 52.393645241079113 ], [ 6.801497355919476, 52.393744980175335 ], [ 6.801631987539824, 52.393813501638164 ], [ 6.801724773058194, 52.393864985984791 ], [ 6.801790541239037, 52.393899085327213 ], [ 6.80189993498019, 52.393963135061789 ], [ 6.801933397634511, 52.393958267760233 ], [ 6.802097391320024, 52.393932128098008 ], [ 6.802333149722778, 52.393895512393541 ], [ 6.802508270382012, 52.393866299828574 ], [ 6.802547933110435, 52.393855443643616 ], [ 6.802571784585557, 52.39386892020778 ], [ 6.802639786258609, 52.393871729592298 ], [ 6.802835557669009, 52.393879986312662 ], [ 6.802937461975716, 52.393880205833732 ], [ 6.80299724872894, 52.393867796469536 ], [ 6.803009510848713, 52.393849195959767 ], [ 6.803053489740729, 52.39381478246338 ], [ 6.803081930344671, 52.393789327796384 ], [ 6.803116082220512, 52.393752703732694 ], [ 6.803133758100881, 52.393728798027304 ], [ 6.80319072973634, 52.393751981637621 ], [ 6.803221118828423, 52.393848175032488 ], [ 6.803407694413823, 52.393893268743241 ], [ 6.803518493875277, 52.393922163251254 ], [ 6.803621464415206, 52.393951133354101 ], [ 6.803709502890153, 52.393981360692877 ], [ 6.803829932820987, 52.394038472142618 ], [ 6.803882183411553, 52.39395948312535 ], [ 6.803946397481183, 52.39388151943885 ], [ 6.803967695190568, 52.393851421970432 ], [ 6.803974027366205, 52.393845890028032 ], [ 6.804009147168163, 52.393851959563158 ], [ 6.804204377992852, 52.393884193429457 ], [ 6.804470752838514, 52.393925588676709 ], [ 6.804692541035651, 52.393960766693503 ], [ 6.804890380320194, 52.393992752472109 ], [ 6.805126446236392, 52.394031453059334 ], [ 6.805368152823331, 52.394071928293776 ], [ 6.805397432277469, 52.394076386494319 ], [ 6.805525122306104, 52.394095836370234 ], [ 6.805731599043981, 52.394130009390629 ], [ 6.805867051887359, 52.394131703022545 ], [ 6.805938660486623, 52.394049370977619 ], [ 6.805891260359425, 52.393832807264289 ], [ 6.805793086121267, 52.393451198662838 ], [ 6.806017778045973, 52.393481197837247 ], [ 6.806106183926888, 52.393494888720703 ], [ 6.806231324199666, 52.393499456080974 ], [ 6.806426154530116, 52.393527439416559 ], [ 6.806608976320201, 52.393549319253488 ], [ 6.806995066799708, 52.393598378899199 ], [ 6.807343081530577, 52.393642186236391 ], [ 6.807611624826732, 52.393675090017837 ], [ 6.807754312893567, 52.393695346288176 ], [ 6.80783324536673, 52.393764106694846 ], [ 6.80826366662391, 52.393814481893642 ], [ 6.808557469901966, 52.393847862327981 ], [ 6.808609086403348, 52.393852420072484 ], [ 6.808901584532219, 52.393940349990046 ], [ 6.809289523437719, 52.394055501145814 ], [ 6.809513186405395, 52.394121011599367 ], [ 6.809860917804837, 52.394224419306504 ], [ 6.810125557032245, 52.394302119269568 ], [ 6.810498886615103, 52.394414655602979 ], [ 6.810766906053048, 52.394493221369878 ], [ 6.811173656361671, 52.394614126703118 ], [ 6.811611945804472, 52.39474203091676 ], [ 6.812013412512884, 52.394860695855108 ], [ 6.812300114076889, 52.39494751870172 ], [ 6.812352715056146, 52.39496344272051 ], [ 6.812404069860303, 52.39497899520336 ], [ 6.812682681124668, 52.395061842635407 ], [ 6.812938913304544, 52.395138244359039 ], [ 6.8132315203221, 52.395226279242067 ], [ 6.813444826789592, 52.395290585761778 ], [ 6.813506521426374, 52.395309168245817 ], [ 6.813591271937947, 52.395333270634211 ], [ 6.81362591989489, 52.395282165635727 ], [ 6.813470228616894, 52.395235250644092 ] ], [ [ 6.804788956221028, 52.384610832606946 ], [ 6.804734121599358, 52.384582242658659 ], [ 6.804545407729882, 52.384483851142818 ], [ 6.804354096681982, 52.384384101666605 ], [ 6.804228047967632, 52.384318382185192 ], [ 6.804205068672791, 52.384306401140812 ], [ 6.80419455157625, 52.384300918073755 ], [ 6.804014664019128, 52.384225166976897 ], [ 6.804011915249317, 52.384224009770868 ], [ 6.804010016895885, 52.38422298620489 ], [ 6.803883305127617, 52.384154645990321 ], [ 6.803538105262036, 52.383968485559926 ], [ 6.803351031124367, 52.383874994786822 ], [ 6.80321666933533, 52.38380784652314 ], [ 6.803187129728884, 52.383793647145772 ], [ 6.803185920496107, 52.383793041389012 ], [ 6.803054275560632, 52.383727002910447 ], [ 6.803029515594599, 52.383714580022328 ], [ 6.802886079511893, 52.38364265185816 ], [ 6.802870156417284, 52.383634670645201 ], [ 6.802866828920166, 52.383633007077719 ], [ 6.802854532551688, 52.383626859333887 ], [ 6.80282772660627, 52.383616557949672 ], [ 6.802699982784255, 52.383567441375725 ], [ 6.802670647130467, 52.383555661898932 ], [ 6.802665190290386, 52.383553283118474 ], [ 6.802645952292881, 52.383544903767266 ], [ 6.802627119192959, 52.38353669125587 ], [ 6.802621129232079, 52.383534086040449 ], [ 6.802619700617557, 52.383533464025192 ], [ 6.802489910242658, 52.383476872392684 ], [ 6.802466935919552, 52.383469066228571 ], [ 6.802448759705462, 52.383462883582787 ], [ 6.802333471262995, 52.383423675190983 ], [ 6.80230877107556, 52.383415274801465 ], [ 6.802271410413693, 52.383402568255853 ], [ 6.802260610766788, 52.383398895135414 ], [ 6.802253510484673, 52.383396157558657 ], [ 6.802011361161014, 52.38331762334159 ], [ 6.801989434202153, 52.383308661197923 ], [ 6.801959847962983, 52.383296567240109 ], [ 6.801975224489166, 52.383264475198445 ], [ 6.801925186291534, 52.383251428399085 ], [ 6.801896776502484, 52.383244296532176 ], [ 6.801831738292023, 52.383227968316916 ], [ 6.801811424668407, 52.383222053817256 ], [ 6.801842248139079, 52.383187222569617 ], [ 6.801917869263859, 52.383136107581826 ], [ 6.802139556060695, 52.383001475846065 ], [ 6.802337466183277, 52.382877644799542 ], [ 6.802475490761843, 52.382781558673678 ], [ 6.80271081724289, 52.382578753877276 ], [ 6.802775906996177, 52.382515314855986 ], [ 6.802818444094705, 52.382473863252869 ], [ 6.802857872573683, 52.38243543847264 ], [ 6.802942037056284, 52.382337312839681 ], [ 6.802980068542503, 52.382293238220072 ], [ 6.802991067115125, 52.382280751621536 ], [ 6.803000709160025, 52.382269806639371 ], [ 6.803032261777316, 52.382233984768476 ], [ 6.803036439228406, 52.382229242669702 ], [ 6.80304794665808, 52.382216178293902 ], [ 6.80303972090728, 52.382216186807611 ], [ 6.803004267577527, 52.382209959241258 ], [ 6.80297405613449, 52.382204030308749 ], [ 6.802957841760881, 52.382200848090356 ], [ 6.802914981353139, 52.382192435845454 ], [ 6.802702401772337, 52.382150716036449 ], [ 6.802655885905599, 52.382141586968643 ], [ 6.802656466992619, 52.382140877998147 ], [ 6.802660325547511, 52.382136176580424 ], [ 6.80176089293077, 52.38196337691361 ], [ 6.801640703083201, 52.381940285745976 ], [ 6.80165132184353, 52.381927349880904 ], [ 6.801676119890074, 52.38190009357583 ], [ 6.801707712770463, 52.381865370005663 ], [ 6.801881505298611, 52.381674352075613 ], [ 6.802001845701824, 52.381538965098507 ], [ 6.802023401886541, 52.381514713754243 ], [ 6.802277688393231, 52.381228627946712 ], [ 6.802376257232289, 52.381123000135929 ], [ 6.802437491554876, 52.381050379519181 ], [ 6.80247658299687, 52.381030546710384 ], [ 6.802667113723806, 52.380866830258036 ], [ 6.803186401349463, 52.380420601312125 ], [ 6.803197727299787, 52.380379252384046 ], [ 6.803217733859179, 52.380306168181598 ], [ 6.803219062404969, 52.380301316338254 ], [ 6.803244884815443, 52.380307926925767 ], [ 6.803290463590621, 52.380319596397243 ], [ 6.803323412531506, 52.380328031808112 ], [ 6.803441350257901, 52.38035462234722 ], [ 6.803471824195036, 52.380361494527001 ], [ 6.803536098217093, 52.380375946923081 ], [ 6.804023230105244, 52.380485478015203 ], [ 6.804025479036063, 52.380485940080909 ], [ 6.804071718722699, 52.380495435053255 ], [ 6.804072316951721, 52.380495539352026 ], [ 6.804148231259563, 52.380508721280201 ], [ 6.804184236080232, 52.380514455601684 ], [ 6.804210152701323, 52.380518583058155 ], [ 6.80422861944584, 52.380521524201924 ], [ 6.804253830342264, 52.380525538750277 ], [ 6.804261618336421, 52.380526779434234 ], [ 6.804326112233719, 52.380533989231139 ], [ 6.804340042973411, 52.380535548267872 ], [ 6.804414016723963, 52.380542932146454 ], [ 6.804439867189426, 52.380544897651177 ], [ 6.804510020978674, 52.380550231934528 ], [ 6.804536356686219, 52.380552213180358 ], [ 6.804602783475409, 52.380557210918433 ], [ 6.80466871345058, 52.380561095469808 ], [ 6.804810132634435, 52.380555446609414 ], [ 6.804906628690254, 52.380552678175285 ], [ 6.80497150237626, 52.380550817015525 ], [ 6.805043647000846, 52.380545098832727 ], [ 6.805078170968494, 52.380541959847434 ], [ 6.805114241562195, 52.380538680075844 ], [ 6.805197469357736, 52.380532289692461 ], [ 6.805274223872062, 52.380526728271597 ], [ 6.805280708628446, 52.380526258663018 ], [ 6.805374381731796, 52.380515787948838 ], [ 6.805575818577156, 52.380476160596487 ], [ 6.80566915792026, 52.380455266691634 ], [ 6.805708761638501, 52.380438604181656 ], [ 6.805720175305935, 52.380433801320571 ], [ 6.805761742090151, 52.380413764256112 ], [ 6.805837870970334, 52.380366637871546 ], [ 6.805857188357304, 52.380360267001386 ], [ 6.805865422451236, 52.380355114823111 ], [ 6.805872006189561, 52.380350992762956 ], [ 6.805888251238922, 52.380340830404208 ], [ 6.806003222059036, 52.380268907542217 ], [ 6.806008229693377, 52.380270062790615 ], [ 6.806049295552305, 52.380279536319584 ], [ 6.806150865962655, 52.380302967581599 ], [ 6.806229054142362, 52.380321004507465 ], [ 6.806233277486725, 52.380321978588256 ], [ 6.806331382499305, 52.380344613494429 ], [ 6.806334978423403, 52.380345443184886 ], [ 6.806336557364096, 52.380345807173242 ], [ 6.806357361910256, 52.380350606693469 ], [ 6.806882950929211, 52.38047185907817 ], [ 6.806938161643383, 52.380484104648332 ], [ 6.80714864859446, 52.380530774966942 ], [ 6.807580434958931, 52.380626411693385 ], [ 6.807829327947858, 52.380682956958331 ], [ 6.808260458219477, 52.380764909221682 ], [ 6.808341614978792, 52.380779914066331 ], [ 6.80862181331279, 52.380827482225953 ], [ 6.8087122951826, 52.380841994599017 ], [ 6.809067787212471, 52.380903176896368 ], [ 6.809065847044742, 52.380911379976482 ], [ 6.809197271228526, 52.38093389088764 ], [ 6.809194223383843, 52.380946026377963 ], [ 6.809189678673966, 52.380964157377996 ], [ 6.809218205021943, 52.380968749466795 ], [ 6.809301481009713, 52.380979874714576 ], [ 6.809316362435365, 52.380981295902288 ], [ 6.80934792880062, 52.380985410982426 ], [ 6.809414102004339, 52.380996840535062 ], [ 6.809521417723057, 52.381017843037711 ], [ 6.80964343990389, 52.381039387794914 ], [ 6.809838954200973, 52.381071554672538 ], [ 6.810038148542859, 52.381108530919356 ], [ 6.810172902729668, 52.381133158025193 ], [ 6.810294753048186, 52.381158479461902 ], [ 6.810408553318199, 52.381180122296541 ], [ 6.810512944818292, 52.381201518621339 ], [ 6.810580402964421, 52.381216347803644 ], [ 6.810643842258798, 52.38122770168787 ], [ 6.811227189901058, 52.381372702290598 ], [ 6.81135405198911, 52.381407670209008 ], [ 6.811629572424746, 52.381468372534606 ], [ 6.811803970071035, 52.381520096400614 ], [ 6.81185558372558, 52.381536151083395 ], [ 6.811860180260908, 52.381584095750981 ], [ 6.81177985943815, 52.3819099074679 ], [ 6.811779204185704, 52.381941618720788 ], [ 6.811797814565236, 52.381974949767468 ], [ 6.811839468795085, 52.382005882087924 ], [ 6.812337124870954, 52.38225203458105 ], [ 6.812571264799898, 52.382402033011466 ], [ 6.812821544520279, 52.382562362424473 ], [ 6.812600783886929, 52.382853247783522 ], [ 6.812548605530414, 52.382922000198661 ], [ 6.811607317310782, 52.383594706245951 ], [ 6.811053155567148, 52.383251002177857 ], [ 6.810381383407128, 52.382834348519793 ], [ 6.809366992370288, 52.38220516866425 ], [ 6.809266498765632, 52.382142835522913 ], [ 6.809151677346153, 52.382071615566034 ], [ 6.809075639782409, 52.382088376253513 ], [ 6.809007051159366, 52.382114341783129 ], [ 6.808965064426806, 52.38213434277688 ], [ 6.808947889213313, 52.382143852459073 ], [ 6.808924916900782, 52.382153157618191 ], [ 6.808922092121348, 52.382154301661778 ], [ 6.808872455408238, 52.382174403503896 ], [ 6.808864088337005, 52.382177791196057 ], [ 6.808824792080579, 52.382193701397462 ], [ 6.808679255281354, 52.382251292065448 ], [ 6.808591095978293, 52.382286019129538 ], [ 6.80859328000291, 52.382288300314443 ], [ 6.808548100160065, 52.382306308045116 ], [ 6.808544489321029, 52.382304378375835 ], [ 6.808508348784603, 52.382318614619052 ], [ 6.808378681024416, 52.382371011199446 ], [ 6.808222480951093, 52.382434127980687 ], [ 6.808196912487564, 52.382445441691779 ], [ 6.808161489155156, 52.382461116405608 ], [ 6.808161273507205, 52.382461216972054 ], [ 6.808140832138861, 52.382470164398939 ], [ 6.808128293478402, 52.382475669534074 ], [ 6.808101112842826, 52.38248760302772 ], [ 6.808032237344301, 52.382526650063262 ], [ 6.807962368129477, 52.382566320221443 ], [ 6.807888178621548, 52.382609152304589 ], [ 6.807824852631726, 52.382645822492144 ], [ 6.807609732477326, 52.382771172765686 ], [ 6.807530031850109, 52.382824030295197 ], [ 6.807403291643839, 52.382911618471667 ], [ 6.807322142565932, 52.382963756158055 ], [ 6.807202468296219, 52.383044041360343 ], [ 6.807196541088882, 52.383048719208062 ], [ 6.807095013823676, 52.383128862980975 ], [ 6.806954123220214, 52.383240215886936 ], [ 6.806950050754986, 52.383558331719911 ], [ 6.806921314392077, 52.383603629164327 ], [ 6.80690154483599, 52.383612891006365 ], [ 6.806867070893423, 52.383629034827791 ], [ 6.80681214656664, 52.383637774498382 ], [ 6.806589661981698, 52.383643366842783 ], [ 6.806568056992209, 52.383666782753089 ], [ 6.806540188256662, 52.383696987470948 ], [ 6.806528254229215, 52.383709921573256 ], [ 6.806521679592825, 52.383717047594793 ], [ 6.806517061328496, 52.383722053979177 ], [ 6.806502803224498, 52.383737506730981 ], [ 6.806391998614762, 52.383854597012594 ], [ 6.806362092882077, 52.383890237337553 ], [ 6.806341027229941, 52.38391352988269 ], [ 6.806260624882716, 52.384002432623795 ], [ 6.806227242854187, 52.384039343352647 ], [ 6.806207199979636, 52.384061504510576 ], [ 6.806168507972168, 52.384108112125098 ], [ 6.806137472332138, 52.384145498965367 ], [ 6.806102053353724, 52.384129991916389 ], [ 6.805976267183482, 52.384147095259927 ], [ 6.805921900940399, 52.384182928897097 ], [ 6.805905219997205, 52.384195533315427 ], [ 6.805870172559133, 52.384220402797951 ], [ 6.805814992958643, 52.384249648391723 ], [ 6.805768969687215, 52.384271233670347 ], [ 6.805624380947016, 52.384334269769226 ], [ 6.805616917613356, 52.384339752458089 ], [ 6.805552757046952, 52.384350022441694 ], [ 6.805439484559362, 52.384389114535324 ], [ 6.805322934886299, 52.384435976106488 ], [ 6.805074600564598, 52.384531975780227 ], [ 6.804924638931078, 52.384594724807826 ], [ 6.804886693249891, 52.384575404074198 ], [ 6.804847703500842, 52.384641461954914 ], [ 6.804789573210694, 52.384611154205437 ], [ 6.804788956221028, 52.384610832606946 ] ] ] ] } },
{ "type": "Feature", "properties": { "buurtcode": "BU01830800", "buurtnaam": "Mariaparochie", "pc6_codes": "7614LA, 7614LB, 7614LC, 7614LD, 7614LE, 7614LG, 7614LH, 7614LJ, 7614LK, 7614LL, 7614LM, 7614LN, 7614LS, 7614LT", "wijkcode": "WK018308", "gemeentecode": "GM0183", "gemeentenaam": "Tubbergen", "oppervlakteLandInHa": 16, "AantalInwoners_5": 250, "Mannen_6": 135, "Vrouwen_7": 115, "HuishoudensTotaal_29": 105, "GemiddeldeHuishoudensgrootte_33": 2.3, "Woningvoorraad_35": 108, "NieuwbouwWoningen_36": 0, "NietWoningvoorraad_37": 13, "NieuwbouwNietWoningen_38": 0, "GemiddeldeWOZWaardeVanWoningen_39": 391, "PercentageEengezinswoning_40": 96, "PercentageTussenwoningEengezins_41": 14, "PercentageHoekwoningEengezins_42": 13, "PercentageTweeOnderEenKapWoningEe_43": 35, "PercentageVrijstaandeWoningEengezins_44": 34, "PercentageMeergezinswoning_45": 4, "Koopwoningen_47": 71, "HuurwoningenTotaal_48": 29, "InBezitWoningcorporatie_49": 24, "InBezitOverigeVerhuurders_50": 5, "BouwjaarMeerDanTienJaarGeleden_51": 99, "BouwjaarAfgelopenTienJaar_52": 1, "GemiddeldeElektriciteitslevering_53": 3210, "GemiddeldeElektriciteitsteruglevering_54": 2200, "GemiddeldAardgasverbruik_55": 990, "AardgasvrijeWoningen_57": 1, "Aardgaswoningen_58": 70, "WoningenMetZonnestroom_59": 69, "WoningenHoofdzElektrVerwarmd_60": 27, "k_20PersonenMetHoogsteInkomen_80": 13.7, "k_20HuishoudensMetHoogsteInkomen_85": 20.8, "MediaanVermogenVanParticuliereHuish_86": 315.9, "PersonenautoSTotaal_104": 140, "PersonenautoSBrandstofBenzine_105": 110, "PersonenautoSOverigeBrandstof_106": 30, "PersonenautoSPerHuishouden_107": 1.3, "Omgevingsadressendichtheid_121": 307, "AantalInstallatiesBijWoningen_5": null, "OpgesteldVermogenVanZonnepanelen_6": null, "installaties_per_woning": null, "vermogen_per_woning": null, "installaties_per_100_woningen": null, "vermogen_per_huishouden": null, "batterijdruk_score": 1517.9999999999998, "koop_zon_score": 0.4899, "eengezins_zon_score": 0.6624, "betaalkracht_zon_score": 217.971, "overige_brandstof_zon_score": 20.7, "lichte_batterij_kansscore": 0.53602139741354571 }, "geometry": { "type": "MultiPolygon", "coordinates": [ [ [ [ 6.707762038055908, 52.382941510917753 ], [ 6.70790977905259, 52.382780189124787 ], [ 6.708769098186092, 52.381842686874272 ], [ 6.708781233429205, 52.381848178230982 ], [ 6.709265813300223, 52.381320016688562 ], [ 6.709411189189505, 52.381160526010675 ], [ 6.70963971739487, 52.380993184849217 ], [ 6.709619646379548, 52.38098362052974 ], [ 6.710680397696265, 52.380163445951212 ], [ 6.710409521995523, 52.380064813638377 ], [ 6.710435179313367, 52.379993858416235 ], [ 6.709432432478473, 52.379802713962164 ], [ 6.709454884666902, 52.379771488416466 ], [ 6.708064849307585, 52.379620774844987 ], [ 6.708137405061591, 52.379339718608634 ], [ 6.708155579218205, 52.379264973330365 ], [ 6.70815583723201, 52.379144999646641 ], [ 6.708061866569841, 52.378530994670449 ], [ 6.708056095146076, 52.3784930732674 ], [ 6.707935166683652, 52.377745681560974 ], [ 6.707108625163414, 52.377791144632894 ], [ 6.707021408800744, 52.377207561786044 ], [ 6.707009970331112, 52.377212102749837 ], [ 6.706977818519011, 52.37722883852765 ], [ 6.706967853141673, 52.377234019227537 ], [ 6.706871875386588, 52.377288436824898 ], [ 6.706728484845209, 52.377366734461503 ], [ 6.706616716028263, 52.377427764642718 ], [ 6.70642028192598, 52.377535714278672 ], [ 6.706225331130382, 52.377643197617154 ], [ 6.706065831159051, 52.377731292666631 ], [ 6.705866039751895, 52.377839045065002 ], [ 6.705640822980021, 52.377963583424716 ], [ 6.705544119732688, 52.378021369729105 ], [ 6.705373798158735, 52.378099292423087 ], [ 6.705349338202534, 52.378110485996991 ], [ 6.705302736512267, 52.378131804633533 ], [ 6.705250119684799, 52.37822596190027 ], [ 6.705149612798779, 52.37840581039206 ], [ 6.705124189701447, 52.378451306127069 ], [ 6.705100565808952, 52.378493590869951 ], [ 6.704973615883523, 52.378720743988829 ], [ 6.704968804825342, 52.378729363686233 ], [ 6.704907053928038, 52.378848826493666 ], [ 6.704897358903314, 52.37886756778871 ], [ 6.704881662387148, 52.37889540044835 ], [ 6.704864905230526, 52.37892510555286 ], [ 6.704764725154387, 52.379102711870189 ], [ 6.704702785338769, 52.379209925206702 ], [ 6.704652117398128, 52.379295611196362 ], [ 6.704630356245953, 52.379332401043833 ], [ 6.704478397577502, 52.379601898539484 ], [ 6.704449974011839, 52.379651751015544 ], [ 6.704419764109619, 52.379704760383014 ], [ 6.704395486946559, 52.379747348858217 ], [ 6.70437705872884, 52.379779661195315 ], [ 6.704104393914646, 52.380257967082784 ], [ 6.703815670544491, 52.380724469105196 ], [ 6.703616073446256, 52.381090124848157 ], [ 6.703466735578194, 52.381363699488709 ], [ 6.703466105220098, 52.381364847294421 ], [ 6.704804142075489, 52.38188769307326 ], [ 6.706579592031525, 52.3825867230752 ], [ 6.707693554634774, 52.383015891534278 ], [ 6.707762038055908, 52.382941510917753 ] ] ] ] } },
{ "type": "Feature", "properties": { "buurtcode": "BU01830900", "buurtnaam": "Manderveen kern", "pc6_codes": "7664VL, 7664VS, 7664VT, 7664VV, 7664VW, 7664VX, 7664XC, 7664XD, 7664XG, 7664XH", "wijkcode": "WK018309", "gemeentecode": "GM0183", "gemeentenaam": "Tubbergen", "oppervlakteLandInHa": 12, "AantalInwoners_5": 245, "Mannen_6": 120, "Vrouwen_7": 125, "HuishoudensTotaal_29": 95, "GemiddeldeHuishoudensgrootte_33": 2.6, "Woningvoorraad_35": 95, "NieuwbouwWoningen_36": 0, "NietWoningvoorraad_37": 4, "NieuwbouwNietWoningen_38": 0, "GemiddeldeWOZWaardeVanWoningen_39": 422, "PercentageEengezinswoning_40": 98, "PercentageTussenwoningEengezins_41": 4, "PercentageHoekwoningEengezins_42": 4, "PercentageTweeOnderEenKapWoningEe_43": 29, "PercentageVrijstaandeWoningEengezins_44": 60, "PercentageMeergezinswoning_45": 2, "Koopwoningen_47": 91, "HuurwoningenTotaal_48": 7, "InBezitWoningcorporatie_49": 4, "InBezitOverigeVerhuurders_50": 3, "BouwjaarMeerDanTienJaarGeleden_51": 83, "BouwjaarAfgelopenTienJaar_52": 17, "GemiddeldeElektriciteitslevering_53": 3560, "GemiddeldeElektriciteitsteruglevering_54": 1720, "GemiddeldAardgasverbruik_55": 1220, "AardgasvrijeWoningen_57": 7, "Aardgaswoningen_58": 75, "WoningenMetZonnestroom_59": 53, "WoningenHoofdzElektrVerwarmd_60": 18, "k_20PersonenMetHoogsteInkomen_80": 9.6, "k_20HuishoudensMetHoogsteInkomen_85": null, "MediaanVermogenVanParticuliereHuish_86": null, "PersonenautoSTotaal_104": 165, "PersonenautoSBrandstofBenzine_105": 140, "PersonenautoSOverigeBrandstof_106": 25, "PersonenautoSPerHuishouden_107": 1.8, "Omgevingsadressendichtheid_121": 49, "AantalInstallatiesBijWoningen_5": null, "OpgesteldVermogenVanZonnepanelen_6": null, "installaties_per_woning": null, "vermogen_per_woning": null, "installaties_per_100_woningen": null, "vermogen_per_huishouden": null, "batterijdruk_score": 911.6, "koop_zon_score": 0.4823, "eengezins_zon_score": 0.5194, "betaalkracht_zon_score": null, "overige_brandstof_zon_score": 13.25, "lichte_batterij_kansscore": 0.53408036124048475 }, "geometry": { "type": "MultiPolygon", "coordinates": [ [ [ [ 6.778098260853087, 52.446698613651684 ], [ 6.778213209518892, 52.446515969742705 ], [ 6.77840286315185, 52.446570371033104 ], [ 6.778615089313852, 52.446196251969795 ], [ 6.778632125347634, 52.446165286655429 ], [ 6.778818646853783, 52.446181882103822 ], [ 6.778649120930362, 52.44650519544075 ], [ 6.778623425694121, 52.446554199175267 ], [ 6.779232591241743, 52.446639706864381 ], [ 6.779264948712231, 52.446582161959789 ], [ 6.779304729002518, 52.446484836221082 ], [ 6.779395176200358, 52.446259331973295 ], [ 6.779724507113882, 52.446310939232106 ], [ 6.779856276787741, 52.445919150767402 ], [ 6.78158115846839, 52.4460814292866 ], [ 6.782005417949671, 52.446121340567316 ], [ 6.782085985237211, 52.445847812024972 ], [ 6.782214493184036, 52.445411512537625 ], [ 6.781541740168317, 52.445326046840407 ], [ 6.781490451156063, 52.445319734623467 ], [ 6.781619985864, 52.444950495684992 ], [ 6.781942233790801, 52.444996258412417 ], [ 6.782451541719675, 52.44506877512908 ], [ 6.783146512083176, 52.445170266604414 ], [ 6.783620339701007, 52.445239459809571 ], [ 6.783789250108629, 52.444846274213731 ], [ 6.783876230974986, 52.4446437981534 ], [ 6.782241212510319, 52.444369160715503 ], [ 6.781706612435912, 52.444280464760716 ], [ 6.781433751746992, 52.444235193477382 ], [ 6.781157554144114, 52.444189367584464 ], [ 6.780853158262179, 52.444136486833358 ], [ 6.780882783823303, 52.444091662761359 ], [ 6.781209987021669, 52.443523041692629 ], [ 6.781213355571517, 52.443520802546765 ], [ 6.781215181629534, 52.443517973921395 ], [ 6.781311872085459, 52.443335131665542 ], [ 6.781313196608511, 52.443332352085484 ], [ 6.781312962017426, 52.44332962231227 ], [ 6.781311447044863, 52.443327712085285 ], [ 6.78123440906403, 52.443312645858661 ], [ 6.781234115548414, 52.443312667289618 ], [ 6.781233873406421, 52.443312545197308 ], [ 6.780502638646777, 52.443175477996583 ], [ 6.780081747246136, 52.443096580659976 ], [ 6.779941230151968, 52.443056384438023 ], [ 6.78013630417425, 52.442801736157385 ], [ 6.780212084440847, 52.44270281190461 ], [ 6.780212026103724, 52.442702687649053 ], [ 6.779669587890841, 52.442551215780654 ], [ 6.779503917745252, 52.442767163396738 ], [ 6.779411981472651, 52.442741835324263 ], [ 6.779301077941363, 52.442886434742142 ], [ 6.779281366916898, 52.442912131045716 ], [ 6.779262106916266, 52.442937249472507 ], [ 6.778944186586942, 52.443351751738746 ], [ 6.7788041575809, 52.443351473075161 ], [ 6.778740521171442, 52.443430364681156 ], [ 6.778121529307389, 52.444197729525747 ], [ 6.778227877983971, 52.444231302713824 ], [ 6.778164262882104, 52.444317072695263 ], [ 6.778083798081568, 52.444425556873831 ], [ 6.778070899753236, 52.444442939426615 ], [ 6.778010045505034, 52.444524838776417 ], [ 6.777935260974513, 52.444625463053406 ], [ 6.777902550682611, 52.444669127982046 ], [ 6.777217867246742, 52.444490073685415 ], [ 6.776809474452929, 52.444383271176065 ], [ 6.776680454575649, 52.444531747819532 ], [ 6.776606673189433, 52.444618040647832 ], [ 6.776470824350797, 52.444773005992879 ], [ 6.776397383593971, 52.444857523933969 ], [ 6.776063368839284, 52.445241917847355 ], [ 6.776027364781684, 52.445283354823196 ], [ 6.775700257283525, 52.445659774679442 ], [ 6.775616619823541, 52.445756024847519 ], [ 6.775614861088897, 52.445828221088739 ], [ 6.775612143844574, 52.445862286405898 ], [ 6.775419327022709, 52.446095891286618 ], [ 6.776088543123139, 52.446289876860313 ], [ 6.776014369628963, 52.44638142677902 ], [ 6.77591722366367, 52.446499587856856 ], [ 6.777120319618707, 52.446834947121168 ], [ 6.777120656356958, 52.446836300447004 ], [ 6.777198277656897, 52.446858077005153 ], [ 6.777241986917685, 52.446850331085621 ], [ 6.777327654493977, 52.446735779471318 ], [ 6.777585854514028, 52.446789404748856 ], [ 6.777988492432246, 52.446873025101979 ], [ 6.778098260853087, 52.446698613651684 ] ] ] ] } },
{ "type": "Feature", "properties": { "buurtcode": "BU01830909", "buurtnaam": "Verspreide huizen Manderveen", "pc6_codes": "7664VA, 7664VB, 7664VC, 7664VD, 7664VE, 7664VG, 7664VH, 7664VJ, 7664VK, 7664VL, 7664VM, 7664VN, 7664VP, 7664VR, 7664VS, 7664VT, 7664VV, 7664VW, 7664VX, 7664VZ, 7664XA, 7664XB, 7664XE", "wijkcode": "WK018309", "gemeentecode": "GM0183", "gemeentenaam": "Tubbergen", "oppervlakteLandInHa": 1010, "AantalInwoners_5": 375, "Mannen_6": 195, "Vrouwen_7": 180, "HuishoudensTotaal_29": 140, "GemiddeldeHuishoudensgrootte_33": 2.6, "Woningvoorraad_35": 157, "NieuwbouwWoningen_36": 2, "NietWoningvoorraad_37": 4, "NieuwbouwNietWoningen_38": 0, "GemiddeldeWOZWaardeVanWoningen_39": 484, "PercentageEengezinswoning_40": 63, "PercentageTussenwoningEengezins_41": 0, "PercentageHoekwoningEengezins_42": 0, "PercentageTweeOnderEenKapWoningEe_43": 11, "PercentageVrijstaandeWoningEengezins_44": 52, "PercentageMeergezinswoning_45": 37, "Koopwoningen_47": 80, "HuurwoningenTotaal_48": 20, "InBezitWoningcorporatie_49": 0, "InBezitOverigeVerhuurders_50": 20, "BouwjaarMeerDanTienJaarGeleden_51": 96, "BouwjaarAfgelopenTienJaar_52": 4, "GemiddeldeElektriciteitslevering_53": 3860, "GemiddeldeElektriciteitsteruglevering_54": 2040, "GemiddeldAardgasverbruik_55": 1400, "AardgasvrijeWoningen_57": 3, "Aardgaswoningen_58": 77, "WoningenMetZonnestroom_59": 41, "WoningenHoofdzElektrVerwarmd_60": 9, "k_20PersonenMetHoogsteInkomen_80": 16.5, "k_20HuishoudensMetHoogsteInkomen_85": 30.7, "MediaanVermogenVanParticuliereHuish_86": 508.7, "PersonenautoSTotaal_104": 200, "PersonenautoSBrandstofBenzine_105": 150, "PersonenautoSOverigeBrandstof_106": 45, "PersonenautoSPerHuishouden_107": 1.4, "Omgevingsadressendichtheid_121": 27, "AantalInstallatiesBijWoningen_5": null, "OpgesteldVermogenVanZonnepanelen_6": null, "installaties_per_woning": null, "vermogen_per_woning": null, "installaties_per_100_woningen": null, "vermogen_per_huishouden": null, "batterijdruk_score": 836.4, "koop_zon_score": 0.328, "eengezins_zon_score": 0.2583, "betaalkracht_zon_score": 208.567, "overige_brandstof_zon_score": 18.45, "lichte_batterij_kansscore": 0.42766845975668211 }, "geometry": { "type": "MultiPolygon", "coordinates": [ [ [ [ 6.757140122069486, 52.463202199799568 ], [ 6.769490030115619, 52.460653231172749 ], [ 6.769636663093002, 52.460622955104739 ], [ 6.77458659232124, 52.459600689779762 ], [ 6.77780258185315, 52.459587830098393 ], [ 6.782139264313502, 52.459570361378333 ], [ 6.790534418786633, 52.459574071222157 ], [ 6.793127057565986, 52.459570081415642 ], [ 6.79561532704493, 52.459566196738223 ], [ 6.797616509692916, 52.459563033473714 ], [ 6.798626731250304, 52.459561423343111 ], [ 6.802013155877358, 52.459555961724753 ], [ 6.804336358361621, 52.459552183691365 ], [ 6.804336417199121, 52.459552182987736 ], [ 6.804477938615204, 52.459551946649775 ], [ 6.804487611025863, 52.459552091638237 ], [ 6.810273544932243, 52.459639952784435 ], [ 6.810396564032871, 52.4596418191787 ], [ 6.815898794236619, 52.459725217385795 ], [ 6.816039760158678, 52.459727346939864 ], [ 6.816051361306273, 52.459727521661364 ], [ 6.818301265990853, 52.459761899213611 ], [ 6.821107508035543, 52.45980346295935 ], [ 6.821629910866104, 52.459811189880867 ], [ 6.822445345215762, 52.459823257847148 ], [ 6.822426019838506, 52.459727466298936 ], [ 6.822360949934485, 52.459401957854418 ], [ 6.822152979026519, 52.458361659550761 ], [ 6.822134324722338, 52.45826610250321 ], [ 6.822083042091322, 52.458003482193973 ], [ 6.821959813707808, 52.457372389757644 ], [ 6.821900664316059, 52.457069505589594 ], [ 6.821806747344916, 52.456563009130974 ], [ 6.821783559517371, 52.45645737669124 ], [ 6.821724247550276, 52.456187051227708 ], [ 6.821762079815245, 52.456178970852619 ], [ 6.821767351042729, 52.456140076101853 ], [ 6.821767322526553, 52.456118332921037 ], [ 6.821767107496764, 52.456103540218756 ], [ 6.821764021341448, 52.456072360025736 ], [ 6.821721763499637, 52.455956711382107 ], [ 6.821699855147894, 52.455896402141654 ], [ 6.821688168685078, 52.4558554655191 ], [ 6.821676210547054, 52.45581613216244 ], [ 6.821667963272194, 52.455791405369929 ], [ 6.821659778128559, 52.455770408111491 ], [ 6.821654480813136, 52.455747263562557 ], [ 6.821652347995217, 52.45572142905565 ], [ 6.821652265712779, 52.455695758487224 ], [ 6.821654502047455, 52.455669898054857 ], [ 6.821662853362084, 52.45564204002693 ], [ 6.821671162227742, 52.45561151288495 ], [ 6.821678682090967, 52.455587053639256 ], [ 6.821682948956456, 52.455560287737313 ], [ 6.821682767902777, 52.455527490369334 ], [ 6.821677950728952, 52.455498281662152 ], [ 6.821664007370034, 52.455463062167752 ], [ 6.821649116638799, 52.455422676681458 ], [ 6.821623100000378, 52.455379495579216 ], [ 6.821598248405792, 52.455336848675522 ], [ 6.821583402989234, 52.455299671577968 ], [ 6.821568367878879, 52.455249840764353 ], [ 6.821557999968096, 52.45519873998591 ], [ 6.821549390471325, 52.455169190666361 ], [ 6.821544239891008, 52.45513695681543 ], [ 6.821543931185699, 52.455116097909624 ], [ 6.821545933317523, 52.455093449257326 ], [ 6.821548826113988, 52.45505153614792 ], [ 6.821553497318311, 52.454992325336427 ], [ 6.821555113578584, 52.454971389196672 ], [ 6.821462565858815, 52.454968680277865 ], [ 6.821404973408474, 52.454676392508333 ], [ 6.821251585938507, 52.45389778288974 ], [ 6.821223441750767, 52.453758547809343 ], [ 6.821181293961242, 52.453549981979194 ], [ 6.821124251324322, 52.453267727681634 ], [ 6.821076024926652, 52.453029114404764 ], [ 6.821019809099728, 52.452758706058027 ], [ 6.820564832105581, 52.452571269462766 ], [ 6.819443045152106, 52.452101056505235 ], [ 6.819437247091804, 52.452098744598608 ], [ 6.818545707668417, 52.451720920690988 ], [ 6.8172758266921, 52.451189295231792 ], [ 6.817131083759015, 52.45112729465567 ], [ 6.816919677617352, 52.451040184057007 ], [ 6.81626700980833, 52.450769122123354 ], [ 6.816107172100089, 52.450702475471608 ], [ 6.816077310690988, 52.450692130114604 ], [ 6.815214964588971, 52.450334081991748 ], [ 6.81487548689007, 52.450192826645193 ], [ 6.814530986076925, 52.450049482566179 ], [ 6.814159854795992, 52.44989506062862 ], [ 6.81412185177741, 52.44987948257409 ], [ 6.813988863771607, 52.449824968005586 ], [ 6.812006635127872, 52.449012356738173 ], [ 6.811623668303286, 52.448856694036756 ], [ 6.811356794192524, 52.448741306064399 ], [ 6.811197507381119, 52.448673486729632 ], [ 6.810693749399905, 52.44846336342421 ], [ 6.810216522746908, 52.448267022529492 ], [ 6.810094003829986, 52.448216611561499 ], [ 6.809368957642902, 52.44791457059678 ], [ 6.808894283020887, 52.447717618547458 ], [ 6.808302746079115, 52.447469770499666 ], [ 6.807644858938915, 52.447194104204797 ], [ 6.807143757634974, 52.446987313900593 ], [ 6.806659507010685, 52.446787465589559 ], [ 6.806580732044867, 52.446754953648799 ], [ 6.804778892373823, 52.446005589139482 ], [ 6.804354276086323, 52.445827507560921 ], [ 6.803693337796631, 52.445559748156853 ], [ 6.803087279559586, 52.44530402121363 ], [ 6.802963226813258, 52.445251131457887 ], [ 6.802825522358294, 52.445195914843943 ], [ 6.802641392925254, 52.44512277210201 ], [ 6.802516533924542, 52.44504832779333 ], [ 6.802224527867511, 52.44487421840973 ], [ 6.801707504684521, 52.444591093382854 ], [ 6.801433053576678, 52.444437680040295 ], [ 6.801307905228257, 52.444371085008065 ], [ 6.801306318994198, 52.444370241032914 ], [ 6.801057462643193, 52.444226390848961 ], [ 6.800172233825434, 52.443714685516539 ], [ 6.800002542832772, 52.4436165938762 ], [ 6.799505252748876, 52.443349376649373 ], [ 6.79949226190756, 52.443342394541325 ], [ 6.799282316723027, 52.443206607040949 ], [ 6.798720272948412, 52.442892923124674 ], [ 6.798269796662448, 52.442647147192879 ], [ 6.798033946604961, 52.442518461464978 ], [ 6.797211869806446, 52.442053199583647 ], [ 6.797062335236129, 52.441993622864324 ], [ 6.797010921172116, 52.441973138405501 ], [ 6.796416184491593, 52.441725108197772 ], [ 6.796139613965306, 52.441609765857095 ], [ 6.795537522201284, 52.4413567851444 ], [ 6.795255833966433, 52.441239479167976 ], [ 6.795041389898819, 52.441150172993808 ], [ 6.793569603623386, 52.440535610124343 ], [ 6.793376946689208, 52.440454069175487 ], [ 6.793074887598132, 52.44032623151314 ], [ 6.792375832601532, 52.440030305405379 ], [ 6.792251436082378, 52.439970343626072 ], [ 6.791229196922138, 52.439542982714663 ], [ 6.790950947767919, 52.439429032577451 ], [ 6.790888999512319, 52.439405020943717 ], [ 6.790656989542452, 52.439307133201176 ], [ 6.790426220654934, 52.439213562825323 ], [ 6.79040660964143, 52.439207377243349 ], [ 6.790277839606389, 52.43914662928519 ], [ 6.790179259332299, 52.439100984081456 ], [ 6.790100053098059, 52.439061005898388 ], [ 6.789931805666025, 52.438961238060315 ], [ 6.789406577712098, 52.438682292152869 ], [ 6.789137755447922, 52.438532712199617 ], [ 6.788932289143488, 52.438416781441902 ], [ 6.788819721300493, 52.438354779551155 ], [ 6.788729052719574, 52.438303421663477 ], [ 6.788320426402799, 52.43807594453893 ], [ 6.788231243620067, 52.438024559714776 ], [ 6.787615148158302, 52.437679292958592 ], [ 6.787511338362908, 52.437622040164918 ], [ 6.787517932930712, 52.437616173540832 ], [ 6.786447247400284, 52.437019585617023 ], [ 6.78644304039229, 52.437025145333038 ], [ 6.786341649670203, 52.436968483172571 ], [ 6.786151822016224, 52.436875958087811 ], [ 6.785935353744642, 52.436819521969895 ], [ 6.785698332686525, 52.436770770677171 ], [ 6.785567521544015, 52.436754832058149 ], [ 6.785505837227205, 52.436759901701421 ], [ 6.785507871449459, 52.43675772042117 ], [ 6.785590320290549, 52.436640425460524 ], [ 6.785844936581859, 52.436281317398077 ], [ 6.786074009468995, 52.435956388480434 ], [ 6.78612034381726, 52.435881712160423 ], [ 6.786284297954412, 52.43564726719935 ], [ 6.786352960810538, 52.435556902583514 ], [ 6.786589371257325, 52.435205198671774 ], [ 6.786572675700512, 52.435199049936337 ], [ 6.78684130109403, 52.434965785499976 ], [ 6.786912699130849, 52.434808530830736 ], [ 6.786954660179373, 52.434774678217309 ], [ 6.786948056546023, 52.434605437547013 ], [ 6.786961534630724, 52.434551256651226 ], [ 6.786980123706388, 52.43450941066947 ], [ 6.78698815511882, 52.434491329525876 ], [ 6.787167333011231, 52.434214501699664 ], [ 6.787264423507673, 52.434103809814957 ], [ 6.787386662142092, 52.434015444954937 ], [ 6.787532461727882, 52.433948976375326 ], [ 6.787716461695147, 52.43392412273613 ], [ 6.787726134702872, 52.433919819669377 ], [ 6.787875462534971, 52.433853335909532 ], [ 6.787894706717811, 52.433844766907335 ], [ 6.787982995064395, 52.433805458299446 ], [ 6.788236165870576, 52.433693980404179 ], [ 6.788493585264773, 52.433577849516759 ], [ 6.788615543000112, 52.433473307138058 ], [ 6.788709771818338, 52.433413119016478 ], [ 6.788850473264694, 52.433355751654361 ], [ 6.789122194882674, 52.433287790976486 ], [ 6.789768029399042, 52.432952644822777 ], [ 6.790052089995177, 52.432800393283387 ], [ 6.789630741222866, 52.432712997490341 ], [ 6.788892743028719, 52.43255499373015 ], [ 6.788537883423095, 52.432481027281447 ], [ 6.788996004458903, 52.432108259215674 ], [ 6.789460497950658, 52.431730317290743 ], [ 6.789643626387091, 52.43158130189078 ], [ 6.790200254962564, 52.431127786177228 ], [ 6.790654060739637, 52.430761714067017 ], [ 6.790495885433733, 52.430749529898726 ], [ 6.784654121637948, 52.429461285232925 ], [ 6.784582115778819, 52.429594618160912 ], [ 6.781158029155731, 52.429518526058224 ], [ 6.781002248156638, 52.429561122703944 ], [ 6.781005486626226, 52.429639672127919 ], [ 6.781002846396841, 52.429640817785817 ], [ 6.780447336928347, 52.429582473497341 ], [ 6.780435259390051, 52.429503848263764 ], [ 6.78024799912321, 52.429484460115077 ], [ 6.77992206095406, 52.429450720597849 ], [ 6.77969800574707, 52.429428878875648 ], [ 6.779425848415229, 52.429397606792151 ], [ 6.77864111807736, 52.429323629332764 ], [ 6.777479231071895, 52.429213787261077 ], [ 6.777466776708464, 52.429321940678427 ], [ 6.777450298923093, 52.429428873921125 ], [ 6.777362804519084, 52.430127336609317 ], [ 6.77734345655019, 52.430270248975418 ], [ 6.777318474993294, 52.430419672286952 ], [ 6.777314112745883, 52.430454949866629 ], [ 6.777311408445478, 52.430462487098332 ], [ 6.776926900097262, 52.43039333738588 ], [ 6.776648014552584, 52.430346947076174 ], [ 6.776473169409149, 52.430319308570461 ], [ 6.775966672873217, 52.430266201983954 ], [ 6.77560205949661, 52.430239546600575 ], [ 6.775441064318467, 52.430226800160504 ], [ 6.775367452392952, 52.430221245022395 ], [ 6.774952035179225, 52.430191362878105 ], [ 6.774705165349412, 52.430175432839782 ], [ 6.774524797035791, 52.430161995257265 ], [ 6.774071266647748, 52.430135441774709 ], [ 6.773624147315912, 52.430106510434825 ], [ 6.773248818119966, 52.430082714783573 ], [ 6.772809251684342, 52.430060145814437 ], [ 6.772552095666547, 52.430046749565108 ], [ 6.772128857303952, 52.430015870390868 ], [ 6.771907780031283, 52.430003156493413 ], [ 6.771849253943077, 52.429998932899323 ], [ 6.771681906188044, 52.429998812711005 ], [ 6.771684561049455, 52.430085557689345 ], [ 6.771685950194651, 52.4300965884498 ], [ 6.771693726474531, 52.430158078499701 ], [ 6.771693250372147, 52.430219008839842 ], [ 6.771692762694062, 52.43028144940029 ], [ 6.771498712264518, 52.430586534566586 ], [ 6.77138931685996, 52.430758524602908 ], [ 6.771349090926563, 52.430821780080727 ], [ 6.771114121087444, 52.431217022003473 ], [ 6.77100174032859, 52.431406034973691 ], [ 6.770763146188672, 52.431806432956861 ], [ 6.770732197409621, 52.431858389024974 ], [ 6.770717483991939, 52.431883072797305 ], [ 6.770588331162964, 52.432092181982178 ], [ 6.770414413176827, 52.432373767505553 ], [ 6.770385592303337, 52.432420431302155 ], [ 6.770077974325031, 52.432907969202482 ], [ 6.770008884126068, 52.433020881577967 ], [ 6.769905947554361, 52.433189100347128 ], [ 6.769488088652071, 52.43385438745284 ], [ 6.769413805863639, 52.433973004866672 ], [ 6.769311760270348, 52.434135990279195 ], [ 6.769180643748818, 52.434350450871634 ], [ 6.769179716732708, 52.434350434721033 ], [ 6.768680499962446, 52.435151137116641 ], [ 6.76487190248571, 52.435034669078931 ], [ 6.764713867179565, 52.435028165541958 ], [ 6.764721673118167, 52.435453234862393 ], [ 6.764730627788204, 52.43594070751665 ], [ 6.764733237158817, 52.436076962084719 ], [ 6.764743213434024, 52.436598183914477 ], [ 6.764745090776254, 52.4367586352529 ], [ 6.764751044868968, 52.437268281546523 ], [ 6.764747724696764, 52.437992593052414 ], [ 6.764749426768261, 52.438385500046742 ], [ 6.76490285828858, 52.438402474934684 ], [ 6.765936546307093, 52.43851682829893 ], [ 6.766545109910947, 52.43858647050579 ], [ 6.766487368639656, 52.438679482512981 ], [ 6.766638044173713, 52.438696693992092 ], [ 6.766698695148462, 52.438703619039345 ], [ 6.766763375931744, 52.438711009476016 ], [ 6.767307922144195, 52.438773186710691 ], [ 6.768081201969308, 52.438857755603664 ], [ 6.76808415352241, 52.438856660545753 ], [ 6.7698552439237, 52.439059296942951 ], [ 6.769713677294283, 52.439242833197554 ], [ 6.76783185358058, 52.441426919862195 ], [ 6.76495542433147, 52.444749010280646 ], [ 6.761769891532997, 52.44463683798341 ], [ 6.761769406558884, 52.444638272791671 ], [ 6.761714948696024, 52.444636324891484 ], [ 6.761021974661965, 52.444611572281318 ], [ 6.760248309968306, 52.44458657330258 ], [ 6.760097382324895, 52.444581706778976 ], [ 6.760096793303394, 52.444581686638926 ], [ 6.757950627679448, 52.450049743261289 ], [ 6.757753912495952, 52.450033448547146 ], [ 6.757393743051108, 52.449904367979471 ], [ 6.757121599761076, 52.449726503474515 ], [ 6.757084489755499, 52.449720092251333 ], [ 6.757073958873176, 52.449692151766243 ], [ 6.756839665232762, 52.449491296755994 ], [ 6.756453394496233, 52.448915173152145 ], [ 6.756242231350108, 52.448583050600064 ], [ 6.755472410718543, 52.448390078462225 ], [ 6.753283156739207, 52.447768066515145 ], [ 6.752798517406417, 52.447641737547755 ], [ 6.75217112755851, 52.44759981776874 ], [ 6.751603265268807, 52.447529003142705 ], [ 6.751168165127824, 52.447521473866402 ], [ 6.749320934594466, 52.447470762830953 ], [ 6.747151630477152, 52.447259769458569 ], [ 6.746763035228041, 52.447336011658308 ], [ 6.74530986494339, 52.447667752831244 ], [ 6.745013321691101, 52.447741522836523 ], [ 6.745058369774789, 52.448031075400984 ], [ 6.745164816340252, 52.448485259237565 ], [ 6.745200166985713, 52.448575332594672 ], [ 6.745282085533498, 52.448728870497391 ], [ 6.746187380527829, 52.449810794298664 ], [ 6.746820360813773, 52.450617641465726 ], [ 6.746802127589258, 52.450631351455968 ], [ 6.747688555515061, 52.451886590481934 ], [ 6.747709031764588, 52.451924745367265 ], [ 6.747783625500042, 52.452028119796203 ], [ 6.747890877138433, 52.452177751624106 ], [ 6.747915713949943, 52.452211299216152 ], [ 6.747964069402297, 52.452284800364751 ], [ 6.747979961320222, 52.45230592066337 ], [ 6.747914555408477, 52.452442389536884 ], [ 6.747974714785097, 52.452510290102083 ], [ 6.748102191090044, 52.452469878779148 ], [ 6.748122398826787, 52.452497852677851 ], [ 6.748187589341957, 52.452585802683757 ], [ 6.748234026242124, 52.452643784599275 ], [ 6.748300242200457, 52.452714365922652 ], [ 6.748337260909838, 52.452756015971502 ], [ 6.748386377578308, 52.452802102191342 ], [ 6.748453730320114, 52.452859888688266 ], [ 6.748547492751635, 52.45293441397304 ], [ 6.748619537915332, 52.452991679062627 ], [ 6.748707427466044, 52.453056546115718 ], [ 6.748752811966876, 52.453090819205251 ], [ 6.74887734114385, 52.453181637446647 ], [ 6.74897410205807, 52.453249332616871 ], [ 6.749044439174331, 52.453300307137781 ], [ 6.749145595902086, 52.45337169986378 ], [ 6.749226383013008, 52.453422787867602 ], [ 6.749269123051864, 52.453458115852122 ], [ 6.749384193901095, 52.453553230946888 ], [ 6.749785111832227, 52.453864334312925 ], [ 6.749968668358729, 52.454036142385391 ], [ 6.750208914578686, 52.454212205836107 ], [ 6.750236753709403, 52.454230887347897 ], [ 6.750277257949852, 52.454263795815059 ], [ 6.750318975374915, 52.454339403786847 ], [ 6.750448417552118, 52.454544992304839 ], [ 6.75059361464005, 52.454645449384195 ], [ 6.7507146126831, 52.454724549368336 ], [ 6.750744922329671, 52.454724560132625 ], [ 6.750734591249683, 52.454818968647736 ], [ 6.750685013913973, 52.454924165565416 ], [ 6.7506025044802, 52.455020662968884 ], [ 6.750345250976121, 52.455247706555532 ], [ 6.750254742057526, 52.45534726193614 ], [ 6.750200744668003, 52.455457093616069 ], [ 6.750180703548082, 52.455570669415977 ], [ 6.750201238023942, 52.455683149299169 ], [ 6.75025016995741, 52.45582379614531 ], [ 6.750254189619361, 52.455835345101939 ], [ 6.750357394957258, 52.455911845699305 ], [ 6.750982380112453, 52.456650189444893 ], [ 6.75169546731313, 52.457492555373321 ], [ 6.752107096747184, 52.457978803879776 ], [ 6.752823755533168, 52.458825355583564 ], [ 6.753249597751257, 52.459328361781395 ], [ 6.753753430307747, 52.459923453386061 ], [ 6.753873900495621, 52.460065754594275 ], [ 6.753999212242808, 52.460213752494155 ], [ 6.754044678939663, 52.460304102028886 ], [ 6.754133226046529, 52.46037903368606 ], [ 6.754845903704136, 52.461220414925712 ], [ 6.754894335442599, 52.461277607222932 ], [ 6.755233617325278, 52.461678147507612 ], [ 6.755374363193571, 52.461844311375572 ], [ 6.75555526436522, 52.462057866311206 ], [ 6.755655353480589, 52.462176024200637 ], [ 6.755690773669719, 52.462217843252169 ], [ 6.755776811936278, 52.462319426670128 ], [ 6.756142365945461, 52.462750950029822 ], [ 6.756615082210877, 52.463310507321097 ], [ 6.756960031294585, 52.463239358248728 ], [ 6.757140122069486, 52.463202199799568 ] ], [ [ 6.777327654493977, 52.446735779471318 ], [ 6.777241986917685, 52.446850331085621 ], [ 6.777198277656897, 52.446858077005153 ], [ 6.777120656356958, 52.446836300447004 ], [ 6.777120319618707, 52.446834947121168 ], [ 6.77591722366367, 52.446499587856856 ], [ 6.776014369628963, 52.44638142677902 ], [ 6.776088543123139, 52.446289876860313 ], [ 6.775419327022709, 52.446095891286618 ], [ 6.775612143844574, 52.445862286405898 ], [ 6.775614861088897, 52.445828221088739 ], [ 6.775616619823541, 52.445756024847519 ], [ 6.775700257283525, 52.445659774679442 ], [ 6.776027364781684, 52.445283354823196 ], [ 6.776063368839284, 52.445241917847355 ], [ 6.776397383593971, 52.444857523933969 ], [ 6.776470824350797, 52.444773005992879 ], [ 6.776606673189433, 52.444618040647832 ], [ 6.776680454575649, 52.444531747819532 ], [ 6.776809474452929, 52.444383271176065 ], [ 6.777217867246742, 52.444490073685415 ], [ 6.777902550682611, 52.444669127982046 ], [ 6.777935260974513, 52.444625463053406 ], [ 6.778010045505034, 52.444524838776417 ], [ 6.778070899753236, 52.444442939426615 ], [ 6.778083798081568, 52.444425556873831 ], [ 6.778164262882104, 52.444317072695263 ], [ 6.778227877983971, 52.444231302713824 ], [ 6.778121529307389, 52.444197729525747 ], [ 6.778740521171442, 52.443430364681156 ], [ 6.7788041575809, 52.443351473075161 ], [ 6.778944186586942, 52.443351751738746 ], [ 6.779262106916266, 52.442937249472507 ], [ 6.779281366916898, 52.442912131045716 ], [ 6.779301077941363, 52.442886434742142 ], [ 6.779411981472651, 52.442741835324263 ], [ 6.779503917745252, 52.442767163396738 ], [ 6.779669587890841, 52.442551215780654 ], [ 6.780212026103724, 52.442702687649053 ], [ 6.780212084440847, 52.44270281190461 ], [ 6.78013630417425, 52.442801736157385 ], [ 6.779941230151968, 52.443056384438023 ], [ 6.780081747246136, 52.443096580659976 ], [ 6.780502638646777, 52.443175477996583 ], [ 6.781233873406421, 52.443312545197308 ], [ 6.781234115548414, 52.443312667289618 ], [ 6.78123440906403, 52.443312645858661 ], [ 6.781311447044863, 52.443327712085285 ], [ 6.781312962017426, 52.44332962231227 ], [ 6.781313196608511, 52.443332352085484 ], [ 6.781311872085459, 52.443335131665542 ], [ 6.781215181629534, 52.443517973921395 ], [ 6.781213355571517, 52.443520802546765 ], [ 6.781209987021669, 52.443523041692629 ], [ 6.780882783823303, 52.444091662761359 ], [ 6.780853158262179, 52.444136486833358 ], [ 6.781157554144114, 52.444189367584464 ], [ 6.781433751746992, 52.444235193477382 ], [ 6.781706612435912, 52.444280464760716 ], [ 6.782241212510319, 52.444369160715503 ], [ 6.783876230974986, 52.4446437981534 ], [ 6.783789250108629, 52.444846274213731 ], [ 6.783620339701007, 52.445239459809571 ], [ 6.783146512083176, 52.445170266604414 ], [ 6.782451541719675, 52.44506877512908 ], [ 6.781942233790801, 52.444996258412417 ], [ 6.781619985864, 52.444950495684992 ], [ 6.781490451156063, 52.445319734623467 ], [ 6.781541740168317, 52.445326046840407 ], [ 6.782214493184036, 52.445411512537625 ], [ 6.782085985237211, 52.445847812024972 ], [ 6.782005417949671, 52.446121340567316 ], [ 6.78158115846839, 52.4460814292866 ], [ 6.779856276787741, 52.445919150767402 ], [ 6.779724507113882, 52.446310939232106 ], [ 6.779395176200358, 52.446259331973295 ], [ 6.779304729002518, 52.446484836221082 ], [ 6.779264948712231, 52.446582161959789 ], [ 6.779232591241743, 52.446639706864381 ], [ 6.778623425694121, 52.446554199175267 ], [ 6.778649120930362, 52.44650519544075 ], [ 6.778818646853783, 52.446181882103822 ], [ 6.778632125347634, 52.446165286655429 ], [ 6.778615089313852, 52.446196251969795 ], [ 6.77840286315185, 52.446570371033104 ], [ 6.778213209518892, 52.446515969742705 ], [ 6.778098260853087, 52.446698613651684 ], [ 6.777988492432246, 52.446873025101979 ], [ 6.777585854514028, 52.446789404748856 ], [ 6.777327654493977, 52.446735779471318 ] ] ] ] } },
{ "type": "Feature", "properties": { "buurtcode": "BU01831009", "buurtnaam": "Verspreide huizen Mander", "pc6_codes": "7663TA, 7663TB, 7663TC, 7663TD, 7663TE, 7663TG, 7663TH, 7663TJ, 7663TK, 7663TL, 7663TM, 7663TN, 7663TP, 7663TR, 7663TS, 7663TV, 7663TX, 7663TZ", "wijkcode": "WK018310", "gemeentecode": "GM0183", "gemeentenaam": "Tubbergen", "oppervlakteLandInHa": 891, "AantalInwoners_5": 385, "Mannen_6": 210, "Vrouwen_7": 175, "HuishoudensTotaal_29": 135, "GemiddeldeHuishoudensgrootte_33": 2.8, "Woningvoorraad_35": 148, "NieuwbouwWoningen_36": 0, "NietWoningvoorraad_37": 16, "NieuwbouwNietWoningen_38": 0, "GemiddeldeWOZWaardeVanWoningen_39": 473, "PercentageEengezinswoning_40": 51, "PercentageTussenwoningEengezins_41": 0, "PercentageHoekwoningEengezins_42": 0, "PercentageTweeOnderEenKapWoningEe_43": 13, "PercentageVrijstaandeWoningEengezins_44": 38, "PercentageMeergezinswoning_45": 49, "Koopwoningen_47": 74, "HuurwoningenTotaal_48": 26, "InBezitWoningcorporatie_49": 0, "InBezitOverigeVerhuurders_50": 26, "BouwjaarMeerDanTienJaarGeleden_51": 92, "BouwjaarAfgelopenTienJaar_52": 8, "GemiddeldeElektriciteitslevering_53": 3970, "GemiddeldeElektriciteitsteruglevering_54": 2680, "GemiddeldAardgasverbruik_55": 1310, "AardgasvrijeWoningen_57": 4, "Aardgaswoningen_58": 68, "WoningenMetZonnestroom_59": 45, "WoningenHoofdzElektrVerwarmd_60": 10, "k_20PersonenMetHoogsteInkomen_80": 22.0, "k_20HuishoudensMetHoogsteInkomen_85": 40.4, "MediaanVermogenVanParticuliereHuish_86": 562.9, "PersonenautoSTotaal_104": 215, "PersonenautoSBrandstofBenzine_105": 170, "PersonenautoSOverigeBrandstof_106": 45, "PersonenautoSPerHuishouden_107": 1.6, "Omgevingsadressendichtheid_121": 40, "AantalInstallatiesBijWoningen_5": null, "OpgesteldVermogenVanZonnepanelen_6": null, "installaties_per_woning": null, "vermogen_per_woning": null, "installaties_per_100_woningen": null, "vermogen_per_huishouden": null, "batterijdruk_score": 1206.0, "koop_zon_score": 0.333, "eengezins_zon_score": 0.2295, "betaalkracht_zon_score": 253.305, "overige_brandstof_zon_score": 20.25, "lichte_batterij_kansscore": 0.41813887822710055 }, "geometry": { "type": "MultiPolygon", "coordinates": [ [ [ [ 6.854009971548964, 52.458115761984516 ], [ 6.853669548247184, 52.456235387333628 ], [ 6.853650544599226, 52.456130436772774 ], [ 6.853412085048008, 52.454813163474583 ], [ 6.852812075541579, 52.451430407427559 ], [ 6.852764388926467, 52.451163016993391 ], [ 6.852742271092536, 52.451038985753883 ], [ 6.85264535085897, 52.450495630700516 ], [ 6.852541581299008, 52.449913762723838 ], [ 6.853669096671976, 52.450089222080116 ], [ 6.853648671794597, 52.449912047617048 ], [ 6.853609306767256, 52.449889541703733 ], [ 6.853525763017303, 52.449556878782644 ], [ 6.85328612337442, 52.448651040684368 ], [ 6.85326910307492, 52.448588042672235 ], [ 6.852902079031358, 52.447229481343612 ], [ 6.852888421115621, 52.447169363003155 ], [ 6.852809545587577, 52.446822313717469 ], [ 6.852774581360634, 52.446667466192444 ], [ 6.852707804871095, 52.44668288987463 ], [ 6.852683834071049, 52.446681352681075 ], [ 6.852618574295207, 52.44665108589539 ], [ 6.852546214291067, 52.446662713400166 ], [ 6.852467469138393, 52.446672990623156 ], [ 6.852409954798875, 52.446688245654535 ], [ 6.852340595429944, 52.446715853811369 ], [ 6.85229219070419, 52.446728110754236 ], [ 6.852283371918806, 52.446732786073213 ], [ 6.852279111954802, 52.446735193794325 ], [ 6.852256945608185, 52.44674771951447 ], [ 6.852233246781766, 52.44675439455046 ], [ 6.85222580706214, 52.446755403394576 ], [ 6.852221322077078, 52.446755458853168 ], [ 6.85221527648845, 52.446753699911476 ], [ 6.852209155140361, 52.446749209337405 ], [ 6.85214985400199, 52.446673205952351 ], [ 6.852140535721417, 52.446662354940294 ], [ 6.852132082632354, 52.446632320304282 ], [ 6.852124282582091, 52.446576695714683 ], [ 6.852120722913224, 52.446559382522807 ], [ 6.852120435295149, 52.446550253546256 ], [ 6.85210796610913, 52.446534875224678 ], [ 6.852097044395888, 52.446528466481858 ], [ 6.852095769196059, 52.446527718208237 ], [ 6.852051692506041, 52.446505413870405 ], [ 6.852013586298504, 52.446483044688229 ], [ 6.851996737665674, 52.446470462058805 ], [ 6.851987404760953, 52.446459611215772 ], [ 6.851976737825352, 52.446453343131495 ], [ 6.851951100798277, 52.446446352264672 ], [ 6.851927039407149, 52.446442074481766 ], [ 6.851896932785541, 52.446436046720649 ], [ 6.851798733385785, 52.446404353010273 ], [ 6.851675260439674, 52.446377528901891 ], [ 6.85162119800405, 52.446369963485303 ], [ 6.851576181496653, 52.446365027794343 ], [ 6.851552271584724, 52.446365323318474 ], [ 6.851436008072948, 52.446375856832105 ], [ 6.851315562008277, 52.446395583438857 ], [ 6.85121761688892, 52.44641778242687 ], [ 6.851088321425975, 52.446441267568936 ], [ 6.850997608280517, 52.446226803107713 ], [ 6.851028837359808, 52.446221859986764 ], [ 6.850959983241485, 52.446082028353317 ], [ 6.850918246747556, 52.445993933268298 ], [ 6.850868617724272, 52.445893153724732 ], [ 6.850837094835849, 52.445797624606676 ], [ 6.850707194057087, 52.445664928959481 ], [ 6.850553460244336, 52.44553526011839 ], [ 6.850524949276007, 52.445486282214247 ], [ 6.850515877938367, 52.445437073190206 ], [ 6.85047860431023, 52.445440266128266 ], [ 6.850441771319548, 52.445273557952611 ], [ 6.850372391694274, 52.445117292112812 ], [ 6.850338282890704, 52.444988006223795 ], [ 6.850335423415658, 52.44494602829176 ], [ 6.850339852429086, 52.44489847723262 ], [ 6.850360630806978, 52.444872908403639 ], [ 6.850374342046059, 52.44485604702745 ], [ 6.850188757055023, 52.444344966477402 ], [ 6.850088333316851, 52.444062118220458 ], [ 6.850081064195858, 52.443885004456355 ], [ 6.850179955910225, 52.443892025964772 ], [ 6.850167345833323, 52.443642825731843 ], [ 6.850164365684444, 52.443597190868921 ], [ 6.850051033956912, 52.443605871165751 ], [ 6.850031363075112, 52.44350655504158 ], [ 6.850004484829329, 52.443507785789905 ], [ 6.849980742441244, 52.443375639206835 ], [ 6.849949701430764, 52.44334039120109 ], [ 6.849918947606071, 52.443314272176764 ], [ 6.849869132327091, 52.443299345727041 ], [ 6.849839133433426, 52.443296057688222 ], [ 6.849712163624594, 52.442932233889081 ], [ 6.849686663567886, 52.442909735321862 ], [ 6.849612117046711, 52.442843932316656 ], [ 6.849568266561008, 52.442741993252326 ], [ 6.849552445810585, 52.442710602190395 ], [ 6.849534846117467, 52.442676122988892 ], [ 6.849515279066774, 52.442627960276234 ], [ 6.849502133413202, 52.442592500254172 ], [ 6.84949344234862, 52.44255607738657 ], [ 6.849492236254313, 52.442520478979226 ], [ 6.849495468835744, 52.442482992086013 ], [ 6.849497925730155, 52.442467429257896 ], [ 6.849474303220895, 52.442387352718661 ], [ 6.849453952033077, 52.442315460472386 ], [ 6.849447602687785, 52.442126479158539 ], [ 6.849447684935638, 52.442084464879478 ], [ 6.849431856753196, 52.442058179482977 ], [ 6.849416420594514, 52.442043754352461 ], [ 6.849394970203375, 52.442028495590073 ], [ 6.849370730906706, 52.442018754362728 ], [ 6.849266033730401, 52.441972577099783 ], [ 6.849134142805664, 52.441917602790518 ], [ 6.849121631284412, 52.441901316822062 ], [ 6.84911450150847, 52.441892541929526 ], [ 6.849109150057201, 52.441885947327613 ], [ 6.849090699314085, 52.441870651495336 ], [ 6.849076823632695, 52.441858040763655 ], [ 6.849057197630414, 52.441846795362601 ], [ 6.849009759143843, 52.44181960559132 ], [ 6.848965569647217, 52.441794586936901 ], [ 6.848930499981959, 52.441774022009085 ], [ 6.848916624079743, 52.441761402273073 ], [ 6.84889962849723, 52.441745180596733 ], [ 6.848880665204865, 52.441714367542431 ], [ 6.848864762230751, 52.441686249296708 ], [ 6.84884851211424, 52.441647178085994 ], [ 6.84883883472057, 52.441626290852845 ], [ 6.848828493875853, 52.441585322021936 ], [ 6.848819698329502, 52.441546158834058 ], [ 6.848772833710819, 52.441396967020623 ], [ 6.848761083504973, 52.441358748140637 ], [ 6.84875919167161, 52.441346897384982 ], [ 6.848736000972604, 52.441146258689002 ], [ 6.848728057177642, 52.441087903060385 ], [ 6.848725833812126, 52.441066015996014 ], [ 6.848727476712977, 52.441025807170014 ], [ 6.848734734785367, 52.441019326648409 ], [ 6.848774913974968, 52.441014255690661 ], [ 6.84870676804508, 52.440862000569908 ], [ 6.848651946967546, 52.440739522449562 ], [ 6.848577751660456, 52.440573759927304 ], [ 6.848352986999678, 52.440067851801054 ], [ 6.848348351942446, 52.440063342700682 ], [ 6.84834932329299, 52.44006068803666 ], [ 6.847771567508885, 52.439895840514396 ], [ 6.847649453776135, 52.439860995635016 ], [ 6.847545885868323, 52.439831441086234 ], [ 6.847050692725325, 52.439690147442739 ], [ 6.846703747561794, 52.439591151010696 ], [ 6.846701193534622, 52.439590418435841 ], [ 6.844194553521137, 52.440290609617875 ], [ 6.844061440271129, 52.440328597034807 ], [ 6.842624782230879, 52.439548445116635 ], [ 6.842478642795532, 52.439494456529836 ], [ 6.842475009870026, 52.439493116897346 ], [ 6.842466181851043, 52.439484083827104 ], [ 6.842339044903607, 52.439354032878363 ], [ 6.842328544332968, 52.439344678771732 ], [ 6.842230205161761, 52.439261527620815 ], [ 6.841952225471699, 52.439053778815634 ], [ 6.841686452586665, 52.438848603076281 ], [ 6.841373943962904, 52.43861402311564 ], [ 6.840983233011718, 52.438331907996869 ], [ 6.840973645153589, 52.438325248173278 ], [ 6.8408719268144, 52.43825459573916 ], [ 6.840541781056944, 52.438029982805823 ], [ 6.84027838447463, 52.437851093759413 ], [ 6.840201652084064, 52.43780447569776 ], [ 6.839952348518577, 52.437652469093713 ], [ 6.83984741853824, 52.437589171992563 ], [ 6.839734206055201, 52.437516843830551 ], [ 6.83960742797735, 52.437438974057116 ], [ 6.839323742778727, 52.437265482210741 ], [ 6.839254909656713, 52.437222425119522 ], [ 6.839211213438362, 52.43719509573404 ], [ 6.839131148932955, 52.437145021227586 ], [ 6.838612458339155, 52.436824125668601 ], [ 6.838431818380953, 52.43671913947999 ], [ 6.838259004538815, 52.436604313395954 ], [ 6.838246762594089, 52.436601011689127 ], [ 6.838216092560253, 52.436594133487127 ], [ 6.838155129844031, 52.436581567935725 ], [ 6.838113088124151, 52.436565184110862 ], [ 6.838051910704142, 52.436523641543126 ], [ 6.837960748349518, 52.436466951664386 ], [ 6.837851404286161, 52.436405666425735 ], [ 6.837746897093187, 52.436350595977409 ], [ 6.837558330177821, 52.436265687444319 ], [ 6.837374375857813, 52.436193153529963 ], [ 6.836904384732852, 52.436030098370686 ], [ 6.836547813836766, 52.435906390524025 ], [ 6.836548053129237, 52.436280982924302 ], [ 6.836544930960101, 52.437017223014827 ], [ 6.836544158827217, 52.4378391235416 ], [ 6.835932755939452, 52.43775074682403 ], [ 6.834578745748861, 52.437554994028083 ], [ 6.831984668162549, 52.437167841376777 ], [ 6.830649114264565, 52.436970470540167 ], [ 6.830501441661243, 52.436945861081441 ], [ 6.830453768483869, 52.437233352023156 ], [ 6.829415052612958, 52.437113266621623 ], [ 6.829312790440607, 52.437895287238099 ], [ 6.829078038913026, 52.437838900348275 ], [ 6.828311549220911, 52.437704201621351 ], [ 6.827921495391892, 52.43759210214133 ], [ 6.827518946157988, 52.437390670933205 ], [ 6.827528849363339, 52.437376815808165 ], [ 6.827246142546387, 52.437257656122632 ], [ 6.827176769653371, 52.437128954460796 ], [ 6.82699734973185, 52.437089580619244 ], [ 6.826663195120534, 52.437105470679008 ], [ 6.827058196809005, 52.436564000544436 ], [ 6.825635309346782, 52.436198827473127 ], [ 6.824329866611795, 52.43585172713415 ], [ 6.823638291702267, 52.435672809123183 ], [ 6.823667801450945, 52.43558740933441 ], [ 6.823238848587805, 52.435521026170768 ], [ 6.823031731521997, 52.435488973559579 ], [ 6.822891343189402, 52.435469192189856 ], [ 6.822685306030795, 52.435440173950859 ], [ 6.822332894972221, 52.435390539792756 ], [ 6.822342531074761, 52.435365601700411 ], [ 6.822347806406825, 52.435351950495118 ], [ 6.822078400591479, 52.435306558408904 ], [ 6.82248329871306, 52.433758107256772 ], [ 6.822634306540805, 52.433676098340911 ], [ 6.822735284985915, 52.433278644323174 ], [ 6.820334408625738, 52.432842399186015 ], [ 6.819336369559079, 52.432657312375412 ], [ 6.818640239347848, 52.432525413565614 ], [ 6.817719455875952, 52.432350948038923 ], [ 6.817195830763883, 52.432246179556167 ], [ 6.817187334760393, 52.432244484387866 ], [ 6.816296691138506, 52.432090830339007 ], [ 6.815955254015635, 52.432031309423046 ], [ 6.815330917643195, 52.431922471148113 ], [ 6.814412751517264, 52.431747184518791 ], [ 6.81369502107393, 52.431611705932298 ], [ 6.813553262798139, 52.431584945917812 ], [ 6.813531797807259, 52.431581006683345 ], [ 6.811408680235281, 52.431191483682206 ], [ 6.811415588829932, 52.431176767056733 ], [ 6.811434479213193, 52.43104497272958 ], [ 6.811441623581618, 52.430997372704617 ], [ 6.81143672964198, 52.430947202850227 ], [ 6.811433216685969, 52.430933546353991 ], [ 6.811425367665223, 52.430923609372911 ], [ 6.811373921982918, 52.430906978684028 ], [ 6.811312716706468, 52.430869476764549 ], [ 6.81032425208552, 52.430812144267009 ], [ 6.809897546606775, 52.430790744691656 ], [ 6.809818188141181, 52.430786385547471 ], [ 6.809746032163034, 52.430775521939516 ], [ 6.809652666508745, 52.43075674229798 ], [ 6.809587963058697, 52.430744863263158 ], [ 6.809522009975398, 52.430739399131383 ], [ 6.809297824115308, 52.430738899962385 ], [ 6.809033363515098, 52.43073988157056 ], [ 6.808821421161701, 52.430746515351103 ], [ 6.808682414193572, 52.430746170179162 ], [ 6.808655530585775, 52.430746106290748 ], [ 6.808605414742767, 52.430747489717824 ], [ 6.808726303281484, 52.429832628423206 ], [ 6.808143885894635, 52.430060540330537 ], [ 6.807323565732704, 52.430379354864307 ], [ 6.807176498641336, 52.430441710629303 ], [ 6.807190273411008, 52.430513994139453 ], [ 6.806084134074051, 52.430331386758716 ], [ 6.80608344768144, 52.43030447393182 ], [ 6.805385978478149, 52.430125593030787 ], [ 6.804289771261368, 52.429905430304608 ], [ 6.803988176678018, 52.429856993837753 ], [ 6.803415912319731, 52.429755461272535 ], [ 6.802292332479531, 52.429556101628641 ], [ 6.802266516513344, 52.429551232585808 ], [ 6.801664083880313, 52.429437683638888 ], [ 6.800551408890509, 52.429227948285586 ], [ 6.799819986921069, 52.429090679993074 ], [ 6.798755141271172, 52.428890820249428 ], [ 6.797774877261336, 52.428704954787968 ], [ 6.79771978374171, 52.428694042497447 ], [ 6.797167505293037, 52.428589788056627 ], [ 6.796301138329631, 52.42842642845882 ], [ 6.795305477850075, 52.428237103457917 ], [ 6.794060991307419, 52.428007373705789 ], [ 6.792885106462876, 52.428942716050415 ], [ 6.792721308237745, 52.429080190642836 ], [ 6.791115405531684, 52.430383209370376 ], [ 6.790654060739637, 52.430761714067017 ], [ 6.790200254962564, 52.431127786177228 ], [ 6.789643626387091, 52.43158130189078 ], [ 6.789460497950658, 52.431730317290743 ], [ 6.788996004458903, 52.432108259215674 ], [ 6.788537883423095, 52.432481027281447 ], [ 6.788892743028719, 52.43255499373015 ], [ 6.789630741222866, 52.432712997490341 ], [ 6.790052089995177, 52.432800393283387 ], [ 6.789768029399042, 52.432952644822777 ], [ 6.789122194882674, 52.433287790976486 ], [ 6.788850473264694, 52.433355751654361 ], [ 6.788709771818338, 52.433413119016478 ], [ 6.788615543000112, 52.433473307138058 ], [ 6.788493585264773, 52.433577849516759 ], [ 6.788236165870576, 52.433693980404179 ], [ 6.787982995064395, 52.433805458299446 ], [ 6.787894706717811, 52.433844766907335 ], [ 6.787875462534971, 52.433853335909532 ], [ 6.787726134702872, 52.433919819669377 ], [ 6.787716461695147, 52.43392412273613 ], [ 6.787532461727882, 52.433948976375326 ], [ 6.787386662142092, 52.434015444954937 ], [ 6.787264423507673, 52.434103809814957 ], [ 6.787167333011231, 52.434214501699664 ], [ 6.78698815511882, 52.434491329525876 ], [ 6.786980123706388, 52.43450941066947 ], [ 6.786961534630724, 52.434551256651226 ], [ 6.786948056546023, 52.434605437547013 ], [ 6.786954660179373, 52.434774678217309 ], [ 6.786912699130849, 52.434808530830736 ], [ 6.78684130109403, 52.434965785499976 ], [ 6.786572675700512, 52.435199049936337 ], [ 6.786589371257325, 52.435205198671774 ], [ 6.786352960810538, 52.435556902583514 ], [ 6.786284297954412, 52.43564726719935 ], [ 6.78612034381726, 52.435881712160423 ], [ 6.786074009468995, 52.435956388480434 ], [ 6.785844936581859, 52.436281317398077 ], [ 6.785590320290549, 52.436640425460524 ], [ 6.785507871449459, 52.43675772042117 ], [ 6.785505837227205, 52.436759901701421 ], [ 6.785567521544015, 52.436754832058149 ], [ 6.785698332686525, 52.436770770677171 ], [ 6.785935353744642, 52.436819521969895 ], [ 6.786151822016224, 52.436875958087811 ], [ 6.786341649670203, 52.436968483172571 ], [ 6.78644304039229, 52.437025145333038 ], [ 6.786447247400284, 52.437019585617023 ], [ 6.787517932930712, 52.437616173540832 ], [ 6.787511338362908, 52.437622040164918 ], [ 6.787615148158302, 52.437679292958592 ], [ 6.788231243620067, 52.438024559714776 ], [ 6.788320426402799, 52.43807594453893 ], [ 6.788729052719574, 52.438303421663477 ], [ 6.788819721300493, 52.438354779551155 ], [ 6.788932289143488, 52.438416781441902 ], [ 6.789137755447922, 52.438532712199617 ], [ 6.789406577712098, 52.438682292152869 ], [ 6.789931805666025, 52.438961238060315 ], [ 6.790100053098059, 52.439061005898388 ], [ 6.790179259332299, 52.439100984081456 ], [ 6.790277839606389, 52.43914662928519 ], [ 6.79040660964143, 52.439207377243349 ], [ 6.790426220654934, 52.439213562825323 ], [ 6.790656989542452, 52.439307133201176 ], [ 6.790888999512319, 52.439405020943717 ], [ 6.790950947767919, 52.439429032577451 ], [ 6.791229196922138, 52.439542982714663 ], [ 6.792251436082378, 52.439970343626072 ], [ 6.792375832601532, 52.440030305405379 ], [ 6.793074887598132, 52.44032623151314 ], [ 6.793376946689208, 52.440454069175487 ], [ 6.793569603623386, 52.440535610124343 ], [ 6.795041389898819, 52.441150172993808 ], [ 6.795255833966433, 52.441239479167976 ], [ 6.795537522201284, 52.4413567851444 ], [ 6.796139613965306, 52.441609765857095 ], [ 6.796416184491593, 52.441725108197772 ], [ 6.797010921172116, 52.441973138405501 ], [ 6.797062335236129, 52.441993622864324 ], [ 6.797211869806446, 52.442053199583647 ], [ 6.798033946604961, 52.442518461464978 ], [ 6.798269796662448, 52.442647147192879 ], [ 6.798720272948412, 52.442892923124674 ], [ 6.799282316723027, 52.443206607040949 ], [ 6.79949226190756, 52.443342394541325 ], [ 6.799505252748876, 52.443349376649373 ], [ 6.800002542832772, 52.4436165938762 ], [ 6.800172233825434, 52.443714685516539 ], [ 6.801057462643193, 52.444226390848961 ], [ 6.801306318994198, 52.444370241032914 ], [ 6.801307905228257, 52.444371085008065 ], [ 6.801433053576678, 52.444437680040295 ], [ 6.801707504684521, 52.444591093382854 ], [ 6.802224527867511, 52.44487421840973 ], [ 6.802516533924542, 52.44504832779333 ], [ 6.802641392925254, 52.44512277210201 ], [ 6.802825522358294, 52.445195914843943 ], [ 6.802963226813258, 52.445251131457887 ], [ 6.803087279559586, 52.44530402121363 ], [ 6.803693337796631, 52.445559748156853 ], [ 6.804354276086323, 52.445827507560921 ], [ 6.804778892373823, 52.446005589139482 ], [ 6.806580732044867, 52.446754953648799 ], [ 6.806659507010685, 52.446787465589559 ], [ 6.807143757634974, 52.446987313900593 ], [ 6.807644858938915, 52.447194104204797 ], [ 6.808302746079115, 52.447469770499666 ], [ 6.808894283020887, 52.447717618547458 ], [ 6.809368957642902, 52.44791457059678 ], [ 6.810094003829986, 52.448216611561499 ], [ 6.810216522746908, 52.448267022529492 ], [ 6.810693749399905, 52.44846336342421 ], [ 6.811197507381119, 52.448673486729632 ], [ 6.811356794192524, 52.448741306064399 ], [ 6.811623668303286, 52.448856694036756 ], [ 6.812006635127872, 52.449012356738173 ], [ 6.813988863771607, 52.449824968005586 ], [ 6.81412185177741, 52.44987948257409 ], [ 6.814159854795992, 52.44989506062862 ], [ 6.814530986076925, 52.450049482566179 ], [ 6.81487548689007, 52.450192826645193 ], [ 6.815214964588971, 52.450334081991748 ], [ 6.816077310690988, 52.450692130114604 ], [ 6.816107172100089, 52.450702475471608 ], [ 6.81626700980833, 52.450769122123354 ], [ 6.816919677617352, 52.451040184057007 ], [ 6.817131083759015, 52.45112729465567 ], [ 6.8172758266921, 52.451189295231792 ], [ 6.818545707668417, 52.451720920690988 ], [ 6.819437247091804, 52.452098744598608 ], [ 6.819443045152106, 52.452101056505235 ], [ 6.820564832105581, 52.452571269462766 ], [ 6.821019809099728, 52.452758706058027 ], [ 6.821076024926652, 52.453029114404764 ], [ 6.821124251324322, 52.453267727681634 ], [ 6.821181293961242, 52.453549981979194 ], [ 6.821223441750767, 52.453758547809343 ], [ 6.821251585938507, 52.45389778288974 ], [ 6.821404973408474, 52.454676392508333 ], [ 6.821462565858815, 52.454968680277865 ], [ 6.821555113578584, 52.454971389196672 ], [ 6.821553497318311, 52.454992325336427 ], [ 6.821548826113988, 52.45505153614792 ], [ 6.821545933317523, 52.455093449257326 ], [ 6.821543931185699, 52.455116097909624 ], [ 6.821544239891008, 52.45513695681543 ], [ 6.821549390471325, 52.455169190666361 ], [ 6.821557999968096, 52.45519873998591 ], [ 6.821568367878879, 52.455249840764353 ], [ 6.821583402989234, 52.455299671577968 ], [ 6.821598248405792, 52.455336848675522 ], [ 6.821623100000378, 52.455379495579216 ], [ 6.821649116638799, 52.455422676681458 ], [ 6.821664007370034, 52.455463062167752 ], [ 6.821677950728952, 52.455498281662152 ], [ 6.821682767902777, 52.455527490369334 ], [ 6.821682948956456, 52.455560287737313 ], [ 6.821678682090967, 52.455587053639256 ], [ 6.821671162227742, 52.45561151288495 ], [ 6.821662853362084, 52.45564204002693 ], [ 6.821654502047455, 52.455669898054857 ], [ 6.821652265712779, 52.455695758487224 ], [ 6.821652347995217, 52.45572142905565 ], [ 6.821654480813136, 52.455747263562557 ], [ 6.821659778128559, 52.455770408111491 ], [ 6.821667963272194, 52.455791405369929 ], [ 6.821676210547054, 52.45581613216244 ], [ 6.821688168685078, 52.4558554655191 ], [ 6.821699855147894, 52.455896402141654 ], [ 6.821721763499637, 52.455956711382107 ], [ 6.821764021341448, 52.456072360025736 ], [ 6.821767107496764, 52.456103540218756 ], [ 6.821767322526553, 52.456118332921037 ], [ 6.821767351042729, 52.456140076101853 ], [ 6.821762079815245, 52.456178970852619 ], [ 6.821724247550276, 52.456187051227708 ], [ 6.821783559517371, 52.45645737669124 ], [ 6.821806747344916, 52.456563009130974 ], [ 6.821900664316059, 52.457069505589594 ], [ 6.821959813707808, 52.457372389757644 ], [ 6.822083042091322, 52.458003482193973 ], [ 6.822134324722338, 52.45826610250321 ], [ 6.822152979026519, 52.458361659550761 ], [ 6.822360949934485, 52.459401957854418 ], [ 6.822426019838506, 52.459727466298936 ], [ 6.822445345215762, 52.459823257847148 ], [ 6.822445418762617, 52.459823256956362 ], [ 6.822447393009972, 52.459823286078283 ], [ 6.827446570609844, 52.459897301945247 ], [ 6.831788023722419, 52.459961220454574 ], [ 6.834272709295224, 52.459813423620687 ], [ 6.834732653417504, 52.459786197484924 ], [ 6.836270175302299, 52.45969479600857 ], [ 6.836304160104252, 52.459692780450183 ], [ 6.836415050044407, 52.459685941302354 ], [ 6.83649683333836, 52.459680896216561 ], [ 6.836539217966853, 52.459678355392633 ], [ 6.839331578043162, 52.459511183360497 ], [ 6.841620722856799, 52.459374436931832 ], [ 6.844731862553397, 52.459188509906113 ], [ 6.844733448760579, 52.459188418486839 ], [ 6.848736997345055, 52.45940451722889 ], [ 6.849907922868323, 52.459467732129781 ], [ 6.850127894623342, 52.459479605380238 ], [ 6.854297587608976, 52.459706256434295 ], [ 6.854009971548964, 52.458115761984516 ] ] ] ] } },
{ "type": "Feature", "properties": { "buurtcode": "BU01831109", "buurtnaam": "Verspreide huizen Hezingen", "pc6_codes": "7662PA, 7662PB, 7662PC, 7662PD, 7662PE, 7662PG, 7662PH, 7662PJ, 7662PL, 7662PN, 7662PP, 7662PR, 7662PS, 7662PT, 7662PV, 7662PW, 7662PX", "wijkcode": "WK018311", "gemeentecode": "GM0183", "gemeentenaam": "Tubbergen", "oppervlakteLandInHa": 887, "AantalInwoners_5": 215, "Mannen_6": 100, "Vrouwen_7": 110, "HuishoudensTotaal_29": 80, "GemiddeldeHuishoudensgrootte_33": 2.7, "Woningvoorraad_35": 84, "NieuwbouwWoningen_36": 1, "NietWoningvoorraad_37": 20, "NieuwbouwNietWoningen_38": 0, "GemiddeldeWOZWaardeVanWoningen_39": 478, "PercentageEengezinswoning_40": 69, "PercentageTussenwoningEengezins_41": 0, "PercentageHoekwoningEengezins_42": 0, "PercentageTweeOnderEenKapWoningEe_43": 13, "PercentageVrijstaandeWoningEengezins_44": 56, "PercentageMeergezinswoning_45": 31, "Koopwoningen_47": 70, "HuurwoningenTotaal_48": 29, "InBezitWoningcorporatie_49": 0, "InBezitOverigeVerhuurders_50": 29, "BouwjaarMeerDanTienJaarGeleden_51": 93, "BouwjaarAfgelopenTienJaar_52": 7, "GemiddeldeElektriciteitslevering_53": 3850, "GemiddeldeElektriciteitsteruglevering_54": 2470, "GemiddeldAardgasverbruik_55": 1260, "AardgasvrijeWoningen_57": null, "Aardgaswoningen_58": null, "WoningenMetZonnestroom_59": null, "WoningenHoofdzElektrVerwarmd_60": null, "k_20PersonenMetHoogsteInkomen_80": 11.7, "k_20HuishoudensMetHoogsteInkomen_85": null, "MediaanVermogenVanParticuliereHuish_86": null, "PersonenautoSTotaal_104": 130, "PersonenautoSBrandstofBenzine_105": 90, "PersonenautoSOverigeBrandstof_106": 40, "PersonenautoSPerHuishouden_107": 1.6, "Omgevingsadressendichtheid_121": 13, "AantalInstallatiesBijWoningen_5": null, "OpgesteldVermogenVanZonnepanelen_6": null, "installaties_per_woning": null, "vermogen_per_woning": null, "installaties_per_100_woningen": null, "vermogen_per_huishouden": null, "batterijdruk_score": null, "koop_zon_score": null, "eengezins_zon_score": null, "betaalkracht_zon_score": null, "overige_brandstof_zon_score": null, "lichte_batterij_kansscore": null }, "geometry": { "type": "MultiPolygon", "coordinates": [ [ [ [ 6.86409023230488, 52.45095526634487 ], [ 6.865251346490436, 52.450748878324866 ], [ 6.866429577987451, 52.450539937041363 ], [ 6.866955434871712, 52.450446683448277 ], [ 6.867070317198013, 52.450426309365675 ], [ 6.867871175399212, 52.450284421238187 ], [ 6.869257754330399, 52.450038744462418 ], [ 6.869794571030376, 52.449943624214455 ], [ 6.870445715166484, 52.449828850172523 ], [ 6.874317012530592, 52.449146365279084 ], [ 6.879684998522548, 52.448199937952744 ], [ 6.881800599082275, 52.447826536416471 ], [ 6.881985711013282, 52.447793864030231 ], [ 6.881990902461668, 52.447792944599932 ], [ 6.88495460220192, 52.447270284266231 ], [ 6.885472504007311, 52.447178944940639 ], [ 6.886409219639724, 52.447013549303442 ], [ 6.888678000610796, 52.446612925835268 ], [ 6.889062124671078, 52.446545090742504 ], [ 6.891512230977315, 52.445925663889724 ], [ 6.892078357541044, 52.445782500923677 ], [ 6.892979908060715, 52.445554506047209 ], [ 6.896691311042408, 52.444616532303826 ], [ 6.89771012773394, 52.444358772957777 ], [ 6.90041622952086, 52.443673953455615 ], [ 6.904571991479306, 52.442624299591735 ], [ 6.906079586162061, 52.44224300075534 ], [ 6.906222726628199, 52.442215637222425 ], [ 6.908588570774686, 52.441763253005945 ], [ 6.911899054054759, 52.441130306232814 ], [ 6.91338018376477, 52.440847232258974 ], [ 6.913416071973794, 52.440840351881164 ], [ 6.916588169928786, 52.440232462443738 ], [ 6.917361775355375, 52.440084179225842 ], [ 6.919939403783586, 52.439590043440568 ], [ 6.922258104019439, 52.439145463177269 ], [ 6.923308509527862, 52.43894403397163 ], [ 6.923336022538776, 52.438938760299166 ], [ 6.923521541091568, 52.43890318558568 ], [ 6.923546964787868, 52.43889831649188 ], [ 6.926865918471869, 52.438262536239002 ], [ 6.927098435921883, 52.438217994343368 ], [ 6.927106004455614, 52.438216547627931 ], [ 6.92820916482493, 52.438005274026473 ], [ 6.928350566014368, 52.437978148811382 ], [ 6.928378895778324, 52.437972710519162 ], [ 6.930112069115836, 52.437640446431367 ], [ 6.935349153560131, 52.436636258881073 ], [ 6.941657490692287, 52.435425736697312 ], [ 6.942156003134427, 52.435549353001534 ], [ 6.942089862675231, 52.435588244243831 ], [ 6.942176304917388, 52.435641582252693 ], [ 6.942306333260843, 52.435562480871951 ], [ 6.943131721915462, 52.435737514534914 ], [ 6.946841768214049, 52.436524180048735 ], [ 6.94698258874637, 52.436554038727685 ], [ 6.947300372756329, 52.436621414542728 ], [ 6.947384898534803, 52.436447480595596 ], [ 6.94789531033288, 52.435451995042648 ], [ 6.948362136045072, 52.434546520993834 ], [ 6.948446460667737, 52.43438295300524 ], [ 6.948835091351104, 52.433619822023083 ], [ 6.949223815308961, 52.432865124388691 ], [ 6.949223994194981, 52.432864775956446 ], [ 6.949108736691715, 52.432863464320619 ], [ 6.948976427314708, 52.432861954926437 ], [ 6.948311041061685, 52.432854375441138 ], [ 6.947380909266245, 52.432838495196421 ], [ 6.947361293630513, 52.432838160297528 ], [ 6.94728727515742, 52.432836896970969 ], [ 6.947238762117458, 52.432836297249018 ], [ 6.947175692061217, 52.432835517082417 ], [ 6.947139674836179, 52.43283507455304 ], [ 6.945704072751647, 52.432817306461452 ], [ 6.945505222751478, 52.432813882122225 ], [ 6.945449691890822, 52.432813075561491 ], [ 6.944499455706374, 52.432799199013957 ], [ 6.943709804032303, 52.432789595878084 ], [ 6.943502618254745, 52.432787077729905 ], [ 6.942259757516614, 52.432768712907972 ], [ 6.942241822446582, 52.432768489932307 ], [ 6.941333597355244, 52.432757317414314 ], [ 6.939769905562907, 52.432735279260108 ], [ 6.938818499002672, 52.432721866903115 ], [ 6.938775843217484, 52.432722506560843 ], [ 6.938746444179479, 52.432724581568934 ], [ 6.938556949261971, 52.432750956057681 ], [ 6.938515855701706, 52.432756725798086 ], [ 6.938452005127981, 52.432765678994443 ], [ 6.938019129213161, 52.432826386278705 ], [ 6.937133722645749, 52.432951064532304 ], [ 6.935757938571724, 52.433145196151443 ], [ 6.935562745419245, 52.433172736955378 ], [ 6.935553964777139, 52.433173975345184 ], [ 6.93536000081613, 52.433201346933764 ], [ 6.934382492317299, 52.433341752238661 ], [ 6.933549543935043, 52.433453933863433 ], [ 6.93285031969398, 52.433550530830018 ], [ 6.932688897742669, 52.433572826120148 ], [ 6.931840051747299, 52.433692421134317 ], [ 6.931426932973292, 52.433750428502883 ], [ 6.931109731766112, 52.433794968373626 ], [ 6.930671627403709, 52.43385390999444 ], [ 6.929731281709889, 52.433981163009548 ], [ 6.929342393602921, 52.43403660928125 ], [ 6.928913897424854, 52.434094547344024 ], [ 6.928697924311246, 52.434124459598593 ], [ 6.928525347532108, 52.434148359525373 ], [ 6.928329083918575, 52.434146256944274 ], [ 6.927809401324396, 52.434143758609103 ], [ 6.927388299066243, 52.434140407702387 ], [ 6.926921541287978, 52.434136057737689 ], [ 6.926684320303258, 52.434135680335856 ], [ 6.926641859058052, 52.434135611949735 ], [ 6.926361459986467, 52.43413400626283 ], [ 6.925217802067316, 52.434129652121094 ], [ 6.924899708419083, 52.43412844251651 ], [ 6.924832614560773, 52.434127992117801 ], [ 6.924575008423488, 52.434127147012376 ], [ 6.924520751598615, 52.434127482646566 ], [ 6.924419030723125, 52.43412810164277 ], [ 6.924377907707406, 52.434129722963092 ], [ 6.924375261344895, 52.434129748316444 ], [ 6.924280797062269, 52.434130542689807 ], [ 6.923832164586186, 52.434105181073882 ], [ 6.923444084098355, 52.43408414712696 ], [ 6.923064900260723, 52.4340647673638 ], [ 6.922597994594962, 52.434044240314819 ], [ 6.922495596055816, 52.434039733803658 ], [ 6.921988175857312, 52.434016304712848 ], [ 6.921551487513238, 52.433994321332257 ], [ 6.92105444859764, 52.433972506606253 ], [ 6.9205101788132, 52.433947921379101 ], [ 6.920256538851522, 52.433936714319209 ], [ 6.920073614907, 52.433928636598957 ], [ 6.919637082169094, 52.433910239707082 ], [ 6.919213715903969, 52.433889819215779 ], [ 6.918881912254935, 52.433875278513227 ], [ 6.918854383418535, 52.433874070419023 ], [ 6.918628187683187, 52.43386414996796 ], [ 6.91859368730855, 52.433862501603265 ], [ 6.918272473360819, 52.433847121158358 ], [ 6.91801009600087, 52.433834557051561 ], [ 6.917647235655864, 52.433817555797823 ], [ 6.917512898126454, 52.433811435156471 ], [ 6.917509716355341, 52.433811287496603 ], [ 6.917077876964348, 52.433791598074912 ], [ 6.916424497962748, 52.433762623443293 ], [ 6.915711616331278, 52.43372342867945 ], [ 6.915342919290907, 52.433705147372478 ], [ 6.914618283737479, 52.433669207824174 ], [ 6.914025930481752, 52.433639918457239 ], [ 6.913421722358724, 52.433607156377214 ], [ 6.912686384031042, 52.433568664265096 ], [ 6.912615881329017, 52.433565284537373 ], [ 6.912435587351106, 52.433557466800735 ], [ 6.91221488912983, 52.433546088048779 ], [ 6.91213745311159, 52.433541664705778 ], [ 6.911728537594147, 52.433518289888347 ], [ 6.911264661759233, 52.433494856774765 ], [ 6.91111701481734, 52.433487399005493 ], [ 6.910379753673222, 52.433449744321301 ], [ 6.91032504806757, 52.433446843247893 ], [ 6.909932253921477, 52.433426059464466 ], [ 6.90952405382065, 52.433404600460783 ], [ 6.909466726755867, 52.433401588861187 ], [ 6.909283872194639, 52.43339197451089 ], [ 6.909231069841184, 52.433389246231442 ], [ 6.909173066918386, 52.433386252163309 ], [ 6.908797587355761, 52.433366860143011 ], [ 6.908725909419643, 52.433363070726905 ], [ 6.908660861682837, 52.433359636558578 ], [ 6.908025411996817, 52.433326061778047 ], [ 6.907929342030547, 52.433321164817471 ], [ 6.907848579145197, 52.433317051054942 ], [ 6.907784449120359, 52.433313784401975 ], [ 6.90771793243989, 52.433310395540751 ], [ 6.906607878437256, 52.433253825667357 ], [ 6.905847528964958, 52.433214668201913 ], [ 6.905202202163601, 52.433184126317755 ], [ 6.90486134072956, 52.433166309675734 ], [ 6.9047883832926, 52.433162498321252 ], [ 6.904785613517165, 52.433162354030763 ], [ 6.904779366822439, 52.43316202956531 ], [ 6.904640464624443, 52.43315476631534 ], [ 6.904635970936866, 52.433154527251055 ], [ 6.904465407797789, 52.433145610947101 ], [ 6.903837785153362, 52.433116650613272 ], [ 6.903211602827911, 52.43308677863304 ], [ 6.902638420791164, 52.433058112940337 ], [ 6.902516995339938, 52.433051846091587 ], [ 6.902180150640855, 52.433034446775487 ], [ 6.901469696288435, 52.433002236647354 ], [ 6.900940884776698, 52.432978262973108 ], [ 6.899537190368077, 52.432918224102231 ], [ 6.89711591676189, 52.43281542261775 ], [ 6.897060408711435, 52.43280877732429 ], [ 6.897017417143157, 52.432803033146158 ], [ 6.896910263202996, 52.432788713435194 ], [ 6.894894737921742, 52.432519318285031 ], [ 6.892708176613597, 52.432230067433693 ], [ 6.891494028182201, 52.432067218109943 ], [ 6.891191397620164, 52.432028213243143 ], [ 6.889942476764555, 52.431867235023219 ], [ 6.889674968698657, 52.431832003647763 ], [ 6.88813808729347, 52.431629590744244 ], [ 6.887599960699057, 52.431558718239984 ], [ 6.887022148351975, 52.43148057949702 ], [ 6.886449103683512, 52.431414620355618 ], [ 6.884178835111499, 52.431153256844922 ], [ 6.883500300495569, 52.431075133482054 ], [ 6.882032631746061, 52.430899138341601 ], [ 6.880090931507819, 52.430666260052419 ], [ 6.879692650142147, 52.430618901589483 ], [ 6.879191562168407, 52.430559308693574 ], [ 6.87916754001408, 52.430556456216301 ], [ 6.879166713215942, 52.430556358765223 ], [ 6.878396879054439, 52.43046480345339 ], [ 6.876946995504611, 52.430289492515662 ], [ 6.876535656080725, 52.430239752892135 ], [ 6.876317834661104, 52.430213412844992 ], [ 6.875896761589029, 52.430162795631603 ], [ 6.874860532260384, 52.430038250674961 ], [ 6.874788124553064, 52.430029551072813 ], [ 6.874731943462183, 52.430022795960795 ], [ 6.873636279545273, 52.429891175508551 ], [ 6.873545357196649, 52.429880253562104 ], [ 6.873434443234944, 52.429866930708862 ], [ 6.873352616086971, 52.429857098986517 ], [ 6.872374931347268, 52.429739645025442 ], [ 6.871548673621064, 52.429631009068459 ], [ 6.871534612295105, 52.429629162808432 ], [ 6.871434188425638, 52.429615958317434 ], [ 6.871407971013794, 52.429612511557934 ], [ 6.870467986687019, 52.42948891558018 ], [ 6.869544687323656, 52.429359728084883 ], [ 6.869243260211323, 52.429317549470923 ], [ 6.868793588267837, 52.429254635757154 ], [ 6.868410593748242, 52.429201043842198 ], [ 6.868124178089142, 52.42916136231387 ], [ 6.868096625665452, 52.429157553989036 ], [ 6.868012785593058, 52.429145937022255 ], [ 6.867825146927219, 52.429119950157144 ], [ 6.866995422879068, 52.429005015837838 ], [ 6.866901419471271, 52.42899199697456 ], [ 6.866882182383179, 52.428989271004369 ], [ 6.865082631056408, 52.428734470994691 ], [ 6.862860296900195, 52.428415851258677 ], [ 6.862063882862333, 52.428298454113637 ], [ 6.86159903141343, 52.428229922495348 ], [ 6.860622311688035, 52.428085924114193 ], [ 6.8605927277079, 52.428081564046344 ], [ 6.860591885399679, 52.42808143969301 ], [ 6.858871126574746, 52.427830275828008 ], [ 6.858839298298189, 52.427825628604367 ], [ 6.858108890850292, 52.427719007352337 ], [ 6.857425637768099, 52.427619265959528 ], [ 6.856013186344225, 52.427418354695902 ], [ 6.854369896779605, 52.42718352239703 ], [ 6.854296554783481, 52.427173869105253 ], [ 6.854275642141273, 52.427171116911197 ], [ 6.854199375809638, 52.427161517759608 ], [ 6.853804844483308, 52.427111877977154 ], [ 6.853477779399126, 52.42707072481651 ], [ 6.853410845550107, 52.427062302207105 ], [ 6.853355841651288, 52.427216484023333 ], [ 6.853350917256309, 52.427229848334179 ], [ 6.853077469574407, 52.427972027372924 ], [ 6.852959678134422, 52.428274176787099 ], [ 6.852816065744987, 52.42864256005398 ], [ 6.852564675271608, 52.429273777179027 ], [ 6.852560989326608, 52.429282811527123 ], [ 6.852335427994003, 52.429835380543821 ], [ 6.852293533353667, 52.42993801090357 ], [ 6.852183858898075, 52.430206701700357 ], [ 6.852159251869333, 52.430266969957906 ], [ 6.851960124854434, 52.430775660658931 ], [ 6.851645563842597, 52.431534865168132 ], [ 6.85147800163643, 52.431950742349748 ], [ 6.851703891064232, 52.432437503411748 ], [ 6.851592119493358, 52.432444907740027 ], [ 6.851560919606481, 52.432449104682185 ], [ 6.851455459650611, 52.432463702742353 ], [ 6.851389821141093, 52.432466662438749 ], [ 6.851361394929493, 52.432466240785416 ], [ 6.851341934011979, 52.432465654375157 ], [ 6.851328755017381, 52.432471363328716 ], [ 6.851309459486263, 52.432474442274142 ], [ 6.851267974034327, 52.432482460644465 ], [ 6.851256143929796, 52.432517384294322 ], [ 6.851341207446203, 52.432577483262151 ], [ 6.851345785101398, 52.432580716557041 ], [ 6.851439864466681, 52.432643059061554 ], [ 6.85147997011548, 52.432669781185936 ], [ 6.851511934758652, 52.432682024203991 ], [ 6.851622491472328, 52.432744989833246 ], [ 6.851681068728539, 52.43278327674814 ], [ 6.851729150669114, 52.432820821491312 ], [ 6.851806813567907, 52.432883447580537 ], [ 6.851817773477982, 52.43289422439355 ], [ 6.851839800948526, 52.432928360919455 ], [ 6.851851597208362, 52.432946632984695 ], [ 6.851874836083804, 52.432996484817522 ], [ 6.851884011369433, 52.433032874630072 ], [ 6.851886515159331, 52.433054758214318 ], [ 6.851883081557132, 52.433109640964268 ], [ 6.851785731983339, 52.433105837946037 ], [ 6.851712326040021, 52.433102529825604 ], [ 6.851670300268141, 52.433098680888875 ], [ 6.851643237993423, 52.433095491882959 ], [ 6.851613072059812, 52.433089617653749 ], [ 6.851590492503731, 52.433086346249958 ], [ 6.851557582886207, 52.433085998044916 ], [ 6.85150939492846, 52.433110584698419 ], [ 6.851476484711131, 52.43314221840631 ], [ 6.851448987155605, 52.433161875118607 ], [ 6.851427726589416, 52.433186910890306 ], [ 6.851391353293248, 52.433208555950621 ], [ 6.851338936934831, 52.433238695906653 ], [ 6.851284766521689, 52.433263383378268 ], [ 6.851236278363001, 52.433281573646646 ], [ 6.851205377406872, 52.433292157786141 ], [ 6.851232649584078, 52.433299910576714 ], [ 6.851147230521569, 52.433456705147442 ], [ 6.851002629690906, 52.433723246397214 ], [ 6.850995642212392, 52.433735638324904 ], [ 6.850958494281404, 52.433801463462508 ], [ 6.85092516776971, 52.433836544834648 ], [ 6.850878828709476, 52.433886384693956 ], [ 6.850801859207775, 52.433961232138529 ], [ 6.850740901879587, 52.434022200840126 ], [ 6.850662311498364, 52.43409340979958 ], [ 6.850557664570601, 52.434192311299256 ], [ 6.850503992999662, 52.434246807862394 ], [ 6.85044200440838, 52.434323312681862 ], [ 6.850429021638982, 52.434338978620019 ], [ 6.850424840677675, 52.434349079670071 ], [ 6.850349838973773, 52.434440342885466 ], [ 6.85026376250153, 52.434560956218384 ], [ 6.850205408379623, 52.434659339529823 ], [ 6.850169943893602, 52.434722761584787 ], [ 6.850148780596166, 52.434765018315559 ], [ 6.850130585944839, 52.434806321528164 ], [ 6.850121238516904, 52.434843875038013 ], [ 6.850098619327615, 52.434937295621936 ], [ 6.850055956384265, 52.435110406137326 ], [ 6.84998562876592, 52.43540896341085 ], [ 6.849983022714522, 52.435421777567271 ], [ 6.850130587008668, 52.435458489934454 ], [ 6.850105817086441, 52.435520674261539 ], [ 6.850089317477721, 52.435562100344669 ], [ 6.85006090783981, 52.4356334172153 ], [ 6.849916443138708, 52.435996134625036 ], [ 6.849626291994785, 52.436717745668595 ], [ 6.849391841331423, 52.437300844160191 ], [ 6.849232220012984, 52.437694372182754 ], [ 6.849111968845081, 52.437990848215421 ], [ 6.849094257889472, 52.43803840140405 ], [ 6.849038100795541, 52.438189251041372 ], [ 6.84883967724209, 52.438728047567629 ], [ 6.848810565898014, 52.438807183913895 ], [ 6.848451848203452, 52.439782076509381 ], [ 6.84834932329299, 52.44006068803666 ], [ 6.848348351942446, 52.440063342700682 ], [ 6.848352986999678, 52.440067851801054 ], [ 6.848577751660456, 52.440573759927304 ], [ 6.848651946967546, 52.440739522449562 ], [ 6.84870676804508, 52.440862000569908 ], [ 6.848774913974968, 52.441014255690661 ], [ 6.848734734785367, 52.441019326648409 ], [ 6.848727476712977, 52.441025807170014 ], [ 6.848725833812126, 52.441066015996014 ], [ 6.848728057177642, 52.441087903060385 ], [ 6.848736000972604, 52.441146258689002 ], [ 6.84875919167161, 52.441346897384982 ], [ 6.848761083504973, 52.441358748140637 ], [ 6.848772833710819, 52.441396967020623 ], [ 6.848819698329502, 52.441546158834058 ], [ 6.848828493875853, 52.441585322021936 ], [ 6.84883883472057, 52.441626290852845 ], [ 6.84884851211424, 52.441647178085994 ], [ 6.848864762230751, 52.441686249296708 ], [ 6.848880665204865, 52.441714367542431 ], [ 6.84889962849723, 52.441745180596733 ], [ 6.848916624079743, 52.441761402273073 ], [ 6.848930499981959, 52.441774022009085 ], [ 6.848965569647217, 52.441794586936901 ], [ 6.849009759143843, 52.44181960559132 ], [ 6.849057197630414, 52.441846795362601 ], [ 6.849076823632695, 52.441858040763655 ], [ 6.849090699314085, 52.441870651495336 ], [ 6.849109150057201, 52.441885947327613 ], [ 6.84911450150847, 52.441892541929526 ], [ 6.849121631284412, 52.441901316822062 ], [ 6.849134142805664, 52.441917602790518 ], [ 6.849266033730401, 52.441972577099783 ], [ 6.849370730906706, 52.442018754362728 ], [ 6.849394970203375, 52.442028495590073 ], [ 6.849416420594514, 52.442043754352461 ], [ 6.849431856753196, 52.442058179482977 ], [ 6.849447684935638, 52.442084464879478 ], [ 6.849447602687785, 52.442126479158539 ], [ 6.849453952033077, 52.442315460472386 ], [ 6.849474303220895, 52.442387352718661 ], [ 6.849497925730155, 52.442467429257896 ], [ 6.849495468835744, 52.442482992086013 ], [ 6.849492236254313, 52.442520478979226 ], [ 6.84949344234862, 52.44255607738657 ], [ 6.849502133413202, 52.442592500254172 ], [ 6.849515279066774, 52.442627960276234 ], [ 6.849534846117467, 52.442676122988892 ], [ 6.849552445810585, 52.442710602190395 ], [ 6.849568266561008, 52.442741993252326 ], [ 6.849612117046711, 52.442843932316656 ], [ 6.849686663567886, 52.442909735321862 ], [ 6.849712163624594, 52.442932233889081 ], [ 6.849839133433426, 52.443296057688222 ], [ 6.849869132327091, 52.443299345727041 ], [ 6.849918947606071, 52.443314272176764 ], [ 6.849949701430764, 52.44334039120109 ], [ 6.849980742441244, 52.443375639206835 ], [ 6.850004484829329, 52.443507785789905 ], [ 6.850031363075112, 52.44350655504158 ], [ 6.850051033956912, 52.443605871165751 ], [ 6.850164365684444, 52.443597190868921 ], [ 6.850167345833323, 52.443642825731843 ], [ 6.850179955910225, 52.443892025964772 ], [ 6.850081064195858, 52.443885004456355 ], [ 6.850088333316851, 52.444062118220458 ], [ 6.850188757055023, 52.444344966477402 ], [ 6.850374342046059, 52.44485604702745 ], [ 6.850360630806978, 52.444872908403639 ], [ 6.850339852429086, 52.44489847723262 ], [ 6.850335423415658, 52.44494602829176 ], [ 6.850338282890704, 52.444988006223795 ], [ 6.850372391694274, 52.445117292112812 ], [ 6.850441771319548, 52.445273557952611 ], [ 6.85047860431023, 52.445440266128266 ], [ 6.850515877938367, 52.445437073190206 ], [ 6.850524949276007, 52.445486282214247 ], [ 6.850553460244336, 52.44553526011839 ], [ 6.850707194057087, 52.445664928959481 ], [ 6.850837094835849, 52.445797624606676 ], [ 6.850868617724272, 52.445893153724732 ], [ 6.850918246747556, 52.445993933268298 ], [ 6.850959983241485, 52.446082028353317 ], [ 6.851028837359808, 52.446221859986764 ], [ 6.850997608280517, 52.446226803107713 ], [ 6.851088321425975, 52.446441267568936 ], [ 6.85121761688892, 52.44641778242687 ], [ 6.851315562008277, 52.446395583438857 ], [ 6.851436008072948, 52.446375856832105 ], [ 6.851552271584724, 52.446365323318474 ], [ 6.851576181496653, 52.446365027794343 ], [ 6.85162119800405, 52.446369963485303 ], [ 6.851675260439674, 52.446377528901891 ], [ 6.851798733385785, 52.446404353010273 ], [ 6.851896932785541, 52.446436046720649 ], [ 6.851927039407149, 52.446442074481766 ], [ 6.851951100798277, 52.446446352264672 ], [ 6.851976737825352, 52.446453343131495 ], [ 6.851987404760953, 52.446459611215772 ], [ 6.851996737665674, 52.446470462058805 ], [ 6.852013586298504, 52.446483044688229 ], [ 6.852051692506041, 52.446505413870405 ], [ 6.852095769196059, 52.446527718208237 ], [ 6.852097044395888, 52.446528466481858 ], [ 6.85210796610913, 52.446534875224678 ], [ 6.852120435295149, 52.446550253546256 ], [ 6.852120722913224, 52.446559382522807 ], [ 6.852124282582091, 52.446576695714683 ], [ 6.852132082632354, 52.446632320304282 ], [ 6.852140535721417, 52.446662354940294 ], [ 6.85214985400199, 52.446673205952351 ], [ 6.852209155140361, 52.446749209337405 ], [ 6.85221527648845, 52.446753699911476 ], [ 6.852221322077078, 52.446755458853168 ], [ 6.85222580706214, 52.446755403394576 ], [ 6.852233246781766, 52.44675439455046 ], [ 6.852256945608185, 52.44674771951447 ], [ 6.852279111954802, 52.446735193794325 ], [ 6.852283371918806, 52.446732786073213 ], [ 6.85229219070419, 52.446728110754236 ], [ 6.852340595429944, 52.446715853811369 ], [ 6.852409954798875, 52.446688245654535 ], [ 6.852467469138393, 52.446672990623156 ], [ 6.852546214291067, 52.446662713400166 ], [ 6.852618574295207, 52.44665108589539 ], [ 6.852683834071049, 52.446681352681075 ], [ 6.852707804871095, 52.44668288987463 ], [ 6.852774581360634, 52.446667466192444 ], [ 6.852809545587577, 52.446822313717469 ], [ 6.852888421115621, 52.447169363003155 ], [ 6.852902079031358, 52.447229481343612 ], [ 6.85326910307492, 52.448588042672235 ], [ 6.85328612337442, 52.448651040684368 ], [ 6.853525763017303, 52.449556878782644 ], [ 6.853609306767256, 52.449889541703733 ], [ 6.853648671794597, 52.449912047617048 ], [ 6.853669096671976, 52.450089222080116 ], [ 6.853669214547681, 52.450089239479475 ], [ 6.853957517304789, 52.450134103792472 ], [ 6.85431996064366, 52.450190504150243 ], [ 6.857129985187352, 52.450627709334718 ], [ 6.861816040462362, 52.45135797195757 ], [ 6.86409023230488, 52.45095526634487 ] ] ] ] } },
{ "type": "Feature", "properties": { "buurtcode": "BU01831209", "buurtnaam": "Verspreide huizen Haarle", "pc6_codes": "7668TB, 7668TC, 7668TD, 7668TE, 7668TG, 7668TH, 7668TJ, 7668TK, 7668TM", "wijkcode": "WK018312", "gemeentecode": "GM0183", "gemeentenaam": "Tubbergen", "oppervlakteLandInHa": 340, "AantalInwoners_5": 150, "Mannen_6": 95, "Vrouwen_7": 55, "HuishoudensTotaal_29": 50, "GemiddeldeHuishoudensgrootte_33": 2.6, "Woningvoorraad_35": 55, "NieuwbouwWoningen_36": 0, "NietWoningvoorraad_37": 2, "NieuwbouwNietWoningen_38": 0, "GemiddeldeWOZWaardeVanWoningen_39": 486, "PercentageEengezinswoning_40": 56, "PercentageTussenwoningEengezins_41": 2, "PercentageHoekwoningEengezins_42": 4, "PercentageTweeOnderEenKapWoningEe_43": 15, "PercentageVrijstaandeWoningEengezins_44": 36, "PercentageMeergezinswoning_45": 44, "Koopwoningen_47": 71, "HuurwoningenTotaal_48": 29, "InBezitWoningcorporatie_49": 0, "InBezitOverigeVerhuurders_50": 29, "BouwjaarMeerDanTienJaarGeleden_51": 98, "BouwjaarAfgelopenTienJaar_52": 2, "GemiddeldeElektriciteitslevering_53": 3800, "GemiddeldeElektriciteitsteruglevering_54": 2670, "GemiddeldAardgasverbruik_55": 1350, "AardgasvrijeWoningen_57": null, "Aardgaswoningen_58": null, "WoningenMetZonnestroom_59": null, "WoningenHoofdzElektrVerwarmd_60": null, "k_20PersonenMetHoogsteInkomen_80": 15.8, "k_20HuishoudensMetHoogsteInkomen_85": null, "MediaanVermogenVanParticuliereHuish_86": null, "PersonenautoSTotaal_104": 75, "PersonenautoSBrandstofBenzine_105": 55, "PersonenautoSOverigeBrandstof_106": 20, "PersonenautoSPerHuishouden_107": 1.5, "Omgevingsadressendichtheid_121": 24, "AantalInstallatiesBijWoningen_5": null, "OpgesteldVermogenVanZonnepanelen_6": null, "installaties_per_woning": null, "vermogen_per_woning": null, "installaties_per_100_woningen": null, "vermogen_per_huishouden": null, "batterijdruk_score": null, "koop_zon_score": null, "eengezins_zon_score": null, "betaalkracht_zon_score": null, "overige_brandstof_zon_score": null, "lichte_batterij_kansscore": null }, "geometry": { "type": "MultiPolygon", "coordinates": [ [ [ [ 6.85150705145619, 52.414571976417648 ], [ 6.852052829832301, 52.414112807767559 ], [ 6.852896989440508, 52.413402585937334 ], [ 6.852899538608323, 52.413400549887299 ], [ 6.852910465327302, 52.41339181237975 ], [ 6.853774434846749, 52.412700898327984 ], [ 6.853858523428714, 52.412633654478313 ], [ 6.85517348983522, 52.411582023025296 ], [ 6.855233502933301, 52.411534024972568 ], [ 6.855639028958616, 52.411209706008755 ], [ 6.856082505076357, 52.410856681034957 ], [ 6.856192059059024, 52.410769470049082 ], [ 6.856592005910234, 52.410451077555173 ], [ 6.85698469480471, 52.410269349403201 ], [ 6.85759689788031, 52.409989550072595 ], [ 6.857880090641278, 52.409860109042043 ], [ 6.85836628889009, 52.409637897741703 ], [ 6.858415067645747, 52.409615601715061 ], [ 6.858608749117328, 52.409527082409603 ], [ 6.858751117293515, 52.409462005079099 ], [ 6.859223812880931, 52.409244632147264 ], [ 6.859606703183688, 52.409068562971584 ], [ 6.859748273835468, 52.409003458372709 ], [ 6.860172636055403, 52.40880830968279 ], [ 6.860505993761294, 52.408655011086921 ], [ 6.860672591986948, 52.408578393891872 ], [ 6.860753140487285, 52.408541355395528 ], [ 6.860750007684934, 52.408539084261811 ], [ 6.859978573793422, 52.407459464511653 ], [ 6.859788412449507, 52.407399780032257 ], [ 6.859637329512577, 52.407352364391876 ], [ 6.85793025669983, 52.406816581145435 ], [ 6.857659095665348, 52.406731463346134 ], [ 6.857517822938369, 52.406688543440531 ], [ 6.856874816237604, 52.406493182040968 ], [ 6.855492990606423, 52.406072239244359 ], [ 6.85401893630561, 52.405606454457057 ], [ 6.853569589261387, 52.405424640071935 ], [ 6.853045840846259, 52.40526965984828 ], [ 6.852756398221209, 52.405184011224136 ], [ 6.852276245358325, 52.405046753220446 ], [ 6.851814547430284, 52.404911934671929 ], [ 6.851723305155467, 52.404888721680862 ], [ 6.85139373593446, 52.404779682886712 ], [ 6.850791168290709, 52.404590440447315 ], [ 6.85033494823775, 52.404444537215518 ], [ 6.849616890661069, 52.404212203541249 ], [ 6.849194208722429, 52.404068740142627 ], [ 6.849072963708915, 52.404038992221672 ], [ 6.848938026765089, 52.404006285122826 ], [ 6.848755023391507, 52.403960849858933 ], [ 6.84525625201336, 52.403842667326245 ], [ 6.844711522017379, 52.403794884459622 ], [ 6.844050342413514, 52.403644486934922 ], [ 6.842006942519162, 52.40309349548663 ], [ 6.842283938806276, 52.401905784043116 ], [ 6.842259166717892, 52.401260864903634 ], [ 6.842088844006251, 52.401238526581857 ], [ 6.842087339114407, 52.401099650444635 ], [ 6.842086042531678, 52.401018120162988 ], [ 6.842084910536205, 52.401018107107475 ], [ 6.842085995606079, 52.401016691523544 ], [ 6.842084268730415, 52.4009081911978 ], [ 6.840226618360813, 52.400825611530436 ], [ 6.840197941528545, 52.401256849499127 ], [ 6.840197219806406, 52.401258143751747 ], [ 6.839789450314627, 52.401187138435802 ], [ 6.838270865665883, 52.401019288671243 ], [ 6.837936386019559, 52.40098230009292 ], [ 6.837932310188976, 52.400976759020182 ], [ 6.837824193755466, 52.400890587082642 ], [ 6.837785133749768, 52.400856063389142 ], [ 6.837729394003691, 52.400817042916835 ], [ 6.837496219628686, 52.40065413758888 ], [ 6.837399386636269, 52.40058578661624 ], [ 6.837183915494865, 52.40043478069822 ], [ 6.836978977568242, 52.400290809460728 ], [ 6.836751434870504, 52.400130530363086 ], [ 6.836575283113611, 52.400011113871287 ], [ 6.836331078819258, 52.399868350335474 ], [ 6.836205841225613, 52.399796786533209 ], [ 6.83574239127614, 52.400370898855385 ], [ 6.83551776411884, 52.400650671932276 ], [ 6.835459600051569, 52.400726205978899 ], [ 6.834927002105855, 52.400422661402352 ], [ 6.834678562389385, 52.400305788999233 ], [ 6.834612308358107, 52.400281286654398 ], [ 6.834248371568663, 52.400140333204376 ], [ 6.834159160013701, 52.400100416822347 ], [ 6.834114786758904, 52.400050235525796 ], [ 6.834104652476497, 52.400023411055734 ], [ 6.833968592019654, 52.400125199737666 ], [ 6.833967475634265, 52.40012476394196 ], [ 6.83395644413801, 52.400124458301057 ], [ 6.833830473663283, 52.400084352671087 ], [ 6.833478312494655, 52.399974920420789 ], [ 6.83281479744532, 52.39976981071905 ], [ 6.832448792114596, 52.399661083815175 ], [ 6.832088633233522, 52.399543673201684 ], [ 6.83153718534242, 52.399345898749083 ], [ 6.831174228835585, 52.399212384687502 ], [ 6.831166465001937, 52.399209531067747 ], [ 6.83107405041018, 52.399173993033799 ], [ 6.830923628151596, 52.399116160091062 ], [ 6.830342200316289, 52.398890925520519 ], [ 6.829961219732107, 52.398755128627215 ], [ 6.829831314034346, 52.39870721057401 ], [ 6.828795505432641, 52.398316277662943 ], [ 6.828794502785031, 52.39831617301833 ], [ 6.828679823581568, 52.398476436794567 ], [ 6.828440864275761, 52.398646483158664 ], [ 6.827786783183591, 52.399111927044551 ], [ 6.827027799881979, 52.399651227221455 ], [ 6.826975553672018, 52.399688150231611 ], [ 6.825570265202957, 52.399159039496695 ], [ 6.82501275061127, 52.398953479432592 ], [ 6.82445787545682, 52.398745772377943 ], [ 6.824072973576524, 52.398599469484289 ], [ 6.823785614567447, 52.398485680578986 ], [ 6.82335330796955, 52.398329280960226 ], [ 6.822801155585534, 52.398124391640408 ], [ 6.822582815153927, 52.398046167332446 ], [ 6.82240958868971, 52.397978397943575 ], [ 6.822261474941149, 52.39787930371056 ], [ 6.822148843393343, 52.397936534060356 ], [ 6.822053836894849, 52.397980355195948 ], [ 6.822138571930888, 52.397597216327902 ], [ 6.822140068269024, 52.397554951056009 ], [ 6.822102487293521, 52.397475793190459 ], [ 6.821991911025462, 52.397423146952789 ], [ 6.821986584403516, 52.397422016005933 ], [ 6.821704162488896, 52.397367712776102 ], [ 6.820890991985785, 52.397194363713908 ], [ 6.819979065731479, 52.397006869572486 ], [ 6.819951012522703, 52.397012719195558 ], [ 6.819291215663128, 52.396866986019461 ], [ 6.818788996530684, 52.396752862784489 ], [ 6.817936870832428, 52.396579218610036 ], [ 6.817684740916296, 52.396528458860999 ], [ 6.81759192802894, 52.396498272529215 ], [ 6.817505829351794, 52.396444841005483 ], [ 6.817477542017735, 52.396411124411543 ], [ 6.817476125844681, 52.396410952757783 ], [ 6.817477495891835, 52.39640969575818 ], [ 6.816848192382324, 52.396320892915185 ], [ 6.816828409517034, 52.396396331663652 ], [ 6.816823255788769, 52.396415575883665 ], [ 6.816819146179221, 52.396433935585989 ], [ 6.816808297718654, 52.39648252491827 ], [ 6.816788066605616, 52.396570031964849 ], [ 6.816795314889791, 52.396648020670931 ], [ 6.816773951983572, 52.396826588370061 ], [ 6.816760048184555, 52.396957632382488 ], [ 6.816768271508368, 52.396968391483071 ], [ 6.81678443820694, 52.396988519807813 ], [ 6.816802853821721, 52.39699591987727 ], [ 6.816813380805356, 52.397000655663561 ], [ 6.816826088724357, 52.39700194040006 ], [ 6.81687197765983, 52.397113907324986 ], [ 6.81694561495523, 52.397279759215913 ], [ 6.817117697177761, 52.397689814724551 ], [ 6.817226882916921, 52.397952180654158 ], [ 6.817226739238483, 52.398080191076623 ], [ 6.817227921085169, 52.398193273160452 ], [ 6.817227959501059, 52.398196283925145 ], [ 6.817227752326916, 52.398260421105142 ], [ 6.817232328225388, 52.398345722928454 ], [ 6.817242453767883, 52.398558777625098 ], [ 6.817249492112859, 52.398745388771566 ], [ 6.817253340553608, 52.398821809508398 ], [ 6.817255619034911, 52.398866896478637 ], [ 6.817256540808767, 52.39888497968041 ], [ 6.817257099665357, 52.39889546279079 ], [ 6.817263301802612, 52.3990106505006 ], [ 6.817264729254392, 52.399037114088934 ], [ 6.817269566870566, 52.399248407916843 ], [ 6.817276878846552, 52.399455321296522 ], [ 6.817281470955511, 52.399552497029006 ], [ 6.817282655470687, 52.399783088843506 ], [ 6.817287413683775, 52.400198562809209 ], [ 6.817289273377774, 52.400374962321727 ], [ 6.817296598582801, 52.400640536001099 ], [ 6.817319041836001, 52.401241440660606 ], [ 6.817230057080103, 52.401472141790549 ], [ 6.817136289895464, 52.401704042166223 ], [ 6.817080561742928, 52.401853308022432 ], [ 6.816972569528974, 52.402131258540003 ], [ 6.816909136858158, 52.402296374587543 ], [ 6.816848361324919, 52.402451400112376 ], [ 6.816748107934937, 52.402692825581425 ], [ 6.816663084972331, 52.402888907664163 ], [ 6.816596329764435, 52.403062252350146 ], [ 6.816169604668998, 52.404095228884692 ], [ 6.81726260495208, 52.404423792681911 ], [ 6.817511682613671, 52.404498347714735 ], [ 6.817951833445727, 52.404629298819948 ], [ 6.818257021798204, 52.404720100017848 ], [ 6.818502274317867, 52.404793063274901 ], [ 6.818509604754764, 52.404812516162934 ], [ 6.818519611445058, 52.40482473672256 ], [ 6.818592498706955, 52.404858102639004 ], [ 6.818635466971847, 52.404872486481338 ], [ 6.818641951591412, 52.404874862006501 ], [ 6.818969281954144, 52.404970373449792 ], [ 6.819258805125885, 52.405055635707527 ], [ 6.819860216578991, 52.405232754895266 ], [ 6.819919022196749, 52.405252834261667 ], [ 6.820506756483781, 52.405422699999491 ], [ 6.82058652872086, 52.405445752177719 ], [ 6.820855202069378, 52.405526445026901 ], [ 6.821175999656261, 52.405622793583404 ], [ 6.821516685908276, 52.40572510257649 ], [ 6.821543024474122, 52.405731947527599 ], [ 6.823710792471718, 52.406354303001713 ], [ 6.823187504433941, 52.407123443879037 ], [ 6.822824491370961, 52.407649498199021 ], [ 6.822460745454027, 52.408298777713703 ], [ 6.822318590091375, 52.408526126955202 ], [ 6.821918837166391, 52.409154196109554 ], [ 6.821719192839898, 52.409465998097076 ], [ 6.821667427172708, 52.409546831665331 ], [ 6.821510756311381, 52.40979913758413 ], [ 6.821490381208915, 52.409876193077118 ], [ 6.821494639967286, 52.41005214977919 ], [ 6.82189865545467, 52.410092819076141 ], [ 6.822503527628332, 52.410315303444165 ], [ 6.823132758405873, 52.410546747765494 ], [ 6.824797139401012, 52.411162307443547 ], [ 6.825305211051796, 52.411351526045507 ], [ 6.825954386238616, 52.411593293086931 ], [ 6.826096688110494, 52.411646655912413 ], [ 6.827770124413004, 52.412274118226406 ], [ 6.828077536521656, 52.412390341612806 ], [ 6.828719761391453, 52.412485401204421 ], [ 6.828802044728036, 52.412498367982998 ], [ 6.829100726143304, 52.412545418841162 ], [ 6.829041938839699, 52.41270689822251 ], [ 6.829753165998643, 52.413026073170919 ], [ 6.830207704724015, 52.413229406274844 ], [ 6.831171429522698, 52.413518286693431 ], [ 6.831150629715679, 52.413588616532174 ], [ 6.831150820737261, 52.413588614202858 ], [ 6.831150080428513, 52.413588901881035 ], [ 6.831121681589505, 52.413684951267506 ], [ 6.831788193348153, 52.413695051303606 ], [ 6.832289175582809, 52.413700354292295 ], [ 6.832380551725437, 52.413698609930336 ], [ 6.832543457720299, 52.413681116080724 ], [ 6.832793462067398, 52.413644320600135 ], [ 6.833227231407254, 52.413573856040955 ], [ 6.83322678255629, 52.413575866011527 ], [ 6.833229426315901, 52.413575348335137 ], [ 6.833404784736532, 52.413542177671673 ], [ 6.833422342413964, 52.41353786437157 ], [ 6.834221144362458, 52.413396177977965 ], [ 6.83434819143839, 52.413373600728683 ], [ 6.835051356824588, 52.413492816210365 ], [ 6.835717911519781, 52.413605823721774 ], [ 6.836802467036144, 52.413790421185247 ], [ 6.838190769052926, 52.414025013018232 ], [ 6.838950674137736, 52.414153820341987 ], [ 6.83902220096136, 52.414156404088914 ], [ 6.840604890571644, 52.414213627295155 ], [ 6.840614280465874, 52.414213970472453 ], [ 6.840732587539022, 52.414217138557277 ], [ 6.840767925360482, 52.414218448606171 ], [ 6.840956049535449, 52.414225397633963 ], [ 6.842104786417644, 52.414262120813305 ], [ 6.842374204141187, 52.41427135864658 ], [ 6.842793922995834, 52.414285741687635 ], [ 6.844194626415808, 52.414333738140627 ], [ 6.844599467831691, 52.414347605709082 ], [ 6.84472779749782, 52.414352003758339 ], [ 6.84540865119016, 52.41437532487376 ], [ 6.84694518093519, 52.414427944256005 ], [ 6.849540297458319, 52.414516905083325 ], [ 6.849645989229605, 52.414520390849781 ], [ 6.850620654469743, 52.414553734013737 ], [ 6.851157436284383, 52.414572096893679 ], [ 6.851494890249546, 52.414582207706879 ], [ 6.85150705145619, 52.414571976417648 ] ] ] ] } }
]
}
