{
"type": "FeatureCollection",
"name": "Waalre",
"crs": { "type": "name", "properties": { "name": "urn:ogc:def:crs:EPSG::28992" } },
"features": [
{ "type": "Feature", "properties": { "buurtcode": "BU08660000", "buurtnaam": "Waalre", "pc6_codes": "5581AA, 5581AB, 5581AC, 5581AD, 5581AE, 5581AG, 5581AH, 5581AJ, 5581AK, 5581AL, 5581AM, 5581AN, 5581AP, 5581AR, 5581AS, 5581AT, 5581AV, 5581AW, 5581AX, 5581AZ, 5581BA, 5581BB, 5581BC, 5581BD, 5581BE, 5581BG, 5581BH, 5581BJ, 5581BK, 5581BL, 5581BM, 5581BN, 5581BP, 5581BR, 5581BS, 5581BT, 5581BV, 5581BX, 5581BZ, 5581CA, 5581CB, 5581CC, 5581CD, 5581CE, 5581CG, 5581CH, 5581CJ, 5581CK, 5581CL, 5581CM, 5581CN, 5581CP, 5581CR, 5581CS, 5581CT, 5581CV, 5581CW, 5581CX, 5581CZ, 5581EA, 5581EB, 5581EC, 5581ED, 5581EE, 5581EG, 5581GA, 5581GB, 5581GC, 5581GD, 5581GE, 5581GG, 5581GH, 5581GJ, 5581GK, 5581GL, 5581GM, 5581GN, 5581GP, 5581GR, 5581GS, 5581GT, 5581GV, 5581HA, 5581HB, 5581HC, 5581HD, 5581HE, 5581HG, 5581HH, 5581HJ, 5581HK, 5581HL, 5581HM, 5581HN, 5581HP, 5581HR, 5581HS, 5581HT, 5581JA, 5581JB, 5581JC, 5581JD, 5581JE, 5581JG, 5581JH, 5581JJ, 5581JK, 5581JL, 5581JM, 5581JN, 5581JP, 5581JR, 5581JS, 5581JT, 5581JV, 5581JW, 5581JX, 5581JZ, 5581KA, 5581KB, 5581KD, 5581SB, 5581SC, 5581SE, 5581SG, 5581SH, 5581SJ, 5581SK, 5581SL, 5581SM, 5581SN, 5581SP, 5581TA, 5581TB, 5581TD, 5581TE, 5581TG, 5581TH, 5581TJ, 5581TK, 5581TL, 5581TM, 5581TN, 5581TP, 5581TR, 5581TS, 5581TT, 5581TV, 5581TW, 5581TX, 5581TZ, 5581VB, 5581VC, 5581VE, 5581VG, 5581VH, 5581VK, 5581VN, 5581VP, 5581VR, 5581VV, 5581VW, 5581VX, 5581VZ, 5581WB, 5581WC, 5581WD, 5581WG, 5581WJ, 5581WK, 5581WL, 5581WM, 5581WN, 5581WP, 5581WR, 5581WS, 5581WT, 5581WV, 5581WW, 5581WX, 5581WZ, 5581XD, 5581XX, 5581XZ", "wijkcode": "WK086600", "gemeentecode": "GM0866", "gemeentenaam": "Waalre", "oppervlakteLandInHa": 245, "AantalInwoners_5": 6815, "Mannen_6": 3370, "Vrouwen_7": 3450, "HuishoudensTotaal_29": 2890, "GemiddeldeHuishoudensgrootte_33": 2.3, "Woningvoorraad_35": 3001, "NieuwbouwWoningen_36": 32, "NietWoningvoorraad_37": 307, "NieuwbouwNietWoningen_38": 15, "GemiddeldeWOZWaardeVanWoningen_39": 503, "PercentageEengezinswoning_40": 86, "PercentageTussenwoningEengezins_41": 32, "PercentageHoekwoningEengezins_42": 18, "PercentageTweeOnderEenKapWoningEe_43": 17, "PercentageVrijstaandeWoningEengezins_44": 18, "PercentageMeergezinswoning_45": 14, "Koopwoningen_47": 77, "HuurwoningenTotaal_48": 23, "InBezitWoningcorporatie_49": 14, "InBezitOverigeVerhuurders_50": 9, "BouwjaarMeerDanTienJaarGeleden_51": 91, "BouwjaarAfgelopenTienJaar_52": 9, "GemiddeldeElektriciteitslevering_53": 3040, "GemiddeldeElektriciteitsteruglevering_54": 1160, "GemiddeldAardgasverbruik_55": 1010, "AardgasvrijeWoningen_57": 7, "Aardgaswoningen_58": 85, "WoningenMetZonnestroom_59": 50, "WoningenHoofdzElektrVerwarmd_60": 14, "k_20PersonenMetHoogsteInkomen_80": 30.6, "k_20HuishoudensMetHoogsteInkomen_85": 33.2, "MediaanVermogenVanParticuliereHuish_86": 370.8, "PersonenautoSTotaal_104": 3655, "PersonenautoSBrandstofBenzine_105": 2805, "PersonenautoSOverigeBrandstof_106": 850, "PersonenautoSPerHuishouden_107": 1.3, "Omgevingsadressendichtheid_121": 808, "AantalInstallatiesBijWoningen_5": 1073, "OpgesteldVermogenVanZonnepanelen_6": 4825, "installaties_per_woning": 0.35754748417194271, "vermogen_per_woning": 1.6077974008663778, "installaties_per_100_woningen": 35.754748417194271, "vermogen_per_huishouden": 1.6695501730103806, "batterijdruk_score": 580.0, "koop_zon_score": 0.385, "eengezins_zon_score": 0.43, "betaalkracht_zon_score": 185.4, "overige_brandstof_zon_score": 425.0, "lichte_batterij_kansscore": 0.47447542791962727 }, "geometry": { "type": "MultiPolygon", "coordinates": [ [ [ [ 158764.7187, 378765.968899999978021 ], [ 158771.9999, 378749.031399999978021 ], [ 158889.1874, 378788.2501 ], [ 159091.35930000001099, 378508.3126 ], [ 159127.9999, 378449.1876 ], [ 159221.9999, 378527.718899999978021 ], [ 159280.0312, 378574.531399999978021 ], [ 159311.953, 378601.906399999978021 ], [ 159320.7655, 378590.468899999978021 ], [ 159384.67180000001099, 378500.0001 ], [ 159477.4687, 378368.593899999978021 ], [ 159488.4687, 378360.5001 ], [ 159501.2655, 378350.281399999978021 ], [ 159517.5155, 378341.3751 ], [ 159541.60930000001099, 378328.156399999978021 ], [ 159539.1405, 378322.6876 ], [ 159549.35930000001099, 378321.593899999978021 ], [ 159711.6874, 378303.8126 ], [ 159886.8437, 378284.281399999978021 ], [ 159999.9999, 378271.6251 ], [ 160058.4999, 378264.8751 ], [ 160140.5313, 378256.343899999978021 ], [ 160130.5938, 378109.0626 ], [ 160104.4999, 378099.468899999978021 ], [ 160103.765600000013364, 378089.5626 ], [ 160103.0625, 378079.6876 ], [ 160097.5625, 378000.0001 ], [ 160095.796899999986636, 377974.343899999978021 ], [ 160087.0625, 377923.8126 ], [ 160086.1563, 377910.4376 ], [ 160078.8125, 377800.8126 ], [ 160073.734399999986636, 377725.156399999978021 ], [ 160061.7188, 377532.4376 ], [ 159807.1249, 377526.1251 ], [ 159563.578, 377491.468899999978021 ], [ 159533.2812, 377481.7501 ], [ 159524.85930000001099, 377468.6876 ], [ 159523.4063, 377460.8751 ], [ 159521.296899999986636, 377449.593899999978021 ], [ 159522.640600000013364, 377423.093899999978021 ], [ 159525.875, 377403.156399999978021 ], [ 159578.5625, 377202.906399999978021 ], [ 159473.5624, 377176.156399999978021 ], [ 159469.828100000013364, 377113.7501 ], [ 159430.8905, 377042.5626 ], [ 159306.9999, 376958.8126 ], [ 159195.0155, 376911.843899999978021 ], [ 158956.98430000001099, 376807.8751 ], [ 158982.9375, 376561.843899999978021 ], [ 158937.48430000001099, 376532.6876 ], [ 158622.75, 376532.5 ], [ 158617.125, 376626.531299999973271 ], [ 158611.75, 376671.031299999973271 ], [ 158610.265600000013364, 376687.5625 ], [ 158610.4062, 376707.093799999973271 ], [ 158825.6874, 376801.3751 ], [ 158879.890600000013364, 376806.593899999978021 ], [ 158887.0312, 376875.781299999973271 ], [ 158933.5312, 376992.218799999973271 ], [ 158878.859399999986636, 377013.75 ], [ 158837.1563, 377111.843799999973271 ], [ 158835.609399999986636, 377115.5 ], [ 158835.1818, 377115.377700000011828 ], [ 158780.4375, 377099.718799999973271 ], [ 158771.92180000001099, 377097.156399999978021 ], [ 158764.10930000001099, 377096.843899999978021 ], [ 158752.0155, 377098.9375 ], [ 158746.171899999986636, 377100.5625 ], [ 158735.359399999986636, 377105.5 ], [ 158730.25, 377108.5 ], [ 158728.578100000013364, 377110.1875 ], [ 158721.046899999986636, 377116.4375 ], [ 158715.6563, 377121.343799999973271 ], [ 158711.875, 377124.843799999973271 ], [ 158706.328100000013364, 377132.531299999973271 ], [ 158693.703100000013364, 377151.6875 ], [ 158682.1563, 377170.5 ], [ 158613.1405, 377144.718899999978021 ], [ 158603.140600000013364, 377165.5625 ], [ 158586.0, 377210.531299999973271 ], [ 158595.4062, 377214.656399999978021 ], [ 158585.359399999986636, 377233.125 ], [ 158584.2499, 377232.5001 ], [ 158550.0938, 377290.781299999973271 ], [ 158552.0312, 377291.8126 ], [ 158533.7188, 377322.1875 ], [ 158540.35930000001099, 377331.6251 ], [ 158509.1563, 377389.718799999973271 ], [ 158431.578, 377365.3126 ], [ 158420.390600000013364, 377360.468799999973271 ], [ 158419.5313, 377366.9375 ], [ 158414.421899999986636, 377391.218799999973271 ], [ 158412.859399999986636, 377390.7501 ], [ 158372.296899999986636, 377592.968799999973271 ], [ 158311.390600000013364, 377578.6876 ], [ 158281.3438, 377692.1875 ], [ 158245.92180000001099, 377684.218899999978021 ], [ 158122.171899999986636, 377833.125 ], [ 158017.2187, 377778.4376 ], [ 157919.796899999986636, 377871.781299999973271 ], [ 158041.109399999986636, 377927.1875 ], [ 157996.9688, 378070.1875 ], [ 157780.015600000013364, 378029.6875 ], [ 157773.3125, 378054.093799999973271 ], [ 157755.7813, 378118.125 ], [ 158289.7655, 378210.1251 ], [ 158411.703, 378232.468899999978021 ], [ 158530.1563, 378271.6251 ], [ 158522.328100000013364, 378303.468799999973271 ], [ 158514.140600000013364, 378340.25 ], [ 158516.7813, 378340.343899999978021 ], [ 158523.5, 378363.656299999973271 ], [ 158540.10930000001099, 378382.781399999978021 ], [ 158567.79680000001099, 378414.343899999978021 ], [ 158572.5937, 378419.781399999978021 ], [ 158588.5312, 378437.968899999978021 ], [ 158553.984399999986636, 378468.281299999973271 ], [ 158546.109399999986636, 378475.718799999973271 ], [ 158520.0625, 378500.0 ], [ 158440.265600000013364, 378574.406299999973271 ], [ 158479.3749, 378602.906399999978021 ], [ 158489.0937, 378610.0001 ], [ 158596.17180000001099, 378688.0001 ], [ 158552.046899999986636, 378749.875 ], [ 158669.015600000013364, 378836.1251 ], [ 158672.1562, 378863.9376 ], [ 158718.3437, 378883.281399999978021 ], [ 158764.7187, 378765.968899999978021 ] ] ] ] } },
{ "type": "Feature", "properties": { "buurtcode": "BU08660001", "buurtnaam": "Aalst", "pc6_codes": "5582EA, 5582EC, 5582EJ, 5582EK, 5582EL, 5582EM, 5582ES, 5582GN, 5582GS, 5582GW, 5582GX, 5582GZ, 5582HC, 5582HE, 5582HG, 5582HH, 5582HJ, 5582HM, 5582HN, 5582HP, 5582HR, 5582HS, 5582HT, 5582HV, 5582HW, 5582HX, 5582JA, 5582JB, 5582JC, 5582JD, 5582JE, 5582JG, 5582JH, 5582JJ, 5582JK, 5582JL, 5582JM, 5582JN, 5582JP, 5582JR, 5582JS, 5582JT, 5582JV, 5582JW, 5582JX, 5582JZ, 5582KA, 5582KB, 5582KC, 5582KD, 5582KE, 5582KG, 5582KH, 5582KJ, 5582KK, 5582KL, 5582KM, 5582VA, 5582VB, 5582ZA, 5582ZB, 5582ZC, 5582ZD, 5582ZE, 5582ZG, 5583AB, 5583AC, 5583AD, 5583AE, 5583AG, 5583AH, 5583AJ, 5583AK, 5583AL, 5583AM, 5583AN, 5583AP, 5583AR, 5583AS, 5583AT, 5583AV, 5583BA, 5583BB, 5583BC, 5583BD, 5583BE, 5583BG, 5583BH, 5583BJ, 5583BK, 5583BL, 5583BM, 5583BN, 5583BP, 5583BR, 5583BS, 5583HA, 5583HB, 5583HC, 5583HD, 5583HH, 5583HJ", "wijkcode": "WK086600", "gemeentecode": "GM0866", "gemeentenaam": "Waalre", "oppervlakteLandInHa": 193, "AantalInwoners_5": 3810, "Mannen_6": 1885, "Vrouwen_7": 1925, "HuishoudensTotaal_29": 1855, "GemiddeldeHuishoudensgrootte_33": 2.0, "Woningvoorraad_35": 1910, "NieuwbouwWoningen_36": 7, "NietWoningvoorraad_37": 245, "NieuwbouwNietWoningen_38": 0, "GemiddeldeWOZWaardeVanWoningen_39": 537, "PercentageEengezinswoning_40": 61, "PercentageTussenwoningEengezins_41": 15, "PercentageHoekwoningEengezins_42": 10, "PercentageTweeOnderEenKapWoningEe_43": 15, "PercentageVrijstaandeWoningEengezins_44": 22, "PercentageMeergezinswoning_45": 39, "Koopwoningen_47": 64, "HuurwoningenTotaal_48": 36, "InBezitWoningcorporatie_49": 17, "InBezitOverigeVerhuurders_50": 19, "BouwjaarMeerDanTienJaarGeleden_51": 90, "BouwjaarAfgelopenTienJaar_52": 10, "GemiddeldeElektriciteitslevering_53": 2940, "GemiddeldeElektriciteitsteruglevering_54": 750, "GemiddeldAardgasverbruik_55": 990, "AardgasvrijeWoningen_57": 7, "Aardgaswoningen_58": 87, "WoningenMetZonnestroom_59": 36, "WoningenHoofdzElektrVerwarmd_60": 12, "k_20PersonenMetHoogsteInkomen_80": 27.3, "k_20HuishoudensMetHoogsteInkomen_85": 25.4, "MediaanVermogenVanParticuliereHuish_86": 297.4, "PersonenautoSTotaal_104": 2085, "PersonenautoSBrandstofBenzine_105": 1630, "PersonenautoSOverigeBrandstof_106": 455, "PersonenautoSPerHuishouden_107": 1.1, "Omgevingsadressendichtheid_121": 1110, "AantalInstallatiesBijWoningen_5": 434, "OpgesteldVermogenVanZonnepanelen_6": 2129, "installaties_per_woning": 0.22722513089005236, "vermogen_per_woning": 1.1146596858638744, "installaties_per_100_woningen": 22.722513089005236, "vermogen_per_huishouden": 1.1477088948787062, "batterijdruk_score": 270.0, "koop_zon_score": 0.2304, "eengezins_zon_score": 0.2196, "betaalkracht_zon_score": 107.064, "overige_brandstof_zon_score": 163.8, "lichte_batterij_kansscore": 0.35167325278750067 }, "geometry": { "type": "MultiPolygon", "coordinates": [ [ [ [ 161469.524, 379512.68 ], [ 161483.0486, 379509.288400000019465 ], [ 161516.019999999989523, 379501.020000000018626 ], [ 161531.72, 379498.599999999976717 ], [ 161535.68, 379503.960000000020955 ], [ 161585.89000000001397, 379507.020000000018626 ], [ 161613.037000000011176, 379505.699000000022352 ], [ 161618.3151, 379505.4422 ], [ 161590.0625, 379320.3126 ], [ 161488.703, 379325.718899999978021 ], [ 161479.9063, 379239.6876 ], [ 161482.1875, 379225.7501 ], [ 161494.4687, 379202.843899999978021 ], [ 161492.640600000013364, 379166.2501 ], [ 161453.828100000013364, 379053.156399999978021 ], [ 161456.7499, 379051.343899999978021 ], [ 161461.5155, 379046.593899999978021 ], [ 161464.078, 379042.5626 ], [ 161465.546899999986636, 379036.343899999978021 ], [ 161467.734399999986636, 379021.343899999978021 ], [ 161468.109399999986636, 378999.7501 ], [ 161468.8438, 378973.281399999978021 ], [ 161467.828100000013364, 378943.781399999978021 ], [ 161466.8125, 378922.7501 ], [ 161463.171899999986636, 378873.8751 ], [ 161461.765600000013364, 378843.5626 ], [ 161461.359399999986636, 378832.8751 ], [ 161462.375, 378826.8126 ], [ 161464.1875, 378819.343899999978021 ], [ 161466.609399999986636, 378811.843899999978021 ], [ 161475.3124, 378794.5001 ], [ 161486.828, 378779.1251 ], [ 161498.953, 378762.781399999978021 ], [ 161503.4062, 378759.1251 ], [ 161508.2655, 378756.5001 ], [ 161516.1405, 378753.281299999973271 ], [ 161548.8905, 378740.9375 ], [ 161554.953, 378737.3126 ], [ 161561.42180000001099, 378732.468899999978021 ], [ 161568.0937, 378725.593899999978021 ], [ 161572.953, 378718.531399999978021 ], [ 161577.1874, 378709.6251 ], [ 161580.421899999986636, 378700.343899999978021 ], [ 161582.859399999986636, 378689.031399999978021 ], [ 161595.390600000013364, 378622.156399999978021 ], [ 161595.796899999986636, 378615.906399999978021 ], [ 161595.390600000013364, 378604.1876 ], [ 161594.171899999986636, 378594.906399999978021 ], [ 161591.75, 378586.406399999978021 ], [ 161583.453, 378569.031399999978021 ], [ 161577.5937, 378558.7501 ], [ 161571.73430000001099, 378547.6251 ], [ 161568.9063, 378541.156299999973271 ], [ 161566.2813, 378533.8751 ], [ 161564.859399999986636, 378527.218899999978021 ], [ 161560.765600000013364, 378505.0 ], [ 161561.890600000013364, 378500.0001 ], [ 161562.890600000013364, 378495.7501 ], [ 161567.23430000001099, 378488.3126 ], [ 161568.48430000001099, 378486.218899999978021 ], [ 161570.1249, 378484.531399999978021 ], [ 161572.328, 378483.0001 ], [ 161588.23430000001099, 378474.1876 ], [ 161603.98430000001099, 378465.843799999973271 ], [ 161605.625, 378460.625 ], [ 161606.5313, 378457.218899999978021 ], [ 161606.890600000013364, 378454.3126 ], [ 161601.5, 378438.6876 ], [ 161599.1563, 378431.5626 ], [ 161597.5313, 378426.093899999978021 ], [ 161596.8438, 378416.1876 ], [ 161597.9063, 378411.656399999978021 ], [ 161599.5312, 378407.8751 ], [ 161601.1249, 378405.1876 ], [ 161604.73430000001099, 378399.406399999978021 ], [ 161607.73430000001099, 378392.718899999978021 ], [ 161609.48430000001099, 378389.1876 ], [ 161610.078100000013364, 378383.281399999978021 ], [ 161610.484399999986636, 378378.343899999978021 ], [ 161609.421899999986636, 378370.7501 ], [ 161608.25, 378364.5626 ], [ 161607.734399999986636, 378360.031399999978021 ], [ 161607.6875, 378357.531399999978021 ], [ 161608.078100000013364, 378347.968899999978021 ], [ 161609.484399999986636, 378339.656399999978021 ], [ 161616.109399999986636, 378308.718899999978021 ], [ 161618.4063, 378285.281399999978021 ], [ 161619.640600000013364, 378275.906399999978021 ], [ 161622.2812, 378271.0626 ], [ 161628.1249, 378265.406399999978021 ], [ 161655.54680000001099, 378254.781299999973271 ], [ 161665.0937, 378249.968799999973271 ], [ 161672.4062, 378245.0 ], [ 161673.890600000013364, 378239.531299999973271 ], [ 161673.859399999986636, 378234.031399999978021 ], [ 161668.4062, 378222.5001 ], [ 161665.7812, 378218.718899999978021 ], [ 161662.1405, 378213.8126 ], [ 161661.0001, 378207.281299999973271 ], [ 161663.92180000001099, 378201.1876 ], [ 161668.23430000001099, 378198.1876 ], [ 161680.7655, 378192.468799999973271 ], [ 161705.078, 378183.0 ], [ 161717.2812, 378177.281299999973271 ], [ 161740.85930000001099, 378160.906299999973271 ], [ 161747.046899999986636, 378145.906299999973271 ], [ 161747.4688, 378139.656399999978021 ], [ 161744.796899999986636, 378124.4376 ], [ 161729.10930000001099, 378088.531399999978021 ], [ 161747.640600000013364, 378074.9376 ], [ 161812.6249, 378083.093899999978021 ], [ 161820.7188, 378052.031399999978021 ], [ 161829.4375, 378018.593899999978021 ], [ 161703.7655, 378000.156399999978021 ], [ 161702.6251, 378000.0001 ], [ 161705.7499, 378005.906399999978021 ], [ 161708.8438, 378013.5625 ], [ 161712.8125, 378034.218899999978021 ], [ 161717.703100000013364, 378049.75 ], [ 161657.328, 378048.406399999978021 ], [ 161655.60930000001099, 378048.343899999978021 ], [ 161622.3905, 378047.5626 ], [ 161615.92180000001099, 378047.406399999978021 ], [ 161602.5155, 378047.093899999978021 ], [ 161582.8437, 378046.906399999978021 ], [ 161576.7655, 378047.0626 ], [ 161566.3437, 378047.656399999978021 ], [ 161555.8124, 378048.6876 ], [ 161551.9687, 378049.156399999978021 ], [ 161532.2187, 378052.1251 ], [ 161527.1249, 378053.218899999978021 ], [ 161517.5155, 378055.656399999978021 ], [ 161478.7499, 377989.593899999978021 ], [ 161445.85930000001099, 377934.656399999978021 ], [ 161415.4999, 377883.531399999978021 ], [ 161406.1875, 377866.0625 ], [ 161403.765600000013364, 377858.3751 ], [ 161402.6563, 377846.781299999973271 ], [ 161396.4374, 377838.281399999978021 ], [ 161368.7187, 377833.156399999978021 ], [ 161388.2188, 377781.5001 ], [ 161403.921899999986636, 377740.156399999978021 ], [ 161413.3437, 377716.906399999978021 ], [ 161178.48430000001099, 377773.8751 ], [ 161056.234399999986636, 377260.281399999978021 ], [ 160987.375, 376970.968899999978021 ], [ 160972.35930000001099, 376918.5001 ], [ 160721.015600000013364, 377134.406299999973271 ], [ 160524.421899999986636, 377316.25 ], [ 160292.4999, 377525.843899999978021 ], [ 160184.3749, 377533.718899999978021 ], [ 160061.7188, 377532.4376 ], [ 160073.734399999986636, 377725.156399999978021 ], [ 160078.8125, 377800.8126 ], [ 160086.1563, 377910.4376 ], [ 160087.0625, 377923.8126 ], [ 160095.796899999986636, 377974.343899999978021 ], [ 160097.5625, 378000.0001 ], [ 160103.0625, 378079.6876 ], [ 160103.765600000013364, 378089.5626 ], [ 160104.4999, 378099.468899999978021 ], [ 160130.5938, 378109.0626 ], [ 160140.5313, 378256.343899999978021 ], [ 160147.109399999986636, 378449.156299999973271 ], [ 160210.7499, 378471.406399999978021 ], [ 160457.8437, 378512.9376 ], [ 160457.421899999986636, 378500.0001 ], [ 160457.046899999986636, 378467.4376 ], [ 160457.0, 378454.6251 ], [ 160457.3438, 378448.6251 ], [ 160458.3438, 378436.6251 ], [ 160459.421899999986636, 378426.0626 ], [ 160459.734399999986636, 378423.8751 ], [ 160471.5625, 378423.6875 ], [ 160469.140600000013364, 378463.375 ], [ 160498.0625, 378462.9375 ], [ 160523.1405, 378462.593899999978021 ], [ 160551.5938, 378462.156399999978021 ], [ 160552.10930000001099, 378487.218799999973271 ], [ 160600.296899999986636, 378496.625 ], [ 160582.75, 378526.843799999973271 ], [ 160582.0313, 378527.781299999973271 ], [ 160607.10930000001099, 378534.656399999978021 ], [ 160630.5312, 378553.3126 ], [ 160643.2655, 378534.093899999978021 ], [ 160648.85930000001099, 378525.656399999978021 ], [ 160666.4374, 378538.5001 ], [ 160682.1563, 378550.0 ], [ 160665.859399999986636, 378575.625 ], [ 160663.578100000013364, 378578.781299999973271 ], [ 160669.6874, 378583.906399999978021 ], [ 160687.42180000001099, 378554.0001 ], [ 160707.0624, 378569.218899999978021 ], [ 160720.04680000001099, 378579.281399999978021 ], [ 160724.0312, 378582.343899999978021 ], [ 160731.203, 378586.6876 ], [ 160730.8125, 378587.406299999973271 ], [ 160733.0624, 378588.7501 ], [ 160739.8749, 378592.843899999978021 ], [ 160748.8124, 378598.1876 ], [ 160757.8749, 378603.656399999978021 ], [ 160769.92180000001099, 378610.8751 ], [ 160753.25, 378637.9375 ], [ 160767.23430000001099, 378645.4376 ], [ 160774.1562, 378633.281399999978021 ], [ 160792.828, 378644.5001 ], [ 160805.92180000001099, 378651.968899999978021 ], [ 160811.1562, 378643.281399999978021 ], [ 160816.6874, 378634.281399999978021 ], [ 160822.73430000001099, 378624.406399999978021 ], [ 160848.0624, 378638.718899999978021 ], [ 160853.203, 378641.656399999978021 ], [ 160832.765600000013364, 378674.843799999973271 ], [ 160875.328, 378691.1876 ], [ 160866.26569999998901, 378698.906299999973271 ], [ 160895.171899999986636, 378707.156299999973271 ], [ 160888.140600000013364, 378731.1875 ], [ 160902.7499, 378736.281399999978021 ], [ 160914.2499, 378740.468899999978021 ], [ 160924.3749, 378743.3751 ], [ 160954.140600000013364, 378751.875 ], [ 160950.546899999986636, 378763.156299999973271 ], [ 160966.984399999986636, 378768.4376 ], [ 160967.2499, 378770.875 ], [ 160981.2655, 378770.8126 ], [ 160981.390600000013364, 378752.0626 ], [ 161012.3438, 378755.1875 ], [ 161004.453100000013364, 378821.468799999973271 ], [ 161044.35930000001099, 378843.3126 ], [ 161048.8124, 378844.968899999978021 ], [ 161050.0625, 378833.8751 ], [ 161053.1563, 378806.2501 ], [ 161057.2812, 378806.3751 ], [ 161065.29680000001099, 378808.0626 ], [ 161070.4999, 378809.1876 ], [ 161075.109399999986636, 378810.156299999973271 ], [ 161074.8438, 378811.25 ], [ 161149.625, 378827.25 ], [ 161147.828100000013364, 378841.5 ], [ 161169.3438, 378844.593899999978021 ], [ 161161.6875, 378873.781299999973271 ], [ 161153.953100000013364, 378922.8125 ], [ 161152.203100000013364, 378946.5 ], [ 161157.9688, 378991.593799999973271 ], [ 161158.546899999986636, 379000.0 ], [ 161162.328, 379049.718799999973271 ], [ 161188.5155, 379052.968899999978021 ], [ 161188.8749, 379064.781299999973271 ], [ 161170.5155, 379062.6876 ], [ 161166.484399999986636, 379070.375 ], [ 161144.375, 379142.5 ], [ 161164.7499, 379148.0001 ], [ 161169.4687, 379149.3126 ], [ 161190.0312, 379152.3126 ], [ 161194.9063, 379135.1876 ], [ 161196.390600000013364, 379128.8126 ], [ 161197.9375, 379121.031399999978021 ], [ 161234.953, 379127.218899999978021 ], [ 161235.3438, 379092.0626 ], [ 161235.0313, 379053.843899999978021 ], [ 161262.1874, 379055.281399999978021 ], [ 161324.2812, 379058.1251 ], [ 161340.75, 379058.75 ], [ 161336.6874, 379133.6875 ], [ 161374.4063, 379136.0 ], [ 161367.9688, 379154.75 ], [ 161360.796899999986636, 379169.375 ], [ 161348.609399999986636, 379185.843799999973271 ], [ 161362.48430000001099, 379184.093899999978021 ], [ 161411.0312, 379177.156399999978021 ], [ 161429.7813, 379174.468899999978021 ], [ 161434.8124, 379206.218799999973271 ], [ 161380.6875, 379214.4375 ], [ 161381.796899999986636, 379221.1875 ], [ 161385.859399999986636, 379245.625 ], [ 161388.3125, 379260.406299999973271 ], [ 161391.3905, 379278.968899999978021 ], [ 161396.79680000001099, 379287.281399999978021 ], [ 161437.234399999986636, 379284.0001 ], [ 161445.4688, 379348.125 ], [ 161449.625, 379390.093799999973271 ], [ 161453.109399999986636, 379425.531299999973271 ], [ 161460.5625, 379500.0 ], [ 161461.9977, 379514.3516 ], [ 161462.018099999986589, 379514.5627 ], [ 161469.524, 379512.68 ] ] ] ] } },
{ "type": "Feature", "properties": { "buurtcode": "BU08660002", "buurtnaam": "Voldijn", "pc6_codes": "5582AA, 5582AB, 5582AC, 5582AD, 5582AE, 5582AG, 5582AH, 5582AJ, 5582AK, 5582AL, 5582AM, 5582AN, 5582AR, 5582AS, 5582AT, 5582AV, 5582AW, 5582AX, 5582AZ, 5582BA, 5582BB, 5582BC, 5582BE, 5582BG, 5582BH, 5582BJ, 5582BK, 5582BL, 5582BM, 5582BN, 5582BP, 5582BR, 5582BS, 5582BT, 5582BV, 5582BW, 5582BX, 5582BZ, 5582CA, 5582CB, 5582CC, 5582CD, 5582CE, 5582CG, 5582CH, 5582CJ, 5582CK, 5582CL, 5582CM, 5582CN, 5582DA, 5582EA, 5582EB, 5582EC, 5582ED, 5582EE, 5582EG, 5582EH, 5582EN, 5582EP, 5582ER, 5582GA, 5582GB, 5582GC, 5582GD, 5582GE, 5582GG, 5582GH, 5582GJ, 5582GK, 5582GL, 5582GM, 5582GN, 5582GV, 5582GW, 5582GZ, 5582HA, 5582HB, 5582HD, 5582HG, 5582HK, 5582HL, 5582HZ, 5582LA", "wijkcode": "WK086600", "gemeentecode": "GM0866", "gemeentenaam": "Waalre", "oppervlakteLandInHa": 108, "AantalInwoners_5": 2915, "Mannen_6": 1450, "Vrouwen_7": 1465, "HuishoudensTotaal_29": 1315, "GemiddeldeHuishoudensgrootte_33": 2.2, "Woningvoorraad_35": 1317, "NieuwbouwWoningen_36": 1, "NietWoningvoorraad_37": 134, "NieuwbouwNietWoningen_38": 0, "GemiddeldeWOZWaardeVanWoningen_39": 456, "PercentageEengezinswoning_40": 87, "PercentageTussenwoningEengezins_41": 42, "PercentageHoekwoningEengezins_42": 21, "PercentageTweeOnderEenKapWoningEe_43": 14, "PercentageVrijstaandeWoningEengezins_44": 10, "PercentageMeergezinswoning_45": 13, "Koopwoningen_47": 68, "HuurwoningenTotaal_48": 32, "InBezitWoningcorporatie_49": 29, "InBezitOverigeVerhuurders_50": 3, "BouwjaarMeerDanTienJaarGeleden_51": 95, "BouwjaarAfgelopenTienJaar_52": 5, "GemiddeldeElektriciteitslevering_53": 2830, "GemiddeldeElektriciteitsteruglevering_54": 1010, "GemiddeldAardgasverbruik_55": 1120, "AardgasvrijeWoningen_57": 5, "Aardgaswoningen_58": 90, "WoningenMetZonnestroom_59": 49, "WoningenHoofdzElektrVerwarmd_60": 10, "k_20PersonenMetHoogsteInkomen_80": 27.2, "k_20HuishoudensMetHoogsteInkomen_85": 27.7, "MediaanVermogenVanParticuliereHuish_86": 319.9, "PersonenautoSTotaal_104": 1555, "PersonenautoSBrandstofBenzine_105": 1225, "PersonenautoSOverigeBrandstof_106": 330, "PersonenautoSPerHuishouden_107": 1.2, "Omgevingsadressendichtheid_121": 887, "AantalInstallatiesBijWoningen_5": 450, "OpgesteldVermogenVanZonnepanelen_6": 1882, "installaties_per_woning": 0.34168564920273348, "vermogen_per_woning": 1.4290053151100988, "installaties_per_100_woningen": 34.168564920273347, "vermogen_per_huishouden": 1.4311787072243345, "batterijdruk_score": 494.9, "koop_zon_score": 0.3332, "eengezins_zon_score": 0.4263, "betaalkracht_zon_score": 156.751, "overige_brandstof_zon_score": 161.7, "lichte_batterij_kansscore": 0.44297130228493264 }, "geometry": { "type": "MultiPolygon", "coordinates": [ [ [ [ 160761.528, 379580.707999999984168 ], [ 160840.823, 379578.81 ], [ 160842.924999999988358, 379572.395000000018626 ], [ 160870.69, 379577.778999999980442 ], [ 160952.378, 379573.449000000022352 ], [ 160954.51, 379565.836000000010245 ], [ 160977.486, 379572.00199999997858 ], [ 160985.451, 379574.13900000002468 ], [ 160986.636999999987893, 379569.726000000024214 ], [ 160992.712, 379569.13900000002468 ], [ 160997.644, 379568.662000000011176 ], [ 161003.325000000011642, 379568.113000000012107 ], [ 161006.581, 379567.798 ], [ 161090.122, 379559.726000000024214 ], [ 161099.646, 379558.26500000001397 ], [ 161203.321999999985565, 379542.358 ], [ 161206.074, 379541.935999999986961 ], [ 161217.185999999986961, 379540.231000000028871 ], [ 161243.16, 379536.245999999984633 ], [ 161244.226, 379528.333999999973457 ], [ 161247.261, 379528.712999999988824 ], [ 161251.230000000010477, 379529.208999999973457 ], [ 161255.658, 379529.762600000016391 ], [ 161265.844000000011874, 379531.036000000021886 ], [ 161267.636, 379531.26 ], [ 161278.029, 379532.56 ], [ 161304.135, 379535.824000000022352 ], [ 161310.314000000013039, 379529.028 ], [ 161311.883, 379528.891 ], [ 161441.834, 379517.566 ], [ 161442.234, 379517.531000000017229 ], [ 161462.013, 379514.564000000013039 ], [ 161462.018099999986589, 379514.5627 ], [ 161461.9977, 379514.3516 ], [ 161460.5625, 379500.0 ], [ 161453.109399999986636, 379425.531299999973271 ], [ 161449.625, 379390.093799999973271 ], [ 161445.4688, 379348.125 ], [ 161437.234399999986636, 379284.0001 ], [ 161396.79680000001099, 379287.281399999978021 ], [ 161391.3905, 379278.968899999978021 ], [ 161388.3125, 379260.406299999973271 ], [ 161385.859399999986636, 379245.625 ], [ 161381.796899999986636, 379221.1875 ], [ 161380.6875, 379214.4375 ], [ 161434.8124, 379206.218799999973271 ], [ 161429.7813, 379174.468899999978021 ], [ 161411.0312, 379177.156399999978021 ], [ 161362.48430000001099, 379184.093899999978021 ], [ 161348.609399999986636, 379185.843799999973271 ], [ 161360.796899999986636, 379169.375 ], [ 161367.9688, 379154.75 ], [ 161374.4063, 379136.0 ], [ 161336.6874, 379133.6875 ], [ 161340.75, 379058.75 ], [ 161324.2812, 379058.1251 ], [ 161262.1874, 379055.281399999978021 ], [ 161235.0313, 379053.843899999978021 ], [ 161235.3438, 379092.0626 ], [ 161234.953, 379127.218899999978021 ], [ 161197.9375, 379121.031399999978021 ], [ 161196.390600000013364, 379128.8126 ], [ 161194.9063, 379135.1876 ], [ 161190.0312, 379152.3126 ], [ 161169.4687, 379149.3126 ], [ 161164.7499, 379148.0001 ], [ 161144.375, 379142.5 ], [ 161166.484399999986636, 379070.375 ], [ 161170.5155, 379062.6876 ], [ 161188.8749, 379064.781299999973271 ], [ 161188.5155, 379052.968899999978021 ], [ 161162.328, 379049.718799999973271 ], [ 161158.546899999986636, 379000.0 ], [ 161157.9688, 378991.593799999973271 ], [ 161152.203100000013364, 378946.5 ], [ 161153.953100000013364, 378922.8125 ], [ 161161.6875, 378873.781299999973271 ], [ 161169.3438, 378844.593899999978021 ], [ 161147.828100000013364, 378841.5 ], [ 161149.625, 378827.25 ], [ 161074.8438, 378811.25 ], [ 161075.109399999986636, 378810.156299999973271 ], [ 161070.4999, 378809.1876 ], [ 161065.29680000001099, 378808.0626 ], [ 161057.2812, 378806.3751 ], [ 161053.1563, 378806.2501 ], [ 161050.0625, 378833.8751 ], [ 161048.8124, 378844.968899999978021 ], [ 161044.35930000001099, 378843.3126 ], [ 161004.453100000013364, 378821.468799999973271 ], [ 161012.3438, 378755.1875 ], [ 160981.390600000013364, 378752.0626 ], [ 160981.2655, 378770.8126 ], [ 160967.2499, 378770.875 ], [ 160966.984399999986636, 378768.4376 ], [ 160950.546899999986636, 378763.156299999973271 ], [ 160954.140600000013364, 378751.875 ], [ 160924.3749, 378743.3751 ], [ 160914.2499, 378740.468899999978021 ], [ 160902.7499, 378736.281399999978021 ], [ 160888.140600000013364, 378731.1875 ], [ 160895.171899999986636, 378707.156299999973271 ], [ 160866.26569999998901, 378698.906299999973271 ], [ 160875.328, 378691.1876 ], [ 160832.765600000013364, 378674.843799999973271 ], [ 160853.203, 378641.656399999978021 ], [ 160848.0624, 378638.718899999978021 ], [ 160822.73430000001099, 378624.406399999978021 ], [ 160816.6874, 378634.281399999978021 ], [ 160811.1562, 378643.281399999978021 ], [ 160805.92180000001099, 378651.968899999978021 ], [ 160792.828, 378644.5001 ], [ 160774.1562, 378633.281399999978021 ], [ 160767.23430000001099, 378645.4376 ], [ 160753.25, 378637.9375 ], [ 160769.92180000001099, 378610.8751 ], [ 160757.8749, 378603.656399999978021 ], [ 160748.8124, 378598.1876 ], [ 160739.8749, 378592.843899999978021 ], [ 160733.0624, 378588.7501 ], [ 160730.8125, 378587.406299999973271 ], [ 160731.203, 378586.6876 ], [ 160724.0312, 378582.343899999978021 ], [ 160720.04680000001099, 378579.281399999978021 ], [ 160707.0624, 378569.218899999978021 ], [ 160687.42180000001099, 378554.0001 ], [ 160669.6874, 378583.906399999978021 ], [ 160663.578100000013364, 378578.781299999973271 ], [ 160665.859399999986636, 378575.625 ], [ 160682.1563, 378550.0 ], [ 160666.4374, 378538.5001 ], [ 160648.85930000001099, 378525.656399999978021 ], [ 160643.2655, 378534.093899999978021 ], [ 160630.5312, 378553.3126 ], [ 160607.10930000001099, 378534.656399999978021 ], [ 160582.0313, 378527.781299999973271 ], [ 160582.75, 378526.843799999973271 ], [ 160600.296899999986636, 378496.625 ], [ 160552.10930000001099, 378487.218799999973271 ], [ 160551.5938, 378462.156399999978021 ], [ 160523.1405, 378462.593899999978021 ], [ 160498.0625, 378462.9375 ], [ 160469.140600000013364, 378463.375 ], [ 160471.5625, 378423.6875 ], [ 160459.734399999986636, 378423.8751 ], [ 160459.421899999986636, 378426.0626 ], [ 160458.3438, 378436.6251 ], [ 160457.3438, 378448.6251 ], [ 160457.0, 378454.6251 ], [ 160457.046899999986636, 378467.4376 ], [ 160457.421899999986636, 378500.0001 ], [ 160457.8437, 378512.9376 ], [ 160210.7499, 378471.406399999978021 ], [ 160147.109399999986636, 378449.156299999973271 ], [ 160167.609399999986636, 379049.8125 ], [ 160171.2812, 379103.843799999973271 ], [ 160093.0313, 379136.8126 ], [ 160124.1875, 379197.3125 ], [ 160176.953100000013364, 379391.343799999973271 ], [ 160181.2188, 379417.375 ], [ 160187.9688, 379500.0 ], [ 160188.0294, 379500.813199999975041 ], [ 160190.7942, 379537.926199999987148 ], [ 160190.799, 379537.925999999977648 ], [ 160200.089, 379537.452999999979511 ], [ 160203.164500000013504, 379537.287200000020675 ], [ 160214.721, 379536.663999999989755 ], [ 160242.446999999985565, 379535.25199999997858 ], [ 160267.446, 379552.494 ], [ 160296.903, 379572.811999999976251 ], [ 160379.916, 379575.004000000015367 ], [ 160432.858, 379575.946999999985565 ], [ 160540.491, 379576.711000000010245 ], [ 160648.623, 379575.98499999998603 ], [ 160649.956, 379573.577999999979511 ], [ 160653.415, 379567.615 ], [ 160660.353, 379555.652 ], [ 160665.62, 379546.647999999986496 ], [ 160690.969000000011874, 379564.756 ], [ 160693.269, 379566.511 ], [ 160701.527, 379572.813000000023749 ], [ 160713.315, 379581.141 ], [ 160714.047, 379581.843999999982771 ], [ 160761.528, 379580.707999999984168 ] ] ] ] } },
{ "type": "Feature", "properties": { "buurtcode": "BU08660003", "buurtnaam": "Ekenrooi", "pc6_codes": "5583CA, 5583CB, 5583CC, 5583CD, 5583CE, 5583CG, 5583CH, 5583CJ, 5583CK, 5583CL, 5583CM, 5583CN, 5583CP, 5583CR, 5583CS, 5583CW, 5583EA, 5583EB, 5583EC, 5583ED, 5583EE, 5583EG, 5583EH, 5583EJ, 5583EK, 5583EL, 5583EM, 5583ER, 5583ET, 5583EV, 5583EW, 5583EX, 5583EZ, 5583GA, 5583GB, 5583GC, 5583GD, 5583GE, 5583GG, 5583GH, 5583GJ, 5583GK, 5583GL, 5583GM, 5583GN, 5583GP, 5583GR, 5583GS, 5583GT, 5583GV, 5583GW, 5583GX, 5583GZ, 5583TA, 5583TD, 5583TE, 5583TG, 5583TH, 5583TJ, 5583TK, 5583TL, 5583VA, 5583VB, 5583VC, 5583XA, 5583XB, 5583XC, 5583XD, 5583XE, 5583XG, 5583XH, 5583XJ, 5583XK, 5583XL, 5583XM, 5583XN, 5583XP, 5583XR, 5583XS, 5583XT, 5583XV, 5583XW, 5583XX, 5583ZA, 5583ZB, 5583ZC, 5583ZD, 5583ZE, 5583ZG, 5583ZH, 5583ZJ, 5583ZK, 5583ZL", "wijkcode": "WK086600", "gemeentecode": "GM0866", "gemeentenaam": "Waalre", "oppervlakteLandInHa": 104, "AantalInwoners_5": 3895, "Mannen_6": 1945, "Vrouwen_7": 1945, "HuishoudensTotaal_29": 1650, "GemiddeldeHuishoudensgrootte_33": 2.4, "Woningvoorraad_35": 1634, "NieuwbouwWoningen_36": 1, "NietWoningvoorraad_37": 84, "NieuwbouwNietWoningen_38": 0, "GemiddeldeWOZWaardeVanWoningen_39": 483, "PercentageEengezinswoning_40": 97, "PercentageTussenwoningEengezins_41": 54, "PercentageHoekwoningEengezins_42": 25, "PercentageTweeOnderEenKapWoningEe_43": 8, "PercentageVrijstaandeWoningEengezins_44": 10, "PercentageMeergezinswoning_45": 3, "Koopwoningen_47": 85, "HuurwoningenTotaal_48": 15, "InBezitWoningcorporatie_49": 11, "InBezitOverigeVerhuurders_50": 3, "BouwjaarMeerDanTienJaarGeleden_51": 98, "BouwjaarAfgelopenTienJaar_52": 2, "GemiddeldeElektriciteitslevering_53": 2930, "GemiddeldeElektriciteitsteruglevering_54": 1210, "GemiddeldAardgasverbruik_55": 1030, "AardgasvrijeWoningen_57": 2, "Aardgaswoningen_58": 90, "WoningenMetZonnestroom_59": 54, "WoningenHoofdzElektrVerwarmd_60": 10, "k_20PersonenMetHoogsteInkomen_80": 29.7, "k_20HuishoudensMetHoogsteInkomen_85": 33.0, "MediaanVermogenVanParticuliereHuish_86": 401.7, "PersonenautoSTotaal_104": 2065, "PersonenautoSBrandstofBenzine_105": 1630, "PersonenautoSOverigeBrandstof_106": 435, "PersonenautoSPerHuishouden_107": 1.3, "Omgevingsadressendichtheid_121": 890, "AantalInstallatiesBijWoningen_5": 660, "OpgesteldVermogenVanZonnepanelen_6": 2752, "installaties_per_woning": 0.40391676866585069, "vermogen_per_woning": 1.6842105263157894, "installaties_per_100_woningen": 40.391676866585073, "vermogen_per_huishouden": 1.667878787878788, "batterijdruk_score": 653.4, "koop_zon_score": 0.459, "eengezins_zon_score": 0.5238, "betaalkracht_zon_score": 216.918, "overige_brandstof_zon_score": 234.9, "lichte_batterij_kansscore": 0.51459597678212599 }, "geometry": { "type": "MultiPolygon", "coordinates": [ [ [ [ 161503.2812, 379198.4375 ], [ 161548.8124, 379181.375 ], [ 161564.7187, 379176.031299999973271 ], [ 161578.48430000001099, 379171.8125 ], [ 161602.9062, 379166.4376 ], [ 161680.5937, 379157.5001 ], [ 161702.4374, 379155.093899999978021 ], [ 161751.953, 379149.906399999978021 ], [ 161776.9374, 379148.5001 ], [ 161862.1249, 379155.7501 ], [ 161929.54680000001099, 379167.5626 ], [ 161999.9999, 379181.843899999978021 ], [ 162064.3124, 379193.7501 ], [ 162089.4062, 379196.8126 ], [ 162114.67180000001099, 379197.156399999978021 ], [ 162156.9999, 379193.906399999978021 ], [ 162180.3437, 379190.656399999978021 ], [ 162197.8905, 379186.8751 ], [ 162208.6249, 379184.6876 ], [ 162229.7655, 379179.656399999978021 ], [ 162258.0937, 379172.1876 ], [ 162263.078100000013364, 379170.875 ], [ 162296.0312, 379161.156299999973271 ], [ 162318.6562, 379154.125 ], [ 162340.6405, 379146.9375 ], [ 162353.3437, 379142.75 ], [ 162369.35930000001099, 379136.6875 ], [ 162384.54680000001099, 379130.781299999973271 ], [ 162399.0937, 379124.4375 ], [ 162408.8124, 379119.781299999973271 ], [ 162417.9687, 379114.968899999978021 ], [ 162458.5937, 379093.468899999978021 ], [ 162475.54680000001099, 379084.843799999973271 ], [ 162545.2187, 379057.968799999973271 ], [ 162614.9374, 379031.093799999973271 ], [ 162694.828, 379000.0 ], [ 162699.0937, 378998.343799999973271 ], [ 162734.79680000001099, 378984.281299999973271 ], [ 162746.3749, 378981.468899999978021 ], [ 162752.421899999986636, 378724.5001 ], [ 162465.54680000001099, 378751.6876 ], [ 162469.7187, 378277.5625 ], [ 162270.8437, 378368.3126 ], [ 162273.953100000013364, 378241.093899999978021 ], [ 162284.6249, 378235.593799999973271 ], [ 162292.375, 378179.906299999973271 ], [ 162302.1875, 378106.468899999978021 ], [ 162300.8438, 378082.0001 ], [ 162297.6563, 378060.656399999978021 ], [ 162297.1875, 378018.531399999978021 ], [ 162279.17180000001099, 378015.0001 ], [ 162263.453, 378011.968899999978021 ], [ 162228.79680000001099, 378002.4376 ], [ 162219.953, 378000.0001 ], [ 162198.328, 377994.0626 ], [ 162197.2499, 377993.7501 ], [ 162183.9687, 377990.093899999978021 ], [ 162183.3125, 377991.843799999973271 ], [ 162161.4687, 377983.656399999978021 ], [ 162156.4374, 377981.718899999978021 ], [ 162139.67180000001099, 377975.3126 ], [ 162071.5937, 377949.281399999978021 ], [ 162067.6405, 377947.5001 ], [ 162064.9375, 377952.406299999973271 ], [ 162009.765600000013364, 378052.968799999973271 ], [ 161999.9999, 378053.406399999978021 ], [ 161972.3437, 378054.593899999978021 ], [ 161956.4374, 378055.1251 ], [ 161940.85930000001099, 378055.0001 ], [ 161931.328, 378054.7501 ], [ 161922.1562, 378054.5001 ], [ 161916.0937, 378054.3126 ], [ 161910.67180000001099, 378054.1876 ], [ 161891.10930000001099, 378053.781399999978021 ], [ 161828.828, 378052.406399999978021 ], [ 161822.4062, 378052.1251 ], [ 161820.7188, 378052.031399999978021 ], [ 161812.6249, 378083.093899999978021 ], [ 161747.640600000013364, 378074.9376 ], [ 161729.10930000001099, 378088.531399999978021 ], [ 161744.796899999986636, 378124.4376 ], [ 161747.4688, 378139.656399999978021 ], [ 161747.046899999986636, 378145.906299999973271 ], [ 161740.85930000001099, 378160.906299999973271 ], [ 161717.2812, 378177.281299999973271 ], [ 161705.078, 378183.0 ], [ 161680.7655, 378192.468799999973271 ], [ 161668.23430000001099, 378198.1876 ], [ 161663.92180000001099, 378201.1876 ], [ 161661.0001, 378207.281299999973271 ], [ 161662.1405, 378213.8126 ], [ 161665.7812, 378218.718899999978021 ], [ 161668.4062, 378222.5001 ], [ 161673.859399999986636, 378234.031399999978021 ], [ 161673.890600000013364, 378239.531299999973271 ], [ 161672.4062, 378245.0 ], [ 161665.0937, 378249.968799999973271 ], [ 161655.54680000001099, 378254.781299999973271 ], [ 161628.1249, 378265.406399999978021 ], [ 161622.2812, 378271.0626 ], [ 161619.640600000013364, 378275.906399999978021 ], [ 161618.4063, 378285.281399999978021 ], [ 161616.109399999986636, 378308.718899999978021 ], [ 161609.484399999986636, 378339.656399999978021 ], [ 161608.078100000013364, 378347.968899999978021 ], [ 161607.6875, 378357.531399999978021 ], [ 161607.734399999986636, 378360.031399999978021 ], [ 161608.25, 378364.5626 ], [ 161609.421899999986636, 378370.7501 ], [ 161610.484399999986636, 378378.343899999978021 ], [ 161610.078100000013364, 378383.281399999978021 ], [ 161609.48430000001099, 378389.1876 ], [ 161607.73430000001099, 378392.718899999978021 ], [ 161604.73430000001099, 378399.406399999978021 ], [ 161601.1249, 378405.1876 ], [ 161599.5312, 378407.8751 ], [ 161597.9063, 378411.656399999978021 ], [ 161596.8438, 378416.1876 ], [ 161597.5313, 378426.093899999978021 ], [ 161599.1563, 378431.5626 ], [ 161601.5, 378438.6876 ], [ 161606.890600000013364, 378454.3126 ], [ 161606.5313, 378457.218899999978021 ], [ 161605.625, 378460.625 ], [ 161603.98430000001099, 378465.843799999973271 ], [ 161588.23430000001099, 378474.1876 ], [ 161572.328, 378483.0001 ], [ 161570.1249, 378484.531399999978021 ], [ 161568.48430000001099, 378486.218899999978021 ], [ 161567.23430000001099, 378488.3126 ], [ 161562.890600000013364, 378495.7501 ], [ 161561.890600000013364, 378500.0001 ], [ 161560.765600000013364, 378505.0 ], [ 161564.859399999986636, 378527.218899999978021 ], [ 161566.2813, 378533.8751 ], [ 161568.9063, 378541.156299999973271 ], [ 161571.73430000001099, 378547.6251 ], [ 161577.5937, 378558.7501 ], [ 161583.453, 378569.031399999978021 ], [ 161591.75, 378586.406399999978021 ], [ 161594.171899999986636, 378594.906399999978021 ], [ 161595.390600000013364, 378604.1876 ], [ 161595.796899999986636, 378615.906399999978021 ], [ 161595.390600000013364, 378622.156399999978021 ], [ 161582.859399999986636, 378689.031399999978021 ], [ 161580.421899999986636, 378700.343899999978021 ], [ 161577.1874, 378709.6251 ], [ 161572.953, 378718.531399999978021 ], [ 161568.0937, 378725.593899999978021 ], [ 161561.42180000001099, 378732.468899999978021 ], [ 161554.953, 378737.3126 ], [ 161548.8905, 378740.9375 ], [ 161516.1405, 378753.281299999973271 ], [ 161508.2655, 378756.5001 ], [ 161503.4062, 378759.1251 ], [ 161498.953, 378762.781399999978021 ], [ 161486.828, 378779.1251 ], [ 161475.3124, 378794.5001 ], [ 161466.609399999986636, 378811.843899999978021 ], [ 161464.1875, 378819.343899999978021 ], [ 161462.375, 378826.8126 ], [ 161461.359399999986636, 378832.8751 ], [ 161461.765600000013364, 378843.5626 ], [ 161463.171899999986636, 378873.8751 ], [ 161466.8125, 378922.7501 ], [ 161467.828100000013364, 378943.781399999978021 ], [ 161468.8438, 378973.281399999978021 ], [ 161468.109399999986636, 378999.7501 ], [ 161467.734399999986636, 379021.343899999978021 ], [ 161465.546899999986636, 379036.343899999978021 ], [ 161464.078, 379042.5626 ], [ 161461.5155, 379046.593899999978021 ], [ 161456.7499, 379051.343899999978021 ], [ 161453.828100000013364, 379053.156399999978021 ], [ 161492.640600000013364, 379166.2501 ], [ 161494.4687, 379202.843899999978021 ], [ 161503.2812, 379198.4375 ] ] ] ] } },
{ "type": "Feature", "properties": { "buurtcode": "BU08660009", "buurtnaam": "Verspreide huizen", "pc6_codes": "5581BG, 5581CZ, 5581KB, 5581KC, 5581VA, 5581VB, 5581VC, 5581VD, 5581VJ, 5581VK, 5581VL, 5581VM, 5581VS, 5581VT, 5581VW, 5581VX, 5581WS, 5581XA, 5581XB, 5581XC, 5581XD, 5581XE, 5581XG, 5581XH, 5581XN, 5581XS, 5582VA, 5582VB, 5582VC, 5582VD, 5583AA, 5583CT, 5583TB, 5583TC, 5583TH, 5583WB", "wijkcode": "WK086600", "gemeentecode": "GM0866", "gemeentenaam": "Waalre", "oppervlakteLandInHa": 1587, "AantalInwoners_5": 555, "Mannen_6": 295, "Vrouwen_7": 260, "HuishoudensTotaal_29": 215, "GemiddeldeHuishoudensgrootte_33": 2.6, "Woningvoorraad_35": 226, "NieuwbouwWoningen_36": 0, "NietWoningvoorraad_37": 41, "NieuwbouwNietWoningen_38": 2, "GemiddeldeWOZWaardeVanWoningen_39": 866, "PercentageEengezinswoning_40": 93, "PercentageTussenwoningEengezins_41": 4, "PercentageHoekwoningEengezins_42": 5, "PercentageTweeOnderEenKapWoningEe_43": 8, "PercentageVrijstaandeWoningEengezins_44": 76, "PercentageMeergezinswoning_45": 7, "Koopwoningen_47": 79, "HuurwoningenTotaal_48": 21, "InBezitWoningcorporatie_49": 0, "InBezitOverigeVerhuurders_50": 21, "BouwjaarMeerDanTienJaarGeleden_51": 58, "BouwjaarAfgelopenTienJaar_52": 42, "GemiddeldeElektriciteitslevering_53": 4790, "GemiddeldeElektriciteitsteruglevering_54": 2420, "GemiddeldAardgasverbruik_55": 1210, "AardgasvrijeWoningen_57": 26, "Aardgaswoningen_58": 50, "WoningenMetZonnestroom_59": 54, "WoningenHoofdzElektrVerwarmd_60": 33, "k_20PersonenMetHoogsteInkomen_80": 37.9, "k_20HuishoudensMetHoogsteInkomen_85": 54.9, "MediaanVermogenVanParticuliereHuish_86": 786.7, "PersonenautoSTotaal_104": 365, "PersonenautoSBrandstofBenzine_105": 260, "PersonenautoSOverigeBrandstof_106": 105, "PersonenautoSPerHuishouden_107": 1.7, "Omgevingsadressendichtheid_121": 326, "AantalInstallatiesBijWoningen_5": 88, "OpgesteldVermogenVanZonnepanelen_6": 651, "installaties_per_woning": 0.38938053097345132, "vermogen_per_woning": 2.8805309734513274, "installaties_per_100_woningen": 38.938053097345133, "vermogen_per_huishouden": 3.0279069767441862, "batterijdruk_score": 1306.8, "koop_zon_score": 0.4266, "eengezins_zon_score": 0.5022, "betaalkracht_zon_score": 424.818, "overige_brandstof_zon_score": 56.7, "lichte_batterij_kansscore": 0.52369393856645741 }, "geometry": { "type": "MultiPolygon", "coordinates": [ [ [ [ 159616.885, 379567.516 ], [ 159625.403, 379567.723999999987427 ], [ 159741.248, 379570.545999999972992 ], [ 159941.351, 379569.723 ], [ 160041.394999999989523, 379569.560999999986961 ], [ 160093.416, 379569.537000000011176 ], [ 160121.364, 379552.851000000024214 ], [ 160121.535, 379552.74900000001071 ], [ 160122.136, 379552.39000000001397 ], [ 160117.026000000012573, 379541.683000000019092 ], [ 160127.261, 379541.162000000011176 ], [ 160190.7942, 379537.926199999987148 ], [ 160188.0294, 379500.813199999975041 ], [ 160187.9688, 379500.0 ], [ 160181.2188, 379417.375 ], [ 160176.953100000013364, 379391.343799999973271 ], [ 160124.1875, 379197.3125 ], [ 160093.0313, 379136.8126 ], [ 160171.2812, 379103.843799999973271 ], [ 160167.609399999986636, 379049.8125 ], [ 160147.109399999986636, 378449.156299999973271 ], [ 160140.5313, 378256.343899999978021 ], [ 160058.4999, 378264.8751 ], [ 159999.9999, 378271.6251 ], [ 159886.8437, 378284.281399999978021 ], [ 159711.6874, 378303.8126 ], [ 159549.35930000001099, 378321.593899999978021 ], [ 159539.1405, 378322.6876 ], [ 159541.60930000001099, 378328.156399999978021 ], [ 159517.5155, 378341.3751 ], [ 159501.2655, 378350.281399999978021 ], [ 159488.4687, 378360.5001 ], [ 159477.4687, 378368.593899999978021 ], [ 159384.67180000001099, 378500.0001 ], [ 159320.7655, 378590.468899999978021 ], [ 159311.953, 378601.906399999978021 ], [ 159280.0312, 378574.531399999978021 ], [ 159221.9999, 378527.718899999978021 ], [ 159127.9999, 378449.1876 ], [ 159091.35930000001099, 378508.3126 ], [ 158889.1874, 378788.2501 ], [ 158771.9999, 378749.031399999978021 ], [ 158764.7187, 378765.968899999978021 ], [ 158718.3437, 378883.281399999978021 ], [ 158672.1562, 378863.9376 ], [ 158669.015600000013364, 378836.1251 ], [ 158552.046899999986636, 378749.875 ], [ 158596.17180000001099, 378688.0001 ], [ 158489.0937, 378610.0001 ], [ 158479.3749, 378602.906399999978021 ], [ 158440.265600000013364, 378574.406299999973271 ], [ 158520.0625, 378500.0 ], [ 158546.109399999986636, 378475.718799999973271 ], [ 158553.984399999986636, 378468.281299999973271 ], [ 158588.5312, 378437.968899999978021 ], [ 158572.5937, 378419.781399999978021 ], [ 158567.79680000001099, 378414.343899999978021 ], [ 158540.10930000001099, 378382.781399999978021 ], [ 158523.5, 378363.656299999973271 ], [ 158516.7813, 378340.343899999978021 ], [ 158514.140600000013364, 378340.25 ], [ 158522.328100000013364, 378303.468799999973271 ], [ 158530.1563, 378271.6251 ], [ 158411.703, 378232.468899999978021 ], [ 158289.7655, 378210.1251 ], [ 157755.7813, 378118.125 ], [ 157773.3125, 378054.093799999973271 ], [ 157780.015600000013364, 378029.6875 ], [ 157996.9688, 378070.1875 ], [ 158041.109399999986636, 377927.1875 ], [ 157919.796899999986636, 377871.781299999973271 ], [ 158017.2187, 377778.4376 ], [ 158122.171899999986636, 377833.125 ], [ 158245.92180000001099, 377684.218899999978021 ], [ 158281.3438, 377692.1875 ], [ 158311.390600000013364, 377578.6876 ], [ 158372.296899999986636, 377592.968799999973271 ], [ 158412.859399999986636, 377390.7501 ], [ 158414.421899999986636, 377391.218799999973271 ], [ 158419.5313, 377366.9375 ], [ 158420.390600000013364, 377360.468799999973271 ], [ 158431.578, 377365.3126 ], [ 158509.1563, 377389.718799999973271 ], [ 158540.35930000001099, 377331.6251 ], [ 158533.7188, 377322.1875 ], [ 158552.0312, 377291.8126 ], [ 158550.0938, 377290.781299999973271 ], [ 158584.2499, 377232.5001 ], [ 158585.359399999986636, 377233.125 ], [ 158595.4062, 377214.656399999978021 ], [ 158586.0, 377210.531299999973271 ], [ 158603.140600000013364, 377165.5625 ], [ 158613.1405, 377144.718899999978021 ], [ 158682.1563, 377170.5 ], [ 158693.703100000013364, 377151.6875 ], [ 158706.328100000013364, 377132.531299999973271 ], [ 158711.875, 377124.843799999973271 ], [ 158715.6563, 377121.343799999973271 ], [ 158721.046899999986636, 377116.4375 ], [ 158728.578100000013364, 377110.1875 ], [ 158730.25, 377108.5 ], [ 158735.359399999986636, 377105.5 ], [ 158746.171899999986636, 377100.5625 ], [ 158752.0155, 377098.9375 ], [ 158764.10930000001099, 377096.843899999978021 ], [ 158771.92180000001099, 377097.156399999978021 ], [ 158780.4375, 377099.718799999973271 ], [ 158835.1818, 377115.377700000011828 ], [ 158835.609399999986636, 377115.5 ], [ 158837.1563, 377111.843799999973271 ], [ 158878.859399999986636, 377013.75 ], [ 158933.5312, 376992.218799999973271 ], [ 158887.0312, 376875.781299999973271 ], [ 158879.890600000013364, 376806.593899999978021 ], [ 158825.6874, 376801.3751 ], [ 158610.4062, 376707.093799999973271 ], [ 158610.265600000013364, 376687.5625 ], [ 158611.75, 376671.031299999973271 ], [ 158617.125, 376626.531299999973271 ], [ 158622.75, 376532.5 ], [ 158937.48430000001099, 376532.6876 ], [ 158982.9375, 376561.843899999978021 ], [ 158956.98430000001099, 376807.8751 ], [ 159195.0155, 376911.843899999978021 ], [ 159306.9999, 376958.8126 ], [ 159430.8905, 377042.5626 ], [ 159469.828100000013364, 377113.7501 ], [ 159473.5624, 377176.156399999978021 ], [ 159578.5625, 377202.906399999978021 ], [ 159525.875, 377403.156399999978021 ], [ 159522.640600000013364, 377423.093899999978021 ], [ 159521.296899999986636, 377449.593899999978021 ], [ 159523.4063, 377460.8751 ], [ 159524.85930000001099, 377468.6876 ], [ 159533.2812, 377481.7501 ], [ 159563.578, 377491.468899999978021 ], [ 159807.1249, 377526.1251 ], [ 160061.7188, 377532.4376 ], [ 160184.3749, 377533.718899999978021 ], [ 160292.4999, 377525.843899999978021 ], [ 160524.421899999986636, 377316.25 ], [ 160721.015600000013364, 377134.406299999973271 ], [ 160972.35930000001099, 376918.5001 ], [ 160987.375, 376970.968899999978021 ], [ 161056.234399999986636, 377260.281399999978021 ], [ 161178.48430000001099, 377773.8751 ], [ 161413.3437, 377716.906399999978021 ], [ 161403.921899999986636, 377740.156399999978021 ], [ 161388.2188, 377781.5001 ], [ 161368.7187, 377833.156399999978021 ], [ 161396.4374, 377838.281399999978021 ], [ 161402.6563, 377846.781299999973271 ], [ 161403.765600000013364, 377858.3751 ], [ 161406.1875, 377866.0625 ], [ 161415.4999, 377883.531399999978021 ], [ 161445.85930000001099, 377934.656399999978021 ], [ 161478.7499, 377989.593899999978021 ], [ 161517.5155, 378055.656399999978021 ], [ 161527.1249, 378053.218899999978021 ], [ 161532.2187, 378052.1251 ], [ 161551.9687, 378049.156399999978021 ], [ 161555.8124, 378048.6876 ], [ 161566.3437, 378047.656399999978021 ], [ 161576.7655, 378047.0626 ], [ 161582.8437, 378046.906399999978021 ], [ 161602.5155, 378047.093899999978021 ], [ 161615.92180000001099, 378047.406399999978021 ], [ 161622.3905, 378047.5626 ], [ 161655.60930000001099, 378048.343899999978021 ], [ 161657.328, 378048.406399999978021 ], [ 161717.703100000013364, 378049.75 ], [ 161712.8125, 378034.218899999978021 ], [ 161708.8438, 378013.5625 ], [ 161705.7499, 378005.906399999978021 ], [ 161702.6251, 378000.0001 ], [ 161703.7655, 378000.156399999978021 ], [ 161829.4375, 378018.593899999978021 ], [ 161820.7188, 378052.031399999978021 ], [ 161822.4062, 378052.1251 ], [ 161828.828, 378052.406399999978021 ], [ 161891.10930000001099, 378053.781399999978021 ], [ 161910.67180000001099, 378054.1876 ], [ 161916.0937, 378054.3126 ], [ 161922.1562, 378054.5001 ], [ 161931.328, 378054.7501 ], [ 161940.85930000001099, 378055.0001 ], [ 161956.4374, 378055.1251 ], [ 161972.3437, 378054.593899999978021 ], [ 161999.9999, 378053.406399999978021 ], [ 162009.765600000013364, 378052.968799999973271 ], [ 162064.9375, 377952.406299999973271 ], [ 162067.6405, 377947.5001 ], [ 162071.5937, 377949.281399999978021 ], [ 162139.67180000001099, 377975.3126 ], [ 162156.4374, 377981.718899999978021 ], [ 162161.4687, 377983.656399999978021 ], [ 162183.3125, 377991.843799999973271 ], [ 162183.9687, 377990.093899999978021 ], [ 162197.2499, 377993.7501 ], [ 162198.328, 377994.0626 ], [ 162219.953, 378000.0001 ], [ 162228.79680000001099, 378002.4376 ], [ 162263.453, 378011.968899999978021 ], [ 162279.17180000001099, 378015.0001 ], [ 162297.1875, 378018.531399999978021 ], [ 162297.6563, 378060.656399999978021 ], [ 162300.8438, 378082.0001 ], [ 162302.1875, 378106.468899999978021 ], [ 162292.375, 378179.906299999973271 ], [ 162284.6249, 378235.593799999973271 ], [ 162273.953100000013364, 378241.093899999978021 ], [ 162270.8437, 378368.3126 ], [ 162469.7187, 378277.5625 ], [ 162465.54680000001099, 378751.6876 ], [ 162752.421899999986636, 378724.5001 ], [ 162746.3749, 378981.468899999978021 ], [ 162734.79680000001099, 378984.281299999973271 ], [ 162699.0937, 378998.343799999973271 ], [ 162694.828, 379000.0 ], [ 162614.9374, 379031.093799999973271 ], [ 162545.2187, 379057.968799999973271 ], [ 162475.54680000001099, 379084.843799999973271 ], [ 162458.5937, 379093.468899999978021 ], [ 162417.9687, 379114.968899999978021 ], [ 162408.8124, 379119.781299999973271 ], [ 162399.0937, 379124.4375 ], [ 162384.54680000001099, 379130.781299999973271 ], [ 162369.35930000001099, 379136.6875 ], [ 162353.3437, 379142.75 ], [ 162340.6405, 379146.9375 ], [ 162318.6562, 379154.125 ], [ 162296.0312, 379161.156299999973271 ], [ 162263.078100000013364, 379170.875 ], [ 162258.0937, 379172.1876 ], [ 162229.7655, 379179.656399999978021 ], [ 162208.6249, 379184.6876 ], [ 162197.8905, 379186.8751 ], [ 162180.3437, 379190.656399999978021 ], [ 162156.9999, 379193.906399999978021 ], [ 162114.67180000001099, 379197.156399999978021 ], [ 162089.4062, 379196.8126 ], [ 162064.3124, 379193.7501 ], [ 161999.9999, 379181.843899999978021 ], [ 161929.54680000001099, 379167.5626 ], [ 161862.1249, 379155.7501 ], [ 161776.9374, 379148.5001 ], [ 161751.953, 379149.906399999978021 ], [ 161702.4374, 379155.093899999978021 ], [ 161680.5937, 379157.5001 ], [ 161602.9062, 379166.4376 ], [ 161578.48430000001099, 379171.8125 ], [ 161564.7187, 379176.031299999973271 ], [ 161548.8124, 379181.375 ], [ 161503.2812, 379198.4375 ], [ 161494.4687, 379202.843899999978021 ], [ 161482.1875, 379225.7501 ], [ 161479.9063, 379239.6876 ], [ 161488.703, 379325.718899999978021 ], [ 161590.0625, 379320.3126 ], [ 161618.3151, 379505.4422 ], [ 161635.829999999987194, 379504.590000000025611 ], [ 161636.027, 379504.593999999982771 ], [ 161646.090999999985797, 379504.806999999971595 ], [ 161648.923, 379504.867000000027474 ], [ 161649.163, 379504.871999999973923 ], [ 161659.187, 379505.083999999973457 ], [ 161736.049999999988358, 379506.710000000020955 ], [ 161836.32, 379509.78000000002794 ], [ 161893.519999999989523, 379511.587999999988824 ], [ 161896.202, 379511.673 ], [ 161910.241, 379512.117000000027474 ], [ 161936.6, 379512.950000000011642 ], [ 161986.78, 379515.51 ], [ 162086.89000000001397, 379512.789999999979045 ], [ 162128.422, 379493.191999999980908 ], [ 162141.006, 379487.254000000015367 ], [ 162147.69, 379484.099999999976717 ], [ 162156.3368, 379483.792299999971874 ], [ 162170.872, 379483.275000000023283 ], [ 162173.269999999989523, 379483.19 ], [ 162190.809, 379490.173 ], [ 162228.6, 379505.21999999997206 ], [ 162249.64000000001397, 379502.939000000013039 ], [ 162317.53, 379495.580000000016298 ], [ 162406.848999999987427, 379486.148999999975786 ], [ 162415.367, 379479.973 ], [ 162417.94, 379483.988000000012107 ], [ 162511.329999999987194, 379477.37 ], [ 162604.39000000001397, 379470.900000000023283 ], [ 162697.44, 379464.169999999983702 ], [ 162803.566, 379429.98499999998603 ], [ 162838.57, 379418.710000000020955 ], [ 162956.59, 379335.75 ], [ 163080.264, 379185.21999999997206 ], [ 163097.00700000001234, 379164.842 ], [ 163101.56, 379159.299999999988358 ], [ 163145.799999999988358, 378995.299999999988358 ], [ 163172.28159999998752, 379002.705000000016298 ], [ 163188.75, 379007.31 ], [ 163271.75, 378699.32 ], [ 163277.41, 378702.650000000023283 ], [ 163277.53, 378700.909999999974389 ], [ 163360.0, 378394.76 ], [ 163416.579999999987194, 378185.19 ], [ 163423.07, 378161.068000000028405 ], [ 163423.519999999989523, 378159.400000000023283 ], [ 163424.74, 378154.85999999998603 ], [ 163425.217, 378153.086000000010245 ], [ 163427.521, 378144.522999999986496 ], [ 163434.78, 378117.539999999979045 ], [ 163436.16, 378112.400000000023283 ], [ 163475.60999999998603, 377965.63 ], [ 163517.274, 377811.03000000002794 ], [ 163517.5, 377810.19 ], [ 163554.37, 377673.349999999976717 ], [ 163582.29, 377569.74 ], [ 163646.21, 377332.520000000018626 ], [ 163659.269999999989523, 377284.44 ], [ 163673.04, 377237.0 ], [ 163680.10999999998603, 377214.76 ], [ 163688.03, 377189.909999999974389 ], [ 163704.16, 377143.19 ], [ 163721.49, 377096.919999999983702 ], [ 163739.94, 377051.07 ], [ 163759.53, 377005.68 ], [ 163780.26, 376960.840000000025611 ], [ 163802.13, 376916.520000000018626 ], [ 163825.1, 376872.76 ], [ 163849.14000000001397, 376829.56 ], [ 163874.32, 376786.770000000018626 ], [ 163939.71, 376676.64000000001397 ], [ 163996.367, 376581.26 ], [ 163966.79, 376550.81 ], [ 163963.189000000013039, 376547.103 ], [ 163957.64000000001397, 376541.39000000001397 ], [ 163444.730000000010477, 375960.669999999983702 ], [ 162979.670000000012806, 376115.62 ], [ 162969.68, 376128.35999999998603 ], [ 162703.950000000011642, 376042.35999999998603 ], [ 162702.924, 376041.909999999974389 ], [ 162608.94, 376000.69 ], [ 162571.892, 376001.174 ], [ 162571.51, 376002.711000000010245 ], [ 162571.365, 376003.294999999983702 ], [ 162570.307999999989988, 376005.085000000020955 ], [ 162568.972, 376006.136 ], [ 162565.519, 376007.39000000001397 ], [ 162562.326, 376007.259000000020023 ], [ 162559.494, 376006.74 ], [ 162557.842, 376006.050999999977648 ], [ 162555.553000000014435, 376005.556999999971595 ], [ 162551.896, 376004.49 ], [ 162543.44, 376040.218999999982771 ], [ 162542.829999999987194, 376042.761 ], [ 162537.644999999989523, 376053.12599999998929 ], [ 162510.926, 376069.773999999975786 ], [ 162501.372, 376071.5 ], [ 162491.22, 376072.294999999983702 ], [ 162481.772999999986496, 376077.065 ], [ 162471.51, 376087.12 ], [ 162465.923, 376088.233 ], [ 162462.267, 376087.009000000020023 ], [ 162459.12, 376083.956 ], [ 162456.177, 376077.648999999975786 ], [ 162452.623, 376073.375 ], [ 162440.334, 376071.12599999998929 ], [ 162410.878, 376074.348999999987427 ], [ 162395.742, 376078.503000000026077 ], [ 162382.231, 376085.300999999977648 ], [ 162373.901000000012573, 376086.615 ], [ 162359.88, 376098.495999999984633 ], [ 162345.454, 376107.631999999983236 ], [ 162341.695, 376109.76400000002468 ], [ 162330.419, 376113.006 ], [ 162324.223999999987427, 376111.474999999976717 ], [ 162314.981999999989057, 376109.025000000023283 ], [ 162288.373, 376102.288 ], [ 162259.63200000001234, 376095.141 ], [ 162234.445, 376088.913999999989755 ], [ 162204.981, 376081.462 ], [ 162097.644, 376055.325000000011642 ], [ 161997.810999999986961, 376031.238000000012107 ], [ 161872.469000000011874, 375999.454000000027008 ], [ 161785.480000000010477, 375977.701 ], [ 161781.62599999998929, 375976.726000000024214 ], [ 161668.081, 375948.011 ], [ 161508.234, 375907.583999999973457 ], [ 161500.509, 375905.63 ], [ 161500.476, 375905.621999999973923 ], [ 161370.31, 375872.702999999979511 ], [ 161318.117, 375859.503000000026077 ], [ 161178.467, 375824.185 ], [ 161159.836000000010245, 375819.473 ], [ 161145.065, 375815.738000000012107 ], [ 161025.184, 375785.419 ], [ 161000.0, 375779.049999999988358 ], [ 160917.674999999988358, 375758.231000000028871 ], [ 160889.383, 375751.076 ], [ 160853.032100000011269, 375741.8836 ], [ 160663.983, 375694.077 ], [ 160542.29, 375661.799999999988358 ], [ 160535.661, 375660.419999999983702 ], [ 160535.51, 375660.382999999972526 ], [ 160524.50700000001234, 375657.672000000020489 ], [ 160506.923, 375654.325000000011642 ], [ 160499.535, 375652.893999999971129 ], [ 160497.931000000011409, 375652.60999999998603 ], [ 160383.333000000013271, 375632.294999999983702 ], [ 160359.027, 375627.98599999997532 ], [ 160358.856999999989057, 375627.956 ], [ 160343.271, 375625.193000000028405 ], [ 160294.170000000012806, 375616.489 ], [ 160234.671, 375605.941999999980908 ], [ 160164.704999999987194, 375593.538999999989755 ], [ 160146.579999999987194, 375590.330000000016298 ], [ 160146.128, 375590.25 ], [ 160143.0912, 375589.712300000013784 ], [ 159544.636999999987893, 375483.756999999983236 ], [ 159536.663, 375482.34499999997206 ], [ 159438.46, 375464.951 ], [ 159435.916, 375468.99800000002142 ], [ 159278.63, 375440.5 ], [ 159277.69, 375444.200000000011642 ], [ 159056.373, 375413.417000000015832 ], [ 159052.533, 375412.870999999984633 ], [ 159044.821, 375411.772999999986496 ], [ 159041.32, 375441.849999999976717 ], [ 159034.343, 375440.216000000014901 ], [ 159022.479, 375436.582 ], [ 159020.429, 375435.856000000028871 ], [ 159006.858, 375431.085000000020955 ], [ 159001.976, 375429.398999999975786 ], [ 158958.66, 375415.69 ], [ 158894.799999999988358, 375395.799999999988358 ], [ 158890.272999999986496, 375394.314000000013039 ], [ 158887.01500000001397, 375393.244 ], [ 158808.85, 375367.580000000016298 ], [ 158808.221, 375366.835000000020955 ], [ 158788.437, 375349.362000000022817 ], [ 158786.07, 375347.25 ], [ 158768.049, 375335.131999999983236 ], [ 158729.88200000001234, 375309.466000000014901 ], [ 158683.06, 375277.979999999981374 ], [ 158626.867, 375232.635 ], [ 158626.65, 375232.460000000020955 ], [ 158625.138, 375231.62599999998929 ], [ 158622.769999999989523, 375230.32 ], [ 158618.9, 375241.53000000002794 ], [ 158614.897999999986496, 375239.893999999971129 ], [ 158546.41, 375211.900000000023283 ], [ 158502.65, 375240.049999999988358 ], [ 158499.170000000012806, 375226.0 ], [ 158491.019999999989523, 375209.64000000001397 ], [ 158487.60999999998603, 375203.599999999976717 ], [ 158481.549999999988358, 375210.409999999974389 ], [ 158478.09, 375214.19 ], [ 158474.549999999988358, 375216.159999999974389 ], [ 158469.269999999989523, 375217.210000000020955 ], [ 158465.230000000010477, 375217.75 ], [ 158459.950000000011642, 375221.81 ], [ 158448.44, 375226.049999999988358 ], [ 158435.24, 375228.580000000016298 ], [ 158424.579999999987194, 375229.080000000016298 ], [ 158419.39000000001397, 375228.74 ], [ 158426.34, 375249.984 ], [ 158427.196999999985565, 375255.218 ], [ 158427.029, 375258.413 ], [ 158426.448, 375260.684 ], [ 158414.509, 375307.367000000027474 ], [ 158413.902, 375310.245 ], [ 158403.121000000013737, 375346.007999999972526 ], [ 158376.480000000010477, 375384.384000000020023 ], [ 158371.399, 375400.167000000015832 ], [ 158371.113000000012107, 375401.055999999982305 ], [ 158366.981, 375413.892999999981839 ], [ 158360.845, 375430.971000000019558 ], [ 158356.9496, 375439.3895 ], [ 158354.769, 375444.102000000013504 ], [ 158354.182999999989988, 375445.369 ], [ 158351.653, 375450.837999999988824 ], [ 158348.063, 375448.809 ], [ 158347.327, 375448.392999999981839 ], [ 158346.065, 375447.679 ], [ 158343.546, 375448.136 ], [ 158341.238000000012107, 375448.299999999988358 ], [ 158333.68, 375460.523999999975786 ], [ 158306.81, 375479.93 ], [ 158290.772999999986496, 375489.542000000015832 ], [ 158254.318999999988591, 375499.693000000028405 ], [ 158237.799999999988358, 375506.631999999983236 ], [ 158221.696, 375514.487000000022817 ], [ 158208.445, 375520.99800000002142 ], [ 158195.353, 375528.614 ], [ 158184.424999999988358, 375539.962999999988824 ], [ 158181.278, 375544.10999999998603 ], [ 158179.848, 375545.995 ], [ 158176.502, 375549.87300000002142 ], [ 158169.864, 375556.179 ], [ 158157.908, 375566.88900000002468 ], [ 158152.909000000014203, 375569.454000000027008 ], [ 158150.442000000010012, 375569.863000000012107 ], [ 158149.142, 375569.887999999977183 ], [ 158147.788, 375569.913999999989755 ], [ 158144.649, 375569.548 ], [ 158140.636999999987893, 375568.447999999974854 ], [ 158138.604, 375566.968 ], [ 158138.103, 375566.603 ], [ 158135.587999999988824, 375562.908999999985099 ], [ 158133.594000000011874, 375558.632999999972526 ], [ 158131.303000000014435, 375552.946 ], [ 158129.518000000010943, 375549.778 ], [ 158127.525, 375546.853 ], [ 158126.052, 375546.098 ], [ 158124.116, 375545.675999999977648 ], [ 158121.621000000013737, 375546.833999999973457 ], [ 158116.628, 375550.599999999976717 ], [ 158089.424999999988358, 375573.707 ], [ 158088.81, 375576.177000000025146 ], [ 158089.480000000010477, 375579.702999999979511 ], [ 158092.467, 375582.815 ], [ 158093.285, 375583.696 ], [ 158097.814000000013039, 375584.364 ], [ 158100.318, 375584.306999999971595 ], [ 158105.272999999986496, 375582.941 ], [ 158110.128999999986263, 375581.520000000018626 ], [ 158111.74299999998766, 375581.18 ], [ 158116.198, 375582.495999999984633 ], [ 158117.771, 375583.255 ], [ 158118.709, 375583.842 ], [ 158119.385, 375584.26500000001397 ], [ 158121.419, 375588.792000000015832 ], [ 158121.807, 375592.098999999987427 ], [ 158121.837999999988824, 375592.359 ], [ 158121.729, 375598.006999999983236 ], [ 158121.596, 375602.954000000027008 ], [ 158120.948, 375605.581 ], [ 158120.098, 375608.25099999998929 ], [ 158119.321, 375610.322999999974854 ], [ 158118.57, 375611.695 ], [ 158116.162000000011176, 375614.556999999971595 ], [ 158114.509, 375615.946 ], [ 158112.924999999988358, 375616.837999999988824 ], [ 158109.772999999986496, 375618.170999999972992 ], [ 158107.702, 375618.695 ], [ 158105.097, 375618.798 ], [ 158102.057999999989988, 375618.435 ], [ 158100.777, 375617.886999999987893 ], [ 158096.544, 375615.979 ], [ 158090.931000000011409, 375613.520000000018626 ], [ 158089.553000000014435, 375613.047000000020489 ], [ 158086.681000000011409, 375612.061999999976251 ], [ 158082.221, 375610.895000000018626 ], [ 158081.227000000013504, 375610.708999999973457 ], [ 158077.659000000014203, 375611.12599999998929 ], [ 158076.633, 375611.788 ], [ 158075.193999999988591, 375615.536000000021886 ], [ 158074.443999999988591, 375618.210000000020955 ], [ 158074.053000000014435, 375621.756999999983236 ], [ 158073.916999999986729, 375622.992000000027474 ], [ 158073.377, 375629.473999999987427 ], [ 158072.973, 375633.61099999997532 ], [ 158072.75700000001234, 375635.403 ], [ 158071.426, 375638.90500000002794 ], [ 158069.746000000013737, 375642.393999999971129 ], [ 158068.532, 375644.099999999976717 ], [ 158067.35999999998603, 375646.006999999983236 ], [ 158064.584, 375648.005 ], [ 158062.019, 375649.710000000020955 ], [ 158057.354, 375650.037000000011176 ], [ 158055.397, 375650.164999999979045 ], [ 158053.252, 375649.98499999998603 ], [ 158048.631, 375649.113000000012107 ], [ 158046.843, 375648.745999999984633 ], [ 158043.731999999989057, 375647.631 ], [ 158042.303000000014435, 375647.027 ], [ 158038.935999999986961, 375646.052000000025146 ], [ 158033.514, 375644.929 ], [ 158032.135, 375644.643999999971129 ], [ 158031.635, 375644.539999999979045 ], [ 158020.888, 375646.982000000018161 ], [ 158018.828, 375647.206 ], [ 158004.927, 375648.289999999979045 ], [ 157991.34, 375649.232000000018161 ], [ 157989.424999999988358, 375649.365 ], [ 157987.672, 375649.400000000023283 ], [ 157985.355000000010477, 375649.814000000013039 ], [ 157960.35, 375653.487000000022817 ], [ 157949.728, 375655.193000000028405 ], [ 157945.99, 375656.15500000002794 ], [ 157938.907, 375658.243000000016764 ], [ 157932.62, 375660.460000000020955 ], [ 157926.166, 375663.120999999984633 ], [ 157920.405, 375666.009000000020023 ], [ 157917.223999999987427, 375668.141 ], [ 157915.575000000011642, 375669.430999999982305 ], [ 157914.529, 375670.642 ], [ 157913.689000000013039, 375673.061999999976251 ], [ 157912.795000000012806, 375675.580000000016298 ], [ 157912.416999999986729, 375677.667000000015832 ], [ 157913.348, 375680.902 ], [ 157914.553000000014435, 375683.49800000002142 ], [ 157915.475, 375685.632999999972526 ], [ 157918.86799999998766, 375689.961000000010245 ], [ 157928.024, 375700.805 ], [ 157929.50700000001234, 375702.661000000021886 ], [ 157930.636, 375704.603 ], [ 157932.48499999998603, 375708.723999999987427 ], [ 157933.163999999989755, 375710.650000000023283 ], [ 157933.967, 375713.28000000002794 ], [ 157935.182999999989988, 375716.927000000025146 ], [ 157936.027, 375719.809 ], [ 157937.621000000013737, 375725.420999999972992 ], [ 157939.926, 375733.458999999973457 ], [ 157940.342, 375735.726000000024214 ], [ 157940.992, 375738.451 ], [ 157941.366, 375741.865999999979977 ], [ 157941.619, 375744.476000000024214 ], [ 157941.688, 375746.68 ], [ 157941.571999999985565, 375748.476000000024214 ], [ 157940.983, 375750.854999999981374 ], [ 157940.248, 375753.129000000015367 ], [ 157939.011999999987893, 375755.434 ], [ 157937.24299999998766, 375758.619 ], [ 157936.188, 375760.081 ], [ 157934.666999999986729, 375761.974999999976717 ], [ 157932.22, 375764.534999999974389 ], [ 157930.323, 375765.76500000001397 ], [ 157928.484, 375766.797000000020489 ], [ 157926.079, 375768.207999999984168 ], [ 157924.295000000012806, 375769.093 ], [ 157911.685999999986961, 375775.827 ], [ 157908.50700000001234, 375777.909999999974389 ], [ 157905.318, 375780.242000000027474 ], [ 157903.199, 375782.064000000013039 ], [ 157901.950000000011642, 375783.368000000016764 ], [ 157900.601, 375784.669 ], [ 157898.973999999987427, 375786.708999999973457 ], [ 157896.453, 375789.917000000015832 ], [ 157893.964, 375793.62599999998929 ], [ 157892.778, 375795.933000000019092 ], [ 157891.69, 375798.293 ], [ 157890.182, 375802.538999999989755 ], [ 157889.799999999988358, 375804.724999999976717 ], [ 157889.571, 375806.868000000016764 ], [ 157887.728, 375813.402 ], [ 157887.112, 375815.18 ], [ 157886.432, 375817.305 ], [ 157885.564000000013039, 375819.12400000001071 ], [ 157884.212, 375820.523999999975786 ], [ 157882.959, 375821.928000000014435 ], [ 157881.49900000001071, 375822.174 ], [ 157880.149, 375822.12400000001071 ], [ 157878.926, 375821.378000000026077 ], [ 157876.772999999986496, 375820.048 ], [ 157868.212, 375813.427000000025146 ], [ 157864.204, 375809.477000000013504 ], [ 157860.242, 375805.678000000014435 ], [ 157857.244, 375802.865999999979977 ], [ 157855.712999999988824, 375802.309 ], [ 157851.491, 375801.452 ], [ 157848.138, 375801.477000000013504 ], [ 157843.146, 375802.492000000027474 ], [ 157838.24900000001071, 375803.661000000021886 ], [ 157834.748, 375804.982000000018161 ], [ 157829.60999999998603, 375808.592 ], [ 157822.127, 375814.717 ], [ 157817.41, 375819.142999999981839 ], [ 157813.394, 375822.195 ], [ 157810.327, 375823.931999999971595 ], [ 157807.066, 375825.511999999987893 ], [ 157803.503999999986263, 375828.481000000028871 ], [ 157802.96, 375829.661000000021886 ], [ 157804.396, 375834.115999999979977 ], [ 157806.719000000011874, 375841.65500000002794 ], [ 157807.753999999986263, 375844.794999999983702 ], [ 157811.337, 375853.430999999982305 ], [ 157810.88200000001234, 375856.26500000001397 ], [ 157809.942000000010012, 375857.331 ], [ 157808.38200000001234, 375857.572999999974854 ], [ 157806.299999999988358, 375857.044999999983702 ], [ 157804.332, 375856.121999999973923 ], [ 157802.187, 375854.592 ], [ 157802.076, 375854.494 ], [ 157800.103, 375852.76400000002468 ], [ 157798.655999999988126, 375851.309 ], [ 157796.381, 375849.223999999987427 ], [ 157792.959, 375845.696 ], [ 157788.352000000013504, 375841.723 ], [ 157787.101, 375840.37599999998929 ], [ 157784.926, 375838.294999999983702 ], [ 157783.413999999989755, 375837.238000000012107 ], [ 157781.980000000010477, 375836.784999999974389 ], [ 157778.336000000010245, 375836.549 ], [ 157776.303000000014435, 375837.37400000001071 ], [ 157775.513, 375838.445 ], [ 157774.44, 375841.756999999983236 ], [ 157774.74, 375844.468999999982771 ], [ 157776.079999999987194, 375847.46999999997206 ], [ 157784.215999999985797, 375861.527 ], [ 157788.454999999987194, 375868.686999999976251 ], [ 157796.297, 375887.063000000023749 ], [ 157796.696999999985565, 375888.00099999998929 ], [ 157797.347, 375890.726000000024214 ], [ 157797.567000000010012, 375892.885 ], [ 157797.119, 375896.87 ], [ 157796.747, 375898.806999999971595 ], [ 157794.655999999988126, 375905.281000000017229 ], [ 157793.328, 375908.733 ], [ 157789.991, 375912.36099999997532 ], [ 157784.663999999989755, 375915.794999999983702 ], [ 157771.608, 375919.449000000022352 ], [ 157768.894, 375921.238000000012107 ], [ 157765.269, 375926.604999999981374 ], [ 157762.794, 375932.12599999998929 ], [ 157759.707, 375938.299 ], [ 157756.728, 375944.438000000023749 ], [ 157755.646, 375946.648999999975786 ], [ 157753.986, 375949.587999999988824 ], [ 157752.816, 375950.09499999997206 ], [ 157750.678000000014435, 375951.066 ], [ 157745.096, 375950.458999999973457 ], [ 157738.16, 375949.951 ], [ 157735.979, 375949.37 ], [ 157729.924, 375948.044 ], [ 157725.908, 375947.044999999983702 ], [ 157716.404, 375944.240999999979977 ], [ 157713.426, 375943.580000000016298 ], [ 157711.34, 375943.153 ], [ 157708.101, 375942.782 ], [ 157705.803000000014435, 375942.696999999985565 ], [ 157700.818, 375943.511999999987893 ], [ 157697.565, 375944.892 ], [ 157694.506, 375946.429 ], [ 157690.658, 375948.987000000022817 ], [ 157684.63200000001234, 375952.26400000002468 ], [ 157671.50700000001234, 375959.43 ], [ 157668.286, 375959.911000000021886 ], [ 157661.511999999987893, 375960.408999999985099 ], [ 157657.25, 375960.651000000012573 ], [ 157653.008, 375960.343 ], [ 157651.726, 375959.846000000019558 ], [ 157650.269, 375958.641 ], [ 157638.055, 375938.479999999981374 ], [ 157636.647999999986496, 375937.277 ], [ 157633.946, 375935.925999999977648 ], [ 157632.105000000010477, 375935.658 ], [ 157629.441, 375935.958999999973457 ], [ 157627.256, 375936.878000000026077 ], [ 157624.891, 375938.591000000014901 ], [ 157624.073, 375940.412000000011176 ], [ 157623.153, 375942.278 ], [ 157620.778, 375946.941999999980908 ], [ 157618.03, 375952.242000000027474 ], [ 157616.807, 375954.196999999985565 ], [ 157615.654, 375955.604999999981374 ], [ 157609.598999999987427, 375963.733 ], [ 157604.837, 375970.708999999973457 ], [ 157600.691, 375977.257999999972526 ], [ 157596.402, 375983.651000000012573 ], [ 157592.230000000010477, 375990.898999999975786 ], [ 157590.237, 375994.726000000024214 ], [ 157587.97, 375999.194000000017695 ], [ 157586.204999999987194, 376003.63 ], [ 157585.057, 376007.588999999978114 ], [ 157584.32, 376011.210000000020955 ], [ 157583.316, 376016.778 ], [ 157583.127, 376019.170999999972992 ], [ 157583.662000000011176, 376020.941999999980908 ], [ 157585.62400000001071, 376024.716000000014901 ], [ 157586.668, 376026.256 ], [ 157587.674999999988358, 376027.443000000028405 ], [ 157589.277, 376028.798 ], [ 157590.829, 376030.112000000022817 ], [ 157593.231, 376031.451 ], [ 157595.730000000010477, 376032.895000000018626 ], [ 157601.079, 376035.744 ], [ 157603.633, 376037.039999999979045 ], [ 157606.229, 376038.537000000011176 ], [ 157607.85999999998603, 376040.447999999974854 ], [ 157608.623, 376042.827 ], [ 157608.348999999987427, 376055.621999999973923 ], [ 157608.345, 376056.516 ], [ 157608.280999999988126, 376072.326 ], [ 157608.309, 376082.381 ], [ 157608.212999999988824, 376084.978 ], [ 157607.74, 376086.961000000010245 ], [ 157604.595, 376090.795999999972992 ], [ 157603.386999999987893, 376092.287000000011176 ], [ 157600.663, 376095.652 ], [ 157597.268000000010943, 376099.477000000013504 ], [ 157594.367, 376102.169999999983702 ], [ 157592.432999999989988, 376103.049 ], [ 157584.286, 376105.496999999973923 ], [ 157581.655999999988126, 376106.25 ], [ 157577.695, 376106.452999999979511 ], [ 157574.56, 376105.987000000022817 ], [ 157567.96, 376104.490999999979977 ], [ 157551.112, 376100.01400000002468 ], [ 157548.889, 376099.231000000028871 ], [ 157546.402, 376098.837999999988824 ], [ 157543.013, 376098.462 ], [ 157542.364, 376098.457999999984168 ], [ 157541.362, 376098.451 ], [ 157537.528, 376100.659999999974389 ], [ 157535.731999999989057, 376101.843 ], [ 157534.386999999987893, 376105.745 ], [ 157534.391, 376106.995999999984633 ], [ 157534.593, 376109.653999999980442 ], [ 157534.981, 376111.319000000017695 ], [ 157536.079, 376115.821999999985565 ], [ 157537.10999999998603, 376120.052000000025146 ], [ 157537.932, 376126.234 ], [ 157537.719000000011874, 376129.278 ], [ 157536.274, 376130.473999999987427 ], [ 157530.94, 376129.925999999977648 ], [ 157528.245, 376129.726000000024214 ], [ 157515.636, 376128.357000000018161 ], [ 157512.09, 376128.175999999977648 ], [ 157508.646, 376127.947999999974854 ], [ 157507.478, 376128.403999999980442 ], [ 157506.717, 376128.675999999977648 ], [ 157505.679, 376129.688000000023749 ], [ 157504.63, 376131.0 ], [ 157504.263, 376132.787000000011176 ], [ 157504.134, 376134.933000000019092 ], [ 157504.528, 376143.201 ], [ 157504.771, 376147.461000000010245 ], [ 157504.555, 376157.357000000018161 ], [ 157504.549, 376166.961000000010245 ], [ 157504.462999999988824, 376174.710000000020955 ], [ 157504.731, 376178.272 ], [ 157506.212, 376185.579000000027008 ], [ 157506.647999999986496, 376187.066999999980908 ], [ 157506.79, 376187.552000000025146 ], [ 157507.056000000011409, 376187.957 ], [ 157508.779, 376190.577 ], [ 157517.184, 376200.092 ], [ 157521.791, 376205.414999999979045 ], [ 157524.480000000010477, 376208.466000000014901 ], [ 157527.788, 376213.740999999979977 ], [ 157530.163999999989755, 376218.481000000028871 ], [ 157532.437, 376224.668 ], [ 157534.018000000010943, 376230.629000000015367 ], [ 157534.794, 376234.009000000020023 ], [ 157535.299, 376237.929 ], [ 157534.396, 376244.74800000002142 ], [ 157534.0, 376250.036000000021886 ], [ 157531.837, 376262.51 ], [ 157531.471, 376264.401000000012573 ], [ 157529.733, 376273.386 ], [ 157528.07, 376281.827999999979511 ], [ 157527.709, 376286.166000000026543 ], [ 157527.578, 376289.712 ], [ 157527.476, 376292.460000000020955 ], [ 157526.784000000014203, 376304.38900000002468 ], [ 157526.560999999986961, 376315.835000000020955 ], [ 157526.733, 376320.642999999981839 ], [ 157526.931000000011409, 376323.401000000012573 ], [ 157527.454999999987194, 376326.821999999985565 ], [ 157527.983, 376328.792000000015832 ], [ 157530.187, 376335.477000000013504 ], [ 157530.556000000011409, 376336.381999999983236 ], [ 157532.756, 376341.775000000023283 ], [ 157533.980000000010477, 376343.870999999984633 ], [ 157536.736, 376346.473999999987427 ], [ 157541.611, 376349.957 ], [ 157547.013, 376354.059 ], [ 157550.583000000013271, 376354.941999999980908 ], [ 157557.043, 376356.181999999971595 ], [ 157560.07, 376356.84499999997206 ], [ 157563.278, 376358.064000000013039 ], [ 157569.791, 376360.556999999971595 ], [ 157571.899, 376362.63900000002468 ], [ 157576.211000000010245, 376366.897999999986496 ], [ 157577.253, 376369.837 ], [ 157577.946, 376372.739 ], [ 157578.64000000001397, 376375.641 ], [ 157579.854, 376382.038999999989755 ], [ 157580.337, 376385.685999999986961 ], [ 157580.480000000010477, 376386.76400000002468 ], [ 157580.802, 376391.577999999979511 ], [ 157581.106999999989057, 376405.482000000018161 ], [ 157581.155999999988126, 376407.696999999985565 ], [ 157581.209, 376424.805 ], [ 157581.222, 376428.907 ], [ 157580.939000000013039, 376440.601000000024214 ], [ 157575.136, 376459.493000000016764 ], [ 157567.622, 376467.816999999980908 ], [ 157563.09, 376472.912000000011176 ], [ 157560.730000000010477, 376475.565 ], [ 157554.96, 376484.103 ], [ 157550.505, 376492.240999999979977 ], [ 157549.74900000001071, 376499.166000000026543 ], [ 157549.853, 376500.359 ], [ 157553.405999999988126, 376507.946 ], [ 157555.812, 376509.141 ], [ 157557.549999999988358, 376510.085000000020955 ], [ 157560.291999999986729, 376511.712 ], [ 157569.185999999986961, 376517.46999999997206 ], [ 157575.777, 376525.417000000015832 ], [ 157580.543, 376533.034999999974389 ], [ 157581.200000000011642, 376533.597 ], [ 157583.998, 376539.103 ], [ 157590.688, 376553.055999999982305 ], [ 157592.50700000001234, 376556.625 ], [ 157595.056000000011409, 376562.121999999973923 ], [ 157597.405, 376566.261 ], [ 157614.12599999998929, 376597.142999999981839 ], [ 157618.851, 376606.022 ], [ 157622.07, 376612.343999999982771 ], [ 157622.458000000013271, 376615.35999999998603 ], [ 157622.793, 376618.473 ], [ 157622.888, 376621.327999999979511 ], [ 157621.538999999989755, 376625.329000000027008 ], [ 157618.791, 376632.908 ], [ 157617.638, 376636.088999999978114 ], [ 157616.56, 376638.881999999983236 ], [ 157616.420000000012806, 376639.245 ], [ 157615.086000000010245, 376642.847 ], [ 157614.803000000014435, 376646.436999999976251 ], [ 157614.411, 376650.273999999975786 ], [ 157614.333000000013271, 376653.723 ], [ 157614.396, 376657.427000000025146 ], [ 157615.170000000012806, 376660.857000000018161 ], [ 157616.505, 376665.358 ], [ 157619.163999999989755, 376667.857000000018161 ], [ 157621.309, 376669.387999999977183 ], [ 157624.717, 376669.26400000002468 ], [ 157628.638, 376668.76 ], [ 157635.432, 376667.711000000010245 ], [ 157639.506, 376667.163 ], [ 157643.37599999998929, 376666.706 ], [ 157646.293, 376666.314000000013039 ], [ 157649.787000000011176, 376666.544 ], [ 157653.884, 376666.696 ], [ 157656.913999999989755, 376667.309 ], [ 157660.31, 376668.836000000010245 ], [ 157663.568, 376670.056999999971595 ], [ 157666.964, 376671.583999999973457 ], [ 157670.096, 376674.851000000024214 ], [ 157672.056000000011409, 376677.325000000011642 ], [ 157673.783, 376680.69 ], [ 157673.394, 376684.427000000025146 ], [ 157672.595, 376688.449000000022352 ], [ 157671.371000000013737, 376691.755 ], [ 157667.983, 376695.430999999982305 ], [ 157665.916, 376697.205000000016298 ], [ 157663.590999999985797, 376699.169 ], [ 157659.106999999989057, 376701.353 ], [ 157655.657, 376702.62599999998929 ], [ 157652.310999999986961, 376703.802000000025146 ], [ 157648.068999999988591, 376704.84499999997206 ], [ 157644.142, 376705.49900000001071 ], [ 157641.173, 376705.939000000013039 ], [ 157636.646, 376706.571 ], [ 157632.619, 376707.222 ], [ 157627.328, 376708.226000000024214 ], [ 157623.556000000011409, 376708.73599999997532 ], [ 157619.378999999986263, 376709.381 ], [ 157616.536, 376710.476000000024214 ], [ 157612.87, 376712.191 ], [ 157608.746000000013737, 376714.087999999988824 ], [ 157606.038, 376715.587999999988824 ], [ 157602.555, 376717.76 ], [ 157598.922, 376719.925999999977648 ], [ 157596.759, 376721.596000000019558 ], [ 157593.665, 376724.082 ], [ 157590.75700000001234, 376726.924999999988358 ], [ 157588.519999999989523, 376729.243000000016764 ], [ 157584.996000000013737, 376733.864 ], [ 157581.622, 376738.490999999979977 ], [ 157577.316, 376743.983 ], [ 157574.608, 376748.184 ], [ 157572.373, 376754.503000000026077 ], [ 157571.48499999998603, 376759.571999999985565 ], [ 157570.511, 376765.588999999978114 ], [ 157570.097, 376771.375 ], [ 157569.128999999986263, 376778.592 ], [ 157568.489, 376785.071 ], [ 157567.913999999989755, 376789.800999999977648 ], [ 157567.752, 376791.84499999997206 ], [ 157567.633, 376793.342 ], [ 157566.878999999986263, 376797.466000000014901 ], [ 157566.163, 376800.591000000014901 ], [ 157565.468, 376804.516 ], [ 157564.279, 376808.223 ], [ 157562.884, 376812.12300000002142 ], [ 157561.715999999985797, 376815.281000000017229 ], [ 157560.075000000011642, 376819.071 ], [ 157559.022999999986496, 376821.272 ], [ 157558.665, 376822.020000000018626 ], [ 157557.234, 376825.517999999981839 ], [ 157555.13200000001234, 376829.592 ], [ 157553.174, 376833.821 ], [ 157551.529, 376837.711000000010245 ], [ 157549.908, 376840.952 ], [ 157547.788999999989755, 376845.476000000024214 ], [ 157546.206, 376849.017999999981839 ], [ 157544.787000000011176, 376852.217 ], [ 157542.953, 376857.150000000023283 ], [ 157541.689000000013039, 376860.205000000016298 ], [ 157540.401000000012573, 376863.908 ], [ 157538.731999999989057, 376868.447999999974854 ], [ 157535.519, 376876.832 ], [ 157533.759, 376879.767999999981839 ], [ 157531.988000000012107, 376883.003000000026077 ], [ 157531.23499999998603, 376884.322999999974854 ], [ 157531.081, 376884.593 ], [ 157530.115, 376886.284999999974389 ], [ 157527.236, 376889.729 ], [ 157523.831, 376893.854 ], [ 157521.333000000013271, 376896.629000000015367 ], [ 157519.865, 376898.259000000020023 ], [ 157513.687, 376905.631999999983236 ], [ 157512.030999999988126, 376908.472 ], [ 157510.712999999988824, 376911.240999999979977 ], [ 157510.019999999989523, 376912.697999999974854 ], [ 157508.464, 376915.208999999973457 ], [ 157503.51, 376925.191999999980908 ], [ 157498.353, 376935.582999999984168 ], [ 157495.434, 376941.976000000024214 ], [ 157492.715, 376948.468999999982771 ], [ 157489.894, 376955.313000000023749 ], [ 157487.223999999987427, 376962.055999999982305 ], [ 157485.204999999987194, 376968.202 ], [ 157483.084, 376975.297000000020489 ], [ 157481.264, 376981.892999999981839 ], [ 157481.166999999986729, 376982.245999999984633 ], [ 157478.939000000013039, 376990.38900000002468 ], [ 157478.005, 376993.512999999977183 ], [ 157476.565, 376998.333999999973457 ], [ 157475.101, 377003.03000000002794 ], [ 157472.181000000011409, 377009.62300000002142 ], [ 157470.62, 377013.218999999982771 ], [ 157470.117, 377014.468 ], [ 157466.848999999987427, 377020.208999999973457 ], [ 157460.011999999987893, 377032.642 ], [ 157456.241, 377039.582 ], [ 157454.193999999988591, 377043.468 ], [ 157452.218, 377047.221000000019558 ], [ 157451.111, 377049.668 ], [ 157450.00099999998929, 377053.016 ], [ 157449.345, 377054.865 ], [ 157449.193999999988591, 377055.463999999978114 ], [ 157448.532, 377059.462999999988824 ], [ 157449.562, 377061.148999999975786 ], [ 157439.965, 377081.32 ], [ 157429.614, 377100.151000000012573 ], [ 157421.098, 377115.598999999987427 ], [ 157408.695, 377138.378000000026077 ], [ 157413.468, 377140.992000000027474 ], [ 157420.28, 377145.53000000002794 ], [ 157410.269999999989523, 377154.511 ], [ 157406.00700000001234, 377159.430999999982305 ], [ 157401.574, 377165.109 ], [ 157398.807, 377169.919999999983702 ], [ 157395.560999999986961, 377175.25099999998929 ], [ 157392.674, 377180.818000000028405 ], [ 157389.547, 377185.343999999982771 ], [ 157382.49, 377193.075000000011642 ], [ 157380.313, 377195.326 ], [ 157378.016, 377197.702999999979511 ], [ 157373.364, 377201.637999999977183 ], [ 157369.509, 377204.365999999979977 ], [ 157359.32, 377221.10999999998603 ], [ 157359.339, 377221.385 ], [ 157359.522, 377224.096000000019558 ], [ 157359.181000000011409, 377228.212 ], [ 157360.487, 377232.213999999978114 ], [ 157361.488000000012107, 377233.526000000012573 ], [ 157363.026000000012573, 377234.467 ], [ 157364.087999999988824, 377235.071999999985565 ], [ 157365.35999999998603, 377235.797000000020489 ], [ 157368.449, 377237.558000000019092 ], [ 157382.871000000013737, 377245.601000000024214 ], [ 157391.829, 377250.788999999989755 ], [ 157394.285, 377252.211000000010245 ], [ 157398.495, 377256.25 ], [ 157400.125, 377259.588999999978114 ], [ 157400.668, 377261.968999999982771 ], [ 157400.079999999987194, 377263.593999999982771 ], [ 157397.521, 377265.995 ], [ 157393.797, 377268.042000000015832 ], [ 157391.244, 377269.293 ], [ 157382.078, 377272.952999999979511 ], [ 157375.657, 377276.407 ], [ 157370.442000000010012, 377280.012999999977183 ], [ 157366.057999999989988, 377284.387999999977183 ], [ 157363.878999999986263, 377286.273999999975786 ], [ 157357.84, 377290.563000000023749 ], [ 157354.241, 377291.955000000016298 ], [ 157353.438, 377291.886 ], [ 157343.62400000001071, 377290.418 ], [ 157338.29, 377290.925999999977648 ], [ 157337.848999999987427, 377291.023999999975786 ], [ 157335.01500000001397, 377291.65500000002794 ], [ 157333.763, 377291.805 ], [ 157331.927, 377292.026000000012573 ], [ 157329.674999999988358, 377293.314000000013039 ], [ 157327.288999999989755, 377295.009000000020023 ], [ 157321.909000000014203, 377298.996999999973923 ], [ 157321.16, 377299.552000000025146 ], [ 157318.715999999985797, 377302.052000000025146 ], [ 157314.902, 377305.951 ], [ 157307.688, 377313.488000000012107 ], [ 157305.449, 377318.979999999981374 ], [ 157305.413, 377321.934 ], [ 157306.079, 377324.909999999974389 ], [ 157306.81, 377326.044 ], [ 157307.293, 377326.794 ], [ 157307.462999999988824, 377327.058000000019092 ], [ 157309.158, 377329.493000000016764 ], [ 157313.579, 377335.125 ], [ 157316.407, 377338.590000000025611 ], [ 157316.784000000014203, 377339.053000000014435 ], [ 157320.284000000014203, 377342.87 ], [ 157324.144, 377346.922000000020489 ], [ 157331.846, 377355.878000000026077 ], [ 157350.652, 377378.962 ], [ 157351.602000000013504, 377380.117000000027474 ], [ 157354.801, 377384.004000000015367 ], [ 157357.454999999987194, 377387.954000000027008 ], [ 157359.628, 377392.37300000002142 ], [ 157360.88, 377396.277 ], [ 157360.636, 377397.737000000022817 ], [ 157359.75, 377399.423 ], [ 157358.638, 377400.417000000015832 ], [ 157356.522, 377401.351000000024214 ], [ 157352.577, 377401.555 ], [ 157346.901000000012573, 377400.976000000024214 ], [ 157343.881, 377399.242000000027474 ], [ 157339.682, 377396.754000000015367 ], [ 157336.928000000014435, 377394.10999999998603 ], [ 157326.931000000011409, 377384.042000000015832 ], [ 157325.541, 377381.745 ], [ 157323.878, 377377.555999999982305 ], [ 157321.386, 377372.650000000023283 ], [ 157318.106999999989057, 377368.074000000022352 ], [ 157313.041, 377365.169999999983702 ], [ 157309.647, 377365.402 ], [ 157307.328, 377366.243000000016764 ], [ 157303.253999999986263, 377368.304 ], [ 157300.973999999987427, 377371.445 ], [ 157298.75, 377377.337 ], [ 157298.363000000012107, 377382.856000000028871 ], [ 157298.988000000012107, 377384.783 ], [ 157301.615, 377393.186999999976251 ], [ 157303.807, 377398.106000000028871 ], [ 157305.481, 377399.992000000027474 ], [ 157315.278, 377410.066999999980908 ], [ 157322.861, 377418.528 ], [ 157326.837999999988824, 377423.026000000012573 ], [ 157337.420000000012806, 377436.574000000022352 ], [ 157340.885, 377440.792000000015832 ], [ 157343.9, 377444.977000000013504 ], [ 157345.872, 377449.403999999980442 ], [ 157345.829, 377452.158 ], [ 157344.62599999998929, 377454.706 ], [ 157344.304, 377454.946999999985565 ], [ 157340.736, 377457.61099999997532 ], [ 157337.871000000013737, 377458.572999999974854 ], [ 157334.977000000013504, 377458.786000000021886 ], [ 157332.973999999987427, 377458.76400000002468 ], [ 157329.096, 377458.115 ], [ 157325.208000000013271, 377457.216000000014901 ], [ 157319.681000000011409, 377455.331 ], [ 157311.307999999989988, 377452.305 ], [ 157304.772, 377450.207999999984168 ], [ 157299.519999999989523, 377448.962 ], [ 157296.950000000011642, 377448.511999999987893 ], [ 157292.155999999988126, 377448.75 ], [ 157287.432999999989988, 377449.534999999974389 ], [ 157285.663, 377450.354 ], [ 157276.054, 377456.783999999985099 ], [ 157266.371000000013737, 377463.868000000016764 ], [ 157261.821, 377467.848 ], [ 157254.057, 377476.311999999976251 ], [ 157250.987, 377480.12300000002142 ], [ 157248.236, 377485.32 ], [ 157267.498, 377494.297000000020489 ], [ 157273.094000000011874, 377496.680999999982305 ], [ 157273.888, 377506.858 ], [ 157273.625, 377507.267 ], [ 157272.567000000010012, 377508.911000000021886 ], [ 157263.293, 377523.98499999998603 ], [ 157257.866, 377532.452999999979511 ], [ 157253.159000000014203, 377540.142999999981839 ], [ 157252.665, 377541.048 ], [ 157251.15, 377543.824000000022352 ], [ 157243.521, 377558.733 ], [ 157241.49, 377561.865 ], [ 157239.971, 377562.674999999988358 ], [ 157237.884, 377563.056999999971595 ], [ 157233.631, 377563.072999999974854 ], [ 157231.486, 377561.956 ], [ 157229.99299999998766, 377560.863000000012107 ], [ 157227.166999999986729, 377557.670999999972992 ], [ 157223.692000000010012, 377554.504000000015367 ], [ 157221.563, 377553.786000000021886 ], [ 157218.846, 377553.392 ], [ 157214.340999999985797, 377553.368000000016764 ], [ 157210.06, 377553.935 ], [ 157206.259, 377555.284999999974389 ], [ 157202.337, 377557.39000000001397 ], [ 157199.31, 377559.704000000027008 ], [ 157196.844000000011874, 377561.556999999971595 ], [ 157195.888, 377562.695 ], [ 157191.454, 377568.37300000002142 ], [ 157186.503, 377574.920999999972992 ], [ 157184.450000000011642, 377578.754000000015367 ], [ 157177.893000000010943, 377591.072999999974854 ], [ 157175.12, 377596.282 ], [ 157173.334, 377599.254000000015367 ], [ 157163.563, 377611.84499999997206 ], [ 157161.477000000013504, 377613.528 ], [ 157155.726, 377617.505 ], [ 157139.427, 377629.50099999998929 ], [ 157138.411, 377630.391 ], [ 157133.962999999988824, 377634.418 ], [ 157130.296, 377637.913999999989755 ], [ 157128.07, 377643.755 ], [ 157126.920000000012806, 377647.653 ], [ 157126.745, 377649.612000000022817 ], [ 157124.899, 377666.547000000020489 ], [ 157123.693, 377680.65500000002794 ], [ 157123.6, 377683.669999999983702 ], [ 157123.582, 377684.261999999987893 ], [ 157124.356, 377687.434 ], [ 157124.943999999988591, 377688.412000000011176 ], [ 157127.522999999986496, 377691.713999999978114 ], [ 157128.768000000010943, 377693.609 ], [ 157132.394, 377696.027 ], [ 157135.661, 377697.701 ], [ 157143.00099999998929, 377701.167000000015832 ], [ 157157.769999999989523, 377707.846000000019558 ], [ 157163.518000000010943, 377710.273999999975786 ], [ 157167.128, 377714.336000000010245 ], [ 157171.342, 377721.077 ], [ 157172.318999999988591, 377723.039999999979045 ], [ 157174.532, 377728.507999999972526 ], [ 157175.986, 377733.755 ], [ 157176.756, 377739.43 ], [ 157176.911, 377744.728 ], [ 157176.718, 377750.088999999978114 ], [ 157175.87400000001071, 377755.425999999977648 ], [ 157173.935999999986961, 377760.956 ], [ 157171.378999999986263, 377766.01 ], [ 157167.339, 377770.221000000019558 ], [ 157156.704999999987194, 377773.439000000013039 ], [ 157153.756, 377773.504000000015367 ], [ 157141.22, 377772.842 ], [ 157129.775, 377771.887999999977183 ], [ 157128.606, 377771.74 ], [ 157123.741, 377771.12300000002142 ], [ 157118.56, 377770.424999999988358 ], [ 157117.877, 377770.382999999972526 ], [ 157114.096, 377770.148999999975786 ], [ 157110.408, 377770.543 ], [ 157108.752, 377771.708999999973457 ], [ 157107.157, 377773.172000000020489 ], [ 157106.16, 377774.561999999976251 ], [ 157105.419, 377776.092 ], [ 157104.772999999986496, 377777.517999999981839 ], [ 157105.237, 377780.452999999979511 ], [ 157106.923, 377783.94 ], [ 157108.746000000013737, 377787.071 ], [ 157113.571, 377794.087999999988824 ], [ 157115.299, 377796.071999999985565 ], [ 157118.809, 377800.137999999977183 ], [ 157120.823, 377802.128000000026077 ], [ 157122.659000000014203, 377803.941 ], [ 157127.228, 377808.403999999980442 ], [ 157129.873, 377810.753000000026077 ], [ 157135.365, 377815.353 ], [ 157139.509, 377818.952999999979511 ], [ 157143.053000000014435, 377821.903 ], [ 157150.692000000010012, 377827.503000000026077 ], [ 157157.63200000001234, 377832.853 ], [ 157157.797, 377833.148999999975786 ], [ 157159.727000000013504, 377836.602000000013504 ], [ 157160.924, 377839.851000000024214 ], [ 157161.321999999985565, 377842.699000000022352 ], [ 157161.279, 377843.580000000016298 ], [ 157161.170000000012806, 377845.847 ], [ 157159.670000000012806, 377848.895000000018626 ], [ 157159.229, 377849.718 ], [ 157158.170000000012806, 377851.693000000028405 ], [ 157155.22, 377855.989 ], [ 157153.174999999988358, 377858.63900000002468 ], [ 157152.019999999989523, 377860.135 ], [ 157148.301, 377864.038 ], [ 157147.636999999987893, 377864.963999999978114 ], [ 157145.399, 377867.903 ], [ 157142.772999999986496, 377871.158 ], [ 157136.913, 377878.793 ], [ 157133.801, 377882.417000000015832 ], [ 157131.206, 377886.472 ], [ 157130.182, 377889.76400000002468 ], [ 157130.215, 377891.913999999989755 ], [ 157130.846, 377893.992000000027474 ], [ 157131.554, 377895.465000000025611 ], [ 157132.465, 377897.031000000017229 ], [ 157134.432, 377900.006 ], [ 157136.954999999987194, 377903.159999999974389 ], [ 157139.301, 377906.871999999973923 ], [ 157141.104, 377909.503000000026077 ], [ 157143.284000000014203, 377912.821 ], [ 157145.302, 377915.843999999982771 ], [ 157147.461000000010245, 377919.913 ], [ 157149.189000000013039, 377923.197999999974854 ], [ 157158.823, 377940.767999999981839 ], [ 157161.638, 377946.395000000018626 ], [ 157163.48499999998603, 377950.028999999980442 ], [ 157164.840999999985797, 377952.289999999979045 ], [ 157171.453, 377962.418 ], [ 157175.326, 377963.349999999976717 ], [ 157179.522999999986496, 377963.983 ], [ 157179.943999999988591, 377963.992000000027474 ], [ 157181.976, 377964.038 ], [ 157185.948, 377963.756999999983236 ], [ 157186.814000000013039, 377963.712 ], [ 157188.057999999989988, 377963.647 ], [ 157191.977000000013504, 377963.413999999989755 ], [ 157196.096, 377963.19 ], [ 157198.245, 377963.332 ], [ 157200.384, 377963.723999999987427 ], [ 157202.467, 377964.213999999978114 ], [ 157203.949, 377964.728 ], [ 157205.802, 377965.908999999985099 ], [ 157207.926, 377968.954000000027008 ], [ 157209.252, 377970.762999999977183 ], [ 157210.372, 377972.663 ], [ 157212.804, 377977.87400000001071 ], [ 157214.983, 377983.12300000002142 ], [ 157217.369, 377989.384000000020023 ], [ 157218.980000000010477, 377992.707 ], [ 157221.139, 377998.406000000017229 ], [ 157221.869, 378000.090000000025611 ], [ 157222.672, 378002.37699999997858 ], [ 157225.055, 378005.233 ], [ 157227.245, 378006.728 ], [ 157235.32, 378008.925999999977648 ], [ 157239.44, 378015.661000000021886 ], [ 157240.471, 378017.306999999971595 ], [ 157246.87400000001071, 378033.852000000013504 ], [ 157250.269, 378039.956 ], [ 157255.623, 378049.446999999985565 ], [ 157256.835, 378051.550999999977648 ], [ 157259.192000000010012, 378055.006 ], [ 157260.24299999998766, 378056.202999999979511 ], [ 157262.231999999989057, 378057.74 ], [ 157265.291, 378060.023999999975786 ], [ 157275.116, 378066.952999999979511 ], [ 157278.853, 378069.766 ], [ 157281.76, 378072.093 ], [ 157283.731, 378074.03000000002794 ], [ 157286.030999999988126, 378076.482000000018161 ], [ 157287.666, 378080.407 ], [ 157289.682, 378085.950000000011642 ], [ 157289.182999999989988, 378088.232000000018161 ], [ 157286.59, 378093.728 ], [ 157285.649, 378095.789999999979045 ], [ 157282.128999999986263, 378096.039999999979045 ], [ 157274.215, 378097.103 ], [ 157272.00099999998929, 378097.309 ], [ 157269.538999999989755, 378097.452999999979511 ], [ 157264.286, 378097.228 ], [ 157258.82, 378097.294999999983702 ], [ 157255.899, 378097.62 ], [ 157252.937, 378100.047000000020489 ], [ 157249.66, 378102.81 ], [ 157249.172, 378104.842 ], [ 157249.201, 378108.798 ], [ 157249.359, 378110.957999999984168 ], [ 157255.454999999987194, 378116.025000000023283 ], [ 157257.396, 378117.51 ], [ 157264.964, 378120.988000000012107 ], [ 157284.445, 378129.482000000018161 ], [ 157342.756, 378155.658999999985099 ], [ 157357.60999999998603, 378162.202999999979511 ], [ 157364.793, 378165.314000000013039 ], [ 157366.94, 378166.658 ], [ 157371.581, 378169.460000000020955 ], [ 157381.817000000010012, 378176.156000000017229 ], [ 157385.13200000001234, 378178.299999999988358 ], [ 157386.568999999988591, 378179.61099999997532 ], [ 157390.035, 378183.822999999974854 ], [ 157394.162000000011176, 378190.854999999981374 ], [ 157394.829, 378194.792000000015832 ], [ 157395.719000000011874, 378200.052000000025146 ], [ 157397.294, 378213.397999999986496 ], [ 157398.557999999989988, 378222.385 ], [ 157398.802, 378227.291000000026543 ], [ 157398.479, 378231.129000000015367 ], [ 157396.777, 378239.018999999971129 ], [ 157395.332, 378246.718999999982771 ], [ 157393.733, 378254.512999999977183 ], [ 157392.918, 378262.832 ], [ 157392.619, 378270.619 ], [ 157392.303000000014435, 378272.707999999984168 ], [ 157395.03, 378278.145000000018626 ], [ 157398.008, 378285.13900000002468 ], [ 157399.014, 378286.522 ], [ 157402.329, 378290.778999999980442 ], [ 157404.763, 378292.858 ], [ 157408.827, 378297.13900000002468 ], [ 157414.399, 378302.768999999971129 ], [ 157420.511999999987893, 378308.667000000015832 ], [ 157421.865, 378310.161000000021886 ], [ 157424.188, 378315.73499999998603 ], [ 157427.044, 378321.826 ], [ 157428.904, 378329.384000000020023 ], [ 157429.361, 378332.297000000020489 ], [ 157430.81, 378337.043 ], [ 157431.759, 378340.223 ], [ 157433.949, 378345.242000000027474 ], [ 157434.545000000012806, 378346.961000000010245 ], [ 157437.852000000013504, 378351.468 ], [ 157440.272999999986496, 378353.946 ], [ 157444.75, 378357.841000000014901 ], [ 157447.676, 378360.185999999986961 ], [ 157448.537000000011176, 378360.717 ], [ 157452.041, 378362.878000000026077 ], [ 157454.475, 378364.957 ], [ 157458.221, 378369.827999999979511 ], [ 157463.753999999986263, 378376.657 ], [ 157468.611, 378382.762999999977183 ], [ 157473.231999999989057, 378389.962 ], [ 157477.511999999987893, 378396.898999999975786 ], [ 157481.704999999987194, 378403.434 ], [ 157485.788999999989755, 378410.215000000025611 ], [ 157489.165, 378415.76500000001397 ], [ 157490.256, 378417.558000000019092 ], [ 157494.025, 378424.829000000027008 ], [ 157495.062, 378426.811999999976251 ], [ 157495.468, 378432.922000000020489 ], [ 157494.066, 378434.526000000012573 ], [ 157490.365, 378436.103 ], [ 157488.797, 378436.652 ], [ 157486.544, 378436.728 ], [ 157482.416999999986729, 378435.993000000016764 ], [ 157480.12400000001071, 378435.767999999981839 ], [ 157472.951, 378433.283 ], [ 157464.922, 378431.021 ], [ 157456.114, 378429.631999999983236 ], [ 157447.825000000011642, 378429.26 ], [ 157441.37599999998929, 378430.74800000002142 ], [ 157438.99, 378431.869 ], [ 157437.008, 378434.403 ], [ 157435.13, 378436.840000000025611 ], [ 157434.049999999988358, 378439.354 ], [ 157434.029, 378439.414999999979045 ], [ 157433.009, 378442.424999999988358 ], [ 157432.56, 378443.753000000026077 ], [ 157432.026000000012573, 378446.384000000020023 ], [ 157431.647, 378451.96999999997206 ], [ 157431.791999999986729, 378452.446999999985565 ], [ 157432.416999999986729, 378454.494 ], [ 157434.828, 378462.018999999971129 ], [ 157438.384, 378469.683000000019092 ], [ 157441.397, 378475.579000000027008 ], [ 157443.755, 378484.75199999997858 ], [ 157444.442000000010012, 378489.87300000002142 ], [ 157443.149, 378492.778999999980442 ], [ 157436.082, 378507.39000000001397 ], [ 157428.1, 378518.242000000027474 ], [ 157427.191, 378522.495 ], [ 157427.135, 378526.776000000012573 ], [ 157427.956, 378528.598 ], [ 157430.416999999986729, 378533.306999999971595 ], [ 157433.060999999986961, 378537.382999999972526 ], [ 157438.582, 378544.153999999980442 ], [ 157443.002, 378549.318000000028405 ], [ 157443.86799999998766, 378550.793 ], [ 157444.778, 378555.401000000012573 ], [ 157444.878999999986263, 378556.170999999972992 ], [ 157444.721, 378557.76500000001397 ], [ 157443.916999999986729, 378564.674 ], [ 157443.536, 378567.197999999974854 ], [ 157442.794, 378570.917000000015832 ], [ 157442.50700000001234, 378572.363000000012107 ], [ 157441.787000000011176, 378575.549 ], [ 157439.752, 378581.843999999982771 ], [ 157437.26, 378589.695 ], [ 157434.631, 378597.831 ], [ 157432.114, 378604.71999999997206 ], [ 157429.98499999998603, 378610.196 ], [ 157428.301, 378615.729999999981374 ], [ 157428.480000000010477, 378621.303000000014435 ], [ 157430.399, 378626.294999999983702 ], [ 157434.096, 378630.81 ], [ 157444.935999999986961, 378643.971000000019558 ], [ 157448.616, 378648.612000000022817 ], [ 157452.34, 378653.306999999971595 ], [ 157461.356999999989057, 378666.131 ], [ 157472.097, 378680.439000000013039 ], [ 157477.738000000012107, 378687.425999999977648 ], [ 157489.114, 378701.516 ], [ 157495.305, 378709.331 ], [ 157504.61799999998766, 378716.038 ], [ 157519.907, 378727.202999999979511 ], [ 157523.988000000012107, 378730.441 ], [ 157527.585, 378733.294 ], [ 157534.848, 378741.400000000023283 ], [ 157540.01, 378747.064000000013039 ], [ 157543.701, 378753.547000000020489 ], [ 157547.367, 378760.228 ], [ 157549.017, 378764.579000000027008 ], [ 157555.503, 378787.28000000002794 ], [ 157557.355000000010477, 378793.76400000002468 ], [ 157559.824, 378802.257999999972526 ], [ 157559.700000000011642, 378804.36099999997532 ], [ 157557.198, 378808.830000000016298 ], [ 157554.663, 378810.468999999982771 ], [ 157546.15, 378812.292000000015832 ], [ 157536.509, 378813.868000000016764 ], [ 157529.159000000014203, 378815.287000000011176 ], [ 157524.902, 378816.197999999974854 ], [ 157522.465999999985797, 378817.849999999976717 ], [ 157518.685, 378821.295999999972992 ], [ 157515.797, 378827.935 ], [ 157514.787000000011176, 378834.11099999997532 ], [ 157515.943, 378837.994 ], [ 157519.671, 378841.505 ], [ 157525.723999999987427, 378845.367000000027474 ], [ 157529.299999999988358, 378847.343999999982771 ], [ 157542.133, 378850.673 ], [ 157549.193, 378853.158999999985099 ], [ 157551.200000000011642, 378853.865999999979977 ], [ 157552.972, 378854.548 ], [ 157557.924, 378856.452999999979511 ], [ 157560.263, 378857.666000000026543 ], [ 157562.459, 378858.806999999971595 ], [ 157566.712, 378861.78000000002794 ], [ 157569.723999999987427, 378864.592 ], [ 157573.964, 378869.582 ], [ 157576.174999999988358, 378871.963999999978114 ], [ 157578.651000000012573, 378874.63 ], [ 157582.844000000011874, 378880.37 ], [ 157586.166999999986729, 378886.200000000011642 ], [ 157585.810999999986961, 378890.846000000019558 ], [ 157584.102000000013504, 378892.340000000025611 ], [ 157581.793, 378893.403 ], [ 157575.88, 378894.25099999998929 ], [ 157568.87, 378893.847 ], [ 157560.548, 378892.667000000015832 ], [ 157553.967, 378892.066999999980908 ], [ 157551.019999999989523, 378892.995999999984633 ], [ 157549.6, 378893.821 ], [ 157549.318, 378894.446999999985565 ], [ 157547.75099999998929, 378897.920999999972992 ], [ 157546.883, 378905.326 ], [ 157546.666999999986729, 378913.522999999986496 ], [ 157546.918, 378920.468 ], [ 157547.391, 378924.908 ], [ 157547.665, 378927.477000000013504 ], [ 157548.908, 378935.711000000010245 ], [ 157549.286, 378937.696 ], [ 157550.672, 378944.971000000019558 ], [ 157560.481999999989057, 378956.050999999977648 ], [ 157562.934, 378958.821 ], [ 157568.91, 378966.357000000018161 ], [ 157584.291, 378986.06 ], [ 157593.670000000012806, 378998.427000000025146 ], [ 157596.317000000010012, 379002.099999999976717 ], [ 157596.803000000014435, 379003.045999999972992 ], [ 157609.185999999986961, 379027.136 ], [ 157609.988000000012107, 379028.696 ], [ 157616.181000000011409, 379041.506999999983236 ], [ 157623.776000000012573, 379054.398999999975786 ], [ 157629.503, 379063.063000000023749 ], [ 157631.752, 379066.294999999983702 ], [ 157632.051, 379066.723999999987427 ], [ 157637.049999999988358, 379069.39000000001397 ], [ 157642.01500000001397, 379070.386 ], [ 157649.6, 379070.23499999998603 ], [ 157650.109, 379070.224999999976717 ], [ 157654.557, 379067.938000000023749 ], [ 157666.579999999987194, 379062.722 ], [ 157671.848, 379063.10999999998603 ], [ 157671.977000000013504, 379063.119 ], [ 157676.698, 379065.598 ], [ 157680.363000000012107, 379069.201 ], [ 157680.989, 379070.50099999998929 ], [ 157682.981, 379074.636999999987893 ], [ 157680.856999999989057, 379089.700000000011642 ], [ 157680.006, 379097.945 ], [ 157679.987, 379098.125 ], [ 157679.726, 379100.653999999980442 ], [ 157679.684, 379105.593 ], [ 157680.386, 379109.325000000011642 ], [ 157680.725, 379111.12699999997858 ], [ 157683.426, 379116.32 ], [ 157685.438, 379121.37400000001071 ], [ 157688.494, 379130.922000000020489 ], [ 157688.875, 379132.113000000012107 ], [ 157690.972, 379139.599999999976717 ], [ 157700.855000000010477, 379148.041000000026543 ], [ 157703.996000000013737, 379150.723 ], [ 157717.528, 379161.810999999986961 ], [ 157724.389, 379167.856000000028871 ], [ 157730.420000000012806, 379173.169999999983702 ], [ 157736.327, 379178.527 ], [ 157741.81, 379184.435 ], [ 157752.663, 379196.336000000010245 ], [ 157757.442000000010012, 379202.607000000018161 ], [ 157760.821999999985565, 379207.232000000018161 ], [ 157762.093, 379209.466000000014901 ], [ 157761.986, 379212.621999999973923 ], [ 157761.973, 379212.984 ], [ 157758.759, 379217.441 ], [ 157758.059, 379218.409999999974389 ], [ 157744.185, 379237.642999999981839 ], [ 157743.89000000001397, 379243.392999999981839 ], [ 157746.718, 379248.392 ], [ 157757.24, 379254.272999999986496 ], [ 157765.672, 379258.973 ], [ 157769.166, 379260.919999999983702 ], [ 157773.575000000011642, 379263.982000000018161 ], [ 157782.456, 379270.811999999976251 ], [ 157784.036, 379273.00099999998929 ], [ 157788.69, 379279.450000000011642 ], [ 157796.25099999998929, 379291.685 ], [ 157804.684, 379303.495 ], [ 157809.912000000011176, 379309.302000000025146 ], [ 157814.306000000011409, 379303.457 ], [ 157828.323, 379284.808000000019092 ], [ 157838.496000000013737, 379271.275000000023283 ], [ 157890.973999999987427, 379295.653999999980442 ], [ 157891.480000000010477, 379295.89000000001397 ], [ 157971.450000000011642, 379296.960000000020955 ], [ 158021.432, 379283.996999999973923 ], [ 158045.36799999998766, 379277.788999999989755 ], [ 158060.293, 379250.770000000018626 ], [ 158063.392, 379242.670999999972992 ], [ 158064.529, 379233.158999999985099 ], [ 158061.144999999989523, 379213.871999999973923 ], [ 158061.688, 379213.371999999973923 ], [ 158062.843, 379212.309 ], [ 158087.889, 379239.783 ], [ 158090.076, 379242.39000000001397 ], [ 158091.784000000014203, 379243.811999999976251 ], [ 158093.538999999989755, 379244.582999999984168 ], [ 158104.355000000010477, 379246.672000000020489 ], [ 158117.54, 379248.816 ], [ 158135.461000000010245, 379252.434 ], [ 158145.951, 379253.663999999989755 ], [ 158161.391, 379256.957999999984168 ], [ 158171.402, 379259.684 ], [ 158183.253999999986263, 379261.677000000025146 ], [ 158193.998, 379263.50199999997858 ], [ 158201.335, 379264.509000000020023 ], [ 158211.063, 379265.422000000020489 ], [ 158222.373, 379267.836000000010245 ], [ 158230.018000000010943, 379270.585000000020955 ], [ 158237.084, 379274.424999999988358 ], [ 158241.202, 379277.707999999984168 ], [ 158255.571, 379286.474999999976717 ], [ 158273.420000000012806, 379296.727000000013504 ], [ 158294.627, 379311.316 ], [ 158316.603, 379329.143999999971129 ], [ 158321.408, 379333.266 ], [ 158334.204999999987194, 379344.242000000027474 ], [ 158344.878, 379352.78000000002794 ], [ 158350.831, 379358.753000000026077 ], [ 158353.873, 379362.738000000012107 ], [ 158357.469000000011874, 379367.924 ], [ 158359.155, 379371.62599999998929 ], [ 158361.598999999987427, 379380.277 ], [ 158361.636, 379380.506 ], [ 158362.589, 379386.37400000001071 ], [ 158365.976, 379400.516 ], [ 158368.154, 379410.740999999979977 ], [ 158369.871000000013737, 379418.805 ], [ 158372.921, 379432.413 ], [ 158373.397, 379434.342 ], [ 158374.884, 379440.37 ], [ 158378.1537, 379450.6997 ], [ 158378.488000000012107, 379451.756 ], [ 158381.478, 379461.892999999981839 ], [ 158382.37, 379463.053000000014435 ], [ 158388.469000000011874, 379465.696 ], [ 158388.174999999988358, 379466.240999999979977 ], [ 158391.045000000012806, 379467.392 ], [ 158395.09, 379469.200000000011642 ], [ 158407.07, 379478.821999999985565 ], [ 158410.136, 379478.206 ], [ 158417.85, 379482.297000000020489 ], [ 158418.35, 379483.688000000023749 ], [ 158416.498, 379492.768999999971129 ], [ 158414.824, 379501.746999999973923 ], [ 158409.644, 379530.683000000019092 ], [ 158408.673, 379538.237000000022817 ], [ 158436.758, 379538.987000000022817 ], [ 158879.806000000011409, 379551.568000000028405 ], [ 158882.583000000013271, 379553.637999999977183 ], [ 158884.291999999986729, 379553.691 ], [ 159141.259, 379561.663999999989755 ], [ 159260.6, 379565.403 ], [ 159473.073, 379569.434 ], [ 159476.06, 379563.017 ], [ 159484.12, 379545.697999999974854 ], [ 159488.597, 379536.077999999979511 ], [ 159488.622, 379536.025000000023283 ], [ 159490.956, 379531.009000000020023 ], [ 159491.13200000001234, 379530.631999999983236 ], [ 159502.487, 379535.212 ], [ 159507.071999999985565, 379537.060999999986961 ], [ 159507.268000000010943, 379537.14000000001397 ], [ 159552.503999999986263, 379555.385 ], [ 159552.079999999987194, 379556.223 ], [ 159575.75, 379566.346000000019558 ], [ 159593.294, 379573.848999999987427 ], [ 159613.835, 379574.433000000019092 ], [ 159616.885, 379567.516 ] ] ] ] } }
]
}
